path,bytes,source_or_regeneration
data/cwru/100.mat,7770624,Case Western Reserve University Bearing Data Center; data_prep/download_cwru.py
data/cwru/105.mat,2910768,Case Western Reserve University Bearing Data Center; data_prep/download_cwru.py
data/cwru/106.mat,2928192,Case Western Reserve University Bearing Data Center; data_prep/download_cwru.py
data/cwru/107.mat,2931672,Case Western Reserve University Bearing Data Center; data_prep/download_cwru.py
data/cwru/108.mat,2950416,Case Western Reserve University Bearing Data Center; data_prep/download_cwru.py
data/cwru/118.mat,2942112,Case Western Reserve University Bearing Data Center; data_prep/download_cwru.py
data/cwru/119.mat,2914248,Case Western Reserve University Bearing Data Center; data_prep/download_cwru.py
data/cwru/120.mat,2917752,Case Western Reserve University Bearing Data Center; data_prep/download_cwru.py
data/cwru/121.mat,2917752,Case Western Reserve University Bearing Data Center; data_prep/download_cwru.py
data/cwru/130.mat,2928192,Case Western Reserve University Bearing Data Center; data_prep/download_cwru.py
data/cwru/131.mat,2938632,Case Western Reserve University Bearing Data Center; data_prep/download_cwru.py
data/cwru/132.mat,2914248,Case Western Reserve University Bearing Data Center; data_prep/download_cwru.py
data/cwru/133.mat,2942112,Case Western Reserve University Bearing Data Center; data_prep/download_cwru.py
data/cwru/144.mat,2935152,Case Western Reserve University Bearing Data Center; data_prep/download_cwru.py
data/cwru/145.mat,2924712,Case Western Reserve University Bearing Data Center; data_prep/download_cwru.py
data/cwru/146.mat,2917752,Case Western Reserve University Bearing Data Center; data_prep/download_cwru.py
data/cwru/147.mat,2935152,Case Western Reserve University Bearing Data Center; data_prep/download_cwru.py
data/cwru/156.mat,2935152,Case Western Reserve University Bearing Data Center; data_prep/download_cwru.py
data/cwru/158.mat,2928192,Case Western Reserve University Bearing Data Center; data_prep/download_cwru.py
data/cwru/159.mat,2935152,Case Western Reserve University Bearing Data Center; data_prep/download_cwru.py
data/cwru/160.mat,2931672,Case Western Reserve University Bearing Data Center; data_prep/download_cwru.py
data/cwru/169.mat,2924712,Case Western Reserve University Bearing Data Center; data_prep/download_cwru.py
data/cwru/170.mat,2924712,Case Western Reserve University Bearing Data Center; data_prep/download_cwru.py
data/cwru/171.mat,2924712,Case Western Reserve University Bearing Data Center; data_prep/download_cwru.py
data/cwru/172.mat,2921232,Case Western Reserve University Bearing Data Center; data_prep/download_cwru.py
data/cwru/185.mat,2924712,Case Western Reserve University Bearing Data Center; data_prep/download_cwru.py
data/cwru/186.mat,2931672,Case Western Reserve University Bearing Data Center; data_prep/download_cwru.py
data/cwru/187.mat,2928192,Case Western Reserve University Bearing Data Center; data_prep/download_cwru.py
data/cwru/188.mat,2931672,Case Western Reserve University Bearing Data Center; data_prep/download_cwru.py
data/cwru/197.mat,2924712,Case Western Reserve University Bearing Data Center; data_prep/download_cwru.py
data/cwru/198.mat,2931672,Case Western Reserve University Bearing Data Center; data_prep/download_cwru.py
data/cwru/199.mat,2924712,Case Western Reserve University Bearing Data Center; data_prep/download_cwru.py
data/cwru/200.mat,2928192,Case Western Reserve University Bearing Data Center; data_prep/download_cwru.py
data/cwru/209.mat,2931672,Case Western Reserve University Bearing Data Center; data_prep/download_cwru.py
data/cwru/210.mat,2917752,Case Western Reserve University Bearing Data Center; data_prep/download_cwru.py
data/cwru/211.mat,2924712,Case Western Reserve University Bearing Data Center; data_prep/download_cwru.py
data/cwru/212.mat,2928192,Case Western Reserve University Bearing Data Center; data_prep/download_cwru.py
data/cwru/222.mat,2928192,Case Western Reserve University Bearing Data Center; data_prep/download_cwru.py
data/cwru/223.mat,2921232,Case Western Reserve University Bearing Data Center; data_prep/download_cwru.py
data/cwru/224.mat,2931672,Case Western Reserve University Bearing Data Center; data_prep/download_cwru.py
data/cwru/225.mat,2931672,Case Western Reserve University Bearing Data Center; data_prep/download_cwru.py
data/cwru/234.mat,2938632,Case Western Reserve University Bearing Data Center; data_prep/download_cwru.py
data/cwru/235.mat,2928192,Case Western Reserve University Bearing Data Center; data_prep/download_cwru.py
data/cwru/236.mat,2935152,Case Western Reserve University Bearing Data Center; data_prep/download_cwru.py
data/cwru/237.mat,2928192,Case Western Reserve University Bearing Data Center; data_prep/download_cwru.py
data/cwru/246.mat,2921232,Case Western Reserve University Bearing Data Center; data_prep/download_cwru.py
data/cwru/247.mat,2928192,Case Western Reserve University Bearing Data Center; data_prep/download_cwru.py
data/cwru/248.mat,2935152,Case Western Reserve University Bearing Data Center; data_prep/download_cwru.py
data/cwru/249.mat,2931672,Case Western Reserve University Bearing Data Center; data_prep/download_cwru.py
data/cwru/258.mat,2924712,Case Western Reserve University Bearing Data Center; data_prep/download_cwru.py
data/cwru/259.mat,2938632,Case Western Reserve University Bearing Data Center; data_prep/download_cwru.py
data/cwru/260.mat,2945592,Case Western Reserve University Bearing Data Center; data_prep/download_cwru.py
data/cwru/261.mat,2921232,Case Western Reserve University Bearing Data Center; data_prep/download_cwru.py
data/cwru/3001.mat,966608,Case Western Reserve University Bearing Data Center; data_prep/download_cwru.py
data/cwru/3002.mat,971008,Case Western Reserve University Bearing Data Center; data_prep/download_cwru.py
data/cwru/3003.mat,971008,Case Western Reserve University Bearing Data Center; data_prep/download_cwru.py
data/cwru/3004.mat,972480,Case Western Reserve University Bearing Data Center; data_prep/download_cwru.py
data/cwru/3005.mat,966608,Case Western Reserve University Bearing Data Center; data_prep/download_cwru.py
data/cwru/3006.mat,971008,Case Western Reserve University Bearing Data Center; data_prep/download_cwru.py
data/cwru/3007.mat,968072,Case Western Reserve University Bearing Data Center; data_prep/download_cwru.py
data/cwru/3008.mat,968072,Case Western Reserve University Bearing Data Center; data_prep/download_cwru.py
data/cwru/97.mat,3903344,Case Western Reserve University Bearing Data Center; data_prep/download_cwru.py
data/cwru/98.mat,7742720,Case Western Reserve University Bearing Data Center; data_prep/download_cwru.py
data/cwru/99.mat,15503928,Case Western Reserve University Bearing Data Center; data_prep/download_cwru.py
data/cwru_fe/270.mat,2908440,Case Western 12k fan-end fault data (engineering.case.edu/bearingdatacenter)
data/cwru_fe/271.mat,2908440,Case Western 12k fan-end fault data (engineering.case.edu/bearingdatacenter)
data/cwru_fe/272.mat,2904024,Case Western 12k fan-end fault data (engineering.case.edu/bearingdatacenter)
data/cwru_fe/273.mat,2908440,Case Western 12k fan-end fault data (engineering.case.edu/bearingdatacenter)
data/cwru_fe/274.mat,2912832,Case Western 12k fan-end fault data (engineering.case.edu/bearingdatacenter)
data/cwru_fe/275.mat,2912832,Case Western 12k fan-end fault data (engineering.case.edu/bearingdatacenter)
data/cwru_fe/276.mat,2912832,Case Western 12k fan-end fault data (engineering.case.edu/bearingdatacenter)
data/cwru_fe/277.mat,2928496,Case Western 12k fan-end fault data (engineering.case.edu/bearingdatacenter)
data/cwru_fe/278.mat,2937304,Case Western 12k fan-end fault data (engineering.case.edu/bearingdatacenter)
data/cwru_fe/279.mat,2912832,Case Western 12k fan-end fault data (engineering.case.edu/bearingdatacenter)
data/cwru_fe/280.mat,2912832,Case Western 12k fan-end fault data (engineering.case.edu/bearingdatacenter)
data/cwru_fe/281.mat,2917248,Case Western 12k fan-end fault data (engineering.case.edu/bearingdatacenter)
data/cwru_fe/282.mat,2908440,Case Western 12k fan-end fault data (engineering.case.edu/bearingdatacenter)
data/cwru_fe/283.mat,2899632,Case Western 12k fan-end fault data (engineering.case.edu/bearingdatacenter)
data/cwru_fe/284.mat,2921664,Case Western 12k fan-end fault data (engineering.case.edu/bearingdatacenter)
data/cwru_fe/285.mat,2908440,Case Western 12k fan-end fault data (engineering.case.edu/bearingdatacenter)
data/cwru_fe/286.mat,2930472,Case Western 12k fan-end fault data (engineering.case.edu/bearingdatacenter)
data/cwru_fe/287.mat,2921664,Case Western 12k fan-end fault data (engineering.case.edu/bearingdatacenter)
data/cwru_fe/288.mat,2934864,Case Western 12k fan-end fault data (engineering.case.edu/bearingdatacenter)
data/cwru_fe/289.mat,2908440,Case Western 12k fan-end fault data (engineering.case.edu/bearingdatacenter)
data/cwru_fe/290.mat,2912832,Case Western 12k fan-end fault data (engineering.case.edu/bearingdatacenter)
data/cwru_fe/291.mat,2912832,Case Western 12k fan-end fault data (engineering.case.edu/bearingdatacenter)
data/cwru_fe/292.mat,2917248,Case Western 12k fan-end fault data (engineering.case.edu/bearingdatacenter)
data/cwru_fe/293.mat,2899632,Case Western 12k fan-end fault data (engineering.case.edu/bearingdatacenter)
data/cwru_fe/294.mat,2908440,Case Western 12k fan-end fault data (engineering.case.edu/bearingdatacenter)
data/cwru_fe/295.mat,2917248,Case Western 12k fan-end fault data (engineering.case.edu/bearingdatacenter)
data/cwru_fe/296.mat,2908440,Case Western 12k fan-end fault data (engineering.case.edu/bearingdatacenter)
data/cwru_fe/297.mat,2926056,Case Western 12k fan-end fault data (engineering.case.edu/bearingdatacenter)
data/cwru_fe/298.mat,2904024,Case Western 12k fan-end fault data (engineering.case.edu/bearingdatacenter)
data/cwru_fe/299.mat,2908440,Case Western 12k fan-end fault data (engineering.case.edu/bearingdatacenter)
data/cwru_fe/300.mat,2926056,Case Western 12k fan-end fault data (engineering.case.edu/bearingdatacenter)
data/cwru_fe/301.mat,2921664,Case Western 12k fan-end fault data (engineering.case.edu/bearingdatacenter)
data/cwru_fe/302.mat,2908440,Case Western 12k fan-end fault data (engineering.case.edu/bearingdatacenter)
data/cwru_fe/305.mat,2904024,Case Western 12k fan-end fault data (engineering.case.edu/bearingdatacenter)
data/cwru_fe/306.mat,2921664,Case Western 12k fan-end fault data (engineering.case.edu/bearingdatacenter)
data/cwru_fe/307.mat,2908440,Case Western 12k fan-end fault data (engineering.case.edu/bearingdatacenter)
data/cwru_fe/309.mat,2908440,Case Western 12k fan-end fault data (engineering.case.edu/bearingdatacenter)
data/cwru_fe/310.mat,2917248,Case Western 12k fan-end fault data (engineering.case.edu/bearingdatacenter)
data/cwru_fe/311.mat,2904024,Case Western 12k fan-end fault data (engineering.case.edu/bearingdatacenter)
data/cwru_fe/312.mat,2904024,Case Western 12k fan-end fault data (engineering.case.edu/bearingdatacenter)
data/cwru_fe/313.mat,2904024,Case Western 12k fan-end fault data (engineering.case.edu/bearingdatacenter)
data/cwru_fe/315.mat,2895216,Case Western 12k fan-end fault data (engineering.case.edu/bearingdatacenter)
data/cwru_fe/316.mat,2895216,Case Western 12k fan-end fault data (engineering.case.edu/bearingdatacenter)
data/cwru_fe/317.mat,2895216,Case Western 12k fan-end fault data (engineering.case.edu/bearingdatacenter)
data/cwru_fe/318.mat,2912832,Case Western 12k fan-end fault data (engineering.case.edu/bearingdatacenter)
data/cwru_fe/SHA256SUMS,3330,Case Western 12k fan-end fault data (engineering.case.edu/bearingdatacenter)
data/hust/hust_v3.zip,696985660,"HUST bearing, Mendeley Data cbv7jyx4p9 (CC BY 4.0)"
data/hust/raw/B500.mat,7450484,"HUST bearing, Mendeley Data cbv7jyx4p9 (CC BY 4.0)"
data/hust/raw/B502.mat,6600037,"HUST bearing, Mendeley Data cbv7jyx4p9 (CC BY 4.0)"
data/hust/raw/B504.mat,6573642,"HUST bearing, Mendeley Data cbv7jyx4p9 (CC BY 4.0)"
data/hust/raw/B600.mat,7469112,"HUST bearing, Mendeley Data cbv7jyx4p9 (CC BY 4.0)"
data/hust/raw/B602.mat,5887202,"HUST bearing, Mendeley Data cbv7jyx4p9 (CC BY 4.0)"
data/hust/raw/B604.mat,5684550,"HUST bearing, Mendeley Data cbv7jyx4p9 (CC BY 4.0)"
data/hust/raw/B700.mat,7510525,"HUST bearing, Mendeley Data cbv7jyx4p9 (CC BY 4.0)"
data/hust/raw/B702.mat,6636350,"HUST bearing, Mendeley Data cbv7jyx4p9 (CC BY 4.0)"
data/hust/raw/B704.mat,6556435,"HUST bearing, Mendeley Data cbv7jyx4p9 (CC BY 4.0)"
data/hust/raw/B800.mat,5431906,"HUST bearing, Mendeley Data cbv7jyx4p9 (CC BY 4.0)"
data/hust/raw/B802.mat,6029263,"HUST bearing, Mendeley Data cbv7jyx4p9 (CC BY 4.0)"
data/hust/raw/B804.mat,4066850,"HUST bearing, Mendeley Data cbv7jyx4p9 (CC BY 4.0)"
data/hust/raw/I400.mat,7421553,"HUST bearing, Mendeley Data cbv7jyx4p9 (CC BY 4.0)"
data/hust/raw/I402.mat,6566469,"HUST bearing, Mendeley Data cbv7jyx4p9 (CC BY 4.0)"
data/hust/raw/I404.mat,6547409,"HUST bearing, Mendeley Data cbv7jyx4p9 (CC BY 4.0)"
data/hust/raw/I500.mat,6563519,"HUST bearing, Mendeley Data cbv7jyx4p9 (CC BY 4.0)"
data/hust/raw/I502.mat,6539699,"HUST bearing, Mendeley Data cbv7jyx4p9 (CC BY 4.0)"
data/hust/raw/I504.mat,6622776,"HUST bearing, Mendeley Data cbv7jyx4p9 (CC BY 4.0)"
data/hust/raw/I600.mat,7481722,"HUST bearing, Mendeley Data cbv7jyx4p9 (CC BY 4.0)"
data/hust/raw/I602.mat,7464612,"HUST bearing, Mendeley Data cbv7jyx4p9 (CC BY 4.0)"
data/hust/raw/I604.mat,7480152,"HUST bearing, Mendeley Data cbv7jyx4p9 (CC BY 4.0)"
data/hust/raw/I700.mat,7446556,"HUST bearing, Mendeley Data cbv7jyx4p9 (CC BY 4.0)"
data/hust/raw/I702.mat,6587705,"HUST bearing, Mendeley Data cbv7jyx4p9 (CC BY 4.0)"
data/hust/raw/I704.mat,7392936,"HUST bearing, Mendeley Data cbv7jyx4p9 (CC BY 4.0)"
data/hust/raw/I800.mat,6636062,"HUST bearing, Mendeley Data cbv7jyx4p9 (CC BY 4.0)"
data/hust/raw/I802.mat,6625416,"HUST bearing, Mendeley Data cbv7jyx4p9 (CC BY 4.0)"
data/hust/raw/I804.mat,6594564,"HUST bearing, Mendeley Data cbv7jyx4p9 (CC BY 4.0)"
data/hust/raw/IB500.mat,6635485,"HUST bearing, Mendeley Data cbv7jyx4p9 (CC BY 4.0)"
data/hust/raw/IB502.mat,6641740,"HUST bearing, Mendeley Data cbv7jyx4p9 (CC BY 4.0)"
data/hust/raw/IB504.mat,6631348,"HUST bearing, Mendeley Data cbv7jyx4p9 (CC BY 4.0)"
data/hust/raw/IB600.mat,7815428,"HUST bearing, Mendeley Data cbv7jyx4p9 (CC BY 4.0)"
data/hust/raw/IB602.mat,7497004,"HUST bearing, Mendeley Data cbv7jyx4p9 (CC BY 4.0)"
data/hust/raw/IB604.mat,7481404,"HUST bearing, Mendeley Data cbv7jyx4p9 (CC BY 4.0)"
data/hust/raw/IB700.mat,7457228,"HUST bearing, Mendeley Data cbv7jyx4p9 (CC BY 4.0)"
data/hust/raw/IB702.mat,7407890,"HUST bearing, Mendeley Data cbv7jyx4p9 (CC BY 4.0)"
data/hust/raw/IB704.mat,7433298,"HUST bearing, Mendeley Data cbv7jyx4p9 (CC BY 4.0)"
data/hust/raw/IB800.mat,6631704,"HUST bearing, Mendeley Data cbv7jyx4p9 (CC BY 4.0)"
data/hust/raw/IB802.mat,6605955,"HUST bearing, Mendeley Data cbv7jyx4p9 (CC BY 4.0)"
data/hust/raw/IB804.mat,6564565,"HUST bearing, Mendeley Data cbv7jyx4p9 (CC BY 4.0)"
data/hust/raw/IO400.mat,7446077,"HUST bearing, Mendeley Data cbv7jyx4p9 (CC BY 4.0)"
data/hust/raw/IO402.mat,7447113,"HUST bearing, Mendeley Data cbv7jyx4p9 (CC BY 4.0)"
data/hust/raw/IO404.mat,7431263,"HUST bearing, Mendeley Data cbv7jyx4p9 (CC BY 4.0)"
data/hust/raw/IO500.mat,6562837,"HUST bearing, Mendeley Data cbv7jyx4p9 (CC BY 4.0)"
data/hust/raw/IO502.mat,6579863,"HUST bearing, Mendeley Data cbv7jyx4p9 (CC BY 4.0)"
data/hust/raw/IO504.mat,6532250,"HUST bearing, Mendeley Data cbv7jyx4p9 (CC BY 4.0)"
data/hust/raw/IO600.mat,7442925,"HUST bearing, Mendeley Data cbv7jyx4p9 (CC BY 4.0)"
data/hust/raw/IO602.mat,7449450,"HUST bearing, Mendeley Data cbv7jyx4p9 (CC BY 4.0)"
data/hust/raw/IO604.mat,7363292,"HUST bearing, Mendeley Data cbv7jyx4p9 (CC BY 4.0)"
data/hust/raw/IO700.mat,7467806,"HUST bearing, Mendeley Data cbv7jyx4p9 (CC BY 4.0)"
data/hust/raw/IO702.mat,6614916,"HUST bearing, Mendeley Data cbv7jyx4p9 (CC BY 4.0)"
data/hust/raw/IO704.mat,6610181,"HUST bearing, Mendeley Data cbv7jyx4p9 (CC BY 4.0)"
data/hust/raw/IO800.mat,6628182,"HUST bearing, Mendeley Data cbv7jyx4p9 (CC BY 4.0)"
data/hust/raw/IO802.mat,6572665,"HUST bearing, Mendeley Data cbv7jyx4p9 (CC BY 4.0)"
data/hust/raw/IO804.mat,6580997,"HUST bearing, Mendeley Data cbv7jyx4p9 (CC BY 4.0)"
data/hust/raw/N400.mat,6572346,"HUST bearing, Mendeley Data cbv7jyx4p9 (CC BY 4.0)"
data/hust/raw/N402.mat,6545519,"HUST bearing, Mendeley Data cbv7jyx4p9 (CC BY 4.0)"
data/hust/raw/N404.mat,6548930,"HUST bearing, Mendeley Data cbv7jyx4p9 (CC BY 4.0)"
data/hust/raw/N500.mat,6559874,"HUST bearing, Mendeley Data cbv7jyx4p9 (CC BY 4.0)"
data/hust/raw/N502.mat,6519789,"HUST bearing, Mendeley Data cbv7jyx4p9 (CC BY 4.0)"
data/hust/raw/N504.mat,6461204,"HUST bearing, Mendeley Data cbv7jyx4p9 (CC BY 4.0)"
data/hust/raw/N600.mat,7432268,"HUST bearing, Mendeley Data cbv7jyx4p9 (CC BY 4.0)"
data/hust/raw/N602.mat,7373194,"HUST bearing, Mendeley Data cbv7jyx4p9 (CC BY 4.0)"
data/hust/raw/N604.mat,7423968,"HUST bearing, Mendeley Data cbv7jyx4p9 (CC BY 4.0)"
data/hust/raw/N700.mat,7424017,"HUST bearing, Mendeley Data cbv7jyx4p9 (CC BY 4.0)"
data/hust/raw/N702.mat,6570851,"HUST bearing, Mendeley Data cbv7jyx4p9 (CC BY 4.0)"
data/hust/raw/N704.mat,6550268,"HUST bearing, Mendeley Data cbv7jyx4p9 (CC BY 4.0)"
data/hust/raw/N800.mat,6585195,"HUST bearing, Mendeley Data cbv7jyx4p9 (CC BY 4.0)"
data/hust/raw/N802.mat,6555782,"HUST bearing, Mendeley Data cbv7jyx4p9 (CC BY 4.0)"
data/hust/raw/N804.mat,6460642,"HUST bearing, Mendeley Data cbv7jyx4p9 (CC BY 4.0)"
data/hust/raw/O400.mat,6587908,"HUST bearing, Mendeley Data cbv7jyx4p9 (CC BY 4.0)"
data/hust/raw/O402.mat,6554615,"HUST bearing, Mendeley Data cbv7jyx4p9 (CC BY 4.0)"
data/hust/raw/O404.mat,6594529,"HUST bearing, Mendeley Data cbv7jyx4p9 (CC BY 4.0)"
data/hust/raw/O500.mat,6527010,"HUST bearing, Mendeley Data cbv7jyx4p9 (CC BY 4.0)"
data/hust/raw/O502.mat,6552919,"HUST bearing, Mendeley Data cbv7jyx4p9 (CC BY 4.0)"
data/hust/raw/O504.mat,6550430,"HUST bearing, Mendeley Data cbv7jyx4p9 (CC BY 4.0)"
data/hust/raw/O600.mat,7410507,"HUST bearing, Mendeley Data cbv7jyx4p9 (CC BY 4.0)"
data/hust/raw/O602.mat,7423397,"HUST bearing, Mendeley Data cbv7jyx4p9 (CC BY 4.0)"
data/hust/raw/O604.mat,7447983,"HUST bearing, Mendeley Data cbv7jyx4p9 (CC BY 4.0)"
data/hust/raw/O700.mat,7465781,"HUST bearing, Mendeley Data cbv7jyx4p9 (CC BY 4.0)"
data/hust/raw/O702.mat,7424384,"HUST bearing, Mendeley Data cbv7jyx4p9 (CC BY 4.0)"
data/hust/raw/O704.mat,7417897,"HUST bearing, Mendeley Data cbv7jyx4p9 (CC BY 4.0)"
data/hust/raw/O800.mat,6527285,"HUST bearing, Mendeley Data cbv7jyx4p9 (CC BY 4.0)"
data/hust/raw/O802.mat,6592743,"HUST bearing, Mendeley Data cbv7jyx4p9 (CC BY 4.0)"
data/hust/raw/O804.mat,6548316,"HUST bearing, Mendeley Data cbv7jyx4p9 (CC BY 4.0)"
data/hust/raw/OB400.mat,3583953,"HUST bearing, Mendeley Data cbv7jyx4p9 (CC BY 4.0)"
data/hust/raw/OB402.mat,4427041,"HUST bearing, Mendeley Data cbv7jyx4p9 (CC BY 4.0)"
data/hust/raw/OB404.mat,5670367,"HUST bearing, Mendeley Data cbv7jyx4p9 (CC BY 4.0)"
data/hust/raw/OB500.mat,7449734,"HUST bearing, Mendeley Data cbv7jyx4p9 (CC BY 4.0)"
data/hust/raw/OB502.mat,7473770,"HUST bearing, Mendeley Data cbv7jyx4p9 (CC BY 4.0)"
data/hust/raw/OB504.mat,7418746,"HUST bearing, Mendeley Data cbv7jyx4p9 (CC BY 4.0)"
data/hust/raw/OB600.mat,7479837,"HUST bearing, Mendeley Data cbv7jyx4p9 (CC BY 4.0)"
data/hust/raw/OB602.mat,7461326,"HUST bearing, Mendeley Data cbv7jyx4p9 (CC BY 4.0)"
data/hust/raw/OB604.mat,7435105,"HUST bearing, Mendeley Data cbv7jyx4p9 (CC BY 4.0)"
data/hust/raw/OB700.mat,7499801,"HUST bearing, Mendeley Data cbv7jyx4p9 (CC BY 4.0)"
data/hust/raw/OB702.mat,6604523,"HUST bearing, Mendeley Data cbv7jyx4p9 (CC BY 4.0)"
data/hust/raw/OB704.mat,6544251,"HUST bearing, Mendeley Data cbv7jyx4p9 (CC BY 4.0)"
data/hust/raw/OB800.mat,6610341,"HUST bearing, Mendeley Data cbv7jyx4p9 (CC BY 4.0)"
data/hust/raw/OB802.mat,6545008,"HUST bearing, Mendeley Data cbv7jyx4p9 (CC BY 4.0)"
data/hust/raw/OB804.mat,4550753,"HUST bearing, Mendeley Data cbv7jyx4p9 (CC BY 4.0)"
data/jnu/ib1000_2.csv,4329871,Jiangnan University bearing dataset (public mirror)
data/jnu/ib600_2.csv,4360380,Jiangnan University bearing dataset (public mirror)
data/jnu/ib800_2.csv,4385354,Jiangnan University bearing dataset (public mirror)
data/jnu/n1000_3_2.csv,12754576,Jiangnan University bearing dataset (public mirror)
data/jnu/n600_3_2.csv,13619397,Jiangnan University bearing dataset (public mirror)
data/jnu/n800_3_2.csv,12914313,Jiangnan University bearing dataset (public mirror)
data/jnu/ob1000_2.csv,4257863,Jiangnan University bearing dataset (public mirror)
data/jnu/ob600_2.csv,4493623,Jiangnan University bearing dataset (public mirror)
data/jnu/ob800_2.csv,4300587,Jiangnan University bearing dataset (public mirror)
data/jnu/readme.md,540,Jiangnan University bearing dataset (public mirror)
data/jnu/tb1000_2.csv,4225755,Jiangnan University bearing dataset (public mirror)
data/jnu/tb600_2.csv,4506334,Jiangnan University bearing dataset (public mirror)
data/jnu/tb800_2.csv,4437160,Jiangnan University bearing dataset (public mirror)
data/m0/JNU_1000rpm.npz,66401910,derived: data_prep/make_m0.py (also private Kaggle dataset physgate-m0-data)
data/m0/JNU_600rpm.npz,66369910,derived: data_prep/make_m0.py (also private Kaggle dataset physgate-m0-data)
data/m0/JNU_800rpm.npz,66369910,derived: data_prep/make_m0.py (also private Kaggle dataset physgate-m0-data)
data/m0/PU_N15_M01_F10.npz,132801894,derived: data_prep/make_m0.py (also private Kaggle dataset physgate-m0-data)
data/m0/PU_N15_M07_F04.npz,132801894,derived: data_prep/make_m0.py (also private Kaggle dataset physgate-m0-data)
data/m0/PU_N15_M07_F10.npz,132801894,derived: data_prep/make_m0.py (also private Kaggle dataset physgate-m0-data)
data/m1/PU_M1_foldA_N15_M01_F10.npz,49801866,derived: data_prep/make_m1.py (also private Kaggle dataset physgate-m1-data)
data/m1/PU_M1_foldA_N15_M07_F04.npz,49801866,derived: data_prep/make_m1.py (also private Kaggle dataset physgate-m1-data)
data/m1/PU_M1_foldA_N15_M07_F10.npz,49801866,derived: data_prep/make_m1.py (also private Kaggle dataset physgate-m1-data)
data/m1/PU_M1_foldB_N15_M01_F10.npz,49801866,derived: data_prep/make_m1.py (also private Kaggle dataset physgate-m1-data)
data/m1/PU_M1_foldB_N15_M07_F04.npz,49801866,derived: data_prep/make_m1.py (also private Kaggle dataset physgate-m1-data)
data/m1/PU_M1_foldB_N15_M07_F10.npz,49801866,derived: data_prep/make_m1.py (also private Kaggle dataset physgate-m1-data)
data/pu/_provenance.json,8931,Paderborn University KAt-DataCenter (Lessmeier et al. 2016); data_prep/download_pu.py
data/pu/K001/K001.pdf,41046,Paderborn University KAt-DataCenter (Lessmeier et al. 2016); data_prep/download_pu.py
data/pu/K001/measuring_log_K001.pdf,139011,Paderborn University KAt-DataCenter (Lessmeier et al. 2016); data_prep/download_pu.py
data/pu/K001/N09_M07_F10_K001_1.mat,8741432,Paderborn University KAt-DataCenter (Lessmeier et al. 2016); data_prep/download_pu.py
data/pu/K001/N09_M07_F10_K001_10.mat,8734520,Paderborn University KAt-DataCenter (Lessmeier et al. 2016); data_prep/download_pu.py
data/pu/K001/N09_M07_F10_K001_11.mat,8718136,Paderborn University KAt-DataCenter (Lessmeier et al. 2016); data_prep/download_pu.py
data/pu/K001/N09_M07_F10_K001_12.mat,8714872,Paderborn University KAt-DataCenter (Lessmeier et al. 2016); data_prep/download_pu.py
data/pu/K001/N09_M07_F10_K001_13.mat,8714872,Paderborn University KAt-DataCenter (Lessmeier et al. 2016); data_prep/download_pu.py
data/pu/K001/N09_M07_F10_K001_14.mat,8714936,Paderborn University KAt-DataCenter (Lessmeier et al. 2016); data_prep/download_pu.py
data/pu/K001/N09_M07_F10_K001_15.mat,8714904,Paderborn University KAt-DataCenter (Lessmeier et al. 2016); data_prep/download_pu.py
data/pu/K001/N09_M07_F10_K001_16.mat,8714904,Paderborn University KAt-DataCenter (Lessmeier et al. 2016); data_prep/download_pu.py
data/pu/K001/N09_M07_F10_K001_17.mat,8714904,Paderborn University KAt-DataCenter (Lessmeier et al. 2016); data_prep/download_pu.py
data/pu/K001/N09_M07_F10_K001_18.mat,8714872,Paderborn University KAt-DataCenter (Lessmeier et al. 2016); data_prep/download_pu.py
data/pu/K001/N09_M07_F10_K001_19.mat,8714904,Paderborn University KAt-DataCenter (Lessmeier et al. 2016); data_prep/download_pu.py
data/pu/K001/N09_M07_F10_K001_2.mat,8714904,Paderborn University KAt-DataCenter (Lessmeier et al. 2016); data_prep/download_pu.py
data/pu/K001/N09_M07_F10_K001_20.mat,8714904,Paderborn University KAt-DataCenter (Lessmeier et al. 2016); data_prep/download_pu.py
data/pu/K001/N09_M07_F10_K001_3.mat,8714904,Paderborn University KAt-DataCenter (Lessmeier et al. 2016); data_prep/download_pu.py
data/pu/K001/N09_M07_F10_K001_4.mat,8714904,Paderborn University KAt-DataCenter (Lessmeier et al. 2016); data_prep/download_pu.py
data/pu/K001/N09_M07_F10_K001_5.mat,8714904,Paderborn University KAt-DataCenter (Lessmeier et al. 2016); data_prep/download_pu.py
data/pu/K001/N09_M07_F10_K001_6.mat,8761816,Paderborn University KAt-DataCenter (Lessmeier et al. 2016); data_prep/download_pu.py
data/pu/K001/N09_M07_F10_K001_7.mat,8714968,Paderborn University KAt-DataCenter (Lessmeier et al. 2016); data_prep/download_pu.py
data/pu/K001/N09_M07_F10_K001_8.mat,8741048,Paderborn University KAt-DataCenter (Lessmeier et al. 2016); data_prep/download_pu.py
data/pu/K001/N09_M07_F10_K001_9.mat,8714904,Paderborn University KAt-DataCenter (Lessmeier et al. 2016); data_prep/download_pu.py
data/pu/K001/N15_M01_F10_K001_1.mat,8717240,Paderborn University KAt-DataCenter (Lessmeier et al. 2016); data_prep/download_pu.py
data/pu/K001/N15_M01_F10_K001_10.mat,8725496,Paderborn University KAt-DataCenter (Lessmeier et al. 2016); data_prep/download_pu.py
data/pu/K001/N15_M01_F10_K001_11.mat,8714904,Paderborn University KAt-DataCenter (Lessmeier et al. 2016); data_prep/download_pu.py
data/pu/K001/N15_M01_F10_K001_12.mat,8717752,Paderborn University KAt-DataCenter (Lessmeier et al. 2016); data_prep/download_pu.py
data/pu/K001/N15_M01_F10_K001_13.mat,8750584,Paderborn University KAt-DataCenter (Lessmeier et al. 2016); data_prep/download_pu.py
data/pu/K001/N15_M01_F10_K001_14.mat,8714904,Paderborn University KAt-DataCenter (Lessmeier et al. 2016); data_prep/download_pu.py
data/pu/K001/N15_M01_F10_K001_15.mat,8714904,Paderborn University KAt-DataCenter (Lessmeier et al. 2016); data_prep/download_pu.py
data/pu/K001/N15_M01_F10_K001_16.mat,8736600,Paderborn University KAt-DataCenter (Lessmeier et al. 2016); data_prep/download_pu.py
data/pu/K001/N15_M01_F10_K001_17.mat,8714904,Paderborn University KAt-DataCenter (Lessmeier et al. 2016); data_prep/download_pu.py
data/pu/K001/N15_M01_F10_K001_18.mat,8714936,Paderborn University KAt-DataCenter (Lessmeier et al. 2016); data_prep/download_pu.py
data/pu/K001/N15_M01_F10_K001_19.mat,8714936,Paderborn University KAt-DataCenter (Lessmeier et al. 2016); data_prep/download_pu.py
data/pu/K001/N15_M01_F10_K001_2.mat,8714904,Paderborn University KAt-DataCenter (Lessmeier et al. 2016); data_prep/download_pu.py
data/pu/K001/N15_M01_F10_K001_20.mat,8714872,Paderborn University KAt-DataCenter (Lessmeier et al. 2016); data_prep/download_pu.py
data/pu/K001/N15_M01_F10_K001_3.mat,8714904,Paderborn University KAt-DataCenter (Lessmeier et al. 2016); data_prep/download_pu.py
data/pu/K001/N15_M01_F10_K001_4.mat,8714904,Paderborn University KAt-DataCenter (Lessmeier et al. 2016); data_prep/download_pu.py
data/pu/K001/N15_M01_F10_K001_5.mat,8714904,Paderborn University KAt-DataCenter (Lessmeier et al. 2016); data_prep/download_pu.py
data/pu/K001/N15_M01_F10_K001_6.mat,8733432,Paderborn University KAt-DataCenter (Lessmeier et al. 2016); data_prep/download_pu.py
data/pu/K001/N15_M01_F10_K001_7.mat,8714904,Paderborn University KAt-DataCenter (Lessmeier et al. 2016); data_prep/download_pu.py
data/pu/K001/N15_M01_F10_K001_8.mat,8714904,Paderborn University KAt-DataCenter (Lessmeier et al. 2016); data_prep/download_pu.py
data/pu/K001/N15_M01_F10_K001_9.mat,8714904,Paderborn University KAt-DataCenter (Lessmeier et al. 2016); data_prep/download_pu.py
data/pu/K001/N15_M07_F04_K001_1.mat,8800280,Paderborn University KAt-DataCenter (Lessmeier et al. 2016); data_prep/download_pu.py
data/pu/K001/N15_M07_F04_K001_10.mat,8714968,Paderborn University KAt-DataCenter (Lessmeier et al. 2016); data_prep/download_pu.py
data/pu/K001/N15_M07_F04_K001_11.mat,8715448,Paderborn University KAt-DataCenter (Lessmeier et al. 2016); data_prep/download_pu.py
data/pu/K001/N15_M07_F04_K001_12.mat,8714872,Paderborn University KAt-DataCenter (Lessmeier et al. 2016); data_prep/download_pu.py
data/pu/K001/N15_M07_F04_K001_13.mat,8714904,Paderborn University KAt-DataCenter (Lessmeier et al. 2016); data_prep/download_pu.py
data/pu/K001/N15_M07_F04_K001_14.mat,8714904,Paderborn University KAt-DataCenter (Lessmeier et al. 2016); data_prep/download_pu.py
data/pu/K001/N15_M07_F04_K001_15.mat,8758624,Paderborn University KAt-DataCenter (Lessmeier et al. 2016); data_prep/download_pu.py
data/pu/K001/N15_M07_F04_K001_16.mat,8714904,Paderborn University KAt-DataCenter (Lessmeier et al. 2016); data_prep/download_pu.py
data/pu/K001/N15_M07_F04_K001_17.mat,8881144,Paderborn University KAt-DataCenter (Lessmeier et al. 2016); data_prep/download_pu.py
data/pu/K001/N15_M07_F04_K001_18.mat,8799800,Paderborn University KAt-DataCenter (Lessmeier et al. 2016); data_prep/download_pu.py
data/pu/K001/N15_M07_F04_K001_19.mat,8738200,Paderborn University KAt-DataCenter (Lessmeier et al. 2016); data_prep/download_pu.py
data/pu/K001/N15_M07_F04_K001_2.mat,8872536,Paderborn University KAt-DataCenter (Lessmeier et al. 2016); data_prep/download_pu.py
data/pu/K001/N15_M07_F04_K001_20.mat,8730816,Paderborn University KAt-DataCenter (Lessmeier et al. 2016); data_prep/download_pu.py
data/pu/K001/N15_M07_F04_K001_3.mat,8714904,Paderborn University KAt-DataCenter (Lessmeier et al. 2016); data_prep/download_pu.py
data/pu/K001/N15_M07_F04_K001_4.mat,8718232,Paderborn University KAt-DataCenter (Lessmeier et al. 2016); data_prep/download_pu.py
data/pu/K001/N15_M07_F04_K001_5.mat,8714904,Paderborn University KAt-DataCenter (Lessmeier et al. 2016); data_prep/download_pu.py
data/pu/K001/N15_M07_F04_K001_6.mat,8724448,Paderborn University KAt-DataCenter (Lessmeier et al. 2016); data_prep/download_pu.py
data/pu/K001/N15_M07_F04_K001_7.mat,8727192,Paderborn University KAt-DataCenter (Lessmeier et al. 2016); data_prep/download_pu.py
data/pu/K001/N15_M07_F04_K001_8.mat,8714936,Paderborn University KAt-DataCenter (Lessmeier et al. 2016); data_prep/download_pu.py
data/pu/K001/N15_M07_F04_K001_9.mat,8744928,Paderborn University KAt-DataCenter (Lessmeier et al. 2016); data_prep/download_pu.py
data/pu/K001/N15_M07_F10_K001_1.mat,8714904,Paderborn University KAt-DataCenter (Lessmeier et al. 2016); data_prep/download_pu.py
data/pu/K001/N15_M07_F10_K001_10.mat,8760056,Paderborn University KAt-DataCenter (Lessmeier et al. 2016); data_prep/download_pu.py
data/pu/K001/N15_M07_F10_K001_11.mat,8714904,Paderborn University KAt-DataCenter (Lessmeier et al. 2016); data_prep/download_pu.py
data/pu/K001/N15_M07_F10_K001_12.mat,8758304,Paderborn University KAt-DataCenter (Lessmeier et al. 2016); data_prep/download_pu.py
data/pu/K001/N15_M07_F10_K001_13.mat,8717688,Paderborn University KAt-DataCenter (Lessmeier et al. 2016); data_prep/download_pu.py
data/pu/K001/N15_M07_F10_K001_14.mat,8738840,Paderborn University KAt-DataCenter (Lessmeier et al. 2016); data_prep/download_pu.py
data/pu/K001/N15_M07_F10_K001_15.mat,8718296,Paderborn University KAt-DataCenter (Lessmeier et al. 2016); data_prep/download_pu.py
data/pu/K001/N15_M07_F10_K001_16.mat,8718232,Paderborn University KAt-DataCenter (Lessmeier et al. 2016); data_prep/download_pu.py
data/pu/K001/N15_M07_F10_K001_17.mat,8747160,Paderborn University KAt-DataCenter (Lessmeier et al. 2016); data_prep/download_pu.py
data/pu/K001/N15_M07_F10_K001_18.mat,8718328,Paderborn University KAt-DataCenter (Lessmeier et al. 2016); data_prep/download_pu.py
data/pu/K001/N15_M07_F10_K001_19.mat,8714904,Paderborn University KAt-DataCenter (Lessmeier et al. 2016); data_prep/download_pu.py
data/pu/K001/N15_M07_F10_K001_2.mat,8714904,Paderborn University KAt-DataCenter (Lessmeier et al. 2016); data_prep/download_pu.py
data/pu/K001/N15_M07_F10_K001_20.mat,8717848,Paderborn University KAt-DataCenter (Lessmeier et al. 2016); data_prep/download_pu.py
data/pu/K001/N15_M07_F10_K001_3.mat,8717816,Paderborn University KAt-DataCenter (Lessmeier et al. 2016); data_prep/download_pu.py
data/pu/K001/N15_M07_F10_K001_4.mat,8714904,Paderborn University KAt-DataCenter (Lessmeier et al. 2016); data_prep/download_pu.py
data/pu/K001/N15_M07_F10_K001_5.mat,8714904,Paderborn University KAt-DataCenter (Lessmeier et al. 2016); data_prep/download_pu.py
data/pu/K001/N15_M07_F10_K001_6.mat,8714904,Paderborn University KAt-DataCenter (Lessmeier et al. 2016); data_prep/download_pu.py
data/pu/K001/N15_M07_F10_K001_7.mat,8714904,Paderborn University KAt-DataCenter (Lessmeier et al. 2016); data_prep/download_pu.py
data/pu/K001/N15_M07_F10_K001_8.mat,8717624,Paderborn University KAt-DataCenter (Lessmeier et al. 2016); data_prep/download_pu.py
data/pu/K001/N15_M07_F10_K001_9.mat,8717432,Paderborn University KAt-DataCenter (Lessmeier et al. 2016); data_prep/download_pu.py
data/pu/K002/K002.pdf,40999,Paderborn University KAt-DataCenter (Lessmeier et al. 2016); data_prep/download_pu.py
data/pu/K002/measuring_log_K002.pdf,138900,Paderborn University KAt-DataCenter (Lessmeier et al. 2016); data_prep/download_pu.py
data/pu/K002/N09_M07_F10_K002_1.mat,8714904,Paderborn University KAt-DataCenter (Lessmeier et al. 2016); data_prep/download_pu.py
data/pu/K002/N09_M07_F10_K002_10.mat,8723800,Paderborn University KAt-DataCenter (Lessmeier et al. 2016); data_prep/download_pu.py
data/pu/K002/N09_M07_F10_K002_11.mat,8714872,Paderborn University KAt-DataCenter (Lessmeier et al. 2016); data_prep/download_pu.py
data/pu/K002/N09_M07_F10_K002_12.mat,8714968,Paderborn University KAt-DataCenter (Lessmeier et al. 2016); data_prep/download_pu.py
data/pu/K002/N09_M07_F10_K002_13.mat,8715128,Paderborn University KAt-DataCenter (Lessmeier et al. 2016); data_prep/download_pu.py
data/pu/K002/N09_M07_F10_K002_14.mat,8714904,Paderborn University KAt-DataCenter (Lessmeier et al. 2016); data_prep/download_pu.py
data/pu/K002/N09_M07_F10_K002_15.mat,8714968,Paderborn University KAt-DataCenter (Lessmeier et al. 2016); data_prep/download_pu.py
data/pu/K002/N09_M07_F10_K002_16.mat,8714904,Paderborn University KAt-DataCenter (Lessmeier et al. 2016); data_prep/download_pu.py
data/pu/K002/N09_M07_F10_K002_17.mat,8714872,Paderborn University KAt-DataCenter (Lessmeier et al. 2016); data_prep/download_pu.py
data/pu/K002/N09_M07_F10_K002_18.mat,8727256,Paderborn University KAt-DataCenter (Lessmeier et al. 2016); data_prep/download_pu.py
data/pu/K002/N09_M07_F10_K002_19.mat,8715064,Paderborn University KAt-DataCenter (Lessmeier et al. 2016); data_prep/download_pu.py
data/pu/K002/N09_M07_F10_K002_2.mat,8714904,Paderborn University KAt-DataCenter (Lessmeier et al. 2016); data_prep/download_pu.py
data/pu/K002/N09_M07_F10_K002_20.mat,8714904,Paderborn University KAt-DataCenter (Lessmeier et al. 2016); data_prep/download_pu.py
data/pu/K002/N09_M07_F10_K002_3.mat,8714904,Paderborn University KAt-DataCenter (Lessmeier et al. 2016); data_prep/download_pu.py
data/pu/K002/N09_M07_F10_K002_4.mat,8714872,Paderborn University KAt-DataCenter (Lessmeier et al. 2016); data_prep/download_pu.py
data/pu/K002/N09_M07_F10_K002_5.mat,8714904,Paderborn University KAt-DataCenter (Lessmeier et al. 2016); data_prep/download_pu.py
data/pu/K002/N09_M07_F10_K002_6.mat,8714840,Paderborn University KAt-DataCenter (Lessmeier et al. 2016); data_prep/download_pu.py
data/pu/K002/N09_M07_F10_K002_7.mat,8714872,Paderborn University KAt-DataCenter (Lessmeier et al. 2016); data_prep/download_pu.py
data/pu/K002/N09_M07_F10_K002_8.mat,8714904,Paderborn University KAt-DataCenter (Lessmeier et al. 2016); data_prep/download_pu.py
data/pu/K002/N09_M07_F10_K002_9.mat,8714872,Paderborn University KAt-DataCenter (Lessmeier et al. 2016); data_prep/download_pu.py
data/pu/K002/N15_M01_F10_K002_1.mat,8883352,Paderborn University KAt-DataCenter (Lessmeier et al. 2016); data_prep/download_pu.py
data/pu/K002/N15_M01_F10_K002_10.mat,9861976,Paderborn University KAt-DataCenter (Lessmeier et al. 2016); data_prep/download_pu.py
data/pu/K002/N15_M01_F10_K002_11.mat,8715000,Paderborn University KAt-DataCenter (Lessmeier et al. 2016); data_prep/download_pu.py
data/pu/K002/N15_M01_F10_K002_12.mat,8714904,Paderborn University KAt-DataCenter (Lessmeier et al. 2016); data_prep/download_pu.py
data/pu/K002/N15_M01_F10_K002_13.mat,8714904,Paderborn University KAt-DataCenter (Lessmeier et al. 2016); data_prep/download_pu.py
data/pu/K002/N15_M01_F10_K002_14.mat,8714904,Paderborn University KAt-DataCenter (Lessmeier et al. 2016); data_prep/download_pu.py
data/pu/K002/N15_M01_F10_K002_15.mat,8714968,Paderborn University KAt-DataCenter (Lessmeier et al. 2016); data_prep/download_pu.py
data/pu/K002/N15_M01_F10_K002_16.mat,8714936,Paderborn University KAt-DataCenter (Lessmeier et al. 2016); data_prep/download_pu.py
data/pu/K002/N15_M01_F10_K002_17.mat,8714904,Paderborn University KAt-DataCenter (Lessmeier et al. 2016); data_prep/download_pu.py
data/pu/K002/N15_M01_F10_K002_18.mat,8714904,Paderborn University KAt-DataCenter (Lessmeier et al. 2016); data_prep/download_pu.py
data/pu/K002/N15_M01_F10_K002_19.mat,8714904,Paderborn University KAt-DataCenter (Lessmeier et al. 2016); data_prep/download_pu.py
data/pu/K002/N15_M01_F10_K002_2.mat,8714904,Paderborn University KAt-DataCenter (Lessmeier et al. 2016); data_prep/download_pu.py
data/pu/K002/N15_M01_F10_K002_20.mat,8714872,Paderborn University KAt-DataCenter (Lessmeier et al. 2016); data_prep/download_pu.py
data/pu/K002/N15_M01_F10_K002_3.mat,8714904,Paderborn University KAt-DataCenter (Lessmeier et al. 2016); data_prep/download_pu.py
data/pu/K002/N15_M01_F10_K002_4.mat,8714904,Paderborn University KAt-DataCenter (Lessmeier et al. 2016); data_prep/download_pu.py
data/pu/K002/N15_M01_F10_K002_5.mat,8714968,Paderborn University KAt-DataCenter (Lessmeier et al. 2016); data_prep/download_pu.py
data/pu/K002/N15_M01_F10_K002_6.mat,8714904,Paderborn University KAt-DataCenter (Lessmeier et al. 2016); data_prep/download_pu.py
data/pu/K002/N15_M01_F10_K002_7.mat,8714904,Paderborn University KAt-DataCenter (Lessmeier et al. 2016); data_prep/download_pu.py
data/pu/K002/N15_M01_F10_K002_8.mat,8714904,Paderborn University KAt-DataCenter (Lessmeier et al. 2016); data_prep/download_pu.py
data/pu/K002/N15_M01_F10_K002_9.mat,8714968,Paderborn University KAt-DataCenter (Lessmeier et al. 2016); data_prep/download_pu.py
data/pu/K002/N15_M07_F04_K002_1.mat,8714904,Paderborn University KAt-DataCenter (Lessmeier et al. 2016); data_prep/download_pu.py
data/pu/K002/N15_M07_F04_K002_10.mat,8714904,Paderborn University KAt-DataCenter (Lessmeier et al. 2016); data_prep/download_pu.py
data/pu/K002/N15_M07_F04_K002_11.mat,8714872,Paderborn University KAt-DataCenter (Lessmeier et al. 2016); data_prep/download_pu.py
data/pu/K002/N15_M07_F04_K002_12.mat,8714904,Paderborn University KAt-DataCenter (Lessmeier et al. 2016); data_prep/download_pu.py
data/pu/K002/N15_M07_F04_K002_13.mat,8714904,Paderborn University KAt-DataCenter (Lessmeier et al. 2016); data_prep/download_pu.py
data/pu/K002/N15_M07_F04_K002_14.mat,8714936,Paderborn University KAt-DataCenter (Lessmeier et al. 2016); data_prep/download_pu.py
data/pu/K002/N15_M07_F04_K002_15.mat,8714904,Paderborn University KAt-DataCenter (Lessmeier et al. 2016); data_prep/download_pu.py
data/pu/K002/N15_M07_F04_K002_16.mat,8714744,Paderborn University KAt-DataCenter (Lessmeier et al. 2016); data_prep/download_pu.py
data/pu/K002/N15_M07_F04_K002_17.mat,8714968,Paderborn University KAt-DataCenter (Lessmeier et al. 2016); data_prep/download_pu.py
data/pu/K002/N15_M07_F04_K002_18.mat,8714872,Paderborn University KAt-DataCenter (Lessmeier et al. 2016); data_prep/download_pu.py
data/pu/K002/N15_M07_F04_K002_19.mat,8714872,Paderborn University KAt-DataCenter (Lessmeier et al. 2016); data_prep/download_pu.py
data/pu/K002/N15_M07_F04_K002_2.mat,8714904,Paderborn University KAt-DataCenter (Lessmeier et al. 2016); data_prep/download_pu.py
data/pu/K002/N15_M07_F04_K002_20.mat,8714904,Paderborn University KAt-DataCenter (Lessmeier et al. 2016); data_prep/download_pu.py
data/pu/K002/N15_M07_F04_K002_3.mat,8715032,Paderborn University KAt-DataCenter (Lessmeier et al. 2016); data_prep/download_pu.py
data/pu/K002/N15_M07_F04_K002_4.mat,8714968,Paderborn University KAt-DataCenter (Lessmeier et al. 2016); data_prep/download_pu.py
data/pu/K002/N15_M07_F04_K002_5.mat,8714904,Paderborn University KAt-DataCenter (Lessmeier et al. 2016); data_prep/download_pu.py
data/pu/K002/N15_M07_F04_K002_6.mat,8714904,Paderborn University KAt-DataCenter (Lessmeier et al. 2016); data_prep/download_pu.py
data/pu/K002/N15_M07_F04_K002_7.mat,8714904,Paderborn University KAt-DataCenter (Lessmeier et al. 2016); data_prep/download_pu.py
data/pu/K002/N15_M07_F04_K002_8.mat,8714904,Paderborn University KAt-DataCenter (Lessmeier et al. 2016); data_prep/download_pu.py
data/pu/K002/N15_M07_F04_K002_9.mat,8714904,Paderborn University KAt-DataCenter (Lessmeier et al. 2016); data_prep/download_pu.py
data/pu/K002/N15_M07_F10_K002_1.mat,8714904,Paderborn University KAt-DataCenter (Lessmeier et al. 2016); data_prep/download_pu.py
data/pu/K002/N15_M07_F10_K002_10.mat,8714904,Paderborn University KAt-DataCenter (Lessmeier et al. 2016); data_prep/download_pu.py
data/pu/K002/N15_M07_F10_K002_11.mat,8715000,Paderborn University KAt-DataCenter (Lessmeier et al. 2016); data_prep/download_pu.py
data/pu/K002/N15_M07_F10_K002_12.mat,8714904,Paderborn University KAt-DataCenter (Lessmeier et al. 2016); data_prep/download_pu.py
data/pu/K002/N15_M07_F10_K002_13.mat,8714904,Paderborn University KAt-DataCenter (Lessmeier et al. 2016); data_prep/download_pu.py
data/pu/K002/N15_M07_F10_K002_14.mat,8714904,Paderborn University KAt-DataCenter (Lessmeier et al. 2016); data_prep/download_pu.py
data/pu/K002/N15_M07_F10_K002_15.mat,8714904,Paderborn University KAt-DataCenter (Lessmeier et al. 2016); data_prep/download_pu.py
data/pu/K002/N15_M07_F10_K002_16.mat,8714904,Paderborn University KAt-DataCenter (Lessmeier et al. 2016); data_prep/download_pu.py
data/pu/K002/N15_M07_F10_K002_17.mat,8714872,Paderborn University KAt-DataCenter (Lessmeier et al. 2016); data_prep/download_pu.py
data/pu/K002/N15_M07_F10_K002_18.mat,9427352,Paderborn University KAt-DataCenter (Lessmeier et al. 2016); data_prep/download_pu.py
data/pu/K002/N15_M07_F10_K002_19.mat,8714904,Paderborn University KAt-DataCenter (Lessmeier et al. 2016); data_prep/download_pu.py
data/pu/K002/N15_M07_F10_K002_2.mat,8714904,Paderborn University KAt-DataCenter (Lessmeier et al. 2016); data_prep/download_pu.py
data/pu/K002/N15_M07_F10_K002_20.mat,8714904,Paderborn University KAt-DataCenter (Lessmeier et al. 2016); data_prep/download_pu.py
data/pu/K002/N15_M07_F10_K002_3.mat,8719192,Paderborn University KAt-DataCenter (Lessmeier et al. 2016); data_prep/download_pu.py
data/pu/K002/N15_M07_F10_K002_4.mat,8714904,Paderborn University KAt-DataCenter (Lessmeier et al. 2016); data_prep/download_pu.py
data/pu/K002/N15_M07_F10_K002_5.mat,8714936,Paderborn University KAt-DataCenter (Lessmeier et al. 2016); data_prep/download_pu.py
data/pu/K002/N15_M07_F10_K002_6.mat,8714872,Paderborn University KAt-DataCenter (Lessmeier et al. 2016); data_prep/download_pu.py
data/pu/K002/N15_M07_F10_K002_7.mat,8714936,Paderborn University KAt-DataCenter (Lessmeier et al. 2016); data_prep/download_pu.py
data/pu/K002/N15_M07_F10_K002_8.mat,8714968,Paderborn University KAt-DataCenter (Lessmeier et al. 2016); data_prep/download_pu.py
data/pu/K002/N15_M07_F10_K002_9.mat,8714904,Paderborn University KAt-DataCenter (Lessmeier et al. 2016); data_prep/download_pu.py
data/pu/K003/K003.pdf,40786,Paderborn University KAt-DataCenter (Lessmeier et al. 2016); data_prep/download_pu.py
data/pu/K003/measuring_log_K003.pdf,139017,Paderborn University KAt-DataCenter (Lessmeier et al. 2016); data_prep/download_pu.py
data/pu/K003/N09_M07_F10_K003_1.mat,8714872,Paderborn University KAt-DataCenter (Lessmeier et al. 2016); data_prep/download_pu.py
data/pu/K003/N09_M07_F10_K003_10.mat,8731032,Paderborn University KAt-DataCenter (Lessmeier et al. 2016); data_prep/download_pu.py
data/pu/K003/N09_M07_F10_K003_11.mat,8714904,Paderborn University KAt-DataCenter (Lessmeier et al. 2016); data_prep/download_pu.py
data/pu/K003/N09_M07_F10_K003_12.mat,8714904,Paderborn University KAt-DataCenter (Lessmeier et al. 2016); data_prep/download_pu.py
data/pu/K003/N09_M07_F10_K003_13.mat,8714904,Paderborn University KAt-DataCenter (Lessmeier et al. 2016); data_prep/download_pu.py
data/pu/K003/N09_M07_F10_K003_14.mat,8714904,Paderborn University KAt-DataCenter (Lessmeier et al. 2016); data_prep/download_pu.py
data/pu/K003/N09_M07_F10_K003_15.mat,8728984,Paderborn University KAt-DataCenter (Lessmeier et al. 2016); data_prep/download_pu.py
data/pu/K003/N09_M07_F10_K003_16.mat,8714872,Paderborn University KAt-DataCenter (Lessmeier et al. 2016); data_prep/download_pu.py
data/pu/K003/N09_M07_F10_K003_17.mat,8717720,Paderborn University KAt-DataCenter (Lessmeier et al. 2016); data_prep/download_pu.py
data/pu/K003/N09_M07_F10_K003_18.mat,8714904,Paderborn University KAt-DataCenter (Lessmeier et al. 2016); data_prep/download_pu.py
data/pu/K003/N09_M07_F10_K003_19.mat,8742784,Paderborn University KAt-DataCenter (Lessmeier et al. 2016); data_prep/download_pu.py
data/pu/K003/N09_M07_F10_K003_2.mat,8714904,Paderborn University KAt-DataCenter (Lessmeier et al. 2016); data_prep/download_pu.py
data/pu/K003/N09_M07_F10_K003_20.mat,8714936,Paderborn University KAt-DataCenter (Lessmeier et al. 2016); data_prep/download_pu.py
data/pu/K003/N09_M07_F10_K003_3.mat,8717720,Paderborn University KAt-DataCenter (Lessmeier et al. 2016); data_prep/download_pu.py
data/pu/K003/N09_M07_F10_K003_4.mat,8714904,Paderborn University KAt-DataCenter (Lessmeier et al. 2016); data_prep/download_pu.py
data/pu/K003/N09_M07_F10_K003_5.mat,8880216,Paderborn University KAt-DataCenter (Lessmeier et al. 2016); data_prep/download_pu.py
data/pu/K003/N09_M07_F10_K003_6.mat,8714904,Paderborn University KAt-DataCenter (Lessmeier et al. 2016); data_prep/download_pu.py
data/pu/K003/N09_M07_F10_K003_7.mat,8714904,Paderborn University KAt-DataCenter (Lessmeier et al. 2016); data_prep/download_pu.py
data/pu/K003/N09_M07_F10_K003_8.mat,8714872,Paderborn University KAt-DataCenter (Lessmeier et al. 2016); data_prep/download_pu.py
data/pu/K003/N09_M07_F10_K003_9.mat,8717912,Paderborn University KAt-DataCenter (Lessmeier et al. 2016); data_prep/download_pu.py
data/pu/K003/N15_M01_F10_K003_1.mat,8925848,Paderborn University KAt-DataCenter (Lessmeier et al. 2016); data_prep/download_pu.py
data/pu/K003/N15_M01_F10_K003_10.mat,8714904,Paderborn University KAt-DataCenter (Lessmeier et al. 2016); data_prep/download_pu.py
data/pu/K003/N15_M01_F10_K003_11.mat,8714936,Paderborn University KAt-DataCenter (Lessmeier et al. 2016); data_prep/download_pu.py
data/pu/K003/N15_M01_F10_K003_12.mat,8714904,Paderborn University KAt-DataCenter (Lessmeier et al. 2016); data_prep/download_pu.py
data/pu/K003/N15_M01_F10_K003_13.mat,8714904,Paderborn University KAt-DataCenter (Lessmeier et al. 2016); data_prep/download_pu.py
data/pu/K003/N15_M01_F10_K003_14.mat,8716856,Paderborn University KAt-DataCenter (Lessmeier et al. 2016); data_prep/download_pu.py
data/pu/K003/N15_M01_F10_K003_15.mat,8714904,Paderborn University KAt-DataCenter (Lessmeier et al. 2016); data_prep/download_pu.py
data/pu/K003/N15_M01_F10_K003_16.mat,8714904,Paderborn University KAt-DataCenter (Lessmeier et al. 2016); data_prep/download_pu.py
data/pu/K003/N15_M01_F10_K003_17.mat,8714904,Paderborn University KAt-DataCenter (Lessmeier et al. 2016); data_prep/download_pu.py
data/pu/K003/N15_M01_F10_K003_18.mat,8714904,Paderborn University KAt-DataCenter (Lessmeier et al. 2016); data_prep/download_pu.py
data/pu/K003/N15_M01_F10_K003_19.mat,8714904,Paderborn University KAt-DataCenter (Lessmeier et al. 2016); data_prep/download_pu.py
data/pu/K003/N15_M01_F10_K003_2.mat,8807608,Paderborn University KAt-DataCenter (Lessmeier et al. 2016); data_prep/download_pu.py
data/pu/K003/N15_M01_F10_K003_20.mat,8807480,Paderborn University KAt-DataCenter (Lessmeier et al. 2016); data_prep/download_pu.py
data/pu/K003/N15_M01_F10_K003_3.mat,8714904,Paderborn University KAt-DataCenter (Lessmeier et al. 2016); data_prep/download_pu.py
data/pu/K003/N15_M01_F10_K003_4.mat,8714904,Paderborn University KAt-DataCenter (Lessmeier et al. 2016); data_prep/download_pu.py
data/pu/K003/N15_M01_F10_K003_5.mat,8726072,Paderborn University KAt-DataCenter (Lessmeier et al. 2016); data_prep/download_pu.py
data/pu/K003/N15_M01_F10_K003_6.mat,8717624,Paderborn University KAt-DataCenter (Lessmeier et al. 2016); data_prep/download_pu.py
data/pu/K003/N15_M01_F10_K003_7.mat,8714904,Paderborn University KAt-DataCenter (Lessmeier et al. 2016); data_prep/download_pu.py
data/pu/K003/N15_M01_F10_K003_8.mat,8714968,Paderborn University KAt-DataCenter (Lessmeier et al. 2016); data_prep/download_pu.py
data/pu/K003/N15_M01_F10_K003_9.mat,8714904,Paderborn University KAt-DataCenter (Lessmeier et al. 2016); data_prep/download_pu.py
data/pu/K003/N15_M07_F04_K003_1.mat,8714904,Paderborn University KAt-DataCenter (Lessmeier et al. 2016); data_prep/download_pu.py
data/pu/K003/N15_M07_F04_K003_10.mat,8914648,Paderborn University KAt-DataCenter (Lessmeier et al. 2016); data_prep/download_pu.py
data/pu/K003/N15_M07_F04_K003_11.mat,8717848,Paderborn University KAt-DataCenter (Lessmeier et al. 2016); data_prep/download_pu.py
data/pu/K003/N15_M07_F04_K003_12.mat,8714904,Paderborn University KAt-DataCenter (Lessmeier et al. 2016); data_prep/download_pu.py
data/pu/K003/N15_M07_F04_K003_13.mat,8714904,Paderborn University KAt-DataCenter (Lessmeier et al. 2016); data_prep/download_pu.py
data/pu/K003/N15_M07_F04_K003_14.mat,8714904,Paderborn University KAt-DataCenter (Lessmeier et al. 2016); data_prep/download_pu.py
data/pu/K003/N15_M07_F04_K003_15.mat,8714872,Paderborn University KAt-DataCenter (Lessmeier et al. 2016); data_prep/download_pu.py
data/pu/K003/N15_M07_F04_K003_16.mat,8736672,Paderborn University KAt-DataCenter (Lessmeier et al. 2016); data_prep/download_pu.py
data/pu/K003/N15_M07_F04_K003_17.mat,8714904,Paderborn University KAt-DataCenter (Lessmeier et al. 2016); data_prep/download_pu.py
data/pu/K003/N15_M07_F04_K003_18.mat,8779640,Paderborn University KAt-DataCenter (Lessmeier et al. 2016); data_prep/download_pu.py
data/pu/K003/N15_M07_F04_K003_19.mat,8714904,Paderborn University KAt-DataCenter (Lessmeier et al. 2016); data_prep/download_pu.py
data/pu/K003/N15_M07_F04_K003_2.mat,8844568,Paderborn University KAt-DataCenter (Lessmeier et al. 2016); data_prep/download_pu.py
data/pu/K003/N15_M07_F04_K003_20.mat,8714904,Paderborn University KAt-DataCenter (Lessmeier et al. 2016); data_prep/download_pu.py
data/pu/K003/N15_M07_F04_K003_3.mat,8714904,Paderborn University KAt-DataCenter (Lessmeier et al. 2016); data_prep/download_pu.py
data/pu/K003/N15_M07_F04_K003_4.mat,8923256,Paderborn University KAt-DataCenter (Lessmeier et al. 2016); data_prep/download_pu.py
data/pu/K003/N15_M07_F04_K003_5.mat,8714904,Paderborn University KAt-DataCenter (Lessmeier et al. 2016); data_prep/download_pu.py
data/pu/K003/N15_M07_F04_K003_6.mat,8836216,Paderborn University KAt-DataCenter (Lessmeier et al. 2016); data_prep/download_pu.py
data/pu/K003/N15_M07_F04_K003_7.mat,8714904,Paderborn University KAt-DataCenter (Lessmeier et al. 2016); data_prep/download_pu.py
data/pu/K003/N15_M07_F04_K003_8.mat,8714904,Paderborn University KAt-DataCenter (Lessmeier et al. 2016); data_prep/download_pu.py
data/pu/K003/N15_M07_F04_K003_9.mat,8714904,Paderborn University KAt-DataCenter (Lessmeier et al. 2016); data_prep/download_pu.py
data/pu/K003/N15_M07_F10_K003_1.mat,8714872,Paderborn University KAt-DataCenter (Lessmeier et al. 2016); data_prep/download_pu.py
data/pu/K003/N15_M07_F10_K003_10.mat,8714904,Paderborn University KAt-DataCenter (Lessmeier et al. 2016); data_prep/download_pu.py
data/pu/K003/N15_M07_F10_K003_11.mat,8745688,Paderborn University KAt-DataCenter (Lessmeier et al. 2016); data_prep/download_pu.py
data/pu/K003/N15_M07_F10_K003_12.mat,8720504,Paderborn University KAt-DataCenter (Lessmeier et al. 2016); data_prep/download_pu.py
data/pu/K003/N15_M07_F10_K003_13.mat,8716888,Paderborn University KAt-DataCenter (Lessmeier et al. 2016); data_prep/download_pu.py
data/pu/K003/N15_M07_F10_K003_14.mat,8854008,Paderborn University KAt-DataCenter (Lessmeier et al. 2016); data_prep/download_pu.py
data/pu/K003/N15_M07_F10_K003_15.mat,8802392,Paderborn University KAt-DataCenter (Lessmeier et al. 2016); data_prep/download_pu.py
data/pu/K003/N15_M07_F10_K003_16.mat,8718616,Paderborn University KAt-DataCenter (Lessmeier et al. 2016); data_prep/download_pu.py
data/pu/K003/N15_M07_F10_K003_17.mat,8892056,Paderborn University KAt-DataCenter (Lessmeier et al. 2016); data_prep/download_pu.py
data/pu/K003/N15_M07_F10_K003_18.mat,8718488,Paderborn University KAt-DataCenter (Lessmeier et al. 2016); data_prep/download_pu.py
data/pu/K003/N15_M07_F10_K003_19.mat,8714904,Paderborn University KAt-DataCenter (Lessmeier et al. 2016); data_prep/download_pu.py
data/pu/K003/N15_M07_F10_K003_2.mat,8714904,Paderborn University KAt-DataCenter (Lessmeier et al. 2016); data_prep/download_pu.py
data/pu/K003/N15_M07_F10_K003_20.mat,8746136,Paderborn University KAt-DataCenter (Lessmeier et al. 2016); data_prep/download_pu.py
data/pu/K003/N15_M07_F10_K003_3.mat,8714904,Paderborn University KAt-DataCenter (Lessmeier et al. 2016); data_prep/download_pu.py
data/pu/K003/N15_M07_F10_K003_4.mat,8718080,Paderborn University KAt-DataCenter (Lessmeier et al. 2016); data_prep/download_pu.py
data/pu/K003/N15_M07_F10_K003_5.mat,8718584,Paderborn University KAt-DataCenter (Lessmeier et al. 2016); data_prep/download_pu.py
data/pu/K003/N15_M07_F10_K003_6.mat,8714872,Paderborn University KAt-DataCenter (Lessmeier et al. 2016); data_prep/download_pu.py
data/pu/K003/N15_M07_F10_K003_7.mat,8714904,Paderborn University KAt-DataCenter (Lessmeier et al. 2016); data_prep/download_pu.py
data/pu/K003/N15_M07_F10_K003_8.mat,8714872,Paderborn University KAt-DataCenter (Lessmeier et al. 2016); data_prep/download_pu.py
data/pu/K003/N15_M07_F10_K003_9.mat,8714936,Paderborn University KAt-DataCenter (Lessmeier et al. 2016); data_prep/download_pu.py
data/pu/K004/K004.pdf,40786,Paderborn University KAt-DataCenter (Lessmeier et al. 2016); data_prep/download_pu.py
data/pu/K004/measuring_log_K004.pdf,139113,Paderborn University KAt-DataCenter (Lessmeier et al. 2016); data_prep/download_pu.py
data/pu/K004/N09_M07_F10_K004_1.mat,8714936,Paderborn University KAt-DataCenter (Lessmeier et al. 2016); data_prep/download_pu.py
data/pu/K004/N09_M07_F10_K004_10.mat,8714904,Paderborn University KAt-DataCenter (Lessmeier et al. 2016); data_prep/download_pu.py
data/pu/K004/N09_M07_F10_K004_11.mat,8714904,Paderborn University KAt-DataCenter (Lessmeier et al. 2016); data_prep/download_pu.py
data/pu/K004/N09_M07_F10_K004_12.mat,8714872,Paderborn University KAt-DataCenter (Lessmeier et al. 2016); data_prep/download_pu.py
data/pu/K004/N09_M07_F10_K004_13.mat,8714904,Paderborn University KAt-DataCenter (Lessmeier et al. 2016); data_prep/download_pu.py
data/pu/K004/N09_M07_F10_K004_14.mat,8768792,Paderborn University KAt-DataCenter (Lessmeier et al. 2016); data_prep/download_pu.py
data/pu/K004/N09_M07_F10_K004_15.mat,8714904,Paderborn University KAt-DataCenter (Lessmeier et al. 2016); data_prep/download_pu.py
data/pu/K004/N09_M07_F10_K004_16.mat,8714904,Paderborn University KAt-DataCenter (Lessmeier et al. 2016); data_prep/download_pu.py
data/pu/K004/N09_M07_F10_K004_17.mat,8714904,Paderborn University KAt-DataCenter (Lessmeier et al. 2016); data_prep/download_pu.py
data/pu/K004/N09_M07_F10_K004_18.mat,8714904,Paderborn University KAt-DataCenter (Lessmeier et al. 2016); data_prep/download_pu.py
data/pu/K004/N09_M07_F10_K004_19.mat,8714872,Paderborn University KAt-DataCenter (Lessmeier et al. 2016); data_prep/download_pu.py
data/pu/K004/N09_M07_F10_K004_2.mat,8842744,Paderborn University KAt-DataCenter (Lessmeier et al. 2016); data_prep/download_pu.py
data/pu/K004/N09_M07_F10_K004_20.mat,8871992,Paderborn University KAt-DataCenter (Lessmeier et al. 2016); data_prep/download_pu.py
data/pu/K004/N09_M07_F10_K004_3.mat,8714904,Paderborn University KAt-DataCenter (Lessmeier et al. 2016); data_prep/download_pu.py
data/pu/K004/N09_M07_F10_K004_4.mat,8714904,Paderborn University KAt-DataCenter (Lessmeier et al. 2016); data_prep/download_pu.py
data/pu/K004/N09_M07_F10_K004_5.mat,8714904,Paderborn University KAt-DataCenter (Lessmeier et al. 2016); data_prep/download_pu.py
data/pu/K004/N09_M07_F10_K004_6.mat,8714904,Paderborn University KAt-DataCenter (Lessmeier et al. 2016); data_prep/download_pu.py
data/pu/K004/N09_M07_F10_K004_7.mat,8719552,Paderborn University KAt-DataCenter (Lessmeier et al. 2016); data_prep/download_pu.py
data/pu/K004/N09_M07_F10_K004_8.mat,8727640,Paderborn University KAt-DataCenter (Lessmeier et al. 2016); data_prep/download_pu.py
data/pu/K004/N09_M07_F10_K004_9.mat,8714904,Paderborn University KAt-DataCenter (Lessmeier et al. 2016); data_prep/download_pu.py
data/pu/K004/N15_M01_F10_K004_1.mat,8714904,Paderborn University KAt-DataCenter (Lessmeier et al. 2016); data_prep/download_pu.py
data/pu/K004/N15_M01_F10_K004_10.mat,8714904,Paderborn University KAt-DataCenter (Lessmeier et al. 2016); data_prep/download_pu.py
data/pu/K004/N15_M01_F10_K004_11.mat,8714904,Paderborn University KAt-DataCenter (Lessmeier et al. 2016); data_prep/download_pu.py
data/pu/K004/N15_M01_F10_K004_12.mat,8714904,Paderborn University KAt-DataCenter (Lessmeier et al. 2016); data_prep/download_pu.py
data/pu/K004/N15_M01_F10_K004_13.mat,8714904,Paderborn University KAt-DataCenter (Lessmeier et al. 2016); data_prep/download_pu.py
data/pu/K004/N15_M01_F10_K004_14.mat,8861624,Paderborn University KAt-DataCenter (Lessmeier et al. 2016); data_prep/download_pu.py
data/pu/K004/N15_M01_F10_K004_15.mat,8724760,Paderborn University KAt-DataCenter (Lessmeier et al. 2016); data_prep/download_pu.py
data/pu/K004/N15_M01_F10_K004_16.mat,8714904,Paderborn University KAt-DataCenter (Lessmeier et al. 2016); data_prep/download_pu.py
data/pu/K004/N15_M01_F10_K004_17.mat,8779928,Paderborn University KAt-DataCenter (Lessmeier et al. 2016); data_prep/download_pu.py
data/pu/K004/N15_M01_F10_K004_18.mat,8714904,Paderborn University KAt-DataCenter (Lessmeier et al. 2016); data_prep/download_pu.py
data/pu/K004/N15_M01_F10_K004_19.mat,8714904,Paderborn University KAt-DataCenter (Lessmeier et al. 2016); data_prep/download_pu.py
data/pu/K004/N15_M01_F10_K004_2.mat,8714904,Paderborn University KAt-DataCenter (Lessmeier et al. 2016); data_prep/download_pu.py
data/pu/K004/N15_M01_F10_K004_20.mat,8768568,Paderborn University KAt-DataCenter (Lessmeier et al. 2016); data_prep/download_pu.py
data/pu/K004/N15_M01_F10_K004_3.mat,8714904,Paderborn University KAt-DataCenter (Lessmeier et al. 2016); data_prep/download_pu.py
data/pu/K004/N15_M01_F10_K004_4.mat,8714936,Paderborn University KAt-DataCenter (Lessmeier et al. 2016); data_prep/download_pu.py
data/pu/K004/N15_M01_F10_K004_5.mat,8714904,Paderborn University KAt-DataCenter (Lessmeier et al. 2016); data_prep/download_pu.py
data/pu/K004/N15_M01_F10_K004_6.mat,8714904,Paderborn University KAt-DataCenter (Lessmeier et al. 2016); data_prep/download_pu.py
data/pu/K004/N15_M01_F10_K004_7.mat,8714904,Paderborn University KAt-DataCenter (Lessmeier et al. 2016); data_prep/download_pu.py
data/pu/K004/N15_M01_F10_K004_8.mat,8714904,Paderborn University KAt-DataCenter (Lessmeier et al. 2016); data_prep/download_pu.py
data/pu/K004/N15_M01_F10_K004_9.mat,8714904,Paderborn University KAt-DataCenter (Lessmeier et al. 2016); data_prep/download_pu.py
data/pu/K004/N15_M07_F04_K004_1.mat,8714904,Paderborn University KAt-DataCenter (Lessmeier et al. 2016); data_prep/download_pu.py
data/pu/K004/N15_M07_F04_K004_10.mat,8780280,Paderborn University KAt-DataCenter (Lessmeier et al. 2016); data_prep/download_pu.py
data/pu/K004/N15_M07_F04_K004_11.mat,8714904,Paderborn University KAt-DataCenter (Lessmeier et al. 2016); data_prep/download_pu.py
data/pu/K004/N15_M07_F04_K004_12.mat,8724352,Paderborn University KAt-DataCenter (Lessmeier et al. 2016); data_prep/download_pu.py
data/pu/K004/N15_M07_F04_K004_13.mat,8714872,Paderborn University KAt-DataCenter (Lessmeier et al. 2016); data_prep/download_pu.py
data/pu/K004/N15_M07_F04_K004_14.mat,8714904,Paderborn University KAt-DataCenter (Lessmeier et al. 2016); data_prep/download_pu.py
data/pu/K004/N15_M07_F04_K004_15.mat,8776824,Paderborn University KAt-DataCenter (Lessmeier et al. 2016); data_prep/download_pu.py
data/pu/K004/N15_M07_F04_K004_16.mat,8714904,Paderborn University KAt-DataCenter (Lessmeier et al. 2016); data_prep/download_pu.py
data/pu/K004/N15_M07_F04_K004_17.mat,8714904,Paderborn University KAt-DataCenter (Lessmeier et al. 2016); data_prep/download_pu.py
data/pu/K004/N15_M07_F04_K004_18.mat,8714904,Paderborn University KAt-DataCenter (Lessmeier et al. 2016); data_prep/download_pu.py
data/pu/K004/N15_M07_F04_K004_19.mat,8714904,Paderborn University KAt-DataCenter (Lessmeier et al. 2016); data_prep/download_pu.py
data/pu/K004/N15_M07_F04_K004_2.mat,8714904,Paderborn University KAt-DataCenter (Lessmeier et al. 2016); data_prep/download_pu.py
data/pu/K004/N15_M07_F04_K004_20.mat,8714904,Paderborn University KAt-DataCenter (Lessmeier et al. 2016); data_prep/download_pu.py
data/pu/K004/N15_M07_F04_K004_3.mat,8714904,Paderborn University KAt-DataCenter (Lessmeier et al. 2016); data_prep/download_pu.py
data/pu/K004/N15_M07_F04_K004_4.mat,8714904,Paderborn University KAt-DataCenter (Lessmeier et al. 2016); data_prep/download_pu.py
data/pu/K004/N15_M07_F04_K004_5.mat,8714872,Paderborn University KAt-DataCenter (Lessmeier et al. 2016); data_prep/download_pu.py
data/pu/K004/N15_M07_F04_K004_6.mat,8714904,Paderborn University KAt-DataCenter (Lessmeier et al. 2016); data_prep/download_pu.py
data/pu/K004/N15_M07_F04_K004_7.mat,8714904,Paderborn University KAt-DataCenter (Lessmeier et al. 2016); data_prep/download_pu.py
data/pu/K004/N15_M07_F04_K004_8.mat,8767000,Paderborn University KAt-DataCenter (Lessmeier et al. 2016); data_prep/download_pu.py
data/pu/K004/N15_M07_F04_K004_9.mat,8714904,Paderborn University KAt-DataCenter (Lessmeier et al. 2016); data_prep/download_pu.py
data/pu/K004/N15_M07_F10_K004_1.mat,8714904,Paderborn University KAt-DataCenter (Lessmeier et al. 2016); data_prep/download_pu.py
data/pu/K004/N15_M07_F10_K004_10.mat,8714904,Paderborn University KAt-DataCenter (Lessmeier et al. 2016); data_prep/download_pu.py
data/pu/K004/N15_M07_F10_K004_11.mat,8714904,Paderborn University KAt-DataCenter (Lessmeier et al. 2016); data_prep/download_pu.py
data/pu/K004/N15_M07_F10_K004_12.mat,8714936,Paderborn University KAt-DataCenter (Lessmeier et al. 2016); data_prep/download_pu.py
data/pu/K004/N15_M07_F10_K004_13.mat,8714872,Paderborn University KAt-DataCenter (Lessmeier et al. 2016); data_prep/download_pu.py
data/pu/K004/N15_M07_F10_K004_14.mat,8714904,Paderborn University KAt-DataCenter (Lessmeier et al. 2016); data_prep/download_pu.py
data/pu/K004/N15_M07_F10_K004_15.mat,8714904,Paderborn University KAt-DataCenter (Lessmeier et al. 2016); data_prep/download_pu.py
data/pu/K004/N15_M07_F10_K004_16.mat,8714904,Paderborn University KAt-DataCenter (Lessmeier et al. 2016); data_prep/download_pu.py
data/pu/K004/N15_M07_F10_K004_17.mat,8714872,Paderborn University KAt-DataCenter (Lessmeier et al. 2016); data_prep/download_pu.py
data/pu/K004/N15_M07_F10_K004_18.mat,8714904,Paderborn University KAt-DataCenter (Lessmeier et al. 2016); data_prep/download_pu.py
data/pu/K004/N15_M07_F10_K004_19.mat,8714904,Paderborn University KAt-DataCenter (Lessmeier et al. 2016); data_prep/download_pu.py
data/pu/K004/N15_M07_F10_K004_2.mat,8714904,Paderborn University KAt-DataCenter (Lessmeier et al. 2016); data_prep/download_pu.py
data/pu/K004/N15_M07_F10_K004_20.mat,8714904,Paderborn University KAt-DataCenter (Lessmeier et al. 2016); data_prep/download_pu.py
data/pu/K004/N15_M07_F10_K004_3.mat,8714904,Paderborn University KAt-DataCenter (Lessmeier et al. 2016); data_prep/download_pu.py
data/pu/K004/N15_M07_F10_K004_4.mat,8714904,Paderborn University KAt-DataCenter (Lessmeier et al. 2016); data_prep/download_pu.py
data/pu/K004/N15_M07_F10_K004_5.mat,8714872,Paderborn University KAt-DataCenter (Lessmeier et al. 2016); data_prep/download_pu.py
data/pu/K004/N15_M07_F10_K004_6.mat,8714904,Paderborn University KAt-DataCenter (Lessmeier et al. 2016); data_prep/download_pu.py
data/pu/K004/N15_M07_F10_K004_7.mat,8715000,Paderborn University KAt-DataCenter (Lessmeier et al. 2016); data_prep/download_pu.py
data/pu/K004/N15_M07_F10_K004_8.mat,8714904,Paderborn University KAt-DataCenter (Lessmeier et al. 2016); data_prep/download_pu.py
data/pu/K004/N15_M07_F10_K004_9.mat,8714872,Paderborn University KAt-DataCenter (Lessmeier et al. 2016); data_prep/download_pu.py
data/pu/K005/K005.pdf,40792,Paderborn University KAt-DataCenter (Lessmeier et al. 2016); data_prep/download_pu.py
data/pu/K005/measuring_log_K005.pdf,139123,Paderborn University KAt-DataCenter (Lessmeier et al. 2016); data_prep/download_pu.py
data/pu/K005/N09_M07_F10_K005_1.mat,8714904,Paderborn University KAt-DataCenter (Lessmeier et al. 2016); data_prep/download_pu.py
data/pu/K005/N09_M07_F10_K005_10.mat,8714904,Paderborn University KAt-DataCenter (Lessmeier et al. 2016); data_prep/download_pu.py
data/pu/K005/N09_M07_F10_K005_11.mat,8714904,Paderborn University KAt-DataCenter (Lessmeier et al. 2016); data_prep/download_pu.py
data/pu/K005/N09_M07_F10_K005_12.mat,8742392,Paderborn University KAt-DataCenter (Lessmeier et al. 2016); data_prep/download_pu.py
data/pu/K005/N09_M07_F10_K005_13.mat,8714872,Paderborn University KAt-DataCenter (Lessmeier et al. 2016); data_prep/download_pu.py
data/pu/K005/N09_M07_F10_K005_14.mat,8714968,Paderborn University KAt-DataCenter (Lessmeier et al. 2016); data_prep/download_pu.py
data/pu/K005/N09_M07_F10_K005_15.mat,8717848,Paderborn University KAt-DataCenter (Lessmeier et al. 2016); data_prep/download_pu.py
data/pu/K005/N09_M07_F10_K005_16.mat,8904152,Paderborn University KAt-DataCenter (Lessmeier et al. 2016); data_prep/download_pu.py
data/pu/K005/N09_M07_F10_K005_17.mat,8714968,Paderborn University KAt-DataCenter (Lessmeier et al. 2016); data_prep/download_pu.py
data/pu/K005/N09_M07_F10_K005_18.mat,8714904,Paderborn University KAt-DataCenter (Lessmeier et al. 2016); data_prep/download_pu.py
data/pu/K005/N09_M07_F10_K005_19.mat,8714904,Paderborn University KAt-DataCenter (Lessmeier et al. 2016); data_prep/download_pu.py
data/pu/K005/N09_M07_F10_K005_2.mat,8717880,Paderborn University KAt-DataCenter (Lessmeier et al. 2016); data_prep/download_pu.py
data/pu/K005/N09_M07_F10_K005_20.mat,8714904,Paderborn University KAt-DataCenter (Lessmeier et al. 2016); data_prep/download_pu.py
data/pu/K005/N09_M07_F10_K005_3.mat,8718144,Paderborn University KAt-DataCenter (Lessmeier et al. 2016); data_prep/download_pu.py
data/pu/K005/N09_M07_F10_K005_4.mat,8714904,Paderborn University KAt-DataCenter (Lessmeier et al. 2016); data_prep/download_pu.py
data/pu/K005/N09_M07_F10_K005_5.mat,8714904,Paderborn University KAt-DataCenter (Lessmeier et al. 2016); data_prep/download_pu.py
data/pu/K005/N09_M07_F10_K005_6.mat,8714904,Paderborn University KAt-DataCenter (Lessmeier et al. 2016); data_prep/download_pu.py
data/pu/K005/N09_M07_F10_K005_7.mat,8723872,Paderborn University KAt-DataCenter (Lessmeier et al. 2016); data_prep/download_pu.py
data/pu/K005/N09_M07_F10_K005_8.mat,8717880,Paderborn University KAt-DataCenter (Lessmeier et al. 2016); data_prep/download_pu.py
data/pu/K005/N09_M07_F10_K005_9.mat,8714904,Paderborn University KAt-DataCenter (Lessmeier et al. 2016); data_prep/download_pu.py
data/pu/K005/N15_M01_F10_K005_1.mat,8714904,Paderborn University KAt-DataCenter (Lessmeier et al. 2016); data_prep/download_pu.py
data/pu/K005/N15_M01_F10_K005_10.mat,8714904,Paderborn University KAt-DataCenter (Lessmeier et al. 2016); data_prep/download_pu.py
data/pu/K005/N15_M01_F10_K005_11.mat,8714904,Paderborn University KAt-DataCenter (Lessmeier et al. 2016); data_prep/download_pu.py
data/pu/K005/N15_M01_F10_K005_12.mat,8714904,Paderborn University KAt-DataCenter (Lessmeier et al. 2016); data_prep/download_pu.py
data/pu/K005/N15_M01_F10_K005_13.mat,8714904,Paderborn University KAt-DataCenter (Lessmeier et al. 2016); data_prep/download_pu.py
data/pu/K005/N15_M01_F10_K005_14.mat,8714904,Paderborn University KAt-DataCenter (Lessmeier et al. 2016); data_prep/download_pu.py
data/pu/K005/N15_M01_F10_K005_15.mat,8714904,Paderborn University KAt-DataCenter (Lessmeier et al. 2016); data_prep/download_pu.py
data/pu/K005/N15_M01_F10_K005_16.mat,8714872,Paderborn University KAt-DataCenter (Lessmeier et al. 2016); data_prep/download_pu.py
data/pu/K005/N15_M01_F10_K005_17.mat,8714904,Paderborn University KAt-DataCenter (Lessmeier et al. 2016); data_prep/download_pu.py
data/pu/K005/N15_M01_F10_K005_18.mat,8843192,Paderborn University KAt-DataCenter (Lessmeier et al. 2016); data_prep/download_pu.py
data/pu/K005/N15_M01_F10_K005_19.mat,8724248,Paderborn University KAt-DataCenter (Lessmeier et al. 2016); data_prep/download_pu.py
data/pu/K005/N15_M01_F10_K005_2.mat,8714904,Paderborn University KAt-DataCenter (Lessmeier et al. 2016); data_prep/download_pu.py
data/pu/K005/N15_M01_F10_K005_20.mat,8714904,Paderborn University KAt-DataCenter (Lessmeier et al. 2016); data_prep/download_pu.py
data/pu/K005/N15_M01_F10_K005_3.mat,8714872,Paderborn University KAt-DataCenter (Lessmeier et al. 2016); data_prep/download_pu.py
data/pu/K005/N15_M01_F10_K005_4.mat,8900536,Paderborn University KAt-DataCenter (Lessmeier et al. 2016); data_prep/download_pu.py
data/pu/K005/N15_M01_F10_K005_5.mat,8876216,Paderborn University KAt-DataCenter (Lessmeier et al. 2016); data_prep/download_pu.py
data/pu/K005/N15_M01_F10_K005_6.mat,8899224,Paderborn University KAt-DataCenter (Lessmeier et al. 2016); data_prep/download_pu.py
data/pu/K005/N15_M01_F10_K005_7.mat,8737336,Paderborn University KAt-DataCenter (Lessmeier et al. 2016); data_prep/download_pu.py
data/pu/K005/N15_M01_F10_K005_8.mat,8714904,Paderborn University KAt-DataCenter (Lessmeier et al. 2016); data_prep/download_pu.py
data/pu/K005/N15_M01_F10_K005_9.mat,8753696,Paderborn University KAt-DataCenter (Lessmeier et al. 2016); data_prep/download_pu.py
data/pu/K005/N15_M07_F04_K005_1.mat,8875352,Paderborn University KAt-DataCenter (Lessmeier et al. 2016); data_prep/download_pu.py
data/pu/K005/N15_M07_F04_K005_10.mat,8714904,Paderborn University KAt-DataCenter (Lessmeier et al. 2016); data_prep/download_pu.py
data/pu/K005/N15_M07_F04_K005_11.mat,8714904,Paderborn University KAt-DataCenter (Lessmeier et al. 2016); data_prep/download_pu.py
data/pu/K005/N15_M07_F04_K005_12.mat,8714904,Paderborn University KAt-DataCenter (Lessmeier et al. 2016); data_prep/download_pu.py
data/pu/K005/N15_M07_F04_K005_13.mat,8769496,Paderborn University KAt-DataCenter (Lessmeier et al. 2016); data_prep/download_pu.py
data/pu/K005/N15_M07_F04_K005_14.mat,8714904,Paderborn University KAt-DataCenter (Lessmeier et al. 2016); data_prep/download_pu.py
data/pu/K005/N15_M07_F04_K005_15.mat,8714904,Paderborn University KAt-DataCenter (Lessmeier et al. 2016); data_prep/download_pu.py
data/pu/K005/N15_M07_F04_K005_16.mat,8714904,Paderborn University KAt-DataCenter (Lessmeier et al. 2016); data_prep/download_pu.py
data/pu/K005/N15_M07_F04_K005_17.mat,8714872,Paderborn University KAt-DataCenter (Lessmeier et al. 2016); data_prep/download_pu.py
data/pu/K005/N15_M07_F04_K005_18.mat,8714904,Paderborn University KAt-DataCenter (Lessmeier et al. 2016); data_prep/download_pu.py
data/pu/K005/N15_M07_F04_K005_19.mat,8714904,Paderborn University KAt-DataCenter (Lessmeier et al. 2016); data_prep/download_pu.py
data/pu/K005/N15_M07_F04_K005_2.mat,8714904,Paderborn University KAt-DataCenter (Lessmeier et al. 2016); data_prep/download_pu.py
data/pu/K005/N15_M07_F04_K005_20.mat,8714872,Paderborn University KAt-DataCenter (Lessmeier et al. 2016); data_prep/download_pu.py
data/pu/K005/N15_M07_F04_K005_3.mat,8714904,Paderborn University KAt-DataCenter (Lessmeier et al. 2016); data_prep/download_pu.py
data/pu/K005/N15_M07_F04_K005_4.mat,8714904,Paderborn University KAt-DataCenter (Lessmeier et al. 2016); data_prep/download_pu.py
data/pu/K005/N15_M07_F04_K005_5.mat,8871000,Paderborn University KAt-DataCenter (Lessmeier et al. 2016); data_prep/download_pu.py
data/pu/K005/N15_M07_F04_K005_6.mat,8714968,Paderborn University KAt-DataCenter (Lessmeier et al. 2016); data_prep/download_pu.py
data/pu/K005/N15_M07_F04_K005_7.mat,8720376,Paderborn University KAt-DataCenter (Lessmeier et al. 2016); data_prep/download_pu.py
data/pu/K005/N15_M07_F04_K005_8.mat,8714904,Paderborn University KAt-DataCenter (Lessmeier et al. 2016); data_prep/download_pu.py
data/pu/K005/N15_M07_F04_K005_9.mat,8714904,Paderborn University KAt-DataCenter (Lessmeier et al. 2016); data_prep/download_pu.py
data/pu/K005/N15_M07_F10_K005_1.mat,8714904,Paderborn University KAt-DataCenter (Lessmeier et al. 2016); data_prep/download_pu.py
data/pu/K005/N15_M07_F10_K005_10.mat,8744632,Paderborn University KAt-DataCenter (Lessmeier et al. 2016); data_prep/download_pu.py
data/pu/K005/N15_M07_F10_K005_11.mat,8714968,Paderborn University KAt-DataCenter (Lessmeier et al. 2016); data_prep/download_pu.py
data/pu/K005/N15_M07_F10_K005_12.mat,8714904,Paderborn University KAt-DataCenter (Lessmeier et al. 2016); data_prep/download_pu.py
data/pu/K005/N15_M07_F10_K005_13.mat,8714872,Paderborn University KAt-DataCenter (Lessmeier et al. 2016); data_prep/download_pu.py
data/pu/K005/N15_M07_F10_K005_14.mat,8714904,Paderborn University KAt-DataCenter (Lessmeier et al. 2016); data_prep/download_pu.py
data/pu/K005/N15_M07_F10_K005_15.mat,8714872,Paderborn University KAt-DataCenter (Lessmeier et al. 2016); data_prep/download_pu.py
data/pu/K005/N15_M07_F10_K005_16.mat,8714904,Paderborn University KAt-DataCenter (Lessmeier et al. 2016); data_prep/download_pu.py
data/pu/K005/N15_M07_F10_K005_17.mat,8714872,Paderborn University KAt-DataCenter (Lessmeier et al. 2016); data_prep/download_pu.py
data/pu/K005/N15_M07_F10_K005_18.mat,8717848,Paderborn University KAt-DataCenter (Lessmeier et al. 2016); data_prep/download_pu.py
data/pu/K005/N15_M07_F10_K005_19.mat,8740096,Paderborn University KAt-DataCenter (Lessmeier et al. 2016); data_prep/download_pu.py
data/pu/K005/N15_M07_F10_K005_2.mat,8714904,Paderborn University KAt-DataCenter (Lessmeier et al. 2016); data_prep/download_pu.py
data/pu/K005/N15_M07_F10_K005_20.mat,8715032,Paderborn University KAt-DataCenter (Lessmeier et al. 2016); data_prep/download_pu.py
data/pu/K005/N15_M07_F10_K005_3.mat,8753592,Paderborn University KAt-DataCenter (Lessmeier et al. 2016); data_prep/download_pu.py
data/pu/K005/N15_M07_F10_K005_4.mat,8737432,Paderborn University KAt-DataCenter (Lessmeier et al. 2016); data_prep/download_pu.py
data/pu/K005/N15_M07_F10_K005_5.mat,8714936,Paderborn University KAt-DataCenter (Lessmeier et al. 2016); data_prep/download_pu.py
data/pu/K005/N15_M07_F10_K005_6.mat,8714904,Paderborn University KAt-DataCenter (Lessmeier et al. 2016); data_prep/download_pu.py
data/pu/K005/N15_M07_F10_K005_7.mat,8731928,Paderborn University KAt-DataCenter (Lessmeier et al. 2016); data_prep/download_pu.py
data/pu/K005/N15_M07_F10_K005_8.mat,8745208,Paderborn University KAt-DataCenter (Lessmeier et al. 2016); data_prep/download_pu.py
data/pu/K005/N15_M07_F10_K005_9.mat,8714968,Paderborn University KAt-DataCenter (Lessmeier et al. 2016); data_prep/download_pu.py
data/pu/K006/K006.pdf,40914,Paderborn University KAt-DataCenter (Lessmeier et al. 2016); data_prep/download_pu.py
data/pu/K006/measuring_log_K006.pdf,139040,Paderborn University KAt-DataCenter (Lessmeier et al. 2016); data_prep/download_pu.py
data/pu/K006/N09_M07_F10_K006_1.mat,8717720,Paderborn University KAt-DataCenter (Lessmeier et al. 2016); data_prep/download_pu.py
data/pu/K006/N09_M07_F10_K006_10.mat,8756600,Paderborn University KAt-DataCenter (Lessmeier et al. 2016); data_prep/download_pu.py
data/pu/K006/N09_M07_F10_K006_11.mat,8758616,Paderborn University KAt-DataCenter (Lessmeier et al. 2016); data_prep/download_pu.py
data/pu/K006/N09_M07_F10_K006_12.mat,8717560,Paderborn University KAt-DataCenter (Lessmeier et al. 2016); data_prep/download_pu.py
data/pu/K006/N09_M07_F10_K006_13.mat,8717720,Paderborn University KAt-DataCenter (Lessmeier et al. 2016); data_prep/download_pu.py
data/pu/K006/N09_M07_F10_K006_14.mat,8714904,Paderborn University KAt-DataCenter (Lessmeier et al. 2016); data_prep/download_pu.py
data/pu/K006/N09_M07_F10_K006_15.mat,8753952,Paderborn University KAt-DataCenter (Lessmeier et al. 2016); data_prep/download_pu.py
data/pu/K006/N09_M07_F10_K006_16.mat,8717848,Paderborn University KAt-DataCenter (Lessmeier et al. 2016); data_prep/download_pu.py
data/pu/K006/N09_M07_F10_K006_17.mat,8717368,Paderborn University KAt-DataCenter (Lessmeier et al. 2016); data_prep/download_pu.py
data/pu/K006/N09_M07_F10_K006_18.mat,8743192,Paderborn University KAt-DataCenter (Lessmeier et al. 2016); data_prep/download_pu.py
data/pu/K006/N09_M07_F10_K006_19.mat,8718392,Paderborn University KAt-DataCenter (Lessmeier et al. 2016); data_prep/download_pu.py
data/pu/K006/N09_M07_F10_K006_2.mat,8718200,Paderborn University KAt-DataCenter (Lessmeier et al. 2016); data_prep/download_pu.py
data/pu/K006/N09_M07_F10_K006_20.mat,8764184,Paderborn University KAt-DataCenter (Lessmeier et al. 2016); data_prep/download_pu.py
data/pu/K006/N09_M07_F10_K006_3.mat,8714904,Paderborn University KAt-DataCenter (Lessmeier et al. 2016); data_prep/download_pu.py
data/pu/K006/N09_M07_F10_K006_4.mat,8717880,Paderborn University KAt-DataCenter (Lessmeier et al. 2016); data_prep/download_pu.py
data/pu/K006/N09_M07_F10_K006_5.mat,8717752,Paderborn University KAt-DataCenter (Lessmeier et al. 2016); data_prep/download_pu.py
data/pu/K006/N09_M07_F10_K006_6.mat,8714904,Paderborn University KAt-DataCenter (Lessmeier et al. 2016); data_prep/download_pu.py
data/pu/K006/N09_M07_F10_K006_7.mat,8714904,Paderborn University KAt-DataCenter (Lessmeier et al. 2016); data_prep/download_pu.py
data/pu/K006/N09_M07_F10_K006_8.mat,8732824,Paderborn University KAt-DataCenter (Lessmeier et al. 2016); data_prep/download_pu.py
data/pu/K006/N09_M07_F10_K006_9.mat,8718136,Paderborn University KAt-DataCenter (Lessmeier et al. 2016); data_prep/download_pu.py
data/pu/K006/N15_M01_F10_K006_1.mat,8731672,Paderborn University KAt-DataCenter (Lessmeier et al. 2016); data_prep/download_pu.py
data/pu/K006/N15_M01_F10_K006_10.mat,8714904,Paderborn University KAt-DataCenter (Lessmeier et al. 2016); data_prep/download_pu.py
data/pu/K006/N15_M01_F10_K006_11.mat,8714904,Paderborn University KAt-DataCenter (Lessmeier et al. 2016); data_prep/download_pu.py
data/pu/K006/N15_M01_F10_K006_12.mat,8723576,Paderborn University KAt-DataCenter (Lessmeier et al. 2016); data_prep/download_pu.py
data/pu/K006/N15_M01_F10_K006_13.mat,8714872,Paderborn University KAt-DataCenter (Lessmeier et al. 2016); data_prep/download_pu.py
data/pu/K006/N15_M01_F10_K006_14.mat,8717688,Paderborn University KAt-DataCenter (Lessmeier et al. 2016); data_prep/download_pu.py
data/pu/K006/N15_M01_F10_K006_15.mat,8725592,Paderborn University KAt-DataCenter (Lessmeier et al. 2016); data_prep/download_pu.py
data/pu/K006/N15_M01_F10_K006_16.mat,8717528,Paderborn University KAt-DataCenter (Lessmeier et al. 2016); data_prep/download_pu.py
data/pu/K006/N15_M01_F10_K006_17.mat,8725176,Paderborn University KAt-DataCenter (Lessmeier et al. 2016); data_prep/download_pu.py
data/pu/K006/N15_M01_F10_K006_18.mat,8714904,Paderborn University KAt-DataCenter (Lessmeier et al. 2016); data_prep/download_pu.py
data/pu/K006/N15_M01_F10_K006_19.mat,8733944,Paderborn University KAt-DataCenter (Lessmeier et al. 2016); data_prep/download_pu.py
data/pu/K006/N15_M01_F10_K006_2.mat,8714904,Paderborn University KAt-DataCenter (Lessmeier et al. 2016); data_prep/download_pu.py
data/pu/K006/N15_M01_F10_K006_20.mat,8789688,Paderborn University KAt-DataCenter (Lessmeier et al. 2016); data_prep/download_pu.py
data/pu/K006/N15_M01_F10_K006_3.mat,8743192,Paderborn University KAt-DataCenter (Lessmeier et al. 2016); data_prep/download_pu.py
data/pu/K006/N15_M01_F10_K006_4.mat,8717496,Paderborn University KAt-DataCenter (Lessmeier et al. 2016); data_prep/download_pu.py
data/pu/K006/N15_M01_F10_K006_5.mat,8714904,Paderborn University KAt-DataCenter (Lessmeier et al. 2016); data_prep/download_pu.py
data/pu/K006/N15_M01_F10_K006_6.mat,8717920,Paderborn University KAt-DataCenter (Lessmeier et al. 2016); data_prep/download_pu.py
data/pu/K006/N15_M01_F10_K006_7.mat,8714904,Paderborn University KAt-DataCenter (Lessmeier et al. 2016); data_prep/download_pu.py
data/pu/K006/N15_M01_F10_K006_8.mat,8714904,Paderborn University KAt-DataCenter (Lessmeier et al. 2016); data_prep/download_pu.py
data/pu/K006/N15_M01_F10_K006_9.mat,8718936,Paderborn University KAt-DataCenter (Lessmeier et al. 2016); data_prep/download_pu.py
data/pu/K006/N15_M07_F04_K006_1.mat,8727416,Paderborn University KAt-DataCenter (Lessmeier et al. 2016); data_prep/download_pu.py
data/pu/K006/N15_M07_F04_K006_10.mat,8714936,Paderborn University KAt-DataCenter (Lessmeier et al. 2016); data_prep/download_pu.py
data/pu/K006/N15_M07_F04_K006_11.mat,8714872,Paderborn University KAt-DataCenter (Lessmeier et al. 2016); data_prep/download_pu.py
data/pu/K006/N15_M07_F04_K006_12.mat,8714904,Paderborn University KAt-DataCenter (Lessmeier et al. 2016); data_prep/download_pu.py
data/pu/K006/N15_M07_F04_K006_13.mat,8714904,Paderborn University KAt-DataCenter (Lessmeier et al. 2016); data_prep/download_pu.py
data/pu/K006/N15_M07_F04_K006_14.mat,8714904,Paderborn University KAt-DataCenter (Lessmeier et al. 2016); data_prep/download_pu.py
data/pu/K006/N15_M07_F04_K006_15.mat,8719352,Paderborn University KAt-DataCenter (Lessmeier et al. 2016); data_prep/download_pu.py
data/pu/K006/N15_M07_F04_K006_16.mat,8715032,Paderborn University KAt-DataCenter (Lessmeier et al. 2016); data_prep/download_pu.py
data/pu/K006/N15_M07_F04_K006_17.mat,8714904,Paderborn University KAt-DataCenter (Lessmeier et al. 2016); data_prep/download_pu.py
data/pu/K006/N15_M07_F04_K006_18.mat,8868376,Paderborn University KAt-DataCenter (Lessmeier et al. 2016); data_prep/download_pu.py
data/pu/K006/N15_M07_F04_K006_19.mat,8714904,Paderborn University KAt-DataCenter (Lessmeier et al. 2016); data_prep/download_pu.py
data/pu/K006/N15_M07_F04_K006_2.mat,8732024,Paderborn University KAt-DataCenter (Lessmeier et al. 2016); data_prep/download_pu.py
data/pu/K006/N15_M07_F04_K006_20.mat,8714872,Paderborn University KAt-DataCenter (Lessmeier et al. 2016); data_prep/download_pu.py
data/pu/K006/N15_M07_F04_K006_3.mat,8714904,Paderborn University KAt-DataCenter (Lessmeier et al. 2016); data_prep/download_pu.py
data/pu/K006/N15_M07_F04_K006_4.mat,8714904,Paderborn University KAt-DataCenter (Lessmeier et al. 2016); data_prep/download_pu.py
data/pu/K006/N15_M07_F04_K006_5.mat,8888728,Paderborn University KAt-DataCenter (Lessmeier et al. 2016); data_prep/download_pu.py
data/pu/K006/N15_M07_F04_K006_6.mat,8714904,Paderborn University KAt-DataCenter (Lessmeier et al. 2016); data_prep/download_pu.py
data/pu/K006/N15_M07_F04_K006_7.mat,8714904,Paderborn University KAt-DataCenter (Lessmeier et al. 2016); data_prep/download_pu.py
data/pu/K006/N15_M07_F04_K006_8.mat,8768824,Paderborn University KAt-DataCenter (Lessmeier et al. 2016); data_prep/download_pu.py
data/pu/K006/N15_M07_F04_K006_9.mat,8714904,Paderborn University KAt-DataCenter (Lessmeier et al. 2016); data_prep/download_pu.py
data/pu/K006/N15_M07_F10_K006_1.mat,8714904,Paderborn University KAt-DataCenter (Lessmeier et al. 2016); data_prep/download_pu.py
data/pu/K006/N15_M07_F10_K006_10.mat,8756472,Paderborn University KAt-DataCenter (Lessmeier et al. 2016); data_prep/download_pu.py
data/pu/K006/N15_M07_F10_K006_11.mat,8714904,Paderborn University KAt-DataCenter (Lessmeier et al. 2016); data_prep/download_pu.py
data/pu/K006/N15_M07_F10_K006_12.mat,9030744,Paderborn University KAt-DataCenter (Lessmeier et al. 2016); data_prep/download_pu.py
data/pu/K006/N15_M07_F10_K006_13.mat,8717592,Paderborn University KAt-DataCenter (Lessmeier et al. 2016); data_prep/download_pu.py
data/pu/K006/N15_M07_F10_K006_14.mat,8746136,Paderborn University KAt-DataCenter (Lessmeier et al. 2016); data_prep/download_pu.py
data/pu/K006/N15_M07_F10_K006_15.mat,8714904,Paderborn University KAt-DataCenter (Lessmeier et al. 2016); data_prep/download_pu.py
data/pu/K006/N15_M07_F10_K006_16.mat,8718200,Paderborn University KAt-DataCenter (Lessmeier et al. 2016); data_prep/download_pu.py
data/pu/K006/N15_M07_F10_K006_17.mat,8754936,Paderborn University KAt-DataCenter (Lessmeier et al. 2016); data_prep/download_pu.py
data/pu/K006/N15_M07_F10_K006_18.mat,8714904,Paderborn University KAt-DataCenter (Lessmeier et al. 2016); data_prep/download_pu.py
data/pu/K006/N15_M07_F10_K006_19.mat,8763160,Paderborn University KAt-DataCenter (Lessmeier et al. 2016); data_prep/download_pu.py
data/pu/K006/N15_M07_F10_K006_2.mat,8714904,Paderborn University KAt-DataCenter (Lessmeier et al. 2016); data_prep/download_pu.py
data/pu/K006/N15_M07_F10_K006_20.mat,8718080,Paderborn University KAt-DataCenter (Lessmeier et al. 2016); data_prep/download_pu.py
data/pu/K006/N15_M07_F10_K006_3.mat,8760696,Paderborn University KAt-DataCenter (Lessmeier et al. 2016); data_prep/download_pu.py
data/pu/K006/N15_M07_F10_K006_4.mat,8717528,Paderborn University KAt-DataCenter (Lessmeier et al. 2016); data_prep/download_pu.py
data/pu/K006/N15_M07_F10_K006_5.mat,8714904,Paderborn University KAt-DataCenter (Lessmeier et al. 2016); data_prep/download_pu.py
data/pu/K006/N15_M07_F10_K006_6.mat,8714904,Paderborn University KAt-DataCenter (Lessmeier et al. 2016); data_prep/download_pu.py
data/pu/K006/N15_M07_F10_K006_7.mat,8714872,Paderborn University KAt-DataCenter (Lessmeier et al. 2016); data_prep/download_pu.py
data/pu/K006/N15_M07_F10_K006_8.mat,8757112,Paderborn University KAt-DataCenter (Lessmeier et al. 2016); data_prep/download_pu.py
data/pu/K006/N15_M07_F10_K006_9.mat,8717592,Paderborn University KAt-DataCenter (Lessmeier et al. 2016); data_prep/download_pu.py
data/pu/KA01/KA01.pdf,231163,Paderborn University KAt-DataCenter (Lessmeier et al. 2016); data_prep/download_pu.py
data/pu/KA01/measuring_log_KA01.pdf,138874,Paderborn University KAt-DataCenter (Lessmeier et al. 2016); data_prep/download_pu.py
data/pu/KA01/N09_M07_F10_KA01_1.mat,8714904,Paderborn University KAt-DataCenter (Lessmeier et al. 2016); data_prep/download_pu.py
data/pu/KA01/N09_M07_F10_KA01_10.mat,8714872,Paderborn University KAt-DataCenter (Lessmeier et al. 2016); data_prep/download_pu.py
data/pu/KA01/N09_M07_F10_KA01_11.mat,8727672,Paderborn University KAt-DataCenter (Lessmeier et al. 2016); data_prep/download_pu.py
data/pu/KA01/N09_M07_F10_KA01_12.mat,8717592,Paderborn University KAt-DataCenter (Lessmeier et al. 2016); data_prep/download_pu.py
data/pu/KA01/N09_M07_F10_KA01_13.mat,8714872,Paderborn University KAt-DataCenter (Lessmeier et al. 2016); data_prep/download_pu.py
data/pu/KA01/N09_M07_F10_KA01_14.mat,8715032,Paderborn University KAt-DataCenter (Lessmeier et al. 2016); data_prep/download_pu.py
data/pu/KA01/N09_M07_F10_KA01_15.mat,8717784,Paderborn University KAt-DataCenter (Lessmeier et al. 2016); data_prep/download_pu.py
data/pu/KA01/N09_M07_F10_KA01_16.mat,8714904,Paderborn University KAt-DataCenter (Lessmeier et al. 2016); data_prep/download_pu.py
data/pu/KA01/N09_M07_F10_KA01_17.mat,8717608,Paderborn University KAt-DataCenter (Lessmeier et al. 2016); data_prep/download_pu.py
data/pu/KA01/N09_M07_F10_KA01_18.mat,8714904,Paderborn University KAt-DataCenter (Lessmeier et al. 2016); data_prep/download_pu.py
data/pu/KA01/N09_M07_F10_KA01_19.mat,8714968,Paderborn University KAt-DataCenter (Lessmeier et al. 2016); data_prep/download_pu.py
data/pu/KA01/N09_M07_F10_KA01_2.mat,8717848,Paderborn University KAt-DataCenter (Lessmeier et al. 2016); data_prep/download_pu.py
data/pu/KA01/N09_M07_F10_KA01_20.mat,8714904,Paderborn University KAt-DataCenter (Lessmeier et al. 2016); data_prep/download_pu.py
data/pu/KA01/N09_M07_F10_KA01_3.mat,8714936,Paderborn University KAt-DataCenter (Lessmeier et al. 2016); data_prep/download_pu.py
data/pu/KA01/N09_M07_F10_KA01_4.mat,8715000,Paderborn University KAt-DataCenter (Lessmeier et al. 2016); data_prep/download_pu.py
data/pu/KA01/N09_M07_F10_KA01_5.mat,8714904,Paderborn University KAt-DataCenter (Lessmeier et al. 2016); data_prep/download_pu.py
data/pu/KA01/N09_M07_F10_KA01_6.mat,8718336,Paderborn University KAt-DataCenter (Lessmeier et al. 2016); data_prep/download_pu.py
data/pu/KA01/N09_M07_F10_KA01_7.mat,8714904,Paderborn University KAt-DataCenter (Lessmeier et al. 2016); data_prep/download_pu.py
data/pu/KA01/N09_M07_F10_KA01_8.mat,8714968,Paderborn University KAt-DataCenter (Lessmeier et al. 2016); data_prep/download_pu.py
data/pu/KA01/N09_M07_F10_KA01_9.mat,8718240,Paderborn University KAt-DataCenter (Lessmeier et al. 2016); data_prep/download_pu.py
data/pu/KA01/N15_M01_F10_KA01_1.mat,8717496,Paderborn University KAt-DataCenter (Lessmeier et al. 2016); data_prep/download_pu.py
data/pu/KA01/N15_M01_F10_KA01_10.mat,8714904,Paderborn University KAt-DataCenter (Lessmeier et al. 2016); data_prep/download_pu.py
data/pu/KA01/N15_M01_F10_KA01_11.mat,8714904,Paderborn University KAt-DataCenter (Lessmeier et al. 2016); data_prep/download_pu.py
data/pu/KA01/N15_M01_F10_KA01_12.mat,8714904,Paderborn University KAt-DataCenter (Lessmeier et al. 2016); data_prep/download_pu.py
data/pu/KA01/N15_M01_F10_KA01_13.mat,8717672,Paderborn University KAt-DataCenter (Lessmeier et al. 2016); data_prep/download_pu.py
data/pu/KA01/N15_M01_F10_KA01_14.mat,8714872,Paderborn University KAt-DataCenter (Lessmeier et al. 2016); data_prep/download_pu.py
data/pu/KA01/N15_M01_F10_KA01_15.mat,8714904,Paderborn University KAt-DataCenter (Lessmeier et al. 2016); data_prep/download_pu.py
data/pu/KA01/N15_M01_F10_KA01_16.mat,8718072,Paderborn University KAt-DataCenter (Lessmeier et al. 2016); data_prep/download_pu.py
data/pu/KA01/N15_M01_F10_KA01_17.mat,8717160,Paderborn University KAt-DataCenter (Lessmeier et al. 2016); data_prep/download_pu.py
data/pu/KA01/N15_M01_F10_KA01_18.mat,8714872,Paderborn University KAt-DataCenter (Lessmeier et al. 2016); data_prep/download_pu.py
data/pu/KA01/N15_M01_F10_KA01_19.mat,8714904,Paderborn University KAt-DataCenter (Lessmeier et al. 2016); data_prep/download_pu.py
data/pu/KA01/N15_M01_F10_KA01_2.mat,8714936,Paderborn University KAt-DataCenter (Lessmeier et al. 2016); data_prep/download_pu.py
data/pu/KA01/N15_M01_F10_KA01_20.mat,8714872,Paderborn University KAt-DataCenter (Lessmeier et al. 2016); data_prep/download_pu.py
data/pu/KA01/N15_M01_F10_KA01_3.mat,8715032,Paderborn University KAt-DataCenter (Lessmeier et al. 2016); data_prep/download_pu.py
data/pu/KA01/N15_M01_F10_KA01_4.mat,8718176,Paderborn University KAt-DataCenter (Lessmeier et al. 2016); data_prep/download_pu.py
data/pu/KA01/N15_M01_F10_KA01_5.mat,8718424,Paderborn University KAt-DataCenter (Lessmeier et al. 2016); data_prep/download_pu.py
data/pu/KA01/N15_M01_F10_KA01_6.mat,8714904,Paderborn University KAt-DataCenter (Lessmeier et al. 2016); data_prep/download_pu.py
data/pu/KA01/N15_M01_F10_KA01_7.mat,8714968,Paderborn University KAt-DataCenter (Lessmeier et al. 2016); data_prep/download_pu.py
data/pu/KA01/N15_M01_F10_KA01_8.mat,8714872,Paderborn University KAt-DataCenter (Lessmeier et al. 2016); data_prep/download_pu.py
data/pu/KA01/N15_M01_F10_KA01_9.mat,8714808,Paderborn University KAt-DataCenter (Lessmeier et al. 2016); data_prep/download_pu.py
data/pu/KA01/N15_M07_F04_KA01_1.mat,8717848,Paderborn University KAt-DataCenter (Lessmeier et al. 2016); data_prep/download_pu.py
data/pu/KA01/N15_M07_F04_KA01_10.mat,8714904,Paderborn University KAt-DataCenter (Lessmeier et al. 2016); data_prep/download_pu.py
data/pu/KA01/N15_M07_F04_KA01_11.mat,8714872,Paderborn University KAt-DataCenter (Lessmeier et al. 2016); data_prep/download_pu.py
data/pu/KA01/N15_M07_F04_KA01_12.mat,8714904,Paderborn University KAt-DataCenter (Lessmeier et al. 2016); data_prep/download_pu.py
data/pu/KA01/N15_M07_F04_KA01_13.mat,8714840,Paderborn University KAt-DataCenter (Lessmeier et al. 2016); data_prep/download_pu.py
data/pu/KA01/N15_M07_F04_KA01_14.mat,8717272,Paderborn University KAt-DataCenter (Lessmeier et al. 2016); data_prep/download_pu.py
data/pu/KA01/N15_M07_F04_KA01_15.mat,8714872,Paderborn University KAt-DataCenter (Lessmeier et al. 2016); data_prep/download_pu.py
data/pu/KA01/N15_M07_F04_KA01_16.mat,9388440,Paderborn University KAt-DataCenter (Lessmeier et al. 2016); data_prep/download_pu.py
data/pu/KA01/N15_M07_F04_KA01_17.mat,8717976,Paderborn University KAt-DataCenter (Lessmeier et al. 2016); data_prep/download_pu.py
data/pu/KA01/N15_M07_F04_KA01_18.mat,8714904,Paderborn University KAt-DataCenter (Lessmeier et al. 2016); data_prep/download_pu.py
data/pu/KA01/N15_M07_F04_KA01_19.mat,8728280,Paderborn University KAt-DataCenter (Lessmeier et al. 2016); data_prep/download_pu.py
data/pu/KA01/N15_M07_F04_KA01_2.mat,8714872,Paderborn University KAt-DataCenter (Lessmeier et al. 2016); data_prep/download_pu.py
data/pu/KA01/N15_M07_F04_KA01_20.mat,8717592,Paderborn University KAt-DataCenter (Lessmeier et al. 2016); data_prep/download_pu.py
data/pu/KA01/N15_M07_F04_KA01_3.mat,8714904,Paderborn University KAt-DataCenter (Lessmeier et al. 2016); data_prep/download_pu.py
data/pu/KA01/N15_M07_F04_KA01_4.mat,8714968,Paderborn University KAt-DataCenter (Lessmeier et al. 2016); data_prep/download_pu.py
data/pu/KA01/N15_M07_F04_KA01_5.mat,8714840,Paderborn University KAt-DataCenter (Lessmeier et al. 2016); data_prep/download_pu.py
data/pu/KA01/N15_M07_F04_KA01_6.mat,8717592,Paderborn University KAt-DataCenter (Lessmeier et al. 2016); data_prep/download_pu.py
data/pu/KA01/N15_M07_F04_KA01_7.mat,8714872,Paderborn University KAt-DataCenter (Lessmeier et al. 2016); data_prep/download_pu.py
data/pu/KA01/N15_M07_F04_KA01_8.mat,8714904,Paderborn University KAt-DataCenter (Lessmeier et al. 2016); data_prep/download_pu.py
data/pu/KA01/N15_M07_F04_KA01_9.mat,8717304,Paderborn University KAt-DataCenter (Lessmeier et al. 2016); data_prep/download_pu.py
data/pu/KA01/N15_M07_F10_KA01_1.mat,8714872,Paderborn University KAt-DataCenter (Lessmeier et al. 2016); data_prep/download_pu.py
data/pu/KA01/N15_M07_F10_KA01_10.mat,8714872,Paderborn University KAt-DataCenter (Lessmeier et al. 2016); data_prep/download_pu.py
data/pu/KA01/N15_M07_F10_KA01_11.mat,8714872,Paderborn University KAt-DataCenter (Lessmeier et al. 2016); data_prep/download_pu.py
data/pu/KA01/N15_M07_F10_KA01_12.mat,8714904,Paderborn University KAt-DataCenter (Lessmeier et al. 2016); data_prep/download_pu.py
data/pu/KA01/N15_M07_F10_KA01_13.mat,8715096,Paderborn University KAt-DataCenter (Lessmeier et al. 2016); data_prep/download_pu.py
data/pu/KA01/N15_M07_F10_KA01_14.mat,8715128,Paderborn University KAt-DataCenter (Lessmeier et al. 2016); data_prep/download_pu.py
data/pu/KA01/N15_M07_F10_KA01_15.mat,9286104,Paderborn University KAt-DataCenter (Lessmeier et al. 2016); data_prep/download_pu.py
data/pu/KA01/N15_M07_F10_KA01_16.mat,8734552,Paderborn University KAt-DataCenter (Lessmeier et al. 2016); data_prep/download_pu.py
data/pu/KA01/N15_M07_F10_KA01_17.mat,8715032,Paderborn University KAt-DataCenter (Lessmeier et al. 2016); data_prep/download_pu.py
data/pu/KA01/N15_M07_F10_KA01_18.mat,8714872,Paderborn University KAt-DataCenter (Lessmeier et al. 2016); data_prep/download_pu.py
data/pu/KA01/N15_M07_F10_KA01_19.mat,8717568,Paderborn University KAt-DataCenter (Lessmeier et al. 2016); data_prep/download_pu.py
data/pu/KA01/N15_M07_F10_KA01_2.mat,8718104,Paderborn University KAt-DataCenter (Lessmeier et al. 2016); data_prep/download_pu.py
data/pu/KA01/N15_M07_F10_KA01_20.mat,8718648,Paderborn University KAt-DataCenter (Lessmeier et al. 2016); data_prep/download_pu.py
data/pu/KA01/N15_M07_F10_KA01_3.mat,8714968,Paderborn University KAt-DataCenter (Lessmeier et al. 2016); data_prep/download_pu.py
data/pu/KA01/N15_M07_F10_KA01_4.mat,8714872,Paderborn University KAt-DataCenter (Lessmeier et al. 2016); data_prep/download_pu.py
data/pu/KA01/N15_M07_F10_KA01_5.mat,8714904,Paderborn University KAt-DataCenter (Lessmeier et al. 2016); data_prep/download_pu.py
data/pu/KA01/N15_M07_F10_KA01_6.mat,8714872,Paderborn University KAt-DataCenter (Lessmeier et al. 2016); data_prep/download_pu.py
data/pu/KA01/N15_M07_F10_KA01_7.mat,8714904,Paderborn University KAt-DataCenter (Lessmeier et al. 2016); data_prep/download_pu.py
data/pu/KA01/N15_M07_F10_KA01_8.mat,8714904,Paderborn University KAt-DataCenter (Lessmeier et al. 2016); data_prep/download_pu.py
data/pu/KA01/N15_M07_F10_KA01_9.mat,8714872,Paderborn University KAt-DataCenter (Lessmeier et al. 2016); data_prep/download_pu.py
data/pu/KA03/KA03.pdf,55597,Paderborn University KAt-DataCenter (Lessmeier et al. 2016); data_prep/download_pu.py
data/pu/KA03/measuring_log_KA03.pdf,139229,Paderborn University KAt-DataCenter (Lessmeier et al. 2016); data_prep/download_pu.py
data/pu/KA03/N09_M07_F10_KA03_1.mat,8714904,Paderborn University KAt-DataCenter (Lessmeier et al. 2016); data_prep/download_pu.py
data/pu/KA03/N09_M07_F10_KA03_10.mat,8714904,Paderborn University KAt-DataCenter (Lessmeier et al. 2016); data_prep/download_pu.py
data/pu/KA03/N09_M07_F10_KA03_11.mat,8714904,Paderborn University KAt-DataCenter (Lessmeier et al. 2016); data_prep/download_pu.py
data/pu/KA03/N09_M07_F10_KA03_12.mat,8714872,Paderborn University KAt-DataCenter (Lessmeier et al. 2016); data_prep/download_pu.py
data/pu/KA03/N09_M07_F10_KA03_13.mat,8714904,Paderborn University KAt-DataCenter (Lessmeier et al. 2016); data_prep/download_pu.py
data/pu/KA03/N09_M07_F10_KA03_14.mat,8714904,Paderborn University KAt-DataCenter (Lessmeier et al. 2016); data_prep/download_pu.py
data/pu/KA03/N09_M07_F10_KA03_15.mat,8714904,Paderborn University KAt-DataCenter (Lessmeier et al. 2016); data_prep/download_pu.py
data/pu/KA03/N09_M07_F10_KA03_16.mat,8714904,Paderborn University KAt-DataCenter (Lessmeier et al. 2016); data_prep/download_pu.py
data/pu/KA03/N09_M07_F10_KA03_17.mat,8714904,Paderborn University KAt-DataCenter (Lessmeier et al. 2016); data_prep/download_pu.py
data/pu/KA03/N09_M07_F10_KA03_18.mat,8714904,Paderborn University KAt-DataCenter (Lessmeier et al. 2016); data_prep/download_pu.py
data/pu/KA03/N09_M07_F10_KA03_19.mat,8714872,Paderborn University KAt-DataCenter (Lessmeier et al. 2016); data_prep/download_pu.py
data/pu/KA03/N09_M07_F10_KA03_2.mat,8714840,Paderborn University KAt-DataCenter (Lessmeier et al. 2016); data_prep/download_pu.py
data/pu/KA03/N09_M07_F10_KA03_20.mat,8714904,Paderborn University KAt-DataCenter (Lessmeier et al. 2016); data_prep/download_pu.py
data/pu/KA03/N09_M07_F10_KA03_3.mat,8714936,Paderborn University KAt-DataCenter (Lessmeier et al. 2016); data_prep/download_pu.py
data/pu/KA03/N09_M07_F10_KA03_4.mat,9511352,Paderborn University KAt-DataCenter (Lessmeier et al. 2016); data_prep/download_pu.py
data/pu/KA03/N09_M07_F10_KA03_5.mat,8714936,Paderborn University KAt-DataCenter (Lessmeier et al. 2016); data_prep/download_pu.py
data/pu/KA03/N09_M07_F10_KA03_6.mat,8714904,Paderborn University KAt-DataCenter (Lessmeier et al. 2016); data_prep/download_pu.py
data/pu/KA03/N09_M07_F10_KA03_7.mat,8714904,Paderborn University KAt-DataCenter (Lessmeier et al. 2016); data_prep/download_pu.py
data/pu/KA03/N09_M07_F10_KA03_8.mat,8714904,Paderborn University KAt-DataCenter (Lessmeier et al. 2016); data_prep/download_pu.py
data/pu/KA03/N09_M07_F10_KA03_9.mat,8714904,Paderborn University KAt-DataCenter (Lessmeier et al. 2016); data_prep/download_pu.py
data/pu/KA03/N15_M01_F10_KA03_1.mat,8714936,Paderborn University KAt-DataCenter (Lessmeier et al. 2016); data_prep/download_pu.py
data/pu/KA03/N15_M01_F10_KA03_10.mat,8714872,Paderborn University KAt-DataCenter (Lessmeier et al. 2016); data_prep/download_pu.py
data/pu/KA03/N15_M01_F10_KA03_11.mat,8714904,Paderborn University KAt-DataCenter (Lessmeier et al. 2016); data_prep/download_pu.py
data/pu/KA03/N15_M01_F10_KA03_12.mat,8714904,Paderborn University KAt-DataCenter (Lessmeier et al. 2016); data_prep/download_pu.py
data/pu/KA03/N15_M01_F10_KA03_13.mat,8714872,Paderborn University KAt-DataCenter (Lessmeier et al. 2016); data_prep/download_pu.py
data/pu/KA03/N15_M01_F10_KA03_14.mat,8714968,Paderborn University KAt-DataCenter (Lessmeier et al. 2016); data_prep/download_pu.py
data/pu/KA03/N15_M01_F10_KA03_15.mat,8714904,Paderborn University KAt-DataCenter (Lessmeier et al. 2016); data_prep/download_pu.py
data/pu/KA03/N15_M01_F10_KA03_16.mat,8714936,Paderborn University KAt-DataCenter (Lessmeier et al. 2016); data_prep/download_pu.py
data/pu/KA03/N15_M01_F10_KA03_17.mat,8768504,Paderborn University KAt-DataCenter (Lessmeier et al. 2016); data_prep/download_pu.py
data/pu/KA03/N15_M01_F10_KA03_18.mat,8714936,Paderborn University KAt-DataCenter (Lessmeier et al. 2016); data_prep/download_pu.py
data/pu/KA03/N15_M01_F10_KA03_19.mat,8714936,Paderborn University KAt-DataCenter (Lessmeier et al. 2016); data_prep/download_pu.py
data/pu/KA03/N15_M01_F10_KA03_2.mat,8715032,Paderborn University KAt-DataCenter (Lessmeier et al. 2016); data_prep/download_pu.py
data/pu/KA03/N15_M01_F10_KA03_20.mat,8714904,Paderborn University KAt-DataCenter (Lessmeier et al. 2016); data_prep/download_pu.py
data/pu/KA03/N15_M01_F10_KA03_3.mat,8714904,Paderborn University KAt-DataCenter (Lessmeier et al. 2016); data_prep/download_pu.py
data/pu/KA03/N15_M01_F10_KA03_4.mat,8714872,Paderborn University KAt-DataCenter (Lessmeier et al. 2016); data_prep/download_pu.py
data/pu/KA03/N15_M01_F10_KA03_5.mat,8714872,Paderborn University KAt-DataCenter (Lessmeier et al. 2016); data_prep/download_pu.py
data/pu/KA03/N15_M01_F10_KA03_6.mat,8714872,Paderborn University KAt-DataCenter (Lessmeier et al. 2016); data_prep/download_pu.py
data/pu/KA03/N15_M01_F10_KA03_7.mat,8714904,Paderborn University KAt-DataCenter (Lessmeier et al. 2016); data_prep/download_pu.py
data/pu/KA03/N15_M01_F10_KA03_8.mat,8714904,Paderborn University KAt-DataCenter (Lessmeier et al. 2016); data_prep/download_pu.py
data/pu/KA03/N15_M01_F10_KA03_9.mat,8714904,Paderborn University KAt-DataCenter (Lessmeier et al. 2016); data_prep/download_pu.py
data/pu/KA03/N15_M07_F04_KA03_1.mat,8714904,Paderborn University KAt-DataCenter (Lessmeier et al. 2016); data_prep/download_pu.py
data/pu/KA03/N15_M07_F04_KA03_10.mat,8862648,Paderborn University KAt-DataCenter (Lessmeier et al. 2016); data_prep/download_pu.py
data/pu/KA03/N15_M07_F04_KA03_11.mat,8714872,Paderborn University KAt-DataCenter (Lessmeier et al. 2016); data_prep/download_pu.py
data/pu/KA03/N15_M07_F04_KA03_12.mat,8714872,Paderborn University KAt-DataCenter (Lessmeier et al. 2016); data_prep/download_pu.py
data/pu/KA03/N15_M07_F04_KA03_13.mat,8714872,Paderborn University KAt-DataCenter (Lessmeier et al. 2016); data_prep/download_pu.py
data/pu/KA03/N15_M07_F04_KA03_14.mat,8781688,Paderborn University KAt-DataCenter (Lessmeier et al. 2016); data_prep/download_pu.py
data/pu/KA03/N15_M07_F04_KA03_15.mat,8714904,Paderborn University KAt-DataCenter (Lessmeier et al. 2016); data_prep/download_pu.py
data/pu/KA03/N15_M07_F04_KA03_16.mat,8714904,Paderborn University KAt-DataCenter (Lessmeier et al. 2016); data_prep/download_pu.py
data/pu/KA03/N15_M07_F04_KA03_17.mat,8894968,Paderborn University KAt-DataCenter (Lessmeier et al. 2016); data_prep/download_pu.py
data/pu/KA03/N15_M07_F04_KA03_18.mat,8715064,Paderborn University KAt-DataCenter (Lessmeier et al. 2016); data_prep/download_pu.py
data/pu/KA03/N15_M07_F04_KA03_19.mat,9434616,Paderborn University KAt-DataCenter (Lessmeier et al. 2016); data_prep/download_pu.py
data/pu/KA03/N15_M07_F04_KA03_2.mat,9390520,Paderborn University KAt-DataCenter (Lessmeier et al. 2016); data_prep/download_pu.py
data/pu/KA03/N15_M07_F04_KA03_20.mat,8714904,Paderborn University KAt-DataCenter (Lessmeier et al. 2016); data_prep/download_pu.py
data/pu/KA03/N15_M07_F04_KA03_3.mat,8982456,Paderborn University KAt-DataCenter (Lessmeier et al. 2016); data_prep/download_pu.py
data/pu/KA03/N15_M07_F04_KA03_4.mat,8714904,Paderborn University KAt-DataCenter (Lessmeier et al. 2016); data_prep/download_pu.py
data/pu/KA03/N15_M07_F04_KA03_5.mat,8714872,Paderborn University KAt-DataCenter (Lessmeier et al. 2016); data_prep/download_pu.py
data/pu/KA03/N15_M07_F04_KA03_6.mat,8714968,Paderborn University KAt-DataCenter (Lessmeier et al. 2016); data_prep/download_pu.py
data/pu/KA03/N15_M07_F04_KA03_7.mat,8714872,Paderborn University KAt-DataCenter (Lessmeier et al. 2016); data_prep/download_pu.py
data/pu/KA03/N15_M07_F04_KA03_8.mat,8714904,Paderborn University KAt-DataCenter (Lessmeier et al. 2016); data_prep/download_pu.py
data/pu/KA03/N15_M07_F04_KA03_9.mat,8714936,Paderborn University KAt-DataCenter (Lessmeier et al. 2016); data_prep/download_pu.py
data/pu/KA03/N15_M07_F10_KA03_1.mat,8715000,Paderborn University KAt-DataCenter (Lessmeier et al. 2016); data_prep/download_pu.py
data/pu/KA03/N15_M07_F10_KA03_10.mat,8714904,Paderborn University KAt-DataCenter (Lessmeier et al. 2016); data_prep/download_pu.py
data/pu/KA03/N15_M07_F10_KA03_11.mat,8714872,Paderborn University KAt-DataCenter (Lessmeier et al. 2016); data_prep/download_pu.py
data/pu/KA03/N15_M07_F10_KA03_12.mat,8715000,Paderborn University KAt-DataCenter (Lessmeier et al. 2016); data_prep/download_pu.py
data/pu/KA03/N15_M07_F10_KA03_13.mat,8714904,Paderborn University KAt-DataCenter (Lessmeier et al. 2016); data_prep/download_pu.py
data/pu/KA03/N15_M07_F10_KA03_14.mat,8714904,Paderborn University KAt-DataCenter (Lessmeier et al. 2016); data_prep/download_pu.py
data/pu/KA03/N15_M07_F10_KA03_15.mat,8714904,Paderborn University KAt-DataCenter (Lessmeier et al. 2016); data_prep/download_pu.py
data/pu/KA03/N15_M07_F10_KA03_16.mat,8714872,Paderborn University KAt-DataCenter (Lessmeier et al. 2016); data_prep/download_pu.py
data/pu/KA03/N15_M07_F10_KA03_17.mat,8714936,Paderborn University KAt-DataCenter (Lessmeier et al. 2016); data_prep/download_pu.py
data/pu/KA03/N15_M07_F10_KA03_18.mat,8714936,Paderborn University KAt-DataCenter (Lessmeier et al. 2016); data_prep/download_pu.py
data/pu/KA03/N15_M07_F10_KA03_19.mat,8714904,Paderborn University KAt-DataCenter (Lessmeier et al. 2016); data_prep/download_pu.py
data/pu/KA03/N15_M07_F10_KA03_2.mat,9600248,Paderborn University KAt-DataCenter (Lessmeier et al. 2016); data_prep/download_pu.py
data/pu/KA03/N15_M07_F10_KA03_20.mat,8714904,Paderborn University KAt-DataCenter (Lessmeier et al. 2016); data_prep/download_pu.py
data/pu/KA03/N15_M07_F10_KA03_3.mat,9396920,Paderborn University KAt-DataCenter (Lessmeier et al. 2016); data_prep/download_pu.py
data/pu/KA03/N15_M07_F10_KA03_4.mat,8762616,Paderborn University KAt-DataCenter (Lessmeier et al. 2016); data_prep/download_pu.py
data/pu/KA03/N15_M07_F10_KA03_5.mat,9385880,Paderborn University KAt-DataCenter (Lessmeier et al. 2016); data_prep/download_pu.py
data/pu/KA03/N15_M07_F10_KA03_6.mat,9503352,Paderborn University KAt-DataCenter (Lessmeier et al. 2016); data_prep/download_pu.py
data/pu/KA03/N15_M07_F10_KA03_7.mat,8714904,Paderborn University KAt-DataCenter (Lessmeier et al. 2016); data_prep/download_pu.py
data/pu/KA03/N15_M07_F10_KA03_8.mat,8714904,Paderborn University KAt-DataCenter (Lessmeier et al. 2016); data_prep/download_pu.py
data/pu/KA03/N15_M07_F10_KA03_9.mat,9198264,Paderborn University KAt-DataCenter (Lessmeier et al. 2016); data_prep/download_pu.py
data/pu/KA04/KA04.pdf,56380,Paderborn University KAt-DataCenter (Lessmeier et al. 2016); data_prep/download_pu.py
data/pu/KA04/measuring_log_KA04.pdf,139310,Paderborn University KAt-DataCenter (Lessmeier et al. 2016); data_prep/download_pu.py
data/pu/KA04/N09_M07_F10_KA04_1.mat,8714904,Paderborn University KAt-DataCenter (Lessmeier et al. 2016); data_prep/download_pu.py
data/pu/KA04/N09_M07_F10_KA04_10.mat,8714904,Paderborn University KAt-DataCenter (Lessmeier et al. 2016); data_prep/download_pu.py
data/pu/KA04/N09_M07_F10_KA04_11.mat,8717536,Paderborn University KAt-DataCenter (Lessmeier et al. 2016); data_prep/download_pu.py
data/pu/KA04/N09_M07_F10_KA04_12.mat,8714904,Paderborn University KAt-DataCenter (Lessmeier et al. 2016); data_prep/download_pu.py
data/pu/KA04/N09_M07_F10_KA04_13.mat,8714968,Paderborn University KAt-DataCenter (Lessmeier et al. 2016); data_prep/download_pu.py
data/pu/KA04/N09_M07_F10_KA04_14.mat,8718168,Paderborn University KAt-DataCenter (Lessmeier et al. 2016); data_prep/download_pu.py
data/pu/KA04/N09_M07_F10_KA04_15.mat,8718120,Paderborn University KAt-DataCenter (Lessmeier et al. 2016); data_prep/download_pu.py
data/pu/KA04/N09_M07_F10_KA04_16.mat,8714872,Paderborn University KAt-DataCenter (Lessmeier et al. 2016); data_prep/download_pu.py
data/pu/KA04/N09_M07_F10_KA04_17.mat,5864439,Paderborn University KAt-DataCenter (Lessmeier et al. 2016); data_prep/download_pu.py
data/pu/KA04/N09_M07_F10_KA04_18.mat,8717640,Paderborn University KAt-DataCenter (Lessmeier et al. 2016); data_prep/download_pu.py
data/pu/KA04/N09_M07_F10_KA04_19.mat,8714904,Paderborn University KAt-DataCenter (Lessmeier et al. 2016); data_prep/download_pu.py
data/pu/KA04/N09_M07_F10_KA04_2.mat,8717528,Paderborn University KAt-DataCenter (Lessmeier et al. 2016); data_prep/download_pu.py
data/pu/KA04/N09_M07_F10_KA04_20.mat,8717544,Paderborn University KAt-DataCenter (Lessmeier et al. 2016); data_prep/download_pu.py
data/pu/KA04/N09_M07_F10_KA04_3.mat,8714904,Paderborn University KAt-DataCenter (Lessmeier et al. 2016); data_prep/download_pu.py
data/pu/KA04/N09_M07_F10_KA04_4.mat,8714872,Paderborn University KAt-DataCenter (Lessmeier et al. 2016); data_prep/download_pu.py
data/pu/KA04/N09_M07_F10_KA04_5.mat,8714904,Paderborn University KAt-DataCenter (Lessmeier et al. 2016); data_prep/download_pu.py
data/pu/KA04/N09_M07_F10_KA04_6.mat,8717912,Paderborn University KAt-DataCenter (Lessmeier et al. 2016); data_prep/download_pu.py
data/pu/KA04/N09_M07_F10_KA04_7.mat,8745368,Paderborn University KAt-DataCenter (Lessmeier et al. 2016); data_prep/download_pu.py
data/pu/KA04/N09_M07_F10_KA04_8.mat,8714936,Paderborn University KAt-DataCenter (Lessmeier et al. 2016); data_prep/download_pu.py
data/pu/KA04/N09_M07_F10_KA04_9.mat,8714904,Paderborn University KAt-DataCenter (Lessmeier et al. 2016); data_prep/download_pu.py
data/pu/KA04/N15_M01_F10_KA04_1.mat,8725496,Paderborn University KAt-DataCenter (Lessmeier et al. 2016); data_prep/download_pu.py
data/pu/KA04/N15_M01_F10_KA04_10.mat,8714872,Paderborn University KAt-DataCenter (Lessmeier et al. 2016); data_prep/download_pu.py
data/pu/KA04/N15_M01_F10_KA04_11.mat,8714904,Paderborn University KAt-DataCenter (Lessmeier et al. 2016); data_prep/download_pu.py
data/pu/KA04/N15_M01_F10_KA04_12.mat,8715000,Paderborn University KAt-DataCenter (Lessmeier et al. 2016); data_prep/download_pu.py
data/pu/KA04/N15_M01_F10_KA04_13.mat,8718024,Paderborn University KAt-DataCenter (Lessmeier et al. 2016); data_prep/download_pu.py
data/pu/KA04/N15_M01_F10_KA04_14.mat,8714904,Paderborn University KAt-DataCenter (Lessmeier et al. 2016); data_prep/download_pu.py
data/pu/KA04/N15_M01_F10_KA04_15.mat,8714904,Paderborn University KAt-DataCenter (Lessmeier et al. 2016); data_prep/download_pu.py
data/pu/KA04/N15_M01_F10_KA04_16.mat,8930392,Paderborn University KAt-DataCenter (Lessmeier et al. 2016); data_prep/download_pu.py
data/pu/KA04/N15_M01_F10_KA04_17.mat,8714840,Paderborn University KAt-DataCenter (Lessmeier et al. 2016); data_prep/download_pu.py
data/pu/KA04/N15_M01_F10_KA04_18.mat,8739576,Paderborn University KAt-DataCenter (Lessmeier et al. 2016); data_prep/download_pu.py
data/pu/KA04/N15_M01_F10_KA04_19.mat,8717880,Paderborn University KAt-DataCenter (Lessmeier et al. 2016); data_prep/download_pu.py
data/pu/KA04/N15_M01_F10_KA04_2.mat,8714936,Paderborn University KAt-DataCenter (Lessmeier et al. 2016); data_prep/download_pu.py
data/pu/KA04/N15_M01_F10_KA04_20.mat,8714904,Paderborn University KAt-DataCenter (Lessmeier et al. 2016); data_prep/download_pu.py
data/pu/KA04/N15_M01_F10_KA04_3.mat,8714904,Paderborn University KAt-DataCenter (Lessmeier et al. 2016); data_prep/download_pu.py
data/pu/KA04/N15_M01_F10_KA04_4.mat,8717672,Paderborn University KAt-DataCenter (Lessmeier et al. 2016); data_prep/download_pu.py
data/pu/KA04/N15_M01_F10_KA04_5.mat,8714904,Paderborn University KAt-DataCenter (Lessmeier et al. 2016); data_prep/download_pu.py
data/pu/KA04/N15_M01_F10_KA04_6.mat,8714872,Paderborn University KAt-DataCenter (Lessmeier et al. 2016); data_prep/download_pu.py
data/pu/KA04/N15_M01_F10_KA04_7.mat,8715000,Paderborn University KAt-DataCenter (Lessmeier et al. 2016); data_prep/download_pu.py
data/pu/KA04/N15_M01_F10_KA04_8.mat,8714904,Paderborn University KAt-DataCenter (Lessmeier et al. 2016); data_prep/download_pu.py
data/pu/KA04/N15_M01_F10_KA04_9.mat,8717704,Paderborn University KAt-DataCenter (Lessmeier et al. 2016); data_prep/download_pu.py
data/pu/KA04/N15_M07_F04_KA04_1.mat,8730072,Paderborn University KAt-DataCenter (Lessmeier et al. 2016); data_prep/download_pu.py
data/pu/KA04/N15_M07_F04_KA04_10.mat,8714904,Paderborn University KAt-DataCenter (Lessmeier et al. 2016); data_prep/download_pu.py
data/pu/KA04/N15_M07_F04_KA04_11.mat,8731640,Paderborn University KAt-DataCenter (Lessmeier et al. 2016); data_prep/download_pu.py
data/pu/KA04/N15_M07_F04_KA04_12.mat,8714904,Paderborn University KAt-DataCenter (Lessmeier et al. 2016); data_prep/download_pu.py
data/pu/KA04/N15_M07_F04_KA04_13.mat,8714904,Paderborn University KAt-DataCenter (Lessmeier et al. 2016); data_prep/download_pu.py
data/pu/KA04/N15_M07_F04_KA04_14.mat,8714904,Paderborn University KAt-DataCenter (Lessmeier et al. 2016); data_prep/download_pu.py
data/pu/KA04/N15_M07_F04_KA04_15.mat,5966059,Paderborn University KAt-DataCenter (Lessmeier et al. 2016); data_prep/download_pu.py
data/pu/KA04/N15_M07_F04_KA04_16.mat,8717704,Paderborn University KAt-DataCenter (Lessmeier et al. 2016); data_prep/download_pu.py
data/pu/KA04/N15_M07_F04_KA04_17.mat,8714904,Paderborn University KAt-DataCenter (Lessmeier et al. 2016); data_prep/download_pu.py
data/pu/KA04/N15_M07_F04_KA04_18.mat,8717880,Paderborn University KAt-DataCenter (Lessmeier et al. 2016); data_prep/download_pu.py
data/pu/KA04/N15_M07_F04_KA04_19.mat,8714872,Paderborn University KAt-DataCenter (Lessmeier et al. 2016); data_prep/download_pu.py
data/pu/KA04/N15_M07_F04_KA04_2.mat,8718968,Paderborn University KAt-DataCenter (Lessmeier et al. 2016); data_prep/download_pu.py
data/pu/KA04/N15_M07_F04_KA04_20.mat,8717624,Paderborn University KAt-DataCenter (Lessmeier et al. 2016); data_prep/download_pu.py
data/pu/KA04/N15_M07_F04_KA04_3.mat,8714872,Paderborn University KAt-DataCenter (Lessmeier et al. 2016); data_prep/download_pu.py
data/pu/KA04/N15_M07_F04_KA04_4.mat,8714904,Paderborn University KAt-DataCenter (Lessmeier et al. 2016); data_prep/download_pu.py
data/pu/KA04/N15_M07_F04_KA04_5.mat,5983785,Paderborn University KAt-DataCenter (Lessmeier et al. 2016); data_prep/download_pu.py
data/pu/KA04/N15_M07_F04_KA04_6.mat,5966061,Paderborn University KAt-DataCenter (Lessmeier et al. 2016); data_prep/download_pu.py
data/pu/KA04/N15_M07_F04_KA04_7.mat,8717768,Paderborn University KAt-DataCenter (Lessmeier et al. 2016); data_prep/download_pu.py
data/pu/KA04/N15_M07_F04_KA04_8.mat,8714904,Paderborn University KAt-DataCenter (Lessmeier et al. 2016); data_prep/download_pu.py
data/pu/KA04/N15_M07_F04_KA04_9.mat,8714936,Paderborn University KAt-DataCenter (Lessmeier et al. 2016); data_prep/download_pu.py
data/pu/KA04/N15_M07_F10_KA04_1.mat,8715000,Paderborn University KAt-DataCenter (Lessmeier et al. 2016); data_prep/download_pu.py
data/pu/KA04/N15_M07_F10_KA04_10.mat,8714904,Paderborn University KAt-DataCenter (Lessmeier et al. 2016); data_prep/download_pu.py
data/pu/KA04/N15_M07_F10_KA04_11.mat,8714936,Paderborn University KAt-DataCenter (Lessmeier et al. 2016); data_prep/download_pu.py
data/pu/KA04/N15_M07_F10_KA04_12.mat,8714872,Paderborn University KAt-DataCenter (Lessmeier et al. 2016); data_prep/download_pu.py
data/pu/KA04/N15_M07_F10_KA04_13.mat,8714904,Paderborn University KAt-DataCenter (Lessmeier et al. 2016); data_prep/download_pu.py
data/pu/KA04/N15_M07_F10_KA04_14.mat,8717976,Paderborn University KAt-DataCenter (Lessmeier et al. 2016); data_prep/download_pu.py
data/pu/KA04/N15_M07_F10_KA04_15.mat,8718024,Paderborn University KAt-DataCenter (Lessmeier et al. 2016); data_prep/download_pu.py
data/pu/KA04/N15_M07_F10_KA04_16.mat,8717768,Paderborn University KAt-DataCenter (Lessmeier et al. 2016); data_prep/download_pu.py
data/pu/KA04/N15_M07_F10_KA04_17.mat,8714904,Paderborn University KAt-DataCenter (Lessmeier et al. 2016); data_prep/download_pu.py
data/pu/KA04/N15_M07_F10_KA04_18.mat,8714904,Paderborn University KAt-DataCenter (Lessmeier et al. 2016); data_prep/download_pu.py
data/pu/KA04/N15_M07_F10_KA04_19.mat,8714904,Paderborn University KAt-DataCenter (Lessmeier et al. 2016); data_prep/download_pu.py
data/pu/KA04/N15_M07_F10_KA04_2.mat,8908856,Paderborn University KAt-DataCenter (Lessmeier et al. 2016); data_prep/download_pu.py
data/pu/KA04/N15_M07_F10_KA04_20.mat,8714904,Paderborn University KAt-DataCenter (Lessmeier et al. 2016); data_prep/download_pu.py
data/pu/KA04/N15_M07_F10_KA04_3.mat,8751480,Paderborn University KAt-DataCenter (Lessmeier et al. 2016); data_prep/download_pu.py
data/pu/KA04/N15_M07_F10_KA04_4.mat,8717832,Paderborn University KAt-DataCenter (Lessmeier et al. 2016); data_prep/download_pu.py
data/pu/KA04/N15_M07_F10_KA04_5.mat,8714904,Paderborn University KAt-DataCenter (Lessmeier et al. 2016); data_prep/download_pu.py
data/pu/KA04/N15_M07_F10_KA04_6.mat,8714936,Paderborn University KAt-DataCenter (Lessmeier et al. 2016); data_prep/download_pu.py
data/pu/KA04/N15_M07_F10_KA04_7.mat,8719072,Paderborn University KAt-DataCenter (Lessmeier et al. 2016); data_prep/download_pu.py
data/pu/KA04/N15_M07_F10_KA04_8.mat,8714968,Paderborn University KAt-DataCenter (Lessmeier et al. 2016); data_prep/download_pu.py
data/pu/KA04/N15_M07_F10_KA04_9.mat,8714904,Paderborn University KAt-DataCenter (Lessmeier et al. 2016); data_prep/download_pu.py
data/pu/KA05/KA05.pdf,55618,Paderborn University KAt-DataCenter (Lessmeier et al. 2016); data_prep/download_pu.py
data/pu/KA05/measuring_log_KA05.pdf,138875,Paderborn University KAt-DataCenter (Lessmeier et al. 2016); data_prep/download_pu.py
data/pu/KA05/N09_M07_F10_KA05_1.mat,8714904,Paderborn University KAt-DataCenter (Lessmeier et al. 2016); data_prep/download_pu.py
data/pu/KA05/N09_M07_F10_KA05_10.mat,8717784,Paderborn University KAt-DataCenter (Lessmeier et al. 2016); data_prep/download_pu.py
data/pu/KA05/N09_M07_F10_KA05_11.mat,8714968,Paderborn University KAt-DataCenter (Lessmeier et al. 2016); data_prep/download_pu.py
data/pu/KA05/N09_M07_F10_KA05_12.mat,8714904,Paderborn University KAt-DataCenter (Lessmeier et al. 2016); data_prep/download_pu.py
data/pu/KA05/N09_M07_F10_KA05_13.mat,8717480,Paderborn University KAt-DataCenter (Lessmeier et al. 2016); data_prep/download_pu.py
data/pu/KA05/N09_M07_F10_KA05_14.mat,8714904,Paderborn University KAt-DataCenter (Lessmeier et al. 2016); data_prep/download_pu.py
data/pu/KA05/N09_M07_F10_KA05_15.mat,8717752,Paderborn University KAt-DataCenter (Lessmeier et al. 2016); data_prep/download_pu.py
data/pu/KA05/N09_M07_F10_KA05_16.mat,8939960,Paderborn University KAt-DataCenter (Lessmeier et al. 2016); data_prep/download_pu.py
data/pu/KA05/N09_M07_F10_KA05_17.mat,8717624,Paderborn University KAt-DataCenter (Lessmeier et al. 2016); data_prep/download_pu.py
data/pu/KA05/N09_M07_F10_KA05_18.mat,8717720,Paderborn University KAt-DataCenter (Lessmeier et al. 2016); data_prep/download_pu.py
data/pu/KA05/N09_M07_F10_KA05_19.mat,8714840,Paderborn University KAt-DataCenter (Lessmeier et al. 2016); data_prep/download_pu.py
data/pu/KA05/N09_M07_F10_KA05_2.mat,8717848,Paderborn University KAt-DataCenter (Lessmeier et al. 2016); data_prep/download_pu.py
data/pu/KA05/N09_M07_F10_KA05_20.mat,8717960,Paderborn University KAt-DataCenter (Lessmeier et al. 2016); data_prep/download_pu.py
data/pu/KA05/N09_M07_F10_KA05_3.mat,8714904,Paderborn University KAt-DataCenter (Lessmeier et al. 2016); data_prep/download_pu.py
data/pu/KA05/N09_M07_F10_KA05_4.mat,8714872,Paderborn University KAt-DataCenter (Lessmeier et al. 2016); data_prep/download_pu.py
data/pu/KA05/N09_M07_F10_KA05_5.mat,8719032,Paderborn University KAt-DataCenter (Lessmeier et al. 2016); data_prep/download_pu.py
data/pu/KA05/N09_M07_F10_KA05_6.mat,8714904,Paderborn University KAt-DataCenter (Lessmeier et al. 2016); data_prep/download_pu.py
data/pu/KA05/N09_M07_F10_KA05_7.mat,8714872,Paderborn University KAt-DataCenter (Lessmeier et al. 2016); data_prep/download_pu.py
data/pu/KA05/N09_M07_F10_KA05_8.mat,8717928,Paderborn University KAt-DataCenter (Lessmeier et al. 2016); data_prep/download_pu.py
data/pu/KA05/N09_M07_F10_KA05_9.mat,8714904,Paderborn University KAt-DataCenter (Lessmeier et al. 2016); data_prep/download_pu.py
data/pu/KA05/N15_M01_F10_KA05_1.mat,8714872,Paderborn University KAt-DataCenter (Lessmeier et al. 2016); data_prep/download_pu.py
data/pu/KA05/N15_M01_F10_KA05_10.mat,8715192,Paderborn University KAt-DataCenter (Lessmeier et al. 2016); data_prep/download_pu.py
data/pu/KA05/N15_M01_F10_KA05_11.mat,8717944,Paderborn University KAt-DataCenter (Lessmeier et al. 2016); data_prep/download_pu.py
data/pu/KA05/N15_M01_F10_KA05_12.mat,8715000,Paderborn University KAt-DataCenter (Lessmeier et al. 2016); data_prep/download_pu.py
data/pu/KA05/N15_M01_F10_KA05_13.mat,8724088,Paderborn University KAt-DataCenter (Lessmeier et al. 2016); data_prep/download_pu.py
data/pu/KA05/N15_M01_F10_KA05_14.mat,8717800,Paderborn University KAt-DataCenter (Lessmeier et al. 2016); data_prep/download_pu.py
data/pu/KA05/N15_M01_F10_KA05_15.mat,8717704,Paderborn University KAt-DataCenter (Lessmeier et al. 2016); data_prep/download_pu.py
data/pu/KA05/N15_M01_F10_KA05_16.mat,8717432,Paderborn University KAt-DataCenter (Lessmeier et al. 2016); data_prep/download_pu.py
data/pu/KA05/N15_M01_F10_KA05_17.mat,8717672,Paderborn University KAt-DataCenter (Lessmeier et al. 2016); data_prep/download_pu.py
data/pu/KA05/N15_M01_F10_KA05_18.mat,8714904,Paderborn University KAt-DataCenter (Lessmeier et al. 2016); data_prep/download_pu.py
data/pu/KA05/N15_M01_F10_KA05_19.mat,8714872,Paderborn University KAt-DataCenter (Lessmeier et al. 2016); data_prep/download_pu.py
data/pu/KA05/N15_M01_F10_KA05_2.mat,8714840,Paderborn University KAt-DataCenter (Lessmeier et al. 2016); data_prep/download_pu.py
data/pu/KA05/N15_M01_F10_KA05_20.mat,8718048,Paderborn University KAt-DataCenter (Lessmeier et al. 2016); data_prep/download_pu.py
data/pu/KA05/N15_M01_F10_KA05_3.mat,8718024,Paderborn University KAt-DataCenter (Lessmeier et al. 2016); data_prep/download_pu.py
data/pu/KA05/N15_M01_F10_KA05_4.mat,8714904,Paderborn University KAt-DataCenter (Lessmeier et al. 2016); data_prep/download_pu.py
data/pu/KA05/N15_M01_F10_KA05_5.mat,8717736,Paderborn University KAt-DataCenter (Lessmeier et al. 2016); data_prep/download_pu.py
data/pu/KA05/N15_M01_F10_KA05_6.mat,8714904,Paderborn University KAt-DataCenter (Lessmeier et al. 2016); data_prep/download_pu.py
data/pu/KA05/N15_M01_F10_KA05_7.mat,8730616,Paderborn University KAt-DataCenter (Lessmeier et al. 2016); data_prep/download_pu.py
data/pu/KA05/N15_M01_F10_KA05_8.mat,8714904,Paderborn University KAt-DataCenter (Lessmeier et al. 2016); data_prep/download_pu.py
data/pu/KA05/N15_M01_F10_KA05_9.mat,8744376,Paderborn University KAt-DataCenter (Lessmeier et al. 2016); data_prep/download_pu.py
data/pu/KA05/N15_M07_F04_KA05_1.mat,8714968,Paderborn University KAt-DataCenter (Lessmeier et al. 2016); data_prep/download_pu.py
data/pu/KA05/N15_M07_F04_KA05_10.mat,8714968,Paderborn University KAt-DataCenter (Lessmeier et al. 2016); data_prep/download_pu.py
data/pu/KA05/N15_M07_F04_KA05_11.mat,8714904,Paderborn University KAt-DataCenter (Lessmeier et al. 2016); data_prep/download_pu.py
data/pu/KA05/N15_M07_F04_KA05_12.mat,8717928,Paderborn University KAt-DataCenter (Lessmeier et al. 2016); data_prep/download_pu.py
data/pu/KA05/N15_M07_F04_KA05_13.mat,8714872,Paderborn University KAt-DataCenter (Lessmeier et al. 2016); data_prep/download_pu.py
data/pu/KA05/N15_M07_F04_KA05_14.mat,8718360,Paderborn University KAt-DataCenter (Lessmeier et al. 2016); data_prep/download_pu.py
data/pu/KA05/N15_M07_F04_KA05_15.mat,9108952,Paderborn University KAt-DataCenter (Lessmeier et al. 2016); data_prep/download_pu.py
data/pu/KA05/N15_M07_F04_KA05_16.mat,8714904,Paderborn University KAt-DataCenter (Lessmeier et al. 2016); data_prep/download_pu.py
data/pu/KA05/N15_M07_F04_KA05_17.mat,8717880,Paderborn University KAt-DataCenter (Lessmeier et al. 2016); data_prep/download_pu.py
data/pu/KA05/N15_M07_F04_KA05_18.mat,8714904,Paderborn University KAt-DataCenter (Lessmeier et al. 2016); data_prep/download_pu.py
data/pu/KA05/N15_M07_F04_KA05_19.mat,8717272,Paderborn University KAt-DataCenter (Lessmeier et al. 2016); data_prep/download_pu.py
data/pu/KA05/N15_M07_F04_KA05_2.mat,8717592,Paderborn University KAt-DataCenter (Lessmeier et al. 2016); data_prep/download_pu.py
data/pu/KA05/N15_M07_F04_KA05_20.mat,8728248,Paderborn University KAt-DataCenter (Lessmeier et al. 2016); data_prep/download_pu.py
data/pu/KA05/N15_M07_F04_KA05_3.mat,8718968,Paderborn University KAt-DataCenter (Lessmeier et al. 2016); data_prep/download_pu.py
data/pu/KA05/N15_M07_F04_KA05_4.mat,8714904,Paderborn University KAt-DataCenter (Lessmeier et al. 2016); data_prep/download_pu.py
data/pu/KA05/N15_M07_F04_KA05_5.mat,8717664,Paderborn University KAt-DataCenter (Lessmeier et al. 2016); data_prep/download_pu.py
data/pu/KA05/N15_M07_F04_KA05_6.mat,8717664,Paderborn University KAt-DataCenter (Lessmeier et al. 2016); data_prep/download_pu.py
data/pu/KA05/N15_M07_F04_KA05_7.mat,8718136,Paderborn University KAt-DataCenter (Lessmeier et al. 2016); data_prep/download_pu.py
data/pu/KA05/N15_M07_F04_KA05_8.mat,8714936,Paderborn University KAt-DataCenter (Lessmeier et al. 2016); data_prep/download_pu.py
data/pu/KA05/N15_M07_F04_KA05_9.mat,9320632,Paderborn University KAt-DataCenter (Lessmeier et al. 2016); data_prep/download_pu.py
data/pu/KA05/N15_M07_F10_KA05_1.mat,8714904,Paderborn University KAt-DataCenter (Lessmeier et al. 2016); data_prep/download_pu.py
data/pu/KA05/N15_M07_F10_KA05_10.mat,8717848,Paderborn University KAt-DataCenter (Lessmeier et al. 2016); data_prep/download_pu.py
data/pu/KA05/N15_M07_F10_KA05_11.mat,8717856,Paderborn University KAt-DataCenter (Lessmeier et al. 2016); data_prep/download_pu.py
data/pu/KA05/N15_M07_F10_KA05_12.mat,8717640,Paderborn University KAt-DataCenter (Lessmeier et al. 2016); data_prep/download_pu.py
data/pu/KA05/N15_M07_F10_KA05_13.mat,8714872,Paderborn University KAt-DataCenter (Lessmeier et al. 2016); data_prep/download_pu.py
data/pu/KA05/N15_M07_F10_KA05_14.mat,8717976,Paderborn University KAt-DataCenter (Lessmeier et al. 2016); data_prep/download_pu.py
data/pu/KA05/N15_M07_F10_KA05_15.mat,8714904,Paderborn University KAt-DataCenter (Lessmeier et al. 2016); data_prep/download_pu.py
data/pu/KA05/N15_M07_F10_KA05_16.mat,8542344,Paderborn University KAt-DataCenter (Lessmeier et al. 2016); data_prep/download_pu.py
data/pu/KA05/N15_M07_F10_KA05_17.mat,8714936,Paderborn University KAt-DataCenter (Lessmeier et al. 2016); data_prep/download_pu.py
data/pu/KA05/N15_M07_F10_KA05_18.mat,8714968,Paderborn University KAt-DataCenter (Lessmeier et al. 2016); data_prep/download_pu.py
data/pu/KA05/N15_M07_F10_KA05_19.mat,8717896,Paderborn University KAt-DataCenter (Lessmeier et al. 2016); data_prep/download_pu.py
data/pu/KA05/N15_M07_F10_KA05_2.mat,9633400,Paderborn University KAt-DataCenter (Lessmeier et al. 2016); data_prep/download_pu.py
data/pu/KA05/N15_M07_F10_KA05_20.mat,8717896,Paderborn University KAt-DataCenter (Lessmeier et al. 2016); data_prep/download_pu.py
data/pu/KA05/N15_M07_F10_KA05_3.mat,8718104,Paderborn University KAt-DataCenter (Lessmeier et al. 2016); data_prep/download_pu.py
data/pu/KA05/N15_M07_F10_KA05_4.mat,8714904,Paderborn University KAt-DataCenter (Lessmeier et al. 2016); data_prep/download_pu.py
data/pu/KA05/N15_M07_F10_KA05_5.mat,8718648,Paderborn University KAt-DataCenter (Lessmeier et al. 2016); data_prep/download_pu.py
data/pu/KA05/N15_M07_F10_KA05_6.mat,8714872,Paderborn University KAt-DataCenter (Lessmeier et al. 2016); data_prep/download_pu.py
data/pu/KA05/N15_M07_F10_KA05_7.mat,8717672,Paderborn University KAt-DataCenter (Lessmeier et al. 2016); data_prep/download_pu.py
data/pu/KA05/N15_M07_F10_KA05_8.mat,8714904,Paderborn University KAt-DataCenter (Lessmeier et al. 2016); data_prep/download_pu.py
data/pu/KA05/N15_M07_F10_KA05_9.mat,8714936,Paderborn University KAt-DataCenter (Lessmeier et al. 2016); data_prep/download_pu.py
data/pu/KA06/KA06.pdf,55743,Paderborn University KAt-DataCenter (Lessmeier et al. 2016); data_prep/download_pu.py
data/pu/KA06/measuring_log_KA06.pdf,138875,Paderborn University KAt-DataCenter (Lessmeier et al. 2016); data_prep/download_pu.py
data/pu/KA06/N09_M07_F10_KA06_1.mat,8718072,Paderborn University KAt-DataCenter (Lessmeier et al. 2016); data_prep/download_pu.py
data/pu/KA06/N09_M07_F10_KA06_10.mat,8714904,Paderborn University KAt-DataCenter (Lessmeier et al. 2016); data_prep/download_pu.py
data/pu/KA06/N09_M07_F10_KA06_11.mat,8714872,Paderborn University KAt-DataCenter (Lessmeier et al. 2016); data_prep/download_pu.py
data/pu/KA06/N09_M07_F10_KA06_12.mat,8717624,Paderborn University KAt-DataCenter (Lessmeier et al. 2016); data_prep/download_pu.py
data/pu/KA06/N09_M07_F10_KA06_13.mat,8714872,Paderborn University KAt-DataCenter (Lessmeier et al. 2016); data_prep/download_pu.py
data/pu/KA06/N09_M07_F10_KA06_14.mat,8714904,Paderborn University KAt-DataCenter (Lessmeier et al. 2016); data_prep/download_pu.py
data/pu/KA06/N09_M07_F10_KA06_15.mat,8714872,Paderborn University KAt-DataCenter (Lessmeier et al. 2016); data_prep/download_pu.py
data/pu/KA06/N09_M07_F10_KA06_16.mat,8717528,Paderborn University KAt-DataCenter (Lessmeier et al. 2016); data_prep/download_pu.py
data/pu/KA06/N09_M07_F10_KA06_17.mat,8714872,Paderborn University KAt-DataCenter (Lessmeier et al. 2016); data_prep/download_pu.py
data/pu/KA06/N09_M07_F10_KA06_18.mat,8717688,Paderborn University KAt-DataCenter (Lessmeier et al. 2016); data_prep/download_pu.py
data/pu/KA06/N09_M07_F10_KA06_19.mat,8714904,Paderborn University KAt-DataCenter (Lessmeier et al. 2016); data_prep/download_pu.py
data/pu/KA06/N09_M07_F10_KA06_2.mat,8714904,Paderborn University KAt-DataCenter (Lessmeier et al. 2016); data_prep/download_pu.py
data/pu/KA06/N09_M07_F10_KA06_20.mat,8714904,Paderborn University KAt-DataCenter (Lessmeier et al. 2016); data_prep/download_pu.py
data/pu/KA06/N09_M07_F10_KA06_3.mat,8717816,Paderborn University KAt-DataCenter (Lessmeier et al. 2016); data_prep/download_pu.py
data/pu/KA06/N09_M07_F10_KA06_4.mat,8715000,Paderborn University KAt-DataCenter (Lessmeier et al. 2016); data_prep/download_pu.py
data/pu/KA06/N09_M07_F10_KA06_5.mat,8750776,Paderborn University KAt-DataCenter (Lessmeier et al. 2016); data_prep/download_pu.py
data/pu/KA06/N09_M07_F10_KA06_6.mat,8717472,Paderborn University KAt-DataCenter (Lessmeier et al. 2016); data_prep/download_pu.py
data/pu/KA06/N09_M07_F10_KA06_7.mat,8717912,Paderborn University KAt-DataCenter (Lessmeier et al. 2016); data_prep/download_pu.py
data/pu/KA06/N09_M07_F10_KA06_8.mat,8717544,Paderborn University KAt-DataCenter (Lessmeier et al. 2016); data_prep/download_pu.py
data/pu/KA06/N09_M07_F10_KA06_9.mat,8714904,Paderborn University KAt-DataCenter (Lessmeier et al. 2016); data_prep/download_pu.py
data/pu/KA06/N15_M01_F10_KA06_1.mat,8714904,Paderborn University KAt-DataCenter (Lessmeier et al. 2016); data_prep/download_pu.py
data/pu/KA06/N15_M01_F10_KA06_10.mat,8717752,Paderborn University KAt-DataCenter (Lessmeier et al. 2016); data_prep/download_pu.py
data/pu/KA06/N15_M01_F10_KA06_11.mat,8717400,Paderborn University KAt-DataCenter (Lessmeier et al. 2016); data_prep/download_pu.py
data/pu/KA06/N15_M01_F10_KA06_12.mat,8714904,Paderborn University KAt-DataCenter (Lessmeier et al. 2016); data_prep/download_pu.py
data/pu/KA06/N15_M01_F10_KA06_13.mat,8714872,Paderborn University KAt-DataCenter (Lessmeier et al. 2016); data_prep/download_pu.py
data/pu/KA06/N15_M01_F10_KA06_14.mat,8717688,Paderborn University KAt-DataCenter (Lessmeier et al. 2016); data_prep/download_pu.py
data/pu/KA06/N15_M01_F10_KA06_15.mat,8714872,Paderborn University KAt-DataCenter (Lessmeier et al. 2016); data_prep/download_pu.py
data/pu/KA06/N15_M01_F10_KA06_16.mat,8714904,Paderborn University KAt-DataCenter (Lessmeier et al. 2016); data_prep/download_pu.py
data/pu/KA06/N15_M01_F10_KA06_17.mat,8714904,Paderborn University KAt-DataCenter (Lessmeier et al. 2016); data_prep/download_pu.py
data/pu/KA06/N15_M01_F10_KA06_18.mat,8714840,Paderborn University KAt-DataCenter (Lessmeier et al. 2016); data_prep/download_pu.py
data/pu/KA06/N15_M01_F10_KA06_19.mat,8714904,Paderborn University KAt-DataCenter (Lessmeier et al. 2016); data_prep/download_pu.py
data/pu/KA06/N15_M01_F10_KA06_2.mat,8717624,Paderborn University KAt-DataCenter (Lessmeier et al. 2016); data_prep/download_pu.py
data/pu/KA06/N15_M01_F10_KA06_20.mat,8718168,Paderborn University KAt-DataCenter (Lessmeier et al. 2016); data_prep/download_pu.py
data/pu/KA06/N15_M01_F10_KA06_3.mat,8717592,Paderborn University KAt-DataCenter (Lessmeier et al. 2016); data_prep/download_pu.py
data/pu/KA06/N15_M01_F10_KA06_4.mat,8717240,Paderborn University KAt-DataCenter (Lessmeier et al. 2016); data_prep/download_pu.py
data/pu/KA06/N15_M01_F10_KA06_5.mat,8714904,Paderborn University KAt-DataCenter (Lessmeier et al. 2016); data_prep/download_pu.py
data/pu/KA06/N15_M01_F10_KA06_6.mat,8714872,Paderborn University KAt-DataCenter (Lessmeier et al. 2016); data_prep/download_pu.py
data/pu/KA06/N15_M01_F10_KA06_7.mat,8715000,Paderborn University KAt-DataCenter (Lessmeier et al. 2016); data_prep/download_pu.py
data/pu/KA06/N15_M01_F10_KA06_8.mat,8714904,Paderborn University KAt-DataCenter (Lessmeier et al. 2016); data_prep/download_pu.py
data/pu/KA06/N15_M01_F10_KA06_9.mat,8714872,Paderborn University KAt-DataCenter (Lessmeier et al. 2016); data_prep/download_pu.py
data/pu/KA06/N15_M07_F04_KA06_1.mat,8714904,Paderborn University KAt-DataCenter (Lessmeier et al. 2016); data_prep/download_pu.py
data/pu/KA06/N15_M07_F04_KA06_10.mat,8714904,Paderborn University KAt-DataCenter (Lessmeier et al. 2016); data_prep/download_pu.py
data/pu/KA06/N15_M07_F04_KA06_11.mat,8717624,Paderborn University KAt-DataCenter (Lessmeier et al. 2016); data_prep/download_pu.py
data/pu/KA06/N15_M07_F04_KA06_12.mat,8717688,Paderborn University KAt-DataCenter (Lessmeier et al. 2016); data_prep/download_pu.py
data/pu/KA06/N15_M07_F04_KA06_13.mat,8714968,Paderborn University KAt-DataCenter (Lessmeier et al. 2016); data_prep/download_pu.py
data/pu/KA06/N15_M07_F04_KA06_14.mat,8714904,Paderborn University KAt-DataCenter (Lessmeier et al. 2016); data_prep/download_pu.py
data/pu/KA06/N15_M07_F04_KA06_15.mat,8714904,Paderborn University KAt-DataCenter (Lessmeier et al. 2016); data_prep/download_pu.py
data/pu/KA06/N15_M07_F04_KA06_16.mat,8717336,Paderborn University KAt-DataCenter (Lessmeier et al. 2016); data_prep/download_pu.py
data/pu/KA06/N15_M07_F04_KA06_17.mat,8717336,Paderborn University KAt-DataCenter (Lessmeier et al. 2016); data_prep/download_pu.py
data/pu/KA06/N15_M07_F04_KA06_18.mat,8910872,Paderborn University KAt-DataCenter (Lessmeier et al. 2016); data_prep/download_pu.py
data/pu/KA06/N15_M07_F04_KA06_19.mat,8714872,Paderborn University KAt-DataCenter (Lessmeier et al. 2016); data_prep/download_pu.py
data/pu/KA06/N15_M07_F04_KA06_2.mat,8714904,Paderborn University KAt-DataCenter (Lessmeier et al. 2016); data_prep/download_pu.py
data/pu/KA06/N15_M07_F04_KA06_20.mat,8714904,Paderborn University KAt-DataCenter (Lessmeier et al. 2016); data_prep/download_pu.py
data/pu/KA06/N15_M07_F04_KA06_3.mat,8714872,Paderborn University KAt-DataCenter (Lessmeier et al. 2016); data_prep/download_pu.py
data/pu/KA06/N15_M07_F04_KA06_4.mat,8717432,Paderborn University KAt-DataCenter (Lessmeier et al. 2016); data_prep/download_pu.py
data/pu/KA06/N15_M07_F04_KA06_5.mat,8714936,Paderborn University KAt-DataCenter (Lessmeier et al. 2016); data_prep/download_pu.py
data/pu/KA06/N15_M07_F04_KA06_6.mat,8716664,Paderborn University KAt-DataCenter (Lessmeier et al. 2016); data_prep/download_pu.py
data/pu/KA06/N15_M07_F04_KA06_7.mat,8714904,Paderborn University KAt-DataCenter (Lessmeier et al. 2016); data_prep/download_pu.py
data/pu/KA06/N15_M07_F04_KA06_8.mat,8714872,Paderborn University KAt-DataCenter (Lessmeier et al. 2016); data_prep/download_pu.py
data/pu/KA06/N15_M07_F04_KA06_9.mat,8714872,Paderborn University KAt-DataCenter (Lessmeier et al. 2016); data_prep/download_pu.py
data/pu/KA06/N15_M07_F10_KA06_1.mat,8717688,Paderborn University KAt-DataCenter (Lessmeier et al. 2016); data_prep/download_pu.py
data/pu/KA06/N15_M07_F10_KA06_10.mat,8717672,Paderborn University KAt-DataCenter (Lessmeier et al. 2016); data_prep/download_pu.py
data/pu/KA06/N15_M07_F10_KA06_11.mat,8714904,Paderborn University KAt-DataCenter (Lessmeier et al. 2016); data_prep/download_pu.py
data/pu/KA06/N15_M07_F10_KA06_12.mat,8714904,Paderborn University KAt-DataCenter (Lessmeier et al. 2016); data_prep/download_pu.py
data/pu/KA06/N15_M07_F10_KA06_13.mat,8714904,Paderborn University KAt-DataCenter (Lessmeier et al. 2016); data_prep/download_pu.py
data/pu/KA06/N15_M07_F10_KA06_14.mat,8714936,Paderborn University KAt-DataCenter (Lessmeier et al. 2016); data_prep/download_pu.py
data/pu/KA06/N15_M07_F10_KA06_15.mat,8714904,Paderborn University KAt-DataCenter (Lessmeier et al. 2016); data_prep/download_pu.py
data/pu/KA06/N15_M07_F10_KA06_16.mat,8717496,Paderborn University KAt-DataCenter (Lessmeier et al. 2016); data_prep/download_pu.py
data/pu/KA06/N15_M07_F10_KA06_17.mat,8714872,Paderborn University KAt-DataCenter (Lessmeier et al. 2016); data_prep/download_pu.py
data/pu/KA06/N15_M07_F10_KA06_18.mat,8717656,Paderborn University KAt-DataCenter (Lessmeier et al. 2016); data_prep/download_pu.py
data/pu/KA06/N15_M07_F10_KA06_19.mat,8717624,Paderborn University KAt-DataCenter (Lessmeier et al. 2016); data_prep/download_pu.py
data/pu/KA06/N15_M07_F10_KA06_2.mat,8714904,Paderborn University KAt-DataCenter (Lessmeier et al. 2016); data_prep/download_pu.py
data/pu/KA06/N15_M07_F10_KA06_20.mat,8717944,Paderborn University KAt-DataCenter (Lessmeier et al. 2016); data_prep/download_pu.py
data/pu/KA06/N15_M07_F10_KA06_3.mat,8717816,Paderborn University KAt-DataCenter (Lessmeier et al. 2016); data_prep/download_pu.py
data/pu/KA06/N15_M07_F10_KA06_4.mat,9163608,Paderborn University KAt-DataCenter (Lessmeier et al. 2016); data_prep/download_pu.py
data/pu/KA06/N15_M07_F10_KA06_5.mat,8715000,Paderborn University KAt-DataCenter (Lessmeier et al. 2016); data_prep/download_pu.py
data/pu/KA06/N15_M07_F10_KA06_6.mat,8717408,Paderborn University KAt-DataCenter (Lessmeier et al. 2016); data_prep/download_pu.py
data/pu/KA06/N15_M07_F10_KA06_7.mat,8714904,Paderborn University KAt-DataCenter (Lessmeier et al. 2016); data_prep/download_pu.py
data/pu/KA06/N15_M07_F10_KA06_8.mat,8717832,Paderborn University KAt-DataCenter (Lessmeier et al. 2016); data_prep/download_pu.py
data/pu/KA06/N15_M07_F10_KA06_9.mat,8714872,Paderborn University KAt-DataCenter (Lessmeier et al. 2016); data_prep/download_pu.py
data/pu/KA07/KA07.pdf,55703,Paderborn University KAt-DataCenter (Lessmeier et al. 2016); data_prep/download_pu.py
data/pu/KA07/measuring_log_KA07.pdf,138872,Paderborn University KAt-DataCenter (Lessmeier et al. 2016); data_prep/download_pu.py
data/pu/KA07/N09_M07_F10_KA07_1.mat,8714936,Paderborn University KAt-DataCenter (Lessmeier et al. 2016); data_prep/download_pu.py
data/pu/KA07/N09_M07_F10_KA07_10.mat,8714904,Paderborn University KAt-DataCenter (Lessmeier et al. 2016); data_prep/download_pu.py
data/pu/KA07/N09_M07_F10_KA07_11.mat,9102904,Paderborn University KAt-DataCenter (Lessmeier et al. 2016); data_prep/download_pu.py
data/pu/KA07/N09_M07_F10_KA07_12.mat,8714936,Paderborn University KAt-DataCenter (Lessmeier et al. 2016); data_prep/download_pu.py
data/pu/KA07/N09_M07_F10_KA07_13.mat,8714904,Paderborn University KAt-DataCenter (Lessmeier et al. 2016); data_prep/download_pu.py
data/pu/KA07/N09_M07_F10_KA07_14.mat,8714872,Paderborn University KAt-DataCenter (Lessmeier et al. 2016); data_prep/download_pu.py
data/pu/KA07/N09_M07_F10_KA07_15.mat,8714904,Paderborn University KAt-DataCenter (Lessmeier et al. 2016); data_prep/download_pu.py
data/pu/KA07/N09_M07_F10_KA07_16.mat,8714872,Paderborn University KAt-DataCenter (Lessmeier et al. 2016); data_prep/download_pu.py
data/pu/KA07/N09_M07_F10_KA07_17.mat,8714904,Paderborn University KAt-DataCenter (Lessmeier et al. 2016); data_prep/download_pu.py
data/pu/KA07/N09_M07_F10_KA07_18.mat,8714904,Paderborn University KAt-DataCenter (Lessmeier et al. 2016); data_prep/download_pu.py
data/pu/KA07/N09_M07_F10_KA07_19.mat,8714904,Paderborn University KAt-DataCenter (Lessmeier et al. 2016); data_prep/download_pu.py
data/pu/KA07/N09_M07_F10_KA07_2.mat,8714904,Paderborn University KAt-DataCenter (Lessmeier et al. 2016); data_prep/download_pu.py
data/pu/KA07/N09_M07_F10_KA07_20.mat,8714936,Paderborn University KAt-DataCenter (Lessmeier et al. 2016); data_prep/download_pu.py
data/pu/KA07/N09_M07_F10_KA07_3.mat,8714904,Paderborn University KAt-DataCenter (Lessmeier et al. 2016); data_prep/download_pu.py
data/pu/KA07/N09_M07_F10_KA07_4.mat,9248568,Paderborn University KAt-DataCenter (Lessmeier et al. 2016); data_prep/download_pu.py
data/pu/KA07/N09_M07_F10_KA07_5.mat,8714904,Paderborn University KAt-DataCenter (Lessmeier et al. 2016); data_prep/download_pu.py
data/pu/KA07/N09_M07_F10_KA07_6.mat,8802648,Paderborn University KAt-DataCenter (Lessmeier et al. 2016); data_prep/download_pu.py
data/pu/KA07/N09_M07_F10_KA07_7.mat,8714904,Paderborn University KAt-DataCenter (Lessmeier et al. 2016); data_prep/download_pu.py
data/pu/KA07/N09_M07_F10_KA07_8.mat,9397624,Paderborn University KAt-DataCenter (Lessmeier et al. 2016); data_prep/download_pu.py
data/pu/KA07/N09_M07_F10_KA07_9.mat,8714904,Paderborn University KAt-DataCenter (Lessmeier et al. 2016); data_prep/download_pu.py
data/pu/KA07/N15_M01_F10_KA07_1.mat,8717688,Paderborn University KAt-DataCenter (Lessmeier et al. 2016); data_prep/download_pu.py
data/pu/KA07/N15_M01_F10_KA07_10.mat,8714904,Paderborn University KAt-DataCenter (Lessmeier et al. 2016); data_prep/download_pu.py
data/pu/KA07/N15_M01_F10_KA07_11.mat,9419192,Paderborn University KAt-DataCenter (Lessmeier et al. 2016); data_prep/download_pu.py
data/pu/KA07/N15_M01_F10_KA07_12.mat,8714904,Paderborn University KAt-DataCenter (Lessmeier et al. 2016); data_prep/download_pu.py
data/pu/KA07/N15_M01_F10_KA07_13.mat,8714904,Paderborn University KAt-DataCenter (Lessmeier et al. 2016); data_prep/download_pu.py
data/pu/KA07/N15_M01_F10_KA07_14.mat,8739640,Paderborn University KAt-DataCenter (Lessmeier et al. 2016); data_prep/download_pu.py
data/pu/KA07/N15_M01_F10_KA07_15.mat,8714904,Paderborn University KAt-DataCenter (Lessmeier et al. 2016); data_prep/download_pu.py
data/pu/KA07/N15_M01_F10_KA07_16.mat,8714936,Paderborn University KAt-DataCenter (Lessmeier et al. 2016); data_prep/download_pu.py
data/pu/KA07/N15_M01_F10_KA07_17.mat,8714904,Paderborn University KAt-DataCenter (Lessmeier et al. 2016); data_prep/download_pu.py
data/pu/KA07/N15_M01_F10_KA07_18.mat,8714904,Paderborn University KAt-DataCenter (Lessmeier et al. 2016); data_prep/download_pu.py
data/pu/KA07/N15_M01_F10_KA07_19.mat,8717704,Paderborn University KAt-DataCenter (Lessmeier et al. 2016); data_prep/download_pu.py
data/pu/KA07/N15_M01_F10_KA07_2.mat,8714904,Paderborn University KAt-DataCenter (Lessmeier et al. 2016); data_prep/download_pu.py
data/pu/KA07/N15_M01_F10_KA07_20.mat,8714904,Paderborn University KAt-DataCenter (Lessmeier et al. 2016); data_prep/download_pu.py
data/pu/KA07/N15_M01_F10_KA07_3.mat,8714904,Paderborn University KAt-DataCenter (Lessmeier et al. 2016); data_prep/download_pu.py
data/pu/KA07/N15_M01_F10_KA07_4.mat,8714904,Paderborn University KAt-DataCenter (Lessmeier et al. 2016); data_prep/download_pu.py
data/pu/KA07/N15_M01_F10_KA07_5.mat,8714904,Paderborn University KAt-DataCenter (Lessmeier et al. 2016); data_prep/download_pu.py
data/pu/KA07/N15_M01_F10_KA07_6.mat,8717704,Paderborn University KAt-DataCenter (Lessmeier et al. 2016); data_prep/download_pu.py
data/pu/KA07/N15_M01_F10_KA07_7.mat,8714872,Paderborn University KAt-DataCenter (Lessmeier et al. 2016); data_prep/download_pu.py
data/pu/KA07/N15_M01_F10_KA07_8.mat,8714904,Paderborn University KAt-DataCenter (Lessmeier et al. 2016); data_prep/download_pu.py
data/pu/KA07/N15_M01_F10_KA07_9.mat,8715000,Paderborn University KAt-DataCenter (Lessmeier et al. 2016); data_prep/download_pu.py
data/pu/KA07/N15_M07_F04_KA07_1.mat,9083448,Paderborn University KAt-DataCenter (Lessmeier et al. 2016); data_prep/download_pu.py
data/pu/KA07/N15_M07_F04_KA07_10.mat,8714904,Paderborn University KAt-DataCenter (Lessmeier et al. 2016); data_prep/download_pu.py
data/pu/KA07/N15_M07_F04_KA07_11.mat,8714840,Paderborn University KAt-DataCenter (Lessmeier et al. 2016); data_prep/download_pu.py
data/pu/KA07/N15_M07_F04_KA07_12.mat,8714904,Paderborn University KAt-DataCenter (Lessmeier et al. 2016); data_prep/download_pu.py
data/pu/KA07/N15_M07_F04_KA07_13.mat,8714904,Paderborn University KAt-DataCenter (Lessmeier et al. 2016); data_prep/download_pu.py
data/pu/KA07/N15_M07_F04_KA07_14.mat,8714872,Paderborn University KAt-DataCenter (Lessmeier et al. 2016); data_prep/download_pu.py
data/pu/KA07/N15_M07_F04_KA07_15.mat,8714904,Paderborn University KAt-DataCenter (Lessmeier et al. 2016); data_prep/download_pu.py
data/pu/KA07/N15_M07_F04_KA07_16.mat,8714904,Paderborn University KAt-DataCenter (Lessmeier et al. 2016); data_prep/download_pu.py
data/pu/KA07/N15_M07_F04_KA07_17.mat,8714904,Paderborn University KAt-DataCenter (Lessmeier et al. 2016); data_prep/download_pu.py
data/pu/KA07/N15_M07_F04_KA07_18.mat,8714872,Paderborn University KAt-DataCenter (Lessmeier et al. 2016); data_prep/download_pu.py
data/pu/KA07/N15_M07_F04_KA07_19.mat,8730296,Paderborn University KAt-DataCenter (Lessmeier et al. 2016); data_prep/download_pu.py
data/pu/KA07/N15_M07_F04_KA07_2.mat,8720920,Paderborn University KAt-DataCenter (Lessmeier et al. 2016); data_prep/download_pu.py
data/pu/KA07/N15_M07_F04_KA07_20.mat,8715032,Paderborn University KAt-DataCenter (Lessmeier et al. 2016); data_prep/download_pu.py
data/pu/KA07/N15_M07_F04_KA07_3.mat,8714904,Paderborn University KAt-DataCenter (Lessmeier et al. 2016); data_prep/download_pu.py
data/pu/KA07/N15_M07_F04_KA07_4.mat,8714904,Paderborn University KAt-DataCenter (Lessmeier et al. 2016); data_prep/download_pu.py
data/pu/KA07/N15_M07_F04_KA07_5.mat,8714904,Paderborn University KAt-DataCenter (Lessmeier et al. 2016); data_prep/download_pu.py
data/pu/KA07/N15_M07_F04_KA07_6.mat,8714904,Paderborn University KAt-DataCenter (Lessmeier et al. 2016); data_prep/download_pu.py
data/pu/KA07/N15_M07_F04_KA07_7.mat,8714904,Paderborn University KAt-DataCenter (Lessmeier et al. 2016); data_prep/download_pu.py
data/pu/KA07/N15_M07_F04_KA07_8.mat,8717720,Paderborn University KAt-DataCenter (Lessmeier et al. 2016); data_prep/download_pu.py
data/pu/KA07/N15_M07_F04_KA07_9.mat,8714904,Paderborn University KAt-DataCenter (Lessmeier et al. 2016); data_prep/download_pu.py
data/pu/KA07/N15_M07_F10_KA07_1.mat,8714904,Paderborn University KAt-DataCenter (Lessmeier et al. 2016); data_prep/download_pu.py
data/pu/KA07/N15_M07_F10_KA07_10.mat,8714872,Paderborn University KAt-DataCenter (Lessmeier et al. 2016); data_prep/download_pu.py
data/pu/KA07/N15_M07_F10_KA07_11.mat,8714936,Paderborn University KAt-DataCenter (Lessmeier et al. 2016); data_prep/download_pu.py
data/pu/KA07/N15_M07_F10_KA07_12.mat,8714904,Paderborn University KAt-DataCenter (Lessmeier et al. 2016); data_prep/download_pu.py
data/pu/KA07/N15_M07_F10_KA07_13.mat,8714872,Paderborn University KAt-DataCenter (Lessmeier et al. 2016); data_prep/download_pu.py
data/pu/KA07/N15_M07_F10_KA07_14.mat,8714904,Paderborn University KAt-DataCenter (Lessmeier et al. 2016); data_prep/download_pu.py
data/pu/KA07/N15_M07_F10_KA07_15.mat,8714904,Paderborn University KAt-DataCenter (Lessmeier et al. 2016); data_prep/download_pu.py
data/pu/KA07/N15_M07_F10_KA07_16.mat,8714872,Paderborn University KAt-DataCenter (Lessmeier et al. 2016); data_prep/download_pu.py
data/pu/KA07/N15_M07_F10_KA07_17.mat,9385752,Paderborn University KAt-DataCenter (Lessmeier et al. 2016); data_prep/download_pu.py
data/pu/KA07/N15_M07_F10_KA07_18.mat,8714904,Paderborn University KAt-DataCenter (Lessmeier et al. 2016); data_prep/download_pu.py
data/pu/KA07/N15_M07_F10_KA07_19.mat,8714936,Paderborn University KAt-DataCenter (Lessmeier et al. 2016); data_prep/download_pu.py
data/pu/KA07/N15_M07_F10_KA07_2.mat,8714904,Paderborn University KAt-DataCenter (Lessmeier et al. 2016); data_prep/download_pu.py
data/pu/KA07/N15_M07_F10_KA07_20.mat,8714904,Paderborn University KAt-DataCenter (Lessmeier et al. 2016); data_prep/download_pu.py
data/pu/KA07/N15_M07_F10_KA07_3.mat,8714872,Paderborn University KAt-DataCenter (Lessmeier et al. 2016); data_prep/download_pu.py
data/pu/KA07/N15_M07_F10_KA07_4.mat,8714904,Paderborn University KAt-DataCenter (Lessmeier et al. 2016); data_prep/download_pu.py
data/pu/KA07/N15_M07_F10_KA07_5.mat,8714872,Paderborn University KAt-DataCenter (Lessmeier et al. 2016); data_prep/download_pu.py
data/pu/KA07/N15_M07_F10_KA07_6.mat,8714872,Paderborn University KAt-DataCenter (Lessmeier et al. 2016); data_prep/download_pu.py
data/pu/KA07/N15_M07_F10_KA07_7.mat,8714904,Paderborn University KAt-DataCenter (Lessmeier et al. 2016); data_prep/download_pu.py
data/pu/KA07/N15_M07_F10_KA07_8.mat,8714936,Paderborn University KAt-DataCenter (Lessmeier et al. 2016); data_prep/download_pu.py
data/pu/KA07/N15_M07_F10_KA07_9.mat,8714872,Paderborn University KAt-DataCenter (Lessmeier et al. 2016); data_prep/download_pu.py
data/pu/KA08/KA08.pdf,55722,Paderborn University KAt-DataCenter (Lessmeier et al. 2016); data_prep/download_pu.py
data/pu/KA08/measuring_log_KA08.pdf,138875,Paderborn University KAt-DataCenter (Lessmeier et al. 2016); data_prep/download_pu.py
data/pu/KA08/N09_M07_F10_KA08_1.mat,8714872,Paderborn University KAt-DataCenter (Lessmeier et al. 2016); data_prep/download_pu.py
data/pu/KA08/N09_M07_F10_KA08_10.mat,8714904,Paderborn University KAt-DataCenter (Lessmeier et al. 2016); data_prep/download_pu.py
data/pu/KA08/N09_M07_F10_KA08_11.mat,8714872,Paderborn University KAt-DataCenter (Lessmeier et al. 2016); data_prep/download_pu.py
data/pu/KA08/N09_M07_F10_KA08_12.mat,8717464,Paderborn University KAt-DataCenter (Lessmeier et al. 2016); data_prep/download_pu.py
data/pu/KA08/N09_M07_F10_KA08_13.mat,8714904,Paderborn University KAt-DataCenter (Lessmeier et al. 2016); data_prep/download_pu.py
data/pu/KA08/N09_M07_F10_KA08_14.mat,8718072,Paderborn University KAt-DataCenter (Lessmeier et al. 2016); data_prep/download_pu.py
data/pu/KA08/N09_M07_F10_KA08_15.mat,8714904,Paderborn University KAt-DataCenter (Lessmeier et al. 2016); data_prep/download_pu.py
data/pu/KA08/N09_M07_F10_KA08_16.mat,8714904,Paderborn University KAt-DataCenter (Lessmeier et al. 2016); data_prep/download_pu.py
data/pu/KA08/N09_M07_F10_KA08_17.mat,8714904,Paderborn University KAt-DataCenter (Lessmeier et al. 2016); data_prep/download_pu.py
data/pu/KA08/N09_M07_F10_KA08_18.mat,8714872,Paderborn University KAt-DataCenter (Lessmeier et al. 2016); data_prep/download_pu.py
data/pu/KA08/N09_M07_F10_KA08_19.mat,8714904,Paderborn University KAt-DataCenter (Lessmeier et al. 2016); data_prep/download_pu.py
data/pu/KA08/N09_M07_F10_KA08_2.mat,8717464,Paderborn University KAt-DataCenter (Lessmeier et al. 2016); data_prep/download_pu.py
data/pu/KA08/N09_M07_F10_KA08_20.mat,8714904,Paderborn University KAt-DataCenter (Lessmeier et al. 2016); data_prep/download_pu.py
data/pu/KA08/N09_M07_F10_KA08_3.mat,8774520,Paderborn University KAt-DataCenter (Lessmeier et al. 2016); data_prep/download_pu.py
data/pu/KA08/N09_M07_F10_KA08_4.mat,8717624,Paderborn University KAt-DataCenter (Lessmeier et al. 2016); data_prep/download_pu.py
data/pu/KA08/N09_M07_F10_KA08_5.mat,8714904,Paderborn University KAt-DataCenter (Lessmeier et al. 2016); data_prep/download_pu.py
data/pu/KA08/N09_M07_F10_KA08_6.mat,8717560,Paderborn University KAt-DataCenter (Lessmeier et al. 2016); data_prep/download_pu.py
data/pu/KA08/N09_M07_F10_KA08_7.mat,8714904,Paderborn University KAt-DataCenter (Lessmeier et al. 2016); data_prep/download_pu.py
data/pu/KA08/N09_M07_F10_KA08_8.mat,8714936,Paderborn University KAt-DataCenter (Lessmeier et al. 2016); data_prep/download_pu.py
data/pu/KA08/N09_M07_F10_KA08_9.mat,8781368,Paderborn University KAt-DataCenter (Lessmeier et al. 2016); data_prep/download_pu.py
data/pu/KA08/N15_M01_F10_KA08_1.mat,8714968,Paderborn University KAt-DataCenter (Lessmeier et al. 2016); data_prep/download_pu.py
data/pu/KA08/N15_M01_F10_KA08_10.mat,8714872,Paderborn University KAt-DataCenter (Lessmeier et al. 2016); data_prep/download_pu.py
data/pu/KA08/N15_M01_F10_KA08_11.mat,8714936,Paderborn University KAt-DataCenter (Lessmeier et al. 2016); data_prep/download_pu.py
data/pu/KA08/N15_M01_F10_KA08_12.mat,8714936,Paderborn University KAt-DataCenter (Lessmeier et al. 2016); data_prep/download_pu.py
data/pu/KA08/N15_M01_F10_KA08_13.mat,8714872,Paderborn University KAt-DataCenter (Lessmeier et al. 2016); data_prep/download_pu.py
data/pu/KA08/N15_M01_F10_KA08_14.mat,8714904,Paderborn University KAt-DataCenter (Lessmeier et al. 2016); data_prep/download_pu.py
data/pu/KA08/N15_M01_F10_KA08_15.mat,8714904,Paderborn University KAt-DataCenter (Lessmeier et al. 2016); data_prep/download_pu.py
data/pu/KA08/N15_M01_F10_KA08_16.mat,8714872,Paderborn University KAt-DataCenter (Lessmeier et al. 2016); data_prep/download_pu.py
data/pu/KA08/N15_M01_F10_KA08_17.mat,8715032,Paderborn University KAt-DataCenter (Lessmeier et al. 2016); data_prep/download_pu.py
data/pu/KA08/N15_M01_F10_KA08_18.mat,8714968,Paderborn University KAt-DataCenter (Lessmeier et al. 2016); data_prep/download_pu.py
data/pu/KA08/N15_M01_F10_KA08_19.mat,8714904,Paderborn University KAt-DataCenter (Lessmeier et al. 2016); data_prep/download_pu.py
data/pu/KA08/N15_M01_F10_KA08_2.mat,8714872,Paderborn University KAt-DataCenter (Lessmeier et al. 2016); data_prep/download_pu.py
data/pu/KA08/N15_M01_F10_KA08_20.mat,8714904,Paderborn University KAt-DataCenter (Lessmeier et al. 2016); data_prep/download_pu.py
data/pu/KA08/N15_M01_F10_KA08_3.mat,8714904,Paderborn University KAt-DataCenter (Lessmeier et al. 2016); data_prep/download_pu.py
data/pu/KA08/N15_M01_F10_KA08_4.mat,8714936,Paderborn University KAt-DataCenter (Lessmeier et al. 2016); data_prep/download_pu.py
data/pu/KA08/N15_M01_F10_KA08_5.mat,8714904,Paderborn University KAt-DataCenter (Lessmeier et al. 2016); data_prep/download_pu.py
data/pu/KA08/N15_M01_F10_KA08_6.mat,8717560,Paderborn University KAt-DataCenter (Lessmeier et al. 2016); data_prep/download_pu.py
data/pu/KA08/N15_M01_F10_KA08_7.mat,8714872,Paderborn University KAt-DataCenter (Lessmeier et al. 2016); data_prep/download_pu.py
data/pu/KA08/N15_M01_F10_KA08_8.mat,8714904,Paderborn University KAt-DataCenter (Lessmeier et al. 2016); data_prep/download_pu.py
data/pu/KA08/N15_M01_F10_KA08_9.mat,8714904,Paderborn University KAt-DataCenter (Lessmeier et al. 2016); data_prep/download_pu.py
data/pu/KA08/N15_M07_F04_KA08_1.mat,8714904,Paderborn University KAt-DataCenter (Lessmeier et al. 2016); data_prep/download_pu.py
data/pu/KA08/N15_M07_F04_KA08_10.mat,8714904,Paderborn University KAt-DataCenter (Lessmeier et al. 2016); data_prep/download_pu.py
data/pu/KA08/N15_M07_F04_KA08_11.mat,8714968,Paderborn University KAt-DataCenter (Lessmeier et al. 2016); data_prep/download_pu.py
data/pu/KA08/N15_M07_F04_KA08_12.mat,8714904,Paderborn University KAt-DataCenter (Lessmeier et al. 2016); data_prep/download_pu.py
data/pu/KA08/N15_M07_F04_KA08_13.mat,8714904,Paderborn University KAt-DataCenter (Lessmeier et al. 2016); data_prep/download_pu.py
data/pu/KA08/N15_M07_F04_KA08_14.mat,8715000,Paderborn University KAt-DataCenter (Lessmeier et al. 2016); data_prep/download_pu.py
data/pu/KA08/N15_M07_F04_KA08_15.mat,8714904,Paderborn University KAt-DataCenter (Lessmeier et al. 2016); data_prep/download_pu.py
data/pu/KA08/N15_M07_F04_KA08_16.mat,8715064,Paderborn University KAt-DataCenter (Lessmeier et al. 2016); data_prep/download_pu.py
data/pu/KA08/N15_M07_F04_KA08_17.mat,8714872,Paderborn University KAt-DataCenter (Lessmeier et al. 2016); data_prep/download_pu.py
data/pu/KA08/N15_M07_F04_KA08_18.mat,8714936,Paderborn University KAt-DataCenter (Lessmeier et al. 2016); data_prep/download_pu.py
data/pu/KA08/N15_M07_F04_KA08_19.mat,8714904,Paderborn University KAt-DataCenter (Lessmeier et al. 2016); data_prep/download_pu.py
data/pu/KA08/N15_M07_F04_KA08_2.mat,8714904,Paderborn University KAt-DataCenter (Lessmeier et al. 2016); data_prep/download_pu.py
data/pu/KA08/N15_M07_F04_KA08_20.mat,8714936,Paderborn University KAt-DataCenter (Lessmeier et al. 2016); data_prep/download_pu.py
data/pu/KA08/N15_M07_F04_KA08_3.mat,8714936,Paderborn University KAt-DataCenter (Lessmeier et al. 2016); data_prep/download_pu.py
data/pu/KA08/N15_M07_F04_KA08_4.mat,8714904,Paderborn University KAt-DataCenter (Lessmeier et al. 2016); data_prep/download_pu.py
data/pu/KA08/N15_M07_F04_KA08_5.mat,8714936,Paderborn University KAt-DataCenter (Lessmeier et al. 2016); data_prep/download_pu.py
data/pu/KA08/N15_M07_F04_KA08_6.mat,8714872,Paderborn University KAt-DataCenter (Lessmeier et al. 2016); data_prep/download_pu.py
data/pu/KA08/N15_M07_F04_KA08_7.mat,9368056,Paderborn University KAt-DataCenter (Lessmeier et al. 2016); data_prep/download_pu.py
data/pu/KA08/N15_M07_F04_KA08_8.mat,8715000,Paderborn University KAt-DataCenter (Lessmeier et al. 2016); data_prep/download_pu.py
data/pu/KA08/N15_M07_F04_KA08_9.mat,8715064,Paderborn University KAt-DataCenter (Lessmeier et al. 2016); data_prep/download_pu.py
data/pu/KA08/N15_M07_F10_KA08_1.mat,8714904,Paderborn University KAt-DataCenter (Lessmeier et al. 2016); data_prep/download_pu.py
data/pu/KA08/N15_M07_F10_KA08_10.mat,8717688,Paderborn University KAt-DataCenter (Lessmeier et al. 2016); data_prep/download_pu.py
data/pu/KA08/N15_M07_F10_KA08_11.mat,8520952,Paderborn University KAt-DataCenter (Lessmeier et al. 2016); data_prep/download_pu.py
data/pu/KA08/N15_M07_F10_KA08_12.mat,8714904,Paderborn University KAt-DataCenter (Lessmeier et al. 2016); data_prep/download_pu.py
data/pu/KA08/N15_M07_F10_KA08_13.mat,8714968,Paderborn University KAt-DataCenter (Lessmeier et al. 2016); data_prep/download_pu.py
data/pu/KA08/N15_M07_F10_KA08_14.mat,8717528,Paderborn University KAt-DataCenter (Lessmeier et al. 2016); data_prep/download_pu.py
data/pu/KA08/N15_M07_F10_KA08_15.mat,8717280,Paderborn University KAt-DataCenter (Lessmeier et al. 2016); data_prep/download_pu.py
data/pu/KA08/N15_M07_F10_KA08_16.mat,8714904,Paderborn University KAt-DataCenter (Lessmeier et al. 2016); data_prep/download_pu.py
data/pu/KA08/N15_M07_F10_KA08_17.mat,8717664,Paderborn University KAt-DataCenter (Lessmeier et al. 2016); data_prep/download_pu.py
data/pu/KA08/N15_M07_F10_KA08_18.mat,8714872,Paderborn University KAt-DataCenter (Lessmeier et al. 2016); data_prep/download_pu.py
data/pu/KA08/N15_M07_F10_KA08_19.mat,8745304,Paderborn University KAt-DataCenter (Lessmeier et al. 2016); data_prep/download_pu.py
data/pu/KA08/N15_M07_F10_KA08_2.mat,8717720,Paderborn University KAt-DataCenter (Lessmeier et al. 2016); data_prep/download_pu.py
data/pu/KA08/N15_M07_F10_KA08_20.mat,8714936,Paderborn University KAt-DataCenter (Lessmeier et al. 2016); data_prep/download_pu.py
data/pu/KA08/N15_M07_F10_KA08_3.mat,8717784,Paderborn University KAt-DataCenter (Lessmeier et al. 2016); data_prep/download_pu.py
data/pu/KA08/N15_M07_F10_KA08_4.mat,8714872,Paderborn University KAt-DataCenter (Lessmeier et al. 2016); data_prep/download_pu.py
data/pu/KA08/N15_M07_F10_KA08_5.mat,8717624,Paderborn University KAt-DataCenter (Lessmeier et al. 2016); data_prep/download_pu.py
data/pu/KA08/N15_M07_F10_KA08_6.mat,8738040,Paderborn University KAt-DataCenter (Lessmeier et al. 2016); data_prep/download_pu.py
data/pu/KA08/N15_M07_F10_KA08_7.mat,8718040,Paderborn University KAt-DataCenter (Lessmeier et al. 2016); data_prep/download_pu.py
data/pu/KA08/N15_M07_F10_KA08_8.mat,8714904,Paderborn University KAt-DataCenter (Lessmeier et al. 2016); data_prep/download_pu.py
data/pu/KA08/N15_M07_F10_KA08_9.mat,8717664,Paderborn University KAt-DataCenter (Lessmeier et al. 2016); data_prep/download_pu.py
data/pu/KA09/KA09.pdf,55726,Paderborn University KAt-DataCenter (Lessmeier et al. 2016); data_prep/download_pu.py
data/pu/KA09/measuring_log_KA09.pdf,138874,Paderborn University KAt-DataCenter (Lessmeier et al. 2016); data_prep/download_pu.py
data/pu/KA09/N09_M07_F10_KA09_1.mat,8714904,Paderborn University KAt-DataCenter (Lessmeier et al. 2016); data_prep/download_pu.py
data/pu/KA09/N09_M07_F10_KA09_10.mat,8714904,Paderborn University KAt-DataCenter (Lessmeier et al. 2016); data_prep/download_pu.py
data/pu/KA09/N09_M07_F10_KA09_11.mat,8714936,Paderborn University KAt-DataCenter (Lessmeier et al. 2016); data_prep/download_pu.py
data/pu/KA09/N09_M07_F10_KA09_12.mat,8714936,Paderborn University KAt-DataCenter (Lessmeier et al. 2016); data_prep/download_pu.py
data/pu/KA09/N09_M07_F10_KA09_13.mat,8714936,Paderborn University KAt-DataCenter (Lessmeier et al. 2016); data_prep/download_pu.py
data/pu/KA09/N09_M07_F10_KA09_14.mat,8714904,Paderborn University KAt-DataCenter (Lessmeier et al. 2016); data_prep/download_pu.py
data/pu/KA09/N09_M07_F10_KA09_15.mat,8714904,Paderborn University KAt-DataCenter (Lessmeier et al. 2016); data_prep/download_pu.py
data/pu/KA09/N09_M07_F10_KA09_16.mat,8714840,Paderborn University KAt-DataCenter (Lessmeier et al. 2016); data_prep/download_pu.py
data/pu/KA09/N09_M07_F10_KA09_17.mat,8714904,Paderborn University KAt-DataCenter (Lessmeier et al. 2016); data_prep/download_pu.py
data/pu/KA09/N09_M07_F10_KA09_18.mat,8714904,Paderborn University KAt-DataCenter (Lessmeier et al. 2016); data_prep/download_pu.py
data/pu/KA09/N09_M07_F10_KA09_19.mat,8714904,Paderborn University KAt-DataCenter (Lessmeier et al. 2016); data_prep/download_pu.py
data/pu/KA09/N09_M07_F10_KA09_2.mat,8714968,Paderborn University KAt-DataCenter (Lessmeier et al. 2016); data_prep/download_pu.py
data/pu/KA09/N09_M07_F10_KA09_20.mat,8824760,Paderborn University KAt-DataCenter (Lessmeier et al. 2016); data_prep/download_pu.py
data/pu/KA09/N09_M07_F10_KA09_3.mat,8714904,Paderborn University KAt-DataCenter (Lessmeier et al. 2016); data_prep/download_pu.py
data/pu/KA09/N09_M07_F10_KA09_4.mat,8714872,Paderborn University KAt-DataCenter (Lessmeier et al. 2016); data_prep/download_pu.py
data/pu/KA09/N09_M07_F10_KA09_5.mat,8714904,Paderborn University KAt-DataCenter (Lessmeier et al. 2016); data_prep/download_pu.py
data/pu/KA09/N09_M07_F10_KA09_6.mat,8714904,Paderborn University KAt-DataCenter (Lessmeier et al. 2016); data_prep/download_pu.py
data/pu/KA09/N09_M07_F10_KA09_7.mat,8714936,Paderborn University KAt-DataCenter (Lessmeier et al. 2016); data_prep/download_pu.py
data/pu/KA09/N09_M07_F10_KA09_8.mat,8714904,Paderborn University KAt-DataCenter (Lessmeier et al. 2016); data_prep/download_pu.py
data/pu/KA09/N09_M07_F10_KA09_9.mat,8714904,Paderborn University KAt-DataCenter (Lessmeier et al. 2016); data_prep/download_pu.py
data/pu/KA09/N15_M01_F10_KA09_1.mat,8714936,Paderborn University KAt-DataCenter (Lessmeier et al. 2016); data_prep/download_pu.py
data/pu/KA09/N15_M01_F10_KA09_10.mat,8714872,Paderborn University KAt-DataCenter (Lessmeier et al. 2016); data_prep/download_pu.py
data/pu/KA09/N15_M01_F10_KA09_11.mat,8714904,Paderborn University KAt-DataCenter (Lessmeier et al. 2016); data_prep/download_pu.py
data/pu/KA09/N15_M01_F10_KA09_12.mat,8714904,Paderborn University KAt-DataCenter (Lessmeier et al. 2016); data_prep/download_pu.py
data/pu/KA09/N15_M01_F10_KA09_13.mat,8714936,Paderborn University KAt-DataCenter (Lessmeier et al. 2016); data_prep/download_pu.py
data/pu/KA09/N15_M01_F10_KA09_14.mat,8714904,Paderborn University KAt-DataCenter (Lessmeier et al. 2016); data_prep/download_pu.py
data/pu/KA09/N15_M01_F10_KA09_15.mat,8714904,Paderborn University KAt-DataCenter (Lessmeier et al. 2016); data_prep/download_pu.py
data/pu/KA09/N15_M01_F10_KA09_16.mat,8714904,Paderborn University KAt-DataCenter (Lessmeier et al. 2016); data_prep/download_pu.py
data/pu/KA09/N15_M01_F10_KA09_17.mat,8714904,Paderborn University KAt-DataCenter (Lessmeier et al. 2016); data_prep/download_pu.py
data/pu/KA09/N15_M01_F10_KA09_18.mat,8715000,Paderborn University KAt-DataCenter (Lessmeier et al. 2016); data_prep/download_pu.py
data/pu/KA09/N15_M01_F10_KA09_19.mat,8714872,Paderborn University KAt-DataCenter (Lessmeier et al. 2016); data_prep/download_pu.py
data/pu/KA09/N15_M01_F10_KA09_2.mat,8714968,Paderborn University KAt-DataCenter (Lessmeier et al. 2016); data_prep/download_pu.py
data/pu/KA09/N15_M01_F10_KA09_20.mat,8714936,Paderborn University KAt-DataCenter (Lessmeier et al. 2016); data_prep/download_pu.py
data/pu/KA09/N15_M01_F10_KA09_3.mat,8714904,Paderborn University KAt-DataCenter (Lessmeier et al. 2016); data_prep/download_pu.py
data/pu/KA09/N15_M01_F10_KA09_4.mat,8714904,Paderborn University KAt-DataCenter (Lessmeier et al. 2016); data_prep/download_pu.py
data/pu/KA09/N15_M01_F10_KA09_5.mat,8714904,Paderborn University KAt-DataCenter (Lessmeier et al. 2016); data_prep/download_pu.py
data/pu/KA09/N15_M01_F10_KA09_6.mat,8714936,Paderborn University KAt-DataCenter (Lessmeier et al. 2016); data_prep/download_pu.py
data/pu/KA09/N15_M01_F10_KA09_7.mat,8714904,Paderborn University KAt-DataCenter (Lessmeier et al. 2016); data_prep/download_pu.py
data/pu/KA09/N15_M01_F10_KA09_8.mat,8714904,Paderborn University KAt-DataCenter (Lessmeier et al. 2016); data_prep/download_pu.py
data/pu/KA09/N15_M01_F10_KA09_9.mat,8714904,Paderborn University KAt-DataCenter (Lessmeier et al. 2016); data_prep/download_pu.py
data/pu/KA09/N15_M07_F04_KA09_1.mat,8714904,Paderborn University KAt-DataCenter (Lessmeier et al. 2016); data_prep/download_pu.py
data/pu/KA09/N15_M07_F04_KA09_10.mat,9428344,Paderborn University KAt-DataCenter (Lessmeier et al. 2016); data_prep/download_pu.py
data/pu/KA09/N15_M07_F04_KA09_11.mat,8714904,Paderborn University KAt-DataCenter (Lessmeier et al. 2016); data_prep/download_pu.py
data/pu/KA09/N15_M07_F04_KA09_12.mat,8714904,Paderborn University KAt-DataCenter (Lessmeier et al. 2016); data_prep/download_pu.py
data/pu/KA09/N15_M07_F04_KA09_13.mat,8714904,Paderborn University KAt-DataCenter (Lessmeier et al. 2016); data_prep/download_pu.py
data/pu/KA09/N15_M07_F04_KA09_14.mat,8714904,Paderborn University KAt-DataCenter (Lessmeier et al. 2016); data_prep/download_pu.py
data/pu/KA09/N15_M07_F04_KA09_15.mat,8714840,Paderborn University KAt-DataCenter (Lessmeier et al. 2016); data_prep/download_pu.py
data/pu/KA09/N15_M07_F04_KA09_16.mat,8714904,Paderborn University KAt-DataCenter (Lessmeier et al. 2016); data_prep/download_pu.py
data/pu/KA09/N15_M07_F04_KA09_17.mat,8714904,Paderborn University KAt-DataCenter (Lessmeier et al. 2016); data_prep/download_pu.py
data/pu/KA09/N15_M07_F04_KA09_18.mat,8714872,Paderborn University KAt-DataCenter (Lessmeier et al. 2016); data_prep/download_pu.py
data/pu/KA09/N15_M07_F04_KA09_19.mat,8714904,Paderborn University KAt-DataCenter (Lessmeier et al. 2016); data_prep/download_pu.py
data/pu/KA09/N15_M07_F04_KA09_2.mat,8714904,Paderborn University KAt-DataCenter (Lessmeier et al. 2016); data_prep/download_pu.py
data/pu/KA09/N15_M07_F04_KA09_20.mat,8714872,Paderborn University KAt-DataCenter (Lessmeier et al. 2016); data_prep/download_pu.py
data/pu/KA09/N15_M07_F04_KA09_3.mat,8715032,Paderborn University KAt-DataCenter (Lessmeier et al. 2016); data_prep/download_pu.py
data/pu/KA09/N15_M07_F04_KA09_4.mat,8714904,Paderborn University KAt-DataCenter (Lessmeier et al. 2016); data_prep/download_pu.py
data/pu/KA09/N15_M07_F04_KA09_5.mat,8714904,Paderborn University KAt-DataCenter (Lessmeier et al. 2016); data_prep/download_pu.py
data/pu/KA09/N15_M07_F04_KA09_6.mat,8714904,Paderborn University KAt-DataCenter (Lessmeier et al. 2016); data_prep/download_pu.py
data/pu/KA09/N15_M07_F04_KA09_7.mat,8714808,Paderborn University KAt-DataCenter (Lessmeier et al. 2016); data_prep/download_pu.py
data/pu/KA09/N15_M07_F04_KA09_8.mat,8714904,Paderborn University KAt-DataCenter (Lessmeier et al. 2016); data_prep/download_pu.py
data/pu/KA09/N15_M07_F04_KA09_9.mat,8714968,Paderborn University KAt-DataCenter (Lessmeier et al. 2016); data_prep/download_pu.py
data/pu/KA09/N15_M07_F10_KA09_1.mat,8714904,Paderborn University KAt-DataCenter (Lessmeier et al. 2016); data_prep/download_pu.py
data/pu/KA09/N15_M07_F10_KA09_10.mat,8714904,Paderborn University KAt-DataCenter (Lessmeier et al. 2016); data_prep/download_pu.py
data/pu/KA09/N15_M07_F10_KA09_11.mat,8714904,Paderborn University KAt-DataCenter (Lessmeier et al. 2016); data_prep/download_pu.py
data/pu/KA09/N15_M07_F10_KA09_12.mat,8714840,Paderborn University KAt-DataCenter (Lessmeier et al. 2016); data_prep/download_pu.py
data/pu/KA09/N15_M07_F10_KA09_13.mat,8714872,Paderborn University KAt-DataCenter (Lessmeier et al. 2016); data_prep/download_pu.py
data/pu/KA09/N15_M07_F10_KA09_14.mat,8714904,Paderborn University KAt-DataCenter (Lessmeier et al. 2016); data_prep/download_pu.py
data/pu/KA09/N15_M07_F10_KA09_15.mat,8714904,Paderborn University KAt-DataCenter (Lessmeier et al. 2016); data_prep/download_pu.py
data/pu/KA09/N15_M07_F10_KA09_16.mat,8714904,Paderborn University KAt-DataCenter (Lessmeier et al. 2016); data_prep/download_pu.py
data/pu/KA09/N15_M07_F10_KA09_17.mat,8714904,Paderborn University KAt-DataCenter (Lessmeier et al. 2016); data_prep/download_pu.py
data/pu/KA09/N15_M07_F10_KA09_18.mat,8714904,Paderborn University KAt-DataCenter (Lessmeier et al. 2016); data_prep/download_pu.py
data/pu/KA09/N15_M07_F10_KA09_19.mat,8714904,Paderborn University KAt-DataCenter (Lessmeier et al. 2016); data_prep/download_pu.py
data/pu/KA09/N15_M07_F10_KA09_2.mat,8714904,Paderborn University KAt-DataCenter (Lessmeier et al. 2016); data_prep/download_pu.py
data/pu/KA09/N15_M07_F10_KA09_20.mat,8714936,Paderborn University KAt-DataCenter (Lessmeier et al. 2016); data_prep/download_pu.py
data/pu/KA09/N15_M07_F10_KA09_3.mat,9406232,Paderborn University KAt-DataCenter (Lessmeier et al. 2016); data_prep/download_pu.py
data/pu/KA09/N15_M07_F10_KA09_4.mat,8714904,Paderborn University KAt-DataCenter (Lessmeier et al. 2016); data_prep/download_pu.py
data/pu/KA09/N15_M07_F10_KA09_5.mat,8714936,Paderborn University KAt-DataCenter (Lessmeier et al. 2016); data_prep/download_pu.py
data/pu/KA09/N15_M07_F10_KA09_6.mat,8714904,Paderborn University KAt-DataCenter (Lessmeier et al. 2016); data_prep/download_pu.py
data/pu/KA09/N15_M07_F10_KA09_7.mat,8714904,Paderborn University KAt-DataCenter (Lessmeier et al. 2016); data_prep/download_pu.py
data/pu/KA09/N15_M07_F10_KA09_8.mat,8714872,Paderborn University KAt-DataCenter (Lessmeier et al. 2016); data_prep/download_pu.py
data/pu/KA09/N15_M07_F10_KA09_9.mat,8714968,Paderborn University KAt-DataCenter (Lessmeier et al. 2016); data_prep/download_pu.py
data/pu/KA15/KA15.pdf,56499,Paderborn University KAt-DataCenter (Lessmeier et al. 2016); data_prep/download_pu.py
data/pu/KA15/measuring_log_KA15.pdf,139030,Paderborn University KAt-DataCenter (Lessmeier et al. 2016); data_prep/download_pu.py
data/pu/KA15/N09_M07_F10_KA15_1.mat,8714904,Paderborn University KAt-DataCenter (Lessmeier et al. 2016); data_prep/download_pu.py
data/pu/KA15/N09_M07_F10_KA15_10.mat,8714904,Paderborn University KAt-DataCenter (Lessmeier et al. 2016); data_prep/download_pu.py
data/pu/KA15/N09_M07_F10_KA15_11.mat,8714904,Paderborn University KAt-DataCenter (Lessmeier et al. 2016); data_prep/download_pu.py
data/pu/KA15/N09_M07_F10_KA15_12.mat,8714904,Paderborn University KAt-DataCenter (Lessmeier et al. 2016); data_prep/download_pu.py
data/pu/KA15/N09_M07_F10_KA15_13.mat,8714904,Paderborn University KAt-DataCenter (Lessmeier et al. 2016); data_prep/download_pu.py
data/pu/KA15/N09_M07_F10_KA15_14.mat,8714904,Paderborn University KAt-DataCenter (Lessmeier et al. 2016); data_prep/download_pu.py
data/pu/KA15/N09_M07_F10_KA15_15.mat,8714968,Paderborn University KAt-DataCenter (Lessmeier et al. 2016); data_prep/download_pu.py
data/pu/KA15/N09_M07_F10_KA15_16.mat,8714872,Paderborn University KAt-DataCenter (Lessmeier et al. 2016); data_prep/download_pu.py
data/pu/KA15/N09_M07_F10_KA15_17.mat,8714872,Paderborn University KAt-DataCenter (Lessmeier et al. 2016); data_prep/download_pu.py
data/pu/KA15/N09_M07_F10_KA15_18.mat,8714904,Paderborn University KAt-DataCenter (Lessmeier et al. 2016); data_prep/download_pu.py
data/pu/KA15/N09_M07_F10_KA15_19.mat,8714936,Paderborn University KAt-DataCenter (Lessmeier et al. 2016); data_prep/download_pu.py
data/pu/KA15/N09_M07_F10_KA15_2.mat,8714904,Paderborn University KAt-DataCenter (Lessmeier et al. 2016); data_prep/download_pu.py
data/pu/KA15/N09_M07_F10_KA15_20.mat,8714904,Paderborn University KAt-DataCenter (Lessmeier et al. 2016); data_prep/download_pu.py
data/pu/KA15/N09_M07_F10_KA15_3.mat,8714904,Paderborn University KAt-DataCenter (Lessmeier et al. 2016); data_prep/download_pu.py
data/pu/KA15/N09_M07_F10_KA15_4.mat,8714936,Paderborn University KAt-DataCenter (Lessmeier et al. 2016); data_prep/download_pu.py
data/pu/KA15/N09_M07_F10_KA15_5.mat,8714904,Paderborn University KAt-DataCenter (Lessmeier et al. 2016); data_prep/download_pu.py
data/pu/KA15/N09_M07_F10_KA15_6.mat,8714904,Paderborn University KAt-DataCenter (Lessmeier et al. 2016); data_prep/download_pu.py
data/pu/KA15/N09_M07_F10_KA15_7.mat,8714872,Paderborn University KAt-DataCenter (Lessmeier et al. 2016); data_prep/download_pu.py
data/pu/KA15/N09_M07_F10_KA15_8.mat,8714840,Paderborn University KAt-DataCenter (Lessmeier et al. 2016); data_prep/download_pu.py
data/pu/KA15/N09_M07_F10_KA15_9.mat,8714872,Paderborn University KAt-DataCenter (Lessmeier et al. 2016); data_prep/download_pu.py
data/pu/KA15/N15_M01_F10_KA15_1.mat,8714872,Paderborn University KAt-DataCenter (Lessmeier et al. 2016); data_prep/download_pu.py
data/pu/KA15/N15_M01_F10_KA15_10.mat,8714872,Paderborn University KAt-DataCenter (Lessmeier et al. 2016); data_prep/download_pu.py
data/pu/KA15/N15_M01_F10_KA15_11.mat,8728888,Paderborn University KAt-DataCenter (Lessmeier et al. 2016); data_prep/download_pu.py
data/pu/KA15/N15_M01_F10_KA15_12.mat,8714872,Paderborn University KAt-DataCenter (Lessmeier et al. 2016); data_prep/download_pu.py
data/pu/KA15/N15_M01_F10_KA15_13.mat,8714776,Paderborn University KAt-DataCenter (Lessmeier et al. 2016); data_prep/download_pu.py
data/pu/KA15/N15_M01_F10_KA15_14.mat,8714936,Paderborn University KAt-DataCenter (Lessmeier et al. 2016); data_prep/download_pu.py
data/pu/KA15/N15_M01_F10_KA15_15.mat,8715000,Paderborn University KAt-DataCenter (Lessmeier et al. 2016); data_prep/download_pu.py
data/pu/KA15/N15_M01_F10_KA15_16.mat,8715000,Paderborn University KAt-DataCenter (Lessmeier et al. 2016); data_prep/download_pu.py
data/pu/KA15/N15_M01_F10_KA15_17.mat,8714904,Paderborn University KAt-DataCenter (Lessmeier et al. 2016); data_prep/download_pu.py
data/pu/KA15/N15_M01_F10_KA15_18.mat,8714872,Paderborn University KAt-DataCenter (Lessmeier et al. 2016); data_prep/download_pu.py
data/pu/KA15/N15_M01_F10_KA15_19.mat,8714872,Paderborn University KAt-DataCenter (Lessmeier et al. 2016); data_prep/download_pu.py
data/pu/KA15/N15_M01_F10_KA15_2.mat,8714968,Paderborn University KAt-DataCenter (Lessmeier et al. 2016); data_prep/download_pu.py
data/pu/KA15/N15_M01_F10_KA15_20.mat,8757016,Paderborn University KAt-DataCenter (Lessmeier et al. 2016); data_prep/download_pu.py
data/pu/KA15/N15_M01_F10_KA15_3.mat,8715032,Paderborn University KAt-DataCenter (Lessmeier et al. 2016); data_prep/download_pu.py
data/pu/KA15/N15_M01_F10_KA15_4.mat,8717576,Paderborn University KAt-DataCenter (Lessmeier et al. 2016); data_prep/download_pu.py
data/pu/KA15/N15_M01_F10_KA15_5.mat,8714904,Paderborn University KAt-DataCenter (Lessmeier et al. 2016); data_prep/download_pu.py
data/pu/KA15/N15_M01_F10_KA15_6.mat,8714904,Paderborn University KAt-DataCenter (Lessmeier et al. 2016); data_prep/download_pu.py
data/pu/KA15/N15_M01_F10_KA15_7.mat,8714904,Paderborn University KAt-DataCenter (Lessmeier et al. 2016); data_prep/download_pu.py
data/pu/KA15/N15_M01_F10_KA15_8.mat,8714904,Paderborn University KAt-DataCenter (Lessmeier et al. 2016); data_prep/download_pu.py
data/pu/KA15/N15_M01_F10_KA15_9.mat,8717768,Paderborn University KAt-DataCenter (Lessmeier et al. 2016); data_prep/download_pu.py
data/pu/KA15/N15_M07_F04_KA15_1.mat,8715032,Paderborn University KAt-DataCenter (Lessmeier et al. 2016); data_prep/download_pu.py
data/pu/KA15/N15_M07_F04_KA15_10.mat,8714872,Paderborn University KAt-DataCenter (Lessmeier et al. 2016); data_prep/download_pu.py
data/pu/KA15/N15_M07_F04_KA15_11.mat,8714904,Paderborn University KAt-DataCenter (Lessmeier et al. 2016); data_prep/download_pu.py
data/pu/KA15/N15_M07_F04_KA15_12.mat,8714904,Paderborn University KAt-DataCenter (Lessmeier et al. 2016); data_prep/download_pu.py
data/pu/KA15/N15_M07_F04_KA15_13.mat,8714904,Paderborn University KAt-DataCenter (Lessmeier et al. 2016); data_prep/download_pu.py
data/pu/KA15/N15_M07_F04_KA15_14.mat,8714936,Paderborn University KAt-DataCenter (Lessmeier et al. 2016); data_prep/download_pu.py
data/pu/KA15/N15_M07_F04_KA15_15.mat,8714872,Paderborn University KAt-DataCenter (Lessmeier et al. 2016); data_prep/download_pu.py
data/pu/KA15/N15_M07_F04_KA15_16.mat,8714872,Paderborn University KAt-DataCenter (Lessmeier et al. 2016); data_prep/download_pu.py
data/pu/KA15/N15_M07_F04_KA15_17.mat,8714904,Paderborn University KAt-DataCenter (Lessmeier et al. 2016); data_prep/download_pu.py
data/pu/KA15/N15_M07_F04_KA15_18.mat,8714904,Paderborn University KAt-DataCenter (Lessmeier et al. 2016); data_prep/download_pu.py
data/pu/KA15/N15_M07_F04_KA15_19.mat,8714872,Paderborn University KAt-DataCenter (Lessmeier et al. 2016); data_prep/download_pu.py
data/pu/KA15/N15_M07_F04_KA15_2.mat,8714936,Paderborn University KAt-DataCenter (Lessmeier et al. 2016); data_prep/download_pu.py
data/pu/KA15/N15_M07_F04_KA15_20.mat,8714904,Paderborn University KAt-DataCenter (Lessmeier et al. 2016); data_prep/download_pu.py
data/pu/KA15/N15_M07_F04_KA15_3.mat,8714872,Paderborn University KAt-DataCenter (Lessmeier et al. 2016); data_prep/download_pu.py
data/pu/KA15/N15_M07_F04_KA15_4.mat,8714904,Paderborn University KAt-DataCenter (Lessmeier et al. 2016); data_prep/download_pu.py
data/pu/KA15/N15_M07_F04_KA15_5.mat,8714936,Paderborn University KAt-DataCenter (Lessmeier et al. 2016); data_prep/download_pu.py
data/pu/KA15/N15_M07_F04_KA15_6.mat,9423320,Paderborn University KAt-DataCenter (Lessmeier et al. 2016); data_prep/download_pu.py
data/pu/KA15/N15_M07_F04_KA15_7.mat,8714904,Paderborn University KAt-DataCenter (Lessmeier et al. 2016); data_prep/download_pu.py
data/pu/KA15/N15_M07_F04_KA15_8.mat,8714904,Paderborn University KAt-DataCenter (Lessmeier et al. 2016); data_prep/download_pu.py
data/pu/KA15/N15_M07_F04_KA15_9.mat,8714872,Paderborn University KAt-DataCenter (Lessmeier et al. 2016); data_prep/download_pu.py
data/pu/KA15/N15_M07_F10_KA15_1.mat,8714872,Paderborn University KAt-DataCenter (Lessmeier et al. 2016); data_prep/download_pu.py
data/pu/KA15/N15_M07_F10_KA15_10.mat,8714872,Paderborn University KAt-DataCenter (Lessmeier et al. 2016); data_prep/download_pu.py
data/pu/KA15/N15_M07_F10_KA15_11.mat,8714872,Paderborn University KAt-DataCenter (Lessmeier et al. 2016); data_prep/download_pu.py
data/pu/KA15/N15_M07_F10_KA15_12.mat,8714936,Paderborn University KAt-DataCenter (Lessmeier et al. 2016); data_prep/download_pu.py
data/pu/KA15/N15_M07_F10_KA15_13.mat,8714872,Paderborn University KAt-DataCenter (Lessmeier et al. 2016); data_prep/download_pu.py
data/pu/KA15/N15_M07_F10_KA15_14.mat,8714904,Paderborn University KAt-DataCenter (Lessmeier et al. 2016); data_prep/download_pu.py
data/pu/KA15/N15_M07_F10_KA15_15.mat,8714904,Paderborn University KAt-DataCenter (Lessmeier et al. 2016); data_prep/download_pu.py
data/pu/KA15/N15_M07_F10_KA15_16.mat,8714744,Paderborn University KAt-DataCenter (Lessmeier et al. 2016); data_prep/download_pu.py
data/pu/KA15/N15_M07_F10_KA15_17.mat,8714904,Paderborn University KAt-DataCenter (Lessmeier et al. 2016); data_prep/download_pu.py
data/pu/KA15/N15_M07_F10_KA15_18.mat,8714904,Paderborn University KAt-DataCenter (Lessmeier et al. 2016); data_prep/download_pu.py
data/pu/KA15/N15_M07_F10_KA15_19.mat,8714936,Paderborn University KAt-DataCenter (Lessmeier et al. 2016); data_prep/download_pu.py
data/pu/KA15/N15_M07_F10_KA15_2.mat,8714904,Paderborn University KAt-DataCenter (Lessmeier et al. 2016); data_prep/download_pu.py
data/pu/KA15/N15_M07_F10_KA15_20.mat,8714904,Paderborn University KAt-DataCenter (Lessmeier et al. 2016); data_prep/download_pu.py
data/pu/KA15/N15_M07_F10_KA15_3.mat,8714904,Paderborn University KAt-DataCenter (Lessmeier et al. 2016); data_prep/download_pu.py
data/pu/KA15/N15_M07_F10_KA15_4.mat,8714904,Paderborn University KAt-DataCenter (Lessmeier et al. 2016); data_prep/download_pu.py
data/pu/KA15/N15_M07_F10_KA15_5.mat,8714936,Paderborn University KAt-DataCenter (Lessmeier et al. 2016); data_prep/download_pu.py
data/pu/KA15/N15_M07_F10_KA15_6.mat,8714904,Paderborn University KAt-DataCenter (Lessmeier et al. 2016); data_prep/download_pu.py
data/pu/KA15/N15_M07_F10_KA15_7.mat,8714904,Paderborn University KAt-DataCenter (Lessmeier et al. 2016); data_prep/download_pu.py
data/pu/KA15/N15_M07_F10_KA15_8.mat,8714904,Paderborn University KAt-DataCenter (Lessmeier et al. 2016); data_prep/download_pu.py
data/pu/KA15/N15_M07_F10_KA15_9.mat,8714936,Paderborn University KAt-DataCenter (Lessmeier et al. 2016); data_prep/download_pu.py
data/pu/KA16/KA16.pdf,56383,Paderborn University KAt-DataCenter (Lessmeier et al. 2016); data_prep/download_pu.py
data/pu/KA16/measuring_log_KA16.pdf,139144,Paderborn University KAt-DataCenter (Lessmeier et al. 2016); data_prep/download_pu.py
data/pu/KA16/N09_M07_F10_KA16_1.mat,8717784,Paderborn University KAt-DataCenter (Lessmeier et al. 2016); data_prep/download_pu.py
data/pu/KA16/N09_M07_F10_KA16_10.mat,8714904,Paderborn University KAt-DataCenter (Lessmeier et al. 2016); data_prep/download_pu.py
data/pu/KA16/N09_M07_F10_KA16_11.mat,8714904,Paderborn University KAt-DataCenter (Lessmeier et al. 2016); data_prep/download_pu.py
data/pu/KA16/N09_M07_F10_KA16_12.mat,8714872,Paderborn University KAt-DataCenter (Lessmeier et al. 2016); data_prep/download_pu.py
data/pu/KA16/N09_M07_F10_KA16_13.mat,8714904,Paderborn University KAt-DataCenter (Lessmeier et al. 2016); data_prep/download_pu.py
data/pu/KA16/N09_M07_F10_KA16_14.mat,8717832,Paderborn University KAt-DataCenter (Lessmeier et al. 2016); data_prep/download_pu.py
data/pu/KA16/N09_M07_F10_KA16_15.mat,8717704,Paderborn University KAt-DataCenter (Lessmeier et al. 2016); data_prep/download_pu.py
data/pu/KA16/N09_M07_F10_KA16_16.mat,8718056,Paderborn University KAt-DataCenter (Lessmeier et al. 2016); data_prep/download_pu.py
data/pu/KA16/N09_M07_F10_KA16_17.mat,8717928,Paderborn University KAt-DataCenter (Lessmeier et al. 2016); data_prep/download_pu.py
data/pu/KA16/N09_M07_F10_KA16_18.mat,8715000,Paderborn University KAt-DataCenter (Lessmeier et al. 2016); data_prep/download_pu.py
data/pu/KA16/N09_M07_F10_KA16_19.mat,8714872,Paderborn University KAt-DataCenter (Lessmeier et al. 2016); data_prep/download_pu.py
data/pu/KA16/N09_M07_F10_KA16_2.mat,8717816,Paderborn University KAt-DataCenter (Lessmeier et al. 2016); data_prep/download_pu.py
data/pu/KA16/N09_M07_F10_KA16_20.mat,8715128,Paderborn University KAt-DataCenter (Lessmeier et al. 2016); data_prep/download_pu.py
data/pu/KA16/N09_M07_F10_KA16_3.mat,8714872,Paderborn University KAt-DataCenter (Lessmeier et al. 2016); data_prep/download_pu.py
data/pu/KA16/N09_M07_F10_KA16_4.mat,8715000,Paderborn University KAt-DataCenter (Lessmeier et al. 2016); data_prep/download_pu.py
data/pu/KA16/N09_M07_F10_KA16_5.mat,8717752,Paderborn University KAt-DataCenter (Lessmeier et al. 2016); data_prep/download_pu.py
data/pu/KA16/N09_M07_F10_KA16_6.mat,8714968,Paderborn University KAt-DataCenter (Lessmeier et al. 2016); data_prep/download_pu.py
data/pu/KA16/N09_M07_F10_KA16_7.mat,8717800,Paderborn University KAt-DataCenter (Lessmeier et al. 2016); data_prep/download_pu.py
data/pu/KA16/N09_M07_F10_KA16_8.mat,8714936,Paderborn University KAt-DataCenter (Lessmeier et al. 2016); data_prep/download_pu.py
data/pu/KA16/N09_M07_F10_KA16_9.mat,8888344,Paderborn University KAt-DataCenter (Lessmeier et al. 2016); data_prep/download_pu.py
data/pu/KA16/N15_M01_F10_KA16_1.mat,8717800,Paderborn University KAt-DataCenter (Lessmeier et al. 2016); data_prep/download_pu.py
data/pu/KA16/N15_M01_F10_KA16_10.mat,8755416,Paderborn University KAt-DataCenter (Lessmeier et al. 2016); data_prep/download_pu.py
data/pu/KA16/N15_M01_F10_KA16_11.mat,8714904,Paderborn University KAt-DataCenter (Lessmeier et al. 2016); data_prep/download_pu.py
data/pu/KA16/N15_M01_F10_KA16_12.mat,8714904,Paderborn University KAt-DataCenter (Lessmeier et al. 2016); data_prep/download_pu.py
data/pu/KA16/N15_M01_F10_KA16_13.mat,8714968,Paderborn University KAt-DataCenter (Lessmeier et al. 2016); data_prep/download_pu.py
data/pu/KA16/N15_M01_F10_KA16_14.mat,8714904,Paderborn University KAt-DataCenter (Lessmeier et al. 2016); data_prep/download_pu.py
data/pu/KA16/N15_M01_F10_KA16_15.mat,8765208,Paderborn University KAt-DataCenter (Lessmeier et al. 2016); data_prep/download_pu.py
data/pu/KA16/N15_M01_F10_KA16_16.mat,8714872,Paderborn University KAt-DataCenter (Lessmeier et al. 2016); data_prep/download_pu.py
data/pu/KA16/N15_M01_F10_KA16_17.mat,8714904,Paderborn University KAt-DataCenter (Lessmeier et al. 2016); data_prep/download_pu.py
data/pu/KA16/N15_M01_F10_KA16_18.mat,8714872,Paderborn University KAt-DataCenter (Lessmeier et al. 2016); data_prep/download_pu.py
data/pu/KA16/N15_M01_F10_KA16_19.mat,8714904,Paderborn University KAt-DataCenter (Lessmeier et al. 2016); data_prep/download_pu.py
data/pu/KA16/N15_M01_F10_KA16_2.mat,8717848,Paderborn University KAt-DataCenter (Lessmeier et al. 2016); data_prep/download_pu.py
data/pu/KA16/N15_M01_F10_KA16_20.mat,8717832,Paderborn University KAt-DataCenter (Lessmeier et al. 2016); data_prep/download_pu.py
data/pu/KA16/N15_M01_F10_KA16_3.mat,8718056,Paderborn University KAt-DataCenter (Lessmeier et al. 2016); data_prep/download_pu.py
data/pu/KA16/N15_M01_F10_KA16_4.mat,8717800,Paderborn University KAt-DataCenter (Lessmeier et al. 2016); data_prep/download_pu.py
data/pu/KA16/N15_M01_F10_KA16_5.mat,9088120,Paderborn University KAt-DataCenter (Lessmeier et al. 2016); data_prep/download_pu.py
data/pu/KA16/N15_M01_F10_KA16_6.mat,8717704,Paderborn University KAt-DataCenter (Lessmeier et al. 2016); data_prep/download_pu.py
data/pu/KA16/N15_M01_F10_KA16_7.mat,8714904,Paderborn University KAt-DataCenter (Lessmeier et al. 2016); data_prep/download_pu.py
data/pu/KA16/N15_M01_F10_KA16_8.mat,8717736,Paderborn University KAt-DataCenter (Lessmeier et al. 2016); data_prep/download_pu.py
data/pu/KA16/N15_M01_F10_KA16_9.mat,8714872,Paderborn University KAt-DataCenter (Lessmeier et al. 2016); data_prep/download_pu.py
data/pu/KA16/N15_M07_F04_KA16_1.mat,8714872,Paderborn University KAt-DataCenter (Lessmeier et al. 2016); data_prep/download_pu.py
data/pu/KA16/N15_M07_F04_KA16_10.mat,8714872,Paderborn University KAt-DataCenter (Lessmeier et al. 2016); data_prep/download_pu.py
data/pu/KA16/N15_M07_F04_KA16_11.mat,8714936,Paderborn University KAt-DataCenter (Lessmeier et al. 2016); data_prep/download_pu.py
data/pu/KA16/N15_M07_F04_KA16_12.mat,8714936,Paderborn University KAt-DataCenter (Lessmeier et al. 2016); data_prep/download_pu.py
data/pu/KA16/N15_M07_F04_KA16_13.mat,8714904,Paderborn University KAt-DataCenter (Lessmeier et al. 2016); data_prep/download_pu.py
data/pu/KA16/N15_M07_F04_KA16_14.mat,8714904,Paderborn University KAt-DataCenter (Lessmeier et al. 2016); data_prep/download_pu.py
data/pu/KA16/N15_M07_F04_KA16_15.mat,8714872,Paderborn University KAt-DataCenter (Lessmeier et al. 2016); data_prep/download_pu.py
data/pu/KA16/N15_M07_F04_KA16_16.mat,8714904,Paderborn University KAt-DataCenter (Lessmeier et al. 2016); data_prep/download_pu.py
data/pu/KA16/N15_M07_F04_KA16_17.mat,8714904,Paderborn University KAt-DataCenter (Lessmeier et al. 2016); data_prep/download_pu.py
data/pu/KA16/N15_M07_F04_KA16_18.mat,8714904,Paderborn University KAt-DataCenter (Lessmeier et al. 2016); data_prep/download_pu.py
data/pu/KA16/N15_M07_F04_KA16_19.mat,8715064,Paderborn University KAt-DataCenter (Lessmeier et al. 2016); data_prep/download_pu.py
data/pu/KA16/N15_M07_F04_KA16_2.mat,8714872,Paderborn University KAt-DataCenter (Lessmeier et al. 2016); data_prep/download_pu.py
data/pu/KA16/N15_M07_F04_KA16_20.mat,8714904,Paderborn University KAt-DataCenter (Lessmeier et al. 2016); data_prep/download_pu.py
data/pu/KA16/N15_M07_F04_KA16_3.mat,8714904,Paderborn University KAt-DataCenter (Lessmeier et al. 2016); data_prep/download_pu.py
data/pu/KA16/N15_M07_F04_KA16_4.mat,8729880,Paderborn University KAt-DataCenter (Lessmeier et al. 2016); data_prep/download_pu.py
data/pu/KA16/N15_M07_F04_KA16_5.mat,8714968,Paderborn University KAt-DataCenter (Lessmeier et al. 2016); data_prep/download_pu.py
data/pu/KA16/N15_M07_F04_KA16_6.mat,8714904,Paderborn University KAt-DataCenter (Lessmeier et al. 2016); data_prep/download_pu.py
data/pu/KA16/N15_M07_F04_KA16_7.mat,8714904,Paderborn University KAt-DataCenter (Lessmeier et al. 2016); data_prep/download_pu.py
data/pu/KA16/N15_M07_F04_KA16_8.mat,8714904,Paderborn University KAt-DataCenter (Lessmeier et al. 2016); data_prep/download_pu.py
data/pu/KA16/N15_M07_F04_KA16_9.mat,8714904,Paderborn University KAt-DataCenter (Lessmeier et al. 2016); data_prep/download_pu.py
data/pu/KA16/N15_M07_F10_KA16_1.mat,8714904,Paderborn University KAt-DataCenter (Lessmeier et al. 2016); data_prep/download_pu.py
data/pu/KA16/N15_M07_F10_KA16_10.mat,8714968,Paderborn University KAt-DataCenter (Lessmeier et al. 2016); data_prep/download_pu.py
data/pu/KA16/N15_M07_F10_KA16_11.mat,8717944,Paderborn University KAt-DataCenter (Lessmeier et al. 2016); data_prep/download_pu.py
data/pu/KA16/N15_M07_F10_KA16_12.mat,8714904,Paderborn University KAt-DataCenter (Lessmeier et al. 2016); data_prep/download_pu.py
data/pu/KA16/N15_M07_F10_KA16_13.mat,8717864,Paderborn University KAt-DataCenter (Lessmeier et al. 2016); data_prep/download_pu.py
data/pu/KA16/N15_M07_F10_KA16_14.mat,8715064,Paderborn University KAt-DataCenter (Lessmeier et al. 2016); data_prep/download_pu.py
data/pu/KA16/N15_M07_F10_KA16_15.mat,8714936,Paderborn University KAt-DataCenter (Lessmeier et al. 2016); data_prep/download_pu.py
data/pu/KA16/N15_M07_F10_KA16_16.mat,8714840,Paderborn University KAt-DataCenter (Lessmeier et al. 2016); data_prep/download_pu.py
data/pu/KA16/N15_M07_F10_KA16_17.mat,8714872,Paderborn University KAt-DataCenter (Lessmeier et al. 2016); data_prep/download_pu.py
data/pu/KA16/N15_M07_F10_KA16_18.mat,8717704,Paderborn University KAt-DataCenter (Lessmeier et al. 2016); data_prep/download_pu.py
data/pu/KA16/N15_M07_F10_KA16_19.mat,8714904,Paderborn University KAt-DataCenter (Lessmeier et al. 2016); data_prep/download_pu.py
data/pu/KA16/N15_M07_F10_KA16_2.mat,8717960,Paderborn University KAt-DataCenter (Lessmeier et al. 2016); data_prep/download_pu.py
data/pu/KA16/N15_M07_F10_KA16_20.mat,8740536,Paderborn University KAt-DataCenter (Lessmeier et al. 2016); data_prep/download_pu.py
data/pu/KA16/N15_M07_F10_KA16_3.mat,8717864,Paderborn University KAt-DataCenter (Lessmeier et al. 2016); data_prep/download_pu.py
data/pu/KA16/N15_M07_F10_KA16_4.mat,8717496,Paderborn University KAt-DataCenter (Lessmeier et al. 2016); data_prep/download_pu.py
data/pu/KA16/N15_M07_F10_KA16_5.mat,8715000,Paderborn University KAt-DataCenter (Lessmeier et al. 2016); data_prep/download_pu.py
data/pu/KA16/N15_M07_F10_KA16_6.mat,8844504,Paderborn University KAt-DataCenter (Lessmeier et al. 2016); data_prep/download_pu.py
data/pu/KA16/N15_M07_F10_KA16_7.mat,8714872,Paderborn University KAt-DataCenter (Lessmeier et al. 2016); data_prep/download_pu.py
data/pu/KA16/N15_M07_F10_KA16_8.mat,8714904,Paderborn University KAt-DataCenter (Lessmeier et al. 2016); data_prep/download_pu.py
data/pu/KA16/N15_M07_F10_KA16_9.mat,8714936,Paderborn University KAt-DataCenter (Lessmeier et al. 2016); data_prep/download_pu.py
data/pu/KA22/KA22.pdf,56408,Paderborn University KAt-DataCenter (Lessmeier et al. 2016); data_prep/download_pu.py
data/pu/KA22/measuring_log_KA22.pdf,139042,Paderborn University KAt-DataCenter (Lessmeier et al. 2016); data_prep/download_pu.py
data/pu/KA22/N09_M07_F10_KA22_1.mat,8714904,Paderborn University KAt-DataCenter (Lessmeier et al. 2016); data_prep/download_pu.py
data/pu/KA22/N09_M07_F10_KA22_10.mat,8714840,Paderborn University KAt-DataCenter (Lessmeier et al. 2016); data_prep/download_pu.py
data/pu/KA22/N09_M07_F10_KA22_11.mat,8714904,Paderborn University KAt-DataCenter (Lessmeier et al. 2016); data_prep/download_pu.py
data/pu/KA22/N09_M07_F10_KA22_12.mat,8962424,Paderborn University KAt-DataCenter (Lessmeier et al. 2016); data_prep/download_pu.py
data/pu/KA22/N09_M07_F10_KA22_13.mat,8955832,Paderborn University KAt-DataCenter (Lessmeier et al. 2016); data_prep/download_pu.py
data/pu/KA22/N09_M07_F10_KA22_14.mat,8714904,Paderborn University KAt-DataCenter (Lessmeier et al. 2016); data_prep/download_pu.py
data/pu/KA22/N09_M07_F10_KA22_15.mat,8714904,Paderborn University KAt-DataCenter (Lessmeier et al. 2016); data_prep/download_pu.py
data/pu/KA22/N09_M07_F10_KA22_16.mat,8714904,Paderborn University KAt-DataCenter (Lessmeier et al. 2016); data_prep/download_pu.py
data/pu/KA22/N09_M07_F10_KA22_17.mat,8718488,Paderborn University KAt-DataCenter (Lessmeier et al. 2016); data_prep/download_pu.py
data/pu/KA22/N09_M07_F10_KA22_18.mat,9393336,Paderborn University KAt-DataCenter (Lessmeier et al. 2016); data_prep/download_pu.py
data/pu/KA22/N09_M07_F10_KA22_19.mat,8714904,Paderborn University KAt-DataCenter (Lessmeier et al. 2016); data_prep/download_pu.py
data/pu/KA22/N09_M07_F10_KA22_2.mat,8714904,Paderborn University KAt-DataCenter (Lessmeier et al. 2016); data_prep/download_pu.py
data/pu/KA22/N09_M07_F10_KA22_20.mat,8714904,Paderborn University KAt-DataCenter (Lessmeier et al. 2016); data_prep/download_pu.py
data/pu/KA22/N09_M07_F10_KA22_3.mat,8714968,Paderborn University KAt-DataCenter (Lessmeier et al. 2016); data_prep/download_pu.py
data/pu/KA22/N09_M07_F10_KA22_4.mat,8714904,Paderborn University KAt-DataCenter (Lessmeier et al. 2016); data_prep/download_pu.py
data/pu/KA22/N09_M07_F10_KA22_5.mat,8714872,Paderborn University KAt-DataCenter (Lessmeier et al. 2016); data_prep/download_pu.py
data/pu/KA22/N09_M07_F10_KA22_6.mat,8714936,Paderborn University KAt-DataCenter (Lessmeier et al. 2016); data_prep/download_pu.py
data/pu/KA22/N09_M07_F10_KA22_7.mat,8714904,Paderborn University KAt-DataCenter (Lessmeier et al. 2016); data_prep/download_pu.py
data/pu/KA22/N09_M07_F10_KA22_8.mat,8714872,Paderborn University KAt-DataCenter (Lessmeier et al. 2016); data_prep/download_pu.py
data/pu/KA22/N09_M07_F10_KA22_9.mat,8714904,Paderborn University KAt-DataCenter (Lessmeier et al. 2016); data_prep/download_pu.py
data/pu/KA22/N15_M01_F10_KA22_1.mat,8714904,Paderborn University KAt-DataCenter (Lessmeier et al. 2016); data_prep/download_pu.py
data/pu/KA22/N15_M01_F10_KA22_10.mat,8714968,Paderborn University KAt-DataCenter (Lessmeier et al. 2016); data_prep/download_pu.py
data/pu/KA22/N15_M01_F10_KA22_11.mat,8714872,Paderborn University KAt-DataCenter (Lessmeier et al. 2016); data_prep/download_pu.py
data/pu/KA22/N15_M01_F10_KA22_12.mat,8714968,Paderborn University KAt-DataCenter (Lessmeier et al. 2016); data_prep/download_pu.py
data/pu/KA22/N15_M01_F10_KA22_13.mat,8714808,Paderborn University KAt-DataCenter (Lessmeier et al. 2016); data_prep/download_pu.py
data/pu/KA22/N15_M01_F10_KA22_14.mat,8714904,Paderborn University KAt-DataCenter (Lessmeier et al. 2016); data_prep/download_pu.py
data/pu/KA22/N15_M01_F10_KA22_15.mat,8714904,Paderborn University KAt-DataCenter (Lessmeier et al. 2016); data_prep/download_pu.py
data/pu/KA22/N15_M01_F10_KA22_16.mat,8823800,Paderborn University KAt-DataCenter (Lessmeier et al. 2016); data_prep/download_pu.py
data/pu/KA22/N15_M01_F10_KA22_17.mat,8714904,Paderborn University KAt-DataCenter (Lessmeier et al. 2016); data_prep/download_pu.py
data/pu/KA22/N15_M01_F10_KA22_18.mat,8714872,Paderborn University KAt-DataCenter (Lessmeier et al. 2016); data_prep/download_pu.py
data/pu/KA22/N15_M01_F10_KA22_19.mat,8715064,Paderborn University KAt-DataCenter (Lessmeier et al. 2016); data_prep/download_pu.py
data/pu/KA22/N15_M01_F10_KA22_2.mat,8715000,Paderborn University KAt-DataCenter (Lessmeier et al. 2016); data_prep/download_pu.py
data/pu/KA22/N15_M01_F10_KA22_20.mat,8714936,Paderborn University KAt-DataCenter (Lessmeier et al. 2016); data_prep/download_pu.py
data/pu/KA22/N15_M01_F10_KA22_3.mat,8714904,Paderborn University KAt-DataCenter (Lessmeier et al. 2016); data_prep/download_pu.py
data/pu/KA22/N15_M01_F10_KA22_4.mat,9398328,Paderborn University KAt-DataCenter (Lessmeier et al. 2016); data_prep/download_pu.py
data/pu/KA22/N15_M01_F10_KA22_5.mat,8714936,Paderborn University KAt-DataCenter (Lessmeier et al. 2016); data_prep/download_pu.py
data/pu/KA22/N15_M01_F10_KA22_6.mat,8714904,Paderborn University KAt-DataCenter (Lessmeier et al. 2016); data_prep/download_pu.py
data/pu/KA22/N15_M01_F10_KA22_7.mat,8714904,Paderborn University KAt-DataCenter (Lessmeier et al. 2016); data_prep/download_pu.py
data/pu/KA22/N15_M01_F10_KA22_8.mat,8714904,Paderborn University KAt-DataCenter (Lessmeier et al. 2016); data_prep/download_pu.py
data/pu/KA22/N15_M01_F10_KA22_9.mat,8715000,Paderborn University KAt-DataCenter (Lessmeier et al. 2016); data_prep/download_pu.py
data/pu/KA22/N15_M07_F04_KA22_1.mat,8714936,Paderborn University KAt-DataCenter (Lessmeier et al. 2016); data_prep/download_pu.py
data/pu/KA22/N15_M07_F04_KA22_10.mat,8714808,Paderborn University KAt-DataCenter (Lessmeier et al. 2016); data_prep/download_pu.py
data/pu/KA22/N15_M07_F04_KA22_11.mat,8714936,Paderborn University KAt-DataCenter (Lessmeier et al. 2016); data_prep/download_pu.py
data/pu/KA22/N15_M07_F04_KA22_12.mat,8714904,Paderborn University KAt-DataCenter (Lessmeier et al. 2016); data_prep/download_pu.py
data/pu/KA22/N15_M07_F04_KA22_13.mat,8714936,Paderborn University KAt-DataCenter (Lessmeier et al. 2016); data_prep/download_pu.py
data/pu/KA22/N15_M07_F04_KA22_14.mat,8714840,Paderborn University KAt-DataCenter (Lessmeier et al. 2016); data_prep/download_pu.py
data/pu/KA22/N15_M07_F04_KA22_15.mat,8714808,Paderborn University KAt-DataCenter (Lessmeier et al. 2016); data_prep/download_pu.py
data/pu/KA22/N15_M07_F04_KA22_16.mat,8714904,Paderborn University KAt-DataCenter (Lessmeier et al. 2016); data_prep/download_pu.py
data/pu/KA22/N15_M07_F04_KA22_17.mat,8714904,Paderborn University KAt-DataCenter (Lessmeier et al. 2016); data_prep/download_pu.py
data/pu/KA22/N15_M07_F04_KA22_18.mat,8714904,Paderborn University KAt-DataCenter (Lessmeier et al. 2016); data_prep/download_pu.py
data/pu/KA22/N15_M07_F04_KA22_19.mat,8714872,Paderborn University KAt-DataCenter (Lessmeier et al. 2016); data_prep/download_pu.py
data/pu/KA22/N15_M07_F04_KA22_2.mat,8714904,Paderborn University KAt-DataCenter (Lessmeier et al. 2016); data_prep/download_pu.py
data/pu/KA22/N15_M07_F04_KA22_20.mat,8714872,Paderborn University KAt-DataCenter (Lessmeier et al. 2016); data_prep/download_pu.py
data/pu/KA22/N15_M07_F04_KA22_3.mat,8714872,Paderborn University KAt-DataCenter (Lessmeier et al. 2016); data_prep/download_pu.py
data/pu/KA22/N15_M07_F04_KA22_4.mat,8714904,Paderborn University KAt-DataCenter (Lessmeier et al. 2016); data_prep/download_pu.py
data/pu/KA22/N15_M07_F04_KA22_5.mat,8714904,Paderborn University KAt-DataCenter (Lessmeier et al. 2016); data_prep/download_pu.py
data/pu/KA22/N15_M07_F04_KA22_6.mat,8714968,Paderborn University KAt-DataCenter (Lessmeier et al. 2016); data_prep/download_pu.py
data/pu/KA22/N15_M07_F04_KA22_7.mat,8714904,Paderborn University KAt-DataCenter (Lessmeier et al. 2016); data_prep/download_pu.py
data/pu/KA22/N15_M07_F04_KA22_8.mat,8714968,Paderborn University KAt-DataCenter (Lessmeier et al. 2016); data_prep/download_pu.py
data/pu/KA22/N15_M07_F04_KA22_9.mat,8715000,Paderborn University KAt-DataCenter (Lessmeier et al. 2016); data_prep/download_pu.py
data/pu/KA22/N15_M07_F10_KA22_1.mat,8714872,Paderborn University KAt-DataCenter (Lessmeier et al. 2016); data_prep/download_pu.py
data/pu/KA22/N15_M07_F10_KA22_10.mat,8714904,Paderborn University KAt-DataCenter (Lessmeier et al. 2016); data_prep/download_pu.py
data/pu/KA22/N15_M07_F10_KA22_11.mat,8714968,Paderborn University KAt-DataCenter (Lessmeier et al. 2016); data_prep/download_pu.py
data/pu/KA22/N15_M07_F10_KA22_12.mat,8714904,Paderborn University KAt-DataCenter (Lessmeier et al. 2016); data_prep/download_pu.py
data/pu/KA22/N15_M07_F10_KA22_13.mat,8714936,Paderborn University KAt-DataCenter (Lessmeier et al. 2016); data_prep/download_pu.py
data/pu/KA22/N15_M07_F10_KA22_14.mat,8714968,Paderborn University KAt-DataCenter (Lessmeier et al. 2016); data_prep/download_pu.py
data/pu/KA22/N15_M07_F10_KA22_15.mat,8714904,Paderborn University KAt-DataCenter (Lessmeier et al. 2016); data_prep/download_pu.py
data/pu/KA22/N15_M07_F10_KA22_16.mat,8714904,Paderborn University KAt-DataCenter (Lessmeier et al. 2016); data_prep/download_pu.py
data/pu/KA22/N15_M07_F10_KA22_17.mat,8714904,Paderborn University KAt-DataCenter (Lessmeier et al. 2016); data_prep/download_pu.py
data/pu/KA22/N15_M07_F10_KA22_18.mat,9392184,Paderborn University KAt-DataCenter (Lessmeier et al. 2016); data_prep/download_pu.py
data/pu/KA22/N15_M07_F10_KA22_19.mat,8714904,Paderborn University KAt-DataCenter (Lessmeier et al. 2016); data_prep/download_pu.py
data/pu/KA22/N15_M07_F10_KA22_2.mat,8714872,Paderborn University KAt-DataCenter (Lessmeier et al. 2016); data_prep/download_pu.py
data/pu/KA22/N15_M07_F10_KA22_20.mat,8714872,Paderborn University KAt-DataCenter (Lessmeier et al. 2016); data_prep/download_pu.py
data/pu/KA22/N15_M07_F10_KA22_3.mat,8714872,Paderborn University KAt-DataCenter (Lessmeier et al. 2016); data_prep/download_pu.py
data/pu/KA22/N15_M07_F10_KA22_4.mat,8714936,Paderborn University KAt-DataCenter (Lessmeier et al. 2016); data_prep/download_pu.py
data/pu/KA22/N15_M07_F10_KA22_5.mat,8714936,Paderborn University KAt-DataCenter (Lessmeier et al. 2016); data_prep/download_pu.py
data/pu/KA22/N15_M07_F10_KA22_6.mat,8714872,Paderborn University KAt-DataCenter (Lessmeier et al. 2016); data_prep/download_pu.py
data/pu/KA22/N15_M07_F10_KA22_7.mat,8714904,Paderborn University KAt-DataCenter (Lessmeier et al. 2016); data_prep/download_pu.py
data/pu/KA22/N15_M07_F10_KA22_8.mat,8714872,Paderborn University KAt-DataCenter (Lessmeier et al. 2016); data_prep/download_pu.py
data/pu/KA22/N15_M07_F10_KA22_9.mat,8714872,Paderborn University KAt-DataCenter (Lessmeier et al. 2016); data_prep/download_pu.py
data/pu/KA30/KA30.pdf,56457,Paderborn University KAt-DataCenter (Lessmeier et al. 2016); data_prep/download_pu.py
data/pu/KA30/measuring_log_KA30.pdf,138864,Paderborn University KAt-DataCenter (Lessmeier et al. 2016); data_prep/download_pu.py
data/pu/KA30/N09_M07_F10_KA30_1.mat,8717640,Paderborn University KAt-DataCenter (Lessmeier et al. 2016); data_prep/download_pu.py
data/pu/KA30/N09_M07_F10_KA30_10.mat,8714904,Paderborn University KAt-DataCenter (Lessmeier et al. 2016); data_prep/download_pu.py
data/pu/KA30/N09_M07_F10_KA30_11.mat,8714872,Paderborn University KAt-DataCenter (Lessmeier et al. 2016); data_prep/download_pu.py
data/pu/KA30/N09_M07_F10_KA30_12.mat,8717832,Paderborn University KAt-DataCenter (Lessmeier et al. 2016); data_prep/download_pu.py
data/pu/KA30/N09_M07_F10_KA30_13.mat,8715000,Paderborn University KAt-DataCenter (Lessmeier et al. 2016); data_prep/download_pu.py
data/pu/KA30/N09_M07_F10_KA30_14.mat,8714904,Paderborn University KAt-DataCenter (Lessmeier et al. 2016); data_prep/download_pu.py
data/pu/KA30/N09_M07_F10_KA30_15.mat,8714904,Paderborn University KAt-DataCenter (Lessmeier et al. 2016); data_prep/download_pu.py
data/pu/KA30/N09_M07_F10_KA30_16.mat,8714936,Paderborn University KAt-DataCenter (Lessmeier et al. 2016); data_prep/download_pu.py
data/pu/KA30/N09_M07_F10_KA30_17.mat,8714936,Paderborn University KAt-DataCenter (Lessmeier et al. 2016); data_prep/download_pu.py
data/pu/KA30/N09_M07_F10_KA30_18.mat,8883352,Paderborn University KAt-DataCenter (Lessmeier et al. 2016); data_prep/download_pu.py
data/pu/KA30/N09_M07_F10_KA30_19.mat,8714904,Paderborn University KAt-DataCenter (Lessmeier et al. 2016); data_prep/download_pu.py
data/pu/KA30/N09_M07_F10_KA30_2.mat,8715032,Paderborn University KAt-DataCenter (Lessmeier et al. 2016); data_prep/download_pu.py
data/pu/KA30/N09_M07_F10_KA30_20.mat,8717800,Paderborn University KAt-DataCenter (Lessmeier et al. 2016); data_prep/download_pu.py
data/pu/KA30/N09_M07_F10_KA30_3.mat,8714936,Paderborn University KAt-DataCenter (Lessmeier et al. 2016); data_prep/download_pu.py
data/pu/KA30/N09_M07_F10_KA30_4.mat,8714904,Paderborn University KAt-DataCenter (Lessmeier et al. 2016); data_prep/download_pu.py
data/pu/KA30/N09_M07_F10_KA30_5.mat,8727256,Paderborn University KAt-DataCenter (Lessmeier et al. 2016); data_prep/download_pu.py
data/pu/KA30/N09_M07_F10_KA30_6.mat,8714872,Paderborn University KAt-DataCenter (Lessmeier et al. 2016); data_prep/download_pu.py
data/pu/KA30/N09_M07_F10_KA30_7.mat,8717656,Paderborn University KAt-DataCenter (Lessmeier et al. 2016); data_prep/download_pu.py
data/pu/KA30/N09_M07_F10_KA30_8.mat,8714904,Paderborn University KAt-DataCenter (Lessmeier et al. 2016); data_prep/download_pu.py
data/pu/KA30/N09_M07_F10_KA30_9.mat,8714872,Paderborn University KAt-DataCenter (Lessmeier et al. 2016); data_prep/download_pu.py
data/pu/KA30/N15_M01_F10_KA30_1.mat,8714904,Paderborn University KAt-DataCenter (Lessmeier et al. 2016); data_prep/download_pu.py
data/pu/KA30/N15_M01_F10_KA30_10.mat,9310200,Paderborn University KAt-DataCenter (Lessmeier et al. 2016); data_prep/download_pu.py
data/pu/KA30/N15_M01_F10_KA30_11.mat,8714904,Paderborn University KAt-DataCenter (Lessmeier et al. 2016); data_prep/download_pu.py
data/pu/KA30/N15_M01_F10_KA30_12.mat,8714872,Paderborn University KAt-DataCenter (Lessmeier et al. 2016); data_prep/download_pu.py
data/pu/KA30/N15_M01_F10_KA30_13.mat,8714936,Paderborn University KAt-DataCenter (Lessmeier et al. 2016); data_prep/download_pu.py
data/pu/KA30/N15_M01_F10_KA30_14.mat,8717560,Paderborn University KAt-DataCenter (Lessmeier et al. 2016); data_prep/download_pu.py
data/pu/KA30/N15_M01_F10_KA30_15.mat,8717856,Paderborn University KAt-DataCenter (Lessmeier et al. 2016); data_prep/download_pu.py
data/pu/KA30/N15_M01_F10_KA30_16.mat,8714904,Paderborn University KAt-DataCenter (Lessmeier et al. 2016); data_prep/download_pu.py
data/pu/KA30/N15_M01_F10_KA30_17.mat,8714888,Paderborn University KAt-DataCenter (Lessmeier et al. 2016); data_prep/download_pu.py
data/pu/KA30/N15_M01_F10_KA30_18.mat,8715160,Paderborn University KAt-DataCenter (Lessmeier et al. 2016); data_prep/download_pu.py
data/pu/KA30/N15_M01_F10_KA30_19.mat,8717784,Paderborn University KAt-DataCenter (Lessmeier et al. 2016); data_prep/download_pu.py
data/pu/KA30/N15_M01_F10_KA30_2.mat,8717560,Paderborn University KAt-DataCenter (Lessmeier et al. 2016); data_prep/download_pu.py
data/pu/KA30/N15_M01_F10_KA30_20.mat,8714904,Paderborn University KAt-DataCenter (Lessmeier et al. 2016); data_prep/download_pu.py
data/pu/KA30/N15_M01_F10_KA30_3.mat,8717736,Paderborn University KAt-DataCenter (Lessmeier et al. 2016); data_prep/download_pu.py
data/pu/KA30/N15_M01_F10_KA30_4.mat,8714904,Paderborn University KAt-DataCenter (Lessmeier et al. 2016); data_prep/download_pu.py
data/pu/KA30/N15_M01_F10_KA30_5.mat,8714872,Paderborn University KAt-DataCenter (Lessmeier et al. 2016); data_prep/download_pu.py
data/pu/KA30/N15_M01_F10_KA30_6.mat,8730296,Paderborn University KAt-DataCenter (Lessmeier et al. 2016); data_prep/download_pu.py
data/pu/KA30/N15_M01_F10_KA30_7.mat,8714936,Paderborn University KAt-DataCenter (Lessmeier et al. 2016); data_prep/download_pu.py
data/pu/KA30/N15_M01_F10_KA30_8.mat,8714872,Paderborn University KAt-DataCenter (Lessmeier et al. 2016); data_prep/download_pu.py
data/pu/KA30/N15_M01_F10_KA30_9.mat,8714904,Paderborn University KAt-DataCenter (Lessmeier et al. 2016); data_prep/download_pu.py
data/pu/KA30/N15_M07_F04_KA30_1.mat,8714904,Paderborn University KAt-DataCenter (Lessmeier et al. 2016); data_prep/download_pu.py
data/pu/KA30/N15_M07_F04_KA30_10.mat,8717224,Paderborn University KAt-DataCenter (Lessmeier et al. 2016); data_prep/download_pu.py
data/pu/KA30/N15_M07_F04_KA30_11.mat,8717640,Paderborn University KAt-DataCenter (Lessmeier et al. 2016); data_prep/download_pu.py
data/pu/KA30/N15_M07_F04_KA30_12.mat,8717408,Paderborn University KAt-DataCenter (Lessmeier et al. 2016); data_prep/download_pu.py
data/pu/KA30/N15_M07_F04_KA30_13.mat,8718264,Paderborn University KAt-DataCenter (Lessmeier et al. 2016); data_prep/download_pu.py
data/pu/KA30/N15_M07_F04_KA30_14.mat,8718360,Paderborn University KAt-DataCenter (Lessmeier et al. 2016); data_prep/download_pu.py
data/pu/KA30/N15_M07_F04_KA30_15.mat,8714936,Paderborn University KAt-DataCenter (Lessmeier et al. 2016); data_prep/download_pu.py
data/pu/KA30/N15_M07_F04_KA30_16.mat,8714968,Paderborn University KAt-DataCenter (Lessmeier et al. 2016); data_prep/download_pu.py
data/pu/KA30/N15_M07_F04_KA30_17.mat,8714904,Paderborn University KAt-DataCenter (Lessmeier et al. 2016); data_prep/download_pu.py
data/pu/KA30/N15_M07_F04_KA30_18.mat,8714936,Paderborn University KAt-DataCenter (Lessmeier et al. 2016); data_prep/download_pu.py
data/pu/KA30/N15_M07_F04_KA30_19.mat,8714872,Paderborn University KAt-DataCenter (Lessmeier et al. 2016); data_prep/download_pu.py
data/pu/KA30/N15_M07_F04_KA30_2.mat,8717752,Paderborn University KAt-DataCenter (Lessmeier et al. 2016); data_prep/download_pu.py
data/pu/KA30/N15_M07_F04_KA30_20.mat,8714904,Paderborn University KAt-DataCenter (Lessmeier et al. 2016); data_prep/download_pu.py
data/pu/KA30/N15_M07_F04_KA30_3.mat,8720792,Paderborn University KAt-DataCenter (Lessmeier et al. 2016); data_prep/download_pu.py
data/pu/KA30/N15_M07_F04_KA30_4.mat,8717640,Paderborn University KAt-DataCenter (Lessmeier et al. 2016); data_prep/download_pu.py
data/pu/KA30/N15_M07_F04_KA30_5.mat,8717704,Paderborn University KAt-DataCenter (Lessmeier et al. 2016); data_prep/download_pu.py
data/pu/KA30/N15_M07_F04_KA30_6.mat,8717624,Paderborn University KAt-DataCenter (Lessmeier et al. 2016); data_prep/download_pu.py
data/pu/KA30/N15_M07_F04_KA30_7.mat,8718040,Paderborn University KAt-DataCenter (Lessmeier et al. 2016); data_prep/download_pu.py
data/pu/KA30/N15_M07_F04_KA30_8.mat,8715000,Paderborn University KAt-DataCenter (Lessmeier et al. 2016); data_prep/download_pu.py
data/pu/KA30/N15_M07_F04_KA30_9.mat,8719424,Paderborn University KAt-DataCenter (Lessmeier et al. 2016); data_prep/download_pu.py
data/pu/KA30/N15_M07_F10_KA30_1.mat,8715000,Paderborn University KAt-DataCenter (Lessmeier et al. 2016); data_prep/download_pu.py
data/pu/KA30/N15_M07_F10_KA30_10.mat,8718264,Paderborn University KAt-DataCenter (Lessmeier et al. 2016); data_prep/download_pu.py
data/pu/KA30/N15_M07_F10_KA30_11.mat,8714904,Paderborn University KAt-DataCenter (Lessmeier et al. 2016); data_prep/download_pu.py
data/pu/KA30/N15_M07_F10_KA30_12.mat,8714968,Paderborn University KAt-DataCenter (Lessmeier et al. 2016); data_prep/download_pu.py
data/pu/KA30/N15_M07_F10_KA30_13.mat,8714840,Paderborn University KAt-DataCenter (Lessmeier et al. 2016); data_prep/download_pu.py
data/pu/KA30/N15_M07_F10_KA30_14.mat,8714904,Paderborn University KAt-DataCenter (Lessmeier et al. 2016); data_prep/download_pu.py
data/pu/KA30/N15_M07_F10_KA30_15.mat,8714936,Paderborn University KAt-DataCenter (Lessmeier et al. 2016); data_prep/download_pu.py
data/pu/KA30/N15_M07_F10_KA30_16.mat,8714904,Paderborn University KAt-DataCenter (Lessmeier et al. 2016); data_prep/download_pu.py
data/pu/KA30/N15_M07_F10_KA30_17.mat,8715064,Paderborn University KAt-DataCenter (Lessmeier et al. 2016); data_prep/download_pu.py
data/pu/KA30/N15_M07_F10_KA30_18.mat,8715000,Paderborn University KAt-DataCenter (Lessmeier et al. 2016); data_prep/download_pu.py
data/pu/KA30/N15_M07_F10_KA30_19.mat,8714904,Paderborn University KAt-DataCenter (Lessmeier et al. 2016); data_prep/download_pu.py
data/pu/KA30/N15_M07_F10_KA30_2.mat,8714904,Paderborn University KAt-DataCenter (Lessmeier et al. 2016); data_prep/download_pu.py
data/pu/KA30/N15_M07_F10_KA30_20.mat,8717344,Paderborn University KAt-DataCenter (Lessmeier et al. 2016); data_prep/download_pu.py
data/pu/KA30/N15_M07_F10_KA30_3.mat,8714904,Paderborn University KAt-DataCenter (Lessmeier et al. 2016); data_prep/download_pu.py
data/pu/KA30/N15_M07_F10_KA30_4.mat,8718024,Paderborn University KAt-DataCenter (Lessmeier et al. 2016); data_prep/download_pu.py
data/pu/KA30/N15_M07_F10_KA30_5.mat,8714936,Paderborn University KAt-DataCenter (Lessmeier et al. 2016); data_prep/download_pu.py
data/pu/KA30/N15_M07_F10_KA30_6.mat,8715000,Paderborn University KAt-DataCenter (Lessmeier et al. 2016); data_prep/download_pu.py
data/pu/KA30/N15_M07_F10_KA30_7.mat,8714904,Paderborn University KAt-DataCenter (Lessmeier et al. 2016); data_prep/download_pu.py
data/pu/KA30/N15_M07_F10_KA30_8.mat,8714904,Paderborn University KAt-DataCenter (Lessmeier et al. 2016); data_prep/download_pu.py
data/pu/KA30/N15_M07_F10_KA30_9.mat,8717704,Paderborn University KAt-DataCenter (Lessmeier et al. 2016); data_prep/download_pu.py
data/pu/KB23/KB23.pdf,56860,Paderborn University KAt-DataCenter (Lessmeier et al. 2016); data_prep/download_pu.py
data/pu/KB23/measuring_log_KB23.pdf,138905,Paderborn University KAt-DataCenter (Lessmeier et al. 2016); data_prep/download_pu.py
data/pu/KB23/N09_M07_F10_KB23_1.mat,8714904,Paderborn University KAt-DataCenter (Lessmeier et al. 2016); data_prep/download_pu.py
data/pu/KB23/N09_M07_F10_KB23_10.mat,8717896,Paderborn University KAt-DataCenter (Lessmeier et al. 2016); data_prep/download_pu.py
data/pu/KB23/N09_M07_F10_KB23_11.mat,8714840,Paderborn University KAt-DataCenter (Lessmeier et al. 2016); data_prep/download_pu.py
data/pu/KB23/N09_M07_F10_KB23_12.mat,8714904,Paderborn University KAt-DataCenter (Lessmeier et al. 2016); data_prep/download_pu.py
data/pu/KB23/N09_M07_F10_KB23_13.mat,8718048,Paderborn University KAt-DataCenter (Lessmeier et al. 2016); data_prep/download_pu.py
data/pu/KB23/N09_M07_F10_KB23_14.mat,8717624,Paderborn University KAt-DataCenter (Lessmeier et al. 2016); data_prep/download_pu.py
data/pu/KB23/N09_M07_F10_KB23_15.mat,8714904,Paderborn University KAt-DataCenter (Lessmeier et al. 2016); data_prep/download_pu.py
data/pu/KB23/N09_M07_F10_KB23_16.mat,8717992,Paderborn University KAt-DataCenter (Lessmeier et al. 2016); data_prep/download_pu.py
data/pu/KB23/N09_M07_F10_KB23_17.mat,8714904,Paderborn University KAt-DataCenter (Lessmeier et al. 2016); data_prep/download_pu.py
data/pu/KB23/N09_M07_F10_KB23_18.mat,8717304,Paderborn University KAt-DataCenter (Lessmeier et al. 2016); data_prep/download_pu.py
data/pu/KB23/N09_M07_F10_KB23_19.mat,8714936,Paderborn University KAt-DataCenter (Lessmeier et al. 2016); data_prep/download_pu.py
data/pu/KB23/N09_M07_F10_KB23_2.mat,8717784,Paderborn University KAt-DataCenter (Lessmeier et al. 2016); data_prep/download_pu.py
data/pu/KB23/N09_M07_F10_KB23_20.mat,8714904,Paderborn University KAt-DataCenter (Lessmeier et al. 2016); data_prep/download_pu.py
data/pu/KB23/N09_M07_F10_KB23_3.mat,8714840,Paderborn University KAt-DataCenter (Lessmeier et al. 2016); data_prep/download_pu.py
data/pu/KB23/N09_M07_F10_KB23_4.mat,8714872,Paderborn University KAt-DataCenter (Lessmeier et al. 2016); data_prep/download_pu.py
data/pu/KB23/N09_M07_F10_KB23_5.mat,8714872,Paderborn University KAt-DataCenter (Lessmeier et al. 2016); data_prep/download_pu.py
data/pu/KB23/N09_M07_F10_KB23_6.mat,8717432,Paderborn University KAt-DataCenter (Lessmeier et al. 2016); data_prep/download_pu.py
data/pu/KB23/N09_M07_F10_KB23_7.mat,8717832,Paderborn University KAt-DataCenter (Lessmeier et al. 2016); data_prep/download_pu.py
data/pu/KB23/N09_M07_F10_KB23_8.mat,8717736,Paderborn University KAt-DataCenter (Lessmeier et al. 2016); data_prep/download_pu.py
data/pu/KB23/N09_M07_F10_KB23_9.mat,8714904,Paderborn University KAt-DataCenter (Lessmeier et al. 2016); data_prep/download_pu.py
data/pu/KB23/N15_M01_F10_KB23_1.mat,8714872,Paderborn University KAt-DataCenter (Lessmeier et al. 2016); data_prep/download_pu.py
data/pu/KB23/N15_M01_F10_KB23_10.mat,8717592,Paderborn University KAt-DataCenter (Lessmeier et al. 2016); data_prep/download_pu.py
data/pu/KB23/N15_M01_F10_KB23_11.mat,8717720,Paderborn University KAt-DataCenter (Lessmeier et al. 2016); data_prep/download_pu.py
data/pu/KB23/N15_M01_F10_KB23_12.mat,8714904,Paderborn University KAt-DataCenter (Lessmeier et al. 2016); data_prep/download_pu.py
data/pu/KB23/N15_M01_F10_KB23_13.mat,8915512,Paderborn University KAt-DataCenter (Lessmeier et al. 2016); data_prep/download_pu.py
data/pu/KB23/N15_M01_F10_KB23_14.mat,8714872,Paderborn University KAt-DataCenter (Lessmeier et al. 2016); data_prep/download_pu.py
data/pu/KB23/N15_M01_F10_KB23_15.mat,8714904,Paderborn University KAt-DataCenter (Lessmeier et al. 2016); data_prep/download_pu.py
data/pu/KB23/N15_M01_F10_KB23_16.mat,8714904,Paderborn University KAt-DataCenter (Lessmeier et al. 2016); data_prep/download_pu.py
data/pu/KB23/N15_M01_F10_KB23_17.mat,8714936,Paderborn University KAt-DataCenter (Lessmeier et al. 2016); data_prep/download_pu.py
data/pu/KB23/N15_M01_F10_KB23_18.mat,8714904,Paderborn University KAt-DataCenter (Lessmeier et al. 2016); data_prep/download_pu.py
data/pu/KB23/N15_M01_F10_KB23_19.mat,9562072,Paderborn University KAt-DataCenter (Lessmeier et al. 2016); data_prep/download_pu.py
data/pu/KB23/N15_M01_F10_KB23_2.mat,8714936,Paderborn University KAt-DataCenter (Lessmeier et al. 2016); data_prep/download_pu.py
data/pu/KB23/N15_M01_F10_KB23_20.mat,8714904,Paderborn University KAt-DataCenter (Lessmeier et al. 2016); data_prep/download_pu.py
data/pu/KB23/N15_M01_F10_KB23_3.mat,8720056,Paderborn University KAt-DataCenter (Lessmeier et al. 2016); data_prep/download_pu.py
data/pu/KB23/N15_M01_F10_KB23_4.mat,8714936,Paderborn University KAt-DataCenter (Lessmeier et al. 2016); data_prep/download_pu.py
data/pu/KB23/N15_M01_F10_KB23_5.mat,8714840,Paderborn University KAt-DataCenter (Lessmeier et al. 2016); data_prep/download_pu.py
data/pu/KB23/N15_M01_F10_KB23_6.mat,8714936,Paderborn University KAt-DataCenter (Lessmeier et al. 2016); data_prep/download_pu.py
data/pu/KB23/N15_M01_F10_KB23_7.mat,8714872,Paderborn University KAt-DataCenter (Lessmeier et al. 2016); data_prep/download_pu.py
data/pu/KB23/N15_M01_F10_KB23_8.mat,8729112,Paderborn University KAt-DataCenter (Lessmeier et al. 2016); data_prep/download_pu.py
data/pu/KB23/N15_M01_F10_KB23_9.mat,8714872,Paderborn University KAt-DataCenter (Lessmeier et al. 2016); data_prep/download_pu.py
data/pu/KB23/N15_M07_F04_KB23_1.mat,8717304,Paderborn University KAt-DataCenter (Lessmeier et al. 2016); data_prep/download_pu.py
data/pu/KB23/N15_M07_F04_KB23_10.mat,8714904,Paderborn University KAt-DataCenter (Lessmeier et al. 2016); data_prep/download_pu.py
data/pu/KB23/N15_M07_F04_KB23_11.mat,8714936,Paderborn University KAt-DataCenter (Lessmeier et al. 2016); data_prep/download_pu.py
data/pu/KB23/N15_M07_F04_KB23_12.mat,8714904,Paderborn University KAt-DataCenter (Lessmeier et al. 2016); data_prep/download_pu.py
data/pu/KB23/N15_M07_F04_KB23_13.mat,8715064,Paderborn University KAt-DataCenter (Lessmeier et al. 2016); data_prep/download_pu.py
data/pu/KB23/N15_M07_F04_KB23_14.mat,8714936,Paderborn University KAt-DataCenter (Lessmeier et al. 2016); data_prep/download_pu.py
data/pu/KB23/N15_M07_F04_KB23_15.mat,8714904,Paderborn University KAt-DataCenter (Lessmeier et al. 2016); data_prep/download_pu.py
data/pu/KB23/N15_M07_F04_KB23_16.mat,8714904,Paderborn University KAt-DataCenter (Lessmeier et al. 2016); data_prep/download_pu.py
data/pu/KB23/N15_M07_F04_KB23_17.mat,8714904,Paderborn University KAt-DataCenter (Lessmeier et al. 2016); data_prep/download_pu.py
data/pu/KB23/N15_M07_F04_KB23_18.mat,8714904,Paderborn University KAt-DataCenter (Lessmeier et al. 2016); data_prep/download_pu.py
data/pu/KB23/N15_M07_F04_KB23_19.mat,8714904,Paderborn University KAt-DataCenter (Lessmeier et al. 2016); data_prep/download_pu.py
data/pu/KB23/N15_M07_F04_KB23_2.mat,8714904,Paderborn University KAt-DataCenter (Lessmeier et al. 2016); data_prep/download_pu.py
data/pu/KB23/N15_M07_F04_KB23_20.mat,8714904,Paderborn University KAt-DataCenter (Lessmeier et al. 2016); data_prep/download_pu.py
data/pu/KB23/N15_M07_F04_KB23_3.mat,9446680,Paderborn University KAt-DataCenter (Lessmeier et al. 2016); data_prep/download_pu.py
data/pu/KB23/N15_M07_F04_KB23_4.mat,8714904,Paderborn University KAt-DataCenter (Lessmeier et al. 2016); data_prep/download_pu.py
data/pu/KB23/N15_M07_F04_KB23_5.mat,8714904,Paderborn University KAt-DataCenter (Lessmeier et al. 2016); data_prep/download_pu.py
data/pu/KB23/N15_M07_F04_KB23_6.mat,8714904,Paderborn University KAt-DataCenter (Lessmeier et al. 2016); data_prep/download_pu.py
data/pu/KB23/N15_M07_F04_KB23_7.mat,8714904,Paderborn University KAt-DataCenter (Lessmeier et al. 2016); data_prep/download_pu.py
data/pu/KB23/N15_M07_F04_KB23_8.mat,8714776,Paderborn University KAt-DataCenter (Lessmeier et al. 2016); data_prep/download_pu.py
data/pu/KB23/N15_M07_F04_KB23_9.mat,8714968,Paderborn University KAt-DataCenter (Lessmeier et al. 2016); data_prep/download_pu.py
data/pu/KB23/N15_M07_F10_KB23_1.mat,8714904,Paderborn University KAt-DataCenter (Lessmeier et al. 2016); data_prep/download_pu.py
data/pu/KB23/N15_M07_F10_KB23_10.mat,8714904,Paderborn University KAt-DataCenter (Lessmeier et al. 2016); data_prep/download_pu.py
data/pu/KB23/N15_M07_F10_KB23_11.mat,8717768,Paderborn University KAt-DataCenter (Lessmeier et al. 2016); data_prep/download_pu.py
data/pu/KB23/N15_M07_F10_KB23_12.mat,8714904,Paderborn University KAt-DataCenter (Lessmeier et al. 2016); data_prep/download_pu.py
data/pu/KB23/N15_M07_F10_KB23_13.mat,8717624,Paderborn University KAt-DataCenter (Lessmeier et al. 2016); data_prep/download_pu.py
data/pu/KB23/N15_M07_F10_KB23_14.mat,8717848,Paderborn University KAt-DataCenter (Lessmeier et al. 2016); data_prep/download_pu.py
data/pu/KB23/N15_M07_F10_KB23_15.mat,8714904,Paderborn University KAt-DataCenter (Lessmeier et al. 2016); data_prep/download_pu.py
data/pu/KB23/N15_M07_F10_KB23_16.mat,8714936,Paderborn University KAt-DataCenter (Lessmeier et al. 2016); data_prep/download_pu.py
data/pu/KB23/N15_M07_F10_KB23_17.mat,8714904,Paderborn University KAt-DataCenter (Lessmeier et al. 2016); data_prep/download_pu.py
data/pu/KB23/N15_M07_F10_KB23_18.mat,8717800,Paderborn University KAt-DataCenter (Lessmeier et al. 2016); data_prep/download_pu.py
data/pu/KB23/N15_M07_F10_KB23_19.mat,8714904,Paderborn University KAt-DataCenter (Lessmeier et al. 2016); data_prep/download_pu.py
data/pu/KB23/N15_M07_F10_KB23_2.mat,8714808,Paderborn University KAt-DataCenter (Lessmeier et al. 2016); data_prep/download_pu.py
data/pu/KB23/N15_M07_F10_KB23_20.mat,8717880,Paderborn University KAt-DataCenter (Lessmeier et al. 2016); data_prep/download_pu.py
data/pu/KB23/N15_M07_F10_KB23_3.mat,8717696,Paderborn University KAt-DataCenter (Lessmeier et al. 2016); data_prep/download_pu.py
data/pu/KB23/N15_M07_F10_KB23_4.mat,8714872,Paderborn University KAt-DataCenter (Lessmeier et al. 2016); data_prep/download_pu.py
data/pu/KB23/N15_M07_F10_KB23_5.mat,8714968,Paderborn University KAt-DataCenter (Lessmeier et al. 2016); data_prep/download_pu.py
data/pu/KB23/N15_M07_F10_KB23_6.mat,8714904,Paderborn University KAt-DataCenter (Lessmeier et al. 2016); data_prep/download_pu.py
data/pu/KB23/N15_M07_F10_KB23_7.mat,8714904,Paderborn University KAt-DataCenter (Lessmeier et al. 2016); data_prep/download_pu.py
data/pu/KB23/N15_M07_F10_KB23_8.mat,8717864,Paderborn University KAt-DataCenter (Lessmeier et al. 2016); data_prep/download_pu.py
data/pu/KB23/N15_M07_F10_KB23_9.mat,8744824,Paderborn University KAt-DataCenter (Lessmeier et al. 2016); data_prep/download_pu.py
data/pu/KB24/KB24.pdf,56852,Paderborn University KAt-DataCenter (Lessmeier et al. 2016); data_prep/download_pu.py
data/pu/KB24/measuring_log_KB24.pdf,139041,Paderborn University KAt-DataCenter (Lessmeier et al. 2016); data_prep/download_pu.py
data/pu/KB24/N09_M07_F10_KB24_1.mat,8965400,Paderborn University KAt-DataCenter (Lessmeier et al. 2016); data_prep/download_pu.py
data/pu/KB24/N09_M07_F10_KB24_10.mat,8717496,Paderborn University KAt-DataCenter (Lessmeier et al. 2016); data_prep/download_pu.py
data/pu/KB24/N09_M07_F10_KB24_11.mat,8761400,Paderborn University KAt-DataCenter (Lessmeier et al. 2016); data_prep/download_pu.py
data/pu/KB24/N09_M07_F10_KB24_12.mat,8714904,Paderborn University KAt-DataCenter (Lessmeier et al. 2016); data_prep/download_pu.py
data/pu/KB24/N09_M07_F10_KB24_13.mat,8717784,Paderborn University KAt-DataCenter (Lessmeier et al. 2016); data_prep/download_pu.py
data/pu/KB24/N09_M07_F10_KB24_14.mat,8714968,Paderborn University KAt-DataCenter (Lessmeier et al. 2016); data_prep/download_pu.py
data/pu/KB24/N09_M07_F10_KB24_15.mat,8745888,Paderborn University KAt-DataCenter (Lessmeier et al. 2016); data_prep/download_pu.py
data/pu/KB24/N09_M07_F10_KB24_16.mat,8717376,Paderborn University KAt-DataCenter (Lessmeier et al. 2016); data_prep/download_pu.py
data/pu/KB24/N09_M07_F10_KB24_17.mat,8718360,Paderborn University KAt-DataCenter (Lessmeier et al. 2016); data_prep/download_pu.py
data/pu/KB24/N09_M07_F10_KB24_18.mat,8730008,Paderborn University KAt-DataCenter (Lessmeier et al. 2016); data_prep/download_pu.py
data/pu/KB24/N09_M07_F10_KB24_19.mat,8730624,Paderborn University KAt-DataCenter (Lessmeier et al. 2016); data_prep/download_pu.py
data/pu/KB24/N09_M07_F10_KB24_2.mat,8729816,Paderborn University KAt-DataCenter (Lessmeier et al. 2016); data_prep/download_pu.py
data/pu/KB24/N09_M07_F10_KB24_20.mat,8714904,Paderborn University KAt-DataCenter (Lessmeier et al. 2016); data_prep/download_pu.py
data/pu/KB24/N09_M07_F10_KB24_3.mat,8732376,Paderborn University KAt-DataCenter (Lessmeier et al. 2016); data_prep/download_pu.py
data/pu/KB24/N09_M07_F10_KB24_4.mat,8762040,Paderborn University KAt-DataCenter (Lessmeier et al. 2016); data_prep/download_pu.py
data/pu/KB24/N09_M07_F10_KB24_5.mat,8714904,Paderborn University KAt-DataCenter (Lessmeier et al. 2016); data_prep/download_pu.py
data/pu/KB24/N09_M07_F10_KB24_6.mat,8741472,Paderborn University KAt-DataCenter (Lessmeier et al. 2016); data_prep/download_pu.py
data/pu/KB24/N09_M07_F10_KB24_7.mat,8750872,Paderborn University KAt-DataCenter (Lessmeier et al. 2016); data_prep/download_pu.py
data/pu/KB24/N09_M07_F10_KB24_8.mat,8799320,Paderborn University KAt-DataCenter (Lessmeier et al. 2016); data_prep/download_pu.py
data/pu/KB24/N09_M07_F10_KB24_9.mat,8714904,Paderborn University KAt-DataCenter (Lessmeier et al. 2016); data_prep/download_pu.py
data/pu/KB24/N15_M01_F10_KB24_1.mat,8714872,Paderborn University KAt-DataCenter (Lessmeier et al. 2016); data_prep/download_pu.py
data/pu/KB24/N15_M01_F10_KB24_10.mat,8714904,Paderborn University KAt-DataCenter (Lessmeier et al. 2016); data_prep/download_pu.py
data/pu/KB24/N15_M01_F10_KB24_11.mat,8720952,Paderborn University KAt-DataCenter (Lessmeier et al. 2016); data_prep/download_pu.py
data/pu/KB24/N15_M01_F10_KB24_12.mat,8714904,Paderborn University KAt-DataCenter (Lessmeier et al. 2016); data_prep/download_pu.py
data/pu/KB24/N15_M01_F10_KB24_13.mat,8718552,Paderborn University KAt-DataCenter (Lessmeier et al. 2016); data_prep/download_pu.py
data/pu/KB24/N15_M01_F10_KB24_14.mat,8714872,Paderborn University KAt-DataCenter (Lessmeier et al. 2016); data_prep/download_pu.py
data/pu/KB24/N15_M01_F10_KB24_15.mat,8718968,Paderborn University KAt-DataCenter (Lessmeier et al. 2016); data_prep/download_pu.py
data/pu/KB24/N15_M01_F10_KB24_16.mat,8740056,Paderborn University KAt-DataCenter (Lessmeier et al. 2016); data_prep/download_pu.py
data/pu/KB24/N15_M01_F10_KB24_17.mat,8714904,Paderborn University KAt-DataCenter (Lessmeier et al. 2016); data_prep/download_pu.py
data/pu/KB24/N15_M01_F10_KB24_18.mat,8956472,Paderborn University KAt-DataCenter (Lessmeier et al. 2016); data_prep/download_pu.py
data/pu/KB24/N15_M01_F10_KB24_19.mat,8769144,Paderborn University KAt-DataCenter (Lessmeier et al. 2016); data_prep/download_pu.py
data/pu/KB24/N15_M01_F10_KB24_2.mat,8717816,Paderborn University KAt-DataCenter (Lessmeier et al. 2016); data_prep/download_pu.py
data/pu/KB24/N15_M01_F10_KB24_20.mat,8714904,Paderborn University KAt-DataCenter (Lessmeier et al. 2016); data_prep/download_pu.py
data/pu/KB24/N15_M01_F10_KB24_3.mat,8714904,Paderborn University KAt-DataCenter (Lessmeier et al. 2016); data_prep/download_pu.py
data/pu/KB24/N15_M01_F10_KB24_4.mat,8714904,Paderborn University KAt-DataCenter (Lessmeier et al. 2016); data_prep/download_pu.py
data/pu/KB24/N15_M01_F10_KB24_5.mat,8747096,Paderborn University KAt-DataCenter (Lessmeier et al. 2016); data_prep/download_pu.py
data/pu/KB24/N15_M01_F10_KB24_6.mat,8718080,Paderborn University KAt-DataCenter (Lessmeier et al. 2016); data_prep/download_pu.py
data/pu/KB24/N15_M01_F10_KB24_7.mat,8717880,Paderborn University KAt-DataCenter (Lessmeier et al. 2016); data_prep/download_pu.py
data/pu/KB24/N15_M01_F10_KB24_8.mat,8715576,Paderborn University KAt-DataCenter (Lessmeier et al. 2016); data_prep/download_pu.py
data/pu/KB24/N15_M01_F10_KB24_9.mat,8718040,Paderborn University KAt-DataCenter (Lessmeier et al. 2016); data_prep/download_pu.py
data/pu/KB24/N15_M07_F04_KB24_1.mat,8753656,Paderborn University KAt-DataCenter (Lessmeier et al. 2016); data_prep/download_pu.py
data/pu/KB24/N15_M07_F04_KB24_10.mat,8718720,Paderborn University KAt-DataCenter (Lessmeier et al. 2016); data_prep/download_pu.py
data/pu/KB24/N15_M07_F04_KB24_11.mat,8714904,Paderborn University KAt-DataCenter (Lessmeier et al. 2016); data_prep/download_pu.py
data/pu/KB24/N15_M07_F04_KB24_12.mat,8714904,Paderborn University KAt-DataCenter (Lessmeier et al. 2016); data_prep/download_pu.py
data/pu/KB24/N15_M07_F04_KB24_13.mat,8734368,Paderborn University KAt-DataCenter (Lessmeier et al. 2016); data_prep/download_pu.py
data/pu/KB24/N15_M07_F04_KB24_14.mat,8744312,Paderborn University KAt-DataCenter (Lessmeier et al. 2016); data_prep/download_pu.py
data/pu/KB24/N15_M07_F04_KB24_15.mat,8714904,Paderborn University KAt-DataCenter (Lessmeier et al. 2016); data_prep/download_pu.py
data/pu/KB24/N15_M07_F04_KB24_16.mat,8714904,Paderborn University KAt-DataCenter (Lessmeier et al. 2016); data_prep/download_pu.py
data/pu/KB24/N15_M07_F04_KB24_17.mat,8714936,Paderborn University KAt-DataCenter (Lessmeier et al. 2016); data_prep/download_pu.py
data/pu/KB24/N15_M07_F04_KB24_18.mat,8725048,Paderborn University KAt-DataCenter (Lessmeier et al. 2016); data_prep/download_pu.py
data/pu/KB24/N15_M07_F04_KB24_19.mat,8714904,Paderborn University KAt-DataCenter (Lessmeier et al. 2016); data_prep/download_pu.py
data/pu/KB24/N15_M07_F04_KB24_2.mat,8867352,Paderborn University KAt-DataCenter (Lessmeier et al. 2016); data_prep/download_pu.py
data/pu/KB24/N15_M07_F04_KB24_20.mat,8714872,Paderborn University KAt-DataCenter (Lessmeier et al. 2016); data_prep/download_pu.py
data/pu/KB24/N15_M07_F04_KB24_3.mat,8718008,Paderborn University KAt-DataCenter (Lessmeier et al. 2016); data_prep/download_pu.py
data/pu/KB24/N15_M07_F04_KB24_4.mat,8739384,Paderborn University KAt-DataCenter (Lessmeier et al. 2016); data_prep/download_pu.py
data/pu/KB24/N15_M07_F04_KB24_5.mat,8717720,Paderborn University KAt-DataCenter (Lessmeier et al. 2016); data_prep/download_pu.py
data/pu/KB24/N15_M07_F04_KB24_6.mat,8728856,Paderborn University KAt-DataCenter (Lessmeier et al. 2016); data_prep/download_pu.py
data/pu/KB24/N15_M07_F04_KB24_7.mat,8714872,Paderborn University KAt-DataCenter (Lessmeier et al. 2016); data_prep/download_pu.py
data/pu/KB24/N15_M07_F04_KB24_8.mat,8717856,Paderborn University KAt-DataCenter (Lessmeier et al. 2016); data_prep/download_pu.py
data/pu/KB24/N15_M07_F04_KB24_9.mat,8714936,Paderborn University KAt-DataCenter (Lessmeier et al. 2016); data_prep/download_pu.py
data/pu/KB24/N15_M07_F10_KB24_1.mat,8714872,Paderborn University KAt-DataCenter (Lessmeier et al. 2016); data_prep/download_pu.py
data/pu/KB24/N15_M07_F10_KB24_10.mat,8718560,Paderborn University KAt-DataCenter (Lessmeier et al. 2016); data_prep/download_pu.py
data/pu/KB24/N15_M07_F10_KB24_11.mat,8714904,Paderborn University KAt-DataCenter (Lessmeier et al. 2016); data_prep/download_pu.py
data/pu/KB24/N15_M07_F10_KB24_12.mat,8724248,Paderborn University KAt-DataCenter (Lessmeier et al. 2016); data_prep/download_pu.py
data/pu/KB24/N15_M07_F10_KB24_13.mat,8717848,Paderborn University KAt-DataCenter (Lessmeier et al. 2016); data_prep/download_pu.py
data/pu/KB24/N15_M07_F10_KB24_14.mat,8732248,Paderborn University KAt-DataCenter (Lessmeier et al. 2016); data_prep/download_pu.py
data/pu/KB24/N15_M07_F10_KB24_15.mat,8714968,Paderborn University KAt-DataCenter (Lessmeier et al. 2016); data_prep/download_pu.py
data/pu/KB24/N15_M07_F10_KB24_16.mat,8717912,Paderborn University KAt-DataCenter (Lessmeier et al. 2016); data_prep/download_pu.py
data/pu/KB24/N15_M07_F10_KB24_17.mat,8733816,Paderborn University KAt-DataCenter (Lessmeier et al. 2016); data_prep/download_pu.py
data/pu/KB24/N15_M07_F10_KB24_18.mat,8718136,Paderborn University KAt-DataCenter (Lessmeier et al. 2016); data_prep/download_pu.py
data/pu/KB24/N15_M07_F10_KB24_19.mat,8718424,Paderborn University KAt-DataCenter (Lessmeier et al. 2016); data_prep/download_pu.py
data/pu/KB24/N15_M07_F10_KB24_2.mat,8714904,Paderborn University KAt-DataCenter (Lessmeier et al. 2016); data_prep/download_pu.py
data/pu/KB24/N15_M07_F10_KB24_20.mat,8714904,Paderborn University KAt-DataCenter (Lessmeier et al. 2016); data_prep/download_pu.py
data/pu/KB24/N15_M07_F10_KB24_3.mat,8909432,Paderborn University KAt-DataCenter (Lessmeier et al. 2016); data_prep/download_pu.py
data/pu/KB24/N15_M07_F10_KB24_4.mat,8717560,Paderborn University KAt-DataCenter (Lessmeier et al. 2016); data_prep/download_pu.py
data/pu/KB24/N15_M07_F10_KB24_5.mat,8738968,Paderborn University KAt-DataCenter (Lessmeier et al. 2016); data_prep/download_pu.py
data/pu/KB24/N15_M07_F10_KB24_6.mat,8734040,Paderborn University KAt-DataCenter (Lessmeier et al. 2016); data_prep/download_pu.py
data/pu/KB24/N15_M07_F10_KB24_7.mat,8728568,Paderborn University KAt-DataCenter (Lessmeier et al. 2016); data_prep/download_pu.py
data/pu/KB24/N15_M07_F10_KB24_8.mat,8718200,Paderborn University KAt-DataCenter (Lessmeier et al. 2016); data_prep/download_pu.py
data/pu/KB24/N15_M07_F10_KB24_9.mat,8714904,Paderborn University KAt-DataCenter (Lessmeier et al. 2016); data_prep/download_pu.py
data/pu/KB27/KB27.pdf,56876,Paderborn University KAt-DataCenter (Lessmeier et al. 2016); data_prep/download_pu.py
data/pu/KB27/measuring_log_KB27.pdf,139045,Paderborn University KAt-DataCenter (Lessmeier et al. 2016); data_prep/download_pu.py
data/pu/KB27/N09_M07_F10_KB27_1.mat,8714904,Paderborn University KAt-DataCenter (Lessmeier et al. 2016); data_prep/download_pu.py
data/pu/KB27/N09_M07_F10_KB27_10.mat,8715064,Paderborn University KAt-DataCenter (Lessmeier et al. 2016); data_prep/download_pu.py
data/pu/KB27/N09_M07_F10_KB27_11.mat,8715000,Paderborn University KAt-DataCenter (Lessmeier et al. 2016); data_prep/download_pu.py
data/pu/KB27/N09_M07_F10_KB27_12.mat,8717496,Paderborn University KAt-DataCenter (Lessmeier et al. 2016); data_prep/download_pu.py
data/pu/KB27/N09_M07_F10_KB27_13.mat,8714904,Paderborn University KAt-DataCenter (Lessmeier et al. 2016); data_prep/download_pu.py
data/pu/KB27/N09_M07_F10_KB27_14.mat,8714936,Paderborn University KAt-DataCenter (Lessmeier et al. 2016); data_prep/download_pu.py
data/pu/KB27/N09_M07_F10_KB27_15.mat,9247512,Paderborn University KAt-DataCenter (Lessmeier et al. 2016); data_prep/download_pu.py
data/pu/KB27/N09_M07_F10_KB27_16.mat,8714808,Paderborn University KAt-DataCenter (Lessmeier et al. 2016); data_prep/download_pu.py
data/pu/KB27/N09_M07_F10_KB27_17.mat,8714936,Paderborn University KAt-DataCenter (Lessmeier et al. 2016); data_prep/download_pu.py
data/pu/KB27/N09_M07_F10_KB27_18.mat,8733976,Paderborn University KAt-DataCenter (Lessmeier et al. 2016); data_prep/download_pu.py
data/pu/KB27/N09_M07_F10_KB27_19.mat,8717800,Paderborn University KAt-DataCenter (Lessmeier et al. 2016); data_prep/download_pu.py
data/pu/KB27/N09_M07_F10_KB27_2.mat,8717560,Paderborn University KAt-DataCenter (Lessmeier et al. 2016); data_prep/download_pu.py
data/pu/KB27/N09_M07_F10_KB27_20.mat,8714904,Paderborn University KAt-DataCenter (Lessmeier et al. 2016); data_prep/download_pu.py
data/pu/KB27/N09_M07_F10_KB27_3.mat,8714904,Paderborn University KAt-DataCenter (Lessmeier et al. 2016); data_prep/download_pu.py
data/pu/KB27/N09_M07_F10_KB27_4.mat,8715000,Paderborn University KAt-DataCenter (Lessmeier et al. 2016); data_prep/download_pu.py
data/pu/KB27/N09_M07_F10_KB27_5.mat,8740760,Paderborn University KAt-DataCenter (Lessmeier et al. 2016); data_prep/download_pu.py
data/pu/KB27/N09_M07_F10_KB27_6.mat,8714904,Paderborn University KAt-DataCenter (Lessmeier et al. 2016); data_prep/download_pu.py
data/pu/KB27/N09_M07_F10_KB27_7.mat,8968376,Paderborn University KAt-DataCenter (Lessmeier et al. 2016); data_prep/download_pu.py
data/pu/KB27/N09_M07_F10_KB27_8.mat,8714904,Paderborn University KAt-DataCenter (Lessmeier et al. 2016); data_prep/download_pu.py
data/pu/KB27/N09_M07_F10_KB27_9.mat,8715000,Paderborn University KAt-DataCenter (Lessmeier et al. 2016); data_prep/download_pu.py
data/pu/KB27/N15_M01_F10_KB27_1.mat,8714904,Paderborn University KAt-DataCenter (Lessmeier et al. 2016); data_prep/download_pu.py
data/pu/KB27/N15_M01_F10_KB27_10.mat,8714872,Paderborn University KAt-DataCenter (Lessmeier et al. 2016); data_prep/download_pu.py
data/pu/KB27/N15_M01_F10_KB27_11.mat,8714904,Paderborn University KAt-DataCenter (Lessmeier et al. 2016); data_prep/download_pu.py
data/pu/KB27/N15_M01_F10_KB27_12.mat,9803736,Paderborn University KAt-DataCenter (Lessmeier et al. 2016); data_prep/download_pu.py
data/pu/KB27/N15_M01_F10_KB27_13.mat,8714936,Paderborn University KAt-DataCenter (Lessmeier et al. 2016); data_prep/download_pu.py
data/pu/KB27/N15_M01_F10_KB27_14.mat,8714872,Paderborn University KAt-DataCenter (Lessmeier et al. 2016); data_prep/download_pu.py
data/pu/KB27/N15_M01_F10_KB27_15.mat,8717704,Paderborn University KAt-DataCenter (Lessmeier et al. 2016); data_prep/download_pu.py
data/pu/KB27/N15_M01_F10_KB27_16.mat,8720664,Paderborn University KAt-DataCenter (Lessmeier et al. 2016); data_prep/download_pu.py
data/pu/KB27/N15_M01_F10_KB27_17.mat,8714904,Paderborn University KAt-DataCenter (Lessmeier et al. 2016); data_prep/download_pu.py
data/pu/KB27/N15_M01_F10_KB27_18.mat,8714904,Paderborn University KAt-DataCenter (Lessmeier et al. 2016); data_prep/download_pu.py
data/pu/KB27/N15_M01_F10_KB27_19.mat,8714872,Paderborn University KAt-DataCenter (Lessmeier et al. 2016); data_prep/download_pu.py
data/pu/KB27/N15_M01_F10_KB27_2.mat,8810968,Paderborn University KAt-DataCenter (Lessmeier et al. 2016); data_prep/download_pu.py
data/pu/KB27/N15_M01_F10_KB27_20.mat,8717928,Paderborn University KAt-DataCenter (Lessmeier et al. 2016); data_prep/download_pu.py
data/pu/KB27/N15_M01_F10_KB27_3.mat,8714904,Paderborn University KAt-DataCenter (Lessmeier et al. 2016); data_prep/download_pu.py
data/pu/KB27/N15_M01_F10_KB27_4.mat,8714904,Paderborn University KAt-DataCenter (Lessmeier et al. 2016); data_prep/download_pu.py
data/pu/KB27/N15_M01_F10_KB27_5.mat,8714904,Paderborn University KAt-DataCenter (Lessmeier et al. 2016); data_prep/download_pu.py
data/pu/KB27/N15_M01_F10_KB27_6.mat,8714872,Paderborn University KAt-DataCenter (Lessmeier et al. 2016); data_prep/download_pu.py
data/pu/KB27/N15_M01_F10_KB27_7.mat,8717896,Paderborn University KAt-DataCenter (Lessmeier et al. 2016); data_prep/download_pu.py
data/pu/KB27/N15_M01_F10_KB27_8.mat,9512184,Paderborn University KAt-DataCenter (Lessmeier et al. 2016); data_prep/download_pu.py
data/pu/KB27/N15_M01_F10_KB27_9.mat,8714904,Paderborn University KAt-DataCenter (Lessmeier et al. 2016); data_prep/download_pu.py
data/pu/KB27/N15_M07_F04_KB27_1.mat,8714904,Paderborn University KAt-DataCenter (Lessmeier et al. 2016); data_prep/download_pu.py
data/pu/KB27/N15_M07_F04_KB27_10.mat,8754840,Paderborn University KAt-DataCenter (Lessmeier et al. 2016); data_prep/download_pu.py
data/pu/KB27/N15_M07_F04_KB27_11.mat,8714808,Paderborn University KAt-DataCenter (Lessmeier et al. 2016); data_prep/download_pu.py
data/pu/KB27/N15_M07_F04_KB27_12.mat,8717832,Paderborn University KAt-DataCenter (Lessmeier et al. 2016); data_prep/download_pu.py
data/pu/KB27/N15_M07_F04_KB27_13.mat,8714936,Paderborn University KAt-DataCenter (Lessmeier et al. 2016); data_prep/download_pu.py
data/pu/KB27/N15_M07_F04_KB27_14.mat,8717704,Paderborn University KAt-DataCenter (Lessmeier et al. 2016); data_prep/download_pu.py
data/pu/KB27/N15_M07_F04_KB27_15.mat,8714936,Paderborn University KAt-DataCenter (Lessmeier et al. 2016); data_prep/download_pu.py
data/pu/KB27/N15_M07_F04_KB27_16.mat,8714936,Paderborn University KAt-DataCenter (Lessmeier et al. 2016); data_prep/download_pu.py
data/pu/KB27/N15_M07_F04_KB27_17.mat,8714936,Paderborn University KAt-DataCenter (Lessmeier et al. 2016); data_prep/download_pu.py
data/pu/KB27/N15_M07_F04_KB27_18.mat,8714872,Paderborn University KAt-DataCenter (Lessmeier et al. 2016); data_prep/download_pu.py
data/pu/KB27/N15_M07_F04_KB27_19.mat,8714904,Paderborn University KAt-DataCenter (Lessmeier et al. 2016); data_prep/download_pu.py
data/pu/KB27/N15_M07_F04_KB27_2.mat,8717768,Paderborn University KAt-DataCenter (Lessmeier et al. 2016); data_prep/download_pu.py
data/pu/KB27/N15_M07_F04_KB27_20.mat,8714904,Paderborn University KAt-DataCenter (Lessmeier et al. 2016); data_prep/download_pu.py
data/pu/KB27/N15_M07_F04_KB27_3.mat,8714904,Paderborn University KAt-DataCenter (Lessmeier et al. 2016); data_prep/download_pu.py
data/pu/KB27/N15_M07_F04_KB27_4.mat,8714904,Paderborn University KAt-DataCenter (Lessmeier et al. 2016); data_prep/download_pu.py
data/pu/KB27/N15_M07_F04_KB27_5.mat,8714872,Paderborn University KAt-DataCenter (Lessmeier et al. 2016); data_prep/download_pu.py
data/pu/KB27/N15_M07_F04_KB27_6.mat,8714968,Paderborn University KAt-DataCenter (Lessmeier et al. 2016); data_prep/download_pu.py
data/pu/KB27/N15_M07_F04_KB27_7.mat,8718680,Paderborn University KAt-DataCenter (Lessmeier et al. 2016); data_prep/download_pu.py
data/pu/KB27/N15_M07_F04_KB27_8.mat,8715320,Paderborn University KAt-DataCenter (Lessmeier et al. 2016); data_prep/download_pu.py
data/pu/KB27/N15_M07_F04_KB27_9.mat,8714904,Paderborn University KAt-DataCenter (Lessmeier et al. 2016); data_prep/download_pu.py
data/pu/KB27/N15_M07_F10_KB27_1.mat,8714904,Paderborn University KAt-DataCenter (Lessmeier et al. 2016); data_prep/download_pu.py
data/pu/KB27/N15_M07_F10_KB27_10.mat,8714968,Paderborn University KAt-DataCenter (Lessmeier et al. 2016); data_prep/download_pu.py
data/pu/KB27/N15_M07_F10_KB27_11.mat,8909784,Paderborn University KAt-DataCenter (Lessmeier et al. 2016); data_prep/download_pu.py
data/pu/KB27/N15_M07_F10_KB27_12.mat,8717768,Paderborn University KAt-DataCenter (Lessmeier et al. 2016); data_prep/download_pu.py
data/pu/KB27/N15_M07_F10_KB27_13.mat,8714872,Paderborn University KAt-DataCenter (Lessmeier et al. 2016); data_prep/download_pu.py
data/pu/KB27/N15_M07_F10_KB27_14.mat,8715032,Paderborn University KAt-DataCenter (Lessmeier et al. 2016); data_prep/download_pu.py
data/pu/KB27/N15_M07_F10_KB27_15.mat,8714872,Paderborn University KAt-DataCenter (Lessmeier et al. 2016); data_prep/download_pu.py
data/pu/KB27/N15_M07_F10_KB27_16.mat,8714872,Paderborn University KAt-DataCenter (Lessmeier et al. 2016); data_prep/download_pu.py
data/pu/KB27/N15_M07_F10_KB27_17.mat,8714872,Paderborn University KAt-DataCenter (Lessmeier et al. 2016); data_prep/download_pu.py
data/pu/KB27/N15_M07_F10_KB27_18.mat,8714968,Paderborn University KAt-DataCenter (Lessmeier et al. 2016); data_prep/download_pu.py
data/pu/KB27/N15_M07_F10_KB27_19.mat,8714904,Paderborn University KAt-DataCenter (Lessmeier et al. 2016); data_prep/download_pu.py
data/pu/KB27/N15_M07_F10_KB27_2.mat,8714840,Paderborn University KAt-DataCenter (Lessmeier et al. 2016); data_prep/download_pu.py
data/pu/KB27/N15_M07_F10_KB27_20.mat,8714872,Paderborn University KAt-DataCenter (Lessmeier et al. 2016); data_prep/download_pu.py
data/pu/KB27/N15_M07_F10_KB27_3.mat,8714872,Paderborn University KAt-DataCenter (Lessmeier et al. 2016); data_prep/download_pu.py
data/pu/KB27/N15_M07_F10_KB27_4.mat,8717928,Paderborn University KAt-DataCenter (Lessmeier et al. 2016); data_prep/download_pu.py
data/pu/KB27/N15_M07_F10_KB27_5.mat,8717800,Paderborn University KAt-DataCenter (Lessmeier et al. 2016); data_prep/download_pu.py
data/pu/KB27/N15_M07_F10_KB27_6.mat,8714872,Paderborn University KAt-DataCenter (Lessmeier et al. 2016); data_prep/download_pu.py
data/pu/KB27/N15_M07_F10_KB27_7.mat,8717912,Paderborn University KAt-DataCenter (Lessmeier et al. 2016); data_prep/download_pu.py
data/pu/KB27/N15_M07_F10_KB27_8.mat,8714904,Paderborn University KAt-DataCenter (Lessmeier et al. 2016); data_prep/download_pu.py
data/pu/KB27/N15_M07_F10_KB27_9.mat,8717832,Paderborn University KAt-DataCenter (Lessmeier et al. 2016); data_prep/download_pu.py
data/pu/KI01/KI01.pdf,231232,Paderborn University KAt-DataCenter (Lessmeier et al. 2016); data_prep/download_pu.py
data/pu/KI01/measuring_log_KI01.pdf,139051,Paderborn University KAt-DataCenter (Lessmeier et al. 2016); data_prep/download_pu.py
data/pu/KI01/N09_M07_F10_KI01_1.mat,8714904,Paderborn University KAt-DataCenter (Lessmeier et al. 2016); data_prep/download_pu.py
data/pu/KI01/N09_M07_F10_KI01_10.mat,8739416,Paderborn University KAt-DataCenter (Lessmeier et al. 2016); data_prep/download_pu.py
data/pu/KI01/N09_M07_F10_KI01_11.mat,8718392,Paderborn University KAt-DataCenter (Lessmeier et al. 2016); data_prep/download_pu.py
data/pu/KI01/N09_M07_F10_KI01_12.mat,8717816,Paderborn University KAt-DataCenter (Lessmeier et al. 2016); data_prep/download_pu.py
data/pu/KI01/N09_M07_F10_KI01_13.mat,8714872,Paderborn University KAt-DataCenter (Lessmeier et al. 2016); data_prep/download_pu.py
data/pu/KI01/N09_M07_F10_KI01_14.mat,8770904,Paderborn University KAt-DataCenter (Lessmeier et al. 2016); data_prep/download_pu.py
data/pu/KI01/N09_M07_F10_KI01_15.mat,8718328,Paderborn University KAt-DataCenter (Lessmeier et al. 2016); data_prep/download_pu.py
data/pu/KI01/N09_M07_F10_KI01_16.mat,8714904,Paderborn University KAt-DataCenter (Lessmeier et al. 2016); data_prep/download_pu.py
data/pu/KI01/N09_M07_F10_KI01_17.mat,8714904,Paderborn University KAt-DataCenter (Lessmeier et al. 2016); data_prep/download_pu.py
data/pu/KI01/N09_M07_F10_KI01_18.mat,8717720,Paderborn University KAt-DataCenter (Lessmeier et al. 2016); data_prep/download_pu.py
data/pu/KI01/N09_M07_F10_KI01_19.mat,8718328,Paderborn University KAt-DataCenter (Lessmeier et al. 2016); data_prep/download_pu.py
data/pu/KI01/N09_M07_F10_KI01_2.mat,8714904,Paderborn University KAt-DataCenter (Lessmeier et al. 2016); data_prep/download_pu.py
data/pu/KI01/N09_M07_F10_KI01_20.mat,8718680,Paderborn University KAt-DataCenter (Lessmeier et al. 2016); data_prep/download_pu.py
data/pu/KI01/N09_M07_F10_KI01_3.mat,8714904,Paderborn University KAt-DataCenter (Lessmeier et al. 2016); data_prep/download_pu.py
data/pu/KI01/N09_M07_F10_KI01_4.mat,8714904,Paderborn University KAt-DataCenter (Lessmeier et al. 2016); data_prep/download_pu.py
data/pu/KI01/N09_M07_F10_KI01_5.mat,8714904,Paderborn University KAt-DataCenter (Lessmeier et al. 2016); data_prep/download_pu.py
data/pu/KI01/N09_M07_F10_KI01_6.mat,8714904,Paderborn University KAt-DataCenter (Lessmeier et al. 2016); data_prep/download_pu.py
data/pu/KI01/N09_M07_F10_KI01_7.mat,8714904,Paderborn University KAt-DataCenter (Lessmeier et al. 2016); data_prep/download_pu.py
data/pu/KI01/N09_M07_F10_KI01_8.mat,8723032,Paderborn University KAt-DataCenter (Lessmeier et al. 2016); data_prep/download_pu.py
data/pu/KI01/N09_M07_F10_KI01_9.mat,8714904,Paderborn University KAt-DataCenter (Lessmeier et al. 2016); data_prep/download_pu.py
data/pu/KI01/N15_M01_F10_KI01_1.mat,8740728,Paderborn University KAt-DataCenter (Lessmeier et al. 2016); data_prep/download_pu.py
data/pu/KI01/N15_M01_F10_KI01_10.mat,8799224,Paderborn University KAt-DataCenter (Lessmeier et al. 2016); data_prep/download_pu.py
data/pu/KI01/N15_M01_F10_KI01_11.mat,8714904,Paderborn University KAt-DataCenter (Lessmeier et al. 2016); data_prep/download_pu.py
data/pu/KI01/N15_M01_F10_KI01_12.mat,8717760,Paderborn University KAt-DataCenter (Lessmeier et al. 2016); data_prep/download_pu.py
data/pu/KI01/N15_M01_F10_KI01_13.mat,8714904,Paderborn University KAt-DataCenter (Lessmeier et al. 2016); data_prep/download_pu.py
data/pu/KI01/N15_M01_F10_KI01_14.mat,8750232,Paderborn University KAt-DataCenter (Lessmeier et al. 2016); data_prep/download_pu.py
data/pu/KI01/N15_M01_F10_KI01_15.mat,8750840,Paderborn University KAt-DataCenter (Lessmeier et al. 2016); data_prep/download_pu.py
data/pu/KI01/N15_M01_F10_KI01_16.mat,8756024,Paderborn University KAt-DataCenter (Lessmeier et al. 2016); data_prep/download_pu.py
data/pu/KI01/N15_M01_F10_KI01_17.mat,8714904,Paderborn University KAt-DataCenter (Lessmeier et al. 2016); data_prep/download_pu.py
data/pu/KI01/N15_M01_F10_KI01_18.mat,8732608,Paderborn University KAt-DataCenter (Lessmeier et al. 2016); data_prep/download_pu.py
data/pu/KI01/N15_M01_F10_KI01_19.mat,8714904,Paderborn University KAt-DataCenter (Lessmeier et al. 2016); data_prep/download_pu.py
data/pu/KI01/N15_M01_F10_KI01_2.mat,8714904,Paderborn University KAt-DataCenter (Lessmeier et al. 2016); data_prep/download_pu.py
data/pu/KI01/N15_M01_F10_KI01_20.mat,8714904,Paderborn University KAt-DataCenter (Lessmeier et al. 2016); data_prep/download_pu.py
data/pu/KI01/N15_M01_F10_KI01_3.mat,8717720,Paderborn University KAt-DataCenter (Lessmeier et al. 2016); data_prep/download_pu.py
data/pu/KI01/N15_M01_F10_KI01_4.mat,8737528,Paderborn University KAt-DataCenter (Lessmeier et al. 2016); data_prep/download_pu.py
data/pu/KI01/N15_M01_F10_KI01_5.mat,8718112,Paderborn University KAt-DataCenter (Lessmeier et al. 2016); data_prep/download_pu.py
data/pu/KI01/N15_M01_F10_KI01_6.mat,8732088,Paderborn University KAt-DataCenter (Lessmeier et al. 2016); data_prep/download_pu.py
data/pu/KI01/N15_M01_F10_KI01_7.mat,8719576,Paderborn University KAt-DataCenter (Lessmeier et al. 2016); data_prep/download_pu.py
data/pu/KI01/N15_M01_F10_KI01_8.mat,8737240,Paderborn University KAt-DataCenter (Lessmeier et al. 2016); data_prep/download_pu.py
data/pu/KI01/N15_M01_F10_KI01_9.mat,8718328,Paderborn University KAt-DataCenter (Lessmeier et al. 2016); data_prep/download_pu.py
data/pu/KI01/N15_M07_F04_KI01_1.mat,8757400,Paderborn University KAt-DataCenter (Lessmeier et al. 2016); data_prep/download_pu.py
data/pu/KI01/N15_M07_F04_KI01_10.mat,8744376,Paderborn University KAt-DataCenter (Lessmeier et al. 2016); data_prep/download_pu.py
data/pu/KI01/N15_M07_F04_KI01_11.mat,8732120,Paderborn University KAt-DataCenter (Lessmeier et al. 2016); data_prep/download_pu.py
data/pu/KI01/N15_M07_F04_KI01_12.mat,8714904,Paderborn University KAt-DataCenter (Lessmeier et al. 2016); data_prep/download_pu.py
data/pu/KI01/N15_M07_F04_KI01_13.mat,8714904,Paderborn University KAt-DataCenter (Lessmeier et al. 2016); data_prep/download_pu.py
data/pu/KI01/N15_M07_F04_KI01_14.mat,8714904,Paderborn University KAt-DataCenter (Lessmeier et al. 2016); data_prep/download_pu.py
data/pu/KI01/N15_M07_F04_KI01_15.mat,8714904,Paderborn University KAt-DataCenter (Lessmeier et al. 2016); data_prep/download_pu.py
data/pu/KI01/N15_M07_F04_KI01_16.mat,8717624,Paderborn University KAt-DataCenter (Lessmeier et al. 2016); data_prep/download_pu.py
data/pu/KI01/N15_M07_F04_KI01_17.mat,8718264,Paderborn University KAt-DataCenter (Lessmeier et al. 2016); data_prep/download_pu.py
data/pu/KI01/N15_M07_F04_KI01_18.mat,8714968,Paderborn University KAt-DataCenter (Lessmeier et al. 2016); data_prep/download_pu.py
data/pu/KI01/N15_M07_F04_KI01_19.mat,8714904,Paderborn University KAt-DataCenter (Lessmeier et al. 2016); data_prep/download_pu.py
data/pu/KI01/N15_M07_F04_KI01_2.mat,8745184,Paderborn University KAt-DataCenter (Lessmeier et al. 2016); data_prep/download_pu.py
data/pu/KI01/N15_M07_F04_KI01_20.mat,8744056,Paderborn University KAt-DataCenter (Lessmeier et al. 2016); data_prep/download_pu.py
data/pu/KI01/N15_M07_F04_KI01_3.mat,8717784,Paderborn University KAt-DataCenter (Lessmeier et al. 2016); data_prep/download_pu.py
data/pu/KI01/N15_M07_F04_KI01_4.mat,8717752,Paderborn University KAt-DataCenter (Lessmeier et al. 2016); data_prep/download_pu.py
data/pu/KI01/N15_M07_F04_KI01_5.mat,8717752,Paderborn University KAt-DataCenter (Lessmeier et al. 2016); data_prep/download_pu.py
data/pu/KI01/N15_M07_F04_KI01_6.mat,8718200,Paderborn University KAt-DataCenter (Lessmeier et al. 2016); data_prep/download_pu.py
data/pu/KI01/N15_M07_F04_KI01_7.mat,8717624,Paderborn University KAt-DataCenter (Lessmeier et al. 2016); data_prep/download_pu.py
data/pu/KI01/N15_M07_F04_KI01_8.mat,8718008,Paderborn University KAt-DataCenter (Lessmeier et al. 2016); data_prep/download_pu.py
data/pu/KI01/N15_M07_F04_KI01_9.mat,8722968,Paderborn University KAt-DataCenter (Lessmeier et al. 2016); data_prep/download_pu.py
data/pu/KI01/N15_M07_F10_KI01_1.mat,8779128,Paderborn University KAt-DataCenter (Lessmeier et al. 2016); data_prep/download_pu.py
data/pu/KI01/N15_M07_F10_KI01_10.mat,8714904,Paderborn University KAt-DataCenter (Lessmeier et al. 2016); data_prep/download_pu.py
data/pu/KI01/N15_M07_F10_KI01_11.mat,8714904,Paderborn University KAt-DataCenter (Lessmeier et al. 2016); data_prep/download_pu.py
data/pu/KI01/N15_M07_F10_KI01_12.mat,8714904,Paderborn University KAt-DataCenter (Lessmeier et al. 2016); data_prep/download_pu.py
data/pu/KI01/N15_M07_F10_KI01_13.mat,8731384,Paderborn University KAt-DataCenter (Lessmeier et al. 2016); data_prep/download_pu.py
data/pu/KI01/N15_M07_F10_KI01_14.mat,8714904,Paderborn University KAt-DataCenter (Lessmeier et al. 2016); data_prep/download_pu.py
data/pu/KI01/N15_M07_F10_KI01_15.mat,8762168,Paderborn University KAt-DataCenter (Lessmeier et al. 2016); data_prep/download_pu.py
data/pu/KI01/N15_M07_F10_KI01_16.mat,8718552,Paderborn University KAt-DataCenter (Lessmeier et al. 2016); data_prep/download_pu.py
data/pu/KI01/N15_M07_F10_KI01_17.mat,8718104,Paderborn University KAt-DataCenter (Lessmeier et al. 2016); data_prep/download_pu.py
data/pu/KI01/N15_M07_F10_KI01_18.mat,8717720,Paderborn University KAt-DataCenter (Lessmeier et al. 2016); data_prep/download_pu.py
data/pu/KI01/N15_M07_F10_KI01_19.mat,8714904,Paderborn University KAt-DataCenter (Lessmeier et al. 2016); data_prep/download_pu.py
data/pu/KI01/N15_M07_F10_KI01_2.mat,8748216,Paderborn University KAt-DataCenter (Lessmeier et al. 2016); data_prep/download_pu.py
data/pu/KI01/N15_M07_F10_KI01_20.mat,8719264,Paderborn University KAt-DataCenter (Lessmeier et al. 2016); data_prep/download_pu.py
data/pu/KI01/N15_M07_F10_KI01_3.mat,8739264,Paderborn University KAt-DataCenter (Lessmeier et al. 2016); data_prep/download_pu.py
data/pu/KI01/N15_M07_F10_KI01_4.mat,8714904,Paderborn University KAt-DataCenter (Lessmeier et al. 2016); data_prep/download_pu.py
data/pu/KI01/N15_M07_F10_KI01_5.mat,8730488,Paderborn University KAt-DataCenter (Lessmeier et al. 2016); data_prep/download_pu.py
data/pu/KI01/N15_M07_F10_KI01_6.mat,8718272,Paderborn University KAt-DataCenter (Lessmeier et al. 2016); data_prep/download_pu.py
data/pu/KI01/N15_M07_F10_KI01_7.mat,8714904,Paderborn University KAt-DataCenter (Lessmeier et al. 2016); data_prep/download_pu.py
data/pu/KI01/N15_M07_F10_KI01_8.mat,8714904,Paderborn University KAt-DataCenter (Lessmeier et al. 2016); data_prep/download_pu.py
data/pu/KI01/N15_M07_F10_KI01_9.mat,8714904,Paderborn University KAt-DataCenter (Lessmeier et al. 2016); data_prep/download_pu.py
data/pu/KI03/KI03.pdf,231377,Paderborn University KAt-DataCenter (Lessmeier et al. 2016); data_prep/download_pu.py
data/pu/KI03/measuring_log_KI03.pdf,138863,Paderborn University KAt-DataCenter (Lessmeier et al. 2016); data_prep/download_pu.py
data/pu/KI03/N09_M07_F10_KI03_1.mat,8717592,Paderborn University KAt-DataCenter (Lessmeier et al. 2016); data_prep/download_pu.py
data/pu/KI03/N09_M07_F10_KI03_10.mat,8714968,Paderborn University KAt-DataCenter (Lessmeier et al. 2016); data_prep/download_pu.py
data/pu/KI03/N09_M07_F10_KI03_11.mat,8714904,Paderborn University KAt-DataCenter (Lessmeier et al. 2016); data_prep/download_pu.py
data/pu/KI03/N09_M07_F10_KI03_12.mat,8714904,Paderborn University KAt-DataCenter (Lessmeier et al. 2016); data_prep/download_pu.py
data/pu/KI03/N09_M07_F10_KI03_13.mat,8714872,Paderborn University KAt-DataCenter (Lessmeier et al. 2016); data_prep/download_pu.py
data/pu/KI03/N09_M07_F10_KI03_14.mat,8714904,Paderborn University KAt-DataCenter (Lessmeier et al. 2016); data_prep/download_pu.py
data/pu/KI03/N09_M07_F10_KI03_15.mat,8717768,Paderborn University KAt-DataCenter (Lessmeier et al. 2016); data_prep/download_pu.py
data/pu/KI03/N09_M07_F10_KI03_16.mat,8714904,Paderborn University KAt-DataCenter (Lessmeier et al. 2016); data_prep/download_pu.py
data/pu/KI03/N09_M07_F10_KI03_17.mat,8714904,Paderborn University KAt-DataCenter (Lessmeier et al. 2016); data_prep/download_pu.py
data/pu/KI03/N09_M07_F10_KI03_18.mat,8714840,Paderborn University KAt-DataCenter (Lessmeier et al. 2016); data_prep/download_pu.py
data/pu/KI03/N09_M07_F10_KI03_19.mat,8714840,Paderborn University KAt-DataCenter (Lessmeier et al. 2016); data_prep/download_pu.py
data/pu/KI03/N09_M07_F10_KI03_2.mat,8725240,Paderborn University KAt-DataCenter (Lessmeier et al. 2016); data_prep/download_pu.py
data/pu/KI03/N09_M07_F10_KI03_20.mat,8714872,Paderborn University KAt-DataCenter (Lessmeier et al. 2016); data_prep/download_pu.py
data/pu/KI03/N09_M07_F10_KI03_3.mat,8714968,Paderborn University KAt-DataCenter (Lessmeier et al. 2016); data_prep/download_pu.py
data/pu/KI03/N09_M07_F10_KI03_4.mat,8714904,Paderborn University KAt-DataCenter (Lessmeier et al. 2016); data_prep/download_pu.py
data/pu/KI03/N09_M07_F10_KI03_5.mat,8714904,Paderborn University KAt-DataCenter (Lessmeier et al. 2016); data_prep/download_pu.py
data/pu/KI03/N09_M07_F10_KI03_6.mat,8714968,Paderborn University KAt-DataCenter (Lessmeier et al. 2016); data_prep/download_pu.py
data/pu/KI03/N09_M07_F10_KI03_7.mat,8715192,Paderborn University KAt-DataCenter (Lessmeier et al. 2016); data_prep/download_pu.py
data/pu/KI03/N09_M07_F10_KI03_8.mat,8717736,Paderborn University KAt-DataCenter (Lessmeier et al. 2016); data_prep/download_pu.py
data/pu/KI03/N09_M07_F10_KI03_9.mat,8714904,Paderborn University KAt-DataCenter (Lessmeier et al. 2016); data_prep/download_pu.py
data/pu/KI03/N15_M01_F10_KI03_1.mat,8717768,Paderborn University KAt-DataCenter (Lessmeier et al. 2016); data_prep/download_pu.py
data/pu/KI03/N15_M01_F10_KI03_10.mat,8913208,Paderborn University KAt-DataCenter (Lessmeier et al. 2016); data_prep/download_pu.py
data/pu/KI03/N15_M01_F10_KI03_11.mat,8715000,Paderborn University KAt-DataCenter (Lessmeier et al. 2016); data_prep/download_pu.py
data/pu/KI03/N15_M01_F10_KI03_12.mat,9248888,Paderborn University KAt-DataCenter (Lessmeier et al. 2016); data_prep/download_pu.py
data/pu/KI03/N15_M01_F10_KI03_13.mat,8714840,Paderborn University KAt-DataCenter (Lessmeier et al. 2016); data_prep/download_pu.py
data/pu/KI03/N15_M01_F10_KI03_14.mat,8717896,Paderborn University KAt-DataCenter (Lessmeier et al. 2016); data_prep/download_pu.py
data/pu/KI03/N15_M01_F10_KI03_15.mat,8714936,Paderborn University KAt-DataCenter (Lessmeier et al. 2016); data_prep/download_pu.py
data/pu/KI03/N15_M01_F10_KI03_16.mat,8717800,Paderborn University KAt-DataCenter (Lessmeier et al. 2016); data_prep/download_pu.py
data/pu/KI03/N15_M01_F10_KI03_17.mat,8714904,Paderborn University KAt-DataCenter (Lessmeier et al. 2016); data_prep/download_pu.py
data/pu/KI03/N15_M01_F10_KI03_18.mat,8718120,Paderborn University KAt-DataCenter (Lessmeier et al. 2016); data_prep/download_pu.py
data/pu/KI03/N15_M01_F10_KI03_19.mat,8714904,Paderborn University KAt-DataCenter (Lessmeier et al. 2016); data_prep/download_pu.py
data/pu/KI03/N15_M01_F10_KI03_2.mat,8714904,Paderborn University KAt-DataCenter (Lessmeier et al. 2016); data_prep/download_pu.py
data/pu/KI03/N15_M01_F10_KI03_20.mat,8714904,Paderborn University KAt-DataCenter (Lessmeier et al. 2016); data_prep/download_pu.py
data/pu/KI03/N15_M01_F10_KI03_3.mat,8718168,Paderborn University KAt-DataCenter (Lessmeier et al. 2016); data_prep/download_pu.py
data/pu/KI03/N15_M01_F10_KI03_4.mat,8715192,Paderborn University KAt-DataCenter (Lessmeier et al. 2016); data_prep/download_pu.py
data/pu/KI03/N15_M01_F10_KI03_5.mat,8714936,Paderborn University KAt-DataCenter (Lessmeier et al. 2016); data_prep/download_pu.py
data/pu/KI03/N15_M01_F10_KI03_6.mat,8717928,Paderborn University KAt-DataCenter (Lessmeier et al. 2016); data_prep/download_pu.py
data/pu/KI03/N15_M01_F10_KI03_7.mat,8714936,Paderborn University KAt-DataCenter (Lessmeier et al. 2016); data_prep/download_pu.py
data/pu/KI03/N15_M01_F10_KI03_8.mat,8714904,Paderborn University KAt-DataCenter (Lessmeier et al. 2016); data_prep/download_pu.py
data/pu/KI03/N15_M01_F10_KI03_9.mat,8714840,Paderborn University KAt-DataCenter (Lessmeier et al. 2016); data_prep/download_pu.py
data/pu/KI03/N15_M07_F04_KI03_1.mat,8714904,Paderborn University KAt-DataCenter (Lessmeier et al. 2016); data_prep/download_pu.py
data/pu/KI03/N15_M07_F04_KI03_10.mat,8714904,Paderborn University KAt-DataCenter (Lessmeier et al. 2016); data_prep/download_pu.py
data/pu/KI03/N15_M07_F04_KI03_11.mat,8714872,Paderborn University KAt-DataCenter (Lessmeier et al. 2016); data_prep/download_pu.py
data/pu/KI03/N15_M07_F04_KI03_12.mat,8719576,Paderborn University KAt-DataCenter (Lessmeier et al. 2016); data_prep/download_pu.py
data/pu/KI03/N15_M07_F04_KI03_13.mat,8714904,Paderborn University KAt-DataCenter (Lessmeier et al. 2016); data_prep/download_pu.py
data/pu/KI03/N15_M07_F04_KI03_14.mat,8714904,Paderborn University KAt-DataCenter (Lessmeier et al. 2016); data_prep/download_pu.py
data/pu/KI03/N15_M07_F04_KI03_15.mat,8714936,Paderborn University KAt-DataCenter (Lessmeier et al. 2016); data_prep/download_pu.py
data/pu/KI03/N15_M07_F04_KI03_16.mat,8714936,Paderborn University KAt-DataCenter (Lessmeier et al. 2016); data_prep/download_pu.py
data/pu/KI03/N15_M07_F04_KI03_17.mat,8714904,Paderborn University KAt-DataCenter (Lessmeier et al. 2016); data_prep/download_pu.py
data/pu/KI03/N15_M07_F04_KI03_18.mat,8714936,Paderborn University KAt-DataCenter (Lessmeier et al. 2016); data_prep/download_pu.py
data/pu/KI03/N15_M07_F04_KI03_19.mat,8798392,Paderborn University KAt-DataCenter (Lessmeier et al. 2016); data_prep/download_pu.py
data/pu/KI03/N15_M07_F04_KI03_2.mat,8714904,Paderborn University KAt-DataCenter (Lessmeier et al. 2016); data_prep/download_pu.py
data/pu/KI03/N15_M07_F04_KI03_20.mat,8714872,Paderborn University KAt-DataCenter (Lessmeier et al. 2016); data_prep/download_pu.py
data/pu/KI03/N15_M07_F04_KI03_3.mat,9587864,Paderborn University KAt-DataCenter (Lessmeier et al. 2016); data_prep/download_pu.py
data/pu/KI03/N15_M07_F04_KI03_4.mat,8826200,Paderborn University KAt-DataCenter (Lessmeier et al. 2016); data_prep/download_pu.py
data/pu/KI03/N15_M07_F04_KI03_5.mat,8714904,Paderborn University KAt-DataCenter (Lessmeier et al. 2016); data_prep/download_pu.py
data/pu/KI03/N15_M07_F04_KI03_6.mat,8714936,Paderborn University KAt-DataCenter (Lessmeier et al. 2016); data_prep/download_pu.py
data/pu/KI03/N15_M07_F04_KI03_7.mat,8714968,Paderborn University KAt-DataCenter (Lessmeier et al. 2016); data_prep/download_pu.py
data/pu/KI03/N15_M07_F04_KI03_8.mat,8714936,Paderborn University KAt-DataCenter (Lessmeier et al. 2016); data_prep/download_pu.py
data/pu/KI03/N15_M07_F04_KI03_9.mat,8714904,Paderborn University KAt-DataCenter (Lessmeier et al. 2016); data_prep/download_pu.py
data/pu/KI03/N15_M07_F10_KI03_1.mat,8717912,Paderborn University KAt-DataCenter (Lessmeier et al. 2016); data_prep/download_pu.py
data/pu/KI03/N15_M07_F10_KI03_10.mat,8714872,Paderborn University KAt-DataCenter (Lessmeier et al. 2016); data_prep/download_pu.py
data/pu/KI03/N15_M07_F10_KI03_11.mat,8717864,Paderborn University KAt-DataCenter (Lessmeier et al. 2016); data_prep/download_pu.py
data/pu/KI03/N15_M07_F10_KI03_12.mat,8714904,Paderborn University KAt-DataCenter (Lessmeier et al. 2016); data_prep/download_pu.py
data/pu/KI03/N15_M07_F10_KI03_13.mat,8718216,Paderborn University KAt-DataCenter (Lessmeier et al. 2016); data_prep/download_pu.py
data/pu/KI03/N15_M07_F10_KI03_14.mat,8714904,Paderborn University KAt-DataCenter (Lessmeier et al. 2016); data_prep/download_pu.py
data/pu/KI03/N15_M07_F10_KI03_15.mat,8714904,Paderborn University KAt-DataCenter (Lessmeier et al. 2016); data_prep/download_pu.py
data/pu/KI03/N15_M07_F10_KI03_16.mat,8714904,Paderborn University KAt-DataCenter (Lessmeier et al. 2016); data_prep/download_pu.py
data/pu/KI03/N15_M07_F10_KI03_17.mat,8714936,Paderborn University KAt-DataCenter (Lessmeier et al. 2016); data_prep/download_pu.py
data/pu/KI03/N15_M07_F10_KI03_18.mat,8714872,Paderborn University KAt-DataCenter (Lessmeier et al. 2016); data_prep/download_pu.py
data/pu/KI03/N15_M07_F10_KI03_19.mat,8717800,Paderborn University KAt-DataCenter (Lessmeier et al. 2016); data_prep/download_pu.py
data/pu/KI03/N15_M07_F10_KI03_2.mat,8714904,Paderborn University KAt-DataCenter (Lessmeier et al. 2016); data_prep/download_pu.py
data/pu/KI03/N15_M07_F10_KI03_20.mat,8921752,Paderborn University KAt-DataCenter (Lessmeier et al. 2016); data_prep/download_pu.py
data/pu/KI03/N15_M07_F10_KI03_3.mat,8717992,Paderborn University KAt-DataCenter (Lessmeier et al. 2016); data_prep/download_pu.py
data/pu/KI03/N15_M07_F10_KI03_4.mat,8717928,Paderborn University KAt-DataCenter (Lessmeier et al. 2016); data_prep/download_pu.py
data/pu/KI03/N15_M07_F10_KI03_5.mat,8714872,Paderborn University KAt-DataCenter (Lessmeier et al. 2016); data_prep/download_pu.py
data/pu/KI03/N15_M07_F10_KI03_6.mat,8717768,Paderborn University KAt-DataCenter (Lessmeier et al. 2016); data_prep/download_pu.py
data/pu/KI03/N15_M07_F10_KI03_7.mat,8714872,Paderborn University KAt-DataCenter (Lessmeier et al. 2016); data_prep/download_pu.py
data/pu/KI03/N15_M07_F10_KI03_8.mat,8714968,Paderborn University KAt-DataCenter (Lessmeier et al. 2016); data_prep/download_pu.py
data/pu/KI03/N15_M07_F10_KI03_9.mat,8717448,Paderborn University KAt-DataCenter (Lessmeier et al. 2016); data_prep/download_pu.py
data/pu/KI04/KI04.pdf,56607,Paderborn University KAt-DataCenter (Lessmeier et al. 2016); data_prep/download_pu.py
data/pu/KI04/measuring_log_KI04.pdf,211800,Paderborn University KAt-DataCenter (Lessmeier et al. 2016); data_prep/download_pu.py
data/pu/KI04/N09_M07_F10_KI04_1.mat,8717816,Paderborn University KAt-DataCenter (Lessmeier et al. 2016); data_prep/download_pu.py
data/pu/KI04/N09_M07_F10_KI04_10.mat,8848184,Paderborn University KAt-DataCenter (Lessmeier et al. 2016); data_prep/download_pu.py
data/pu/KI04/N09_M07_F10_KI04_11.mat,8867128,Paderborn University KAt-DataCenter (Lessmeier et al. 2016); data_prep/download_pu.py
data/pu/KI04/N09_M07_F10_KI04_12.mat,8714904,Paderborn University KAt-DataCenter (Lessmeier et al. 2016); data_prep/download_pu.py
data/pu/KI04/N09_M07_F10_KI04_13.mat,8714904,Paderborn University KAt-DataCenter (Lessmeier et al. 2016); data_prep/download_pu.py
data/pu/KI04/N09_M07_F10_KI04_14.mat,8717400,Paderborn University KAt-DataCenter (Lessmeier et al. 2016); data_prep/download_pu.py
data/pu/KI04/N09_M07_F10_KI04_15.mat,8912376,Paderborn University KAt-DataCenter (Lessmeier et al. 2016); data_prep/download_pu.py
data/pu/KI04/N09_M07_F10_KI04_16.mat,8904760,Paderborn University KAt-DataCenter (Lessmeier et al. 2016); data_prep/download_pu.py
data/pu/KI04/N09_M07_F10_KI04_17.mat,8714904,Paderborn University KAt-DataCenter (Lessmeier et al. 2016); data_prep/download_pu.py
data/pu/KI04/N09_M07_F10_KI04_18.mat,8714872,Paderborn University KAt-DataCenter (Lessmeier et al. 2016); data_prep/download_pu.py
data/pu/KI04/N09_M07_F10_KI04_19.mat,8714904,Paderborn University KAt-DataCenter (Lessmeier et al. 2016); data_prep/download_pu.py
data/pu/KI04/N09_M07_F10_KI04_2.mat,8717888,Paderborn University KAt-DataCenter (Lessmeier et al. 2016); data_prep/download_pu.py
data/pu/KI04/N09_M07_F10_KI04_20.mat,8714904,Paderborn University KAt-DataCenter (Lessmeier et al. 2016); data_prep/download_pu.py
data/pu/KI04/N09_M07_F10_KI04_3.mat,8714904,Paderborn University KAt-DataCenter (Lessmeier et al. 2016); data_prep/download_pu.py
data/pu/KI04/N09_M07_F10_KI04_4.mat,8717816,Paderborn University KAt-DataCenter (Lessmeier et al. 2016); data_prep/download_pu.py
data/pu/KI04/N09_M07_F10_KI04_5.mat,8714904,Paderborn University KAt-DataCenter (Lessmeier et al. 2016); data_prep/download_pu.py
data/pu/KI04/N09_M07_F10_KI04_6.mat,8717496,Paderborn University KAt-DataCenter (Lessmeier et al. 2016); data_prep/download_pu.py
data/pu/KI04/N09_M07_F10_KI04_7.mat,8714904,Paderborn University KAt-DataCenter (Lessmeier et al. 2016); data_prep/download_pu.py
data/pu/KI04/N09_M07_F10_KI04_8.mat,8717664,Paderborn University KAt-DataCenter (Lessmeier et al. 2016); data_prep/download_pu.py
data/pu/KI04/N09_M07_F10_KI04_9.mat,8714904,Paderborn University KAt-DataCenter (Lessmeier et al. 2016); data_prep/download_pu.py
data/pu/KI04/N15_M01_F10_KI04_1.mat,8738456,Paderborn University KAt-DataCenter (Lessmeier et al. 2016); data_prep/download_pu.py
data/pu/KI04/N15_M01_F10_KI04_10.mat,8714904,Paderborn University KAt-DataCenter (Lessmeier et al. 2016); data_prep/download_pu.py
data/pu/KI04/N15_M01_F10_KI04_11.mat,8714904,Paderborn University KAt-DataCenter (Lessmeier et al. 2016); data_prep/download_pu.py
data/pu/KI04/N15_M01_F10_KI04_12.mat,8714904,Paderborn University KAt-DataCenter (Lessmeier et al. 2016); data_prep/download_pu.py
data/pu/KI04/N15_M01_F10_KI04_13.mat,8714904,Paderborn University KAt-DataCenter (Lessmeier et al. 2016); data_prep/download_pu.py
data/pu/KI04/N15_M01_F10_KI04_14.mat,8714904,Paderborn University KAt-DataCenter (Lessmeier et al. 2016); data_prep/download_pu.py
data/pu/KI04/N15_M01_F10_KI04_15.mat,8714904,Paderborn University KAt-DataCenter (Lessmeier et al. 2016); data_prep/download_pu.py
data/pu/KI04/N15_M01_F10_KI04_16.mat,8714904,Paderborn University KAt-DataCenter (Lessmeier et al. 2016); data_prep/download_pu.py
data/pu/KI04/N15_M01_F10_KI04_17.mat,8717728,Paderborn University KAt-DataCenter (Lessmeier et al. 2016); data_prep/download_pu.py
data/pu/KI04/N15_M01_F10_KI04_18.mat,8714904,Paderborn University KAt-DataCenter (Lessmeier et al. 2016); data_prep/download_pu.py
data/pu/KI04/N15_M01_F10_KI04_19.mat,8714904,Paderborn University KAt-DataCenter (Lessmeier et al. 2016); data_prep/download_pu.py
data/pu/KI04/N15_M01_F10_KI04_2.mat,8714904,Paderborn University KAt-DataCenter (Lessmeier et al. 2016); data_prep/download_pu.py
data/pu/KI04/N15_M01_F10_KI04_20.mat,8714904,Paderborn University KAt-DataCenter (Lessmeier et al. 2016); data_prep/download_pu.py
data/pu/KI04/N15_M01_F10_KI04_3.mat,8714904,Paderborn University KAt-DataCenter (Lessmeier et al. 2016); data_prep/download_pu.py
data/pu/KI04/N15_M01_F10_KI04_4.mat,8714904,Paderborn University KAt-DataCenter (Lessmeier et al. 2016); data_prep/download_pu.py
data/pu/KI04/N15_M01_F10_KI04_5.mat,8714904,Paderborn University KAt-DataCenter (Lessmeier et al. 2016); data_prep/download_pu.py
data/pu/KI04/N15_M01_F10_KI04_6.mat,8714904,Paderborn University KAt-DataCenter (Lessmeier et al. 2016); data_prep/download_pu.py
data/pu/KI04/N15_M01_F10_KI04_7.mat,8714904,Paderborn University KAt-DataCenter (Lessmeier et al. 2016); data_prep/download_pu.py
data/pu/KI04/N15_M01_F10_KI04_8.mat,8714904,Paderborn University KAt-DataCenter (Lessmeier et al. 2016); data_prep/download_pu.py
data/pu/KI04/N15_M01_F10_KI04_9.mat,8714904,Paderborn University KAt-DataCenter (Lessmeier et al. 2016); data_prep/download_pu.py
data/pu/KI04/N15_M07_F04_KI04_1.mat,8715000,Paderborn University KAt-DataCenter (Lessmeier et al. 2016); data_prep/download_pu.py
data/pu/KI04/N15_M07_F04_KI04_10.mat,8717688,Paderborn University KAt-DataCenter (Lessmeier et al. 2016); data_prep/download_pu.py
data/pu/KI04/N15_M07_F04_KI04_11.mat,8717976,Paderborn University KAt-DataCenter (Lessmeier et al. 2016); data_prep/download_pu.py
data/pu/KI04/N15_M07_F04_KI04_12.mat,8717912,Paderborn University KAt-DataCenter (Lessmeier et al. 2016); data_prep/download_pu.py
data/pu/KI04/N15_M07_F04_KI04_13.mat,8717912,Paderborn University KAt-DataCenter (Lessmeier et al. 2016); data_prep/download_pu.py
data/pu/KI04/N15_M07_F04_KI04_14.mat,8714904,Paderborn University KAt-DataCenter (Lessmeier et al. 2016); data_prep/download_pu.py
data/pu/KI04/N15_M07_F04_KI04_15.mat,8714904,Paderborn University KAt-DataCenter (Lessmeier et al. 2016); data_prep/download_pu.py
data/pu/KI04/N15_M07_F04_KI04_16.mat,8714904,Paderborn University KAt-DataCenter (Lessmeier et al. 2016); data_prep/download_pu.py
data/pu/KI04/N15_M07_F04_KI04_17.mat,8717856,Paderborn University KAt-DataCenter (Lessmeier et al. 2016); data_prep/download_pu.py
data/pu/KI04/N15_M07_F04_KI04_18.mat,8714936,Paderborn University KAt-DataCenter (Lessmeier et al. 2016); data_prep/download_pu.py
data/pu/KI04/N15_M07_F04_KI04_19.mat,8888280,Paderborn University KAt-DataCenter (Lessmeier et al. 2016); data_prep/download_pu.py
data/pu/KI04/N15_M07_F04_KI04_2.mat,8717656,Paderborn University KAt-DataCenter (Lessmeier et al. 2016); data_prep/download_pu.py
data/pu/KI04/N15_M07_F04_KI04_20.mat,8717976,Paderborn University KAt-DataCenter (Lessmeier et al. 2016); data_prep/download_pu.py
data/pu/KI04/N15_M07_F04_KI04_3.mat,8714904,Paderborn University KAt-DataCenter (Lessmeier et al. 2016); data_prep/download_pu.py
data/pu/KI04/N15_M07_F04_KI04_4.mat,8745112,Paderborn University KAt-DataCenter (Lessmeier et al. 2016); data_prep/download_pu.py
data/pu/KI04/N15_M07_F04_KI04_5.mat,8727704,Paderborn University KAt-DataCenter (Lessmeier et al. 2016); data_prep/download_pu.py
data/pu/KI04/N15_M07_F04_KI04_6.mat,8734936,Paderborn University KAt-DataCenter (Lessmeier et al. 2016); data_prep/download_pu.py
data/pu/KI04/N15_M07_F04_KI04_7.mat,8714904,Paderborn University KAt-DataCenter (Lessmeier et al. 2016); data_prep/download_pu.py
data/pu/KI04/N15_M07_F04_KI04_8.mat,8714904,Paderborn University KAt-DataCenter (Lessmeier et al. 2016); data_prep/download_pu.py
data/pu/KI04/N15_M07_F04_KI04_9.mat,8726488,Paderborn University KAt-DataCenter (Lessmeier et al. 2016); data_prep/download_pu.py
data/pu/KI04/N15_M07_F10_KI04_1.mat,8714904,Paderborn University KAt-DataCenter (Lessmeier et al. 2016); data_prep/download_pu.py
data/pu/KI04/N15_M07_F10_KI04_10.mat,8714904,Paderborn University KAt-DataCenter (Lessmeier et al. 2016); data_prep/download_pu.py
data/pu/KI04/N15_M07_F10_KI04_11.mat,8714904,Paderborn University KAt-DataCenter (Lessmeier et al. 2016); data_prep/download_pu.py
data/pu/KI04/N15_M07_F10_KI04_12.mat,8714904,Paderborn University KAt-DataCenter (Lessmeier et al. 2016); data_prep/download_pu.py
data/pu/KI04/N15_M07_F10_KI04_13.mat,8714904,Paderborn University KAt-DataCenter (Lessmeier et al. 2016); data_prep/download_pu.py
data/pu/KI04/N15_M07_F10_KI04_14.mat,8717592,Paderborn University KAt-DataCenter (Lessmeier et al. 2016); data_prep/download_pu.py
data/pu/KI04/N15_M07_F10_KI04_15.mat,8717688,Paderborn University KAt-DataCenter (Lessmeier et al. 2016); data_prep/download_pu.py
data/pu/KI04/N15_M07_F10_KI04_16.mat,8714904,Paderborn University KAt-DataCenter (Lessmeier et al. 2016); data_prep/download_pu.py
data/pu/KI04/N15_M07_F10_KI04_17.mat,8762656,Paderborn University KAt-DataCenter (Lessmeier et al. 2016); data_prep/download_pu.py
data/pu/KI04/N15_M07_F10_KI04_18.mat,8714904,Paderborn University KAt-DataCenter (Lessmeier et al. 2016); data_prep/download_pu.py
data/pu/KI04/N15_M07_F10_KI04_19.mat,8714968,Paderborn University KAt-DataCenter (Lessmeier et al. 2016); data_prep/download_pu.py
data/pu/KI04/N15_M07_F10_KI04_2.mat,8714904,Paderborn University KAt-DataCenter (Lessmeier et al. 2016); data_prep/download_pu.py
data/pu/KI04/N15_M07_F10_KI04_20.mat,8719352,Paderborn University KAt-DataCenter (Lessmeier et al. 2016); data_prep/download_pu.py
data/pu/KI04/N15_M07_F10_KI04_3.mat,8714904,Paderborn University KAt-DataCenter (Lessmeier et al. 2016); data_prep/download_pu.py
data/pu/KI04/N15_M07_F10_KI04_4.mat,8741056,Paderborn University KAt-DataCenter (Lessmeier et al. 2016); data_prep/download_pu.py
data/pu/KI04/N15_M07_F10_KI04_5.mat,8717880,Paderborn University KAt-DataCenter (Lessmeier et al. 2016); data_prep/download_pu.py
data/pu/KI04/N15_M07_F10_KI04_6.mat,8714904,Paderborn University KAt-DataCenter (Lessmeier et al. 2016); data_prep/download_pu.py
data/pu/KI04/N15_M07_F10_KI04_7.mat,8714904,Paderborn University KAt-DataCenter (Lessmeier et al. 2016); data_prep/download_pu.py
data/pu/KI04/N15_M07_F10_KI04_8.mat,8742040,Paderborn University KAt-DataCenter (Lessmeier et al. 2016); data_prep/download_pu.py
data/pu/KI04/N15_M07_F10_KI04_9.mat,8717624,Paderborn University KAt-DataCenter (Lessmeier et al. 2016); data_prep/download_pu.py
data/pu/KI05/KI05.pdf,55752,Paderborn University KAt-DataCenter (Lessmeier et al. 2016); data_prep/download_pu.py
data/pu/KI05/measuring_log_KI05.pdf,138900,Paderborn University KAt-DataCenter (Lessmeier et al. 2016); data_prep/download_pu.py
data/pu/KI05/N09_M07_F10_KI05_1.mat,8717600,Paderborn University KAt-DataCenter (Lessmeier et al. 2016); data_prep/download_pu.py
data/pu/KI05/N09_M07_F10_KI05_10.mat,8714904,Paderborn University KAt-DataCenter (Lessmeier et al. 2016); data_prep/download_pu.py
data/pu/KI05/N09_M07_F10_KI05_11.mat,8717832,Paderborn University KAt-DataCenter (Lessmeier et al. 2016); data_prep/download_pu.py
data/pu/KI05/N09_M07_F10_KI05_12.mat,8714904,Paderborn University KAt-DataCenter (Lessmeier et al. 2016); data_prep/download_pu.py
data/pu/KI05/N09_M07_F10_KI05_13.mat,8714872,Paderborn University KAt-DataCenter (Lessmeier et al. 2016); data_prep/download_pu.py
data/pu/KI05/N09_M07_F10_KI05_14.mat,8714904,Paderborn University KAt-DataCenter (Lessmeier et al. 2016); data_prep/download_pu.py
data/pu/KI05/N09_M07_F10_KI05_15.mat,8714872,Paderborn University KAt-DataCenter (Lessmeier et al. 2016); data_prep/download_pu.py
data/pu/KI05/N09_M07_F10_KI05_16.mat,8717848,Paderborn University KAt-DataCenter (Lessmeier et al. 2016); data_prep/download_pu.py
data/pu/KI05/N09_M07_F10_KI05_17.mat,8714872,Paderborn University KAt-DataCenter (Lessmeier et al. 2016); data_prep/download_pu.py
data/pu/KI05/N09_M07_F10_KI05_18.mat,8717368,Paderborn University KAt-DataCenter (Lessmeier et al. 2016); data_prep/download_pu.py
data/pu/KI05/N09_M07_F10_KI05_19.mat,8715032,Paderborn University KAt-DataCenter (Lessmeier et al. 2016); data_prep/download_pu.py
data/pu/KI05/N09_M07_F10_KI05_2.mat,8714904,Paderborn University KAt-DataCenter (Lessmeier et al. 2016); data_prep/download_pu.py
data/pu/KI05/N09_M07_F10_KI05_20.mat,8714840,Paderborn University KAt-DataCenter (Lessmeier et al. 2016); data_prep/download_pu.py
data/pu/KI05/N09_M07_F10_KI05_3.mat,8714904,Paderborn University KAt-DataCenter (Lessmeier et al. 2016); data_prep/download_pu.py
data/pu/KI05/N09_M07_F10_KI05_4.mat,8714904,Paderborn University KAt-DataCenter (Lessmeier et al. 2016); data_prep/download_pu.py
data/pu/KI05/N09_M07_F10_KI05_5.mat,8714904,Paderborn University KAt-DataCenter (Lessmeier et al. 2016); data_prep/download_pu.py
data/pu/KI05/N09_M07_F10_KI05_6.mat,8714904,Paderborn University KAt-DataCenter (Lessmeier et al. 2016); data_prep/download_pu.py
data/pu/KI05/N09_M07_F10_KI05_7.mat,8822200,Paderborn University KAt-DataCenter (Lessmeier et al. 2016); data_prep/download_pu.py
data/pu/KI05/N09_M07_F10_KI05_8.mat,8714904,Paderborn University KAt-DataCenter (Lessmeier et al. 2016); data_prep/download_pu.py
data/pu/KI05/N09_M07_F10_KI05_9.mat,8717536,Paderborn University KAt-DataCenter (Lessmeier et al. 2016); data_prep/download_pu.py
data/pu/KI05/N15_M01_F10_KI05_1.mat,8714936,Paderborn University KAt-DataCenter (Lessmeier et al. 2016); data_prep/download_pu.py
data/pu/KI05/N15_M01_F10_KI05_10.mat,8717752,Paderborn University KAt-DataCenter (Lessmeier et al. 2016); data_prep/download_pu.py
data/pu/KI05/N15_M01_F10_KI05_11.mat,8714872,Paderborn University KAt-DataCenter (Lessmeier et al. 2016); data_prep/download_pu.py
data/pu/KI05/N15_M01_F10_KI05_12.mat,8718392,Paderborn University KAt-DataCenter (Lessmeier et al. 2016); data_prep/download_pu.py
data/pu/KI05/N15_M01_F10_KI05_13.mat,8714904,Paderborn University KAt-DataCenter (Lessmeier et al. 2016); data_prep/download_pu.py
data/pu/KI05/N15_M01_F10_KI05_14.mat,8714904,Paderborn University KAt-DataCenter (Lessmeier et al. 2016); data_prep/download_pu.py
data/pu/KI05/N15_M01_F10_KI05_15.mat,8714904,Paderborn University KAt-DataCenter (Lessmeier et al. 2016); data_prep/download_pu.py
data/pu/KI05/N15_M01_F10_KI05_16.mat,8717784,Paderborn University KAt-DataCenter (Lessmeier et al. 2016); data_prep/download_pu.py
data/pu/KI05/N15_M01_F10_KI05_17.mat,8714904,Paderborn University KAt-DataCenter (Lessmeier et al. 2016); data_prep/download_pu.py
data/pu/KI05/N15_M01_F10_KI05_18.mat,8714808,Paderborn University KAt-DataCenter (Lessmeier et al. 2016); data_prep/download_pu.py
data/pu/KI05/N15_M01_F10_KI05_19.mat,8717752,Paderborn University KAt-DataCenter (Lessmeier et al. 2016); data_prep/download_pu.py
data/pu/KI05/N15_M01_F10_KI05_2.mat,8714904,Paderborn University KAt-DataCenter (Lessmeier et al. 2016); data_prep/download_pu.py
data/pu/KI05/N15_M01_F10_KI05_20.mat,8714936,Paderborn University KAt-DataCenter (Lessmeier et al. 2016); data_prep/download_pu.py
data/pu/KI05/N15_M01_F10_KI05_3.mat,8714872,Paderborn University KAt-DataCenter (Lessmeier et al. 2016); data_prep/download_pu.py
data/pu/KI05/N15_M01_F10_KI05_4.mat,8714904,Paderborn University KAt-DataCenter (Lessmeier et al. 2016); data_prep/download_pu.py
data/pu/KI05/N15_M01_F10_KI05_5.mat,8718104,Paderborn University KAt-DataCenter (Lessmeier et al. 2016); data_prep/download_pu.py
data/pu/KI05/N15_M01_F10_KI05_6.mat,8714904,Paderborn University KAt-DataCenter (Lessmeier et al. 2016); data_prep/download_pu.py
data/pu/KI05/N15_M01_F10_KI05_7.mat,8714904,Paderborn University KAt-DataCenter (Lessmeier et al. 2016); data_prep/download_pu.py
data/pu/KI05/N15_M01_F10_KI05_8.mat,8717944,Paderborn University KAt-DataCenter (Lessmeier et al. 2016); data_prep/download_pu.py
data/pu/KI05/N15_M01_F10_KI05_9.mat,8714872,Paderborn University KAt-DataCenter (Lessmeier et al. 2016); data_prep/download_pu.py
data/pu/KI05/N15_M07_F04_KI05_1.mat,8717736,Paderborn University KAt-DataCenter (Lessmeier et al. 2016); data_prep/download_pu.py
data/pu/KI05/N15_M07_F04_KI05_10.mat,8717864,Paderborn University KAt-DataCenter (Lessmeier et al. 2016); data_prep/download_pu.py
data/pu/KI05/N15_M07_F04_KI05_11.mat,8717384,Paderborn University KAt-DataCenter (Lessmeier et al. 2016); data_prep/download_pu.py
data/pu/KI05/N15_M07_F04_KI05_12.mat,8921976,Paderborn University KAt-DataCenter (Lessmeier et al. 2016); data_prep/download_pu.py
data/pu/KI05/N15_M07_F04_KI05_13.mat,8714904,Paderborn University KAt-DataCenter (Lessmeier et al. 2016); data_prep/download_pu.py
data/pu/KI05/N15_M07_F04_KI05_14.mat,8714904,Paderborn University KAt-DataCenter (Lessmeier et al. 2016); data_prep/download_pu.py
data/pu/KI05/N15_M07_F04_KI05_15.mat,8717592,Paderborn University KAt-DataCenter (Lessmeier et al. 2016); data_prep/download_pu.py
data/pu/KI05/N15_M07_F04_KI05_16.mat,8714904,Paderborn University KAt-DataCenter (Lessmeier et al. 2016); data_prep/download_pu.py
data/pu/KI05/N15_M07_F04_KI05_17.mat,8714872,Paderborn University KAt-DataCenter (Lessmeier et al. 2016); data_prep/download_pu.py
data/pu/KI05/N15_M07_F04_KI05_18.mat,8714904,Paderborn University KAt-DataCenter (Lessmeier et al. 2016); data_prep/download_pu.py
data/pu/KI05/N15_M07_F04_KI05_19.mat,8718472,Paderborn University KAt-DataCenter (Lessmeier et al. 2016); data_prep/download_pu.py
data/pu/KI05/N15_M07_F04_KI05_2.mat,9321240,Paderborn University KAt-DataCenter (Lessmeier et al. 2016); data_prep/download_pu.py
data/pu/KI05/N15_M07_F04_KI05_20.mat,8714904,Paderborn University KAt-DataCenter (Lessmeier et al. 2016); data_prep/download_pu.py
data/pu/KI05/N15_M07_F04_KI05_3.mat,8714904,Paderborn University KAt-DataCenter (Lessmeier et al. 2016); data_prep/download_pu.py
data/pu/KI05/N15_M07_F04_KI05_4.mat,8718056,Paderborn University KAt-DataCenter (Lessmeier et al. 2016); data_prep/download_pu.py
data/pu/KI05/N15_M07_F04_KI05_5.mat,8714936,Paderborn University KAt-DataCenter (Lessmeier et al. 2016); data_prep/download_pu.py
data/pu/KI05/N15_M07_F04_KI05_6.mat,8714872,Paderborn University KAt-DataCenter (Lessmeier et al. 2016); data_prep/download_pu.py
data/pu/KI05/N15_M07_F04_KI05_7.mat,9366136,Paderborn University KAt-DataCenter (Lessmeier et al. 2016); data_prep/download_pu.py
data/pu/KI05/N15_M07_F04_KI05_8.mat,8935032,Paderborn University KAt-DataCenter (Lessmeier et al. 2016); data_prep/download_pu.py
data/pu/KI05/N15_M07_F04_KI05_9.mat,9145848,Paderborn University KAt-DataCenter (Lessmeier et al. 2016); data_prep/download_pu.py
data/pu/KI05/N15_M07_F10_KI05_1.mat,8781912,Paderborn University KAt-DataCenter (Lessmeier et al. 2016); data_prep/download_pu.py
data/pu/KI05/N15_M07_F10_KI05_10.mat,8717560,Paderborn University KAt-DataCenter (Lessmeier et al. 2016); data_prep/download_pu.py
data/pu/KI05/N15_M07_F10_KI05_11.mat,8717592,Paderborn University KAt-DataCenter (Lessmeier et al. 2016); data_prep/download_pu.py
data/pu/KI05/N15_M07_F10_KI05_12.mat,8714904,Paderborn University KAt-DataCenter (Lessmeier et al. 2016); data_prep/download_pu.py
data/pu/KI05/N15_M07_F10_KI05_13.mat,8714904,Paderborn University KAt-DataCenter (Lessmeier et al. 2016); data_prep/download_pu.py
data/pu/KI05/N15_M07_F10_KI05_14.mat,8717864,Paderborn University KAt-DataCenter (Lessmeier et al. 2016); data_prep/download_pu.py
data/pu/KI05/N15_M07_F10_KI05_15.mat,8714904,Paderborn University KAt-DataCenter (Lessmeier et al. 2016); data_prep/download_pu.py
data/pu/KI05/N15_M07_F10_KI05_16.mat,8715064,Paderborn University KAt-DataCenter (Lessmeier et al. 2016); data_prep/download_pu.py
data/pu/KI05/N15_M07_F10_KI05_17.mat,8714904,Paderborn University KAt-DataCenter (Lessmeier et al. 2016); data_prep/download_pu.py
data/pu/KI05/N15_M07_F10_KI05_18.mat,8714904,Paderborn University KAt-DataCenter (Lessmeier et al. 2016); data_prep/download_pu.py
data/pu/KI05/N15_M07_F10_KI05_19.mat,8717864,Paderborn University KAt-DataCenter (Lessmeier et al. 2016); data_prep/download_pu.py
data/pu/KI05/N15_M07_F10_KI05_2.mat,8714904,Paderborn University KAt-DataCenter (Lessmeier et al. 2016); data_prep/download_pu.py
data/pu/KI05/N15_M07_F10_KI05_20.mat,8714904,Paderborn University KAt-DataCenter (Lessmeier et al. 2016); data_prep/download_pu.py
data/pu/KI05/N15_M07_F10_KI05_3.mat,8717592,Paderborn University KAt-DataCenter (Lessmeier et al. 2016); data_prep/download_pu.py
data/pu/KI05/N15_M07_F10_KI05_4.mat,8722200,Paderborn University KAt-DataCenter (Lessmeier et al. 2016); data_prep/download_pu.py
data/pu/KI05/N15_M07_F10_KI05_5.mat,8714968,Paderborn University KAt-DataCenter (Lessmeier et al. 2016); data_prep/download_pu.py
data/pu/KI05/N15_M07_F10_KI05_6.mat,8717720,Paderborn University KAt-DataCenter (Lessmeier et al. 2016); data_prep/download_pu.py
data/pu/KI05/N15_M07_F10_KI05_7.mat,8714872,Paderborn University KAt-DataCenter (Lessmeier et al. 2016); data_prep/download_pu.py
data/pu/KI05/N15_M07_F10_KI05_8.mat,8714872,Paderborn University KAt-DataCenter (Lessmeier et al. 2016); data_prep/download_pu.py
data/pu/KI05/N15_M07_F10_KI05_9.mat,8731672,Paderborn University KAt-DataCenter (Lessmeier et al. 2016); data_prep/download_pu.py
data/pu/KI07/KI07.pdf,231465,Paderborn University KAt-DataCenter (Lessmeier et al. 2016); data_prep/download_pu.py
data/pu/KI07/measuring_log_KI07.pdf,138898,Paderborn University KAt-DataCenter (Lessmeier et al. 2016); data_prep/download_pu.py
data/pu/KI07/N09_M07_F10_KI07_1.mat,8714904,Paderborn University KAt-DataCenter (Lessmeier et al. 2016); data_prep/download_pu.py
data/pu/KI07/N09_M07_F10_KI07_10.mat,8714936,Paderborn University KAt-DataCenter (Lessmeier et al. 2016); data_prep/download_pu.py
data/pu/KI07/N09_M07_F10_KI07_11.mat,8714872,Paderborn University KAt-DataCenter (Lessmeier et al. 2016); data_prep/download_pu.py
data/pu/KI07/N09_M07_F10_KI07_12.mat,8714904,Paderborn University KAt-DataCenter (Lessmeier et al. 2016); data_prep/download_pu.py
data/pu/KI07/N09_M07_F10_KI07_13.mat,8714904,Paderborn University KAt-DataCenter (Lessmeier et al. 2016); data_prep/download_pu.py
data/pu/KI07/N09_M07_F10_KI07_14.mat,8714904,Paderborn University KAt-DataCenter (Lessmeier et al. 2016); data_prep/download_pu.py
data/pu/KI07/N09_M07_F10_KI07_15.mat,8714904,Paderborn University KAt-DataCenter (Lessmeier et al. 2016); data_prep/download_pu.py
data/pu/KI07/N09_M07_F10_KI07_16.mat,8714872,Paderborn University KAt-DataCenter (Lessmeier et al. 2016); data_prep/download_pu.py
data/pu/KI07/N09_M07_F10_KI07_17.mat,8714904,Paderborn University KAt-DataCenter (Lessmeier et al. 2016); data_prep/download_pu.py
data/pu/KI07/N09_M07_F10_KI07_18.mat,8714872,Paderborn University KAt-DataCenter (Lessmeier et al. 2016); data_prep/download_pu.py
data/pu/KI07/N09_M07_F10_KI07_19.mat,8714872,Paderborn University KAt-DataCenter (Lessmeier et al. 2016); data_prep/download_pu.py
data/pu/KI07/N09_M07_F10_KI07_2.mat,9457880,Paderborn University KAt-DataCenter (Lessmeier et al. 2016); data_prep/download_pu.py
data/pu/KI07/N09_M07_F10_KI07_20.mat,8714904,Paderborn University KAt-DataCenter (Lessmeier et al. 2016); data_prep/download_pu.py
data/pu/KI07/N09_M07_F10_KI07_3.mat,8714872,Paderborn University KAt-DataCenter (Lessmeier et al. 2016); data_prep/download_pu.py
data/pu/KI07/N09_M07_F10_KI07_4.mat,8714872,Paderborn University KAt-DataCenter (Lessmeier et al. 2016); data_prep/download_pu.py
data/pu/KI07/N09_M07_F10_KI07_5.mat,8714904,Paderborn University KAt-DataCenter (Lessmeier et al. 2016); data_prep/download_pu.py
data/pu/KI07/N09_M07_F10_KI07_6.mat,8714904,Paderborn University KAt-DataCenter (Lessmeier et al. 2016); data_prep/download_pu.py
data/pu/KI07/N09_M07_F10_KI07_7.mat,8714904,Paderborn University KAt-DataCenter (Lessmeier et al. 2016); data_prep/download_pu.py
data/pu/KI07/N09_M07_F10_KI07_8.mat,8714904,Paderborn University KAt-DataCenter (Lessmeier et al. 2016); data_prep/download_pu.py
data/pu/KI07/N09_M07_F10_KI07_9.mat,8714936,Paderborn University KAt-DataCenter (Lessmeier et al. 2016); data_prep/download_pu.py
data/pu/KI07/N15_M01_F10_KI07_1.mat,8714872,Paderborn University KAt-DataCenter (Lessmeier et al. 2016); data_prep/download_pu.py
data/pu/KI07/N15_M01_F10_KI07_10.mat,8714904,Paderborn University KAt-DataCenter (Lessmeier et al. 2016); data_prep/download_pu.py
data/pu/KI07/N15_M01_F10_KI07_11.mat,8714904,Paderborn University KAt-DataCenter (Lessmeier et al. 2016); data_prep/download_pu.py
data/pu/KI07/N15_M01_F10_KI07_12.mat,8714872,Paderborn University KAt-DataCenter (Lessmeier et al. 2016); data_prep/download_pu.py
data/pu/KI07/N15_M01_F10_KI07_13.mat,8714904,Paderborn University KAt-DataCenter (Lessmeier et al. 2016); data_prep/download_pu.py
data/pu/KI07/N15_M01_F10_KI07_14.mat,8714904,Paderborn University KAt-DataCenter (Lessmeier et al. 2016); data_prep/download_pu.py
data/pu/KI07/N15_M01_F10_KI07_15.mat,8798360,Paderborn University KAt-DataCenter (Lessmeier et al. 2016); data_prep/download_pu.py
data/pu/KI07/N15_M01_F10_KI07_16.mat,8714904,Paderborn University KAt-DataCenter (Lessmeier et al. 2016); data_prep/download_pu.py
data/pu/KI07/N15_M01_F10_KI07_17.mat,8714872,Paderborn University KAt-DataCenter (Lessmeier et al. 2016); data_prep/download_pu.py
data/pu/KI07/N15_M01_F10_KI07_18.mat,8714904,Paderborn University KAt-DataCenter (Lessmeier et al. 2016); data_prep/download_pu.py
data/pu/KI07/N15_M01_F10_KI07_19.mat,8714968,Paderborn University KAt-DataCenter (Lessmeier et al. 2016); data_prep/download_pu.py
data/pu/KI07/N15_M01_F10_KI07_2.mat,8714872,Paderborn University KAt-DataCenter (Lessmeier et al. 2016); data_prep/download_pu.py
data/pu/KI07/N15_M01_F10_KI07_20.mat,8714904,Paderborn University KAt-DataCenter (Lessmeier et al. 2016); data_prep/download_pu.py
data/pu/KI07/N15_M01_F10_KI07_3.mat,8714904,Paderborn University KAt-DataCenter (Lessmeier et al. 2016); data_prep/download_pu.py
data/pu/KI07/N15_M01_F10_KI07_4.mat,8714936,Paderborn University KAt-DataCenter (Lessmeier et al. 2016); data_prep/download_pu.py
data/pu/KI07/N15_M01_F10_KI07_5.mat,8714776,Paderborn University KAt-DataCenter (Lessmeier et al. 2016); data_prep/download_pu.py
data/pu/KI07/N15_M01_F10_KI07_6.mat,8714904,Paderborn University KAt-DataCenter (Lessmeier et al. 2016); data_prep/download_pu.py
data/pu/KI07/N15_M01_F10_KI07_7.mat,9328152,Paderborn University KAt-DataCenter (Lessmeier et al. 2016); data_prep/download_pu.py
data/pu/KI07/N15_M01_F10_KI07_8.mat,8714904,Paderborn University KAt-DataCenter (Lessmeier et al. 2016); data_prep/download_pu.py
data/pu/KI07/N15_M01_F10_KI07_9.mat,8714904,Paderborn University KAt-DataCenter (Lessmeier et al. 2016); data_prep/download_pu.py
data/pu/KI07/N15_M07_F04_KI07_1.mat,8715096,Paderborn University KAt-DataCenter (Lessmeier et al. 2016); data_prep/download_pu.py
data/pu/KI07/N15_M07_F04_KI07_10.mat,8714936,Paderborn University KAt-DataCenter (Lessmeier et al. 2016); data_prep/download_pu.py
data/pu/KI07/N15_M07_F04_KI07_11.mat,8714904,Paderborn University KAt-DataCenter (Lessmeier et al. 2016); data_prep/download_pu.py
data/pu/KI07/N15_M07_F04_KI07_12.mat,8714904,Paderborn University KAt-DataCenter (Lessmeier et al. 2016); data_prep/download_pu.py
data/pu/KI07/N15_M07_F04_KI07_13.mat,8714904,Paderborn University KAt-DataCenter (Lessmeier et al. 2016); data_prep/download_pu.py
data/pu/KI07/N15_M07_F04_KI07_14.mat,8714968,Paderborn University KAt-DataCenter (Lessmeier et al. 2016); data_prep/download_pu.py
data/pu/KI07/N15_M07_F04_KI07_15.mat,8714872,Paderborn University KAt-DataCenter (Lessmeier et al. 2016); data_prep/download_pu.py
data/pu/KI07/N15_M07_F04_KI07_16.mat,8714904,Paderborn University KAt-DataCenter (Lessmeier et al. 2016); data_prep/download_pu.py
data/pu/KI07/N15_M07_F04_KI07_17.mat,8714968,Paderborn University KAt-DataCenter (Lessmeier et al. 2016); data_prep/download_pu.py
data/pu/KI07/N15_M07_F04_KI07_18.mat,8714968,Paderborn University KAt-DataCenter (Lessmeier et al. 2016); data_prep/download_pu.py
data/pu/KI07/N15_M07_F04_KI07_19.mat,8714904,Paderborn University KAt-DataCenter (Lessmeier et al. 2016); data_prep/download_pu.py
data/pu/KI07/N15_M07_F04_KI07_2.mat,8789656,Paderborn University KAt-DataCenter (Lessmeier et al. 2016); data_prep/download_pu.py
data/pu/KI07/N15_M07_F04_KI07_20.mat,8714936,Paderborn University KAt-DataCenter (Lessmeier et al. 2016); data_prep/download_pu.py
data/pu/KI07/N15_M07_F04_KI07_3.mat,8714904,Paderborn University KAt-DataCenter (Lessmeier et al. 2016); data_prep/download_pu.py
data/pu/KI07/N15_M07_F04_KI07_4.mat,8714968,Paderborn University KAt-DataCenter (Lessmeier et al. 2016); data_prep/download_pu.py
data/pu/KI07/N15_M07_F04_KI07_5.mat,8714904,Paderborn University KAt-DataCenter (Lessmeier et al. 2016); data_prep/download_pu.py
data/pu/KI07/N15_M07_F04_KI07_6.mat,8714904,Paderborn University KAt-DataCenter (Lessmeier et al. 2016); data_prep/download_pu.py
data/pu/KI07/N15_M07_F04_KI07_7.mat,8714904,Paderborn University KAt-DataCenter (Lessmeier et al. 2016); data_prep/download_pu.py
data/pu/KI07/N15_M07_F04_KI07_8.mat,8714872,Paderborn University KAt-DataCenter (Lessmeier et al. 2016); data_prep/download_pu.py
data/pu/KI07/N15_M07_F04_KI07_9.mat,8714936,Paderborn University KAt-DataCenter (Lessmeier et al. 2016); data_prep/download_pu.py
data/pu/KI07/N15_M07_F10_KI07_1.mat,8714872,Paderborn University KAt-DataCenter (Lessmeier et al. 2016); data_prep/download_pu.py
data/pu/KI07/N15_M07_F10_KI07_10.mat,8714904,Paderborn University KAt-DataCenter (Lessmeier et al. 2016); data_prep/download_pu.py
data/pu/KI07/N15_M07_F10_KI07_11.mat,8714904,Paderborn University KAt-DataCenter (Lessmeier et al. 2016); data_prep/download_pu.py
data/pu/KI07/N15_M07_F10_KI07_12.mat,8714904,Paderborn University KAt-DataCenter (Lessmeier et al. 2016); data_prep/download_pu.py
data/pu/KI07/N15_M07_F10_KI07_13.mat,8714968,Paderborn University KAt-DataCenter (Lessmeier et al. 2016); data_prep/download_pu.py
data/pu/KI07/N15_M07_F10_KI07_14.mat,8714904,Paderborn University KAt-DataCenter (Lessmeier et al. 2016); data_prep/download_pu.py
data/pu/KI07/N15_M07_F10_KI07_15.mat,8714872,Paderborn University KAt-DataCenter (Lessmeier et al. 2016); data_prep/download_pu.py
data/pu/KI07/N15_M07_F10_KI07_16.mat,8714904,Paderborn University KAt-DataCenter (Lessmeier et al. 2016); data_prep/download_pu.py
data/pu/KI07/N15_M07_F10_KI07_17.mat,8714904,Paderborn University KAt-DataCenter (Lessmeier et al. 2016); data_prep/download_pu.py
data/pu/KI07/N15_M07_F10_KI07_18.mat,8714904,Paderborn University KAt-DataCenter (Lessmeier et al. 2016); data_prep/download_pu.py
data/pu/KI07/N15_M07_F10_KI07_19.mat,8714904,Paderborn University KAt-DataCenter (Lessmeier et al. 2016); data_prep/download_pu.py
data/pu/KI07/N15_M07_F10_KI07_2.mat,9295640,Paderborn University KAt-DataCenter (Lessmeier et al. 2016); data_prep/download_pu.py
data/pu/KI07/N15_M07_F10_KI07_20.mat,8714840,Paderborn University KAt-DataCenter (Lessmeier et al. 2016); data_prep/download_pu.py
data/pu/KI07/N15_M07_F10_KI07_3.mat,8714904,Paderborn University KAt-DataCenter (Lessmeier et al. 2016); data_prep/download_pu.py
data/pu/KI07/N15_M07_F10_KI07_4.mat,8714872,Paderborn University KAt-DataCenter (Lessmeier et al. 2016); data_prep/download_pu.py
data/pu/KI07/N15_M07_F10_KI07_5.mat,8714872,Paderborn University KAt-DataCenter (Lessmeier et al. 2016); data_prep/download_pu.py
data/pu/KI07/N15_M07_F10_KI07_6.mat,8715096,Paderborn University KAt-DataCenter (Lessmeier et al. 2016); data_prep/download_pu.py
data/pu/KI07/N15_M07_F10_KI07_7.mat,8714904,Paderborn University KAt-DataCenter (Lessmeier et al. 2016); data_prep/download_pu.py
data/pu/KI07/N15_M07_F10_KI07_8.mat,8714904,Paderborn University KAt-DataCenter (Lessmeier et al. 2016); data_prep/download_pu.py
data/pu/KI07/N15_M07_F10_KI07_9.mat,8714904,Paderborn University KAt-DataCenter (Lessmeier et al. 2016); data_prep/download_pu.py
data/pu/KI08/KI08.pdf,55658,Paderborn University KAt-DataCenter (Lessmeier et al. 2016); data_prep/download_pu.py
data/pu/KI08/measuring_log_KI08.pdf,139102,Paderborn University KAt-DataCenter (Lessmeier et al. 2016); data_prep/download_pu.py
data/pu/KI08/N09_M07_F10_KI08_1.mat,8714872,Paderborn University KAt-DataCenter (Lessmeier et al. 2016); data_prep/download_pu.py
data/pu/KI08/N09_M07_F10_KI08_10.mat,8714904,Paderborn University KAt-DataCenter (Lessmeier et al. 2016); data_prep/download_pu.py
data/pu/KI08/N09_M07_F10_KI08_11.mat,8714904,Paderborn University KAt-DataCenter (Lessmeier et al. 2016); data_prep/download_pu.py
data/pu/KI08/N09_M07_F10_KI08_12.mat,8714936,Paderborn University KAt-DataCenter (Lessmeier et al. 2016); data_prep/download_pu.py
data/pu/KI08/N09_M07_F10_KI08_13.mat,8714936,Paderborn University KAt-DataCenter (Lessmeier et al. 2016); data_prep/download_pu.py
data/pu/KI08/N09_M07_F10_KI08_14.mat,8714904,Paderborn University KAt-DataCenter (Lessmeier et al. 2016); data_prep/download_pu.py
data/pu/KI08/N09_M07_F10_KI08_15.mat,8714904,Paderborn University KAt-DataCenter (Lessmeier et al. 2016); data_prep/download_pu.py
data/pu/KI08/N09_M07_F10_KI08_16.mat,8714904,Paderborn University KAt-DataCenter (Lessmeier et al. 2016); data_prep/download_pu.py
data/pu/KI08/N09_M07_F10_KI08_17.mat,8714872,Paderborn University KAt-DataCenter (Lessmeier et al. 2016); data_prep/download_pu.py
data/pu/KI08/N09_M07_F10_KI08_18.mat,8714904,Paderborn University KAt-DataCenter (Lessmeier et al. 2016); data_prep/download_pu.py
data/pu/KI08/N09_M07_F10_KI08_19.mat,8714904,Paderborn University KAt-DataCenter (Lessmeier et al. 2016); data_prep/download_pu.py
data/pu/KI08/N09_M07_F10_KI08_2.mat,8714872,Paderborn University KAt-DataCenter (Lessmeier et al. 2016); data_prep/download_pu.py
data/pu/KI08/N09_M07_F10_KI08_20.mat,8714840,Paderborn University KAt-DataCenter (Lessmeier et al. 2016); data_prep/download_pu.py
data/pu/KI08/N09_M07_F10_KI08_3.mat,8866776,Paderborn University KAt-DataCenter (Lessmeier et al. 2016); data_prep/download_pu.py
data/pu/KI08/N09_M07_F10_KI08_4.mat,8714840,Paderborn University KAt-DataCenter (Lessmeier et al. 2016); data_prep/download_pu.py
data/pu/KI08/N09_M07_F10_KI08_5.mat,8714936,Paderborn University KAt-DataCenter (Lessmeier et al. 2016); data_prep/download_pu.py
data/pu/KI08/N09_M07_F10_KI08_6.mat,8714872,Paderborn University KAt-DataCenter (Lessmeier et al. 2016); data_prep/download_pu.py
data/pu/KI08/N09_M07_F10_KI08_7.mat,8714968,Paderborn University KAt-DataCenter (Lessmeier et al. 2016); data_prep/download_pu.py
data/pu/KI08/N09_M07_F10_KI08_8.mat,8714904,Paderborn University KAt-DataCenter (Lessmeier et al. 2016); data_prep/download_pu.py
data/pu/KI08/N09_M07_F10_KI08_9.mat,9379736,Paderborn University KAt-DataCenter (Lessmeier et al. 2016); data_prep/download_pu.py
data/pu/KI08/N15_M01_F10_KI08_1.mat,8714904,Paderborn University KAt-DataCenter (Lessmeier et al. 2016); data_prep/download_pu.py
data/pu/KI08/N15_M01_F10_KI08_10.mat,8714904,Paderborn University KAt-DataCenter (Lessmeier et al. 2016); data_prep/download_pu.py
data/pu/KI08/N15_M01_F10_KI08_11.mat,8714904,Paderborn University KAt-DataCenter (Lessmeier et al. 2016); data_prep/download_pu.py
data/pu/KI08/N15_M01_F10_KI08_12.mat,8714904,Paderborn University KAt-DataCenter (Lessmeier et al. 2016); data_prep/download_pu.py
data/pu/KI08/N15_M01_F10_KI08_13.mat,8714904,Paderborn University KAt-DataCenter (Lessmeier et al. 2016); data_prep/download_pu.py
data/pu/KI08/N15_M01_F10_KI08_14.mat,8714872,Paderborn University KAt-DataCenter (Lessmeier et al. 2016); data_prep/download_pu.py
data/pu/KI08/N15_M01_F10_KI08_15.mat,8714904,Paderborn University KAt-DataCenter (Lessmeier et al. 2016); data_prep/download_pu.py
data/pu/KI08/N15_M01_F10_KI08_16.mat,8714904,Paderborn University KAt-DataCenter (Lessmeier et al. 2016); data_prep/download_pu.py
data/pu/KI08/N15_M01_F10_KI08_17.mat,8714904,Paderborn University KAt-DataCenter (Lessmeier et al. 2016); data_prep/download_pu.py
data/pu/KI08/N15_M01_F10_KI08_18.mat,8714872,Paderborn University KAt-DataCenter (Lessmeier et al. 2016); data_prep/download_pu.py
data/pu/KI08/N15_M01_F10_KI08_19.mat,8714904,Paderborn University KAt-DataCenter (Lessmeier et al. 2016); data_prep/download_pu.py
data/pu/KI08/N15_M01_F10_KI08_2.mat,8714904,Paderborn University KAt-DataCenter (Lessmeier et al. 2016); data_prep/download_pu.py
data/pu/KI08/N15_M01_F10_KI08_20.mat,8714872,Paderborn University KAt-DataCenter (Lessmeier et al. 2016); data_prep/download_pu.py
data/pu/KI08/N15_M01_F10_KI08_3.mat,8714904,Paderborn University KAt-DataCenter (Lessmeier et al. 2016); data_prep/download_pu.py
data/pu/KI08/N15_M01_F10_KI08_4.mat,8714904,Paderborn University KAt-DataCenter (Lessmeier et al. 2016); data_prep/download_pu.py
data/pu/KI08/N15_M01_F10_KI08_5.mat,8714904,Paderborn University KAt-DataCenter (Lessmeier et al. 2016); data_prep/download_pu.py
data/pu/KI08/N15_M01_F10_KI08_6.mat,8714904,Paderborn University KAt-DataCenter (Lessmeier et al. 2016); data_prep/download_pu.py
data/pu/KI08/N15_M01_F10_KI08_7.mat,8714904,Paderborn University KAt-DataCenter (Lessmeier et al. 2016); data_prep/download_pu.py
data/pu/KI08/N15_M01_F10_KI08_8.mat,8714904,Paderborn University KAt-DataCenter (Lessmeier et al. 2016); data_prep/download_pu.py
data/pu/KI08/N15_M01_F10_KI08_9.mat,8714904,Paderborn University KAt-DataCenter (Lessmeier et al. 2016); data_prep/download_pu.py
data/pu/KI08/N15_M07_F04_KI08_1.mat,8726296,Paderborn University KAt-DataCenter (Lessmeier et al. 2016); data_prep/download_pu.py
data/pu/KI08/N15_M07_F04_KI08_10.mat,8714904,Paderborn University KAt-DataCenter (Lessmeier et al. 2016); data_prep/download_pu.py
data/pu/KI08/N15_M07_F04_KI08_11.mat,8714904,Paderborn University KAt-DataCenter (Lessmeier et al. 2016); data_prep/download_pu.py
data/pu/KI08/N15_M07_F04_KI08_12.mat,8714904,Paderborn University KAt-DataCenter (Lessmeier et al. 2016); data_prep/download_pu.py
data/pu/KI08/N15_M07_F04_KI08_13.mat,8714776,Paderborn University KAt-DataCenter (Lessmeier et al. 2016); data_prep/download_pu.py
data/pu/KI08/N15_M07_F04_KI08_14.mat,8714904,Paderborn University KAt-DataCenter (Lessmeier et al. 2016); data_prep/download_pu.py
data/pu/KI08/N15_M07_F04_KI08_15.mat,8714872,Paderborn University KAt-DataCenter (Lessmeier et al. 2016); data_prep/download_pu.py
data/pu/KI08/N15_M07_F04_KI08_16.mat,8714872,Paderborn University KAt-DataCenter (Lessmeier et al. 2016); data_prep/download_pu.py
data/pu/KI08/N15_M07_F04_KI08_17.mat,8714968,Paderborn University KAt-DataCenter (Lessmeier et al. 2016); data_prep/download_pu.py
data/pu/KI08/N15_M07_F04_KI08_18.mat,8714872,Paderborn University KAt-DataCenter (Lessmeier et al. 2016); data_prep/download_pu.py
data/pu/KI08/N15_M07_F04_KI08_19.mat,8714936,Paderborn University KAt-DataCenter (Lessmeier et al. 2016); data_prep/download_pu.py
data/pu/KI08/N15_M07_F04_KI08_2.mat,8714936,Paderborn University KAt-DataCenter (Lessmeier et al. 2016); data_prep/download_pu.py
data/pu/KI08/N15_M07_F04_KI08_20.mat,8714904,Paderborn University KAt-DataCenter (Lessmeier et al. 2016); data_prep/download_pu.py
data/pu/KI08/N15_M07_F04_KI08_3.mat,8714904,Paderborn University KAt-DataCenter (Lessmeier et al. 2016); data_prep/download_pu.py
data/pu/KI08/N15_M07_F04_KI08_4.mat,9435544,Paderborn University KAt-DataCenter (Lessmeier et al. 2016); data_prep/download_pu.py
data/pu/KI08/N15_M07_F04_KI08_5.mat,8714904,Paderborn University KAt-DataCenter (Lessmeier et al. 2016); data_prep/download_pu.py
data/pu/KI08/N15_M07_F04_KI08_6.mat,8714872,Paderborn University KAt-DataCenter (Lessmeier et al. 2016); data_prep/download_pu.py
data/pu/KI08/N15_M07_F04_KI08_7.mat,8714904,Paderborn University KAt-DataCenter (Lessmeier et al. 2016); data_prep/download_pu.py
data/pu/KI08/N15_M07_F04_KI08_8.mat,8714904,Paderborn University KAt-DataCenter (Lessmeier et al. 2016); data_prep/download_pu.py
data/pu/KI08/N15_M07_F04_KI08_9.mat,8714904,Paderborn University KAt-DataCenter (Lessmeier et al. 2016); data_prep/download_pu.py
data/pu/KI08/N15_M07_F10_KI08_1.mat,8714904,Paderborn University KAt-DataCenter (Lessmeier et al. 2016); data_prep/download_pu.py
data/pu/KI08/N15_M07_F10_KI08_10.mat,8714936,Paderborn University KAt-DataCenter (Lessmeier et al. 2016); data_prep/download_pu.py
data/pu/KI08/N15_M07_F10_KI08_11.mat,8714840,Paderborn University KAt-DataCenter (Lessmeier et al. 2016); data_prep/download_pu.py
data/pu/KI08/N15_M07_F10_KI08_12.mat,9379832,Paderborn University KAt-DataCenter (Lessmeier et al. 2016); data_prep/download_pu.py
data/pu/KI08/N15_M07_F10_KI08_13.mat,8714936,Paderborn University KAt-DataCenter (Lessmeier et al. 2016); data_prep/download_pu.py
data/pu/KI08/N15_M07_F10_KI08_14.mat,8714968,Paderborn University KAt-DataCenter (Lessmeier et al. 2016); data_prep/download_pu.py
data/pu/KI08/N15_M07_F10_KI08_15.mat,8714904,Paderborn University KAt-DataCenter (Lessmeier et al. 2016); data_prep/download_pu.py
data/pu/KI08/N15_M07_F10_KI08_16.mat,8714904,Paderborn University KAt-DataCenter (Lessmeier et al. 2016); data_prep/download_pu.py
data/pu/KI08/N15_M07_F10_KI08_17.mat,8714808,Paderborn University KAt-DataCenter (Lessmeier et al. 2016); data_prep/download_pu.py
data/pu/KI08/N15_M07_F10_KI08_18.mat,8858040,Paderborn University KAt-DataCenter (Lessmeier et al. 2016); data_prep/download_pu.py
data/pu/KI08/N15_M07_F10_KI08_19.mat,8735960,Paderborn University KAt-DataCenter (Lessmeier et al. 2016); data_prep/download_pu.py
data/pu/KI08/N15_M07_F10_KI08_2.mat,8714968,Paderborn University KAt-DataCenter (Lessmeier et al. 2016); data_prep/download_pu.py
data/pu/KI08/N15_M07_F10_KI08_20.mat,8714904,Paderborn University KAt-DataCenter (Lessmeier et al. 2016); data_prep/download_pu.py
data/pu/KI08/N15_M07_F10_KI08_3.mat,8714936,Paderborn University KAt-DataCenter (Lessmeier et al. 2016); data_prep/download_pu.py
data/pu/KI08/N15_M07_F10_KI08_4.mat,8714904,Paderborn University KAt-DataCenter (Lessmeier et al. 2016); data_prep/download_pu.py
data/pu/KI08/N15_M07_F10_KI08_5.mat,8714968,Paderborn University KAt-DataCenter (Lessmeier et al. 2016); data_prep/download_pu.py
data/pu/KI08/N15_M07_F10_KI08_6.mat,8714936,Paderborn University KAt-DataCenter (Lessmeier et al. 2016); data_prep/download_pu.py
data/pu/KI08/N15_M07_F10_KI08_7.mat,8714968,Paderborn University KAt-DataCenter (Lessmeier et al. 2016); data_prep/download_pu.py
data/pu/KI08/N15_M07_F10_KI08_8.mat,8714904,Paderborn University KAt-DataCenter (Lessmeier et al. 2016); data_prep/download_pu.py
data/pu/KI08/N15_M07_F10_KI08_9.mat,8714904,Paderborn University KAt-DataCenter (Lessmeier et al. 2016); data_prep/download_pu.py
data/pu/KI14/KI14.pdf,56735,Paderborn University KAt-DataCenter (Lessmeier et al. 2016); data_prep/download_pu.py
data/pu/KI14/measuring_log_KI14.pdf,138864,Paderborn University KAt-DataCenter (Lessmeier et al. 2016); data_prep/download_pu.py
data/pu/KI14/N09_M07_F10_KI14_1.mat,8714904,Paderborn University KAt-DataCenter (Lessmeier et al. 2016); data_prep/download_pu.py
data/pu/KI14/N09_M07_F10_KI14_10.mat,8714936,Paderborn University KAt-DataCenter (Lessmeier et al. 2016); data_prep/download_pu.py
data/pu/KI14/N09_M07_F10_KI14_11.mat,8714936,Paderborn University KAt-DataCenter (Lessmeier et al. 2016); data_prep/download_pu.py
data/pu/KI14/N09_M07_F10_KI14_12.mat,8770968,Paderborn University KAt-DataCenter (Lessmeier et al. 2016); data_prep/download_pu.py
data/pu/KI14/N09_M07_F10_KI14_13.mat,8714904,Paderborn University KAt-DataCenter (Lessmeier et al. 2016); data_prep/download_pu.py
data/pu/KI14/N09_M07_F10_KI14_14.mat,8714904,Paderborn University KAt-DataCenter (Lessmeier et al. 2016); data_prep/download_pu.py
data/pu/KI14/N09_M07_F10_KI14_15.mat,8717704,Paderborn University KAt-DataCenter (Lessmeier et al. 2016); data_prep/download_pu.py
data/pu/KI14/N09_M07_F10_KI14_16.mat,8714904,Paderborn University KAt-DataCenter (Lessmeier et al. 2016); data_prep/download_pu.py
data/pu/KI14/N09_M07_F10_KI14_17.mat,8714968,Paderborn University KAt-DataCenter (Lessmeier et al. 2016); data_prep/download_pu.py
data/pu/KI14/N09_M07_F10_KI14_18.mat,8714904,Paderborn University KAt-DataCenter (Lessmeier et al. 2016); data_prep/download_pu.py
data/pu/KI14/N09_M07_F10_KI14_19.mat,8717672,Paderborn University KAt-DataCenter (Lessmeier et al. 2016); data_prep/download_pu.py
data/pu/KI14/N09_M07_F10_KI14_2.mat,8717864,Paderborn University KAt-DataCenter (Lessmeier et al. 2016); data_prep/download_pu.py
data/pu/KI14/N09_M07_F10_KI14_20.mat,8717800,Paderborn University KAt-DataCenter (Lessmeier et al. 2016); data_prep/download_pu.py
data/pu/KI14/N09_M07_F10_KI14_3.mat,8718016,Paderborn University KAt-DataCenter (Lessmeier et al. 2016); data_prep/download_pu.py
data/pu/KI14/N09_M07_F10_KI14_4.mat,8714904,Paderborn University KAt-DataCenter (Lessmeier et al. 2016); data_prep/download_pu.py
data/pu/KI14/N09_M07_F10_KI14_5.mat,8717768,Paderborn University KAt-DataCenter (Lessmeier et al. 2016); data_prep/download_pu.py
data/pu/KI14/N09_M07_F10_KI14_6.mat,8714904,Paderborn University KAt-DataCenter (Lessmeier et al. 2016); data_prep/download_pu.py
data/pu/KI14/N09_M07_F10_KI14_7.mat,8714904,Paderborn University KAt-DataCenter (Lessmeier et al. 2016); data_prep/download_pu.py
data/pu/KI14/N09_M07_F10_KI14_8.mat,8726360,Paderborn University KAt-DataCenter (Lessmeier et al. 2016); data_prep/download_pu.py
data/pu/KI14/N09_M07_F10_KI14_9.mat,8714904,Paderborn University KAt-DataCenter (Lessmeier et al. 2016); data_prep/download_pu.py
data/pu/KI14/N15_M01_F10_KI14_1.mat,8714872,Paderborn University KAt-DataCenter (Lessmeier et al. 2016); data_prep/download_pu.py
data/pu/KI14/N15_M01_F10_KI14_10.mat,8714872,Paderborn University KAt-DataCenter (Lessmeier et al. 2016); data_prep/download_pu.py
data/pu/KI14/N15_M01_F10_KI14_11.mat,8714872,Paderborn University KAt-DataCenter (Lessmeier et al. 2016); data_prep/download_pu.py
data/pu/KI14/N15_M01_F10_KI14_12.mat,8714904,Paderborn University KAt-DataCenter (Lessmeier et al. 2016); data_prep/download_pu.py
data/pu/KI14/N15_M01_F10_KI14_13.mat,8717896,Paderborn University KAt-DataCenter (Lessmeier et al. 2016); data_prep/download_pu.py
data/pu/KI14/N15_M01_F10_KI14_14.mat,8714968,Paderborn University KAt-DataCenter (Lessmeier et al. 2016); data_prep/download_pu.py
data/pu/KI14/N15_M01_F10_KI14_15.mat,8715064,Paderborn University KAt-DataCenter (Lessmeier et al. 2016); data_prep/download_pu.py
data/pu/KI14/N15_M01_F10_KI14_16.mat,8714904,Paderborn University KAt-DataCenter (Lessmeier et al. 2016); data_prep/download_pu.py
data/pu/KI14/N15_M01_F10_KI14_17.mat,8714872,Paderborn University KAt-DataCenter (Lessmeier et al. 2016); data_prep/download_pu.py
data/pu/KI14/N15_M01_F10_KI14_18.mat,8714904,Paderborn University KAt-DataCenter (Lessmeier et al. 2016); data_prep/download_pu.py
data/pu/KI14/N15_M01_F10_KI14_19.mat,8714904,Paderborn University KAt-DataCenter (Lessmeier et al. 2016); data_prep/download_pu.py
data/pu/KI14/N15_M01_F10_KI14_2.mat,8717672,Paderborn University KAt-DataCenter (Lessmeier et al. 2016); data_prep/download_pu.py
data/pu/KI14/N15_M01_F10_KI14_20.mat,8717864,Paderborn University KAt-DataCenter (Lessmeier et al. 2016); data_prep/download_pu.py
data/pu/KI14/N15_M01_F10_KI14_3.mat,8717864,Paderborn University KAt-DataCenter (Lessmeier et al. 2016); data_prep/download_pu.py
data/pu/KI14/N15_M01_F10_KI14_4.mat,8717928,Paderborn University KAt-DataCenter (Lessmeier et al. 2016); data_prep/download_pu.py
data/pu/KI14/N15_M01_F10_KI14_5.mat,8714936,Paderborn University KAt-DataCenter (Lessmeier et al. 2016); data_prep/download_pu.py
data/pu/KI14/N15_M01_F10_KI14_6.mat,8714872,Paderborn University KAt-DataCenter (Lessmeier et al. 2016); data_prep/download_pu.py
data/pu/KI14/N15_M01_F10_KI14_7.mat,8717832,Paderborn University KAt-DataCenter (Lessmeier et al. 2016); data_prep/download_pu.py
data/pu/KI14/N15_M01_F10_KI14_8.mat,8714904,Paderborn University KAt-DataCenter (Lessmeier et al. 2016); data_prep/download_pu.py
data/pu/KI14/N15_M01_F10_KI14_9.mat,8714904,Paderborn University KAt-DataCenter (Lessmeier et al. 2016); data_prep/download_pu.py
data/pu/KI14/N15_M07_F04_KI14_1.mat,8714968,Paderborn University KAt-DataCenter (Lessmeier et al. 2016); data_prep/download_pu.py
data/pu/KI14/N15_M07_F04_KI14_10.mat,8714904,Paderborn University KAt-DataCenter (Lessmeier et al. 2016); data_prep/download_pu.py
data/pu/KI14/N15_M07_F04_KI14_11.mat,8717704,Paderborn University KAt-DataCenter (Lessmeier et al. 2016); data_prep/download_pu.py
data/pu/KI14/N15_M07_F04_KI14_12.mat,8750584,Paderborn University KAt-DataCenter (Lessmeier et al. 2016); data_prep/download_pu.py
data/pu/KI14/N15_M07_F04_KI14_13.mat,8714904,Paderborn University KAt-DataCenter (Lessmeier et al. 2016); data_prep/download_pu.py
data/pu/KI14/N15_M07_F04_KI14_14.mat,8714872,Paderborn University KAt-DataCenter (Lessmeier et al. 2016); data_prep/download_pu.py
data/pu/KI14/N15_M07_F04_KI14_15.mat,8717832,Paderborn University KAt-DataCenter (Lessmeier et al. 2016); data_prep/download_pu.py
data/pu/KI14/N15_M07_F04_KI14_16.mat,8717736,Paderborn University KAt-DataCenter (Lessmeier et al. 2016); data_prep/download_pu.py
data/pu/KI14/N15_M07_F04_KI14_17.mat,8714872,Paderborn University KAt-DataCenter (Lessmeier et al. 2016); data_prep/download_pu.py
data/pu/KI14/N15_M07_F04_KI14_18.mat,8714872,Paderborn University KAt-DataCenter (Lessmeier et al. 2016); data_prep/download_pu.py
data/pu/KI14/N15_M07_F04_KI14_19.mat,8715288,Paderborn University KAt-DataCenter (Lessmeier et al. 2016); data_prep/download_pu.py
data/pu/KI14/N15_M07_F04_KI14_2.mat,8714904,Paderborn University KAt-DataCenter (Lessmeier et al. 2016); data_prep/download_pu.py
data/pu/KI14/N15_M07_F04_KI14_20.mat,8714904,Paderborn University KAt-DataCenter (Lessmeier et al. 2016); data_prep/download_pu.py
data/pu/KI14/N15_M07_F04_KI14_3.mat,9255000,Paderborn University KAt-DataCenter (Lessmeier et al. 2016); data_prep/download_pu.py
data/pu/KI14/N15_M07_F04_KI14_4.mat,8717704,Paderborn University KAt-DataCenter (Lessmeier et al. 2016); data_prep/download_pu.py
data/pu/KI14/N15_M07_F04_KI14_5.mat,8714968,Paderborn University KAt-DataCenter (Lessmeier et al. 2016); data_prep/download_pu.py
data/pu/KI14/N15_M07_F04_KI14_6.mat,8715192,Paderborn University KAt-DataCenter (Lessmeier et al. 2016); data_prep/download_pu.py
data/pu/KI14/N15_M07_F04_KI14_7.mat,8714904,Paderborn University KAt-DataCenter (Lessmeier et al. 2016); data_prep/download_pu.py
data/pu/KI14/N15_M07_F04_KI14_8.mat,8715096,Paderborn University KAt-DataCenter (Lessmeier et al. 2016); data_prep/download_pu.py
data/pu/KI14/N15_M07_F04_KI14_9.mat,8737976,Paderborn University KAt-DataCenter (Lessmeier et al. 2016); data_prep/download_pu.py
data/pu/KI14/N15_M07_F10_KI14_1.mat,8714904,Paderborn University KAt-DataCenter (Lessmeier et al. 2016); data_prep/download_pu.py
data/pu/KI14/N15_M07_F10_KI14_10.mat,8851512,Paderborn University KAt-DataCenter (Lessmeier et al. 2016); data_prep/download_pu.py
data/pu/KI14/N15_M07_F10_KI14_11.mat,8714904,Paderborn University KAt-DataCenter (Lessmeier et al. 2016); data_prep/download_pu.py
data/pu/KI14/N15_M07_F10_KI14_12.mat,8714904,Paderborn University KAt-DataCenter (Lessmeier et al. 2016); data_prep/download_pu.py
data/pu/KI14/N15_M07_F10_KI14_13.mat,8714904,Paderborn University KAt-DataCenter (Lessmeier et al. 2016); data_prep/download_pu.py
data/pu/KI14/N15_M07_F10_KI14_14.mat,8714904,Paderborn University KAt-DataCenter (Lessmeier et al. 2016); data_prep/download_pu.py
data/pu/KI14/N15_M07_F10_KI14_15.mat,8717704,Paderborn University KAt-DataCenter (Lessmeier et al. 2016); data_prep/download_pu.py
data/pu/KI14/N15_M07_F10_KI14_16.mat,8714936,Paderborn University KAt-DataCenter (Lessmeier et al. 2016); data_prep/download_pu.py
data/pu/KI14/N15_M07_F10_KI14_17.mat,8714872,Paderborn University KAt-DataCenter (Lessmeier et al. 2016); data_prep/download_pu.py
data/pu/KI14/N15_M07_F10_KI14_18.mat,9027832,Paderborn University KAt-DataCenter (Lessmeier et al. 2016); data_prep/download_pu.py
data/pu/KI14/N15_M07_F10_KI14_19.mat,8714936,Paderborn University KAt-DataCenter (Lessmeier et al. 2016); data_prep/download_pu.py
data/pu/KI14/N15_M07_F10_KI14_2.mat,8714904,Paderborn University KAt-DataCenter (Lessmeier et al. 2016); data_prep/download_pu.py
data/pu/KI14/N15_M07_F10_KI14_20.mat,9295960,Paderborn University KAt-DataCenter (Lessmeier et al. 2016); data_prep/download_pu.py
data/pu/KI14/N15_M07_F10_KI14_3.mat,8715032,Paderborn University KAt-DataCenter (Lessmeier et al. 2016); data_prep/download_pu.py
data/pu/KI14/N15_M07_F10_KI14_4.mat,8727288,Paderborn University KAt-DataCenter (Lessmeier et al. 2016); data_prep/download_pu.py
data/pu/KI14/N15_M07_F10_KI14_5.mat,8714904,Paderborn University KAt-DataCenter (Lessmeier et al. 2016); data_prep/download_pu.py
data/pu/KI14/N15_M07_F10_KI14_6.mat,8714904,Paderborn University KAt-DataCenter (Lessmeier et al. 2016); data_prep/download_pu.py
data/pu/KI14/N15_M07_F10_KI14_7.mat,8714904,Paderborn University KAt-DataCenter (Lessmeier et al. 2016); data_prep/download_pu.py
data/pu/KI14/N15_M07_F10_KI14_8.mat,8714904,Paderborn University KAt-DataCenter (Lessmeier et al. 2016); data_prep/download_pu.py
data/pu/KI14/N15_M07_F10_KI14_9.mat,8714904,Paderborn University KAt-DataCenter (Lessmeier et al. 2016); data_prep/download_pu.py
data/pu/KI16/KI16.pdf,56374,Paderborn University KAt-DataCenter (Lessmeier et al. 2016); data_prep/download_pu.py
data/pu/KI16/measuring_log_KI16.pdf,139098,Paderborn University KAt-DataCenter (Lessmeier et al. 2016); data_prep/download_pu.py
data/pu/KI16/N09_M07_F10_KI16_1.mat,8714904,Paderborn University KAt-DataCenter (Lessmeier et al. 2016); data_prep/download_pu.py
data/pu/KI16/N09_M07_F10_KI16_10.mat,8714872,Paderborn University KAt-DataCenter (Lessmeier et al. 2016); data_prep/download_pu.py
data/pu/KI16/N09_M07_F10_KI16_11.mat,8714904,Paderborn University KAt-DataCenter (Lessmeier et al. 2016); data_prep/download_pu.py
data/pu/KI16/N09_M07_F10_KI16_12.mat,8714904,Paderborn University KAt-DataCenter (Lessmeier et al. 2016); data_prep/download_pu.py
data/pu/KI16/N09_M07_F10_KI16_13.mat,8718648,Paderborn University KAt-DataCenter (Lessmeier et al. 2016); data_prep/download_pu.py
data/pu/KI16/N09_M07_F10_KI16_14.mat,8714904,Paderborn University KAt-DataCenter (Lessmeier et al. 2016); data_prep/download_pu.py
data/pu/KI16/N09_M07_F10_KI16_15.mat,8715064,Paderborn University KAt-DataCenter (Lessmeier et al. 2016); data_prep/download_pu.py
data/pu/KI16/N09_M07_F10_KI16_16.mat,8714872,Paderborn University KAt-DataCenter (Lessmeier et al. 2016); data_prep/download_pu.py
data/pu/KI16/N09_M07_F10_KI16_17.mat,8714904,Paderborn University KAt-DataCenter (Lessmeier et al. 2016); data_prep/download_pu.py
data/pu/KI16/N09_M07_F10_KI16_18.mat,8714904,Paderborn University KAt-DataCenter (Lessmeier et al. 2016); data_prep/download_pu.py
data/pu/KI16/N09_M07_F10_KI16_19.mat,8714904,Paderborn University KAt-DataCenter (Lessmeier et al. 2016); data_prep/download_pu.py
data/pu/KI16/N09_M07_F10_KI16_2.mat,8714904,Paderborn University KAt-DataCenter (Lessmeier et al. 2016); data_prep/download_pu.py
data/pu/KI16/N09_M07_F10_KI16_20.mat,8714872,Paderborn University KAt-DataCenter (Lessmeier et al. 2016); data_prep/download_pu.py
data/pu/KI16/N09_M07_F10_KI16_3.mat,8714904,Paderborn University KAt-DataCenter (Lessmeier et al. 2016); data_prep/download_pu.py
data/pu/KI16/N09_M07_F10_KI16_4.mat,8714904,Paderborn University KAt-DataCenter (Lessmeier et al. 2016); data_prep/download_pu.py
data/pu/KI16/N09_M07_F10_KI16_5.mat,8714904,Paderborn University KAt-DataCenter (Lessmeier et al. 2016); data_prep/download_pu.py
data/pu/KI16/N09_M07_F10_KI16_6.mat,8717992,Paderborn University KAt-DataCenter (Lessmeier et al. 2016); data_prep/download_pu.py
data/pu/KI16/N09_M07_F10_KI16_7.mat,8714872,Paderborn University KAt-DataCenter (Lessmeier et al. 2016); data_prep/download_pu.py
data/pu/KI16/N09_M07_F10_KI16_8.mat,8714872,Paderborn University KAt-DataCenter (Lessmeier et al. 2016); data_prep/download_pu.py
data/pu/KI16/N09_M07_F10_KI16_9.mat,8717952,Paderborn University KAt-DataCenter (Lessmeier et al. 2016); data_prep/download_pu.py
data/pu/KI16/N15_M01_F10_KI16_1.mat,9420120,Paderborn University KAt-DataCenter (Lessmeier et al. 2016); data_prep/download_pu.py
data/pu/KI16/N15_M01_F10_KI16_10.mat,8714904,Paderborn University KAt-DataCenter (Lessmeier et al. 2016); data_prep/download_pu.py
data/pu/KI16/N15_M01_F10_KI16_11.mat,8714904,Paderborn University KAt-DataCenter (Lessmeier et al. 2016); data_prep/download_pu.py
data/pu/KI16/N15_M01_F10_KI16_12.mat,8715000,Paderborn University KAt-DataCenter (Lessmeier et al. 2016); data_prep/download_pu.py
data/pu/KI16/N15_M01_F10_KI16_13.mat,8714904,Paderborn University KAt-DataCenter (Lessmeier et al. 2016); data_prep/download_pu.py
data/pu/KI16/N15_M01_F10_KI16_14.mat,8714904,Paderborn University KAt-DataCenter (Lessmeier et al. 2016); data_prep/download_pu.py
data/pu/KI16/N15_M01_F10_KI16_15.mat,8714936,Paderborn University KAt-DataCenter (Lessmeier et al. 2016); data_prep/download_pu.py
data/pu/KI16/N15_M01_F10_KI16_16.mat,8714936,Paderborn University KAt-DataCenter (Lessmeier et al. 2016); data_prep/download_pu.py
data/pu/KI16/N15_M01_F10_KI16_17.mat,8714904,Paderborn University KAt-DataCenter (Lessmeier et al. 2016); data_prep/download_pu.py
data/pu/KI16/N15_M01_F10_KI16_18.mat,8714904,Paderborn University KAt-DataCenter (Lessmeier et al. 2016); data_prep/download_pu.py
data/pu/KI16/N15_M01_F10_KI16_19.mat,8714904,Paderborn University KAt-DataCenter (Lessmeier et al. 2016); data_prep/download_pu.py
data/pu/KI16/N15_M01_F10_KI16_2.mat,8714936,Paderborn University KAt-DataCenter (Lessmeier et al. 2016); data_prep/download_pu.py
data/pu/KI16/N15_M01_F10_KI16_20.mat,8714904,Paderborn University KAt-DataCenter (Lessmeier et al. 2016); data_prep/download_pu.py
data/pu/KI16/N15_M01_F10_KI16_3.mat,9421336,Paderborn University KAt-DataCenter (Lessmeier et al. 2016); data_prep/download_pu.py
data/pu/KI16/N15_M01_F10_KI16_4.mat,10178192,Paderborn University KAt-DataCenter (Lessmeier et al. 2016); data_prep/download_pu.py
data/pu/KI16/N15_M01_F10_KI16_5.mat,8714904,Paderborn University KAt-DataCenter (Lessmeier et al. 2016); data_prep/download_pu.py
data/pu/KI16/N15_M01_F10_KI16_6.mat,8714872,Paderborn University KAt-DataCenter (Lessmeier et al. 2016); data_prep/download_pu.py
data/pu/KI16/N15_M01_F10_KI16_7.mat,8714904,Paderborn University KAt-DataCenter (Lessmeier et al. 2016); data_prep/download_pu.py
data/pu/KI16/N15_M01_F10_KI16_8.mat,8762008,Paderborn University KAt-DataCenter (Lessmeier et al. 2016); data_prep/download_pu.py
data/pu/KI16/N15_M01_F10_KI16_9.mat,8714968,Paderborn University KAt-DataCenter (Lessmeier et al. 2016); data_prep/download_pu.py
data/pu/KI16/N15_M07_F04_KI16_1.mat,9771288,Paderborn University KAt-DataCenter (Lessmeier et al. 2016); data_prep/download_pu.py
data/pu/KI16/N15_M07_F04_KI16_10.mat,8714904,Paderborn University KAt-DataCenter (Lessmeier et al. 2016); data_prep/download_pu.py
data/pu/KI16/N15_M07_F04_KI16_11.mat,8714936,Paderborn University KAt-DataCenter (Lessmeier et al. 2016); data_prep/download_pu.py
data/pu/KI16/N15_M07_F04_KI16_12.mat,8741080,Paderborn University KAt-DataCenter (Lessmeier et al. 2016); data_prep/download_pu.py
data/pu/KI16/N15_M07_F04_KI16_13.mat,8717736,Paderborn University KAt-DataCenter (Lessmeier et al. 2016); data_prep/download_pu.py
data/pu/KI16/N15_M07_F04_KI16_14.mat,8714968,Paderborn University KAt-DataCenter (Lessmeier et al. 2016); data_prep/download_pu.py
data/pu/KI16/N15_M07_F04_KI16_15.mat,8714968,Paderborn University KAt-DataCenter (Lessmeier et al. 2016); data_prep/download_pu.py
data/pu/KI16/N15_M07_F04_KI16_16.mat,9725048,Paderborn University KAt-DataCenter (Lessmeier et al. 2016); data_prep/download_pu.py
data/pu/KI16/N15_M07_F04_KI16_17.mat,8759128,Paderborn University KAt-DataCenter (Lessmeier et al. 2016); data_prep/download_pu.py
data/pu/KI16/N15_M07_F04_KI16_18.mat,8854360,Paderborn University KAt-DataCenter (Lessmeier et al. 2016); data_prep/download_pu.py
data/pu/KI16/N15_M07_F04_KI16_19.mat,8714872,Paderborn University KAt-DataCenter (Lessmeier et al. 2016); data_prep/download_pu.py
data/pu/KI16/N15_M07_F04_KI16_2.mat,8714936,Paderborn University KAt-DataCenter (Lessmeier et al. 2016); data_prep/download_pu.py
data/pu/KI16/N15_M07_F04_KI16_20.mat,8714904,Paderborn University KAt-DataCenter (Lessmeier et al. 2016); data_prep/download_pu.py
data/pu/KI16/N15_M07_F04_KI16_3.mat,8714904,Paderborn University KAt-DataCenter (Lessmeier et al. 2016); data_prep/download_pu.py
data/pu/KI16/N15_M07_F04_KI16_4.mat,8844760,Paderborn University KAt-DataCenter (Lessmeier et al. 2016); data_prep/download_pu.py
data/pu/KI16/N15_M07_F04_KI16_5.mat,8714936,Paderborn University KAt-DataCenter (Lessmeier et al. 2016); data_prep/download_pu.py
data/pu/KI16/N15_M07_F04_KI16_6.mat,8717704,Paderborn University KAt-DataCenter (Lessmeier et al. 2016); data_prep/download_pu.py
data/pu/KI16/N15_M07_F04_KI16_7.mat,8714936,Paderborn University KAt-DataCenter (Lessmeier et al. 2016); data_prep/download_pu.py
data/pu/KI16/N15_M07_F04_KI16_8.mat,8714840,Paderborn University KAt-DataCenter (Lessmeier et al. 2016); data_prep/download_pu.py
data/pu/KI16/N15_M07_F04_KI16_9.mat,8714904,Paderborn University KAt-DataCenter (Lessmeier et al. 2016); data_prep/download_pu.py
data/pu/KI16/N15_M07_F10_KI16_1.mat,8714904,Paderborn University KAt-DataCenter (Lessmeier et al. 2016); data_prep/download_pu.py
data/pu/KI16/N15_M07_F10_KI16_10.mat,8717800,Paderborn University KAt-DataCenter (Lessmeier et al. 2016); data_prep/download_pu.py
data/pu/KI16/N15_M07_F10_KI16_11.mat,8714872,Paderborn University KAt-DataCenter (Lessmeier et al. 2016); data_prep/download_pu.py
data/pu/KI16/N15_M07_F10_KI16_12.mat,8714968,Paderborn University KAt-DataCenter (Lessmeier et al. 2016); data_prep/download_pu.py
data/pu/KI16/N15_M07_F10_KI16_13.mat,8714904,Paderborn University KAt-DataCenter (Lessmeier et al. 2016); data_prep/download_pu.py
data/pu/KI16/N15_M07_F10_KI16_14.mat,8714904,Paderborn University KAt-DataCenter (Lessmeier et al. 2016); data_prep/download_pu.py
data/pu/KI16/N15_M07_F10_KI16_15.mat,8717960,Paderborn University KAt-DataCenter (Lessmeier et al. 2016); data_prep/download_pu.py
data/pu/KI16/N15_M07_F10_KI16_16.mat,8714968,Paderborn University KAt-DataCenter (Lessmeier et al. 2016); data_prep/download_pu.py
data/pu/KI16/N15_M07_F10_KI16_17.mat,8724664,Paderborn University KAt-DataCenter (Lessmeier et al. 2016); data_prep/download_pu.py
data/pu/KI16/N15_M07_F10_KI16_18.mat,8715032,Paderborn University KAt-DataCenter (Lessmeier et al. 2016); data_prep/download_pu.py
data/pu/KI16/N15_M07_F10_KI16_19.mat,8714904,Paderborn University KAt-DataCenter (Lessmeier et al. 2016); data_prep/download_pu.py
data/pu/KI16/N15_M07_F10_KI16_2.mat,8714872,Paderborn University KAt-DataCenter (Lessmeier et al. 2016); data_prep/download_pu.py
data/pu/KI16/N15_M07_F10_KI16_20.mat,8714968,Paderborn University KAt-DataCenter (Lessmeier et al. 2016); data_prep/download_pu.py
data/pu/KI16/N15_M07_F10_KI16_3.mat,8714936,Paderborn University KAt-DataCenter (Lessmeier et al. 2016); data_prep/download_pu.py
data/pu/KI16/N15_M07_F10_KI16_4.mat,8714904,Paderborn University KAt-DataCenter (Lessmeier et al. 2016); data_prep/download_pu.py
data/pu/KI16/N15_M07_F10_KI16_5.mat,8714904,Paderborn University KAt-DataCenter (Lessmeier et al. 2016); data_prep/download_pu.py
data/pu/KI16/N15_M07_F10_KI16_6.mat,8714872,Paderborn University KAt-DataCenter (Lessmeier et al. 2016); data_prep/download_pu.py
data/pu/KI16/N15_M07_F10_KI16_7.mat,8714904,Paderborn University KAt-DataCenter (Lessmeier et al. 2016); data_prep/download_pu.py
data/pu/KI16/N15_M07_F10_KI16_8.mat,8714904,Paderborn University KAt-DataCenter (Lessmeier et al. 2016); data_prep/download_pu.py
data/pu/KI16/N15_M07_F10_KI16_9.mat,9331472,Paderborn University KAt-DataCenter (Lessmeier et al. 2016); data_prep/download_pu.py
data/pu/KI17/KI17.pdf,56280,Paderborn University KAt-DataCenter (Lessmeier et al. 2016); data_prep/download_pu.py
data/pu/KI17/measuring_log_KI17.pdf,139042,Paderborn University KAt-DataCenter (Lessmeier et al. 2016); data_prep/download_pu.py
data/pu/KI17/N09_M07_F10_KI17_1.mat,8714904,Paderborn University KAt-DataCenter (Lessmeier et al. 2016); data_prep/download_pu.py
data/pu/KI17/N09_M07_F10_KI17_10.mat,9212792,Paderborn University KAt-DataCenter (Lessmeier et al. 2016); data_prep/download_pu.py
data/pu/KI17/N09_M07_F10_KI17_11.mat,8715000,Paderborn University KAt-DataCenter (Lessmeier et al. 2016); data_prep/download_pu.py
data/pu/KI17/N09_M07_F10_KI17_12.mat,8714904,Paderborn University KAt-DataCenter (Lessmeier et al. 2016); data_prep/download_pu.py
data/pu/KI17/N09_M07_F10_KI17_13.mat,8714968,Paderborn University KAt-DataCenter (Lessmeier et al. 2016); data_prep/download_pu.py
data/pu/KI17/N09_M07_F10_KI17_14.mat,8714904,Paderborn University KAt-DataCenter (Lessmeier et al. 2016); data_prep/download_pu.py
data/pu/KI17/N09_M07_F10_KI17_15.mat,8714904,Paderborn University KAt-DataCenter (Lessmeier et al. 2016); data_prep/download_pu.py
data/pu/KI17/N09_M07_F10_KI17_16.mat,8714872,Paderborn University KAt-DataCenter (Lessmeier et al. 2016); data_prep/download_pu.py
data/pu/KI17/N09_M07_F10_KI17_17.mat,8714936,Paderborn University KAt-DataCenter (Lessmeier et al. 2016); data_prep/download_pu.py
data/pu/KI17/N09_M07_F10_KI17_18.mat,8714936,Paderborn University KAt-DataCenter (Lessmeier et al. 2016); data_prep/download_pu.py
data/pu/KI17/N09_M07_F10_KI17_19.mat,8714872,Paderborn University KAt-DataCenter (Lessmeier et al. 2016); data_prep/download_pu.py
data/pu/KI17/N09_M07_F10_KI17_2.mat,8714872,Paderborn University KAt-DataCenter (Lessmeier et al. 2016); data_prep/download_pu.py
data/pu/KI17/N09_M07_F10_KI17_20.mat,8714904,Paderborn University KAt-DataCenter (Lessmeier et al. 2016); data_prep/download_pu.py
data/pu/KI17/N09_M07_F10_KI17_3.mat,8714872,Paderborn University KAt-DataCenter (Lessmeier et al. 2016); data_prep/download_pu.py
data/pu/KI17/N09_M07_F10_KI17_4.mat,8714904,Paderborn University KAt-DataCenter (Lessmeier et al. 2016); data_prep/download_pu.py
data/pu/KI17/N09_M07_F10_KI17_5.mat,8714872,Paderborn University KAt-DataCenter (Lessmeier et al. 2016); data_prep/download_pu.py
data/pu/KI17/N09_M07_F10_KI17_6.mat,8715032,Paderborn University KAt-DataCenter (Lessmeier et al. 2016); data_prep/download_pu.py
data/pu/KI17/N09_M07_F10_KI17_7.mat,8714904,Paderborn University KAt-DataCenter (Lessmeier et al. 2016); data_prep/download_pu.py
data/pu/KI17/N09_M07_F10_KI17_8.mat,9336504,Paderborn University KAt-DataCenter (Lessmeier et al. 2016); data_prep/download_pu.py
data/pu/KI17/N09_M07_F10_KI17_9.mat,8714904,Paderborn University KAt-DataCenter (Lessmeier et al. 2016); data_prep/download_pu.py
data/pu/KI17/N15_M01_F10_KI17_1.mat,8714904,Paderborn University KAt-DataCenter (Lessmeier et al. 2016); data_prep/download_pu.py
data/pu/KI17/N15_M01_F10_KI17_10.mat,9421368,Paderborn University KAt-DataCenter (Lessmeier et al. 2016); data_prep/download_pu.py
data/pu/KI17/N15_M01_F10_KI17_11.mat,8714904,Paderborn University KAt-DataCenter (Lessmeier et al. 2016); data_prep/download_pu.py
data/pu/KI17/N15_M01_F10_KI17_12.mat,8714872,Paderborn University KAt-DataCenter (Lessmeier et al. 2016); data_prep/download_pu.py
data/pu/KI17/N15_M01_F10_KI17_13.mat,8714904,Paderborn University KAt-DataCenter (Lessmeier et al. 2016); data_prep/download_pu.py
data/pu/KI17/N15_M01_F10_KI17_14.mat,8714904,Paderborn University KAt-DataCenter (Lessmeier et al. 2016); data_prep/download_pu.py
data/pu/KI17/N15_M01_F10_KI17_15.mat,8714872,Paderborn University KAt-DataCenter (Lessmeier et al. 2016); data_prep/download_pu.py
data/pu/KI17/N15_M01_F10_KI17_16.mat,8714904,Paderborn University KAt-DataCenter (Lessmeier et al. 2016); data_prep/download_pu.py
data/pu/KI17/N15_M01_F10_KI17_17.mat,8714904,Paderborn University KAt-DataCenter (Lessmeier et al. 2016); data_prep/download_pu.py
data/pu/KI17/N15_M01_F10_KI17_18.mat,8714968,Paderborn University KAt-DataCenter (Lessmeier et al. 2016); data_prep/download_pu.py
data/pu/KI17/N15_M01_F10_KI17_19.mat,9248344,Paderborn University KAt-DataCenter (Lessmeier et al. 2016); data_prep/download_pu.py
data/pu/KI17/N15_M01_F10_KI17_2.mat,8714904,Paderborn University KAt-DataCenter (Lessmeier et al. 2016); data_prep/download_pu.py
data/pu/KI17/N15_M01_F10_KI17_20.mat,8714936,Paderborn University KAt-DataCenter (Lessmeier et al. 2016); data_prep/download_pu.py
data/pu/KI17/N15_M01_F10_KI17_3.mat,8714872,Paderborn University KAt-DataCenter (Lessmeier et al. 2016); data_prep/download_pu.py
data/pu/KI17/N15_M01_F10_KI17_4.mat,8714872,Paderborn University KAt-DataCenter (Lessmeier et al. 2016); data_prep/download_pu.py
data/pu/KI17/N15_M01_F10_KI17_5.mat,8714904,Paderborn University KAt-DataCenter (Lessmeier et al. 2016); data_prep/download_pu.py
data/pu/KI17/N15_M01_F10_KI17_6.mat,8796280,Paderborn University KAt-DataCenter (Lessmeier et al. 2016); data_prep/download_pu.py
data/pu/KI17/N15_M01_F10_KI17_7.mat,8714936,Paderborn University KAt-DataCenter (Lessmeier et al. 2016); data_prep/download_pu.py
data/pu/KI17/N15_M01_F10_KI17_8.mat,8768152,Paderborn University KAt-DataCenter (Lessmeier et al. 2016); data_prep/download_pu.py
data/pu/KI17/N15_M01_F10_KI17_9.mat,8714904,Paderborn University KAt-DataCenter (Lessmeier et al. 2016); data_prep/download_pu.py
data/pu/KI17/N15_M07_F04_KI17_1.mat,8714904,Paderborn University KAt-DataCenter (Lessmeier et al. 2016); data_prep/download_pu.py
data/pu/KI17/N15_M07_F04_KI17_10.mat,8714904,Paderborn University KAt-DataCenter (Lessmeier et al. 2016); data_prep/download_pu.py
data/pu/KI17/N15_M07_F04_KI17_11.mat,8714904,Paderborn University KAt-DataCenter (Lessmeier et al. 2016); data_prep/download_pu.py
data/pu/KI17/N15_M07_F04_KI17_12.mat,8714872,Paderborn University KAt-DataCenter (Lessmeier et al. 2016); data_prep/download_pu.py
data/pu/KI17/N15_M07_F04_KI17_13.mat,8714904,Paderborn University KAt-DataCenter (Lessmeier et al. 2016); data_prep/download_pu.py
data/pu/KI17/N15_M07_F04_KI17_14.mat,8714968,Paderborn University KAt-DataCenter (Lessmeier et al. 2016); data_prep/download_pu.py
data/pu/KI17/N15_M07_F04_KI17_15.mat,8782584,Paderborn University KAt-DataCenter (Lessmeier et al. 2016); data_prep/download_pu.py
data/pu/KI17/N15_M07_F04_KI17_16.mat,8714936,Paderborn University KAt-DataCenter (Lessmeier et al. 2016); data_prep/download_pu.py
data/pu/KI17/N15_M07_F04_KI17_17.mat,8714968,Paderborn University KAt-DataCenter (Lessmeier et al. 2016); data_prep/download_pu.py
data/pu/KI17/N15_M07_F04_KI17_18.mat,8714904,Paderborn University KAt-DataCenter (Lessmeier et al. 2016); data_prep/download_pu.py
data/pu/KI17/N15_M07_F04_KI17_19.mat,8714872,Paderborn University KAt-DataCenter (Lessmeier et al. 2016); data_prep/download_pu.py
data/pu/KI17/N15_M07_F04_KI17_2.mat,8714904,Paderborn University KAt-DataCenter (Lessmeier et al. 2016); data_prep/download_pu.py
data/pu/KI17/N15_M07_F04_KI17_20.mat,8714904,Paderborn University KAt-DataCenter (Lessmeier et al. 2016); data_prep/download_pu.py
data/pu/KI17/N15_M07_F04_KI17_3.mat,9363896,Paderborn University KAt-DataCenter (Lessmeier et al. 2016); data_prep/download_pu.py
data/pu/KI17/N15_M07_F04_KI17_4.mat,8714904,Paderborn University KAt-DataCenter (Lessmeier et al. 2016); data_prep/download_pu.py
data/pu/KI17/N15_M07_F04_KI17_5.mat,8714904,Paderborn University KAt-DataCenter (Lessmeier et al. 2016); data_prep/download_pu.py
data/pu/KI17/N15_M07_F04_KI17_6.mat,8714904,Paderborn University KAt-DataCenter (Lessmeier et al. 2016); data_prep/download_pu.py
data/pu/KI17/N15_M07_F04_KI17_7.mat,8714904,Paderborn University KAt-DataCenter (Lessmeier et al. 2016); data_prep/download_pu.py
data/pu/KI17/N15_M07_F04_KI17_8.mat,8714872,Paderborn University KAt-DataCenter (Lessmeier et al. 2016); data_prep/download_pu.py
data/pu/KI17/N15_M07_F04_KI17_9.mat,8714904,Paderborn University KAt-DataCenter (Lessmeier et al. 2016); data_prep/download_pu.py
data/pu/KI17/N15_M07_F10_KI17_1.mat,8897720,Paderborn University KAt-DataCenter (Lessmeier et al. 2016); data_prep/download_pu.py
data/pu/KI17/N15_M07_F10_KI17_10.mat,8714808,Paderborn University KAt-DataCenter (Lessmeier et al. 2016); data_prep/download_pu.py
data/pu/KI17/N15_M07_F10_KI17_11.mat,8714936,Paderborn University KAt-DataCenter (Lessmeier et al. 2016); data_prep/download_pu.py
data/pu/KI17/N15_M07_F10_KI17_12.mat,8714904,Paderborn University KAt-DataCenter (Lessmeier et al. 2016); data_prep/download_pu.py
data/pu/KI17/N15_M07_F10_KI17_13.mat,8714904,Paderborn University KAt-DataCenter (Lessmeier et al. 2016); data_prep/download_pu.py
data/pu/KI17/N15_M07_F10_KI17_14.mat,8714872,Paderborn University KAt-DataCenter (Lessmeier et al. 2016); data_prep/download_pu.py
data/pu/KI17/N15_M07_F10_KI17_15.mat,8714936,Paderborn University KAt-DataCenter (Lessmeier et al. 2016); data_prep/download_pu.py
data/pu/KI17/N15_M07_F10_KI17_16.mat,8714872,Paderborn University KAt-DataCenter (Lessmeier et al. 2016); data_prep/download_pu.py
data/pu/KI17/N15_M07_F10_KI17_17.mat,8714872,Paderborn University KAt-DataCenter (Lessmeier et al. 2016); data_prep/download_pu.py
data/pu/KI17/N15_M07_F10_KI17_18.mat,8714968,Paderborn University KAt-DataCenter (Lessmeier et al. 2016); data_prep/download_pu.py
data/pu/KI17/N15_M07_F10_KI17_19.mat,8715000,Paderborn University KAt-DataCenter (Lessmeier et al. 2016); data_prep/download_pu.py
data/pu/KI17/N15_M07_F10_KI17_2.mat,8714936,Paderborn University KAt-DataCenter (Lessmeier et al. 2016); data_prep/download_pu.py
data/pu/KI17/N15_M07_F10_KI17_20.mat,8714872,Paderborn University KAt-DataCenter (Lessmeier et al. 2016); data_prep/download_pu.py
data/pu/KI17/N15_M07_F10_KI17_3.mat,8715000,Paderborn University KAt-DataCenter (Lessmeier et al. 2016); data_prep/download_pu.py
data/pu/KI17/N15_M07_F10_KI17_4.mat,8714936,Paderborn University KAt-DataCenter (Lessmeier et al. 2016); data_prep/download_pu.py
data/pu/KI17/N15_M07_F10_KI17_5.mat,8714968,Paderborn University KAt-DataCenter (Lessmeier et al. 2016); data_prep/download_pu.py
data/pu/KI17/N15_M07_F10_KI17_6.mat,8714904,Paderborn University KAt-DataCenter (Lessmeier et al. 2016); data_prep/download_pu.py
data/pu/KI17/N15_M07_F10_KI17_7.mat,8714968,Paderborn University KAt-DataCenter (Lessmeier et al. 2016); data_prep/download_pu.py
data/pu/KI17/N15_M07_F10_KI17_8.mat,8714904,Paderborn University KAt-DataCenter (Lessmeier et al. 2016); data_prep/download_pu.py
data/pu/KI17/N15_M07_F10_KI17_9.mat,8714904,Paderborn University KAt-DataCenter (Lessmeier et al. 2016); data_prep/download_pu.py
data/pu/KI18/KI18.pdf,232205,Paderborn University KAt-DataCenter (Lessmeier et al. 2016); data_prep/download_pu.py
data/pu/KI18/measuring_log_KI18.pdf,139030,Paderborn University KAt-DataCenter (Lessmeier et al. 2016); data_prep/download_pu.py
data/pu/KI18/N09_M07_F10_KI18_1.mat,8714904,Paderborn University KAt-DataCenter (Lessmeier et al. 2016); data_prep/download_pu.py
data/pu/KI18/N09_M07_F10_KI18_10.mat,8714936,Paderborn University KAt-DataCenter (Lessmeier et al. 2016); data_prep/download_pu.py
data/pu/KI18/N09_M07_F10_KI18_11.mat,8714904,Paderborn University KAt-DataCenter (Lessmeier et al. 2016); data_prep/download_pu.py
data/pu/KI18/N09_M07_F10_KI18_12.mat,8714968,Paderborn University KAt-DataCenter (Lessmeier et al. 2016); data_prep/download_pu.py
data/pu/KI18/N09_M07_F10_KI18_13.mat,8715000,Paderborn University KAt-DataCenter (Lessmeier et al. 2016); data_prep/download_pu.py
data/pu/KI18/N09_M07_F10_KI18_14.mat,8714904,Paderborn University KAt-DataCenter (Lessmeier et al. 2016); data_prep/download_pu.py
data/pu/KI18/N09_M07_F10_KI18_15.mat,8714968,Paderborn University KAt-DataCenter (Lessmeier et al. 2016); data_prep/download_pu.py
data/pu/KI18/N09_M07_F10_KI18_16.mat,8715000,Paderborn University KAt-DataCenter (Lessmeier et al. 2016); data_prep/download_pu.py
data/pu/KI18/N09_M07_F10_KI18_17.mat,8714904,Paderborn University KAt-DataCenter (Lessmeier et al. 2016); data_prep/download_pu.py
data/pu/KI18/N09_M07_F10_KI18_18.mat,8714872,Paderborn University KAt-DataCenter (Lessmeier et al. 2016); data_prep/download_pu.py
data/pu/KI18/N09_M07_F10_KI18_19.mat,8714872,Paderborn University KAt-DataCenter (Lessmeier et al. 2016); data_prep/download_pu.py
data/pu/KI18/N09_M07_F10_KI18_2.mat,8714936,Paderborn University KAt-DataCenter (Lessmeier et al. 2016); data_prep/download_pu.py
data/pu/KI18/N09_M07_F10_KI18_20.mat,8714872,Paderborn University KAt-DataCenter (Lessmeier et al. 2016); data_prep/download_pu.py
data/pu/KI18/N09_M07_F10_KI18_3.mat,8714968,Paderborn University KAt-DataCenter (Lessmeier et al. 2016); data_prep/download_pu.py
data/pu/KI18/N09_M07_F10_KI18_4.mat,8714872,Paderborn University KAt-DataCenter (Lessmeier et al. 2016); data_prep/download_pu.py
data/pu/KI18/N09_M07_F10_KI18_5.mat,8714936,Paderborn University KAt-DataCenter (Lessmeier et al. 2016); data_prep/download_pu.py
data/pu/KI18/N09_M07_F10_KI18_6.mat,8714872,Paderborn University KAt-DataCenter (Lessmeier et al. 2016); data_prep/download_pu.py
data/pu/KI18/N09_M07_F10_KI18_7.mat,8714872,Paderborn University KAt-DataCenter (Lessmeier et al. 2016); data_prep/download_pu.py
data/pu/KI18/N09_M07_F10_KI18_8.mat,8714904,Paderborn University KAt-DataCenter (Lessmeier et al. 2016); data_prep/download_pu.py
data/pu/KI18/N09_M07_F10_KI18_9.mat,8913304,Paderborn University KAt-DataCenter (Lessmeier et al. 2016); data_prep/download_pu.py
data/pu/KI18/N15_M01_F10_KI18_1.mat,8714904,Paderborn University KAt-DataCenter (Lessmeier et al. 2016); data_prep/download_pu.py
data/pu/KI18/N15_M01_F10_KI18_10.mat,8714936,Paderborn University KAt-DataCenter (Lessmeier et al. 2016); data_prep/download_pu.py
data/pu/KI18/N15_M01_F10_KI18_11.mat,8714936,Paderborn University KAt-DataCenter (Lessmeier et al. 2016); data_prep/download_pu.py
data/pu/KI18/N15_M01_F10_KI18_12.mat,8714872,Paderborn University KAt-DataCenter (Lessmeier et al. 2016); data_prep/download_pu.py
data/pu/KI18/N15_M01_F10_KI18_13.mat,8714936,Paderborn University KAt-DataCenter (Lessmeier et al. 2016); data_prep/download_pu.py
data/pu/KI18/N15_M01_F10_KI18_14.mat,8714936,Paderborn University KAt-DataCenter (Lessmeier et al. 2016); data_prep/download_pu.py
data/pu/KI18/N15_M01_F10_KI18_15.mat,8714872,Paderborn University KAt-DataCenter (Lessmeier et al. 2016); data_prep/download_pu.py
data/pu/KI18/N15_M01_F10_KI18_16.mat,8714904,Paderborn University KAt-DataCenter (Lessmeier et al. 2016); data_prep/download_pu.py
data/pu/KI18/N15_M01_F10_KI18_17.mat,8714872,Paderborn University KAt-DataCenter (Lessmeier et al. 2016); data_prep/download_pu.py
data/pu/KI18/N15_M01_F10_KI18_18.mat,8714904,Paderborn University KAt-DataCenter (Lessmeier et al. 2016); data_prep/download_pu.py
data/pu/KI18/N15_M01_F10_KI18_19.mat,8714936,Paderborn University KAt-DataCenter (Lessmeier et al. 2016); data_prep/download_pu.py
data/pu/KI18/N15_M01_F10_KI18_2.mat,8714872,Paderborn University KAt-DataCenter (Lessmeier et al. 2016); data_prep/download_pu.py
data/pu/KI18/N15_M01_F10_KI18_20.mat,8714776,Paderborn University KAt-DataCenter (Lessmeier et al. 2016); data_prep/download_pu.py
data/pu/KI18/N15_M01_F10_KI18_3.mat,8714968,Paderborn University KAt-DataCenter (Lessmeier et al. 2016); data_prep/download_pu.py
data/pu/KI18/N15_M01_F10_KI18_4.mat,8714904,Paderborn University KAt-DataCenter (Lessmeier et al. 2016); data_prep/download_pu.py
data/pu/KI18/N15_M01_F10_KI18_5.mat,8714904,Paderborn University KAt-DataCenter (Lessmeier et al. 2016); data_prep/download_pu.py
data/pu/KI18/N15_M01_F10_KI18_6.mat,8714872,Paderborn University KAt-DataCenter (Lessmeier et al. 2016); data_prep/download_pu.py
data/pu/KI18/N15_M01_F10_KI18_7.mat,8714872,Paderborn University KAt-DataCenter (Lessmeier et al. 2016); data_prep/download_pu.py
data/pu/KI18/N15_M01_F10_KI18_8.mat,8714936,Paderborn University KAt-DataCenter (Lessmeier et al. 2016); data_prep/download_pu.py
data/pu/KI18/N15_M01_F10_KI18_9.mat,8714872,Paderborn University KAt-DataCenter (Lessmeier et al. 2016); data_prep/download_pu.py
data/pu/KI18/N15_M07_F04_KI18_1.mat,9401592,Paderborn University KAt-DataCenter (Lessmeier et al. 2016); data_prep/download_pu.py
data/pu/KI18/N15_M07_F04_KI18_10.mat,8714936,Paderborn University KAt-DataCenter (Lessmeier et al. 2016); data_prep/download_pu.py
data/pu/KI18/N15_M07_F04_KI18_11.mat,8714904,Paderborn University KAt-DataCenter (Lessmeier et al. 2016); data_prep/download_pu.py
data/pu/KI18/N15_M07_F04_KI18_12.mat,8714904,Paderborn University KAt-DataCenter (Lessmeier et al. 2016); data_prep/download_pu.py
data/pu/KI18/N15_M07_F04_KI18_13.mat,8714840,Paderborn University KAt-DataCenter (Lessmeier et al. 2016); data_prep/download_pu.py
data/pu/KI18/N15_M07_F04_KI18_14.mat,8714904,Paderborn University KAt-DataCenter (Lessmeier et al. 2016); data_prep/download_pu.py
data/pu/KI18/N15_M07_F04_KI18_15.mat,8714904,Paderborn University KAt-DataCenter (Lessmeier et al. 2016); data_prep/download_pu.py
data/pu/KI18/N15_M07_F04_KI18_16.mat,8714936,Paderborn University KAt-DataCenter (Lessmeier et al. 2016); data_prep/download_pu.py
data/pu/KI18/N15_M07_F04_KI18_17.mat,8714872,Paderborn University KAt-DataCenter (Lessmeier et al. 2016); data_prep/download_pu.py
data/pu/KI18/N15_M07_F04_KI18_18.mat,8714904,Paderborn University KAt-DataCenter (Lessmeier et al. 2016); data_prep/download_pu.py
data/pu/KI18/N15_M07_F04_KI18_19.mat,8891288,Paderborn University KAt-DataCenter (Lessmeier et al. 2016); data_prep/download_pu.py
data/pu/KI18/N15_M07_F04_KI18_2.mat,8714904,Paderborn University KAt-DataCenter (Lessmeier et al. 2016); data_prep/download_pu.py
data/pu/KI18/N15_M07_F04_KI18_20.mat,8714904,Paderborn University KAt-DataCenter (Lessmeier et al. 2016); data_prep/download_pu.py
data/pu/KI18/N15_M07_F04_KI18_3.mat,8715000,Paderborn University KAt-DataCenter (Lessmeier et al. 2016); data_prep/download_pu.py
data/pu/KI18/N15_M07_F04_KI18_4.mat,8714968,Paderborn University KAt-DataCenter (Lessmeier et al. 2016); data_prep/download_pu.py
data/pu/KI18/N15_M07_F04_KI18_5.mat,8717784,Paderborn University KAt-DataCenter (Lessmeier et al. 2016); data_prep/download_pu.py
data/pu/KI18/N15_M07_F04_KI18_6.mat,8714968,Paderborn University KAt-DataCenter (Lessmeier et al. 2016); data_prep/download_pu.py
data/pu/KI18/N15_M07_F04_KI18_7.mat,8714840,Paderborn University KAt-DataCenter (Lessmeier et al. 2016); data_prep/download_pu.py
data/pu/KI18/N15_M07_F04_KI18_8.mat,8714904,Paderborn University KAt-DataCenter (Lessmeier et al. 2016); data_prep/download_pu.py
data/pu/KI18/N15_M07_F04_KI18_9.mat,8714936,Paderborn University KAt-DataCenter (Lessmeier et al. 2016); data_prep/download_pu.py
data/pu/KI18/N15_M07_F10_KI18_1.mat,8714904,Paderborn University KAt-DataCenter (Lessmeier et al. 2016); data_prep/download_pu.py
data/pu/KI18/N15_M07_F10_KI18_10.mat,8714904,Paderborn University KAt-DataCenter (Lessmeier et al. 2016); data_prep/download_pu.py
data/pu/KI18/N15_M07_F10_KI18_11.mat,8714968,Paderborn University KAt-DataCenter (Lessmeier et al. 2016); data_prep/download_pu.py
data/pu/KI18/N15_M07_F10_KI18_12.mat,8714936,Paderborn University KAt-DataCenter (Lessmeier et al. 2016); data_prep/download_pu.py
data/pu/KI18/N15_M07_F10_KI18_13.mat,8714968,Paderborn University KAt-DataCenter (Lessmeier et al. 2016); data_prep/download_pu.py
data/pu/KI18/N15_M07_F10_KI18_14.mat,8714904,Paderborn University KAt-DataCenter (Lessmeier et al. 2016); data_prep/download_pu.py
data/pu/KI18/N15_M07_F10_KI18_15.mat,8714936,Paderborn University KAt-DataCenter (Lessmeier et al. 2016); data_prep/download_pu.py
data/pu/KI18/N15_M07_F10_KI18_16.mat,8714904,Paderborn University KAt-DataCenter (Lessmeier et al. 2016); data_prep/download_pu.py
data/pu/KI18/N15_M07_F10_KI18_17.mat,8714872,Paderborn University KAt-DataCenter (Lessmeier et al. 2016); data_prep/download_pu.py
data/pu/KI18/N15_M07_F10_KI18_18.mat,8714904,Paderborn University KAt-DataCenter (Lessmeier et al. 2016); data_prep/download_pu.py
data/pu/KI18/N15_M07_F10_KI18_19.mat,8714872,Paderborn University KAt-DataCenter (Lessmeier et al. 2016); data_prep/download_pu.py
data/pu/KI18/N15_M07_F10_KI18_2.mat,8714904,Paderborn University KAt-DataCenter (Lessmeier et al. 2016); data_prep/download_pu.py
data/pu/KI18/N15_M07_F10_KI18_20.mat,8714904,Paderborn University KAt-DataCenter (Lessmeier et al. 2016); data_prep/download_pu.py
data/pu/KI18/N15_M07_F10_KI18_3.mat,8714872,Paderborn University KAt-DataCenter (Lessmeier et al. 2016); data_prep/download_pu.py
data/pu/KI18/N15_M07_F10_KI18_4.mat,8714904,Paderborn University KAt-DataCenter (Lessmeier et al. 2016); data_prep/download_pu.py
data/pu/KI18/N15_M07_F10_KI18_5.mat,8714872,Paderborn University KAt-DataCenter (Lessmeier et al. 2016); data_prep/download_pu.py
data/pu/KI18/N15_M07_F10_KI18_6.mat,8714904,Paderborn University KAt-DataCenter (Lessmeier et al. 2016); data_prep/download_pu.py
data/pu/KI18/N15_M07_F10_KI18_7.mat,8714904,Paderborn University KAt-DataCenter (Lessmeier et al. 2016); data_prep/download_pu.py
data/pu/KI18/N15_M07_F10_KI18_8.mat,8714904,Paderborn University KAt-DataCenter (Lessmeier et al. 2016); data_prep/download_pu.py
data/pu/KI18/N15_M07_F10_KI18_9.mat,8714904,Paderborn University KAt-DataCenter (Lessmeier et al. 2016); data_prep/download_pu.py
data/pu/KI21/KI21.pdf,56427,Paderborn University KAt-DataCenter (Lessmeier et al. 2016); data_prep/download_pu.py
data/pu/KI21/measuring_log_KI21.pdf,139047,Paderborn University KAt-DataCenter (Lessmeier et al. 2016); data_prep/download_pu.py
data/pu/KI21/N09_M07_F10_KI21_1.mat,8714968,Paderborn University KAt-DataCenter (Lessmeier et al. 2016); data_prep/download_pu.py
data/pu/KI21/N09_M07_F10_KI21_10.mat,8714872,Paderborn University KAt-DataCenter (Lessmeier et al. 2016); data_prep/download_pu.py
data/pu/KI21/N09_M07_F10_KI21_11.mat,8717800,Paderborn University KAt-DataCenter (Lessmeier et al. 2016); data_prep/download_pu.py
data/pu/KI21/N09_M07_F10_KI21_12.mat,8718120,Paderborn University KAt-DataCenter (Lessmeier et al. 2016); data_prep/download_pu.py
data/pu/KI21/N09_M07_F10_KI21_13.mat,8717992,Paderborn University KAt-DataCenter (Lessmeier et al. 2016); data_prep/download_pu.py
data/pu/KI21/N09_M07_F10_KI21_14.mat,8714904,Paderborn University KAt-DataCenter (Lessmeier et al. 2016); data_prep/download_pu.py
data/pu/KI21/N09_M07_F10_KI21_15.mat,8757528,Paderborn University KAt-DataCenter (Lessmeier et al. 2016); data_prep/download_pu.py
data/pu/KI21/N09_M07_F10_KI21_16.mat,8714872,Paderborn University KAt-DataCenter (Lessmeier et al. 2016); data_prep/download_pu.py
data/pu/KI21/N09_M07_F10_KI21_17.mat,9237624,Paderborn University KAt-DataCenter (Lessmeier et al. 2016); data_prep/download_pu.py
data/pu/KI21/N09_M07_F10_KI21_18.mat,8714872,Paderborn University KAt-DataCenter (Lessmeier et al. 2016); data_prep/download_pu.py
data/pu/KI21/N09_M07_F10_KI21_19.mat,8714904,Paderborn University KAt-DataCenter (Lessmeier et al. 2016); data_prep/download_pu.py
data/pu/KI21/N09_M07_F10_KI21_2.mat,8714776,Paderborn University KAt-DataCenter (Lessmeier et al. 2016); data_prep/download_pu.py
data/pu/KI21/N09_M07_F10_KI21_20.mat,8714872,Paderborn University KAt-DataCenter (Lessmeier et al. 2016); data_prep/download_pu.py
data/pu/KI21/N09_M07_F10_KI21_3.mat,8767192,Paderborn University KAt-DataCenter (Lessmeier et al. 2016); data_prep/download_pu.py
data/pu/KI21/N09_M07_F10_KI21_4.mat,8715000,Paderborn University KAt-DataCenter (Lessmeier et al. 2016); data_prep/download_pu.py
data/pu/KI21/N09_M07_F10_KI21_5.mat,8717768,Paderborn University KAt-DataCenter (Lessmeier et al. 2016); data_prep/download_pu.py
data/pu/KI21/N09_M07_F10_KI21_6.mat,8714936,Paderborn University KAt-DataCenter (Lessmeier et al. 2016); data_prep/download_pu.py
data/pu/KI21/N09_M07_F10_KI21_7.mat,8714904,Paderborn University KAt-DataCenter (Lessmeier et al. 2016); data_prep/download_pu.py
data/pu/KI21/N09_M07_F10_KI21_8.mat,8714872,Paderborn University KAt-DataCenter (Lessmeier et al. 2016); data_prep/download_pu.py
data/pu/KI21/N09_M07_F10_KI21_9.mat,8714904,Paderborn University KAt-DataCenter (Lessmeier et al. 2016); data_prep/download_pu.py
data/pu/KI21/N15_M01_F10_KI21_1.mat,8714968,Paderborn University KAt-DataCenter (Lessmeier et al. 2016); data_prep/download_pu.py
data/pu/KI21/N15_M01_F10_KI21_10.mat,8717832,Paderborn University KAt-DataCenter (Lessmeier et al. 2016); data_prep/download_pu.py
data/pu/KI21/N15_M01_F10_KI21_11.mat,8714904,Paderborn University KAt-DataCenter (Lessmeier et al. 2016); data_prep/download_pu.py
data/pu/KI21/N15_M01_F10_KI21_12.mat,8717960,Paderborn University KAt-DataCenter (Lessmeier et al. 2016); data_prep/download_pu.py
data/pu/KI21/N15_M01_F10_KI21_13.mat,8714936,Paderborn University KAt-DataCenter (Lessmeier et al. 2016); data_prep/download_pu.py
data/pu/KI21/N15_M01_F10_KI21_14.mat,8717800,Paderborn University KAt-DataCenter (Lessmeier et al. 2016); data_prep/download_pu.py
data/pu/KI21/N15_M01_F10_KI21_15.mat,8717880,Paderborn University KAt-DataCenter (Lessmeier et al. 2016); data_prep/download_pu.py
data/pu/KI21/N15_M01_F10_KI21_16.mat,8717832,Paderborn University KAt-DataCenter (Lessmeier et al. 2016); data_prep/download_pu.py
data/pu/KI21/N15_M01_F10_KI21_17.mat,8717800,Paderborn University KAt-DataCenter (Lessmeier et al. 2016); data_prep/download_pu.py
data/pu/KI21/N15_M01_F10_KI21_18.mat,8714872,Paderborn University KAt-DataCenter (Lessmeier et al. 2016); data_prep/download_pu.py
data/pu/KI21/N15_M01_F10_KI21_19.mat,8714872,Paderborn University KAt-DataCenter (Lessmeier et al. 2016); data_prep/download_pu.py
data/pu/KI21/N15_M01_F10_KI21_2.mat,8714872,Paderborn University KAt-DataCenter (Lessmeier et al. 2016); data_prep/download_pu.py
data/pu/KI21/N15_M01_F10_KI21_20.mat,8717832,Paderborn University KAt-DataCenter (Lessmeier et al. 2016); data_prep/download_pu.py
data/pu/KI21/N15_M01_F10_KI21_3.mat,8714968,Paderborn University KAt-DataCenter (Lessmeier et al. 2016); data_prep/download_pu.py
data/pu/KI21/N15_M01_F10_KI21_4.mat,8714840,Paderborn University KAt-DataCenter (Lessmeier et al. 2016); data_prep/download_pu.py
data/pu/KI21/N15_M01_F10_KI21_5.mat,8717928,Paderborn University KAt-DataCenter (Lessmeier et al. 2016); data_prep/download_pu.py
data/pu/KI21/N15_M01_F10_KI21_6.mat,8717704,Paderborn University KAt-DataCenter (Lessmeier et al. 2016); data_prep/download_pu.py
data/pu/KI21/N15_M01_F10_KI21_7.mat,8718072,Paderborn University KAt-DataCenter (Lessmeier et al. 2016); data_prep/download_pu.py
data/pu/KI21/N15_M01_F10_KI21_8.mat,8718024,Paderborn University KAt-DataCenter (Lessmeier et al. 2016); data_prep/download_pu.py
data/pu/KI21/N15_M01_F10_KI21_9.mat,8717864,Paderborn University KAt-DataCenter (Lessmeier et al. 2016); data_prep/download_pu.py
data/pu/KI21/N15_M07_F04_KI21_1.mat,8714872,Paderborn University KAt-DataCenter (Lessmeier et al. 2016); data_prep/download_pu.py
data/pu/KI21/N15_M07_F04_KI21_10.mat,8714904,Paderborn University KAt-DataCenter (Lessmeier et al. 2016); data_prep/download_pu.py
data/pu/KI21/N15_M07_F04_KI21_11.mat,8714904,Paderborn University KAt-DataCenter (Lessmeier et al. 2016); data_prep/download_pu.py
data/pu/KI21/N15_M07_F04_KI21_12.mat,8714904,Paderborn University KAt-DataCenter (Lessmeier et al. 2016); data_prep/download_pu.py
data/pu/KI21/N15_M07_F04_KI21_13.mat,8714904,Paderborn University KAt-DataCenter (Lessmeier et al. 2016); data_prep/download_pu.py
data/pu/KI21/N15_M07_F04_KI21_14.mat,8714904,Paderborn University KAt-DataCenter (Lessmeier et al. 2016); data_prep/download_pu.py
data/pu/KI21/N15_M07_F04_KI21_15.mat,8714904,Paderborn University KAt-DataCenter (Lessmeier et al. 2016); data_prep/download_pu.py
data/pu/KI21/N15_M07_F04_KI21_16.mat,8771256,Paderborn University KAt-DataCenter (Lessmeier et al. 2016); data_prep/download_pu.py
data/pu/KI21/N15_M07_F04_KI21_17.mat,8715032,Paderborn University KAt-DataCenter (Lessmeier et al. 2016); data_prep/download_pu.py
data/pu/KI21/N15_M07_F04_KI21_18.mat,8714936,Paderborn University KAt-DataCenter (Lessmeier et al. 2016); data_prep/download_pu.py
data/pu/KI21/N15_M07_F04_KI21_19.mat,8714904,Paderborn University KAt-DataCenter (Lessmeier et al. 2016); data_prep/download_pu.py
data/pu/KI21/N15_M07_F04_KI21_2.mat,8714872,Paderborn University KAt-DataCenter (Lessmeier et al. 2016); data_prep/download_pu.py
data/pu/KI21/N15_M07_F04_KI21_20.mat,8714872,Paderborn University KAt-DataCenter (Lessmeier et al. 2016); data_prep/download_pu.py
data/pu/KI21/N15_M07_F04_KI21_3.mat,8715000,Paderborn University KAt-DataCenter (Lessmeier et al. 2016); data_prep/download_pu.py
data/pu/KI21/N15_M07_F04_KI21_4.mat,8714872,Paderborn University KAt-DataCenter (Lessmeier et al. 2016); data_prep/download_pu.py
data/pu/KI21/N15_M07_F04_KI21_5.mat,8714872,Paderborn University KAt-DataCenter (Lessmeier et al. 2016); data_prep/download_pu.py
data/pu/KI21/N15_M07_F04_KI21_6.mat,8761624,Paderborn University KAt-DataCenter (Lessmeier et al. 2016); data_prep/download_pu.py
data/pu/KI21/N15_M07_F04_KI21_7.mat,8717832,Paderborn University KAt-DataCenter (Lessmeier et al. 2016); data_prep/download_pu.py
data/pu/KI21/N15_M07_F04_KI21_8.mat,8714904,Paderborn University KAt-DataCenter (Lessmeier et al. 2016); data_prep/download_pu.py
data/pu/KI21/N15_M07_F04_KI21_9.mat,8718136,Paderborn University KAt-DataCenter (Lessmeier et al. 2016); data_prep/download_pu.py
data/pu/KI21/N15_M07_F10_KI21_1.mat,8718024,Paderborn University KAt-DataCenter (Lessmeier et al. 2016); data_prep/download_pu.py
data/pu/KI21/N15_M07_F10_KI21_10.mat,8714872,Paderborn University KAt-DataCenter (Lessmeier et al. 2016); data_prep/download_pu.py
data/pu/KI21/N15_M07_F10_KI21_11.mat,8714872,Paderborn University KAt-DataCenter (Lessmeier et al. 2016); data_prep/download_pu.py
data/pu/KI21/N15_M07_F10_KI21_12.mat,8717768,Paderborn University KAt-DataCenter (Lessmeier et al. 2016); data_prep/download_pu.py
data/pu/KI21/N15_M07_F10_KI21_13.mat,8717896,Paderborn University KAt-DataCenter (Lessmeier et al. 2016); data_prep/download_pu.py
data/pu/KI21/N15_M07_F10_KI21_14.mat,8718024,Paderborn University KAt-DataCenter (Lessmeier et al. 2016); data_prep/download_pu.py
data/pu/KI21/N15_M07_F10_KI21_15.mat,8714936,Paderborn University KAt-DataCenter (Lessmeier et al. 2016); data_prep/download_pu.py
data/pu/KI21/N15_M07_F10_KI21_16.mat,8718024,Paderborn University KAt-DataCenter (Lessmeier et al. 2016); data_prep/download_pu.py
data/pu/KI21/N15_M07_F10_KI21_17.mat,8717832,Paderborn University KAt-DataCenter (Lessmeier et al. 2016); data_prep/download_pu.py
data/pu/KI21/N15_M07_F10_KI21_18.mat,8714872,Paderborn University KAt-DataCenter (Lessmeier et al. 2016); data_prep/download_pu.py
data/pu/KI21/N15_M07_F10_KI21_19.mat,8717992,Paderborn University KAt-DataCenter (Lessmeier et al. 2016); data_prep/download_pu.py
data/pu/KI21/N15_M07_F10_KI21_2.mat,8714904,Paderborn University KAt-DataCenter (Lessmeier et al. 2016); data_prep/download_pu.py
data/pu/KI21/N15_M07_F10_KI21_20.mat,8717864,Paderborn University KAt-DataCenter (Lessmeier et al. 2016); data_prep/download_pu.py
data/pu/KI21/N15_M07_F10_KI21_3.mat,8714872,Paderborn University KAt-DataCenter (Lessmeier et al. 2016); data_prep/download_pu.py
data/pu/KI21/N15_M07_F10_KI21_4.mat,8714936,Paderborn University KAt-DataCenter (Lessmeier et al. 2016); data_prep/download_pu.py
data/pu/KI21/N15_M07_F10_KI21_5.mat,8893176,Paderborn University KAt-DataCenter (Lessmeier et al. 2016); data_prep/download_pu.py
data/pu/KI21/N15_M07_F10_KI21_6.mat,8846360,Paderborn University KAt-DataCenter (Lessmeier et al. 2016); data_prep/download_pu.py
data/pu/KI21/N15_M07_F10_KI21_7.mat,8714872,Paderborn University KAt-DataCenter (Lessmeier et al. 2016); data_prep/download_pu.py
data/pu/KI21/N15_M07_F10_KI21_8.mat,8714808,Paderborn University KAt-DataCenter (Lessmeier et al. 2016); data_prep/download_pu.py
data/pu/KI21/N15_M07_F10_KI21_9.mat,8714872,Paderborn University KAt-DataCenter (Lessmeier et al. 2016); data_prep/download_pu.py
data/uored/uored_v5.zip,3237699953,"UORED-VAFCLS, Mendeley Data y2px5tg92h v5 (CC BY 4.0)"
data/uored/uored_v5.zip.sha256,79,"UORED-VAFCLS, Mendeley Data y2px5tg92h v5 (CC BY 4.0)"
data/uored/npy/B_11_1.npz,1680750,"UORED-VAFCLS, Mendeley Data y2px5tg92h v5 (CC BY 4.0)"
data/uored/npy/B_11_2.npz,1680750,"UORED-VAFCLS, Mendeley Data y2px5tg92h v5 (CC BY 4.0)"
data/uored/npy/B_12_1.npz,1680750,"UORED-VAFCLS, Mendeley Data y2px5tg92h v5 (CC BY 4.0)"
data/uored/npy/B_12_2.npz,1680750,"UORED-VAFCLS, Mendeley Data y2px5tg92h v5 (CC BY 4.0)"
data/uored/npy/B_13_1.npz,1680750,"UORED-VAFCLS, Mendeley Data y2px5tg92h v5 (CC BY 4.0)"
data/uored/npy/B_13_2.npz,1680750,"UORED-VAFCLS, Mendeley Data y2px5tg92h v5 (CC BY 4.0)"
data/uored/npy/B_14_1.npz,1680750,"UORED-VAFCLS, Mendeley Data y2px5tg92h v5 (CC BY 4.0)"
data/uored/npy/B_14_2.npz,1680750,"UORED-VAFCLS, Mendeley Data y2px5tg92h v5 (CC BY 4.0)"
data/uored/npy/B_15_1.npz,1680750,"UORED-VAFCLS, Mendeley Data y2px5tg92h v5 (CC BY 4.0)"
data/uored/npy/B_15_2.npz,1680750,"UORED-VAFCLS, Mendeley Data y2px5tg92h v5 (CC BY 4.0)"
data/uored/npy/C_16_1.npz,1680750,"UORED-VAFCLS, Mendeley Data y2px5tg92h v5 (CC BY 4.0)"
data/uored/npy/C_16_2.npz,1680750,"UORED-VAFCLS, Mendeley Data y2px5tg92h v5 (CC BY 4.0)"
data/uored/npy/C_17_1.npz,1680750,"UORED-VAFCLS, Mendeley Data y2px5tg92h v5 (CC BY 4.0)"
data/uored/npy/C_17_2.npz,1680750,"UORED-VAFCLS, Mendeley Data y2px5tg92h v5 (CC BY 4.0)"
data/uored/npy/C_18_1.npz,1680750,"UORED-VAFCLS, Mendeley Data y2px5tg92h v5 (CC BY 4.0)"
data/uored/npy/C_18_2.npz,1680750,"UORED-VAFCLS, Mendeley Data y2px5tg92h v5 (CC BY 4.0)"
data/uored/npy/C_19_1.npz,1680750,"UORED-VAFCLS, Mendeley Data y2px5tg92h v5 (CC BY 4.0)"
data/uored/npy/C_19_2.npz,1680750,"UORED-VAFCLS, Mendeley Data y2px5tg92h v5 (CC BY 4.0)"
data/uored/npy/C_20_1.npz,1680750,"UORED-VAFCLS, Mendeley Data y2px5tg92h v5 (CC BY 4.0)"
data/uored/npy/C_20_2.npz,1680750,"UORED-VAFCLS, Mendeley Data y2px5tg92h v5 (CC BY 4.0)"
data/uored/npy/H_10_0.npz,1680750,"UORED-VAFCLS, Mendeley Data y2px5tg92h v5 (CC BY 4.0)"
data/uored/npy/H_11_0.npz,1680750,"UORED-VAFCLS, Mendeley Data y2px5tg92h v5 (CC BY 4.0)"
data/uored/npy/H_12_0.npz,1680750,"UORED-VAFCLS, Mendeley Data y2px5tg92h v5 (CC BY 4.0)"
data/uored/npy/H_13_0.npz,1680750,"UORED-VAFCLS, Mendeley Data y2px5tg92h v5 (CC BY 4.0)"
data/uored/npy/H_14_0.npz,1680750,"UORED-VAFCLS, Mendeley Data y2px5tg92h v5 (CC BY 4.0)"
data/uored/npy/H_15_0.npz,1680750,"UORED-VAFCLS, Mendeley Data y2px5tg92h v5 (CC BY 4.0)"
data/uored/npy/H_16_0.npz,1680750,"UORED-VAFCLS, Mendeley Data y2px5tg92h v5 (CC BY 4.0)"
data/uored/npy/H_17_0.npz,1680750,"UORED-VAFCLS, Mendeley Data y2px5tg92h v5 (CC BY 4.0)"
data/uored/npy/H_18_0.npz,1680750,"UORED-VAFCLS, Mendeley Data y2px5tg92h v5 (CC BY 4.0)"
data/uored/npy/H_19_0.npz,1680750,"UORED-VAFCLS, Mendeley Data y2px5tg92h v5 (CC BY 4.0)"
data/uored/npy/H_1_0.npz,1680750,"UORED-VAFCLS, Mendeley Data y2px5tg92h v5 (CC BY 4.0)"
data/uored/npy/H_20_0.npz,1680750,"UORED-VAFCLS, Mendeley Data y2px5tg92h v5 (CC BY 4.0)"
data/uored/npy/H_2_0.npz,1680750,"UORED-VAFCLS, Mendeley Data y2px5tg92h v5 (CC BY 4.0)"
data/uored/npy/H_3_0.npz,1680750,"UORED-VAFCLS, Mendeley Data y2px5tg92h v5 (CC BY 4.0)"
data/uored/npy/H_4_0.npz,1680750,"UORED-VAFCLS, Mendeley Data y2px5tg92h v5 (CC BY 4.0)"
data/uored/npy/H_5_0.npz,1680750,"UORED-VAFCLS, Mendeley Data y2px5tg92h v5 (CC BY 4.0)"
data/uored/npy/H_6_0.npz,1680750,"UORED-VAFCLS, Mendeley Data y2px5tg92h v5 (CC BY 4.0)"
data/uored/npy/H_7_0.npz,1680750,"UORED-VAFCLS, Mendeley Data y2px5tg92h v5 (CC BY 4.0)"
data/uored/npy/H_8_0.npz,1680750,"UORED-VAFCLS, Mendeley Data y2px5tg92h v5 (CC BY 4.0)"
data/uored/npy/H_9_0.npz,1680750,"UORED-VAFCLS, Mendeley Data y2px5tg92h v5 (CC BY 4.0)"
data/uored/npy/I_1_1.npz,1680750,"UORED-VAFCLS, Mendeley Data y2px5tg92h v5 (CC BY 4.0)"
data/uored/npy/I_1_2.npz,1680750,"UORED-VAFCLS, Mendeley Data y2px5tg92h v5 (CC BY 4.0)"
data/uored/npy/I_2_1.npz,1680750,"UORED-VAFCLS, Mendeley Data y2px5tg92h v5 (CC BY 4.0)"
data/uored/npy/I_2_2.npz,1680750,"UORED-VAFCLS, Mendeley Data y2px5tg92h v5 (CC BY 4.0)"
data/uored/npy/I_3_1.npz,1680750,"UORED-VAFCLS, Mendeley Data y2px5tg92h v5 (CC BY 4.0)"
data/uored/npy/I_3_2.npz,1680750,"UORED-VAFCLS, Mendeley Data y2px5tg92h v5 (CC BY 4.0)"
data/uored/npy/I_4_1.npz,1680750,"UORED-VAFCLS, Mendeley Data y2px5tg92h v5 (CC BY 4.0)"
data/uored/npy/I_4_2.npz,1680750,"UORED-VAFCLS, Mendeley Data y2px5tg92h v5 (CC BY 4.0)"
data/uored/npy/I_5_1.npz,1680750,"UORED-VAFCLS, Mendeley Data y2px5tg92h v5 (CC BY 4.0)"
data/uored/npy/I_5_2.npz,1680750,"UORED-VAFCLS, Mendeley Data y2px5tg92h v5 (CC BY 4.0)"
data/uored/npy/O_10_1.npz,1680750,"UORED-VAFCLS, Mendeley Data y2px5tg92h v5 (CC BY 4.0)"
data/uored/npy/O_10_2.npz,1680750,"UORED-VAFCLS, Mendeley Data y2px5tg92h v5 (CC BY 4.0)"
data/uored/npy/O_6_1.npz,1680750,"UORED-VAFCLS, Mendeley Data y2px5tg92h v5 (CC BY 4.0)"
data/uored/npy/O_6_2.npz,1680750,"UORED-VAFCLS, Mendeley Data y2px5tg92h v5 (CC BY 4.0)"
data/uored/npy/O_7_1.npz,1680750,"UORED-VAFCLS, Mendeley Data y2px5tg92h v5 (CC BY 4.0)"
data/uored/npy/O_7_2.npz,1680750,"UORED-VAFCLS, Mendeley Data y2px5tg92h v5 (CC BY 4.0)"
data/uored/npy/O_8_1.npz,1680750,"UORED-VAFCLS, Mendeley Data y2px5tg92h v5 (CC BY 4.0)"
data/uored/npy/O_8_2.npz,1680750,"UORED-VAFCLS, Mendeley Data y2px5tg92h v5 (CC BY 4.0)"
data/uored/npy/O_9_1.npz,1680750,"UORED-VAFCLS, Mendeley Data y2px5tg92h v5 (CC BY 4.0)"
data/uored/npy/O_9_2.npz,1680750,"UORED-VAFCLS, Mendeley Data y2px5tg92h v5 (CC BY 4.0)"
data/uored/raw/B_11_1.csv,14417351,"UORED-VAFCLS, Mendeley Data y2px5tg92h v5 (CC BY 4.0)"
data/uored/raw/B_11_2.csv,14424421,"UORED-VAFCLS, Mendeley Data y2px5tg92h v5 (CC BY 4.0)"
data/uored/raw/B_12_1.csv,14348803,"UORED-VAFCLS, Mendeley Data y2px5tg92h v5 (CC BY 4.0)"
data/uored/raw/B_12_2.csv,14442184,"UORED-VAFCLS, Mendeley Data y2px5tg92h v5 (CC BY 4.0)"
data/uored/raw/B_13_1.csv,14502402,"UORED-VAFCLS, Mendeley Data y2px5tg92h v5 (CC BY 4.0)"
data/uored/raw/B_13_2.csv,14489364,"UORED-VAFCLS, Mendeley Data y2px5tg92h v5 (CC BY 4.0)"
data/uored/raw/B_14_1.csv,14307464,"UORED-VAFCLS, Mendeley Data y2px5tg92h v5 (CC BY 4.0)"
data/uored/raw/B_14_2.csv,14315492,"UORED-VAFCLS, Mendeley Data y2px5tg92h v5 (CC BY 4.0)"
data/uored/raw/B_15_1.csv,14208008,"UORED-VAFCLS, Mendeley Data y2px5tg92h v5 (CC BY 4.0)"
data/uored/raw/B_15_2.csv,14382900,"UORED-VAFCLS, Mendeley Data y2px5tg92h v5 (CC BY 4.0)"
data/uored/raw/C_16_1.csv,14596708,"UORED-VAFCLS, Mendeley Data y2px5tg92h v5 (CC BY 4.0)"
data/uored/raw/C_16_2.csv,14573476,"UORED-VAFCLS, Mendeley Data y2px5tg92h v5 (CC BY 4.0)"
data/uored/raw/C_17_1.csv,14613304,"UORED-VAFCLS, Mendeley Data y2px5tg92h v5 (CC BY 4.0)"
data/uored/raw/C_17_2.csv,14624969,"UORED-VAFCLS, Mendeley Data y2px5tg92h v5 (CC BY 4.0)"
data/uored/raw/C_18_1.csv,14614731,"UORED-VAFCLS, Mendeley Data y2px5tg92h v5 (CC BY 4.0)"
data/uored/raw/C_18_2.csv,14582190,"UORED-VAFCLS, Mendeley Data y2px5tg92h v5 (CC BY 4.0)"
data/uored/raw/C_19_1.csv,14555584,"UORED-VAFCLS, Mendeley Data y2px5tg92h v5 (CC BY 4.0)"
data/uored/raw/C_19_2.csv,14659037,"UORED-VAFCLS, Mendeley Data y2px5tg92h v5 (CC BY 4.0)"
data/uored/raw/C_20_1.csv,14261432,"UORED-VAFCLS, Mendeley Data y2px5tg92h v5 (CC BY 4.0)"
data/uored/raw/C_20_2.csv,14431705,"UORED-VAFCLS, Mendeley Data y2px5tg92h v5 (CC BY 4.0)"
data/uored/raw/H_10_0.csv,13601770,"UORED-VAFCLS, Mendeley Data y2px5tg92h v5 (CC BY 4.0)"
data/uored/raw/H_11_0.csv,13819944,"UORED-VAFCLS, Mendeley Data y2px5tg92h v5 (CC BY 4.0)"
data/uored/raw/H_12_0.csv,13789550,"UORED-VAFCLS, Mendeley Data y2px5tg92h v5 (CC BY 4.0)"
data/uored/raw/H_13_0.csv,14052329,"UORED-VAFCLS, Mendeley Data y2px5tg92h v5 (CC BY 4.0)"
data/uored/raw/H_14_0.csv,13683628,"UORED-VAFCLS, Mendeley Data y2px5tg92h v5 (CC BY 4.0)"
data/uored/raw/H_15_0.csv,13704086,"UORED-VAFCLS, Mendeley Data y2px5tg92h v5 (CC BY 4.0)"
data/uored/raw/H_16_0.csv,13721603,"UORED-VAFCLS, Mendeley Data y2px5tg92h v5 (CC BY 4.0)"
data/uored/raw/H_17_0.csv,14129350,"UORED-VAFCLS, Mendeley Data y2px5tg92h v5 (CC BY 4.0)"
data/uored/raw/H_18_0.csv,14479296,"UORED-VAFCLS, Mendeley Data y2px5tg92h v5 (CC BY 4.0)"
data/uored/raw/H_19_0.csv,13886233,"UORED-VAFCLS, Mendeley Data y2px5tg92h v5 (CC BY 4.0)"
data/uored/raw/H_1_0.csv,13688924,"UORED-VAFCLS, Mendeley Data y2px5tg92h v5 (CC BY 4.0)"
data/uored/raw/H_20_0.csv,13529503,"UORED-VAFCLS, Mendeley Data y2px5tg92h v5 (CC BY 4.0)"
data/uored/raw/H_2_0.csv,14019179,"UORED-VAFCLS, Mendeley Data y2px5tg92h v5 (CC BY 4.0)"
data/uored/raw/H_3_0.csv,13452728,"UORED-VAFCLS, Mendeley Data y2px5tg92h v5 (CC BY 4.0)"
data/uored/raw/H_4_0.csv,13650231,"UORED-VAFCLS, Mendeley Data y2px5tg92h v5 (CC BY 4.0)"
data/uored/raw/H_5_0.csv,13800562,"UORED-VAFCLS, Mendeley Data y2px5tg92h v5 (CC BY 4.0)"
data/uored/raw/H_6_0.csv,13751648,"UORED-VAFCLS, Mendeley Data y2px5tg92h v5 (CC BY 4.0)"
data/uored/raw/H_7_0.csv,13666204,"UORED-VAFCLS, Mendeley Data y2px5tg92h v5 (CC BY 4.0)"
data/uored/raw/H_8_0.csv,13596527,"UORED-VAFCLS, Mendeley Data y2px5tg92h v5 (CC BY 4.0)"
data/uored/raw/H_9_0.csv,13804923,"UORED-VAFCLS, Mendeley Data y2px5tg92h v5 (CC BY 4.0)"
data/uored/raw/I_1_1.csv,14369226,"UORED-VAFCLS, Mendeley Data y2px5tg92h v5 (CC BY 4.0)"
data/uored/raw/I_1_2.csv,14546534,"UORED-VAFCLS, Mendeley Data y2px5tg92h v5 (CC BY 4.0)"
data/uored/raw/I_2_1.csv,14401528,"UORED-VAFCLS, Mendeley Data y2px5tg92h v5 (CC BY 4.0)"
data/uored/raw/I_2_2.csv,14360828,"UORED-VAFCLS, Mendeley Data y2px5tg92h v5 (CC BY 4.0)"
data/uored/raw/I_3_1.csv,13915684,"UORED-VAFCLS, Mendeley Data y2px5tg92h v5 (CC BY 4.0)"
data/uored/raw/I_3_2.csv,14366971,"UORED-VAFCLS, Mendeley Data y2px5tg92h v5 (CC BY 4.0)"
data/uored/raw/I_4_1.csv,14041454,"UORED-VAFCLS, Mendeley Data y2px5tg92h v5 (CC BY 4.0)"
data/uored/raw/I_4_2.csv,14378606,"UORED-VAFCLS, Mendeley Data y2px5tg92h v5 (CC BY 4.0)"
data/uored/raw/I_5_1.csv,14385167,"UORED-VAFCLS, Mendeley Data y2px5tg92h v5 (CC BY 4.0)"
data/uored/raw/I_5_2.csv,14446128,"UORED-VAFCLS, Mendeley Data y2px5tg92h v5 (CC BY 4.0)"
data/uored/raw/O_10_1.csv,14256427,"UORED-VAFCLS, Mendeley Data y2px5tg92h v5 (CC BY 4.0)"
data/uored/raw/O_10_2.csv,14353179,"UORED-VAFCLS, Mendeley Data y2px5tg92h v5 (CC BY 4.0)"
data/uored/raw/O_6_1.csv,13863082,"UORED-VAFCLS, Mendeley Data y2px5tg92h v5 (CC BY 4.0)"
data/uored/raw/O_6_2.csv,14292030,"UORED-VAFCLS, Mendeley Data y2px5tg92h v5 (CC BY 4.0)"
data/uored/raw/O_7_1.csv,13979453,"UORED-VAFCLS, Mendeley Data y2px5tg92h v5 (CC BY 4.0)"
data/uored/raw/O_7_2.csv,14401184,"UORED-VAFCLS, Mendeley Data y2px5tg92h v5 (CC BY 4.0)"
data/uored/raw/O_8_1.csv,14129806,"UORED-VAFCLS, Mendeley Data y2px5tg92h v5 (CC BY 4.0)"
data/uored/raw/O_8_2.csv,14187968,"UORED-VAFCLS, Mendeley Data y2px5tg92h v5 (CC BY 4.0)"
data/uored/raw/O_9_1.csv,14198617,"UORED-VAFCLS, Mendeley Data y2px5tg92h v5 (CC BY 4.0)"
data/uored/raw/O_9_2.csv,14259679,"UORED-VAFCLS, Mendeley Data y2px5tg92h v5 (CC BY 4.0)"
runs/smoke_a.txt,25823,local run cache (regenerable by kaggle/ and runners/ scripts)
runs/smoke_b.txt,12706,local run cache (regenerable by kaggle/ and runners/ scripts)
runs/smoke_jnu_asrel.txt,25279,local run cache (regenerable by kaggle/ and runners/ scripts)
runs/smoke_m1.txt,19211,local run cache (regenerable by kaggle/ and runners/ scripts)
runs/smoke_m2.txt,20355,local run cache (regenerable by kaggle/ and runners/ scripts)
runs/smoke_shot.txt,15234,local run cache (regenerable by kaggle/ and runners/ scripts)
runs/smoke/result_JNU_as_released_s2024_smoke.json,492,local run cache (regenerable by kaggle/ and runners/ scripts)
runs/smoke/result_JNU_final_checkpoint_s2024_smoke.json,376,local run cache (regenerable by kaggle/ and runners/ scripts)
runs/smoke/logs_JNU_as_released_s2024/adapt_01.log,10429,local run cache (regenerable by kaggle/ and runners/ scripts)
runs/smoke/logs_JNU_as_released_s2024/pretrain.log,9127,local run cache (regenerable by kaggle/ and runners/ scripts)
runs/smoke/logs_JNU_final_checkpoint_s2024/adapt_01.log,10449,local run cache (regenerable by kaggle/ and runners/ scripts)
runs/smoke/sdalr_JNU_as_released/ablation_JNU.sh,1292,local run cache (regenerable by kaggle/ and runners/ scripts)
runs/smoke/sdalr_JNU_as_released/ablation_PU.sh,1312,local run cache (regenerable by kaggle/ and runners/ scripts)
runs/smoke/sdalr_JNU_as_released/CenterBasedClustering.py,4175,local run cache (regenerable by kaggle/ and runners/ scripts)
runs/smoke/sdalr_JNU_as_released/choose_s_t_JNU.sh,2669,local run cache (regenerable by kaggle/ and runners/ scripts)
runs/smoke/sdalr_JNU_as_released/choose_s_t_PU.sh,2668,local run cache (regenerable by kaggle/ and runners/ scripts)
runs/smoke/sdalr_JNU_as_released/data_list.py,4883,local run cache (regenerable by kaggle/ and runners/ scripts)
runs/smoke/sdalr_JNU_as_released/label.py,9668,local run cache (regenerable by kaggle/ and runners/ scripts)
runs/smoke/sdalr_JNU_as_released/loss.py,2281,local run cache (regenerable by kaggle/ and runners/ scripts)
runs/smoke/sdalr_JNU_as_released/mine.py,2738,local run cache (regenerable by kaggle/ and runners/ scripts)
runs/smoke/sdalr_JNU_as_released/mix.py,2105,local run cache (regenerable by kaggle/ and runners/ scripts)
runs/smoke/sdalr_JNU_as_released/model.py,2576,local run cache (regenerable by kaggle/ and runners/ scripts)
runs/smoke/sdalr_JNU_as_released/network.py,8713,local run cache (regenerable by kaggle/ and runners/ scripts)
runs/smoke/sdalr_JNU_as_released/NetworkSimplex.py,8597,local run cache (regenerable by kaggle/ and runners/ scripts)
runs/smoke/sdalr_JNU_as_released/plot_t_SNE.py,11839,local run cache (regenerable by kaggle/ and runners/ scripts)
runs/smoke/sdalr_JNU_as_released/plot_t_SNE_tar.py,5975,local run cache (regenerable by kaggle/ and runners/ scripts)
runs/smoke/sdalr_JNU_as_released/print_to_word.py,2062,local run cache (regenerable by kaggle/ and runners/ scripts)
runs/smoke/sdalr_JNU_as_released/README.md,3949,local run cache (regenerable by kaggle/ and runners/ scripts)
runs/smoke/sdalr_JNU_as_released/src_pretrain_RES_JNU.py,15046,local run cache (regenerable by kaggle/ and runners/ scripts)
runs/smoke/sdalr_JNU_as_released/src_pretrain_RES_PU.py,15065,local run cache (regenerable by kaggle/ and runners/ scripts)
runs/smoke/sdalr_JNU_as_released/tar_adaptation_RES_JNU.py,30132,local run cache (regenerable by kaggle/ and runners/ scripts)
runs/smoke/sdalr_JNU_as_released/tar_adaptation_RES_JNU_Ablation.py,30181,local run cache (regenerable by kaggle/ and runners/ scripts)
runs/smoke/sdalr_JNU_as_released/tar_adaptation_RES_PU.py,29468,local run cache (regenerable by kaggle/ and runners/ scripts)
runs/smoke/sdalr_JNU_as_released/tar_adaptation_RES_PU_Ablation.py,29788,local run cache (regenerable by kaggle/ and runners/ scripts)
runs/smoke/sdalr_JNU_as_released/text.py,4922,local run cache (regenerable by kaggle/ and runners/ scripts)
runs/smoke/sdalr_JNU_as_released/tools.py,23666,local run cache (regenerable by kaggle/ and runners/ scripts)
runs/smoke/sdalr_JNU_as_released/DATA/JNU_1d_2048_2000/1000_label.txt,190890,local run cache (regenerable by kaggle/ and runners/ scripts)
runs/smoke/sdalr_JNU_as_released/DATA/JNU_1d_2048_2000/600_label.txt,182890,local run cache (regenerable by kaggle/ and runners/ scripts)
runs/smoke/sdalr_JNU_as_released/DATA/JNU_1d_2048_2000/800_label.txt,182890,local run cache (regenerable by kaggle/ and runners/ scripts)
runs/smoke/sdalr_JNU_as_released/__pycache__/CenterBasedClustering.cpython-311.pyc,9336,local run cache (regenerable by kaggle/ and runners/ scripts)
runs/smoke/sdalr_JNU_as_released/__pycache__/data_list.cpython-311.pyc,8360,local run cache (regenerable by kaggle/ and runners/ scripts)
runs/smoke/sdalr_JNU_as_released/__pycache__/loss.cpython-311.pyc,2926,local run cache (regenerable by kaggle/ and runners/ scripts)
runs/smoke/sdalr_JNU_as_released/__pycache__/mix.cpython-311.pyc,2715,local run cache (regenerable by kaggle/ and runners/ scripts)
runs/smoke/sdalr_JNU_as_released/__pycache__/model.cpython-311.pyc,5366,local run cache (regenerable by kaggle/ and runners/ scripts)
runs/smoke/sdalr_JNU_as_released/__pycache__/network.cpython-311.pyc,17454,local run cache (regenerable by kaggle/ and runners/ scripts)
runs/smoke/sdalr_JNU_as_released/__pycache__/NetworkSimplex.cpython-311.pyc,12739,local run cache (regenerable by kaggle/ and runners/ scripts)
runs/smoke/sdalr_JNU_as_released/__pycache__/plot_t_SNE.cpython-311.pyc,15009,local run cache (regenerable by kaggle/ and runners/ scripts)
runs/smoke/sdalr_JNU_as_released/__pycache__/text.cpython-311.pyc,7641,local run cache (regenerable by kaggle/ and runners/ scripts)
runs/smoke/sdalr_JNU_as_released/__pycache__/tools.cpython-311.pyc,30235,local run cache (regenerable by kaggle/ and runners/ scripts)
runs/smoke/sdalr_JNU_final_checkpoint/ablation_JNU.sh,1292,local run cache (regenerable by kaggle/ and runners/ scripts)
runs/smoke/sdalr_JNU_final_checkpoint/ablation_PU.sh,1312,local run cache (regenerable by kaggle/ and runners/ scripts)
runs/smoke/sdalr_JNU_final_checkpoint/CenterBasedClustering.py,4175,local run cache (regenerable by kaggle/ and runners/ scripts)
runs/smoke/sdalr_JNU_final_checkpoint/choose_s_t_JNU.sh,2669,local run cache (regenerable by kaggle/ and runners/ scripts)
runs/smoke/sdalr_JNU_final_checkpoint/choose_s_t_PU.sh,2668,local run cache (regenerable by kaggle/ and runners/ scripts)
runs/smoke/sdalr_JNU_final_checkpoint/data_list.py,4883,local run cache (regenerable by kaggle/ and runners/ scripts)
runs/smoke/sdalr_JNU_final_checkpoint/label.py,9668,local run cache (regenerable by kaggle/ and runners/ scripts)
runs/smoke/sdalr_JNU_final_checkpoint/loss.py,2281,local run cache (regenerable by kaggle/ and runners/ scripts)
runs/smoke/sdalr_JNU_final_checkpoint/mine.py,2738,local run cache (regenerable by kaggle/ and runners/ scripts)
runs/smoke/sdalr_JNU_final_checkpoint/mix.py,2105,local run cache (regenerable by kaggle/ and runners/ scripts)
runs/smoke/sdalr_JNU_final_checkpoint/model.py,2576,local run cache (regenerable by kaggle/ and runners/ scripts)
runs/smoke/sdalr_JNU_final_checkpoint/network.py,8713,local run cache (regenerable by kaggle/ and runners/ scripts)
runs/smoke/sdalr_JNU_final_checkpoint/NetworkSimplex.py,8597,local run cache (regenerable by kaggle/ and runners/ scripts)
runs/smoke/sdalr_JNU_final_checkpoint/plot_t_SNE.py,11839,local run cache (regenerable by kaggle/ and runners/ scripts)
runs/smoke/sdalr_JNU_final_checkpoint/plot_t_SNE_tar.py,5975,local run cache (regenerable by kaggle/ and runners/ scripts)
runs/smoke/sdalr_JNU_final_checkpoint/print_to_word.py,2062,local run cache (regenerable by kaggle/ and runners/ scripts)
runs/smoke/sdalr_JNU_final_checkpoint/README.md,3949,local run cache (regenerable by kaggle/ and runners/ scripts)
runs/smoke/sdalr_JNU_final_checkpoint/src_pretrain_RES_JNU.py,15046,local run cache (regenerable by kaggle/ and runners/ scripts)
runs/smoke/sdalr_JNU_final_checkpoint/src_pretrain_RES_PU.py,15065,local run cache (regenerable by kaggle/ and runners/ scripts)
runs/smoke/sdalr_JNU_final_checkpoint/tar_adaptation_RES_JNU.py,30172,local run cache (regenerable by kaggle/ and runners/ scripts)
runs/smoke/sdalr_JNU_final_checkpoint/tar_adaptation_RES_JNU_Ablation.py,30181,local run cache (regenerable by kaggle/ and runners/ scripts)
runs/smoke/sdalr_JNU_final_checkpoint/tar_adaptation_RES_PU.py,29468,local run cache (regenerable by kaggle/ and runners/ scripts)
runs/smoke/sdalr_JNU_final_checkpoint/tar_adaptation_RES_PU_Ablation.py,29788,local run cache (regenerable by kaggle/ and runners/ scripts)
runs/smoke/sdalr_JNU_final_checkpoint/text.py,4922,local run cache (regenerable by kaggle/ and runners/ scripts)
runs/smoke/sdalr_JNU_final_checkpoint/tools.py,23666,local run cache (regenerable by kaggle/ and runners/ scripts)
runs/smoke/sdalr_JNU_final_checkpoint/DATA/JNU_1d_2048_2000/1000_label.txt,190890,local run cache (regenerable by kaggle/ and runners/ scripts)
runs/smoke/sdalr_JNU_final_checkpoint/DATA/JNU_1d_2048_2000/600_label.txt,182890,local run cache (regenerable by kaggle/ and runners/ scripts)
runs/smoke/sdalr_JNU_final_checkpoint/DATA/JNU_1d_2048_2000/800_label.txt,182890,local run cache (regenerable by kaggle/ and runners/ scripts)
runs/smoke/sdalr_JNU_final_checkpoint/__pycache__/CenterBasedClustering.cpython-311.pyc,9341,local run cache (regenerable by kaggle/ and runners/ scripts)
runs/smoke/sdalr_JNU_final_checkpoint/__pycache__/data_list.cpython-311.pyc,8365,local run cache (regenerable by kaggle/ and runners/ scripts)
runs/smoke/sdalr_JNU_final_checkpoint/__pycache__/loss.cpython-311.pyc,2931,local run cache (regenerable by kaggle/ and runners/ scripts)
runs/smoke/sdalr_JNU_final_checkpoint/__pycache__/mix.cpython-311.pyc,2720,local run cache (regenerable by kaggle/ and runners/ scripts)
runs/smoke/sdalr_JNU_final_checkpoint/__pycache__/model.cpython-311.pyc,5371,local run cache (regenerable by kaggle/ and runners/ scripts)
runs/smoke/sdalr_JNU_final_checkpoint/__pycache__/network.cpython-311.pyc,17459,local run cache (regenerable by kaggle/ and runners/ scripts)
runs/smoke/sdalr_JNU_final_checkpoint/__pycache__/NetworkSimplex.cpython-311.pyc,12744,local run cache (regenerable by kaggle/ and runners/ scripts)
runs/smoke/sdalr_JNU_final_checkpoint/__pycache__/plot_t_SNE.cpython-311.pyc,15014,local run cache (regenerable by kaggle/ and runners/ scripts)
runs/smoke/sdalr_JNU_final_checkpoint/__pycache__/text.cpython-311.pyc,7646,local run cache (regenerable by kaggle/ and runners/ scripts)
runs/smoke/sdalr_JNU_final_checkpoint/__pycache__/tools.cpython-311.pyc,30240,local run cache (regenerable by kaggle/ and runners/ scripts)
runs/smoke/weight_JNU_as_released_s2024/NEW_JNU/Source-源域/(B1)src_class_output.xlsx,5140,local run cache (regenerable by kaggle/ and runners/ scripts)
runs/smoke/weight_JNU_as_released_s2024/NEW_JNU/Source-源域/(B2)src_class_output.xlsx,5136,local run cache (regenerable by kaggle/ and runners/ scripts)
runs/smoke/weight_JNU_as_released_s2024/NEW_JNU/Source-源域/(B3)src_class_output.xlsx,5135,local run cache (regenerable by kaggle/ and runners/ scripts)
runs/smoke/weight_JNU_as_released_s2024/NEW_JNU/Source-源域/src_output.xlsx,5174,local run cache (regenerable by kaggle/ and runners/ scripts)
runs/smoke/weight_JNU_as_released_s2024/NEW_JNU/Source-源域/log&pt/(B1)600/log_20260913_122327.txt,3718,local run cache (regenerable by kaggle/ and runners/ scripts)
runs/smoke/weight_JNU_as_released_s2024/NEW_JNU/Source-源域/log&pt/(B1)600/source_1.pt,15451727,local run cache (regenerable by kaggle/ and runners/ scripts)
runs/smoke/weight_JNU_as_released_s2024/NEW_JNU/Source-源域/log&pt/(B1)600/source_2.pt,532433,local run cache (regenerable by kaggle/ and runners/ scripts)
runs/smoke/weight_JNU_as_released_s2024/NEW_JNU/Source-源域/log&pt/(B1)600/source_C.pt,6305,local run cache (regenerable by kaggle/ and runners/ scripts)
runs/smoke/weight_JNU_as_released_s2024/NEW_JNU/Source-源域/log&pt/(B2)800/log_20260913_122327.txt,3912,local run cache (regenerable by kaggle/ and runners/ scripts)
runs/smoke/weight_JNU_as_released_s2024/NEW_JNU/Source-源域/log&pt/(B2)800/source_1.pt,15451727,local run cache (regenerable by kaggle/ and runners/ scripts)
runs/smoke/weight_JNU_as_released_s2024/NEW_JNU/Source-源域/log&pt/(B2)800/source_2.pt,532433,local run cache (regenerable by kaggle/ and runners/ scripts)
runs/smoke/weight_JNU_as_released_s2024/NEW_JNU/Source-源域/log&pt/(B2)800/source_C.pt,6305,local run cache (regenerable by kaggle/ and runners/ scripts)
runs/smoke/weight_JNU_as_released_s2024/NEW_JNU/Source-源域/log&pt/(B3)1000/log_20260913_122327.txt,3963,local run cache (regenerable by kaggle/ and runners/ scripts)
runs/smoke/weight_JNU_as_released_s2024/NEW_JNU/Source-源域/log&pt/(B3)1000/source_1.pt,15451727,local run cache (regenerable by kaggle/ and runners/ scripts)
runs/smoke/weight_JNU_as_released_s2024/NEW_JNU/Source-源域/log&pt/(B3)1000/source_2.pt,532433,local run cache (regenerable by kaggle/ and runners/ scripts)
runs/smoke/weight_JNU_as_released_s2024/NEW_JNU/Source-源域/log&pt/(B3)1000/source_C.pt,6305,local run cache (regenerable by kaggle/ and runners/ scripts)
runs/smoke/weight_JNU_as_released_s2024/NEW_JNU/Target-目标域/(B1)→(B2)tar_class_output.xlsx,5275,local run cache (regenerable by kaggle/ and runners/ scripts)
runs/smoke/weight_JNU_as_released_s2024/NEW_JNU/Target-目标域/tar_output.xlsx,5271,local run cache (regenerable by kaggle/ and runners/ scripts)
runs/smoke/weight_JNU_as_released_s2024/NEW_JNU/Target-目标域/log&pt/(B1)600→(B2)800/log_20260913_122526.txt,11276,local run cache (regenerable by kaggle/ and runners/ scripts)
runs/smoke/weight_JNU_as_released_s2024/NEW_JNU/Target-目标域/log&pt/(B1)600→(B2)800/source_1.pt,15451727,local run cache (regenerable by kaggle/ and runners/ scripts)
runs/smoke/weight_JNU_as_released_s2024/NEW_JNU/Target-目标域/log&pt/(B1)600→(B2)800/source_2.pt,532433,local run cache (regenerable by kaggle/ and runners/ scripts)
runs/smoke/weight_JNU_as_released_s2024/NEW_JNU/Target-目标域/log&pt/(B1)600→(B2)800/source_C.pt,6305,local run cache (regenerable by kaggle/ and runners/ scripts)
runs/smoke/weight_JNU_final_checkpoint_s2024/NEW_JNU/Source-源域/(B1)src_class_output.xlsx,5140,local run cache (regenerable by kaggle/ and runners/ scripts)
runs/smoke/weight_JNU_final_checkpoint_s2024/NEW_JNU/Source-源域/(B2)src_class_output.xlsx,5136,local run cache (regenerable by kaggle/ and runners/ scripts)
runs/smoke/weight_JNU_final_checkpoint_s2024/NEW_JNU/Source-源域/(B3)src_class_output.xlsx,5135,local run cache (regenerable by kaggle/ and runners/ scripts)
runs/smoke/weight_JNU_final_checkpoint_s2024/NEW_JNU/Source-源域/src_output.xlsx,5174,local run cache (regenerable by kaggle/ and runners/ scripts)
runs/smoke/weight_JNU_final_checkpoint_s2024/NEW_JNU/Source-源域/log&pt/(B1)600/log_20260913_122327.txt,3718,local run cache (regenerable by kaggle/ and runners/ scripts)
runs/smoke/weight_JNU_final_checkpoint_s2024/NEW_JNU/Source-源域/log&pt/(B1)600/source_1.pt,15451727,local run cache (regenerable by kaggle/ and runners/ scripts)
runs/smoke/weight_JNU_final_checkpoint_s2024/NEW_JNU/Source-源域/log&pt/(B1)600/source_2.pt,532433,local run cache (regenerable by kaggle/ and runners/ scripts)
runs/smoke/weight_JNU_final_checkpoint_s2024/NEW_JNU/Source-源域/log&pt/(B1)600/source_C.pt,6305,local run cache (regenerable by kaggle/ and runners/ scripts)
runs/smoke/weight_JNU_final_checkpoint_s2024/NEW_JNU/Source-源域/log&pt/(B2)800/log_20260913_122327.txt,3912,local run cache (regenerable by kaggle/ and runners/ scripts)
runs/smoke/weight_JNU_final_checkpoint_s2024/NEW_JNU/Source-源域/log&pt/(B2)800/source_1.pt,15451727,local run cache (regenerable by kaggle/ and runners/ scripts)
runs/smoke/weight_JNU_final_checkpoint_s2024/NEW_JNU/Source-源域/log&pt/(B2)800/source_2.pt,532433,local run cache (regenerable by kaggle/ and runners/ scripts)
runs/smoke/weight_JNU_final_checkpoint_s2024/NEW_JNU/Source-源域/log&pt/(B2)800/source_C.pt,6305,local run cache (regenerable by kaggle/ and runners/ scripts)
runs/smoke/weight_JNU_final_checkpoint_s2024/NEW_JNU/Source-源域/log&pt/(B3)1000/log_20260913_122327.txt,3963,local run cache (regenerable by kaggle/ and runners/ scripts)
runs/smoke/weight_JNU_final_checkpoint_s2024/NEW_JNU/Source-源域/log&pt/(B3)1000/source_1.pt,15451727,local run cache (regenerable by kaggle/ and runners/ scripts)
runs/smoke/weight_JNU_final_checkpoint_s2024/NEW_JNU/Source-源域/log&pt/(B3)1000/source_2.pt,532433,local run cache (regenerable by kaggle/ and runners/ scripts)
runs/smoke/weight_JNU_final_checkpoint_s2024/NEW_JNU/Source-源域/log&pt/(B3)1000/source_C.pt,6305,local run cache (regenerable by kaggle/ and runners/ scripts)
runs/smoke/weight_JNU_final_checkpoint_s2024/NEW_JNU/Target-目标域/(B1)→(B2)tar_class_output.xlsx,5276,local run cache (regenerable by kaggle/ and runners/ scripts)
runs/smoke/weight_JNU_final_checkpoint_s2024/NEW_JNU/Target-目标域/tar_output.xlsx,5272,local run cache (regenerable by kaggle/ and runners/ scripts)
runs/smoke/weight_JNU_final_checkpoint_s2024/NEW_JNU/Target-目标域/log&pt/(B1)600→(B2)800/log_20260913_122954.txt,11326,local run cache (regenerable by kaggle/ and runners/ scripts)
runs/smoke/weight_JNU_final_checkpoint_s2024/NEW_JNU/Target-目标域/log&pt/(B1)600→(B2)800/source_1.pt,15451727,local run cache (regenerable by kaggle/ and runners/ scripts)
runs/smoke/weight_JNU_final_checkpoint_s2024/NEW_JNU/Target-目标域/log&pt/(B1)600→(B2)800/source_2.pt,532433,local run cache (regenerable by kaggle/ and runners/ scripts)
runs/smoke/weight_JNU_final_checkpoint_s2024/NEW_JNU/Target-目标域/log&pt/(B1)600→(B2)800/source_C.pt,6305,local run cache (regenerable by kaggle/ and runners/ scripts)
runs/smoke/weight_src_JNU_s2024/NEW_JNU/Source-源域/(B1)src_class_output.xlsx,5140,local run cache (regenerable by kaggle/ and runners/ scripts)
runs/smoke/weight_src_JNU_s2024/NEW_JNU/Source-源域/(B2)src_class_output.xlsx,5136,local run cache (regenerable by kaggle/ and runners/ scripts)
runs/smoke/weight_src_JNU_s2024/NEW_JNU/Source-源域/(B3)src_class_output.xlsx,5135,local run cache (regenerable by kaggle/ and runners/ scripts)
runs/smoke/weight_src_JNU_s2024/NEW_JNU/Source-源域/src_output.xlsx,5174,local run cache (regenerable by kaggle/ and runners/ scripts)
runs/smoke/weight_src_JNU_s2024/NEW_JNU/Source-源域/log&pt/(B1)600/log_20260913_122327.txt,3718,local run cache (regenerable by kaggle/ and runners/ scripts)
runs/smoke/weight_src_JNU_s2024/NEW_JNU/Source-源域/log&pt/(B1)600/source_1.pt,15451727,local run cache (regenerable by kaggle/ and runners/ scripts)
runs/smoke/weight_src_JNU_s2024/NEW_JNU/Source-源域/log&pt/(B1)600/source_2.pt,532433,local run cache (regenerable by kaggle/ and runners/ scripts)
runs/smoke/weight_src_JNU_s2024/NEW_JNU/Source-源域/log&pt/(B1)600/source_C.pt,6305,local run cache (regenerable by kaggle/ and runners/ scripts)
runs/smoke/weight_src_JNU_s2024/NEW_JNU/Source-源域/log&pt/(B2)800/log_20260913_122327.txt,3912,local run cache (regenerable by kaggle/ and runners/ scripts)
runs/smoke/weight_src_JNU_s2024/NEW_JNU/Source-源域/log&pt/(B2)800/source_1.pt,15451727,local run cache (regenerable by kaggle/ and runners/ scripts)
runs/smoke/weight_src_JNU_s2024/NEW_JNU/Source-源域/log&pt/(B2)800/source_2.pt,532433,local run cache (regenerable by kaggle/ and runners/ scripts)
runs/smoke/weight_src_JNU_s2024/NEW_JNU/Source-源域/log&pt/(B2)800/source_C.pt,6305,local run cache (regenerable by kaggle/ and runners/ scripts)
runs/smoke/weight_src_JNU_s2024/NEW_JNU/Source-源域/log&pt/(B3)1000/log_20260913_122327.txt,3963,local run cache (regenerable by kaggle/ and runners/ scripts)
runs/smoke/weight_src_JNU_s2024/NEW_JNU/Source-源域/log&pt/(B3)1000/source_1.pt,15451727,local run cache (regenerable by kaggle/ and runners/ scripts)
runs/smoke/weight_src_JNU_s2024/NEW_JNU/Source-源域/log&pt/(B3)1000/source_2.pt,532433,local run cache (regenerable by kaggle/ and runners/ scripts)
runs/smoke/weight_src_JNU_s2024/NEW_JNU/Source-源域/log&pt/(B3)1000/source_C.pt,6305,local run cache (regenerable by kaggle/ and runners/ scripts)
runs/smoke_m1/result_PU_M1_as_released_FAtoB_s2024_smoke.json,558,local run cache (regenerable by kaggle/ and runners/ scripts)
runs/smoke_m1/logs_PU_M1_as_released_FAtoB_s2024/adapt_01.log,5349,local run cache (regenerable by kaggle/ and runners/ scripts)
runs/smoke_m1/logs_PU_M1_as_released_FAtoB_s2024/pretrain.log,7562,local run cache (regenerable by kaggle/ and runners/ scripts)
runs/smoke_m1/sdalr_PU_as_released/ablation_JNU.sh,1292,local run cache (regenerable by kaggle/ and runners/ scripts)
runs/smoke_m1/sdalr_PU_as_released/ablation_PU.sh,1312,local run cache (regenerable by kaggle/ and runners/ scripts)
runs/smoke_m1/sdalr_PU_as_released/CenterBasedClustering.py,4175,local run cache (regenerable by kaggle/ and runners/ scripts)
runs/smoke_m1/sdalr_PU_as_released/choose_s_t_JNU.sh,2669,local run cache (regenerable by kaggle/ and runners/ scripts)
runs/smoke_m1/sdalr_PU_as_released/choose_s_t_PU.sh,2668,local run cache (regenerable by kaggle/ and runners/ scripts)
runs/smoke_m1/sdalr_PU_as_released/data_list.py,4883,local run cache (regenerable by kaggle/ and runners/ scripts)
runs/smoke_m1/sdalr_PU_as_released/label.py,9668,local run cache (regenerable by kaggle/ and runners/ scripts)
runs/smoke_m1/sdalr_PU_as_released/loss.py,2281,local run cache (regenerable by kaggle/ and runners/ scripts)
runs/smoke_m1/sdalr_PU_as_released/mine.py,2738,local run cache (regenerable by kaggle/ and runners/ scripts)
runs/smoke_m1/sdalr_PU_as_released/mix.py,2105,local run cache (regenerable by kaggle/ and runners/ scripts)
runs/smoke_m1/sdalr_PU_as_released/model.py,2576,local run cache (regenerable by kaggle/ and runners/ scripts)
runs/smoke_m1/sdalr_PU_as_released/network.py,8713,local run cache (regenerable by kaggle/ and runners/ scripts)
runs/smoke_m1/sdalr_PU_as_released/NetworkSimplex.py,8597,local run cache (regenerable by kaggle/ and runners/ scripts)
runs/smoke_m1/sdalr_PU_as_released/plot_t_SNE.py,11839,local run cache (regenerable by kaggle/ and runners/ scripts)
runs/smoke_m1/sdalr_PU_as_released/plot_t_SNE_tar.py,5975,local run cache (regenerable by kaggle/ and runners/ scripts)
runs/smoke_m1/sdalr_PU_as_released/print_to_word.py,2062,local run cache (regenerable by kaggle/ and runners/ scripts)
runs/smoke_m1/sdalr_PU_as_released/README.md,3949,local run cache (regenerable by kaggle/ and runners/ scripts)
runs/smoke_m1/sdalr_PU_as_released/src_pretrain_RES_JNU.py,15046,local run cache (regenerable by kaggle/ and runners/ scripts)
runs/smoke_m1/sdalr_PU_as_released/src_pretrain_RES_PU.py,15065,local run cache (regenerable by kaggle/ and runners/ scripts)
runs/smoke_m1/sdalr_PU_as_released/tar_adaptation_RES_JNU.py,30132,local run cache (regenerable by kaggle/ and runners/ scripts)
runs/smoke_m1/sdalr_PU_as_released/tar_adaptation_RES_JNU_Ablation.py,30181,local run cache (regenerable by kaggle/ and runners/ scripts)
runs/smoke_m1/sdalr_PU_as_released/tar_adaptation_RES_PU.py,29468,local run cache (regenerable by kaggle/ and runners/ scripts)
runs/smoke_m1/sdalr_PU_as_released/tar_adaptation_RES_PU_Ablation.py,29788,local run cache (regenerable by kaggle/ and runners/ scripts)
runs/smoke_m1/sdalr_PU_as_released/text.py,4922,local run cache (regenerable by kaggle/ and runners/ scripts)
runs/smoke_m1/sdalr_PU_as_released/tools.py,23666,local run cache (regenerable by kaggle/ and runners/ scripts)
runs/smoke_m1/sdalr_PU_as_released/DATA_foldA/PU_M1_L3/N15_M01_F10_label.txt,214890,local run cache (regenerable by kaggle/ and runners/ scripts)
runs/smoke_m1/sdalr_PU_as_released/DATA_foldA/PU_M1_L3/N15_M07_F04_label.txt,214890,local run cache (regenerable by kaggle/ and runners/ scripts)
runs/smoke_m1/sdalr_PU_as_released/DATA_foldA/PU_M1_L3/N15_M07_F10_label.txt,214890,local run cache (regenerable by kaggle/ and runners/ scripts)
runs/smoke_m1/sdalr_PU_as_released/DATA_foldB/PU_M1_L3/N15_M01_F10_label.txt,214890,local run cache (regenerable by kaggle/ and runners/ scripts)
runs/smoke_m1/sdalr_PU_as_released/DATA_foldB/PU_M1_L3/N15_M07_F04_label.txt,214890,local run cache (regenerable by kaggle/ and runners/ scripts)
runs/smoke_m1/sdalr_PU_as_released/DATA_foldB/PU_M1_L3/N15_M07_F10_label.txt,214890,local run cache (regenerable by kaggle/ and runners/ scripts)
runs/smoke_m1/sdalr_PU_as_released/__pycache__/CenterBasedClustering.cpython-311.pyc,9338,local run cache (regenerable by kaggle/ and runners/ scripts)
runs/smoke_m1/sdalr_PU_as_released/__pycache__/data_list.cpython-311.pyc,8362,local run cache (regenerable by kaggle/ and runners/ scripts)
runs/smoke_m1/sdalr_PU_as_released/__pycache__/loss.cpython-311.pyc,2928,local run cache (regenerable by kaggle/ and runners/ scripts)
runs/smoke_m1/sdalr_PU_as_released/__pycache__/mix.cpython-311.pyc,2717,local run cache (regenerable by kaggle/ and runners/ scripts)
runs/smoke_m1/sdalr_PU_as_released/__pycache__/model.cpython-311.pyc,5368,local run cache (regenerable by kaggle/ and runners/ scripts)
runs/smoke_m1/sdalr_PU_as_released/__pycache__/network.cpython-311.pyc,17456,local run cache (regenerable by kaggle/ and runners/ scripts)
runs/smoke_m1/sdalr_PU_as_released/__pycache__/NetworkSimplex.cpython-311.pyc,12741,local run cache (regenerable by kaggle/ and runners/ scripts)
runs/smoke_m1/sdalr_PU_as_released/__pycache__/plot_t_SNE.cpython-311.pyc,15011,local run cache (regenerable by kaggle/ and runners/ scripts)
runs/smoke_m1/sdalr_PU_as_released/__pycache__/text.cpython-311.pyc,7643,local run cache (regenerable by kaggle/ and runners/ scripts)
runs/smoke_m1/sdalr_PU_as_released/__pycache__/tools.cpython-311.pyc,30237,local run cache (regenerable by kaggle/ and runners/ scripts)
runs/smoke_m1/weight_PU_M1_as_released_FAtoB_s2024/NEW_PU/Source-源域/(B1)src_class_output.xlsx,5122,local run cache (regenerable by kaggle/ and runners/ scripts)
runs/smoke_m1/weight_PU_M1_as_released_FAtoB_s2024/NEW_PU/Source-源域/(B2)src_class_output.xlsx,5123,local run cache (regenerable by kaggle/ and runners/ scripts)
runs/smoke_m1/weight_PU_M1_as_released_FAtoB_s2024/NEW_PU/Source-源域/(B3)src_class_output.xlsx,5123,local run cache (regenerable by kaggle/ and runners/ scripts)
runs/smoke_m1/weight_PU_M1_as_released_FAtoB_s2024/NEW_PU/Source-源域/src_output.xlsx,5158,local run cache (regenerable by kaggle/ and runners/ scripts)
runs/smoke_m1/weight_PU_M1_as_released_FAtoB_s2024/NEW_PU/Source-源域/log&pt/(B1)N15_M01_F10/log_20260913_132055.txt,3307,local run cache (regenerable by kaggle/ and runners/ scripts)
runs/smoke_m1/weight_PU_M1_as_released_FAtoB_s2024/NEW_PU/Source-源域/log&pt/(B1)N15_M01_F10/source_1.pt,15451727,local run cache (regenerable by kaggle/ and runners/ scripts)
runs/smoke_m1/weight_PU_M1_as_released_FAtoB_s2024/NEW_PU/Source-源域/log&pt/(B1)N15_M01_F10/source_2.pt,532433,local run cache (regenerable by kaggle/ and runners/ scripts)
runs/smoke_m1/weight_PU_M1_as_released_FAtoB_s2024/NEW_PU/Source-源域/log&pt/(B1)N15_M01_F10/source_C.pt,5281,local run cache (regenerable by kaggle/ and runners/ scripts)
runs/smoke_m1/weight_PU_M1_as_released_FAtoB_s2024/NEW_PU/Source-源域/log&pt/(B2)N15_M07_F10/log_20260913_132055.txt,3526,local run cache (regenerable by kaggle/ and runners/ scripts)
runs/smoke_m1/weight_PU_M1_as_released_FAtoB_s2024/NEW_PU/Source-源域/log&pt/(B2)N15_M07_F10/source_1.pt,15451727,local run cache (regenerable by kaggle/ and runners/ scripts)
runs/smoke_m1/weight_PU_M1_as_released_FAtoB_s2024/NEW_PU/Source-源域/log&pt/(B2)N15_M07_F10/source_2.pt,532433,local run cache (regenerable by kaggle/ and runners/ scripts)
runs/smoke_m1/weight_PU_M1_as_released_FAtoB_s2024/NEW_PU/Source-源域/log&pt/(B2)N15_M07_F10/source_C.pt,5281,local run cache (regenerable by kaggle/ and runners/ scripts)
runs/smoke_m1/weight_PU_M1_as_released_FAtoB_s2024/NEW_PU/Source-源域/log&pt/(B3)N15_M07_F04/log_20260913_132055.txt,3387,local run cache (regenerable by kaggle/ and runners/ scripts)
runs/smoke_m1/weight_PU_M1_as_released_FAtoB_s2024/NEW_PU/Source-源域/log&pt/(B3)N15_M07_F04/source_1.pt,15451727,local run cache (regenerable by kaggle/ and runners/ scripts)
runs/smoke_m1/weight_PU_M1_as_released_FAtoB_s2024/NEW_PU/Source-源域/log&pt/(B3)N15_M07_F04/source_2.pt,532433,local run cache (regenerable by kaggle/ and runners/ scripts)
runs/smoke_m1/weight_PU_M1_as_released_FAtoB_s2024/NEW_PU/Source-源域/log&pt/(B3)N15_M07_F04/source_C.pt,5281,local run cache (regenerable by kaggle/ and runners/ scripts)
runs/smoke_m1/weight_PU_M1_as_released_FAtoB_s2024/NEW_PU/Target-目标域/(B1)→(B2)tar_class_output.xlsx,5275,local run cache (regenerable by kaggle/ and runners/ scripts)
runs/smoke_m1/weight_PU_M1_as_released_FAtoB_s2024/NEW_PU/Target-目标域/tar_output.xlsx,5280,local run cache (regenerable by kaggle/ and runners/ scripts)
runs/smoke_m1/weight_PU_M1_as_released_FAtoB_s2024/NEW_PU/Target-目标域/log&pt/(B1)N15_M01_F10→(B2)N15_M07_F10/log_20260913_132215.txt,6476,local run cache (regenerable by kaggle/ and runners/ scripts)
runs/smoke_m1/weight_PU_M1_as_released_FAtoB_s2024/NEW_PU/Target-目标域/log&pt/(B1)N15_M01_F10→(B2)N15_M07_F10/source_1.pt,15451727,local run cache (regenerable by kaggle/ and runners/ scripts)
runs/smoke_m1/weight_PU_M1_as_released_FAtoB_s2024/NEW_PU/Target-目标域/log&pt/(B1)N15_M01_F10→(B2)N15_M07_F10/source_2.pt,532433,local run cache (regenerable by kaggle/ and runners/ scripts)
runs/smoke_m1/weight_PU_M1_as_released_FAtoB_s2024/NEW_PU/Target-目标域/log&pt/(B1)N15_M01_F10→(B2)N15_M07_F10/source_C.pt,5281,local run cache (regenerable by kaggle/ and runners/ scripts)
runs/smoke_m1/weight_src_PU_M1_FA_s2024/NEW_PU/Source-源域/(B1)src_class_output.xlsx,5122,local run cache (regenerable by kaggle/ and runners/ scripts)
runs/smoke_m1/weight_src_PU_M1_FA_s2024/NEW_PU/Source-源域/(B2)src_class_output.xlsx,5123,local run cache (regenerable by kaggle/ and runners/ scripts)
runs/smoke_m1/weight_src_PU_M1_FA_s2024/NEW_PU/Source-源域/(B3)src_class_output.xlsx,5123,local run cache (regenerable by kaggle/ and runners/ scripts)
runs/smoke_m1/weight_src_PU_M1_FA_s2024/NEW_PU/Source-源域/src_output.xlsx,5158,local run cache (regenerable by kaggle/ and runners/ scripts)
runs/smoke_m1/weight_src_PU_M1_FA_s2024/NEW_PU/Source-源域/log&pt/(B1)N15_M01_F10/log_20260913_132055.txt,3307,local run cache (regenerable by kaggle/ and runners/ scripts)
runs/smoke_m1/weight_src_PU_M1_FA_s2024/NEW_PU/Source-源域/log&pt/(B1)N15_M01_F10/source_1.pt,15451727,local run cache (regenerable by kaggle/ and runners/ scripts)
runs/smoke_m1/weight_src_PU_M1_FA_s2024/NEW_PU/Source-源域/log&pt/(B1)N15_M01_F10/source_2.pt,532433,local run cache (regenerable by kaggle/ and runners/ scripts)
runs/smoke_m1/weight_src_PU_M1_FA_s2024/NEW_PU/Source-源域/log&pt/(B1)N15_M01_F10/source_C.pt,5281,local run cache (regenerable by kaggle/ and runners/ scripts)
runs/smoke_m1/weight_src_PU_M1_FA_s2024/NEW_PU/Source-源域/log&pt/(B2)N15_M07_F10/log_20260913_132055.txt,3526,local run cache (regenerable by kaggle/ and runners/ scripts)
runs/smoke_m1/weight_src_PU_M1_FA_s2024/NEW_PU/Source-源域/log&pt/(B2)N15_M07_F10/source_1.pt,15451727,local run cache (regenerable by kaggle/ and runners/ scripts)
runs/smoke_m1/weight_src_PU_M1_FA_s2024/NEW_PU/Source-源域/log&pt/(B2)N15_M07_F10/source_2.pt,532433,local run cache (regenerable by kaggle/ and runners/ scripts)
runs/smoke_m1/weight_src_PU_M1_FA_s2024/NEW_PU/Source-源域/log&pt/(B2)N15_M07_F10/source_C.pt,5281,local run cache (regenerable by kaggle/ and runners/ scripts)
runs/smoke_m1/weight_src_PU_M1_FA_s2024/NEW_PU/Source-源域/log&pt/(B3)N15_M07_F04/log_20260913_132055.txt,3387,local run cache (regenerable by kaggle/ and runners/ scripts)
runs/smoke_m1/weight_src_PU_M1_FA_s2024/NEW_PU/Source-源域/log&pt/(B3)N15_M07_F04/source_1.pt,15451727,local run cache (regenerable by kaggle/ and runners/ scripts)
runs/smoke_m1/weight_src_PU_M1_FA_s2024/NEW_PU/Source-源域/log&pt/(B3)N15_M07_F04/source_2.pt,532433,local run cache (regenerable by kaggle/ and runners/ scripts)
runs/smoke_m1/weight_src_PU_M1_FA_s2024/NEW_PU/Source-源域/log&pt/(B3)N15_M07_F04/source_C.pt,5281,local run cache (regenerable by kaggle/ and runners/ scripts)
runs/smoke_m2/result_PU_M1_final_checkpoint_FAtoB_gatepcv_s2024_smoke.json,1433,local run cache (regenerable by kaggle/ and runners/ scripts)
runs/smoke_m2/logs_PU_M1_final_checkpoint_FAtoB_gatepcv_s2024/adapt_01.log,5442,local run cache (regenerable by kaggle/ and runners/ scripts)
runs/smoke_m2/logs_PU_M1_final_checkpoint_FAtoB_gatepcv_s2024/pred_01.npz,4823,local run cache (regenerable by kaggle/ and runners/ scripts)
runs/smoke_m2/logs_PU_M1_final_checkpoint_FAtoB_gatepcv_s2024/pretrain.log,7794,local run cache (regenerable by kaggle/ and runners/ scripts)
runs/smoke_m2/sdalr_PU_final_checkpoint/ablation_JNU.sh,1292,local run cache (regenerable by kaggle/ and runners/ scripts)
runs/smoke_m2/sdalr_PU_final_checkpoint/ablation_PU.sh,1312,local run cache (regenerable by kaggle/ and runners/ scripts)
runs/smoke_m2/sdalr_PU_final_checkpoint/CenterBasedClustering.py,4175,local run cache (regenerable by kaggle/ and runners/ scripts)
runs/smoke_m2/sdalr_PU_final_checkpoint/choose_s_t_JNU.sh,2669,local run cache (regenerable by kaggle/ and runners/ scripts)
runs/smoke_m2/sdalr_PU_final_checkpoint/choose_s_t_PU.sh,2668,local run cache (regenerable by kaggle/ and runners/ scripts)
runs/smoke_m2/sdalr_PU_final_checkpoint/data_list.py,4883,local run cache (regenerable by kaggle/ and runners/ scripts)
runs/smoke_m2/sdalr_PU_final_checkpoint/label.py,9668,local run cache (regenerable by kaggle/ and runners/ scripts)
runs/smoke_m2/sdalr_PU_final_checkpoint/loss.py,2281,local run cache (regenerable by kaggle/ and runners/ scripts)
runs/smoke_m2/sdalr_PU_final_checkpoint/mine.py,2738,local run cache (regenerable by kaggle/ and runners/ scripts)
runs/smoke_m2/sdalr_PU_final_checkpoint/mix.py,2105,local run cache (regenerable by kaggle/ and runners/ scripts)
runs/smoke_m2/sdalr_PU_final_checkpoint/model.py,2576,local run cache (regenerable by kaggle/ and runners/ scripts)
runs/smoke_m2/sdalr_PU_final_checkpoint/network.py,8713,local run cache (regenerable by kaggle/ and runners/ scripts)
runs/smoke_m2/sdalr_PU_final_checkpoint/NetworkSimplex.py,8597,local run cache (regenerable by kaggle/ and runners/ scripts)
runs/smoke_m2/sdalr_PU_final_checkpoint/plot_t_SNE.py,11839,local run cache (regenerable by kaggle/ and runners/ scripts)
runs/smoke_m2/sdalr_PU_final_checkpoint/plot_t_SNE_tar.py,5975,local run cache (regenerable by kaggle/ and runners/ scripts)
runs/smoke_m2/sdalr_PU_final_checkpoint/print_to_word.py,2062,local run cache (regenerable by kaggle/ and runners/ scripts)
runs/smoke_m2/sdalr_PU_final_checkpoint/README.md,3949,local run cache (regenerable by kaggle/ and runners/ scripts)
runs/smoke_m2/sdalr_PU_final_checkpoint/src_pretrain_RES_JNU.py,15046,local run cache (regenerable by kaggle/ and runners/ scripts)
runs/smoke_m2/sdalr_PU_final_checkpoint/src_pretrain_RES_PU.py,15065,local run cache (regenerable by kaggle/ and runners/ scripts)
runs/smoke_m2/sdalr_PU_final_checkpoint/tar_adaptation_RES_JNU.py,30132,local run cache (regenerable by kaggle/ and runners/ scripts)
runs/smoke_m2/sdalr_PU_final_checkpoint/tar_adaptation_RES_JNU_Ablation.py,30181,local run cache (regenerable by kaggle/ and runners/ scripts)
runs/smoke_m2/sdalr_PU_final_checkpoint/tar_adaptation_RES_PU.py,29508,local run cache (regenerable by kaggle/ and runners/ scripts)
runs/smoke_m2/sdalr_PU_final_checkpoint/tar_adaptation_RES_PU_Ablation.py,29788,local run cache (regenerable by kaggle/ and runners/ scripts)
runs/smoke_m2/sdalr_PU_final_checkpoint/text.py,4922,local run cache (regenerable by kaggle/ and runners/ scripts)
runs/smoke_m2/sdalr_PU_final_checkpoint/tools.py,23666,local run cache (regenerable by kaggle/ and runners/ scripts)
runs/smoke_m2/sdalr_PU_final_checkpoint/DATA_foldA/PU_M1_L3/N15_M01_F10_label.txt,214890,local run cache (regenerable by kaggle/ and runners/ scripts)
runs/smoke_m2/sdalr_PU_final_checkpoint/DATA_foldA/PU_M1_L3/N15_M07_F04_label.txt,214890,local run cache (regenerable by kaggle/ and runners/ scripts)
runs/smoke_m2/sdalr_PU_final_checkpoint/DATA_foldA/PU_M1_L3/N15_M07_F10_label.txt,214890,local run cache (regenerable by kaggle/ and runners/ scripts)
runs/smoke_m2/sdalr_PU_final_checkpoint/DATA_foldB/PU_M1_L3/N15_M01_F10_label.txt,214890,local run cache (regenerable by kaggle/ and runners/ scripts)
runs/smoke_m2/sdalr_PU_final_checkpoint/DATA_foldB/PU_M1_L3/N15_M07_F04_label.txt,214890,local run cache (regenerable by kaggle/ and runners/ scripts)
runs/smoke_m2/sdalr_PU_final_checkpoint/DATA_foldB/PU_M1_L3/N15_M07_F10_label.txt,214890,local run cache (regenerable by kaggle/ and runners/ scripts)
runs/smoke_m2/sdalr_PU_final_checkpoint/__pycache__/CenterBasedClustering.cpython-311.pyc,9343,local run cache (regenerable by kaggle/ and runners/ scripts)
runs/smoke_m2/sdalr_PU_final_checkpoint/__pycache__/data_list.cpython-311.pyc,8367,local run cache (regenerable by kaggle/ and runners/ scripts)
runs/smoke_m2/sdalr_PU_final_checkpoint/__pycache__/loss.cpython-311.pyc,2933,local run cache (regenerable by kaggle/ and runners/ scripts)
runs/smoke_m2/sdalr_PU_final_checkpoint/__pycache__/mix.cpython-311.pyc,2722,local run cache (regenerable by kaggle/ and runners/ scripts)
runs/smoke_m2/sdalr_PU_final_checkpoint/__pycache__/model.cpython-311.pyc,5373,local run cache (regenerable by kaggle/ and runners/ scripts)
runs/smoke_m2/sdalr_PU_final_checkpoint/__pycache__/network.cpython-311.pyc,17461,local run cache (regenerable by kaggle/ and runners/ scripts)
runs/smoke_m2/sdalr_PU_final_checkpoint/__pycache__/NetworkSimplex.cpython-311.pyc,12746,local run cache (regenerable by kaggle/ and runners/ scripts)
runs/smoke_m2/sdalr_PU_final_checkpoint/__pycache__/plot_t_SNE.cpython-311.pyc,15016,local run cache (regenerable by kaggle/ and runners/ scripts)
runs/smoke_m2/sdalr_PU_final_checkpoint/__pycache__/text.cpython-311.pyc,7648,local run cache (regenerable by kaggle/ and runners/ scripts)
runs/smoke_m2/sdalr_PU_final_checkpoint/__pycache__/tools.cpython-311.pyc,30242,local run cache (regenerable by kaggle/ and runners/ scripts)
runs/smoke_m2/weight_PU_M1_final_checkpoint_FAtoB_gatepcv_s2024/NEW_PU/Source-源域/(B1)src_class_output.xlsx,5123,local run cache (regenerable by kaggle/ and runners/ scripts)
runs/smoke_m2/weight_PU_M1_final_checkpoint_FAtoB_gatepcv_s2024/NEW_PU/Source-源域/(B2)src_class_output.xlsx,5123,local run cache (regenerable by kaggle/ and runners/ scripts)
runs/smoke_m2/weight_PU_M1_final_checkpoint_FAtoB_gatepcv_s2024/NEW_PU/Source-源域/(B3)src_class_output.xlsx,5123,local run cache (regenerable by kaggle/ and runners/ scripts)
runs/smoke_m2/weight_PU_M1_final_checkpoint_FAtoB_gatepcv_s2024/NEW_PU/Source-源域/src_output.xlsx,5161,local run cache (regenerable by kaggle/ and runners/ scripts)
runs/smoke_m2/weight_PU_M1_final_checkpoint_FAtoB_gatepcv_s2024/NEW_PU/Source-源域/log&pt/(B1)N15_M01_F10/log_20260914_035709.txt,3332,local run cache (regenerable by kaggle/ and runners/ scripts)
runs/smoke_m2/weight_PU_M1_final_checkpoint_FAtoB_gatepcv_s2024/NEW_PU/Source-源域/log&pt/(B1)N15_M01_F10/source_1.pt,15451727,local run cache (regenerable by kaggle/ and runners/ scripts)
runs/smoke_m2/weight_PU_M1_final_checkpoint_FAtoB_gatepcv_s2024/NEW_PU/Source-源域/log&pt/(B1)N15_M01_F10/source_2.pt,532433,local run cache (regenerable by kaggle/ and runners/ scripts)
runs/smoke_m2/weight_PU_M1_final_checkpoint_FAtoB_gatepcv_s2024/NEW_PU/Source-源域/log&pt/(B1)N15_M01_F10/source_C.pt,5281,local run cache (regenerable by kaggle/ and runners/ scripts)
runs/smoke_m2/weight_PU_M1_final_checkpoint_FAtoB_gatepcv_s2024/NEW_PU/Source-源域/log&pt/(B2)N15_M07_F10/log_20260914_035709.txt,3551,local run cache (regenerable by kaggle/ and runners/ scripts)
runs/smoke_m2/weight_PU_M1_final_checkpoint_FAtoB_gatepcv_s2024/NEW_PU/Source-源域/log&pt/(B2)N15_M07_F10/source_1.pt,15451727,local run cache (regenerable by kaggle/ and runners/ scripts)
runs/smoke_m2/weight_PU_M1_final_checkpoint_FAtoB_gatepcv_s2024/NEW_PU/Source-源域/log&pt/(B2)N15_M07_F10/source_2.pt,532433,local run cache (regenerable by kaggle/ and runners/ scripts)
runs/smoke_m2/weight_PU_M1_final_checkpoint_FAtoB_gatepcv_s2024/NEW_PU/Source-源域/log&pt/(B2)N15_M07_F10/source_C.pt,5281,local run cache (regenerable by kaggle/ and runners/ scripts)
runs/smoke_m2/weight_PU_M1_final_checkpoint_FAtoB_gatepcv_s2024/NEW_PU/Source-源域/log&pt/(B3)N15_M07_F04/log_20260914_035709.txt,3595,local run cache (regenerable by kaggle/ and runners/ scripts)
runs/smoke_m2/weight_PU_M1_final_checkpoint_FAtoB_gatepcv_s2024/NEW_PU/Source-源域/log&pt/(B3)N15_M07_F04/source_1.pt,15451727,local run cache (regenerable by kaggle/ and runners/ scripts)
runs/smoke_m2/weight_PU_M1_final_checkpoint_FAtoB_gatepcv_s2024/NEW_PU/Source-源域/log&pt/(B3)N15_M07_F04/source_2.pt,532433,local run cache (regenerable by kaggle/ and runners/ scripts)
runs/smoke_m2/weight_PU_M1_final_checkpoint_FAtoB_gatepcv_s2024/NEW_PU/Source-源域/log&pt/(B3)N15_M07_F04/source_C.pt,5281,local run cache (regenerable by kaggle/ and runners/ scripts)
runs/smoke_m2/weight_PU_M1_final_checkpoint_FAtoB_gatepcv_s2024/NEW_PU/Target-目标域/(B1)→(B2)tar_class_output.xlsx,5275,local run cache (regenerable by kaggle/ and runners/ scripts)
runs/smoke_m2/weight_PU_M1_final_checkpoint_FAtoB_gatepcv_s2024/NEW_PU/Target-目标域/tar_output.xlsx,5278,local run cache (regenerable by kaggle/ and runners/ scripts)
runs/smoke_m2/weight_PU_M1_final_checkpoint_FAtoB_gatepcv_s2024/NEW_PU/Target-目标域/log&pt/(B1)N15_M01_F10→(B2)N15_M07_F10/log_20260914_035849.txt,6616,local run cache (regenerable by kaggle/ and runners/ scripts)
runs/smoke_m2/weight_PU_M1_final_checkpoint_FAtoB_gatepcv_s2024/NEW_PU/Target-目标域/log&pt/(B1)N15_M01_F10→(B2)N15_M07_F10/source_1.pt,15451727,local run cache (regenerable by kaggle/ and runners/ scripts)
runs/smoke_m2/weight_PU_M1_final_checkpoint_FAtoB_gatepcv_s2024/NEW_PU/Target-目标域/log&pt/(B1)N15_M01_F10→(B2)N15_M07_F10/source_2.pt,532433,local run cache (regenerable by kaggle/ and runners/ scripts)
runs/smoke_m2/weight_PU_M1_final_checkpoint_FAtoB_gatepcv_s2024/NEW_PU/Target-目标域/log&pt/(B1)N15_M01_F10→(B2)N15_M07_F10/source_C.pt,5281,local run cache (regenerable by kaggle/ and runners/ scripts)
runs/smoke_m2/weight_src_PU_M1_FA_s2024/NEW_PU/Source-源域/(B1)src_class_output.xlsx,5123,local run cache (regenerable by kaggle/ and runners/ scripts)
runs/smoke_m2/weight_src_PU_M1_FA_s2024/NEW_PU/Source-源域/(B2)src_class_output.xlsx,5123,local run cache (regenerable by kaggle/ and runners/ scripts)
runs/smoke_m2/weight_src_PU_M1_FA_s2024/NEW_PU/Source-源域/(B3)src_class_output.xlsx,5123,local run cache (regenerable by kaggle/ and runners/ scripts)
runs/smoke_m2/weight_src_PU_M1_FA_s2024/NEW_PU/Source-源域/src_output.xlsx,5161,local run cache (regenerable by kaggle/ and runners/ scripts)
runs/smoke_m2/weight_src_PU_M1_FA_s2024/NEW_PU/Source-源域/log&pt/(B1)N15_M01_F10/log_20260914_035709.txt,3332,local run cache (regenerable by kaggle/ and runners/ scripts)
runs/smoke_m2/weight_src_PU_M1_FA_s2024/NEW_PU/Source-源域/log&pt/(B1)N15_M01_F10/source_1.pt,15451727,local run cache (regenerable by kaggle/ and runners/ scripts)
runs/smoke_m2/weight_src_PU_M1_FA_s2024/NEW_PU/Source-源域/log&pt/(B1)N15_M01_F10/source_2.pt,532433,local run cache (regenerable by kaggle/ and runners/ scripts)
runs/smoke_m2/weight_src_PU_M1_FA_s2024/NEW_PU/Source-源域/log&pt/(B1)N15_M01_F10/source_C.pt,5281,local run cache (regenerable by kaggle/ and runners/ scripts)
runs/smoke_m2/weight_src_PU_M1_FA_s2024/NEW_PU/Source-源域/log&pt/(B2)N15_M07_F10/log_20260914_035709.txt,3551,local run cache (regenerable by kaggle/ and runners/ scripts)
runs/smoke_m2/weight_src_PU_M1_FA_s2024/NEW_PU/Source-源域/log&pt/(B2)N15_M07_F10/source_1.pt,15451727,local run cache (regenerable by kaggle/ and runners/ scripts)
runs/smoke_m2/weight_src_PU_M1_FA_s2024/NEW_PU/Source-源域/log&pt/(B2)N15_M07_F10/source_2.pt,532433,local run cache (regenerable by kaggle/ and runners/ scripts)
runs/smoke_m2/weight_src_PU_M1_FA_s2024/NEW_PU/Source-源域/log&pt/(B2)N15_M07_F10/source_C.pt,5281,local run cache (regenerable by kaggle/ and runners/ scripts)
runs/smoke_m2/weight_src_PU_M1_FA_s2024/NEW_PU/Source-源域/log&pt/(B3)N15_M07_F04/log_20260914_035709.txt,3595,local run cache (regenerable by kaggle/ and runners/ scripts)
runs/smoke_m2/weight_src_PU_M1_FA_s2024/NEW_PU/Source-源域/log&pt/(B3)N15_M07_F04/source_1.pt,15451727,local run cache (regenerable by kaggle/ and runners/ scripts)
runs/smoke_m2/weight_src_PU_M1_FA_s2024/NEW_PU/Source-源域/log&pt/(B3)N15_M07_F04/source_2.pt,532433,local run cache (regenerable by kaggle/ and runners/ scripts)
runs/smoke_m2/weight_src_PU_M1_FA_s2024/NEW_PU/Source-源域/log&pt/(B3)N15_M07_F04/source_C.pt,5281,local run cache (regenerable by kaggle/ and runners/ scripts)
runs/smoke_shot/result_PU_M1_shot_FAtoB_s2024_smoke.json,628,local run cache (regenerable by kaggle/ and runners/ scripts)
runs/smoke_shot/logs_PU_M1_shot_FAtoB_s2024/adapt_01.log,1573,local run cache (regenerable by kaggle/ and runners/ scripts)
runs/smoke_shot/logs_PU_M1_shot_FAtoB_s2024/pred_01.npz,2994,local run cache (regenerable by kaggle/ and runners/ scripts)
runs/smoke_shot/logs_PU_M1_shot_FAtoB_s2024/pretrain.log,7721,local run cache (regenerable by kaggle/ and runners/ scripts)
runs/smoke_shot/sdalr_PU_shot/ablation_JNU.sh,1292,local run cache (regenerable by kaggle/ and runners/ scripts)
runs/smoke_shot/sdalr_PU_shot/ablation_PU.sh,1312,local run cache (regenerable by kaggle/ and runners/ scripts)
runs/smoke_shot/sdalr_PU_shot/CenterBasedClustering.py,4175,local run cache (regenerable by kaggle/ and runners/ scripts)
runs/smoke_shot/sdalr_PU_shot/choose_s_t_JNU.sh,2669,local run cache (regenerable by kaggle/ and runners/ scripts)
runs/smoke_shot/sdalr_PU_shot/choose_s_t_PU.sh,2668,local run cache (regenerable by kaggle/ and runners/ scripts)
runs/smoke_shot/sdalr_PU_shot/data_list.py,4883,local run cache (regenerable by kaggle/ and runners/ scripts)
runs/smoke_shot/sdalr_PU_shot/label.py,9668,local run cache (regenerable by kaggle/ and runners/ scripts)
runs/smoke_shot/sdalr_PU_shot/loss.py,2281,local run cache (regenerable by kaggle/ and runners/ scripts)
runs/smoke_shot/sdalr_PU_shot/mine.py,2738,local run cache (regenerable by kaggle/ and runners/ scripts)
runs/smoke_shot/sdalr_PU_shot/mix.py,2105,local run cache (regenerable by kaggle/ and runners/ scripts)
runs/smoke_shot/sdalr_PU_shot/model.py,2576,local run cache (regenerable by kaggle/ and runners/ scripts)
runs/smoke_shot/sdalr_PU_shot/network.py,8713,local run cache (regenerable by kaggle/ and runners/ scripts)
runs/smoke_shot/sdalr_PU_shot/NetworkSimplex.py,8597,local run cache (regenerable by kaggle/ and runners/ scripts)
runs/smoke_shot/sdalr_PU_shot/plot_t_SNE.py,11839,local run cache (regenerable by kaggle/ and runners/ scripts)
runs/smoke_shot/sdalr_PU_shot/plot_t_SNE_tar.py,5975,local run cache (regenerable by kaggle/ and runners/ scripts)
runs/smoke_shot/sdalr_PU_shot/print_to_word.py,2062,local run cache (regenerable by kaggle/ and runners/ scripts)
runs/smoke_shot/sdalr_PU_shot/README.md,3949,local run cache (regenerable by kaggle/ and runners/ scripts)
runs/smoke_shot/sdalr_PU_shot/src_pretrain_RES_JNU.py,15046,local run cache (regenerable by kaggle/ and runners/ scripts)
runs/smoke_shot/sdalr_PU_shot/src_pretrain_RES_PU.py,15065,local run cache (regenerable by kaggle/ and runners/ scripts)
runs/smoke_shot/sdalr_PU_shot/tar_adaptation_RES_JNU.py,30132,local run cache (regenerable by kaggle/ and runners/ scripts)
runs/smoke_shot/sdalr_PU_shot/tar_adaptation_RES_JNU_Ablation.py,30181,local run cache (regenerable by kaggle/ and runners/ scripts)
runs/smoke_shot/sdalr_PU_shot/tar_adaptation_RES_PU.py,17650,local run cache (regenerable by kaggle/ and runners/ scripts)
runs/smoke_shot/sdalr_PU_shot/tar_adaptation_RES_PU_Ablation.py,29788,local run cache (regenerable by kaggle/ and runners/ scripts)
runs/smoke_shot/sdalr_PU_shot/text.py,4922,local run cache (regenerable by kaggle/ and runners/ scripts)
runs/smoke_shot/sdalr_PU_shot/tools.py,23666,local run cache (regenerable by kaggle/ and runners/ scripts)
runs/smoke_shot/sdalr_PU_shot/DATA_foldA/PU_M1_L3/N15_M01_F10_label.txt,214890,local run cache (regenerable by kaggle/ and runners/ scripts)
runs/smoke_shot/sdalr_PU_shot/DATA_foldA/PU_M1_L3/N15_M07_F04_label.txt,214890,local run cache (regenerable by kaggle/ and runners/ scripts)
runs/smoke_shot/sdalr_PU_shot/DATA_foldA/PU_M1_L3/N15_M07_F10_label.txt,214890,local run cache (regenerable by kaggle/ and runners/ scripts)
runs/smoke_shot/sdalr_PU_shot/DATA_foldB/PU_M1_L3/N15_M01_F10_label.txt,214890,local run cache (regenerable by kaggle/ and runners/ scripts)
runs/smoke_shot/sdalr_PU_shot/DATA_foldB/PU_M1_L3/N15_M07_F04_label.txt,214890,local run cache (regenerable by kaggle/ and runners/ scripts)
runs/smoke_shot/sdalr_PU_shot/DATA_foldB/PU_M1_L3/N15_M07_F10_label.txt,214890,local run cache (regenerable by kaggle/ and runners/ scripts)
runs/smoke_shot/sdalr_PU_shot/__pycache__/CenterBasedClustering.cpython-311.pyc,9333,local run cache (regenerable by kaggle/ and runners/ scripts)
runs/smoke_shot/sdalr_PU_shot/__pycache__/data_list.cpython-311.pyc,8357,local run cache (regenerable by kaggle/ and runners/ scripts)
runs/smoke_shot/sdalr_PU_shot/__pycache__/loss.cpython-311.pyc,2923,local run cache (regenerable by kaggle/ and runners/ scripts)
runs/smoke_shot/sdalr_PU_shot/__pycache__/mix.cpython-311.pyc,2712,local run cache (regenerable by kaggle/ and runners/ scripts)
runs/smoke_shot/sdalr_PU_shot/__pycache__/model.cpython-311.pyc,5363,local run cache (regenerable by kaggle/ and runners/ scripts)
runs/smoke_shot/sdalr_PU_shot/__pycache__/network.cpython-311.pyc,17451,local run cache (regenerable by kaggle/ and runners/ scripts)
runs/smoke_shot/sdalr_PU_shot/__pycache__/NetworkSimplex.cpython-311.pyc,12736,local run cache (regenerable by kaggle/ and runners/ scripts)
runs/smoke_shot/sdalr_PU_shot/__pycache__/plot_t_SNE.cpython-311.pyc,15006,local run cache (regenerable by kaggle/ and runners/ scripts)
runs/smoke_shot/sdalr_PU_shot/__pycache__/text.cpython-311.pyc,7638,local run cache (regenerable by kaggle/ and runners/ scripts)
runs/smoke_shot/sdalr_PU_shot/__pycache__/tools.cpython-311.pyc,30232,local run cache (regenerable by kaggle/ and runners/ scripts)
runs/smoke_shot/weight_PU_M1_shot_FAtoB_s2024/NEW_PU/Source-源域/(B1)src_class_output.xlsx,5123,local run cache (regenerable by kaggle/ and runners/ scripts)
runs/smoke_shot/weight_PU_M1_shot_FAtoB_s2024/NEW_PU/Source-源域/(B2)src_class_output.xlsx,5124,local run cache (regenerable by kaggle/ and runners/ scripts)
runs/smoke_shot/weight_PU_M1_shot_FAtoB_s2024/NEW_PU/Source-源域/(B3)src_class_output.xlsx,5123,local run cache (regenerable by kaggle/ and runners/ scripts)
runs/smoke_shot/weight_PU_M1_shot_FAtoB_s2024/NEW_PU/Source-源域/src_output.xlsx,5161,local run cache (regenerable by kaggle/ and runners/ scripts)
runs/smoke_shot/weight_PU_M1_shot_FAtoB_s2024/NEW_PU/Source-源域/log&pt/(B1)N15_M01_F10/log_20260915_141144.txt,3292,local run cache (regenerable by kaggle/ and runners/ scripts)
runs/smoke_shot/weight_PU_M1_shot_FAtoB_s2024/NEW_PU/Source-源域/log&pt/(B1)N15_M01_F10/source_1.pt,15451727,local run cache (regenerable by kaggle/ and runners/ scripts)
runs/smoke_shot/weight_PU_M1_shot_FAtoB_s2024/NEW_PU/Source-源域/log&pt/(B1)N15_M01_F10/source_2.pt,532433,local run cache (regenerable by kaggle/ and runners/ scripts)
runs/smoke_shot/weight_PU_M1_shot_FAtoB_s2024/NEW_PU/Source-源域/log&pt/(B1)N15_M01_F10/source_C.pt,5281,local run cache (regenerable by kaggle/ and runners/ scripts)
runs/smoke_shot/weight_PU_M1_shot_FAtoB_s2024/NEW_PU/Source-源域/log&pt/(B2)N15_M07_F10/log_20260915_141144.txt,3511,local run cache (regenerable by kaggle/ and runners/ scripts)
runs/smoke_shot/weight_PU_M1_shot_FAtoB_s2024/NEW_PU/Source-源域/log&pt/(B2)N15_M07_F10/source_1.pt,15451727,local run cache (regenerable by kaggle/ and runners/ scripts)
runs/smoke_shot/weight_PU_M1_shot_FAtoB_s2024/NEW_PU/Source-源域/log&pt/(B2)N15_M07_F10/source_2.pt,532433,local run cache (regenerable by kaggle/ and runners/ scripts)
runs/smoke_shot/weight_PU_M1_shot_FAtoB_s2024/NEW_PU/Source-源域/log&pt/(B2)N15_M07_F10/source_C.pt,5281,local run cache (regenerable by kaggle/ and runners/ scripts)
runs/smoke_shot/weight_PU_M1_shot_FAtoB_s2024/NEW_PU/Source-源域/log&pt/(B3)N15_M07_F04/log_20260915_141144.txt,3555,local run cache (regenerable by kaggle/ and runners/ scripts)
runs/smoke_shot/weight_PU_M1_shot_FAtoB_s2024/NEW_PU/Source-源域/log&pt/(B3)N15_M07_F04/source_1.pt,15451727,local run cache (regenerable by kaggle/ and runners/ scripts)
runs/smoke_shot/weight_PU_M1_shot_FAtoB_s2024/NEW_PU/Source-源域/log&pt/(B3)N15_M07_F04/source_2.pt,532433,local run cache (regenerable by kaggle/ and runners/ scripts)
runs/smoke_shot/weight_PU_M1_shot_FAtoB_s2024/NEW_PU/Source-源域/log&pt/(B3)N15_M07_F04/source_C.pt,5281,local run cache (regenerable by kaggle/ and runners/ scripts)
runs/smoke_shot/weight_PU_M1_shot_FAtoB_s2024/NEW_PU/Target-目标域/(B1)→(B2)tar_class_output.xlsx,5276,local run cache (regenerable by kaggle/ and runners/ scripts)
runs/smoke_shot/weight_PU_M1_shot_FAtoB_s2024/NEW_PU/Target-目标域/tar_output.xlsx,5280,local run cache (regenerable by kaggle/ and runners/ scripts)
runs/smoke_shot/weight_PU_M1_shot_FAtoB_s2024/NEW_PU/Target-目标域/log&pt/(B1)N15_M01_F10→(B2)N15_M07_F10/log_20260915_141318.txt,3109,local run cache (regenerable by kaggle/ and runners/ scripts)
runs/smoke_shot/weight_src_PU_M1_FA_s2024/NEW_PU/Source-源域/(B1)src_class_output.xlsx,5123,local run cache (regenerable by kaggle/ and runners/ scripts)
runs/smoke_shot/weight_src_PU_M1_FA_s2024/NEW_PU/Source-源域/(B2)src_class_output.xlsx,5124,local run cache (regenerable by kaggle/ and runners/ scripts)
runs/smoke_shot/weight_src_PU_M1_FA_s2024/NEW_PU/Source-源域/(B3)src_class_output.xlsx,5123,local run cache (regenerable by kaggle/ and runners/ scripts)
runs/smoke_shot/weight_src_PU_M1_FA_s2024/NEW_PU/Source-源域/src_output.xlsx,5161,local run cache (regenerable by kaggle/ and runners/ scripts)
runs/smoke_shot/weight_src_PU_M1_FA_s2024/NEW_PU/Source-源域/log&pt/(B1)N15_M01_F10/log_20260915_141144.txt,3292,local run cache (regenerable by kaggle/ and runners/ scripts)
runs/smoke_shot/weight_src_PU_M1_FA_s2024/NEW_PU/Source-源域/log&pt/(B1)N15_M01_F10/source_1.pt,15451727,local run cache (regenerable by kaggle/ and runners/ scripts)
runs/smoke_shot/weight_src_PU_M1_FA_s2024/NEW_PU/Source-源域/log&pt/(B1)N15_M01_F10/source_2.pt,532433,local run cache (regenerable by kaggle/ and runners/ scripts)
runs/smoke_shot/weight_src_PU_M1_FA_s2024/NEW_PU/Source-源域/log&pt/(B1)N15_M01_F10/source_C.pt,5281,local run cache (regenerable by kaggle/ and runners/ scripts)
runs/smoke_shot/weight_src_PU_M1_FA_s2024/NEW_PU/Source-源域/log&pt/(B2)N15_M07_F10/log_20260915_141144.txt,3511,local run cache (regenerable by kaggle/ and runners/ scripts)
runs/smoke_shot/weight_src_PU_M1_FA_s2024/NEW_PU/Source-源域/log&pt/(B2)N15_M07_F10/source_1.pt,15451727,local run cache (regenerable by kaggle/ and runners/ scripts)
runs/smoke_shot/weight_src_PU_M1_FA_s2024/NEW_PU/Source-源域/log&pt/(B2)N15_M07_F10/source_2.pt,532433,local run cache (regenerable by kaggle/ and runners/ scripts)
runs/smoke_shot/weight_src_PU_M1_FA_s2024/NEW_PU/Source-源域/log&pt/(B2)N15_M07_F10/source_C.pt,5281,local run cache (regenerable by kaggle/ and runners/ scripts)
runs/smoke_shot/weight_src_PU_M1_FA_s2024/NEW_PU/Source-源域/log&pt/(B3)N15_M07_F04/log_20260915_141144.txt,3555,local run cache (regenerable by kaggle/ and runners/ scripts)
runs/smoke_shot/weight_src_PU_M1_FA_s2024/NEW_PU/Source-源域/log&pt/(B3)N15_M07_F04/source_1.pt,15451727,local run cache (regenerable by kaggle/ and runners/ scripts)
runs/smoke_shot/weight_src_PU_M1_FA_s2024/NEW_PU/Source-源域/log&pt/(B3)N15_M07_F04/source_2.pt,532433,local run cache (regenerable by kaggle/ and runners/ scripts)
runs/smoke_shot/weight_src_PU_M1_FA_s2024/NEW_PU/Source-源域/log&pt/(B3)N15_M07_F04/source_C.pt,5281,local run cache (regenerable by kaggle/ and runners/ scripts)
runs/_push/physgate-hello-t4/hello_t4.py,987,local run cache (regenerable by kaggle/ and runners/ scripts)
runs/_push/physgate-hello-t4/kernel-metadata.json,356,local run cache (regenerable by kaggle/ and runners/ scripts)
runs/_push/physgate-m0-jnu/kernel-metadata.json,435,local run cache (regenerable by kaggle/ and runners/ scripts)
runs/_push/physgate-m0-jnu/m0_sdalr.py,2867,local run cache (regenerable by kaggle/ and runners/ scripts)
runs/_push/physgate-m0-pu/kernel-metadata.json,436,local run cache (regenerable by kaggle/ and runners/ scripts)
runs/_push/physgate-m0-pu/m0_sdalr_pu.py,2866,local run cache (regenerable by kaggle/ and runners/ scripts)
runs/_push/physgate-m0-pu-diag/kernel-metadata.json,445,local run cache (regenerable by kaggle/ and runners/ scripts)
runs/_push/physgate-m0-pu-diag/m0_pu_diag.py,1821,local run cache (regenerable by kaggle/ and runners/ scripts)
runs/_push/physgate-m1-fa/kernel-metadata.json,436,local run cache (regenerable by kaggle/ and runners/ scripts)
runs/_push/physgate-m1-fa/m1_sdalr_FA.py,2415,local run cache (regenerable by kaggle/ and runners/ scripts)
runs/_push/physgate-m1-fb/kernel-metadata.json,436,local run cache (regenerable by kaggle/ and runners/ scripts)
runs/_push/physgate-m1-fb/m1_sdalr_FB.py,2415,local run cache (regenerable by kaggle/ and runners/ scripts)
runs/_push/physgate-m2-fa/kernel-metadata.json,435,local run cache (regenerable by kaggle/ and runners/ scripts)
runs/_push/physgate-m2-fa/m2_gate_FA.py,2055,local run cache (regenerable by kaggle/ and runners/ scripts)
runs/_push/physgate-m2-fb/kernel-metadata.json,435,local run cache (regenerable by kaggle/ and runners/ scripts)
runs/_push/physgate-m2-fb/m2_gate_FB.py,2055,local run cache (regenerable by kaggle/ and runners/ scripts)
runs/_push/physgate-m2rep-fa-r1/kernel-metadata.json,448,local run cache (regenerable by kaggle/ and runners/ scripts)
runs/_push/physgate-m2rep-fa-r1/m2rep_FA_r1.py,1508,local run cache (regenerable by kaggle/ and runners/ scripts)
runs/_push/physgate-m2rep-fa-r2/kernel-metadata.json,448,local run cache (regenerable by kaggle/ and runners/ scripts)
runs/_push/physgate-m2rep-fa-r2/m2rep_FA_r2.py,1508,local run cache (regenerable by kaggle/ and runners/ scripts)
runs/_push/physgate-m2rep-fb-r1/kernel-metadata.json,448,local run cache (regenerable by kaggle/ and runners/ scripts)
runs/_push/physgate-m2rep-fb-r1/m2rep_FB_r1.py,1508,local run cache (regenerable by kaggle/ and runners/ scripts)
runs/_push/physgate-m2rep-fb-r2/kernel-metadata.json,448,local run cache (regenerable by kaggle/ and runners/ scripts)
runs/_push/physgate-m2rep-fb-r2/m2rep_FB_r2.py,1508,local run cache (regenerable by kaggle/ and runners/ scripts)
runs/_push/physgate-m2seed-fa-s0/kernel-metadata.json,451,local run cache (regenerable by kaggle/ and runners/ scripts)
runs/_push/physgate-m2seed-fa-s0/m2seed_FA_s0.py,1506,local run cache (regenerable by kaggle/ and runners/ scripts)
runs/_push/physgate-m2seed-fb-s0/kernel-metadata.json,451,local run cache (regenerable by kaggle/ and runners/ scripts)
runs/_push/physgate-m2seed-fb-s0/m2seed_FB_s0.py,1506,local run cache (regenerable by kaggle/ and runners/ scripts)
runs/_stage/physgate-m0-code/ablation_JNU.sh,1292,local run cache (regenerable by kaggle/ and runners/ scripts)
runs/_stage/physgate-m0-code/ablation_PU.sh,1312,local run cache (regenerable by kaggle/ and runners/ scripts)
runs/_stage/physgate-m0-code/CenterBasedClustering.py,4175,local run cache (regenerable by kaggle/ and runners/ scripts)
runs/_stage/physgate-m0-code/choose_s_t_JNU.sh,2669,local run cache (regenerable by kaggle/ and runners/ scripts)
runs/_stage/physgate-m0-code/choose_s_t_PU.sh,2668,local run cache (regenerable by kaggle/ and runners/ scripts)
runs/_stage/physgate-m0-code/dataset-metadata.json,161,local run cache (regenerable by kaggle/ and runners/ scripts)
runs/_stage/physgate-m0-code/data_list.py,4883,local run cache (regenerable by kaggle/ and runners/ scripts)
runs/_stage/physgate-m0-code/gate_verdicts.json,309249,local run cache (regenerable by kaggle/ and runners/ scripts)
runs/_stage/physgate-m0-code/label.py,9668,local run cache (regenerable by kaggle/ and runners/ scripts)
runs/_stage/physgate-m0-code/loss.py,2281,local run cache (regenerable by kaggle/ and runners/ scripts)
runs/_stage/physgate-m0-code/mine.py,2738,local run cache (regenerable by kaggle/ and runners/ scripts)
runs/_stage/physgate-m0-code/mix.py,2105,local run cache (regenerable by kaggle/ and runners/ scripts)
runs/_stage/physgate-m0-code/model.py,2576,local run cache (regenerable by kaggle/ and runners/ scripts)
runs/_stage/physgate-m0-code/network.py,8713,local run cache (regenerable by kaggle/ and runners/ scripts)
runs/_stage/physgate-m0-code/NetworkSimplex.py,8597,local run cache (regenerable by kaggle/ and runners/ scripts)
runs/_stage/physgate-m0-code/plot_t_SNE.py,11839,local run cache (regenerable by kaggle/ and runners/ scripts)
runs/_stage/physgate-m0-code/plot_t_SNE_tar.py,5975,local run cache (regenerable by kaggle/ and runners/ scripts)
runs/_stage/physgate-m0-code/print_to_word.py,2062,local run cache (regenerable by kaggle/ and runners/ scripts)
runs/_stage/physgate-m0-code/sdalr_runner.py,17107,local run cache (regenerable by kaggle/ and runners/ scripts)
runs/_stage/physgate-m0-code/SOURCE.txt,188,local run cache (regenerable by kaggle/ and runners/ scripts)
runs/_stage/physgate-m0-code/src_pretrain_RES_JNU.py,15046,local run cache (regenerable by kaggle/ and runners/ scripts)
runs/_stage/physgate-m0-code/src_pretrain_RES_PU.py,15065,local run cache (regenerable by kaggle/ and runners/ scripts)
runs/_stage/physgate-m0-code/tar_adaptation_RES_JNU.py,30132,local run cache (regenerable by kaggle/ and runners/ scripts)
runs/_stage/physgate-m0-code/tar_adaptation_RES_JNU_Ablation.py,30181,local run cache (regenerable by kaggle/ and runners/ scripts)
runs/_stage/physgate-m0-code/tar_adaptation_RES_PU.py,29468,local run cache (regenerable by kaggle/ and runners/ scripts)
runs/_stage/physgate-m0-code/tar_adaptation_RES_PU_Ablation.py,29788,local run cache (regenerable by kaggle/ and runners/ scripts)
runs/_stage/physgate-m0-code/text.py,4922,local run cache (regenerable by kaggle/ and runners/ scripts)
runs/_stage/physgate-m0-code/tools.py,23666,local run cache (regenerable by kaggle/ and runners/ scripts)
runs/_stage/physgate-m0-data/dataset-metadata.json,161,local run cache (regenerable by kaggle/ and runners/ scripts)
runs/_stage/physgate-m0-data/JNU_1000rpm.npz,66401910,local run cache (regenerable by kaggle/ and runners/ scripts)
runs/_stage/physgate-m0-data/JNU_600rpm.npz,66369910,local run cache (regenerable by kaggle/ and runners/ scripts)
runs/_stage/physgate-m0-data/JNU_800rpm.npz,66369910,local run cache (regenerable by kaggle/ and runners/ scripts)
runs/_stage/physgate-m0-data/PU_N15_M01_F10.npz,132801894,local run cache (regenerable by kaggle/ and runners/ scripts)
runs/_stage/physgate-m0-data/PU_N15_M07_F04.npz,132801894,local run cache (regenerable by kaggle/ and runners/ scripts)
runs/_stage/physgate-m0-data/PU_N15_M07_F10.npz,132801894,local run cache (regenerable by kaggle/ and runners/ scripts)
runs/_stage/physgate-m1-data/dataset-metadata.json,161,local run cache (regenerable by kaggle/ and runners/ scripts)
runs/_stage/physgate-m1-data/PU_M1_foldA_N15_M01_F10.npz,49801866,local run cache (regenerable by kaggle/ and runners/ scripts)
runs/_stage/physgate-m1-data/PU_M1_foldA_N15_M07_F04.npz,49801866,local run cache (regenerable by kaggle/ and runners/ scripts)
runs/_stage/physgate-m1-data/PU_M1_foldA_N15_M07_F10.npz,49801866,local run cache (regenerable by kaggle/ and runners/ scripts)
runs/_stage/physgate-m1-data/PU_M1_foldB_N15_M01_F10.npz,49801866,local run cache (regenerable by kaggle/ and runners/ scripts)
runs/_stage/physgate-m1-data/PU_M1_foldB_N15_M07_F04.npz,49801866,local run cache (regenerable by kaggle/ and runners/ scripts)
runs/_stage/physgate-m1-data/PU_M1_foldB_N15_M07_F10.npz,49801866,local run cache (regenerable by kaggle/ and runners/ scripts)
