[{"stream_name":"stdout","time":6.969576422,"data":"{'device': 'Tesla T4', 'capability': [7, 5], 'group': 'g3'}\n"}
,{"stream_name":"stdout","time":6.972903736,"data":"RUN /usr/bin/python3 -u /kaggle/input/datasets/rhrhrhrhrh/physgate-m0-code/sdalr_runner.py --sdalr /kaggle/input/datasets/rhrhrhrhrh/physgate-m0-code --m0 /kaggle/input/datasets/rhrhrhrhrh/physgate-k10-g3 --dataset PU_M1 --src-fold S06 --tgt-fold S06 --variant shot --work /kaggle/working/shot_k10/S06 --seed 2024\n"}
,{"stream_name":"stdout","time":21.948677141,"data":"\n"}
,{"stream_name":"stdout","time":21.948711506,"data":"\n"}
,{"stream_name":"stdout","time":21.948717109,"data":"现在开始拿源域训练集：(B1)N15_M01_F10 进行训练\n"}
,{"stream_name":"stdout","time":21.948722843,"data":"源域读取路径：/kaggle/working/shot_k10/S06/sdalr_PU_shot/DATA_foldS06/PU_M1_L3/N15_M01_F10_label.txt\n"}
,{"stream_name":"stdout","time":21.948728221,"data":"excel输出位置：/kaggle/working/shot_k10/S06/weight_src_PU_M1_FS06_s2024/NEW_PU/Source-源域\n"}
,{"stream_name":"stdout","time":21.948733481,"data":"log\u0026pt输出位置：/kaggle/working/shot_k10/S06/weight_src_PU_M1_FS06_s2024/NEW_PU/Source-源域/log\u0026pt/(B1)N15_M01_F10\n"}
,{"stream_name":"stdout","time":21.949204755,"data":"特征图片输出位置：/kaggle/working/shot_k10/S06/weight_src_PU_M1_FS06_s2024/NEW_PU/Picture-特征图/2026年09月22日04时07分/(B1)N15_M01_F10\n"}
,{"stream_name":"stderr","time":21.950592212,"data":"sh: 1: Syntax error: word unexpected (expecting \")\")\n"}
,{"stream_name":"stdout","time":21.951116563,"data":"源域训练开始\n"}
,{"stream_name":"stderr","time":24.066766045,"data":"/usr/local/lib/python3.12/dist-packages/torch/nn/utils/weight_norm.py:144: FutureWarning: `torch.nn.utils.weight_norm` is deprecated in favor of `torch.nn.utils.parametrizations.weight_norm`.\n"}
,{"stream_name":"stderr","time":24.066811039,"data":"  WeightNorm.apply(module, name, dim)\n"}
,{"stream_name":"stdout","time":33.191012424,"data":"轮次:··1/·10 || loss:0.177 || 耗时：9.06s\n"}
,{"stream_name":"stdout","time":41.186731417,"data":"轮次:··2/·10 || loss:0.032 || 耗时：7.95s\n"}
,{"stream_name":"stdout","time":49.385453648,"data":"轮次:··3/·10 || loss:0.039 || 耗时：8.14s\n"}
,{"stream_name":"stdout","time":57.755015844,"data":"轮次:··4/·10 || loss:0.028 || 耗时：8.31s\n"}
,{"stream_name":"stdout","time":66.313411243,"data":"轮次:··5/·10 || loss:0.070 || 耗时：8.49s\n"}
,{"stream_name":"stdout","time":66.951434857,"data":"任务: (B1)N15_M01_F10; mix批次:····0; 批次:··330/··660; 总正确率 = 96.47%\n"}
,{"stream_name":"stdout","time":66.951474064,"data":"类型1 正确率： 100.00% -\u003e 1  100.00%, 2    0.00%, 3    0.00%\n"}
,{"stream_name":"stdout","time":66.951479937,"data":"类型2 正确率：  90.00% -\u003e 1    0.00%, 2   89.89%, 3   10.11%\n"}
,{"stream_name":"stdout","time":66.951484092,"data":"类型3 正确率： 100.00% -\u003e 1    0.00%, 2    0.48%, 3   99.52%\n"}
,{"stream_name":"stdout","time":66.951501576,"data":"\n"}
,{"stream_name":"stdout","time":66.951507363,"data":"\n"}
,{"stream_name":"stdout","time":75.755964552,"data":"轮次:··6/·10 || loss:0.026 || 耗时：8.70s\n"}
,{"stream_name":"stdout","time":84.721892617,"data":"轮次:··7/·10 || loss:0.083 || 耗时：8.90s\n"}
,{"stream_name":"stdout","time":93.895608348,"data":"轮次:··8/·10 || loss:0.007 || 耗时：9.11s\n"}
,{"stream_name":"stdout","time":102.963023169,"data":"轮次:··9/·10 || loss:0.005 || 耗时：9.00s\n"}
,{"stream_name":"stdout","time":111.795940951,"data":"轮次:·10/·10 || loss:0.003 || 耗时：8.77s\n"}
,{"stream_name":"stdout","time":112.387081018,"data":"任务: (B1)N15_M01_F10; mix批次:····0; 批次:··660/··660; 总正确率 = 96.99%\n"}
,{"stream_name":"stdout","time":112.387152324,"data":"类型1 正确率： 100.00% -\u003e 1  100.00%, 2    0.00%, 3    0.00%\n"}
,{"stream_name":"stdout","time":112.387163396,"data":"类型2 正确率：  91.00% -\u003e 1    0.00%, 2   90.96%, 3    9.04%\n"}
,{"stream_name":"stdout","time":112.387173326,"data":"类型3 正确率： 100.00% -\u003e 1    0.00%, 2    0.00%, 3  100.00%\n"}
,{"stream_name":"stdout","time":112.387176353,"data":"\n"}
,{"stream_name":"stdout","time":112.387178656,"data":"\n"}
,{"stream_name":"stdout","time":113.629556024,"data":"测试集任务: (B1)N15_M01_F10; 总正确率 = 96.95%\n"}
,{"stream_name":"stdout","time":113.629591352,"data":"类型1 正确率： 100.00% -\u003e 1  100.00%, 2    0.00%, 3    0.00%\n"}
,{"stream_name":"stdout","time":113.629597412,"data":"类型2 正确率：  91.00% -\u003e 1    0.00%, 2   91.35%, 3    8.65%\n"}
,{"stream_name":"stdout","time":113.629602051,"data":"类型3 正确率： 100.00% -\u003e 1    0.00%, 2    0.48%, 3   99.52%\n"}
,{"stream_name":"stdout","time":113.629612095,"data":"\n"}
,{"stream_name":"stdout","time":113.62961641,"data":"\n"}
,{"stream_name":"stdout","time":113.645371691,"data":"源域训练结束\n"}
,{"stream_name":"stdout","time":113.645414436,"data":"\n"}
,{"stream_name":"stdout","time":113.645419417,"data":"训练好之后，测试目标域\n"}
,{"stream_name":"stdout","time":113.645423619,"data":"目标域路径：/kaggle/working/shot_k10/S06/sdalr_PU_shot/DATA_foldS06/PU_M1_L3/N15_M07_F10_label.txt\n"}
,{"stream_name":"stderr","time":114.017358607,"data":"/usr/local/lib/python3.12/dist-packages/torch/nn/utils/weight_norm.py:144: FutureWarning: `torch.nn.utils.weight_norm` is deprecated in favor of `torch.nn.utils.parametrizations.weight_norm`.\n"}
,{"stream_name":"stderr","time":114.017414777,"data":"  WeightNorm.apply(module, name, dim)\n"}
,{"stream_name":"stdout","time":115.218195437,"data":"测试目标数据集结果如下：\n"}
,{"stream_name":"stdout","time":115.218222867,"data":"任务: (B1)N15_M01_F10→(B2)N15_M07_F10, 正确率 = 99.58%\n"}
,{"stream_name":"stdout","time":115.218227127,"data":"类型1 正确率： 100.00% -\u003e 1  100.00%, 2    0.00%, 3    0.00%\n"}
,{"stream_name":"stdout","time":115.218231287,"data":"类型2 正确率：  99.00% -\u003e 1    0.00%, 2   98.97%, 3    1.03%\n"}
,{"stream_name":"stdout","time":115.218234672,"data":"类型3 正确率： 100.00% -\u003e 1    0.00%, 2    0.24%, 3   99.76%\n"}
,{"stream_name":"stdout","time":115.218237862,"data":"\n"}
,{"stream_name":"stdout","time":115.218659394,"data":"目标域路径：/kaggle/working/shot_k10/S06/sdalr_PU_shot/DATA_foldS06/PU_M1_L3/N15_M07_F04_label.txt\n"}
,{"stream_name":"stderr","time":115.59136836,"data":"/usr/local/lib/python3.12/dist-packages/torch/nn/utils/weight_norm.py:144: FutureWarning: `torch.nn.utils.weight_norm` is deprecated in favor of `torch.nn.utils.parametrizations.weight_norm`.\n"}
,{"stream_name":"stderr","time":115.591415368,"data":"  WeightNorm.apply(module, name, dim)\n"}
,{"stream_name":"stdout","time":116.783814396,"data":"测试目标数据集结果如下：\n"}
,{"stream_name":"stdout","time":116.783843486,"data":"任务: (B1)N15_M01_F10→(B3)N15_M07_F04, 正确率 = 85.80%\n"}
,{"stream_name":"stdout","time":116.783847812,"data":"类型1 正确率： 100.00% -\u003e 1  100.00%, 2    0.00%, 3    0.00%\n"}
,{"stream_name":"stdout","time":116.783851419,"data":"类型2 正确率：  79.00% -\u003e 1    0.00%, 2   79.06%, 3   20.94%\n"}
,{"stream_name":"stdout","time":116.783854572,"data":"类型3 正确率：  78.00% -\u003e 1    1.31%, 2   20.37%, 3   78.33%\n"}
,{"stream_name":"stdout","time":116.783874386,"data":"\n"}
,{"stream_name":"stdout","time":116.78437683,"data":"\n"}
,{"stream_name":"stdout","time":116.784387508,"data":"\n"}
,{"stream_name":"stdout","time":116.784390949,"data":"现在开始拿源域训练集：(B2)N15_M07_F10 进行训练\n"}
,{"stream_name":"stdout","time":116.784394226,"data":"源域读取路径：/kaggle/working/shot_k10/S06/sdalr_PU_shot/DATA_foldS06/PU_M1_L3/N15_M07_F10_label.txt\n"}
,{"stream_name":"stdout","time":116.784397536,"data":"excel输出位置：/kaggle/working/shot_k10/S06/weight_src_PU_M1_FS06_s2024/NEW_PU/Source-源域\n"}
,{"stream_name":"stdout","time":116.784562156,"data":"log\u0026pt输出位置：/kaggle/working/shot_k10/S06/weight_src_PU_M1_FS06_s2024/NEW_PU/Source-源域/log\u0026pt/(B2)N15_M07_F10\n"}
,{"stream_name":"stdout","time":116.784646693,"data":"特征图片输出位置：/kaggle/working/shot_k10/S06/weight_src_PU_M1_FS06_s2024/NEW_PU/Picture-特征图/2026年09月22日04时07分/(B2)N15_M07_F10\n"}
,{"stream_name":"stderr","time":116.786358079,"data":"sh: 1: Syntax error: word unexpected (expecting \")\")\n"}
,{"stream_name":"stdout","time":116.78684376,"data":"源域训练开始\n"}
,{"stream_name":"stderr","time":118.597536983,"data":"/usr/local/lib/python3.12/dist-packages/torch/nn/utils/weight_norm.py:144: FutureWarning: `torch.nn.utils.weight_norm` is deprecated in favor of `torch.nn.utils.parametrizations.weight_norm`.\n"}
,{"stream_name":"stderr","time":118.59757958,"data":"  WeightNorm.apply(module, name, dim)\n"}
,{"stream_name":"stdout","time":127.298257933,"data":"轮次:··1/·10 || loss:0.046 || 耗时：8.64s\n"}
,{"stream_name":"stdout","time":135.933847337,"data":"轮次:··2/·10 || loss:0.017 || 耗时：8.57s\n"}
,{"stream_name":"stdout","time":144.59705221,"data":"轮次:··3/·10 || loss:0.020 || 耗时：8.60s\n"}
,{"stream_name":"stdout","time":153.328086412,"data":"轮次:··4/·10 || loss:0.003 || 耗时：8.67s\n"}
,{"stream_name":"stdout","time":162.127807413,"data":"轮次:··5/·10 || loss:0.008 || 耗时：8.73s\n"}
,{"stream_name":"stdout","time":162.716633251,"data":"任务: (B2)N15_M07_F10; mix批次:····0; 批次:··330/··660; 总正确率 = 98.54%\n"}
,{"stream_name":"stdout","time":162.716667827,"data":"类型1 正确率： 100.00% -\u003e 1  100.00%, 2    0.00%, 3    0.00%\n"}
,{"stream_name":"stdout","time":162.716675335,"data":"类型2 正确率： 100.00% -\u003e 1    0.00%, 2  100.00%, 3    0.00%\n"}
,{"stream_name":"stdout","time":162.716681214,"data":"类型3 正确率：  96.00% -\u003e 1    0.00%, 2    4.37%, 3   95.63%\n"}
,{"stream_name":"stdout","time":162.716686977,"data":"\n"}
,{"stream_name":"stdout","time":162.716692557,"data":"\n"}
,{"stream_name":"stdout","time":171.59704525,"data":"轮次:··6/·10 || loss:0.002 || 耗时：8.78s\n"}
,{"stream_name":"stdout","time":180.43886355,"data":"轮次:··7/·10 || loss:0.002 || 耗时：8.78s\n"}
,{"stream_name":"stdout","time":189.247320902,"data":"轮次:··8/·10 || loss:0.001 || 耗时：8.75s\n"}
,{"stream_name":"stdout","time":198.026011294,"data":"轮次:··9/·10 || loss:0.004 || 耗时：8.72s\n"}
,{"stream_name":"stdout","time":206.765026151,"data":"轮次:·10/·10 || loss:0.000 || 耗时：8.67s\n"}
,{"stream_name":"stdout","time":207.356994686,"data":"任务: (B2)N15_M07_F10; mix批次:····0; 批次:··660/··660; 总正确率 = 99.84%\n"}
,{"stream_name":"stdout","time":207.357046336,"data":"类型1 正确率： 100.00% -\u003e 1  100.00%, 2    0.00%, 3    0.00%\n"}
,{"stream_name":"stdout","time":207.357054013,"data":"类型2 正确率： 100.00% -\u003e 1    0.00%, 2  100.00%, 3    0.00%\n"}
,{"stream_name":"stdout","time":207.357075804,"data":"类型3 正确率： 100.00% -\u003e 1    0.00%, 2    0.49%, 3   99.51%\n"}
,{"stream_name":"stdout","time":207.357080034,"data":"\n"}
,{"stream_name":"stdout","time":207.357085096,"data":"\n"}
,{"stream_name":"stdout","time":208.599108513,"data":"测试集任务: (B2)N15_M07_F10; 总正确率 = 99.75%\n"}
,{"stream_name":"stdout","time":208.599164747,"data":"类型1 正确率： 100.00% -\u003e 1  100.00%, 2    0.00%, 3    0.00%\n"}
,{"stream_name":"stdout","time":208.599170286,"data":"类型2 正确率：  99.00% -\u003e 1    0.00%, 2   99.26%, 3    0.74%\n"}
,{"stream_name":"stdout","time":208.59917412,"data":"类型3 正确率： 100.00% -\u003e 1    0.00%, 2    0.00%, 3  100.00%\n"}
,{"stream_name":"stdout","time":208.599179592,"data":"\n"}
,{"stream_name":"stdout","time":208.599186482,"data":"\n"}
,{"stream_name":"stdout","time":208.608626173,"data":"源域训练结束\n"}
,{"stream_name":"stdout","time":208.608640113,"data":"\n"}
,{"stream_name":"stdout","time":208.608643458,"data":"训练好之后，测试目标域\n"}
,{"stream_name":"stdout","time":208.608646657,"data":"目标域路径：/kaggle/working/shot_k10/S06/sdalr_PU_shot/DATA_foldS06/PU_M1_L3/N15_M01_F10_label.txt\n"}
,{"stream_name":"stderr","time":208.98117532,"data":"/usr/local/lib/python3.12/dist-packages/torch/nn/utils/weight_norm.py:144: FutureWarning: `torch.nn.utils.weight_norm` is deprecated in favor of `torch.nn.utils.parametrizations.weight_norm`.\n"}
,{"stream_name":"stderr","time":208.98121492799999,"data":"  WeightNorm.apply(module, name, dim)\n"}
,{"stream_name":"stdout","time":210.18084409,"data":"测试目标数据集结果如下：\n"}
,{"stream_name":"stdout","time":210.180888959,"data":"任务: (B2)N15_M07_F10→(B1)N15_M01_F10, 正确率 = 91.73%\n"}
,{"stream_name":"stdout","time":210.18089257,"data":"类型1 正确率： 100.00% -\u003e 1  100.00%, 2    0.00%, 3    0.00%\n"}
,{"stream_name":"stdout","time":210.180895528,"data":"类型2 正确率：  76.00% -\u003e 1    0.25%, 2   75.68%, 3   24.07%\n"}
,{"stream_name":"stdout","time":210.180899028,"data":"类型3 正确率：  99.00% -\u003e 1    0.00%, 2    0.50%, 3   99.50%\n"}
,{"stream_name":"stdout","time":210.180915936,"data":"\n"}
,{"stream_name":"stdout","time":210.181228391,"data":"目标域路径：/kaggle/working/shot_k10/S06/sdalr_PU_shot/DATA_foldS06/PU_M1_L3/N15_M07_F04_label.txt\n"}
,{"stream_name":"stderr","time":210.569201023,"data":"/usr/local/lib/python3.12/dist-packages/torch/nn/utils/weight_norm.py:144: FutureWarning: `torch.nn.utils.weight_norm` is deprecated in favor of `torch.nn.utils.parametrizations.weight_norm`.\n"}
,{"stream_name":"stderr","time":210.569232785,"data":"  WeightNorm.apply(module, name, dim)\n"}
,{"stream_name":"stdout","time":211.774281564,"data":"测试目标数据集结果如下：\n"}
,{"stream_name":"stdout","time":211.774449133,"data":"任务: (B2)N15_M07_F10→(B3)N15_M07_F04, 正确率 = 91.13%\n"}
,{"stream_name":"stdout","time":211.774455773,"data":"类型1 正确率： 100.00% -\u003e 1  100.00%, 2    0.00%, 3    0.00%\n"}
,{"stream_name":"stdout","time":211.774459566,"data":"类型2 正确率：  81.00% -\u003e 1    0.00%, 2   80.85%, 3   19.15%\n"}
,{"stream_name":"stdout","time":211.774462966,"data":"类型3 正确率：  93.00% -\u003e 1    1.33%, 2    6.12%, 3   92.55%\n"}
,{"stream_name":"stdout","time":211.774466239,"data":"\n"}
,{"stream_name":"stdout","time":211.774795125,"data":"\n"}
,{"stream_name":"stdout","time":211.774801956,"data":"\n"}
,{"stream_name":"stdout","time":211.774894369,"data":"现在开始拿源域训练集：(B3)N15_M07_F04 进行训练\n"}
,{"stream_name":"stdout","time":211.77499834,"data":"源域读取路径：/kaggle/working/shot_k10/S06/sdalr_PU_shot/DATA_foldS06/PU_M1_L3/N15_M07_F04_label.txt\n"}
,{"stream_name":"stdout","time":211.775425607,"data":"excel输出位置：/kaggle/working/shot_k10/S06/weight_src_PU_M1_FS06_s2024/NEW_PU/Source-源域\n"}
,{"stream_name":"stdout","time":211.775698328,"data":"log\u0026pt输出位置：/kaggle/working/shot_k10/S06/weight_src_PU_M1_FS06_s2024/NEW_PU/Source-源域/log\u0026pt/(B3)N15_M07_F04\n"}
,{"stream_name":"stdout","time":211.775705343,"data":"特征图片输出位置：/kaggle/working/shot_k10/S06/weight_src_PU_M1_FS06_s2024/NEW_PU/Picture-特征图/2026年09月22日04时07分/(B3)N15_M07_F04\n"}
,{"stream_name":"stderr","time":211.776988154,"data":"sh: 1: Syntax error: word unexpected (expecting \")\")\n"}
,{"stream_name":"stdout","time":211.777690216,"data":"源域训练开始\n"}
,{"stream_name":"stderr","time":213.590888017,"data":"/usr/local/lib/python3.12/dist-packages/torch/nn/utils/weight_norm.py:144: FutureWarning: `torch.nn.utils.weight_norm` is deprecated in favor of `torch.nn.utils.parametrizations.weight_norm`.\n"}
,{"stream_name":"stderr","time":213.590930786,"data":"  WeightNorm.apply(module, name, dim)\n"}
,{"stream_name":"stdout","time":222.334628828,"data":"轮次:··1/·10 || loss:0.084 || 耗时：8.68s\n"}
,{"stream_name":"stdout","time":231.043575763,"data":"轮次:··2/·10 || loss:0.037 || 耗时：8.65s\n"}
,{"stream_name":"stdout","time":239.81419362,"data":"轮次:··3/·10 || loss:0.024 || 耗时：8.71s\n"}
,{"stream_name":"stdout","time":248.622413454,"data":"轮次:··4/·10 || loss:0.005 || 耗时：8.74s\n"}
,{"stream_name":"stdout","time":257.441845843,"data":"轮次:··5/·10 || loss:0.013 || 耗时：8.76s\n"}
,{"stream_name":"stdout","time":258.032022301,"data":"任务: (B3)N15_M07_F04; mix批次:····0; 批次:··330/··660; 总正确率 = 99.14%\n"}
,{"stream_name":"stdout","time":258.032062294,"data":"类型1 正确率： 100.00% -\u003e 1  100.00%, 2    0.00%, 3    0.00%\n"}
,{"stream_name":"stdout","time":258.032067722,"data":"类型2 正确率： 100.00% -\u003e 1    0.00%, 2  100.00%, 3    0.00%\n"}
,{"stream_name":"stdout","time":258.03207116,"data":"类型3 正确率：  97.00% -\u003e 1    0.00%, 2    2.59%, 3   97.41%\n"}
,{"stream_name":"stdout","time":258.032074406,"data":"\n"}
,{"stream_name":"stdout","time":258.032077371,"data":"\n"}
,{"stream_name":"stdout","time":266.868711648,"data":"轮次:··6/·10 || loss:0.008 || 耗时：8.74s\n"}
,{"stream_name":"stdout","time":275.624532006,"data":"轮次:··7/·10 || loss:0.003 || 耗时：8.69s\n"}
,{"stream_name":"stdout","time":284.372614586,"data":"轮次:··8/·10 || loss:0.030 || 耗时：8.69s\n"}
,{"stream_name":"stdout","time":293.122239067,"data":"轮次:··9/·10 || loss:0.013 || 耗时：8.69s\n"}
,{"stream_name":"stdout","time":301.855194887,"data":"轮次:·10/·10 || loss:0.003 || 耗时：8.67s\n"}
,{"stream_name":"stdout","time":302.436351279,"data":"任务: (B3)N15_M07_F04; mix批次:····0; 批次:··660/··660; 总正确率 = 98.62%\n"}
,{"stream_name":"stdout","time":302.436385091,"data":"类型1 正确率： 100.00% -\u003e 1  100.00%, 2    0.00%, 3    0.00%\n"}
,{"stream_name":"stdout","time":302.436392894,"data":"类型2 正确率： 100.00% -\u003e 1    0.00%, 2  100.00%, 3    0.00%\n"}
,{"stream_name":"stdout","time":302.43639915,"data":"类型3 正确率：  96.00% -\u003e 1    0.00%, 2    4.15%, 3   95.85%\n"}
,{"stream_name":"stdout","time":302.436405333,"data":"\n"}
,{"stream_name":"stdout","time":302.436410905,"data":"\n"}
,{"stream_name":"stdout","time":303.640556873,"data":"测试集任务: (B3)N15_M07_F04; 总正确率 = 98.72%\n"}
,{"stream_name":"stdout","time":303.640608834,"data":"类型1 正确率： 100.00% -\u003e 1  100.00%, 2    0.00%, 3    0.00%\n"}
,{"stream_name":"stdout","time":303.64061482,"data":"类型2 正确率：  98.00% -\u003e 1    0.00%, 2   97.56%, 3    2.44%\n"}
,{"stream_name":"stdout","time":303.640619095,"data":"类型3 正确率：  99.00% -\u003e 1    0.00%, 2    1.39%, 3   98.61%\n"}
,{"stream_name":"stdout","time":303.640623292,"data":"\n"}
,{"stream_name":"stdout","time":303.640627011,"data":"\n"}
,{"stream_name":"stdout","time":303.64988797,"data":"源域训练结束\n"}
,{"stream_name":"stdout","time":303.649911352,"data":"\n"}
,{"stream_name":"stdout","time":303.649915381,"data":"训练好之后，测试目标域\n"}
,{"stream_name":"stdout","time":303.649919217,"data":"目标域路径：/kaggle/working/shot_k10/S06/sdalr_PU_shot/DATA_foldS06/PU_M1_L3/N15_M01_F10_label.txt\n"}
,{"stream_name":"stderr","time":304.026525322,"data":"/usr/local/lib/python3.12/dist-packages/torch/nn/utils/weight_norm.py:144: FutureWarning: `torch.nn.utils.weight_norm` is deprecated in favor of `torch.nn.utils.parametrizations.weight_norm`.\n"}
,{"stream_name":"stderr","time":304.026568155,"data":"  WeightNorm.apply(module, name, dim)\n"}
,{"stream_name":"stdout","time":305.232722225,"data":"测试目标数据集结果如下：\n"}
,{"stream_name":"stdout","time":305.232755884,"data":"任务: (B3)N15_M07_F04→(B1)N15_M01_F10, 正确率 = 73.17%\n"}
,{"stream_name":"stdout","time":305.232761141,"data":"类型1 正确率： 100.00% -\u003e 1  100.00%, 2    0.00%, 3    0.00%\n"}
,{"stream_name":"stdout","time":305.232765844,"data":"类型2 正确率：  56.00% -\u003e 1    0.00%, 2   56.46%, 3   43.54%\n"}
,{"stream_name":"stdout","time":305.232770475,"data":"类型3 正确率：  63.00% -\u003e 1    0.00%, 2   36.97%, 3   63.03%\n"}
,{"stream_name":"stdout","time":305.232774723,"data":"\n"}
,{"stream_name":"stdout","time":305.233230509,"data":"目标域路径：/kaggle/working/shot_k10/S06/sdalr_PU_shot/DATA_foldS06/PU_M1_L3/N15_M07_F10_label.txt\n"}
,{"stream_name":"stderr","time":305.60729104,"data":"/usr/local/lib/python3.12/dist-packages/torch/nn/utils/weight_norm.py:144: FutureWarning: `torch.nn.utils.weight_norm` is deprecated in favor of `torch.nn.utils.parametrizations.weight_norm`.\n"}
,{"stream_name":"stderr","time":305.607326555,"data":"  WeightNorm.apply(module, name, dim)\n"}
,{"stream_name":"stdout","time":306.799211131,"data":"测试目标数据集结果如下：\n"}
,{"stream_name":"stdout","time":306.79923817,"data":"任务: (B3)N15_M07_F04→(B2)N15_M07_F10, 正确率 = 85.22%\n"}
,{"stream_name":"stdout","time":306.799242969,"data":"类型1 正确率： 100.00% -\u003e 1  100.00%, 2    0.00%, 3    0.00%\n"}
,{"stream_name":"stdout","time":306.79924794,"data":"类型2 正确率：  87.00% -\u003e 1    0.00%, 2   86.89%, 3   13.11%\n"}
,{"stream_name":"stdout","time":306.799251849,"data":"类型3 正确率：  69.00% -\u003e 1    0.00%, 2   31.23%, 3   68.77%\n"}
,{"stream_name":"stdout","time":306.800273675,"data":"\n"}
,{"stream_name":"stdout","time":306.807196309,"data":"[src_pretrain_RES_PU.py --folder_root /kaggle/working/shot_k10/S06/sdalr_PU_shot/DATA_foldS06 --seed 2024 --class_num 3 --data_name PU_M1_L3 --output /kaggle/working/shot_k10/S06/weight_src_PU_M1_FS06_s2024] 285s\n"}
,{"stream_name":"stdout","time":306.850718164,"data":"读取源域路径：/kaggle/working/shot_k10/S06/weight_PU_M1_shot_FS06toS06_s2024/NEW_PU/Source-源域/log\u0026pt/(B1)N15_M01_F10\n"}
,{"stream_name":"stdout","time":306.850748065,"data":"excel输出位置：/kaggle/working/shot_k10/S06/weight_PU_M1_shot_FS06toS06_s2024/NEW_PU/Target-目标域\n"}
,{"stream_name":"stdout","time":306.850763674,"data":"特征图片输出位置：/kaggle/working/shot_k10/S06/weight_PU_M1_shot_FS06toS06_s2024/NEW_PU/Picture-特征图/2026年09月22日04时12分/(B1)N15_M01_F10\n"}
,{"stream_name":"stderr","time":306.887228848,"data":"/usr/local/lib/python3.12/dist-packages/torch/nn/utils/weight_norm.py:144: FutureWarning: `torch.nn.utils.weight_norm` is deprecated in favor of `torch.nn.utils.parametrizations.weight_norm`.\n"}
,{"stream_name":"stderr","time":306.887265545,"data":"  WeightNorm.apply(module, name, dim)\n"}
,{"stream_name":"stdout","time":306.927011372,"data":"现在选取:(B1)N15_M01_F10 进行训练的源模型\n"}
,{"stream_name":"stdout","time":306.927043453,"data":"现在进行：(B1)N15_M01_F10→(B2)N15_M07_F10 的迁移任务\n"}
,{"stream_name":"stdout","time":306.927048895,"data":"log\u0026pt输出位置：/kaggle/working/shot_k10/S06/weight_PU_M1_shot_FS06toS06_s2024/NEW_PU/Target-目标域/log\u0026pt/(B1)N15_M01_F10→(B2)N15_M07_F10\n"}
,{"stream_name":"stderr","time":306.928540728,"data":"sh: 1: Syntax error: word unexpected (expecting \")\")\n"}
,{"stream_name":"stdout","time":318.011065826,"data":"任务: (B1)N15_M01_F10→(B2)N15_M07_F10; 批次:····0/·1880;  总正确率: 99.53%\n"}
,{"stream_name":"stdout","time":318.011109774,"data":"类型1 正确率： 100.00% -\u003e 1  100.00%, 2    0.00%, 3    0.00%\n"}
,{"stream_name":"stdout","time":318.011139061,"data":"类型2 正确率：  99.00% -\u003e 1    0.05%, 2   98.80%, 3    1.15%\n"}
,{"stream_name":"stdout","time":318.011145532,"data":"类型3 正确率： 100.00% -\u003e 1    0.00%, 2    0.20%, 3   99.80%\n"}
,{"stream_name":"stdout","time":318.011151458,"data":"\n"}
,{"stream_name":"stdout","time":318.011156554,"data":"\n"}
,{"stream_name":"stdout","time":321.252174137,"data":"SHOT pseudo-labels: model 99.53% -\u003e centroid 99.63%\n"}
,{"stream_name":"stderr","time":333.925107168,"data":"/kaggle/working/shot_k10/S06/sdalr_PU_shot/tar_adaptation_RES_PU.py:114: UserWarning: Converting a tensor with requires_grad=True to a scalar may lead to unexpected behavior.\n"}
,{"stream_name":"stderr","time":333.925170481,"data":"Consider using tensor.detach() first. (Triggered internally at /pytorch/torch/csrc/autograd/generated/python_variable_methods.cpp:836.)\n"}
,{"stream_name":"stderr","time":333.925178168,"data":"  iter_num // epoch_len, args.max_epoch, float(classifier_loss), float(im_loss), time.time() - start))\n"}
,{"stream_name":"stdout","time":333.925150924,"data":"轮次:··1/·20 || cls:0.955 || im:-0.926 || 耗时：21.74s\n"}
,{"stream_name":"stdout","time":337.238220585,"data":"SHOT pseudo-labels: model 89.45% -\u003e centroid 92.02%\n"}
,{"stream_name":"stdout","time":350.022618749,"data":"轮次:··2/·20 || cls:1.166 || im:-0.731 || 耗时：16.10s\n"}
,{"stream_name":"stdout","time":353.294531213,"data":"SHOT pseudo-labels: model 71.53% -\u003e centroid 67.15%\n"}
,{"stream_name":"stdout","time":365.868896414,"data":"轮次:··3/·20 || cls:0.913 || im:-0.749 || 耗时：15.85s\n"}
,{"stream_name":"stdout","time":369.123230911,"data":"SHOT pseudo-labels: model 69.10% -\u003e centroid 68.62%\n"}
,{"stream_name":"stdout","time":381.567580138,"data":"轮次:··4/·20 || cls:0.815 || im:-0.666 || 耗时：15.70s\n"}
,{"stream_name":"stdout","time":384.785200787,"data":"SHOT pseudo-labels: model 68.23% -\u003e centroid 64.70%\n"}
,{"stream_name":"stdout","time":397.222444116,"data":"轮次:··5/·20 || cls:0.727 || im:-0.740 || 耗时：15.65s\n"}
,{"stream_name":"stdout","time":400.467215299,"data":"SHOT pseudo-labels: model 69.82% -\u003e centroid 71.92%\n"}
,{"stream_name":"stdout","time":412.975443181,"data":"轮次:··6/·20 || cls:0.599 || im:-0.661 || 耗时：15.75s\n"}
,{"stream_name":"stdout","time":416.221048783,"data":"SHOT pseudo-labels: model 70.38% -\u003e centroid 68.17%\n"}
,{"stream_name":"stdout","time":428.798210823,"data":"轮次:··7/·20 || cls:0.904 || im:-0.648 || 耗时：15.82s\n"}
,{"stream_name":"stdout","time":432.062224005,"data":"SHOT pseudo-labels: model 70.38% -\u003e centroid 67.22%\n"}
,{"stream_name":"stdout","time":444.621220382,"data":"轮次:··8/·20 || cls:0.798 || im:-0.688 || 耗时：15.82s\n"}
,{"stream_name":"stdout","time":447.871660366,"data":"SHOT pseudo-labels: model 72.68% -\u003e centroid 75.83%\n"}
,{"stream_name":"stdout","time":460.394731119,"data":"轮次:··9/·20 || cls:0.709 || im:-0.652 || 耗时：15.77s\n"}
,{"stream_name":"stdout","time":463.651219108,"data":"SHOT pseudo-labels: model 74.72% -\u003e centroid 75.87%\n"}
,{"stream_name":"stdout","time":476.143703265,"data":"轮次:·10/·20 || cls:0.707 || im:-0.682 || 耗时：15.75s\n"}
,{"stream_name":"stdout","time":479.391279505,"data":"SHOT pseudo-labels: model 76.25% -\u003e centroid 75.18%\n"}
,{"stream_name":"stdout","time":491.867582505,"data":"轮次:·11/·20 || cls:0.865 || im:-0.713 || 耗时：15.72s\n"}
,{"stream_name":"stdout","time":495.084178587,"data":"SHOT pseudo-labels: model 74.97% -\u003e centroid 74.27%\n"}
,{"stream_name":"stdout","time":507.536633002,"data":"轮次:·12/·20 || cls:0.714 || im:-0.648 || 耗时：15.67s\n"}
,{"stream_name":"stdout","time":510.779242166,"data":"SHOT pseudo-labels: model 74.03% -\u003e centroid 73.72%\n"}
,{"stream_name":"stdout","time":523.277949048,"data":"轮次:·13/·20 || cls:0.721 || im:-0.660 || 耗时：15.74s\n"}
,{"stream_name":"stdout","time":526.518208067,"data":"SHOT pseudo-labels: model 74.32% -\u003e centroid 74.50%\n"}
,{"stream_name":"stdout","time":539.011494427,"data":"轮次:·14/·20 || cls:0.867 || im:-0.701 || 耗时：15.73s\n"}
,{"stream_name":"stdout","time":542.270209162,"data":"SHOT pseudo-labels: model 74.53% -\u003e centroid 73.38%\n"}
,{"stream_name":"stdout","time":554.758841906,"data":"轮次:·15/·20 || cls:0.683 || im:-0.684 || 耗时：15.75s\n"}
,{"stream_name":"stdout","time":558.001199431,"data":"SHOT pseudo-labels: model 74.48% -\u003e centroid 73.88%\n"}
,{"stream_name":"stdout","time":570.503406558,"data":"轮次:·16/·20 || cls:0.839 || im:-0.758 || 耗时：15.74s\n"}
,{"stream_name":"stdout","time":573.764251756,"data":"SHOT pseudo-labels: model 74.57% -\u003e centroid 74.05%\n"}
,{"stream_name":"stdout","time":586.252948652,"data":"轮次:·17/·20 || cls:0.972 || im:-0.625 || 耗时：15.75s\n"}
,{"stream_name":"stdout","time":589.482258422,"data":"SHOT pseudo-labels: model 74.43% -\u003e centroid 74.10%\n"}
,{"stream_name":"stdout","time":601.969164934,"data":"轮次:·18/·20 || cls:0.794 || im:-0.645 || 耗时：15.72s\n"}
,{"stream_name":"stdout","time":605.210237209,"data":"SHOT pseudo-labels: model 75.18% -\u003e centroid 74.05%\n"}
,{"stream_name":"stdout","time":617.730936122,"data":"轮次:·19/·20 || cls:0.704 || im:-0.710 || 耗时：15.76s\n"}
,{"stream_name":"stdout","time":620.969207956,"data":"SHOT pseudo-labels: model 75.47% -\u003e centroid 74.27%\n"}
,{"stream_name":"stdout","time":633.475487201,"data":"轮次:·20/·20 || cls:0.627 || im:-0.707 || 耗时：15.74s\n"}
,{"stream_name":"stdout","time":639.340476388,"data":"测试集任务: (B1)N15_M01_F10→(B2)N15_M07_F10; 总正确率 = 75.00%\n"}
,{"stream_name":"stdout","time":639.340529188,"data":"类型1 正确率：  99.00% -\u003e 1   98.85%, 2    0.00%, 3    1.15%\n"}
,{"stream_name":"stdout","time":639.340540783,"data":"类型2 正确率：  67.00% -\u003e 1    1.65%, 2   66.85%, 3   31.50%\n"}
,{"stream_name":"stdout","time":639.340563646,"data":"类型3 正确率：  59.00% -\u003e 1    0.15%, 2   40.55%, 3   59.30%\n"}
,{"stream_name":"stdout","time":639.340582578,"data":"\n"}
,{"stream_name":"stdout","time":639.340586335,"data":"\n"}
,{"stream_name":"stdout","time":639.359185645,"data":"[tar_adaptation_RES_PU.py --folder_root /kaggle/working/shot_k10/S06/sdalr_PU_shot/DATA_foldS06 --seed 2024 --class_num 3 --data_name PU_M1_L3 --output /kaggle/working/shot_k10/S06/weight_PU_M1_shot_FS06toS06_s2024 --s 0 --t 1 --lr 0.0005 --threshold 0.4 --K 0.6] 333s\n"}
,{"stream_name":"stdout","time":639.409021486,"data":"读取源域路径：/kaggle/working/shot_k10/S06/weight_PU_M1_shot_FS06toS06_s2024/NEW_PU/Source-源域/log\u0026pt/(B1)N15_M01_F10\n"}
,{"stream_name":"stdout","time":639.409049531,"data":"excel输出位置：/kaggle/working/shot_k10/S06/weight_PU_M1_shot_FS06toS06_s2024/NEW_PU/Target-目标域\n"}
,{"stream_name":"stdout","time":639.410248946,"data":"特征图片输出位置：/kaggle/working/shot_k10/S06/weight_PU_M1_shot_FS06toS06_s2024/NEW_PU/Picture-特征图/2026年09月22日04时17分/(B1)N15_M01_F10\n"}
,{"stream_name":"stderr","time":639.444097834,"data":"/usr/local/lib/python3.12/dist-packages/torch/nn/utils/weight_norm.py:144: FutureWarning: `torch.nn.utils.weight_norm` is deprecated in favor of `torch.nn.utils.parametrizations.weight_norm`.\n"}
,{"stream_name":"stderr","time":639.444167836,"data":"  WeightNorm.apply(module, name, dim)\n"}
,{"stream_name":"stdout","time":639.481799889,"data":"现在选取:(B1)N15_M01_F10 进行训练的源模型\n"}
,{"stream_name":"stdout","time":639.481827808,"data":"现在进行：(B1)N15_M01_F10→(B3)N15_M07_F04 的迁移任务\n"}
,{"stream_name":"stdout","time":639.481832848,"data":"log\u0026pt输出位置：/kaggle/working/shot_k10/S06/weight_PU_M1_shot_FS06toS06_s2024/NEW_PU/Target-目标域/log\u0026pt/(B1)N15_M01_F10→(B3)N15_M07_F04\n"}
,{"stream_name":"stderr","time":639.483150949,"data":"sh: 1: Syntax error: word unexpected (expecting \")\")\n"}
,{"stream_name":"stdout","time":650.433688082,"data":"任务: (B1)N15_M01_F10→(B3)N15_M07_F04; 批次:····0/·1880;  总正确率: 86.90%\n"}
,{"stream_name":"stdout","time":650.433736438,"data":"类型1 正确率： 100.00% -\u003e 1  100.00%, 2    0.00%, 3    0.00%\n"}
,{"stream_name":"stdout","time":650.433741887,"data":"类型2 正确率：  82.00% -\u003e 1    0.05%, 2   82.05%, 3   17.90%\n"}
,{"stream_name":"stdout","time":650.433745424,"data":"类型3 正确率：  79.00% -\u003e 1    2.80%, 2   18.55%, 3   78.65%\n"}
,{"stream_name":"stdout","time":650.433748691,"data":"\n"}
,{"stream_name":"stdout","time":650.433751661,"data":"\n"}
,{"stream_name":"stdout","time":653.664535643,"data":"SHOT pseudo-labels: model 86.90% -\u003e centroid 85.52%\n"}
,{"stream_name":"stdout","time":666.258089457,"data":"轮次:··1/·20 || cls:1.334 || im:-0.881 || 耗时：21.68s\n"}
,{"stream_name":"stdout","time":669.547307214,"data":"SHOT pseudo-labels: model 83.15% -\u003e centroid 82.42%\n"}
,{"stream_name":"stdout","time":682.298151316,"data":"轮次:··2/·20 || cls:1.108 || im:-0.727 || 耗时：16.04s\n"}
,{"stream_name":"stdout","time":685.576246124,"data":"SHOT pseudo-labels: model 71.37% -\u003e centroid 65.02%\n"}
,{"stream_name":"stdout","time":698.131271674,"data":"轮次:··3/·20 || cls:0.792 || im:-0.801 || 耗时：15.83s\n"}
,{"stream_name":"stdout","time":701.380209557,"data":"SHOT pseudo-labels: model 72.33% -\u003e centroid 72.20%\n"}
,{"stream_name":"stdout","time":713.857648771,"data":"轮次:··4/·20 || cls:0.984 || im:-0.692 || 耗时：15.73s\n"}
,{"stream_name":"stdout","time":717.07817833,"data":"SHOT pseudo-labels: model 75.33% -\u003e centroid 70.52%\n"}
,{"stream_name":"stdout","time":729.521034989,"data":"轮次:··5/·20 || cls:0.879 || im:-0.767 || 耗时：15.66s\n"}
,{"stream_name":"stdout","time":732.741177701,"data":"SHOT pseudo-labels: model 75.13% -\u003e centroid 69.60%\n"}
,{"stream_name":"stdout","time":745.267756133,"data":"轮次:··6/·20 || cls:0.749 || im:-0.692 || 耗时：15.75s\n"}
,{"stream_name":"stdout","time":748.511236722,"data":"SHOT pseudo-labels: model 75.23% -\u003e centroid 69.23%\n"}
,{"stream_name":"stdout","time":761.109450562,"data":"轮次:··7/·20 || cls:0.796 || im:-0.710 || 耗时：15.84s\n"}
,{"stream_name":"stdout","time":764.343252217,"data":"SHOT pseudo-labels: model 75.37% -\u003e centroid 69.25%\n"}
,{"stream_name":"stdout","time":776.879007077,"data":"轮次:··8/·20 || cls:0.871 || im:-0.682 || 耗时：15.77s\n"}
,{"stream_name":"stdout","time":780.100292165,"data":"SHOT pseudo-labels: model 77.80% -\u003e centroid 70.17%\n"}
,{"stream_name":"stdout","time":792.597371189,"data":"轮次:··9/·20 || cls:0.709 || im:-0.683 || 耗时：15.72s\n"}
,{"stream_name":"stdout","time":795.825217089,"data":"SHOT pseudo-labels: model 79.17% -\u003e centroid 70.92%\n"}
,{"stream_name":"stdout","time":808.311722503,"data":"轮次:·10/·20 || cls:0.590 || im:-0.651 || 耗时：15.71s\n"}
,{"stream_name":"stdout","time":811.568201635,"data":"SHOT pseudo-labels: model 79.30% -\u003e centroid 71.55%\n"}
,{"stream_name":"stdout","time":824.047200571,"data":"轮次:·11/·20 || cls:0.714 || im:-0.612 || 耗时：15.74s\n"}
,{"stream_name":"stdout","time":827.28251693,"data":"SHOT pseudo-labels: model 80.12% -\u003e centroid 70.08%\n"}
,{"stream_name":"stdout","time":839.761848687,"data":"轮次:·12/·20 || cls:0.950 || im:-0.741 || 耗时：15.71s\n"}
,{"stream_name":"stdout","time":843.013749963,"data":"SHOT pseudo-labels: model 80.50% -\u003e centroid 68.95%\n"}
,{"stream_name":"stdout","time":855.492445592,"data":"轮次:·13/·20 || cls:0.695 || im:-0.726 || 耗时：15.73s\n"}
,{"stream_name":"stdout","time":858.719297333,"data":"SHOT pseudo-labels: model 79.55% -\u003e centroid 68.03%\n"}
,{"stream_name":"stdout","time":871.21264818,"data":"轮次:·14/·20 || cls:0.854 || im:-0.660 || 耗时：15.72s\n"}
,{"stream_name":"stdout","time":874.445199084,"data":"SHOT pseudo-labels: model 79.50% -\u003e centroid 69.50%\n"}
,{"stream_name":"stdout","time":886.948508193,"data":"轮次:·15/·20 || cls:0.704 || im:-0.632 || 耗时：15.74s\n"}
,{"stream_name":"stdout","time":890.165176056,"data":"SHOT pseudo-labels: model 80.12% -\u003e centroid 70.00%\n"}
,{"stream_name":"stdout","time":902.662096338,"data":"轮次:·16/·20 || cls:0.722 || im:-0.622 || 耗时：15.71s\n"}
,{"stream_name":"stdout","time":905.893197744,"data":"SHOT pseudo-labels: model 80.25% -\u003e centroid 71.05%\n"}
,{"stream_name":"stdout","time":918.391351307,"data":"轮次:·17/·20 || cls:0.729 || im:-0.580 || 耗时：15.73s\n"}
,{"stream_name":"stdout","time":921.643245443,"data":"SHOT pseudo-labels: model 81.82% -\u003e centroid 55.77%\n"}
,{"stream_name":"stdout","time":934.137192922,"data":"轮次:·18/·20 || cls:0.748 || im:-0.728 || 耗时：15.75s\n"}
,{"stream_name":"stdout","time":937.390149916,"data":"SHOT pseudo-labels: model 80.55% -\u003e centroid 53.33%\n"}
,{"stream_name":"stdout","time":949.907229326,"data":"轮次:·19/·20 || cls:0.735 || im:-0.646 || 耗时：15.77s\n"}
,{"stream_name":"stdout","time":953.160267708,"data":"SHOT pseudo-labels: model 82.52% -\u003e centroid 69.35%\n"}
,{"stream_name":"stdout","time":965.655316867,"data":"轮次:·20/·20 || cls:0.770 || im:-0.664 || 耗时：15.75s\n"}
,{"stream_name":"stdout","time":971.517760527,"data":"测试集任务: (B1)N15_M01_F10→(B3)N15_M07_F04; 总正确率 = 81.90%\n"}
,{"stream_name":"stdout","time":971.517817196,"data":"类型1 正确率： 100.00% -\u003e 1   99.55%, 2    0.00%, 3    0.45%\n"}
,{"stream_name":"stdout","time":971.517824003,"data":"类型2 正确率：  72.00% -\u003e 1    0.25%, 2   72.10%, 3   27.65%\n"}
,{"stream_name":"stdout","time":971.517827908,"data":"类型3 正确率：  74.00% -\u003e 1    0.40%, 2   25.55%, 3   74.05%\n"}
,{"stream_name":"stdout","time":971.517831723,"data":"\n"}
,{"stream_name":"stdout","time":971.51783548,"data":"\n"}
,{"stream_name":"stdout","time":971.538320258,"data":"[tar_adaptation_RES_PU.py --folder_root /kaggle/working/shot_k10/S06/sdalr_PU_shot/DATA_foldS06 --seed 2024 --class_num 3 --data_name PU_M1_L3 --output /kaggle/working/shot_k10/S06/weight_PU_M1_shot_FS06toS06_s2024 --s 0 --t 2 --lr 0.0005 --threshold 0.4 --K 0.6] 332s\n"}
,{"stream_name":"stdout","time":971.566410551,"data":"读取源域路径：/kaggle/working/shot_k10/S06/weight_PU_M1_shot_FS06toS06_s2024/NEW_PU/Source-源域/log\u0026pt/(B2)N15_M07_F10\n"}
,{"stream_name":"stdout","time":971.566440409,"data":"excel输出位置：/kaggle/working/shot_k10/S06/weight_PU_M1_shot_FS06toS06_s2024/NEW_PU/Target-目标域\n"}
,{"stream_name":"stdout","time":971.566486367,"data":"特征图片输出位置：/kaggle/working/shot_k10/S06/weight_PU_M1_shot_FS06toS06_s2024/NEW_PU/Picture-特征图/2026年09月22日04时23分/(B2)N15_M07_F10\n"}
,{"stream_name":"stderr","time":971.602383257,"data":"/usr/local/lib/python3.12/dist-packages/torch/nn/utils/weight_norm.py:144: FutureWarning: `torch.nn.utils.weight_norm` is deprecated in favor of `torch.nn.utils.parametrizations.weight_norm`.\n"}
,{"stream_name":"stderr","time":971.602415649,"data":"  WeightNorm.apply(module, name, dim)\n"}
,{"stream_name":"stdout","time":971.640437032,"data":"现在选取:(B2)N15_M07_F10 进行训练的源模型\n"}
,{"stream_name":"stdout","time":971.640465553,"data":"现在进行：(B2)N15_M07_F10→(B1)N15_M01_F10 的迁移任务\n"}
,{"stream_name":"stdout","time":971.640473188,"data":"log\u0026pt输出位置：/kaggle/working/shot_k10/S06/weight_PU_M1_shot_FS06toS06_s2024/NEW_PU/Target-目标域/log\u0026pt/(B2)N15_M07_F10→(B1)N15_M01_F10\n"}
,{"stream_name":"stderr","time":971.641805335,"data":"sh: 1: Syntax error: word unexpected (expecting \")\")\n"}
,{"stream_name":"stdout","time":982.548269446,"data":"任务: (B2)N15_M07_F10→(B1)N15_M01_F10; 批次:····0/·1880;  总正确率: 91.78%\n"}
,{"stream_name":"stdout","time":982.548305129,"data":"类型1 正确率： 100.00% -\u003e 1  100.00%, 2    0.00%, 3    0.00%\n"}
,{"stream_name":"stdout","time":982.548317835,"data":"类型2 正确率：  76.00% -\u003e 1    0.20%, 2   75.50%, 3   24.30%\n"}
,{"stream_name":"stdout","time":982.548323175,"data":"类型3 正确率： 100.00% -\u003e 1    0.00%, 2    0.15%, 3   99.85%\n"}
,{"stream_name":"stdout","time":982.548327723,"data":"\n"}
,{"stream_name":"stdout","time":982.548331486,"data":"\n"}
,{"stream_name":"stdout","time":985.753219809,"data":"SHOT pseudo-labels: model 91.78% -\u003e centroid 93.27%\n"}
,{"stream_name":"stdout","time":998.3546202,"data":"轮次:··1/·20 || cls:1.088 || im:-0.854 || 耗时：21.66s\n"}
,{"stream_name":"stdout","time":1001.670202682,"data":"SHOT pseudo-labels: model 88.17% -\u003e centroid 96.60%\n"}
,{"stream_name":"stdout","time":1014.385305101,"data":"轮次:··2/·20 || cls:1.259 || im:-0.790 || 耗时：16.03s\n"}
,{"stream_name":"stdout","time":1017.655331729,"data":"SHOT pseudo-labels: model 78.57% -\u003e centroid 91.45%\n"}
,{"stream_name":"stdout","time":1030.192014739,"data":"轮次:··3/·20 || cls:0.883 || im:-0.716 || 耗时：15.81s\n"}
,{"stream_name":"stdout","time":1033.427635593,"data":"SHOT pseudo-labels: model 78.65% -\u003e centroid 88.62%\n"}
,{"stream_name":"stdout","time":1045.862443467,"data":"轮次:··4/·20 || cls:0.891 || im:-0.677 || 耗时：15.67s\n"}
,{"stream_name":"stdout","time":1049.087147871,"data":"SHOT pseudo-labels: model 81.47% -\u003e centroid 80.90%\n"}
,{"stream_name":"stdout","time":1061.535872178,"data":"轮次:··5/·20 || cls:0.707 || im:-0.721 || 耗时：15.67s\n"}
,{"stream_name":"stdout","time":1064.752477813,"data":"SHOT pseudo-labels: model 83.90% -\u003e centroid 74.10%\n"}
,{"stream_name":"stdout","time":1077.269096172,"data":"轮次:··6/·20 || cls:0.862 || im:-0.739 || 耗时：15.73s\n"}
,{"stream_name":"stdout","time":1080.498431227,"data":"SHOT pseudo-labels: model 84.15% -\u003e centroid 75.62%\n"}
,{"stream_name":"stdout","time":1093.041184504,"data":"轮次:··7/·20 || cls:0.725 || im:-0.738 || 耗时：15.77s\n"}
,{"stream_name":"stdout","time":1096.267217653,"data":"SHOT pseudo-labels: model 86.53% -\u003e centroid 73.50%\n"}
,{"stream_name":"stdout","time":1108.843957086,"data":"轮次:··8/·20 || cls:0.950 || im:-0.789 || 耗时：15.80s\n"}
,{"stream_name":"stdout","time":1112.102202638,"data":"SHOT pseudo-labels: model 85.72% -\u003e centroid 73.15%\n"}
,{"stream_name":"stdout","time":1124.648442441,"data":"轮次:··9/·20 || cls:0.911 || im:-0.814 || 耗时：15.80s\n"}
,{"stream_name":"stdout","time":1127.890169808,"data":"SHOT pseudo-labels: model 85.90% -\u003e centroid 72.47%\n"}
,{"stream_name":"stdout","time":1140.429962062,"data":"轮次:·10/·20 || cls:0.673 || im:-0.688 || 耗时：15.78s\n"}
,{"stream_name":"stdout","time":1143.679197883,"data":"SHOT pseudo-labels: model 86.53% -\u003e centroid 72.77%\n"}
,{"stream_name":"stdout","time":1156.185948496,"data":"轮次:·11/·20 || cls:0.741 || im:-0.653 || 耗时：15.76s\n"}
,{"stream_name":"stdout","time":1159.407189512,"data":"SHOT pseudo-labels: model 86.27% -\u003e centroid 72.32%\n"}
,{"stream_name":"stdout","time":1171.911860646,"data":"轮次:·12/·20 || cls:0.821 || im:-0.674 || 耗时：15.73s\n"}
,{"stream_name":"stdout","time":1175.114188909,"data":"SHOT pseudo-labels: model 86.52% -\u003e centroid 70.83%\n"}
,{"stream_name":"stdout","time":1187.638761819,"data":"轮次:·13/·20 || cls:0.950 || im:-0.807 || 耗时：15.73s\n"}
,{"stream_name":"stdout","time":1190.854039121,"data":"SHOT pseudo-labels: model 86.60% -\u003e centroid 71.37%\n"}
,{"stream_name":"stdout","time":1203.380274854,"data":"轮次:·14/·20 || cls:0.878 || im:-0.695 || 耗时：15.74s\n"}
,{"stream_name":"stdout","time":1206.606203115,"data":"SHOT pseudo-labels: model 86.67% -\u003e centroid 70.57%\n"}
,{"stream_name":"stdout","time":1219.093235466,"data":"轮次:·15/·20 || cls:0.710 || im:-0.709 || 耗时：15.71s\n"}
,{"stream_name":"stdout","time":1222.324241472,"data":"SHOT pseudo-labels: model 87.20% -\u003e centroid 70.20%\n"}
,{"stream_name":"stdout","time":1234.811801378,"data":"轮次:·16/·20 || cls:0.716 || im:-0.684 || 耗时：15.72s\n"}
,{"stream_name":"stdout","time":1238.033196001,"data":"SHOT pseudo-labels: model 86.57% -\u003e centroid 72.02%\n"}
,{"stream_name":"stdout","time":1250.518912665,"data":"轮次:·17/·20 || cls:0.849 || im:-0.673 || 耗时：15.71s\n"}
,{"stream_name":"stdout","time":1253.735284449,"data":"SHOT pseudo-labels: model 86.93% -\u003e centroid 71.28%\n"}
,{"stream_name":"stdout","time":1266.216534101,"data":"轮次:·18/·20 || cls:0.935 || im:-0.787 || 耗时：15.70s\n"}
,{"stream_name":"stdout","time":1269.426263257,"data":"SHOT pseudo-labels: model 87.43% -\u003e centroid 70.32%\n"}
,{"stream_name":"stdout","time":1281.913231098,"data":"轮次:·19/·20 || cls:0.635 || im:-0.680 || 耗时：15.70s\n"}
,{"stream_name":"stdout","time":1285.143194806,"data":"SHOT pseudo-labels: model 86.98% -\u003e centroid 70.50%\n"}
,{"stream_name":"stdout","time":1297.621310568,"data":"轮次:·20/·20 || cls:0.690 || im:-0.769 || 耗时：15.71s\n"}
,{"stream_name":"stdout","time":1303.484037959,"data":"测试集任务: (B2)N15_M07_F10→(B1)N15_M01_F10; 总正确率 = 88.05%\n"}
,{"stream_name":"stdout","time":1303.484082493,"data":"类型1 正确率： 100.00% -\u003e 1   99.80%, 2    0.20%, 3    0.00%\n"}
,{"stream_name":"stdout","time":1303.484090448,"data":"类型2 正确率：  79.00% -\u003e 1    0.35%, 2   78.85%, 3   20.80%\n"}
,{"stream_name":"stdout","time":1303.484097257,"data":"类型3 正确率：  86.00% -\u003e 1    0.15%, 2   14.35%, 3   85.50%\n"}
,{"stream_name":"stdout","time":1303.48410327,"data":"\n"}
,{"stream_name":"stdout","time":1303.484108459,"data":"\n"}
,{"stream_name":"stdout","time":1303.502667693,"data":"[tar_adaptation_RES_PU.py --folder_root /kaggle/working/shot_k10/S06/sdalr_PU_shot/DATA_foldS06 --seed 2024 --class_num 3 --data_name PU_M1_L3 --output /kaggle/working/shot_k10/S06/weight_PU_M1_shot_FS06toS06_s2024 --s 1 --t 0 --lr 0.0005 --threshold 0.4 --K 0.6] 332s\n"}
,{"stream_name":"stdout","time":1303.530306962,"data":"读取源域路径：/kaggle/working/shot_k10/S06/weight_PU_M1_shot_FS06toS06_s2024/NEW_PU/Source-源域/log\u0026pt/(B2)N15_M07_F10\n"}
,{"stream_name":"stdout","time":1303.530354438,"data":"excel输出位置：/kaggle/working/shot_k10/S06/weight_PU_M1_shot_FS06toS06_s2024/NEW_PU/Target-目标域\n"}
,{"stream_name":"stdout","time":1303.530362202,"data":"特征图片输出位置：/kaggle/working/shot_k10/S06/weight_PU_M1_shot_FS06toS06_s2024/NEW_PU/Picture-特征图/2026年09月22日04时28分/(B2)N15_M07_F10\n"}
,{"stream_name":"stderr","time":1303.564389464,"data":"/usr/local/lib/python3.12/dist-packages/torch/nn/utils/weight_norm.py:144: FutureWarning: `torch.nn.utils.weight_norm` is deprecated in favor of `torch.nn.utils.parametrizations.weight_norm`.\n"}
,{"stream_name":"stderr","time":1303.564422818,"data":"  WeightNorm.apply(module, name, dim)\n"}
,{"stream_name":"stdout","time":1303.603212695,"data":"现在选取:(B2)N15_M07_F10 进行训练的源模型\n"}
,{"stream_name":"stdout","time":1303.603250176,"data":"现在进行：(B2)N15_M07_F10→(B3)N15_M07_F04 的迁移任务\n"}
,{"stream_name":"stdout","time":1303.603255523,"data":"log\u0026pt输出位置：/kaggle/working/shot_k10/S06/weight_PU_M1_shot_FS06toS06_s2024/NEW_PU/Target-目标域/log\u0026pt/(B2)N15_M07_F10→(B3)N15_M07_F04\n"}
,{"stream_name":"stderr","time":1303.604612336,"data":"sh: 1: Syntax error: word unexpected (expecting \")\")\n"}
,{"stream_name":"stdout","time":1314.519011232,"data":"任务: (B2)N15_M07_F10→(B3)N15_M07_F04; 批次:····0/·1880;  总正确率: 92.50%\n"}
,{"stream_name":"stdout","time":1314.519052826,"data":"类型1 正确率： 100.00% -\u003e 1  100.00%, 2    0.00%, 3    0.00%\n"}
,{"stream_name":"stdout","time":1314.519058053,"data":"类型2 正确率：  83.00% -\u003e 1    0.00%, 2   83.20%, 3   16.80%\n"}
,{"stream_name":"stdout","time":1314.519061349,"data":"类型3 正确率：  94.00% -\u003e 1    1.00%, 2    4.70%, 3   94.30%\n"}
,{"stream_name":"stdout","time":1314.519064543,"data":"\n"}
,{"stream_name":"stdout","time":1314.519067438,"data":"\n"}
,{"stream_name":"stdout","time":1317.726205658,"data":"SHOT pseudo-labels: model 92.50% -\u003e centroid 92.90%\n"}
,{"stream_name":"stdout","time":1330.343428828,"data":"轮次:··1/·20 || cls:1.179 || im:-0.944 || 耗时：21.68s\n"}
,{"stream_name":"stdout","time":1333.660232992,"data":"SHOT pseudo-labels: model 86.27% -\u003e centroid 89.60%\n"}
,{"stream_name":"stdout","time":1346.437085725,"data":"轮次:··2/·20 || cls:1.303 || im:-0.780 || 耗时：16.09s\n"}
,{"stream_name":"stdout","time":1349.709212364,"data":"SHOT pseudo-labels: model 79.60% -\u003e centroid 69.08%\n"}
,{"stream_name":"stdout","time":1362.27441147,"data":"轮次:··3/·20 || cls:1.008 || im:-0.719 || 耗时：15.84s\n"}
,{"stream_name":"stdout","time":1365.506247519,"data":"SHOT pseudo-labels: model 83.52% -\u003e centroid 81.45%\n"}
,{"stream_name":"stdout","time":1377.956406152,"data":"轮次:··4/·20 || cls:0.959 || im:-0.800 || 耗时：15.68s\n"}
,{"stream_name":"stdout","time":1381.23229747,"data":"SHOT pseudo-labels: model 84.47% -\u003e centroid 79.30%\n"}
,{"stream_name":"stdout","time":1393.661546504,"data":"轮次:··5/·20 || cls:0.866 || im:-0.784 || 耗时：15.71s\n"}
,{"stream_name":"stdout","time":1396.881167101,"data":"SHOT pseudo-labels: model 85.05% -\u003e centroid 74.28%\n"}
,{"stream_name":"stdout","time":1409.414461195,"data":"轮次:··6/·20 || cls:0.833 || im:-0.727 || 耗时：15.75s\n"}
,{"stream_name":"stdout","time":1412.663175515,"data":"SHOT pseudo-labels: model 84.77% -\u003e centroid 72.63%\n"}
,{"stream_name":"stdout","time":1425.267630774,"data":"轮次:··7/·20 || cls:0.925 || im:-0.770 || 耗时：15.85s\n"}
,{"stream_name":"stdout","time":1428.501182151,"data":"SHOT pseudo-labels: model 84.47% -\u003e centroid 70.10%\n"}
,{"stream_name":"stdout","time":1441.076953625,"data":"轮次:··8/·20 || cls:0.903 || im:-0.714 || 耗时：15.81s\n"}
,{"stream_name":"stdout","time":1444.311184968,"data":"SHOT pseudo-labels: model 85.08% -\u003e centroid 69.83%\n"}
,{"stream_name":"stdout","time":1456.815207401,"data":"轮次:··9/·20 || cls:0.822 || im:-0.748 || 耗时：15.74s\n"}
,{"stream_name":"stdout","time":1460.031213316,"data":"SHOT pseudo-labels: model 86.07% -\u003e centroid 69.00%\n"}
,{"stream_name":"stdout","time":1472.515763137,"data":"轮次:·10/·20 || cls:0.707 || im:-0.639 || 耗时：15.70s\n"}
,{"stream_name":"stdout","time":1475.737466373,"data":"SHOT pseudo-labels: model 86.17% -\u003e centroid 69.07%\n"}
,{"stream_name":"stdout","time":1488.212203012,"data":"轮次:·11/·20 || cls:0.787 || im:-0.721 || 耗时：15.70s\n"}
,{"stream_name":"stdout","time":1491.453283325,"data":"SHOT pseudo-labels: model 86.55% -\u003e centroid 68.27%\n"}
,{"stream_name":"stdout","time":1503.933759183,"data":"轮次:·12/·20 || cls:0.765 || im:-0.637 || 耗时：15.72s\n"}
,{"stream_name":"stdout","time":1507.156263634,"data":"SHOT pseudo-labels: model 86.37% -\u003e centroid 67.90%\n"}
,{"stream_name":"stdout","time":1519.657186878,"data":"轮次:·13/·20 || cls:0.816 || im:-0.763 || 耗时：15.72s\n"}
,{"stream_name":"stdout","time":1522.891243203,"data":"SHOT pseudo-labels: model 86.37% -\u003e centroid 67.05%\n"}
,{"stream_name":"stdout","time":1535.388618617,"data":"轮次:·14/·20 || cls:0.775 || im:-0.675 || 耗时：15.73s\n"}
,{"stream_name":"stdout","time":1538.630288816,"data":"SHOT pseudo-labels: model 87.15% -\u003e centroid 67.67%\n"}
,{"stream_name":"stdout","time":1551.167901287,"data":"轮次:·15/·20 || cls:0.706 || im:-0.727 || 耗时：15.78s\n"}
,{"stream_name":"stdout","time":1554.410223965,"data":"SHOT pseudo-labels: model 86.93% -\u003e centroid 66.88%\n"}
,{"stream_name":"stdout","time":1566.951010489,"data":"轮次:·16/·20 || cls:0.701 || im:-0.634 || 耗时：15.78s\n"}
,{"stream_name":"stdout","time":1570.186205063,"data":"SHOT pseudo-labels: model 86.52% -\u003e centroid 67.23%\n"}
,{"stream_name":"stdout","time":1582.738656717,"data":"轮次:·17/·20 || cls:0.754 || im:-0.687 || 耗时：15.79s\n"}
,{"stream_name":"stdout","time":1585.963212362,"data":"SHOT pseudo-labels: model 86.30% -\u003e centroid 66.38%\n"}
,{"stream_name":"stdout","time":1598.520823304,"data":"轮次:·18/·20 || cls:0.815 || im:-0.779 || 耗时：15.78s\n"}
,{"stream_name":"stdout","time":1601.766018086,"data":"SHOT pseudo-labels: model 86.68% -\u003e centroid 66.07%\n"}
,{"stream_name":"stdout","time":1614.29055474,"data":"轮次:·19/·20 || cls:0.757 || im:-0.629 || 耗时：15.77s\n"}
,{"stream_name":"stdout","time":1617.528202103,"data":"SHOT pseudo-labels: model 87.15% -\u003e centroid 66.25%\n"}
,{"stream_name":"stdout","time":1630.043968997,"data":"轮次:·20/·20 || cls:0.786 || im:-0.746 || 耗时：15.75s\n"}
,{"stream_name":"stdout","time":1635.912018985,"data":"测试集任务: (B2)N15_M07_F10→(B3)N15_M07_F04; 总正确率 = 87.25%\n"}
,{"stream_name":"stdout","time":1635.912059092,"data":"类型1 正确率： 100.00% -\u003e 1   99.90%, 2    0.00%, 3    0.10%\n"}
,{"stream_name":"stdout","time":1635.912068377,"data":"类型2 正确率：  82.00% -\u003e 1    0.30%, 2   81.70%, 3   18.00%\n"}
,{"stream_name":"stdout","time":1635.912071805,"data":"类型3 正确率：  80.00% -\u003e 1    0.15%, 2   19.70%, 3   80.15%\n"}
,{"stream_name":"stdout","time":1635.912075104,"data":"\n"}
,{"stream_name":"stdout","time":1635.912078518,"data":"\n"}
,{"stream_name":"stdout","time":1635.93482807,"data":"[tar_adaptation_RES_PU.py --folder_root /kaggle/working/shot_k10/S06/sdalr_PU_shot/DATA_foldS06 --seed 2024 --class_num 3 --data_name PU_M1_L3 --output /kaggle/working/shot_k10/S06/weight_PU_M1_shot_FS06toS06_s2024 --s 1 --t 2 --lr 0.0005 --threshold 0.4 --K 0.6] 332s\n"}
,{"stream_name":"stdout","time":1635.984807588,"data":"读取源域路径：/kaggle/working/shot_k10/S06/weight_PU_M1_shot_FS06toS06_s2024/NEW_PU/Source-源域/log\u0026pt/(B3)N15_M07_F04\n"}
,{"stream_name":"stdout","time":1635.984841519,"data":"excel输出位置：/kaggle/working/shot_k10/S06/weight_PU_M1_shot_FS06toS06_s2024/NEW_PU/Target-目标域\n"}
,{"stream_name":"stdout","time":1635.985235377,"data":"特征图片输出位置：/kaggle/working/shot_k10/S06/weight_PU_M1_shot_FS06toS06_s2024/NEW_PU/Picture-特征图/2026年09月22日04时34分/(B3)N15_M07_F04\n"}
,{"stream_name":"stderr","time":1636.019603778,"data":"/usr/local/lib/python3.12/dist-packages/torch/nn/utils/weight_norm.py:144: FutureWarning: `torch.nn.utils.weight_norm` is deprecated in favor of `torch.nn.utils.parametrizations.weight_norm`.\n"}
,{"stream_name":"stderr","time":1636.01963744,"data":"  WeightNorm.apply(module, name, dim)\n"}
,{"stream_name":"stdout","time":1636.056845783,"data":"现在选取:(B3)N15_M07_F04 进行训练的源模型\n"}
,{"stream_name":"stdout","time":1636.056880579,"data":"现在进行：(B3)N15_M07_F04→(B1)N15_M01_F10 的迁移任务\n"}
,{"stream_name":"stdout","time":1636.056886783,"data":"log\u0026pt输出位置：/kaggle/working/shot_k10/S06/weight_PU_M1_shot_FS06toS06_s2024/NEW_PU/Target-目标域/log\u0026pt/(B3)N15_M07_F04→(B1)N15_M01_F10\n"}
,{"stream_name":"stderr","time":1636.058220097,"data":"sh: 1: Syntax error: word unexpected (expecting \")\")\n"}
,{"stream_name":"stdout","time":1646.892761185,"data":"任务: (B3)N15_M07_F04→(B1)N15_M01_F10; 批次:····0/·1880;  总正确率: 73.87%\n"}
,{"stream_name":"stdout","time":1646.892803628,"data":"类型1 正确率： 100.00% -\u003e 1   99.65%, 2    0.00%, 3    0.35%\n"}
,{"stream_name":"stdout","time":1646.892811527,"data":"类型2 正确率：  57.00% -\u003e 1    0.00%, 2   56.60%, 3   43.40%\n"}
,{"stream_name":"stdout","time":1646.892816667,"data":"类型3 正确率：  65.00% -\u003e 1    0.00%, 2   34.65%, 3   65.35%\n"}
,{"stream_name":"stdout","time":1646.892821385,"data":"\n"}
,{"stream_name":"stdout","time":1646.892825718,"data":"\n"}
,{"stream_name":"stdout","time":1650.107215217,"data":"SHOT pseudo-labels: model 73.87% -\u003e centroid 73.23%\n"}
,{"stream_name":"stdout","time":1662.69599996,"data":"轮次:··1/·20 || cls:1.318 || im:-0.864 || 耗时：21.63s\n"}
,{"stream_name":"stdout","time":1665.965264269,"data":"SHOT pseudo-labels: model 86.93% -\u003e centroid 89.07%\n"}
,{"stream_name":"stdout","time":1678.682352801,"data":"轮次:··2/·20 || cls:1.112 || im:-0.760 || 耗时：15.99s\n"}
,{"stream_name":"stdout","time":1681.937204118,"data":"SHOT pseudo-labels: model 85.88% -\u003e centroid 80.45%\n"}
,{"stream_name":"stdout","time":1694.464836692,"data":"轮次:··3/·20 || cls:0.813 || im:-0.749 || 耗时：15.78s\n"}
,{"stream_name":"stdout","time":1697.685195263,"data":"SHOT pseudo-labels: model 84.32% -\u003e centroid 75.27%\n"}
,{"stream_name":"stdout","time":1710.131319323,"data":"轮次:··4/·20 || cls:0.628 || im:-0.644 || 耗时：15.67s\n"}
,{"stream_name":"stdout","time":1713.335207631,"data":"SHOT pseudo-labels: model 83.13% -\u003e centroid 74.60%\n"}
,{"stream_name":"stdout","time":1725.7883817,"data":"轮次:··5/·20 || cls:0.678 || im:-0.772 || 耗时：15.66s\n"}
,{"stream_name":"stdout","time":1728.992965762,"data":"SHOT pseudo-labels: model 83.03% -\u003e centroid 72.33%\n"}
,{"stream_name":"stdout","time":1741.518837544,"data":"轮次:··6/·20 || cls:0.782 || im:-0.728 || 耗时：15.73s\n"}
,{"stream_name":"stdout","time":1744.757203398,"data":"SHOT pseudo-labels: model 83.87% -\u003e centroid 73.55%\n"}
,{"stream_name":"stdout","time":1757.315917455,"data":"轮次:··7/·20 || cls:0.761 || im:-0.661 || 耗时：15.80s\n"}
,{"stream_name":"stdout","time":1760.56120988,"data":"SHOT pseudo-labels: model 82.87% -\u003e centroid 73.75%\n"}
,{"stream_name":"stdout","time":1773.108061574,"data":"轮次:··8/·20 || cls:0.874 || im:-0.674 || 耗时：15.79s\n"}
,{"stream_name":"stdout","time":1776.332134231,"data":"SHOT pseudo-labels: model 84.02% -\u003e centroid 72.63%\n"}
,{"stream_name":"stdout","time":1788.872239078,"data":"轮次:··9/·20 || cls:0.684 || im:-0.663 || 耗时：15.76s\n"}
,{"stream_name":"stdout","time":1792.098194023,"data":"SHOT pseudo-labels: model 83.55% -\u003e centroid 72.03%\n"}
,{"stream_name":"stdout","time":1804.601804078,"data":"轮次:·10/·20 || cls:0.599 || im:-0.699 || 耗时：15.73s\n"}
,{"stream_name":"stdout","time":1807.806240752,"data":"SHOT pseudo-labels: model 84.32% -\u003e centroid 71.57%\n"}
,{"stream_name":"stdout","time":1820.266320134,"data":"轮次:·11/·20 || cls:0.543 || im:-0.647 || 耗时：15.66s\n"}
,{"stream_name":"stdout","time":1823.491230831,"data":"SHOT pseudo-labels: model 84.13% -\u003e centroid 71.60%\n"}
,{"stream_name":"stdout","time":1835.956887254,"data":"轮次:·12/·20 || cls:0.832 || im:-0.694 || 耗时：15.69s\n"}
,{"stream_name":"stdout","time":1839.181210988,"data":"SHOT pseudo-labels: model 83.43% -\u003e centroid 71.47%\n"}
,{"stream_name":"stdout","time":1851.66089497,"data":"轮次:·13/·20 || cls:0.707 || im:-0.684 || 耗时：15.70s\n"}
,{"stream_name":"stdout","time":1854.884224424,"data":"SHOT pseudo-labels: model 84.73% -\u003e centroid 70.50%\n"}
,{"stream_name":"stdout","time":1867.381476805,"data":"轮次:·14/·20 || cls:0.868 || im:-0.671 || 耗时：15.72s\n"}
,{"stream_name":"stdout","time":1870.610200466,"data":"SHOT pseudo-labels: model 83.80% -\u003e centroid 70.15%\n"}
,{"stream_name":"stdout","time":1883.113449507,"data":"轮次:·15/·20 || cls:0.715 || im:-0.671 || 耗时：15.73s\n"}
,{"stream_name":"stdout","time":1886.348209179,"data":"SHOT pseudo-labels: model 84.85% -\u003e centroid 69.95%\n"}
,{"stream_name":"stdout","time":1898.871471868,"data":"轮次:·16/·20 || cls:0.620 || im:-0.674 || 耗时：15.76s\n"}
,{"stream_name":"stdout","time":1902.107190364,"data":"SHOT pseudo-labels: model 85.42% -\u003e centroid 70.48%\n"}
,{"stream_name":"stdout","time":1914.637037117,"data":"轮次:·17/·20 || cls:0.806 || im:-0.674 || 耗时：15.77s\n"}
,{"stream_name":"stdout","time":1917.88021286,"data":"SHOT pseudo-labels: model 84.78% -\u003e centroid 70.55%\n"}
,{"stream_name":"stdout","time":1930.403962491,"data":"轮次:·18/·20 || cls:0.611 || im:-0.644 || 耗时：15.77s\n"}
,{"stream_name":"stdout","time":1933.655188393,"data":"SHOT pseudo-labels: model 85.02% -\u003e centroid 70.30%\n"}
,{"stream_name":"stdout","time":1946.191447811,"data":"轮次:·19/·20 || cls:0.677 || im:-0.685 || 耗时：15.79s\n"}
,{"stream_name":"stdout","time":1949.439238199,"data":"SHOT pseudo-labels: model 85.07% -\u003e centroid 70.17%\n"}
,{"stream_name":"stdout","time":1961.96533031,"data":"轮次:·20/·20 || cls:0.527 || im:-0.673 || 耗时：15.77s\n"}
,{"stream_name":"stdout","time":1967.844290033,"data":"测试集任务: (B3)N15_M07_F04→(B1)N15_M01_F10; 总正确率 = 84.92%\n"}
,{"stream_name":"stdout","time":1967.844324604,"data":"类型1 正确率： 100.00% -\u003e 1   99.75%, 2    0.10%, 3    0.15%\n"}
,{"stream_name":"stdout","time":1967.844329684,"data":"类型2 正确率：  76.00% -\u003e 1    0.00%, 2   76.10%, 3   23.90%\n"}
,{"stream_name":"stdout","time":1967.844334311,"data":"类型3 正确率：  79.00% -\u003e 1    0.05%, 2   21.05%, 3   78.90%\n"}
,{"stream_name":"stdout","time":1967.84435448,"data":"\n"}
,{"stream_name":"stdout","time":1967.844359448,"data":"\n"}
,{"stream_name":"stdout","time":1967.86750173,"data":"[tar_adaptation_RES_PU.py --folder_root /kaggle/working/shot_k10/S06/sdalr_PU_shot/DATA_foldS06 --seed 2024 --class_num 3 --data_name PU_M1_L3 --output /kaggle/working/shot_k10/S06/weight_PU_M1_shot_FS06toS06_s2024 --s 2 --t 0 --lr 0.0005 --threshold 0.4 --K 0.6] 332s\n"}
,{"stream_name":"stdout","time":1967.919844746,"data":"读取源域路径：/kaggle/working/shot_k10/S06/weight_PU_M1_shot_FS06toS06_s2024/NEW_PU/Source-源域/log\u0026pt/(B3)N15_M07_F04\n"}
,{"stream_name":"stdout","time":1967.919880255,"data":"excel输出位置：/kaggle/working/shot_k10/S06/weight_PU_M1_shot_FS06toS06_s2024/NEW_PU/Target-目标域\n"}
,{"stream_name":"stdout","time":1967.919892783,"data":"特征图片输出位置：/kaggle/working/shot_k10/S06/weight_PU_M1_shot_FS06toS06_s2024/NEW_PU/Picture-特征图/2026年09月22日04时39分/(B3)N15_M07_F04\n"}
,{"stream_name":"stderr","time":1967.955755748,"data":"/usr/local/lib/python3.12/dist-packages/torch/nn/utils/weight_norm.py:144: FutureWarning: `torch.nn.utils.weight_norm` is deprecated in favor of `torch.nn.utils.parametrizations.weight_norm`.\n"}
,{"stream_name":"stderr","time":1967.955830775,"data":"  WeightNorm.apply(module, name, dim)\n"}
,{"stream_name":"stdout","time":1967.996247615,"data":"现在选取:(B3)N15_M07_F04 进行训练的源模型\n"}
,{"stream_name":"stdout","time":1967.996292499,"data":"现在进行：(B3)N15_M07_F04→(B2)N15_M07_F10 的迁移任务\n"}
,{"stream_name":"stdout","time":1967.996301145,"data":"log\u0026pt输出位置：/kaggle/working/shot_k10/S06/weight_PU_M1_shot_FS06toS06_s2024/NEW_PU/Target-目标域/log\u0026pt/(B3)N15_M07_F04→(B2)N15_M07_F10\n"}
,{"stream_name":"stderr","time":1967.997849022,"data":"sh: 1: Syntax error: word unexpected (expecting \")\")\n"}
,{"stream_name":"stdout","time":1979.019505686,"data":"任务: (B3)N15_M07_F04→(B2)N15_M07_F10; 批次:····0/·1880;  总正确率: 83.53%\n"}
,{"stream_name":"stdout","time":1979.019543862,"data":"类型1 正确率： 100.00% -\u003e 1   99.75%, 2    0.00%, 3    0.25%\n"}
,{"stream_name":"stdout","time":1979.019550795,"data":"类型2 正确率：  86.00% -\u003e 1    0.00%, 2   85.90%, 3   14.10%\n"}
,{"stream_name":"stdout","time":1979.019556633,"data":"类型3 正确率：  65.00% -\u003e 1    0.00%, 2   35.05%, 3   64.95%\n"}
,{"stream_name":"stdout","time":1979.019575701,"data":"\n"}
,{"stream_name":"stdout","time":1979.019579734,"data":"\n"}
,{"stream_name":"stdout","time":1982.268232029,"data":"SHOT pseudo-labels: model 83.53% -\u003e centroid 86.27%\n"}
,{"stream_name":"stdout","time":1994.872607698,"data":"轮次:··1/·20 || cls:1.344 || im:-0.913 || 耗时：21.72s\n"}
,{"stream_name":"stdout","time":1998.13420397,"data":"SHOT pseudo-labels: model 88.98% -\u003e centroid 88.03%\n"}
,{"stream_name":"stdout","time":2010.806978978,"data":"轮次:··2/·20 || cls:1.160 || im:-0.827 || 耗时：15.93s\n"}
,{"stream_name":"stdout","time":2014.05821312,"data":"SHOT pseudo-labels: model 88.15% -\u003e centroid 82.63%\n"}
,{"stream_name":"stdout","time":2026.585043871,"data":"轮次:··3/·20 || cls:0.925 || im:-0.816 || 耗时：15.78s\n"}
,{"stream_name":"stdout","time":2029.800232133,"data":"SHOT pseudo-labels: model 85.40% -\u003e centroid 79.80%\n"}
,{"stream_name":"stdout","time":2042.261680925,"data":"轮次:··4/·20 || cls:0.918 || im:-0.831 || 耗时：15.68s\n"}
,{"stream_name":"stdout","time":2045.472215749,"data":"SHOT pseudo-labels: model 84.02% -\u003e centroid 80.22%\n"}
,{"stream_name":"stdout","time":2057.963583661,"data":"轮次:··5/·20 || cls:0.676 || im:-0.777 || 耗时：15.70s\n"}
,{"stream_name":"stdout","time":2061.214670166,"data":"SHOT pseudo-labels: model 84.12% -\u003e centroid 78.17%\n"}
,{"stream_name":"stdout","time":2073.750107687,"data":"轮次:··6/·20 || cls:0.809 || im:-0.752 || 耗时：15.79s\n"}
,{"stream_name":"stdout","time":2076.965192944,"data":"SHOT pseudo-labels: model 83.28% -\u003e centroid 78.60%\n"}
,{"stream_name":"stdout","time":2089.557091142,"data":"轮次:··7/·20 || cls:0.730 || im:-0.663 || 耗时：15.81s\n"}
,{"stream_name":"stdout","time":2092.80514562,"data":"SHOT pseudo-labels: model 81.95% -\u003e centroid 77.72%\n"}
,{"stream_name":"stdout","time":2105.370602793,"data":"轮次:··8/·20 || cls:0.860 || im:-0.750 || 耗时：15.81s\n"}
,{"stream_name":"stdout","time":2108.59357505,"data":"SHOT pseudo-labels: model 81.78% -\u003e centroid 77.68%\n"}
,{"stream_name":"stdout","time":2121.105579637,"data":"轮次:··9/·20 || cls:0.854 || im:-0.712 || 耗时：15.73s\n"}
,{"stream_name":"stdout","time":2124.324378608,"data":"SHOT pseudo-labels: model 82.18% -\u003e centroid 76.92%\n"}
,{"stream_name":"stdout","time":2136.839661123,"data":"轮次:·10/·20 || cls:0.680 || im:-0.648 || 耗时：15.73s\n"}
,{"stream_name":"stdout","time":2140.07768436,"data":"SHOT pseudo-labels: model 81.93% -\u003e centroid 76.60%\n"}
,{"stream_name":"stdout","time":2152.601061742,"data":"轮次:·11/·20 || cls:0.647 || im:-0.672 || 耗时：15.76s\n"}
,{"stream_name":"stdout","time":2155.818196899,"data":"SHOT pseudo-labels: model 81.37% -\u003e centroid 76.85%\n"}
,{"stream_name":"stdout","time":2168.32141901,"data":"轮次:·12/·20 || cls:0.777 || im:-0.729 || 耗时：15.72s\n"}
,{"stream_name":"stdout","time":2171.549210875,"data":"SHOT pseudo-labels: model 80.95% -\u003e centroid 77.53%\n"}
,{"stream_name":"stdout","time":2184.038783994,"data":"轮次:·13/·20 || cls:0.758 || im:-0.744 || 耗时：15.72s\n"}
,{"stream_name":"stdout","time":2187.24017867,"data":"SHOT pseudo-labels: model 81.42% -\u003e centroid 76.93%\n"}
,{"stream_name":"stdout","time":2199.743413178,"data":"轮次:·14/·20 || cls:0.759 || im:-0.737 || 耗时：15.70s\n"}
,{"stream_name":"stdout","time":2202.974105962,"data":"SHOT pseudo-labels: model 80.63% -\u003e centroid 76.97%\n"}
,{"stream_name":"stdout","time":2215.463538914,"data":"轮次:·15/·20 || cls:0.783 || im:-0.752 || 耗时：15.72s\n"}
,{"stream_name":"stdout","time":2218.661229971,"data":"SHOT pseudo-labels: model 80.92% -\u003e centroid 77.33%\n"}
,{"stream_name":"stdout","time":2231.159636869,"data":"轮次:·16/·20 || cls:0.713 || im:-0.721 || 耗时：15.70s\n"}
,{"stream_name":"stdout","time":2234.366847341,"data":"SHOT pseudo-labels: model 80.93% -\u003e centroid 77.20%\n"}
,{"stream_name":"stdout","time":2246.851736199,"data":"轮次:·17/·20 || cls:0.840 || im:-0.689 || 耗时：15.69s\n"}
,{"stream_name":"stdout","time":2250.069193796,"data":"SHOT pseudo-labels: model 80.53% -\u003e centroid 66.52%\n"}
,{"stream_name":"stdout","time":2262.569024448,"data":"轮次:·18/·20 || cls:0.707 || im:-0.676 || 耗时：15.72s\n"}
,{"stream_name":"stdout","time":2265.775195716,"data":"SHOT pseudo-labels: model 79.78% -\u003e centroid 62.62%\n"}
,{"stream_name":"stdout","time":2278.264267082,"data":"轮次:·19/·20 || cls:0.709 || im:-0.614 || 耗时：15.70s\n"}
,{"stream_name":"stdout","time":2281.52024942,"data":"SHOT pseudo-labels: model 80.18% -\u003e centroid 65.38%\n"}
,{"stream_name":"stdout","time":2294.024194989,"data":"轮次:·20/·20 || cls:0.646 || im:-0.683 || 耗时：15.76s\n"}
,{"stream_name":"stdout","time":2299.898538094,"data":"测试集任务: (B3)N15_M07_F04→(B2)N15_M07_F10; 总正确率 = 79.13%\n"}
,{"stream_name":"stdout","time":2299.8985771,"data":"类型1 正确率： 100.00% -\u003e 1  100.00%, 2    0.00%, 3    0.00%\n"}
,{"stream_name":"stdout","time":2299.898585066,"data":"类型2 正确率：  67.00% -\u003e 1    0.00%, 2   66.80%, 3   33.20%\n"}
,{"stream_name":"stdout","time":2299.898593426,"data":"类型3 正确率：  71.00% -\u003e 1    0.40%, 2   29.00%, 3   70.60%\n"}
,{"stream_name":"stdout","time":2299.898596683,"data":"\n"}
,{"stream_name":"stdout","time":2299.898599704,"data":"\n"}
,{"stream_name":"stdout","time":2299.921531517,"data":"[tar_adaptation_RES_PU.py --folder_root /kaggle/working/shot_k10/S06/sdalr_PU_shot/DATA_foldS06 --seed 2024 --class_num 3 --data_name PU_M1_L3 --output /kaggle/working/shot_k10/S06/weight_PU_M1_shot_FS06toS06_s2024 --s 2 --t 1 --lr 0.0005 --threshold 0.4 --K 0.6] 332s\n"}
,{"stream_name":"stdout","time":2299.939702127,"data":"{\n"}
,{"stream_name":"stdout","time":2299.939745395,"data":"  \"dataset\": \"PU_M1\",\n"}
,{"stream_name":"stdout","time":2299.939751781,"data":"  \"variant\": \"shot\",\n"}
,{"stream_name":"stdout","time":2299.939757249,"data":"  \"seed\": 2024,\n"}
,{"stream_name":"stdout","time":2299.93976166,"data":"  \"smoke\": false,\n"}
,{"stream_name":"stdout","time":2299.939766079,"data":"  \"src_fold\": \"S06\",\n"}
,{"stream_name":"stdout","time":2299.939770633,"data":"  \"tgt_fold\": \"S06\",\n"}
,{"stream_name":"stdout","time":2299.939782525,"data":"  \"leaky\": true,\n"}
,{"stream_name":"stdout","time":2299.939786247,"data":"  \"hyperparameters\": {\n"}
,{"stream_name":"stdout","time":2299.93978927,"data":"    \"lr\": \"0.0005\",\n"}
,{"stream_name":"stdout","time":2299.939792277,"data":"    \"threshold\": \"0.4\",\n"}
,{"stream_name":"stdout","time":2299.939795399,"data":"    \"K\": \"0.6\"\n"}
,{"stream_name":"stdout","time":2299.939798445,"data":"  },\n"}
,{"stream_name":"stdout","time":2299.939801529,"data":"  \"adapters\": [\n"}
,{"stream_name":"stdout","time":2299.939804502,"data":"    \"npz_io\",\n"}
,{"stream_name":"stdout","time":2299.939807578,"data":"    \"tsne_stub\",\n"}
,{"stream_name":"stdout","time":2299.939810503,"data":"    \"shot_patch\"\n"}
,{"stream_name":"stdout","time":2299.939813437,"data":"  ],\n"}
,{"stream_name":"stdout","time":2299.939816278,"data":"  \"source_only\": {\n"}
,{"stream_name":"stdout","time":2299.939829121,"data":"    \"A1-\u003eA3\": 99.58,\n"}
,{"stream_name":"stdout","time":2299.939832009,"data":"    \"A1-\u003eA2\": 85.8,\n"}
,{"stream_name":"stdout","time":2299.939834261,"data":"    \"A3-\u003eA1\": 91.73,\n"}
,{"stream_name":"stdout","time":2299.939836476,"data":"    \"A3-\u003eA2\": 91.13,\n"}
,{"stream_name":"stdout","time":2299.939838786,"data":"    \"A2-\u003eA1\": 73.17,\n"}
,{"stream_name":"stdout","time":2299.939840989,"data":"    \"A2-\u003eA3\": 85.22\n"}
,{"stream_name":"stdout","time":2299.939843267,"data":"  },\n"}
,{"stream_name":"stdout","time":2299.939845396,"data":"  \"adapted\": {\n"}
,{"stream_name":"stdout","time":2299.939847688,"data":"    \"A1-\u003eA3\": 75.0,\n"}
,{"stream_name":"stdout","time":2299.939849889,"data":"    \"A1-\u003eA2\": 81.9,\n"}
,{"stream_name":"stdout","time":2299.939852085,"data":"    \"A3-\u003eA1\": 88.05,\n"}
,{"stream_name":"stdout","time":2299.939854329,"data":"    \"A3-\u003eA2\": 87.25,\n"}
,{"stream_name":"stdout","time":2299.939856627,"data":"    \"A2-\u003eA1\": 84.92,\n"}
,{"stream_name":"stdout","time":2299.939858812,"data":"    \"A2-\u003eA3\": 79.13\n"}
,{"stream_name":"stdout","time":2299.939861018,"data":"  },\n"}
,{"stream_name":"stdout","time":2299.939863442,"data":"  \"seconds\": {\n"}
,{"stream_name":"stdout","time":2299.939865599,"data":"    \"pretrain\": 285,\n"}
,{"stream_name":"stdout","time":2299.939867828,"data":"    \"A1-\u003eA3\": 333,\n"}
,{"stream_name":"stdout","time":2299.939870089,"data":"    \"A1-\u003eA2\": 332,\n"}
,{"stream_name":"stdout","time":2299.939872274,"data":"    \"A3-\u003eA1\": 332,\n"}
,{"stream_name":"stdout","time":2299.9398745,"data":"    \"A3-\u003eA2\": 332,\n"}
,{"stream_name":"stdout","time":2299.939876687,"data":"    \"A2-\u003eA1\": 332,\n"}
,{"stream_name":"stdout","time":2299.93987887,"data":"    \"A2-\u003eA3\": 332\n"}
,{"stream_name":"stdout","time":2299.93988107,"data":"  },\n"}
,{"stream_name":"stdout","time":2299.93988328,"data":"  \"gate_log\": {\n"}
,{"stream_name":"stdout","time":2299.939885666,"data":"    \"A1-\u003eA3\": [],\n"}
,{"stream_name":"stdout","time":2299.939887928,"data":"    \"A1-\u003eA2\": [],\n"}
,{"stream_name":"stdout","time":2299.93989011,"data":"    \"A3-\u003eA1\": [],\n"}
,{"stream_name":"stdout","time":2299.939892384,"data":"    \"A3-\u003eA2\": [],\n"}
,{"stream_name":"stdout","time":2299.939894568,"data":"    \"A2-\u003eA1\": [],\n"}
,{"stream_name":"stdout","time":2299.939896837,"data":"    \"A2-\u003eA3\": []\n"}
,{"stream_name":"stdout","time":2299.939899081,"data":"  },\n"}
,{"stream_name":"stdout","time":2299.939901478,"data":"  \"gate\": \"none\"\n"}
,{"stream_name":"stdout","time":2299.93990379,"data":"}\n"}
,{"stream_name":"stdout","time":2303.098458163,"data":"RUN /usr/bin/python3 -u /kaggle/input/datasets/rhrhrhrhrh/physgate-m0-code/sdalr_runner.py --sdalr /kaggle/input/datasets/rhrhrhrhrh/physgate-m0-code --m0 /kaggle/input/datasets/rhrhrhrhrh/physgate-k10-g3 --dataset PU_M1 --src-fold S06 --tgt-fold S06c --variant shot --work /kaggle/working/shot_k10/S06 --seed 2024 --skip-pretrain\n"}
,{"stream_name":"stdout","time":2309.921975836,"data":"读取源域路径：/kaggle/working/shot_k10/S06/weight_PU_M1_shot_FS06toS06c_s2024/NEW_PU/Source-源域/log\u0026pt/(B1)N15_M01_F10\n"}
,{"stream_name":"stdout","time":2309.922034089,"data":"excel输出位置：/kaggle/working/shot_k10/S06/weight_PU_M1_shot_FS06toS06c_s2024/NEW_PU/Target-目标域\n"}
,{"stream_name":"stdout","time":2309.922633611,"data":"特征图片输出位置：/kaggle/working/shot_k10/S06/weight_PU_M1_shot_FS06toS06c_s2024/NEW_PU/Picture-特征图/2026年09月22日04时45分/(B1)N15_M01_F10\n"}
,{"stream_name":"stderr","time":2310.273193681,"data":"/usr/local/lib/python3.12/dist-packages/torch/nn/utils/weight_norm.py:144: FutureWarning: `torch.nn.utils.weight_norm` is deprecated in favor of `torch.nn.utils.parametrizations.weight_norm`.\n"}
,{"stream_name":"stderr","time":2310.273236806,"data":"  WeightNorm.apply(module, name, dim)\n"}
,{"stream_name":"stdout","time":2310.316803565,"data":"现在选取:(B1)N15_M01_F10 进行训练的源模型\n"}
,{"stream_name":"stdout","time":2310.31683526,"data":"现在进行：(B1)N15_M01_F10→(B2)N15_M07_F10 的迁移任务\n"}
,{"stream_name":"stdout","time":2310.316841354,"data":"log\u0026pt输出位置：/kaggle/working/shot_k10/S06/weight_PU_M1_shot_FS06toS06c_s2024/NEW_PU/Target-目标域/log\u0026pt/(B1)N15_M01_F10→(B2)N15_M07_F10\n"}
,{"stream_name":"stderr","time":2310.318172615,"data":"sh: 1: Syntax error: word unexpected (expecting \")\")\n"}
,{"stream_name":"stdout","time":2321.5104107,"data":"任务: (B1)N15_M01_F10→(B2)N15_M07_F10; 批次:····0/·1880;  总正确率: 73.50%\n"}
,{"stream_name":"stdout","time":2321.510450023,"data":"类型1 正确率：  96.00% -\u003e 1   96.30%, 2    0.05%, 3    3.65%\n"}
,{"stream_name":"stdout","time":2321.510457613,"data":"类型2 正确率：  74.00% -\u003e 1    0.00%, 2   74.10%, 3   25.90%\n"}
,{"stream_name":"stdout","time":2321.510463621,"data":"类型3 正确率：  50.00% -\u003e 1    0.00%, 2   49.90%, 3   50.10%\n"}
,{"stream_name":"stdout","time":2321.51046923,"data":"\n"}
,{"stream_name":"stdout","time":2321.510474432,"data":"\n"}
,{"stream_name":"stdout","time":2324.758157951,"data":"SHOT pseudo-labels: model 73.50% -\u003e centroid 72.58%\n"}
,{"stream_name":"stdout","time":2337.554085767,"data":"轮次:··1/·20 || cls:1.054 || im:-0.866 || 耗时：22.10s\n"}
,{"stream_name":"stderr","time":2337.554189397,"data":"/kaggle/working/shot_k10/S06/sdalr_PU_shot/tar_adaptation_RES_PU.py:114: UserWarning: Converting a tensor with requires_grad=True to a scalar may lead to unexpected behavior.\n"}
,{"stream_name":"stderr","time":2337.554199209,"data":"Consider using tensor.detach() first. (Triggered internally at /pytorch/torch/csrc/autograd/generated/python_variable_methods.cpp:836.)\n"}
,{"stream_name":"stderr","time":2337.554204416,"data":"  iter_num // epoch_len, args.max_epoch, float(classifier_loss), float(im_loss), time.time() - start))\n"}
,{"stream_name":"stdout","time":2340.920223845,"data":"SHOT pseudo-labels: model 81.58% -\u003e centroid 81.57%\n"}
,{"stream_name":"stdout","time":2354.18265169,"data":"轮次:··2/·20 || cls:1.136 || im:-0.739 || 耗时：16.63s\n"}
,{"stream_name":"stdout","time":2357.534197819,"data":"SHOT pseudo-labels: model 72.03% -\u003e centroid 75.62%\n"}
,{"stream_name":"stdout","time":2370.189275864,"data":"轮次:··3/·20 || cls:0.866 || im:-0.645 || 耗时：16.01s\n"}
,{"stream_name":"stdout","time":2373.433212998,"data":"SHOT pseudo-labels: model 69.87% -\u003e centroid 74.55%\n"}
,{"stream_name":"stdout","time":2385.777889502,"data":"轮次:··4/·20 || cls:0.782 || im:-0.656 || 耗时：15.59s\n"}
,{"stream_name":"stdout","time":2388.970238617,"data":"SHOT pseudo-labels: model 69.15% -\u003e centroid 67.25%\n"}
,{"stream_name":"stdout","time":2401.260625788,"data":"轮次:··5/·20 || cls:0.592 || im:-0.538 || 耗时：15.48s\n"}
,{"stream_name":"stdout","time":2404.467222593,"data":"SHOT pseudo-labels: model 69.52% -\u003e centroid 65.70%\n"}
,{"stream_name":"stdout","time":2416.901615517,"data":"轮次:··6/·20 || cls:0.750 || im:-0.590 || 耗时：15.64s\n"}
,{"stream_name":"stdout","time":2420.140130922,"data":"SHOT pseudo-labels: model 69.43% -\u003e centroid 60.77%\n"}
,{"stream_name":"stdout","time":2432.763155392,"data":"轮次:··7/·20 || cls:0.554 || im:-0.473 || 耗时：15.86s\n"}
,{"stream_name":"stdout","time":2436.031220476,"data":"SHOT pseudo-labels: model 68.28% -\u003e centroid 60.10%\n"}
,{"stream_name":"stdout","time":2448.66946139,"data":"轮次:··8/·20 || cls:0.847 || im:-0.625 || 耗时：15.91s\n"}
,{"stream_name":"stdout","time":2451.93321113,"data":"SHOT pseudo-labels: model 69.63% -\u003e centroid 59.52%\n"}
,{"stream_name":"stdout","time":2464.47959168,"data":"轮次:··9/·20 || cls:0.618 || im:-0.602 || 耗时：15.81s\n"}
,{"stream_name":"stdout","time":2467.707200247,"data":"SHOT pseudo-labels: model 70.28% -\u003e centroid 60.68%\n"}
,{"stream_name":"stdout","time":2480.172758515,"data":"轮次:·10/·20 || cls:0.596 || im:-0.695 || 耗时：15.69s\n"}
,{"stream_name":"stdout","time":2483.417226795,"data":"SHOT pseudo-labels: model 70.37% -\u003e centroid 60.18%\n"}
,{"stream_name":"stdout","time":2495.879701691,"data":"轮次:·11/·20 || cls:0.761 || im:-0.594 || 耗时：15.71s\n"}
,{"stream_name":"stdout","time":2499.10220277,"data":"SHOT pseudo-labels: model 68.93% -\u003e centroid 59.48%\n"}
,{"stream_name":"stdout","time":2511.616214709,"data":"轮次:·12/·20 || cls:0.823 || im:-0.652 || 耗时：15.74s\n"}
,{"stream_name":"stdout","time":2514.851197015,"data":"SHOT pseudo-labels: model 69.35% -\u003e centroid 60.00%\n"}
,{"stream_name":"stdout","time":2527.396537326,"data":"轮次:·13/·20 || cls:0.663 || im:-0.639 || 耗时：15.78s\n"}
,{"stream_name":"stdout","time":2530.663305223,"data":"SHOT pseudo-labels: model 70.73% -\u003e centroid 59.15%\n"}
,{"stream_name":"stdout","time":2543.224768399,"data":"轮次:·14/·20 || cls:0.802 || im:-0.630 || 耗时：15.83s\n"}
,{"stream_name":"stdout","time":2546.497258896,"data":"SHOT pseudo-labels: model 69.58% -\u003e centroid 58.73%\n"}
,{"stream_name":"stdout","time":2559.046871483,"data":"轮次:·15/·20 || cls:0.594 || im:-0.625 || 耗时：15.82s\n"}
,{"stream_name":"stdout","time":2562.303230977,"data":"SHOT pseudo-labels: model 70.38% -\u003e centroid 59.47%\n"}
,{"stream_name":"stdout","time":2574.845224675,"data":"轮次:·16/·20 || cls:0.618 || im:-0.678 || 耗时：15.80s\n"}
,{"stream_name":"stdout","time":2578.112227514,"data":"SHOT pseudo-labels: model 72.05% -\u003e centroid 59.20%\n"}
,{"stream_name":"stdout","time":2590.663712083,"data":"轮次:·17/·20 || cls:0.851 || im:-0.673 || 耗时：15.82s\n"}
,{"stream_name":"stdout","time":2593.937194936,"data":"SHOT pseudo-labels: model 71.15% -\u003e centroid 58.92%\n"}
,{"stream_name":"stdout","time":2606.477807465,"data":"轮次:·18/·20 || cls:0.635 || im:-0.568 || 耗时：15.81s\n"}
,{"stream_name":"stdout","time":2609.71722247,"data":"SHOT pseudo-labels: model 72.22% -\u003e centroid 59.02%\n"}
,{"stream_name":"stdout","time":2622.246401436,"data":"轮次:·19/·20 || cls:0.885 || im:-0.702 || 耗时：15.77s\n"}
,{"stream_name":"stdout","time":2625.489226137,"data":"SHOT pseudo-labels: model 71.53% -\u003e centroid 59.37%\n"}
,{"stream_name":"stdout","time":2638.023822565,"data":"轮次:·20/·20 || cls:0.561 || im:-0.712 || 耗时：15.78s\n"}
,{"stream_name":"stdout","time":2643.925859862,"data":"测试集任务: (B1)N15_M01_F10→(B2)N15_M07_F10; 总正确率 = 70.62%\n"}
,{"stream_name":"stdout","time":2643.925904275,"data":"类型1 正确率：  98.00% -\u003e 1   98.20%, 2    0.15%, 3    1.65%\n"}
,{"stream_name":"stdout","time":2643.925910333,"data":"类型2 正确率：  56.00% -\u003e 1    0.00%, 2   55.55%, 3   44.45%\n"}
,{"stream_name":"stdout","time":2643.92591397,"data":"类型3 正确率：  58.00% -\u003e 1    0.30%, 2   41.60%, 3   58.10%\n"}
,{"stream_name":"stdout","time":2643.925917566,"data":"\n"}
,{"stream_name":"stdout","time":2643.92593318,"data":"\n"}
,{"stream_name":"stdout","time":2643.944462832,"data":"[tar_adaptation_RES_PU.py --folder_root /kaggle/working/shot_k10/S06/sdalr_PU_shot/DATA_foldS06c --seed 2024 --class_num 3 --data_name PU_M1_L3 --output /kaggle/working/shot_k10/S06/weight_PU_M1_shot_FS06toS06c_s2024 --s 0 --t 1 --lr 0.0005 --threshold 0.4 --K 0.6] 334s\n"}
,{"stream_name":"stdout","time":2643.972969536,"data":"读取源域路径：/kaggle/working/shot_k10/S06/weight_PU_M1_shot_FS06toS06c_s2024/NEW_PU/Source-源域/log\u0026pt/(B1)N15_M01_F10\n"}
,{"stream_name":"stdout","time":2643.973008061,"data":"excel输出位置：/kaggle/working/shot_k10/S06/weight_PU_M1_shot_FS06toS06c_s2024/NEW_PU/Target-目标域\n"}
,{"stream_name":"stdout","time":2643.973224814,"data":"特征图片输出位置：/kaggle/working/shot_k10/S06/weight_PU_M1_shot_FS06toS06c_s2024/NEW_PU/Picture-特征图/2026年09月22日04时51分/(B1)N15_M01_F10\n"}
,{"stream_name":"stderr","time":2644.008966477,"data":"/usr/local/lib/python3.12/dist-packages/torch/nn/utils/weight_norm.py:144: FutureWarning: `torch.nn.utils.weight_norm` is deprecated in favor of `torch.nn.utils.parametrizations.weight_norm`.\n"}
,{"stream_name":"stderr","time":2644.008999225,"data":"  WeightNorm.apply(module, name, dim)\n"}
,{"stream_name":"stdout","time":2644.051992234,"data":"现在选取:(B1)N15_M01_F10 进行训练的源模型\n"}
,{"stream_name":"stdout","time":2644.052024518,"data":"现在进行：(B1)N15_M01_F10→(B3)N15_M07_F04 的迁移任务\n"}
,{"stream_name":"stdout","time":2644.052029344,"data":"log\u0026pt输出位置：/kaggle/working/shot_k10/S06/weight_PU_M1_shot_FS06toS06c_s2024/NEW_PU/Target-目标域/log\u0026pt/(B1)N15_M01_F10→(B3)N15_M07_F04\n"}
,{"stream_name":"stderr","time":2644.05353934,"data":"sh: 1: Syntax error: word unexpected (expecting \")\")\n"}
,{"stream_name":"stdout","time":2655.02164985,"data":"任务: (B1)N15_M01_F10→(B3)N15_M07_F04; 批次:····0/·1880;  总正确率: 73.43%\n"}
,{"stream_name":"stdout","time":2655.021695651,"data":"类型1 正确率： 100.00% -\u003e 1   99.50%, 2    0.05%, 3    0.45%\n"}
,{"stream_name":"stdout","time":2655.02170124,"data":"类型2 正确率：  71.00% -\u003e 1    0.00%, 2   70.75%, 3   29.25%\n"}
,{"stream_name":"stdout","time":2655.021704719,"data":"类型3 正确率：  50.00% -\u003e 1    0.00%, 2   49.95%, 3   50.05%\n"}
,{"stream_name":"stdout","time":2655.021708136,"data":"\n"}
,{"stream_name":"stdout","time":2655.021711124,"data":"\n"}
,{"stream_name":"stdout","time":2658.275093662,"data":"SHOT pseudo-labels: model 73.43% -\u003e centroid 73.18%\n"}
,{"stream_name":"stdout","time":2670.862684618,"data":"轮次:··1/·20 || cls:1.230 || im:-0.822 || 耗时：21.74s\n"}
,{"stream_name":"stdout","time":2674.168175513,"data":"SHOT pseudo-labels: model 62.27% -\u003e centroid 63.65%\n"}
,{"stream_name":"stdout","time":2686.843291229,"data":"轮次:··2/·20 || cls:1.061 || im:-0.748 || 耗时：15.98s\n"}
,{"stream_name":"stdout","time":2690.091279686,"data":"SHOT pseudo-labels: model 59.93% -\u003e centroid 67.90%\n"}
,{"stream_name":"stdout","time":2702.645003,"data":"轮次:··3/·20 || cls:0.802 || im:-0.619 || 耗时：15.80s\n"}
,{"stream_name":"stdout","time":2705.866276253,"data":"SHOT pseudo-labels: model 59.22% -\u003e centroid 68.70%\n"}
,{"stream_name":"stdout","time":2718.315867678,"data":"轮次:··4/·20 || cls:0.787 || im:-0.698 || 耗时：15.67s\n"}
,{"stream_name":"stdout","time":2721.552140312,"data":"SHOT pseudo-labels: model 60.75% -\u003e centroid 60.85%\n"}
,{"stream_name":"stdout","time":2734.013836452,"data":"轮次:··5/·20 || cls:0.782 || im:-0.644 || 耗时：15.70s\n"}
,{"stream_name":"stdout","time":2737.249542134,"data":"SHOT pseudo-labels: model 62.87% -\u003e centroid 60.10%\n"}
,{"stream_name":"stdout","time":2749.77882465,"data":"轮次:··6/·20 || cls:0.623 || im:-0.636 || 耗时：15.76s\n"}
,{"stream_name":"stdout","time":2753.028197887,"data":"SHOT pseudo-labels: model 64.77% -\u003e centroid 74.73%\n"}
,{"stream_name":"stdout","time":2765.636366771,"data":"轮次:··7/·20 || cls:0.679 || im:-0.597 || 耗时：15.86s\n"}
,{"stream_name":"stdout","time":2768.871227822,"data":"SHOT pseudo-labels: model 64.08% -\u003e centroid 60.53%\n"}
,{"stream_name":"stdout","time":2781.424470555,"data":"轮次:··8/·20 || cls:0.713 || im:-0.656 || 耗时：15.79s\n"}
,{"stream_name":"stdout","time":2784.675204926,"data":"SHOT pseudo-labels: model 66.22% -\u003e centroid 61.72%\n"}
,{"stream_name":"stdout","time":2797.204797289,"data":"轮次:··9/·20 || cls:0.603 || im:-0.610 || 耗时：15.78s\n"}
,{"stream_name":"stdout","time":2800.459262719,"data":"SHOT pseudo-labels: model 66.75% -\u003e centroid 59.62%\n"}
,{"stream_name":"stdout","time":2812.978724687,"data":"轮次:·10/·20 || cls:0.742 || im:-0.772 || 耗时：15.77s\n"}
,{"stream_name":"stdout","time":2816.213210173,"data":"SHOT pseudo-labels: model 67.33% -\u003e centroid 59.38%\n"}
,{"stream_name":"stdout","time":2828.702713742,"data":"轮次:·11/·20 || cls:0.718 || im:-0.650 || 耗时：15.72s\n"}
,{"stream_name":"stdout","time":2831.932231032,"data":"SHOT pseudo-labels: model 66.63% -\u003e centroid 60.20%\n"}
,{"stream_name":"stdout","time":2844.431645885,"data":"轮次:·12/·20 || cls:0.668 || im:-0.687 || 耗时：15.73s\n"}
,{"stream_name":"stdout","time":2847.627186014,"data":"SHOT pseudo-labels: model 67.58% -\u003e centroid 59.33%\n"}
,{"stream_name":"stdout","time":2860.13468936,"data":"轮次:·13/·20 || cls:0.845 || im:-0.746 || 耗时：15.70s\n"}
,{"stream_name":"stdout","time":2863.379216606,"data":"SHOT pseudo-labels: model 68.17% -\u003e centroid 58.08%\n"}
,{"stream_name":"stdout","time":2875.870877369,"data":"轮次:·14/·20 || cls:0.696 || im:-0.607 || 耗时：15.74s\n"}
,{"stream_name":"stdout","time":2879.109191718,"data":"SHOT pseudo-labels: model 68.10% -\u003e centroid 58.20%\n"}
,{"stream_name":"stdout","time":2891.60323535,"data":"轮次:·15/·20 || cls:0.804 || im:-0.653 || 耗时：15.73s\n"}
,{"stream_name":"stdout","time":2894.82921072,"data":"SHOT pseudo-labels: model 68.75% -\u003e centroid 58.87%\n"}
,{"stream_name":"stdout","time":2907.316967401,"data":"轮次:·16/·20 || cls:0.842 || im:-0.725 || 耗时：15.71s\n"}
,{"stream_name":"stdout","time":2910.545675392,"data":"SHOT pseudo-labels: model 68.83% -\u003e centroid 58.55%\n"}
,{"stream_name":"stdout","time":2923.040990619,"data":"轮次:·17/·20 || cls:0.846 || im:-0.693 || 耗时：15.72s\n"}
,{"stream_name":"stdout","time":2926.308203336,"data":"SHOT pseudo-labels: model 69.03% -\u003e centroid 58.82%\n"}
,{"stream_name":"stdout","time":2938.836029048,"data":"轮次:·18/·20 || cls:0.849 || im:-0.710 || 耗时：15.79s\n"}
,{"stream_name":"stdout","time":2942.107247153,"data":"SHOT pseudo-labels: model 68.95% -\u003e centroid 58.63%\n"}
,{"stream_name":"stdout","time":2954.622187809,"data":"轮次:·19/·20 || cls:0.841 || im:-0.710 || 耗时：15.79s\n"}
,{"stream_name":"stdout","time":2957.8481736,"data":"SHOT pseudo-labels: model 69.37% -\u003e centroid 58.48%\n"}
,{"stream_name":"stdout","time":2970.329100764,"data":"轮次:·20/·20 || cls:0.501 || im:-0.707 || 耗时：15.71s\n"}
,{"stream_name":"stdout","time":2976.193813427,"data":"测试集任务: (B1)N15_M01_F10→(B3)N15_M07_F04; 总正确率 = 69.13%\n"}
,{"stream_name":"stdout","time":2976.193895143,"data":"类型1 正确率： 100.00% -\u003e 1   99.50%, 2    0.15%, 3    0.35%\n"}
,{"stream_name":"stdout","time":2976.194920125,"data":"类型2 正确率：  51.00% -\u003e 1    0.00%, 2   50.65%, 3   49.35%\n"}
,{"stream_name":"stdout","time":2976.194940408,"data":"类型3 正确率：  57.00% -\u003e 1    0.00%, 2   42.75%, 3   57.25%\n"}
,{"stream_name":"stdout","time":2976.194946442,"data":"\n"}
,{"stream_name":"stdout","time":2976.194951105,"data":"\n"}
,{"stream_name":"stdout","time":2976.220701605,"data":"[tar_adaptation_RES_PU.py --folder_root /kaggle/working/shot_k10/S06/sdalr_PU_shot/DATA_foldS06c --seed 2024 --class_num 3 --data_name PU_M1_L3 --output /kaggle/working/shot_k10/S06/weight_PU_M1_shot_FS06toS06c_s2024 --s 0 --t 2 --lr 0.0005 --threshold 0.4 --K 0.6] 332s\n"}
,{"stream_name":"stdout","time":2976.248729312,"data":"读取源域路径：/kaggle/working/shot_k10/S06/weight_PU_M1_shot_FS06toS06c_s2024/NEW_PU/Source-源域/log\u0026pt/(B2)N15_M07_F10\n"}
,{"stream_name":"stdout","time":2976.248753504,"data":"excel输出位置：/kaggle/working/shot_k10/S06/weight_PU_M1_shot_FS06toS06c_s2024/NEW_PU/Target-目标域\n"}
,{"stream_name":"stdout","time":2976.248758645,"data":"特征图片输出位置：/kaggle/working/shot_k10/S06/weight_PU_M1_shot_FS06toS06c_s2024/NEW_PU/Picture-特征图/2026年09月22日04时56分/(B2)N15_M07_F10\n"}
,{"stream_name":"stderr","time":2976.288919862,"data":"/usr/local/lib/python3.12/dist-packages/torch/nn/utils/weight_norm.py:144: FutureWarning: `torch.nn.utils.weight_norm` is deprecated in favor of `torch.nn.utils.parametrizations.weight_norm`.\n"}
,{"stream_name":"stderr","time":2976.288951911,"data":"  WeightNorm.apply(module, name, dim)\n"}
,{"stream_name":"stdout","time":2976.327067089,"data":"现在选取:(B2)N15_M07_F10 进行训练的源模型\n"}
,{"stream_name":"stdout","time":2976.327111347,"data":"现在进行：(B2)N15_M07_F10→(B1)N15_M01_F10 的迁移任务\n"}
,{"stream_name":"stdout","time":2976.327116677,"data":"log\u0026pt输出位置：/kaggle/working/shot_k10/S06/weight_PU_M1_shot_FS06toS06c_s2024/NEW_PU/Target-目标域/log\u0026pt/(B2)N15_M07_F10→(B1)N15_M01_F10\n"}
,{"stream_name":"stderr","time":2976.3286154,"data":"sh: 1: Syntax error: word unexpected (expecting \")\")\n"}
,{"stream_name":"stdout","time":2987.286506726,"data":"任务: (B2)N15_M07_F10→(B1)N15_M01_F10; 批次:····0/·1880;  总正确率: 75.43%\n"}
,{"stream_name":"stdout","time":2987.286543196,"data":"类型1 正确率： 100.00% -\u003e 1   99.55%, 2    0.05%, 3    0.40%\n"}
,{"stream_name":"stdout","time":2987.286553804,"data":"类型2 正确率：  77.00% -\u003e 1    0.00%, 2   76.55%, 3   23.45%\n"}
,{"stream_name":"stdout","time":2987.286559645,"data":"类型3 正确率：  50.00% -\u003e 1    0.00%, 2   49.80%, 3   50.20%\n"}
,{"stream_name":"stdout","time":2987.286584639,"data":"\n"}
,{"stream_name":"stdout","time":2987.286589872,"data":"\n"}
,{"stream_name":"stdout","time":2990.50819246,"data":"SHOT pseudo-labels: model 75.43% -\u003e centroid 74.17%\n"}
,{"stream_name":"stdout","time":3003.087881709,"data":"轮次:··1/·20 || cls:1.094 || im:-0.880 || 耗时：21.63s\n"}
,{"stream_name":"stdout","time":3006.375298817,"data":"SHOT pseudo-labels: model 79.55% -\u003e centroid 90.77%\n"}
,{"stream_name":"stdout","time":3019.15531939,"data":"轮次:··2/·20 || cls:1.310 || im:-0.825 || 耗时：16.07s\n"}
,{"stream_name":"stdout","time":3022.41820586,"data":"SHOT pseudo-labels: model 85.22% -\u003e centroid 88.67%\n"}
,{"stream_name":"stdout","time":3034.97352815,"data":"轮次:··3/·20 || cls:0.956 || im:-0.774 || 耗时：15.82s\n"}
,{"stream_name":"stdout","time":3038.227314094,"data":"SHOT pseudo-labels: model 81.50% -\u003e centroid 78.43%\n"}
,{"stream_name":"stdout","time":3050.661618955,"data":"轮次:··4/·20 || cls:0.640 || im:-0.646 || 耗时：15.69s\n"}
,{"stream_name":"stdout","time":3053.905232218,"data":"SHOT pseudo-labels: model 80.95% -\u003e centroid 72.68%\n"}
,{"stream_name":"stdout","time":3066.355535145,"data":"轮次:··5/·20 || cls:0.582 || im:-0.605 || 耗时：15.69s\n"}
,{"stream_name":"stdout","time":3069.581208495,"data":"SHOT pseudo-labels: model 80.00% -\u003e centroid 69.95%\n"}
,{"stream_name":"stdout","time":3082.087565117,"data":"轮次:··6/·20 || cls:0.573 || im:-0.601 || 耗时：15.73s\n"}
,{"stream_name":"stdout","time":3085.352268793,"data":"SHOT pseudo-labels: model 80.05% -\u003e centroid 63.73%\n"}
,{"stream_name":"stdout","time":3097.923276031,"data":"轮次:··7/·20 || cls:0.787 || im:-0.583 || 耗时：15.84s\n"}
,{"stream_name":"stdout","time":3101.174038072,"data":"SHOT pseudo-labels: model 80.28% -\u003e centroid 76.97%\n"}
,{"stream_name":"stdout","time":3113.738262315,"data":"轮次:··8/·20 || cls:0.754 || im:-0.640 || 耗时：15.82s\n"}
,{"stream_name":"stdout","time":3116.965981833,"data":"SHOT pseudo-labels: model 81.05% -\u003e centroid 75.22%\n"}
,{"stream_name":"stdout","time":3129.495359621,"data":"轮次:··9/·20 || cls:0.809 || im:-0.693 || 耗时：15.76s\n"}
,{"stream_name":"stdout","time":3132.741222836,"data":"SHOT pseudo-labels: model 81.70% -\u003e centroid 71.72%\n"}
,{"stream_name":"stdout","time":3145.253592657,"data":"轮次:·10/·20 || cls:0.591 || im:-0.681 || 耗时：15.76s\n"}
,{"stream_name":"stdout","time":3148.485641468,"data":"SHOT pseudo-labels: model 82.23% -\u003e centroid 62.38%\n"}
,{"stream_name":"stdout","time":3160.997997471,"data":"轮次:·11/·20 || cls:0.765 || im:-0.653 || 耗时：15.74s\n"}
,{"stream_name":"stdout","time":3164.236197163,"data":"SHOT pseudo-labels: model 81.63% -\u003e centroid 64.30%\n"}
,{"stream_name":"stdout","time":3176.748210191,"data":"轮次:·12/·20 || cls:0.677 || im:-0.679 || 耗时：15.75s\n"}
,{"stream_name":"stdout","time":3179.975220372,"data":"SHOT pseudo-labels: model 82.27% -\u003e centroid 65.07%\n"}
,{"stream_name":"stdout","time":3192.516124625,"data":"轮次:·13/·20 || cls:0.760 || im:-0.728 || 耗时：15.77s\n"}
,{"stream_name":"stdout","time":3195.752196863,"data":"SHOT pseudo-labels: model 84.28% -\u003e centroid 71.32%\n"}
,{"stream_name":"stdout","time":3208.277301842,"data":"轮次:·14/·20 || cls:0.674 || im:-0.562 || 耗时：15.76s\n"}
,{"stream_name":"stdout","time":3211.528224366,"data":"SHOT pseudo-labels: model 84.53% -\u003e centroid 63.27%\n"}
,{"stream_name":"stdout","time":3224.055458464,"data":"轮次:·15/·20 || cls:0.757 || im:-0.622 || 耗时：15.78s\n"}
,{"stream_name":"stdout","time":3227.308249214,"data":"SHOT pseudo-labels: model 84.93% -\u003e centroid 61.78%\n"}
,{"stream_name":"stdout","time":3239.837075794,"data":"轮次:·16/·20 || cls:0.604 || im:-0.614 || 耗时：15.78s\n"}
,{"stream_name":"stdout","time":3243.093191447,"data":"SHOT pseudo-labels: model 86.65% -\u003e centroid 61.63%\n"}
,{"stream_name":"stdout","time":3255.615348194,"data":"轮次:·17/·20 || cls:0.714 || im:-0.677 || 耗时：15.78s\n"}
,{"stream_name":"stdout","time":3258.852209748,"data":"SHOT pseudo-labels: model 86.75% -\u003e centroid 62.38%\n"}
,{"stream_name":"stdout","time":3271.399212026,"data":"轮次:·18/·20 || cls:0.829 || im:-0.633 || 耗时：15.78s\n"}
,{"stream_name":"stdout","time":3274.646202772,"data":"SHOT pseudo-labels: model 88.20% -\u003e centroid 61.28%\n"}
,{"stream_name":"stdout","time":3287.155762259,"data":"轮次:·19/·20 || cls:0.700 || im:-0.682 || 耗时：15.76s\n"}
,{"stream_name":"stdout","time":3290.398225297,"data":"SHOT pseudo-labels: model 87.85% -\u003e centroid 61.23%\n"}
,{"stream_name":"stdout","time":3302.921645052,"data":"轮次:·20/·20 || cls:0.586 || im:-0.608 || 耗时：15.77s\n"}
,{"stream_name":"stdout","time":3308.799585791,"data":"测试集任务: (B2)N15_M07_F10→(B1)N15_M01_F10; 总正确率 = 88.43%\n"}
,{"stream_name":"stdout","time":3308.799634975,"data":"类型1 正确率：  98.00% -\u003e 1   98.05%, 2    1.25%, 3    0.70%\n"}
,{"stream_name":"stdout","time":3308.799643202,"data":"类型2 正确率：  80.00% -\u003e 1    0.00%, 2   80.20%, 3   19.80%\n"}
,{"stream_name":"stdout","time":3308.799648174,"data":"类型3 正确率：  87.00% -\u003e 1    1.60%, 2   11.35%, 3   87.05%\n"}
,{"stream_name":"stdout","time":3308.799653182,"data":"\n"}
,{"stream_name":"stdout","time":3308.799657385,"data":"\n"}
,{"stream_name":"stdout","time":3308.819088732,"data":"[tar_adaptation_RES_PU.py --folder_root /kaggle/working/shot_k10/S06/sdalr_PU_shot/DATA_foldS06c --seed 2024 --class_num 3 --data_name PU_M1_L3 --output /kaggle/working/shot_k10/S06/weight_PU_M1_shot_FS06toS06c_s2024 --s 1 --t 0 --lr 0.0005 --threshold 0.4 --K 0.6] 333s\n"}
,{"stream_name":"stdout","time":3308.849826163,"data":"读取源域路径：/kaggle/working/shot_k10/S06/weight_PU_M1_shot_FS06toS06c_s2024/NEW_PU/Source-源域/log\u0026pt/(B2)N15_M07_F10\n"}
,{"stream_name":"stdout","time":3308.849859293,"data":"excel输出位置：/kaggle/working/shot_k10/S06/weight_PU_M1_shot_FS06toS06c_s2024/NEW_PU/Target-目标域\n"}
,{"stream_name":"stdout","time":3308.849920097,"data":"特征图片输出位置：/kaggle/working/shot_k10/S06/weight_PU_M1_shot_FS06toS06c_s2024/NEW_PU/Picture-特征图/2026年09月22日05时02分/(B2)N15_M07_F10\n"}
,{"stream_name":"stderr","time":3308.884690833,"data":"/usr/local/lib/python3.12/dist-packages/torch/nn/utils/weight_norm.py:144: FutureWarning: `torch.nn.utils.weight_norm` is deprecated in favor of `torch.nn.utils.parametrizations.weight_norm`.\n"}
,{"stream_name":"stderr","time":3308.884725521,"data":"  WeightNorm.apply(module, name, dim)\n"}
,{"stream_name":"stdout","time":3308.923723536,"data":"现在选取:(B2)N15_M07_F10 进行训练的源模型\n"}
,{"stream_name":"stdout","time":3308.92376816,"data":"现在进行：(B2)N15_M07_F10→(B3)N15_M07_F04 的迁移任务\n"}
,{"stream_name":"stdout","time":3308.923776917,"data":"log\u0026pt输出位置：/kaggle/working/shot_k10/S06/weight_PU_M1_shot_FS06toS06c_s2024/NEW_PU/Target-目标域/log\u0026pt/(B2)N15_M07_F10→(B3)N15_M07_F04\n"}
,{"stream_name":"stderr","time":3308.925200234,"data":"sh: 1: Syntax error: word unexpected (expecting \")\")\n"}
,{"stream_name":"stdout","time":3319.952895331,"data":"任务: (B2)N15_M07_F10→(B3)N15_M07_F04; 批次:····0/·1880;  总正确率: 75.77%\n"}
,{"stream_name":"stdout","time":3319.952930814,"data":"类型1 正确率： 100.00% -\u003e 1   99.85%, 2    0.05%, 3    0.10%\n"}
,{"stream_name":"stdout","time":3319.952937411,"data":"类型2 正确率：  77.00% -\u003e 1    0.00%, 2   76.60%, 3   23.40%\n"}
,{"stream_name":"stdout","time":3319.952942354,"data":"类型3 正确率：  51.00% -\u003e 1    0.00%, 2   49.15%, 3   50.85%\n"}
,{"stream_name":"stdout","time":3319.952947156,"data":"\n"}
,{"stream_name":"stdout","time":3319.952952001,"data":"\n"}
,{"stream_name":"stdout","time":3323.189216328,"data":"SHOT pseudo-labels: model 75.77% -\u003e centroid 75.75%\n"}
,{"stream_name":"stdout","time":3335.749752324,"data":"轮次:··1/·20 || cls:1.338 || im:-0.884 || 耗时：21.66s\n"}
,{"stream_name":"stdout","time":3339.049212776,"data":"SHOT pseudo-labels: model 65.35% -\u003e centroid 78.62%\n"}
,{"stream_name":"stdout","time":3351.754544212,"data":"轮次:··2/·20 || cls:1.409 || im:-0.775 || 耗时：16.00s\n"}
,{"stream_name":"stdout","time":3355.022205082,"data":"SHOT pseudo-labels: model 66.33% -\u003e centroid 74.20%\n"}
,{"stream_name":"stdout","time":3367.556884618,"data":"轮次:··3/·20 || cls:1.006 || im:-0.763 || 耗时：15.80s\n"}
,{"stream_name":"stdout","time":3370.790228547,"data":"SHOT pseudo-labels: model 64.15% -\u003e centroid 70.77%\n"}
,{"stream_name":"stdout","time":3383.21899012,"data":"轮次:··4/·20 || cls:0.759 || im:-0.659 || 耗时：15.66s\n"}
,{"stream_name":"stdout","time":3386.441242543,"data":"SHOT pseudo-labels: model 60.40% -\u003e centroid 72.23%\n"}
,{"stream_name":"stdout","time":3398.883055334,"data":"轮次:··5/·20 || cls:0.589 || im:-0.605 || 耗时：15.66s\n"}
,{"stream_name":"stdout","time":3402.128217916,"data":"SHOT pseudo-labels: model 59.33% -\u003e centroid 72.43%\n"}
,{"stream_name":"stdout","time":3414.653280829,"data":"轮次:··6/·20 || cls:0.679 || im:-0.619 || 耗时：15.77s\n"}
,{"stream_name":"stdout","time":3417.915218301,"data":"SHOT pseudo-labels: model 58.18% -\u003e centroid 74.15%\n"}
,{"stream_name":"stdout","time":3430.477695147,"data":"轮次:··7/·20 || cls:0.668 || im:-0.536 || 耗时：15.82s\n"}
,{"stream_name":"stdout","time":3433.759158138,"data":"SHOT pseudo-labels: model 60.32% -\u003e centroid 74.62%\n"}
,{"stream_name":"stdout","time":3446.317425571,"data":"轮次:··8/·20 || cls:0.823 || im:-0.612 || 耗时：15.84s\n"}
,{"stream_name":"stdout","time":3449.559290562,"data":"SHOT pseudo-labels: model 60.62% -\u003e centroid 64.32%\n"}
,{"stream_name":"stdout","time":3462.051569087,"data":"轮次:··9/·20 || cls:0.729 || im:-0.629 || 耗时：15.73s\n"}
,{"stream_name":"stdout","time":3465.285389335,"data":"SHOT pseudo-labels: model 63.13% -\u003e centroid 64.25%\n"}
,{"stream_name":"stdout","time":3477.77048577,"data":"轮次:·10/·20 || cls:0.596 || im:-0.643 || 耗时：15.72s\n"}
,{"stream_name":"stdout","time":3481.010562837,"data":"SHOT pseudo-labels: model 63.02% -\u003e centroid 63.02%\n"}
,{"stream_name":"stdout","time":3493.494979064,"data":"轮次:·11/·20 || cls:0.663 || im:-0.533 || 耗时：15.72s\n"}
,{"stream_name":"stdout","time":3496.748216692,"data":"SHOT pseudo-labels: model 62.80% -\u003e centroid 64.03%\n"}
,{"stream_name":"stdout","time":3509.23720223,"data":"轮次:·12/·20 || cls:0.647 || im:-0.582 || 耗时：15.74s\n"}
,{"stream_name":"stdout","time":3512.473146208,"data":"SHOT pseudo-labels: model 65.30% -\u003e centroid 66.23%\n"}
,{"stream_name":"stdout","time":3524.961706296,"data":"轮次:·13/·20 || cls:0.816 || im:-0.686 || 耗时：15.72s\n"}
,{"stream_name":"stdout","time":3528.203261094,"data":"SHOT pseudo-labels: model 67.48% -\u003e centroid 64.00%\n"}
,{"stream_name":"stdout","time":3540.724057624,"data":"轮次:·14/·20 || cls:0.792 || im:-0.552 || 耗时：15.76s\n"}
,{"stream_name":"stdout","time":3543.98914543,"data":"SHOT pseudo-labels: model 67.02% -\u003e centroid 63.03%\n"}
,{"stream_name":"stdout","time":3556.509415658,"data":"轮次:·15/·20 || cls:0.772 || im:-0.613 || 耗时：15.79s\n"}
,{"stream_name":"stdout","time":3559.739221494,"data":"SHOT pseudo-labels: model 66.90% -\u003e centroid 62.80%\n"}
,{"stream_name":"stdout","time":3572.28495405,"data":"轮次:·16/·20 || cls:0.591 || im:-0.571 || 耗时：15.78s\n"}
,{"stream_name":"stdout","time":3575.537215626,"data":"SHOT pseudo-labels: model 67.20% -\u003e centroid 61.37%\n"}
,{"stream_name":"stdout","time":3588.06640699,"data":"轮次:·17/·20 || cls:0.771 || im:-0.666 || 耗时：15.78s\n"}
,{"stream_name":"stdout","time":3591.311189861,"data":"SHOT pseudo-labels: model 67.33% -\u003e centroid 61.35%\n"}
,{"stream_name":"stdout","time":3603.806787434,"data":"轮次:·18/·20 || cls:0.856 || im:-0.690 || 耗时：15.74s\n"}
,{"stream_name":"stdout","time":3607.044236369,"data":"SHOT pseudo-labels: model 67.83% -\u003e centroid 60.73%\n"}
,{"stream_name":"stdout","time":3619.536752975,"data":"轮次:·19/·20 || cls:0.894 || im:-0.734 || 耗时：15.73s\n"}
,{"stream_name":"stdout","time":3622.772271575,"data":"SHOT pseudo-labels: model 68.10% -\u003e centroid 60.83%\n"}
,{"stream_name":"stdout","time":3635.258018571,"data":"轮次:·20/·20 || cls:0.513 || im:-0.603 || 耗时：15.72s\n"}
,{"stream_name":"stdout","time":3641.101389159,"data":"测试集任务: (B2)N15_M07_F10→(B3)N15_M07_F04; 总正确率 = 67.62%\n"}
,{"stream_name":"stdout","time":3641.101443253,"data":"类型1 正确率：  89.00% -\u003e 1   89.15%, 2    9.55%, 3    1.30%\n"}
,{"stream_name":"stdout","time":3641.101455434,"data":"类型2 正确率：  52.00% -\u003e 1    2.30%, 2   51.95%, 3   45.75%\n"}
,{"stream_name":"stdout","time":3641.101460929,"data":"类型3 正确率：  62.00% -\u003e 1    1.45%, 2   36.80%, 3   61.75%\n"}
,{"stream_name":"stdout","time":3641.101465998,"data":"\n"}
,{"stream_name":"stdout","time":3641.101471032,"data":"\n"}
,{"stream_name":"stdout","time":3641.127955958,"data":"[tar_adaptation_RES_PU.py --folder_root /kaggle/working/shot_k10/S06/sdalr_PU_shot/DATA_foldS06c --seed 2024 --class_num 3 --data_name PU_M1_L3 --output /kaggle/working/shot_k10/S06/weight_PU_M1_shot_FS06toS06c_s2024 --s 1 --t 2 --lr 0.0005 --threshold 0.4 --K 0.6] 332s\n"}
,{"stream_name":"stdout","time":3641.168011983,"data":"读取源域路径：/kaggle/working/shot_k10/S06/weight_PU_M1_shot_FS06toS06c_s2024/NEW_PU/Source-源域/log\u0026pt/(B3)N15_M07_F04\n"}
,{"stream_name":"stdout","time":3641.168040149,"data":"excel输出位置：/kaggle/working/shot_k10/S06/weight_PU_M1_shot_FS06toS06c_s2024/NEW_PU/Target-目标域\n"}
,{"stream_name":"stdout","time":3641.169247993,"data":"特征图片输出位置：/kaggle/working/shot_k10/S06/weight_PU_M1_shot_FS06toS06c_s2024/NEW_PU/Picture-特征图/2026年09月22日05时07分/(B3)N15_M07_F04\n"}
,{"stream_name":"stderr","time":3641.212614093,"data":"/usr/local/lib/python3.12/dist-packages/torch/nn/utils/weight_norm.py:144: FutureWarning: `torch.nn.utils.weight_norm` is deprecated in favor of `torch.nn.utils.parametrizations.weight_norm`.\n"}
,{"stream_name":"stderr","time":3641.212671065,"data":"  WeightNorm.apply(module, name, dim)\n"}
,{"stream_name":"stdout","time":3641.253324123,"data":"现在选取:(B3)N15_M07_F04 进行训练的源模型\n"}
,{"stream_name":"stdout","time":3641.253359296,"data":"现在进行：(B3)N15_M07_F04→(B1)N15_M01_F10 的迁移任务\n"}
,{"stream_name":"stdout","time":3641.253365717,"data":"log\u0026pt输出位置：/kaggle/working/shot_k10/S06/weight_PU_M1_shot_FS06toS06c_s2024/NEW_PU/Target-目标域/log\u0026pt/(B3)N15_M07_F04→(B1)N15_M01_F10\n"}
,{"stream_name":"stderr","time":3641.25483816,"data":"sh: 1: Syntax error: word unexpected (expecting \")\")\n"}
,{"stream_name":"stdout","time":3652.164024034,"data":"任务: (B3)N15_M07_F04→(B1)N15_M01_F10; 批次:····0/·1880;  总正确率: 53.65%\n"}
,{"stream_name":"stdout","time":3652.164059651,"data":"类型1 正确率：  84.00% -\u003e 1   84.00%, 2    0.25%, 3   15.75%\n"}
,{"stream_name":"stdout","time":3652.164066506,"data":"类型2 正确率：  43.00% -\u003e 1    0.00%, 2   43.15%, 3   56.85%\n"}
,{"stream_name":"stdout","time":3652.164071769,"data":"类型3 正确率：  34.00% -\u003e 1    0.00%, 2   66.20%, 3   33.80%\n"}
,{"stream_name":"stdout","time":3652.164076734,"data":"\n"}
,{"stream_name":"stdout","time":3652.164081467,"data":"\n"}
,{"stream_name":"stdout","time":3655.400208788,"data":"SHOT pseudo-labels: model 53.65% -\u003e centroid 59.42%\n"}
,{"stream_name":"stdout","time":3667.975487523,"data":"轮次:··1/·20 || cls:1.290 || im:-0.803 || 耗时：21.66s\n"}
,{"stream_name":"stdout","time":3671.273961946,"data":"SHOT pseudo-labels: model 73.68% -\u003e centroid 76.08%\n"}
,{"stream_name":"stdout","time":3684.007418155,"data":"轮次:··2/·20 || cls:1.163 || im:-0.777 || 耗时：16.03s\n"}
,{"stream_name":"stdout","time":3687.284211522,"data":"SHOT pseudo-labels: model 70.15% -\u003e centroid 84.52%\n"}
,{"stream_name":"stdout","time":3699.852767719,"data":"轮次:··3/·20 || cls:0.827 || im:-0.626 || 耗时：15.85s\n"}
,{"stream_name":"stdout","time":3703.107283029,"data":"SHOT pseudo-labels: model 66.20% -\u003e centroid 72.45%\n"}
,{"stream_name":"stdout","time":3715.572766623,"data":"轮次:··4/·20 || cls:0.815 || im:-0.638 || 耗时：15.72s\n"}
,{"stream_name":"stdout","time":3718.797240833,"data":"SHOT pseudo-labels: model 67.52% -\u003e centroid 67.23%\n"}
,{"stream_name":"stdout","time":3731.267268268,"data":"轮次:··5/·20 || cls:0.678 || im:-0.607 || 耗时：15.69s\n"}
,{"stream_name":"stdout","time":3734.496225673,"data":"SHOT pseudo-labels: model 69.23% -\u003e centroid 64.43%\n"}
,{"stream_name":"stdout","time":3747.032004701,"data":"轮次:··6/·20 || cls:0.596 || im:-0.574 || 耗时：15.76s\n"}
,{"stream_name":"stdout","time":3750.286522323,"data":"SHOT pseudo-labels: model 69.40% -\u003e centroid 63.13%\n"}
,{"stream_name":"stdout","time":3762.879715298,"data":"轮次:··7/·20 || cls:0.609 || im:-0.573 || 耗时：15.85s\n"}
,{"stream_name":"stdout","time":3766.128267178,"data":"SHOT pseudo-labels: model 69.23% -\u003e centroid 64.25%\n"}
,{"stream_name":"stdout","time":3778.682400004,"data":"轮次:··8/·20 || cls:0.813 || im:-0.601 || 耗时：15.80s\n"}
,{"stream_name":"stdout","time":3781.953029048,"data":"SHOT pseudo-labels: model 70.23% -\u003e centroid 64.42%\n"}
,{"stream_name":"stdout","time":3794.453063231,"data":"轮次:··9/·20 || cls:0.652 || im:-0.662 || 耗时：15.77s\n"}
,{"stream_name":"stdout","time":3797.702789549,"data":"SHOT pseudo-labels: model 71.92% -\u003e centroid 65.40%\n"}
,{"stream_name":"stdout","time":3810.169918424,"data":"轮次:·10/·20 || cls:0.682 || im:-0.668 || 耗时：15.72s\n"}
,{"stream_name":"stdout","time":3813.401275459,"data":"SHOT pseudo-labels: model 71.57% -\u003e centroid 63.25%\n"}
,{"stream_name":"stdout","time":3825.88513608,"data":"轮次:·11/·20 || cls:0.566 || im:-0.625 || 耗时：15.72s\n"}
,{"stream_name":"stdout","time":3829.118220642,"data":"SHOT pseudo-labels: model 70.88% -\u003e centroid 62.75%\n"}
,{"stream_name":"stdout","time":3841.603783932,"data":"轮次:·12/·20 || cls:0.736 || im:-0.654 || 耗时：15.72s\n"}
,{"stream_name":"stdout","time":3844.840202492,"data":"SHOT pseudo-labels: model 71.77% -\u003e centroid 63.15%\n"}
,{"stream_name":"stdout","time":3857.305992832,"data":"轮次:·13/·20 || cls:0.641 || im:-0.662 || 耗时：15.70s\n"}
,{"stream_name":"stdout","time":3860.54921885,"data":"SHOT pseudo-labels: model 72.65% -\u003e centroid 63.85%\n"}
,{"stream_name":"stdout","time":3873.030846086,"data":"轮次:·14/·20 || cls:0.689 || im:-0.573 || 耗时：15.72s\n"}
,{"stream_name":"stdout","time":3876.279234123,"data":"SHOT pseudo-labels: model 73.48% -\u003e centroid 66.90%\n"}
,{"stream_name":"stdout","time":3888.772090535,"data":"轮次:·15/·20 || cls:0.740 || im:-0.606 || 耗时：15.74s\n"}
,{"stream_name":"stdout","time":3891.99519408,"data":"SHOT pseudo-labels: model 71.92% -\u003e centroid 62.03%\n"}
,{"stream_name":"stdout","time":3904.499007707,"data":"轮次:·16/·20 || cls:0.627 || im:-0.610 || 耗时：15.73s\n"}
,{"stream_name":"stdout","time":3907.72734145,"data":"SHOT pseudo-labels: model 74.53% -\u003e centroid 63.78%\n"}
,{"stream_name":"stdout","time":3920.221685466,"data":"轮次:·17/·20 || cls:0.736 || im:-0.665 || 耗时：15.72s\n"}
,{"stream_name":"stdout","time":3923.466234867,"data":"SHOT pseudo-labels: model 74.33% -\u003e centroid 66.23%\n"}
,{"stream_name":"stdout","time":3935.958057184,"data":"轮次:·18/·20 || cls:0.719 || im:-0.644 || 耗时：15.74s\n"}
,{"stream_name":"stdout","time":3939.209212644,"data":"SHOT pseudo-labels: model 74.23% -\u003e centroid 64.43%\n"}
,{"stream_name":"stdout","time":3951.706099813,"data":"轮次:·19/·20 || cls:0.880 || im:-0.632 || 耗时：15.75s\n"}
,{"stream_name":"stdout","time":3954.929220736,"data":"SHOT pseudo-labels: model 74.50% -\u003e centroid 66.28%\n"}
,{"stream_name":"stdout","time":3967.415340586,"data":"轮次:·20/·20 || cls:0.624 || im:-0.678 || 耗时：15.71s\n"}
,{"stream_name":"stdout","time":3973.274915726,"data":"测试集任务: (B3)N15_M07_F04→(B1)N15_M01_F10; 总正确率 = 74.57%\n"}
,{"stream_name":"stdout","time":3973.275045484,"data":"类型1 正确率：  98.00% -\u003e 1   97.95%, 2    0.40%, 3    1.65%\n"}
,{"stream_name":"stdout","time":3973.276015655,"data":"类型2 正确率：  59.00% -\u003e 1    0.05%, 2   59.45%, 3   40.50%\n"}
,{"stream_name":"stdout","time":3973.276026932,"data":"类型3 正确率：  66.00% -\u003e 1    0.00%, 2   33.70%, 3   66.30%\n"}
,{"stream_name":"stdout","time":3973.276030509,"data":"\n"}
,{"stream_name":"stdout","time":3973.276033451,"data":"\n"}
,{"stream_name":"stdout","time":3973.296933192,"data":"[tar_adaptation_RES_PU.py --folder_root /kaggle/working/shot_k10/S06/sdalr_PU_shot/DATA_foldS06c --seed 2024 --class_num 3 --data_name PU_M1_L3 --output /kaggle/working/shot_k10/S06/weight_PU_M1_shot_FS06toS06c_s2024 --s 2 --t 0 --lr 0.0005 --threshold 0.4 --K 0.6] 332s\n"}
,{"stream_name":"stdout","time":3973.322644172,"data":"读取源域路径：/kaggle/working/shot_k10/S06/weight_PU_M1_shot_FS06toS06c_s2024/NEW_PU/Source-源域/log\u0026pt/(B3)N15_M07_F04\n"}
,{"stream_name":"stdout","time":3973.322681564,"data":"excel输出位置：/kaggle/working/shot_k10/S06/weight_PU_M1_shot_FS06toS06c_s2024/NEW_PU/Target-目标域\n"}
,{"stream_name":"stdout","time":3973.322708791,"data":"特征图片输出位置：/kaggle/working/shot_k10/S06/weight_PU_M1_shot_FS06toS06c_s2024/NEW_PU/Picture-特征图/2026年09月22日05时13分/(B3)N15_M07_F04\n"}
,{"stream_name":"stderr","time":3973.357488265,"data":"/usr/local/lib/python3.12/dist-packages/torch/nn/utils/weight_norm.py:144: FutureWarning: `torch.nn.utils.weight_norm` is deprecated in favor of `torch.nn.utils.parametrizations.weight_norm`.\n"}
,{"stream_name":"stderr","time":3973.357537865,"data":"  WeightNorm.apply(module, name, dim)\n"}
,{"stream_name":"stdout","time":3973.3987588,"data":"现在选取:(B3)N15_M07_F04 进行训练的源模型\n"}
,{"stream_name":"stdout","time":3973.3987965,"data":"现在进行：(B3)N15_M07_F04→(B2)N15_M07_F10 的迁移任务\n"}
,{"stream_name":"stdout","time":3973.398802936,"data":"log\u0026pt输出位置：/kaggle/working/shot_k10/S06/weight_PU_M1_shot_FS06toS06c_s2024/NEW_PU/Target-目标域/log\u0026pt/(B3)N15_M07_F04→(B2)N15_M07_F10\n"}
,{"stream_name":"stderr","time":3973.400148583,"data":"sh: 1: Syntax error: word unexpected (expecting \")\")\n"}
,{"stream_name":"stdout","time":3984.26864984,"data":"任务: (B3)N15_M07_F04→(B2)N15_M07_F10; 批次:····0/·1880;  总正确率: 49.37%\n"}
,{"stream_name":"stdout","time":3984.268705261,"data":"类型1 正确率：  82.00% -\u003e 1   81.65%, 2    0.00%, 3   18.35%\n"}
,{"stream_name":"stdout","time":3984.268713152,"data":"类型2 正确率：  46.00% -\u003e 1    0.00%, 2   45.95%, 3   54.05%\n"}
,{"stream_name":"stdout","time":3984.268718034,"data":"类型3 正确率：  20.00% -\u003e 1    0.00%, 2   79.50%, 3   20.50%\n"}
,{"stream_name":"stdout","time":3984.268722666,"data":"\n"}
,{"stream_name":"stdout","time":3984.268748812,"data":"\n"}
,{"stream_name":"stdout","time":3987.480205359,"data":"SHOT pseudo-labels: model 49.37% -\u003e centroid 54.10%\n"}
,{"stream_name":"stdout","time":4000.043487852,"data":"轮次:··1/·20 || cls:1.358 || im:-0.828 || 耗时：21.59s\n"}
,{"stream_name":"stdout","time":4003.323191537,"data":"SHOT pseudo-labels: model 69.80% -\u003e centroid 72.50%\n"}
,{"stream_name":"stdout","time":4016.038377511,"data":"轮次:··2/·20 || cls:1.142 || im:-0.753 || 耗时：15.99s\n"}
,{"stream_name":"stdout","time":4019.287189938,"data":"SHOT pseudo-labels: model 67.10% -\u003e centroid 77.97%\n"}
,{"stream_name":"stdout","time":4031.857676131,"data":"轮次:··3/·20 || cls:0.897 || im:-0.588 || 耗时：15.82s\n"}
,{"stream_name":"stdout","time":4035.09074365,"data":"SHOT pseudo-labels: model 66.27% -\u003e centroid 76.37%\n"}
,{"stream_name":"stdout","time":4047.534498164,"data":"轮次:··4/·20 || cls:0.761 || im:-0.674 || 耗时：15.68s\n"}
,{"stream_name":"stdout","time":4050.779225673,"data":"SHOT pseudo-labels: model 64.77% -\u003e centroid 68.98%\n"}
,{"stream_name":"stdout","time":4063.25118201,"data":"轮次:··5/·20 || cls:0.571 || im:-0.591 || 耗时：15.72s\n"}
,{"stream_name":"stdout","time":4066.487878186,"data":"SHOT pseudo-labels: model 66.70% -\u003e centroid 68.32%\n"}
,{"stream_name":"stdout","time":4078.996972752,"data":"轮次:··6/·20 || cls:0.652 || im:-0.636 || 耗时：15.75s\n"}
,{"stream_name":"stdout","time":4082.291180115,"data":"SHOT pseudo-labels: model 66.27% -\u003e centroid 62.92%\n"}
,{"stream_name":"stdout","time":4094.827590501,"data":"轮次:··7/·20 || cls:0.735 || im:-0.652 || 耗时：15.83s\n"}
,{"stream_name":"stdout","time":4098.075211278,"data":"SHOT pseudo-labels: model 67.42% -\u003e centroid 65.08%\n"}
,{"stream_name":"stdout","time":4110.63592166,"data":"轮次:··8/·20 || cls:0.672 || im:-0.613 || 耗时：15.81s\n"}
,{"stream_name":"stdout","time":4113.911172511,"data":"SHOT pseudo-labels: model 68.85% -\u003e centroid 67.02%\n"}
,{"stream_name":"stdout","time":4126.428215871,"data":"轮次:··9/·20 || cls:0.555 || im:-0.588 || 耗时：15.79s\n"}
,{"stream_name":"stdout","time":4129.647211826,"data":"SHOT pseudo-labels: model 69.93% -\u003e centroid 69.28%\n"}
,{"stream_name":"stdout","time":4142.133262862,"data":"轮次:·10/·20 || cls:0.617 || im:-0.626 || 耗时：15.71s\n"}
,{"stream_name":"stdout","time":4145.350189512,"data":"SHOT pseudo-labels: model 69.37% -\u003e centroid 67.37%\n"}
,{"stream_name":"stdout","time":4157.830892949,"data":"轮次:·11/·20 || cls:0.670 || im:-0.563 || 耗时：15.70s\n"}
,{"stream_name":"stdout","time":4161.053221881,"data":"SHOT pseudo-labels: model 67.60% -\u003e centroid 73.83%\n"}
,{"stream_name":"stdout","time":4173.531832111,"data":"轮次:·12/·20 || cls:0.670 || im:-0.652 || 耗时：15.70s\n"}
,{"stream_name":"stdout","time":4176.737262999,"data":"SHOT pseudo-labels: model 68.35% -\u003e centroid 67.65%\n"}
,{"stream_name":"stdout","time":4189.21736326,"data":"轮次:·13/·20 || cls:0.617 || im:-0.591 || 耗时：15.69s\n"}
,{"stream_name":"stdout","time":4192.482224339,"data":"SHOT pseudo-labels: model 69.35% -\u003e centroid 70.72%\n"}
,{"stream_name":"stdout","time":4204.965327374,"data":"轮次:·14/·20 || cls:0.631 || im:-0.560 || 耗时：15.75s\n"}
,{"stream_name":"stdout","time":4208.197224266,"data":"SHOT pseudo-labels: model 70.15% -\u003e centroid 65.73%\n"}
,{"stream_name":"stdout","time":4220.694460234,"data":"轮次:·15/·20 || cls:0.734 || im:-0.640 || 耗时：15.73s\n"}
,{"stream_name":"stdout","time":4223.952245043,"data":"SHOT pseudo-labels: model 69.07% -\u003e centroid 65.30%\n"}
,{"stream_name":"stdout","time":4236.457642033,"data":"轮次:·16/·20 || cls:0.718 || im:-0.671 || 耗时：15.76s\n"}
,{"stream_name":"stdout","time":4239.70036746,"data":"SHOT pseudo-labels: model 69.95% -\u003e centroid 61.87%\n"}
,{"stream_name":"stdout","time":4252.18964677,"data":"轮次:·17/·20 || cls:0.750 || im:-0.650 || 耗时：15.73s\n"}
,{"stream_name":"stdout","time":4255.420229811,"data":"SHOT pseudo-labels: model 70.70% -\u003e centroid 62.20%\n"}
,{"stream_name":"stdout","time":4267.931884704,"data":"轮次:·18/·20 || cls:0.627 || im:-0.600 || 耗时：15.74s\n"}
,{"stream_name":"stdout","time":4271.184190088,"data":"SHOT pseudo-labels: model 71.13% -\u003e centroid 64.78%\n"}
,{"stream_name":"stdout","time":4283.689756044,"data":"轮次:·19/·20 || cls:0.740 || im:-0.652 || 耗时：15.76s\n"}
,{"stream_name":"stdout","time":4286.922177499,"data":"SHOT pseudo-labels: model 72.25% -\u003e centroid 65.72%\n"}
,{"stream_name":"stdout","time":4299.399082377,"data":"轮次:·20/·20 || cls:0.531 || im:-0.659 || 耗时：15.71s\n"}
,{"stream_name":"stdout","time":4305.245847348,"data":"测试集任务: (B3)N15_M07_F04→(B2)N15_M07_F10; 总正确率 = 71.72%\n"}
,{"stream_name":"stdout","time":4305.245904953,"data":"类型1 正确率：  97.00% -\u003e 1   96.90%, 2    0.00%, 3    3.10%\n"}
,{"stream_name":"stdout","time":4305.245918838,"data":"类型2 正确率：  62.00% -\u003e 1    0.00%, 2   61.95%, 3   38.05%\n"}
,{"stream_name":"stdout","time":4305.245924583,"data":"类型3 正确率：  56.00% -\u003e 1    0.00%, 2   43.70%, 3   56.30%\n"}
,{"stream_name":"stdout","time":4305.245929905,"data":"\n"}
,{"stream_name":"stdout","time":4305.245934741,"data":"\n"}
,{"stream_name":"stdout","time":4305.271930358,"data":"[tar_adaptation_RES_PU.py --folder_root /kaggle/working/shot_k10/S06/sdalr_PU_shot/DATA_foldS06c --seed 2024 --class_num 3 --data_name PU_M1_L3 --output /kaggle/working/shot_k10/S06/weight_PU_M1_shot_FS06toS06c_s2024 --s 2 --t 1 --lr 0.0005 --threshold 0.4 --K 0.6] 332s\n"}
,{"stream_name":"stdout","time":4305.288774399,"data":"{\n"}
,{"stream_name":"stdout","time":4305.288799004,"data":"  \"dataset\": \"PU_M1\",\n"}
,{"stream_name":"stdout","time":4305.288805226,"data":"  \"variant\": \"shot\",\n"}
,{"stream_name":"stdout","time":4305.288810751,"data":"  \"seed\": 2024,\n"}
,{"stream_name":"stdout","time":4305.288816296,"data":"  \"smoke\": false,\n"}
,{"stream_name":"stdout","time":4305.288821713,"data":"  \"src_fold\": \"S06\",\n"}
,{"stream_name":"stdout","time":4305.288826839,"data":"  \"tgt_fold\": \"S06c\",\n"}
,{"stream_name":"stdout","time":4305.288831879,"data":"  \"leaky\": false,\n"}
,{"stream_name":"stdout","time":4305.288837213,"data":"  \"hyperparameters\": {\n"}
,{"stream_name":"stdout","time":4305.288842336,"data":"    \"lr\": \"0.0005\",\n"}
,{"stream_name":"stdout","time":4305.288847094,"data":"    \"threshold\": \"0.4\",\n"}
,{"stream_name":"stdout","time":4305.288852763,"data":"    \"K\": \"0.6\"\n"}
,{"stream_name":"stdout","time":4305.288857822,"data":"  },\n"}
,{"stream_name":"stdout","time":4305.288862291,"data":"  \"adapters\": [\n"}
,{"stream_name":"stdout","time":4305.288867178,"data":"    \"npz_io\",\n"}
,{"stream_name":"stdout","time":4305.288872112,"data":"    \"tsne_stub\",\n"}
,{"stream_name":"stdout","time":4305.288876663,"data":"    \"shot_patch\"\n"}
,{"stream_name":"stdout","time":4305.288882019,"data":"  ],\n"}
,{"stream_name":"stdout","time":4305.288887228,"data":"  \"source_only\": {},\n"}
,{"stream_name":"stdout","time":4305.288892051,"data":"  \"adapted\": {\n"}
,{"stream_name":"stdout","time":4305.288896766,"data":"    \"A1-\u003eA3\": 70.62,\n"}
,{"stream_name":"stdout","time":4305.288913202,"data":"    \"A1-\u003eA2\": 69.13,\n"}
,{"stream_name":"stdout","time":4305.288917328,"data":"    \"A3-\u003eA1\": 88.43,\n"}
,{"stream_name":"stdout","time":4305.28892108,"data":"    \"A3-\u003eA2\": 67.62,\n"}
,{"stream_name":"stdout","time":4305.288925319,"data":"    \"A2-\u003eA1\": 74.57,\n"}
,{"stream_name":"stdout","time":4305.288929276,"data":"    \"A2-\u003eA3\": 71.72\n"}
,{"stream_name":"stdout","time":4305.288932845,"data":"  },\n"}
,{"stream_name":"stdout","time":4305.288936342,"data":"  \"seconds\": {\n"}
,{"stream_name":"stdout","time":4305.288940078,"data":"    \"A1-\u003eA3\": 334,\n"}
,{"stream_name":"stdout","time":4305.288944339,"data":"    \"A1-\u003eA2\": 332,\n"}
,{"stream_name":"stdout","time":4305.288948163,"data":"    \"A3-\u003eA1\": 333,\n"}
,{"stream_name":"stdout","time":4305.288951765,"data":"    \"A3-\u003eA2\": 332,\n"}
,{"stream_name":"stdout","time":4305.288955694,"data":"    \"A2-\u003eA1\": 332,\n"}
,{"stream_name":"stdout","time":4305.288959513,"data":"    \"A2-\u003eA3\": 332\n"}
,{"stream_name":"stdout","time":4305.288963285,"data":"  },\n"}
,{"stream_name":"stdout","time":4305.288966886,"data":"  \"gate_log\": {\n"}
,{"stream_name":"stdout","time":4305.288970586,"data":"    \"A1-\u003eA3\": [],\n"}
,{"stream_name":"stdout","time":4305.28897453,"data":"    \"A1-\u003eA2\": [],\n"}
,{"stream_name":"stdout","time":4305.288978173,"data":"    \"A3-\u003eA1\": [],\n"}
,{"stream_name":"stdout","time":4305.288982149,"data":"    \"A3-\u003eA2\": [],\n"}
,{"stream_name":"stdout","time":4305.288985872,"data":"    \"A2-\u003eA1\": [],\n"}
,{"stream_name":"stdout","time":4305.288989583,"data":"    \"A2-\u003eA3\": []\n"}
,{"stream_name":"stdout","time":4305.288993583,"data":"  },\n"}
,{"stream_name":"stdout","time":4305.288997629,"data":"  \"gate\": \"none\"\n"}
,{"stream_name":"stdout","time":4305.289002086,"data":"}\n"}
,{"stream_name":"stdout","time":4306.692006346,"data":"RUN /usr/bin/python3 -u /kaggle/input/datasets/rhrhrhrhrh/physgate-m0-code/sdalr_runner.py --sdalr /kaggle/input/datasets/rhrhrhrhrh/physgate-m0-code --m0 /kaggle/input/datasets/rhrhrhrhrh/physgate-k10-g3 --dataset PU_M1 --src-fold S07 --tgt-fold S07 --variant shot --work /kaggle/working/shot_k10/S07 --seed 2024\n"}
,{"stream_name":"stdout","time":4313.023749014,"data":"\n"}
,{"stream_name":"stdout","time":4313.023787459,"data":"\n"}
,{"stream_name":"stdout","time":4313.023793803,"data":"现在开始拿源域训练集：(B1)N15_M01_F10 进行训练\n"}
,{"stream_name":"stdout","time":4313.023800328,"data":"源域读取路径：/kaggle/working/shot_k10/S07/sdalr_PU_shot/DATA_foldS07/PU_M1_L3/N15_M01_F10_label.txt\n"}
,{"stream_name":"stdout","time":4313.023805781,"data":"excel输出位置：/kaggle/working/shot_k10/S07/weight_src_PU_M1_FS07_s2024/NEW_PU/Source-源域\n"}
,{"stream_name":"stdout","time":4313.023811157,"data":"log\u0026pt输出位置：/kaggle/working/shot_k10/S07/weight_src_PU_M1_FS07_s2024/NEW_PU/Source-源域/log\u0026pt/(B1)N15_M01_F10\n"}
,{"stream_name":"stdout","time":4313.024182057,"data":"特征图片输出位置：/kaggle/working/shot_k10/S07/weight_src_PU_M1_FS07_s2024/NEW_PU/Picture-特征图/2026年09月22日05时18分/(B1)N15_M01_F10\n"}
,{"stream_name":"stderr","time":4313.025660127,"data":"sh: 1: Syntax error: word unexpected (expecting \")\")\n"}
,{"stream_name":"stdout","time":4313.026218413,"data":"源域训练开始\n"}
,{"stream_name":"stderr","time":4315.071383067,"data":"/usr/local/lib/python3.12/dist-packages/torch/nn/utils/weight_norm.py:144: FutureWarning: `torch.nn.utils.weight_norm` is deprecated in favor of `torch.nn.utils.parametrizations.weight_norm`.\n"}
,{"stream_name":"stderr","time":4315.071453457,"data":"  WeightNorm.apply(module, name, dim)\n"}
,{"stream_name":"stdout","time":4324.082074152,"data":"轮次:··1/·10 || loss:0.010 || 耗时：8.96s\n"}
,{"stream_name":"stdout","time":4332.826983688,"data":"轮次:··2/·10 || loss:0.005 || 耗时：8.68s\n"}
,{"stream_name":"stdout","time":4341.840004321,"data":"轮次:··3/·10 || loss:0.004 || 耗时：8.95s\n"}
,{"stream_name":"stdout","time":4351.129992647,"data":"轮次:··4/·10 || loss:0.016 || 耗时：9.22s\n"}
,{"stream_name":"stdout","time":4360.230831851,"data":"轮次:··5/·10 || loss:0.001 || 耗时：9.04s\n"}
,{"stream_name":"stdout","time":4360.845967498,"data":"任务: (B1)N15_M01_F10; mix批次:····0; 批次:··330/··660; 总正确率 = 100.00%\n"}
,{"stream_name":"stdout","time":4360.846000951,"data":"类型1 正确率： 100.00% -\u003e 1  100.00%, 2    0.00%, 3    0.00%\n"}
,{"stream_name":"stdout","time":4360.846007821,"data":"类型2 正确率： 100.00% -\u003e 1    0.00%, 2  100.00%, 3    0.00%\n"}
,{"stream_name":"stdout","time":4360.846013131,"data":"类型3 正确率： 100.00% -\u003e 1    0.00%, 2    0.00%, 3  100.00%\n"}
,{"stream_name":"stdout","time":4360.846018645,"data":"\n"}
,{"stream_name":"stdout","time":4360.846024127,"data":"\n"}
,{"stream_name":"stdout","time":4369.723408093,"data":"轮次:··6/·10 || loss:0.005 || 耗时：8.77s\n"}
,{"stream_name":"stdout","time":4378.409885241,"data":"轮次:··7/·10 || loss:0.009 || 耗时：8.62s\n"}
,{"stream_name":"stdout","time":4387.033194254,"data":"轮次:··8/·10 || loss:0.003 || 耗时：8.56s\n"}
,{"stream_name":"stdout","time":4395.624947446,"data":"轮次:··9/·10 || loss:0.001 || 耗时：8.53s\n"}
,{"stream_name":"stdout","time":4404.224469502,"data":"轮次:·10/·10 || loss:0.000 || 耗时：8.54s\n"}
,{"stream_name":"stdout","time":4404.802126223,"data":"任务: (B1)N15_M01_F10; mix批次:····0; 批次:··660/··660; 总正确率 = 100.00%\n"}
,{"stream_name":"stdout","time":4404.802170563,"data":"类型1 正确率： 100.00% -\u003e 1  100.00%, 2    0.00%, 3    0.00%\n"}
,{"stream_name":"stdout","time":4404.802177686,"data":"类型2 正确率： 100.00% -\u003e 1    0.00%, 2  100.00%, 3    0.00%\n"}
,{"stream_name":"stdout","time":4404.802183162,"data":"类型3 正确率： 100.00% -\u003e 1    0.00%, 2    0.00%, 3  100.00%\n"}
,{"stream_name":"stdout","time":4404.802189002,"data":"\n"}
,{"stream_name":"stdout","time":4404.802193985,"data":"\n"}
,{"stream_name":"stdout","time":4406.042969704,"data":"测试集任务: (B1)N15_M01_F10; 总正确率 = 100.00%\n"}
,{"stream_name":"stdout","time":4406.042999703,"data":"类型1 正确率： 100.00% -\u003e 1  100.00%, 2    0.00%, 3    0.00%\n"}
,{"stream_name":"stdout","time":4406.043006535,"data":"类型2 正确率： 100.00% -\u003e 1    0.00%, 2  100.00%, 3    0.00%\n"}
,{"stream_name":"stdout","time":4406.04301239,"data":"类型3 正确率： 100.00% -\u003e 1    0.00%, 2    0.00%, 3  100.00%\n"}
,{"stream_name":"stdout","time":4406.043018473,"data":"\n"}
,{"stream_name":"stdout","time":4406.043024034,"data":"\n"}
,{"stream_name":"stdout","time":4406.051991195,"data":"源域训练结束\n"}
,{"stream_name":"stdout","time":4406.052016862,"data":"\n"}
,{"stream_name":"stdout","time":4406.052022895,"data":"训练好之后，测试目标域\n"}
,{"stream_name":"stdout","time":4406.052040283,"data":"目标域路径：/kaggle/working/shot_k10/S07/sdalr_PU_shot/DATA_foldS07/PU_M1_L3/N15_M07_F10_label.txt\n"}
,{"stream_name":"stderr","time":4406.417536022,"data":"/usr/local/lib/python3.12/dist-packages/torch/nn/utils/weight_norm.py:144: FutureWarning: `torch.nn.utils.weight_norm` is deprecated in favor of `torch.nn.utils.parametrizations.weight_norm`.\n"}
,{"stream_name":"stderr","time":4406.417602965,"data":"  WeightNorm.apply(module, name, dim)\n"}
,{"stream_name":"stdout","time":4407.610429464,"data":"测试目标数据集结果如下：\n"}
,{"stream_name":"stdout","time":4407.610466276,"data":"任务: (B1)N15_M01_F10→(B2)N15_M07_F10, 正确率 = 99.19%\n"}
,{"stream_name":"stdout","time":4407.610471249,"data":"类型1 正确率： 100.00% -\u003e 1  100.00%, 2    0.00%, 3    0.00%\n"}
,{"stream_name":"stdout","time":4407.610475845,"data":"类型2 正确率： 100.00% -\u003e 1    0.00%, 2  100.00%, 3    0.00%\n"}
,{"stream_name":"stdout","time":4407.610479938,"data":"类型3 正确率：  98.00% -\u003e 1    0.00%, 2    2.43%, 3   97.57%\n"}
,{"stream_name":"stdout","time":4407.610483884,"data":"\n"}
,{"stream_name":"stdout","time":4407.61085022,"data":"目标域路径：/kaggle/working/shot_k10/S07/sdalr_PU_shot/DATA_foldS07/PU_M1_L3/N15_M07_F04_label.txt\n"}
,{"stream_name":"stderr","time":4407.980270709,"data":"/usr/local/lib/python3.12/dist-packages/torch/nn/utils/weight_norm.py:144: FutureWarning: `torch.nn.utils.weight_norm` is deprecated in favor of `torch.nn.utils.parametrizations.weight_norm`.\n"}
,{"stream_name":"stderr","time":4407.980316453,"data":"  WeightNorm.apply(module, name, dim)\n"}
,{"stream_name":"stdout","time":4409.162662385,"data":"测试目标数据集结果如下：\n"}
,{"stream_name":"stdout","time":4409.1626935,"data":"任务: (B1)N15_M01_F10→(B3)N15_M07_F04, 正确率 = 92.17%\n"}
,{"stream_name":"stdout","time":4409.162699636,"data":"类型1 正确率： 100.00% -\u003e 1  100.00%, 2    0.00%, 3    0.00%\n"}
,{"stream_name":"stdout","time":4409.162705366,"data":"类型2 正确率：  95.00% -\u003e 1    0.00%, 2   95.32%, 3    4.68%\n"}
,{"stream_name":"stdout","time":4409.162710339,"data":"类型3 正确率：  81.00% -\u003e 1    0.00%, 2   18.80%, 3   81.20%\n"}
,{"stream_name":"stdout","time":4409.162715484,"data":"\n"}
,{"stream_name":"stdout","time":4409.163148403,"data":"\n"}
,{"stream_name":"stdout","time":4409.163165912,"data":"\n"}
,{"stream_name":"stdout","time":4409.163171834,"data":"现在开始拿源域训练集：(B2)N15_M07_F10 进行训练\n"}
,{"stream_name":"stdout","time":4409.163177579,"data":"源域读取路径：/kaggle/working/shot_k10/S07/sdalr_PU_shot/DATA_foldS07/PU_M1_L3/N15_M07_F10_label.txt\n"}
,{"stream_name":"stdout","time":4409.163182492,"data":"excel输出位置：/kaggle/working/shot_k10/S07/weight_src_PU_M1_FS07_s2024/NEW_PU/Source-源域\n"}
,{"stream_name":"stdout","time":4409.163198328,"data":"log\u0026pt输出位置：/kaggle/working/shot_k10/S07/weight_src_PU_M1_FS07_s2024/NEW_PU/Source-源域/log\u0026pt/(B2)N15_M07_F10\n"}
,{"stream_name":"stdout","time":4409.163457393,"data":"特征图片输出位置：/kaggle/working/shot_k10/S07/weight_src_PU_M1_FS07_s2024/NEW_PU/Picture-特征图/2026年09月22日05时18分/(B2)N15_M07_F10\n"}
,{"stream_name":"stderr","time":4409.164955795,"data":"sh: 1: Syntax error: word unexpected (expecting \")\")\n"}
,{"stream_name":"stdout","time":4409.165513396,"data":"源域训练开始\n"}
,{"stream_name":"stderr","time":4410.944292415,"data":"/usr/local/lib/python3.12/dist-packages/torch/nn/utils/weight_norm.py:144: FutureWarning: `torch.nn.utils.weight_norm` is deprecated in favor of `torch.nn.utils.parametrizations.weight_norm`.\n"}
,{"stream_name":"stderr","time":4410.944338526,"data":"  WeightNorm.apply(module, name, dim)\n"}
,{"stream_name":"stdout","time":4419.674507216,"data":"轮次:··1/·10 || loss:0.015 || 耗时：8.66s\n"}
,{"stream_name":"stdout","time":4428.481231766,"data":"轮次:··2/·10 || loss:0.004 || 耗时：8.74s\n"}
,{"stream_name":"stdout","time":4437.376692219,"data":"轮次:··3/·10 || loss:0.003 || 耗时：8.83s\n"}
,{"stream_name":"stdout","time":4446.270181431,"data":"轮次:··4/·10 || loss:0.005 || 耗时：8.83s\n"}
,{"stream_name":"stdout","time":4455.120997449,"data":"轮次:··5/·10 || loss:0.002 || 耗时：8.79s\n"}
,{"stream_name":"stdout","time":4455.710186258,"data":"任务: (B2)N15_M07_F10; mix批次:····0; 批次:··330/··660; 总正确率 = 100.00%\n"}
,{"stream_name":"stdout","time":4455.710225949,"data":"类型1 正确率： 100.00% -\u003e 1  100.00%, 2    0.00%, 3    0.00%\n"}
,{"stream_name":"stdout","time":4455.710246091,"data":"类型2 正确率： 100.00% -\u003e 1    0.00%, 2  100.00%, 3    0.00%\n"}
,{"stream_name":"stdout","time":4455.710251808,"data":"类型3 正确率： 100.00% -\u003e 1    0.00%, 2    0.00%, 3  100.00%\n"}
,{"stream_name":"stdout","time":4455.710257181,"data":"\n"}
,{"stream_name":"stdout","time":4455.710262109,"data":"\n"}
,{"stream_name":"stdout","time":4464.500086116,"data":"轮次:··6/·10 || loss:0.001 || 耗时：8.69s\n"}
,{"stream_name":"stdout","time":4473.185426176,"data":"轮次:··7/·10 || loss:0.001 || 耗时：8.62s\n"}
,{"stream_name":"stdout","time":4481.873114617,"data":"轮次:··8/·10 || loss:0.001 || 耗时：8.63s\n"}
,{"stream_name":"stdout","time":4490.551182127,"data":"轮次:··9/·10 || loss:0.010 || 耗时：8.61s\n"}
,{"stream_name":"stdout","time":4499.263089848,"data":"轮次:·10/·10 || loss:0.001 || 耗时：8.65s\n"}
,{"stream_name":"stdout","time":4499.847815568,"data":"任务: (B2)N15_M07_F10; mix批次:····0; 批次:··660/··660; 总正确率 = 100.00%\n"}
,{"stream_name":"stdout","time":4499.847881239,"data":"类型1 正确率： 100.00% -\u003e 1  100.00%, 2    0.00%, 3    0.00%\n"}
,{"stream_name":"stdout","time":4499.847889753,"data":"类型2 正确率： 100.00% -\u003e 1    0.00%, 2  100.00%, 3    0.00%\n"}
,{"stream_name":"stdout","time":4499.847895623,"data":"类型3 正确率： 100.00% -\u003e 1    0.00%, 2    0.00%, 3  100.00%\n"}
,{"stream_name":"stdout","time":4499.847901145,"data":"\n"}
,{"stream_name":"stdout","time":4499.847906087,"data":"\n"}
,{"stream_name":"stdout","time":4501.098632358,"data":"测试集任务: (B2)N15_M07_F10; 总正确率 = 100.00%\n"}
,{"stream_name":"stdout","time":4501.098665088,"data":"类型1 正确率： 100.00% -\u003e 1  100.00%, 2    0.00%, 3    0.00%\n"}
,{"stream_name":"stdout","time":4501.098670706,"data":"类型2 正确率： 100.00% -\u003e 1    0.00%, 2  100.00%, 3    0.00%\n"}
,{"stream_name":"stdout","time":4501.098675036,"data":"类型3 正确率： 100.00% -\u003e 1    0.00%, 2    0.00%, 3  100.00%\n"}
,{"stream_name":"stdout","time":4501.098679142,"data":"\n"}
,{"stream_name":"stdout","time":4501.098682883,"data":"\n"}
,{"stream_name":"stdout","time":4501.109777634,"data":"源域训练结束\n"}
,{"stream_name":"stdout","time":4501.109802931,"data":"\n"}
,{"stream_name":"stdout","time":4501.109806897,"data":"训练好之后，测试目标域\n"}
,{"stream_name":"stdout","time":4501.109810413,"data":"目标域路径：/kaggle/working/shot_k10/S07/sdalr_PU_shot/DATA_foldS07/PU_M1_L3/N15_M01_F10_label.txt\n"}
,{"stream_name":"stderr","time":4501.515745862,"data":"/usr/local/lib/python3.12/dist-packages/torch/nn/utils/weight_norm.py:144: FutureWarning: `torch.nn.utils.weight_norm` is deprecated in favor of `torch.nn.utils.parametrizations.weight_norm`.\n"}
,{"stream_name":"stderr","time":4501.515782068,"data":"  WeightNorm.apply(module, name, dim)\n"}
,{"stream_name":"stdout","time":4502.723075518,"data":"测试目标数据集结果如下：\n"}
,{"stream_name":"stdout","time":4502.723185829,"data":"任务: (B2)N15_M07_F10→(B1)N15_M01_F10, 正确率 = 99.92%\n"}
,{"stream_name":"stdout","time":4502.723209031,"data":"类型1 正确率： 100.00% -\u003e 1  100.00%, 2    0.00%, 3    0.00%\n"}
,{"stream_name":"stdout","time":4502.723213,"data":"类型2 正确率： 100.00% -\u003e 1    0.25%, 2   99.75%, 3    0.00%\n"}
,{"stream_name":"stdout","time":4502.723216067,"data":"类型3 正确率： 100.00% -\u003e 1    0.00%, 2    0.00%, 3  100.00%\n"}
,{"stream_name":"stdout","time":4502.723219038,"data":"\n"}
,{"stream_name":"stdout","time":4502.723501157,"data":"目标域路径：/kaggle/working/shot_k10/S07/sdalr_PU_shot/DATA_foldS07/PU_M1_L3/N15_M07_F04_label.txt\n"}
,{"stream_name":"stderr","time":4503.09732337,"data":"/usr/local/lib/python3.12/dist-packages/torch/nn/utils/weight_norm.py:144: FutureWarning: `torch.nn.utils.weight_norm` is deprecated in favor of `torch.nn.utils.parametrizations.weight_norm`.\n"}
,{"stream_name":"stderr","time":4503.097363699,"data":"  WeightNorm.apply(module, name, dim)\n"}
,{"stream_name":"stdout","time":4504.302617254,"data":"测试目标数据集结果如下：\n"}
,{"stream_name":"stdout","time":4504.302772132,"data":"任务: (B2)N15_M07_F10→(B3)N15_M07_F04, 正确率 = 94.81%\n"}
,{"stream_name":"stdout","time":4504.30277912,"data":"类型1 正确率： 100.00% -\u003e 1  100.00%, 2    0.00%, 3    0.00%\n"}
,{"stream_name":"stdout","time":4504.302783216,"data":"类型2 正确率：  99.00% -\u003e 1    0.00%, 2   99.05%, 3    0.95%\n"}
,{"stream_name":"stdout","time":4504.302786488,"data":"类型3 正确率：  85.00% -\u003e 1    0.00%, 2   14.63%, 3   85.37%\n"}
,{"stream_name":"stdout","time":4504.30279011,"data":"\n"}
,{"stream_name":"stdout","time":4504.303188631,"data":"\n"}
,{"stream_name":"stdout","time":4504.30434867,"data":"\n"}
,{"stream_name":"stdout","time":4504.304363181,"data":"现在开始拿源域训练集：(B3)N15_M07_F04 进行训练\n"}
,{"stream_name":"stdout","time":4504.304367223,"data":"源域读取路径：/kaggle/working/shot_k10/S07/sdalr_PU_shot/DATA_foldS07/PU_M1_L3/N15_M07_F04_label.txt\n"}
,{"stream_name":"stdout","time":4504.304390926,"data":"excel输出位置：/kaggle/working/shot_k10/S07/weight_src_PU_M1_FS07_s2024/NEW_PU/Source-源域\n"}
,{"stream_name":"stdout","time":4504.304394574,"data":"log\u0026pt输出位置：/kaggle/working/shot_k10/S07/weight_src_PU_M1_FS07_s2024/NEW_PU/Source-源域/log\u0026pt/(B3)N15_M07_F04\n"}
,{"stream_name":"stdout","time":4504.304398451,"data":"特征图片输出位置：/kaggle/working/shot_k10/S07/weight_src_PU_M1_FS07_s2024/NEW_PU/Picture-特征图/2026年09月22日05时18分/(B3)N15_M07_F04\n"}
,{"stream_name":"stderr","time":4504.305308914,"data":"sh: 1: Syntax error: word unexpected (expecting \")\")\n"}
,{"stream_name":"stdout","time":4504.305820047,"data":"源域训练开始\n"}
,{"stream_name":"stderr","time":4506.164514682,"data":"/usr/local/lib/python3.12/dist-packages/torch/nn/utils/weight_norm.py:144: FutureWarning: `torch.nn.utils.weight_norm` is deprecated in favor of `torch.nn.utils.parametrizations.weight_norm`.\n"}
,{"stream_name":"stderr","time":4506.164570882,"data":"  WeightNorm.apply(module, name, dim)\n"}
,{"stream_name":"stdout","time":4514.94027565,"data":"轮次:··1/·10 || loss:0.009 || 耗时：8.71s\n"}
,{"stream_name":"stdout","time":4523.713214733,"data":"轮次:··2/·10 || loss:0.008 || 耗时：8.71s\n"}
,{"stream_name":"stdout","time":4532.519212227,"data":"轮次:··3/·10 || loss:0.007 || 耗时：8.74s\n"}
,{"stream_name":"stdout","time":4541.337559305,"data":"轮次:··4/·10 || loss:0.006 || 耗时：8.75s\n"}
,{"stream_name":"stdout","time":4550.10961063,"data":"轮次:··5/·10 || loss:0.001 || 耗时：8.71s\n"}
,{"stream_name":"stdout","time":4550.700779559,"data":"任务: (B3)N15_M07_F04; mix批次:····0; 批次:··330/··660; 总正确率 = 100.00%\n"}
,{"stream_name":"stdout","time":4550.70082615,"data":"类型1 正确率： 100.00% -\u003e 1  100.00%, 2    0.00%, 3    0.00%\n"}
,{"stream_name":"stdout","time":4550.700831044,"data":"类型2 正确率： 100.00% -\u003e 1    0.00%, 2  100.00%, 3    0.00%\n"}
,{"stream_name":"stdout","time":4550.700834264,"data":"类型3 正确率： 100.00% -\u003e 1    0.00%, 2    0.00%, 3  100.00%\n"}
,{"stream_name":"stdout","time":4550.700837336,"data":"\n"}
,{"stream_name":"stdout","time":4550.700840116,"data":"\n"}
,{"stream_name":"stdout","time":4559.472620486,"data":"轮次:··6/·10 || loss:0.001 || 耗时：8.68s\n"}
,{"stream_name":"stdout","time":4568.181897698,"data":"轮次:··7/·10 || loss:0.000 || 耗时：8.65s\n"}
,{"stream_name":"stdout","time":4576.891979022,"data":"轮次:··8/·10 || loss:0.009 || 耗时：8.65s\n"}
,{"stream_name":"stdout","time":4585.599904259,"data":"轮次:··9/·10 || loss:0.008 || 耗时：8.65s\n"}
,{"stream_name":"stdout","time":4594.322262371,"data":"轮次:·10/·10 || loss:0.001 || 耗时：8.66s\n"}
,{"stream_name":"stdout","time":4594.908903935,"data":"任务: (B3)N15_M07_F04; mix批次:····0; 批次:··660/··660; 总正确率 = 100.00%\n"}
,{"stream_name":"stdout","time":4594.90893788,"data":"类型1 正确率： 100.00% -\u003e 1  100.00%, 2    0.00%, 3    0.00%\n"}
,{"stream_name":"stdout","time":4594.908943415,"data":"类型2 正确率： 100.00% -\u003e 1    0.00%, 2  100.00%, 3    0.00%\n"}
,{"stream_name":"stdout","time":4594.908947684,"data":"类型3 正确率： 100.00% -\u003e 1    0.00%, 2    0.00%, 3  100.00%\n"}
,{"stream_name":"stdout","time":4594.908951883,"data":"\n"}
,{"stream_name":"stdout","time":4594.908955661,"data":"\n"}
,{"stream_name":"stdout","time":4596.154771236,"data":"测试集任务: (B3)N15_M07_F04; 总正确率 = 100.00%\n"}
,{"stream_name":"stdout","time":4596.15480441,"data":"类型1 正确率： 100.00% -\u003e 1  100.00%, 2    0.00%, 3    0.00%\n"}
,{"stream_name":"stdout","time":4596.154811173,"data":"类型2 正确率： 100.00% -\u003e 1    0.00%, 2  100.00%, 3    0.00%\n"}
,{"stream_name":"stdout","time":4596.15481673,"data":"类型3 正确率： 100.00% -\u003e 1    0.00%, 2    0.00%, 3  100.00%\n"}
,{"stream_name":"stdout","time":4596.154822208,"data":"\n"}
,{"stream_name":"stdout","time":4596.15482695,"data":"\n"}
,{"stream_name":"stdout","time":4596.165648216,"data":"源域训练结束\n"}
,{"stream_name":"stdout","time":4596.165687904,"data":"\n"}
,{"stream_name":"stdout","time":4596.165694258,"data":"训练好之后，测试目标域\n"}
,{"stream_name":"stdout","time":4596.165699328,"data":"目标域路径：/kaggle/working/shot_k10/S07/sdalr_PU_shot/DATA_foldS07/PU_M1_L3/N15_M01_F10_label.txt\n"}
,{"stream_name":"stderr","time":4596.543684631,"data":"/usr/local/lib/python3.12/dist-packages/torch/nn/utils/weight_norm.py:144: FutureWarning: `torch.nn.utils.weight_norm` is deprecated in favor of `torch.nn.utils.parametrizations.weight_norm`.\n"}
,{"stream_name":"stderr","time":4596.543724559,"data":"  WeightNorm.apply(module, name, dim)\n"}
,{"stream_name":"stdout","time":4597.746674909,"data":"测试目标数据集结果如下：\n"}
,{"stream_name":"stdout","time":4597.746707814,"data":"任务: (B3)N15_M07_F04→(B1)N15_M01_F10, 正确率 = 94.52%\n"}
,{"stream_name":"stdout","time":4597.746713967,"data":"类型1 正确率： 100.00% -\u003e 1  100.00%, 2    0.00%, 3    0.00%\n"}
,{"stream_name":"stdout","time":4597.746719566,"data":"类型2 正确率：  99.00% -\u003e 1    0.00%, 2   99.21%, 3    0.79%\n"}
,{"stream_name":"stdout","time":4597.746724555,"data":"类型3 正确率：  84.00% -\u003e 1    0.00%, 2   15.64%, 3   84.36%\n"}
,{"stream_name":"stdout","time":4597.746746255,"data":"\n"}
,{"stream_name":"stdout","time":4597.747161682,"data":"目标域路径：/kaggle/working/shot_k10/S07/sdalr_PU_shot/DATA_foldS07/PU_M1_L3/N15_M07_F10_label.txt\n"}
,{"stream_name":"stderr","time":4598.116805163,"data":"/usr/local/lib/python3.12/dist-packages/torch/nn/utils/weight_norm.py:144: FutureWarning: `torch.nn.utils.weight_norm` is deprecated in favor of `torch.nn.utils.parametrizations.weight_norm`.\n"}
,{"stream_name":"stderr","time":4598.116843298,"data":"  WeightNorm.apply(module, name, dim)\n"}
,{"stream_name":"stdout","time":4599.316444356,"data":"测试目标数据集结果如下：\n"}
,{"stream_name":"stdout","time":4599.316471266,"data":"任务: (B3)N15_M07_F04→(B2)N15_M07_F10, 正确率 = 96.28%\n"}
,{"stream_name":"stdout","time":4599.316476784,"data":"类型1 正确率： 100.00% -\u003e 1  100.00%, 2    0.00%, 3    0.00%\n"}
,{"stream_name":"stdout","time":4599.316481482,"data":"类型2 正确率：  99.00% -\u003e 1    0.00%, 2   99.49%, 3    0.51%\n"}
,{"stream_name":"stdout","time":4599.31648589,"data":"类型3 正确率：  89.00% -\u003e 1    0.00%, 2   10.65%, 3   89.35%\n"}
,{"stream_name":"stdout","time":4599.317250343,"data":"\n"}
,{"stream_name":"stdout","time":4599.324228095,"data":"[src_pretrain_RES_PU.py --folder_root /kaggle/working/shot_k10/S07/sdalr_PU_shot/DATA_foldS07 --seed 2024 --class_num 3 --data_name PU_M1_L3 --output /kaggle/working/shot_k10/S07/weight_src_PU_M1_FS07_s2024] 286s\n"}
,{"stream_name":"stdout","time":4599.376349231,"data":"读取源域路径：/kaggle/working/shot_k10/S07/weight_PU_M1_shot_FS07toS07_s2024/NEW_PU/Source-源域/log\u0026pt/(B1)N15_M01_F10\n"}
,{"stream_name":"stdout","time":4599.376378979,"data":"excel输出位置：/kaggle/working/shot_k10/S07/weight_PU_M1_shot_FS07toS07_s2024/NEW_PU/Target-目标域\n"}
,{"stream_name":"stdout","time":4599.376423669,"data":"特征图片输出位置：/kaggle/working/shot_k10/S07/weight_PU_M1_shot_FS07toS07_s2024/NEW_PU/Picture-特征图/2026年09月22日05时23分/(B1)N15_M01_F10\n"}
,{"stream_name":"stderr","time":4599.41087698,"data":"/usr/local/lib/python3.12/dist-packages/torch/nn/utils/weight_norm.py:144: FutureWarning: `torch.nn.utils.weight_norm` is deprecated in favor of `torch.nn.utils.parametrizations.weight_norm`.\n"}
,{"stream_name":"stderr","time":4599.410909757,"data":"  WeightNorm.apply(module, name, dim)\n"}
,{"stream_name":"stdout","time":4599.45175989,"data":"现在选取:(B1)N15_M01_F10 进行训练的源模型\n"}
,{"stream_name":"stdout","time":4599.451789455,"data":"现在进行：(B1)N15_M01_F10→(B2)N15_M07_F10 的迁移任务\n"}
,{"stream_name":"stdout","time":4599.451800112,"data":"log\u0026pt输出位置：/kaggle/working/shot_k10/S07/weight_PU_M1_shot_FS07toS07_s2024/NEW_PU/Target-目标域/log\u0026pt/(B1)N15_M01_F10→(B2)N15_M07_F10\n"}
,{"stream_name":"stderr","time":4599.453170509,"data":"sh: 1: Syntax error: word unexpected (expecting \")\")\n"}
,{"stream_name":"stdout","time":4610.364817775,"data":"任务: (B1)N15_M01_F10→(B2)N15_M07_F10; 批次:····0/·1880;  总正确率: 99.28%\n"}
,{"stream_name":"stdout","time":4610.364860327,"data":"类型1 正确率： 100.00% -\u003e 1   99.95%, 2    0.05%, 3    0.00%\n"}
,{"stream_name":"stdout","time":4610.364866201,"data":"类型2 正确率： 100.00% -\u003e 1    0.00%, 2  100.00%, 3    0.00%\n"}
,{"stream_name":"stdout","time":4610.364869697,"data":"类型3 正确率：  98.00% -\u003e 1    0.00%, 2    2.10%, 3   97.90%\n"}
,{"stream_name":"stdout","time":4610.364873079,"data":"\n"}
,{"stream_name":"stdout","time":4610.364876263,"data":"\n"}
,{"stream_name":"stdout","time":4613.612243983,"data":"SHOT pseudo-labels: model 99.28% -\u003e centroid 99.50%\n"}
,{"stream_name":"stdout","time":4626.257836972,"data":"轮次:··1/·20 || cls:1.672 || im:-1.021 || 耗时：21.73s\n"}
,{"stream_name":"stderr","time":4626.257835933,"data":"/kaggle/working/shot_k10/S07/sdalr_PU_shot/tar_adaptation_RES_PU.py:114: UserWarning: Converting a tensor with requires_grad=True to a scalar may lead to unexpected behavior.\n"}
,{"stream_name":"stderr","time":4626.257890878,"data":"Consider using tensor.detach() first. (Triggered internally at /pytorch/torch/csrc/autograd/generated/python_variable_methods.cpp:836.)\n"}
,{"stream_name":"stderr","time":4626.257896664,"data":"  iter_num // epoch_len, args.max_epoch, float(classifier_loss), float(im_loss), time.time() - start))\n"}
,{"stream_name":"stdout","time":4629.575731393,"data":"SHOT pseudo-labels: model 99.73% -\u003e centroid 99.77%\n"}
,{"stream_name":"stdout","time":4642.315945719,"data":"轮次:··2/·20 || cls:2.091 || im:-0.992 || 耗时：16.06s\n"}
,{"stream_name":"stdout","time":4645.580226245,"data":"SHOT pseudo-labels: model 99.47% -\u003e centroid 99.62%\n"}
,{"stream_name":"stdout","time":4658.122585366,"data":"轮次:··3/·20 || cls:1.758 || im:-1.025 || 耗时：15.81s\n"}
,{"stream_name":"stdout","time":4661.396199244,"data":"SHOT pseudo-labels: model 97.67% -\u003e centroid 99.00%\n"}
,{"stream_name":"stdout","time":4673.822088062,"data":"轮次:··4/·20 || cls:1.359 || im:-0.953 || 耗时：15.70s\n"}
,{"stream_name":"stdout","time":4677.058151857,"data":"SHOT pseudo-labels: model 96.67% -\u003e centroid 98.95%\n"}
,{"stream_name":"stdout","time":4689.479866353,"data":"轮次:··5/·20 || cls:1.269 || im:-0.937 || 耗时：15.66s\n"}
,{"stream_name":"stdout","time":4692.72425799,"data":"SHOT pseudo-labels: model 95.90% -\u003e centroid 98.08%\n"}
,{"stream_name":"stdout","time":4705.248366394,"data":"轮次:··6/·20 || cls:1.172 || im:-0.870 || 耗时：15.77s\n"}
,{"stream_name":"stdout","time":4708.492197568,"data":"SHOT pseudo-labels: model 96.45% -\u003e centroid 87.78%\n"}
,{"stream_name":"stdout","time":4721.03974034,"data":"轮次:··7/·20 || cls:0.993 || im:-0.872 || 耗时：15.79s\n"}
,{"stream_name":"stdout","time":4724.297257419,"data":"SHOT pseudo-labels: model 96.78% -\u003e centroid 86.90%\n"}
,{"stream_name":"stdout","time":4736.839274207,"data":"轮次:··8/·20 || cls:1.106 || im:-0.816 || 耗时：15.80s\n"}
,{"stream_name":"stdout","time":4740.06822455,"data":"SHOT pseudo-labels: model 96.58% -\u003e centroid 83.53%\n"}
,{"stream_name":"stdout","time":4752.578806634,"data":"轮次:··9/·20 || cls:0.947 || im:-0.902 || 耗时：15.74s\n"}
,{"stream_name":"stdout","time":4755.820161828,"data":"SHOT pseudo-labels: model 96.93% -\u003e centroid 83.23%\n"}
,{"stream_name":"stdout","time":4768.281825334,"data":"轮次:·10/·20 || cls:0.890 || im:-0.825 || 耗时：15.70s\n"}
,{"stream_name":"stdout","time":4771.541222313,"data":"SHOT pseudo-labels: model 97.28% -\u003e centroid 81.72%\n"}
,{"stream_name":"stdout","time":4784.02115679,"data":"轮次:·11/·20 || cls:0.829 || im:-0.784 || 耗时：15.74s\n"}
,{"stream_name":"stdout","time":4787.267277403,"data":"SHOT pseudo-labels: model 97.28% -\u003e centroid 82.87%\n"}
,{"stream_name":"stdout","time":4799.729850961,"data":"轮次:·12/·20 || cls:1.085 || im:-0.871 || 耗时：15.71s\n"}
,{"stream_name":"stdout","time":4802.981243907,"data":"SHOT pseudo-labels: model 97.32% -\u003e centroid 82.97%\n"}
,{"stream_name":"stdout","time":4815.472529204,"data":"轮次:·13/·20 || cls:0.714 || im:-0.791 || 耗时：15.74s\n"}
,{"stream_name":"stdout","time":4818.702196227,"data":"SHOT pseudo-labels: model 97.85% -\u003e centroid 82.37%\n"}
,{"stream_name":"stdout","time":4831.19983916,"data":"轮次:·14/·20 || cls:0.644 || im:-0.714 || 耗时：15.73s\n"}
,{"stream_name":"stdout","time":4834.436660033,"data":"SHOT pseudo-labels: model 97.83% -\u003e centroid 83.32%\n"}
,{"stream_name":"stdout","time":4846.955494317,"data":"轮次:·15/·20 || cls:0.857 || im:-0.823 || 耗时：15.76s\n"}
,{"stream_name":"stdout","time":4850.193278876,"data":"SHOT pseudo-labels: model 98.12% -\u003e centroid 82.88%\n"}
,{"stream_name":"stdout","time":4862.723268959,"data":"轮次:·16/·20 || cls:0.673 || im:-0.787 || 耗时：15.77s\n"}
,{"stream_name":"stdout","time":4865.974213542,"data":"SHOT pseudo-labels: model 98.42% -\u003e centroid 82.95%\n"}
,{"stream_name":"stdout","time":4878.491949358,"data":"轮次:·17/·20 || cls:0.896 || im:-0.730 || 耗时：15.77s\n"}
,{"stream_name":"stdout","time":4881.752194513,"data":"SHOT pseudo-labels: model 98.52% -\u003e centroid 83.18%\n"}
,{"stream_name":"stdout","time":4894.290775592,"data":"轮次:·18/·20 || cls:0.795 || im:-0.774 || 耗时：15.80s\n"}
,{"stream_name":"stdout","time":4897.536201427,"data":"SHOT pseudo-labels: model 98.53% -\u003e centroid 83.00%\n"}
,{"stream_name":"stdout","time":4910.05191156,"data":"轮次:·19/·20 || cls:0.846 || im:-0.756 || 耗时：15.76s\n"}
,{"stream_name":"stdout","time":4913.313203578,"data":"SHOT pseudo-labels: model 98.50% -\u003e centroid 83.32%\n"}
,{"stream_name":"stdout","time":4925.835360229,"data":"轮次:·20/·20 || cls:0.675 || im:-0.799 || 耗时：15.78s\n"}
,{"stream_name":"stdout","time":4931.728443972,"data":"测试集任务: (B1)N15_M01_F10→(B2)N15_M07_F10; 总正确率 = 98.77%\n"}
,{"stream_name":"stdout","time":4931.728478699,"data":"类型1 正确率： 100.00% -\u003e 1  100.00%, 2    0.00%, 3    0.00%\n"}
,{"stream_name":"stdout","time":4931.728484837,"data":"类型2 正确率： 100.00% -\u003e 1    0.05%, 2   99.85%, 3    0.10%\n"}
,{"stream_name":"stdout","time":4931.728489869,"data":"类型3 正确率：  96.00% -\u003e 1    0.00%, 2    3.55%, 3   96.45%\n"}
,{"stream_name":"stdout","time":4931.728494806,"data":"\n"}
,{"stream_name":"stdout","time":4931.728499108,"data":"\n"}
,{"stream_name":"stdout","time":4931.743453048,"data":"[tar_adaptation_RES_PU.py --folder_root /kaggle/working/shot_k10/S07/sdalr_PU_shot/DATA_foldS07 --seed 2024 --class_num 3 --data_name PU_M1_L3 --output /kaggle/working/shot_k10/S07/weight_PU_M1_shot_FS07toS07_s2024 --s 0 --t 1 --lr 0.0005 --threshold 0.4 --K 0.6] 332s\n"}
,{"stream_name":"stdout","time":4931.779012001,"data":"读取源域路径：/kaggle/working/shot_k10/S07/weight_PU_M1_shot_FS07toS07_s2024/NEW_PU/Source-源域/log\u0026pt/(B1)N15_M01_F10\n"}
,{"stream_name":"stdout","time":4931.779041544,"data":"excel输出位置：/kaggle/working/shot_k10/S07/weight_PU_M1_shot_FS07toS07_s2024/NEW_PU/Target-目标域\n"}
,{"stream_name":"stdout","time":4931.779047549,"data":"特征图片输出位置：/kaggle/working/shot_k10/S07/weight_PU_M1_shot_FS07toS07_s2024/NEW_PU/Picture-特征图/2026年09月22日05时29分/(B1)N15_M01_F10\n"}
,{"stream_name":"stderr","time":4931.820199137,"data":"/usr/local/lib/python3.12/dist-packages/torch/nn/utils/weight_norm.py:144: FutureWarning: `torch.nn.utils.weight_norm` is deprecated in favor of `torch.nn.utils.parametrizations.weight_norm`.\n"}
,{"stream_name":"stderr","time":4931.820231904,"data":"  WeightNorm.apply(module, name, dim)\n"}
,{"stream_name":"stdout","time":4931.859991628,"data":"现在选取:(B1)N15_M01_F10 进行训练的源模型\n"}
,{"stream_name":"stdout","time":4931.860045481,"data":"现在进行：(B1)N15_M01_F10→(B3)N15_M07_F04 的迁移任务\n"}
,{"stream_name":"stdout","time":4931.860052914,"data":"log\u0026pt输出位置：/kaggle/working/shot_k10/S07/weight_PU_M1_shot_FS07toS07_s2024/NEW_PU/Target-目标域/log\u0026pt/(B1)N15_M01_F10→(B3)N15_M07_F04\n"}
,{"stream_name":"stderr","time":4931.861760537,"data":"sh: 1: Syntax error: word unexpected (expecting \")\")\n"}
,{"stream_name":"stdout","time":4942.836096406,"data":"任务: (B1)N15_M01_F10→(B3)N15_M07_F04; 批次:····0/·1880;  总正确率: 92.13%\n"}
,{"stream_name":"stdout","time":4942.836151968,"data":"类型1 正确率： 100.00% -\u003e 1  100.00%, 2    0.00%, 3    0.00%\n"}
,{"stream_name":"stdout","time":4942.836158772,"data":"类型2 正确率：  95.00% -\u003e 1    0.00%, 2   95.45%, 3    4.55%\n"}
,{"stream_name":"stdout","time":4942.836163521,"data":"类型3 正确率：  81.00% -\u003e 1    0.05%, 2   19.00%, 3   80.95%\n"}
,{"stream_name":"stdout","time":4942.836167999,"data":"\n"}
,{"stream_name":"stdout","time":4942.836172574,"data":"\n"}
,{"stream_name":"stdout","time":4946.079187716,"data":"SHOT pseudo-labels: model 92.13% -\u003e centroid 95.88%\n"}
,{"stream_name":"stdout","time":4958.644414508,"data":"轮次:··1/·20 || cls:1.690 || im:-0.961 || 耗时：21.63s\n"}
,{"stream_name":"stdout","time":4961.96416652,"data":"SHOT pseudo-labels: model 91.50% -\u003e centroid 94.55%\n"}
,{"stream_name":"stdout","time":4974.640266501,"data":"轮次:··2/·20 || cls:2.302 || im:-0.933 || 耗时：16.00s\n"}
,{"stream_name":"stdout","time":4977.908230809,"data":"SHOT pseudo-labels: model 89.20% -\u003e centroid 94.27%\n"}
,{"stream_name":"stdout","time":4990.432842013,"data":"轮次:··3/·20 || cls:1.668 || im:-0.919 || 耗时：15.79s\n"}
,{"stream_name":"stdout","time":4993.706219126,"data":"SHOT pseudo-labels: model 88.47% -\u003e centroid 94.83%\n"}
,{"stream_name":"stdout","time":5006.131596679,"data":"轮次:··4/·20 || cls:1.524 || im:-0.901 || 耗时：15.70s\n"}
,{"stream_name":"stdout","time":5009.37626152,"data":"SHOT pseudo-labels: model 86.47% -\u003e centroid 95.02%\n"}
,{"stream_name":"stdout","time":5021.83583276,"data":"轮次:··5/·20 || cls:1.252 || im:-0.869 || 耗时：15.70s\n"}
,{"stream_name":"stdout","time":5025.092319798,"data":"SHOT pseudo-labels: model 88.53% -\u003e centroid 96.68%\n"}
,{"stream_name":"stdout","time":5037.619093413,"data":"轮次:··6/·20 || cls:1.181 || im:-0.921 || 耗时：15.78s\n"}
,{"stream_name":"stdout","time":5040.895661566,"data":"SHOT pseudo-labels: model 89.77% -\u003e centroid 96.30%\n"}
,{"stream_name":"stdout","time":5053.452875603,"data":"轮次:··7/·20 || cls:1.065 || im:-0.892 || 耗时：15.83s\n"}
,{"stream_name":"stdout","time":5056.700224703,"data":"SHOT pseudo-labels: model 89.97% -\u003e centroid 90.00%\n"}
,{"stream_name":"stdout","time":5069.257743529,"data":"轮次:··8/·20 || cls:1.179 || im:-0.835 || 耗时：15.80s\n"}
,{"stream_name":"stdout","time":5072.533217744,"data":"SHOT pseudo-labels: model 91.58% -\u003e centroid 85.38%\n"}
,{"stream_name":"stdout","time":5085.036967006,"data":"轮次:··9/·20 || cls:1.013 || im:-0.878 || 耗时：15.78s\n"}
,{"stream_name":"stdout","time":5088.280231012,"data":"SHOT pseudo-labels: model 93.22% -\u003e centroid 84.47%\n"}
,{"stream_name":"stdout","time":5100.761549812,"data":"轮次:·10/·20 || cls:0.697 || im:-0.858 || 耗时：15.72s\n"}
,{"stream_name":"stdout","time":5104.013241658,"data":"SHOT pseudo-labels: model 93.53% -\u003e centroid 84.62%\n"}
,{"stream_name":"stdout","time":5116.477689052,"data":"轮次:·11/·20 || cls:0.836 || im:-0.744 || 耗时：15.72s\n"}
,{"stream_name":"stdout","time":5119.723203366,"data":"SHOT pseudo-labels: model 94.25% -\u003e centroid 83.92%\n"}
,{"stream_name":"stdout","time":5132.212311736,"data":"轮次:·12/·20 || cls:0.837 || im:-0.869 || 耗时：15.73s\n"}
,{"stream_name":"stdout","time":5135.459295814,"data":"SHOT pseudo-labels: model 93.97% -\u003e centroid 84.18%\n"}
,{"stream_name":"stdout","time":5147.946824478,"data":"轮次:·13/·20 || cls:0.679 || im:-0.766 || 耗时：15.73s\n"}
,{"stream_name":"stdout","time":5151.221666413,"data":"SHOT pseudo-labels: model 94.58% -\u003e centroid 83.88%\n"}
,{"stream_name":"stdout","time":5163.740466102,"data":"轮次:·14/·20 || cls:0.772 || im:-0.683 || 耗时：15.79s\n"}
,{"stream_name":"stdout","time":5166.994239631,"data":"SHOT pseudo-labels: model 94.47% -\u003e centroid 84.07%\n"}
,{"stream_name":"stdout","time":5179.490843968,"data":"轮次:·15/·20 || cls:0.705 || im:-0.774 || 耗时：15.75s\n"}
,{"stream_name":"stdout","time":5182.75944361,"data":"SHOT pseudo-labels: model 95.02% -\u003e centroid 83.72%\n"}
,{"stream_name":"stdout","time":5195.283109839,"data":"轮次:·16/·20 || cls:0.614 || im:-0.762 || 耗时：15.79s\n"}
,{"stream_name":"stdout","time":5198.543228755,"data":"SHOT pseudo-labels: model 94.85% -\u003e centroid 83.90%\n"}
,{"stream_name":"stdout","time":5211.06351746,"data":"轮次:·17/·20 || cls:0.836 || im:-0.747 || 耗时：15.78s\n"}
,{"stream_name":"stdout","time":5214.314262048,"data":"SHOT pseudo-labels: model 94.80% -\u003e centroid 84.02%\n"}
,{"stream_name":"stdout","time":5226.844525529,"data":"轮次:·18/·20 || cls:0.845 || im:-0.797 || 耗时：15.78s\n"}
,{"stream_name":"stdout","time":5230.104230831,"data":"SHOT pseudo-labels: model 94.83% -\u003e centroid 83.95%\n"}
,{"stream_name":"stdout","time":5242.641331656,"data":"轮次:·19/·20 || cls:0.874 || im:-0.723 || 耗时：15.80s\n"}
,{"stream_name":"stdout","time":5245.89623662,"data":"SHOT pseudo-labels: model 94.80% -\u003e centroid 84.05%\n"}
,{"stream_name":"stdout","time":5258.43370834,"data":"轮次:·20/·20 || cls:0.485 || im:-0.747 || 耗时：15.79s\n"}
,{"stream_name":"stdout","time":5264.31965556,"data":"测试集任务: (B1)N15_M01_F10→(B3)N15_M07_F04; 总正确率 = 95.20%\n"}
,{"stream_name":"stdout","time":5264.319706422,"data":"类型1 正确率： 100.00% -\u003e 1  100.00%, 2    0.00%, 3    0.00%\n"}
,{"stream_name":"stdout","time":5264.319720004,"data":"类型2 正确率：  90.00% -\u003e 1    0.00%, 2   89.50%, 3   10.50%\n"}
,{"stream_name":"stdout","time":5264.319742458,"data":"类型3 正确率：  96.00% -\u003e 1    0.10%, 2    3.80%, 3   96.10%\n"}
,{"stream_name":"stdout","time":5264.319753641,"data":"\n"}
,{"stream_name":"stdout","time":5264.319757195,"data":"\n"}
,{"stream_name":"stdout","time":5264.342213172,"data":"[tar_adaptation_RES_PU.py --folder_root /kaggle/working/shot_k10/S07/sdalr_PU_shot/DATA_foldS07 --seed 2024 --class_num 3 --data_name PU_M1_L3 --output /kaggle/working/shot_k10/S07/weight_PU_M1_shot_FS07toS07_s2024 --s 0 --t 2 --lr 0.0005 --threshold 0.4 --K 0.6] 333s\n"}
,{"stream_name":"stdout","time":5264.378202576,"data":"读取源域路径：/kaggle/working/shot_k10/S07/weight_PU_M1_shot_FS07toS07_s2024/NEW_PU/Source-源域/log\u0026pt/(B2)N15_M07_F10\n"}
,{"stream_name":"stdout","time":5264.378233858,"data":"excel输出位置：/kaggle/working/shot_k10/S07/weight_PU_M1_shot_FS07toS07_s2024/NEW_PU/Target-目标域\n"}
,{"stream_name":"stdout","time":5264.378243348,"data":"特征图片输出位置：/kaggle/working/shot_k10/S07/weight_PU_M1_shot_FS07toS07_s2024/NEW_PU/Picture-特征图/2026年09月22日05时34分/(B2)N15_M07_F10\n"}
,{"stream_name":"stderr","time":5264.413625262,"data":"/usr/local/lib/python3.12/dist-packages/torch/nn/utils/weight_norm.py:144: FutureWarning: `torch.nn.utils.weight_norm` is deprecated in favor of `torch.nn.utils.parametrizations.weight_norm`.\n"}
,{"stream_name":"stderr","time":5264.413663613,"data":"  WeightNorm.apply(module, name, dim)\n"}
,{"stream_name":"stdout","time":5264.453106956,"data":"现在选取:(B2)N15_M07_F10 进行训练的源模型\n"}
,{"stream_name":"stdout","time":5264.453193854,"data":"现在进行：(B2)N15_M07_F10→(B1)N15_M01_F10 的迁移任务\n"}
,{"stream_name":"stdout","time":5264.453202803,"data":"log\u0026pt输出位置：/kaggle/working/shot_k10/S07/weight_PU_M1_shot_FS07toS07_s2024/NEW_PU/Target-目标域/log\u0026pt/(B2)N15_M07_F10→(B1)N15_M01_F10\n"}
,{"stream_name":"stderr","time":5264.454608498,"data":"sh: 1: Syntax error: word unexpected (expecting \")\")\n"}
,{"stream_name":"stdout","time":5275.481395642,"data":"任务: (B2)N15_M07_F10→(B1)N15_M01_F10; 批次:····0/·1880;  总正确率: 99.95%\n"}
,{"stream_name":"stdout","time":5275.481429333,"data":"类型1 正确率： 100.00% -\u003e 1  100.00%, 2    0.00%, 3    0.00%\n"}
,{"stream_name":"stdout","time":5275.481435933,"data":"类型2 正确率： 100.00% -\u003e 1    0.15%, 2   99.85%, 3    0.00%\n"}
,{"stream_name":"stdout","time":5275.48145688,"data":"类型3 正确率： 100.00% -\u003e 1    0.00%, 2    0.00%, 3  100.00%\n"}
,{"stream_name":"stdout","time":5275.481460818,"data":"\n"}
,{"stream_name":"stdout","time":5275.48146473,"data":"\n"}
,{"stream_name":"stdout","time":5278.723217201,"data":"SHOT pseudo-labels: model 99.95% -\u003e centroid 99.95%\n"}
,{"stream_name":"stdout","time":5291.307730648,"data":"轮次:··1/·20 || cls:1.439 || im:-1.006 || 耗时：21.66s\n"}
,{"stream_name":"stdout","time":5294.58915576,"data":"SHOT pseudo-labels: model 98.30% -\u003e centroid 99.97%\n"}
,{"stream_name":"stdout","time":5307.28322166,"data":"轮次:··2/·20 || cls:1.686 || im:-0.893 || 耗时：15.98s\n"}
,{"stream_name":"stdout","time":5310.565207343,"data":"SHOT pseudo-labels: model 94.82% -\u003e centroid 99.80%\n"}
,{"stream_name":"stdout","time":5323.096960885,"data":"轮次:··3/·20 || cls:1.182 || im:-0.821 || 耗时：15.81s\n"}
,{"stream_name":"stdout","time":5326.35736515,"data":"SHOT pseudo-labels: model 95.18% -\u003e centroid 87.97%\n"}
,{"stream_name":"stdout","time":5338.779144303,"data":"轮次:··4/·20 || cls:0.895 || im:-0.816 || 耗时：15.68s\n"}
,{"stream_name":"stdout","time":5342.041237111,"data":"SHOT pseudo-labels: model 93.82% -\u003e centroid 87.62%\n"}
,{"stream_name":"stdout","time":5354.486810601,"data":"轮次:··5/·20 || cls:0.752 || im:-0.759 || 耗时：15.71s\n"}
,{"stream_name":"stdout","time":5357.719186018,"data":"SHOT pseudo-labels: model 94.77% -\u003e centroid 87.23%\n"}
,{"stream_name":"stdout","time":5370.215516469,"data":"轮次:··6/·20 || cls:0.741 || im:-0.754 || 耗时：15.73s\n"}
,{"stream_name":"stdout","time":5373.477222104,"data":"SHOT pseudo-labels: model 94.37% -\u003e centroid 86.87%\n"}
,{"stream_name":"stdout","time":5386.006518153,"data":"轮次:··7/·20 || cls:0.802 || im:-0.725 || 耗时：15.79s\n"}
,{"stream_name":"stdout","time":5389.253258654,"data":"SHOT pseudo-labels: model 94.15% -\u003e centroid 86.40%\n"}
,{"stream_name":"stdout","time":5401.789290535,"data":"轮次:··8/·20 || cls:0.771 || im:-0.727 || 耗时：15.78s\n"}
,{"stream_name":"stdout","time":5405.032626646,"data":"SHOT pseudo-labels: model 96.25% -\u003e centroid 86.35%\n"}
,{"stream_name":"stdout","time":5417.55236167,"data":"轮次:··9/·20 || cls:0.834 || im:-0.830 || 耗时：15.76s\n"}
,{"stream_name":"stdout","time":5420.766214346,"data":"SHOT pseudo-labels: model 97.75% -\u003e centroid 85.83%\n"}
,{"stream_name":"stdout","time":5433.250269791,"data":"轮次:·10/·20 || cls:0.575 || im:-0.704 || 耗时：15.70s\n"}
,{"stream_name":"stdout","time":5436.499196153,"data":"SHOT pseudo-labels: model 98.12% -\u003e centroid 85.63%\n"}
,{"stream_name":"stdout","time":5448.967462447,"data":"轮次:·11/·20 || cls:0.721 || im:-0.674 || 耗时：15.72s\n"}
,{"stream_name":"stdout","time":5452.192828533,"data":"SHOT pseudo-labels: model 98.47% -\u003e centroid 85.72%\n"}
,{"stream_name":"stdout","time":5464.659043468,"data":"轮次:·12/·20 || cls:0.832 || im:-0.773 || 耗时：15.69s\n"}
,{"stream_name":"stdout","time":5467.893197217,"data":"SHOT pseudo-labels: model 98.82% -\u003e centroid 85.60%\n"}
,{"stream_name":"stdout","time":5480.357223887,"data":"轮次:·13/·20 || cls:0.758 || im:-0.801 || 耗时：15.70s\n"}
,{"stream_name":"stdout","time":5483.605249518,"data":"SHOT pseudo-labels: model 99.52% -\u003e centroid 85.37%\n"}
,{"stream_name":"stdout","time":5496.064837341,"data":"轮次:·14/·20 || cls:0.719 || im:-0.650 || 耗时：15.71s\n"}
,{"stream_name":"stdout","time":5499.286243317,"data":"SHOT pseudo-labels: model 99.68% -\u003e centroid 85.77%\n"}
,{"stream_name":"stdout","time":5511.771213382,"data":"轮次:·15/·20 || cls:0.824 || im:-0.766 || 耗时：15.71s\n"}
,{"stream_name":"stdout","time":5514.999168856,"data":"SHOT pseudo-labels: model 99.70% -\u003e centroid 85.37%\n"}
,{"stream_name":"stdout","time":5527.465209212,"data":"轮次:·16/·20 || cls:0.677 || im:-0.739 || 耗时：15.69s\n"}
,{"stream_name":"stdout","time":5530.702197452,"data":"SHOT pseudo-labels: model 99.75% -\u003e centroid 85.57%\n"}
,{"stream_name":"stdout","time":5543.197865215,"data":"轮次:·17/·20 || cls:0.838 || im:-0.766 || 耗时：15.73s\n"}
,{"stream_name":"stdout","time":5546.44122821,"data":"SHOT pseudo-labels: model 99.83% -\u003e centroid 85.55%\n"}
,{"stream_name":"stdout","time":5558.916813948,"data":"轮次:·18/·20 || cls:0.855 || im:-0.787 || 耗时：15.72s\n"}
,{"stream_name":"stdout","time":5562.155166068,"data":"SHOT pseudo-labels: model 99.85% -\u003e centroid 85.12%\n"}
,{"stream_name":"stdout","time":5574.638285703,"data":"轮次:·19/·20 || cls:0.871 || im:-0.732 || 耗时：15.72s\n"}
,{"stream_name":"stdout","time":5577.862186,"data":"SHOT pseudo-labels: model 99.80% -\u003e centroid 85.63%\n"}
,{"stream_name":"stdout","time":5590.359116306,"data":"轮次:·20/·20 || cls:0.493 || im:-0.770 || 耗时：15.72s\n"}
,{"stream_name":"stdout","time":5596.199688617,"data":"测试集任务: (B2)N15_M07_F10→(B1)N15_M01_F10; 总正确率 = 99.90%\n"}
,{"stream_name":"stdout","time":5596.199735079,"data":"类型1 正确率： 100.00% -\u003e 1   99.90%, 2    0.10%, 3    0.00%\n"}
,{"stream_name":"stdout","time":5596.199747812,"data":"类型2 正确率： 100.00% -\u003e 1    0.05%, 2   99.95%, 3    0.00%\n"}
,{"stream_name":"stdout","time":5596.199753855,"data":"类型3 正确率： 100.00% -\u003e 1    0.05%, 2    0.10%, 3   99.85%\n"}
,{"stream_name":"stdout","time":5596.199759551,"data":"\n"}
,{"stream_name":"stdout","time":5596.199765081,"data":"\n"}
,{"stream_name":"stdout","time":5596.222187661,"data":"[tar_adaptation_RES_PU.py --folder_root /kaggle/working/shot_k10/S07/sdalr_PU_shot/DATA_foldS07 --seed 2024 --class_num 3 --data_name PU_M1_L3 --output /kaggle/working/shot_k10/S07/weight_PU_M1_shot_FS07toS07_s2024 --s 1 --t 0 --lr 0.0005 --threshold 0.4 --K 0.6] 332s\n"}
,{"stream_name":"stdout","time":5596.251335203,"data":"读取源域路径：/kaggle/working/shot_k10/S07/weight_PU_M1_shot_FS07toS07_s2024/NEW_PU/Source-源域/log\u0026pt/(B2)N15_M07_F10\n"}
,{"stream_name":"stdout","time":5596.251372077,"data":"excel输出位置：/kaggle/working/shot_k10/S07/weight_PU_M1_shot_FS07toS07_s2024/NEW_PU/Target-目标域\n"}
,{"stream_name":"stdout","time":5596.251378016,"data":"特征图片输出位置：/kaggle/working/shot_k10/S07/weight_PU_M1_shot_FS07toS07_s2024/NEW_PU/Picture-特征图/2026年09月22日05时40分/(B2)N15_M07_F10\n"}
,{"stream_name":"stderr","time":5596.284994769,"data":"/usr/local/lib/python3.12/dist-packages/torch/nn/utils/weight_norm.py:144: FutureWarning: `torch.nn.utils.weight_norm` is deprecated in favor of `torch.nn.utils.parametrizations.weight_norm`.\n"}
,{"stream_name":"stderr","time":5596.285045061,"data":"  WeightNorm.apply(module, name, dim)\n"}
,{"stream_name":"stdout","time":5596.323345214,"data":"现在选取:(B2)N15_M07_F10 进行训练的源模型\n"}
,{"stream_name":"stdout","time":5596.323400577,"data":"现在进行：(B2)N15_M07_F10→(B3)N15_M07_F04 的迁移任务\n"}
,{"stream_name":"stdout","time":5596.323406974,"data":"log\u0026pt输出位置：/kaggle/working/shot_k10/S07/weight_PU_M1_shot_FS07toS07_s2024/NEW_PU/Target-目标域/log\u0026pt/(B2)N15_M07_F10→(B3)N15_M07_F04\n"}
,{"stream_name":"stderr","time":5596.324704997,"data":"sh: 1: Syntax error: word unexpected (expecting \")\")\n"}
,{"stream_name":"stdout","time":5607.235248631,"data":"任务: (B2)N15_M07_F10→(B3)N15_M07_F04; 批次:····0/·1880;  总正确率: 94.97%\n"}
,{"stream_name":"stdout","time":5607.235292231,"data":"类型1 正确率： 100.00% -\u003e 1  100.00%, 2    0.00%, 3    0.00%\n"}
,{"stream_name":"stdout","time":5607.235298497,"data":"类型2 正确率：  99.00% -\u003e 1    0.00%, 2   98.95%, 3    1.05%\n"}
,{"stream_name":"stdout","time":5607.235320541,"data":"类型3 正确率：  86.00% -\u003e 1    0.00%, 2   14.05%, 3   85.95%\n"}
,{"stream_name":"stdout","time":5607.235326301,"data":"\n"}
,{"stream_name":"stdout","time":5607.235330762,"data":"\n"}
,{"stream_name":"stdout","time":5610.450188836,"data":"SHOT pseudo-labels: model 94.97% -\u003e centroid 96.98%\n"}
,{"stream_name":"stdout","time":5623.028193132,"data":"轮次:··1/·20 || cls:1.322 || im:-0.973 || 耗时：21.62s\n"}
,{"stream_name":"stdout","time":5626.337341715,"data":"SHOT pseudo-labels: model 93.17% -\u003e centroid 97.28%\n"}
,{"stream_name":"stdout","time":5639.065315096,"data":"轮次:··2/·20 || cls:1.735 || im:-0.911 || 耗时：16.04s\n"}
,{"stream_name":"stdout","time":5642.341737015,"data":"SHOT pseudo-labels: model 93.62% -\u003e centroid 96.15%\n"}
,{"stream_name":"stdout","time":5654.897358028,"data":"轮次:··3/·20 || cls:1.161 || im:-0.789 || 耗时：15.83s\n"}
,{"stream_name":"stdout","time":5658.101219852,"data":"SHOT pseudo-labels: model 91.62% -\u003e centroid 83.82%\n"}
,{"stream_name":"stdout","time":5670.520298771,"data":"轮次:··4/·20 || cls:0.848 || im:-0.839 || 耗时：15.62s\n"}
,{"stream_name":"stdout","time":5673.746257129,"data":"SHOT pseudo-labels: model 92.13% -\u003e centroid 83.20%\n"}
,{"stream_name":"stdout","time":5686.176201777,"data":"轮次:··5/·20 || cls:0.721 || im:-0.730 || 耗时：15.66s\n"}
,{"stream_name":"stdout","time":5689.427213925,"data":"SHOT pseudo-labels: model 93.32% -\u003e centroid 82.63%\n"}
,{"stream_name":"stdout","time":5701.918994827,"data":"轮次:··6/·20 || cls:0.792 || im:-0.813 || 耗时：15.74s\n"}
,{"stream_name":"stdout","time":5705.163240144,"data":"SHOT pseudo-labels: model 93.47% -\u003e centroid 82.47%\n"}
,{"stream_name":"stdout","time":5717.696249908,"data":"轮次:··7/·20 || cls:0.827 || im:-0.803 || 耗时：15.78s\n"}
,{"stream_name":"stdout","time":5720.918557844,"data":"SHOT pseudo-labels: model 93.52% -\u003e centroid 82.40%\n"}
,{"stream_name":"stdout","time":5733.490311663,"data":"轮次:··8/·20 || cls:0.833 || im:-0.717 || 耗时：15.79s\n"}
,{"stream_name":"stdout","time":5736.709204733,"data":"SHOT pseudo-labels: model 94.90% -\u003e centroid 82.93%\n"}
,{"stream_name":"stdout","time":5749.236542563,"data":"轮次:··9/·20 || cls:0.730 || im:-0.787 || 耗时：15.75s\n"}
,{"stream_name":"stdout","time":5752.475283439,"data":"SHOT pseudo-labels: model 95.22% -\u003e centroid 82.62%\n"}
,{"stream_name":"stdout","time":5764.963535526,"data":"轮次:·10/·20 || cls:0.705 || im:-0.701 || 耗时：15.73s\n"}
,{"stream_name":"stdout","time":5768.17429172,"data":"SHOT pseudo-labels: model 95.42% -\u003e centroid 83.22%\n"}
,{"stream_name":"stdout","time":5780.639152198,"data":"轮次:·11/·20 || cls:0.776 || im:-0.664 || 耗时：15.68s\n"}
,{"stream_name":"stdout","time":5783.858221779,"data":"SHOT pseudo-labels: model 95.08% -\u003e centroid 82.05%\n"}
,{"stream_name":"stdout","time":5796.340033386,"data":"轮次:·12/·20 || cls:0.785 || im:-0.764 || 耗时：15.70s\n"}
,{"stream_name":"stdout","time":5799.552205976,"data":"SHOT pseudo-labels: model 95.03% -\u003e centroid 82.37%\n"}
,{"stream_name":"stdout","time":5812.016059765,"data":"轮次:·13/·20 || cls:0.635 || im:-0.740 || 耗时：15.68s\n"}
,{"stream_name":"stdout","time":5815.217163534,"data":"SHOT pseudo-labels: model 95.63% -\u003e centroid 82.60%\n"}
,{"stream_name":"stdout","time":5827.686726024,"data":"轮次:·14/·20 || cls:0.698 || im:-0.676 || 耗时：15.67s\n"}
,{"stream_name":"stdout","time":5830.889062268,"data":"SHOT pseudo-labels: model 95.70% -\u003e centroid 82.77%\n"}
,{"stream_name":"stdout","time":5843.344584544,"data":"轮次:·15/·20 || cls:0.790 || im:-0.750 || 耗时：15.66s\n"}
,{"stream_name":"stdout","time":5846.558176981,"data":"SHOT pseudo-labels: model 95.80% -\u003e centroid 82.05%\n"}
,{"stream_name":"stdout","time":5859.033218004,"data":"轮次:·16/·20 || cls:0.634 || im:-0.730 || 耗时：15.69s\n"}
,{"stream_name":"stdout","time":5862.261262844,"data":"SHOT pseudo-labels: model 95.87% -\u003e centroid 82.57%\n"}
,{"stream_name":"stdout","time":5874.724529127,"data":"轮次:·17/·20 || cls:0.808 || im:-0.733 || 耗时：15.69s\n"}
,{"stream_name":"stdout","time":5877.941206494,"data":"SHOT pseudo-labels: model 96.07% -\u003e centroid 82.72%\n"}
,{"stream_name":"stdout","time":5890.410004208,"data":"轮次:·18/·20 || cls:0.842 || im:-0.808 || 耗时：15.69s\n"}
,{"stream_name":"stdout","time":5893.674226763,"data":"SHOT pseudo-labels: model 96.13% -\u003e centroid 82.83%\n"}
,{"stream_name":"stdout","time":5906.163825728,"data":"轮次:·19/·20 || cls:0.833 || im:-0.701 || 耗时：15.75s\n"}
,{"stream_name":"stdout","time":5909.391198606,"data":"SHOT pseudo-labels: model 96.13% -\u003e centroid 82.77%\n"}
,{"stream_name":"stdout","time":5921.865108093,"data":"轮次:·20/·20 || cls:0.594 || im:-0.771 || 耗时：15.70s\n"}
,{"stream_name":"stdout","time":5927.696777716,"data":"测试集任务: (B2)N15_M07_F10→(B3)N15_M07_F04; 总正确率 = 96.07%\n"}
,{"stream_name":"stdout","time":5927.696820451,"data":"类型1 正确率： 100.00% -\u003e 1   99.95%, 2    0.05%, 3    0.00%\n"}
,{"stream_name":"stdout","time":5927.69682558,"data":"类型2 正确率：  89.00% -\u003e 1    0.20%, 2   88.95%, 3   10.85%\n"}
,{"stream_name":"stdout","time":5927.696828914,"data":"类型3 正确率：  99.00% -\u003e 1    0.00%, 2    0.70%, 3   99.30%\n"}
,{"stream_name":"stdout","time":5927.696832064,"data":"\n"}
,{"stream_name":"stdout","time":5927.696834975,"data":"\n"}
,{"stream_name":"stdout","time":5927.715997713,"data":"[tar_adaptation_RES_PU.py --folder_root /kaggle/working/shot_k10/S07/sdalr_PU_shot/DATA_foldS07 --seed 2024 --class_num 3 --data_name PU_M1_L3 --output /kaggle/working/shot_k10/S07/weight_PU_M1_shot_FS07toS07_s2024 --s 1 --t 2 --lr 0.0005 --threshold 0.4 --K 0.6] 331s\n"}
,{"stream_name":"stdout","time":5927.757031131,"data":"读取源域路径：/kaggle/working/shot_k10/S07/weight_PU_M1_shot_FS07toS07_s2024/NEW_PU/Source-源域/log\u0026pt/(B3)N15_M07_F04\n"}
,{"stream_name":"stdout","time":5927.757061476,"data":"excel输出位置：/kaggle/working/shot_k10/S07/weight_PU_M1_shot_FS07toS07_s2024/NEW_PU/Target-目标域\n"}
,{"stream_name":"stdout","time":5927.757087655,"data":"特征图片输出位置：/kaggle/working/shot_k10/S07/weight_PU_M1_shot_FS07toS07_s2024/NEW_PU/Picture-特征图/2026年09月22日05时45分/(B3)N15_M07_F04\n"}
,{"stream_name":"stderr","time":5927.790857348,"data":"/usr/local/lib/python3.12/dist-packages/torch/nn/utils/weight_norm.py:144: FutureWarning: `torch.nn.utils.weight_norm` is deprecated in favor of `torch.nn.utils.parametrizations.weight_norm`.\n"}
,{"stream_name":"stderr","time":5927.790885854,"data":"  WeightNorm.apply(module, name, dim)\n"}
,{"stream_name":"stdout","time":5927.826894768,"data":"现在选取:(B3)N15_M07_F04 进行训练的源模型\n"}
,{"stream_name":"stdout","time":5927.826926103,"data":"现在进行：(B3)N15_M07_F04→(B1)N15_M01_F10 的迁移任务\n"}
,{"stream_name":"stdout","time":5927.826930855,"data":"log\u0026pt输出位置：/kaggle/working/shot_k10/S07/weight_PU_M1_shot_FS07toS07_s2024/NEW_PU/Target-目标域/log\u0026pt/(B3)N15_M07_F04→(B1)N15_M01_F10\n"}
,{"stream_name":"stderr","time":5927.828324745,"data":"sh: 1: Syntax error: word unexpected (expecting \")\")\n"}
,{"stream_name":"stdout","time":5938.737152607,"data":"任务: (B3)N15_M07_F04→(B1)N15_M01_F10; 批次:····0/·1880;  总正确率: 94.73%\n"}
,{"stream_name":"stdout","time":5938.737198785,"data":"类型1 正确率： 100.00% -\u003e 1  100.00%, 2    0.00%, 3    0.00%\n"}
,{"stream_name":"stdout","time":5938.73720422,"data":"类型2 正确率：  99.00% -\u003e 1    0.05%, 2   99.45%, 3    0.50%\n"}
,{"stream_name":"stdout","time":5938.73720759,"data":"类型3 正确率：  85.00% -\u003e 1    0.00%, 2   15.25%, 3   84.75%\n"}
,{"stream_name":"stdout","time":5938.737210814,"data":"\n"}
,{"stream_name":"stdout","time":5938.737213844,"data":"\n"}
,{"stream_name":"stdout","time":5941.975212459,"data":"SHOT pseudo-labels: model 94.73% -\u003e centroid 97.13%\n"}
,{"stream_name":"stdout","time":5954.566600872,"data":"轮次:··1/·20 || cls:1.292 || im:-0.896 || 耗时：21.67s\n"}
,{"stream_name":"stdout","time":5957.843255428,"data":"SHOT pseudo-labels: model 94.27% -\u003e centroid 97.77%\n"}
,{"stream_name":"stdout","time":5970.559658532,"data":"轮次:··2/·20 || cls:1.470 || im:-0.830 || 耗时：15.99s\n"}
,{"stream_name":"stdout","time":5973.834100409,"data":"SHOT pseudo-labels: model 89.02% -\u003e centroid 85.82%\n"}
,{"stream_name":"stdout","time":5986.375776032,"data":"轮次:··3/·20 || cls:1.081 || im:-0.799 || 耗时：15.82s\n"}
,{"stream_name":"stdout","time":5989.59624048,"data":"SHOT pseudo-labels: model 92.52% -\u003e centroid 87.43%\n"}
,{"stream_name":"stdout","time":6002.028461507,"data":"轮次:··4/·20 || cls:0.873 || im:-0.813 || 耗时：15.65s\n"}
,{"stream_name":"stdout","time":6005.242717012,"data":"SHOT pseudo-labels: model 93.93% -\u003e centroid 87.72%\n"}
,{"stream_name":"stdout","time":6017.676551572,"data":"轮次:··5/·20 || cls:0.875 || im:-0.794 || 耗时：15.65s\n"}
,{"stream_name":"stdout","time":6020.881956535,"data":"SHOT pseudo-labels: model 93.75% -\u003e centroid 87.80%\n"}
,{"stream_name":"stdout","time":6033.373755974,"data":"轮次:··6/·20 || cls:0.674 || im:-0.778 || 耗时：15.70s\n"}
,{"stream_name":"stdout","time":6036.600195697,"data":"SHOT pseudo-labels: model 95.33% -\u003e centroid 87.37%\n"}
,{"stream_name":"stdout","time":6049.152196629,"data":"轮次:··7/·20 || cls:0.753 || im:-0.720 || 耗时：15.78s\n"}
,{"stream_name":"stdout","time":6052.46124658,"data":"SHOT pseudo-labels: model 95.30% -\u003e centroid 86.95%\n"}
,{"stream_name":"stdout","time":6064.987461612,"data":"轮次:··8/·20 || cls:0.833 || im:-0.807 || 耗时：15.84s\n"}
,{"stream_name":"stdout","time":6068.234177737,"data":"SHOT pseudo-labels: model 95.57% -\u003e centroid 87.47%\n"}
,{"stream_name":"stdout","time":6080.755526093,"data":"轮次:··9/·20 || cls:0.740 || im:-0.746 || 耗时：15.77s\n"}
,{"stream_name":"stdout","time":6083.977235255,"data":"SHOT pseudo-labels: model 96.48% -\u003e centroid 86.88%\n"}
,{"stream_name":"stdout","time":6096.453476791,"data":"轮次:·10/·20 || cls:0.650 || im:-0.787 || 耗时：15.70s\n"}
,{"stream_name":"stdout","time":6099.673223424,"data":"SHOT pseudo-labels: model 96.73% -\u003e centroid 87.25%\n"}
,{"stream_name":"stdout","time":6112.133314679,"data":"轮次:·11/·20 || cls:0.679 || im:-0.685 || 耗时：15.68s\n"}
,{"stream_name":"stdout","time":6115.35921075,"data":"SHOT pseudo-labels: model 96.68% -\u003e centroid 86.75%\n"}
,{"stream_name":"stdout","time":6127.823987706,"data":"轮次:·12/·20 || cls:0.829 || im:-0.755 || 耗时：15.69s\n"}
,{"stream_name":"stdout","time":6131.054074998,"data":"SHOT pseudo-labels: model 96.73% -\u003e centroid 86.93%\n"}
,{"stream_name":"stdout","time":6143.542436665,"data":"轮次:·13/·20 || cls:0.698 || im:-0.734 || 耗时：15.72s\n"}
,{"stream_name":"stdout","time":6146.785327039,"data":"SHOT pseudo-labels: model 97.50% -\u003e centroid 86.60%\n"}
,{"stream_name":"stdout","time":6159.296385565,"data":"轮次:·14/·20 || cls:0.778 || im:-0.669 || 耗时：15.75s\n"}
,{"stream_name":"stdout","time":6162.527162923,"data":"SHOT pseudo-labels: model 97.72% -\u003e centroid 87.13%\n"}
,{"stream_name":"stdout","time":6175.056818935,"data":"轮次:·15/·20 || cls:0.750 || im:-0.742 || 耗时：15.76s\n"}
,{"stream_name":"stdout","time":6178.295292122,"data":"SHOT pseudo-labels: model 97.90% -\u003e centroid 86.42%\n"}
,{"stream_name":"stdout","time":6190.820335242,"data":"轮次:·16/·20 || cls:0.595 || im:-0.743 || 耗时：15.76s\n"}
,{"stream_name":"stdout","time":6194.046307954,"data":"SHOT pseudo-labels: model 97.90% -\u003e centroid 86.73%\n"}
,{"stream_name":"stdout","time":6206.589896551,"data":"轮次:·17/·20 || cls:0.816 || im:-0.706 || 耗时：15.77s\n"}
,{"stream_name":"stdout","time":6209.841163309,"data":"SHOT pseudo-labels: model 97.90% -\u003e centroid 87.00%\n"}
,{"stream_name":"stdout","time":6222.38181388,"data":"轮次:·18/·20 || cls:0.766 || im:-0.731 || 耗时：15.79s\n"}
,{"stream_name":"stdout","time":6225.63921176,"data":"SHOT pseudo-labels: model 97.92% -\u003e centroid 86.73%\n"}
,{"stream_name":"stdout","time":6238.195181178,"data":"轮次:·19/·20 || cls:0.889 || im:-0.740 || 耗时：15.81s\n"}
,{"stream_name":"stdout","time":6241.45923929,"data":"SHOT pseudo-labels: model 98.03% -\u003e centroid 87.23%\n"}
,{"stream_name":"stdout","time":6254.00121496,"data":"轮次:·20/·20 || cls:0.589 || im:-0.758 || 耗时：15.81s\n"}
,{"stream_name":"stdout","time":6259.876592985,"data":"测试集任务: (B3)N15_M07_F04→(B1)N15_M01_F10; 总正确率 = 98.38%\n"}
,{"stream_name":"stdout","time":6259.876641373,"data":"类型1 正确率： 100.00% -\u003e 1  100.00%, 2    0.00%, 3    0.00%\n"}
,{"stream_name":"stdout","time":6259.876649239,"data":"类型2 正确率：  99.00% -\u003e 1    0.15%, 2   99.45%, 3    0.40%\n"}
,{"stream_name":"stdout","time":6259.876666293,"data":"类型3 正确率：  96.00% -\u003e 1    0.35%, 2    3.95%, 3   95.70%\n"}
,{"stream_name":"stdout","time":6259.876671638,"data":"\n"}
,{"stream_name":"stdout","time":6259.876676619,"data":"\n"}
,{"stream_name":"stdout","time":6259.896638762,"data":"[tar_adaptation_RES_PU.py --folder_root /kaggle/working/shot_k10/S07/sdalr_PU_shot/DATA_foldS07 --seed 2024 --class_num 3 --data_name PU_M1_L3 --output /kaggle/working/shot_k10/S07/weight_PU_M1_shot_FS07toS07_s2024 --s 2 --t 0 --lr 0.0005 --threshold 0.4 --K 0.6] 332s\n"}
,{"stream_name":"stdout","time":6259.930618895,"data":"读取源域路径：/kaggle/working/shot_k10/S07/weight_PU_M1_shot_FS07toS07_s2024/NEW_PU/Source-源域/log\u0026pt/(B3)N15_M07_F04\n"}
,{"stream_name":"stdout","time":6259.930645893,"data":"excel输出位置：/kaggle/working/shot_k10/S07/weight_PU_M1_shot_FS07toS07_s2024/NEW_PU/Target-目标域\n"}
,{"stream_name":"stdout","time":6259.930656056,"data":"特征图片输出位置：/kaggle/working/shot_k10/S07/weight_PU_M1_shot_FS07toS07_s2024/NEW_PU/Picture-特征图/2026年09月22日05时51分/(B3)N15_M07_F04\n"}
,{"stream_name":"stderr","time":6259.964741352,"data":"/usr/local/lib/python3.12/dist-packages/torch/nn/utils/weight_norm.py:144: FutureWarning: `torch.nn.utils.weight_norm` is deprecated in favor of `torch.nn.utils.parametrizations.weight_norm`.\n"}
,{"stream_name":"stderr","time":6259.964785477,"data":"  WeightNorm.apply(module, name, dim)\n"}
,{"stream_name":"stdout","time":6260.003919082,"data":"现在选取:(B3)N15_M07_F04 进行训练的源模型\n"}
,{"stream_name":"stdout","time":6260.003951172,"data":"现在进行：(B3)N15_M07_F04→(B2)N15_M07_F10 的迁移任务\n"}
,{"stream_name":"stdout","time":6260.003958344,"data":"log\u0026pt输出位置：/kaggle/working/shot_k10/S07/weight_PU_M1_shot_FS07toS07_s2024/NEW_PU/Target-目标域/log\u0026pt/(B3)N15_M07_F04→(B2)N15_M07_F10\n"}
,{"stream_name":"stderr","time":6260.005588385,"data":"sh: 1: Syntax error: word unexpected (expecting \")\")\n"}
,{"stream_name":"stdout","time":6270.943163436,"data":"任务: (B3)N15_M07_F04→(B2)N15_M07_F10; 批次:····0/·1880;  总正确率: 96.10%\n"}
,{"stream_name":"stdout","time":6270.943202296,"data":"类型1 正确率： 100.00% -\u003e 1   99.90%, 2    0.10%, 3    0.00%\n"}
,{"stream_name":"stdout","time":6270.943209469,"data":"类型2 正确率： 100.00% -\u003e 1    0.00%, 2   99.75%, 3    0.25%\n"}
,{"stream_name":"stdout","time":6270.943214657,"data":"类型3 正确率：  89.00% -\u003e 1    0.00%, 2   11.35%, 3   88.65%\n"}
,{"stream_name":"stdout","time":6270.943219812,"data":"\n"}
,{"stream_name":"stdout","time":6270.943224445,"data":"\n"}
,{"stream_name":"stdout","time":6274.20718282,"data":"SHOT pseudo-labels: model 96.10% -\u003e centroid 97.32%\n"}
,{"stream_name":"stdout","time":6286.785792543,"data":"轮次:··1/·20 || cls:1.357 || im:-0.884 || 耗时：21.68s\n"}
,{"stream_name":"stdout","time":6290.085215066,"data":"SHOT pseudo-labels: model 93.97% -\u003e centroid 96.20%\n"}
,{"stream_name":"stdout","time":6302.772576786,"data":"轮次:··2/·20 || cls:1.562 || im:-0.858 || 耗时：15.99s\n"}
,{"stream_name":"stdout","time":6306.038220122,"data":"SHOT pseudo-labels: model 88.17% -\u003e centroid 84.78%\n"}
,{"stream_name":"stdout","time":6318.549468547,"data":"轮次:··3/·20 || cls:1.218 || im:-0.819 || 耗时：15.78s\n"}
,{"stream_name":"stdout","time":6321.780256404,"data":"SHOT pseudo-labels: model 88.92% -\u003e centroid 86.25%\n"}
,{"stream_name":"stdout","time":6334.196342807,"data":"轮次:··4/·20 || cls:0.995 || im:-0.794 || 耗时：15.65s\n"}
,{"stream_name":"stdout","time":6337.418206791,"data":"SHOT pseudo-labels: model 91.45% -\u003e centroid 87.58%\n"}
,{"stream_name":"stdout","time":6349.857098316,"data":"轮次:··5/·20 || cls:0.906 || im:-0.788 || 耗时：15.66s\n"}
,{"stream_name":"stdout","time":6353.099191809,"data":"SHOT pseudo-labels: model 92.82% -\u003e centroid 87.40%\n"}
,{"stream_name":"stdout","time":6365.600521964,"data":"轮次:··6/·20 || cls:0.661 || im:-0.737 || 耗时：15.74s\n"}
,{"stream_name":"stdout","time":6368.815163826,"data":"SHOT pseudo-labels: model 92.75% -\u003e centroid 86.43%\n"}
,{"stream_name":"stdout","time":6381.331549584,"data":"轮次:··7/·20 || cls:0.677 || im:-0.767 || 耗时：15.73s\n"}
,{"stream_name":"stdout","time":6384.579231151,"data":"SHOT pseudo-labels: model 93.48% -\u003e centroid 85.47%\n"}
,{"stream_name":"stdout","time":6397.111814021,"data":"轮次:··8/·20 || cls:0.842 || im:-0.756 || 耗时：15.78s\n"}
,{"stream_name":"stdout","time":6400.33726046,"data":"SHOT pseudo-labels: model 93.37% -\u003e centroid 86.40%\n"}
,{"stream_name":"stdout","time":6412.861224679,"data":"轮次:··9/·20 || cls:0.701 || im:-0.742 || 耗时：15.75s\n"}
,{"stream_name":"stdout","time":6416.103175973,"data":"SHOT pseudo-labels: model 94.60% -\u003e centroid 85.70%\n"}
,{"stream_name":"stdout","time":6428.613517114,"data":"轮次:·10/·20 || cls:0.785 || im:-0.757 || 耗时：15.75s\n"}
,{"stream_name":"stdout","time":6431.841202938,"data":"SHOT pseudo-labels: model 94.32% -\u003e centroid 86.15%\n"}
,{"stream_name":"stdout","time":6444.333673877,"data":"轮次:·11/·20 || cls:0.681 || im:-0.657 || 耗时：15.72s\n"}
,{"stream_name":"stdout","time":6447.531205538,"data":"SHOT pseudo-labels: model 94.78% -\u003e centroid 85.35%\n"}
,{"stream_name":"stdout","time":6460.025359116,"data":"轮次:·12/·20 || cls:0.774 || im:-0.702 || 耗时：15.69s\n"}
,{"stream_name":"stdout","time":6463.237198232,"data":"SHOT pseudo-labels: model 94.70% -\u003e centroid 85.43%\n"}
,{"stream_name":"stdout","time":6475.702403286,"data":"轮次:·13/·20 || cls:0.664 || im:-0.760 || 耗时：15.68s\n"}
,{"stream_name":"stdout","time":6478.938263852,"data":"SHOT pseudo-labels: model 95.10% -\u003e centroid 85.15%\n"}
,{"stream_name":"stdout","time":6491.394221549,"data":"轮次:·14/·20 || cls:0.604 || im:-0.636 || 耗时：15.69s\n"}
,{"stream_name":"stdout","time":6494.616220962,"data":"SHOT pseudo-labels: model 95.10% -\u003e centroid 85.63%\n"}
,{"stream_name":"stdout","time":6507.086108706,"data":"轮次:·15/·20 || cls:0.770 || im:-0.725 || 耗时：15.69s\n"}
,{"stream_name":"stdout","time":6510.294283457,"data":"SHOT pseudo-labels: model 95.72% -\u003e centroid 85.12%\n"}
,{"stream_name":"stdout","time":6522.760576566,"data":"轮次:·16/·20 || cls:0.665 || im:-0.746 || 耗时：15.67s\n"}
,{"stream_name":"stdout","time":6525.991188759,"data":"SHOT pseudo-labels: model 95.72% -\u003e centroid 85.13%\n"}
,{"stream_name":"stdout","time":6538.470062039,"data":"轮次:·17/·20 || cls:0.772 || im:-0.692 || 耗时：15.71s\n"}
,{"stream_name":"stdout","time":6541.690281842,"data":"SHOT pseudo-labels: model 95.72% -\u003e centroid 85.30%\n"}
,{"stream_name":"stdout","time":6554.147453094,"data":"轮次:·18/·20 || cls:0.723 || im:-0.708 || 耗时：15.68s\n"}
,{"stream_name":"stdout","time":6557.356194541,"data":"SHOT pseudo-labels: model 95.78% -\u003e centroid 85.47%\n"}
,{"stream_name":"stdout","time":6569.798872597,"data":"轮次:·19/·20 || cls:0.855 || im:-0.730 || 耗时：15.65s\n"}
,{"stream_name":"stdout","time":6573.040202343,"data":"SHOT pseudo-labels: model 96.02% -\u003e centroid 85.75%\n"}
,{"stream_name":"stdout","time":6585.495793222,"data":"轮次:·20/·20 || cls:0.596 || im:-0.728 || 耗时：15.70s\n"}
,{"stream_name":"stdout","time":6591.340938143,"data":"测试集任务: (B3)N15_M07_F04→(B2)N15_M07_F10; 总正确率 = 97.07%\n"}
,{"stream_name":"stdout","time":6591.340980522,"data":"类型1 正确率： 100.00% -\u003e 1   99.95%, 2    0.00%, 3    0.05%\n"}
,{"stream_name":"stdout","time":6591.342251988,"data":"类型2 正确率：  98.00% -\u003e 1    0.05%, 2   98.35%, 3    1.60%\n"}
,{"stream_name":"stdout","time":6591.342274645,"data":"类型3 正确率：  93.00% -\u003e 1    1.20%, 2    5.90%, 3   92.90%\n"}
,{"stream_name":"stdout","time":6591.342281654,"data":"\n"}
,{"stream_name":"stdout","time":6591.342299545,"data":"\n"}
,{"stream_name":"stdout","time":6591.363650694,"data":"[tar_adaptation_RES_PU.py --folder_root /kaggle/working/shot_k10/S07/sdalr_PU_shot/DATA_foldS07 --seed 2024 --class_num 3 --data_name PU_M1_L3 --output /kaggle/working/shot_k10/S07/weight_PU_M1_shot_FS07toS07_s2024 --s 2 --t 1 --lr 0.0005 --threshold 0.4 --K 0.6] 331s\n"}
,{"stream_name":"stdout","time":6591.381667187,"data":"{\n"}
,{"stream_name":"stdout","time":6591.381703018,"data":"  \"dataset\": \"PU_M1\",\n"}
,{"stream_name":"stdout","time":6591.381707418,"data":"  \"variant\": \"shot\",\n"}
,{"stream_name":"stdout","time":6591.381711176,"data":"  \"seed\": 2024,\n"}
,{"stream_name":"stdout","time":6591.381715066,"data":"  \"smoke\": false,\n"}
,{"stream_name":"stdout","time":6591.381718723,"data":"  \"src_fold\": \"S07\",\n"}
,{"stream_name":"stdout","time":6591.381722526,"data":"  \"tgt_fold\": \"S07\",\n"}
,{"stream_name":"stdout","time":6591.381726066,"data":"  \"leaky\": true,\n"}
,{"stream_name":"stdout","time":6591.381730072,"data":"  \"hyperparameters\": {\n"}
,{"stream_name":"stdout","time":6591.381734199,"data":"    \"lr\": \"0.0005\",\n"}
,{"stream_name":"stdout","time":6591.381738631,"data":"    \"threshold\": \"0.4\",\n"}
,{"stream_name":"stdout","time":6591.381742558,"data":"    \"K\": \"0.6\"\n"}
,{"stream_name":"stdout","time":6591.381746128,"data":"  },\n"}
,{"stream_name":"stdout","time":6591.38174986,"data":"  \"adapters\": [\n"}
,{"stream_name":"stdout","time":6591.38175342,"data":"    \"npz_io\",\n"}
,{"stream_name":"stdout","time":6591.381757066,"data":"    \"tsne_stub\",\n"}
,{"stream_name":"stdout","time":6591.381760971,"data":"    \"shot_patch\"\n"}
,{"stream_name":"stdout","time":6591.38176466,"data":"  ],\n"}
,{"stream_name":"stdout","time":6591.381768148,"data":"  \"source_only\": {\n"}
,{"stream_name":"stdout","time":6591.381772284,"data":"    \"A1-\u003eA3\": 99.19,\n"}
,{"stream_name":"stdout","time":6591.381776645,"data":"    \"A1-\u003eA2\": 92.17,\n"}
,{"stream_name":"stdout","time":6591.381780538,"data":"    \"A3-\u003eA1\": 99.92,\n"}
,{"stream_name":"stdout","time":6591.38178413,"data":"    \"A3-\u003eA2\": 94.81,\n"}
,{"stream_name":"stdout","time":6591.381787912,"data":"    \"A2-\u003eA1\": 94.52,\n"}
,{"stream_name":"stdout","time":6591.381791066,"data":"    \"A2-\u003eA3\": 96.28\n"}
,{"stream_name":"stdout","time":6591.381795084,"data":"  },\n"}
,{"stream_name":"stdout","time":6591.38179904,"data":"  \"adapted\": {\n"}
,{"stream_name":"stdout","time":6591.381802278,"data":"    \"A1-\u003eA3\": 98.77,\n"}
,{"stream_name":"stdout","time":6591.381806091,"data":"    \"A1-\u003eA2\": 95.2,\n"}
,{"stream_name":"stdout","time":6591.381809825,"data":"    \"A3-\u003eA1\": 99.9,\n"}
,{"stream_name":"stdout","time":6591.38181355,"data":"    \"A3-\u003eA2\": 96.07,\n"}
,{"stream_name":"stdout","time":6591.381817611,"data":"    \"A2-\u003eA1\": 98.38,\n"}
,{"stream_name":"stdout","time":6591.381821098,"data":"    \"A2-\u003eA3\": 97.07\n"}
,{"stream_name":"stdout","time":6591.381825072,"data":"  },\n"}
,{"stream_name":"stdout","time":6591.381828198,"data":"  \"seconds\": {\n"}
,{"stream_name":"stdout","time":6591.381831383,"data":"    \"pretrain\": 286,\n"}
,{"stream_name":"stdout","time":6591.381835012,"data":"    \"A1-\u003eA3\": 332,\n"}
,{"stream_name":"stdout","time":6591.38183841,"data":"    \"A1-\u003eA2\": 333,\n"}
,{"stream_name":"stdout","time":6591.38184189,"data":"    \"A3-\u003eA1\": 332,\n"}
,{"stream_name":"stdout","time":6591.381845416,"data":"    \"A3-\u003eA2\": 331,\n"}
,{"stream_name":"stdout","time":6591.381860183,"data":"    \"A2-\u003eA1\": 332,\n"}
,{"stream_name":"stdout","time":6591.381863833,"data":"    \"A2-\u003eA3\": 331\n"}
,{"stream_name":"stdout","time":6591.381867346,"data":"  },\n"}
,{"stream_name":"stdout","time":6591.381870602,"data":"  \"gate_log\": {\n"}
,{"stream_name":"stdout","time":6591.381874218,"data":"    \"A1-\u003eA3\": [],\n"}
,{"stream_name":"stdout","time":6591.381877578,"data":"    \"A1-\u003eA2\": [],\n"}
,{"stream_name":"stdout","time":6591.381880998,"data":"    \"A3-\u003eA1\": [],\n"}
,{"stream_name":"stdout","time":6591.381884604,"data":"    \"A3-\u003eA2\": [],\n"}
,{"stream_name":"stdout","time":6591.381888406,"data":"    \"A2-\u003eA1\": [],\n"}
,{"stream_name":"stdout","time":6591.3818917,"data":"    \"A2-\u003eA3\": []\n"}
,{"stream_name":"stdout","time":6591.381895362,"data":"  },\n"}
,{"stream_name":"stdout","time":6591.381898554,"data":"  \"gate\": \"none\"\n"}
,{"stream_name":"stdout","time":6591.381901873,"data":"}\n"}
,{"stream_name":"stdout","time":6592.61086537,"data":"RUN /usr/bin/python3 -u /kaggle/input/datasets/rhrhrhrhrh/physgate-m0-code/sdalr_runner.py --sdalr /kaggle/input/datasets/rhrhrhrhrh/physgate-m0-code --m0 /kaggle/input/datasets/rhrhrhrhrh/physgate-k10-g3 --dataset PU_M1 --src-fold S07 --tgt-fold S07c --variant shot --work /kaggle/working/shot_k10/S07 --seed 2024 --skip-pretrain\n"}
,{"stream_name":"stdout","time":6599.606813096,"data":"读取源域路径：/kaggle/working/shot_k10/S07/weight_PU_M1_shot_FS07toS07c_s2024/NEW_PU/Source-源域/log\u0026pt/(B1)N15_M01_F10\n"}
,{"stream_name":"stdout","time":6599.606847146,"data":"excel输出位置：/kaggle/working/shot_k10/S07/weight_PU_M1_shot_FS07toS07c_s2024/NEW_PU/Target-目标域\n"}
,{"stream_name":"stdout","time":6599.607367644,"data":"特征图片输出位置：/kaggle/working/shot_k10/S07/weight_PU_M1_shot_FS07toS07c_s2024/NEW_PU/Picture-特征图/2026年09月22日05时56分/(B1)N15_M01_F10\n"}
,{"stream_name":"stderr","time":6599.957613515,"data":"/usr/local/lib/python3.12/dist-packages/torch/nn/utils/weight_norm.py:144: FutureWarning: `torch.nn.utils.weight_norm` is deprecated in favor of `torch.nn.utils.parametrizations.weight_norm`.\n"}
,{"stream_name":"stderr","time":6599.957649656,"data":"  WeightNorm.apply(module, name, dim)\n"}
,{"stream_name":"stdout","time":6600.0045793,"data":"现在选取:(B1)N15_M01_F10 进行训练的源模型\n"}
,{"stream_name":"stdout","time":6600.004610201,"data":"现在进行：(B1)N15_M01_F10→(B2)N15_M07_F10 的迁移任务\n"}
,{"stream_name":"stdout","time":6600.004614853,"data":"log\u0026pt输出位置：/kaggle/working/shot_k10/S07/weight_PU_M1_shot_FS07toS07c_s2024/NEW_PU/Target-目标域/log\u0026pt/(B1)N15_M01_F10→(B2)N15_M07_F10\n"}
,{"stream_name":"stderr","time":6600.005913454,"data":"sh: 1: Syntax error: word unexpected (expecting \")\")\n"}
,{"stream_name":"stdout","time":6611.257843403,"data":"任务: (B1)N15_M01_F10→(B2)N15_M07_F10; 批次:····0/·1880;  总正确率: 61.28%\n"}
,{"stream_name":"stdout","time":6611.257879732,"data":"类型1 正确率：  90.00% -\u003e 1   90.50%, 2    6.45%, 3    3.05%\n"}
,{"stream_name":"stdout","time":6611.257887817,"data":"类型2 正确率：  93.00% -\u003e 1    0.00%, 2   93.35%, 3    6.65%\n"}
,{"stream_name":"stdout","time":6611.25789052,"data":"类型3 正确率：   0.00% -\u003e 1    0.00%, 2  100.00%, 3    0.00%\n"}
,{"stream_name":"stdout","time":6611.25789308,"data":"\n"}
,{"stream_name":"stdout","time":6611.257895339,"data":"\n"}
,{"stream_name":"stdout","time":6614.539227508,"data":"SHOT pseudo-labels: model 61.28% -\u003e centroid 58.75%\n"}
,{"stream_name":"stderr","time":6627.365192247,"data":"/kaggle/working/shot_k10/S07/sdalr_PU_shot/tar_adaptation_RES_PU.py:114: UserWarning: Converting a tensor with requires_grad=True to a scalar may lead to unexpected behavior.\n"}
,{"stream_name":"stderr","time":6627.365294436,"data":"Consider using tensor.detach() first. (Triggered internally at /pytorch/torch/csrc/autograd/generated/python_variable_methods.cpp:836.)\n"}
,{"stream_name":"stderr","time":6627.365301061,"data":"  iter_num // epoch_len, args.max_epoch, float(classifier_loss), float(im_loss), time.time() - start))\n"}
,{"stream_name":"stdout","time":6627.365209902,"data":"轮次:··1/·20 || cls:1.643 || im:-0.881 || 耗时：22.19s\n"}
,{"stream_name":"stdout","time":6630.717233221,"data":"SHOT pseudo-labels: model 52.40% -\u003e centroid 58.50%\n"}
,{"stream_name":"stdout","time":6644.017085212,"data":"轮次:··2/·20 || cls:1.551 || im:-0.889 || 耗时：16.65s\n"}
,{"stream_name":"stdout","time":6647.335176392,"data":"SHOT pseudo-labels: model 53.40% -\u003e centroid 58.97%\n"}
,{"stream_name":"stdout","time":6660.016449872,"data":"轮次:··3/·20 || cls:0.958 || im:-0.876 || 耗时：16.00s\n"}
,{"stream_name":"stdout","time":6663.276201201,"data":"SHOT pseudo-labels: model 54.68% -\u003e centroid 60.63%\n"}
,{"stream_name":"stdout","time":6675.596191463,"data":"轮次:··4/·20 || cls:1.183 || im:-0.815 || 耗时：15.58s\n"}
,{"stream_name":"stdout","time":6678.782267192,"data":"SHOT pseudo-labels: model 55.57% -\u003e centroid 60.90%\n"}
,{"stream_name":"stdout","time":6691.062538157,"data":"轮次:··5/·20 || cls:0.879 || im:-0.832 || 耗时：15.47s\n"}
,{"stream_name":"stdout","time":6694.267237479,"data":"SHOT pseudo-labels: model 56.38% -\u003e centroid 61.58%\n"}
,{"stream_name":"stdout","time":6706.698640633,"data":"轮次:··6/·20 || cls:0.676 || im:-0.742 || 耗时：15.64s\n"}
,{"stream_name":"stdout","time":6709.917244958,"data":"SHOT pseudo-labels: model 57.53% -\u003e centroid 63.30%\n"}
,{"stream_name":"stdout","time":6722.552572374,"data":"轮次:··7/·20 || cls:1.148 || im:-0.787 || 耗时：15.85s\n"}
,{"stream_name":"stdout","time":6725.792260326,"data":"SHOT pseudo-labels: model 58.28% -\u003e centroid 63.87%\n"}
,{"stream_name":"stdout","time":6738.444394614,"data":"轮次:··8/·20 || cls:1.014 || im:-0.735 || 耗时：15.89s\n"}
,{"stream_name":"stdout","time":6741.713300552,"data":"SHOT pseudo-labels: model 58.97% -\u003e centroid 65.27%\n"}
,{"stream_name":"stdout","time":6754.264319501,"data":"轮次:··9/·20 || cls:0.770 || im:-0.696 || 耗时：15.82s\n"}
,{"stream_name":"stdout","time":6757.51022777,"data":"SHOT pseudo-labels: model 59.80% -\u003e centroid 66.80%\n"}
,{"stream_name":"stdout","time":6769.98362384,"data":"轮次:·10/·20 || cls:0.754 || im:-0.708 || 耗时：15.72s\n"}
,{"stream_name":"stdout","time":6773.226229444,"data":"SHOT pseudo-labels: model 61.33% -\u003e centroid 66.43%\n"}
,{"stream_name":"stdout","time":6785.694332341,"data":"轮次:·11/·20 || cls:0.905 || im:-0.757 || 耗时：15.71s\n"}
,{"stream_name":"stdout","time":6788.931228312,"data":"SHOT pseudo-labels: model 61.22% -\u003e centroid 66.17%\n"}
,{"stream_name":"stdout","time":6801.451853089,"data":"轮次:·12/·20 || cls:0.990 || im:-0.642 || 耗时：15.76s\n"}
,{"stream_name":"stdout","time":6804.67521289,"data":"SHOT pseudo-labels: model 61.42% -\u003e centroid 66.35%\n"}
,{"stream_name":"stdout","time":6817.205280346,"data":"轮次:·13/·20 || cls:0.973 || im:-0.752 || 耗时：15.75s\n"}
,{"stream_name":"stdout","time":6820.45022681,"data":"SHOT pseudo-labels: model 62.32% -\u003e centroid 67.32%\n"}
,{"stream_name":"stdout","time":6833.021589191,"data":"轮次:·14/·20 || cls:0.860 || im:-0.650 || 耗时：15.82s\n"}
,{"stream_name":"stdout","time":6836.270397457,"data":"SHOT pseudo-labels: model 62.65% -\u003e centroid 67.40%\n"}
,{"stream_name":"stdout","time":6848.804226595,"data":"轮次:·15/·20 || cls:0.946 || im:-0.726 || 耗时：15.78s\n"}
,{"stream_name":"stdout","time":6852.015060468,"data":"SHOT pseudo-labels: model 63.05% -\u003e centroid 67.32%\n"}
,{"stream_name":"stdout","time":6864.542190062,"data":"轮次:·16/·20 || cls:0.969 || im:-0.789 || 耗时：15.74s\n"}
,{"stream_name":"stdout","time":6867.787221427,"data":"SHOT pseudo-labels: model 63.18% -\u003e centroid 67.13%\n"}
,{"stream_name":"stdout","time":6880.318388944,"data":"轮次:·17/·20 || cls:0.854 || im:-0.712 || 耗时：15.78s\n"}
,{"stream_name":"stdout","time":6883.574178309,"data":"SHOT pseudo-labels: model 62.95% -\u003e centroid 67.50%\n"}
,{"stream_name":"stdout","time":6896.082860781,"data":"轮次:·18/·20 || cls:0.993 || im:-0.712 || 耗时：15.76s\n"}
,{"stream_name":"stdout","time":6899.309277447,"data":"SHOT pseudo-labels: model 63.30% -\u003e centroid 66.62%\n"}
,{"stream_name":"stdout","time":6911.819332792,"data":"轮次:·19/·20 || cls:0.875 || im:-0.747 || 耗时：15.74s\n"}
,{"stream_name":"stdout","time":6915.062558341,"data":"SHOT pseudo-labels: model 63.38% -\u003e centroid 67.43%\n"}
,{"stream_name":"stdout","time":6927.558538852,"data":"轮次:·20/·20 || cls:0.659 || im:-0.743 || 耗时：15.74s\n"}
,{"stream_name":"stdout","time":6933.430648725,"data":"测试集任务: (B1)N15_M01_F10→(B2)N15_M07_F10; 总正确率 = 63.53%\n"}
,{"stream_name":"stdout","time":6933.43069189,"data":"类型1 正确率： 100.00% -\u003e 1   99.50%, 2    0.00%, 3    0.50%\n"}
,{"stream_name":"stdout","time":6933.430697348,"data":"类型2 正确率：  44.00% -\u003e 1    0.00%, 2   44.10%, 3   55.90%\n"}
,{"stream_name":"stdout","time":6933.430700829,"data":"类型3 正确率：  47.00% -\u003e 1    0.00%, 2   53.00%, 3   47.00%\n"}
,{"stream_name":"stdout","time":6933.430704054,"data":"\n"}
,{"stream_name":"stdout","time":6933.43070717,"data":"\n"}
,{"stream_name":"stdout","time":6933.450376302,"data":"[tar_adaptation_RES_PU.py --folder_root /kaggle/working/shot_k10/S07/sdalr_PU_shot/DATA_foldS07c --seed 2024 --class_num 3 --data_name PU_M1_L3 --output /kaggle/working/shot_k10/S07/weight_PU_M1_shot_FS07toS07c_s2024 --s 0 --t 1 --lr 0.0005 --threshold 0.4 --K 0.6] 334s\n"}
,{"stream_name":"stdout","time":6933.503878242,"data":"读取源域路径：/kaggle/working/shot_k10/S07/weight_PU_M1_shot_FS07toS07c_s2024/NEW_PU/Source-源域/log\u0026pt/(B1)N15_M01_F10\n"}
,{"stream_name":"stdout","time":6933.503926824,"data":"excel输出位置：/kaggle/working/shot_k10/S07/weight_PU_M1_shot_FS07toS07c_s2024/NEW_PU/Target-目标域\n"}
,{"stream_name":"stdout","time":6933.504001108,"data":"特征图片输出位置：/kaggle/working/shot_k10/S07/weight_PU_M1_shot_FS07toS07c_s2024/NEW_PU/Picture-特征图/2026年09月22日06时02分/(B1)N15_M01_F10\n"}
,{"stream_name":"stderr","time":6933.538831797,"data":"/usr/local/lib/python3.12/dist-packages/torch/nn/utils/weight_norm.py:144: FutureWarning: `torch.nn.utils.weight_norm` is deprecated in favor of `torch.nn.utils.parametrizations.weight_norm`.\n"}
,{"stream_name":"stderr","time":6933.538876842,"data":"  WeightNorm.apply(module, name, dim)\n"}
,{"stream_name":"stdout","time":6933.578589829,"data":"现在选取:(B1)N15_M01_F10 进行训练的源模型\n"}
,{"stream_name":"stdout","time":6933.57862531,"data":"现在进行：(B1)N15_M01_F10→(B3)N15_M07_F04 的迁移任务\n"}
,{"stream_name":"stdout","time":6933.578631733,"data":"log\u0026pt输出位置：/kaggle/working/shot_k10/S07/weight_PU_M1_shot_FS07toS07c_s2024/NEW_PU/Target-目标域/log\u0026pt/(B1)N15_M01_F10→(B3)N15_M07_F04\n"}
,{"stream_name":"stderr","time":6933.579970566,"data":"sh: 1: Syntax error: word unexpected (expecting \")\")\n"}
,{"stream_name":"stdout","time":6944.442440353,"data":"任务: (B1)N15_M01_F10→(B3)N15_M07_F04; 批次:····0/·1880;  总正确率: 60.65%\n"}
,{"stream_name":"stdout","time":6944.442493476,"data":"类型1 正确率：  98.00% -\u003e 1   97.85%, 2    1.20%, 3    0.95%\n"}
,{"stream_name":"stdout","time":6944.442500243,"data":"类型2 正确率：  83.00% -\u003e 1    0.00%, 2   82.60%, 3   17.40%\n"}
,{"stream_name":"stdout","time":6944.442504035,"data":"类型3 正确率：   2.00% -\u003e 1    3.45%, 2   95.05%, 3    1.50%\n"}
,{"stream_name":"stdout","time":6944.442508387,"data":"\n"}
,{"stream_name":"stdout","time":6944.442512051,"data":"\n"}
,{"stream_name":"stdout","time":6947.66729638,"data":"SHOT pseudo-labels: model 60.65% -\u003e centroid 63.02%\n"}
,{"stream_name":"stdout","time":6960.245594837,"data":"轮次:··1/·20 || cls:1.814 || im:-0.895 || 耗时：21.62s\n"}
,{"stream_name":"stdout","time":6963.532218703,"data":"SHOT pseudo-labels: model 46.80% -\u003e centroid 48.62%\n"}
,{"stream_name":"stdout","time":6976.277233668,"data":"轮次:··2/·20 || cls:1.577 || im:-0.854 || 耗时：16.03s\n"}
,{"stream_name":"stdout","time":6979.516541228,"data":"SHOT pseudo-labels: model 45.48% -\u003e centroid 44.32%\n"}
,{"stream_name":"stdout","time":6992.065171132,"data":"轮次:··3/·20 || cls:1.208 || im:-0.886 || 耗时：15.79s\n"}
,{"stream_name":"stdout","time":6995.29122837,"data":"SHOT pseudo-labels: model 42.75% -\u003e centroid 42.83%\n"}
,{"stream_name":"stdout","time":7007.716189762,"data":"轮次:··4/·20 || cls:1.274 || im:-0.921 || 耗时：15.65s\n"}
,{"stream_name":"stdout","time":7010.951232696,"data":"SHOT pseudo-labels: model 41.52% -\u003e centroid 42.87%\n"}
,{"stream_name":"stdout","time":7023.392264765,"data":"轮次:··5/·20 || cls:1.276 || im:-0.831 || 耗时：15.68s\n"}
,{"stream_name":"stdout","time":7026.615205396,"data":"SHOT pseudo-labels: model 42.18% -\u003e centroid 42.07%\n"}
,{"stream_name":"stdout","time":7039.140477287,"data":"轮次:··6/·20 || cls:0.876 || im:-0.728 || 耗时：15.75s\n"}
,{"stream_name":"stdout","time":7042.390276703,"data":"SHOT pseudo-labels: model 41.70% -\u003e centroid 42.23%\n"}
,{"stream_name":"stdout","time":7054.968366912,"data":"轮次:··7/·20 || cls:1.288 || im:-0.775 || 耗时：15.83s\n"}
,{"stream_name":"stdout","time":7058.192231473,"data":"SHOT pseudo-labels: model 41.80% -\u003e centroid 41.47%\n"}
,{"stream_name":"stdout","time":7070.740002645,"data":"轮次:··8/·20 || cls:1.016 || im:-0.778 || 耗时：15.77s\n"}
,{"stream_name":"stdout","time":7073.966215709,"data":"SHOT pseudo-labels: model 41.72% -\u003e centroid 42.43%\n"}
,{"stream_name":"stdout","time":7086.469130943,"data":"轮次:··9/·20 || cls:0.882 || im:-0.709 || 耗时：15.73s\n"}
,{"stream_name":"stdout","time":7089.677234046,"data":"SHOT pseudo-labels: model 42.47% -\u003e centroid 41.82%\n"}
,{"stream_name":"stdout","time":7102.164989911,"data":"轮次:·10/·20 || cls:0.709 || im:-0.787 || 耗时：15.70s\n"}
,{"stream_name":"stdout","time":7105.39427129,"data":"SHOT pseudo-labels: model 41.75% -\u003e centroid 41.62%\n"}
,{"stream_name":"stdout","time":7117.853926762,"data":"轮次:·11/·20 || cls:0.831 || im:-0.754 || 耗时：15.69s\n"}
,{"stream_name":"stdout","time":7121.062237396,"data":"SHOT pseudo-labels: model 40.67% -\u003e centroid 41.18%\n"}
,{"stream_name":"stdout","time":7133.524998911,"data":"轮次:·12/·20 || cls:0.865 || im:-0.709 || 耗时：15.67s\n"}
,{"stream_name":"stdout","time":7136.755202144,"data":"SHOT pseudo-labels: model 40.38% -\u003e centroid 40.53%\n"}
,{"stream_name":"stdout","time":7149.213199795,"data":"轮次:·13/·20 || cls:0.701 || im:-0.669 || 耗时：15.69s\n"}
,{"stream_name":"stdout","time":7152.413193377,"data":"SHOT pseudo-labels: model 41.68% -\u003e centroid 40.42%\n"}
,{"stream_name":"stdout","time":7164.901321728,"data":"轮次:·14/·20 || cls:0.720 || im:-0.667 || 耗时：15.69s\n"}
,{"stream_name":"stdout","time":7168.110205491,"data":"SHOT pseudo-labels: model 40.80% -\u003e centroid 40.15%\n"}
,{"stream_name":"stdout","time":7180.586140613,"data":"轮次:·15/·20 || cls:0.806 || im:-0.775 || 耗时：15.68s\n"}
,{"stream_name":"stdout","time":7183.836287302,"data":"SHOT pseudo-labels: model 41.30% -\u003e centroid 39.43%\n"}
,{"stream_name":"stdout","time":7196.295359711,"data":"轮次:·16/·20 || cls:0.703 || im:-0.804 || 耗时：15.71s\n"}
,{"stream_name":"stdout","time":7199.505264566,"data":"SHOT pseudo-labels: model 41.30% -\u003e centroid 39.35%\n"}
,{"stream_name":"stdout","time":7211.979624719,"data":"轮次:·17/·20 || cls:0.789 || im:-0.671 || 耗时：15.68s\n"}
,{"stream_name":"stdout","time":7215.210212083,"data":"SHOT pseudo-labels: model 41.22% -\u003e centroid 39.18%\n"}
,{"stream_name":"stdout","time":7227.704518546,"data":"轮次:·18/·20 || cls:0.907 || im:-0.688 || 耗时：15.72s\n"}
,{"stream_name":"stdout","time":7230.934279532,"data":"SHOT pseudo-labels: model 40.72% -\u003e centroid 38.83%\n"}
,{"stream_name":"stdout","time":7243.406865912,"data":"轮次:·19/·20 || cls:0.935 || im:-0.788 || 耗时：15.70s\n"}
,{"stream_name":"stdout","time":7246.621195378,"data":"SHOT pseudo-labels: model 40.85% -\u003e centroid 38.75%\n"}
,{"stream_name":"stdout","time":7259.080047905,"data":"轮次:·20/·20 || cls:0.646 || im:-0.773 || 耗时：15.67s\n"}
,{"stream_name":"stdout","time":7264.929952622,"data":"测试集任务: (B1)N15_M01_F10→(B3)N15_M07_F04; 总正确率 = 40.40%\n"}
,{"stream_name":"stdout","time":7264.929992983,"data":"类型1 正确率： 100.00% -\u003e 1   99.80%, 2    0.00%, 3    0.20%\n"}
,{"stream_name":"stdout","time":7264.929998166,"data":"类型2 正确率：  14.00% -\u003e 1    0.00%, 2   14.45%, 3   85.55%\n"}
,{"stream_name":"stdout","time":7264.93000147,"data":"类型3 正确率：   7.00% -\u003e 1    1.80%, 2   91.25%, 3    6.95%\n"}
,{"stream_name":"stdout","time":7264.930004984,"data":"\n"}
,{"stream_name":"stdout","time":7264.930007874,"data":"\n"}
,{"stream_name":"stdout","time":7264.95139778,"data":"[tar_adaptation_RES_PU.py --folder_root /kaggle/working/shot_k10/S07/sdalr_PU_shot/DATA_foldS07c --seed 2024 --class_num 3 --data_name PU_M1_L3 --output /kaggle/working/shot_k10/S07/weight_PU_M1_shot_FS07toS07c_s2024 --s 0 --t 2 --lr 0.0005 --threshold 0.4 --K 0.6] 331s\n"}
,{"stream_name":"stdout","time":7264.983767593,"data":"读取源域路径：/kaggle/working/shot_k10/S07/weight_PU_M1_shot_FS07toS07c_s2024/NEW_PU/Source-源域/log\u0026pt/(B2)N15_M07_F10\n"}
,{"stream_name":"stdout","time":7264.983794104,"data":"excel输出位置：/kaggle/working/shot_k10/S07/weight_PU_M1_shot_FS07toS07c_s2024/NEW_PU/Target-目标域\n"}
,{"stream_name":"stdout","time":7264.983804033,"data":"特征图片输出位置：/kaggle/working/shot_k10/S07/weight_PU_M1_shot_FS07toS07c_s2024/NEW_PU/Picture-特征图/2026年09月22日06时08分/(B2)N15_M07_F10\n"}
,{"stream_name":"stderr","time":7265.018038327,"data":"/usr/local/lib/python3.12/dist-packages/torch/nn/utils/weight_norm.py:144: FutureWarning: `torch.nn.utils.weight_norm` is deprecated in favor of `torch.nn.utils.parametrizations.weight_norm`.\n"}
,{"stream_name":"stderr","time":7265.018070586,"data":"  WeightNorm.apply(module, name, dim)\n"}
,{"stream_name":"stdout","time":7265.058803616,"data":"现在选取:(B2)N15_M07_F10 进行训练的源模型\n"}
,{"stream_name":"stdout","time":7265.058835662,"data":"现在进行：(B2)N15_M07_F10→(B1)N15_M01_F10 的迁移任务\n"}
,{"stream_name":"stdout","time":7265.058853606,"data":"log\u0026pt输出位置：/kaggle/working/shot_k10/S07/weight_PU_M1_shot_FS07toS07c_s2024/NEW_PU/Target-目标域/log\u0026pt/(B2)N15_M07_F10→(B1)N15_M01_F10\n"}
,{"stream_name":"stderr","time":7265.060210416,"data":"sh: 1: Syntax error: word unexpected (expecting \")\")\n"}
,{"stream_name":"stdout","time":7275.885136701,"data":"任务: (B2)N15_M07_F10→(B1)N15_M01_F10; 批次:····0/·1880;  总正确率: 46.00%\n"}
,{"stream_name":"stdout","time":7275.885173796,"data":"类型1 正确率：  92.00% -\u003e 1   92.30%, 2    7.25%, 3    0.45%\n"}
,{"stream_name":"stdout","time":7275.885179651,"data":"类型2 正确率：  46.00% -\u003e 1    0.00%, 2   45.70%, 3   54.30%\n"}
,{"stream_name":"stdout","time":7275.885184492,"data":"类型3 正确率：   0.00% -\u003e 1    0.00%, 2  100.00%, 3    0.00%\n"}
,{"stream_name":"stdout","time":7275.885189027,"data":"\n"}
,{"stream_name":"stdout","time":7275.885193029,"data":"\n"}
,{"stream_name":"stdout","time":7279.10515647,"data":"SHOT pseudo-labels: model 46.00% -\u003e centroid 40.62%\n"}
,{"stream_name":"stdout","time":7291.673835124,"data":"轮次:··1/·20 || cls:1.728 || im:-0.987 || 耗时：21.58s\n"}
,{"stream_name":"stdout","time":7294.967266225,"data":"SHOT pseudo-labels: model 40.67% -\u003e centroid 41.02%\n"}
,{"stream_name":"stdout","time":7307.750837914,"data":"轮次:··2/·20 || cls:1.458 || im:-0.862 || 耗时：16.08s\n"}
,{"stream_name":"stdout","time":7311.016209519,"data":"SHOT pseudo-labels: model 43.25% -\u003e centroid 42.88%\n"}
,{"stream_name":"stdout","time":7323.581800599,"data":"轮次:··3/·20 || cls:0.991 || im:-0.793 || 耗时：15.83s\n"}
,{"stream_name":"stdout","time":7326.806263868,"data":"SHOT pseudo-labels: model 42.67% -\u003e centroid 48.25%\n"}
,{"stream_name":"stdout","time":7339.246841914,"data":"轮次:··4/·20 || cls:0.908 || im:-0.739 || 耗时：15.67s\n"}
,{"stream_name":"stdout","time":7342.478187136,"data":"SHOT pseudo-labels: model 40.78% -\u003e centroid 51.35%\n"}
,{"stream_name":"stdout","time":7354.906183656,"data":"轮次:··5/·20 || cls:0.941 || im:-0.825 || 耗时：15.66s\n"}
,{"stream_name":"stdout","time":7358.142232713,"data":"SHOT pseudo-labels: model 40.98% -\u003e centroid 57.03%\n"}
,{"stream_name":"stdout","time":7370.669990721,"data":"轮次:··6/·20 || cls:0.664 || im:-0.743 || 耗时：15.76s\n"}
,{"stream_name":"stdout","time":7373.922221276,"data":"SHOT pseudo-labels: model 40.82% -\u003e centroid 57.48%\n"}
,{"stream_name":"stdout","time":7386.478172431,"data":"轮次:··7/·20 || cls:0.870 || im:-0.683 || 耗时：15.81s\n"}
,{"stream_name":"stdout","time":7389.737223788,"data":"SHOT pseudo-labels: model 40.85% -\u003e centroid 57.95%\n"}
,{"stream_name":"stdout","time":7402.284315741,"data":"轮次:··8/·20 || cls:0.756 || im:-0.715 || 耗时：15.81s\n"}
,{"stream_name":"stdout","time":7405.527260644,"data":"SHOT pseudo-labels: model 40.93% -\u003e centroid 57.15%\n"}
,{"stream_name":"stdout","time":7418.051087009,"data":"轮次:··9/·20 || cls:0.695 || im:-0.670 || 耗时：15.77s\n"}
,{"stream_name":"stdout","time":7421.311293849,"data":"SHOT pseudo-labels: model 41.22% -\u003e centroid 56.68%\n"}
,{"stream_name":"stdout","time":7433.816174951,"data":"轮次:·10/·20 || cls:0.690 || im:-0.670 || 耗时：15.76s\n"}
,{"stream_name":"stdout","time":7437.043198575,"data":"SHOT pseudo-labels: model 40.35% -\u003e centroid 56.37%\n"}
,{"stream_name":"stdout","time":7449.52894806,"data":"轮次:·11/·20 || cls:0.705 || im:-0.728 || 耗时：15.71s\n"}
,{"stream_name":"stdout","time":7452.786305624,"data":"SHOT pseudo-labels: model 39.43% -\u003e centroid 56.53%\n"}
,{"stream_name":"stdout","time":7465.322603458,"data":"轮次:·12/·20 || cls:0.653 || im:-0.668 || 耗时：15.79s\n"}
,{"stream_name":"stdout","time":7468.558234882,"data":"SHOT pseudo-labels: model 39.42% -\u003e centroid 56.33%\n"}
,{"stream_name":"stdout","time":7481.065638232,"data":"轮次:·13/·20 || cls:0.792 || im:-0.713 || 耗时：15.74s\n"}
,{"stream_name":"stdout","time":7484.312252976,"data":"SHOT pseudo-labels: model 39.20% -\u003e centroid 56.15%\n"}
,{"stream_name":"stdout","time":7496.843578658,"data":"轮次:·14/·20 || cls:0.709 || im:-0.711 || 耗时：15.78s\n"}
,{"stream_name":"stdout","time":7500.088193984,"data":"SHOT pseudo-labels: model 38.63% -\u003e centroid 56.72%\n"}
,{"stream_name":"stdout","time":7512.609190959,"data":"轮次:·15/·20 || cls:0.841 || im:-0.694 || 耗时：15.77s\n"}
,{"stream_name":"stdout","time":7515.838194005,"data":"SHOT pseudo-labels: model 38.52% -\u003e centroid 56.28%\n"}
,{"stream_name":"stdout","time":7528.38426515,"data":"轮次:·16/·20 || cls:0.960 || im:-0.686 || 耗时：15.77s\n"}
,{"stream_name":"stdout","time":7531.629232859,"data":"SHOT pseudo-labels: model 38.47% -\u003e centroid 56.05%\n"}
,{"stream_name":"stdout","time":7544.176838481,"data":"轮次:·17/·20 || cls:0.727 || im:-0.653 || 耗时：15.79s\n"}
,{"stream_name":"stdout","time":7547.420793855,"data":"SHOT pseudo-labels: model 37.32% -\u003e centroid 55.92%\n"}
,{"stream_name":"stdout","time":7559.943757907,"data":"轮次:·18/·20 || cls:0.724 || im:-0.713 || 耗时：15.77s\n"}
,{"stream_name":"stdout","time":7563.202205106,"data":"SHOT pseudo-labels: model 37.47% -\u003e centroid 56.17%\n"}
,{"stream_name":"stdout","time":7575.728959389,"data":"轮次:·19/·20 || cls:0.762 || im:-0.604 || 耗时：15.79s\n"}
,{"stream_name":"stdout","time":7578.972272239,"data":"SHOT pseudo-labels: model 37.20% -\u003e centroid 56.67%\n"}
,{"stream_name":"stdout","time":7591.505050224,"data":"轮次:·20/·20 || cls:0.572 || im:-0.696 || 耗时：15.78s\n"}
,{"stream_name":"stdout","time":7597.37536943,"data":"测试集任务: (B2)N15_M07_F10→(B1)N15_M01_F10; 总正确率 = 36.85%\n"}
,{"stream_name":"stdout","time":7597.37542387,"data":"类型1 正确率：  67.00% -\u003e 1   66.95%, 2    0.90%, 3   32.15%\n"}
,{"stream_name":"stdout","time":7597.375468855,"data":"类型2 正确率：  23.00% -\u003e 1   27.05%, 2   22.85%, 3   50.10%\n"}
,{"stream_name":"stdout","time":7597.37547646,"data":"类型3 正确率：  21.00% -\u003e 1    0.05%, 2   79.20%, 3   20.75%\n"}
,{"stream_name":"stdout","time":7597.375481763,"data":"\n"}
,{"stream_name":"stdout","time":7597.375486532,"data":"\n"}
,{"stream_name":"stdout","time":7597.395453794,"data":"[tar_adaptation_RES_PU.py --folder_root /kaggle/working/shot_k10/S07/sdalr_PU_shot/DATA_foldS07c --seed 2024 --class_num 3 --data_name PU_M1_L3 --output /kaggle/working/shot_k10/S07/weight_PU_M1_shot_FS07toS07c_s2024 --s 1 --t 0 --lr 0.0005 --threshold 0.4 --K 0.6] 332s\n"}
,{"stream_name":"stdout","time":7597.427102537,"data":"读取源域路径：/kaggle/working/shot_k10/S07/weight_PU_M1_shot_FS07toS07c_s2024/NEW_PU/Source-源域/log\u0026pt/(B2)N15_M07_F10\n"}
,{"stream_name":"stdout","time":7597.427157242,"data":"excel输出位置：/kaggle/working/shot_k10/S07/weight_PU_M1_shot_FS07toS07c_s2024/NEW_PU/Target-目标域\n"}
,{"stream_name":"stdout","time":7597.427181446,"data":"特征图片输出位置：/kaggle/working/shot_k10/S07/weight_PU_M1_shot_FS07toS07c_s2024/NEW_PU/Picture-特征图/2026年09月22日06时13分/(B2)N15_M07_F10\n"}
,{"stream_name":"stderr","time":7597.46453461,"data":"/usr/local/lib/python3.12/dist-packages/torch/nn/utils/weight_norm.py:144: FutureWarning: `torch.nn.utils.weight_norm` is deprecated in favor of `torch.nn.utils.parametrizations.weight_norm`.\n"}
,{"stream_name":"stderr","time":7597.464585579,"data":"  WeightNorm.apply(module, name, dim)\n"}
,{"stream_name":"stdout","time":7597.507504054,"data":"现在选取:(B2)N15_M07_F10 进行训练的源模型\n"}
,{"stream_name":"stdout","time":7597.507536978,"data":"现在进行：(B2)N15_M07_F10→(B3)N15_M07_F04 的迁移任务\n"}
,{"stream_name":"stdout","time":7597.50754239,"data":"log\u0026pt输出位置：/kaggle/working/shot_k10/S07/weight_PU_M1_shot_FS07toS07c_s2024/NEW_PU/Target-目标域/log\u0026pt/(B2)N15_M07_F10→(B3)N15_M07_F04\n"}
,{"stream_name":"stderr","time":7597.508934573,"data":"sh: 1: Syntax error: word unexpected (expecting \")\")\n"}
,{"stream_name":"stdout","time":7608.429681738,"data":"任务: (B2)N15_M07_F10→(B3)N15_M07_F04; 批次:····0/·1880;  总正确率: 60.50%\n"}
,{"stream_name":"stdout","time":7608.429737072,"data":"类型1 正确率：  99.00% -\u003e 1   99.05%, 2    0.85%, 3    0.10%\n"}
,{"stream_name":"stdout","time":7608.429745108,"data":"类型2 正确率：  82.00% -\u003e 1    0.00%, 2   82.45%, 3   17.55%\n"}
,{"stream_name":"stdout","time":7608.429750363,"data":"类型3 正确率：   0.00% -\u003e 1    5.20%, 2   94.80%, 3    0.00%\n"}
,{"stream_name":"stdout","time":7608.429755248,"data":"\n"}
,{"stream_name":"stdout","time":7608.429759722,"data":"\n"}
,{"stream_name":"stdout","time":7611.662229082,"data":"SHOT pseudo-labels: model 60.50% -\u003e centroid 47.25%\n"}
,{"stream_name":"stdout","time":7624.229746685,"data":"轮次:··1/·20 || cls:1.770 || im:-0.964 || 耗时：21.64s\n"}
,{"stream_name":"stdout","time":7627.502207477,"data":"SHOT pseudo-labels: model 46.07% -\u003e centroid 41.53%\n"}
,{"stream_name":"stdout","time":7640.182561077,"data":"轮次:··2/·20 || cls:1.411 || im:-0.819 || 耗时：15.95s\n"}
,{"stream_name":"stdout","time":7643.445585899,"data":"SHOT pseudo-labels: model 47.38% -\u003e centroid 45.80%\n"}
,{"stream_name":"stdout","time":7655.993085914,"data":"轮次:··3/·20 || cls:0.927 || im:-0.833 || 耗时：15.81s\n"}
,{"stream_name":"stdout","time":7659.211240868,"data":"SHOT pseudo-labels: model 42.77% -\u003e centroid 43.65%\n"}
,{"stream_name":"stdout","time":7671.646263459,"data":"轮次:··4/·20 || cls:1.009 || im:-0.726 || 耗时：15.65s\n"}
,{"stream_name":"stdout","time":7674.853220349,"data":"SHOT pseudo-labels: model 43.07% -\u003e centroid 41.20%\n"}
,{"stream_name":"stdout","time":7687.312203875,"data":"轮次:··5/·20 || cls:0.991 || im:-0.781 || 耗时：15.67s\n"}
,{"stream_name":"stdout","time":7690.556205475,"data":"SHOT pseudo-labels: model 41.22% -\u003e centroid 39.83%\n"}
,{"stream_name":"stdout","time":7703.098614737,"data":"轮次:··6/·20 || cls:0.736 || im:-0.816 || 耗时：15.79s\n"}
,{"stream_name":"stdout","time":7706.337215967,"data":"SHOT pseudo-labels: model 40.68% -\u003e centroid 40.20%\n"}
,{"stream_name":"stdout","time":7718.910631221,"data":"轮次:··7/·20 || cls:0.951 || im:-0.623 || 耗时：15.81s\n"}
,{"stream_name":"stdout","time":7722.187219634,"data":"SHOT pseudo-labels: model 39.73% -\u003e centroid 38.72%\n"}
,{"stream_name":"stdout","time":7734.721968467,"data":"轮次:··8/·20 || cls:0.672 || im:-0.669 || 耗时：15.81s\n"}
,{"stream_name":"stdout","time":7737.946234927,"data":"SHOT pseudo-labels: model 37.33% -\u003e centroid 36.55%\n"}
,{"stream_name":"stdout","time":7750.463142855,"data":"轮次:··9/·20 || cls:0.819 || im:-0.681 || 耗时：15.74s\n"}
,{"stream_name":"stdout","time":7753.714213767,"data":"SHOT pseudo-labels: model 36.02% -\u003e centroid 35.33%\n"}
,{"stream_name":"stdout","time":7766.226882565,"data":"轮次:·10/·20 || cls:0.719 || im:-0.670 || 耗时：15.76s\n"}
,{"stream_name":"stdout","time":7769.459229394,"data":"SHOT pseudo-labels: model 34.77% -\u003e centroid 34.42%\n"}
,{"stream_name":"stdout","time":7781.959863406,"data":"轮次:·11/·20 || cls:0.738 || im:-0.729 || 耗时：15.73s\n"}
,{"stream_name":"stdout","time":7785.198208868,"data":"SHOT pseudo-labels: model 35.12% -\u003e centroid 35.15%\n"}
,{"stream_name":"stdout","time":7797.701928709,"data":"轮次:·12/·20 || cls:0.874 || im:-0.718 || 耗时：15.74s\n"}
,{"stream_name":"stdout","time":7800.916706904,"data":"SHOT pseudo-labels: model 34.25% -\u003e centroid 34.72%\n"}
,{"stream_name":"stdout","time":7813.424538033,"data":"轮次:·13/·20 || cls:0.667 || im:-0.633 || 耗时：15.72s\n"}
,{"stream_name":"stdout","time":7816.650197982,"data":"SHOT pseudo-labels: model 32.23% -\u003e centroid 33.65%\n"}
,{"stream_name":"stdout","time":7829.149528043,"data":"轮次:·14/·20 || cls:0.661 || im:-0.691 || 耗时：15.72s\n"}
,{"stream_name":"stdout","time":7832.3813081,"data":"SHOT pseudo-labels: model 31.72% -\u003e centroid 33.23%\n"}
,{"stream_name":"stdout","time":7844.861797664,"data":"轮次:·15/·20 || cls:0.716 || im:-0.683 || 耗时：15.71s\n"}
,{"stream_name":"stdout","time":7848.081187837,"data":"SHOT pseudo-labels: model 30.58% -\u003e centroid 33.30%\n"}
,{"stream_name":"stdout","time":7860.56804561,"data":"轮次:·16/·20 || cls:0.864 || im:-0.686 || 耗时：15.71s\n"}
,{"stream_name":"stdout","time":7863.816880159,"data":"SHOT pseudo-labels: model 30.77% -\u003e centroid 33.48%\n"}
,{"stream_name":"stdout","time":7876.293789232,"data":"轮次:·17/·20 || cls:0.774 || im:-0.658 || 耗时：15.73s\n"}
,{"stream_name":"stdout","time":7879.526284548,"data":"SHOT pseudo-labels: model 30.43% -\u003e centroid 33.15%\n"}
,{"stream_name":"stdout","time":7891.998104006,"data":"轮次:·18/·20 || cls:0.729 || im:-0.666 || 耗时：15.70s\n"}
,{"stream_name":"stdout","time":7895.230181529,"data":"SHOT pseudo-labels: model 29.45% -\u003e centroid 32.37%\n"}
,{"stream_name":"stdout","time":7907.704370605,"data":"轮次:·19/·20 || cls:0.931 || im:-0.690 || 耗时：15.71s\n"}
,{"stream_name":"stdout","time":7910.918243191,"data":"SHOT pseudo-labels: model 29.47% -\u003e centroid 32.68%\n"}
,{"stream_name":"stdout","time":7923.39041635,"data":"轮次:·20/·20 || cls:0.577 || im:-0.675 || 耗时：15.69s\n"}
,{"stream_name":"stdout","time":7929.233848451,"data":"测试集任务: (B2)N15_M07_F10→(B3)N15_M07_F04; 总正确率 = 29.48%\n"}
,{"stream_name":"stdout","time":7929.233895175,"data":"类型1 正确率：  67.00% -\u003e 1   66.95%, 2    0.15%, 3   32.90%\n"}
,{"stream_name":"stdout","time":7929.233909455,"data":"类型2 正确率：  20.00% -\u003e 1   17.10%, 2   20.35%, 3   62.55%\n"}
,{"stream_name":"stdout","time":7929.233915532,"data":"类型3 正确率：   1.00% -\u003e 1    5.60%, 2   93.25%, 3    1.15%\n"}
,{"stream_name":"stdout","time":7929.233921368,"data":"\n"}
,{"stream_name":"stdout","time":7929.233926518,"data":"\n"}
,{"stream_name":"stdout","time":7929.256994644,"data":"[tar_adaptation_RES_PU.py --folder_root /kaggle/working/shot_k10/S07/sdalr_PU_shot/DATA_foldS07c --seed 2024 --class_num 3 --data_name PU_M1_L3 --output /kaggle/working/shot_k10/S07/weight_PU_M1_shot_FS07toS07c_s2024 --s 1 --t 2 --lr 0.0005 --threshold 0.4 --K 0.6] 332s\n"}
,{"stream_name":"stdout","time":7929.290090116,"data":"读取源域路径：/kaggle/working/shot_k10/S07/weight_PU_M1_shot_FS07toS07c_s2024/NEW_PU/Source-源域/log\u0026pt/(B3)N15_M07_F04\n"}
,{"stream_name":"stdout","time":7929.29013067,"data":"excel输出位置：/kaggle/working/shot_k10/S07/weight_PU_M1_shot_FS07toS07c_s2024/NEW_PU/Target-目标域\n"}
,{"stream_name":"stdout","time":7929.290142906,"data":"特征图片输出位置：/kaggle/working/shot_k10/S07/weight_PU_M1_shot_FS07toS07c_s2024/NEW_PU/Picture-特征图/2026年09月22日06时19分/(B3)N15_M07_F04\n"}
,{"stream_name":"stderr","time":7929.325387179,"data":"/usr/local/lib/python3.12/dist-packages/torch/nn/utils/weight_norm.py:144: FutureWarning: `torch.nn.utils.weight_norm` is deprecated in favor of `torch.nn.utils.parametrizations.weight_norm`.\n"}
,{"stream_name":"stderr","time":7929.325421115,"data":"  WeightNorm.apply(module, name, dim)\n"}
,{"stream_name":"stdout","time":7929.365624476,"data":"现在选取:(B3)N15_M07_F04 进行训练的源模型\n"}
,{"stream_name":"stdout","time":7929.365653077,"data":"现在进行：(B3)N15_M07_F04→(B1)N15_M01_F10 的迁移任务\n"}
,{"stream_name":"stdout","time":7929.365658628,"data":"log\u0026pt输出位置：/kaggle/working/shot_k10/S07/weight_PU_M1_shot_FS07toS07c_s2024/NEW_PU/Target-目标域/log\u0026pt/(B3)N15_M07_F04→(B1)N15_M01_F10\n"}
,{"stream_name":"stderr","time":7929.367132093,"data":"sh: 1: Syntax error: word unexpected (expecting \")\")\n"}
,{"stream_name":"stdout","time":7940.284072401,"data":"任务: (B3)N15_M07_F04→(B1)N15_M01_F10; 批次:····0/·1880;  总正确率: 50.15%\n"}
,{"stream_name":"stdout","time":7940.284137113,"data":"类型1 正确率：  80.00% -\u003e 1   79.90%, 2    1.35%, 3   18.75%\n"}
,{"stream_name":"stdout","time":7940.284145558,"data":"类型2 正确率：  71.00% -\u003e 1    0.05%, 2   70.55%, 3   29.40%\n"}
,{"stream_name":"stdout","time":7940.28415068,"data":"类型3 正确率：   0.00% -\u003e 1    0.00%, 2  100.00%, 3    0.00%\n"}
,{"stream_name":"stdout","time":7940.284155365,"data":"\n"}
,{"stream_name":"stdout","time":7940.284163367,"data":"\n"}
,{"stream_name":"stdout","time":7943.507222414,"data":"SHOT pseudo-labels: model 50.15% -\u003e centroid 53.17%\n"}
,{"stream_name":"stdout","time":7956.042918976,"data":"轮次:··1/·20 || cls:1.871 || im:-0.877 || 耗时：21.58s\n"}
,{"stream_name":"stdout","time":7959.314227126,"data":"SHOT pseudo-labels: model 49.70% -\u003e centroid 53.47%\n"}
,{"stream_name":"stdout","time":7972.023989236,"data":"轮次:··2/·20 || cls:1.595 || im:-0.869 || 耗时：15.98s\n"}
,{"stream_name":"stdout","time":7975.262272484,"data":"SHOT pseudo-labels: model 53.07% -\u003e centroid 54.58%\n"}
,{"stream_name":"stdout","time":7987.819037565,"data":"轮次:··3/·20 || cls:1.146 || im:-0.675 || 耗时：15.79s\n"}
,{"stream_name":"stdout","time":7991.033157738,"data":"SHOT pseudo-labels: model 50.32% -\u003e centroid 54.28%\n"}
,{"stream_name":"stdout","time":8003.484267038,"data":"轮次:··4/·20 || cls:0.979 || im:-0.767 || 耗时：15.67s\n"}
,{"stream_name":"stdout","time":8006.700234199,"data":"SHOT pseudo-labels: model 48.77% -\u003e centroid 54.77%\n"}
,{"stream_name":"stdout","time":8019.126412131,"data":"轮次:··5/·20 || cls:0.906 || im:-0.772 || 耗时：15.64s\n"}
,{"stream_name":"stdout","time":8022.357300407,"data":"SHOT pseudo-labels: model 49.43% -\u003e centroid 54.65%\n"}
,{"stream_name":"stdout","time":8034.867720894,"data":"轮次:··6/·20 || cls:0.564 || im:-0.608 || 耗时：15.74s\n"}
,{"stream_name":"stdout","time":8038.076206595,"data":"SHOT pseudo-labels: model 47.25% -\u003e centroid 51.97%\n"}
,{"stream_name":"stdout","time":8050.636719731,"data":"轮次:··7/·20 || cls:0.798 || im:-0.716 || 耗时：15.77s\n"}
,{"stream_name":"stdout","time":8053.897226733,"data":"SHOT pseudo-labels: model 47.38% -\u003e centroid 54.88%\n"}
,{"stream_name":"stdout","time":8066.451159718,"data":"轮次:··8/·20 || cls:0.779 || im:-0.688 || 耗时：15.81s\n"}
,{"stream_name":"stdout","time":8069.683217648,"data":"SHOT pseudo-labels: model 48.00% -\u003e centroid 54.23%\n"}
,{"stream_name":"stdout","time":8082.194158098,"data":"轮次:··9/·20 || cls:0.542 || im:-0.630 || 耗时：15.74s\n"}
,{"stream_name":"stdout","time":8085.39540528,"data":"SHOT pseudo-labels: model 48.25% -\u003e centroid 57.47%\n"}
,{"stream_name":"stdout","time":8097.898549721,"data":"轮次:·10/·20 || cls:0.669 || im:-0.641 || 耗时：15.70s\n"}
,{"stream_name":"stdout","time":8101.126757005,"data":"SHOT pseudo-labels: model 47.75% -\u003e centroid 56.35%\n"}
,{"stream_name":"stdout","time":8113.586635101,"data":"轮次:·11/·20 || cls:0.807 || im:-0.701 || 耗时：15.69s\n"}
,{"stream_name":"stdout","time":8116.798235871,"data":"SHOT pseudo-labels: model 46.50% -\u003e centroid 52.37%\n"}
,{"stream_name":"stdout","time":8129.24193398,"data":"轮次:·12/·20 || cls:0.738 || im:-0.653 || 耗时：15.66s\n"}
,{"stream_name":"stdout","time":8132.4654832,"data":"SHOT pseudo-labels: model 46.17% -\u003e centroid 48.90%\n"}
,{"stream_name":"stdout","time":8144.929557131,"data":"轮次:·13/·20 || cls:0.782 || im:-0.587 || 耗时：15.69s\n"}
,{"stream_name":"stdout","time":8148.131390465,"data":"SHOT pseudo-labels: model 46.67% -\u003e centroid 52.87%\n"}
,{"stream_name":"stdout","time":8160.627677803,"data":"轮次:·14/·20 || cls:0.753 || im:-0.681 || 耗时：15.70s\n"}
,{"stream_name":"stdout","time":8163.87324131,"data":"SHOT pseudo-labels: model 45.48% -\u003e centroid 50.05%\n"}
,{"stream_name":"stdout","time":8176.3739679,"data":"轮次:·15/·20 || cls:0.772 || im:-0.663 || 耗时：15.75s\n"}
,{"stream_name":"stdout","time":8179.594323695,"data":"SHOT pseudo-labels: model 45.42% -\u003e centroid 53.10%\n"}
,{"stream_name":"stdout","time":8192.116275768,"data":"轮次:·16/·20 || cls:0.877 || im:-0.649 || 耗时：15.74s\n"}
,{"stream_name":"stdout","time":8195.356161223,"data":"SHOT pseudo-labels: model 45.42% -\u003e centroid 51.80%\n"}
,{"stream_name":"stdout","time":8207.865389354,"data":"轮次:·17/·20 || cls:0.604 || im:-0.618 || 耗时：15.75s\n"}
,{"stream_name":"stdout","time":8211.09785754,"data":"SHOT pseudo-labels: model 45.48% -\u003e centroid 51.75%\n"}
,{"stream_name":"stdout","time":8223.624474026,"data":"轮次:·18/·20 || cls:0.623 || im:-0.613 || 耗时：15.76s\n"}
,{"stream_name":"stdout","time":8226.82723255,"data":"SHOT pseudo-labels: model 44.83% -\u003e centroid 47.03%\n"}
,{"stream_name":"stdout","time":8239.362134784,"data":"轮次:·19/·20 || cls:0.864 || im:-0.654 || 耗时：15.74s\n"}
,{"stream_name":"stdout","time":8242.60094369,"data":"SHOT pseudo-labels: model 44.83% -\u003e centroid 50.53%\n"}
,{"stream_name":"stdout","time":8255.130545673,"data":"轮次:·20/·20 || cls:0.408 || im:-0.634 || 耗时：15.77s\n"}
,{"stream_name":"stdout","time":8260.990289934,"data":"测试集任务: (B3)N15_M07_F04→(B1)N15_M01_F10; 总正确率 = 44.23%\n"}
,{"stream_name":"stdout","time":8260.990327043,"data":"类型1 正确率：  68.00% -\u003e 1   68.35%, 2    0.00%, 3   31.65%\n"}
,{"stream_name":"stdout","time":8260.990339294,"data":"类型2 正确率：  37.00% -\u003e 1   23.85%, 2   37.15%, 3   39.00%\n"}
,{"stream_name":"stdout","time":8260.990343067,"data":"类型3 正确率：  27.00% -\u003e 1    0.00%, 2   72.80%, 3   27.20%\n"}
,{"stream_name":"stdout","time":8260.990346981,"data":"\n"}
,{"stream_name":"stdout","time":8260.99035121,"data":"\n"}
,{"stream_name":"stdout","time":8261.014476294,"data":"[tar_adaptation_RES_PU.py --folder_root /kaggle/working/shot_k10/S07/sdalr_PU_shot/DATA_foldS07c --seed 2024 --class_num 3 --data_name PU_M1_L3 --output /kaggle/working/shot_k10/S07/weight_PU_M1_shot_FS07toS07c_s2024 --s 2 --t 0 --lr 0.0005 --threshold 0.4 --K 0.6] 332s\n"}
,{"stream_name":"stdout","time":8261.048976202,"data":"读取源域路径：/kaggle/working/shot_k10/S07/weight_PU_M1_shot_FS07toS07c_s2024/NEW_PU/Source-源域/log\u0026pt/(B3)N15_M07_F04\n"}
,{"stream_name":"stdout","time":8261.049037076,"data":"excel输出位置：/kaggle/working/shot_k10/S07/weight_PU_M1_shot_FS07toS07c_s2024/NEW_PU/Target-目标域\n"}
,{"stream_name":"stdout","time":8261.049044191,"data":"特征图片输出位置：/kaggle/working/shot_k10/S07/weight_PU_M1_shot_FS07toS07c_s2024/NEW_PU/Picture-特征图/2026年09月22日06时24分/(B3)N15_M07_F04\n"}
,{"stream_name":"stderr","time":8261.084284878,"data":"/usr/local/lib/python3.12/dist-packages/torch/nn/utils/weight_norm.py:144: FutureWarning: `torch.nn.utils.weight_norm` is deprecated in favor of `torch.nn.utils.parametrizations.weight_norm`.\n"}
,{"stream_name":"stderr","time":8261.08431905,"data":"  WeightNorm.apply(module, name, dim)\n"}
,{"stream_name":"stdout","time":8261.123695601,"data":"现在选取:(B3)N15_M07_F04 进行训练的源模型\n"}
,{"stream_name":"stdout","time":8261.123742039,"data":"现在进行：(B3)N15_M07_F04→(B2)N15_M07_F10 的迁移任务\n"}
,{"stream_name":"stdout","time":8261.12384502,"data":"log\u0026pt输出位置：/kaggle/working/shot_k10/S07/weight_PU_M1_shot_FS07toS07c_s2024/NEW_PU/Target-目标域/log\u0026pt/(B3)N15_M07_F04→(B2)N15_M07_F10\n"}
,{"stream_name":"stderr","time":8261.125766561,"data":"sh: 1: Syntax error: word unexpected (expecting \")\")\n"}
,{"stream_name":"stdout","time":8272.125303626,"data":"任务: (B3)N15_M07_F04→(B2)N15_M07_F10; 批次:····0/·1880;  总正确率: 51.70%\n"}
,{"stream_name":"stdout","time":8272.125331527,"data":"类型1 正确率：  80.00% -\u003e 1   79.65%, 2    1.10%, 3   19.25%\n"}
,{"stream_name":"stdout","time":8272.125336266,"data":"类型2 正确率：  75.00% -\u003e 1    0.00%, 2   75.20%, 3   24.80%\n"}
,{"stream_name":"stdout","time":8272.125339754,"data":"类型3 正确率：   0.00% -\u003e 1    0.00%, 2   99.75%, 3    0.25%\n"}
,{"stream_name":"stdout","time":8272.125357651,"data":"\n"}
,{"stream_name":"stdout","time":8272.125361226,"data":"\n"}
,{"stream_name":"stdout","time":8275.351229842,"data":"SHOT pseudo-labels: model 51.70% -\u003e centroid 55.12%\n"}
,{"stream_name":"stdout","time":8287.957436768,"data":"轮次:··1/·20 || cls:1.867 || im:-0.922 || 耗时：21.66s\n"}
,{"stream_name":"stdout","time":8291.243659158,"data":"SHOT pseudo-labels: model 53.05% -\u003e centroid 57.88%\n"}
,{"stream_name":"stdout","time":8303.938220343,"data":"轮次:··2/·20 || cls:1.536 || im:-0.848 || 耗时：15.98s\n"}
,{"stream_name":"stdout","time":8307.183200281,"data":"SHOT pseudo-labels: model 58.78% -\u003e centroid 59.17%\n"}
,{"stream_name":"stdout","time":8319.707862236,"data":"轮次:··3/·20 || cls:0.974 || im:-0.752 || 耗时：15.77s\n"}
,{"stream_name":"stdout","time":8322.946200109,"data":"SHOT pseudo-labels: model 58.13% -\u003e centroid 58.62%\n"}
,{"stream_name":"stdout","time":8335.373944331,"data":"轮次:··4/·20 || cls:0.754 || im:-0.710 || 耗时：15.67s\n"}
,{"stream_name":"stdout","time":8338.587306618,"data":"SHOT pseudo-labels: model 55.23% -\u003e centroid 60.47%\n"}
,{"stream_name":"stdout","time":8351.023972466,"data":"轮次:··5/·20 || cls:0.862 || im:-0.739 || 耗时：15.65s\n"}
,{"stream_name":"stdout","time":8354.260190881,"data":"SHOT pseudo-labels: model 55.17% -\u003e centroid 63.83%\n"}
,{"stream_name":"stdout","time":8366.76904116,"data":"轮次:··6/·20 || cls:0.554 || im:-0.641 || 耗时：15.74s\n"}
,{"stream_name":"stdout","time":8369.996240479,"data":"SHOT pseudo-labels: model 54.22% -\u003e centroid 67.08%\n"}
,{"stream_name":"stdout","time":8382.553279779,"data":"轮次:··7/·20 || cls:0.904 || im:-0.720 || 耗时：15.78s\n"}
,{"stream_name":"stdout","time":8385.812227863,"data":"SHOT pseudo-labels: model 54.40% -\u003e centroid 63.43%\n"}
,{"stream_name":"stdout","time":8398.334106227,"data":"轮次:··8/·20 || cls:0.741 || im:-0.612 || 耗时：15.78s\n"}
,{"stream_name":"stdout","time":8401.580186113,"data":"SHOT pseudo-labels: model 54.58% -\u003e centroid 57.13%\n"}
,{"stream_name":"stdout","time":8414.095234754,"data":"轮次:··9/·20 || cls:0.749 || im:-0.606 || 耗时：15.76s\n"}
,{"stream_name":"stdout","time":8417.323223544,"data":"SHOT pseudo-labels: model 54.77% -\u003e centroid 60.12%\n"}
,{"stream_name":"stdout","time":8429.792653465,"data":"轮次:·10/·20 || cls:0.745 || im:-0.629 || 耗时：15.70s\n"}
,{"stream_name":"stdout","time":8433.020200003,"data":"SHOT pseudo-labels: model 54.43% -\u003e centroid 61.65%\n"}
,{"stream_name":"stdout","time":8445.50526612,"data":"轮次:·11/·20 || cls:0.778 || im:-0.665 || 耗时：15.71s\n"}
,{"stream_name":"stdout","time":8448.727225149,"data":"SHOT pseudo-labels: model 52.90% -\u003e centroid 63.30%\n"}
,{"stream_name":"stdout","time":8461.201702389,"data":"轮次:·12/·20 || cls:0.766 || im:-0.658 || 耗时：15.70s\n"}
,{"stream_name":"stdout","time":8464.424198554,"data":"SHOT pseudo-labels: model 51.92% -\u003e centroid 62.23%\n"}
,{"stream_name":"stdout","time":8476.897078045,"data":"轮次:·13/·20 || cls:0.627 || im:-0.640 || 耗时：15.70s\n"}
,{"stream_name":"stdout","time":8480.117198711,"data":"SHOT pseudo-labels: model 52.23% -\u003e centroid 63.08%\n"}
,{"stream_name":"stdout","time":8492.570837398,"data":"轮次:·14/·20 || cls:0.885 || im:-0.773 || 耗时：15.67s\n"}
,{"stream_name":"stdout","time":8495.789233085,"data":"SHOT pseudo-labels: model 50.63% -\u003e centroid 61.37%\n"}
,{"stream_name":"stdout","time":8508.29754879,"data":"轮次:·15/·20 || cls:0.682 || im:-0.639 || 耗时：15.73s\n"}
,{"stream_name":"stdout","time":8511.523223222,"data":"SHOT pseudo-labels: model 50.07% -\u003e centroid 61.82%\n"}
,{"stream_name":"stdout","time":8524.009031764,"data":"轮次:·16/·20 || cls:0.766 || im:-0.654 || 耗时：15.71s\n"}
,{"stream_name":"stdout","time":8527.224177375,"data":"SHOT pseudo-labels: model 50.03% -\u003e centroid 61.72%\n"}
,{"stream_name":"stdout","time":8539.723891416,"data":"轮次:·17/·20 || cls:0.779 || im:-0.740 || 耗时：15.71s\n"}
,{"stream_name":"stdout","time":8542.962146968,"data":"SHOT pseudo-labels: model 49.63% -\u003e centroid 60.63%\n"}
,{"stream_name":"stdout","time":8555.478498575,"data":"轮次:·18/·20 || cls:0.827 || im:-0.654 || 耗时：15.75s\n"}
,{"stream_name":"stdout","time":8558.708195728,"data":"SHOT pseudo-labels: model 48.98% -\u003e centroid 61.77%\n"}
,{"stream_name":"stdout","time":8571.235964675,"data":"轮次:·19/·20 || cls:0.927 || im:-0.655 || 耗时：15.76s\n"}
,{"stream_name":"stdout","time":8574.473252622,"data":"SHOT pseudo-labels: model 49.75% -\u003e centroid 61.95%\n"}
,{"stream_name":"stdout","time":8586.971232681,"data":"轮次:·20/·20 || cls:0.552 || im:-0.751 || 耗时：15.74s\n"}
,{"stream_name":"stdout","time":8592.827541915,"data":"测试集任务: (B3)N15_M07_F04→(B2)N15_M07_F10; 总正确率 = 49.33%\n"}
,{"stream_name":"stdout","time":8592.827583442,"data":"类型1 正确率：  99.00% -\u003e 1   99.15%, 2    0.15%, 3    0.70%\n"}
,{"stream_name":"stdout","time":8592.827591014,"data":"类型2 正确率：  24.00% -\u003e 1    5.40%, 2   23.95%, 3   70.65%\n"}
,{"stream_name":"stdout","time":8592.827596638,"data":"类型3 正确率：  25.00% -\u003e 1    0.00%, 2   75.10%, 3   24.90%\n"}
,{"stream_name":"stdout","time":8592.827601434,"data":"\n"}
,{"stream_name":"stdout","time":8592.827605595,"data":"\n"}
,{"stream_name":"stdout","time":8592.851316016,"data":"[tar_adaptation_RES_PU.py --folder_root /kaggle/working/shot_k10/S07/sdalr_PU_shot/DATA_foldS07c --seed 2024 --class_num 3 --data_name PU_M1_L3 --output /kaggle/working/shot_k10/S07/weight_PU_M1_shot_FS07toS07c_s2024 --s 2 --t 1 --lr 0.0005 --threshold 0.4 --K 0.6] 332s\n"}
,{"stream_name":"stdout","time":8592.868470092,"data":"{\n"}
,{"stream_name":"stdout","time":8592.868495752,"data":"  \"dataset\": \"PU_M1\",\n"}
,{"stream_name":"stdout","time":8592.868499622,"data":"  \"variant\": \"shot\",\n"}
,{"stream_name":"stdout","time":8592.868516606,"data":"  \"seed\": 2024,\n"}
,{"stream_name":"stdout","time":8592.868520616,"data":"  \"smoke\": false,\n"}
,{"stream_name":"stdout","time":8592.868524207,"data":"  \"src_fold\": \"S07\",\n"}
,{"stream_name":"stdout","time":8592.868528073,"data":"  \"tgt_fold\": \"S07c\",\n"}
,{"stream_name":"stdout","time":8592.868531726,"data":"  \"leaky\": false,\n"}
,{"stream_name":"stdout","time":8592.868536069,"data":"  \"hyperparameters\": {\n"}
,{"stream_name":"stdout","time":8592.868539686,"data":"    \"lr\": \"0.0005\",\n"}
,{"stream_name":"stdout","time":8592.868543704,"data":"    \"threshold\": \"0.4\",\n"}
,{"stream_name":"stdout","time":8592.868547157,"data":"    \"K\": \"0.6\"\n"}
,{"stream_name":"stdout","time":8592.868550529,"data":"  },\n"}
,{"stream_name":"stdout","time":8592.868553902,"data":"  \"adapters\": [\n"}
,{"stream_name":"stdout","time":8592.868557326,"data":"    \"npz_io\",\n"}
,{"stream_name":"stdout","time":8592.868560551,"data":"    \"tsne_stub\",\n"}
,{"stream_name":"stdout","time":8592.868563847,"data":"    \"shot_patch\"\n"}
,{"stream_name":"stdout","time":8592.868568869,"data":"  ],\n"}
,{"stream_name":"stdout","time":8592.868575299,"data":"  \"source_only\": {},\n"}
,{"stream_name":"stdout","time":8592.868577654,"data":"  \"adapted\": {\n"}
,{"stream_name":"stdout","time":8592.868579876,"data":"    \"A1-\u003eA3\": 63.53,\n"}
,{"stream_name":"stdout","time":8592.868582813,"data":"    \"A1-\u003eA2\": 40.4,\n"}
,{"stream_name":"stdout","time":8592.868585109,"data":"    \"A3-\u003eA1\": 36.85,\n"}
,{"stream_name":"stdout","time":8592.868587321,"data":"    \"A3-\u003eA2\": 29.48,\n"}
,{"stream_name":"stdout","time":8592.868589489,"data":"    \"A2-\u003eA1\": 44.23,\n"}
,{"stream_name":"stdout","time":8592.868591691,"data":"    \"A2-\u003eA3\": 49.33\n"}
,{"stream_name":"stdout","time":8592.868593949,"data":"  },\n"}
,{"stream_name":"stdout","time":8592.868596074,"data":"  \"seconds\": {\n"}
,{"stream_name":"stdout","time":8592.868598229,"data":"    \"A1-\u003eA3\": 334,\n"}
,{"stream_name":"stdout","time":8592.868600447,"data":"    \"A1-\u003eA2\": 332,\n"}
,{"stream_name":"stdout","time":8592.868602617,"data":"    \"A3-\u003eA1\": 332,\n"}
,{"stream_name":"stdout","time":8592.868604787,"data":"    \"A3-\u003eA2\": 332,\n"}
,{"stream_name":"stdout","time":8592.868607036,"data":"    \"A2-\u003eA1\": 332,\n"}
,{"stream_name":"stdout","time":8592.868609209,"data":"    \"A2-\u003eA3\": 332\n"}
,{"stream_name":"stdout","time":8592.868611408,"data":"  },\n"}
,{"stream_name":"stdout","time":8592.868613526,"data":"  \"gate_log\": {\n"}
,{"stream_name":"stdout","time":8592.868615692,"data":"    \"A1-\u003eA3\": [],\n"}
,{"stream_name":"stdout","time":8592.868617892,"data":"    \"A1-\u003eA2\": [],\n"}
,{"stream_name":"stdout","time":8592.868637571,"data":"    \"A3-\u003eA1\": [],\n"}
,{"stream_name":"stdout","time":8592.868639963,"data":"    \"A3-\u003eA2\": [],\n"}
,{"stream_name":"stdout","time":8592.868642295,"data":"    \"A2-\u003eA1\": [],\n"}
,{"stream_name":"stdout","time":8592.868644719,"data":"    \"A2-\u003eA3\": []\n"}
,{"stream_name":"stdout","time":8592.868654477,"data":"  },\n"}
,{"stream_name":"stdout","time":8592.868656996,"data":"  \"gate\": \"none\"\n"}
,{"stream_name":"stdout","time":8592.868659397,"data":"}\n"}
,{"stream_name":"stdout","time":8594.11593822,"data":"done [{\"split\": \"S06\", \"tgt\": \"S06\", \"rc\": 0, \"seconds\": 2296}, {\"split\": \"S06\", \"tgt\": \"S06c\", \"rc\": 0, \"seconds\": 2004}, {\"split\": \"S07\", \"tgt\": \"S07\", \"rc\": 0, \"seconds\": 2286}, {\"split\": \"S07\", \"tgt\": \"S07c\", \"rc\": 0, \"seconds\": 2001}]\n"}
,{"stream_name":"stderr","time":8596.777173424,"data":"/usr/local/lib/python3.12/dist-packages/mistune.py:435: SyntaxWarning: invalid escape sequence '\\|'\n"}
,{"stream_name":"stderr","time":8596.777208444,"data":"  cells[i][c] = re.sub('\\\\\\\\\\|', '|', cell)\n"}
,{"stream_name":"stderr","time":8597.05010145,"data":"/usr/local/lib/python3.12/dist-packages/nbconvert/filters/filter_links.py:36: SyntaxWarning: invalid escape sequence '\\_'\n"}
,{"stream_name":"stderr","time":8597.050148452,"data":"  text = re.sub(r'_', '\\_', text) # Escape underscores in display text\n"}
,{"stream_name":"stderr","time":8597.771292909,"data":"[NbConvertApp] Converting notebook __script__.ipynb to html\n"}
,{"stream_name":"stderr","time":8598.595095736,"data":"[NbConvertApp] Writing 283717 bytes to __results__.html\n"}
]