[{"stream_name":"stdout","time":7.613356535,"data":"{'device': 'Tesla T4', 'capability': [7, 5], 'group': 'g4'}\n"}
,{"stream_name":"stdout","time":7.613430704,"data":"RUN /usr/bin/python3 -u /kaggle/input/datasets/rafiurrahman01/physgate-m0-code/sdalr_runner.py --sdalr /kaggle/input/datasets/rafiurrahman01/physgate-m0-code --m0 /kaggle/input/datasets/rafiurrahman01/physgate-k10-g4 --dataset PU_M1 --src-fold S08 --tgt-fold S08 --variant shot --work /kaggle/working/shot_k10/S08 --seed 2024\n"}
,{"stream_name":"stdout","time":23.171792999,"data":"\n"}
,{"stream_name":"stdout","time":23.171825773,"data":"\n"}
,{"stream_name":"stdout","time":23.171831901,"data":"现在开始拿源域训练集：(B1)N15_M01_F10 进行训练\n"}
,{"stream_name":"stdout","time":23.171837763,"data":"源域读取路径：/kaggle/working/shot_k10/S08/sdalr_PU_shot/DATA_foldS08/PU_M1_L3/N15_M01_F10_label.txt\n"}
,{"stream_name":"stdout","time":23.171843129,"data":"excel输出位置：/kaggle/working/shot_k10/S08/weight_src_PU_M1_FS08_s2024/NEW_PU/Source-源域\n"}
,{"stream_name":"stdout","time":23.171848507,"data":"log\u0026pt输出位置：/kaggle/working/shot_k10/S08/weight_src_PU_M1_FS08_s2024/NEW_PU/Source-源域/log\u0026pt/(B1)N15_M01_F10\n"}
,{"stream_name":"stdout","time":23.17238839,"data":"特征图片输出位置：/kaggle/working/shot_k10/S08/weight_src_PU_M1_FS08_s2024/NEW_PU/Picture-特征图/2026年09月21日20时07分/(B1)N15_M01_F10\n"}
,{"stream_name":"stderr","time":23.17368859,"data":"sh: 1: Syntax error: word unexpected (expecting \")\")\n"}
,{"stream_name":"stdout","time":23.174161761,"data":"源域训练开始\n"}
,{"stream_name":"stderr","time":25.343862957,"data":"/usr/local/lib/python3.12/dist-packages/torch/nn/utils/weight_norm.py:144: FutureWarning: `torch.nn.utils.weight_norm` is deprecated in favor of `torch.nn.utils.parametrizations.weight_norm`.\n"}
,{"stream_name":"stderr","time":25.34391103,"data":"  WeightNorm.apply(module, name, dim)\n"}
,{"stream_name":"stdout","time":34.68362284,"data":"轮次:··1/·10 || loss:0.119 || 耗时：9.27s\n"}
,{"stream_name":"stdout","time":42.727464925,"data":"轮次:··2/·10 || loss:0.015 || 耗时：7.99s\n"}
,{"stream_name":"stdout","time":50.901887612,"data":"轮次:··3/·10 || loss:0.007 || 耗时：8.11s\n"}
,{"stream_name":"stdout","time":59.177936843,"data":"轮次:··4/·10 || loss:0.024 || 耗时：8.22s\n"}
,{"stream_name":"stdout","time":67.59037205,"data":"轮次:··5/·10 || loss:0.029 || 耗时：8.35s\n"}
,{"stream_name":"stdout","time":68.221431563,"data":"任务: (B1)N15_M01_F10; mix批次:····0; 批次:··330/··660; 总正确率 = 97.70%\n"}
,{"stream_name":"stdout","time":68.221481891,"data":"类型1 正确率： 100.00% -\u003e 1  100.00%, 2    0.00%, 3    0.00%\n"}
,{"stream_name":"stdout","time":68.221490142,"data":"类型2 正确率：  93.00% -\u003e 1    0.00%, 2   93.09%, 3    6.91%\n"}
,{"stream_name":"stdout","time":68.221495727,"data":"类型3 正确率： 100.00% -\u003e 1    0.00%, 2    0.00%, 3  100.00%\n"}
,{"stream_name":"stdout","time":68.2215016,"data":"\n"}
,{"stream_name":"stdout","time":68.221506226,"data":"\n"}
,{"stream_name":"stdout","time":76.797414406,"data":"轮次:··6/·10 || loss:0.008 || 耗时：8.47s\n"}
,{"stream_name":"stdout","time":85.464689296,"data":"轮次:··7/·10 || loss:0.071 || 耗时：8.60s\n"}
,{"stream_name":"stdout","time":94.273078764,"data":"轮次:··8/·10 || loss:0.004 || 耗时：8.74s\n"}
,{"stream_name":"stdout","time":103.247742797,"data":"轮次:··9/·10 || loss:0.001 || 耗时：8.91s\n"}
,{"stream_name":"stdout","time":112.346529218,"data":"轮次:·10/·10 || loss:0.002 || 耗时：9.03s\n"}
,{"stream_name":"stdout","time":112.956433941,"data":"任务: (B1)N15_M01_F10; mix批次:····0; 批次:··660/··660; 总正确率 = 98.76%\n"}
,{"stream_name":"stdout","time":112.956490626,"data":"类型1 正确率： 100.00% -\u003e 1  100.00%, 2    0.00%, 3    0.00%\n"}
,{"stream_name":"stdout","time":112.956496624,"data":"类型2 正确率：  96.00% -\u003e 1    0.00%, 2   96.28%, 3    3.72%\n"}
,{"stream_name":"stdout","time":112.956500898,"data":"类型3 正确率： 100.00% -\u003e 1    0.00%, 2    0.00%, 3  100.00%\n"}
,{"stream_name":"stdout","time":112.956504833,"data":"\n"}
,{"stream_name":"stdout","time":112.956508274,"data":"\n"}
,{"stream_name":"stdout","time":114.250863942,"data":"测试集任务: (B1)N15_M01_F10; 总正确率 = 98.64%\n"}
,{"stream_name":"stdout","time":114.250895798,"data":"类型1 正确率： 100.00% -\u003e 1  100.00%, 2    0.00%, 3    0.00%\n"}
,{"stream_name":"stdout","time":114.250900547,"data":"类型2 正确率：  96.00% -\u003e 1    0.00%, 2   96.15%, 3    3.85%\n"}
,{"stream_name":"stdout","time":114.250904355,"data":"类型3 正确率： 100.00% -\u003e 1    0.00%, 2    0.24%, 3   99.76%\n"}
,{"stream_name":"stdout","time":114.250908397,"data":"\n"}
,{"stream_name":"stdout","time":114.250911895,"data":"\n"}
,{"stream_name":"stdout","time":114.265958738,"data":"源域训练结束\n"}
,{"stream_name":"stdout","time":114.265981957,"data":"\n"}
,{"stream_name":"stdout","time":114.265987071,"data":"训练好之后，测试目标域\n"}
,{"stream_name":"stdout","time":114.26599388,"data":"目标域路径：/kaggle/working/shot_k10/S08/sdalr_PU_shot/DATA_foldS08/PU_M1_L3/N15_M07_F10_label.txt\n"}
,{"stream_name":"stderr","time":114.6508602,"data":"/usr/local/lib/python3.12/dist-packages/torch/nn/utils/weight_norm.py:144: FutureWarning: `torch.nn.utils.weight_norm` is deprecated in favor of `torch.nn.utils.parametrizations.weight_norm`.\n"}
,{"stream_name":"stderr","time":114.650896641,"data":"  WeightNorm.apply(module, name, dim)\n"}
,{"stream_name":"stdout","time":115.888525428,"data":"测试目标数据集结果如下：\n"}
,{"stream_name":"stdout","time":115.888554142,"data":"任务: (B1)N15_M01_F10→(B2)N15_M07_F10, 正确率 = 99.75%\n"}
,{"stream_name":"stdout","time":115.888558316,"data":"类型1 正确率： 100.00% -\u003e 1  100.00%, 2    0.00%, 3    0.00%\n"}
,{"stream_name":"stdout","time":115.888562141,"data":"类型2 正确率： 100.00% -\u003e 1    0.00%, 2   99.74%, 3    0.26%\n"}
,{"stream_name":"stdout","time":115.888565532,"data":"类型3 正确率： 100.00% -\u003e 1    0.00%, 2    0.49%, 3   99.51%\n"}
,{"stream_name":"stdout","time":115.888568776,"data":"\n"}
,{"stream_name":"stdout","time":115.888971008,"data":"目标域路径：/kaggle/working/shot_k10/S08/sdalr_PU_shot/DATA_foldS08/PU_M1_L3/N15_M07_F04_label.txt\n"}
,{"stream_name":"stderr","time":116.272749607,"data":"/usr/local/lib/python3.12/dist-packages/torch/nn/utils/weight_norm.py:144: FutureWarning: `torch.nn.utils.weight_norm` is deprecated in favor of `torch.nn.utils.parametrizations.weight_norm`.\n"}
,{"stream_name":"stderr","time":116.272788529,"data":"  WeightNorm.apply(module, name, dim)\n"}
,{"stream_name":"stdout","time":117.514732545,"data":"测试目标数据集结果如下：\n"}
,{"stream_name":"stdout","time":117.51476929,"data":"任务: (B1)N15_M01_F10→(B3)N15_M07_F04, 正确率 = 89.57%\n"}
,{"stream_name":"stdout","time":117.514776062,"data":"类型1 正确率： 100.00% -\u003e 1  100.00%, 2    0.00%, 3    0.00%\n"}
,{"stream_name":"stdout","time":117.514782084,"data":"类型2 正确率：  73.00% -\u003e 1    0.49%, 2   73.15%, 3   26.35%\n"}
,{"stream_name":"stdout","time":117.514787574,"data":"类型3 正确率：  96.00% -\u003e 1    1.57%, 2    2.87%, 3   95.56%\n"}
,{"stream_name":"stdout","time":117.514811557,"data":"\n"}
,{"stream_name":"stdout","time":117.515233302,"data":"\n"}
,{"stream_name":"stdout","time":117.515254485,"data":"\n"}
,{"stream_name":"stdout","time":117.515259069,"data":"现在开始拿源域训练集：(B2)N15_M07_F10 进行训练\n"}
,{"stream_name":"stdout","time":117.515263492,"data":"源域读取路径：/kaggle/working/shot_k10/S08/sdalr_PU_shot/DATA_foldS08/PU_M1_L3/N15_M07_F10_label.txt\n"}
,{"stream_name":"stdout","time":117.515297358,"data":"excel输出位置：/kaggle/working/shot_k10/S08/weight_src_PU_M1_FS08_s2024/NEW_PU/Source-源域\n"}
,{"stream_name":"stdout","time":117.515345687,"data":"log\u0026pt输出位置：/kaggle/working/shot_k10/S08/weight_src_PU_M1_FS08_s2024/NEW_PU/Source-源域/log\u0026pt/(B2)N15_M07_F10\n"}
,{"stream_name":"stdout","time":117.515504156,"data":"特征图片输出位置：/kaggle/working/shot_k10/S08/weight_src_PU_M1_FS08_s2024/NEW_PU/Picture-特征图/2026年09月21日20时07分/(B2)N15_M07_F10\n"}
,{"stream_name":"stderr","time":117.517148607,"data":"sh: 1: Syntax error: word unexpected (expecting \")\")\n"}
,{"stream_name":"stdout","time":117.517702442,"data":"源域训练开始\n"}
,{"stream_name":"stderr","time":119.362457223,"data":"/usr/local/lib/python3.12/dist-packages/torch/nn/utils/weight_norm.py:144: FutureWarning: `torch.nn.utils.weight_norm` is deprecated in favor of `torch.nn.utils.parametrizations.weight_norm`.\n"}
,{"stream_name":"stderr","time":119.36251607,"data":"  WeightNorm.apply(module, name, dim)\n"}
,{"stream_name":"stdout","time":128.54202637,"data":"轮次:··1/·10 || loss:0.066 || 耗时：9.11s\n"}
,{"stream_name":"stdout","time":137.571196049,"data":"轮次:··2/·10 || loss:0.059 || 耗时：8.96s\n"}
,{"stream_name":"stdout","time":146.536947643,"data":"轮次:··3/·10 || loss:0.001 || 耗时：8.90s\n"}
,{"stream_name":"stdout","time":155.437008543,"data":"轮次:··4/·10 || loss:0.003 || 耗时：8.84s\n"}
,{"stream_name":"stdout","time":164.315841471,"data":"轮次:··5/·10 || loss:0.014 || 耗时：8.82s\n"}
,{"stream_name":"stdout","time":164.906080804,"data":"任务: (B2)N15_M07_F10; mix批次:····0; 批次:··330/··660; 总正确率 = 100.00%\n"}
,{"stream_name":"stdout","time":164.906113613,"data":"类型1 正确率： 100.00% -\u003e 1  100.00%, 2    0.00%, 3    0.00%\n"}
,{"stream_name":"stdout","time":164.906140748,"data":"类型2 正确率： 100.00% -\u003e 1    0.00%, 2  100.00%, 3    0.00%\n"}
,{"stream_name":"stdout","time":164.906149443,"data":"类型3 正确率： 100.00% -\u003e 1    0.00%, 2    0.00%, 3  100.00%\n"}
,{"stream_name":"stdout","time":164.906155248,"data":"\n"}
,{"stream_name":"stdout","time":164.906160424,"data":"\n"}
,{"stream_name":"stdout","time":173.839129675,"data":"轮次:··6/·10 || loss:0.001 || 耗时：8.83s\n"}
,{"stream_name":"stdout","time":182.729106575,"data":"轮次:··7/·10 || loss:0.002 || 耗时：8.83s\n"}
,{"stream_name":"stdout","time":191.665524417,"data":"轮次:··8/·10 || loss:0.001 || 耗时：8.87s\n"}
,{"stream_name":"stdout","time":200.610602407,"data":"轮次:··9/·10 || loss:0.003 || 耗时：8.88s\n"}
,{"stream_name":"stdout","time":209.58098882,"data":"轮次:·10/·10 || loss:0.000 || 耗时：8.91s\n"}
,{"stream_name":"stdout","time":210.178674753,"data":"任务: (B2)N15_M07_F10; mix批次:····0; 批次:··660/··660; 总正确率 = 100.00%\n"}
,{"stream_name":"stdout","time":210.178708455,"data":"类型1 正确率： 100.00% -\u003e 1  100.00%, 2    0.00%, 3    0.00%\n"}
,{"stream_name":"stdout","time":210.178715627,"data":"类型2 正确率： 100.00% -\u003e 1    0.00%, 2  100.00%, 3    0.00%\n"}
,{"stream_name":"stdout","time":210.178739232,"data":"类型3 正确率： 100.00% -\u003e 1    0.00%, 2    0.00%, 3  100.00%\n"}
,{"stream_name":"stdout","time":210.178744086,"data":"\n"}
,{"stream_name":"stdout","time":210.178747949,"data":"\n"}
,{"stream_name":"stdout","time":211.452855067,"data":"测试集任务: (B2)N15_M07_F10; 总正确率 = 100.00%\n"}
,{"stream_name":"stdout","time":211.452885769,"data":"类型1 正确率： 100.00% -\u003e 1  100.00%, 2    0.00%, 3    0.00%\n"}
,{"stream_name":"stdout","time":211.452890379,"data":"类型2 正确率： 100.00% -\u003e 1    0.00%, 2  100.00%, 3    0.00%\n"}
,{"stream_name":"stdout","time":211.45289372,"data":"类型3 正确率： 100.00% -\u003e 1    0.00%, 2    0.00%, 3  100.00%\n"}
,{"stream_name":"stdout","time":211.452896845,"data":"\n"}
,{"stream_name":"stdout","time":211.452899704,"data":"\n"}
,{"stream_name":"stdout","time":211.461364147,"data":"源域训练结束\n"}
,{"stream_name":"stdout","time":211.461376679,"data":"\n"}
,{"stream_name":"stdout","time":211.461380191,"data":"训练好之后，测试目标域\n"}
,{"stream_name":"stdout","time":211.461383691,"data":"目标域路径：/kaggle/working/shot_k10/S08/sdalr_PU_shot/DATA_foldS08/PU_M1_L3/N15_M01_F10_label.txt\n"}
,{"stream_name":"stderr","time":211.853073827,"data":"/usr/local/lib/python3.12/dist-packages/torch/nn/utils/weight_norm.py:144: FutureWarning: `torch.nn.utils.weight_norm` is deprecated in favor of `torch.nn.utils.parametrizations.weight_norm`.\n"}
,{"stream_name":"stderr","time":211.853131577,"data":"  WeightNorm.apply(module, name, dim)\n"}
,{"stream_name":"stdout","time":213.076320567,"data":"测试目标数据集结果如下：\n"}
,{"stream_name":"stdout","time":213.076350253,"data":"任务: (B2)N15_M07_F10→(B1)N15_M01_F10, 正确率 = 94.13%\n"}
,{"stream_name":"stdout","time":213.076355467,"data":"类型1 正确率： 100.00% -\u003e 1  100.00%, 2    0.00%, 3    0.00%\n"}
,{"stream_name":"stdout","time":213.076360409,"data":"类型2 正确率：  82.00% -\u003e 1    0.50%, 2   82.38%, 3   17.12%\n"}
,{"stream_name":"stdout","time":213.076365063,"data":"类型3 正确率： 100.00% -\u003e 1    0.00%, 2    0.00%, 3  100.00%\n"}
,{"stream_name":"stdout","time":213.076369242,"data":"\n"}
,{"stream_name":"stdout","time":213.076785326,"data":"目标域路径：/kaggle/working/shot_k10/S08/sdalr_PU_shot/DATA_foldS08/PU_M1_L3/N15_M07_F04_label.txt\n"}
,{"stream_name":"stderr","time":213.46167026,"data":"/usr/local/lib/python3.12/dist-packages/torch/nn/utils/weight_norm.py:144: FutureWarning: `torch.nn.utils.weight_norm` is deprecated in favor of `torch.nn.utils.parametrizations.weight_norm`.\n"}
,{"stream_name":"stderr","time":213.461712296,"data":"  WeightNorm.apply(module, name, dim)\n"}
,{"stream_name":"stdout","time":214.686751075,"data":"测试目标数据集结果如下：\n"}
,{"stream_name":"stdout","time":214.686785803,"data":"任务: (B2)N15_M07_F10→(B3)N15_M07_F04, 正确率 = 94.39%\n"}
,{"stream_name":"stdout","time":214.686791099,"data":"类型1 正确率： 100.00% -\u003e 1  100.00%, 2    0.00%, 3    0.00%\n"}
,{"stream_name":"stdout","time":214.68679558,"data":"类型2 正确率：  90.00% -\u003e 1    0.00%, 2   90.07%, 3    9.93%\n"}
,{"stream_name":"stdout","time":214.686799632,"data":"类型3 正确率：  93.00% -\u003e 1    1.33%, 2    5.59%, 3   93.09%\n"}
,{"stream_name":"stdout","time":214.686803915,"data":"\n"}
,{"stream_name":"stdout","time":214.687174287,"data":"\n"}
,{"stream_name":"stdout","time":214.687184783,"data":"\n"}
,{"stream_name":"stdout","time":214.687286466,"data":"现在开始拿源域训练集：(B3)N15_M07_F04 进行训练\n"}
,{"stream_name":"stdout","time":214.687306984,"data":"源域读取路径：/kaggle/working/shot_k10/S08/sdalr_PU_shot/DATA_foldS08/PU_M1_L3/N15_M07_F04_label.txt\n"}
,{"stream_name":"stdout","time":214.687310556,"data":"excel输出位置：/kaggle/working/shot_k10/S08/weight_src_PU_M1_FS08_s2024/NEW_PU/Source-源域\n"}
,{"stream_name":"stdout","time":214.68732652,"data":"log\u0026pt输出位置：/kaggle/working/shot_k10/S08/weight_src_PU_M1_FS08_s2024/NEW_PU/Source-源域/log\u0026pt/(B3)N15_M07_F04\n"}
,{"stream_name":"stdout","time":214.687499298,"data":"特征图片输出位置：/kaggle/working/shot_k10/S08/weight_src_PU_M1_FS08_s2024/NEW_PU/Picture-特征图/2026年09月21日20时07分/(B3)N15_M07_F04\n"}
,{"stream_name":"stderr","time":214.689144977,"data":"sh: 1: Syntax error: word unexpected (expecting \")\")\n"}
,{"stream_name":"stdout","time":214.689675919,"data":"源域训练开始\n"}
,{"stream_name":"stderr","time":216.507006038,"data":"/usr/local/lib/python3.12/dist-packages/torch/nn/utils/weight_norm.py:144: FutureWarning: `torch.nn.utils.weight_norm` is deprecated in favor of `torch.nn.utils.parametrizations.weight_norm`.\n"}
,{"stream_name":"stderr","time":216.507058182,"data":"  WeightNorm.apply(module, name, dim)\n"}
,{"stream_name":"stdout","time":225.519562626,"data":"轮次:··1/·10 || loss:0.026 || 耗时：8.95s\n"}
,{"stream_name":"stdout","time":234.474467296,"data":"轮次:··2/·10 || loss:0.005 || 耗时：8.89s\n"}
,{"stream_name":"stdout","time":243.433544499,"data":"轮次:··3/·10 || loss:0.014 || 耗时：8.89s\n"}
,{"stream_name":"stdout","time":252.41796626,"data":"轮次:··4/·10 || loss:0.002 || 耗时：8.92s\n"}
,{"stream_name":"stdout","time":261.394565756,"data":"轮次:··5/·10 || loss:0.019 || 耗时：8.91s\n"}
,{"stream_name":"stdout","time":261.993017338,"data":"任务: (B3)N15_M07_F04; mix批次:····0; 批次:··330/··660; 总正确率 = 99.48%\n"}
,{"stream_name":"stdout","time":261.993051833,"data":"类型1 正确率： 100.00% -\u003e 1  100.00%, 2    0.00%, 3    0.00%\n"}
,{"stream_name":"stdout","time":261.993057857,"data":"类型2 正确率： 100.00% -\u003e 1    0.00%, 2  100.00%, 3    0.00%\n"}
,{"stream_name":"stdout","time":261.993077443,"data":"类型3 正确率：  98.00% -\u003e 1    0.00%, 2    1.55%, 3   98.45%\n"}
,{"stream_name":"stdout","time":261.993081861,"data":"\n"}
,{"stream_name":"stdout","time":261.993085881,"data":"\n"}
,{"stream_name":"stdout","time":270.992534826,"data":"轮次:··6/·10 || loss:0.010 || 耗时：8.90s\n"}
,{"stream_name":"stdout","time":279.957363506,"data":"轮次:··7/·10 || loss:0.001 || 耗时：8.90s\n"}
,{"stream_name":"stdout","time":288.932447195,"data":"轮次:··8/·10 || loss:0.018 || 耗时：8.91s\n"}
,{"stream_name":"stdout","time":297.903210551,"data":"轮次:··9/·10 || loss:0.002 || 耗时：8.91s\n"}
,{"stream_name":"stdout","time":306.875838149,"data":"轮次:·10/·10 || loss:0.003 || 耗时：8.91s\n"}
,{"stream_name":"stdout","time":307.47097492,"data":"任务: (B3)N15_M07_F04; mix批次:····0; 批次:··660/··660; 总正确率 = 99.48%\n"}
,{"stream_name":"stdout","time":307.471007005,"data":"类型1 正确率： 100.00% -\u003e 1  100.00%, 2    0.00%, 3    0.00%\n"}
,{"stream_name":"stdout","time":307.471012636,"data":"类型2 正确率： 100.00% -\u003e 1    0.00%, 2  100.00%, 3    0.00%\n"}
,{"stream_name":"stdout","time":307.471017073,"data":"类型3 正确率：  98.00% -\u003e 1    0.00%, 2    1.55%, 3   98.45%\n"}
,{"stream_name":"stdout","time":307.471021408,"data":"\n"}
,{"stream_name":"stdout","time":307.471025449,"data":"\n"}
,{"stream_name":"stdout","time":308.729583361,"data":"测试集任务: (B3)N15_M07_F04; 总正确率 = 99.21%\n"}
,{"stream_name":"stdout","time":308.72965491,"data":"类型1 正确率： 100.00% -\u003e 1  100.00%, 2    0.00%, 3    0.00%\n"}
,{"stream_name":"stdout","time":308.729660286,"data":"类型2 正确率：  98.00% -\u003e 1    0.00%, 2   98.10%, 3    1.90%\n"}
,{"stream_name":"stdout","time":308.729663764,"data":"类型3 正确率： 100.00% -\u003e 1    0.00%, 2    0.46%, 3   99.54%\n"}
,{"stream_name":"stdout","time":308.729667162,"data":"\n"}
,{"stream_name":"stdout","time":308.729670404,"data":"\n"}
,{"stream_name":"stdout","time":308.738410608,"data":"源域训练结束\n"}
,{"stream_name":"stdout","time":308.738421687,"data":"\n"}
,{"stream_name":"stdout","time":308.738425094,"data":"训练好之后，测试目标域\n"}
,{"stream_name":"stdout","time":308.738436792,"data":"目标域路径：/kaggle/working/shot_k10/S08/sdalr_PU_shot/DATA_foldS08/PU_M1_L3/N15_M01_F10_label.txt\n"}
,{"stream_name":"stderr","time":309.122213718,"data":"/usr/local/lib/python3.12/dist-packages/torch/nn/utils/weight_norm.py:144: FutureWarning: `torch.nn.utils.weight_norm` is deprecated in favor of `torch.nn.utils.parametrizations.weight_norm`.\n"}
,{"stream_name":"stderr","time":309.122294075,"data":"  WeightNorm.apply(module, name, dim)\n"}
,{"stream_name":"stdout","time":310.343323558,"data":"测试目标数据集结果如下：\n"}
,{"stream_name":"stdout","time":310.343350228,"data":"任务: (B3)N15_M07_F04→(B1)N15_M01_F10, 正确率 = 95.50%\n"}
,{"stream_name":"stdout","time":310.343355226,"data":"类型1 正确率： 100.00% -\u003e 1  100.00%, 2    0.00%, 3    0.00%\n"}
,{"stream_name":"stdout","time":310.343359905,"data":"类型2 正确率：  88.00% -\u003e 1    0.00%, 2   88.39%, 3   11.61%\n"}
,{"stream_name":"stdout","time":310.343363894,"data":"类型3 正确率：  98.00% -\u003e 1    0.00%, 2    1.90%, 3   98.10%\n"}
,{"stream_name":"stdout","time":310.343367764,"data":"\n"}
,{"stream_name":"stdout","time":310.34382718,"data":"目标域路径：/kaggle/working/shot_k10/S08/sdalr_PU_shot/DATA_foldS08/PU_M1_L3/N15_M07_F10_label.txt\n"}
,{"stream_name":"stderr","time":310.730899886,"data":"/usr/local/lib/python3.12/dist-packages/torch/nn/utils/weight_norm.py:144: FutureWarning: `torch.nn.utils.weight_norm` is deprecated in favor of `torch.nn.utils.parametrizations.weight_norm`.\n"}
,{"stream_name":"stderr","time":310.73092829,"data":"  WeightNorm.apply(module, name, dim)\n"}
,{"stream_name":"stdout","time":311.949865689,"data":"测试目标数据集结果如下：\n"}
,{"stream_name":"stdout","time":311.949898226,"data":"任务: (B3)N15_M07_F04→(B2)N15_M07_F10, 正确率 = 99.67%\n"}
,{"stream_name":"stdout","time":311.94990529,"data":"类型1 正确率： 100.00% -\u003e 1   99.75%, 2    0.25%, 3    0.00%\n"}
,{"stream_name":"stdout","time":311.949911388,"data":"类型2 正确率： 100.00% -\u003e 1    0.00%, 2  100.00%, 3    0.00%\n"}
,{"stream_name":"stdout","time":311.94991692,"data":"类型3 正确率：  99.00% -\u003e 1    0.00%, 2    0.73%, 3   99.27%\n"}
,{"stream_name":"stdout","time":311.949922809,"data":"\n"}
,{"stream_name":"stdout","time":311.959045123,"data":"[src_pretrain_RES_PU.py --folder_root /kaggle/working/shot_k10/S08/sdalr_PU_shot/DATA_foldS08 --seed 2024 --class_num 3 --data_name PU_M1_L3 --output /kaggle/working/shot_k10/S08/weight_src_PU_M1_FS08_s2024] 289s\n"}
,{"stream_name":"stdout","time":312.005817039,"data":"读取源域路径：/kaggle/working/shot_k10/S08/weight_PU_M1_shot_FS08toS08_s2024/NEW_PU/Source-源域/log\u0026pt/(B1)N15_M01_F10\n"}
,{"stream_name":"stdout","time":312.00585301,"data":"excel输出位置：/kaggle/working/shot_k10/S08/weight_PU_M1_shot_FS08toS08_s2024/NEW_PU/Target-目标域\n"}
,{"stream_name":"stdout","time":312.00586988,"data":"特征图片输出位置：/kaggle/working/shot_k10/S08/weight_PU_M1_shot_FS08toS08_s2024/NEW_PU/Picture-特征图/2026年09月21日20时12分/(B1)N15_M01_F10\n"}
,{"stream_name":"stderr","time":312.044733356,"data":"/usr/local/lib/python3.12/dist-packages/torch/nn/utils/weight_norm.py:144: FutureWarning: `torch.nn.utils.weight_norm` is deprecated in favor of `torch.nn.utils.parametrizations.weight_norm`.\n"}
,{"stream_name":"stderr","time":312.044765431,"data":"  WeightNorm.apply(module, name, dim)\n"}
,{"stream_name":"stdout","time":312.080510664,"data":"现在选取:(B1)N15_M01_F10 进行训练的源模型\n"}
,{"stream_name":"stdout","time":312.08054247,"data":"现在进行：(B1)N15_M01_F10→(B2)N15_M07_F10 的迁移任务\n"}
,{"stream_name":"stdout","time":312.080548165,"data":"log\u0026pt输出位置：/kaggle/working/shot_k10/S08/weight_PU_M1_shot_FS08toS08_s2024/NEW_PU/Target-目标域/log\u0026pt/(B1)N15_M01_F10→(B2)N15_M07_F10\n"}
,{"stream_name":"stderr","time":312.081866757,"data":"sh: 1: Syntax error: word unexpected (expecting \")\")\n"}
,{"stream_name":"stdout","time":323.234247858,"data":"任务: (B1)N15_M01_F10→(B2)N15_M07_F10; 批次:····0/·1880;  总正确率: 99.53%\n"}
,{"stream_name":"stdout","time":323.23430288,"data":"类型1 正确率： 100.00% -\u003e 1  100.00%, 2    0.00%, 3    0.00%\n"}
,{"stream_name":"stdout","time":323.234310206,"data":"类型2 正确率： 100.00% -\u003e 1    0.05%, 2   99.65%, 3    0.30%\n"}
,{"stream_name":"stdout","time":323.234316126,"data":"类型3 正确率：  99.00% -\u003e 1    0.00%, 2    1.05%, 3   98.95%\n"}
,{"stream_name":"stdout","time":323.234321881,"data":"\n"}
,{"stream_name":"stdout","time":323.234327617,"data":"\n"}
,{"stream_name":"stdout","time":326.500268404,"data":"SHOT pseudo-labels: model 99.53% -\u003e centroid 99.52%\n"}
,{"stream_name":"stderr","time":339.428474045,"data":"/kaggle/working/shot_k10/S08/sdalr_PU_shot/tar_adaptation_RES_PU.py:114: UserWarning: Converting a tensor with requires_grad=True to a scalar may lead to unexpected behavior.\n"}
,{"stream_name":"stderr","time":339.428521905,"data":"Consider using tensor.detach() first. (Triggered internally at /pytorch/torch/csrc/autograd/generated/python_variable_methods.cpp:836.)\n"}
,{"stream_name":"stderr","time":339.428528429,"data":"  iter_num // epoch_len, args.max_epoch, float(classifier_loss), float(im_loss), time.time() - start))\n"}
,{"stream_name":"stdout","time":339.428472402,"data":"轮次:··1/·20 || cls:1.124 || im:-0.698 || 耗时：22.14s\n"}
,{"stream_name":"stdout","time":342.765277907,"data":"SHOT pseudo-labels: model 57.80% -\u003e centroid 45.37%\n"}
,{"stream_name":"stdout","time":355.676995472,"data":"轮次:··2/·20 || cls:1.149 || im:-0.687 || 耗时：16.25s\n"}
,{"stream_name":"stdout","time":358.996208185,"data":"SHOT pseudo-labels: model 49.67% -\u003e centroid 43.52%\n"}
,{"stream_name":"stdout","time":371.825264306,"data":"轮次:··3/·20 || cls:0.830 || im:-0.629 || 耗时：16.15s\n"}
,{"stream_name":"stdout","time":375.103252746,"data":"SHOT pseudo-labels: model 50.85% -\u003e centroid 44.47%\n"}
,{"stream_name":"stdout","time":387.85130721,"data":"轮次:··4/·20 || cls:0.794 || im:-0.683 || 耗时：16.03s\n"}
,{"stream_name":"stdout","time":391.156233021,"data":"SHOT pseudo-labels: model 59.67% -\u003e centroid 48.38%\n"}
,{"stream_name":"stdout","time":403.920279293,"data":"轮次:··5/·20 || cls:0.703 || im:-0.721 || 耗时：16.07s\n"}
,{"stream_name":"stdout","time":407.224226885,"data":"SHOT pseudo-labels: model 67.75% -\u003e centroid 93.92%\n"}
,{"stream_name":"stdout","time":420.016421507,"data":"轮次:··6/·20 || cls:0.590 || im:-0.590 || 耗时：16.10s\n"}
,{"stream_name":"stdout","time":423.32926557,"data":"SHOT pseudo-labels: model 70.68% -\u003e centroid 96.20%\n"}
,{"stream_name":"stdout","time":436.145391848,"data":"轮次:··7/·20 || cls:0.758 || im:-0.633 || 耗时：16.13s\n"}
,{"stream_name":"stdout","time":439.450229233,"data":"SHOT pseudo-labels: model 73.58% -\u003e centroid 95.45%\n"}
,{"stream_name":"stdout","time":452.289453245,"data":"轮次:··8/·20 || cls:0.841 || im:-0.673 || 耗时：16.14s\n"}
,{"stream_name":"stdout","time":455.621214524,"data":"SHOT pseudo-labels: model 76.23% -\u003e centroid 94.53%\n"}
,{"stream_name":"stdout","time":468.451464927,"data":"轮次:··9/·20 || cls:0.649 || im:-0.625 || 耗时：16.16s\n"}
,{"stream_name":"stdout","time":471.776929154,"data":"SHOT pseudo-labels: model 78.45% -\u003e centroid 94.60%\n"}
,{"stream_name":"stdout","time":484.615992099,"data":"轮次:·10/·20 || cls:0.598 || im:-0.615 || 耗时：16.16s\n"}
,{"stream_name":"stdout","time":487.912297227,"data":"SHOT pseudo-labels: model 81.83% -\u003e centroid 93.87%\n"}
,{"stream_name":"stdout","time":500.733238271,"data":"轮次:·11/·20 || cls:0.736 || im:-0.644 || 耗时：16.12s\n"}
,{"stream_name":"stdout","time":504.043160896,"data":"SHOT pseudo-labels: model 81.83% -\u003e centroid 93.85%\n"}
,{"stream_name":"stdout","time":516.857226157,"data":"轮次:·12/·20 || cls:0.816 || im:-0.641 || 耗时：16.12s\n"}
,{"stream_name":"stdout","time":520.142210043,"data":"SHOT pseudo-labels: model 85.13% -\u003e centroid 93.70%\n"}
,{"stream_name":"stdout","time":532.94464246,"data":"轮次:·13/·20 || cls:0.772 || im:-0.691 || 耗时：16.09s\n"}
,{"stream_name":"stdout","time":536.238244357,"data":"SHOT pseudo-labels: model 85.37% -\u003e centroid 93.27%\n"}
,{"stream_name":"stdout","time":549.021730333,"data":"轮次:·14/·20 || cls:0.638 || im:-0.591 || 耗时：16.08s\n"}
,{"stream_name":"stdout","time":552.326203688,"data":"SHOT pseudo-labels: model 89.83% -\u003e centroid 93.65%\n"}
,{"stream_name":"stdout","time":565.117248922,"data":"轮次:·15/·20 || cls:0.792 || im:-0.730 || 耗时：16.10s\n"}
,{"stream_name":"stdout","time":568.429346747,"data":"SHOT pseudo-labels: model 89.65% -\u003e centroid 93.57%\n"}
,{"stream_name":"stdout","time":581.225265739,"data":"轮次:·16/·20 || cls:0.790 || im:-0.647 || 耗时：16.11s\n"}
,{"stream_name":"stdout","time":584.527796966,"data":"SHOT pseudo-labels: model 89.38% -\u003e centroid 92.88%\n"}
,{"stream_name":"stdout","time":597.344989718,"data":"轮次:·17/·20 || cls:0.835 || im:-0.652 || 耗时：16.12s\n"}
,{"stream_name":"stdout","time":600.669227041,"data":"SHOT pseudo-labels: model 90.42% -\u003e centroid 92.92%\n"}
,{"stream_name":"stdout","time":613.500207976,"data":"轮次:·18/·20 || cls:0.712 || im:-0.661 || 耗时：16.16s\n"}
,{"stream_name":"stdout","time":616.801257469,"data":"SHOT pseudo-labels: model 91.65% -\u003e centroid 92.97%\n"}
,{"stream_name":"stdout","time":629.637434922,"data":"轮次:·19/·20 || cls:0.827 || im:-0.640 || 耗时：16.14s\n"}
,{"stream_name":"stdout","time":632.961221432,"data":"SHOT pseudo-labels: model 91.92% -\u003e centroid 92.35%\n"}
,{"stream_name":"stdout","time":645.786678837,"data":"轮次:·20/·20 || cls:0.494 || im:-0.698 || 耗时：16.15s\n"}
,{"stream_name":"stdout","time":651.74584373,"data":"测试集任务: (B1)N15_M01_F10→(B2)N15_M07_F10; 总正确率 = 93.32%\n"}
,{"stream_name":"stdout","time":651.745888795,"data":"类型1 正确率：  98.00% -\u003e 1   98.50%, 2    0.75%, 3    0.75%\n"}
,{"stream_name":"stdout","time":651.745894716,"data":"类型2 正确率：  86.00% -\u003e 1    7.65%, 2   85.70%, 3    6.65%\n"}
,{"stream_name":"stdout","time":651.745913469,"data":"类型3 正确率：  96.00% -\u003e 1    0.00%, 2    4.25%, 3   95.75%\n"}
,{"stream_name":"stdout","time":651.745916805,"data":"\n"}
,{"stream_name":"stdout","time":651.745919347,"data":"\n"}
,{"stream_name":"stdout","time":651.762052872,"data":"[tar_adaptation_RES_PU.py --folder_root /kaggle/working/shot_k10/S08/sdalr_PU_shot/DATA_foldS08 --seed 2024 --class_num 3 --data_name PU_M1_L3 --output /kaggle/working/shot_k10/S08/weight_PU_M1_shot_FS08toS08_s2024 --s 0 --t 1 --lr 0.0005 --threshold 0.4 --K 0.6] 340s\n"}
,{"stream_name":"stdout","time":651.796089778,"data":"读取源域路径：/kaggle/working/shot_k10/S08/weight_PU_M1_shot_FS08toS08_s2024/NEW_PU/Source-源域/log\u0026pt/(B1)N15_M01_F10\n"}
,{"stream_name":"stdout","time":651.796118221,"data":"excel输出位置：/kaggle/working/shot_k10/S08/weight_PU_M1_shot_FS08toS08_s2024/NEW_PU/Target-目标域\n"}
,{"stream_name":"stdout","time":651.796147175,"data":"特征图片输出位置：/kaggle/working/shot_k10/S08/weight_PU_M1_shot_FS08toS08_s2024/NEW_PU/Picture-特征图/2026年09月21日20时18分/(B1)N15_M01_F10\n"}
,{"stream_name":"stderr","time":651.831634426,"data":"/usr/local/lib/python3.12/dist-packages/torch/nn/utils/weight_norm.py:144: FutureWarning: `torch.nn.utils.weight_norm` is deprecated in favor of `torch.nn.utils.parametrizations.weight_norm`.\n"}
,{"stream_name":"stderr","time":651.831669404,"data":"  WeightNorm.apply(module, name, dim)\n"}
,{"stream_name":"stdout","time":651.871923185,"data":"现在选取:(B1)N15_M01_F10 进行训练的源模型\n"}
,{"stream_name":"stdout","time":651.871960017,"data":"现在进行：(B1)N15_M01_F10→(B3)N15_M07_F04 的迁移任务\n"}
,{"stream_name":"stdout","time":651.871966969,"data":"log\u0026pt输出位置：/kaggle/working/shot_k10/S08/weight_PU_M1_shot_FS08toS08_s2024/NEW_PU/Target-目标域/log\u0026pt/(B1)N15_M01_F10→(B3)N15_M07_F04\n"}
,{"stream_name":"stderr","time":651.873393823,"data":"sh: 1: Syntax error: word unexpected (expecting \")\")\n"}
,{"stream_name":"stdout","time":663.180477176,"data":"任务: (B1)N15_M01_F10→(B3)N15_M07_F04; 批次:····0/·1880;  总正确率: 89.43%\n"}
,{"stream_name":"stdout","time":663.18052903,"data":"类型1 正确率： 100.00% -\u003e 1  100.00%, 2    0.00%, 3    0.00%\n"}
,{"stream_name":"stdout","time":663.180537287,"data":"类型2 正确率：  74.00% -\u003e 1    0.50%, 2   73.90%, 3   25.60%\n"}
,{"stream_name":"stdout","time":663.180543303,"data":"类型3 正确率：  94.00% -\u003e 1    2.60%, 2    3.00%, 3   94.40%\n"}
,{"stream_name":"stdout","time":663.180548419,"data":"\n"}
,{"stream_name":"stdout","time":663.18055276,"data":"\n"}
,{"stream_name":"stdout","time":666.495277044,"data":"SHOT pseudo-labels: model 89.43% -\u003e centroid 89.77%\n"}
,{"stream_name":"stdout","time":679.352097754,"data":"轮次:··1/·20 || cls:1.473 || im:-0.805 || 耗时：22.16s\n"}
,{"stream_name":"stdout","time":682.699431065,"data":"SHOT pseudo-labels: model 74.23% -\u003e centroid 83.03%\n"}
,{"stream_name":"stdout","time":695.636108336,"data":"轮次:··2/·20 || cls:0.933 || im:-0.741 || 耗时：16.28s\n"}
,{"stream_name":"stdout","time":698.979223595,"data":"SHOT pseudo-labels: model 74.25% -\u003e centroid 83.45%\n"}
,{"stream_name":"stdout","time":711.819277052,"data":"轮次:··3/·20 || cls:0.880 || im:-0.656 || 耗时：16.18s\n"}
,{"stream_name":"stdout","time":715.121219083,"data":"SHOT pseudo-labels: model 81.75% -\u003e centroid 87.05%\n"}
,{"stream_name":"stdout","time":727.876155505,"data":"轮次:··4/·20 || cls:0.692 || im:-0.673 || 耗时：16.06s\n"}
,{"stream_name":"stdout","time":731.162258222,"data":"SHOT pseudo-labels: model 82.88% -\u003e centroid 89.35%\n"}
,{"stream_name":"stdout","time":743.906065722,"data":"轮次:··5/·20 || cls:0.693 || im:-0.696 || 耗时：16.03s\n"}
,{"stream_name":"stdout","time":747.21323727,"data":"SHOT pseudo-labels: model 83.82% -\u003e centroid 89.75%\n"}
,{"stream_name":"stdout","time":760.017587365,"data":"轮次:··6/·20 || cls:0.516 || im:-0.736 || 耗时：16.11s\n"}
,{"stream_name":"stdout","time":763.317232177,"data":"SHOT pseudo-labels: model 84.60% -\u003e centroid 89.90%\n"}
,{"stream_name":"stdout","time":776.143395394,"data":"轮次:··7/·20 || cls:0.662 || im:-0.600 || 耗时：16.13s\n"}
,{"stream_name":"stdout","time":779.443157333,"data":"SHOT pseudo-labels: model 84.87% -\u003e centroid 89.25%\n"}
,{"stream_name":"stdout","time":792.292530539,"data":"轮次:··8/·20 || cls:0.901 || im:-0.752 || 耗时：16.15s\n"}
,{"stream_name":"stdout","time":795.613259038,"data":"SHOT pseudo-labels: model 85.07% -\u003e centroid 88.22%\n"}
,{"stream_name":"stdout","time":808.432076136,"data":"轮次:··9/·20 || cls:0.620 || im:-0.699 || 耗时：16.14s\n"}
,{"stream_name":"stdout","time":811.76322587,"data":"SHOT pseudo-labels: model 84.77% -\u003e centroid 87.78%\n"}
,{"stream_name":"stdout","time":824.578404631,"data":"轮次:·10/·20 || cls:0.763 || im:-0.815 || 耗时：16.15s\n"}
,{"stream_name":"stdout","time":827.88925736,"data":"SHOT pseudo-labels: model 84.98% -\u003e centroid 87.33%\n"}
,{"stream_name":"stdout","time":840.701344523,"data":"轮次:·11/·20 || cls:0.738 || im:-0.606 || 耗时：16.12s\n"}
,{"stream_name":"stdout","time":844.01219774,"data":"SHOT pseudo-labels: model 84.72% -\u003e centroid 89.83%\n"}
,{"stream_name":"stdout","time":856.825924307,"data":"轮次:·12/·20 || cls:0.575 || im:-0.619 || 耗时：16.12s\n"}
,{"stream_name":"stdout","time":860.119219666,"data":"SHOT pseudo-labels: model 84.58% -\u003e centroid 90.03%\n"}
,{"stream_name":"stdout","time":872.945484147,"data":"轮次:·13/·20 || cls:0.670 || im:-0.712 || 耗时：16.12s\n"}
,{"stream_name":"stdout","time":876.256227648,"data":"SHOT pseudo-labels: model 84.95% -\u003e centroid 86.72%\n"}
,{"stream_name":"stdout","time":889.058582747,"data":"轮次:·14/·20 || cls:0.678 || im:-0.592 || 耗时：16.11s\n"}
,{"stream_name":"stdout","time":892.384231244,"data":"SHOT pseudo-labels: model 85.00% -\u003e centroid 89.07%\n"}
,{"stream_name":"stdout","time":905.178266357,"data":"轮次:·15/·20 || cls:0.682 || im:-0.652 || 耗时：16.12s\n"}
,{"stream_name":"stdout","time":908.463238027,"data":"SHOT pseudo-labels: model 85.10% -\u003e centroid 88.25%\n"}
,{"stream_name":"stdout","time":921.312558492,"data":"轮次:·16/·20 || cls:0.681 || im:-0.695 || 耗时：16.13s\n"}
,{"stream_name":"stdout","time":924.636244732,"data":"SHOT pseudo-labels: model 84.85% -\u003e centroid 86.77%\n"}
,{"stream_name":"stdout","time":937.433066832,"data":"轮次:·17/·20 || cls:0.832 || im:-0.682 || 耗时：16.12s\n"}
,{"stream_name":"stdout","time":940.745198364,"data":"SHOT pseudo-labels: model 85.15% -\u003e centroid 88.10%\n"}
,{"stream_name":"stdout","time":953.519741254,"data":"轮次:·18/·20 || cls:0.724 || im:-0.713 || 耗时：16.09s\n"}
,{"stream_name":"stdout","time":956.825245751,"data":"SHOT pseudo-labels: model 85.30% -\u003e centroid 86.95%\n"}
,{"stream_name":"stdout","time":969.616060342,"data":"轮次:·19/·20 || cls:0.793 || im:-0.633 || 耗时：16.10s\n"}
,{"stream_name":"stdout","time":972.941354615,"data":"SHOT pseudo-labels: model 85.03% -\u003e centroid 86.30%\n"}
,{"stream_name":"stdout","time":985.745218132,"data":"轮次:·20/·20 || cls:0.538 || im:-0.709 || 耗时：16.13s\n"}
,{"stream_name":"stdout","time":991.712225944,"data":"测试集任务: (B1)N15_M01_F10→(B3)N15_M07_F04; 总正确率 = 85.23%\n"}
,{"stream_name":"stdout","time":991.712304493,"data":"类型1 正确率：  99.00% -\u003e 1   99.30%, 2    0.65%, 3    0.05%\n"}
,{"stream_name":"stdout","time":991.712312174,"data":"类型2 正确率：  72.00% -\u003e 1    8.35%, 2   72.00%, 3   19.65%\n"}
,{"stream_name":"stdout","time":991.712317125,"data":"类型3 正确率：  84.00% -\u003e 1    0.10%, 2   15.50%, 3   84.40%\n"}
,{"stream_name":"stdout","time":991.712321851,"data":"\n"}
,{"stream_name":"stdout","time":991.712325396,"data":"\n"}
,{"stream_name":"stdout","time":991.735159019,"data":"[tar_adaptation_RES_PU.py --folder_root /kaggle/working/shot_k10/S08/sdalr_PU_shot/DATA_foldS08 --seed 2024 --class_num 3 --data_name PU_M1_L3 --output /kaggle/working/shot_k10/S08/weight_PU_M1_shot_FS08toS08_s2024 --s 0 --t 2 --lr 0.0005 --threshold 0.4 --K 0.6] 340s\n"}
,{"stream_name":"stdout","time":991.768096099,"data":"读取源域路径：/kaggle/working/shot_k10/S08/weight_PU_M1_shot_FS08toS08_s2024/NEW_PU/Source-源域/log\u0026pt/(B2)N15_M07_F10\n"}
,{"stream_name":"stdout","time":991.768117646,"data":"excel输出位置：/kaggle/working/shot_k10/S08/weight_PU_M1_shot_FS08toS08_s2024/NEW_PU/Target-目标域\n"}
,{"stream_name":"stdout","time":991.768123387,"data":"特征图片输出位置：/kaggle/working/shot_k10/S08/weight_PU_M1_shot_FS08toS08_s2024/NEW_PU/Picture-特征图/2026年09月21日20时23分/(B2)N15_M07_F10\n"}
,{"stream_name":"stderr","time":991.811218584,"data":"/usr/local/lib/python3.12/dist-packages/torch/nn/utils/weight_norm.py:144: FutureWarning: `torch.nn.utils.weight_norm` is deprecated in favor of `torch.nn.utils.parametrizations.weight_norm`.\n"}
,{"stream_name":"stderr","time":991.811250655,"data":"  WeightNorm.apply(module, name, dim)\n"}
,{"stream_name":"stdout","time":991.850061028,"data":"现在选取:(B2)N15_M07_F10 进行训练的源模型\n"}
,{"stream_name":"stdout","time":991.850088863,"data":"现在进行：(B2)N15_M07_F10→(B1)N15_M01_F10 的迁移任务\n"}
,{"stream_name":"stdout","time":991.850095211,"data":"log\u0026pt输出位置：/kaggle/working/shot_k10/S08/weight_PU_M1_shot_FS08toS08_s2024/NEW_PU/Target-目标域/log\u0026pt/(B2)N15_M07_F10→(B1)N15_M01_F10\n"}
,{"stream_name":"stderr","time":991.85171229,"data":"sh: 1: Syntax error: word unexpected (expecting \")\")\n"}
,{"stream_name":"stdout","time":1003.157531935,"data":"任务: (B2)N15_M07_F10→(B1)N15_M01_F10; 批次:····0/·1880;  总正确率: 94.52%\n"}
,{"stream_name":"stdout","time":1003.157590701,"data":"类型1 正确率： 100.00% -\u003e 1   99.95%, 2    0.00%, 3    0.05%\n"}
,{"stream_name":"stdout","time":1003.157598645,"data":"类型2 正确率：  84.00% -\u003e 1    0.35%, 2   83.60%, 3   16.05%\n"}
,{"stream_name":"stdout","time":1003.157604762,"data":"类型3 正确率： 100.00% -\u003e 1    0.00%, 2    0.00%, 3  100.00%\n"}
,{"stream_name":"stdout","time":1003.157609889,"data":"\n"}
,{"stream_name":"stdout","time":1003.157614507,"data":"\n"}
,{"stream_name":"stdout","time":1006.4602089,"data":"SHOT pseudo-labels: model 94.52% -\u003e centroid 94.73%\n"}
,{"stream_name":"stdout","time":1019.311406346,"data":"轮次:··1/·20 || cls:1.744 || im:-0.819 || 耗时：22.13s\n"}
,{"stream_name":"stdout","time":1022.672558001,"data":"SHOT pseudo-labels: model 62.85% -\u003e centroid 74.62%\n"}
,{"stream_name":"stdout","time":1035.628472641,"data":"轮次:··2/·20 || cls:1.177 || im:-0.804 || 耗时：16.32s\n"}
,{"stream_name":"stdout","time":1038.97019256,"data":"SHOT pseudo-labels: model 65.77% -\u003e centroid 67.08%\n"}
,{"stream_name":"stdout","time":1051.827313631,"data":"轮次:··3/·20 || cls:0.968 || im:-0.712 || 耗时：16.20s\n"}
,{"stream_name":"stdout","time":1055.189261715,"data":"SHOT pseudo-labels: model 74.38% -\u003e centroid 75.35%\n"}
,{"stream_name":"stdout","time":1067.939735682,"data":"轮次:··4/·20 || cls:0.724 || im:-0.611 || 耗时：16.11s\n"}
,{"stream_name":"stdout","time":1071.298270914,"data":"SHOT pseudo-labels: model 80.28% -\u003e centroid 81.55%\n"}
,{"stream_name":"stdout","time":1084.042330576,"data":"轮次:··5/·20 || cls:0.754 || im:-0.717 || 耗时：16.10s\n"}
,{"stream_name":"stdout","time":1087.341215001,"data":"SHOT pseudo-labels: model 87.75% -\u003e centroid 84.43%\n"}
,{"stream_name":"stdout","time":1100.160895969,"data":"轮次:··6/·20 || cls:0.638 || im:-0.695 || 耗时：16.12s\n"}
,{"stream_name":"stdout","time":1103.490191316,"data":"SHOT pseudo-labels: model 84.77% -\u003e centroid 81.57%\n"}
,{"stream_name":"stdout","time":1116.314342895,"data":"轮次:··7/·20 || cls:0.707 || im:-0.698 || 耗时：16.15s\n"}
,{"stream_name":"stdout","time":1119.616162558,"data":"SHOT pseudo-labels: model 86.58% -\u003e centroid 80.57%\n"}
,{"stream_name":"stdout","time":1132.461962807,"data":"轮次:··8/·20 || cls:0.794 || im:-0.595 || 耗时：16.15s\n"}
,{"stream_name":"stdout","time":1135.774677935,"data":"SHOT pseudo-labels: model 89.05% -\u003e centroid 82.35%\n"}
,{"stream_name":"stdout","time":1148.636453938,"data":"轮次:··9/·20 || cls:0.735 || im:-0.736 || 耗时：16.17s\n"}
,{"stream_name":"stdout","time":1151.958216483,"data":"SHOT pseudo-labels: model 88.12% -\u003e centroid 80.78%\n"}
,{"stream_name":"stdout","time":1164.800468618,"data":"轮次:·10/·20 || cls:0.554 || im:-0.711 || 耗时：16.16s\n"}
,{"stream_name":"stdout","time":1168.107211929,"data":"SHOT pseudo-labels: model 88.22% -\u003e centroid 81.68%\n"}
,{"stream_name":"stdout","time":1180.945072602,"data":"轮次:·11/·20 || cls:0.716 || im:-0.661 || 耗时：16.14s\n"}
,{"stream_name":"stdout","time":1184.274520193,"data":"SHOT pseudo-labels: model 88.32% -\u003e centroid 82.42%\n"}
,{"stream_name":"stdout","time":1197.094080219,"data":"轮次:·12/·20 || cls:0.784 || im:-0.677 || 耗时：16.15s\n"}
,{"stream_name":"stdout","time":1200.398201733,"data":"SHOT pseudo-labels: model 89.85% -\u003e centroid 82.28%\n"}
,{"stream_name":"stdout","time":1213.207647452,"data":"轮次:·13/·20 || cls:0.740 || im:-0.767 || 耗时：16.11s\n"}
,{"stream_name":"stdout","time":1216.508199426,"data":"SHOT pseudo-labels: model 92.12% -\u003e centroid 81.63%\n"}
,{"stream_name":"stdout","time":1229.317701809,"data":"轮次:·14/·20 || cls:0.718 || im:-0.642 || 耗时：16.11s\n"}
,{"stream_name":"stdout","time":1232.61018048,"data":"SHOT pseudo-labels: model 92.73% -\u003e centroid 82.43%\n"}
,{"stream_name":"stdout","time":1245.409476275,"data":"轮次:·15/·20 || cls:0.663 || im:-0.692 || 耗时：16.09s\n"}
,{"stream_name":"stdout","time":1248.679187452,"data":"SHOT pseudo-labels: model 92.58% -\u003e centroid 81.72%\n"}
,{"stream_name":"stdout","time":1261.453953191,"data":"轮次:·16/·20 || cls:0.755 || im:-0.732 || 耗时：16.04s\n"}
,{"stream_name":"stdout","time":1264.750202447,"data":"SHOT pseudo-labels: model 92.20% -\u003e centroid 81.88%\n"}
,{"stream_name":"stdout","time":1277.548174948,"data":"轮次:·17/·20 || cls:0.759 || im:-0.652 || 耗时：16.09s\n"}
,{"stream_name":"stdout","time":1280.846200738,"data":"SHOT pseudo-labels: model 92.83% -\u003e centroid 81.32%\n"}
,{"stream_name":"stdout","time":1293.619418236,"data":"轮次:·18/·20 || cls:0.711 || im:-0.702 || 耗时：16.07s\n"}
,{"stream_name":"stdout","time":1296.885221241,"data":"SHOT pseudo-labels: model 93.30% -\u003e centroid 81.05%\n"}
,{"stream_name":"stdout","time":1309.663578186,"data":"轮次:·19/·20 || cls:0.887 || im:-0.703 || 耗时：16.04s\n"}
,{"stream_name":"stdout","time":1312.966645937,"data":"SHOT pseudo-labels: model 93.70% -\u003e centroid 81.80%\n"}
,{"stream_name":"stdout","time":1325.753203317,"data":"轮次:·20/·20 || cls:0.636 || im:-0.682 || 耗时：16.09s\n"}
,{"stream_name":"stdout","time":1331.666221664,"data":"测试集任务: (B2)N15_M07_F10→(B1)N15_M01_F10; 总正确率 = 94.62%\n"}
,{"stream_name":"stdout","time":1331.666251899,"data":"类型1 正确率：  98.00% -\u003e 1   97.60%, 2    2.05%, 3    0.35%\n"}
,{"stream_name":"stdout","time":1331.666256953,"data":"类型2 正确率：  93.00% -\u003e 1    0.20%, 2   92.55%, 3    7.25%\n"}
,{"stream_name":"stdout","time":1331.666260675,"data":"类型3 正确率：  94.00% -\u003e 1    0.95%, 2    5.35%, 3   93.70%\n"}
,{"stream_name":"stdout","time":1331.666264158,"data":"\n"}
,{"stream_name":"stdout","time":1331.666267271,"data":"\n"}
,{"stream_name":"stdout","time":1331.686055272,"data":"[tar_adaptation_RES_PU.py --folder_root /kaggle/working/shot_k10/S08/sdalr_PU_shot/DATA_foldS08 --seed 2024 --class_num 3 --data_name PU_M1_L3 --output /kaggle/working/shot_k10/S08/weight_PU_M1_shot_FS08toS08_s2024 --s 1 --t 0 --lr 0.0005 --threshold 0.4 --K 0.6] 340s\n"}
,{"stream_name":"stdout","time":1331.719254666,"data":"读取源域路径：/kaggle/working/shot_k10/S08/weight_PU_M1_shot_FS08toS08_s2024/NEW_PU/Source-源域/log\u0026pt/(B2)N15_M07_F10\n"}
,{"stream_name":"stdout","time":1331.719298405,"data":"excel输出位置：/kaggle/working/shot_k10/S08/weight_PU_M1_shot_FS08toS08_s2024/NEW_PU/Target-目标域\n"}
,{"stream_name":"stdout","time":1331.71933941,"data":"特征图片输出位置：/kaggle/working/shot_k10/S08/weight_PU_M1_shot_FS08toS08_s2024/NEW_PU/Picture-特征图/2026年09月21日20时29分/(B2)N15_M07_F10\n"}
,{"stream_name":"stderr","time":1331.753804002,"data":"/usr/local/lib/python3.12/dist-packages/torch/nn/utils/weight_norm.py:144: FutureWarning: `torch.nn.utils.weight_norm` is deprecated in favor of `torch.nn.utils.parametrizations.weight_norm`.\n"}
,{"stream_name":"stderr","time":1331.753834261,"data":"  WeightNorm.apply(module, name, dim)\n"}
,{"stream_name":"stdout","time":1331.792974116,"data":"现在选取:(B2)N15_M07_F10 进行训练的源模型\n"}
,{"stream_name":"stdout","time":1331.79300832,"data":"现在进行：(B2)N15_M07_F10→(B3)N15_M07_F04 的迁移任务\n"}
,{"stream_name":"stdout","time":1331.79301668,"data":"log\u0026pt输出位置：/kaggle/working/shot_k10/S08/weight_PU_M1_shot_FS08toS08_s2024/NEW_PU/Target-目标域/log\u0026pt/(B2)N15_M07_F10→(B3)N15_M07_F04\n"}
,{"stream_name":"stderr","time":1331.794378635,"data":"sh: 1: Syntax error: word unexpected (expecting \")\")\n"}
,{"stream_name":"stdout","time":1342.904460257,"data":"任务: (B2)N15_M07_F10→(B3)N15_M07_F04; 批次:····0/·1880;  总正确率: 94.10%\n"}
,{"stream_name":"stdout","time":1342.904499879,"data":"类型1 正确率： 100.00% -\u003e 1  100.00%, 2    0.00%, 3    0.00%\n"}
,{"stream_name":"stdout","time":1342.904504729,"data":"类型2 正确率：  91.00% -\u003e 1    0.05%, 2   90.70%, 3    9.25%\n"}
,{"stream_name":"stdout","time":1342.904508685,"data":"类型3 正确率：  92.00% -\u003e 1    1.35%, 2    7.05%, 3   91.60%\n"}
,{"stream_name":"stdout","time":1342.904513119,"data":"\n"}
,{"stream_name":"stdout","time":1342.904531617,"data":"\n"}
,{"stream_name":"stdout","time":1346.169257113,"data":"SHOT pseudo-labels: model 94.10% -\u003e centroid 94.48%\n"}
,{"stream_name":"stdout","time":1358.979394629,"data":"轮次:··1/·20 || cls:1.684 || im:-0.825 || 耗时：22.02s\n"}
,{"stream_name":"stdout","time":1362.299280237,"data":"SHOT pseudo-labels: model 68.28% -\u003e centroid 77.83%\n"}
,{"stream_name":"stdout","time":1375.280179397,"data":"轮次:··2/·20 || cls:1.220 || im:-0.802 || 耗时：16.30s\n"}
,{"stream_name":"stdout","time":1378.58531062,"data":"SHOT pseudo-labels: model 61.63% -\u003e centroid 63.12%\n"}
,{"stream_name":"stdout","time":1391.440411572,"data":"轮次:··3/·20 || cls:0.898 || im:-0.666 || 耗时：16.16s\n"}
,{"stream_name":"stdout","time":1394.731190646,"data":"SHOT pseudo-labels: model 62.17% -\u003e centroid 64.18%\n"}
,{"stream_name":"stdout","time":1407.501609196,"data":"轮次:··4/·20 || cls:0.861 || im:-0.606 || 耗时：16.06s\n"}
,{"stream_name":"stdout","time":1410.783182472,"data":"SHOT pseudo-labels: model 60.30% -\u003e centroid 75.60%\n"}
,{"stream_name":"stdout","time":1423.530873393,"data":"轮次:··5/·20 || cls:0.683 || im:-0.690 || 耗时：16.03s\n"}
,{"stream_name":"stdout","time":1426.814292134,"data":"SHOT pseudo-labels: model 61.73% -\u003e centroid 68.35%\n"}
,{"stream_name":"stdout","time":1439.612878174,"data":"轮次:··6/·20 || cls:0.763 || im:-0.648 || 耗时：16.08s\n"}
,{"stream_name":"stdout","time":1442.923266702,"data":"SHOT pseudo-labels: model 57.65% -\u003e centroid 50.72%\n"}
,{"stream_name":"stdout","time":1455.767677621,"data":"轮次:··7/·20 || cls:0.648 || im:-0.603 || 耗时：16.15s\n"}
,{"stream_name":"stdout","time":1459.072187785,"data":"SHOT pseudo-labels: model 57.92% -\u003e centroid 43.00%\n"}
,{"stream_name":"stdout","time":1471.911075537,"data":"轮次:··8/·20 || cls:0.588 || im:-0.644 || 耗时：16.14s\n"}
,{"stream_name":"stdout","time":1475.222291343,"data":"SHOT pseudo-labels: model 59.50% -\u003e centroid 44.75%\n"}
,{"stream_name":"stdout","time":1488.052284021,"data":"轮次:··9/·20 || cls:0.762 || im:-0.755 || 耗时：16.14s\n"}
,{"stream_name":"stdout","time":1491.373195073,"data":"SHOT pseudo-labels: model 59.67% -\u003e centroid 46.33%\n"}
,{"stream_name":"stdout","time":1504.18851818,"data":"轮次:·10/·20 || cls:0.671 || im:-0.612 || 耗时：16.14s\n"}
,{"stream_name":"stdout","time":1507.488232164,"data":"SHOT pseudo-labels: model 59.38% -\u003e centroid 45.15%\n"}
,{"stream_name":"stdout","time":1520.237757564,"data":"轮次:·11/·20 || cls:0.591 || im:-0.618 || 耗时：16.05s\n"}
,{"stream_name":"stdout","time":1523.544007945,"data":"SHOT pseudo-labels: model 59.27% -\u003e centroid 45.10%\n"}
,{"stream_name":"stdout","time":1536.310222894,"data":"轮次:·12/·20 || cls:0.870 || im:-0.627 || 耗时：16.07s\n"}
,{"stream_name":"stdout","time":1539.590240566,"data":"SHOT pseudo-labels: model 58.08% -\u003e centroid 42.95%\n"}
,{"stream_name":"stdout","time":1552.349918105,"data":"轮次:·13/·20 || cls:0.692 || im:-0.602 || 耗时：16.04s\n"}
,{"stream_name":"stdout","time":1555.642250315,"data":"SHOT pseudo-labels: model 59.43% -\u003e centroid 46.90%\n"}
,{"stream_name":"stdout","time":1568.403227462,"data":"轮次:·14/·20 || cls:0.733 || im:-0.540 || 耗时：16.05s\n"}
,{"stream_name":"stdout","time":1571.696629049,"data":"SHOT pseudo-labels: model 59.50% -\u003e centroid 43.33%\n"}
,{"stream_name":"stdout","time":1584.453214166,"data":"轮次:·15/·20 || cls:0.779 || im:-0.576 || 耗时：16.05s\n"}
,{"stream_name":"stdout","time":1587.753279914,"data":"SHOT pseudo-labels: model 59.92% -\u003e centroid 44.33%\n"}
,{"stream_name":"stdout","time":1600.503963213,"data":"轮次:·16/·20 || cls:0.667 || im:-0.604 || 耗时：16.05s\n"}
,{"stream_name":"stdout","time":1603.801218222,"data":"SHOT pseudo-labels: model 59.42% -\u003e centroid 40.68%\n"}
,{"stream_name":"stdout","time":1616.557915786,"data":"轮次:·17/·20 || cls:0.666 || im:-0.623 || 耗时：16.05s\n"}
,{"stream_name":"stdout","time":1619.849272894,"data":"SHOT pseudo-labels: model 60.15% -\u003e centroid 42.43%\n"}
,{"stream_name":"stdout","time":1632.619905654,"data":"轮次:·18/·20 || cls:0.744 || im:-0.630 || 耗时：16.06s\n"}
,{"stream_name":"stdout","time":1635.90194839,"data":"SHOT pseudo-labels: model 59.80% -\u003e centroid 42.50%\n"}
,{"stream_name":"stdout","time":1648.653670663,"data":"轮次:·19/·20 || cls:0.768 || im:-0.699 || 耗时：16.03s\n"}
,{"stream_name":"stdout","time":1651.952340233,"data":"SHOT pseudo-labels: model 59.70% -\u003e centroid 39.77%\n"}
,{"stream_name":"stdout","time":1664.698653447,"data":"轮次:·20/·20 || cls:0.539 || im:-0.618 || 耗时：16.04s\n"}
,{"stream_name":"stdout","time":1670.603946193,"data":"测试集任务: (B2)N15_M07_F10→(B3)N15_M07_F04; 总正确率 = 59.35%\n"}
,{"stream_name":"stdout","time":1670.60400624,"data":"类型1 正确率：  57.00% -\u003e 1   57.25%, 2    5.80%, 3   36.95%\n"}
,{"stream_name":"stdout","time":1670.604013973,"data":"类型2 正确率：  68.00% -\u003e 1    6.85%, 2   68.35%, 3   24.80%\n"}
,{"stream_name":"stdout","time":1670.604019079,"data":"类型3 正确率：  52.00% -\u003e 1   34.90%, 2   12.65%, 3   52.45%\n"}
,{"stream_name":"stdout","time":1670.604023977,"data":"\n"}
,{"stream_name":"stdout","time":1670.604028443,"data":"\n"}
,{"stream_name":"stdout","time":1670.62327034,"data":"[tar_adaptation_RES_PU.py --folder_root /kaggle/working/shot_k10/S08/sdalr_PU_shot/DATA_foldS08 --seed 2024 --class_num 3 --data_name PU_M1_L3 --output /kaggle/working/shot_k10/S08/weight_PU_M1_shot_FS08toS08_s2024 --s 1 --t 2 --lr 0.0005 --threshold 0.4 --K 0.6] 339s\n"}
,{"stream_name":"stdout","time":1670.65524811,"data":"读取源域路径：/kaggle/working/shot_k10/S08/weight_PU_M1_shot_FS08toS08_s2024/NEW_PU/Source-源域/log\u0026pt/(B3)N15_M07_F04\n"}
,{"stream_name":"stdout","time":1670.655273496,"data":"excel输出位置：/kaggle/working/shot_k10/S08/weight_PU_M1_shot_FS08toS08_s2024/NEW_PU/Target-目标域\n"}
,{"stream_name":"stdout","time":1670.65533264,"data":"特征图片输出位置：/kaggle/working/shot_k10/S08/weight_PU_M1_shot_FS08toS08_s2024/NEW_PU/Picture-特征图/2026年09月21日20时35分/(B3)N15_M07_F04\n"}
,{"stream_name":"stderr","time":1670.691880098,"data":"/usr/local/lib/python3.12/dist-packages/torch/nn/utils/weight_norm.py:144: FutureWarning: `torch.nn.utils.weight_norm` is deprecated in favor of `torch.nn.utils.parametrizations.weight_norm`.\n"}
,{"stream_name":"stderr","time":1670.691930046,"data":"  WeightNorm.apply(module, name, dim)\n"}
,{"stream_name":"stdout","time":1670.737872635,"data":"现在选取:(B3)N15_M07_F04 进行训练的源模型\n"}
,{"stream_name":"stdout","time":1670.737899982,"data":"现在进行：(B3)N15_M07_F04→(B1)N15_M01_F10 的迁移任务\n"}
,{"stream_name":"stdout","time":1670.737906557,"data":"log\u0026pt输出位置：/kaggle/working/shot_k10/S08/weight_PU_M1_shot_FS08toS08_s2024/NEW_PU/Target-目标域/log\u0026pt/(B3)N15_M07_F04→(B1)N15_M01_F10\n"}
,{"stream_name":"stderr","time":1670.739442032,"data":"sh: 1: Syntax error: word unexpected (expecting \")\")\n"}
,{"stream_name":"stdout","time":1681.957481375,"data":"任务: (B3)N15_M07_F04→(B1)N15_M01_F10; 批次:····0/·1880;  总正确率: 95.00%\n"}
,{"stream_name":"stdout","time":1681.957526771,"data":"类型1 正确率： 100.00% -\u003e 1   99.80%, 2    0.00%, 3    0.20%\n"}
,{"stream_name":"stdout","time":1681.95753421,"data":"类型2 正确率：  87.00% -\u003e 1    0.00%, 2   86.60%, 3   13.40%\n"}
,{"stream_name":"stdout","time":1681.957556862,"data":"类型3 正确率：  99.00% -\u003e 1    0.00%, 2    1.40%, 3   98.60%\n"}
,{"stream_name":"stdout","time":1681.957563073,"data":"\n"}
,{"stream_name":"stdout","time":1681.957568237,"data":"\n"}
,{"stream_name":"stdout","time":1685.219216208,"data":"SHOT pseudo-labels: model 95.00% -\u003e centroid 94.45%\n"}
,{"stream_name":"stdout","time":1698.046683173,"data":"轮次:··1/·20 || cls:1.405 || im:-0.713 || 耗时：22.03s\n"}
,{"stream_name":"stdout","time":1701.378242703,"data":"SHOT pseudo-labels: model 64.82% -\u003e centroid 66.02%\n"}
,{"stream_name":"stdout","time":1714.333727428,"data":"轮次:··2/·20 || cls:0.983 || im:-0.781 || 耗时：16.29s\n"}
,{"stream_name":"stdout","time":1717.637222587,"data":"SHOT pseudo-labels: model 60.80% -\u003e centroid 80.20%\n"}
,{"stream_name":"stdout","time":1730.48463009,"data":"轮次:··3/·20 || cls:1.264 || im:-0.671 || 耗时：16.15s\n"}
,{"stream_name":"stdout","time":1733.805229767,"data":"SHOT pseudo-labels: model 59.07% -\u003e centroid 80.72%\n"}
,{"stream_name":"stdout","time":1746.542272171,"data":"轮次:··4/·20 || cls:0.896 || im:-0.636 || 耗时：16.06s\n"}
,{"stream_name":"stdout","time":1749.812163874,"data":"SHOT pseudo-labels: model 56.75% -\u003e centroid 71.70%\n"}
,{"stream_name":"stdout","time":1762.558871454,"data":"轮次:··5/·20 || cls:0.551 || im:-0.656 || 耗时：16.02s\n"}
,{"stream_name":"stdout","time":1765.833219834,"data":"SHOT pseudo-labels: model 56.17% -\u003e centroid 47.05%\n"}
,{"stream_name":"stdout","time":1778.619903342,"data":"轮次:··6/·20 || cls:0.788 || im:-0.667 || 耗时：16.06s\n"}
,{"stream_name":"stdout","time":1781.89628429,"data":"SHOT pseudo-labels: model 54.25% -\u003e centroid 36.47%\n"}
,{"stream_name":"stdout","time":1794.726430894,"data":"轮次:··7/·20 || cls:0.717 || im:-0.689 || 耗时：16.11s\n"}
,{"stream_name":"stdout","time":1798.026227796,"data":"SHOT pseudo-labels: model 52.13% -\u003e centroid 35.75%\n"}
,{"stream_name":"stdout","time":1810.877368786,"data":"轮次:··8/·20 || cls:0.705 || im:-0.563 || 耗时：16.15s\n"}
,{"stream_name":"stdout","time":1814.193259777,"data":"SHOT pseudo-labels: model 54.00% -\u003e centroid 35.25%\n"}
,{"stream_name":"stdout","time":1827.017195329,"data":"轮次:··9/·20 || cls:0.732 || im:-0.640 || 耗时：16.14s\n"}
,{"stream_name":"stdout","time":1830.30126109,"data":"SHOT pseudo-labels: model 54.93% -\u003e centroid 36.75%\n"}
,{"stream_name":"stdout","time":1843.11771058,"data":"轮次:·10/·20 || cls:0.714 || im:-0.534 || 耗时：16.10s\n"}
,{"stream_name":"stdout","time":1846.41039793,"data":"SHOT pseudo-labels: model 50.47% -\u003e centroid 34.12%\n"}
,{"stream_name":"stdout","time":1859.222531303,"data":"轮次:·11/·20 || cls:0.801 || im:-0.638 || 耗时：16.10s\n"}
,{"stream_name":"stdout","time":1862.529234529,"data":"SHOT pseudo-labels: model 50.37% -\u003e centroid 33.88%\n"}
,{"stream_name":"stdout","time":1875.340834526,"data":"轮次:·12/·20 || cls:0.792 || im:-0.637 || 耗时：16.12s\n"}
,{"stream_name":"stdout","time":1878.631234181,"data":"SHOT pseudo-labels: model 50.70% -\u003e centroid 36.03%\n"}
,{"stream_name":"stdout","time":1891.416467456,"data":"轮次:·13/·20 || cls:0.672 || im:-0.654 || 耗时：16.08s\n"}
,{"stream_name":"stdout","time":1894.708238805,"data":"SHOT pseudo-labels: model 53.48% -\u003e centroid 35.87%\n"}
,{"stream_name":"stdout","time":1907.50530724,"data":"轮次:·14/·20 || cls:0.815 || im:-0.653 || 耗时：16.09s\n"}
,{"stream_name":"stdout","time":1910.780258079,"data":"SHOT pseudo-labels: model 53.25% -\u003e centroid 38.45%\n"}
,{"stream_name":"stdout","time":1923.573234182,"data":"轮次:·15/·20 || cls:0.615 || im:-0.554 || 耗时：16.07s\n"}
,{"stream_name":"stdout","time":1926.870199944,"data":"SHOT pseudo-labels: model 53.20% -\u003e centroid 39.05%\n"}
,{"stream_name":"stdout","time":1939.641624813,"data":"轮次:·16/·20 || cls:0.770 || im:-0.625 || 耗时：16.07s\n"}
,{"stream_name":"stdout","time":1942.958223626,"data":"SHOT pseudo-labels: model 54.18% -\u003e centroid 40.05%\n"}
,{"stream_name":"stdout","time":1955.744157584,"data":"轮次:·17/·20 || cls:0.692 || im:-0.567 || 耗时：16.10s\n"}
,{"stream_name":"stdout","time":1959.023200749,"data":"SHOT pseudo-labels: model 53.20% -\u003e centroid 41.77%\n"}
,{"stream_name":"stdout","time":1971.80145847,"data":"轮次:·18/·20 || cls:0.612 || im:-0.528 || 耗时：16.06s\n"}
,{"stream_name":"stdout","time":1975.083241696,"data":"SHOT pseudo-labels: model 53.08% -\u003e centroid 44.12%\n"}
,{"stream_name":"stdout","time":1987.875691609,"data":"轮次:·19/·20 || cls:0.942 || im:-0.623 || 耗时：16.07s\n"}
,{"stream_name":"stdout","time":1991.161204073,"data":"SHOT pseudo-labels: model 53.33% -\u003e centroid 45.35%\n"}
,{"stream_name":"stdout","time":2003.92205819,"data":"轮次:·20/·20 || cls:0.582 || im:-0.609 || 耗时：16.05s\n"}
,{"stream_name":"stdout","time":2009.842921026,"data":"测试集任务: (B3)N15_M07_F04→(B1)N15_M01_F10; 总正确率 = 52.83%\n"}
,{"stream_name":"stdout","time":2009.842971608,"data":"类型1 正确率：  36.00% -\u003e 1   36.00%, 2   41.00%, 3   23.00%\n"}
,{"stream_name":"stdout","time":2009.84297905,"data":"类型2 正确率：  61.00% -\u003e 1   10.00%, 2   60.90%, 3   29.10%\n"}
,{"stream_name":"stdout","time":2009.842984229,"data":"类型3 正确率：  62.00% -\u003e 1   32.30%, 2    6.10%, 3   61.60%\n"}
,{"stream_name":"stdout","time":2009.842989429,"data":"\n"}
,{"stream_name":"stdout","time":2009.842993928,"data":"\n"}
,{"stream_name":"stdout","time":2009.863834818,"data":"[tar_adaptation_RES_PU.py --folder_root /kaggle/working/shot_k10/S08/sdalr_PU_shot/DATA_foldS08 --seed 2024 --class_num 3 --data_name PU_M1_L3 --output /kaggle/working/shot_k10/S08/weight_PU_M1_shot_FS08toS08_s2024 --s 2 --t 0 --lr 0.0005 --threshold 0.4 --K 0.6] 339s\n"}
,{"stream_name":"stdout","time":2009.908359956,"data":"读取源域路径：/kaggle/working/shot_k10/S08/weight_PU_M1_shot_FS08toS08_s2024/NEW_PU/Source-源域/log\u0026pt/(B3)N15_M07_F04\n"}
,{"stream_name":"stdout","time":2009.908390593,"data":"excel输出位置：/kaggle/working/shot_k10/S08/weight_PU_M1_shot_FS08toS08_s2024/NEW_PU/Target-目标域\n"}
,{"stream_name":"stdout","time":2009.908402707,"data":"特征图片输出位置：/kaggle/working/shot_k10/S08/weight_PU_M1_shot_FS08toS08_s2024/NEW_PU/Picture-特征图/2026年09月21日20时40分/(B3)N15_M07_F04\n"}
,{"stream_name":"stderr","time":2009.943288896,"data":"/usr/local/lib/python3.12/dist-packages/torch/nn/utils/weight_norm.py:144: FutureWarning: `torch.nn.utils.weight_norm` is deprecated in favor of `torch.nn.utils.parametrizations.weight_norm`.\n"}
,{"stream_name":"stderr","time":2009.943318922,"data":"  WeightNorm.apply(module, name, dim)\n"}
,{"stream_name":"stdout","time":2009.9828283,"data":"现在选取:(B3)N15_M07_F04 进行训练的源模型\n"}
,{"stream_name":"stdout","time":2009.982862542,"data":"现在进行：(B3)N15_M07_F04→(B2)N15_M07_F10 的迁移任务\n"}
,{"stream_name":"stdout","time":2009.982870431,"data":"log\u0026pt输出位置：/kaggle/working/shot_k10/S08/weight_PU_M1_shot_FS08toS08_s2024/NEW_PU/Target-目标域/log\u0026pt/(B3)N15_M07_F04→(B2)N15_M07_F10\n"}
,{"stream_name":"stderr","time":2009.984428724,"data":"sh: 1: Syntax error: word unexpected (expecting \")\")\n"}
,{"stream_name":"stdout","time":2021.166084155,"data":"任务: (B3)N15_M07_F04→(B2)N15_M07_F10; 批次:····0/·1880;  总正确率: 99.47%\n"}
,{"stream_name":"stdout","time":2021.16615195,"data":"类型1 正确率： 100.00% -\u003e 1   99.85%, 2    0.10%, 3    0.05%\n"}
,{"stream_name":"stdout","time":2021.166163123,"data":"类型2 正确率： 100.00% -\u003e 1    0.00%, 2   99.90%, 3    0.10%\n"}
,{"stream_name":"stdout","time":2021.166185496,"data":"类型3 正确率：  99.00% -\u003e 1    0.00%, 2    1.35%, 3   98.65%\n"}
,{"stream_name":"stdout","time":2021.166189465,"data":"\n"}
,{"stream_name":"stdout","time":2021.166196343,"data":"\n"}
,{"stream_name":"stdout","time":2024.436212887,"data":"SHOT pseudo-labels: model 99.47% -\u003e centroid 99.57%\n"}
,{"stream_name":"stdout","time":2037.236190539,"data":"轮次:··1/·20 || cls:1.402 || im:-0.761 || 耗时：22.00s\n"}
,{"stream_name":"stdout","time":2040.547192743,"data":"SHOT pseudo-labels: model 63.73% -\u003e centroid 59.33%\n"}
,{"stream_name":"stdout","time":2053.488230874,"data":"轮次:··2/·20 || cls:1.623 || im:-0.912 || 耗时：16.25s\n"}
,{"stream_name":"stdout","time":2056.795229542,"data":"SHOT pseudo-labels: model 64.25% -\u003e centroid 90.25%\n"}
,{"stream_name":"stdout","time":2069.617025011,"data":"轮次:··3/·20 || cls:1.123 || im:-0.638 || 耗时：16.13s\n"}
,{"stream_name":"stdout","time":2072.934204598,"data":"SHOT pseudo-labels: model 59.70% -\u003e centroid 86.33%\n"}
,{"stream_name":"stdout","time":2085.678589334,"data":"轮次:··4/·20 || cls:0.976 || im:-0.615 || 耗时：16.06s\n"}
,{"stream_name":"stdout","time":2088.960208835,"data":"SHOT pseudo-labels: model 60.17% -\u003e centroid 77.62%\n"}
,{"stream_name":"stdout","time":2101.719780452,"data":"轮次:··5/·20 || cls:0.780 || im:-0.662 || 耗时：16.04s\n"}
,{"stream_name":"stdout","time":2105.020211681,"data":"SHOT pseudo-labels: model 59.72% -\u003e centroid 67.28%\n"}
,{"stream_name":"stdout","time":2117.816552924,"data":"轮次:··6/·20 || cls:0.638 || im:-0.716 || 耗时：16.10s\n"}
,{"stream_name":"stdout","time":2121.134994776,"data":"SHOT pseudo-labels: model 59.17% -\u003e centroid 49.90%\n"}
,{"stream_name":"stdout","time":2133.969120472,"data":"轮次:··7/·20 || cls:1.011 || im:-0.706 || 耗时：16.15s\n"}
,{"stream_name":"stdout","time":2137.265217707,"data":"SHOT pseudo-labels: model 55.00% -\u003e centroid 39.55%\n"}
,{"stream_name":"stdout","time":2150.083362118,"data":"轮次:··8/·20 || cls:0.535 || im:-0.587 || 耗时：16.11s\n"}
,{"stream_name":"stdout","time":2153.396251749,"data":"SHOT pseudo-labels: model 57.10% -\u003e centroid 42.78%\n"}
,{"stream_name":"stdout","time":2166.212410097,"data":"轮次:··9/·20 || cls:0.697 || im:-0.674 || 耗时：16.13s\n"}
,{"stream_name":"stdout","time":2169.534239185,"data":"SHOT pseudo-labels: model 53.93% -\u003e centroid 35.55%\n"}
,{"stream_name":"stdout","time":2182.313454519,"data":"轮次:·10/·20 || cls:0.657 || im:-0.552 || 耗时：16.10s\n"}
,{"stream_name":"stdout","time":2185.609191707,"data":"SHOT pseudo-labels: model 53.52% -\u003e centroid 33.95%\n"}
,{"stream_name":"stdout","time":2198.36133103,"data":"轮次:·11/·20 || cls:0.846 || im:-0.726 || 耗时：16.05s\n"}
,{"stream_name":"stdout","time":2201.659251885,"data":"SHOT pseudo-labels: model 53.93% -\u003e centroid 35.23%\n"}
,{"stream_name":"stdout","time":2214.377770234,"data":"轮次:·12/·20 || cls:0.901 || im:-0.657 || 耗时：16.02s\n"}
,{"stream_name":"stdout","time":2217.670218823,"data":"SHOT pseudo-labels: model 52.95% -\u003e centroid 34.47%\n"}
,{"stream_name":"stdout","time":2230.430888207,"data":"轮次:·13/·20 || cls:0.708 || im:-0.622 || 耗时：16.05s\n"}
,{"stream_name":"stdout","time":2233.732203318,"data":"SHOT pseudo-labels: model 54.02% -\u003e centroid 35.40%\n"}
,{"stream_name":"stdout","time":2246.518599376,"data":"轮次:·14/·20 || cls:0.706 || im:-0.620 || 耗时：16.09s\n"}
,{"stream_name":"stdout","time":2249.81921676,"data":"SHOT pseudo-labels: model 52.13% -\u003e centroid 31.85%\n"}
,{"stream_name":"stdout","time":2262.603469985,"data":"轮次:·15/·20 || cls:0.792 || im:-0.613 || 耗时：16.08s\n"}
,{"stream_name":"stdout","time":2265.904196211,"data":"SHOT pseudo-labels: model 52.32% -\u003e centroid 31.60%\n"}
,{"stream_name":"stdout","time":2278.713587254,"data":"轮次:·16/·20 || cls:0.702 || im:-0.626 || 耗时：16.11s\n"}
,{"stream_name":"stdout","time":2282.036521195,"data":"SHOT pseudo-labels: model 54.50% -\u003e centroid 36.25%\n"}
,{"stream_name":"stdout","time":2294.833408103,"data":"轮次:·17/·20 || cls:0.643 || im:-0.620 || 耗时：16.12s\n"}
,{"stream_name":"stdout","time":2298.12025907,"data":"SHOT pseudo-labels: model 53.32% -\u003e centroid 36.27%\n"}
,{"stream_name":"stdout","time":2310.926517157,"data":"轮次:·18/·20 || cls:0.615 || im:-0.577 || 耗时：16.09s\n"}
,{"stream_name":"stdout","time":2314.219210654,"data":"SHOT pseudo-labels: model 53.50% -\u003e centroid 39.47%\n"}
,{"stream_name":"stdout","time":2327.013738923,"data":"轮次:·19/·20 || cls:0.843 || im:-0.610 || 耗时：16.09s\n"}
,{"stream_name":"stdout","time":2330.317256175,"data":"SHOT pseudo-labels: model 53.62% -\u003e centroid 39.08%\n"}
,{"stream_name":"stdout","time":2343.119372684,"data":"轮次:·20/·20 || cls:0.615 || im:-0.643 || 耗时：16.11s\n"}
,{"stream_name":"stdout","time":2349.052853194,"data":"测试集任务: (B3)N15_M07_F04→(B2)N15_M07_F10; 总正确率 = 52.88%\n"}
,{"stream_name":"stdout","time":2349.052904737,"data":"类型1 正确率：  35.00% -\u003e 1   35.00%, 2   44.70%, 3   20.30%\n"}
,{"stream_name":"stdout","time":2349.052912808,"data":"类型2 正确率：  62.00% -\u003e 1    8.95%, 2   61.95%, 3   29.10%\n"}
,{"stream_name":"stdout","time":2349.052918585,"data":"类型3 正确率：  62.00% -\u003e 1   34.15%, 2    4.15%, 3   61.70%\n"}
,{"stream_name":"stdout","time":2349.052923794,"data":"\n"}
,{"stream_name":"stdout","time":2349.052928544,"data":"\n"}
,{"stream_name":"stdout","time":2349.076728898,"data":"[tar_adaptation_RES_PU.py --folder_root /kaggle/working/shot_k10/S08/sdalr_PU_shot/DATA_foldS08 --seed 2024 --class_num 3 --data_name PU_M1_L3 --output /kaggle/working/shot_k10/S08/weight_PU_M1_shot_FS08toS08_s2024 --s 2 --t 1 --lr 0.0005 --threshold 0.4 --K 0.6] 339s\n"}
,{"stream_name":"stdout","time":2349.093941361,"data":"{\n"}
,{"stream_name":"stdout","time":2349.093965516,"data":"  \"dataset\": \"PU_M1\",\n"}
,{"stream_name":"stdout","time":2349.093972187,"data":"  \"variant\": \"shot\",\n"}
,{"stream_name":"stdout","time":2349.093977047,"data":"  \"seed\": 2024,\n"}
,{"stream_name":"stdout","time":2349.093981768,"data":"  \"smoke\": false,\n"}
,{"stream_name":"stdout","time":2349.093988181,"data":"  \"src_fold\": \"S08\",\n"}
,{"stream_name":"stdout","time":2349.093996477,"data":"  \"tgt_fold\": \"S08\",\n"}
,{"stream_name":"stdout","time":2349.09399998,"data":"  \"leaky\": true,\n"}
,{"stream_name":"stdout","time":2349.09400328,"data":"  \"hyperparameters\": {\n"}
,{"stream_name":"stdout","time":2349.094006524,"data":"    \"lr\": \"0.0005\",\n"}
,{"stream_name":"stdout","time":2349.094009815,"data":"    \"threshold\": \"0.4\",\n"}
,{"stream_name":"stdout","time":2349.094013107,"data":"    \"K\": \"0.6\"\n"}
,{"stream_name":"stdout","time":2349.094016329,"data":"  },\n"}
,{"stream_name":"stdout","time":2349.094019395,"data":"  \"adapters\": [\n"}
,{"stream_name":"stdout","time":2349.094022594,"data":"    \"npz_io\",\n"}
,{"stream_name":"stdout","time":2349.094025678,"data":"    \"tsne_stub\",\n"}
,{"stream_name":"stdout","time":2349.09402888,"data":"    \"shot_patch\"\n"}
,{"stream_name":"stdout","time":2349.094031988,"data":"  ],\n"}
,{"stream_name":"stdout","time":2349.094035062,"data":"  \"source_only\": {\n"}
,{"stream_name":"stdout","time":2349.094050256,"data":"    \"A1-\u003eA3\": 99.75,\n"}
,{"stream_name":"stdout","time":2349.094053562,"data":"    \"A1-\u003eA2\": 89.57,\n"}
,{"stream_name":"stdout","time":2349.094056062,"data":"    \"A3-\u003eA1\": 94.13,\n"}
,{"stream_name":"stdout","time":2349.094058474,"data":"    \"A3-\u003eA2\": 94.39,\n"}
,{"stream_name":"stdout","time":2349.094060865,"data":"    \"A2-\u003eA1\": 95.5,\n"}
,{"stream_name":"stdout","time":2349.09406338,"data":"    \"A2-\u003eA3\": 99.67\n"}
,{"stream_name":"stdout","time":2349.094065798,"data":"  },\n"}
,{"stream_name":"stdout","time":2349.094068139,"data":"  \"adapted\": {\n"}
,{"stream_name":"stdout","time":2349.09407058,"data":"    \"A1-\u003eA3\": 93.32,\n"}
,{"stream_name":"stdout","time":2349.09407305,"data":"    \"A1-\u003eA2\": 85.23,\n"}
,{"stream_name":"stdout","time":2349.094075432,"data":"    \"A3-\u003eA1\": 94.62,\n"}
,{"stream_name":"stdout","time":2349.094077878,"data":"    \"A3-\u003eA2\": 59.35,\n"}
,{"stream_name":"stdout","time":2349.094080258,"data":"    \"A2-\u003eA1\": 52.83,\n"}
,{"stream_name":"stdout","time":2349.09408272,"data":"    \"A2-\u003eA3\": 52.88\n"}
,{"stream_name":"stdout","time":2349.09408514,"data":"  },\n"}
,{"stream_name":"stdout","time":2349.09408744,"data":"  \"seconds\": {\n"}
,{"stream_name":"stdout","time":2349.094089814,"data":"    \"pretrain\": 289,\n"}
,{"stream_name":"stdout","time":2349.094092332,"data":"    \"A1-\u003eA3\": 340,\n"}
,{"stream_name":"stdout","time":2349.094094756,"data":"    \"A1-\u003eA2\": 340,\n"}
,{"stream_name":"stdout","time":2349.094097124,"data":"    \"A3-\u003eA1\": 340,\n"}
,{"stream_name":"stdout","time":2349.094099544,"data":"    \"A3-\u003eA2\": 339,\n"}
,{"stream_name":"stdout","time":2349.094101996,"data":"    \"A2-\u003eA1\": 339,\n"}
,{"stream_name":"stdout","time":2349.094104378,"data":"    \"A2-\u003eA3\": 339\n"}
,{"stream_name":"stdout","time":2349.094106859,"data":"  },\n"}
,{"stream_name":"stdout","time":2349.094109148,"data":"  \"gate_log\": {\n"}
,{"stream_name":"stdout","time":2349.094111611,"data":"    \"A1-\u003eA3\": [],\n"}
,{"stream_name":"stdout","time":2349.094114014,"data":"    \"A1-\u003eA2\": [],\n"}
,{"stream_name":"stdout","time":2349.094116384,"data":"    \"A3-\u003eA1\": [],\n"}
,{"stream_name":"stdout","time":2349.094118773,"data":"    \"A3-\u003eA2\": [],\n"}
,{"stream_name":"stdout","time":2349.09412115,"data":"    \"A2-\u003eA1\": [],\n"}
,{"stream_name":"stdout","time":2349.09415807,"data":"    \"A2-\u003eA3\": []\n"}
,{"stream_name":"stdout","time":2349.094165946,"data":"  },\n"}
,{"stream_name":"stdout","time":2349.094169687,"data":"  \"gate\": \"none\"\n"}
,{"stream_name":"stdout","time":2349.094173354,"data":"}\n"}
,{"stream_name":"stdout","time":2352.416767446,"data":"RUN /usr/bin/python3 -u /kaggle/input/datasets/rafiurrahman01/physgate-m0-code/sdalr_runner.py --sdalr /kaggle/input/datasets/rafiurrahman01/physgate-m0-code --m0 /kaggle/input/datasets/rafiurrahman01/physgate-k10-g4 --dataset PU_M1 --src-fold S08 --tgt-fold S08c --variant shot --work /kaggle/working/shot_k10/S08 --seed 2024 --skip-pretrain\n"}
,{"stream_name":"stdout","time":2359.316178166,"data":"读取源域路径：/kaggle/working/shot_k10/S08/weight_PU_M1_shot_FS08toS08c_s2024/NEW_PU/Source-源域/log\u0026pt/(B1)N15_M01_F10\n"}
,{"stream_name":"stdout","time":2359.316231911,"data":"excel输出位置：/kaggle/working/shot_k10/S08/weight_PU_M1_shot_FS08toS08c_s2024/NEW_PU/Target-目标域\n"}
,{"stream_name":"stdout","time":2359.317063275,"data":"特征图片输出位置：/kaggle/working/shot_k10/S08/weight_PU_M1_shot_FS08toS08c_s2024/NEW_PU/Picture-特征图/2026年09月21日20时46分/(B1)N15_M01_F10\n"}
,{"stream_name":"stderr","time":2359.672007653,"data":"/usr/local/lib/python3.12/dist-packages/torch/nn/utils/weight_norm.py:144: FutureWarning: `torch.nn.utils.weight_norm` is deprecated in favor of `torch.nn.utils.parametrizations.weight_norm`.\n"}
,{"stream_name":"stderr","time":2359.672063685,"data":"  WeightNorm.apply(module, name, dim)\n"}
,{"stream_name":"stdout","time":2359.719702489,"data":"现在选取:(B1)N15_M01_F10 进行训练的源模型\n"}
,{"stream_name":"stdout","time":2359.719734759,"data":"现在进行：(B1)N15_M01_F10→(B2)N15_M07_F10 的迁移任务\n"}
,{"stream_name":"stdout","time":2359.719738603,"data":"log\u0026pt输出位置：/kaggle/working/shot_k10/S08/weight_PU_M1_shot_FS08toS08c_s2024/NEW_PU/Target-目标域/log\u0026pt/(B1)N15_M01_F10→(B2)N15_M07_F10\n"}
,{"stream_name":"stderr","time":2359.720971042,"data":"sh: 1: Syntax error: word unexpected (expecting \")\")\n"}
,{"stream_name":"stdout","time":2371.079174305,"data":"任务: (B1)N15_M01_F10→(B2)N15_M07_F10; 批次:····0/·1880;  总正确率: 36.93%\n"}
,{"stream_name":"stdout","time":2371.079199694,"data":"类型1 正确率： 100.00% -\u003e 1  100.00%, 2    0.00%, 3    0.00%\n"}
,{"stream_name":"stdout","time":2371.079204909,"data":"类型2 正确率：  11.00% -\u003e 1    0.00%, 2   10.80%, 3   89.20%\n"}
,{"stream_name":"stdout","time":2371.079209111,"data":"类型3 正确率：   0.00% -\u003e 1    0.00%, 2  100.00%, 3    0.00%\n"}
,{"stream_name":"stdout","time":2371.07921344,"data":"\n"}
,{"stream_name":"stdout","time":2371.079225742,"data":"\n"}
,{"stream_name":"stdout","time":2374.431221314,"data":"SHOT pseudo-labels: model 36.93% -\u003e centroid 36.43%\n"}
,{"stream_name":"stderr","time":2387.43072524,"data":"/kaggle/working/shot_k10/S08/sdalr_PU_shot/tar_adaptation_RES_PU.py:114: UserWarning: Converting a tensor with requires_grad=True to a scalar may lead to unexpected behavior.\n"}
,{"stream_name":"stderr","time":2387.430774556,"data":"Consider using tensor.detach() first. (Triggered internally at /pytorch/torch/csrc/autograd/generated/python_variable_methods.cpp:836.)\n"}
,{"stream_name":"stderr","time":2387.430779696,"data":"  iter_num // epoch_len, args.max_epoch, float(classifier_loss), float(im_loss), time.time() - start))\n"}
,{"stream_name":"stdout","time":2387.430729803,"data":"轮次:··1/·20 || cls:0.854 || im:-0.694 || 耗时：22.52s\n"}
,{"stream_name":"stdout","time":2390.792243563,"data":"SHOT pseudo-labels: model 57.92% -\u003e centroid 96.90%\n"}
,{"stream_name":"stdout","time":2403.982520428,"data":"轮次:··2/·20 || cls:0.767 || im:-0.682 || 耗时：16.55s\n"}
,{"stream_name":"stdout","time":2407.352226837,"data":"SHOT pseudo-labels: model 59.42% -\u003e centroid 97.68%\n"}
,{"stream_name":"stdout","time":2420.29711568,"data":"轮次:··3/·20 || cls:0.742 || im:-0.517 || 耗时：16.31s\n"}
,{"stream_name":"stdout","time":2423.595218353,"data":"SHOT pseudo-labels: model 65.27% -\u003e centroid 98.18%\n"}
,{"stream_name":"stdout","time":2436.279335331,"data":"轮次:··4/·20 || cls:0.730 || im:-0.696 || 耗时：15.98s\n"}
,{"stream_name":"stdout","time":2439.535231577,"data":"SHOT pseudo-labels: model 69.90% -\u003e centroid 98.10%\n"}
,{"stream_name":"stdout","time":2452.193875758,"data":"轮次:··5/·20 || cls:0.583 || im:-0.608 || 耗时：15.91s\n"}
,{"stream_name":"stdout","time":2455.483223945,"data":"SHOT pseudo-labels: model 78.25% -\u003e centroid 98.40%\n"}
,{"stream_name":"stdout","time":2468.244138629,"data":"轮次:··6/·20 || cls:0.631 || im:-0.670 || 耗时：16.05s\n"}
,{"stream_name":"stdout","time":2471.547298942,"data":"SHOT pseudo-labels: model 80.17% -\u003e centroid 98.13%\n"}
,{"stream_name":"stdout","time":2484.434795626,"data":"轮次:··7/·20 || cls:0.742 || im:-0.662 || 耗时：16.19s\n"}
,{"stream_name":"stdout","time":2487.785300622,"data":"SHOT pseudo-labels: model 81.78% -\u003e centroid 97.35%\n"}
,{"stream_name":"stdout","time":2500.679317688,"data":"轮次:··8/·20 || cls:0.829 || im:-0.722 || 耗时：16.24s\n"}
,{"stream_name":"stdout","time":2504.007221788,"data":"SHOT pseudo-labels: model 84.53% -\u003e centroid 98.10%\n"}
,{"stream_name":"stdout","time":2516.821382565,"data":"轮次:··9/·20 || cls:0.639 || im:-0.632 || 耗时：16.14s\n"}
,{"stream_name":"stdout","time":2520.11728153,"data":"SHOT pseudo-labels: model 83.47% -\u003e centroid 97.72%\n"}
,{"stream_name":"stdout","time":2532.848878065,"data":"轮次:·10/·20 || cls:0.636 || im:-0.735 || 耗时：16.03s\n"}
,{"stream_name":"stdout","time":2536.1363611,"data":"SHOT pseudo-labels: model 84.98% -\u003e centroid 97.55%\n"}
,{"stream_name":"stdout","time":2548.89470996,"data":"轮次:·11/·20 || cls:0.545 || im:-0.618 || 耗时：16.05s\n"}
,{"stream_name":"stdout","time":2552.218197442,"data":"SHOT pseudo-labels: model 85.73% -\u003e centroid 97.93%\n"}
,{"stream_name":"stdout","time":2565.026358152,"data":"轮次:·12/·20 || cls:0.713 || im:-0.659 || 耗时：16.13s\n"}
,{"stream_name":"stdout","time":2568.334223129,"data":"SHOT pseudo-labels: model 87.53% -\u003e centroid 97.55%\n"}
,{"stream_name":"stdout","time":2581.153980253,"data":"轮次:·13/·20 || cls:0.581 || im:-0.653 || 耗时：16.13s\n"}
,{"stream_name":"stdout","time":2584.447227758,"data":"SHOT pseudo-labels: model 89.02% -\u003e centroid 97.72%\n"}
,{"stream_name":"stdout","time":2597.297411371,"data":"轮次:·14/·20 || cls:0.718 || im:-0.659 || 耗时：16.14s\n"}
,{"stream_name":"stdout","time":2600.590402242,"data":"SHOT pseudo-labels: model 90.37% -\u003e centroid 97.87%\n"}
,{"stream_name":"stdout","time":2613.404901466,"data":"轮次:·15/·20 || cls:0.694 || im:-0.653 || 耗时：16.11s\n"}
,{"stream_name":"stdout","time":2616.709224617,"data":"SHOT pseudo-labels: model 91.68% -\u003e centroid 97.73%\n"}
,{"stream_name":"stdout","time":2629.504972768,"data":"轮次:·16/·20 || cls:0.765 || im:-0.722 || 耗时：16.10s\n"}
,{"stream_name":"stdout","time":2632.819162125,"data":"SHOT pseudo-labels: model 91.77% -\u003e centroid 97.72%\n"}
,{"stream_name":"stdout","time":2645.607733619,"data":"轮次:·17/·20 || cls:0.850 || im:-0.685 || 耗时：16.10s\n"}
,{"stream_name":"stdout","time":2648.914160954,"data":"SHOT pseudo-labels: model 91.30% -\u003e centroid 97.58%\n"}
,{"stream_name":"stdout","time":2661.680540401,"data":"轮次:·18/·20 || cls:0.777 || im:-0.730 || 耗时：16.07s\n"}
,{"stream_name":"stdout","time":2664.971206309,"data":"SHOT pseudo-labels: model 92.60% -\u003e centroid 97.80%\n"}
,{"stream_name":"stdout","time":2677.738244184,"data":"轮次:·19/·20 || cls:0.881 || im:-0.690 || 耗时：16.06s\n"}
,{"stream_name":"stdout","time":2681.101873129,"data":"SHOT pseudo-labels: model 93.13% -\u003e centroid 98.25%\n"}
,{"stream_name":"stdout","time":2693.853994845,"data":"轮次:·20/·20 || cls:0.614 || im:-0.750 || 耗时：16.12s\n"}
,{"stream_name":"stdout","time":2699.79355838,"data":"测试集任务: (B1)N15_M01_F10→(B2)N15_M07_F10; 总正确率 = 92.70%\n"}
,{"stream_name":"stdout","time":2699.793599208,"data":"类型1 正确率： 100.00% -\u003e 1  100.00%, 2    0.00%, 3    0.00%\n"}
,{"stream_name":"stdout","time":2699.793605837,"data":"类型2 正确率：  91.00% -\u003e 1    0.00%, 2   91.20%, 3    8.80%\n"}
,{"stream_name":"stdout","time":2699.793611482,"data":"类型3 正确率：  87.00% -\u003e 1    0.15%, 2   12.95%, 3   86.90%\n"}
,{"stream_name":"stdout","time":2699.793622393,"data":"\n"}
,{"stream_name":"stdout","time":2699.793637318,"data":"\n"}
,{"stream_name":"stdout","time":2699.813499831,"data":"[tar_adaptation_RES_PU.py --folder_root /kaggle/working/shot_k10/S08/sdalr_PU_shot/DATA_foldS08c --seed 2024 --class_num 3 --data_name PU_M1_L3 --output /kaggle/working/shot_k10/S08/weight_PU_M1_shot_FS08toS08c_s2024 --s 0 --t 1 --lr 0.0005 --threshold 0.4 --K 0.6] 341s\n"}
,{"stream_name":"stdout","time":2699.851639325,"data":"读取源域路径：/kaggle/working/shot_k10/S08/weight_PU_M1_shot_FS08toS08c_s2024/NEW_PU/Source-源域/log\u0026pt/(B1)N15_M01_F10\n"}
,{"stream_name":"stdout","time":2699.851662459,"data":"excel输出位置：/kaggle/working/shot_k10/S08/weight_PU_M1_shot_FS08toS08c_s2024/NEW_PU/Target-目标域\n"}
,{"stream_name":"stdout","time":2699.851735092,"data":"特征图片输出位置：/kaggle/working/shot_k10/S08/weight_PU_M1_shot_FS08toS08c_s2024/NEW_PU/Picture-特征图/2026年09月21日20时52分/(B1)N15_M01_F10\n"}
,{"stream_name":"stderr","time":2699.887741473,"data":"/usr/local/lib/python3.12/dist-packages/torch/nn/utils/weight_norm.py:144: FutureWarning: `torch.nn.utils.weight_norm` is deprecated in favor of `torch.nn.utils.parametrizations.weight_norm`.\n"}
,{"stream_name":"stderr","time":2699.887774564,"data":"  WeightNorm.apply(module, name, dim)\n"}
,{"stream_name":"stdout","time":2699.929698754,"data":"现在选取:(B1)N15_M01_F10 进行训练的源模型\n"}
,{"stream_name":"stdout","time":2699.929731055,"data":"现在进行：(B1)N15_M01_F10→(B3)N15_M07_F04 的迁移任务\n"}
,{"stream_name":"stdout","time":2699.929736843,"data":"log\u0026pt输出位置：/kaggle/working/shot_k10/S08/weight_PU_M1_shot_FS08toS08c_s2024/NEW_PU/Target-目标域/log\u0026pt/(B1)N15_M01_F10→(B3)N15_M07_F04\n"}
,{"stream_name":"stderr","time":2699.931190621,"data":"sh: 1: Syntax error: word unexpected (expecting \")\")\n"}
,{"stream_name":"stdout","time":2711.149035086,"data":"任务: (B1)N15_M01_F10→(B3)N15_M07_F04; 批次:····0/·1880;  总正确率: 40.92%\n"}
,{"stream_name":"stdout","time":2711.14906915,"data":"类型1 正确率： 100.00% -\u003e 1  100.00%, 2    0.00%, 3    0.00%\n"}
,{"stream_name":"stdout","time":2711.149075427,"data":"类型2 正确率：   7.00% -\u003e 1    3.60%, 2    7.15%, 3   89.25%\n"}
,{"stream_name":"stdout","time":2711.149080373,"data":"类型3 正确率：  16.00% -\u003e 1    6.80%, 2   77.60%, 3   15.60%\n"}
,{"stream_name":"stdout","time":2711.149085174,"data":"\n"}
,{"stream_name":"stdout","time":2711.149089588,"data":"\n"}
,{"stream_name":"stdout","time":2714.44824885,"data":"SHOT pseudo-labels: model 40.92% -\u003e centroid 39.50%\n"}
,{"stream_name":"stdout","time":2727.279087803,"data":"轮次:··1/·20 || cls:1.002 || im:-0.743 || 耗时：22.06s\n"}
,{"stream_name":"stdout","time":2730.638231835,"data":"SHOT pseudo-labels: model 56.92% -\u003e centroid 41.60%\n"}
,{"stream_name":"stdout","time":2743.613667505,"data":"轮次:··2/·20 || cls:0.784 || im:-0.658 || 耗时：16.33s\n"}
,{"stream_name":"stdout","time":2746.94829051,"data":"SHOT pseudo-labels: model 47.90% -\u003e centroid 39.33%\n"}
,{"stream_name":"stdout","time":2759.780081405,"data":"轮次:··3/·20 || cls:0.623 || im:-0.629 || 耗时：16.17s\n"}
,{"stream_name":"stdout","time":2763.093093519,"data":"SHOT pseudo-labels: model 53.00% -\u003e centroid 39.03%\n"}
,{"stream_name":"stdout","time":2775.825629559,"data":"轮次:··4/·20 || cls:0.683 || im:-0.635 || 耗时：16.05s\n"}
,{"stream_name":"stdout","time":2779.132287633,"data":"SHOT pseudo-labels: model 50.22% -\u003e centroid 39.22%\n"}
,{"stream_name":"stdout","time":2791.848973063,"data":"轮次:··5/·20 || cls:0.572 || im:-0.620 || 耗时：16.02s\n"}
,{"stream_name":"stdout","time":2795.14123398,"data":"SHOT pseudo-labels: model 50.93% -\u003e centroid 39.15%\n"}
,{"stream_name":"stdout","time":2807.913882535,"data":"轮次:··6/·20 || cls:0.531 || im:-0.634 || 耗时：16.06s\n"}
,{"stream_name":"stdout","time":2811.232207315,"data":"SHOT pseudo-labels: model 55.18% -\u003e centroid 39.23%\n"}
,{"stream_name":"stdout","time":2824.041068228,"data":"轮次:··7/·20 || cls:0.702 || im:-0.613 || 耗时：16.13s\n"}
,{"stream_name":"stdout","time":2827.348271766,"data":"SHOT pseudo-labels: model 49.70% -\u003e centroid 39.53%\n"}
,{"stream_name":"stdout","time":2840.194463399,"data":"轮次:··8/·20 || cls:0.771 || im:-0.678 || 耗时：16.15s\n"}
,{"stream_name":"stdout","time":2843.535230894,"data":"SHOT pseudo-labels: model 46.07% -\u003e centroid 39.28%\n"}
,{"stream_name":"stdout","time":2856.373229465,"data":"轮次:··9/·20 || cls:0.590 || im:-0.688 || 耗时：16.18s\n"}
,{"stream_name":"stdout","time":2859.67923508,"data":"SHOT pseudo-labels: model 46.90% -\u003e centroid 39.40%\n"}
,{"stream_name":"stdout","time":2872.478086243,"data":"轮次:·10/·20 || cls:0.583 || im:-0.670 || 耗时：16.10s\n"}
,{"stream_name":"stdout","time":2875.760233827,"data":"SHOT pseudo-labels: model 48.42% -\u003e centroid 39.30%\n"}
,{"stream_name":"stdout","time":2888.549392857,"data":"轮次:·11/·20 || cls:0.548 || im:-0.552 || 耗时：16.07s\n"}
,{"stream_name":"stdout","time":2891.87192106,"data":"SHOT pseudo-labels: model 49.18% -\u003e centroid 39.28%\n"}
,{"stream_name":"stdout","time":2904.653587954,"data":"轮次:·12/·20 || cls:0.838 || im:-0.668 || 耗时：16.10s\n"}
,{"stream_name":"stdout","time":2907.946286718,"data":"SHOT pseudo-labels: model 46.95% -\u003e centroid 39.27%\n"}
,{"stream_name":"stdout","time":2920.704271595,"data":"轮次:·13/·20 || cls:0.599 || im:-0.684 || 耗时：16.05s\n"}
,{"stream_name":"stdout","time":2924.012286674,"data":"SHOT pseudo-labels: model 47.30% -\u003e centroid 39.28%\n"}
,{"stream_name":"stdout","time":2936.814536473,"data":"轮次:·14/·20 || cls:0.705 || im:-0.633 || 耗时：16.11s\n"}
,{"stream_name":"stdout","time":2940.137263148,"data":"SHOT pseudo-labels: model 46.97% -\u003e centroid 39.30%\n"}
,{"stream_name":"stdout","time":2952.918381511,"data":"轮次:·15/·20 || cls:0.591 || im:-0.669 || 耗时：16.10s\n"}
,{"stream_name":"stdout","time":2956.225218968,"data":"SHOT pseudo-labels: model 44.62% -\u003e centroid 39.37%\n"}
,{"stream_name":"stdout","time":2969.028284045,"data":"轮次:·16/·20 || cls:0.823 || im:-0.736 || 耗时：16.11s\n"}
,{"stream_name":"stdout","time":2972.326228907,"data":"SHOT pseudo-labels: model 45.43% -\u003e centroid 39.30%\n"}
,{"stream_name":"stdout","time":2985.134115444,"data":"轮次:·17/·20 || cls:0.877 || im:-0.782 || 耗时：16.11s\n"}
,{"stream_name":"stdout","time":2988.414240512,"data":"SHOT pseudo-labels: model 45.87% -\u003e centroid 39.28%\n"}
,{"stream_name":"stdout","time":3001.217916328,"data":"轮次:·18/·20 || cls:0.702 || im:-0.694 || 耗时：16.08s\n"}
,{"stream_name":"stdout","time":3004.562172128,"data":"SHOT pseudo-labels: model 45.87% -\u003e centroid 39.17%\n"}
,{"stream_name":"stdout","time":3017.407707513,"data":"轮次:·19/·20 || cls:0.807 || im:-0.720 || 耗时：16.19s\n"}
,{"stream_name":"stdout","time":3020.729650458,"data":"SHOT pseudo-labels: model 44.38% -\u003e centroid 39.07%\n"}
,{"stream_name":"stdout","time":3033.542066847,"data":"轮次:·20/·20 || cls:0.563 || im:-0.766 || 耗时：16.13s\n"}
,{"stream_name":"stdout","time":3039.479603365,"data":"测试集任务: (B1)N15_M01_F10→(B3)N15_M07_F04; 总正确率 = 45.70%\n"}
,{"stream_name":"stdout","time":3039.479640673,"data":"类型1 正确率： 100.00% -\u003e 1  100.00%, 2    0.00%, 3    0.00%\n"}
,{"stream_name":"stdout","time":3039.479665111,"data":"类型2 正确率：  18.00% -\u003e 1    2.20%, 2   18.35%, 3   79.45%\n"}
,{"stream_name":"stdout","time":3039.479670148,"data":"类型3 正确率：  19.00% -\u003e 1    0.00%, 2   81.25%, 3   18.75%\n"}
,{"stream_name":"stdout","time":3039.479674601,"data":"\n"}
,{"stream_name":"stdout","time":3039.479678574,"data":"\n"}
,{"stream_name":"stdout","time":3039.503728047,"data":"[tar_adaptation_RES_PU.py --folder_root /kaggle/working/shot_k10/S08/sdalr_PU_shot/DATA_foldS08c --seed 2024 --class_num 3 --data_name PU_M1_L3 --output /kaggle/working/shot_k10/S08/weight_PU_M1_shot_FS08toS08c_s2024 --s 0 --t 2 --lr 0.0005 --threshold 0.4 --K 0.6] 340s\n"}
,{"stream_name":"stdout","time":3039.547111769,"data":"读取源域路径：/kaggle/working/shot_k10/S08/weight_PU_M1_shot_FS08toS08c_s2024/NEW_PU/Source-源域/log\u0026pt/(B2)N15_M07_F10\n"}
,{"stream_name":"stdout","time":3039.547165074,"data":"excel输出位置：/kaggle/working/shot_k10/S08/weight_PU_M1_shot_FS08toS08c_s2024/NEW_PU/Target-目标域\n"}
,{"stream_name":"stdout","time":3039.547170784,"data":"特征图片输出位置：/kaggle/working/shot_k10/S08/weight_PU_M1_shot_FS08toS08c_s2024/NEW_PU/Picture-特征图/2026年09月21日20时57分/(B2)N15_M07_F10\n"}
,{"stream_name":"stderr","time":3039.582835402,"data":"/usr/local/lib/python3.12/dist-packages/torch/nn/utils/weight_norm.py:144: FutureWarning: `torch.nn.utils.weight_norm` is deprecated in favor of `torch.nn.utils.parametrizations.weight_norm`.\n"}
,{"stream_name":"stderr","time":3039.582887311,"data":"  WeightNorm.apply(module, name, dim)\n"}
,{"stream_name":"stdout","time":3039.624363905,"data":"现在选取:(B2)N15_M07_F10 进行训练的源模型\n"}
,{"stream_name":"stdout","time":3039.624396225,"data":"现在进行：(B2)N15_M07_F10→(B1)N15_M01_F10 的迁移任务\n"}
,{"stream_name":"stdout","time":3039.624399963,"data":"log\u0026pt输出位置：/kaggle/working/shot_k10/S08/weight_PU_M1_shot_FS08toS08c_s2024/NEW_PU/Target-目标域/log\u0026pt/(B2)N15_M07_F10→(B1)N15_M01_F10\n"}
,{"stream_name":"stderr","time":3039.625710896,"data":"sh: 1: Syntax error: word unexpected (expecting \")\")\n"}
,{"stream_name":"stdout","time":3050.895842389,"data":"任务: (B2)N15_M07_F10→(B1)N15_M01_F10; 批次:····0/·1880;  总正确率: 38.72%\n"}
,{"stream_name":"stdout","time":3050.895877815,"data":"类型1 正确率： 100.00% -\u003e 1  100.00%, 2    0.00%, 3    0.00%\n"}
,{"stream_name":"stdout","time":3050.895886451,"data":"类型2 正确率：  16.00% -\u003e 1    2.25%, 2   16.15%, 3   81.60%\n"}
,{"stream_name":"stdout","time":3050.895895892,"data":"类型3 正确率：   0.00% -\u003e 1    0.00%, 2  100.00%, 3    0.00%\n"}
,{"stream_name":"stdout","time":3050.895899464,"data":"\n"}
,{"stream_name":"stdout","time":3050.895902606,"data":"\n"}
,{"stream_name":"stdout","time":3054.207259746,"data":"SHOT pseudo-labels: model 38.72% -\u003e centroid 39.87%\n"}
,{"stream_name":"stdout","time":3067.048954971,"data":"轮次:··1/·20 || cls:1.223 || im:-0.808 || 耗时：22.09s\n"}
,{"stream_name":"stdout","time":3070.399233557,"data":"SHOT pseudo-labels: model 57.57% -\u003e centroid 38.43%\n"}
,{"stream_name":"stdout","time":3083.291207364,"data":"轮次:··2/·20 || cls:1.104 || im:-0.798 || 耗时：16.24s\n"}
,{"stream_name":"stdout","time":3086.61722528,"data":"SHOT pseudo-labels: model 54.10% -\u003e centroid 69.57%\n"}
,{"stream_name":"stdout","time":3099.484799421,"data":"轮次:··3/·20 || cls:0.587 || im:-0.656 || 耗时：16.19s\n"}
,{"stream_name":"stdout","time":3102.794000708,"data":"SHOT pseudo-labels: model 53.33% -\u003e centroid 85.10%\n"}
,{"stream_name":"stdout","time":3115.536597333,"data":"轮次:··4/·20 || cls:0.745 || im:-0.700 || 耗时：16.05s\n"}
,{"stream_name":"stdout","time":3118.84021758,"data":"SHOT pseudo-labels: model 55.08% -\u003e centroid 79.13%\n"}
,{"stream_name":"stdout","time":3131.605749567,"data":"轮次:··5/·20 || cls:0.663 || im:-0.617 || 耗时：16.07s\n"}
,{"stream_name":"stdout","time":3134.884218704,"data":"SHOT pseudo-labels: model 56.00% -\u003e centroid 73.78%\n"}
,{"stream_name":"stdout","time":3147.669741202,"data":"轮次:··6/·20 || cls:0.711 || im:-0.691 || 耗时：16.06s\n"}
,{"stream_name":"stdout","time":3150.971207235,"data":"SHOT pseudo-labels: model 55.65% -\u003e centroid 61.60%\n"}
,{"stream_name":"stdout","time":3163.796509062,"data":"轮次:··7/·20 || cls:0.695 || im:-0.597 || 耗时：16.13s\n"}
,{"stream_name":"stdout","time":3167.105225221,"data":"SHOT pseudo-labels: model 56.32% -\u003e centroid 76.47%\n"}
,{"stream_name":"stdout","time":3179.962166038,"data":"轮次:··8/·20 || cls:0.623 || im:-0.609 || 耗时：16.17s\n"}
,{"stream_name":"stdout","time":3183.29817048,"data":"SHOT pseudo-labels: model 56.92% -\u003e centroid 70.68%\n"}
,{"stream_name":"stdout","time":3196.149564577,"data":"轮次:··9/·20 || cls:0.679 || im:-0.683 || 耗时：16.19s\n"}
,{"stream_name":"stdout","time":3199.449217671,"data":"SHOT pseudo-labels: model 56.80% -\u003e centroid 66.48%\n"}
,{"stream_name":"stdout","time":3212.251940557,"data":"轮次:·10/·20 || cls:0.590 || im:-0.651 || 耗时：16.10s\n"}
,{"stream_name":"stdout","time":3215.529227572,"data":"SHOT pseudo-labels: model 57.00% -\u003e centroid 64.02%\n"}
,{"stream_name":"stdout","time":3228.293711866,"data":"轮次:·11/·20 || cls:0.600 || im:-0.548 || 耗时：16.04s\n"}
,{"stream_name":"stdout","time":3231.577134953,"data":"SHOT pseudo-labels: model 56.47% -\u003e centroid 63.27%\n"}
,{"stream_name":"stdout","time":3244.342054516,"data":"轮次:·12/·20 || cls:0.789 || im:-0.673 || 耗时：16.05s\n"}
,{"stream_name":"stdout","time":3247.6372162,"data":"SHOT pseudo-labels: model 55.57% -\u003e centroid 63.35%\n"}
,{"stream_name":"stdout","time":3260.445790273,"data":"轮次:·13/·20 || cls:0.595 || im:-0.615 || 耗时：16.10s\n"}
,{"stream_name":"stdout","time":3263.738181398,"data":"SHOT pseudo-labels: model 57.22% -\u003e centroid 62.07%\n"}
,{"stream_name":"stdout","time":3276.566875526,"data":"轮次:·14/·20 || cls:0.768 || im:-0.613 || 耗时：16.12s\n"}
,{"stream_name":"stdout","time":3279.850244368,"data":"SHOT pseudo-labels: model 55.85% -\u003e centroid 60.08%\n"}
,{"stream_name":"stdout","time":3292.705308957,"data":"轮次:·15/·20 || cls:0.736 || im:-0.737 || 耗时：16.14s\n"}
,{"stream_name":"stdout","time":3295.993222786,"data":"SHOT pseudo-labels: model 56.25% -\u003e centroid 60.70%\n"}
,{"stream_name":"stdout","time":3308.82120753,"data":"轮次:·16/·20 || cls:0.647 || im:-0.600 || 耗时：16.12s\n"}
,{"stream_name":"stdout","time":3312.142224188,"data":"SHOT pseudo-labels: model 56.17% -\u003e centroid 59.38%\n"}
,{"stream_name":"stdout","time":3324.986370393,"data":"轮次:·17/·20 || cls:0.751 || im:-0.703 || 耗时：16.17s\n"}
,{"stream_name":"stdout","time":3328.295279357,"data":"SHOT pseudo-labels: model 55.42% -\u003e centroid 59.25%\n"}
,{"stream_name":"stdout","time":3341.125165626,"data":"轮次:·18/·20 || cls:0.810 || im:-0.636 || 耗时：16.14s\n"}
,{"stream_name":"stdout","time":3344.432159851,"data":"SHOT pseudo-labels: model 55.87% -\u003e centroid 58.10%\n"}
,{"stream_name":"stdout","time":3357.257664731,"data":"轮次:·19/·20 || cls:0.822 || im:-0.572 || 耗时：16.13s\n"}
,{"stream_name":"stdout","time":3360.576228795,"data":"SHOT pseudo-labels: model 55.10% -\u003e centroid 57.92%\n"}
,{"stream_name":"stdout","time":3373.369000346,"data":"轮次:·20/·20 || cls:0.662 || im:-0.619 || 耗时：16.11s\n"}
,{"stream_name":"stdout","time":3379.29098185,"data":"测试集任务: (B2)N15_M07_F10→(B1)N15_M01_F10; 总正确率 = 54.07%\n"}
,{"stream_name":"stdout","time":3379.291047,"data":"类型1 正确率：  67.00% -\u003e 1   66.55%, 2   33.45%, 3    0.00%\n"}
,{"stream_name":"stdout","time":3379.291054152,"data":"类型2 正确率：  44.00% -\u003e 1    3.35%, 2   43.50%, 3   53.15%\n"}
,{"stream_name":"stdout","time":3379.291058729,"data":"类型3 正确率：  52.00% -\u003e 1   13.95%, 2   33.90%, 3   52.15%\n"}
,{"stream_name":"stdout","time":3379.291062515,"data":"\n"}
,{"stream_name":"stdout","time":3379.291065698,"data":"\n"}
,{"stream_name":"stdout","time":3379.314078218,"data":"[tar_adaptation_RES_PU.py --folder_root /kaggle/working/shot_k10/S08/sdalr_PU_shot/DATA_foldS08c --seed 2024 --class_num 3 --data_name PU_M1_L3 --output /kaggle/working/shot_k10/S08/weight_PU_M1_shot_FS08toS08c_s2024 --s 1 --t 0 --lr 0.0005 --threshold 0.4 --K 0.6] 340s\n"}
,{"stream_name":"stdout","time":3379.346452152,"data":"读取源域路径：/kaggle/working/shot_k10/S08/weight_PU_M1_shot_FS08toS08c_s2024/NEW_PU/Source-源域/log\u0026pt/(B2)N15_M07_F10\n"}
,{"stream_name":"stdout","time":3379.346477402,"data":"excel输出位置：/kaggle/working/shot_k10/S08/weight_PU_M1_shot_FS08toS08c_s2024/NEW_PU/Target-目标域\n"}
,{"stream_name":"stdout","time":3379.346493425,"data":"特征图片输出位置：/kaggle/working/shot_k10/S08/weight_PU_M1_shot_FS08toS08c_s2024/NEW_PU/Picture-特征图/2026年09月21日21时03分/(B2)N15_M07_F10\n"}
,{"stream_name":"stderr","time":3379.381703615,"data":"/usr/local/lib/python3.12/dist-packages/torch/nn/utils/weight_norm.py:144: FutureWarning: `torch.nn.utils.weight_norm` is deprecated in favor of `torch.nn.utils.parametrizations.weight_norm`.\n"}
,{"stream_name":"stderr","time":3379.381736121,"data":"  WeightNorm.apply(module, name, dim)\n"}
,{"stream_name":"stdout","time":3379.422075713,"data":"现在选取:(B2)N15_M07_F10 进行训练的源模型\n"}
,{"stream_name":"stdout","time":3379.422110351,"data":"现在进行：(B2)N15_M07_F10→(B3)N15_M07_F04 的迁移任务\n"}
,{"stream_name":"stdout","time":3379.422115469,"data":"log\u0026pt输出位置：/kaggle/working/shot_k10/S08/weight_PU_M1_shot_FS08toS08c_s2024/NEW_PU/Target-目标域/log\u0026pt/(B2)N15_M07_F10→(B3)N15_M07_F04\n"}
,{"stream_name":"stderr","time":3379.423450279,"data":"sh: 1: Syntax error: word unexpected (expecting \")\")\n"}
,{"stream_name":"stdout","time":3390.575732044,"data":"任务: (B2)N15_M07_F10→(B3)N15_M07_F04; 批次:····0/·1880;  总正确率: 38.50%\n"}
,{"stream_name":"stdout","time":3390.57576898,"data":"类型1 正确率： 100.00% -\u003e 1  100.00%, 2    0.00%, 3    0.00%\n"}
,{"stream_name":"stdout","time":3390.575775491,"data":"类型2 正确率：  15.00% -\u003e 1    1.30%, 2   15.15%, 3   83.55%\n"}
,{"stream_name":"stdout","time":3390.575780268,"data":"类型3 正确率：   0.00% -\u003e 1    0.00%, 2   99.65%, 3    0.35%\n"}
,{"stream_name":"stdout","time":3390.575785294,"data":"\n"}
,{"stream_name":"stdout","time":3390.575789334,"data":"\n"}
,{"stream_name":"stdout","time":3393.880380322,"data":"SHOT pseudo-labels: model 38.50% -\u003e centroid 39.92%\n"}
,{"stream_name":"stdout","time":3406.689394114,"data":"轮次:··1/·20 || cls:1.405 || im:-0.833 || 耗时：22.06s\n"}
,{"stream_name":"stdout","time":3410.033189724,"data":"SHOT pseudo-labels: model 56.22% -\u003e centroid 41.53%\n"}
,{"stream_name":"stdout","time":3422.979811273,"data":"轮次:··2/·20 || cls:1.158 || im:-0.768 || 耗时：16.29s\n"}
,{"stream_name":"stdout","time":3426.296642158,"data":"SHOT pseudo-labels: model 53.53% -\u003e centroid 39.15%\n"}
,{"stream_name":"stdout","time":3439.148313641,"data":"轮次:··3/·20 || cls:0.682 || im:-0.626 || 耗时：16.17s\n"}
,{"stream_name":"stdout","time":3442.468219275,"data":"SHOT pseudo-labels: model 49.37% -\u003e centroid 36.88%\n"}
,{"stream_name":"stdout","time":3455.195648934,"data":"轮次:··4/·20 || cls:0.649 || im:-0.680 || 耗时：16.05s\n"}
,{"stream_name":"stdout","time":3458.472070212,"data":"SHOT pseudo-labels: model 46.62% -\u003e centroid 37.13%\n"}
,{"stream_name":"stdout","time":3471.209294667,"data":"轮次:··5/·20 || cls:0.594 || im:-0.598 || 耗时：16.01s\n"}
,{"stream_name":"stdout","time":3474.516250299,"data":"SHOT pseudo-labels: model 44.92% -\u003e centroid 36.52%\n"}
,{"stream_name":"stdout","time":3487.338590661,"data":"轮次:··6/·20 || cls:0.596 || im:-0.699 || 耗时：16.13s\n"}
,{"stream_name":"stdout","time":3490.649253666,"data":"SHOT pseudo-labels: model 45.88% -\u003e centroid 36.40%\n"}
,{"stream_name":"stdout","time":3503.497198999,"data":"轮次:··7/·20 || cls:0.644 || im:-0.653 || 耗时：16.16s\n"}
,{"stream_name":"stdout","time":3506.819223988,"data":"SHOT pseudo-labels: model 45.20% -\u003e centroid 36.50%\n"}
,{"stream_name":"stdout","time":3519.663951476,"data":"轮次:··8/·20 || cls:0.749 || im:-0.702 || 耗时：16.17s\n"}
,{"stream_name":"stdout","time":3522.970203545,"data":"SHOT pseudo-labels: model 45.47% -\u003e centroid 36.65%\n"}
,{"stream_name":"stdout","time":3535.795305618,"data":"轮次:··9/·20 || cls:0.757 || im:-0.670 || 耗时：16.13s\n"}
,{"stream_name":"stdout","time":3539.094217427,"data":"SHOT pseudo-labels: model 43.82% -\u003e centroid 36.23%\n"}
,{"stream_name":"stdout","time":3551.907766067,"data":"轮次:·10/·20 || cls:0.566 || im:-0.717 || 耗时：16.11s\n"}
,{"stream_name":"stdout","time":3555.1802366,"data":"SHOT pseudo-labels: model 45.70% -\u003e centroid 36.78%\n"}
,{"stream_name":"stdout","time":3567.929296321,"data":"轮次:·11/·20 || cls:0.586 || im:-0.574 || 耗时：16.02s\n"}
,{"stream_name":"stdout","time":3571.250240802,"data":"SHOT pseudo-labels: model 46.43% -\u003e centroid 36.48%\n"}
,{"stream_name":"stdout","time":3584.026477695,"data":"轮次:·12/·20 || cls:0.803 || im:-0.672 || 耗时：16.10s\n"}
,{"stream_name":"stdout","time":3587.312432712,"data":"SHOT pseudo-labels: model 46.42% -\u003e centroid 36.55%\n"}
,{"stream_name":"stdout","time":3600.108339576,"data":"轮次:·13/·20 || cls:0.652 || im:-0.701 || 耗时：16.08s\n"}
,{"stream_name":"stdout","time":3603.417256752,"data":"SHOT pseudo-labels: model 47.10% -\u003e centroid 36.87%\n"}
,{"stream_name":"stdout","time":3616.182356917,"data":"轮次:·14/·20 || cls:0.783 || im:-0.647 || 耗时：16.07s\n"}
,{"stream_name":"stdout","time":3619.490228504,"data":"SHOT pseudo-labels: model 46.15% -\u003e centroid 36.77%\n"}
,{"stream_name":"stdout","time":3632.294817799,"data":"轮次:·15/·20 || cls:0.618 || im:-0.650 || 耗时：16.11s\n"}
,{"stream_name":"stdout","time":3635.585199871,"data":"SHOT pseudo-labels: model 45.27% -\u003e centroid 36.88%\n"}
,{"stream_name":"stdout","time":3648.420498366,"data":"轮次:·16/·20 || cls:0.766 || im:-0.644 || 耗时：16.13s\n"}
,{"stream_name":"stdout","time":3651.753176281,"data":"SHOT pseudo-labels: model 45.45% -\u003e centroid 36.85%\n"}
,{"stream_name":"stdout","time":3664.55976619,"data":"轮次:·17/·20 || cls:0.779 || im:-0.751 || 耗时：16.14s\n"}
,{"stream_name":"stdout","time":3667.887222889,"data":"SHOT pseudo-labels: model 47.55% -\u003e centroid 36.93%\n"}
,{"stream_name":"stdout","time":3680.703279679,"data":"轮次:·18/·20 || cls:0.681 || im:-0.691 || 耗时：16.14s\n"}
,{"stream_name":"stdout","time":3683.998257658,"data":"SHOT pseudo-labels: model 48.27% -\u003e centroid 37.08%\n"}
,{"stream_name":"stdout","time":3696.831543294,"data":"轮次:·19/·20 || cls:0.860 || im:-0.709 || 耗时：16.13s\n"}
,{"stream_name":"stdout","time":3700.142304237,"data":"SHOT pseudo-labels: model 46.52% -\u003e centroid 37.08%\n"}
,{"stream_name":"stdout","time":3712.984946259,"data":"轮次:·20/·20 || cls:0.518 || im:-0.693 || 耗时：16.15s\n"}
,{"stream_name":"stdout","time":3718.914167088,"data":"测试集任务: (B2)N15_M07_F10→(B3)N15_M07_F04; 总正确率 = 49.85%\n"}
,{"stream_name":"stdout","time":3718.914210356,"data":"类型1 正确率：  98.00% -\u003e 1   97.85%, 2    2.15%, 3    0.00%\n"}
,{"stream_name":"stdout","time":3718.914223234,"data":"类型2 正确率：  20.00% -\u003e 1    3.55%, 2   19.50%, 3   76.95%\n"}
,{"stream_name":"stdout","time":3718.915369623,"data":"类型3 正确率：  32.00% -\u003e 1    0.00%, 2   67.80%, 3   32.20%\n"}
,{"stream_name":"stdout","time":3718.915391473,"data":"\n"}
,{"stream_name":"stdout","time":3718.915397047,"data":"\n"}
,{"stream_name":"stdout","time":3718.93515086,"data":"[tar_adaptation_RES_PU.py --folder_root /kaggle/working/shot_k10/S08/sdalr_PU_shot/DATA_foldS08c --seed 2024 --class_num 3 --data_name PU_M1_L3 --output /kaggle/working/shot_k10/S08/weight_PU_M1_shot_FS08toS08c_s2024 --s 1 --t 2 --lr 0.0005 --threshold 0.4 --K 0.6] 340s\n"}
,{"stream_name":"stdout","time":3718.984110158,"data":"读取源域路径：/kaggle/working/shot_k10/S08/weight_PU_M1_shot_FS08toS08c_s2024/NEW_PU/Source-源域/log\u0026pt/(B3)N15_M07_F04\n"}
,{"stream_name":"stdout","time":3718.984135475,"data":"excel输出位置：/kaggle/working/shot_k10/S08/weight_PU_M1_shot_FS08toS08c_s2024/NEW_PU/Target-目标域\n"}
,{"stream_name":"stdout","time":3718.984157739,"data":"特征图片输出位置：/kaggle/working/shot_k10/S08/weight_PU_M1_shot_FS08toS08c_s2024/NEW_PU/Picture-特征图/2026年09月21日21时09分/(B3)N15_M07_F04\n"}
,{"stream_name":"stderr","time":3719.018915308,"data":"/usr/local/lib/python3.12/dist-packages/torch/nn/utils/weight_norm.py:144: FutureWarning: `torch.nn.utils.weight_norm` is deprecated in favor of `torch.nn.utils.parametrizations.weight_norm`.\n"}
,{"stream_name":"stderr","time":3719.018949848,"data":"  WeightNorm.apply(module, name, dim)\n"}
,{"stream_name":"stdout","time":3719.059345887,"data":"现在选取:(B3)N15_M07_F04 进行训练的源模型\n"}
,{"stream_name":"stdout","time":3719.05938122,"data":"现在进行：(B3)N15_M07_F04→(B1)N15_M01_F10 的迁移任务\n"}
,{"stream_name":"stdout","time":3719.059385681,"data":"log\u0026pt输出位置：/kaggle/working/shot_k10/S08/weight_PU_M1_shot_FS08toS08c_s2024/NEW_PU/Target-目标域/log\u0026pt/(B3)N15_M07_F04→(B1)N15_M01_F10\n"}
,{"stream_name":"stderr","time":3719.060709379,"data":"sh: 1: Syntax error: word unexpected (expecting \")\")\n"}
,{"stream_name":"stdout","time":3730.212569446,"data":"任务: (B3)N15_M07_F04→(B1)N15_M01_F10; 批次:····0/·1880;  总正确率: 44.18%\n"}
,{"stream_name":"stdout","time":3730.212629175,"data":"类型1 正确率： 100.00% -\u003e 1  100.00%, 2    0.00%, 3    0.00%\n"}
,{"stream_name":"stdout","time":3730.212637431,"data":"类型2 正确率：  33.00% -\u003e 1    0.35%, 2   32.55%, 3   67.10%\n"}
,{"stream_name":"stdout","time":3730.212642861,"data":"类型3 正确率：   0.00% -\u003e 1    0.00%, 2  100.00%, 3    0.00%\n"}
,{"stream_name":"stdout","time":3730.212647767,"data":"\n"}
,{"stream_name":"stdout","time":3730.212652585,"data":"\n"}
,{"stream_name":"stdout","time":3733.49637893,"data":"SHOT pseudo-labels: model 44.18% -\u003e centroid 44.30%\n"}
,{"stream_name":"stdout","time":3746.338577269,"data":"轮次:··1/·20 || cls:1.176 || im:-0.787 || 耗时：22.05s\n"}
,{"stream_name":"stdout","time":3749.673213494,"data":"SHOT pseudo-labels: model 54.88% -\u003e centroid 39.23%\n"}
,{"stream_name":"stdout","time":3762.591314949,"data":"轮次:··2/·20 || cls:0.774 || im:-0.696 || 耗时：16.25s\n"}
,{"stream_name":"stdout","time":3765.908199474,"data":"SHOT pseudo-labels: model 57.93% -\u003e centroid 92.07%\n"}
,{"stream_name":"stdout","time":3778.776728967,"data":"轮次:··3/·20 || cls:0.655 || im:-0.610 || 耗时：16.19s\n"}
,{"stream_name":"stdout","time":3782.095188409,"data":"SHOT pseudo-labels: model 60.55% -\u003e centroid 73.42%\n"}
,{"stream_name":"stdout","time":3794.885900694,"data":"轮次:··4/·20 || cls:0.706 || im:-0.618 || 耗时：16.11s\n"}
,{"stream_name":"stdout","time":3798.168237631,"data":"SHOT pseudo-labels: model 64.15% -\u003e centroid 87.82%\n"}
,{"stream_name":"stdout","time":3810.908234122,"data":"轮次:··5/·20 || cls:0.728 || im:-0.603 || 耗时：16.02s\n"}
,{"stream_name":"stdout","time":3814.209346223,"data":"SHOT pseudo-labels: model 63.57% -\u003e centroid 62.03%\n"}
,{"stream_name":"stdout","time":3826.99297217,"data":"轮次:··6/·20 || cls:0.657 || im:-0.656 || 耗时：16.08s\n"}
,{"stream_name":"stdout","time":3830.268180984,"data":"SHOT pseudo-labels: model 64.18% -\u003e centroid 48.43%\n"}
,{"stream_name":"stdout","time":3843.082772367,"data":"轮次:··7/·20 || cls:0.671 || im:-0.608 || 耗时：16.09s\n"}
,{"stream_name":"stdout","time":3846.393167053,"data":"SHOT pseudo-labels: model 66.77% -\u003e centroid 75.57%\n"}
,{"stream_name":"stdout","time":3859.230010596,"data":"轮次:··8/·20 || cls:0.745 || im:-0.635 || 耗时：16.15s\n"}
,{"stream_name":"stdout","time":3862.54517787,"data":"SHOT pseudo-labels: model 66.73% -\u003e centroid 57.57%\n"}
,{"stream_name":"stdout","time":3875.393305899,"data":"轮次:··9/·20 || cls:0.684 || im:-0.655 || 耗时：16.16s\n"}
,{"stream_name":"stdout","time":3878.70620868,"data":"SHOT pseudo-labels: model 68.83% -\u003e centroid 76.35%\n"}
,{"stream_name":"stdout","time":3891.532939441,"data":"轮次:·10/·20 || cls:0.617 || im:-0.645 || 耗时：16.14s\n"}
,{"stream_name":"stdout","time":3894.827242824,"data":"SHOT pseudo-labels: model 69.30% -\u003e centroid 76.35%\n"}
,{"stream_name":"stdout","time":3907.625001476,"data":"轮次:·11/·20 || cls:0.711 || im:-0.600 || 耗时：16.09s\n"}
,{"stream_name":"stdout","time":3910.915227128,"data":"SHOT pseudo-labels: model 69.90% -\u003e centroid 82.03%\n"}
,{"stream_name":"stdout","time":3923.71967869,"data":"轮次:·12/·20 || cls:0.780 || im:-0.713 || 耗时：16.09s\n"}
,{"stream_name":"stdout","time":3927.034234071,"data":"SHOT pseudo-labels: model 69.15% -\u003e centroid 77.10%\n"}
,{"stream_name":"stdout","time":3939.827864322,"data":"轮次:·13/·20 || cls:0.670 || im:-0.624 || 耗时：16.11s\n"}
,{"stream_name":"stdout","time":3943.137203425,"data":"SHOT pseudo-labels: model 68.73% -\u003e centroid 70.43%\n"}
,{"stream_name":"stdout","time":3955.965563309,"data":"轮次:·14/·20 || cls:0.678 || im:-0.599 || 耗时：16.14s\n"}
,{"stream_name":"stdout","time":3959.256218113,"data":"SHOT pseudo-labels: model 69.70% -\u003e centroid 76.27%\n"}
,{"stream_name":"stdout","time":3972.072533316,"data":"轮次:·15/·20 || cls:0.700 || im:-0.664 || 耗时：16.11s\n"}
,{"stream_name":"stdout","time":3975.373306809,"data":"SHOT pseudo-labels: model 69.78% -\u003e centroid 76.32%\n"}
,{"stream_name":"stdout","time":3988.188876387,"data":"轮次:·16/·20 || cls:0.710 || im:-0.674 || 耗时：16.12s\n"}
,{"stream_name":"stdout","time":3991.511265432,"data":"SHOT pseudo-labels: model 69.33% -\u003e centroid 74.40%\n"}
,{"stream_name":"stdout","time":4004.301498569,"data":"轮次:·17/·20 || cls:0.905 || im:-0.733 || 耗时：16.11s\n"}
,{"stream_name":"stdout","time":4007.599280783,"data":"SHOT pseudo-labels: model 68.52% -\u003e centroid 65.07%\n"}
,{"stream_name":"stdout","time":4020.432042566,"data":"轮次:·18/·20 || cls:0.769 || im:-0.674 || 耗时：16.13s\n"}
,{"stream_name":"stdout","time":4023.758162447,"data":"SHOT pseudo-labels: model 70.18% -\u003e centroid 75.55%\n"}
,{"stream_name":"stdout","time":4036.604950093,"data":"轮次:·19/·20 || cls:0.866 || im:-0.649 || 耗时：16.17s\n"}
,{"stream_name":"stdout","time":4039.924224037,"data":"SHOT pseudo-labels: model 69.50% -\u003e centroid 74.25%\n"}
,{"stream_name":"stdout","time":4052.716125677,"data":"轮次:·20/·20 || cls:0.566 || im:-0.650 || 耗时：16.11s\n"}
,{"stream_name":"stdout","time":4058.637015799,"data":"测试集任务: (B3)N15_M07_F04→(B1)N15_M01_F10; 总正确率 = 69.90%\n"}
,{"stream_name":"stdout","time":4058.637069035,"data":"类型1 正确率：  99.00% -\u003e 1   99.25%, 2    0.75%, 3    0.00%\n"}
,{"stream_name":"stdout","time":4058.637076503,"data":"类型2 正确率：  54.00% -\u003e 1    0.35%, 2   54.45%, 3   45.20%\n"}
,{"stream_name":"stdout","time":4058.637081279,"data":"类型3 正确率：  56.00% -\u003e 1    0.05%, 2   43.95%, 3   56.00%\n"}
,{"stream_name":"stdout","time":4058.637086458,"data":"\n"}
,{"stream_name":"stdout","time":4058.637090731,"data":"\n"}
,{"stream_name":"stdout","time":4058.660985907,"data":"[tar_adaptation_RES_PU.py --folder_root /kaggle/working/shot_k10/S08/sdalr_PU_shot/DATA_foldS08c --seed 2024 --class_num 3 --data_name PU_M1_L3 --output /kaggle/working/shot_k10/S08/weight_PU_M1_shot_FS08toS08c_s2024 --s 2 --t 0 --lr 0.0005 --threshold 0.4 --K 0.6] 340s\n"}
,{"stream_name":"stdout","time":4058.690147302,"data":"读取源域路径：/kaggle/working/shot_k10/S08/weight_PU_M1_shot_FS08toS08c_s2024/NEW_PU/Source-源域/log\u0026pt/(B3)N15_M07_F04\n"}
,{"stream_name":"stdout","time":4058.690172106,"data":"excel输出位置：/kaggle/working/shot_k10/S08/weight_PU_M1_shot_FS08toS08c_s2024/NEW_PU/Target-目标域\n"}
,{"stream_name":"stdout","time":4058.691260351,"data":"特征图片输出位置：/kaggle/working/shot_k10/S08/weight_PU_M1_shot_FS08toS08c_s2024/NEW_PU/Picture-特征图/2026年09月21日21时14分/(B3)N15_M07_F04\n"}
,{"stream_name":"stderr","time":4058.726504933,"data":"/usr/local/lib/python3.12/dist-packages/torch/nn/utils/weight_norm.py:144: FutureWarning: `torch.nn.utils.weight_norm` is deprecated in favor of `torch.nn.utils.parametrizations.weight_norm`.\n"}
,{"stream_name":"stderr","time":4058.726534798,"data":"  WeightNorm.apply(module, name, dim)\n"}
,{"stream_name":"stdout","time":4058.770212853,"data":"现在选取:(B3)N15_M07_F04 进行训练的源模型\n"}
,{"stream_name":"stdout","time":4058.770239948,"data":"现在进行：(B3)N15_M07_F04→(B2)N15_M07_F10 的迁移任务\n"}
,{"stream_name":"stdout","time":4058.770244974,"data":"log\u0026pt输出位置：/kaggle/working/shot_k10/S08/weight_PU_M1_shot_FS08toS08c_s2024/NEW_PU/Target-目标域/log\u0026pt/(B3)N15_M07_F04→(B2)N15_M07_F10\n"}
,{"stream_name":"stderr","time":4058.771517846,"data":"sh: 1: Syntax error: word unexpected (expecting \")\")\n"}
,{"stream_name":"stdout","time":4069.916225198,"data":"任务: (B3)N15_M07_F04→(B2)N15_M07_F10; 批次:····0/·1880;  总正确率: 42.55%\n"}
,{"stream_name":"stdout","time":4069.916268868,"data":"类型1 正确率： 100.00% -\u003e 1  100.00%, 2    0.00%, 3    0.00%\n"}
,{"stream_name":"stdout","time":4069.916281416,"data":"类型2 正确率：  28.00% -\u003e 1    0.00%, 2   27.65%, 3   72.35%\n"}
,{"stream_name":"stdout","time":4069.916286018,"data":"类型3 正确率：   0.00% -\u003e 1    0.00%, 2  100.00%, 3    0.00%\n"}
,{"stream_name":"stdout","time":4069.916302934,"data":"\n"}
,{"stream_name":"stdout","time":4069.91630981,"data":"\n"}
,{"stream_name":"stdout","time":4073.210242824,"data":"SHOT pseudo-labels: model 42.55% -\u003e centroid 42.17%\n"}
,{"stream_name":"stdout","time":4086.037216599,"data":"轮次:··1/·20 || cls:1.132 || im:-0.728 || 耗时：22.07s\n"}
,{"stream_name":"stdout","time":4089.339156552,"data":"SHOT pseudo-labels: model 59.95% -\u003e centroid 42.05%\n"}
,{"stream_name":"stdout","time":4102.265273483,"data":"轮次:··2/·20 || cls:0.859 || im:-0.699 || 耗时：16.23s\n"}
,{"stream_name":"stdout","time":4105.571246834,"data":"SHOT pseudo-labels: model 54.32% -\u003e centroid 37.27%\n"}
,{"stream_name":"stdout","time":4118.42122443,"data":"轮次:··3/·20 || cls:0.567 || im:-0.657 || 耗时：16.16s\n"}
,{"stream_name":"stdout","time":4121.723221426,"data":"SHOT pseudo-labels: model 62.83% -\u003e centroid 94.18%\n"}
,{"stream_name":"stdout","time":4134.47071904,"data":"轮次:··4/·20 || cls:0.819 || im:-0.709 || 耗时：16.05s\n"}
,{"stream_name":"stdout","time":4137.748038798,"data":"SHOT pseudo-labels: model 65.80% -\u003e centroid 92.68%\n"}
,{"stream_name":"stdout","time":4150.462381006,"data":"轮次:··5/·20 || cls:0.561 || im:-0.618 || 耗时：15.99s\n"}
,{"stream_name":"stdout","time":4153.755183824,"data":"SHOT pseudo-labels: model 67.37% -\u003e centroid 90.50%\n"}
,{"stream_name":"stdout","time":4166.568077339,"data":"轮次:··6/·20 || cls:0.608 || im:-0.594 || 耗时：16.11s\n"}
,{"stream_name":"stdout","time":4169.876201559,"data":"SHOT pseudo-labels: model 65.67% -\u003e centroid 54.78%\n"}
,{"stream_name":"stdout","time":4182.702943472,"data":"轮次:··7/·20 || cls:0.684 || im:-0.583 || 耗时：16.13s\n"}
,{"stream_name":"stdout","time":4186.004236363,"data":"SHOT pseudo-labels: model 69.73% -\u003e centroid 96.33%\n"}
,{"stream_name":"stdout","time":4198.841464523,"data":"轮次:··8/·20 || cls:0.842 || im:-0.706 || 耗时：16.14s\n"}
,{"stream_name":"stdout","time":4202.16288725,"data":"SHOT pseudo-labels: model 68.00% -\u003e centroid 77.73%\n"}
,{"stream_name":"stdout","time":4214.978012282,"data":"轮次:··9/·20 || cls:0.548 || im:-0.711 || 耗时：16.14s\n"}
,{"stream_name":"stdout","time":4218.271251904,"data":"SHOT pseudo-labels: model 67.78% -\u003e centroid 72.75%\n"}
,{"stream_name":"stdout","time":4231.084154997,"data":"轮次:·10/·20 || cls:0.641 || im:-0.621 || 耗时：16.11s\n"}
,{"stream_name":"stdout","time":4234.358203763,"data":"SHOT pseudo-labels: model 68.52% -\u003e centroid 77.17%\n"}
,{"stream_name":"stdout","time":4247.183198398,"data":"轮次:·11/·20 || cls:0.612 || im:-0.636 || 耗时：16.10s\n"}
,{"stream_name":"stdout","time":4250.489211948,"data":"SHOT pseudo-labels: model 68.03% -\u003e centroid 77.30%\n"}
,{"stream_name":"stdout","time":4263.304590807,"data":"轮次:·12/·20 || cls:0.735 || im:-0.660 || 耗时：16.12s\n"}
,{"stream_name":"stdout","time":4266.592232493,"data":"SHOT pseudo-labels: model 68.15% -\u003e centroid 79.55%\n"}
,{"stream_name":"stdout","time":4279.409930667,"data":"轮次:·13/·20 || cls:0.653 || im:-0.664 || 耗时：16.11s\n"}
,{"stream_name":"stdout","time":4282.719322258,"data":"SHOT pseudo-labels: model 68.78% -\u003e centroid 77.98%\n"}
,{"stream_name":"stdout","time":4295.528176852,"data":"轮次:·14/·20 || cls:0.722 || im:-0.627 || 耗时：16.12s\n"}
,{"stream_name":"stdout","time":4298.844206019,"data":"SHOT pseudo-labels: model 69.22% -\u003e centroid 85.23%\n"}
,{"stream_name":"stdout","time":4311.628068017,"data":"轮次:·15/·20 || cls:0.750 || im:-0.707 || 耗时：16.10s\n"}
,{"stream_name":"stdout","time":4314.914218715,"data":"SHOT pseudo-labels: model 69.93% -\u003e centroid 90.30%\n"}
,{"stream_name":"stdout","time":4327.691390694,"data":"轮次:·16/·20 || cls:0.846 || im:-0.749 || 耗时：16.06s\n"}
,{"stream_name":"stdout","time":4330.989258016,"data":"SHOT pseudo-labels: model 69.48% -\u003e centroid 83.23%\n"}
,{"stream_name":"stdout","time":4343.792092454,"data":"轮次:·17/·20 || cls:0.877 || im:-0.789 || 耗时：16.10s\n"}
,{"stream_name":"stdout","time":4347.076399704,"data":"SHOT pseudo-labels: model 68.32% -\u003e centroid 68.80%\n"}
,{"stream_name":"stdout","time":4359.855373488,"data":"轮次:·18/·20 || cls:0.856 || im:-0.630 || 耗时：16.06s\n"}
,{"stream_name":"stdout","time":4363.164294916,"data":"SHOT pseudo-labels: model 70.00% -\u003e centroid 89.02%\n"}
,{"stream_name":"stdout","time":4375.923902601,"data":"轮次:·19/·20 || cls:0.902 || im:-0.671 || 耗时：16.07s\n"}
,{"stream_name":"stdout","time":4379.22528565,"data":"SHOT pseudo-labels: model 70.50% -\u003e centroid 92.05%\n"}
,{"stream_name":"stdout","time":4392.018680367,"data":"轮次:·20/·20 || cls:0.508 || im:-0.663 || 耗时：16.09s\n"}
,{"stream_name":"stdout","time":4397.939538669,"data":"测试集任务: (B3)N15_M07_F04→(B2)N15_M07_F10; 总正确率 = 69.27%\n"}
,{"stream_name":"stdout","time":4397.939588978,"data":"类型1 正确率： 100.00% -\u003e 1   99.95%, 2    0.05%, 3    0.00%\n"}
,{"stream_name":"stdout","time":4397.939617254,"data":"类型2 正确率：  55.00% -\u003e 1    0.35%, 2   55.00%, 3   44.65%\n"}
,{"stream_name":"stdout","time":4397.939623865,"data":"类型3 正确率：  53.00% -\u003e 1    0.30%, 2   46.85%, 3   52.85%\n"}
,{"stream_name":"stdout","time":4397.939629554,"data":"\n"}
,{"stream_name":"stdout","time":4397.939634113,"data":"\n"}
,{"stream_name":"stdout","time":4397.961110569,"data":"[tar_adaptation_RES_PU.py --folder_root /kaggle/working/shot_k10/S08/sdalr_PU_shot/DATA_foldS08c --seed 2024 --class_num 3 --data_name PU_M1_L3 --output /kaggle/working/shot_k10/S08/weight_PU_M1_shot_FS08toS08c_s2024 --s 2 --t 1 --lr 0.0005 --threshold 0.4 --K 0.6] 339s\n"}
,{"stream_name":"stdout","time":4397.98041908,"data":"{\n"}
,{"stream_name":"stdout","time":4397.980445189,"data":"  \"dataset\": \"PU_M1\",\n"}
,{"stream_name":"stdout","time":4397.980452114,"data":"  \"variant\": \"shot\",\n"}
,{"stream_name":"stdout","time":4397.980457361,"data":"  \"seed\": 2024,\n"}
,{"stream_name":"stdout","time":4397.98046238,"data":"  \"smoke\": false,\n"}
,{"stream_name":"stdout","time":4397.980467367,"data":"  \"src_fold\": \"S08\",\n"}
,{"stream_name":"stdout","time":4397.980474446,"data":"  \"tgt_fold\": \"S08c\",\n"}
,{"stream_name":"stdout","time":4397.980482932,"data":"  \"leaky\": false,\n"}
,{"stream_name":"stdout","time":4397.98048668,"data":"  \"hyperparameters\": {\n"}
,{"stream_name":"stdout","time":4397.980490148,"data":"    \"lr\": \"0.0005\",\n"}
,{"stream_name":"stdout","time":4397.980493645,"data":"    \"threshold\": \"0.4\",\n"}
,{"stream_name":"stdout","time":4397.980497044,"data":"    \"K\": \"0.6\"\n"}
,{"stream_name":"stdout","time":4397.980500791,"data":"  },\n"}
,{"stream_name":"stdout","time":4397.98050422,"data":"  \"adapters\": [\n"}
,{"stream_name":"stdout","time":4397.980507639,"data":"    \"npz_io\",\n"}
,{"stream_name":"stdout","time":4397.980511045,"data":"    \"tsne_stub\",\n"}
,{"stream_name":"stdout","time":4397.980514428,"data":"    \"shot_patch\"\n"}
,{"stream_name":"stdout","time":4397.980517816,"data":"  ],\n"}
,{"stream_name":"stdout","time":4397.98052116,"data":"  \"source_only\": {},\n"}
,{"stream_name":"stdout","time":4397.980524542,"data":"  \"adapted\": {\n"}
,{"stream_name":"stdout","time":4397.980527945,"data":"    \"A1-\u003eA3\": 92.7,\n"}
,{"stream_name":"stdout","time":4397.9805398,"data":"    \"A1-\u003eA2\": 45.7,\n"}
,{"stream_name":"stdout","time":4397.98054269,"data":"    \"A3-\u003eA1\": 54.07,\n"}
,{"stream_name":"stdout","time":4397.9805459,"data":"    \"A3-\u003eA2\": 49.85,\n"}
,{"stream_name":"stdout","time":4397.980548785,"data":"    \"A2-\u003eA1\": 69.9,\n"}
,{"stream_name":"stdout","time":4397.980551351,"data":"    \"A2-\u003eA3\": 69.27\n"}
,{"stream_name":"stdout","time":4397.980554015,"data":"  },\n"}
,{"stream_name":"stdout","time":4397.980556497,"data":"  \"seconds\": {\n"}
,{"stream_name":"stdout","time":4397.98055914,"data":"    \"A1-\u003eA3\": 341,\n"}
,{"stream_name":"stdout","time":4397.980561742,"data":"    \"A1-\u003eA2\": 340,\n"}
,{"stream_name":"stdout","time":4397.980564391,"data":"    \"A3-\u003eA1\": 340,\n"}
,{"stream_name":"stdout","time":4397.980566958,"data":"    \"A3-\u003eA2\": 340,\n"}
,{"stream_name":"stdout","time":4397.980569541,"data":"    \"A2-\u003eA1\": 340,\n"}
,{"stream_name":"stdout","time":4397.98057208,"data":"    \"A2-\u003eA3\": 339\n"}
,{"stream_name":"stdout","time":4397.980574735,"data":"  },\n"}
,{"stream_name":"stdout","time":4397.980577194,"data":"  \"gate_log\": {\n"}
,{"stream_name":"stdout","time":4397.980579791,"data":"    \"A1-\u003eA3\": [],\n"}
,{"stream_name":"stdout","time":4397.980582338,"data":"    \"A1-\u003eA2\": [],\n"}
,{"stream_name":"stdout","time":4397.980584913,"data":"    \"A3-\u003eA1\": [],\n"}
,{"stream_name":"stdout","time":4397.980587552,"data":"    \"A3-\u003eA2\": [],\n"}
,{"stream_name":"stdout","time":4397.980590191,"data":"    \"A2-\u003eA1\": [],\n"}
,{"stream_name":"stdout","time":4397.980592758,"data":"    \"A2-\u003eA3\": []\n"}
,{"stream_name":"stdout","time":4397.980595414,"data":"  },\n"}
,{"stream_name":"stdout","time":4397.98059792,"data":"  \"gate\": \"none\"\n"}
,{"stream_name":"stdout","time":4397.980600569,"data":"}\n"}
,{"stream_name":"stdout","time":4399.254333907,"data":"RUN /usr/bin/python3 -u /kaggle/input/datasets/rafiurrahman01/physgate-m0-code/sdalr_runner.py --sdalr /kaggle/input/datasets/rafiurrahman01/physgate-m0-code --m0 /kaggle/input/datasets/rafiurrahman01/physgate-k10-g4 --dataset PU_M1 --src-fold S09 --tgt-fold S09 --variant shot --work /kaggle/working/shot_k10/S09 --seed 2024\n"}
,{"stream_name":"stdout","time":4406.110953663,"data":"\n"}
,{"stream_name":"stdout","time":4406.110994515,"data":"\n"}
,{"stream_name":"stdout","time":4406.111002173,"data":"现在开始拿源域训练集：(B1)N15_M01_F10 进行训练\n"}
,{"stream_name":"stdout","time":4406.111008189,"data":"源域读取路径：/kaggle/working/shot_k10/S09/sdalr_PU_shot/DATA_foldS09/PU_M1_L3/N15_M01_F10_label.txt\n"}
,{"stream_name":"stdout","time":4406.11102469,"data":"excel输出位置：/kaggle/working/shot_k10/S09/weight_src_PU_M1_FS09_s2024/NEW_PU/Source-源域\n"}
,{"stream_name":"stdout","time":4406.111028337,"data":"log\u0026pt输出位置：/kaggle/working/shot_k10/S09/weight_src_PU_M1_FS09_s2024/NEW_PU/Source-源域/log\u0026pt/(B1)N15_M01_F10\n"}
,{"stream_name":"stdout","time":4406.111448722,"data":"特征图片输出位置：/kaggle/working/shot_k10/S09/weight_src_PU_M1_FS09_s2024/NEW_PU/Picture-特征图/2026年09月21日21时20分/(B1)N15_M01_F10\n"}
,{"stream_name":"stderr","time":4406.112869991,"data":"sh: 1: Syntax error: word unexpected (expecting \")\")\n"}
,{"stream_name":"stdout","time":4406.113414905,"data":"源域训练开始\n"}
,{"stream_name":"stderr","time":4408.220167786,"data":"/usr/local/lib/python3.12/dist-packages/torch/nn/utils/weight_norm.py:144: FutureWarning: `torch.nn.utils.weight_norm` is deprecated in favor of `torch.nn.utils.parametrizations.weight_norm`.\n"}
,{"stream_name":"stderr","time":4408.220226848,"data":"  WeightNorm.apply(module, name, dim)\n"}
,{"stream_name":"stdout","time":4417.501297447,"data":"轮次:··1/·10 || loss:0.005 || 耗时：9.23s\n"}
,{"stream_name":"stdout","time":4426.437954788,"data":"轮次:··2/·10 || loss:0.008 || 耗时：8.87s\n"}
,{"stream_name":"stdout","time":4435.516533827,"data":"轮次:··3/·10 || loss:0.006 || 耗时：9.01s\n"}
,{"stream_name":"stdout","time":4444.751013645,"data":"轮次:··4/·10 || loss:0.003 || 耗时：9.17s\n"}
,{"stream_name":"stdout","time":4453.905738348,"data":"轮次:··5/·10 || loss:0.015 || 耗时：9.09s\n"}
,{"stream_name":"stdout","time":4454.521351883,"data":"任务: (B1)N15_M01_F10; mix批次:····0; 批次:··330/··660; 总正确率 = 100.00%\n"}
,{"stream_name":"stdout","time":4454.521391128,"data":"类型1 正确率： 100.00% -\u003e 1  100.00%, 2    0.00%, 3    0.00%\n"}
,{"stream_name":"stdout","time":4454.521397468,"data":"类型2 正确率： 100.00% -\u003e 1    0.00%, 2  100.00%, 3    0.00%\n"}
,{"stream_name":"stdout","time":4454.521401457,"data":"类型3 正确率： 100.00% -\u003e 1    0.00%, 2    0.00%, 3  100.00%\n"}
,{"stream_name":"stdout","time":4454.521405112,"data":"\n"}
,{"stream_name":"stdout","time":4454.52140864,"data":"\n"}
,{"stream_name":"stdout","time":4463.583322847,"data":"轮次:··6/·10 || loss:0.006 || 耗时：8.95s\n"}
,{"stream_name":"stdout","time":4472.496030853,"data":"轮次:··7/·10 || loss:0.063 || 耗时：8.85s\n"}
,{"stream_name":"stdout","time":4481.350009761,"data":"轮次:··8/·10 || loss:0.012 || 耗时：8.79s\n"}
,{"stream_name":"stdout","time":4490.153328958,"data":"轮次:··9/·10 || loss:0.009 || 耗时：8.74s\n"}
,{"stream_name":"stdout","time":4498.971096704,"data":"轮次:·10/·10 || loss:0.003 || 耗时：8.75s\n"}
,{"stream_name":"stdout","time":4499.560986462,"data":"任务: (B1)N15_M01_F10; mix批次:····0; 批次:··660/··660; 总正确率 = 100.00%\n"}
,{"stream_name":"stdout","time":4499.561018715,"data":"类型1 正确率： 100.00% -\u003e 1  100.00%, 2    0.00%, 3    0.00%\n"}
,{"stream_name":"stdout","time":4499.561024311,"data":"类型2 正确率： 100.00% -\u003e 1    0.00%, 2  100.00%, 3    0.00%\n"}
,{"stream_name":"stdout","time":4499.561029455,"data":"类型3 正确率： 100.00% -\u003e 1    0.00%, 2    0.00%, 3  100.00%\n"}
,{"stream_name":"stdout","time":4499.561033923,"data":"\n"}
,{"stream_name":"stdout","time":4499.56103795,"data":"\n"}
,{"stream_name":"stdout","time":4500.820200383,"data":"测试集任务: (B1)N15_M01_F10; 总正确率 = 100.00%\n"}
,{"stream_name":"stdout","time":4500.820230579,"data":"类型1 正确率： 100.00% -\u003e 1  100.00%, 2    0.00%, 3    0.00%\n"}
,{"stream_name":"stdout","time":4500.820235992,"data":"类型2 正确率： 100.00% -\u003e 1    0.00%, 2  100.00%, 3    0.00%\n"}
,{"stream_name":"stdout","time":4500.82024036,"data":"类型3 正确率： 100.00% -\u003e 1    0.00%, 2    0.00%, 3  100.00%\n"}
,{"stream_name":"stdout","time":4500.820244729,"data":"\n"}
,{"stream_name":"stdout","time":4500.820248861,"data":"\n"}
,{"stream_name":"stdout","time":4500.832838422,"data":"源域训练结束\n"}
,{"stream_name":"stdout","time":4500.832860558,"data":"\n"}
,{"stream_name":"stdout","time":4500.832866361,"data":"训练好之后，测试目标域\n"}
,{"stream_name":"stdout","time":4500.832878411,"data":"目标域路径：/kaggle/working/shot_k10/S09/sdalr_PU_shot/DATA_foldS09/PU_M1_L3/N15_M07_F10_label.txt\n"}
,{"stream_name":"stderr","time":4501.230638572,"data":"/usr/local/lib/python3.12/dist-packages/torch/nn/utils/weight_norm.py:144: FutureWarning: `torch.nn.utils.weight_norm` is deprecated in favor of `torch.nn.utils.parametrizations.weight_norm`.\n"}
,{"stream_name":"stderr","time":4501.230721907,"data":"  WeightNorm.apply(module, name, dim)\n"}
,{"stream_name":"stdout","time":4502.438792219,"data":"测试目标数据集结果如下：\n"}
,{"stream_name":"stdout","time":4502.438823854,"data":"任务: (B1)N15_M01_F10→(B2)N15_M07_F10, 正确率 = 98.38%\n"}
,{"stream_name":"stdout","time":4502.438839672,"data":"类型1 正确率： 100.00% -\u003e 1  100.00%, 2    0.00%, 3    0.00%\n"}
,{"stream_name":"stdout","time":4502.438843688,"data":"类型2 正确率： 100.00% -\u003e 1    0.00%, 2  100.00%, 3    0.00%\n"}
,{"stream_name":"stdout","time":4502.4388474,"data":"类型3 正确率：  95.00% -\u003e 1    0.00%, 2    4.85%, 3   95.15%\n"}
,{"stream_name":"stdout","time":4502.438850847,"data":"\n"}
,{"stream_name":"stdout","time":4502.439185802,"data":"目标域路径：/kaggle/working/shot_k10/S09/sdalr_PU_shot/DATA_foldS09/PU_M1_L3/N15_M07_F04_label.txt\n"}
,{"stream_name":"stderr","time":4502.811343123,"data":"/usr/local/lib/python3.12/dist-packages/torch/nn/utils/weight_norm.py:144: FutureWarning: `torch.nn.utils.weight_norm` is deprecated in favor of `torch.nn.utils.parametrizations.weight_norm`.\n"}
,{"stream_name":"stderr","time":4502.811380473,"data":"  WeightNorm.apply(module, name, dim)\n"}
,{"stream_name":"stdout","time":4504.021764823,"data":"测试目标数据集结果如下：\n"}
,{"stream_name":"stdout","time":4504.021927676,"data":"任务: (B1)N15_M01_F10→(B3)N15_M07_F04, 正确率 = 85.85%\n"}
,{"stream_name":"stdout","time":4504.021936703,"data":"类型1 正确率： 100.00% -\u003e 1  100.00%, 2    0.00%, 3    0.00%\n"}
,{"stream_name":"stdout","time":4504.021942121,"data":"类型2 正确率：  94.00% -\u003e 1    0.00%, 2   93.60%, 3    6.40%\n"}
,{"stream_name":"stdout","time":4504.021946758,"data":"类型3 正确率：  64.00% -\u003e 1    0.00%, 2   36.03%, 3   63.97%\n"}
,{"stream_name":"stdout","time":4504.021951526,"data":"\n"}
,{"stream_name":"stdout","time":4504.02239645,"data":"\n"}
,{"stream_name":"stdout","time":4504.023206857,"data":"\n"}
,{"stream_name":"stdout","time":4504.023227388,"data":"现在开始拿源域训练集：(B2)N15_M07_F10 进行训练\n"}
,{"stream_name":"stdout","time":4504.023231958,"data":"源域读取路径：/kaggle/working/shot_k10/S09/sdalr_PU_shot/DATA_foldS09/PU_M1_L3/N15_M07_F10_label.txt\n"}
,{"stream_name":"stdout","time":4504.023235578,"data":"excel输出位置：/kaggle/working/shot_k10/S09/weight_src_PU_M1_FS09_s2024/NEW_PU/Source-源域\n"}
,{"stream_name":"stdout","time":4504.023239068,"data":"log\u0026pt输出位置：/kaggle/working/shot_k10/S09/weight_src_PU_M1_FS09_s2024/NEW_PU/Source-源域/log\u0026pt/(B2)N15_M07_F10\n"}
,{"stream_name":"stdout","time":4504.023246813,"data":"特征图片输出位置：/kaggle/working/shot_k10/S09/weight_src_PU_M1_FS09_s2024/NEW_PU/Picture-特征图/2026年09月21日21时20分/(B2)N15_M07_F10\n"}
,{"stream_name":"stderr","time":4504.024386657,"data":"sh: 1: Syntax error: word unexpected (expecting \")\")\n"}
,{"stream_name":"stdout","time":4504.024968185,"data":"源域训练开始\n"}
,{"stream_name":"stderr","time":4505.784402634,"data":"/usr/local/lib/python3.12/dist-packages/torch/nn/utils/weight_norm.py:144: FutureWarning: `torch.nn.utils.weight_norm` is deprecated in favor of `torch.nn.utils.parametrizations.weight_norm`.\n"}
,{"stream_name":"stderr","time":4505.784440574,"data":"  WeightNorm.apply(module, name, dim)\n"}
,{"stream_name":"stdout","time":4514.733590721,"data":"轮次:··1/·10 || loss:0.018 || 耗时：8.88s\n"}
,{"stream_name":"stdout","time":4523.710157476,"data":"轮次:··2/·10 || loss:0.026 || 耗时：8.91s\n"}
,{"stream_name":"stdout","time":4532.734244408,"data":"轮次:··3/·10 || loss:0.006 || 耗时：8.96s\n"}
,{"stream_name":"stdout","time":4541.775678763,"data":"轮次:··4/·10 || loss:0.014 || 耗时：8.97s\n"}
,{"stream_name":"stdout","time":4550.779696328,"data":"轮次:··5/·10 || loss:0.007 || 耗时：8.94s\n"}
,{"stream_name":"stdout","time":4551.378173122,"data":"任务: (B2)N15_M07_F10; mix批次:····0; 批次:··330/··660; 总正确率 = 100.00%\n"}
,{"stream_name":"stdout","time":4551.378223584,"data":"类型1 正确率： 100.00% -\u003e 1  100.00%, 2    0.00%, 3    0.00%\n"}
,{"stream_name":"stdout","time":4551.378230636,"data":"类型2 正确率： 100.00% -\u003e 1    0.00%, 2  100.00%, 3    0.00%\n"}
,{"stream_name":"stdout","time":4551.378235852,"data":"类型3 正确率： 100.00% -\u003e 1    0.00%, 2    0.00%, 3  100.00%\n"}
,{"stream_name":"stdout","time":4551.378240523,"data":"\n"}
,{"stream_name":"stdout","time":4551.378244904,"data":"\n"}
,{"stream_name":"stdout","time":4560.374019648,"data":"轮次:··6/·10 || loss:0.005 || 耗时：8.90s\n"}
,{"stream_name":"stdout","time":4569.299156127,"data":"轮次:··7/·10 || loss:0.002 || 耗时：8.86s\n"}
,{"stream_name":"stdout","time":4578.190488334,"data":"轮次:··8/·10 || loss:0.001 || 耗时：8.83s\n"}
,{"stream_name":"stdout","time":4587.082509592,"data":"轮次:··9/·10 || loss:0.003 || 耗时：8.83s\n"}
,{"stream_name":"stdout","time":4595.990659845,"data":"轮次:·10/·10 || loss:0.000 || 耗时：8.84s\n"}
,{"stream_name":"stdout","time":4596.586114782,"data":"任务: (B2)N15_M07_F10; mix批次:····0; 批次:··660/··660; 总正确率 = 100.00%\n"}
,{"stream_name":"stdout","time":4596.586159816,"data":"类型1 正确率： 100.00% -\u003e 1  100.00%, 2    0.00%, 3    0.00%\n"}
,{"stream_name":"stdout","time":4596.586165126,"data":"类型2 正确率： 100.00% -\u003e 1    0.00%, 2  100.00%, 3    0.00%\n"}
,{"stream_name":"stdout","time":4596.58616976,"data":"类型3 正确率： 100.00% -\u003e 1    0.00%, 2    0.00%, 3  100.00%\n"}
,{"stream_name":"stdout","time":4596.58617379,"data":"\n"}
,{"stream_name":"stdout","time":4596.586177523,"data":"\n"}
,{"stream_name":"stdout","time":4597.843958213,"data":"测试集任务: (B2)N15_M07_F10; 总正确率 = 99.75%\n"}
,{"stream_name":"stdout","time":4597.843989139,"data":"类型1 正确率： 100.00% -\u003e 1  100.00%, 2    0.00%, 3    0.00%\n"}
,{"stream_name":"stdout","time":4597.84399483,"data":"类型2 正确率： 100.00% -\u003e 1    0.00%, 2   99.50%, 3    0.50%\n"}
,{"stream_name":"stdout","time":4597.843999304,"data":"类型3 正确率： 100.00% -\u003e 1    0.00%, 2    0.24%, 3   99.76%\n"}
,{"stream_name":"stdout","time":4597.844003636,"data":"\n"}
,{"stream_name":"stdout","time":4597.844007636,"data":"\n"}
,{"stream_name":"stdout","time":4597.852718527,"data":"源域训练结束\n"}
,{"stream_name":"stdout","time":4597.852732054,"data":"\n"}
,{"stream_name":"stdout","time":4597.852736524,"data":"训练好之后，测试目标域\n"}
,{"stream_name":"stdout","time":4597.852741199,"data":"目标域路径：/kaggle/working/shot_k10/S09/sdalr_PU_shot/DATA_foldS09/PU_M1_L3/N15_M01_F10_label.txt\n"}
,{"stream_name":"stderr","time":4598.26666543,"data":"/usr/local/lib/python3.12/dist-packages/torch/nn/utils/weight_norm.py:144: FutureWarning: `torch.nn.utils.weight_norm` is deprecated in favor of `torch.nn.utils.parametrizations.weight_norm`.\n"}
,{"stream_name":"stderr","time":4598.266699028,"data":"  WeightNorm.apply(module, name, dim)\n"}
,{"stream_name":"stdout","time":4599.488324847,"data":"测试目标数据集结果如下：\n"}
,{"stream_name":"stdout","time":4599.488361775,"data":"任务: (B2)N15_M07_F10→(B1)N15_M01_F10, 正确率 = 99.92%\n"}
,{"stream_name":"stdout","time":4599.488380523,"data":"类型1 正确率： 100.00% -\u003e 1  100.00%, 2    0.00%, 3    0.00%\n"}
,{"stream_name":"stdout","time":4599.488384729,"data":"类型2 正确率： 100.00% -\u003e 1    0.00%, 2  100.00%, 3    0.00%\n"}
,{"stream_name":"stdout","time":4599.488387999,"data":"类型3 正确率： 100.00% -\u003e 1    0.00%, 2    0.25%, 3   99.75%\n"}
,{"stream_name":"stdout","time":4599.488391842,"data":"\n"}
,{"stream_name":"stdout","time":4599.48878621,"data":"目标域路径：/kaggle/working/shot_k10/S09/sdalr_PU_shot/DATA_foldS09/PU_M1_L3/N15_M07_F04_label.txt\n"}
,{"stream_name":"stderr","time":4599.873727454,"data":"/usr/local/lib/python3.12/dist-packages/torch/nn/utils/weight_norm.py:144: FutureWarning: `torch.nn.utils.weight_norm` is deprecated in favor of `torch.nn.utils.parametrizations.weight_norm`.\n"}
,{"stream_name":"stderr","time":4599.873802586,"data":"  WeightNorm.apply(module, name, dim)\n"}
,{"stream_name":"stdout","time":4601.09230639,"data":"测试目标数据集结果如下：\n"}
,{"stream_name":"stdout","time":4601.092450335,"data":"任务: (B2)N15_M07_F10→(B3)N15_M07_F04, 正确率 = 86.69%\n"}
,{"stream_name":"stdout","time":4601.092456626,"data":"类型1 正确率： 100.00% -\u003e 1  100.00%, 2    0.00%, 3    0.00%\n"}
,{"stream_name":"stdout","time":4601.092460558,"data":"类型2 正确率：  94.00% -\u003e 1    0.00%, 2   93.85%, 3    6.15%\n"}
,{"stream_name":"stdout","time":4601.092464129,"data":"类型3 正确率：  66.00% -\u003e 1    0.00%, 2   33.78%, 3   66.22%\n"}
,{"stream_name":"stdout","time":4601.092467835,"data":"\n"}
,{"stream_name":"stdout","time":4601.092868355,"data":"\n"}
,{"stream_name":"stdout","time":4601.092885464,"data":"\n"}
,{"stream_name":"stdout","time":4601.092904532,"data":"现在开始拿源域训练集：(B3)N15_M07_F04 进行训练\n"}
,{"stream_name":"stdout","time":4601.092909777,"data":"源域读取路径：/kaggle/working/shot_k10/S09/sdalr_PU_shot/DATA_foldS09/PU_M1_L3/N15_M07_F04_label.txt\n"}
,{"stream_name":"stdout","time":4601.092913954,"data":"excel输出位置：/kaggle/working/shot_k10/S09/weight_src_PU_M1_FS09_s2024/NEW_PU/Source-源域\n"}
,{"stream_name":"stdout","time":4601.092926609,"data":"log\u0026pt输出位置：/kaggle/working/shot_k10/S09/weight_src_PU_M1_FS09_s2024/NEW_PU/Source-源域/log\u0026pt/(B3)N15_M07_F04\n"}
,{"stream_name":"stdout","time":4601.093234618,"data":"特征图片输出位置：/kaggle/working/shot_k10/S09/weight_src_PU_M1_FS09_s2024/NEW_PU/Picture-特征图/2026年09月21日21时20分/(B3)N15_M07_F04\n"}
,{"stream_name":"stderr","time":4601.094692697,"data":"sh: 1: Syntax error: word unexpected (expecting \")\")\n"}
,{"stream_name":"stdout","time":4601.095200402,"data":"源域训练开始\n"}
,{"stream_name":"stderr","time":4602.9515217,"data":"/usr/local/lib/python3.12/dist-packages/torch/nn/utils/weight_norm.py:144: FutureWarning: `torch.nn.utils.weight_norm` is deprecated in favor of `torch.nn.utils.parametrizations.weight_norm`.\n"}
,{"stream_name":"stderr","time":4602.951564226,"data":"  WeightNorm.apply(module, name, dim)\n"}
,{"stream_name":"stdout","time":4611.94405267,"data":"轮次:··1/·10 || loss:0.014 || 耗时：8.93s\n"}
,{"stream_name":"stdout","time":4620.921955304,"data":"轮次:··2/·10 || loss:0.002 || 耗时：8.91s\n"}
,{"stream_name":"stdout","time":4629.924924745,"data":"轮次:··3/·10 || loss:0.016 || 耗时：8.94s\n"}
,{"stream_name":"stdout","time":4638.905706167,"data":"轮次:··4/·10 || loss:0.001 || 耗时：8.92s\n"}
,{"stream_name":"stdout","time":4647.871189158,"data":"轮次:··5/·10 || loss:0.004 || 耗时：8.90s\n"}
,{"stream_name":"stdout","time":4648.4696173,"data":"任务: (B3)N15_M07_F04; mix批次:····0; 批次:··330/··660; 总正确率 = 99.65%\n"}
,{"stream_name":"stdout","time":4648.469648738,"data":"类型1 正确率： 100.00% -\u003e 1  100.00%, 2    0.00%, 3    0.00%\n"}
,{"stream_name":"stdout","time":4648.469654729,"data":"类型2 正确率： 100.00% -\u003e 1    0.00%, 2  100.00%, 3    0.00%\n"}
,{"stream_name":"stdout","time":4648.469659286,"data":"类型3 正确率：  99.00% -\u003e 1    0.00%, 2    1.04%, 3   98.96%\n"}
,{"stream_name":"stdout","time":4648.46966373,"data":"\n"}
,{"stream_name":"stdout","time":4648.469667623,"data":"\n"}
,{"stream_name":"stdout","time":4657.425138898,"data":"轮次:··6/·10 || loss:0.003 || 耗时：8.86s\n"}
,{"stream_name":"stdout","time":4666.349119155,"data":"轮次:··7/·10 || loss:0.001 || 耗时：8.86s\n"}
,{"stream_name":"stdout","time":4675.304956333,"data":"轮次:··8/·10 || loss:0.004 || 耗时：8.89s\n"}
,{"stream_name":"stdout","time":4684.226730229,"data":"轮次:··9/·10 || loss:0.009 || 耗时：8.86s\n"}
,{"stream_name":"stdout","time":4693.163210108,"data":"轮次:·10/·10 || loss:0.001 || 耗时：8.87s\n"}
,{"stream_name":"stdout","time":4693.760756852,"data":"任务: (B3)N15_M07_F04; mix批次:····0; 批次:··660/··660; 总正确率 = 99.65%\n"}
,{"stream_name":"stdout","time":4693.760798119,"data":"类型1 正确率： 100.00% -\u003e 1  100.00%, 2    0.00%, 3    0.00%\n"}
,{"stream_name":"stdout","time":4693.760803691,"data":"类型2 正确率： 100.00% -\u003e 1    0.00%, 2  100.00%, 3    0.00%\n"}
,{"stream_name":"stdout","time":4693.760808223,"data":"类型3 正确率：  99.00% -\u003e 1    0.00%, 2    1.04%, 3   98.96%\n"}
,{"stream_name":"stdout","time":4693.7608128,"data":"\n"}
,{"stream_name":"stdout","time":4693.760816768,"data":"\n"}
,{"stream_name":"stdout","time":4695.017431633,"data":"测试集任务: (B3)N15_M07_F04; 总正确率 = 99.57%\n"}
,{"stream_name":"stdout","time":4695.017461067,"data":"类型1 正确率： 100.00% -\u003e 1  100.00%, 2    0.00%, 3    0.00%\n"}
,{"stream_name":"stdout","time":4695.017466547,"data":"类型2 正确率：  99.00% -\u003e 1    0.00%, 2   99.19%, 3    0.81%\n"}
,{"stream_name":"stdout","time":4695.017471046,"data":"类型3 正确率： 100.00% -\u003e 1    0.00%, 2    0.46%, 3   99.54%\n"}
,{"stream_name":"stdout","time":4695.017475456,"data":"\n"}
,{"stream_name":"stdout","time":4695.017479377,"data":"\n"}
,{"stream_name":"stdout","time":4695.02561439,"data":"源域训练结束\n"}
,{"stream_name":"stdout","time":4695.02562608,"data":"\n"}
,{"stream_name":"stdout","time":4695.025630566,"data":"训练好之后，测试目标域\n"}
,{"stream_name":"stdout","time":4695.02627347,"data":"目标域路径：/kaggle/working/shot_k10/S09/sdalr_PU_shot/DATA_foldS09/PU_M1_L3/N15_M01_F10_label.txt\n"}
,{"stream_name":"stderr","time":4695.430680603,"data":"/usr/local/lib/python3.12/dist-packages/torch/nn/utils/weight_norm.py:144: FutureWarning: `torch.nn.utils.weight_norm` is deprecated in favor of `torch.nn.utils.parametrizations.weight_norm`.\n"}
,{"stream_name":"stderr","time":4695.430730182,"data":"  WeightNorm.apply(module, name, dim)\n"}
,{"stream_name":"stdout","time":4696.6484129,"data":"测试目标数据集结果如下：\n"}
,{"stream_name":"stdout","time":4696.648442376,"data":"任务: (B3)N15_M07_F04→(B1)N15_M01_F10, 正确率 = 77.08%\n"}
,{"stream_name":"stdout","time":4696.64844743,"data":"类型1 正确率： 100.00% -\u003e 1  100.00%, 2    0.00%, 3    0.00%\n"}
,{"stream_name":"stdout","time":4696.648452288,"data":"类型2 正确率： 100.00% -\u003e 1    0.00%, 2   99.74%, 3    0.26%\n"}
,{"stream_name":"stdout","time":4696.64847446,"data":"类型3 正确率：  32.00% -\u003e 1    0.00%, 2   68.48%, 3   31.52%\n"}
,{"stream_name":"stdout","time":4696.648477972,"data":"\n"}
,{"stream_name":"stdout","time":4696.648897146,"data":"目标域路径：/kaggle/working/shot_k10/S09/sdalr_PU_shot/DATA_foldS09/PU_M1_L3/N15_M07_F10_label.txt\n"}
,{"stream_name":"stderr","time":4697.029609156,"data":"/usr/local/lib/python3.12/dist-packages/torch/nn/utils/weight_norm.py:144: FutureWarning: `torch.nn.utils.weight_norm` is deprecated in favor of `torch.nn.utils.parametrizations.weight_norm`.\n"}
,{"stream_name":"stderr","time":4697.02965346,"data":"  WeightNorm.apply(module, name, dim)\n"}
,{"stream_name":"stdout","time":4698.248816734,"data":"测试目标数据集结果如下：\n"}
,{"stream_name":"stdout","time":4698.248860919,"data":"任务: (B3)N15_M07_F04→(B2)N15_M07_F10, 正确率 = 77.56%\n"}
,{"stream_name":"stdout","time":4698.248867661,"data":"类型1 正确率： 100.00% -\u003e 1  100.00%, 2    0.00%, 3    0.00%\n"}
,{"stream_name":"stdout","time":4698.248884213,"data":"类型2 正确率： 100.00% -\u003e 1    0.00%, 2  100.00%, 3    0.00%\n"}
,{"stream_name":"stdout","time":4698.248889094,"data":"类型3 正确率：  33.00% -\u003e 1    0.00%, 2   67.31%, 3   32.69%\n"}
,{"stream_name":"stdout","time":4698.248897718,"data":"\n"}
,{"stream_name":"stdout","time":4698.259758431,"data":"[src_pretrain_RES_PU.py --folder_root /kaggle/working/shot_k10/S09/sdalr_PU_shot/DATA_foldS09 --seed 2024 --class_num 3 --data_name PU_M1_L3 --output /kaggle/working/shot_k10/S09/weight_src_PU_M1_FS09_s2024] 292s\n"}
,{"stream_name":"stdout","time":4698.30588834,"data":"读取源域路径：/kaggle/working/shot_k10/S09/weight_PU_M1_shot_FS09toS09_s2024/NEW_PU/Source-源域/log\u0026pt/(B1)N15_M01_F10\n"}
,{"stream_name":"stdout","time":4698.305915383,"data":"excel输出位置：/kaggle/working/shot_k10/S09/weight_PU_M1_shot_FS09toS09_s2024/NEW_PU/Target-目标域\n"}
,{"stream_name":"stdout","time":4698.305921641,"data":"特征图片输出位置：/kaggle/working/shot_k10/S09/weight_PU_M1_shot_FS09toS09_s2024/NEW_PU/Picture-特征图/2026年09月21日21时25分/(B1)N15_M01_F10\n"}
,{"stream_name":"stderr","time":4698.340940049,"data":"/usr/local/lib/python3.12/dist-packages/torch/nn/utils/weight_norm.py:144: FutureWarning: `torch.nn.utils.weight_norm` is deprecated in favor of `torch.nn.utils.parametrizations.weight_norm`.\n"}
,{"stream_name":"stderr","time":4698.340975076,"data":"  WeightNorm.apply(module, name, dim)\n"}
,{"stream_name":"stdout","time":4698.380148767,"data":"现在选取:(B1)N15_M01_F10 进行训练的源模型\n"}
,{"stream_name":"stdout","time":4698.380184373,"data":"现在进行：(B1)N15_M01_F10→(B2)N15_M07_F10 的迁移任务\n"}
,{"stream_name":"stdout","time":4698.380189802,"data":"log\u0026pt输出位置：/kaggle/working/shot_k10/S09/weight_PU_M1_shot_FS09toS09_s2024/NEW_PU/Target-目标域/log\u0026pt/(B1)N15_M01_F10→(B2)N15_M07_F10\n"}
,{"stream_name":"stderr","time":4698.381668889,"data":"sh: 1: Syntax error: word unexpected (expecting \")\")\n"}
,{"stream_name":"stdout","time":4709.560819991,"data":"任务: (B1)N15_M01_F10→(B2)N15_M07_F10; 批次:····0/·1880;  总正确率: 98.17%\n"}
,{"stream_name":"stdout","time":4709.560877444,"data":"类型1 正确率： 100.00% -\u003e 1  100.00%, 2    0.00%, 3    0.00%\n"}
,{"stream_name":"stdout","time":4709.560885903,"data":"类型2 正确率： 100.00% -\u003e 1    0.00%, 2   99.95%, 3    0.05%\n"}
,{"stream_name":"stdout","time":4709.560891342,"data":"类型3 正确率：  95.00% -\u003e 1    0.00%, 2    5.45%, 3   94.55%\n"}
,{"stream_name":"stdout","time":4709.560896365,"data":"\n"}
,{"stream_name":"stdout","time":4709.56090094,"data":"\n"}
,{"stream_name":"stdout","time":4712.869240916,"data":"SHOT pseudo-labels: model 98.17% -\u003e centroid 98.68%\n"}
,{"stream_name":"stdout","time":4725.771157296,"data":"轮次:··1/·20 || cls:1.252 || im:-1.006 || 耗时：22.13s\n"}
,{"stream_name":"stderr","time":4725.771204728,"data":"/kaggle/working/shot_k10/S09/sdalr_PU_shot/tar_adaptation_RES_PU.py:114: UserWarning: Converting a tensor with requires_grad=True to a scalar may lead to unexpected behavior.\n"}
,{"stream_name":"stderr","time":4725.771220412,"data":"Consider using tensor.detach() first. (Triggered internally at /pytorch/torch/csrc/autograd/generated/python_variable_methods.cpp:836.)\n"}
,{"stream_name":"stderr","time":4725.771223808,"data":"  iter_num // epoch_len, args.max_epoch, float(classifier_loss), float(im_loss), time.time() - start))\n"}
,{"stream_name":"stdout","time":4729.119219147,"data":"SHOT pseudo-labels: model 98.17% -\u003e centroid 99.20%\n"}
,{"stream_name":"stdout","time":4742.064740823,"data":"轮次:··2/·20 || cls:1.356 || im:-0.783 || 耗时：16.29s\n"}
,{"stream_name":"stdout","time":4745.367234734,"data":"SHOT pseudo-labels: model 82.43% -\u003e centroid 97.15%\n"}
,{"stream_name":"stdout","time":4758.21021228,"data":"轮次:··3/·20 || cls:1.112 || im:-0.763 || 耗时：16.15s\n"}
,{"stream_name":"stdout","time":4761.518207122,"data":"SHOT pseudo-labels: model 88.57% -\u003e centroid 88.78%\n"}
,{"stream_name":"stdout","time":4774.269993964,"data":"轮次:··4/·20 || cls:0.824 || im:-0.768 || 耗时：16.06s\n"}
,{"stream_name":"stdout","time":4777.566238148,"data":"SHOT pseudo-labels: model 91.10% -\u003e centroid 87.30%\n"}
,{"stream_name":"stdout","time":4790.339304512,"data":"轮次:··5/·20 || cls:0.772 || im:-0.802 || 耗时：16.07s\n"}
,{"stream_name":"stdout","time":4793.664221163,"data":"SHOT pseudo-labels: model 93.18% -\u003e centroid 85.63%\n"}
,{"stream_name":"stdout","time":4806.46266527,"data":"轮次:··6/·20 || cls:0.774 || im:-0.808 || 耗时：16.12s\n"}
,{"stream_name":"stdout","time":4809.771212095,"data":"SHOT pseudo-labels: model 93.52% -\u003e centroid 84.75%\n"}
,{"stream_name":"stdout","time":4822.600736962,"data":"轮次:··7/·20 || cls:0.845 || im:-0.761 || 耗时：16.14s\n"}
,{"stream_name":"stdout","time":4825.903165719,"data":"SHOT pseudo-labels: model 93.87% -\u003e centroid 84.45%\n"}
,{"stream_name":"stdout","time":4838.752538376,"data":"轮次:··8/·20 || cls:0.833 || im:-0.764 || 耗时：16.15s\n"}
,{"stream_name":"stdout","time":4842.065228504,"data":"SHOT pseudo-labels: model 93.63% -\u003e centroid 84.63%\n"}
,{"stream_name":"stdout","time":4854.80906197,"data":"轮次:··9/·20 || cls:0.603 || im:-0.706 || 耗时：16.06s\n"}
,{"stream_name":"stdout","time":4858.098220304,"data":"SHOT pseudo-labels: model 93.70% -\u003e centroid 84.65%\n"}
,{"stream_name":"stdout","time":4870.833060904,"data":"轮次:·10/·20 || cls:0.621 || im:-0.728 || 耗时：16.02s\n"}
,{"stream_name":"stdout","time":4874.106233824,"data":"SHOT pseudo-labels: model 95.52% -\u003e centroid 84.08%\n"}
,{"stream_name":"stdout","time":4886.856412225,"data":"轮次:·11/·20 || cls:0.554 || im:-0.630 || 耗时：16.02s\n"}
,{"stream_name":"stdout","time":4890.144380942,"data":"SHOT pseudo-labels: model 94.50% -\u003e centroid 84.82%\n"}
,{"stream_name":"stdout","time":4902.937291407,"data":"轮次:·12/·20 || cls:0.913 || im:-0.776 || 耗时：16.08s\n"}
,{"stream_name":"stdout","time":4906.239208484,"data":"SHOT pseudo-labels: model 95.02% -\u003e centroid 84.48%\n"}
,{"stream_name":"stdout","time":4919.012321648,"data":"轮次:·13/·20 || cls:0.667 || im:-0.773 || 耗时：16.07s\n"}
,{"stream_name":"stdout","time":4922.298883001,"data":"SHOT pseudo-labels: model 94.62% -\u003e centroid 84.92%\n"}
,{"stream_name":"stdout","time":4935.092695394,"data":"轮次:·14/·20 || cls:0.841 || im:-0.706 || 耗时：16.08s\n"}
,{"stream_name":"stdout","time":4938.394213533,"data":"SHOT pseudo-labels: model 95.03% -\u003e centroid 84.72%\n"}
,{"stream_name":"stdout","time":4951.203487334,"data":"轮次:·15/·20 || cls:0.652 || im:-0.697 || 耗时：16.11s\n"}
,{"stream_name":"stdout","time":4954.499238383,"data":"SHOT pseudo-labels: model 94.50% -\u003e centroid 85.08%\n"}
,{"stream_name":"stdout","time":4967.311600483,"data":"轮次:·16/·20 || cls:0.686 || im:-0.729 || 耗时：16.11s\n"}
,{"stream_name":"stdout","time":4970.596220073,"data":"SHOT pseudo-labels: model 95.00% -\u003e centroid 84.73%\n"}
,{"stream_name":"stdout","time":4983.393387137,"data":"轮次:·17/·20 || cls:0.833 || im:-0.707 || 耗时：16.08s\n"}
,{"stream_name":"stdout","time":4986.684162413,"data":"SHOT pseudo-labels: model 95.35% -\u003e centroid 84.85%\n"}
,{"stream_name":"stdout","time":4999.493274322,"data":"轮次:·18/·20 || cls:0.816 || im:-0.750 || 耗时：16.10s\n"}
,{"stream_name":"stdout","time":5002.827233814,"data":"SHOT pseudo-labels: model 95.70% -\u003e centroid 84.45%\n"}
,{"stream_name":"stdout","time":5015.622325179,"data":"轮次:·19/·20 || cls:0.717 || im:-0.690 || 耗时：16.13s\n"}
,{"stream_name":"stdout","time":5018.955871938,"data":"SHOT pseudo-labels: model 95.35% -\u003e centroid 84.95%\n"}
,{"stream_name":"stdout","time":5031.783891619,"data":"轮次:·20/·20 || cls:0.649 || im:-0.770 || 耗时：16.16s\n"}
,{"stream_name":"stdout","time":5037.703827123,"data":"测试集任务: (B1)N15_M01_F10→(B2)N15_M07_F10; 总正确率 = 95.63%\n"}
,{"stream_name":"stdout","time":5037.703865537,"data":"类型1 正确率： 100.00% -\u003e 1  100.00%, 2    0.00%, 3    0.00%\n"}
,{"stream_name":"stdout","time":5037.703870093,"data":"类型2 正确率：  98.00% -\u003e 1    0.00%, 2   98.10%, 3    1.90%\n"}
,{"stream_name":"stdout","time":5037.703873468,"data":"类型3 正确率：  89.00% -\u003e 1    0.75%, 2   10.45%, 3   88.80%\n"}
,{"stream_name":"stdout","time":5037.703890274,"data":"\n"}
,{"stream_name":"stdout","time":5037.703895412,"data":"\n"}
,{"stream_name":"stdout","time":5037.721806426,"data":"[tar_adaptation_RES_PU.py --folder_root /kaggle/working/shot_k10/S09/sdalr_PU_shot/DATA_foldS09 --seed 2024 --class_num 3 --data_name PU_M1_L3 --output /kaggle/working/shot_k10/S09/weight_PU_M1_shot_FS09toS09_s2024 --s 0 --t 1 --lr 0.0005 --threshold 0.4 --K 0.6] 339s\n"}
,{"stream_name":"stdout","time":5037.762834045,"data":"读取源域路径：/kaggle/working/shot_k10/S09/weight_PU_M1_shot_FS09toS09_s2024/NEW_PU/Source-源域/log\u0026pt/(B1)N15_M01_F10\n"}
,{"stream_name":"stdout","time":5037.762867297,"data":"excel输出位置：/kaggle/working/shot_k10/S09/weight_PU_M1_shot_FS09toS09_s2024/NEW_PU/Target-目标域\n"}
,{"stream_name":"stdout","time":5037.762872168,"data":"特征图片输出位置：/kaggle/working/shot_k10/S09/weight_PU_M1_shot_FS09toS09_s2024/NEW_PU/Picture-特征图/2026年09月21日21时31分/(B1)N15_M01_F10\n"}
,{"stream_name":"stderr","time":5037.797230558,"data":"/usr/local/lib/python3.12/dist-packages/torch/nn/utils/weight_norm.py:144: FutureWarning: `torch.nn.utils.weight_norm` is deprecated in favor of `torch.nn.utils.parametrizations.weight_norm`.\n"}
,{"stream_name":"stderr","time":5037.797263394,"data":"  WeightNorm.apply(module, name, dim)\n"}
,{"stream_name":"stdout","time":5037.835617728,"data":"现在选取:(B1)N15_M01_F10 进行训练的源模型\n"}
,{"stream_name":"stdout","time":5037.835650092,"data":"现在进行：(B1)N15_M01_F10→(B3)N15_M07_F04 的迁移任务\n"}
,{"stream_name":"stdout","time":5037.835657434,"data":"log\u0026pt输出位置：/kaggle/working/shot_k10/S09/weight_PU_M1_shot_FS09toS09_s2024/NEW_PU/Target-目标域/log\u0026pt/(B1)N15_M01_F10→(B3)N15_M07_F04\n"}
,{"stream_name":"stderr","time":5037.83735707,"data":"sh: 1: Syntax error: word unexpected (expecting \")\")\n"}
,{"stream_name":"stdout","time":5049.119191925,"data":"任务: (B1)N15_M01_F10→(B3)N15_M07_F04; 批次:····0/·1880;  总正确率: 86.07%\n"}
,{"stream_name":"stdout","time":5049.119233524,"data":"类型1 正确率： 100.00% -\u003e 1  100.00%, 2    0.00%, 3    0.00%\n"}
,{"stream_name":"stdout","time":5049.119254719,"data":"类型2 正确率：  93.00% -\u003e 1    0.00%, 2   92.55%, 3    7.45%\n"}
,{"stream_name":"stdout","time":5049.119259811,"data":"类型3 正确率：  66.00% -\u003e 1    0.00%, 2   34.35%, 3   65.65%\n"}
,{"stream_name":"stdout","time":5049.11926408,"data":"\n"}
,{"stream_name":"stdout","time":5049.11926868,"data":"\n"}
,{"stream_name":"stdout","time":5052.415203756,"data":"SHOT pseudo-labels: model 86.07% -\u003e centroid 85.07%\n"}
,{"stream_name":"stdout","time":5065.238290316,"data":"轮次:··1/·20 || cls:1.396 || im:-0.918 || 耗时：22.07s\n"}
,{"stream_name":"stdout","time":5068.564555851,"data":"SHOT pseudo-labels: model 78.93% -\u003e centroid 85.88%\n"}
,{"stream_name":"stdout","time":5081.451313046,"data":"轮次:··2/·20 || cls:1.293 || im:-0.845 || 耗时：16.21s\n"}
,{"stream_name":"stdout","time":5084.765213388,"data":"SHOT pseudo-labels: model 64.77% -\u003e centroid 45.25%\n"}
,{"stream_name":"stdout","time":5097.608955896,"data":"轮次:··3/·20 || cls:0.742 || im:-0.713 || 耗时：16.16s\n"}
,{"stream_name":"stdout","time":5100.921246211,"data":"SHOT pseudo-labels: model 69.10% -\u003e centroid 59.98%\n"}
,{"stream_name":"stdout","time":5113.677301165,"data":"轮次:··4/·20 || cls:0.678 || im:-0.661 || 耗时：16.07s\n"}
,{"stream_name":"stdout","time":5116.95416133,"data":"SHOT pseudo-labels: model 72.68% -\u003e centroid 60.50%\n"}
,{"stream_name":"stdout","time":5129.723680771,"data":"轮次:··5/·20 || cls:0.733 || im:-0.689 || 耗时：16.05s\n"}
,{"stream_name":"stdout","time":5133.052208301,"data":"SHOT pseudo-labels: model 78.62% -\u003e centroid 79.72%\n"}
,{"stream_name":"stdout","time":5145.847772571,"data":"轮次:··6/·20 || cls:0.668 || im:-0.764 || 耗时：16.12s\n"}
,{"stream_name":"stdout","time":5149.143218161,"data":"SHOT pseudo-labels: model 78.38% -\u003e centroid 85.05%\n"}
,{"stream_name":"stdout","time":5161.967642776,"data":"轮次:··7/·20 || cls:0.685 || im:-0.675 || 耗时：16.12s\n"}
,{"stream_name":"stdout","time":5165.254215462,"data":"SHOT pseudo-labels: model 79.23% -\u003e centroid 86.53%\n"}
,{"stream_name":"stdout","time":5178.079657837,"data":"轮次:··8/·20 || cls:0.820 || im:-0.735 || 耗时：16.11s\n"}
,{"stream_name":"stdout","time":5181.390046548,"data":"SHOT pseudo-labels: model 77.93% -\u003e centroid 57.08%\n"}
,{"stream_name":"stdout","time":5194.232019316,"data":"轮次:··9/·20 || cls:0.569 || im:-0.690 || 耗时：16.15s\n"}
,{"stream_name":"stdout","time":5197.525205499,"data":"SHOT pseudo-labels: model 77.58% -\u003e centroid 57.43%\n"}
,{"stream_name":"stdout","time":5210.358885865,"data":"轮次:·10/·20 || cls:0.540 || im:-0.659 || 耗时：16.13s\n"}
,{"stream_name":"stdout","time":5213.675173344,"data":"SHOT pseudo-labels: model 79.62% -\u003e centroid 83.48%\n"}
,{"stream_name":"stdout","time":5226.512441137,"data":"轮次:·11/·20 || cls:0.786 || im:-0.719 || 耗时：16.15s\n"}
,{"stream_name":"stdout","time":5229.816213683,"data":"SHOT pseudo-labels: model 77.65% -\u003e centroid 55.27%\n"}
,{"stream_name":"stdout","time":5242.61971489,"data":"轮次:·12/·20 || cls:0.718 || im:-0.696 || 耗时：16.11s\n"}
,{"stream_name":"stdout","time":5245.899217552,"data":"SHOT pseudo-labels: model 78.37% -\u003e centroid 56.10%\n"}
,{"stream_name":"stdout","time":5258.674032893,"data":"轮次:·13/·20 || cls:0.629 || im:-0.673 || 耗时：16.05s\n"}
,{"stream_name":"stdout","time":5261.969216384,"data":"SHOT pseudo-labels: model 77.27% -\u003e centroid 54.20%\n"}
,{"stream_name":"stdout","time":5274.765270989,"data":"轮次:·14/·20 || cls:0.797 || im:-0.706 || 耗时：16.09s\n"}
,{"stream_name":"stdout","time":5278.065173643,"data":"SHOT pseudo-labels: model 78.25% -\u003e centroid 55.42%\n"}
,{"stream_name":"stdout","time":5290.836306403,"data":"轮次:·15/·20 || cls:0.623 || im:-0.590 || 耗时：16.07s\n"}
,{"stream_name":"stdout","time":5294.123225705,"data":"SHOT pseudo-labels: model 77.38% -\u003e centroid 53.53%\n"}
,{"stream_name":"stdout","time":5306.885079592,"data":"轮次:·16/·20 || cls:0.713 || im:-0.742 || 耗时：16.05s\n"}
,{"stream_name":"stdout","time":5310.174244176,"data":"SHOT pseudo-labels: model 78.15% -\u003e centroid 57.62%\n"}
,{"stream_name":"stdout","time":5322.93522586,"data":"轮次:·17/·20 || cls:0.794 || im:-0.699 || 耗时：16.05s\n"}
,{"stream_name":"stdout","time":5326.212222661,"data":"SHOT pseudo-labels: model 77.78% -\u003e centroid 54.45%\n"}
,{"stream_name":"stdout","time":5338.98118198,"data":"轮次:·18/·20 || cls:0.714 || im:-0.660 || 耗时：16.05s\n"}
,{"stream_name":"stdout","time":5342.274201023,"data":"SHOT pseudo-labels: model 78.38% -\u003e centroid 57.65%\n"}
,{"stream_name":"stdout","time":5355.063558611,"data":"轮次:·19/·20 || cls:0.834 || im:-0.590 || 耗时：16.08s\n"}
,{"stream_name":"stdout","time":5358.327170173,"data":"SHOT pseudo-labels: model 78.37% -\u003e centroid 61.03%\n"}
,{"stream_name":"stdout","time":5371.084423888,"data":"轮次:·20/·20 || cls:0.524 || im:-0.692 || 耗时：16.02s\n"}
,{"stream_name":"stdout","time":5377.020900968,"data":"测试集任务: (B1)N15_M01_F10→(B3)N15_M07_F04; 总正确率 = 79.12%\n"}
,{"stream_name":"stdout","time":5377.020946402,"data":"类型1 正确率： 100.00% -\u003e 1  100.00%, 2    0.00%, 3    0.00%\n"}
,{"stream_name":"stdout","time":5377.020952246,"data":"类型2 正确率：  66.00% -\u003e 1    0.00%, 2   65.55%, 3   34.45%\n"}
,{"stream_name":"stdout","time":5377.020999512,"data":"类型3 正确率：  72.00% -\u003e 1    0.00%, 2   28.20%, 3   71.80%\n"}
,{"stream_name":"stdout","time":5377.021006546,"data":"\n"}
,{"stream_name":"stdout","time":5377.021019712,"data":"\n"}
,{"stream_name":"stdout","time":5377.042692138,"data":"[tar_adaptation_RES_PU.py --folder_root /kaggle/working/shot_k10/S09/sdalr_PU_shot/DATA_foldS09 --seed 2024 --class_num 3 --data_name PU_M1_L3 --output /kaggle/working/shot_k10/S09/weight_PU_M1_shot_FS09toS09_s2024 --s 0 --t 2 --lr 0.0005 --threshold 0.4 --K 0.6] 339s\n"}
,{"stream_name":"stdout","time":5377.071300761,"data":"读取源域路径：/kaggle/working/shot_k10/S09/weight_PU_M1_shot_FS09toS09_s2024/NEW_PU/Source-源域/log\u0026pt/(B2)N15_M07_F10\n"}
,{"stream_name":"stdout","time":5377.071330622,"data":"excel输出位置：/kaggle/working/shot_k10/S09/weight_PU_M1_shot_FS09toS09_s2024/NEW_PU/Target-目标域\n"}
,{"stream_name":"stdout","time":5377.071335441,"data":"特征图片输出位置：/kaggle/working/shot_k10/S09/weight_PU_M1_shot_FS09toS09_s2024/NEW_PU/Picture-特征图/2026年09月21日21时36分/(B2)N15_M07_F10\n"}
,{"stream_name":"stderr","time":5377.111879532,"data":"/usr/local/lib/python3.12/dist-packages/torch/nn/utils/weight_norm.py:144: FutureWarning: `torch.nn.utils.weight_norm` is deprecated in favor of `torch.nn.utils.parametrizations.weight_norm`.\n"}
,{"stream_name":"stderr","time":5377.111908755,"data":"  WeightNorm.apply(module, name, dim)\n"}
,{"stream_name":"stdout","time":5377.154103621,"data":"现在选取:(B2)N15_M07_F10 进行训练的源模型\n"}
,{"stream_name":"stdout","time":5377.154136157,"data":"现在进行：(B2)N15_M07_F10→(B1)N15_M01_F10 的迁移任务\n"}
,{"stream_name":"stdout","time":5377.154169193,"data":"log\u0026pt输出位置：/kaggle/working/shot_k10/S09/weight_PU_M1_shot_FS09toS09_s2024/NEW_PU/Target-目标域/log\u0026pt/(B2)N15_M07_F10→(B1)N15_M01_F10\n"}
,{"stream_name":"stderr","time":5377.155561799,"data":"sh: 1: Syntax error: word unexpected (expecting \")\")\n"}
,{"stream_name":"stdout","time":5388.363963503,"data":"任务: (B2)N15_M07_F10→(B1)N15_M01_F10; 批次:····0/·1880;  总正确率: 99.73%\n"}
,{"stream_name":"stdout","time":5388.363999883,"data":"类型1 正确率： 100.00% -\u003e 1  100.00%, 2    0.00%, 3    0.00%\n"}
,{"stream_name":"stdout","time":5388.364003946,"data":"类型2 正确率：  99.00% -\u003e 1    0.00%, 2   99.35%, 3    0.65%\n"}
,{"stream_name":"stdout","time":5388.364006887,"data":"类型3 正确率： 100.00% -\u003e 1    0.00%, 2    0.15%, 3   99.85%\n"}
,{"stream_name":"stdout","time":5388.364010783,"data":"\n"}
,{"stream_name":"stdout","time":5388.364024519,"data":"\n"}
,{"stream_name":"stdout","time":5391.637277212,"data":"SHOT pseudo-labels: model 99.73% -\u003e centroid 99.97%\n"}
,{"stream_name":"stdout","time":5404.45584265,"data":"轮次:··1/·20 || cls:1.097 || im:-0.952 || 耗时：22.06s\n"}
,{"stream_name":"stdout","time":5407.794207176,"data":"SHOT pseudo-labels: model 79.87% -\u003e centroid 76.15%\n"}
,{"stream_name":"stdout","time":5420.755934046,"data":"轮次:··2/·20 || cls:1.242 || im:-0.806 || 耗时：16.30s\n"}
,{"stream_name":"stdout","time":5424.082212839,"data":"SHOT pseudo-labels: model 87.38% -\u003e centroid 88.92%\n"}
,{"stream_name":"stdout","time":5436.916798594,"data":"轮次:··3/·20 || cls:0.841 || im:-0.815 || 耗时：16.16s\n"}
,{"stream_name":"stdout","time":5440.195233306,"data":"SHOT pseudo-labels: model 90.62% -\u003e centroid 88.22%\n"}
,{"stream_name":"stdout","time":5452.915172735,"data":"轮次:··4/·20 || cls:0.635 || im:-0.777 || 耗时：16.00s\n"}
,{"stream_name":"stdout","time":5456.20423338,"data":"SHOT pseudo-labels: model 95.52% -\u003e centroid 85.53%\n"}
,{"stream_name":"stdout","time":5468.91084758,"data":"轮次:··5/·20 || cls:0.701 || im:-0.777 || 耗时：16.00s\n"}
,{"stream_name":"stdout","time":5472.208271132,"data":"SHOT pseudo-labels: model 96.45% -\u003e centroid 85.33%\n"}
,{"stream_name":"stdout","time":5484.95371925,"data":"轮次:··6/·20 || cls:0.703 || im:-0.797 || 耗时：16.04s\n"}
,{"stream_name":"stdout","time":5488.250215834,"data":"SHOT pseudo-labels: model 97.40% -\u003e centroid 84.98%\n"}
,{"stream_name":"stdout","time":5501.068502132,"data":"轮次:··7/·20 || cls:0.770 || im:-0.782 || 耗时：16.11s\n"}
,{"stream_name":"stdout","time":5504.353166519,"data":"SHOT pseudo-labels: model 98.68% -\u003e centroid 84.18%\n"}
,{"stream_name":"stdout","time":5517.161572665,"data":"轮次:··8/·20 || cls:0.871 || im:-0.812 || 耗时：16.09s\n"}
,{"stream_name":"stdout","time":5520.446229134,"data":"SHOT pseudo-labels: model 98.45% -\u003e centroid 84.58%\n"}
,{"stream_name":"stdout","time":5533.222602273,"data":"轮次:··9/·20 || cls:0.722 || im:-0.789 || 耗时：16.06s\n"}
,{"stream_name":"stdout","time":5536.524224763,"data":"SHOT pseudo-labels: model 98.82% -\u003e centroid 84.62%\n"}
,{"stream_name":"stdout","time":5549.303498181,"data":"轮次:·10/·20 || cls:0.624 || im:-0.677 || 耗时：16.08s\n"}
,{"stream_name":"stdout","time":5552.614656006,"data":"SHOT pseudo-labels: model 98.93% -\u003e centroid 83.67%\n"}
,{"stream_name":"stdout","time":5565.366635477,"data":"轮次:·11/·20 || cls:0.641 || im:-0.729 || 耗时：16.06s\n"}
,{"stream_name":"stdout","time":5568.664357476,"data":"SHOT pseudo-labels: model 98.70% -\u003e centroid 84.78%\n"}
,{"stream_name":"stdout","time":5581.40873266,"data":"轮次:·12/·20 || cls:0.797 || im:-0.738 || 耗时：16.04s\n"}
,{"stream_name":"stdout","time":5584.70021259,"data":"SHOT pseudo-labels: model 98.80% -\u003e centroid 84.02%\n"}
,{"stream_name":"stdout","time":5597.458791904,"data":"轮次:·13/·20 || cls:0.874 || im:-0.825 || 耗时：16.05s\n"}
,{"stream_name":"stdout","time":5600.750180977,"data":"SHOT pseudo-labels: model 98.78% -\u003e centroid 84.77%\n"}
,{"stream_name":"stdout","time":5613.493736634,"data":"轮次:·14/·20 || cls:0.809 || im:-0.729 || 耗时：16.03s\n"}
,{"stream_name":"stdout","time":5616.768207824,"data":"SHOT pseudo-labels: model 99.10% -\u003e centroid 84.25%\n"}
,{"stream_name":"stdout","time":5629.545663754,"data":"轮次:·15/·20 || cls:0.706 || im:-0.714 || 耗时：16.05s\n"}
,{"stream_name":"stdout","time":5632.84224334,"data":"SHOT pseudo-labels: model 98.98% -\u003e centroid 84.50%\n"}
,{"stream_name":"stdout","time":5645.633197033,"data":"轮次:·16/·20 || cls:0.639 || im:-0.734 || 耗时：16.09s\n"}
,{"stream_name":"stdout","time":5648.930549514,"data":"SHOT pseudo-labels: model 98.97% -\u003e centroid 84.27%\n"}
,{"stream_name":"stdout","time":5661.721552657,"data":"轮次:·17/·20 || cls:0.793 || im:-0.638 || 耗时：16.09s\n"}
,{"stream_name":"stdout","time":5665.009219375,"data":"SHOT pseudo-labels: model 98.90% -\u003e centroid 84.53%\n"}
,{"stream_name":"stdout","time":5677.80322968,"data":"轮次:·18/·20 || cls:0.768 || im:-0.777 || 耗时：16.08s\n"}
,{"stream_name":"stdout","time":5681.083247536,"data":"SHOT pseudo-labels: model 99.25% -\u003e centroid 84.35%\n"}
,{"stream_name":"stdout","time":5693.883804069,"data":"轮次:·19/·20 || cls:0.734 || im:-0.718 || 耗时：16.08s\n"}
,{"stream_name":"stdout","time":5697.166230998,"data":"SHOT pseudo-labels: model 98.90% -\u003e centroid 84.77%\n"}
,{"stream_name":"stdout","time":5709.990421412,"data":"轮次:·20/·20 || cls:0.610 || im:-0.805 || 耗时：16.11s\n"}
,{"stream_name":"stdout","time":5715.916546764,"data":"测试集任务: (B2)N15_M07_F10→(B1)N15_M01_F10; 总正确率 = 99.07%\n"}
,{"stream_name":"stdout","time":5715.916601609,"data":"类型1 正确率： 100.00% -\u003e 1  100.00%, 2    0.00%, 3    0.00%\n"}
,{"stream_name":"stdout","time":5715.916609652,"data":"类型2 正确率： 100.00% -\u003e 1    0.00%, 2   99.85%, 3    0.15%\n"}
,{"stream_name":"stdout","time":5715.916615193,"data":"类型3 正确率：  97.00% -\u003e 1    0.05%, 2    2.60%, 3   97.35%\n"}
,{"stream_name":"stdout","time":5715.916620298,"data":"\n"}
,{"stream_name":"stdout","time":5715.916625066,"data":"\n"}
,{"stream_name":"stdout","time":5715.940320074,"data":"[tar_adaptation_RES_PU.py --folder_root /kaggle/working/shot_k10/S09/sdalr_PU_shot/DATA_foldS09 --seed 2024 --class_num 3 --data_name PU_M1_L3 --output /kaggle/working/shot_k10/S09/weight_PU_M1_shot_FS09toS09_s2024 --s 1 --t 0 --lr 0.0005 --threshold 0.4 --K 0.6] 339s\n"}
,{"stream_name":"stdout","time":5715.979757514,"data":"读取源域路径：/kaggle/working/shot_k10/S09/weight_PU_M1_shot_FS09toS09_s2024/NEW_PU/Source-源域/log\u0026pt/(B2)N15_M07_F10\n"}
,{"stream_name":"stdout","time":5715.979801397,"data":"excel输出位置：/kaggle/working/shot_k10/S09/weight_PU_M1_shot_FS09toS09_s2024/NEW_PU/Target-目标域\n"}
,{"stream_name":"stdout","time":5715.979820842,"data":"特征图片输出位置：/kaggle/working/shot_k10/S09/weight_PU_M1_shot_FS09toS09_s2024/NEW_PU/Picture-特征图/2026年09月21日21时42分/(B2)N15_M07_F10\n"}
,{"stream_name":"stderr","time":5716.017927003,"data":"/usr/local/lib/python3.12/dist-packages/torch/nn/utils/weight_norm.py:144: FutureWarning: `torch.nn.utils.weight_norm` is deprecated in favor of `torch.nn.utils.parametrizations.weight_norm`.\n"}
,{"stream_name":"stderr","time":5716.017960085,"data":"  WeightNorm.apply(module, name, dim)\n"}
,{"stream_name":"stdout","time":5716.057591265,"data":"现在选取:(B2)N15_M07_F10 进行训练的源模型\n"}
,{"stream_name":"stdout","time":5716.057636845,"data":"现在进行：(B2)N15_M07_F10→(B3)N15_M07_F04 的迁移任务\n"}
,{"stream_name":"stdout","time":5716.057644502,"data":"log\u0026pt输出位置：/kaggle/working/shot_k10/S09/weight_PU_M1_shot_FS09toS09_s2024/NEW_PU/Target-目标域/log\u0026pt/(B2)N15_M07_F10→(B3)N15_M07_F04\n"}
,{"stream_name":"stderr","time":5716.058997207,"data":"sh: 1: Syntax error: word unexpected (expecting \")\")\n"}
,{"stream_name":"stdout","time":5727.216897767,"data":"任务: (B2)N15_M07_F10→(B3)N15_M07_F04; 批次:····0/·1880;  总正确率: 87.08%\n"}
,{"stream_name":"stdout","time":5727.216943022,"data":"类型1 正确率： 100.00% -\u003e 1  100.00%, 2    0.00%, 3    0.00%\n"}
,{"stream_name":"stdout","time":5727.216949749,"data":"类型2 正确率：  92.00% -\u003e 1    0.00%, 2   92.05%, 3    7.95%\n"}
,{"stream_name":"stdout","time":5727.216954241,"data":"类型3 正确率：  69.00% -\u003e 1    0.00%, 2   30.80%, 3   69.20%\n"}
,{"stream_name":"stdout","time":5727.216958516,"data":"\n"}
,{"stream_name":"stdout","time":5727.216961875,"data":"\n"}
,{"stream_name":"stdout","time":5730.508906775,"data":"SHOT pseudo-labels: model 87.08% -\u003e centroid 85.73%\n"}
,{"stream_name":"stdout","time":5743.365350495,"data":"轮次:··1/·20 || cls:1.329 || im:-0.895 || 耗时：22.09s\n"}
,{"stream_name":"stdout","time":5746.691231055,"data":"SHOT pseudo-labels: model 74.15% -\u003e centroid 60.77%\n"}
,{"stream_name":"stdout","time":5759.60347818,"data":"轮次:··2/·20 || cls:1.257 || im:-0.796 || 耗时：16.24s\n"}
,{"stream_name":"stdout","time":5762.940221422,"data":"SHOT pseudo-labels: model 73.98% -\u003e centroid 83.47%\n"}
,{"stream_name":"stdout","time":5775.808889841,"data":"轮次:··3/·20 || cls:0.880 || im:-0.747 || 耗时：16.21s\n"}
,{"stream_name":"stdout","time":5779.105265761,"data":"SHOT pseudo-labels: model 74.02% -\u003e centroid 83.55%\n"}
,{"stream_name":"stdout","time":5791.894597802,"data":"轮次:··4/·20 || cls:0.615 || im:-0.703 || 耗时：16.09s\n"}
,{"stream_name":"stdout","time":5795.185197324,"data":"SHOT pseudo-labels: model 76.97% -\u003e centroid 84.15%\n"}
,{"stream_name":"stdout","time":5807.935471689,"data":"轮次:··5/·20 || cls:0.734 || im:-0.681 || 耗时：16.04s\n"}
,{"stream_name":"stdout","time":5811.241223928,"data":"SHOT pseudo-labels: model 76.28% -\u003e centroid 84.23%\n"}
,{"stream_name":"stdout","time":5824.024051461,"data":"轮次:··6/·20 || cls:0.549 || im:-0.738 || 耗时：16.09s\n"}
,{"stream_name":"stdout","time":5827.324255056,"data":"SHOT pseudo-labels: model 78.33% -\u003e centroid 83.78%\n"}
,{"stream_name":"stdout","time":5840.150949004,"data":"轮次:··7/·20 || cls:0.689 || im:-0.646 || 耗时：16.13s\n"}
,{"stream_name":"stdout","time":5843.492269904,"data":"SHOT pseudo-labels: model 79.52% -\u003e centroid 83.40%\n"}
,{"stream_name":"stdout","time":5856.335536668,"data":"轮次:··8/·20 || cls:0.756 || im:-0.624 || 耗时：16.18s\n"}
,{"stream_name":"stdout","time":5859.657205321,"data":"SHOT pseudo-labels: model 77.68% -\u003e centroid 83.90%\n"}
,{"stream_name":"stdout","time":5872.49942527,"data":"轮次:··9/·20 || cls:0.755 || im:-0.670 || 耗时：16.16s\n"}
,{"stream_name":"stdout","time":5875.819646613,"data":"SHOT pseudo-labels: model 77.95% -\u003e centroid 83.72%\n"}
,{"stream_name":"stdout","time":5888.648787361,"data":"轮次:·10/·20 || cls:0.520 || im:-0.628 || 耗时：16.15s\n"}
,{"stream_name":"stdout","time":5891.966317536,"data":"SHOT pseudo-labels: model 77.82% -\u003e centroid 83.15%\n"}
,{"stream_name":"stdout","time":5904.787047006,"data":"轮次:·11/·20 || cls:0.711 || im:-0.672 || 耗时：16.14s\n"}
,{"stream_name":"stdout","time":5908.089237368,"data":"SHOT pseudo-labels: model 76.55% -\u003e centroid 57.45%\n"}
,{"stream_name":"stdout","time":5920.911119051,"data":"轮次:·12/·20 || cls:0.662 || im:-0.670 || 耗时：16.12s\n"}
,{"stream_name":"stdout","time":5924.230210656,"data":"SHOT pseudo-labels: model 76.85% -\u003e centroid 83.95%\n"}
,{"stream_name":"stdout","time":5937.057111919,"data":"轮次:·13/·20 || cls:0.695 || im:-0.624 || 耗时：16.15s\n"}
,{"stream_name":"stdout","time":5940.344219909,"data":"SHOT pseudo-labels: model 74.72% -\u003e centroid 51.52%\n"}
,{"stream_name":"stdout","time":5953.165512208,"data":"轮次:·14/·20 || cls:0.761 || im:-0.663 || 耗时：16.11s\n"}
,{"stream_name":"stdout","time":5956.44018613,"data":"SHOT pseudo-labels: model 75.40% -\u003e centroid 53.87%\n"}
,{"stream_name":"stdout","time":5969.244235575,"data":"轮次:·15/·20 || cls:0.631 || im:-0.640 || 耗时：16.08s\n"}
,{"stream_name":"stdout","time":5972.575224731,"data":"SHOT pseudo-labels: model 73.87% -\u003e centroid 50.98%\n"}
,{"stream_name":"stdout","time":5985.397565716,"data":"轮次:·16/·20 || cls:0.684 || im:-0.698 || 耗时：16.15s\n"}
,{"stream_name":"stdout","time":5988.701236168,"data":"SHOT pseudo-labels: model 73.78% -\u003e centroid 50.97%\n"}
,{"stream_name":"stdout","time":6001.51400323,"data":"轮次:·17/·20 || cls:0.749 || im:-0.651 || 耗时：16.12s\n"}
,{"stream_name":"stdout","time":6004.816236423,"data":"SHOT pseudo-labels: model 74.13% -\u003e centroid 51.05%\n"}
,{"stream_name":"stdout","time":6017.616933527,"data":"轮次:·18/·20 || cls:0.637 || im:-0.686 || 耗时：16.10s\n"}
,{"stream_name":"stdout","time":6020.924248842,"data":"SHOT pseudo-labels: model 73.57% -\u003e centroid 50.98%\n"}
,{"stream_name":"stdout","time":6033.702797263,"data":"轮次:·19/·20 || cls:0.776 || im:-0.561 || 耗时：16.09s\n"}
,{"stream_name":"stdout","time":6037.003880321,"data":"SHOT pseudo-labels: model 73.05% -\u003e centroid 50.47%\n"}
,{"stream_name":"stdout","time":6049.807709711,"data":"轮次:·20/·20 || cls:0.487 || im:-0.636 || 耗时：16.10s\n"}
,{"stream_name":"stdout","time":6055.731942532,"data":"测试集任务: (B2)N15_M07_F10→(B3)N15_M07_F04; 总正确率 = 73.12%\n"}
,{"stream_name":"stdout","time":6055.731994539,"data":"类型1 正确率： 100.00% -\u003e 1  100.00%, 2    0.00%, 3    0.00%\n"}
,{"stream_name":"stdout","time":6055.73200217,"data":"类型2 正确率：  55.00% -\u003e 1    0.05%, 2   54.80%, 3   45.15%\n"}
,{"stream_name":"stdout","time":6055.732008023,"data":"类型3 正确率：  65.00% -\u003e 1    0.00%, 2   35.45%, 3   64.55%\n"}
,{"stream_name":"stdout","time":6055.732018685,"data":"\n"}
,{"stream_name":"stdout","time":6055.732023135,"data":"\n"}
,{"stream_name":"stdout","time":6055.752632576,"data":"[tar_adaptation_RES_PU.py --folder_root /kaggle/working/shot_k10/S09/sdalr_PU_shot/DATA_foldS09 --seed 2024 --class_num 3 --data_name PU_M1_L3 --output /kaggle/working/shot_k10/S09/weight_PU_M1_shot_FS09toS09_s2024 --s 1 --t 2 --lr 0.0005 --threshold 0.4 --K 0.6] 340s\n"}
,{"stream_name":"stdout","time":6055.789573726,"data":"读取源域路径：/kaggle/working/shot_k10/S09/weight_PU_M1_shot_FS09toS09_s2024/NEW_PU/Source-源域/log\u0026pt/(B3)N15_M07_F04\n"}
,{"stream_name":"stdout","time":6055.789598213,"data":"excel输出位置：/kaggle/working/shot_k10/S09/weight_PU_M1_shot_FS09toS09_s2024/NEW_PU/Target-目标域\n"}
,{"stream_name":"stdout","time":6055.789663451,"data":"特征图片输出位置：/kaggle/working/shot_k10/S09/weight_PU_M1_shot_FS09toS09_s2024/NEW_PU/Picture-特征图/2026年09月21日21时48分/(B3)N15_M07_F04\n"}
,{"stream_name":"stderr","time":6055.824724438,"data":"/usr/local/lib/python3.12/dist-packages/torch/nn/utils/weight_norm.py:144: FutureWarning: `torch.nn.utils.weight_norm` is deprecated in favor of `torch.nn.utils.parametrizations.weight_norm`.\n"}
,{"stream_name":"stderr","time":6055.824757551,"data":"  WeightNorm.apply(module, name, dim)\n"}
,{"stream_name":"stdout","time":6055.864055723,"data":"现在选取:(B3)N15_M07_F04 进行训练的源模型\n"}
,{"stream_name":"stdout","time":6055.864088134,"data":"现在进行：(B3)N15_M07_F04→(B1)N15_M01_F10 的迁移任务\n"}
,{"stream_name":"stdout","time":6055.864096638,"data":"log\u0026pt输出位置：/kaggle/working/shot_k10/S09/weight_PU_M1_shot_FS09toS09_s2024/NEW_PU/Target-目标域/log\u0026pt/(B3)N15_M07_F04→(B1)N15_M01_F10\n"}
,{"stream_name":"stderr","time":6055.865360649,"data":"sh: 1: Syntax error: word unexpected (expecting \")\")\n"}
,{"stream_name":"stdout","time":6067.190990909,"data":"任务: (B3)N15_M07_F04→(B1)N15_M01_F10; 批次:····0/·1880;  总正确率: 78.18%\n"}
,{"stream_name":"stdout","time":6067.191040675,"data":"类型1 正确率： 100.00% -\u003e 1  100.00%, 2    0.00%, 3    0.00%\n"}
,{"stream_name":"stdout","time":6067.191046133,"data":"类型2 正确率： 100.00% -\u003e 1    0.00%, 2   99.85%, 3    0.15%\n"}
,{"stream_name":"stdout","time":6067.191049836,"data":"类型3 正确率：  35.00% -\u003e 1    0.00%, 2   65.30%, 3   34.70%\n"}
,{"stream_name":"stdout","time":6067.191053333,"data":"\n"}
,{"stream_name":"stdout","time":6067.191056497,"data":"\n"}
,{"stream_name":"stdout","time":6070.464215634,"data":"SHOT pseudo-labels: model 78.18% -\u003e centroid 83.08%\n"}
,{"stream_name":"stdout","time":6083.304731622,"data":"轮次:··1/·20 || cls:0.852 || im:-0.734 || 耗时：22.04s\n"}
,{"stream_name":"stdout","time":6086.644218152,"data":"SHOT pseudo-labels: model 76.20% -\u003e centroid 61.88%\n"}
,{"stream_name":"stdout","time":6099.637739612,"data":"轮次:··2/·20 || cls:1.108 || im:-0.732 || 耗时：16.33s\n"}
,{"stream_name":"stdout","time":6102.96331347,"data":"SHOT pseudo-labels: model 73.00% -\u003e centroid 63.03%\n"}
,{"stream_name":"stdout","time":6115.847595802,"data":"轮次:··3/·20 || cls:0.853 || im:-0.758 || 耗时：16.21s\n"}
,{"stream_name":"stdout","time":6119.115220253,"data":"SHOT pseudo-labels: model 74.63% -\u003e centroid 53.95%\n"}
,{"stream_name":"stdout","time":6131.856492575,"data":"轮次:··4/·20 || cls:0.680 || im:-0.694 || 耗时：16.01s\n"}
,{"stream_name":"stdout","time":6135.125232866,"data":"SHOT pseudo-labels: model 74.63% -\u003e centroid 52.73%\n"}
,{"stream_name":"stdout","time":6147.859532636,"data":"轮次:··5/·20 || cls:0.654 || im:-0.737 || 耗时：16.00s\n"}
,{"stream_name":"stdout","time":6151.179226252,"data":"SHOT pseudo-labels: model 75.35% -\u003e centroid 52.25%\n"}
,{"stream_name":"stdout","time":6163.966589766,"data":"轮次:··6/·20 || cls:0.654 || im:-0.703 || 耗时：16.11s\n"}
,{"stream_name":"stdout","time":6167.268261999,"data":"SHOT pseudo-labels: model 75.50% -\u003e centroid 51.83%\n"}
,{"stream_name":"stdout","time":6180.100373223,"data":"轮次:··7/·20 || cls:0.687 || im:-0.722 || 耗时：16.13s\n"}
,{"stream_name":"stdout","time":6183.437586347,"data":"SHOT pseudo-labels: model 76.43% -\u003e centroid 52.22%\n"}
,{"stream_name":"stdout","time":6196.289613301,"data":"轮次:··8/·20 || cls:0.681 || im:-0.695 || 耗时：16.19s\n"}
,{"stream_name":"stdout","time":6199.608247628,"data":"SHOT pseudo-labels: model 76.42% -\u003e centroid 52.08%\n"}
,{"stream_name":"stdout","time":6212.429120204,"data":"轮次:··9/·20 || cls:0.608 || im:-0.704 || 耗时：16.14s\n"}
,{"stream_name":"stdout","time":6215.716212423,"data":"SHOT pseudo-labels: model 75.37% -\u003e centroid 51.85%\n"}
,{"stream_name":"stdout","time":6228.499813063,"data":"轮次:·10/·20 || cls:0.528 || im:-0.639 || 耗时：16.07s\n"}
,{"stream_name":"stdout","time":6231.806258652,"data":"SHOT pseudo-labels: model 75.35% -\u003e centroid 52.17%\n"}
,{"stream_name":"stdout","time":6244.542774347,"data":"轮次:·11/·20 || cls:0.708 || im:-0.710 || 耗时：16.04s\n"}
,{"stream_name":"stdout","time":6247.829216025,"data":"SHOT pseudo-labels: model 75.42% -\u003e centroid 52.20%\n"}
,{"stream_name":"stdout","time":6260.594677698,"data":"轮次:·12/·20 || cls:0.768 || im:-0.724 || 耗时：16.05s\n"}
,{"stream_name":"stdout","time":6263.910218771,"data":"SHOT pseudo-labels: model 76.15% -\u003e centroid 52.42%\n"}
,{"stream_name":"stdout","time":6276.681724967,"data":"轮次:·13/·20 || cls:0.663 || im:-0.730 || 耗时：16.09s\n"}
,{"stream_name":"stdout","time":6279.97427568,"data":"SHOT pseudo-labels: model 75.02% -\u003e centroid 51.87%\n"}
,{"stream_name":"stdout","time":6292.732431671,"data":"轮次:·14/·20 || cls:0.737 || im:-0.689 || 耗时：16.05s\n"}
,{"stream_name":"stdout","time":6296.03020984,"data":"SHOT pseudo-labels: model 74.68% -\u003e centroid 52.05%\n"}
,{"stream_name":"stdout","time":6308.814674077,"data":"轮次:·15/·20 || cls:0.720 || im:-0.674 || 耗时：16.08s\n"}
,{"stream_name":"stdout","time":6312.091007278,"data":"SHOT pseudo-labels: model 73.52% -\u003e centroid 51.90%\n"}
,{"stream_name":"stdout","time":6324.86329756,"data":"轮次:·16/·20 || cls:0.688 || im:-0.673 || 耗时：16.05s\n"}
,{"stream_name":"stdout","time":6328.164294178,"data":"SHOT pseudo-labels: model 74.17% -\u003e centroid 51.95%\n"}
,{"stream_name":"stdout","time":6340.960893569,"data":"轮次:·17/·20 || cls:0.721 || im:-0.644 || 耗时：16.10s\n"}
,{"stream_name":"stdout","time":6344.251226694,"data":"SHOT pseudo-labels: model 73.48% -\u003e centroid 51.88%\n"}
,{"stream_name":"stdout","time":6357.070902541,"data":"轮次:·18/·20 || cls:0.715 || im:-0.669 || 耗时：16.11s\n"}
,{"stream_name":"stdout","time":6360.360199878,"data":"SHOT pseudo-labels: model 74.03% -\u003e centroid 52.07%\n"}
,{"stream_name":"stdout","time":6373.170853686,"data":"轮次:·19/·20 || cls:0.830 || im:-0.736 || 耗时：16.10s\n"}
,{"stream_name":"stdout","time":6376.449203833,"data":"SHOT pseudo-labels: model 73.57% -\u003e centroid 51.82%\n"}
,{"stream_name":"stdout","time":6389.295781189,"data":"轮次:·20/·20 || cls:0.573 || im:-0.713 || 耗时：16.12s\n"}
,{"stream_name":"stdout","time":6395.23402113,"data":"测试集任务: (B3)N15_M07_F04→(B1)N15_M01_F10; 总正确率 = 73.25%\n"}
,{"stream_name":"stdout","time":6395.234061672,"data":"类型1 正确率： 100.00% -\u003e 1  100.00%, 2    0.00%, 3    0.00%\n"}
,{"stream_name":"stdout","time":6395.234080461,"data":"类型2 正确率：  63.00% -\u003e 1    0.00%, 2   63.25%, 3   36.75%\n"}
,{"stream_name":"stdout","time":6395.234087019,"data":"类型3 正确率：  56.00% -\u003e 1    0.00%, 2   43.50%, 3   56.50%\n"}
,{"stream_name":"stdout","time":6395.234092632,"data":"\n"}
,{"stream_name":"stdout","time":6395.234098085,"data":"\n"}
,{"stream_name":"stdout","time":6395.254577036,"data":"[tar_adaptation_RES_PU.py --folder_root /kaggle/working/shot_k10/S09/sdalr_PU_shot/DATA_foldS09 --seed 2024 --class_num 3 --data_name PU_M1_L3 --output /kaggle/working/shot_k10/S09/weight_PU_M1_shot_FS09toS09_s2024 --s 2 --t 0 --lr 0.0005 --threshold 0.4 --K 0.6] 339s\n"}
,{"stream_name":"stdout","time":6395.291612729,"data":"读取源域路径：/kaggle/working/shot_k10/S09/weight_PU_M1_shot_FS09toS09_s2024/NEW_PU/Source-源域/log\u0026pt/(B3)N15_M07_F04\n"}
,{"stream_name":"stdout","time":6395.291664551,"data":"excel输出位置：/kaggle/working/shot_k10/S09/weight_PU_M1_shot_FS09toS09_s2024/NEW_PU/Target-目标域\n"}
,{"stream_name":"stdout","time":6395.291681325,"data":"特征图片输出位置：/kaggle/working/shot_k10/S09/weight_PU_M1_shot_FS09toS09_s2024/NEW_PU/Picture-特征图/2026年09月21日21时53分/(B3)N15_M07_F04\n"}
,{"stream_name":"stderr","time":6395.326760351,"data":"/usr/local/lib/python3.12/dist-packages/torch/nn/utils/weight_norm.py:144: FutureWarning: `torch.nn.utils.weight_norm` is deprecated in favor of `torch.nn.utils.parametrizations.weight_norm`.\n"}
,{"stream_name":"stderr","time":6395.326801688,"data":"  WeightNorm.apply(module, name, dim)\n"}
,{"stream_name":"stdout","time":6395.367057288,"data":"现在选取:(B3)N15_M07_F04 进行训练的源模型\n"}
,{"stream_name":"stdout","time":6395.367105718,"data":"现在进行：(B3)N15_M07_F04→(B2)N15_M07_F10 的迁移任务\n"}
,{"stream_name":"stdout","time":6395.367112471,"data":"log\u0026pt输出位置：/kaggle/working/shot_k10/S09/weight_PU_M1_shot_FS09toS09_s2024/NEW_PU/Target-目标域/log\u0026pt/(B3)N15_M07_F04→(B2)N15_M07_F10\n"}
,{"stream_name":"stderr","time":6395.368425276,"data":"sh: 1: Syntax error: word unexpected (expecting \")\")\n"}
,{"stream_name":"stdout","time":6406.525492931,"data":"任务: (B3)N15_M07_F04→(B2)N15_M07_F10; 批次:····0/·1880;  总正确率: 77.33%\n"}
,{"stream_name":"stdout","time":6406.52553897,"data":"类型1 正确率： 100.00% -\u003e 1  100.00%, 2    0.00%, 3    0.00%\n"}
,{"stream_name":"stdout","time":6406.525548786,"data":"类型2 正确率： 100.00% -\u003e 1    0.00%, 2   99.85%, 3    0.15%\n"}
,{"stream_name":"stdout","time":6406.525552732,"data":"类型3 正确率：  32.00% -\u003e 1    0.00%, 2   67.85%, 3   32.15%\n"}
,{"stream_name":"stdout","time":6406.525556446,"data":"\n"}
,{"stream_name":"stdout","time":6406.525559516,"data":"\n"}
,{"stream_name":"stdout","time":6409.806890595,"data":"SHOT pseudo-labels: model 77.33% -\u003e centroid 81.03%\n"}
,{"stream_name":"stdout","time":6422.660039737,"data":"轮次:··1/·20 || cls:1.096 || im:-0.811 || 耗时：22.09s\n"}
,{"stream_name":"stdout","time":6425.982255336,"data":"SHOT pseudo-labels: model 73.82% -\u003e centroid 62.78%\n"}
,{"stream_name":"stdout","time":6438.928839716,"data":"轮次:··2/·20 || cls:1.160 || im:-0.765 || 耗时：16.27s\n"}
,{"stream_name":"stdout","time":6442.266304822,"data":"SHOT pseudo-labels: model 68.38% -\u003e centroid 70.55%\n"}
,{"stream_name":"stdout","time":6455.105895826,"data":"轮次:··3/·20 || cls:0.933 || im:-0.839 || 耗时：16.18s\n"}
,{"stream_name":"stdout","time":6458.381230906,"data":"SHOT pseudo-labels: model 75.02% -\u003e centroid 54.73%\n"}
,{"stream_name":"stdout","time":6471.11997509,"data":"轮次:··4/·20 || cls:0.777 || im:-0.721 || 耗时：16.01s\n"}
,{"stream_name":"stdout","time":6474.400228367,"data":"SHOT pseudo-labels: model 73.62% -\u003e centroid 52.65%\n"}
,{"stream_name":"stdout","time":6487.157597153,"data":"轮次:··5/·20 || cls:0.749 || im:-0.755 || 耗时：16.04s\n"}
,{"stream_name":"stdout","time":6490.462905036,"data":"SHOT pseudo-labels: model 74.62% -\u003e centroid 52.30%\n"}
,{"stream_name":"stdout","time":6503.259456497,"data":"轮次:··6/·20 || cls:0.639 || im:-0.725 || 耗时：16.10s\n"}
,{"stream_name":"stdout","time":6506.565210334,"data":"SHOT pseudo-labels: model 74.73% -\u003e centroid 51.58%\n"}
,{"stream_name":"stdout","time":6519.385750229,"data":"轮次:··7/·20 || cls:0.787 || im:-0.739 || 耗时：16.13s\n"}
,{"stream_name":"stdout","time":6522.706236307,"data":"SHOT pseudo-labels: model 76.12% -\u003e centroid 52.07%\n"}
,{"stream_name":"stdout","time":6535.547920224,"data":"轮次:··8/·20 || cls:0.706 || im:-0.695 || 耗时：16.16s\n"}
,{"stream_name":"stdout","time":6538.867207151,"data":"SHOT pseudo-labels: model 76.18% -\u003e centroid 52.07%\n"}
,{"stream_name":"stdout","time":6551.673914896,"data":"轮次:··9/·20 || cls:0.629 || im:-0.653 || 耗时：16.13s\n"}
,{"stream_name":"stdout","time":6554.978210367,"data":"SHOT pseudo-labels: model 73.92% -\u003e centroid 51.22%\n"}
,{"stream_name":"stdout","time":6567.805368684,"data":"轮次:·10/·20 || cls:0.651 || im:-0.711 || 耗时：16.13s\n"}
,{"stream_name":"stdout","time":6571.115180884,"data":"SHOT pseudo-labels: model 74.33% -\u003e centroid 51.55%\n"}
,{"stream_name":"stdout","time":6583.921267517,"data":"轮次:·11/·20 || cls:0.733 || im:-0.697 || 耗时：16.12s\n"}
,{"stream_name":"stdout","time":6587.236265134,"data":"SHOT pseudo-labels: model 75.77% -\u003e centroid 52.10%\n"}
,{"stream_name":"stdout","time":6600.029192404,"data":"轮次:·12/·20 || cls:0.746 || im:-0.725 || 耗时：16.11s\n"}
,{"stream_name":"stdout","time":6603.364237742,"data":"SHOT pseudo-labels: model 75.47% -\u003e centroid 52.25%\n"}
,{"stream_name":"stdout","time":6616.139190832,"data":"轮次:·13/·20 || cls:0.736 || im:-0.725 || 耗时：16.11s\n"}
,{"stream_name":"stdout","time":6619.439235982,"data":"SHOT pseudo-labels: model 74.43% -\u003e centroid 51.35%\n"}
,{"stream_name":"stdout","time":6632.222298414,"data":"轮次:·14/·20 || cls:0.664 || im:-0.672 || 耗时：16.08s\n"}
,{"stream_name":"stdout","time":6635.522216285,"data":"SHOT pseudo-labels: model 74.62% -\u003e centroid 51.95%\n"}
,{"stream_name":"stdout","time":6648.280937707,"data":"轮次:·15/·20 || cls:0.797 || im:-0.684 || 耗时：16.06s\n"}
,{"stream_name":"stdout","time":6651.593192502,"data":"SHOT pseudo-labels: model 74.33% -\u003e centroid 51.83%\n"}
,{"stream_name":"stdout","time":6664.369036974,"data":"轮次:·16/·20 || cls:0.757 || im:-0.691 || 耗时：16.09s\n"}
,{"stream_name":"stdout","time":6667.673217426,"data":"SHOT pseudo-labels: model 74.83% -\u003e centroid 51.80%\n"}
,{"stream_name":"stdout","time":6680.458324058,"data":"轮次:·17/·20 || cls:0.792 || im:-0.673 || 耗时：16.09s\n"}
,{"stream_name":"stdout","time":6683.753218214,"data":"SHOT pseudo-labels: model 74.13% -\u003e centroid 51.65%\n"}
,{"stream_name":"stdout","time":6696.548138514,"data":"轮次:·18/·20 || cls:0.724 || im:-0.675 || 耗时：16.09s\n"}
,{"stream_name":"stdout","time":6699.855425472,"data":"SHOT pseudo-labels: model 73.50% -\u003e centroid 51.37%\n"}
,{"stream_name":"stdout","time":6712.673252667,"data":"轮次:·19/·20 || cls:0.823 || im:-0.695 || 耗时：16.12s\n"}
,{"stream_name":"stdout","time":6715.986235914,"data":"SHOT pseudo-labels: model 74.45% -\u003e centroid 51.67%\n"}
,{"stream_name":"stdout","time":6728.782551948,"data":"轮次:·20/·20 || cls:0.581 || im:-0.693 || 耗时：16.11s\n"}
,{"stream_name":"stdout","time":6734.733265019,"data":"测试集任务: (B3)N15_M07_F04→(B2)N15_M07_F10; 总正确率 = 74.05%\n"}
,{"stream_name":"stdout","time":6734.733303972,"data":"类型1 正确率： 100.00% -\u003e 1  100.00%, 2    0.00%, 3    0.00%\n"}
,{"stream_name":"stdout","time":6734.733311651,"data":"类型2 正确率：  63.00% -\u003e 1    0.00%, 2   63.45%, 3   36.55%\n"}
,{"stream_name":"stdout","time":6734.733316964,"data":"类型3 正确率：  59.00% -\u003e 1    0.65%, 2   40.65%, 3   58.70%\n"}
,{"stream_name":"stdout","time":6734.733322197,"data":"\n"}
,{"stream_name":"stdout","time":6734.733347407,"data":"\n"}
,{"stream_name":"stdout","time":6734.75698001,"data":"[tar_adaptation_RES_PU.py --folder_root /kaggle/working/shot_k10/S09/sdalr_PU_shot/DATA_foldS09 --seed 2024 --class_num 3 --data_name PU_M1_L3 --output /kaggle/working/shot_k10/S09/weight_PU_M1_shot_FS09toS09_s2024 --s 2 --t 1 --lr 0.0005 --threshold 0.4 --K 0.6] 339s\n"}
,{"stream_name":"stdout","time":6734.775020059,"data":"{\n"}
,{"stream_name":"stdout","time":6734.775038512,"data":"  \"dataset\": \"PU_M1\",\n"}
,{"stream_name":"stdout","time":6734.775044501,"data":"  \"variant\": \"shot\",\n"}
,{"stream_name":"stdout","time":6734.775048962,"data":"  \"seed\": 2024,\n"}
,{"stream_name":"stdout","time":6734.775053362,"data":"  \"smoke\": false,\n"}
,{"stream_name":"stdout","time":6734.775057103,"data":"  \"src_fold\": \"S09\",\n"}
,{"stream_name":"stdout","time":6734.775060907,"data":"  \"tgt_fold\": \"S09\",\n"}
,{"stream_name":"stdout","time":6734.775064679,"data":"  \"leaky\": true,\n"}
,{"stream_name":"stdout","time":6734.775070147,"data":"  \"hyperparameters\": {\n"}
,{"stream_name":"stdout","time":6734.775073783,"data":"    \"lr\": \"0.0005\",\n"}
,{"stream_name":"stdout","time":6734.775079282,"data":"    \"threshold\": \"0.4\",\n"}
,{"stream_name":"stdout","time":6734.775083184,"data":"    \"K\": \"0.6\"\n"}
,{"stream_name":"stdout","time":6734.775087438,"data":"  },\n"}
,{"stream_name":"stdout","time":6734.775091434,"data":"  \"adapters\": [\n"}
,{"stream_name":"stdout","time":6734.775095398,"data":"    \"npz_io\",\n"}
,{"stream_name":"stdout","time":6734.775099497,"data":"    \"tsne_stub\",\n"}
,{"stream_name":"stdout","time":6734.775103154,"data":"    \"shot_patch\"\n"}
,{"stream_name":"stdout","time":6734.77510678,"data":"  ],\n"}
,{"stream_name":"stdout","time":6734.775110242,"data":"  \"source_only\": {\n"}
,{"stream_name":"stdout","time":6734.775113914,"data":"    \"A1-\u003eA3\": 98.38,\n"}
,{"stream_name":"stdout","time":6734.775118277,"data":"    \"A1-\u003eA2\": 85.85,\n"}
,{"stream_name":"stdout","time":6734.775123636,"data":"    \"A3-\u003eA1\": 99.92,\n"}
,{"stream_name":"stdout","time":6734.775127284,"data":"    \"A3-\u003eA2\": 86.69,\n"}
,{"stream_name":"stdout","time":6734.775151805,"data":"    \"A2-\u003eA1\": 77.08,\n"}
,{"stream_name":"stdout","time":6734.775159802,"data":"    \"A2-\u003eA3\": 77.56\n"}
,{"stream_name":"stdout","time":6734.775163872,"data":"  },\n"}
,{"stream_name":"stdout","time":6734.775167405,"data":"  \"adapted\": {\n"}
,{"stream_name":"stdout","time":6734.775171023,"data":"    \"A1-\u003eA3\": 95.63,\n"}
,{"stream_name":"stdout","time":6734.775174597,"data":"    \"A1-\u003eA2\": 79.12,\n"}
,{"stream_name":"stdout","time":6734.775178161,"data":"    \"A3-\u003eA1\": 99.07,\n"}
,{"stream_name":"stdout","time":6734.77518173,"data":"    \"A3-\u003eA2\": 73.12,\n"}
,{"stream_name":"stdout","time":6734.775185353,"data":"    \"A2-\u003eA1\": 73.25,\n"}
,{"stream_name":"stdout","time":6734.775189239,"data":"    \"A2-\u003eA3\": 74.05\n"}
,{"stream_name":"stdout","time":6734.775192879,"data":"  },\n"}
,{"stream_name":"stdout","time":6734.775196352,"data":"  \"seconds\": {\n"}
,{"stream_name":"stdout","time":6734.775200038,"data":"    \"pretrain\": 292,\n"}
,{"stream_name":"stdout","time":6734.775203877,"data":"    \"A1-\u003eA3\": 339,\n"}
,{"stream_name":"stdout","time":6734.775212908,"data":"    \"A1-\u003eA2\": 339,\n"}
,{"stream_name":"stdout","time":6734.7752156,"data":"    \"A3-\u003eA1\": 339,\n"}
,{"stream_name":"stdout","time":6734.775217994,"data":"    \"A3-\u003eA2\": 340,\n"}
,{"stream_name":"stdout","time":6734.775242855,"data":"    \"A2-\u003eA1\": 340,\n"}
,{"stream_name":"stdout","time":6734.77524783,"data":"    \"A2-\u003eA3\": 340\n"}
,{"stream_name":"stdout","time":6734.775251998,"data":"  },\n"}
,{"stream_name":"stdout","time":6734.775256448,"data":"  \"gate_log\": {\n"}
,{"stream_name":"stdout","time":6734.775260688,"data":"    \"A1-\u003eA3\": [],\n"}
,{"stream_name":"stdout","time":6734.775264388,"data":"    \"A1-\u003eA2\": [],\n"}
,{"stream_name":"stdout","time":6734.775267964,"data":"    \"A3-\u003eA1\": [],\n"}
,{"stream_name":"stdout","time":6734.775271524,"data":"    \"A3-\u003eA2\": [],\n"}
,{"stream_name":"stdout","time":6734.775275085,"data":"    \"A2-\u003eA1\": [],\n"}
,{"stream_name":"stdout","time":6734.775278626,"data":"    \"A2-\u003eA3\": []\n"}
,{"stream_name":"stdout","time":6734.775282286,"data":"  },\n"}
,{"stream_name":"stdout","time":6734.775285788,"data":"  \"gate\": \"none\"\n"}
,{"stream_name":"stdout","time":6734.77528942,"data":"}\n"}
,{"stream_name":"stdout","time":6735.96583596,"data":"RUN /usr/bin/python3 -u /kaggle/input/datasets/rafiurrahman01/physgate-m0-code/sdalr_runner.py --sdalr /kaggle/input/datasets/rafiurrahman01/physgate-m0-code --m0 /kaggle/input/datasets/rafiurrahman01/physgate-k10-g4 --dataset PU_M1 --src-fold S09 --tgt-fold S09c --variant shot --work /kaggle/working/shot_k10/S09 --seed 2024 --skip-pretrain\n"}
,{"stream_name":"stdout","time":6743.140545661,"data":"读取源域路径：/kaggle/working/shot_k10/S09/weight_PU_M1_shot_FS09toS09c_s2024/NEW_PU/Source-源域/log\u0026pt/(B1)N15_M01_F10\n"}
,{"stream_name":"stdout","time":6743.140586541,"data":"excel输出位置：/kaggle/working/shot_k10/S09/weight_PU_M1_shot_FS09toS09c_s2024/NEW_PU/Target-目标域\n"}
,{"stream_name":"stdout","time":6743.141062757,"data":"特征图片输出位置：/kaggle/working/shot_k10/S09/weight_PU_M1_shot_FS09toS09c_s2024/NEW_PU/Picture-特征图/2026年09月21日21时59分/(B1)N15_M01_F10\n"}
,{"stream_name":"stderr","time":6743.503356405,"data":"/usr/local/lib/python3.12/dist-packages/torch/nn/utils/weight_norm.py:144: FutureWarning: `torch.nn.utils.weight_norm` is deprecated in favor of `torch.nn.utils.parametrizations.weight_norm`.\n"}
,{"stream_name":"stderr","time":6743.503395005,"data":"  WeightNorm.apply(module, name, dim)\n"}
,{"stream_name":"stdout","time":6743.545301503,"data":"现在选取:(B1)N15_M01_F10 进行训练的源模型\n"}
,{"stream_name":"stdout","time":6743.545351303,"data":"现在进行：(B1)N15_M01_F10→(B2)N15_M07_F10 的迁移任务\n"}
,{"stream_name":"stdout","time":6743.545359037,"data":"log\u0026pt输出位置：/kaggle/working/shot_k10/S09/weight_PU_M1_shot_FS09toS09c_s2024/NEW_PU/Target-目标域/log\u0026pt/(B1)N15_M01_F10→(B2)N15_M07_F10\n"}
,{"stream_name":"stderr","time":6743.546686401,"data":"sh: 1: Syntax error: word unexpected (expecting \")\")\n"}
,{"stream_name":"stdout","time":6755.050645287,"data":"任务: (B1)N15_M01_F10→(B2)N15_M07_F10; 批次:····0/·1880;  总正确率: 64.48%\n"}
,{"stream_name":"stdout","time":6755.050688999,"data":"类型1 正确率： 100.00% -\u003e 1   99.85%, 2    0.15%, 3    0.00%\n"}
,{"stream_name":"stdout","time":6755.050697759,"data":"类型2 正确率：  90.00% -\u003e 1    0.05%, 2   90.50%, 3    9.45%\n"}
,{"stream_name":"stdout","time":6755.050703711,"data":"类型3 正确率：   3.00% -\u003e 1    0.00%, 2   96.90%, 3    3.10%\n"}
,{"stream_name":"stdout","time":6755.050708828,"data":"\n"}
,{"stream_name":"stdout","time":6755.050713341,"data":"\n"}
,{"stream_name":"stdout","time":6758.394206492,"data":"SHOT pseudo-labels: model 64.48% -\u003e centroid 63.15%\n"}
,{"stream_name":"stderr","time":6771.43683977,"data":"/kaggle/working/shot_k10/S09/sdalr_PU_shot/tar_adaptation_RES_PU.py:114: UserWarning: Converting a tensor with requires_grad=True to a scalar may lead to unexpected behavior.\n"}
,{"stream_name":"stdout","time":6771.436901311,"data":"轮次:··1/·20 || cls:1.469 || im:-0.804 || 耗时：22.59s\n"}
,{"stream_name":"stderr","time":6771.436907529,"data":"Consider using tensor.detach() first. (Triggered internally at /pytorch/torch/csrc/autograd/generated/python_variable_methods.cpp:836.)\n"}
,{"stream_name":"stderr","time":6771.436917013,"data":"  iter_num // epoch_len, args.max_epoch, float(classifier_loss), float(im_loss), time.time() - start))\n"}
,{"stream_name":"stdout","time":6774.817550958,"data":"SHOT pseudo-labels: model 55.80% -\u003e centroid 61.97%\n"}
,{"stream_name":"stdout","time":6788.029183965,"data":"轮次:··2/·20 || cls:1.685 || im:-0.763 || 耗时：16.59s\n"}
,{"stream_name":"stdout","time":6791.388609179,"data":"SHOT pseudo-labels: model 50.20% -\u003e centroid 51.22%\n"}
,{"stream_name":"stdout","time":6804.281533962,"data":"轮次:··3/·20 || cls:0.900 || im:-0.705 || 耗时：16.25s\n"}
,{"stream_name":"stdout","time":6807.555284485,"data":"SHOT pseudo-labels: model 51.57% -\u003e centroid 49.18%\n"}
,{"stream_name":"stdout","time":6820.227450916,"data":"轮次:··4/·20 || cls:1.023 || im:-0.708 || 耗时：15.95s\n"}
,{"stream_name":"stdout","time":6823.514205706,"data":"SHOT pseudo-labels: model 58.77% -\u003e centroid 57.02%\n"}
,{"stream_name":"stdout","time":6836.149925973,"data":"轮次:··5/·20 || cls:0.805 || im:-0.649 || 耗时：15.92s\n"}
,{"stream_name":"stdout","time":6839.407227088,"data":"SHOT pseudo-labels: model 64.37% -\u003e centroid 65.05%\n"}
,{"stream_name":"stdout","time":6852.165927111,"data":"轮次:··6/·20 || cls:0.662 || im:-0.671 || 耗时：16.02s\n"}
,{"stream_name":"stdout","time":6855.481666572,"data":"SHOT pseudo-labels: model 66.12% -\u003e centroid 66.85%\n"}
,{"stream_name":"stdout","time":6868.356164129,"data":"轮次:··7/·20 || cls:0.459 || im:-0.495 || 耗时：16.19s\n"}
,{"stream_name":"stdout","time":6871.709274878,"data":"SHOT pseudo-labels: model 68.52% -\u003e centroid 67.53%\n"}
,{"stream_name":"stdout","time":6884.568068119,"data":"轮次:··8/·20 || cls:0.684 || im:-0.566 || 耗时：16.21s\n"}
,{"stream_name":"stdout","time":6887.864246577,"data":"SHOT pseudo-labels: model 68.70% -\u003e centroid 66.78%\n"}
,{"stream_name":"stdout","time":6900.636070575,"data":"轮次:··9/·20 || cls:0.669 || im:-0.634 || 耗时：16.07s\n"}
,{"stream_name":"stdout","time":6903.946239431,"data":"SHOT pseudo-labels: model 68.83% -\u003e centroid 67.30%\n"}
,{"stream_name":"stdout","time":6916.660191629,"data":"轮次:·10/·20 || cls:0.576 || im:-0.679 || 耗时：16.02s\n"}
,{"stream_name":"stdout","time":6919.947235251,"data":"SHOT pseudo-labels: model 68.22% -\u003e centroid 68.25%\n"}
,{"stream_name":"stdout","time":6932.678103212,"data":"轮次:·11/·20 || cls:0.632 || im:-0.564 || 耗时：16.02s\n"}
,{"stream_name":"stdout","time":6935.960221773,"data":"SHOT pseudo-labels: model 69.35% -\u003e centroid 67.40%\n"}
,{"stream_name":"stdout","time":6948.728603857,"data":"轮次:·12/·20 || cls:0.815 || im:-0.703 || 耗时：16.05s\n"}
,{"stream_name":"stdout","time":6952.031406025,"data":"SHOT pseudo-labels: model 68.92% -\u003e centroid 67.55%\n"}
,{"stream_name":"stdout","time":6964.797220659,"data":"轮次:·13/·20 || cls:0.775 || im:-0.730 || 耗时：16.07s\n"}
,{"stream_name":"stdout","time":6968.077235549,"data":"SHOT pseudo-labels: model 67.92% -\u003e centroid 68.00%\n"}
,{"stream_name":"stdout","time":6980.835073405,"data":"轮次:·14/·20 || cls:0.741 || im:-0.664 || 耗时：16.04s\n"}
,{"stream_name":"stdout","time":6984.130265409,"data":"SHOT pseudo-labels: model 67.52% -\u003e centroid 67.77%\n"}
,{"stream_name":"stdout","time":6996.922659418,"data":"轮次:·15/·20 || cls:0.685 || im:-0.679 || 耗时：16.09s\n"}
,{"stream_name":"stdout","time":7000.204243136,"data":"SHOT pseudo-labels: model 66.48% -\u003e centroid 67.82%\n"}
,{"stream_name":"stdout","time":7013.006637618,"data":"轮次:·16/·20 || cls:0.796 || im:-0.695 || 耗时：16.08s\n"}
,{"stream_name":"stdout","time":7016.311223938,"data":"SHOT pseudo-labels: model 66.93% -\u003e centroid 67.87%\n"}
,{"stream_name":"stdout","time":7029.105194242,"data":"轮次:·17/·20 || cls:0.778 || im:-0.641 || 耗时：16.10s\n"}
,{"stream_name":"stdout","time":7032.396184977,"data":"SHOT pseudo-labels: model 66.68% -\u003e centroid 68.10%\n"}
,{"stream_name":"stdout","time":7045.196636306,"data":"轮次:·18/·20 || cls:0.773 || im:-0.723 || 耗时：16.09s\n"}
,{"stream_name":"stdout","time":7048.485463687,"data":"SHOT pseudo-labels: model 66.02% -\u003e centroid 68.07%\n"}
,{"stream_name":"stdout","time":7061.305462147,"data":"轮次:·19/·20 || cls:0.776 || im:-0.691 || 耗时：16.11s\n"}
,{"stream_name":"stdout","time":7064.587211938,"data":"SHOT pseudo-labels: model 66.33% -\u003e centroid 68.05%\n"}
,{"stream_name":"stdout","time":7077.371661669,"data":"轮次:·20/·20 || cls:0.599 || im:-0.758 || 耗时：16.07s\n"}
,{"stream_name":"stdout","time":7083.296475187,"data":"测试集任务: (B1)N15_M01_F10→(B2)N15_M07_F10; 总正确率 = 65.77%\n"}
,{"stream_name":"stdout","time":7083.296515627,"data":"类型1 正确率： 100.00% -\u003e 1   99.95%, 2    0.05%, 3    0.00%\n"}
,{"stream_name":"stdout","time":7083.296527765,"data":"类型2 正确率：  47.00% -\u003e 1    0.20%, 2   46.80%, 3   53.00%\n"}
,{"stream_name":"stdout","time":7083.296531577,"data":"类型3 正确率：  51.00% -\u003e 1    0.00%, 2   49.45%, 3   50.55%\n"}
,{"stream_name":"stdout","time":7083.296535071,"data":"\n"}
,{"stream_name":"stdout","time":7083.296538247,"data":"\n"}
,{"stream_name":"stdout","time":7083.317590733,"data":"[tar_adaptation_RES_PU.py --folder_root /kaggle/working/shot_k10/S09/sdalr_PU_shot/DATA_foldS09c --seed 2024 --class_num 3 --data_name PU_M1_L3 --output /kaggle/working/shot_k10/S09/weight_PU_M1_shot_FS09toS09c_s2024 --s 0 --t 1 --lr 0.0005 --threshold 0.4 --K 0.6] 340s\n"}
,{"stream_name":"stdout","time":7083.3700542,"data":"读取源域路径：/kaggle/working/shot_k10/S09/weight_PU_M1_shot_FS09toS09c_s2024/NEW_PU/Source-源域/log\u0026pt/(B1)N15_M01_F10\n"}
,{"stream_name":"stdout","time":7083.370087021,"data":"excel输出位置：/kaggle/working/shot_k10/S09/weight_PU_M1_shot_FS09toS09c_s2024/NEW_PU/Target-目标域\n"}
,{"stream_name":"stdout","time":7083.370278773,"data":"特征图片输出位置：/kaggle/working/shot_k10/S09/weight_PU_M1_shot_FS09toS09c_s2024/NEW_PU/Picture-特征图/2026年09月21日22时05分/(B1)N15_M01_F10\n"}
,{"stream_name":"stderr","time":7083.406625497,"data":"/usr/local/lib/python3.12/dist-packages/torch/nn/utils/weight_norm.py:144: FutureWarning: `torch.nn.utils.weight_norm` is deprecated in favor of `torch.nn.utils.parametrizations.weight_norm`.\n"}
,{"stream_name":"stderr","time":7083.406664277,"data":"  WeightNorm.apply(module, name, dim)\n"}
,{"stream_name":"stdout","time":7083.445579752,"data":"现在选取:(B1)N15_M01_F10 进行训练的源模型\n"}
,{"stream_name":"stdout","time":7083.445613451,"data":"现在进行：(B1)N15_M01_F10→(B3)N15_M07_F04 的迁移任务\n"}
,{"stream_name":"stdout","time":7083.445627814,"data":"log\u0026pt输出位置：/kaggle/working/shot_k10/S09/weight_PU_M1_shot_FS09toS09c_s2024/NEW_PU/Target-目标域/log\u0026pt/(B1)N15_M01_F10→(B3)N15_M07_F04\n"}
,{"stream_name":"stderr","time":7083.446977122,"data":"sh: 1: Syntax error: word unexpected (expecting \")\")\n"}
,{"stream_name":"stdout","time":7094.654915356,"data":"任务: (B1)N15_M01_F10→(B3)N15_M07_F04; 批次:····0/·1880;  总正确率: 63.45%\n"}
,{"stream_name":"stdout","time":7094.654959413,"data":"类型1 正确率： 100.00% -\u003e 1  100.00%, 2    0.00%, 3    0.00%\n"}
,{"stream_name":"stdout","time":7094.654965038,"data":"类型2 正确率：  54.00% -\u003e 1    0.00%, 2   53.55%, 3   46.45%\n"}
,{"stream_name":"stdout","time":7094.65496857,"data":"类型3 正确率：  37.00% -\u003e 1    3.10%, 2   60.10%, 3   36.80%\n"}
,{"stream_name":"stdout","time":7094.654971908,"data":"\n"}
,{"stream_name":"stdout","time":7094.654975038,"data":"\n"}
,{"stream_name":"stdout","time":7097.906233116,"data":"SHOT pseudo-labels: model 63.45% -\u003e centroid 62.48%\n"}
,{"stream_name":"stdout","time":7110.748454229,"data":"轮次:··1/·20 || cls:1.581 || im:-0.850 || 耗时：22.06s\n"}
,{"stream_name":"stdout","time":7114.082227871,"data":"SHOT pseudo-labels: model 63.48% -\u003e centroid 61.93%\n"}
,{"stream_name":"stdout","time":7126.99253262,"data":"轮次:··2/·20 || cls:1.571 || im:-0.786 || 耗时：16.24s\n"}
,{"stream_name":"stdout","time":7130.295201607,"data":"SHOT pseudo-labels: model 60.20% -\u003e centroid 61.85%\n"}
,{"stream_name":"stdout","time":7143.126754791,"data":"轮次:··3/·20 || cls:1.408 || im:-0.814 || 耗时：16.13s\n"}
,{"stream_name":"stdout","time":7146.40720746,"data":"SHOT pseudo-labels: model 62.17% -\u003e centroid 60.82%\n"}
,{"stream_name":"stdout","time":7159.14134232,"data":"轮次:··4/·20 || cls:1.030 || im:-0.770 || 耗时：16.01s\n"}
,{"stream_name":"stdout","time":7162.429207026,"data":"SHOT pseudo-labels: model 63.52% -\u003e centroid 60.12%\n"}
,{"stream_name":"stdout","time":7175.159206776,"data":"轮次:··5/·20 || cls:1.053 || im:-0.784 || 耗时：16.02s\n"}
,{"stream_name":"stdout","time":7178.435206917,"data":"SHOT pseudo-labels: model 64.38% -\u003e centroid 61.37%\n"}
,{"stream_name":"stdout","time":7191.237177803,"data":"轮次:··6/·20 || cls:0.899 || im:-0.745 || 耗时：16.08s\n"}
,{"stream_name":"stdout","time":7194.518157887,"data":"SHOT pseudo-labels: model 64.57% -\u003e centroid 56.22%\n"}
,{"stream_name":"stdout","time":7207.313948671,"data":"轮次:··7/·20 || cls:0.812 || im:-0.623 || 耗时：16.08s\n"}
,{"stream_name":"stdout","time":7210.599318247,"data":"SHOT pseudo-labels: model 66.27% -\u003e centroid 59.37%\n"}
,{"stream_name":"stdout","time":7223.373390752,"data":"轮次:··8/·20 || cls:1.131 || im:-0.788 || 耗时：16.06s\n"}
,{"stream_name":"stdout","time":7226.659223856,"data":"SHOT pseudo-labels: model 67.23% -\u003e centroid 57.13%\n"}
,{"stream_name":"stdout","time":7239.444728767,"data":"轮次:··9/·20 || cls:0.823 || im:-0.670 || 耗时：16.07s\n"}
,{"stream_name":"stdout","time":7242.733209889,"data":"SHOT pseudo-labels: model 68.05% -\u003e centroid 59.03%\n"}
,{"stream_name":"stdout","time":7255.53452879,"data":"轮次:·10/·20 || cls:0.751 || im:-0.721 || 耗时：16.09s\n"}
,{"stream_name":"stdout","time":7258.814270554,"data":"SHOT pseudo-labels: model 68.60% -\u003e centroid 58.27%\n"}
,{"stream_name":"stdout","time":7271.601959722,"data":"轮次:·11/·20 || cls:0.592 || im:-0.635 || 耗时：16.07s\n"}
,{"stream_name":"stdout","time":7274.894231541,"data":"SHOT pseudo-labels: model 70.17% -\u003e centroid 58.80%\n"}
,{"stream_name":"stdout","time":7287.693549543,"data":"轮次:·12/·20 || cls:0.810 || im:-0.707 || 耗时：16.09s\n"}
,{"stream_name":"stdout","time":7290.978255594,"data":"SHOT pseudo-labels: model 70.23% -\u003e centroid 59.08%\n"}
,{"stream_name":"stdout","time":7303.786817818,"data":"轮次:·13/·20 || cls:0.768 || im:-0.770 || 耗时：16.09s\n"}
,{"stream_name":"stdout","time":7307.069835531,"data":"SHOT pseudo-labels: model 69.78% -\u003e centroid 58.90%\n"}
,{"stream_name":"stdout","time":7319.83720359,"data":"轮次:·14/·20 || cls:0.688 || im:-0.599 || 耗时：16.05s\n"}
,{"stream_name":"stdout","time":7323.133284735,"data":"SHOT pseudo-labels: model 69.53% -\u003e centroid 59.13%\n"}
,{"stream_name":"stdout","time":7335.910443609,"data":"轮次:·15/·20 || cls:0.706 || im:-0.754 || 耗时：16.07s\n"}
,{"stream_name":"stdout","time":7339.196232095,"data":"SHOT pseudo-labels: model 68.83% -\u003e centroid 59.07%\n"}
,{"stream_name":"stdout","time":7351.963660428,"data":"轮次:·16/·20 || cls:0.821 || im:-0.692 || 耗时：16.05s\n"}
,{"stream_name":"stdout","time":7355.22920001,"data":"SHOT pseudo-labels: model 68.87% -\u003e centroid 59.42%\n"}
,{"stream_name":"stdout","time":7368.012622727,"data":"轮次:·17/·20 || cls:0.751 || im:-0.727 || 耗时：16.05s\n"}
,{"stream_name":"stdout","time":7371.294260586,"data":"SHOT pseudo-labels: model 68.57% -\u003e centroid 59.37%\n"}
,{"stream_name":"stdout","time":7384.054096965,"data":"轮次:·18/·20 || cls:0.811 || im:-0.762 || 耗时：16.04s\n"}
,{"stream_name":"stdout","time":7387.33318882,"data":"SHOT pseudo-labels: model 67.53% -\u003e centroid 58.63%\n"}
,{"stream_name":"stdout","time":7400.086548388,"data":"轮次:·19/·20 || cls:0.819 || im:-0.671 || 耗时：16.03s\n"}
,{"stream_name":"stdout","time":7403.396848941,"data":"SHOT pseudo-labels: model 67.78% -\u003e centroid 59.22%\n"}
,{"stream_name":"stdout","time":7416.169258933,"data":"轮次:·20/·20 || cls:0.642 || im:-0.716 || 耗时：16.08s\n"}
,{"stream_name":"stdout","time":7422.081662546,"data":"测试集任务: (B1)N15_M01_F10→(B3)N15_M07_F04; 总正确率 = 67.37%\n"}
,{"stream_name":"stdout","time":7422.081715889,"data":"类型1 正确率： 100.00% -\u003e 1   99.95%, 2    0.05%, 3    0.00%\n"}
,{"stream_name":"stdout","time":7422.081725317,"data":"类型2 正确率：  52.00% -\u003e 1    0.00%, 2   51.55%, 3   48.45%\n"}
,{"stream_name":"stdout","time":7422.081732237,"data":"类型3 正确率：  51.00% -\u003e 1    1.35%, 2   48.05%, 3   50.60%\n"}
,{"stream_name":"stdout","time":7422.081738294,"data":"\n"}
,{"stream_name":"stdout","time":7422.08174315,"data":"\n"}
,{"stream_name":"stdout","time":7422.102586288,"data":"[tar_adaptation_RES_PU.py --folder_root /kaggle/working/shot_k10/S09/sdalr_PU_shot/DATA_foldS09c --seed 2024 --class_num 3 --data_name PU_M1_L3 --output /kaggle/working/shot_k10/S09/weight_PU_M1_shot_FS09toS09c_s2024 --s 0 --t 2 --lr 0.0005 --threshold 0.4 --K 0.6] 339s\n"}
,{"stream_name":"stdout","time":7422.136092121,"data":"读取源域路径：/kaggle/working/shot_k10/S09/weight_PU_M1_shot_FS09toS09c_s2024/NEW_PU/Source-源域/log\u0026pt/(B2)N15_M07_F10\n"}
,{"stream_name":"stdout","time":7422.136121677,"data":"excel输出位置：/kaggle/working/shot_k10/S09/weight_PU_M1_shot_FS09toS09c_s2024/NEW_PU/Target-目标域\n"}
,{"stream_name":"stdout","time":7422.136157465,"data":"特征图片输出位置：/kaggle/working/shot_k10/S09/weight_PU_M1_shot_FS09toS09c_s2024/NEW_PU/Picture-特征图/2026年09月21日22时11分/(B2)N15_M07_F10\n"}
,{"stream_name":"stderr","time":7422.173696534,"data":"/usr/local/lib/python3.12/dist-packages/torch/nn/utils/weight_norm.py:144: FutureWarning: `torch.nn.utils.weight_norm` is deprecated in favor of `torch.nn.utils.parametrizations.weight_norm`.\n"}
,{"stream_name":"stderr","time":7422.17372991,"data":"  WeightNorm.apply(module, name, dim)\n"}
,{"stream_name":"stdout","time":7422.214482702,"data":"现在选取:(B2)N15_M07_F10 进行训练的源模型\n"}
,{"stream_name":"stdout","time":7422.214531081,"data":"现在进行：(B2)N15_M07_F10→(B1)N15_M01_F10 的迁移任务\n"}
,{"stream_name":"stdout","time":7422.214553581,"data":"log\u0026pt输出位置：/kaggle/working/shot_k10/S09/weight_PU_M1_shot_FS09toS09c_s2024/NEW_PU/Target-目标域/log\u0026pt/(B2)N15_M07_F10→(B1)N15_M01_F10\n"}
,{"stream_name":"stderr","time":7422.215965594,"data":"sh: 1: Syntax error: word unexpected (expecting \")\")\n"}
,{"stream_name":"stdout","time":7433.327056909,"data":"任务: (B2)N15_M07_F10→(B1)N15_M01_F10; 批次:····0/·1880;  总正确率: 60.43%\n"}
,{"stream_name":"stdout","time":7433.327099884,"data":"类型1 正确率： 100.00% -\u003e 1  100.00%, 2    0.00%, 3    0.00%\n"}
,{"stream_name":"stdout","time":7433.327105211,"data":"类型2 正确率：  66.00% -\u003e 1    0.10%, 2   65.95%, 3   33.95%\n"}
,{"stream_name":"stdout","time":7433.327109489,"data":"类型3 正确率：  15.00% -\u003e 1    0.00%, 2   84.65%, 3   15.35%\n"}
,{"stream_name":"stdout","time":7433.327128981,"data":"\n"}
,{"stream_name":"stdout","time":7433.327133902,"data":"\n"}
,{"stream_name":"stdout","time":7436.605203992,"data":"SHOT pseudo-labels: model 60.43% -\u003e centroid 60.62%\n"}
,{"stream_name":"stdout","time":7449.425633167,"data":"轮次:··1/·20 || cls:1.534 || im:-0.814 || 耗时：22.05s\n"}
,{"stream_name":"stdout","time":7452.728225591,"data":"SHOT pseudo-labels: model 58.55% -\u003e centroid 61.02%\n"}
,{"stream_name":"stdout","time":7465.672148528,"data":"轮次:··2/·20 || cls:1.395 || im:-0.638 || 耗时：16.25s\n"}
,{"stream_name":"stdout","time":7468.965254436,"data":"SHOT pseudo-labels: model 59.95% -\u003e centroid 70.20%\n"}
,{"stream_name":"stdout","time":7481.805726674,"data":"轮次:··3/·20 || cls:0.959 || im:-0.724 || 耗时：16.13s\n"}
,{"stream_name":"stdout","time":7485.09620937,"data":"SHOT pseudo-labels: model 64.60% -\u003e centroid 69.48%\n"}
,{"stream_name":"stdout","time":7497.822589442,"data":"轮次:··4/·20 || cls:0.949 || im:-0.790 || 耗时：16.02s\n"}
,{"stream_name":"stdout","time":7501.110186557,"data":"SHOT pseudo-labels: model 65.63% -\u003e centroid 65.85%\n"}
,{"stream_name":"stdout","time":7513.806118585,"data":"轮次:··5/·20 || cls:0.777 || im:-0.642 || 耗时：15.98s\n"}
,{"stream_name":"stdout","time":7517.08222199,"data":"SHOT pseudo-labels: model 66.00% -\u003e centroid 61.98%\n"}
,{"stream_name":"stdout","time":7529.871473466,"data":"轮次:··6/·20 || cls:0.793 || im:-0.646 || 耗时：16.07s\n"}
,{"stream_name":"stdout","time":7533.178189738,"data":"SHOT pseudo-labels: model 65.98% -\u003e centroid 59.30%\n"}
,{"stream_name":"stdout","time":7545.951454095,"data":"轮次:··7/·20 || cls:0.602 || im:-0.564 || 耗时：16.08s\n"}
,{"stream_name":"stdout","time":7549.224219591,"data":"SHOT pseudo-labels: model 65.78% -\u003e centroid 59.75%\n"}
,{"stream_name":"stdout","time":7562.047346638,"data":"轮次:··8/·20 || cls:0.914 || im:-0.690 || 耗时：16.10s\n"}
,{"stream_name":"stdout","time":7565.320209977,"data":"SHOT pseudo-labels: model 65.85% -\u003e centroid 59.40%\n"}
,{"stream_name":"stdout","time":7578.113815437,"data":"轮次:··9/·20 || cls:0.683 || im:-0.663 || 耗时：16.07s\n"}
,{"stream_name":"stdout","time":7581.414256794,"data":"SHOT pseudo-labels: model 65.48% -\u003e centroid 59.45%\n"}
,{"stream_name":"stdout","time":7594.220725903,"data":"轮次:·10/·20 || cls:0.615 || im:-0.603 || 耗时：16.11s\n"}
,{"stream_name":"stdout","time":7597.516227442,"data":"SHOT pseudo-labels: model 65.43% -\u003e centroid 59.45%\n"}
,{"stream_name":"stdout","time":7610.290789277,"data":"轮次:·11/·20 || cls:0.634 || im:-0.594 || 耗时：16.07s\n"}
,{"stream_name":"stdout","time":7613.59419263,"data":"SHOT pseudo-labels: model 65.50% -\u003e centroid 58.52%\n"}
,{"stream_name":"stdout","time":7626.367584794,"data":"轮次:·12/·20 || cls:0.706 || im:-0.612 || 耗时：16.08s\n"}
,{"stream_name":"stdout","time":7629.654225449,"data":"SHOT pseudo-labels: model 65.38% -\u003e centroid 59.13%\n"}
,{"stream_name":"stdout","time":7642.433573226,"data":"轮次:·13/·20 || cls:0.864 || im:-0.719 || 耗时：16.07s\n"}
,{"stream_name":"stdout","time":7645.731244452,"data":"SHOT pseudo-labels: model 65.15% -\u003e centroid 59.37%\n"}
,{"stream_name":"stdout","time":7658.483043476,"data":"轮次:·14/·20 || cls:0.516 || im:-0.559 || 耗时：16.05s\n"}
,{"stream_name":"stdout","time":7661.765216141,"data":"SHOT pseudo-labels: model 64.98% -\u003e centroid 59.85%\n"}
,{"stream_name":"stdout","time":7674.530404921,"data":"轮次:·15/·20 || cls:0.753 || im:-0.655 || 耗时：16.05s\n"}
,{"stream_name":"stdout","time":7677.826199013,"data":"SHOT pseudo-labels: model 65.18% -\u003e centroid 59.77%\n"}
,{"stream_name":"stdout","time":7690.58976081,"data":"轮次:·16/·20 || cls:0.856 || im:-0.668 || 耗时：16.06s\n"}
,{"stream_name":"stdout","time":7693.899169874,"data":"SHOT pseudo-labels: model 65.55% -\u003e centroid 59.52%\n"}
,{"stream_name":"stdout","time":7706.65806708,"data":"轮次:·17/·20 || cls:0.709 || im:-0.705 || 耗时：16.07s\n"}
,{"stream_name":"stdout","time":7709.967226571,"data":"SHOT pseudo-labels: model 65.13% -\u003e centroid 59.20%\n"}
,{"stream_name":"stdout","time":7722.735574266,"data":"轮次:·18/·20 || cls:0.694 || im:-0.739 || 耗时：16.08s\n"}
,{"stream_name":"stdout","time":7726.016207781,"data":"SHOT pseudo-labels: model 64.68% -\u003e centroid 59.45%\n"}
,{"stream_name":"stdout","time":7738.805609335,"data":"轮次:·19/·20 || cls:0.722 || im:-0.653 || 耗时：16.07s\n"}
,{"stream_name":"stdout","time":7742.106198982,"data":"SHOT pseudo-labels: model 65.17% -\u003e centroid 59.72%\n"}
,{"stream_name":"stdout","time":7754.888935798,"data":"轮次:·20/·20 || cls:0.540 || im:-0.714 || 耗时：16.08s\n"}
,{"stream_name":"stdout","time":7760.826246377,"data":"测试集任务: (B2)N15_M07_F10→(B1)N15_M01_F10; 总正确率 = 64.50%\n"}
,{"stream_name":"stdout","time":7760.82629361,"data":"类型1 正确率： 100.00% -\u003e 1   99.55%, 2    0.45%, 3    0.00%\n"}
,{"stream_name":"stdout","time":7760.826298955,"data":"类型2 正确率：  45.00% -\u003e 1    0.25%, 2   45.05%, 3   54.70%\n"}
,{"stream_name":"stdout","time":7760.826302617,"data":"类型3 正确率：  49.00% -\u003e 1    0.00%, 2   51.10%, 3   48.90%\n"}
,{"stream_name":"stdout","time":7760.82630652,"data":"\n"}
,{"stream_name":"stdout","time":7760.826328598,"data":"\n"}
,{"stream_name":"stdout","time":7760.846672806,"data":"[tar_adaptation_RES_PU.py --folder_root /kaggle/working/shot_k10/S09/sdalr_PU_shot/DATA_foldS09c --seed 2024 --class_num 3 --data_name PU_M1_L3 --output /kaggle/working/shot_k10/S09/weight_PU_M1_shot_FS09toS09c_s2024 --s 1 --t 0 --lr 0.0005 --threshold 0.4 --K 0.6] 339s\n"}
,{"stream_name":"stdout","time":7760.880667635,"data":"读取源域路径：/kaggle/working/shot_k10/S09/weight_PU_M1_shot_FS09toS09c_s2024/NEW_PU/Source-源域/log\u0026pt/(B2)N15_M07_F10\n"}
,{"stream_name":"stdout","time":7760.880695007,"data":"excel输出位置：/kaggle/working/shot_k10/S09/weight_PU_M1_shot_FS09toS09c_s2024/NEW_PU/Target-目标域\n"}
,{"stream_name":"stdout","time":7760.880711054,"data":"特征图片输出位置：/kaggle/working/shot_k10/S09/weight_PU_M1_shot_FS09toS09c_s2024/NEW_PU/Picture-特征图/2026年09月21日22时16分/(B2)N15_M07_F10\n"}
,{"stream_name":"stderr","time":7760.914636404,"data":"/usr/local/lib/python3.12/dist-packages/torch/nn/utils/weight_norm.py:144: FutureWarning: `torch.nn.utils.weight_norm` is deprecated in favor of `torch.nn.utils.parametrizations.weight_norm`.\n"}
,{"stream_name":"stderr","time":7760.91469826,"data":"  WeightNorm.apply(module, name, dim)\n"}
,{"stream_name":"stdout","time":7760.956066627,"data":"现在选取:(B2)N15_M07_F10 进行训练的源模型\n"}
,{"stream_name":"stdout","time":7760.956107897,"data":"现在进行：(B2)N15_M07_F10→(B3)N15_M07_F04 的迁移任务\n"}
,{"stream_name":"stdout","time":7760.956115181,"data":"log\u0026pt输出位置：/kaggle/working/shot_k10/S09/weight_PU_M1_shot_FS09toS09c_s2024/NEW_PU/Target-目标域/log\u0026pt/(B2)N15_M07_F10→(B3)N15_M07_F04\n"}
,{"stream_name":"stderr","time":7760.957460377,"data":"sh: 1: Syntax error: word unexpected (expecting \")\")\n"}
,{"stream_name":"stdout","time":7772.145649127,"data":"任务: (B2)N15_M07_F10→(B3)N15_M07_F04; 批次:····0/·1880;  总正确率: 65.13%\n"}
,{"stream_name":"stdout","time":7772.145726741,"data":"类型1 正确率： 100.00% -\u003e 1  100.00%, 2    0.00%, 3    0.00%\n"}
,{"stream_name":"stdout","time":7772.145735818,"data":"类型2 正确率：  47.00% -\u003e 1    0.05%, 2   47.20%, 3   52.75%\n"}
,{"stream_name":"stdout","time":7772.145741199,"data":"类型3 正确率：  48.00% -\u003e 1    6.30%, 2   45.50%, 3   48.20%\n"}
,{"stream_name":"stdout","time":7772.145746894,"data":"\n"}
,{"stream_name":"stdout","time":7772.145751806,"data":"\n"}
,{"stream_name":"stdout","time":7775.422218829,"data":"SHOT pseudo-labels: model 65.13% -\u003e centroid 61.43%\n"}
,{"stream_name":"stdout","time":7788.247474697,"data":"轮次:··1/·20 || cls:1.634 || im:-0.855 || 耗时：22.07s\n"}
,{"stream_name":"stdout","time":7791.588223214,"data":"SHOT pseudo-labels: model 67.05% -\u003e centroid 61.58%\n"}
,{"stream_name":"stdout","time":7804.489684726,"data":"轮次:··2/·20 || cls:1.611 || im:-0.795 || 耗时：16.24s\n"}
,{"stream_name":"stdout","time":7807.803278923,"data":"SHOT pseudo-labels: model 69.73% -\u003e centroid 64.37%\n"}
,{"stream_name":"stdout","time":7820.625032284,"data":"轮次:··3/·20 || cls:1.209 || im:-0.871 || 耗时：16.14s\n"}
,{"stream_name":"stdout","time":7823.934203614,"data":"SHOT pseudo-labels: model 72.97% -\u003e centroid 68.93%\n"}
,{"stream_name":"stdout","time":7836.661927959,"data":"轮次:··4/·20 || cls:0.877 || im:-0.776 || 耗时：16.04s\n"}
,{"stream_name":"stdout","time":7839.934218982,"data":"SHOT pseudo-labels: model 74.20% -\u003e centroid 68.82%\n"}
,{"stream_name":"stdout","time":7852.645511971,"data":"轮次:··5/·20 || cls:0.776 || im:-0.784 || 耗时：15.98s\n"}
,{"stream_name":"stdout","time":7855.922222268,"data":"SHOT pseudo-labels: model 74.45% -\u003e centroid 66.78%\n"}
,{"stream_name":"stdout","time":7868.689546611,"data":"轮次:··6/·20 || cls:0.780 || im:-0.754 || 耗时：16.04s\n"}
,{"stream_name":"stdout","time":7871.999267068,"data":"SHOT pseudo-labels: model 74.18% -\u003e centroid 58.48%\n"}
,{"stream_name":"stdout","time":7884.801267698,"data":"轮次:··7/·20 || cls:0.716 || im:-0.571 || 耗时：16.11s\n"}
,{"stream_name":"stdout","time":7888.088282774,"data":"SHOT pseudo-labels: model 74.10% -\u003e centroid 57.97%\n"}
,{"stream_name":"stdout","time":7900.8887567,"data":"轮次:··8/·20 || cls:0.924 || im:-0.746 || 耗时：16.09s\n"}
,{"stream_name":"stdout","time":7904.193219736,"data":"SHOT pseudo-labels: model 72.22% -\u003e centroid 57.57%\n"}
,{"stream_name":"stdout","time":7916.998345359,"data":"轮次:··9/·20 || cls:0.705 || im:-0.698 || 耗时：16.11s\n"}
,{"stream_name":"stdout","time":7920.316205624,"data":"SHOT pseudo-labels: model 70.63% -\u003e centroid 57.55%\n"}
,{"stream_name":"stdout","time":7933.12793755,"data":"轮次:·10/·20 || cls:0.629 || im:-0.627 || 耗时：16.13s\n"}
,{"stream_name":"stdout","time":7936.404223311,"data":"SHOT pseudo-labels: model 69.43% -\u003e centroid 57.17%\n"}
,{"stream_name":"stdout","time":7949.20635325,"data":"轮次:·11/·20 || cls:0.606 || im:-0.594 || 耗时：16.08s\n"}
,{"stream_name":"stdout","time":7952.521232699,"data":"SHOT pseudo-labels: model 69.97% -\u003e centroid 57.87%\n"}
,{"stream_name":"stdout","time":7965.34332378,"data":"轮次:·12/·20 || cls:0.711 || im:-0.657 || 耗时：16.14s\n"}
,{"stream_name":"stdout","time":7968.642282716,"data":"SHOT pseudo-labels: model 69.00% -\u003e centroid 58.08%\n"}
,{"stream_name":"stdout","time":7981.437989768,"data":"轮次:·13/·20 || cls:0.828 || im:-0.760 || 耗时：16.09s\n"}
,{"stream_name":"stdout","time":7984.741313785,"data":"SHOT pseudo-labels: model 67.72% -\u003e centroid 56.47%\n"}
,{"stream_name":"stdout","time":7997.517821278,"data":"轮次:·14/·20 || cls:0.628 || im:-0.622 || 耗时：16.08s\n"}
,{"stream_name":"stdout","time":8000.81027701,"data":"SHOT pseudo-labels: model 67.18% -\u003e centroid 57.63%\n"}
,{"stream_name":"stdout","time":8013.605734458,"data":"轮次:·15/·20 || cls:0.687 || im:-0.707 || 耗时：16.09s\n"}
,{"stream_name":"stdout","time":8016.899272409,"data":"SHOT pseudo-labels: model 66.58% -\u003e centroid 56.47%\n"}
,{"stream_name":"stdout","time":8029.67728421,"data":"轮次:·16/·20 || cls:0.835 || im:-0.682 || 耗时：16.07s\n"}
,{"stream_name":"stdout","time":8033.00152932,"data":"SHOT pseudo-labels: model 66.87% -\u003e centroid 57.67%\n"}
,{"stream_name":"stdout","time":8045.754301024,"data":"轮次:·17/·20 || cls:0.699 || im:-0.744 || 耗时：16.08s\n"}
,{"stream_name":"stdout","time":8049.04421106,"data":"SHOT pseudo-labels: model 66.45% -\u003e centroid 58.05%\n"}
,{"stream_name":"stdout","time":8061.805926747,"data":"轮次:·18/·20 || cls:0.761 || im:-0.772 || 耗时：16.05s\n"}
,{"stream_name":"stdout","time":8065.098180367,"data":"SHOT pseudo-labels: model 65.60% -\u003e centroid 57.18%\n"}
,{"stream_name":"stdout","time":8077.833227409,"data":"轮次:·19/·20 || cls:0.789 || im:-0.650 || 耗时：16.03s\n"}
,{"stream_name":"stdout","time":8081.146209981,"data":"SHOT pseudo-labels: model 65.77% -\u003e centroid 57.52%\n"}
,{"stream_name":"stdout","time":8093.889556077,"data":"轮次:·20/·20 || cls:0.594 || im:-0.780 || 耗时：16.06s\n"}
,{"stream_name":"stdout","time":8099.799625315,"data":"测试集任务: (B2)N15_M07_F10→(B3)N15_M07_F04; 总正确率 = 65.40%\n"}
,{"stream_name":"stdout","time":8099.799674524,"data":"类型1 正确率： 100.00% -\u003e 1   99.90%, 2    0.10%, 3    0.00%\n"}
,{"stream_name":"stdout","time":8099.799700406,"data":"类型2 正确率：  46.00% -\u003e 1    0.00%, 2   45.90%, 3   54.10%\n"}
,{"stream_name":"stdout","time":8099.7997068,"data":"类型3 正确率：  50.00% -\u003e 1    1.75%, 2   47.85%, 3   50.40%\n"}
,{"stream_name":"stdout","time":8099.799712295,"data":"\n"}
,{"stream_name":"stdout","time":8099.799716886,"data":"\n"}
,{"stream_name":"stdout","time":8099.823358548,"data":"[tar_adaptation_RES_PU.py --folder_root /kaggle/working/shot_k10/S09/sdalr_PU_shot/DATA_foldS09c --seed 2024 --class_num 3 --data_name PU_M1_L3 --output /kaggle/working/shot_k10/S09/weight_PU_M1_shot_FS09toS09c_s2024 --s 1 --t 2 --lr 0.0005 --threshold 0.4 --K 0.6] 339s\n"}
,{"stream_name":"stdout","time":8099.863169084,"data":"读取源域路径：/kaggle/working/shot_k10/S09/weight_PU_M1_shot_FS09toS09c_s2024/NEW_PU/Source-源域/log\u0026pt/(B3)N15_M07_F04\n"}
,{"stream_name":"stdout","time":8099.863192065,"data":"excel输出位置：/kaggle/working/shot_k10/S09/weight_PU_M1_shot_FS09toS09c_s2024/NEW_PU/Target-目标域\n"}
,{"stream_name":"stdout","time":8099.863210252,"data":"特征图片输出位置：/kaggle/working/shot_k10/S09/weight_PU_M1_shot_FS09toS09c_s2024/NEW_PU/Picture-特征图/2026年09月21日22时22分/(B3)N15_M07_F04\n"}
,{"stream_name":"stderr","time":8099.901195747,"data":"/usr/local/lib/python3.12/dist-packages/torch/nn/utils/weight_norm.py:144: FutureWarning: `torch.nn.utils.weight_norm` is deprecated in favor of `torch.nn.utils.parametrizations.weight_norm`.\n"}
,{"stream_name":"stderr","time":8099.901230307,"data":"  WeightNorm.apply(module, name, dim)\n"}
,{"stream_name":"stdout","time":8099.942456669,"data":"现在选取:(B3)N15_M07_F04 进行训练的源模型\n"}
,{"stream_name":"stdout","time":8099.942500528,"data":"现在进行：(B3)N15_M07_F04→(B1)N15_M01_F10 的迁移任务\n"}
,{"stream_name":"stdout","time":8099.942506525,"data":"log\u0026pt输出位置：/kaggle/working/shot_k10/S09/weight_PU_M1_shot_FS09toS09c_s2024/NEW_PU/Target-目标域/log\u0026pt/(B3)N15_M07_F04→(B1)N15_M01_F10\n"}
,{"stream_name":"stderr","time":8099.943842697,"data":"sh: 1: Syntax error: word unexpected (expecting \")\")\n"}
,{"stream_name":"stdout","time":8111.32966644,"data":"任务: (B3)N15_M07_F04→(B1)N15_M01_F10; 批次:····0/·1880;  总正确率: 62.67%\n"}
,{"stream_name":"stdout","time":8111.329715667,"data":"类型1 正确率：  99.00% -\u003e 1   98.95%, 2    1.05%, 3    0.00%\n"}
,{"stream_name":"stdout","time":8111.329723618,"data":"类型2 正确率：  89.00% -\u003e 1    0.00%, 2   89.05%, 3   10.95%\n"}
,{"stream_name":"stdout","time":8111.329729622,"data":"类型3 正确率：   0.00% -\u003e 1    0.00%, 2  100.00%, 3    0.00%\n"}
,{"stream_name":"stdout","time":8111.329735354,"data":"\n"}
,{"stream_name":"stdout","time":8111.329740069,"data":"\n"}
,{"stream_name":"stdout","time":8114.628255775,"data":"SHOT pseudo-labels: model 62.67% -\u003e centroid 56.15%\n"}
,{"stream_name":"stdout","time":8127.413941569,"data":"轮次:··1/·20 || cls:1.414 || im:-0.793 || 耗时：22.00s\n"}
,{"stream_name":"stdout","time":8130.763257499,"data":"SHOT pseudo-labels: model 49.00% -\u003e centroid 59.52%\n"}
,{"stream_name":"stdout","time":8143.719437224,"data":"轮次:··2/·20 || cls:0.831 || im:-0.688 || 耗时：16.31s\n"}
,{"stream_name":"stdout","time":8147.052221768,"data":"SHOT pseudo-labels: model 43.08% -\u003e centroid 47.70%\n"}
,{"stream_name":"stdout","time":8159.889277797,"data":"轮次:··3/·20 || cls:0.849 || im:-0.692 || 耗时：16.17s\n"}
,{"stream_name":"stdout","time":8163.203173587,"data":"SHOT pseudo-labels: model 37.48% -\u003e centroid 33.38%\n"}
,{"stream_name":"stdout","time":8175.915491061,"data":"轮次:··4/·20 || cls:0.821 || im:-0.610 || 耗时：16.03s\n"}
,{"stream_name":"stdout","time":8179.196251842,"data":"SHOT pseudo-labels: model 36.47% -\u003e centroid 25.57%\n"}
,{"stream_name":"stdout","time":8191.913337226,"data":"轮次:··5/·20 || cls:0.671 || im:-0.666 || 耗时：16.00s\n"}
,{"stream_name":"stdout","time":8195.210234269,"data":"SHOT pseudo-labels: model 37.28% -\u003e centroid 25.80%\n"}
,{"stream_name":"stdout","time":8207.97073653,"data":"轮次:··6/·20 || cls:0.727 || im:-0.665 || 耗时：16.06s\n"}
,{"stream_name":"stdout","time":8211.266228682,"data":"SHOT pseudo-labels: model 36.42% -\u003e centroid 25.32%\n"}
,{"stream_name":"stdout","time":8224.079024026,"data":"轮次:··7/·20 || cls:0.741 || im:-0.606 || 耗时：16.11s\n"}
,{"stream_name":"stdout","time":8227.379245787,"data":"SHOT pseudo-labels: model 37.93% -\u003e centroid 25.65%\n"}
,{"stream_name":"stdout","time":8240.163403676,"data":"轮次:··8/·20 || cls:0.764 || im:-0.610 || 耗时：16.08s\n"}
,{"stream_name":"stdout","time":8243.491204255,"data":"SHOT pseudo-labels: model 36.03% -\u003e centroid 25.00%\n"}
,{"stream_name":"stdout","time":8256.264177805,"data":"轮次:··9/·20 || cls:0.798 || im:-0.634 || 耗时：16.10s\n"}
,{"stream_name":"stdout","time":8259.56632895,"data":"SHOT pseudo-labels: model 35.65% -\u003e centroid 24.67%\n"}
,{"stream_name":"stdout","time":8272.309829155,"data":"轮次:·10/·20 || cls:0.791 || im:-0.636 || 耗时：16.05s\n"}
,{"stream_name":"stdout","time":8275.605229444,"data":"SHOT pseudo-labels: model 35.40% -\u003e centroid 24.48%\n"}
,{"stream_name":"stdout","time":8288.346894316,"data":"轮次:·11/·20 || cls:0.666 || im:-0.607 || 耗时：16.04s\n"}
,{"stream_name":"stdout","time":8291.638197344,"data":"SHOT pseudo-labels: model 36.72% -\u003e centroid 24.88%\n"}
,{"stream_name":"stdout","time":8304.390653705,"data":"轮次:·12/·20 || cls:0.739 || im:-0.640 || 耗时：16.04s\n"}
,{"stream_name":"stdout","time":8307.664173784,"data":"SHOT pseudo-labels: model 35.95% -\u003e centroid 24.62%\n"}
,{"stream_name":"stdout","time":8320.40013508,"data":"轮次:·13/·20 || cls:0.569 || im:-0.584 || 耗时：16.01s\n"}
,{"stream_name":"stdout","time":8323.719183904,"data":"SHOT pseudo-labels: model 35.87% -\u003e centroid 24.57%\n"}
,{"stream_name":"stdout","time":8336.457300439,"data":"轮次:·14/·20 || cls:0.610 || im:-0.583 || 耗时：16.06s\n"}
,{"stream_name":"stdout","time":8339.744202282,"data":"SHOT pseudo-labels: model 36.25% -\u003e centroid 24.45%\n"}
,{"stream_name":"stdout","time":8352.500328295,"data":"轮次:·15/·20 || cls:0.726 || im:-0.648 || 耗时：16.04s\n"}
,{"stream_name":"stdout","time":8355.805205107,"data":"SHOT pseudo-labels: model 35.82% -\u003e centroid 24.53%\n"}
,{"stream_name":"stdout","time":8368.586506815,"data":"轮次:·16/·20 || cls:0.712 || im:-0.559 || 耗时：16.09s\n"}
,{"stream_name":"stdout","time":8371.90023589,"data":"SHOT pseudo-labels: model 35.67% -\u003e centroid 24.52%\n"}
,{"stream_name":"stdout","time":8384.669579076,"data":"轮次:·17/·20 || cls:0.656 || im:-0.598 || 耗时：16.08s\n"}
,{"stream_name":"stdout","time":8387.943195581,"data":"SHOT pseudo-labels: model 36.08% -\u003e centroid 24.43%\n"}
,{"stream_name":"stdout","time":8400.722897868,"data":"轮次:·18/·20 || cls:0.742 || im:-0.608 || 耗时：16.05s\n"}
,{"stream_name":"stdout","time":8404.015211838,"data":"SHOT pseudo-labels: model 34.88% -\u003e centroid 24.05%\n"}
,{"stream_name":"stdout","time":8416.802098257,"data":"轮次:·19/·20 || cls:0.734 || im:-0.585 || 耗时：16.08s\n"}
,{"stream_name":"stdout","time":8420.08120202,"data":"SHOT pseudo-labels: model 34.93% -\u003e centroid 24.25%\n"}
,{"stream_name":"stdout","time":8432.886321644,"data":"轮次:·20/·20 || cls:0.577 || im:-0.650 || 耗时：16.08s\n"}
,{"stream_name":"stdout","time":8438.819628154,"data":"测试集任务: (B3)N15_M07_F04→(B1)N15_M01_F10; 总正确率 = 35.72%\n"}
,{"stream_name":"stdout","time":8438.819672947,"data":"类型1 正确率：  64.00% -\u003e 1   64.10%, 2    0.05%, 3   35.85%\n"}
,{"stream_name":"stdout","time":8438.819679923,"data":"类型2 正确率：  31.00% -\u003e 1   22.30%, 2   30.70%, 3   47.00%\n"}
,{"stream_name":"stdout","time":8438.819684999,"data":"类型3 正确率：  12.00% -\u003e 1   28.05%, 2   59.60%, 3   12.35%\n"}
,{"stream_name":"stdout","time":8438.819689904,"data":"\n"}
,{"stream_name":"stdout","time":8438.819694643,"data":"\n"}
,{"stream_name":"stdout","time":8438.844169098,"data":"[tar_adaptation_RES_PU.py --folder_root /kaggle/working/shot_k10/S09/sdalr_PU_shot/DATA_foldS09c --seed 2024 --class_num 3 --data_name PU_M1_L3 --output /kaggle/working/shot_k10/S09/weight_PU_M1_shot_FS09toS09c_s2024 --s 2 --t 0 --lr 0.0005 --threshold 0.4 --K 0.6] 339s\n"}
,{"stream_name":"stdout","time":8438.895416972,"data":"读取源域路径：/kaggle/working/shot_k10/S09/weight_PU_M1_shot_FS09toS09c_s2024/NEW_PU/Source-源域/log\u0026pt/(B3)N15_M07_F04\n"}
,{"stream_name":"stdout","time":8438.895463344,"data":"excel输出位置：/kaggle/working/shot_k10/S09/weight_PU_M1_shot_FS09toS09c_s2024/NEW_PU/Target-目标域\n"}
,{"stream_name":"stdout","time":8438.895492734,"data":"特征图片输出位置：/kaggle/working/shot_k10/S09/weight_PU_M1_shot_FS09toS09c_s2024/NEW_PU/Picture-特征图/2026年09月21日22时27分/(B3)N15_M07_F04\n"}
,{"stream_name":"stderr","time":8438.932445369,"data":"/usr/local/lib/python3.12/dist-packages/torch/nn/utils/weight_norm.py:144: FutureWarning: `torch.nn.utils.weight_norm` is deprecated in favor of `torch.nn.utils.parametrizations.weight_norm`.\n"}
,{"stream_name":"stderr","time":8438.932474861,"data":"  WeightNorm.apply(module, name, dim)\n"}
,{"stream_name":"stdout","time":8438.973355447,"data":"现在选取:(B3)N15_M07_F04 进行训练的源模型\n"}
,{"stream_name":"stdout","time":8438.973389595,"data":"现在进行：(B3)N15_M07_F04→(B2)N15_M07_F10 的迁移任务\n"}
,{"stream_name":"stdout","time":8438.973397335,"data":"log\u0026pt输出位置：/kaggle/working/shot_k10/S09/weight_PU_M1_shot_FS09toS09c_s2024/NEW_PU/Target-目标域/log\u0026pt/(B3)N15_M07_F04→(B2)N15_M07_F10\n"}
,{"stream_name":"stderr","time":8438.974768227,"data":"sh: 1: Syntax error: word unexpected (expecting \")\")\n"}
,{"stream_name":"stdout","time":8450.094772269,"data":"任务: (B3)N15_M07_F04→(B2)N15_M07_F10; 批次:····0/·1880;  总正确率: 64.23%\n"}
,{"stream_name":"stdout","time":8450.094835977,"data":"类型1 正确率：  97.00% -\u003e 1   97.30%, 2    2.70%, 3    0.00%\n"}
,{"stream_name":"stdout","time":8450.094843753,"data":"类型2 正确率：  95.00% -\u003e 1    0.10%, 2   95.40%, 3    4.50%\n"}
,{"stream_name":"stdout","time":8450.094849317,"data":"类型3 正确率：   0.00% -\u003e 1    0.00%, 2  100.00%, 3    0.00%\n"}
,{"stream_name":"stdout","time":8450.094854308,"data":"\n"}
,{"stream_name":"stdout","time":8450.094859131,"data":"\n"}
,{"stream_name":"stdout","time":8453.36825048,"data":"SHOT pseudo-labels: model 64.23% -\u003e centroid 55.90%\n"}
,{"stream_name":"stdout","time":8466.204853187,"data":"轮次:··1/·20 || cls:1.329 || im:-0.840 || 耗时：22.02s\n"}
,{"stream_name":"stdout","time":8469.521191067,"data":"SHOT pseudo-labels: model 46.32% -\u003e centroid 60.68%\n"}
,{"stream_name":"stdout","time":8482.438742713999,"data":"轮次:··2/·20 || cls:1.030 || im:-0.696 || 耗时：16.23s\n"}
,{"stream_name":"stdout","time":8485.770292283,"data":"SHOT pseudo-labels: model 39.63% -\u003e centroid 40.80%\n"}
,{"stream_name":"stdout","time":8498.585453503,"data":"轮次:··3/·20 || cls:0.716 || im:-0.672 || 耗时：16.15s\n"}
,{"stream_name":"stdout","time":8501.895189984,"data":"SHOT pseudo-labels: model 34.82% -\u003e centroid 27.28%\n"}
,{"stream_name":"stdout","time":8514.607445771,"data":"轮次:··4/·20 || cls:0.665 || im:-0.552 || 耗时：16.02s\n"}
,{"stream_name":"stdout","time":8517.896273526,"data":"SHOT pseudo-labels: model 34.78% -\u003e centroid 26.05%\n"}
,{"stream_name":"stdout","time":8530.628883944,"data":"轮次:··5/·20 || cls:0.677 || im:-0.664 || 耗时：16.02s\n"}
,{"stream_name":"stdout","time":8533.951293752,"data":"SHOT pseudo-labels: model 35.67% -\u003e centroid 25.78%\n"}
,{"stream_name":"stdout","time":8546.756346757,"data":"轮次:··6/·20 || cls:0.747 || im:-0.698 || 耗时：16.13s\n"}
,{"stream_name":"stdout","time":8550.075246522,"data":"SHOT pseudo-labels: model 34.13% -\u003e centroid 24.98%\n"}
,{"stream_name":"stdout","time":8562.885303237,"data":"轮次:··7/·20 || cls:0.894 || im:-0.665 || 耗时：16.13s\n"}
,{"stream_name":"stdout","time":8566.173280261,"data":"SHOT pseudo-labels: model 36.73% -\u003e centroid 25.45%\n"}
,{"stream_name":"stdout","time":8579.009525248,"data":"轮次:··8/·20 || cls:0.741 || im:-0.638 || 耗时：16.12s\n"}
,{"stream_name":"stdout","time":8582.335036881,"data":"SHOT pseudo-labels: model 34.63% -\u003e centroid 24.78%\n"}
,{"stream_name":"stdout","time":8595.136737259,"data":"轮次:··9/·20 || cls:0.730 || im:-0.636 || 耗时：16.13s\n"}
,{"stream_name":"stdout","time":8598.450188176,"data":"SHOT pseudo-labels: model 34.50% -\u003e centroid 24.63%\n"}
,{"stream_name":"stdout","time":8611.255340021,"data":"轮次:·10/·20 || cls:0.864 || im:-0.634 || 耗时：16.12s\n"}
,{"stream_name":"stdout","time":8614.545487273,"data":"SHOT pseudo-labels: model 33.93% -\u003e centroid 24.50%\n"}
,{"stream_name":"stdout","time":8627.320447222,"data":"轮次:·11/·20 || cls:0.788 || im:-0.685 || 耗时：16.07s\n"}
,{"stream_name":"stdout","time":8630.624217362,"data":"SHOT pseudo-labels: model 36.05% -\u003e centroid 24.82%\n"}
,{"stream_name":"stdout","time":8643.397573729,"data":"轮次:·12/·20 || cls:0.727 || im:-0.711 || 耗时：16.08s\n"}
,{"stream_name":"stdout","time":8646.684238335,"data":"SHOT pseudo-labels: model 35.05% -\u003e centroid 24.60%\n"}
,{"stream_name":"stdout","time":8659.469642103,"data":"轮次:·13/·20 || cls:0.587 || im:-0.580 || 耗时：16.07s\n"}
,{"stream_name":"stdout","time":8662.784243326,"data":"SHOT pseudo-labels: model 34.67% -\u003e centroid 24.50%\n"}
,{"stream_name":"stdout","time":8675.550397024,"data":"轮次:·14/·20 || cls:0.576 || im:-0.607 || 耗时：16.08s\n"}
,{"stream_name":"stdout","time":8678.838213637,"data":"SHOT pseudo-labels: model 35.85% -\u003e centroid 24.55%\n"}
,{"stream_name":"stdout","time":8691.593694318,"data":"轮次:·15/·20 || cls:0.747 || im:-0.653 || 耗时：16.04s\n"}
,{"stream_name":"stdout","time":8694.90823548,"data":"SHOT pseudo-labels: model 34.58% -\u003e centroid 24.37%\n"}
,{"stream_name":"stdout","time":8707.67981165,"data":"轮次:·16/·20 || cls:0.658 || im:-0.561 || 耗时：16.09s\n"}
,{"stream_name":"stdout","time":8710.968193564,"data":"SHOT pseudo-labels: model 34.93% -\u003e centroid 24.50%\n"}
,{"stream_name":"stdout","time":8723.743672737,"data":"轮次:·17/·20 || cls:0.726 || im:-0.611 || 耗时：16.06s\n"}
,{"stream_name":"stdout","time":8727.04221728,"data":"SHOT pseudo-labels: model 34.72% -\u003e centroid 24.35%\n"}
,{"stream_name":"stdout","time":8739.841976255,"data":"轮次:·18/·20 || cls:0.729 || im:-0.630 || 耗时：16.10s\n"}
,{"stream_name":"stdout","time":8743.159222114,"data":"SHOT pseudo-labels: model 33.80% -\u003e centroid 24.00%\n"}
,{"stream_name":"stdout","time":8755.948749359,"data":"轮次:·19/·20 || cls:0.617 || im:-0.547 || 耗时：16.11s\n"}
,{"stream_name":"stdout","time":8759.262287682,"data":"SHOT pseudo-labels: model 34.42% -\u003e centroid 24.23%\n"}
,{"stream_name":"stdout","time":8772.066913991,"data":"轮次:·20/·20 || cls:0.652 || im:-0.620 || 耗时：16.12s\n"}
,{"stream_name":"stdout","time":8777.992739047,"data":"测试集任务: (B3)N15_M07_F04→(B2)N15_M07_F10; 总正确率 = 34.35%\n"}
,{"stream_name":"stdout","time":8777.992784536,"data":"类型1 正确率：  66.00% -\u003e 1   65.90%, 2    0.10%, 3   34.00%\n"}
,{"stream_name":"stdout","time":8777.992818235,"data":"类型2 正确率：  26.00% -\u003e 1   20.30%, 2   25.60%, 3   54.10%\n"}
,{"stream_name":"stdout","time":8777.992824924,"data":"类型3 正确率：  12.00% -\u003e 1   15.00%, 2   73.45%, 3   11.55%\n"}
,{"stream_name":"stdout","time":8777.992830886,"data":"\n"}
,{"stream_name":"stdout","time":8777.992836262,"data":"\n"}
,{"stream_name":"stdout","time":8778.014213227,"data":"[tar_adaptation_RES_PU.py --folder_root /kaggle/working/shot_k10/S09/sdalr_PU_shot/DATA_foldS09c --seed 2024 --class_num 3 --data_name PU_M1_L3 --output /kaggle/working/shot_k10/S09/weight_PU_M1_shot_FS09toS09c_s2024 --s 2 --t 1 --lr 0.0005 --threshold 0.4 --K 0.6] 339s\n"}
,{"stream_name":"stdout","time":8778.032798376,"data":"{\n"}
,{"stream_name":"stdout","time":8778.032818977,"data":"  \"dataset\": \"PU_M1\",\n"}
,{"stream_name":"stdout","time":8778.032823777,"data":"  \"variant\": \"shot\",\n"}
,{"stream_name":"stdout","time":8778.032828147,"data":"  \"seed\": 2024,\n"}
,{"stream_name":"stdout","time":8778.032832338,"data":"  \"smoke\": false,\n"}
,{"stream_name":"stdout","time":8778.03283634,"data":"  \"src_fold\": \"S09\",\n"}
,{"stream_name":"stdout","time":8778.03284079,"data":"  \"tgt_fold\": \"S09c\",\n"}
,{"stream_name":"stdout","time":8778.032844926,"data":"  \"leaky\": false,\n"}
,{"stream_name":"stdout","time":8778.032848653,"data":"  \"hyperparameters\": {\n"}
,{"stream_name":"stdout","time":8778.032852499,"data":"    \"lr\": \"0.0005\",\n"}
,{"stream_name":"stdout","time":8778.032856567,"data":"    \"threshold\": \"0.4\",\n"}
,{"stream_name":"stdout","time":8778.032860676,"data":"    \"K\": \"0.6\"\n"}
,{"stream_name":"stdout","time":8778.032865165,"data":"  },\n"}
,{"stream_name":"stdout","time":8778.032869241,"data":"  \"adapters\": [\n"}
,{"stream_name":"stdout","time":8778.032873271,"data":"    \"npz_io\",\n"}
,{"stream_name":"stdout","time":8778.03287747,"data":"    \"tsne_stub\",\n"}
,{"stream_name":"stdout","time":8778.032881358,"data":"    \"shot_patch\"\n"}
,{"stream_name":"stdout","time":8778.032885241,"data":"  ],\n"}
,{"stream_name":"stdout","time":8778.032889054,"data":"  \"source_only\": {},\n"}
,{"stream_name":"stdout","time":8778.032893166,"data":"  \"adapted\": {\n"}
,{"stream_name":"stdout","time":8778.032897116,"data":"    \"A1-\u003eA3\": 65.77,\n"}
,{"stream_name":"stdout","time":8778.032901784,"data":"    \"A1-\u003eA2\": 67.37,\n"}
,{"stream_name":"stdout","time":8778.032905906,"data":"    \"A3-\u003eA1\": 64.5,\n"}
,{"stream_name":"stdout","time":8778.0329098,"data":"    \"A3-\u003eA2\": 65.4,\n"}
,{"stream_name":"stdout","time":8778.032913933,"data":"    \"A2-\u003eA1\": 35.72,\n"}
,{"stream_name":"stdout","time":8778.032917923,"data":"    \"A2-\u003eA3\": 34.35\n"}
,{"stream_name":"stdout","time":8778.032921934,"data":"  },\n"}
,{"stream_name":"stdout","time":8778.032925791,"data":"  \"seconds\": {\n"}
,{"stream_name":"stdout","time":8778.032929786,"data":"    \"A1-\u003eA3\": 340,\n"}
,{"stream_name":"stdout","time":8778.032933726,"data":"    \"A1-\u003eA2\": 339,\n"}
,{"stream_name":"stdout","time":8778.032937806,"data":"    \"A3-\u003eA1\": 339,\n"}
,{"stream_name":"stdout","time":8778.03294207,"data":"    \"A3-\u003eA2\": 339,\n"}
,{"stream_name":"stdout","time":8778.032946067,"data":"    \"A2-\u003eA1\": 339,\n"}
,{"stream_name":"stdout","time":8778.032950533,"data":"    \"A2-\u003eA3\": 339\n"}
,{"stream_name":"stdout","time":8778.032954761,"data":"  },\n"}
,{"stream_name":"stdout","time":8778.032958912,"data":"  \"gate_log\": {\n"}
,{"stream_name":"stdout","time":8778.032962996,"data":"    \"A1-\u003eA3\": [],\n"}
,{"stream_name":"stdout","time":8778.032966912,"data":"    \"A1-\u003eA2\": [],\n"}
,{"stream_name":"stdout","time":8778.032970693,"data":"    \"A3-\u003eA1\": [],\n"}
,{"stream_name":"stdout","time":8778.032974674,"data":"    \"A3-\u003eA2\": [],\n"}
,{"stream_name":"stdout","time":8778.032979681,"data":"    \"A2-\u003eA1\": [],\n"}
,{"stream_name":"stdout","time":8778.032984101,"data":"    \"A2-\u003eA3\": []\n"}
,{"stream_name":"stdout","time":8778.032999321,"data":"  },\n"}
,{"stream_name":"stdout","time":8778.033002808,"data":"  \"gate\": \"none\"\n"}
,{"stream_name":"stdout","time":8778.033006844,"data":"}\n"}
,{"stream_name":"stdout","time":8779.279413388,"data":"done [{\"split\": \"S08\", \"tgt\": \"S08\", \"rc\": 0, \"seconds\": 2345}, {\"split\": \"S08\", \"tgt\": \"S08c\", \"rc\": 0, \"seconds\": 2047}, {\"split\": \"S09\", \"tgt\": \"S09\", \"rc\": 0, \"seconds\": 2337}, {\"split\": \"S09\", \"tgt\": \"S09c\", \"rc\": 0, \"seconds\": 2043}]\n"}
,{"stream_name":"stderr","time":8782.019845541,"data":"/usr/local/lib/python3.12/dist-packages/mistune.py:435: SyntaxWarning: invalid escape sequence '\\|'\n"}
,{"stream_name":"stderr","time":8782.019874196,"data":"  cells[i][c] = re.sub('\\\\\\\\\\|', '|', cell)\n"}
,{"stream_name":"stderr","time":8782.3015677,"data":"/usr/local/lib/python3.12/dist-packages/nbconvert/filters/filter_links.py:36: SyntaxWarning: invalid escape sequence '\\_'\n"}
,{"stream_name":"stderr","time":8782.301593836,"data":"  text = re.sub(r'_', '\\_', text) # Escape underscores in display text\n"}
,{"stream_name":"stderr","time":8783.042118183,"data":"[NbConvertApp] Converting notebook __script__.ipynb to html\n"}
,{"stream_name":"stderr","time":8783.868800983,"data":"[NbConvertApp] Writing 283717 bytes to __results__.html\n"}
]