dataset,record_id,bearing_id,geometry,fault_type,condition,damage,rpm,rpm_std,f_r,df,s_star,tol,unmasked_s_hat,unmasked_lit,unmasked_valid,unmasked_score,unmasked_in_lock,unmasked_at_grid_edge,masked_s_hat,masked_lit,masked_valid,masked_score,masked_in_lock,masked_at_grid_edge
CWRU_DE,105,cwru_inner_race_0.007_na,6205,inner_race,load0hp,seeded,1797.0,,29.95,0.09895683008287634,0.1631275182402265,0.003104702213911236,0.0505,0,False,6.310650264866668,False,False,0.0505,0,False,6.310650264866668,False,False
CWRU_DE,130,cwru_outer_race_0.007_centered_6,6205,outer_race,load0hp,seeded,1796.0,,29.933333333333334,0.09836791238697937,0.1631275182402265,0.0031064308899768876,-0.0035,3,True,60.0,False,False,-0.0035,3,True,60.0,False,False
CWRU_DE,144,cwru_outer_race_0.007_orthogonal_3,6205,outer_race,load0hp,seeded,1797.0,,29.95,0.09813462434883587,0.1631275182402265,0.003104702213911236,-0.0037,0,False,27.046935747655603,False,False,-0.0037,0,False,27.046935747655603,False,False
CWRU_DE,156,cwru_outer_race_0.007_opposite_12,6205,outer_race,load0hp,seeded,1797.0,,29.95,0.09813462434883587,0.1631275182402265,0.003104702213911236,-0.0036,1,False,45.48554270585748,False,False,-0.0036,1,False,45.48554270585748,False,False
CWRU_DE,106,cwru_inner_race_0.007_na,6205,inner_race,load1hp,seeded,1772.0,,29.533333333333335,0.09836791238697937,0.1631275182402265,0.0031485044460488093,-0.0041,3,True,60.0,False,False,-0.0041,3,True,60.0,False,False
CWRU_DE,131,cwru_outer_race_0.007_centered_6,6205,outer_race,load1hp,seeded,1773.0,,29.55,0.09801839478542139,0.1631275182402265,0.003146728639818663,-0.0037,3,True,60.0,False,False,-0.0037,3,True,60.0,False,False
CWRU_DE,145,cwru_outer_race_0.007_orthogonal_3,6205,outer_race,load1hp,seeded,1774.0,,29.566666666666666,0.09848497283456166,0.1631275182402265,0.0031449548356248538,-0.004,0,False,23.98981384195785,False,False,-0.004,0,False,23.98981384195785,False,False
CWRU_DE,158,cwru_outer_race_0.007_opposite_12,6205,outer_race,load1hp,seeded,1773.0,,29.55,0.09836791238697937,0.1631275182402265,0.003146728639818663,-0.0039,0,False,10.371035178170507,False,False,-0.0039,0,False,10.371035178170507,False,False
CWRU_DE,107,cwru_inner_race_0.007_na,6205,inner_race,load2hp,seeded,1748.0,,29.133333333333333,0.09825112988799373,0.1631275182402265,0.003191733340044903,-0.0041,2,True,49.296685110579375,False,False,-0.0041,2,True,49.296685110579375,False,False
CWRU_DE,132,cwru_outer_race_0.007_centered_6,6205,outer_race,load2hp,seeded,1750.0,,29.166666666666668,0.09883864591055103,0.1631275182402265,0.003188085644799137,0.0593,0,False,4.804409662244223,False,False,0.0593,0,False,4.804409662244223,False,False
CWRU_DE,146,cwru_outer_race_0.007_orthogonal_3,6205,outer_race,load2hp,seeded,1751.0,,29.183333333333334,0.09871993155418078,0.1631275182402265,0.0031862649219865733,0.0597,0,False,6.073389758545837,False,False,0.0597,0,False,6.073389758545837,False,False
CWRU_DE,159,cwru_outer_race_0.007_opposite_12,6205,outer_race,load2hp,seeded,1750.0,,29.166666666666668,0.09813462434883587,0.1631275182402265,0.003188085644799137,-0.0038,0,False,20.37907824156771,False,False,-0.0038,0,False,20.37907824156771,False,False
CWRU_DE,108,cwru_inner_race_0.007_na,6205,inner_race,load3hp,seeded,1721.0,,28.683333333333334,0.09762685389327758,0.1631275182402265,0.003241807018244329,-0.0044,2,True,38.576941349178384,False,False,-0.0044,2,True,38.576941349178384,False,False
CWRU_DE,133,cwru_outer_race_0.007_centered_6,6205,outer_race,load3hp,seeded,1725.0,,28.75,0.09790244021832244,0.1631275182402265,0.003234289784578835,-0.0037,3,True,60.0,False,False,-0.0037,3,True,60.0,False,False
CWRU_DE,147,cwru_outer_race_0.007_orthogonal_3,6205,outer_race,load3hp,seeded,1725.0,,28.75,0.09813462434883587,0.1631275182402265,0.003234289784578835,-0.0044,0,False,20.879043178920405,False,False,-0.0044,0,False,20.879043178920405,False,False
CWRU_DE,160,cwru_outer_race_0.007_opposite_12,6205,outer_race,load3hp,seeded,1724.0,,28.733333333333334,0.09825112988799373,0.1631275182402265,0.0032361658227369433,-0.0038,0,False,22.42931376446176,False,False,-0.0038,0,False,22.42931376446176,False,False
CWRU_DE,169,cwru_inner_race_0.014_na,6205,inner_race,load0hp,seeded,1796.0,,29.933333333333334,0.09848497283456166,0.1631275182402265,0.0031064308899768876,-0.0009,3,True,60.0,False,False,-0.0009,3,True,60.0,False,False
CWRU_DE,197,cwru_outer_race_0.014_centered_6,6205,outer_race,load0hp,seeded,1796.0,,29.933333333333334,0.09848497283456166,0.1631275182402265,0.0031064308899768876,0.0279,0,False,5.771209503023128,False,False,0.0279,0,False,5.771209503023128,False,False
CWRU_DE,170,cwru_inner_race_0.014_na,6205,inner_race,load1hp,seeded,1774.0,,29.566666666666666,0.09848497283456166,0.1631275182402265,0.0031449548356248538,-0.0013,2,True,57.22452487112718,False,False,-0.0013,2,True,57.22452487112718,False,False
CWRU_DE,198,cwru_outer_race_0.014_centered_6,6205,outer_race,load1hp,seeded,1772.0,,29.533333333333335,0.09825112988799373,0.1631275182402265,0.0031485044460488093,0.0342,0,False,5.997047645904085,False,False,0.0342,0,False,5.997047645904085,False,False
CWRU_DE,171,cwru_inner_race_0.014_na,6205,inner_race,load2hp,seeded,1752.0,,29.2,0.09848497283456166,0.1631275182402265,0.0031844462776247093,-0.0013,3,True,60.0,False,False,-0.0013,3,True,60.0,False,False
CWRU_DE,199,cwru_outer_race_0.014_centered_6,6205,outer_race,load2hp,seeded,1749.0,,29.15,0.09848497283456166,0.1631275182402265,0.0031899084496274962,-0.0068,0,False,5.35004635090937,False,False,-0.0068,0,False,5.35004635090937,False,False
CWRU_DE,172,cwru_inner_race_0.014_na,6205,inner_race,load3hp,seeded,1728.0,,28.8,0.09860231222422165,0.1631275182402265,0.0032286746981472743,-0.0011,3,True,60.0,False,False,-0.0011,3,True,60.0,False,False
CWRU_DE,200,cwru_outer_race_0.014_centered_6,6205,outer_race,load3hp,seeded,1723.0,,28.716666666666665,0.09836791238697937,0.1631275182402265,0.0032380440385365583,0.0332,0,False,9.462783550372224,False,False,0.0332,0,False,9.462783550372224,False,False
CWRU_DE,209,cwru_inner_race_0.021_na,6205,inner_race,load0hp,seeded,1797.0,,29.95,0.09825112988799373,0.1631275182402265,0.003104702213911236,-0.0033,2,True,60.0,False,False,-0.0033,2,True,60.0,False,False
CWRU_DE,234,cwru_outer_race_0.021_centered_6,6205,outer_race,load0hp,seeded,1796.0,,29.933333333333334,0.09801839478542139,0.1631275182402265,0.0031064308899768876,-0.0021,3,True,60.0,False,False,-0.0021,3,True,60.0,False,False
CWRU_DE,246,cwru_outer_race_0.021_orthogonal_3,6205,outer_race,load0hp,seeded,1796.0,,29.933333333333334,0.09860231222422165,0.1631275182402265,0.0031064308899768876,-0.0023,0,False,6.984597974336829,False,False,-0.0023,0,False,6.984597974336829,False,False
CWRU_DE,258,cwru_outer_race_0.021_opposite_12,6205,outer_race,load0hp,seeded,1796.0,,29.933333333333334,0.09848497283456166,0.1631275182402265,0.0031064308899768876,-0.003,1,False,45.904278392250355,False,False,-0.003,1,False,45.904278392250355,False,False
CWRU_DE,210,cwru_inner_race_0.021_na,6205,inner_race,load1hp,seeded,1774.0,,29.566666666666666,0.09871993155418078,0.1631275182402265,0.0031449548356248538,-0.0033,3,True,60.0,False,False,-0.0033,3,True,60.0,False,False
CWRU_DE,235,cwru_outer_race_0.021_centered_6,6205,outer_race,load1hp,seeded,1771.0,,29.516666666666666,0.09836791238697937,0.1631275182402265,0.0031502822577066576,-0.0025,3,True,60.0,False,False,-0.0025,3,True,60.0,False,False
CWRU_DE,247,cwru_outer_race_0.021_orthogonal_3,6205,outer_race,load1hp,seeded,1771.0,,29.516666666666666,0.09836791238697937,0.1631275182402265,0.0031502822577066576,-0.0026,0,False,29.101329958090776,False,False,-0.0026,0,False,29.101329958090776,False,False
CWRU_DE,259,cwru_outer_race_0.021_opposite_12,6205,outer_race,load1hp,seeded,1771.0,,29.516666666666666,0.09801839478542139,0.1631275182402265,0.0031502822577066576,-0.0026,1,False,21.20052396838023,False,False,-0.0026,1,False,21.20052396838023,False,False
CWRU_DE,211,cwru_inner_race_0.021_na,6205,inner_race,load2hp,seeded,1752.0,,29.2,0.09848497283456166,0.1631275182402265,0.0031844462776247093,-0.0033,3,True,60.0,False,False,-0.0033,3,True,60.0,False,False
CWRU_DE,236,cwru_outer_race_0.021_centered_6,6205,outer_race,load2hp,seeded,1748.0,,29.133333333333333,0.09813462434883587,0.1631275182402265,0.003191733340044903,-0.002,3,True,60.0,False,False,-0.002,3,True,60.0,False,False
CWRU_DE,248,cwru_outer_race_0.021_orthogonal_3,6205,outer_race,load2hp,seeded,1747.0,,29.116666666666667,0.09813462434883587,0.1631275182402265,0.0031935603196327936,-0.0025,2,True,22.316274656961504,False,False,-0.0025,2,True,22.316274656961504,False,False
CWRU_DE,260,cwru_outer_race_0.021_opposite_12,6205,outer_race,load2hp,seeded,1746.0,,29.1,0.09778675967274032,0.1631275182402265,0.0031953893919808075,-0.003,3,True,60.0,False,False,-0.003,3,True,60.0,False,False
CWRU_DE,212,cwru_inner_race_0.021_na,6205,inner_race,load3hp,seeded,1728.0,,28.8,0.09836791238697937,0.1631275182402265,0.0032286746981472743,-0.0037,3,True,60.0,False,False,-0.0037,3,True,60.0,False,False
CWRU_DE,237,cwru_outer_race_0.021_centered_6,6205,outer_race,load3hp,seeded,1721.0,,28.683333333333334,0.09836791238697937,0.1631275182402265,0.003241807018244329,-0.002,3,True,60.0,False,False,-0.002,3,True,60.0,False,False
CWRU_DE,249,cwru_outer_race_0.021_orthogonal_3,6205,outer_race,load3hp,seeded,1719.0,,28.65,0.09825112988799373,0.1631275182402265,0.003245578754158517,0.0526,0,False,7.405096785916101,False,False,0.0526,0,False,7.405096785916101,False,False
CWRU_DE,261,cwru_outer_race_0.021_opposite_12,6205,outer_race,load3hp,seeded,1718.0,,28.633333333333333,0.09860231222422165,0.1631275182402265,0.0032474679152494123,-0.0033,2,True,41.86280664815257,False,False,-0.0033,2,True,41.86280664815257,False,False
CWRU_DE,3001,cwru_inner_race_0.028_na,6205,inner_race,load0hp,seeded,1797.0,,29.95,0.09933692601882435,0.1631275182402265,0.003104702213911236,0.0421,0,False,5.2492565498157395,False,False,0.0421,0,False,5.2492565498157395,False,False
CWRU_DE,3002,cwru_inner_race_0.028_na,6205,inner_race,load1hp,seeded,1772.0,,29.533333333333335,0.09888670056283014,0.1631275182402265,0.0031485044460488093,0.0237,0,False,5.096937407011407,False,False,0.0447,0,False,5.001511224970242,False,False
CWRU_DE,3003,cwru_inner_race_0.028_na,6205,inner_race,load2hp,seeded,1750.0,,29.166666666666668,0.09888670056283014,0.1631275182402265,0.003188085644799137,0.0422,0,False,7.18076374475338,False,False,0.0422,0,False,7.18076374475338,False,False
CWRU_DE,3004,cwru_inner_race_0.028_na,6205,inner_race,load3hp,seeded,1730.0,,28.833333333333332,0.09873698934463324,0.1631275182402265,0.003224942126241902,-0.0005,0,False,5.067242037756493,False,False,-0.0005,0,False,5.067242037756493,False,False
CWRU_FE,270,fe_inner_race_0.021_None,6203,inner_race,,seeded,1796.0,,29.933333333333334,0.09903604912188037,0.017398411957029455,0.003647370408474278,0.0066,3,True,60.0,False,False,0.0066,3,True,60.0,False,False
CWRU_FE,271,fe_inner_race_0.021_None,6203,inner_race,,seeded,1776.0,,29.6,0.09903604912188037,0.017398411957029455,0.0036884443995607004,0.0028,0,False,10.885306340612,False,False,0.0028,0,False,10.885306340612,False,False
CWRU_FE,272,fe_inner_race_0.021_None,6203,inner_race,,seeded,1758.0,,29.3,0.09918666931164452,0.017398411957029455,0.0037262100418770216,0.0012,3,True,60.0,False,False,0.0012,3,True,60.0,False,False
CWRU_FE,273,fe_inner_race_0.021_None,6203,inner_race,,seeded,1737.0,,28.95,0.09903604912188037,0.017398411957029455,0.0037712592133677626,0.0013,3,True,60.0,False,False,0.0013,3,True,60.0,False,False
CWRU_FE,274,fe_inner_race_0.014_None,6203,inner_race,,seeded,1796.0,,29.933333333333334,0.09888670056283014,0.017398411957029455,0.003647370408474278,-0.0054,0,False,23.918911757397662,False,False,-0.0054,0,False,23.918911757397662,False,False
CWRU_FE,275,fe_inner_race_0.014_None,6203,inner_race,,seeded,1775.0,,29.583333333333332,0.09888670056283014,0.017398411957029455,0.003690522396405523,-0.0066,0,False,22.987878215798574,False,False,-0.0066,0,False,22.987878215798574,False,False
CWRU_FE,276,fe_inner_race_0.014_None,6203,inner_race,,seeded,1755.0,,29.25,0.09888670056283014,0.017398411957029455,0.0037325796316921957,-0.0063,2,True,60.0,False,False,-0.0063,2,True,60.0,False,False
CWRU_FE,277,fe_inner_race_0.014_None,6203,inner_race,,seeded,1733.0,,28.883333333333333,0.09903604912188037,0.017398411957029455,0.0037799637932024255,-0.0066,0,False,8.432153082564948,False,False,-0.0066,0,False,8.432153082564948,False,False
CWRU_FE,278,fe_inner_race_0.007_None,6203,inner_race,,seeded,1796.0,,29.933333333333334,0.09873698934463324,0.017398411957029455,0.003647370408474278,-0.0074,0,False,8.05162643202437,False,False,-0.0074,0,False,8.05162643202437,False,False
CWRU_FE,279,fe_inner_race_0.007_None,6203,inner_race,,seeded,1732.0,,28.866666666666667,0.09888670056283014,0.017398411957029455,0.0037821462203347592,0.035,0,False,17.77206260804149,False,False,0.035,0,False,17.77206260804149,False,False
CWRU_FE,280,fe_inner_race_0.007_None,6203,inner_race,,seeded,1755.0,,29.25,0.09888670056283014,0.017398411957029455,0.0037325796316921957,-0.0059,2,True,58.70356507294393,False,False,-0.0059,2,True,58.70356507294393,False,False
CWRU_FE,281,fe_inner_race_0.007_None,6203,inner_race,,seeded,1732.0,,28.866666666666667,0.09873698934463324,0.017398411957029455,0.0037821462203347592,-0.005,0,False,10.735895295289648,False,False,-0.005,0,False,10.735895295289648,False,False
CWRU_FE,294,fe_outer_race_0.007_@6,6203,outer_race,,seeded,1797.0,,29.95,0.09903604912188037,0.017398411957029455,0.0036453407087478043,-0.0043,3,True,60.0,False,False,-0.0043,3,True,60.0,False,False
CWRU_FE,295,fe_outer_race_0.007_@6,6203,outer_race,,seeded,1776.0,,29.6,0.09873698934463324,0.017398411957029455,0.0036884443995607004,-0.0042,0,False,23.723540400502635,False,False,-0.0042,0,False,23.723540400502635,False,False
CWRU_FE,296,fe_outer_race_0.007_@6,6203,outer_race,,seeded,1756.0,,29.266666666666666,0.09903604912188037,0.017398411957029455,0.00373045401686777,-0.0042,3,True,60.0,False,False,-0.0042,3,True,60.0,False,False
CWRU_FE,297,fe_outer_race_0.007_@6,6203,outer_race,,seeded,1733.0,,28.883333333333333,0.09843973027513904,0.017398411957029455,0.0037799637932024255,-0.0046,3,True,60.0,False,False,-0.0046,3,True,60.0,False,False
CWRU_FE,298,fe_outer_race_0.007_@3,6203,outer_race,,seeded,1797.0,,29.95,0.09918666931164452,0.017398411957029455,0.0036453407087478043,0.0138,0,False,5.143689033510125,True,False,0.0138,0,False,5.143689033510125,True,False
CWRU_FE,299,fe_outer_race_0.007_@3,6203,outer_race,,seeded,1776.0,,29.6,0.09903604912188037,0.017398411957029455,0.0036884443995607004,0.0285,0,False,5.950013571553157,False,False,0.0285,0,False,5.950013571553157,False,False
CWRU_FE,300,fe_outer_race_0.007_@3,6203,outer_race,,seeded,1755.0,,29.25,0.09843973027513904,0.017398411957029455,0.0037325796316921957,-0.0037,0,False,8.054327271117927,False,False,-0.0037,0,False,8.054327271117927,False,False
CWRU_FE,301,fe_outer_race_0.007_@3,6203,outer_race,,seeded,1733.0,,28.883333333333333,0.0985877307569073,0.017398411957029455,0.0037799637932024255,0.026,0,False,5.474072679544882,False,False,0.026,0,False,5.474072679544882,False,False
CWRU_FE,302,fe_outer_race_0.007_@12,6203,outer_race,,seeded,1797.0,,29.95,0.09903604912188037,0.017398411957029455,0.0036453407087478043,-0.0035,0,False,10.265892253889996,False,False,-0.0035,0,False,10.265892253889996,False,False
CWRU_FE,305,fe_outer_race_0.007_@12,6203,outer_race,,seeded,1775.0,,29.583333333333332,0.09918666931164452,0.017398411957029455,0.003690522396405523,0.0393,0,False,4.991080527277675,False,False,0.0393,0,False,4.991080527277675,False,False
CWRU_FE,306,fe_outer_race_0.007_@12,6203,outer_race,,seeded,1755.0,,29.25,0.0985877307569073,0.017398411957029455,0.0037325796316921957,0.0168,0,False,8.408203258589332,True,False,-0.0079,0,False,6.24083520106312,False,False
CWRU_FE,307,fe_outer_race_0.007_@12,6203,outer_race,,seeded,1733.0,,28.883333333333333,0.09903604912188037,0.017398411957029455,0.0037799637932024255,0.0183,0,False,5.175708645314744,True,False,0.0183,0,False,5.175708645314744,True,False
CWRU_FE,309,fe_outer_race_0.014_@3,6203,outer_race,,seeded,1774.0,,29.566666666666666,0.09903604912188037,0.017398411957029455,0.0036926027359750866,-0.0036,0,False,24.999927829359553,False,False,-0.0036,0,False,24.999927829359553,False,False
CWRU_FE,310,fe_outer_race_0.014_@3,6203,outer_race,,seeded,1796.0,,29.933333333333334,0.09873698934463324,0.017398411957029455,0.003647370408474278,-0.0035,0,False,14.552099273733837,False,False,-0.0035,0,False,14.552099273733837,False,False
CWRU_FE,311,fe_outer_race_0.014_@3,6203,outer_race,,seeded,1752.0,,29.2,0.09918666931164452,0.017398411957029455,0.00373897103517112,-0.0034,0,False,17.10107184816589,False,False,-0.0034,0,False,17.10107184816589,False,False
CWRU_FE,312,fe_outer_race_0.014_@3,6203,outer_race,,seeded,1728.0,,28.8,0.09918666931164452,0.017398411957029455,0.003790901188437386,-0.0034,3,True,60.0,False,False,-0.0034,3,True,60.0,False,False
CWRU_FE,313,fe_outer_race_0.014_@6,6203,outer_race,,seeded,1797.0,,29.95,0.09918666931164452,0.017398411957029455,0.0036453407087478043,-0.0031,0,False,32.19296081146226,False,False,-0.0031,0,False,32.19296081146226,False,False
CWRU_FE,315,fe_outer_race_0.021_@6,6203,outer_race,,seeded,1797.0,,29.95,0.09948846348358856,0.017398411957029455,0.0036453407087478043,0.0003,3,True,60.0,False,False,0.0003,3,True,60.0,False,False
CWRU_FE,316,fe_outer_race_0.021_@3,6203,outer_race,,seeded,1773.0,,29.55,0.09948846348358856,0.017398411957029455,0.0036946854222333915,-0.0044,0,False,22.095808962074248,False,False,-0.0044,0,False,22.095808962074248,False,False
CWRU_FE,317,fe_outer_race_0.021_@3,6203,outer_race,,seeded,1751.0,,29.183333333333334,0.09948846348358856,0.017398411957029455,0.003741106369857112,-0.0043,0,False,23.378988468823373,False,False,-0.0043,0,False,23.378988468823373,False,False
CWRU_FE,318,fe_outer_race_0.021_@3,6203,outer_race,,seeded,1728.0,,28.8,0.09888670056283014,0.017398411957029455,0.003790901188437386,-0.003,0,False,14.704497427237602,False,False,-0.003,0,False,14.704497427237602,False,False
PU,N09_M07_F10_KA01_1,KA01,6203_PU_2905,outer_race,N09_M07_F10,artificial,899.7049273927807,0.5664849353612567,14.995082123213013,0.25641025641025644,0.022982062780269034,0.007239543450843692,-0.0001,3,True,60.0,False,False,-0.0001,3,True,60.0,False,False
PU,N09_M07_F10_KA01_10,KA01,6203_PU_2905,outer_race,N09_M07_F10,artificial,899.9300957737092,1.2110958584090872,14.99883492956182,0.25641025641025644,0.022982062780269034,0.007237732069842944,0.0003,3,True,60.0,False,False,0.0003,3,True,60.0,False,False
PU,N09_M07_F10_KA01_11,KA01,6203_PU_2905,outer_race,N09_M07_F10,artificial,899.4579977063651,0.7348021950479747,14.990966628439418,0.25641025641025644,0.022982062780269034,0.00724153093463801,-0.0,3,True,60.0,False,False,-0.0,3,True,60.0,False,False
PU,N09_M07_F10_KA01_12,KA01,6203_PU_2905,outer_race,N09_M07_F10,artificial,899.79507195116,0.7896736457879586,14.996584532519334,0.25641025641025644,0.022982062780269034,0.00723881816853488,0.0002,3,True,60.0,False,False,0.0002,3,True,60.0,False,False
PU,N09_M07_F10_KA01_13,KA01,6203_PU_2905,outer_race,N09_M07_F10,artificial,899.787875777324,1.1247660226999916,14.996464596288734,0.25641025641025644,0.022982062780269034,0.007238876061950996,0.0004,3,True,60.0,False,False,0.0004,3,True,60.0,False,False
PU,N09_M07_F10_KA01_14,KA01,6203_PU_2905,outer_race,N09_M07_F10,artificial,899.5195066580295,0.5811256898363379,14.991991777633825,0.25641025641025644,0.022982062780269034,0.007241035760300002,0.0001,3,True,60.0,False,False,0.0001,3,True,60.0,False,False
PU,N09_M07_F10_KA01_15,KA01,6203_PU_2905,outer_race,N09_M07_F10,artificial,899.2830015344069,1.2384534694253206,14.988050025573449,0.25641025641025644,0.022982062780269034,0.007242940101930749,0.0003,3,True,60.0,False,False,0.0003,3,True,60.0,False,False
PU,N09_M07_F10_KA01_16,KA01,6203_PU_2905,outer_race,N09_M07_F10,artificial,899.4998599659322,0.9576470677642129,14.991664332765536,0.25641025641025644,0.022982062780269034,0.00724119391752312,0.0001,3,True,60.0,False,False,0.0001,3,True,60.0,False,False
PU,N09_M07_F10_KA01_17,KA01,6203_PU_2905,outer_race,N09_M07_F10,artificial,899.7684062991175,0.38630202488273396,14.996140104985292,0.25641025641025644,0.022982062780269034,0.007239032699079773,0.0002,3,True,60.0,False,False,0.0002,3,True,60.0,False,False
PU,N09_M07_F10_KA01_18,KA01,6203_PU_2905,outer_race,N09_M07_F10,artificial,899.7032495598282,1.493053944002898,14.99505415933047,0.25641025641025644,0.022982062780269034,0.007239556951678073,0.0008,3,True,60.0,False,False,0.0008,3,True,60.0,False,False
PU,N09_M07_F10_KA01_19,KA01,6203_PU_2905,outer_race,N09_M07_F10,artificial,899.781567032717,0.9423466379100127,14.996359450545283,0.25641025641025644,0.022982062780269034,0.007238926816736368,0.0006,3,True,60.0,False,False,0.0006,3,True,60.0,False,False
PU,N09_M07_F10_KA01_2,KA01,6203_PU_2905,outer_race,N09_M07_F10,artificial,899.5428654672412,0.8262860607103841,14.992381091120686,0.25641025641025644,0.022982062780269034,0.00724084772926856,0.0001,3,True,60.0,False,False,0.0001,3,True,60.0,False,False
PU,N09_M07_F10_KA01_20,KA01,6203_PU_2905,outer_race,N09_M07_F10,artificial,899.6834932994244,0.7125712235808536,14.99472488832374,0.25641025641025644,0.022982062780269034,0.007239715925998943,0.0003,3,True,60.0,False,False,0.0003,3,True,60.0,False,False
PU,N09_M07_F10_KA01_3,KA01,6203_PU_2905,outer_race,N09_M07_F10,artificial,899.4994183450077,0.9734383518560458,14.991656972416795,0.25641025641025644,0.022982062780269034,0.007241197472681342,0.0003,3,True,60.0,False,False,0.0003,3,True,60.0,False,False
PU,N09_M07_F10_KA01_4,KA01,6203_PU_2905,outer_race,N09_M07_F10,artificial,899.7523447058251,1.043955143430378,14.99587241176375,0.25641025641025644,0.022982062780269034,0.007239161923971187,-0.0001,3,True,60.0,False,False,-0.0001,3,True,60.0,False,False
PU,N09_M07_F10_KA01_5,KA01,6203_PU_2905,outer_race,N09_M07_F10,artificial,899.7016088522582,0.9236015289294364,14.995026814204303,0.25641025641025644,0.022982062780269034,0.007239570153828405,0.0008,3,True,60.0,False,False,0.0008,3,True,60.0,False,False
PU,N09_M07_F10_KA01_6,KA01,6203_PU_2905,outer_race,N09_M07_F10,artificial,899.6716660838593,0.9793429718768892,14.994527768064323,0.25641025641025644,0.022982062780269034,0.0072398111003654534,0.0001,3,True,60.0,False,False,0.0001,3,True,60.0,False,False
PU,N09_M07_F10_KA01_7,KA01,6203_PU_2905,outer_race,N09_M07_F10,artificial,899.8101795858039,1.5666484188043004,14.996836326430065,0.25641025641025644,0.022982062780269034,0.007238696630211993,-0.0003,3,True,60.0,False,False,-0.0003,3,True,60.0,False,False
PU,N09_M07_F10_KA01_8,KA01,6203_PU_2905,outer_race,N09_M07_F10,artificial,899.5017817224401,1.1747679492703433,14.991696362040669,0.25641025641025644,0.022982062780269034,0.007241178446946164,0.0001,3,True,60.0,False,False,0.0001,3,True,60.0,False,False
PU,N09_M07_F10_KA01_9,KA01,6203_PU_2905,outer_race,N09_M07_F10,artificial,899.5385876653132,1.1843888308597756,14.992309794421887,0.25641025641025644,0.022982062780269034,0.007240882163491617,0.0004,3,True,60.0,False,False,0.0004,3,True,60.0,False,False
PU,N15_M01_F10_KA01_1,KA01,6203_PU_2905,outer_race,N15_M01_F10,artificial,1499.7005922569272,0.9623138527161946,24.995009870948785,0.25641025641025644,0.022982062780269034,0.004343168862123333,0.0015,3,True,60.0,False,False,0.0015,3,True,60.0,False,False
PU,N15_M01_F10_KA01_10,KA01,6203_PU_2905,outer_race,N15_M01_F10,artificial,1499.6777175431662,0.8018585472316295,24.994628625719436,0.25641025641025644,0.022982062780269034,0.00434323510885313,0.0012,3,True,60.0,False,False,0.0012,3,True,60.0,False,False
PU,N15_M01_F10_KA01_11,KA01,6203_PU_2905,outer_race,N15_M01_F10,artificial,1499.4840128618644,1.5776739755701013,24.991400214364408,0.25641025641025644,0.022982062780269034,0.004343796171835704,0.0015,3,True,60.0,False,False,0.0015,3,True,60.0,False,False
PU,N15_M01_F10_KA01_12,KA01,6203_PU_2905,outer_race,N15_M01_F10,artificial,1500.1681880606227,1.198640962669385,25.00280313434371,0.25641025641025644,0.022982062780269034,0.004341815115556227,0.0012,3,True,60.0,False,False,0.0012,3,True,60.0,False,False
PU,N15_M01_F10_KA01_13,KA01,6203_PU_2905,outer_race,N15_M01_F10,artificial,1499.743089765897,1.0591535282215403,24.99571816276495,0.25641025641025644,0.022982062780269034,0.0043430457918062,0.0009,3,True,60.0,False,False,0.0009,3,True,60.0,False,False
PU,N15_M01_F10_KA01_14,KA01,6203_PU_2905,outer_race,N15_M01_F10,artificial,1499.688379534244,0.5398499567407433,24.994806325570732,0.25641025641025644,0.022982062780269034,0.004343204230748978,0.0012,3,True,60.0,False,False,0.0012,3,True,60.0,False,False
PU,N15_M01_F10_KA01_15,KA01,6203_PU_2905,outer_race,N15_M01_F10,artificial,1499.1431414682847,1.3291935403435364,24.98571902447141,0.25641025641025644,0.022982062780269034,0.004344783853274229,0.0008,3,True,60.0,False,False,0.0008,3,True,60.0,False,False
PU,N15_M01_F10_KA01_16,KA01,6203_PU_2905,outer_race,N15_M01_F10,artificial,1499.4804698335572,1.5064033478311913,24.99134116389262,0.25641025641025644,0.022982062780269034,0.004343806435519098,0.0012,3,True,60.0,False,False,0.0012,3,True,60.0,False,False
PU,N15_M01_F10_KA01_17,KA01,6203_PU_2905,outer_race,N15_M01_F10,artificial,1499.4262462171869,0.7093149810332438,24.990437436953115,0.25641025641025644,0.022982062780269034,0.0043439635202002155,0.0009,3,True,60.0,False,False,0.0009,3,True,60.0,False,False
PU,N15_M01_F10_KA01_18,KA01,6203_PU_2905,outer_race,N15_M01_F10,artificial,1499.604610853983,0.743381444156454,24.99341018089972,0.25641025641025644,0.022982062780269034,0.004343446844357845,0.0013,3,True,60.0,False,False,0.0013,3,True,60.0,False,False
PU,N15_M01_F10_KA01_19,KA01,6203_PU_2905,outer_race,N15_M01_F10,artificial,1499.7383955328662,0.5493152270760033,24.99563992554777,0.25641025641025644,0.022982062780269034,0.0043430593856896875,0.0014,3,True,60.0,False,False,0.0014,3,True,60.0,False,False
PU,N15_M01_F10_KA01_2,KA01,6203_PU_2905,outer_race,N15_M01_F10,artificial,1499.7258196569358,0.8840643206294402,24.995430327615598,0.25641025641025644,0.022982062780269034,0.004343095804197175,0.0013,3,True,60.0,False,False,0.0013,3,True,60.0,False,False
PU,N15_M01_F10_KA01_20,KA01,6203_PU_2905,outer_race,N15_M01_F10,artificial,1500.303947407181,1.4229930631059753,25.005065790119684,0.25641025641025644,0.022982062780269034,0.004341422233844501,0.0009,3,True,60.0,False,False,0.0009,3,True,60.0,False,False
PU,N15_M01_F10_KA01_3,KA01,6203_PU_2905,outer_race,N15_M01_F10,artificial,1499.4560209148763,0.4374818593867112,24.990933681914605,0.25641025641025644,0.022982062780269034,0.004343877262118096,0.0016,3,True,60.0,False,False,0.0016,3,True,60.0,False,False
PU,N15_M01_F10_KA01_4,KA01,6203_PU_2905,outer_race,N15_M01_F10,artificial,1499.676630383455,1.1543828967833296,24.994610506390917,0.25641025641025644,0.022982062780269034,0.004343238257392042,0.0013,3,True,60.0,False,False,0.0013,3,True,60.0,False,False
PU,N15_M01_F10_KA01_5,KA01,6203_PU_2905,outer_race,N15_M01_F10,artificial,1499.8855316902648,2.0916318550139383,24.998092194837746,0.25641025641025644,0.022982062780269034,0.004342633339130892,0.001,3,True,60.0,False,False,0.001,3,True,60.0,False,False
PU,N15_M01_F10_KA01_6,KA01,6203_PU_2905,outer_race,N15_M01_F10,artificial,1499.7595636748927,0.5862135967088657,24.995992727914878,0.25641025641025644,0.022982062780269034,0.004342998086198667,0.0011,3,True,60.0,False,False,0.0011,3,True,60.0,False,False
PU,N15_M01_F10_KA01_7,KA01,6203_PU_2905,outer_race,N15_M01_F10,artificial,1499.7693595964008,1.4514260984024538,24.996155993273348,0.25641025641025644,0.022982062780269034,0.0043429697193914036,0.0014,3,True,60.0,False,False,0.0014,3,True,60.0,False,False
PU,N15_M01_F10_KA01_8,KA01,6203_PU_2905,outer_race,N15_M01_F10,artificial,1499.4201792711397,0.7627707882146604,24.990336321185662,0.25641025641025644,0.022982062780269034,0.0043439810967225755,0.0011,3,True,60.0,False,False,0.0011,3,True,60.0,False,False
PU,N15_M01_F10_KA01_9,KA01,6203_PU_2905,outer_race,N15_M01_F10,artificial,1499.1328790306902,1.575247357088812,24.985547983844835,0.25641025641025644,0.022982062780269034,0.00434481359584994,0.0011,3,True,60.0,False,False,0.0011,3,True,60.0,False,False
PU,N15_M07_F04_KA01_1,KA01,6203_PU_2905,outer_race,N15_M07_F04,artificial,1499.5230719683425,0.68757696327326,24.992051199472375,0.25641025641025644,0.022982062780269034,0.00434368302599596,0.0008,3,True,60.0,False,False,0.0008,3,True,60.0,False,False
PU,N15_M07_F04_KA01_10,KA01,6203_PU_2905,outer_race,N15_M07_F04,artificial,1499.4525817165015,0.6340338820336651,24.99087636194169,0.25641025641025644,0.022982062780269034,0.004343887225391228,0.001,3,True,60.0,False,False,0.001,3,True,60.0,False,False
PU,N15_M07_F04_KA01_11,KA01,6203_PU_2905,outer_race,N15_M07_F04,artificial,1499.5713510810756,0.8226034461977716,24.99285585135126,0.25641025641025644,0.022982062780269034,0.004343543179924389,0.0008,3,True,60.0,False,False,0.0008,3,True,60.0,False,False
PU,N15_M07_F04_KA01_12,KA01,6203_PU_2905,outer_race,N15_M07_F04,artificial,1499.9734715083805,1.5995368913462074,24.999557858473008,0.25641025641025644,0.022982062780269034,0.004342378741037498,0.0007,3,True,60.0,False,False,0.0007,3,True,60.0,False,False
PU,N15_M07_F04_KA01_13,KA01,6203_PU_2905,outer_race,N15_M07_F04,artificial,1500.4268297024043,2.239891709824153,25.007113828373406,0.25641025641025644,0.022982062780269034,0.0043410666790663095,0.0024,3,True,60.0,False,False,0.0024,3,True,60.0,False,False
PU,N15_M07_F04_KA01_14,KA01,6203_PU_2905,outer_race,N15_M07_F04,artificial,1499.5353387017726,1.0457458951527967,24.992255645029545,0.25641025641025644,0.022982062780269034,0.004343647493120935,0.0011,3,True,60.0,False,False,0.0011,3,True,60.0,False,False
PU,N15_M07_F04_KA01_15,KA01,6203_PU_2905,outer_race,N15_M07_F04,artificial,1499.4823576329752,1.1693432671383048,24.991372627216254,0.25641025641025644,0.022982062780269034,0.004343800966808367,0.0009,3,True,60.0,False,False,0.0009,3,True,60.0,False,False
PU,N15_M07_F04_KA01_16,KA01,6203_PU_2905,outer_race,N15_M07_F04,artificial,1499.4099315749086,0.6316476357928373,24.990165526248475,0.25641025641025644,0.022982062780269034,0.004344010785600698,0.0009,3,True,60.0,False,False,0.0009,3,True,60.0,False,False
PU,N15_M07_F04_KA01_17,KA01,6203_PU_2905,outer_race,N15_M07_F04,artificial,1499.6703098813086,0.8029106632600023,24.994505164688476,0.25641025641025644,0.022982062780269034,0.004343256562379843,0.001,3,True,60.0,False,False,0.001,3,True,60.0,False,False
PU,N15_M07_F04_KA01_18,KA01,6203_PU_2905,outer_race,N15_M07_F04,artificial,1499.8195956540808,0.8952944707787862,24.996993260901345,0.25641025641025644,0.022982062780269034,0.004342824252777981,0.0011,3,True,60.0,False,False,0.0011,3,True,60.0,False,False
PU,N15_M07_F04_KA01_19,KA01,6203_PU_2905,outer_race,N15_M07_F04,artificial,1499.4479865088158,0.6502757290055418,24.99079977514693,0.25641025641025644,0.022982062780269034,0.004343900537666241,0.001,3,True,60.0,False,False,0.001,3,True,60.0,False,False
PU,N15_M07_F04_KA01_2,KA01,6203_PU_2905,outer_race,N15_M07_F04,artificial,1499.9603380417368,0.5926245609069137,24.99933896736228,0.25641025641025644,0.022982062780269034,0.004342416762367064,0.0009,3,True,60.0,False,False,0.0009,3,True,60.0,False,False
PU,N15_M07_F04_KA01_20,KA01,6203_PU_2905,outer_race,N15_M07_F04,artificial,1499.8793041585614,0.757929967953662,24.99798840264269,0.25641025641025644,0.022982062780269034,0.004342651369839576,0.0009,3,True,60.0,False,False,0.0009,3,True,60.0,False,False
PU,N15_M07_F04_KA01_3,KA01,6203_PU_2905,outer_race,N15_M07_F04,artificial,1499.0824553920127,1.3363330867803138,24.98470758986688,0.25641025641025644,0.022982062780269034,0.004344959739452709,0.0006,3,True,60.0,False,False,0.0006,3,True,60.0,False,False
PU,N15_M07_F04_KA01_4,KA01,6203_PU_2905,outer_race,N15_M07_F04,artificial,1499.310206249801,0.8482039728143608,24.988503437496682,0.25641025641025644,0.022982062780269034,0.004344299723731086,0.0009,3,True,60.0,False,False,0.0009,3,True,60.0,False,False
PU,N15_M07_F04_KA01_5,KA01,6203_PU_2905,outer_race,N15_M07_F04,artificial,1499.0873979519072,0.8388500035637002,24.98478996586512,0.25641025641025644,0.022982062780269034,0.004344945413921202,0.0008,3,True,60.0,False,False,0.0008,3,True,60.0,False,False
PU,N15_M07_F04_KA01_6,KA01,6203_PU_2905,outer_race,N15_M07_F04,artificial,1499.320131199835,1.680473877848467,24.988668853330584,0.25641025641025644,0.022982062780269034,0.004344270966058329,0.0007,3,True,60.0,False,False,0.0007,3,True,60.0,False,False
PU,N15_M07_F04_KA01_7,KA01,6203_PU_2905,outer_race,N15_M07_F04,artificial,1499.6783809661408,0.4922704308904948,24.994639682769012,0.25641025641025644,0.022982062780269034,0.004343233187506532,0.001,3,True,60.0,False,False,0.001,3,True,60.0,False,False
PU,N15_M07_F04_KA01_8,KA01,6203_PU_2905,outer_race,N15_M07_F04,artificial,1499.6456329484868,0.7910300909012455,24.99409388247478,0.25641025641025644,0.022982062780269034,0.004343328031430973,0.0012,3,True,60.0,False,False,0.0012,3,True,60.0,False,False
PU,N15_M07_F04_KA01_9,KA01,6203_PU_2905,outer_race,N15_M07_F04,artificial,1498.820917926762,1.359998056643182,24.980348632112698,0.25641025641025644,0.022982062780269034,0.004345717915258292,0.0007,3,True,60.0,False,False,0.0007,3,True,60.0,False,False
PU,N15_M07_F10_KA01_1,KA01,6203_PU_2905,outer_race,N15_M07_F10,artificial,1499.6046971725834,0.37820223803297914,24.993411619543057,0.25641025641025644,0.022982062780269034,0.0043434465943451225,0.001,3,True,60.0,False,False,0.001,3,True,60.0,False,False
PU,N15_M07_F10_KA01_10,KA01,6203_PU_2905,outer_race,N15_M07_F10,artificial,1499.8901803041915,1.2386423508882751,24.998169671736527,0.25641025641025644,0.022982062780269034,0.0043426198799949595,0.001,3,True,60.0,False,False,0.001,3,True,60.0,False,False
PU,N15_M07_F10_KA01_11,KA01,6203_PU_2905,outer_race,N15_M07_F10,artificial,1499.5412309437465,0.2796192643609484,24.992353849062443,0.25641025641025644,0.022982062780269034,0.004343630425352773,0.0009,3,True,60.0,False,False,0.0009,3,True,60.0,False,False
PU,N15_M07_F10_KA01_12,KA01,6203_PU_2905,outer_race,N15_M07_F10,artificial,1499.7092249084992,0.9846111518596937,24.995153748474987,0.25641025641025644,0.022982062780269034,0.004343143861901368,0.0013,3,True,60.0,False,False,0.0013,3,True,60.0,False,False
PU,N15_M07_F10_KA01_13,KA01,6203_PU_2905,outer_race,N15_M07_F10,artificial,1499.47612738216,0.3890649419172916,24.991268789702666,0.25641025641025644,0.022982062780269034,0.004343819015091377,0.0009,3,True,60.0,False,False,0.0009,3,True,60.0,False,False
PU,N15_M07_F10_KA01_14,KA01,6203_PU_2905,outer_race,N15_M07_F10,artificial,1499.478561970275,0.5211612191923545,24.99130936617125,0.25641025641025644,0.022982062780269034,0.004343811962366239,0.0008,3,True,60.0,False,False,0.0008,3,True,60.0,False,False
PU,N15_M07_F10_KA01_15,KA01,6203_PU_2905,outer_race,N15_M07_F10,artificial,1499.4706330687397,0.35330798001904407,24.99117721781233,0.25641025641025644,0.022982062780269034,0.004343834931577225,0.0012,3,True,60.0,False,False,0.0012,3,True,60.0,False,False
PU,N15_M07_F10_KA01_16,KA01,6203_PU_2905,outer_race,N15_M07_F10,artificial,1499.43017706646,0.33035650881515927,24.990502951107665,0.25641025641025644,0.022982062780269034,0.004343952132230235,0.0009,3,True,60.0,False,False,0.0009,3,True,60.0,False,False
PU,N15_M07_F10_KA01_17,KA01,6203_PU_2905,outer_race,N15_M07_F10,artificial,1499.8713751706614,0.8467132625363409,24.997856252844358,0.25641025641025644,0.022982062780269034,0.0043426743270282625,0.0013,3,True,60.0,False,False,0.0013,3,True,60.0,False,False
PU,N15_M07_F10_KA01_18,KA01,6203_PU_2905,outer_race,N15_M07_F10,artificial,1499.4670195749277,0.9264692082824139,24.99111699291546,0.25641025641025644,0.022982062780269034,0.004343845399577148,0.0015,3,True,60.0,False,False,0.0015,3,True,60.0,False,False
PU,N15_M07_F10_KA01_19,KA01,6203_PU_2905,outer_race,N15_M07_F10,artificial,1499.5544578354397,0.477141083969979,24.992574297257327,0.25641025641025644,0.022982062780269034,0.004343592112153215,0.001,3,True,60.0,False,False,0.001,3,True,60.0,False,False
PU,N15_M07_F10_KA01_2,KA01,6203_PU_2905,outer_race,N15_M07_F10,artificial,1499.904181185808,0.7522842376899673,24.99840301976347,0.25641025641025644,0.022982062780269034,0.004342579343734305,0.0008,3,True,60.0,False,False,0.0008,3,True,60.0,False,False
PU,N15_M07_F10_KA01_20,KA01,6203_PU_2905,outer_race,N15_M07_F10,artificial,1499.62741729596,1.220567563922229,24.993790288266,0.25641025641025644,0.022982062780269034,0.004343380788904809,0.001,3,True,60.0,False,False,0.001,3,True,60.0,False,False
PU,N15_M07_F10_KA01_3,KA01,6203_PU_2905,outer_race,N15_M07_F10,artificial,1499.615511562791,0.48083602827738475,24.99359185937985,0.25641025641025644,0.022982062780269034,0.004343415271832149,0.001,3,True,60.0,False,False,0.001,3,True,60.0,False,False
PU,N15_M07_F10_KA01_4,KA01,6203_PU_2905,outer_race,N15_M07_F10,artificial,1499.3707856731755,0.6135008163491003,24.989513094552926,0.25641025641025644,0.022982062780269034,0.0043441241999882295,0.0011,3,True,60.0,False,False,0.0011,3,True,60.0,False,False
PU,N15_M07_F10_KA01_5,KA01,6203_PU_2905,outer_race,N15_M07_F10,artificial,1499.4492237934694,1.0951666392763602,24.990820396557822,0.25641025641025644,0.022982062780269034,0.0043438969532557875,0.0009,3,True,60.0,False,False,0.0009,3,True,60.0,False,False
PU,N15_M07_F10_KA01_6,KA01,6203_PU_2905,outer_race,N15_M07_F10,artificial,1499.7759969879455,0.7872420993760546,24.996266616465757,0.25641025641025644,0.022982062780269034,0.004342950499194153,0.001,3,True,60.0,False,False,0.001,3,True,60.0,False,False
PU,N15_M07_F10_KA01_7,KA01,6203_PU_2905,outer_race,N15_M07_F10,artificial,1499.4551640308796,0.6945141306973547,24.99091940051466,0.25641025641025644,0.022982062780269034,0.004343879744485691,0.001,3,True,60.0,False,False,0.001,3,True,60.0,False,False
PU,N15_M07_F10_KA01_8,KA01,6203_PU_2905,outer_race,N15_M07_F10,artificial,1499.5233274856591,1.1623940475240404,24.99205545809432,0.25641025641025644,0.022982062780269034,0.0043436822858365955,0.0009,3,True,60.0,False,False,0.0009,3,True,60.0,False,False
PU,N15_M07_F10_KA01_9,KA01,6203_PU_2905,outer_race,N15_M07_F10,artificial,1499.4388378496103,0.7405233833607108,24.990647297493506,0.25641025641025644,0.022982062780269034,0.0043439270414919635,0.0012,3,True,60.0,False,False,0.0012,3,True,60.0,False,False
PU,N09_M07_F10_KA03_1,KA03,6203_PU_2905,outer_race,N09_M07_F10,artificial,899.6975022274894,0.30604371306815725,14.994958370458157,0.25641025641025644,0.022982062780269034,0.007239603198488456,0.0214,1,False,38.3765664746645,True,False,0.0077,0,False,9.854496287838757,False,False
PU,N09_M07_F10_KA03_10,KA03,6203_PU_2905,outer_race,N09_M07_F10,artificial,899.7585293816913,0.259720362704016,14.995975489694855,0.25641025641025644,0.022982062780269034,0.0072391121640983085,0.021,0,False,27.23995092798134,True,False,0.0354,0,False,8.928816631459977,False,False
PU,N09_M07_F10_KA03_11,KA03,6203_PU_2905,outer_race,N09_M07_F10,artificial,899.6501681161698,0.39714839719668327,14.994169468602829,0.25641025641025644,0.022982062780269034,0.007239984102306242,0.0235,0,False,24.25330573942545,True,False,-0.0036,0,False,10.569139425657639,False,False
PU,N09_M07_F10_KA03_12,KA03,6203_PU_2905,outer_race,N09_M07_F10,artificial,899.5924159561666,0.24162294617932853,14.993206932602778,0.25641025641025644,0.022982062780269034,0.007240448895820371,0.0189,0,False,21.779758352959934,True,False,0.0023,0,False,12.045197843657512,False,False
PU,N09_M07_F10_KA03_13,KA03,6203_PU_2905,outer_race,N09_M07_F10,artificial,899.7178938428638,0.2775665143090273,14.995298230714395,0.25641025641025644,0.022982062780269034,0.007239439116830309,0.0208,0,False,29.86435357083344,True,False,0.0544,0,False,9.817718153294624,False,False
PU,N09_M07_F10_KA03_14,KA03,6203_PU_2905,outer_race,N09_M07_F10,artificial,899.7409869259983,0.332169383659988,14.995683115433305,0.25641025641025644,0.022982062780269034,0.007239253306722954,0.0231,0,False,30.478158860725074,True,False,0.0096,0,False,10.203940646252073,False,False
PU,N09_M07_F10_KA03_15,KA03,6203_PU_2905,outer_race,N09_M07_F10,artificial,899.7988247684684,0.18411144118337722,14.996647079474474,0.25641025641025644,0.022982062780269034,0.007238787977383961,0.0197,0,False,15.89505060280816,True,False,0.0101,0,False,11.673776707818202,False,False
PU,N09_M07_F10_KA03_16,KA03,6203_PU_2905,outer_race,N09_M07_F10,artificial,899.7170913346788,0.2767588401924475,14.99528485557798,0.25641025641025644,0.022982062780269034,0.007239445574092488,0.0191,0,False,28.443903899185273,True,False,0.048,0,False,13.552694800079484,False,False
PU,N09_M07_F10_KA03_17,KA03,6203_PU_2905,outer_race,N09_M07_F10,artificial,899.7649872472534,0.30638741366200456,14.996083120787556,0.25641025641025644,0.022982062780269034,0.0072390602069608255,0.0215,0,False,34.00296241768325,True,False,0.0525,0,False,8.319366035834175,False,False
PU,N09_M07_F10_KA03_18,KA03,6203_PU_2905,outer_race,N09_M07_F10,artificial,899.6182935297593,0.3288188910676863,14.993638225495989,0.25641025641025644,0.022982062780269034,0.007240240623878267,0.0193,0,False,16.317430172204112,True,False,-0.0012,0,False,9.293236444723574,False,False
PU,N09_M07_F10_KA03_19,KA03,6203_PU_2905,outer_race,N09_M07_F10,artificial,899.8618602775432,0.4796730522202535,14.997697671292388,0.25641025641025644,0.022982062780269034,0.0072382808987918115,0.0206,0,False,30.683720795873803,True,False,0.0309,0,False,15.545501941010079,False,False
PU,N09_M07_F10_KA03_2,KA03,6203_PU_2905,outer_race,N09_M07_F10,artificial,899.7820540753655,0.25618341952937823,14.996367567922759,0.25641025641025644,0.022982062780269034,0.007238922898380724,0.0257,0,False,14.664390221474065,True,False,0.0132,0,False,7.049940390356387,False,False
PU,N09_M07_F10_KA03_20,KA03,6203_PU_2905,outer_race,N09_M07_F10,artificial,899.8055725345547,0.5807809375290837,14.996759542242579,0.25641025641025644,0.022982062780269034,0.007238733692714572,0.026,0,False,12.290355185226643,True,False,-0.0075,0,False,9.984202892109401,False,False
PU,N09_M07_F10_KA03_3,KA03,6203_PU_2905,outer_race,N09_M07_F10,artificial,899.7330947500923,0.2905291060734199,14.995551579168204,0.25641025641025644,0.022982062780269034,0.007239316807177542,0.0191,0,False,11.180741910382098,True,False,0.0469,0,False,8.669995599006405,False,False
PU,N09_M07_F10_KA03_4,KA03,6203_PU_2905,outer_race,N09_M07_F10,artificial,899.7056295198477,0.504504924168309,14.995093825330795,0.25641025641025644,0.022982062780269034,0.007239537801129784,0.0242,0,False,24.60264260824854,True,False,0.0535,0,False,7.883393526542708,False,False
PU,N09_M07_F10_KA03_5,KA03,6203_PU_2905,outer_race,N09_M07_F10,artificial,899.6761460825077,0.4684278034486717,14.994602434708462,0.25641025641025644,0.022982062780269034,0.00723977504923296,0.0258,0,False,15.708188231435184,True,False,-0.01,0,False,9.12761581394192,False,True
PU,N09_M07_F10_KA03_6,KA03,6203_PU_2905,outer_race,N09_M07_F10,artificial,899.8298081366651,0.3372528448952467,14.997163468944418,0.25641025641025644,0.022982062780269034,0.007238538727991273,0.0199,0,False,22.531576351036318,True,False,-0.0041,0,False,9.85007575156034,False,False
PU,N09_M07_F10_KA03_7,KA03,6203_PU_2905,outer_race,N09_M07_F10,artificial,899.733894272422,0.2880278408395336,14.995564904540368,0.25641025641025644,0.022982062780269034,0.00723931037416943,0.0224,0,False,21.333961999679797,True,False,0.0475,0,False,8.499936782844284,False,False
PU,N09_M07_F10_KA03_8,KA03,6203_PU_2905,outer_race,N09_M07_F10,artificial,899.778306281671,0.2627537296312945,14.996305104694517,0.25641025641025644,0.022982062780269034,0.007238953050240804,0.025,0,False,26.03419876729031,True,False,0.0315,0,False,11.020729289973517,False,False
PU,N09_M07_F10_KA03_9,KA03,6203_PU_2905,outer_race,N09_M07_F10,artificial,899.6784001593338,0.2651648188964976,14.994640002655563,0.25641025641025644,0.022982062780269034,0.007239756910518991,0.0212,0,False,31.420036703295782,True,False,0.0335,0,False,7.495037495996116,False,False
PU,N15_M01_F10_KA03_1,KA03,6203_PU_2905,outer_race,N15_M01_F10,artificial,1499.7289249234757,0.48387595370441777,24.99548208205793,0.25641025641025644,0.022982062780269034,0.004343086811592007,-0.01,0,False,23.856350140509846,False,True,-0.01,0,False,23.856350140509846,False,True
PU,N15_M01_F10_KA03_10,KA03,6203_PU_2905,outer_race,N15_M01_F10,artificial,1499.5316441653536,0.71359120626341,24.99219406942256,0.25641025641025644,0.022982062780269034,0.0043436581949716875,-0.01,0,False,18.708196474685852,False,True,-0.01,0,False,18.708196474685852,False,True
PU,N15_M01_F10_KA03_11,KA03,6203_PU_2905,outer_race,N15_M01_F10,artificial,1499.6386732241874,0.3199896631047733,24.99397788706979,0.25641025641025644,0.022982062780269034,0.004343348188530266,-0.0097,0,False,20.080898062968203,False,False,-0.0097,0,False,20.080898062968203,False,False
PU,N15_M01_F10_KA03_12,KA03,6203_PU_2905,outer_race,N15_M01_F10,artificial,1499.6706646526782,0.8949018223809213,24.994511077544637,0.25641025641025644,0.022982062780269034,0.004343255534912203,-0.01,0,False,15.077389249129668,False,True,-0.01,0,False,15.077389249129668,False,True
PU,N15_M01_F10_KA03_13,KA03,6203_PU_2905,outer_race,N15_M01_F10,artificial,1499.6019138504894,0.6957929696999687,24.99336523084149,0.25641025641025644,0.022982062780269034,0.004343454655958514,0.0377,0,False,14.224810587955826,False,False,0.0377,0,False,14.224810587955826,False,False
PU,N15_M01_F10_KA03_14,KA03,6203_PU_2905,outer_race,N15_M01_F10,artificial,1499.7000327656137,0.7587006709843268,24.99500054609356,0.25641025641025644,0.022982062780269034,0.004343170482424192,-0.0086,0,False,22.72188971494607,False,False,-0.0086,0,False,22.72188971494607,False,False
PU,N15_M01_F10_KA03_15,KA03,6203_PU_2905,outer_race,N15_M01_F10,artificial,1499.482822362811,0.39053386605743007,24.991380372713518,0.25641025641025644,0.022982062780269034,0.004343799620548256,-0.01,0,False,13.576832415434431,False,True,-0.01,0,False,13.576832415434431,False,True
PU,N15_M01_F10_KA03_16,KA03,6203_PU_2905,outer_race,N15_M01_F10,artificial,1499.6123330937849,0.2311012976454913,24.993538884896413,0.25641025641025644,0.022982062780269034,0.004343424477818601,-0.01,0,False,16.205939738998055,False,True,-0.01,0,False,16.205939738998055,False,True
PU,N15_M01_F10_KA03_17,KA03,6203_PU_2905,outer_race,N15_M01_F10,artificial,1499.5136980306065,1.160224727001064,24.991894967176776,0.25641025641025644,0.022982062780269034,0.0043437101797420595,0.0385,0,False,14.440501286506096,False,False,0.0385,0,False,14.440501286506096,False,False
PU,N15_M01_F10_KA03_18,KA03,6203_PU_2905,outer_race,N15_M01_F10,artificial,1499.620735204788,0.1639993175152168,24.993678920079798,0.25641025641025644,0.022982062780269034,0.004343400142375819,-0.0084,0,False,20.11088270032984,False,False,-0.0084,0,False,20.11088270032984,False,False
PU,N15_M01_F10_KA03_19,KA03,6203_PU_2905,outer_race,N15_M01_F10,artificial,1499.5831271312354,0.6112366921682632,24.993052118853925,0.25641025641025644,0.022982062780269034,0.004343509070589979,-0.01,1,False,25.073276658049803,False,True,-0.01,1,False,25.073276658049803,False,True
PU,N15_M01_F10_KA03_2,KA03,6203_PU_2905,outer_race,N15_M01_F10,artificial,1499.6075356036956,0.1956880251113018,24.99345892672826,0.25641025641025644,0.022982062780269034,0.004343438373144806,-0.01,0,False,22.608812368998144,False,True,-0.01,0,False,22.608812368998144,False,True
PU,N15_M01_F10_KA03_20,KA03,6203_PU_2905,outer_race,N15_M01_F10,artificial,1499.6364912543124,0.5058551815637524,24.993941520905206,0.25641025641025644,0.022982062780269034,0.004343354508098349,0.0085,0,False,13.076443917017144,False,False,0.0085,0,False,13.076443917017144,False,False
PU,N15_M01_F10_KA03_3,KA03,6203_PU_2905,outer_race,N15_M01_F10,artificial,1499.7115117333558,0.2717260708080951,24.995191862222597,0.25641025641025644,0.022982062780269034,0.0043431372392881105,-0.0086,0,False,11.925796522492321,False,False,-0.0086,0,False,11.925796522492321,False,False
PU,N15_M01_F10_KA03_4,KA03,6203_PU_2905,outer_race,N15_M01_F10,artificial,1499.416947112298,0.49002649484464905,24.990282451871632,0.25641025641025644,0.022982062780269034,0.004343990460653627,0.037,0,False,13.08496230158991,False,False,0.037,0,False,13.08496230158991,False,False
PU,N15_M01_F10_KA03_5,KA03,6203_PU_2905,outer_race,N15_M01_F10,artificial,1499.5787949951962,0.4092829709620438,24.992979916586602,0.25641025641025644,0.022982062780269034,0.004343521618561613,0.0238,0,False,12.49269927267406,True,False,-0.0088,0,False,11.879019636958876,False,False
PU,N15_M01_F10_KA03_6,KA03,6203_PU_2905,outer_race,N15_M01_F10,artificial,1499.6269597675548,0.3013138134293637,24.99378266279258,0.25641025641025644,0.022982062780269034,0.004343382114047753,-0.0093,0,False,21.271003736195407,False,False,-0.0093,0,False,21.271003736195407,False,False
PU,N15_M01_F10_KA03_7,KA03,6203_PU_2905,outer_race,N15_M01_F10,artificial,1499.563132280508,0.4328890752407819,24.9927188713418,0.25641025641025644,0.022982062780269034,0.004343566986001228,-0.01,0,False,17.32744043269824,False,True,-0.01,0,False,17.32744043269824,False,True
PU,N15_M01_F10_KA03_8,KA03,6203_PU_2905,outer_race,N15_M01_F10,artificial,1499.6797862435183,0.28278839551934154,24.99466310405864,0.25641025641025644,0.022982062780269034,0.004343229117672825,-0.0084,0,False,23.21717554044849,False,False,-0.0084,0,False,23.21717554044849,False,False
PU,N15_M01_F10_KA03_9,KA03,6203_PU_2905,outer_race,N15_M01_F10,artificial,1499.5939802412886,0.32694727929135675,24.993233004021477,0.25641025641025644,0.022982062780269034,0.004343477635026366,-0.0083,0,False,22.809220249041584,False,False,-0.0083,0,False,22.809220249041584,False,False
PU,N15_M07_F04_KA03_1,KA03,6203_PU_2905,outer_race,N15_M07_F04,artificial,1499.7071142735201,0.5723969560964857,24.995118571225337,0.25641025641025644,0.022982062780269034,0.004343149974289091,-0.0098,0,False,25.24199138837681,False,False,-0.0098,0,False,25.24199138837681,False,False
PU,N15_M07_F04_KA03_10,KA03,6203_PU_2905,outer_race,N15_M07_F04,artificial,1499.3471009654604,1.9452093058721527,24.98911834942434,0.25641025641025644,0.022982062780269034,0.004344192822732015,0.0434,0,False,14.797956650111889,False,False,0.0434,0,False,14.797956650111889,False,False
PU,N15_M07_F04_KA03_11,KA03,6203_PU_2905,outer_race,N15_M07_F04,artificial,1499.6698650221888,0.4099118875027236,24.994497750369813,0.25641025641025644,0.022982062780269034,0.004343257850754929,-0.0088,0,False,21.456600165837525,False,False,-0.0088,0,False,21.456600165837525,False,False
PU,N15_M07_F04_KA03_12,KA03,6203_PU_2905,outer_race,N15_M07_F04,artificial,1499.5628764736437,1.5577733111081011,24.99271460789406,0.25641025641025644,0.022982062780269034,0.004343567726959988,-0.01,0,False,16.308019365926633,False,True,-0.01,0,False,16.308019365926633,False,True
PU,N15_M07_F04_KA03_13,KA03,6203_PU_2905,outer_race,N15_M07_F04,artificial,1500.066133463457,2.5972180461400507,25.001102224390948,0.25641025641025644,0.022982062780269034,0.004342110503994577,0.0171,0,False,10.785211977395281,False,False,0.0412,0,False,9.242143698666188,False,False
PU,N15_M07_F04_KA03_14,KA03,6203_PU_2905,outer_race,N15_M07_F04,artificial,1499.590512737007,0.3318547466292624,24.99317521228345,0.25641025641025644,0.022982062780269034,0.0043434876784529996,0.0192,0,False,24.745078828908323,True,False,-0.0092,0,False,21.95646945286489,False,False
PU,N15_M07_F04_KA03_15,KA03,6203_PU_2905,outer_race,N15_M07_F04,artificial,1499.8773032170693,5.313809021852993,24.997955053617822,0.25641025641025644,0.022982062780269034,0.004342657163241005,0.0055,0,False,18.710226004041647,False,False,0.0055,0,False,18.710226004041647,False,False
PU,N15_M07_F04_KA03_16,KA03,6203_PU_2905,outer_race,N15_M07_F04,artificial,1499.6184991320342,0.5010814653111495,24.99364165220057,0.25641025641025644,0.022982062780269034,0.004343406618795471,-0.01,0,False,17.995670060579336,False,True,-0.01,0,False,17.995670060579336,False,True
PU,N15_M07_F04_KA03_17,KA03,6203_PU_2905,outer_race,N15_M07_F04,artificial,1499.574572142611,0.5140656565213562,24.992909535710183,0.25641025641025644,0.022982062780269034,0.0043435338500650246,-0.01,0,False,24.74460729150198,False,True,-0.01,0,False,24.74460729150198,False,True
PU,N15_M07_F04_KA03_18,KA03,6203_PU_2905,outer_race,N15_M07_F04,artificial,1499.5424385231863,0.5809840347853247,24.99237397538644,0.25641025641025644,0.022982062780269034,0.004343626927433234,-0.0099,0,False,17.900810151127928,False,False,-0.0099,0,False,17.900810151127928,False,False
PU,N15_M07_F04_KA03_19,KA03,6203_PU_2905,outer_race,N15_M07_F04,artificial,1499.6570570287204,1.6447484551168279,24.994284283812007,0.25641025641025644,0.022982062780269034,0.004343294944847824,0.0141,0,False,9.714376706483165,False,False,0.0141,0,False,9.714376706483165,False,False
PU,N15_M07_F04_KA03_2,KA03,6203_PU_2905,outer_race,N15_M07_F04,artificial,1499.6590589523007,0.2940248127329597,24.994317649205012,0.25641025641025644,0.022982062780269034,0.004343289146900274,-0.0084,0,False,22.717878733477193,False,False,-0.0084,0,False,22.717878733477193,False,False
PU,N15_M07_F04_KA03_20,KA03,6203_PU_2905,outer_race,N15_M07_F04,artificial,1499.78590585742,1.994495325945237,24.99643176429033,0.25641025641025644,0.022982062780269034,0.004342921805945695,0.0297,0,False,13.493665348670152,False,False,0.0297,0,False,12.703404021210364,False,False
PU,N15_M07_F04_KA03_3,KA03,6203_PU_2905,outer_race,N15_M07_F04,artificial,1499.6425832536418,0.8743725592016954,24.99404305422736,0.25641025641025644,0.022982062780269034,0.004343336864085671,0.0213,0,False,20.61596558655245,True,False,-0.009,0,False,19.320147013401762,False,False
PU,N15_M07_F04_KA03_4,KA03,6203_PU_2905,outer_race,N15_M07_F04,artificial,1499.6026760167479,0.4190106679286823,24.993377933612464,0.25641025641025644,0.022982062780269034,0.004343452448417386,-0.0083,0,False,25.609875502777033,False,False,-0.0083,0,False,25.609875502777033,False,False
PU,N15_M07_F04_KA03_5,KA03,6203_PU_2905,outer_race,N15_M07_F04,artificial,1499.6659920847524,0.4938054873311007,24.99443320141254,0.25641025641025644,0.022982062780269034,0.004343269067363171,-0.0087,0,False,20.37764043949862,False,False,-0.0087,0,False,20.37764043949862,False,False
PU,N15_M07_F04_KA03_6,KA03,6203_PU_2905,outer_race,N15_M07_F04,artificial,1499.505221933533,0.3660665165041398,24.991753698892218,0.25641025641025644,0.022982062780269034,0.004343734732980424,-0.01,0,False,22.810938373993544,False,True,-0.01,0,False,22.810938373993544,False,True
PU,N15_M07_F04_KA03_7,KA03,6203_PU_2905,outer_race,N15_M07_F04,artificial,1499.531318180211,0.3581160884582162,24.99218863633685,0.25641025641025644,0.022982062780269034,0.004343659139245421,-0.0085,0,False,23.243676174174684,False,False,-0.0085,0,False,23.243676174174684,False,False
PU,N15_M07_F04_KA03_8,KA03,6203_PU_2905,outer_race,N15_M07_F04,artificial,1499.3365136903008,0.28744567390478776,24.988941894838344,0.25641025641025644,0.022982062780269034,0.004344223498410451,-0.01,0,False,15.423689396963024,False,True,-0.01,0,False,15.423689396963024,False,True
PU,N15_M07_F04_KA03_9,KA03,6203_PU_2905,outer_race,N15_M07_F04,artificial,1499.690736037474,0.8110184319391522,24.994845600624565,0.25641025641025644,0.022982062780269034,0.004343197406158713,-0.01,0,False,21.24835239509282,False,True,-0.01,0,False,21.24835239509282,False,True
PU,N15_M07_F10_KA03_1,KA03,6203_PU_2905,outer_race,N15_M07_F10,artificial,1499.6349237026639,1.1804487655822908,24.993915395044397,0.25641025641025644,0.022982062780269034,0.00434335904815834,0.04,0,False,12.162387424642237,False,False,0.04,0,False,12.162387424642237,False,False
PU,N15_M07_F10_KA03_10,KA03,6203_PU_2905,outer_race,N15_M07_F10,artificial,1499.5041245175014,0.4566999819087525,24.991735408625022,0.25641025641025644,0.022982062780269034,0.004343737911954097,-0.0083,0,False,21.490850213230253,False,False,-0.0083,0,False,21.490850213230253,False,False
PU,N15_M07_F10_KA03_11,KA03,6203_PU_2905,outer_race,N15_M07_F10,artificial,1499.6104760947928,0.5122021702968534,24.993507934913215,0.25641025641025644,0.022982062780269034,0.004343429856371902,0.0276,0,False,19.57220843600547,False,False,-0.0071,0,False,19.253529107844376,False,False
PU,N15_M07_F10_KA03_12,KA03,6203_PU_2905,outer_race,N15_M07_F10,artificial,1499.612070472725,0.33590598110279213,24.99353450787875,0.25641025641025644,0.022982062780269034,0.004343425238465146,-0.0076,0,False,26.450699607965586,False,False,-0.0076,0,False,26.450699607965586,False,False
PU,N15_M07_F10_KA03_13,KA03,6203_PU_2905,outer_race,N15_M07_F10,artificial,1499.6550427440197,0.8316075008160878,24.99425071240033,0.25641025641025644,0.022982062780269034,0.004343300778611129,-0.01,0,False,15.672050997541707,False,True,-0.01,0,False,15.672050997541707,False,True
PU,N15_M07_F10_KA03_14,KA03,6203_PU_2905,outer_race,N15_M07_F10,artificial,1499.6777929411676,0.4382650910832067,24.994629882352793,0.25641025641025644,0.022982062780269034,0.004343234890492061,-0.0075,1,False,23.401617188021227,False,False,-0.0075,1,False,23.401617188021227,False,False
PU,N15_M07_F10_KA03_15,KA03,6203_PU_2905,outer_race,N15_M07_F10,artificial,1499.5547095877755,0.431555346446196,24.992578493129592,0.25641025641025644,0.022982062780269034,0.00434359138293043,-0.0099,0,False,16.944175771361444,False,False,-0.0099,0,False,16.944175771361444,False,False
PU,N15_M07_F10_KA03_16,KA03,6203_PU_2905,outer_race,N15_M07_F10,artificial,1499.4824290991223,0.4917546250228907,24.991373818318706,0.25641025641025644,0.022982062780269034,0.004343800759780453,-0.01,0,False,22.09956118226222,False,True,-0.01,0,False,22.09956118226222,False,True
PU,N15_M07_F10_KA03_17,KA03,6203_PU_2905,outer_race,N15_M07_F10,artificial,1499.456988379822,0.5280837164359365,24.990949806330367,0.25641025641025644,0.022982062780269034,0.004343874459404172,-0.0097,0,False,23.964634211730907,False,False,-0.0097,0,False,23.964634211730907,False,False
PU,N15_M07_F10_KA03_18,KA03,6203_PU_2905,outer_race,N15_M07_F10,artificial,1499.6596719678457,0.7450507783206681,24.994327866130764,0.25641025641025644,0.022982062780269034,0.0043432873714949515,-0.01,0,False,14.278685617402951,False,True,-0.01,0,False,14.278685617402951,False,True
PU,N15_M07_F10_KA03_19,KA03,6203_PU_2905,outer_race,N15_M07_F10,artificial,1499.64452622851,0.3908222297140434,24.99407543714183,0.25641025641025644,0.022982062780269034,0.004343331236755845,-0.0096,0,False,21.801873191189244,False,False,-0.0096,0,False,21.801873191189244,False,False
PU,N15_M07_F10_KA03_2,KA03,6203_PU_2905,outer_race,N15_M07_F10,artificial,1499.5774444949357,0.2167539075094092,24.992957408248927,0.25641025641025644,0.022982062780269034,0.00434352553028161,-0.0084,0,False,17.457482697951487,False,False,-0.0084,0,False,17.457482697951487,False,False
PU,N15_M07_F10_KA03_20,KA03,6203_PU_2905,outer_race,N15_M07_F10,artificial,1499.5553302684268,0.5799919136238385,24.992588837807112,0.25641025641025644,0.022982062780269034,0.004343589585075377,-0.0091,0,False,20.92981225210866,False,False,-0.0091,0,False,20.92981225210866,False,False
PU,N15_M07_F10_KA03_3,KA03,6203_PU_2905,outer_race,N15_M07_F10,artificial,1499.634914216619,0.33549172365358104,24.993915236943653,0.25641025641025644,0.022982062780269034,0.004343359075632559,-0.0071,0,False,18.58050016681515,False,False,-0.0071,0,False,18.58050016681515,False,False
PU,N15_M07_F10_KA03_4,KA03,6203_PU_2905,outer_race,N15_M07_F10,artificial,1499.6280950378157,0.38526249355395586,24.993801583963595,0.25641025641025644,0.022982062780269034,0.004343378825957485,-0.0093,1,False,22.395359749787872,False,False,-0.0093,1,False,22.395359749787872,False,False
PU,N15_M07_F10_KA03_5,KA03,6203_PU_2905,outer_race,N15_M07_F10,artificial,1499.7168606502669,0.1892268270963601,24.995281010837783,0.25641025641025644,0.022982062780269034,0.004343121748977349,-0.0095,0,False,15.253811443167447,False,False,-0.0095,0,False,15.253811443167447,False,False
PU,N15_M07_F10_KA03_6,KA03,6203_PU_2905,outer_race,N15_M07_F10,artificial,1499.5905764880827,0.42644841330746874,24.993176274801378,0.25641025641025644,0.022982062780269034,0.004343487493801259,-0.0071,0,False,19.43882429867356,False,False,-0.0071,0,False,19.43882429867356,False,False
PU,N15_M07_F10_KA03_7,KA03,6203_PU_2905,outer_race,N15_M07_F10,artificial,1499.5565849171285,0.5951694297634668,24.992609748618808,0.25641025641025644,0.022982062780269034,0.004343585950881718,-0.0084,0,False,18.467550536190462,False,False,-0.0084,0,False,18.467550536190462,False,False
PU,N15_M07_F10_KA03_8,KA03,6203_PU_2905,outer_race,N15_M07_F10,artificial,1499.679545001902,1.309706709450165,24.994659083365033,0.25641025641025644,0.022982062780269034,0.004343229816333827,-0.01,0,False,14.310131133701454,False,True,-0.01,0,False,14.310131133701454,False,True
PU,N15_M07_F10_KA03_9,KA03,6203_PU_2905,outer_race,N15_M07_F10,artificial,1499.7780427505843,0.19872670759524474,24.99630071250974,0.25641025641025644,0.022982062780269034,0.004342944575220325,-0.0096,0,False,24.32352774628523,False,False,-0.0096,0,False,24.32352774628523,False,False
PU,N09_M07_F10_KA04_1,KA04,6203_PU_2855,outer_race,N09_M07_F10,real,899.6080446192794,0.45900760563639,14.993467410321324,0.25641025641025644,0.017775229357798208,0.007278909050202981,-0.0035,1,False,51.1430647968922,False,False,-0.0035,1,False,51.1430647968922,False,False
PU,N09_M07_F10_KA04_10,KA04,6203_PU_2855,outer_race,N09_M07_F10,real,899.8529097509454,0.40142723359009597,14.99754849584909,0.25641025641025644,0.017775229357798208,0.007276928336462269,-0.0013,0,False,7.337901689881443,False,False,-0.0013,0,False,7.337901689881443,False,False
PU,N09_M07_F10_KA04_11,KA04,6203_PU_2855,outer_race,N09_M07_F10,real,899.6141084227165,0.28520535669278185,14.993568473711942,0.25641025641025644,0.017775229357798208,0.0072788599870843565,-0.0037,0,False,29.589478833178543,False,False,-0.0037,0,False,29.589478833178543,False,False
PU,N09_M07_F10_KA04_12,KA04,6203_PU_2855,outer_race,N09_M07_F10,real,899.675688554571,0.5630460429100878,14.99459480924285,0.25641025641025644,0.017775229357798208,0.007278361770712105,-0.0034,0,False,15.576085000359953,False,False,-0.0034,0,False,15.576085000359953,False,False
PU,N09_M07_F10_KA04_13,KA04,6203_PU_2855,outer_race,N09_M07_F10,real,930.9298619067673,154.35098294948835,15.515497698446122,0.25641025641025644,0.017775229357798208,0.00703400482202007,0.0307,0,False,16.45068412787856,False,False,0.0307,0,False,16.45068412787856,False,False
PU,N09_M07_F10_KA04_14,KA04,6203_PU_2855,outer_race,N09_M07_F10,real,899.7687885005483,0.6533550267646747,14.996146475009139,0.25641025641025644,0.017775229357798208,0.007277608671586732,-0.004,2,True,45.19183980495832,False,False,-0.004,2,True,45.19183980495832,False,False
PU,N09_M07_F10_KA04_15,KA04,6203_PU_2855,outer_race,N09_M07_F10,real,899.7131494592484,0.6439674055934408,14.99521915765414,0.25641025641025644,0.017775229357798208,0.007278058725217367,-0.0034,2,True,60.0,False,False,-0.0034,2,True,60.0,False,False
PU,N09_M07_F10_KA04_16,KA04,6203_PU_2855,outer_race,N09_M07_F10,real,899.7090835878348,0.2591461949075529,14.99515139313058,0.25641025641025644,0.017775229357798208,0.0072780916154609535,-0.0017,0,False,26.4929125013161,False,False,-0.0017,0,False,26.4929125013161,False,False
PU,N09_M07_F10_KA04_17,KA04,6203_PU_2855,outer_race,N09_M07_F10,real,899.5943814322936,0.5295972685531092,14.993239690538227,0.25641025641025644,0.017775229357798208,0.007279019603467272,-0.0033,1,False,47.13762884642233,False,False,-0.0033,1,False,47.13762884642233,False,False
PU,N09_M07_F10_KA04_18,KA04,6203_PU_2855,outer_race,N09_M07_F10,real,899.5943814322936,0.5295972685531092,14.993239690538227,0.25641025641025644,0.017775229357798208,0.007279019603467272,-0.0033,1,False,47.13762884642233,False,False,-0.0033,1,False,47.13762884642233,False,False
PU,N09_M07_F10_KA04_19,KA04,6203_PU_2855,outer_race,N09_M07_F10,real,899.727474312483,0.8517901646066627,14.995457905208049,0.25641025641025644,0.017775229357798208,0.0072779428488814225,-0.0024,3,True,60.0,False,False,-0.0024,3,True,60.0,False,False
PU,N09_M07_F10_KA04_2,KA04,6203_PU_2855,outer_race,N09_M07_F10,real,899.7314956388725,0.5771340234685743,14.995524927314541,0.25641025641025644,0.017775229357798208,0.007277910320306196,0.0009,0,False,5.123550068373786,False,False,0.0009,0,False,5.123550068373786,False,False
PU,N09_M07_F10_KA04_20,KA04,6203_PU_2855,outer_race,N09_M07_F10,real,899.9683174908791,0.8934298001866422,14.999471958181319,0.25641025641025644,0.017775229357798208,0.007275995177109157,-0.01,0,False,4.341075604834624,False,True,-0.01,0,False,4.341075604834624,False,True
PU,N09_M07_F10_KA04_3,KA04,6203_PU_2855,outer_race,N09_M07_F10,real,899.6563485348127,0.46846393633922045,14.99427247558021,0.25641025641025644,0.017775229357798208,0.007278518234522629,-0.0023,0,False,10.019528229821258,False,False,-0.0023,0,False,10.019528229821258,False,False
PU,N09_M07_F10_KA04_4,KA04,6203_PU_2855,outer_race,N09_M07_F10,real,899.8335823037329,0.29387166231094747,14.997226371728882,0.25641025641025644,0.017775229357798208,0.007277084636972783,-0.0035,3,True,60.0,False,False,-0.0035,3,True,60.0,False,False
PU,N09_M07_F10_KA04_5,KA04,6203_PU_2855,outer_race,N09_M07_F10,real,899.8136941567298,0.35142536746561764,14.996894902612162,0.25641025641025644,0.017775229357798208,0.0072772454788558915,-0.0047,0,False,7.360844982935331,False,False,-0.0047,0,False,7.360844982935331,False,False
PU,N09_M07_F10_KA04_6,KA04,6203_PU_2855,outer_race,N09_M07_F10,real,899.5705216712388,0.4832761726484704,14.99284202785398,0.25641025641025644,0.017775229357798208,0.007279212668562523,-0.0038,0,False,8.511236866284783,False,False,-0.0038,0,False,8.511236866284783,False,False
PU,N09_M07_F10_KA04_7,KA04,6203_PU_2855,outer_race,N09_M07_F10,real,899.6594789017098,0.7475133483925799,14.99432464836183,0.25641025641025644,0.017775229357798208,0.007278492908904352,-0.0006,0,False,5.03273934319158,False,False,-0.0006,0,False,5.03273934319158,False,False
PU,N09_M07_F10_KA04_8,KA04,6203_PU_2855,outer_race,N09_M07_F10,real,899.7455559382727,0.6424480098414005,14.995759265637878,0.25641025641025644,0.017775229357798208,0.007277796588599009,-0.0047,0,False,5.644250761616823,False,False,-0.0047,0,False,5.644250761616823,False,False
PU,N09_M07_F10_KA04_9,KA04,6203_PU_2855,outer_race,N09_M07_F10,real,899.6284141249109,0.3138973034655845,14.993806902081849,0.25641025641025644,0.017775229357798208,0.007278744240180796,-0.0035,0,False,28.016923587679532,False,False,-0.0035,0,False,28.016923587679532,False,False
PU,N15_M01_F10_KA04_1,KA04,6203_PU_2855,outer_race,N15_M01_F10,real,1499.6932439979673,0.9382993535774421,24.99488739996612,0.25641025641025644,0.017775229357798208,0.0043663363583329945,-0.0006,3,True,60.0,False,False,-0.0006,3,True,60.0,False,False
PU,N15_M01_F10_KA04_10,KA04,6203_PU_2855,outer_race,N15_M01_F10,real,1499.6592654069611,0.37094027362108234,24.99432109011602,0.25641025641025644,0.017775229357798208,0.004366435288777221,-0.0004,3,True,60.0,False,False,-0.0004,3,True,60.0,False,False
PU,N15_M01_F10_KA04_11,KA04,6203_PU_2855,outer_race,N15_M01_F10,real,1499.6615731811196,0.670608950438448,24.99435955301866,0.25641025641025644,0.017775229357798208,0.0043664285694301995,-0.0005,3,True,60.0,False,False,-0.0005,3,True,60.0,False,False
PU,N15_M01_F10_KA04_12,KA04,6203_PU_2855,outer_race,N15_M01_F10,real,1499.6624414695748,0.5173886866189384,24.994374024492913,0.25641025641025644,0.017775229357798208,0.004366426041314931,-0.0012,3,True,60.0,False,False,-0.0012,3,True,60.0,False,False
PU,N15_M01_F10_KA04_13,KA04,6203_PU_2855,outer_race,N15_M01_F10,real,1499.5983824166694,0.6256848079393744,24.99330637361116,0.25641025641025644,0.017775229357798208,0.004366612563999983,-0.0008,3,True,60.0,False,False,-0.0008,3,True,60.0,False,False
PU,N15_M01_F10_KA04_14,KA04,6203_PU_2855,outer_race,N15_M01_F10,real,1499.661613576593,0.4375839186654821,24.99436022627655,0.25641025641025644,0.017775229357798208,0.0043664284518143675,-0.0011,3,True,60.0,False,False,-0.0011,3,True,60.0,False,False
PU,N15_M01_F10_KA04_15,KA04,6203_PU_2855,outer_race,N15_M01_F10,real,1499.615594918607,0.15509931218012488,24.99359324864345,0.25641025641025644,0.017775229357798208,0.004366562444270985,-0.0007,3,True,60.0,False,False,-0.0007,3,True,60.0,False,False
PU,N15_M01_F10_KA04_16,KA04,6203_PU_2855,outer_race,N15_M01_F10,real,1499.4850551125364,0.6159245654097167,24.99141758520894,0.25641025641025644,0.017775229357798208,0.004366942581580608,-0.0006,3,True,60.0,False,False,-0.0006,3,True,60.0,False,False
PU,N15_M01_F10_KA04_17,KA04,6203_PU_2855,outer_race,N15_M01_F10,real,1499.7357246192141,0.5704859741614955,24.995595410320234,0.25641025641025644,0.017775229357798208,0.004366212680088868,-0.0005,3,True,60.0,False,False,-0.0005,3,True,60.0,False,False
PU,N15_M01_F10_KA04_18,KA04,6203_PU_2855,outer_race,N15_M01_F10,real,1499.6592979258332,0.48105943994955536,24.994321632097222,0.25641025641025644,0.017775229357798208,0.004366435194094681,-0.0008,3,True,60.0,False,False,-0.0008,3,True,60.0,False,False
PU,N15_M01_F10_KA04_19,KA04,6203_PU_2855,outer_race,N15_M01_F10,real,1499.6186664898614,0.5424632707110247,24.99364444149769,0.25641025641025644,0.017775229357798208,0.004366553500525495,-0.0008,3,True,60.0,False,False,-0.0008,3,True,60.0,False,False
PU,N15_M01_F10_KA04_2,KA04,6203_PU_2855,outer_race,N15_M01_F10,real,1499.4996648555198,0.2580155181288118,24.99166108092533,0.25641025641025644,0.017775229357798208,0.00436690003411612,-0.0005,3,True,60.0,False,False,-0.0005,3,True,60.0,False,False
PU,N15_M01_F10_KA04_20,KA04,6203_PU_2855,outer_race,N15_M01_F10,real,1499.7430213675975,0.45605749284979047,24.995717022793293,0.25641025641025644,0.017775229357798208,0.004366191437012647,-0.001,3,True,60.0,False,False,-0.001,3,True,60.0,False,False
PU,N15_M01_F10_KA04_3,KA04,6203_PU_2855,outer_race,N15_M01_F10,real,1499.5643800689422,0.7544124089203255,24.992739667815705,0.25641025641025644,0.017775229357798208,0.0043667115761402845,-0.0004,3,True,60.0,False,False,-0.0004,3,True,60.0,False,False
PU,N15_M01_F10_KA04_4,KA04,6203_PU_2855,outer_race,N15_M01_F10,real,1499.5802039798368,0.35281843315230227,24.993003399663948,0.25641025641025644,0.017775229357798208,0.004366665497607973,-0.001,3,True,60.0,False,False,-0.001,3,True,60.0,False,False
PU,N15_M01_F10_KA04_5,KA04,6203_PU_2855,outer_race,N15_M01_F10,real,1499.6327850523187,0.39943797359840605,24.99387975087198,0.25641025641025644,0.017775229357798208,0.00436651239082255,-0.0007,3,True,60.0,False,False,-0.0007,3,True,60.0,False,False
PU,N15_M01_F10_KA04_6,KA04,6203_PU_2855,outer_race,N15_M01_F10,real,1499.5897171231409,0.5466746589121912,24.993161952052347,0.25641025641025644,0.017775229357798208,0.004366637796221277,-0.0008,3,True,60.0,False,False,-0.0008,3,True,60.0,False,False
PU,N15_M01_F10_KA04_7,KA04,6203_PU_2855,outer_race,N15_M01_F10,real,1499.629152838502,0.5596334484773778,24.993819213975033,0.25641025641025644,0.017775229357798208,0.004366522966841699,-0.0011,3,True,60.0,False,False,-0.0011,3,True,60.0,False,False
PU,N15_M01_F10_KA04_8,KA04,6203_PU_2855,outer_race,N15_M01_F10,real,1499.5402076129822,0.5684034632530157,24.992336793549704,0.25641025641025644,0.017775229357798208,0.00436678196714596,-0.01,0,False,4.1878380285303995,False,True,-0.01,0,False,4.1878380285303995,False,True
PU,N15_M01_F10_KA04_9,KA04,6203_PU_2855,outer_race,N15_M01_F10,real,1499.504831303905,0.41595953512490363,24.991747188398413,0.25641025641025644,0.017775229357798208,0.004366884988240203,-0.0012,3,True,60.0,False,False,-0.0012,3,True,60.0,False,False
PU,N15_M07_F04_KA04_1,KA04,6203_PU_2855,outer_race,N15_M07_F04,real,1499.5710506259852,0.3003040146411023,24.99285084376642,0.25641025641025644,0.017775229357798208,0.004366692151653097,-0.0006,0,False,25.679949050714683,False,False,-0.0006,0,False,25.679949050714683,False,False
PU,N15_M07_F04_KA04_10,KA04,6203_PU_2855,outer_race,N15_M07_F04,real,1499.5585053211316,1.1328507281751223,24.992641755352192,0.25641025641025644,0.017775229357798208,0.004366728683394974,-0.0006,0,False,12.786926073406264,False,False,-0.0006,0,False,12.786926073406264,False,False
PU,N15_M07_F04_KA04_11,KA04,6203_PU_2855,outer_race,N15_M07_F04,real,1499.5980099967526,0.2419269568024985,24.993300166612542,0.25641025641025644,0.017775229357798208,0.004366613648432929,0.006,0,False,16.91363750026602,False,False,0.006,0,False,16.91363750026602,False,False
PU,N15_M07_F04_KA04_12,KA04,6203_PU_2855,outer_race,N15_M07_F04,real,1499.7572279584135,0.609967007581042,24.995953799306893,0.25641025641025644,0.017775229357798208,0.004366150077855302,-0.0009,0,False,15.919787082047991,False,False,-0.0009,0,False,15.919787082047991,False,False
PU,N15_M07_F04_KA04_13,KA04,6203_PU_2855,outer_race,N15_M07_F04,real,1499.5526041369146,0.6054664497775226,24.99254340228191,0.25641025641025644,0.017775229357798208,0.004366745867767376,-0.0012,3,True,60.0,False,False,-0.0012,3,True,60.0,False,False
PU,N15_M07_F04_KA04_14,KA04,6203_PU_2855,outer_race,N15_M07_F04,real,1499.7299341468974,0.9262456012224002,24.99549890244829,0.25641025641025644,0.017775229357798208,0.004366229538079815,-0.0017,0,False,11.298935822362202,False,False,-0.0017,0,False,11.298935822362202,False,False
PU,N15_M07_F04_KA04_15,KA04,6203_PU_2855,outer_race,N15_M07_F04,real,1499.6380751287963,0.6030165679408137,24.993967918813272,0.25641025641025644,0.017775229357798208,0.0043664969876496965,-0.0011,0,False,18.75012045688173,False,False,-0.0011,0,False,18.75012045688173,False,False
PU,N15_M07_F04_KA04_16,KA04,6203_PU_2855,outer_race,N15_M07_F04,real,1499.3756152576311,1.2631819291517115,24.989593587627187,0.25641025641025644,0.017775229357798208,0.004367261325968368,0.0012,0,False,13.38187431991209,False,False,0.0012,0,False,13.38187431991209,False,False
PU,N15_M07_F04_KA04_17,KA04,6203_PU_2855,outer_race,N15_M07_F04,real,1499.6911984994615,0.867260195110485,24.99485330832436,0.25641025641025644,0.017775229357798208,0.004366342313782026,0.002,0,False,29.703891699974783,False,False,0.002,0,False,29.703891699974783,False,False
PU,N15_M07_F04_KA04_18,KA04,6203_PU_2855,outer_race,N15_M07_F04,real,1499.5800632558505,0.6298365016644903,24.993001054264177,0.25641025641025644,0.017775229357798208,0.004366665907385743,-0.001,0,False,26.53590762897967,False,False,-0.001,0,False,26.53590762897967,False,False
PU,N15_M07_F04_KA04_19,KA04,6203_PU_2855,outer_race,N15_M07_F04,real,1499.4172858888828,0.5224114145447235,24.990288098148046,0.25641025641025644,0.017775229357798208,0.004367139954460911,-0.0014,0,False,16.589619005931198,False,False,-0.0014,0,False,16.589619005931198,False,False
PU,N15_M07_F04_KA04_2,KA04,6203_PU_2855,outer_race,N15_M07_F04,real,1499.8103052245335,0.7376335313214832,24.996838420408892,0.25641025641025644,0.017775229357798208,0.004365995562775098,0.0134,0,False,15.041129249599466,False,False,0.0507,0,False,10.687643186695256,False,False
PU,N15_M07_F04_KA04_20,KA04,6203_PU_2855,outer_race,N15_M07_F04,real,1499.6380751287963,0.6030165679408137,24.993967918813272,0.25641025641025644,0.017775229357798208,0.0043664969876496965,-0.0011,0,False,18.75012045688173,False,False,-0.0011,0,False,18.75012045688173,False,False
PU,N15_M07_F04_KA04_3,KA04,6203_PU_2855,outer_race,N15_M07_F04,real,1499.3905433299394,0.5553820652977906,24.989842388832322,0.25641025641025644,0.017775229357798208,0.004367217845106659,-0.0094,0,False,4.52513241034929,False,False,-0.0094,0,False,4.52513241034929,False,False
PU,N15_M07_F04_KA04_4,KA04,6203_PU_2855,outer_race,N15_M07_F04,real,1499.7492592462281,0.7103336768080147,24.995820987437135,0.25641025641025644,0.017775229357798208,0.004366173276795468,0.015,0,False,15.063047307159767,True,False,-0.0,0,False,11.334219003987574,False,False
PU,N15_M07_F04_KA04_5,KA04,6203_PU_2855,outer_race,N15_M07_F04,real,1499.4172858888828,0.5224114145447235,24.990288098148046,0.25641025641025644,0.017775229357798208,0.004367139954460911,-0.0014,0,False,16.589619005931198,False,False,-0.0014,0,False,16.589619005931198,False,False
PU,N15_M07_F04_KA04_6,KA04,6203_PU_2855,outer_race,N15_M07_F04,real,1499.6380751287963,0.6030165679408137,24.993967918813272,0.25641025641025644,0.017775229357798208,0.0043664969876496965,-0.0011,0,False,18.75012045688173,False,False,-0.0011,0,False,18.75012045688173,False,False
PU,N15_M07_F04_KA04_7,KA04,6203_PU_2855,outer_race,N15_M07_F04,real,1499.5134360594059,1.0146516672259687,24.991890600990097,0.25641025641025644,0.017775229357798208,0.004366859929459987,0.0017,0,False,4.784104697431543,False,False,0.0017,0,False,4.784104697431543,False,False
PU,N15_M07_F04_KA04_8,KA04,6203_PU_2855,outer_race,N15_M07_F04,real,1499.6001754893864,0.5488087909871414,24.99333625815644,0.25641025641025644,0.017775229357798208,0.004366607342839048,-0.0007,1,False,36.523432124050856,False,False,-0.0007,1,False,36.523432124050856,False,False
PU,N15_M07_F04_KA04_9,KA04,6203_PU_2855,outer_race,N15_M07_F04,real,1499.4517520242593,0.5154090465866584,24.990862533737655,0.25641025641025644,0.017775229357798208,0.0043670395721467255,-0.0005,0,False,9.261194185752053,False,False,-0.0005,0,False,9.261194185752053,False,False
PU,N15_M07_F10_KA04_1,KA04,6203_PU_2855,outer_race,N15_M07_F10,real,1499.7992530142028,0.4183307868046104,24.99665421690338,0.25641025641025644,0.017775229357798208,0.004366027736348439,-0.0004,1,False,55.052348751502834,False,False,-0.0004,1,False,55.052348751502834,False,False
PU,N15_M07_F10_KA04_10,KA04,6203_PU_2855,outer_race,N15_M07_F10,real,1499.5267275176684,0.3689631438421366,24.992112125294472,0.25641025641025644,0.017775229357798208,0.004366821222623073,-0.0024,0,False,4.775070334317452,False,False,-0.0024,0,False,4.775070334317452,False,False
PU,N15_M07_F10_KA04_11,KA04,6203_PU_2855,outer_race,N15_M07_F10,real,1499.7426421111286,0.854524866965416,24.995710701852143,0.25641025641025644,0.017775229357798208,0.004366192541139648,0.0035,0,False,4.557750908288396,False,False,0.0035,0,False,4.557750908288396,False,False
PU,N15_M07_F10_KA04_12,KA04,6203_PU_2855,outer_race,N15_M07_F10,real,1499.6446787122266,0.5443051101164739,24.99407797853711,0.25641025641025644,0.017775229357798208,0.004366477760076949,0.0018,0,False,5.36050353020563,False,False,0.0018,0,False,5.36050353020563,False,False
PU,N15_M07_F10_KA04_13,KA04,6203_PU_2855,outer_race,N15_M07_F10,real,1499.3745817375618,0.2777974589570066,24.9895763622927,0.25641025641025644,0.017775229357798208,0.004367264336325008,0.0005,0,False,6.483456831319513,False,False,0.0005,0,False,6.483456831319513,False,False
PU,N15_M07_F10_KA04_14,KA04,6203_PU_2855,outer_race,N15_M07_F10,real,1499.487530839428,0.4996706644620935,24.991458847323802,0.25641025641025644,0.017775229357798208,0.004366935371545871,-0.0002,3,True,60.0,False,False,-0.0002,3,True,60.0,False,False
PU,N15_M07_F10_KA04_15,KA04,6203_PU_2855,outer_race,N15_M07_F10,real,1499.3507101277683,0.7192569521487517,24.98917850212947,0.25641025641025644,0.017775229357798208,0.004367333868842916,0.0015,0,False,4.496722656991569,False,False,0.0015,0,False,4.496722656991569,False,False
PU,N15_M07_F10_KA04_16,KA04,6203_PU_2855,outer_race,N15_M07_F10,real,1499.672874033039,0.8737838500032497,24.99454790055065,0.25641025641025644,0.017775229357798208,0.004366395666012705,-0.0005,0,False,38.22455941678565,False,False,-0.0005,0,False,38.22455941678565,False,False
PU,N15_M07_F10_KA04_17,KA04,6203_PU_2855,outer_race,N15_M07_F10,real,1499.8847920311537,0.40300600194633757,24.998079867185893,0.25641025641025644,0.017775229357798208,0.00436577874007717,0.0548,0,False,5.2367319857285715,False,False,0.0548,0,False,5.2367319857285715,False,False
PU,N15_M07_F10_KA04_18,KA04,6203_PU_2855,outer_race,N15_M07_F10,real,1499.2491756845232,0.959213961225914,24.98748626140872,0.25641025641025644,0.017775229357798208,0.004367629640099642,0.0544,0,False,4.263517029632815,False,False,0.0544,0,False,4.263517029632815,False,False
PU,N15_M07_F10_KA04_19,KA04,6203_PU_2855,outer_race,N15_M07_F10,real,1499.6744567331602,0.679411562614832,24.994574278886002,0.25641025641025644,0.017775229357798208,0.004366391057882642,0.0007,0,False,4.452645621976021,False,False,0.0007,0,False,4.452645621976021,False,False
PU,N15_M07_F10_KA04_2,KA04,6203_PU_2855,outer_race,N15_M07_F10,real,1499.9340608161979,0.6650777380890879,24.998901013603298,0.25641025641025644,0.017775229357798208,0.004365635336030343,0.0012,0,False,4.969239743768505,False,False,0.0012,0,False,4.969239743768505,False,False
PU,N15_M07_F10_KA04_20,KA04,6203_PU_2855,outer_race,N15_M07_F10,real,1499.5561993574438,0.4348258011817237,24.992603322624063,0.25641025641025644,0.017775229357798208,0.0043667353983935725,-0.0005,3,True,60.0,False,False,-0.0005,3,True,60.0,False,False
PU,N15_M07_F10_KA04_3,KA04,6203_PU_2855,outer_race,N15_M07_F10,real,1499.973277146032,1.0557079950743067,24.999554619100532,0.25641025641025644,0.017775229357798208,0.004365521197866763,0.0036,0,False,4.458497259510228,False,False,0.0036,0,False,4.458497259510228,False,False
PU,N15_M07_F10_KA04_4,KA04,6203_PU_2855,outer_race,N15_M07_F10,real,1499.6963457586137,0.5606561234785865,24.994939095976896,0.25641025641025644,0.017775229357798208,0.004366327327617994,0.0031,0,False,4.821468616364783,False,False,0.0031,0,False,4.821468616364783,False,False
PU,N15_M07_F10_KA04_5,KA04,6203_PU_2855,outer_race,N15_M07_F10,real,1499.7725686570982,0.7154568149211374,24.996209477618304,0.25641025641025644,0.017775229357798208,0.0043661054178887465,0.0011,0,False,4.725506602174882,False,False,0.0011,0,False,4.725506602174882,False,False
PU,N15_M07_F10_KA04_6,KA04,6203_PU_2855,outer_race,N15_M07_F10,real,1499.2785983075678,0.7906396584292207,24.987976638459465,0.25641025641025644,0.017775229357798208,0.004367543927463816,0.0586,0,False,4.334774897525961,False,False,0.0586,0,False,4.334774897525961,False,False
PU,N15_M07_F10_KA04_7,KA04,6203_PU_2855,outer_race,N15_M07_F10,real,1499.641564912637,0.6951455505217606,24.994026081877283,0.25641025641025644,0.017775229357798208,0.004366486826467862,-0.01,0,False,4.560108128517616,False,True,-0.01,0,False,4.560108128517616,False,True
PU,N15_M07_F10_KA04_8,KA04,6203_PU_2855,outer_race,N15_M07_F10,real,1499.4865536962338,0.8724797804299056,24.991442561603897,0.25641025641025644,0.017775229357798208,0.004366938217267407,0.0009,0,False,7.431430043743081,False,False,0.0009,0,False,7.431430043743081,False,False
PU,N15_M07_F10_KA04_9,KA04,6203_PU_2855,outer_race,N15_M07_F10,real,1499.7619429740469,0.7235917312545112,24.996032382900783,0.25641025641025644,0.017775229357798208,0.00436613635136626,-0.0001,0,False,6.2612883662444885,False,False,-0.0001,0,False,6.2612883662444885,False,False
PU,N09_M07_F10_KA05_1,KA05,6203_PU_2905,outer_race,N09_M07_F10,artificial,899.6989144508223,0.35269851702342364,14.994981907513704,0.25641025641025644,0.022982062780269034,0.007239591834757331,0.03,0,False,17.358185023722953,True,False,0.03,0,False,17.358185023722953,True,False
PU,N09_M07_F10_KA05_10,KA05,6203_PU_2905,outer_race,N09_M07_F10,artificial,899.7879665395509,0.4471331714768567,14.996466108992514,0.25641025641025644,0.022982062780269034,0.007238875331760622,0.0315,0,False,16.429229535246296,False,False,0.0315,0,False,16.429229535246296,False,False
PU,N09_M07_F10_KA05_11,KA05,6203_PU_2905,outer_race,N09_M07_F10,artificial,899.6312750200925,0.8698123861300668,14.993854583668208,0.25641025641025644,0.022982062780269034,0.007240136148726859,0.0259,0,False,12.445707243946211,True,False,0.0534,0,False,11.529070433844483,False,False
PU,N09_M07_F10_KA05_12,KA05,6203_PU_2905,outer_race,N09_M07_F10,artificial,899.9987311576773,0.9705912872035922,14.999978852627954,0.25641025641025644,0.022982062780269034,0.007237180108487361,0.0281,0,False,12.116314301330032,True,False,0.0281,0,False,9.087903675125808,True,False
PU,N09_M07_F10_KA05_13,KA05,6203_PU_2905,outer_race,N09_M07_F10,artificial,899.8797228229447,0.9687171435891255,14.997995380382411,0.25641025641025644,0.022982062780269034,0.007238137219455669,0.0209,0,False,17.206419724170903,True,False,0.029,0,False,8.5429902365961,True,False
PU,N09_M07_F10_KA05_14,KA05,6203_PU_2905,outer_race,N09_M07_F10,artificial,899.8113486419466,0.4368092842653239,14.99685581069911,0.25641025641025644,0.022982062780269034,0.007238687225526473,0.032,0,False,14.687212708501798,False,False,0.032,0,False,14.687212708501798,False,False
PU,N09_M07_F10_KA05_15,KA05,6203_PU_2905,outer_race,N09_M07_F10,artificial,899.6026031725847,0.6266259919563754,14.993376719543079,0.25641025641025644,0.022982062780269034,0.0072403669040391055,0.0325,0,False,18.049482406682156,False,False,0.0325,0,False,18.049482406682156,False,False
PU,N09_M07_F10_KA05_16,KA05,6203_PU_2905,outer_race,N09_M07_F10,artificial,899.8613769682336,0.47222042425251826,14.997689616137226,0.25641025641025644,0.022982062780269034,0.007238284786422322,0.037,0,False,16.004970880016266,False,False,0.037,0,False,16.004970880016266,False,False
PU,N09_M07_F10_KA05_17,KA05,6203_PU_2905,outer_race,N09_M07_F10,artificial,899.8647468861934,0.693094772542337,14.997745781436556,0.25641025641025644,0.022982062780269034,0.007238257679653239,0.0218,0,False,11.888039668143296,True,False,0.0478,0,False,11.379663633288498,False,False
PU,N09_M07_F10_KA05_18,KA05,6203_PU_2905,outer_race,N09_M07_F10,artificial,899.71668661281,0.5314034428069577,14.9952781102135,0.25641025641025644,0.022982062780269034,0.007239448830630891,0.0365,0,False,20.454899817168226,False,False,0.0365,0,False,20.454899817168226,False,False
PU,N09_M07_F10_KA05_19,KA05,6203_PU_2905,outer_race,N09_M07_F10,artificial,899.8299086209502,0.43080734849064584,14.997165143682503,0.25641025641025644,0.022982062780269034,0.0072385379196614075,0.0286,0,False,13.96028361769471,True,False,0.0286,0,False,13.645309432535804,True,False
PU,N09_M07_F10_KA05_2,KA05,6203_PU_2905,outer_race,N09_M07_F10,artificial,900.0027220256744,0.7613531477212465,15.000045367094573,0.25641025641025644,0.022982062780269034,0.007237148016772773,0.0387,0,False,13.465212153142907,False,False,0.0387,0,False,13.465212153142907,False,False
PU,N09_M07_F10_KA05_20,KA05,6203_PU_2905,outer_race,N09_M07_F10,artificial,899.8075852583875,0.47977845613105785,14.99679308763979,0.25641025641025644,0.022982062780269034,0.007238717500839709,0.0185,0,False,12.956297324844844,True,False,0.0424,0,False,10.636393462418175,False,False
PU,N09_M07_F10_KA05_3,KA05,6203_PU_2905,outer_race,N09_M07_F10,artificial,899.6942193937755,0.9012013029765279,14.994903656562924,0.25641025641025644,0.022982062780269034,0.007239629614589552,0.0217,0,False,18.393432901330215,True,False,0.0182,0,False,13.747626973488657,True,False
PU,N09_M07_F10_KA05_4,KA05,6203_PU_2905,outer_race,N09_M07_F10,artificial,899.7549988724364,0.80564053740409,14.99591664787394,0.25641025641025644,0.022982062780269034,0.0072391405693336495,0.0217,0,False,14.798933756222867,True,False,0.0396,0,False,13.987055465553922,False,False
PU,N09_M07_F10_KA05_5,KA05,6203_PU_2905,outer_race,N09_M07_F10,artificial,899.8821887587937,0.6330389829481421,14.99803647931323,0.25641025641025644,0.022982062780269034,0.007238117384879239,0.0223,0,False,19.76773867368543,True,False,0.0158,0,False,14.125964908278794,True,False
PU,N09_M07_F10_KA05_6,KA05,6203_PU_2905,outer_race,N09_M07_F10,artificial,899.9461574700947,1.4371746842154078,14.999102624501578,0.25641025641025644,0.022982062780269034,0.007237602895165036,0.0229,0,False,20.431325297725422,True,False,0.0405,0,False,9.38948937129489,False,False
PU,N09_M07_F10_KA05_7,KA05,6203_PU_2905,outer_race,N09_M07_F10,artificial,899.8645155050606,0.5637638322656267,14.997741925084343,0.25641025641025644,0.022982062780269034,0.00723825954081815,0.0352,0,False,16.947268073722718,False,False,0.0352,0,False,16.947268073722718,False,False
PU,N09_M07_F10_KA05_8,KA05,6203_PU_2905,outer_race,N09_M07_F10,artificial,899.6133195965137,1.004297248614996,14.993555326608563,0.25641025641025644,0.022982062780269034,0.007240280654936901,0.0218,0,False,11.963625461678099,True,False,0.0515,0,False,9.865721688165827,False,False
PU,N09_M07_F10_KA05_9,KA05,6203_PU_2905,outer_race,N09_M07_F10,artificial,899.8614582667228,0.6309678514782194,14.997690971112046,0.25641025641025644,0.022982062780269034,0.007238284132475414,0.0223,0,False,15.68495597399594,True,False,0.0481,0,False,9.778066749529415,False,False
PU,N15_M01_F10_KA05_1,KA05,6203_PU_2905,outer_race,N15_M01_F10,artificial,1499.6743604340477,0.5930461700033786,24.994572673900795,0.25641025641025644,0.022982062780269034,0.004343244831439961,0.0048,1,False,27.078482706933634,False,False,0.0048,1,False,27.078482706933634,False,False
PU,N15_M01_F10_KA05_10,KA05,6203_PU_2905,outer_race,N15_M01_F10,artificial,1499.5880113181586,0.28514038674416115,24.99313352196931,0.25641025641025644,0.022982062780269034,0.0043434949236976035,0.0082,0,False,27.73518483355138,False,False,0.0082,0,False,27.73518483355138,False,False
PU,N15_M01_F10_KA05_11,KA05,6203_PU_2905,outer_race,N15_M01_F10,artificial,1499.5616682830444,0.3400905993897461,24.992694471384073,0.25641025641025644,0.022982062780269034,0.00434357122655444,0.0053,0,False,18.99982161736535,False,False,0.0053,0,False,18.99982161736535,False,False
PU,N15_M01_F10_KA05_12,KA05,6203_PU_2905,outer_race,N15_M01_F10,artificial,1499.4002890353752,0.7403281153621115,24.990004817256253,0.25641025641025644,0.022982062780269034,0.00434403872163355,0.0411,0,False,28.630518382574436,False,False,0.0411,0,False,28.630518382574436,False,False
PU,N15_M01_F10_KA05_13,KA05,6203_PU_2905,outer_race,N15_M01_F10,artificial,1499.5556373068082,0.31385871844301083,24.99259395511347,0.25641025641025644,0.022982062780269034,0.004343588695712768,0.0409,0,False,30.37772455368878,False,False,0.0409,0,False,30.37772455368878,False,False
PU,N15_M01_F10_KA05_14,KA05,6203_PU_2905,outer_race,N15_M01_F10,artificial,1499.5969117357945,0.33130976800409595,24.993281862263242,0.25641025641025644,0.022982062780269034,0.004343469144157437,0.0045,1,False,24.03039189591877,False,False,0.0045,1,False,24.03039189591877,False,False
PU,N15_M01_F10_KA05_15,KA05,6203_PU_2905,outer_race,N15_M01_F10,artificial,1499.6042321222048,0.48380631843199956,24.993403868703414,0.25641025641025644,0.022982062780269034,0.004343447941314837,0.0047,1,False,23.993808959432673,False,False,0.0047,1,False,23.993808959432673,False,False
PU,N15_M01_F10_KA05_16,KA05,6203_PU_2905,outer_race,N15_M01_F10,artificial,1499.6265563955276,0.26080565006673806,24.99377593992546,0.25641025641025644,0.022982062780269034,0.004343383282337846,0.0296,0,False,25.606322344614593,False,False,0.0296,0,False,25.606322344614593,False,False
PU,N15_M01_F10_KA05_17,KA05,6203_PU_2905,outer_race,N15_M01_F10,artificial,1499.6420483191412,0.3868582663481559,24.994034138652353,0.25641025641025644,0.022982062780269034,0.004343338413389212,0.0358,0,False,25.249128556908996,False,False,0.0358,0,False,25.249128556908996,False,False
PU,N15_M01_F10_KA05_18,KA05,6203_PU_2905,outer_race,N15_M01_F10,artificial,1499.7372726324325,0.44564240607484235,24.99562121054054,0.25641025641025644,0.022982062780269034,0.004343062637474754,0.0072,0,False,24.92001616001193,False,False,0.0072,0,False,24.92001616001193,False,False
PU,N15_M01_F10_KA05_19,KA05,6203_PU_2905,outer_race,N15_M01_F10,artificial,1499.5916249552488,0.37732200311064024,24.993193749254146,0.25641025641025644,0.022982062780269034,0.0043434844569718,0.0054,1,False,29.446284556865173,False,False,0.0054,1,False,29.446284556865173,False,False
PU,N15_M01_F10_KA05_2,KA05,6203_PU_2905,outer_race,N15_M01_F10,artificial,1499.6177758522956,0.2469786041722414,24.99362959753826,0.25641025641025644,0.022982062780269034,0.0043434087136612785,0.006,0,False,17.206104115847978,False,False,0.006,0,False,17.206104115847978,False,False
PU,N15_M01_F10_KA05_20,KA05,6203_PU_2905,outer_race,N15_M01_F10,artificial,1499.595996952913,0.5357737703233105,24.993266615881886,0.25641025641025644,0.022982062780269034,0.004343471793758547,0.0411,0,False,27.03238181378182,False,False,0.0411,0,False,27.03238181378182,False,False
PU,N15_M01_F10_KA05_3,KA05,6203_PU_2905,outer_race,N15_M01_F10,artificial,1499.4866159336934,0.35184681471979573,24.99144359889489,0.25641025641025644,0.022982062780269034,0.004343788631112549,0.037,0,False,19.842334530655943,False,False,0.037,0,False,19.842334530655943,False,False
PU,N15_M01_F10_KA05_4,KA05,6203_PU_2905,outer_race,N15_M01_F10,artificial,1499.5378370918556,0.2336198714624794,24.99229728486426,0.25641025641025644,0.022982062780269034,0.0043436402561406115,0.0408,0,False,33.80067539455722,False,False,0.0408,0,False,33.80067539455722,False,False
PU,N15_M01_F10_KA05_5,KA05,6203_PU_2905,outer_race,N15_M01_F10,artificial,1499.6126014971499,0.17678361154644343,24.99354335828583,0.25641025641025644,0.022982062780269034,0.0043434237004246635,0.0047,0,False,26.024376211173603,False,False,0.0047,0,False,26.024376211173603,False,False
PU,N15_M01_F10_KA05_6,KA05,6203_PU_2905,outer_race,N15_M01_F10,artificial,1499.4130091502723,0.20998465804292968,24.990216819171206,0.25641025641025644,0.022982062780269034,0.004344001869431175,0.0046,1,False,24.38690681321386,False,False,0.0046,1,False,24.38690681321386,False,False
PU,N15_M01_F10_KA05_7,KA05,6203_PU_2905,outer_race,N15_M01_F10,artificial,1499.6898204672452,0.40205671055212994,24.994830341120753,0.25641025641025644,0.022982062780269034,0.004343200057708512,0.0411,0,False,19.27678025879612,False,False,0.0411,0,False,19.27678025879612,False,False
PU,N15_M01_F10_KA05_8,KA05,6203_PU_2905,outer_race,N15_M01_F10,artificial,1499.5055811977118,0.29574175914430517,24.99175968662853,0.25641025641025644,0.022982062780269034,0.0043437336922718655,-0.0083,0,False,21.772561240533136,False,False,-0.0083,0,False,21.772561240533136,False,False
PU,N15_M01_F10_KA05_9,KA05,6203_PU_2905,outer_race,N15_M01_F10,artificial,1499.6774370472292,0.48667507991049,24.994623950787155,0.25641025641025644,0.022982062780269034,0.004343235921201019,0.0408,0,False,26.932322878449682,False,False,0.0408,0,False,26.932322878449682,False,False
PU,N15_M07_F04_KA05_1,KA05,6203_PU_2905,outer_race,N15_M07_F04,artificial,1499.3178689819354,0.43989572175931263,24.98863114969892,0.25641025641025644,0.022982062780269034,0.004344277520830831,0.0412,0,False,30.945453587572956,False,False,0.0412,0,False,30.945453587572956,False,False
PU,N15_M07_F04_KA05_10,KA05,6203_PU_2905,outer_race,N15_M07_F04,artificial,1499.4380645206031,0.21727154200469287,24.99063440867672,0.25641025641025644,0.022982062780269034,0.004343929281854448,-0.0081,0,False,21.16189468623648,False,False,-0.0081,0,False,21.16189468623648,False,False
PU,N15_M07_F04_KA05_11,KA05,6203_PU_2905,outer_race,N15_M07_F04,artificial,1499.6362342079794,0.17414694055625438,24.993937236799656,0.25641025641025644,0.022982062780269034,0.004343355252574457,-0.008,1,False,24.728750729435205,False,False,-0.008,1,False,24.728750729435205,False,False
PU,N15_M07_F04_KA05_12,KA05,6203_PU_2905,outer_race,N15_M07_F04,artificial,1499.6464432193527,0.21977962943840418,24.99410738698921,0.25641025641025644,0.022982062780269034,0.004343325684696394,-0.0087,0,False,19.274823905475472,False,False,-0.0087,0,False,19.274823905475472,False,False
PU,N15_M07_F04_KA05_13,KA05,6203_PU_2905,outer_race,N15_M07_F04,artificial,1499.7237439616463,0.4313317717268551,24.995395732694103,0.25641025641025644,0.022982062780269034,0.004343101815266573,0.0054,0,False,23.261314717542078,False,False,0.0054,0,False,23.261314717542078,False,False
PU,N15_M07_F04_KA05_14,KA05,6203_PU_2905,outer_race,N15_M07_F04,artificial,1499.5711925010005,0.40918371108927976,24.99285320835001,0.25641025641025644,0.022982062780269034,0.004343543639255301,-0.0076,0,False,21.29154542527788,False,False,-0.0076,0,False,21.29154542527788,False,False
PU,N15_M07_F04_KA05_15,KA05,6203_PU_2905,outer_race,N15_M07_F04,artificial,1499.5228510890918,0.16322643329379347,24.99204751815153,0.25641025641025644,0.022982062780269034,0.004343683665819121,0.004,1,False,27.445223235384404,False,False,0.004,1,False,27.445223235384404,False,False
PU,N15_M07_F04_KA05_16,KA05,6203_PU_2905,outer_race,N15_M07_F04,artificial,1499.706118382557,0.2951064975552615,24.995101973042615,0.25641025641025644,0.022982062780269034,0.004343152858390022,0.0048,0,False,23.830000739523417,False,False,0.0048,0,False,23.830000739523417,False,False
PU,N15_M07_F04_KA05_17,KA05,6203_PU_2905,outer_race,N15_M07_F04,artificial,1499.5409781198152,0.36008401751632,24.992349635330253,0.25641025641025644,0.022982062780269034,0.004343631157692694,0.0069,0,False,16.01171949589283,False,False,0.0069,0,False,16.01171949589283,False,False
PU,N15_M07_F04_KA05_18,KA05,6203_PU_2905,outer_race,N15_M07_F04,artificial,1499.5376748792316,0.25029702232455364,24.99229458132053,0.25641025641025644,0.022982062780269034,0.00434364072601429,0.0413,0,False,19.38707313217993,False,False,0.0413,0,False,19.38707313217993,False,False
PU,N15_M07_F04_KA05_19,KA05,6203_PU_2905,outer_race,N15_M07_F04,artificial,1499.4264423360905,0.4075295646718565,24.990440705601507,0.25641025641025644,0.022982062780269034,0.004343962952027387,0.0053,0,False,21.4929638511208,False,False,0.0053,0,False,21.4929638511208,False,False
PU,N15_M07_F04_KA05_2,KA05,6203_PU_2905,outer_race,N15_M07_F04,artificial,1499.3829247918607,0.5113105988997101,24.98971541319768,0.25641025641025644,0.022982062780269034,0.004344089029626893,-0.0081,0,False,24.024705586788393,False,False,-0.0081,0,False,24.024705586788393,False,False
PU,N15_M07_F04_KA05_20,KA05,6203_PU_2905,outer_race,N15_M07_F04,artificial,1499.7088370067102,0.5672573601014698,24.99514728344517,0.25641025641025644,0.022982062780269034,0.004343144985261605,0.005,0,False,24.184455981547696,False,False,0.005,0,False,24.184455981547696,False,False
PU,N15_M07_F04_KA05_3,KA05,6203_PU_2905,outer_race,N15_M07_F04,artificial,1499.512637468784,0.4885356741176196,24.9918772911464,0.25641025641025644,0.022982062780269034,0.00434371325192236,0.04,0,False,27.810007639405352,False,False,0.04,0,False,27.810007639405352,False,False
PU,N15_M07_F04_KA05_4,KA05,6203_PU_2905,outer_race,N15_M07_F04,artificial,1499.6250327181326,0.3609331658161275,24.99375054530221,0.25641025641025644,0.022982062780269034,0.004343387695384294,0.0082,0,False,20.129547681348704,False,False,0.0082,0,False,20.129547681348704,False,False
PU,N15_M07_F04_KA05_5,KA05,6203_PU_2905,outer_race,N15_M07_F04,artificial,1499.6457793100212,0.33479229094545604,24.994096321833688,0.25641025641025644,0.022982062780269034,0.004343327607533434,0.0067,0,False,24.632911741831606,False,False,0.0067,0,False,24.632911741831606,False,False
PU,N15_M07_F04_KA05_6,KA05,6203_PU_2905,outer_race,N15_M07_F04,artificial,1499.6260730463052,0.5577120363696831,24.993767884105086,0.25641025641025644,0.022982062780269034,0.004343384682267448,-0.0087,1,False,26.515595463602086,False,False,-0.0087,1,False,26.515595463602086,False,False
PU,N15_M07_F04_KA05_7,KA05,6203_PU_2905,outer_race,N15_M07_F04,artificial,1499.7028413555263,0.22464782677604014,24.99504735592544,0.25641025641025644,0.022982062780269034,0.004343162348689649,0.0077,0,False,24.39182408401524,False,False,0.0077,0,False,24.39182408401524,False,False
PU,N15_M07_F04_KA05_8,KA05,6203_PU_2905,outer_race,N15_M07_F04,artificial,1499.5780291781757,0.3893595656841814,24.992967152969594,0.25641025641025644,0.022982062780269034,0.004343523836747475,0.0415,1,False,26.60938748910883,False,False,0.0415,1,False,26.60938748910883,False,False
PU,N15_M07_F04_KA05_9,KA05,6203_PU_2905,outer_race,N15_M07_F04,artificial,1499.4657413416269,0.2744298191761383,24.991095689027116,0.25641025641025644,0.022982062780269034,0.004343849102527933,0.0079,0,False,27.936227385394993,False,False,0.0079,0,False,27.936227385394993,False,False
PU,N15_M07_F10_KA05_1,KA05,6203_PU_2905,outer_race,N15_M07_F10,artificial,1499.7121661521621,1.618910943035228,24.995202769202702,0.25641025641025644,0.022982062780269034,0.004343135344103987,0.0039,1,False,23.938368680897938,False,False,0.0039,1,False,23.938368680897938,False,False
PU,N15_M07_F10_KA05_10,KA05,6203_PU_2905,outer_race,N15_M07_F10,artificial,1499.2235720427886,1.6291629733211759,24.987059534046477,0.25641025641025644,0.022982062780269034,0.004344550763648419,0.0417,0,False,19.389396492379714,False,False,0.0417,0,False,19.389396492379714,False,False
PU,N15_M07_F10_KA05_11,KA05,6203_PU_2905,outer_race,N15_M07_F10,artificial,1499.3531403842824,1.1471399946644085,24.989219006404706,0.25641025641025644,0.022982062780269034,0.0043441753242527085,0.0041,1,False,26.063344288505128,False,False,0.0041,1,False,26.063344288505128,False,False
PU,N15_M07_F10_KA05_12,KA05,6203_PU_2905,outer_race,N15_M07_F10,artificial,1499.5334257818272,2.2107537393686765,24.992223763030452,0.25641025641025644,0.022982062780269034,0.004343653034211106,0.0071,1,False,22.74470180852767,False,False,0.0071,1,False,22.74470180852767,False,False
PU,N15_M07_F10_KA05_13,KA05,6203_PU_2905,outer_race,N15_M07_F10,artificial,1499.7541515593673,2.51141330313645,24.995902525989454,0.25641025641025644,0.022982062780269034,0.004343013758638943,0.038,0,False,20.400669254061178,False,False,0.038,0,False,20.400669254061178,False,False
PU,N15_M07_F10_KA05_14,KA05,6203_PU_2905,outer_race,N15_M07_F10,artificial,1499.6477226303568,1.0080336115912725,24.994128710505947,0.25641025641025644,0.022982062780269034,0.004343321979227041,0.0379,0,False,18.06039092463772,False,False,0.0379,0,False,18.06039092463772,False,False
PU,N15_M07_F10_KA05_15,KA05,6203_PU_2905,outer_race,N15_M07_F10,artificial,1499.5023060434241,1.1436029632987543,24.991705100723735,0.25641025641025644,0.022982062780269034,0.0043437431796851025,0.0384,0,False,25.743550497378877,False,False,0.0384,0,False,25.743550497378877,False,False
PU,N15_M07_F10_KA05_16,KA05,6203_PU_2905,outer_race,N15_M07_F10,artificial,1499.3756200377811,1.132559328177763,24.98959366729635,0.25641025641025644,0.022982062780269034,0.004344110193437774,0.0035,0,False,23.24701145745692,False,False,0.0035,0,False,23.24701145745692,False,False
PU,N15_M07_F10_KA05_17,KA05,6203_PU_2905,outer_race,N15_M07_F10,artificial,1499.8282374593662,0.7395460211196164,24.997137290989436,0.25641025641025644,0.022982062780269034,0.004342799230018278,0.0042,0,False,21.54715349501005,False,False,0.0042,0,False,21.54715349501005,False,False
PU,N15_M07_F10_KA05_18,KA05,6203_PU_2905,outer_race,N15_M07_F10,artificial,1499.2288875499924,0.3555548037925775,24.987148125833205,0.25641025641025644,0.022982062780269034,0.004344535360069237,0.0389,0,False,27.35219743584746,False,False,0.0389,0,False,27.35219743584746,False,False
PU,N15_M07_F10_KA05_19,KA05,6203_PU_2905,outer_race,N15_M07_F10,artificial,1499.4355136365914,1.072120277902156,24.99059189394319,0.25641025641025644,0.022982062780269034,0.004343936671875328,0.0045,1,False,26.673025814704943,False,False,0.0045,1,False,26.673025814704943,False,False
PU,N15_M07_F10_KA05_2,KA05,6203_PU_2905,outer_race,N15_M07_F10,artificial,1499.5110956441013,1.6079980835438321,24.991851594068354,0.25641025641025644,0.022982062780269034,0.004343717718207622,-0.0084,0,False,22.876068094339324,False,False,-0.0084,0,False,22.876068094339324,False,False
PU,N15_M07_F10_KA05_20,KA05,6203_PU_2905,outer_race,N15_M07_F10,artificial,1499.5578122555255,1.8008351793245418,24.99263020425876,0.25641025641025644,0.022982062780269034,0.004343582395800497,0.0043,1,False,24.47209661925477,False,False,0.0043,1,False,24.47209661925477,False,False
PU,N15_M07_F10_KA05_3,KA05,6203_PU_2905,outer_race,N15_M07_F10,artificial,1499.706309630658,1.8009600720343584,24.995105160510967,0.25641025641025644,0.022982062780269034,0.004343152304535089,-0.01,0,False,11.2057771256551,False,True,-0.01,0,False,11.2057771256551,False,True
PU,N15_M07_F10_KA05_4,KA05,6203_PU_2905,outer_race,N15_M07_F10,artificial,1499.428434339126,1.3105254494706151,24.9904739056521,0.25641025641025644,0.022982062780269034,0.0043439571810367965,0.039,0,False,19.746700351289167,False,False,0.039,0,False,19.746700351289167,False,False
PU,N15_M07_F10_KA05_5,KA05,6203_PU_2905,outer_race,N15_M07_F10,artificial,1499.933882910589,0.8617493909654101,24.99889804850982,0.25641025641025644,0.022982062780269034,0.0043424933518796125,0.0393,1,False,41.77962201274952,False,False,0.0393,1,False,41.77962201274952,False,False
PU,N15_M07_F10_KA05_6,KA05,6203_PU_2905,outer_race,N15_M07_F10,artificial,1499.4740085074402,0.864908298970677,24.991233475124,0.25641025641025644,0.022982062780269034,0.004343825153249322,0.0034,0,False,23.153479239826467,False,False,0.0034,0,False,23.153479239826467,False,False
PU,N15_M07_F10_KA05_7,KA05,6203_PU_2905,outer_race,N15_M07_F10,artificial,1499.285459495716,1.5392127264112558,24.988090991595264,0.25641025641025644,0.022982062780269034,0.004344371429433461,0.0048,0,False,25.33602332421732,False,False,0.0048,0,False,25.33602332421732,False,False
PU,N15_M07_F10_KA05_8,KA05,6203_PU_2905,outer_race,N15_M07_F10,artificial,1499.413934472758,1.061051904353397,24.990232241212635,0.25641025641025644,0.022982062780269034,0.004343999188648694,0.0063,0,False,22.92868841973587,False,False,0.0063,0,False,22.92868841973587,False,False
PU,N15_M07_F10_KA05_9,KA05,6203_PU_2905,outer_race,N15_M07_F10,artificial,1499.841658402975,1.9768448490323263,24.997360973382918,0.25641025641025644,0.022982062780269034,0.004342760369607085,0.0397,0,False,19.412470657409752,False,False,0.0397,0,False,19.412470657409752,False,False
PU,N09_M07_F10_KA06_1,KA06,6203_PU_2905,outer_race,N09_M07_F10,artificial,900.6406504963073,4.875043062861387,15.010677508271788,0.25641025641025644,0.022982062780269034,0.007232021907082366,0.0507,0,False,9.498395122436166,False,False,0.0507,0,False,9.498395122436166,False,False
PU,N09_M07_F10_KA06_10,KA06,6203_PU_2905,outer_race,N09_M07_F10,artificial,899.5532137054979,0.9493045631681843,14.992553561758298,0.25641025641025644,0.022982062780269034,0.007240764432342552,0.0408,0,False,15.001246114379759,False,False,0.0408,0,False,15.001246114379759,False,False
PU,N09_M07_F10_KA06_11,KA06,6203_PU_2905,outer_race,N09_M07_F10,artificial,899.8636670397234,0.553279258270044,14.99772778399539,0.25641025641025644,0.022982062780269034,0.0072382663656434506,0.0223,0,False,22.237243409136738,True,False,0.0344,0,False,21.59850066687046,False,False
PU,N09_M07_F10_KA06_12,KA06,6203_PU_2905,outer_race,N09_M07_F10,artificial,899.9521087475405,0.5317515399892923,14.999201812459008,0.25641025641025644,0.022982062780269034,0.007237555033748353,0.0289,0,False,16.042216259053816,True,False,0.0289,0,False,16.042216259053816,True,False
PU,N09_M07_F10_KA06_13,KA06,6203_PU_2905,outer_race,N09_M07_F10,artificial,899.6110250050705,0.807777794352792,14.99351708341784,0.25641025641025644,0.022982062780269034,0.007240299122347345,0.0306,0,False,15.630791093859816,False,False,0.0306,0,False,15.630791093859816,False,False
PU,N09_M07_F10_KA06_14,KA06,6203_PU_2905,outer_race,N09_M07_F10,artificial,899.9706514068092,1.0065741810523183,14.999510856780153,0.25641025641025644,0.022982062780269034,0.007237405913866811,0.0224,0,False,12.62865180962621,True,False,0.0336,0,False,8.983321169096062,False,False
PU,N09_M07_F10_KA06_15,KA06,6203_PU_2905,outer_race,N09_M07_F10,artificial,899.8741612858718,0.671762178006636,14.997902688097863,0.25641025641025644,0.022982062780269034,0.007238181953675426,0.0316,0,False,15.06708788397317,False,False,0.0316,0,False,15.06708788397317,False,False
PU,N09_M07_F10_KA06_16,KA06,6203_PU_2905,outer_race,N09_M07_F10,artificial,899.7185694918539,0.7066381261694455,14.995309491530898,0.25641025641025644,0.022982062780269034,0.007239433680330613,0.0228,0,False,11.485996665310061,True,False,0.0031,0,False,10.611832094007182,False,False
PU,N09_M07_F10_KA06_17,KA06,6203_PU_2905,outer_race,N09_M07_F10,artificial,899.8155633682641,0.503713534464091,14.996926056137735,0.25641025641025644,0.022982062780269034,0.007238653319594197,0.0195,0,False,14.688638368753303,True,False,0.0274,0,False,13.600027372768638,True,False
PU,N09_M07_F10_KA06_18,KA06,6203_PU_2905,outer_race,N09_M07_F10,artificial,899.9238255403766,0.7388558515296049,14.998730425672942,0.25641025641025644,0.022982062780269034,0.007237782498854366,0.0335,1,False,24.97367189941816,False,False,0.0335,1,False,24.97367189941816,False,False
PU,N09_M07_F10_KA06_19,KA06,6203_PU_2905,outer_race,N09_M07_F10,artificial,899.9885586414498,1.1830331395680211,14.99980931069083,0.25641025641025644,0.022982062780269034,0.007237261909896266,0.031,0,False,13.881108814153565,False,False,0.031,0,False,13.881108814153565,False,False
PU,N09_M07_F10_KA06_2,KA06,6203_PU_2905,outer_race,N09_M07_F10,artificial,899.5657895352228,0.5904436840551542,14.992763158920381,0.25641025641025644,0.022982062780269034,0.007240663207260808,0.0398,0,False,12.593859614335123,False,False,0.0398,0,False,12.593859614335123,False,False
PU,N09_M07_F10_KA06_20,KA06,6203_PU_2905,outer_race,N09_M07_F10,artificial,899.5442179764278,1.4329751912074553,14.992403632940464,0.25641025641025644,0.022982062780269034,0.00724083684229616,0.0554,0,False,11.913509888127816,False,False,0.0554,0,False,11.913509888127816,False,False
PU,N09_M07_F10_KA06_3,KA06,6203_PU_2905,outer_race,N09_M07_F10,artificial,899.733414882501,0.7158126319787577,14.99555691470835,0.25641025641025644,0.022982062780269034,0.00723931423137021,0.0359,0,False,13.066237227480654,False,False,0.0359,0,False,13.066237227480654,False,False
PU,N09_M07_F10_KA06_4,KA06,6203_PU_2905,outer_race,N09_M07_F10,artificial,899.9823253608264,0.6356375007532775,14.99970542268044,0.25641025641025644,0.022982062780269034,0.007237312035196684,0.0282,0,False,15.180149649495743,True,False,0.0282,0,False,15.180149649495743,True,False
PU,N09_M07_F10_KA06_5,KA06,6203_PU_2905,outer_race,N09_M07_F10,artificial,899.8168230739004,0.655409432408087,14.996947051231674,0.25641025641025644,0.022982062780269034,0.007238643185784568,0.0303,0,False,25.214293441326,False,False,0.0303,0,False,25.214293441326,False,False
PU,N09_M07_F10_KA06_6,KA06,6203_PU_2905,outer_race,N09_M07_F10,artificial,899.6705849580038,0.8389678591121238,14.994509749300063,0.25641025641025644,0.022982062780269034,0.007239819800379772,0.0195,0,False,11.789332685944519,True,False,0.0155,0,False,9.58901083143692,False,False
PU,N09_M07_F10_KA06_7,KA06,6203_PU_2905,outer_race,N09_M07_F10,artificial,899.8639504196623,0.8503261944141957,14.997732506994371,0.25641025641025644,0.022982062780269034,0.007238264086210566,0.0288,0,False,10.893241393673264,True,False,0.0288,0,False,10.893241393673264,True,False
PU,N09_M07_F10_KA06_8,KA06,6203_PU_2905,outer_race,N09_M07_F10,artificial,899.3103437788423,0.8186716628990011,14.98850572964737,0.25641025641025644,0.022982062780269034,0.007242719890698811,0.0261,0,False,10.056399258597075,True,False,0.0454,0,False,9.654088230215471,False,False
PU,N09_M07_F10_KA06_9,KA06,6203_PU_2905,outer_race,N09_M07_F10,artificial,899.8650944522677,0.7120429645422265,14.997751574204463,0.25641025641025644,0.022982062780269034,0.007238254883931054,0.032,0,False,18.017797800464294,False,False,0.032,0,False,18.017797800464294,False,False
PU,N15_M01_F10_KA06_1,KA06,6203_PU_2905,outer_race,N15_M01_F10,artificial,1499.4310029962385,0.8500578416162274,24.990516716603974,0.25641025641025644,0.022982062780269034,0.004343949739456299,0.008,1,False,29.489606037104277,False,False,0.008,1,False,29.489606037104277,False,False
PU,N15_M01_F10_KA06_10,KA06,6203_PU_2905,outer_race,N15_M01_F10,artificial,1499.3709576800336,1.0318333513468643,24.989515961333893,0.25641025641025644,0.022982062780269034,0.004344123701633135,0.0082,1,False,24.656764736622602,False,False,0.0082,1,False,24.656764736622602,False,False
PU,N15_M01_F10_KA06_11,KA06,6203_PU_2905,outer_race,N15_M01_F10,artificial,1499.498876547835,1.0239859550827444,24.991647942463917,0.25641025641025644,0.022982062780269034,0.00434375311423611,0.0383,0,False,23.767536538968603,False,False,0.0383,0,False,23.767536538968603,False,False
PU,N15_M01_F10_KA06_12,KA06,6203_PU_2905,outer_race,N15_M01_F10,artificial,1499.4922510297968,0.698875131365832,24.99153751716328,0.25641025641025644,0.022982062780269034,0.004343772307142637,0.0381,0,False,21.687688443506094,False,False,0.0381,0,False,21.687688443506094,False,False
PU,N15_M01_F10_KA06_13,KA06,6203_PU_2905,outer_race,N15_M01_F10,artificial,1499.8926032774027,1.5268666812294038,24.998210054623378,0.25641025641025644,0.022982062780269034,0.004342612864791596,0.0067,0,False,21.226183344480436,False,False,0.0067,0,False,21.226183344480436,False,False
PU,N15_M01_F10_KA06_14,KA06,6203_PU_2905,outer_race,N15_M01_F10,artificial,1500.030305982236,1.0248806038296099,25.000505099703936,0.25641025641025644,0.022982062780269034,0.004342214213154265,0.0048,1,False,25.101387061514828,False,False,0.0048,1,False,25.101387061514828,False,False
PU,N15_M01_F10_KA06_15,KA06,6203_PU_2905,outer_race,N15_M01_F10,artificial,1499.3590303407734,0.6027884698624526,24.989317172346222,0.25641025641025644,0.022982062780269034,0.004344158258958052,-0.0065,0,False,21.490215318837727,False,False,-0.0065,0,False,21.490215318837727,False,False
PU,N15_M01_F10_KA06_16,KA06,6203_PU_2905,outer_race,N15_M01_F10,artificial,1500.0142248749942,0.7775151471591849,25.000237081249903,0.25641025641025644,0.022982062780269034,0.0043422607644544265,0.039,0,False,26.686247721574933,False,False,0.039,0,False,26.686247721574933,False,False
PU,N15_M01_F10_KA06_17,KA06,6203_PU_2905,outer_race,N15_M01_F10,artificial,1499.491583647906,1.305114112555781,24.991526394131768,0.25641025641025644,0.022982062780269034,0.004343774240434565,0.0413,0,False,15.351048926348072,False,False,0.0413,0,False,15.351048926348072,False,False
PU,N15_M01_F10_KA06_18,KA06,6203_PU_2905,outer_race,N15_M01_F10,artificial,1499.2934074508566,0.9344602098614206,24.988223457514277,0.25641025641025644,0.022982062780269034,0.004344348399338708,0.0295,0,False,17.48415740595424,False,False,0.0295,0,False,17.48415740595424,False,False
PU,N15_M01_F10_KA06_19,KA06,6203_PU_2905,outer_race,N15_M01_F10,artificial,1499.7975032004715,1.4659235203452585,24.99662505334119,0.25641025641025644,0.022982062780269034,0.00434288822384283,0.0382,0,False,26.833601801230063,False,False,0.0382,0,False,26.833601801230063,False,False
PU,N15_M01_F10_KA06_2,KA06,6203_PU_2905,outer_race,N15_M01_F10,artificial,1499.9485070631617,0.5852634421179951,24.99914178438603,0.25641025641025644,0.022982062780269034,0.004342451013569315,0.0055,0,False,26.080602790307907,False,False,0.0055,0,False,26.080602790307907,False,False
PU,N15_M01_F10_KA06_20,KA06,6203_PU_2905,outer_race,N15_M01_F10,artificial,1499.6215124916387,0.8071988311312451,24.993691874860644,0.25641025641025644,0.022982062780269034,0.004343397891095886,0.0045,1,False,26.180027775310258,False,False,0.0045,1,False,26.180027775310258,False,False
PU,N15_M01_F10_KA06_3,KA06,6203_PU_2905,outer_race,N15_M01_F10,artificial,1499.6501264323053,0.7002936595721012,24.994168773871756,0.25641025641025644,0.022982062780269034,0.0043433150172792825,-0.0086,0,False,17.73691087005319,False,False,-0.0086,0,False,17.73691087005319,False,False
PU,N15_M01_F10_KA06_4,KA06,6203_PU_2905,outer_race,N15_M01_F10,artificial,1499.6683414155652,1.2444513876958914,24.99447235692609,0.25641025641025644,0.022982062780269034,0.0043432622633415305,0.0045,0,False,17.089910575974887,False,False,0.0045,0,False,17.089910575974887,False,False
PU,N15_M01_F10_KA06_5,KA06,6203_PU_2905,outer_race,N15_M01_F10,artificial,1499.6943755815914,0.7989111486427442,24.99490625969319,0.25641025641025644,0.022982062780269034,0.004343186865838746,0.0069,1,False,28.146870474113936,False,False,0.0069,1,False,28.146870474113936,False,False
PU,N15_M01_F10_KA06_6,KA06,6203_PU_2905,outer_race,N15_M01_F10,artificial,1499.4278134637702,1.2374506270223953,24.990463557729505,0.25641025641025644,0.022982062780269034,0.004343958979760239,0.0406,0,False,24.168387191667232,False,False,0.0406,0,False,24.168387191667232,False,False
PU,N15_M01_F10_KA06_7,KA06,6203_PU_2905,outer_race,N15_M01_F10,artificial,1499.501032640013,1.1179366602321383,24.99168387733355,0.25641025641025644,0.022982062780269034,0.004343746868470413,0.0044,1,False,28.30852881847979,False,False,0.0044,1,False,28.30852881847979,False,False
PU,N15_M01_F10_KA06_8,KA06,6203_PU_2905,outer_race,N15_M01_F10,artificial,1499.6060920349785,1.4721319796708998,24.99343486724964,0.25641025641025644,0.022982062780269034,0.004343442554277301,0.0407,0,False,18.333520209315452,False,False,0.0407,0,False,18.333520209315452,False,False
PU,N15_M01_F10_KA06_9,KA06,6203_PU_2905,outer_race,N15_M01_F10,artificial,1499.3573641178573,1.0352363357471466,24.98928940196429,0.25641025641025644,0.022982062780269034,0.004344163086583684,0.0408,0,False,22.03939035939388,False,False,0.0408,0,False,22.03939035939388,False,False
PU,N15_M07_F04_KA06_1,KA06,6203_PU_2905,outer_race,N15_M07_F04,artificial,1499.4231468807068,1.901484671966769,24.990385781345115,0.25641025641025644,0.022982062780269034,0.0043439724992563504,0.0405,0,False,21.99520600579578,False,False,0.0405,0,False,21.99520600579578,False,False
PU,N15_M07_F04_KA06_10,KA06,6203_PU_2905,outer_race,N15_M07_F04,artificial,1499.9267814151704,0.9911561204028033,24.99877969025284,0.25641025641025644,0.022982062780269034,0.004342513911680949,0.0409,0,False,17.237600936141405,False,False,0.0409,0,False,17.237600936141405,False,False
PU,N15_M07_F04_KA06_11,KA06,6203_PU_2905,outer_race,N15_M07_F04,artificial,1499.7521037277972,1.6204481672710935,24.995868395463287,0.25641025641025644,0.022982062780269034,0.004343019688792775,0.0073,0,False,16.742834220683147,False,False,0.0073,0,False,16.742834220683147,False,False
PU,N15_M07_F04_KA06_12,KA06,6203_PU_2905,outer_race,N15_M07_F04,artificial,1499.510683355352,1.1719074885528769,24.9918447225892,0.25641025641025644,0.022982062780269034,0.004343718912507846,0.0521,0,False,12.37556020663742,False,False,0.0521,0,False,12.37556020663742,False,False
PU,N15_M07_F04_KA06_13,KA06,6203_PU_2905,outer_race,N15_M07_F04,artificial,1499.3516627910392,0.8123198098526494,24.98919437985065,0.25641025641025644,0.022982062780269034,0.004344179605385858,0.0045,0,False,23.788062450448926,False,False,0.0045,0,False,23.788062450448926,False,False
PU,N15_M07_F04_KA06_14,KA06,6203_PU_2905,outer_race,N15_M07_F04,artificial,1499.5923967310066,1.244643352297982,24.993206612183442,0.25641025641025644,0.022982062780269034,0.004343482221567022,0.0077,1,False,25.318486539944637,False,False,0.0077,1,False,25.318486539944637,False,False
PU,N15_M07_F04_KA06_15,KA06,6203_PU_2905,outer_race,N15_M07_F04,artificial,1499.2594829792013,1.1889431317276613,24.987658049653355,0.25641025641025644,0.022982062780269034,0.004344446701017509,0.041,0,False,19.522131157058304,False,False,0.041,0,False,19.522131157058304,False,False
PU,N15_M07_F04_KA06_16,KA06,6203_PU_2905,outer_race,N15_M07_F04,artificial,1499.3012979068465,0.937949601010421,24.98835496511411,0.25641025641025644,0.022982062780269034,0.004344325536095745,0.0383,0,False,16.744503333693366,False,False,0.0383,0,False,16.744503333693366,False,False
PU,N15_M07_F04_KA06_17,KA06,6203_PU_2905,outer_race,N15_M07_F04,artificial,1499.6257222366478,1.3175378887394713,24.993762037277463,0.25641025641025644,0.022982062780269034,0.0043433856983218335,0.0045,0,False,20.22735928780162,False,False,0.0045,0,False,20.22735928780162,False,False
PU,N15_M07_F04_KA06_18,KA06,6203_PU_2905,outer_race,N15_M07_F04,artificial,1499.9774640459566,1.2757728553247742,24.999624400765942,0.25641025641025644,0.022982062780269034,0.004342367182790318,0.0323,0,False,16.509465253382643,False,False,0.0323,0,False,16.509465253382643,False,False
PU,N15_M07_F04_KA06_19,KA06,6203_PU_2905,outer_race,N15_M07_F04,artificial,1499.365086170365,0.5718971392887251,24.989418102839416,0.25641025641025644,0.022982062780269034,0.004344140713209936,0.0043,0,False,16.370097547468262,False,False,0.0043,0,False,16.370097547468262,False,False
PU,N15_M07_F04_KA06_2,KA06,6203_PU_2905,outer_race,N15_M07_F04,artificial,1499.720377752797,0.8413855987706066,24.995339629213284,0.25641025641025644,0.022982062780269034,0.004343111563608984,0.0382,0,False,28.018800046339152,False,False,0.0382,0,False,28.018800046339152,False,False
PU,N15_M07_F04_KA06_20,KA06,6203_PU_2905,outer_race,N15_M07_F04,artificial,1499.4166871499754,1.4375423854192215,24.990278119166256,0.25641025641025644,0.022982062780269034,0.004343991213795739,0.008,0,False,19.419449384515257,False,False,0.008,0,False,19.419449384515257,False,False
PU,N15_M07_F04_KA06_3,KA06,6203_PU_2905,outer_race,N15_M07_F04,artificial,1500.037242780619,0.9946934894469113,25.000620713010317,0.25641025641025644,0.022982062780269034,0.004342194132943139,-0.01,0,False,20.367970873769092,False,True,-0.01,0,False,20.367970873769092,False,True
PU,N15_M07_F04_KA06_4,KA06,6203_PU_2905,outer_race,N15_M07_F04,artificial,1498.877435888273,1.0913717846835214,24.981290598137885,0.25641025641025644,0.022982062780269034,0.0043455540518816125,0.0392,0,False,12.860787956270208,False,False,0.0392,0,False,12.860787956270208,False,False
PU,N15_M07_F04_KA06_5,KA06,6203_PU_2905,outer_race,N15_M07_F04,artificial,1500.155230050115,2.5220503111411956,25.00258716750192,0.25641025641025644,0.022982062780269034,0.004341852619199024,0.0406,0,False,16.16755172578182,False,False,0.0406,0,False,16.16755172578182,False,False
PU,N15_M07_F04_KA06_6,KA06,6203_PU_2905,outer_race,N15_M07_F04,artificial,1499.5863912638124,0.5978337507083241,24.99310652106354,0.25641025641025644,0.022982062780269034,0.004343499616123375,-0.0076,0,False,18.265304504686064,False,False,-0.0076,0,False,18.265304504686064,False,False
PU,N15_M07_F04_KA06_7,KA06,6203_PU_2905,outer_race,N15_M07_F04,artificial,1499.6563060878414,0.9541662317510478,24.99427176813069,0.25641025641025644,0.022982062780269034,0.004343297119717966,0.0392,0,False,21.914210355313685,False,False,0.0392,0,False,21.914210355313685,False,False
PU,N15_M07_F04_KA06_8,KA06,6203_PU_2905,outer_race,N15_M07_F04,artificial,1499.6033963166285,0.7160941517771136,24.993389938610473,0.25641025641025644,0.022982062780269034,0.004343450362140249,0.0066,0,False,23.01265206724648,False,False,0.0066,0,False,23.01265206724648,False,False
PU,N15_M07_F04_KA06_9,KA06,6203_PU_2905,outer_race,N15_M07_F04,artificial,1499.402397411097,1.5237357292441012,24.990039956851614,0.25641025641025644,0.022982062780269034,0.004344032613289459,0.0393,0,False,21.06963561142463,False,False,0.0393,0,False,21.06963561142463,False,False
PU,N15_M07_F10_KA06_1,KA06,6203_PU_2905,outer_race,N15_M07_F10,artificial,1499.7309346878958,0.9212039696255434,24.995515578131595,0.25641025641025644,0.022982062780269034,0.004343080991493785,0.0076,0,False,18.090663344381902,False,False,0.0076,0,False,18.090663344381902,False,False
PU,N15_M07_F10_KA06_10,KA06,6203_PU_2905,outer_race,N15_M07_F10,artificial,1499.5699643156488,0.42660628721348126,24.992832738594146,0.25641025641025644,0.022982062780269034,0.0043435471967263085,0.0392,0,False,21.202837109711147,False,False,0.0392,0,False,21.202837109711147,False,False
PU,N15_M07_F10_KA06_11,KA06,6203_PU_2905,outer_race,N15_M07_F10,artificial,1499.671932542377,1.2252009386974079,24.994532209039615,0.25641025641025644,0.022982062780269034,0.004343251862929796,0.0076,0,False,24.976085942559966,False,False,0.0076,0,False,24.976085942559966,False,False
PU,N15_M07_F10_KA06_12,KA06,6203_PU_2905,outer_race,N15_M07_F10,artificial,1499.524938626075,0.8118727695292408,24.992082310434583,0.25641025641025644,0.022982062780269034,0.004343677618837132,0.0048,0,False,22.379361324382707,False,False,0.0048,0,False,22.379361324382707,False,False
PU,N15_M07_F10_KA06_13,KA06,6203_PU_2905,outer_race,N15_M07_F10,artificial,1499.7436369918162,0.9306260533849318,24.995727283196935,0.25641025641025644,0.022982062780269034,0.004343044207117212,0.0046,0,False,24.04434892317178,False,False,0.0046,0,False,24.04434892317178,False,False
PU,N15_M07_F10_KA06_14,KA06,6203_PU_2905,outer_race,N15_M07_F10,artificial,1499.6122337327015,0.9699341290068008,24.99353722887836,0.25641025641025644,0.022982062780269034,0.004343424765604571,0.0045,0,False,19.961959726987626,False,False,0.0045,0,False,19.961959726987626,False,False
PU,N15_M07_F10_KA06_15,KA06,6203_PU_2905,outer_race,N15_M07_F10,artificial,1499.509519196763,0.6898343673035967,24.99182531994605,0.25641025641025644,0.022982062780269034,0.004343722284795661,0.0038,0,False,14.450597280942478,False,False,0.0038,0,False,14.450597280942478,False,False
PU,N15_M07_F10_KA06_16,KA06,6203_PU_2905,outer_race,N15_M07_F10,artificial,1499.7799185313597,1.087559316332643,24.99633197552266,0.25641025641025644,0.022982062780269034,0.00434293914348208,0.0049,1,False,27.925715170428187,False,False,0.0049,1,False,27.925715170428187,False,False
PU,N15_M07_F10_KA06_17,KA06,6203_PU_2905,outer_race,N15_M07_F10,artificial,1499.3612363061927,0.4947109004811066,24.989353938436544,0.25641025641025644,0.022982062780269034,0.004344151867527713,0.039,0,False,21.510924527803077,False,False,0.039,0,False,21.510924527803077,False,False
PU,N15_M07_F10_KA06_18,KA06,6203_PU_2905,outer_race,N15_M07_F10,artificial,1499.3737995620074,1.3669503177037399,24.98956332603346,0.25641025641025644,0.022982062780269034,0.004344115467871252,0.0061,0,False,24.733947753956052,False,False,0.0061,0,False,24.733947753956052,False,False
PU,N15_M07_F10_KA06_19,KA06,6203_PU_2905,outer_race,N15_M07_F10,artificial,1499.4136045222303,0.8725513342875274,24.990226742037173,0.25641025641025644,0.022982062780269034,0.0043440001445589375,0.0396,0,False,29.20571492105593,False,False,0.0396,0,False,29.20571492105593,False,False
PU,N15_M07_F10_KA06_2,KA06,6203_PU_2905,outer_race,N15_M07_F10,artificial,1499.8034396505916,0.5049177823036148,24.996723994176527,0.25641025641025644,0.022982062780269034,0.004342871034030727,0.0365,0,False,19.582849172721357,False,False,0.0365,0,False,19.582849172721357,False,False
PU,N15_M07_F10_KA06_20,KA06,6203_PU_2905,outer_race,N15_M07_F10,artificial,1499.501128691561,0.7179363929986154,24.991685478192682,0.25641025641025644,0.022982062780269034,0.0043437465902288015,0.0059,0,False,20.593612665207406,False,False,0.0059,0,False,20.593612665207406,False,False
PU,N15_M07_F10_KA06_3,KA06,6203_PU_2905,outer_race,N15_M07_F10,artificial,1499.7652128417494,0.745346162415701,24.996086880695824,0.25641025641025644,0.022982062780269034,0.004342981727424216,-0.0073,0,False,18.251181908108347,False,False,-0.0073,0,False,18.251181908108347,False,False
PU,N15_M07_F10_KA06_4,KA06,6203_PU_2905,outer_race,N15_M07_F10,artificial,1499.5829009665579,0.7562336759674492,24.99304834944263,0.25641025641025644,0.022982062780269034,0.00434350972567102,0.0039,1,False,30.84893778457095,False,False,0.0039,1,False,30.84893778457095,False,False
PU,N15_M07_F10_KA06_5,KA06,6203_PU_2905,outer_race,N15_M07_F10,artificial,1499.4527724891118,0.9832359260136099,24.990879541485196,0.25641025641025644,0.022982062780269034,0.004343886672726469,0.0418,0,False,19.494282692719633,False,False,0.0418,0,False,19.494282692719633,False,False
PU,N15_M07_F10_KA06_6,KA06,6203_PU_2905,outer_race,N15_M07_F10,artificial,1499.7441347715926,0.5042682381766094,24.995735579526542,0.25641025641025644,0.022982062780269034,0.004343042765618277,0.0071,0,False,30.785679697518766,False,False,0.0071,0,False,30.785679697518766,False,False
PU,N15_M07_F10_KA06_7,KA06,6203_PU_2905,outer_race,N15_M07_F10,artificial,1499.58004094157,0.541654271703449,24.993000682359497,0.25641025641025644,0.022982062780269034,0.004343518009687886,0.0053,0,False,19.256388232509238,False,False,0.0053,0,False,19.256388232509238,False,False
PU,N15_M07_F10_KA06_8,KA06,6203_PU_2905,outer_race,N15_M07_F10,artificial,1499.4406767509022,0.31142749545174314,24.99067794584837,0.25641025641025644,0.022982062780269034,0.004343921714136789,0.0392,0,False,34.54359899919669,False,False,0.0392,0,False,34.54359899919669,False,False
PU,N15_M07_F10_KA06_9,KA06,6203_PU_2905,outer_race,N15_M07_F10,artificial,1499.839750281127,1.2316268461917501,24.997329171352117,0.25641025641025644,0.022982062780269034,0.004342765894541292,0.0047,0,False,24.77071885896262,False,False,0.0047,0,False,24.77071885896262,False,False
PU,N09_M07_F10_KA07_1,KA07,6203_PU_2905,outer_race,N09_M07_F10,artificial,899.6816646290761,0.3325104465037103,14.994694410484602,0.25641025641025644,0.022982062780269034,0.007239730641263648,0.0381,0,False,18.675602685810535,False,False,0.0381,0,False,18.675602685810535,False,False
PU,N09_M07_F10_KA07_10,KA07,6203_PU_2905,outer_race,N09_M07_F10,artificial,900.1194469643074,1.2214032894635558,15.001990782738456,0.25641025641025644,0.022982062780269034,0.007236209523930535,0.0221,0,False,15.266733736170153,True,False,-0.0045,0,False,6.997276191228247,False,False
PU,N09_M07_F10_KA07_11,KA07,6203_PU_2905,outer_race,N09_M07_F10,artificial,899.7389421261161,0.4521103611830618,14.995649035435267,0.25641025641025644,0.022982062780269034,0.007239269759077759,0.0442,0,False,11.446452010704808,False,False,0.0442,0,False,11.446452010704808,False,False
PU,N09_M07_F10_KA07_12,KA07,6203_PU_2905,outer_race,N09_M07_F10,artificial,899.7302352677134,1.0413141927067777,14.995503921128556,0.25641025641025644,0.022982062780269034,0.0072393398148503235,0.0268,0,False,13.801448022955103,True,False,0.0268,0,False,13.514215884341048,True,False
PU,N09_M07_F10_KA07_13,KA07,6203_PU_2905,outer_race,N09_M07_F10,artificial,899.7322710209824,0.6553252583053011,14.995537850349706,0.25641025641025644,0.022982062780269034,0.007239323434966921,0.0417,0,False,15.738643640179756,False,False,0.0417,0,False,15.738643640179756,False,False
PU,N09_M07_F10_KA07_14,KA07,6203_PU_2905,outer_race,N09_M07_F10,artificial,899.9616222012991,0.5847317307786405,14.999360370021652,0.25641025641025644,0.022982062780269034,0.007237478525880194,0.0231,0,False,8.86206286623869,True,False,-0.0033,0,False,8.727691960681108,False,False
PU,N09_M07_F10_KA07_15,KA07,6203_PU_2905,outer_race,N09_M07_F10,artificial,899.8210637200697,0.5445888205903714,14.997017728667828,0.25641025641025644,0.022982062780269034,0.0072386090717526394,0.0288,0,False,13.613890700816782,True,False,0.0366,0,False,13.454483498064596,False,False
PU,N09_M07_F10_KA07_16,KA07,6203_PU_2905,outer_race,N09_M07_F10,artificial,899.6756371510867,1.4912151159002855,14.99459395251811,0.25641025641025644,0.022982062780269034,0.0072397791446523,0.023,0,False,12.0910524568394,True,False,0.0458,0,False,7.84065990277717,False,False
PU,N09_M07_F10_KA07_17,KA07,6203_PU_2905,outer_race,N09_M07_F10,artificial,899.9453621121058,0.5274493250709741,14.999089368535097,0.25641025641025644,0.022982062780269034,0.007237609291648118,0.0268,0,False,9.823036183168771,True,False,0.0268,0,False,9.512280186931655,True,False
PU,N09_M07_F10_KA07_18,KA07,6203_PU_2905,outer_race,N09_M07_F10,artificial,899.826704567824,0.4911091596258487,14.997111742797067,0.25641025641025644,0.022982062780269034,0.007238563694246593,0.0598,0,False,9.981660559448791,False,False,0.0598,0,False,9.981660559448791,False,False
PU,N09_M07_F10_KA07_19,KA07,6203_PU_2905,outer_race,N09_M07_F10,artificial,899.63294671376,0.5668607236081714,14.993882445229334,0.25641025641025644,0.022982062780269034,0.007240122695140265,0.032,0,False,10.253378477927937,False,False,0.032,0,False,10.253378477927937,False,False
PU,N09_M07_F10_KA07_2,KA07,6203_PU_2905,outer_race,N09_M07_F10,artificial,899.7325540745765,0.4832585950426139,14.995542567909608,0.25641025641025644,0.022982062780269034,0.007239321157494013,0.0389,0,False,12.076107860330957,False,False,0.0389,0,False,12.076107860330957,False,False
PU,N09_M07_F10_KA07_20,KA07,6203_PU_2905,outer_race,N09_M07_F10,artificial,899.6838703775884,0.5261931551496314,14.994731172959806,0.25641025641025644,0.022982062780269034,0.007239712891667798,0.0175,0,False,7.380699953848587,True,False,-0.002,0,False,7.213730124660979,False,False
PU,N09_M07_F10_KA07_3,KA07,6203_PU_2905,outer_race,N09_M07_F10,artificial,899.8678752406638,0.7098050877309913,14.99779792067773,0.25641025641025644,0.022982062780269034,0.00723823251614158,0.0416,0,False,12.14506558099465,False,False,0.0416,0,False,12.14506558099465,False,False
PU,N09_M07_F10_KA07_4,KA07,6203_PU_2905,outer_race,N09_M07_F10,artificial,899.6890657942082,0.6319862373324848,14.994817763236803,0.25641025641025644,0.022982062780269034,0.007239671084641227,0.0254,0,False,10.058495106848202,True,False,0.0427,0,False,7.238258297895466,False,False
PU,N09_M07_F10_KA07_5,KA07,6203_PU_2905,outer_race,N09_M07_F10,artificial,899.926796459314,0.9325026009765973,14.998779940988566,0.25641025641025644,0.022982062780269034,0.007237758604838569,0.0347,0,False,14.836258885397172,False,False,0.0347,0,False,14.836258885397172,False,False
PU,N09_M07_F10_KA07_6,KA07,6203_PU_2905,outer_race,N09_M07_F10,artificial,899.8780415995288,0.968927417563677,14.997967359992147,0.25641025641025644,0.022982062780269034,0.0072381507423167875,0.0402,0,False,10.318321351725388,False,False,0.0402,0,False,10.318321351725388,False,False
PU,N09_M07_F10_KA07_7,KA07,6203_PU_2905,outer_race,N09_M07_F10,artificial,899.5570554990336,0.9623771768136111,14.99261759165056,0.25641025641025644,0.022982062780269034,0.00724073350876542,0.0424,0,False,8.998718007441385,False,False,0.0424,0,False,8.998718007441385,False,False
PU,N09_M07_F10_KA07_8,KA07,6203_PU_2905,outer_race,N09_M07_F10,artificial,899.7484045997004,0.43059115681650795,14.99580674332834,0.25641025641025644,0.022982062780269034,0.007239193625129075,0.0417,0,False,8.785603088279975,False,False,0.0417,0,False,8.785603088279975,False,False
PU,N09_M07_F10_KA07_9,KA07,6203_PU_2905,outer_race,N09_M07_F10,artificial,899.8099253810415,0.5065211165432378,14.996832089684025,0.25641025641025644,0.022982062780269034,0.007238698675211836,0.0313,0,False,9.229059177358998,False,False,0.0313,0,False,9.229059177358998,False,False
PU,N15_M01_F10_KA07_1,KA07,6203_PU_2905,outer_race,N15_M01_F10,artificial,1499.2197711209558,0.7405673549982345,24.986996185349263,0.25641025641025644,0.022982062780269034,0.004344561778242923,0.0052,1,False,29.850596829539068,False,False,0.0052,1,False,29.850596829539068,False,False
PU,N15_M01_F10_KA07_10,KA07,6203_PU_2905,outer_race,N15_M01_F10,artificial,1499.5820142328644,0.7355809364718188,24.99303357054774,0.25641025641025644,0.022982062780269034,0.0043435122940776736,0.0383,0,False,28.01932656192532,False,False,0.0383,0,False,28.01932656192532,False,False
PU,N15_M01_F10_KA07_11,KA07,6203_PU_2905,outer_race,N15_M01_F10,artificial,1499.6176490457535,0.4806824044966621,24.993627484095892,0.25641025641025644,0.022982062780269034,0.004343409080936657,0.0401,0,False,24.821774765900315,False,False,0.0401,0,False,24.821774765900315,False,False
PU,N15_M01_F10_KA07_12,KA07,6203_PU_2905,outer_race,N15_M01_F10,artificial,1499.4604270729394,0.5468563183910883,24.991007117882322,0.25641025641025644,0.022982062780269034,0.004343864497653307,0.0387,0,False,32.62753507063408,False,False,0.0387,0,False,32.62753507063408,False,False
PU,N15_M01_F10_KA07_13,KA07,6203_PU_2905,outer_race,N15_M01_F10,artificial,1499.8639323759444,0.8798244666173995,24.99773220626574,0.25641025641025644,0.022982062780269034,0.004342695876738766,0.0385,0,False,27.546875386894882,False,False,0.0385,0,False,27.546875386894882,False,False
PU,N15_M01_F10_KA07_14,KA07,6203_PU_2905,outer_race,N15_M01_F10,artificial,1499.5609785740473,0.6227677472561218,24.99268297623412,0.25641025641025644,0.022982062780269034,0.004343573224339257,0.0038,1,False,24.772590207011106,False,False,0.0038,1,False,24.772590207011106,False,False
PU,N15_M01_F10_KA07_15,KA07,6203_PU_2905,outer_race,N15_M01_F10,artificial,1499.6301286156126,0.8872213241703946,24.99383547692688,0.25641025641025644,0.022982062780269034,0.004343372936105996,0.0043,1,False,27.422611949824365,False,False,0.0043,1,False,27.422611949824365,False,False
PU,N15_M01_F10_KA07_16,KA07,6203_PU_2905,outer_race,N15_M01_F10,artificial,1499.7368943605702,0.5532642801412683,24.995614906009504,0.25641025641025644,0.022982062780269034,0.004343063732905825,0.0042,1,False,24.110025771451063,False,False,0.0042,1,False,24.110025771451063,False,False
PU,N15_M01_F10_KA07_17,KA07,6203_PU_2905,outer_race,N15_M01_F10,artificial,1499.5252411001047,0.5997150066049863,24.992087351668413,0.25641025641025644,0.022982062780269034,0.0043436767426600345,0.0383,0,False,29.739597542406266,False,False,0.0383,0,False,29.739597542406266,False,False
PU,N15_M01_F10_KA07_18,KA07,6203_PU_2905,outer_race,N15_M01_F10,artificial,1499.6189871803304,0.9812000159752742,24.99364978633884,0.25641025641025644,0.022982062780269034,0.004343405205241616,0.0081,1,False,22.309527730015336,False,False,0.0081,1,False,22.309527730015336,False,False
PU,N15_M01_F10_KA07_19,KA07,6203_PU_2905,outer_race,N15_M01_F10,artificial,1499.482775009879,0.7240594340258482,24.991379583497984,0.25641025641025644,0.022982062780269034,0.004343799757723322,0.0036,1,False,24.447811104299603,False,False,0.0036,1,False,24.447811104299603,False,False
PU,N15_M01_F10_KA07_2,KA07,6203_PU_2905,outer_race,N15_M01_F10,artificial,1499.6517248068885,0.45619408951879,24.994195413448143,0.25641025641025644,0.022982062780269034,0.004343310388041563,0.0389,0,False,32.30575319171052,False,False,0.0389,0,False,32.30575319171052,False,False
PU,N15_M01_F10_KA07_20,KA07,6203_PU_2905,outer_race,N15_M01_F10,artificial,1499.53340443333,1.4513136712210892,24.992223407222166,0.25641025641025644,0.022982062780269034,0.00434365309605065,0.0045,1,False,25.336049963081884,False,False,0.0045,1,False,25.336049963081884,False,False
PU,N15_M01_F10_KA07_3,KA07,6203_PU_2905,outer_race,N15_M01_F10,artificial,1499.4746654274356,0.8292112948193915,24.991244423790594,0.25641025641025644,0.022982062780269034,0.004343823250219103,0.0044,1,False,25.364119124305077,False,False,0.0044,1,False,25.364119124305077,False,False
PU,N15_M01_F10_KA07_4,KA07,6203_PU_2905,outer_race,N15_M01_F10,artificial,1499.6544921897885,0.7831059818803436,24.994241536496475,0.25641025641025644,0.022982062780269034,0.004343302373126821,0.0397,0,False,30.181851734087985,False,False,0.0397,0,False,30.181851734087985,False,False
PU,N15_M01_F10_KA07_5,KA07,6203_PU_2905,outer_race,N15_M01_F10,artificial,1499.5769111875672,0.610278336758426,24.992948519792787,0.25641025641025644,0.022982062780269034,0.004343527075006761,0.007,1,False,24.495698598973952,False,False,0.007,1,False,24.495698598973952,False,False
PU,N15_M01_F10_KA07_6,KA07,6203_PU_2905,outer_race,N15_M01_F10,artificial,1499.5793821671086,0.3822828575566992,24.992989702785145,0.25641025641025644,0.022982062780269034,0.004343519917822107,0.0088,0,False,24.635464005999207,False,False,0.0088,0,False,24.635464005999207,False,False
PU,N15_M01_F10_KA07_7,KA07,6203_PU_2905,outer_race,N15_M01_F10,artificial,1499.7038771293023,0.6928893631664463,24.995064618821704,0.25641025641025644,0.022982062780269034,0.0043431593490750355,0.0044,1,False,27.14270142496597,False,False,0.0044,1,False,27.14270142496597,False,False
PU,N15_M01_F10_KA07_8,KA07,6203_PU_2905,outer_race,N15_M01_F10,artificial,1499.659728587449,0.8427016757516552,24.99432880979082,0.25641025641025644,0.022982062780269034,0.004343287207514281,0.0394,0,False,27.925081689366472,False,False,0.0394,0,False,27.925081689366472,False,False
PU,N15_M01_F10_KA07_9,KA07,6203_PU_2905,outer_race,N15_M01_F10,artificial,1499.448617348508,0.8655375776106126,24.9908102891418,0.25641025641025644,0.022982062780269034,0.004343898710124539,0.0059,1,False,22.75298009231197,False,False,0.0059,1,False,22.75298009231197,False,False
PU,N15_M07_F04_KA07_1,KA07,6203_PU_2905,outer_race,N15_M07_F04,artificial,1499.6234926422455,0.5222214991658362,24.99372487737076,0.25641025641025644,0.022982062780269034,0.004343392155935019,0.0084,1,False,25.507369904597994,False,False,0.0084,1,False,25.507369904597994,False,False
PU,N15_M07_F04_KA07_10,KA07,6203_PU_2905,outer_race,N15_M07_F04,artificial,1499.7723738401817,0.5538182108813717,24.996206230669696,0.25641025641025644,0.022982062780269034,0.004342960990887202,0.0043,1,False,23.348841536495225,False,False,0.0043,1,False,23.348841536495225,False,False
PU,N15_M07_F04_KA07_11,KA07,6203_PU_2905,outer_race,N15_M07_F04,artificial,1499.6656360324282,0.36775913496541346,24.994427267207136,0.25641025641025644,0.022982062780269034,0.004343270098547062,0.0415,0,False,24.416683666380845,False,False,0.0415,0,False,24.416683666380845,False,False
PU,N15_M07_F04_KA07_12,KA07,6203_PU_2905,outer_race,N15_M07_F04,artificial,1499.5896055442329,0.8066126850895077,24.99316009240388,0.25641025641025644,0.022982062780269034,0.004343490306092337,0.0052,1,False,22.390342908159155,False,False,0.0052,1,False,22.390342908159155,False,False
PU,N15_M07_F04_KA07_13,KA07,6203_PU_2905,outer_race,N15_M07_F04,artificial,1499.790983646946,0.813363309480203,24.996516394115766,0.25641025641025644,0.022982062780269034,0.00434290710226825,0.0086,0,False,25.994322178661985,False,False,0.0086,0,False,25.994322178661985,False,False
PU,N15_M07_F04_KA07_14,KA07,6203_PU_2905,outer_race,N15_M07_F04,artificial,1499.4285274936353,0.4254235746151855,24.990475458227255,0.25641025641025644,0.022982062780269034,0.004343956911161179,0.0048,0,False,23.714622765355386,False,False,0.0048,0,False,23.714622765355386,False,False
PU,N15_M07_F04_KA07_15,KA07,6203_PU_2905,outer_race,N15_M07_F04,artificial,1499.3220575110336,0.7495335360715658,24.988700958517224,0.25641025641025644,0.022982062780269034,0.004344265384590511,0.0049,0,False,25.164391032137935,False,False,0.0049,0,False,25.164391032137935,False,False
PU,N15_M07_F04_KA07_16,KA07,6203_PU_2905,outer_race,N15_M07_F04,artificial,1499.8205652179847,0.4183136154042853,24.997009420299744,0.25641025641025644,0.022982062780269034,0.004342821445345056,0.0411,0,False,24.548614007819744,False,False,0.0411,0,False,24.548614007819744,False,False
PU,N15_M07_F04_KA07_17,KA07,6203_PU_2905,outer_race,N15_M07_F04,artificial,1499.509565869201,0.7480973456975413,24.991826097820017,0.25641025641025644,0.022982062780269034,0.004343722149596717,0.005,1,False,27.586748270752018,False,False,0.005,1,False,27.586748270752018,False,False
PU,N15_M07_F04_KA07_18,KA07,6203_PU_2905,outer_race,N15_M07_F04,artificial,1499.4571460950835,0.33701791764450534,24.99095243491806,0.25641025641025644,0.022982062780269034,0.004343874002508622,0.0406,0,False,28.38236232657061,False,False,0.0406,0,False,28.38236232657061,False,False
PU,N15_M07_F04_KA07_19,KA07,6203_PU_2905,outer_race,N15_M07_F04,artificial,1499.3753480087269,0.4889600910173756,24.98958913347878,0.25641025641025644,0.022982062780269034,0.004344110981582109,0.0039,1,False,23.448683379036144,False,False,0.0039,1,False,23.448683379036144,False,False
PU,N15_M07_F04_KA07_2,KA07,6203_PU_2905,outer_race,N15_M07_F04,artificial,1499.4602728526845,0.5688448682054389,24.99100454754474,0.25641025641025644,0.022982062780269034,0.004343864944421989,0.0046,1,False,24.581739478988816,False,False,0.0046,1,False,24.581739478988816,False,False
PU,N15_M07_F04_KA07_20,KA07,6203_PU_2905,outer_race,N15_M07_F04,artificial,1499.7329758031992,0.4614119213578373,24.995549596719986,0.25641025641025644,0.022982062780269034,0.0043430750806221705,0.0048,1,False,24.28600194581297,False,False,0.0048,1,False,24.28600194581297,False,False
PU,N15_M07_F04_KA07_3,KA07,6203_PU_2905,outer_race,N15_M07_F04,artificial,1499.4447393438345,0.4843708050696938,24.990745655730574,0.25641025641025644,0.022982062780269034,0.004343909944722959,0.0044,1,False,29.463246716863402,False,False,0.0044,1,False,29.463246716863402,False,False
PU,N15_M07_F04_KA07_4,KA07,6203_PU_2905,outer_race,N15_M07_F04,artificial,1499.7058375118904,0.4187472239727479,24.99509729186484,0.25641025641025644,0.022982062780269034,0.004343153671792362,0.0403,0,False,27.778985404650065,False,False,0.0403,0,False,27.778985404650065,False,False
PU,N15_M07_F04_KA07_5,KA07,6203_PU_2905,outer_race,N15_M07_F04,artificial,1499.5028663559242,0.4649293630555638,24.991714439265404,0.25641025641025644,0.022982062780269034,0.004343741556578101,0.0079,0,False,25.574552735698518,False,False,0.0079,0,False,25.574552735698518,False,False
PU,N15_M07_F04_KA07_6,KA07,6203_PU_2905,outer_race,N15_M07_F04,artificial,1499.4527675472846,0.8495486708898087,24.99087945912141,0.25641025641025644,0.022982062780269034,0.0043438866870428505,0.0056,1,False,23.79022497719862,False,False,0.0056,1,False,23.79022497719862,False,False
PU,N15_M07_F04_KA07_7,KA07,6203_PU_2905,outer_race,N15_M07_F04,artificial,1499.6142500309784,0.647480581400785,24.99357083384964,0.25641025641025644,0.022982062780269034,0.004343418925676156,0.0384,1,False,27.877807801835022,False,False,0.0384,1,False,27.877807801835022,False,False
PU,N15_M07_F04_KA07_8,KA07,6203_PU_2905,outer_race,N15_M07_F04,artificial,1499.7719949662926,0.5801012601520606,24.996199916104878,0.25641025641025644,0.022982062780269034,0.004342962088010316,0.0046,1,False,23.60795062574079,False,False,0.0046,1,False,23.60795062574079,False,False
PU,N15_M07_F04_KA07_9,KA07,6203_PU_2905,outer_race,N15_M07_F04,artificial,1499.668371681125,0.8176476982013074,24.994472861352087,0.25641025641025644,0.022982062780269034,0.004343262175687975,0.0062,1,False,22.9474164200874,False,False,0.0062,1,False,22.9474164200874,False,False
PU,N15_M07_F10_KA07_1,KA07,6203_PU_2905,outer_race,N15_M07_F10,artificial,1499.418158749766,0.7139088842265219,24.990302645829434,0.25641025641025644,0.022982062780269034,0.004343986950397618,0.0041,1,False,22.631697860335066,False,False,0.0041,1,False,22.631697860335066,False,False
PU,N15_M07_F10_KA07_10,KA07,6203_PU_2905,outer_race,N15_M07_F10,artificial,1499.675643060729,0.6310404986582269,24.99459405101215,0.25641025641025644,0.022982062780269034,0.004343241116795578,-0.0075,0,False,23.79855007953762,False,False,-0.0075,0,False,23.79855007953762,False,False
PU,N15_M07_F10_KA07_11,KA07,6203_PU_2905,outer_race,N15_M07_F10,artificial,1499.9179001935108,1.3618493305632133,24.998631669891846,0.25641025641025644,0.022982062780269034,0.004342539624307356,0.0416,0,False,26.671126145044717,False,False,0.0416,0,False,26.671126145044717,False,False
PU,N15_M07_F10_KA07_12,KA07,6203_PU_2905,outer_race,N15_M07_F10,artificial,1499.7887480572979,0.6198719170161098,24.996479134288297,0.25641025641025644,0.022982062780269034,0.004342913575818725,0.0387,1,False,35.600702416981186,False,False,0.0387,1,False,35.600702416981186,False,False
PU,N15_M07_F10_KA07_13,KA07,6203_PU_2905,outer_race,N15_M07_F10,artificial,1499.5187176545653,0.727675903132424,24.99197862757609,0.25641025641025644,0.022982062780269034,0.004343695639215535,0.0405,0,False,31.96810477866575,False,False,0.0405,0,False,31.96810477866575,False,False
PU,N15_M07_F10_KA07_14,KA07,6203_PU_2905,outer_race,N15_M07_F10,artificial,1499.6896641176247,0.9360493294956275,24.994827735293747,0.25641025641025644,0.022982062780269034,0.004343200510507311,0.0386,0,False,37.790620488437426,False,False,0.0386,0,False,37.790620488437426,False,False
PU,N15_M07_F10_KA07_15,KA07,6203_PU_2905,outer_race,N15_M07_F10,artificial,1499.572017237554,1.2702128877756154,24.992866953959233,0.25641025641025644,0.022982062780269034,0.004343541250387564,0.0394,0,False,27.29895314158556,False,False,0.0394,0,False,27.29895314158556,False,False
PU,N15_M07_F10_KA07_16,KA07,6203_PU_2905,outer_race,N15_M07_F10,artificial,1499.6979691728336,0.6725145624079761,24.99496615288056,0.25641025641025644,0.022982062780269034,0.004343176458651028,0.0388,0,False,36.17734850348677,False,False,0.0388,0,False,36.17734850348677,False,False
PU,N15_M07_F10_KA07_17,KA07,6203_PU_2905,outer_race,N15_M07_F10,artificial,1499.5692685821152,0.8393154597627182,24.992821143035254,0.25641025641025644,0.022982062780269034,0.004343549211939278,0.0076,1,False,25.96197953384865,False,False,0.0076,1,False,25.96197953384865,False,False
PU,N15_M07_F10_KA07_18,KA07,6203_PU_2905,outer_race,N15_M07_F10,artificial,1499.4814011591595,0.4764745678947733,24.99135668598599,0.25641025641025644,0.022982062780269034,0.004343803737587572,0.0056,1,False,25.46436204513501,False,False,0.0056,1,False,25.46436204513501,False,False
PU,N15_M07_F10_KA07_19,KA07,6203_PU_2905,outer_race,N15_M07_F10,artificial,1499.4307290500283,0.9429912217363925,24.990512150833805,0.25641025641025644,0.022982062780269034,0.004343950533096542,0.039,0,False,32.23378340786253,False,False,0.039,0,False,32.23378340786253,False,False
PU,N15_M07_F10_KA07_2,KA07,6203_PU_2905,outer_race,N15_M07_F10,artificial,1499.7030637690407,0.49988803956732725,24.995051062817346,0.25641025641025644,0.022982062780269034,0.0043431617045768065,0.0388,0,False,32.980427375443284,False,False,0.0388,0,False,32.980427375443284,False,False
PU,N15_M07_F10_KA07_20,KA07,6203_PU_2905,outer_race,N15_M07_F10,artificial,1499.7335799715988,0.7209620648052937,24.995559666193312,0.25641025641025644,0.022982062780269034,0.004343073331012269,0.0035,0,False,26.26841514342222,False,False,0.0035,0,False,26.26841514342222,False,False
PU,N15_M07_F10_KA07_3,KA07,6203_PU_2905,outer_race,N15_M07_F10,artificial,1499.5838293626757,1.0065240412979728,24.99306382271126,0.25641025641025644,0.022982062780269034,0.004343507036593233,0.0386,0,False,22.02189966284021,False,False,0.0386,0,False,22.02189966284021,False,False
PU,N15_M07_F10_KA07_4,KA07,6203_PU_2905,outer_race,N15_M07_F10,artificial,1499.5930250420313,0.5575846346269165,24.993217084033855,0.25641025641025644,0.022982062780269034,0.004343480401701418,0.0393,0,False,29.432699257234212,False,False,0.0393,0,False,29.432699257234212,False,False
PU,N15_M07_F10_KA07_5,KA07,6203_PU_2905,outer_race,N15_M07_F10,artificial,1499.7079223362302,1.026128731460897,24.99513203893717,0.25641025641025644,0.022982062780269034,0.004343147634141729,0.008,1,False,22.690834334530475,False,False,0.008,1,False,22.690834334530475,False,False
PU,N15_M07_F10_KA07_6,KA07,6203_PU_2905,outer_race,N15_M07_F10,artificial,1499.7441088244655,0.4704752055897261,24.995735147074424,0.25641025641025644,0.022982062780269034,0.004343042840757417,0.0399,0,False,27.944638564720268,False,False,0.0399,0,False,27.944638564720268,False,False
PU,N15_M07_F10_KA07_7,KA07,6203_PU_2905,outer_race,N15_M07_F10,artificial,1499.6407725464533,0.98069556633044,24.99401287577422,0.25641025641025644,0.022982062780269034,0.0043433421083491144,0.041,0,False,31.878797929252734,False,False,0.041,0,False,31.878797929252734,False,False
PU,N15_M07_F10_KA07_8,KA07,6203_PU_2905,outer_race,N15_M07_F10,artificial,1499.4040086962166,0.48230683232974964,24.990066811603608,0.25641025641025644,0.022982062780269034,0.004344027945117927,0.0398,0,False,37.39906333667558,False,False,0.0398,0,False,37.39906333667558,False,False
PU,N15_M07_F10_KA07_9,KA07,6203_PU_2905,outer_race,N15_M07_F10,artificial,1499.5314789884326,0.7087308631827081,24.992191316473875,0.25641025641025644,0.022982062780269034,0.004343658673435859,0.0388,0,False,40.11218712692701,False,False,0.0388,0,False,40.11218712692701,False,False
PU,N09_M07_F10_KA08_1,KA08,6203_PU_2905,outer_race,N09_M07_F10,artificial,899.7512984944046,0.5246525360717147,14.995854974906743,0.25641025641025644,0.022982062780269034,0.00723917034151267,0.0342,0,False,16.107155222876614,False,False,0.0342,0,False,16.107155222876614,False,False
PU,N09_M07_F10_KA08_10,KA08,6203_PU_2905,outer_race,N09_M07_F10,artificial,899.5455181366874,0.40892703746511294,14.992425302278123,0.25641025641025644,0.022982062780269034,0.007240826376735365,0.0359,0,False,12.488933514415603,False,False,0.0359,0,False,12.488933514415603,False,False
PU,N09_M07_F10_KA08_11,KA08,6203_PU_2905,outer_race,N09_M07_F10,artificial,900.0022207583827,0.6522574985236121,15.000037012639712,0.25641025641025644,0.022982062780269034,0.007237152047591256,0.0152,0,False,9.415630142001874,False,False,0.0152,0,False,9.396768311046943,False,False
PU,N09_M07_F10_KA08_12,KA08,6203_PU_2905,outer_race,N09_M07_F10,artificial,899.7522364476725,0.4339311549447787,14.995870607461208,0.25641025641025644,0.022982062780269034,0.007239162794986855,0.0379,0,False,19.7661121264244,False,False,0.0379,0,False,19.7661121264244,False,False
PU,N09_M07_F10_KA08_13,KA08,6203_PU_2905,outer_race,N09_M07_F10,artificial,899.9519204114029,0.8168938126342001,14.99919867352338,0.25641025641025644,0.022982062780269034,0.007237556548377224,0.0519,0,False,14.259438804507962,False,False,0.0519,0,False,14.259438804507962,False,False
PU,N09_M07_F10_KA08_14,KA08,6203_PU_2905,outer_race,N09_M07_F10,artificial,899.8250877155003,1.2042525232916959,14.997084795258338,0.25641025641025644,0.022982062780269034,0.007238576700872758,0.0401,0,False,9.26969107329983,False,False,0.0401,0,False,9.26969107329983,False,False
PU,N09_M07_F10_KA08_15,KA08,6203_PU_2905,outer_race,N09_M07_F10,artificial,899.8387594986317,0.7750399073026467,14.997312658310529,0.25641025641025644,0.022982062780269034,0.007238466720890467,0.0204,0,False,13.02561359241574,True,False,0.035,0,False,10.882443296743652,False,False
PU,N09_M07_F10_KA08_16,KA08,6203_PU_2905,outer_race,N09_M07_F10,artificial,899.65614104699,0.6568601999090284,14.994269017449833,0.25641025641025644,0.022982062780269034,0.007239936035136787,0.0003,0,False,10.133675958717498,False,False,0.0003,0,False,10.133675958717498,False,False
PU,N09_M07_F10_KA08_17,KA08,6203_PU_2905,outer_race,N09_M07_F10,artificial,899.6363341215026,0.7032464709942351,14.993938902025043,0.25641025641025644,0.022982062780269034,0.007240095433849515,0.0402,0,False,15.054199103539439,False,False,0.0402,0,False,15.054199103539439,False,False
PU,N09_M07_F10_KA08_18,KA08,6203_PU_2905,outer_race,N09_M07_F10,artificial,899.8872660477052,0.8340563426230649,14.998121100795087,0.25641025641025644,0.022982062780269034,0.007238076546415884,0.0337,0,False,10.331937979238873,False,False,0.0337,0,False,10.331937979238873,False,False
PU,N09_M07_F10_KA08_19,KA08,6203_PU_2905,outer_race,N09_M07_F10,artificial,899.8657630471018,0.3190961656600687,14.997762717451698,0.25641025641025644,0.022982062780269034,0.007238249505951335,0.0337,0,False,13.638552147575759,False,False,0.0337,0,False,13.638552147575759,False,False
PU,N09_M07_F10_KA08_2,KA08,6203_PU_2905,outer_race,N09_M07_F10,artificial,899.7522089470582,0.6652239488313104,14.995870149117637,0.25641025641025644,0.022982062780269034,0.007239163016249356,0.0356,0,False,16.255163266062976,False,False,0.0356,0,False,16.255163266062976,False,False
PU,N09_M07_F10_KA08_20,KA08,6203_PU_2905,outer_race,N09_M07_F10,artificial,899.7524104851732,0.5678477619286034,14.99587350808622,0.25641025641025644,0.022982062780269034,0.007239161394728535,0.0319,0,False,10.292916816681895,False,False,0.0319,0,False,10.292916816681895,False,False
PU,N09_M07_F10_KA08_3,KA08,6203_PU_2905,outer_race,N09_M07_F10,artificial,899.6455079894869,0.6685361104863516,14.994091799824782,0.25641025641025644,0.022982062780269034,0.0072400216051257404,0.045,0,False,14.120873711234513,False,False,0.045,0,False,14.120873711234513,False,False
PU,N09_M07_F10_KA08_4,KA08,6203_PU_2905,outer_race,N09_M07_F10,artificial,899.7948279963987,0.8369453001478191,14.996580466606645,0.25641025641025644,0.022982062780269034,0.00723882013114247,0.0313,0,False,12.667053797271961,False,False,0.0313,0,False,12.667053797271961,False,False
PU,N09_M07_F10_KA08_5,KA08,6203_PU_2905,outer_race,N09_M07_F10,artificial,899.7639929494397,0.3926561131110596,14.996066549157328,0.25641025641025644,0.022982062780269034,0.007239068206593834,0.039,0,False,13.429842619577816,False,False,0.039,0,False,13.429842619577816,False,False
PU,N09_M07_F10_KA08_6,KA08,6203_PU_2905,outer_race,N09_M07_F10,artificial,899.7795417664421,0.7064029756026097,14.996325696107368,0.25641025641025644,0.022982062780269034,0.007238943110454627,0.0443,0,False,13.895753386891007,False,False,0.0443,0,False,13.895753386891007,False,False
PU,N09_M07_F10_KA08_7,KA08,6203_PU_2905,outer_race,N09_M07_F10,artificial,899.7073789087958,0.922423891232534,14.995122981813264,0.25641025641025644,0.022982062780269034,0.007239523724589215,0.0451,0,False,10.133341571427666,False,False,0.0451,0,False,10.133341571427666,False,False
PU,N09_M07_F10_KA08_8,KA08,6203_PU_2905,outer_race,N09_M07_F10,artificial,899.7720836638571,0.5386891488734172,14.996201394397618,0.25641025641025644,0.022982062780269034,0.007239003113183435,0.0463,0,False,25.2699193269623,False,False,0.0463,0,False,25.2699193269623,False,False
PU,N09_M07_F10_KA08_9,KA08,6203_PU_2905,outer_race,N09_M07_F10,artificial,899.8424629396878,0.41521292742120663,14.99737438232813,0.25641025641025644,0.022982062780269034,0.007238436929859324,0.0345,0,False,14.136424487895017,False,False,0.0345,0,False,14.136424487895017,False,False
PU,N15_M01_F10_KA08_1,KA08,6203_PU_2905,outer_race,N15_M01_F10,artificial,1499.6459493255152,0.46762793272916986,24.994099155425253,0.25641025641025644,0.022982062780269034,0.004343327115128551,0.0063,1,False,25.875826197967438,False,False,0.0063,1,False,25.875826197967438,False,False
PU,N15_M01_F10_KA08_10,KA08,6203_PU_2905,outer_race,N15_M01_F10,artificial,1499.6424456527393,0.8800667041368546,24.99404076087899,0.25641025641025644,0.022982062780269034,0.004343337262612049,0.0418,0,False,24.656140715371208,False,False,0.0418,0,False,24.656140715371208,False,False
PU,N15_M01_F10_KA08_11,KA08,6203_PU_2905,outer_race,N15_M01_F10,artificial,1499.5752288088333,0.5214306102656502,24.992920480147223,0.25641025641025644,0.022982062780269034,0.004343531948025093,0.0064,1,False,21.947658609832356,False,False,0.0064,1,False,21.947658609832356,False,False
PU,N15_M01_F10_KA08_12,KA08,6203_PU_2905,outer_race,N15_M01_F10,artificial,1499.671500362256,1.1157701321895583,24.9945250060376,0.25641025641025644,0.022982062780269034,0.0043432531145819854,0.0427,0,False,39.428505981878835,False,False,0.0427,0,False,39.428505981878835,False,False
PU,N15_M01_F10_KA08_13,KA08,6203_PU_2905,outer_race,N15_M01_F10,artificial,1499.536626277593,0.43353685412833654,24.992277104626552,0.25641025641025644,0.022982062780269034,0.004343643763451791,0.0387,0,False,27.56545527391198,False,False,0.0387,0,False,27.56545527391198,False,False
PU,N15_M01_F10_KA08_14,KA08,6203_PU_2905,outer_race,N15_M01_F10,artificial,1499.5722803030665,0.8925731878821622,24.99287133838444,0.25641025641025644,0.022982062780269034,0.004343540488413019,0.0046,1,False,24.846184715364537,False,False,0.0046,1,False,24.846184715364537,False,False
PU,N15_M01_F10_KA08_15,KA08,6203_PU_2905,outer_race,N15_M01_F10,artificial,1499.957636189949,0.5932563433863073,24.99929393649915,0.25641025641025644,0.022982062780269034,0.004342424584298971,0.0037,0,False,24.356772662746028,False,False,0.0037,0,False,24.356772662746028,False,False
PU,N15_M01_F10_KA08_16,KA08,6203_PU_2905,outer_race,N15_M01_F10,artificial,1499.5058105503438,0.8126469620232872,24.991763509172397,0.25641025641025644,0.022982062780269034,0.004343733027888474,0.0398,0,False,31.009132178636325,False,False,0.0398,0,False,31.009132178636325,False,False
PU,N15_M01_F10_KA08_17,KA08,6203_PU_2905,outer_race,N15_M01_F10,artificial,1499.5338922446902,0.2866325397153197,24.992231537411502,0.25641025641025644,0.022982062780269034,0.004343651683022686,0.0383,0,False,32.8916164415909,False,False,0.0383,0,False,32.8916164415909,False,False
PU,N15_M01_F10_KA08_18,KA08,6203_PU_2905,outer_race,N15_M01_F10,artificial,1499.8492969831655,0.9987356836119278,24.997488283052757,0.25641025641025644,0.022982062780269034,0.004342738252369441,0.0394,0,False,32.71765769139063,False,False,0.0394,0,False,32.71765769139063,False,False
PU,N15_M01_F10_KA08_19,KA08,6203_PU_2905,outer_race,N15_M01_F10,artificial,1499.759701939429,0.8444321089113224,24.99599503232382,0.25641025641025644,0.022982062780269034,0.004342997685812781,0.0392,0,False,34.09908068596579,False,False,0.0392,0,False,34.09908068596579,False,False
PU,N15_M01_F10_KA08_20,KA08,6203_PU_2905,outer_race,N15_M01_F10,artificial,1499.4366134203046,0.9953572472012373,24.990610223671744,0.25641025641025644,0.022982062780269034,0.0043439334857514455,0.0404,0,False,32.38526085525866,False,False,0.0404,0,False,32.38526085525866,False,False
PU,N15_M01_F10_KA08_3,KA08,6203_PU_2905,outer_race,N15_M01_F10,artificial,1499.8013837631718,0.6309880308142938,24.996689729386198,0.25641025641025644,0.022982062780269034,0.004342876987121598,0.0391,0,False,40.06817031183444,False,False,0.0391,0,False,40.06817031183444,False,False
PU,N15_M01_F10_KA08_4,KA08,6203_PU_2905,outer_race,N15_M01_F10,artificial,1499.6444416317674,1.277671731920179,24.994074027196124,0.25641025641025644,0.022982062780269034,0.0043433314817683715,0.0041,1,False,25.675004412945306,False,False,0.0041,1,False,25.675004412945306,False,False
PU,N15_M01_F10_KA08_5,KA08,6203_PU_2905,outer_race,N15_M01_F10,artificial,1499.4862412176371,0.7854565638284197,24.991437353627287,0.25641025641025644,0.022982062780269034,0.0043437897166092344,0.0052,1,False,24.28013984410209,False,False,0.0052,1,False,24.28013984410209,False,False
PU,N15_M01_F10_KA08_6,KA08,6203_PU_2905,outer_race,N15_M01_F10,artificial,1499.6449612059796,0.4925123231809031,24.994082686766326,0.25641025641025644,0.022982062780269034,0.004343329976956839,0.039,0,False,33.75803388306655,False,False,0.039,0,False,33.75803388306655,False,False
PU,N15_M01_F10_KA08_7,KA08,6203_PU_2905,outer_race,N15_M01_F10,artificial,1499.652097488628,0.46239485209196574,24.994201624810465,0.25641025641025644,0.022982062780269034,0.004343309308676241,0.039,0,False,41.33377473618445,False,False,0.039,0,False,41.33377473618445,False,False
PU,N15_M01_F10_KA08_8,KA08,6203_PU_2905,outer_race,N15_M01_F10,artificial,1499.5610741699477,0.8097918404270084,24.99268456949913,0.25641025641025644,0.022982062780269034,0.004343572947439703,0.0387,1,False,32.62029914652224,False,False,0.0387,1,False,32.62029914652224,False,False
PU,N15_M01_F10_KA08_9,KA08,6203_PU_2905,outer_race,N15_M01_F10,artificial,1499.5121151752512,0.9083624322238821,24.99186858625419,0.25641025641025644,0.022982062780269034,0.004343714764876685,0.0389,0,False,26.364041914453736,False,False,0.0389,0,False,26.364041914453736,False,False
PU,N15_M07_F04_KA08_1,KA08,6203_PU_2905,outer_race,N15_M07_F04,artificial,1499.3767899582954,0.36810922927611506,24.98961316597159,0.25641025641025644,0.022982062780269034,0.004344106803853737,0.0049,0,False,25.37299018549403,False,False,0.0049,0,False,25.37299018549403,False,False
PU,N15_M07_F04_KA08_10,KA08,6203_PU_2905,outer_race,N15_M07_F04,artificial,1499.5496203820614,0.6138692883887384,24.992493673034357,0.25641025641025644,0.022982062780269034,0.004343606124309966,-0.0071,1,False,26.81632724403734,False,False,-0.0071,1,False,26.81632724403734,False,False
PU,N15_M07_F04_KA08_11,KA08,6203_PU_2905,outer_race,N15_M07_F04,artificial,1499.3706371546905,0.6834952557594012,24.989510619244843,0.25641025641025644,0.022982062780269034,0.004344124630290603,0.0384,0,False,27.213069082125333,False,False,0.0384,0,False,27.213069082125333,False,False
PU,N15_M07_F04_KA08_12,KA08,6203_PU_2905,outer_race,N15_M07_F04,artificial,1499.5882508580385,1.398360621331705,24.993137514300642,0.25641025641025644,0.022982062780269034,0.004343494229880316,0.0041,1,False,24.424325504173304,False,False,0.0041,1,False,24.424325504173304,False,False
PU,N15_M07_F04_KA08_13,KA08,6203_PU_2905,outer_race,N15_M07_F04,artificial,1499.7447519374216,0.858587561668509,24.995745865623693,0.25641025641025644,0.022982062780269034,0.0043430409783957605,0.0388,0,False,29.521469900926313,False,False,0.0388,0,False,29.521469900926313,False,False
PU,N15_M07_F04_KA08_14,KA08,6203_PU_2905,outer_race,N15_M07_F04,artificial,1499.635670976476,0.4501335929065397,24.993927849607932,0.25641025641025644,0.022982062780269034,0.00434335688384701,0.0384,0,False,29.920694504468365,False,False,0.0384,0,False,29.920694504468365,False,False
PU,N15_M07_F04_KA08_15,KA08,6203_PU_2905,outer_race,N15_M07_F04,artificial,1499.478424607316,0.6397895947818404,24.991307076788598,0.25641025641025644,0.022982062780269034,0.004343812360290514,0.0396,0,False,32.32502046589903,False,False,0.0396,0,False,32.32502046589903,False,False
PU,N15_M07_F04_KA08_16,KA08,6203_PU_2905,outer_race,N15_M07_F04,artificial,1499.7096077126726,0.5745959655101613,24.995160128544544,0.25641025641025644,0.022982062780269034,0.004343142753304352,0.0084,1,False,28.015816170101388,False,False,0.0084,1,False,28.015816170101388,False,False
PU,N15_M07_F04_KA08_17,KA08,6203_PU_2905,outer_race,N15_M07_F04,artificial,1499.4718566566155,0.9979001649842767,24.99119761094359,0.25641025641025644,0.022982062780269034,0.004343831386953341,0.0084,1,False,25.789131691808763,False,False,0.0084,1,False,25.789131691808763,False,False
PU,N15_M07_F04_KA08_18,KA08,6203_PU_2905,outer_race,N15_M07_F04,artificial,1499.594808601749,0.8295121848173526,24.993246810029152,0.25641025641025644,0.022982062780269034,0.004343475235734828,0.0412,0,False,20.5645661339308,False,False,0.0412,0,False,20.5645661339308,False,False
PU,N15_M07_F04_KA08_19,KA08,6203_PU_2905,outer_race,N15_M07_F04,artificial,1499.6554162111302,0.711061858928983,24.99425693685217,0.25641025641025644,0.022982062780269034,0.004343299696975992,0.0059,1,False,22.79859711501514,False,False,0.0059,1,False,22.79859711501514,False,False
PU,N15_M07_F04_KA08_2,KA08,6203_PU_2905,outer_race,N15_M07_F04,artificial,1499.525857995957,0.35069554395585895,24.99209763326595,0.25641025641025644,0.022982062780269034,0.004343674955697742,0.0389,0,False,30.262420533527447,False,False,0.0389,0,False,30.262420533527447,False,False
PU,N15_M07_F04_KA08_20,KA08,6203_PU_2905,outer_race,N15_M07_F04,artificial,1499.567379363493,0.7487192549589722,24.992789656058218,0.25641025641025644,0.022982062780269034,0.004343554684126904,0.0063,1,False,24.632042997995192,False,False,0.0063,1,False,24.632042997995192,False,False
PU,N15_M07_F04_KA08_3,KA08,6203_PU_2905,outer_race,N15_M07_F04,artificial,1499.676249701962,0.9174763483920273,24.994604161699367,0.25641025641025644,0.022982062780269034,0.004343239359890281,0.0043,1,False,26.401193846919853,False,False,0.0043,1,False,26.401193846919853,False,False
PU,N15_M07_F04_KA08_4,KA08,6203_PU_2905,outer_race,N15_M07_F04,artificial,1499.6333755194735,1.0691795678797278,24.993889591991223,0.25641025641025644,0.022982062780269034,0.004343363532131275,0.0394,0,False,23.786995623184545,False,False,0.0394,0,False,23.786995623184545,False,False
PU,N15_M07_F04_KA08_5,KA08,6203_PU_2905,outer_race,N15_M07_F04,artificial,1499.352769310874,1.2576691002832736,24.9892128218479,0.25641025641025644,0.022982062780269034,0.004344176399388579,0.0412,0,False,28.7319814091474,False,False,0.0412,0,False,28.7319814091474,False,False
PU,N15_M07_F04_KA08_6,KA08,6203_PU_2905,outer_race,N15_M07_F04,artificial,1499.5567279323789,0.5980945235873041,24.992612132206315,0.25641025641025644,0.022982062780269034,0.004343585536626611,0.0053,1,False,25.980752532552064,False,False,0.0053,1,False,25.980752532552064,False,False
PU,N15_M07_F04_KA08_7,KA08,6203_PU_2905,outer_race,N15_M07_F04,artificial,1499.4538156390847,0.41824129914230423,24.99089692731808,0.25641025641025644,0.022982062780269034,0.0043438836507425855,0.0037,1,False,26.917728413188087,False,False,0.0037,1,False,26.917728413188087,False,False
PU,N15_M07_F04_KA08_8,KA08,6203_PU_2905,outer_race,N15_M07_F04,artificial,1499.5182480011997,0.8522887316060971,24.991970800019995,0.25641025641025644,0.022982062780269034,0.004343696999673322,0.0392,0,False,35.66468060854849,False,False,0.0392,0,False,35.66468060854849,False,False
PU,N15_M07_F04_KA08_9,KA08,6203_PU_2905,outer_race,N15_M07_F04,artificial,1499.5416443458475,0.6340702308397551,24.99236073909746,0.25641025641025644,0.022982062780269034,0.00434362922787623,0.0385,0,False,23.89750909860315,False,False,0.0385,0,False,23.89750909860315,False,False
PU,N15_M07_F10_KA08_1,KA08,6203_PU_2905,outer_race,N15_M07_F10,artificial,1499.4912207626778,0.8723910645429509,24.99152034604463,0.25641025641025644,0.022982062780269034,0.004343775291652128,0.0075,1,False,25.0842477073194,False,False,0.0075,1,False,25.0842477073194,False,False
PU,N15_M07_F10_KA08_10,KA08,6203_PU_2905,outer_race,N15_M07_F10,artificial,1499.6588162352089,0.6140621288899608,24.994313603920148,0.25641025641025644,0.022982062780269034,0.004343289849853839,0.0039,1,False,24.2493723144336,False,False,0.0039,1,False,24.2493723144336,False,False
PU,N15_M07_F10_KA08_11,KA08,6203_PU_2905,outer_race,N15_M07_F10,artificial,1499.4565927701838,0.8217086991889778,24.990943212836395,0.25641025641025644,0.022982062780269034,0.004343875605471762,0.0399,0,False,38.530552441268306,False,False,0.0399,0,False,38.530552441268306,False,False
PU,N15_M07_F10_KA08_12,KA08,6203_PU_2905,outer_race,N15_M07_F10,artificial,1499.567613580654,0.2403314176320145,24.99279355967757,0.25641025641025644,0.022982062780269034,0.0043435540057079804,0.0397,0,False,42.91128461461352,False,False,0.0397,0,False,42.91128461461352,False,False
PU,N15_M07_F10_KA08_13,KA08,6203_PU_2905,outer_race,N15_M07_F10,artificial,1499.4820204921796,0.3894990488847585,24.991367008202992,0.25641025641025644,0.022982062780269034,0.004343801943460633,0.0074,1,False,22.057304257608056,False,False,0.0074,1,False,22.057304257608056,False,False
PU,N15_M07_F10_KA08_14,KA08,6203_PU_2905,outer_race,N15_M07_F10,artificial,1499.534765163143,0.5816622647132877,24.992246086052383,0.25641025641025644,0.022982062780269034,0.0043436491544693,0.0038,1,False,22.890852676619478,False,False,0.0038,1,False,22.890852676619478,False,False
PU,N15_M07_F10_KA08_15,KA08,6203_PU_2905,outer_race,N15_M07_F10,artificial,1499.6188962026454,0.34114335039758786,24.99364827004409,0.25641025641025644,0.022982062780269034,0.004343405468743864,0.0041,1,False,30.1506930937673,False,False,0.0041,1,False,30.1506930937673,False,False
PU,N15_M07_F10_KA08_16,KA08,6203_PU_2905,outer_race,N15_M07_F10,artificial,1499.5438252138324,0.4952656146319674,24.992397086897206,0.25641025641025644,0.022982062780269034,0.004343622910700459,0.0036,1,False,23.23737345645882,False,False,0.0036,1,False,23.23737345645882,False,False
PU,N15_M07_F10_KA08_17,KA08,6203_PU_2905,outer_race,N15_M07_F10,artificial,1499.713669673227,0.4148056852653212,24.995227827887117,0.25641025641025644,0.022982062780269034,0.004343130989942517,0.005,1,False,24.71621567039661,False,False,0.005,1,False,24.71621567039661,False,False
PU,N15_M07_F10_KA08_18,KA08,6203_PU_2905,outer_race,N15_M07_F10,artificial,1499.7837133105593,0.3520832985231702,24.996395221842654,0.25641025641025644,0.022982062780269034,0.004342928154900873,0.0387,0,False,27.522878332289185,False,False,0.0387,0,False,27.522878332289185,False,False
PU,N15_M07_F10_KA08_19,KA08,6203_PU_2905,outer_race,N15_M07_F10,artificial,1499.496336495602,0.5671444812355437,24.991605608260034,0.25641025641025644,0.022982062780269034,0.00434376047227996,0.0042,0,False,21.371792276237024,False,False,0.0042,0,False,21.371792276237024,False,False
PU,N15_M07_F10_KA08_2,KA08,6203_PU_2905,outer_race,N15_M07_F10,artificial,1499.610522423837,0.31993967417670216,24.99350870706395,0.25641025641025644,0.022982062780269034,0.004343429722185759,0.0396,0,False,31.9054489410346,False,False,0.0396,0,False,31.9054489410346,False,False
PU,N15_M07_F10_KA08_20,KA08,6203_PU_2905,outer_race,N15_M07_F10,artificial,1499.5701382366524,0.39834160260855445,24.99283563727754,0.25641025641025644,0.022982062780269034,0.004343546692959216,0.0032,0,False,26.296540409196254,False,False,0.0032,0,False,26.296540409196254,False,False
PU,N15_M07_F10_KA08_3,KA08,6203_PU_2905,outer_race,N15_M07_F10,artificial,1499.5759185046445,0.43108300903006697,24.992931975077408,0.25641025641025644,0.022982062780269034,0.004343529950316439,0.0046,1,False,28.407209835268496,False,False,0.0046,1,False,28.407209835268496,False,False
PU,N15_M07_F10_KA08_4,KA08,6203_PU_2905,outer_race,N15_M07_F10,artificial,1499.6177361729679,0.4754887808431577,24.99362893621613,0.25641025641025644,0.022982062780269034,0.004343408828586259,0.0397,0,False,25.529369495548615,False,False,0.0397,0,False,25.529369495548615,False,False
PU,N15_M07_F10_KA08_5,KA08,6203_PU_2905,outer_race,N15_M07_F10,artificial,1499.459706842862,0.6128608247715445,24.9909951140477,0.25641025641025644,0.022982062780269034,0.004343866584126088,0.004,1,False,25.644891610928337,False,False,0.004,1,False,25.644891610928337,False,False
PU,N15_M07_F10_KA08_6,KA08,6203_PU_2905,outer_race,N15_M07_F10,artificial,1499.6739650159732,0.9665929867124698,24.994566083599555,0.25641025641025644,0.022982062780269034,0.004343245976620546,0.0041,1,False,24.355840120742904,False,False,0.0041,1,False,24.355840120742904,False,False
PU,N15_M07_F10_KA08_7,KA08,6203_PU_2905,outer_race,N15_M07_F10,artificial,1499.3971268927653,1.2647338637705134,24.989952114879422,0.25641025641025644,0.022982062780269034,0.0043440478829622564,0.0046,1,False,25.66068628242338,False,False,0.0046,1,False,25.66068628242338,False,False
PU,N15_M07_F10_KA08_8,KA08,6203_PU_2905,outer_race,N15_M07_F10,artificial,1499.5660892018311,0.7320452706968896,24.99276815336385,0.25641025641025644,0.022982062780269034,0.004343558421133075,0.0054,1,False,23.669587430026876,False,False,0.0054,1,False,23.669587430026876,False,False
PU,N15_M07_F10_KA08_9,KA08,6203_PU_2905,outer_race,N15_M07_F10,artificial,1499.4740745937204,0.2715839582325946,24.991234576562007,0.25641025641025644,0.022982062780269034,0.0043438249618040345,0.0387,0,False,29.21576373465827,False,False,0.0387,0,False,29.21576373465827,False,False
PU,N09_M07_F10_KA09_1,KA09,6203_PU_2905,outer_race,N09_M07_F10,artificial,899.642721894265,1.1749188515654796,14.994045364904418,0.25641025641025644,0.022982062780269034,0.007240044026681664,0.0251,0,False,14.385968921469399,True,False,0.0267,0,False,12.775016279338582,True,False
PU,N09_M07_F10_KA09_10,KA09,6203_PU_2905,outer_race,N09_M07_F10,artificial,900.1497287081,1.4634373337602427,15.002495478468335,0.25641025641025644,0.022982062780269034,0.007235966092159303,0.0262,0,False,9.598204833360098,True,False,0.0262,0,False,9.450971075482432,True,False
PU,N09_M07_F10_KA09_11,KA09,6203_PU_2905,outer_race,N09_M07_F10,artificial,899.6901293963232,1.4507322243429686,14.994835489938719,0.25641025641025644,0.022982062780269034,0.00723966252599506,0.0184,0,False,12.73598589153752,True,False,0.0145,0,False,10.682451195411124,False,False
PU,N09_M07_F10_KA09_12,KA09,6203_PU_2905,outer_race,N09_M07_F10,artificial,898.6482977570503,1.6773779612805646,14.977471629284171,0.25641025641025644,0.022982062780269034,0.007248055697713145,0.0413,0,False,10.41915964766994,False,False,0.0413,0,False,10.41915964766994,False,False
PU,N09_M07_F10_KA09_13,KA09,6203_PU_2905,outer_race,N09_M07_F10,artificial,899.8622444854395,1.9426419675010036,14.997704074757326,0.25641025641025644,0.022982062780269034,0.00723827780831358,0.0462,0,False,11.603770652330809,False,False,0.0462,0,False,11.603770652330809,False,False
PU,N09_M07_F10_KA09_14,KA09,6203_PU_2905,outer_race,N09_M07_F10,artificial,899.6258826035862,1.8308139755289152,14.99376471005977,0.25641025641025644,0.022982062780269034,0.007240179546577489,0.035,0,False,10.482083958412169,False,False,0.035,0,False,10.482083958412169,False,False
PU,N09_M07_F10_KA09_15,KA09,6203_PU_2905,outer_race,N09_M07_F10,artificial,899.6462681101302,0.7453863214287022,14.99410446850217,0.25641025641025644,0.022982062780269034,0.007240015487954942,0.0388,0,False,13.245231044737615,False,False,0.0388,0,False,13.245231044737615,False,False
PU,N09_M07_F10_KA09_16,KA09,6203_PU_2905,outer_race,N09_M07_F10,artificial,899.8087112337163,1.3066893953391332,14.996811853895272,0.25641025641025644,0.022982062780269034,0.007238708442672992,0.0489,0,False,14.93605944439803,False,False,0.0489,0,False,14.93605944439803,False,False
PU,N09_M07_F10_KA09_17,KA09,6203_PU_2905,outer_race,N09_M07_F10,artificial,899.8465882840769,1.8110131205092233,14.997443138067949,0.25641025641025644,0.022982062780269034,0.00723840374526368,0.046,0,False,9.622952947321998,False,False,0.046,0,False,9.622952947321998,False,False
PU,N09_M07_F10_KA09_18,KA09,6203_PU_2905,outer_race,N09_M07_F10,artificial,899.6688617185824,0.9874911761354747,14.99448102864304,0.25641025641025644,0.022982062780269034,0.007239833667640732,0.0188,0,False,10.745877494224942,True,False,0.0274,0,False,9.46954410694633,True,False
PU,N09_M07_F10_KA09_19,KA09,6203_PU_2905,outer_race,N09_M07_F10,artificial,899.8995963918824,0.5633111504366295,14.998326606531373,0.25641025641025644,0.022982062780269034,0.007237977370935247,0.0353,0,False,13.71334217468905,False,False,0.0353,0,False,13.71334217468905,False,False
PU,N09_M07_F10_KA09_2,KA09,6203_PU_2905,outer_race,N09_M07_F10,artificial,899.9510715311685,2.0203649990693235,14.999184525519475,0.25641025641025644,0.022982062780269034,0.007237563375213586,0.04,0,False,11.193348448165267,False,False,0.04,0,False,11.193348448165267,False,False
PU,N09_M07_F10_KA09_20,KA09,6203_PU_2905,outer_race,N09_M07_F10,artificial,899.2720461161356,1.6605916140970178,14.987867435268926,0.25641025641025644,0.022982062780269034,0.00724302833934308,0.0289,0,False,10.474628341841065,True,False,0.0581,0,False,9.403468544125811,False,False
PU,N09_M07_F10_KA09_3,KA09,6203_PU_2905,outer_race,N09_M07_F10,artificial,899.3514008944974,1.2185773221296545,14.98919001490829,0.25641025641025644,0.022982062780269034,0.007242389246650318,0.0277,0,False,13.746211671153572,True,False,0.0589,0,False,12.620757008294273,False,False
PU,N09_M07_F10_KA09_4,KA09,6203_PU_2905,outer_race,N09_M07_F10,artificial,899.9220645864494,1.0040425578208572,14.998701076440824,0.25641025641025644,0.022982062780269034,0.0072377966616380286,0.0599,0,False,13.1459901248455,False,False,0.0599,0,False,13.1459901248455,False,False
PU,N09_M07_F10_KA09_5,KA09,6203_PU_2905,outer_race,N09_M07_F10,artificial,900.155701969392,0.7807402565585444,15.0025950328232,0.25641025641025644,0.022982062780269034,0.007235918075670517,0.0291,0,False,14.521725170119321,True,False,0.0291,0,False,14.521725170119321,True,False
PU,N09_M07_F10_KA09_6,KA09,6203_PU_2905,outer_race,N09_M07_F10,artificial,899.6727922002801,0.9199017137074944,14.994546536671335,0.25641025641025644,0.022982062780269034,0.0072398020383261956,-0.0064,0,False,8.512544433741198,False,False,-0.0064,0,False,8.512544433741198,False,False
PU,N09_M07_F10_KA09_7,KA09,6203_PU_2905,outer_race,N09_M07_F10,artificial,899.5355918733659,1.6149455853892467,14.992259864556098,0.25641025641025644,0.022982062780269034,0.007240906278353412,0.0471,0,False,12.44488152894176,False,False,0.0471,0,False,12.44488152894176,False,False
PU,N09_M07_F10_KA09_8,KA09,6203_PU_2905,outer_race,N09_M07_F10,artificial,899.9731994698543,1.7492636861728286,14.999553324497573,0.25641025641025644,0.022982062780269034,0.007237385422849342,0.0207,0,False,9.590515225784133,True,False,0.0387,0,False,7.906517043825673,False,False
PU,N09_M07_F10_KA09_9,KA09,6203_PU_2905,outer_race,N09_M07_F10,artificial,899.496155199744,0.6461301408956139,14.991602586662399,0.25641025641025644,0.022982062780269034,0.00724122374192007,0.0347,0,False,15.350832437243007,False,False,0.0347,0,False,15.350832437243007,False,False
PU,N15_M01_F10_KA09_1,KA09,6203_PU_2905,outer_race,N15_M01_F10,artificial,1499.7998461755951,1.746953826237643,24.996664102926584,0.25641025641025644,0.022982062780269034,0.004342881439418162,0.0077,1,False,24.583868029312942,False,False,0.0077,1,False,24.583868029312942,False,False
PU,N15_M01_F10_KA09_10,KA09,6203_PU_2905,outer_race,N15_M01_F10,artificial,1499.6009163169906,2.379093138901252,24.993348605283177,0.25641025641025644,0.022982062780269034,0.004343457545221566,0.0397,0,False,26.532108803912713,False,False,0.0397,0,False,26.532108803912713,False,False
PU,N15_M01_F10_KA09_11,KA09,6203_PU_2905,outer_race,N15_M01_F10,artificial,1500.285522375185,2.05492412547306,25.004758706253085,0.25641025641025644,0.022982062780269034,0.004341475550924732,0.0037,0,False,23.924377859577312,False,False,0.0037,0,False,23.924377859577312,False,False
PU,N15_M01_F10_KA09_12,KA09,6203_PU_2905,outer_race,N15_M01_F10,artificial,1499.1329817530386,2.091664094819304,24.98554969588398,0.25641025641025644,0.022982062780269034,0.004344813298138222,0.0397,0,False,32.857896404137286,False,False,0.0397,0,False,32.857896404137286,False,False
PU,N15_M01_F10_KA09_13,KA09,6203_PU_2905,outer_race,N15_M01_F10,artificial,1499.4697894861208,1.0136881932540727,24.991163158102015,0.25641025641025644,0.022982062780269034,0.00434383737536347,0.0087,0,False,32.54960199107196,False,False,0.0087,0,False,32.54960199107196,False,False
PU,N15_M01_F10_KA09_14,KA09,6203_PU_2905,outer_race,N15_M01_F10,artificial,1500.8128756196816,3.978931372767739,25.013547926994693,0.25641025641025644,0.022982062780269034,0.004339950050141207,0.0414,1,False,27.21969982683923,False,False,0.0414,1,False,27.21969982683923,False,False
PU,N15_M01_F10_KA09_15,KA09,6203_PU_2905,outer_race,N15_M01_F10,artificial,1499.6416755873759,1.7073845238480383,24.994027926456265,0.25641025641025644,0.022982062780269034,0.004343339492913888,0.0037,1,False,24.68694286430392,False,False,0.0037,1,False,24.68694286430392,False,False
PU,N15_M01_F10_KA09_16,KA09,6203_PU_2905,outer_race,N15_M01_F10,artificial,1499.120991915957,1.809424958480565,24.98534986526595,0.25641025641025644,0.022982062780269034,0.00434484804757064,0.0055,0,False,31.147400326081335,False,False,0.0055,0,False,31.147400326081335,False,False
PU,N15_M01_F10_KA09_17,KA09,6203_PU_2905,outer_race,N15_M01_F10,artificial,1500.496032383825,1.7441386525599605,25.008267206397083,0.25641025641025644,0.022982062780269034,0.0043408664696369375,0.0074,1,False,25.321886672453342,False,False,0.0074,1,False,25.321886672453342,False,False
PU,N15_M01_F10_KA09_18,KA09,6203_PU_2905,outer_race,N15_M01_F10,artificial,1499.2522532538103,2.638447947833488,24.987537554230173,0.25641025641025644,0.022982062780269034,0.0043444676508987284,0.0056,1,False,27.09759534852524,False,False,0.0056,1,False,27.09759534852524,False,False
PU,N15_M01_F10_KA09_19,KA09,6203_PU_2905,outer_race,N15_M01_F10,artificial,1500.790315134225,1.6539844654395917,25.01317191890375,0.25641025641025644,0.022982062780269034,0.004340015290021156,0.0399,0,False,23.759730411734335,False,False,0.0399,0,False,23.759730411734335,False,False
PU,N15_M01_F10_KA09_2,KA09,6203_PU_2905,outer_race,N15_M01_F10,artificial,1499.6684991571121,2.502194115920752,24.994474985951868,0.25641025641025644,0.022982062780269034,0.004343261806498629,0.0041,1,False,26.947032703650493,False,False,0.0041,1,False,26.947032703650493,False,False
PU,N15_M01_F10_KA09_20,KA09,6203_PU_2905,outer_race,N15_M01_F10,artificial,1499.6933810095936,2.5937147530264233,24.994889683493227,0.25641025641025644,0.022982062780269034,0.00434318974616888,0.0029,0,False,25.406557976387475,False,False,0.0029,0,False,25.406557976387475,False,False
PU,N15_M01_F10_KA09_3,KA09,6203_PU_2905,outer_race,N15_M01_F10,artificial,1500.7760677235046,5.575634959729189,25.01293446205841,0.25641025641025644,0.022982062780269034,0.004340056491358052,0.0047,1,False,30.461340431516934,False,False,0.0047,1,False,30.461340431516934,False,False
PU,N15_M01_F10_KA09_4,KA09,6203_PU_2905,outer_race,N15_M01_F10,artificial,1500.5185497639084,2.2043690156798936,25.00864249606514,0.25641025641025644,0.022982062780269034,0.004340801328862635,0.0051,1,False,23.95035511988713,False,False,0.0051,1,False,23.95035511988713,False,False
PU,N15_M01_F10_KA09_5,KA09,6203_PU_2905,outer_race,N15_M01_F10,artificial,1499.200298937053,2.192193568543428,24.986671648950885,0.25641025641025644,0.022982062780269034,0.00434461820706433,0.0424,0,False,30.103322587129423,False,False,0.0424,0,False,30.103322587129423,False,False
PU,N15_M01_F10_KA09_6,KA09,6203_PU_2905,outer_race,N15_M01_F10,artificial,1500.3723151178785,2.1051968505220007,25.00620525196464,0.25641025641025644,0.022982062780269034,0.004341224407547449,0.0406,0,False,25.47930405609818,False,False,0.0406,0,False,25.47930405609818,False,False
PU,N15_M01_F10_KA09_7,KA09,6203_PU_2905,outer_race,N15_M01_F10,artificial,1499.7525746734846,2.6228587400969845,24.995876244558076,0.25641025641025644,0.022982062780269034,0.004343018325016892,0.0042,0,False,22.016769987817415,False,False,0.0042,0,False,22.016769987817415,False,False
PU,N15_M01_F10_KA09_8,KA09,6203_PU_2905,outer_race,N15_M01_F10,artificial,1499.4088460788637,1.477127491619307,24.990147434647728,0.25641025641025644,0.022982062780269034,0.004344013930444439,0.0394,0,False,23.53082230739569,False,False,0.0394,0,False,23.53082230739569,False,False
PU,N15_M01_F10_KA09_9,KA09,6203_PU_2905,outer_race,N15_M01_F10,artificial,1499.8330010005725,0.6380875754351307,24.997216683342874,0.25641025641025644,0.022982062780269034,0.004342785437080618,0.0404,0,False,29.564731289840083,False,False,0.0404,0,False,29.564731289840083,False,False
PU,N15_M07_F04_KA09_1,KA09,6203_PU_2905,outer_race,N15_M07_F04,artificial,1499.5799219199723,1.6535179599995538,24.992998698666206,0.25641025641025644,0.022982062780269034,0.004343518354432735,0.0043,0,False,18.77997169052314,False,False,0.0043,0,False,18.77997169052314,False,False
PU,N15_M07_F04_KA09_10,KA09,6203_PU_2905,outer_race,N15_M07_F04,artificial,1499.170358745738,1.450853698648473,24.9861726457623,0.25641025641025644,0.022982062780269034,0.004344704974188261,0.0074,1,False,24.861356374533763,False,False,0.0074,1,False,24.861356374533763,False,False
PU,N15_M07_F04_KA09_11,KA09,6203_PU_2905,outer_race,N15_M07_F04,artificial,1499.614497997343,0.48788580356358763,24.993574966622383,0.25641025641025644,0.022982062780269034,0.004343418207477044,0.0391,0,False,12.496779994410623,False,False,0.0391,0,False,12.496779994410623,False,False
PU,N15_M07_F04_KA09_12,KA09,6203_PU_2905,outer_race,N15_M07_F04,artificial,1499.584178803062,1.8757774804379885,24.9930696467177,0.25641025641025644,0.022982062780269034,0.004343506024448133,0.0043,0,False,14.181788187090248,False,False,0.0043,0,False,14.181788187090248,False,False
PU,N15_M07_F04_KA09_13,KA09,6203_PU_2905,outer_race,N15_M07_F04,artificial,1499.0999767503308,1.3774935763385692,24.984999612505515,0.25641025641025644,0.022982062780269034,0.0043449089559174855,0.0044,1,False,24.971139968598482,False,False,0.0044,1,False,24.971139968598482,False,False
PU,N15_M07_F04_KA09_14,KA09,6203_PU_2905,outer_race,N15_M07_F04,artificial,1500.0471306647216,1.4541230289815414,25.000785511078693,0.25641025641025644,0.022982062780269034,0.0043421655104342455,0.0052,1,False,29.219948437443847,False,False,0.0052,1,False,29.219948437443847,False,False
PU,N15_M07_F04_KA09_15,KA09,6203_PU_2905,outer_race,N15_M07_F04,artificial,1499.525341287456,2.7926954713384915,24.992089021457602,0.25641025641025644,0.022982062780269034,0.0043436764524472215,0.0078,1,False,23.431996969455913,False,False,0.0078,1,False,23.431996969455913,False,False
PU,N15_M07_F04_KA09_16,KA09,6203_PU_2905,outer_race,N15_M07_F04,artificial,1499.0206327174317,1.934835737204115,24.983677211957193,0.25641025641025644,0.022982062780269034,0.004345138934472562,0.007,0,False,18.90079819586404,False,False,0.007,0,False,18.90079819586404,False,False
PU,N15_M07_F04_KA09_17,KA09,6203_PU_2905,outer_race,N15_M07_F04,artificial,1499.468041075076,1.4034866389297858,24.991134017917933,0.25641025641025644,0.022982062780269034,0.0043438424403685495,0.0073,1,False,25.33855390225267,False,False,0.0073,1,False,25.33855390225267,False,False
PU,N15_M07_F04_KA09_18,KA09,6203_PU_2905,outer_race,N15_M07_F04,artificial,1499.4035131622754,1.5740554209943654,24.99005855270459,0.25641025641025644,0.022982062780269034,0.004344029380764348,0.0408,0,False,28.818220146455058,False,False,0.0408,0,False,28.818220146455058,False,False
PU,N15_M07_F04_KA09_19,KA09,6203_PU_2905,outer_race,N15_M07_F04,artificial,1499.7082713670611,1.228921809894352,24.995137856117687,0.25641025641025644,0.022982062780269034,0.004343146623350193,0.0406,0,False,27.5620760212802,False,False,0.0406,0,False,27.5620760212802,False,False
PU,N15_M07_F04_KA09_2,KA09,6203_PU_2905,outer_race,N15_M07_F04,artificial,1499.7011692864176,1.56830444020835,24.99501948810696,0.25641025641025644,0.022982062780269034,0.004343167191032741,0.0068,1,False,22.247338036801366,False,False,0.0068,1,False,22.247338036801366,False,False
PU,N15_M07_F04_KA09_20,KA09,6203_PU_2905,outer_race,N15_M07_F04,artificial,1500.126766872721,0.7490036071708474,25.002112781212016,0.25641025641025644,0.022982062780269034,0.004341935000851061,0.0087,0,False,18.90894672331932,False,False,0.0087,0,False,18.90894672331932,False,False
PU,N15_M07_F04_KA09_3,KA09,6203_PU_2905,outer_race,N15_M07_F04,artificial,1498.725685894495,2.290122345741426,24.978761431574917,0.25641025641025644,0.022982062780269034,0.004345994050879789,0.0057,0,False,17.23798333609341,False,False,0.0057,0,False,17.23798333609341,False,False
PU,N15_M07_F04_KA09_4,KA09,6203_PU_2905,outer_race,N15_M07_F04,artificial,1499.659621948245,1.80601080563381,24.994327032470753,0.25641025641025644,0.022982062780269034,0.004343287516360824,0.0037,0,False,26.342603048763948,False,False,0.0037,0,False,26.342603048763948,False,False
PU,N15_M07_F04_KA09_5,KA09,6203_PU_2905,outer_race,N15_M07_F04,artificial,1499.1343265225787,0.6668317577340506,24.985572108709643,0.25641025641025644,0.022982062780269034,0.004344809400707234,0.0044,0,False,24.323526374009706,False,False,0.0044,0,False,24.323526374009706,False,False
PU,N15_M07_F04_KA09_6,KA09,6203_PU_2905,outer_race,N15_M07_F04,artificial,1499.9015327734153,3.258143950386781,24.99835887955692,0.25641025641025644,0.022982062780269034,0.004342587011531623,0.0037,0,False,26.353049162678573,False,False,0.0037,0,False,26.353049162678573,False,False
PU,N15_M07_F04_KA09_7,KA09,6203_PU_2905,outer_race,N15_M07_F04,artificial,1499.415034918086,3.001746388937244,24.9902505819681,0.25641025641025644,0.022982062780269034,0.004343996000516322,0.0043,1,False,24.805740764224492,False,False,0.0043,1,False,24.805740764224492,False,False
PU,N15_M07_F04_KA09_8,KA09,6203_PU_2905,outer_race,N15_M07_F04,artificial,1499.3034494534575,2.7066882570080337,24.98839082422429,0.25641025641025644,0.022982062780269034,0.004344319301854846,0.0065,1,False,24.11184265933086,False,False,0.0065,1,False,24.11184265933086,False,False
PU,N15_M07_F04_KA09_9,KA09,6203_PU_2905,outer_race,N15_M07_F04,artificial,1499.1662416787854,1.0115997624823434,24.986104027979756,0.25641025641025644,0.022982062780269034,0.004344716905781149,0.0052,1,False,24.925240882412773,False,False,0.0052,1,False,24.925240882412773,False,False
PU,N15_M07_F10_KA09_1,KA09,6203_PU_2905,outer_race,N15_M07_F10,artificial,1499.8887091825989,2.4601811761816315,24.998145153043314,0.25641025641025644,0.022982062780269034,0.004342624139325559,0.0034,0,False,24.8271675822919,False,False,0.0034,0,False,24.8271675822919,False,False
PU,N15_M07_F10_KA09_10,KA09,6203_PU_2905,outer_race,N15_M07_F10,artificial,1499.103917343765,0.8758626486844646,24.98506528906275,0.25641025641025644,0.022982062780269034,0.004344897534748142,0.0391,0,False,22.73389558451863,False,False,0.0391,0,False,22.73389558451863,False,False
PU,N15_M07_F10_KA09_11,KA09,6203_PU_2905,outer_race,N15_M07_F10,artificial,1499.830878703599,1.7613574771924956,24.99718131172665,0.25641025641025644,0.022982062780269034,0.004342791582227062,0.0039,0,False,28.369832013863626,False,False,0.0039,0,False,28.369832013863626,False,False
PU,N15_M07_F10_KA09_12,KA09,6203_PU_2905,outer_race,N15_M07_F10,artificial,1499.5525696655232,0.8336001912324487,24.99254282775872,0.25641025641025644,0.022982062780269034,0.0043435975814112605,0.0036,1,False,24.953772010590757,False,False,0.0036,1,False,24.953772010590757,False,False
PU,N15_M07_F10_KA09_13,KA09,6203_PU_2905,outer_race,N15_M07_F10,artificial,1498.5573102875428,1.903028252759749,24.975955171459045,0.25641025641025644,0.022982062780269034,0.004346482360123022,0.0038,1,False,25.096066718816044,False,False,0.0038,1,False,25.096066718816044,False,False
PU,N15_M07_F10_KA09_14,KA09,6203_PU_2905,outer_race,N15_M07_F10,artificial,1500.270049701832,1.405133714716406,25.004500828363867,0.25641025641025644,0.022982062780269034,0.004341520325685838,0.008,1,False,24.93413327437339,False,False,0.008,1,False,24.93413327437339,False,False
PU,N15_M07_F10_KA09_15,KA09,6203_PU_2905,outer_race,N15_M07_F10,artificial,1499.439689712495,0.9501972361557649,24.99066149520825,0.25641025641025644,0.022982062780269034,0.004343924573616633,0.0392,0,False,38.094218169016,False,False,0.0392,0,False,38.094218169016,False,False
PU,N15_M07_F10_KA09_16,KA09,6203_PU_2905,outer_race,N15_M07_F10,artificial,1499.8270114712077,2.2948317232628392,24.997116857853463,0.25641025641025644,0.022982062780269034,0.004342802779907958,0.0082,1,False,22.172261098842263,False,False,0.0082,1,False,22.172261098842263,False,False
PU,N15_M07_F10_KA09_17,KA09,6203_PU_2905,outer_race,N15_M07_F10,artificial,1499.5448125786345,2.4320118009522442,24.992413542977243,0.25641025641025644,0.022982062780269034,0.004343620050672309,0.0058,1,False,26.635155092569214,False,False,0.0058,1,False,26.635155092569214,False,False
PU,N15_M07_F10_KA09_18,KA09,6203_PU_2905,outer_race,N15_M07_F10,artificial,1499.100770934315,1.552789642273376,24.98501284890525,0.25641025641025644,0.022982062780269034,0.004344906654099508,0.0402,0,False,30.171296537967088,False,False,0.0402,0,False,30.171296537967088,False,False
PU,N15_M07_F10_KA09_19,KA09,6203_PU_2905,outer_race,N15_M07_F10,artificial,1499.630582849737,1.4082706138883219,24.993843047495616,0.25641025641025644,0.022982062780269034,0.004343371620509859,0.0071,1,False,24.63133945218612,False,False,0.0071,1,False,24.63133945218612,False,False
PU,N15_M07_F10_KA09_2,KA09,6203_PU_2905,outer_race,N15_M07_F10,artificial,1499.6792040746134,2.2085751214683884,24.994653401243557,0.25641025641025644,0.022982062780269034,0.004343230803695364,0.0393,0,False,20.28516911333048,False,False,0.0393,0,False,20.28516911333048,False,False
PU,N15_M07_F10_KA09_20,KA09,6203_PU_2905,outer_race,N15_M07_F10,artificial,1499.4524066038848,0.9640482155569677,24.99087344339808,0.25641025641025644,0.022982062780269034,0.0043438877326893955,0.0396,0,False,30.249380216754936,False,False,0.0396,0,False,30.249380216754936,False,False
PU,N15_M07_F10_KA09_3,KA09,6203_PU_2905,outer_race,N15_M07_F10,artificial,1499.8025658994825,2.752997061231851,24.99670943165804,0.25641025641025644,0.022982062780269034,0.00434287356408933,-0.0012,0,False,17.75069273625629,False,False,-0.0012,0,False,17.75069273625629,False,False
PU,N15_M07_F10_KA09_4,KA09,6203_PU_2905,outer_race,N15_M07_F10,artificial,1500.0559339378021,0.9492147559183092,25.0009322322967,0.25641025641025644,0.022982062780269034,0.004342140027871973,0.0393,0,False,30.116887388080954,False,False,0.0393,0,False,30.116887388080954,False,False
PU,N15_M07_F10_KA09_5,KA09,6203_PU_2905,outer_race,N15_M07_F10,artificial,1499.4222891409836,2.6280661347265117,24.99037148568306,0.25641025641025644,0.022982062780269034,0.004343974984211921,0.007,0,False,14.866451270684125,False,False,0.007,0,False,14.866451270684125,False,False
PU,N15_M07_F10_KA09_6,KA09,6203_PU_2905,outer_race,N15_M07_F10,artificial,1499.2806501819493,2.0317330190674174,24.988010836365824,0.25641025641025644,0.022982062780269034,0.004344385365080079,0.0061,1,False,25.915706827159013,False,False,0.0061,1,False,25.915706827159013,False,False
PU,N15_M07_F10_KA09_7,KA09,6203_PU_2905,outer_race,N15_M07_F10,artificial,1498.9483173377794,4.15935794845672,24.982471955629656,0.25641025641025644,0.022982062780269034,0.004345348561694565,0.0036,1,False,24.375137832004608,False,False,0.0036,1,False,24.375137832004608,False,False
PU,N15_M07_F10_KA09_8,KA09,6203_PU_2905,outer_race,N15_M07_F10,artificial,1498.5685212948533,1.5852318148577904,24.976142021580888,0.25641025641025644,0.022982062780269034,0.004346449843461406,0.0034,1,False,25.5450412013912,False,False,0.0034,1,False,25.5450412013912,False,False
PU,N15_M07_F10_KA09_9,KA09,6203_PU_2905,outer_race,N15_M07_F10,artificial,1499.8289004102924,1.4216548546800845,24.997148340171538,0.25641025641025644,0.022982062780269034,0.004342797310424136,0.0073,0,False,25.434526238864244,False,False,0.0073,0,False,25.434526238864244,False,False
PU,N09_M07_F10_KA15_1,KA15,6203_PU_2855,outer_race,N09_M07_F10,real,899.6137378784777,0.5307116521938925,14.993562297974627,0.25641025641025644,0.017775229357798208,0.0072788629851929,0.0152,0,False,32.60074038800238,True,False,0.0102,0,False,13.552207383666014,False,False
PU,N09_M07_F10_KA15_10,KA15,6203_PU_2855,outer_race,N09_M07_F10,real,899.5020297729338,0.8621123197967834,14.991700496215564,0.25641025641025644,0.017775229357798208,0.007279766938677913,0.0204,0,False,26.775554728956756,True,False,0.0224,0,False,14.24872735144417,True,False
PU,N09_M07_F10_KA15_11,KA15,6203_PU_2855,outer_race,N09_M07_F10,real,899.8267609591168,0.6166723448716138,14.997112682651947,0.25641025641025644,0.017775229357798208,0.007277139802593837,0.0159,1,False,42.13345061654985,True,False,0.0033,0,False,12.666860334506076,False,False
PU,N09_M07_F10_KA15_12,KA15,6203_PU_2855,outer_race,N09_M07_F10,real,899.6700948215421,1.2056345615741022,14.994501580359035,0.25641025641025644,0.017775229357798208,0.007278407024203209,0.0185,0,False,26.473727188722123,True,False,0.0078,0,False,9.818462982872047,False,False
PU,N09_M07_F10_KA15_13,KA15,6203_PU_2855,outer_race,N09_M07_F10,real,899.8008959191181,0.9888053657133877,14.99668159865197,0.25641025641025644,0.017775229357798208,0.00727734898610646,0.0201,0,False,25.15050772325522,True,False,0.0073,0,False,10.849203913272953,False,False
PU,N09_M07_F10_KA15_14,KA15,6203_PU_2855,outer_race,N09_M07_F10,real,899.8214318071655,0.4793006636109151,14.997023863452759,0.25641025641025644,0.017775229357798208,0.007277182901126954,0.0157,0,False,34.24556678668541,True,False,0.0412,0,False,10.525649930807866,False,False
PU,N09_M07_F10_KA15_15,KA15,6203_PU_2855,outer_race,N09_M07_F10,real,899.6092387491974,0.7419813468166644,14.993487312486623,0.25641025641025644,0.017775229357798208,0.0072788993882712295,0.0168,1,False,29.656885750147524,True,False,0.0046,0,False,11.641450260173809,False,False
PU,N09_M07_F10_KA15_16,KA15,6203_PU_2855,outer_race,N09_M07_F10,real,899.8608180680176,0.9007092469039386,14.997680301133625,0.25641025641025644,0.017775229357798208,0.00727686438406492,0.015,0,False,32.060721384552345,True,False,0.0077,0,False,25.084923955516526,False,False
PU,N09_M07_F10_KA15_17,KA15,6203_PU_2855,outer_race,N09_M07_F10,real,899.8758263035319,0.4921985197123519,14.997930438392197,0.25641025641025644,0.017775229357798208,0.007276743019659643,0.015,0,False,37.26881456033953,True,False,-0.0035,0,False,7.75187024581299,False,False
PU,N09_M07_F10_KA15_18,KA15,6203_PU_2855,outer_race,N09_M07_F10,real,899.7773062192159,0.6837688092570873,14.996288436986932,0.25641025641025644,0.017775229357798208,0.0072775397782919036,0.0163,0,False,27.352064779236578,True,False,0.0443,0,False,9.27569274562477,False,False
PU,N09_M07_F10_KA15_19,KA15,6203_PU_2855,outer_race,N09_M07_F10,real,899.6839508816656,1.7143958335551195,14.994732514694427,0.25641025641025644,0.017775229357798208,0.007278294929233379,0.0061,0,False,13.283551870780647,False,False,0.0061,0,False,12.86283457616325,False,False
PU,N09_M07_F10_KA15_2,KA15,6203_PU_2855,outer_race,N09_M07_F10,real,899.8579543262986,0.807509082680348,14.997632572104976,0.25641025641025644,0.017775229357798208,0.007276887542231183,0.015,0,False,28.710410887989013,True,False,-0.0002,0,False,12.395270715073753,False,False
PU,N09_M07_F10_KA15_20,KA15,6203_PU_2855,outer_race,N09_M07_F10,real,899.8490986617427,0.8513838326288107,14.997484977695711,0.25641025641025644,0.017775229357798208,0.007276959156099754,0.015,0,False,28.009990735415432,True,False,0.0124,0,False,18.188802474436955,True,False
PU,N09_M07_F10_KA15_3,KA15,6203_PU_2855,outer_race,N09_M07_F10,real,899.7173062909936,0.5534440349113667,14.995288438183227,0.25641025641025644,0.017775229357798208,0.007278025099471434,0.0181,0,False,38.24425910458692,True,False,0.025,0,False,8.62826820320309,True,False
PU,N09_M07_F10_KA15_4,KA15,6203_PU_2855,outer_race,N09_M07_F10,real,899.6615326476991,1.2440616829446445,14.994358877461652,0.25641025641025644,0.017775229357798208,0.007278476293571721,0.015,0,False,22.303721262181142,True,False,0.0122,0,False,12.768441279798413,True,False
PU,N09_M07_F10_KA15_5,KA15,6203_PU_2855,outer_race,N09_M07_F10,real,899.8697744339207,0.48363489103282076,14.997829573898679,0.25641025641025644,0.017775229357798208,0.007276791957740686,0.0201,0,False,28.03035239518448,True,False,0.0241,0,False,9.164321933103235,True,False
PU,N09_M07_F10_KA15_6,KA15,6203_PU_2855,outer_race,N09_M07_F10,real,899.8591493845407,0.5240926878969994,14.997652489742345,0.25641025641025644,0.017775229357798208,0.007276877878158267,0.0208,1,False,34.9702913871233,True,False,0.0262,0,False,7.868932940601282,False,False
PU,N09_M07_F10_KA15_7,KA15,6203_PU_2855,outer_race,N09_M07_F10,real,900.0207192933946,1.3856243749327175,15.000345321556576,0.25641025641025644,0.017775229357798208,0.0072755715476813,0.0156,0,False,30.38392319300706,True,False,0.0075,0,False,14.540356462325054,False,False
PU,N09_M07_F10_KA15_8,KA15,6203_PU_2855,outer_race,N09_M07_F10,real,899.7308714524825,1.4438421477151053,14.99551452420804,0.25641025641025644,0.017775229357798208,0.007277915369341096,0.0153,0,False,22.473578084245844,True,False,0.0083,0,False,20.197967212918492,False,False
PU,N09_M07_F10_KA15_9,KA15,6203_PU_2855,outer_race,N09_M07_F10,real,899.8414095598273,1.103488754432645,14.997356825997121,0.25641025641025644,0.017775229357798208,0.007277021337368577,0.0159,0,False,23.422321314984295,True,False,0.0236,0,False,13.629249713557432,True,False
PU,N15_M01_F10_KA15_1,KA15,6203_PU_2855,outer_race,N15_M01_F10,real,1499.6214296455673,0.4855879013158618,24.99369049409279,0.25641025641025644,0.017775229357798208,0.004366545454850113,0.0333,0,False,14.15524087240367,False,False,0.0333,0,False,14.15524087240367,False,False
PU,N15_M01_F10_KA15_10,KA15,6203_PU_2855,outer_race,N15_M01_F10,real,1499.5026410415746,0.36889481851510747,24.991710684026245,0.25641025641025644,0.017775229357798208,0.004366891366770942,0.0135,0,False,17.849278137385095,True,False,0.0349,0,False,15.719264356356188,False,False
PU,N15_M01_F10_KA15_11,KA15,6203_PU_2855,outer_race,N15_M01_F10,real,1499.4127563016832,0.34391261440462306,24.990212605028052,0.25641025641025644,0.017775229357798208,0.004367153147186633,0.0126,0,False,15.556907570581515,False,False,0.0361,0,False,14.662042052081695,False,False
PU,N15_M01_F10_KA15_12,KA15,6203_PU_2855,outer_race,N15_M01_F10,real,1499.4728057967247,0.35359115974988686,24.99121342994541,0.25641025641025644,0.017775229357798208,0.0043669782554912025,0.0323,1,False,21.131008840045393,False,False,0.0323,1,False,21.131008840045393,False,False
PU,N15_M01_F10_KA15_13,KA15,6203_PU_2855,outer_race,N15_M01_F10,real,1499.6020093237917,0.5435994089234528,24.993366822063194,0.25641025641025644,0.017775229357798208,0.004366602002999057,0.0337,0,False,20.541145570744103,False,False,0.0337,0,False,20.541145570744103,False,False
PU,N15_M01_F10_KA15_14,KA15,6203_PU_2855,outer_race,N15_M01_F10,real,1499.7557905065155,0.2855252796749738,24.995929841775258,0.25641025641025644,0.017775229357798208,0.004366154262623753,0.0325,1,False,21.465480671127615,False,False,0.0325,1,False,21.465480671127615,False,False
PU,N15_M01_F10_KA15_15,KA15,6203_PU_2855,outer_race,N15_M01_F10,real,1499.666504630093,0.35132015042789105,24.994441743834884,0.25641025641025644,0.017775229357798208,0.004366414211024768,0.0324,1,False,25.617112011694857,False,False,0.0324,1,False,25.617112011694857,False,False
PU,N15_M01_F10_KA15_16,KA15,6203_PU_2855,outer_race,N15_M01_F10,real,1499.5989909278483,0.816838835514969,24.993316515464137,0.25641025641025644,0.017775229357798208,0.00436661079210458,0.0324,0,False,16.013721800071853,False,False,0.0324,0,False,16.013721800071853,False,False
PU,N15_M01_F10_KA15_17,KA15,6203_PU_2855,outer_race,N15_M01_F10,real,1499.529573056002,0.36768867411871364,24.992159550933366,0.25641025641025644,0.017775229357798208,0.004366812936052798,0.0323,1,False,25.652459342063686,False,False,0.0323,1,False,25.652459342063686,False,False
PU,N15_M01_F10_KA15_18,KA15,6203_PU_2855,outer_race,N15_M01_F10,real,1499.8547339911267,0.48771050430318136,24.997578899852112,0.25641025641025644,0.017775229357798208,0.004365866233051753,0.036,0,False,18.170186206435343,False,False,0.036,0,False,18.170186206435343,False,False
PU,N15_M01_F10_KA15_19,KA15,6203_PU_2855,outer_race,N15_M01_F10,real,1499.5054848495843,0.41479938822798285,24.991758080826404,0.25641025641025644,0.017775229357798208,0.0043668830849735284,0.0351,0,False,20.94442860742687,False,False,0.0351,0,False,20.94442860742687,False,False
PU,N15_M01_F10_KA15_2,KA15,6203_PU_2855,outer_race,N15_M01_F10,real,1499.6768491260996,0.4564517609535977,24.994614152101658,0.25641025641025644,0.017775229357798208,0.004366384092299927,0.0326,0,False,17.243001031187994,False,False,0.0326,0,False,17.243001031187994,False,False
PU,N15_M01_F10_KA15_20,KA15,6203_PU_2855,outer_race,N15_M01_F10,real,1499.5970726676094,0.5603865763655953,24.993284544460156,0.25641025641025644,0.017775229357798208,0.00436661637780224,0.0325,0,False,21.482652484115903,False,False,0.0325,0,False,21.482652484115903,False,False
PU,N15_M01_F10_KA15_3,KA15,6203_PU_2855,outer_race,N15_M01_F10,real,1499.5747270821662,0.6057409241351908,24.992912118036102,0.25641025641025644,0.017775229357798208,0.004366681445982976,0.0326,1,False,23.618999701496367,False,False,0.0326,1,False,23.618999701496367,False,False
PU,N15_M01_F10_KA15_4,KA15,6203_PU_2855,outer_race,N15_M01_F10,real,1499.5912408618206,0.3369159684466941,24.99318734769701,0.25641025641025644,0.017775229357798208,0.004366633359268906,0.0324,1,False,20.850513838428558,False,False,0.0324,1,False,20.850513838428558,False,False
PU,N15_M01_F10_KA15_5,KA15,6203_PU_2855,outer_race,N15_M01_F10,real,1499.6591338575827,0.7879987480896464,24.99431889762638,0.25641025641025644,0.017775229357798208,0.004366435671798826,0.0324,0,False,19.121775178256456,False,False,0.0324,0,False,19.121775178256456,False,False
PU,N15_M01_F10_KA15_6,KA15,6203_PU_2855,outer_race,N15_M01_F10,real,1499.466392267551,0.3791874176254775,24.99110653779252,0.25641025641025644,0.017775229357798208,0.004366996933964149,0.0329,1,False,25.35633142163917,False,False,0.0329,1,False,25.35633142163917,False,False
PU,N15_M01_F10_KA15_7,KA15,6203_PU_2855,outer_race,N15_M01_F10,real,1499.49531166747,0.6107434304946135,24.99158852779117,0.25641025641025644,0.017775229357798208,0.004366912711672957,0.0323,0,False,16.466169817144337,False,False,0.0323,0,False,16.466169817144337,False,False
PU,N15_M01_F10_KA15_8,KA15,6203_PU_2855,outer_race,N15_M01_F10,real,1499.8082394863611,0.3846190279306945,24.996803991439354,0.25641025641025644,0.017775229357798208,0.0043660015762129875,0.0351,0,False,24.506767734351946,False,False,0.0351,0,False,24.506767734351946,False,False
PU,N15_M01_F10_KA15_9,KA15,6203_PU_2855,outer_race,N15_M01_F10,real,1499.6475256892968,0.6974186109982436,24.99412542815495,0.25641025641025644,0.017775229357798208,0.004366469470621029,0.034,0,False,21.018976835015422,False,False,0.034,0,False,21.018976835015422,False,False
PU,N15_M07_F04_KA15_1,KA15,6203_PU_2855,outer_race,N15_M07_F04,real,1499.4989074422056,0.5350531726193527,24.991648457370093,0.25641025641025644,0.017775229357798208,0.004366902239885134,0.0132,0,False,19.985276947027966,False,False,0.0338,0,False,12.133471091340965,False,False
PU,N15_M07_F04_KA15_10,KA15,6203_PU_2855,outer_race,N15_M07_F04,real,1499.4718753491798,0.8667405747089229,24.99119792248633,0.25641025641025644,0.017775229357798208,0.004366980965274736,0.0323,0,False,15.839982240178468,False,False,0.0323,0,False,15.839982240178468,False,False
PU,N15_M07_F04_KA15_11,KA15,6203_PU_2855,outer_race,N15_M07_F04,real,1499.7414432452995,0.3653999470568133,24.99569072075499,0.25641025641025644,0.017775229357798208,0.004366196031393962,0.0195,0,False,10.958020670795447,True,False,0.0478,0,False,9.259773717621934,False,False
PU,N15_M07_F04_KA15_12,KA15,6203_PU_2855,outer_race,N15_M07_F04,real,1499.4771788888256,0.6107379103361719,24.99128631481376,0.25641025641025644,0.017775229357798208,0.0043669655195867265,0.0357,0,False,18.597002924712072,False,False,0.0357,0,False,18.597002924712072,False,False
PU,N15_M07_F04_KA15_13,KA15,6203_PU_2855,outer_race,N15_M07_F04,real,1499.7532262942495,1.1212963408071372,24.99588710490416,0.25641025641025644,0.017775229357798208,0.00436616172768275,0.0411,0,False,12.157233978732439,False,False,0.0411,0,False,12.157233978732439,False,False
PU,N15_M07_F04_KA15_14,KA15,6203_PU_2855,outer_race,N15_M07_F04,real,1499.449446404915,0.5070309155992033,24.990824106748583,0.25641025641025644,0.017775229357798208,0.004367046287098629,0.0174,1,False,24.166896622056704,True,False,0.0335,0,False,17.328375861876538,False,False
PU,N15_M07_F04_KA15_15,KA15,6203_PU_2855,outer_race,N15_M07_F04,real,1499.3597373420355,0.4027108261389709,24.989328955700593,0.25641025641025644,0.017775229357798208,0.004367307574380266,0.0151,0,False,19.31903996024805,True,False,0.0337,0,False,17.282580352655796,False,False
PU,N15_M07_F04_KA15_16,KA15,6203_PU_2855,outer_race,N15_M07_F04,real,1499.5695027358647,0.6029768111759285,24.992825045597744,0.25641025641025644,0.017775229357798208,0.004366696659053141,0.0138,0,False,18.61582216968324,True,False,0.0321,0,False,12.938855764098353,False,False
PU,N15_M07_F04_KA15_17,KA15,6203_PU_2855,outer_race,N15_M07_F04,real,1499.6251511898445,0.4003608211029926,24.993752519830743,0.25641025641025644,0.017775229357798208,0.0043665346186139795,0.0326,0,False,23.312386299664908,False,False,0.0326,0,False,23.312386299664908,False,False
PU,N15_M07_F04_KA15_18,KA15,6203_PU_2855,outer_race,N15_M07_F04,real,1499.6052481383454,0.552661977470074,24.993420802305756,0.25641025641025644,0.017775229357798208,0.004366592572107737,0.0139,0,False,15.347341633525918,True,False,0.0325,0,False,13.782932996034738,False,False
PU,N15_M07_F04_KA15_19,KA15,6203_PU_2855,outer_race,N15_M07_F04,real,1499.7772259229052,0.8861117747017611,24.996287098715086,0.25641025641025644,0.017775229357798208,0.004366091859799505,0.0397,0,False,20.393510519036948,False,False,0.0397,0,False,20.393510519036948,False,False
PU,N15_M07_F04_KA15_2,KA15,6203_PU_2855,outer_race,N15_M07_F04,real,1499.6383099344341,0.9607569081679637,24.993971832240568,0.25641025641025644,0.017775229357798208,0.004366496303966102,0.0175,0,False,15.599244433730888,True,False,0.0324,0,False,12.875935150220869,False,False
PU,N15_M07_F04_KA15_20,KA15,6203_PU_2855,outer_race,N15_M07_F04,real,1499.915214228643,1.5133408866342326,24.998586903810715,0.25641025641025644,0.017775229357798208,0.004365690190683335,0.0331,0,False,22.39381206142851,False,False,0.0331,0,False,22.39381206142851,False,False
PU,N15_M07_F04_KA15_3,KA15,6203_PU_2855,outer_race,N15_M07_F04,real,1499.5054375599263,0.4244453521330115,24.99175729266544,0.25641025641025644,0.017775229357798208,0.004366883222691206,0.0161,0,False,13.621891026406903,True,False,0.0323,0,False,13.086180943873888,False,False
PU,N15_M07_F04_KA15_4,KA15,6203_PU_2855,outer_race,N15_M07_F04,real,1499.638978203567,0.41061044186862217,24.99398297005945,0.25641025641025644,0.017775229357798208,0.004366494358167987,0.0165,0,False,25.579188238584106,True,False,0.0331,0,False,18.921795863776932,False,False
PU,N15_M07_F04_KA15_5,KA15,6203_PU_2855,outer_race,N15_M07_F04,real,1499.3431794002297,1.2557948140355737,24.989052990003827,0.25641025641025644,0.017775229357798208,0.004367355804582437,0.0352,0,False,16.227577579303837,False,False,0.0352,0,False,16.227577579303837,False,False
PU,N15_M07_F04_KA15_6,KA15,6203_PU_2855,outer_race,N15_M07_F04,real,1499.6792800798623,0.3908942789919736,24.994654667997704,0.25641025641025644,0.017775229357798208,0.004366377014468034,0.0391,0,False,12.036580523081678,False,False,0.0391,0,False,12.036580523081678,False,False
PU,N15_M07_F04_KA15_7,KA15,6203_PU_2855,outer_race,N15_M07_F04,real,1499.5594562722235,0.5966420784139852,24.992657604537058,0.25641025641025644,0.017775229357798208,0.004366725914218071,0.0329,0,False,17.382162647775793,False,False,0.0329,0,False,17.382162647775793,False,False
PU,N15_M07_F04_KA15_8,KA15,6203_PU_2855,outer_race,N15_M07_F04,real,1499.2797908052682,3.7678307206744486,24.987996513421137,0.25641025641025644,0.017775229357798208,0.004367540453605152,0.0002,0,False,14.747347179438602,False,False,0.0002,0,False,14.747347179438602,False,False
PU,N15_M07_F04_KA15_9,KA15,6203_PU_2855,outer_race,N15_M07_F04,real,1499.7344412409245,0.5399107569593898,24.995574020682074,0.25641025641025644,0.017775229357798208,0.004366216416418719,0.0322,0,False,11.718991902346444,False,False,0.0322,0,False,11.718991902346444,False,False
PU,N15_M07_F10_KA15_1,KA15,6203_PU_2855,outer_race,N15_M07_F10,real,1499.6512391866302,0.9360473467200485,24.99418731977717,0.25641025641025644,0.017775229357798208,0.004366458658191904,0.0142,0,False,13.446543639149738,True,False,0.0223,0,False,11.2964090373737,False,False
PU,N15_M07_F10_KA15_10,KA15,6203_PU_2855,outer_race,N15_M07_F10,real,1499.5877689436759,0.5238428690523593,24.993129482394597,0.25641025641025644,0.017775229357798208,0.004366643469109695,0.0353,1,False,25.651036080582145,False,False,0.0353,1,False,25.651036080582145,False,False
PU,N15_M07_F10_KA15_11,KA15,6203_PU_2855,outer_race,N15_M07_F10,real,1499.6079942854428,0.6172364629826568,24.993466571424047,0.25641025641025644,0.017775229357798208,0.004366584575814331,0.024,0,False,13.070405033757485,False,False,0.0328,0,False,12.529150636008001,False,False
PU,N15_M07_F10_KA15_12,KA15,6203_PU_2855,outer_race,N15_M07_F10,real,1499.615809789967,0.4384931352029367,24.993596829832782,0.25641025641025644,0.017775229357798208,0.004366561818611263,0.0328,0,False,23.268117638971013,False,False,0.0328,0,False,23.268117638971013,False,False
PU,N15_M07_F10_KA15_13,KA15,6203_PU_2855,outer_race,N15_M07_F10,real,1499.5346106075992,0.49976626637626176,24.992243510126652,0.25641025641025644,0.017775229357798208,0.004366798266137663,0.0327,0,False,21.090689171583104,False,False,0.0327,0,False,21.090689171583104,False,False
PU,N15_M07_F10_KA15_14,KA15,6203_PU_2855,outer_race,N15_M07_F10,real,1499.604068585333,0.42807627153563016,24.99340114308888,0.25641025641025644,0.017775229357798208,0.004366596006765945,0.035,1,False,22.105289463508882,False,False,0.035,1,False,22.105289463508882,False,False
PU,N15_M07_F10_KA15_15,KA15,6203_PU_2855,outer_race,N15_M07_F10,real,1499.4784833455406,0.24188176796748723,24.99130805575901,0.25641025641025644,0.017775229357798208,0.004366961720587568,0.0343,0,False,20.89064601243836,False,False,0.0343,0,False,20.89064601243836,False,False
PU,N15_M07_F10_KA15_16,KA15,6203_PU_2855,outer_race,N15_M07_F10,real,1499.7596043436215,0.7308179991499288,24.995993405727024,0.25641025641025644,0.017775229357798208,0.004366143159643589,0.0359,0,False,16.404503947867134,False,False,0.0359,0,False,16.404503947867134,False,False
PU,N15_M07_F10_KA15_17,KA15,6203_PU_2855,outer_race,N15_M07_F10,real,1499.5614139651998,0.37800440186568646,24.99269023275333,0.25641025641025644,0.017775229357798208,0.0043667202134121084,0.0325,0,False,26.366224640247147,False,False,0.0325,0,False,26.366224640247147,False,False
PU,N15_M07_F10_KA15_18,KA15,6203_PU_2855,outer_race,N15_M07_F10,real,1499.6187307660334,0.29996332288705696,24.993645512767223,0.25641025641025644,0.017775229357798208,0.004366553313367694,0.0324,0,False,17.58275244577966,False,False,0.0324,0,False,17.58275244577966,False,False
PU,N15_M07_F10_KA15_19,KA15,6203_PU_2855,outer_race,N15_M07_F10,real,1499.6197727350448,0.5587362745574901,24.993662878917412,0.25641025641025644,0.017775229357798208,0.004366550279389801,0.0342,0,False,23.103183530800635,False,False,0.0342,0,False,23.103183530800635,False,False
PU,N15_M07_F10_KA15_2,KA15,6203_PU_2855,outer_race,N15_M07_F10,real,1499.6743583412238,0.30812478929980386,24.994572639020397,0.25641025641025644,0.017775229357798208,0.004366391344356614,0.0241,0,False,13.11961384731587,False,False,0.0241,0,False,13.11961384731587,False,False
PU,N15_M07_F10_KA15_20,KA15,6203_PU_2855,outer_race,N15_M07_F10,real,1499.6400229437393,0.3021745134405216,24.994000382395654,0.25641025641025644,0.017775229357798208,0.0043664913162032495,0.0342,0,False,19.140795100337538,False,False,0.0342,0,False,19.140795100337538,False,False
PU,N15_M07_F10_KA15_3,KA15,6203_PU_2855,outer_race,N15_M07_F10,real,1499.67374539581,0.1682718590079043,24.994562423263503,0.25641025641025644,0.017775229357798208,0.0043663931289844755,0.0356,0,False,14.292423360005309,False,False,0.0356,0,False,14.292423360005309,False,False
PU,N15_M07_F10_KA15_4,KA15,6203_PU_2855,outer_race,N15_M07_F10,real,1499.7541050905222,0.3647801696537216,24.995901751508704,0.25641025641025644,0.017775229357798208,0.0043661591692855835,0.0212,0,False,15.109687748857706,True,False,0.0222,0,False,14.11035452747755,False,False
PU,N15_M07_F10_KA15_5,KA15,6203_PU_2855,outer_race,N15_M07_F10,real,1499.645544272934,0.31224052167172134,24.9940924045489,0.25641025641025644,0.017775229357798208,0.004366475239847023,0.0357,0,False,19.511908040466835,False,False,0.0357,0,False,19.511908040466835,False,False
PU,N15_M07_F10_KA15_6,KA15,6203_PU_2855,outer_race,N15_M07_F10,real,1499.426820060918,0.8410449203392587,24.9904470010153,0.25641025641025644,0.017775229357798208,0.004367112185807536,0.0329,0,False,20.923749633958455,False,False,0.0329,0,False,20.923749633958455,False,False
PU,N15_M07_F10_KA15_7,KA15,6203_PU_2855,outer_race,N15_M07_F10,real,1499.4836086340908,0.39063070256483656,24.991393477234848,0.25641025641025644,0.017775229357798208,0.004366946794156377,0.0362,0,False,17.282510302820672,False,False,0.0362,0,False,17.282510302820672,False,False
PU,N15_M07_F10_KA15_8,KA15,6203_PU_2855,outer_race,N15_M07_F10,real,1499.5356534679327,0.5803368508736644,24.99226089113221,0.25641025641025644,0.017775229357798208,0.004366795229223745,0.0349,0,False,17.536574851433002,False,False,0.0349,0,False,17.536574851433002,False,False
PU,N15_M07_F10_KA15_9,KA15,6203_PU_2855,outer_race,N15_M07_F10,real,1499.4973884808064,0.44861255117905974,24.991623141346775,0.25641025641025644,0.017775229357798208,0.004366906663471322,0.0255,0,False,18.4394590589541,False,False,0.037,0,False,17.892447642120153,False,False
PU,N09_M07_F10_KA16_1,KA16,6203_PU_2905,outer_race,N09_M07_F10,real,899.6844517283812,0.33015428821815634,14.994740862139686,0.25641025641025644,0.022982062780269034,0.007239708213568915,0.0204,0,False,29.175075519519986,True,False,-0.0081,0,False,9.455963652157035,False,False
PU,N09_M07_F10_KA16_10,KA16,6203_PU_2905,outer_race,N09_M07_F10,real,899.684654761868,0.5707855634901668,14.994744246031134,0.25641025641025644,0.022982062780269034,0.007239706579770678,0.0218,0,False,22.23393268951159,True,False,0.0037,0,False,9.953219825786705,False,False
PU,N09_M07_F10_KA16_11,KA16,6203_PU_2905,outer_race,N09_M07_F10,real,899.303261327644,0.6273312543573627,14.988387688794067,0.25641025641025644,0.022982062780269034,0.007242776930645595,0.0215,0,False,24.172877412320872,True,False,0.0045,0,False,11.512176771973124,False,False
PU,N09_M07_F10_KA16_12,KA16,6203_PU_2905,outer_race,N09_M07_F10,real,899.8909660445535,0.7423451253169512,14.998182767409224,0.25641025641025644,0.022982062780269034,0.0072380467862989155,0.0214,0,False,38.94664590280508,True,False,-0.0006,0,False,30.41846629177568,False,False
PU,N09_M07_F10_KA16_13,KA16,6203_PU_2905,outer_race,N09_M07_F10,real,899.7778953499043,0.567146493108115,14.996298255831737,0.25641025641025644,0.022982062780269034,0.0072389563562964224,0.022,0,False,21.145515984851635,True,False,0.0041,0,False,9.706016805433702,False,False
PU,N09_M07_F10_KA16_14,KA16,6203_PU_2905,outer_race,N09_M07_F10,real,899.8347074367503,0.370032594773143,14.997245123945838,0.25641025641025644,0.022982062780269034,0.0072384993165603585,0.022,0,False,38.53606128371492,True,False,0.026,0,False,10.30812384812911,True,False
PU,N09_M07_F10_KA16_15,KA16,6203_PU_2905,outer_race,N09_M07_F10,real,899.8038081233093,0.6884843477503937,14.996730135388487,0.25641025641025644,0.022982062780269034,0.007238747887034505,0.0241,0,False,17.590332328249175,True,False,0.0119,0,False,9.554789539037461,False,False
PU,N09_M07_F10_KA16_16,KA16,6203_PU_2905,outer_race,N09_M07_F10,real,899.7634696802289,0.23900641460229363,14.996057828003815,0.25641025641025644,0.022982062780269034,0.007239072416568604,0.0212,0,False,35.84419110005549,True,False,0.0073,0,False,13.93970100855713,False,False
PU,N09_M07_F10_KA16_17,KA16,6203_PU_2905,outer_race,N09_M07_F10,real,899.6337829461843,0.7647349466395298,14.993896382436406,0.25641025641025644,0.022982062780269034,0.007240115965262544,0.0223,0,False,21.99916774577397,True,False,0.0042,0,False,7.49975264961266,False,False
PU,N09_M07_F10_KA16_18,KA16,6203_PU_2905,outer_race,N09_M07_F10,real,899.6562793182351,0.5402285668737158,14.994271321970585,0.25641025641025644,0.022982062780269034,0.007239934922406301,0.02,0,False,14.030950579434062,True,False,0.0376,0,False,11.817969128078555,False,False
PU,N09_M07_F10_KA16_19,KA16,6203_PU_2905,outer_race,N09_M07_F10,real,899.5323556437891,0.4894930949819409,14.992205927396485,0.25641025641025644,0.022982062780269034,0.007240932328817204,0.0238,0,False,29.054637422360067,True,False,0.0356,0,False,11.44720822308686,False,False
PU,N09_M07_F10_KA16_2,KA16,6203_PU_2905,outer_race,N09_M07_F10,real,899.8505023628519,0.15728262180479585,14.997508372714199,0.25641025641025644,0.022982062780269034,0.007238372260386592,0.022,0,False,28.764675149761054,True,False,0.0345,0,False,12.819758199028211,False,False
PU,N09_M07_F10_KA16_20,KA16,6203_PU_2905,outer_race,N09_M07_F10,real,899.8807548282264,0.7828078856364478,14.998012580470439,0.25641025641025644,0.022982062780269034,0.0072381289185826925,0.0213,0,False,32.43543176176008,True,False,0.0043,0,False,10.34357325386879,False,False
PU,N09_M07_F10_KA16_3,KA16,6203_PU_2905,outer_race,N09_M07_F10,real,899.605606302548,0.35958907894717473,14.993426771709133,0.25641025641025644,0.022982062780269034,0.00724034273371086,0.0209,0,False,34.188972462459844,True,False,0.0169,0,False,10.902086783019675,True,False
PU,N09_M07_F10_KA16_4,KA16,6203_PU_2905,outer_race,N09_M07_F10,real,899.4155305952834,0.6488215483829928,14.990258843254724,0.25641025641025644,0.022982062780269034,0.007241872853237524,-0.0011,0,False,24.966780897834376,False,False,-0.0011,0,False,24.966780897834376,False,False
PU,N09_M07_F10_KA16_5,KA16,6203_PU_2905,outer_race,N09_M07_F10,real,899.7898016991153,0.5189981032569947,14.996496694985256,0.25641025641025644,0.022982062780269034,0.007238860567766546,0.0216,0,False,30.18465911117164,True,False,-0.0024,0,False,29.405406825985917,False,False
PU,N09_M07_F10_KA16_6,KA16,6203_PU_2905,outer_race,N09_M07_F10,real,899.9900706568158,0.6885250460729807,14.999834510946929,0.25641025641025644,0.022982062780269034,0.007237249751038549,0.0231,0,False,17.99762313687934,True,False,0.0373,0,False,8.808205943188018,False,False
PU,N09_M07_F10_KA16_7,KA16,6203_PU_2905,outer_race,N09_M07_F10,real,899.3737157113605,0.9655954258605801,14.989561928522676,0.25641025641025644,0.022982062780269034,0.007242209552061887,0.0197,0,False,28.785565247762285,True,False,0.0396,0,False,10.982771224560029,False,False
PU,N09_M07_F10_KA16_8,KA16,6203_PU_2905,outer_race,N09_M07_F10,real,899.5419366705088,0.6383658464011016,14.992365611175147,0.25641025641025644,0.022982062780269034,0.007240855205602275,0.0243,0,False,32.6198069120605,True,False,0.0157,0,False,11.331642663678018,False,False
PU,N09_M07_F10_KA16_9,KA16,6203_PU_2905,outer_race,N09_M07_F10,real,899.8570255898896,1.0283247706377092,14.997617093164827,0.25641025641025644,0.022982062780269034,0.007238319788111226,0.0221,0,False,12.725413226260965,True,False,0.0476,0,False,9.743299801606776,False,False
PU,N15_M01_F10_KA16_1,KA16,6203_PU_2905,outer_race,N15_M01_F10,real,1500.0632948379368,1.205225068811474,25.001054913965614,0.25641025641025644,0.022982062780269034,0.00434211872073165,0.0006,3,True,60.0,False,False,0.0006,3,True,60.0,False,False
PU,N15_M01_F10_KA16_10,KA16,6203_PU_2905,outer_race,N15_M01_F10,real,1499.4963427969526,0.7014571556982098,24.991605713282542,0.25641025641025644,0.022982062780269034,0.004343760454026127,0.0002,3,True,60.0,False,False,0.0002,3,True,60.0,False,False
PU,N15_M01_F10_KA16_11,KA16,6203_PU_2905,outer_race,N15_M01_F10,real,1499.4772729423362,0.5095399655288705,24.99128788237227,0.25641025641025644,0.022982062780269034,0.004343815696530859,0.0002,3,True,60.0,False,False,0.0002,3,True,60.0,False,False
PU,N15_M01_F10_KA16_12,KA16,6203_PU_2905,outer_race,N15_M01_F10,real,1499.701155959581,1.4694652768031014,24.995019265993015,0.25641025641025644,0.022982062780269034,0.00434316722962755,0.0004,3,True,60.0,False,False,0.0004,3,True,60.0,False,False
PU,N15_M01_F10_KA16_13,KA16,6203_PU_2905,outer_race,N15_M01_F10,real,1499.5614660092167,0.4208426187398626,24.99269110015361,0.25641025641025644,0.022982062780269034,0.0043435718124529175,-0.0,3,True,60.0,False,False,-0.0,3,True,60.0,False,False
PU,N15_M01_F10_KA16_14,KA16,6203_PU_2905,outer_race,N15_M01_F10,real,1499.4906024799834,1.0406172074890994,24.991510041333058,0.25641025641025644,0.022982062780269034,0.004343777082714431,0.0004,3,True,60.0,False,False,0.0004,3,True,60.0,False,False
PU,N15_M01_F10_KA16_15,KA16,6203_PU_2905,outer_race,N15_M01_F10,real,1499.290444352981,0.5366258965909211,24.988174072549683,0.25641025641025644,0.022982062780269034,0.004344356985219824,-0.0001,3,True,60.0,False,False,-0.0001,3,True,60.0,False,False
PU,N15_M01_F10_KA16_16,KA16,6203_PU_2905,outer_race,N15_M01_F10,real,1499.2137926735425,0.935427108159978,24.98689654455904,0.25641025641025644,0.022982062780269034,0.0043445791031463165,-0.0,3,True,60.0,False,False,-0.0,3,True,60.0,False,False
PU,N15_M01_F10_KA16_17,KA16,6203_PU_2905,outer_race,N15_M01_F10,real,1499.5176151582355,1.119654830964364,24.99196025263726,0.25641025641025644,0.022982062780269034,0.004343698832848242,0.0001,3,True,60.0,False,False,0.0001,3,True,60.0,False,False
PU,N15_M01_F10_KA16_18,KA16,6203_PU_2905,outer_race,N15_M01_F10,real,1499.6646563038394,1.1054544587346513,24.994410938397323,0.25641025641025644,0.022982062780269034,0.004343272935998666,0.0002,3,True,60.0,False,False,0.0002,3,True,60.0,False,False
PU,N15_M01_F10_KA16_19,KA16,6203_PU_2905,outer_race,N15_M01_F10,real,1500.0328136526068,0.3422310710829681,25.000546894210114,0.25641025641025644,0.022982062780269034,0.004342206954085112,0.0003,3,True,60.0,False,False,0.0003,3,True,60.0,False,False
PU,N15_M01_F10_KA16_2,KA16,6203_PU_2905,outer_race,N15_M01_F10,real,1499.5508934348488,0.9775217611520624,24.992514890580814,0.25641025641025644,0.022982062780269034,0.004343602436779314,0.0004,3,True,60.0,False,False,0.0004,3,True,60.0,False,False
PU,N15_M01_F10_KA16_20,KA16,6203_PU_2905,outer_race,N15_M01_F10,real,1499.695488353134,0.6919260662667762,24.994924805885564,0.25641025641025644,0.022982062780269034,0.004343183643201361,0.0004,3,True,60.0,False,False,0.0004,3,True,60.0,False,False
PU,N15_M01_F10_KA16_3,KA16,6203_PU_2905,outer_race,N15_M01_F10,real,1499.6238145714324,0.39017858337126327,24.993730242857207,0.25641025641025644,0.022982062780269034,0.00434339122352471,0.0003,3,True,60.0,False,False,0.0003,3,True,60.0,False,False
PU,N15_M01_F10_KA16_4,KA16,6203_PU_2905,outer_race,N15_M01_F10,real,1499.4736388462609,0.48990122040114564,24.991227314104346,0.25641025641025644,0.022982062780269034,0.004343826224120786,0.0002,3,True,60.0,False,False,0.0002,3,True,60.0,False,False
PU,N15_M01_F10_KA16_5,KA16,6203_PU_2905,outer_race,N15_M01_F10,real,1499.6320382103918,0.8142286634959915,24.99386730350653,0.25641025641025644,0.022982062780269034,0.004343367405361073,0.0003,3,True,60.0,False,False,0.0003,3,True,60.0,False,False
PU,N15_M01_F10_KA16_6,KA16,6203_PU_2905,outer_race,N15_M01_F10,real,1499.7627401670804,0.6422470812166341,24.99604566945134,0.25641025641025644,0.022982062780269034,0.004342988887744056,-0.0,3,True,60.0,False,False,-0.0,3,True,60.0,False,False
PU,N15_M01_F10_KA16_7,KA16,6203_PU_2905,outer_race,N15_M01_F10,real,1499.6116076318335,0.261100370452739,24.993526793863893,0.25641025641025644,0.022982062780269034,0.004343426579022127,-0.0093,0,False,5.073539421293766,False,False,-0.0093,0,False,5.073539421293766,False,False
PU,N15_M01_F10_KA16_8,KA16,6203_PU_2905,outer_race,N15_M01_F10,real,1499.6891289185908,0.3047709356009702,24.994818815309845,0.25641025641025644,0.022982062780269034,0.004343202060479685,0.0002,3,True,60.0,False,False,0.0002,3,True,60.0,False,False
PU,N15_M01_F10_KA16_9,KA16,6203_PU_2905,outer_race,N15_M01_F10,real,1499.6017423112232,1.6577325943973993,24.99336237185372,0.25641025641025644,0.022982062780269034,0.00434345515280578,-0.0,3,True,60.0,False,False,-0.0,3,True,60.0,False,False
PU,N15_M07_F04_KA16_1,KA16,6203_PU_2905,outer_race,N15_M07_F04,real,1499.598428057435,0.6613925918716415,24.993307134290585,0.25641025641025644,0.022982062780269034,0.00434346475225082,0.0371,0,False,16.754023880878517,False,False,0.0371,0,False,16.754023880878517,False,False
PU,N15_M07_F04_KA16_10,KA16,6203_PU_2905,outer_race,N15_M07_F04,real,1499.593743697816,0.29886995727334026,24.993229061630267,0.25641025641025644,0.022982062780269034,0.004343478320159447,-0.0096,1,False,23.91121922701349,False,False,-0.0096,1,False,23.91121922701349,False,False
PU,N15_M07_F04_KA16_11,KA16,6203_PU_2905,outer_race,N15_M07_F04,real,1499.4848652272951,0.5554313284089532,24.99141442045492,0.25641025641025644,0.022982062780269034,0.004343793702653267,-0.0097,0,False,15.622876393438178,False,False,-0.0097,0,False,15.622876393438178,False,False
PU,N15_M07_F04_KA16_12,KA16,6203_PU_2905,outer_race,N15_M07_F04,real,1499.2649166747549,0.8858551953408149,24.987748611245916,0.25641025641025644,0.022982062780269034,0.004344430955700947,-0.01,0,False,16.37136060823797,False,True,-0.01,0,False,16.37136060823797,False,True
PU,N15_M07_F04_KA16_13,KA16,6203_PU_2905,outer_race,N15_M07_F04,real,1499.751908055748,0.9511124712041639,24.995865134262466,0.25641025641025644,0.022982062780269034,0.004343020255424867,-0.0091,0,False,13.912937146155338,False,False,-0.0091,0,False,13.912937146155338,False,False
PU,N15_M07_F04_KA16_14,KA16,6203_PU_2905,outer_race,N15_M07_F04,real,1499.5817358006739,0.8540919547627309,24.99302893001123,0.25641025641025644,0.022982062780269034,0.004343513100551648,0.0373,0,False,16.763849336552255,False,False,0.0373,0,False,16.763849336552255,False,False
PU,N15_M07_F04_KA16_15,KA16,6203_PU_2905,outer_race,N15_M07_F04,real,1499.7116162134473,0.6152781858631068,24.995193603557457,0.25641025641025644,0.022982062780269034,0.0043431369367156894,-0.01,0,False,22.23167392790919,False,True,-0.01,0,False,22.23167392790919,False,True
PU,N15_M07_F04_KA16_16,KA16,6203_PU_2905,outer_race,N15_M07_F04,real,1499.649962937569,0.18543258645569954,24.99416604895948,0.25641025641025644,0.022982062780269034,0.004343315490795877,-0.0092,0,False,22.05198674253443,False,False,-0.0092,0,False,22.05198674253443,False,False
PU,N15_M07_F04_KA16_17,KA16,6203_PU_2905,outer_race,N15_M07_F04,real,1499.6607845243313,0.5664876483404911,24.994346408738856,0.25641025641025644,0.022982062780269034,0.004343284149331258,0.0375,0,False,11.415782902002167,False,False,0.0375,0,False,11.415782902002167,False,False
PU,N15_M07_F04_KA16_18,KA16,6203_PU_2905,outer_race,N15_M07_F04,real,1499.7144754702601,0.6952626174903452,24.99524125783767,0.25641025641025644,0.022982062780269034,0.004343128656376946,-0.01,0,False,17.879352419660737,False,True,-0.01,0,False,17.879352419660737,False,True
PU,N15_M07_F04_KA16_19,KA16,6203_PU_2905,outer_race,N15_M07_F04,real,1499.5910433994618,0.3726877688147914,24.993184056657697,0.25641025641025644,0.022982062780269034,0.0043434861414167235,-0.0092,1,False,23.468012380399838,False,False,-0.0092,1,False,23.468012380399838,False,False
PU,N15_M07_F04_KA16_2,KA16,6203_PU_2905,outer_race,N15_M07_F04,real,1499.0090484980983,1.0347479323233395,24.98348414163497,0.25641025641025644,0.022982062780269034,0.004345172513350889,-0.01,0,False,16.629738791730325,False,True,-0.01,0,False,16.629738791730325,False,True
PU,N15_M07_F04_KA16_20,KA16,6203_PU_2905,outer_race,N15_M07_F04,real,1499.4880045995053,0.5480715469300691,24.991466743325088,0.25641025641025644,0.022982062780269034,0.004343784608358951,-0.0088,0,False,26.060907768027125,False,False,-0.0088,0,False,26.060907768027125,False,False
PU,N15_M07_F04_KA16_3,KA16,6203_PU_2905,outer_race,N15_M07_F04,real,1500.0430112730078,0.9378518886723893,25.00071685455013,0.25641025641025644,0.022982062780269034,0.00434217743481274,0.0368,0,False,11.699390203989031,False,False,0.0368,0,False,11.699390203989031,False,False
PU,N15_M07_F04_KA16_4,KA16,6203_PU_2905,outer_race,N15_M07_F04,real,1499.1665462964866,0.6829596310274583,24.98610910494144,0.25641025641025644,0.022982062780269034,0.004344716022972178,-0.01,0,False,19.404859774266694,False,True,-0.01,0,False,19.404859774266694,False,True
PU,N15_M07_F04_KA16_5,KA16,6203_PU_2905,outer_race,N15_M07_F04,real,1499.89005922892,2.046899373809883,24.998167653815337,0.25641025641025644,0.022982062780269034,0.004342620230543239,-0.01,0,False,20.50404383506236,False,True,-0.01,0,False,20.50404383506236,False,True
PU,N15_M07_F04_KA16_6,KA16,6203_PU_2905,outer_race,N15_M07_F04,real,1499.7611317395729,0.30857648508709107,24.996018862326213,0.25641025641025644,0.022982062780269034,0.0043429935454076295,-0.0099,0,False,19.958716339617403,False,False,-0.0099,0,False,19.958716339617403,False,False
PU,N15_M07_F04_KA16_7,KA16,6203_PU_2905,outer_race,N15_M07_F04,real,1499.202164029886,2.1456100522947783,24.986702733831432,0.25641025641025644,0.022982062780269034,0.0043446128021119666,0.0554,0,False,15.319776060061125,False,False,0.0554,0,False,15.319776060061125,False,False
PU,N15_M07_F04_KA16_8,KA16,6203_PU_2905,outer_race,N15_M07_F04,real,1499.5479391706099,0.279549512076912,24.9924656528435,0.25641025641025644,0.022982062780269034,0.004343610994124505,-0.01,1,False,26.39143079195318,False,True,-0.01,1,False,26.39143079195318,False,True
PU,N15_M07_F04_KA16_9,KA16,6203_PU_2905,outer_race,N15_M07_F04,real,1499.6690202436819,0.5549918805393781,24.99448367072803,0.25641025641025644,0.022982062780269034,0.004343260297355368,0.0459,0,False,20.120250222950787,False,False,0.0459,0,False,20.120250222950787,False,False
PU,N15_M07_F10_KA16_1,KA16,6203_PU_2905,outer_race,N15_M07_F10,real,1499.5716886347973,0.6867048753010713,24.99286147724662,0.25641025641025644,0.022982062780269034,0.004343542202192429,-0.0001,3,True,60.0,False,False,-0.0001,3,True,60.0,False,False
PU,N15_M07_F10_KA16_10,KA16,6203_PU_2905,outer_race,N15_M07_F10,real,1499.7761701030984,0.6561594122268145,24.996269501718306,0.25641025641025644,0.022982062780269034,0.0043429499978989905,0.0001,3,True,60.0,False,False,0.0001,3,True,60.0,False,False
PU,N15_M07_F10_KA16_11,KA16,6203_PU_2905,outer_race,N15_M07_F10,real,1499.6641931688328,0.6689918407814284,24.994403219480546,0.25641025641025644,0.022982062780269034,0.004343274277313441,0.0003,3,True,60.0,False,False,0.0003,3,True,60.0,False,False
PU,N15_M07_F10_KA16_12,KA16,6203_PU_2905,outer_race,N15_M07_F10,real,1500.308409743464,1.3631757277042953,25.005140162391065,0.25641025641025644,0.022982062780269034,0.004341409321242114,-0.0004,2,True,60.0,False,False,-0.0004,2,True,60.0,False,False
PU,N15_M07_F10_KA16_13,KA16,6203_PU_2905,outer_race,N15_M07_F10,real,1499.601009359274,1.7959914884642776,24.9933501559879,0.25641025641025644,0.022982062780269034,0.004343457275733078,0.0004,3,True,60.0,False,False,0.0004,3,True,60.0,False,False
PU,N15_M07_F10_KA16_14,KA16,6203_PU_2905,outer_race,N15_M07_F10,real,1499.697963267733,1.0181956343353435,24.994966054462218,0.25641025641025644,0.022982062780269034,0.004343176475752401,0.0004,3,True,60.0,False,False,0.0004,3,True,60.0,False,False
PU,N15_M07_F10_KA16_15,KA16,6203_PU_2905,outer_race,N15_M07_F10,real,1499.4615289618337,1.0708696039230976,24.99102548269723,0.25641025641025644,0.022982062780269034,0.004343861305536699,-0.0001,3,True,60.0,False,False,-0.0001,3,True,60.0,False,False
PU,N15_M07_F10_KA16_16,KA16,6203_PU_2905,outer_race,N15_M07_F10,real,1499.461089593348,0.6608516548062224,24.991018159889133,0.25641025641025644,0.022982062780269034,0.0043438625783645025,0.0001,3,True,60.0,False,False,0.0001,3,True,60.0,False,False
PU,N15_M07_F10_KA16_17,KA16,6203_PU_2905,outer_race,N15_M07_F10,real,1499.6471061412637,0.4565985453661856,24.994118435687728,0.25641025641025644,0.022982062780269034,0.004343323764720854,-0.0,3,True,60.0,False,False,-0.0,3,True,60.0,False,False
PU,N15_M07_F10_KA16_18,KA16,6203_PU_2905,outer_race,N15_M07_F10,real,1499.4250734864468,0.7150944961916311,24.990417891440778,0.25641025641025644,0.022982062780269034,0.004343966917702128,-0.0,3,True,60.0,False,False,-0.0,3,True,60.0,False,False
PU,N15_M07_F10_KA16_19,KA16,6203_PU_2905,outer_race,N15_M07_F10,real,1499.4724169263661,0.7635247933458098,24.991206948772767,0.25641025641025644,0.022982062780269034,0.004343829763904261,0.0002,3,True,60.0,False,False,0.0002,3,True,60.0,False,False
PU,N15_M07_F10_KA16_2,KA16,6203_PU_2905,outer_race,N15_M07_F10,real,1499.6049477531185,0.3792507643647666,24.99341579588531,0.25641025641025644,0.022982062780269034,0.004343445868565194,-0.0,3,True,60.0,False,False,-0.0,3,True,60.0,False,False
PU,N15_M07_F10_KA16_20,KA16,6203_PU_2905,outer_race,N15_M07_F10,real,1499.5234411422555,0.5272894193058498,24.992057352370924,0.25641025641025644,0.022982062780269034,0.0043436819566065685,0.0002,3,True,60.0,False,False,0.0002,3,True,60.0,False,False
PU,N15_M07_F10_KA16_3,KA16,6203_PU_2905,outer_race,N15_M07_F10,real,1499.674686045832,1.0402757127808393,24.994578100763867,0.25641025641025644,0.022982062780269034,0.004343243888427645,-0.0001,3,True,60.0,False,False,-0.0001,3,True,60.0,False,False
PU,N15_M07_F10_KA16_4,KA16,6203_PU_2905,outer_race,N15_M07_F10,real,1499.4130127590854,0.6864943818951911,24.99021687931809,0.25641025641025644,0.022982062780269034,0.0043440018589759564,-0.0,3,True,60.0,False,False,-0.0,3,True,60.0,False,False
PU,N15_M07_F10_KA16_5,KA16,6203_PU_2905,outer_race,N15_M07_F10,real,1499.6663341709727,0.5166776344537499,24.994438902849545,0.25641025641025644,0.022982062780269034,0.004343268076627788,-0.0002,3,True,60.0,False,False,-0.0002,3,True,60.0,False,False
PU,N15_M07_F10_KA16_6,KA16,6203_PU_2905,outer_race,N15_M07_F10,real,1499.3708299507914,1.4874888221451494,24.98951383251319,0.25641025641025644,0.022982062780269034,0.004344124071702779,0.0001,3,True,60.0,False,False,0.0001,3,True,60.0,False,False
PU,N15_M07_F10_KA16_7,KA16,6203_PU_2905,outer_race,N15_M07_F10,real,1499.5664082597593,0.6544426148141637,24.99277347099599,0.25641025641025644,0.022982062780269034,0.004343557496968102,0.0001,3,True,60.0,False,False,0.0001,3,True,60.0,False,False
PU,N15_M07_F10_KA16_8,KA16,6203_PU_2905,outer_race,N15_M07_F10,real,1499.5969658538618,0.2302575185721842,24.99328276423103,0.25641025641025644,0.022982062780269034,0.0043434689874085495,-0.0,3,True,60.0,False,False,-0.0,3,True,60.0,False,False
PU,N15_M07_F10_KA16_9,KA16,6203_PU_2905,outer_race,N15_M07_F10,real,1499.6418454878815,0.666883862447385,24.99403075813136,0.25641025641025644,0.022982062780269034,0.004343339000839345,-0.0,3,True,60.0,False,False,-0.0,3,True,60.0,False,False
PU,N09_M07_F10_KA22_1,KA22,6203_PU_2905,outer_race,N09_M07_F10,real,899.48758676031,0.611233310018731,14.9914597793385,0.25641025641025644,0.022982062780269034,0.007241292721178899,0.0212,1,False,43.33760788212225,True,False,0.0256,0,False,13.292646757576433,True,False
PU,N09_M07_F10_KA22_10,KA22,6203_PU_2905,outer_race,N09_M07_F10,real,899.7964617874287,0.40576724282511284,14.996607696457145,0.25641025641025644,0.022982062780269034,0.007238806987370627,0.0209,1,False,36.26400530111204,True,False,0.008,0,False,7.552108829031612,False,False
PU,N09_M07_F10_KA22_11,KA22,6203_PU_2905,outer_race,N09_M07_F10,real,899.7584685321438,0.5909363613324666,14.995974475535728,0.25641025641025644,0.022982062780269034,0.007239112653670473,0.0247,0,False,30.695489191299796,True,False,0.0266,0,False,17.167905240301323,True,False
PU,N09_M07_F10_KA22_12,KA22,6203_PU_2905,outer_race,N09_M07_F10,real,899.6372676005436,0.2794301830788593,14.99395446000906,0.25641025641025644,0.022982062780269034,0.007240087921402458,0.02,1,False,36.33415431098215,True,False,0.0369,0,False,13.747343209641077,False,False
PU,N09_M07_F10_KA22_13,KA22,6203_PU_2905,outer_race,N09_M07_F10,real,899.8680009106978,1.045637109388399,14.997800015178296,0.25641025641025644,0.022982062780269034,0.007238231505294516,0.0225,0,False,23.83445239585009,True,False,0.0102,0,False,14.617996696885402,False,False
PU,N09_M07_F10_KA22_14,KA22,6203_PU_2905,outer_race,N09_M07_F10,real,899.6992826564401,0.7184829505148806,14.994988044274002,0.25641025641025644,0.022982062780269034,0.007239588871924708,0.0212,0,False,27.11264011934126,True,False,0.0166,0,False,10.973724936283398,True,False
PU,N09_M07_F10_KA22_15,KA22,6203_PU_2905,outer_race,N09_M07_F10,real,899.7362407353961,0.6133707771494785,14.995604012256601,0.25641025641025644,0.022982062780269034,0.007239291494443373,0.0217,0,False,28.92088987744978,True,False,0.0015,0,False,13.665759850887925,False,False
PU,N09_M07_F10_KA22_16,KA22,6203_PU_2905,outer_race,N09_M07_F10,real,899.990542304284,0.602597219463312,14.999842371738065,0.25641025641025644,0.022982062780269034,0.007237245958298114,0.0218,0,False,40.001721983599936,True,False,0.012,0,False,11.099372006258251,False,False
PU,N09_M07_F10_KA22_17,KA22,6203_PU_2905,outer_race,N09_M07_F10,real,899.7863742655638,0.7120544808610353,14.996439571092731,0.25641025641025644,0.022982062780269034,0.007238888141771103,0.0212,0,False,35.23181617117829,True,False,0.0362,0,False,9.91025436645819,False,False
PU,N09_M07_F10_KA22_18,KA22,6203_PU_2905,outer_race,N09_M07_F10,real,899.5561952163546,0.5429016347693562,14.99260325360591,0.25641025641025644,0.022982062780269034,0.007240740433377416,0.0203,0,False,37.42129386926136,True,False,0.0183,0,False,19.40444409071317,True,False
PU,N09_M07_F10_KA22_19,KA22,6203_PU_2905,outer_race,N09_M07_F10,real,899.7815726428759,0.5055135908022903,14.99635954404793,0.25641025641025644,0.022982062780269034,0.007238926771601493,0.0216,0,False,23.1523534254644,True,False,0.0066,0,False,14.951620793414424,False,False
PU,N09_M07_F10_KA22_2,KA22,6203_PU_2905,outer_race,N09_M07_F10,real,899.8131519866378,0.7867210949874757,14.996885866443963,0.25641025641025644,0.022982062780269034,0.007238672718238877,0.0222,0,False,31.957372220405432,True,False,0.0143,0,False,13.389831923976512,False,False
PU,N09_M07_F10_KA22_20,KA22,6203_PU_2905,outer_race,N09_M07_F10,real,899.636607075373,0.34807705863805805,14.993943451256218,0.25641025641025644,0.022982062780269034,0.0072400932371713715,0.0207,0,False,37.95418925759904,True,False,0.0293,0,False,11.855077837217594,True,False
PU,N09_M07_F10_KA22_3,KA22,6203_PU_2905,outer_race,N09_M07_F10,real,899.7568171404952,0.47759089717226527,14.995946952341587,0.25641025641025644,0.022982062780269034,0.0072391259401607235,0.0209,0,False,35.95302447887052,True,False,0.0544,0,False,10.832877099151872,False,False
PU,N09_M07_F10_KA22_4,KA22,6203_PU_2905,outer_race,N09_M07_F10,real,899.6026498289267,0.7102025567017324,14.993377497148778,0.25641025641025644,0.022982062780269034,0.007240366528529947,0.0209,0,False,36.80119463571606,True,False,0.0598,0,False,9.056620677661671,False,False
PU,N09_M07_F10_KA22_5,KA22,6203_PU_2905,outer_race,N09_M07_F10,real,899.5594878635621,0.20487039158667497,14.992658131059368,0.25641025641025644,0.022982062780269034,0.0072407139301788066,0.021,0,False,34.806520877818194,True,False,0.0377,0,False,8.637124836518359,False,False
PU,N09_M07_F10_KA22_6,KA22,6203_PU_2905,outer_race,N09_M07_F10,real,899.69973825486,0.8555462699095125,14.994995637581,0.25641025641025644,0.022982062780269034,0.00723958520587357,0.011,0,False,13.394592079102475,False,False,0.011,0,False,13.394592079102475,False,False
PU,N09_M07_F10_KA22_7,KA22,6203_PU_2905,outer_race,N09_M07_F10,real,898.9646304044169,3.043437484910526,14.982743840073615,0.25641025641025644,0.022982062780269034,0.007245505211776799,0.0196,0,False,8.778653668364104,True,False,0.049,0,False,6.65825866182762,False,False
PU,N09_M07_F10_KA22_8,KA22,6203_PU_2905,outer_race,N09_M07_F10,real,899.4370205156082,3.8010692537647963,14.99061700859347,0.25641025641025644,0.022982062780269034,0.007241699825813626,0.0149,0,False,15.843812676216114,False,False,0.0149,0,False,12.728834335262592,False,False
PU,N09_M07_F10_KA22_9,KA22,6203_PU_2905,outer_race,N09_M07_F10,real,900.073865993068,2.8976945107597074,15.001231099884468,0.25641025641025644,0.022982062780269034,0.007236575975474851,0.023,0,False,21.69651222685861,True,False,0.0367,0,False,11.043823990740307,False,False
PU,N15_M01_F10_KA22_1,KA22,6203_PU_2905,outer_race,N15_M01_F10,real,1500.1628250149693,2.078917443102978,25.002713750249487,0.25641025641025644,0.022982062780269034,0.004341830637439781,0.0379,0,False,14.226066953955351,False,False,0.0379,0,False,14.226066953955351,False,False
PU,N15_M01_F10_KA22_10,KA22,6203_PU_2905,outer_race,N15_M01_F10,real,1499.535699922953,0.6829104966453008,24.99226166538255,0.25641025641025644,0.022982062780269034,0.0043436464467854095,0.0377,0,False,21.756660894089933,False,False,0.0377,0,False,21.756660894089933,False,False
PU,N15_M01_F10_KA22_11,KA22,6203_PU_2905,outer_race,N15_M01_F10,real,1499.6426294783819,0.2973629143403685,24.994043824639697,0.25641025641025644,0.022982062780269034,0.004343336730207363,-0.01,1,False,22.27029873165872,False,True,-0.01,1,False,22.27029873165872,False,True
PU,N15_M01_F10_KA22_12,KA22,6203_PU_2905,outer_race,N15_M01_F10,real,1499.528102819845,0.3781965950620229,24.992135046997415,0.25641025641025644,0.022982062780269034,0.0043436684531285115,-0.01,0,False,25.90165844177451,False,True,-0.01,0,False,25.90165844177451,False,True
PU,N15_M01_F10_KA22_13,KA22,6203_PU_2905,outer_race,N15_M01_F10,real,1499.495835944794,0.25158395407107553,24.991597265746567,0.25641025641025644,0.022982062780269034,0.00434376192228253,-0.01,1,False,23.40374800852098,False,True,-0.01,1,False,23.40374800852098,False,True
PU,N15_M01_F10_KA22_14,KA22,6203_PU_2905,outer_race,N15_M01_F10,real,1499.7449970315517,0.41446420647032745,24.995749950525862,0.25641025641025644,0.022982062780269034,0.0043430402686392006,0.0403,0,False,15.979827330907815,False,False,0.0403,0,False,15.979827330907815,False,False
PU,N15_M01_F10_KA22_15,KA22,6203_PU_2905,outer_race,N15_M01_F10,real,1499.6543058064926,0.4155682105800341,24.99423843010821,0.25641025641025644,0.022982062780269034,0.0043433029129305665,0.0165,0,False,27.641749925682028,False,False,-0.0099,1,False,23.621455154499284,False,False
PU,N15_M01_F10_KA22_16,KA22,6203_PU_2905,outer_race,N15_M01_F10,real,1499.5501254249168,0.2592210144095252,24.99250209041528,0.25641025641025644,0.022982062780269034,0.004343604661399722,-0.01,1,False,22.27916742106836,False,True,-0.01,1,False,22.27916742106836,False,True
PU,N15_M01_F10_KA22_17,KA22,6203_PU_2905,outer_race,N15_M01_F10,real,1499.6825722296778,0.38265912831222226,24.994709537161295,0.25641025641025644,0.022982062780269034,0.004343221049181244,-0.01,0,False,25.33927107419374,False,True,-0.01,0,False,25.33927107419374,False,True
PU,N15_M01_F10_KA22_18,KA22,6203_PU_2905,outer_race,N15_M01_F10,real,1499.644818274059,0.3853550656025285,24.99408030456765,0.25641025641025644,0.022982062780269034,0.004343330390921858,-0.01,0,False,21.245344194187094,False,True,-0.01,0,False,21.245344194187094,False,True
PU,N15_M01_F10_KA22_19,KA22,6203_PU_2905,outer_race,N15_M01_F10,real,1499.6039582534238,0.2577802907948864,24.99339930422373,0.25641025641025644,0.022982062780269034,0.004343448734547468,-0.01,1,False,26.684346631062855,False,True,-0.01,1,False,26.684346631062855,False,True
PU,N15_M01_F10_KA22_2,KA22,6203_PU_2905,outer_race,N15_M01_F10,real,1499.7577292102546,0.3336914006797041,24.995962153504244,0.25641025641025644,0.022982062780269034,0.004343003398440942,-0.01,0,False,30.6104741445835,False,True,-0.01,0,False,30.6104741445835,False,True
PU,N15_M01_F10_KA22_20,KA22,6203_PU_2905,outer_race,N15_M01_F10,real,1499.6331890324627,0.49137506931286995,24.99388648387438,0.25641025641025644,0.022982062780269034,0.00434336407225061,-0.01,1,False,24.293420204321993,False,True,-0.01,1,False,24.293420204321993,False,True
PU,N15_M01_F10_KA22_3,KA22,6203_PU_2905,outer_race,N15_M01_F10,real,1499.6829453791258,0.45042588744071965,24.994715756318765,0.25641025641025644,0.022982062780269034,0.004343219968505796,0.0371,0,False,21.866939253546626,False,False,0.0371,0,False,21.866939253546626,False,False
PU,N15_M01_F10_KA22_4,KA22,6203_PU_2905,outer_race,N15_M01_F10,real,1499.643714785346,0.25075129320488543,24.9940619130891,0.25641025641025644,0.022982062780269034,0.004343333586891684,-0.0096,1,False,23.830956863462635,False,False,-0.0096,1,False,23.830956863462635,False,False
PU,N15_M01_F10_KA22_5,KA22,6203_PU_2905,outer_race,N15_M01_F10,real,1499.6951943029883,0.5489783319576967,24.994919905049805,0.25641025641025644,0.022982062780269034,0.004343184494783593,0.041,0,False,21.120260458938013,False,False,0.041,0,False,21.120260458938013,False,False
PU,N15_M01_F10_KA22_6,KA22,6203_PU_2905,outer_race,N15_M01_F10,real,1499.5660801937536,0.5138297414484071,24.992768003229227,0.25641025641025644,0.022982062780269034,0.004343558447225364,-0.0096,1,False,27.481151221168517,False,False,-0.0096,1,False,27.481151221168517,False,False
PU,N15_M01_F10_KA22_7,KA22,6203_PU_2905,outer_race,N15_M01_F10,real,1499.627135617037,0.2511897498958492,24.993785593617286,0.25641025641025644,0.022982062780269034,0.004343381604733486,-0.0097,1,False,22.700438693189163,False,False,-0.0097,1,False,22.700438693189163,False,False
PU,N15_M01_F10_KA22_8,KA22,6203_PU_2905,outer_race,N15_M01_F10,real,1499.5743446348436,0.23431311763805981,24.992905743914058,0.25641025641025644,0.022982062780269034,0.004343534509043816,0.0375,0,False,19.703408839725792,False,False,0.0375,0,False,19.703408839725792,False,False
PU,N15_M01_F10_KA22_9,KA22,6203_PU_2905,outer_race,N15_M01_F10,real,1499.695693883781,0.5125474537077584,24.994928231396347,0.25641025641025644,0.022982062780269034,0.00434318304797571,-0.01,0,False,19.024633041821875,False,True,-0.01,0,False,19.024633041821875,False,True
PU,N15_M07_F04_KA22_1,KA22,6203_PU_2905,outer_race,N15_M07_F04,real,1499.5363029940788,0.4642175500680998,24.99227171656798,0.25641025641025644,0.022982062780269034,0.004343644699893555,0.0241,0,False,23.39535474860384,True,False,-0.01,1,False,22.42657677154915,False,True
PU,N15_M07_F04_KA22_10,KA22,6203_PU_2905,outer_race,N15_M07_F04,real,1499.626332546856,0.29296563125131553,24.993772209114265,0.25641025641025644,0.022982062780269034,0.004343383930673073,0.0233,0,False,25.262587287823024,True,False,-0.01,1,False,24.106749514981825,False,True
PU,N15_M07_F04_KA22_11,KA22,6203_PU_2905,outer_race,N15_M07_F04,real,1499.5039114995702,0.35595195090255966,24.99173185832617,0.25641025641025644,0.022982062780269034,0.004343738529020886,-0.01,0,False,25.43857958817603,False,True,-0.01,0,False,25.43857958817603,False,True
PU,N15_M07_F04_KA22_12,KA22,6203_PU_2905,outer_race,N15_M07_F04,real,1499.474967887892,0.46474218638598747,24.9912494647982,0.25641025641025644,0.022982062780269034,0.004343822374022574,-0.01,1,False,23.85375629026794,False,True,-0.01,1,False,23.85375629026794,False,True
PU,N15_M07_F04_KA22_13,KA22,6203_PU_2905,outer_race,N15_M07_F04,real,1499.5831134099215,0.24647755763700907,24.993051890165358,0.25641025641025644,0.022982062780269034,0.004343509110333459,0.0231,0,False,29.980765828844998,True,False,0.0391,1,False,24.96063250043109,False,False
PU,N15_M07_F04_KA22_14,KA22,6203_PU_2905,outer_race,N15_M07_F04,real,1499.6772597983652,0.2667745851778878,24.99462099663942,0.25641025641025644,0.022982062780269034,0.00434323643453389,-0.01,0,False,22.8980730395821,False,True,-0.01,0,False,22.8980730395821,False,True
PU,N15_M07_F04_KA22_15,KA22,6203_PU_2905,outer_race,N15_M07_F04,real,1499.6858897195143,0.33604113225381016,24.99476482865857,0.25641025641025644,0.022982062780269034,0.004343211441441524,0.0371,0,False,24.06001629218163,False,False,0.0371,0,False,24.06001629218163,False,False
PU,N15_M07_F04_KA22_16,KA22,6203_PU_2905,outer_race,N15_M07_F04,real,1499.6830410132413,0.33537313682210607,24.99471735022069,0.25641025641025644,0.022982062780269034,0.004343219691540605,-0.01,0,False,21.743626726420494,False,True,-0.01,0,False,21.743626726420494,False,True
PU,N15_M07_F04_KA22_17,KA22,6203_PU_2905,outer_race,N15_M07_F04,real,1499.56517077615,0.322309111212038,24.992752846269166,0.25641025641025644,0.022982062780269034,0.00434356108139465,-0.01,1,False,26.521234453699186,False,True,-0.01,1,False,26.521234453699186,False,True
PU,N15_M07_F04_KA22_18,KA22,6203_PU_2905,outer_race,N15_M07_F04,real,1499.608283980026,0.42130716805012364,24.9934713996671,0.25641025641025644,0.022982062780269034,0.004343436205561107,-0.01,0,False,19.542982342572166,False,True,-0.01,0,False,19.542982342572166,False,True
PU,N15_M07_F04_KA22_19,KA22,6203_PU_2905,outer_race,N15_M07_F04,real,1499.5611833367811,0.4583475474434898,24.992686388946353,0.25641025641025644,0.022982062780269034,0.0043435726312311285,-0.01,0,False,14.531007123434517,False,True,-0.01,0,False,14.531007123434517,False,True
PU,N15_M07_F04_KA22_2,KA22,6203_PU_2905,outer_race,N15_M07_F04,real,1499.6781959466089,0.6144535891064893,24.994636599110148,0.25641025641025644,0.022982062780269034,0.0043432337233434695,-0.0092,0,False,21.59496736013578,False,False,-0.0092,0,False,21.59496736013578,False,False
PU,N15_M07_F04_KA22_20,KA22,6203_PU_2905,outer_race,N15_M07_F04,real,1499.6358806600936,0.2712767896440736,24.993931344334893,0.25641025641025644,0.022982062780269034,0.004343356276545734,-0.01,1,False,22.9396281022661,False,True,-0.01,1,False,22.9396281022661,False,True
PU,N15_M07_F04_KA22_3,KA22,6203_PU_2905,outer_race,N15_M07_F04,real,1499.6390518180885,0.4058672976223604,24.993984196968142,0.25641025641025644,0.022982062780269034,0.004343347092022989,-0.01,0,False,21.060374147124957,False,True,-0.01,0,False,21.060374147124957,False,True
PU,N15_M07_F04_KA22_4,KA22,6203_PU_2905,outer_race,N15_M07_F04,real,1499.6590585746833,0.3299868462048416,24.994317642911387,0.25641025641025644,0.022982062780269034,0.004343289147993925,0.0226,0,False,26.143561162654095,True,False,-0.01,1,False,23.777077005289186,False,True
PU,N15_M07_F04_KA22_5,KA22,6203_PU_2905,outer_race,N15_M07_F04,real,1499.6218203245992,0.2785327828511146,24.993697005409988,0.25641025641025644,0.022982062780269034,0.004343396999510412,-0.0091,0,False,20.8699446083255,False,False,-0.0091,0,False,20.8699446083255,False,False
PU,N15_M07_F04_KA22_6,KA22,6203_PU_2905,outer_race,N15_M07_F04,real,1499.6157446366435,0.29295330909835854,24.99359574394406,0.25641025641025644,0.022982062780269034,0.004343414596768197,-0.01,1,False,24.38494322530064,False,True,-0.01,1,False,24.38494322530064,False,True
PU,N15_M07_F04_KA22_7,KA22,6203_PU_2905,outer_race,N15_M07_F04,real,1499.6092594379709,0.331152162018514,24.993487657299514,0.25641025641025644,0.022982062780269034,0.004343433380265565,-0.01,0,False,21.611410672879177,False,True,-0.01,0,False,21.611410672879177,False,True
PU,N15_M07_F04_KA22_8,KA22,6203_PU_2905,outer_race,N15_M07_F04,real,1499.5523221657595,0.33531638837070793,24.99253870276266,0.25641025641025644,0.022982062780269034,0.004343598298318139,-0.0095,1,False,26.337442539634036,False,False,-0.0095,1,False,26.337442539634036,False,False
PU,N15_M07_F04_KA22_9,KA22,6203_PU_2905,outer_race,N15_M07_F04,real,1499.595026583629,0.3911745863558149,24.993250443060486,0.25641025641025644,0.022982062780269034,0.004343474604365104,-0.0091,1,False,23.777431056694514,False,False,-0.0091,1,False,23.777431056694514,False,False
PU,N15_M07_F10_KA22_1,KA22,6203_PU_2905,outer_race,N15_M07_F10,real,1499.6284818256597,0.3803658935375077,24.99380803042766,0.25641025641025644,0.022982062780269034,0.0043433777057025995,-0.0095,1,False,27.829004770460557,False,False,-0.0095,1,False,27.829004770460557,False,False
PU,N15_M07_F10_KA22_10,KA22,6203_PU_2905,outer_race,N15_M07_F10,real,1499.5784249190115,0.9913249003714233,24.99297374865019,0.25641025641025644,0.022982062780269034,0.004343522690485483,0.0375,0,False,19.219594730011615,False,False,0.0375,0,False,19.219594730011615,False,False
PU,N15_M07_F10_KA22_11,KA22,6203_PU_2905,outer_race,N15_M07_F10,real,1499.477663554613,0.4738272087065895,24.991294392576883,0.25641025641025644,0.022982062780269034,0.004343814564971663,-0.01,0,False,22.20869105665328,False,True,-0.01,0,False,22.20869105665328,False,True
PU,N15_M07_F10_KA22_12,KA22,6203_PU_2905,outer_race,N15_M07_F10,real,1500.3036965516087,1.0106590408567309,25.00506160919348,0.25641025641025644,0.022982062780269034,0.0043414229597441715,-0.01,0,False,17.38970510192285,False,True,-0.01,0,False,17.38970510192285,False,True
PU,N15_M07_F10_KA22_13,KA22,6203_PU_2905,outer_race,N15_M07_F10,real,1499.5879370214025,0.3529761350583567,24.99313228369004,0.25641025641025644,0.022982062780269034,0.004343495138895109,-0.01,0,False,24.89442037957879,False,True,-0.01,0,False,24.89442037957879,False,True
PU,N15_M07_F10_KA22_14,KA22,6203_PU_2905,outer_race,N15_M07_F10,real,1499.5606138685637,0.2516952494320087,24.992676897809396,0.25641025641025644,0.022982062780269034,0.004343574280732015,-0.01,1,False,23.3408787264443,False,True,-0.01,1,False,23.3408787264443,False,True
PU,N15_M07_F10_KA22_15,KA22,6203_PU_2905,outer_race,N15_M07_F10,real,1499.6284653910693,0.4004805197274888,24.99380775651782,0.25641025641025644,0.022982062780269034,0.004343377753302145,-0.0092,0,False,16.96402639303546,False,False,-0.0092,0,False,16.96402639303546,False,False
PU,N15_M07_F10_KA22_16,KA22,6203_PU_2905,outer_race,N15_M07_F10,real,1499.5319252055458,0.557571145503886,24.992198753425765,0.25641025641025644,0.022982062780269034,0.0043436573808892966,-0.01,1,False,23.84785497008449,False,True,-0.01,1,False,23.84785497008449,False,True
PU,N15_M07_F10_KA22_17,KA22,6203_PU_2905,outer_race,N15_M07_F10,real,1499.6072736807453,0.4592775841743855,24.993454561345754,0.25641025641025644,0.022982062780269034,0.004343439131774224,-0.01,1,False,23.164383539444074,False,True,-0.01,1,False,23.164383539444074,False,True
PU,N15_M07_F10_KA22_18,KA22,6203_PU_2905,outer_race,N15_M07_F10,real,1499.5751261556304,0.43908054344149383,24.992918769260505,0.25641025641025644,0.022982062780269034,0.004343532245360958,-0.0088,1,False,23.326487618583563,False,False,-0.0088,1,False,23.326487618583563,False,False
PU,N15_M07_F10_KA22_19,KA22,6203_PU_2905,outer_race,N15_M07_F10,real,1498.895277421823,1.318440157933267,24.981587957030385,0.25641025641025644,0.022982062780269034,0.004345502326221003,0.041,0,False,14.4036149020112,False,False,0.041,0,False,14.4036149020112,False,False
PU,N15_M07_F10_KA22_2,KA22,6203_PU_2905,outer_race,N15_M07_F10,real,1499.4192431660588,0.22128056434098034,24.99032071943431,0.25641025641025644,0.022982062780269034,0.004343983808721101,-0.01,0,False,24.370856331284525,False,True,-0.01,0,False,24.370856331284525,False,True
PU,N15_M07_F10_KA22_20,KA22,6203_PU_2905,outer_race,N15_M07_F10,real,1499.5114893094853,0.34968568145980367,24.991858155158088,0.25641025641025644,0.022982062780269034,0.00434371657785537,0.0376,0,False,23.147106929399527,False,False,0.0376,0,False,23.147106929399527,False,False
PU,N15_M07_F10_KA22_3,KA22,6203_PU_2905,outer_race,N15_M07_F10,real,1499.4629444556585,0.20800273121731572,24.991049074260975,0.25641025641025644,0.022982062780269034,0.0043438572049292945,0.0411,1,False,24.976619709698724,False,False,0.0411,1,False,24.976619709698724,False,False
PU,N15_M07_F10_KA22_4,KA22,6203_PU_2905,outer_race,N15_M07_F10,real,1499.5092828186607,0.5893455588499875,24.991821380311013,0.25641025641025644,0.022982062780269034,0.004343722969526887,-0.0088,0,False,23.864264691221006,False,False,-0.0088,0,False,23.864264691221006,False,False
PU,N15_M07_F10_KA22_5,KA22,6203_PU_2905,outer_race,N15_M07_F10,real,1499.7119336419787,0.32849247985614516,24.995198894032978,0.25641025641025644,0.022982062780269034,0.004343136017448763,-0.0098,1,False,25.073887715857087,False,False,-0.0098,1,False,25.073887715857087,False,False
PU,N15_M07_F10_KA22_6,KA22,6203_PU_2905,outer_race,N15_M07_F10,real,1499.547087006778,0.50219793135124,24.992451450112966,0.25641025641025644,0.022982062780269034,0.004343613462515276,-0.01,1,False,25.45020983072019,False,True,-0.01,1,False,25.45020983072019,False,True
PU,N15_M07_F10_KA22_7,KA22,6203_PU_2905,outer_race,N15_M07_F10,real,1499.5448623207976,0.5770478843589898,24.992414372013293,0.25641025641025644,0.022982062780269034,0.004343619906587886,0.0218,0,False,23.96865850681365,True,False,-0.0089,1,False,23.679234321389778,False,False
PU,N15_M07_F10_KA22_8,KA22,6203_PU_2905,outer_race,N15_M07_F10,real,1499.5734934330803,0.3610556319182375,24.992891557218005,0.25641025641025644,0.022982062780269034,0.00434353697456101,-0.0088,1,False,26.158166665955658,False,False,-0.0088,1,False,26.158166665955658,False,False
PU,N15_M07_F10_KA22_9,KA22,6203_PU_2905,outer_race,N15_M07_F10,real,1499.951555818364,0.8216888385142511,24.999192596972737,0.25641025641025644,0.022982062780269034,0.004342442187237512,0.0369,0,False,22.570573814296484,False,False,0.0369,0,False,22.570573814296484,False,False
PU,N09_M07_F10_KA30_1,KA30,6203_PU_2905,outer_race,N09_M07_F10,real,899.816140509581,0.24671607986143346,14.996935675159683,0.25641025641025644,0.022982062780269034,0.007238648676728036,0.0441,0,False,17.86553786280511,False,False,0.0441,0,False,17.86553786280511,False,False
PU,N09_M07_F10_KA30_10,KA30,6203_PU_2905,outer_race,N09_M07_F10,real,899.8429521615961,1.1867617888406428,14.997382536026603,0.25641025641025644,0.022982062780269034,0.007238432994503804,0.0164,0,False,17.257009688284853,True,False,0.0157,0,False,15.295373201587442,False,False
PU,N09_M07_F10_KA30_11,KA30,6203_PU_2905,outer_race,N09_M07_F10,real,899.7011841144586,0.3763723650396783,14.995019735240977,0.25641025641025644,0.022982062780269034,0.00723957357153992,0.0286,0,False,17.007648102326133,True,False,0.0323,0,False,13.568168861018362,False,False
PU,N09_M07_F10_KA30_12,KA30,6203_PU_2905,outer_race,N09_M07_F10,real,899.7434131849133,0.4777237837597469,14.995723553081888,0.25641025641025644,0.022982062780269034,0.007239233785265374,0.0424,0,False,13.764059862583967,False,False,0.0424,0,False,13.764059862583967,False,False
PU,N09_M07_F10_KA30_13,KA30,6203_PU_2905,outer_race,N09_M07_F10,real,899.4771831169651,1.0488479525878125,14.991286385282752,0.25641025641025644,0.022982062780269034,0.007241376476307146,0.0242,0,False,12.525426531999877,True,False,0.0056,0,False,10.582032056864342,False,False
PU,N09_M07_F10_KA30_14,KA30,6203_PU_2905,outer_race,N09_M07_F10,real,899.7660851133369,0.6914410502559594,14.996101418555615,0.25641025641025644,0.022982062780269034,0.007239051374088807,0.0227,0,False,13.447067793208772,True,False,0.0334,0,False,11.625952920365613,False,False
PU,N09_M07_F10_KA30_15,KA30,6203_PU_2905,outer_race,N09_M07_F10,real,899.6652473822307,1.1811998281244027,14.994420789703845,0.25641025641025644,0.022982062780269034,0.0072398627531190035,0.0272,0,False,10.49913368519299,True,False,0.0005,0,False,10.263676970188886,False,False
PU,N09_M07_F10_KA30_16,KA30,6203_PU_2905,outer_race,N09_M07_F10,real,899.8673828991214,0.9173272152344355,14.997789714985355,0.25641025641025644,0.022982062780269034,0.007238236476372419,0.0288,0,False,13.224256489189127,True,False,0.0295,0,False,11.080538890208238,True,False
PU,N09_M07_F10_KA30_17,KA30,6203_PU_2905,outer_race,N09_M07_F10,real,899.7368914072425,0.42715620620808015,14.995614856787375,0.25641025641025644,0.022982062780269034,0.007239286259131572,0.0006,0,False,13.985734360552046,False,False,0.0006,0,False,13.985734360552046,False,False
PU,N09_M07_F10_KA30_18,KA30,6203_PU_2905,outer_race,N09_M07_F10,real,899.8938674275576,0.46727895684745596,14.998231123792626,0.25641025641025644,0.022982062780269034,0.007238023449829261,0.0293,0,False,12.299826842777776,True,False,0.0293,0,False,12.299826842777776,True,False
PU,N09_M07_F10_KA30_19,KA30,6203_PU_2905,outer_race,N09_M07_F10,real,899.6498724252772,0.45906921871453155,14.994164540421286,0.25641025641025644,0.022982062780269034,0.0072399864818957094,0.0343,0,False,11.74247904768066,False,False,0.0343,0,False,11.74247904768066,False,False
PU,N09_M07_F10_KA30_2,KA30,6203_PU_2905,outer_race,N09_M07_F10,real,899.5792207407637,0.5929425413760163,14.992987012346061,0.25641025641025644,0.022982062780269034,0.007240555100233047,0.0454,1,False,26.94973422698279,False,False,0.0454,1,False,26.94973422698279,False,False
PU,N09_M07_F10_KA30_20,KA30,6203_PU_2905,outer_race,N09_M07_F10,real,899.720871265138,0.6843994769132092,14.995347854418968,0.25641025641025644,0.022982062780269034,0.00723941515954759,0.03,0,False,17.114647496692314,True,False,0.03,0,False,17.114647496692314,True,False
PU,N09_M07_F10_KA30_3,KA30,6203_PU_2905,outer_race,N09_M07_F10,real,899.6420096793349,0.25026689333258345,14.994033494655582,0.25641025641025644,0.022982062780269034,0.0072400497583698185,0.0286,0,False,13.646385143083458,True,False,0.0286,0,False,13.646385143083458,True,False
PU,N09_M07_F10_KA30_4,KA30,6203_PU_2905,outer_race,N09_M07_F10,real,899.884337289496,0.6025204630062525,14.998072288158266,0.25641025641025644,0.022982062780269034,0.007238100103416741,0.0263,0,False,12.644948159416405,True,False,0.0263,0,False,10.654248964705474,True,False
PU,N09_M07_F10_KA30_5,KA30,6203_PU_2905,outer_race,N09_M07_F10,real,899.836311646251,0.3498924034419402,14.99727186077085,0.25641025641025644,0.022982062780269034,0.007238486411914008,0.0401,1,False,24.76146282920418,False,False,0.0401,1,False,24.76146282920418,False,False
PU,N09_M07_F10_KA30_6,KA30,6203_PU_2905,outer_race,N09_M07_F10,real,899.9637172867732,0.5264086575408342,14.999395288112886,0.25641025641025644,0.022982062780269034,0.007237461677271926,0.0298,0,False,19.452962684643868,True,False,0.0298,0,False,19.347229405778357,True,False
PU,N09_M07_F10_KA30_7,KA30,6203_PU_2905,outer_race,N09_M07_F10,real,899.6673618359381,0.8447738342730469,14.994456030598968,0.25641025641025644,0.022982062780269034,0.007239845737547151,0.0279,0,False,12.625209173857273,True,False,0.0279,0,False,12.625209173857273,True,False
PU,N09_M07_F10_KA30_8,KA30,6203_PU_2905,outer_race,N09_M07_F10,real,899.8369937528885,0.6845600545644225,14.997283229214808,0.25641025641025644,0.022982062780269034,0.007238480924898402,0.0363,0,False,16.41265209345719,False,False,0.0363,0,False,16.41265209345719,False,False
PU,N09_M07_F10_KA30_9,KA30,6203_PU_2905,outer_race,N09_M07_F10,real,899.7261544833426,0.6402172210494175,14.99543590805571,0.25641025641025644,0.022982062780269034,0.007239372649490758,0.0419,1,False,23.75765234634136,False,False,0.0419,1,False,23.75765234634136,False,False
PU,N15_M01_F10_KA30_1,KA30,6203_PU_2905,outer_race,N15_M01_F10,real,1499.7688247945407,0.7430577448943166,24.99614707990901,0.25641025641025644,0.022982062780269034,0.004342971268048935,0.0376,0,False,27.075116441128312,False,False,0.0376,0,False,27.075116441128312,False,False
PU,N15_M01_F10_KA30_10,KA30,6203_PU_2905,outer_race,N15_M01_F10,real,1499.4946204545595,0.39758646887211097,24.99157700757599,0.25641025641025644,0.022982062780269034,0.00434376544333564,0.0066,0,False,23.17533725783716,False,False,0.0066,0,False,23.17533725783716,False,False
PU,N15_M01_F10_KA30_11,KA30,6203_PU_2905,outer_race,N15_M01_F10,real,1499.563685803207,0.7445613659201087,24.992728096720114,0.25641025641025644,0.022982062780269034,0.004343565382692916,0.0405,0,False,20.47500888917001,False,False,0.0405,0,False,20.47500888917001,False,False
PU,N15_M01_F10_KA30_12,KA30,6203_PU_2905,outer_race,N15_M01_F10,real,1499.5634977068914,0.35200104538245885,24.992724961781523,0.25641025641025644,0.022982062780269034,0.004343565927523893,0.0402,0,False,24.952034955849435,False,False,0.0402,0,False,24.952034955849435,False,False
PU,N15_M01_F10_KA30_13,KA30,6203_PU_2905,outer_race,N15_M01_F10,real,1499.6354608042475,0.5469403414685665,24.993924346737458,0.25641025641025644,0.022982062780269034,0.004343357492563608,0.0047,1,False,25.253000558956245,False,False,0.0047,1,False,25.253000558956245,False,False
PU,N15_M01_F10_KA30_14,KA30,6203_PU_2905,outer_race,N15_M01_F10,real,1499.6139203262003,0.36434767386264716,24.993565338770004,0.25641025641025644,0.022982062780269034,0.004343419880619261,0.0381,1,False,29.606929393616124,False,False,0.0381,1,False,29.606929393616124,False,False
PU,N15_M01_F10_KA30_15,KA30,6203_PU_2905,outer_race,N15_M01_F10,real,1499.774861452439,0.6096862002851176,24.996247690873982,0.25641025641025644,0.022982062780269034,0.004342953787404018,0.0051,1,False,23.927421389641843,False,False,0.0051,1,False,23.927421389641843,False,False
PU,N15_M01_F10_KA30_16,KA30,6203_PU_2905,outer_race,N15_M01_F10,real,1499.4603968821598,0.6319806284972648,24.991006614702663,0.25641025641025644,0.022982062780269034,0.00434386458511454,0.0374,1,False,34.776911079966354,False,False,0.0374,1,False,34.776911079966354,False,False
PU,N15_M01_F10_KA30_17,KA30,6203_PU_2905,outer_race,N15_M01_F10,real,1499.6980114779212,0.6159253919764988,24.994966857965355,0.25641025641025644,0.022982062780269034,0.004343176336134055,0.0414,0,False,31.680590926741417,False,False,0.0414,0,False,31.680590926741417,False,False
PU,N15_M01_F10_KA30_18,KA30,6203_PU_2905,outer_race,N15_M01_F10,real,1499.6180097934614,0.6916841223085678,24.99363349655769,0.25641025641025644,0.022982062780269034,0.004343408036087329,0.0408,0,False,42.05529628073139,False,False,0.0408,0,False,42.05529628073139,False,False
PU,N15_M01_F10_KA30_19,KA30,6203_PU_2905,outer_race,N15_M01_F10,real,1499.5269985523753,0.6917307850746467,24.99211664253959,0.25641025641025644,0.022982062780269034,0.004343671651851693,0.0045,1,False,26.135392464776544,False,False,0.0045,1,False,26.135392464776544,False,False
PU,N15_M01_F10_KA30_2,KA30,6203_PU_2905,outer_race,N15_M01_F10,real,1499.7277708529487,0.5575527180694996,24.995462847549145,0.25641025641025644,0.022982062780269034,0.004343090153684207,0.0413,1,False,24.527333663411568,False,False,0.0413,1,False,24.527333663411568,False,False
PU,N15_M01_F10_KA30_20,KA30,6203_PU_2905,outer_race,N15_M01_F10,real,1499.6438460779475,0.3154928497167921,24.994064101299124,0.25641025641025644,0.022982062780269034,0.004343333206636354,0.0041,1,False,24.49722243131318,False,False,0.0041,1,False,24.49722243131318,False,False
PU,N15_M01_F10_KA30_3,KA30,6203_PU_2905,outer_race,N15_M01_F10,real,1499.379747217451,1.037375575670306,24.989662453624184,0.25641025641025644,0.022982062780269034,0.004344098235877784,0.0382,0,False,41.06984782428436,False,False,0.0382,0,False,41.06984782428436,False,False
PU,N15_M01_F10_KA30_4,KA30,6203_PU_2905,outer_race,N15_M01_F10,real,1499.6494115991147,0.4733615805134249,24.994156859985246,0.25641025641025644,0.022982062780269034,0.004343317087593656,0.0412,1,False,28.234628669339262,False,False,0.0412,1,False,28.234628669339262,False,False
PU,N15_M01_F10_KA30_5,KA30,6203_PU_2905,outer_race,N15_M01_F10,real,1499.8512705671553,1.0066887155303235,24.997521176119257,0.25641025641025644,0.022982062780269034,0.004342732537963716,0.0415,1,False,32.7071383529323,False,False,0.0415,1,False,32.7071383529323,False,False
PU,N15_M01_F10_KA30_6,KA30,6203_PU_2905,outer_race,N15_M01_F10,real,1499.593359835677,0.44900633520876476,24.99322266392795,0.25641025641025644,0.022982062780269034,0.004343479431992111,0.0037,1,False,25.760659643862724,False,False,0.0037,1,False,25.760659643862724,False,False
PU,N15_M01_F10_KA30_7,KA30,6203_PU_2905,outer_race,N15_M01_F10,real,1499.4376247638927,0.3505696622700881,24.990627079398212,0.25641025641025644,0.022982062780269034,0.00434393055584679,0.0382,0,False,25.641291218144904,False,False,0.0382,0,False,25.641291218144904,False,False
PU,N15_M01_F10_KA30_8,KA30,6203_PU_2905,outer_race,N15_M01_F10,real,1499.6269445541632,0.45074875071792775,24.993782409236054,0.25641025641025644,0.022982062780269034,0.0043433821581104265,0.0293,0,False,26.127543142389715,False,False,0.0293,0,False,26.127543142389715,False,False
PU,N15_M01_F10_KA30_9,KA30,6203_PU_2905,outer_race,N15_M01_F10,real,1499.546539568591,0.9485136478571594,24.992442326143184,0.25641025641025644,0.022982062780269034,0.004343615048234569,0.0379,0,False,26.892301251244366,False,False,0.0379,0,False,26.892301251244366,False,False
PU,N15_M07_F04_KA30_1,KA30,6203_PU_2905,outer_race,N15_M07_F04,real,1499.5613673354862,0.3701191688129131,24.99268945559144,0.25641025641025644,0.022982062780269034,0.004343572098267451,0.0412,1,False,32.79449221532814,False,False,0.0412,1,False,32.79449221532814,False,False
PU,N15_M07_F04_KA30_10,KA30,6203_PU_2905,outer_race,N15_M07_F04,real,1499.6462267924471,1.0018977246971557,24.99410377987412,0.25641025641025644,0.022982062780269034,0.004343326311519255,0.0045,0,False,22.534542558291722,False,False,0.0045,0,False,22.534542558291722,False,False
PU,N15_M07_F04_KA30_11,KA30,6203_PU_2905,outer_race,N15_M07_F04,real,1499.6505777461805,0.5568491123325735,24.994176295769673,0.25641025641025644,0.022982062780269034,0.004343313710175908,0.0073,0,False,20.53131479040044,False,False,0.0073,0,False,20.53131479040044,False,False
PU,N15_M07_F04_KA30_12,KA30,6203_PU_2905,outer_race,N15_M07_F04,real,1499.826363863884,0.8901715954377011,24.997106064398064,0.25641025641025644,0.022982062780269034,0.004342804655078948,0.0085,1,False,23.286690066131502,False,False,0.0085,1,False,23.286690066131502,False,False
PU,N15_M07_F04_KA30_13,KA30,6203_PU_2905,outer_race,N15_M07_F04,real,1499.6059240857267,0.419158176037549,24.993432068095444,0.25641025641025644,0.022982062780269034,0.004343443040723716,0.0074,1,False,23.174157135076733,False,False,0.0074,1,False,23.174157135076733,False,False
PU,N15_M07_F04_KA30_14,KA30,6203_PU_2905,outer_race,N15_M07_F04,real,1499.6049989730113,0.5644731270520263,24.993416649550188,0.25641025641025644,0.022982062780269034,0.00434344572021224,0.0075,1,False,30.856138764496894,False,False,0.0075,1,False,30.856138764496894,False,False
PU,N15_M07_F04_KA30_15,KA30,6203_PU_2905,outer_race,N15_M07_F04,real,1499.4411195665657,0.6497750860430138,24.99068532610943,0.25641025641025644,0.022982062780269034,0.004343920431287766,0.0046,1,False,27.294285980220796,False,False,0.0046,1,False,27.294285980220796,False,False
PU,N15_M07_F04_KA30_16,KA30,6203_PU_2905,outer_race,N15_M07_F04,real,1499.5049216145892,0.33125632108419273,24.991748693576486,0.25641025641025644,0.022982062780269034,0.004343735602938107,0.0054,1,False,24.22275435135554,False,False,0.0054,1,False,24.22275435135554,False,False
PU,N15_M07_F04_KA30_17,KA30,6203_PU_2905,outer_race,N15_M07_F04,real,1499.3976311084716,0.7436113122283315,24.989960518474525,0.25641025641025644,0.022982062780269034,0.004344046422150844,0.0033,0,False,24.933310952428148,False,False,0.0033,0,False,24.933310952428148,False,False
PU,N15_M07_F04_KA30_18,KA30,6203_PU_2905,outer_race,N15_M07_F04,real,1499.5498487016607,1.4087294495281992,24.992497478361013,0.25641025641025644,0.022982062780269034,0.004343605462957887,0.005,0,False,18.626860111305,False,False,0.005,0,False,18.626860111305,False,False
PU,N15_M07_F04_KA30_19,KA30,6203_PU_2905,outer_race,N15_M07_F04,real,1499.431271871411,1.074436630946811,24.990521197856847,0.25641025641025644,0.022982062780269034,0.004343948960507469,0.0406,1,False,31.26923069279005,False,False,0.0406,1,False,31.26923069279005,False,False
PU,N15_M07_F04_KA30_2,KA30,6203_PU_2905,outer_race,N15_M07_F04,real,1499.6138017864782,0.7427017001366377,24.99356336310797,0.25641025641025644,0.022982062780269034,0.004343420223952848,0.0206,0,False,8.955301265607169,True,False,0.0117,0,False,8.371300432150534,False,False
PU,N15_M07_F04_KA30_20,KA30,6203_PU_2905,outer_race,N15_M07_F04,real,1499.7358861001999,1.3823606149762486,24.995598101669998,0.25641025641025644,0.022982062780269034,0.004343066652712631,0.0046,0,False,20.500916098377935,False,False,0.0046,0,False,20.500916098377935,False,False
PU,N15_M07_F04_KA30_3,KA30,6203_PU_2905,outer_race,N15_M07_F04,real,1499.5827693894757,0.4812721038940837,24.993046156491264,0.25641025641025644,0.022982062780269034,0.0043435101067812515,0.0037,1,False,24.680901843360946,False,False,0.0037,1,False,24.680901843360946,False,False
PU,N15_M07_F04_KA30_4,KA30,6203_PU_2905,outer_race,N15_M07_F04,real,1499.5562669551714,1.759867013641789,24.992604449252855,0.25641025641025644,0.022982062780269034,0.004343586871884231,0.0083,1,False,25.040702264550198,False,False,0.0083,1,False,25.040702264550198,False,False
PU,N15_M07_F04_KA30_5,KA30,6203_PU_2905,outer_race,N15_M07_F04,real,1499.6671210228894,0.9188701297185378,24.994452017048157,0.25641025641025644,0.022982062780269034,0.004343265797782861,0.0045,1,False,26.05701580636545,False,False,0.0045,1,False,26.05701580636545,False,False
PU,N15_M07_F04_KA30_6,KA30,6203_PU_2905,outer_race,N15_M07_F04,real,1499.6666793829584,0.9263165731218562,24.99444465638264,0.25641025641025644,0.022982062780269034,0.004343267076840157,0.008,1,False,26.019329336241714,False,False,0.008,1,False,26.019329336241714,False,False
PU,N15_M07_F04_KA30_7,KA30,6203_PU_2905,outer_race,N15_M07_F04,real,1499.5243845601083,0.38145839525585423,24.992073076001805,0.25641025641025644,0.022982062780269034,0.0043436792238019896,0.0047,0,False,12.740884233707622,False,False,0.0047,0,False,12.740884233707622,False,False
PU,N15_M07_F04_KA30_8,KA30,6203_PU_2905,outer_race,N15_M07_F04,real,1499.757308310207,0.810851616694052,24.99595513850345,0.25641025641025644,0.022982062780269034,0.004343004617285037,0.0048,0,False,22.89955062777697,False,False,0.0048,0,False,22.89955062777697,False,False
PU,N15_M07_F04_KA30_9,KA30,6203_PU_2905,outer_race,N15_M07_F04,real,1499.6201554782795,0.9903191239340433,24.993669257971323,0.25641025641025644,0.022982062780269034,0.004343401821457146,0.0084,1,False,28.82978807980983,False,False,0.0084,1,False,28.82978807980983,False,False
PU,N15_M07_F10_KA30_1,KA30,6203_PU_2905,outer_race,N15_M07_F10,real,1499.5250041026184,0.39823176252348247,24.992083401710307,0.25641025641025644,0.022982062780269034,0.004343677429171074,0.0072,1,False,24.35261698349601,False,False,0.0072,1,False,24.35261698349601,False,False
PU,N15_M07_F10_KA30_10,KA30,6203_PU_2905,outer_race,N15_M07_F10,real,1499.6714189861736,0.9786226535668162,24.99452364976956,0.25641025641025644,0.022982062780269034,0.004343253350258226,0.0037,1,False,22.367352501903465,False,False,0.0037,1,False,22.367352501903465,False,False
PU,N15_M07_F10_KA30_11,KA30,6203_PU_2905,outer_race,N15_M07_F10,real,1499.745653347754,1.1399490574928817,24.995760889129233,0.25641025641025644,0.022982062780269034,0.0043430383680451295,0.0051,1,False,28.407212552577022,False,False,0.0051,1,False,28.407212552577022,False,False
PU,N15_M07_F10_KA30_12,KA30,6203_PU_2905,outer_race,N15_M07_F10,real,1499.4239183257876,0.9949457324971444,24.990398638763125,0.25641025641025644,0.022982062780269034,0.0043439702643071985,0.0383,0,False,25.88551911490268,False,False,0.0383,0,False,25.88551911490268,False,False
PU,N15_M07_F10_KA30_13,KA30,6203_PU_2905,outer_race,N15_M07_F10,real,1499.6472026390775,0.3914316283963876,24.994120043984626,0.25641025641025644,0.022982062780269034,0.004343323485240955,0.0396,0,False,39.96683438875261,False,False,0.0396,0,False,39.96683438875261,False,False
PU,N15_M07_F10_KA30_14,KA30,6203_PU_2905,outer_race,N15_M07_F10,real,1499.5049470860286,0.71393850615521,24.991749118100476,0.25641025641025644,0.022982062780269034,0.004343735529152956,0.0066,1,False,25.396506457273357,False,False,0.0066,1,False,25.396506457273357,False,False
PU,N15_M07_F10_KA30_15,KA30,6203_PU_2905,outer_race,N15_M07_F10,real,1499.5018954872394,0.4605005135734547,24.991698258120657,0.25641025641025644,0.022982062780269034,0.00434374436898045,0.0065,1,False,25.34687923188614,False,False,0.0065,1,False,25.34687923188614,False,False
PU,N15_M07_F10_KA30_16,KA30,6203_PU_2905,outer_race,N15_M07_F10,real,1499.4011066817868,0.7113830557745024,24.990018444696446,0.25641025641025644,0.022982062780269034,0.004344036352762635,0.0045,1,False,26.12592217635857,False,False,0.0045,1,False,26.12592217635857,False,False
PU,N15_M07_F10_KA30_17,KA30,6203_PU_2905,outer_race,N15_M07_F10,real,1499.6781180339744,0.9802282788498623,24.99463530056624,0.25641025641025644,0.022982062780269034,0.0043432339489870775,0.0067,1,False,23.18867552897432,False,False,0.0067,1,False,23.18867552897432,False,False
PU,N15_M07_F10_KA30_18,KA30,6203_PU_2905,outer_race,N15_M07_F10,real,1499.2426970099236,0.7208844788311748,24.987378283498728,0.25641025641025644,0.022982062780269034,0.004344495342741091,0.0392,0,False,41.346493531899725,False,False,0.0392,0,False,41.346493531899725,False,False
PU,N15_M07_F10_KA30_19,KA30,6203_PU_2905,outer_race,N15_M07_F10,real,1499.7253230635665,0.8098917737977973,24.995422051059442,0.25641025641025644,0.022982062780269034,0.004343097242295569,0.0393,0,False,34.69012251404849,False,False,0.0393,0,False,34.69012251404849,False,False
PU,N15_M07_F10_KA30_2,KA30,6203_PU_2905,outer_race,N15_M07_F10,real,1499.4471098714623,0.6821620652487891,24.99078516452437,0.25641025641025644,0.022982062780269034,0.004343903077285975,0.0083,1,False,21.124062829537863,False,False,0.0083,1,False,21.124062829537863,False,False
PU,N15_M07_F10_KA30_20,KA30,6203_PU_2905,outer_race,N15_M07_F10,real,1499.6409105410225,0.5072364952251844,24.99401517568371,0.25641025641025644,0.022982062780269034,0.004343341708681688,0.0399,0,False,30.97440910585111,False,False,0.0399,0,False,30.97440910585111,False,False
PU,N15_M07_F10_KA30_3,KA30,6203_PU_2905,outer_race,N15_M07_F10,real,1499.5328661013984,0.6803031013378625,24.992214435023307,0.25641025641025644,0.022982062780269034,0.004343654655421049,0.004,1,False,24.454902267748338,False,False,0.004,1,False,24.454902267748338,False,False
PU,N15_M07_F10_KA30_4,KA30,6203_PU_2905,outer_race,N15_M07_F10,real,1499.610543215409,0.5843972629838429,24.993509053590152,0.25641025641025644,0.022982062780269034,0.004343429661965635,0.0381,0,False,19.972445009527537,False,False,0.0381,0,False,19.972445009527537,False,False
PU,N15_M07_F10_KA30_5,KA30,6203_PU_2905,outer_race,N15_M07_F10,real,1499.5933184303447,0.5876945317345312,24.993221973839077,0.25641025641025644,0.022982062780269034,0.004343479551920098,0.0043,1,False,25.554485020329146,False,False,0.0043,1,False,25.554485020329146,False,False
PU,N15_M07_F10_KA30_6,KA30,6203_PU_2905,outer_race,N15_M07_F10,real,1499.4599512815496,0.5876881624567422,24.990999188025828,0.25641025641025644,0.022982062780269034,0.00434386587599844,0.0386,0,False,30.585349831866626,False,False,0.0386,0,False,30.585349831866626,False,False
PU,N15_M07_F10_KA30_7,KA30,6203_PU_2905,outer_race,N15_M07_F10,real,1499.5724412988259,0.7614804976523535,24.992874021647097,0.25641025641025644,0.022982062780269034,0.004343540022085699,0.0032,0,False,24.855462160443185,False,False,0.0032,0,False,24.855462160443185,False,False
PU,N15_M07_F10_KA30_8,KA30,6203_PU_2905,outer_race,N15_M07_F10,real,1499.513217925333,0.7954372961823997,24.991886965422218,0.25641025641025644,0.022982062780269034,0.004343711570485495,0.0381,0,False,30.399328542508194,False,False,0.0381,0,False,30.399328542508194,False,False
PU,N15_M07_F10_KA30_9,KA30,6203_PU_2905,outer_race,N15_M07_F10,real,1499.9045797697208,0.34327538994296664,24.99840966282868,0.25641025641025644,0.022982062780269034,0.0043425781897393845,0.039,0,False,43.85175188412416,False,False,0.039,0,False,43.85175188412416,False,False
PU,N09_M07_F10_KI01_1,KI01,6203_PU_2905,inner_race,N09_M07_F10,artificial,899.7224049645565,0.7057515632300136,14.995373416075942,0.25641025641025644,0.022982062780269034,0.0072394028189781455,-0.004,3,True,60.0,False,False,-0.004,3,True,60.0,False,False
PU,N09_M07_F10_KI01_10,KI01,6203_PU_2905,inner_race,N09_M07_F10,artificial,899.7627134519208,0.31638890202770725,14.99604522419868,0.25641025641025644,0.022982062780269034,0.007239078500829936,-0.0033,3,True,60.0,False,False,-0.0033,3,True,60.0,False,False
PU,N09_M07_F10_KI01_11,KI01,6203_PU_2905,inner_race,N09_M07_F10,artificial,899.7153892160402,0.35712040709070964,14.995256486934004,0.25641025641025644,0.022982062780269034,0.007239459269973866,-0.0033,3,True,60.0,False,False,-0.0033,3,True,60.0,False,False
PU,N09_M07_F10_KI01_12,KI01,6203_PU_2905,inner_race,N09_M07_F10,artificial,899.6836482395552,0.3458744354589474,14.994727470659253,0.25641025641025644,0.022982062780269034,0.007239714679202322,-0.0027,3,True,60.0,False,False,-0.0027,3,True,60.0,False,False
PU,N09_M07_F10_KI01_13,KI01,6203_PU_2905,inner_race,N09_M07_F10,artificial,899.7420914227563,0.3137313592016368,14.995701523712604,0.25641025641025644,0.022982062780269034,0.007239244420029886,-0.0031,3,True,60.0,False,False,-0.0031,3,True,60.0,False,False
PU,N09_M07_F10_KI01_14,KI01,6203_PU_2905,inner_race,N09_M07_F10,artificial,899.7418040221066,0.1352394176899107,14.995696733701777,0.25641025641025644,0.022982062780269034,0.007239246732430553,-0.0028,3,True,60.0,False,False,-0.0028,3,True,60.0,False,False
PU,N09_M07_F10_KI01_15,KI01,6203_PU_2905,inner_race,N09_M07_F10,artificial,899.7704981187111,0.16274296710941144,14.996174968645185,0.25641025641025644,0.022982062780269034,0.0072390158695099325,-0.0031,3,True,60.0,False,False,-0.0031,3,True,60.0,False,False
PU,N09_M07_F10_KI01_16,KI01,6203_PU_2905,inner_race,N09_M07_F10,artificial,899.7358679630001,0.15875370494214988,14.995597799383336,0.25641025641025644,0.022982062780269034,0.007239294493776989,-0.0031,3,True,60.0,False,False,-0.0031,3,True,60.0,False,False
PU,N09_M07_F10_KI01_17,KI01,6203_PU_2905,inner_race,N09_M07_F10,artificial,899.7300501684384,0.20633026413093758,14.995500836140641,0.25641025641025644,0.022982062780269034,0.007239341304182097,-0.0026,3,True,60.0,False,False,-0.0026,3,True,60.0,False,False
PU,N09_M07_F10_KI01_18,KI01,6203_PU_2905,inner_race,N09_M07_F10,artificial,899.8166055182902,0.3908973704637685,14.996943425304837,0.25641025641025644,0.022982062780269034,0.007238644935927236,-0.003,3,True,60.0,False,False,-0.003,3,True,60.0,False,False
PU,N09_M07_F10_KI01_19,KI01,6203_PU_2905,inner_race,N09_M07_F10,artificial,899.7700853067989,0.2762644953123261,14.996168088446648,0.25641025641025644,0.022982062780269034,0.007239019190749472,-0.0029,3,True,60.0,False,False,-0.0029,3,True,60.0,False,False
PU,N09_M07_F10_KI01_2,KI01,6203_PU_2905,inner_race,N09_M07_F10,artificial,899.7191263467481,0.18086711221730425,14.995318772445803,0.25641025641025644,0.022982062780269034,0.007239429199694425,-0.0033,3,True,60.0,False,False,-0.0033,3,True,60.0,False,False
PU,N09_M07_F10_KI01_20,KI01,6203_PU_2905,inner_race,N09_M07_F10,artificial,899.781614416707,0.1888666383875754,14.99636024027845,0.25641025641025644,0.022982062780269034,0.007238926435522492,-0.0027,3,True,60.0,False,False,-0.0027,3,True,60.0,False,False
PU,N09_M07_F10_KI01_3,KI01,6203_PU_2905,inner_race,N09_M07_F10,artificial,899.7287242399608,0.33783973319498783,14.99547873733268,0.25641025641025644,0.022982062780269034,0.00723935197278535,-0.003,3,True,60.0,False,False,-0.003,3,True,60.0,False,False
PU,N09_M07_F10_KI01_4,KI01,6203_PU_2905,inner_race,N09_M07_F10,artificial,899.7196849802947,0.29703296935214046,14.995328083004912,0.25641025641025644,0.022982062780269034,0.007239424704752193,-0.0033,3,True,60.0,False,False,-0.0033,3,True,60.0,False,False
PU,N09_M07_F10_KI01_5,KI01,6203_PU_2905,inner_race,N09_M07_F10,artificial,899.7398059546206,0.2985610476482116,14.99566343257701,0.25641025641025644,0.022982062780269034,0.007239262808748867,-0.0031,3,True,60.0,False,False,-0.0031,3,True,60.0,False,False
PU,N09_M07_F10_KI01_6,KI01,6203_PU_2905,inner_race,N09_M07_F10,artificial,899.796519323866,0.18524065124299532,14.996608655397768,0.25641025641025644,0.022982062780269034,0.00723880652449357,-0.0032,3,True,60.0,False,False,-0.0032,3,True,60.0,False,False
PU,N09_M07_F10_KI01_7,KI01,6203_PU_2905,inner_race,N09_M07_F10,artificial,899.6913335594978,0.31515152029893384,14.994855559324964,0.25641025641025644,0.022982062780269034,0.007239652836299621,-0.003,3,True,60.0,False,False,-0.003,3,True,60.0,False,False
PU,N09_M07_F10_KI01_8,KI01,6203_PU_2905,inner_race,N09_M07_F10,artificial,899.7356160461362,0.23377825671795557,14.995593600768936,0.25641025641025644,0.022982062780269034,0.007239296520706159,-0.0033,3,True,60.0,False,False,-0.0033,3,True,60.0,False,False
PU,N09_M07_F10_KI01_9,KI01,6203_PU_2905,inner_race,N09_M07_F10,artificial,899.7546999391546,0.16730784657535847,14.995911665652578,0.25641025641025644,0.022982062780269034,0.0072391429744558975,-0.0029,3,True,60.0,False,False,-0.0029,3,True,60.0,False,False
PU,N15_M01_F10_KI01_1,KI01,6203_PU_2905,inner_race,N15_M01_F10,artificial,1499.6838544956574,0.4728839115084764,24.99473090826096,0.25641025641025644,0.022982062780269034,0.004343217335622164,0.0013,3,True,60.0,False,False,0.0013,3,True,60.0,False,False
PU,N15_M01_F10_KI01_10,KI01,6203_PU_2905,inner_race,N15_M01_F10,artificial,1499.4881905853622,0.29014807035504725,24.99146984308937,0.25641025641025644,0.022982062780269034,0.004343784069586783,0.0008,3,True,60.0,False,False,0.0008,3,True,60.0,False,False
PU,N15_M01_F10_KI01_11,KI01,6203_PU_2905,inner_race,N15_M01_F10,artificial,1499.6076903595401,0.15887443233847268,24.993461505992336,0.25641025641025644,0.022982062780269034,0.004343437924912593,0.0008,3,True,60.0,False,False,0.0008,3,True,60.0,False,False
PU,N15_M01_F10_KI01_12,KI01,6203_PU_2905,inner_race,N15_M01_F10,artificial,1499.5977225856586,0.25467213641514214,24.993295376427643,0.25641025641025644,0.022982062780269034,0.0043434667955933445,0.0007,3,True,60.0,False,False,0.0007,3,True,60.0,False,False
PU,N15_M01_F10_KI01_13,KI01,6203_PU_2905,inner_race,N15_M01_F10,artificial,1499.5620730838755,0.1469199091830925,24.992701218064592,0.25641025641025644,0.022982062780269034,0.004343570054024624,0.001,3,True,60.0,False,False,0.001,3,True,60.0,False,False
PU,N15_M01_F10_KI01_14,KI01,6203_PU_2905,inner_race,N15_M01_F10,artificial,1499.5992555775008,0.12661415997247757,24.99332092629168,0.25641025641025644,0.022982062780269034,0.004343462355407648,0.0008,3,True,60.0,False,False,0.0008,3,True,60.0,False,False
PU,N15_M01_F10_KI01_15,KI01,6203_PU_2905,inner_race,N15_M01_F10,artificial,1499.5862969784139,0.2637667857342423,24.99310494964023,0.25641025641025644,0.022982062780269034,0.0043434998892177565,0.0007,3,True,60.0,False,False,0.0007,3,True,60.0,False,False
PU,N15_M01_F10_KI01_16,KI01,6203_PU_2905,inner_race,N15_M01_F10,artificial,1499.5934283440968,0.2450459238384017,24.993223805734946,0.25641025641025644,0.022982062780269034,0.0043434792335617185,0.001,3,True,60.0,False,False,0.001,3,True,60.0,False,False
PU,N15_M01_F10_KI01_17,KI01,6203_PU_2905,inner_race,N15_M01_F10,artificial,1499.6406158173825,0.13277574843543696,24.994010263623043,0.25641025641025644,0.022982062780269034,0.004343342562276519,0.0005,3,True,60.0,False,False,0.0005,3,True,60.0,False,False
PU,N15_M01_F10_KI01_18,KI01,6203_PU_2905,inner_race,N15_M01_F10,artificial,1499.6110812828765,0.1875348686307514,24.993518021381274,0.25641025641025644,0.022982062780269034,0.004343428103522765,0.0007,3,True,60.0,False,False,0.0007,3,True,60.0,False,False
PU,N15_M01_F10_KI01_19,KI01,6203_PU_2905,inner_race,N15_M01_F10,artificial,1499.5955141264224,0.33409249254185025,24.993258568773705,0.25641025641025644,0.022982062780269034,0.0043434731922311525,0.001,3,True,60.0,False,False,0.001,3,True,60.0,False,False
PU,N15_M01_F10_KI01_2,KI01,6203_PU_2905,inner_race,N15_M01_F10,artificial,1499.6174087976074,0.310351950346062,24.993623479960124,0.25641025641025644,0.022982062780269034,0.004343409776778125,0.0012,3,True,60.0,False,False,0.0012,3,True,60.0,False,False
PU,N15_M01_F10_KI01_20,KI01,6203_PU_2905,inner_race,N15_M01_F10,artificial,1499.5735743677135,0.33627475756745034,24.992892906128557,0.25641025641025644,0.022982062780269034,0.004343536740132652,0.0009,3,True,60.0,False,False,0.0009,3,True,60.0,False,False
PU,N15_M01_F10_KI01_3,KI01,6203_PU_2905,inner_race,N15_M01_F10,artificial,1499.6377381024847,0.14046598309305025,24.993962301708077,0.25641025641025644,0.022982062780269034,0.00434335089689046,0.0011,3,True,60.0,False,False,0.0011,3,True,60.0,False,False
PU,N15_M01_F10_KI01_4,KI01,6203_PU_2905,inner_race,N15_M01_F10,artificial,1499.6612510259722,0.37604877929788244,24.9943541837662,0.25641025641025644,0.022982062780269034,0.00434328279826002,0.0008,3,True,60.0,False,False,0.0008,3,True,60.0,False,False
PU,N15_M01_F10_KI01_5,KI01,6203_PU_2905,inner_race,N15_M01_F10,artificial,1499.5475228975652,0.4021519578226853,24.99245871495942,0.25641025641025644,0.022982062780269034,0.004343612199907014,0.0009,3,True,60.0,False,False,0.0009,3,True,60.0,False,False
PU,N15_M01_F10_KI01_6,KI01,6203_PU_2905,inner_race,N15_M01_F10,artificial,1499.600234183079,0.30556199614597723,24.99333723638465,0.25641025641025644,0.022982062780269034,0.004343459520961245,0.0008,3,True,60.0,False,False,0.0008,3,True,60.0,False,False
PU,N15_M01_F10_KI01_7,KI01,6203_PU_2905,inner_race,N15_M01_F10,artificial,1499.5988257868585,0.37309959437907547,24.99331376311431,0.25641025641025644,0.022982062780269034,0.004343463600260233,0.001,3,True,60.0,False,False,0.001,3,True,60.0,False,False
PU,N15_M01_F10_KI01_8,KI01,6203_PU_2905,inner_race,N15_M01_F10,artificial,1499.652318267765,0.14382191335941882,24.99420530446275,0.25641025641025644,0.022982062780269034,0.00434330866925331,0.0008,3,True,60.0,False,False,0.0008,3,True,60.0,False,False
PU,N15_M01_F10_KI01_9,KI01,6203_PU_2905,inner_race,N15_M01_F10,artificial,1499.5210279611529,0.1867379495253334,24.99201713268588,0.25641025641025644,0.022982062780269034,0.004343688946899481,0.0007,3,True,60.0,False,False,0.0007,3,True,60.0,False,False
PU,N15_M07_F04_KI01_1,KI01,6203_PU_2905,inner_race,N15_M07_F04,artificial,1499.6775664495049,0.11826610490136752,24.994626107491747,0.25641025641025644,0.022982062780269034,0.0043432355464373875,0.0027,3,True,60.0,False,False,0.0027,3,True,60.0,False,False
PU,N15_M07_F04_KI01_10,KI01,6203_PU_2905,inner_race,N15_M07_F04,artificial,1499.615645840464,0.14357881498199235,24.993594097341067,0.25641025641025644,0.022982062780269034,0.0043434148829166975,0.0022,3,True,60.0,False,False,0.0022,3,True,60.0,False,False
PU,N15_M07_F04_KI01_11,KI01,6203_PU_2905,inner_race,N15_M07_F04,artificial,1499.6070812780235,0.28561760884213006,24.993451354633727,0.25641025641025644,0.022982062780269034,0.004343439689046539,0.0022,3,True,60.0,False,False,0.0022,3,True,60.0,False,False
PU,N15_M07_F04_KI01_12,KI01,6203_PU_2905,inner_race,N15_M07_F04,artificial,1499.6032041004896,0.23915924778040776,24.993386735008162,0.25641025641025644,0.022982062780269034,0.004343450918875027,0.002,3,True,60.0,False,False,0.002,3,True,60.0,False,False
PU,N15_M07_F04_KI01_13,KI01,6203_PU_2905,inner_race,N15_M07_F04,artificial,1499.6023968217437,0.2017412727282854,24.993373280362395,0.25641025641025644,0.022982062780269034,0.004343453257078553,0.0021,3,True,60.0,False,False,0.0021,3,True,60.0,False,False
PU,N15_M07_F04_KI01_14,KI01,6203_PU_2905,inner_race,N15_M07_F04,artificial,1499.6006430758084,0.17079518553584094,24.993344051263474,0.25641025641025644,0.022982062780269034,0.0043434583366399205,0.0022,3,True,60.0,False,False,0.0022,3,True,60.0,False,False
PU,N15_M07_F04_KI01_15,KI01,6203_PU_2905,inner_race,N15_M07_F04,artificial,1499.6588246077913,0.2483066918030598,24.994313743463188,0.25641025641025644,0.022982062780269034,0.004343289825605289,0.002,3,True,60.0,False,False,0.002,3,True,60.0,False,False
PU,N15_M07_F04_KI01_16,KI01,6203_PU_2905,inner_race,N15_M07_F04,artificial,1499.6160335058546,0.22114199832408138,24.99360055843091,0.25641025641025644,0.022982062780269034,0.004343413760101531,0.0022,3,True,60.0,False,False,0.0022,3,True,60.0,False,False
PU,N15_M07_F04_KI01_17,KI01,6203_PU_2905,inner_race,N15_M07_F04,artificial,1499.5942243512911,0.2989988015017765,24.99323707252152,0.25641025641025644,0.022982062780269034,0.004343476927977539,0.0022,3,True,60.0,False,False,0.0022,3,True,60.0,False,False
PU,N15_M07_F04_KI01_18,KI01,6203_PU_2905,inner_race,N15_M07_F04,artificial,1499.6239696913183,0.2729066453617435,24.993732828188637,0.25641025641025644,0.022982062780269034,0.004343390774247848,0.0019,3,True,60.0,False,False,0.0019,3,True,60.0,False,False
PU,N15_M07_F04_KI01_19,KI01,6203_PU_2905,inner_race,N15_M07_F04,artificial,1499.631697608478,0.20026067266289688,24.993861626807966,0.25641025641025644,0.022982062780269034,0.004343368391842789,0.0023,3,True,60.0,False,False,0.0023,3,True,60.0,False,False
PU,N15_M07_F04_KI01_2,KI01,6203_PU_2905,inner_race,N15_M07_F04,artificial,1499.6817129450224,0.1655634789968654,24.994695215750372,0.25641025641025644,0.022982062780269034,0.004343223537751431,0.0026,3,True,60.0,False,False,0.0026,3,True,60.0,False,False
PU,N15_M07_F04_KI01_20,KI01,6203_PU_2905,inner_race,N15_M07_F04,artificial,1499.6211354741238,0.23685244852096157,24.993685591235398,0.25641025641025644,0.022982062780269034,0.004343398983063077,0.0024,3,True,60.0,False,False,0.0024,3,True,60.0,False,False
PU,N15_M07_F04_KI01_3,KI01,6203_PU_2905,inner_race,N15_M07_F04,artificial,1499.561637544137,0.23660735118180548,24.99269395906895,0.25641025641025644,0.022982062780269034,0.00434357131559155,0.0027,3,True,60.0,False,False,0.0027,3,True,60.0,False,False
PU,N15_M07_F04_KI01_4,KI01,6203_PU_2905,inner_race,N15_M07_F04,artificial,1499.6438446088175,0.25750793796750154,24.994064076813626,0.25641025641025644,0.022982062780269034,0.004343333210891312,0.0023,3,True,60.0,False,False,0.0023,3,True,60.0,False,False
PU,N15_M07_F04_KI01_5,KI01,6203_PU_2905,inner_race,N15_M07_F04,artificial,1499.5723137329142,0.17122122480249038,24.992871895548568,0.25641025641025644,0.022982062780269034,0.004343540391582813,0.0023,3,True,60.0,False,False,0.0023,3,True,60.0,False,False
PU,N15_M07_F04_KI01_6,KI01,6203_PU_2905,inner_race,N15_M07_F04,artificial,1499.5882973579487,0.22024367520703197,24.993138289299146,0.25641025641025644,0.022982062780269034,0.004343494095195288,0.0024,3,True,60.0,False,False,0.0024,3,True,60.0,False,False
PU,N15_M07_F04_KI01_7,KI01,6203_PU_2905,inner_race,N15_M07_F04,artificial,1499.6219676295636,0.303378600067647,24.993699460492728,0.25641025641025644,0.022982062780269034,0.004343396572866929,0.0024,3,True,60.0,False,False,0.0024,3,True,60.0,False,False
PU,N15_M07_F04_KI01_8,KI01,6203_PU_2905,inner_race,N15_M07_F04,artificial,1499.625625281482,0.21683148556448192,24.993760421358033,0.25641025641025644,0.022982062780269034,0.004343385979134373,0.0022,3,True,60.0,False,False,0.0022,3,True,60.0,False,False
PU,N15_M07_F04_KI01_9,KI01,6203_PU_2905,inner_race,N15_M07_F04,artificial,1499.574749999682,0.1780013800210636,24.9929124999947,0.25641025641025644,0.022982062780269034,0.00434353333490017,0.0021,3,True,60.0,False,False,0.0021,3,True,60.0,False,False
PU,N15_M07_F10_KI01_1,KI01,6203_PU_2905,inner_race,N15_M07_F10,artificial,1499.574100238601,0.23880474856541636,24.99290167064335,0.25641025641025644,0.022982062780269034,0.004343535216940487,0.0007,3,True,60.0,False,False,0.0007,3,True,60.0,False,False
PU,N15_M07_F10_KI01_10,KI01,6203_PU_2905,inner_race,N15_M07_F10,artificial,1499.5690775933103,0.1828320028174246,24.992817959888505,0.25641025641025644,0.022982062780269034,0.004343549765144387,0.0007,3,True,60.0,False,False,0.0007,3,True,60.0,False,False
PU,N15_M07_F10_KI01_11,KI01,6203_PU_2905,inner_race,N15_M07_F10,artificial,1499.65013107767,0.2864815978277567,24.9941688512945,0.25641025641025644,0.022982062780269034,0.004343315003825289,0.0007,3,True,60.0,False,False,0.0007,3,True,60.0,False,False
PU,N15_M07_F10_KI01_12,KI01,6203_PU_2905,inner_race,N15_M07_F10,artificial,1499.5783468864051,0.2348624875115441,24.99297244810675,0.25641025641025644,0.022982062780269034,0.004343522916506615,0.0007,3,True,60.0,False,False,0.0007,3,True,60.0,False,False
PU,N15_M07_F10_KI01_13,KI01,6203_PU_2905,inner_race,N15_M07_F10,artificial,1499.6426211748894,0.23683799398533478,24.99404368624816,0.25641025641025644,0.022982062780269034,0.004343336754256335,0.0008,3,True,60.0,False,False,0.0008,3,True,60.0,False,False
PU,N15_M07_F10_KI01_14,KI01,6203_PU_2905,inner_race,N15_M07_F10,artificial,1499.521094798996,0.16587646203070008,24.992018246649934,0.25641025641025644,0.022982062780269034,0.0043436887532891325,0.0009,3,True,60.0,False,False,0.0009,3,True,60.0,False,False
PU,N15_M07_F10_KI01_15,KI01,6203_PU_2905,inner_race,N15_M07_F10,artificial,1499.586923933508,0.29638843132669196,24.9931153988918,0.25641025641025644,0.022982062780269034,0.004343498073264751,0.0006,3,True,60.0,False,False,0.0006,3,True,60.0,False,False
PU,N15_M07_F10_KI01_16,KI01,6203_PU_2905,inner_race,N15_M07_F10,artificial,1499.5897271608,0.1071359429660272,24.993162119346668,0.25641025641025644,0.022982062780269034,0.004343489953835735,0.0009,3,True,60.0,False,False,0.0009,3,True,60.0,False,False
PU,N15_M07_F10_KI01_17,KI01,6203_PU_2905,inner_race,N15_M07_F10,artificial,1499.534288886154,0.23923462464502318,24.992238148102565,0.25641025641025644,0.022982062780269034,0.004343650534084396,0.0008,3,True,60.0,False,False,0.0008,3,True,60.0,False,False
PU,N15_M07_F10_KI01_18,KI01,6203_PU_2905,inner_race,N15_M07_F10,artificial,1499.5416880141852,0.1475780703903913,24.992361466903088,0.25641025641025644,0.022982062780269034,0.00434362910138487,0.0006,3,True,60.0,False,False,0.0006,3,True,60.0,False,False
PU,N15_M07_F10_KI01_19,KI01,6203_PU_2905,inner_race,N15_M07_F10,artificial,1499.5955171174205,0.35940394925144953,24.993258618623674,0.25641025641025644,0.022982062780269034,0.004343473183567936,0.0007,3,True,60.0,False,False,0.0007,3,True,60.0,False,False
PU,N15_M07_F10_KI01_2,KI01,6203_PU_2905,inner_race,N15_M07_F10,artificial,1499.5445750484855,0.15647492311070116,24.992409584141424,0.25641025641025644,0.022982062780269034,0.004343620738708354,0.0008,3,True,60.0,False,False,0.0008,3,True,60.0,False,False
PU,N15_M07_F10_KI01_20,KI01,6203_PU_2905,inner_race,N15_M07_F10,artificial,1499.6044578759258,0.1805670400015492,24.99340763126543,0.25641025641025644,0.022982062780269034,0.004343447287442724,0.0007,3,True,60.0,False,False,0.0007,3,True,60.0,False,False
PU,N15_M07_F10_KI01_3,KI01,6203_PU_2905,inner_race,N15_M07_F10,artificial,1499.5971430798459,0.4779688001310092,24.99328571799743,0.25641025641025644,0.022982062780269034,0.004343468474086976,0.0007,3,True,60.0,False,False,0.0007,3,True,60.0,False,False
PU,N15_M07_F10_KI01_4,KI01,6203_PU_2905,inner_race,N15_M07_F10,artificial,1499.5531245370298,0.3832138581406965,24.992552075617162,0.25641025641025644,0.022982062780269034,0.004343595974173414,0.0008,3,True,60.0,False,False,0.0008,3,True,60.0,False,False
PU,N15_M07_F10_KI01_5,KI01,6203_PU_2905,inner_race,N15_M07_F10,artificial,1499.6373923139827,0.17924098032658897,24.993956538566376,0.25641025641025644,0.022982062780269034,0.0043433518983864265,0.0007,3,True,60.0,False,False,0.0007,3,True,60.0,False,False
PU,N15_M07_F10_KI01_6,KI01,6203_PU_2905,inner_race,N15_M07_F10,artificial,1499.5917689854298,0.3769298691624445,24.993196149757164,0.25641025641025644,0.022982062780269034,0.004343484039796361,0.001,3,True,60.0,False,False,0.001,3,True,60.0,False,False
PU,N15_M07_F10_KI01_7,KI01,6203_PU_2905,inner_race,N15_M07_F10,artificial,1499.611914390711,0.4010688757691302,24.99353190651185,0.25641025641025644,0.022982062780269034,0.004343425690535813,0.0008,3,True,60.0,False,False,0.0008,3,True,60.0,False,False
PU,N15_M07_F10_KI01_8,KI01,6203_PU_2905,inner_race,N15_M07_F10,artificial,1499.5961409802137,0.2397247990451394,24.993269016336896,0.25641025641025644,0.022982062780269034,0.004343471376593885,0.0007,3,True,60.0,False,False,0.0007,3,True,60.0,False,False
PU,N15_M07_F10_KI01_9,KI01,6203_PU_2905,inner_race,N15_M07_F10,artificial,1499.6693515366421,0.16448265966197498,24.994489192277367,0.25641025641025644,0.022982062780269034,0.004343259337882829,0.0006,3,True,60.0,False,False,0.0006,3,True,60.0,False,False
PU,N09_M07_F10_KI03_1,KI03,6203_PU_2905,inner_race,N09_M07_F10,artificial,899.9548563826638,0.8623128641832055,14.99924760637773,0.25641025641025644,0.022982062780269034,0.007237532936906186,0.0216,0,False,14.251170636176834,True,False,0.029,0,False,10.917574855468942,True,False
PU,N09_M07_F10_KI03_10,KI03,6203_PU_2905,inner_race,N09_M07_F10,artificial,899.8559136514647,0.6436643980478167,14.997598560857744,0.25641025641025644,0.022982062780269034,0.0072383287323941736,0.0211,0,False,19.764632125240382,True,False,0.0515,0,False,8.269693362766674,False,False
PU,N09_M07_F10_KI03_11,KI03,6203_PU_2905,inner_race,N09_M07_F10,artificial,899.7063729271315,0.3413875839949463,14.995106215452191,0.25641025641025644,0.022982062780269034,0.007239531819261372,0.0196,0,False,24.45623972044262,True,False,0.0179,0,False,11.229331029055379,True,False
PU,N09_M07_F10_KI03_12,KI03,6203_PU_2905,inner_race,N09_M07_F10,artificial,899.7292764743629,1.1235158479205594,14.995487941239382,0.25641025641025644,0.022982062780269034,0.007239347529427428,0.0254,0,False,21.43485797566381,True,False,0.0148,0,False,13.175038133683213,False,False
PU,N09_M07_F10_KI03_13,KI03,6203_PU_2905,inner_race,N09_M07_F10,artificial,899.8110111266276,0.32970959656017523,14.996850185443794,0.25641025641025644,0.022982062780269034,0.007238689940727553,0.0212,0,False,29.78695533995259,True,False,0.0404,0,False,12.407989741751411,False,False
PU,N09_M07_F10_KI03_14,KI03,6203_PU_2905,inner_race,N09_M07_F10,artificial,899.6702920815115,0.5994407508824283,14.994504868025192,0.25641025641025644,0.022982062780269034,0.0072398221572132085,0.0212,0,False,16.534913207251513,True,False,0.0148,0,False,10.807084274665161,False,False
PU,N09_M07_F10_KI03_15,KI03,6203_PU_2905,inner_race,N09_M07_F10,artificial,899.8978970056831,0.49355506048540887,14.998298283428053,0.25641025641025644,0.022982062780269034,0.007237991039284617,0.021,0,False,20.79268651318609,True,False,0.0106,0,False,9.55942078688799,False,False
PU,N09_M07_F10_KI03_16,KI03,6203_PU_2905,inner_race,N09_M07_F10,artificial,899.9074209590167,0.756132252751529,14.998457015983611,0.25641025641025644,0.022982062780269034,0.007237914437750638,0.0208,0,False,28.605232831346587,True,False,0.0154,0,False,12.360140354796034,False,False
PU,N09_M07_F10_KI03_17,KI03,6203_PU_2905,inner_race,N09_M07_F10,artificial,899.4690645033652,1.082862744481785,14.991151075056086,0.25641025641025644,0.022982062780269034,0.007241441837018107,0.0229,0,False,13.899663883755336,True,False,0.06,0,False,8.797247074898674,False,True
PU,N09_M07_F10_KI03_18,KI03,6203_PU_2905,inner_race,N09_M07_F10,artificial,899.7123762752135,0.20817535046776603,14.995206271253558,0.25641025641025644,0.022982062780269034,0.007239483513346495,0.0213,0,False,23.32245510724975,True,False,0.0559,0,False,8.441455028489028,False,False
PU,N09_M07_F10_KI03_19,KI03,6203_PU_2905,inner_race,N09_M07_F10,artificial,899.6363240323628,0.6946226884040889,14.993938733872714,0.25641025641025644,0.022982062780269034,0.0072400955150449175,0.0213,1,False,28.753924736124894,True,False,0.0519,0,False,13.373725819542976,False,False
PU,N09_M07_F10_KI03_2,KI03,6203_PU_2905,inner_race,N09_M07_F10,artificial,899.7889867834657,0.6899121325070139,14.996483113057762,0.25641025641025644,0.022982062780269034,0.00723886712381563,0.0191,0,False,22.99195157681415,True,False,0.0502,0,False,11.245114253106415,False,False
PU,N09_M07_F10_KI03_20,KI03,6203_PU_2905,inner_race,N09_M07_F10,artificial,899.736924513673,0.6514045555583833,14.995615408561216,0.25641025641025644,0.022982062780269034,0.0072392859927571255,0.0211,0,False,17.871377406866326,True,False,0.0153,0,False,10.753546771524917,False,False
PU,N09_M07_F10_KI03_3,KI03,6203_PU_2905,inner_race,N09_M07_F10,artificial,899.7065662913179,0.5658122001911781,14.995109438188631,0.25641025641025644,0.022982062780269034,0.007239530263347219,0.0216,0,False,26.896562118510754,True,False,0.0492,0,False,10.67573477364666,False,False
PU,N09_M07_F10_KI03_4,KI03,6203_PU_2905,inner_race,N09_M07_F10,artificial,899.6036629671776,0.5024494817497662,14.993394382786294,0.25641025641025644,0.022982062780269034,0.007240358374392093,0.0229,0,False,13.623472047337575,True,False,0.0476,0,False,8.193974048908487,False,False
PU,N09_M07_F10_KI03_5,KI03,6203_PU_2905,inner_race,N09_M07_F10,artificial,899.6294020154496,0.45060072432168863,14.99382336692416,0.25641025641025644,0.022982062780269034,0.007240151222499006,0.0215,0,False,17.4562319633794,True,False,-0.0064,0,False,8.604878708497406,False,False
PU,N09_M07_F10_KI03_6,KI03,6203_PU_2905,inner_race,N09_M07_F10,artificial,899.6549811605872,0.4675620256997519,14.994249686009788,0.25641025641025644,0.022982062780269034,0.007239945369274362,0.021,0,False,30.18611100205535,True,False,0.0553,0,False,7.703387894462061,False,False
PU,N09_M07_F10_KI03_7,KI03,6203_PU_2905,inner_race,N09_M07_F10,artificial,899.8411967642247,1.1704881266337042,14.997353279403745,0.25641025641025644,0.022982062780269034,0.0072384471151356435,0.016,0,False,18.24966052460885,True,False,0.016,0,False,18.24966052460885,True,False
PU,N09_M07_F10_KI03_8,KI03,6203_PU_2905,inner_race,N09_M07_F10,artificial,899.8161435752306,1.3151845481486322,14.996935726253843,0.25641025641025644,0.022982062780269034,0.007238648652066153,0.0232,0,False,25.033820128244493,True,False,0.0297,0,False,12.855543505754717,True,False
PU,N09_M07_F10_KI03_9,KI03,6203_PU_2905,inner_race,N09_M07_F10,artificial,899.795389246637,0.9667089626786157,14.996589820777283,0.25641025641025644,0.022982062780269034,0.007238815615905371,0.0236,0,False,17.467534122081325,True,False,0.0168,0,False,11.508772768435271,True,False
PU,N15_M01_F10_KI03_1,KI03,6203_PU_2905,inner_race,N15_M01_F10,artificial,1499.5461508037554,1.5822294007237023,24.992435846729258,0.25641025641025644,0.022982062780269034,0.0043436161743384836,-0.01,1,False,23.998694432950572,False,True,-0.01,1,False,23.998694432950572,False,True
PU,N15_M01_F10_KI03_10,KI03,6203_PU_2905,inner_race,N15_M01_F10,artificial,1499.6848316149246,0.660154024361913,24.99474719358208,0.25641025641025644,0.022982062780269034,0.004343214505800024,-0.01,1,False,29.47374356521712,False,True,-0.01,1,False,29.47374356521712,False,True
PU,N15_M01_F10_KI03_11,KI03,6203_PU_2905,inner_race,N15_M01_F10,artificial,1499.6389134797614,0.6576843541171817,24.99398189132936,0.25641025641025644,0.022982062780269034,0.004343347492687019,-0.01,1,False,22.90524385682893,False,True,-0.01,1,False,22.90524385682893,False,True
PU,N15_M01_F10_KI03_12,KI03,6203_PU_2905,inner_race,N15_M01_F10,artificial,1499.63231196528,0.4722200459064184,24.993871866088,0.25641025641025644,0.022982062780269034,0.004343366612488014,-0.0078,0,False,24.60465734048752,False,False,-0.0078,0,False,24.60465734048752,False,False
PU,N15_M01_F10_KI03_13,KI03,6203_PU_2905,inner_race,N15_M01_F10,artificial,1499.7911783224095,0.3866910673346603,24.996519638706825,0.25641025641025644,0.022982062780269034,0.0043429065385514705,-0.01,1,False,22.4064225215693,False,True,-0.01,1,False,22.4064225215693,False,True
PU,N15_M01_F10_KI03_14,KI03,6203_PU_2905,inner_race,N15_M01_F10,artificial,1499.6518256342843,0.5075761683110703,24.994197093904738,0.25641025641025644,0.022982062780269034,0.004343310096023997,-0.0097,1,False,25.53322092766501,False,False,-0.0097,1,False,25.53322092766501,False,False
PU,N15_M01_F10_KI03_15,KI03,6203_PU_2905,inner_race,N15_M01_F10,artificial,1499.5766605594204,1.2752728430405047,24.992944342657005,0.25641025641025644,0.022982062780269034,0.004343527800951736,-0.008,1,False,26.851824069537166,False,False,-0.008,1,False,26.851824069537166,False,False
PU,N15_M01_F10_KI03_16,KI03,6203_PU_2905,inner_race,N15_M01_F10,artificial,1499.7014523222012,0.41462772683542537,24.995024205370022,0.25641025641025644,0.022982062780269034,0.004343166371355112,-0.0098,1,False,23.222433823599943,False,False,-0.0098,1,False,23.222433823599943,False,False
PU,N15_M01_F10_KI03_17,KI03,6203_PU_2905,inner_race,N15_M01_F10,artificial,1499.4031189953523,0.532872066731779,24.99005198325587,0.25641025641025644,0.022982062780269034,0.0043440305227338905,-0.01,1,False,25.555711424196026,False,True,-0.01,1,False,25.555711424196026,False,True
PU,N15_M01_F10_KI03_18,KI03,6203_PU_2905,inner_race,N15_M01_F10,artificial,1499.5368482388642,0.9585268427305835,24.99228080398107,0.25641025641025644,0.022982062780269034,0.004343643120506143,-0.008,1,False,21.476303949494273,False,False,-0.008,1,False,21.476303949494273,False,False
PU,N15_M01_F10_KI03_19,KI03,6203_PU_2905,inner_race,N15_M01_F10,artificial,1499.5237564677516,0.5390974172392353,24.99206260779586,0.25641025641025644,0.022982062780269034,0.004343681043200788,-0.01,1,False,27.536414518504724,False,True,-0.01,1,False,27.536414518504724,False,True
PU,N15_M01_F10_KI03_2,KI03,6203_PU_2905,inner_race,N15_M01_F10,artificial,1499.6475462089647,0.8273529841157794,24.994125770149413,0.25641025641025644,0.022982062780269034,0.004343322490183707,-0.01,1,False,24.53432975678723,False,True,-0.01,1,False,24.53432975678723,False,True
PU,N15_M01_F10_KI03_20,KI03,6203_PU_2905,inner_race,N15_M01_F10,artificial,1499.591716034714,0.22511004145813274,24.993195267245234,0.25641025641025644,0.022982062780269034,0.004343484193165166,-0.0081,1,False,23.875925600825095,False,False,-0.0081,1,False,23.875925600825095,False,False
PU,N15_M01_F10_KI03_3,KI03,6203_PU_2905,inner_race,N15_M01_F10,artificial,1499.5585874073472,0.26210611005728496,24.992643123455785,0.25641025641025644,0.022982062780269034,0.0043435801505158946,-0.0077,0,False,24.23390195467674,False,False,-0.0077,0,False,24.23390195467674,False,False
PU,N15_M01_F10_KI03_4,KI03,6203_PU_2905,inner_race,N15_M01_F10,artificial,1499.5874414367256,0.33301501306745956,24.993124023945427,0.25641025641025644,0.022982062780269034,0.004343496574336335,-0.0081,1,False,22.299572242374182,False,False,-0.0081,1,False,22.299572242374182,False,False
PU,N15_M01_F10_KI03_5,KI03,6203_PU_2905,inner_race,N15_M01_F10,artificial,1499.4548764011972,0.3378509471715909,24.99091460668662,0.25641025641025644,0.022982062780269034,0.00434388057774101,-0.01,1,False,23.00647641146322,False,True,-0.01,1,False,23.00647641146322,False,True
PU,N15_M01_F10_KI03_6,KI03,6203_PU_2905,inner_race,N15_M01_F10,artificial,1499.6089329180445,0.24020575593132865,24.99348221530074,0.25641025641025644,0.022982062780269034,0.004343434325990492,-0.009,1,False,26.646842498552076,False,False,-0.009,1,False,26.646842498552076,False,False
PU,N15_M01_F10_KI03_7,KI03,6203_PU_2905,inner_race,N15_M01_F10,artificial,1499.5328215991271,0.3275960508183077,24.992213693318785,0.25641025641025644,0.022982062780269034,0.004343654784329529,-0.0098,1,False,24.813912694827973,False,False,-0.0098,1,False,24.813912694827973,False,False
PU,N15_M01_F10_KI03_8,KI03,6203_PU_2905,inner_race,N15_M01_F10,artificial,1499.6017906190903,0.315283802663636,24.993363176984836,0.25641025641025644,0.022982062780269034,0.0043434550128865984,-0.0093,1,False,23.11298403533373,False,False,-0.0093,1,False,23.11298403533373,False,False
PU,N15_M01_F10_KI03_9,KI03,6203_PU_2905,inner_race,N15_M01_F10,artificial,1499.588124764953,0.26422957092770194,24.993135412749215,0.25641025641025644,0.022982062780269034,0.004343494595103661,-0.01,1,False,24.406476431967675,False,True,-0.01,1,False,24.406476431967675,False,True
PU,N15_M07_F04_KI03_1,KI03,6203_PU_2905,inner_race,N15_M07_F04,artificial,1499.594661197795,0.6077726831483132,24.993244353296582,0.25641025641025644,0.022982062780269034,0.004343475662680483,-0.01,1,False,24.070634416728442,False,True,-0.01,1,False,24.070634416728442,False,True
PU,N15_M07_F04_KI03_10,KI03,6203_PU_2905,inner_race,N15_M07_F04,artificial,1499.5427026844127,0.4035399855595171,24.992378378073546,0.25641025641025644,0.022982062780269034,0.004343626162254747,-0.01,1,False,25.06090603969969,False,True,-0.01,1,False,25.06090603969969,False,True
PU,N15_M07_F04_KI03_11,KI03,6203_PU_2905,inner_race,N15_M07_F04,artificial,1499.6607061491134,0.5943336935667449,24.994345102485223,0.25641025641025644,0.022982062780269034,0.004343284376319829,-0.0082,1,False,23.669355324158136,False,False,-0.0082,1,False,23.669355324158136,False,False
PU,N15_M07_F04_KI03_12,KI03,6203_PU_2905,inner_race,N15_M07_F04,artificial,1499.6917077406022,0.539574102304606,24.9948617956767,0.25641025641025644,0.022982062780269034,0.004343194592047996,0.0524,0,False,24.33765084122994,False,False,0.0524,0,False,24.33765084122994,False,False
PU,N15_M07_F04_KI03_13,KI03,6203_PU_2905,inner_race,N15_M07_F04,artificial,1499.6712990586298,0.3445781570672622,24.994521650977163,0.25641025641025644,0.022982062780269034,0.0043432536975848085,-0.01,1,False,26.01458058321772,False,True,-0.01,1,False,26.01458058321772,False,True
PU,N15_M07_F04_KI03_14,KI03,6203_PU_2905,inner_race,N15_M07_F04,artificial,1499.4973415456673,0.5832179512424105,24.991622359094453,0.25641025641025644,0.022982062780269034,0.0043437575608398235,-0.01,1,False,24.540553007856712,False,True,-0.01,1,False,24.540553007856712,False,True
PU,N15_M07_F04_KI03_15,KI03,6203_PU_2905,inner_race,N15_M07_F04,artificial,1499.5315716739299,0.3505922807197733,24.992192861232166,0.25641025641025644,0.022982062780269034,0.004343658404955907,0.0533,1,False,25.188275253862635,False,False,0.0533,1,False,25.188275253862635,False,False
PU,N15_M07_F04_KI03_16,KI03,6203_PU_2905,inner_race,N15_M07_F04,artificial,1499.609357580672,0.5459185827867877,24.993489293011198,0.25641025641025644,0.022982062780269034,0.004343433096007347,-0.0081,1,False,21.62269224876917,False,False,-0.0081,1,False,21.62269224876917,False,False
PU,N15_M07_F04_KI03_17,KI03,6203_PU_2905,inner_race,N15_M07_F04,artificial,1499.5902590309736,0.29466357931016207,24.99317098384956,0.25641025641025644,0.022982062780269034,0.004343488413299752,0.0533,1,False,23.24898032630219,False,False,0.0533,1,False,23.24898032630219,False,False
PU,N15_M07_F04_KI03_18,KI03,6203_PU_2905,inner_race,N15_M07_F04,artificial,1499.565781243888,0.3658156669886075,24.992763020731466,0.25641025641025644,0.022982062780269034,0.00434355931314684,-0.0079,1,False,24.581498626282333,False,False,-0.0079,1,False,24.581498626282333,False,False
PU,N15_M07_F04_KI03_19,KI03,6203_PU_2905,inner_race,N15_M07_F04,artificial,1499.6083432896096,0.23446075674404412,24.99347238816016,0.25641025641025644,0.022982062780269034,0.004343436033777992,-0.0097,1,False,23.707400211689077,False,False,-0.0097,1,False,23.707400211689077,False,False
PU,N15_M07_F04_KI03_2,KI03,6203_PU_2905,inner_race,N15_M07_F04,artificial,1499.6059389333782,0.4209610095818734,24.9934323155563,0.25641025641025644,0.022982062780269034,0.004343442997719133,-0.01,1,False,23.756303689740328,False,True,-0.01,1,False,23.756303689740328,False,True
PU,N15_M07_F04_KI03_20,KI03,6203_PU_2905,inner_race,N15_M07_F04,artificial,1499.493086112341,0.28341937811871526,24.991551435205682,0.25641025641025644,0.022982062780269034,0.004343769888052838,-0.0078,1,False,24.485037135448717,False,False,-0.0078,1,False,24.485037135448717,False,False
PU,N15_M07_F04_KI03_3,KI03,6203_PU_2905,inner_race,N15_M07_F04,artificial,1499.5985255464852,0.3123177364058562,24.993308759108086,0.25641025641025644,0.022982062780269034,0.004343464469881743,-0.0078,1,False,23.762441938788356,False,False,-0.0078,1,False,23.762441938788356,False,False
PU,N15_M07_F04_KI03_4,KI03,6203_PU_2905,inner_race,N15_M07_F04,artificial,1499.5223644622813,0.19069279474523204,24.992039407704688,0.25641025641025644,0.022982062780269034,0.004343685075436596,-0.01,1,False,24.85142791762936,False,True,-0.01,1,False,24.85142791762936,False,True
PU,N15_M07_F04_KI03_5,KI03,6203_PU_2905,inner_race,N15_M07_F04,artificial,1499.5513073023235,0.3961263348471842,24.99252178837206,0.25641025641025644,0.022982062780269034,0.004343601237970202,-0.0098,1,False,23.95723235117928,False,False,-0.0098,1,False,23.95723235117928,False,False
PU,N15_M07_F04_KI03_6,KI03,6203_PU_2905,inner_race,N15_M07_F04,artificial,1499.5175347861318,0.28283965577215237,24.9919589131022,0.25641025641025644,0.022982062780269034,0.004343699065664601,0.0525,0,False,26.335858927672362,False,False,0.0525,0,False,26.335858927672362,False,False
PU,N15_M07_F04_KI03_7,KI03,6203_PU_2905,inner_race,N15_M07_F04,artificial,1499.577261224275,0.2749676045074603,24.992954353737915,0.25641025641025644,0.022982062780269034,0.004343526061125078,-0.008,1,False,23.365732138649385,False,False,-0.008,1,False,23.365732138649385,False,False
PU,N15_M07_F04_KI03_8,KI03,6203_PU_2905,inner_race,N15_M07_F04,artificial,1499.7081725240382,0.3695942671416353,24.99513620873397,0.25641025641025644,0.022982062780269034,0.004343146909599044,-0.01,1,False,25.276926744227808,False,True,-0.01,1,False,25.276926744227808,False,True
PU,N15_M07_F04_KI03_9,KI03,6203_PU_2905,inner_race,N15_M07_F04,artificial,1499.5384874508584,0.3792727081659436,24.992308124180973,0.25641025641025644,0.022982062780269034,0.004343638372277298,-0.01,1,False,24.957550346966414,False,True,-0.01,1,False,24.957550346966414,False,True
PU,N15_M07_F10_KI03_1,KI03,6203_PU_2905,inner_race,N15_M07_F10,artificial,1499.6814975533812,0.5065858016674645,24.994691625889686,0.25641025641025644,0.022982062780269034,0.004343224161546582,-0.006,1,False,26.15126581088418,False,False,-0.006,1,False,26.15126581088418,False,False
PU,N15_M07_F10_KI03_10,KI03,6203_PU_2905,inner_race,N15_M07_F10,artificial,1499.6443264326676,0.8304772231007305,24.994072107211128,0.25641025641025644,0.022982062780269034,0.0043433318154127345,0.0395,0,False,25.445655362341704,False,False,0.0395,0,False,25.445655362341704,False,False
PU,N15_M07_F10_KI03_11,KI03,6203_PU_2905,inner_race,N15_M07_F10,artificial,1499.7939115610295,0.6326230744821564,24.996565192683825,0.25641025641025644,0.022982062780269034,0.004342898623997489,-0.0071,1,False,22.504944121237745,False,False,-0.0071,1,False,22.504944121237745,False,False
PU,N15_M07_F10_KI03_12,KI03,6203_PU_2905,inner_race,N15_M07_F10,artificial,1499.8198469037427,0.517328661006035,24.99699744839571,0.25641025641025644,0.022982062780269034,0.004342823525268522,-0.0096,1,False,22.24217824451082,False,False,-0.0096,1,False,22.24217824451082,False,False
PU,N15_M07_F10_KI03_13,KI03,6203_PU_2905,inner_race,N15_M07_F10,artificial,1499.65819310168,0.2990462996785209,24.99430321836133,0.25641025641025644,0.022982062780269034,0.004343291654564769,-0.0078,1,False,23.40336755966126,False,False,-0.0078,1,False,23.40336755966126,False,False
PU,N15_M07_F10_KI03_14,KI03,6203_PU_2905,inner_race,N15_M07_F10,artificial,1499.6331604861402,0.32156548848413363,24.993886008102336,0.25641025641025644,0.022982062780269034,0.004343364154928878,-0.0081,1,False,26.603167488062788,False,False,-0.0081,1,False,26.603167488062788,False,False
PU,N15_M07_F10_KI03_15,KI03,6203_PU_2905,inner_race,N15_M07_F10,artificial,1499.6119530033768,0.424221351506259,24.99353255005628,0.25641025641025644,0.022982062780269034,0.004343425578699385,-0.0072,1,False,22.449460088441324,False,False,-0.0072,1,False,22.449460088441324,False,False
PU,N15_M07_F10_KI03_16,KI03,6203_PU_2905,inner_race,N15_M07_F10,artificial,1499.571620026967,0.24308905638569278,24.992860333782783,0.25641025641025644,0.022982062780269034,0.004343542400916519,-0.01,0,False,23.386430996479543,False,True,-0.01,0,False,23.386430996479543,False,True
PU,N15_M07_F10_KI03_17,KI03,6203_PU_2905,inner_race,N15_M07_F10,artificial,1499.6702654198448,0.5693153637692151,24.99450442366408,0.25641025641025644,0.022982062780269034,0.004343256691146513,-0.0076,1,False,26.549355149479375,False,False,-0.0076,1,False,26.549355149479375,False,False
PU,N15_M07_F10_KI03_18,KI03,6203_PU_2905,inner_race,N15_M07_F10,artificial,1499.5838149728488,0.24029210444862176,24.993063582880815,0.25641025641025644,0.022982062780269034,0.004343507078273006,-0.0071,1,False,25.38621304801377,False,False,-0.0071,1,False,25.38621304801377,False,False
PU,N15_M07_F10_KI03_19,KI03,6203_PU_2905,inner_race,N15_M07_F10,artificial,1499.5595176645568,0.4602080999936131,24.992658627742614,0.25641025641025644,0.022982062780269034,0.004343577455960124,-0.0072,1,False,23.34557753421427,False,False,-0.0072,1,False,23.34557753421427,False,False
PU,N15_M07_F10_KI03_2,KI03,6203_PU_2905,inner_race,N15_M07_F10,artificial,1499.4993110062042,0.5013719217570433,24.991655183436738,0.25641025641025644,0.022982062780269034,0.004343751855696089,0.0426,0,False,22.820047334859073,False,False,0.0426,0,False,22.820047334859073,False,False
PU,N15_M07_F10_KI03_20,KI03,6203_PU_2905,inner_race,N15_M07_F10,artificial,1499.5484513496017,0.8088522804041464,24.992474189160028,0.25641025641025644,0.022982062780269034,0.004343609510540366,-0.01,0,False,26.61596549735115,False,True,-0.01,0,False,26.61596549735115,False,True
PU,N15_M07_F10_KI03_3,KI03,6203_PU_2905,inner_race,N15_M07_F10,artificial,1499.5984239416614,0.31887008125754024,24.993307065694356,0.25641025641025644,0.022982062780269034,0.004343464764171824,-0.0085,1,False,26.6807399343515,False,False,-0.0085,1,False,26.6807399343515,False,False
PU,N15_M07_F10_KI03_4,KI03,6203_PU_2905,inner_race,N15_M07_F10,artificial,1499.6505639682327,0.5856605119843534,24.99417606613721,0.25641025641025644,0.022982062780269034,0.0043433137500798365,-0.0074,1,False,23.69783732712584,False,False,-0.0074,1,False,23.69783732712584,False,False
PU,N15_M07_F10_KI03_5,KI03,6203_PU_2905,inner_race,N15_M07_F10,artificial,1499.6529636897499,0.5593938977652236,24.99421606149583,0.25641025641025644,0.022982062780269034,0.004343306799976237,-0.0081,1,False,22.13274094410702,False,False,-0.0081,1,False,22.13274094410702,False,False
PU,N15_M07_F10_KI03_6,KI03,6203_PU_2905,inner_race,N15_M07_F10,artificial,1499.5663729350374,0.6005176141510181,24.992772882250623,0.25641025641025644,0.022982062780269034,0.004343557599287655,-0.0087,1,False,22.81518515291215,False,False,-0.0087,1,False,22.81518515291215,False,False
PU,N15_M07_F10_KI03_7,KI03,6203_PU_2905,inner_race,N15_M07_F10,artificial,1499.5796849636204,0.4533601954606641,24.992994749393674,0.25641025641025644,0.022982062780269034,0.004343519040774564,-0.0081,1,False,25.147911647384454,False,False,-0.0081,1,False,25.147911647384454,False,False
PU,N15_M07_F10_KI03_8,KI03,6203_PU_2905,inner_race,N15_M07_F10,artificial,1499.5371226168745,0.24112281736727786,24.99228537694791,0.25641025641025644,0.022982062780269034,0.0043436423257274485,-0.0077,0,False,27.13711771920962,False,False,-0.0077,0,False,27.13711771920962,False,False
PU,N15_M07_F10_KI03_9,KI03,6203_PU_2905,inner_race,N15_M07_F10,artificial,1499.642595418239,0.5194874109048114,24.99404325697065,0.25641025641025644,0.022982062780269034,0.004343336828853981,-0.0069,1,False,22.463907856644138,False,False,-0.0069,1,False,22.463907856644138,False,False
PU,N09_M07_F10_KI04_1,KI04,6203_PU_2905,inner_race,N09_M07_F10,real,899.7423023713629,0.5090629359410488,14.995705039522715,0.25641025641025644,0.022982062780269034,0.007239242722756655,0.0482,1,False,24.512202673529806,False,False,0.0482,1,False,24.512202673529806,False,False
PU,N09_M07_F10_KI04_10,KI04,6203_PU_2905,inner_race,N09_M07_F10,real,899.7656537385275,0.7287999580142139,14.996094228975458,0.25641025641025644,0.022982062780269034,0.00723905484470851,0.0473,1,False,26.135327429329372,False,False,0.0473,1,False,26.135327429329372,False,False
PU,N09_M07_F10_KI04_11,KI04,6203_PU_2905,inner_race,N09_M07_F10,real,899.6695521770657,0.3618774369668054,14.99449253628443,0.25641025641025644,0.022982062780269034,0.007239828111373365,0.0514,1,False,25.600861919008477,False,False,0.0514,1,False,25.600861919008477,False,False
PU,N09_M07_F10_KI04_12,KI04,6203_PU_2905,inner_race,N09_M07_F10,real,899.7343411995463,0.6916738303150399,14.995572353325771,0.25641025641025644,0.022982062780269034,0.007239306778170013,0.0474,1,False,27.957845069594264,False,False,0.0474,1,False,27.957845069594264,False,False
PU,N09_M07_F10_KI04_13,KI04,6203_PU_2905,inner_race,N09_M07_F10,real,899.6207264274417,0.6605717094881557,14.993678773790695,0.25641025641025644,0.022982062780269034,0.007240221043666167,0.0458,1,False,23.28723621258049,False,False,0.0458,1,False,23.28723621258049,False,False
PU,N09_M07_F10_KI04_14,KI04,6203_PU_2905,inner_race,N09_M07_F10,real,899.7176436200092,0.5701874949443686,14.995294060333487,0.25641025641025644,0.022982062780269034,0.007239441130209877,0.0545,1,False,24.907030039791138,False,False,0.0545,1,False,24.907030039791138,False,False
PU,N09_M07_F10_KI04_15,KI04,6203_PU_2905,inner_race,N09_M07_F10,real,899.9393770843335,0.4413149989986435,14.998989618072224,0.25641025641025644,0.022982062780269034,0.007237657425215465,0.0534,1,False,31.853630114050564,False,False,0.0534,1,False,31.853630114050564,False,False
PU,N09_M07_F10_KI04_16,KI04,6203_PU_2905,inner_race,N09_M07_F10,real,899.7660890727446,0.6963538082581161,14.996101484545743,0.25641025641025644,0.022982062780269034,0.007239051342233465,0.0473,1,False,27.259510540917574,False,False,0.0473,1,False,27.259510540917574,False,False
PU,N09_M07_F10_KI04_17,KI04,6203_PU_2905,inner_race,N09_M07_F10,real,899.7791782750502,1.7713356605438484,14.996319637917503,0.25641025641025644,0.022982062780269034,0.0072389460348315955,0.0535,1,False,25.6832632213384,False,False,0.0535,1,False,25.6832632213384,False,False
PU,N09_M07_F10_KI04_18,KI04,6203_PU_2905,inner_race,N09_M07_F10,real,899.9300272304129,0.4848678935747076,14.998833787173547,0.25641025641025644,0.022982062780269034,0.00723773262110582,0.0486,1,False,26.014637163108517,False,False,0.0486,1,False,26.014637163108517,False,False
PU,N09_M07_F10_KI04_19,KI04,6203_PU_2905,inner_race,N09_M07_F10,real,899.5451829118482,0.9186026828141536,14.99241971519747,0.25641025641025644,0.022982062780269034,0.0072408290751043896,-0.005,1,False,24.84416421000515,False,False,-0.005,1,False,24.84416421000515,False,False
PU,N09_M07_F10_KI04_2,KI04,6203_PU_2905,inner_race,N09_M07_F10,real,899.5091432718508,0.49186572000271545,14.991819054530847,0.25641025641025644,0.022982062780269034,0.007241119185410773,-0.0017,0,False,24.515291637886524,False,False,-0.0017,0,False,24.515291637886524,False,False
PU,N09_M07_F10_KI04_20,KI04,6203_PU_2905,inner_race,N09_M07_F10,real,899.6247938798925,0.6179775980554836,14.993746564664876,0.25641025641025644,0.022982062780269034,0.007240188308624814,0.0469,0,False,23.761657150568325,False,False,0.0469,0,False,23.761657150568325,False,False
PU,N09_M07_F10_KI04_3,KI04,6203_PU_2905,inner_race,N09_M07_F10,real,899.8505715638386,0.38484617221162004,14.997509526063975,0.25641025641025644,0.022982062780269034,0.007238371703735836,-0.0044,1,False,23.056071309853884,False,False,-0.0044,1,False,23.056071309853884,False,False
PU,N09_M07_F10_KI04_4,KI04,6203_PU_2905,inner_race,N09_M07_F10,real,899.8132655135853,0.42378323651891836,14.996887758559755,0.25641025641025644,0.022982062780269034,0.007238671804955589,0.0478,1,False,28.59890599092304,False,False,0.0478,1,False,28.59890599092304,False,False
PU,N09_M07_F10_KI04_5,KI04,6203_PU_2905,inner_race,N09_M07_F10,real,899.6326137775237,1.2511688107250885,14.993876896292061,0.25641025641025644,0.022982062780269034,0.007240125374566471,-0.0012,0,False,26.724046219151028,False,False,-0.0012,0,False,26.724046219151028,False,False
PU,N09_M07_F10_KI04_6,KI04,6203_PU_2905,inner_race,N09_M07_F10,real,899.7970715213826,0.6662022955302681,14.99661785868971,0.25641025641025644,0.022982062780269034,0.0072388020821019345,0.0493,1,False,23.815145661468602,False,False,0.0493,1,False,23.815145661468602,False,False
PU,N09_M07_F10_KI04_7,KI04,6203_PU_2905,inner_race,N09_M07_F10,real,899.9842880507655,1.037234093936206,14.999738134179426,0.25641025641025644,0.022982062780269034,0.007237296252032794,0.0476,1,False,25.24689671515385,False,False,0.0476,1,False,25.24689671515385,False,False
PU,N09_M07_F10_KI04_8,KI04,6203_PU_2905,inner_race,N09_M07_F10,real,899.6520935089147,0.6437643445768699,14.994201558481912,0.25641025641025644,0.022982062780269034,0.007239968607635619,0.0546,1,False,29.03513181827026,False,False,0.0546,1,False,29.03513181827026,False,False
PU,N09_M07_F10_KI04_9,KI04,6203_PU_2905,inner_race,N09_M07_F10,real,899.4450112988402,1.1350602885209453,14.990750188314003,0.25641025641025644,0.022982062780269034,0.0072416354896365255,0.0475,0,False,21.521772533339114,False,False,0.0475,0,False,21.521772533339114,False,False
PU,N15_M01_F10_KI04_1,KI04,6203_PU_2905,inner_race,N15_M01_F10,real,1499.9211904144013,0.5373381260189729,24.998686506906687,0.25641025641025644,0.022982062780269034,0.004342530098530481,0.0368,0,False,28.164298974512338,False,False,0.0368,0,False,28.164298974512338,False,False
PU,N15_M01_F10_KI04_10,KI04,6203_PU_2905,inner_race,N15_M01_F10,real,1499.6310348809313,0.8693146244487149,24.993850581348855,0.25641025641025644,0.022982062780269034,0.0043433703112948484,0.0052,0,False,22.365399288922777,False,False,0.0052,0,False,22.365399288922777,False,False
PU,N15_M01_F10_KI04_11,KI04,6203_PU_2905,inner_race,N15_M01_F10,real,1499.416952938181,0.34092604887082545,24.990282548969684,0.25641025641025644,0.022982062780269034,0.004343990443775346,-0.01,0,False,20.54071530985054,False,True,-0.01,0,False,20.54071530985054,False,True
PU,N15_M01_F10_KI04_12,KI04,6203_PU_2905,inner_race,N15_M01_F10,real,1499.8132368451556,0.5064706823391311,24.996887280752595,0.25641025641025644,0.022982062780269034,0.004342842665196901,-0.01,0,False,20.253309725451583,False,True,-0.01,0,False,20.253309725451583,False,True
PU,N15_M01_F10_KI04_13,KI04,6203_PU_2905,inner_race,N15_M01_F10,real,1499.6936663369934,0.5198371281130464,24.99489443894989,0.25641025641025644,0.022982062780269034,0.004343188919846102,0.0373,0,False,27.971680279127032,False,False,0.0373,0,False,27.971680279127032,False,False
PU,N15_M01_F10_KI04_14,KI04,6203_PU_2905,inner_race,N15_M01_F10,real,1499.5825653219274,0.2334556034376409,24.993042755365458,0.25641025641025644,0.022982062780269034,0.0043435106978587145,0.0371,1,False,23.727350104655066,False,False,0.0371,1,False,23.727350104655066,False,False
PU,N15_M01_F10_KI04_15,KI04,6203_PU_2905,inner_race,N15_M01_F10,real,1499.6323088043716,0.8359420326270415,24.993871813406194,0.25641025641025644,0.022982062780269034,0.004343366621642914,0.0405,0,False,23.06267656442007,False,False,0.0405,0,False,23.06267656442007,False,False
PU,N15_M01_F10_KI04_16,KI04,6203_PU_2905,inner_race,N15_M01_F10,real,1499.4972178437988,0.5971807886051458,24.991620297396647,0.25641025641025644,0.022982062780269034,0.004343757919180552,0.038,0,False,18.481428421900404,False,False,0.038,0,False,18.481428421900404,False,False
PU,N15_M01_F10_KI04_17,KI04,6203_PU_2905,inner_race,N15_M01_F10,real,1499.5431247201623,0.3374449597121001,24.992385412002704,0.25641025641025644,0.022982062780269034,0.00434362493977205,0.0077,0,False,13.485350184030082,False,False,0.0077,0,False,13.485350184030082,False,False
PU,N15_M01_F10_KI04_18,KI04,6203_PU_2905,inner_race,N15_M01_F10,real,1499.6558180076402,0.9770242412206533,24.99426363346067,0.25641025641025644,0.022982062780269034,0.004343298533293873,-0.01,0,False,22.380849333605905,False,True,-0.01,0,False,22.380849333605905,False,True
PU,N15_M01_F10_KI04_19,KI04,6203_PU_2905,inner_race,N15_M01_F10,real,1499.9218172819471,0.36715522330706246,24.99869695469912,0.25641025641025644,0.022982062780269034,0.004342528283641762,0.0364,1,False,22.97454362828357,False,False,0.0364,1,False,22.97454362828357,False,False
PU,N15_M01_F10_KI04_2,KI04,6203_PU_2905,inner_race,N15_M01_F10,real,1499.6402954074442,0.5521140897591027,24.994004923457403,0.25641025641025644,0.022982062780269034,0.004343343490265801,0.0406,1,False,23.409619279779882,False,False,0.0406,1,False,23.409619279779882,False,False
PU,N15_M01_F10_KI04_20,KI04,6203_PU_2905,inner_race,N15_M01_F10,real,1499.5831047319612,0.5382546098442698,24.993051745532686,0.25641025641025644,0.022982062780269034,0.004343509135468979,-0.01,1,False,23.146913123339022,False,True,-0.01,1,False,23.146913123339022,False,True
PU,N15_M01_F10_KI04_3,KI04,6203_PU_2905,inner_race,N15_M01_F10,real,1499.6503951641573,0.6458606563015018,24.994173252735955,0.25641025641025644,0.022982062780269034,0.004343314238973157,-0.0098,0,False,25.77292429055518,False,False,-0.0098,0,False,25.77292429055518,False,False
PU,N15_M01_F10_KI04_4,KI04,6203_PU_2905,inner_race,N15_M01_F10,real,1499.55619833635,1.1132205879968462,24.992603305605833,0.25641025641025644,0.022982062780269034,0.004343587070644245,0.0076,0,False,21.685406303093696,False,False,0.0076,0,False,21.685406303093696,False,False
PU,N15_M01_F10_KI04_5,KI04,6203_PU_2905,inner_race,N15_M01_F10,real,1499.7181849154479,1.1463836310588007,24.99530308192413,0.25641025641025644,0.022982062780269034,0.004343117913960233,0.0372,0,False,25.28710556228765,False,False,0.0372,0,False,25.28710556228765,False,False
PU,N15_M01_F10_KI04_6,KI04,6203_PU_2905,inner_race,N15_M01_F10,real,1499.5315887622378,0.4677047032708875,24.992193146037298,0.25641025641025644,0.022982062780269034,0.004343658355456602,-0.01,0,False,22.68864373189386,False,True,-0.01,0,False,22.68864373189386,False,True
PU,N15_M01_F10_KI04_7,KI04,6203_PU_2905,inner_race,N15_M01_F10,real,1499.857112431902,1.1114161912121572,24.997618540531697,0.25641025641025644,0.022982062780269034,0.00434271562324837,0.0285,0,False,13.88367492769988,False,False,0.0113,0,False,12.65695833596574,False,False
PU,N15_M01_F10_KI04_8,KI04,6203_PU_2905,inner_race,N15_M01_F10,real,1499.6561850215621,0.39267296633659476,24.99426975035937,0.25641025641025644,0.022982062780269034,0.0043432974703495495,0.0395,0,False,18.262018658314247,False,False,0.0395,0,False,18.262018658314247,False,False
PU,N15_M01_F10_KI04_9,KI04,6203_PU_2905,inner_race,N15_M01_F10,real,1499.403608306644,0.9793132000236815,24.990060138444065,0.25641025641025644,0.022982062780269034,0.004344029105114796,0.0376,0,False,23.97715254693377,False,False,0.0376,0,False,23.97715254693377,False,False
PU,N15_M07_F04_KI04_1,KI04,6203_PU_2905,inner_race,N15_M07_F04,real,1499.7715418190214,0.9950998790825097,24.99619236365036,0.25641025641025644,0.022982062780269034,0.004342963400211117,0.0373,0,False,19.248327152516588,False,False,0.0373,0,False,19.248327152516588,False,False
PU,N15_M07_F04_KI04_10,KI04,6203_PU_2905,inner_race,N15_M07_F04,real,1499.913133074604,0.7581555233632621,24.998552217910067,0.25641025641025644,0.022982062780269034,0.004342553426041796,0.0372,0,False,24.379801184268878,False,False,0.0372,0,False,24.379801184268878,False,False
PU,N15_M07_F04_KI04_11,KI04,6203_PU_2905,inner_race,N15_M07_F04,real,1499.8278534805627,0.8046107581456976,24.99713089134271,0.25641025641025644,0.022982062780269034,0.004342800341841111,0.0396,0,False,26.79651458993345,False,False,0.0396,0,False,26.79651458993345,False,False
PU,N15_M07_F04_KI04_12,KI04,6203_PU_2905,inner_race,N15_M07_F04,real,1499.6803383386534,0.6270971259418969,24.994672305644222,0.25641025641025644,0.022982062780269034,0.004343227518748304,0.0407,0,False,10.7643710186873,False,False,0.0407,0,False,10.7643710186873,False,False
PU,N15_M07_F04_KI04_13,KI04,6203_PU_2905,inner_race,N15_M07_F04,real,1499.3565780347851,1.1371440579687404,24.989276300579753,0.25641025641025644,0.022982062780269034,0.004344165364142681,0.0378,0,False,24.02268860238742,False,False,0.0378,0,False,24.02268860238742,False,False
PU,N15_M07_F04_KI04_14,KI04,6203_PU_2905,inner_race,N15_M07_F04,real,1499.3291615121625,0.7119194758514427,24.98881935853604,0.25641025641025644,0.022982062780269034,0.004344244800940844,0.0394,0,False,14.26089613109652,False,False,0.0394,0,False,14.26089613109652,False,False
PU,N15_M07_F04_KI04_15,KI04,6203_PU_2905,inner_race,N15_M07_F04,real,1499.599780787655,1.0889636561419729,24.99332967979425,0.25641025641025644,0.022982062780269034,0.004343460834181409,0.0374,0,False,17.935109602412226,False,False,0.0374,0,False,17.935109602412226,False,False
PU,N15_M07_F04_KI04_16,KI04,6203_PU_2905,inner_race,N15_M07_F04,real,1499.3900748779022,0.6012293587907886,24.98983458129837,0.25641025641025644,0.022982062780269034,0.004344068314130069,-0.01,2,True,60.0,False,True,-0.01,2,True,60.0,False,True
PU,N15_M07_F04_KI04_17,KI04,6203_PU_2905,inner_race,N15_M07_F04,real,1499.726272030091,0.8563208865270014,24.99543786716818,0.25641025641025644,0.022982062780269034,0.004343094494158144,0.0068,0,False,13.933761162253074,False,False,0.0068,0,False,13.933761162253074,False,False
PU,N15_M07_F04_KI04_18,KI04,6203_PU_2905,inner_race,N15_M07_F04,real,1499.6551002038914,0.596836129269669,24.994251670064855,0.25641025641025644,0.022982062780269034,0.004343300612195861,0.0399,0,False,19.173451086048615,False,False,0.0399,0,False,19.173451086048615,False,False
PU,N15_M07_F04_KI04_19,KI04,6203_PU_2905,inner_race,N15_M07_F04,real,1499.3523456636447,0.8414037717198043,24.989205761060745,0.25641025641025644,0.022982062780269034,0.0043441776268507565,0.0206,0,False,14.695315982919848,True,False,0.0199,0,False,13.246687276221053,True,False
PU,N15_M07_F04_KI04_2,KI04,6203_PU_2905,inner_race,N15_M07_F04,real,1499.613427557879,0.7101857293535045,24.99355712596465,0.25641025641025644,0.022982062780269034,0.004343421307853563,-0.009,0,False,11.07740786235707,False,False,-0.009,0,False,11.07740786235707,False,False
PU,N15_M07_F04_KI04_20,KI04,6203_PU_2905,inner_race,N15_M07_F04,real,1499.6091795229027,0.809473250031066,24.99348632538171,0.25641025641025644,0.022982062780269034,0.004343433611729723,-0.0094,0,False,16.78366663884356,False,False,-0.0094,0,False,16.78366663884356,False,False
PU,N15_M07_F04_KI04_3,KI04,6203_PU_2905,inner_race,N15_M07_F04,real,1499.6721993776014,0.5384146535062976,24.994536656293356,0.25641025641025644,0.022982062780269034,0.004343251090139192,0.0062,0,False,11.164382826868898,False,False,0.0062,0,False,11.164382826868898,False,False
PU,N15_M07_F04_KI04_4,KI04,6203_PU_2905,inner_race,N15_M07_F04,real,1499.5714587446253,1.1312522653297998,24.992857645743754,0.25641025641025644,0.022982062780269034,0.004343542868074444,0.0539,0,False,15.477685740421471,False,False,0.0539,0,False,15.477685740421471,False,False
PU,N15_M07_F04_KI04_5,KI04,6203_PU_2905,inner_race,N15_M07_F04,real,1499.3863886851877,0.2813926161768069,24.98977314475313,0.25641025641025644,0.022982062780269034,0.00434407899388086,0.0412,0,False,14.303532480090741,False,False,0.0412,0,False,14.303532480090741,False,False
PU,N15_M07_F04_KI04_6,KI04,6203_PU_2905,inner_race,N15_M07_F04,real,1499.5177694817162,0.9767322572715266,24.99196282469527,0.25641025641025644,0.022982062780269034,0.004343698385814711,-0.01,0,False,13.271065914802598,False,True,-0.01,0,False,13.271065914802598,False,True
PU,N15_M07_F04_KI04_7,KI04,6203_PU_2905,inner_race,N15_M07_F04,real,1499.4854296020758,0.9195210072567258,24.99142382670126,0.25641025641025644,0.022982062780269034,0.00434379206774067,0.0008,0,False,11.843699690396821,False,False,0.0008,0,False,11.843699690396821,False,False
PU,N15_M07_F04_KI04_8,KI04,6203_PU_2905,inner_race,N15_M07_F04,real,1499.3867251102554,0.5263395336285865,24.98977875183759,0.25641025641025644,0.022982062780269034,0.00434407801917764,0.0406,0,False,27.62215440306928,False,False,0.0406,0,False,27.62215440306928,False,False
PU,N15_M07_F04_KI04_9,KI04,6203_PU_2905,inner_race,N15_M07_F04,real,1499.645063942896,0.9176284272485754,24.99408439904827,0.25641025641025644,0.022982062780269034,0.004343329679406212,-0.0084,0,False,23.17895172339118,False,False,-0.0084,0,False,23.17895172339118,False,False
PU,N15_M07_F10_KI04_1,KI04,6203_PU_2905,inner_race,N15_M07_F10,real,1499.6432361334007,0.4459814988188091,24.99405393555668,0.25641025641025644,0.022982062780269034,0.004343334973184784,0.0391,0,False,28.36917130743472,False,False,0.0391,0,False,28.36917130743472,False,False
PU,N15_M07_F10_KI04_10,KI04,6203_PU_2905,inner_race,N15_M07_F10,real,1499.3063077085549,0.6497191380697495,24.98843846180925,0.25641025641025644,0.022982062780269034,0.004344311019909572,0.042,1,False,23.691223004798836,False,False,0.042,1,False,23.691223004798836,False,False
PU,N15_M07_F10_KI04_11,KI04,6203_PU_2905,inner_race,N15_M07_F10,real,1499.4957648950806,0.7322574199630104,24.991596081584678,0.25641025641025644,0.022982062780269034,0.004343762128100409,0.0392,0,False,19.070207369375545,False,False,0.0392,0,False,19.070207369375545,False,False
PU,N15_M07_F10_KI04_12,KI04,6203_PU_2905,inner_race,N15_M07_F10,real,1499.4860130612542,0.7665062931157905,24.991433551020904,0.25641025641025644,0.022982062780269034,0.0043437903775446094,0.0381,0,False,19.362454520917623,False,False,0.0381,0,False,19.362454520917623,False,False
PU,N15_M07_F10_KI04_13,KI04,6203_PU_2905,inner_race,N15_M07_F10,real,1499.4350365056678,0.781258667223101,24.99058394176113,0.25641025641025644,0.022982062780269034,0.00434393805414696,0.0377,0,False,23.3297562883576,False,False,0.0377,0,False,23.3297562883576,False,False
PU,N15_M07_F10_KI04_14,KI04,6203_PU_2905,inner_race,N15_M07_F10,real,1499.5545448379655,0.6431663585481738,24.992575747299426,0.25641025641025644,0.022982062780269034,0.004343591860142719,0.0376,0,False,20.308648562704125,False,False,0.0376,0,False,20.308648562704125,False,False
PU,N15_M07_F10_KI04_15,KI04,6203_PU_2905,inner_race,N15_M07_F10,real,1499.6797651653014,0.843722611541277,24.994662752755023,0.25641025641025644,0.022982062780269034,0.004343229178717541,0.0415,0,False,23.59124595274261,False,False,0.0415,0,False,23.59124595274261,False,False
PU,N15_M07_F10_KI04_16,KI04,6203_PU_2905,inner_race,N15_M07_F10,real,1499.4773028236625,0.5438447484447458,24.991288380394376,0.25641025641025644,0.022982062780269034,0.004343815609968045,0.0371,0,False,29.742532918021016,False,False,0.0371,0,False,29.742532918021016,False,False
PU,N15_M07_F10_KI04_17,KI04,6203_PU_2905,inner_race,N15_M07_F10,real,1499.8396393904518,1.0439643541378525,24.997327323174197,0.25641025641025644,0.022982062780269034,0.00434276621562378,0.0301,0,False,14.234414210132114,False,False,0.0301,0,False,14.234414210132114,False,False
PU,N15_M07_F10_KI04_18,KI04,6203_PU_2905,inner_race,N15_M07_F10,real,1499.5342914428793,0.7935259912648048,24.992238190714655,0.25641025641025644,0.022982062780269034,0.0043436505266784145,0.031,0,False,18.487902910894586,False,False,0.031,0,False,18.487902910894586,False,False
PU,N15_M07_F10_KI04_19,KI04,6203_PU_2905,inner_race,N15_M07_F10,real,1499.8684646052257,0.46908851069420077,24.997807743420427,0.25641025641025644,0.022982062780269034,0.00434268275419244,0.0276,0,False,11.62220511188426,False,False,0.0276,0,False,11.62220511188426,False,False
PU,N15_M07_F10_KI04_2,KI04,6203_PU_2905,inner_race,N15_M07_F10,real,1499.6988266850753,0.4067767244853526,24.994980444751256,0.25641025641025644,0.022982062780269034,0.004343173975267755,0.0389,1,False,25.378573399472753,False,False,0.0389,1,False,25.378573399472753,False,False
PU,N15_M07_F10_KI04_20,KI04,6203_PU_2905,inner_race,N15_M07_F10,real,1499.447997149298,0.8555309961372214,24.990799952488302,0.25641025641025644,0.022982062780269034,0.004343900506840765,0.0414,0,False,14.801159921037062,False,False,0.0414,0,False,14.801159921037062,False,False
PU,N15_M07_F10_KI04_3,KI04,6203_PU_2905,inner_race,N15_M07_F10,real,1499.6348505433068,0.7795848481813554,24.99391417572178,0.25641025641025644,0.022982062780269034,0.004343359260048158,0.0379,0,False,15.624187512512709,False,False,0.0379,0,False,15.624187512512709,False,False
PU,N15_M07_F10_KI04_4,KI04,6203_PU_2905,inner_race,N15_M07_F10,real,1499.5988203316303,0.629926233528685,24.99331367219384,0.25641025641025644,0.022982062780269034,0.00434346361606085,-0.0073,0,False,26.407389920477975,False,False,-0.0073,0,False,26.407389920477975,False,False
PU,N15_M07_F10_KI04_5,KI04,6203_PU_2905,inner_race,N15_M07_F10,real,1499.7469439021413,0.5172554903815173,24.995782398369023,0.25641025641025644,0.022982062780269034,0.004343034630796494,0.0415,1,False,26.00641886885525,False,False,0.0415,1,False,26.00641886885525,False,False
PU,N15_M07_F10_KI04_6,KI04,6203_PU_2905,inner_race,N15_M07_F10,real,1499.6386721029348,1.1007128360265386,24.99397786838225,0.25641025641025644,0.022982062780269034,0.004343348191777709,0.0403,0,False,23.318004478597132,False,False,0.0403,0,False,23.318004478597132,False,False
PU,N15_M07_F10_KI04_7,KI04,6203_PU_2905,inner_race,N15_M07_F10,real,1499.6272414052469,0.520116926297185,24.993787356754115,0.25641025641025644,0.022982062780269034,0.0043433812983383014,0.0379,1,False,26.524781633586556,False,False,0.0379,1,False,26.524781633586556,False,False
PU,N15_M07_F10_KI04_8,KI04,6203_PU_2905,inner_race,N15_M07_F10,real,1499.6415883623808,0.7554198970896309,24.99402647270635,0.25641025641025644,0.022982062780269034,0.004343339745539428,0.0416,1,False,26.37349988387838,False,False,0.0416,1,False,26.37349988387838,False,False
PU,N15_M07_F10_KI04_9,KI04,6203_PU_2905,inner_race,N15_M07_F10,real,1499.6086357507195,0.6060045121533604,24.99347726251199,0.25641025641025644,0.022982062780269034,0.004343435186699565,0.0382,1,False,28.812053830021465,False,False,0.0382,1,False,28.812053830021465,False,False
PU,N09_M07_F10_KI05_1,KI05,6203_PU_2905,inner_race,N09_M07_F10,artificial,899.54338412878,1.580486524749659,14.992389735479666,0.25641025641025644,0.022982062780269034,0.007240843554317921,-0.0076,0,False,24.1069949793835,False,False,-0.0076,0,False,24.1069949793835,False,False
PU,N09_M07_F10_KI05_10,KI05,6203_PU_2905,inner_race,N09_M07_F10,artificial,899.7016567665718,1.5611131344351645,14.995027612776196,0.25641025641025644,0.022982062780269034,0.00723956976827945,0.0485,1,False,23.083657336894674,False,False,0.0485,1,False,23.083657336894674,False,False
PU,N09_M07_F10_KI05_11,KI05,6203_PU_2905,inner_race,N09_M07_F10,artificial,899.7785583982948,0.7240672106966911,14.996309306638246,0.25641025641025644,0.022982062780269034,0.007238951021896846,0.0542,1,False,23.527366598521535,False,False,0.0542,1,False,23.527366598521535,False,False
PU,N09_M07_F10_KI05_12,KI05,6203_PU_2905,inner_race,N09_M07_F10,artificial,899.949118717506,0.7523955024944203,14.9991519786251,0.25641025641025644,0.022982062780269034,0.0072375790801155054,-0.007,0,False,22.64776341711241,False,False,-0.007,0,False,22.64776341711241,False,False
PU,N09_M07_F10_KI05_13,KI05,6203_PU_2905,inner_race,N09_M07_F10,artificial,900.3472375002295,1.2029190061984916,15.005787291670492,0.25641025641025644,0.022982062780269034,0.00723437874134261,0.0513,1,False,24.22106088439011,False,False,0.0513,1,False,24.22106088439011,False,False
PU,N09_M07_F10_KI05_14,KI05,6203_PU_2905,inner_race,N09_M07_F10,artificial,900.2192236096491,0.9509810447103068,15.003653726827485,0.25641025641025644,0.022982062780269034,0.007235407491833961,-0.0081,1,False,24.846057845393254,False,False,-0.0081,1,False,24.846057845393254,False,False
PU,N09_M07_F10_KI05_15,KI05,6203_PU_2905,inner_race,N09_M07_F10,artificial,899.7770888506482,0.4623434402979192,14.99628481417747,0.25641025641025644,0.022982062780269034,0.007238962844806731,-0.0074,1,False,29.274653199182893,False,False,-0.0074,1,False,29.274653199182893,False,False
PU,N09_M07_F10_KI05_16,KI05,6203_PU_2905,inner_race,N09_M07_F10,artificial,899.5189256475561,1.139256764978603,14.991982094125936,0.25641025641025644,0.022982062780269034,0.0072410404373751515,0.0509,1,False,25.61613038167333,False,False,0.0509,1,False,25.61613038167333,False,False
PU,N09_M07_F10_KI05_17,KI05,6203_PU_2905,inner_race,N09_M07_F10,artificial,899.6707747041705,0.9875357755647269,14.994512911736175,0.25641025641025644,0.022982062780269034,0.007239818273456708,0.0492,1,False,24.346000115776437,False,False,0.0492,1,False,24.346000115776437,False,False
PU,N09_M07_F10_KI05_18,KI05,6203_PU_2905,inner_race,N09_M07_F10,artificial,899.5529613790752,0.5185505335312743,14.99254935631792,0.25641025641025644,0.022982062780269034,0.0072407664633915994,0.0527,1,False,25.573605672538772,False,False,0.0527,1,False,25.573605672538772,False,False
PU,N09_M07_F10_KI05_19,KI05,6203_PU_2905,inner_race,N09_M07_F10,artificial,899.7328986055479,3.596805024076808,14.995548310092465,0.25641025641025644,0.022982062780269034,0.007239318385370913,0.0543,1,False,25.08781931854068,False,False,0.0543,1,False,25.08781931854068,False,False
PU,N09_M07_F10_KI05_2,KI05,6203_PU_2905,inner_race,N09_M07_F10,artificial,899.8263111529787,1.3229934762966105,14.99710518588298,0.25641025641025644,0.022982062780269034,0.007238566859033376,0.0543,1,False,23.452470011425508,False,False,0.0543,1,False,23.452470011425508,False,False
PU,N09_M07_F10_KI05_20,KI05,6203_PU_2905,inner_race,N09_M07_F10,artificial,899.8446826887848,0.6917345817304014,14.997411378146413,0.25641025641025644,0.022982062780269034,0.007238419073984696,0.0478,1,False,23.097284490888455,False,False,0.0478,1,False,23.097284490888455,False,False
PU,N09_M07_F10_KI05_3,KI05,6203_PU_2905,inner_race,N09_M07_F10,artificial,899.3695062407139,1.5377248133588268,14.989491770678566,0.25641025641025644,0.022982062780269034,0.007242243448995587,-0.007,1,False,24.246203062529247,False,False,-0.007,1,False,24.246203062529247,False,False
PU,N09_M07_F10_KI05_4,KI05,6203_PU_2905,inner_race,N09_M07_F10,artificial,899.6626568765636,0.36992378158903616,14.994377614609393,0.25641025641025644,0.022982062780269034,0.007239883599716724,0.0471,0,False,23.137363940039627,False,False,0.0471,0,False,23.137363940039627,False,False
PU,N09_M07_F10_KI05_5,KI05,6203_PU_2905,inner_race,N09_M07_F10,artificial,900.371335287966,1.5923943788705697,15.0061889214661,0.25641025641025644,0.022982062780269034,0.007234185118426729,0.0477,1,False,28.38661960707565,False,False,0.0477,1,False,28.38661960707565,False,False
PU,N09_M07_F10_KI05_6,KI05,6203_PU_2905,inner_race,N09_M07_F10,artificial,900.2696620585658,0.8261943191733139,15.004494367642764,0.25641025641025644,0.022982062780269034,0.007235002121369367,-0.0079,1,False,28.400061072767308,False,False,-0.0079,1,False,28.400061072767308,False,False
PU,N09_M07_F10_KI05_7,KI05,6203_PU_2905,inner_race,N09_M07_F10,artificial,899.6777448984301,1.1043447613248303,14.994629081640502,0.25641025641025644,0.022982062780269034,0.007239762183439969,0.0511,1,False,27.25820516470215,False,False,0.0511,1,False,27.25820516470215,False,False
PU,N09_M07_F10_KI05_8,KI05,6203_PU_2905,inner_race,N09_M07_F10,artificial,899.7279812161586,1.0658844837477321,14.995466353602643,0.25641025641025644,0.022982062780269034,0.007239357951271004,0.0559,0,False,25.1158967717409,False,False,0.0559,0,False,25.1158967717409,False,False
PU,N09_M07_F10_KI05_9,KI05,6203_PU_2905,inner_race,N09_M07_F10,artificial,899.804560023244,1.194861166208335,14.996742667054066,0.25641025641025644,0.022982062780269034,0.007238741838149775,0.0495,1,False,24.715700709228006,False,False,0.0495,1,False,24.715700709228006,False,False
PU,N15_M01_F10_KI05_1,KI05,6203_PU_2905,inner_race,N15_M01_F10,artificial,1499.5697418681466,0.22211776442977763,24.992829031135777,0.25641025641025644,0.022982062780269034,0.004343547841051942,-0.0082,1,False,24.574534513651713,False,False,-0.0082,1,False,24.574534513651713,False,False
PU,N15_M01_F10_KI05_10,KI05,6203_PU_2905,inner_race,N15_M01_F10,artificial,1499.6083084199036,0.45272447018609063,24.993471806998393,0.25641025641025644,0.022982062780269034,0.004343436134773923,0.042,1,False,30.60736820879743,False,False,0.042,1,False,30.60736820879743,False,False
PU,N15_M01_F10_KI05_11,KI05,6203_PU_2905,inner_race,N15_M01_F10,artificial,1499.5073143574032,0.43143521858222067,24.991788572623385,0.25641025641025644,0.022982062780269034,0.00434372867170006,0.0434,0,False,24.19735945433468,False,False,0.0434,0,False,24.19735945433468,False,False
PU,N15_M01_F10_KI05_12,KI05,6203_PU_2905,inner_race,N15_M01_F10,artificial,1499.443505811003,0.48645887022070433,24.99072509685005,0.25641025641025644,0.022982062780269034,0.004343913518285759,0.0422,1,False,38.06747120722118,False,False,0.0422,1,False,38.06747120722118,False,False
PU,N15_M01_F10_KI05_13,KI05,6203_PU_2905,inner_race,N15_M01_F10,artificial,1499.5876101521762,0.22296183123351895,24.993126835869603,0.25641025641025644,0.022982062780269034,0.004343496085658663,0.0425,1,False,38.741549748787165,False,False,0.0425,1,False,38.741549748787165,False,False
PU,N15_M01_F10_KI05_14,KI05,6203_PU_2905,inner_race,N15_M01_F10,artificial,1499.4960288259251,0.4613828295081444,24.991600480432087,0.25641025641025644,0.022982062780269034,0.004343761363541661,-0.0082,1,False,26.198525265417,False,False,-0.0082,1,False,26.198525265417,False,False
PU,N15_M01_F10_KI05_15,KI05,6203_PU_2905,inner_race,N15_M01_F10,artificial,1499.611339331535,0.36900376752486674,24.99352232219225,0.25641025641025644,0.022982062780269034,0.004343427356118577,-0.006,1,False,23.448894098266763,False,False,-0.006,1,False,23.448894098266763,False,False
PU,N15_M01_F10_KI05_16,KI05,6203_PU_2905,inner_race,N15_M01_F10,artificial,1499.5585159849138,0.29595097384746355,24.992641933081895,0.25641025641025644,0.022982062780269034,0.00434358035739616,-0.0083,1,False,23.97662814944426,False,False,-0.0083,1,False,23.97662814944426,False,False
PU,N15_M01_F10_KI05_17,KI05,6203_PU_2905,inner_race,N15_M01_F10,artificial,1499.5323085105194,0.405334059778626,24.99220514184199,0.25641025641025644,0.022982062780269034,0.004343656270579458,-0.0058,1,False,21.854457822905047,False,False,-0.0058,1,False,21.854457822905047,False,False
PU,N15_M01_F10_KI05_18,KI05,6203_PU_2905,inner_race,N15_M01_F10,artificial,1499.6718172630851,0.45498716120261173,24.994530287718085,0.25641025641025644,0.022982062780269034,0.004343252196794175,-0.009,0,False,24.284492686396078,False,False,-0.009,0,False,24.284492686396078,False,False
PU,N15_M01_F10_KI05_19,KI05,6203_PU_2905,inner_race,N15_M01_F10,artificial,1499.6185780611956,0.4514803017035879,24.993642967686593,0.25641025641025644,0.022982062780269034,0.004343406390189712,0.042,1,False,36.71382941189759,False,False,0.042,1,False,36.71382941189759,False,False
PU,N15_M01_F10_KI05_2,KI05,6203_PU_2905,inner_race,N15_M01_F10,artificial,1499.6490647443204,0.4788576995489041,24.994151079072008,0.25641025641025644,0.022982062780269034,0.0043433180921622514,0.042,1,False,33.10928576562449,False,False,0.042,1,False,33.10928576562449,False,False
PU,N15_M01_F10_KI05_20,KI05,6203_PU_2905,inner_race,N15_M01_F10,artificial,1499.5570935118922,0.41972130429101917,24.992618225198203,0.25641025641025644,0.022982062780269034,0.004343584477696682,0.0421,0,False,27.238061964312667,False,False,0.0421,0,False,27.238061964312667,False,False
PU,N15_M01_F10_KI05_3,KI05,6203_PU_2905,inner_race,N15_M01_F10,artificial,1499.551230939254,0.9674579092004955,24.992520515654235,0.25641025641025644,0.022982062780269034,0.0043436014591635265,0.0387,0,False,25.464309242758898,False,False,0.0387,0,False,25.464309242758898,False,False
PU,N15_M01_F10_KI05_4,KI05,6203_PU_2905,inner_race,N15_M01_F10,artificial,1499.5001329043562,0.5244183782740987,24.99166888173927,0.25641025641025644,0.022982062780269034,0.0043437494748215935,0.0422,1,False,29.58779347539608,False,False,0.0422,1,False,29.58779347539608,False,False
PU,N15_M01_F10_KI05_5,KI05,6203_PU_2905,inner_race,N15_M01_F10,artificial,1499.5836727959725,0.8686987037319734,24.99306121326621,0.25641025641025644,0.022982062780269034,0.004343507490084817,-0.0082,1,False,23.62123828982557,False,False,-0.0082,1,False,23.62123828982557,False,False
PU,N15_M01_F10_KI05_6,KI05,6203_PU_2905,inner_race,N15_M01_F10,artificial,1499.4990040549512,1.0066322133988943,24.99165006758252,0.25641025641025644,0.022982062780269034,0.004343752744873122,-0.0081,1,False,24.87810857742197,False,False,-0.0081,1,False,24.87810857742197,False,False
PU,N15_M01_F10_KI05_7,KI05,6203_PU_2905,inner_race,N15_M01_F10,artificial,1499.7033497742823,0.491125371622583,24.99505582957137,0.25641025641025644,0.022982062780269034,0.00434316087630166,0.0419,1,False,35.60497712895784,False,False,0.0419,1,False,35.60497712895784,False,False
PU,N15_M01_F10_KI05_8,KI05,6203_PU_2905,inner_race,N15_M01_F10,artificial,1499.6651646409543,0.7210806949081585,24.99441941068257,0.25641025641025644,0.022982062780269034,0.0043432714637721415,-0.0062,1,False,23.82282512234535,False,False,-0.0062,1,False,23.82282512234535,False,False
PU,N15_M01_F10_KI05_9,KI05,6203_PU_2905,inner_race,N15_M01_F10,artificial,1499.6578728134493,0.521193861931131,24.994297880224156,0.25641025641025644,0.022982062780269034,0.004343292582179809,0.0416,1,False,39.71851851076174,False,False,0.0416,1,False,39.71851851076174,False,False
PU,N15_M07_F04_KI05_1,KI05,6203_PU_2905,inner_race,N15_M07_F04,artificial,1498.8271841716514,2.110728677600086,24.980453069527524,0.25641025641025644,0.022982062780269034,0.004345699746831027,0.0392,0,False,22.86532896870188,False,False,0.0392,0,False,22.86532896870188,False,False
PU,N15_M07_F04_KI05_10,KI05,6203_PU_2905,inner_race,N15_M07_F04,artificial,1499.3848975336032,0.31600985206091575,24.989748292226718,0.25641025641025644,0.022982062780269034,0.004344083314105965,0.0427,0,False,28.56721583572092,False,False,0.0427,0,False,28.56721583572092,False,False
PU,N15_M07_F04_KI05_11,KI05,6203_PU_2905,inner_race,N15_M07_F04,artificial,1499.769929206338,0.9734720045354723,24.996165486772302,0.25641025641025644,0.022982062780269034,0.0043429680699392705,-0.0065,1,False,23.055766655765797,False,False,-0.0065,1,False,23.055766655765797,False,False
PU,N15_M07_F04_KI05_12,KI05,6203_PU_2905,inner_race,N15_M07_F04,artificial,1499.7666958723582,1.0583293050315326,24.996111597872638,0.25641025641025644,0.022982062780269034,0.004342977432906373,0.0381,1,False,29.276214259184393,False,False,0.0381,1,False,29.276214259184393,False,False
PU,N15_M07_F04_KI05_13,KI05,6203_PU_2905,inner_race,N15_M07_F04,artificial,1499.6412939276495,1.3379644164706408,24.994021565460823,0.25641025641025644,0.022982062780269034,0.004343340598296735,0.0421,0,False,25.76783089083544,False,False,0.0421,0,False,25.76783089083544,False,False
PU,N15_M07_F04_KI05_14,KI05,6203_PU_2905,inner_race,N15_M07_F04,artificial,1499.2486278137474,1.1243403217242203,24.987477130229124,0.25641025641025644,0.022982062780269034,0.0043444781565658884,-0.0056,1,False,26.3215042829111,False,False,-0.0056,1,False,26.3215042829111,False,False
PU,N15_M07_F04_KI05_15,KI05,6203_PU_2905,inner_race,N15_M07_F04,artificial,1499.655930899118,0.6879249711062583,24.994265514985297,0.25641025641025644,0.022982062780269034,0.004343298206337949,-0.0087,1,False,23.568839587969336,False,False,-0.0087,1,False,23.568839587969336,False,False
PU,N15_M07_F04_KI05_16,KI05,6203_PU_2905,inner_race,N15_M07_F04,artificial,1499.5408986128225,4.7567015125611745,24.992348310213707,0.25641025641025644,0.022982062780269034,0.0043436313879958825,0.0387,0,False,27.019370892363963,False,False,0.0387,0,False,27.019370892363963,False,False
PU,N15_M07_F04_KI05_17,KI05,6203_PU_2905,inner_race,N15_M07_F04,artificial,1499.5805905383531,0.2645727773975607,24.993009842305884,0.25641025641025644,0.022982062780269034,0.004343516417787097,-0.0069,0,False,24.41974189635215,False,False,-0.0069,0,False,24.41974189635215,False,False
PU,N15_M07_F04_KI05_18,KI05,6203_PU_2905,inner_race,N15_M07_F04,artificial,1499.8481571049929,2.703646802304191,24.997469285083216,0.25641025641025644,0.022982062780269034,0.004342741552831904,-0.0061,1,False,25.325244954437924,False,False,-0.0061,1,False,25.325244954437924,False,False
PU,N15_M07_F04_KI05_19,KI05,6203_PU_2905,inner_race,N15_M07_F04,artificial,1499.632666996273,1.6077896324800403,24.993877783271216,0.25641025641025644,0.022982062780269034,0.004343365584216361,0.0382,1,False,28.611828321114515,False,False,0.0382,1,False,28.611828321114515,False,False
PU,N15_M07_F04_KI05_2,KI05,6203_PU_2905,inner_race,N15_M07_F04,artificial,1500.3868651905827,2.3875410770736147,25.006447753176378,0.25641025641025644,0.022982062780269034,0.004341182308318097,-0.0095,1,False,24.595789969578494,False,False,-0.0095,1,False,24.595789969578494,False,False
PU,N15_M07_F04_KI05_20,KI05,6203_PU_2905,inner_race,N15_M07_F04,artificial,1499.5333980596326,0.7797486486063939,24.992223300993878,0.25641025641025644,0.022982062780269034,0.0043436531145131475,0.0425,1,False,31.236628854285193,False,False,0.0425,1,False,31.236628854285193,False,False
PU,N15_M07_F04_KI05_3,KI05,6203_PU_2905,inner_race,N15_M07_F04,artificial,1500.1593030934207,4.0043830016471205,25.00265505155701,0.25641025641025644,0.022982062780269034,0.004341840830748485,-0.0091,1,False,24.10339908973372,False,False,-0.0091,1,False,24.10339908973372,False,False
PU,N15_M07_F04_KI05_4,KI05,6203_PU_2905,inner_race,N15_M07_F04,artificial,1499.6810511023355,2.6401403641128347,24.994684185038924,0.25641025641025644,0.022982062780269034,0.0043432254545128215,-0.0084,1,False,27.751040315036512,False,False,-0.0084,1,False,27.751040315036512,False,False
PU,N15_M07_F04_KI05_5,KI05,6203_PU_2905,inner_race,N15_M07_F04,artificial,1500.0734757288944,4.974497016828044,25.001224595481574,0.25641025641025644,0.022982062780269034,0.004342089251083705,-0.0076,1,False,22.841978931664432,False,False,-0.0076,1,False,22.841978931664432,False,False
PU,N15_M07_F04_KI05_6,KI05,6203_PU_2905,inner_race,N15_M07_F04,artificial,1499.5772672888008,1.7929076363598975,24.992954454813347,0.25641025641025644,0.022982062780269034,0.0043435260435591766,0.0382,1,False,27.36840046742856,False,False,0.0382,1,False,27.36840046742856,False,False
PU,N15_M07_F04_KI05_7,KI05,6203_PU_2905,inner_race,N15_M07_F04,artificial,1499.6993020067937,4.850718950988365,24.994988366779896,0.25641025641025644,0.022982062780269034,0.0043431725987218605,-0.0089,1,False,24.132191466850124,False,False,-0.0089,1,False,24.132191466850124,False,False
PU,N15_M07_F04_KI05_8,KI05,6203_PU_2905,inner_race,N15_M07_F04,artificial,1499.0331710262165,4.032614938002845,24.983886183770274,0.25641025641025644,0.022982062780269034,0.004345102590584564,-0.0059,1,False,23.7718660409422,False,False,-0.0059,1,False,23.7718660409422,False,False
PU,N15_M07_F04_KI05_9,KI05,6203_PU_2905,inner_race,N15_M07_F04,artificial,1500.1438209380426,2.798638751420502,25.002397015634042,0.25641025641025644,0.022982062780269034,0.004341885640488346,-0.0092,1,False,27.78198936201076,False,False,-0.0092,1,False,27.78198936201076,False,False
PU,N15_M07_F10_KI05_1,KI05,6203_PU_2905,inner_race,N15_M07_F10,artificial,1499.8805071445647,1.922485087539308,24.99800845240941,0.25641025641025644,0.022982062780269034,0.0043426478867962335,-0.0064,1,False,23.187569461338107,False,False,-0.0064,1,False,23.187569461338107,False,False
PU,N15_M07_F10_KI05_10,KI05,6203_PU_2905,inner_race,N15_M07_F10,artificial,1499.6023184046671,0.18925334334580976,24.99337197341112,0.25641025641025644,0.022982062780269034,0.0043434534842060404,-0.0077,0,False,24.70505309867493,False,False,-0.0077,0,False,24.70505309867493,False,False
PU,N15_M07_F10_KI05_11,KI05,6203_PU_2905,inner_race,N15_M07_F10,artificial,1499.5542589092179,0.21940188580887557,24.992570981820297,0.25641025641025644,0.022982062780269034,0.0043435926883606864,0.0399,0,False,25.382098132913057,False,False,0.0399,0,False,25.382098132913057,False,False
PU,N15_M07_F10_KI05_12,KI05,6203_PU_2905,inner_race,N15_M07_F10,artificial,1499.775284446574,0.9372521722319442,24.996254740776234,0.25641025641025644,0.022982062780269034,0.004342952562524532,0.0406,0,False,23.645637412192784,False,False,0.0406,0,False,23.645637412192784,False,False
PU,N15_M07_F10_KI05_13,KI05,6203_PU_2905,inner_race,N15_M07_F10,artificial,1499.6119901658662,0.29218319529719206,24.993533169431103,0.25641025641025644,0.022982062780269034,0.004343425471063204,0.0404,0,False,34.293299787391156,False,False,0.0404,0,False,34.293299787391156,False,False
PU,N15_M07_F10_KI05_14,KI05,6203_PU_2905,inner_race,N15_M07_F10,artificial,1499.6731840406321,0.21742102969522528,24.99455306734387,0.25641025641025644,0.022982062780269034,0.004343248238425347,0.0403,0,False,43.706176164047925,False,False,0.0403,0,False,43.706176164047925,False,False
PU,N15_M07_F10_KI05_15,KI05,6203_PU_2905,inner_race,N15_M07_F10,artificial,1499.5244686229719,0.2996128847944332,24.99207447704953,0.25641025641025644,0.022982062780269034,0.004343678980296717,0.0412,0,False,25.77431942487444,False,False,0.0412,0,False,25.77431942487444,False,False
PU,N15_M07_F10_KI05_16,KI05,6203_PU_2905,inner_race,N15_M07_F10,artificial,1499.5778570881353,0.4972476052656923,24.992964284802255,0.25641025641025644,0.022982062780269034,0.0043435243352058835,0.04,0,False,7.693907503314174,False,False,0.04,0,False,7.693907503314174,False,False
PU,N15_M07_F10_KI05_17,KI05,6203_PU_2905,inner_race,N15_M07_F10,artificial,1499.5835036828742,0.38707315024751754,24.99305839471457,0.25641025641025644,0.022982062780269034,0.0043435079799168325,0.0408,0,False,29.48510554298999,False,False,0.0408,0,False,29.48510554298999,False,False
PU,N15_M07_F10_KI05_18,KI05,6203_PU_2905,inner_race,N15_M07_F10,artificial,1499.6193600449405,0.6582663646931645,24.99365600074901,0.25641025641025644,0.022982062780269034,0.004343404125299511,0.0395,0,False,29.33705428261177,False,False,0.0395,0,False,29.33705428261177,False,False
PU,N15_M07_F10_KI05_19,KI05,6203_PU_2905,inner_race,N15_M07_F10,artificial,1499.5998123599645,0.563162982947883,24.99333020599941,0.25641025641025644,0.022982062780269034,0.004343460742734952,-0.0064,0,False,27.102047012617945,False,False,-0.0064,0,False,27.102047012617945,False,False
PU,N15_M07_F10_KI05_2,KI05,6203_PU_2905,inner_race,N15_M07_F10,artificial,1499.6301437269578,0.42509252831846117,24.99383572878263,0.25641025641025644,0.022982062780269034,0.004343372892339066,-0.0061,0,False,17.957763734741782,False,False,-0.0061,0,False,17.957763734741782,False,False
PU,N15_M07_F10_KI05_20,KI05,6203_PU_2905,inner_race,N15_M07_F10,artificial,1499.5067106542742,0.25078752100883317,24.99177851090457,0.25641025641025644,0.022982062780269034,0.0043437304204902265,0.0405,0,False,43.60683471577532,False,False,0.0405,0,False,43.60683471577532,False,False
PU,N15_M07_F10_KI05_3,KI05,6203_PU_2905,inner_race,N15_M07_F10,artificial,1499.5282411652374,0.7720445340091738,24.992137352753957,0.25641025641025644,0.022982062780269034,0.004343668052384796,-0.005,1,False,22.917043486698333,False,False,-0.005,1,False,22.917043486698333,False,False
PU,N15_M07_F10_KI05_4,KI05,6203_PU_2905,inner_race,N15_M07_F10,artificial,1499.3986809852286,1.0069903058506855,24.989978016420476,0.25641025641025644,0.022982062780269034,0.004344043380455911,0.0395,0,False,31.409985292391255,False,False,0.0395,0,False,31.409985292391255,False,False
PU,N15_M07_F10_KI05_5,KI05,6203_PU_2905,inner_race,N15_M07_F10,artificial,1499.5321772976151,0.7710537506304475,24.992202954960252,0.25641025641025644,0.022982062780269034,0.004343656650660501,0.04,0,False,35.26501612909187,False,False,0.04,0,False,35.26501612909187,False,False
PU,N15_M07_F10_KI05_6,KI05,6203_PU_2905,inner_race,N15_M07_F10,artificial,1499.558145362284,0.44776955089063075,24.992635756038066,0.25641025641025644,0.022982062780269034,0.0043435814309318406,0.0396,0,False,31.622855346558968,False,False,0.0396,0,False,31.622855346558968,False,False
PU,N15_M07_F10_KI05_7,KI05,6203_PU_2905,inner_race,N15_M07_F10,artificial,1499.597251802349,0.45222201601923173,24.99328753003915,0.25641025641025644,0.022982062780269034,0.004343468159180581,0.0408,1,False,36.145261832587984,False,False,0.0408,1,False,36.145261832587984,False,False
PU,N15_M07_F10_KI05_8,KI05,6203_PU_2905,inner_race,N15_M07_F10,artificial,1499.5192966084037,0.4033308964865915,24.99198827680673,0.25641025641025644,0.022982062780269034,0.004343693962145244,0.0402,1,False,41.40956345853463,False,False,0.0402,1,False,41.40956345853463,False,False
PU,N15_M07_F10_KI05_9,KI05,6203_PU_2905,inner_race,N15_M07_F10,artificial,1499.626310076818,0.34768623724341297,24.993771834613636,0.25641025641025644,0.022982062780269034,0.004343383995753286,-0.0052,0,False,23.193368716074072,False,False,-0.0052,0,False,23.193368716074072,False,False
PU,N09_M07_F10_KI07_1,KI07,6203_PU_2905,inner_race,N09_M07_F10,artificial,899.75320504108,0.8443539910545858,14.995886750684667,0.25641025641025644,0.022982062780269034,0.007239155001955033,0.0215,0,False,24.22596470398201,True,False,-0.0024,0,False,23.868054247993182,False,False
PU,N09_M07_F10_KI07_10,KI07,6203_PU_2905,inner_race,N09_M07_F10,artificial,899.8776850536927,0.5994444604408767,14.997961417561546,0.25641025641025644,0.022982062780269034,0.0072381536101871116,0.0467,0,False,21.847197255832896,False,False,0.0467,0,False,21.847197255832896,False,False
PU,N09_M07_F10_KI07_11,KI07,6203_PU_2905,inner_race,N09_M07_F10,artificial,899.6083266619679,0.596687645034859,14.993472111032798,0.25641025641025644,0.022982062780269034,0.007240320839366428,0.022,0,False,26.12385586027368,True,False,0.0547,1,False,22.737147162684263,False,False
PU,N09_M07_F10_KI07_12,KI07,6203_PU_2905,inner_race,N09_M07_F10,artificial,899.6617272086031,0.705225393671532,14.994362120143386,0.25641025641025644,0.022982062780269034,0.007239891081070678,0.0468,0,False,23.600197378317336,False,False,0.0468,0,False,23.600197378317336,False,False
PU,N09_M07_F10_KI07_13,KI07,6203_PU_2905,inner_race,N09_M07_F10,artificial,899.6950353413341,0.8351606183598744,14.994917255688902,0.25641025641025644,0.022982062780269034,0.007239623048855745,0.0539,0,False,24.740754551070243,False,False,0.0539,0,False,24.740754551070243,False,False
PU,N09_M07_F10_KI07_14,KI07,6203_PU_2905,inner_race,N09_M07_F10,artificial,899.9055208890065,0.7073257497490609,14.998425348150109,0.25641025641025644,0.022982062780269034,0.007237929719959535,0.0477,0,False,24.926710678088654,False,False,0.0477,0,False,24.926710678088654,False,False
PU,N09_M07_F10_KI07_15,KI07,6203_PU_2905,inner_race,N09_M07_F10,artificial,899.5890575658325,0.30166789091941065,14.993150959430542,0.25641025641025644,0.022982062780269034,0.007240475926222066,0.0541,0,False,23.732374321025933,False,False,0.0541,0,False,23.732374321025933,False,False
PU,N09_M07_F10_KI07_16,KI07,6203_PU_2905,inner_race,N09_M07_F10,artificial,899.5997925824662,1.12871516575248,14.993329876374437,0.25641025641025644,0.022982062780269034,0.007240389524879887,-0.0088,0,False,25.829245666075707,False,False,-0.0088,0,False,25.829245666075707,False,False
PU,N09_M07_F10_KI07_17,KI07,6203_PU_2905,inner_race,N09_M07_F10,artificial,899.9256984772294,0.9434542215570008,14.998761641287157,0.25641025641025644,0.022982062780269034,0.007237767435489026,-0.009,0,False,24.07803386484051,False,False,-0.009,0,False,24.07803386484051,False,False
PU,N09_M07_F10_KI07_18,KI07,6203_PU_2905,inner_race,N09_M07_F10,artificial,899.4144046670867,1.3388572320118897,14.99024007778478,0.25641025641025644,0.022982062780269034,0.007241881918946056,0.0483,1,False,22.338596216755757,False,False,0.0483,1,False,22.338596216755757,False,False
PU,N09_M07_F10_KI07_19,KI07,6203_PU_2905,inner_race,N09_M07_F10,artificial,899.7177828451788,0.8832501509120338,14.99529638075298,0.25641025641025644,0.022982062780269034,0.007239440009955905,-0.0019,0,False,23.665522920467264,False,False,-0.0019,0,False,23.665522920467264,False,False
PU,N09_M07_F10_KI07_2,KI07,6203_PU_2905,inner_race,N09_M07_F10,artificial,900.0150682815507,3.1031939766390604,15.000251138025845,0.25641025641025644,0.022982062780269034,0.0072370487387891265,0.0544,1,False,25.625650350858756,False,False,0.0544,1,False,25.625650350858756,False,False
PU,N09_M07_F10_KI07_20,KI07,6203_PU_2905,inner_race,N09_M07_F10,artificial,899.7291584867035,0.7104473718251779,14.995485974778392,0.25641025641025644,0.022982062780269034,0.007239348478772754,-0.0083,0,False,26.175872587206147,False,False,-0.0083,0,False,26.175872587206147,False,False
PU,N09_M07_F10_KI07_3,KI07,6203_PU_2905,inner_race,N09_M07_F10,artificial,900.3982530269428,1.7174335423896128,15.006637550449048,0.25641025641025644,0.022982062780269034,0.007233968849785521,0.0498,1,False,22.338883974687995,False,False,0.0498,1,False,22.338883974687995,False,False
PU,N09_M07_F10_KI07_4,KI07,6203_PU_2905,inner_race,N09_M07_F10,artificial,899.825269064953,0.8876076758486982,14.997087817749216,0.25641025641025644,0.022982062780269034,0.007238575242020725,0.0475,1,False,25.387182782961233,False,False,0.0475,1,False,25.387182782961233,False,False
PU,N09_M07_F10_KI07_5,KI07,6203_PU_2905,inner_race,N09_M07_F10,artificial,899.354200334431,1.6299448517557609,14.989236672240516,0.25641025641025644,0.022982062780269034,0.0072423667031033334,0.0487,1,False,23.58793717965352,False,False,0.0487,1,False,23.58793717965352,False,False
PU,N09_M07_F10_KI07_6,KI07,6203_PU_2905,inner_race,N09_M07_F10,artificial,900.087603372663,1.3778352865764223,15.00146005621105,0.25641025641025644,0.022982062780269034,0.007236465528901907,0.0538,1,False,22.898917517231176,False,False,0.0538,1,False,22.898917517231176,False,False
PU,N09_M07_F10_KI07_7,KI07,6203_PU_2905,inner_race,N09_M07_F10,artificial,899.8953182307506,1.0653847378557675,14.998255303845843,0.25641025641025644,0.022982062780269034,0.0072380117807525155,0.0509,0,False,20.572998323752497,False,False,0.0509,0,False,20.572998323752497,False,False
PU,N09_M07_F10_KI07_8,KI07,6203_PU_2905,inner_race,N09_M07_F10,artificial,899.606660303259,1.2692955830008636,14.99344433838765,0.25641025641025644,0.022982062780269034,0.007240334250751889,-0.0079,0,False,23.81452324025332,False,False,-0.0079,0,False,23.81452324025332,False,False
PU,N09_M07_F10_KI07_9,KI07,6203_PU_2905,inner_race,N09_M07_F10,artificial,900.0755608513788,1.6626110549571127,15.00125934752298,0.25641025641025644,0.022982062780269034,0.007236562348873412,-0.0041,1,False,25.6218784911502,False,False,-0.0041,1,False,25.6218784911502,False,False
PU,N15_M01_F10_KI07_1,KI07,6203_PU_2905,inner_race,N15_M01_F10,artificial,1499.8095216723614,0.5520425995477743,24.996825361206024,0.25641025641025644,0.022982062780269034,0.004342853422836912,-0.0095,1,False,22.03365786217496,False,False,-0.0095,1,False,22.03365786217496,False,False
PU,N15_M01_F10_KI07_10,KI07,6203_PU_2905,inner_race,N15_M01_F10,artificial,1499.7532949481608,0.42611459698023507,24.995888249136012,0.25641025641025644,0.022982062780269034,0.0043430162392297635,-0.0088,1,False,23.82481505698298,False,False,-0.0088,1,False,23.82481505698298,False,False
PU,N15_M01_F10_KI07_11,KI07,6203_PU_2905,inner_race,N15_M01_F10,artificial,1499.5759895627868,1.2892497594178622,24.99293315937978,0.25641025641025644,0.022982062780269034,0.004343529744496146,0.0408,0,False,22.559193998077443,False,False,0.0408,0,False,22.559193998077443,False,False
PU,N15_M01_F10_KI07_12,KI07,6203_PU_2905,inner_race,N15_M01_F10,artificial,1499.4904654680151,0.8907773065786478,24.991507757800253,0.25641025641025644,0.022982062780269034,0.004343777479615553,-0.0098,1,False,21.72780933926571,False,False,-0.0098,1,False,21.72780933926571,False,False
PU,N15_M01_F10_KI07_13,KI07,6203_PU_2905,inner_race,N15_M01_F10,artificial,1499.8493574191439,1.0472322654298982,24.997489290319063,0.25641025641025644,0.022982062780269034,0.004342738077380111,0.0393,0,False,27.83763553877187,False,False,0.0393,0,False,27.83763553877187,False,False
PU,N15_M01_F10_KI07_14,KI07,6203_PU_2905,inner_race,N15_M01_F10,artificial,1499.6299886973147,0.6450150544282124,24.993833144955246,0.25641025641025644,0.022982062780269034,0.004343373341350858,0.0375,0,False,24.55777652278676,False,False,0.0375,0,False,24.55777652278676,False,False
PU,N15_M01_F10_KI07_15,KI07,6203_PU_2905,inner_race,N15_M01_F10,artificial,1499.6450882332927,1.8476630096030107,24.99408480388821,0.25641025641025644,0.022982062780269034,0.004343329609055433,-0.0086,1,False,22.379703559697855,False,False,-0.0086,1,False,22.379703559697855,False,False
PU,N15_M01_F10_KI07_16,KI07,6203_PU_2905,inner_race,N15_M01_F10,artificial,1499.8386465038302,0.798094333984485,24.997310775063838,0.25641025641025644,0.022982062780269034,0.004342769090516013,0.0298,0,False,11.255311622864156,False,False,0.0298,0,False,11.002655308817326,False,False
PU,N15_M01_F10_KI07_17,KI07,6203_PU_2905,inner_race,N15_M01_F10,artificial,1499.4846352530499,0.4957386192127663,24.99141058755083,0.25641025641025644,0.022982062780269034,0.004343794368855944,-0.0084,1,False,27.509054192184166,False,False,-0.0084,1,False,27.509054192184166,False,False
PU,N15_M01_F10_KI07_18,KI07,6203_PU_2905,inner_race,N15_M01_F10,artificial,1499.6343986388958,1.1447035740016693,24.993906643981596,0.25641025641025644,0.022982062780269034,0.004343360568889306,-0.0092,0,False,26.190038045179463,False,False,-0.0092,0,False,26.190038045179463,False,False
PU,N15_M01_F10_KI07_19,KI07,6203_PU_2905,inner_race,N15_M01_F10,artificial,1499.7745569591298,0.5824615417235298,24.996242615985498,0.25641025641025644,0.022982062780269034,0.0043429546691367855,0.0398,0,False,26.3988305006579,False,False,0.0398,0,False,26.3988305006579,False,False
PU,N15_M01_F10_KI07_2,KI07,6203_PU_2905,inner_race,N15_M01_F10,artificial,1499.618142227512,0.6997235513072838,24.993635703791867,0.25641025641025644,0.022982062780269034,0.004343407652512936,0.0408,0,False,25.258684833465164,False,False,0.0408,0,False,25.258684833465164,False,False
PU,N15_M01_F10_KI07_20,KI07,6203_PU_2905,inner_race,N15_M01_F10,artificial,1499.68609295679,0.4169438208072719,24.9947682159465,0.25641025641025644,0.022982062780269034,0.004343210852850042,-0.0091,1,False,24.394776022590484,False,False,-0.0091,1,False,24.394776022590484,False,False
PU,N15_M01_F10_KI07_3,KI07,6203_PU_2905,inner_race,N15_M01_F10,artificial,1499.7316634658857,0.9794056221075996,24.99552772443143,0.25641025641025644,0.022982062780269034,0.004343078881021683,-0.01,1,False,27.109127786168344,False,True,-0.01,1,False,27.109127786168344,False,True
PU,N15_M01_F10_KI07_4,KI07,6203_PU_2905,inner_race,N15_M01_F10,artificial,1500.0895272908035,1.9564597223513402,25.00149212151339,0.25641025641025644,0.022982062780269034,0.004342042788980505,0.0368,0,False,29.245860012443668,False,False,0.0368,0,False,29.245860012443668,False,False
PU,N15_M01_F10_KI07_5,KI07,6203_PU_2905,inner_race,N15_M01_F10,artificial,1499.3911819238658,0.887295242795306,24.98985303206443,0.25641025641025644,0.022982062780269034,0.004344065106772743,-0.0066,1,False,21.861454128258114,False,False,-0.0066,1,False,21.861454128258114,False,False
PU,N15_M01_F10_KI07_6,KI07,6203_PU_2905,inner_race,N15_M01_F10,artificial,1499.4449571306716,0.3981454823348367,24.990749285511193,0.25641025641025644,0.022982062780269034,0.004343909313791891,-0.0063,0,False,24.54408245035238,False,False,-0.0063,0,False,24.54408245035238,False,False
PU,N15_M01_F10_KI07_7,KI07,6203_PU_2905,inner_race,N15_M01_F10,artificial,1499.264612669538,1.6454410501861407,24.9877435444923,0.25641025641025644,0.022982062780269034,0.004344431836619275,0.0424,1,False,27.67219934735903,False,False,0.0424,1,False,27.67219934735903,False,False
PU,N15_M01_F10_KI07_8,KI07,6203_PU_2905,inner_race,N15_M01_F10,artificial,1499.6133391166532,0.222525829994588,24.99355565194422,0.25641025641025644,0.022982062780269034,0.004343421564011263,-0.0099,1,False,27.336075426382024,False,False,-0.0099,1,False,27.336075426382024,False,False
PU,N15_M01_F10_KI07_9,KI07,6203_PU_2905,inner_race,N15_M01_F10,artificial,1499.826606842197,0.6542290243666221,24.997110114036616,0.25641025641025644,0.022982062780269034,0.004342803951526054,-0.0088,1,False,27.583655228321255,False,False,-0.0088,1,False,27.583655228321255,False,False
PU,N15_M07_F04_KI07_1,KI07,6203_PU_2905,inner_race,N15_M07_F04,artificial,1499.736107022123,1.4584433491523685,24.99560178370205,0.25641025641025644,0.022982062780269034,0.004343066012947653,0.0376,0,False,24.306292344068538,False,False,0.0376,0,False,24.306292344068538,False,False
PU,N15_M07_F04_KI07_10,KI07,6203_PU_2905,inner_race,N15_M07_F04,artificial,1499.5502851421165,0.6070332795815504,24.99250475236861,0.25641025641025644,0.022982062780269034,0.004343604198762103,-0.0071,1,False,23.912618361195914,False,False,-0.0071,1,False,23.912618361195914,False,False
PU,N15_M07_F04_KI07_11,KI07,6203_PU_2905,inner_race,N15_M07_F04,artificial,1499.5187018027186,0.4848881298956333,24.991978363378642,0.25641025641025644,0.022982062780269034,0.004343695685134001,-0.0087,1,False,23.568193183603523,False,False,-0.0087,1,False,23.568193183603523,False,False
PU,N15_M07_F04_KI07_12,KI07,6203_PU_2905,inner_race,N15_M07_F04,artificial,1499.5206704046996,1.67267323790606,24.992011173411658,0.25641025641025644,0.022982062780269034,0.004343689982639797,-0.0099,1,False,22.74535574540234,False,False,-0.0099,1,False,22.74535574540234,False,False
PU,N15_M07_F04_KI07_13,KI07,6203_PU_2905,inner_race,N15_M07_F04,artificial,1499.5382293786267,1.2241315324728645,24.992303822977114,0.25641025641025644,0.022982062780269034,0.004343639119822391,-0.0077,1,False,27.050577983868592,False,False,-0.0077,1,False,27.050577983868592,False,False
PU,N15_M07_F04_KI07_14,KI07,6203_PU_2905,inner_race,N15_M07_F04,artificial,1499.456495902824,2.531016090958364,24.9909415983804,0.25641025641025644,0.022982062780269034,0.004343875886093282,-0.007,1,False,26.02271693662356,False,False,-0.007,1,False,26.02271693662356,False,False
PU,N15_M07_F04_KI07_15,KI07,6203_PU_2905,inner_race,N15_M07_F04,artificial,1499.3504412951459,2.0889337751680235,24.989174021585765,0.25641025641025644,0.022982062780269034,0.004344183144516805,0.0414,1,False,25.819158620045346,False,False,0.0414,1,False,25.819158620045346,False,False
PU,N15_M07_F04_KI07_16,KI07,6203_PU_2905,inner_race,N15_M07_F04,artificial,1499.3274989153165,1.3729907520328872,24.98879164858861,0.25641025641025644,0.022982062780269034,0.004344249618252412,0.0424,1,False,24.962905389790855,False,False,0.0424,1,False,24.962905389790855,False,False
PU,N15_M07_F04_KI07_17,KI07,6203_PU_2905,inner_race,N15_M07_F04,artificial,1499.8425812468206,1.1676643784951857,24.997376354113676,0.25641025641025644,0.022982062780269034,0.004342757697533542,-0.0097,1,False,22.328646488394885,False,False,-0.0097,1,False,22.328646488394885,False,False
PU,N15_M07_F04_KI07_18,KI07,6203_PU_2905,inner_race,N15_M07_F04,artificial,1499.8812933403983,0.9735097897099193,24.998021555673304,0.25641025641025644,0.022982062780269034,0.004342645610501642,-0.0083,1,False,24.2948192098889,False,False,-0.0083,1,False,24.2948192098889,False,False
PU,N15_M07_F04_KI07_19,KI07,6203_PU_2905,inner_race,N15_M07_F04,artificial,1499.344883332713,0.6273909749266198,24.98908138887855,0.25641025641025644,0.022982062780269034,0.004344199248087763,0.0542,0,False,23.580419706968502,False,False,0.0542,0,False,23.580419706968502,False,False
PU,N15_M07_F04_KI07_2,KI07,6203_PU_2905,inner_race,N15_M07_F04,artificial,1499.7894653408403,1.180101602308617,24.996491089014004,0.25641025641025644,0.022982062780269034,0.004342911498793577,-0.0097,1,False,24.172741882968165,False,False,-0.0097,1,False,24.172741882968165,False,False
PU,N15_M07_F04_KI07_20,KI07,6203_PU_2905,inner_race,N15_M07_F04,artificial,1499.470349015606,0.8067670190101411,24.991172483593434,0.25641025641025644,0.022982062780269034,0.004343835754454399,-0.0092,1,False,24.260096520854688,False,False,-0.0092,1,False,24.260096520854688,False,False
PU,N15_M07_F04_KI07_3,KI07,6203_PU_2905,inner_race,N15_M07_F04,artificial,1499.5209616040274,0.3444524187614228,24.99201602673379,0.25641025641025644,0.022982062780269034,0.004343689139117342,-0.0073,1,False,24.139033602683533,False,False,-0.0073,1,False,24.139033602683533,False,False
PU,N15_M07_F04_KI07_4,KI07,6203_PU_2905,inner_race,N15_M07_F04,artificial,1499.4842115820663,0.40508420237310594,24.991403526367773,0.25641025641025644,0.022982062780269034,0.004343795596171055,-0.0095,1,False,23.75617704077402,False,False,-0.0095,1,False,23.75617704077402,False,False
PU,N15_M07_F04_KI07_5,KI07,6203_PU_2905,inner_race,N15_M07_F04,artificial,1499.603407235075,1.0405385404511562,24.993390120584586,0.25641025641025644,0.022982062780269034,0.004343450330516066,0.0408,0,False,26.155499323741346,False,False,0.0408,0,False,26.155499323741346,False,False
PU,N15_M07_F04_KI07_6,KI07,6203_PU_2905,inner_race,N15_M07_F04,artificial,1499.050836055927,0.7255588287425697,24.984180600932117,0.25641025641025644,0.022982062780269034,0.004345051387273434,-0.0094,1,False,23.912711858408134,False,False,-0.0094,1,False,23.912711858408134,False,False
PU,N15_M07_F04_KI07_7,KI07,6203_PU_2905,inner_race,N15_M07_F04,artificial,1499.597040362926,0.8797939288330809,24.993284006048768,0.25641025641025644,0.022982062780269034,0.004343468771598702,-0.0095,1,False,22.527278026490187,False,False,-0.0095,1,False,22.527278026490187,False,False
PU,N15_M07_F04_KI07_8,KI07,6203_PU_2905,inner_race,N15_M07_F04,artificial,1499.181960969389,1.5029659879103119,24.98636601615648,0.25641025641025644,0.022982062780269034,0.004344671350358652,-0.0093,1,False,23.011364848766007,False,False,-0.0093,1,False,23.011364848766007,False,False
PU,N15_M07_F04_KI07_9,KI07,6203_PU_2905,inner_race,N15_M07_F04,artificial,1499.8686078220135,1.465591885298559,24.99781013036689,0.25641025641025644,0.022982062780269034,0.0043426823395260675,0.0384,0,False,29.06848736095459,False,False,0.0384,0,False,29.06848736095459,False,False
PU,N15_M07_F10_KI07_1,KI07,6203_PU_2905,inner_race,N15_M07_F10,artificial,1499.2716710953018,2.1788181538427907,24.987861184921698,0.25641025641025644,0.022982062780269034,0.004344411383455118,-0.0069,1,False,22.320925954386446,False,False,-0.0069,1,False,22.320925954386446,False,False
PU,N15_M07_F10_KI07_10,KI07,6203_PU_2905,inner_race,N15_M07_F10,artificial,1499.5038157781778,0.5996665469047493,24.99173026296963,0.25641025641025644,0.022982062780269034,0.004343738806305075,-0.0072,1,False,23.133228383795764,False,False,-0.0072,1,False,23.133228383795764,False,False
PU,N15_M07_F10_KI07_11,KI07,6203_PU_2905,inner_race,N15_M07_F10,artificial,1499.5453419062692,0.8768617154319823,24.992422365104485,0.25641025641025644,0.022982062780269034,0.004343618517408818,0.0392,0,False,30.998247009652044,False,False,0.0392,0,False,30.998247009652044,False,False
PU,N15_M07_F10_KI07_12,KI07,6203_PU_2905,inner_race,N15_M07_F10,artificial,1499.6864302169624,0.8556717527426615,24.994773836949374,0.25641025641025644,0.022982062780269034,0.004343209876117832,0.0407,2,True,43.97567380107896,False,False,0.0407,2,True,43.97567380107896,False,False
PU,N15_M07_F10_KI07_13,KI07,6203_PU_2905,inner_race,N15_M07_F10,artificial,1499.8346120255735,0.7091874631478283,24.99724353375956,0.25641025641025644,0.022982062780269034,0.004342780772342348,0.041,1,False,30.027499008686405,False,False,0.041,1,False,30.027499008686405,False,False
PU,N15_M07_F10_KI07_14,KI07,6203_PU_2905,inner_race,N15_M07_F10,artificial,1499.321662345672,1.5836273633491227,24.988694372427865,0.25641025641025644,0.022982062780269034,0.004344266529577104,-0.0058,1,False,24.619719687488185,False,False,-0.0058,1,False,24.619719687488185,False,False
PU,N15_M07_F10_KI07_15,KI07,6203_PU_2905,inner_race,N15_M07_F10,artificial,1499.742487777962,1.3281641830646242,24.9957081296327,0.25641025641025644,0.022982062780269034,0.004343047535079588,0.0398,0,False,28.565226108116,False,False,0.0398,0,False,28.565226108116,False,False
PU,N15_M07_F10_KI07_16,KI07,6203_PU_2905,inner_race,N15_M07_F10,artificial,1499.411121838875,1.9121890618355484,24.99018536398125,0.25641025641025644,0.022982062780269034,0.004344007337233913,-0.0058,1,False,24.173679373994084,False,False,-0.0058,1,False,24.173679373994084,False,False
PU,N15_M07_F10_KI07_17,KI07,6203_PU_2905,inner_race,N15_M07_F10,artificial,1499.556173263535,1.6474083143549976,24.99260288772558,0.25641025641025644,0.022982062780269034,0.004343587143269704,-0.0082,1,False,25.009498065347998,False,False,-0.0082,1,False,25.009498065347998,False,False
PU,N15_M07_F10_KI07_18,KI07,6203_PU_2905,inner_race,N15_M07_F10,artificial,1499.7401111874683,2.3114815080517284,24.99566851979114,0.25641025641025644,0.022982062780269034,0.004343054417368998,0.039,0,False,25.96375727843281,False,False,0.039,0,False,25.96375727843281,False,False
PU,N15_M07_F10_KI07_19,KI07,6203_PU_2905,inner_race,N15_M07_F10,artificial,1499.492329087904,0.7956931246895991,24.991538818131733,0.25641025641025644,0.022982062780269034,0.004343772081021677,0.0408,0,False,33.645286273473154,False,False,0.0408,0,False,33.645286273473154,False,False
PU,N15_M07_F10_KI07_2,KI07,6203_PU_2905,inner_race,N15_M07_F10,artificial,1499.7815861485667,0.5431123141898292,24.996359769142778,0.25641025641025644,0.022982062780269034,0.004342934314538912,-0.0059,1,False,22.02320653018272,False,False,-0.0059,1,False,22.02320653018272,False,False
PU,N15_M07_F10_KI07_20,KI07,6203_PU_2905,inner_race,N15_M07_F10,artificial,1498.8451410054147,1.8497086695495364,24.980752350090246,0.25641025641025644,0.022982062780269034,0.004345647683408459,0.04,0,False,23.516763920467213,False,False,0.04,0,False,23.516763920467213,False,False
PU,N15_M07_F10_KI07_3,KI07,6203_PU_2905,inner_race,N15_M07_F10,artificial,1499.591463909332,0.586406149785022,24.993191065155536,0.25641025641025644,0.022982062780269034,0.0043434849234324675,0.0416,1,False,38.1384471671482,False,False,0.0416,1,False,38.1384471671482,False,False
PU,N15_M07_F10_KI07_4,KI07,6203_PU_2905,inner_race,N15_M07_F10,artificial,1499.4015326628883,2.5946246678168814,24.99002554438147,0.25641025641025644,0.022982062780269034,0.004344035118618644,-0.0059,1,False,24.234720068664306,False,False,-0.0059,1,False,24.234720068664306,False,False
PU,N15_M07_F10_KI07_5,KI07,6203_PU_2905,inner_race,N15_M07_F10,artificial,1499.4854624480288,0.39025298411719206,24.991424374133814,0.25641025641025644,0.022982062780269034,0.004343791972590704,0.0394,0,False,23.65685921126797,False,False,0.0394,0,False,23.65685921126797,False,False
PU,N15_M07_F10_KI07_6,KI07,6203_PU_2905,inner_race,N15_M07_F10,artificial,1499.6230044833503,1.4167407383879103,24.99371674138917,0.25641025641025644,0.022982062780269034,0.004343393569800711,-0.0085,1,False,24.17019535570212,False,False,-0.0085,1,False,24.17019535570212,False,False
PU,N15_M07_F10_KI07_7,KI07,6203_PU_2905,inner_race,N15_M07_F10,artificial,1499.4084225390336,0.9065861574268502,24.99014037565056,0.25641025641025644,0.022982062780269034,0.004344015157503655,-0.0079,1,False,24.67205020441845,False,False,-0.0079,1,False,24.67205020441845,False,False
PU,N15_M07_F10_KI07_8,KI07,6203_PU_2905,inner_race,N15_M07_F10,artificial,1499.5218064361586,0.4681295703640171,24.99203010726931,0.25641025641025644,0.022982062780269034,0.004343686691878405,-0.0063,0,False,23.530405336930748,False,False,-0.0063,0,False,23.530405336930748,False,False
PU,N15_M07_F10_KI07_9,KI07,6203_PU_2905,inner_race,N15_M07_F10,artificial,1499.5433624591203,1.1054852121578398,24.992389374318673,0.25641025641025644,0.022982062780269034,0.004343624251129832,-0.0056,1,False,25.251318912024182,False,False,-0.0056,1,False,25.251318912024182,False,False
PU,N09_M07_F10_KI08_1,KI08,6203_PU_2905,inner_race,N09_M07_F10,artificial,899.3661476839186,0.7321448359892079,14.989435794731977,0.25641025641025644,0.022982062780269034,0.00724227049413845,0.0517,1,False,23.2709780621325,False,False,0.0517,1,False,23.2709780621325,False,False
PU,N09_M07_F10_KI08_10,KI08,6203_PU_2905,inner_race,N09_M07_F10,artificial,899.9254941154709,1.4423559885864234,14.998758235257847,0.25641025641025644,0.022982062780269034,0.007237769079094958,0.048,1,False,28.380923516787767,False,False,0.048,1,False,28.380923516787767,False,False
PU,N09_M07_F10_KI08_11,KI08,6203_PU_2905,inner_race,N09_M07_F10,artificial,899.8188646264236,0.8522360404781817,14.99698107710706,0.25641025641025644,0.022982062780269034,0.007238626762401105,0.0482,1,False,25.242161882710676,False,False,0.0482,1,False,25.242161882710676,False,False
PU,N09_M07_F10_KI08_12,KI08,6203_PU_2905,inner_race,N09_M07_F10,artificial,899.2776433449649,1.1959513819296783,14.987960722416082,0.25641025641025644,0.022982062780269034,0.007242983257729706,0.0525,1,False,23.518609075525106,False,False,0.0525,1,False,23.518609075525106,False,False
PU,N09_M07_F10_KI08_13,KI08,6203_PU_2905,inner_race,N09_M07_F10,artificial,899.4173621999879,0.8234284218101516,14.990289369999799,0.25641025641025644,0.022982062780269034,0.007241858105636527,0.049,1,False,25.176335221177666,False,False,0.049,1,False,25.176335221177666,False,False
PU,N09_M07_F10_KI08_14,KI08,6203_PU_2905,inner_race,N09_M07_F10,artificial,899.6174647164611,0.6644624172799978,14.993624411941019,0.25641025641025644,0.022982062780269034,0.007240247294277572,0.0483,1,False,24.503799687790362,False,False,0.0483,1,False,24.503799687790362,False,False
PU,N09_M07_F10_KI08_15,KI08,6203_PU_2905,inner_race,N09_M07_F10,artificial,899.7371708896209,0.9691541948949531,14.995619514827014,0.25641025641025644,0.022982062780269034,0.007239284010416051,0.0552,1,False,24.659453212554737,False,False,0.0552,1,False,24.659453212554737,False,False
PU,N09_M07_F10_KI08_16,KI08,6203_PU_2905,inner_race,N09_M07_F10,artificial,899.5589888109424,1.2922277994273985,14.992649813515706,0.25641025641025644,0.022982062780269034,0.00724071794714412,-0.0077,0,False,29.29357405735514,False,False,-0.0077,0,False,29.29357405735514,False,False
PU,N09_M07_F10_KI08_17,KI08,6203_PU_2905,inner_race,N09_M07_F10,artificial,899.4689374131327,0.8783312851371852,14.991148956885546,0.25641025641025644,0.022982062780269034,0.007241442860195771,0.0541,1,False,26.263256946375225,False,False,0.0541,1,False,26.263256946375225,False,False
PU,N09_M07_F10_KI08_18,KI08,6203_PU_2905,inner_race,N09_M07_F10,artificial,900.0100101532026,0.7871946071216781,15.000166835886711,0.25641025641025644,0.022982062780269034,0.007237089411582729,-0.0088,0,False,26.30809095013799,False,False,-0.0088,0,False,26.30809095013799,False,False
PU,N09_M07_F10_KI08_19,KI08,6203_PU_2905,inner_race,N09_M07_F10,artificial,899.7105281472068,0.559104687911869,14.995175469120113,0.25641025641025644,0.022982062780269034,0.007239498384231982,0.0487,0,False,21.273688342716863,False,False,0.0487,0,False,21.273688342716863,False,False
PU,N09_M07_F10_KI08_2,KI08,6203_PU_2905,inner_race,N09_M07_F10,artificial,899.2736082821281,1.3204675806991475,14.987893471368801,0.25641025641025644,0.022982062780269034,0.007243015757174038,-0.0065,1,False,24.660977826449276,False,False,-0.0065,1,False,24.660977826449276,False,False
PU,N09_M07_F10_KI08_20,KI08,6203_PU_2905,inner_race,N09_M07_F10,artificial,899.9949054424718,0.9397288983503044,14.999915090707864,0.25641025641025644,0.022982062780269034,0.007237210872428155,0.0522,1,False,24.428514293073906,False,False,0.0522,1,False,24.428514293073906,False,False
PU,N09_M07_F10_KI08_3,KI08,6203_PU_2905,inner_race,N09_M07_F10,artificial,899.8585418189581,1.048651384176417,14.997642363649302,0.25641025641025644,0.022982062780269034,0.007238307591804406,0.0485,1,False,27.875224716739908,False,False,0.0485,1,False,27.875224716739908,False,False
PU,N09_M07_F10_KI08_4,KI08,6203_PU_2905,inner_race,N09_M07_F10,artificial,899.5117152925317,0.8911289736267478,14.991861921542194,0.25641025641025644,0.022982062780269034,0.007241098480501676,0.0481,1,False,28.038854343952575,False,False,0.0481,1,False,28.038854343952575,False,False
PU,N09_M07_F10_KI08_5,KI08,6203_PU_2905,inner_race,N09_M07_F10,artificial,899.6158247720991,0.6669994343983274,14.993597079534986,0.25641025641025644,0.022982062780269034,0.007240260492803435,0.0547,1,False,24.225466582352603,False,False,0.0547,1,False,24.225466582352603,False,False
PU,N09_M07_F10_KI08_6,KI08,6203_PU_2905,inner_race,N09_M07_F10,artificial,899.673360593691,1.2189419148616765,14.994556009894849,0.25641025641025644,0.022982062780269034,0.007239797464381968,0.0478,1,False,23.185463271012203,False,False,0.0478,1,False,23.185463271012203,False,False
PU,N09_M07_F10_KI08_7,KI08,6203_PU_2905,inner_race,N09_M07_F10,artificial,899.8062502277731,1.3087754435378318,14.996770837129553,0.25641025641025644,0.022982062780269034,0.007238728240828976,0.0472,1,False,23.752640874178155,False,False,0.0472,1,False,23.752640874178155,False,False
PU,N09_M07_F10_KI08_8,KI08,6203_PU_2905,inner_race,N09_M07_F10,artificial,899.8043451802488,1.0556228834146881,14.99673908633748,0.25641025641025644,0.022982062780269034,0.007238743566517711,0.0479,1,False,24.510603015721948,False,False,0.0479,1,False,24.510603015721948,False,False
PU,N09_M07_F10_KI08_9,KI08,6203_PU_2905,inner_race,N09_M07_F10,artificial,899.7642150327357,1.1015666266927961,14.996070250545595,0.25641025641025644,0.022982062780269034,0.007239066419818921,0.0476,1,False,26.125674932833654,False,False,0.0476,1,False,26.125674932833654,False,False
PU,N15_M01_F10_KI08_1,KI08,6203_PU_2905,inner_race,N15_M01_F10,artificial,1499.7206669152783,1.267891007897033,24.99534444858797,0.25641025641025644,0.022982062780269034,0.004343110726209765,-0.0092,1,False,25.98162826663291,False,False,-0.0092,1,False,25.98162826663291,False,False
PU,N15_M01_F10_KI08_10,KI08,6203_PU_2905,inner_race,N15_M01_F10,artificial,1499.60678545524,0.8985228605799966,24.993446424254,0.25641025641025644,0.022982062780269034,0.004343440545863427,-0.009,1,False,22.019046857140474,False,False,-0.009,1,False,22.019046857140474,False,False
PU,N15_M01_F10_KI08_11,KI08,6203_PU_2905,inner_race,N15_M01_F10,artificial,1499.3853093463251,0.79476199723011,24.989755155772084,0.25641025641025644,0.022982062780269034,0.004344082120984515,0.038,1,False,29.322991000257115,False,False,0.038,1,False,29.322991000257115,False,False
PU,N15_M01_F10_KI08_12,KI08,6203_PU_2905,inner_race,N15_M01_F10,artificial,1499.530265086431,0.3280325534429278,24.99217108477385,0.25641025641025644,0.022982062780269034,0.004343662189720978,-0.0094,1,False,24.11211682435172,False,False,-0.0094,1,False,24.11211682435172,False,False
PU,N15_M01_F10_KI08_13,KI08,6203_PU_2905,inner_race,N15_M01_F10,artificial,1499.3789697820719,1.2975919223981103,24.989649496367864,0.25641025641025644,0.022982062780269034,0.0043441004883141105,-0.0088,0,False,26.64649981611867,False,False,-0.0088,0,False,26.64649981611867,False,False
PU,N15_M01_F10_KI08_14,KI08,6203_PU_2905,inner_race,N15_M01_F10,artificial,1499.359524723299,0.6006391342437747,24.989325412054985,0.25641025641025644,0.022982062780269034,0.004344156826562488,-0.0071,1,False,22.257142932771465,False,False,-0.0071,1,False,22.257142932771465,False,False
PU,N15_M01_F10_KI08_15,KI08,6203_PU_2905,inner_race,N15_M01_F10,artificial,1499.6588566627966,0.7294322178994206,24.994314277713276,0.25641025641025644,0.022982062780269034,0.0043432897327680565,-0.0065,0,False,24.1906443262867,False,False,-0.0065,0,False,24.1906443262867,False,False
PU,N15_M01_F10_KI08_16,KI08,6203_PU_2905,inner_race,N15_M01_F10,artificial,1499.6931555506528,0.6629768823182076,24.994885925844212,0.25641025641025644,0.022982062780269034,0.004343190399109754,-0.0077,1,False,26.58232098088156,False,False,-0.0077,1,False,26.58232098088156,False,False
PU,N15_M01_F10_KI08_17,KI08,6203_PU_2905,inner_race,N15_M01_F10,artificial,1499.3152844823428,1.3344360196868725,24.988588074705714,0.25641025641025644,0.022982062780269034,0.0043442850094381966,-0.0089,1,False,31.438669375090512,False,False,-0.0089,1,False,31.438669375090512,False,False
PU,N15_M01_F10_KI08_18,KI08,6203_PU_2905,inner_race,N15_M01_F10,artificial,1499.4635281254104,0.8665551163598677,24.991058802090173,0.25641025641025644,0.022982062780269034,0.004343855514072526,-0.0089,1,False,25.951250194817348,False,False,-0.0089,1,False,25.951250194817348,False,False
PU,N15_M01_F10_KI08_19,KI08,6203_PU_2905,inner_race,N15_M01_F10,artificial,1499.6381312601027,0.6363069748585253,24.993968854335044,0.25641025641025644,0.022982062780269034,0.004343349758201427,0.0379,0,False,26.889217944455435,False,False,0.0379,0,False,26.889217944455435,False,False
PU,N15_M01_F10_KI08_2,KI08,6203_PU_2905,inner_race,N15_M01_F10,artificial,1499.4501076353,1.077533547736895,24.990835127255,0.25641025641025644,0.022982062780269034,0.004343894392771904,0.0418,0,False,32.25869094123543,False,False,0.0418,0,False,32.25869094123543,False,False
PU,N15_M01_F10_KI08_20,KI08,6203_PU_2905,inner_race,N15_M01_F10,artificial,1499.761562390863,0.4945495748453638,24.996026039847717,0.25641025641025644,0.022982062780269034,0.004342992298332214,-0.0071,0,False,23.92983701354552,False,False,-0.0071,0,False,23.92983701354552,False,False
PU,N15_M01_F10_KI08_3,KI08,6203_PU_2905,inner_race,N15_M01_F10,artificial,1499.3980497464026,1.4037019808777396,24.989967495773378,0.25641025641025644,0.022982062780269034,0.004344045209275713,0.041,1,False,25.807409571048378,False,False,0.041,1,False,25.807409571048378,False,False
PU,N15_M01_F10_KI08_4,KI08,6203_PU_2905,inner_race,N15_M01_F10,artificial,1499.97419756354,1.154078228002964,24.999569959392332,0.25641025641025644,0.022982062780269034,0.0043423766391303496,-0.0094,1,False,26.91057847494153,False,False,-0.0094,1,False,26.91057847494153,False,False
PU,N15_M01_F10_KI08_5,KI08,6203_PU_2905,inner_race,N15_M01_F10,artificial,1499.6018986092797,0.7424217606284219,24.99336497682133,0.25641025641025644,0.022982062780269034,0.004343454700103232,0.0388,0,False,27.015121619967125,False,False,0.0388,0,False,27.015121619967125,False,False
PU,N15_M01_F10_KI08_6,KI08,6203_PU_2905,inner_race,N15_M01_F10,artificial,1499.6915316389461,0.9435278612521171,24.994858860649103,0.25641025641025644,0.022982062780269034,0.004343195102048715,-0.0073,1,False,26.291196319471556,False,False,-0.0073,1,False,26.291196319471556,False,False
PU,N15_M01_F10_KI08_7,KI08,6203_PU_2905,inner_race,N15_M01_F10,artificial,1499.5988792266958,1.1880452485336028,24.993314653778263,0.25641025641025644,0.022982062780269034,0.004343463445476183,-0.009,1,False,27.008132753267354,False,False,-0.009,1,False,27.008132753267354,False,False
PU,N15_M01_F10_KI08_8,KI08,6203_PU_2905,inner_race,N15_M01_F10,artificial,1499.7681860018488,1.432647891307877,24.996136433364146,0.25641025641025644,0.022982062780269034,0.004342973117840344,0.0374,0,False,26.377688812775997,False,False,0.0374,0,False,26.377688812775997,False,False
PU,N15_M01_F10_KI08_9,KI08,6203_PU_2905,inner_race,N15_M01_F10,artificial,1499.6465436546869,0.9129326350955169,24.99410906091145,0.25641025641025644,0.022982062780269034,0.004343325393812273,-0.009,0,False,22.55906504683345,False,False,-0.009,0,False,22.55906504683345,False,False
PU,N15_M07_F04_KI08_1,KI08,6203_PU_2905,inner_race,N15_M07_F04,artificial,1499.601493458014,1.4279228338131784,24.99335822430023,0.25641025641025644,0.022982062780269034,0.004343455873585773,-0.0073,0,False,15.346190184429679,False,False,-0.0073,0,False,15.346190184429679,False,False
PU,N15_M07_F04_KI08_10,KI08,6203_PU_2905,inner_race,N15_M07_F04,artificial,1499.5229802537892,0.8731748715257158,24.99204967089649,0.25641025641025644,0.022982062780269034,0.004343683291666412,-0.0083,1,False,24.62873170910335,False,False,-0.0083,1,False,24.62873170910335,False,False
PU,N15_M07_F04_KI08_11,KI08,6203_PU_2905,inner_race,N15_M07_F04,artificial,1499.5553476719829,1.4892449249109738,24.99258912786638,0.25641025641025644,0.022982062780269034,0.004343589534664498,0.0257,0,False,33.01227362895601,True,False,0.0257,0,False,23.507031947815847,True,False
PU,N15_M07_F04_KI08_12,KI08,6203_PU_2905,inner_race,N15_M07_F04,artificial,1499.3874329392313,0.9126760636755681,24.989790548987187,0.25641025641025644,0.022982062780269034,0.004344075968430629,0.0417,0,False,28.92995567882716,False,False,0.0417,0,False,28.92995567882716,False,False
PU,N15_M07_F04_KI08_13,KI08,6203_PU_2905,inner_race,N15_M07_F04,artificial,1499.6520933359984,0.9709382353190475,24.994201555599975,0.25641025641025644,0.022982062780269034,0.004343309320703133,-0.007,1,False,21.993021071864025,False,False,-0.007,1,False,21.993021071864025,False,False
PU,N15_M07_F04_KI08_14,KI08,6203_PU_2905,inner_race,N15_M07_F04,artificial,1499.6965444661744,0.7207372647871193,24.994942407769575,0.25641025641025644,0.022982062780269034,0.004343180584654016,-0.0069,1,False,22.4279338767281,False,False,-0.0069,1,False,22.4279338767281,False,False
PU,N15_M07_F04_KI08_15,KI08,6203_PU_2905,inner_race,N15_M07_F04,artificial,1499.378720405777,1.354883464809354,24.98964534009628,0.25641025641025644,0.022982062780269034,0.004344101210823821,-0.0077,1,False,23.075021646199826,False,False,-0.0077,1,False,23.075021646199826,False,False
PU,N15_M07_F04_KI08_16,KI08,6203_PU_2905,inner_race,N15_M07_F04,artificial,1499.7372869652072,0.5735076090064807,24.99562144942012,0.25641025641025644,0.022982062780269034,0.004343062595968726,-0.007,1,False,22.695548643768788,False,False,-0.007,1,False,22.695548643768788,False,False
PU,N15_M07_F04_KI08_17,KI08,6203_PU_2905,inner_race,N15_M07_F04,artificial,1499.5208001903013,0.6465081763987366,24.99201333650502,0.25641025641025644,0.022982062780269034,0.004343689606687414,0.0392,0,False,28.22087094712563,False,False,0.0392,0,False,28.22087094712563,False,False
PU,N15_M07_F04_KI08_18,KI08,6203_PU_2905,inner_race,N15_M07_F04,artificial,1499.4713765007232,0.5930603830043379,24.991189608345387,0.25641025641025644,0.022982062780269034,0.004343832777921029,0.0369,1,False,25.23191656587392,False,False,0.0369,1,False,25.23191656587392,False,False
PU,N15_M07_F04_KI08_19,KI08,6203_PU_2905,inner_race,N15_M07_F04,artificial,1499.6804754575173,0.6142793907365696,24.99467459095862,0.25641025641025644,0.022982062780269034,0.004343227121638098,-0.0086,1,False,24.145119556963373,False,False,-0.0086,1,False,24.145119556963373,False,False
PU,N15_M07_F04_KI08_2,KI08,6203_PU_2905,inner_race,N15_M07_F04,artificial,1499.6307403851238,1.1722144456453618,24.993845673085396,0.25641025641025644,0.022982062780269034,0.004343371164241053,-0.0094,1,False,21.87601641580442,False,False,-0.0094,1,False,21.87601641580442,False,False
PU,N15_M07_F04_KI08_20,KI08,6203_PU_2905,inner_race,N15_M07_F04,artificial,1499.5442551639096,0.9409120146559332,24.992404252731827,0.25641025641025644,0.022982062780269034,0.0043436216652947305,-0.0092,1,False,26.27177612646831,False,False,-0.0092,1,False,26.27177612646831,False,False
PU,N15_M07_F04_KI08_3,KI08,6203_PU_2905,inner_race,N15_M07_F04,artificial,1499.649822339395,0.9409235952036943,24.994163705656586,0.25641025641025644,0.022982062780269034,0.00434331589799909,0.0399,0,False,13.181434461964296,False,False,0.0399,0,False,13.181434461964296,False,False
PU,N15_M07_F04_KI08_4,KI08,6203_PU_2905,inner_race,N15_M07_F04,artificial,1499.8861868089675,0.6161539796676271,24.99810311348279,0.25641025641025644,0.022982062780269034,0.0043426314423600934,-0.0098,1,False,23.93501205457496,False,False,-0.0098,1,False,23.93501205457496,False,False
PU,N15_M07_F04_KI08_5,KI08,6203_PU_2905,inner_race,N15_M07_F04,artificial,1499.6504563562369,1.1032670860410725,24.99417427260395,0.25641025641025644,0.022982062780269034,0.0043433140617475715,-0.0098,1,False,24.128647790591636,False,False,-0.0098,1,False,24.128647790591636,False,False
PU,N15_M07_F04_KI08_6,KI08,6203_PU_2905,inner_race,N15_M07_F04,artificial,1499.7412439752516,1.4316996200331444,24.995687399587528,0.25641025641025644,0.022982062780269034,0.004343051136963791,-0.0095,0,False,23.256174581419256,False,False,-0.0095,0,False,23.256174581419256,False,False
PU,N15_M07_F04_KI08_7,KI08,6203_PU_2905,inner_race,N15_M07_F04,artificial,1499.3927849643057,1.0996652585334061,24.989879749405095,0.25641025641025644,0.022982062780269034,0.004344060462417968,-0.0067,1,False,26.06516600260828,False,False,-0.0067,1,False,26.06516600260828,False,False
PU,N15_M07_F04_KI08_8,KI08,6203_PU_2905,inner_race,N15_M07_F04,artificial,1499.4086841899762,0.8336352001579518,24.9901447364996,0.25641025641025644,0.022982062780269034,0.004344014399461053,-0.009,1,False,24.365298775100783,False,False,-0.009,1,False,24.365298775100783,False,False
PU,N15_M07_F04_KI08_9,KI08,6203_PU_2905,inner_race,N15_M07_F04,artificial,1499.6126785441643,0.92693552120966,24.99354464240274,0.25641025641025644,0.022982062780269034,0.0043434234772684885,0.0412,0,False,27.311667641892996,False,False,0.0412,0,False,27.311667641892996,False,False
PU,N15_M07_F10_KI08_1,KI08,6203_PU_2905,inner_race,N15_M07_F10,artificial,1500.1036780437764,1.1044410375634552,25.001727967396274,0.25641025641025644,0.022982062780269034,0.004342001829694954,0.0407,0,False,24.03471769059112,False,False,0.0407,0,False,24.03471769059112,False,False
PU,N15_M07_F10_KI08_10,KI08,6203_PU_2905,inner_race,N15_M07_F10,artificial,1499.7947267353711,1.9798174921970535,24.996578778922853,0.25641025641025644,0.022982062780269034,0.00434289626352811,-0.0063,1,False,24.298939837009726,False,False,-0.0063,1,False,24.298939837009726,False,False
PU,N15_M07_F10_KI08_11,KI08,6203_PU_2905,inner_race,N15_M07_F10,artificial,1499.6352408925056,0.9582381867524292,24.99392068154176,0.25641025641025644,0.022982062780269034,0.004343358129488699,-0.0078,0,False,23.228886261628112,False,False,-0.0078,0,False,23.228886261628112,False,False
PU,N15_M07_F10_KI08_12,KI08,6203_PU_2905,inner_race,N15_M07_F10,artificial,1499.4530140558581,0.6310560946713919,24.990883567597635,0.25641025641025644,0.022982062780269034,0.0043438859729122295,0.0418,0,False,26.586328390584356,False,False,0.0418,0,False,26.586328390584356,False,False
PU,N15_M07_F10_KI08_13,KI08,6203_PU_2905,inner_race,N15_M07_F10,artificial,1499.476045585114,1.0520465407126536,24.991267426418567,0.25641025641025644,0.022982062780269034,0.004343819252048523,-0.0078,1,False,24.010166155458876,False,False,-0.0078,1,False,24.010166155458876,False,False
PU,N15_M07_F10_KI08_14,KI08,6203_PU_2905,inner_race,N15_M07_F10,artificial,1499.4296432348249,0.39304929059212546,24.990494053913746,0.25641025641025644,0.022982062780269034,0.004343953678777671,0.0418,1,False,31.670683232299204,False,False,0.0418,1,False,31.670683232299204,False,False
PU,N15_M07_F10_KI08_15,KI08,6203_PU_2905,inner_race,N15_M07_F10,artificial,1499.4702871612692,0.8206944962185261,24.99117145268782,0.25641025641025644,0.022982062780269034,0.0043438359336410645,-0.0082,1,False,28.328676881984393,False,False,-0.0082,1,False,28.328676881984393,False,False
PU,N15_M07_F10_KI08_16,KI08,6203_PU_2905,inner_race,N15_M07_F10,artificial,1499.4763149573862,0.8298245769726592,24.991271915956435,0.25641025641025644,0.022982062780269034,0.004343818471706446,-0.0075,1,False,24.467096912775936,False,False,-0.0075,1,False,24.467096912775936,False,False
PU,N15_M07_F10_KI08_17,KI08,6203_PU_2905,inner_race,N15_M07_F10,artificial,1499.7138532461474,0.7109531494076219,24.995230887435792,0.25641025641025644,0.022982062780269034,0.004343130458320275,-0.0082,1,False,22.925233168534564,False,False,-0.0082,1,False,22.925233168534564,False,False
PU,N15_M07_F10_KI08_18,KI08,6203_PU_2905,inner_race,N15_M07_F10,artificial,1499.9027470590386,0.7366722886500091,24.998379117650643,0.25641025641025644,0.022982062780269034,0.004342583495876367,-0.0085,1,False,21.866728135068463,False,False,-0.0085,1,False,21.866728135068463,False,False
PU,N15_M07_F10_KI08_19,KI08,6203_PU_2905,inner_race,N15_M07_F10,artificial,1499.6134330150612,0.8901999547217343,24.993557216917687,0.25641025641025644,0.022982062780269034,0.004343421292047595,-0.0064,0,False,22.82276578497789,False,False,-0.0064,0,False,22.82276578497789,False,False
PU,N15_M07_F10_KI08_2,KI08,6203_PU_2905,inner_race,N15_M07_F10,artificial,1499.7873590175511,1.1571223836479432,24.996455983625854,0.25641025641025644,0.022982062780269034,0.004342917598041966,-0.0073,1,False,24.53193090360628,False,False,-0.0073,1,False,24.53193090360628,False,False
PU,N15_M07_F10_KI08_20,KI08,6203_PU_2905,inner_race,N15_M07_F10,artificial,1499.540096056911,0.8327940694743411,24.99233493428185,0.25641025641025644,0.022982062780269034,0.004343633712713345,-0.008,1,False,26.82089385628111,False,False,-0.008,1,False,26.82089385628111,False,False
PU,N15_M07_F10_KI08_3,KI08,6203_PU_2905,inner_race,N15_M07_F10,artificial,1499.5193143355818,0.4636816586442016,24.991988572259697,0.25641025641025644,0.022982062780269034,0.004343693910794497,-0.0047,1,False,24.525226101965167,False,False,-0.0047,1,False,24.525226101965167,False,False
PU,N15_M07_F10_KI08_4,KI08,6203_PU_2905,inner_race,N15_M07_F10,artificial,1499.6026050955122,0.5143103528013682,24.99337675159187,0.25641025641025644,0.022982062780269034,0.004343452653833816,-0.0069,0,False,25.03617823160075,False,False,-0.0069,0,False,25.03617823160075,False,False
PU,N15_M07_F10_KI08_5,KI08,6203_PU_2905,inner_race,N15_M07_F10,artificial,1499.6696027897779,0.9581827917739146,24.99449337982963,0.25641025641025644,0.022982062780269034,0.00434325861021753,-0.0083,0,False,22.2640986756794,False,False,-0.0083,0,False,22.2640986756794,False,False
PU,N15_M07_F10_KI08_6,KI08,6203_PU_2905,inner_race,N15_M07_F10,artificial,1499.685722469559,0.5401195883776617,24.99476204115932,0.25641025641025644,0.022982062780269034,0.004343211925810954,0.0385,1,False,30.104251128022717,False,False,0.0385,1,False,30.104251128022717,False,False
PU,N15_M07_F10_KI08_7,KI08,6203_PU_2905,inner_race,N15_M07_F10,artificial,1499.4905251742352,0.43179854791825273,24.991508752903922,0.25641025641025644,0.022982062780269034,0.00434377730665645,0.0405,0,False,32.635749219533835,False,False,0.0405,0,False,32.635749219533835,False,False
PU,N15_M07_F10_KI08_8,KI08,6203_PU_2905,inner_race,N15_M07_F10,artificial,1499.6716506095715,0.49495646952747224,24.994527510159525,0.25641025641025644,0.022982062780269034,0.004343252679445319,-0.0055,1,False,23.41522933790869,False,False,-0.0055,1,False,23.41522933790869,False,False
PU,N15_M07_F10_KI08_9,KI08,6203_PU_2905,inner_race,N15_M07_F10,artificial,1499.4626653361559,0.9330699447602504,24.991044422269265,0.25641025641025644,0.022982062780269034,0.004343858013522459,0.0416,0,False,33.49324307762541,False,False,0.0416,0,False,33.49324307762541,False,False
PU,N09_M07_F10_KI14_1,KI14,6203_PU_2905,inner_race,N09_M07_F10,real,899.6805745084949,0.8649907211554773,14.994676241808248,0.25641025641025644,0.022982062780269034,0.007239739413465246,0.0216,0,False,42.73759080300778,True,False,0.017,0,False,14.309199669492095,True,False
PU,N09_M07_F10_KI14_10,KI14,6203_PU_2905,inner_race,N09_M07_F10,real,899.708357826901,0.47797103036088356,14.995139297115015,0.25641025641025644,0.022982062780269034,0.007239515847702463,0.0214,0,False,20.126227752271568,True,False,0.0114,0,False,7.46461000803637,False,False
PU,N09_M07_F10_KI14_11,KI14,6203_PU_2905,inner_race,N09_M07_F10,real,899.8226137129957,0.1895087299913228,14.997043561883261,0.25641025641025644,0.022982062780269034,0.007238596602858567,0.0211,0,False,29.7109089442828,True,False,0.0272,0,False,8.324602839041422,True,False
PU,N09_M07_F10_KI14_12,KI14,6203_PU_2905,inner_race,N09_M07_F10,real,899.7038253426883,0.34159489736390636,14.995063755711472,0.25641025641025644,0.022982062780269034,0.007239552318583615,0.0214,0,False,42.85580730677021,True,False,0.0488,0,False,10.410217378851172,False,False
PU,N09_M07_F10_KI14_13,KI14,6203_PU_2905,inner_race,N09_M07_F10,real,899.7808841865648,0.3292803642615052,14.99634806977608,0.25641025641025644,0.022982062780269034,0.007238932310377553,0.0212,1,False,39.48008270897952,True,False,-0.01,0,False,9.975029741307752,False,True
PU,N09_M07_F10_KI14_14,KI14,6203_PU_2905,inner_race,N09_M07_F10,real,899.6397241101919,0.2914707734970279,14.993995401836532,0.25641025641025644,0.022982062780269034,0.007240068151993263,0.024,1,False,41.38811091855321,True,False,0.0152,0,False,7.753708272551957,False,False
PU,N09_M07_F10_KI14_15,KI14,6203_PU_2905,inner_race,N09_M07_F10,real,899.6522841729569,0.49027213121300445,14.994204736215949,0.25641025641025644,0.022982062780269034,0.007239967073263168,0.024,0,False,31.18226448764415,True,False,0.0158,0,False,16.108435084343196,True,False
PU,N09_M07_F10_KI14_16,KI14,6203_PU_2905,inner_race,N09_M07_F10,real,899.7197984525545,0.36346506185904515,14.995329974209243,0.25641025641025644,0.022982062780269034,0.007239423791719177,0.0211,1,False,44.776740155013826,True,False,0.0341,0,False,7.144522408159446,False,False
PU,N09_M07_F10_KI14_17,KI14,6203_PU_2905,inner_race,N09_M07_F10,real,899.8676718779883,0.2988544312005944,14.997794531299805,0.25641025641025644,0.022982062780269034,0.007238234151922458,0.0211,1,False,33.69237505246254,True,False,-0.0065,0,False,8.641090242223768,False,False
PU,N09_M07_F10_KI14_18,KI14,6203_PU_2905,inner_race,N09_M07_F10,real,900.0245438315221,0.6156600793061996,15.000409063858703,0.25641025641025644,0.022982062780269034,0.007236972546403663,0.0247,1,False,35.7273588936055,True,False,0.034,0,False,9.636965933316695,False,False
PU,N09_M07_F10_KI14_19,KI14,6203_PU_2905,inner_race,N09_M07_F10,real,899.7406154539268,0.2325122678955345,14.995676924232113,0.25641025641025644,0.022982062780269034,0.007239256295562598,0.0211,1,False,42.48365813782201,True,False,0.0104,0,False,12.614559533732567,False,False
PU,N09_M07_F10_KI14_2,KI14,6203_PU_2905,inner_race,N09_M07_F10,real,899.6904454676865,0.8844775460680749,14.994840757794774,0.25641025641025644,0.022982062780269034,0.007239659982620262,0.0214,0,False,18.193413301057618,True,False,-0.01,0,False,8.670386558361498,False,True
PU,N09_M07_F10_KI14_20,KI14,6203_PU_2905,inner_race,N09_M07_F10,real,899.6797829619833,0.9972279076011739,14.994663049366387,0.25641025641025644,0.022982062780269034,0.007239745783054278,0.0212,0,False,26.314494711806766,True,False,0.0161,0,False,15.585727888032883,True,False
PU,N09_M07_F10_KI14_3,KI14,6203_PU_2905,inner_race,N09_M07_F10,real,899.7451975414381,0.7456363954850634,14.995753292357302,0.25641025641025644,0.022982062780269034,0.007239219428562971,0.0245,0,False,14.818529422998397,True,False,0.0586,0,False,8.433068113739758,False,False
PU,N09_M07_F10_KI14_4,KI14,6203_PU_2905,inner_race,N09_M07_F10,real,899.6694949533413,0.7795483126744048,14.994491582555689,0.25641025641025644,0.022982062780269034,0.007239828571864612,0.0217,0,False,30.531307831645385,True,False,0.0553,0,False,11.438340836509058,False,False
PU,N09_M07_F10_KI14_5,KI14,6203_PU_2905,inner_race,N09_M07_F10,real,899.7428922976088,1.0327450744155295,14.995714871626813,0.25641025641025644,0.022982062780269034,0.007239237976268164,0.0215,0,False,47.42335895428951,True,False,0.0273,0,False,12.998361583533907,True,False
PU,N09_M07_F10_KI14_6,KI14,6203_PU_2905,inner_race,N09_M07_F10,real,899.7866338132051,0.5002491240841319,14.99644389688675,0.25641025641025644,0.022982062780269034,0.007238886053680137,0.0252,1,False,42.73286478268652,True,False,0.0128,0,False,10.398706741177735,False,False
PU,N09_M07_F10_KI14_7,KI14,6203_PU_2905,inner_race,N09_M07_F10,real,899.6060633702432,0.3989312275864886,14.993434389504053,0.25641025641025644,0.022982062780269034,0.007240339055070953,0.0215,0,False,43.17060921510833,True,False,0.0359,0,False,10.627962325246461,False,False
PU,N09_M07_F10_KI14_8,KI14,6203_PU_2905,inner_race,N09_M07_F10,real,899.7006918846012,0.21407134915774942,14.99501153141002,0.25641025641025644,0.022982062780269034,0.007239577532339661,0.0211,0,False,34.80817406115834,True,False,0.0179,0,False,11.509133858348955,True,False
PU,N09_M07_F10_KI14_9,KI14,6203_PU_2905,inner_race,N09_M07_F10,real,899.6255239962815,0.8238202089765639,14.993758733271358,0.25641025641025644,0.022982062780269034,0.007240182432646419,0.0227,0,False,26.30163932901224,True,False,0.0183,0,False,10.408585989685132,True,False
PU,N15_M01_F10_KI14_1,KI14,6203_PU_2905,inner_race,N15_M01_F10,real,1499.537455348025,0.5608547008431959,24.992290922467085,0.25641025641025644,0.022982062780269034,0.004343641361920173,0.0411,0,False,23.960334337549064,False,False,0.0411,0,False,23.960334337549064,False,False
PU,N15_M01_F10_KI14_10,KI14,6203_PU_2905,inner_race,N15_M01_F10,real,1499.4730109184181,0.292521120583588,24.991216848640303,0.25641025641025644,0.022982062780269034,0.00434382804316615,-0.0092,1,False,27.386832848850045,False,False,-0.0092,1,False,27.386832848850045,False,False
PU,N15_M01_F10_KI14_11,KI14,6203_PU_2905,inner_race,N15_M01_F10,real,1499.4127156724749,0.3840006775763017,24.99021192787458,0.25641025641025644,0.022982062780269034,0.0043440027196761325,0.0396,0,False,25.676679031142882,False,False,0.0396,0,False,25.676679031142882,False,False
PU,N15_M01_F10_KI14_12,KI14,6203_PU_2905,inner_race,N15_M01_F10,real,1499.5555117467964,0.30412066959595907,24.992591862446606,0.25641025641025644,0.022982062780269034,0.004343589059407905,-0.01,1,False,24.534663877521695,False,True,-0.01,1,False,24.534663877521695,False,True
PU,N15_M01_F10_KI14_13,KI14,6203_PU_2905,inner_race,N15_M01_F10,real,1499.4569532451692,0.5483977378288415,24.99094922075282,0.25641025641025644,0.022982062780269034,0.004343874561188035,-0.0083,1,False,23.455373542677194,False,False,-0.0083,1,False,23.455373542677194,False,False
PU,N15_M01_F10_KI14_14,KI14,6203_PU_2905,inner_race,N15_M01_F10,real,1499.6408444352703,0.27028851358810385,24.99401407392117,0.25641025641025644,0.022982062780269034,0.004343341900140778,-0.0082,1,False,22.501271815285858,False,False,-0.0082,1,False,22.501271815285858,False,False
PU,N15_M01_F10_KI14_15,KI14,6203_PU_2905,inner_race,N15_M01_F10,real,1499.5439249328815,0.3266794398232927,24.99239874888136,0.25641025641025644,0.022982062780269034,0.004343622621851336,0.0392,0,False,24.40466407051494,False,False,0.0392,0,False,24.40466407051494,False,False
PU,N15_M01_F10_KI14_16,KI14,6203_PU_2905,inner_race,N15_M01_F10,real,1499.504436080945,0.45814929526548664,24.991740601349083,0.25641025641025644,0.022982062780269034,0.004343737009422627,-0.01,1,False,26.43564701176435,False,True,-0.01,1,False,26.43564701176435,False,True
PU,N15_M01_F10_KI14_17,KI14,6203_PU_2905,inner_race,N15_M01_F10,real,1499.5957148837324,0.29013793401295734,24.993261914728873,0.25641025641025644,0.022982062780269034,0.004343472610751766,-0.0081,1,False,24.726891619337184,False,False,-0.0081,1,False,24.726891619337184,False,False
PU,N15_M01_F10_KI14_18,KI14,6203_PU_2905,inner_race,N15_M01_F10,real,1499.754425644052,0.21347064182048756,24.995907094067533,0.25641025641025644,0.022982062780269034,0.004343012964939963,-0.01,1,False,28.77272173567546,False,True,-0.01,1,False,28.77272173567546,False,True
PU,N15_M01_F10_KI14_19,KI14,6203_PU_2905,inner_race,N15_M01_F10,real,1499.7783805044573,0.8473819510006176,24.996306341740954,0.25641025641025644,0.022982062780269034,0.004342943597178256,-0.0084,1,False,24.50255736226687,False,False,-0.0084,1,False,24.50255736226687,False,False
PU,N15_M01_F10_KI14_2,KI14,6203_PU_2905,inner_race,N15_M01_F10,real,1499.5977400807676,0.3330642896796895,24.993295668012795,0.25641025641025644,0.022982062780269034,0.0043434667449201375,-0.01,1,False,27.480636205877595,False,True,-0.01,1,False,27.480636205877595,False,True
PU,N15_M01_F10_KI14_20,KI14,6203_PU_2905,inner_race,N15_M01_F10,real,1499.60144324372,0.45929348120518015,24.993357387395335,0.25641025641025644,0.022982062780269034,0.0043434560190267965,-0.0093,1,False,26.365925362715497,False,False,-0.0093,1,False,26.365925362715497,False,False
PU,N15_M01_F10_KI14_3,KI14,6203_PU_2905,inner_race,N15_M01_F10,real,1499.6250286048046,0.40272926081058863,24.993750476746744,0.25641025641025644,0.022982062780269034,0.004343387707297791,-0.01,1,False,23.45983634333245,False,True,-0.01,1,False,23.45983634333245,False,True
PU,N15_M01_F10_KI14_4,KI14,6203_PU_2905,inner_race,N15_M01_F10,real,1499.7676263464025,0.8436094333854494,24.996127105773375,0.25641025641025644,0.022982062780269034,0.004342974738470445,-0.0096,1,False,22.52315874618588,False,False,-0.0096,1,False,22.52315874618588,False,False
PU,N15_M01_F10_KI14_5,KI14,6203_PU_2905,inner_race,N15_M01_F10,real,1499.6485280403588,0.28580017726548307,24.99414213400598,0.25641025641025644,0.022982062780269034,0.004343319646577158,-0.008,1,False,28.217781426512303,False,False,-0.008,1,False,28.217781426512303,False,False
PU,N15_M01_F10_KI14_6,KI14,6203_PU_2905,inner_race,N15_M01_F10,real,1499.49001592077,0.4895510574126682,24.99150026534617,0.25641025641025644,0.022982062780269034,0.004343778781880442,-0.01,1,False,24.089505662983868,False,True,-0.01,1,False,24.089505662983868,False,True
PU,N15_M01_F10_KI14_7,KI14,6203_PU_2905,inner_race,N15_M01_F10,real,1499.7322187963,0.41875876028541476,24.995536979938333,0.25641025641025644,0.022982062780269034,0.004343077272838726,0.038,0,False,24.011025110544324,False,False,0.038,0,False,24.011025110544324,False,False
PU,N15_M01_F10_KI14_8,KI14,6203_PU_2905,inner_race,N15_M01_F10,real,1499.2855480675428,0.2956214071779846,24.98809246779238,0.25641025641025644,0.022982062780269034,0.004344371172785276,-0.0078,1,False,27.37523725639737,False,False,-0.0078,1,False,27.37523725639737,False,False
PU,N15_M01_F10_KI14_9,KI14,6203_PU_2905,inner_race,N15_M01_F10,real,1499.6051900308648,0.7662629016055325,24.993419833847746,0.25641025641025644,0.022982062780269034,0.004343445166833644,-0.0084,1,False,24.134025809012996,False,False,-0.0084,1,False,24.134025809012996,False,False
PU,N15_M07_F04_KI14_1,KI14,6203_PU_2905,inner_race,N15_M07_F04,real,1499.554640321531,0.33368338864067904,24.992577338692183,0.25641025641025644,0.022982062780269034,0.004343591583566176,0.0372,0,False,24.64102541411918,False,False,0.0372,0,False,24.64102541411918,False,False
PU,N15_M07_F04_KI14_10,KI14,6203_PU_2905,inner_race,N15_M07_F04,real,1499.6733749520033,0.4333857205826087,24.994556249200055,0.25641025641025644,0.022982062780269034,0.004343247685521301,-0.01,1,False,33.30734043184283,False,True,-0.01,1,False,33.30734043184283,False,True
PU,N15_M07_F04_KI14_11,KI14,6203_PU_2905,inner_race,N15_M07_F04,real,1499.616492398402,0.3557448177238437,24.993608206640033,0.25641025641025644,0.022982062780269034,0.004343412430988244,-0.0085,1,False,24.496517297707264,False,False,-0.0085,1,False,24.496517297707264,False,False
PU,N15_M07_F04_KI14_12,KI14,6203_PU_2905,inner_race,N15_M07_F04,real,1499.5893151979376,0.42855328662455905,24.99315525329896,0.25641025641025644,0.022982062780269034,0.0043434911470668,-0.01,1,False,24.901651002469023,False,True,-0.01,1,False,24.901651002469023,False,True
PU,N15_M07_F04_KI14_13,KI14,6203_PU_2905,inner_race,N15_M07_F04,real,1499.4570540081493,0.41227207584576214,24.99095090013582,0.25641025641025644,0.022982062780269034,0.00434387426928121,0.0373,0,False,26.18986776035674,False,False,0.0373,0,False,26.18986776035674,False,False
PU,N15_M07_F04_KI14_14,KI14,6203_PU_2905,inner_race,N15_M07_F04,real,1499.593647516734,0.33333128572045917,24.993227458612235,0.25641025641025644,0.022982062780269034,0.004343478598741879,0.0405,0,False,29.609950230644856,False,False,0.0405,0,False,29.609950230644856,False,False
PU,N15_M07_F04_KI14_15,KI14,6203_PU_2905,inner_race,N15_M07_F04,real,1499.504197682428,1.0703167599677859,24.991736628040467,0.25641025641025644,0.022982062780269034,0.004343737700011198,-0.01,1,False,24.84287256212633,False,True,-0.01,1,False,24.84287256212633,False,True
PU,N15_M07_F04_KI14_16,KI14,6203_PU_2905,inner_race,N15_M07_F04,real,1499.4283627903094,0.6014816012484087,24.990472713171823,0.25641025641025644,0.022982062780269034,0.004343957388319121,0.041,1,False,25.173596280905812,False,False,0.041,1,False,25.173596280905812,False,False
PU,N15_M07_F04_KI14_17,KI14,6203_PU_2905,inner_race,N15_M07_F04,real,1499.5858341124824,0.45381526677447265,24.99309723520804,0.25641025641025644,0.022982062780269034,0.004343501229893346,-0.01,1,False,24.994758168706667,False,True,-0.01,1,False,24.994758168706667,False,True
PU,N15_M07_F04_KI14_18,KI14,6203_PU_2905,inner_race,N15_M07_F04,real,1499.6520378189848,0.19202880362475658,24.994200630316413,0.25641025641025644,0.022982062780269034,0.0043433094814921405,-0.01,1,False,24.05606850413426,False,True,-0.01,1,False,24.05606850413426,False,True
PU,N15_M07_F04_KI14_19,KI14,6203_PU_2905,inner_race,N15_M07_F04,real,1499.593586792836,0.9373906064010006,24.99322644654727,0.25641025641025644,0.022982062780269034,0.0043434787746248335,-0.01,1,False,25.870015946628477,False,True,-0.01,1,False,25.870015946628477,False,True
PU,N15_M07_F04_KI14_2,KI14,6203_PU_2905,inner_race,N15_M07_F04,real,1499.5770942437432,0.3924398877244015,24.992951570729055,0.25641025641025644,0.022982062780269034,0.0043435265447843,-0.0092,1,False,23.81989351549879,False,False,-0.0092,1,False,23.81989351549879,False,False
PU,N15_M07_F04_KI14_20,KI14,6203_PU_2905,inner_race,N15_M07_F04,real,1499.473046993442,0.47109353989820163,24.9912174498907,0.25641025641025644,0.022982062780269034,0.004343827938660303,-0.01,1,False,24.86131211072928,False,True,-0.01,1,False,24.86131211072928,False,True
PU,N15_M07_F04_KI14_3,KI14,6203_PU_2905,inner_race,N15_M07_F04,real,1499.485892406472,0.5289962385386308,24.991431540107865,0.25641025641025644,0.022982062780269034,0.004343790727063792,-0.01,1,False,25.015799230728923,False,True,-0.01,1,False,25.015799230728923,False,True
PU,N15_M07_F04_KI14_4,KI14,6203_PU_2905,inner_race,N15_M07_F04,real,1499.6429674601777,0.534337450481854,24.99404945766963,0.25641025641025644,0.022982062780269034,0.004343335751328536,-0.01,1,False,24.24772783247005,False,True,-0.01,1,False,24.24772783247005,False,True
PU,N15_M07_F04_KI14_5,KI14,6203_PU_2905,inner_race,N15_M07_F04,real,1499.559844858157,0.3316146615847214,24.992664080969284,0.25641025641025644,0.022982062780269034,0.004343576508221526,-0.01,1,False,25.067677318474946,False,True,-0.01,1,False,25.067677318474946,False,True
PU,N15_M07_F04_KI14_6,KI14,6203_PU_2905,inner_race,N15_M07_F04,real,1499.659135942666,0.6084503668463328,24.994318932377766,0.25641025641025644,0.022982062780269034,0.004343288923921993,-0.01,1,False,24.711872248589398,False,True,-0.01,1,False,24.711872248589398,False,True
PU,N15_M07_F04_KI14_7,KI14,6203_PU_2905,inner_race,N15_M07_F04,real,1499.455833798103,0.9672777290836241,24.990930563301717,0.25641025641025644,0.022982062780269034,0.004343877804189611,0.0414,0,False,27.036167923360786,False,False,0.0414,0,False,27.036167923360786,False,False
PU,N15_M07_F04_KI14_8,KI14,6203_PU_2905,inner_race,N15_M07_F04,real,1499.5120478493482,0.5953669451190599,24.991867464155803,0.25641025641025644,0.022982062780269034,0.00434371495990314,0.0388,0,False,25.67745638911976,False,False,0.0388,0,False,25.67745638911976,False,False
PU,N15_M07_F04_KI14_9,KI14,6203_PU_2905,inner_race,N15_M07_F04,real,1499.672749573266,0.6024140014588205,24.9945458262211,0.25641025641025644,0.022982062780269034,0.00434324949669961,-0.01,1,False,24.019004602136867,False,True,-0.01,1,False,24.019004602136867,False,True
PU,N15_M07_F10_KI14_1,KI14,6203_PU_2905,inner_race,N15_M07_F10,real,1499.3952114780536,0.4370942096765057,24.989920191300893,0.25641025641025644,0.022982062780269034,0.004344053432301857,0.0414,0,False,31.298186162193538,False,False,0.0414,0,False,31.298186162193538,False,False
PU,N15_M07_F10_KI14_10,KI14,6203_PU_2905,inner_race,N15_M07_F10,real,1499.5438714146246,0.25597114064667315,24.99239785691041,0.25641025641025644,0.022982062780269034,0.004343622776873884,0.0378,0,False,25.99714930509112,False,False,0.0378,0,False,25.99714930509112,False,False
PU,N15_M07_F10_KI14_11,KI14,6203_PU_2905,inner_race,N15_M07_F10,real,1499.6848925641445,0.7137278149107762,24.99474820940241,0.25641025641025644,0.022982062780269034,0.0043432143292859195,0.0396,1,False,27.418865040030475,False,False,0.0396,1,False,27.418865040030475,False,False
PU,N15_M07_F10_KI14_12,KI14,6203_PU_2905,inner_race,N15_M07_F10,real,1499.6553393375873,0.3186093888744292,24.994255655626453,0.25641025641025644,0.022982062780269034,0.00434329991961704,0.041,0,False,22.861361058593722,False,False,0.041,0,False,22.861361058593722,False,False
PU,N15_M07_F10_KI14_13,KI14,6203_PU_2905,inner_race,N15_M07_F10,real,1499.4511280733223,0.7910171757389278,24.99085213455537,0.25641025641025644,0.022982062780269034,0.0043438914365735186,-0.0067,1,False,23.22795375655504,False,False,-0.0067,1,False,23.22795375655504,False,False
PU,N15_M07_F10_KI14_14,KI14,6203_PU_2905,inner_race,N15_M07_F10,real,1499.536513337706,0.6420288839706473,24.992275222295103,0.25641025641025644,0.022982062780269034,0.0043436440905999674,0.0413,0,False,26.352137666921298,False,False,0.0413,0,False,26.352137666921298,False,False
PU,N15_M07_F10_KI14_15,KI14,6203_PU_2905,inner_race,N15_M07_F10,real,1499.4752505360668,0.2774584111742652,24.991254175601114,0.25641025641025644,0.022982062780269034,0.004343821555220487,-0.0078,1,False,23.173480308587866,False,False,-0.0078,1,False,23.173480308587866,False,False
PU,N15_M07_F10_KI14_16,KI14,6203_PU_2905,inner_race,N15_M07_F10,real,1499.686860918204,0.15108246669142694,24.9947810153034,0.25641025641025644,0.022982062780269034,0.004343208628773513,0.0556,1,False,24.563977149751807,False,False,0.0556,1,False,24.563977149751807,False,False
PU,N15_M07_F10_KI14_17,KI14,6203_PU_2905,inner_race,N15_M07_F10,real,1499.477972077405,0.13040482081550123,24.991299534623415,0.25641025641025644,0.022982062780269034,0.004343813671216755,0.0377,0,False,25.029352085610817,False,False,0.0377,0,False,25.029352085610817,False,False
PU,N15_M07_F10_KI14_18,KI14,6203_PU_2905,inner_race,N15_M07_F10,real,1499.6026869343752,0.5688262505210517,24.99337811557292,0.25641025641025644,0.022982062780269034,0.004343452416795546,-0.0086,1,False,29.615257164328366,False,False,-0.0086,1,False,29.615257164328366,False,False
PU,N15_M07_F10_KI14_19,KI14,6203_PU_2905,inner_race,N15_M07_F10,real,1499.6576595114632,0.24558859237775357,24.994294325191053,0.25641025641025644,0.022982062780269034,0.004343293199942756,-0.0095,1,False,25.758714166744674,False,False,-0.0095,1,False,25.758714166744674,False,False
PU,N15_M07_F10_KI14_2,KI14,6203_PU_2905,inner_race,N15_M07_F10,real,1499.6019324642261,0.40151360572816985,24.993365541070435,0.25641025641025644,0.022982062780269034,0.004343454602045592,0.038,0,False,26.08886054678471,False,False,0.038,0,False,26.08886054678471,False,False
PU,N15_M07_F10_KI14_20,KI14,6203_PU_2905,inner_race,N15_M07_F10,real,1499.5394016778923,0.21841643009496836,24.992323361298205,0.25641025641025644,0.022982062780269034,0.004343635724083045,-0.0099,1,False,23.41290071969781,False,False,-0.0099,1,False,23.41290071969781,False,False
PU,N15_M07_F10_KI14_3,KI14,6203_PU_2905,inner_race,N15_M07_F10,real,1499.6044797067786,0.4141157069954943,24.993407995112978,0.25641025641025644,0.022982062780269034,0.004343447224211945,0.0429,0,False,24.657055733674483,False,False,0.0429,0,False,24.657055733674483,False,False
PU,N15_M07_F10_KI14_4,KI14,6203_PU_2905,inner_race,N15_M07_F10,real,1499.7282621582951,0.4170629267772741,24.995471035971587,0.25641025641025644,0.022982062780269034,0.004343088730904184,-0.0062,1,False,24.38608122209902,False,False,-0.0062,1,False,24.38608122209902,False,False
PU,N15_M07_F10_KI14_5,KI14,6203_PU_2905,inner_race,N15_M07_F10,real,1499.7612948846129,0.4790459501831506,24.996021581410215,0.25641025641025644,0.022982062780269034,0.004342993072973878,0.0413,0,False,23.530340624809956,False,False,0.0413,0,False,23.530340624809956,False,False
PU,N15_M07_F10_KI14_6,KI14,6203_PU_2905,inner_race,N15_M07_F10,real,1499.7474714951134,0.5873911075687548,24.995791191585223,0.25641025641025644,0.022982062780269034,0.004343033102969582,-0.0092,0,False,23.611343282201748,False,False,-0.0092,0,False,23.611343282201748,False,False
PU,N15_M07_F10_KI14_7,KI14,6203_PU_2905,inner_race,N15_M07_F10,real,1499.6565590101397,0.6494056426177267,24.99427598350233,0.25641025641025644,0.022982062780269034,0.00434329638720579,0.0453,0,False,22.90514244981494,False,False,0.0453,0,False,22.90514244981494,False,False
PU,N15_M07_F10_KI14_8,KI14,6203_PU_2905,inner_race,N15_M07_F10,real,1499.446435922191,0.7090434042868828,24.990773932036518,0.25641025641025644,0.022982062780269034,0.004343905029720049,-0.007,1,False,24.988722806326237,False,False,-0.007,1,False,24.988722806326237,False,False
PU,N15_M07_F10_KI14_9,KI14,6203_PU_2905,inner_race,N15_M07_F10,real,1499.5357529254325,0.6674358124595102,24.992262548757207,0.25641025641025644,0.022982062780269034,0.0043436462932552045,0.0413,0,False,26.71833011629785,False,False,0.0413,0,False,26.71833011629785,False,False
PU,N09_M07_F10_KI16_1,KI16,6203_PU_2855,inner_race,N09_M07_F10,real,899.8216812316354,1.4064658580127547,14.997028020527257,0.25641025641025644,0.017775229357798208,0.007277180883941189,-0.0018,1,False,55.32294915967272,False,False,-0.0018,1,False,55.32294915967272,False,False
PU,N09_M07_F10_KI16_10,KI16,6203_PU_2855,inner_race,N09_M07_F10,real,899.7487444288639,0.44674430817146027,14.995812407147731,0.25641025641025644,0.017775229357798208,0.007277770797858992,-0.0021,2,True,60.0,False,False,-0.0021,2,True,60.0,False,False
PU,N09_M07_F10_KI16_11,KI16,6203_PU_2855,inner_race,N09_M07_F10,real,899.6722972396144,0.5591458446108345,14.994538287326908,0.25641025641025644,0.017775229357798208,0.007278389206498676,-0.0027,3,True,60.0,False,False,-0.0027,3,True,60.0,False,False
PU,N09_M07_F10_KI16_12,KI16,6203_PU_2855,inner_race,N09_M07_F10,real,899.7824266069196,0.6316648696574072,14.996373776781992,0.25641025641025644,0.017775229357798208,0.0072774983640298664,0.0384,0,False,5.324160431642918,False,False,0.0384,0,False,5.324160431642918,False,False
PU,N09_M07_F10_KI16_13,KI16,6203_PU_2855,inner_race,N09_M07_F10,real,899.7271674419509,0.6596288660048727,14.995452790699181,0.25641025641025644,0.017775229357798208,0.007277945331174139,-0.0026,2,True,60.0,False,False,-0.0026,2,True,60.0,False,False
PU,N09_M07_F10_KI16_14,KI16,6203_PU_2855,inner_race,N09_M07_F10,real,899.774093988552,0.8570971035221049,14.996234899809199,0.25641025641025644,0.017775229357798208,0.007277565759409376,-0.0019,0,False,12.328663423684059,False,False,-0.0019,0,False,12.328663423684059,False,False
PU,N09_M07_F10_KI16_15,KI16,6203_PU_2855,inner_race,N09_M07_F10,real,899.800338013073,0.5982940893289588,14.996672300217883,0.25641025641025644,0.017775229357798208,0.007277353498304134,-0.0027,2,True,60.0,False,False,-0.0027,2,True,60.0,False,False
PU,N09_M07_F10_KI16_16,KI16,6203_PU_2855,inner_race,N09_M07_F10,real,899.8986804435531,0.4103048937310741,14.998311340725884,0.25641025641025644,0.017775229357798208,0.007276558216961868,-0.0024,2,True,60.0,False,False,-0.0024,2,True,60.0,False,False
PU,N09_M07_F10_KI16_17,KI16,6203_PU_2855,inner_race,N09_M07_F10,real,899.8079530122724,0.5066713051401478,14.996799216871207,0.25641025641025644,0.017775229357798208,0.007277291910672153,-0.0027,3,True,60.0,False,False,-0.0027,3,True,60.0,False,False
PU,N09_M07_F10_KI16_18,KI16,6203_PU_2855,inner_race,N09_M07_F10,real,899.7577745198711,0.46494687499838944,14.995962908664518,0.25641025641025644,0.017775229357798208,0.007277697757164602,-0.0028,3,True,60.0,False,False,-0.0028,3,True,60.0,False,False
PU,N09_M07_F10_KI16_19,KI16,6203_PU_2855,inner_race,N09_M07_F10,real,899.7116391318725,0.7505885603098119,14.995193985531209,0.25641025641025644,0.017775229357798208,0.0072780709427444695,-0.0023,0,False,12.526159104237319,False,False,-0.0023,0,False,12.526159104237319,False,False
PU,N09_M07_F10_KI16_2,KI16,6203_PU_2855,inner_race,N09_M07_F10,real,899.7899268582344,0.48823898780778574,14.996498780970573,0.25641025641025644,0.017775229357798208,0.007277437702018606,-0.0027,1,False,36.77367912099103,False,False,-0.0027,1,False,36.77367912099103,False,False
PU,N09_M07_F10_KI16_20,KI16,6203_PU_2855,inner_race,N09_M07_F10,real,899.6934274036342,0.7147598658953661,14.994890456727237,0.25641025641025644,0.017775229357798208,0.007278218266539522,-0.0027,3,True,60.0,False,False,-0.0027,3,True,60.0,False,False
PU,N09_M07_F10_KI16_3,KI16,6203_PU_2855,inner_race,N09_M07_F10,real,899.7562948806767,0.9199160214688499,14.995938248011278,0.25641025641025644,0.017775229357798208,0.007277709725257416,-0.0021,0,False,32.30756610743892,False,False,-0.0021,0,False,32.30756610743892,False,False
PU,N09_M07_F10_KI16_4,KI16,6203_PU_2855,inner_race,N09_M07_F10,real,899.6356668946122,0.7549617111476207,14.99392778157687,0.25641025641025644,0.017775229357798208,0.00727868555969754,-0.0024,3,True,60.0,False,False,-0.0024,3,True,60.0,False,False
PU,N09_M07_F10_KI16_5,KI16,6203_PU_2855,inner_race,N09_M07_F10,real,899.5829190266559,0.6713156803858812,14.993048650444264,0.25641025641025644,0.017775229357798208,0.007279112352088411,-0.0021,1,False,46.12480367577942,False,False,-0.0021,1,False,46.12480367577942,False,False
PU,N09_M07_F10_KI16_6,KI16,6203_PU_2855,inner_race,N09_M07_F10,real,899.7644193054826,0.48047398249290796,14.996073655091378,0.25641025641025644,0.017775229357798208,0.007277644011161421,-0.0003,0,False,7.260981125214842,False,False,-0.0003,0,False,7.260981125214842,False,False
PU,N09_M07_F10_KI16_7,KI16,6203_PU_2855,inner_race,N09_M07_F10,real,899.6592234645789,0.6237233609939432,14.994320391076315,0.25641025641025644,0.017775229357798208,0.007278494975461664,0.0001,0,False,15.319480144913703,False,False,0.0001,0,False,15.319480144913703,False,False
PU,N09_M07_F10_KI16_8,KI16,6203_PU_2855,inner_race,N09_M07_F10,real,899.754210507162,0.48372947900221486,14.9959035084527,0.25641025641025644,0.017775229357798208,0.007277726584823307,-0.0021,1,False,56.82507692814727,False,False,-0.0021,1,False,56.82507692814727,False,False
PU,N09_M07_F10_KI16_9,KI16,6203_PU_2855,inner_race,N09_M07_F10,real,899.6804394584717,0.47699239890274003,14.994673990974528,0.25641025641025644,0.017775229357798208,0.00727832333617934,-0.0022,0,False,12.459425714057765,False,False,-0.0022,0,False,12.459425714057765,False,False
PU,N15_M01_F10_KI16_1,KI16,6203_PU_2855,inner_race,N15_M01_F10,real,1499.7657514354764,1.0723942009822383,24.99609585725794,0.25641025641025644,0.017775229357798208,0.004366125264126887,0.0028,1,False,50.73022492579529,False,False,0.0028,1,False,50.73022492579529,False,False
PU,N15_M01_F10_KI16_10,KI16,6203_PU_2855,inner_race,N15_M01_F10,real,1499.713720278869,0.4134610038795992,24.995228671314482,0.25641025641025644,0.017775229357798208,0.004366276742735314,0.0021,1,False,53.03849916564458,False,False,0.0021,1,False,53.03849916564458,False,False
PU,N15_M01_F10_KI16_11,KI16,6203_PU_2855,inner_race,N15_M01_F10,real,1499.0562138099613,1.3926410059633787,24.98427023016602,0.25641025641025644,0.017775229357798208,0.004368191851172837,0.0053,1,False,60.0,False,False,0.0053,1,False,60.0,False,False
PU,N15_M01_F10_KI16_12,KI16,6203_PU_2855,inner_race,N15_M01_F10,real,1499.8465042944533,0.6186286510146647,24.997441738240887,0.25641025641025644,0.017775229357798208,0.004365890188673019,0.002,2,True,57.366935281009845,False,False,0.002,2,True,57.366935281009845,False,False
PU,N15_M01_F10_KI16_13,KI16,6203_PU_2855,inner_race,N15_M01_F10,real,1499.5316146118366,0.656256158215863,24.992193576863944,0.25641025641025644,0.017775229357798208,0.0043668069908014,0.0025,2,True,60.0,False,False,0.0025,2,True,60.0,False,False
PU,N15_M01_F10_KI16_14,KI16,6203_PU_2855,inner_race,N15_M01_F10,real,1499.6679784938099,1.5953351221594259,24.994466308230166,0.25641025641025644,0.017775229357798208,0.004366409919741917,0.0031,1,False,51.15664186165995,False,False,0.0031,1,False,51.15664186165995,False,False
PU,N15_M01_F10_KI16_15,KI16,6203_PU_2855,inner_race,N15_M01_F10,real,1499.946364461146,1.4394480882074439,24.999106074352433,0.25641025641025644,0.017775229357798208,0.004365599525931782,0.0033,2,True,53.083396698851104,False,False,0.0033,2,True,53.083396698851104,False,False
PU,N15_M01_F10_KI16_16,KI16,6203_PU_2855,inner_race,N15_M01_F10,real,1499.5623466583488,1.520557254418189,24.99270577763915,0.25641025641025644,0.017775229357798208,0.004366717497412979,0.0033,1,False,50.98064479835901,False,False,0.0033,1,False,50.98064479835901,False,False
PU,N15_M01_F10_KI16_17,KI16,6203_PU_2855,inner_race,N15_M01_F10,real,1499.5720247084625,0.6530431058859035,24.992867078474376,0.25641025641025644,0.017775229357798208,0.004366689315164927,0.0025,1,False,58.87364241800653,False,False,0.0025,1,False,58.87364241800653,False,False
PU,N15_M01_F10_KI16_18,KI16,6203_PU_2855,inner_race,N15_M01_F10,real,1499.5465184584782,1.7532521300873989,24.99244197430797,0.25641025641025644,0.017775229357798208,0.004366763589532481,0.0034,1,False,48.97734928244515,False,False,0.0034,1,False,48.97734928244515,False,False
PU,N15_M01_F10_KI16_19,KI16,6203_PU_2855,inner_race,N15_M01_F10,real,1499.938078565638,1.1387215355624654,24.99896797609397,0.25641025641025644,0.017775229357798208,0.0043656236421949915,0.0029,1,False,34.32187806232602,False,False,0.0029,1,False,34.32187806232602,False,False
PU,N15_M01_F10_KI16_2,KI16,6203_PU_2855,inner_race,N15_M01_F10,real,1499.5159818374575,0.6845780347253018,24.991933030624292,0.25641025641025644,0.017775229357798208,0.004366852515696947,0.0027,2,True,60.0,False,False,0.0027,2,True,60.0,False,False
PU,N15_M01_F10_KI16_20,KI16,6203_PU_2855,inner_race,N15_M01_F10,real,1499.7446768059624,1.0286737651210762,24.995744613432706,0.25641025641025644,0.017775229357798208,0.004366186617551758,0.0029,2,True,59.27906281755726,False,False,0.0029,2,True,59.27906281755726,False,False
PU,N15_M01_F10_KI16_3,KI16,6203_PU_2855,inner_race,N15_M01_F10,real,1499.7785695689095,1.5223494057274227,24.996309492815158,0.25641025641025644,0.017775229357798208,0.004366087948234157,0.0029,1,False,56.40891441015383,False,False,0.0029,1,False,56.40891441015383,False,False
PU,N15_M01_F10_KI16_4,KI16,6203_PU_2855,inner_race,N15_M01_F10,real,1499.7117296410504,0.753497186257909,24.995195494017505,0.25641025641025644,0.017775229357798208,0.004366282538299514,0.0023,2,True,60.0,False,False,0.0023,2,True,60.0,False,False
PU,N15_M01_F10_KI16_5,KI16,6203_PU_2855,inner_race,N15_M01_F10,real,1499.4383715267315,0.679871220877166,24.990639525445527,0.25641025641025644,0.017775229357798208,0.004367078542179311,0.0019,2,True,60.0,False,False,0.0019,2,True,60.0,False,False
PU,N15_M01_F10_KI16_6,KI16,6203_PU_2855,inner_race,N15_M01_F10,real,1499.6145015731397,1.2731119139505713,24.993575026218995,0.25641025641025644,0.017775229357798208,0.004366565627863335,0.0028,1,False,53.50819535204825,False,False,0.0028,1,False,53.50819535204825,False,False
PU,N15_M01_F10_KI16_7,KI16,6203_PU_2855,inner_race,N15_M01_F10,real,1499.6927704102945,0.9301115991668251,24.99487950683824,0.25641025641025644,0.017775229357798208,0.0043663377371774585,0.0026,1,False,56.57127806906102,False,False,0.0026,1,False,56.57127806906102,False,False
PU,N15_M01_F10_KI16_8,KI16,6203_PU_2855,inner_race,N15_M01_F10,real,1499.515651613154,0.5604366247661113,24.9919275268859,0.25641025641025644,0.017775229357798208,0.004366853477368024,0.0023,2,True,60.0,False,False,0.0023,2,True,60.0,False,False
PU,N15_M01_F10_KI16_9,KI16,6203_PU_2855,inner_race,N15_M01_F10,real,1499.5628610600925,1.0201981743158988,24.992714351001542,0.25641025641025644,0.017775229357798208,0.004366715999478379,0.0031,2,True,60.0,False,False,0.0031,2,True,60.0,False,False
PU,N15_M07_F04_KI16_1,KI16,6203_PU_2855,inner_race,N15_M07_F04,real,1499.6809761756524,0.6747695078954058,24.994682936260872,0.25641025641025644,0.017775229357798208,0.0043663720762219735,0.0063,1,False,46.4404605823233,False,False,0.0063,1,False,46.4404605823233,False,False
PU,N15_M07_F04_KI16_10,KI16,6203_PU_2855,inner_race,N15_M07_F04,real,1499.1344016269236,0.7937454835009108,24.985573360448726,0.25641025641025644,0.017775229357798208,0.004367964026779945,0.0069,0,False,7.944394261064739,False,False,0.0069,0,False,7.944394261064739,False,False
PU,N15_M07_F04_KI16_11,KI16,6203_PU_2855,inner_race,N15_M07_F04,real,1500.205762166553,0.8405068202676302,25.00342936944255,0.25641025641025644,0.017775229357798208,0.004364844678477978,0.0072,0,False,9.826564025226062,False,False,0.0072,0,False,9.826564025226062,False,False
PU,N15_M07_F04_KI16_12,KI16,6203_PU_2855,inner_race,N15_M07_F04,real,1499.1336428917002,0.9073990699092221,24.98556071486167,0.25641025641025644,0.017775229357798208,0.004367966237475553,0.0075,0,False,4.869687829562378,False,False,0.0075,0,False,4.869687829562378,False,False
PU,N15_M07_F04_KI16_13,KI16,6203_PU_2855,inner_race,N15_M07_F04,real,1499.4826807773409,0.6275797775286552,24.991378012955682,0.25641025641025644,0.017775229357798208,0.004366949496355684,0.0059,0,False,21.518813237323087,False,False,0.0059,0,False,21.518813237323087,False,False
PU,N15_M07_F04_KI16_14,KI16,6203_PU_2855,inner_race,N15_M07_F04,real,1499.3268902043333,0.7966334560798705,24.988781503405555,0.25641025641025644,0.017775229357798208,0.004367403253017274,0.0038,0,False,5.051247932564376,False,False,0.0038,0,False,5.051247932564376,False,False
PU,N15_M07_F04_KI16_15,KI16,6203_PU_2855,inner_race,N15_M07_F04,real,1499.9348212520276,4.914741015793095,24.998913687533793,0.25641025641025644,0.017775229357798208,0.0043656331227438176,-0.0002,0,False,5.055141231339597,False,False,-0.0002,0,False,5.055141231339597,False,False
PU,N15_M07_F04_KI16_16,KI16,6203_PU_2855,inner_race,N15_M07_F04,real,1499.6334117591935,0.7539525196200152,24.99389019598656,0.25641025641025644,0.017775229357798208,0.004366510566027695,0.053,0,False,22.396267358364945,False,False,0.053,0,False,22.396267358364945,False,False
PU,N15_M07_F04_KI16_17,KI16,6203_PU_2855,inner_race,N15_M07_F04,real,1499.9411903066548,1.0199773106307317,24.999019838444248,0.25641025641025644,0.017775229357798208,0.004365614585379806,0.0338,0,False,25.081308707884364,False,False,0.0338,0,False,25.081308707884364,False,False
PU,N15_M07_F04_KI16_18,KI16,6203_PU_2855,inner_race,N15_M07_F04,real,1499.8956334510233,0.888435954637714,24.998260557517053,0.25641025641025644,0.017775229357798208,0.004365747183721299,-0.01,0,False,5.382723141554193,False,True,-0.01,0,False,5.382723141554193,False,True
PU,N15_M07_F04_KI16_19,KI16,6203_PU_2855,inner_race,N15_M07_F04,real,1499.4497793758248,0.5325079390913012,24.99082965626375,0.25641025641025644,0.017775229357798208,0.004367045317343326,0.0354,0,False,21.967412704101807,False,False,0.0354,0,False,21.967412704101807,False,False
PU,N15_M07_F04_KI16_2,KI16,6203_PU_2855,inner_race,N15_M07_F04,real,1499.2571058192025,0.9293131284236283,24.98761843032004,0.25641025641025644,0.017775229357798208,0.00436760653806388,0.0083,0,False,8.28993381120885,False,False,0.0083,0,False,8.28993381120885,False,False
PU,N15_M07_F04_KI16_20,KI16,6203_PU_2855,inner_race,N15_M07_F04,real,1499.736231574919,0.9649471644825632,24.995603859581983,0.25641025641025644,0.017775229357798208,0.004366211204178384,0.0355,0,False,23.259029551821904,False,False,0.0355,0,False,23.259029551821904,False,False
PU,N15_M07_F04_KI16_3,KI16,6203_PU_2855,inner_race,N15_M07_F04,real,1499.190807809962,1.0244828415502456,24.986513463499367,0.25641025641025644,0.017775229357798208,0.004367799684671444,0.0326,0,False,28.54529123048404,False,False,0.0326,0,False,28.54529123048404,False,False
PU,N15_M07_F04_KI16_4,KI16,6203_PU_2855,inner_race,N15_M07_F04,real,1499.5435418621446,0.5945778737291347,24.992392364369078,0.25641025641025644,0.017775229357798208,0.004366772257565204,0.036,0,False,18.545959026592264,False,False,0.036,0,False,18.545959026592264,False,False
PU,N15_M07_F04_KI16_5,KI16,6203_PU_2855,inner_race,N15_M07_F04,real,1499.7849655643793,1.670152083436033,24.996416092739654,0.25641025641025644,0.017775229357798208,0.004366069328579088,0.0583,0,False,6.779728871276255,False,False,0.0583,0,False,6.779728871276255,False,False
PU,N15_M07_F04_KI16_6,KI16,6203_PU_2855,inner_race,N15_M07_F04,real,1499.720242059823,1.5018568872731226,24.995337367663716,0.25641025641025644,0.017775229357798208,0.004366257755260382,0.0056,0,False,4.80576027193168,False,False,0.0056,0,False,4.80576027193168,False,False
PU,N15_M07_F04_KI16_7,KI16,6203_PU_2855,inner_race,N15_M07_F04,real,1499.435379534091,0.7786771988245599,24.990589658901516,0.25641025641025644,0.017775229357798208,0.004367087256303999,0.0082,0,False,6.6049618474208955,False,False,0.0082,0,False,6.6049618474208955,False,False
PU,N15_M07_F04_KI16_8,KI16,6203_PU_2855,inner_race,N15_M07_F04,real,1499.230335636042,0.40877790991643054,24.987172260600698,0.25641025641025644,0.017775229357798208,0.004367684525831482,0.0066,0,False,33.02076602558467,False,False,0.0066,0,False,33.02076602558467,False,False
PU,N15_M07_F04_KI16_9,KI16,6203_PU_2855,inner_race,N15_M07_F04,real,1499.5271414081408,1.5924717746160946,24.992119023469012,0.25641025641025644,0.017775229357798208,0.004366820017319315,0.03,0,False,13.624691624269971,False,False,0.03,0,False,13.624691624269971,False,False
PU,N15_M07_F10_KI16_1,KI16,6203_PU_2855,inner_race,N15_M07_F10,real,1499.532637409067,0.615442666367587,24.99221062348445,0.25641025641025644,0.017775229357798208,0.00436680401230131,0.0584,0,False,6.162277691747498,False,False,0.0584,0,False,6.162277691747498,False,False
PU,N15_M07_F10_KI16_10,KI16,6203_PU_2855,inner_race,N15_M07_F10,real,1499.3118201164732,0.9822028215334587,24.988530335274554,0.25641025641025644,0.017775229357798208,0.004367447151257694,0.0006,0,False,6.279962743824873,False,False,0.0006,0,False,6.279962743824873,False,False
PU,N15_M07_F10_KI16_11,KI16,6203_PU_2855,inner_race,N15_M07_F10,real,1499.5453546553863,0.5931241466592266,24.99242257758977,0.25641025641025644,0.017775229357798208,0.0043667669785950065,0.0003,0,False,5.196161535169718,False,False,0.0003,0,False,5.196161535169718,False,False
PU,N15_M07_F10_KI16_12,KI16,6203_PU_2855,inner_race,N15_M07_F10,real,1499.9129291329764,1.4871314373029334,24.99854881888294,0.25641025641025644,0.017775229357798208,0.004365696841749234,0.0012,0,False,15.974389270423835,False,False,0.0012,0,False,15.974389270423835,False,False
PU,N15_M07_F10_KI16_13,KI16,6203_PU_2855,inner_race,N15_M07_F10,real,1499.8257663116597,1.1530679352613031,24.997096105194327,0.25641025641025644,0.017775229357798208,0.004365950555522053,0.0024,0,False,18.658684101157533,False,False,0.0024,0,False,18.658684101157533,False,False
PU,N15_M07_F10_KI16_14,KI16,6203_PU_2855,inner_race,N15_M07_F10,real,1499.7932655283405,0.9583691524504196,24.996554425472343,0.25641025641025644,0.017775229357798208,0.004366045166436936,0.0022,3,True,60.0,False,False,0.0022,3,True,60.0,False,False
PU,N15_M07_F10_KI16_15,KI16,6203_PU_2855,inner_race,N15_M07_F10,real,1499.837638728302,1.1375453974402316,24.997293978805033,0.25641025641025644,0.017775229357798208,0.004365915995525226,0.0014,3,True,60.0,False,False,0.0014,3,True,60.0,False,False
PU,N15_M07_F10_KI16_16,KI16,6203_PU_2855,inner_race,N15_M07_F10,real,1499.498090654845,0.703712661468069,24.991634844247418,0.25641025641025644,0.017775229357798208,0.004366904618568092,0.0439,0,False,5.176519239377984,False,False,0.0439,0,False,5.176519239377984,False,False
PU,N15_M07_F10_KI16_17,KI16,6203_PU_2855,inner_race,N15_M07_F10,real,1499.720758550903,1.1648039174724794,24.995345975848384,0.25641025641025644,0.017775229357798208,0.004366256251558329,-0.0067,0,False,4.98181564554454,False,False,-0.0067,0,False,4.98181564554454,False,False
PU,N15_M07_F10_KI16_18,KI16,6203_PU_2855,inner_race,N15_M07_F10,real,1499.4082715100235,1.418464152495742,24.990137858500393,0.25641025641025644,0.017775229357798208,0.004367166209520877,0.0016,2,True,58.94330525791134,False,False,0.0016,2,True,58.94330525791134,False,False
PU,N15_M07_F10_KI16_19,KI16,6203_PU_2855,inner_race,N15_M07_F10,real,1499.1390637388388,0.6030692294411472,24.98565106231398,0.25641025641025644,0.017775229357798208,0.004367950443025357,0.0512,0,False,5.625163695795846,False,False,0.0512,0,False,5.625163695795846,False,False
PU,N15_M07_F10_KI16_2,KI16,6203_PU_2855,inner_race,N15_M07_F10,real,1500.078060007897,0.7111603892925155,25.001301000131615,0.25641025641025644,0.017775229357798208,0.004365216259199342,0.002,2,True,60.0,False,False,0.002,2,True,60.0,False,False
PU,N15_M07_F10_KI16_20,KI16,6203_PU_2855,inner_race,N15_M07_F10,real,1499.6425299594587,1.1820426584164117,24.99404216599098,0.25641025641025644,0.017775229357798208,0.0043664840165554,0.0021,0,False,10.176004803198476,False,False,0.0021,0,False,10.176004803198476,False,False
PU,N15_M07_F10_KI16_3,KI16,6203_PU_2855,inner_race,N15_M07_F10,real,1499.3200840605375,0.5436249812569435,24.988668067675626,0.25641025641025644,0.017775229357798208,0.004367423078786882,0.0027,0,False,6.6199272121180535,False,False,0.0027,0,False,6.6199272121180535,False,False
PU,N15_M07_F10_KI16_4,KI16,6203_PU_2855,inner_race,N15_M07_F10,real,1499.5036484714303,1.093010086109744,24.991727474523838,0.25641025641025644,0.017775229357798208,0.004366888432908965,0.0058,0,False,4.61686510421529,False,False,0.0058,0,False,4.61686510421529,False,False
PU,N15_M07_F10_KI16_5,KI16,6203_PU_2855,inner_race,N15_M07_F10,real,1499.697724886519,0.4561611453805863,24.994962081441983,0.25641025641025644,0.017775229357798208,0.004366323312326272,0.0019,1,False,45.87413375557708,False,False,0.0019,1,False,45.87413375557708,False,False
PU,N15_M07_F10_KI16_6,KI16,6203_PU_2855,inner_race,N15_M07_F10,real,1499.4730955528205,1.0888213674368914,24.991218259213674,0.25641025641025644,0.017775229357798208,0.004366977411622397,0.0014,2,True,55.436672663958184,False,False,0.0014,2,True,55.436672663958184,False,False
PU,N15_M07_F10_KI16_7,KI16,6203_PU_2855,inner_race,N15_M07_F10,real,1499.841544049886,1.3163164795053586,24.9973590674981,0.25641025641025644,0.017775229357798208,0.0043659046274536865,0.0241,0,False,5.515817150463948,False,False,0.0241,0,False,5.515817150463948,False,False
PU,N15_M07_F10_KI16_8,KI16,6203_PU_2855,inner_race,N15_M07_F10,real,1499.2921428839065,1.467356892982001,24.98820238139844,0.25641025641025644,0.017775229357798208,0.004367504471156105,0.0028,0,False,10.501116032312193,False,False,0.0028,0,False,10.501116032312193,False,False
PU,N15_M07_F10_KI16_9,KI16,6203_PU_2855,inner_race,N15_M07_F10,real,1499.6063406336423,0.8622375087869392,24.993439010560703,0.25641025641025644,0.017775229357798208,0.004366589390951644,0.0021,0,False,9.057828328274727,False,False,0.0021,0,False,9.057828328274727,False,False
PU,N09_M07_F10_KI17_1,KI17,6203_PU_2905,inner_race,N09_M07_F10,real,899.6882089508831,0.5857881609526108,14.994803482514719,0.25641025641025644,0.022982062780269034,0.007239677979545242,0.0242,1,False,24.859870083527753,True,False,-0.0009,0,False,10.08964861775429,False,False
PU,N09_M07_F10_KI17_10,KI17,6203_PU_2905,inner_race,N09_M07_F10,real,899.2110978249018,2.417051723099255,14.98685163041503,0.25641025641025644,0.022982062780269034,0.007243519269895103,0.0044,0,False,6.588672134673372,False,False,0.0044,0,False,6.588672134673372,False,False
PU,N09_M07_F10_KI17_11,KI17,6203_PU_2905,inner_race,N09_M07_F10,real,899.7247736281798,0.7501745420198379,14.995412893802998,0.25641025641025644,0.022982062780269034,0.007239383760138581,0.0522,0,False,4.9012997937445615,False,False,0.0522,0,False,4.9012997937445615,False,False
PU,N09_M07_F10_KI17_12,KI17,6203_PU_2905,inner_race,N09_M07_F10,real,899.7647006307269,0.8010544405314843,14.996078343845449,0.25641025641025644,0.022982062780269034,0.007239062512935142,0.021,0,False,23.02204365819743,True,False,0.0039,0,False,8.848969242934942,False,False
PU,N09_M07_F10_KI17_13,KI17,6203_PU_2905,inner_race,N09_M07_F10,real,899.5534147173333,0.4404595442272143,14.992556911955555,0.25641025641025644,0.022982062780269034,0.007240762814340412,-0.0059,0,False,5.950840469418674,False,False,-0.0059,0,False,5.950840469418674,False,False
PU,N09_M07_F10_KI17_14,KI17,6203_PU_2905,inner_race,N09_M07_F10,real,899.8672941146364,0.5024731717429164,14.99778823524394,0.25641025641025644,0.022982062780269034,0.007238237190525608,-0.0061,0,False,11.41593606134033,False,False,-0.0061,0,False,11.41593606134033,False,False
PU,N09_M07_F10_KI17_15,KI17,6203_PU_2905,inner_race,N09_M07_F10,real,899.8187907898866,1.6486277011115735,14.99697984649811,0.25641025641025644,0.022982062780269034,0.007238627356381958,0.0239,0,False,11.602109595036994,True,False,0.0288,0,False,8.7881341232022,True,False
PU,N09_M07_F10_KI17_16,KI17,6203_PU_2905,inner_race,N09_M07_F10,real,899.4478081259435,0.7624252081305278,14.990796802099059,0.25641025641025644,0.022982062780269034,0.007241612971818119,0.0313,0,False,13.393874687838714,False,False,0.0313,0,False,13.393874687838714,False,False
PU,N09_M07_F10_KI17_17,KI17,6203_PU_2905,inner_race,N09_M07_F10,real,899.5307097592607,0.8063468316835986,14.992178495987678,0.25641025641025644,0.022982062780269034,0.0072409455776572505,0.021,1,False,25.583072966262822,True,False,0.0182,0,False,12.398859921145643,True,False
PU,N09_M07_F10_KI17_18,KI17,6203_PU_2905,inner_race,N09_M07_F10,real,900.0258484941394,0.9442921110282674,15.000430808235656,0.25641025641025644,0.022982062780269034,0.007236962055807689,0.021,0,False,14.368847672953574,True,False,0.041,0,False,9.621410559400719,False,False
PU,N09_M07_F10_KI17_19,KI17,6203_PU_2905,inner_race,N09_M07_F10,real,899.7866736170407,0.4175542199915341,14.996444560284012,0.25641025641025644,0.022982062780269034,0.007238885733453756,0.021,0,False,21.099630542108162,True,False,0.0572,0,False,9.262297087746395,False,False
PU,N09_M07_F10_KI17_2,KI17,6203_PU_2905,inner_race,N09_M07_F10,real,899.4911572381469,1.1577111021266036,14.991519287302449,0.25641025641025644,0.022982062780269034,0.007241263977288574,0.0296,0,False,18.462263106171193,True,False,0.0296,0,False,18.401051398508432,True,False
PU,N09_M07_F10_KI17_20,KI17,6203_PU_2905,inner_race,N09_M07_F10,real,899.3020261311032,0.936011680841978,14.988367102185054,0.25641025641025644,0.022982062780269034,0.007242786878641653,0.0465,0,False,9.536624003204636,False,False,0.0465,0,False,9.536624003204636,False,False
PU,N09_M07_F10_KI17_3,KI17,6203_PU_2905,inner_race,N09_M07_F10,real,899.6531025999278,0.9703038868459015,14.994218376665463,0.25641025641025644,0.022982062780269034,0.0072399604869641775,-0.0034,0,False,20.726537203677495,False,False,-0.0034,0,False,20.726537203677495,False,False
PU,N09_M07_F10_KI17_4,KI17,6203_PU_2905,inner_race,N09_M07_F10,real,899.7305933449642,1.2732002853069064,14.995509889082737,0.25641025641025644,0.022982062780269034,0.007239336933717996,0.0241,0,False,11.373356866652639,True,False,0.0364,0,False,9.205381761679412,False,False
PU,N09_M07_F10_KI17_5,KI17,6203_PU_2905,inner_race,N09_M07_F10,real,899.9161635027584,1.3688706312393102,14.998602725045973,0.25641025641025644,0.022982062780269034,0.007237844122552247,0.0284,0,False,6.707082327429731,True,False,0.0284,0,False,6.308126306994065,True,False
PU,N09_M07_F10_KI17_6,KI17,6203_PU_2905,inner_race,N09_M07_F10,real,899.7967583135476,0.806935128776713,14.996612638559126,0.25641025641025644,0.022982062780269034,0.007238804601837092,0.0205,0,False,21.89825184107242,True,False,0.0138,0,False,8.400729270388453,False,False
PU,N09_M07_F10_KI17_7,KI17,6203_PU_2905,inner_race,N09_M07_F10,real,899.899057801004,0.4563852835769786,14.998317630016734,0.25641025641025644,0.022982062780269034,0.007237981702875098,0.0212,0,False,23.97241358558102,True,False,0.0059,0,False,8.73839988283335,False,False
PU,N09_M07_F10_KI17_8,KI17,6203_PU_2905,inner_race,N09_M07_F10,real,899.409030469299,0.825995112248318,14.99015050782165,0.25641025641025644,0.022982062780269034,0.007241925191033026,0.0219,0,False,22.810207613235878,True,False,0.0598,0,False,9.080475641679794,False,False
PU,N09_M07_F10_KI17_9,KI17,6203_PU_2905,inner_race,N09_M07_F10,real,899.7675601694741,0.7908924503823608,14.99612600282457,0.25641025641025644,0.022982062780269034,0.007239039506571427,0.0083,0,False,5.858703076422934,False,False,0.0083,0,False,5.858703076422934,False,False
PU,N15_M01_F10_KI17_1,KI17,6203_PU_2905,inner_race,N15_M01_F10,real,1499.6947346067243,1.2430870598259216,24.994912243445405,0.25641025641025644,0.022982062780269034,0.004343185826084984,-0.01,1,False,26.012594146353056,False,True,-0.01,1,False,26.012594146353056,False,True
PU,N15_M01_F10_KI17_10,KI17,6203_PU_2905,inner_race,N15_M01_F10,real,1499.5790894784168,0.4489619722746415,24.99298482464028,0.25641025641025644,0.022982062780269034,0.004343520765592773,-0.01,1,False,25.31619333462004,False,True,-0.01,1,False,25.31619333462004,False,True
PU,N15_M01_F10_KI17_11,KI17,6203_PU_2905,inner_race,N15_M01_F10,real,1499.0217368115236,0.8793985934481132,24.983695613525395,0.25641025641025644,0.022982062780269034,0.004345135734090534,-0.0003,0,False,14.523259252329506,False,False,-0.0003,0,False,14.523259252329506,False,False
PU,N15_M01_F10_KI17_12,KI17,6203_PU_2905,inner_race,N15_M01_F10,real,1500.1298342402774,0.6948670716560593,25.002163904004625,0.25641025641025644,0.022982062780269034,0.004341926122745813,0.057,1,False,25.454906984913446,False,False,0.057,1,False,25.454906984913446,False,False
PU,N15_M01_F10_KI17_13,KI17,6203_PU_2905,inner_race,N15_M01_F10,real,1500.1463039187938,1.6123992947106816,25.002438398646564,0.25641025641025644,0.022982062780269034,0.004341878453976975,-0.01,1,False,24.495224742457204,False,True,-0.01,1,False,24.495224742457204,False,True
PU,N15_M01_F10_KI17_14,KI17,6203_PU_2905,inner_race,N15_M01_F10,real,1500.1945302894728,0.8650669755263428,25.003242171491213,0.25641025641025644,0.022982062780269034,0.004341738876718469,-0.01,1,False,24.314761211021384,False,True,-0.01,1,False,24.314761211021384,False,True
PU,N15_M01_F10_KI17_15,KI17,6203_PU_2905,inner_race,N15_M01_F10,real,1499.5197363891973,0.5016712027703619,24.991995606486622,0.25641025641025644,0.022982062780269034,0.004343692688221913,-0.01,1,False,25.225305454157258,False,True,-0.01,1,False,25.225305454157258,False,True
PU,N15_M01_F10_KI17_16,KI17,6203_PU_2905,inner_race,N15_M01_F10,real,1499.5141264242752,0.543000026498331,24.991902107071255,0.25641025641025644,0.022982062780269034,0.004343708938794804,-0.01,1,False,24.92759939152252,False,True,-0.01,1,False,24.92759939152252,False,True
PU,N15_M01_F10_KI17_17,KI17,6203_PU_2905,inner_race,N15_M01_F10,real,1500.0840877741114,0.4920290077361484,25.001401462901857,0.25641025641025644,0.022982062780269034,0.00434205853384069,-0.01,1,False,23.36998220303063,False,True,-0.01,1,False,23.36998220303063,False,True
PU,N15_M01_F10_KI17_18,KI17,6203_PU_2905,inner_race,N15_M01_F10,real,1499.5736790927556,0.3719286260910593,24.992894651545928,0.25641025641025644,0.022982062780269034,0.0043435364367950605,-0.01,1,False,21.72978032419988,False,True,-0.01,1,False,21.72978032419988,False,True
PU,N15_M01_F10_KI17_19,KI17,6203_PU_2905,inner_race,N15_M01_F10,real,1500.7435240359894,1.208856231311939,25.01239206726649,0.25641025641025644,0.022982062780269034,0.004340150605668718,-0.01,1,False,21.88723415339723,False,True,-0.01,1,False,21.88723415339723,False,True
PU,N15_M01_F10_KI17_2,KI17,6203_PU_2905,inner_race,N15_M01_F10,real,1499.7879215970295,0.9438760791834077,24.99646535995049,0.25641025641025644,0.022982062780269034,0.0043429159689874295,-0.0082,1,False,25.058498137414247,False,False,-0.0082,1,False,25.058498137414247,False,False
PU,N15_M01_F10_KI17_20,KI17,6203_PU_2905,inner_race,N15_M01_F10,real,1499.500902341706,1.2540166842956748,24.9916817056951,0.25641025641025644,0.022982062780269034,0.00434374724591791,-0.01,1,False,22.472216051116966,False,True,-0.01,1,False,22.472216051116966,False,True
PU,N15_M01_F10_KI17_3,KI17,6203_PU_2905,inner_race,N15_M01_F10,real,1499.8561390911054,0.9595039602033183,24.99760231818509,0.25641025641025644,0.022982062780269034,0.00434271844148018,-0.01,1,False,25.63689394603505,False,True,-0.01,1,False,25.63689394603505,False,True
PU,N15_M01_F10_KI17_4,KI17,6203_PU_2905,inner_race,N15_M01_F10,real,1499.8318632320943,0.6471582010849156,24.997197720534906,0.25641025641025644,0.022982062780269034,0.004342788731506146,-0.01,1,False,24.060742850342088,False,True,-0.01,1,False,24.060742850342088,False,True
PU,N15_M01_F10_KI17_5,KI17,6203_PU_2905,inner_race,N15_M01_F10,real,1499.6857231381891,0.7417558205537882,24.99476205230315,0.25641025641025644,0.022982062780269034,0.004343211923874548,-0.0089,1,False,22.622042938533532,False,False,-0.0089,1,False,22.622042938533532,False,False
PU,N15_M01_F10_KI17_6,KI17,6203_PU_2905,inner_race,N15_M01_F10,real,1499.9384826048927,1.4941214359324342,24.998974710081544,0.25641025641025644,0.022982062780269034,0.004342480035238854,-0.01,1,False,23.042904846749135,False,True,-0.01,1,False,23.042904846749135,False,True
PU,N15_M01_F10_KI17_7,KI17,6203_PU_2905,inner_race,N15_M01_F10,real,1499.8214211214572,2.3219147725208207,24.99702368535762,0.25641025641025644,0.022982062780269034,0.004342818967026035,-0.01,1,False,24.518148080708905,False,True,-0.01,1,False,24.518148080708905,False,True
PU,N15_M01_F10_KI17_8,KI17,6203_PU_2905,inner_race,N15_M01_F10,real,1499.665682342016,0.7993078524330997,24.9944280390336,0.25641025641025644,0.022982062780269034,0.004343269964427137,-0.0097,1,False,22.89538194285577,False,False,-0.0097,1,False,22.89538194285577,False,False
PU,N15_M01_F10_KI17_9,KI17,6203_PU_2905,inner_race,N15_M01_F10,real,1499.9661869942502,0.6498516754690994,24.99943644990417,0.25641025641025644,0.022982062780269034,0.004342399829592409,-0.0098,1,False,22.91754294626496,False,False,-0.0098,1,False,22.91754294626496,False,False
PU,N15_M07_F04_KI17_1,KI17,6203_PU_2905,inner_race,N15_M07_F04,real,1499.726705060401,0.47599453700090116,24.995445084340016,0.25641025641025644,0.022982062780269034,0.004343093240135295,0.0002,0,False,10.871683324920708,False,False,0.0002,0,False,10.871683324920708,False,False
PU,N15_M07_F04_KI17_10,KI17,6203_PU_2905,inner_race,N15_M07_F04,real,1499.6091945582584,0.9458998820223838,24.993486575970973,0.25641025641025644,0.022982062780269034,0.004343433568181664,-0.0005,0,False,13.204940331329228,False,False,-0.0005,0,False,13.204940331329228,False,False
PU,N15_M07_F04_KI17_11,KI17,6203_PU_2905,inner_race,N15_M07_F04,real,1498.9161293660393,2.558105121575729,24.981935489433987,0.25641025641025644,0.022982062780269034,0.004345441874424987,0.0474,0,False,11.827877721039103,False,False,0.0474,0,False,11.827877721039103,False,False
PU,N15_M07_F04_KI17_12,KI17,6203_PU_2905,inner_race,N15_M07_F04,real,1499.0397846345934,2.3298332370623887,24.983996410576555,0.25641025641025644,0.022982062780269034,0.004345083420441659,0.001,0,False,15.727458177109952,False,False,0.001,0,False,15.727458177109952,False,False
PU,N15_M07_F04_KI17_13,KI17,6203_PU_2905,inner_race,N15_M07_F04,real,1499.5994908408156,0.7336875050231856,24.993324847346926,0.25641025641025644,0.022982062780269034,0.00434346167398747,-0.0007,0,False,26.44428547316207,False,False,-0.0007,0,False,26.44428547316207,False,False
PU,N15_M07_F04_KI17_14,KI17,6203_PU_2905,inner_race,N15_M07_F04,real,1500.6184947300076,1.701363725381111,25.010308245500127,0.25641025641025644,0.022982062780269034,0.0043405122205761645,-0.0091,1,False,22.545496257529088,False,False,-0.0091,1,False,22.545496257529088,False,False
PU,N15_M07_F04_KI17_15,KI17,6203_PU_2905,inner_race,N15_M07_F04,real,1499.4208289352796,0.4238698565636411,24.990347148921327,0.25641025641025644,0.022982062780269034,0.004343979214576691,-0.0008,0,False,19.4512479706097,False,False,-0.0008,0,False,19.4512479706097,False,False
PU,N15_M07_F04_KI17_16,KI17,6203_PU_2905,inner_race,N15_M07_F04,real,1499.037737157942,0.8468441202560972,24.9839622859657,0.25641025641025644,0.022982062780269034,0.004345089355220105,-0.0002,0,False,25.002423683483173,False,False,-0.0002,0,False,25.002423683483173,False,False
PU,N15_M07_F04_KI17_17,KI17,6203_PU_2905,inner_race,N15_M07_F04,real,1499.7087073051807,0.49681310912723103,24.995145121753012,0.25641025641025644,0.022982062780269034,0.004343145360876245,-0.0005,0,False,14.482313288926543,False,False,-0.0005,0,False,14.482313288926543,False,False
PU,N15_M07_F04_KI17_18,KI17,6203_PU_2905,inner_race,N15_M07_F04,real,1499.5437401629135,0.4814067860372177,24.992395669381892,0.25641025641025644,0.022982062780269034,0.0043436231570614745,0.024,0,False,10.24713978840899,True,False,0.0307,0,False,9.625366369021211,False,False
PU,N15_M07_F04_KI17_19,KI17,6203_PU_2905,inner_race,N15_M07_F04,real,1501.396909331909,2.4359327638511417,25.023281822198484,0.25641025641025644,0.022982062780269034,0.004338261837568695,-0.01,0,False,12.566777401386325,False,True,-0.01,0,False,12.566777401386325,False,True
PU,N15_M07_F04_KI17_2,KI17,6203_PU_2905,inner_race,N15_M07_F04,real,1499.4859567184246,1.9757400228118183,24.991432611973742,0.25641025641025644,0.022982062780269034,0.004343790540761504,-0.0012,0,False,7.218365103253042,False,False,-0.0012,0,False,7.218365103253042,False,False
PU,N15_M07_F04_KI17_20,KI17,6203_PU_2905,inner_race,N15_M07_F04,real,1499.8973511748475,2.3753593803477027,24.998289186247458,0.25641025641025644,0.022982062780269034,0.0043425991183305415,0.0243,0,False,6.1435460744358465,True,False,-0.0017,0,False,6.104916579212398,False,False
PU,N15_M07_F04_KI17_3,KI17,6203_PU_2905,inner_race,N15_M07_F04,real,1499.8206854720745,0.7826150857807137,24.997011424534573,0.25641025641025644,0.022982062780269034,0.004342821097142071,0.0042,0,False,12.817555491193556,False,False,0.0042,0,False,12.817555491193556,False,False
PU,N15_M07_F04_KI17_4,KI17,6203_PU_2905,inner_race,N15_M07_F04,real,1499.5655787555802,1.1595831267180203,24.992759645926338,0.25641025641025644,0.022982062780269034,0.004343559899663354,0.0002,0,False,7.450479051151306,False,False,0.0002,0,False,7.450479051151306,False,False
PU,N15_M07_F04_KI17_5,KI17,6203_PU_2905,inner_race,N15_M07_F04,real,1499.7928418262009,2.2304849625108374,24.996547363770013,0.25641025641025644,0.022982062780269034,0.0043429017215918944,-0.0056,0,False,12.57890351531778,False,False,-0.0056,0,False,12.57890351531778,False,False
PU,N15_M07_F04_KI17_6,KI17,6203_PU_2905,inner_race,N15_M07_F04,real,1499.0920523061359,0.4025423742413453,24.984867538435598,0.25641025641025644,0.022982062780269034,0.004344931923812286,-0.0009,0,False,11.434153023010456,False,False,-0.0009,0,False,11.434153023010456,False,False
PU,N15_M07_F04_KI17_7,KI17,6203_PU_2905,inner_race,N15_M07_F04,real,1499.4201062239538,1.1212598315873328,24.990335103732562,0.25641025641025644,0.022982062780269034,0.004343981308348119,-0.0086,1,False,28.54617490020503,False,False,-0.0086,1,False,28.54617490020503,False,False
PU,N15_M07_F04_KI17_8,KI17,6203_PU_2905,inner_race,N15_M07_F04,real,1499.5675730328896,0.7168893746294763,24.992792883881496,0.25641025641025644,0.022982062780269034,0.004343554123156108,0.0021,0,False,14.94476143960355,False,False,0.0021,0,False,14.94476143960355,False,False
PU,N15_M07_F04_KI17_9,KI17,6203_PU_2905,inner_race,N15_M07_F04,real,1499.092326713181,1.5916186413615723,24.98487211188635,0.25641025641025644,0.022982062780269034,0.004344931128477729,-0.0005,0,False,8.419422742112397,False,False,-0.0005,0,False,8.419422742112397,False,False
PU,N15_M07_F10_KI17_1,KI17,6203_PU_2905,inner_race,N15_M07_F10,real,1499.3291798783291,0.7427479811786195,24.988819664638818,0.25641025641025644,0.022982062780269034,0.004344244747725629,0.0244,0,False,5.984245232176042,True,False,0.0331,0,False,5.826902275814876,False,False
PU,N15_M07_F10_KI17_10,KI17,6203_PU_2905,inner_race,N15_M07_F10,real,1499.624390851027,0.6434945440112361,24.99373984751712,0.25641025641025644,0.022982062780269034,0.004343389554434938,-0.0085,0,False,13.216261508139953,False,False,-0.0085,0,False,13.216261508139953,False,False
PU,N15_M07_F10_KI17_11,KI17,6203_PU_2905,inner_race,N15_M07_F10,real,1499.5535061599062,0.9124004526473595,24.992558435998436,0.25641025641025644,0.022982062780269034,0.004343594868767316,-0.0027,0,False,14.845739541891424,False,False,-0.0027,0,False,14.845739541891424,False,False
PU,N15_M07_F10_KI17_12,KI17,6203_PU_2905,inner_race,N15_M07_F10,real,1499.5206009556318,1.033790641276879,24.992010015927196,0.25641025641025644,0.022982062780269034,0.00434369018381424,-0.0097,1,False,25.70792430294227,False,False,-0.0097,1,False,25.70792430294227,False,False
PU,N15_M07_F10_KI17_13,KI17,6203_PU_2905,inner_race,N15_M07_F10,real,1499.6550816043534,0.9970026491885686,24.994251360072557,0.25641025641025644,0.022982062780269034,0.004343300666063837,-0.0082,1,False,22.665586361371012,False,False,-0.0082,1,False,22.665586361371012,False,False
PU,N15_M07_F10_KI17_14,KI17,6203_PU_2905,inner_race,N15_M07_F10,real,1500.588985091696,0.9670521355372752,25.009816418194934,0.25641025641025644,0.022982062780269034,0.004340597578357002,-0.0015,0,False,20.45886588428029,False,False,-0.0015,0,False,20.45886588428029,False,False
PU,N15_M07_F10_KI17_15,KI17,6203_PU_2905,inner_race,N15_M07_F10,real,1499.4395939285828,1.0026827502076712,24.990659898809714,0.25641025641025644,0.022982062780269034,0.004343924851105697,-0.0022,0,False,7.444116086337259,False,False,-0.0022,0,False,7.444116086337259,False,False
PU,N15_M07_F10_KI17_16,KI17,6203_PU_2905,inner_race,N15_M07_F10,real,1499.8939973312954,0.6370793643724607,24.998233288854923,0.25641025641025644,0.022982062780269034,0.004342608828615454,-0.0014,0,False,22.0335036878422,False,False,-0.0014,0,False,22.0335036878422,False,False
PU,N15_M07_F10_KI17_17,KI17,6203_PU_2905,inner_race,N15_M07_F10,real,1499.5669876402633,0.48749654026075484,24.99278312733772,0.25641025641025644,0.022982062780269034,0.0043435558187686265,0.0173,0,False,6.773425148878902,False,False,0.0173,0,False,6.773425148878902,False,False
PU,N15_M07_F10_KI17_18,KI17,6203_PU_2905,inner_race,N15_M07_F10,real,1499.6486359837122,0.4948069593815418,24.99414393306187,0.25641025641025644,0.022982062780269034,0.004343319333948935,0.0073,0,False,11.307573001472681,False,False,0.0073,0,False,11.307573001472681,False,False
PU,N15_M07_F10_KI17_19,KI17,6203_PU_2905,inner_race,N15_M07_F10,real,1499.4910625064092,0.4605287754590599,24.991517708440153,0.25641025641025644,0.022982062780269034,0.004343775750094121,-0.01,1,False,22.640809802415436,False,True,-0.01,1,False,22.640809802415436,False,True
PU,N15_M07_F10_KI17_2,KI17,6203_PU_2905,inner_race,N15_M07_F10,real,1499.5803683771476,0.519936312518094,24.993006139619126,0.25641025641025644,0.022982062780269034,0.004343517061274344,0.0309,0,False,12.133294070896135,False,False,0.0309,0,False,12.133294070896135,False,False
PU,N15_M07_F10_KI17_20,KI17,6203_PU_2905,inner_race,N15_M07_F10,real,1499.5130762085125,0.7834769297523118,24.99188460347521,0.25641025641025644,0.022982062780269034,0.0043437119810034175,-0.0088,1,False,24.230245055870117,False,False,-0.0088,1,False,24.230245055870117,False,False
PU,N15_M07_F10_KI17_3,KI17,6203_PU_2905,inner_race,N15_M07_F10,real,1500.5896886830053,1.1185931124034572,25.009828144716757,0.25641025641025644,0.022982062780269034,0.0043405955431526045,0.028,0,False,11.435005705127292,False,False,0.028,0,False,11.435005705127292,False,False
PU,N15_M07_F10_KI17_4,KI17,6203_PU_2905,inner_race,N15_M07_F10,real,1499.5253027861093,0.4200200319005078,24.992088379768486,0.25641025641025644,0.022982062780269034,0.0043436765639741125,0.06,0,False,8.015615266905495,False,True,0.06,0,False,8.015615266905495,False,True
PU,N15_M07_F10_KI17_5,KI17,6203_PU_2905,inner_race,N15_M07_F10,real,1499.5099331236183,0.5336748572957539,24.991832218726973,0.25641025641025644,0.022982062780269034,0.0043437210857483815,0.0143,0,False,7.410429497702987,False,False,0.0143,0,False,7.410429497702987,False,False
PU,N15_M07_F10_KI17_6,KI17,6203_PU_2905,inner_race,N15_M07_F10,real,1499.5706039850947,0.2798994239586073,24.992843399751578,0.25641025641025644,0.022982062780269034,0.004343545343906294,0.0287,0,False,8.486565339050925,False,False,0.0287,0,False,8.391275176565372,False,False
PU,N15_M07_F10_KI17_7,KI17,6203_PU_2905,inner_race,N15_M07_F10,real,1499.689356715755,0.5970584030113288,24.994822611929248,0.25641025641025644,0.022982062780269034,0.004343201400763652,0.0126,0,False,11.285632053031039,False,False,0.0126,0,False,11.285632053031039,False,False
PU,N15_M07_F10_KI17_8,KI17,6203_PU_2905,inner_race,N15_M07_F10,real,1499.305059789724,0.7459529945516493,24.988417663162068,0.25641025641025644,0.022982062780269034,0.004344314635816484,-0.0079,0,False,14.215859324557567,False,False,-0.0079,0,False,14.215859324557567,False,False
PU,N15_M07_F10_KI17_9,KI17,6203_PU_2905,inner_race,N15_M07_F10,real,1499.5414187299948,1.355674378958232,24.992356978833246,0.25641025641025644,0.022982062780269034,0.004343629881403769,0.0575,0,False,5.477271517337573,False,False,0.0575,0,False,5.477271517337573,False,False
PU,N09_M07_F10_KI18_1,KI18,6203_PU_2905,inner_race,N09_M07_F10,real,899.7390670791754,0.6403344457289118,14.995651117986256,0.25641025641025644,0.022982062780269034,0.007239268753709719,-0.0087,0,False,7.16707163741482,False,False,-0.0087,0,False,7.16707163741482,False,False
PU,N09_M07_F10_KI18_10,KI18,6203_PU_2905,inner_race,N09_M07_F10,real,899.7653890867603,0.42969890538504874,14.99608981811267,0.25641025641025644,0.022982062780269034,0.00723905697396207,0.0584,0,False,6.128580014726062,False,False,0.0584,0,False,6.128580014726062,False,False
PU,N09_M07_F10_KI18_11,KI18,6203_PU_2905,inner_race,N09_M07_F10,real,899.7508091102417,0.41588043334757974,14.995846818504027,0.25641025641025644,0.022982062780269034,0.0072391742789754444,0.021,1,False,35.57273321013964,True,False,0.0586,0,False,11.406370686959779,False,False
PU,N09_M07_F10_KI18_12,KI18,6203_PU_2905,inner_race,N09_M07_F10,real,899.6658237380595,0.37354635453909496,14.994430395634327,0.25641025641025644,0.022982062780269034,0.007239858115022293,0.0214,0,False,33.31113479363815,True,False,0.0309,0,False,13.031294844446162,False,False
PU,N09_M07_F10_KI18_13,KI18,6203_PU_2905,inner_race,N09_M07_F10,real,899.783821422313,0.31421932757121496,14.996397023705217,0.25641025641025644,0.022982062780269034,0.007238908679756225,0.0212,1,False,40.75627018190695,True,False,0.0356,0,False,6.988943059835268,False,False
PU,N09_M07_F10_KI18_14,KI18,6203_PU_2905,inner_race,N09_M07_F10,real,899.8017621849041,0.3597145247584014,14.996696036415068,0.25641025641025644,0.022982062780269034,0.007238764346251336,0.0207,1,False,34.6258581462003,True,False,0.0096,0,False,10.474291810057643,False,False
PU,N09_M07_F10_KI18_15,KI18,6203_PU_2905,inner_race,N09_M07_F10,real,899.6839689609627,0.6216478357275396,14.994732816016045,0.25641025641025644,0.022982062780269034,0.007239712098372207,0.0226,0,False,28.235629847187454,True,False,0.0446,0,False,8.777342272543887,False,False
PU,N09_M07_F10_KI18_16,KI18,6203_PU_2905,inner_race,N09_M07_F10,real,899.7342828365737,0.17653466936272977,14.995571380609562,0.25641025641025644,0.022982062780269034,0.007239307247761393,0.0208,0,False,33.11645536241158,True,False,0.0357,0,False,8.256215692135715,False,False
PU,N09_M07_F10_KI18_17,KI18,6203_PU_2905,inner_race,N09_M07_F10,real,899.8444550759978,0.28748518327456013,14.997407584599962,0.25641025641025644,0.022982062780269034,0.007238420904919733,0.0223,0,False,29.577224796750258,True,False,0.0419,0,False,11.184776270788177,False,False
PU,N09_M07_F10_KI18_18,KI18,6203_PU_2905,inner_race,N09_M07_F10,real,899.8092999502932,0.26466207721173435,14.996821665838219,0.25641025641025644,0.022982062780269034,0.007238703706616524,0.0209,0,False,26.95274831656393,True,False,0.0258,0,False,10.223313034935952,True,False
PU,N09_M07_F10_KI18_19,KI18,6203_PU_2905,inner_race,N09_M07_F10,real,899.7335684630997,0.48229248704248073,14.995559474384995,0.25641025641025644,0.022982062780269034,0.007239312995650822,0.0211,1,False,28.343929715786413,True,False,0.0181,0,False,9.952314852090357,True,False
PU,N09_M07_F10_KI18_2,KI18,6203_PU_2905,inner_race,N09_M07_F10,real,899.5771967141009,0.6222849468205074,14.992953278568347,0.25641025641025644,0.022982062780269034,0.0072405713913047095,0.0216,0,False,21.438310977394366,True,False,0.0163,0,False,11.34092689703693,True,False
PU,N09_M07_F10_KI18_20,KI18,6203_PU_2905,inner_race,N09_M07_F10,real,899.8112048259742,0.33955751729898975,14.996853413766237,0.25641025641025644,0.022982062780269034,0.007238688382478995,-0.0044,2,True,43.70320348522868,False,False,-0.0044,2,True,43.70320348522868,False,False
PU,N09_M07_F10_KI18_3,KI18,6203_PU_2905,inner_race,N09_M07_F10,real,899.8778686670229,0.4795081733098176,14.997964477783714,0.25641025641025644,0.022982062780269034,0.007238152133296154,0.0243,0,False,26.678802919169343,True,False,-0.0035,0,False,11.759736742240666,False,False
PU,N09_M07_F10_KI18_4,KI18,6203_PU_2905,inner_race,N09_M07_F10,real,899.7374964860289,0.4832564265378475,14.995624941433816,0.25641025641025644,0.022982062780269034,0.007239281390668759,0.0216,1,False,25.358996086009657,True,False,0.0566,0,False,10.318639571189589,False,False
PU,N09_M07_F10_KI18_5,KI18,6203_PU_2905,inner_race,N09_M07_F10,real,899.6421341156524,0.5915720834744655,14.994035568594207,0.25641025641025644,0.022982062780269034,0.007240048756943699,0.0215,0,False,35.17649176727454,True,False,0.0338,0,False,9.911474223835812,False,False
PU,N09_M07_F10_KI18_6,KI18,6203_PU_2905,inner_race,N09_M07_F10,real,899.7947372345394,0.38735134667815846,14.99657895390899,0.25641025641025644,0.022982062780269034,0.00723882086131875,-0.0041,1,False,43.48176362077423,False,False,-0.0041,1,False,43.48176362077423,False,False
PU,N09_M07_F10_KI18_7,KI18,6203_PU_2905,inner_race,N09_M07_F10,real,899.7834556533355,0.7770106390268386,14.996390927555591,0.25641025641025644,0.022982062780269034,0.007238911622428942,-0.006,0,False,6.765085730168528,False,False,-0.006,0,False,6.765085730168528,False,False
PU,N09_M07_F10_KI18_8,KI18,6203_PU_2905,inner_race,N09_M07_F10,real,899.9089896322321,0.7305912432271927,14.998483160537202,0.25641025641025644,0.022982062780269034,0.007237901821005339,-0.0041,0,False,12.740896966993208,False,False,-0.0041,0,False,12.740896966993208,False,False
PU,N09_M07_F10_KI18_9,KI18,6203_PU_2905,inner_race,N09_M07_F10,real,899.8096925953569,0.9274369414539034,14.996828209922615,0.25641025641025644,0.022982062780269034,0.007238700547902741,-0.0013,0,False,9.772608020624439,False,False,-0.0013,0,False,9.772608020624439,False,False
PU,N15_M01_F10_KI18_1,KI18,6203_PU_2905,inner_race,N15_M01_F10,real,1499.6758304664465,0.7089450011309286,24.994597174440777,0.25641025641025644,0.022982062780269034,0.004343240574046137,-0.0001,3,True,60.0,False,False,-0.0001,3,True,60.0,False,False
PU,N15_M01_F10_KI18_10,KI18,6203_PU_2905,inner_race,N15_M01_F10,real,1499.5894652687011,0.2693973226093203,24.993157754478354,0.25641025641025644,0.022982062780269034,0.0043434907123938125,0.0003,3,True,60.0,False,False,0.0003,3,True,60.0,False,False
PU,N15_M01_F10_KI18_11,KI18,6203_PU_2905,inner_race,N15_M01_F10,real,1499.7869910569425,0.5637280372660277,24.99644985094904,0.25641025641025644,0.022982062780269034,0.004342918663541675,0.0002,3,True,60.0,False,False,0.0002,3,True,60.0,False,False
PU,N15_M01_F10_KI18_12,KI18,6203_PU_2905,inner_race,N15_M01_F10,real,1499.5413345864495,0.38512383776896325,24.992355576440826,0.25641025641025644,0.022982062780269034,0.004343630125137242,0.0004,3,True,60.0,False,False,0.0004,3,True,60.0,False,False
PU,N15_M01_F10_KI18_13,KI18,6203_PU_2905,inner_race,N15_M01_F10,real,1499.6176796756904,0.8894752121316135,24.99362799459484,0.25641025641025644,0.022982062780269034,0.004343408992221815,0.0005,3,True,60.0,False,False,0.0005,3,True,60.0,False,False
PU,N15_M01_F10_KI18_14,KI18,6203_PU_2905,inner_race,N15_M01_F10,real,1499.504200110489,0.37167572155929746,24.99173666850815,0.25641025641025644,0.022982062780269034,0.004343737692977633,0.0003,3,True,60.0,False,False,0.0003,3,True,60.0,False,False
PU,N15_M01_F10_KI18_15,KI18,6203_PU_2905,inner_race,N15_M01_F10,real,1499.552609835194,0.4634981137060664,24.992543497253234,0.25641025641025644,0.022982062780269034,0.004343597465055966,0.0003,3,True,60.0,False,False,0.0003,3,True,60.0,False,False
PU,N15_M01_F10_KI18_16,KI18,6203_PU_2905,inner_race,N15_M01_F10,real,1499.558600382596,0.27243596805255776,24.992643339709936,0.25641025641025644,0.022982062780269034,0.004343580112932145,0.0003,3,True,60.0,False,False,0.0003,3,True,60.0,False,False
PU,N15_M01_F10_KI18_17,KI18,6203_PU_2905,inner_race,N15_M01_F10,real,1499.467501309296,0.5807924447029147,24.9911250218216,0.25641025641025644,0.022982062780269034,0.00434384400402865,0.0003,3,True,60.0,False,False,0.0003,3,True,60.0,False,False
PU,N15_M01_F10_KI18_18,KI18,6203_PU_2905,inner_race,N15_M01_F10,real,1499.6623668340155,0.4185487506407191,24.994372780566927,0.25641025641025644,0.022982062780269034,0.004343279566686041,0.0002,3,True,60.0,False,False,0.0002,3,True,60.0,False,False
PU,N15_M01_F10_KI18_19,KI18,6203_PU_2905,inner_race,N15_M01_F10,real,1499.5868075469562,0.36525168729513047,24.993113459115936,0.25641025641025644,0.022982062780269034,0.004343498410374121,0.0003,3,True,60.0,False,False,0.0003,3,True,60.0,False,False
PU,N15_M01_F10_KI18_2,KI18,6203_PU_2905,inner_race,N15_M01_F10,real,1499.5224304790106,0.3895857321873362,24.99204050798351,0.25641025641025644,0.022982062780269034,0.004343684884205124,0.0004,3,True,60.0,False,False,0.0004,3,True,60.0,False,False
PU,N15_M01_F10_KI18_20,KI18,6203_PU_2905,inner_race,N15_M01_F10,real,1499.732464094632,0.32894709767437896,24.995541068243867,0.25641025641025644,0.022982062780269034,0.0043430765624789544,-0.0,3,True,60.0,False,False,-0.0,3,True,60.0,False,False
PU,N15_M01_F10_KI18_3,KI18,6203_PU_2905,inner_race,N15_M01_F10,real,1499.4592278791454,0.3886665310234277,24.99098713131909,0.25641025641025644,0.022982062780269034,0.004343867971662636,0.0006,3,True,60.0,False,False,0.0006,3,True,60.0,False,False
PU,N15_M01_F10_KI18_4,KI18,6203_PU_2905,inner_race,N15_M01_F10,real,1499.5670884825524,0.619074688594719,24.99278480804254,0.25641025641025644,0.022982062780269034,0.004343555526674919,0.0003,3,True,60.0,False,False,0.0003,3,True,60.0,False,False
PU,N15_M01_F10_KI18_5,KI18,6203_PU_2905,inner_race,N15_M01_F10,real,1499.3714240938687,1.1249233113361161,24.989523734897812,0.25641025641025644,0.022982062780269034,0.0043441223502939256,0.0005,3,True,60.0,False,False,0.0005,3,True,60.0,False,False
PU,N15_M01_F10_KI18_6,KI18,6203_PU_2905,inner_race,N15_M01_F10,real,1499.4605527557476,1.1225563343252147,24.99100921259579,0.25641025641025644,0.022982062780269034,0.004343864133556307,0.0006,3,True,60.0,False,False,0.0006,3,True,60.0,False,False
PU,N15_M01_F10_KI18_7,KI18,6203_PU_2905,inner_race,N15_M01_F10,real,1499.5707240518668,0.4988301545464347,24.992845400864447,0.25641025641025644,0.022982062780269034,0.004343544996129787,0.0003,3,True,60.0,False,False,0.0003,3,True,60.0,False,False
PU,N15_M01_F10_KI18_8,KI18,6203_PU_2905,inner_race,N15_M01_F10,real,1499.864114036702,0.5346592593547622,24.997735233945033,0.25641025641025644,0.022982062780269034,0.004342695350759503,0.0004,3,True,60.0,False,False,0.0004,3,True,60.0,False,False
PU,N15_M01_F10_KI18_9,KI18,6203_PU_2905,inner_race,N15_M01_F10,real,1499.399851716463,0.3772932764298519,24.989997528607717,0.25641025641025644,0.022982062780269034,0.004344039988627332,0.0002,3,True,60.0,False,False,0.0002,3,True,60.0,False,False
PU,N15_M07_F04_KI18_1,KI18,6203_PU_2905,inner_race,N15_M07_F04,real,1499.4330466970146,0.6832404390651735,24.990550778283577,0.25641025641025644,0.022982062780269034,0.004343943818729479,0.0591,0,False,6.8182681661760345,False,False,0.0591,0,False,6.8182681661760345,False,False
PU,N15_M07_F04_KI18_10,KI18,6203_PU_2905,inner_race,N15_M07_F04,real,1499.454730022655,0.48789159732003595,24.99091216704425,0.25641025641025644,0.022982062780269034,0.004343881001795764,0.0003,0,False,8.22722278468239,False,False,0.0003,0,False,8.22722278468239,False,False
PU,N15_M07_F04_KI18_11,KI18,6203_PU_2905,inner_race,N15_M07_F04,real,1499.8013880472474,0.45120671656800326,24.996689800787458,0.25641025641025644,0.022982062780269034,0.004342876974716479,0.0381,0,False,26.11721879585721,False,False,0.0381,0,False,26.11721879585721,False,False
PU,N15_M07_F04_KI18_12,KI18,6203_PU_2905,inner_race,N15_M07_F04,real,1499.5013077394385,0.5191869764136522,24.991688462323975,0.25641025641025644,0.022982062780269034,0.00434374607156396,-0.01,1,False,26.638684839373294,False,True,-0.01,1,False,26.638684839373294,False,True
PU,N15_M07_F04_KI18_13,KI18,6203_PU_2905,inner_race,N15_M07_F04,real,1499.5197083106536,0.38898422157669926,24.991995138510894,0.25641025641025644,0.022982062780269034,0.004343692769557666,-0.0088,1,False,22.421169163227127,False,False,-0.0088,1,False,22.421169163227127,False,False
PU,N15_M07_F04_KI18_14,KI18,6203_PU_2905,inner_race,N15_M07_F04,real,1499.5651349022078,0.2977784374180016,24.99275224837013,0.25641025641025644,0.022982062780269034,0.004343561185305214,-0.0079,1,False,26.509375112121567,False,False,-0.0079,1,False,26.509375112121567,False,False
PU,N15_M07_F04_KI18_15,KI18,6203_PU_2905,inner_race,N15_M07_F04,real,1499.5622260220387,0.4675127128183658,24.992703767033976,0.25641025641025644,0.022982062780269034,0.0043435696110302536,0.0024,0,False,6.764974869998304,False,False,0.0024,0,False,6.764974869998304,False,False
PU,N15_M07_F04_KI18_16,KI18,6203_PU_2905,inner_race,N15_M07_F04,real,1499.6629736272398,0.323563348245716,24.99438289378733,0.25641025641025644,0.022982062780269034,0.004343277809309446,0.0002,0,False,15.936626180005105,False,False,0.0002,0,False,15.936626180005105,False,False
PU,N15_M07_F04_KI18_17,KI18,6203_PU_2905,inner_race,N15_M07_F04,real,1499.6700446032924,0.276575663381235,24.994500743388205,0.25641025641025644,0.022982062780269034,0.0043432573306625,0.0012,0,False,23.534892590596876,False,False,0.0012,0,False,23.534892590596876,False,False
PU,N15_M07_F04_KI18_18,KI18,6203_PU_2905,inner_race,N15_M07_F04,real,1499.399301846603,0.4466869936938394,24.98998836411005,0.25641025641025644,0.022982062780269034,0.004344041581703077,-0.0077,1,False,23.58765956978991,False,False,-0.0077,1,False,23.58765956978991,False,False
PU,N15_M07_F04_KI18_19,KI18,6203_PU_2905,inner_race,N15_M07_F04,real,1499.608003499681,0.3060035861232974,24.993466724994683,0.25641025641025644,0.022982062780269034,0.004343437017939064,-0.01,1,False,26.709088457002736,False,True,-0.01,1,False,26.709088457002736,False,True
PU,N15_M07_F04_KI18_2,KI18,6203_PU_2905,inner_race,N15_M07_F04,real,1499.4062934300307,0.8854826013267151,24.99010489050051,0.25641025641025644,0.022982062780269034,0.004344021325866307,-0.0025,0,False,5.410866480616485,False,False,-0.0025,0,False,5.410866480616485,False,False
PU,N15_M07_F04_KI18_20,KI18,6203_PU_2905,inner_race,N15_M07_F04,real,1499.6329702229257,0.6308903781669497,24.993882837048762,0.25641025641025644,0.022982062780269034,0.004343364705985331,0.0387,0,False,24.277407024804653,False,False,0.0387,0,False,24.277407024804653,False,False
PU,N15_M07_F04_KI18_3,KI18,6203_PU_2905,inner_race,N15_M07_F04,real,1499.5629545197312,0.49359465667520774,24.992715908662188,0.25641025641025644,0.022982062780269034,0.0043435675008951435,-0.0093,1,False,24.040539417812365,False,False,-0.0093,1,False,24.040539417812365,False,False
PU,N15_M07_F04_KI18_4,KI18,6203_PU_2905,inner_race,N15_M07_F04,real,1499.7459421915569,0.6630237785569577,24.995765703192614,0.25641025641025644,0.022982062780269034,0.004343037531596981,-0.01,1,False,28.79114945103454,False,True,-0.01,1,False,28.79114945103454,False,True
PU,N15_M07_F04_KI18_5,KI18,6203_PU_2905,inner_race,N15_M07_F04,real,1499.8865602359142,0.5519490850144727,24.998109337265237,0.25641025641025644,0.022982062780269034,0.004342630361174593,-0.01,1,False,23.730299791542297,False,True,-0.01,1,False,23.730299791542297,False,True
PU,N15_M07_F04_KI18_6,KI18,6203_PU_2905,inner_race,N15_M07_F04,real,1499.7261713818496,1.1849651097373648,24.995436189697493,0.25641025641025644,0.022982062780269034,0.004343094785627901,-0.009,1,False,22.637600068489377,False,False,-0.009,1,False,22.637600068489377,False,False
PU,N15_M07_F04_KI18_7,KI18,6203_PU_2905,inner_race,N15_M07_F04,real,1499.6755851938917,0.34072180487318615,24.994593086564862,0.25641025641025644,0.022982062780269034,0.004343241284384908,-0.0086,1,False,23.369584997631566,False,False,-0.0086,1,False,23.369584997631566,False,False
PU,N15_M07_F04_KI18_8,KI18,6203_PU_2905,inner_race,N15_M07_F04,real,1499.6543715638193,0.31920178219632933,24.994239526063655,0.25641025641025644,0.022982062780269034,0.004343302722484026,0.0375,0,False,23.566701469181208,False,False,0.0375,0,False,23.566701469181208,False,False
PU,N15_M07_F04_KI18_9,KI18,6203_PU_2905,inner_race,N15_M07_F04,real,1499.4539309098393,0.3292148518088085,24.99089884849732,0.25641025641025644,0.022982062780269034,0.004343883316805853,-0.01,1,False,24.23998134125379,False,True,-0.01,1,False,24.23998134125379,False,True
PU,N15_M07_F10_KI18_1,KI18,6203_PU_2905,inner_race,N15_M07_F10,real,1499.7385030270552,0.5338358970127278,24.995641717117586,0.25641025641025644,0.022982062780269034,0.0043430590743996555,-0.0003,3,True,60.0,False,False,-0.0003,3,True,60.0,False,False
PU,N15_M07_F10_KI18_10,KI18,6203_PU_2905,inner_race,N15_M07_F10,real,1499.6513820459027,0.3103952987337896,24.994189700765045,0.25641025641025644,0.022982062780269034,0.004343311380750514,-0.0003,3,True,60.0,False,False,-0.0003,3,True,60.0,False,False
PU,N15_M07_F10_KI18_11,KI18,6203_PU_2905,inner_race,N15_M07_F10,real,1499.5780313808948,0.4822257430066204,24.99296718968158,0.25641025641025644,0.022982062780269034,0.004343523830367305,-0.0002,3,True,60.0,False,False,-0.0002,3,True,60.0,False,False
PU,N15_M07_F10_KI18_12,KI18,6203_PU_2905,inner_race,N15_M07_F10,real,1499.563915623597,0.44980004540134516,24.99273192705995,0.25641025641025644,0.022982062780269034,0.004343564717006126,-0.0001,3,True,60.0,False,False,-0.0001,3,True,60.0,False,False
PU,N15_M07_F10_KI18_13,KI18,6203_PU_2905,inner_race,N15_M07_F10,real,1499.641603569092,0.5893921269470397,24.994026726151535,0.25641025641025644,0.022982062780269034,0.004343339701496963,-0.0003,3,True,60.0,False,False,-0.0003,3,True,60.0,False,False
PU,N15_M07_F10_KI18_14,KI18,6203_PU_2905,inner_race,N15_M07_F10,real,1499.6840302398427,0.24543628483085078,24.994733837330713,0.25641025641025644,0.022982062780269034,0.00434321682665149,-0.0002,3,True,60.0,False,False,-0.0002,3,True,60.0,False,False
PU,N15_M07_F10_KI18_15,KI18,6203_PU_2905,inner_race,N15_M07_F10,real,1499.5631227323106,0.27774361257285735,24.99271871220518,0.25641025641025644,0.022982062780269034,0.0043435670136581055,-0.0002,3,True,60.0,False,False,-0.0002,3,True,60.0,False,False
PU,N15_M07_F10_KI18_16,KI18,6203_PU_2905,inner_race,N15_M07_F10,real,1499.6202241545473,0.3168703035613221,24.993670402575788,0.25641025641025644,0.022982062780269034,0.0043434016225477,-0.0003,3,True,60.0,False,False,-0.0003,3,True,60.0,False,False
PU,N15_M07_F10_KI18_17,KI18,6203_PU_2905,inner_race,N15_M07_F10,real,1499.8115238059331,0.5302786623059327,24.996858730098886,0.25641025641025644,0.022982062780269034,0.0043428476254600435,-0.0004,3,True,60.0,False,False,-0.0004,3,True,60.0,False,False
PU,N15_M07_F10_KI18_18,KI18,6203_PU_2905,inner_race,N15_M07_F10,real,1499.4058620202145,0.7218261315888845,24.990097700336907,0.25641025641025644,0.022982062780269034,0.004344022575730329,0.0001,3,True,60.0,False,False,0.0001,3,True,60.0,False,False
PU,N15_M07_F10_KI18_19,KI18,6203_PU_2905,inner_race,N15_M07_F10,real,1499.7181640481517,0.6343640233178369,24.995302734135862,0.25641025641025644,0.022982062780269034,0.004343117974391006,-0.0005,3,True,60.0,False,False,-0.0005,3,True,60.0,False,False
PU,N15_M07_F10_KI18_2,KI18,6203_PU_2905,inner_race,N15_M07_F10,real,1499.3304844236284,0.41169374696728345,24.988841407060473,0.25641025641025644,0.022982062780269034,0.004344240967862468,-0.0001,3,True,60.0,False,False,-0.0001,3,True,60.0,False,False
PU,N15_M07_F10_KI18_20,KI18,6203_PU_2905,inner_race,N15_M07_F10,real,1499.579968502498,0.4647089817938894,24.992999475041636,0.25641025641025644,0.022982062780269034,0.0043435182195069155,-0.0,3,True,60.0,False,False,-0.0,3,True,60.0,False,False
PU,N15_M07_F10_KI18_3,KI18,6203_PU_2905,inner_race,N15_M07_F10,real,1499.4252771735914,0.49245639660700297,24.990421286226525,0.25641025641025644,0.022982062780269034,0.004343966327602553,-0.0005,3,True,60.0,False,False,-0.0005,3,True,60.0,False,False
PU,N15_M07_F10_KI18_4,KI18,6203_PU_2905,inner_race,N15_M07_F10,real,1499.5654964576242,0.3126476935485703,24.992758274293738,0.25641025641025644,0.022982062780269034,0.004343560138043139,-0.0,3,True,60.0,False,False,-0.0,3,True,60.0,False,False
PU,N15_M07_F10_KI18_5,KI18,6203_PU_2905,inner_race,N15_M07_F10,real,1499.4197418418396,0.5781689585449855,24.99032903069733,0.25641025641025644,0.022982062780269034,0.004343982364002549,-0.0002,3,True,60.0,False,False,-0.0002,3,True,60.0,False,False
PU,N15_M07_F10_KI18_6,KI18,6203_PU_2905,inner_race,N15_M07_F10,real,1499.7149530670354,0.40690030853715553,24.995249217783922,0.25641025641025644,0.022982062780269034,0.004343127273271285,-0.0004,3,True,60.0,False,False,-0.0004,3,True,60.0,False,False
PU,N15_M07_F10_KI18_7,KI18,6203_PU_2905,inner_race,N15_M07_F10,real,1499.5951081476774,0.7026112332728448,24.99325180246129,0.25641025641025644,0.022982062780269034,0.00434347436812042,-0.0001,3,True,60.0,False,False,-0.0001,3,True,60.0,False,False
PU,N15_M07_F10_KI18_8,KI18,6203_PU_2905,inner_race,N15_M07_F10,real,1499.6355725011813,0.5825990313485829,24.99392620835302,0.25641025641025644,0.022982062780269034,0.004343357169058535,-0.0002,3,True,60.0,False,False,-0.0002,3,True,60.0,False,False
PU,N15_M07_F10_KI18_9,KI18,6203_PU_2905,inner_race,N15_M07_F10,real,1499.2266691054178,0.8206073676755213,24.987111151756963,0.25641025641025644,0.022982062780269034,0.004344541788790855,-0.0003,3,True,60.0,False,False,-0.0003,3,True,60.0,False,False
PU,N09_M07_F10_KI21_1,KI21,6203_PU_2855,inner_race,N09_M07_F10,real,899.611600795724,0.5828259783519205,14.993526679928733,0.25641025641025644,0.017775229357798208,0.007278880276580137,0.0182,0,False,36.807244764398696,True,False,0.0103,0,False,18.876284995003882,False,False
PU,N09_M07_F10_KI21_10,KI21,6203_PU_2855,inner_race,N09_M07_F10,real,899.7803968540846,0.20698039309393768,14.996339947568078,0.25641025641025644,0.017775229357798208,0.007277514780838885,0.0165,1,False,42.7224554887884,True,False,0.055,0,False,11.359021084367058,False,False
PU,N09_M07_F10_KI21_11,KI21,6203_PU_2855,inner_race,N09_M07_F10,real,899.6441831107788,0.40369155793034756,14.99406971851298,0.25641025641025644,0.017775229357798208,0.007278616658168691,0.0156,2,True,40.318211146504176,True,False,0.013,0,False,10.23215819820846,True,False
PU,N09_M07_F10_KI21_12,KI21,6203_PU_2855,inner_race,N09_M07_F10,real,899.6897171729862,0.32563489539764634,14.99482861954977,0.25641025641025644,0.017775229357798208,0.0072782482811856375,0.0155,2,True,41.62140228866899,True,False,0.0236,0,False,13.675877933897548,True,False
PU,N09_M07_F10_KI21_13,KI21,6203_PU_2855,inner_race,N09_M07_F10,real,899.6621984978402,0.5795821363720726,14.994369974964004,0.25641025641025644,0.017775229357798208,0.007278470906689317,0.0155,1,False,30.229075722113606,True,False,0.0575,0,False,10.16215487045498,False,False
PU,N09_M07_F10_KI21_14,KI21,6203_PU_2855,inner_race,N09_M07_F10,real,899.8368105000353,0.4168145511061173,14.997280175000588,0.25641025641025644,0.017775229357798208,0.007277058530174925,0.0192,1,False,34.76309831998821,True,False,0.0033,0,False,8.341434951864276,False,False
PU,N09_M07_F10_KI21_15,KI21,6203_PU_2855,inner_race,N09_M07_F10,real,899.8220547696101,0.8463126314915419,14.997034246160167,0.25641025641025644,0.017775229357798208,0.007277177863006779,0.0162,0,False,32.30719791528668,True,False,0.0213,0,False,16.181470418047287,True,False
PU,N09_M07_F10_KI21_16,KI21,6203_PU_2855,inner_race,N09_M07_F10,real,899.7087595967554,0.629408838975416,14.995145993279257,0.25641025641025644,0.017775229357798208,0.007278094236349918,0.0164,0,False,36.77648786419165,True,False,0.0208,0,False,16.02740277448352,True,False
PU,N09_M07_F10_KI21_17,KI21,6203_PU_2855,inner_race,N09_M07_F10,real,899.6259954323307,0.7829242259563173,14.993766590538845,0.25641025641025644,0.017775229357798208,0.007278763809473787,0.0175,0,False,28.71649419541857,True,False,0.0226,0,False,12.16501081435079,True,False
PU,N09_M07_F10_KI21_18,KI21,6203_PU_2855,inner_race,N09_M07_F10,real,899.7610520492899,0.8642852306001558,14.996017534154833,0.25641025641025644,0.017775229357798208,0.007277671246938974,0.0191,0,False,41.46292562808834,True,False,0.0207,0,False,25.617001506653295,True,False
PU,N09_M07_F10_KI21_19,KI21,6203_PU_2855,inner_race,N09_M07_F10,real,899.8007161412296,0.923093744266341,14.996678602353827,0.25641025641025644,0.017775229357798208,0.007277350440102231,0.0153,0,False,32.5825789390548,True,False,0.0127,0,False,20.717880881045453,True,False
PU,N09_M07_F10_KI21_2,KI21,6203_PU_2855,inner_race,N09_M07_F10,real,899.6655139934438,0.680992572967724,14.994425233224064,0.25641025641025644,0.017775229357798208,0.007278444083677968,0.016,1,False,38.40377236678042,True,False,0.0265,0,False,12.585516584770446,False,False
PU,N09_M07_F10_KI21_20,KI21,6203_PU_2855,inner_race,N09_M07_F10,real,899.7716376435711,0.5135336278873345,14.996193960726185,0.25641025641025644,0.017775229357798208,0.007277585626908392,0.016,0,False,27.298347365874474,True,False,0.0382,0,False,9.598181409181631,False,False
PU,N09_M07_F10_KI21_3,KI21,6203_PU_2855,inner_race,N09_M07_F10,real,899.8609607737465,0.2907814622167076,14.997682679562441,0.25641025641025644,0.017775229357798208,0.007276863230053043,0.0158,1,False,35.301403697579275,True,False,0.0534,0,False,7.484092126088657,False,False
PU,N09_M07_F10_KI21_4,KI21,6203_PU_2855,inner_race,N09_M07_F10,real,899.7518674866793,0.5868023775118623,14.995864458111322,0.25641025641025644,0.017775229357798208,0.007277745536562194,0.016,0,False,33.004550393591245,True,False,0.0242,0,False,10.344461150245813,True,False
PU,N09_M07_F10_KI21_5,KI21,6203_PU_2855,inner_race,N09_M07_F10,real,899.7811476011516,0.4370896088871897,14.996352460019192,0.25641025641025644,0.017775229357798208,0.007277508708725806,0.0155,0,False,36.01029483028863,True,False,0.0586,0,False,12.4570417010752,False,False
PU,N09_M07_F10_KI21_6,KI21,6203_PU_2855,inner_race,N09_M07_F10,real,899.7725249245044,0.24090565827205349,14.99620874874174,0.25641025641025644,0.017775229357798208,0.007277578450357889,0.0153,1,False,41.92977707981716,True,False,0.0435,0,False,8.619282364487303,False,False
PU,N09_M07_F10_KI21_7,KI21,6203_PU_2855,inner_race,N09_M07_F10,real,899.7628241638736,0.39320991537332056,14.996047069397893,0.25641025641025644,0.017775229357798208,0.007277656913309039,0.0158,2,True,41.677555742305046,True,False,0.0207,0,False,8.419028926668949,True,False
PU,N09_M07_F10_KI21_8,KI21,6203_PU_2855,inner_race,N09_M07_F10,real,899.8375383348249,0.5705658663357507,14.997292305580414,0.25641025641025644,0.017775229357798208,0.0072770526441164555,0.0165,0,False,28.080520544532277,True,False,0.0416,0,False,10.183923011183076,False,False
PU,N09_M07_F10_KI21_9,KI21,6203_PU_2855,inner_race,N09_M07_F10,real,899.7857238823,0.3410802041199693,14.996428731371667,0.25641025641025644,0.017775229357798208,0.007277471695551415,0.0193,0,False,36.78994261184191,True,False,0.0394,0,False,8.87998802410766,False,False
PU,N15_M01_F10_KI21_1,KI21,6203_PU_2855,inner_race,N15_M01_F10,real,1499.72011320342,0.21777084597107293,24.995335220056997,0.25641025641025644,0.017775229357798208,0.004366258130410561,0.0346,0,False,14.927464768366805,False,False,0.0346,0,False,14.927464768366805,False,False
PU,N15_M01_F10_KI21_10,KI21,6203_PU_2855,inner_race,N15_M01_F10,real,1499.7054747580682,0.27466000312564676,24.995091245967803,0.25641025641025644,0.017775229357798208,0.004366300748932737,0.0331,0,False,25.559506896327992,False,False,0.0331,0,False,25.559506896327992,False,False
PU,N15_M01_F10_KI21_11,KI21,6203_PU_2855,inner_race,N15_M01_F10,real,1499.5774885129201,0.4921981997973208,24.992958141882003,0.25641025641025644,0.017775229357798208,0.004366673404859039,0.0345,1,False,24.97764923136838,False,False,0.0345,1,False,24.97764923136838,False,False
PU,N15_M01_F10_KI21_12,KI21,6203_PU_2855,inner_race,N15_M01_F10,real,1499.4243459218237,0.6408766991486523,24.99040576536373,0.25641025641025644,0.017775229357798208,0.0043671193918016354,0.0507,0,False,23.32301492873017,False,False,0.0507,0,False,23.32301492873017,False,False
PU,N15_M01_F10_KI21_13,KI21,6203_PU_2855,inner_race,N15_M01_F10,real,1499.623570347567,0.30142625666758305,24.99372617245945,0.25641025641025644,0.017775229357798208,0.004366539221637477,0.0501,1,False,25.50414521787271,False,False,0.0501,1,False,25.50414521787271,False,False
PU,N15_M01_F10_KI21_14,KI21,6203_PU_2855,inner_race,N15_M01_F10,real,1499.6347260925818,0.2391764757568624,24.993912101543028,0.25641025641025644,0.017775229357798208,0.0043665067390620165,0.0559,0,False,16.671535583379292,False,False,0.0559,0,False,16.671535583379292,False,False
PU,N15_M01_F10_KI21_15,KI21,6203_PU_2855,inner_race,N15_M01_F10,real,1499.5732046902601,0.38916489920780206,24.99288674483767,0.25641025641025644,0.017775229357798208,0.0043666858791113275,0.0345,0,False,25.832412922501252,False,False,0.0345,0,False,25.832412922501252,False,False
PU,N15_M01_F10_KI21_16,KI21,6203_PU_2855,inner_race,N15_M01_F10,real,1499.6520163447456,0.17586832585723514,24.994200272412424,0.25641025641025644,0.017775229357798208,0.004366456395381102,0.0344,0,False,24.40767980619337,False,False,0.0344,0,False,24.40767980619337,False,False
PU,N15_M01_F10_KI21_17,KI21,6203_PU_2855,inner_race,N15_M01_F10,real,1499.4616499809292,0.37506446873214977,24.991027499682154,0.25641025641025644,0.017775229357798208,0.004367010745288458,0.0324,0,False,25.239000467915723,False,False,0.0324,0,False,25.239000467915723,False,False
PU,N15_M01_F10_KI21_18,KI21,6203_PU_2855,inner_race,N15_M01_F10,real,1499.5683375314009,0.3985405192952115,24.99280562552335,0.25641025641025644,0.017775229357798208,0.004366700052092531,0.0328,0,False,24.46827017181128,False,False,0.0328,0,False,24.46827017181128,False,False
PU,N15_M01_F10_KI21_19,KI21,6203_PU_2855,inner_race,N15_M01_F10,real,1499.5548438027765,0.2963043179684387,24.992580730046274,0.25641025641025644,0.017775229357798208,0.004366739345797414,0.0323,0,False,23.39927554708235,False,False,0.0323,0,False,23.39927554708235,False,False
PU,N15_M01_F10_KI21_2,KI21,6203_PU_2855,inner_race,N15_M01_F10,real,1499.5183637446737,0.33113392941730235,24.991972729077894,0.25641025641025644,0.017775229357798208,0.004366845579178016,0.0358,0,False,27.53562533192407,False,False,0.0358,0,False,27.53562533192407,False,False
PU,N15_M01_F10_KI21_20,KI21,6203_PU_2855,inner_race,N15_M01_F10,real,1499.5632292811586,0.29107355747913116,24.99272048801931,0.25641025641025644,0.017775229357798208,0.004366714927221612,0.0347,0,False,23.215310605684234,False,False,0.0347,0,False,23.215310605684234,False,False
PU,N15_M01_F10_KI21_3,KI21,6203_PU_2855,inner_race,N15_M01_F10,real,1499.613616170545,0.28702786690594445,24.993560269509082,0.25641025641025644,0.017775229357798208,0.00436656820597312,0.0502,0,False,21.704873095639698,False,False,0.0502,0,False,21.704873095639698,False,False
PU,N15_M01_F10_KI21_4,KI21,6203_PU_2855,inner_race,N15_M01_F10,real,1499.611076208211,0.24526609862212462,24.993517936803517,0.25641025641025644,0.017775229357798208,0.004366575601836586,0.0525,0,False,22.296179966264972,False,False,0.0525,0,False,22.296179966264972,False,False
PU,N15_M01_F10_KI21_5,KI21,6203_PU_2855,inner_race,N15_M01_F10,real,1499.7355628832463,0.12585840691323907,24.99559271472077,0.25641025641025644,0.017775229357798208,0.0043662131509543,0.033,0,False,24.459508274034928,False,False,0.033,0,False,24.459508274034928,False,False
PU,N15_M01_F10_KI21_6,KI21,6203_PU_2855,inner_race,N15_M01_F10,real,1499.6197966317359,0.26110105454442295,24.993663277195598,0.25641025641025644,0.017775229357798208,0.004366550209808095,0.0361,0,False,22.297589023983978,False,False,0.0361,0,False,22.297589023983978,False,False
PU,N15_M01_F10_KI21_7,KI21,6203_PU_2855,inner_race,N15_M01_F10,real,1499.554104720059,0.19949146122231515,24.992568412000985,0.25641025641025644,0.017775229357798208,0.004366741498024913,0.0336,0,False,22.907268341395547,False,False,0.0336,0,False,22.907268341395547,False,False
PU,N15_M01_F10_KI21_8,KI21,6203_PU_2855,inner_race,N15_M01_F10,real,1499.7259032637915,0.3651638079129542,24.99543172106319,0.25641025641025644,0.017775229357798208,0.004366241273398144,0.0321,0,False,23.392491667228075,False,False,0.0321,0,False,23.392491667228075,False,False
PU,N15_M01_F10_KI21_9,KI21,6203_PU_2855,inner_race,N15_M01_F10,real,1499.5771374295352,0.3404750426943433,24.992952290492255,0.25641025641025644,0.017775229357798208,0.004366674427191563,0.0557,1,False,24.866759996686273,False,False,0.0557,1,False,24.866759996686273,False,False
PU,N15_M07_F04_KI21_1,KI21,6203_PU_2855,inner_race,N15_M07_F04,real,1499.6049071574075,0.9831418623049636,24.993415119290127,0.25641025641025644,0.017775229357798208,0.00436659356498581,0.0337,0,False,19.52739231782418,False,False,0.0337,0,False,19.52739231782418,False,False
PU,N15_M07_F04_KI21_10,KI21,6203_PU_2855,inner_race,N15_M07_F04,real,1499.6421162040308,0.5091186365940508,24.99403527006718,0.25641025641025644,0.017775229357798208,0.004366485221280476,0.0499,0,False,23.362369510592572,False,False,0.0499,0,False,23.362369510592572,False,False
PU,N15_M07_F04_KI21_11,KI21,6203_PU_2855,inner_race,N15_M07_F04,real,1499.6556116624306,1.0817598309020726,24.994260194373844,0.25641025641025644,0.017775229357798208,0.0043664459271124025,0.0324,0,False,20.675815706178444,False,False,0.0324,0,False,20.675815706178444,False,False
PU,N15_M07_F04_KI21_12,KI21,6203_PU_2855,inner_race,N15_M07_F04,real,1499.4605410748693,0.33338650268549047,24.99100901791449,0.25641025641025644,0.017775229357798208,0.004367013974853056,0.0349,1,False,25.402624576390842,False,False,0.0349,1,False,25.402624576390842,False,False
PU,N15_M07_F04_KI21_13,KI21,6203_PU_2855,inner_race,N15_M07_F04,real,1499.7492820508296,0.4268101112013378,24.995821367513827,0.25641025641025644,0.017775229357798208,0.004366173210405143,0.0565,0,False,21.78377147703902,False,False,0.0565,0,False,21.78377147703902,False,False
PU,N15_M07_F04_KI21_14,KI21,6203_PU_2855,inner_race,N15_M07_F04,real,1499.0763083039437,0.6412615325331759,24.98460513839906,0.25641025641025644,0.017775229357798208,0.004368133297379157,0.0324,1,False,22.824877163146596,False,False,0.0324,1,False,22.824877163146596,False,False
PU,N15_M07_F04_KI21_15,KI21,6203_PU_2855,inner_race,N15_M07_F04,real,1498.7916326076024,1.4905531839098833,24.979860543460042,0.25641025641025644,0.017775229357798208,0.004368962966668129,-0.01,0,False,9.831843841666114,False,True,-0.01,0,False,9.831843841666114,False,True
PU,N15_M07_F04_KI21_16,KI21,6203_PU_2855,inner_race,N15_M07_F04,real,1499.4713633271288,0.3121474630503803,24.99118938878548,0.25641025641025644,0.017775229357798208,0.004366982456460633,0.0322,1,False,24.033484997577442,False,False,0.0322,1,False,24.033484997577442,False,False
PU,N15_M07_F04_KI21_17,KI21,6203_PU_2855,inner_race,N15_M07_F04,real,1499.7005374954506,0.45359723667485896,24.99500895825751,0.25641025641025644,0.017775229357798208,0.004366315123518146,0.0536,0,False,19.087810156918202,False,False,0.0536,0,False,19.087810156918202,False,False
PU,N15_M07_F04_KI21_18,KI21,6203_PU_2855,inner_race,N15_M07_F04,real,1499.7890968557904,0.3333330373293628,24.996484947596507,0.25641025641025644,0.017775229357798208,0.0043660573018849645,0.0564,0,False,22.155449801890622,False,False,0.0564,0,False,22.155449801890622,False,False
PU,N15_M07_F04_KI21_19,KI21,6203_PU_2855,inner_race,N15_M07_F04,real,1499.706505069196,0.2711063998653737,24.995108417819935,0.25641025641025644,0.017775229357798208,0.004366297749246976,0.0564,1,False,27.15862862398787,False,False,0.0564,1,False,27.15862862398787,False,False
PU,N15_M07_F04_KI21_2,KI21,6203_PU_2855,inner_race,N15_M07_F04,real,1499.7673964636463,0.5430447236328046,24.996123274394105,0.25641025641025644,0.017775229357798208,0.004366120475118225,0.0355,0,False,24.76263272267662,False,False,0.0355,0,False,24.76263272267662,False,False
PU,N15_M07_F04_KI21_20,KI21,6203_PU_2855,inner_race,N15_M07_F04,real,1499.5987329498998,0.9924081925465648,24.993312215831665,0.25641025641025644,0.017775229357798208,0.004366611543298394,0.0333,0,False,9.270216134257751,False,False,0.0333,0,False,9.270216134257751,False,False
PU,N15_M07_F04_KI21_3,KI21,6203_PU_2855,inner_race,N15_M07_F04,real,1499.6490401213584,0.34037882981034767,24.994150668689308,0.25641025641025644,0.017775229357798208,0.0043664650611084125,0.0537,0,False,21.077064017891598,False,False,0.0537,0,False,21.077064017891598,False,False
PU,N15_M07_F04_KI21_4,KI21,6203_PU_2855,inner_race,N15_M07_F04,real,1499.6396580890714,0.3973887909175928,24.993994301484523,0.25641025641025644,0.017775229357798208,0.004366492378548281,0.0348,0,False,28.07946798703878,False,False,0.0348,0,False,28.07946798703878,False,False
PU,N15_M07_F04_KI21_5,KI21,6203_PU_2855,inner_race,N15_M07_F04,real,1499.5320784936428,0.15188004950590106,24.99220130822738,0.25641025641025644,0.017775229357798208,0.004366805639925121,0.0323,1,False,25.794004661844117,False,False,0.0323,1,False,25.794004661844117,False,False
PU,N15_M07_F04_KI21_6,KI21,6203_PU_2855,inner_race,N15_M07_F04,real,1499.544282524645,0.5456478816443493,24.992404708744083,0.25641025641025644,0.017775229357798208,0.004366770100706953,0.0357,0,False,21.299727714786542,False,False,0.0357,0,False,21.299727714786542,False,False
PU,N15_M07_F04_KI21_7,KI21,6203_PU_2855,inner_race,N15_M07_F04,real,1499.8140419876047,0.4546225887114614,24.99690069979341,0.25641025641025644,0.017775229357798208,0.0043659846849658955,0.0501,0,False,17.20771097827823,False,False,0.0501,0,False,17.20771097827823,False,False
PU,N15_M07_F04_KI21_8,KI21,6203_PU_2855,inner_race,N15_M07_F04,real,1499.742057075696,0.5038424451674838,24.9957009512616,0.25641025641025644,0.017775229357798208,0.004366194244350764,0.034,0,False,16.229556069321134,False,False,0.034,0,False,16.229556069321134,False,False
PU,N15_M07_F04_KI21_9,KI21,6203_PU_2855,inner_race,N15_M07_F04,real,1499.717081323623,0.5986979864227466,24.99528468872705,0.25641025641025644,0.017775229357798208,0.004366266957388648,0.0358,0,False,25.097972768266327,False,False,0.0358,0,False,25.097972768266327,False,False
PU,N15_M07_F10_KI21_1,KI21,6203_PU_2855,inner_race,N15_M07_F10,real,1499.5734938972032,0.1997194178894928,24.992891564953386,0.25641025641025644,0.017775229357798208,0.004366685036954622,0.0511,1,False,25.36277220267343,False,False,0.0511,1,False,25.36277220267343,False,False
PU,N15_M07_F10_KI21_10,KI21,6203_PU_2855,inner_race,N15_M07_F10,real,1499.5316189073037,0.30272211036052654,24.99219364845506,0.25641025641025644,0.017775229357798208,0.00436680697829251,0.0485,0,False,20.884227496286538,False,False,0.0485,0,False,20.884227496286538,False,False
PU,N15_M07_F10_KI21_11,KI21,6203_PU_2855,inner_race,N15_M07_F10,real,1499.4709252586124,0.33293596899772676,24.99118208764354,0.25641025641025644,0.017775229357798208,0.004366983732268982,0.053,0,False,27.452094362911158,False,False,0.053,0,False,27.452094362911158,False,False
PU,N15_M07_F10_KI21_12,KI21,6203_PU_2855,inner_race,N15_M07_F10,real,1499.5312214056808,0.23990157505523396,24.992187023428013,0.25641025641025644,0.017775229357798208,0.004366808135862847,0.0323,0,False,22.828435781876447,False,False,0.0323,0,False,22.828435781876447,False,False
PU,N15_M07_F10_KI21_13,KI21,6203_PU_2855,inner_race,N15_M07_F10,real,1499.5243535452482,0.1903134304318776,24.99207255908747,0.25641025641025644,0.017775229357798208,0.004366828135957371,0.0528,0,False,27.187585277812385,False,False,0.0528,0,False,27.187585277812385,False,False
PU,N15_M07_F10_KI21_14,KI21,6203_PU_2855,inner_race,N15_M07_F10,real,1499.679239177519,0.33127068973415086,24.994653986291986,0.25641025641025644,0.017775229357798208,0.004366377133556867,0.0321,0,False,25.57981587442683,False,False,0.0321,0,False,25.57981587442683,False,False
PU,N15_M07_F10_KI21_15,KI21,6203_PU_2855,inner_race,N15_M07_F10,real,1499.561500424493,0.34276909163785774,24.99269167374155,0.25641025641025644,0.017775229357798208,0.004366719961642811,0.0538,0,False,29.552150627262805,False,False,0.0538,0,False,29.552150627262805,False,False
PU,N15_M07_F10_KI21_16,KI21,6203_PU_2855,inner_race,N15_M07_F10,real,1499.6319786849838,0.3837441064301045,24.993866311416397,0.25641025641025644,0.017775229357798208,0.004366514738740578,0.0361,0,False,25.22878108728435,False,False,0.0361,0,False,25.22878108728435,False,False
PU,N15_M07_F10_KI21_17,KI21,6203_PU_2855,inner_race,N15_M07_F10,real,1499.595044606698,0.2409715843535017,24.993250743444964,0.25641025641025644,0.017775229357798208,0.004366622283239194,0.0545,0,False,24.1609198427784,False,False,0.0545,0,False,24.1609198427784,False,False
PU,N15_M07_F10_KI21_18,KI21,6203_PU_2855,inner_race,N15_M07_F10,real,1499.4337117093498,0.5011561146305198,24.990561861822496,0.25641025641025644,0.017775229357798208,0.004367092113828621,0.0324,0,False,20.418085975373497,False,False,0.0324,0,False,20.418085975373497,False,False
PU,N15_M07_F10_KI21_19,KI21,6203_PU_2855,inner_race,N15_M07_F10,real,1499.6320621324667,0.2413955937121843,24.993867702207776,0.25641025641025644,0.017775229357798208,0.004366514495764536,0.035,0,False,23.35523804170993,False,False,0.035,0,False,23.35523804170993,False,False
PU,N15_M07_F10_KI21_2,KI21,6203_PU_2855,inner_race,N15_M07_F10,real,1499.5567158619742,0.3168664831407357,24.992611931032904,0.25641025641025644,0.017775229357798208,0.004366733894323341,0.0349,0,False,25.532439001109694,False,False,0.0349,0,False,25.532439001109694,False,False
PU,N15_M07_F10_KI21_20,KI21,6203_PU_2855,inner_race,N15_M07_F10,real,1499.5895536398618,0.5333807478966053,24.99315922733103,0.25641025641025644,0.017775229357798208,0.00436663827226638,0.0491,0,False,26.010713716759973,False,False,0.0491,0,False,26.010713716759973,False,False
PU,N15_M07_F10_KI21_3,KI21,6203_PU_2855,inner_race,N15_M07_F10,real,1499.6281694089214,0.3967617488519426,24.993802823482024,0.25641025641025644,0.017775229357798208,0.004366525830330087,0.0324,0,False,26.02507454307061,False,False,0.0324,0,False,26.02507454307061,False,False
PU,N15_M07_F10_KI21_4,KI21,6203_PU_2855,inner_race,N15_M07_F10,real,1499.5712022351138,0.29544090203828716,24.99285337058523,0.25641025641025644,0.017775229357798208,0.004366691710173299,0.0473,0,False,25.282703582005972,False,False,0.0473,0,False,25.282703582005972,False,False
PU,N15_M07_F10_KI21_5,KI21,6203_PU_2855,inner_race,N15_M07_F10,real,1499.6003944493389,0.6489380177061606,24.99333990748898,0.25641025641025644,0.017775229357798208,0.004366606705261104,0.0344,0,False,25.98075167148414,False,False,0.0344,0,False,25.98075167148414,False,False
PU,N15_M07_F10_KI21_6,KI21,6203_PU_2855,inner_race,N15_M07_F10,real,1499.529915112525,0.34238290603588173,24.992165251875416,0.25641025641025644,0.017775229357798208,0.004366811939942728,0.0363,0,False,24.25500209455291,False,False,0.0363,0,False,24.25500209455291,False,False
PU,N15_M07_F10_KI21_7,KI21,6203_PU_2855,inner_race,N15_M07_F10,real,1499.6607649519367,0.5425794679779642,24.994346082532278,0.25641025641025644,0.017775229357798208,0.004366430922679066,0.05,0,False,31.13393069154828,False,False,0.05,0,False,31.13393069154828,False,False
PU,N15_M07_F10_KI21_8,KI21,6203_PU_2855,inner_race,N15_M07_F10,real,1499.5043889644644,0.34331859241514956,24.991739816074407,0.25641025641025644,0.017775229357798208,0.004366886276429471,0.0483,1,False,25.141249051894018,False,False,0.0483,1,False,25.141249051894018,False,False
PU,N15_M07_F10_KI21_9,KI21,6203_PU_2855,inner_race,N15_M07_F10,real,1499.5339464419212,0.47835794877291327,24.992232440698686,0.25641025641025644,0.017775229357798208,0.004366800200256952,0.0344,0,False,23.670579330658974,False,False,0.0344,0,False,23.670579330658974,False,False
