[{"stream_name":"stdout","time":22.642405096,"data":"\n"}
,{"stream_name":"stdout","time":22.642463772,"data":"\n"}
,{"stream_name":"stdout","time":22.642467857,"data":"现在开始拿源域训练集：(B1)N15_M01_F10 进行训练\n"}
,{"stream_name":"stdout","time":22.642471227,"data":"源域读取路径：/kaggle/working/m2rep/reps1/sdalr_PU_final_checkpoint/DATA_foldB/PU_M1_L3/N15_M01_F10_label.txt\n"}
,{"stream_name":"stdout","time":22.64247373,"data":"excel输出位置：/kaggle/working/m2rep/reps1/weight_src_PU_M1_FB_s1/NEW_PU/Source-源域\n"}
,{"stream_name":"stdout","time":22.642476262,"data":"log\u0026pt输出位置：/kaggle/working/m2rep/reps1/weight_src_PU_M1_FB_s1/NEW_PU/Source-源域/log\u0026pt/(B1)N15_M01_F10\n"}
,{"stream_name":"stdout","time":22.642920025,"data":"特征图片输出位置：/kaggle/working/m2rep/reps1/weight_src_PU_M1_FB_s1/NEW_PU/Picture-特征图/2026年09月15日17时15分/(B1)N15_M01_F10\n"}
,{"stream_name":"stderr","time":22.644187944,"data":"sh: 1: Syntax error: word unexpected (expecting \")\")\n"}
,{"stream_name":"stdout","time":22.64464387,"data":"源域训练开始\n"}
,{"stream_name":"stderr","time":24.715129277,"data":"/usr/local/lib/python3.12/dist-packages/torch/nn/utils/weight_norm.py:144: FutureWarning: `torch.nn.utils.weight_norm` is deprecated in favor of `torch.nn.utils.parametrizations.weight_norm`.\n"}
,{"stream_name":"stderr","time":24.715176879,"data":"  WeightNorm.apply(module, name, dim)\n"}
,{"stream_name":"stdout","time":33.418145799,"data":"轮次:··1/·10 || loss:0.068 || 耗时：8.64s\n"}
,{"stream_name":"stdout","time":41.125686204,"data":"轮次:··2/·10 || loss:0.004 || 耗时：7.66s\n"}
,{"stream_name":"stdout","time":48.948079978,"data":"轮次:··3/·10 || loss:0.003 || 耗时：7.76s\n"}
,{"stream_name":"stdout","time":56.886172603,"data":"轮次:··4/·10 || loss:0.017 || 耗时：7.88s\n"}
,{"stream_name":"stdout","time":64.886569565,"data":"轮次:··5/·10 || loss:0.031 || 耗时：7.94s\n"}
,{"stream_name":"stdout","time":65.486743992,"data":"任务: (B1)N15_M01_F10; mix批次:····0; 批次:··330/··660; 总正确率 = 100.00%\n"}
,{"stream_name":"stdout","time":65.486776591,"data":"类型1 正确率： 100.00% -\u003e 1  100.00%, 2    0.00%, 3    0.00%\n"}
,{"stream_name":"stdout","time":65.48678321,"data":"类型2 正确率： 100.00% -\u003e 1    0.00%, 2  100.00%, 3    0.00%\n"}
,{"stream_name":"stdout","time":65.486787879,"data":"类型3 正确率： 100.00% -\u003e 1    0.00%, 2    0.00%, 3  100.00%\n"}
,{"stream_name":"stdout","time":65.486792424,"data":"\n"}
,{"stream_name":"stdout","time":65.486796819,"data":"\n"}
,{"stream_name":"stdout","time":73.551624359,"data":"轮次:··6/·10 || loss:0.001 || 耗时：7.97s\n"}
,{"stream_name":"stdout","time":81.749192247,"data":"轮次:··7/·10 || loss:0.115 || 耗时：8.14s\n"}
,{"stream_name":"stdout","time":90.070510173,"data":"轮次:··8/·10 || loss:0.002 || 耗时：8.26s\n"}
,{"stream_name":"stdout","time":98.523783584,"data":"轮次:··9/·10 || loss:0.002 || 耗时：8.39s\n"}
,{"stream_name":"stdout","time":107.099153045,"data":"轮次:·10/·10 || loss:0.006 || 耗时：8.51s\n"}
,{"stream_name":"stdout","time":107.677332567,"data":"任务: (B1)N15_M01_F10; mix批次:····0; 批次:··660/··660; 总正确率 = 99.82%\n"}
,{"stream_name":"stdout","time":107.677370163,"data":"类型1 正确率： 100.00% -\u003e 1  100.00%, 2    0.00%, 3    0.00%\n"}
,{"stream_name":"stdout","time":107.677375113,"data":"类型2 正确率：  99.00% -\u003e 1    0.00%, 2   99.47%, 3    0.53%\n"}
,{"stream_name":"stdout","time":107.677378429,"data":"类型3 正确率： 100.00% -\u003e 1    0.00%, 2    0.00%, 3  100.00%\n"}
,{"stream_name":"stdout","time":107.677415527,"data":"\n"}
,{"stream_name":"stdout","time":107.677420789,"data":"\n"}
,{"stream_name":"stdout","time":108.8603853,"data":"测试集任务: (B1)N15_M01_F10; 总正确率 = 100.00%\n"}
,{"stream_name":"stdout","time":108.860417674,"data":"类型1 正确率： 100.00% -\u003e 1  100.00%, 2    0.00%, 3    0.00%\n"}
,{"stream_name":"stdout","time":108.860422812,"data":"类型2 正确率： 100.00% -\u003e 1    0.00%, 2  100.00%, 3    0.00%\n"}
,{"stream_name":"stdout","time":108.86042665,"data":"类型3 正确率： 100.00% -\u003e 1    0.00%, 2    0.00%, 3  100.00%\n"}
,{"stream_name":"stdout","time":108.86043034,"data":"\n"}
,{"stream_name":"stdout","time":108.860434166,"data":"\n"}
,{"stream_name":"stdout","time":108.873952398,"data":"源域训练结束\n"}
,{"stream_name":"stdout","time":108.873968147,"data":"\n"}
,{"stream_name":"stdout","time":108.873973687,"data":"训练好之后，测试目标域\n"}
,{"stream_name":"stdout","time":108.873980189,"data":"目标域路径：/kaggle/working/m2rep/reps1/sdalr_PU_final_checkpoint/DATA_foldB/PU_M1_L3/N15_M07_F10_label.txt\n"}
,{"stream_name":"stderr","time":109.229478499,"data":"/usr/local/lib/python3.12/dist-packages/torch/nn/utils/weight_norm.py:144: FutureWarning: `torch.nn.utils.weight_norm` is deprecated in favor of `torch.nn.utils.parametrizations.weight_norm`.\n"}
,{"stream_name":"stderr","time":109.229535386,"data":"  WeightNorm.apply(module, name, dim)\n"}
,{"stream_name":"stdout","time":110.409987127,"data":"测试目标数据集结果如下：\n"}
,{"stream_name":"stdout","time":110.410017185,"data":"任务: (B1)N15_M01_F10→(B2)N15_M07_F10, 正确率 = 99.91%\n"}
,{"stream_name":"stdout","time":110.410021693,"data":"类型1 正确率： 100.00% -\u003e 1  100.00%, 2    0.00%, 3    0.00%\n"}
,{"stream_name":"stdout","time":110.410025532,"data":"类型2 正确率： 100.00% -\u003e 1    0.00%, 2  100.00%, 3    0.00%\n"}
,{"stream_name":"stdout","time":110.410029417,"data":"类型3 正确率： 100.00% -\u003e 1    0.00%, 2    0.26%, 3   99.74%\n"}
,{"stream_name":"stdout","time":110.410032924,"data":"\n"}
,{"stream_name":"stdout","time":110.410412982,"data":"目标域路径：/kaggle/working/m2rep/reps1/sdalr_PU_final_checkpoint/DATA_foldB/PU_M1_L3/N15_M07_F04_label.txt\n"}
,{"stream_name":"stderr","time":110.778998517,"data":"/usr/local/lib/python3.12/dist-packages/torch/nn/utils/weight_norm.py:144: FutureWarning: `torch.nn.utils.weight_norm` is deprecated in favor of `torch.nn.utils.parametrizations.weight_norm`.\n"}
,{"stream_name":"stderr","time":110.779036821,"data":"  WeightNorm.apply(module, name, dim)\n"}
,{"stream_name":"stdout","time":111.964247818,"data":"测试目标数据集结果如下：\n"}
,{"stream_name":"stdout","time":111.964276133,"data":"任务: (B1)N15_M01_F10→(B3)N15_M07_F04, 正确率 = 97.82%\n"}
,{"stream_name":"stdout","time":111.9642802,"data":"类型1 正确率： 100.00% -\u003e 1  100.00%, 2    0.00%, 3    0.00%\n"}
,{"stream_name":"stdout","time":111.964283712,"data":"类型2 正确率：  94.00% -\u003e 1    0.00%, 2   94.19%, 3    5.81%\n"}
,{"stream_name":"stdout","time":111.964286713,"data":"类型3 正确率：  99.00% -\u003e 1    0.72%, 2    0.00%, 3   99.28%\n"}
,{"stream_name":"stdout","time":111.964289699,"data":"\n"}
,{"stream_name":"stdout","time":111.964292589,"data":"\n"}
,{"stream_name":"stdout","time":111.964295323,"data":"\n"}
,{"stream_name":"stdout","time":111.964298205,"data":"现在开始拿源域训练集：(B2)N15_M07_F10 进行训练\n"}
,{"stream_name":"stdout","time":111.964301345,"data":"源域读取路径：/kaggle/working/m2rep/reps1/sdalr_PU_final_checkpoint/DATA_foldB/PU_M1_L3/N15_M07_F10_label.txt\n"}
,{"stream_name":"stdout","time":111.964318898,"data":"excel输出位置：/kaggle/working/m2rep/reps1/weight_src_PU_M1_FB_s1/NEW_PU/Source-源域\n"}
,{"stream_name":"stdout","time":111.964322242,"data":"log\u0026pt输出位置：/kaggle/working/m2rep/reps1/weight_src_PU_M1_FB_s1/NEW_PU/Source-源域/log\u0026pt/(B2)N15_M07_F10\n"}
,{"stream_name":"stdout","time":111.964522357,"data":"特征图片输出位置：/kaggle/working/m2rep/reps1/weight_src_PU_M1_FB_s1/NEW_PU/Picture-特征图/2026年09月15日17时15分/(B2)N15_M07_F10\n"}
,{"stream_name":"stderr","time":111.965969669,"data":"sh: 1: Syntax error: word unexpected (expecting \")\")\n"}
,{"stream_name":"stdout","time":111.966507632,"data":"源域训练开始\n"}
,{"stream_name":"stderr","time":113.76328484,"data":"/usr/local/lib/python3.12/dist-packages/torch/nn/utils/weight_norm.py:144: FutureWarning: `torch.nn.utils.weight_norm` is deprecated in favor of `torch.nn.utils.parametrizations.weight_norm`.\n"}
,{"stream_name":"stderr","time":113.763344903,"data":"  WeightNorm.apply(module, name, dim)\n"}
,{"stream_name":"stdout","time":122.583767342,"data":"轮次:··1/·10 || loss:0.002 || 耗时：8.75s\n"}
,{"stream_name":"stdout","time":131.482867141,"data":"轮次:··2/·10 || loss:0.004 || 耗时：8.83s\n"}
,{"stream_name":"stdout","time":140.550375119,"data":"轮次:··3/·10 || loss:0.003 || 耗时：9.00s\n"}
,{"stream_name":"stdout","time":149.798057191,"data":"轮次:··4/·10 || loss:0.002 || 耗时：9.18s\n"}
,{"stream_name":"stdout","time":159.123976809,"data":"轮次:··5/·10 || loss:0.007 || 耗时：9.26s\n"}
,{"stream_name":"stdout","time":159.750219677,"data":"任务: (B2)N15_M07_F10; mix批次:····0; 批次:··330/··660; 总正确率 = 99.84%\n"}
,{"stream_name":"stdout","time":159.750248807,"data":"类型1 正确率： 100.00% -\u003e 1  100.00%, 2    0.00%, 3    0.00%\n"}
,{"stream_name":"stdout","time":159.750255627,"data":"类型2 正确率： 100.00% -\u003e 1    0.00%, 2  100.00%, 3    0.00%\n"}
,{"stream_name":"stdout","time":159.750261103,"data":"类型3 正确率： 100.00% -\u003e 1    0.00%, 2    0.48%, 3   99.52%\n"}
,{"stream_name":"stdout","time":159.750266297,"data":"\n"}
,{"stream_name":"stdout","time":159.750271048,"data":"\n"}
,{"stream_name":"stdout","time":169.053271898,"data":"轮次:··6/·10 || loss:0.001 || 耗时：9.21s\n"}
,{"stream_name":"stdout","time":178.120113723,"data":"轮次:··7/·10 || loss:0.019 || 耗时：9.00s\n"}
,{"stream_name":"stdout","time":187.102293616,"data":"轮次:··8/·10 || loss:0.001 || 耗时：8.92s\n"}
,{"stream_name":"stdout","time":196.019192741,"data":"轮次:··9/·10 || loss:0.009 || 耗时：8.85s\n"}
,{"stream_name":"stdout","time":204.915169385,"data":"轮次:·10/·10 || loss:0.007 || 耗时：8.83s\n"}
,{"stream_name":"stdout","time":205.510147835,"data":"任务: (B2)N15_M07_F10; mix批次:····0; 批次:··660/··660; 总正确率 = 99.84%\n"}
,{"stream_name":"stdout","time":205.510181682,"data":"类型1 正确率： 100.00% -\u003e 1  100.00%, 2    0.00%, 3    0.00%\n"}
,{"stream_name":"stdout","time":205.510226192,"data":"类型2 正确率： 100.00% -\u003e 1    0.00%, 2  100.00%, 3    0.00%\n"}
,{"stream_name":"stdout","time":205.510234784,"data":"类型3 正确率： 100.00% -\u003e 1    0.00%, 2    0.48%, 3   99.52%\n"}
,{"stream_name":"stdout","time":205.51024036,"data":"\n"}
,{"stream_name":"stdout","time":205.510244718,"data":"\n"}
,{"stream_name":"stdout","time":206.773674448,"data":"测试集任务: (B2)N15_M07_F10; 总正确率 = 100.00%\n"}
,{"stream_name":"stdout","time":206.773710647,"data":"类型1 正确率： 100.00% -\u003e 1  100.00%, 2    0.00%, 3    0.00%\n"}
,{"stream_name":"stdout","time":206.773728507,"data":"类型2 正确率： 100.00% -\u003e 1    0.00%, 2  100.00%, 3    0.00%\n"}
,{"stream_name":"stdout","time":206.77373187,"data":"类型3 正确率： 100.00% -\u003e 1    0.00%, 2    0.00%, 3  100.00%\n"}
,{"stream_name":"stdout","time":206.773734913,"data":"\n"}
,{"stream_name":"stdout","time":206.773737973,"data":"\n"}
,{"stream_name":"stdout","time":206.781614556,"data":"源域训练结束\n"}
,{"stream_name":"stdout","time":206.781634995,"data":"\n"}
,{"stream_name":"stdout","time":206.78163959,"data":"训练好之后，测试目标域\n"}
,{"stream_name":"stdout","time":206.781643908,"data":"目标域路径：/kaggle/working/m2rep/reps1/sdalr_PU_final_checkpoint/DATA_foldB/PU_M1_L3/N15_M01_F10_label.txt\n"}
,{"stream_name":"stderr","time":207.178243118,"data":"/usr/local/lib/python3.12/dist-packages/torch/nn/utils/weight_norm.py:144: FutureWarning: `torch.nn.utils.weight_norm` is deprecated in favor of `torch.nn.utils.parametrizations.weight_norm`.\n"}
,{"stream_name":"stderr","time":207.178279976,"data":"  WeightNorm.apply(module, name, dim)\n"}
,{"stream_name":"stdout","time":208.394179396,"data":"测试目标数据集结果如下：\n"}
,{"stream_name":"stdout","time":208.39422467,"data":"任务: (B2)N15_M07_F10→(B1)N15_M01_F10, 正确率 = 99.92%\n"}
,{"stream_name":"stdout","time":208.39423114,"data":"类型1 正确率： 100.00% -\u003e 1  100.00%, 2    0.00%, 3    0.00%\n"}
,{"stream_name":"stdout","time":208.394235558,"data":"类型2 正确率： 100.00% -\u003e 1    0.00%, 2   99.75%, 3    0.25%\n"}
,{"stream_name":"stdout","time":208.394239351,"data":"类型3 正确率： 100.00% -\u003e 1    0.00%, 2    0.00%, 3  100.00%\n"}
,{"stream_name":"stdout","time":208.394243036,"data":"\n"}
,{"stream_name":"stdout","time":208.394595969,"data":"目标域路径：/kaggle/working/m2rep/reps1/sdalr_PU_final_checkpoint/DATA_foldB/PU_M1_L3/N15_M07_F04_label.txt\n"}
,{"stream_name":"stderr","time":208.761690098,"data":"/usr/local/lib/python3.12/dist-packages/torch/nn/utils/weight_norm.py:144: FutureWarning: `torch.nn.utils.weight_norm` is deprecated in favor of `torch.nn.utils.parametrizations.weight_norm`.\n"}
,{"stream_name":"stderr","time":208.761729056,"data":"  WeightNorm.apply(module, name, dim)\n"}
,{"stream_name":"stdout","time":209.984051989,"data":"测试目标数据集结果如下：\n"}
,{"stream_name":"stdout","time":209.984086168,"data":"任务: (B2)N15_M07_F10→(B3)N15_M07_F04, 正确率 = 97.92%\n"}
,{"stream_name":"stdout","time":209.984091511,"data":"类型1 正确率： 100.00% -\u003e 1  100.00%, 2    0.00%, 3    0.00%\n"}
,{"stream_name":"stdout","time":209.984096114,"data":"类型2 正确率：  95.00% -\u003e 1    0.00%, 2   95.44%, 3    4.56%\n"}
,{"stream_name":"stdout","time":209.984100284,"data":"类型3 正确率：  98.00% -\u003e 1    1.69%, 2    0.00%, 3   98.31%\n"}
,{"stream_name":"stdout","time":209.984104203,"data":"\n"}
,{"stream_name":"stdout","time":209.984593996,"data":"\n"}
,{"stream_name":"stdout","time":209.985396118,"data":"\n"}
,{"stream_name":"stdout","time":209.985412183,"data":"现在开始拿源域训练集：(B3)N15_M07_F04 进行训练\n"}
,{"stream_name":"stdout","time":209.985417754,"data":"源域读取路径：/kaggle/working/m2rep/reps1/sdalr_PU_final_checkpoint/DATA_foldB/PU_M1_L3/N15_M07_F04_label.txt\n"}
,{"stream_name":"stdout","time":209.985422761,"data":"excel输出位置：/kaggle/working/m2rep/reps1/weight_src_PU_M1_FB_s1/NEW_PU/Source-源域\n"}
,{"stream_name":"stdout","time":209.985427457,"data":"log\u0026pt输出位置：/kaggle/working/m2rep/reps1/weight_src_PU_M1_FB_s1/NEW_PU/Source-源域/log\u0026pt/(B3)N15_M07_F04\n"}
,{"stream_name":"stdout","time":209.985451034,"data":"特征图片输出位置：/kaggle/working/m2rep/reps1/weight_src_PU_M1_FB_s1/NEW_PU/Picture-特征图/2026年09月15日17时15分/(B3)N15_M07_F04\n"}
,{"stream_name":"stderr","time":209.98639662,"data":"sh: 1: Syntax error: word unexpected (expecting \")\")\n"}
,{"stream_name":"stdout","time":209.986894899,"data":"源域训练开始\n"}
,{"stream_name":"stderr","time":211.710921105,"data":"/usr/local/lib/python3.12/dist-packages/torch/nn/utils/weight_norm.py:144: FutureWarning: `torch.nn.utils.weight_norm` is deprecated in favor of `torch.nn.utils.parametrizations.weight_norm`.\n"}
,{"stream_name":"stderr","time":211.710966467,"data":"  WeightNorm.apply(module, name, dim)\n"}
,{"stream_name":"stdout","time":220.671240503,"data":"轮次:··1/·10 || loss:0.022 || 耗时：8.89s\n"}
,{"stream_name":"stdout","time":229.633454478,"data":"轮次:··2/·10 || loss:0.001 || 耗时：8.90s\n"}
,{"stream_name":"stdout","time":238.641992391,"data":"轮次:··3/·10 || loss:0.052 || 耗时：8.94s\n"}
,{"stream_name":"stdout","time":247.673111426,"data":"轮次:··4/·10 || loss:0.006 || 耗时：8.96s\n"}
,{"stream_name":"stdout","time":256.741161048,"data":"轮次:··5/·10 || loss:0.001 || 耗时：9.00s\n"}
,{"stream_name":"stdout","time":257.346420527,"data":"任务: (B3)N15_M07_F04; mix批次:····0; 批次:··330/··660; 总正确率 = 100.00%\n"}
,{"stream_name":"stdout","time":257.346457364,"data":"类型1 正确率： 100.00% -\u003e 1  100.00%, 2    0.00%, 3    0.00%\n"}
,{"stream_name":"stdout","time":257.346462062,"data":"类型2 正确率： 100.00% -\u003e 1    0.00%, 2  100.00%, 3    0.00%\n"}
,{"stream_name":"stdout","time":257.346465502,"data":"类型3 正确率： 100.00% -\u003e 1    0.00%, 2    0.00%, 3  100.00%\n"}
,{"stream_name":"stdout","time":257.34648476,"data":"\n"}
,{"stream_name":"stdout","time":257.346490155,"data":"\n"}
,{"stream_name":"stdout","time":266.42626655,"data":"轮次:··6/·10 || loss:0.007 || 耗时：8.98s\n"}
,{"stream_name":"stdout","time":275.429295715,"data":"轮次:··7/·10 || loss:0.013 || 耗时：8.93s\n"}
,{"stream_name":"stdout","time":284.41461874,"data":"轮次:··8/·10 || loss:0.001 || 耗时：8.92s\n"}
,{"stream_name":"stdout","time":293.38296712,"data":"轮次:··9/·10 || loss:0.001 || 耗时：8.90s\n"}
,{"stream_name":"stdout","time":302.328607234,"data":"轮次:·10/·10 || loss:0.027 || 耗时：8.88s\n"}
,{"stream_name":"stdout","time":302.923514005,"data":"任务: (B3)N15_M07_F04; mix批次:····0; 批次:··660/··660; 总正确率 = 100.00%\n"}
,{"stream_name":"stdout","time":302.9235433,"data":"类型1 正确率： 100.00% -\u003e 1  100.00%, 2    0.00%, 3    0.00%\n"}
,{"stream_name":"stdout","time":302.923549032,"data":"类型2 正确率： 100.00% -\u003e 1    0.00%, 2  100.00%, 3    0.00%\n"}
,{"stream_name":"stdout","time":302.923553516,"data":"类型3 正确率： 100.00% -\u003e 1    0.00%, 2    0.00%, 3  100.00%\n"}
,{"stream_name":"stdout","time":302.923558009,"data":"\n"}
,{"stream_name":"stdout","time":302.923562285,"data":"\n"}
,{"stream_name":"stdout","time":304.180108672,"data":"测试集任务: (B3)N15_M07_F04; 总正确率 = 99.92%\n"}
,{"stream_name":"stdout","time":304.180140419,"data":"类型1 正确率： 100.00% -\u003e 1  100.00%, 2    0.00%, 3    0.00%\n"}
,{"stream_name":"stdout","time":304.180145599,"data":"类型2 正确率： 100.00% -\u003e 1    0.00%, 2  100.00%, 3    0.00%\n"}
,{"stream_name":"stdout","time":304.180149558,"data":"类型3 正确率： 100.00% -\u003e 1    0.00%, 2    0.25%, 3   99.75%\n"}
,{"stream_name":"stdout","time":304.180153505,"data":"\n"}
,{"stream_name":"stdout","time":304.180169472,"data":"\n"}
,{"stream_name":"stdout","time":304.188381355,"data":"源域训练结束\n"}
,{"stream_name":"stdout","time":304.18839482,"data":"\n"}
,{"stream_name":"stdout","time":304.188398267,"data":"训练好之后，测试目标域\n"}
,{"stream_name":"stdout","time":304.188401341,"data":"目标域路径：/kaggle/working/m2rep/reps1/sdalr_PU_final_checkpoint/DATA_foldB/PU_M1_L3/N15_M01_F10_label.txt\n"}
,{"stream_name":"stderr","time":304.552995348,"data":"/usr/local/lib/python3.12/dist-packages/torch/nn/utils/weight_norm.py:144: FutureWarning: `torch.nn.utils.weight_norm` is deprecated in favor of `torch.nn.utils.parametrizations.weight_norm`.\n"}
,{"stream_name":"stderr","time":304.553031455,"data":"  WeightNorm.apply(module, name, dim)\n"}
,{"stream_name":"stdout","time":305.769782929,"data":"测试目标数据集结果如下：\n"}
,{"stream_name":"stdout","time":305.769808299,"data":"任务: (B3)N15_M07_F04→(B1)N15_M01_F10, 正确率 = 99.35%\n"}
,{"stream_name":"stdout","time":305.769812151,"data":"类型1 正确率： 100.00% -\u003e 1   99.75%, 2    0.00%, 3    0.25%\n"}
,{"stream_name":"stdout","time":305.769815829,"data":"类型2 正确率： 100.00% -\u003e 1    0.00%, 2  100.00%, 3    0.00%\n"}
,{"stream_name":"stdout","time":305.769818979,"data":"类型3 正确率：  98.00% -\u003e 1    0.00%, 2    1.70%, 3   98.30%\n"}
,{"stream_name":"stdout","time":305.76982205,"data":"\n"}
,{"stream_name":"stdout","time":305.770136897,"data":"目标域路径：/kaggle/working/m2rep/reps1/sdalr_PU_final_checkpoint/DATA_foldB/PU_M1_L3/N15_M07_F10_label.txt\n"}
,{"stream_name":"stderr","time":306.119967742,"data":"/usr/local/lib/python3.12/dist-packages/torch/nn/utils/weight_norm.py:144: FutureWarning: `torch.nn.utils.weight_norm` is deprecated in favor of `torch.nn.utils.parametrizations.weight_norm`.\n"}
,{"stream_name":"stderr","time":306.120023927,"data":"  WeightNorm.apply(module, name, dim)\n"}
,{"stream_name":"stdout","time":307.334837815,"data":"测试目标数据集结果如下：\n"}
,{"stream_name":"stdout","time":307.334871568,"data":"任务: (B3)N15_M07_F04→(B2)N15_M07_F10, 正确率 = 99.43%\n"}
,{"stream_name":"stdout","time":307.334875708,"data":"类型1 正确率： 100.00% -\u003e 1   99.74%, 2    0.00%, 3    0.26%\n"}
,{"stream_name":"stdout","time":307.334879381,"data":"类型2 正确率： 100.00% -\u003e 1    0.00%, 2  100.00%, 3    0.00%\n"}
,{"stream_name":"stdout","time":307.334882586,"data":"类型3 正确率：  99.00% -\u003e 1    0.00%, 2    1.45%, 3   98.55%\n"}
,{"stream_name":"stdout","time":307.335300009,"data":"\n"}
,{"stream_name":"stdout","time":307.342834819,"data":"[src_pretrain_RES_PU.py --folder_root /kaggle/working/m2rep/reps1/sdalr_PU_final_checkpoint/DATA_foldB --seed 1 --class_num 3 --data_name PU_M1_L3 --output /kaggle/working/m2rep/reps1/weight_src_PU_M1_FB_s1] 285s\n"}
,{"stream_name":"stdout","time":307.384639872,"data":"读取源域路径：/kaggle/working/m2rep/reps1/weight_PU_M1_final_checkpoint_FBtoA_s1/NEW_PU/Source-源域/log\u0026pt/(B1)N15_M01_F10\n"}
,{"stream_name":"stdout","time":307.384660645,"data":"excel输出位置：/kaggle/working/m2rep/reps1/weight_PU_M1_final_checkpoint_FBtoA_s1/NEW_PU/Target-目标域\n"}
,{"stream_name":"stdout","time":307.384719783,"data":"特征图片输出位置：/kaggle/working/m2rep/reps1/weight_PU_M1_final_checkpoint_FBtoA_s1/NEW_PU/Picture-特征图/2026年09月15日17时20分/(B1)N15_M01_F10\n"}
,{"stream_name":"stderr","time":307.418051884,"data":"/usr/local/lib/python3.12/dist-packages/torch/nn/utils/weight_norm.py:144: FutureWarning: `torch.nn.utils.weight_norm` is deprecated in favor of `torch.nn.utils.parametrizations.weight_norm`.\n"}
,{"stream_name":"stderr","time":307.418083309,"data":"  WeightNorm.apply(module, name, dim)\n"}
,{"stream_name":"stdout","time":307.453479259,"data":"现在选取:(B1)N15_M01_F10 进行训练的源模型\n"}
,{"stream_name":"stdout","time":307.453499402,"data":"现在进行：(B1)N15_M01_F10→(B2)N15_M07_F10 的迁移任务\n"}
,{"stream_name":"stdout","time":307.453505103,"data":"log\u0026pt输出位置：/kaggle/working/m2rep/reps1/weight_PU_M1_final_checkpoint_FBtoA_s1/NEW_PU/Target-目标域/log\u0026pt/(B1)N15_M01_F10→(B2)N15_M07_F10\n"}
,{"stream_name":"stderr","time":307.45478763,"data":"sh: 1: Syntax error: word unexpected (expecting \")\")\n"}
,{"stream_name":"stdout","time":318.312561839,"data":"任务: (B1)N15_M01_F10→(B2)N15_M07_F10; 批次:····0/·1880;  总正确率: 55.62%\n"}
,{"stream_name":"stdout","time":318.312598686,"data":"类型1 正确率： 100.00% -\u003e 1   99.95%, 2    0.00%, 3    0.05%\n"}
,{"stream_name":"stdout","time":318.312605802,"data":"类型2 正确率：  34.00% -\u003e 1   14.00%, 2   33.90%, 3   52.10%\n"}
,{"stream_name":"stdout","time":318.312611702,"data":"类型3 正确率：  33.00% -\u003e 1    0.00%, 2   67.00%, 3   33.00%\n"}
,{"stream_name":"stdout","time":318.312617328,"data":"\n"}
,{"stream_name":"stdout","time":318.312622892,"data":"\n"}
,{"stream_name":"stdout","time":318.313230061,"data":"样本变换：reverse\n"}
,{"stream_name":"stdout","time":321.622285623,"data":"样本变换：mask\n"}
,{"stream_name":"stdout","time":324.910275623,"data":"样本变换：shift\n"}
,{"stream_name":"stdout","time":328.192265837,"data":"样本变换：none\n"}
,{"stream_name":"stderr","time":333.385040546,"data":"/kaggle/working/m2rep/reps1/sdalr_PU_final_checkpoint/tools.py:413: RuntimeWarning: invalid value encountered in divide\n"}
,{"stream_name":"stderr","time":333.385089137,"data":"  per_class_acc = conf_matrix.diagonal() / conf_matrix.sum(axis=1) * 100\n"}
,{"stream_name":"stdout","time":333.385259336,"data":"未过滤\t未用伪标签：55.62% -\u003e 使用伪标签：55.33%\n"}
,{"stream_name":"stdout","time":333.385273191,"data":"已过滤\t未用伪标签：56.12% -\u003e 使用伪标签：55.84%\n"}
,{"stream_name":"stdout","time":333.385278392,"data":"排除样本：54|6000\t剩余：2353, 2000, 1593\n"}
,{"stream_name":"stdout","time":333.385283048,"data":"增添样本：1113\t\t细则：0, 353, 760\t正确率估算：99.10%\n"}
,{"stream_name":"stdout","time":333.385288166,"data":"类型1 正确率： 100.00% -\u003e 1  100.00%, 2    0.00%, 3    0.00%\n"}
,{"stream_name":"stdout","time":333.385292869,"data":"类型2 正确率：  34.00% -\u003e 1   18.14%, 2   33.92%, 3   47.94%\n"}
,{"stream_name":"stdout","time":333.385314026,"data":"类型3 正确率：  33.00% -\u003e 1    0.00%, 2   67.00%, 3   33.00%\n"}
,{"stream_name":"stdout","time":333.385319907,"data":"\n"}
,{"stream_name":"stdout","time":333.385324638,"data":"被排除样本 正确率：0.00%\n"}
,{"stream_name":"stdout","time":333.385329685,"data":"类型1 没有样本或未被分类。\n"}
,{"stream_name":"stdout","time":333.385334569,"data":"类型2 正确率：   0.00% -\u003e 1   11.11%, 2    0.00%, 3   88.89%\n"}
,{"stream_name":"stdout","time":333.385339064,"data":"类型3 没有样本或未被分类。\n"}
,{"stream_name":"stdout","time":333.385343459,"data":"\n"}
,{"stream_name":"stdout","time":333.385347567,"data":"\n"}
,{"stream_name":"stdout","time":346.921170965,"data":"轮次:··1/·20 || c_Loss:0.540 || e_Loss:-1.016 || Aad_Loss:-28.034 || 耗时：34.52s\n"}
,{"stream_name":"stdout","time":360.1810299,"data":"轮次:··2/·20 || c_Loss:0.376 || e_Loss:-1.911 || Aad_Loss:-28.031 || 耗时：13.26s\n"}
,{"stream_name":"stdout","time":373.304591277,"data":"轮次:··3/·20 || c_Loss:0.405 || e_Loss:-0.886 || Aad_Loss:-29.169 || 耗时：13.12s\n"}
,{"stream_name":"stdout","time":386.220804777,"data":"轮次:··4/·20 || c_Loss:0.450 || e_Loss:-1.413 || Aad_Loss:-26.527 || 耗时：12.92s\n"}
,{"stream_name":"stdout","time":399.139260203,"data":"轮次:··5/·20 || c_Loss:0.391 || e_Loss:-0.901 || Aad_Loss:-27.985 || 耗时：12.92s\n"}
,{"stream_name":"stdout","time":405.257133144,"data":"任务: (B1)N15_M01_F10→(B2)N15_M07_F10; mix批次:····0; 批次:··470/·1880;  总正确率: 55.33%\n"}
,{"stream_name":"stdout","time":405.257168928,"data":"类型1 正确率： 100.00% -\u003e 1  100.00%, 2    0.00%, 3    0.00%\n"}
,{"stream_name":"stdout","time":405.257175572,"data":"类型2 正确率：  33.00% -\u003e 1   11.45%, 2   33.00%, 3   55.55%\n"}
,{"stream_name":"stdout","time":405.25718069,"data":"类型3 正确率：  33.00% -\u003e 1    0.00%, 2   67.00%, 3   33.00%\n"}
,{"stream_name":"stdout","time":405.257185509,"data":"\n"}
,{"stream_name":"stdout","time":405.257189859,"data":"\n"}
,{"stream_name":"stdout","time":405.293234866,"data":"样本变换：reverse\n"}
,{"stream_name":"stdout","time":408.535277859,"data":"样本变换：mask\n"}
,{"stream_name":"stdout","time":411.803268784,"data":"样本变换：shift\n"}
,{"stream_name":"stdout","time":415.05725758,"data":"样本变换：none\n"}
,{"stream_name":"stderr","time":420.084054605,"data":"/kaggle/working/m2rep/reps1/sdalr_PU_final_checkpoint/tools.py:413: RuntimeWarning: invalid value encountered in divide\n"}
,{"stream_name":"stderr","time":420.084093696,"data":"  per_class_acc = conf_matrix.diagonal() / conf_matrix.sum(axis=1) * 100\n"}
,{"stream_name":"stdout","time":420.084086364,"data":"未过滤\t未用伪标签：55.33% -\u003e 使用伪标签：55.35%\n"}
,{"stream_name":"stdout","time":420.084112998,"data":"已过滤\t未用伪标签：55.80% -\u003e 使用伪标签：55.82%\n"}
,{"stream_name":"stdout","time":420.084119498,"data":"排除样本：50|6000\t剩余：2295, 2001, 1654\n"}
,{"stream_name":"stdout","time":420.084125098,"data":"增添样本：935\t\t细则：0, 294, 641\t正确率估算：100.00%\n"}
,{"stream_name":"stdout","time":420.084130771,"data":"类型1 正确率： 100.00% -\u003e 1  100.00%, 2    0.00%, 3    0.00%\n"}
,{"stream_name":"stdout","time":420.084135519,"data":"类型2 正确率：  34.00% -\u003e 1   15.13%, 2   33.90%, 3   50.97%\n"}
,{"stream_name":"stdout","time":420.084145774,"data":"类型3 正确率：  33.00% -\u003e 1    0.00%, 2   67.00%, 3   33.00%\n"}
,{"stream_name":"stdout","time":420.084149316,"data":"\n"}
,{"stream_name":"stdout","time":420.084152216,"data":"被排除样本 正确率：0.00%\n"}
,{"stream_name":"stdout","time":420.084155213,"data":"类型1 没有样本或未被分类。\n"}
,{"stream_name":"stdout","time":420.084158186,"data":"类型2 正确率：   0.00% -\u003e 1   10.00%, 2    0.00%, 3   90.00%\n"}
,{"stream_name":"stdout","time":420.08416119,"data":"类型3 没有样本或未被分类。\n"}
,{"stream_name":"stdout","time":420.08416408,"data":"\n"}
,{"stream_name":"stdout","time":420.084166795,"data":"\n"}
,{"stream_name":"stdout","time":433.102547554,"data":"轮次:··6/·20 || c_Loss:0.391 || e_Loss:-0.874 || Aad_Loss:-30.616 || 耗时：33.96s\n"}
,{"stream_name":"stdout","time":446.226363085,"data":"轮次:··7/·20 || c_Loss:0.375 || e_Loss:-1.823 || Aad_Loss:-29.892 || 耗时：13.12s\n"}
,{"stream_name":"stdout","time":459.320979083,"data":"轮次:··8/·20 || c_Loss:0.430 || e_Loss:-1.741 || Aad_Loss:-28.349 || 耗时：13.09s\n"}
,{"stream_name":"stdout","time":472.399672292,"data":"轮次:··9/·20 || c_Loss:0.387 || e_Loss:-0.918 || Aad_Loss:-28.718 || 耗时：13.08s\n"}
,{"stream_name":"stdout","time":485.596172959,"data":"轮次:·10/·20 || c_Loss:0.444 || e_Loss:-1.686 || Aad_Loss:-24.841 || 耗时：13.20s\n"}
,{"stream_name":"stdout","time":491.748523222,"data":"任务: (B1)N15_M01_F10→(B2)N15_M07_F10; mix批次:····0; 批次:··940/·1880;  总正确率: 55.33%\n"}
,{"stream_name":"stdout","time":491.748555409,"data":"类型1 正确率： 100.00% -\u003e 1  100.00%, 2    0.00%, 3    0.00%\n"}
,{"stream_name":"stdout","time":491.748559943,"data":"类型2 正确率：  33.00% -\u003e 1   11.50%, 2   33.00%, 3   55.50%\n"}
,{"stream_name":"stdout","time":491.748563285,"data":"类型3 正确率：  33.00% -\u003e 1    0.00%, 2   67.00%, 3   33.00%\n"}
,{"stream_name":"stdout","time":491.74856645,"data":"\n"}
,{"stream_name":"stdout","time":491.748569215,"data":"\n"}
,{"stream_name":"stdout","time":491.793914941,"data":"样本变换：reverse\n"}
,{"stream_name":"stdout","time":495.043305243,"data":"样本变换：mask\n"}
,{"stream_name":"stdout","time":498.329259008,"data":"样本变换：shift\n"}
,{"stream_name":"stdout","time":501.614272248,"data":"样本变换：none\n"}
,{"stream_name":"stderr","time":506.614757018,"data":"/kaggle/working/m2rep/reps1/sdalr_PU_final_checkpoint/tools.py:413: RuntimeWarning: invalid value encountered in divide\n"}
,{"stream_name":"stderr","time":506.614795093,"data":"  per_class_acc = conf_matrix.diagonal() / conf_matrix.sum(axis=1) * 100\n"}
,{"stream_name":"stdout","time":506.614791397,"data":"未过滤\t未用伪标签：55.33% -\u003e 使用伪标签：55.33%\n"}
,{"stream_name":"stdout","time":506.614809061,"data":"已过滤\t未用伪标签：55.66% -\u003e 使用伪标签：55.66%\n"}
,{"stream_name":"stdout","time":506.614814765,"data":"排除样本：35|6000\t剩余：2261, 2000, 1704\n"}
,{"stream_name":"stdout","time":506.614819599,"data":"增添样本：818\t\t细则：0, 261, 557\t正确率估算：99.88%\n"}
,{"stream_name":"stdout","time":506.614825132,"data":"类型1 正确率： 100.00% -\u003e 1  100.00%, 2    0.00%, 3    0.00%\n"}
,{"stream_name":"stdout","time":506.614829875,"data":"类型2 正确率：  34.00% -\u003e 1   13.28%, 2   33.59%, 3   53.13%\n"}
,{"stream_name":"stdout","time":506.614834404,"data":"类型3 正确率：  33.00% -\u003e 1    0.00%, 2   67.00%, 3   33.00%\n"}
,{"stream_name":"stdout","time":506.614840554,"data":"\n"}
,{"stream_name":"stdout","time":506.614848383,"data":"被排除样本 正确率：0.00%\n"}
,{"stream_name":"stdout","time":506.614851622,"data":"类型1 没有样本或未被分类。\n"}
,{"stream_name":"stdout","time":506.614854776,"data":"类型2 正确率：   0.00% -\u003e 1    8.57%, 2    0.00%, 3   91.43%\n"}
,{"stream_name":"stdout","time":506.614857871,"data":"类型3 没有样本或未被分类。\n"}
,{"stream_name":"stdout","time":506.614860886,"data":"\n"}
,{"stream_name":"stdout","time":506.614863686,"data":"\n"}
,{"stream_name":"stdout","time":519.685182693,"data":"轮次:·11/·20 || c_Loss:0.393 || e_Loss:-0.863 || Aad_Loss:-33.026 || 耗时：34.09s\n"}
,{"stream_name":"stdout","time":532.816241711,"data":"轮次:·12/·20 || c_Loss:0.380 || e_Loss:-0.926 || Aad_Loss:-28.939 || 耗时：13.13s\n"}
,{"stream_name":"stdout","time":545.987322561,"data":"轮次:·13/·20 || c_Loss:0.378 || e_Loss:-0.942 || Aad_Loss:-29.350 || 耗时：13.17s\n"}
,{"stream_name":"stdout","time":559.145278835,"data":"轮次:·14/·20 || c_Loss:0.384 || e_Loss:-0.935 || Aad_Loss:-30.194 || 耗时：13.16s\n"}
,{"stream_name":"stdout","time":572.346052872,"data":"轮次:·15/·20 || c_Loss:0.374 || e_Loss:-1.835 || Aad_Loss:-29.204 || 耗时：13.20s\n"}
,{"stream_name":"stdout","time":578.49753043,"data":"任务: (B1)N15_M01_F10→(B2)N15_M07_F10; mix批次:····0; 批次:·1410/·1880;  总正确率: 55.33%\n"}
,{"stream_name":"stdout","time":578.497562256,"data":"类型1 正确率： 100.00% -\u003e 1  100.00%, 2    0.00%, 3    0.00%\n"}
,{"stream_name":"stdout","time":578.497569052,"data":"类型2 正确率：  33.00% -\u003e 1    8.20%, 2   33.00%, 3   58.80%\n"}
,{"stream_name":"stdout","time":578.497574362,"data":"类型3 正确率：  33.00% -\u003e 1    0.00%, 2   67.00%, 3   33.00%\n"}
,{"stream_name":"stdout","time":578.497579778,"data":"\n"}
,{"stream_name":"stdout","time":578.497584619,"data":"\n"}
,{"stream_name":"stdout","time":578.541546111,"data":"样本变换：reverse\n"}
,{"stream_name":"stdout","time":581.822337842,"data":"样本变换：mask\n"}
,{"stream_name":"stdout","time":585.139273214,"data":"样本变换：shift\n"}
,{"stream_name":"stdout","time":588.416301432,"data":"样本变换：none\n"}
,{"stream_name":"stdout","time":593.259051311,"data":"未过滤\t未用伪标签：55.33% -\u003e 使用伪标签：55.33%\n"}
,{"stream_name":"stdout","time":593.259097069,"data":"已过滤\t未用伪标签：55.65% -\u003e 使用伪标签：55.65%\n"}
,{"stream_name":"stdout","time":593.25910385,"data":"排除样本：34|6000\t剩余：2172, 2000, 1794\n"}
,{"stream_name":"stdout","time":593.259109001,"data":"增添样本：550\t\t细则：0, 172, 378\t正确率估算：99.82%\n"}
,{"stream_name":"stdout","time":593.259114145,"data":"类型1 正确率： 100.00% -\u003e 1  100.00%, 2    0.00%, 3    0.00%\n"}
,{"stream_name":"stdout","time":593.259119018,"data":"类型2 正确率：  34.00% -\u003e 1    8.75%, 2   33.57%, 3   57.68%\n"}
,{"stream_name":"stderr","time":593.259058624,"data":"/kaggle/working/m2rep/reps1/sdalr_PU_final_checkpoint/tools.py:413: RuntimeWarning: invalid value encountered in divide\n"}
,{"stream_name":"stderr","time":593.259152555,"data":"  per_class_acc = conf_matrix.diagonal() / conf_matrix.sum(axis=1) * 100\n"}
,{"stream_name":"stdout","time":593.259124249,"data":"类型3 正确率：  33.00% -\u003e 1    0.00%, 2   67.00%, 3   33.00%\n"}
,{"stream_name":"stdout","time":593.259167459,"data":"\n"}
,{"stream_name":"stdout","time":593.259172083,"data":"被排除样本 正确率：0.00%\n"}
,{"stream_name":"stdout","time":593.259177022,"data":"类型1 没有样本或未被分类。\n"}
,{"stream_name":"stdout","time":593.259181417,"data":"类型2 正确率：   0.00% -\u003e 1   29.41%, 2    0.00%, 3   70.59%\n"}
,{"stream_name":"stdout","time":593.259191057,"data":"类型3 没有样本或未被分类。\n"}
,{"stream_name":"stdout","time":593.259224575,"data":"\n"}
,{"stream_name":"stdout","time":593.259232245,"data":"\n"}
,{"stream_name":"stdout","time":606.304133036,"data":"轮次:·16/·20 || c_Loss:0.374 || e_Loss:-0.937 || Aad_Loss:-30.833 || 耗时：33.96s\n"}
,{"stream_name":"stdout","time":619.301528118,"data":"轮次:·17/·20 || c_Loss:0.380 || e_Loss:-0.932 || Aad_Loss:-29.391 || 耗时：13.00s\n"}
,{"stream_name":"stdout","time":632.354594368,"data":"轮次:·18/·20 || c_Loss:0.413 || e_Loss:-0.916 || Aad_Loss:-28.785 || 耗时：13.05s\n"}
,{"stream_name":"stdout","time":645.39534639,"data":"轮次:·19/·20 || c_Loss:0.456 || e_Loss:-0.796 || Aad_Loss:-31.982 || 耗时：13.04s\n"}
,{"stream_name":"stdout","time":658.441464419,"data":"轮次:·20/·20 || c_Loss:0.385 || e_Loss:-0.938 || Aad_Loss:-29.816 || 耗时：13.05s\n"}
,{"stream_name":"stdout","time":664.54797778,"data":"任务: (B1)N15_M01_F10→(B2)N15_M07_F10; mix批次:····0; 批次:·1880/·1880;  总正确率: 55.33%\n"}
,{"stream_name":"stdout","time":664.54803126,"data":"类型1 正确率： 100.00% -\u003e 1  100.00%, 2    0.00%, 3    0.00%\n"}
,{"stream_name":"stdout","time":664.548035813,"data":"类型2 正确率：  33.00% -\u003e 1    3.60%, 2   33.00%, 3   63.40%\n"}
,{"stream_name":"stdout","time":664.548038408,"data":"类型3 正确率：  33.00% -\u003e 1    0.00%, 2   67.00%, 3   33.00%\n"}
,{"stream_name":"stdout","time":664.548040831,"data":"\n"}
,{"stream_name":"stdout","time":664.548042977,"data":"\n"}
,{"stream_name":"stdout","time":670.624713621,"data":"测试集任务: (B1)N15_M01_F10→(B2)N15_M07_F10; 总正确率 = 55.33%\n"}
,{"stream_name":"stdout","time":670.624748891,"data":"类型1 正确率： 100.00% -\u003e 1  100.00%, 2    0.00%, 3    0.00%\n"}
,{"stream_name":"stdout","time":670.624759888,"data":"类型2 正确率：  33.00% -\u003e 1    3.60%, 2   33.00%, 3   63.40%\n"}
,{"stream_name":"stdout","time":670.624763411,"data":"类型3 正确率：  33.00% -\u003e 1    0.00%, 2   67.00%, 3   33.00%\n"}
,{"stream_name":"stdout","time":670.624766609,"data":"\n"}
,{"stream_name":"stdout","time":670.624769408,"data":"\n"}
,{"stream_name":"stdout","time":670.643819657,"data":"[tar_adaptation_RES_PU.py --folder_root /kaggle/working/m2rep/reps1/sdalr_PU_final_checkpoint/DATA_foldA --seed 1 --class_num 3 --data_name PU_M1_L3 --output /kaggle/working/m2rep/reps1/weight_PU_M1_final_checkpoint_FBtoA_s1 --s 0 --t 1 --lr 0.0005 --threshold 0.4 --K 0.6] 363s\n"}
,{"stream_name":"stdout","time":670.669435215,"data":"读取源域路径：/kaggle/working/m2rep/reps1/weight_PU_M1_final_checkpoint_FBtoA_s1/NEW_PU/Source-源域/log\u0026pt/(B1)N15_M01_F10\n"}
,{"stream_name":"stdout","time":670.669455262,"data":"excel输出位置：/kaggle/working/m2rep/reps1/weight_PU_M1_final_checkpoint_FBtoA_s1/NEW_PU/Target-目标域\n"}
,{"stream_name":"stdout","time":670.669534461,"data":"特征图片输出位置：/kaggle/working/m2rep/reps1/weight_PU_M1_final_checkpoint_FBtoA_s1/NEW_PU/Picture-特征图/2026年09月15日17时26分/(B1)N15_M01_F10\n"}
,{"stream_name":"stderr","time":670.70428703,"data":"/usr/local/lib/python3.12/dist-packages/torch/nn/utils/weight_norm.py:144: FutureWarning: `torch.nn.utils.weight_norm` is deprecated in favor of `torch.nn.utils.parametrizations.weight_norm`.\n"}
,{"stream_name":"stderr","time":670.704311935,"data":"  WeightNorm.apply(module, name, dim)\n"}
,{"stream_name":"stdout","time":670.74338484,"data":"现在选取:(B1)N15_M01_F10 进行训练的源模型\n"}
,{"stream_name":"stdout","time":670.743407714,"data":"现在进行：(B1)N15_M01_F10→(B3)N15_M07_F04 的迁移任务\n"}
,{"stream_name":"stdout","time":670.743415383,"data":"log\u0026pt输出位置：/kaggle/working/m2rep/reps1/weight_PU_M1_final_checkpoint_FBtoA_s1/NEW_PU/Target-目标域/log\u0026pt/(B1)N15_M01_F10→(B3)N15_M07_F04\n"}
,{"stream_name":"stderr","time":670.744774043,"data":"sh: 1: Syntax error: word unexpected (expecting \")\")\n"}
,{"stream_name":"stdout","time":681.742110127,"data":"任务: (B1)N15_M01_F10→(B3)N15_M07_F04; 批次:····0/·1880;  总正确率: 51.20%\n"}
,{"stream_name":"stdout","time":681.742142776,"data":"类型1 正确率： 100.00% -\u003e 1   99.95%, 2    0.00%, 3    0.05%\n"}
,{"stream_name":"stdout","time":681.742164284,"data":"类型2 正确率：  37.00% -\u003e 1   14.10%, 2   37.40%, 3   48.50%\n"}
,{"stream_name":"stdout","time":681.742169897,"data":"类型3 正确率：  16.00% -\u003e 1    0.00%, 2   83.75%, 3   16.25%\n"}
,{"stream_name":"stdout","time":681.742174917,"data":"\n"}
,{"stream_name":"stdout","time":681.742180279,"data":"\n"}
,{"stream_name":"stdout","time":681.742785564,"data":"样本变换：reverse\n"}
,{"stream_name":"stdout","time":685.00129371,"data":"样本变换：mask\n"}
,{"stream_name":"stdout","time":688.267260888,"data":"样本变换：shift\n"}
,{"stream_name":"stdout","time":691.588275282,"data":"样本变换：none\n"}
,{"stream_name":"stdout","time":697.118452552,"data":"未过滤\t未用伪标签：51.20% -\u003e 使用伪标签：54.90%\n"}
,{"stream_name":"stdout","time":697.118518404,"data":"已过滤\t未用伪标签：51.37% -\u003e 使用伪标签：55.19%\n"}
,{"stream_name":"stdout","time":697.118525796,"data":"排除样本：31|6000\t剩余：2599, 2010, 1360\n"}
,{"stream_name":"stdout","time":697.118531662,"data":"增添样本：1828\t\t细则：0, 589, 1239\t正确率估算：79.76%\n"}
,{"stream_name":"stdout","time":697.11853724,"data":"类型1 正确率： 100.00% -\u003e 1  100.00%, 2    0.00%, 3    0.00%\n"}
,{"stream_name":"stdout","time":697.118541894,"data":"类型2 正确率：  33.00% -\u003e 1   30.39%, 2   33.13%, 3   36.48%\n"}
,{"stream_name":"stdout","time":697.118546628,"data":"类型3 正确率：  32.00% -\u003e 1    0.00%, 2   67.92%, 3   32.08%\n"}
,{"stream_name":"stdout","time":697.118551177,"data":"\n"}
,{"stream_name":"stdout","time":697.118555251,"data":"被排除样本 正确率：19.35%\n"}
,{"stream_name":"stdout","time":697.118561306,"data":"类型1 正确率：  21.00% -\u003e 1   20.69%, 2   79.31%\n"}
,{"stream_name":"stdout","time":697.118568461,"data":"类型2 正确率：   0.00% -\u003e 1  100.00%, 2    0.00%\n"}
,{"stream_name":"stdout","time":697.118571546,"data":"\n"}
,{"stream_name":"stdout","time":697.118574691,"data":"\n"}
,{"stream_name":"stdout","time":710.326931074,"data":"轮次:··1/·20 || c_Loss:0.488 || e_Loss:-1.040 || Aad_Loss:-28.952 || 耗时：34.57s\n"}
,{"stream_name":"stdout","time":723.579246182,"data":"轮次:··2/·20 || c_Loss:0.435 || e_Loss:-0.893 || Aad_Loss:-25.674 || 耗时：13.25s\n"}
,{"stream_name":"stdout","time":736.805889054,"data":"轮次:··3/·20 || c_Loss:0.441 || e_Loss:-1.384 || Aad_Loss:-27.309 || 耗时：13.23s\n"}
,{"stream_name":"stdout","time":750.049555103,"data":"轮次:··4/·20 || c_Loss:0.409 || e_Loss:-0.952 || Aad_Loss:-28.862 || 耗时：13.24s\n"}
,{"stream_name":"stdout","time":763.280889197,"data":"轮次:··5/·20 || c_Loss:0.369 || e_Loss:-1.874 || Aad_Loss:-29.769 || 耗时：13.23s\n"}
,{"stream_name":"stdout","time":769.468179655,"data":"任务: (B1)N15_M01_F10→(B3)N15_M07_F04; mix批次:····0; 批次:··470/·1880;  总正确率: 55.27%\n"}
,{"stream_name":"stdout","time":769.468253957,"data":"类型1 正确率： 100.00% -\u003e 1  100.00%, 2    0.00%, 3    0.00%\n"}
,{"stream_name":"stdout","time":769.468261412,"data":"类型2 正确率：  33.00% -\u003e 1   33.95%, 2   32.85%, 3   33.20%\n"}
,{"stream_name":"stdout","time":769.468265128,"data":"类型3 正确率：  33.00% -\u003e 1    0.00%, 2   67.05%, 3   32.95%\n"}
,{"stream_name":"stdout","time":769.468268771,"data":"\n"}
,{"stream_name":"stdout","time":769.468272065,"data":"\n"}
,{"stream_name":"stdout","time":769.505502055,"data":"样本变换：reverse\n"}
,{"stream_name":"stdout","time":772.890339354,"data":"样本变换：mask\n"}
,{"stream_name":"stdout","time":776.297300428,"data":"样本变换：shift\n"}
,{"stream_name":"stdout","time":779.705296201,"data":"样本变换：none\n"}
,{"stream_name":"stderr","time":785.618692427,"data":"/usr/local/lib/python3.12/dist-packages/numpy/_core/fromnumeric.py:3596: RuntimeWarning: Mean of empty slice.\n"}
,{"stream_name":"stderr","time":785.618744088,"data":"  return _methods._mean(a, axis=axis, dtype=dtype,\n"}
,{"stream_name":"stderr","time":785.619564825,"data":"/usr/local/lib/python3.12/dist-packages/numpy/_core/_methods.py:138: RuntimeWarning: invalid value encountered in scalar divide\n"}
,{"stream_name":"stderr","time":785.619579491,"data":"  ret = ret.dtype.type(ret / rcount)\n"}
,{"stream_name":"stderr","time":785.620589579,"data":"/kaggle/working/m2rep/reps1/sdalr_PU_final_checkpoint/tools.py:414: RuntimeWarning: Mean of empty slice.\n"}
,{"stream_name":"stderr","time":785.620601679,"data":"  overall_acc = round(per_class_acc.mean(), 2)\n"}
,{"stream_name":"stderr","time":785.620606231,"data":"/usr/local/lib/python3.12/dist-packages/numpy/_core/_methods.py:138: RuntimeWarning: invalid value encountered in scalar divide\n"}
,{"stream_name":"stderr","time":785.620610257,"data":"  ret = ret.dtype.type(ret / rcount)\n"}
,{"stream_name":"stdout","time":785.62084473,"data":"未过滤\t未用伪标签：55.27% -\u003e 使用伪标签：55.30%\n"}
,{"stream_name":"stdout","time":785.620854056,"data":"已过滤\t未用伪标签：55.27% -\u003e 使用伪标签：55.30%\n"}
,{"stream_name":"stdout","time":785.620858514,"data":"排除样本：2680|6000\t剩余：2000, 1320\n"}
,{"stream_name":"stdout","time":785.620862769,"data":"增添样本：2040\t\t细则：0, 680, 1360\t正确率估算：99.90%\n"}
,{"stream_name":"stdout","time":785.620867256,"data":"类型1 正确率： 100.00% -\u003e 1  100.00%, 2    0.00%, 3    0.00%\n"}
,{"stream_name":"stdout","time":785.620871262,"data":"类型2 正确率：  33.00% -\u003e 1   34.00%, 2   32.95%, 3   33.05%\n"}
,{"stream_name":"stdout","time":785.620874986,"data":"类型3 正确率：  33.00% -\u003e 1    0.00%, 2   67.05%, 3   32.95%\n"}
,{"stream_name":"stdout","time":785.62087974,"data":"\n"}
,{"stream_name":"stdout","time":785.620883942,"data":"被排除样本 正确率：nan%\n"}
,{"stream_name":"stdout","time":785.620888809,"data":"\n"}
,{"stream_name":"stdout","time":785.620892825,"data":"\n"}
,{"stream_name":"stdout","time":798.848354442,"data":"轮次:··6/·20 || c_Loss:0.400 || e_Loss:-0.964 || Aad_Loss:-29.617 || 耗时：35.57s\n"}
,{"stream_name":"stdout","time":812.190086644,"data":"轮次:··7/·20 || c_Loss:0.377 || e_Loss:-1.018 || Aad_Loss:-31.155 || 耗时：13.34s\n"}
,{"stream_name":"stdout","time":825.527512715,"data":"轮次:··8/·20 || c_Loss:0.381 || e_Loss:-0.999 || Aad_Loss:-31.067 || 耗时：13.34s\n"}
,{"stream_name":"stdout","time":838.863840033,"data":"轮次:··9/·20 || c_Loss:0.382 || e_Loss:-0.885 || Aad_Loss:-32.214 || 耗时：13.34s\n"}
,{"stream_name":"stdout","time":852.172604569,"data":"轮次:·10/·20 || c_Loss:0.380 || e_Loss:-1.002 || Aad_Loss:-31.208 || 耗时：13.31s\n"}
,{"stream_name":"stdout","time":858.360661923,"data":"任务: (B1)N15_M01_F10→(B3)N15_M07_F04; mix批次:····0; 批次:··940/·1880;  总正确率: 55.28%\n"}
,{"stream_name":"stdout","time":858.360704041,"data":"类型1 正确率： 100.00% -\u003e 1  100.00%, 2    0.00%, 3    0.00%\n"}
,{"stream_name":"stdout","time":858.360712087,"data":"类型2 正确率：  33.00% -\u003e 1   34.00%, 2   32.90%, 3   33.10%\n"}
,{"stream_name":"stdout","time":858.360718481,"data":"类型3 正确率：  33.00% -\u003e 1    0.00%, 2   67.05%, 3   32.95%\n"}
,{"stream_name":"stdout","time":858.360724855,"data":"\n"}
,{"stream_name":"stdout","time":858.36073073,"data":"\n"}
,{"stream_name":"stdout","time":858.411071902,"data":"样本变换：reverse\n"}
,{"stream_name":"stdout","time":861.782269207,"data":"样本变换：mask\n"}
,{"stream_name":"stdout","time":865.13427041,"data":"样本变换：shift\n"}
,{"stream_name":"stdout","time":868.458244222,"data":"样本变换：none\n"}
,{"stream_name":"stderr","time":874.207883073,"data":"/kaggle/working/m2rep/reps1/sdalr_PU_final_checkpoint/tools.py:413: RuntimeWarning: invalid value encountered in divide\n"}
,{"stream_name":"stderr","time":874.207920047,"data":"  per_class_acc = conf_matrix.diagonal() / conf_matrix.sum(axis=1) * 100\n"}
,{"stream_name":"stdout","time":874.20794247,"data":"未过滤\t未用伪标签：55.28% -\u003e 使用伪标签：55.30%\n"}
,{"stream_name":"stdout","time":874.207963006,"data":"已过滤\t未用伪标签：55.29% -\u003e 使用伪标签：55.31%\n"}
,{"stream_name":"stdout","time":874.207966719,"data":"排除样本：1|6000\t剩余：2680, 2000, 1319\n"}
,{"stream_name":"stdout","time":874.20797011,"data":"增添样本：2041\t\t细则：0, 680, 1361\t正确率估算：100.00%\n"}
,{"stream_name":"stdout","time":874.207973437,"data":"类型1 正确率： 100.00% -\u003e 1  100.00%, 2    0.00%, 3    0.00%\n"}
,{"stream_name":"stdout","time":874.207976622,"data":"类型2 正确率：  33.00% -\u003e 1   34.02%, 2   32.97%, 3   33.02%\n"}
,{"stream_name":"stdout","time":874.207980132,"data":"类型3 正确率：  33.00% -\u003e 1    0.00%, 2   67.05%, 3   32.95%\n"}
,{"stream_name":"stdout","time":874.207983198,"data":"\n"}
,{"stream_name":"stdout","time":874.207986176,"data":"被排除样本 正确率：0.00%\n"}
,{"stream_name":"stdout","time":874.207989049,"data":"类型1 正确率：   0.00% -\u003e 1    0.00%, 2  100.00%\n"}
,{"stream_name":"stdout","time":874.207991963,"data":"类型2 没有样本或未被分类。\n"}
,{"stream_name":"stdout","time":874.207994893,"data":"\n"}
,{"stream_name":"stdout","time":874.207997591,"data":"\n"}
,{"stream_name":"stdout","time":887.269328205,"data":"轮次:·11/·20 || c_Loss:0.381 || e_Loss:-0.973 || Aad_Loss:-32.023 || 耗时：35.10s\n"}
,{"stream_name":"stdout","time":900.582230555,"data":"轮次:·12/·20 || c_Loss:0.381 || e_Loss:-0.981 || Aad_Loss:-31.479 || 耗时：13.31s\n"}
,{"stream_name":"stdout","time":913.909359649,"data":"轮次:·13/·20 || c_Loss:0.447 || e_Loss:-0.918 || Aad_Loss:-32.978 || 耗时：13.33s\n"}
,{"stream_name":"stdout","time":927.221763036,"data":"轮次:·14/·20 || c_Loss:0.380 || e_Loss:-1.004 || Aad_Loss:-31.588 || 耗时：13.31s\n"}
,{"stream_name":"stdout","time":940.540565011,"data":"轮次:·15/·20 || c_Loss:0.376 || e_Loss:-1.002 || Aad_Loss:-31.478 || 耗时：13.32s\n"}
,{"stream_name":"stdout","time":946.694648509,"data":"任务: (B1)N15_M01_F10→(B3)N15_M07_F04; mix批次:····0; 批次:·1410/·1880;  总正确率: 55.27%\n"}
,{"stream_name":"stdout","time":946.694724453,"data":"类型1 正确率： 100.00% -\u003e 1  100.00%, 2    0.00%, 3    0.00%\n"}
,{"stream_name":"stdout","time":946.694732762,"data":"类型2 正确率：  33.00% -\u003e 1   34.00%, 2   32.85%, 3   33.15%\n"}
,{"stream_name":"stdout","time":946.694738019,"data":"类型3 正确率：  33.00% -\u003e 1    0.00%, 2   67.05%, 3   32.95%\n"}
,{"stream_name":"stdout","time":946.694742957,"data":"\n"}
,{"stream_name":"stdout","time":946.694747398,"data":"\n"}
,{"stream_name":"stdout","time":946.740659084,"data":"样本变换：reverse\n"}
,{"stream_name":"stdout","time":950.028307144,"data":"样本变换：mask\n"}
,{"stream_name":"stdout","time":953.333720132,"data":"样本变换：shift\n"}
,{"stream_name":"stdout","time":956.643345437,"data":"样本变换：none\n"}
,{"stream_name":"stderr","time":962.388711423,"data":"/kaggle/working/m2rep/reps1/sdalr_PU_final_checkpoint/tools.py:413: RuntimeWarning: invalid value encountered in divide\n"}
,{"stream_name":"stderr","time":962.388749146,"data":"  per_class_acc = conf_matrix.diagonal() / conf_matrix.sum(axis=1) * 100\n"}
,{"stream_name":"stdout","time":962.388907042,"data":"未过滤\t未用伪标签：55.27% -\u003e 使用伪标签：55.28%\n"}
,{"stream_name":"stdout","time":962.388917707,"data":"已过滤\t未用伪标签：55.28% -\u003e 使用伪标签：55.29%\n"}
,{"stream_name":"stdout","time":962.388922339,"data":"排除样本：1|6000\t剩余：2680, 1999, 1320\n"}
,{"stream_name":"stdout","time":962.388926345,"data":"增添样本：2041\t\t细则：0, 681, 1360\t正确率估算：100.00%\n"}
,{"stream_name":"stdout","time":962.38893079,"data":"类型1 正确率： 100.00% -\u003e 1  100.00%, 2    0.00%, 3    0.00%\n"}
,{"stream_name":"stdout","time":962.388934525,"data":"类型2 正确率：  33.00% -\u003e 1   34.02%, 2   32.92%, 3   33.07%\n"}
,{"stream_name":"stdout","time":962.388938006,"data":"类型3 正确率：  33.00% -\u003e 1    0.00%, 2   67.05%, 3   32.95%\n"}
,{"stream_name":"stdout","time":962.388941593,"data":"\n"}
,{"stream_name":"stdout","time":962.388944827,"data":"被排除样本 正确率：0.00%\n"}
,{"stream_name":"stdout","time":962.388948141,"data":"类型1 正确率：   0.00% -\u003e 1    0.00%, 2  100.00%\n"}
,{"stream_name":"stdout","time":962.388951642,"data":"类型2 没有样本或未被分类。\n"}
,{"stream_name":"stdout","time":962.388955123,"data":"\n"}
,{"stream_name":"stdout","time":962.388975069,"data":"\n"}
,{"stream_name":"stdout","time":975.518268761,"data":"轮次:·16/·20 || c_Loss:0.386 || e_Loss:-0.964 || Aad_Loss:-30.824 || 耗时：34.98s\n"}
,{"stream_name":"stdout","time":988.829732473,"data":"轮次:·17/·20 || c_Loss:0.384 || e_Loss:-0.885 || Aad_Loss:-33.521 || 耗时：13.31s\n"}
,{"stream_name":"stdout","time":1002.099782554,"data":"轮次:·18/·20 || c_Loss:0.379 || e_Loss:-1.004 || Aad_Loss:-31.454 || 耗时：13.27s\n"}
,{"stream_name":"stdout","time":1015.381976749,"data":"轮次:·19/·20 || c_Loss:0.379 || e_Loss:-1.008 || Aad_Loss:-31.167 || 耗时：13.28s\n"}
,{"stream_name":"stdout","time":1028.705739898,"data":"轮次:·20/·20 || c_Loss:0.384 || e_Loss:-0.993 || Aad_Loss:-31.439 || 耗时：13.32s\n"}
,{"stream_name":"stdout","time":1034.846262356,"data":"任务: (B1)N15_M01_F10→(B3)N15_M07_F04; mix批次:····0; 批次:·1880/·1880;  总正确率: 55.28%\n"}
,{"stream_name":"stdout","time":1034.846308429,"data":"类型1 正确率： 100.00% -\u003e 1  100.00%, 2    0.00%, 3    0.00%\n"}
,{"stream_name":"stdout","time":1034.846314492,"data":"类型2 正确率：  33.00% -\u003e 1   34.00%, 2   32.90%, 3   33.10%\n"}
,{"stream_name":"stdout","time":1034.846317972,"data":"类型3 正确率：  33.00% -\u003e 1    0.00%, 2   67.05%, 3   32.95%\n"}
,{"stream_name":"stdout","time":1034.84632103,"data":"\n"}
,{"stream_name":"stdout","time":1034.846323944,"data":"\n"}
,{"stream_name":"stdout","time":1040.963128133,"data":"测试集任务: (B1)N15_M01_F10→(B3)N15_M07_F04; 总正确率 = 55.28%\n"}
,{"stream_name":"stdout","time":1040.963174109,"data":"类型1 正确率： 100.00% -\u003e 1  100.00%, 2    0.00%, 3    0.00%\n"}
,{"stream_name":"stdout","time":1040.963196385,"data":"类型2 正确率：  33.00% -\u003e 1   34.00%, 2   32.90%, 3   33.10%\n"}
,{"stream_name":"stdout","time":1040.963218669,"data":"类型3 正确率：  33.00% -\u003e 1    0.00%, 2   67.05%, 3   32.95%\n"}
,{"stream_name":"stdout","time":1040.963227042,"data":"\n"}
,{"stream_name":"stdout","time":1040.963232115,"data":"\n"}
,{"stream_name":"stdout","time":1040.989741001,"data":"[tar_adaptation_RES_PU.py --folder_root /kaggle/working/m2rep/reps1/sdalr_PU_final_checkpoint/DATA_foldA --seed 1 --class_num 3 --data_name PU_M1_L3 --output /kaggle/working/m2rep/reps1/weight_PU_M1_final_checkpoint_FBtoA_s1 --s 0 --t 2 --lr 0.0005 --threshold 0.4 --K 0.6] 370s\n"}
,{"stream_name":"stdout","time":1041.016759378,"data":"读取源域路径：/kaggle/working/m2rep/reps1/weight_PU_M1_final_checkpoint_FBtoA_s1/NEW_PU/Source-源域/log\u0026pt/(B2)N15_M07_F10\n"}
,{"stream_name":"stdout","time":1041.016785933,"data":"excel输出位置：/kaggle/working/m2rep/reps1/weight_PU_M1_final_checkpoint_FBtoA_s1/NEW_PU/Target-目标域\n"}
,{"stream_name":"stdout","time":1041.016790933,"data":"特征图片输出位置：/kaggle/working/m2rep/reps1/weight_PU_M1_final_checkpoint_FBtoA_s1/NEW_PU/Picture-特征图/2026年09月15日17时32分/(B2)N15_M07_F10\n"}
,{"stream_name":"stderr","time":1041.054453405,"data":"/usr/local/lib/python3.12/dist-packages/torch/nn/utils/weight_norm.py:144: FutureWarning: `torch.nn.utils.weight_norm` is deprecated in favor of `torch.nn.utils.parametrizations.weight_norm`.\n"}
,{"stream_name":"stderr","time":1041.054492121,"data":"  WeightNorm.apply(module, name, dim)\n"}
,{"stream_name":"stdout","time":1041.115365814,"data":"现在选取:(B2)N15_M07_F10 进行训练的源模型\n"}
,{"stream_name":"stdout","time":1041.115421648,"data":"现在进行：(B2)N15_M07_F10→(B1)N15_M01_F10 的迁移任务\n"}
,{"stream_name":"stdout","time":1041.115428402,"data":"log\u0026pt输出位置：/kaggle/working/m2rep/reps1/weight_PU_M1_final_checkpoint_FBtoA_s1/NEW_PU/Target-目标域/log\u0026pt/(B2)N15_M07_F10→(B1)N15_M01_F10\n"}
,{"stream_name":"stderr","time":1041.117246244,"data":"sh: 1: Syntax error: word unexpected (expecting \")\")\n"}
,{"stream_name":"stdout","time":1052.756104168,"data":"任务: (B2)N15_M07_F10→(B1)N15_M01_F10; 批次:····0/·1880;  总正确率: 55.52%\n"}
,{"stream_name":"stdout","time":1052.756151468,"data":"类型1 正确率： 100.00% -\u003e 1  100.00%, 2    0.00%, 3    0.00%\n"}
,{"stream_name":"stdout","time":1052.756159493,"data":"类型2 正确率：  34.00% -\u003e 1   28.60%, 2   33.55%, 3   37.85%\n"}
,{"stream_name":"stdout","time":1052.756167199,"data":"类型3 正确率：  33.00% -\u003e 1    0.00%, 2   67.00%, 3   33.00%\n"}
,{"stream_name":"stdout","time":1052.756176023,"data":"\n"}
,{"stream_name":"stdout","time":1052.756182694,"data":"\n"}
,{"stream_name":"stdout","time":1052.756924495,"data":"样本变换：reverse\n"}
,{"stream_name":"stdout","time":1056.0407057,"data":"样本变换：mask\n"}
,{"stream_name":"stdout","time":1059.357254862,"data":"样本变换：shift\n"}
,{"stream_name":"stdout","time":1062.689795324,"data":"样本变换：none\n"}
,{"stream_name":"stderr","time":1068.256512851,"data":"/kaggle/working/m2rep/reps1/sdalr_PU_final_checkpoint/tools.py:413: RuntimeWarning: invalid value encountered in divide\n"}
,{"stream_name":"stderr","time":1068.256564105,"data":"  per_class_acc = conf_matrix.diagonal() / conf_matrix.sum(axis=1) * 100\n"}
,{"stream_name":"stdout","time":1068.256717721,"data":"未过滤\t未用伪标签：55.52% -\u003e 使用伪标签：55.25%\n"}
,{"stream_name":"stdout","time":1068.256731861,"data":"已过滤\t未用伪标签：55.74% -\u003e 使用伪标签：55.47%\n"}
,{"stream_name":"stdout","time":1068.256737494,"data":"排除样本：24|6000\t剩余：2585, 1995, 1396\n"}
,{"stream_name":"stdout","time":1068.256742419,"data":"增添样本：1779\t\t细则：0, 590, 1189\t正确率估算：97.47%\n"}
,{"stream_name":"stdout","time":1068.256747472,"data":"类型1 正确率： 100.00% -\u003e 1  100.00%, 2    0.00%, 3    0.00%\n"}
,{"stream_name":"stdout","time":1068.256752718,"data":"类型2 正确率：  33.00% -\u003e 1   29.61%, 2   33.15%, 3   37.25%\n"}
,{"stream_name":"stdout","time":1068.256760897,"data":"类型3 正确率：  33.00% -\u003e 1    0.00%, 2   67.00%, 3   33.00%\n"}
,{"stream_name":"stdout","time":1068.256778223,"data":"\n"}
,{"stream_name":"stdout","time":1068.256780931,"data":"被排除样本 正确率：0.00%\n"}
,{"stream_name":"stdout","time":1068.25678339,"data":"类型1 没有样本或未被分类。\n"}
,{"stream_name":"stdout","time":1068.25678582,"data":"类型2 正确率：   0.00% -\u003e 1   12.50%, 2    0.00%, 3   87.50%\n"}
,{"stream_name":"stdout","time":1068.256788301,"data":"类型3 没有样本或未被分类。\n"}
,{"stream_name":"stdout","time":1068.256790675,"data":"\n"}
,{"stream_name":"stdout","time":1068.256793064,"data":"\n"}
,{"stream_name":"stdout","time":1081.499969787,"data":"轮次:··1/·20 || c_Loss:0.536 || e_Loss:-1.047 || Aad_Loss:-28.133 || 耗时：34.80s\n"}
,{"stream_name":"stdout","time":1094.777619496,"data":"轮次:··2/·20 || c_Loss:0.399 || e_Loss:-0.992 || Aad_Loss:-28.787 || 耗时：13.28s\n"}
,{"stream_name":"stdout","time":1108.026525147,"data":"轮次:··3/·20 || c_Loss:0.390 || e_Loss:-0.983 || Aad_Loss:-29.203 || 耗时：13.25s\n"}
,{"stream_name":"stdout","time":1121.23810095,"data":"轮次:··4/·20 || c_Loss:0.371 || e_Loss:-0.985 || Aad_Loss:-30.558 || 耗时：13.21s\n"}
,{"stream_name":"stdout","time":1134.456629025,"data":"轮次:··5/·20 || c_Loss:0.361 || e_Loss:-0.982 || Aad_Loss:-31.181 || 耗时：13.22s\n"}
,{"stream_name":"stdout","time":1140.581557174,"data":"任务: (B2)N15_M07_F10→(B1)N15_M01_F10; mix批次:····0; 批次:··470/·1880;  总正确率: 55.32%\n"}
,{"stream_name":"stdout","time":1140.581620177,"data":"类型1 正确率： 100.00% -\u003e 1  100.00%, 2    0.00%, 3    0.00%\n"}
,{"stream_name":"stdout","time":1140.581630096,"data":"类型2 正确率：  33.00% -\u003e 1   33.55%, 2   32.95%, 3   33.50%\n"}
,{"stream_name":"stdout","time":1140.58163378,"data":"类型3 正确率：  33.00% -\u003e 1    0.00%, 2   67.00%, 3   33.00%\n"}
,{"stream_name":"stdout","time":1140.581637427,"data":"\n"}
,{"stream_name":"stdout","time":1140.581640619,"data":"\n"}
,{"stream_name":"stdout","time":1140.616512751,"data":"样本变换：reverse\n"}
,{"stream_name":"stdout","time":1143.940261511,"data":"样本变换：mask\n"}
,{"stream_name":"stdout","time":1147.256288797,"data":"样本变换：shift\n"}
,{"stream_name":"stdout","time":1150.556920604,"data":"样本变换：none\n"}
,{"stream_name":"stderr","time":1156.177093719,"data":"/usr/local/lib/python3.12/dist-packages/numpy/_core/fromnumeric.py:3596: RuntimeWarning: Mean of empty slice.\n"}
,{"stream_name":"stderr","time":1156.177141052,"data":"  return _methods._mean(a, axis=axis, dtype=dtype,\n"}
,{"stream_name":"stderr","time":1156.177157099,"data":"/usr/local/lib/python3.12/dist-packages/numpy/_core/_methods.py:138: RuntimeWarning: invalid value encountered in scalar divide\n"}
,{"stream_name":"stderr","time":1156.177163338,"data":"  ret = ret.dtype.type(ret / rcount)\n"}
,{"stream_name":"stderr","time":1156.17777547,"data":"/kaggle/working/m2rep/reps1/sdalr_PU_final_checkpoint/tools.py:414: RuntimeWarning: Mean of empty slice.\n"}
,{"stream_name":"stderr","time":1156.177789963,"data":"  overall_acc = round(per_class_acc.mean(), 2)\n"}
,{"stream_name":"stderr","time":1156.177798409,"data":"/usr/local/lib/python3.12/dist-packages/numpy/_core/_methods.py:138: RuntimeWarning: invalid value encountered in scalar divide\n"}
,{"stream_name":"stderr","time":1156.17780273,"data":"  ret = ret.dtype.type(ret / rcount)\n"}
,{"stream_name":"stdout","time":1156.177956214,"data":"未过滤\t未用伪标签：55.32% -\u003e 使用伪标签：55.33%\n"}
,{"stream_name":"stdout","time":1156.177967879,"data":"已过滤\t未用伪标签：55.32% -\u003e 使用伪标签：55.33%\n"}
,{"stream_name":"stdout","time":1156.177992748,"data":"排除样本：2680|6000\t剩余：2000, 1320\n"}
,{"stream_name":"stdout","time":1156.17799611,"data":"增添样本：2040\t\t细则：0, 680, 1360\t正确率估算：100.00%\n"}
,{"stream_name":"stdout","time":1156.177998657,"data":"类型1 正确率： 100.00% -\u003e 1  100.00%, 2    0.00%, 3    0.00%\n"}
,{"stream_name":"stdout","time":1156.178001157,"data":"类型2 正确率：  33.00% -\u003e 1   34.00%, 2   33.00%, 3   33.00%\n"}
,{"stream_name":"stdout","time":1156.178003498,"data":"类型3 正确率：  33.00% -\u003e 1    0.00%, 2   67.00%, 3   33.00%\n"}
,{"stream_name":"stdout","time":1156.178005957,"data":"\n"}
,{"stream_name":"stdout","time":1156.178008115,"data":"被排除样本 正确率：nan%\n"}
,{"stream_name":"stdout","time":1156.178010437,"data":"\n"}
,{"stream_name":"stdout","time":1156.17801254,"data":"\n"}
,{"stream_name":"stdout","time":1169.21251466,"data":"轮次:··6/·20 || c_Loss:0.395 || e_Loss:-0.993 || Aad_Loss:-30.365 || 耗时：34.76s\n"}
,{"stream_name":"stdout","time":1182.433795612,"data":"轮次:··7/·20 || c_Loss:0.379 || e_Loss:-1.013 || Aad_Loss:-31.059 || 耗时：13.22s\n"}
,{"stream_name":"stdout","time":1195.749984532,"data":"轮次:··8/·20 || c_Loss:0.378 || e_Loss:-1.009 || Aad_Loss:-31.366 || 耗时：13.32s\n"}
,{"stream_name":"stdout","time":1209.087820549,"data":"轮次:··9/·20 || c_Loss:0.403 || e_Loss:-0.875 || Aad_Loss:-31.520 || 耗时：13.34s\n"}
,{"stream_name":"stdout","time":1222.435418949,"data":"轮次:·10/·20 || c_Loss:0.380 || e_Loss:-1.003 || Aad_Loss:-31.466 || 耗时：13.35s\n"}
,{"stream_name":"stdout","time":1228.612492081,"data":"任务: (B2)N15_M07_F10→(B1)N15_M01_F10; mix批次:····0; 批次:··940/·1880;  总正确率: 55.33%\n"}
,{"stream_name":"stdout","time":1228.612528767,"data":"类型1 正确率： 100.00% -\u003e 1  100.00%, 2    0.00%, 3    0.00%\n"}
,{"stream_name":"stdout","time":1228.612536792,"data":"类型2 正确率：  33.00% -\u003e 1   34.00%, 2   33.00%, 3   33.00%\n"}
,{"stream_name":"stdout","time":1228.612543164,"data":"类型3 正确率：  33.00% -\u003e 1    0.00%, 2   67.00%, 3   33.00%\n"}
,{"stream_name":"stdout","time":1228.612549811,"data":"\n"}
,{"stream_name":"stdout","time":1228.612555589,"data":"\n"}
,{"stream_name":"stdout","time":1228.655912596,"data":"样本变换：reverse\n"}
,{"stream_name":"stdout","time":1231.978274952,"data":"样本变换：mask\n"}
,{"stream_name":"stdout","time":1235.308597958,"data":"样本变换：shift\n"}
,{"stream_name":"stdout","time":1238.62327749,"data":"样本变换：none\n"}
,{"stream_name":"stderr","time":1244.298194676,"data":"/usr/local/lib/python3.12/dist-packages/numpy/_core/fromnumeric.py:3596: RuntimeWarning: Mean of empty slice.\n"}
,{"stream_name":"stderr","time":1244.298258976,"data":"  return _methods._mean(a, axis=axis, dtype=dtype,\n"}
,{"stream_name":"stderr","time":1244.298282705,"data":"/usr/local/lib/python3.12/dist-packages/numpy/_core/_methods.py:138: RuntimeWarning: invalid value encountered in scalar divide\n"}
,{"stream_name":"stderr","time":1244.29829054,"data":"  ret = ret.dtype.type(ret / rcount)\n"}
,{"stream_name":"stderr","time":1244.299129326,"data":"/kaggle/working/m2rep/reps1/sdalr_PU_final_checkpoint/tools.py:414: RuntimeWarning: Mean of empty slice.\n"}
,{"stream_name":"stderr","time":1244.299143211,"data":"  overall_acc = round(per_class_acc.mean(), 2)\n"}
,{"stream_name":"stderr","time":1244.299149216,"data":"/usr/local/lib/python3.12/dist-packages/numpy/_core/_methods.py:138: RuntimeWarning: invalid value encountered in scalar divide\n"}
,{"stream_name":"stderr","time":1244.299155726,"data":"  ret = ret.dtype.type(ret / rcount)\n"}
,{"stream_name":"stdout","time":1244.299374069,"data":"未过滤\t未用伪标签：55.33% -\u003e 使用伪标签：55.33%\n"}
,{"stream_name":"stdout","time":1244.299399941,"data":"已过滤\t未用伪标签：55.33% -\u003e 使用伪标签：55.33%\n"}
,{"stream_name":"stdout","time":1244.299404885,"data":"排除样本：2680|6000\t剩余：2000, 1320\n"}
,{"stream_name":"stdout","time":1244.299409606,"data":"增添样本：2040\t\t细则：0, 680, 1360\t正确率估算：100.00%\n"}
,{"stream_name":"stdout","time":1244.299414449,"data":"类型1 正确率： 100.00% -\u003e 1  100.00%, 2    0.00%, 3    0.00%\n"}
,{"stream_name":"stdout","time":1244.299419211,"data":"类型2 正确率：  33.00% -\u003e 1   34.00%, 2   33.00%, 3   33.00%\n"}
,{"stream_name":"stdout","time":1244.299423626,"data":"类型3 正确率：  33.00% -\u003e 1    0.00%, 2   67.00%, 3   33.00%\n"}
,{"stream_name":"stdout","time":1244.299428165,"data":"\n"}
,{"stream_name":"stdout","time":1244.299431868,"data":"被排除样本 正确率：nan%\n"}
,{"stream_name":"stdout","time":1244.299435847,"data":"\n"}
,{"stream_name":"stdout","time":1244.299439482,"data":"\n"}
,{"stream_name":"stdout","time":1257.403404624,"data":"轮次:·11/·20 || c_Loss:0.394 || e_Loss:-0.996 || Aad_Loss:-30.776 || 耗时：34.97s\n"}
,{"stream_name":"stdout","time":1270.610314069,"data":"轮次:·12/·20 || c_Loss:0.377 || e_Loss:-1.016 || Aad_Loss:-31.378 || 耗时：13.21s\n"}
,{"stream_name":"stdout","time":1283.874339649,"data":"轮次:·13/·20 || c_Loss:0.376 || e_Loss:-1.011 || Aad_Loss:-31.628 || 耗时：13.26s\n"}
,{"stream_name":"stdout","time":1297.072567042,"data":"轮次:·14/·20 || c_Loss:0.401 || e_Loss:-0.875 || Aad_Loss:-32.063 || 耗时：13.20s\n"}
,{"stream_name":"stdout","time":1310.323273592,"data":"轮次:·15/·20 || c_Loss:0.378 || e_Loss:-1.004 || Aad_Loss:-31.694 || 耗时：13.25s\n"}
,{"stream_name":"stdout","time":1316.51580676,"data":"任务: (B2)N15_M07_F10→(B1)N15_M01_F10; mix批次:····0; 批次:·1410/·1880;  总正确率: 55.33%\n"}
,{"stream_name":"stdout","time":1316.515847564,"data":"类型1 正确率： 100.00% -\u003e 1  100.00%, 2    0.00%, 3    0.00%\n"}
,{"stream_name":"stdout","time":1316.515854039,"data":"类型2 正确率：  33.00% -\u003e 1   34.00%, 2   33.00%, 3   33.00%\n"}
,{"stream_name":"stdout","time":1316.51586019,"data":"类型3 正确率：  33.00% -\u003e 1    0.00%, 2   67.00%, 3   33.00%\n"}
,{"stream_name":"stdout","time":1316.515868393,"data":"\n"}
,{"stream_name":"stdout","time":1316.515871249,"data":"\n"}
,{"stream_name":"stdout","time":1316.559733192,"data":"样本变换：reverse\n"}
,{"stream_name":"stdout","time":1319.88029251,"data":"样本变换：mask\n"}
,{"stream_name":"stdout","time":1323.230561397,"data":"样本变换：shift\n"}
,{"stream_name":"stdout","time":1326.565230531,"data":"样本变换：none\n"}
,{"stream_name":"stderr","time":1332.249416505,"data":"/usr/local/lib/python3.12/dist-packages/numpy/_core/fromnumeric.py:3596: RuntimeWarning: Mean of empty slice.\n"}
,{"stream_name":"stderr","time":1332.249460822,"data":"  return _methods._mean(a, axis=axis, dtype=dtype,\n"}
,{"stream_name":"stderr","time":1332.249467018,"data":"/usr/local/lib/python3.12/dist-packages/numpy/_core/_methods.py:138: RuntimeWarning: invalid value encountered in scalar divide\n"}
,{"stream_name":"stderr","time":1332.249477494,"data":"  ret = ret.dtype.type(ret / rcount)\n"}
,{"stream_name":"stderr","time":1332.250312067,"data":"/kaggle/working/m2rep/reps1/sdalr_PU_final_checkpoint/tools.py:414: RuntimeWarning: Mean of empty slice.\n"}
,{"stream_name":"stderr","time":1332.250326956,"data":"  overall_acc = round(per_class_acc.mean(), 2)\n"}
,{"stream_name":"stderr","time":1332.25035727,"data":"/usr/local/lib/python3.12/dist-packages/numpy/_core/_methods.py:138: RuntimeWarning: invalid value encountered in scalar divide\n"}
,{"stream_name":"stderr","time":1332.250360845,"data":"  ret = ret.dtype.type(ret / rcount)\n"}
,{"stream_name":"stdout","time":1332.250566956,"data":"未过滤\t未用伪标签：55.33% -\u003e 使用伪标签：55.33%\n"}
,{"stream_name":"stdout","time":1332.250577659,"data":"已过滤\t未用伪标签：55.33% -\u003e 使用伪标签：55.33%\n"}
,{"stream_name":"stdout","time":1332.250582942,"data":"排除样本：2680|6000\t剩余：2000, 1320\n"}
,{"stream_name":"stdout","time":1332.250587971,"data":"增添样本：2040\t\t细则：0, 680, 1360\t正确率估算：100.00%\n"}
,{"stream_name":"stdout","time":1332.250593079,"data":"类型1 正确率： 100.00% -\u003e 1  100.00%, 2    0.00%, 3    0.00%\n"}
,{"stream_name":"stdout","time":1332.250597459,"data":"类型2 正确率：  33.00% -\u003e 1   34.00%, 2   33.00%, 3   33.00%\n"}
,{"stream_name":"stdout","time":1332.250601411,"data":"类型3 正确率：  33.00% -\u003e 1    0.00%, 2   67.00%, 3   33.00%\n"}
,{"stream_name":"stdout","time":1332.250605384,"data":"\n"}
,{"stream_name":"stdout","time":1332.250609046,"data":"被排除样本 正确率：nan%\n"}
,{"stream_name":"stdout","time":1332.250612842,"data":"\n"}
,{"stream_name":"stdout","time":1332.250616537,"data":"\n"}
,{"stream_name":"stdout","time":1345.4802446,"data":"轮次:·16/·20 || c_Loss:0.391 || e_Loss:-0.995 || Aad_Loss:-30.998 || 耗时：35.16s\n"}
,{"stream_name":"stdout","time":1358.830487415,"data":"轮次:·17/·20 || c_Loss:0.376 || e_Loss:-1.017 || Aad_Loss:-31.544 || 耗时：13.35s\n"}
,{"stream_name":"stdout","time":1372.14944423,"data":"轮次:·18/·20 || c_Loss:0.375 || e_Loss:-1.012 || Aad_Loss:-31.767 || 耗时：13.32s\n"}
,{"stream_name":"stdout","time":1385.480244775,"data":"轮次:·19/·20 || c_Loss:0.399 || e_Loss:-0.876 || Aad_Loss:-32.362 || 耗时：13.33s\n"}
,{"stream_name":"stdout","time":1398.77356574,"data":"轮次:·20/·20 || c_Loss:0.377 || e_Loss:-1.004 || Aad_Loss:-31.825 || 耗时：13.29s\n"}
,{"stream_name":"stdout","time":1404.927245575,"data":"任务: (B2)N15_M07_F10→(B1)N15_M01_F10; mix批次:····0; 批次:·1880/·1880;  总正确率: 55.33%\n"}
,{"stream_name":"stdout","time":1404.927293207,"data":"类型1 正确率： 100.00% -\u003e 1  100.00%, 2    0.00%, 3    0.00%\n"}
,{"stream_name":"stdout","time":1404.927299014,"data":"类型2 正确率：  33.00% -\u003e 1   34.00%, 2   33.00%, 3   33.00%\n"}
,{"stream_name":"stdout","time":1404.927303016,"data":"类型3 正确率：  33.00% -\u003e 1    0.00%, 2   67.00%, 3   33.00%\n"}
,{"stream_name":"stdout","time":1404.927306708,"data":"\n"}
,{"stream_name":"stdout","time":1404.927310286,"data":"\n"}
,{"stream_name":"stdout","time":1411.016325571,"data":"测试集任务: (B2)N15_M07_F10→(B1)N15_M01_F10; 总正确率 = 55.33%\n"}
,{"stream_name":"stdout","time":1411.016357846,"data":"类型1 正确率： 100.00% -\u003e 1  100.00%, 2    0.00%, 3    0.00%\n"}
,{"stream_name":"stdout","time":1411.016365386,"data":"类型2 正确率：  33.00% -\u003e 1   34.00%, 2   33.00%, 3   33.00%\n"}
,{"stream_name":"stdout","time":1411.01637097,"data":"类型3 正确率：  33.00% -\u003e 1    0.00%, 2   67.00%, 3   33.00%\n"}
,{"stream_name":"stdout","time":1411.016376816,"data":"\n"}
,{"stream_name":"stdout","time":1411.016381609,"data":"\n"}
,{"stream_name":"stdout","time":1411.040492839,"data":"[tar_adaptation_RES_PU.py --folder_root /kaggle/working/m2rep/reps1/sdalr_PU_final_checkpoint/DATA_foldA --seed 1 --class_num 3 --data_name PU_M1_L3 --output /kaggle/working/m2rep/reps1/weight_PU_M1_final_checkpoint_FBtoA_s1 --s 1 --t 0 --lr 0.0005 --threshold 0.4 --K 0.6] 370s\n"}
,{"stream_name":"stdout","time":1411.070341071,"data":"读取源域路径：/kaggle/working/m2rep/reps1/weight_PU_M1_final_checkpoint_FBtoA_s1/NEW_PU/Source-源域/log\u0026pt/(B2)N15_M07_F10\n"}
,{"stream_name":"stdout","time":1411.070359561,"data":"excel输出位置：/kaggle/working/m2rep/reps1/weight_PU_M1_final_checkpoint_FBtoA_s1/NEW_PU/Target-目标域\n"}
,{"stream_name":"stdout","time":1411.070364514,"data":"特征图片输出位置：/kaggle/working/m2rep/reps1/weight_PU_M1_final_checkpoint_FBtoA_s1/NEW_PU/Picture-特征图/2026年09月15日17时38分/(B2)N15_M07_F10\n"}
,{"stream_name":"stderr","time":1411.121644788,"data":"/usr/local/lib/python3.12/dist-packages/torch/nn/utils/weight_norm.py:144: FutureWarning: `torch.nn.utils.weight_norm` is deprecated in favor of `torch.nn.utils.parametrizations.weight_norm`.\n"}
,{"stream_name":"stderr","time":1411.121668233,"data":"  WeightNorm.apply(module, name, dim)\n"}
,{"stream_name":"stdout","time":1411.159367873,"data":"现在选取:(B2)N15_M07_F10 进行训练的源模型\n"}
,{"stream_name":"stdout","time":1411.159394634,"data":"现在进行：(B2)N15_M07_F10→(B3)N15_M07_F04 的迁移任务\n"}
,{"stream_name":"stdout","time":1411.159400022,"data":"log\u0026pt输出位置：/kaggle/working/m2rep/reps1/weight_PU_M1_final_checkpoint_FBtoA_s1/NEW_PU/Target-目标域/log\u0026pt/(B2)N15_M07_F10→(B3)N15_M07_F04\n"}
,{"stream_name":"stderr","time":1411.160808272,"data":"sh: 1: Syntax error: word unexpected (expecting \")\")\n"}
,{"stream_name":"stdout","time":1422.194833413,"data":"任务: (B2)N15_M07_F10→(B3)N15_M07_F04; 批次:····0/·1880;  总正确率: 51.57%\n"}
,{"stream_name":"stdout","time":1422.194887654,"data":"类型1 正确率： 100.00% -\u003e 1  100.00%, 2    0.00%, 3    0.00%\n"}
,{"stream_name":"stdout","time":1422.194895056,"data":"类型2 正确率：  35.00% -\u003e 1   26.80%, 2   35.05%, 3   38.15%\n"}
,{"stream_name":"stdout","time":1422.194901047,"data":"类型3 正确率：  20.00% -\u003e 1    0.75%, 2   79.60%, 3   19.65%\n"}
,{"stream_name":"stdout","time":1422.194906266,"data":"\n"}
,{"stream_name":"stdout","time":1422.194936286,"data":"\n"}
,{"stream_name":"stdout","time":1422.195511709,"data":"样本变换：reverse\n"}
,{"stream_name":"stdout","time":1425.485231006,"data":"样本变换：mask\n"}
,{"stream_name":"stdout","time":1428.813248182,"data":"样本变换：shift\n"}
,{"stream_name":"stdout","time":1432.134246299,"data":"样本变换：none\n"}
,{"stream_name":"stderr","time":1437.720287291,"data":"/kaggle/working/m2rep/reps1/sdalr_PU_final_checkpoint/tools.py:413: RuntimeWarning: invalid value encountered in divide\n"}
,{"stream_name":"stderr","time":1437.720336753,"data":"  per_class_acc = conf_matrix.diagonal() / conf_matrix.sum(axis=1) * 100\n"}
,{"stream_name":"stdout","time":1437.720508466,"data":"未过滤\t未用伪标签：51.57% -\u003e 使用伪标签：54.30%\n"}
,{"stream_name":"stdout","time":1437.720533517,"data":"已过滤\t未用伪标签：51.58% -\u003e 使用伪标签：54.58%\n"}
,{"stream_name":"stdout","time":1437.720539568,"data":"排除样本：31|6000\t剩余：2626, 1938, 1405\n"}
,{"stream_name":"stdout","time":1437.720544688,"data":"增添样本：1909\t\t细则：0, 688, 1221\t正确率估算：82.66%\n"}
,{"stream_name":"stdout","time":1437.720549871,"data":"类型1 正确率： 100.00% -\u003e 1  100.00%, 2    0.00%, 3    0.00%\n"}
,{"stream_name":"stdout","time":1437.720554985,"data":"类型2 正确率：  30.00% -\u003e 1   31.79%, 2   30.37%, 3   37.84%\n"}
,{"stream_name":"stdout","time":1437.720559739,"data":"类型3 正确率：  33.00% -\u003e 1    0.00%, 2   67.00%, 3   33.00%\n"}
,{"stream_name":"stdout","time":1437.720584408,"data":"\n"}
,{"stream_name":"stdout","time":1437.720588112,"data":"被排除样本 正确率：48.39%\n"}
,{"stream_name":"stdout","time":1437.720591713,"data":"类型1 没有样本或未被分类。\n"}
,{"stream_name":"stdout","time":1437.720595136,"data":"类型2 正确率：  48.00% -\u003e 1   16.13%, 2   48.39%, 3   35.48%\n"}
,{"stream_name":"stdout","time":1437.720598875,"data":"类型3 没有样本或未被分类。\n"}
,{"stream_name":"stdout","time":1437.720602473,"data":"\n"}
,{"stream_name":"stdout","time":1437.720605887,"data":"\n"}
,{"stream_name":"stdout","time":1450.933702664,"data":"轮次:··1/·20 || c_Loss:0.498 || e_Loss:-1.039 || Aad_Loss:-28.283 || 耗时：34.78s\n"}
,{"stream_name":"stdout","time":1464.204336477,"data":"轮次:··2/·20 || c_Loss:0.374 || e_Loss:-0.982 || Aad_Loss:-29.296 || 耗时：13.27s\n"}
,{"stream_name":"stdout","time":1477.455574041,"data":"轮次:··3/·20 || c_Loss:0.383 || e_Loss:-1.710 || Aad_Loss:-28.757 || 耗时：13.25s\n"}
,{"stream_name":"stdout","time":1490.594071291,"data":"轮次:··4/·20 || c_Loss:0.385 || e_Loss:-1.723 || Aad_Loss:-30.701 || 耗时：13.14s\n"}
,{"stream_name":"stdout","time":1503.783930748,"data":"轮次:··5/·20 || c_Loss:0.401 || e_Loss:-0.953 || Aad_Loss:-28.571 || 耗时：13.19s\n"}
,{"stream_name":"stdout","time":1509.921873118,"data":"任务: (B2)N15_M07_F10→(B3)N15_M07_F04; mix批次:····0; 批次:··470/·1880;  总正确率: 54.92%\n"}
,{"stream_name":"stdout","time":1509.92191834,"data":"类型1 正确率： 100.00% -\u003e 1  100.00%, 2    0.00%, 3    0.00%\n"}
,{"stream_name":"stdout","time":1509.921924959,"data":"类型2 正确率：  32.00% -\u003e 1   34.00%, 2   31.75%, 3   34.25%\n"}
,{"stream_name":"stdout","time":1509.921937636,"data":"类型3 正确率：  33.00% -\u003e 1    0.00%, 2   67.00%, 3   33.00%\n"}
,{"stream_name":"stdout","time":1509.921943149,"data":"\n"}
,{"stream_name":"stdout","time":1509.921947942,"data":"\n"}
,{"stream_name":"stdout","time":1509.954407235,"data":"样本变换：reverse\n"}
,{"stream_name":"stdout","time":1513.25327844,"data":"样本变换：mask\n"}
,{"stream_name":"stdout","time":1516.570250103,"data":"样本变换：shift\n"}
,{"stream_name":"stdout","time":1519.881254022,"data":"样本变换：none\n"}
,{"stream_name":"stderr","time":1525.521005192,"data":"/kaggle/working/m2rep/reps1/sdalr_PU_final_checkpoint/tools.py:413: RuntimeWarning: invalid value encountered in divide\n"}
,{"stream_name":"stderr","time":1525.521049298,"data":"  per_class_acc = conf_matrix.diagonal() / conf_matrix.sum(axis=1) * 100\n"}
,{"stream_name":"stdout","time":1525.521168011,"data":"未过滤\t未用伪标签：54.92% -\u003e 使用伪标签：55.12%\n"}
,{"stream_name":"stdout","time":1525.521180671,"data":"已过滤\t未用伪标签：54.93% -\u003e 使用伪标签：55.13%\n"}
,{"stream_name":"stdout","time":1525.521186259,"data":"排除样本：1|6000\t剩余：2680, 1987, 1332\n"}
,{"stream_name":"stdout","time":1525.521191132,"data":"增添样本：2041\t\t细则：0, 693, 1348\t正确率估算：99.60%\n"}
,{"stream_name":"stdout","time":1525.521216979,"data":"类型1 正确率： 100.00% -\u003e 1  100.00%, 2    0.00%, 3    0.00%\n"}
,{"stream_name":"stdout","time":1525.521223046,"data":"类型2 正确率：  32.00% -\u003e 1   34.02%, 2   32.37%, 3   33.62%\n"}
,{"stream_name":"stdout","time":1525.521227661,"data":"类型3 正确率：  33.00% -\u003e 1    0.00%, 2   67.00%, 3   33.00%\n"}
,{"stream_name":"stdout","time":1525.521232379,"data":"\n"}
,{"stream_name":"stdout","time":1525.5212365,"data":"被排除样本 正确率：0.00%\n"}
,{"stream_name":"stdout","time":1525.521261181,"data":"类型1 正确率：   0.00% -\u003e 1    0.00%, 2  100.00%\n"}
,{"stream_name":"stdout","time":1525.521264267,"data":"类型2 没有样本或未被分类。\n"}
,{"stream_name":"stdout","time":1525.52126677,"data":"\n"}
,{"stream_name":"stdout","time":1525.521268908,"data":"\n"}
,{"stream_name":"stdout","time":1538.730243468,"data":"轮次:··6/·20 || c_Loss:0.376 || e_Loss:-0.998 || Aad_Loss:-30.804 || 耗时：34.95s\n"}
,{"stream_name":"stdout","time":1551.991313753,"data":"轮次:··7/·20 || c_Loss:0.388 || e_Loss:-0.986 || Aad_Loss:-30.910 || 耗时：13.26s\n"}
,{"stream_name":"stdout","time":1565.259115368,"data":"轮次:··8/·20 || c_Loss:0.385 || e_Loss:-0.985 || Aad_Loss:-31.231 || 耗时：13.27s\n"}
,{"stream_name":"stdout","time":1578.592965225,"data":"轮次:··9/·20 || c_Loss:0.403 || e_Loss:-0.983 || Aad_Loss:-30.918 || 耗时：13.33s\n"}
,{"stream_name":"stdout","time":1591.841578252,"data":"轮次:·10/·20 || c_Loss:0.406 || e_Loss:-0.981 || Aad_Loss:-30.848 || 耗时：13.25s\n"}
,{"stream_name":"stdout","time":1597.99764483,"data":"任务: (B2)N15_M07_F10→(B3)N15_M07_F04; mix批次:····0; 批次:··940/·1880;  总正确率: 55.18%\n"}
,{"stream_name":"stdout","time":1597.997677922,"data":"类型1 正确率： 100.00% -\u003e 1  100.00%, 2    0.00%, 3    0.00%\n"}
,{"stream_name":"stdout","time":1597.997683926,"data":"类型2 正确率：  33.00% -\u003e 1   34.00%, 2   32.55%, 3   33.45%\n"}
,{"stream_name":"stdout","time":1597.997714085,"data":"类型3 正确率：  33.00% -\u003e 1    0.00%, 2   67.00%, 3   33.00%\n"}
,{"stream_name":"stdout","time":1597.997720965,"data":"\n"}
,{"stream_name":"stdout","time":1597.997725245,"data":"\n"}
,{"stream_name":"stdout","time":1598.036908627,"data":"样本变换：reverse\n"}
,{"stream_name":"stdout","time":1601.321264514,"data":"样本变换：mask\n"}
,{"stream_name":"stdout","time":1604.619266462,"data":"样本变换：shift\n"}
,{"stream_name":"stdout","time":1607.929707679,"data":"样本变换：none\n"}
,{"stream_name":"stderr","time":1613.476175993,"data":"/usr/local/lib/python3.12/dist-packages/numpy/_core/fromnumeric.py:3596: RuntimeWarning: Mean of empty slice.\n"}
,{"stream_name":"stderr","time":1613.476235224,"data":"  return _methods._mean(a, axis=axis, dtype=dtype,\n"}
,{"stream_name":"stderr","time":1613.476243071,"data":"/usr/local/lib/python3.12/dist-packages/numpy/_core/_methods.py:138: RuntimeWarning: invalid value encountered in scalar divide\n"}
,{"stream_name":"stderr","time":1613.476248145,"data":"  ret = ret.dtype.type(ret / rcount)\n"}
,{"stream_name":"stderr","time":1613.476964101,"data":"/kaggle/working/m2rep/reps1/sdalr_PU_final_checkpoint/tools.py:414: RuntimeWarning: Mean of empty slice.\n"}
,{"stream_name":"stderr","time":1613.476981457,"data":"  overall_acc = round(per_class_acc.mean(), 2)\n"}
,{"stream_name":"stderr","time":1613.476985452,"data":"/usr/local/lib/python3.12/dist-packages/numpy/_core/_methods.py:138: RuntimeWarning: invalid value encountered in scalar divide\n"}
,{"stream_name":"stderr","time":1613.476988797,"data":"  ret = ret.dtype.type(ret / rcount)\n"}
,{"stream_name":"stdout","time":1613.477156755,"data":"未过滤\t未用伪标签：55.18% -\u003e 使用伪标签：55.20%\n"}
,{"stream_name":"stdout","time":1613.477172623,"data":"已过滤\t未用伪标签：55.18% -\u003e 使用伪标签：55.20%\n"}
,{"stream_name":"stdout","time":1613.477176443,"data":"排除样本：2680|6000\t剩余：1992, 1328\n"}
,{"stream_name":"stdout","time":1613.47717997,"data":"增添样本：2040\t\t细则：0, 688, 1352\t正确率估算：99.95%\n"}
,{"stream_name":"stdout","time":1613.477221847,"data":"类型1 正确率： 100.00% -\u003e 1  100.00%, 2    0.00%, 3    0.00%\n"}
,{"stream_name":"stdout","time":1613.477229847,"data":"类型2 正确率：  33.00% -\u003e 1   34.00%, 2   32.60%, 3   33.40%\n"}
,{"stream_name":"stdout","time":1613.477234406,"data":"类型3 正确率：  33.00% -\u003e 1    0.00%, 2   67.00%, 3   33.00%\n"}
,{"stream_name":"stdout","time":1613.477238214,"data":"\n"}
,{"stream_name":"stdout","time":1613.477241603,"data":"被排除样本 正确率：nan%\n"}
,{"stream_name":"stdout","time":1613.477245255,"data":"\n"}
,{"stream_name":"stdout","time":1613.477248721,"data":"\n"}
,{"stream_name":"stdout","time":1626.643836938,"data":"轮次:·11/·20 || c_Loss:0.382 || e_Loss:-1.013 || Aad_Loss:-31.046 || 耗时：34.80s\n"}
,{"stream_name":"stdout","time":1639.740746187,"data":"轮次:·12/·20 || c_Loss:0.400 || e_Loss:-0.977 || Aad_Loss:-30.734 || 耗时：13.10s\n"}
,{"stream_name":"stdout","time":1652.828383012,"data":"轮次:·13/·20 || c_Loss:0.381 || e_Loss:-0.986 || Aad_Loss:-31.272 || 耗时：13.09s\n"}
,{"stream_name":"stdout","time":1665.971243963,"data":"轮次:·14/·20 || c_Loss:0.380 || e_Loss:-1.009 || Aad_Loss:-30.646 || 耗时：13.14s\n"}
,{"stream_name":"stdout","time":1679.056726475,"data":"轮次:·15/·20 || c_Loss:0.379 || e_Loss:-1.028 || Aad_Loss:-31.248 || 耗时：13.09s\n"}
,{"stream_name":"stdout","time":1685.17892051,"data":"任务: (B2)N15_M07_F10→(B3)N15_M07_F04; mix批次:····0; 批次:·1410/·1880;  总正确率: 55.23%\n"}
,{"stream_name":"stdout","time":1685.178967983,"data":"类型1 正确率： 100.00% -\u003e 1  100.00%, 2    0.00%, 3    0.00%\n"}
,{"stream_name":"stdout","time":1685.178974796,"data":"类型2 正确率：  33.00% -\u003e 1   34.00%, 2   32.70%, 3   33.30%\n"}
,{"stream_name":"stdout","time":1685.178979566,"data":"类型3 正确率：  33.00% -\u003e 1    0.00%, 2   67.00%, 3   33.00%\n"}
,{"stream_name":"stdout","time":1685.178984436,"data":"\n"}
,{"stream_name":"stdout","time":1685.178988633,"data":"\n"}
,{"stream_name":"stdout","time":1685.219113406,"data":"样本变换：reverse\n"}
,{"stream_name":"stdout","time":1688.471267131,"data":"样本变换：mask\n"}
,{"stream_name":"stdout","time":1691.777253116,"data":"样本变换：shift\n"}
,{"stream_name":"stdout","time":1695.062267045,"data":"样本变换：none\n"}
,{"stream_name":"stderr","time":1700.587340425,"data":"/kaggle/working/m2rep/reps1/sdalr_PU_final_checkpoint/tools.py:413: RuntimeWarning: invalid value encountered in divide\n"}
,{"stream_name":"stderr","time":1700.587381771,"data":"  per_class_acc = conf_matrix.diagonal() / conf_matrix.sum(axis=1) * 100\n"}
,{"stream_name":"stdout","time":1700.587527706,"data":"未过滤\t未用伪标签：55.23% -\u003e 使用伪标签：55.27%\n"}
,{"stream_name":"stdout","time":1700.587541275,"data":"已过滤\t未用伪标签：55.25% -\u003e 使用伪标签：55.29%\n"}
,{"stream_name":"stdout","time":1700.587546686,"data":"排除样本：2|6000\t剩余：2680, 1998, 1320\n"}
,{"stream_name":"stdout","time":1700.587551883,"data":"增添样本：2042\t\t细则：0, 682, 1360\t正确率估算：100.00%\n"}
,{"stream_name":"stdout","time":1700.58755697,"data":"类型1 正确率： 100.00% -\u003e 1  100.00%, 2    0.00%, 3    0.00%\n"}
,{"stream_name":"stdout","time":1700.587562345,"data":"类型2 正确率：  33.00% -\u003e 1   34.03%, 2   32.88%, 3   33.08%\n"}
,{"stream_name":"stdout","time":1700.587567501,"data":"类型3 正确率：  33.00% -\u003e 1    0.00%, 2   67.05%, 3   32.95%\n"}
,{"stream_name":"stdout","time":1700.587572353,"data":"\n"}
,{"stream_name":"stdout","time":1700.587577155,"data":"被排除样本 正确率：0.00%\n"}
,{"stream_name":"stdout","time":1700.587597076,"data":"类型1 正确率：   0.00% -\u003e 1    0.00%, 2  100.00%\n"}
,{"stream_name":"stdout","time":1700.587600882,"data":"类型2 没有样本或未被分类。\n"}
,{"stream_name":"stdout","time":1700.587604414,"data":"\n"}
,{"stream_name":"stdout","time":1700.587607653,"data":"\n"}
,{"stream_name":"stdout","time":1713.6251156,"data":"轮次:·16/·20 || c_Loss:0.377 || e_Loss:-1.001 || Aad_Loss:-32.230 || 耗时：34.57s\n"}
,{"stream_name":"stdout","time":1726.713396221,"data":"轮次:·17/·20 || c_Loss:0.391 || e_Loss:-1.024 || Aad_Loss:-30.769 || 耗时：13.09s\n"}
,{"stream_name":"stdout","time":1739.758140774,"data":"轮次:·18/·20 || c_Loss:0.375 || e_Loss:-1.009 || Aad_Loss:-31.774 || 耗时：13.04s\n"}
,{"stream_name":"stdout","time":1752.947726913,"data":"轮次:·19/·20 || c_Loss:0.381 || e_Loss:-1.009 || Aad_Loss:-31.196 || 耗时：13.19s\n"}
,{"stream_name":"stdout","time":1765.996375644,"data":"轮次:·20/·20 || c_Loss:0.377 || e_Loss:-1.016 || Aad_Loss:-31.570 || 耗时：13.05s\n"}
,{"stream_name":"stdout","time":1772.120686604,"data":"任务: (B2)N15_M07_F10→(B3)N15_M07_F04; mix批次:····0; 批次:·1880/·1880;  总正确率: 55.20%\n"}
,{"stream_name":"stdout","time":1772.120719508,"data":"类型1 正确率： 100.00% -\u003e 1  100.00%, 2    0.00%, 3    0.00%\n"}
,{"stream_name":"stdout","time":1772.120727502,"data":"类型2 正确率：  33.00% -\u003e 1   34.00%, 2   32.60%, 3   33.40%\n"}
,{"stream_name":"stdout","time":1772.120732804,"data":"类型3 正确率：  33.00% -\u003e 1    0.00%, 2   67.00%, 3   33.00%\n"}
,{"stream_name":"stdout","time":1772.12073841,"data":"\n"}
,{"stream_name":"stdout","time":1772.120742641,"data":"\n"}
,{"stream_name":"stdout","time":1778.207824087,"data":"测试集任务: (B2)N15_M07_F10→(B3)N15_M07_F04; 总正确率 = 55.20%\n"}
,{"stream_name":"stdout","time":1778.207865567,"data":"类型1 正确率： 100.00% -\u003e 1  100.00%, 2    0.00%, 3    0.00%\n"}
,{"stream_name":"stdout","time":1778.207872876,"data":"类型2 正确率：  33.00% -\u003e 1   34.00%, 2   32.60%, 3   33.40%\n"}
,{"stream_name":"stdout","time":1778.207878387,"data":"类型3 正确率：  33.00% -\u003e 1    0.00%, 2   67.00%, 3   33.00%\n"}
,{"stream_name":"stdout","time":1778.207883194,"data":"\n"}
,{"stream_name":"stdout","time":1778.207887649,"data":"\n"}
,{"stream_name":"stdout","time":1778.232063094,"data":"[tar_adaptation_RES_PU.py --folder_root /kaggle/working/m2rep/reps1/sdalr_PU_final_checkpoint/DATA_foldA --seed 1 --class_num 3 --data_name PU_M1_L3 --output /kaggle/working/m2rep/reps1/weight_PU_M1_final_checkpoint_FBtoA_s1 --s 1 --t 2 --lr 0.0005 --threshold 0.4 --K 0.6] 367s\n"}
,{"stream_name":"stdout","time":1778.256552919,"data":"读取源域路径：/kaggle/working/m2rep/reps1/weight_PU_M1_final_checkpoint_FBtoA_s1/NEW_PU/Source-源域/log\u0026pt/(B3)N15_M07_F04\n"}
,{"stream_name":"stdout","time":1778.256573732,"data":"excel输出位置：/kaggle/working/m2rep/reps1/weight_PU_M1_final_checkpoint_FBtoA_s1/NEW_PU/Target-目标域\n"}
,{"stream_name":"stdout","time":1778.256600478,"data":"特征图片输出位置：/kaggle/working/m2rep/reps1/weight_PU_M1_final_checkpoint_FBtoA_s1/NEW_PU/Picture-特征图/2026年09月15日17时44分/(B3)N15_M07_F04\n"}
,{"stream_name":"stderr","time":1778.289804013,"data":"/usr/local/lib/python3.12/dist-packages/torch/nn/utils/weight_norm.py:144: FutureWarning: `torch.nn.utils.weight_norm` is deprecated in favor of `torch.nn.utils.parametrizations.weight_norm`.\n"}
,{"stream_name":"stderr","time":1778.28982337,"data":"  WeightNorm.apply(module, name, dim)\n"}
,{"stream_name":"stdout","time":1778.326317305,"data":"现在选取:(B3)N15_M07_F04 进行训练的源模型\n"}
,{"stream_name":"stdout","time":1778.326353035,"data":"现在进行：(B3)N15_M07_F04→(B1)N15_M01_F10 的迁移任务\n"}
,{"stream_name":"stdout","time":1778.32635918,"data":"log\u0026pt输出位置：/kaggle/working/m2rep/reps1/weight_PU_M1_final_checkpoint_FBtoA_s1/NEW_PU/Target-目标域/log\u0026pt/(B3)N15_M07_F04→(B1)N15_M01_F10\n"}
,{"stream_name":"stderr","time":1778.327918258,"data":"sh: 1: Syntax error: word unexpected (expecting \")\")\n"}
,{"stream_name":"stdout","time":1789.42983571,"data":"任务: (B3)N15_M07_F04→(B1)N15_M01_F10; 批次:····0/·1880;  总正确率: 55.17%\n"}
,{"stream_name":"stdout","time":1789.429868784,"data":"类型1 正确率： 100.00% -\u003e 1   99.50%, 2    0.00%, 3    0.50%\n"}
,{"stream_name":"stdout","time":1789.42987388,"data":"类型2 正确率：  33.00% -\u003e 1    6.85%, 2   33.00%, 3   60.15%\n"}
,{"stream_name":"stdout","time":1789.429893844,"data":"类型3 正确率：  33.00% -\u003e 1    0.00%, 2   67.00%, 3   33.00%\n"}
,{"stream_name":"stdout","time":1789.429898099,"data":"\n"}
,{"stream_name":"stdout","time":1789.429901778,"data":"\n"}
,{"stream_name":"stdout","time":1789.430491115,"data":"样本变换：reverse\n"}
,{"stream_name":"stdout","time":1792.667281615,"data":"样本变换：mask\n"}
,{"stream_name":"stdout","time":1795.940013916,"data":"样本变换：shift\n"}
,{"stream_name":"stdout","time":1799.205256767,"data":"样本变换：none\n"}
,{"stream_name":"stderr","time":1804.03715719,"data":"/kaggle/working/m2rep/reps1/sdalr_PU_final_checkpoint/tools.py:413: RuntimeWarning: invalid value encountered in divide\n"}
,{"stream_name":"stderr","time":1804.037233886,"data":"  per_class_acc = conf_matrix.diagonal() / conf_matrix.sum(axis=1) * 100\n"}
,{"stream_name":"stdout","time":1804.037376603,"data":"未过滤\t未用伪标签：55.17% -\u003e 使用伪标签：55.22%\n"}
,{"stream_name":"stdout","time":1804.037420863,"data":"已过滤\t未用伪标签：55.63% -\u003e 使用伪标签：55.73%\n"}
,{"stream_name":"stdout","time":1804.037429052,"data":"排除样本：55|6000\t剩余：2174, 1996, 1775\n"}
,{"stream_name":"stdout","time":1804.037435554,"data":"增添样本：577\t\t细则：0, 178, 399\t正确率估算：99.65%\n"}
,{"stream_name":"stdout","time":1804.037441038,"data":"类型1 正确率： 100.00% -\u003e 1  100.00%, 2    0.00%, 3    0.00%\n"}
,{"stream_name":"stdout","time":1804.037446113,"data":"类型2 正确率：  34.00% -\u003e 1    9.09%, 2   33.68%, 3   57.24%\n"}
,{"stream_name":"stdout","time":1804.037450932,"data":"类型3 正确率：  33.00% -\u003e 1    0.00%, 2   67.00%, 3   33.00%\n"}
,{"stream_name":"stdout","time":1804.037455692,"data":"\n"}
,{"stream_name":"stdout","time":1804.037460149,"data":"被排除样本 正确率：5.45%\n"}
,{"stream_name":"stdout","time":1804.037464737,"data":"类型1 正确率：   0.00% -\u003e 1    0.00%, 2    0.00%, 3  100.00%\n"}
,{"stream_name":"stdout","time":1804.037469383,"data":"类型2 正确率：   6.00% -\u003e 1   11.54%, 2    5.77%, 3   82.69%\n"}
,{"stream_name":"stdout","time":1804.037474164,"data":"类型3 没有样本或未被分类。\n"}
,{"stream_name":"stdout","time":1804.037478773,"data":"\n"}
,{"stream_name":"stdout","time":1804.037483165,"data":"\n"}
,{"stream_name":"stdout","time":1817.266179355,"data":"轮次:··1/·20 || c_Loss:0.558 || e_Loss:-1.787 || Aad_Loss:-27.524 || 耗时：33.82s\n"}
,{"stream_name":"stdout","time":1830.553887256,"data":"轮次:··2/·20 || c_Loss:0.400 || e_Loss:-0.946 || Aad_Loss:-28.824 || 耗时：13.29s\n"}
,{"stream_name":"stdout","time":1843.757236881,"data":"轮次:··3/·20 || c_Loss:0.407 || e_Loss:-0.892 || Aad_Loss:-27.136 || 耗时：13.20s\n"}
,{"stream_name":"stdout","time":1856.880794917,"data":"轮次:··4/·20 || c_Loss:0.363 || e_Loss:-1.650 || Aad_Loss:-29.539 || 耗时：13.12s\n"}
,{"stream_name":"stdout","time":1869.990591774,"data":"轮次:··5/·20 || c_Loss:0.387 || e_Loss:-1.681 || Aad_Loss:-29.130 || 耗时：13.11s\n"}
,{"stream_name":"stdout","time":1876.13559882,"data":"任务: (B3)N15_M07_F04→(B1)N15_M01_F10; mix批次:····0; 批次:··470/·1880;  总正确率: 55.33%\n"}
,{"stream_name":"stdout","time":1876.135671634,"data":"类型1 正确率： 100.00% -\u003e 1  100.00%, 2    0.00%, 3    0.00%\n"}
,{"stream_name":"stdout","time":1876.135681767,"data":"类型2 正确率：  33.00% -\u003e 1    5.25%, 2   33.00%, 3   61.75%\n"}
,{"stream_name":"stdout","time":1876.135687493,"data":"类型3 正确率：  33.00% -\u003e 1    0.00%, 2   67.00%, 3   33.00%\n"}
,{"stream_name":"stdout","time":1876.135692523,"data":"\n"}
,{"stream_name":"stdout","time":1876.135697331,"data":"\n"}
,{"stream_name":"stdout","time":1876.169704388,"data":"样本变换：reverse\n"}
,{"stream_name":"stdout","time":1879.480508419,"data":"样本变换：mask\n"}
,{"stream_name":"stdout","time":1882.881250874,"data":"样本变换：shift\n"}
,{"stream_name":"stdout","time":1886.274624204,"data":"样本变换：none\n"}
,{"stream_name":"stderr","time":1891.167624427,"data":"/kaggle/working/m2rep/reps1/sdalr_PU_final_checkpoint/tools.py:413: RuntimeWarning: invalid value encountered in divide\n"}
,{"stream_name":"stderr","time":1891.167676933,"data":"  per_class_acc = conf_matrix.diagonal() / conf_matrix.sum(axis=1) * 100\n"}
,{"stream_name":"stdout","time":1891.16790887,"data":"未过滤\t未用伪标签：55.33% -\u003e 使用伪标签：55.33%\n"}
,{"stream_name":"stdout","time":1891.167921948,"data":"已过滤\t未用伪标签：55.52% -\u003e 使用伪标签：55.52%\n"}
,{"stream_name":"stdout","time":1891.167928583,"data":"排除样本：20|6000\t剩余：2064, 2000, 1916\n"}
,{"stream_name":"stdout","time":1891.167934245,"data":"增添样本：212\t\t细则：0, 64, 148\t正确率估算：99.06%\n"}
,{"stream_name":"stdout","time":1891.167939807,"data":"类型1 正确率： 100.00% -\u003e 1  100.00%, 2    0.00%, 3    0.00%\n"}
,{"stream_name":"stdout","time":1891.16794628,"data":"类型2 正确率：  33.00% -\u003e 1    3.23%, 2   33.33%, 3   63.43%\n"}
,{"stream_name":"stdout","time":1891.167951833,"data":"类型3 正确率：  33.00% -\u003e 1    0.00%, 2   67.00%, 3   33.00%\n"}
,{"stream_name":"stdout","time":1891.167957588,"data":"\n"}
,{"stream_name":"stdout","time":1891.167962734,"data":"被排除样本 正确率：0.00%\n"}
,{"stream_name":"stdout","time":1891.167968163,"data":"类型1 没有样本或未被分类。\n"}
,{"stream_name":"stdout","time":1891.167973238,"data":"类型2 正确率：   0.00% -\u003e 1   90.00%, 2    0.00%, 3   10.00%\n"}
,{"stream_name":"stdout","time":1891.167978396,"data":"类型3 没有样本或未被分类。\n"}
,{"stream_name":"stdout","time":1891.167983318,"data":"\n"}
,{"stream_name":"stdout","time":1891.167987983,"data":"\n"}
,{"stream_name":"stdout","time":1904.308852064,"data":"轮次:··6/·20 || c_Loss:0.378 || e_Loss:-0.937 || Aad_Loss:-31.143 || 耗时：34.32s\n"}
,{"stream_name":"stdout","time":1917.497135219,"data":"轮次:··7/·20 || c_Loss:0.360 || e_Loss:-0.957 || Aad_Loss:-31.481 || 耗时：13.19s\n"}
,{"stream_name":"stdout","time":1930.687222649,"data":"轮次:··8/·20 || c_Loss:0.362 || e_Loss:-1.358 || Aad_Loss:-32.806 || 耗时：13.19s\n"}
,{"stream_name":"stdout","time":1943.896650643,"data":"轮次:··9/·20 || c_Loss:0.383 || e_Loss:-0.914 || Aad_Loss:-29.348 || 耗时：13.21s\n"}
,{"stream_name":"stdout","time":1957.112086263,"data":"轮次:·10/·20 || c_Loss:0.378 || e_Loss:-0.884 || Aad_Loss:-32.238 || 耗时：13.22s\n"}
,{"stream_name":"stdout","time":1963.280955564,"data":"任务: (B3)N15_M07_F04→(B1)N15_M01_F10; mix批次:····0; 批次:··940/·1880;  总正确率: 55.30%\n"}
,{"stream_name":"stdout","time":1963.280994235,"data":"类型1 正确率： 100.00% -\u003e 1  100.00%, 2    0.00%, 3    0.00%\n"}
,{"stream_name":"stdout","time":1963.28099969,"data":"类型2 正确率：  33.00% -\u003e 1    0.85%, 2   32.90%, 3   66.25%\n"}
,{"stream_name":"stdout","time":1963.281018048,"data":"类型3 正确率：  33.00% -\u003e 1    0.00%, 2   67.00%, 3   33.00%\n"}
,{"stream_name":"stdout","time":1963.281023694,"data":"\n"}
,{"stream_name":"stdout","time":1963.2810287,"data":"\n"}
,{"stream_name":"stdout","time":1963.326859613,"data":"样本变换：reverse\n"}
,{"stream_name":"stdout","time":1966.618652501,"data":"样本变换：mask\n"}
,{"stream_name":"stdout","time":1969.93600791,"data":"样本变换：shift\n"}
,{"stream_name":"stdout","time":1973.261252194,"data":"样本变换：none\n"}
,{"stream_name":"stdout","time":1977.903909453,"data":"未过滤\t未用伪标签：55.30% -\u003e 使用伪标签：55.33%\n"}
,{"stream_name":"stdout","time":1977.903963036,"data":"已过滤\t未用伪标签：55.37% -\u003e 使用伪标签：55.41%\n"}
,{"stream_name":"stdout","time":1977.903970564,"data":"排除样本：8|6000\t剩余：2005, 2000, 1987\n"}
,{"stream_name":"stdout","time":1977.903976082,"data":"增添样本：23\t\t细则：0, 5, 18\t正确率估算：100.00%\n"}
,{"stream_name":"stdout","time":1977.903981311,"data":"类型1 正确率： 100.00% -\u003e 1  100.00%, 2    0.00%, 3    0.00%\n"}
,{"stream_name":"stdout","time":1977.903986469,"data":"类型2 正确率：  33.00% -\u003e 1    0.25%, 2   33.13%, 3   66.62%\n"}
,{"stream_name":"stdout","time":1977.90399123,"data":"类型3 正确率：  33.00% -\u003e 1    0.00%, 2   67.00%, 3   33.00%\n"}
,{"stream_name":"stdout","time":1977.903996281,"data":"\n"}
,{"stream_name":"stdout","time":1977.904000913,"data":"被排除样本 正确率：0.00%\n"}
,{"stream_name":"stdout","time":1977.904005993,"data":"类型1 没有样本或未被分类。\n"}
,{"stream_name":"stdout","time":1977.904010913,"data":"类型2 正确率：   0.00% -\u003e 1   87.50%, 2    0.00%, 3   12.50%\n"}
,{"stream_name":"stdout","time":1977.904015896,"data":"类型3 没有样本或未被分类。\n"}
,{"stream_name":"stdout","time":1977.904020994,"data":"\n"}
,{"stream_name":"stdout","time":1977.904025859,"data":"\n"}
,{"stream_name":"stderr","time":1977.903922523,"data":"/kaggle/working/m2rep/reps1/sdalr_PU_final_checkpoint/tools.py:413: RuntimeWarning: invalid value encountered in divide\n"}
,{"stream_name":"stderr","time":1977.904040602,"data":"  per_class_acc = conf_matrix.diagonal() / conf_matrix.sum(axis=1) * 100\n"}
,{"stream_name":"stdout","time":1990.993953858,"data":"轮次:·11/·20 || c_Loss:0.367 || e_Loss:-1.004 || Aad_Loss:-30.748 || 耗时：33.88s\n"}
,{"stream_name":"stdout","time":2004.02401233,"data":"轮次:·12/·20 || c_Loss:0.369 || e_Loss:-1.015 || Aad_Loss:-31.130 || 耗时：13.03s\n"}
,{"stream_name":"stdout","time":2016.997787341,"data":"轮次:·13/·20 || c_Loss:0.372 || e_Loss:-0.967 || Aad_Loss:-31.426 || 耗时：12.97s\n"}
,{"stream_name":"stdout","time":2029.972099243,"data":"轮次:·14/·20 || c_Loss:0.373 || e_Loss:-0.965 || Aad_Loss:-31.317 || 耗时：12.97s\n"}
,{"stream_name":"stdout","time":2042.954124702,"data":"轮次:·15/·20 || c_Loss:0.373 || e_Loss:-0.989 || Aad_Loss:-30.590 || 耗时：12.98s\n"}
,{"stream_name":"stdout","time":2049.051704131,"data":"任务: (B3)N15_M07_F04→(B1)N15_M01_F10; mix批次:····0; 批次:·1410/·1880;  总正确率: 55.33%\n"}
,{"stream_name":"stdout","time":2049.051741259,"data":"类型1 正确率： 100.00% -\u003e 1  100.00%, 2    0.00%, 3    0.00%\n"}
,{"stream_name":"stdout","time":2049.051759585,"data":"类型2 正确率：  33.00% -\u003e 1    0.00%, 2   33.00%, 3   67.00%\n"}
,{"stream_name":"stdout","time":2049.051764171,"data":"类型3 正确率：  33.00% -\u003e 1    0.00%, 2   67.00%, 3   33.00%\n"}
,{"stream_name":"stdout","time":2049.051768318,"data":"\n"}
,{"stream_name":"stdout","time":2049.051771989,"data":"\n"}
,{"stream_name":"stdout","time":2049.092659296,"data":"样本变换：reverse\n"}
,{"stream_name":"stdout","time":2052.353281953,"data":"样本变换：mask\n"}
,{"stream_name":"stdout","time":2055.63428163,"data":"样本变换：shift\n"}
,{"stream_name":"stdout","time":2058.999287961,"data":"样本变换：none\n"}
,{"stream_name":"stderr","time":2063.7350759,"data":"/usr/local/lib/python3.12/dist-packages/numpy/_core/fromnumeric.py:3596: RuntimeWarning: Mean of empty slice.\n"}
,{"stream_name":"stderr","time":2063.735114021,"data":"  return _methods._mean(a, axis=axis, dtype=dtype,\n"}
,{"stream_name":"stderr","time":2063.735119692,"data":"/usr/local/lib/python3.12/dist-packages/numpy/_core/_methods.py:138: RuntimeWarning: invalid value encountered in scalar divide\n"}
,{"stream_name":"stderr","time":2063.735123317,"data":"  ret = ret.dtype.type(ret / rcount)\n"}
,{"stream_name":"stderr","time":2063.735952389,"data":"/kaggle/working/m2rep/reps1/sdalr_PU_final_checkpoint/tools.py:414: RuntimeWarning: Mean of empty slice.\n"}
,{"stream_name":"stderr","time":2063.735971959,"data":"  overall_acc = round(per_class_acc.mean(), 2)\n"}
,{"stream_name":"stderr","time":2063.73597796,"data":"/usr/local/lib/python3.12/dist-packages/numpy/_core/_methods.py:138: RuntimeWarning: invalid value encountered in scalar divide\n"}
,{"stream_name":"stderr","time":2063.73598394,"data":"  ret = ret.dtype.type(ret / rcount)\n"}
,{"stream_name":"stdout","time":2063.736183777,"data":"未过滤\t未用伪标签：55.33% -\u003e 使用伪标签：55.33%\n"}
,{"stream_name":"stdout","time":2063.736214216,"data":"已过滤\t未用伪标签：55.33% -\u003e 使用伪标签：55.33%\n"}
,{"stream_name":"stdout","time":2063.736223364,"data":"排除样本：2001|6000\t剩余：2000, 1999\n"}
,{"stream_name":"stdout","time":2063.736229667,"data":"增添样本：3\t\t细则：0, 1, 2\t正确率估算：100.00%\n"}
,{"stream_name":"stdout","time":2063.736235032,"data":"类型1 正确率： 100.00% -\u003e 1  100.00%, 2    0.00%, 3    0.00%\n"}
,{"stream_name":"stdout","time":2063.736240224,"data":"类型2 正确率：  33.00% -\u003e 1    0.05%, 2   33.00%, 3   66.95%\n"}
,{"stream_name":"stdout","time":2063.736245415,"data":"类型3 正确率：  33.00% -\u003e 1    0.00%, 2   67.00%, 3   33.00%\n"}
,{"stream_name":"stdout","time":2063.736250594,"data":"\n"}
,{"stream_name":"stdout","time":2063.736255277,"data":"被排除样本 正确率：nan%\n"}
,{"stream_name":"stdout","time":2063.736266102,"data":"\n"}
,{"stream_name":"stdout","time":2063.736270458,"data":"\n"}
,{"stream_name":"stdout","time":2076.769907983,"data":"轮次:·16/·20 || c_Loss:0.384 || e_Loss:-0.999 || Aad_Loss:-24.472 || 耗时：33.82s\n"}
,{"stream_name":"stdout","time":2090.017279782,"data":"轮次:·17/·20 || c_Loss:0.377 || e_Loss:-1.013 || Aad_Loss:-24.444 || 耗时：13.25s\n"}
,{"stream_name":"stdout","time":2103.330274515,"data":"轮次:·18/·20 || c_Loss:0.378 || e_Loss:-1.025 || Aad_Loss:-24.533 || 耗时：13.31s\n"}
,{"stream_name":"stdout","time":2116.621045027,"data":"轮次:·19/·20 || c_Loss:0.380 || e_Loss:-0.969 || Aad_Loss:-25.035 || 耗时：13.29s\n"}
,{"stream_name":"stdout","time":2129.904274415,"data":"轮次:·20/·20 || c_Loss:0.380 || e_Loss:-1.005 || Aad_Loss:-24.646 || 耗时：13.28s\n"}
,{"stream_name":"stdout","time":2136.110814637,"data":"任务: (B3)N15_M07_F04→(B1)N15_M01_F10; mix批次:····0; 批次:·1880/·1880;  总正确率: 55.33%\n"}
,{"stream_name":"stdout","time":2136.110874168,"data":"类型1 正确率： 100.00% -\u003e 1  100.00%, 2    0.00%, 3    0.00%\n"}
,{"stream_name":"stdout","time":2136.110881999,"data":"类型2 正确率：  33.00% -\u003e 1    0.00%, 2   33.00%, 3   67.00%\n"}
,{"stream_name":"stdout","time":2136.110887665,"data":"类型3 正确率：  33.00% -\u003e 1    0.00%, 2   67.00%, 3   33.00%\n"}
,{"stream_name":"stdout","time":2136.110892876,"data":"\n"}
,{"stream_name":"stdout","time":2136.110897244,"data":"\n"}
,{"stream_name":"stdout","time":2142.323837569,"data":"测试集任务: (B3)N15_M07_F04→(B1)N15_M01_F10; 总正确率 = 55.33%\n"}
,{"stream_name":"stdout","time":2142.323883716,"data":"类型1 正确率： 100.00% -\u003e 1  100.00%, 2    0.00%, 3    0.00%\n"}
,{"stream_name":"stdout","time":2142.323889021,"data":"类型2 正确率：  33.00% -\u003e 1    0.00%, 2   33.00%, 3   67.00%\n"}
,{"stream_name":"stdout","time":2142.323892892,"data":"类型3 正确率：  33.00% -\u003e 1    0.00%, 2   67.00%, 3   33.00%\n"}
,{"stream_name":"stdout","time":2142.323896277,"data":"\n"}
,{"stream_name":"stdout","time":2142.323899675,"data":"\n"}
,{"stream_name":"stdout","time":2142.354270578,"data":"[tar_adaptation_RES_PU.py --folder_root /kaggle/working/m2rep/reps1/sdalr_PU_final_checkpoint/DATA_foldA --seed 1 --class_num 3 --data_name PU_M1_L3 --output /kaggle/working/m2rep/reps1/weight_PU_M1_final_checkpoint_FBtoA_s1 --s 2 --t 0 --lr 0.0005 --threshold 0.4 --K 0.6] 364s\n"}
,{"stream_name":"stdout","time":2142.386426267,"data":"读取源域路径：/kaggle/working/m2rep/reps1/weight_PU_M1_final_checkpoint_FBtoA_s1/NEW_PU/Source-源域/log\u0026pt/(B3)N15_M07_F04\n"}
,{"stream_name":"stdout","time":2142.38648341,"data":"excel输出位置：/kaggle/working/m2rep/reps1/weight_PU_M1_final_checkpoint_FBtoA_s1/NEW_PU/Target-目标域\n"}
,{"stream_name":"stdout","time":2142.386488894,"data":"特征图片输出位置：/kaggle/working/m2rep/reps1/weight_PU_M1_final_checkpoint_FBtoA_s1/NEW_PU/Picture-特征图/2026年09月15日17时50分/(B3)N15_M07_F04\n"}
,{"stream_name":"stderr","time":2142.428505432,"data":"/usr/local/lib/python3.12/dist-packages/torch/nn/utils/weight_norm.py:144: FutureWarning: `torch.nn.utils.weight_norm` is deprecated in favor of `torch.nn.utils.parametrizations.weight_norm`.\n"}
,{"stream_name":"stderr","time":2142.428549584,"data":"  WeightNorm.apply(module, name, dim)\n"}
,{"stream_name":"stdout","time":2142.475877235,"data":"现在选取:(B3)N15_M07_F04 进行训练的源模型\n"}
,{"stream_name":"stdout","time":2142.475932723,"data":"现在进行：(B3)N15_M07_F04→(B2)N15_M07_F10 的迁移任务\n"}
,{"stream_name":"stdout","time":2142.475941029,"data":"log\u0026pt输出位置：/kaggle/working/m2rep/reps1/weight_PU_M1_final_checkpoint_FBtoA_s1/NEW_PU/Target-目标域/log\u0026pt/(B3)N15_M07_F04→(B2)N15_M07_F10\n"}
,{"stream_name":"stderr","time":2142.477759219,"data":"sh: 1: Syntax error: word unexpected (expecting \")\")\n"}
,{"stream_name":"stdout","time":2154.199341487,"data":"任务: (B3)N15_M07_F04→(B2)N15_M07_F10; 批次:····0/·1880;  总正确率: 55.42%\n"}
,{"stream_name":"stdout","time":2154.199388774,"data":"类型1 正确率： 100.00% -\u003e 1   99.95%, 2    0.00%, 3    0.05%\n"}
,{"stream_name":"stdout","time":2154.199394884,"data":"类型2 正确率：  33.00% -\u003e 1    8.65%, 2   33.30%, 3   58.05%\n"}
,{"stream_name":"stdout","time":2154.19943068,"data":"类型3 正确率：  33.00% -\u003e 1    0.00%, 2   67.00%, 3   33.00%\n"}
,{"stream_name":"stdout","time":2154.199436364,"data":"\n"}
,{"stream_name":"stdout","time":2154.199440204,"data":"\n"}
,{"stream_name":"stdout","time":2154.200139516,"data":"样本变换：reverse\n"}
,{"stream_name":"stdout","time":2157.545310729,"data":"样本变换：mask\n"}
,{"stream_name":"stdout","time":2160.926284336,"data":"样本变换：shift\n"}
,{"stream_name":"stdout","time":2164.332239181,"data":"样本变换：none\n"}
,{"stream_name":"stderr","time":2169.571697854,"data":"/kaggle/working/m2rep/reps1/sdalr_PU_final_checkpoint/tools.py:413: RuntimeWarning: invalid value encountered in divide\n"}
,{"stream_name":"stderr","time":2169.571748244,"data":"  per_class_acc = conf_matrix.diagonal() / conf_matrix.sum(axis=1) * 100\n"}
,{"stream_name":"stdout","time":2169.571906095,"data":"未过滤\t未用伪标签：55.42% -\u003e 使用伪标签：55.33%\n"}
,{"stream_name":"stdout","time":2169.57192079,"data":"已过滤\t未用伪标签：55.88% -\u003e 使用伪标签：55.85%\n"}
,{"stream_name":"stdout","time":2169.571927161,"data":"排除样本：55|6000\t剩余：2213, 2000, 1732\n"}
,{"stream_name":"stdout","time":2169.571932097,"data":"增添样本：694\t\t细则：0, 213, 481\t正确率估算：100.00%\n"}
,{"stream_name":"stdout","time":2169.571937122,"data":"类型1 正确率： 100.00% -\u003e 1  100.00%, 2    0.00%, 3    0.00%\n"}
,{"stream_name":"stdout","time":2169.571941943,"data":"类型2 正确率：  34.00% -\u003e 1   10.95%, 2   33.93%, 3   55.12%\n"}
,{"stream_name":"stdout","time":2169.571947298,"data":"类型3 正确率：  33.00% -\u003e 1    0.00%, 2   67.00%, 3   33.00%\n"}
,{"stream_name":"stdout","time":2169.571952915,"data":"\n"}
,{"stream_name":"stdout","time":2169.571958692,"data":"被排除样本 正确率：5.45%\n"}
,{"stream_name":"stdout","time":2169.571964117,"data":"类型1 没有样本或未被分类。\n"}
,{"stream_name":"stdout","time":2169.571968838,"data":"类型2 正确率：   5.00% -\u003e 1   10.91%, 2    5.45%, 3   83.64%\n"}
,{"stream_name":"stdout","time":2169.571973586,"data":"类型3 没有样本或未被分类。\n"}
,{"stream_name":"stdout","time":2169.571978113,"data":"\n"}
,{"stream_name":"stdout","time":2169.571982529,"data":"\n"}
,{"stream_name":"stdout","time":2182.797868146,"data":"轮次:··1/·20 || c_Loss:0.608 || e_Loss:-1.036 || Aad_Loss:-27.496 || 耗时：34.64s\n"}
,{"stream_name":"stdout","time":2196.064415627,"data":"轮次:··2/·20 || c_Loss:0.409 || e_Loss:-1.629 || Aad_Loss:-28.469 || 耗时：13.27s\n"}
,{"stream_name":"stdout","time":2209.328838986,"data":"轮次:··3/·20 || c_Loss:0.406 || e_Loss:-0.843 || Aad_Loss:-27.494 || 耗时：13.26s\n"}
,{"stream_name":"stdout","time":2222.57528787,"data":"轮次:··4/·20 || c_Loss:0.371 || e_Loss:-1.667 || Aad_Loss:-28.454 || 耗时：13.25s\n"}
,{"stream_name":"stdout","time":2235.743582105,"data":"轮次:··5/·20 || c_Loss:0.367 || e_Loss:-0.879 || Aad_Loss:-30.703 || 耗时：13.17s\n"}
,{"stream_name":"stdout","time":2241.860195465,"data":"任务: (B3)N15_M07_F04→(B2)N15_M07_F10; mix批次:····0; 批次:··470/·1880;  总正确率: 55.32%\n"}
,{"stream_name":"stdout","time":2241.860261588,"data":"类型1 正确率： 100.00% -\u003e 1  100.00%, 2    0.00%, 3    0.00%\n"}
,{"stream_name":"stdout","time":2241.860267662,"data":"类型2 正确率：  33.00% -\u003e 1    8.10%, 2   32.95%, 3   58.95%\n"}
,{"stream_name":"stdout","time":2241.86027127,"data":"类型3 正确率：  33.00% -\u003e 1    0.00%, 2   67.00%, 3   33.00%\n"}
,{"stream_name":"stdout","time":2241.860290387,"data":"\n"}
,{"stream_name":"stdout","time":2241.86029305,"data":"\n"}
,{"stream_name":"stdout","time":2241.893559629,"data":"样本变换：reverse\n"}
,{"stream_name":"stdout","time":2245.197284967,"data":"样本变换：mask\n"}
,{"stream_name":"stdout","time":2248.537283077,"data":"样本变换：shift\n"}
,{"stream_name":"stdout","time":2251.864309723,"data":"样本变换：none\n"}
,{"stream_name":"stderr","time":2256.662997098,"data":"/kaggle/working/m2rep/reps1/sdalr_PU_final_checkpoint/tools.py:413: RuntimeWarning: invalid value encountered in divide\n"}
,{"stream_name":"stderr","time":2256.66304422,"data":"  per_class_acc = conf_matrix.diagonal() / conf_matrix.sum(axis=1) * 100\n"}
,{"stream_name":"stdout","time":2256.663193763,"data":"未过滤\t未用伪标签：55.32% -\u003e 使用伪标签：55.32%\n"}
,{"stream_name":"stdout","time":2256.663223648,"data":"已过滤\t未用伪标签：55.51% -\u003e 使用伪标签：55.51%\n"}
,{"stream_name":"stdout","time":2256.663229363,"data":"排除样本：21|6000\t剩余：2110, 1999, 1870\n"}
,{"stream_name":"stdout","time":2256.663234088,"data":"增添样本：351\t\t细则：0, 111, 240\t正确率估算：98.86%\n"}
,{"stream_name":"stdout","time":2256.663238741,"data":"类型1 正确率： 100.00% -\u003e 1  100.00%, 2    0.00%, 3    0.00%\n"}
,{"stream_name":"stdout","time":2256.663243235,"data":"类型2 正确率：  33.00% -\u003e 1    5.56%, 2   33.30%, 3   61.14%\n"}
,{"stream_name":"stdout","time":2256.663247941,"data":"类型3 正确率：  33.00% -\u003e 1    0.00%, 2   67.00%, 3   33.00%\n"}
,{"stream_name":"stdout","time":2256.66325501,"data":"\n"}
,{"stream_name":"stdout","time":2256.663257928,"data":"被排除样本 正确率：0.00%\n"}
,{"stream_name":"stdout","time":2256.663260839,"data":"类型1 没有样本或未被分类。\n"}
,{"stream_name":"stdout","time":2256.663263764,"data":"类型2 正确率：   0.00% -\u003e 1   85.71%, 2    0.00%, 3   14.29%\n"}
,{"stream_name":"stdout","time":2256.663266793,"data":"类型3 没有样本或未被分类。\n"}
,{"stream_name":"stdout","time":2256.66326984,"data":"\n"}
,{"stream_name":"stdout","time":2256.663272655,"data":"\n"}
,{"stream_name":"stdout","time":2269.80273066,"data":"轮次:··6/·20 || c_Loss:0.359 || e_Loss:-1.859 || Aad_Loss:-30.113 || 耗时：34.06s\n"}
,{"stream_name":"stdout","time":2283.033954176,"data":"轮次:··7/·20 || c_Loss:0.398 || e_Loss:-0.941 || Aad_Loss:-28.587 || 耗时：13.23s\n"}
,{"stream_name":"stdout","time":2296.275491815,"data":"轮次:··8/·20 || c_Loss:0.362 || e_Loss:-1.611 || Aad_Loss:-30.473 || 耗时：13.24s\n"}
,{"stream_name":"stdout","time":2309.521376394,"data":"轮次:··9/·20 || c_Loss:0.363 || e_Loss:-0.959 || Aad_Loss:-30.281 || 耗时：13.25s\n"}
,{"stream_name":"stdout","time":2322.757769994,"data":"轮次:·10/·20 || c_Loss:0.359 || e_Loss:-1.505 || Aad_Loss:-30.771 || 耗时：13.24s\n"}
,{"stream_name":"stdout","time":2328.924010611,"data":"任务: (B3)N15_M07_F04→(B2)N15_M07_F10; mix批次:····0; 批次:··940/·1880;  总正确率: 55.33%\n"}
,{"stream_name":"stdout","time":2328.924057947,"data":"类型1 正确率： 100.00% -\u003e 1  100.00%, 2    0.00%, 3    0.00%\n"}
,{"stream_name":"stdout","time":2328.924063137,"data":"类型2 正确率：  33.00% -\u003e 1    0.50%, 2   33.00%, 3   66.50%\n"}
,{"stream_name":"stdout","time":2328.92406646,"data":"类型3 正确率：  33.00% -\u003e 1    0.00%, 2   67.00%, 3   33.00%\n"}
,{"stream_name":"stdout","time":2328.924069875,"data":"\n"}
,{"stream_name":"stdout","time":2328.924072673,"data":"\n"}
,{"stream_name":"stdout","time":2328.969136684,"data":"样本变换：reverse\n"}
,{"stream_name":"stdout","time":2332.273256822,"data":"样本变换：mask\n"}
,{"stream_name":"stdout","time":2335.593274133,"data":"样本变换：shift\n"}
,{"stream_name":"stdout","time":2338.892353417,"data":"样本变换：none\n"}
,{"stream_name":"stderr","time":2343.564118868,"data":"/kaggle/working/m2rep/reps1/sdalr_PU_final_checkpoint/tools.py:413: RuntimeWarning: invalid value encountered in divide\n"}
,{"stream_name":"stderr","time":2343.564156526,"data":"  per_class_acc = conf_matrix.diagonal() / conf_matrix.sum(axis=1) * 100\n"}
,{"stream_name":"stdout","time":2343.564335572,"data":"未过滤\t未用伪标签：55.33% -\u003e 使用伪标签：55.33%\n"}
,{"stream_name":"stdout","time":2343.564365918,"data":"已过滤\t未用伪标签：55.40% -\u003e 使用伪标签：55.40%\n"}
,{"stream_name":"stdout","time":2343.564371726,"data":"排除样本：7|6000\t剩余：2004, 2000, 1989\n"}
,{"stream_name":"stdout","time":2343.564376353,"data":"增添样本：19\t\t细则：0, 4, 15\t正确率估算：100.00%\n"}
,{"stream_name":"stdout","time":2343.564381102,"data":"类型1 正确率： 100.00% -\u003e 1  100.00%, 2    0.00%, 3    0.00%\n"}
,{"stream_name":"stdout","time":2343.564385713,"data":"类型2 正确率：  33.00% -\u003e 1    0.20%, 2   33.12%, 3   66.68%\n"}
,{"stream_name":"stdout","time":2343.56439039,"data":"类型3 正确率：  33.00% -\u003e 1    0.00%, 2   67.00%, 3   33.00%\n"}
,{"stream_name":"stdout","time":2343.564394832,"data":"\n"}
,{"stream_name":"stdout","time":2343.564398966,"data":"被排除样本 正确率：0.00%\n"}
,{"stream_name":"stdout","time":2343.564407175,"data":"类型1 没有样本或未被分类。\n"}
,{"stream_name":"stdout","time":2343.564410665,"data":"类型2 正确率：   0.00% -\u003e 1   71.43%, 2    0.00%, 3   28.57%\n"}
,{"stream_name":"stdout","time":2343.564413632,"data":"类型3 没有样本或未被分类。\n"}
,{"stream_name":"stdout","time":2343.564416507,"data":"\n"}
,{"stream_name":"stdout","time":2343.564419249,"data":"\n"}
,{"stream_name":"stdout","time":2356.632088394,"data":"轮次:·11/·20 || c_Loss:0.368 || e_Loss:-0.970 || Aad_Loss:-30.865 || 耗时：33.87s\n"}
,{"stream_name":"stdout","time":2369.7983873,"data":"轮次:·12/·20 || c_Loss:0.394 || e_Loss:-0.881 || Aad_Loss:-30.444 || 耗时：13.17s\n"}
,{"stream_name":"stdout","time":2382.997684796,"data":"轮次:·13/·20 || c_Loss:0.373 || e_Loss:-0.962 || Aad_Loss:-31.668 || 耗时：13.20s\n"}
,{"stream_name":"stdout","time":2396.179870741,"data":"轮次:·14/·20 || c_Loss:0.371 || e_Loss:-1.016 || Aad_Loss:-30.722 || 耗时：13.18s\n"}
,{"stream_name":"stdout","time":2409.395638535,"data":"轮次:·15/·20 || c_Loss:0.369 || e_Loss:-0.978 || Aad_Loss:-30.975 || 耗时：13.22s\n"}
,{"stream_name":"stdout","time":2415.592159344,"data":"任务: (B3)N15_M07_F04→(B2)N15_M07_F10; mix批次:····0; 批次:·1410/·1880;  总正确率: 55.33%\n"}
,{"stream_name":"stdout","time":2415.592202691,"data":"类型1 正确率： 100.00% -\u003e 1  100.00%, 2    0.00%, 3    0.00%\n"}
,{"stream_name":"stdout","time":2415.592230328,"data":"类型2 正确率：  33.00% -\u003e 1    0.00%, 2   33.00%, 3   67.00%\n"}
,{"stream_name":"stdout","time":2415.592235664,"data":"类型3 正确率：  33.00% -\u003e 1    0.00%, 2   67.00%, 3   33.00%\n"}
,{"stream_name":"stdout","time":2415.592240283,"data":"\n"}
,{"stream_name":"stdout","time":2415.592244974,"data":"\n"}
,{"stream_name":"stdout","time":2415.63605186,"data":"样本变换：reverse\n"}
,{"stream_name":"stdout","time":2418.950250242,"data":"样本变换：mask\n"}
,{"stream_name":"stdout","time":2422.282341027,"data":"样本变换：shift\n"}
,{"stream_name":"stdout","time":2425.606035048,"data":"样本变换：none\n"}
,{"stream_name":"stderr","time":2430.24704111,"data":"/kaggle/working/m2rep/reps1/sdalr_PU_final_checkpoint/tools.py:413: RuntimeWarning: invalid value encountered in divide\n"}
,{"stream_name":"stderr","time":2430.247081755,"data":"  per_class_acc = conf_matrix.diagonal() / conf_matrix.sum(axis=1) * 100\n"}
,{"stream_name":"stdout","time":2430.247139947,"data":"未过滤\t未用伪标签：55.33% -\u003e 使用伪标签：55.33%\n"}
,{"stream_name":"stdout","time":2430.247163779,"data":"已过滤\t未用伪标签：55.34% -\u003e 使用伪标签：55.34%\n"}
,{"stream_name":"stdout","time":2430.247169336,"data":"排除样本：1|6000\t剩余：2000, 2000, 1999\n"}
,{"stream_name":"stdout","time":2430.247174831,"data":"增添样本：1\t\t细则：0, 0, 1\t正确率估算：100.00%\n"}
,{"stream_name":"stdout","time":2430.247179773,"data":"类型1 正确率： 100.00% -\u003e 1  100.00%, 2    0.00%, 3    0.00%\n"}
,{"stream_name":"stdout","time":2430.247184469,"data":"类型2 正确率：  33.00% -\u003e 1    0.00%, 2   33.02%, 3   66.98%\n"}
,{"stream_name":"stdout","time":2430.247188933,"data":"类型3 正确率：  33.00% -\u003e 1    0.00%, 2   67.00%, 3   33.00%\n"}
,{"stream_name":"stdout","time":2430.247214881,"data":"\n"}
,{"stream_name":"stdout","time":2430.247221864,"data":"被排除样本 正确率：0.00%\n"}
,{"stream_name":"stdout","time":2430.247227411,"data":"类型1 正确率：   0.00% -\u003e 1    0.00%, 2  100.00%\n"}
,{"stream_name":"stdout","time":2430.24723271,"data":"类型2 没有样本或未被分类。\n"}
,{"stream_name":"stdout","time":2430.247237311,"data":"\n"}
,{"stream_name":"stdout","time":2430.247241547,"data":"\n"}
,{"stream_name":"stdout","time":2443.36798613,"data":"轮次:·16/·20 || c_Loss:0.378 || e_Loss:-0.951 || Aad_Loss:-25.217 || 耗时：33.97s\n"}
,{"stream_name":"stdout","time":2456.579117268,"data":"轮次:·17/·20 || c_Loss:0.386 || e_Loss:-0.950 || Aad_Loss:-24.390 || 耗时：13.21s\n"}
,{"stream_name":"stdout","time":2469.744602539,"data":"轮次:·18/·20 || c_Loss:0.401 || e_Loss:-0.983 || Aad_Loss:-23.636 || 耗时：13.17s\n"}
,{"stream_name":"stdout","time":2482.943522337,"data":"轮次:·19/·20 || c_Loss:0.382 || e_Loss:-1.000 || Aad_Loss:-23.492 || 耗时：13.20s\n"}
,{"stream_name":"stdout","time":2496.08165682,"data":"轮次:·20/·20 || c_Loss:0.386 || e_Loss:-0.926 || Aad_Loss:-24.973 || 耗时：13.14s\n"}
,{"stream_name":"stdout","time":2502.200660671,"data":"任务: (B3)N15_M07_F04→(B2)N15_M07_F10; mix批次:····0; 批次:·1880/·1880;  总正确率: 55.33%\n"}
,{"stream_name":"stdout","time":2502.20069908,"data":"类型1 正确率： 100.00% -\u003e 1  100.00%, 2    0.00%, 3    0.00%\n"}
,{"stream_name":"stdout","time":2502.200703786,"data":"类型2 正确率：  33.00% -\u003e 1    0.05%, 2   33.00%, 3   66.95%\n"}
,{"stream_name":"stdout","time":2502.20070715,"data":"类型3 正确率：  33.00% -\u003e 1    0.00%, 2   67.00%, 3   33.00%\n"}
,{"stream_name":"stdout","time":2502.200727074,"data":"\n"}
,{"stream_name":"stdout","time":2502.200732465,"data":"\n"}
,{"stream_name":"stdout","time":2508.315043199,"data":"测试集任务: (B3)N15_M07_F04→(B2)N15_M07_F10; 总正确率 = 55.33%\n"}
,{"stream_name":"stdout","time":2508.315092207,"data":"类型1 正确率： 100.00% -\u003e 1  100.00%, 2    0.00%, 3    0.00%\n"}
,{"stream_name":"stdout","time":2508.3150976,"data":"类型2 正确率：  33.00% -\u003e 1    0.05%, 2   33.00%, 3   66.95%\n"}
,{"stream_name":"stdout","time":2508.315101014,"data":"类型3 正确率：  33.00% -\u003e 1    0.00%, 2   67.00%, 3   33.00%\n"}
,{"stream_name":"stdout","time":2508.315117866,"data":"\n"}
,{"stream_name":"stdout","time":2508.315120522,"data":"\n"}
,{"stream_name":"stdout","time":2508.343595174,"data":"[tar_adaptation_RES_PU.py --folder_root /kaggle/working/m2rep/reps1/sdalr_PU_final_checkpoint/DATA_foldA --seed 1 --class_num 3 --data_name PU_M1_L3 --output /kaggle/working/m2rep/reps1/weight_PU_M1_final_checkpoint_FBtoA_s1 --s 2 --t 1 --lr 0.0005 --threshold 0.4 --K 0.6] 366s\n"}
,{"stream_name":"stdout","time":2508.363516621,"data":"{\n"}
,{"stream_name":"stdout","time":2508.363543645,"data":"  \"dataset\": \"PU_M1\",\n"}
,{"stream_name":"stdout","time":2508.363549469,"data":"  \"variant\": \"final_checkpoint\",\n"}
,{"stream_name":"stdout","time":2508.363553966,"data":"  \"seed\": 1,\n"}
,{"stream_name":"stdout","time":2508.363560101,"data":"  \"smoke\": false,\n"}
,{"stream_name":"stdout","time":2508.363568404,"data":"  \"src_fold\": \"B\",\n"}
,{"stream_name":"stdout","time":2508.363571469,"data":"  \"tgt_fold\": \"A\",\n"}
,{"stream_name":"stdout","time":2508.363574312,"data":"  \"leaky\": false,\n"}
,{"stream_name":"stdout","time":2508.363576954,"data":"  \"hyperparameters\": {\n"}
,{"stream_name":"stdout","time":2508.363579742,"data":"    \"lr\": \"0.0005\",\n"}
,{"stream_name":"stdout","time":2508.363582553,"data":"    \"threshold\": \"0.4\",\n"}
,{"stream_name":"stdout","time":2508.363585434,"data":"    \"K\": \"0.6\"\n"}
,{"stream_name":"stdout","time":2508.363588158,"data":"  },\n"}
,{"stream_name":"stdout","time":2508.363590818,"data":"  \"adapters\": [\n"}
,{"stream_name":"stdout","time":2508.363593626,"data":"    \"npz_io\",\n"}
,{"stream_name":"stdout","time":2508.363596315,"data":"    \"tsne_stub\",\n"}
,{"stream_name":"stdout","time":2508.363598914,"data":"    \"final_checkpoint_patch\"\n"}
,{"stream_name":"stdout","time":2508.363601589,"data":"  ],\n"}
,{"stream_name":"stdout","time":2508.363604087,"data":"  \"source_only\": {\n"}
,{"stream_name":"stdout","time":2508.363606794,"data":"    \"A1-\u003eA3\": 99.91,\n"}
,{"stream_name":"stdout","time":2508.363609818,"data":"    \"A1-\u003eA2\": 97.82,\n"}
,{"stream_name":"stdout","time":2508.363612393,"data":"    \"A3-\u003eA1\": 99.92,\n"}
,{"stream_name":"stdout","time":2508.363614967,"data":"    \"A3-\u003eA2\": 97.92,\n"}
,{"stream_name":"stdout","time":2508.363617611,"data":"    \"A2-\u003eA1\": 99.35,\n"}
,{"stream_name":"stdout","time":2508.363620211,"data":"    \"A2-\u003eA3\": 99.43\n"}
,{"stream_name":"stdout","time":2508.363622866,"data":"  },\n"}
,{"stream_name":"stdout","time":2508.363625361,"data":"  \"adapted\": {\n"}
,{"stream_name":"stdout","time":2508.363627975,"data":"    \"A1-\u003eA3\": 55.33,\n"}
,{"stream_name":"stdout","time":2508.363630589,"data":"    \"A1-\u003eA2\": 55.28,\n"}
,{"stream_name":"stdout","time":2508.363633156,"data":"    \"A3-\u003eA1\": 55.33,\n"}
,{"stream_name":"stdout","time":2508.363635761,"data":"    \"A3-\u003eA2\": 55.2,\n"}
,{"stream_name":"stdout","time":2508.363638349,"data":"    \"A2-\u003eA1\": 55.33,\n"}
,{"stream_name":"stdout","time":2508.363640931,"data":"    \"A2-\u003eA3\": 55.33\n"}
,{"stream_name":"stdout","time":2508.36364354,"data":"  },\n"}
,{"stream_name":"stdout","time":2508.363646027,"data":"  \"seconds\": {\n"}
,{"stream_name":"stdout","time":2508.363648606,"data":"    \"pretrain\": 285,\n"}
,{"stream_name":"stdout","time":2508.363651232,"data":"    \"A1-\u003eA3\": 363,\n"}
,{"stream_name":"stdout","time":2508.363653852,"data":"    \"A1-\u003eA2\": 370,\n"}
,{"stream_name":"stdout","time":2508.363656843,"data":"    \"A3-\u003eA1\": 370,\n"}
,{"stream_name":"stdout","time":2508.363659912,"data":"    \"A3-\u003eA2\": 367,\n"}
,{"stream_name":"stdout","time":2508.363673174,"data":"    \"A2-\u003eA1\": 364,\n"}
,{"stream_name":"stdout","time":2508.363677046,"data":"    \"A2-\u003eA3\": 366\n"}
,{"stream_name":"stdout","time":2508.363679865,"data":"  },\n"}
,{"stream_name":"stdout","time":2508.36368245,"data":"  \"gate_log\": {\n"}
,{"stream_name":"stdout","time":2508.363685043,"data":"    \"A1-\u003eA3\": [],\n"}
,{"stream_name":"stdout","time":2508.363687702,"data":"    \"A1-\u003eA2\": [],\n"}
,{"stream_name":"stdout","time":2508.363690385,"data":"    \"A3-\u003eA1\": [],\n"}
,{"stream_name":"stdout","time":2508.363692931,"data":"    \"A3-\u003eA2\": [],\n"}
,{"stream_name":"stdout","time":2508.363695491,"data":"    \"A2-\u003eA1\": [],\n"}
,{"stream_name":"stdout","time":2508.363698142,"data":"    \"A2-\u003eA3\": []\n"}
,{"stream_name":"stdout","time":2508.36370081,"data":"  },\n"}
,{"stream_name":"stdout","time":2508.363703441,"data":"  \"gate\": \"none\"\n"}
,{"stream_name":"stdout","time":2508.363706184,"data":"}\n"}
,{"stream_name":"stdout","time":2511.186668594,"data":"{'gate': 'none', 'rc': 0, 'seconds': 2505}\n"}
,{"stream_name":"stdout","time":2516.869717856,"data":"读取源域路径：/kaggle/working/m2rep/reps1/weight_PU_M1_final_checkpoint_FBtoA_gatev2_s1/NEW_PU/Source-源域/log\u0026pt/(B1)N15_M01_F10\n"}
,{"stream_name":"stdout","time":2516.869751898,"data":"excel输出位置：/kaggle/working/m2rep/reps1/weight_PU_M1_final_checkpoint_FBtoA_gatev2_s1/NEW_PU/Target-目标域\n"}
,{"stream_name":"stdout","time":2516.870168462,"data":"特征图片输出位置：/kaggle/working/m2rep/reps1/weight_PU_M1_final_checkpoint_FBtoA_gatev2_s1/NEW_PU/Picture-特征图/2026年09月15日17时57分/(B1)N15_M01_F10\n"}
,{"stream_name":"stderr","time":2517.227250413,"data":"/usr/local/lib/python3.12/dist-packages/torch/nn/utils/weight_norm.py:144: FutureWarning: `torch.nn.utils.weight_norm` is deprecated in favor of `torch.nn.utils.parametrizations.weight_norm`.\n"}
,{"stream_name":"stderr","time":2517.227289404,"data":"  WeightNorm.apply(module, name, dim)\n"}
,{"stream_name":"stdout","time":2517.27393697,"data":"现在选取:(B1)N15_M01_F10 进行训练的源模型\n"}
,{"stream_name":"stdout","time":2517.273971345,"data":"现在进行：(B1)N15_M01_F10→(B2)N15_M07_F10 的迁移任务\n"}
,{"stream_name":"stdout","time":2517.273977071,"data":"log\u0026pt输出位置：/kaggle/working/m2rep/reps1/weight_PU_M1_final_checkpoint_FBtoA_gatev2_s1/NEW_PU/Target-目标域/log\u0026pt/(B1)N15_M01_F10→(B2)N15_M07_F10\n"}
,{"stream_name":"stderr","time":2517.2753137,"data":"sh: 1: Syntax error: word unexpected (expecting \")\")\n"}
,{"stream_name":"stdout","time":2528.51817723,"data":"任务: (B1)N15_M01_F10→(B2)N15_M07_F10; 批次:····0/·1880;  总正确率: 55.62%\n"}
,{"stream_name":"stdout","time":2528.518234383,"data":"类型1 正确率： 100.00% -\u003e 1   99.95%, 2    0.00%, 3    0.05%\n"}
,{"stream_name":"stdout","time":2528.518244904,"data":"类型2 正确率：  34.00% -\u003e 1   14.00%, 2   33.90%, 3   52.10%\n"}
,{"stream_name":"stdout","time":2528.518248268,"data":"类型3 正确率：  33.00% -\u003e 1    0.00%, 2   67.00%, 3   33.00%\n"}
,{"stream_name":"stdout","time":2528.518251541,"data":"\n"}
,{"stream_name":"stdout","time":2528.518254526,"data":"\n"}
,{"stream_name":"stdout","time":2528.518852665,"data":"样本变换：reverse\n"}
,{"stream_name":"stdout","time":2531.855352845,"data":"样本变换：mask\n"}
,{"stream_name":"stdout","time":2535.179858526,"data":"样本变换：shift\n"}
,{"stream_name":"stdout","time":2538.536303667,"data":"样本变换：none\n"}
,{"stream_name":"stderr","time":2544.303186121,"data":"/kaggle/working/m2rep/reps1/sdalr_PU_final_checkpoint/tools.py:413: RuntimeWarning: invalid value encountered in divide\n"}
,{"stream_name":"stderr","time":2544.303264423,"data":"  per_class_acc = conf_matrix.diagonal() / conf_matrix.sum(axis=1) * 100\n"}
,{"stream_name":"stdout","time":2544.303372784,"data":"未过滤\t未用伪标签：55.62% -\u003e 使用伪标签：55.33%\n"}
,{"stream_name":"stdout","time":2544.303383024,"data":"已过滤\t未用伪标签：56.12% -\u003e 使用伪标签：55.84%\n"}
,{"stream_name":"stdout","time":2544.30338795,"data":"排除样本：54|6000\t剩余：2353, 2000, 1593\n"}
,{"stream_name":"stdout","time":2544.303391859,"data":"增添样本：1871\t\t细则：0, 1103, 768\t正确率估算：99.47%\n"}
,{"stream_name":"stdout","time":2544.303395897,"data":"类型1 正确率： 100.00% -\u003e 1  100.00%, 2    0.00%, 3    0.00%\n"}
,{"stream_name":"stdout","time":2544.303399967,"data":"类型2 正确率：  34.00% -\u003e 1   18.14%, 2   33.92%, 3   47.94%\n"}
,{"stream_name":"stdout","time":2544.303403995,"data":"类型3 正确率：  33.00% -\u003e 1    0.00%, 2   67.00%, 3   33.00%\n"}
,{"stream_name":"stdout","time":2544.303408019,"data":"\n"}
,{"stream_name":"stdout","time":2544.303413653,"data":"被排除样本 正确率：0.00%\n"}
,{"stream_name":"stdout","time":2544.303417188,"data":"类型1 没有样本或未被分类。\n"}
,{"stream_name":"stdout","time":2544.303422751,"data":"类型2 正确率：   0.00% -\u003e 1   11.11%, 2    0.00%, 3   88.89%\n"}
,{"stream_name":"stdout","time":2544.303426565,"data":"类型3 没有样本或未被分类。\n"}
,{"stream_name":"stdout","time":2544.303430757,"data":"\n"}
,{"stream_name":"stdout","time":2544.30343457,"data":"\n"}
,{"stream_name":"stdout","time":2557.838772753,"data":"轮次:··1/·20 || c_Loss:0.572 || e_Loss:-1.139 || Aad_Loss:-27.554 || 耗时：35.51s\n"}
,{"stream_name":"stdout","time":2571.30057201,"data":"轮次:··2/·20 || c_Loss:0.462 || e_Loss:-1.646 || Aad_Loss:-23.849 || 耗时：13.46s\n"}
,{"stream_name":"stdout","time":2584.636105876,"data":"轮次:··3/·20 || c_Loss:0.410 || e_Loss:-1.623 || Aad_Loss:-24.826 || 耗时：13.34s\n"}
,{"stream_name":"stdout","time":2597.753588578,"data":"轮次:··4/·20 || c_Loss:0.390 || e_Loss:-1.613 || Aad_Loss:-25.599 || 耗时：13.12s\n"}
,{"stream_name":"stdout","time":2610.776086521,"data":"轮次:··5/·20 || c_Loss:0.410 || e_Loss:-1.682 || Aad_Loss:-26.916 || 耗时：13.02s\n"}
,{"stream_name":"stdout","time":2616.851723071,"data":"任务: (B1)N15_M01_F10→(B2)N15_M07_F10; mix批次:····0; 批次:··470/·1880;  总正确率: 56.28%\n"}
,{"stream_name":"stdout","time":2616.85179581,"data":"类型1 正确率： 100.00% -\u003e 1  100.00%, 2    0.00%, 3    0.00%\n"}
,{"stream_name":"stdout","time":2616.851804428,"data":"类型2 正确率：  33.00% -\u003e 1   13.30%, 2   33.00%, 3   53.70%\n"}
,{"stream_name":"stdout","time":2616.851809722,"data":"类型3 正确率：  36.00% -\u003e 1    3.25%, 2   60.90%, 3   35.85%\n"}
,{"stream_name":"stdout","time":2616.85181504,"data":"\n"}
,{"stream_name":"stdout","time":2616.85181984,"data":"\n"}
,{"stream_name":"stdout","time":2616.890921001,"data":"样本变换：reverse\n"}
,{"stream_name":"stdout","time":2620.168306714,"data":"样本变换：mask\n"}
,{"stream_name":"stdout","time":2623.488277526,"data":"样本变换：shift\n"}
,{"stream_name":"stdout","time":2626.803107491,"data":"样本变换：none\n"}
,{"stream_name":"stderr","time":2632.568399478,"data":"/kaggle/working/m2rep/reps1/sdalr_PU_final_checkpoint/tools.py:413: RuntimeWarning: invalid value encountered in divide\n"}
,{"stream_name":"stderr","time":2632.568437109,"data":"  per_class_acc = conf_matrix.diagonal() / conf_matrix.sum(axis=1) * 100\n"}
,{"stream_name":"stdout","time":2632.568587353,"data":"未过滤\t未用伪标签：56.28% -\u003e 使用伪标签：55.35%\n"}
,{"stream_name":"stdout","time":2632.568597376,"data":"已过滤\t未用伪标签：56.60% -\u003e 使用伪标签：55.67%\n"}
,{"stream_name":"stdout","time":2632.568602046,"data":"排除样本：34|6000\t剩余：2480, 2001, 1485\n"}
,{"stream_name":"stdout","time":2632.568606236,"data":"增添样本：2215\t\t细则：0, 1223, 992\t正确率估算：100.00%\n"}
,{"stream_name":"stdout","time":2632.568610737,"data":"类型1 正确率： 100.00% -\u003e 1  100.00%, 2    0.00%, 3    0.00%\n"}
,{"stream_name":"stdout","time":2632.568614872,"data":"类型2 正确率：  34.00% -\u003e 1   24.42%, 2   33.62%, 3   41.96%\n"}
,{"stream_name":"stdout","time":2632.568618427,"data":"类型3 正确率：  33.00% -\u003e 1    0.00%, 2   67.00%, 3   33.00%\n"}
,{"stream_name":"stdout","time":2632.568621955,"data":"\n"}
,{"stream_name":"stdout","time":2632.568625211,"data":"被排除样本 正确率：0.00%\n"}
,{"stream_name":"stdout","time":2632.56862858,"data":"类型1 正确率：   0.00% -\u003e 1    0.00%, 2  100.00%\n"}
,{"stream_name":"stdout","time":2632.568632152,"data":"类型2 没有样本或未被分类。\n"}
,{"stream_name":"stdout","time":2632.568637355,"data":"\n"}
,{"stream_name":"stdout","time":2632.56864456,"data":"\n"}
,{"stream_name":"stdout","time":2645.770953529,"data":"轮次:··6/·20 || c_Loss:0.446 || e_Loss:-1.627 || Aad_Loss:-24.052 || 耗时：34.99s\n"}
,{"stream_name":"stdout","time":2659.0253447,"data":"轮次:··7/·20 || c_Loss:0.416 || e_Loss:-1.704 || Aad_Loss:-24.943 || 耗时：13.25s\n"}
,{"stream_name":"stdout","time":2672.27118904,"data":"轮次:··8/·20 || c_Loss:0.365 || e_Loss:-1.846 || Aad_Loss:-26.963 || 耗时：13.25s\n"}
,{"stream_name":"stdout","time":2685.603368976,"data":"轮次:··9/·20 || c_Loss:0.392 || e_Loss:-1.551 || Aad_Loss:-29.013 || 耗时：13.33s\n"}
,{"stream_name":"stdout","time":2698.861570976,"data":"轮次:·10/·20 || c_Loss:0.400 || e_Loss:-1.868 || Aad_Loss:-27.026 || 耗时：13.26s\n"}
,{"stream_name":"stdout","time":2705.056780355,"data":"任务: (B1)N15_M01_F10→(B2)N15_M07_F10; mix批次:····0; 批次:··940/·1880;  总正确率: 57.82%\n"}
,{"stream_name":"stdout","time":2705.056823444,"data":"类型1 正确率： 100.00% -\u003e 1  100.00%, 2    0.00%, 3    0.00%\n"}
,{"stream_name":"stdout","time":2705.056829206,"data":"类型2 正确率：  33.00% -\u003e 1   27.60%, 2   33.00%, 3   39.40%\n"}
,{"stream_name":"stdout","time":2705.056844554,"data":"类型3 正确率：  40.00% -\u003e 1    5.85%, 2   53.70%, 3   40.45%\n"}
,{"stream_name":"stdout","time":2705.05685049,"data":"\n"}
,{"stream_name":"stdout","time":2705.056855376,"data":"\n"}
,{"stream_name":"stdout","time":2705.105336114,"data":"样本变换：reverse\n"}
,{"stream_name":"stdout","time":2708.420243079,"data":"样本变换：mask\n"}
,{"stream_name":"stdout","time":2711.79329299,"data":"样本变换：shift\n"}
,{"stream_name":"stdout","time":2715.11931435,"data":"样本变换：none\n"}
,{"stream_name":"stderr","time":2721.115034645,"data":"/kaggle/working/m2rep/reps1/sdalr_PU_final_checkpoint/tools.py:413: RuntimeWarning: invalid value encountered in divide\n"}
,{"stream_name":"stderr","time":2721.115075092,"data":"  per_class_acc = conf_matrix.diagonal() / conf_matrix.sum(axis=1) * 100\n"}
,{"stream_name":"stdout","time":2721.115905338,"data":"未过滤\t未用伪标签：57.82% -\u003e 使用伪标签：55.33%\n"}
,{"stream_name":"stdout","time":2721.115965876,"data":"已过滤\t未用伪标签：57.89% -\u003e 使用伪标签：55.41%\n"}
,{"stream_name":"stdout","time":2721.115988989,"data":"排除样本：8|6000\t剩余：2656, 2000, 1336\n"}
,{"stream_name":"stdout","time":2721.115993993,"data":"增添样本：2680\t\t细则：0, 1388, 1292\t正确率估算：99.96%\n"}
,{"stream_name":"stdout","time":2721.115998598,"data":"类型1 正确率： 100.00% -\u003e 1  100.00%, 2    0.00%, 3    0.00%\n"}
,{"stream_name":"stdout","time":2721.11600312,"data":"类型2 正确率：  33.00% -\u003e 1   32.93%, 2   33.13%, 3   33.94%\n"}
,{"stream_name":"stdout","time":2721.116007411,"data":"类型3 正确率：  33.00% -\u003e 1    0.00%, 2   67.00%, 3   33.00%\n"}
,{"stream_name":"stdout","time":2721.116011794,"data":"\n"}
,{"stream_name":"stdout","time":2721.116015933,"data":"被排除样本 正确率：0.00%\n"}
,{"stream_name":"stdout","time":2721.11602009,"data":"类型1 正确率：   0.00% -\u003e 1    0.00%, 2  100.00%\n"}
,{"stream_name":"stdout","time":2721.116024886,"data":"类型2 没有样本或未被分类。\n"}
,{"stream_name":"stdout","time":2721.116047411,"data":"\n"}
,{"stream_name":"stdout","time":2721.11605165,"data":"\n"}
,{"stream_name":"stdout","time":2734.293577555,"data":"轮次:·11/·20 || c_Loss:0.388 || e_Loss:-1.778 || Aad_Loss:-29.476 || 耗时：35.43s\n"}
,{"stream_name":"stdout","time":2747.523124178,"data":"轮次:·12/·20 || c_Loss:0.358 || e_Loss:-1.846 || Aad_Loss:-29.364 || 耗时：13.23s\n"}
,{"stream_name":"stdout","time":2760.730717452,"data":"轮次:·13/·20 || c_Loss:0.365 || e_Loss:-1.884 || Aad_Loss:-28.015 || 耗时：13.21s\n"}
,{"stream_name":"stdout","time":2774.03334374,"data":"轮次:·14/·20 || c_Loss:0.382 || e_Loss:-1.759 || Aad_Loss:-28.082 || 耗时：13.30s\n"}
,{"stream_name":"stdout","time":2787.273085468,"data":"轮次:·15/·20 || c_Loss:0.372 || e_Loss:-1.600 || Aad_Loss:-28.404 || 耗时：13.24s\n"}
,{"stream_name":"stdout","time":2793.462454063,"data":"任务: (B1)N15_M01_F10→(B2)N15_M07_F10; mix批次:····0; 批次:·1410/·1880;  总正确率: 57.50%\n"}
,{"stream_name":"stdout","time":2793.462503053,"data":"类型1 正确率： 100.00% -\u003e 1  100.00%, 2    0.00%, 3    0.00%\n"}
,{"stream_name":"stdout","time":2793.462509412,"data":"类型2 正确率：  33.00% -\u003e 1   34.00%, 2   33.00%, 3   33.00%\n"}
,{"stream_name":"stdout","time":2793.462512764,"data":"类型3 正确率：  40.00% -\u003e 1    6.55%, 2   53.95%, 3   39.50%\n"}
,{"stream_name":"stdout","time":2793.462516032,"data":"\n"}
,{"stream_name":"stdout","time":2793.462518948,"data":"\n"}
,{"stream_name":"stdout","time":2793.507883854,"data":"样本变换：reverse\n"}
,{"stream_name":"stdout","time":2796.779283902,"data":"样本变换：mask\n"}
,{"stream_name":"stdout","time":2800.070314278,"data":"样本变换：shift\n"}
,{"stream_name":"stdout","time":2803.392280817,"data":"样本变换：none\n"}
,{"stream_name":"stderr","time":2809.246453076,"data":"/usr/local/lib/python3.12/dist-packages/numpy/_core/fromnumeric.py:3596: RuntimeWarning: Mean of empty slice.\n"}
,{"stream_name":"stderr","time":2809.246500067,"data":"  return _methods._mean(a, axis=axis, dtype=dtype,\n"}
,{"stream_name":"stderr","time":2809.246515841,"data":"/usr/local/lib/python3.12/dist-packages/numpy/_core/_methods.py:138: RuntimeWarning: invalid value encountered in scalar divide\n"}
,{"stream_name":"stderr","time":2809.246521524,"data":"  ret = ret.dtype.type(ret / rcount)\n"}
,{"stream_name":"stderr","time":2809.247448691,"data":"/kaggle/working/m2rep/reps1/sdalr_PU_final_checkpoint/tools.py:414: RuntimeWarning: Mean of empty slice.\n"}
,{"stream_name":"stderr","time":2809.247463379,"data":"  overall_acc = round(per_class_acc.mean(), 2)\n"}
,{"stream_name":"stderr","time":2809.24748817,"data":"/usr/local/lib/python3.12/dist-packages/numpy/_core/_methods.py:138: RuntimeWarning: invalid value encountered in scalar divide\n"}
,{"stream_name":"stderr","time":2809.24749106,"data":"  ret = ret.dtype.type(ret / rcount)\n"}
,{"stream_name":"stdout","time":2809.247637165,"data":"未过滤\t未用伪标签：57.50% -\u003e 使用伪标签：55.33%\n"}
,{"stream_name":"stdout","time":2809.247645721,"data":"已过滤\t未用伪标签：57.50% -\u003e 使用伪标签：55.33%\n"}
,{"stream_name":"stdout","time":2809.247649536,"data":"排除样本：2680|6000\t剩余：2000, 1320\n"}
,{"stream_name":"stdout","time":2809.247653177,"data":"增添样本：2734\t\t细则：0, 1408, 1326\t正确率估算：99.96%\n"}
,{"stream_name":"stdout","time":2809.247661546,"data":"类型1 正确率： 100.00% -\u003e 1  100.00%, 2    0.00%, 3    0.00%\n"}
,{"stream_name":"stdout","time":2809.247664618,"data":"类型2 正确率：  33.00% -\u003e 1   34.00%, 2   33.00%, 3   33.00%\n"}
,{"stream_name":"stdout","time":2809.24766713,"data":"类型3 正确率：  33.00% -\u003e 1    0.00%, 2   67.00%, 3   33.00%\n"}
,{"stream_name":"stdout","time":2809.247669455,"data":"\n"}
,{"stream_name":"stdout","time":2809.247671617,"data":"被排除样本 正确率：nan%\n"}
,{"stream_name":"stdout","time":2809.24767394,"data":"\n"}
,{"stream_name":"stdout","time":2809.24767604,"data":"\n"}
,{"stream_name":"stdout","time":2822.384092458,"data":"轮次:·16/·20 || c_Loss:0.358 || e_Loss:-1.843 || Aad_Loss:-24.962 || 耗时：35.11s\n"}
,{"stream_name":"stdout","time":2835.455334457,"data":"轮次:·17/·20 || c_Loss:0.342 || e_Loss:-1.690 || Aad_Loss:-27.949 || 耗时：13.07s\n"}
,{"stream_name":"stdout","time":2848.518932887,"data":"轮次:·18/·20 || c_Loss:0.393 || e_Loss:-1.700 || Aad_Loss:-27.041 || 耗时：13.06s\n"}
,{"stream_name":"stdout","time":2861.693172822,"data":"轮次:·19/·20 || c_Loss:0.356 || e_Loss:-1.825 || Aad_Loss:-26.745 || 耗时：13.17s\n"}
,{"stream_name":"stdout","time":2874.895793155,"data":"轮次:·20/·20 || c_Loss:0.353 || e_Loss:-1.717 || Aad_Loss:-29.602 || 耗时：13.20s\n"}
,{"stream_name":"stdout","time":2881.02763033,"data":"任务: (B1)N15_M01_F10→(B2)N15_M07_F10; mix批次:····0; 批次:·1880/·1880;  总正确率: 57.90%\n"}
,{"stream_name":"stdout","time":2881.027683376,"data":"类型1 正确率： 100.00% -\u003e 1  100.00%, 2    0.00%, 3    0.00%\n"}
,{"stream_name":"stdout","time":2881.027690836,"data":"类型2 正确率：  33.00% -\u003e 1   34.00%, 2   33.00%, 3   33.00%\n"}
,{"stream_name":"stdout","time":2881.027696737,"data":"类型3 正确率：  41.00% -\u003e 1    7.30%, 2   52.00%, 3   40.70%\n"}
,{"stream_name":"stdout","time":2881.02770204,"data":"\n"}
,{"stream_name":"stdout","time":2881.027707079,"data":"\n"}
,{"stream_name":"stdout","time":2887.168281129,"data":"测试集任务: (B1)N15_M01_F10→(B2)N15_M07_F10; 总正确率 = 57.90%\n"}
,{"stream_name":"stdout","time":2887.168316545,"data":"类型1 正确率： 100.00% -\u003e 1  100.00%, 2    0.00%, 3    0.00%\n"}
,{"stream_name":"stdout","time":2887.168326246,"data":"类型2 正确率：  33.00% -\u003e 1   34.00%, 2   33.00%, 3   33.00%\n"}
,{"stream_name":"stdout","time":2887.168329619,"data":"类型3 正确率：  41.00% -\u003e 1    7.30%, 2   52.00%, 3   40.70%\n"}
,{"stream_name":"stdout","time":2887.168332824,"data":"\n"}
,{"stream_name":"stdout","time":2887.168335707,"data":"\n"}
,{"stream_name":"stdout","time":2887.191460349,"data":"[tar_adaptation_RES_PU.py --folder_root /kaggle/working/m2rep/reps1/sdalr_PU_final_checkpoint/DATA_foldA --seed 1 --class_num 3 --data_name PU_M1_L3 --output /kaggle/working/m2rep/reps1/weight_PU_M1_final_checkpoint_FBtoA_gatev2_s1 --s 0 --t 1 --lr 0.0005 --threshold 0.4 --K 0.6] 370s\n"}
,{"stream_name":"stdout","time":2887.227277768,"data":"读取源域路径：/kaggle/working/m2rep/reps1/weight_PU_M1_final_checkpoint_FBtoA_gatev2_s1/NEW_PU/Source-源域/log\u0026pt/(B1)N15_M01_F10\n"}
,{"stream_name":"stdout","time":2887.227300643,"data":"excel输出位置：/kaggle/working/m2rep/reps1/weight_PU_M1_final_checkpoint_FBtoA_gatev2_s1/NEW_PU/Target-目标域\n"}
,{"stream_name":"stdout","time":2887.227306324,"data":"特征图片输出位置：/kaggle/working/m2rep/reps1/weight_PU_M1_final_checkpoint_FBtoA_gatev2_s1/NEW_PU/Picture-特征图/2026年09月15日18时03分/(B1)N15_M01_F10\n"}
,{"stream_name":"stderr","time":2887.260169933,"data":"/usr/local/lib/python3.12/dist-packages/torch/nn/utils/weight_norm.py:144: FutureWarning: `torch.nn.utils.weight_norm` is deprecated in favor of `torch.nn.utils.parametrizations.weight_norm`.\n"}
,{"stream_name":"stderr","time":2887.260201706,"data":"  WeightNorm.apply(module, name, dim)\n"}
,{"stream_name":"stdout","time":2887.297873066,"data":"现在选取:(B1)N15_M01_F10 进行训练的源模型\n"}
,{"stream_name":"stdout","time":2887.297902265,"data":"现在进行：(B1)N15_M01_F10→(B3)N15_M07_F04 的迁移任务\n"}
,{"stream_name":"stdout","time":2887.297907897,"data":"log\u0026pt输出位置：/kaggle/working/m2rep/reps1/weight_PU_M1_final_checkpoint_FBtoA_gatev2_s1/NEW_PU/Target-目标域/log\u0026pt/(B1)N15_M01_F10→(B3)N15_M07_F04\n"}
,{"stream_name":"stderr","time":2887.299178449,"data":"sh: 1: Syntax error: word unexpected (expecting \")\")\n"}
,{"stream_name":"stdout","time":2898.373798267,"data":"任务: (B1)N15_M01_F10→(B3)N15_M07_F04; 批次:····0/·1880;  总正确率: 51.20%\n"}
,{"stream_name":"stdout","time":2898.373837494,"data":"类型1 正确率： 100.00% -\u003e 1   99.95%, 2    0.00%, 3    0.05%\n"}
,{"stream_name":"stdout","time":2898.373843351,"data":"类型2 正确率：  37.00% -\u003e 1   14.10%, 2   37.40%, 3   48.50%\n"}
,{"stream_name":"stdout","time":2898.373860722,"data":"类型3 正确率：  16.00% -\u003e 1    0.00%, 2   83.75%, 3   16.25%\n"}
,{"stream_name":"stdout","time":2898.373866056,"data":"\n"}
,{"stream_name":"stdout","time":2898.373870407,"data":"\n"}
,{"stream_name":"stdout","time":2898.374355369,"data":"样本变换：reverse\n"}
,{"stream_name":"stdout","time":2901.61228056,"data":"样本变换：mask\n"}
,{"stream_name":"stdout","time":2904.889207775,"data":"样本变换：shift\n"}
,{"stream_name":"stdout","time":2908.179349319,"data":"样本变换：none\n"}
,{"stream_name":"stdout","time":2913.610844708,"data":"未过滤\t未用伪标签：51.20% -\u003e 使用伪标签：54.90%\n"}
,{"stream_name":"stdout","time":2913.610888466,"data":"已过滤\t未用伪标签：51.37% -\u003e 使用伪标签：55.19%\n"}
,{"stream_name":"stdout","time":2913.610893666,"data":"排除样本：31|6000\t剩余：2599, 2010, 1360\n"}
,{"stream_name":"stdout","time":2913.610897049,"data":"增添样本：1801\t\t细则：0, 592, 1209\t正确率估算：80.57%\n"}
,{"stream_name":"stdout","time":2913.610900401,"data":"类型1 正确率： 100.00% -\u003e 1  100.00%, 2    0.00%, 3    0.00%\n"}
,{"stream_name":"stdout","time":2913.610903637,"data":"类型2 正确率：  33.00% -\u003e 1   30.39%, 2   33.13%, 3   36.48%\n"}
,{"stream_name":"stdout","time":2913.610906658,"data":"类型3 正确率：  32.00% -\u003e 1    0.00%, 2   67.92%, 3   32.08%\n"}
,{"stream_name":"stdout","time":2913.610909646,"data":"\n"}
,{"stream_name":"stdout","time":2913.610912523,"data":"被排除样本 正确率：19.35%\n"}
,{"stream_name":"stdout","time":2913.610915534,"data":"类型1 正确率：  21.00% -\u003e 1   20.69%, 2   79.31%\n"}
,{"stream_name":"stdout","time":2913.6109315,"data":"类型2 正确率：   0.00% -\u003e 1  100.00%, 2    0.00%\n"}
,{"stream_name":"stdout","time":2913.610934135,"data":"\n"}
,{"stream_name":"stdout","time":2913.610936316,"data":"\n"}
,{"stream_name":"stdout","time":2926.833230902,"data":"轮次:··1/·20 || c_Loss:0.488 || e_Loss:-1.635 || Aad_Loss:-28.515 || 耗时：34.49s\n"}
,{"stream_name":"stdout","time":2940.143664785,"data":"轮次:··2/·20 || c_Loss:0.406 || e_Loss:-0.961 || Aad_Loss:-28.357 || 耗时：13.31s\n"}
,{"stream_name":"stdout","time":2953.389168559,"data":"轮次:··3/·20 || c_Loss:0.387 || e_Loss:-0.842 || Aad_Loss:-31.519 || 耗时：13.25s\n"}
,{"stream_name":"stdout","time":2966.629882611,"data":"轮次:··4/·20 || c_Loss:0.361 || e_Loss:-0.870 || Aad_Loss:-30.785 || 耗时：13.24s\n"}
,{"stream_name":"stdout","time":2979.792665474,"data":"轮次:··5/·20 || c_Loss:0.368 || e_Loss:-0.813 || Aad_Loss:-31.851 || 耗时：13.16s\n"}
,{"stream_name":"stdout","time":2985.891546939,"data":"任务: (B1)N15_M01_F10→(B3)N15_M07_F04; mix批次:····0; 批次:··470/·1880;  总正确率: 55.15%\n"}
,{"stream_name":"stdout","time":2985.891618117,"data":"类型1 正确率： 100.00% -\u003e 1  100.00%, 2    0.00%, 3    0.00%\n"}
,{"stream_name":"stdout","time":2985.891625792,"data":"类型2 正确率：  32.00% -\u003e 1   33.00%, 2   32.50%, 3   34.50%\n"}
,{"stream_name":"stdout","time":2985.891630665,"data":"类型3 正确率：  33.00% -\u003e 1    0.00%, 2   67.05%, 3   32.95%\n"}
,{"stream_name":"stdout","time":2985.891640605,"data":"\n"}
,{"stream_name":"stdout","time":2985.891643827,"data":"\n"}
,{"stream_name":"stdout","time":2985.927576257,"data":"样本变换：reverse\n"}
,{"stream_name":"stdout","time":2989.253287747,"data":"样本变换：mask\n"}
,{"stream_name":"stdout","time":2992.625314186,"data":"样本变换：shift\n"}
,{"stream_name":"stdout","time":2995.978000509,"data":"样本变换：none\n"}
,{"stream_name":"stderr","time":3001.767108847,"data":"/kaggle/working/m2rep/reps1/sdalr_PU_final_checkpoint/tools.py:413: RuntimeWarning: invalid value encountered in divide\n"}
,{"stream_name":"stderr","time":3001.767160121,"data":"  per_class_acc = conf_matrix.diagonal() / conf_matrix.sum(axis=1) * 100\n"}
,{"stream_name":"stdout","time":3001.767335161,"data":"未过滤\t未用伪标签：55.15% -\u003e 使用伪标签：55.23%\n"}
,{"stream_name":"stdout","time":3001.767353626,"data":"已过滤\t未用伪标签：55.17% -\u003e 使用伪标签：55.25%\n"}
,{"stream_name":"stdout","time":3001.767359644,"data":"排除样本：2|6000\t剩余：2680, 1996, 1322\n"}
,{"stream_name":"stdout","time":3001.767365405,"data":"增添样本：2008\t\t细则：0, 684, 1324\t正确率估算：99.90%\n"}
,{"stream_name":"stdout","time":3001.767370506,"data":"类型1 正确率： 100.00% -\u003e 1  100.00%, 2    0.00%, 3    0.00%\n"}
,{"stream_name":"stdout","time":3001.767375442,"data":"类型2 正确率：  33.00% -\u003e 1   34.03%, 2   32.78%, 3   33.18%\n"}
,{"stream_name":"stdout","time":3001.767380224,"data":"类型3 正确率：  33.00% -\u003e 1    0.00%, 2   67.05%, 3   32.95%\n"}
,{"stream_name":"stdout","time":3001.767385118,"data":"\n"}
,{"stream_name":"stdout","time":3001.767389632,"data":"被排除样本 正确率：0.00%\n"}
,{"stream_name":"stdout","time":3001.76739431,"data":"类型1 正确率：   0.00% -\u003e 1    0.00%, 2  100.00%\n"}
,{"stream_name":"stdout","time":3001.767398971,"data":"类型2 没有样本或未被分类。\n"}
,{"stream_name":"stdout","time":3001.767403724,"data":"\n"}
,{"stream_name":"stdout","time":3001.767429972,"data":"\n"}
,{"stream_name":"stdout","time":3014.915173166,"data":"轮次:··6/·20 || c_Loss:0.347 || e_Loss:-1.112 || Aad_Loss:-29.746 || 耗时：35.12s\n"}
,{"stream_name":"stdout","time":3028.149583395,"data":"轮次:··7/·20 || c_Loss:0.343 || e_Loss:-1.102 || Aad_Loss:-30.679 || 耗时：13.23s\n"}
,{"stream_name":"stdout","time":3041.380298058,"data":"轮次:··8/·20 || c_Loss:0.350 || e_Loss:-0.948 || Aad_Loss:-30.838 || 耗时：13.23s\n"}
,{"stream_name":"stdout","time":3054.724348684,"data":"轮次:··9/·20 || c_Loss:0.343 || e_Loss:-0.933 || Aad_Loss:-30.477 || 耗时：13.34s\n"}
,{"stream_name":"stdout","time":3067.933620889,"data":"轮次:·10/·20 || c_Loss:0.343 || e_Loss:-1.188 || Aad_Loss:-29.765 || 耗时：13.21s\n"}
,{"stream_name":"stdout","time":3074.119794074,"data":"任务: (B1)N15_M01_F10→(B3)N15_M07_F04; mix批次:····0; 批次:··940/·1880;  总正确率: 55.25%\n"}
,{"stream_name":"stdout","time":3074.119853945,"data":"类型1 正确率： 100.00% -\u003e 1  100.00%, 2    0.00%, 3    0.00%\n"}
,{"stream_name":"stdout","time":3074.11986152,"data":"类型2 正确率：  33.00% -\u003e 1   34.00%, 2   32.80%, 3   33.20%\n"}
,{"stream_name":"stdout","time":3074.119866497,"data":"类型3 正确率：  33.00% -\u003e 1    0.00%, 2   67.05%, 3   32.95%\n"}
,{"stream_name":"stdout","time":3074.119875064,"data":"\n"}
,{"stream_name":"stdout","time":3074.119878365,"data":"\n"}
,{"stream_name":"stdout","time":3074.166121013,"data":"样本变换：reverse\n"}
,{"stream_name":"stdout","time":3077.499246945,"data":"样本变换：mask\n"}
,{"stream_name":"stdout","time":3080.869278095,"data":"样本变换：shift\n"}
,{"stream_name":"stdout","time":3084.200295564,"data":"样本变换：none\n"}
,{"stream_name":"stderr","time":3089.897664403,"data":"/kaggle/working/m2rep/reps1/sdalr_PU_final_checkpoint/tools.py:413: RuntimeWarning: invalid value encountered in divide\n"}
,{"stream_name":"stderr","time":3089.897720197,"data":"  per_class_acc = conf_matrix.diagonal() / conf_matrix.sum(axis=1) * 100\n"}
,{"stream_name":"stdout","time":3089.897693453,"data":"未过滤\t未用伪标签：55.25% -\u003e 使用伪标签：55.27%\n"}
,{"stream_name":"stdout","time":3089.897742821,"data":"已过滤\t未用伪标签：55.27% -\u003e 使用伪标签：55.29%\n"}
,{"stream_name":"stdout","time":3089.897749428,"data":"排除样本：2|6000\t剩余：2680, 1998, 1320\n"}
,{"stream_name":"stdout","time":3089.897754898,"data":"增添样本：2008\t\t细则：0, 682, 1326\t正确率估算：100.00%\n"}
,{"stream_name":"stdout","time":3089.897761106,"data":"类型1 正确率： 100.00% -\u003e 1  100.00%, 2    0.00%, 3    0.00%\n"}
,{"stream_name":"stdout","time":3089.897769606,"data":"类型2 正确率：  33.00% -\u003e 1   34.03%, 2   32.88%, 3   33.08%\n"}
,{"stream_name":"stdout","time":3089.897773329,"data":"类型3 正确率：  33.00% -\u003e 1    0.00%, 2   67.05%, 3   32.95%\n"}
,{"stream_name":"stdout","time":3089.897776477,"data":"\n"}
,{"stream_name":"stdout","time":3089.897779324,"data":"被排除样本 正确率：0.00%\n"}
,{"stream_name":"stdout","time":3089.897782347,"data":"类型1 正确率：   0.00% -\u003e 1    0.00%, 2  100.00%\n"}
,{"stream_name":"stdout","time":3089.897785338,"data":"类型2 没有样本或未被分类。\n"}
,{"stream_name":"stdout","time":3089.897788344,"data":"\n"}
,{"stream_name":"stdout","time":3089.897791099,"data":"\n"}
,{"stream_name":"stdout","time":3103.007302923,"data":"轮次:·11/·20 || c_Loss:0.348 || e_Loss:-1.461 || Aad_Loss:-31.209 || 耗时：35.07s\n"}
,{"stream_name":"stdout","time":3116.190024932,"data":"轮次:·12/·20 || c_Loss:0.354 || e_Loss:-0.948 || Aad_Loss:-30.825 || 耗时：13.18s\n"}
,{"stream_name":"stdout","time":3129.399822503,"data":"轮次:·13/·20 || c_Loss:0.339 || e_Loss:-0.925 || Aad_Loss:-31.477 || 耗时：13.21s\n"}
,{"stream_name":"stdout","time":3142.731724144,"data":"轮次:·14/·20 || c_Loss:0.355 || e_Loss:-1.381 || Aad_Loss:-30.396 || 耗时：13.33s\n"}
,{"stream_name":"stdout","time":3155.918311562,"data":"轮次:·15/·20 || c_Loss:0.344 || e_Loss:-1.015 || Aad_Loss:-30.741 || 耗时：13.19s\n"}
,{"stream_name":"stdout","time":3162.071173446,"data":"任务: (B1)N15_M01_F10→(B3)N15_M07_F04; mix批次:····0; 批次:·1410/·1880;  总正确率: 55.27%\n"}
,{"stream_name":"stdout","time":3162.071228913,"data":"类型1 正确率： 100.00% -\u003e 1  100.00%, 2    0.00%, 3    0.00%\n"}
,{"stream_name":"stdout","time":3162.071237587,"data":"类型2 正确率：  33.00% -\u003e 1   34.00%, 2   32.85%, 3   33.15%\n"}
,{"stream_name":"stdout","time":3162.071242561,"data":"类型3 正确率：  33.00% -\u003e 1    0.00%, 2   67.05%, 3   32.95%\n"}
,{"stream_name":"stdout","time":3162.071247074,"data":"\n"}
,{"stream_name":"stdout","time":3162.071251244,"data":"\n"}
,{"stream_name":"stdout","time":3162.113109769,"data":"样本变换：reverse\n"}
,{"stream_name":"stdout","time":3165.390294957,"data":"样本变换：mask\n"}
,{"stream_name":"stdout","time":3168.684563857,"data":"样本变换：shift\n"}
,{"stream_name":"stdout","time":3171.954978195,"data":"样本变换：none\n"}
,{"stream_name":"stderr","time":3177.485038414,"data":"/kaggle/working/m2rep/reps1/sdalr_PU_final_checkpoint/tools.py:413: RuntimeWarning: invalid value encountered in divide\n"}
,{"stream_name":"stderr","time":3177.485079627,"data":"  per_class_acc = conf_matrix.diagonal() / conf_matrix.sum(axis=1) * 100\n"}
,{"stream_name":"stdout","time":3177.485120324,"data":"未过滤\t未用伪标签：55.27% -\u003e 使用伪标签：55.27%\n"}
,{"stream_name":"stdout","time":3177.485137174,"data":"已过滤\t未用伪标签：55.28% -\u003e 使用伪标签：55.28%\n"}
,{"stream_name":"stdout","time":3177.485143057,"data":"排除样本：1|6000\t剩余：2680, 1998, 1321\n"}
,{"stream_name":"stdout","time":3177.485167471,"data":"增添样本：2007\t\t细则：0, 682, 1325\t正确率估算：100.00%\n"}
,{"stream_name":"stdout","time":3177.48517391,"data":"类型1 正确率： 100.00% -\u003e 1  100.00%, 2    0.00%, 3    0.00%\n"}
,{"stream_name":"stdout","time":3177.485178777,"data":"类型2 正确率：  33.00% -\u003e 1   34.02%, 2   32.87%, 3   33.12%\n"}
,{"stream_name":"stdout","time":3177.485183607,"data":"类型3 正确率：  33.00% -\u003e 1    0.00%, 2   67.05%, 3   32.95%\n"}
,{"stream_name":"stdout","time":3177.485189707,"data":"\n"}
,{"stream_name":"stdout","time":3177.485244394,"data":"被排除样本 正确率：0.00%\n"}
,{"stream_name":"stdout","time":3177.485250577,"data":"类型1 正确率：   0.00% -\u003e 1    0.00%, 2  100.00%\n"}
,{"stream_name":"stdout","time":3177.485255312,"data":"类型2 没有样本或未被分类。\n"}
,{"stream_name":"stdout","time":3177.48525994,"data":"\n"}
,{"stream_name":"stdout","time":3177.485264127,"data":"\n"}
,{"stream_name":"stdout","time":3190.566874297,"data":"轮次:·16/·20 || c_Loss:0.343 || e_Loss:-0.908 || Aad_Loss:-31.446 || 耗时：34.65s\n"}
,{"stream_name":"stdout","time":3203.779548091,"data":"轮次:·17/·20 || c_Loss:0.359 || e_Loss:-0.987 || Aad_Loss:-32.368 || 耗时：13.21s\n"}
,{"stream_name":"stdout","time":3216.987242221,"data":"轮次:·18/·20 || c_Loss:0.339 || e_Loss:-1.179 || Aad_Loss:-30.136 || 耗时：13.21s\n"}
,{"stream_name":"stdout","time":3230.297499654,"data":"轮次:·19/·20 || c_Loss:0.337 || e_Loss:-0.945 || Aad_Loss:-30.817 || 耗时：13.31s\n"}
,{"stream_name":"stdout","time":3243.382664615,"data":"轮次:·20/·20 || c_Loss:0.349 || e_Loss:-0.879 || Aad_Loss:-32.695 || 耗时：13.08s\n"}
,{"stream_name":"stdout","time":3249.502093332,"data":"任务: (B1)N15_M01_F10→(B3)N15_M07_F04; mix批次:····0; 批次:·1880/·1880;  总正确率: 55.20%\n"}
,{"stream_name":"stdout","time":3249.502135251,"data":"类型1 正确率： 100.00% -\u003e 1  100.00%, 2    0.00%, 3    0.00%\n"}
,{"stream_name":"stdout","time":3249.502144179,"data":"类型2 正确率：  33.00% -\u003e 1   34.00%, 2   32.60%, 3   33.40%\n"}
,{"stream_name":"stdout","time":3249.502147524,"data":"类型3 正确率：  33.00% -\u003e 1    0.00%, 2   67.00%, 3   33.00%\n"}
,{"stream_name":"stdout","time":3249.502150774,"data":"\n"}
,{"stream_name":"stdout","time":3249.502153584,"data":"\n"}
,{"stream_name":"stdout","time":3255.624044859,"data":"测试集任务: (B1)N15_M01_F10→(B3)N15_M07_F04; 总正确率 = 55.20%\n"}
,{"stream_name":"stdout","time":3255.624088432,"data":"类型1 正确率： 100.00% -\u003e 1  100.00%, 2    0.00%, 3    0.00%\n"}
,{"stream_name":"stdout","time":3255.624105238,"data":"类型2 正确率：  33.00% -\u003e 1   34.00%, 2   32.60%, 3   33.40%\n"}
,{"stream_name":"stdout","time":3255.624110858,"data":"类型3 正确率：  33.00% -\u003e 1    0.00%, 2   67.00%, 3   33.00%\n"}
,{"stream_name":"stdout","time":3255.624115755,"data":"\n"}
,{"stream_name":"stdout","time":3255.624120658,"data":"\n"}
,{"stream_name":"stdout","time":3255.649950655,"data":"[tar_adaptation_RES_PU.py --folder_root /kaggle/working/m2rep/reps1/sdalr_PU_final_checkpoint/DATA_foldA --seed 1 --class_num 3 --data_name PU_M1_L3 --output /kaggle/working/m2rep/reps1/weight_PU_M1_final_checkpoint_FBtoA_gatev2_s1 --s 0 --t 2 --lr 0.0005 --threshold 0.4 --K 0.6] 368s\n"}
,{"stream_name":"stdout","time":3255.690838411,"data":"读取源域路径：/kaggle/working/m2rep/reps1/weight_PU_M1_final_checkpoint_FBtoA_gatev2_s1/NEW_PU/Source-源域/log\u0026pt/(B2)N15_M07_F10\n"}
,{"stream_name":"stdout","time":3255.690870115,"data":"excel输出位置：/kaggle/working/m2rep/reps1/weight_PU_M1_final_checkpoint_FBtoA_gatev2_s1/NEW_PU/Target-目标域\n"}
,{"stream_name":"stdout","time":3255.69088026,"data":"特征图片输出位置：/kaggle/working/m2rep/reps1/weight_PU_M1_final_checkpoint_FBtoA_gatev2_s1/NEW_PU/Picture-特征图/2026年09月15日18时09分/(B2)N15_M07_F10\n"}
,{"stream_name":"stderr","time":3255.727046751,"data":"/usr/local/lib/python3.12/dist-packages/torch/nn/utils/weight_norm.py:144: FutureWarning: `torch.nn.utils.weight_norm` is deprecated in favor of `torch.nn.utils.parametrizations.weight_norm`.\n"}
,{"stream_name":"stderr","time":3255.727088643,"data":"  WeightNorm.apply(module, name, dim)\n"}
,{"stream_name":"stdout","time":3255.766540636,"data":"现在选取:(B2)N15_M07_F10 进行训练的源模型\n"}
,{"stream_name":"stdout","time":3255.766589135,"data":"现在进行：(B2)N15_M07_F10→(B1)N15_M01_F10 的迁移任务\n"}
,{"stream_name":"stdout","time":3255.766595837,"data":"log\u0026pt输出位置：/kaggle/working/m2rep/reps1/weight_PU_M1_final_checkpoint_FBtoA_gatev2_s1/NEW_PU/Target-目标域/log\u0026pt/(B2)N15_M07_F10→(B1)N15_M01_F10\n"}
,{"stream_name":"stderr","time":3255.767972463,"data":"sh: 1: Syntax error: word unexpected (expecting \")\")\n"}
,{"stream_name":"stdout","time":3266.982373527,"data":"任务: (B2)N15_M07_F10→(B1)N15_M01_F10; 批次:····0/·1880;  总正确率: 55.52%\n"}
,{"stream_name":"stdout","time":3266.982418505,"data":"类型1 正确率： 100.00% -\u003e 1  100.00%, 2    0.00%, 3    0.00%\n"}
,{"stream_name":"stdout","time":3266.982437796,"data":"类型2 正确率：  34.00% -\u003e 1   28.60%, 2   33.55%, 3   37.85%\n"}
,{"stream_name":"stdout","time":3266.982463883,"data":"类型3 正确率：  33.00% -\u003e 1    0.00%, 2   67.00%, 3   33.00%\n"}
,{"stream_name":"stdout","time":3266.982468106,"data":"\n"}
,{"stream_name":"stdout","time":3266.982471401,"data":"\n"}
,{"stream_name":"stdout","time":3266.983224816,"data":"样本变换：reverse\n"}
,{"stream_name":"stdout","time":3270.315315806,"data":"样本变换：mask\n"}
,{"stream_name":"stdout","time":3273.675301677,"data":"样本变换：shift\n"}
,{"stream_name":"stdout","time":3277.025280612,"data":"样本变换：none\n"}
,{"stream_name":"stderr","time":3282.785977029,"data":"/kaggle/working/m2rep/reps1/sdalr_PU_final_checkpoint/tools.py:413: RuntimeWarning: invalid value encountered in divide\n"}
,{"stream_name":"stderr","time":3282.786029267,"data":"  per_class_acc = conf_matrix.diagonal() / conf_matrix.sum(axis=1) * 100\n"}
,{"stream_name":"stdout","time":3282.786167723,"data":"未过滤\t未用伪标签：55.52% -\u003e 使用伪标签：55.25%\n"}
,{"stream_name":"stdout","time":3282.78622443,"data":"已过滤\t未用伪标签：55.74% -\u003e 使用伪标签：55.47%\n"}
,{"stream_name":"stdout","time":3282.786232676,"data":"排除样本：24|6000\t剩余：2585, 1995, 1396\n"}
,{"stream_name":"stdout","time":3282.786238835,"data":"增添样本：3057\t\t细则：0, 1863, 1194\t正确率估算：97.86%\n"}
,{"stream_name":"stdout","time":3282.786244556,"data":"类型1 正确率： 100.00% -\u003e 1  100.00%, 2    0.00%, 3    0.00%\n"}
,{"stream_name":"stdout","time":3282.786249892,"data":"类型2 正确率：  33.00% -\u003e 1   29.61%, 2   33.15%, 3   37.25%\n"}
,{"stream_name":"stdout","time":3282.78625536,"data":"类型3 正确率：  33.00% -\u003e 1    0.00%, 2   67.00%, 3   33.00%\n"}
,{"stream_name":"stdout","time":3282.786262498,"data":"\n"}
,{"stream_name":"stdout","time":3282.786270832,"data":"被排除样本 正确率：0.00%\n"}
,{"stream_name":"stdout","time":3282.786274513,"data":"类型1 没有样本或未被分类。\n"}
,{"stream_name":"stdout","time":3282.786278052,"data":"类型2 正确率：   0.00% -\u003e 1   12.50%, 2    0.00%, 3   87.50%\n"}
,{"stream_name":"stdout","time":3282.786281572,"data":"类型3 没有样本或未被分类。\n"}
,{"stream_name":"stdout","time":3282.786285005,"data":"\n"}
,{"stream_name":"stdout","time":3282.786288235,"data":"\n"}
,{"stream_name":"stdout","time":3296.012990063,"data":"轮次:··1/·20 || c_Loss:0.542 || e_Loss:-1.069 || Aad_Loss:-25.214 || 耗时：35.08s\n"}
,{"stream_name":"stdout","time":3309.240789165,"data":"轮次:··2/·20 || c_Loss:0.420 || e_Loss:-1.706 || Aad_Loss:-25.287 || 耗时：13.23s\n"}
,{"stream_name":"stdout","time":3322.34884707,"data":"轮次:··3/·20 || c_Loss:0.427 || e_Loss:-1.848 || Aad_Loss:-23.885 || 耗时：13.11s\n"}
,{"stream_name":"stdout","time":3335.567783585,"data":"轮次:··4/·20 || c_Loss:0.380 || e_Loss:-1.841 || Aad_Loss:-23.929 || 耗时：13.22s\n"}
,{"stream_name":"stdout","time":3348.900676381,"data":"轮次:··5/·20 || c_Loss:0.372 || e_Loss:-1.771 || Aad_Loss:-27.568 || 耗时：13.33s\n"}
,{"stream_name":"stdout","time":3355.110846488,"data":"任务: (B2)N15_M07_F10→(B1)N15_M01_F10; mix批次:····0; 批次:··470/·1880;  总正确率: 60.97%\n"}
,{"stream_name":"stdout","time":3355.110882138,"data":"类型1 正确率： 100.00% -\u003e 1  100.00%, 2    0.00%, 3    0.00%\n"}
,{"stream_name":"stdout","time":3355.110888812,"data":"类型2 正确率：  33.00% -\u003e 1   34.00%, 2   32.90%, 3   33.10%\n"}
,{"stream_name":"stdout","time":3355.110894281,"data":"类型3 正确率：  50.00% -\u003e 1   12.55%, 2   37.45%, 3   50.00%\n"}
,{"stream_name":"stdout","time":3355.110899522,"data":"\n"}
,{"stream_name":"stdout","time":3355.110920309,"data":"\n"}
,{"stream_name":"stdout","time":3355.142622204,"data":"样本变换：reverse\n"}
,{"stream_name":"stdout","time":3358.434293728,"data":"样本变换：mask\n"}
,{"stream_name":"stdout","time":3361.760235558,"data":"样本变换：shift\n"}
,{"stream_name":"stdout","time":3365.077264668,"data":"样本变换：none\n"}
,{"stream_name":"stderr","time":3370.733116104,"data":"/kaggle/working/m2rep/reps1/sdalr_PU_final_checkpoint/tools.py:413: RuntimeWarning: invalid value encountered in divide\n"}
,{"stream_name":"stderr","time":3370.733163892,"data":"  per_class_acc = conf_matrix.diagonal() / conf_matrix.sum(axis=1) * 100\n"}
,{"stream_name":"stdout","time":3370.733332183,"data":"未过滤\t未用伪标签：60.97% -\u003e 使用伪标签：55.30%\n"}
,{"stream_name":"stdout","time":3370.733347184,"data":"已过滤\t未用伪标签：60.97% -\u003e 使用伪标签：55.32%\n"}
,{"stream_name":"stdout","time":3370.733352765,"data":"排除样本：2|6000\t剩余：2680, 1998, 1320\n"}
,{"stream_name":"stdout","time":3370.733358075,"data":"增添样本：3315\t\t细则：0, 1955, 1360\t正确率估算：98.29%\n"}
,{"stream_name":"stdout","time":3370.733362845,"data":"类型1 正确率： 100.00% -\u003e 1  100.00%, 2    0.00%, 3    0.00%\n"}
,{"stream_name":"stdout","time":3370.733367522,"data":"类型2 正确率：  33.00% -\u003e 1   34.03%, 2   32.93%, 3   33.03%\n"}
,{"stream_name":"stdout","time":3370.733372002,"data":"类型3 正确率：  33.00% -\u003e 1    0.00%, 2   67.00%, 3   33.00%\n"}
,{"stream_name":"stdout","time":3370.733376357,"data":"\n"}
,{"stream_name":"stdout","time":3370.733380525,"data":"被排除样本 正确率：50.00%\n"}
,{"stream_name":"stdout","time":3370.733384781,"data":"类型1 正确率：  50.00% -\u003e 1   50.00%, 2   50.00%\n"}
,{"stream_name":"stdout","time":3370.733389311,"data":"类型2 没有样本或未被分类。\n"}
,{"stream_name":"stdout","time":3370.733394328,"data":"\n"}
,{"stream_name":"stdout","time":3370.733399591,"data":"\n"}
,{"stream_name":"stdout","time":3383.842654915,"data":"轮次:··6/·20 || c_Loss:0.380 || e_Loss:-1.801 || Aad_Loss:-26.845 || 耗时：34.94s\n"}
,{"stream_name":"stdout","time":3396.995431487,"data":"轮次:··7/·20 || c_Loss:0.361 || e_Loss:-1.705 || Aad_Loss:-29.002 || 耗时：13.15s\n"}
,{"stream_name":"stdout","time":3410.265703323,"data":"轮次:··8/·20 || c_Loss:0.381 || e_Loss:-1.851 || Aad_Loss:-27.176 || 耗时：13.27s\n"}
,{"stream_name":"stdout","time":3423.595224508,"data":"轮次:··9/·20 || c_Loss:0.361 || e_Loss:-1.854 || Aad_Loss:-28.082 || 耗时：13.33s\n"}
,{"stream_name":"stdout","time":3436.885986767,"data":"轮次:·10/·20 || c_Loss:0.366 || e_Loss:-1.847 || Aad_Loss:-27.880 || 耗时：13.29s\n"}
,{"stream_name":"stdout","time":3443.069638115,"data":"任务: (B2)N15_M07_F10→(B1)N15_M01_F10; mix批次:····0; 批次:··940/·1880;  总正确率: 60.28%\n"}
,{"stream_name":"stdout","time":3443.069688128,"data":"类型1 正确率： 100.00% -\u003e 1  100.00%, 2    0.00%, 3    0.00%\n"}
,{"stream_name":"stdout","time":3443.070552237,"data":"类型2 正确率：  33.00% -\u003e 1   34.00%, 2   32.95%, 3   33.05%\n"}
,{"stream_name":"stdout","time":3443.070579279,"data":"类型3 正确率：  48.00% -\u003e 1   11.45%, 2   40.65%, 3   47.90%\n"}
,{"stream_name":"stdout","time":3443.070585497,"data":"\n"}
,{"stream_name":"stdout","time":3443.070590066,"data":"\n"}
,{"stream_name":"stdout","time":3443.114340274,"data":"样本变换：reverse\n"}
,{"stream_name":"stdout","time":3446.408411419,"data":"样本变换：mask\n"}
,{"stream_name":"stdout","time":3449.717270336,"data":"样本变换：shift\n"}
,{"stream_name":"stdout","time":3453.050993173,"data":"样本变换：none\n"}
,{"stream_name":"stdout","time":3458.716301823,"data":"未过滤\t未用伪标签：60.28% -\u003e 使用伪标签：55.32%\n"}
,{"stream_name":"stdout","time":3458.716352656,"data":"已过滤\t未用伪标签：60.29% -\u003e 使用伪标签：55.34%\n"}
,{"stream_name":"stdout","time":3458.716360422,"data":"排除样本：2|6000\t剩余：2680, 1998, 1320\n"}
,{"stream_name":"stdout","time":3458.716365204,"data":"增添样本：3314\t\t细则：0, 1954, 1360\t正确率估算：98.68%\n"}
,{"stream_name":"stdout","time":3458.716370504,"data":"类型1 正确率： 100.00% -\u003e 1  100.00%, 2    0.00%, 3    0.00%\n"}
,{"stream_name":"stdout","time":3458.716375229,"data":"类型2 正确率：  33.00% -\u003e 1   34.02%, 2   32.97%, 3   33.02%\n"}
,{"stream_name":"stdout","time":3458.716380173,"data":"类型3 正确率：  33.00% -\u003e 1    0.00%, 2   66.98%, 3   33.02%\n"}
,{"stream_name":"stdout","time":3458.716384688,"data":"\n"}
,{"stream_name":"stdout","time":3458.716392552,"data":"被排除样本 正确率：50.00%\n"}
,{"stream_name":"stdout","time":3458.716395877,"data":"类型1 正确率：   0.00% -\u003e 1    0.00%, 2  100.00%\n"}
,{"stream_name":"stdout","time":3458.716398871,"data":"类型2 正确率： 100.00% -\u003e 1    0.00%, 2  100.00%\n"}
,{"stream_name":"stdout","time":3458.716401923,"data":"\n"}
,{"stream_name":"stdout","time":3458.716404711,"data":"\n"}
,{"stream_name":"stdout","time":3471.925832055,"data":"轮次:·11/·20 || c_Loss:0.344 || e_Loss:-1.837 || Aad_Loss:-30.804 || 耗时：35.04s\n"}
,{"stream_name":"stdout","time":3485.215333472,"data":"轮次:·12/·20 || c_Loss:0.372 || e_Loss:-1.897 || Aad_Loss:-26.208 || 耗时：13.29s\n"}
,{"stream_name":"stdout","time":3498.504062128,"data":"轮次:·13/·20 || c_Loss:0.343 || e_Loss:-1.794 || Aad_Loss:-30.966 || 耗时：13.29s\n"}
,{"stream_name":"stdout","time":3511.819832911,"data":"轮次:·14/·20 || c_Loss:0.367 || e_Loss:-1.901 || Aad_Loss:-25.846 || 耗时：13.32s\n"}
,{"stream_name":"stdout","time":3525.10846307,"data":"轮次:·15/·20 || c_Loss:0.366 || e_Loss:-1.860 || Aad_Loss:-29.131 || 耗时：13.29s\n"}
,{"stream_name":"stdout","time":3531.258989348,"data":"任务: (B2)N15_M07_F10→(B1)N15_M01_F10; mix批次:····0; 批次:·1410/·1880;  总正确率: 60.35%\n"}
,{"stream_name":"stdout","time":3531.259026753,"data":"类型1 正确率： 100.00% -\u003e 1  100.00%, 2    0.00%, 3    0.00%\n"}
,{"stream_name":"stdout","time":3531.259034167,"data":"类型2 正确率：  33.00% -\u003e 1   34.00%, 2   32.95%, 3   33.05%\n"}
,{"stream_name":"stdout","time":3531.259040111,"data":"类型3 正确率：  48.00% -\u003e 1   15.00%, 2   36.90%, 3   48.10%\n"}
,{"stream_name":"stdout","time":3531.259045749,"data":"\n"}
,{"stream_name":"stdout","time":3531.259050875,"data":"\n"}
,{"stream_name":"stdout","time":3531.306429066,"data":"样本变换：reverse\n"}
,{"stream_name":"stdout","time":3534.588290652,"data":"样本变换：mask\n"}
,{"stream_name":"stdout","time":3537.893328477,"data":"样本变换：shift\n"}
,{"stream_name":"stdout","time":3541.224047615,"data":"样本变换：none\n"}
,{"stream_name":"stdout","time":3547.009789422,"data":"未过滤\t未用伪标签：60.35% -\u003e 使用伪标签：55.30%\n"}
,{"stream_name":"stdout","time":3547.009832018,"data":"已过滤\t未用伪标签：60.34% -\u003e 使用伪标签：55.32%\n"}
,{"stream_name":"stdout","time":3547.009853554,"data":"排除样本：2|6000\t剩余：2680, 1997, 1321\n"}
,{"stream_name":"stdout","time":3547.009859343,"data":"增添样本：3315\t\t细则：0, 1955, 1360\t正确率估算：98.53%\n"}
,{"stream_name":"stdout","time":3547.009882038,"data":"类型1 正确率： 100.00% -\u003e 1  100.00%, 2    0.00%, 3    0.00%\n"}
,{"stream_name":"stdout","time":3547.009886465,"data":"类型2 正确率：  33.00% -\u003e 1   34.02%, 2   32.92%, 3   33.07%\n"}
,{"stream_name":"stdout","time":3547.009890087,"data":"类型3 正确率：  33.00% -\u003e 1    0.00%, 2   66.98%, 3   33.02%\n"}
,{"stream_name":"stdout","time":3547.009893646,"data":"\n"}
,{"stream_name":"stdout","time":3547.009901848,"data":"被排除样本 正确率：100.00%\n"}
,{"stream_name":"stdout","time":3547.009904325,"data":"类型1 正确率： 100.00% -\u003e 1  100.00%, 2    0.00%\n"}
,{"stream_name":"stdout","time":3547.009906739,"data":"类型2 正确率： 100.00% -\u003e 1    0.00%, 2  100.00%\n"}
,{"stream_name":"stdout","time":3547.009908997,"data":"\n"}
,{"stream_name":"stdout","time":3547.009911095,"data":"\n"}
,{"stream_name":"stdout","time":3560.178583658,"data":"轮次:·16/·20 || c_Loss:0.375 || e_Loss:-1.841 || Aad_Loss:-27.458 || 耗时：35.07s\n"}
,{"stream_name":"stdout","time":3573.471398087,"data":"轮次:·17/·20 || c_Loss:0.358 || e_Loss:-1.717 || Aad_Loss:-29.667 || 耗时：13.29s\n"}
,{"stream_name":"stdout","time":3586.757108529,"data":"轮次:·18/·20 || c_Loss:0.375 || e_Loss:-1.868 || Aad_Loss:-27.555 || 耗时：13.29s\n"}
,{"stream_name":"stdout","time":3600.057448833,"data":"轮次:·19/·20 || c_Loss:0.358 || e_Loss:-1.863 || Aad_Loss:-28.480 || 耗时：13.30s\n"}
,{"stream_name":"stdout","time":3613.341392866,"data":"轮次:·20/·20 || c_Loss:0.362 || e_Loss:-1.866 || Aad_Loss:-28.236 || 耗时：13.28s\n"}
,{"stream_name":"stdout","time":3619.486608203,"data":"任务: (B2)N15_M07_F10→(B1)N15_M01_F10; mix批次:····0; 批次:·1880/·1880;  总正确率: 60.42%\n"}
,{"stream_name":"stdout","time":3619.486648636,"data":"类型1 正确率： 100.00% -\u003e 1  100.00%, 2    0.00%, 3    0.00%\n"}
,{"stream_name":"stdout","time":3619.486654762,"data":"类型2 正确率：  33.00% -\u003e 1   34.00%, 2   33.00%, 3   33.00%\n"}
,{"stream_name":"stdout","time":3619.486658158,"data":"类型3 正确率：  48.00% -\u003e 1   10.05%, 2   41.70%, 3   48.25%\n"}
,{"stream_name":"stdout","time":3619.486661425,"data":"\n"}
,{"stream_name":"stdout","time":3619.486664468,"data":"\n"}
,{"stream_name":"stdout","time":3625.637467347,"data":"测试集任务: (B2)N15_M07_F10→(B1)N15_M01_F10; 总正确率 = 60.42%\n"}
,{"stream_name":"stdout","time":3625.637504172,"data":"类型1 正确率： 100.00% -\u003e 1  100.00%, 2    0.00%, 3    0.00%\n"}
,{"stream_name":"stdout","time":3625.637516175,"data":"类型2 正确率：  33.00% -\u003e 1   34.00%, 2   33.00%, 3   33.00%\n"}
,{"stream_name":"stdout","time":3625.637519815,"data":"类型3 正确率：  48.00% -\u003e 1   10.05%, 2   41.70%, 3   48.25%\n"}
,{"stream_name":"stdout","time":3625.637522988,"data":"\n"}
,{"stream_name":"stdout","time":3625.637525819,"data":"\n"}
,{"stream_name":"stdout","time":3625.661921508,"data":"[tar_adaptation_RES_PU.py --folder_root /kaggle/working/m2rep/reps1/sdalr_PU_final_checkpoint/DATA_foldA --seed 1 --class_num 3 --data_name PU_M1_L3 --output /kaggle/working/m2rep/reps1/weight_PU_M1_final_checkpoint_FBtoA_gatev2_s1 --s 1 --t 0 --lr 0.0005 --threshold 0.4 --K 0.6] 370s\n"}
,{"stream_name":"stdout","time":3625.699568207,"data":"读取源域路径：/kaggle/working/m2rep/reps1/weight_PU_M1_final_checkpoint_FBtoA_gatev2_s1/NEW_PU/Source-源域/log\u0026pt/(B2)N15_M07_F10\n"}
,{"stream_name":"stdout","time":3625.699590728,"data":"excel输出位置：/kaggle/working/m2rep/reps1/weight_PU_M1_final_checkpoint_FBtoA_gatev2_s1/NEW_PU/Target-目标域\n"}
,{"stream_name":"stdout","time":3625.699609056,"data":"特征图片输出位置：/kaggle/working/m2rep/reps1/weight_PU_M1_final_checkpoint_FBtoA_gatev2_s1/NEW_PU/Picture-特征图/2026年09月15日18时15分/(B2)N15_M07_F10\n"}
,{"stream_name":"stderr","time":3625.734619878,"data":"/usr/local/lib/python3.12/dist-packages/torch/nn/utils/weight_norm.py:144: FutureWarning: `torch.nn.utils.weight_norm` is deprecated in favor of `torch.nn.utils.parametrizations.weight_norm`.\n"}
,{"stream_name":"stderr","time":3625.73464144,"data":"  WeightNorm.apply(module, name, dim)\n"}
,{"stream_name":"stdout","time":3625.774394072,"data":"现在选取:(B2)N15_M07_F10 进行训练的源模型\n"}
,{"stream_name":"stdout","time":3625.774414982,"data":"现在进行：(B2)N15_M07_F10→(B3)N15_M07_F04 的迁移任务\n"}
,{"stream_name":"stdout","time":3625.774420508,"data":"log\u0026pt输出位置：/kaggle/working/m2rep/reps1/weight_PU_M1_final_checkpoint_FBtoA_gatev2_s1/NEW_PU/Target-目标域/log\u0026pt/(B2)N15_M07_F10→(B3)N15_M07_F04\n"}
,{"stream_name":"stderr","time":3625.77577261,"data":"sh: 1: Syntax error: word unexpected (expecting \")\")\n"}
,{"stream_name":"stdout","time":3636.924185664,"data":"任务: (B2)N15_M07_F10→(B3)N15_M07_F04; 批次:····0/·1880;  总正确率: 51.57%\n"}
,{"stream_name":"stdout","time":3636.924243506,"data":"类型1 正确率： 100.00% -\u003e 1  100.00%, 2    0.00%, 3    0.00%\n"}
,{"stream_name":"stdout","time":3636.924250587,"data":"类型2 正确率：  35.00% -\u003e 1   26.80%, 2   35.05%, 3   38.15%\n"}
,{"stream_name":"stdout","time":3636.924255919,"data":"类型3 正确率：  20.00% -\u003e 1    0.75%, 2   79.60%, 3   19.65%\n"}
,{"stream_name":"stdout","time":3636.924261744,"data":"\n"}
,{"stream_name":"stdout","time":3636.92426681,"data":"\n"}
,{"stream_name":"stdout","time":3636.924949254,"data":"样本变换：reverse\n"}
,{"stream_name":"stdout","time":3640.190247453,"data":"样本变换：mask\n"}
,{"stream_name":"stdout","time":3643.507269589,"data":"样本变换：shift\n"}
,{"stream_name":"stdout","time":3646.872287397,"data":"样本变换：none\n"}
,{"stream_name":"stderr","time":3652.53604958,"data":"/kaggle/working/m2rep/reps1/sdalr_PU_final_checkpoint/tools.py:413: RuntimeWarning: invalid value encountered in divide\n"}
,{"stream_name":"stderr","time":3652.536096542,"data":"  per_class_acc = conf_matrix.diagonal() / conf_matrix.sum(axis=1) * 100\n"}
,{"stream_name":"stdout","time":3652.536248847,"data":"未过滤\t未用伪标签：51.57% -\u003e 使用伪标签：54.30%\n"}
,{"stream_name":"stdout","time":3652.536263244,"data":"已过滤\t未用伪标签：51.58% -\u003e 使用伪标签：54.58%\n"}
,{"stream_name":"stdout","time":3652.536268146,"data":"排除样本：31|6000\t剩余：2626, 1938, 1405\n"}
,{"stream_name":"stdout","time":3652.536272973,"data":"增添样本：1881\t\t细则：0, 689, 1192\t正确率估算：83.15%\n"}
,{"stream_name":"stdout","time":3652.536277702,"data":"类型1 正确率： 100.00% -\u003e 1  100.00%, 2    0.00%, 3    0.00%\n"}
,{"stream_name":"stdout","time":3652.53629915,"data":"类型2 正确率：  30.00% -\u003e 1   31.79%, 2   30.37%, 3   37.84%\n"}
,{"stream_name":"stdout","time":3652.53630972,"data":"类型3 正确率：  33.00% -\u003e 1    0.00%, 2   67.00%, 3   33.00%\n"}
,{"stream_name":"stdout","time":3652.53631343,"data":"\n"}
,{"stream_name":"stdout","time":3652.536316428,"data":"被排除样本 正确率：48.39%\n"}
,{"stream_name":"stdout","time":3652.536319576,"data":"类型1 没有样本或未被分类。\n"}
,{"stream_name":"stdout","time":3652.536322714,"data":"类型2 正确率：  48.00% -\u003e 1   16.13%, 2   48.39%, 3   35.48%\n"}
,{"stream_name":"stdout","time":3652.536358281,"data":"类型3 没有样本或未被分类。\n"}
,{"stream_name":"stdout","time":3652.536363507,"data":"\n"}
,{"stream_name":"stdout","time":3652.536366899,"data":"\n"}
,{"stream_name":"stdout","time":3665.763947909,"data":"轮次:··1/·20 || c_Loss:0.496 || e_Loss:-1.053 || Aad_Loss:-28.414 || 耗时：34.89s\n"}
,{"stream_name":"stdout","time":3678.971296477,"data":"轮次:··2/·20 || c_Loss:0.379 || e_Loss:-1.329 || Aad_Loss:-30.011 || 耗时：13.21s\n"}
,{"stream_name":"stdout","time":3692.161755978,"data":"轮次:··3/·20 || c_Loss:0.358 || e_Loss:-0.946 || Aad_Loss:-29.188 || 耗时：13.19s\n"}
,{"stream_name":"stdout","time":3705.375220288,"data":"轮次:··4/·20 || c_Loss:0.365 || e_Loss:-1.451 || Aad_Loss:-28.895 || 耗时：13.21s\n"}
,{"stream_name":"stdout","time":3718.702503612,"data":"轮次:··5/·20 || c_Loss:0.361 || e_Loss:-0.908 || Aad_Loss:-29.517 || 耗时：13.33s\n"}
,{"stream_name":"stdout","time":3724.880780322,"data":"任务: (B2)N15_M07_F10→(B3)N15_M07_F04; mix批次:····0; 批次:··470/·1880;  总正确率: 55.00%\n"}
,{"stream_name":"stdout","time":3724.880814729,"data":"类型1 正确率： 100.00% -\u003e 1  100.00%, 2    0.00%, 3    0.00%\n"}
,{"stream_name":"stdout","time":3724.880821135,"data":"类型2 正确率：  32.00% -\u003e 1   34.00%, 2   32.00%, 3   34.00%\n"}
,{"stream_name":"stdout","time":3724.880826502,"data":"类型3 正确率：  33.00% -\u003e 1    0.00%, 2   67.00%, 3   33.00%\n"}
,{"stream_name":"stdout","time":3724.880832036,"data":"\n"}
,{"stream_name":"stdout","time":3724.880836866,"data":"\n"}
,{"stream_name":"stdout","time":3724.913777493,"data":"样本变换：reverse\n"}
,{"stream_name":"stdout","time":3728.186791273,"data":"样本变换：mask\n"}
,{"stream_name":"stdout","time":3731.486941548,"data":"样本变换：shift\n"}
,{"stream_name":"stdout","time":3734.771273609,"data":"样本变换：none\n"}
,{"stream_name":"stderr","time":3740.342807044,"data":"/kaggle/working/m2rep/reps1/sdalr_PU_final_checkpoint/tools.py:413: RuntimeWarning: invalid value encountered in divide\n"}
,{"stream_name":"stderr","time":3740.342859426,"data":"  per_class_acc = conf_matrix.diagonal() / conf_matrix.sum(axis=1) * 100\n"}
,{"stream_name":"stdout","time":3740.343044346,"data":"未过滤\t未用伪标签：55.00% -\u003e 使用伪标签：55.15%\n"}
,{"stream_name":"stdout","time":3740.343071466,"data":"已过滤\t未用伪标签：55.03% -\u003e 使用伪标签：55.18%\n"}
,{"stream_name":"stdout","time":3740.343079164,"data":"排除样本：3|6000\t剩余：2680, 1989, 1328\n"}
,{"stream_name":"stdout","time":3740.343084909,"data":"增添样本：2010\t\t细则：0, 691, 1319\t正确率估算：99.90%\n"}
,{"stream_name":"stdout","time":3740.343090675,"data":"类型1 正确率： 100.00% -\u003e 1  100.00%, 2    0.00%, 3    0.00%\n"}
,{"stream_name":"stdout","time":3740.343097086,"data":"类型2 正确率：  32.00% -\u003e 1   34.05%, 2   32.50%, 3   33.45%\n"}
,{"stream_name":"stdout","time":3740.343102577,"data":"类型3 正确率：  33.00% -\u003e 1    0.00%, 2   67.00%, 3   33.00%\n"}
,{"stream_name":"stdout","time":3740.343108126,"data":"\n"}
,{"stream_name":"stdout","time":3740.343113211,"data":"被排除样本 正确率：0.00%\n"}
,{"stream_name":"stdout","time":3740.343118459,"data":"类型1 正确率：   0.00% -\u003e 1    0.00%, 2  100.00%\n"}
,{"stream_name":"stdout","time":3740.34312468,"data":"类型2 没有样本或未被分类。\n"}
,{"stream_name":"stdout","time":3740.343130486,"data":"\n"}
,{"stream_name":"stdout","time":3740.343136019,"data":"\n"}
,{"stream_name":"stdout","time":3753.446783852,"data":"轮次:··6/·20 || c_Loss:0.348 || e_Loss:-1.186 || Aad_Loss:-30.163 || 耗时：34.74s\n"}
,{"stream_name":"stdout","time":3766.491367549,"data":"轮次:··7/·20 || c_Loss:0.342 || e_Loss:-0.964 || Aad_Loss:-30.459 || 耗时：13.04s\n"}
,{"stream_name":"stdout","time":3779.496754147,"data":"轮次:··8/·20 || c_Loss:0.360 || e_Loss:-0.881 || Aad_Loss:-31.566 || 耗时：13.01s\n"}
,{"stream_name":"stdout","time":3792.697006455,"data":"轮次:··9/·20 || c_Loss:0.340 || e_Loss:-0.961 || Aad_Loss:-30.900 || 耗时：13.20s\n"}
,{"stream_name":"stdout","time":3805.894282226,"data":"轮次:·10/·20 || c_Loss:0.342 || e_Loss:-0.937 || Aad_Loss:-31.110 || 耗时：13.20s\n"}
,{"stream_name":"stdout","time":3812.047887374,"data":"任务: (B2)N15_M07_F10→(B3)N15_M07_F04; mix批次:····0; 批次:··940/·1880;  总正确率: 55.12%\n"}
,{"stream_name":"stdout","time":3812.047936265,"data":"类型1 正确率： 100.00% -\u003e 1  100.00%, 2    0.00%, 3    0.00%\n"}
,{"stream_name":"stdout","time":3812.047942532,"data":"类型2 正确率：  32.00% -\u003e 1   34.00%, 2   32.35%, 3   33.65%\n"}
,{"stream_name":"stdout","time":3812.047946299,"data":"类型3 正确率：  33.00% -\u003e 1    0.00%, 2   67.00%, 3   33.00%\n"}
,{"stream_name":"stdout","time":3812.047949899,"data":"\n"}
,{"stream_name":"stdout","time":3812.047953206,"data":"\n"}
,{"stream_name":"stdout","time":3812.095192854,"data":"样本变换：reverse\n"}
,{"stream_name":"stdout","time":3815.408287322,"data":"样本变换：mask\n"}
,{"stream_name":"stdout","time":3818.720365974,"data":"样本变换：shift\n"}
,{"stream_name":"stdout","time":3822.05835916,"data":"样本变换：none\n"}
,{"stream_name":"stderr","time":3827.693261341,"data":"/kaggle/working/m2rep/reps1/sdalr_PU_final_checkpoint/tools.py:413: RuntimeWarning: invalid value encountered in divide\n"}
,{"stream_name":"stderr","time":3827.693311838,"data":"  per_class_acc = conf_matrix.diagonal() / conf_matrix.sum(axis=1) * 100\n"}
,{"stream_name":"stdout","time":3827.693470356,"data":"未过滤\t未用伪标签：55.12% -\u003e 使用伪标签：55.15%\n"}
,{"stream_name":"stdout","time":3827.693488209,"data":"已过滤\t未用伪标签：55.13% -\u003e 使用伪标签：55.16%\n"}
,{"stream_name":"stdout","time":3827.693493959,"data":"排除样本：1|6000\t剩余：2680, 1989, 1330\n"}
,{"stream_name":"stdout","time":3827.69349889,"data":"增添样本：2009\t\t细则：0, 691, 1318\t正确率估算：100.00%\n"}
,{"stream_name":"stdout","time":3827.693503957,"data":"类型1 正确率： 100.00% -\u003e 1  100.00%, 2    0.00%, 3    0.00%\n"}
,{"stream_name":"stdout","time":3827.693510694,"data":"类型2 正确率：  32.00% -\u003e 1   34.02%, 2   32.47%, 3   33.52%\n"}
,{"stream_name":"stdout","time":3827.693516153,"data":"类型3 正确率：  33.00% -\u003e 1    0.00%, 2   67.00%, 3   33.00%\n"}
,{"stream_name":"stdout","time":3827.69352135,"data":"\n"}
,{"stream_name":"stdout","time":3827.693526438,"data":"被排除样本 正确率：0.00%\n"}
,{"stream_name":"stdout","time":3827.693531236,"data":"类型1 正确率：   0.00% -\u003e 1    0.00%, 2  100.00%\n"}
,{"stream_name":"stdout","time":3827.693536038,"data":"类型2 没有样本或未被分类。\n"}
,{"stream_name":"stdout","time":3827.693540812,"data":"\n"}
,{"stream_name":"stdout","time":3827.693545242,"data":"\n"}
,{"stream_name":"stdout","time":3840.901018463,"data":"轮次:·11/·20 || c_Loss:0.341 || e_Loss:-0.915 || Aad_Loss:-31.395 || 耗时：35.01s\n"}
,{"stream_name":"stdout","time":3854.123554609,"data":"轮次:·12/·20 || c_Loss:0.355 || e_Loss:-0.873 || Aad_Loss:-31.455 || 耗时：13.22s\n"}
,{"stream_name":"stdout","time":3867.33856075,"data":"轮次:·13/·20 || c_Loss:0.344 || e_Loss:-1.187 || Aad_Loss:-30.238 || 耗时：13.21s\n"}
,{"stream_name":"stdout","time":3880.623021599,"data":"轮次:·14/·20 || c_Loss:0.336 || e_Loss:-1.138 || Aad_Loss:-31.075 || 耗时：13.28s\n"}
,{"stream_name":"stdout","time":3893.705076553,"data":"轮次:·15/·20 || c_Loss:0.341 || e_Loss:-1.693 || Aad_Loss:-31.139 || 耗时：13.08s\n"}
,{"stream_name":"stdout","time":3899.859022339,"data":"任务: (B2)N15_M07_F10→(B3)N15_M07_F04; mix批次:····0; 批次:·1410/·1880;  总正确率: 55.12%\n"}
,{"stream_name":"stdout","time":3899.859075384,"data":"类型1 正确率： 100.00% -\u003e 1  100.00%, 2    0.00%, 3    0.00%\n"}
,{"stream_name":"stdout","time":3899.859081598,"data":"类型2 正确率：  32.00% -\u003e 1   34.00%, 2   32.35%, 3   33.65%\n"}
,{"stream_name":"stdout","time":3899.859086036,"data":"类型3 正确率：  33.00% -\u003e 1    0.00%, 2   67.00%, 3   33.00%\n"}
,{"stream_name":"stdout","time":3899.859089936,"data":"\n"}
,{"stream_name":"stdout","time":3899.859093522,"data":"\n"}
,{"stream_name":"stdout","time":3899.90915876,"data":"样本变换：reverse\n"}
,{"stream_name":"stdout","time":3903.254352861,"data":"样本变换：mask\n"}
,{"stream_name":"stdout","time":3906.624286095,"data":"样本变换：shift\n"}
,{"stream_name":"stdout","time":3909.961226378,"data":"样本变换：none\n"}
,{"stream_name":"stderr","time":3915.765211073,"data":"/kaggle/working/m2rep/reps1/sdalr_PU_final_checkpoint/tools.py:413: RuntimeWarning: invalid value encountered in divide\n"}
,{"stream_name":"stderr","time":3915.765248603,"data":"  per_class_acc = conf_matrix.diagonal() / conf_matrix.sum(axis=1) * 100\n"}
,{"stream_name":"stdout","time":3915.765367847,"data":"未过滤\t未用伪标签：55.12% -\u003e 使用伪标签：55.13%\n"}
,{"stream_name":"stdout","time":3915.765384,"data":"已过滤\t未用伪标签：55.12% -\u003e 使用伪标签：55.15%\n"}
,{"stream_name":"stdout","time":3915.765390146,"data":"排除样本：2|6000\t剩余：2680, 1988, 1330\n"}
,{"stream_name":"stdout","time":3915.765395762,"data":"增添样本：2010\t\t细则：0, 692, 1318\t正确率估算：99.95%\n"}
,{"stream_name":"stdout","time":3915.765401442,"data":"类型1 正确率： 100.00% -\u003e 1  100.00%, 2    0.00%, 3    0.00%\n"}
,{"stream_name":"stdout","time":3915.765406512,"data":"类型2 正确率：  32.00% -\u003e 1   34.03%, 2   32.43%, 3   33.53%\n"}
,{"stream_name":"stdout","time":3915.765411423,"data":"类型3 正确率：  33.00% -\u003e 1    0.00%, 2   67.00%, 3   33.00%\n"}
,{"stream_name":"stdout","time":3915.765416632,"data":"\n"}
,{"stream_name":"stdout","time":3915.765421685,"data":"被排除样本 正确率：50.00%\n"}
,{"stream_name":"stdout","time":3915.76542692,"data":"类型1 正确率：  50.00% -\u003e 1   50.00%, 2   50.00%\n"}
,{"stream_name":"stdout","time":3915.765432055,"data":"类型2 没有样本或未被分类。\n"}
,{"stream_name":"stdout","time":3915.765437386,"data":"\n"}
,{"stream_name":"stdout","time":3915.765442085,"data":"\n"}
,{"stream_name":"stdout","time":3929.000714621,"data":"轮次:·16/·20 || c_Loss:0.341 || e_Loss:-1.203 || Aad_Loss:-30.863 || 耗时：35.30s\n"}
,{"stream_name":"stdout","time":3942.212958976,"data":"轮次:·17/·20 || c_Loss:0.334 || e_Loss:-0.972 || Aad_Loss:-31.723 || 耗时：13.21s\n"}
,{"stream_name":"stdout","time":3955.420111786,"data":"轮次:·18/·20 || c_Loss:0.353 || e_Loss:-0.879 || Aad_Loss:-32.119 || 耗时：13.21s\n"}
,{"stream_name":"stdout","time":3968.747551832,"data":"轮次:·19/·20 || c_Loss:0.339 || e_Loss:-0.956 || Aad_Loss:-31.266 || 耗时：13.33s\n"}
,{"stream_name":"stdout","time":3981.899048131,"data":"轮次:·20/·20 || c_Loss:0.343 || e_Loss:-0.934 || Aad_Loss:-31.377 || 耗时：13.15s\n"}
,{"stream_name":"stdout","time":3988.018012392,"data":"任务: (B2)N15_M07_F10→(B3)N15_M07_F04; mix批次:····0; 批次:·1880/·1880;  总正确率: 55.15%\n"}
,{"stream_name":"stdout","time":3988.018069142,"data":"类型1 正确率： 100.00% -\u003e 1  100.00%, 2    0.00%, 3    0.00%\n"}
,{"stream_name":"stdout","time":3988.018078877,"data":"类型2 正确率：  32.00% -\u003e 1   34.00%, 2   32.45%, 3   33.55%\n"}
,{"stream_name":"stdout","time":3988.018084738,"data":"类型3 正确率：  33.00% -\u003e 1    0.00%, 2   67.00%, 3   33.00%\n"}
,{"stream_name":"stdout","time":3988.01809047,"data":"\n"}
,{"stream_name":"stdout","time":3988.01809495,"data":"\n"}
,{"stream_name":"stdout","time":3994.113324525,"data":"测试集任务: (B2)N15_M07_F10→(B3)N15_M07_F04; 总正确率 = 55.15%\n"}
,{"stream_name":"stdout","time":3994.113372483,"data":"类型1 正确率： 100.00% -\u003e 1  100.00%, 2    0.00%, 3    0.00%\n"}
,{"stream_name":"stdout","time":3994.11337962,"data":"类型2 正确率：  32.00% -\u003e 1   34.00%, 2   32.45%, 3   33.55%\n"}
,{"stream_name":"stdout","time":3994.113384805,"data":"类型3 正确率：  33.00% -\u003e 1    0.00%, 2   67.00%, 3   33.00%\n"}
,{"stream_name":"stdout","time":3994.113390441,"data":"\n"}
,{"stream_name":"stdout","time":3994.113395284,"data":"\n"}
,{"stream_name":"stdout","time":3994.13979313,"data":"[tar_adaptation_RES_PU.py --folder_root /kaggle/working/m2rep/reps1/sdalr_PU_final_checkpoint/DATA_foldA --seed 1 --class_num 3 --data_name PU_M1_L3 --output /kaggle/working/m2rep/reps1/weight_PU_M1_final_checkpoint_FBtoA_gatev2_s1 --s 1 --t 2 --lr 0.0005 --threshold 0.4 --K 0.6] 368s\n"}
,{"stream_name":"stdout","time":3994.176669519,"data":"读取源域路径：/kaggle/working/m2rep/reps1/weight_PU_M1_final_checkpoint_FBtoA_gatev2_s1/NEW_PU/Source-源域/log\u0026pt/(B3)N15_M07_F04\n"}
,{"stream_name":"stdout","time":3994.176695507,"data":"excel输出位置：/kaggle/working/m2rep/reps1/weight_PU_M1_final_checkpoint_FBtoA_gatev2_s1/NEW_PU/Target-目标域\n"}
,{"stream_name":"stdout","time":3994.176736958,"data":"特征图片输出位置：/kaggle/working/m2rep/reps1/weight_PU_M1_final_checkpoint_FBtoA_gatev2_s1/NEW_PU/Picture-特征图/2026年09月15日18时21分/(B3)N15_M07_F04\n"}
,{"stream_name":"stderr","time":3994.210835078,"data":"/usr/local/lib/python3.12/dist-packages/torch/nn/utils/weight_norm.py:144: FutureWarning: `torch.nn.utils.weight_norm` is deprecated in favor of `torch.nn.utils.parametrizations.weight_norm`.\n"}
,{"stream_name":"stderr","time":3994.210866773,"data":"  WeightNorm.apply(module, name, dim)\n"}
,{"stream_name":"stdout","time":3994.252530523,"data":"现在选取:(B3)N15_M07_F04 进行训练的源模型\n"}
,{"stream_name":"stdout","time":3994.252562915,"data":"现在进行：(B3)N15_M07_F04→(B1)N15_M01_F10 的迁移任务\n"}
,{"stream_name":"stdout","time":3994.252569309,"data":"log\u0026pt输出位置：/kaggle/working/m2rep/reps1/weight_PU_M1_final_checkpoint_FBtoA_gatev2_s1/NEW_PU/Target-目标域/log\u0026pt/(B3)N15_M07_F04→(B1)N15_M01_F10\n"}
,{"stream_name":"stderr","time":3994.25398843,"data":"sh: 1: Syntax error: word unexpected (expecting \")\")\n"}
,{"stream_name":"stdout","time":4005.457480169,"data":"任务: (B3)N15_M07_F04→(B1)N15_M01_F10; 批次:····0/·1880;  总正确率: 55.17%\n"}
,{"stream_name":"stdout","time":4005.45753569,"data":"类型1 正确率： 100.00% -\u003e 1   99.50%, 2    0.00%, 3    0.50%\n"}
,{"stream_name":"stdout","time":4005.457543868,"data":"类型2 正确率：  33.00% -\u003e 1    6.85%, 2   33.00%, 3   60.15%\n"}
,{"stream_name":"stdout","time":4005.457549516,"data":"类型3 正确率：  33.00% -\u003e 1    0.00%, 2   67.00%, 3   33.00%\n"}
,{"stream_name":"stdout","time":4005.457572738,"data":"\n"}
,{"stream_name":"stdout","time":4005.457576543,"data":"\n"}
,{"stream_name":"stdout","time":4005.458113126,"data":"样本变换：reverse\n"}
,{"stream_name":"stdout","time":4008.727360017,"data":"样本变换：mask\n"}
,{"stream_name":"stdout","time":4012.039965528,"data":"样本变换：shift\n"}
,{"stream_name":"stdout","time":4015.352004272,"data":"样本变换：none\n"}
,{"stream_name":"stderr","time":4020.632749789,"data":"/kaggle/working/m2rep/reps1/sdalr_PU_final_checkpoint/tools.py:413: RuntimeWarning: invalid value encountered in divide\n"}
,{"stream_name":"stderr","time":4020.63281761,"data":"  per_class_acc = conf_matrix.diagonal() / conf_matrix.sum(axis=1) * 100\n"}
,{"stream_name":"stdout","time":4020.63298826,"data":"未过滤\t未用伪标签：55.17% -\u003e 使用伪标签：55.22%\n"}
,{"stream_name":"stdout","time":4020.633001828,"data":"已过滤\t未用伪标签：55.63% -\u003e 使用伪标签：55.73%\n"}
,{"stream_name":"stdout","time":4020.633007478,"data":"排除样本：55|6000\t剩余：2174, 1996, 1775\n"}
,{"stream_name":"stdout","time":4020.633012868,"data":"增添样本：1853\t\t细则：0, 1451, 402\t正确率估算：100.00%\n"}
,{"stream_name":"stdout","time":4020.633018335,"data":"类型1 正确率： 100.00% -\u003e 1  100.00%, 2    0.00%, 3    0.00%\n"}
,{"stream_name":"stdout","time":4020.63302352,"data":"类型2 正确率：  34.00% -\u003e 1    9.09%, 2   33.68%, 3   57.24%\n"}
,{"stream_name":"stdout","time":4020.633028091,"data":"类型3 正确率：  33.00% -\u003e 1    0.00%, 2   67.00%, 3   33.00%\n"}
,{"stream_name":"stdout","time":4020.63303249,"data":"\n"}
,{"stream_name":"stdout","time":4020.633036631,"data":"被排除样本 正确率：5.45%\n"}
,{"stream_name":"stdout","time":4020.633040964,"data":"类型1 正确率：   0.00% -\u003e 1    0.00%, 2    0.00%, 3  100.00%\n"}
,{"stream_name":"stdout","time":4020.63304547,"data":"类型2 正确率：   6.00% -\u003e 1   11.54%, 2    5.77%, 3   82.69%\n"}
,{"stream_name":"stdout","time":4020.633049895,"data":"类型3 没有样本或未被分类。\n"}
,{"stream_name":"stdout","time":4020.633054261,"data":"\n"}
,{"stream_name":"stdout","time":4020.633058288,"data":"\n"}
,{"stream_name":"stdout","time":4033.860794156,"data":"轮次:··1/·20 || c_Loss:0.555 || e_Loss:-1.239 || Aad_Loss:-20.789 || 耗时：34.39s\n"}
,{"stream_name":"stdout","time":4047.113179223,"data":"轮次:··2/·20 || c_Loss:0.348 || e_Loss:-1.708 || Aad_Loss:-24.114 || 耗时：13.25s\n"}
,{"stream_name":"stdout","time":4060.3743844,"data":"轮次:··3/·20 || c_Loss:0.401 || e_Loss:-1.719 || Aad_Loss:-21.816 || 耗时：13.26s\n"}
,{"stream_name":"stdout","time":4073.43797477,"data":"轮次:··4/·20 || c_Loss:0.372 || e_Loss:-1.760 || Aad_Loss:-24.230 || 耗时：13.06s\n"}
,{"stream_name":"stdout","time":4086.479556403,"data":"轮次:··5/·20 || c_Loss:0.409 || e_Loss:-1.770 || Aad_Loss:-25.773 || 耗时：13.04s\n"}
,{"stream_name":"stdout","time":4092.604005356,"data":"任务: (B3)N15_M07_F04→(B1)N15_M01_F10; mix批次:····0; 批次:··470/·1880;  总正确率: 59.57%\n"}
,{"stream_name":"stdout","time":4092.60404648,"data":"类型1 正确率： 100.00% -\u003e 1  100.00%, 2    0.00%, 3    0.00%\n"}
,{"stream_name":"stdout","time":4092.604055389,"data":"类型2 正确率：  33.00% -\u003e 1    0.90%, 2   32.85%, 3   66.25%\n"}
,{"stream_name":"stdout","time":4092.604058766,"data":"类型3 正确率：  46.00% -\u003e 1    6.40%, 2   47.75%, 3   45.85%\n"}
,{"stream_name":"stdout","time":4092.604061978,"data":"\n"}
,{"stream_name":"stdout","time":4092.604064962,"data":"\n"}
,{"stream_name":"stdout","time":4092.635583904,"data":"样本变换：reverse\n"}
,{"stream_name":"stdout","time":4095.947284031,"data":"样本变换：mask\n"}
,{"stream_name":"stdout","time":4099.280507248,"data":"样本变换：shift\n"}
,{"stream_name":"stdout","time":4102.593309502,"data":"样本变换：none\n"}
,{"stream_name":"stderr","time":4107.594069202,"data":"/kaggle/working/m2rep/reps1/sdalr_PU_final_checkpoint/tools.py:413: RuntimeWarning: invalid value encountered in divide\n"}
,{"stream_name":"stderr","time":4107.594106749,"data":"  per_class_acc = conf_matrix.diagonal() / conf_matrix.sum(axis=1) * 100\n"}
,{"stream_name":"stdout","time":4107.594240422,"data":"未过滤\t未用伪标签：59.57% -\u003e 使用伪标签：55.33%\n"}
,{"stream_name":"stdout","time":4107.594255205,"data":"已过滤\t未用伪标签：59.76% -\u003e 使用伪标签：55.51%\n"}
,{"stream_name":"stdout","time":4107.594260195,"data":"排除样本：19|6000\t剩余：2046, 2000, 1935\n"}
,{"stream_name":"stdout","time":4107.59426491,"data":"增添样本：1430\t\t细则：0, 1319, 111\t正确率估算：97.97%\n"}
,{"stream_name":"stdout","time":4107.594269764,"data":"类型1 正确率： 100.00% -\u003e 1  100.00%, 2    0.00%, 3    0.00%\n"}
,{"stream_name":"stdout","time":4107.594279586,"data":"类型2 正确率：  33.00% -\u003e 1    2.32%, 2   33.32%, 3   64.36%\n"}
,{"stream_name":"stdout","time":4107.594282842,"data":"类型3 正确率：  33.00% -\u003e 1    0.00%, 2   67.00%, 3   33.00%\n"}
,{"stream_name":"stdout","time":4107.594286105,"data":"\n"}
,{"stream_name":"stdout","time":4107.594288855,"data":"被排除样本 正确率：0.00%\n"}
,{"stream_name":"stdout","time":4107.594291817,"data":"类型1 正确率：   0.00% -\u003e 1    0.00%, 2  100.00%\n"}
,{"stream_name":"stdout","time":4107.594294965,"data":"类型2 没有样本或未被分类。\n"}
,{"stream_name":"stdout","time":4107.594298142,"data":"\n"}
,{"stream_name":"stdout","time":4107.594300957,"data":"\n"}
,{"stream_name":"stdout","time":4120.794698063,"data":"轮次:··6/·20 || c_Loss:0.340 || e_Loss:-1.711 || Aad_Loss:-24.380 || 耗时：34.31s\n"}
,{"stream_name":"stdout","time":4134.116973221,"data":"轮次:··7/·20 || c_Loss:0.417 || e_Loss:-1.782 || Aad_Loss:-25.791 || 耗时：13.32s\n"}
,{"stream_name":"stdout","time":4147.423727544,"data":"轮次:··8/·20 || c_Loss:0.412 || e_Loss:-1.791 || Aad_Loss:-23.945 || 耗时：13.31s\n"}
,{"stream_name":"stdout","time":4160.734790901,"data":"轮次:··9/·20 || c_Loss:0.337 || e_Loss:-1.630 || Aad_Loss:-25.796 || 耗时：13.31s\n"}
,{"stream_name":"stdout","time":4174.045217343,"data":"轮次:·10/·20 || c_Loss:0.449 || e_Loss:-1.803 || Aad_Loss:-21.753 || 耗时：13.31s\n"}
,{"stream_name":"stdout","time":4180.203987005,"data":"任务: (B3)N15_M07_F04→(B1)N15_M01_F10; mix批次:····0; 批次:··940/·1880;  总正确率: 61.53%\n"}
,{"stream_name":"stdout","time":4180.204022065,"data":"类型1 正确率： 100.00% -\u003e 1  100.00%, 2    0.00%, 3    0.00%\n"}
,{"stream_name":"stdout","time":4180.204029052,"data":"类型2 正确率：  33.00% -\u003e 1    0.05%, 2   32.80%, 3   67.15%\n"}
,{"stream_name":"stdout","time":4180.204034558,"data":"类型3 正确率：  52.00% -\u003e 1    5.70%, 2   42.50%, 3   51.80%\n"}
,{"stream_name":"stdout","time":4180.204039951,"data":"\n"}
,{"stream_name":"stdout","time":4180.204830286,"data":"\n"}
,{"stream_name":"stdout","time":4180.249541572,"data":"样本变换：reverse\n"}
,{"stream_name":"stdout","time":4183.551797724,"data":"样本变换：mask\n"}
,{"stream_name":"stdout","time":4186.890451059,"data":"样本变换：shift\n"}
,{"stream_name":"stdout","time":4190.179308753,"data":"样本变换：none\n"}
,{"stream_name":"stdout","time":4195.177516637,"data":"未过滤\t未用伪标签：61.53% -\u003e 使用伪标签：55.35%\n"}
,{"stream_name":"stdout","time":4195.177557279,"data":"已过滤\t未用伪标签：61.58% -\u003e 使用伪标签：55.43%\n"}
,{"stream_name":"stdout","time":4195.177564878,"data":"排除样本：9|6000\t剩余：2002, 1995, 1994\n"}
,{"stream_name":"stdout","time":4195.17757022,"data":"增添样本：1284\t\t细则：0, 1276, 8\t正确率估算：96.19%\n"}
,{"stream_name":"stdout","time":4195.177575379,"data":"类型1 正确率： 100.00% -\u003e 1  100.00%, 2    0.00%, 3    0.00%\n"}
,{"stream_name":"stdout","time":4195.177580268,"data":"类型2 正确率：  33.00% -\u003e 1    0.10%, 2   33.07%, 3   66.83%\n"}
,{"stream_name":"stdout","time":4195.177585081,"data":"类型3 正确率：  33.00% -\u003e 1    0.00%, 2   66.87%, 3   33.13%\n"}
,{"stream_name":"stdout","time":4195.177591703,"data":"\n"}
,{"stream_name":"stdout","time":4195.177599378,"data":"被排除样本 正确率：33.33%\n"}
,{"stream_name":"stdout","time":4195.177602554,"data":"类型1 正确率：  14.00% -\u003e 1   14.29%, 2   85.71%\n"}
,{"stream_name":"stdout","time":4195.177605671,"data":"类型2 正确率： 100.00% -\u003e 1    0.00%, 2  100.00%\n"}
,{"stream_name":"stdout","time":4195.177608838,"data":"\n"}
,{"stream_name":"stdout","time":4195.177611759,"data":"\n"}
,{"stream_name":"stdout","time":4208.207258439,"data":"轮次:·11/·20 || c_Loss:0.347 || e_Loss:-1.799 || Aad_Loss:-26.997 || 耗时：34.16s\n"}
,{"stream_name":"stdout","time":4221.355484444,"data":"轮次:·12/·20 || c_Loss:0.363 || e_Loss:-1.901 || Aad_Loss:-25.908 || 耗时：13.15s\n"}
,{"stream_name":"stdout","time":4234.581336284,"data":"轮次:·13/·20 || c_Loss:0.381 || e_Loss:-1.843 || Aad_Loss:-25.481 || 耗时：13.23s\n"}
,{"stream_name":"stdout","time":4247.808718095,"data":"轮次:·14/·20 || c_Loss:0.416 || e_Loss:-1.823 || Aad_Loss:-22.598 || 耗时：13.23s\n"}
,{"stream_name":"stdout","time":4261.051770851,"data":"轮次:·15/·20 || c_Loss:0.387 || e_Loss:-1.823 || Aad_Loss:-23.393 || 耗时：13.24s\n"}
,{"stream_name":"stdout","time":4267.240169647,"data":"任务: (B3)N15_M07_F04→(B1)N15_M01_F10; mix批次:····0; 批次:·1410/·1880;  总正确率: 63.18%\n"}
,{"stream_name":"stdout","time":4267.240224155,"data":"类型1 正确率： 100.00% -\u003e 1  100.00%, 2    0.00%, 3    0.00%\n"}
,{"stream_name":"stdout","time":4267.240231176,"data":"类型2 正确率：  33.00% -\u003e 1    0.00%, 2   32.85%, 3   67.15%\n"}
,{"stream_name":"stdout","time":4267.240237178,"data":"类型3 正确率：  57.00% -\u003e 1    5.35%, 2   37.95%, 3   56.70%\n"}
,{"stream_name":"stdout","time":4267.240244327,"data":"\n"}
,{"stream_name":"stdout","time":4267.240249718,"data":"\n"}
,{"stream_name":"stdout","time":4267.284548153,"data":"样本变换：reverse\n"}
,{"stream_name":"stdout","time":4270.606290074,"data":"样本变换：mask\n"}
,{"stream_name":"stdout","time":4273.97229535,"data":"样本变换：shift\n"}
,{"stream_name":"stdout","time":4277.304293662,"data":"样本变换：none\n"}
,{"stream_name":"stdout","time":4282.392225088,"data":"未过滤\t未用伪标签：63.18% -\u003e 使用伪标签：55.37%\n"}
,{"stream_name":"stdout","time":4282.392284826,"data":"已过滤\t未用伪标签：63.15% -\u003e 使用伪标签：55.41%\n"}
,{"stream_name":"stdout","time":4282.392293731,"data":"排除样本：5|6000\t剩余：2001, 1992, 2002\n"}
,{"stream_name":"stdout","time":4282.392299549,"data":"增添样本：1277\t\t细则：1, 1276, 0\t正确率估算：96.01%\n"}
,{"stream_name":"stdout","time":4282.392328585,"data":"类型1 正确率： 100.00% -\u003e 1  100.00%, 2    0.00%, 3    0.00%\n"}
,{"stream_name":"stdout","time":4282.392332399,"data":"类型2 正确率：  33.00% -\u003e 1    0.05%, 2   32.97%, 3   66.98%\n"}
,{"stream_name":"stdout","time":4282.392335218,"data":"类型3 正确率：  33.00% -\u003e 1    0.00%, 2   66.78%, 3   33.22%\n"}
,{"stream_name":"stdout","time":4282.392337737,"data":"\n"}
,{"stream_name":"stdout","time":4282.392340107,"data":"被排除样本 正确率：100.00%\n"}
,{"stream_name":"stdout","time":4282.392342467,"data":"类型1 正确率： 100.00% -\u003e 1  100.00%, 2    0.00%\n"}
,{"stream_name":"stdout","time":4282.392345161,"data":"类型2 正确率： 100.00% -\u003e 1    0.00%, 2  100.00%\n"}
,{"stream_name":"stdout","time":4282.392347561,"data":"\n"}
,{"stream_name":"stdout","time":4282.392349851,"data":"\n"}
,{"stream_name":"stdout","time":4295.560808322,"data":"轮次:·16/·20 || c_Loss:0.343 || e_Loss:-1.851 || Aad_Loss:-26.775 || 耗时：34.51s\n"}
,{"stream_name":"stdout","time":4308.775240025,"data":"轮次:·17/·20 || c_Loss:0.364 || e_Loss:-1.817 || Aad_Loss:-21.618 || 耗时：13.21s\n"}
,{"stream_name":"stdout","time":4321.994057203,"data":"轮次:·18/·20 || c_Loss:0.353 || e_Loss:-1.664 || Aad_Loss:-26.535 || 耗时：13.22s\n"}
,{"stream_name":"stdout","time":4335.2181182,"data":"轮次:·19/·20 || c_Loss:0.344 || e_Loss:-1.739 || Aad_Loss:-27.224 || 耗时：13.22s\n"}
,{"stream_name":"stdout","time":4348.387380735,"data":"轮次:·20/·20 || c_Loss:0.353 || e_Loss:-1.808 || Aad_Loss:-24.868 || 耗时：13.17s\n"}
,{"stream_name":"stdout","time":4354.536763466,"data":"任务: (B3)N15_M07_F04→(B1)N15_M01_F10; mix批次:····0; 批次:·1880/·1880;  总正确率: 63.32%\n"}
,{"stream_name":"stdout","time":4354.536826122,"data":"类型1 正确率： 100.00% -\u003e 1  100.00%, 2    0.00%, 3    0.00%\n"}
,{"stream_name":"stdout","time":4354.536834324,"data":"类型2 正确率：  33.00% -\u003e 1    0.00%, 2   32.90%, 3   67.10%\n"}
,{"stream_name":"stdout","time":4354.536839406,"data":"类型3 正确率：  57.00% -\u003e 1    5.35%, 2   37.60%, 3   57.05%\n"}
,{"stream_name":"stdout","time":4354.536844039,"data":"\n"}
,{"stream_name":"stdout","time":4354.536848303,"data":"\n"}
,{"stream_name":"stdout","time":4360.67100114,"data":"测试集任务: (B3)N15_M07_F04→(B1)N15_M01_F10; 总正确率 = 63.32%\n"}
,{"stream_name":"stdout","time":4360.671046647,"data":"类型1 正确率： 100.00% -\u003e 1  100.00%, 2    0.00%, 3    0.00%\n"}
,{"stream_name":"stdout","time":4360.671051827,"data":"类型2 正确率：  33.00% -\u003e 1    0.00%, 2   32.90%, 3   67.10%\n"}
,{"stream_name":"stdout","time":4360.671055105,"data":"类型3 正确率：  57.00% -\u003e 1    5.35%, 2   37.60%, 3   57.05%\n"}
,{"stream_name":"stdout","time":4360.671058292,"data":"\n"}
,{"stream_name":"stdout","time":4360.671061248,"data":"\n"}
,{"stream_name":"stdout","time":4360.695466306,"data":"[tar_adaptation_RES_PU.py --folder_root /kaggle/working/m2rep/reps1/sdalr_PU_final_checkpoint/DATA_foldA --seed 1 --class_num 3 --data_name PU_M1_L3 --output /kaggle/working/m2rep/reps1/weight_PU_M1_final_checkpoint_FBtoA_gatev2_s1 --s 2 --t 0 --lr 0.0005 --threshold 0.4 --K 0.6] 367s\n"}
,{"stream_name":"stdout","time":4360.735753418,"data":"读取源域路径：/kaggle/working/m2rep/reps1/weight_PU_M1_final_checkpoint_FBtoA_gatev2_s1/NEW_PU/Source-源域/log\u0026pt/(B3)N15_M07_F04\n"}
,{"stream_name":"stdout","time":4360.735787932,"data":"excel输出位置：/kaggle/working/m2rep/reps1/weight_PU_M1_final_checkpoint_FBtoA_gatev2_s1/NEW_PU/Target-目标域\n"}
,{"stream_name":"stdout","time":4360.735798684,"data":"特征图片输出位置：/kaggle/working/m2rep/reps1/weight_PU_M1_final_checkpoint_FBtoA_gatev2_s1/NEW_PU/Picture-特征图/2026年09月15日18时27分/(B3)N15_M07_F04\n"}
,{"stream_name":"stderr","time":4360.775412156,"data":"/usr/local/lib/python3.12/dist-packages/torch/nn/utils/weight_norm.py:144: FutureWarning: `torch.nn.utils.weight_norm` is deprecated in favor of `torch.nn.utils.parametrizations.weight_norm`.\n"}
,{"stream_name":"stderr","time":4360.775455415,"data":"  WeightNorm.apply(module, name, dim)\n"}
,{"stream_name":"stdout","time":4360.813773905,"data":"现在选取:(B3)N15_M07_F04 进行训练的源模型\n"}
,{"stream_name":"stdout","time":4360.813807055,"data":"现在进行：(B3)N15_M07_F04→(B2)N15_M07_F10 的迁移任务\n"}
,{"stream_name":"stdout","time":4360.813813699,"data":"log\u0026pt输出位置：/kaggle/working/m2rep/reps1/weight_PU_M1_final_checkpoint_FBtoA_gatev2_s1/NEW_PU/Target-目标域/log\u0026pt/(B3)N15_M07_F04→(B2)N15_M07_F10\n"}
,{"stream_name":"stderr","time":4360.815234097,"data":"sh: 1: Syntax error: word unexpected (expecting \")\")\n"}
,{"stream_name":"stdout","time":4371.969565215,"data":"任务: (B3)N15_M07_F04→(B2)N15_M07_F10; 批次:····0/·1880;  总正确率: 55.42%\n"}
,{"stream_name":"stdout","time":4371.969605966,"data":"类型1 正确率： 100.00% -\u003e 1   99.95%, 2    0.00%, 3    0.05%\n"}
,{"stream_name":"stdout","time":4371.969612737,"data":"类型2 正确率：  33.00% -\u003e 1    8.65%, 2   33.30%, 3   58.05%\n"}
,{"stream_name":"stdout","time":4371.969617942,"data":"类型3 正确率：  33.00% -\u003e 1    0.00%, 2   67.00%, 3   33.00%\n"}
,{"stream_name":"stdout","time":4371.969623051,"data":"\n"}
,{"stream_name":"stdout","time":4371.96962788,"data":"\n"}
,{"stream_name":"stdout","time":4371.970273515,"data":"样本变换：reverse\n"}
,{"stream_name":"stdout","time":4375.27828353,"data":"样本变换：mask\n"}
,{"stream_name":"stdout","time":4378.611279495,"data":"样本变换：shift\n"}
,{"stream_name":"stdout","time":4381.982299478,"data":"样本变换：none\n"}
,{"stream_name":"stderr","time":4387.44629355,"data":"/kaggle/working/m2rep/reps1/sdalr_PU_final_checkpoint/tools.py:413: RuntimeWarning: invalid value encountered in divide\n"}
,{"stream_name":"stderr","time":4387.446330983,"data":"  per_class_acc = conf_matrix.diagonal() / conf_matrix.sum(axis=1) * 100\n"}
,{"stream_name":"stdout","time":4387.446379786,"data":"未过滤\t未用伪标签：55.42% -\u003e 使用伪标签：55.33%\n"}
,{"stream_name":"stdout","time":4387.446413461,"data":"已过滤\t未用伪标签：55.88% -\u003e 使用伪标签：55.85%\n"}
,{"stream_name":"stdout","time":4387.446417902,"data":"排除样本：55|6000\t剩余：2213, 2000, 1732\n"}
,{"stream_name":"stdout","time":4387.446421319,"data":"增添样本：1479\t\t细则：0, 972, 507\t正确率估算：99.93%\n"}
,{"stream_name":"stdout","time":4387.446424716,"data":"类型1 正确率： 100.00% -\u003e 1  100.00%, 2    0.00%, 3    0.00%\n"}
,{"stream_name":"stdout","time":4387.446428102,"data":"类型2 正确率：  34.00% -\u003e 1   10.95%, 2   33.93%, 3   55.12%\n"}
,{"stream_name":"stdout","time":4387.446431894,"data":"类型3 正确率：  33.00% -\u003e 1    0.00%, 2   67.00%, 3   33.00%\n"}
,{"stream_name":"stdout","time":4387.446450493,"data":"\n"}
,{"stream_name":"stdout","time":4387.446455419,"data":"被排除样本 正确率：5.45%\n"}
,{"stream_name":"stdout","time":4387.446460287,"data":"类型1 没有样本或未被分类。\n"}
,{"stream_name":"stdout","time":4387.446465351,"data":"类型2 正确率：   5.00% -\u003e 1   10.91%, 2    5.45%, 3   83.64%\n"}
,{"stream_name":"stdout","time":4387.446470152,"data":"类型3 没有样本或未被分类。\n"}
,{"stream_name":"stdout","time":4387.446496971,"data":"\n"}
,{"stream_name":"stdout","time":4387.446499866,"data":"\n"}
,{"stream_name":"stdout","time":4400.682442895,"data":"轮次:··1/·20 || c_Loss:0.547 || e_Loss:-1.240 || Aad_Loss:-22.420 || 耗时：34.73s\n"}
,{"stream_name":"stdout","time":4414.000062917,"data":"轮次:··2/·20 || c_Loss:0.374 || e_Loss:-1.731 || Aad_Loss:-23.179 || 耗时：13.32s\n"}
,{"stream_name":"stdout","time":4427.312222375,"data":"轮次:··3/·20 || c_Loss:0.396 || e_Loss:-1.637 || Aad_Loss:-24.773 || 耗时：13.31s\n"}
,{"stream_name":"stdout","time":4440.625198468,"data":"轮次:··4/·20 || c_Loss:0.386 || e_Loss:-1.715 || Aad_Loss:-26.580 || 耗时：13.31s\n"}
,{"stream_name":"stdout","time":4453.940010875,"data":"轮次:··5/·20 || c_Loss:0.370 || e_Loss:-1.731 || Aad_Loss:-27.003 || 耗时：13.31s\n"}
,{"stream_name":"stdout","time":4460.104829732,"data":"任务: (B3)N15_M07_F04→(B2)N15_M07_F10; mix批次:····0; 批次:··470/·1880;  总正确率: 57.58%\n"}
,{"stream_name":"stdout","time":4460.104887542,"data":"类型1 正确率： 100.00% -\u003e 1  100.00%, 2    0.00%, 3    0.00%\n"}
,{"stream_name":"stdout","time":4460.104894384,"data":"类型2 正确率：  33.00% -\u003e 1    3.80%, 2   33.00%, 3   63.20%\n"}
,{"stream_name":"stdout","time":4460.10489918,"data":"类型3 正确率：  40.00% -\u003e 1    1.90%, 2   58.35%, 3   39.75%\n"}
,{"stream_name":"stdout","time":4460.104904015,"data":"\n"}
,{"stream_name":"stdout","time":4460.104909924,"data":"\n"}
,{"stream_name":"stdout","time":4460.138022143,"data":"样本变换：reverse\n"}
,{"stream_name":"stdout","time":4463.469211975,"data":"样本变换：mask\n"}
,{"stream_name":"stdout","time":4466.783665459,"data":"样本变换：shift\n"}
,{"stream_name":"stdout","time":4470.108269968,"data":"样本变换：none\n"}
,{"stream_name":"stderr","time":4475.325765921,"data":"/kaggle/working/m2rep/reps1/sdalr_PU_final_checkpoint/tools.py:413: RuntimeWarning: invalid value encountered in divide\n"}
,{"stream_name":"stderr","time":4475.325826867,"data":"  per_class_acc = conf_matrix.diagonal() / conf_matrix.sum(axis=1) * 100\n"}
,{"stream_name":"stdout","time":4475.325915594,"data":"未过滤\t未用伪标签：57.58% -\u003e 使用伪标签：55.33%\n"}
,{"stream_name":"stdout","time":4475.325950736,"data":"已过滤\t未用伪标签：57.91% -\u003e 使用伪标签：55.65%\n"}
,{"stream_name":"stdout","time":4475.325957374,"data":"排除样本：34|6000\t剩余：2156, 2000, 1810\n"}
,{"stream_name":"stdout","time":4475.325962253,"data":"增添样本：1289\t\t细则：0, 915, 374\t正确率估算：100.00%\n"}
,{"stream_name":"stdout","time":4475.32596784,"data":"类型1 正确率： 100.00% -\u003e 1  100.00%, 2    0.00%, 3    0.00%\n"}
,{"stream_name":"stdout","time":4475.325972672,"data":"类型2 正确率：  34.00% -\u003e 1    7.93%, 2   33.57%, 3   58.49%\n"}
,{"stream_name":"stdout","time":4475.325977363,"data":"类型3 正确率：  33.00% -\u003e 1    0.00%, 2   67.00%, 3   33.00%\n"}
,{"stream_name":"stdout","time":4475.325982378,"data":"\n"}
,{"stream_name":"stdout","time":4475.325986677,"data":"被排除样本 正确率：0.00%\n"}
,{"stream_name":"stdout","time":4475.325990857,"data":"类型1 正确率：   0.00% -\u003e 1    0.00%, 2  100.00%\n"}
,{"stream_name":"stdout","time":4475.325995374,"data":"类型2 没有样本或未被分类。\n"}
,{"stream_name":"stdout","time":4475.325999805,"data":"\n"}
,{"stream_name":"stdout","time":4475.326006303,"data":"\n"}
,{"stream_name":"stdout","time":4488.463629801,"data":"轮次:··6/·20 || c_Loss:0.437 || e_Loss:-1.614 || Aad_Loss:-25.572 || 耗时：34.52s\n"}
,{"stream_name":"stdout","time":4501.668478734,"data":"轮次:··7/·20 || c_Loss:0.388 || e_Loss:-1.696 || Aad_Loss:-24.014 || 耗时：13.20s\n"}
,{"stream_name":"stdout","time":4514.931952665,"data":"轮次:··8/·20 || c_Loss:0.394 || e_Loss:-1.658 || Aad_Loss:-25.621 || 耗时：13.26s\n"}
,{"stream_name":"stdout","time":4528.197224759,"data":"轮次:··9/·20 || c_Loss:0.358 || e_Loss:-1.628 || Aad_Loss:-26.799 || 耗时：13.27s\n"}
,{"stream_name":"stdout","time":4541.475178071,"data":"轮次:·10/·20 || c_Loss:0.376 || e_Loss:-1.664 || Aad_Loss:-25.208 || 耗时：13.28s\n"}
,{"stream_name":"stdout","time":4547.628302264,"data":"任务: (B3)N15_M07_F04→(B2)N15_M07_F10; mix批次:····0; 批次:··940/·1880;  总正确率: 60.67%\n"}
,{"stream_name":"stdout","time":4547.628344852,"data":"类型1 正确率： 100.00% -\u003e 1  100.00%, 2    0.00%, 3    0.00%\n"}
,{"stream_name":"stdout","time":4547.628350388,"data":"类型2 正确率：  33.00% -\u003e 1    0.35%, 2   33.00%, 3   66.65%\n"}
,{"stream_name":"stdout","time":4547.628353756,"data":"类型3 正确率：  49.00% -\u003e 1    2.60%, 2   48.40%, 3   49.00%\n"}
,{"stream_name":"stdout","time":4547.628357203,"data":"\n"}
,{"stream_name":"stdout","time":4547.628360004,"data":"\n"}
,{"stream_name":"stdout","time":4547.672723312,"data":"样本变换：reverse\n"}
,{"stream_name":"stdout","time":4550.945286943,"data":"样本变换：mask\n"}
,{"stream_name":"stdout","time":4554.2542982,"data":"样本变换：shift\n"}
,{"stream_name":"stdout","time":4557.568262713,"data":"样本变换：none\n"}
,{"stream_name":"stderr","time":4562.620372187,"data":"/kaggle/working/m2rep/reps1/sdalr_PU_final_checkpoint/tools.py:413: RuntimeWarning: invalid value encountered in divide\n"}
,{"stream_name":"stderr","time":4562.620416853,"data":"  per_class_acc = conf_matrix.diagonal() / conf_matrix.sum(axis=1) * 100\n"}
,{"stream_name":"stdout","time":4562.620600941,"data":"未过滤\t未用伪标签：60.67% -\u003e 使用伪标签：55.33%\n"}
,{"stream_name":"stdout","time":4562.620615116,"data":"已过滤\t未用伪标签：60.79% -\u003e 使用伪标签：55.44%\n"}
,{"stream_name":"stdout","time":4562.620620563,"data":"排除样本：12|6000\t剩余：2026, 2000, 1962\n"}
,{"stream_name":"stdout","time":4562.620625533,"data":"增添样本：886\t\t细则：0, 788, 98\t正确率估算：99.89%\n"}
,{"stream_name":"stdout","time":4562.620630895,"data":"类型1 正确率： 100.00% -\u003e 1  100.00%, 2    0.00%, 3    0.00%\n"}
,{"stream_name":"stdout","time":4562.620635811,"data":"类型2 正确率：  33.00% -\u003e 1    1.31%, 2   33.20%, 3   65.49%\n"}
,{"stream_name":"stdout","time":4562.620644579,"data":"类型3 正确率：  33.00% -\u003e 1    0.00%, 2   67.00%, 3   33.00%\n"}
,{"stream_name":"stdout","time":4562.620648407,"data":"\n"}
,{"stream_name":"stdout","time":4562.620651448,"data":"被排除样本 正确率：0.00%\n"}
,{"stream_name":"stdout","time":4562.620654565,"data":"类型1 正确率：   0.00% -\u003e 1    0.00%, 2  100.00%\n"}
,{"stream_name":"stdout","time":4562.620658072,"data":"类型2 没有样本或未被分类。\n"}
,{"stream_name":"stdout","time":4562.62066118,"data":"\n"}
,{"stream_name":"stdout","time":4562.620664654,"data":"\n"}
,{"stream_name":"stdout","time":4575.825762339,"data":"轮次:·11/·20 || c_Loss:0.359 || e_Loss:-1.744 || Aad_Loss:-24.836 || 耗时：34.35s\n"}
,{"stream_name":"stdout","time":4589.034056629,"data":"轮次:·12/·20 || c_Loss:0.335 || e_Loss:-1.630 || Aad_Loss:-27.464 || 耗时：13.21s\n"}
,{"stream_name":"stdout","time":4602.315964712,"data":"轮次:·13/·20 || c_Loss:0.401 || e_Loss:-1.859 || Aad_Loss:-27.332 || 耗时：13.28s\n"}
,{"stream_name":"stdout","time":4615.594740761,"data":"轮次:·14/·20 || c_Loss:0.371 || e_Loss:-1.864 || Aad_Loss:-25.544 || 耗时：13.28s\n"}
,{"stream_name":"stdout","time":4628.865299969,"data":"轮次:·15/·20 || c_Loss:0.338 || e_Loss:-1.642 || Aad_Loss:-26.517 || 耗时：13.27s\n"}
,{"stream_name":"stdout","time":4635.004086113,"data":"任务: (B3)N15_M07_F04→(B2)N15_M07_F10; mix批次:····0; 批次:·1410/·1880;  总正确率: 58.82%\n"}
,{"stream_name":"stdout","time":4635.004147759,"data":"类型1 正确率： 100.00% -\u003e 1  100.00%, 2    0.00%, 3    0.00%\n"}
,{"stream_name":"stdout","time":4635.004155929,"data":"类型2 正确率：  33.00% -\u003e 1    0.00%, 2   33.00%, 3   67.00%\n"}
,{"stream_name":"stdout","time":4635.004161439,"data":"类型3 正确率：  43.00% -\u003e 1    5.35%, 2   51.20%, 3   43.45%\n"}
,{"stream_name":"stdout","time":4635.004166296,"data":"\n"}
,{"stream_name":"stdout","time":4635.00417108,"data":"\n"}
,{"stream_name":"stdout","time":4635.047153526,"data":"样本变换：reverse\n"}
,{"stream_name":"stdout","time":4638.288269127,"data":"样本变换：mask\n"}
,{"stream_name":"stdout","time":4641.580257322,"data":"样本变换：shift\n"}
,{"stream_name":"stdout","time":4644.853227753,"data":"样本变换：none\n"}
,{"stream_name":"stderr","time":4649.754423167,"data":"/kaggle/working/m2rep/reps1/sdalr_PU_final_checkpoint/tools.py:413: RuntimeWarning: invalid value encountered in divide\n"}
,{"stream_name":"stderr","time":4649.754464413,"data":"  per_class_acc = conf_matrix.diagonal() / conf_matrix.sum(axis=1) * 100\n"}
,{"stream_name":"stdout","time":4649.754616956,"data":"未过滤\t未用伪标签：58.82% -\u003e 使用伪标签：55.33%\n"}
,{"stream_name":"stdout","time":4649.754639662,"data":"已过滤\t未用伪标签：58.84% -\u003e 使用伪标签：55.35%\n"}
,{"stream_name":"stdout","time":4649.754644987,"data":"排除样本：2|6000\t剩余：2001, 2000, 1997\n"}
,{"stream_name":"stdout","time":4649.754649849,"data":"增添样本：801\t\t细则：0, 763, 38\t正确率估算：100.00%\n"}
,{"stream_name":"stdout","time":4649.754654179,"data":"类型1 正确率： 100.00% -\u003e 1  100.00%, 2    0.00%, 3    0.00%\n"}
,{"stream_name":"stdout","time":4649.754658562,"data":"类型2 正确率：  33.00% -\u003e 1    0.05%, 2   33.03%, 3   66.92%\n"}
,{"stream_name":"stdout","time":4649.754663255,"data":"类型3 正确率：  33.00% -\u003e 1    0.00%, 2   67.00%, 3   33.00%\n"}
,{"stream_name":"stdout","time":4649.754668563,"data":"\n"}
,{"stream_name":"stdout","time":4649.75467407,"data":"被排除样本 正确率：0.00%\n"}
,{"stream_name":"stdout","time":4649.754678315,"data":"类型1 正确率：   0.00% -\u003e 1    0.00%, 2  100.00%\n"}
,{"stream_name":"stdout","time":4649.754682506,"data":"类型2 没有样本或未被分类。\n"}
,{"stream_name":"stdout","time":4649.754686957,"data":"\n"}
,{"stream_name":"stdout","time":4649.75469118,"data":"\n"}
,{"stream_name":"stdout","time":4662.887603603,"data":"轮次:·16/·20 || c_Loss:0.340 || e_Loss:-1.726 || Aad_Loss:-28.160 || 耗时：34.02s\n"}
,{"stream_name":"stdout","time":4676.085750847,"data":"轮次:·17/·20 || c_Loss:0.342 || e_Loss:-1.717 || Aad_Loss:-27.598 || 耗时：13.20s\n"}
,{"stream_name":"stdout","time":4689.272807575,"data":"轮次:·18/·20 || c_Loss:0.345 || e_Loss:-1.791 || Aad_Loss:-26.963 || 耗时：13.19s\n"}
,{"stream_name":"stdout","time":4702.460320615,"data":"轮次:·19/·20 || c_Loss:0.367 || e_Loss:-1.604 || Aad_Loss:-27.816 || 耗时：13.19s\n"}
,{"stream_name":"stdout","time":4715.652421336,"data":"轮次:·20/·20 || c_Loss:0.355 || e_Loss:-1.828 || Aad_Loss:-27.762 || 耗时：13.19s\n"}
,{"stream_name":"stdout","time":4721.773608243,"data":"任务: (B3)N15_M07_F04→(B2)N15_M07_F10; mix批次:····0; 批次:·1880/·1880;  总正确率: 59.32%\n"}
,{"stream_name":"stdout","time":4721.773663624,"data":"类型1 正确率： 100.00% -\u003e 1  100.00%, 2    0.00%, 3    0.00%\n"}
,{"stream_name":"stdout","time":4721.773677298,"data":"类型2 正确率：  33.00% -\u003e 1    0.00%, 2   33.00%, 3   67.00%\n"}
,{"stream_name":"stdout","time":4721.773683098,"data":"类型3 正确率：  45.00% -\u003e 1    5.20%, 2   49.85%, 3   44.95%\n"}
,{"stream_name":"stdout","time":4721.773687764,"data":"\n"}
,{"stream_name":"stdout","time":4721.773691948,"data":"\n"}
,{"stream_name":"stdout","time":4727.871358606,"data":"测试集任务: (B3)N15_M07_F04→(B2)N15_M07_F10; 总正确率 = 59.32%\n"}
,{"stream_name":"stdout","time":4727.871418879,"data":"类型1 正确率： 100.00% -\u003e 1  100.00%, 2    0.00%, 3    0.00%\n"}
,{"stream_name":"stdout","time":4727.87142664,"data":"类型2 正确率：  33.00% -\u003e 1    0.00%, 2   33.00%, 3   67.00%\n"}
,{"stream_name":"stdout","time":4727.871431913,"data":"类型3 正确率：  45.00% -\u003e 1    5.20%, 2   49.85%, 3   44.95%\n"}
,{"stream_name":"stdout","time":4727.871437769,"data":"\n"}
,{"stream_name":"stdout","time":4727.871442374,"data":"\n"}
,{"stream_name":"stdout","time":4727.901885229,"data":"[tar_adaptation_RES_PU.py --folder_root /kaggle/working/m2rep/reps1/sdalr_PU_final_checkpoint/DATA_foldA --seed 1 --class_num 3 --data_name PU_M1_L3 --output /kaggle/working/m2rep/reps1/weight_PU_M1_final_checkpoint_FBtoA_gatev2_s1 --s 2 --t 1 --lr 0.0005 --threshold 0.4 --K 0.6] 367s\n"}
,{"stream_name":"stdout","time":4727.934813101,"data":"{\n"}
,{"stream_name":"stdout","time":4727.934835892,"data":"  \"dataset\": \"PU_M1\",\n"}
,{"stream_name":"stdout","time":4727.934841653,"data":"  \"variant\": \"final_checkpoint\",\n"}
,{"stream_name":"stdout","time":4727.934846561,"data":"  \"seed\": 1,\n"}
,{"stream_name":"stdout","time":4727.934856011,"data":"  \"smoke\": false,\n"}
,{"stream_name":"stdout","time":4727.93485956,"data":"  \"src_fold\": \"B\",\n"}
,{"stream_name":"stdout","time":4727.934862626,"data":"  \"tgt_fold\": \"A\",\n"}
,{"stream_name":"stdout","time":4727.93486562,"data":"  \"leaky\": false,\n"}
,{"stream_name":"stdout","time":4727.934868589,"data":"  \"hyperparameters\": {\n"}
,{"stream_name":"stdout","time":4727.934871565,"data":"    \"lr\": \"0.0005\",\n"}
,{"stream_name":"stdout","time":4727.934874555,"data":"    \"threshold\": \"0.4\",\n"}
,{"stream_name":"stdout","time":4727.934877542,"data":"    \"K\": \"0.6\"\n"}
,{"stream_name":"stdout","time":4727.934880526,"data":"  },\n"}
,{"stream_name":"stdout","time":4727.934883305,"data":"  \"adapters\": [\n"}
,{"stream_name":"stdout","time":4727.934886237,"data":"    \"npz_io\",\n"}
,{"stream_name":"stdout","time":4727.934889066,"data":"    \"tsne_stub\",\n"}
,{"stream_name":"stdout","time":4727.934891881,"data":"    \"final_checkpoint_patch\"\n"}
,{"stream_name":"stdout","time":4727.934894814,"data":"  ],\n"}
,{"stream_name":"stdout","time":4727.934897561,"data":"  \"source_only\": {},\n"}
,{"stream_name":"stdout","time":4727.934900466,"data":"  \"adapted\": {\n"}
,{"stream_name":"stdout","time":4727.9349033,"data":"    \"A1-\u003eA3\": 57.9,\n"}
,{"stream_name":"stdout","time":4727.934906903,"data":"    \"A1-\u003eA2\": 55.2,\n"}
,{"stream_name":"stdout","time":4727.934909733,"data":"    \"A3-\u003eA1\": 60.42,\n"}
,{"stream_name":"stdout","time":4727.934912582,"data":"    \"A3-\u003eA2\": 55.15,\n"}
,{"stream_name":"stdout","time":4727.934915393,"data":"    \"A2-\u003eA1\": 63.32,\n"}
,{"stream_name":"stdout","time":4727.934925173,"data":"    \"A2-\u003eA3\": 59.32\n"}
,{"stream_name":"stdout","time":4727.934927608,"data":"  },\n"}
,{"stream_name":"stdout","time":4727.934929819,"data":"  \"seconds\": {\n"}
,{"stream_name":"stdout","time":4727.934932003,"data":"    \"A1-\u003eA3\": 370,\n"}
,{"stream_name":"stdout","time":4727.934934183,"data":"    \"A1-\u003eA2\": 368,\n"}
,{"stream_name":"stdout","time":4727.934941446,"data":"    \"A3-\u003eA1\": 370,\n"}
,{"stream_name":"stdout","time":4727.934943611,"data":"    \"A3-\u003eA2\": 368,\n"}
,{"stream_name":"stdout","time":4727.934945788,"data":"    \"A2-\u003eA1\": 367,\n"}
,{"stream_name":"stdout","time":4727.934947984,"data":"    \"A2-\u003eA3\": 367\n"}
,{"stream_name":"stdout","time":4727.93495018,"data":"  },\n"}
,{"stream_name":"stdout","time":4727.93495229,"data":"  \"gate_log\": {\n"}
,{"stream_name":"stdout","time":4727.934954557,"data":"    \"A1-\u003eA3\": [\n"}
,{"stream_name":"stdout","time":4727.934956737,"data":"      {\n"}
,{"stream_name":"stdout","time":4727.934958862,"data":"        \"sdalr_rejected\": 54,\n"}
,{"stream_name":"stdout","time":4727.9349612,"data":"        \"hook_rejected\": 794,\n"}
,{"stream_name":"stdout","time":4727.934963466,"data":"        \"precision_before\": 0.5583585603767238,\n"}
,{"stream_name":"stdout","time":4727.934965734,"data":"        \"precision_after\": 0.6444099378881988,\n"}
,{"stream_name":"stdout","time":4727.934967955,"data":"        \"n\": 6000\n"}
,{"stream_name":"stdout","time":4727.934970204,"data":"      },\n"}
,{"stream_name":"stdout","time":4727.934972403,"data":"      {\n"}
,{"stream_name":"stdout","time":4727.934974511,"data":"        \"sdalr_rejected\": 34,\n"}
,{"stream_name":"stdout","time":4727.934976699,"data":"        \"hook_rejected\": 795,\n"}
,{"stream_name":"stdout","time":4727.934979243,"data":"        \"precision_before\": 0.5566543747904794,\n"}
,{"stream_name":"stdout","time":4727.934981641,"data":"        \"precision_after\": 0.6422355443821312,\n"}
,{"stream_name":"stdout","time":4727.934983853,"data":"        \"n\": 6000\n"}
,{"stream_name":"stdout","time":4727.934986011,"data":"      },\n"}
,{"stream_name":"stdout","time":4727.93498816,"data":"      {\n"}
,{"stream_name":"stdout","time":4727.934990335,"data":"        \"sdalr_rejected\": 8,\n"}
,{"stream_name":"stdout","time":4727.934992523,"data":"        \"hook_rejected\": 794,\n"}
,{"stream_name":"stdout","time":4727.934994711,"data":"        \"precision_before\": 0.5540720961281709,\n"}
,{"stream_name":"stdout","time":4727.934996931,"data":"        \"precision_after\": 0.6387071950750288,\n"}
,{"stream_name":"stdout","time":4727.934999128,"data":"        \"n\": 6000\n"}
,{"stream_name":"stdout","time":4727.935001301,"data":"      },\n"}
,{"stream_name":"stdout","time":4727.935003475,"data":"      {\n"}
,{"stream_name":"stdout","time":4727.935005584,"data":"        \"sdalr_rejected\": 0,\n"}
,{"stream_name":"stdout","time":4727.935007769,"data":"        \"hook_rejected\": 796,\n"}
,{"stream_name":"stdout","time":4727.935009961,"data":"        \"precision_before\": 0.5533333333333333,\n"}
,{"stream_name":"stdout","time":4727.935012191,"data":"        \"precision_after\": 0.6379707916986933,\n"}
,{"stream_name":"stdout","time":4727.935014388,"data":"        \"n\": 6000\n"}
,{"stream_name":"stdout","time":4727.935016541,"data":"      }\n"}
,{"stream_name":"stdout","time":4727.93501863,"data":"    ],\n"}
,{"stream_name":"stdout","time":4727.935020751,"data":"    \"A1-\u003eA2\": [\n"}
,{"stream_name":"stdout","time":4727.935022955,"data":"      {\n"}
,{"stream_name":"stdout","time":4727.935029069,"data":"        \"sdalr_rejected\": 31,\n"}
,{"stream_name":"stdout","time":4727.935031513,"data":"        \"hook_rejected\": 66,\n"}
,{"stream_name":"stdout","time":4727.935033726,"data":"        \"precision_before\": 0.5518512313620372,\n"}
,{"stream_name":"stdout","time":4727.935035962,"data":"        \"precision_after\": 0.5580213450787735,\n"}
,{"stream_name":"stdout","time":4727.935038161,"data":"        \"n\": 6000\n"}
,{"stream_name":"stdout","time":4727.935040328,"data":"      },\n"}
,{"stream_name":"stdout","time":4727.935042438,"data":"      {\n"}
,{"stream_name":"stdout","time":4727.935044558,"data":"        \"sdalr_rejected\": 2,\n"}
,{"stream_name":"stdout","time":4727.93504675,"data":"        \"hook_rejected\": 68,\n"}
,{"stream_name":"stdout","time":4727.935048946,"data":"        \"precision_before\": 0.5525175058352785,\n"}
,{"stream_name":"stdout","time":4727.935051164,"data":"        \"precision_after\": 0.5588532883642495,\n"}
,{"stream_name":"stdout","time":4727.935053378,"data":"        \"n\": 6000\n"}
,{"stream_name":"stdout","time":4727.935055539,"data":"      },\n"}
,{"stream_name":"stdout","time":4727.935057632,"data":"      {\n"}
,{"stream_name":"stdout","time":4727.935059716,"data":"        \"sdalr_rejected\": 2,\n"}
,{"stream_name":"stdout","time":4727.935061916,"data":"        \"hook_rejected\": 68,\n"}
,{"stream_name":"stdout","time":4727.935064095,"data":"        \"precision_before\": 0.5528509503167722,\n"}
,{"stream_name":"stdout","time":4727.935066297,"data":"        \"precision_after\": 0.5591905564924115,\n"}
,{"stream_name":"stdout","time":4727.93506852,"data":"        \"n\": 6000\n"}
,{"stream_name":"stdout","time":4727.935070671,"data":"      },\n"}
,{"stream_name":"stdout","time":4727.935072751,"data":"      {\n"}
,{"stream_name":"stdout","time":4727.935074865,"data":"        \"sdalr_rejected\": 1,\n"}
,{"stream_name":"stdout","time":4727.935077903,"data":"        \"hook_rejected\": 68,\n"}
,{"stream_name":"stdout","time":4727.93508023,"data":"        \"precision_before\": 0.5527587931321887,\n"}
,{"stream_name":"stdout","time":4727.935082452,"data":"        \"precision_after\": 0.5590962738155454,\n"}
,{"stream_name":"stdout","time":4727.935084654,"data":"        \"n\": 6000\n"}
,{"stream_name":"stdout","time":4727.935086814,"data":"      }\n"}
,{"stream_name":"stdout","time":4727.935088918,"data":"    ],\n"}
,{"stream_name":"stdout","time":4727.935091052,"data":"    \"A3-\u003eA1\": [\n"}
,{"stream_name":"stdout","time":4727.935093236,"data":"      {\n"}
,{"stream_name":"stdout","time":4727.935095338,"data":"        \"sdalr_rejected\": 24,\n"}
,{"stream_name":"stdout","time":4727.935097568,"data":"        \"hook_rejected\": 1278,\n"}
,{"stream_name":"stdout","time":4727.935099805,"data":"        \"precision_before\": 0.554718875502008,\n"}
,{"stream_name":"stdout","time":4727.935102026,"data":"        \"precision_after\": 0.7056194125159643,\n"}
,{"stream_name":"stdout","time":4727.935104231,"data":"        \"n\": 6000\n"}
,{"stream_name":"stdout","time":4727.935106371,"data":"      },\n"}
,{"stream_name":"stdout","time":4727.935108463,"data":"      {\n"}
,{"stream_name":"stdout","time":4727.93511056,"data":"        \"sdalr_rejected\": 2,\n"}
,{"stream_name":"stdout","time":4727.935112729,"data":"        \"hook_rejected\": 1273,\n"}
,{"stream_name":"stdout","time":4727.935114969,"data":"        \"precision_before\": 0.5531843947982661,\n"}
,{"stream_name":"stdout","time":4727.935117191,"data":"        \"precision_after\": 0.7022222222222222,\n"}
,{"stream_name":"stdout","time":4727.935119422,"data":"        \"n\": 6000\n"}
,{"stream_name":"stdout","time":4727.935127422,"data":"      },\n"}
,{"stream_name":"stdout","time":4727.935133369,"data":"      {\n"}
,{"stream_name":"stdout","time":4727.93513568,"data":"        \"sdalr_rejected\": 2,\n"}
,{"stream_name":"stdout","time":4727.935137872,"data":"        \"hook_rejected\": 1272,\n"}
,{"stream_name":"stdout","time":4727.935140152,"data":"        \"precision_before\": 0.553351117039013,\n"}
,{"stream_name":"stdout","time":4727.935142484,"data":"        \"precision_after\": 0.7022852306390182,\n"}
,{"stream_name":"stdout","time":4727.935144762,"data":"        \"n\": 6000\n"}
,{"stream_name":"stdout","time":4727.935147285,"data":"      },\n"}
,{"stream_name":"stdout","time":4727.935150858,"data":"      {\n"}
,{"stream_name":"stdout","time":4727.935153617,"data":"        \"sdalr_rejected\": 2,\n"}
,{"stream_name":"stdout","time":4727.935155836,"data":"        \"hook_rejected\": 1273,\n"}
,{"stream_name":"stdout","time":4727.935158129,"data":"        \"precision_before\": 0.5531843947982661,\n"}
,{"stream_name":"stdout","time":4727.93516036,"data":"        \"precision_after\": 0.7022222222222222,\n"}
,{"stream_name":"stdout","time":4727.935162677,"data":"        \"n\": 6000\n"}
,{"stream_name":"stdout","time":4727.935164924,"data":"      }\n"}
,{"stream_name":"stdout","time":4727.935167035,"data":"    ],\n"}
,{"stream_name":"stdout","time":4727.93516922,"data":"    \"A3-\u003eA2\": [\n"}
,{"stream_name":"stdout","time":4727.93517141,"data":"      {\n"}
,{"stream_name":"stdout","time":4727.935173506,"data":"        \"sdalr_rejected\": 31,\n"}
,{"stream_name":"stdout","time":4727.935175766,"data":"        \"hook_rejected\": 71,\n"}
,{"stream_name":"stdout","time":4727.935177976,"data":"        \"precision_before\": 0.545820070363545,\n"}
,{"stream_name":"stdout","time":4727.93518024,"data":"        \"precision_after\": 0.5523906408952187,\n"}
,{"stream_name":"stdout","time":4727.935182454,"data":"        \"n\": 6000\n"}
,{"stream_name":"stdout","time":4727.935184618,"data":"      },\n"}
,{"stream_name":"stdout","time":4727.935186759,"data":"      {\n"}
,{"stream_name":"stdout","time":4727.935188846,"data":"        \"sdalr_rejected\": 3,\n"}
,{"stream_name":"stdout","time":4727.935191009,"data":"        \"hook_rejected\": 69,\n"}
,{"stream_name":"stdout","time":4727.935227929,"data":"        \"precision_before\": 0.551775887943972,\n"}
,{"stream_name":"stdout","time":4727.935236582,"data":"        \"precision_after\": 0.5581983805668016,\n"}
,{"stream_name":"stdout","time":4727.935239481,"data":"        \"n\": 6000\n"}
,{"stream_name":"stdout","time":4727.935241691,"data":"      },\n"}
,{"stream_name":"stdout","time":4727.935243792,"data":"      {\n"}
,{"stream_name":"stdout","time":4727.935245969,"data":"        \"sdalr_rejected\": 1,\n"}
,{"stream_name":"stdout","time":4727.935248132,"data":"        \"hook_rejected\": 70,\n"}
,{"stream_name":"stdout","time":4727.935250408,"data":"        \"precision_before\": 0.5515919319886647,\n"}
,{"stream_name":"stdout","time":4727.935252639,"data":"        \"precision_after\": 0.5581042334289088,\n"}
,{"stream_name":"stdout","time":4727.935254825,"data":"        \"n\": 6000\n"}
,{"stream_name":"stdout","time":4727.935257156,"data":"      },\n"}
,{"stream_name":"stdout","time":4727.935259248,"data":"      {\n"}
,{"stream_name":"stdout","time":4727.935261426,"data":"        \"sdalr_rejected\": 2,\n"}
,{"stream_name":"stdout","time":4727.935263606,"data":"        \"hook_rejected\": 70,\n"}
,{"stream_name":"stdout","time":4727.935265815,"data":"        \"precision_before\": 0.5515171723907969,\n"}
,{"stream_name":"stdout","time":4727.935271011,"data":"        \"precision_after\": 0.558029689608637,\n"}
,{"stream_name":"stdout","time":4727.935273375,"data":"        \"n\": 6000\n"}
,{"stream_name":"stdout","time":4727.935275578,"data":"      }\n"}
,{"stream_name":"stdout","time":4727.935277786,"data":"    ],\n"}
,{"stream_name":"stdout","time":4727.935279896,"data":"    \"A2-\u003eA1\": [\n"}
,{"stream_name":"stdout","time":4727.935282306,"data":"      {\n"}
,{"stream_name":"stdout","time":4727.935284392,"data":"        \"sdalr_rejected\": 55,\n"}
,{"stream_name":"stdout","time":4727.93528657,"data":"        \"hook_rejected\": 1276,\n"}
,{"stream_name":"stdout","time":4727.935288757,"data":"        \"precision_before\": 0.5572750210260723,\n"}
,{"stream_name":"stdout","time":4727.93529098,"data":"        \"precision_after\": 0.7095737845363033,\n"}
,{"stream_name":"stdout","time":4727.935293167,"data":"        \"n\": 6000\n"}
,{"stream_name":"stdout","time":4727.935295331,"data":"      },\n"}
,{"stream_name":"stdout","time":4727.935297417,"data":"      {\n"}
,{"stream_name":"stdout","time":4727.935299501,"data":"        \"sdalr_rejected\": 19,\n"}
,{"stream_name":"stdout","time":4727.935301677,"data":"        \"hook_rejected\": 1273,\n"}
,{"stream_name":"stdout","time":4727.935303861,"data":"        \"precision_before\": 0.5550911218859722,\n"}
,{"stream_name":"stdout","time":4727.935306671,"data":"        \"precision_after\": 0.7051826677994902,\n"}
,{"stream_name":"stdout","time":4727.935308962,"data":"        \"n\": 6000\n"}
,{"stream_name":"stdout","time":4727.935311137,"data":"      },\n"}
,{"stream_name":"stdout","time":4727.935313321,"data":"      {\n"}
,{"stream_name":"stdout","time":4727.935315409,"data":"        \"sdalr_rejected\": 9,\n"}
,{"stream_name":"stdout","time":4727.935317573,"data":"        \"hook_rejected\": 1269,\n"}
,{"stream_name":"stdout","time":4727.935319761,"data":"        \"precision_before\": 0.5543314972458688,\n"}
,{"stream_name":"stdout","time":4727.935322009,"data":"        \"precision_after\": 0.7033036848792884,\n"}
,{"stream_name":"stdout","time":4727.935324221,"data":"        \"n\": 6000\n"}
,{"stream_name":"stdout","time":4727.935326379,"data":"      },\n"}
,{"stream_name":"stdout","time":4727.935328476,"data":"      {\n"}
,{"stream_name":"stdout","time":4727.935330598,"data":"        \"sdalr_rejected\": 5,\n"}
,{"stream_name":"stdout","time":4727.935332775,"data":"        \"hook_rejected\": 1266,\n"}
,{"stream_name":"stdout","time":4727.935334972,"data":"        \"precision_before\": 0.5541284403669725,\n"}
,{"stream_name":"stdout","time":4727.93533717,"data":"        \"precision_after\": 0.7024740960033834,\n"}
,{"stream_name":"stdout","time":4727.935339381,"data":"        \"n\": 6000\n"}
,{"stream_name":"stdout","time":4727.935341549,"data":"      }\n"}
,{"stream_name":"stdout","time":4727.935343651,"data":"    ],\n"}
,{"stream_name":"stdout","time":4727.935345771,"data":"    \"A2-\u003eA3\": [\n"}
,{"stream_name":"stdout","time":4727.935347964,"data":"      {\n"}
,{"stream_name":"stdout","time":4727.935350071,"data":"        \"sdalr_rejected\": 55,\n"}
,{"stream_name":"stdout","time":4727.935352244,"data":"        \"hook_rejected\": 794,\n"}
,{"stream_name":"stdout","time":4727.935354431,"data":"        \"precision_before\": 0.5584524810765349,\n"}
,{"stream_name":"stdout","time":4727.93535676,"data":"        \"precision_after\": 0.6445350417394681,\n"}
,{"stream_name":"stdout","time":4727.935359106,"data":"        \"n\": 6000\n"}
,{"stream_name":"stdout","time":4727.93536134,"data":"      },\n"}
,{"stream_name":"stdout","time":4727.935365365,"data":"      {\n"}
,{"stream_name":"stdout","time":4727.935367638,"data":"        \"sdalr_rejected\": 34,\n"}
,{"stream_name":"stdout","time":4727.935369946,"data":"        \"hook_rejected\": 796,\n"}
,{"stream_name":"stdout","time":4727.935372136,"data":"        \"precision_before\": 0.5564867582970164,\n"}
,{"stream_name":"stdout","time":4727.935374349,"data":"        \"precision_after\": 0.6421663442940039,\n"}
,{"stream_name":"stdout","time":4727.935376646,"data":"        \"n\": 6000\n"}
,{"stream_name":"stdout","time":4727.935378803,"data":"      },\n"}
,{"stream_name":"stdout","time":4727.935380904,"data":"      {\n"}
,{"stream_name":"stdout","time":4727.935383061,"data":"        \"sdalr_rejected\": 12,\n"}
,{"stream_name":"stdout","time":4727.935385275,"data":"        \"hook_rejected\": 796,\n"}
,{"stream_name":"stdout","time":4727.93538756,"data":"        \"precision_before\": 0.554442217768871,\n"}
,{"stream_name":"stdout","time":4727.935389796,"data":"        \"precision_after\": 0.6394453004622496,\n"}
,{"stream_name":"stdout","time":4727.935392007,"data":"        \"n\": 6000\n"}
,{"stream_name":"stdout","time":4727.935394179,"data":"      },\n"}
,{"stream_name":"stdout","time":4727.935396267,"data":"      {\n"}
,{"stream_name":"stdout","time":4727.935398369,"data":"        \"sdalr_rejected\": 2,\n"}
,{"stream_name":"stdout","time":4727.935400547,"data":"        \"hook_rejected\": 796,\n"}
,{"stream_name":"stdout","time":4727.935402891,"data":"        \"precision_before\": 0.55351783927976,\n"}
,{"stream_name":"stdout","time":4727.935405107,"data":"        \"precision_after\": 0.6382160707420222,\n"}
,{"stream_name":"stdout","time":4727.935407324,"data":"        \"n\": 6000\n"}
,{"stream_name":"stdout","time":4727.935409479,"data":"      }\n"}
,{"stream_name":"stdout","time":4727.935411619,"data":"    ]\n"}
,{"stream_name":"stdout","time":4727.935413771,"data":"  },\n"}
,{"stream_name":"stdout","time":4727.935415896,"data":"  \"gate\": \"v2\"\n"}
,{"stream_name":"stdout","time":4727.935418167,"data":"}\n"}
,{"stream_name":"stdout","time":4729.256830872,"data":"{'gate': 'v2', 'rc': 0, 'seconds': 2218}\n"}
,{"stream_name":"stdout","time":4734.848783162,"data":"读取源域路径：/kaggle/working/m2rep/reps1/weight_PU_M1_final_checkpoint_FBtoA_gatepcv_s1/NEW_PU/Source-源域/log\u0026pt/(B1)N15_M01_F10\n"}
,{"stream_name":"stdout","time":4734.848811069,"data":"excel输出位置：/kaggle/working/m2rep/reps1/weight_PU_M1_final_checkpoint_FBtoA_gatepcv_s1/NEW_PU/Target-目标域\n"}
,{"stream_name":"stdout","time":4734.849388486,"data":"特征图片输出位置：/kaggle/working/m2rep/reps1/weight_PU_M1_final_checkpoint_FBtoA_gatepcv_s1/NEW_PU/Picture-特征图/2026年09月15日18时34分/(B1)N15_M01_F10\n"}
,{"stream_name":"stderr","time":4735.185537835,"data":"/usr/local/lib/python3.12/dist-packages/torch/nn/utils/weight_norm.py:144: FutureWarning: `torch.nn.utils.weight_norm` is deprecated in favor of `torch.nn.utils.parametrizations.weight_norm`.\n"}
,{"stream_name":"stderr","time":4735.185591343,"data":"  WeightNorm.apply(module, name, dim)\n"}
,{"stream_name":"stdout","time":4735.230337326,"data":"现在选取:(B1)N15_M01_F10 进行训练的源模型\n"}
,{"stream_name":"stdout","time":4735.230385687,"data":"现在进行：(B1)N15_M01_F10→(B2)N15_M07_F10 的迁移任务\n"}
,{"stream_name":"stdout","time":4735.230391918,"data":"log\u0026pt输出位置：/kaggle/working/m2rep/reps1/weight_PU_M1_final_checkpoint_FBtoA_gatepcv_s1/NEW_PU/Target-目标域/log\u0026pt/(B1)N15_M01_F10→(B2)N15_M07_F10\n"}
,{"stream_name":"stderr","time":4735.231780067,"data":"sh: 1: Syntax error: word unexpected (expecting \")\")\n"}
,{"stream_name":"stdout","time":4746.698366033,"data":"任务: (B1)N15_M01_F10→(B2)N15_M07_F10; 批次:····0/·1880;  总正确率: 55.62%\n"}
,{"stream_name":"stdout","time":4746.698413945,"data":"类型1 正确率： 100.00% -\u003e 1   99.95%, 2    0.00%, 3    0.05%\n"}
,{"stream_name":"stdout","time":4746.698419324,"data":"类型2 正确率：  34.00% -\u003e 1   14.00%, 2   33.90%, 3   52.10%\n"}
,{"stream_name":"stdout","time":4746.698422919,"data":"类型3 正确率：  33.00% -\u003e 1    0.00%, 2   67.00%, 3   33.00%\n"}
,{"stream_name":"stdout","time":4746.698426473,"data":"\n"}
,{"stream_name":"stdout","time":4746.698429407,"data":"\n"}
,{"stream_name":"stdout","time":4746.699072324,"data":"样本变换：reverse\n"}
,{"stream_name":"stdout","time":4749.98424938,"data":"样本变换：mask\n"}
,{"stream_name":"stdout","time":4753.292332206,"data":"样本变换：shift\n"}
,{"stream_name":"stdout","time":4756.60534404,"data":"样本变换：none\n"}
,{"stream_name":"stderr","time":4762.061098402,"data":"/kaggle/working/m2rep/reps1/sdalr_PU_final_checkpoint/tools.py:413: RuntimeWarning: invalid value encountered in divide\n"}
,{"stream_name":"stderr","time":4762.061141101,"data":"  per_class_acc = conf_matrix.diagonal() / conf_matrix.sum(axis=1) * 100\n"}
,{"stream_name":"stdout","time":4762.061238724,"data":"未过滤\t未用伪标签：55.62% -\u003e 使用伪标签：55.33%\n"}
,{"stream_name":"stdout","time":4762.061255156,"data":"已过滤\t未用伪标签：56.12% -\u003e 使用伪标签：55.84%\n"}
,{"stream_name":"stdout","time":4762.061260545,"data":"排除样本：54|6000\t剩余：2353, 2000, 1593\n"}
,{"stream_name":"stdout","time":4762.061265439,"data":"增添样本：2454\t\t细则：0, 1693, 761\t正确率估算：99.30%\n"}
,{"stream_name":"stdout","time":4762.061272054,"data":"类型1 正确率： 100.00% -\u003e 1  100.00%, 2    0.00%, 3    0.00%\n"}
,{"stream_name":"stdout","time":4762.061279737,"data":"类型2 正确率：  34.00% -\u003e 1   18.14%, 2   33.92%, 3   47.94%\n"}
,{"stream_name":"stdout","time":4762.061283075,"data":"类型3 正确率：  33.00% -\u003e 1    0.00%, 2   67.00%, 3   33.00%\n"}
,{"stream_name":"stdout","time":4762.061287259,"data":"\n"}
,{"stream_name":"stdout","time":4762.061305106,"data":"被排除样本 正确率：0.00%\n"}
,{"stream_name":"stdout","time":4762.061310265,"data":"类型1 没有样本或未被分类。\n"}
,{"stream_name":"stdout","time":4762.061315278,"data":"类型2 正确率：   0.00% -\u003e 1   11.11%, 2    0.00%, 3   88.89%\n"}
,{"stream_name":"stdout","time":4762.061320491,"data":"类型3 没有样本或未被分类。\n"}
,{"stream_name":"stdout","time":4762.061324989,"data":"\n"}
,{"stream_name":"stdout","time":4762.061329222,"data":"\n"}
,{"stream_name":"stdout","time":4775.707092872,"data":"轮次:··1/·20 || c_Loss:0.532 || e_Loss:-1.496 || Aad_Loss:-22.322 || 耗时：35.22s\n"}
,{"stream_name":"stdout","time":4789.095387223,"data":"轮次:··2/·20 || c_Loss:0.418 || e_Loss:-1.607 || Aad_Loss:-20.470 || 耗时：13.39s\n"}
,{"stream_name":"stdout","time":4802.398742333,"data":"轮次:··3/·20 || c_Loss:0.407 || e_Loss:-1.739 || Aad_Loss:-20.375 || 耗时：13.30s\n"}
,{"stream_name":"stdout","time":4815.450014394,"data":"轮次:··4/·20 || c_Loss:0.392 || e_Loss:-1.724 || Aad_Loss:-20.897 || 耗时：13.05s\n"}
,{"stream_name":"stdout","time":4828.425094444,"data":"轮次:··5/·20 || c_Loss:0.414 || e_Loss:-1.755 || Aad_Loss:-20.527 || 耗时：12.97s\n"}
,{"stream_name":"stdout","time":4834.472046262,"data":"任务: (B1)N15_M01_F10→(B2)N15_M07_F10; mix批次:····0; 批次:··470/·1880;  总正确率: 61.93%\n"}
,{"stream_name":"stdout","time":4834.472099009,"data":"类型1 正确率： 100.00% -\u003e 1  100.00%, 2    0.00%, 3    0.00%\n"}
,{"stream_name":"stdout","time":4834.472105305,"data":"类型2 正确率：  33.00% -\u003e 1   10.80%, 2   32.95%, 3   56.25%\n"}
,{"stream_name":"stdout","time":4834.472109731,"data":"类型3 正确率：  53.00% -\u003e 1    7.75%, 2   39.40%, 3   52.85%\n"}
,{"stream_name":"stdout","time":4834.472113967,"data":"\n"}
,{"stream_name":"stdout","time":4834.472117749,"data":"\n"}
,{"stream_name":"stdout","time":4834.504158831,"data":"样本变换：reverse\n"}
,{"stream_name":"stdout","time":4837.745342416,"data":"样本变换：mask\n"}
,{"stream_name":"stdout","time":4841.00525185,"data":"样本变换：shift\n"}
,{"stream_name":"stdout","time":4844.275266156,"data":"样本变换：none\n"}
,{"stream_name":"stderr","time":4849.485741359,"data":"/kaggle/working/m2rep/reps1/sdalr_PU_final_checkpoint/tools.py:413: RuntimeWarning: invalid value encountered in divide\n"}
,{"stream_name":"stderr","time":4849.485783687,"data":"  per_class_acc = conf_matrix.diagonal() / conf_matrix.sum(axis=1) * 100\n"}
,{"stream_name":"stdout","time":4849.485858656,"data":"未过滤\t未用伪标签：61.93% -\u003e 使用伪标签：55.43%\n"}
,{"stream_name":"stdout","time":4849.485882861,"data":"已过滤\t未用伪标签：62.45% -\u003e 使用伪标签：55.90%\n"}
,{"stream_name":"stdout","time":4849.485888116,"data":"排除样本：50|6000\t剩余：2343, 1996, 1611\n"}
,{"stream_name":"stdout","time":4849.485893363,"data":"增添样本：2414\t\t细则：0, 1682, 732\t正确率估算：99.78%\n"}
,{"stream_name":"stdout","time":4849.485898407,"data":"类型1 正确率： 100.00% -\u003e 1  100.00%, 2    0.00%, 3    0.00%\n"}
,{"stream_name":"stdout","time":4849.485903805,"data":"类型2 正确率：  34.00% -\u003e 1   17.59%, 2   33.90%, 3   48.51%\n"}
,{"stream_name":"stdout","time":4849.485908325,"data":"类型3 正确率：  33.00% -\u003e 1    0.00%, 2   66.75%, 3   33.25%\n"}
,{"stream_name":"stdout","time":4849.485912741,"data":"\n"}
,{"stream_name":"stdout","time":4849.485916884,"data":"被排除样本 正确率：0.00%\n"}
,{"stream_name":"stdout","time":4849.485921283,"data":"类型1 正确率：   0.00% -\u003e 1    0.00%, 2  100.00%\n"}
,{"stream_name":"stdout","time":4849.485925776,"data":"类型2 没有样本或未被分类。\n"}
,{"stream_name":"stdout","time":4849.485930415,"data":"\n"}
,{"stream_name":"stdout","time":4849.485945681,"data":"\n"}
,{"stream_name":"stdout","time":4862.654252668,"data":"轮次:··6/·20 || c_Loss:0.397 || e_Loss:-1.748 || Aad_Loss:-20.870 || 耗时：34.23s\n"}
,{"stream_name":"stdout","time":4875.934416464,"data":"轮次:··7/·20 || c_Loss:0.386 || e_Loss:-1.811 || Aad_Loss:-21.481 || 耗时：13.28s\n"}
,{"stream_name":"stdout","time":4889.202779933,"data":"轮次:··8/·20 || c_Loss:0.412 || e_Loss:-1.656 || Aad_Loss:-20.574 || 耗时：13.27s\n"}
,{"stream_name":"stdout","time":4902.470325864,"data":"轮次:··9/·20 || c_Loss:0.399 || e_Loss:-1.742 || Aad_Loss:-19.427 || 耗时：13.27s\n"}
,{"stream_name":"stdout","time":4915.713798836,"data":"轮次:·10/·20 || c_Loss:0.373 || e_Loss:-1.806 || Aad_Loss:-24.399 || 耗时：13.24s\n"}
,{"stream_name":"stdout","time":4921.817284944,"data":"任务: (B1)N15_M01_F10→(B2)N15_M07_F10; mix批次:····0; 批次:··940/·1880;  总正确率: 64.10%\n"}
,{"stream_name":"stdout","time":4921.817321337,"data":"类型1 正确率： 100.00% -\u003e 1  100.00%, 2    0.00%, 3    0.00%\n"}
,{"stream_name":"stdout","time":4921.8173275,"data":"类型2 正确率：  33.00% -\u003e 1   14.65%, 2   32.95%, 3   52.40%\n"}
,{"stream_name":"stdout","time":4921.817332883,"data":"类型3 正确率：  59.00% -\u003e 1   10.80%, 2   29.85%, 3   59.35%\n"}
,{"stream_name":"stdout","time":4921.817350077,"data":"\n"}
,{"stream_name":"stdout","time":4921.817353499,"data":"\n"}
,{"stream_name":"stdout","time":4921.860626803,"data":"样本变换：reverse\n"}
,{"stream_name":"stdout","time":4925.109407351,"data":"样本变换：mask\n"}
,{"stream_name":"stdout","time":4928.379413323,"data":"样本变换：shift\n"}
,{"stream_name":"stdout","time":4931.639270119,"data":"样本变换：none\n"}
,{"stream_name":"stdout","time":4936.934083403,"data":"未过滤\t未用伪标签：64.10% -\u003e 使用伪标签：56.20%\n"}
,{"stream_name":"stdout","time":4936.934117771,"data":"已过滤\t未用伪标签：64.26% -\u003e 使用伪标签：56.69%\n"}
,{"stream_name":"stdout","time":4936.934122067,"data":"排除样本：52|6000\t剩余：2407, 1926, 1615\n"}
,{"stream_name":"stdout","time":4936.934126167,"data":"增添样本：2538\t\t细则：0, 1746, 792\t正确率估算：99.86%\n"}
,{"stream_name":"stdout","time":4936.934146552,"data":"类型1 正确率： 100.00% -\u003e 1  100.00%, 2    0.00%, 3    0.00%\n"}
,{"stream_name":"stdout","time":4936.934152498,"data":"类型2 正确率：  34.00% -\u003e 1   20.64%, 2   33.52%, 3   45.84%\n"}
,{"stream_name":"stdout","time":4936.934157809,"data":"类型3 正确率：  36.00% -\u003e 1    0.00%, 2   64.02%, 3   35.98%\n"}
,{"stream_name":"stdout","time":4936.934162886,"data":"\n"}
,{"stream_name":"stdout","time":4936.934167679,"data":"被排除样本 正确率：46.15%\n"}
,{"stream_name":"stdout","time":4936.934172217,"data":"类型1 正确率：   0.00% -\u003e 1    0.00%, 2  100.00%\n"}
,{"stream_name":"stdout","time":4936.934176687,"data":"类型2 正确率： 100.00% -\u003e 1    0.00%, 2  100.00%\n"}
,{"stream_name":"stdout","time":4936.934181079,"data":"\n"}
,{"stream_name":"stdout","time":4936.934185276,"data":"\n"}
,{"stream_name":"stdout","time":4950.042037101,"data":"轮次:·11/·20 || c_Loss:0.377 || e_Loss:-1.754 || Aad_Loss:-22.725 || 耗时：34.33s\n"}
,{"stream_name":"stdout","time":4963.272447066,"data":"轮次:·12/·20 || c_Loss:0.383 || e_Loss:-1.728 || Aad_Loss:-25.522 || 耗时：13.23s\n"}
,{"stream_name":"stdout","time":4976.522016781,"data":"轮次:·13/·20 || c_Loss:0.408 || e_Loss:-1.624 || Aad_Loss:-25.664 || 耗时：13.25s\n"}
,{"stream_name":"stdout","time":4989.774915011,"data":"轮次:·14/·20 || c_Loss:0.376 || e_Loss:-1.837 || Aad_Loss:-23.292 || 耗时：13.25s\n"}
,{"stream_name":"stdout","time":5003.045086866,"data":"轮次:·15/·20 || c_Loss:0.375 || e_Loss:-1.683 || Aad_Loss:-26.401 || 耗时：13.27s\n"}
,{"stream_name":"stdout","time":5009.177683672,"data":"任务: (B1)N15_M01_F10→(B2)N15_M07_F10; mix批次:····0; 批次:·1410/·1880;  总正确率: 65.75%\n"}
,{"stream_name":"stdout","time":5009.177745367,"data":"类型1 正确率： 100.00% -\u003e 1  100.00%, 2    0.00%, 3    0.00%\n"}
,{"stream_name":"stdout","time":5009.177753207,"data":"类型2 正确率：  33.00% -\u003e 1   20.65%, 2   33.00%, 3   46.35%\n"}
,{"stream_name":"stdout","time":5009.177758714,"data":"类型3 正确率：  64.00% -\u003e 1    4.15%, 2   31.60%, 3   64.25%\n"}
,{"stream_name":"stdout","time":5009.177764734,"data":"\n"}
,{"stream_name":"stdout","time":5009.177769005,"data":"\n"}
,{"stream_name":"stdout","time":5009.221290832,"data":"样本变换：reverse\n"}
,{"stream_name":"stdout","time":5012.502259918,"data":"样本变换：mask\n"}
,{"stream_name":"stdout","time":5015.808320823,"data":"样本变换：shift\n"}
,{"stream_name":"stdout","time":5019.088286784,"data":"样本变换：none\n"}
,{"stream_name":"stderr","time":5024.381750908,"data":"/kaggle/working/m2rep/reps1/sdalr_PU_final_checkpoint/tools.py:413: RuntimeWarning: invalid value encountered in divide\n"}
,{"stream_name":"stderr","time":5024.381795136,"data":"  per_class_acc = conf_matrix.diagonal() / conf_matrix.sum(axis=1) * 100\n"}
,{"stream_name":"stdout","time":5024.381928843,"data":"未过滤\t未用伪标签：65.75% -\u003e 使用伪标签：59.62%\n"}
,{"stream_name":"stdout","time":5024.381951661,"data":"已过滤\t未用伪标签：65.87% -\u003e 使用伪标签：60.62%\n"}
,{"stream_name":"stdout","time":5024.381958392,"data":"排除样本：99|6000\t剩余：2526, 1685, 1690\n"}
,{"stream_name":"stdout","time":5024.381963557,"data":"增添样本：2701\t\t细则：0, 1865, 836\t正确率估算：99.73%\n"}
,{"stream_name":"stdout","time":5024.38196923,"data":"类型1 正确率： 100.00% -\u003e 1  100.00%, 2    0.00%, 3    0.00%\n"}
,{"stream_name":"stdout","time":5024.38197377,"data":"类型2 正确率：  34.00% -\u003e 1   26.82%, 2   33.71%, 3   39.47%\n"}
,{"stream_name":"stdout","time":5024.381978338,"data":"类型3 正确率：  47.00% -\u003e 1    0.00%, 2   52.78%, 3   47.22%\n"}
,{"stream_name":"stdout","time":5024.381983286,"data":"\n"}
,{"stream_name":"stdout","time":5024.381987484,"data":"被排除样本 正确率：58.59%\n"}
,{"stream_name":"stdout","time":5024.381992437,"data":"类型1 没有样本或未被分类。\n"}
,{"stream_name":"stdout","time":5024.38199728,"data":"类型2 正确率：   0.00% -\u003e 1    0.00%, 2    0.00%, 3  100.00%\n"}
,{"stream_name":"stdout","time":5024.38200149,"data":"类型3 正确率：  97.00% -\u003e 1    3.33%, 2    0.00%, 3   96.67%\n"}
,{"stream_name":"stdout","time":5024.382006066,"data":"\n"}
,{"stream_name":"stdout","time":5024.382010259,"data":"\n"}
,{"stream_name":"stdout","time":5037.472979642,"data":"轮次:·16/·20 || c_Loss:0.368 || e_Loss:-1.800 || Aad_Loss:-28.196 || 耗时：34.43s\n"}
,{"stream_name":"stdout","time":5050.661270467,"data":"轮次:·17/·20 || c_Loss:0.345 || e_Loss:-1.814 || Aad_Loss:-21.888 || 耗时：13.19s\n"}
,{"stream_name":"stdout","time":5063.81483482,"data":"轮次:·18/·20 || c_Loss:0.354 || e_Loss:-1.771 || Aad_Loss:-26.496 || 耗时：13.15s\n"}
,{"stream_name":"stdout","time":5076.871613963,"data":"轮次:·19/·20 || c_Loss:0.341 || e_Loss:-1.712 || Aad_Loss:-29.224 || 耗时：13.06s\n"}
,{"stream_name":"stdout","time":5090.10379266,"data":"轮次:·20/·20 || c_Loss:0.350 || e_Loss:-1.789 || Aad_Loss:-25.666 || 耗时：13.23s\n"}
,{"stream_name":"stdout","time":5096.246417769,"data":"任务: (B1)N15_M01_F10→(B2)N15_M07_F10; mix批次:····0; 批次:·1880/·1880;  总正确率: 72.80%\n"}
,{"stream_name":"stdout","time":5096.246461186,"data":"类型1 正确率： 100.00% -\u003e 1  100.00%, 2    0.00%, 3    0.00%\n"}
,{"stream_name":"stdout","time":5096.246466673,"data":"类型2 正确率：  33.00% -\u003e 1   30.45%, 2   32.95%, 3   36.60%\n"}
,{"stream_name":"stdout","time":5096.246470221,"data":"类型3 正确率：  85.00% -\u003e 1    0.20%, 2   14.35%, 3   85.45%\n"}
,{"stream_name":"stdout","time":5096.246473452,"data":"\n"}
,{"stream_name":"stdout","time":5096.246476305,"data":"\n"}
,{"stream_name":"stdout","time":5102.363654247,"data":"测试集任务: (B1)N15_M01_F10→(B2)N15_M07_F10; 总正确率 = 72.80%\n"}
,{"stream_name":"stdout","time":5102.363702905,"data":"类型1 正确率： 100.00% -\u003e 1  100.00%, 2    0.00%, 3    0.00%\n"}
,{"stream_name":"stdout","time":5102.363710402,"data":"类型2 正确率：  33.00% -\u003e 1   30.45%, 2   32.95%, 3   36.60%\n"}
,{"stream_name":"stdout","time":5102.363715312,"data":"类型3 正确率：  85.00% -\u003e 1    0.20%, 2   14.35%, 3   85.45%\n"}
,{"stream_name":"stdout","time":5102.363744539,"data":"\n"}
,{"stream_name":"stdout","time":5102.363747481,"data":"\n"}
,{"stream_name":"stdout","time":5102.385661694,"data":"[tar_adaptation_RES_PU.py --folder_root /kaggle/working/m2rep/reps1/sdalr_PU_final_checkpoint/DATA_foldA --seed 1 --class_num 3 --data_name PU_M1_L3 --output /kaggle/working/m2rep/reps1/weight_PU_M1_final_checkpoint_FBtoA_gatepcv_s1 --s 0 --t 1 --lr 0.0005 --threshold 0.4 --K 0.6] 368s\n"}
,{"stream_name":"stdout","time":5102.426300061,"data":"读取源域路径：/kaggle/working/m2rep/reps1/weight_PU_M1_final_checkpoint_FBtoA_gatepcv_s1/NEW_PU/Source-源域/log\u0026pt/(B1)N15_M01_F10\n"}
,{"stream_name":"stdout","time":5102.426323376,"data":"excel输出位置：/kaggle/working/m2rep/reps1/weight_PU_M1_final_checkpoint_FBtoA_gatepcv_s1/NEW_PU/Target-目标域\n"}
,{"stream_name":"stdout","time":5102.426339118,"data":"特征图片输出位置：/kaggle/working/m2rep/reps1/weight_PU_M1_final_checkpoint_FBtoA_gatepcv_s1/NEW_PU/Picture-特征图/2026年09月15日18时40分/(B1)N15_M01_F10\n"}
,{"stream_name":"stderr","time":5102.459701633,"data":"/usr/local/lib/python3.12/dist-packages/torch/nn/utils/weight_norm.py:144: FutureWarning: `torch.nn.utils.weight_norm` is deprecated in favor of `torch.nn.utils.parametrizations.weight_norm`.\n"}
,{"stream_name":"stderr","time":5102.459727992,"data":"  WeightNorm.apply(module, name, dim)\n"}
,{"stream_name":"stdout","time":5102.497384553,"data":"现在选取:(B1)N15_M01_F10 进行训练的源模型\n"}
,{"stream_name":"stdout","time":5102.497412671,"data":"现在进行：(B1)N15_M01_F10→(B3)N15_M07_F04 的迁移任务\n"}
,{"stream_name":"stdout","time":5102.497419731,"data":"log\u0026pt输出位置：/kaggle/working/m2rep/reps1/weight_PU_M1_final_checkpoint_FBtoA_gatepcv_s1/NEW_PU/Target-目标域/log\u0026pt/(B1)N15_M01_F10→(B3)N15_M07_F04\n"}
,{"stream_name":"stderr","time":5102.498775752,"data":"sh: 1: Syntax error: word unexpected (expecting \")\")\n"}
,{"stream_name":"stdout","time":5113.620684447,"data":"任务: (B1)N15_M01_F10→(B3)N15_M07_F04; 批次:····0/·1880;  总正确率: 51.20%\n"}
,{"stream_name":"stdout","time":5113.620724553,"data":"类型1 正确率： 100.00% -\u003e 1   99.95%, 2    0.00%, 3    0.05%\n"}
,{"stream_name":"stdout","time":5113.620731447,"data":"类型2 正确率：  37.00% -\u003e 1   14.10%, 2   37.40%, 3   48.50%\n"}
,{"stream_name":"stdout","time":5113.620736667,"data":"类型3 正确率：  16.00% -\u003e 1    0.00%, 2   83.75%, 3   16.25%\n"}
,{"stream_name":"stdout","time":5113.620741934,"data":"\n"}
,{"stream_name":"stdout","time":5113.620746754,"data":"\n"}
,{"stream_name":"stdout","time":5113.621228849,"data":"样本变换：reverse\n"}
,{"stream_name":"stdout","time":5116.909238258,"data":"样本变换：mask\n"}
,{"stream_name":"stdout","time":5120.217254331,"data":"样本变换：shift\n"}
,{"stream_name":"stdout","time":5123.565239658,"data":"样本变换：none\n"}
,{"stream_name":"stdout","time":5129.130250882,"data":"未过滤\t未用伪标签：51.20% -\u003e 使用伪标签：54.90%\n"}
,{"stream_name":"stdout","time":5129.130292614,"data":"已过滤\t未用伪标签：51.37% -\u003e 使用伪标签：55.19%\n"}
,{"stream_name":"stdout","time":5129.130297414,"data":"排除样本：31|6000\t剩余：2599, 2010, 1360\n"}
,{"stream_name":"stdout","time":5129.130300744,"data":"增添样本：1863\t\t细则：0, 623, 1240\t正确率估算：80.78%\n"}
,{"stream_name":"stdout","time":5129.130304068,"data":"类型1 正确率： 100.00% -\u003e 1  100.00%, 2    0.00%, 3    0.00%\n"}
,{"stream_name":"stdout","time":5129.130307361,"data":"类型2 正确率：  33.00% -\u003e 1   30.39%, 2   33.13%, 3   36.48%\n"}
,{"stream_name":"stdout","time":5129.130343195,"data":"类型3 正确率：  32.00% -\u003e 1    0.00%, 2   67.92%, 3   32.08%\n"}
,{"stream_name":"stdout","time":5129.130348431,"data":"\n"}
,{"stream_name":"stdout","time":5129.13035199,"data":"被排除样本 正确率：19.35%\n"}
,{"stream_name":"stdout","time":5129.130355522,"data":"类型1 正确率：  21.00% -\u003e 1   20.69%, 2   79.31%\n"}
,{"stream_name":"stdout","time":5129.130359105,"data":"类型2 正确率：   0.00% -\u003e 1  100.00%, 2    0.00%\n"}
,{"stream_name":"stdout","time":5129.130362625,"data":"\n"}
,{"stream_name":"stdout","time":5129.130365882,"data":"\n"}
,{"stream_name":"stdout","time":5142.374485965,"data":"轮次:··1/·20 || c_Loss:0.502 || e_Loss:-1.030 || Aad_Loss:-27.606 || 耗时：34.75s\n"}
,{"stream_name":"stdout","time":5155.688471485,"data":"轮次:··2/·20 || c_Loss:0.393 || e_Loss:-1.045 || Aad_Loss:-27.983 || 耗时：13.31s\n"}
,{"stream_name":"stdout","time":5168.978293583,"data":"轮次:··3/·20 || c_Loss:0.387 || e_Loss:-0.907 || Aad_Loss:-27.670 || 耗时：13.29s\n"}
,{"stream_name":"stdout","time":5182.218538348,"data":"轮次:··4/·20 || c_Loss:0.350 || e_Loss:-0.941 || Aad_Loss:-30.136 || 耗时：13.24s\n"}
,{"stream_name":"stdout","time":5195.292157983,"data":"轮次:··5/·20 || c_Loss:0.374 || e_Loss:-1.327 || Aad_Loss:-28.114 || 耗时：13.07s\n"}
,{"stream_name":"stdout","time":5201.408156141,"data":"任务: (B1)N15_M01_F10→(B3)N15_M07_F04; mix批次:····0; 批次:··470/·1880;  总正确率: 55.22%\n"}
,{"stream_name":"stdout","time":5201.408230549,"data":"类型1 正确率： 100.00% -\u003e 1  100.00%, 2    0.00%, 3    0.00%\n"}
,{"stream_name":"stdout","time":5201.408239443,"data":"类型2 正确率：  33.00% -\u003e 1   33.95%, 2   32.70%, 3   33.35%\n"}
,{"stream_name":"stdout","time":5201.408244522,"data":"类型3 正确率：  33.00% -\u003e 1    0.00%, 2   67.05%, 3   32.95%\n"}
,{"stream_name":"stdout","time":5201.408249189,"data":"\n"}
,{"stream_name":"stdout","time":5201.408255021,"data":"\n"}
,{"stream_name":"stdout","time":5201.439666049,"data":"样本变换：reverse\n"}
,{"stream_name":"stdout","time":5204.724234729,"data":"样本变换：mask\n"}
,{"stream_name":"stdout","time":5208.041308883,"data":"样本变换：shift\n"}
,{"stream_name":"stdout","time":5211.350261673,"data":"样本变换：none\n"}
,{"stream_name":"stderr","time":5216.961704813,"data":"/kaggle/working/m2rep/reps1/sdalr_PU_final_checkpoint/tools.py:413: RuntimeWarning: invalid value encountered in divide\n"}
,{"stream_name":"stdout","time":5216.96174081,"data":"未过滤\t未用伪标签：55.22% -\u003e 使用伪标签：55.30%\n"}
,{"stream_name":"stderr","time":5216.961745814,"data":"  per_class_acc = conf_matrix.diagonal() / conf_matrix.sum(axis=1) * 100\n"}
,{"stream_name":"stdout","time":5216.961754996,"data":"已过滤\t未用伪标签：55.23% -\u003e 使用伪标签：55.31%\n"}
,{"stream_name":"stdout","time":5216.961762332,"data":"排除样本：1|6000\t剩余：2680, 2000, 1319\n"}
,{"stream_name":"stdout","time":5216.961767457,"data":"增添样本：2076\t\t细则：0, 714, 1362\t正确率估算：99.90%\n"}
,{"stream_name":"stdout","time":5216.96177291,"data":"类型1 正确率： 100.00% -\u003e 1  100.00%, 2    0.00%, 3    0.00%\n"}
,{"stream_name":"stdout","time":5216.961777737,"data":"类型2 正确率：  33.00% -\u003e 1   34.02%, 2   32.97%, 3   33.02%\n"}
,{"stream_name":"stdout","time":5216.961783922,"data":"类型3 正确率：  33.00% -\u003e 1    0.00%, 2   67.05%, 3   32.95%\n"}
,{"stream_name":"stdout","time":5216.961791767,"data":"\n"}
,{"stream_name":"stdout","time":5216.961795023,"data":"被排除样本 正确率：0.00%\n"}
,{"stream_name":"stdout","time":5216.961810576,"data":"类型1 正确率：   0.00% -\u003e 1    0.00%, 2  100.00%\n"}
,{"stream_name":"stdout","time":5216.961813084,"data":"类型2 没有样本或未被分类。\n"}
,{"stream_name":"stdout","time":5216.961815431,"data":"\n"}
,{"stream_name":"stdout","time":5216.96181762,"data":"\n"}
,{"stream_name":"stdout","time":5230.091127158,"data":"轮次:··6/·20 || c_Loss:0.359 || e_Loss:-1.136 || Aad_Loss:-29.977 || 耗时：34.80s\n"}
,{"stream_name":"stdout","time":5243.294803714,"data":"轮次:··7/·20 || c_Loss:0.359 || e_Loss:-0.979 || Aad_Loss:-31.067 || 耗时：13.20s\n"}
,{"stream_name":"stdout","time":5256.483882585,"data":"轮次:··8/·20 || c_Loss:0.440 || e_Loss:-0.874 || Aad_Loss:-31.911 || 耗时：13.19s\n"}
,{"stream_name":"stdout","time":5269.828402629,"data":"轮次:··9/·20 || c_Loss:0.359 || e_Loss:-0.945 || Aad_Loss:-31.794 || 耗时：13.34s\n"}
,{"stream_name":"stdout","time":5283.093909628,"data":"轮次:·10/·20 || c_Loss:0.357 || e_Loss:-0.987 || Aad_Loss:-30.963 || 耗时：13.27s\n"}
,{"stream_name":"stdout","time":5289.278839565,"data":"任务: (B1)N15_M01_F10→(B3)N15_M07_F04; mix批次:····0; 批次:··940/·1880;  总正确率: 55.23%\n"}
,{"stream_name":"stdout","time":5289.278881186,"data":"类型1 正确率： 100.00% -\u003e 1  100.00%, 2    0.00%, 3    0.00%\n"}
,{"stream_name":"stdout","time":5289.278886436,"data":"类型2 正确率：  33.00% -\u003e 1   34.00%, 2   32.70%, 3   33.30%\n"}
,{"stream_name":"stdout","time":5289.278889802,"data":"类型3 正确率：  33.00% -\u003e 1    0.00%, 2   67.00%, 3   33.00%\n"}
,{"stream_name":"stdout","time":5289.278892858,"data":"\n"}
,{"stream_name":"stdout","time":5289.278896178,"data":"\n"}
,{"stream_name":"stdout","time":5289.319816781,"data":"样本变换：reverse\n"}
,{"stream_name":"stdout","time":5292.616666869,"data":"样本变换：mask\n"}
,{"stream_name":"stdout","time":5295.920955134,"data":"样本变换：shift\n"}
,{"stream_name":"stdout","time":5299.205228158,"data":"样本变换：none\n"}
,{"stream_name":"stderr","time":5304.794002817,"data":"/kaggle/working/m2rep/reps1/sdalr_PU_final_checkpoint/tools.py:413: RuntimeWarning: invalid value encountered in divide\n"}
,{"stream_name":"stderr","time":5304.794045642,"data":"  per_class_acc = conf_matrix.diagonal() / conf_matrix.sum(axis=1) * 100\n"}
,{"stream_name":"stdout","time":5304.794111154,"data":"未过滤\t未用伪标签：55.23% -\u003e 使用伪标签：55.27%\n"}
,{"stream_name":"stdout","time":5304.794127655,"data":"已过滤\t未用伪标签：55.24% -\u003e 使用伪标签：55.28%\n"}
,{"stream_name":"stdout","time":5304.794133218,"data":"排除样本：1|6000\t剩余：2680, 1998, 1321\n"}
,{"stream_name":"stdout","time":5304.794139804,"data":"增添样本：2076\t\t细则：0, 716, 1360\t正确率估算：100.00%\n"}
,{"stream_name":"stdout","time":5304.794146957,"data":"类型1 正确率： 100.00% -\u003e 1  100.00%, 2    0.00%, 3    0.00%\n"}
,{"stream_name":"stdout","time":5304.794150334,"data":"类型2 正确率：  33.00% -\u003e 1   34.02%, 2   32.87%, 3   33.12%\n"}
,{"stream_name":"stdout","time":5304.794153375,"data":"类型3 正确率：  33.00% -\u003e 1    0.00%, 2   67.05%, 3   32.95%\n"}
,{"stream_name":"stdout","time":5304.794156432,"data":"\n"}
,{"stream_name":"stdout","time":5304.794159202,"data":"被排除样本 正确率：0.00%\n"}
,{"stream_name":"stdout","time":5304.794162024,"data":"类型1 正确率：   0.00% -\u003e 1    0.00%, 2  100.00%\n"}
,{"stream_name":"stdout","time":5304.794164943,"data":"类型2 没有样本或未被分类。\n"}
,{"stream_name":"stdout","time":5304.794168002,"data":"\n"}
,{"stream_name":"stdout","time":5304.794229671,"data":"\n"}
,{"stream_name":"stdout","time":5317.765261373,"data":"轮次:·11/·20 || c_Loss:0.366 || e_Loss:-0.956 || Aad_Loss:-31.772 || 耗时：34.67s\n"}
,{"stream_name":"stdout","time":5330.831598456,"data":"轮次:·12/·20 || c_Loss:0.355 || e_Loss:-0.975 || Aad_Loss:-31.043 || 耗时：13.07s\n"}
,{"stream_name":"stdout","time":5343.900060601,"data":"轮次:·13/·20 || c_Loss:0.353 || e_Loss:-0.980 || Aad_Loss:-31.142 || 耗时：13.07s\n"}
,{"stream_name":"stdout","time":5357.074918139,"data":"轮次:·14/·20 || c_Loss:0.365 || e_Loss:-0.974 || Aad_Loss:-30.700 || 耗时：13.17s\n"}
,{"stream_name":"stdout","time":5370.182459982,"data":"轮次:·15/·20 || c_Loss:0.355 || e_Loss:-0.994 || Aad_Loss:-31.130 || 耗时：13.11s\n"}
,{"stream_name":"stdout","time":5376.310972299,"data":"任务: (B1)N15_M01_F10→(B3)N15_M07_F04; mix批次:····0; 批次:·1410/·1880;  总正确率: 55.27%\n"}
,{"stream_name":"stdout","time":5376.311013467,"data":"类型1 正确率： 100.00% -\u003e 1  100.00%, 2    0.00%, 3    0.00%\n"}
,{"stream_name":"stdout","time":5376.311021292,"data":"类型2 正确率：  33.00% -\u003e 1   34.00%, 2   32.80%, 3   33.20%\n"}
,{"stream_name":"stdout","time":5376.311027515,"data":"类型3 正确率：  33.00% -\u003e 1    0.00%, 2   67.00%, 3   33.00%\n"}
,{"stream_name":"stdout","time":5376.311033873,"data":"\n"}
,{"stream_name":"stdout","time":5376.311039589,"data":"\n"}
,{"stream_name":"stdout","time":5376.358109682,"data":"样本变换：reverse\n"}
,{"stream_name":"stdout","time":5379.730933484,"data":"样本变换：mask\n"}
,{"stream_name":"stdout","time":5383.063540686,"data":"样本变换：shift\n"}
,{"stream_name":"stdout","time":5386.344950501,"data":"样本变换：none\n"}
,{"stream_name":"stderr","time":5392.057317266,"data":"/kaggle/working/m2rep/reps1/sdalr_PU_final_checkpoint/tools.py:413: RuntimeWarning: invalid value encountered in divide\n"}
,{"stream_name":"stderr","time":5392.05737743,"data":"  per_class_acc = conf_matrix.diagonal() / conf_matrix.sum(axis=1) * 100\n"}
,{"stream_name":"stdout","time":5392.057534191,"data":"未过滤\t未用伪标签：55.27% -\u003e 使用伪标签：55.27%\n"}
,{"stream_name":"stdout","time":5392.057545949,"data":"已过滤\t未用伪标签：55.28% -\u003e 使用伪标签：55.28%\n"}
,{"stream_name":"stdout","time":5392.057552181,"data":"排除样本：1|6000\t剩余：2680, 1998, 1321\n"}
,{"stream_name":"stdout","time":5392.057557684,"data":"增添样本：2076\t\t细则：0, 716, 1360\t正确率估算：100.00%\n"}
,{"stream_name":"stdout","time":5392.057563219,"data":"类型1 正确率： 100.00% -\u003e 1  100.00%, 2    0.00%, 3    0.00%\n"}
,{"stream_name":"stdout","time":5392.057568887,"data":"类型2 正确率：  33.00% -\u003e 1   34.02%, 2   32.87%, 3   33.12%\n"}
,{"stream_name":"stdout","time":5392.057573534,"data":"类型3 正确率：  33.00% -\u003e 1    0.00%, 2   67.05%, 3   32.95%\n"}
,{"stream_name":"stdout","time":5392.057578194,"data":"\n"}
,{"stream_name":"stdout","time":5392.057582588,"data":"被排除样本 正确率：0.00%\n"}
,{"stream_name":"stdout","time":5392.057586981,"data":"类型1 正确率：   0.00% -\u003e 1    0.00%, 2  100.00%\n"}
,{"stream_name":"stdout","time":5392.057591353,"data":"类型2 没有样本或未被分类。\n"}
,{"stream_name":"stdout","time":5392.0575959,"data":"\n"}
,{"stream_name":"stdout","time":5392.057600006,"data":"\n"}
,{"stream_name":"stdout","time":5405.060301826,"data":"轮次:·16/·20 || c_Loss:0.364 || e_Loss:-0.957 || Aad_Loss:-31.961 || 耗时：34.88s\n"}
,{"stream_name":"stdout","time":5418.132770588,"data":"轮次:·17/·20 || c_Loss:0.354 || e_Loss:-0.976 || Aad_Loss:-31.250 || 耗时：13.07s\n"}
,{"stream_name":"stdout","time":5431.321232283,"data":"轮次:·18/·20 || c_Loss:0.352 || e_Loss:-0.983 || Aad_Loss:-31.303 || 耗时：13.19s\n"}
,{"stream_name":"stdout","time":5444.65759741,"data":"轮次:·19/·20 || c_Loss:0.363 || e_Loss:-0.973 || Aad_Loss:-30.879 || 耗时：13.34s\n"}
,{"stream_name":"stdout","time":5457.901570332,"data":"轮次:·20/·20 || c_Loss:0.354 || e_Loss:-0.992 || Aad_Loss:-31.267 || 耗时：13.24s\n"}
,{"stream_name":"stdout","time":5464.04930505,"data":"任务: (B1)N15_M01_F10→(B3)N15_M07_F04; mix批次:····0; 批次:·1880/·1880;  总正确率: 55.27%\n"}
,{"stream_name":"stdout","time":5464.049361592,"data":"类型1 正确率： 100.00% -\u003e 1  100.00%, 2    0.00%, 3    0.00%\n"}
,{"stream_name":"stdout","time":5464.049376578,"data":"类型2 正确率：  33.00% -\u003e 1   34.00%, 2   32.80%, 3   33.20%\n"}
,{"stream_name":"stdout","time":5464.049383527,"data":"类型3 正确率：  33.00% -\u003e 1    0.00%, 2   67.00%, 3   33.00%\n"}
,{"stream_name":"stdout","time":5464.049389418,"data":"\n"}
,{"stream_name":"stdout","time":5464.04939429,"data":"\n"}
,{"stream_name":"stdout","time":5470.160750339,"data":"测试集任务: (B1)N15_M01_F10→(B3)N15_M07_F04; 总正确率 = 55.27%\n"}
,{"stream_name":"stdout","time":5470.160787015,"data":"类型1 正确率： 100.00% -\u003e 1  100.00%, 2    0.00%, 3    0.00%\n"}
,{"stream_name":"stdout","time":5470.160794196,"data":"类型2 正确率：  33.00% -\u003e 1   34.00%, 2   32.80%, 3   33.20%\n"}
,{"stream_name":"stdout","time":5470.160800067,"data":"类型3 正确率：  33.00% -\u003e 1    0.00%, 2   67.00%, 3   33.00%\n"}
,{"stream_name":"stdout","time":5470.160805572,"data":"\n"}
,{"stream_name":"stdout","time":5470.160810798,"data":"\n"}
,{"stream_name":"stdout","time":5470.203243947,"data":"[tar_adaptation_RES_PU.py --folder_root /kaggle/working/m2rep/reps1/sdalr_PU_final_checkpoint/DATA_foldA --seed 1 --class_num 3 --data_name PU_M1_L3 --output /kaggle/working/m2rep/reps1/weight_PU_M1_final_checkpoint_FBtoA_gatepcv_s1 --s 0 --t 2 --lr 0.0005 --threshold 0.4 --K 0.6] 368s\n"}
,{"stream_name":"stdout","time":5470.239540403,"data":"读取源域路径：/kaggle/working/m2rep/reps1/weight_PU_M1_final_checkpoint_FBtoA_gatepcv_s1/NEW_PU/Source-源域/log\u0026pt/(B2)N15_M07_F10\n"}
,{"stream_name":"stdout","time":5470.239565132,"data":"excel输出位置：/kaggle/working/m2rep/reps1/weight_PU_M1_final_checkpoint_FBtoA_gatepcv_s1/NEW_PU/Target-目标域\n"}
,{"stream_name":"stdout","time":5470.239570955,"data":"特征图片输出位置：/kaggle/working/m2rep/reps1/weight_PU_M1_final_checkpoint_FBtoA_gatepcv_s1/NEW_PU/Picture-特征图/2026年09月15日18时46分/(B2)N15_M07_F10\n"}
,{"stream_name":"stderr","time":5470.273795087,"data":"/usr/local/lib/python3.12/dist-packages/torch/nn/utils/weight_norm.py:144: FutureWarning: `torch.nn.utils.weight_norm` is deprecated in favor of `torch.nn.utils.parametrizations.weight_norm`.\n"}
,{"stream_name":"stderr","time":5470.273823973,"data":"  WeightNorm.apply(module, name, dim)\n"}
,{"stream_name":"stdout","time":5470.311472459,"data":"现在选取:(B2)N15_M07_F10 进行训练的源模型\n"}
,{"stream_name":"stdout","time":5470.311497494,"data":"现在进行：(B2)N15_M07_F10→(B1)N15_M01_F10 的迁移任务\n"}
,{"stream_name":"stdout","time":5470.311504997,"data":"log\u0026pt输出位置：/kaggle/working/m2rep/reps1/weight_PU_M1_final_checkpoint_FBtoA_gatepcv_s1/NEW_PU/Target-目标域/log\u0026pt/(B2)N15_M07_F10→(B1)N15_M01_F10\n"}
,{"stream_name":"stderr","time":5470.312754628,"data":"sh: 1: Syntax error: word unexpected (expecting \")\")\n"}
,{"stream_name":"stdout","time":5481.508804201,"data":"任务: (B2)N15_M07_F10→(B1)N15_M01_F10; 批次:····0/·1880;  总正确率: 55.52%\n"}
,{"stream_name":"stdout","time":5481.508867562,"data":"类型1 正确率： 100.00% -\u003e 1  100.00%, 2    0.00%, 3    0.00%\n"}
,{"stream_name":"stdout","time":5481.508874563,"data":"类型2 正确率：  34.00% -\u003e 1   28.60%, 2   33.55%, 3   37.85%\n"}
,{"stream_name":"stdout","time":5481.508878412,"data":"类型3 正确率：  33.00% -\u003e 1    0.00%, 2   67.00%, 3   33.00%\n"}
,{"stream_name":"stdout","time":5481.508882024,"data":"\n"}
,{"stream_name":"stdout","time":5481.508885523,"data":"\n"}
,{"stream_name":"stdout","time":5481.509562203,"data":"样本变换：reverse\n"}
,{"stream_name":"stdout","time":5484.746269071,"data":"样本变换：mask\n"}
,{"stream_name":"stdout","time":5488.017829565,"data":"样本变换：shift\n"}
,{"stream_name":"stdout","time":5491.300036302,"data":"样本变换：none\n"}
,{"stream_name":"stderr","time":5496.79002174,"data":"/kaggle/working/m2rep/reps1/sdalr_PU_final_checkpoint/tools.py:413: RuntimeWarning: invalid value encountered in divide\n"}
,{"stream_name":"stderr","time":5496.790056848,"data":"  per_class_acc = conf_matrix.diagonal() / conf_matrix.sum(axis=1) * 100\n"}
,{"stream_name":"stdout","time":5496.790084509,"data":"未过滤\t未用伪标签：55.52% -\u003e 使用伪标签：55.25%\n"}
,{"stream_name":"stdout","time":5496.790092037,"data":"已过滤\t未用伪标签：55.74% -\u003e 使用伪标签：55.47%\n"}
,{"stream_name":"stdout","time":5496.79009684,"data":"排除样本：24|6000\t剩余：2585, 1995, 1396\n"}
,{"stream_name":"stdout","time":5496.790101155,"data":"增添样本：3056\t\t细则：0, 1897, 1159\t正确率估算：97.68%\n"}
,{"stream_name":"stdout","time":5496.790106044,"data":"类型1 正确率： 100.00% -\u003e 1  100.00%, 2    0.00%, 3    0.00%\n"}
,{"stream_name":"stdout","time":5496.790110633,"data":"类型2 正确率：  33.00% -\u003e 1   29.61%, 2   33.15%, 3   37.25%\n"}
,{"stream_name":"stdout","time":5496.79011515,"data":"类型3 正确率：  33.00% -\u003e 1    0.00%, 2   67.00%, 3   33.00%\n"}
,{"stream_name":"stdout","time":5496.790119655,"data":"\n"}
,{"stream_name":"stdout","time":5496.790124078,"data":"被排除样本 正确率：0.00%\n"}
,{"stream_name":"stdout","time":5496.790128407,"data":"类型1 没有样本或未被分类。\n"}
,{"stream_name":"stdout","time":5496.790132725,"data":"类型2 正确率：   0.00% -\u003e 1   12.50%, 2    0.00%, 3   87.50%\n"}
,{"stream_name":"stdout","time":5496.790137276,"data":"类型3 没有样本或未被分类。\n"}
,{"stream_name":"stdout","time":5496.790141653,"data":"\n"}
,{"stream_name":"stdout","time":5496.790145785,"data":"\n"}
,{"stream_name":"stdout","time":5510.011224439,"data":"轮次:··1/·20 || c_Loss:0.584 || e_Loss:-1.016 || Aad_Loss:-24.148 || 耗时：34.50s\n"}
,{"stream_name":"stdout","time":5523.246590383,"data":"轮次:··2/·20 || c_Loss:0.357 || e_Loss:-1.784 || Aad_Loss:-25.609 || 耗时：13.24s\n"}
,{"stream_name":"stdout","time":5536.44243821,"data":"轮次:··3/·20 || c_Loss:0.426 || e_Loss:-1.768 || Aad_Loss:-24.608 || 耗时：13.20s\n"}
,{"stream_name":"stdout","time":5549.536272791,"data":"轮次:··4/·20 || c_Loss:0.405 || e_Loss:-1.727 || Aad_Loss:-24.466 || 耗时：13.09s\n"}
,{"stream_name":"stdout","time":5562.703263204,"data":"轮次:··5/·20 || c_Loss:0.436 || e_Loss:-1.726 || Aad_Loss:-23.564 || 耗时：13.17s\n"}
,{"stream_name":"stdout","time":5568.815773261,"data":"任务: (B2)N15_M07_F10→(B1)N15_M01_F10; mix批次:····0; 批次:··470/·1880;  总正确率: 60.45%\n"}
,{"stream_name":"stdout","time":5568.815828741,"data":"类型1 正确率： 100.00% -\u003e 1  100.00%, 2    0.00%, 3    0.00%\n"}
,{"stream_name":"stdout","time":5568.815852905,"data":"类型2 正确率：  33.00% -\u003e 1   34.00%, 2   33.00%, 3   33.00%\n"}
,{"stream_name":"stdout","time":5568.815857296,"data":"类型3 正确率：  48.00% -\u003e 1   13.90%, 2   37.75%, 3   48.35%\n"}
,{"stream_name":"stdout","time":5568.815861025,"data":"\n"}
,{"stream_name":"stdout","time":5568.815864283,"data":"\n"}
,{"stream_name":"stdout","time":5568.846662988,"data":"样本变换：reverse\n"}
,{"stream_name":"stdout","time":5572.112306653,"data":"样本变换：mask\n"}
,{"stream_name":"stdout","time":5575.407346557,"data":"样本变换：shift\n"}
,{"stream_name":"stdout","time":5578.668250738,"data":"样本变换：none\n"}
,{"stream_name":"stderr","time":5584.193778015,"data":"/usr/local/lib/python3.12/dist-packages/sklearn/metrics/_classification.py:407: UserWarning: A single label was found in 'y_true' and 'y_pred'. For the confusion matrix to have the correct shape, use the 'labels' parameter to pass all known labels.\n"}
,{"stream_name":"stderr","time":5584.193823531,"data":"  warnings.warn(\n"}
,{"stream_name":"stdout","time":5584.193992044,"data":"未过滤\t未用伪标签：60.45% -\u003e 使用伪标签：55.33%\n"}
,{"stream_name":"stdout","time":5584.194003567,"data":"已过滤\t未用伪标签：60.44% -\u003e 使用伪标签：55.34%\n"}
,{"stream_name":"stdout","time":5584.194008633,"data":"排除样本：1|6000\t剩余：2680, 1998, 1321\n"}
,{"stream_name":"stdout","time":5584.194018307,"data":"增添样本：3314\t\t细则：0, 1988, 1326\t正确率估算：100.00%\n"}
,{"stream_name":"stdout","time":5584.194022028,"data":"类型1 正确率： 100.00% -\u003e 1  100.00%, 2    0.00%, 3    0.00%\n"}
,{"stream_name":"stdout","time":5584.194025302,"data":"类型2 正确率：  33.00% -\u003e 1   34.02%, 2   32.97%, 3   33.02%\n"}
,{"stream_name":"stdout","time":5584.194028563,"data":"类型3 正确率：  33.00% -\u003e 1    0.00%, 2   66.95%, 3   33.05%\n"}
,{"stream_name":"stdout","time":5584.194031925,"data":"\n"}
,{"stream_name":"stdout","time":5584.194034827,"data":"被排除样本 正确率：100.00%\n"}
,{"stream_name":"stdout","time":5584.194053142,"data":"类型1 正确率： 100.00% -\u003e 1  100.00%\n"}
,{"stream_name":"stdout","time":5584.194058025,"data":"\n"}
,{"stream_name":"stdout","time":5584.194062157,"data":"\n"}
,{"stream_name":"stdout","time":5597.177948017,"data":"轮次:··6/·20 || c_Loss:0.353 || e_Loss:-1.864 || Aad_Loss:-27.695 || 耗时：34.47s\n"}
,{"stream_name":"stdout","time":5610.299848292,"data":"轮次:··7/·20 || c_Loss:0.385 || e_Loss:-1.880 || Aad_Loss:-22.427 || 耗时：13.12s\n"}
,{"stream_name":"stdout","time":5623.471974663,"data":"轮次:··8/·20 || c_Loss:0.356 || e_Loss:-1.914 || Aad_Loss:-26.615 || 耗时：13.17s\n"}
,{"stream_name":"stdout","time":5636.694308905,"data":"轮次:··9/·20 || c_Loss:0.375 || e_Loss:-1.887 || Aad_Loss:-23.650 || 耗时：13.22s\n"}
,{"stream_name":"stdout","time":5649.956316365,"data":"轮次:·10/·20 || c_Loss:0.351 || e_Loss:-1.872 || Aad_Loss:-29.999 || 耗时：13.26s\n"}
,{"stream_name":"stdout","time":5656.105459577,"data":"任务: (B2)N15_M07_F10→(B1)N15_M01_F10; mix批次:····0; 批次:··940/·1880;  总正确率: 61.68%\n"}
,{"stream_name":"stdout","time":5656.105495248,"data":"类型1 正确率： 100.00% -\u003e 1  100.00%, 2    0.00%, 3    0.00%\n"}
,{"stream_name":"stdout","time":5656.105501999,"data":"类型2 正确率：  33.00% -\u003e 1   34.00%, 2   32.95%, 3   33.05%\n"}
,{"stream_name":"stdout","time":5656.105507466,"data":"类型3 正确率：  52.00% -\u003e 1   13.95%, 2   33.95%, 3   52.10%\n"}
,{"stream_name":"stdout","time":5656.105524377,"data":"\n"}
,{"stream_name":"stdout","time":5656.10552849,"data":"\n"}
,{"stream_name":"stdout","time":5656.15057835,"data":"样本变换：reverse\n"}
,{"stream_name":"stdout","time":5659.414297241,"data":"样本变换：mask\n"}
,{"stream_name":"stdout","time":5662.712266802,"data":"样本变换：shift\n"}
,{"stream_name":"stdout","time":5665.99827446,"data":"样本变换：none\n"}
,{"stream_name":"stderr","time":5671.520830668,"data":"/usr/local/lib/python3.12/dist-packages/sklearn/metrics/_classification.py:407: UserWarning: A single label was found in 'y_true' and 'y_pred'. For the confusion matrix to have the correct shape, use the 'labels' parameter to pass all known labels.\n"}
,{"stream_name":"stderr","time":5671.520868783,"data":"  warnings.warn(\n"}
,{"stream_name":"stdout","time":5671.520831165,"data":"未过滤\t未用伪标签：61.68% -\u003e 使用伪标签：55.33%\n"}
,{"stream_name":"stdout","time":5671.520887898,"data":"已过滤\t未用伪标签：61.67% -\u003e 使用伪标签：55.35%\n"}
,{"stream_name":"stdout","time":5671.520891744,"data":"排除样本：2|6000\t剩余：2680, 1996, 1322\n"}
,{"stream_name":"stdout","time":5671.520894991,"data":"增添样本：3314\t\t细则：0, 1988, 1326\t正确率估算：100.00%\n"}
,{"stream_name":"stdout","time":5671.520898295,"data":"类型1 正确率： 100.00% -\u003e 1  100.00%, 2    0.00%, 3    0.00%\n"}
,{"stream_name":"stdout","time":5671.520901407,"data":"类型2 正确率：  33.00% -\u003e 1   34.00%, 2   32.95%, 3   33.05%\n"}
,{"stream_name":"stdout","time":5671.520904477,"data":"类型3 正确率：  33.00% -\u003e 1    0.00%, 2   66.92%, 3   33.08%\n"}
,{"stream_name":"stdout","time":5671.520907541,"data":"\n"}
,{"stream_name":"stdout","time":5671.520910369,"data":"被排除样本 正确率：100.00%\n"}
,{"stream_name":"stdout","time":5671.520913358,"data":"类型1 正确率： 100.00% -\u003e 1  100.00%\n"}
,{"stream_name":"stdout","time":5671.520916334,"data":"\n"}
,{"stream_name":"stdout","time":5671.52091914,"data":"\n"}
,{"stream_name":"stdout","time":5684.607463304,"data":"轮次:·11/·20 || c_Loss:0.352 || e_Loss:-1.888 || Aad_Loss:-28.153 || 耗时：34.65s\n"}
,{"stream_name":"stdout","time":5697.766965557,"data":"轮次:·12/·20 || c_Loss:0.382 || e_Loss:-1.895 || Aad_Loss:-22.661 || 耗时：13.16s\n"}
,{"stream_name":"stdout","time":5710.898694078,"data":"轮次:·13/·20 || c_Loss:0.354 || e_Loss:-1.928 || Aad_Loss:-26.887 || 耗时：13.13s\n"}
,{"stream_name":"stdout","time":5724.020745545,"data":"轮次:·14/·20 || c_Loss:0.373 || e_Loss:-1.899 || Aad_Loss:-23.826 || 耗时：13.12s\n"}
,{"stream_name":"stdout","time":5737.169157494,"data":"轮次:·15/·20 || c_Loss:0.349 || e_Loss:-1.882 || Aad_Loss:-30.240 || 耗时：13.15s\n"}
,{"stream_name":"stdout","time":5743.277297458,"data":"任务: (B2)N15_M07_F10→(B1)N15_M01_F10; mix批次:····0; 批次:·1410/·1880;  总正确率: 61.88%\n"}
,{"stream_name":"stdout","time":5743.277345055,"data":"类型1 正确率： 100.00% -\u003e 1  100.00%, 2    0.00%, 3    0.00%\n"}
,{"stream_name":"stdout","time":5743.27735255,"data":"类型2 正确率：  33.00% -\u003e 1   34.00%, 2   32.95%, 3   33.05%\n"}
,{"stream_name":"stdout","time":5743.277357493,"data":"类型3 正确率：  53.00% -\u003e 1   13.55%, 2   33.75%, 3   52.70%\n"}
,{"stream_name":"stdout","time":5743.277362746,"data":"\n"}
,{"stream_name":"stdout","time":5743.277366994,"data":"\n"}
,{"stream_name":"stdout","time":5743.319015543,"data":"样本变换：reverse\n"}
,{"stream_name":"stdout","time":5746.572278272,"data":"样本变换：mask\n"}
,{"stream_name":"stdout","time":5749.862247776,"data":"样本变换：shift\n"}
,{"stream_name":"stdout","time":5753.141326876,"data":"样本变换：none\n"}
,{"stream_name":"stderr","time":5758.821928699,"data":"/usr/local/lib/python3.12/dist-packages/sklearn/metrics/_classification.py:407: UserWarning: A single label was found in 'y_true' and 'y_pred'. For the confusion matrix to have the correct shape, use the 'labels' parameter to pass all known labels.\n"}
,{"stream_name":"stderr","time":5758.821979898,"data":"  warnings.warn(\n"}
,{"stream_name":"stdout","time":5758.82215996,"data":"未过滤\t未用伪标签：61.88% -\u003e 使用伪标签：55.37%\n"}
,{"stream_name":"stdout","time":5758.822184586,"data":"已过滤\t未用伪标签：61.88% -\u003e 使用伪标签：55.38%\n"}
,{"stream_name":"stdout","time":5758.822191404,"data":"排除样本：1|6000\t剩余：2680, 1995, 1324\n"}
,{"stream_name":"stdout","time":5758.822217209,"data":"增添样本：3312\t\t细则：0, 1988, 1324\t正确率估算：100.00%\n"}
,{"stream_name":"stdout","time":5758.822222708,"data":"类型1 正确率： 100.00% -\u003e 1  100.00%, 2    0.00%, 3    0.00%\n"}
,{"stream_name":"stdout","time":5758.822227453,"data":"类型2 正确率：  33.00% -\u003e 1   34.00%, 2   32.95%, 3   33.05%\n"}
,{"stream_name":"stdout","time":5758.82223215,"data":"类型3 正确率：  33.00% -\u003e 1    0.00%, 2   66.83%, 3   33.17%\n"}
,{"stream_name":"stdout","time":5758.822236678,"data":"\n"}
,{"stream_name":"stdout","time":5758.822240936,"data":"被排除样本 正确率：100.00%\n"}
,{"stream_name":"stdout","time":5758.822245266,"data":"类型1 正确率： 100.00% -\u003e 1  100.00%\n"}
,{"stream_name":"stdout","time":5758.822249724,"data":"\n"}
,{"stream_name":"stdout","time":5758.822253806,"data":"\n"}
,{"stream_name":"stdout","time":5771.809845173,"data":"轮次:·16/·20 || c_Loss:0.349 || e_Loss:-1.791 || Aad_Loss:-29.168 || 耗时：34.64s\n"}
,{"stream_name":"stdout","time":5784.897256582,"data":"轮次:·17/·20 || c_Loss:0.355 || e_Loss:-1.928 || Aad_Loss:-25.350 || 耗时：13.09s\n"}
,{"stream_name":"stdout","time":5798.037815152,"data":"轮次:·18/·20 || c_Loss:0.343 || e_Loss:-1.780 || Aad_Loss:-30.941 || 耗时：13.14s\n"}
,{"stream_name":"stdout","time":5811.173164285,"data":"轮次:·19/·20 || c_Loss:0.350 || e_Loss:-1.732 || Aad_Loss:-28.318 || 耗时：13.14s\n"}
,{"stream_name":"stdout","time":5824.402847921,"data":"轮次:·20/·20 || c_Loss:0.356 || e_Loss:-1.905 || Aad_Loss:-27.775 || 耗时：13.23s\n"}
,{"stream_name":"stdout","time":5830.53046639,"data":"任务: (B2)N15_M07_F10→(B1)N15_M01_F10; mix批次:····0; 批次:·1880/·1880;  总正确率: 61.07%\n"}
,{"stream_name":"stdout","time":5830.53049853,"data":"类型1 正确率： 100.00% -\u003e 1  100.00%, 2    0.00%, 3    0.00%\n"}
,{"stream_name":"stdout","time":5830.530504669,"data":"类型2 正确率：  33.00% -\u003e 1   34.00%, 2   32.95%, 3   33.05%\n"}
,{"stream_name":"stdout","time":5830.530509546,"data":"类型3 正确率：  50.00% -\u003e 1   16.90%, 2   32.85%, 3   50.25%\n"}
,{"stream_name":"stdout","time":5830.530514617,"data":"\n"}
,{"stream_name":"stdout","time":5830.530518993,"data":"\n"}
,{"stream_name":"stdout","time":5836.634487972,"data":"测试集任务: (B2)N15_M07_F10→(B1)N15_M01_F10; 总正确率 = 61.07%\n"}
,{"stream_name":"stdout","time":5836.634523736,"data":"类型1 正确率： 100.00% -\u003e 1  100.00%, 2    0.00%, 3    0.00%\n"}
,{"stream_name":"stdout","time":5836.63453044,"data":"类型2 正确率：  33.00% -\u003e 1   34.00%, 2   32.95%, 3   33.05%\n"}
,{"stream_name":"stdout","time":5836.634535689,"data":"类型3 正确率：  50.00% -\u003e 1   16.90%, 2   32.85%, 3   50.25%\n"}
,{"stream_name":"stdout","time":5836.634552563,"data":"\n"}
,{"stream_name":"stdout","time":5836.634556576,"data":"\n"}
,{"stream_name":"stdout","time":5836.658672787,"data":"[tar_adaptation_RES_PU.py --folder_root /kaggle/working/m2rep/reps1/sdalr_PU_final_checkpoint/DATA_foldA --seed 1 --class_num 3 --data_name PU_M1_L3 --output /kaggle/working/m2rep/reps1/weight_PU_M1_final_checkpoint_FBtoA_gatepcv_s1 --s 1 --t 0 --lr 0.0005 --threshold 0.4 --K 0.6] 366s\n"}
,{"stream_name":"stdout","time":5836.696221196,"data":"读取源域路径：/kaggle/working/m2rep/reps1/weight_PU_M1_final_checkpoint_FBtoA_gatepcv_s1/NEW_PU/Source-源域/log\u0026pt/(B2)N15_M07_F10\n"}
,{"stream_name":"stdout","time":5836.696244139,"data":"excel输出位置：/kaggle/working/m2rep/reps1/weight_PU_M1_final_checkpoint_FBtoA_gatepcv_s1/NEW_PU/Target-目标域\n"}
,{"stream_name":"stdout","time":5836.696249611,"data":"特征图片输出位置：/kaggle/working/m2rep/reps1/weight_PU_M1_final_checkpoint_FBtoA_gatepcv_s1/NEW_PU/Picture-特征图/2026年09月15日18时52分/(B2)N15_M07_F10\n"}
,{"stream_name":"stderr","time":5836.731253958,"data":"/usr/local/lib/python3.12/dist-packages/torch/nn/utils/weight_norm.py:144: FutureWarning: `torch.nn.utils.weight_norm` is deprecated in favor of `torch.nn.utils.parametrizations.weight_norm`.\n"}
,{"stream_name":"stderr","time":5836.731273523,"data":"  WeightNorm.apply(module, name, dim)\n"}
,{"stream_name":"stdout","time":5836.770745129,"data":"现在选取:(B2)N15_M07_F10 进行训练的源模型\n"}
,{"stream_name":"stdout","time":5836.770763032,"data":"现在进行：(B2)N15_M07_F10→(B3)N15_M07_F04 的迁移任务\n"}
,{"stream_name":"stdout","time":5836.770768111,"data":"log\u0026pt输出位置：/kaggle/working/m2rep/reps1/weight_PU_M1_final_checkpoint_FBtoA_gatepcv_s1/NEW_PU/Target-目标域/log\u0026pt/(B2)N15_M07_F10→(B3)N15_M07_F04\n"}
,{"stream_name":"stderr","time":5836.772262328,"data":"sh: 1: Syntax error: word unexpected (expecting \")\")\n"}
,{"stream_name":"stdout","time":5847.8050611,"data":"任务: (B2)N15_M07_F10→(B3)N15_M07_F04; 批次:····0/·1880;  总正确率: 51.57%\n"}
,{"stream_name":"stdout","time":5847.805122768,"data":"类型1 正确率： 100.00% -\u003e 1  100.00%, 2    0.00%, 3    0.00%\n"}
,{"stream_name":"stdout","time":5847.80513088,"data":"类型2 正确率：  35.00% -\u003e 1   26.80%, 2   35.05%, 3   38.15%\n"}
,{"stream_name":"stdout","time":5847.805136415,"data":"类型3 正确率：  20.00% -\u003e 1    0.75%, 2   79.60%, 3   19.65%\n"}
,{"stream_name":"stdout","time":5847.805140977,"data":"\n"}
,{"stream_name":"stdout","time":5847.805145114,"data":"\n"}
,{"stream_name":"stdout","time":5847.805664509,"data":"样本变换：reverse\n"}
,{"stream_name":"stdout","time":5851.049471546,"data":"样本变换：mask\n"}
,{"stream_name":"stdout","time":5854.320841486,"data":"样本变换：shift\n"}
,{"stream_name":"stdout","time":5857.619239634,"data":"样本变换：none\n"}
,{"stream_name":"stderr","time":5863.260459545,"data":"/kaggle/working/m2rep/reps1/sdalr_PU_final_checkpoint/tools.py:413: RuntimeWarning: invalid value encountered in divide\n"}
,{"stream_name":"stderr","time":5863.26050529,"data":"  per_class_acc = conf_matrix.diagonal() / conf_matrix.sum(axis=1) * 100\n"}
,{"stream_name":"stdout","time":5863.260541353,"data":"未过滤\t未用伪标签：51.57% -\u003e 使用伪标签：54.30%\n"}
,{"stream_name":"stdout","time":5863.260579638,"data":"已过滤\t未用伪标签：51.58% -\u003e 使用伪标签：54.58%\n"}
,{"stream_name":"stdout","time":5863.260585721,"data":"排除样本：31|6000\t剩余：2626, 1938, 1405\n"}
,{"stream_name":"stdout","time":5863.260590699,"data":"增添样本：1951\t\t细则：0, 722, 1229\t正确率估算：82.93%\n"}
,{"stream_name":"stdout","time":5863.260612277,"data":"类型1 正确率： 100.00% -\u003e 1  100.00%, 2    0.00%, 3    0.00%\n"}
,{"stream_name":"stdout","time":5863.260617793,"data":"类型2 正确率：  30.00% -\u003e 1   31.79%, 2   30.37%, 3   37.84%\n"}
,{"stream_name":"stdout","time":5863.260622711,"data":"类型3 正确率：  33.00% -\u003e 1    0.00%, 2   67.00%, 3   33.00%\n"}
,{"stream_name":"stdout","time":5863.26062727,"data":"\n"}
,{"stream_name":"stdout","time":5863.260630815,"data":"被排除样本 正确率：48.39%\n"}
,{"stream_name":"stdout","time":5863.260634235,"data":"类型1 没有样本或未被分类。\n"}
,{"stream_name":"stdout","time":5863.260637641,"data":"类型2 正确率：  48.00% -\u003e 1   16.13%, 2   48.39%, 3   35.48%\n"}
,{"stream_name":"stdout","time":5863.260641602,"data":"类型3 没有样本或未被分类。\n"}
,{"stream_name":"stdout","time":5863.260645065,"data":"\n"}
,{"stream_name":"stdout","time":5863.260649746,"data":"\n"}
,{"stream_name":"stdout","time":5876.491775719,"data":"轮次:··1/·20 || c_Loss:0.602 || e_Loss:-1.055 || Aad_Loss:-25.353 || 耗时：34.71s\n"}
,{"stream_name":"stdout","time":5889.715572048,"data":"轮次:··2/·20 || c_Loss:0.431 || e_Loss:-1.089 || Aad_Loss:-26.557 || 耗时：13.22s\n"}
,{"stream_name":"stdout","time":5902.922972839,"data":"轮次:··3/·20 || c_Loss:0.370 || e_Loss:-0.876 || Aad_Loss:-29.931 || 耗时：13.21s\n"}
,{"stream_name":"stdout","time":5916.066269574,"data":"轮次:··4/·20 || c_Loss:0.342 || e_Loss:-0.933 || Aad_Loss:-30.864 || 耗时：13.14s\n"}
,{"stream_name":"stdout","time":5929.27337388,"data":"轮次:··5/·20 || c_Loss:0.347 || e_Loss:-1.732 || Aad_Loss:-28.835 || 耗时：13.21s\n"}
,{"stream_name":"stdout","time":5935.407368936,"data":"任务: (B2)N15_M07_F10→(B3)N15_M07_F04; mix批次:····0; 批次:··470/·1880;  总正确率: 54.97%\n"}
,{"stream_name":"stdout","time":5935.407402828,"data":"类型1 正确率： 100.00% -\u003e 1  100.00%, 2    0.00%, 3    0.00%\n"}
,{"stream_name":"stdout","time":5935.407410114,"data":"类型2 正确率：  32.00% -\u003e 1   34.00%, 2   31.90%, 3   34.10%\n"}
,{"stream_name":"stdout","time":5935.407415049,"data":"类型3 正确率：  33.00% -\u003e 1    0.00%, 2   67.00%, 3   33.00%\n"}
,{"stream_name":"stdout","time":5935.407419723,"data":"\n"}
,{"stream_name":"stdout","time":5935.407423852,"data":"\n"}
,{"stream_name":"stdout","time":5935.438307622,"data":"样本变换：reverse\n"}
,{"stream_name":"stdout","time":5938.688290789,"data":"样本变换：mask\n"}
,{"stream_name":"stdout","time":5941.996768962,"data":"样本变换：shift\n"}
,{"stream_name":"stdout","time":5945.286229099,"data":"样本变换：none\n"}
,{"stream_name":"stderr","time":5950.828405915,"data":"/usr/local/lib/python3.12/dist-packages/numpy/_core/fromnumeric.py:3596: RuntimeWarning: Mean of empty slice.\n"}
,{"stream_name":"stderr","time":5950.82844536,"data":"  return _methods._mean(a, axis=axis, dtype=dtype,\n"}
,{"stream_name":"stderr","time":5950.829314042,"data":"/usr/local/lib/python3.12/dist-packages/numpy/_core/_methods.py:138: RuntimeWarning: invalid value encountered in scalar divide\n"}
,{"stream_name":"stderr","time":5950.82937547,"data":"  ret = ret.dtype.type(ret / rcount)\n"}
,{"stream_name":"stderr","time":5950.829496183,"data":"/kaggle/working/m2rep/reps1/sdalr_PU_final_checkpoint/tools.py:414: RuntimeWarning: Mean of empty slice.\n"}
,{"stream_name":"stderr","time":5950.829509254,"data":"  overall_acc = round(per_class_acc.mean(), 2)\n"}
,{"stream_name":"stderr","time":5950.829629028,"data":"/usr/local/lib/python3.12/dist-packages/numpy/_core/_methods.py:138: RuntimeWarning: invalid value encountered in scalar divide\n"}
,{"stream_name":"stderr","time":5950.829658624,"data":"  ret = ret.dtype.type(ret / rcount)\n"}
,{"stream_name":"stdout","time":5950.829704551,"data":"未过滤\t未用伪标签：54.97% -\u003e 使用伪标签：55.17%\n"}
,{"stream_name":"stdout","time":5950.829719946,"data":"已过滤\t未用伪标签：54.97% -\u003e 使用伪标签：55.17%\n"}
,{"stream_name":"stdout","time":5950.829724246,"data":"排除样本：2680|6000\t剩余：1990, 1330\n"}
,{"stream_name":"stdout","time":5950.82972848,"data":"增添样本：2077\t\t细则：0, 724, 1353\t正确率估算：99.76%\n"}
,{"stream_name":"stdout","time":5950.829732678,"data":"类型1 正确率： 100.00% -\u003e 1  100.00%, 2    0.00%, 3    0.00%\n"}
,{"stream_name":"stdout","time":5950.829736548,"data":"类型2 正确率：  32.00% -\u003e 1   34.00%, 2   32.50%, 3   33.50%\n"}
,{"stream_name":"stdout","time":5950.829740112,"data":"类型3 正确率：  33.00% -\u003e 1    0.00%, 2   67.00%, 3   33.00%\n"}
,{"stream_name":"stdout","time":5950.829743716,"data":"\n"}
,{"stream_name":"stdout","time":5950.829755594,"data":"被排除样本 正确率：nan%\n"}
,{"stream_name":"stdout","time":5950.829759075,"data":"\n"}
,{"stream_name":"stdout","time":5950.829762472,"data":"\n"}
,{"stream_name":"stdout","time":5963.843008137,"data":"轮次:··6/·20 || c_Loss:0.355 || e_Loss:-1.061 || Aad_Loss:-30.393 || 耗时：34.57s\n"}
,{"stream_name":"stdout","time":5976.934553194,"data":"轮次:··7/·20 || c_Loss:0.359 || e_Loss:-0.962 || Aad_Loss:-31.190 || 耗时：13.09s\n"}
,{"stream_name":"stdout","time":5990.047115854,"data":"轮次:··8/·20 || c_Loss:0.367 || e_Loss:-0.967 || Aad_Loss:-30.658 || 耗时：13.11s\n"}
,{"stream_name":"stdout","time":6003.163993059,"data":"轮次:··9/·20 || c_Loss:0.376 || e_Loss:-1.055 || Aad_Loss:-30.506 || 耗时：13.12s\n"}
,{"stream_name":"stdout","time":6016.246050656,"data":"轮次:·10/·20 || c_Loss:0.360 || e_Loss:-0.975 || Aad_Loss:-30.840 || 耗时：13.08s\n"}
,{"stream_name":"stdout","time":6022.342659035,"data":"任务: (B2)N15_M07_F10→(B3)N15_M07_F04; mix批次:····0; 批次:··940/·1880;  总正确率: 54.98%\n"}
,{"stream_name":"stdout","time":6022.342692837,"data":"类型1 正确率： 100.00% -\u003e 1  100.00%, 2    0.00%, 3    0.00%\n"}
,{"stream_name":"stdout","time":6022.342698986,"data":"类型2 正确率：  32.00% -\u003e 1   34.00%, 2   31.95%, 3   34.05%\n"}
,{"stream_name":"stdout","time":6022.342705424,"data":"类型3 正确率：  33.00% -\u003e 1    0.00%, 2   67.00%, 3   33.00%\n"}
,{"stream_name":"stdout","time":6022.342719366,"data":"\n"}
,{"stream_name":"stdout","time":6022.342722521,"data":"\n"}
,{"stream_name":"stdout","time":6022.383614521,"data":"样本变换：reverse\n"}
,{"stream_name":"stdout","time":6025.632307886,"data":"样本变换：mask\n"}
,{"stream_name":"stdout","time":6028.910757171,"data":"样本变换：shift\n"}
,{"stream_name":"stdout","time":6032.164932728,"data":"样本变换：none\n"}
,{"stream_name":"stderr","time":6037.680702359,"data":"/kaggle/working/m2rep/reps1/sdalr_PU_final_checkpoint/tools.py:413: RuntimeWarning: invalid value encountered in divide\n"}
,{"stream_name":"stderr","time":6037.680737559,"data":"  per_class_acc = conf_matrix.diagonal() / conf_matrix.sum(axis=1) * 100\n"}
,{"stream_name":"stdout","time":6037.680736928,"data":"未过滤\t未用伪标签：54.98% -\u003e 使用伪标签：55.10%\n"}
,{"stream_name":"stdout","time":6037.680763917,"data":"已过滤\t未用伪标签：55.01% -\u003e 使用伪标签：55.13%\n"}
,{"stream_name":"stdout","time":6037.68077559,"data":"排除样本：3|6000\t剩余：2680, 1986, 1331\n"}
,{"stream_name":"stdout","time":6037.68077965,"data":"增添样本：2080\t\t细则：0, 728, 1352\t正确率估算：99.85%\n"}
,{"stream_name":"stdout","time":6037.680794728,"data":"类型1 正确率： 100.00% -\u003e 1  100.00%, 2    0.00%, 3    0.00%\n"}
,{"stream_name":"stdout","time":6037.680797471,"data":"类型2 正确率：  32.00% -\u003e 1   34.05%, 2   32.35%, 3   33.60%\n"}
,{"stream_name":"stdout","time":6037.680799801,"data":"类型3 正确率：  33.00% -\u003e 1    0.00%, 2   67.00%, 3   33.00%\n"}
,{"stream_name":"stdout","time":6037.68080241,"data":"\n"}
,{"stream_name":"stdout","time":6037.680804569,"data":"被排除样本 正确率：0.00%\n"}
,{"stream_name":"stdout","time":6037.68080679,"data":"类型1 正确率：   0.00% -\u003e 1    0.00%, 2  100.00%\n"}
,{"stream_name":"stdout","time":6037.680809181,"data":"类型2 没有样本或未被分类。\n"}
,{"stream_name":"stdout","time":6037.680811538,"data":"\n"}
,{"stream_name":"stdout","time":6037.680813756,"data":"\n"}
,{"stream_name":"stdout","time":6050.662092894,"data":"轮次:·11/·20 || c_Loss:0.357 || e_Loss:-0.989 || Aad_Loss:-30.932 || 耗时：34.42s\n"}
,{"stream_name":"stdout","time":6063.761185675,"data":"轮次:·12/·20 || c_Loss:0.358 || e_Loss:-1.261 || Aad_Loss:-30.646 || 耗时：13.10s\n"}
,{"stream_name":"stdout","time":6076.882928703,"data":"轮次:·13/·20 || c_Loss:0.358 || e_Loss:-0.967 || Aad_Loss:-31.337 || 耗时：13.12s\n"}
,{"stream_name":"stdout","time":6090.012151743,"data":"轮次:·14/·20 || c_Loss:0.361 || e_Loss:-1.052 || Aad_Loss:-30.551 || 耗时：13.13s\n"}
,{"stream_name":"stdout","time":6103.174267499,"data":"轮次:·15/·20 || c_Loss:0.348 || e_Loss:-1.023 || Aad_Loss:-30.969 || 耗时：13.16s\n"}
,{"stream_name":"stdout","time":6109.302525269,"data":"任务: (B2)N15_M07_F10→(B3)N15_M07_F04; mix批次:····0; 批次:·1410/·1880;  总正确率: 55.17%\n"}
,{"stream_name":"stdout","time":6109.302557793,"data":"类型1 正确率： 100.00% -\u003e 1  100.00%, 2    0.00%, 3    0.00%\n"}
,{"stream_name":"stdout","time":6109.302565479,"data":"类型2 正确率：  32.00% -\u003e 1   34.00%, 2   32.50%, 3   33.50%\n"}
,{"stream_name":"stdout","time":6109.302570238,"data":"类型3 正确率：  33.00% -\u003e 1    0.00%, 2   67.00%, 3   33.00%\n"}
,{"stream_name":"stdout","time":6109.302574926,"data":"\n"}
,{"stream_name":"stdout","time":6109.302579064,"data":"\n"}
,{"stream_name":"stdout","time":6109.343696489,"data":"样本变换：reverse\n"}
,{"stream_name":"stdout","time":6112.615066226,"data":"样本变换：mask\n"}
,{"stream_name":"stdout","time":6115.899286152,"data":"样本变换：shift\n"}
,{"stream_name":"stdout","time":6119.157348389,"data":"样本变换：none\n"}
,{"stream_name":"stderr","time":6124.714314456,"data":"/kaggle/working/m2rep/reps1/sdalr_PU_final_checkpoint/tools.py:413: RuntimeWarning: invalid value encountered in divide\n"}
,{"stream_name":"stderr","time":6124.714355621,"data":"  per_class_acc = conf_matrix.diagonal() / conf_matrix.sum(axis=1) * 100\n"}
,{"stream_name":"stdout","time":6124.714357284,"data":"未过滤\t未用伪标签：55.17% -\u003e 使用伪标签：55.20%\n"}
,{"stream_name":"stdout","time":6124.714370496,"data":"已过滤\t未用伪标签：55.19% -\u003e 使用伪标签：55.22%\n"}
,{"stream_name":"stdout","time":6124.714376725,"data":"排除样本：2|6000\t剩余：2680, 1994, 1324\n"}
,{"stream_name":"stdout","time":6124.714381429,"data":"增添样本：2077\t\t细则：0, 720, 1357\t正确率估算：99.85%\n"}
,{"stream_name":"stdout","time":6124.714392192,"data":"类型1 正确率： 100.00% -\u003e 1  100.00%, 2    0.00%, 3    0.00%\n"}
,{"stream_name":"stdout","time":6124.714395738,"data":"类型2 正确率：  33.00% -\u003e 1   34.03%, 2   32.68%, 3   33.28%\n"}
,{"stream_name":"stdout","time":6124.714411634,"data":"类型3 正确率：  33.00% -\u003e 1    0.00%, 2   67.05%, 3   32.95%\n"}
,{"stream_name":"stdout","time":6124.714438453,"data":"\n"}
,{"stream_name":"stdout","time":6124.714442317,"data":"被排除样本 正确率：0.00%\n"}
,{"stream_name":"stdout","time":6124.714445983,"data":"类型1 正确率：   0.00% -\u003e 1    0.00%, 2  100.00%\n"}
,{"stream_name":"stdout","time":6124.71444945,"data":"类型2 没有样本或未被分类。\n"}
,{"stream_name":"stdout","time":6124.714453536,"data":"\n"}
,{"stream_name":"stdout","time":6124.714456744,"data":"\n"}
,{"stream_name":"stdout","time":6137.772359803,"data":"轮次:·16/·20 || c_Loss:0.355 || e_Loss:-0.988 || Aad_Loss:-31.019 || 耗时：34.60s\n"}
,{"stream_name":"stdout","time":6150.892032397,"data":"轮次:·17/·20 || c_Loss:0.356 || e_Loss:-0.972 || Aad_Loss:-31.608 || 耗时：13.12s\n"}
,{"stream_name":"stdout","time":6164.006185208,"data":"轮次:·18/·20 || c_Loss:0.361 || e_Loss:-0.971 || Aad_Loss:-30.820 || 耗时：13.11s\n"}
,{"stream_name":"stdout","time":6177.223391527,"data":"轮次:·19/·20 || c_Loss:0.355 || e_Loss:-0.961 || Aad_Loss:-31.732 || 耗时：13.22s\n"}
,{"stream_name":"stdout","time":6190.348526547,"data":"轮次:·20/·20 || c_Loss:0.353 || e_Loss:-1.023 || Aad_Loss:-30.973 || 耗时：13.12s\n"}
,{"stream_name":"stdout","time":6196.469174635,"data":"任务: (B2)N15_M07_F10→(B3)N15_M07_F04; mix批次:····0; 批次:·1880/·1880;  总正确率: 55.22%\n"}
,{"stream_name":"stdout","time":6196.469220429,"data":"类型1 正确率： 100.00% -\u003e 1  100.00%, 2    0.00%, 3    0.00%\n"}
,{"stream_name":"stdout","time":6196.46922869,"data":"类型2 正确率：  33.00% -\u003e 1   34.00%, 2   32.65%, 3   33.35%\n"}
,{"stream_name":"stdout","time":6196.469238769,"data":"类型3 正确率：  33.00% -\u003e 1    0.00%, 2   67.00%, 3   33.00%\n"}
,{"stream_name":"stdout","time":6196.469242295,"data":"\n"}
,{"stream_name":"stdout","time":6196.469245189,"data":"\n"}
,{"stream_name":"stdout","time":6202.575919229,"data":"测试集任务: (B2)N15_M07_F10→(B3)N15_M07_F04; 总正确率 = 55.22%\n"}
,{"stream_name":"stdout","time":6202.575962898,"data":"类型1 正确率： 100.00% -\u003e 1  100.00%, 2    0.00%, 3    0.00%\n"}
,{"stream_name":"stdout","time":6202.575968311,"data":"类型2 正确率：  33.00% -\u003e 1   34.00%, 2   32.65%, 3   33.35%\n"}
,{"stream_name":"stdout","time":6202.575990338,"data":"类型3 正确率：  33.00% -\u003e 1    0.00%, 2   67.00%, 3   33.00%\n"}
,{"stream_name":"stdout","time":6202.575993734,"data":"\n"}
,{"stream_name":"stdout","time":6202.575996605,"data":"\n"}
,{"stream_name":"stdout","time":6202.599750408,"data":"[tar_adaptation_RES_PU.py --folder_root /kaggle/working/m2rep/reps1/sdalr_PU_final_checkpoint/DATA_foldA --seed 1 --class_num 3 --data_name PU_M1_L3 --output /kaggle/working/m2rep/reps1/weight_PU_M1_final_checkpoint_FBtoA_gatepcv_s1 --s 1 --t 2 --lr 0.0005 --threshold 0.4 --K 0.6] 366s\n"}
,{"stream_name":"stdout","time":6202.639326882,"data":"读取源域路径：/kaggle/working/m2rep/reps1/weight_PU_M1_final_checkpoint_FBtoA_gatepcv_s1/NEW_PU/Source-源域/log\u0026pt/(B3)N15_M07_F04\n"}
,{"stream_name":"stdout","time":6202.63935042,"data":"excel输出位置：/kaggle/working/m2rep/reps1/weight_PU_M1_final_checkpoint_FBtoA_gatepcv_s1/NEW_PU/Target-目标域\n"}
,{"stream_name":"stdout","time":6202.639459137,"data":"特征图片输出位置：/kaggle/working/m2rep/reps1/weight_PU_M1_final_checkpoint_FBtoA_gatepcv_s1/NEW_PU/Picture-特征图/2026年09月15日18时58分/(B3)N15_M07_F04\n"}
,{"stream_name":"stderr","time":6202.674074142,"data":"/usr/local/lib/python3.12/dist-packages/torch/nn/utils/weight_norm.py:144: FutureWarning: `torch.nn.utils.weight_norm` is deprecated in favor of `torch.nn.utils.parametrizations.weight_norm`.\n"}
,{"stream_name":"stderr","time":6202.674105808,"data":"  WeightNorm.apply(module, name, dim)\n"}
,{"stream_name":"stdout","time":6202.712288753,"data":"现在选取:(B3)N15_M07_F04 进行训练的源模型\n"}
,{"stream_name":"stdout","time":6202.712308399,"data":"现在进行：(B3)N15_M07_F04→(B1)N15_M01_F10 的迁移任务\n"}
,{"stream_name":"stdout","time":6202.712314045,"data":"log\u0026pt输出位置：/kaggle/working/m2rep/reps1/weight_PU_M1_final_checkpoint_FBtoA_gatepcv_s1/NEW_PU/Target-目标域/log\u0026pt/(B3)N15_M07_F04→(B1)N15_M01_F10\n"}
,{"stream_name":"stderr","time":6202.713686395,"data":"sh: 1: Syntax error: word unexpected (expecting \")\")\n"}
,{"stream_name":"stdout","time":6213.722267151,"data":"任务: (B3)N15_M07_F04→(B1)N15_M01_F10; 批次:····0/·1880;  总正确率: 55.17%\n"}
,{"stream_name":"stdout","time":6213.722323378,"data":"类型1 正确率： 100.00% -\u003e 1   99.50%, 2    0.00%, 3    0.50%\n"}
,{"stream_name":"stdout","time":6213.722331717,"data":"类型2 正确率：  33.00% -\u003e 1    6.85%, 2   33.00%, 3   60.15%\n"}
,{"stream_name":"stdout","time":6213.722337603,"data":"类型3 正确率：  33.00% -\u003e 1    0.00%, 2   67.00%, 3   33.00%\n"}
,{"stream_name":"stdout","time":6213.722342907,"data":"\n"}
,{"stream_name":"stdout","time":6213.722347472,"data":"\n"}
,{"stream_name":"stdout","time":6213.722884873,"data":"样本变换：reverse\n"}
,{"stream_name":"stdout","time":6216.966747945,"data":"样本变换：mask\n"}
,{"stream_name":"stdout","time":6220.253502298,"data":"样本变换：shift\n"}
,{"stream_name":"stdout","time":6223.560295074,"data":"样本变换：none\n"}
,{"stream_name":"stderr","time":6228.647906088,"data":"/kaggle/working/m2rep/reps1/sdalr_PU_final_checkpoint/tools.py:413: RuntimeWarning: invalid value encountered in divide\n"}
,{"stream_name":"stderr","time":6228.647968052,"data":"  per_class_acc = conf_matrix.diagonal() / conf_matrix.sum(axis=1) * 100\n"}
,{"stream_name":"stdout","time":6228.648101037,"data":"未过滤\t未用伪标签：55.17% -\u003e 使用伪标签：55.22%\n"}
,{"stream_name":"stdout","time":6228.648115517,"data":"已过滤\t未用伪标签：55.63% -\u003e 使用伪标签：55.73%\n"}
,{"stream_name":"stdout","time":6228.648121637,"data":"排除样本：55|6000\t剩余：2174, 1996, 1775\n"}
,{"stream_name":"stdout","time":6228.648127261,"data":"增添样本：1853\t\t细则：0, 1485, 368\t正确率估算：100.00%\n"}
,{"stream_name":"stdout","time":6228.648132211,"data":"类型1 正确率： 100.00% -\u003e 1  100.00%, 2    0.00%, 3    0.00%\n"}
,{"stream_name":"stdout","time":6228.648137182,"data":"类型2 正确率：  34.00% -\u003e 1    9.09%, 2   33.68%, 3   57.24%\n"}
,{"stream_name":"stdout","time":6228.648142195,"data":"类型3 正确率：  33.00% -\u003e 1    0.00%, 2   67.00%, 3   33.00%\n"}
,{"stream_name":"stdout","time":6228.648147742,"data":"\n"}
,{"stream_name":"stdout","time":6228.648152479,"data":"被排除样本 正确率：5.45%\n"}
,{"stream_name":"stdout","time":6228.648157525,"data":"类型1 正确率：   0.00% -\u003e 1    0.00%, 2    0.00%, 3  100.00%\n"}
,{"stream_name":"stdout","time":6228.648162409,"data":"类型2 正确率：   6.00% -\u003e 1   11.54%, 2    5.77%, 3   82.69%\n"}
,{"stream_name":"stdout","time":6228.648167534,"data":"类型3 没有样本或未被分类。\n"}
,{"stream_name":"stdout","time":6228.648171864,"data":"\n"}
,{"stream_name":"stdout","time":6228.648176034,"data":"\n"}
,{"stream_name":"stdout","time":6241.86067359,"data":"轮次:··1/·20 || c_Loss:0.615 || e_Loss:-1.441 || Aad_Loss:-18.442 || 耗时：34.14s\n"}
,{"stream_name":"stdout","time":6255.150600075,"data":"轮次:··2/·20 || c_Loss:0.385 || e_Loss:-1.620 || Aad_Loss:-21.949 || 耗时：13.29s\n"}
,{"stream_name":"stdout","time":6268.333007533,"data":"轮次:··3/·20 || c_Loss:0.363 || e_Loss:-1.828 || Aad_Loss:-21.601 || 耗时：13.18s\n"}
,{"stream_name":"stdout","time":6281.492005342,"data":"轮次:··4/·20 || c_Loss:0.415 || e_Loss:-1.668 || Aad_Loss:-19.825 || 耗时：13.16s\n"}
,{"stream_name":"stdout","time":6294.611011594,"data":"轮次:··5/·20 || c_Loss:0.415 || e_Loss:-1.617 || Aad_Loss:-23.894 || 耗时：13.12s\n"}
,{"stream_name":"stdout","time":6300.709072992,"data":"任务: (B3)N15_M07_F04→(B1)N15_M01_F10; mix批次:····0; 批次:··470/·1880;  总正确率: 64.03%\n"}
,{"stream_name":"stdout","time":6300.70911076,"data":"类型1 正确率： 100.00% -\u003e 1  100.00%, 2    0.00%, 3    0.00%\n"}
,{"stream_name":"stdout","time":6300.709117292,"data":"类型2 正确率：  33.00% -\u003e 1    0.75%, 2   32.80%, 3   66.45%\n"}
,{"stream_name":"stdout","time":6300.709126893,"data":"类型3 正确率：  59.00% -\u003e 1    9.80%, 2   30.90%, 3   59.30%\n"}
,{"stream_name":"stdout","time":6300.709130957,"data":"\n"}
,{"stream_name":"stdout","time":6300.709133748,"data":"\n"}
,{"stream_name":"stdout","time":6300.740151152,"data":"样本变换：reverse\n"}
,{"stream_name":"stdout","time":6303.999879826,"data":"样本变换：mask\n"}
,{"stream_name":"stdout","time":6307.263246833,"data":"样本变换：shift\n"}
,{"stream_name":"stdout","time":6310.496241589,"data":"样本变换：none\n"}
,{"stream_name":"stdout","time":6315.351065456,"data":"未过滤\t未用伪标签：64.03% -\u003e 使用伪标签：55.63%\n"}
,{"stream_name":"stdout","time":6315.351101323,"data":"已过滤\t未用伪标签：64.14% -\u003e 使用伪标签：55.94%\n"}
,{"stream_name":"stdout","time":6315.35110753,"data":"排除样本：33|6000\t剩余：2045, 1967, 1955\n"}
,{"stream_name":"stdout","time":6315.351117524,"data":"增添样本：1409\t\t细则：0, 1352, 57\t正确率估算：99.30%\n"}
,{"stream_name":"stdout","time":6315.351121419,"data":"类型1 正确率： 100.00% -\u003e 1  100.00%, 2    0.00%, 3    0.00%\n"}
,{"stream_name":"stdout","time":6315.351124599,"data":"类型2 正确率：  33.00% -\u003e 1    2.27%, 2   33.30%, 3   64.43%\n"}
,{"stream_name":"stdout","time":6315.351127927,"data":"类型3 正确率：  34.00% -\u003e 1    0.00%, 2   65.84%, 3   34.16%\n"}
,{"stream_name":"stdout","time":6315.351131032,"data":"\n"}
,{"stream_name":"stdout","time":6315.351133864,"data":"被排除样本 正确率：45.45%\n"}
,{"stream_name":"stdout","time":6315.351136679,"data":"类型1 正确率：   0.00% -\u003e 1    0.00%, 2  100.00%\n"}
,{"stream_name":"stdout","time":6315.351139655,"data":"类型2 正确率： 100.00% -\u003e 1    0.00%, 2  100.00%\n"}
,{"stream_name":"stdout","time":6315.351142584,"data":"\n"}
,{"stream_name":"stdout","time":6315.351145434,"data":"\n"}
,{"stream_name":"stdout","time":6328.35650082,"data":"轮次:··6/·20 || c_Loss:0.394 || e_Loss:-1.787 || Aad_Loss:-22.515 || 耗时：33.75s\n"}
,{"stream_name":"stdout","time":6341.438419301,"data":"轮次:··7/·20 || c_Loss:0.352 || e_Loss:-1.743 || Aad_Loss:-21.377 || 耗时：13.08s\n"}
,{"stream_name":"stdout","time":6354.520377065,"data":"轮次:··8/·20 || c_Loss:0.368 || e_Loss:-1.889 || Aad_Loss:-26.552 || 耗时：13.08s\n"}
,{"stream_name":"stdout","time":6367.618406779,"data":"轮次:··9/·20 || c_Loss:0.391 || e_Loss:-1.597 || Aad_Loss:-21.087 || 耗时：13.10s\n"}
,{"stream_name":"stdout","time":6380.714650243,"data":"轮次:·10/·20 || c_Loss:0.380 || e_Loss:-1.754 || Aad_Loss:-22.493 || 耗时：13.10s\n"}
,{"stream_name":"stdout","time":6386.82326479,"data":"任务: (B3)N15_M07_F04→(B1)N15_M01_F10; mix批次:····0; 批次:··940/·1880;  总正确率: 64.30%\n"}
,{"stream_name":"stdout","time":6386.823308437,"data":"类型1 正确率： 100.00% -\u003e 1  100.00%, 2    0.00%, 3    0.00%\n"}
,{"stream_name":"stdout","time":6386.823313402,"data":"类型2 正确率：  33.00% -\u003e 1    0.00%, 2   32.90%, 3   67.10%\n"}
,{"stream_name":"stdout","time":6386.823316987,"data":"类型3 正确率：  60.00% -\u003e 1    7.25%, 2   32.75%, 3   60.00%\n"}
,{"stream_name":"stdout","time":6386.823320416,"data":"\n"}
,{"stream_name":"stdout","time":6386.823323321,"data":"\n"}
,{"stream_name":"stdout","time":6386.866579068,"data":"样本变换：reverse\n"}
,{"stream_name":"stdout","time":6390.104266806,"data":"样本变换：mask\n"}
,{"stream_name":"stdout","time":6393.37809182,"data":"样本变换：shift\n"}
,{"stream_name":"stdout","time":6396.631264382,"data":"样本变换：none\n"}
,{"stream_name":"stderr","time":6401.577902833,"data":"/kaggle/working/m2rep/reps1/sdalr_PU_final_checkpoint/tools.py:413: RuntimeWarning: invalid value encountered in divide\n"}
,{"stream_name":"stderr","time":6401.577950943,"data":"  per_class_acc = conf_matrix.diagonal() / conf_matrix.sum(axis=1) * 100\n"}
,{"stream_name":"stdout","time":6401.578062406,"data":"未过滤\t未用伪标签：64.30% -\u003e 使用伪标签：57.88%\n"}
,{"stream_name":"stdout","time":6401.578088099,"data":"已过滤\t未用伪标签：64.07% -\u003e 使用伪标签：58.34%\n"}
,{"stream_name":"stdout","time":6401.578094572,"data":"排除样本：47|6000\t剩余：2001, 1801, 2151\n"}
,{"stream_name":"stdout","time":6401.57809964,"data":"增添样本：1674\t\t细则：183, 1491, 0\t正确率估算：99.76%\n"}
,{"stream_name":"stdout","time":6401.578105092,"data":"类型1 正确率： 100.00% -\u003e 1  100.00%, 2    0.00%, 3    0.00%\n"}
,{"stream_name":"stdout","time":6401.578110122,"data":"类型2 正确率：  33.00% -\u003e 1    0.05%, 2   33.02%, 3   66.93%\n"}
,{"stream_name":"stdout","time":6401.578115315,"data":"类型3 正确率：  42.00% -\u003e 1    0.00%, 2   58.39%, 3   41.61%\n"}
,{"stream_name":"stdout","time":6401.578120293,"data":"\n"}
,{"stream_name":"stdout","time":6401.578124643,"data":"被排除样本 正确率：93.62%\n"}
,{"stream_name":"stdout","time":6401.578129023,"data":"类型1 没有样本或未被分类。\n"}
,{"stream_name":"stdout","time":6401.578133371,"data":"类型2 正确率：   0.00% -\u003e 1    0.00%, 2    0.00%, 3  100.00%\n"}
,{"stream_name":"stdout","time":6401.578137759,"data":"类型3 正确率：  96.00% -\u003e 1    4.35%, 2    0.00%, 3   95.65%\n"}
,{"stream_name":"stdout","time":6401.578142066,"data":"\n"}
,{"stream_name":"stdout","time":6401.578312565,"data":"\n"}
,{"stream_name":"stdout","time":6414.630510103,"data":"轮次:·11/·20 || c_Loss:0.333 || e_Loss:-1.639 || Aad_Loss:-26.507 || 耗时：33.92s\n"}
,{"stream_name":"stdout","time":6427.830573366,"data":"轮次:·12/·20 || c_Loss:0.334 || e_Loss:-1.704 || Aad_Loss:-28.372 || 耗时：13.20s\n"}
,{"stream_name":"stdout","time":6441.054608927,"data":"轮次:·13/·20 || c_Loss:0.323 || e_Loss:-1.720 || Aad_Loss:-27.112 || 耗时：13.22s\n"}
,{"stream_name":"stdout","time":6454.255740899,"data":"轮次:·14/·20 || c_Loss:0.334 || e_Loss:-1.723 || Aad_Loss:-27.563 || 耗时：13.20s\n"}
,{"stream_name":"stdout","time":6467.503004349,"data":"轮次:·15/·20 || c_Loss:0.339 || e_Loss:-1.746 || Aad_Loss:-27.346 || 耗时：13.25s\n"}
,{"stream_name":"stdout","time":6473.620034059,"data":"任务: (B3)N15_M07_F04→(B1)N15_M01_F10; mix批次:····0; 批次:·1410/·1880;  总正确率: 68.55%\n"}
,{"stream_name":"stdout","time":6473.620073156,"data":"类型1 正确率： 100.00% -\u003e 1   99.95%, 2    0.00%, 3    0.05%\n"}
,{"stream_name":"stdout","time":6473.620077927,"data":"类型2 正确率：  33.00% -\u003e 1    0.00%, 2   32.90%, 3   67.10%\n"}
,{"stream_name":"stdout","time":6473.620081485,"data":"类型3 正确率：  73.00% -\u003e 1    0.85%, 2   26.35%, 3   72.80%\n"}
,{"stream_name":"stdout","time":6473.620084783,"data":"\n"}
,{"stream_name":"stdout","time":6473.620087645,"data":"\n"}
,{"stream_name":"stdout","time":6473.662620937,"data":"样本变换：reverse\n"}
,{"stream_name":"stdout","time":6476.928317127,"data":"样本变换：mask\n"}
,{"stream_name":"stdout","time":6480.213331955,"data":"样本变换：shift\n"}
,{"stream_name":"stdout","time":6483.508280922,"data":"样本变换：none\n"}
,{"stream_name":"stderr","time":6488.683430599,"data":"/kaggle/working/m2rep/reps1/sdalr_PU_final_checkpoint/tools.py:413: RuntimeWarning: invalid value encountered in divide\n"}
,{"stream_name":"stderr","time":6488.683485848,"data":"  per_class_acc = conf_matrix.diagonal() / conf_matrix.sum(axis=1) * 100\n"}
,{"stream_name":"stdout","time":6488.683582249,"data":"未过滤\t未用伪标签：68.55% -\u003e 使用伪标签：65.33%\n"}
,{"stream_name":"stdout","time":6488.683594043,"data":"已过滤\t未用伪标签：68.15% -\u003e 使用伪标签：66.26%\n"}
,{"stream_name":"stdout","time":6488.683599269,"data":"排除样本：84|6000\t剩余：2000, 1313, 2603\n"}
,{"stream_name":"stdout","time":6488.683603909,"data":"增添样本：2579\t\t细则：635, 1944, 0\t正确率估算：100.00%\n"}
,{"stream_name":"stdout","time":6488.683614501,"data":"类型1 正确率： 100.00% -\u003e 1  100.00%, 2    0.00%, 3    0.00%\n"}
,{"stream_name":"stdout","time":6488.683618058,"data":"类型2 正确率：  33.00% -\u003e 1    0.00%, 2   32.92%, 3   67.08%\n"}
,{"stream_name":"stdout","time":6488.683621227,"data":"类型3 正确率：  66.00% -\u003e 1    0.00%, 2   34.17%, 3   65.83%\n"}
,{"stream_name":"stdout","time":6488.683624295,"data":"\n"}
,{"stream_name":"stdout","time":6488.683627441,"data":"被排除样本 正确率：96.43%\n"}
,{"stream_name":"stdout","time":6488.683630328,"data":"类型1 没有样本或未被分类。\n"}
,{"stream_name":"stdout","time":6488.683633478,"data":"类型2 正确率： 100.00% -\u003e 1    0.00%, 2  100.00%, 3    0.00%\n"}
,{"stream_name":"stdout","time":6488.683636426,"data":"类型3 正确率：  96.00% -\u003e 1    2.41%, 2    1.20%, 3   96.39%\n"}
,{"stream_name":"stdout","time":6488.683639441,"data":"\n"}
,{"stream_name":"stdout","time":6488.683642143,"data":"\n"}
,{"stream_name":"stdout","time":6501.812257878,"data":"轮次:·16/·20 || c_Loss:0.400 || e_Loss:-1.609 || Aad_Loss:-22.975 || 耗时：34.31s\n"}
,{"stream_name":"stdout","time":6515.076848302,"data":"轮次:·17/·20 || c_Loss:0.332 || e_Loss:-1.659 || Aad_Loss:-31.341 || 耗时：13.26s\n"}
,{"stream_name":"stdout","time":6528.366015358,"data":"轮次:·18/·20 || c_Loss:0.322 || e_Loss:-1.658 || Aad_Loss:-30.381 || 耗时：13.29s\n"}
,{"stream_name":"stdout","time":6541.652345376,"data":"轮次:·19/·20 || c_Loss:0.395 || e_Loss:-1.306 || Aad_Loss:-30.833 || 耗时：13.29s\n"}
,{"stream_name":"stdout","time":6554.87184466,"data":"轮次:·20/·20 || c_Loss:0.331 || e_Loss:-1.596 || Aad_Loss:-30.255 || 耗时：13.22s\n"}
,{"stream_name":"stdout","time":6561.03211187,"data":"任务: (B3)N15_M07_F04→(B1)N15_M01_F10; mix批次:····0; 批次:·1880/·1880;  总正确率: 72.82%\n"}
,{"stream_name":"stdout","time":6561.032200694,"data":"类型1 正确率： 100.00% -\u003e 1   99.95%, 2    0.00%, 3    0.05%\n"}
,{"stream_name":"stdout","time":6561.032221569,"data":"类型2 正确率：  33.00% -\u003e 1    0.00%, 2   32.95%, 3   67.05%\n"}
,{"stream_name":"stdout","time":6561.032226502,"data":"类型3 正确率：  86.00% -\u003e 1    0.00%, 2   14.45%, 3   85.55%\n"}
,{"stream_name":"stdout","time":6561.032230228,"data":"\n"}
,{"stream_name":"stdout","time":6561.032233945,"data":"\n"}
,{"stream_name":"stdout","time":6567.194345723,"data":"测试集任务: (B3)N15_M07_F04→(B1)N15_M01_F10; 总正确率 = 72.82%\n"}
,{"stream_name":"stdout","time":6567.194382839,"data":"类型1 正确率： 100.00% -\u003e 1   99.95%, 2    0.00%, 3    0.05%\n"}
,{"stream_name":"stdout","time":6567.194390961,"data":"类型2 正确率：  33.00% -\u003e 1    0.00%, 2   32.95%, 3   67.05%\n"}
,{"stream_name":"stdout","time":6567.194398377,"data":"类型3 正确率：  86.00% -\u003e 1    0.00%, 2   14.45%, 3   85.55%\n"}
,{"stream_name":"stdout","time":6567.194401729,"data":"\n"}
,{"stream_name":"stdout","time":6567.194404651,"data":"\n"}
,{"stream_name":"stdout","time":6567.219775071,"data":"[tar_adaptation_RES_PU.py --folder_root /kaggle/working/m2rep/reps1/sdalr_PU_final_checkpoint/DATA_foldA --seed 1 --class_num 3 --data_name PU_M1_L3 --output /kaggle/working/m2rep/reps1/weight_PU_M1_final_checkpoint_FBtoA_gatepcv_s1 --s 2 --t 0 --lr 0.0005 --threshold 0.4 --K 0.6] 365s\n"}
,{"stream_name":"stdout","time":6567.256885531,"data":"读取源域路径：/kaggle/working/m2rep/reps1/weight_PU_M1_final_checkpoint_FBtoA_gatepcv_s1/NEW_PU/Source-源域/log\u0026pt/(B3)N15_M07_F04\n"}
,{"stream_name":"stdout","time":6567.256910021,"data":"excel输出位置：/kaggle/working/m2rep/reps1/weight_PU_M1_final_checkpoint_FBtoA_gatepcv_s1/NEW_PU/Target-目标域\n"}
,{"stream_name":"stdout","time":6567.256949475,"data":"特征图片输出位置：/kaggle/working/m2rep/reps1/weight_PU_M1_final_checkpoint_FBtoA_gatepcv_s1/NEW_PU/Picture-特征图/2026年09月15日19时04分/(B3)N15_M07_F04\n"}
,{"stream_name":"stderr","time":6567.290123404,"data":"/usr/local/lib/python3.12/dist-packages/torch/nn/utils/weight_norm.py:144: FutureWarning: `torch.nn.utils.weight_norm` is deprecated in favor of `torch.nn.utils.parametrizations.weight_norm`.\n"}
,{"stream_name":"stderr","time":6567.290153087,"data":"  WeightNorm.apply(module, name, dim)\n"}
,{"stream_name":"stdout","time":6567.328288937,"data":"现在选取:(B3)N15_M07_F04 进行训练的源模型\n"}
,{"stream_name":"stdout","time":6567.328335884,"data":"现在进行：(B3)N15_M07_F04→(B2)N15_M07_F10 的迁移任务\n"}
,{"stream_name":"stdout","time":6567.328343165,"data":"log\u0026pt输出位置：/kaggle/working/m2rep/reps1/weight_PU_M1_final_checkpoint_FBtoA_gatepcv_s1/NEW_PU/Target-目标域/log\u0026pt/(B3)N15_M07_F04→(B2)N15_M07_F10\n"}
,{"stream_name":"stderr","time":6567.329724863,"data":"sh: 1: Syntax error: word unexpected (expecting \")\")\n"}
,{"stream_name":"stdout","time":6578.370896926,"data":"任务: (B3)N15_M07_F04→(B2)N15_M07_F10; 批次:····0/·1880;  总正确率: 55.42%\n"}
,{"stream_name":"stdout","time":6578.370936056,"data":"类型1 正确率： 100.00% -\u003e 1   99.95%, 2    0.00%, 3    0.05%\n"}
,{"stream_name":"stdout","time":6578.370942855,"data":"类型2 正确率：  33.00% -\u003e 1    8.65%, 2   33.30%, 3   58.05%\n"}
,{"stream_name":"stdout","time":6578.370948209,"data":"类型3 正确率：  33.00% -\u003e 1    0.00%, 2   67.00%, 3   33.00%\n"}
,{"stream_name":"stdout","time":6578.37095366,"data":"\n"}
,{"stream_name":"stdout","time":6578.370958502,"data":"\n"}
,{"stream_name":"stdout","time":6578.371540318,"data":"样本变换：reverse\n"}
,{"stream_name":"stdout","time":6581.650405469,"data":"样本变换：mask\n"}
,{"stream_name":"stdout","time":6584.945926885,"data":"样本变换：shift\n"}
,{"stream_name":"stdout","time":6588.255267485,"data":"样本变换：none\n"}
,{"stream_name":"stderr","time":6593.434307554,"data":"/kaggle/working/m2rep/reps1/sdalr_PU_final_checkpoint/tools.py:413: RuntimeWarning: invalid value encountered in divide\n"}
,{"stream_name":"stderr","time":6593.434357643,"data":"  per_class_acc = conf_matrix.diagonal() / conf_matrix.sum(axis=1) * 100\n"}
,{"stream_name":"stdout","time":6593.434541869,"data":"未过滤\t未用伪标签：55.42% -\u003e 使用伪标签：55.33%\n"}
,{"stream_name":"stdout","time":6593.434556119,"data":"已过滤\t未用伪标签：55.88% -\u003e 使用伪标签：55.85%\n"}
,{"stream_name":"stdout","time":6593.434561736,"data":"排除样本：55|6000\t剩余：2213, 2000, 1732\n"}
,{"stream_name":"stdout","time":6593.434567027,"data":"增添样本：2035\t\t细则：0, 1553, 482\t正确率估算：100.00%\n"}
,{"stream_name":"stdout","time":6593.434571823,"data":"类型1 正确率： 100.00% -\u003e 1  100.00%, 2    0.00%, 3    0.00%\n"}
,{"stream_name":"stdout","time":6593.434576634,"data":"类型2 正确率：  34.00% -\u003e 1   10.95%, 2   33.93%, 3   55.12%\n"}
,{"stream_name":"stdout","time":6593.434581766,"data":"类型3 正确率：  33.00% -\u003e 1    0.00%, 2   67.00%, 3   33.00%\n"}
,{"stream_name":"stdout","time":6593.434586874,"data":"\n"}
,{"stream_name":"stdout","time":6593.434591213,"data":"被排除样本 正确率：5.45%\n"}
,{"stream_name":"stdout","time":6593.434596074,"data":"类型1 没有样本或未被分类。\n"}
,{"stream_name":"stdout","time":6593.434600426,"data":"类型2 正确率：   5.00% -\u003e 1   10.91%, 2    5.45%, 3   83.64%\n"}
,{"stream_name":"stdout","time":6593.434604919,"data":"类型3 没有样本或未被分类。\n"}
,{"stream_name":"stdout","time":6593.434609311,"data":"\n"}
,{"stream_name":"stdout","time":6593.434613397,"data":"\n"}
,{"stream_name":"stdout","time":6606.643589019,"data":"轮次:··1/·20 || c_Loss:0.643 || e_Loss:-1.377 || Aad_Loss:-19.160 || 耗时：34.27s\n"}
,{"stream_name":"stdout","time":6619.897610382,"data":"轮次:··2/·20 || c_Loss:0.446 || e_Loss:-1.687 || Aad_Loss:-21.986 || 耗时：13.25s\n"}
,{"stream_name":"stdout","time":6633.135415037,"data":"轮次:··3/·20 || c_Loss:0.392 || e_Loss:-1.716 || Aad_Loss:-24.161 || 耗时：13.24s\n"}
,{"stream_name":"stdout","time":6646.341718307,"data":"轮次:··4/·20 || c_Loss:0.384 || e_Loss:-1.776 || Aad_Loss:-22.198 || 耗时：13.21s\n"}
,{"stream_name":"stdout","time":6659.544970214,"data":"轮次:··5/·20 || c_Loss:0.371 || e_Loss:-1.794 || Aad_Loss:-25.296 || 耗时：13.20s\n"}
,{"stream_name":"stdout","time":6665.658667137,"data":"任务: (B3)N15_M07_F04→(B2)N15_M07_F10; mix批次:····0; 批次:··470/·1880;  总正确率: 64.13%\n"}
,{"stream_name":"stdout","time":6665.658709855,"data":"类型1 正确率： 100.00% -\u003e 1  100.00%, 2    0.00%, 3    0.00%\n"}
,{"stream_name":"stdout","time":6665.658746459,"data":"类型2 正确率：  33.00% -\u003e 1    1.75%, 2   33.00%, 3   65.25%\n"}
,{"stream_name":"stdout","time":6665.658752365,"data":"类型3 正确率：  59.00% -\u003e 1    3.55%, 2   37.05%, 3   59.40%\n"}
,{"stream_name":"stdout","time":6665.658757752,"data":"\n"}
,{"stream_name":"stdout","time":6665.658761915,"data":"\n"}
,{"stream_name":"stdout","time":6665.690915133,"data":"样本变换：reverse\n"}
,{"stream_name":"stdout","time":6668.932275556,"data":"样本变换：mask\n"}
,{"stream_name":"stdout","time":6672.216339803,"data":"样本变换：shift\n"}
,{"stream_name":"stdout","time":6675.523684262,"data":"样本变换：none\n"}
,{"stream_name":"stdout","time":6680.53287162,"data":"未过滤\t未用伪标签：64.13% -\u003e 使用伪标签：55.47%\n"}
,{"stream_name":"stdout","time":6680.532918257,"data":"已过滤\t未用伪标签：64.41% -\u003e 使用伪标签：55.79%\n"}
,{"stream_name":"stdout","time":6680.532925628,"data":"排除样本：35|6000\t剩余：2086, 1988, 1891\n"}
,{"stream_name":"stdout","time":6680.532931439,"data":"增添样本：1620\t\t细则：0, 1425, 195\t正确率估算：99.88%\n"}
,{"stream_name":"stdout","time":6680.532936947,"data":"类型1 正确率： 100.00% -\u003e 1  100.00%, 2    0.00%, 3    0.00%\n"}
,{"stream_name":"stdout","time":6680.53294191,"data":"类型2 正确率：  34.00% -\u003e 1    4.36%, 2   33.54%, 3   62.10%\n"}
,{"stream_name":"stdout","time":6680.532947069,"data":"类型3 正确率：  33.00% -\u003e 1    0.00%, 2   66.55%, 3   33.45%\n"}
,{"stream_name":"stdout","time":6680.53295172,"data":"\n"}
,{"stream_name":"stdout","time":6680.532956107,"data":"被排除样本 正确率：17.14%\n"}
,{"stream_name":"stdout","time":6680.532960507,"data":"类型1 正确率：   0.00% -\u003e 1    0.00%, 2  100.00%\n"}
,{"stream_name":"stdout","time":6680.532965016,"data":"类型2 正确率： 100.00% -\u003e 1    0.00%, 2  100.00%\n"}
,{"stream_name":"stdout","time":6680.532969553,"data":"\n"}
,{"stream_name":"stdout","time":6680.53297868,"data":"\n"}
,{"stream_name":"stdout","time":6693.571734791,"data":"轮次:··6/·20 || c_Loss:0.369 || e_Loss:-1.702 || Aad_Loss:-24.774 || 耗时：34.03s\n"}
,{"stream_name":"stdout","time":6706.632540713,"data":"轮次:··7/·20 || c_Loss:0.382 || e_Loss:-1.788 || Aad_Loss:-20.837 || 耗时：13.06s\n"}
,{"stream_name":"stdout","time":6719.733494214,"data":"轮次:··8/·20 || c_Loss:0.364 || e_Loss:-1.811 || Aad_Loss:-26.114 || 耗时：13.10s\n"}
,{"stream_name":"stdout","time":6732.920782348,"data":"轮次:··9/·20 || c_Loss:0.361 || e_Loss:-1.778 || Aad_Loss:-21.544 || 耗时：13.19s\n"}
,{"stream_name":"stdout","time":6746.06581693,"data":"轮次:·10/·20 || c_Loss:0.392 || e_Loss:-1.829 || Aad_Loss:-22.518 || 耗时：13.14s\n"}
,{"stream_name":"stdout","time":6752.184293653,"data":"任务: (B3)N15_M07_F04→(B2)N15_M07_F10; mix批次:····0; 批次:··940/·1880;  总正确率: 66.77%\n"}
,{"stream_name":"stdout","time":6752.184341104,"data":"类型1 正确率： 100.00% -\u003e 1  100.00%, 2    0.00%, 3    0.00%\n"}
,{"stream_name":"stdout","time":6752.184348756,"data":"类型2 正确率：  33.00% -\u003e 1    0.05%, 2   33.00%, 3   66.95%\n"}
,{"stream_name":"stdout","time":6752.184353784,"data":"类型3 正确率：  67.00% -\u003e 1    6.90%, 2   25.80%, 3   67.30%\n"}
,{"stream_name":"stdout","time":6752.184358949,"data":"\n"}
,{"stream_name":"stdout","time":6752.184363431,"data":"\n"}
,{"stream_name":"stdout","time":6752.228901773,"data":"样本变换：reverse\n"}
,{"stream_name":"stdout","time":6755.523254796,"data":"样本变换：mask\n"}
,{"stream_name":"stdout","time":6758.824271682,"data":"样本变换：shift\n"}
,{"stream_name":"stdout","time":6762.132229203,"data":"样本变换：none\n"}
,{"stream_name":"stderr","time":6767.155246327,"data":"/kaggle/working/m2rep/reps1/sdalr_PU_final_checkpoint/tools.py:413: RuntimeWarning: invalid value encountered in divide\n"}
,{"stream_name":"stderr","time":6767.155289403,"data":"  per_class_acc = conf_matrix.diagonal() / conf_matrix.sum(axis=1) * 100\n"}
,{"stream_name":"stdout","time":6767.15553347,"data":"未过滤\t未用伪标签：66.77% -\u003e 使用伪标签：58.43%\n"}
,{"stream_name":"stdout","time":6767.155547767,"data":"已过滤\t未用伪标签：66.51% -\u003e 使用伪标签：59.08%\n"}
,{"stream_name":"stdout","time":6767.155570347,"data":"排除样本：66|6000\t剩余：2008, 1752, 2174\n"}
,{"stream_name":"stdout","time":6767.155574756,"data":"增添样本：1680\t\t细则：166, 1514, 0\t正确率估算：99.76%\n"}
,{"stream_name":"stdout","time":6767.155578506,"data":"类型1 正确率： 100.00% -\u003e 1  100.00%, 2    0.00%, 3    0.00%\n"}
,{"stream_name":"stdout","time":6767.155582232,"data":"类型2 正确率：  33.00% -\u003e 1    0.40%, 2   33.07%, 3   66.53%\n"}
,{"stream_name":"stdout","time":6767.155590486,"data":"类型3 正确率：  44.00% -\u003e 1    0.00%, 2   56.35%, 3   43.65%\n"}
,{"stream_name":"stdout","time":6767.155593511,"data":"\n"}
,{"stream_name":"stdout","time":6767.155595773,"data":"被排除样本 正确率：89.39%\n"}
,{"stream_name":"stdout","time":6767.155598011,"data":"类型1 没有样本或未被分类。\n"}
,{"stream_name":"stdout","time":6767.155600358,"data":"类型2 正确率：   0.00% -\u003e 1    0.00%, 2    0.00%, 3  100.00%\n"}
,{"stream_name":"stdout","time":6767.155602695,"data":"类型3 正确率：  95.00% -\u003e 1    4.84%, 2    0.00%, 3   95.16%\n"}
,{"stream_name":"stdout","time":6767.15560506,"data":"\n"}
,{"stream_name":"stdout","time":6767.155607238,"data":"\n"}
,{"stream_name":"stdout","time":6780.258733708,"data":"轮次:·11/·20 || c_Loss:0.355 || e_Loss:-1.850 || Aad_Loss:-25.427 || 耗时：34.19s\n"}
,{"stream_name":"stdout","time":6793.500936862,"data":"轮次:·12/·20 || c_Loss:0.333 || e_Loss:-1.762 || Aad_Loss:-26.852 || 耗时：13.24s\n"}
,{"stream_name":"stdout","time":6806.760503363,"data":"轮次:·13/·20 || c_Loss:0.325 || e_Loss:-1.755 || Aad_Loss:-25.196 || 耗时：13.26s\n"}
,{"stream_name":"stdout","time":6819.933235512,"data":"轮次:·14/·20 || c_Loss:0.358 || e_Loss:-1.496 || Aad_Loss:-29.452 || 耗时：13.17s\n"}
,{"stream_name":"stdout","time":6833.155490326,"data":"轮次:·15/·20 || c_Loss:0.360 || e_Loss:-1.757 || Aad_Loss:-27.777 || 耗时：13.22s\n"}
,{"stream_name":"stdout","time":6839.297051906,"data":"任务: (B3)N15_M07_F04→(B2)N15_M07_F10; mix批次:····0; 批次:·1410/·1880;  总正确率: 70.92%\n"}
,{"stream_name":"stdout","time":6839.297083977,"data":"类型1 正确率： 100.00% -\u003e 1  100.00%, 2    0.00%, 3    0.00%\n"}
,{"stream_name":"stdout","time":6839.297090775,"data":"类型2 正确率：  33.00% -\u003e 1    0.00%, 2   33.00%, 3   67.00%\n"}
,{"stream_name":"stdout","time":6839.29709623,"data":"类型3 正确率：  80.00% -\u003e 1    0.50%, 2   19.75%, 3   79.75%\n"}
,{"stream_name":"stdout","time":6839.297101865,"data":"\n"}
,{"stream_name":"stdout","time":6839.297106837,"data":"\n"}
,{"stream_name":"stdout","time":6839.337818314,"data":"样本变换：reverse\n"}
,{"stream_name":"stdout","time":6842.5942665,"data":"样本变换：mask\n"}
,{"stream_name":"stdout","time":6845.865285118,"data":"样本变换：shift\n"}
,{"stream_name":"stdout","time":6849.142271213,"data":"样本变换：none\n"}
,{"stream_name":"stderr","time":6854.414007999,"data":"/kaggle/working/m2rep/reps1/sdalr_PU_final_checkpoint/tools.py:413: RuntimeWarning: invalid value encountered in divide\n"}
,{"stream_name":"stderr","time":6854.414060977,"data":"  per_class_acc = conf_matrix.diagonal() / conf_matrix.sum(axis=1) * 100\n"}
,{"stream_name":"stdout","time":6854.414232388,"data":"未过滤\t未用伪标签：70.92% -\u003e 使用伪标签：68.12%\n"}
,{"stream_name":"stdout","time":6854.414247784,"data":"已过滤\t未用伪标签：70.68% -\u003e 使用伪标签：68.96%\n"}
,{"stream_name":"stdout","time":6854.414259896,"data":"排除样本：73|6000\t剩余：2003, 1160, 2764\n"}
,{"stream_name":"stdout","time":6854.414277809,"data":"增添样本：2865\t\t细则：761, 2104, 0\t正确率估算：99.86%\n"}
,{"stream_name":"stdout","time":6854.414281125,"data":"类型1 正确率： 100.00% -\u003e 1  100.00%, 2    0.00%, 3    0.00%\n"}
,{"stream_name":"stdout","time":6854.414284155,"data":"类型2 正确率：  33.00% -\u003e 1    0.15%, 2   33.00%, 3   66.85%\n"}
,{"stream_name":"stdout","time":6854.414286849,"data":"类型3 正确率：  74.00% -\u003e 1    0.00%, 2   25.95%, 3   74.05%\n"}
,{"stream_name":"stdout","time":6854.414289661,"data":"\n"}
,{"stream_name":"stdout","time":6854.414292212,"data":"被排除样本 正确率：90.41%\n"}
,{"stream_name":"stdout","time":6854.414294917,"data":"类型1 没有样本或未被分类。\n"}
,{"stream_name":"stdout","time":6854.414297551,"data":"类型2 没有样本或未被分类。\n"}
,{"stream_name":"stdout","time":6854.414300172,"data":"类型3 正确率：  90.00% -\u003e 1    2.74%, 2    6.85%, 3   90.41%\n"}
,{"stream_name":"stdout","time":6854.414302972,"data":"\n"}
,{"stream_name":"stdout","time":6854.414305538,"data":"\n"}
,{"stream_name":"stdout","time":6867.491983692,"data":"轮次:·16/·20 || c_Loss:0.317 || e_Loss:-1.510 || Aad_Loss:-29.349 || 耗时：34.34s\n"}
,{"stream_name":"stdout","time":6880.716901002,"data":"轮次:·17/·20 || c_Loss:0.350 || e_Loss:-1.648 || Aad_Loss:-30.717 || 耗时：13.22s\n"}
,{"stream_name":"stdout","time":6893.925367761,"data":"轮次:·18/·20 || c_Loss:0.332 || e_Loss:-1.622 || Aad_Loss:-26.617 || 耗时：13.21s\n"}
,{"stream_name":"stdout","time":6907.181932442,"data":"轮次:·19/·20 || c_Loss:0.337 || e_Loss:-1.654 || Aad_Loss:-29.238 || 耗时：13.26s\n"}
,{"stream_name":"stdout","time":6920.391688195,"data":"轮次:·20/·20 || c_Loss:0.334 || e_Loss:-1.727 || Aad_Loss:-29.193 || 耗时：13.21s\n"}
,{"stream_name":"stdout","time":6926.52918538,"data":"任务: (B3)N15_M07_F04→(B2)N15_M07_F10; mix批次:····0; 批次:·1880/·1880;  总正确率: 74.77%\n"}
,{"stream_name":"stdout","time":6926.529241604,"data":"类型1 正确率： 100.00% -\u003e 1  100.00%, 2    0.00%, 3    0.00%\n"}
,{"stream_name":"stdout","time":6926.529246645,"data":"类型2 正确率：  33.00% -\u003e 1    0.00%, 2   33.10%, 3   66.90%\n"}
,{"stream_name":"stdout","time":6926.52924983,"data":"类型3 正确率：  91.00% -\u003e 1    0.00%, 2    8.80%, 3   91.20%\n"}
,{"stream_name":"stdout","time":6926.529253114,"data":"\n"}
,{"stream_name":"stdout","time":6926.529256051,"data":"\n"}
,{"stream_name":"stdout","time":6932.633779912,"data":"测试集任务: (B3)N15_M07_F04→(B2)N15_M07_F10; 总正确率 = 74.77%\n"}
,{"stream_name":"stdout","time":6932.633817956,"data":"类型1 正确率： 100.00% -\u003e 1  100.00%, 2    0.00%, 3    0.00%\n"}
,{"stream_name":"stdout","time":6932.633830132,"data":"类型2 正确率：  33.00% -\u003e 1    0.00%, 2   33.10%, 3   66.90%\n"}
,{"stream_name":"stdout","time":6932.633834238,"data":"类型3 正确率：  91.00% -\u003e 1    0.00%, 2    8.80%, 3   91.20%\n"}
,{"stream_name":"stdout","time":6932.633837546,"data":"\n"}
,{"stream_name":"stdout","time":6932.633840904,"data":"\n"}
,{"stream_name":"stdout","time":6932.660772585,"data":"[tar_adaptation_RES_PU.py --folder_root /kaggle/working/m2rep/reps1/sdalr_PU_final_checkpoint/DATA_foldA --seed 1 --class_num 3 --data_name PU_M1_L3 --output /kaggle/working/m2rep/reps1/weight_PU_M1_final_checkpoint_FBtoA_gatepcv_s1 --s 2 --t 1 --lr 0.0005 --threshold 0.4 --K 0.6] 365s\n"}
,{"stream_name":"stdout","time":6932.691497856,"data":"{\n"}
,{"stream_name":"stdout","time":6932.691517358,"data":"  \"dataset\": \"PU_M1\",\n"}
,{"stream_name":"stdout","time":6932.691533525,"data":"  \"variant\": \"final_checkpoint\",\n"}
,{"stream_name":"stdout","time":6932.691537694,"data":"  \"seed\": 1,\n"}
,{"stream_name":"stdout","time":6932.691547133,"data":"  \"smoke\": false,\n"}
,{"stream_name":"stdout","time":6932.69154982,"data":"  \"src_fold\": \"B\",\n"}
,{"stream_name":"stdout","time":6932.691552121,"data":"  \"tgt_fold\": \"A\",\n"}
,{"stream_name":"stdout","time":6932.691554305,"data":"  \"leaky\": false,\n"}
,{"stream_name":"stdout","time":6932.691556567,"data":"  \"hyperparameters\": {\n"}
,{"stream_name":"stdout","time":6932.691558817,"data":"    \"lr\": \"0.0005\",\n"}
,{"stream_name":"stdout","time":6932.691561097,"data":"    \"threshold\": \"0.4\",\n"}
,{"stream_name":"stdout","time":6932.691563346,"data":"    \"K\": \"0.6\"\n"}
,{"stream_name":"stdout","time":6932.691565664,"data":"  },\n"}
,{"stream_name":"stdout","time":6932.691567781,"data":"  \"adapters\": [\n"}
,{"stream_name":"stdout","time":6932.691570048,"data":"    \"npz_io\",\n"}
,{"stream_name":"stdout","time":6932.691572263,"data":"    \"tsne_stub\",\n"}
,{"stream_name":"stdout","time":6932.691574515,"data":"    \"final_checkpoint_patch\"\n"}
,{"stream_name":"stdout","time":6932.691576738,"data":"  ],\n"}
,{"stream_name":"stdout","time":6932.691578858,"data":"  \"source_only\": {},\n"}
,{"stream_name":"stdout","time":6932.691581073,"data":"  \"adapted\": {\n"}
,{"stream_name":"stdout","time":6932.691583377,"data":"    \"A1-\u003eA3\": 72.8,\n"}
,{"stream_name":"stdout","time":6932.691585916,"data":"    \"A1-\u003eA2\": 55.27,\n"}
,{"stream_name":"stdout","time":6932.691588127,"data":"    \"A3-\u003eA1\": 61.07,\n"}
,{"stream_name":"stdout","time":6932.691590279,"data":"    \"A3-\u003eA2\": 55.22,\n"}
,{"stream_name":"stdout","time":6932.691592451,"data":"    \"A2-\u003eA1\": 72.82,\n"}
,{"stream_name":"stdout","time":6932.691594614,"data":"    \"A2-\u003eA3\": 74.77\n"}
,{"stream_name":"stdout","time":6932.691596793,"data":"  },\n"}
,{"stream_name":"stdout","time":6932.69159889,"data":"  \"seconds\": {\n"}
,{"stream_name":"stdout","time":6932.691601062,"data":"    \"A1-\u003eA3\": 368,\n"}
,{"stream_name":"stdout","time":6932.691603224,"data":"    \"A1-\u003eA2\": 368,\n"}
,{"stream_name":"stdout","time":6932.691605373,"data":"    \"A3-\u003eA1\": 366,\n"}
,{"stream_name":"stdout","time":6932.691607824,"data":"    \"A3-\u003eA2\": 366,\n"}
,{"stream_name":"stdout","time":6932.691610128,"data":"    \"A2-\u003eA1\": 365,\n"}
,{"stream_name":"stdout","time":6932.691612292,"data":"    \"A2-\u003eA3\": 365\n"}
,{"stream_name":"stdout","time":6932.691614478,"data":"  },\n"}
,{"stream_name":"stdout","time":6932.691616574,"data":"  \"gate_log\": {\n"}
,{"stream_name":"stdout","time":6932.691618848,"data":"    \"A1-\u003eA3\": [\n"}
,{"stream_name":"stdout","time":6932.691621047,"data":"      {\n"}
,{"stream_name":"stdout","time":6932.691623242,"data":"        \"sdalr_rejected\": 54,\n"}
,{"stream_name":"stdout","time":6932.691625482,"data":"        \"hook_rejected\": 1341,\n"}
,{"stream_name":"stdout","time":6932.691627993,"data":"        \"precision_before\": 0.5583585603767238,\n"}
,{"stream_name":"stdout","time":6932.691630238,"data":"        \"precision_after\": 0.7209554831704669,\n"}
,{"stream_name":"stdout","time":6932.691632442,"data":"        \"n\": 6000\n"}
,{"stream_name":"stdout","time":6932.691634598,"data":"      },\n"}
,{"stream_name":"stdout","time":6932.691636827,"data":"      {\n"}
,{"stream_name":"stdout","time":6932.691638912,"data":"        \"sdalr_rejected\": 50,\n"}
,{"stream_name":"stdout","time":6932.691641102,"data":"        \"hook_rejected\": 1335,\n"}
,{"stream_name":"stdout","time":6932.691646256,"data":"        \"precision_before\": 0.5589915966386555,\n"}
,{"stream_name":"stdout","time":6932.691648714,"data":"        \"precision_after\": 0.7206933911159263,\n"}
,{"stream_name":"stdout","time":6932.691650967,"data":"        \"n\": 6000\n"}
,{"stream_name":"stdout","time":6932.691653145,"data":"      },\n"}
,{"stream_name":"stdout","time":6932.691655235,"data":"      {\n"}
,{"stream_name":"stdout","time":6932.691657429,"data":"        \"sdalr_rejected\": 52,\n"}
,{"stream_name":"stdout","time":6932.691659613,"data":"        \"hook_rejected\": 1265,\n"}
,{"stream_name":"stdout","time":6932.6916618,"data":"        \"precision_before\": 0.5669132481506388,\n"}
,{"stream_name":"stdout","time":6932.691664002,"data":"        \"precision_after\": 0.7200512491992312,\n"}
,{"stream_name":"stdout","time":6932.691666215,"data":"        \"n\": 6000\n"}
,{"stream_name":"stdout","time":6932.691668371,"data":"      },\n"}
,{"stream_name":"stdout","time":6932.691670476,"data":"      {\n"}
,{"stream_name":"stdout","time":6932.691672562,"data":"        \"sdalr_rejected\": 99,\n"}
,{"stream_name":"stdout","time":6932.691674755,"data":"        \"hook_rejected\": 1024,\n"}
,{"stream_name":"stdout","time":6932.691676923,"data":"        \"precision_before\": 0.6061684460260973,\n"}
,{"stream_name":"stdout","time":6932.691679118,"data":"        \"precision_after\": 0.7334426901783884,\n"}
,{"stream_name":"stdout","time":6932.691681337,"data":"        \"n\": 6000\n"}
,{"stream_name":"stdout","time":6932.691683492,"data":"      }\n"}
,{"stream_name":"stdout","time":6932.691685597,"data":"    ],\n"}
,{"stream_name":"stdout","time":6932.69168771,"data":"    \"A1-\u003eA2\": [\n"}
,{"stream_name":"stdout","time":6932.691689892,"data":"      {\n"}
,{"stream_name":"stdout","time":6932.691692025,"data":"        \"sdalr_rejected\": 31,\n"}
,{"stream_name":"stdout","time":6932.691694195,"data":"        \"hook_rejected\": 35,\n"}
,{"stream_name":"stdout","time":6932.691696375,"data":"        \"precision_before\": 0.5518512313620372,\n"}
,{"stream_name":"stdout","time":6932.691698589,"data":"        \"precision_after\": 0.5551061678463094,\n"}
,{"stream_name":"stdout","time":6932.691700778,"data":"        \"n\": 6000\n"}
,{"stream_name":"stdout","time":6932.691702946,"data":"      },\n"}
,{"stream_name":"stdout","time":6932.691705045,"data":"      {\n"}
,{"stream_name":"stdout","time":6932.691707128,"data":"        \"sdalr_rejected\": 1,\n"}
,{"stream_name":"stdout","time":6932.69170935,"data":"        \"hook_rejected\": 35,\n"}
,{"stream_name":"stdout","time":6932.691711528,"data":"        \"precision_before\": 0.5530921820303384,\n"}
,{"stream_name":"stdout","time":6932.691713732,"data":"        \"precision_after\": 0.5563380281690141,\n"}
,{"stream_name":"stdout","time":6932.691715931,"data":"        \"n\": 6000\n"}
,{"stream_name":"stdout","time":6932.691718088,"data":"      },\n"}
,{"stream_name":"stdout","time":6932.691720181,"data":"      {\n"}
,{"stream_name":"stdout","time":6932.691722267,"data":"        \"sdalr_rejected\": 1,\n"}
,{"stream_name":"stdout","time":6932.691724438,"data":"        \"hook_rejected\": 35,\n"}
,{"stream_name":"stdout","time":6932.691726675,"data":"        \"precision_before\": 0.5527587931321887,\n"}
,{"stream_name":"stdout","time":6932.691728872,"data":"        \"precision_after\": 0.5560026827632462,\n"}
,{"stream_name":"stdout","time":6932.691736055,"data":"        \"n\": 6000\n"}
,{"stream_name":"stdout","time":6932.691738287,"data":"      },\n"}
,{"stream_name":"stdout","time":6932.69174233,"data":"      {\n"}
,{"stream_name":"stdout","time":6932.691744568,"data":"        \"sdalr_rejected\": 1,\n"}
,{"stream_name":"stdout","time":6932.691747457,"data":"        \"hook_rejected\": 35,\n"}
,{"stream_name":"stdout","time":6932.691749703,"data":"        \"precision_before\": 0.5527587931321887,\n"}
,{"stream_name":"stdout","time":6932.691752054,"data":"        \"precision_after\": 0.5560026827632462,\n"}
,{"stream_name":"stdout","time":6932.691754277,"data":"        \"n\": 6000\n"}
,{"stream_name":"stdout","time":6932.691756445,"data":"      }\n"}
,{"stream_name":"stdout","time":6932.691758615,"data":"    ],\n"}
,{"stream_name":"stdout","time":6932.69176074,"data":"    \"A3-\u003eA1\": [\n"}
,{"stream_name":"stdout","time":6932.691762938,"data":"      {\n"}
,{"stream_name":"stdout","time":6932.691765072,"data":"        \"sdalr_rejected\": 24,\n"}
,{"stream_name":"stdout","time":6932.69176727,"data":"        \"hook_rejected\": 1376,\n"}
,{"stream_name":"stdout","time":6932.691769505,"data":"        \"precision_before\": 0.554718875502008,\n"}
,{"stream_name":"stdout","time":6932.691771738,"data":"        \"precision_after\": 0.7134782608695652,\n"}
,{"stream_name":"stdout","time":6932.691773976,"data":"        \"n\": 6000\n"}
,{"stream_name":"stdout","time":6932.691776145,"data":"      },\n"}
,{"stream_name":"stdout","time":6932.691778242,"data":"      {\n"}
,{"stream_name":"stdout","time":6932.69178036,"data":"        \"sdalr_rejected\": 1,\n"}
,{"stream_name":"stdout","time":6932.69178255,"data":"        \"hook_rejected\": 1372,\n"}
,{"stream_name":"stdout","time":6932.691784767,"data":"        \"precision_before\": 0.5534255709284881,\n"}
,{"stream_name":"stdout","time":6932.69178704,"data":"        \"precision_after\": 0.7103955046466393,\n"}
,{"stream_name":"stdout","time":6932.69178926,"data":"        \"n\": 6000\n"}
,{"stream_name":"stdout","time":6932.69179142,"data":"      },\n"}
,{"stream_name":"stdout","time":6932.69179351,"data":"      {\n"}
,{"stream_name":"stdout","time":6932.691795601,"data":"        \"sdalr_rejected\": 2,\n"}
,{"stream_name":"stdout","time":6932.691797785,"data":"        \"hook_rejected\": 1371,\n"}
,{"stream_name":"stdout","time":6932.691799983,"data":"        \"precision_before\": 0.55351783927976,\n"}
,{"stream_name":"stdout","time":6932.691802201,"data":"        \"precision_after\": 0.7103955046466393,\n"}
,{"stream_name":"stdout","time":6932.691804438,"data":"        \"n\": 6000\n"}
,{"stream_name":"stdout","time":6932.691806602,"data":"      },\n"}
,{"stream_name":"stdout","time":6932.691808685,"data":"      {\n"}
,{"stream_name":"stdout","time":6932.691810782,"data":"        \"sdalr_rejected\": 1,\n"}
,{"stream_name":"stdout","time":6932.691812967,"data":"        \"hook_rejected\": 1370,\n"}
,{"stream_name":"stdout","time":6932.691815162,"data":"        \"precision_before\": 0.5537589598266378,\n"}
,{"stream_name":"stdout","time":6932.691817397,"data":"        \"precision_after\": 0.7105206308057895,\n"}
,{"stream_name":"stdout","time":6932.691819613,"data":"        \"n\": 6000\n"}
,{"stream_name":"stdout","time":6932.69182179,"data":"      }\n"}
,{"stream_name":"stdout","time":6932.691823892,"data":"    ],\n"}
,{"stream_name":"stdout","time":6932.691826011,"data":"    \"A3-\u003eA2\": [\n"}
,{"stream_name":"stdout","time":6932.691828182,"data":"      {\n"}
,{"stream_name":"stdout","time":6932.691830368,"data":"        \"sdalr_rejected\": 31,\n"}
,{"stream_name":"stdout","time":6932.691832556,"data":"        \"hook_rejected\": 42,\n"}
,{"stream_name":"stdout","time":6932.69183476,"data":"        \"precision_before\": 0.545820070363545,\n"}
,{"stream_name":"stdout","time":6932.691839021,"data":"        \"precision_after\": 0.5496878690737304,\n"}
,{"stream_name":"stdout","time":6932.691841531,"data":"        \"n\": 6000\n"}
,{"stream_name":"stdout","time":6932.691843706,"data":"      },\n"}
,{"stream_name":"stdout","time":6932.691845814,"data":"      {\n"}
,{"stream_name":"stdout","time":6932.691847908,"data":"        \"sdalr_rejected\": 0,\n"}
,{"stream_name":"stdout","time":6932.691850205,"data":"        \"hook_rejected\": 37,\n"}
,{"stream_name":"stdout","time":6932.691852414,"data":"        \"precision_before\": 0.5516666666666666,\n"}
,{"stream_name":"stdout","time":6932.691854627,"data":"        \"precision_after\": 0.5550897199396277,\n"}
,{"stream_name":"stdout","time":6932.691856824,"data":"        \"n\": 6000\n"}
,{"stream_name":"stdout","time":6932.691859075,"data":"      },\n"}
,{"stream_name":"stdout","time":6932.691861175,"data":"      {\n"}
,{"stream_name":"stdout","time":6932.691863339,"data":"        \"sdalr_rejected\": 3,\n"}
,{"stream_name":"stdout","time":6932.691865513,"data":"        \"hook_rejected\": 37,\n"}
,{"stream_name":"stdout","time":6932.691867698,"data":"        \"precision_before\": 0.5512756378189094,\n"}
,{"stream_name":"stdout","time":6932.69186993,"data":"        \"precision_after\": 0.5546979865771812,\n"}
,{"stream_name":"stdout","time":6932.691872202,"data":"        \"n\": 6000\n"}
,{"stream_name":"stdout","time":6932.691874358,"data":"      },\n"}
,{"stream_name":"stdout","time":6932.691876487,"data":"      {\n"}
,{"stream_name":"stdout","time":6932.691878587,"data":"        \"sdalr_rejected\": 2,\n"}
,{"stream_name":"stdout","time":6932.691880756,"data":"        \"hook_rejected\": 35,\n"}
,{"stream_name":"stdout","time":6932.691882935,"data":"        \"precision_before\": 0.5521840613537846,\n"}
,{"stream_name":"stdout","time":6932.691885159,"data":"        \"precision_after\": 0.5554251215830958,\n"}
,{"stream_name":"stdout","time":6932.691887357,"data":"        \"n\": 6000\n"}
,{"stream_name":"stdout","time":6932.691889518,"data":"      }\n"}
,{"stream_name":"stdout","time":6932.691891635,"data":"    ],\n"}
,{"stream_name":"stdout","time":6932.691893775,"data":"    \"A2-\u003eA1\": [\n"}
,{"stream_name":"stdout","time":6932.691895943,"data":"      {\n"}
,{"stream_name":"stdout","time":6932.691898035,"data":"        \"sdalr_rejected\": 55,\n"}
,{"stream_name":"stdout","time":6932.691900238,"data":"        \"hook_rejected\": 1375,\n"}
,{"stream_name":"stdout","time":6932.691905899,"data":"        \"precision_before\": 0.5572750210260723,\n"}
,{"stream_name":"stdout","time":6932.691908189,"data":"        \"precision_after\": 0.7177242888402626,\n"}
,{"stream_name":"stdout","time":6932.691910476,"data":"        \"n\": 6000\n"}
,{"stream_name":"stdout","time":6932.691912698,"data":"      },\n"}
,{"stream_name":"stdout","time":6932.691914895,"data":"      {\n"}
,{"stream_name":"stdout","time":6932.691916991,"data":"        \"sdalr_rejected\": 33,\n"}
,{"stream_name":"stdout","time":6932.691919252,"data":"        \"hook_rejected\": 1340,\n"}
,{"stream_name":"stdout","time":6932.691921437,"data":"        \"precision_before\": 0.5594100888218535,\n"}
,{"stream_name":"stdout","time":6932.691924047,"data":"        \"precision_after\": 0.7142857142857143,\n"}
,{"stream_name":"stdout","time":6932.691926375,"data":"        \"n\": 6000\n"}
,{"stream_name":"stdout","time":6932.69192862,"data":"      },\n"}
,{"stream_name":"stdout","time":6932.691930836,"data":"      {\n"}
,{"stream_name":"stdout","time":6932.691933046,"data":"        \"sdalr_rejected\": 47,\n"}
,{"stream_name":"stdout","time":6932.691945707,"data":"        \"hook_rejected\": 1174,\n"}
,{"stream_name":"stdout","time":6932.691948057,"data":"        \"precision_before\": 0.5834033260540904,\n"}
,{"stream_name":"stdout","time":6932.691950305,"data":"        \"precision_after\": 0.7198158610587989,\n"}
,{"stream_name":"stdout","time":6932.691952508,"data":"        \"n\": 6000\n"}
,{"stream_name":"stdout","time":6932.691954685,"data":"      },\n"}
,{"stream_name":"stdout","time":6932.69195678,"data":"      {\n"}
,{"stream_name":"stdout","time":6932.691958875,"data":"        \"sdalr_rejected\": 84,\n"}
,{"stream_name":"stdout","time":6932.691961172,"data":"        \"hook_rejected\": 689,\n"}
,{"stream_name":"stdout","time":6932.691963472,"data":"        \"precision_before\": 0.6626098715348209,\n"}
,{"stream_name":"stdout","time":6932.691965718,"data":"        \"precision_after\": 0.7436387985460111,\n"}
,{"stream_name":"stdout","time":6932.691968022,"data":"        \"n\": 6000\n"}
,{"stream_name":"stdout","time":6932.691970197,"data":"      }\n"}
,{"stream_name":"stdout","time":6932.691972387,"data":"    ],\n"}
,{"stream_name":"stdout","time":6932.691974564,"data":"    \"A2-\u003eA3\": [\n"}
,{"stream_name":"stdout","time":6932.691976742,"data":"      {\n"}
,{"stream_name":"stdout","time":6932.691978932,"data":"        \"sdalr_rejected\": 55,\n"}
,{"stream_name":"stdout","time":6932.691982128,"data":"        \"hook_rejected\": 1341,\n"}
,{"stream_name":"stdout","time":6932.691985466,"data":"        \"precision_before\": 0.5584524810765349,\n"}
,{"stream_name":"stdout","time":6932.691988989,"data":"        \"precision_after\": 0.7211120764552563,\n"}
,{"stream_name":"stdout","time":6932.691991407,"data":"        \"n\": 6000\n"}
,{"stream_name":"stdout","time":6932.691993572,"data":"      },\n"}
,{"stream_name":"stdout","time":6932.691995758,"data":"      {\n"}
,{"stream_name":"stdout","time":6932.691997938,"data":"        \"sdalr_rejected\": 35,\n"}
,{"stream_name":"stdout","time":6932.692000136,"data":"        \"hook_rejected\": 1327,\n"}
,{"stream_name":"stdout","time":6932.6920024,"data":"        \"precision_before\": 0.557921207041073,\n"}
,{"stream_name":"stdout","time":6932.692004627,"data":"        \"precision_after\": 0.7175506683915481,\n"}
,{"stream_name":"stdout","time":6932.692006892,"data":"        \"n\": 6000\n"}
,{"stream_name":"stdout","time":6932.692009134,"data":"      },\n"}
,{"stream_name":"stdout","time":6932.692011295,"data":"      {\n"}
,{"stream_name":"stdout","time":6932.692013371,"data":"        \"sdalr_rejected\": 66,\n"}
,{"stream_name":"stdout","time":6932.692015535,"data":"        \"hook_rejected\": 1092,\n"}
,{"stream_name":"stdout","time":6932.692017737,"data":"        \"precision_before\": 0.5908324907313784,\n"}
,{"stream_name":"stdout","time":6932.692019959,"data":"        \"precision_after\": 0.7240809582817018,\n"}
,{"stream_name":"stdout","time":6932.692022168,"data":"        \"n\": 6000\n"}
,{"stream_name":"stdout","time":6932.692024335,"data":"      },\n"}
,{"stream_name":"stdout","time":6932.692026549,"data":"      {\n"}
,{"stream_name":"stdout","time":6932.692028644,"data":"        \"sdalr_rejected\": 73,\n"}
,{"stream_name":"stdout","time":6932.692030816,"data":"        \"hook_rejected\": 500,\n"}
,{"stream_name":"stdout","time":6932.692033039,"data":"        \"precision_before\": 0.6895562679264383,\n"}
,{"stream_name":"stdout","time":6932.692035333,"data":"        \"precision_after\": 0.7530864197530864,\n"}
,{"stream_name":"stdout","time":6932.692037512,"data":"        \"n\": 6000\n"}
,{"stream_name":"stdout","time":6932.692042008,"data":"      }\n"}
,{"stream_name":"stdout","time":6932.692044272,"data":"    ]\n"}
,{"stream_name":"stdout","time":6932.692046472,"data":"  },\n"}
,{"stream_name":"stdout","time":6932.692048591,"data":"  \"gate\": \"pcv\"\n"}
,{"stream_name":"stdout","time":6932.692050883,"data":"}\n"}
,{"stream_name":"stdout","time":6933.800882004,"data":"{'gate': 'pcv', 'rc': 0, 'seconds': 2205}\n"}
,{"stream_name":"stderr","time":6936.200957297,"data":"/usr/local/lib/python3.12/dist-packages/mistune.py:435: SyntaxWarning: invalid escape sequence '\\|'\n"}
,{"stream_name":"stderr","time":6936.200980262,"data":"  cells[i][c] = re.sub('\\\\\\\\\\|', '|', cell)\n"}
,{"stream_name":"stderr","time":6936.409891987,"data":"/usr/local/lib/python3.12/dist-packages/nbconvert/filters/filter_links.py:36: SyntaxWarning: invalid escape sequence '\\_'\n"}
,{"stream_name":"stderr","time":6936.409913659,"data":"  text = re.sub(r'_', '\\_', text) # Escape underscores in display text\n"}
,{"stream_name":"stderr","time":6937.015165103,"data":"[NbConvertApp] Converting notebook __script__.ipynb to html\n"}
,{"stream_name":"stderr","time":6937.758724702,"data":"[NbConvertApp] Writing 282679 bytes to __results__.html\n"}
]