alias_BPFB,alias_BPFI,alias_BPFO,bearing_id,c30,dataset,fault_type,record_id,speed,v2
0.0,0.0,0.0,cwru_inner_race_0.007_na,normal,CWRU,inner_race,105,measured_in_file,normal
0.0,0.0,0.0,cwru_ball_0.007_na,normal,CWRU,ball,118,measured_in_file,normal
0.0,0.0,0.0,cwru_outer_race_0.007_centered_6,outer_race,CWRU,outer_race,130,measured_in_file,outer_race
0.0,0.0,0.0,cwru_outer_race_0.007_orthogonal_3,normal,CWRU,outer_race,144,measured_in_file,normal
0.0,0.0,0.0,cwru_outer_race_0.007_opposite_12,normal,CWRU,outer_race,156,measured_in_file,normal
0.0,0.0,0.0,cwru_inner_race_0.007_na,normal,CWRU,inner_race,106,measured_in_file,normal
0.0,0.0,0.0,cwru_ball_0.007_na,normal,CWRU,ball,119,measured_in_file,normal
0.0,0.0,0.0,cwru_outer_race_0.007_centered_6,outer_race,CWRU,outer_race,131,measured_in_file,outer_race
0.0,0.0,0.0,cwru_outer_race_0.007_orthogonal_3,normal,CWRU,outer_race,145,measured_in_file,normal
0.0,0.0,0.0,cwru_outer_race_0.007_opposite_12,outer_race,CWRU,outer_race,158,measured_in_file,outer_race
0.0,0.0,0.0,cwru_inner_race_0.007_na,normal,CWRU,inner_race,107,measured_in_file,normal
0.0,0.0,0.0,cwru_ball_0.007_na,normal,CWRU,ball,120,measured_in_file,normal
0.0,0.0,0.0,cwru_outer_race_0.007_centered_6,outer_race,CWRU,outer_race,132,measured_in_file,outer_race
0.0,0.0,0.0,cwru_outer_race_0.007_orthogonal_3,normal,CWRU,outer_race,146,measured_in_file,normal
0.0,0.0,0.0,cwru_outer_race_0.007_opposite_12,normal,CWRU,outer_race,159,measured_in_file,normal
0.0,0.333,0.0,cwru_inner_race_0.007_na,inner_race,CWRU,inner_race,108,measured_in_file,inner_race
0.0,0.0,0.0,cwru_ball_0.007_na,normal,CWRU,ball,121,measured_in_file,normal
0.0,0.0,0.0,cwru_outer_race_0.007_centered_6,outer_race,CWRU,outer_race,133,measured_in_file,outer_race
0.0,0.0,0.0,cwru_outer_race_0.007_orthogonal_3,normal,CWRU,outer_race,147,measured_in_file,normal
0.0,0.0,0.0,cwru_outer_race_0.007_opposite_12,normal,CWRU,outer_race,160,measured_in_file,normal
0.0,0.0,0.0,cwru_inner_race_0.014_na,inner_race,CWRU,inner_race,169,measured_in_file,inner_race
0.0,0.0,0.0,cwru_ball_0.014_na,normal,CWRU,ball,185,measured_in_file,normal
0.0,0.0,0.0,cwru_outer_race_0.014_centered_6,normal,CWRU,outer_race,197,measured_in_file,normal
0.5,0.0,0.0,cwru_inner_race_0.014_na,normal,CWRU,inner_race,170,measured_in_file,normal
0.0,0.0,0.0,cwru_ball_0.014_na,normal,CWRU,ball,186,measured_in_file,normal
0.0,0.0,0.0,cwru_outer_race_0.014_centered_6,normal,CWRU,outer_race,198,measured_in_file,normal
0.0,0.0,0.0,cwru_inner_race_0.014_na,inner_race,CWRU,inner_race,171,measured_in_file,inner_race
0.0,0.0,0.0,cwru_ball_0.014_na,normal,CWRU,ball,187,measured_in_file,normal
0.0,0.0,0.0,cwru_outer_race_0.014_centered_6,normal,CWRU,outer_race,199,measured_in_file,normal
0.0,0.0,0.0,cwru_inner_race_0.014_na,normal,CWRU,inner_race,172,measured_in_file,normal
0.0,0.0,0.0,cwru_ball_0.014_na,normal,CWRU,ball,188,measured_in_file,normal
0.0,0.0,0.0,cwru_outer_race_0.014_centered_6,normal,CWRU,outer_race,200,measured_in_file,normal
0.0,0.0,0.0,cwru_inner_race_0.021_na,inner_race,CWRU,inner_race,209,measured_in_file,inner_race
0.0,0.0,0.0,cwru_ball_0.021_na,normal,CWRU,ball,222,measured_in_file,normal
0.0,0.0,0.0,cwru_outer_race_0.021_centered_6,outer_race,CWRU,outer_race,234,measured_in_file,outer_race
0.0,0.0,0.0,cwru_outer_race_0.021_orthogonal_3,normal,CWRU,outer_race,246,measured_in_file,normal
0.0,0.0,0.0,cwru_outer_race_0.021_opposite_12,outer_race,CWRU,outer_race,258,measured_in_file,outer_race
0.0,0.0,0.0,cwru_inner_race_0.021_na,inner_race,CWRU,inner_race,210,measured_in_file,inner_race
0.0,0.0,0.0,cwru_ball_0.021_na,normal,CWRU,ball,223,measured_in_file,normal
0.0,0.0,0.0,cwru_outer_race_0.021_centered_6,outer_race,CWRU,outer_race,235,measured_in_file,outer_race
0.0,0.0,0.0,cwru_outer_race_0.021_orthogonal_3,normal,CWRU,outer_race,247,measured_in_file,normal
0.0,0.0,0.0,cwru_outer_race_0.021_opposite_12,normal,CWRU,outer_race,259,measured_in_file,normal
0.0,0.0,0.0,cwru_inner_race_0.021_na,inner_race,CWRU,inner_race,211,measured_in_file,inner_race
0.0,0.0,0.0,cwru_ball_0.021_na,normal,CWRU,ball,224,measured_in_file,normal
0.0,0.0,0.0,cwru_outer_race_0.021_centered_6,outer_race,CWRU,outer_race,236,measured_in_file,outer_race
0.0,0.0,0.0,cwru_outer_race_0.021_orthogonal_3,normal,CWRU,outer_race,248,measured_in_file,normal
0.0,0.0,0.0,cwru_outer_race_0.021_opposite_12,normal,CWRU,outer_race,260,measured_in_file,normal
0.0,0.0,0.0,cwru_inner_race_0.021_na,inner_race,CWRU,inner_race,212,measured_in_file,inner_race
0.0,0.0,0.0,cwru_ball_0.021_na,normal,CWRU,ball,225,measured_in_file,normal
0.0,0.0,0.0,cwru_outer_race_0.021_centered_6,outer_race,CWRU,outer_race,237,measured_in_file,outer_race
0.0,0.0,0.0,cwru_outer_race_0.021_orthogonal_3,normal,CWRU,outer_race,249,measured_in_file,normal
0.0,0.0,0.0,cwru_outer_race_0.021_opposite_12,normal,CWRU,outer_race,261,measured_in_file,normal
0.0,0.0,0.0,cwru_inner_race_0.028_na,normal,CWRU,inner_race,3001,nominal_table,normal
0.0,0.0,0.0,cwru_ball_0.028_na,normal,CWRU,ball,3005,nominal_table,normal
0.0,0.0,0.0,cwru_inner_race_0.028_na,normal,CWRU,inner_race,3002,nominal_table,normal
0.0,0.0,0.0,cwru_ball_0.028_na,normal,CWRU,ball,3006,nominal_table,normal
0.0,0.0,0.0,cwru_inner_race_0.028_na,normal,CWRU,inner_race,3003,nominal_table,normal
0.0,0.0,0.0,cwru_ball_0.028_na,normal,CWRU,ball,3007,nominal_table,normal
0.0,0.0,0.0,cwru_inner_race_0.028_na,normal,CWRU,inner_race,3004,nominal_table,normal
0.0,0.0,0.0,cwru_ball_0.028_na,normal,CWRU,ball,3008,nominal_table,normal
0.0,0.0,0.0,cwru_normal,normal,CWRU,normal,97,measured_in_file,normal
0.0,0.0,0.0,cwru_normal,normal,CWRU,normal,98,nominal_table,normal
0.0,0.0,0.0,cwru_normal,normal,CWRU,normal,99,nominal_table,normal
0.0,0.0,0.0,cwru_normal,normal,CWRU,normal,100,measured_in_file,normal
0.0,1.0,0.0,uored_11,normal,UORED,ball,B_11_1,logged,normal
0.0,0.0,0.0,uored_11,normal,UORED,ball,B_11_1,spectral_1x,normal
0.0,0.0,0.0,uored_11,normal,UORED,ball,B_11_2,logged,normal
0.0,0.0,0.0,uored_11,ball,UORED,ball,B_11_2,spectral_1x,ball
0.0,0.0,0.0,uored_12,normal,UORED,ball,B_12_1,logged,normal
0.0,0.0,0.0,uored_12,normal,UORED,ball,B_12_1,spectral_1x,normal
0.0,0.0,0.0,uored_12,normal,UORED,ball,B_12_2,logged,normal
0.0,0.0,0.0,uored_12,normal,UORED,ball,B_12_2,spectral_1x,normal
0.0,0.0,0.0,uored_13,normal,UORED,ball,B_13_1,logged,normal
0.0,0.0,0.0,uored_13,normal,UORED,ball,B_13_1,spectral_1x,normal
0.0,0.0,0.0,uored_13,normal,UORED,ball,B_13_2,logged,normal
0.0,0.0,0.0,uored_13,normal,UORED,ball,B_13_2,spectral_1x,normal
0.0,0.0,0.0,uored_14,normal,UORED,ball,B_14_1,logged,normal
0.0,0.0,0.0,uored_14,normal,UORED,ball,B_14_1,spectral_1x,normal
0.0,0.0,0.0,uored_14,normal,UORED,ball,B_14_2,logged,normal
0.0,0.0,0.0,uored_14,normal,UORED,ball,B_14_2,spectral_1x,normal
0.0,0.0,0.0,uored_15,normal,UORED,ball,B_15_1,logged,normal
0.0,0.0,0.0,uored_15,normal,UORED,ball,B_15_1,spectral_1x,normal
0.0,0.0,0.0,uored_15,normal,UORED,ball,B_15_2,logged,normal
0.0,0.0,0.0,uored_15,normal,UORED,ball,B_15_2,spectral_1x,normal
0.0,0.0,0.0,uored_16,normal,UORED,cage,C_16_1,logged,normal
0.0,0.0,0.0,uored_16,normal,UORED,cage,C_16_1,spectral_1x,normal
0.0,0.0,0.0,uored_16,normal,UORED,cage,C_16_2,logged,normal
0.0,0.0,0.0,uored_16,normal,UORED,cage,C_16_2,spectral_1x,normal
0.0,0.0,0.0,uored_17,normal,UORED,cage,C_17_1,logged,normal
0.0,0.0,0.0,uored_17,normal,UORED,cage,C_17_1,spectral_1x,normal
0.0,0.0,0.0,uored_17,normal,UORED,cage,C_17_2,logged,normal
0.0,0.0,0.0,uored_17,normal,UORED,cage,C_17_2,spectral_1x,normal
0.0,0.0,0.0,uored_18,normal,UORED,cage,C_18_1,logged,normal
0.0,0.0,0.0,uored_18,normal,UORED,cage,C_18_1,spectral_1x,normal
0.0,0.0,0.0,uored_18,ball,UORED,cage,C_18_2,logged,ball
0.0,0.0,0.0,uored_18,normal,UORED,cage,C_18_2,spectral_1x,normal
0.0,0.0,0.0,uored_19,normal,UORED,cage,C_19_1,logged,normal
0.0,0.0,0.0,uored_19,normal,UORED,cage,C_19_1,spectral_1x,normal
0.0,0.0,0.0,uored_19,normal,UORED,cage,C_19_2,logged,normal
0.0,0.0,0.0,uored_19,normal,UORED,cage,C_19_2,spectral_1x,normal
0.0,0.0,0.0,uored_20,normal,UORED,cage,C_20_1,logged,normal
0.0,0.0,0.0,uored_20,normal,UORED,cage,C_20_1,spectral_1x,normal
0.0,1.0,0.0,uored_20,normal,UORED,cage,C_20_2,logged,normal
0.0,1.0,1.0,uored_20,normal,UORED,cage,C_20_2,spectral_1x,normal
0.0,0.0,0.0,uored_10,normal,UORED,normal,H_10_0,logged,normal
0.0,0.0,0.0,uored_10,normal,UORED,normal,H_10_0,spectral_1x,normal
0.0,0.0,0.0,uored_11,normal,UORED,normal,H_11_0,logged,normal
0.0,0.0,0.0,uored_11,normal,UORED,normal,H_11_0,spectral_1x,normal
0.0,0.0,0.0,uored_12,normal,UORED,normal,H_12_0,logged,normal
0.0,0.0,0.0,uored_12,normal,UORED,normal,H_12_0,spectral_1x,normal
0.0,0.0,0.0,uored_13,normal,UORED,normal,H_13_0,logged,normal
0.0,0.0,0.0,uored_13,normal,UORED,normal,H_13_0,spectral_1x,normal
0.0,0.0,0.0,uored_14,normal,UORED,normal,H_14_0,logged,normal
0.0,0.0,0.0,uored_14,normal,UORED,normal,H_14_0,spectral_1x,normal
0.0,0.0,0.0,uored_15,normal,UORED,normal,H_15_0,logged,normal
0.0,0.0,0.0,uored_15,normal,UORED,normal,H_15_0,spectral_1x,normal
0.0,0.0,0.0,uored_16,normal,UORED,normal,H_16_0,logged,normal
0.0,0.0,0.0,uored_16,normal,UORED,normal,H_16_0,spectral_1x,normal
0.0,0.0,0.0,uored_17,normal,UORED,normal,H_17_0,logged,normal
0.0,0.0,0.0,uored_17,normal,UORED,normal,H_17_0,spectral_1x,normal
0.0,0.0,0.0,uored_18,normal,UORED,normal,H_18_0,logged,normal
0.0,0.0,0.0,uored_18,normal,UORED,normal,H_18_0,spectral_1x,normal
0.0,0.0,0.0,uored_19,normal,UORED,normal,H_19_0,logged,normal
0.0,0.0,0.0,uored_19,normal,UORED,normal,H_19_0,spectral_1x,normal
0.0,0.0,0.0,uored_1,normal,UORED,normal,H_1_0,logged,normal
0.0,0.0,0.0,uored_1,normal,UORED,normal,H_1_0,spectral_1x,normal
0.0,0.0,0.0,uored_20,normal,UORED,normal,H_20_0,logged,normal
0.0,0.0,0.0,uored_20,normal,UORED,normal,H_20_0,spectral_1x,normal
0.0,0.0,0.0,uored_2,normal,UORED,normal,H_2_0,logged,normal
0.0,0.0,0.0,uored_2,normal,UORED,normal,H_2_0,spectral_1x,normal
0.0,0.0,0.0,uored_3,normal,UORED,normal,H_3_0,logged,normal
0.0,0.0,0.0,uored_3,normal,UORED,normal,H_3_0,spectral_1x,normal
0.0,0.0,0.0,uored_4,normal,UORED,normal,H_4_0,logged,normal
0.0,0.0,0.0,uored_4,normal,UORED,normal,H_4_0,spectral_1x,normal
0.0,0.0,0.0,uored_5,normal,UORED,normal,H_5_0,logged,normal
0.0,0.0,0.0,uored_5,normal,UORED,normal,H_5_0,spectral_1x,normal
0.0,0.0,0.0,uored_6,normal,UORED,normal,H_6_0,logged,normal
0.0,0.0,0.0,uored_6,normal,UORED,normal,H_6_0,spectral_1x,normal
0.0,0.0,0.0,uored_7,normal,UORED,normal,H_7_0,logged,normal
0.0,0.0,0.0,uored_7,normal,UORED,normal,H_7_0,spectral_1x,normal
0.0,0.0,0.0,uored_8,normal,UORED,normal,H_8_0,logged,normal
0.0,0.0,0.0,uored_8,normal,UORED,normal,H_8_0,spectral_1x,normal
0.0,0.0,0.0,uored_9,normal,UORED,normal,H_9_0,logged,normal
0.0,0.0,0.0,uored_9,normal,UORED,normal,H_9_0,spectral_1x,normal
0.0,0.0,0.0,uored_1,normal,UORED,inner_race,I_1_1,logged,normal
0.0,0.0,0.0,uored_1,normal,UORED,inner_race,I_1_1,spectral_1x,normal
0.0,0.0,0.0,uored_1,inner_race,UORED,inner_race,I_1_2,logged,inner_race
0.0,0.0,0.0,uored_1,outer_race,UORED,inner_race,I_1_2,spectral_1x,outer_race
0.0,0.0,0.0,uored_2,inner_race,UORED,inner_race,I_2_1,logged,inner_race
1.0,1.0,0.8,uored_2,outer_race,UORED,inner_race,I_2_1,spectral_1x,normal
0.0,0.0,0.0,uored_2,normal,UORED,inner_race,I_2_2,logged,normal
0.0,0.0,0.0,uored_2,normal,UORED,inner_race,I_2_2,spectral_1x,normal
0.0,0.0,0.0,uored_3,normal,UORED,inner_race,I_3_1,logged,normal
0.0,0.0,0.0,uored_3,normal,UORED,inner_race,I_3_1,spectral_1x,normal
0.0,0.0,0.0,uored_3,normal,UORED,inner_race,I_3_2,logged,normal
0.0,0.0,0.0,uored_3,normal,UORED,inner_race,I_3_2,spectral_1x,normal
0.0,0.0,1.0,uored_4,inner_race,UORED,inner_race,I_4_1,logged,inner_race
0.5,1.0,0.8,uored_4,outer_race,UORED,inner_race,I_4_1,spectral_1x,normal
0.0,0.0,0.0,uored_4,inner_race,UORED,inner_race,I_4_2,logged,inner_race
0.5,1.0,0.4,uored_4,outer_race,UORED,inner_race,I_4_2,spectral_1x,outer_race
0.0,0.0,0.0,uored_5,normal,UORED,inner_race,I_5_1,logged,normal
1.0,1.0,0.667,uored_5,outer_race,UORED,inner_race,I_5_1,spectral_1x,normal
0.0,0.0,0.0,uored_5,inner_race,UORED,inner_race,I_5_2,logged,inner_race
0.5,1.0,0.8,uored_5,outer_race,UORED,inner_race,I_5_2,spectral_1x,normal
0.0,0.0,0.0,uored_10,normal,UORED,outer_race,O_10_1,logged,normal
0.0,0.0,0.0,uored_10,normal,UORED,outer_race,O_10_1,spectral_1x,normal
0.0,0.0,0.0,uored_10,normal,UORED,outer_race,O_10_2,logged,normal
0.0,0.0,0.0,uored_10,normal,UORED,outer_race,O_10_2,spectral_1x,normal
0.0,0.0,0.0,uored_6,outer_race,UORED,outer_race,O_6_1,logged,outer_race
0.0,0.0,0.0,uored_6,outer_race,UORED,outer_race,O_6_1,spectral_1x,outer_race
0.0,0.0,0.0,uored_6,outer_race,UORED,outer_race,O_6_2,logged,outer_race
0.0,0.0,0.0,uored_6,normal,UORED,outer_race,O_6_2,spectral_1x,normal
0.0,0.0,0.0,uored_7,normal,UORED,outer_race,O_7_1,logged,normal
0.0,0.0,0.0,uored_7,outer_race,UORED,outer_race,O_7_1,spectral_1x,outer_race
0.0,0.0,0.0,uored_7,outer_race,UORED,outer_race,O_7_2,logged,outer_race
0.0,0.0,0.5,uored_7,outer_race,UORED,outer_race,O_7_2,spectral_1x,normal
0.0,0.0,0.0,uored_8,normal,UORED,outer_race,O_8_1,logged,normal
0.0,0.0,0.0,uored_8,normal,UORED,outer_race,O_8_1,spectral_1x,normal
0.0,0.0,0.0,uored_8,normal,UORED,outer_race,O_8_2,logged,normal
0.0,0.0,0.0,uored_8,normal,UORED,outer_race,O_8_2,spectral_1x,normal
0.0,0.0,0.0,uored_9,outer_race,UORED,outer_race,O_9_1,logged,outer_race
0.0,0.0,0.0,uored_9,outer_race,UORED,outer_race,O_9_1,spectral_1x,outer_race
0.0,0.0,0.0,uored_9,outer_race,UORED,outer_race,O_9_2,logged,outer_race
0.0,0.0,0.0,uored_9,normal,UORED,outer_race,O_9_2,spectral_1x,normal
,1.0,0.0,K001,normal,PU,normal,N09_M07_F10_K001_1,measured,normal
,1.0,0.0,K001,normal,PU,normal,N09_M07_F10_K001_10,measured,normal
,1.0,0.0,K001,normal,PU,normal,N09_M07_F10_K001_11,measured,normal
,1.0,0.0,K001,normal,PU,normal,N09_M07_F10_K001_12,measured,normal
,1.0,0.0,K001,normal,PU,normal,N09_M07_F10_K001_13,measured,normal
,1.0,0.0,K001,normal,PU,normal,N09_M07_F10_K001_14,measured,normal
,1.0,0.0,K001,normal,PU,normal,N09_M07_F10_K001_15,measured,normal
,1.0,0.0,K001,normal,PU,normal,N09_M07_F10_K001_16,measured,normal
,1.0,0.0,K001,normal,PU,normal,N09_M07_F10_K001_17,measured,normal
,1.0,0.0,K001,normal,PU,normal,N09_M07_F10_K001_18,measured,normal
,1.0,0.0,K001,normal,PU,normal,N09_M07_F10_K001_19,measured,normal
,1.0,0.0,K001,normal,PU,normal,N09_M07_F10_K001_2,measured,normal
,1.0,0.0,K001,normal,PU,normal,N09_M07_F10_K001_20,measured,normal
,1.0,0.0,K001,normal,PU,normal,N09_M07_F10_K001_3,measured,normal
,1.0,0.0,K001,normal,PU,normal,N09_M07_F10_K001_4,measured,normal
,1.0,0.0,K001,normal,PU,normal,N09_M07_F10_K001_5,measured,normal
,1.0,0.0,K001,normal,PU,normal,N09_M07_F10_K001_6,measured,normal
,1.0,0.0,K001,normal,PU,normal,N09_M07_F10_K001_7,measured,normal
,1.0,0.0,K001,normal,PU,normal,N09_M07_F10_K001_8,measured,normal
,1.0,0.0,K001,normal,PU,normal,N09_M07_F10_K001_9,measured,normal
,1.0,0.0,K001,normal,PU,normal,N15_M01_F10_K001_1,measured,normal
,1.0,0.0,K001,normal,PU,normal,N15_M01_F10_K001_10,measured,normal
,1.0,0.0,K001,normal,PU,normal,N15_M01_F10_K001_11,measured,normal
,0.0,0.0,K001,normal,PU,normal,N15_M01_F10_K001_12,measured,normal
,1.0,0.0,K001,normal,PU,normal,N15_M01_F10_K001_13,measured,normal
,1.0,0.0,K001,normal,PU,normal,N15_M01_F10_K001_14,measured,normal
,1.0,0.0,K001,normal,PU,normal,N15_M01_F10_K001_15,measured,normal
,1.0,0.0,K001,normal,PU,normal,N15_M01_F10_K001_16,measured,normal
,1.0,0.0,K001,normal,PU,normal,N15_M01_F10_K001_17,measured,normal
,1.0,0.0,K001,inner_race,PU,normal,N15_M01_F10_K001_18,measured,normal
,1.0,0.0,K001,normal,PU,normal,N15_M01_F10_K001_19,measured,normal
,1.0,0.0,K001,normal,PU,normal,N15_M01_F10_K001_2,measured,normal
,1.0,0.0,K001,normal,PU,normal,N15_M01_F10_K001_20,measured,normal
,1.0,0.0,K001,inner_race,PU,normal,N15_M01_F10_K001_3,measured,normal
,1.0,0.0,K001,normal,PU,normal,N15_M01_F10_K001_4,measured,normal
,1.0,0.0,K001,normal,PU,normal,N15_M01_F10_K001_5,measured,normal
,1.0,0.0,K001,normal,PU,normal,N15_M01_F10_K001_6,measured,normal
,1.0,0.0,K001,normal,PU,normal,N15_M01_F10_K001_7,measured,normal
,0.0,0.0,K001,normal,PU,normal,N15_M01_F10_K001_8,measured,normal
,1.0,0.0,K001,normal,PU,normal,N15_M01_F10_K001_9,measured,normal
,1.0,0.0,K001,normal,PU,normal,N15_M07_F04_K001_1,measured,normal
,1.0,0.0,K001,normal,PU,normal,N15_M07_F04_K001_10,measured,normal
,1.0,0.0,K001,normal,PU,normal,N15_M07_F04_K001_11,measured,normal
,0.5,0.0,K001,normal,PU,normal,N15_M07_F04_K001_12,measured,normal
,1.0,0.0,K001,normal,PU,normal,N15_M07_F04_K001_13,measured,normal
,1.0,0.0,K001,normal,PU,normal,N15_M07_F04_K001_14,measured,normal
,1.0,0.0,K001,normal,PU,normal,N15_M07_F04_K001_15,measured,normal
,1.0,0.0,K001,normal,PU,normal,N15_M07_F04_K001_16,measured,normal
,1.0,0.0,K001,normal,PU,normal,N15_M07_F04_K001_17,measured,normal
,1.0,0.0,K001,normal,PU,normal,N15_M07_F04_K001_18,measured,normal
,1.0,0.0,K001,normal,PU,normal,N15_M07_F04_K001_19,measured,normal
,1.0,0.0,K001,normal,PU,normal,N15_M07_F04_K001_2,measured,normal
,1.0,0.0,K001,normal,PU,normal,N15_M07_F04_K001_20,measured,normal
,1.0,0.0,K001,normal,PU,normal,N15_M07_F04_K001_3,measured,normal
,1.0,0.0,K001,normal,PU,normal,N15_M07_F04_K001_4,measured,normal
,1.0,0.0,K001,normal,PU,normal,N15_M07_F04_K001_5,measured,normal
,0.5,0.0,K001,normal,PU,normal,N15_M07_F04_K001_6,measured,normal
,1.0,0.0,K001,normal,PU,normal,N15_M07_F04_K001_7,measured,normal
,0.0,0.0,K001,normal,PU,normal,N15_M07_F04_K001_8,measured,normal
,1.0,0.0,K001,normal,PU,normal,N15_M07_F04_K001_9,measured,normal
,0.0,0.0,K001,normal,PU,normal,N15_M07_F10_K001_1,measured,normal
,0.5,0.0,K001,normal,PU,normal,N15_M07_F10_K001_10,measured,normal
,1.0,0.0,K001,normal,PU,normal,N15_M07_F10_K001_11,measured,normal
,1.0,0.0,K001,normal,PU,normal,N15_M07_F10_K001_12,measured,normal
,0.0,0.0,K001,normal,PU,normal,N15_M07_F10_K001_13,measured,normal
,1.0,0.0,K001,normal,PU,normal,N15_M07_F10_K001_14,measured,normal
,1.0,0.0,K001,normal,PU,normal,N15_M07_F10_K001_15,measured,normal
,1.0,0.0,K001,normal,PU,normal,N15_M07_F10_K001_16,measured,normal
,1.0,0.0,K001,normal,PU,normal,N15_M07_F10_K001_17,measured,normal
,1.0,0.0,K001,normal,PU,normal,N15_M07_F10_K001_18,measured,normal
,1.0,0.0,K001,normal,PU,normal,N15_M07_F10_K001_19,measured,normal
,0.0,0.0,K001,normal,PU,normal,N15_M07_F10_K001_2,measured,normal
,1.0,0.0,K001,normal,PU,normal,N15_M07_F10_K001_20,measured,normal
,1.0,0.0,K001,inner_race,PU,normal,N15_M07_F10_K001_3,measured,normal
,1.0,0.0,K001,normal,PU,normal,N15_M07_F10_K001_4,measured,normal
,1.0,0.0,K001,normal,PU,normal,N15_M07_F10_K001_5,measured,normal
,1.0,0.0,K001,normal,PU,normal,N15_M07_F10_K001_6,measured,normal
,1.0,0.0,K001,normal,PU,normal,N15_M07_F10_K001_7,measured,normal
,0.333,0.0,K001,normal,PU,normal,N15_M07_F10_K001_8,measured,normal
,1.0,0.0,K001,normal,PU,normal,N15_M07_F10_K001_9,measured,normal
,1.0,0.0,K002,normal,PU,normal,N09_M07_F10_K002_1,measured,normal
,1.0,0.0,K002,normal,PU,normal,N09_M07_F10_K002_10,measured,normal
,1.0,0.0,K002,normal,PU,normal,N09_M07_F10_K002_11,measured,normal
,1.0,0.0,K002,normal,PU,normal,N09_M07_F10_K002_12,measured,normal
,1.0,0.0,K002,normal,PU,normal,N09_M07_F10_K002_13,measured,normal
,1.0,0.0,K002,normal,PU,normal,N09_M07_F10_K002_14,measured,normal
,1.0,0.0,K002,normal,PU,normal,N09_M07_F10_K002_15,measured,normal
,0.333,0.0,K002,normal,PU,normal,N09_M07_F10_K002_16,measured,normal
,1.0,0.0,K002,normal,PU,normal,N09_M07_F10_K002_17,measured,normal
,1.0,0.0,K002,normal,PU,normal,N09_M07_F10_K002_18,measured,normal
,1.0,0.0,K002,normal,PU,normal,N09_M07_F10_K002_19,measured,normal
,1.0,0.0,K002,normal,PU,normal,N09_M07_F10_K002_2,measured,normal
,0.333,0.0,K002,normal,PU,normal,N09_M07_F10_K002_20,measured,normal
,1.0,0.0,K002,normal,PU,normal,N09_M07_F10_K002_3,measured,normal
,0.333,0.0,K002,normal,PU,normal,N09_M07_F10_K002_4,measured,normal
,1.0,0.0,K002,normal,PU,normal,N09_M07_F10_K002_5,measured,normal
,0.333,0.0,K002,normal,PU,normal,N09_M07_F10_K002_6,measured,normal
,1.0,0.0,K002,normal,PU,normal,N09_M07_F10_K002_7,measured,normal
,1.0,0.0,K002,normal,PU,normal,N09_M07_F10_K002_8,measured,normal
,1.0,0.0,K002,normal,PU,normal,N09_M07_F10_K002_9,measured,normal
,1.0,0.0,K002,normal,PU,normal,N15_M01_F10_K002_1,measured,normal
,0.5,0.0,K002,normal,PU,normal,N15_M01_F10_K002_10,measured,normal
,1.0,0.0,K002,normal,PU,normal,N15_M01_F10_K002_11,measured,normal
,1.0,0.0,K002,normal,PU,normal,N15_M01_F10_K002_12,measured,normal
,0.0,0.0,K002,normal,PU,normal,N15_M01_F10_K002_13,measured,normal
,0.333,0.0,K002,normal,PU,normal,N15_M01_F10_K002_14,measured,normal
,0.0,0.0,K002,normal,PU,normal,N15_M01_F10_K002_15,measured,normal
,1.0,0.0,K002,normal,PU,normal,N15_M01_F10_K002_16,measured,normal
,0.333,0.0,K002,normal,PU,normal,N15_M01_F10_K002_17,measured,normal
,1.0,0.0,K002,normal,PU,normal,N15_M01_F10_K002_18,measured,normal
,1.0,0.0,K002,normal,PU,normal,N15_M01_F10_K002_19,measured,normal
,0.0,0.0,K002,normal,PU,normal,N15_M01_F10_K002_2,measured,normal
,0.5,0.0,K002,normal,PU,normal,N15_M01_F10_K002_20,measured,normal
,0.0,0.0,K002,normal,PU,normal,N15_M01_F10_K002_3,measured,normal
,1.0,0.0,K002,normal,PU,normal,N15_M01_F10_K002_4,measured,normal
,1.0,0.0,K002,normal,PU,normal,N15_M01_F10_K002_5,measured,normal
,0.5,0.0,K002,normal,PU,normal,N15_M01_F10_K002_6,measured,normal
,0.333,0.0,K002,normal,PU,normal,N15_M01_F10_K002_7,measured,normal
,1.0,0.0,K002,normal,PU,normal,N15_M01_F10_K002_8,measured,normal
,0.0,0.0,K002,normal,PU,normal,N15_M01_F10_K002_9,measured,normal
,0.0,0.0,K002,normal,PU,normal,N15_M07_F04_K002_1,measured,normal
,1.0,0.0,K002,normal,PU,normal,N15_M07_F04_K002_10,measured,normal
,0.0,0.0,K002,normal,PU,normal,N15_M07_F04_K002_11,measured,normal
,0.5,0.0,K002,normal,PU,normal,N15_M07_F04_K002_12,measured,normal
,0.0,0.0,K002,normal,PU,normal,N15_M07_F04_K002_13,measured,normal
,0.0,0.0,K002,normal,PU,normal,N15_M07_F04_K002_14,measured,normal
,1.0,0.0,K002,normal,PU,normal,N15_M07_F04_K002_15,measured,normal
,0.0,0.0,K002,normal,PU,normal,N15_M07_F04_K002_16,measured,normal
,1.0,0.0,K002,normal,PU,normal,N15_M07_F04_K002_17,measured,normal
,0.5,0.0,K002,normal,PU,normal,N15_M07_F04_K002_18,measured,normal
,0.0,0.0,K002,normal,PU,normal,N15_M07_F04_K002_19,measured,normal
,0.0,0.0,K002,normal,PU,normal,N15_M07_F04_K002_2,measured,normal
,1.0,0.0,K002,normal,PU,normal,N15_M07_F04_K002_20,measured,normal
,1.0,0.0,K002,normal,PU,normal,N15_M07_F04_K002_3,measured,normal
,1.0,0.0,K002,normal,PU,normal,N15_M07_F04_K002_4,measured,normal
,0.0,0.0,K002,normal,PU,normal,N15_M07_F04_K002_5,measured,normal
,1.0,0.0,K002,normal,PU,normal,N15_M07_F04_K002_6,measured,normal
,0.0,0.0,K002,normal,PU,normal,N15_M07_F04_K002_7,measured,normal
,0.333,0.0,K002,normal,PU,normal,N15_M07_F04_K002_8,measured,normal
,0.5,0.0,K002,normal,PU,normal,N15_M07_F04_K002_9,measured,normal
,0.5,0.0,K002,normal,PU,normal,N15_M07_F10_K002_1,measured,normal
,0.0,0.0,K002,normal,PU,normal,N15_M07_F10_K002_10,measured,normal
,0.5,0.0,K002,normal,PU,normal,N15_M07_F10_K002_11,measured,normal
,0.0,0.0,K002,normal,PU,normal,N15_M07_F10_K002_12,measured,normal
,0.0,0.0,K002,normal,PU,normal,N15_M07_F10_K002_13,measured,normal
,0.5,0.0,K002,normal,PU,normal,N15_M07_F10_K002_14,measured,normal
,0.0,0.0,K002,normal,PU,normal,N15_M07_F10_K002_15,measured,normal
,0.0,0.0,K002,normal,PU,normal,N15_M07_F10_K002_16,measured,normal
,0.0,0.0,K002,normal,PU,normal,N15_M07_F10_K002_17,measured,normal
,0.0,0.0,K002,normal,PU,normal,N15_M07_F10_K002_18,measured,normal
,1.0,0.0,K002,normal,PU,normal,N15_M07_F10_K002_19,measured,normal
,1.0,0.0,K002,normal,PU,normal,N15_M07_F10_K002_2,measured,normal
,1.0,0.0,K002,normal,PU,normal,N15_M07_F10_K002_20,measured,normal
,0.0,0.0,K002,normal,PU,normal,N15_M07_F10_K002_3,measured,normal
,0.5,0.0,K002,normal,PU,normal,N15_M07_F10_K002_4,measured,normal
,0.0,0.0,K002,normal,PU,normal,N15_M07_F10_K002_5,measured,normal
,0.0,0.0,K002,normal,PU,normal,N15_M07_F10_K002_6,measured,normal
,1.0,0.0,K002,normal,PU,normal,N15_M07_F10_K002_7,measured,normal
,0.0,0.0,K002,normal,PU,normal,N15_M07_F10_K002_8,measured,normal
,0.0,0.0,K002,normal,PU,normal,N15_M07_F10_K002_9,measured,normal
,1.0,0.0,K003,normal,PU,normal,N09_M07_F10_K003_1,measured,normal
,1.0,0.0,K003,normal,PU,normal,N09_M07_F10_K003_10,measured,normal
,1.0,0.0,K003,normal,PU,normal,N09_M07_F10_K003_11,measured,normal
,1.0,0.0,K003,normal,PU,normal,N09_M07_F10_K003_12,measured,normal
,1.0,0.0,K003,normal,PU,normal,N09_M07_F10_K003_13,measured,normal
,1.0,0.0,K003,normal,PU,normal,N09_M07_F10_K003_14,measured,normal
,1.0,0.0,K003,normal,PU,normal,N09_M07_F10_K003_15,measured,normal
,1.0,0.0,K003,normal,PU,normal,N09_M07_F10_K003_16,measured,normal
,1.0,0.0,K003,normal,PU,normal,N09_M07_F10_K003_17,measured,normal
,1.0,0.0,K003,normal,PU,normal,N09_M07_F10_K003_18,measured,normal
,1.0,0.0,K003,normal,PU,normal,N09_M07_F10_K003_19,measured,normal
,1.0,0.0,K003,normal,PU,normal,N09_M07_F10_K003_2,measured,normal
,1.0,0.0,K003,normal,PU,normal,N09_M07_F10_K003_20,measured,normal
,1.0,0.0,K003,normal,PU,normal,N09_M07_F10_K003_3,measured,normal
,1.0,0.0,K003,normal,PU,normal,N09_M07_F10_K003_4,measured,normal
,1.0,0.0,K003,normal,PU,normal,N09_M07_F10_K003_5,measured,normal
,1.0,0.0,K003,normal,PU,normal,N09_M07_F10_K003_6,measured,normal
,1.0,0.0,K003,normal,PU,normal,N09_M07_F10_K003_7,measured,normal
,1.0,0.0,K003,normal,PU,normal,N09_M07_F10_K003_8,measured,normal
,1.0,0.0,K003,normal,PU,normal,N09_M07_F10_K003_9,measured,normal
,1.0,0.0,K003,normal,PU,normal,N15_M01_F10_K003_1,measured,normal
,1.0,0.0,K003,normal,PU,normal,N15_M01_F10_K003_10,measured,normal
,1.0,0.0,K003,normal,PU,normal,N15_M01_F10_K003_11,measured,normal
,1.0,0.0,K003,normal,PU,normal,N15_M01_F10_K003_12,measured,normal
,1.0,0.0,K003,normal,PU,normal,N15_M01_F10_K003_13,measured,normal
,0.0,0.0,K003,normal,PU,normal,N15_M01_F10_K003_14,measured,normal
,1.0,0.0,K003,normal,PU,normal,N15_M01_F10_K003_15,measured,normal
,1.0,0.0,K003,normal,PU,normal,N15_M01_F10_K003_16,measured,normal
,1.0,0.0,K003,normal,PU,normal,N15_M01_F10_K003_17,measured,normal
,1.0,0.0,K003,normal,PU,normal,N15_M01_F10_K003_18,measured,normal
,0.0,0.0,K003,normal,PU,normal,N15_M01_F10_K003_19,measured,normal
,0.0,0.0,K003,normal,PU,normal,N15_M01_F10_K003_2,measured,normal
,1.0,0.0,K003,normal,PU,normal,N15_M01_F10_K003_20,measured,normal
,1.0,0.0,K003,normal,PU,normal,N15_M01_F10_K003_3,measured,normal
,1.0,0.0,K003,normal,PU,normal,N15_M01_F10_K003_4,measured,normal
,1.0,0.0,K003,normal,PU,normal,N15_M01_F10_K003_5,measured,normal
,1.0,0.0,K003,normal,PU,normal,N15_M01_F10_K003_6,measured,normal
,1.0,0.0,K003,normal,PU,normal,N15_M01_F10_K003_7,measured,normal
,1.0,0.0,K003,normal,PU,normal,N15_M01_F10_K003_8,measured,normal
,0.0,0.0,K003,normal,PU,normal,N15_M01_F10_K003_9,measured,normal
,1.0,0.0,K003,normal,PU,normal,N15_M07_F04_K003_1,measured,normal
,1.0,0.0,K003,normal,PU,normal,N15_M07_F04_K003_10,measured,normal
,1.0,0.0,K003,normal,PU,normal,N15_M07_F04_K003_11,measured,normal
,1.0,0.0,K003,normal,PU,normal,N15_M07_F04_K003_12,measured,normal
,1.0,0.0,K003,normal,PU,normal,N15_M07_F04_K003_13,measured,normal
,1.0,0.0,K003,normal,PU,normal,N15_M07_F04_K003_14,measured,normal
,1.0,0.0,K003,normal,PU,normal,N15_M07_F04_K003_15,measured,normal
,0.0,0.0,K003,normal,PU,normal,N15_M07_F04_K003_16,measured,normal
,1.0,0.0,K003,normal,PU,normal,N15_M07_F04_K003_17,measured,normal
,1.0,0.0,K003,normal,PU,normal,N15_M07_F04_K003_18,measured,normal
,1.0,0.0,K003,normal,PU,normal,N15_M07_F04_K003_19,measured,normal
,1.0,0.0,K003,normal,PU,normal,N15_M07_F04_K003_2,measured,normal
,1.0,0.0,K003,normal,PU,normal,N15_M07_F04_K003_20,measured,normal
,1.0,0.0,K003,normal,PU,normal,N15_M07_F04_K003_3,measured,normal
,0.0,0.0,K003,normal,PU,normal,N15_M07_F04_K003_4,measured,normal
,1.0,0.0,K003,normal,PU,normal,N15_M07_F04_K003_5,measured,normal
,1.0,0.0,K003,normal,PU,normal,N15_M07_F04_K003_6,measured,normal
,0.0,0.0,K003,normal,PU,normal,N15_M07_F04_K003_7,measured,normal
,1.0,0.0,K003,normal,PU,normal,N15_M07_F04_K003_8,measured,normal
,1.0,0.0,K003,normal,PU,normal,N15_M07_F04_K003_9,measured,normal
,0.333,0.0,K003,normal,PU,normal,N15_M07_F10_K003_1,measured,normal
,1.0,0.0,K003,inner_race,PU,normal,N15_M07_F10_K003_10,measured,normal
,1.0,0.0,K003,inner_race,PU,normal,N15_M07_F10_K003_11,measured,normal
,1.0,0.0,K003,normal,PU,normal,N15_M07_F10_K003_12,measured,normal
,0.0,0.0,K003,normal,PU,normal,N15_M07_F10_K003_13,measured,normal
,1.0,0.0,K003,normal,PU,normal,N15_M07_F10_K003_14,measured,normal
,1.0,0.0,K003,inner_race,PU,normal,N15_M07_F10_K003_15,measured,normal
,1.0,0.0,K003,normal,PU,normal,N15_M07_F10_K003_16,measured,normal
,1.0,0.0,K003,normal,PU,normal,N15_M07_F10_K003_17,measured,normal
,0.0,0.0,K003,normal,PU,normal,N15_M07_F10_K003_18,measured,normal
,0.5,0.0,K003,normal,PU,normal,N15_M07_F10_K003_19,measured,normal
,0.333,0.0,K003,normal,PU,normal,N15_M07_F10_K003_2,measured,normal
,1.0,0.0,K003,normal,PU,normal,N15_M07_F10_K003_20,measured,normal
,0.5,0.0,K003,normal,PU,normal,N15_M07_F10_K003_3,measured,normal
,1.0,0.0,K003,normal,PU,normal,N15_M07_F10_K003_4,measured,normal
,1.0,0.0,K003,normal,PU,normal,N15_M07_F10_K003_5,measured,normal
,1.0,0.0,K003,normal,PU,normal,N15_M07_F10_K003_6,measured,normal
,1.0,0.0,K003,normal,PU,normal,N15_M07_F10_K003_7,measured,normal
,1.0,0.0,K003,normal,PU,normal,N15_M07_F10_K003_8,measured,normal
,1.0,0.0,K003,normal,PU,normal,N15_M07_F10_K003_9,measured,normal
,0.667,0.0,K004,normal,PU,normal,N09_M07_F10_K004_1,measured,normal
,1.0,0.0,K004,normal,PU,normal,N09_M07_F10_K004_10,measured,normal
,1.0,0.0,K004,normal,PU,normal,N09_M07_F10_K004_11,measured,normal
,1.0,0.0,K004,normal,PU,normal,N09_M07_F10_K004_12,measured,normal
,1.0,0.0,K004,normal,PU,normal,N09_M07_F10_K004_13,measured,normal
,1.0,0.0,K004,normal,PU,normal,N09_M07_F10_K004_14,measured,normal
,1.0,0.0,K004,normal,PU,normal,N09_M07_F10_K004_15,measured,normal
,1.0,0.0,K004,normal,PU,normal,N09_M07_F10_K004_16,measured,normal
,1.0,0.0,K004,normal,PU,normal,N09_M07_F10_K004_17,measured,normal
,1.0,0.0,K004,normal,PU,normal,N09_M07_F10_K004_18,measured,normal
,1.0,0.0,K004,normal,PU,normal,N09_M07_F10_K004_19,measured,normal
,1.0,0.0,K004,normal,PU,normal,N09_M07_F10_K004_2,measured,normal
,1.0,0.0,K004,normal,PU,normal,N09_M07_F10_K004_20,measured,normal
,1.0,0.0,K004,normal,PU,normal,N09_M07_F10_K004_3,measured,normal
,1.0,0.0,K004,normal,PU,normal,N09_M07_F10_K004_4,measured,normal
,1.0,0.0,K004,normal,PU,normal,N09_M07_F10_K004_5,measured,normal
,1.0,0.0,K004,normal,PU,normal,N09_M07_F10_K004_6,measured,normal
,1.0,0.0,K004,normal,PU,normal,N09_M07_F10_K004_7,measured,normal
,1.0,0.0,K004,normal,PU,normal,N09_M07_F10_K004_8,measured,normal
,1.0,0.0,K004,normal,PU,normal,N09_M07_F10_K004_9,measured,normal
,1.0,0.0,K004,normal,PU,normal,N15_M01_F10_K004_1,measured,normal
,1.0,0.0,K004,normal,PU,normal,N15_M01_F10_K004_10,measured,normal
,0.0,0.0,K004,normal,PU,normal,N15_M01_F10_K004_11,measured,normal
,1.0,0.0,K004,normal,PU,normal,N15_M01_F10_K004_12,measured,normal
,1.0,0.0,K004,normal,PU,normal,N15_M01_F10_K004_13,measured,normal
,1.0,0.0,K004,normal,PU,normal,N15_M01_F10_K004_14,measured,normal
,0.0,0.0,K004,normal,PU,normal,N15_M01_F10_K004_15,measured,normal
,0.0,0.0,K004,normal,PU,normal,N15_M01_F10_K004_16,measured,normal
,1.0,0.0,K004,normal,PU,normal,N15_M01_F10_K004_17,measured,normal
,0.0,0.0,K004,normal,PU,normal,N15_M01_F10_K004_18,measured,normal
,1.0,0.0,K004,normal,PU,normal,N15_M01_F10_K004_19,measured,normal
,1.0,0.0,K004,normal,PU,normal,N15_M01_F10_K004_2,measured,normal
,1.0,0.0,K004,normal,PU,normal,N15_M01_F10_K004_20,measured,normal
,1.0,0.0,K004,normal,PU,normal,N15_M01_F10_K004_3,measured,normal
,0.0,0.0,K004,normal,PU,normal,N15_M01_F10_K004_4,measured,normal
,1.0,0.0,K004,normal,PU,normal,N15_M01_F10_K004_5,measured,normal
,1.0,0.0,K004,inner_race,PU,normal,N15_M01_F10_K004_6,measured,normal
,0.0,0.0,K004,normal,PU,normal,N15_M01_F10_K004_7,measured,normal
,1.0,0.0,K004,normal,PU,normal,N15_M01_F10_K004_8,measured,normal
,0.0,0.0,K004,normal,PU,normal,N15_M01_F10_K004_9,measured,normal
,1.0,0.0,K004,normal,PU,normal,N15_M07_F04_K004_1,measured,normal
,1.0,0.0,K004,normal,PU,normal,N15_M07_F04_K004_10,measured,normal
,1.0,0.0,K004,normal,PU,normal,N15_M07_F04_K004_11,measured,normal
,1.0,0.0,K004,normal,PU,normal,N15_M07_F04_K004_12,measured,normal
,1.0,0.0,K004,normal,PU,normal,N15_M07_F04_K004_13,measured,normal
,0.0,0.0,K004,normal,PU,normal,N15_M07_F04_K004_14,measured,normal
,1.0,0.0,K004,normal,PU,normal,N15_M07_F04_K004_15,measured,normal
,1.0,0.0,K004,normal,PU,normal,N15_M07_F04_K004_16,measured,normal
,1.0,0.0,K004,normal,PU,normal,N15_M07_F04_K004_17,measured,normal
,1.0,0.0,K004,normal,PU,normal,N15_M07_F04_K004_18,measured,normal
,0.0,0.0,K004,normal,PU,normal,N15_M07_F04_K004_19,measured,normal
,1.0,0.0,K004,normal,PU,normal,N15_M07_F04_K004_2,measured,normal
,1.0,0.0,K004,normal,PU,normal,N15_M07_F04_K004_20,measured,normal
,0.0,0.0,K004,normal,PU,normal,N15_M07_F04_K004_3,measured,normal
,1.0,0.0,K004,normal,PU,normal,N15_M07_F04_K004_4,measured,normal
,1.0,0.0,K004,normal,PU,normal,N15_M07_F04_K004_5,measured,normal
,1.0,0.0,K004,normal,PU,normal,N15_M07_F04_K004_6,measured,normal
,1.0,0.0,K004,normal,PU,normal,N15_M07_F04_K004_7,measured,normal
,1.0,0.0,K004,normal,PU,normal,N15_M07_F04_K004_8,measured,normal
,0.0,0.0,K004,normal,PU,normal,N15_M07_F04_K004_9,measured,normal
,0.0,0.0,K004,normal,PU,normal,N15_M07_F10_K004_1,measured,normal
,0.0,0.0,K004,normal,PU,normal,N15_M07_F10_K004_10,measured,normal
,0.0,0.0,K004,normal,PU,normal,N15_M07_F10_K004_11,measured,normal
,1.0,0.0,K004,normal,PU,normal,N15_M07_F10_K004_12,measured,normal
,1.0,0.0,K004,normal,PU,normal,N15_M07_F10_K004_13,measured,normal
,0.0,0.0,K004,normal,PU,normal,N15_M07_F10_K004_14,measured,normal
,1.0,0.0,K004,normal,PU,normal,N15_M07_F10_K004_15,measured,normal
,1.0,0.0,K004,normal,PU,normal,N15_M07_F10_K004_16,measured,normal
,0.0,0.0,K004,normal,PU,normal,N15_M07_F10_K004_17,measured,normal
,0.0,0.0,K004,normal,PU,normal,N15_M07_F10_K004_18,measured,normal
,0.0,0.0,K004,normal,PU,normal,N15_M07_F10_K004_19,measured,normal
,1.0,0.0,K004,normal,PU,normal,N15_M07_F10_K004_2,measured,normal
,1.0,0.0,K004,normal,PU,normal,N15_M07_F10_K004_20,measured,normal
,1.0,0.0,K004,normal,PU,normal,N15_M07_F10_K004_3,measured,normal
,0.0,0.0,K004,normal,PU,normal,N15_M07_F10_K004_4,measured,normal
,1.0,0.0,K004,normal,PU,normal,N15_M07_F10_K004_5,measured,normal
,1.0,0.0,K004,normal,PU,normal,N15_M07_F10_K004_6,measured,normal
,1.0,0.0,K004,normal,PU,normal,N15_M07_F10_K004_7,measured,normal
,0.0,0.0,K004,normal,PU,normal,N15_M07_F10_K004_8,measured,normal
,1.0,0.0,K004,normal,PU,normal,N15_M07_F10_K004_9,measured,normal
,1.0,0.0,K005,normal,PU,normal,N09_M07_F10_K005_1,measured,normal
,1.0,0.0,K005,normal,PU,normal,N09_M07_F10_K005_10,measured,normal
,1.0,0.0,K005,normal,PU,normal,N09_M07_F10_K005_11,measured,normal
,1.0,0.0,K005,normal,PU,normal,N09_M07_F10_K005_12,measured,normal
,1.0,0.0,K005,normal,PU,normal,N09_M07_F10_K005_13,measured,normal
,1.0,0.0,K005,normal,PU,normal,N09_M07_F10_K005_14,measured,normal
,1.0,0.0,K005,normal,PU,normal,N09_M07_F10_K005_15,measured,normal
,1.0,0.0,K005,normal,PU,normal,N09_M07_F10_K005_16,measured,normal
,1.0,0.0,K005,normal,PU,normal,N09_M07_F10_K005_17,measured,normal
,1.0,0.0,K005,normal,PU,normal,N09_M07_F10_K005_18,measured,normal
,1.0,0.0,K005,normal,PU,normal,N09_M07_F10_K005_19,measured,normal
,1.0,0.0,K005,normal,PU,normal,N09_M07_F10_K005_2,measured,normal
,1.0,0.0,K005,normal,PU,normal,N09_M07_F10_K005_20,measured,normal
,1.0,0.0,K005,normal,PU,normal,N09_M07_F10_K005_3,measured,normal
,1.0,0.0,K005,normal,PU,normal,N09_M07_F10_K005_4,measured,normal
,1.0,0.0,K005,normal,PU,normal,N09_M07_F10_K005_5,measured,normal
,1.0,0.0,K005,normal,PU,normal,N09_M07_F10_K005_6,measured,normal
,1.0,0.0,K005,normal,PU,normal,N09_M07_F10_K005_7,measured,normal
,1.0,0.0,K005,normal,PU,normal,N09_M07_F10_K005_8,measured,normal
,1.0,0.0,K005,normal,PU,normal,N09_M07_F10_K005_9,measured,normal
,0.0,0.0,K005,normal,PU,normal,N15_M01_F10_K005_1,measured,normal
,0.0,0.0,K005,normal,PU,normal,N15_M01_F10_K005_10,measured,normal
,1.0,0.0,K005,normal,PU,normal,N15_M01_F10_K005_11,measured,normal
,1.0,0.0,K005,normal,PU,normal,N15_M01_F10_K005_12,measured,normal
,1.0,0.0,K005,normal,PU,normal,N15_M01_F10_K005_13,measured,normal
,1.0,0.0,K005,normal,PU,normal,N15_M01_F10_K005_14,measured,normal
,1.0,0.0,K005,normal,PU,normal,N15_M01_F10_K005_15,measured,normal
,0.0,0.0,K005,normal,PU,normal,N15_M01_F10_K005_16,measured,normal
,1.0,0.0,K005,normal,PU,normal,N15_M01_F10_K005_17,measured,normal
,0.0,0.0,K005,normal,PU,normal,N15_M01_F10_K005_18,measured,normal
,0.0,0.0,K005,normal,PU,normal,N15_M01_F10_K005_19,measured,normal
,1.0,0.0,K005,normal,PU,normal,N15_M01_F10_K005_2,measured,normal
,0.0,0.0,K005,normal,PU,normal,N15_M01_F10_K005_20,measured,normal
,0.0,0.0,K005,normal,PU,normal,N15_M01_F10_K005_3,measured,normal
,0.0,0.0,K005,normal,PU,normal,N15_M01_F10_K005_4,measured,normal
,1.0,0.0,K005,normal,PU,normal,N15_M01_F10_K005_5,measured,normal
,1.0,0.0,K005,normal,PU,normal,N15_M01_F10_K005_6,measured,normal
,1.0,0.0,K005,normal,PU,normal,N15_M01_F10_K005_7,measured,normal
,1.0,0.0,K005,normal,PU,normal,N15_M01_F10_K005_8,measured,normal
,0.0,0.0,K005,normal,PU,normal,N15_M01_F10_K005_9,measured,normal
,0.0,0.0,K005,normal,PU,normal,N15_M07_F04_K005_1,measured,normal
,0.0,0.0,K005,normal,PU,normal,N15_M07_F04_K005_10,measured,normal
,0.0,0.0,K005,normal,PU,normal,N15_M07_F04_K005_11,measured,normal
,0.0,0.0,K005,normal,PU,normal,N15_M07_F04_K005_12,measured,normal
,0.0,0.0,K005,normal,PU,normal,N15_M07_F04_K005_13,measured,normal
,0.0,0.0,K005,normal,PU,normal,N15_M07_F04_K005_14,measured,normal
,0.0,0.0,K005,normal,PU,normal,N15_M07_F04_K005_15,measured,normal
,1.0,0.0,K005,normal,PU,normal,N15_M07_F04_K005_16,measured,normal
,0.0,0.0,K005,normal,PU,normal,N15_M07_F04_K005_17,measured,normal
,0.0,0.0,K005,normal,PU,normal,N15_M07_F04_K005_18,measured,normal
,0.0,0.0,K005,normal,PU,normal,N15_M07_F04_K005_19,measured,normal
,1.0,0.0,K005,normal,PU,normal,N15_M07_F04_K005_2,measured,normal
,0.0,0.0,K005,normal,PU,normal,N15_M07_F04_K005_20,measured,normal
,1.0,0.0,K005,normal,PU,normal,N15_M07_F04_K005_3,measured,normal
,1.0,0.0,K005,normal,PU,normal,N15_M07_F04_K005_4,measured,normal
,0.0,0.0,K005,normal,PU,normal,N15_M07_F04_K005_5,measured,normal
,1.0,0.0,K005,normal,PU,normal,N15_M07_F04_K005_6,measured,normal
,0.0,0.0,K005,normal,PU,normal,N15_M07_F04_K005_7,measured,normal
,1.0,0.0,K005,normal,PU,normal,N15_M07_F04_K005_8,measured,normal
,1.0,0.0,K005,inner_race,PU,normal,N15_M07_F04_K005_9,measured,normal
,1.0,0.0,K005,normal,PU,normal,N15_M07_F10_K005_1,measured,normal
,0.0,0.0,K005,normal,PU,normal,N15_M07_F10_K005_10,measured,normal
,1.0,0.0,K005,normal,PU,normal,N15_M07_F10_K005_11,measured,normal
,1.0,0.0,K005,normal,PU,normal,N15_M07_F10_K005_12,measured,normal
,0.5,0.0,K005,normal,PU,normal,N15_M07_F10_K005_13,measured,normal
,0.0,0.0,K005,normal,PU,normal,N15_M07_F10_K005_14,measured,normal
,0.0,0.0,K005,normal,PU,normal,N15_M07_F10_K005_15,measured,normal
,0.0,0.0,K005,normal,PU,normal,N15_M07_F10_K005_16,measured,normal
,0.0,0.0,K005,normal,PU,normal,N15_M07_F10_K005_17,measured,normal
,1.0,0.0,K005,normal,PU,normal,N15_M07_F10_K005_18,measured,normal
,0.0,0.0,K005,normal,PU,normal,N15_M07_F10_K005_19,measured,normal
,0.0,0.0,K005,normal,PU,normal,N15_M07_F10_K005_2,measured,normal
,0.0,0.0,K005,normal,PU,normal,N15_M07_F10_K005_20,measured,normal
,1.0,0.0,K005,normal,PU,normal,N15_M07_F10_K005_3,measured,normal
,0.0,0.0,K005,normal,PU,normal,N15_M07_F10_K005_4,measured,normal
,0.0,0.0,K005,normal,PU,normal,N15_M07_F10_K005_5,measured,normal
,1.0,0.0,K005,normal,PU,normal,N15_M07_F10_K005_6,measured,normal
,1.0,0.0,K005,normal,PU,normal,N15_M07_F10_K005_7,measured,normal
,1.0,0.0,K005,normal,PU,normal,N15_M07_F10_K005_8,measured,normal
,1.0,0.0,K005,normal,PU,normal,N15_M07_F10_K005_9,measured,normal
,1.0,0.0,K006,normal,PU,normal,N09_M07_F10_K006_1,measured,normal
,1.0,0.0,K006,normal,PU,normal,N09_M07_F10_K006_10,measured,normal
,1.0,0.0,K006,normal,PU,normal,N09_M07_F10_K006_11,measured,normal
,1.0,0.0,K006,normal,PU,normal,N09_M07_F10_K006_12,measured,normal
,1.0,0.0,K006,normal,PU,normal,N09_M07_F10_K006_13,measured,normal
,1.0,0.0,K006,normal,PU,normal,N09_M07_F10_K006_14,measured,normal
,1.0,0.0,K006,normal,PU,normal,N09_M07_F10_K006_15,measured,normal
,1.0,0.0,K006,normal,PU,normal,N09_M07_F10_K006_16,measured,normal
,1.0,0.0,K006,normal,PU,normal,N09_M07_F10_K006_17,measured,normal
,1.0,0.0,K006,normal,PU,normal,N09_M07_F10_K006_18,measured,normal
,1.0,0.0,K006,normal,PU,normal,N09_M07_F10_K006_19,measured,normal
,1.0,0.0,K006,normal,PU,normal,N09_M07_F10_K006_2,measured,normal
,1.0,0.0,K006,normal,PU,normal,N09_M07_F10_K006_20,measured,normal
,1.0,0.0,K006,normal,PU,normal,N09_M07_F10_K006_3,measured,normal
,1.0,0.0,K006,normal,PU,normal,N09_M07_F10_K006_4,measured,normal
,1.0,0.0,K006,normal,PU,normal,N09_M07_F10_K006_5,measured,normal
,1.0,0.0,K006,normal,PU,normal,N09_M07_F10_K006_6,measured,normal
,1.0,0.0,K006,normal,PU,normal,N09_M07_F10_K006_7,measured,normal
,1.0,0.0,K006,normal,PU,normal,N09_M07_F10_K006_8,measured,normal
,1.0,0.0,K006,normal,PU,normal,N09_M07_F10_K006_9,measured,normal
,1.0,0.0,K006,normal,PU,normal,N15_M01_F10_K006_1,measured,normal
,1.0,0.0,K006,normal,PU,normal,N15_M01_F10_K006_10,measured,normal
,1.0,0.0,K006,normal,PU,normal,N15_M01_F10_K006_11,measured,normal
,1.0,0.0,K006,normal,PU,normal,N15_M01_F10_K006_12,measured,normal
,1.0,0.0,K006,normal,PU,normal,N15_M01_F10_K006_13,measured,normal
,1.0,0.0,K006,normal,PU,normal,N15_M01_F10_K006_14,measured,normal
,1.0,0.0,K006,normal,PU,normal,N15_M01_F10_K006_15,measured,normal
,1.0,0.0,K006,normal,PU,normal,N15_M01_F10_K006_16,measured,normal
,1.0,0.0,K006,normal,PU,normal,N15_M01_F10_K006_17,measured,normal
,1.0,0.0,K006,normal,PU,normal,N15_M01_F10_K006_18,measured,normal
,1.0,0.0,K006,normal,PU,normal,N15_M01_F10_K006_19,measured,normal
,1.0,0.0,K006,normal,PU,normal,N15_M01_F10_K006_2,measured,normal
,1.0,0.0,K006,normal,PU,normal,N15_M01_F10_K006_20,measured,normal
,1.0,0.0,K006,normal,PU,normal,N15_M01_F10_K006_3,measured,normal
,1.0,0.0,K006,normal,PU,normal,N15_M01_F10_K006_4,measured,normal
,1.0,0.0,K006,normal,PU,normal,N15_M01_F10_K006_5,measured,normal
,1.0,0.0,K006,normal,PU,normal,N15_M01_F10_K006_6,measured,normal
,1.0,0.0,K006,normal,PU,normal,N15_M01_F10_K006_7,measured,normal
,1.0,0.0,K006,normal,PU,normal,N15_M01_F10_K006_8,measured,normal
,1.0,0.0,K006,normal,PU,normal,N15_M01_F10_K006_9,measured,normal
,1.0,0.0,K006,normal,PU,normal,N15_M07_F04_K006_1,measured,normal
,1.0,0.0,K006,normal,PU,normal,N15_M07_F04_K006_10,measured,normal
,1.0,0.0,K006,normal,PU,normal,N15_M07_F04_K006_11,measured,normal
,1.0,0.0,K006,normal,PU,normal,N15_M07_F04_K006_12,measured,normal
,1.0,0.0,K006,normal,PU,normal,N15_M07_F04_K006_13,measured,normal
,1.0,0.0,K006,normal,PU,normal,N15_M07_F04_K006_14,measured,normal
,1.0,0.0,K006,normal,PU,normal,N15_M07_F04_K006_15,measured,normal
,1.0,0.0,K006,normal,PU,normal,N15_M07_F04_K006_16,measured,normal
,1.0,0.0,K006,normal,PU,normal,N15_M07_F04_K006_17,measured,normal
,0.0,0.0,K006,normal,PU,normal,N15_M07_F04_K006_18,measured,normal
,0.0,0.0,K006,normal,PU,normal,N15_M07_F04_K006_19,measured,normal
,1.0,0.0,K006,normal,PU,normal,N15_M07_F04_K006_2,measured,normal
,1.0,0.0,K006,normal,PU,normal,N15_M07_F04_K006_20,measured,normal
,1.0,0.0,K006,normal,PU,normal,N15_M07_F04_K006_3,measured,normal
,1.0,0.0,K006,normal,PU,normal,N15_M07_F04_K006_4,measured,normal
,0.5,0.0,K006,normal,PU,normal,N15_M07_F04_K006_5,measured,normal
,1.0,0.0,K006,normal,PU,normal,N15_M07_F04_K006_6,measured,normal
,1.0,0.0,K006,normal,PU,normal,N15_M07_F04_K006_7,measured,normal
,1.0,0.0,K006,normal,PU,normal,N15_M07_F04_K006_8,measured,normal
,1.0,0.0,K006,normal,PU,normal,N15_M07_F04_K006_9,measured,normal
,1.0,0.0,K006,inner_race,PU,normal,N15_M07_F10_K006_1,measured,normal
,1.0,0.0,K006,normal,PU,normal,N15_M07_F10_K006_10,measured,normal
,1.0,0.0,K006,normal,PU,normal,N15_M07_F10_K006_11,measured,normal
,1.0,0.0,K006,normal,PU,normal,N15_M07_F10_K006_12,measured,normal
,1.0,0.0,K006,normal,PU,normal,N15_M07_F10_K006_13,measured,normal
,0.0,0.0,K006,normal,PU,normal,N15_M07_F10_K006_14,measured,normal
,1.0,0.0,K006,normal,PU,normal,N15_M07_F10_K006_15,measured,normal
,1.0,0.0,K006,normal,PU,normal,N15_M07_F10_K006_16,measured,normal
,1.0,0.0,K006,normal,PU,normal,N15_M07_F10_K006_17,measured,normal
,1.0,0.0,K006,normal,PU,normal,N15_M07_F10_K006_18,measured,normal
,0.0,0.0,K006,normal,PU,normal,N15_M07_F10_K006_19,measured,normal
,1.0,0.0,K006,normal,PU,normal,N15_M07_F10_K006_2,measured,normal
,1.0,0.0,K006,normal,PU,normal,N15_M07_F10_K006_20,measured,normal
,1.0,0.0,K006,normal,PU,normal,N15_M07_F10_K006_3,measured,normal
,1.0,0.0,K006,normal,PU,normal,N15_M07_F10_K006_4,measured,normal
,1.0,0.0,K006,normal,PU,normal,N15_M07_F10_K006_5,measured,normal
,1.0,0.0,K006,normal,PU,normal,N15_M07_F10_K006_6,measured,normal
,1.0,0.0,K006,normal,PU,normal,N15_M07_F10_K006_7,measured,normal
,1.0,0.0,K006,normal,PU,normal,N15_M07_F10_K006_8,measured,normal
,1.0,0.0,K006,normal,PU,normal,N15_M07_F10_K006_9,measured,normal
,0.0,0.0,KA01,outer_race,PU,outer_race,N09_M07_F10_KA01_1,measured,outer_race
,1.0,0.0,KA01,outer_race,PU,outer_race,N09_M07_F10_KA01_10,measured,outer_race
,1.0,0.0,KA01,outer_race,PU,outer_race,N09_M07_F10_KA01_11,measured,outer_race
,0.0,0.0,KA01,outer_race,PU,outer_race,N09_M07_F10_KA01_12,measured,outer_race
,0.0,0.0,KA01,outer_race,PU,outer_race,N09_M07_F10_KA01_13,measured,outer_race
,0.0,0.0,KA01,outer_race,PU,outer_race,N09_M07_F10_KA01_14,measured,outer_race
,0.0,0.0,KA01,outer_race,PU,outer_race,N09_M07_F10_KA01_15,measured,outer_race
,0.0,0.0,KA01,outer_race,PU,outer_race,N09_M07_F10_KA01_16,measured,outer_race
,0.0,0.0,KA01,outer_race,PU,outer_race,N09_M07_F10_KA01_17,measured,outer_race
,0.0,0.0,KA01,outer_race,PU,outer_race,N09_M07_F10_KA01_18,measured,outer_race
,0.0,0.0,KA01,outer_race,PU,outer_race,N09_M07_F10_KA01_19,measured,outer_race
,0.0,0.0,KA01,outer_race,PU,outer_race,N09_M07_F10_KA01_2,measured,outer_race
,0.0,0.0,KA01,outer_race,PU,outer_race,N09_M07_F10_KA01_20,measured,outer_race
,0.0,0.0,KA01,outer_race,PU,outer_race,N09_M07_F10_KA01_3,measured,outer_race
,0.0,0.0,KA01,outer_race,PU,outer_race,N09_M07_F10_KA01_4,measured,outer_race
,0.0,0.0,KA01,outer_race,PU,outer_race,N09_M07_F10_KA01_5,measured,outer_race
,0.0,0.0,KA01,outer_race,PU,outer_race,N09_M07_F10_KA01_6,measured,outer_race
,0.0,0.0,KA01,outer_race,PU,outer_race,N09_M07_F10_KA01_7,measured,outer_race
,0.0,0.0,KA01,outer_race,PU,outer_race,N09_M07_F10_KA01_8,measured,outer_race
,0.0,0.0,KA01,outer_race,PU,outer_race,N09_M07_F10_KA01_9,measured,outer_race
,0.0,0.0,KA01,outer_race,PU,outer_race,N15_M01_F10_KA01_1,measured,outer_race
,0.0,0.0,KA01,outer_race,PU,outer_race,N15_M01_F10_KA01_10,measured,outer_race
,0.0,0.0,KA01,outer_race,PU,outer_race,N15_M01_F10_KA01_11,measured,outer_race
,0.0,0.0,KA01,outer_race,PU,outer_race,N15_M01_F10_KA01_12,measured,outer_race
,0.0,0.0,KA01,outer_race,PU,outer_race,N15_M01_F10_KA01_13,measured,outer_race
,0.0,0.0,KA01,outer_race,PU,outer_race,N15_M01_F10_KA01_14,measured,outer_race
,0.0,0.0,KA01,outer_race,PU,outer_race,N15_M01_F10_KA01_15,measured,outer_race
,0.0,0.0,KA01,outer_race,PU,outer_race,N15_M01_F10_KA01_16,measured,outer_race
,0.0,0.0,KA01,outer_race,PU,outer_race,N15_M01_F10_KA01_17,measured,outer_race
,0.0,0.0,KA01,outer_race,PU,outer_race,N15_M01_F10_KA01_18,measured,outer_race
,0.0,0.0,KA01,outer_race,PU,outer_race,N15_M01_F10_KA01_19,measured,outer_race
,0.0,0.0,KA01,outer_race,PU,outer_race,N15_M01_F10_KA01_2,measured,outer_race
,0.0,0.0,KA01,outer_race,PU,outer_race,N15_M01_F10_KA01_20,measured,outer_race
,0.0,0.0,KA01,outer_race,PU,outer_race,N15_M01_F10_KA01_3,measured,outer_race
,0.0,0.0,KA01,outer_race,PU,outer_race,N15_M01_F10_KA01_4,measured,outer_race
,0.0,0.0,KA01,outer_race,PU,outer_race,N15_M01_F10_KA01_5,measured,outer_race
,0.0,0.0,KA01,outer_race,PU,outer_race,N15_M01_F10_KA01_6,measured,outer_race
,0.0,0.0,KA01,outer_race,PU,outer_race,N15_M01_F10_KA01_7,measured,outer_race
,0.0,0.0,KA01,outer_race,PU,outer_race,N15_M01_F10_KA01_8,measured,outer_race
,0.0,0.0,KA01,outer_race,PU,outer_race,N15_M01_F10_KA01_9,measured,outer_race
,0.0,0.0,KA01,outer_race,PU,outer_race,N15_M07_F04_KA01_1,measured,outer_race
,0.0,0.0,KA01,outer_race,PU,outer_race,N15_M07_F04_KA01_10,measured,outer_race
,0.0,0.0,KA01,outer_race,PU,outer_race,N15_M07_F04_KA01_11,measured,outer_race
,0.0,0.0,KA01,outer_race,PU,outer_race,N15_M07_F04_KA01_12,measured,outer_race
,0.0,0.0,KA01,outer_race,PU,outer_race,N15_M07_F04_KA01_13,measured,outer_race
,0.0,0.0,KA01,outer_race,PU,outer_race,N15_M07_F04_KA01_14,measured,outer_race
,0.0,0.0,KA01,outer_race,PU,outer_race,N15_M07_F04_KA01_15,measured,outer_race
,0.0,0.0,KA01,outer_race,PU,outer_race,N15_M07_F04_KA01_16,measured,outer_race
,0.0,0.0,KA01,outer_race,PU,outer_race,N15_M07_F04_KA01_17,measured,outer_race
,0.0,0.0,KA01,outer_race,PU,outer_race,N15_M07_F04_KA01_18,measured,outer_race
,0.0,0.0,KA01,outer_race,PU,outer_race,N15_M07_F04_KA01_19,measured,outer_race
,0.0,0.0,KA01,outer_race,PU,outer_race,N15_M07_F04_KA01_2,measured,outer_race
,0.0,0.0,KA01,outer_race,PU,outer_race,N15_M07_F04_KA01_20,measured,outer_race
,0.0,0.0,KA01,outer_race,PU,outer_race,N15_M07_F04_KA01_3,measured,outer_race
,0.0,0.0,KA01,outer_race,PU,outer_race,N15_M07_F04_KA01_4,measured,outer_race
,0.0,0.0,KA01,outer_race,PU,outer_race,N15_M07_F04_KA01_5,measured,outer_race
,0.0,0.0,KA01,outer_race,PU,outer_race,N15_M07_F04_KA01_6,measured,outer_race
,0.0,0.0,KA01,outer_race,PU,outer_race,N15_M07_F04_KA01_7,measured,outer_race
,0.0,0.0,KA01,outer_race,PU,outer_race,N15_M07_F04_KA01_8,measured,outer_race
,0.0,0.0,KA01,outer_race,PU,outer_race,N15_M07_F04_KA01_9,measured,outer_race
,0.0,0.0,KA01,outer_race,PU,outer_race,N15_M07_F10_KA01_1,measured,outer_race
,0.0,0.0,KA01,outer_race,PU,outer_race,N15_M07_F10_KA01_10,measured,outer_race
,0.0,0.0,KA01,outer_race,PU,outer_race,N15_M07_F10_KA01_11,measured,outer_race
,0.0,0.0,KA01,outer_race,PU,outer_race,N15_M07_F10_KA01_12,measured,outer_race
,0.0,0.0,KA01,outer_race,PU,outer_race,N15_M07_F10_KA01_13,measured,outer_race
,0.0,0.0,KA01,outer_race,PU,outer_race,N15_M07_F10_KA01_14,measured,outer_race
,0.0,0.0,KA01,outer_race,PU,outer_race,N15_M07_F10_KA01_15,measured,outer_race
,0.0,0.0,KA01,outer_race,PU,outer_race,N15_M07_F10_KA01_16,measured,outer_race
,0.0,0.0,KA01,outer_race,PU,outer_race,N15_M07_F10_KA01_17,measured,outer_race
,0.0,0.0,KA01,outer_race,PU,outer_race,N15_M07_F10_KA01_18,measured,outer_race
,0.0,0.0,KA01,outer_race,PU,outer_race,N15_M07_F10_KA01_19,measured,outer_race
,0.0,0.0,KA01,outer_race,PU,outer_race,N15_M07_F10_KA01_2,measured,outer_race
,0.0,0.0,KA01,outer_race,PU,outer_race,N15_M07_F10_KA01_20,measured,outer_race
,0.0,0.0,KA01,outer_race,PU,outer_race,N15_M07_F10_KA01_3,measured,outer_race
,0.0,0.0,KA01,outer_race,PU,outer_race,N15_M07_F10_KA01_4,measured,outer_race
,0.0,0.0,KA01,outer_race,PU,outer_race,N15_M07_F10_KA01_5,measured,outer_race
,0.0,0.0,KA01,outer_race,PU,outer_race,N15_M07_F10_KA01_6,measured,outer_race
,0.0,0.0,KA01,outer_race,PU,outer_race,N15_M07_F10_KA01_7,measured,outer_race
,0.0,0.0,KA01,outer_race,PU,outer_race,N15_M07_F10_KA01_8,measured,outer_race
,0.0,0.0,KA01,outer_race,PU,outer_race,N15_M07_F10_KA01_9,measured,outer_race
,1.0,1.0,KA03,normal,PU,outer_race,N09_M07_F10_KA03_1,measured,normal
,1.0,0.0,KA03,inner_race,PU,outer_race,N09_M07_F10_KA03_10,measured,normal
,1.0,0.0,KA03,normal,PU,outer_race,N09_M07_F10_KA03_11,measured,normal
,1.0,0.0,KA03,normal,PU,outer_race,N09_M07_F10_KA03_12,measured,normal
,1.0,0.0,KA03,normal,PU,outer_race,N09_M07_F10_KA03_13,measured,normal
,1.0,0.0,KA03,normal,PU,outer_race,N09_M07_F10_KA03_14,measured,normal
,1.0,0.0,KA03,normal,PU,outer_race,N09_M07_F10_KA03_15,measured,normal
,1.0,0.0,KA03,inner_race,PU,outer_race,N09_M07_F10_KA03_16,measured,normal
,1.0,0.0,KA03,normal,PU,outer_race,N09_M07_F10_KA03_17,measured,normal
,1.0,0.0,KA03,normal,PU,outer_race,N09_M07_F10_KA03_18,measured,normal
,0.667,0.0,KA03,normal,PU,outer_race,N09_M07_F10_KA03_19,measured,normal
,1.0,0.0,KA03,normal,PU,outer_race,N09_M07_F10_KA03_2,measured,normal
,1.0,0.0,KA03,normal,PU,outer_race,N09_M07_F10_KA03_20,measured,normal
,1.0,0.0,KA03,normal,PU,outer_race,N09_M07_F10_KA03_3,measured,normal
,0.667,0.0,KA03,normal,PU,outer_race,N09_M07_F10_KA03_4,measured,normal
,1.0,0.0,KA03,normal,PU,outer_race,N09_M07_F10_KA03_5,measured,normal
,1.0,0.0,KA03,inner_race,PU,outer_race,N09_M07_F10_KA03_6,measured,normal
,0.667,0.0,KA03,normal,PU,outer_race,N09_M07_F10_KA03_7,measured,normal
,0.667,0.0,KA03,normal,PU,outer_race,N09_M07_F10_KA03_8,measured,normal
,1.0,0.0,KA03,normal,PU,outer_race,N09_M07_F10_KA03_9,measured,normal
,0.0,0.0,KA03,normal,PU,outer_race,N15_M01_F10_KA03_1,measured,normal
,0.0,0.0,KA03,normal,PU,outer_race,N15_M01_F10_KA03_10,measured,normal
,0.0,0.0,KA03,normal,PU,outer_race,N15_M01_F10_KA03_11,measured,normal
,0.0,0.0,KA03,normal,PU,outer_race,N15_M01_F10_KA03_12,measured,normal
,0.0,0.0,KA03,normal,PU,outer_race,N15_M01_F10_KA03_13,measured,normal
,0.0,0.0,KA03,normal,PU,outer_race,N15_M01_F10_KA03_14,measured,normal
,0.0,0.0,KA03,normal,PU,outer_race,N15_M01_F10_KA03_15,measured,normal
,0.0,0.0,KA03,normal,PU,outer_race,N15_M01_F10_KA03_16,measured,normal
,0.0,0.0,KA03,normal,PU,outer_race,N15_M01_F10_KA03_17,measured,normal
,0.0,0.0,KA03,normal,PU,outer_race,N15_M01_F10_KA03_18,measured,normal
,0.0,0.0,KA03,normal,PU,outer_race,N15_M01_F10_KA03_19,measured,normal
,0.0,0.0,KA03,normal,PU,outer_race,N15_M01_F10_KA03_2,measured,normal
,0.0,0.0,KA03,normal,PU,outer_race,N15_M01_F10_KA03_20,measured,normal
,0.0,0.0,KA03,normal,PU,outer_race,N15_M01_F10_KA03_3,measured,normal
,1.0,0.0,KA03,normal,PU,outer_race,N15_M01_F10_KA03_4,measured,normal
,0.0,0.0,KA03,normal,PU,outer_race,N15_M01_F10_KA03_5,measured,normal
,1.0,0.0,KA03,normal,PU,outer_race,N15_M01_F10_KA03_6,measured,normal
,0.0,0.0,KA03,normal,PU,outer_race,N15_M01_F10_KA03_7,measured,normal
,0.0,0.0,KA03,normal,PU,outer_race,N15_M01_F10_KA03_8,measured,normal
,0.0,0.0,KA03,normal,PU,outer_race,N15_M01_F10_KA03_9,measured,normal
,1.0,0.0,KA03,normal,PU,outer_race,N15_M07_F04_KA03_1,measured,normal
,0.0,0.0,KA03,normal,PU,outer_race,N15_M07_F04_KA03_10,measured,normal
,0.0,0.0,KA03,normal,PU,outer_race,N15_M07_F04_KA03_11,measured,normal
,0.0,0.0,KA03,normal,PU,outer_race,N15_M07_F04_KA03_12,measured,normal
,0.0,0.0,KA03,normal,PU,outer_race,N15_M07_F04_KA03_13,measured,normal
,0.0,0.0,KA03,normal,PU,outer_race,N15_M07_F04_KA03_14,measured,normal
,0.0,0.0,KA03,normal,PU,outer_race,N15_M07_F04_KA03_15,measured,normal
,0.0,0.0,KA03,normal,PU,outer_race,N15_M07_F04_KA03_16,measured,normal
,0.0,0.0,KA03,normal,PU,outer_race,N15_M07_F04_KA03_17,measured,normal
,0.0,0.0,KA03,normal,PU,outer_race,N15_M07_F04_KA03_18,measured,normal
,0.0,0.0,KA03,normal,PU,outer_race,N15_M07_F04_KA03_19,measured,normal
,0.0,0.0,KA03,normal,PU,outer_race,N15_M07_F04_KA03_2,measured,normal
,0.0,0.0,KA03,normal,PU,outer_race,N15_M07_F04_KA03_20,measured,normal
,0.0,0.0,KA03,normal,PU,outer_race,N15_M07_F04_KA03_3,measured,normal
,0.0,0.0,KA03,normal,PU,outer_race,N15_M07_F04_KA03_4,measured,normal
,0.0,0.0,KA03,normal,PU,outer_race,N15_M07_F04_KA03_5,measured,normal
,0.0,0.0,KA03,normal,PU,outer_race,N15_M07_F04_KA03_6,measured,normal
,0.0,0.0,KA03,normal,PU,outer_race,N15_M07_F04_KA03_7,measured,normal
,0.0,0.0,KA03,normal,PU,outer_race,N15_M07_F04_KA03_8,measured,normal
,0.0,0.0,KA03,normal,PU,outer_race,N15_M07_F04_KA03_9,measured,normal
,0.0,0.0,KA03,normal,PU,outer_race,N15_M07_F10_KA03_1,measured,normal
,0.0,0.0,KA03,normal,PU,outer_race,N15_M07_F10_KA03_10,measured,normal
,0.0,0.0,KA03,normal,PU,outer_race,N15_M07_F10_KA03_11,measured,normal
,0.0,0.0,KA03,normal,PU,outer_race,N15_M07_F10_KA03_12,measured,normal
,0.0,0.0,KA03,normal,PU,outer_race,N15_M07_F10_KA03_13,measured,normal
,0.0,0.0,KA03,normal,PU,outer_race,N15_M07_F10_KA03_14,measured,normal
,0.0,0.0,KA03,normal,PU,outer_race,N15_M07_F10_KA03_15,measured,normal
,0.0,0.0,KA03,normal,PU,outer_race,N15_M07_F10_KA03_16,measured,normal
,0.0,0.0,KA03,normal,PU,outer_race,N15_M07_F10_KA03_17,measured,normal
,0.0,0.0,KA03,normal,PU,outer_race,N15_M07_F10_KA03_18,measured,normal
,0.0,0.0,KA03,normal,PU,outer_race,N15_M07_F10_KA03_19,measured,normal
,0.0,0.0,KA03,normal,PU,outer_race,N15_M07_F10_KA03_2,measured,normal
,0.0,0.0,KA03,normal,PU,outer_race,N15_M07_F10_KA03_20,measured,normal
,0.0,0.0,KA03,normal,PU,outer_race,N15_M07_F10_KA03_3,measured,normal
,0.0,0.0,KA03,normal,PU,outer_race,N15_M07_F10_KA03_4,measured,normal
,0.0,0.0,KA03,normal,PU,outer_race,N15_M07_F10_KA03_5,measured,normal
,0.0,0.0,KA03,normal,PU,outer_race,N15_M07_F10_KA03_6,measured,normal
,0.0,0.0,KA03,normal,PU,outer_race,N15_M07_F10_KA03_7,measured,normal
,0.0,0.0,KA03,normal,PU,outer_race,N15_M07_F10_KA03_8,measured,normal
,0.0,0.0,KA03,normal,PU,outer_race,N15_M07_F10_KA03_9,measured,normal
,0.0,0.0,KA04,normal,PU,outer_race,N09_M07_F10_KA04_1,measured,normal
,0.0,0.0,KA04,normal,PU,outer_race,N09_M07_F10_KA04_10,measured,normal
,0.0,0.0,KA04,normal,PU,outer_race,N09_M07_F10_KA04_11,measured,normal
,0.0,0.0,KA04,normal,PU,outer_race,N09_M07_F10_KA04_12,measured,normal
,0.0,0.0,KA04,normal,PU,outer_race,N09_M07_F10_KA04_13,measured,normal
,0.0,0.0,KA04,outer_race,PU,outer_race,N09_M07_F10_KA04_14,measured,outer_race
,0.0,0.0,KA04,outer_race,PU,outer_race,N09_M07_F10_KA04_15,measured,outer_race
,0.0,0.0,KA04,normal,PU,outer_race,N09_M07_F10_KA04_16,measured,normal
,0.0,0.0,KA04,outer_race,PU,outer_race,N09_M07_F10_KA04_17,measured,outer_race
,0.0,0.0,KA04,outer_race,PU,outer_race,N09_M07_F10_KA04_18,measured,outer_race
,0.0,0.0,KA04,outer_race,PU,outer_race,N09_M07_F10_KA04_19,measured,outer_race
,0.0,0.0,KA04,normal,PU,outer_race,N09_M07_F10_KA04_2,measured,normal
,0.0,0.0,KA04,normal,PU,outer_race,N09_M07_F10_KA04_20,measured,normal
,0.0,0.0,KA04,normal,PU,outer_race,N09_M07_F10_KA04_3,measured,normal
,0.0,0.0,KA04,outer_race,PU,outer_race,N09_M07_F10_KA04_4,measured,outer_race
,0.0,0.0,KA04,normal,PU,outer_race,N09_M07_F10_KA04_5,measured,normal
,0.0,0.0,KA04,normal,PU,outer_race,N09_M07_F10_KA04_6,measured,normal
,0.0,0.0,KA04,normal,PU,outer_race,N09_M07_F10_KA04_7,measured,normal
,0.0,0.0,KA04,normal,PU,outer_race,N09_M07_F10_KA04_8,measured,normal
,0.0,0.0,KA04,normal,PU,outer_race,N09_M07_F10_KA04_9,measured,normal
,0.0,0.0,KA04,outer_race,PU,outer_race,N15_M01_F10_KA04_1,measured,outer_race
,0.0,0.0,KA04,outer_race,PU,outer_race,N15_M01_F10_KA04_10,measured,outer_race
,0.0,0.0,KA04,outer_race,PU,outer_race,N15_M01_F10_KA04_11,measured,outer_race
,0.0,0.0,KA04,outer_race,PU,outer_race,N15_M01_F10_KA04_12,measured,outer_race
,0.0,0.0,KA04,outer_race,PU,outer_race,N15_M01_F10_KA04_13,measured,outer_race
,0.0,0.0,KA04,outer_race,PU,outer_race,N15_M01_F10_KA04_14,measured,outer_race
,0.0,0.0,KA04,outer_race,PU,outer_race,N15_M01_F10_KA04_15,measured,outer_race
,0.0,0.0,KA04,outer_race,PU,outer_race,N15_M01_F10_KA04_16,measured,outer_race
,0.0,0.0,KA04,outer_race,PU,outer_race,N15_M01_F10_KA04_17,measured,outer_race
,0.0,0.0,KA04,outer_race,PU,outer_race,N15_M01_F10_KA04_18,measured,outer_race
,0.0,0.0,KA04,outer_race,PU,outer_race,N15_M01_F10_KA04_19,measured,outer_race
,0.0,0.0,KA04,outer_race,PU,outer_race,N15_M01_F10_KA04_2,measured,outer_race
,0.0,0.0,KA04,outer_race,PU,outer_race,N15_M01_F10_KA04_20,measured,outer_race
,0.0,0.0,KA04,outer_race,PU,outer_race,N15_M01_F10_KA04_3,measured,outer_race
,0.0,0.0,KA04,outer_race,PU,outer_race,N15_M01_F10_KA04_4,measured,outer_race
,0.0,0.0,KA04,outer_race,PU,outer_race,N15_M01_F10_KA04_5,measured,outer_race
,0.0,0.0,KA04,outer_race,PU,outer_race,N15_M01_F10_KA04_6,measured,outer_race
,0.0,0.0,KA04,outer_race,PU,outer_race,N15_M01_F10_KA04_7,measured,outer_race
,0.0,0.0,KA04,normal,PU,outer_race,N15_M01_F10_KA04_8,measured,normal
,0.0,0.0,KA04,outer_race,PU,outer_race,N15_M01_F10_KA04_9,measured,outer_race
,0.0,0.0,KA04,normal,PU,outer_race,N15_M07_F04_KA04_1,measured,normal
,0.0,0.0,KA04,normal,PU,outer_race,N15_M07_F04_KA04_10,measured,normal
,0.0,0.0,KA04,normal,PU,outer_race,N15_M07_F04_KA04_11,measured,normal
,0.0,0.0,KA04,normal,PU,outer_race,N15_M07_F04_KA04_12,measured,normal
,0.0,0.0,KA04,outer_race,PU,outer_race,N15_M07_F04_KA04_13,measured,outer_race
,0.0,0.0,KA04,normal,PU,outer_race,N15_M07_F04_KA04_14,measured,normal
,0.0,0.0,KA04,normal,PU,outer_race,N15_M07_F04_KA04_15,measured,normal
,0.0,0.0,KA04,normal,PU,outer_race,N15_M07_F04_KA04_16,measured,normal
,0.0,0.0,KA04,normal,PU,outer_race,N15_M07_F04_KA04_17,measured,normal
,0.0,0.0,KA04,normal,PU,outer_race,N15_M07_F04_KA04_18,measured,normal
,0.0,0.0,KA04,normal,PU,outer_race,N15_M07_F04_KA04_19,measured,normal
,0.0,0.0,KA04,normal,PU,outer_race,N15_M07_F04_KA04_2,measured,normal
,0.0,0.0,KA04,normal,PU,outer_race,N15_M07_F04_KA04_20,measured,normal
,0.0,0.0,KA04,normal,PU,outer_race,N15_M07_F04_KA04_3,measured,normal
,0.0,0.0,KA04,normal,PU,outer_race,N15_M07_F04_KA04_4,measured,normal
,0.0,0.0,KA04,normal,PU,outer_race,N15_M07_F04_KA04_5,measured,normal
,0.0,0.0,KA04,normal,PU,outer_race,N15_M07_F04_KA04_6,measured,normal
,0.0,0.0,KA04,normal,PU,outer_race,N15_M07_F04_KA04_7,measured,normal
,0.0,0.0,KA04,normal,PU,outer_race,N15_M07_F04_KA04_8,measured,normal
,0.0,0.0,KA04,normal,PU,outer_race,N15_M07_F04_KA04_9,measured,normal
,0.0,0.0,KA04,outer_race,PU,outer_race,N15_M07_F10_KA04_1,measured,outer_race
,0.0,0.0,KA04,normal,PU,outer_race,N15_M07_F10_KA04_10,measured,normal
,0.0,0.0,KA04,normal,PU,outer_race,N15_M07_F10_KA04_11,measured,normal
,0.0,0.0,KA04,normal,PU,outer_race,N15_M07_F10_KA04_12,measured,normal
,0.0,0.0,KA04,normal,PU,outer_race,N15_M07_F10_KA04_13,measured,normal
,0.0,0.0,KA04,outer_race,PU,outer_race,N15_M07_F10_KA04_14,measured,outer_race
,0.0,0.0,KA04,normal,PU,outer_race,N15_M07_F10_KA04_15,measured,normal
,0.0,0.0,KA04,normal,PU,outer_race,N15_M07_F10_KA04_16,measured,normal
,0.0,0.0,KA04,normal,PU,outer_race,N15_M07_F10_KA04_17,measured,normal
,0.0,0.0,KA04,normal,PU,outer_race,N15_M07_F10_KA04_18,measured,normal
,0.0,0.0,KA04,normal,PU,outer_race,N15_M07_F10_KA04_19,measured,normal
,0.0,0.0,KA04,normal,PU,outer_race,N15_M07_F10_KA04_2,measured,normal
,0.0,0.0,KA04,outer_race,PU,outer_race,N15_M07_F10_KA04_20,measured,outer_race
,0.0,0.0,KA04,normal,PU,outer_race,N15_M07_F10_KA04_3,measured,normal
,0.0,0.0,KA04,normal,PU,outer_race,N15_M07_F10_KA04_4,measured,normal
,0.0,0.0,KA04,normal,PU,outer_race,N15_M07_F10_KA04_5,measured,normal
,0.0,0.0,KA04,normal,PU,outer_race,N15_M07_F10_KA04_6,measured,normal
,0.0,0.0,KA04,normal,PU,outer_race,N15_M07_F10_KA04_7,measured,normal
,0.0,0.0,KA04,normal,PU,outer_race,N15_M07_F10_KA04_8,measured,normal
,0.0,0.0,KA04,normal,PU,outer_race,N15_M07_F10_KA04_9,measured,normal
,0.333,0.0,KA05,normal,PU,outer_race,N09_M07_F10_KA05_1,measured,normal
,1.0,0.0,KA05,normal,PU,outer_race,N09_M07_F10_KA05_10,measured,normal
,1.0,0.0,KA05,normal,PU,outer_race,N09_M07_F10_KA05_11,measured,normal
,1.0,0.0,KA05,normal,PU,outer_race,N09_M07_F10_KA05_12,measured,normal
,0.667,0.0,KA05,normal,PU,outer_race,N09_M07_F10_KA05_13,measured,normal
,1.0,0.0,KA05,normal,PU,outer_race,N09_M07_F10_KA05_14,measured,normal
,1.0,0.0,KA05,normal,PU,outer_race,N09_M07_F10_KA05_15,measured,normal
,1.0,0.0,KA05,normal,PU,outer_race,N09_M07_F10_KA05_16,measured,normal
,0.667,0.0,KA05,normal,PU,outer_race,N09_M07_F10_KA05_17,measured,normal
,1.0,0.0,KA05,normal,PU,outer_race,N09_M07_F10_KA05_18,measured,normal
,0.333,0.0,KA05,normal,PU,outer_race,N09_M07_F10_KA05_19,measured,normal
,1.0,0.0,KA05,normal,PU,outer_race,N09_M07_F10_KA05_2,measured,normal
,0.667,0.0,KA05,normal,PU,outer_race,N09_M07_F10_KA05_20,measured,normal
,0.333,0.0,KA05,normal,PU,outer_race,N09_M07_F10_KA05_3,measured,normal
,0.667,0.0,KA05,normal,PU,outer_race,N09_M07_F10_KA05_4,measured,normal
,0.333,0.0,KA05,normal,PU,outer_race,N09_M07_F10_KA05_5,measured,normal
,0.667,0.0,KA05,normal,PU,outer_race,N09_M07_F10_KA05_6,measured,normal
,1.0,0.0,KA05,normal,PU,outer_race,N09_M07_F10_KA05_7,measured,normal
,1.0,0.0,KA05,normal,PU,outer_race,N09_M07_F10_KA05_8,measured,normal
,1.0,0.0,KA05,normal,PU,outer_race,N09_M07_F10_KA05_9,measured,normal
,0.0,0.0,KA05,normal,PU,outer_race,N15_M01_F10_KA05_1,measured,normal
,0.0,0.0,KA05,normal,PU,outer_race,N15_M01_F10_KA05_10,measured,normal
,1.0,0.0,KA05,normal,PU,outer_race,N15_M01_F10_KA05_11,measured,normal
,1.0,0.0,KA05,normal,PU,outer_race,N15_M01_F10_KA05_12,measured,normal
,1.0,0.0,KA05,normal,PU,outer_race,N15_M01_F10_KA05_13,measured,normal
,1.0,0.0,KA05,normal,PU,outer_race,N15_M01_F10_KA05_14,measured,normal
,0.0,0.0,KA05,normal,PU,outer_race,N15_M01_F10_KA05_15,measured,normal
,0.5,0.0,KA05,normal,PU,outer_race,N15_M01_F10_KA05_16,measured,normal
,0.5,0.0,KA05,normal,PU,outer_race,N15_M01_F10_KA05_17,measured,normal
,0.5,0.0,KA05,normal,PU,outer_race,N15_M01_F10_KA05_18,measured,normal
,0.0,0.0,KA05,normal,PU,outer_race,N15_M01_F10_KA05_19,measured,normal
,1.0,0.0,KA05,normal,PU,outer_race,N15_M01_F10_KA05_2,measured,normal
,0.5,0.0,KA05,inner_race,PU,outer_race,N15_M01_F10_KA05_20,measured,normal
,1.0,0.0,KA05,normal,PU,outer_race,N15_M01_F10_KA05_3,measured,normal
,0.5,0.0,KA05,normal,PU,outer_race,N15_M01_F10_KA05_4,measured,normal
,0.0,0.0,KA05,normal,PU,outer_race,N15_M01_F10_KA05_5,measured,normal
,0.0,0.0,KA05,normal,PU,outer_race,N15_M01_F10_KA05_6,measured,normal
,1.0,0.0,KA05,normal,PU,outer_race,N15_M01_F10_KA05_7,measured,normal
,0.5,0.0,KA05,normal,PU,outer_race,N15_M01_F10_KA05_8,measured,normal
,0.0,0.0,KA05,normal,PU,outer_race,N15_M01_F10_KA05_9,measured,normal
,1.0,0.0,KA05,normal,PU,outer_race,N15_M07_F04_KA05_1,measured,normal
,1.0,0.0,KA05,normal,PU,outer_race,N15_M07_F04_KA05_10,measured,normal
,0.0,0.0,KA05,normal,PU,outer_race,N15_M07_F04_KA05_11,measured,normal
,1.0,0.0,KA05,normal,PU,outer_race,N15_M07_F04_KA05_12,measured,normal
,0.0,0.0,KA05,normal,PU,outer_race,N15_M07_F04_KA05_13,measured,normal
,0.0,0.0,KA05,normal,PU,outer_race,N15_M07_F04_KA05_14,measured,normal
,0.0,0.0,KA05,normal,PU,outer_race,N15_M07_F04_KA05_15,measured,normal
,0.0,0.0,KA05,normal,PU,outer_race,N15_M07_F04_KA05_16,measured,normal
,1.0,0.0,KA05,normal,PU,outer_race,N15_M07_F04_KA05_17,measured,normal
,0.5,0.0,KA05,normal,PU,outer_race,N15_M07_F04_KA05_18,measured,normal
,0.0,0.0,KA05,normal,PU,outer_race,N15_M07_F04_KA05_19,measured,normal
,1.0,0.0,KA05,normal,PU,outer_race,N15_M07_F04_KA05_2,measured,normal
,0.0,0.0,KA05,normal,PU,outer_race,N15_M07_F04_KA05_20,measured,normal
,1.0,0.0,KA05,normal,PU,outer_race,N15_M07_F04_KA05_3,measured,normal
,1.0,0.0,KA05,normal,PU,outer_race,N15_M07_F04_KA05_4,measured,normal
,1.0,0.0,KA05,normal,PU,outer_race,N15_M07_F04_KA05_5,measured,normal
,1.0,0.0,KA05,normal,PU,outer_race,N15_M07_F04_KA05_6,measured,normal
,0.0,0.0,KA05,normal,PU,outer_race,N15_M07_F04_KA05_7,measured,normal
,1.0,0.0,KA05,normal,PU,outer_race,N15_M07_F04_KA05_8,measured,normal
,1.0,0.0,KA05,normal,PU,outer_race,N15_M07_F04_KA05_9,measured,normal
,0.0,0.0,KA05,normal,PU,outer_race,N15_M07_F10_KA05_1,measured,normal
,0.5,0.0,KA05,normal,PU,outer_race,N15_M07_F10_KA05_10,measured,normal
,1.0,0.0,KA05,normal,PU,outer_race,N15_M07_F10_KA05_11,measured,normal
,1.0,0.0,KA05,normal,PU,outer_race,N15_M07_F10_KA05_12,measured,normal
,0.0,0.0,KA05,normal,PU,outer_race,N15_M07_F10_KA05_13,measured,normal
,0.0,0.0,KA05,normal,PU,outer_race,N15_M07_F10_KA05_14,measured,normal
,0.0,0.0,KA05,normal,PU,outer_race,N15_M07_F10_KA05_15,measured,normal
,0.0,0.0,KA05,normal,PU,outer_race,N15_M07_F10_KA05_16,measured,normal
,0.0,0.0,KA05,normal,PU,outer_race,N15_M07_F10_KA05_17,measured,normal
,0.0,0.0,KA05,normal,PU,outer_race,N15_M07_F10_KA05_18,measured,normal
,0.0,0.0,KA05,normal,PU,outer_race,N15_M07_F10_KA05_19,measured,normal
,0.5,0.0,KA05,normal,PU,outer_race,N15_M07_F10_KA05_2,measured,normal
,0.333,0.0,KA05,normal,PU,outer_race,N15_M07_F10_KA05_20,measured,normal
,0.0,0.0,KA05,normal,PU,outer_race,N15_M07_F10_KA05_3,measured,normal
,1.0,0.0,KA05,normal,PU,outer_race,N15_M07_F10_KA05_4,measured,normal
,0.0,0.0,KA05,normal,PU,outer_race,N15_M07_F10_KA05_5,measured,normal
,1.0,0.0,KA05,normal,PU,outer_race,N15_M07_F10_KA05_6,measured,normal
,1.0,0.0,KA05,normal,PU,outer_race,N15_M07_F10_KA05_7,measured,normal
,0.0,0.0,KA05,normal,PU,outer_race,N15_M07_F10_KA05_8,measured,normal
,0.0,0.0,KA05,normal,PU,outer_race,N15_M07_F10_KA05_9,measured,normal
,0.0,0.0,KA06,normal,PU,outer_race,N09_M07_F10_KA06_1,measured,normal
,0.333,0.0,KA06,normal,PU,outer_race,N09_M07_F10_KA06_10,measured,normal
,1.0,0.0,KA06,normal,PU,outer_race,N09_M07_F10_KA06_11,measured,normal
,1.0,0.0,KA06,normal,PU,outer_race,N09_M07_F10_KA06_12,measured,normal
,1.0,0.0,KA06,normal,PU,outer_race,N09_M07_F10_KA06_13,measured,normal
,1.0,0.0,KA06,normal,PU,outer_race,N09_M07_F10_KA06_14,measured,normal
,0.667,0.0,KA06,normal,PU,outer_race,N09_M07_F10_KA06_15,measured,normal
,1.0,0.0,KA06,normal,PU,outer_race,N09_M07_F10_KA06_16,measured,normal
,1.0,0.0,KA06,normal,PU,outer_race,N09_M07_F10_KA06_17,measured,normal
,1.0,0.0,KA06,normal,PU,outer_race,N09_M07_F10_KA06_18,measured,normal
,1.0,0.0,KA06,normal,PU,outer_race,N09_M07_F10_KA06_19,measured,normal
,0.667,0.0,KA06,normal,PU,outer_race,N09_M07_F10_KA06_2,measured,normal
,0.667,0.0,KA06,normal,PU,outer_race,N09_M07_F10_KA06_20,measured,normal
,0.0,0.0,KA06,normal,PU,outer_race,N09_M07_F10_KA06_3,measured,normal
,1.0,0.0,KA06,normal,PU,outer_race,N09_M07_F10_KA06_4,measured,normal
,0.333,0.0,KA06,normal,PU,outer_race,N09_M07_F10_KA06_5,measured,normal
,0.667,0.0,KA06,normal,PU,outer_race,N09_M07_F10_KA06_6,measured,normal
,1.0,0.0,KA06,normal,PU,outer_race,N09_M07_F10_KA06_7,measured,normal
,1.0,0.0,KA06,normal,PU,outer_race,N09_M07_F10_KA06_8,measured,normal
,1.0,0.0,KA06,normal,PU,outer_race,N09_M07_F10_KA06_9,measured,normal
,0.0,0.0,KA06,normal,PU,outer_race,N15_M01_F10_KA06_1,measured,normal
,1.0,0.0,KA06,normal,PU,outer_race,N15_M01_F10_KA06_10,measured,normal
,0.5,0.0,KA06,normal,PU,outer_race,N15_M01_F10_KA06_11,measured,normal
,1.0,0.0,KA06,normal,PU,outer_race,N15_M01_F10_KA06_12,measured,normal
,1.0,0.0,KA06,normal,PU,outer_race,N15_M01_F10_KA06_13,measured,normal
,0.0,0.0,KA06,normal,PU,outer_race,N15_M01_F10_KA06_14,measured,normal
,0.5,0.0,KA06,normal,PU,outer_race,N15_M01_F10_KA06_15,measured,normal
,0.0,0.0,KA06,normal,PU,outer_race,N15_M01_F10_KA06_16,measured,normal
,0.0,0.0,KA06,normal,PU,outer_race,N15_M01_F10_KA06_17,measured,normal
,1.0,0.0,KA06,normal,PU,outer_race,N15_M01_F10_KA06_18,measured,normal
,1.0,0.0,KA06,normal,PU,outer_race,N15_M01_F10_KA06_19,measured,normal
,0.0,0.0,KA06,normal,PU,outer_race,N15_M01_F10_KA06_2,measured,normal
,0.0,0.0,KA06,normal,PU,outer_race,N15_M01_F10_KA06_20,measured,normal
,0.0,0.0,KA06,normal,PU,outer_race,N15_M01_F10_KA06_3,measured,normal
,1.0,0.0,KA06,normal,PU,outer_race,N15_M01_F10_KA06_4,measured,normal
,1.0,0.0,KA06,normal,PU,outer_race,N15_M01_F10_KA06_5,measured,normal
,1.0,0.0,KA06,normal,PU,outer_race,N15_M01_F10_KA06_6,measured,normal
,1.0,0.0,KA06,normal,PU,outer_race,N15_M01_F10_KA06_7,measured,normal
,0.0,0.0,KA06,normal,PU,outer_race,N15_M01_F10_KA06_8,measured,normal
,1.0,0.0,KA06,normal,PU,outer_race,N15_M01_F10_KA06_9,measured,normal
,0.0,0.0,KA06,normal,PU,outer_race,N15_M07_F04_KA06_1,measured,normal
,0.0,0.0,KA06,normal,PU,outer_race,N15_M07_F04_KA06_10,measured,normal
,0.0,0.0,KA06,normal,PU,outer_race,N15_M07_F04_KA06_11,measured,normal
,0.0,0.0,KA06,normal,PU,outer_race,N15_M07_F04_KA06_12,measured,normal
,1.0,0.0,KA06,normal,PU,outer_race,N15_M07_F04_KA06_13,measured,normal
,1.0,0.0,KA06,normal,PU,outer_race,N15_M07_F04_KA06_14,measured,normal
,1.0,0.0,KA06,normal,PU,outer_race,N15_M07_F04_KA06_15,measured,normal
,1.0,0.0,KA06,normal,PU,outer_race,N15_M07_F04_KA06_16,measured,normal
,1.0,0.0,KA06,normal,PU,outer_race,N15_M07_F04_KA06_17,measured,normal
,1.0,0.0,KA06,normal,PU,outer_race,N15_M07_F04_KA06_18,measured,normal
,0.0,0.0,KA06,normal,PU,outer_race,N15_M07_F04_KA06_19,measured,normal
,0.0,0.0,KA06,normal,PU,outer_race,N15_M07_F04_KA06_2,measured,normal
,1.0,0.0,KA06,normal,PU,outer_race,N15_M07_F04_KA06_20,measured,normal
,0.0,0.0,KA06,normal,PU,outer_race,N15_M07_F04_KA06_3,measured,normal
,0.0,0.0,KA06,normal,PU,outer_race,N15_M07_F04_KA06_4,measured,normal
,1.0,0.0,KA06,normal,PU,outer_race,N15_M07_F04_KA06_5,measured,normal
,1.0,0.0,KA06,normal,PU,outer_race,N15_M07_F04_KA06_6,measured,normal
,0.0,0.0,KA06,normal,PU,outer_race,N15_M07_F04_KA06_7,measured,normal
,1.0,0.0,KA06,normal,PU,outer_race,N15_M07_F04_KA06_8,measured,normal
,0.0,0.0,KA06,normal,PU,outer_race,N15_M07_F04_KA06_9,measured,normal
,1.0,0.0,KA06,normal,PU,outer_race,N15_M07_F10_KA06_1,measured,normal
,0.0,0.0,KA06,normal,PU,outer_race,N15_M07_F10_KA06_10,measured,normal
,1.0,0.0,KA06,normal,PU,outer_race,N15_M07_F10_KA06_11,measured,normal
,0.0,0.0,KA06,normal,PU,outer_race,N15_M07_F10_KA06_12,measured,normal
,0.0,0.0,KA06,normal,PU,outer_race,N15_M07_F10_KA06_13,measured,normal
,0.0,0.0,KA06,normal,PU,outer_race,N15_M07_F10_KA06_14,measured,normal
,0.0,0.0,KA06,normal,PU,outer_race,N15_M07_F10_KA06_15,measured,normal
,0.0,0.0,KA06,normal,PU,outer_race,N15_M07_F10_KA06_16,measured,normal
,1.0,0.0,KA06,normal,PU,outer_race,N15_M07_F10_KA06_17,measured,normal
,0.0,0.0,KA06,normal,PU,outer_race,N15_M07_F10_KA06_18,measured,normal
,1.0,0.0,KA06,normal,PU,outer_race,N15_M07_F10_KA06_19,measured,normal
,0.0,0.0,KA06,normal,PU,outer_race,N15_M07_F10_KA06_2,measured,normal
,0.0,0.0,KA06,normal,PU,outer_race,N15_M07_F10_KA06_20,measured,normal
,1.0,0.0,KA06,normal,PU,outer_race,N15_M07_F10_KA06_3,measured,normal
,0.5,0.0,KA06,normal,PU,outer_race,N15_M07_F10_KA06_4,measured,normal
,0.0,0.0,KA06,normal,PU,outer_race,N15_M07_F10_KA06_5,measured,normal
,1.0,0.0,KA06,normal,PU,outer_race,N15_M07_F10_KA06_6,measured,normal
,0.0,0.0,KA06,normal,PU,outer_race,N15_M07_F10_KA06_7,measured,normal
,0.0,0.0,KA06,normal,PU,outer_race,N15_M07_F10_KA06_8,measured,normal
,0.0,0.0,KA06,normal,PU,outer_race,N15_M07_F10_KA06_9,measured,normal
,0.667,0.0,KA07,normal,PU,outer_race,N09_M07_F10_KA07_1,measured,normal
,0.667,0.0,KA07,normal,PU,outer_race,N09_M07_F10_KA07_10,measured,normal
,1.0,0.0,KA07,normal,PU,outer_race,N09_M07_F10_KA07_11,measured,normal
,1.0,0.0,KA07,normal,PU,outer_race,N09_M07_F10_KA07_12,measured,normal
,1.0,0.0,KA07,normal,PU,outer_race,N09_M07_F10_KA07_13,measured,normal
,1.0,0.0,KA07,normal,PU,outer_race,N09_M07_F10_KA07_14,measured,normal
,1.0,0.0,KA07,normal,PU,outer_race,N09_M07_F10_KA07_15,measured,normal
,1.0,0.0,KA07,normal,PU,outer_race,N09_M07_F10_KA07_16,measured,normal
,1.0,0.0,KA07,normal,PU,outer_race,N09_M07_F10_KA07_17,measured,normal
,1.0,0.0,KA07,normal,PU,outer_race,N09_M07_F10_KA07_18,measured,normal
,0.333,0.0,KA07,normal,PU,outer_race,N09_M07_F10_KA07_19,measured,normal
,0.667,0.0,KA07,normal,PU,outer_race,N09_M07_F10_KA07_2,measured,normal
,1.0,0.0,KA07,normal,PU,outer_race,N09_M07_F10_KA07_20,measured,normal
,1.0,0.0,KA07,normal,PU,outer_race,N09_M07_F10_KA07_3,measured,normal
,0.667,0.0,KA07,normal,PU,outer_race,N09_M07_F10_KA07_4,measured,normal
,0.333,0.0,KA07,normal,PU,outer_race,N09_M07_F10_KA07_5,measured,normal
,0.5,0.0,KA07,normal,PU,outer_race,N09_M07_F10_KA07_6,measured,normal
,0.333,0.0,KA07,normal,PU,outer_race,N09_M07_F10_KA07_7,measured,normal
,0.667,0.0,KA07,normal,PU,outer_race,N09_M07_F10_KA07_8,measured,normal
,1.0,0.0,KA07,normal,PU,outer_race,N09_M07_F10_KA07_9,measured,normal
,0.0,0.0,KA07,normal,PU,outer_race,N15_M01_F10_KA07_1,measured,normal
,1.0,0.0,KA07,normal,PU,outer_race,N15_M01_F10_KA07_10,measured,normal
,1.0,0.0,KA07,normal,PU,outer_race,N15_M01_F10_KA07_11,measured,normal
,1.0,0.0,KA07,normal,PU,outer_race,N15_M01_F10_KA07_12,measured,normal
,1.0,0.0,KA07,normal,PU,outer_race,N15_M01_F10_KA07_13,measured,normal
,0.0,0.0,KA07,normal,PU,outer_race,N15_M01_F10_KA07_14,measured,normal
,1.0,0.0,KA07,normal,PU,outer_race,N15_M01_F10_KA07_15,measured,normal
,1.0,0.0,KA07,normal,PU,outer_race,N15_M01_F10_KA07_16,measured,normal
,1.0,0.0,KA07,normal,PU,outer_race,N15_M01_F10_KA07_17,measured,normal
,0.5,0.0,KA07,normal,PU,outer_race,N15_M01_F10_KA07_18,measured,normal
,1.0,0.0,KA07,normal,PU,outer_race,N15_M01_F10_KA07_19,measured,normal
,1.0,0.0,KA07,normal,PU,outer_race,N15_M01_F10_KA07_2,measured,normal
,1.0,0.0,KA07,normal,PU,outer_race,N15_M01_F10_KA07_20,measured,normal
,1.0,0.0,KA07,inner_race,PU,outer_race,N15_M01_F10_KA07_3,measured,normal
,0.0,0.0,KA07,normal,PU,outer_race,N15_M01_F10_KA07_4,measured,normal
,1.0,0.0,KA07,normal,PU,outer_race,N15_M01_F10_KA07_5,measured,normal
,1.0,0.0,KA07,normal,PU,outer_race,N15_M01_F10_KA07_6,measured,normal
,1.0,0.0,KA07,normal,PU,outer_race,N15_M01_F10_KA07_7,measured,normal
,0.0,0.0,KA07,normal,PU,outer_race,N15_M01_F10_KA07_8,measured,normal
,0.0,0.0,KA07,normal,PU,outer_race,N15_M01_F10_KA07_9,measured,normal
,0.0,0.0,KA07,normal,PU,outer_race,N15_M07_F04_KA07_1,measured,normal
,0.0,0.0,KA07,normal,PU,outer_race,N15_M07_F04_KA07_10,measured,normal
,1.0,0.0,KA07,normal,PU,outer_race,N15_M07_F04_KA07_11,measured,normal
,1.0,0.0,KA07,normal,PU,outer_race,N15_M07_F04_KA07_12,measured,normal
,0.5,0.0,KA07,normal,PU,outer_race,N15_M07_F04_KA07_13,measured,normal
,1.0,0.0,KA07,normal,PU,outer_race,N15_M07_F04_KA07_14,measured,normal
,1.0,0.0,KA07,normal,PU,outer_race,N15_M07_F04_KA07_15,measured,normal
,0.0,0.0,KA07,normal,PU,outer_race,N15_M07_F04_KA07_16,measured,normal
,1.0,0.0,KA07,normal,PU,outer_race,N15_M07_F04_KA07_17,measured,normal
,1.0,0.0,KA07,normal,PU,outer_race,N15_M07_F04_KA07_18,measured,normal
,1.0,0.0,KA07,normal,PU,outer_race,N15_M07_F04_KA07_19,measured,normal
,1.0,0.0,KA07,normal,PU,outer_race,N15_M07_F04_KA07_2,measured,normal
,1.0,0.0,KA07,normal,PU,outer_race,N15_M07_F04_KA07_20,measured,normal
,0.0,0.0,KA07,normal,PU,outer_race,N15_M07_F04_KA07_3,measured,normal
,0.5,0.0,KA07,normal,PU,outer_race,N15_M07_F04_KA07_4,measured,normal
,1.0,0.0,KA07,normal,PU,outer_race,N15_M07_F04_KA07_5,measured,normal
,0.0,0.0,KA07,normal,PU,outer_race,N15_M07_F04_KA07_6,measured,normal
,0.0,0.0,KA07,normal,PU,outer_race,N15_M07_F04_KA07_7,measured,normal
,0.0,0.0,KA07,normal,PU,outer_race,N15_M07_F04_KA07_8,measured,normal
,0.0,0.0,KA07,normal,PU,outer_race,N15_M07_F04_KA07_9,measured,normal
,1.0,0.0,KA07,normal,PU,outer_race,N15_M07_F10_KA07_1,measured,normal
,0.5,0.0,KA07,normal,PU,outer_race,N15_M07_F10_KA07_10,measured,normal
,1.0,0.0,KA07,normal,PU,outer_race,N15_M07_F10_KA07_11,measured,normal
,0.5,0.0,KA07,normal,PU,outer_race,N15_M07_F10_KA07_12,measured,normal
,1.0,0.0,KA07,normal,PU,outer_race,N15_M07_F10_KA07_13,measured,normal
,0.0,0.0,KA07,normal,PU,outer_race,N15_M07_F10_KA07_14,measured,normal
,0.5,0.0,KA07,normal,PU,outer_race,N15_M07_F10_KA07_15,measured,normal
,1.0,0.0,KA07,normal,PU,outer_race,N15_M07_F10_KA07_16,measured,normal
,1.0,0.0,KA07,normal,PU,outer_race,N15_M07_F10_KA07_17,measured,normal
,1.0,0.0,KA07,normal,PU,outer_race,N15_M07_F10_KA07_18,measured,normal
,1.0,0.0,KA07,normal,PU,outer_race,N15_M07_F10_KA07_19,measured,normal
,0.5,0.0,KA07,normal,PU,outer_race,N15_M07_F10_KA07_2,measured,normal
,0.0,0.0,KA07,normal,PU,outer_race,N15_M07_F10_KA07_20,measured,normal
,0.5,0.0,KA07,normal,PU,outer_race,N15_M07_F10_KA07_3,measured,normal
,0.0,0.0,KA07,normal,PU,outer_race,N15_M07_F10_KA07_4,measured,normal
,0.0,0.0,KA07,normal,PU,outer_race,N15_M07_F10_KA07_5,measured,normal
,1.0,0.0,KA07,normal,PU,outer_race,N15_M07_F10_KA07_6,measured,normal
,1.0,0.0,KA07,normal,PU,outer_race,N15_M07_F10_KA07_7,measured,normal
,1.0,0.0,KA07,normal,PU,outer_race,N15_M07_F10_KA07_8,measured,normal
,0.0,0.0,KA07,normal,PU,outer_race,N15_M07_F10_KA07_9,measured,normal
,0.0,0.0,KA08,normal,PU,outer_race,N09_M07_F10_KA08_1,measured,normal
,1.0,0.0,KA08,normal,PU,outer_race,N09_M07_F10_KA08_10,measured,normal
,0.333,0.0,KA08,normal,PU,outer_race,N09_M07_F10_KA08_11,measured,normal
,1.0,0.0,KA08,normal,PU,outer_race,N09_M07_F10_KA08_12,measured,normal
,0.5,0.0,KA08,normal,PU,outer_race,N09_M07_F10_KA08_13,measured,normal
,0.667,0.0,KA08,normal,PU,outer_race,N09_M07_F10_KA08_14,measured,normal
,0.333,0.0,KA08,normal,PU,outer_race,N09_M07_F10_KA08_15,measured,normal
,1.0,0.0,KA08,normal,PU,outer_race,N09_M07_F10_KA08_16,measured,normal
,0.333,0.0,KA08,normal,PU,outer_race,N09_M07_F10_KA08_17,measured,normal
,0.333,0.0,KA08,normal,PU,outer_race,N09_M07_F10_KA08_18,measured,normal
,0.667,0.0,KA08,normal,PU,outer_race,N09_M07_F10_KA08_19,measured,normal
,0.333,0.0,KA08,normal,PU,outer_race,N09_M07_F10_KA08_2,measured,normal
,1.0,0.0,KA08,normal,PU,outer_race,N09_M07_F10_KA08_20,measured,normal
,0.667,0.0,KA08,normal,PU,outer_race,N09_M07_F10_KA08_3,measured,normal
,0.333,0.0,KA08,normal,PU,outer_race,N09_M07_F10_KA08_4,measured,normal
,1.0,0.0,KA08,normal,PU,outer_race,N09_M07_F10_KA08_5,measured,normal
,0.667,0.0,KA08,normal,PU,outer_race,N09_M07_F10_KA08_6,measured,normal
,1.0,0.0,KA08,normal,PU,outer_race,N09_M07_F10_KA08_7,measured,normal
,0.0,0.0,KA08,normal,PU,outer_race,N09_M07_F10_KA08_8,measured,normal
,0.5,0.0,KA08,normal,PU,outer_race,N09_M07_F10_KA08_9,measured,normal
,0.0,0.0,KA08,normal,PU,outer_race,N15_M01_F10_KA08_1,measured,normal
,0.0,0.0,KA08,normal,PU,outer_race,N15_M01_F10_KA08_10,measured,normal
,1.0,0.0,KA08,normal,PU,outer_race,N15_M01_F10_KA08_11,measured,normal
,0.0,0.0,KA08,normal,PU,outer_race,N15_M01_F10_KA08_12,measured,normal
,0.5,0.0,KA08,normal,PU,outer_race,N15_M01_F10_KA08_13,measured,normal
,1.0,0.0,KA08,normal,PU,outer_race,N15_M01_F10_KA08_14,measured,normal
,0.5,0.0,KA08,normal,PU,outer_race,N15_M01_F10_KA08_15,measured,normal
,1.0,0.0,KA08,normal,PU,outer_race,N15_M01_F10_KA08_16,measured,normal
,0.0,0.0,KA08,normal,PU,outer_race,N15_M01_F10_KA08_17,measured,normal
,0.0,0.0,KA08,normal,PU,outer_race,N15_M01_F10_KA08_18,measured,normal
,0.0,0.0,KA08,normal,PU,outer_race,N15_M01_F10_KA08_19,measured,normal
,0.0,0.0,KA08,normal,PU,outer_race,N15_M01_F10_KA08_20,measured,normal
,0.0,0.0,KA08,normal,PU,outer_race,N15_M01_F10_KA08_3,measured,normal
,0.0,0.0,KA08,normal,PU,outer_race,N15_M01_F10_KA08_4,measured,normal
,0.0,0.0,KA08,normal,PU,outer_race,N15_M01_F10_KA08_5,measured,normal
,0.0,0.0,KA08,normal,PU,outer_race,N15_M01_F10_KA08_6,measured,normal
,0.5,0.0,KA08,normal,PU,outer_race,N15_M01_F10_KA08_7,measured,normal
,1.0,0.0,KA08,inner_race,PU,outer_race,N15_M01_F10_KA08_8,measured,normal
,1.0,0.0,KA08,normal,PU,outer_race,N15_M01_F10_KA08_9,measured,normal
,1.0,0.0,KA08,normal,PU,outer_race,N15_M07_F04_KA08_1,measured,normal
,0.5,0.0,KA08,normal,PU,outer_race,N15_M07_F04_KA08_10,measured,normal
,1.0,0.0,KA08,normal,PU,outer_race,N15_M07_F04_KA08_11,measured,normal
,1.0,0.0,KA08,normal,PU,outer_race,N15_M07_F04_KA08_12,measured,normal
,0.5,0.0,KA08,normal,PU,outer_race,N15_M07_F04_KA08_13,measured,normal
,0.0,0.0,KA08,normal,PU,outer_race,N15_M07_F04_KA08_14,measured,normal
,1.0,0.0,KA08,normal,PU,outer_race,N15_M07_F04_KA08_15,measured,normal
,1.0,0.0,KA08,normal,PU,outer_race,N15_M07_F04_KA08_16,measured,normal
,1.0,0.0,KA08,normal,PU,outer_race,N15_M07_F04_KA08_17,measured,normal
,0.0,0.0,KA08,normal,PU,outer_race,N15_M07_F04_KA08_18,measured,normal
,1.0,0.0,KA08,normal,PU,outer_race,N15_M07_F04_KA08_19,measured,normal
,0.0,0.0,KA08,inner_race,PU,outer_race,N15_M07_F04_KA08_2,measured,inner_race
,1.0,0.0,KA08,normal,PU,outer_race,N15_M07_F04_KA08_20,measured,normal
,1.0,0.0,KA08,normal,PU,outer_race,N15_M07_F04_KA08_3,measured,normal
,1.0,0.0,KA08,normal,PU,outer_race,N15_M07_F04_KA08_4,measured,normal
,0.0,0.0,KA08,normal,PU,outer_race,N15_M07_F04_KA08_5,measured,normal
,0.5,0.0,KA08,inner_race,PU,outer_race,N15_M07_F04_KA08_6,measured,normal
,1.0,0.0,KA08,normal,PU,outer_race,N15_M07_F04_KA08_7,measured,normal
,1.0,0.0,KA08,normal,PU,outer_race,N15_M07_F04_KA08_8,measured,normal
,0.0,0.0,KA08,normal,PU,outer_race,N15_M07_F04_KA08_9,measured,normal
,1.0,0.0,KA08,normal,PU,outer_race,N15_M07_F10_KA08_1,measured,normal
,1.0,0.0,KA08,normal,PU,outer_race,N15_M07_F10_KA08_10,measured,normal
,1.0,0.0,KA08,normal,PU,outer_race,N15_M07_F10_KA08_11,measured,normal
,0.0,0.0,KA08,normal,PU,outer_race,N15_M07_F10_KA08_12,measured,normal
,0.0,0.0,KA08,normal,PU,outer_race,N15_M07_F10_KA08_13,measured,normal
,0.5,0.0,KA08,normal,PU,outer_race,N15_M07_F10_KA08_14,measured,normal
,0.0,0.0,KA08,normal,PU,outer_race,N15_M07_F10_KA08_15,measured,normal
,1.0,0.0,KA08,normal,PU,outer_race,N15_M07_F10_KA08_16,measured,normal
,1.0,0.0,KA08,normal,PU,outer_race,N15_M07_F10_KA08_17,measured,normal
,0.5,0.0,KA08,normal,PU,outer_race,N15_M07_F10_KA08_18,measured,normal
,1.0,0.0,KA08,normal,PU,outer_race,N15_M07_F10_KA08_19,measured,normal
,1.0,0.0,KA08,normal,PU,outer_race,N15_M07_F10_KA08_2,measured,normal
,1.0,0.0,KA08,normal,PU,outer_race,N15_M07_F10_KA08_20,measured,normal
,0.0,0.0,KA08,normal,PU,outer_race,N15_M07_F10_KA08_3,measured,normal
,0.5,0.0,KA08,normal,PU,outer_race,N15_M07_F10_KA08_4,measured,normal
,0.0,0.0,KA08,normal,PU,outer_race,N15_M07_F10_KA08_5,measured,normal
,1.0,0.0,KA08,normal,PU,outer_race,N15_M07_F10_KA08_6,measured,normal
,1.0,0.0,KA08,normal,PU,outer_race,N15_M07_F10_KA08_7,measured,normal
,1.0,0.0,KA08,normal,PU,outer_race,N15_M07_F10_KA08_8,measured,normal
,1.0,0.0,KA08,normal,PU,outer_race,N15_M07_F10_KA08_9,measured,normal
,1.0,0.0,KA09,normal,PU,outer_race,N09_M07_F10_KA09_1,measured,normal
,1.0,0.0,KA09,normal,PU,outer_race,N09_M07_F10_KA09_10,measured,normal
,1.0,0.0,KA09,normal,PU,outer_race,N09_M07_F10_KA09_11,measured,normal
,0.333,0.0,KA09,normal,PU,outer_race,N09_M07_F10_KA09_12,measured,normal
,1.0,0.0,KA09,normal,PU,outer_race,N09_M07_F10_KA09_13,measured,normal
,1.0,0.0,KA09,normal,PU,outer_race,N09_M07_F10_KA09_14,measured,normal
,0.333,0.0,KA09,normal,PU,outer_race,N09_M07_F10_KA09_15,measured,normal
,1.0,0.0,KA09,normal,PU,outer_race,N09_M07_F10_KA09_16,measured,normal
,0.333,0.0,KA09,normal,PU,outer_race,N09_M07_F10_KA09_17,measured,normal
,1.0,0.0,KA09,normal,PU,outer_race,N09_M07_F10_KA09_18,measured,normal
,0.667,0.0,KA09,normal,PU,outer_race,N09_M07_F10_KA09_19,measured,normal
,0.333,0.0,KA09,normal,PU,outer_race,N09_M07_F10_KA09_2,measured,normal
,0.333,0.0,KA09,normal,PU,outer_race,N09_M07_F10_KA09_20,measured,normal
,0.333,0.0,KA09,normal,PU,outer_race,N09_M07_F10_KA09_3,measured,normal
,1.0,0.0,KA09,normal,PU,outer_race,N09_M07_F10_KA09_4,measured,normal
,0.667,0.0,KA09,normal,PU,outer_race,N09_M07_F10_KA09_5,measured,normal
,0.667,0.0,KA09,normal,PU,outer_race,N09_M07_F10_KA09_6,measured,normal
,1.0,0.0,KA09,normal,PU,outer_race,N09_M07_F10_KA09_7,measured,normal
,1.0,0.0,KA09,normal,PU,outer_race,N09_M07_F10_KA09_8,measured,normal
,0.5,0.0,KA09,normal,PU,outer_race,N09_M07_F10_KA09_9,measured,normal
,0.0,0.0,KA09,normal,PU,outer_race,N15_M01_F10_KA09_1,measured,normal
,0.25,0.0,KA09,inner_race,PU,outer_race,N15_M01_F10_KA09_10,measured,inner_race
,0.5,0.0,KA09,normal,PU,outer_race,N15_M01_F10_KA09_11,measured,normal
,0.333,0.0,KA09,normal,PU,outer_race,N15_M01_F10_KA09_12,measured,normal
,0.333,0.0,KA09,normal,PU,outer_race,N15_M01_F10_KA09_13,measured,normal
,1.0,0.0,KA09,normal,PU,outer_race,N15_M01_F10_KA09_14,measured,normal
,1.0,0.0,KA09,normal,PU,outer_race,N15_M01_F10_KA09_15,measured,normal
,1.0,0.0,KA09,normal,PU,outer_race,N15_M01_F10_KA09_16,measured,normal
,1.0,0.0,KA09,normal,PU,outer_race,N15_M01_F10_KA09_17,measured,normal
,0.5,0.0,KA09,normal,PU,outer_race,N15_M01_F10_KA09_18,measured,normal
,1.0,0.0,KA09,inner_race,PU,outer_race,N15_M01_F10_KA09_19,measured,normal
,0.0,0.0,KA09,normal,PU,outer_race,N15_M01_F10_KA09_2,measured,normal
,0.5,0.0,KA09,normal,PU,outer_race,N15_M01_F10_KA09_20,measured,normal
,1.0,0.0,KA09,normal,PU,outer_race,N15_M01_F10_KA09_3,measured,normal
,0.0,0.0,KA09,normal,PU,outer_race,N15_M01_F10_KA09_4,measured,normal
,1.0,0.0,KA09,normal,PU,outer_race,N15_M01_F10_KA09_5,measured,normal
,0.0,0.0,KA09,normal,PU,outer_race,N15_M01_F10_KA09_6,measured,normal
,0.333,0.0,KA09,normal,PU,outer_race,N15_M01_F10_KA09_7,measured,normal
,0.333,0.0,KA09,normal,PU,outer_race,N15_M01_F10_KA09_8,measured,normal
,1.0,0.0,KA09,normal,PU,outer_race,N15_M01_F10_KA09_9,measured,normal
,0.0,0.0,KA09,normal,PU,outer_race,N15_M07_F04_KA09_1,measured,normal
,0.5,0.0,KA09,normal,PU,outer_race,N15_M07_F04_KA09_10,measured,normal
,1.0,0.0,KA09,normal,PU,outer_race,N15_M07_F04_KA09_11,measured,normal
,1.0,0.0,KA09,normal,PU,outer_race,N15_M07_F04_KA09_12,measured,normal
,1.0,0.0,KA09,normal,PU,outer_race,N15_M07_F04_KA09_13,measured,normal
,1.0,0.0,KA09,normal,PU,outer_race,N15_M07_F04_KA09_14,measured,normal
,0.5,0.0,KA09,inner_race,PU,outer_race,N15_M07_F04_KA09_15,measured,normal
,0.0,0.0,KA09,normal,PU,outer_race,N15_M07_F04_KA09_16,measured,normal
,1.0,0.0,KA09,normal,PU,outer_race,N15_M07_F04_KA09_17,measured,normal
,1.0,0.0,KA09,normal,PU,outer_race,N15_M07_F04_KA09_18,measured,normal
,1.0,0.0,KA09,normal,PU,outer_race,N15_M07_F04_KA09_19,measured,normal
,1.0,0.0,KA09,normal,PU,outer_race,N15_M07_F04_KA09_2,measured,normal
,1.0,0.0,KA09,normal,PU,outer_race,N15_M07_F04_KA09_20,measured,normal
,0.5,0.0,KA09,normal,PU,outer_race,N15_M07_F04_KA09_3,measured,normal
,1.0,0.0,KA09,normal,PU,outer_race,N15_M07_F04_KA09_4,measured,normal
,0.0,0.0,KA09,normal,PU,outer_race,N15_M07_F04_KA09_5,measured,normal
,1.0,0.0,KA09,normal,PU,outer_race,N15_M07_F04_KA09_6,measured,normal
,1.0,0.0,KA09,normal,PU,outer_race,N15_M07_F04_KA09_7,measured,normal
,0.5,0.0,KA09,normal,PU,outer_race,N15_M07_F04_KA09_8,measured,normal
,1.0,0.0,KA09,normal,PU,outer_race,N15_M07_F04_KA09_9,measured,normal
,1.0,0.0,KA09,normal,PU,outer_race,N15_M07_F10_KA09_1,measured,normal
,0.5,0.0,KA09,normal,PU,outer_race,N15_M07_F10_KA09_10,measured,normal
,1.0,0.0,KA09,normal,PU,outer_race,N15_M07_F10_KA09_11,measured,normal
,1.0,0.0,KA09,normal,PU,outer_race,N15_M07_F10_KA09_12,measured,normal
,1.0,0.0,KA09,normal,PU,outer_race,N15_M07_F10_KA09_13,measured,normal
,1.0,0.0,KA09,normal,PU,outer_race,N15_M07_F10_KA09_14,measured,normal
,0.0,0.0,KA09,normal,PU,outer_race,N15_M07_F10_KA09_15,measured,normal
,1.0,0.0,KA09,normal,PU,outer_race,N15_M07_F10_KA09_16,measured,normal
,1.0,0.0,KA09,normal,PU,outer_race,N15_M07_F10_KA09_17,measured,normal
,1.0,0.0,KA09,normal,PU,outer_race,N15_M07_F10_KA09_18,measured,normal
,1.0,0.0,KA09,normal,PU,outer_race,N15_M07_F10_KA09_19,measured,normal
,1.0,0.0,KA09,normal,PU,outer_race,N15_M07_F10_KA09_2,measured,normal
,1.0,0.0,KA09,normal,PU,outer_race,N15_M07_F10_KA09_20,measured,normal
,0.5,0.0,KA09,normal,PU,outer_race,N15_M07_F10_KA09_3,measured,normal
,0.0,0.0,KA09,normal,PU,outer_race,N15_M07_F10_KA09_4,measured,normal
,1.0,0.0,KA09,normal,PU,outer_race,N15_M07_F10_KA09_5,measured,normal
,1.0,0.0,KA09,normal,PU,outer_race,N15_M07_F10_KA09_6,measured,normal
,1.0,0.0,KA09,normal,PU,outer_race,N15_M07_F10_KA09_7,measured,normal
,0.5,0.0,KA09,normal,PU,outer_race,N15_M07_F10_KA09_8,measured,normal
,1.0,0.0,KA09,inner_race,PU,outer_race,N15_M07_F10_KA09_9,measured,normal
,1.0,0.0,KA15,normal,PU,outer_race,N09_M07_F10_KA15_1,measured,normal
,1.0,0.0,KA15,normal,PU,outer_race,N09_M07_F10_KA15_10,measured,normal
,1.0,1.0,KA15,normal,PU,outer_race,N09_M07_F10_KA15_11,measured,normal
,1.0,0.0,KA15,normal,PU,outer_race,N09_M07_F10_KA15_12,measured,normal
,1.0,0.0,KA15,normal,PU,outer_race,N09_M07_F10_KA15_13,measured,normal
,1.0,0.0,KA15,normal,PU,outer_race,N09_M07_F10_KA15_14,measured,normal
,1.0,1.0,KA15,normal,PU,outer_race,N09_M07_F10_KA15_15,measured,normal
,1.0,0.0,KA15,normal,PU,outer_race,N09_M07_F10_KA15_16,measured,normal
,1.0,0.0,KA15,normal,PU,outer_race,N09_M07_F10_KA15_17,measured,normal
,1.0,0.0,KA15,normal,PU,outer_race,N09_M07_F10_KA15_18,measured,normal
,1.0,0.0,KA15,normal,PU,outer_race,N09_M07_F10_KA15_19,measured,normal
,1.0,0.0,KA15,normal,PU,outer_race,N09_M07_F10_KA15_2,measured,normal
,1.0,0.0,KA15,normal,PU,outer_race,N09_M07_F10_KA15_20,measured,normal
,1.0,0.0,KA15,normal,PU,outer_race,N09_M07_F10_KA15_3,measured,normal
,1.0,0.0,KA15,normal,PU,outer_race,N09_M07_F10_KA15_4,measured,normal
,1.0,0.0,KA15,normal,PU,outer_race,N09_M07_F10_KA15_5,measured,normal
,1.0,1.0,KA15,normal,PU,outer_race,N09_M07_F10_KA15_6,measured,normal
,1.0,0.0,KA15,normal,PU,outer_race,N09_M07_F10_KA15_7,measured,normal
,1.0,0.0,KA15,normal,PU,outer_race,N09_M07_F10_KA15_8,measured,normal
,1.0,0.0,KA15,normal,PU,outer_race,N09_M07_F10_KA15_9,measured,normal
,0.0,0.0,KA15,normal,PU,outer_race,N15_M01_F10_KA15_1,measured,normal
,0.0,0.0,KA15,normal,PU,outer_race,N15_M01_F10_KA15_10,measured,normal
,0.0,0.0,KA15,normal,PU,outer_race,N15_M01_F10_KA15_11,measured,normal
,0.0,0.0,KA15,normal,PU,outer_race,N15_M01_F10_KA15_12,measured,normal
,0.0,0.0,KA15,normal,PU,outer_race,N15_M01_F10_KA15_13,measured,normal
,0.0,0.0,KA15,normal,PU,outer_race,N15_M01_F10_KA15_14,measured,normal
,0.0,0.0,KA15,normal,PU,outer_race,N15_M01_F10_KA15_15,measured,normal
,0.0,0.0,KA15,normal,PU,outer_race,N15_M01_F10_KA15_16,measured,normal
,0.0,0.0,KA15,normal,PU,outer_race,N15_M01_F10_KA15_17,measured,normal
,0.0,0.0,KA15,normal,PU,outer_race,N15_M01_F10_KA15_18,measured,normal
,0.0,0.0,KA15,normal,PU,outer_race,N15_M01_F10_KA15_19,measured,normal
,0.0,0.0,KA15,normal,PU,outer_race,N15_M01_F10_KA15_2,measured,normal
,0.0,0.0,KA15,normal,PU,outer_race,N15_M01_F10_KA15_20,measured,normal
,0.0,0.0,KA15,normal,PU,outer_race,N15_M01_F10_KA15_3,measured,normal
,0.0,0.0,KA15,normal,PU,outer_race,N15_M01_F10_KA15_4,measured,normal
,0.0,0.0,KA15,normal,PU,outer_race,N15_M01_F10_KA15_5,measured,normal
,0.0,0.0,KA15,normal,PU,outer_race,N15_M01_F10_KA15_6,measured,normal
,0.0,0.0,KA15,normal,PU,outer_race,N15_M01_F10_KA15_7,measured,normal
,0.0,0.0,KA15,normal,PU,outer_race,N15_M01_F10_KA15_8,measured,normal
,0.0,0.0,KA15,normal,PU,outer_race,N15_M01_F10_KA15_9,measured,normal
,0.0,0.0,KA15,normal,PU,outer_race,N15_M07_F04_KA15_1,measured,normal
,0.0,0.0,KA15,normal,PU,outer_race,N15_M07_F04_KA15_10,measured,normal
,0.0,0.0,KA15,normal,PU,outer_race,N15_M07_F04_KA15_11,measured,normal
,0.0,0.0,KA15,normal,PU,outer_race,N15_M07_F04_KA15_12,measured,normal
,0.0,0.0,KA15,normal,PU,outer_race,N15_M07_F04_KA15_13,measured,normal
,0.0,1.0,KA15,normal,PU,outer_race,N15_M07_F04_KA15_14,measured,normal
,0.0,0.0,KA15,normal,PU,outer_race,N15_M07_F04_KA15_15,measured,normal
,0.0,0.0,KA15,normal,PU,outer_race,N15_M07_F04_KA15_16,measured,normal
,0.0,0.0,KA15,normal,PU,outer_race,N15_M07_F04_KA15_17,measured,normal
,0.0,0.0,KA15,normal,PU,outer_race,N15_M07_F04_KA15_18,measured,normal
,0.0,0.0,KA15,normal,PU,outer_race,N15_M07_F04_KA15_19,measured,normal
,0.0,0.0,KA15,normal,PU,outer_race,N15_M07_F04_KA15_2,measured,normal
,0.0,0.0,KA15,normal,PU,outer_race,N15_M07_F04_KA15_20,measured,normal
,0.0,0.0,KA15,normal,PU,outer_race,N15_M07_F04_KA15_3,measured,normal
,0.0,0.0,KA15,normal,PU,outer_race,N15_M07_F04_KA15_4,measured,normal
,0.0,0.0,KA15,normal,PU,outer_race,N15_M07_F04_KA15_5,measured,normal
,0.0,0.0,KA15,normal,PU,outer_race,N15_M07_F04_KA15_6,measured,normal
,0.0,0.0,KA15,normal,PU,outer_race,N15_M07_F04_KA15_7,measured,normal
,0.0,0.0,KA15,normal,PU,outer_race,N15_M07_F04_KA15_8,measured,normal
,0.0,0.0,KA15,normal,PU,outer_race,N15_M07_F04_KA15_9,measured,normal
,0.0,0.0,KA15,normal,PU,outer_race,N15_M07_F10_KA15_1,measured,normal
,0.0,0.0,KA15,normal,PU,outer_race,N15_M07_F10_KA15_10,measured,normal
,0.0,0.0,KA15,normal,PU,outer_race,N15_M07_F10_KA15_11,measured,normal
,0.0,0.0,KA15,normal,PU,outer_race,N15_M07_F10_KA15_12,measured,normal
,0.0,0.0,KA15,normal,PU,outer_race,N15_M07_F10_KA15_13,measured,normal
,0.0,0.0,KA15,normal,PU,outer_race,N15_M07_F10_KA15_14,measured,normal
,0.0,0.0,KA15,normal,PU,outer_race,N15_M07_F10_KA15_15,measured,normal
,0.0,0.0,KA15,normal,PU,outer_race,N15_M07_F10_KA15_16,measured,normal
,0.0,0.0,KA15,normal,PU,outer_race,N15_M07_F10_KA15_17,measured,normal
,0.0,0.0,KA15,normal,PU,outer_race,N15_M07_F10_KA15_18,measured,normal
,0.0,0.0,KA15,normal,PU,outer_race,N15_M07_F10_KA15_19,measured,normal
,0.0,0.0,KA15,normal,PU,outer_race,N15_M07_F10_KA15_2,measured,normal
,0.0,0.0,KA15,normal,PU,outer_race,N15_M07_F10_KA15_20,measured,normal
,0.0,0.0,KA15,normal,PU,outer_race,N15_M07_F10_KA15_3,measured,normal
,0.0,0.0,KA15,normal,PU,outer_race,N15_M07_F10_KA15_4,measured,normal
,0.0,0.0,KA15,normal,PU,outer_race,N15_M07_F10_KA15_5,measured,normal
,0.0,0.0,KA15,normal,PU,outer_race,N15_M07_F10_KA15_6,measured,normal
,0.0,0.0,KA15,normal,PU,outer_race,N15_M07_F10_KA15_7,measured,normal
,0.0,0.0,KA15,normal,PU,outer_race,N15_M07_F10_KA15_8,measured,normal
,0.0,0.0,KA15,normal,PU,outer_race,N15_M07_F10_KA15_9,measured,normal
,1.0,0.0,KA16,normal,PU,outer_race,N09_M07_F10_KA16_1,measured,normal
,1.0,0.0,KA16,normal,PU,outer_race,N09_M07_F10_KA16_10,measured,normal
,0.667,0.0,KA16,normal,PU,outer_race,N09_M07_F10_KA16_11,measured,normal
,1.0,0.0,KA16,normal,PU,outer_race,N09_M07_F10_KA16_12,measured,normal
,1.0,0.0,KA16,normal,PU,outer_race,N09_M07_F10_KA16_13,measured,normal
,0.667,0.0,KA16,normal,PU,outer_race,N09_M07_F10_KA16_14,measured,normal
,0.667,0.0,KA16,normal,PU,outer_race,N09_M07_F10_KA16_15,measured,normal
,1.0,0.0,KA16,normal,PU,outer_race,N09_M07_F10_KA16_16,measured,normal
,1.0,0.0,KA16,normal,PU,outer_race,N09_M07_F10_KA16_17,measured,normal
,1.0,0.0,KA16,normal,PU,outer_race,N09_M07_F10_KA16_18,measured,normal
,1.0,0.0,KA16,normal,PU,outer_race,N09_M07_F10_KA16_19,measured,normal
,1.0,0.0,KA16,normal,PU,outer_race,N09_M07_F10_KA16_2,measured,normal
,1.0,0.0,KA16,normal,PU,outer_race,N09_M07_F10_KA16_20,measured,normal
,1.0,0.0,KA16,normal,PU,outer_race,N09_M07_F10_KA16_3,measured,normal
,1.0,0.0,KA16,normal,PU,outer_race,N09_M07_F10_KA16_4,measured,normal
,1.0,0.0,KA16,normal,PU,outer_race,N09_M07_F10_KA16_5,measured,normal
,1.0,0.0,KA16,normal,PU,outer_race,N09_M07_F10_KA16_6,measured,normal
,1.0,0.0,KA16,normal,PU,outer_race,N09_M07_F10_KA16_7,measured,normal
,0.75,0.0,KA16,normal,PU,outer_race,N09_M07_F10_KA16_8,measured,normal
,1.0,0.0,KA16,normal,PU,outer_race,N09_M07_F10_KA16_9,measured,normal
,0.0,0.0,KA16,outer_race,PU,outer_race,N15_M01_F10_KA16_1,measured,outer_race
,0.0,0.0,KA16,outer_race,PU,outer_race,N15_M01_F10_KA16_10,measured,outer_race
,0.0,0.0,KA16,outer_race,PU,outer_race,N15_M01_F10_KA16_11,measured,outer_race
,0.0,0.0,KA16,outer_race,PU,outer_race,N15_M01_F10_KA16_12,measured,outer_race
,0.0,0.0,KA16,outer_race,PU,outer_race,N15_M01_F10_KA16_13,measured,outer_race
,0.0,0.0,KA16,outer_race,PU,outer_race,N15_M01_F10_KA16_14,measured,outer_race
,0.0,0.0,KA16,outer_race,PU,outer_race,N15_M01_F10_KA16_15,measured,outer_race
,0.0,0.0,KA16,outer_race,PU,outer_race,N15_M01_F10_KA16_16,measured,outer_race
,0.0,0.0,KA16,outer_race,PU,outer_race,N15_M01_F10_KA16_17,measured,outer_race
,0.0,0.0,KA16,outer_race,PU,outer_race,N15_M01_F10_KA16_18,measured,outer_race
,0.0,0.0,KA16,outer_race,PU,outer_race,N15_M01_F10_KA16_19,measured,outer_race
,0.0,0.0,KA16,outer_race,PU,outer_race,N15_M01_F10_KA16_2,measured,outer_race
,0.0,0.0,KA16,outer_race,PU,outer_race,N15_M01_F10_KA16_20,measured,outer_race
,0.0,0.0,KA16,outer_race,PU,outer_race,N15_M01_F10_KA16_3,measured,outer_race
,0.0,0.0,KA16,outer_race,PU,outer_race,N15_M01_F10_KA16_4,measured,outer_race
,0.0,0.0,KA16,outer_race,PU,outer_race,N15_M01_F10_KA16_5,measured,outer_race
,0.0,0.0,KA16,outer_race,PU,outer_race,N15_M01_F10_KA16_6,measured,outer_race
,0.0,0.0,KA16,normal,PU,outer_race,N15_M01_F10_KA16_7,measured,normal
,0.0,0.0,KA16,outer_race,PU,outer_race,N15_M01_F10_KA16_8,measured,outer_race
,0.0,0.0,KA16,outer_race,PU,outer_race,N15_M01_F10_KA16_9,measured,outer_race
,0.0,0.0,KA16,normal,PU,outer_race,N15_M07_F04_KA16_1,measured,normal
,0.0,0.0,KA16,normal,PU,outer_race,N15_M07_F04_KA16_10,measured,normal
,0.0,0.0,KA16,normal,PU,outer_race,N15_M07_F04_KA16_11,measured,normal
,0.0,0.0,KA16,normal,PU,outer_race,N15_M07_F04_KA16_12,measured,normal
,0.0,0.0,KA16,normal,PU,outer_race,N15_M07_F04_KA16_13,measured,normal
,0.0,0.0,KA16,normal,PU,outer_race,N15_M07_F04_KA16_14,measured,normal
,0.0,0.0,KA16,normal,PU,outer_race,N15_M07_F04_KA16_15,measured,normal
,0.0,0.0,KA16,normal,PU,outer_race,N15_M07_F04_KA16_16,measured,normal
,0.0,0.0,KA16,normal,PU,outer_race,N15_M07_F04_KA16_17,measured,normal
,0.0,0.0,KA16,normal,PU,outer_race,N15_M07_F04_KA16_18,measured,normal
,0.0,0.0,KA16,normal,PU,outer_race,N15_M07_F04_KA16_19,measured,normal
,0.0,0.0,KA16,normal,PU,outer_race,N15_M07_F04_KA16_2,measured,normal
,0.0,0.0,KA16,normal,PU,outer_race,N15_M07_F04_KA16_20,measured,normal
,0.0,0.0,KA16,normal,PU,outer_race,N15_M07_F04_KA16_3,measured,normal
,0.0,0.0,KA16,normal,PU,outer_race,N15_M07_F04_KA16_4,measured,normal
,0.0,0.0,KA16,normal,PU,outer_race,N15_M07_F04_KA16_5,measured,normal
,0.0,0.0,KA16,normal,PU,outer_race,N15_M07_F04_KA16_6,measured,normal
,0.0,0.0,KA16,normal,PU,outer_race,N15_M07_F04_KA16_7,measured,normal
,0.0,0.0,KA16,normal,PU,outer_race,N15_M07_F04_KA16_8,measured,normal
,0.0,0.0,KA16,normal,PU,outer_race,N15_M07_F04_KA16_9,measured,normal
,0.0,0.0,KA16,outer_race,PU,outer_race,N15_M07_F10_KA16_1,measured,outer_race
,0.0,0.0,KA16,outer_race,PU,outer_race,N15_M07_F10_KA16_10,measured,outer_race
,0.0,0.0,KA16,outer_race,PU,outer_race,N15_M07_F10_KA16_11,measured,outer_race
,0.0,0.0,KA16,outer_race,PU,outer_race,N15_M07_F10_KA16_12,measured,outer_race
,0.0,0.0,KA16,outer_race,PU,outer_race,N15_M07_F10_KA16_13,measured,outer_race
,0.0,0.0,KA16,outer_race,PU,outer_race,N15_M07_F10_KA16_14,measured,outer_race
,0.0,0.0,KA16,outer_race,PU,outer_race,N15_M07_F10_KA16_15,measured,outer_race
,0.0,0.0,KA16,outer_race,PU,outer_race,N15_M07_F10_KA16_16,measured,outer_race
,0.0,0.0,KA16,outer_race,PU,outer_race,N15_M07_F10_KA16_17,measured,outer_race
,0.0,0.0,KA16,outer_race,PU,outer_race,N15_M07_F10_KA16_18,measured,outer_race
,0.0,0.0,KA16,outer_race,PU,outer_race,N15_M07_F10_KA16_19,measured,outer_race
,0.0,0.0,KA16,outer_race,PU,outer_race,N15_M07_F10_KA16_2,measured,outer_race
,0.0,0.0,KA16,outer_race,PU,outer_race,N15_M07_F10_KA16_20,measured,outer_race
,0.0,0.0,KA16,outer_race,PU,outer_race,N15_M07_F10_KA16_3,measured,outer_race
,0.0,0.0,KA16,outer_race,PU,outer_race,N15_M07_F10_KA16_4,measured,outer_race
,0.0,0.0,KA16,outer_race,PU,outer_race,N15_M07_F10_KA16_5,measured,outer_race
,0.0,0.0,KA16,outer_race,PU,outer_race,N15_M07_F10_KA16_6,measured,outer_race
,0.0,0.0,KA16,outer_race,PU,outer_race,N15_M07_F10_KA16_7,measured,outer_race
,0.0,0.0,KA16,outer_race,PU,outer_race,N15_M07_F10_KA16_8,measured,outer_race
,0.0,0.0,KA16,outer_race,PU,outer_race,N15_M07_F10_KA16_9,measured,outer_race
,1.0,1.0,KA22,normal,PU,outer_race,N09_M07_F10_KA22_1,measured,normal
,1.0,1.0,KA22,normal,PU,outer_race,N09_M07_F10_KA22_10,measured,normal
,1.0,0.0,KA22,normal,PU,outer_race,N09_M07_F10_KA22_11,measured,normal
,1.0,1.0,KA22,normal,PU,outer_race,N09_M07_F10_KA22_12,measured,normal
,1.0,0.0,KA22,normal,PU,outer_race,N09_M07_F10_KA22_13,measured,normal
,1.0,0.0,KA22,normal,PU,outer_race,N09_M07_F10_KA22_14,measured,normal
,1.0,0.0,KA22,normal,PU,outer_race,N09_M07_F10_KA22_15,measured,normal
,1.0,0.0,KA22,normal,PU,outer_race,N09_M07_F10_KA22_16,measured,normal
,1.0,0.0,KA22,normal,PU,outer_race,N09_M07_F10_KA22_17,measured,normal
,1.0,0.0,KA22,normal,PU,outer_race,N09_M07_F10_KA22_18,measured,normal
,1.0,0.0,KA22,normal,PU,outer_race,N09_M07_F10_KA22_19,measured,normal
,1.0,0.0,KA22,normal,PU,outer_race,N09_M07_F10_KA22_2,measured,normal
,1.0,0.0,KA22,normal,PU,outer_race,N09_M07_F10_KA22_20,measured,normal
,0.75,0.0,KA22,normal,PU,outer_race,N09_M07_F10_KA22_3,measured,normal
,1.0,0.0,KA22,normal,PU,outer_race,N09_M07_F10_KA22_4,measured,normal
,1.0,0.0,KA22,normal,PU,outer_race,N09_M07_F10_KA22_5,measured,normal
,0.667,0.0,KA22,normal,PU,outer_race,N09_M07_F10_KA22_6,measured,normal
,1.0,0.0,KA22,normal,PU,outer_race,N09_M07_F10_KA22_7,measured,normal
,1.0,0.0,KA22,normal,PU,outer_race,N09_M07_F10_KA22_8,measured,normal
,0.667,0.0,KA22,normal,PU,outer_race,N09_M07_F10_KA22_9,measured,normal
,0.0,0.0,KA22,normal,PU,outer_race,N15_M01_F10_KA22_1,measured,normal
,0.0,0.0,KA22,normal,PU,outer_race,N15_M01_F10_KA22_10,measured,normal
,0.0,0.0,KA22,normal,PU,outer_race,N15_M01_F10_KA22_11,measured,normal
,0.0,0.0,KA22,normal,PU,outer_race,N15_M01_F10_KA22_12,measured,normal
,0.0,0.0,KA22,normal,PU,outer_race,N15_M01_F10_KA22_13,measured,normal
,0.0,0.0,KA22,normal,PU,outer_race,N15_M01_F10_KA22_14,measured,normal
,0.0,0.0,KA22,normal,PU,outer_race,N15_M01_F10_KA22_15,measured,normal
,0.0,0.0,KA22,normal,PU,outer_race,N15_M01_F10_KA22_16,measured,normal
,0.0,0.0,KA22,normal,PU,outer_race,N15_M01_F10_KA22_17,measured,normal
,0.0,0.0,KA22,normal,PU,outer_race,N15_M01_F10_KA22_18,measured,normal
,1.0,0.0,KA22,normal,PU,outer_race,N15_M01_F10_KA22_19,measured,normal
,0.0,0.0,KA22,normal,PU,outer_race,N15_M01_F10_KA22_2,measured,normal
,0.0,0.0,KA22,normal,PU,outer_race,N15_M01_F10_KA22_20,measured,normal
,0.0,0.0,KA22,normal,PU,outer_race,N15_M01_F10_KA22_3,measured,normal
,0.0,0.0,KA22,normal,PU,outer_race,N15_M01_F10_KA22_4,measured,normal
,0.0,0.0,KA22,normal,PU,outer_race,N15_M01_F10_KA22_5,measured,normal
,1.0,0.0,KA22,normal,PU,outer_race,N15_M01_F10_KA22_6,measured,normal
,0.0,0.0,KA22,normal,PU,outer_race,N15_M01_F10_KA22_7,measured,normal
,0.0,0.0,KA22,normal,PU,outer_race,N15_M01_F10_KA22_8,measured,normal
,0.0,0.0,KA22,normal,PU,outer_race,N15_M01_F10_KA22_9,measured,normal
,0.0,0.0,KA22,normal,PU,outer_race,N15_M07_F04_KA22_1,measured,normal
,0.0,0.0,KA22,normal,PU,outer_race,N15_M07_F04_KA22_10,measured,normal
,0.0,0.0,KA22,normal,PU,outer_race,N15_M07_F04_KA22_11,measured,normal
,0.0,0.0,KA22,normal,PU,outer_race,N15_M07_F04_KA22_12,measured,normal
,0.0,0.0,KA22,normal,PU,outer_race,N15_M07_F04_KA22_13,measured,normal
,0.0,0.0,KA22,normal,PU,outer_race,N15_M07_F04_KA22_14,measured,normal
,1.0,0.0,KA22,normal,PU,outer_race,N15_M07_F04_KA22_15,measured,normal
,0.0,0.0,KA22,normal,PU,outer_race,N15_M07_F04_KA22_16,measured,normal
,0.0,0.0,KA22,normal,PU,outer_race,N15_M07_F04_KA22_17,measured,normal
,0.0,0.0,KA22,normal,PU,outer_race,N15_M07_F04_KA22_18,measured,normal
,0.0,0.0,KA22,normal,PU,outer_race,N15_M07_F04_KA22_19,measured,normal
,0.0,0.0,KA22,normal,PU,outer_race,N15_M07_F04_KA22_2,measured,normal
,0.0,0.0,KA22,normal,PU,outer_race,N15_M07_F04_KA22_20,measured,normal
,0.0,0.0,KA22,normal,PU,outer_race,N15_M07_F04_KA22_3,measured,normal
,0.0,0.0,KA22,normal,PU,outer_race,N15_M07_F04_KA22_4,measured,normal
,0.0,0.0,KA22,normal,PU,outer_race,N15_M07_F04_KA22_5,measured,normal
,0.0,0.0,KA22,normal,PU,outer_race,N15_M07_F04_KA22_6,measured,normal
,0.0,0.0,KA22,normal,PU,outer_race,N15_M07_F04_KA22_7,measured,normal
,0.0,0.0,KA22,normal,PU,outer_race,N15_M07_F04_KA22_8,measured,normal
,0.0,0.0,KA22,normal,PU,outer_race,N15_M07_F04_KA22_9,measured,normal
,0.0,0.0,KA22,normal,PU,outer_race,N15_M07_F10_KA22_1,measured,normal
,0.0,0.0,KA22,normal,PU,outer_race,N15_M07_F10_KA22_10,measured,normal
,0.0,0.0,KA22,normal,PU,outer_race,N15_M07_F10_KA22_11,measured,normal
,0.0,0.0,KA22,normal,PU,outer_race,N15_M07_F10_KA22_12,measured,normal
,0.0,0.0,KA22,normal,PU,outer_race,N15_M07_F10_KA22_13,measured,normal
,0.0,0.0,KA22,normal,PU,outer_race,N15_M07_F10_KA22_14,measured,normal
,0.0,0.0,KA22,normal,PU,outer_race,N15_M07_F10_KA22_15,measured,normal
,0.0,0.0,KA22,normal,PU,outer_race,N15_M07_F10_KA22_16,measured,normal
,0.0,0.0,KA22,normal,PU,outer_race,N15_M07_F10_KA22_17,measured,normal
,0.0,0.0,KA22,normal,PU,outer_race,N15_M07_F10_KA22_18,measured,normal
,0.0,0.0,KA22,normal,PU,outer_race,N15_M07_F10_KA22_19,measured,normal
,0.0,0.0,KA22,normal,PU,outer_race,N15_M07_F10_KA22_2,measured,normal
,0.0,0.0,KA22,normal,PU,outer_race,N15_M07_F10_KA22_20,measured,normal
,0.0,0.0,KA22,normal,PU,outer_race,N15_M07_F10_KA22_3,measured,normal
,0.0,0.0,KA22,normal,PU,outer_race,N15_M07_F10_KA22_4,measured,normal
,0.0,0.0,KA22,normal,PU,outer_race,N15_M07_F10_KA22_5,measured,normal
,0.0,0.0,KA22,normal,PU,outer_race,N15_M07_F10_KA22_6,measured,normal
,0.0,0.0,KA22,normal,PU,outer_race,N15_M07_F10_KA22_7,measured,normal
,0.0,0.0,KA22,normal,PU,outer_race,N15_M07_F10_KA22_8,measured,normal
,0.0,0.0,KA22,normal,PU,outer_race,N15_M07_F10_KA22_9,measured,normal
,1.0,0.0,KA30,normal,PU,outer_race,N09_M07_F10_KA30_1,measured,normal
,1.0,0.0,KA30,normal,PU,outer_race,N09_M07_F10_KA30_10,measured,normal
,1.0,0.0,KA30,normal,PU,outer_race,N09_M07_F10_KA30_11,measured,normal
,1.0,0.0,KA30,normal,PU,outer_race,N09_M07_F10_KA30_12,measured,normal
,0.667,0.0,KA30,normal,PU,outer_race,N09_M07_F10_KA30_13,measured,normal
,1.0,0.0,KA30,normal,PU,outer_race,N09_M07_F10_KA30_14,measured,normal
,1.0,0.0,KA30,normal,PU,outer_race,N09_M07_F10_KA30_15,measured,normal
,0.667,0.0,KA30,normal,PU,outer_race,N09_M07_F10_KA30_16,measured,normal
,1.0,0.0,KA30,normal,PU,outer_race,N09_M07_F10_KA30_17,measured,normal
,1.0,0.0,KA30,normal,PU,outer_race,N09_M07_F10_KA30_18,measured,normal
,1.0,0.0,KA30,normal,PU,outer_race,N09_M07_F10_KA30_19,measured,normal
,1.0,0.0,KA30,normal,PU,outer_race,N09_M07_F10_KA30_2,measured,normal
,1.0,0.0,KA30,normal,PU,outer_race,N09_M07_F10_KA30_20,measured,normal
,1.0,0.0,KA30,normal,PU,outer_race,N09_M07_F10_KA30_3,measured,normal
,0.667,0.0,KA30,normal,PU,outer_race,N09_M07_F10_KA30_4,measured,normal
,1.0,0.0,KA30,normal,PU,outer_race,N09_M07_F10_KA30_5,measured,normal
,1.0,0.0,KA30,normal,PU,outer_race,N09_M07_F10_KA30_6,measured,normal
,0.333,0.0,KA30,normal,PU,outer_race,N09_M07_F10_KA30_7,measured,normal
,1.0,0.0,KA30,normal,PU,outer_race,N09_M07_F10_KA30_8,measured,normal
,1.0,0.0,KA30,normal,PU,outer_race,N09_M07_F10_KA30_9,measured,normal
,0.333,0.0,KA30,normal,PU,outer_race,N15_M01_F10_KA30_1,measured,normal
,1.0,0.0,KA30,normal,PU,outer_race,N15_M01_F10_KA30_10,measured,normal
,1.0,0.0,KA30,normal,PU,outer_race,N15_M01_F10_KA30_11,measured,normal
,1.0,0.0,KA30,normal,PU,outer_race,N15_M01_F10_KA30_12,measured,normal
,0.5,0.0,KA30,normal,PU,outer_race,N15_M01_F10_KA30_13,measured,normal
,1.0,0.0,KA30,normal,PU,outer_race,N15_M01_F10_KA30_14,measured,normal
,1.0,0.0,KA30,normal,PU,outer_race,N15_M01_F10_KA30_15,measured,normal
,1.0,0.0,KA30,normal,PU,outer_race,N15_M01_F10_KA30_16,measured,normal
,0.0,0.0,KA30,normal,PU,outer_race,N15_M01_F10_KA30_17,measured,normal
,0.333,0.0,KA30,normal,PU,outer_race,N15_M01_F10_KA30_18,measured,normal
,0.5,0.0,KA30,normal,PU,outer_race,N15_M01_F10_KA30_19,measured,normal
,0.333,0.0,KA30,normal,PU,outer_race,N15_M01_F10_KA30_2,measured,normal
,0.333,0.0,KA30,normal,PU,outer_race,N15_M01_F10_KA30_20,measured,normal
,0.0,0.0,KA30,normal,PU,outer_race,N15_M01_F10_KA30_3,measured,normal
,0.0,0.0,KA30,normal,PU,outer_race,N15_M01_F10_KA30_4,measured,normal
,0.0,0.0,KA30,normal,PU,outer_race,N15_M01_F10_KA30_5,measured,normal
,0.333,0.0,KA30,normal,PU,outer_race,N15_M01_F10_KA30_6,measured,normal
,0.333,0.0,KA30,normal,PU,outer_race,N15_M01_F10_KA30_7,measured,normal
,0.0,0.0,KA30,normal,PU,outer_race,N15_M01_F10_KA30_8,measured,normal
,1.0,0.0,KA30,normal,PU,outer_race,N15_M01_F10_KA30_9,measured,normal
,0.0,0.0,KA30,normal,PU,outer_race,N15_M07_F04_KA30_1,measured,normal
,0.0,0.0,KA30,normal,PU,outer_race,N15_M07_F04_KA30_10,measured,normal
,1.0,0.0,KA30,normal,PU,outer_race,N15_M07_F04_KA30_11,measured,normal
,1.0,0.0,KA30,normal,PU,outer_race,N15_M07_F04_KA30_12,measured,normal
,0.0,0.0,KA30,normal,PU,outer_race,N15_M07_F04_KA30_13,measured,normal
,1.0,0.0,KA30,normal,PU,outer_race,N15_M07_F04_KA30_14,measured,normal
,1.0,0.0,KA30,normal,PU,outer_race,N15_M07_F04_KA30_15,measured,normal
,0.5,0.0,KA30,normal,PU,outer_race,N15_M07_F04_KA30_16,measured,normal
,1.0,0.0,KA30,inner_race,PU,outer_race,N15_M07_F04_KA30_17,measured,normal
,1.0,0.0,KA30,normal,PU,outer_race,N15_M07_F04_KA30_18,measured,normal
,1.0,0.0,KA30,normal,PU,outer_race,N15_M07_F04_KA30_19,measured,normal
,0.0,0.0,KA30,normal,PU,outer_race,N15_M07_F04_KA30_2,measured,normal
,1.0,0.0,KA30,normal,PU,outer_race,N15_M07_F04_KA30_20,measured,normal
,1.0,0.0,KA30,normal,PU,outer_race,N15_M07_F04_KA30_3,measured,normal
,1.0,0.0,KA30,normal,PU,outer_race,N15_M07_F04_KA30_4,measured,normal
,0.0,0.0,KA30,normal,PU,outer_race,N15_M07_F04_KA30_5,measured,normal
,1.0,0.0,KA30,normal,PU,outer_race,N15_M07_F04_KA30_6,measured,normal
,0.0,0.0,KA30,normal,PU,outer_race,N15_M07_F04_KA30_7,measured,normal
,0.0,0.0,KA30,normal,PU,outer_race,N15_M07_F04_KA30_8,measured,normal
,1.0,0.0,KA30,normal,PU,outer_race,N15_M07_F04_KA30_9,measured,normal
,0.0,0.0,KA30,normal,PU,outer_race,N15_M07_F10_KA30_1,measured,normal
,1.0,0.0,KA30,normal,PU,outer_race,N15_M07_F10_KA30_10,measured,normal
,0.5,0.0,KA30,normal,PU,outer_race,N15_M07_F10_KA30_11,measured,normal
,1.0,0.0,KA30,normal,PU,outer_race,N15_M07_F10_KA30_12,measured,normal
,0.0,0.0,KA30,normal,PU,outer_race,N15_M07_F10_KA30_13,measured,normal
,1.0,0.0,KA30,normal,PU,outer_race,N15_M07_F10_KA30_14,measured,normal
,0.0,0.0,KA30,normal,PU,outer_race,N15_M07_F10_KA30_15,measured,normal
,1.0,0.0,KA30,normal,PU,outer_race,N15_M07_F10_KA30_16,measured,normal
,1.0,0.0,KA30,normal,PU,outer_race,N15_M07_F10_KA30_17,measured,normal
,0.25,0.0,KA30,inner_race,PU,outer_race,N15_M07_F10_KA30_18,measured,inner_race
,0.5,0.0,KA30,normal,PU,outer_race,N15_M07_F10_KA30_19,measured,normal
,0.0,0.0,KA30,normal,PU,outer_race,N15_M07_F10_KA30_2,measured,normal
,1.0,0.0,KA30,normal,PU,outer_race,N15_M07_F10_KA30_20,measured,normal
,0.0,0.0,KA30,normal,PU,outer_race,N15_M07_F10_KA30_3,measured,normal
,0.5,0.0,KA30,normal,PU,outer_race,N15_M07_F10_KA30_4,measured,normal
,0.0,0.0,KA30,normal,PU,outer_race,N15_M07_F10_KA30_5,measured,normal
,1.0,0.0,KA30,normal,PU,outer_race,N15_M07_F10_KA30_6,measured,normal
,1.0,0.0,KA30,normal,PU,outer_race,N15_M07_F10_KA30_7,measured,normal
,1.0,0.0,KA30,normal,PU,outer_race,N15_M07_F10_KA30_8,measured,normal
,1.0,0.0,KA30,normal,PU,outer_race,N15_M07_F10_KA30_9,measured,normal
,0.0,1.0,KI01,inner_race,PU,inner_race,N09_M07_F10_KI01_1,measured,inner_race
,0.0,1.0,KI01,inner_race,PU,inner_race,N09_M07_F10_KI01_10,measured,inner_race
,0.0,1.0,KI01,inner_race,PU,inner_race,N09_M07_F10_KI01_11,measured,inner_race
,0.0,1.0,KI01,inner_race,PU,inner_race,N09_M07_F10_KI01_12,measured,inner_race
,0.0,1.0,KI01,inner_race,PU,inner_race,N09_M07_F10_KI01_13,measured,inner_race
,0.0,0.0,KI01,inner_race,PU,inner_race,N09_M07_F10_KI01_14,measured,inner_race
,0.0,1.0,KI01,inner_race,PU,inner_race,N09_M07_F10_KI01_15,measured,inner_race
,0.0,1.0,KI01,inner_race,PU,inner_race,N09_M07_F10_KI01_16,measured,inner_race
,0.0,1.0,KI01,inner_race,PU,inner_race,N09_M07_F10_KI01_17,measured,inner_race
,0.0,1.0,KI01,inner_race,PU,inner_race,N09_M07_F10_KI01_18,measured,inner_race
,0.0,1.0,KI01,inner_race,PU,inner_race,N09_M07_F10_KI01_19,measured,inner_race
,0.0,1.0,KI01,inner_race,PU,inner_race,N09_M07_F10_KI01_2,measured,inner_race
,0.0,1.0,KI01,inner_race,PU,inner_race,N09_M07_F10_KI01_20,measured,inner_race
,0.0,0.0,KI01,inner_race,PU,inner_race,N09_M07_F10_KI01_3,measured,inner_race
,0.0,0.0,KI01,inner_race,PU,inner_race,N09_M07_F10_KI01_4,measured,inner_race
,0.0,1.0,KI01,inner_race,PU,inner_race,N09_M07_F10_KI01_5,measured,inner_race
,0.0,0.0,KI01,inner_race,PU,inner_race,N09_M07_F10_KI01_6,measured,inner_race
,0.0,1.0,KI01,inner_race,PU,inner_race,N09_M07_F10_KI01_7,measured,inner_race
,0.0,1.0,KI01,inner_race,PU,inner_race,N09_M07_F10_KI01_8,measured,inner_race
,0.0,1.0,KI01,inner_race,PU,inner_race,N09_M07_F10_KI01_9,measured,inner_race
,0.0,0.0,KI01,inner_race,PU,inner_race,N15_M01_F10_KI01_1,measured,inner_race
,0.0,0.0,KI01,inner_race,PU,inner_race,N15_M01_F10_KI01_10,measured,inner_race
,0.0,0.0,KI01,inner_race,PU,inner_race,N15_M01_F10_KI01_11,measured,inner_race
,0.0,0.0,KI01,inner_race,PU,inner_race,N15_M01_F10_KI01_12,measured,inner_race
,0.0,1.0,KI01,inner_race,PU,inner_race,N15_M01_F10_KI01_13,measured,inner_race
,0.0,1.0,KI01,inner_race,PU,inner_race,N15_M01_F10_KI01_14,measured,inner_race
,0.0,0.0,KI01,inner_race,PU,inner_race,N15_M01_F10_KI01_15,measured,inner_race
,0.0,0.0,KI01,inner_race,PU,inner_race,N15_M01_F10_KI01_16,measured,inner_race
,0.0,0.0,KI01,inner_race,PU,inner_race,N15_M01_F10_KI01_17,measured,inner_race
,0.0,0.0,KI01,inner_race,PU,inner_race,N15_M01_F10_KI01_18,measured,inner_race
,0.0,1.0,KI01,inner_race,PU,inner_race,N15_M01_F10_KI01_19,measured,inner_race
,0.0,1.0,KI01,inner_race,PU,inner_race,N15_M01_F10_KI01_2,measured,inner_race
,0.0,0.0,KI01,inner_race,PU,inner_race,N15_M01_F10_KI01_20,measured,inner_race
,0.0,0.0,KI01,inner_race,PU,inner_race,N15_M01_F10_KI01_3,measured,inner_race
,0.0,1.0,KI01,inner_race,PU,inner_race,N15_M01_F10_KI01_4,measured,inner_race
,0.0,0.0,KI01,inner_race,PU,inner_race,N15_M01_F10_KI01_5,measured,inner_race
,0.0,1.0,KI01,inner_race,PU,inner_race,N15_M01_F10_KI01_6,measured,inner_race
,0.0,1.0,KI01,inner_race,PU,inner_race,N15_M01_F10_KI01_7,measured,inner_race
,0.0,1.0,KI01,inner_race,PU,inner_race,N15_M01_F10_KI01_8,measured,inner_race
,0.0,1.0,KI01,inner_race,PU,inner_race,N15_M01_F10_KI01_9,measured,inner_race
,0.0,1.0,KI01,inner_race,PU,inner_race,N15_M07_F04_KI01_1,measured,inner_race
,0.0,0.0,KI01,inner_race,PU,inner_race,N15_M07_F04_KI01_10,measured,inner_race
,0.0,1.0,KI01,inner_race,PU,inner_race,N15_M07_F04_KI01_11,measured,inner_race
,0.0,0.0,KI01,inner_race,PU,inner_race,N15_M07_F04_KI01_12,measured,inner_race
,0.0,0.0,KI01,inner_race,PU,inner_race,N15_M07_F04_KI01_13,measured,inner_race
,0.0,1.0,KI01,inner_race,PU,inner_race,N15_M07_F04_KI01_14,measured,inner_race
,0.0,0.0,KI01,inner_race,PU,inner_race,N15_M07_F04_KI01_15,measured,inner_race
,0.0,0.0,KI01,inner_race,PU,inner_race,N15_M07_F04_KI01_16,measured,inner_race
,0.0,0.0,KI01,inner_race,PU,inner_race,N15_M07_F04_KI01_17,measured,inner_race
,0.0,1.0,KI01,inner_race,PU,inner_race,N15_M07_F04_KI01_18,measured,inner_race
,0.0,1.0,KI01,inner_race,PU,inner_race,N15_M07_F04_KI01_19,measured,inner_race
,0.0,1.0,KI01,inner_race,PU,inner_race,N15_M07_F04_KI01_2,measured,inner_race
,0.0,0.0,KI01,inner_race,PU,inner_race,N15_M07_F04_KI01_20,measured,inner_race
,0.0,0.0,KI01,inner_race,PU,inner_race,N15_M07_F04_KI01_3,measured,inner_race
,0.0,1.0,KI01,inner_race,PU,inner_race,N15_M07_F04_KI01_4,measured,inner_race
,0.0,1.0,KI01,inner_race,PU,inner_race,N15_M07_F04_KI01_5,measured,inner_race
,0.0,0.0,KI01,inner_race,PU,inner_race,N15_M07_F04_KI01_6,measured,inner_race
,0.0,0.0,KI01,inner_race,PU,inner_race,N15_M07_F04_KI01_7,measured,inner_race
,0.0,1.0,KI01,inner_race,PU,inner_race,N15_M07_F04_KI01_8,measured,inner_race
,0.0,0.0,KI01,inner_race,PU,inner_race,N15_M07_F04_KI01_9,measured,inner_race
,0.0,0.0,KI01,normal,PU,inner_race,N15_M07_F10_KI01_1,measured,normal
,0.0,0.0,KI01,inner_race,PU,inner_race,N15_M07_F10_KI01_10,measured,inner_race
,0.0,1.0,KI01,inner_race,PU,inner_race,N15_M07_F10_KI01_11,measured,inner_race
,0.0,0.0,KI01,inner_race,PU,inner_race,N15_M07_F10_KI01_12,measured,inner_race
,0.0,1.0,KI01,inner_race,PU,inner_race,N15_M07_F10_KI01_13,measured,inner_race
,0.0,0.0,KI01,inner_race,PU,inner_race,N15_M07_F10_KI01_14,measured,inner_race
,0.0,1.0,KI01,inner_race,PU,inner_race,N15_M07_F10_KI01_15,measured,inner_race
,0.0,0.0,KI01,inner_race,PU,inner_race,N15_M07_F10_KI01_16,measured,inner_race
,0.0,1.0,KI01,inner_race,PU,inner_race,N15_M07_F10_KI01_17,measured,inner_race
,0.0,1.0,KI01,inner_race,PU,inner_race,N15_M07_F10_KI01_18,measured,inner_race
,0.0,1.0,KI01,inner_race,PU,inner_race,N15_M07_F10_KI01_19,measured,inner_race
,0.0,1.0,KI01,inner_race,PU,inner_race,N15_M07_F10_KI01_2,measured,inner_race
,0.0,1.0,KI01,inner_race,PU,inner_race,N15_M07_F10_KI01_20,measured,inner_race
,0.0,0.0,KI01,inner_race,PU,inner_race,N15_M07_F10_KI01_3,measured,inner_race
,0.0,1.0,KI01,inner_race,PU,inner_race,N15_M07_F10_KI01_4,measured,inner_race
,0.0,1.0,KI01,inner_race,PU,inner_race,N15_M07_F10_KI01_5,measured,inner_race
,0.0,1.0,KI01,inner_race,PU,inner_race,N15_M07_F10_KI01_6,measured,inner_race
,0.0,0.0,KI01,inner_race,PU,inner_race,N15_M07_F10_KI01_7,measured,inner_race
,0.0,0.0,KI01,inner_race,PU,inner_race,N15_M07_F10_KI01_8,measured,inner_race
,0.0,0.0,KI01,inner_race,PU,inner_race,N15_M07_F10_KI01_9,measured,inner_race
,1.0,0.0,KI03,normal,PU,inner_race,N09_M07_F10_KI03_1,measured,normal
,1.0,0.0,KI03,normal,PU,inner_race,N09_M07_F10_KI03_10,measured,normal
,1.0,0.0,KI03,normal,PU,inner_race,N09_M07_F10_KI03_11,measured,normal
,1.0,0.0,KI03,normal,PU,inner_race,N09_M07_F10_KI03_12,measured,normal
,1.0,0.0,KI03,normal,PU,inner_race,N09_M07_F10_KI03_13,measured,normal
,1.0,0.0,KI03,normal,PU,inner_race,N09_M07_F10_KI03_14,measured,normal
,1.0,0.0,KI03,normal,PU,inner_race,N09_M07_F10_KI03_15,measured,normal
,1.0,0.0,KI03,normal,PU,inner_race,N09_M07_F10_KI03_16,measured,normal
,1.0,0.0,KI03,normal,PU,inner_race,N09_M07_F10_KI03_17,measured,normal
,1.0,0.0,KI03,normal,PU,inner_race,N09_M07_F10_KI03_18,measured,normal
,1.0,0.0,KI03,normal,PU,inner_race,N09_M07_F10_KI03_19,measured,normal
,1.0,0.0,KI03,normal,PU,inner_race,N09_M07_F10_KI03_2,measured,normal
,0.667,0.0,KI03,normal,PU,inner_race,N09_M07_F10_KI03_20,measured,normal
,1.0,0.0,KI03,normal,PU,inner_race,N09_M07_F10_KI03_3,measured,normal
,1.0,0.0,KI03,normal,PU,inner_race,N09_M07_F10_KI03_4,measured,normal
,1.0,0.0,KI03,normal,PU,inner_race,N09_M07_F10_KI03_5,measured,normal
,1.0,0.0,KI03,normal,PU,inner_race,N09_M07_F10_KI03_6,measured,normal
,0.667,0.0,KI03,normal,PU,inner_race,N09_M07_F10_KI03_7,measured,normal
,1.0,0.0,KI03,normal,PU,inner_race,N09_M07_F10_KI03_8,measured,normal
,1.0,0.0,KI03,normal,PU,inner_race,N09_M07_F10_KI03_9,measured,normal
,0.0,0.0,KI03,normal,PU,inner_race,N15_M01_F10_KI03_1,measured,normal
,0.0,0.0,KI03,normal,PU,inner_race,N15_M01_F10_KI03_10,measured,normal
,0.0,0.0,KI03,normal,PU,inner_race,N15_M01_F10_KI03_11,measured,normal
,0.0,0.0,KI03,normal,PU,inner_race,N15_M01_F10_KI03_12,measured,normal
,0.0,0.0,KI03,normal,PU,inner_race,N15_M01_F10_KI03_13,measured,normal
,0.0,0.0,KI03,normal,PU,inner_race,N15_M01_F10_KI03_14,measured,normal
,0.0,0.0,KI03,normal,PU,inner_race,N15_M01_F10_KI03_15,measured,normal
,0.0,0.0,KI03,normal,PU,inner_race,N15_M01_F10_KI03_16,measured,normal
,0.0,0.0,KI03,normal,PU,inner_race,N15_M01_F10_KI03_17,measured,normal
,0.0,0.0,KI03,normal,PU,inner_race,N15_M01_F10_KI03_18,measured,normal
,0.0,0.0,KI03,normal,PU,inner_race,N15_M01_F10_KI03_19,measured,normal
,0.0,0.0,KI03,normal,PU,inner_race,N15_M01_F10_KI03_2,measured,normal
,1.0,0.0,KI03,normal,PU,inner_race,N15_M01_F10_KI03_20,measured,normal
,0.0,0.0,KI03,normal,PU,inner_race,N15_M01_F10_KI03_3,measured,normal
,0.0,0.0,KI03,normal,PU,inner_race,N15_M01_F10_KI03_4,measured,normal
,1.0,0.0,KI03,normal,PU,inner_race,N15_M01_F10_KI03_5,measured,normal
,0.0,0.0,KI03,normal,PU,inner_race,N15_M01_F10_KI03_6,measured,normal
,0.0,0.0,KI03,normal,PU,inner_race,N15_M01_F10_KI03_7,measured,normal
,0.0,0.0,KI03,normal,PU,inner_race,N15_M01_F10_KI03_8,measured,normal
,0.0,0.0,KI03,normal,PU,inner_race,N15_M01_F10_KI03_9,measured,normal
,0.0,0.0,KI03,normal,PU,inner_race,N15_M07_F04_KI03_1,measured,normal
,0.0,0.0,KI03,normal,PU,inner_race,N15_M07_F04_KI03_10,measured,normal
,0.0,0.0,KI03,normal,PU,inner_race,N15_M07_F04_KI03_11,measured,normal
,0.0,0.0,KI03,normal,PU,inner_race,N15_M07_F04_KI03_12,measured,normal
,0.0,0.0,KI03,normal,PU,inner_race,N15_M07_F04_KI03_13,measured,normal
,0.0,0.0,KI03,normal,PU,inner_race,N15_M07_F04_KI03_14,measured,normal
,0.0,0.0,KI03,normal,PU,inner_race,N15_M07_F04_KI03_15,measured,normal
,0.0,0.0,KI03,normal,PU,inner_race,N15_M07_F04_KI03_16,measured,normal
,0.0,0.0,KI03,normal,PU,inner_race,N15_M07_F04_KI03_17,measured,normal
,0.0,0.0,KI03,normal,PU,inner_race,N15_M07_F04_KI03_18,measured,normal
,0.0,0.0,KI03,normal,PU,inner_race,N15_M07_F04_KI03_19,measured,normal
,0.0,0.0,KI03,normal,PU,inner_race,N15_M07_F04_KI03_2,measured,normal
,0.0,0.0,KI03,normal,PU,inner_race,N15_M07_F04_KI03_20,measured,normal
,0.0,0.0,KI03,normal,PU,inner_race,N15_M07_F04_KI03_3,measured,normal
,0.0,0.0,KI03,normal,PU,inner_race,N15_M07_F04_KI03_4,measured,normal
,1.0,0.0,KI03,normal,PU,inner_race,N15_M07_F04_KI03_5,measured,normal
,0.0,0.0,KI03,normal,PU,inner_race,N15_M07_F04_KI03_6,measured,normal
,0.0,0.0,KI03,normal,PU,inner_race,N15_M07_F04_KI03_7,measured,normal
,1.0,0.0,KI03,normal,PU,inner_race,N15_M07_F04_KI03_8,measured,normal
,0.0,0.0,KI03,normal,PU,inner_race,N15_M07_F04_KI03_9,measured,normal
,0.0,0.0,KI03,normal,PU,inner_race,N15_M07_F10_KI03_1,measured,normal
,0.0,0.0,KI03,normal,PU,inner_race,N15_M07_F10_KI03_10,measured,normal
,0.0,0.0,KI03,normal,PU,inner_race,N15_M07_F10_KI03_11,measured,normal
,0.0,0.0,KI03,normal,PU,inner_race,N15_M07_F10_KI03_12,measured,normal
,0.0,0.0,KI03,normal,PU,inner_race,N15_M07_F10_KI03_13,measured,normal
,0.0,0.0,KI03,normal,PU,inner_race,N15_M07_F10_KI03_14,measured,normal
,0.0,0.0,KI03,normal,PU,inner_race,N15_M07_F10_KI03_15,measured,normal
,0.0,0.0,KI03,normal,PU,inner_race,N15_M07_F10_KI03_16,measured,normal
,0.0,0.0,KI03,normal,PU,inner_race,N15_M07_F10_KI03_17,measured,normal
,0.0,0.0,KI03,normal,PU,inner_race,N15_M07_F10_KI03_18,measured,normal
,0.0,0.0,KI03,normal,PU,inner_race,N15_M07_F10_KI03_19,measured,normal
,0.0,0.0,KI03,normal,PU,inner_race,N15_M07_F10_KI03_2,measured,normal
,0.0,0.0,KI03,normal,PU,inner_race,N15_M07_F10_KI03_20,measured,normal
,0.0,0.0,KI03,normal,PU,inner_race,N15_M07_F10_KI03_3,measured,normal
,0.0,0.0,KI03,normal,PU,inner_race,N15_M07_F10_KI03_4,measured,normal
,0.0,0.0,KI03,normal,PU,inner_race,N15_M07_F10_KI03_5,measured,normal
,0.0,0.0,KI03,normal,PU,inner_race,N15_M07_F10_KI03_6,measured,normal
,0.0,0.0,KI03,normal,PU,inner_race,N15_M07_F10_KI03_7,measured,normal
,0.0,0.0,KI03,normal,PU,inner_race,N15_M07_F10_KI03_8,measured,normal
,0.0,0.0,KI03,normal,PU,inner_race,N15_M07_F10_KI03_9,measured,normal
,1.0,0.0,KI04,normal,PU,inner_race,N09_M07_F10_KI04_1,measured,normal
,1.0,0.0,KI04,normal,PU,inner_race,N09_M07_F10_KI04_10,measured,normal
,1.0,0.0,KI04,normal,PU,inner_race,N09_M07_F10_KI04_11,measured,normal
,1.0,0.0,KI04,normal,PU,inner_race,N09_M07_F10_KI04_12,measured,normal
,1.0,0.0,KI04,normal,PU,inner_race,N09_M07_F10_KI04_13,measured,normal
,1.0,0.0,KI04,inner_race,PU,inner_race,N09_M07_F10_KI04_14,measured,normal
,1.0,0.0,KI04,normal,PU,inner_race,N09_M07_F10_KI04_15,measured,normal
,1.0,0.0,KI04,normal,PU,inner_race,N09_M07_F10_KI04_16,measured,normal
,1.0,0.0,KI04,normal,PU,inner_race,N09_M07_F10_KI04_17,measured,normal
,1.0,0.0,KI04,normal,PU,inner_race,N09_M07_F10_KI04_18,measured,normal
,1.0,0.0,KI04,normal,PU,inner_race,N09_M07_F10_KI04_19,measured,normal
,1.0,0.0,KI04,normal,PU,inner_race,N09_M07_F10_KI04_2,measured,normal
,1.0,0.0,KI04,normal,PU,inner_race,N09_M07_F10_KI04_20,measured,normal
,1.0,0.0,KI04,normal,PU,inner_race,N09_M07_F10_KI04_3,measured,normal
,1.0,0.0,KI04,normal,PU,inner_race,N09_M07_F10_KI04_4,measured,normal
,1.0,0.0,KI04,normal,PU,inner_race,N09_M07_F10_KI04_5,measured,normal
,1.0,0.0,KI04,normal,PU,inner_race,N09_M07_F10_KI04_6,measured,normal
,1.0,0.0,KI04,normal,PU,inner_race,N09_M07_F10_KI04_7,measured,normal
,1.0,0.0,KI04,normal,PU,inner_race,N09_M07_F10_KI04_8,measured,normal
,1.0,0.0,KI04,normal,PU,inner_race,N09_M07_F10_KI04_9,measured,normal
,0.0,0.0,KI04,normal,PU,inner_race,N15_M01_F10_KI04_1,measured,normal
,1.0,0.0,KI04,normal,PU,inner_race,N15_M01_F10_KI04_10,measured,normal
,1.0,0.0,KI04,normal,PU,inner_race,N15_M01_F10_KI04_11,measured,normal
,1.0,0.0,KI04,normal,PU,inner_race,N15_M01_F10_KI04_12,measured,normal
,1.0,0.0,KI04,normal,PU,inner_race,N15_M01_F10_KI04_13,measured,normal
,1.0,0.0,KI04,normal,PU,inner_race,N15_M01_F10_KI04_14,measured,normal
,1.0,0.0,KI04,normal,PU,inner_race,N15_M01_F10_KI04_15,measured,normal
,1.0,0.0,KI04,normal,PU,inner_race,N15_M01_F10_KI04_16,measured,normal
,1.0,0.0,KI04,inner_race,PU,inner_race,N15_M01_F10_KI04_17,measured,normal
,0.0,0.0,KI04,normal,PU,inner_race,N15_M01_F10_KI04_18,measured,normal
,1.0,0.0,KI04,normal,PU,inner_race,N15_M01_F10_KI04_19,measured,normal
,1.0,0.0,KI04,normal,PU,inner_race,N15_M01_F10_KI04_2,measured,normal
,1.0,0.0,KI04,normal,PU,inner_race,N15_M01_F10_KI04_20,measured,normal
,0.75,0.0,KI04,normal,PU,inner_race,N15_M01_F10_KI04_3,measured,normal
,1.0,0.0,KI04,normal,PU,inner_race,N15_M01_F10_KI04_4,measured,normal
,1.0,0.0,KI04,normal,PU,inner_race,N15_M01_F10_KI04_5,measured,normal
,1.0,0.0,KI04,normal,PU,inner_race,N15_M01_F10_KI04_6,measured,normal
,1.0,0.0,KI04,normal,PU,inner_race,N15_M01_F10_KI04_7,measured,normal
,1.0,0.0,KI04,normal,PU,inner_race,N15_M01_F10_KI04_8,measured,normal
,1.0,0.0,KI04,normal,PU,inner_race,N15_M01_F10_KI04_9,measured,normal
,0.0,0.0,KI04,normal,PU,inner_race,N15_M07_F04_KI04_1,measured,normal
,1.0,0.0,KI04,normal,PU,inner_race,N15_M07_F04_KI04_10,measured,normal
,1.0,0.0,KI04,normal,PU,inner_race,N15_M07_F04_KI04_11,measured,normal
,1.0,0.0,KI04,normal,PU,inner_race,N15_M07_F04_KI04_12,measured,normal
,1.0,0.0,KI04,normal,PU,inner_race,N15_M07_F04_KI04_13,measured,normal
,1.0,0.0,KI04,normal,PU,inner_race,N15_M07_F04_KI04_14,measured,normal
,0.0,0.0,KI04,normal,PU,inner_race,N15_M07_F04_KI04_15,measured,normal
,0.0,0.0,KI04,inner_race,PU,inner_race,N15_M07_F04_KI04_16,measured,inner_race
,0.333,0.0,KI04,normal,PU,inner_race,N15_M07_F04_KI04_17,measured,normal
,1.0,0.0,KI04,normal,PU,inner_race,N15_M07_F04_KI04_18,measured,normal
,1.0,0.0,KI04,normal,PU,inner_race,N15_M07_F04_KI04_19,measured,normal
,1.0,0.0,KI04,normal,PU,inner_race,N15_M07_F04_KI04_2,measured,normal
,1.0,0.0,KI04,normal,PU,inner_race,N15_M07_F04_KI04_20,measured,normal
,1.0,0.0,KI04,normal,PU,inner_race,N15_M07_F04_KI04_3,measured,normal
,1.0,0.0,KI04,normal,PU,inner_race,N15_M07_F04_KI04_4,measured,normal
,1.0,0.0,KI04,normal,PU,inner_race,N15_M07_F04_KI04_5,measured,normal
,1.0,0.0,KI04,normal,PU,inner_race,N15_M07_F04_KI04_6,measured,normal
,1.0,0.0,KI04,normal,PU,inner_race,N15_M07_F04_KI04_7,measured,normal
,0.0,0.0,KI04,normal,PU,inner_race,N15_M07_F04_KI04_8,measured,normal
,1.0,0.0,KI04,normal,PU,inner_race,N15_M07_F04_KI04_9,measured,normal
,0.0,0.0,KI04,normal,PU,inner_race,N15_M07_F10_KI04_1,measured,normal
,1.0,0.0,KI04,normal,PU,inner_race,N15_M07_F10_KI04_10,measured,normal
,1.0,0.0,KI04,normal,PU,inner_race,N15_M07_F10_KI04_11,measured,normal
,0.0,0.0,KI04,normal,PU,inner_race,N15_M07_F10_KI04_12,measured,normal
,0.0,0.0,KI04,inner_race,PU,inner_race,N15_M07_F10_KI04_13,measured,inner_race
,0.5,0.0,KI04,normal,PU,inner_race,N15_M07_F10_KI04_14,measured,normal
,1.0,0.0,KI04,normal,PU,inner_race,N15_M07_F10_KI04_15,measured,normal
,0.0,0.0,KI04,normal,PU,inner_race,N15_M07_F10_KI04_16,measured,normal
,1.0,0.0,KI04,inner_race,PU,inner_race,N15_M07_F10_KI04_17,measured,normal
,1.0,0.0,KI04,normal,PU,inner_race,N15_M07_F10_KI04_18,measured,normal
,1.0,0.0,KI04,normal,PU,inner_race,N15_M07_F10_KI04_19,measured,normal
,1.0,0.0,KI04,normal,PU,inner_race,N15_M07_F10_KI04_2,measured,normal
,1.0,0.0,KI04,normal,PU,inner_race,N15_M07_F10_KI04_20,measured,normal
,1.0,0.0,KI04,normal,PU,inner_race,N15_M07_F10_KI04_3,measured,normal
,0.0,0.0,KI04,normal,PU,inner_race,N15_M07_F10_KI04_4,measured,normal
,1.0,0.0,KI04,normal,PU,inner_race,N15_M07_F10_KI04_5,measured,normal
,0.0,0.0,KI04,normal,PU,inner_race,N15_M07_F10_KI04_6,measured,normal
,0.333,0.0,KI04,normal,PU,inner_race,N15_M07_F10_KI04_7,measured,normal
,0.0,0.0,KI04,normal,PU,inner_race,N15_M07_F10_KI04_8,measured,normal
,0.333,0.0,KI04,normal,PU,inner_race,N15_M07_F10_KI04_9,measured,normal
,0.333,0.0,KI05,normal,PU,inner_race,N09_M07_F10_KI05_1,measured,normal
,0.667,0.0,KI05,normal,PU,inner_race,N09_M07_F10_KI05_10,measured,normal
,1.0,0.0,KI05,normal,PU,inner_race,N09_M07_F10_KI05_11,measured,normal
,1.0,0.0,KI05,normal,PU,inner_race,N09_M07_F10_KI05_12,measured,normal
,1.0,0.0,KI05,normal,PU,inner_race,N09_M07_F10_KI05_13,measured,normal
,1.0,0.0,KI05,normal,PU,inner_race,N09_M07_F10_KI05_14,measured,normal
,1.0,0.0,KI05,normal,PU,inner_race,N09_M07_F10_KI05_15,measured,normal
,0.667,0.0,KI05,normal,PU,inner_race,N09_M07_F10_KI05_16,measured,normal
,0.667,0.0,KI05,normal,PU,inner_race,N09_M07_F10_KI05_17,measured,normal
,1.0,0.0,KI05,normal,PU,inner_race,N09_M07_F10_KI05_18,measured,normal
,0.0,0.0,KI05,normal,PU,inner_race,N09_M07_F10_KI05_19,measured,normal
,1.0,0.0,KI05,normal,PU,inner_race,N09_M07_F10_KI05_2,measured,normal
,1.0,0.0,KI05,normal,PU,inner_race,N09_M07_F10_KI05_20,measured,normal
,0.667,0.0,KI05,normal,PU,inner_race,N09_M07_F10_KI05_3,measured,normal
,1.0,0.0,KI05,normal,PU,inner_race,N09_M07_F10_KI05_4,measured,normal
,1.0,0.0,KI05,normal,PU,inner_race,N09_M07_F10_KI05_5,measured,normal
,1.0,0.0,KI05,normal,PU,inner_race,N09_M07_F10_KI05_6,measured,normal
,0.333,0.0,KI05,normal,PU,inner_race,N09_M07_F10_KI05_7,measured,normal
,1.0,0.0,KI05,normal,PU,inner_race,N09_M07_F10_KI05_8,measured,normal
,1.0,0.0,KI05,normal,PU,inner_race,N09_M07_F10_KI05_9,measured,normal
,0.0,0.0,KI05,normal,PU,inner_race,N15_M01_F10_KI05_1,measured,normal
,0.333,0.0,KI05,normal,PU,inner_race,N15_M01_F10_KI05_10,measured,normal
,0.333,0.0,KI05,normal,PU,inner_race,N15_M01_F10_KI05_11,measured,normal
,0.333,0.0,KI05,normal,PU,inner_race,N15_M01_F10_KI05_12,measured,normal
,0.0,0.0,KI05,normal,PU,inner_race,N15_M01_F10_KI05_13,measured,normal
,0.5,0.0,KI05,normal,PU,inner_race,N15_M01_F10_KI05_14,measured,normal
,0.333,0.0,KI05,normal,PU,inner_race,N15_M01_F10_KI05_15,measured,normal
,0.5,0.0,KI05,normal,PU,inner_race,N15_M01_F10_KI05_16,measured,normal
,1.0,0.0,KI05,normal,PU,inner_race,N15_M01_F10_KI05_17,measured,normal
,0.0,0.0,KI05,normal,PU,inner_race,N15_M01_F10_KI05_18,measured,normal
,0.5,0.0,KI05,normal,PU,inner_race,N15_M01_F10_KI05_19,measured,normal
,0.333,0.0,KI05,normal,PU,inner_race,N15_M01_F10_KI05_2,measured,normal
,0.333,0.0,KI05,inner_race,PU,inner_race,N15_M01_F10_KI05_20,measured,inner_race
,0.0,0.0,KI05,normal,PU,inner_race,N15_M01_F10_KI05_3,measured,normal
,0.333,0.0,KI05,normal,PU,inner_race,N15_M01_F10_KI05_4,measured,normal
,0.0,0.0,KI05,normal,PU,inner_race,N15_M01_F10_KI05_5,measured,normal
,0.5,0.0,KI05,normal,PU,inner_race,N15_M01_F10_KI05_6,measured,normal
,0.333,0.0,KI05,normal,PU,inner_race,N15_M01_F10_KI05_7,measured,normal
,1.0,0.0,KI05,normal,PU,inner_race,N15_M01_F10_KI05_8,measured,normal
,1.0,0.0,KI05,normal,PU,inner_race,N15_M01_F10_KI05_9,measured,normal
,0.0,0.0,KI05,normal,PU,inner_race,N15_M07_F04_KI05_1,measured,normal
,0.333,0.0,KI05,normal,PU,inner_race,N15_M07_F04_KI05_10,measured,normal
,1.0,0.0,KI05,normal,PU,inner_race,N15_M07_F04_KI05_11,measured,normal
,0.0,0.0,KI05,normal,PU,inner_race,N15_M07_F04_KI05_12,measured,normal
,0.5,0.0,KI05,normal,PU,inner_race,N15_M07_F04_KI05_13,measured,normal
,0.5,0.0,KI05,normal,PU,inner_race,N15_M07_F04_KI05_14,measured,normal
,1.0,0.0,KI05,normal,PU,inner_race,N15_M07_F04_KI05_15,measured,normal
,1.0,0.0,KI05,normal,PU,inner_race,N15_M07_F04_KI05_16,measured,normal
,0.0,0.0,KI05,normal,PU,inner_race,N15_M07_F04_KI05_17,measured,normal
,1.0,0.0,KI05,normal,PU,inner_race,N15_M07_F04_KI05_18,measured,normal
,0.0,0.0,KI05,normal,PU,inner_race,N15_M07_F04_KI05_19,measured,normal
,1.0,0.0,KI05,normal,PU,inner_race,N15_M07_F04_KI05_2,measured,normal
,0.0,0.0,KI05,normal,PU,inner_race,N15_M07_F04_KI05_20,measured,normal
,1.0,0.0,KI05,normal,PU,inner_race,N15_M07_F04_KI05_3,measured,normal
,0.5,0.0,KI05,normal,PU,inner_race,N15_M07_F04_KI05_4,measured,normal
,1.0,0.0,KI05,normal,PU,inner_race,N15_M07_F04_KI05_5,measured,normal
,0.5,0.0,KI05,normal,PU,inner_race,N15_M07_F04_KI05_6,measured,normal
,0.5,0.0,KI05,normal,PU,inner_race,N15_M07_F04_KI05_7,measured,normal
,0.0,0.0,KI05,normal,PU,inner_race,N15_M07_F04_KI05_8,measured,normal
,1.0,0.0,KI05,normal,PU,inner_race,N15_M07_F04_KI05_9,measured,normal
,1.0,0.0,KI05,normal,PU,inner_race,N15_M07_F10_KI05_1,measured,normal
,1.0,0.0,KI05,normal,PU,inner_race,N15_M07_F10_KI05_10,measured,normal
,0.0,0.0,KI05,normal,PU,inner_race,N15_M07_F10_KI05_11,measured,normal
,1.0,0.0,KI05,normal,PU,inner_race,N15_M07_F10_KI05_12,measured,normal
,0.0,0.0,KI05,normal,PU,inner_race,N15_M07_F10_KI05_13,measured,normal
,0.0,0.0,KI05,normal,PU,inner_race,N15_M07_F10_KI05_14,measured,normal
,1.0,0.0,KI05,normal,PU,inner_race,N15_M07_F10_KI05_15,measured,normal
,0.0,0.0,KI05,normal,PU,inner_race,N15_M07_F10_KI05_16,measured,normal
,0.0,0.0,KI05,normal,PU,inner_race,N15_M07_F10_KI05_17,measured,normal
,0.0,0.0,KI05,normal,PU,inner_race,N15_M07_F10_KI05_18,measured,normal
,0.333,0.0,KI05,normal,PU,inner_race,N15_M07_F10_KI05_19,measured,normal
,1.0,0.0,KI05,normal,PU,inner_race,N15_M07_F10_KI05_2,measured,normal
,0.0,0.0,KI05,normal,PU,inner_race,N15_M07_F10_KI05_20,measured,normal
,0.5,0.0,KI05,normal,PU,inner_race,N15_M07_F10_KI05_3,measured,normal
,0.0,0.0,KI05,normal,PU,inner_race,N15_M07_F10_KI05_4,measured,normal
,0.0,0.0,KI05,normal,PU,inner_race,N15_M07_F10_KI05_5,measured,normal
,1.0,0.0,KI05,normal,PU,inner_race,N15_M07_F10_KI05_6,measured,normal
,0.0,0.0,KI05,normal,PU,inner_race,N15_M07_F10_KI05_7,measured,normal
,0.0,0.0,KI05,normal,PU,inner_race,N15_M07_F10_KI05_8,measured,normal
,0.0,0.0,KI05,normal,PU,inner_race,N15_M07_F10_KI05_9,measured,normal
,1.0,0.0,KI07,normal,PU,inner_race,N09_M07_F10_KI07_1,measured,normal
,1.0,0.0,KI07,normal,PU,inner_race,N09_M07_F10_KI07_10,measured,normal
,1.0,0.0,KI07,normal,PU,inner_race,N09_M07_F10_KI07_11,measured,normal
,1.0,0.0,KI07,normal,PU,inner_race,N09_M07_F10_KI07_12,measured,normal
,1.0,0.0,KI07,normal,PU,inner_race,N09_M07_F10_KI07_13,measured,normal
,1.0,0.0,KI07,normal,PU,inner_race,N09_M07_F10_KI07_14,measured,normal
,1.0,0.0,KI07,normal,PU,inner_race,N09_M07_F10_KI07_15,measured,normal
,1.0,0.0,KI07,normal,PU,inner_race,N09_M07_F10_KI07_16,measured,normal
,1.0,0.0,KI07,normal,PU,inner_race,N09_M07_F10_KI07_17,measured,normal
,1.0,0.0,KI07,normal,PU,inner_race,N09_M07_F10_KI07_18,measured,normal
,1.0,0.0,KI07,normal,PU,inner_race,N09_M07_F10_KI07_19,measured,normal
,1.0,0.0,KI07,normal,PU,inner_race,N09_M07_F10_KI07_2,measured,normal
,1.0,0.0,KI07,normal,PU,inner_race,N09_M07_F10_KI07_20,measured,normal
,1.0,0.0,KI07,normal,PU,inner_race,N09_M07_F10_KI07_3,measured,normal
,1.0,0.0,KI07,normal,PU,inner_race,N09_M07_F10_KI07_4,measured,normal
,0.333,0.0,KI07,normal,PU,inner_race,N09_M07_F10_KI07_5,measured,normal
,1.0,0.0,KI07,normal,PU,inner_race,N09_M07_F10_KI07_6,measured,normal
,1.0,0.0,KI07,normal,PU,inner_race,N09_M07_F10_KI07_7,measured,normal
,1.0,0.0,KI07,normal,PU,inner_race,N09_M07_F10_KI07_8,measured,normal
,1.0,0.0,KI07,normal,PU,inner_race,N09_M07_F10_KI07_9,measured,normal
,0.0,0.0,KI07,normal,PU,inner_race,N15_M01_F10_KI07_1,measured,normal
,1.0,0.0,KI07,normal,PU,inner_race,N15_M01_F10_KI07_10,measured,normal
,0.333,0.0,KI07,normal,PU,inner_race,N15_M01_F10_KI07_11,measured,normal
,1.0,0.0,KI07,normal,PU,inner_race,N15_M01_F10_KI07_12,measured,normal
,0.5,0.0,KI07,normal,PU,inner_race,N15_M01_F10_KI07_13,measured,normal
,0.0,0.0,KI07,normal,PU,inner_race,N15_M01_F10_KI07_14,measured,normal
,1.0,0.0,KI07,normal,PU,inner_race,N15_M01_F10_KI07_15,measured,normal
,0.0,0.0,KI07,normal,PU,inner_race,N15_M01_F10_KI07_16,measured,normal
,0.0,0.0,KI07,inner_race,PU,inner_race,N15_M01_F10_KI07_17,measured,inner_race
,1.0,0.0,KI07,normal,PU,inner_race,N15_M01_F10_KI07_18,measured,normal
,0.0,0.0,KI07,normal,PU,inner_race,N15_M01_F10_KI07_19,measured,normal
,1.0,0.0,KI07,normal,PU,inner_race,N15_M01_F10_KI07_2,measured,normal
,0.0,0.0,KI07,normal,PU,inner_race,N15_M01_F10_KI07_20,measured,normal
,1.0,0.0,KI07,normal,PU,inner_race,N15_M01_F10_KI07_3,measured,normal
,1.0,0.0,KI07,normal,PU,inner_race,N15_M01_F10_KI07_4,measured,normal
,0.5,0.0,KI07,normal,PU,inner_race,N15_M01_F10_KI07_5,measured,normal
,1.0,0.0,KI07,normal,PU,inner_race,N15_M01_F10_KI07_6,measured,normal
,0.333,0.0,KI07,normal,PU,inner_race,N15_M01_F10_KI07_7,measured,normal
,0.333,0.0,KI07,normal,PU,inner_race,N15_M01_F10_KI07_8,measured,normal
,1.0,0.0,KI07,normal,PU,inner_race,N15_M01_F10_KI07_9,measured,normal
,0.5,0.0,KI07,normal,PU,inner_race,N15_M07_F04_KI07_1,measured,normal
,1.0,0.0,KI07,normal,PU,inner_race,N15_M07_F04_KI07_10,measured,normal
,1.0,0.0,KI07,normal,PU,inner_race,N15_M07_F04_KI07_11,measured,normal
,1.0,0.0,KI07,normal,PU,inner_race,N15_M07_F04_KI07_12,measured,normal
,1.0,0.0,KI07,normal,PU,inner_race,N15_M07_F04_KI07_13,measured,normal
,1.0,0.0,KI07,normal,PU,inner_race,N15_M07_F04_KI07_14,measured,normal
,1.0,0.0,KI07,normal,PU,inner_race,N15_M07_F04_KI07_15,measured,normal
,0.5,0.0,KI07,normal,PU,inner_race,N15_M07_F04_KI07_16,measured,normal
,1.0,0.0,KI07,normal,PU,inner_race,N15_M07_F04_KI07_17,measured,normal
,1.0,0.0,KI07,normal,PU,inner_race,N15_M07_F04_KI07_18,measured,normal
,1.0,0.0,KI07,normal,PU,inner_race,N15_M07_F04_KI07_19,measured,normal
,1.0,0.0,KI07,normal,PU,inner_race,N15_M07_F04_KI07_2,measured,normal
,1.0,0.0,KI07,normal,PU,inner_race,N15_M07_F04_KI07_20,measured,normal
,0.0,0.0,KI07,normal,PU,inner_race,N15_M07_F04_KI07_3,measured,normal
,1.0,0.0,KI07,normal,PU,inner_race,N15_M07_F04_KI07_4,measured,normal
,1.0,0.0,KI07,normal,PU,inner_race,N15_M07_F04_KI07_5,measured,normal
,0.0,0.0,KI07,normal,PU,inner_race,N15_M07_F04_KI07_6,measured,normal
,1.0,0.0,KI07,normal,PU,inner_race,N15_M07_F04_KI07_7,measured,normal
,0.5,0.0,KI07,normal,PU,inner_race,N15_M07_F04_KI07_8,measured,normal
,1.0,0.0,KI07,normal,PU,inner_race,N15_M07_F04_KI07_9,measured,normal
,0.0,0.0,KI07,normal,PU,inner_race,N15_M07_F10_KI07_1,measured,normal
,1.0,0.0,KI07,normal,PU,inner_race,N15_M07_F10_KI07_10,measured,normal
,0.5,0.0,KI07,normal,PU,inner_race,N15_M07_F10_KI07_11,measured,normal
,0.5,0.0,KI07,normal,PU,inner_race,N15_M07_F10_KI07_12,measured,normal
,0.0,0.0,KI07,normal,PU,inner_race,N15_M07_F10_KI07_13,measured,normal
,0.0,0.0,KI07,normal,PU,inner_race,N15_M07_F10_KI07_14,measured,normal
,1.0,0.0,KI07,normal,PU,inner_race,N15_M07_F10_KI07_15,measured,normal
,0.333,0.0,KI07,normal,PU,inner_race,N15_M07_F10_KI07_16,measured,normal
,0.0,0.0,KI07,normal,PU,inner_race,N15_M07_F10_KI07_17,measured,normal
,0.0,0.0,KI07,normal,PU,inner_race,N15_M07_F10_KI07_18,measured,normal
,0.0,0.0,KI07,normal,PU,inner_race,N15_M07_F10_KI07_19,measured,normal
,0.0,0.0,KI07,normal,PU,inner_race,N15_M07_F10_KI07_2,measured,normal
,0.5,0.0,KI07,normal,PU,inner_race,N15_M07_F10_KI07_20,measured,normal
,0.5,0.0,KI07,normal,PU,inner_race,N15_M07_F10_KI07_3,measured,normal
,0.333,0.0,KI07,normal,PU,inner_race,N15_M07_F10_KI07_4,measured,normal
,0.25,0.0,KI07,normal,PU,inner_race,N15_M07_F10_KI07_5,measured,normal
,0.5,0.0,KI07,normal,PU,inner_race,N15_M07_F10_KI07_6,measured,normal
,1.0,0.0,KI07,normal,PU,inner_race,N15_M07_F10_KI07_7,measured,normal
,0.0,0.0,KI07,normal,PU,inner_race,N15_M07_F10_KI07_8,measured,normal
,0.333,0.0,KI07,normal,PU,inner_race,N15_M07_F10_KI07_9,measured,normal
,1.0,0.0,KI08,normal,PU,inner_race,N09_M07_F10_KI08_1,measured,normal
,1.0,0.0,KI08,normal,PU,inner_race,N09_M07_F10_KI08_10,measured,normal
,1.0,0.0,KI08,normal,PU,inner_race,N09_M07_F10_KI08_11,measured,normal
,1.0,0.0,KI08,normal,PU,inner_race,N09_M07_F10_KI08_12,measured,normal
,0.333,0.0,KI08,normal,PU,inner_race,N09_M07_F10_KI08_13,measured,normal
,1.0,0.0,KI08,normal,PU,inner_race,N09_M07_F10_KI08_14,measured,normal
,1.0,0.0,KI08,normal,PU,inner_race,N09_M07_F10_KI08_15,measured,normal
,1.0,0.0,KI08,normal,PU,inner_race,N09_M07_F10_KI08_16,measured,normal
,1.0,0.0,KI08,normal,PU,inner_race,N09_M07_F10_KI08_17,measured,normal
,1.0,0.0,KI08,normal,PU,inner_race,N09_M07_F10_KI08_18,measured,normal
,1.0,0.0,KI08,normal,PU,inner_race,N09_M07_F10_KI08_19,measured,normal
,0.667,0.0,KI08,normal,PU,inner_race,N09_M07_F10_KI08_2,measured,normal
,1.0,0.0,KI08,normal,PU,inner_race,N09_M07_F10_KI08_20,measured,normal
,1.0,0.0,KI08,normal,PU,inner_race,N09_M07_F10_KI08_3,measured,normal
,0.667,0.0,KI08,normal,PU,inner_race,N09_M07_F10_KI08_4,measured,normal
,1.0,0.0,KI08,normal,PU,inner_race,N09_M07_F10_KI08_5,measured,normal
,1.0,0.0,KI08,normal,PU,inner_race,N09_M07_F10_KI08_6,measured,normal
,1.0,0.0,KI08,normal,PU,inner_race,N09_M07_F10_KI08_7,measured,normal
,1.0,0.0,KI08,normal,PU,inner_race,N09_M07_F10_KI08_8,measured,normal
,1.0,0.0,KI08,normal,PU,inner_race,N09_M07_F10_KI08_9,measured,normal
,1.0,0.0,KI08,normal,PU,inner_race,N15_M01_F10_KI08_1,measured,normal
,1.0,0.0,KI08,normal,PU,inner_race,N15_M01_F10_KI08_10,measured,normal
,1.0,0.0,KI08,normal,PU,inner_race,N15_M01_F10_KI08_11,measured,normal
,1.0,0.0,KI08,normal,PU,inner_race,N15_M01_F10_KI08_12,measured,normal
,1.0,0.0,KI08,normal,PU,inner_race,N15_M01_F10_KI08_13,measured,normal
,1.0,0.0,KI08,normal,PU,inner_race,N15_M01_F10_KI08_14,measured,normal
,1.0,0.0,KI08,normal,PU,inner_race,N15_M01_F10_KI08_15,measured,normal
,0.0,0.0,KI08,normal,PU,inner_race,N15_M01_F10_KI08_16,measured,normal
,1.0,0.0,KI08,normal,PU,inner_race,N15_M01_F10_KI08_17,measured,normal
,1.0,0.0,KI08,normal,PU,inner_race,N15_M01_F10_KI08_18,measured,normal
,1.0,0.0,KI08,normal,PU,inner_race,N15_M01_F10_KI08_19,measured,normal
,1.0,0.0,KI08,normal,PU,inner_race,N15_M01_F10_KI08_2,measured,normal
,1.0,0.0,KI08,normal,PU,inner_race,N15_M01_F10_KI08_20,measured,normal
,0.0,0.0,KI08,normal,PU,inner_race,N15_M01_F10_KI08_3,measured,normal
,1.0,0.0,KI08,normal,PU,inner_race,N15_M01_F10_KI08_4,measured,normal
,1.0,0.0,KI08,normal,PU,inner_race,N15_M01_F10_KI08_5,measured,normal
,1.0,0.0,KI08,normal,PU,inner_race,N15_M01_F10_KI08_6,measured,normal
,1.0,0.0,KI08,normal,PU,inner_race,N15_M01_F10_KI08_7,measured,normal
,1.0,0.0,KI08,normal,PU,inner_race,N15_M01_F10_KI08_8,measured,normal
,1.0,0.0,KI08,normal,PU,inner_race,N15_M01_F10_KI08_9,measured,normal
,1.0,0.0,KI08,normal,PU,inner_race,N15_M07_F04_KI08_1,measured,normal
,0.0,0.0,KI08,normal,PU,inner_race,N15_M07_F04_KI08_10,measured,normal
,0.0,0.0,KI08,normal,PU,inner_race,N15_M07_F04_KI08_11,measured,normal
,1.0,0.0,KI08,normal,PU,inner_race,N15_M07_F04_KI08_12,measured,normal
,1.0,0.0,KI08,normal,PU,inner_race,N15_M07_F04_KI08_13,measured,normal
,1.0,0.0,KI08,normal,PU,inner_race,N15_M07_F04_KI08_14,measured,normal
,0.5,0.0,KI08,normal,PU,inner_race,N15_M07_F04_KI08_15,measured,normal
,0.0,0.0,KI08,normal,PU,inner_race,N15_M07_F04_KI08_16,measured,normal
,0.0,0.0,KI08,normal,PU,inner_race,N15_M07_F04_KI08_17,measured,normal
,1.0,0.0,KI08,normal,PU,inner_race,N15_M07_F04_KI08_18,measured,normal
,0.0,0.0,KI08,normal,PU,inner_race,N15_M07_F04_KI08_19,measured,normal
,0.0,0.0,KI08,normal,PU,inner_race,N15_M07_F04_KI08_2,measured,normal
,0.5,0.0,KI08,normal,PU,inner_race,N15_M07_F04_KI08_20,measured,normal
,0.0,0.0,KI08,normal,PU,inner_race,N15_M07_F04_KI08_3,measured,normal
,1.0,0.0,KI08,normal,PU,inner_race,N15_M07_F04_KI08_4,measured,normal
,1.0,0.0,KI08,normal,PU,inner_race,N15_M07_F04_KI08_5,measured,normal
,1.0,0.0,KI08,normal,PU,inner_race,N15_M07_F04_KI08_6,measured,normal
,1.0,0.0,KI08,normal,PU,inner_race,N15_M07_F04_KI08_7,measured,normal
,1.0,0.0,KI08,normal,PU,inner_race,N15_M07_F04_KI08_8,measured,normal
,0.0,0.0,KI08,normal,PU,inner_race,N15_M07_F04_KI08_9,measured,normal
,0.0,0.0,KI08,normal,PU,inner_race,N15_M07_F10_KI08_1,measured,normal
,1.0,0.0,KI08,normal,PU,inner_race,N15_M07_F10_KI08_10,measured,normal
,0.333,0.0,KI08,normal,PU,inner_race,N15_M07_F10_KI08_11,measured,normal
,0.0,0.0,KI08,normal,PU,inner_race,N15_M07_F10_KI08_12,measured,normal
,1.0,0.0,KI08,normal,PU,inner_race,N15_M07_F10_KI08_13,measured,normal
,0.0,0.0,KI08,normal,PU,inner_race,N15_M07_F10_KI08_14,measured,normal
,0.333,0.0,KI08,normal,PU,inner_race,N15_M07_F10_KI08_15,measured,normal
,1.0,0.0,KI08,normal,PU,inner_race,N15_M07_F10_KI08_16,measured,normal
,0.0,0.0,KI08,normal,PU,inner_race,N15_M07_F10_KI08_17,measured,normal
,1.0,0.0,KI08,normal,PU,inner_race,N15_M07_F10_KI08_18,measured,normal
,0.5,0.0,KI08,normal,PU,inner_race,N15_M07_F10_KI08_19,measured,normal
,0.5,0.0,KI08,normal,PU,inner_race,N15_M07_F10_KI08_2,measured,normal
,0.5,0.0,KI08,normal,PU,inner_race,N15_M07_F10_KI08_20,measured,normal
,0.0,0.0,KI08,normal,PU,inner_race,N15_M07_F10_KI08_3,measured,normal
,0.333,0.0,KI08,normal,PU,inner_race,N15_M07_F10_KI08_4,measured,normal
,1.0,0.0,KI08,normal,PU,inner_race,N15_M07_F10_KI08_5,measured,normal
,0.333,0.0,KI08,normal,PU,inner_race,N15_M07_F10_KI08_6,measured,normal
,0.5,0.0,KI08,normal,PU,inner_race,N15_M07_F10_KI08_7,measured,normal
,1.0,0.0,KI08,normal,PU,inner_race,N15_M07_F10_KI08_8,measured,normal
,1.0,0.0,KI08,normal,PU,inner_race,N15_M07_F10_KI08_9,measured,normal
,1.0,0.0,KI14,normal,PU,inner_race,N09_M07_F10_KI14_1,measured,normal
,1.0,0.0,KI14,normal,PU,inner_race,N09_M07_F10_KI14_10,measured,normal
,1.0,0.0,KI14,normal,PU,inner_race,N09_M07_F10_KI14_11,measured,normal
,1.0,0.0,KI14,inner_race,PU,inner_race,N09_M07_F10_KI14_12,measured,normal
,1.0,1.0,KI14,normal,PU,inner_race,N09_M07_F10_KI14_13,measured,normal
,1.0,1.0,KI14,normal,PU,inner_race,N09_M07_F10_KI14_14,measured,normal
,1.0,0.0,KI14,normal,PU,inner_race,N09_M07_F10_KI14_15,measured,normal
,1.0,0.0,KI14,normal,PU,inner_race,N09_M07_F10_KI14_16,measured,normal
,1.0,0.0,KI14,normal,PU,inner_race,N09_M07_F10_KI14_17,measured,normal
,1.0,1.0,KI14,normal,PU,inner_race,N09_M07_F10_KI14_18,measured,normal
,1.0,0.0,KI14,normal,PU,inner_race,N09_M07_F10_KI14_19,measured,normal
,1.0,0.0,KI14,normal,PU,inner_race,N09_M07_F10_KI14_2,measured,normal
,1.0,0.0,KI14,normal,PU,inner_race,N09_M07_F10_KI14_20,measured,normal
,1.0,0.0,KI14,normal,PU,inner_race,N09_M07_F10_KI14_3,measured,normal
,1.0,0.0,KI14,normal,PU,inner_race,N09_M07_F10_KI14_4,measured,normal
,1.0,0.0,KI14,normal,PU,inner_race,N09_M07_F10_KI14_5,measured,normal
,1.0,0.0,KI14,normal,PU,inner_race,N09_M07_F10_KI14_6,measured,normal
,1.0,1.0,KI14,normal,PU,inner_race,N09_M07_F10_KI14_7,measured,normal
,1.0,0.0,KI14,normal,PU,inner_race,N09_M07_F10_KI14_8,measured,normal
,1.0,0.0,KI14,normal,PU,inner_race,N09_M07_F10_KI14_9,measured,normal
,0.0,0.0,KI14,normal,PU,inner_race,N15_M01_F10_KI14_1,measured,normal
,0.0,0.0,KI14,normal,PU,inner_race,N15_M01_F10_KI14_10,measured,normal
,0.0,0.0,KI14,normal,PU,inner_race,N15_M01_F10_KI14_11,measured,normal
,0.0,0.0,KI14,normal,PU,inner_race,N15_M01_F10_KI14_12,measured,normal
,0.0,0.0,KI14,normal,PU,inner_race,N15_M01_F10_KI14_13,measured,normal
,0.0,0.0,KI14,normal,PU,inner_race,N15_M01_F10_KI14_14,measured,normal
,0.0,0.0,KI14,normal,PU,inner_race,N15_M01_F10_KI14_15,measured,normal
,0.0,0.0,KI14,normal,PU,inner_race,N15_M01_F10_KI14_16,measured,normal
,0.0,0.0,KI14,normal,PU,inner_race,N15_M01_F10_KI14_17,measured,normal
,0.0,0.0,KI14,normal,PU,inner_race,N15_M01_F10_KI14_18,measured,normal
,0.0,0.0,KI14,normal,PU,inner_race,N15_M01_F10_KI14_19,measured,normal
,0.0,0.0,KI14,normal,PU,inner_race,N15_M01_F10_KI14_2,measured,normal
,0.0,0.0,KI14,normal,PU,inner_race,N15_M01_F10_KI14_20,measured,normal
,0.0,0.0,KI14,normal,PU,inner_race,N15_M01_F10_KI14_3,measured,normal
,0.0,0.0,KI14,normal,PU,inner_race,N15_M01_F10_KI14_4,measured,normal
,0.0,0.0,KI14,normal,PU,inner_race,N15_M01_F10_KI14_5,measured,normal
,0.0,0.0,KI14,normal,PU,inner_race,N15_M01_F10_KI14_6,measured,normal
,0.0,0.0,KI14,normal,PU,inner_race,N15_M01_F10_KI14_7,measured,normal
,0.0,0.0,KI14,normal,PU,inner_race,N15_M01_F10_KI14_8,measured,normal
,0.0,0.0,KI14,normal,PU,inner_race,N15_M01_F10_KI14_9,measured,normal
,0.0,0.0,KI14,normal,PU,inner_race,N15_M07_F04_KI14_1,measured,normal
,0.0,0.0,KI14,normal,PU,inner_race,N15_M07_F04_KI14_10,measured,normal
,0.0,0.0,KI14,normal,PU,inner_race,N15_M07_F04_KI14_11,measured,normal
,0.0,0.0,KI14,normal,PU,inner_race,N15_M07_F04_KI14_12,measured,normal
,0.0,0.0,KI14,normal,PU,inner_race,N15_M07_F04_KI14_13,measured,normal
,0.0,0.0,KI14,normal,PU,inner_race,N15_M07_F04_KI14_14,measured,normal
,0.0,0.0,KI14,normal,PU,inner_race,N15_M07_F04_KI14_15,measured,normal
,0.0,0.0,KI14,normal,PU,inner_race,N15_M07_F04_KI14_16,measured,normal
,0.0,0.0,KI14,normal,PU,inner_race,N15_M07_F04_KI14_17,measured,normal
,0.0,0.0,KI14,normal,PU,inner_race,N15_M07_F04_KI14_18,measured,normal
,0.0,0.0,KI14,normal,PU,inner_race,N15_M07_F04_KI14_19,measured,normal
,0.0,0.0,KI14,normal,PU,inner_race,N15_M07_F04_KI14_2,measured,normal
,0.0,0.0,KI14,normal,PU,inner_race,N15_M07_F04_KI14_20,measured,normal
,0.0,0.0,KI14,normal,PU,inner_race,N15_M07_F04_KI14_3,measured,normal
,0.0,0.0,KI14,normal,PU,inner_race,N15_M07_F04_KI14_4,measured,normal
,0.0,0.0,KI14,normal,PU,inner_race,N15_M07_F04_KI14_5,measured,normal
,0.0,0.0,KI14,normal,PU,inner_race,N15_M07_F04_KI14_6,measured,normal
,0.0,0.0,KI14,normal,PU,inner_race,N15_M07_F04_KI14_7,measured,normal
,0.0,0.0,KI14,normal,PU,inner_race,N15_M07_F04_KI14_8,measured,normal
,0.0,0.0,KI14,normal,PU,inner_race,N15_M07_F04_KI14_9,measured,normal
,0.0,0.0,KI14,normal,PU,inner_race,N15_M07_F10_KI14_1,measured,normal
,0.0,0.0,KI14,normal,PU,inner_race,N15_M07_F10_KI14_10,measured,normal
,0.0,0.0,KI14,normal,PU,inner_race,N15_M07_F10_KI14_11,measured,normal
,0.0,0.0,KI14,normal,PU,inner_race,N15_M07_F10_KI14_12,measured,normal
,0.0,0.0,KI14,normal,PU,inner_race,N15_M07_F10_KI14_13,measured,normal
,0.0,0.0,KI14,normal,PU,inner_race,N15_M07_F10_KI14_14,measured,normal
,0.0,0.0,KI14,normal,PU,inner_race,N15_M07_F10_KI14_15,measured,normal
,0.0,0.0,KI14,normal,PU,inner_race,N15_M07_F10_KI14_16,measured,normal
,0.0,0.0,KI14,normal,PU,inner_race,N15_M07_F10_KI14_17,measured,normal
,0.0,0.0,KI14,normal,PU,inner_race,N15_M07_F10_KI14_18,measured,normal
,0.0,0.0,KI14,normal,PU,inner_race,N15_M07_F10_KI14_19,measured,normal
,0.0,0.0,KI14,normal,PU,inner_race,N15_M07_F10_KI14_2,measured,normal
,0.0,0.0,KI14,normal,PU,inner_race,N15_M07_F10_KI14_20,measured,normal
,0.0,0.0,KI14,normal,PU,inner_race,N15_M07_F10_KI14_3,measured,normal
,0.0,0.0,KI14,normal,PU,inner_race,N15_M07_F10_KI14_4,measured,normal
,0.0,0.0,KI14,normal,PU,inner_race,N15_M07_F10_KI14_5,measured,normal
,0.0,0.0,KI14,normal,PU,inner_race,N15_M07_F10_KI14_6,measured,normal
,0.0,0.0,KI14,normal,PU,inner_race,N15_M07_F10_KI14_7,measured,normal
,0.0,0.0,KI14,normal,PU,inner_race,N15_M07_F10_KI14_8,measured,normal
,0.0,0.0,KI14,normal,PU,inner_race,N15_M07_F10_KI14_9,measured,normal
,0.0,0.0,KI16,inner_race,PU,inner_race,N09_M07_F10_KI16_1,measured,inner_race
,0.0,0.0,KI16,inner_race,PU,inner_race,N09_M07_F10_KI16_10,measured,inner_race
,0.0,0.0,KI16,inner_race,PU,inner_race,N09_M07_F10_KI16_11,measured,inner_race
,0.0,0.0,KI16,normal,PU,inner_race,N09_M07_F10_KI16_12,measured,normal
,0.0,0.0,KI16,inner_race,PU,inner_race,N09_M07_F10_KI16_13,measured,inner_race
,0.0,0.0,KI16,normal,PU,inner_race,N09_M07_F10_KI16_14,measured,normal
,0.0,0.0,KI16,inner_race,PU,inner_race,N09_M07_F10_KI16_15,measured,inner_race
,0.0,0.0,KI16,inner_race,PU,inner_race,N09_M07_F10_KI16_16,measured,inner_race
,0.0,1.0,KI16,inner_race,PU,inner_race,N09_M07_F10_KI16_17,measured,inner_race
,0.0,0.0,KI16,inner_race,PU,inner_race,N09_M07_F10_KI16_18,measured,inner_race
,0.0,0.0,KI16,normal,PU,inner_race,N09_M07_F10_KI16_19,measured,normal
,0.0,0.0,KI16,normal,PU,inner_race,N09_M07_F10_KI16_2,measured,normal
,0.0,0.0,KI16,inner_race,PU,inner_race,N09_M07_F10_KI16_20,measured,inner_race
,0.0,0.0,KI16,normal,PU,inner_race,N09_M07_F10_KI16_3,measured,normal
,0.0,0.0,KI16,inner_race,PU,inner_race,N09_M07_F10_KI16_4,measured,inner_race
,0.0,0.0,KI16,inner_race,PU,inner_race,N09_M07_F10_KI16_5,measured,inner_race
,0.0,0.0,KI16,normal,PU,inner_race,N09_M07_F10_KI16_6,measured,normal
,0.0,0.0,KI16,normal,PU,inner_race,N09_M07_F10_KI16_7,measured,normal
,0.0,0.0,KI16,inner_race,PU,inner_race,N09_M07_F10_KI16_8,measured,inner_race
,0.0,0.0,KI16,normal,PU,inner_race,N09_M07_F10_KI16_9,measured,normal
,0.0,1.0,KI16,inner_race,PU,inner_race,N15_M01_F10_KI16_1,measured,inner_race
,0.0,0.0,KI16,inner_race,PU,inner_race,N15_M01_F10_KI16_10,measured,inner_race
,0.0,1.0,KI16,inner_race,PU,inner_race,N15_M01_F10_KI16_11,measured,inner_race
,0.0,1.0,KI16,outer_race,PU,inner_race,N15_M01_F10_KI16_12,measured,inner_race
,0.0,1.0,KI16,outer_race,PU,inner_race,N15_M01_F10_KI16_13,measured,inner_race
,0.0,1.0,KI16,inner_race,PU,inner_race,N15_M01_F10_KI16_14,measured,inner_race
,0.0,0.0,KI16,inner_race,PU,inner_race,N15_M01_F10_KI16_15,measured,inner_race
,0.0,0.0,KI16,inner_race,PU,inner_race,N15_M01_F10_KI16_16,measured,inner_race
,0.0,0.0,KI16,inner_race,PU,inner_race,N15_M01_F10_KI16_17,measured,inner_race
,0.0,0.0,KI16,inner_race,PU,inner_race,N15_M01_F10_KI16_18,measured,inner_race
,0.0,0.0,KI16,inner_race,PU,inner_race,N15_M01_F10_KI16_19,measured,inner_race
,0.0,1.0,KI16,inner_race,PU,inner_race,N15_M01_F10_KI16_2,measured,inner_race
,0.0,1.0,KI16,outer_race,PU,inner_race,N15_M01_F10_KI16_20,measured,inner_race
,0.0,1.0,KI16,inner_race,PU,inner_race,N15_M01_F10_KI16_3,measured,inner_race
,0.0,1.0,KI16,outer_race,PU,inner_race,N15_M01_F10_KI16_4,measured,inner_race
,0.0,1.0,KI16,outer_race,PU,inner_race,N15_M01_F10_KI16_5,measured,inner_race
,0.0,0.0,KI16,inner_race,PU,inner_race,N15_M01_F10_KI16_6,measured,inner_race
,0.0,0.0,KI16,inner_race,PU,inner_race,N15_M01_F10_KI16_7,measured,inner_race
,0.0,1.0,KI16,outer_race,PU,inner_race,N15_M01_F10_KI16_8,measured,inner_race
,0.0,1.0,KI16,outer_race,PU,inner_race,N15_M01_F10_KI16_9,measured,inner_race
,0.0,0.0,KI16,inner_race,PU,inner_race,N15_M07_F04_KI16_1,measured,inner_race
,0.0,0.0,KI16,normal,PU,inner_race,N15_M07_F04_KI16_10,measured,normal
,0.0,0.0,KI16,normal,PU,inner_race,N15_M07_F04_KI16_11,measured,normal
,0.0,0.0,KI16,normal,PU,inner_race,N15_M07_F04_KI16_12,measured,normal
,0.0,0.0,KI16,normal,PU,inner_race,N15_M07_F04_KI16_13,measured,normal
,0.0,0.0,KI16,normal,PU,inner_race,N15_M07_F04_KI16_14,measured,normal
,0.0,0.0,KI16,normal,PU,inner_race,N15_M07_F04_KI16_15,measured,normal
,0.0,0.0,KI16,normal,PU,inner_race,N15_M07_F04_KI16_16,measured,normal
,0.0,0.0,KI16,normal,PU,inner_race,N15_M07_F04_KI16_17,measured,normal
,0.0,0.0,KI16,normal,PU,inner_race,N15_M07_F04_KI16_18,measured,normal
,0.0,0.0,KI16,normal,PU,inner_race,N15_M07_F04_KI16_19,measured,normal
,0.0,0.0,KI16,normal,PU,inner_race,N15_M07_F04_KI16_2,measured,normal
,0.0,0.0,KI16,normal,PU,inner_race,N15_M07_F04_KI16_20,measured,normal
,0.0,0.0,KI16,normal,PU,inner_race,N15_M07_F04_KI16_3,measured,normal
,0.0,0.0,KI16,normal,PU,inner_race,N15_M07_F04_KI16_4,measured,normal
,0.0,0.0,KI16,normal,PU,inner_race,N15_M07_F04_KI16_5,measured,normal
,0.0,0.0,KI16,normal,PU,inner_race,N15_M07_F04_KI16_6,measured,normal
,0.0,0.0,KI16,normal,PU,inner_race,N15_M07_F04_KI16_7,measured,normal
,0.0,0.0,KI16,normal,PU,inner_race,N15_M07_F04_KI16_8,measured,normal
,0.0,0.0,KI16,normal,PU,inner_race,N15_M07_F04_KI16_9,measured,normal
,0.0,0.0,KI16,normal,PU,inner_race,N15_M07_F10_KI16_1,measured,normal
,0.0,0.0,KI16,normal,PU,inner_race,N15_M07_F10_KI16_10,measured,normal
,0.0,0.0,KI16,normal,PU,inner_race,N15_M07_F10_KI16_11,measured,normal
,0.0,0.0,KI16,normal,PU,inner_race,N15_M07_F10_KI16_12,measured,normal
,0.0,0.0,KI16,normal,PU,inner_race,N15_M07_F10_KI16_13,measured,normal
,0.0,0.0,KI16,inner_race,PU,inner_race,N15_M07_F10_KI16_14,measured,inner_race
,0.0,0.0,KI16,inner_race,PU,inner_race,N15_M07_F10_KI16_15,measured,inner_race
,0.0,0.0,KI16,normal,PU,inner_race,N15_M07_F10_KI16_16,measured,normal
,0.0,0.0,KI16,normal,PU,inner_race,N15_M07_F10_KI16_17,measured,normal
,0.0,0.0,KI16,inner_race,PU,inner_race,N15_M07_F10_KI16_18,measured,inner_race
,0.0,0.0,KI16,normal,PU,inner_race,N15_M07_F10_KI16_19,measured,normal
,0.0,0.0,KI16,inner_race,PU,inner_race,N15_M07_F10_KI16_2,measured,inner_race
,0.0,0.0,KI16,normal,PU,inner_race,N15_M07_F10_KI16_20,measured,normal
,0.0,0.0,KI16,normal,PU,inner_race,N15_M07_F10_KI16_3,measured,normal
,0.0,0.0,KI16,normal,PU,inner_race,N15_M07_F10_KI16_4,measured,normal
,0.0,0.0,KI16,inner_race,PU,inner_race,N15_M07_F10_KI16_5,measured,inner_race
,0.0,0.0,KI16,inner_race,PU,inner_race,N15_M07_F10_KI16_6,measured,inner_race
,0.0,0.0,KI16,normal,PU,inner_race,N15_M07_F10_KI16_7,measured,normal
,0.0,0.0,KI16,normal,PU,inner_race,N15_M07_F10_KI16_8,measured,normal
,0.0,0.0,KI16,normal,PU,inner_race,N15_M07_F10_KI16_9,measured,normal
,1.0,0.0,KI17,normal,PU,inner_race,N09_M07_F10_KI17_1,measured,normal
,0.0,0.0,KI17,normal,PU,inner_race,N09_M07_F10_KI17_10,measured,normal
,0.0,0.0,KI17,normal,PU,inner_race,N09_M07_F10_KI17_11,measured,normal
,1.0,0.0,KI17,normal,PU,inner_race,N09_M07_F10_KI17_12,measured,normal
,0.0,0.0,KI17,normal,PU,inner_race,N09_M07_F10_KI17_13,measured,normal
,0.0,0.0,KI17,normal,PU,inner_race,N09_M07_F10_KI17_14,measured,normal
,1.0,0.0,KI17,normal,PU,inner_race,N09_M07_F10_KI17_15,measured,normal
,1.0,0.0,KI17,normal,PU,inner_race,N09_M07_F10_KI17_16,measured,normal
,1.0,0.0,KI17,normal,PU,inner_race,N09_M07_F10_KI17_17,measured,normal
,0.667,0.0,KI17,normal,PU,inner_race,N09_M07_F10_KI17_18,measured,normal
,1.0,0.0,KI17,normal,PU,inner_race,N09_M07_F10_KI17_19,measured,normal
,1.0,0.0,KI17,normal,PU,inner_race,N09_M07_F10_KI17_2,measured,normal
,1.0,0.0,KI17,normal,PU,inner_race,N09_M07_F10_KI17_20,measured,normal
,0.0,0.0,KI17,normal,PU,inner_race,N09_M07_F10_KI17_3,measured,normal
,1.0,0.0,KI17,normal,PU,inner_race,N09_M07_F10_KI17_4,measured,normal
,0.0,0.0,KI17,normal,PU,inner_race,N09_M07_F10_KI17_5,measured,normal
,1.0,0.0,KI17,normal,PU,inner_race,N09_M07_F10_KI17_6,measured,normal
,1.0,0.0,KI17,normal,PU,inner_race,N09_M07_F10_KI17_7,measured,normal
,1.0,0.0,KI17,normal,PU,inner_race,N09_M07_F10_KI17_8,measured,normal
,0.0,0.0,KI17,normal,PU,inner_race,N09_M07_F10_KI17_9,measured,normal
,0.0,0.0,KI17,normal,PU,inner_race,N15_M01_F10_KI17_1,measured,normal
,1.0,0.0,KI17,normal,PU,inner_race,N15_M01_F10_KI17_10,measured,normal
,0.0,0.0,KI17,normal,PU,inner_race,N15_M01_F10_KI17_11,measured,normal
,0.0,0.0,KI17,normal,PU,inner_race,N15_M01_F10_KI17_12,measured,normal
,0.0,0.0,KI17,normal,PU,inner_race,N15_M01_F10_KI17_13,measured,normal
,0.0,0.0,KI17,normal,PU,inner_race,N15_M01_F10_KI17_14,measured,normal
,0.0,0.0,KI17,normal,PU,inner_race,N15_M01_F10_KI17_15,measured,normal
,0.0,0.0,KI17,normal,PU,inner_race,N15_M01_F10_KI17_16,measured,normal
,0.0,0.0,KI17,normal,PU,inner_race,N15_M01_F10_KI17_17,measured,normal
,0.0,0.0,KI17,normal,PU,inner_race,N15_M01_F10_KI17_18,measured,normal
,0.0,0.0,KI17,normal,PU,inner_race,N15_M01_F10_KI17_19,measured,normal
,0.0,0.0,KI17,normal,PU,inner_race,N15_M01_F10_KI17_2,measured,normal
,0.0,0.0,KI17,normal,PU,inner_race,N15_M01_F10_KI17_20,measured,normal
,0.0,0.0,KI17,normal,PU,inner_race,N15_M01_F10_KI17_3,measured,normal
,0.0,0.0,KI17,normal,PU,inner_race,N15_M01_F10_KI17_4,measured,normal
,0.0,0.0,KI17,normal,PU,inner_race,N15_M01_F10_KI17_5,measured,normal
,0.0,0.0,KI17,normal,PU,inner_race,N15_M01_F10_KI17_6,measured,normal
,0.0,0.0,KI17,normal,PU,inner_race,N15_M01_F10_KI17_7,measured,normal
,0.0,0.0,KI17,normal,PU,inner_race,N15_M01_F10_KI17_8,measured,normal
,0.0,0.0,KI17,normal,PU,inner_race,N15_M01_F10_KI17_9,measured,normal
,0.0,0.0,KI17,normal,PU,inner_race,N15_M07_F04_KI17_1,measured,normal
,0.0,0.0,KI17,normal,PU,inner_race,N15_M07_F04_KI17_10,measured,normal
,0.0,0.0,KI17,normal,PU,inner_race,N15_M07_F04_KI17_11,measured,normal
,0.0,0.0,KI17,normal,PU,inner_race,N15_M07_F04_KI17_12,measured,normal
,0.0,0.0,KI17,normal,PU,inner_race,N15_M07_F04_KI17_13,measured,normal
,0.0,0.0,KI17,normal,PU,inner_race,N15_M07_F04_KI17_14,measured,normal
,0.0,0.0,KI17,normal,PU,inner_race,N15_M07_F04_KI17_15,measured,normal
,0.0,0.0,KI17,normal,PU,inner_race,N15_M07_F04_KI17_16,measured,normal
,0.0,0.0,KI17,normal,PU,inner_race,N15_M07_F04_KI17_17,measured,normal
,0.0,0.0,KI17,normal,PU,inner_race,N15_M07_F04_KI17_18,measured,normal
,0.0,0.0,KI17,normal,PU,inner_race,N15_M07_F04_KI17_19,measured,normal
,0.0,0.0,KI17,normal,PU,inner_race,N15_M07_F04_KI17_2,measured,normal
,0.0,0.0,KI17,normal,PU,inner_race,N15_M07_F04_KI17_20,measured,normal
,0.0,0.0,KI17,normal,PU,inner_race,N15_M07_F04_KI17_3,measured,normal
,0.0,0.0,KI17,normal,PU,inner_race,N15_M07_F04_KI17_4,measured,normal
,0.0,0.0,KI17,normal,PU,inner_race,N15_M07_F04_KI17_5,measured,normal
,0.0,0.0,KI17,normal,PU,inner_race,N15_M07_F04_KI17_6,measured,normal
,0.0,0.0,KI17,normal,PU,inner_race,N15_M07_F04_KI17_7,measured,normal
,0.0,0.0,KI17,normal,PU,inner_race,N15_M07_F04_KI17_8,measured,normal
,0.0,0.0,KI17,normal,PU,inner_race,N15_M07_F04_KI17_9,measured,normal
,0.0,0.0,KI17,normal,PU,inner_race,N15_M07_F10_KI17_1,measured,normal
,0.0,0.0,KI17,normal,PU,inner_race,N15_M07_F10_KI17_10,measured,normal
,0.0,0.0,KI17,normal,PU,inner_race,N15_M07_F10_KI17_11,measured,normal
,0.0,0.0,KI17,normal,PU,inner_race,N15_M07_F10_KI17_12,measured,normal
,0.0,0.0,KI17,normal,PU,inner_race,N15_M07_F10_KI17_13,measured,normal
,0.0,0.0,KI17,normal,PU,inner_race,N15_M07_F10_KI17_14,measured,normal
,0.0,0.0,KI17,normal,PU,inner_race,N15_M07_F10_KI17_15,measured,normal
,0.0,0.0,KI17,normal,PU,inner_race,N15_M07_F10_KI17_16,measured,normal
,0.0,0.0,KI17,normal,PU,inner_race,N15_M07_F10_KI17_17,measured,normal
,0.0,0.0,KI17,normal,PU,inner_race,N15_M07_F10_KI17_18,measured,normal
,0.0,0.0,KI17,normal,PU,inner_race,N15_M07_F10_KI17_19,measured,normal
,0.0,0.0,KI17,normal,PU,inner_race,N15_M07_F10_KI17_2,measured,normal
,0.0,0.0,KI17,normal,PU,inner_race,N15_M07_F10_KI17_20,measured,normal
,0.0,0.0,KI17,normal,PU,inner_race,N15_M07_F10_KI17_3,measured,normal
,0.0,0.0,KI17,normal,PU,inner_race,N15_M07_F10_KI17_4,measured,normal
,0.0,0.0,KI17,normal,PU,inner_race,N15_M07_F10_KI17_5,measured,normal
,0.0,0.0,KI17,normal,PU,inner_race,N15_M07_F10_KI17_6,measured,normal
,0.0,0.0,KI17,normal,PU,inner_race,N15_M07_F10_KI17_7,measured,normal
,0.0,0.0,KI17,normal,PU,inner_race,N15_M07_F10_KI17_8,measured,normal
,0.0,0.0,KI17,normal,PU,inner_race,N15_M07_F10_KI17_9,measured,normal
,0.0,0.0,KI18,normal,PU,inner_race,N09_M07_F10_KI18_1,measured,normal
,0.0,0.0,KI18,normal,PU,inner_race,N09_M07_F10_KI18_10,measured,normal
,1.0,0.0,KI18,normal,PU,inner_race,N09_M07_F10_KI18_11,measured,normal
,1.0,0.0,KI18,normal,PU,inner_race,N09_M07_F10_KI18_12,measured,normal
,1.0,0.0,KI18,normal,PU,inner_race,N09_M07_F10_KI18_13,measured,normal
,1.0,0.0,KI18,normal,PU,inner_race,N09_M07_F10_KI18_14,measured,normal
,1.0,0.0,KI18,normal,PU,inner_race,N09_M07_F10_KI18_15,measured,normal
,1.0,0.0,KI18,normal,PU,inner_race,N09_M07_F10_KI18_16,measured,normal
,1.0,0.0,KI18,normal,PU,inner_race,N09_M07_F10_KI18_17,measured,normal
,1.0,0.0,KI18,normal,PU,inner_race,N09_M07_F10_KI18_18,measured,normal
,1.0,0.0,KI18,normal,PU,inner_race,N09_M07_F10_KI18_19,measured,normal
,1.0,0.0,KI18,normal,PU,inner_race,N09_M07_F10_KI18_2,measured,normal
,0.0,0.0,KI18,inner_race,PU,inner_race,N09_M07_F10_KI18_20,measured,inner_race
,1.0,0.0,KI18,normal,PU,inner_race,N09_M07_F10_KI18_3,measured,normal
,1.0,0.0,KI18,normal,PU,inner_race,N09_M07_F10_KI18_4,measured,normal
,1.0,0.0,KI18,normal,PU,inner_race,N09_M07_F10_KI18_5,measured,normal
,0.0,0.0,KI18,inner_race,PU,inner_race,N09_M07_F10_KI18_6,measured,inner_race
,0.0,0.0,KI18,normal,PU,inner_race,N09_M07_F10_KI18_7,measured,normal
,0.0,0.0,KI18,normal,PU,inner_race,N09_M07_F10_KI18_8,measured,normal
,0.0,0.0,KI18,normal,PU,inner_race,N09_M07_F10_KI18_9,measured,normal
,0.0,0.0,KI18,inner_race,PU,inner_race,N15_M01_F10_KI18_1,measured,inner_race
,0.0,0.0,KI18,inner_race,PU,inner_race,N15_M01_F10_KI18_10,measured,inner_race
,0.0,1.0,KI18,inner_race,PU,inner_race,N15_M01_F10_KI18_11,measured,inner_race
,0.0,1.0,KI18,inner_race,PU,inner_race,N15_M01_F10_KI18_12,measured,inner_race
,0.0,0.0,KI18,inner_race,PU,inner_race,N15_M01_F10_KI18_13,measured,inner_race
,0.0,1.0,KI18,inner_race,PU,inner_race,N15_M01_F10_KI18_14,measured,inner_race
,0.0,1.0,KI18,inner_race,PU,inner_race,N15_M01_F10_KI18_15,measured,inner_race
,0.0,0.0,KI18,inner_race,PU,inner_race,N15_M01_F10_KI18_16,measured,inner_race
,0.0,1.0,KI18,inner_race,PU,inner_race,N15_M01_F10_KI18_17,measured,inner_race
,0.0,1.0,KI18,inner_race,PU,inner_race,N15_M01_F10_KI18_18,measured,inner_race
,0.0,0.0,KI18,inner_race,PU,inner_race,N15_M01_F10_KI18_19,measured,inner_race
,0.0,0.0,KI18,inner_race,PU,inner_race,N15_M01_F10_KI18_2,measured,inner_race
,0.0,1.0,KI18,inner_race,PU,inner_race,N15_M01_F10_KI18_20,measured,inner_race
,0.0,1.0,KI18,inner_race,PU,inner_race,N15_M01_F10_KI18_3,measured,inner_race
,0.0,1.0,KI18,inner_race,PU,inner_race,N15_M01_F10_KI18_4,measured,inner_race
,0.0,0.0,KI18,inner_race,PU,inner_race,N15_M01_F10_KI18_5,measured,inner_race
,0.0,0.0,KI18,inner_race,PU,inner_race,N15_M01_F10_KI18_6,measured,inner_race
,0.0,1.0,KI18,inner_race,PU,inner_race,N15_M01_F10_KI18_7,measured,inner_race
,0.0,1.0,KI18,inner_race,PU,inner_race,N15_M01_F10_KI18_8,measured,inner_race
,0.0,1.0,KI18,inner_race,PU,inner_race,N15_M01_F10_KI18_9,measured,inner_race
,0.0,0.0,KI18,normal,PU,inner_race,N15_M07_F04_KI18_1,measured,normal
,0.0,0.0,KI18,normal,PU,inner_race,N15_M07_F04_KI18_10,measured,normal
,0.0,0.0,KI18,normal,PU,inner_race,N15_M07_F04_KI18_11,measured,normal
,0.0,0.0,KI18,normal,PU,inner_race,N15_M07_F04_KI18_12,measured,normal
,0.0,0.0,KI18,normal,PU,inner_race,N15_M07_F04_KI18_13,measured,normal
,0.0,0.0,KI18,normal,PU,inner_race,N15_M07_F04_KI18_14,measured,normal
,0.0,0.0,KI18,normal,PU,inner_race,N15_M07_F04_KI18_15,measured,normal
,0.0,0.0,KI18,normal,PU,inner_race,N15_M07_F04_KI18_16,measured,normal
,0.0,0.0,KI18,normal,PU,inner_race,N15_M07_F04_KI18_17,measured,normal
,0.0,0.0,KI18,normal,PU,inner_race,N15_M07_F04_KI18_18,measured,normal
,0.0,0.0,KI18,normal,PU,inner_race,N15_M07_F04_KI18_19,measured,normal
,0.0,0.0,KI18,normal,PU,inner_race,N15_M07_F04_KI18_2,measured,normal
,0.0,0.0,KI18,normal,PU,inner_race,N15_M07_F04_KI18_20,measured,normal
,0.0,0.0,KI18,normal,PU,inner_race,N15_M07_F04_KI18_3,measured,normal
,0.0,0.0,KI18,normal,PU,inner_race,N15_M07_F04_KI18_4,measured,normal
,0.0,0.0,KI18,normal,PU,inner_race,N15_M07_F04_KI18_5,measured,normal
,0.0,0.0,KI18,normal,PU,inner_race,N15_M07_F04_KI18_6,measured,normal
,0.0,0.0,KI18,normal,PU,inner_race,N15_M07_F04_KI18_7,measured,normal
,0.0,0.0,KI18,normal,PU,inner_race,N15_M07_F04_KI18_8,measured,normal
,0.0,0.0,KI18,normal,PU,inner_race,N15_M07_F04_KI18_9,measured,normal
,0.0,1.0,KI18,inner_race,PU,inner_race,N15_M07_F10_KI18_1,measured,inner_race
,0.0,1.0,KI18,inner_race,PU,inner_race,N15_M07_F10_KI18_10,measured,inner_race
,0.0,1.0,KI18,inner_race,PU,inner_race,N15_M07_F10_KI18_11,measured,inner_race
,0.0,1.0,KI18,inner_race,PU,inner_race,N15_M07_F10_KI18_12,measured,inner_race
,0.0,1.0,KI18,inner_race,PU,inner_race,N15_M07_F10_KI18_13,measured,inner_race
,0.0,0.0,KI18,inner_race,PU,inner_race,N15_M07_F10_KI18_14,measured,inner_race
,0.0,1.0,KI18,inner_race,PU,inner_race,N15_M07_F10_KI18_15,measured,inner_race
,0.0,0.0,KI18,inner_race,PU,inner_race,N15_M07_F10_KI18_16,measured,inner_race
,0.0,0.0,KI18,inner_race,PU,inner_race,N15_M07_F10_KI18_17,measured,inner_race
,0.0,1.0,KI18,inner_race,PU,inner_race,N15_M07_F10_KI18_18,measured,inner_race
,0.0,1.0,KI18,inner_race,PU,inner_race,N15_M07_F10_KI18_19,measured,inner_race
,0.0,1.0,KI18,inner_race,PU,inner_race,N15_M07_F10_KI18_2,measured,inner_race
,0.0,1.0,KI18,inner_race,PU,inner_race,N15_M07_F10_KI18_20,measured,inner_race
,0.0,0.0,KI18,inner_race,PU,inner_race,N15_M07_F10_KI18_3,measured,inner_race
,0.0,1.0,KI18,inner_race,PU,inner_race,N15_M07_F10_KI18_4,measured,inner_race
,0.0,1.0,KI18,inner_race,PU,inner_race,N15_M07_F10_KI18_5,measured,inner_race
,0.0,0.0,KI18,inner_race,PU,inner_race,N15_M07_F10_KI18_6,measured,inner_race
,0.0,1.0,KI18,inner_race,PU,inner_race,N15_M07_F10_KI18_7,measured,inner_race
,0.0,1.0,KI18,inner_race,PU,inner_race,N15_M07_F10_KI18_8,measured,inner_race
,0.0,1.0,KI18,inner_race,PU,inner_race,N15_M07_F10_KI18_9,measured,inner_race
,1.0,0.0,KI21,normal,PU,inner_race,N09_M07_F10_KI21_1,measured,normal
,1.0,0.0,KI21,normal,PU,inner_race,N09_M07_F10_KI21_10,measured,normal
,1.0,1.0,KI21,normal,PU,inner_race,N09_M07_F10_KI21_11,measured,normal
,1.0,1.0,KI21,normal,PU,inner_race,N09_M07_F10_KI21_12,measured,normal
,1.0,0.0,KI21,normal,PU,inner_race,N09_M07_F10_KI21_13,measured,normal
,1.0,0.0,KI21,normal,PU,inner_race,N09_M07_F10_KI21_14,measured,normal
,1.0,0.0,KI21,normal,PU,inner_race,N09_M07_F10_KI21_15,measured,normal
,1.0,0.0,KI21,normal,PU,inner_race,N09_M07_F10_KI21_16,measured,normal
,1.0,0.0,KI21,normal,PU,inner_race,N09_M07_F10_KI21_17,measured,normal
,1.0,0.0,KI21,normal,PU,inner_race,N09_M07_F10_KI21_18,measured,normal
,1.0,0.0,KI21,normal,PU,inner_race,N09_M07_F10_KI21_19,measured,normal
,1.0,1.0,KI21,normal,PU,inner_race,N09_M07_F10_KI21_2,measured,normal
,1.0,0.0,KI21,normal,PU,inner_race,N09_M07_F10_KI21_20,measured,normal
,1.0,1.0,KI21,normal,PU,inner_race,N09_M07_F10_KI21_3,measured,normal
,1.0,0.0,KI21,normal,PU,inner_race,N09_M07_F10_KI21_4,measured,normal
,1.0,0.0,KI21,normal,PU,inner_race,N09_M07_F10_KI21_5,measured,normal
,1.0,0.0,KI21,normal,PU,inner_race,N09_M07_F10_KI21_6,measured,normal
,1.0,1.0,KI21,normal,PU,inner_race,N09_M07_F10_KI21_7,measured,normal
,1.0,0.0,KI21,normal,PU,inner_race,N09_M07_F10_KI21_8,measured,normal
,1.0,0.0,KI21,normal,PU,inner_race,N09_M07_F10_KI21_9,measured,normal
,1.0,0.0,KI21,normal,PU,inner_race,N15_M01_F10_KI21_1,measured,normal
,0.0,0.0,KI21,normal,PU,inner_race,N15_M01_F10_KI21_10,measured,normal
,0.0,0.0,KI21,normal,PU,inner_race,N15_M01_F10_KI21_11,measured,normal
,0.0,0.0,KI21,normal,PU,inner_race,N15_M01_F10_KI21_12,measured,normal
,0.0,0.0,KI21,normal,PU,inner_race,N15_M01_F10_KI21_13,measured,normal
,0.0,0.0,KI21,normal,PU,inner_race,N15_M01_F10_KI21_14,measured,normal
,0.0,0.0,KI21,normal,PU,inner_race,N15_M01_F10_KI21_15,measured,normal
,1.0,0.0,KI21,normal,PU,inner_race,N15_M01_F10_KI21_16,measured,normal
,0.0,0.0,KI21,normal,PU,inner_race,N15_M01_F10_KI21_17,measured,normal
,0.0,0.0,KI21,normal,PU,inner_race,N15_M01_F10_KI21_18,measured,normal
,0.0,0.0,KI21,normal,PU,inner_race,N15_M01_F10_KI21_19,measured,normal
,0.0,0.0,KI21,normal,PU,inner_race,N15_M01_F10_KI21_2,measured,normal
,0.0,0.0,KI21,normal,PU,inner_race,N15_M01_F10_KI21_20,measured,normal
,0.0,0.0,KI21,normal,PU,inner_race,N15_M01_F10_KI21_3,measured,normal
,0.0,0.0,KI21,normal,PU,inner_race,N15_M01_F10_KI21_4,measured,normal
,0.0,0.0,KI21,normal,PU,inner_race,N15_M01_F10_KI21_5,measured,normal
,0.0,0.0,KI21,normal,PU,inner_race,N15_M01_F10_KI21_6,measured,normal
,1.0,0.0,KI21,normal,PU,inner_race,N15_M01_F10_KI21_7,measured,normal
,0.0,0.0,KI21,normal,PU,inner_race,N15_M01_F10_KI21_8,measured,normal
,0.0,0.0,KI21,normal,PU,inner_race,N15_M01_F10_KI21_9,measured,normal
,0.0,0.0,KI21,normal,PU,inner_race,N15_M07_F04_KI21_1,measured,normal
,0.0,0.0,KI21,normal,PU,inner_race,N15_M07_F04_KI21_10,measured,normal
,0.0,0.0,KI21,normal,PU,inner_race,N15_M07_F04_KI21_11,measured,normal
,0.0,0.0,KI21,normal,PU,inner_race,N15_M07_F04_KI21_12,measured,normal
,0.0,0.0,KI21,normal,PU,inner_race,N15_M07_F04_KI21_13,measured,normal
,0.0,0.0,KI21,normal,PU,inner_race,N15_M07_F04_KI21_14,measured,normal
,0.0,0.0,KI21,normal,PU,inner_race,N15_M07_F04_KI21_15,measured,normal
,0.0,0.0,KI21,normal,PU,inner_race,N15_M07_F04_KI21_16,measured,normal
,0.0,0.0,KI21,normal,PU,inner_race,N15_M07_F04_KI21_17,measured,normal
,0.0,0.0,KI21,normal,PU,inner_race,N15_M07_F04_KI21_18,measured,normal
,0.0,0.0,KI21,normal,PU,inner_race,N15_M07_F04_KI21_19,measured,normal
,0.0,0.0,KI21,normal,PU,inner_race,N15_M07_F04_KI21_2,measured,normal
,0.0,0.0,KI21,normal,PU,inner_race,N15_M07_F04_KI21_20,measured,normal
,0.0,0.0,KI21,normal,PU,inner_race,N15_M07_F04_KI21_3,measured,normal
,0.0,0.0,KI21,normal,PU,inner_race,N15_M07_F04_KI21_4,measured,normal
,0.0,0.0,KI21,normal,PU,inner_race,N15_M07_F04_KI21_5,measured,normal
,0.0,0.0,KI21,normal,PU,inner_race,N15_M07_F04_KI21_6,measured,normal
,0.0,0.0,KI21,normal,PU,inner_race,N15_M07_F04_KI21_7,measured,normal
,0.0,0.0,KI21,normal,PU,inner_race,N15_M07_F04_KI21_8,measured,normal
,0.0,0.0,KI21,normal,PU,inner_race,N15_M07_F04_KI21_9,measured,normal
,0.0,0.0,KI21,normal,PU,inner_race,N15_M07_F10_KI21_1,measured,normal
,0.0,0.0,KI21,normal,PU,inner_race,N15_M07_F10_KI21_10,measured,normal
,0.0,0.0,KI21,normal,PU,inner_race,N15_M07_F10_KI21_11,measured,normal
,0.0,0.0,KI21,normal,PU,inner_race,N15_M07_F10_KI21_12,measured,normal
,0.0,0.0,KI21,normal,PU,inner_race,N15_M07_F10_KI21_13,measured,normal
,0.0,0.0,KI21,normal,PU,inner_race,N15_M07_F10_KI21_14,measured,normal
,0.0,0.0,KI21,normal,PU,inner_race,N15_M07_F10_KI21_15,measured,normal
,0.0,0.0,KI21,normal,PU,inner_race,N15_M07_F10_KI21_16,measured,normal
,0.0,0.0,KI21,normal,PU,inner_race,N15_M07_F10_KI21_17,measured,normal
,0.0,0.0,KI21,normal,PU,inner_race,N15_M07_F10_KI21_18,measured,normal
,0.0,0.0,KI21,normal,PU,inner_race,N15_M07_F10_KI21_19,measured,normal
,0.0,0.0,KI21,normal,PU,inner_race,N15_M07_F10_KI21_2,measured,normal
,0.0,0.0,KI21,normal,PU,inner_race,N15_M07_F10_KI21_20,measured,normal
,0.0,0.0,KI21,normal,PU,inner_race,N15_M07_F10_KI21_3,measured,normal
,0.0,0.0,KI21,normal,PU,inner_race,N15_M07_F10_KI21_4,measured,normal
,0.0,0.0,KI21,normal,PU,inner_race,N15_M07_F10_KI21_5,measured,normal
,0.0,0.0,KI21,normal,PU,inner_race,N15_M07_F10_KI21_6,measured,normal
,0.0,0.0,KI21,normal,PU,inner_race,N15_M07_F10_KI21_7,measured,normal
,0.0,0.0,KI21,normal,PU,inner_race,N15_M07_F10_KI21_8,measured,normal
,0.0,0.0,KI21,normal,PU,inner_race,N15_M07_F10_KI21_9,measured,normal
