[{"stream_name":"stdout","time":6.273406267,"data":"{'device': 'Tesla T4', 'capability': [7, 5], 'group': 'g3'}\n"}
,{"stream_name":"stdout","time":6.273483596,"data":"RUN /usr/bin/python3 -u /kaggle/input/datasets/rhrhrhrhrh/physgate-m0-code/sdalr_runner.py --sdalr /kaggle/input/datasets/rhrhrhrhrh/physgate-m0-code --m0 /kaggle/input/datasets/rhrhrhrhrh/physgate-k10-g3 --dataset PU_M1 --src-fold S06 --tgt-fold S06 --variant final_checkpoint --work /kaggle/working/k10/S06 --seed 2024 --gate none --gate-verdicts /kaggle/input/datasets/rhrhrhrhrh/physgate-m0-code/gate_verdicts.json\n"}
,{"stream_name":"stdout","time":21.097885958,"data":"\n"}
,{"stream_name":"stdout","time":21.097918641,"data":"\n"}
,{"stream_name":"stdout","time":21.097923602,"data":"现在开始拿源域训练集：(B1)N15_M01_F10 进行训练\n"}
,{"stream_name":"stdout","time":21.097927811,"data":"源域读取路径：/kaggle/working/k10/S06/sdalr_PU_final_checkpoint/DATA_foldS06/PU_M1_L3/N15_M01_F10_label.txt\n"}
,{"stream_name":"stdout","time":21.09793122,"data":"excel输出位置：/kaggle/working/k10/S06/weight_src_PU_M1_FS06_s2024/NEW_PU/Source-源域\n"}
,{"stream_name":"stdout","time":21.09793465,"data":"log\u0026pt输出位置：/kaggle/working/k10/S06/weight_src_PU_M1_FS06_s2024/NEW_PU/Source-源域/log\u0026pt/(B1)N15_M01_F10\n"}
,{"stream_name":"stdout","time":21.098424859,"data":"特征图片输出位置：/kaggle/working/k10/S06/weight_src_PU_M1_FS06_s2024/NEW_PU/Picture-特征图/2026年09月19日03时05分/(B1)N15_M01_F10\n"}
,{"stream_name":"stderr","time":21.099780726,"data":"sh: 1: Syntax error: word unexpected (expecting \")\")\n"}
,{"stream_name":"stdout","time":21.100282785,"data":"源域训练开始\n"}
,{"stream_name":"stderr","time":23.331615657,"data":"/usr/local/lib/python3.12/dist-packages/torch/nn/utils/weight_norm.py:144: FutureWarning: `torch.nn.utils.weight_norm` is deprecated in favor of `torch.nn.utils.parametrizations.weight_norm`.\n"}
,{"stream_name":"stderr","time":23.331952767,"data":"  WeightNorm.apply(module, name, dim)\n"}
,{"stream_name":"stdout","time":32.153059226,"data":"轮次:··1/·10 || loss:0.177 || 耗时：8.76s\n"}
,{"stream_name":"stdout","time":39.998404201,"data":"轮次:··2/·10 || loss:0.032 || 耗时：7.79s\n"}
,{"stream_name":"stdout","time":47.963699228,"data":"轮次:··3/·10 || loss:0.039 || 耗时：7.91s\n"}
,{"stream_name":"stdout","time":55.952971326,"data":"轮次:··4/·10 || loss:0.028 || 耗时：7.93s\n"}
,{"stream_name":"stdout","time":63.965375411,"data":"轮次:··5/·10 || loss:0.070 || 耗时：7.96s\n"}
,{"stream_name":"stdout","time":64.565411491,"data":"任务: (B1)N15_M01_F10; mix批次:····0; 批次:··330/··660; 总正确率 = 96.47%\n"}
,{"stream_name":"stdout","time":64.565450707,"data":"类型1 正确率： 100.00% -\u003e 1  100.00%, 2    0.00%, 3    0.00%\n"}
,{"stream_name":"stdout","time":64.565455689,"data":"类型2 正确率：  90.00% -\u003e 1    0.00%, 2   89.89%, 3   10.11%\n"}
,{"stream_name":"stdout","time":64.565470538,"data":"类型3 正确率： 100.00% -\u003e 1    0.00%, 2    0.48%, 3   99.52%\n"}
,{"stream_name":"stdout","time":64.56547404,"data":"\n"}
,{"stream_name":"stdout","time":64.56547721,"data":"\n"}
,{"stream_name":"stdout","time":72.734032048,"data":"轮次:··6/·10 || loss:0.026 || 耗时：8.06s\n"}
,{"stream_name":"stdout","time":80.93629832,"data":"轮次:··7/·10 || loss:0.083 || 耗时：8.14s\n"}
,{"stream_name":"stdout","time":89.171303551,"data":"轮次:··8/·10 || loss:0.007 || 耗时：8.18s\n"}
,{"stream_name":"stdout","time":97.511350019,"data":"轮次:··9/·10 || loss:0.005 || 耗时：8.28s\n"}
,{"stream_name":"stdout","time":105.897498724,"data":"轮次:·10/·10 || loss:0.003 || 耗时：8.32s\n"}
,{"stream_name":"stdout","time":106.465877328,"data":"任务: (B1)N15_M01_F10; mix批次:····0; 批次:··660/··660; 总正确率 = 96.99%\n"}
,{"stream_name":"stdout","time":106.465909244,"data":"类型1 正确率： 100.00% -\u003e 1  100.00%, 2    0.00%, 3    0.00%\n"}
,{"stream_name":"stdout","time":106.465915249,"data":"类型2 正确率：  91.00% -\u003e 1    0.00%, 2   90.96%, 3    9.04%\n"}
,{"stream_name":"stdout","time":106.465919033,"data":"类型3 正确率： 100.00% -\u003e 1    0.00%, 2    0.00%, 3  100.00%\n"}
,{"stream_name":"stdout","time":106.465922688,"data":"\n"}
,{"stream_name":"stdout","time":106.465926214,"data":"\n"}
,{"stream_name":"stdout","time":107.674139459,"data":"测试集任务: (B1)N15_M01_F10; 总正确率 = 96.95%\n"}
,{"stream_name":"stdout","time":107.674170276,"data":"类型1 正确率： 100.00% -\u003e 1  100.00%, 2    0.00%, 3    0.00%\n"}
,{"stream_name":"stdout","time":107.674175062,"data":"类型2 正确率：  91.00% -\u003e 1    0.00%, 2   91.35%, 3    8.65%\n"}
,{"stream_name":"stdout","time":107.674178467,"data":"类型3 正确率： 100.00% -\u003e 1    0.00%, 2    0.48%, 3   99.52%\n"}
,{"stream_name":"stdout","time":107.674182127,"data":"\n"}
,{"stream_name":"stdout","time":107.674185163,"data":"\n"}
,{"stream_name":"stdout","time":107.687966057,"data":"源域训练结束\n"}
,{"stream_name":"stdout","time":107.68798883,"data":"\n"}
,{"stream_name":"stdout","time":107.687994156,"data":"训练好之后，测试目标域\n"}
,{"stream_name":"stdout","time":107.688009525,"data":"目标域路径：/kaggle/working/k10/S06/sdalr_PU_final_checkpoint/DATA_foldS06/PU_M1_L3/N15_M07_F10_label.txt\n"}
,{"stream_name":"stderr","time":108.08394872,"data":"/usr/local/lib/python3.12/dist-packages/torch/nn/utils/weight_norm.py:144: FutureWarning: `torch.nn.utils.weight_norm` is deprecated in favor of `torch.nn.utils.parametrizations.weight_norm`.\n"}
,{"stream_name":"stderr","time":108.083986483,"data":"  WeightNorm.apply(module, name, dim)\n"}
,{"stream_name":"stdout","time":109.256888883,"data":"测试目标数据集结果如下：\n"}
,{"stream_name":"stdout","time":109.256922057,"data":"任务: (B1)N15_M01_F10→(B2)N15_M07_F10, 正确率 = 99.58%\n"}
,{"stream_name":"stdout","time":109.256927042,"data":"类型1 正确率： 100.00% -\u003e 1  100.00%, 2    0.00%, 3    0.00%\n"}
,{"stream_name":"stdout","time":109.256931559,"data":"类型2 正确率：  99.00% -\u003e 1    0.00%, 2   98.97%, 3    1.03%\n"}
,{"stream_name":"stdout","time":109.256935257,"data":"类型3 正确率： 100.00% -\u003e 1    0.00%, 2    0.24%, 3   99.76%\n"}
,{"stream_name":"stdout","time":109.256938995,"data":"\n"}
,{"stream_name":"stdout","time":109.257288774,"data":"目标域路径：/kaggle/working/k10/S06/sdalr_PU_final_checkpoint/DATA_foldS06/PU_M1_L3/N15_M07_F04_label.txt\n"}
,{"stream_name":"stderr","time":109.666741791,"data":"/usr/local/lib/python3.12/dist-packages/torch/nn/utils/weight_norm.py:144: FutureWarning: `torch.nn.utils.weight_norm` is deprecated in favor of `torch.nn.utils.parametrizations.weight_norm`.\n"}
,{"stream_name":"stderr","time":109.666799641,"data":"  WeightNorm.apply(module, name, dim)\n"}
,{"stream_name":"stdout","time":110.833023942,"data":"测试目标数据集结果如下：\n"}
,{"stream_name":"stdout","time":110.833054198,"data":"任务: (B1)N15_M01_F10→(B3)N15_M07_F04, 正确率 = 85.80%\n"}
,{"stream_name":"stdout","time":110.833062144,"data":"类型1 正确率： 100.00% -\u003e 1  100.00%, 2    0.00%, 3    0.00%\n"}
,{"stream_name":"stdout","time":110.833065799,"data":"类型2 正确率：  79.00% -\u003e 1    0.00%, 2   79.06%, 3   20.94%\n"}
,{"stream_name":"stdout","time":110.833085876,"data":"类型3 正确率：  78.00% -\u003e 1    1.31%, 2   20.37%, 3   78.33%\n"}
,{"stream_name":"stdout","time":110.833089079,"data":"\n"}
,{"stream_name":"stdout","time":110.833452685,"data":"\n"}
,{"stream_name":"stdout","time":110.833464136,"data":"\n"}
,{"stream_name":"stdout","time":110.833467406,"data":"现在开始拿源域训练集：(B2)N15_M07_F10 进行训练\n"}
,{"stream_name":"stdout","time":110.833470592,"data":"源域读取路径：/kaggle/working/k10/S06/sdalr_PU_final_checkpoint/DATA_foldS06/PU_M1_L3/N15_M07_F10_label.txt\n"}
,{"stream_name":"stdout","time":110.833473726,"data":"excel输出位置：/kaggle/working/k10/S06/weight_src_PU_M1_FS06_s2024/NEW_PU/Source-源域\n"}
,{"stream_name":"stdout","time":110.833485823,"data":"log\u0026pt输出位置：/kaggle/working/k10/S06/weight_src_PU_M1_FS06_s2024/NEW_PU/Source-源域/log\u0026pt/(B2)N15_M07_F10\n"}
,{"stream_name":"stdout","time":110.833816465,"data":"特征图片输出位置：/kaggle/working/k10/S06/weight_src_PU_M1_FS06_s2024/NEW_PU/Picture-特征图/2026年09月19日03时05分/(B2)N15_M07_F10\n"}
,{"stream_name":"stderr","time":110.835370039,"data":"sh: 1: Syntax error: word unexpected (expecting \")\")\n"}
,{"stream_name":"stdout","time":110.835986154,"data":"源域训练开始\n"}
,{"stream_name":"stderr","time":112.778426706,"data":"/usr/local/lib/python3.12/dist-packages/torch/nn/utils/weight_norm.py:144: FutureWarning: `torch.nn.utils.weight_norm` is deprecated in favor of `torch.nn.utils.parametrizations.weight_norm`.\n"}
,{"stream_name":"stderr","time":112.778467892,"data":"  WeightNorm.apply(module, name, dim)\n"}
,{"stream_name":"stdout","time":121.35735197,"data":"轮次:··1/·10 || loss:0.046 || 耗时：8.52s\n"}
,{"stream_name":"stdout","time":129.901886964,"data":"轮次:··2/·10 || loss:0.017 || 耗时：8.48s\n"}
,{"stream_name":"stdout","time":138.514955001,"data":"轮次:··3/·10 || loss:0.020 || 耗时：8.55s\n"}
,{"stream_name":"stdout","time":147.158805268,"data":"轮次:··4/·10 || loss:0.003 || 耗时：8.58s\n"}
,{"stream_name":"stdout","time":155.855313518,"data":"轮次:··5/·10 || loss:0.008 || 耗时：8.63s\n"}
,{"stream_name":"stdout","time":156.43820597,"data":"任务: (B2)N15_M07_F10; mix批次:····0; 批次:··330/··660; 总正确率 = 98.54%\n"}
,{"stream_name":"stdout","time":156.438238488,"data":"类型1 正确率： 100.00% -\u003e 1  100.00%, 2    0.00%, 3    0.00%\n"}
,{"stream_name":"stdout","time":156.438246088,"data":"类型2 正确率： 100.00% -\u003e 1    0.00%, 2  100.00%, 3    0.00%\n"}
,{"stream_name":"stdout","time":156.438252676,"data":"类型3 正确率：  96.00% -\u003e 1    0.00%, 2    4.37%, 3   95.63%\n"}
,{"stream_name":"stdout","time":156.438258943,"data":"\n"}
,{"stream_name":"stdout","time":156.438264332,"data":"\n"}
,{"stream_name":"stdout","time":165.234466242,"data":"轮次:··6/·10 || loss:0.002 || 耗时：8.70s\n"}
,{"stream_name":"stdout","time":174.034939664,"data":"轮次:··7/·10 || loss:0.002 || 耗时：8.73s\n"}
,{"stream_name":"stdout","time":182.883943411,"data":"轮次:··8/·10 || loss:0.001 || 耗时：8.79s\n"}
,{"stream_name":"stdout","time":191.786798153,"data":"轮次:··9/·10 || loss:0.004 || 耗时：8.84s\n"}
,{"stream_name":"stdout","time":200.688871366,"data":"轮次:·10/·10 || loss:0.000 || 耗时：8.84s\n"}
,{"stream_name":"stdout","time":201.286753106,"data":"任务: (B2)N15_M07_F10; mix批次:····0; 批次:··660/··660; 总正确率 = 99.84%\n"}
,{"stream_name":"stdout","time":201.286796866,"data":"类型1 正确率： 100.00% -\u003e 1  100.00%, 2    0.00%, 3    0.00%\n"}
,{"stream_name":"stdout","time":201.286803357,"data":"类型2 正确率： 100.00% -\u003e 1    0.00%, 2  100.00%, 3    0.00%\n"}
,{"stream_name":"stdout","time":201.28682393,"data":"类型3 正确率： 100.00% -\u003e 1    0.00%, 2    0.49%, 3   99.51%\n"}
,{"stream_name":"stdout","time":201.286827471,"data":"\n"}
,{"stream_name":"stdout","time":201.286830498,"data":"\n"}
,{"stream_name":"stdout","time":202.565023704,"data":"测试集任务: (B2)N15_M07_F10; 总正确率 = 99.75%\n"}
,{"stream_name":"stdout","time":202.565053209,"data":"类型1 正确率： 100.00% -\u003e 1  100.00%, 2    0.00%, 3    0.00%\n"}
,{"stream_name":"stdout","time":202.565057817,"data":"类型2 正确率：  99.00% -\u003e 1    0.00%, 2   99.26%, 3    0.74%\n"}
,{"stream_name":"stdout","time":202.565062059,"data":"类型3 正确率： 100.00% -\u003e 1    0.00%, 2    0.00%, 3  100.00%\n"}
,{"stream_name":"stdout","time":202.56506562,"data":"\n"}
,{"stream_name":"stdout","time":202.565068921,"data":"\n"}
,{"stream_name":"stdout","time":202.574615358,"data":"源域训练结束\n"}
,{"stream_name":"stdout","time":202.574629378,"data":"\n"}
,{"stream_name":"stdout","time":202.574633052,"data":"训练好之后，测试目标域\n"}
,{"stream_name":"stdout","time":202.574636726,"data":"目标域路径：/kaggle/working/k10/S06/sdalr_PU_final_checkpoint/DATA_foldS06/PU_M1_L3/N15_M01_F10_label.txt\n"}
,{"stream_name":"stderr","time":202.988504708,"data":"/usr/local/lib/python3.12/dist-packages/torch/nn/utils/weight_norm.py:144: FutureWarning: `torch.nn.utils.weight_norm` is deprecated in favor of `torch.nn.utils.parametrizations.weight_norm`.\n"}
,{"stream_name":"stderr","time":202.988544737,"data":"  WeightNorm.apply(module, name, dim)\n"}
,{"stream_name":"stdout","time":204.220082498,"data":"测试目标数据集结果如下：\n"}
,{"stream_name":"stdout","time":204.220113496,"data":"任务: (B2)N15_M07_F10→(B1)N15_M01_F10, 正确率 = 91.73%\n"}
,{"stream_name":"stdout","time":204.220118143,"data":"类型1 正确率： 100.00% -\u003e 1  100.00%, 2    0.00%, 3    0.00%\n"}
,{"stream_name":"stdout","time":204.220122097,"data":"类型2 正确率：  76.00% -\u003e 1    0.25%, 2   75.68%, 3   24.07%\n"}
,{"stream_name":"stdout","time":204.220125726,"data":"类型3 正确率：  99.00% -\u003e 1    0.00%, 2    0.50%, 3   99.50%\n"}
,{"stream_name":"stdout","time":204.220129391,"data":"\n"}
,{"stream_name":"stdout","time":204.220518569,"data":"目标域路径：/kaggle/working/k10/S06/sdalr_PU_final_checkpoint/DATA_foldS06/PU_M1_L3/N15_M07_F04_label.txt\n"}
,{"stream_name":"stderr","time":204.628591912,"data":"/usr/local/lib/python3.12/dist-packages/torch/nn/utils/weight_norm.py:144: FutureWarning: `torch.nn.utils.weight_norm` is deprecated in favor of `torch.nn.utils.parametrizations.weight_norm`.\n"}
,{"stream_name":"stderr","time":204.628635053,"data":"  WeightNorm.apply(module, name, dim)\n"}
,{"stream_name":"stdout","time":205.861443796,"data":"测试目标数据集结果如下：\n"}
,{"stream_name":"stdout","time":205.861505138,"data":"任务: (B2)N15_M07_F10→(B3)N15_M07_F04, 正确率 = 91.13%\n"}
,{"stream_name":"stdout","time":205.86151181,"data":"类型1 正确率： 100.00% -\u003e 1  100.00%, 2    0.00%, 3    0.00%\n"}
,{"stream_name":"stdout","time":205.861517072,"data":"类型2 正确率：  81.00% -\u003e 1    0.00%, 2   80.85%, 3   19.15%\n"}
,{"stream_name":"stdout","time":205.861521599,"data":"类型3 正确率：  93.00% -\u003e 1    1.33%, 2    6.12%, 3   92.55%\n"}
,{"stream_name":"stdout","time":205.861525858,"data":"\n"}
,{"stream_name":"stdout","time":205.861806347,"data":"\n"}
,{"stream_name":"stdout","time":205.862380106,"data":"\n"}
,{"stream_name":"stdout","time":205.862389294,"data":"现在开始拿源域训练集：(B3)N15_M07_F04 进行训练\n"}
,{"stream_name":"stdout","time":205.862401388,"data":"源域读取路径：/kaggle/working/k10/S06/sdalr_PU_final_checkpoint/DATA_foldS06/PU_M1_L3/N15_M07_F04_label.txt\n"}
,{"stream_name":"stdout","time":205.862406027,"data":"excel输出位置：/kaggle/working/k10/S06/weight_src_PU_M1_FS06_s2024/NEW_PU/Source-源域\n"}
,{"stream_name":"stdout","time":205.862411024,"data":"log\u0026pt输出位置：/kaggle/working/k10/S06/weight_src_PU_M1_FS06_s2024/NEW_PU/Source-源域/log\u0026pt/(B3)N15_M07_F04\n"}
,{"stream_name":"stdout","time":205.862421351,"data":"特征图片输出位置：/kaggle/working/k10/S06/weight_src_PU_M1_FS06_s2024/NEW_PU/Picture-特征图/2026年09月19日03时05分/(B3)N15_M07_F04\n"}
,{"stream_name":"stderr","time":205.863654605,"data":"sh: 1: Syntax error: word unexpected (expecting \")\")\n"}
,{"stream_name":"stdout","time":205.86424193,"data":"源域训练开始\n"}
,{"stream_name":"stderr","time":207.699133275,"data":"/usr/local/lib/python3.12/dist-packages/torch/nn/utils/weight_norm.py:144: FutureWarning: `torch.nn.utils.weight_norm` is deprecated in favor of `torch.nn.utils.parametrizations.weight_norm`.\n"}
,{"stream_name":"stderr","time":207.699177397,"data":"  WeightNorm.apply(module, name, dim)\n"}
,{"stream_name":"stdout","time":216.697716385,"data":"轮次:··1/·10 || loss:0.084 || 耗时：8.93s\n"}
,{"stream_name":"stdout","time":225.668468206,"data":"轮次:··2/·10 || loss:0.037 || 耗时：8.90s\n"}
,{"stream_name":"stdout","time":234.708034231,"data":"轮次:··3/·10 || loss:0.024 || 耗时：8.97s\n"}
,{"stream_name":"stdout","time":243.79711649,"data":"轮次:··4/·10 || loss:0.005 || 耗时：9.02s\n"}
,{"stream_name":"stdout","time":252.914054628,"data":"轮次:··5/·10 || loss:0.013 || 耗时：9.05s\n"}
,{"stream_name":"stdout","time":253.534532425,"data":"任务: (B3)N15_M07_F04; mix批次:····0; 批次:··330/··660; 总正确率 = 99.14%\n"}
,{"stream_name":"stdout","time":253.53457342,"data":"类型1 正确率： 100.00% -\u003e 1  100.00%, 2    0.00%, 3    0.00%\n"}
,{"stream_name":"stdout","time":253.534578893,"data":"类型2 正确率： 100.00% -\u003e 1    0.00%, 2  100.00%, 3    0.00%\n"}
,{"stream_name":"stdout","time":253.534583374,"data":"类型3 正确率：  97.00% -\u003e 1    0.00%, 2    2.59%, 3   97.41%\n"}
,{"stream_name":"stdout","time":253.534587563,"data":"\n"}
,{"stream_name":"stdout","time":253.534592098,"data":"\n"}
,{"stream_name":"stdout","time":262.756379222,"data":"轮次:··6/·10 || loss:0.008 || 耗时：9.12s\n"}
,{"stream_name":"stdout","time":271.989210313,"data":"轮次:··7/·10 || loss:0.003 || 耗时：9.16s\n"}
,{"stream_name":"stdout","time":281.280387054,"data":"轮次:··8/·10 || loss:0.030 || 耗时：9.22s\n"}
,{"stream_name":"stdout","time":290.606357664,"data":"轮次:··9/·10 || loss:0.013 || 耗时：9.26s\n"}
,{"stream_name":"stdout","time":299.934831493,"data":"轮次:·10/·10 || loss:0.003 || 耗时：9.26s\n"}
,{"stream_name":"stdout","time":300.560631976,"data":"任务: (B3)N15_M07_F04; mix批次:····0; 批次:··660/··660; 总正确率 = 98.62%\n"}
,{"stream_name":"stdout","time":300.560666086,"data":"类型1 正确率： 100.00% -\u003e 1  100.00%, 2    0.00%, 3    0.00%\n"}
,{"stream_name":"stdout","time":300.560672014,"data":"类型2 正确率： 100.00% -\u003e 1    0.00%, 2  100.00%, 3    0.00%\n"}
,{"stream_name":"stdout","time":300.560676388,"data":"类型3 正确率：  96.00% -\u003e 1    0.00%, 2    4.15%, 3   95.85%\n"}
,{"stream_name":"stdout","time":300.560680609,"data":"\n"}
,{"stream_name":"stdout","time":300.560684622,"data":"\n"}
,{"stream_name":"stdout","time":301.848254802,"data":"测试集任务: (B3)N15_M07_F04; 总正确率 = 98.72%\n"}
,{"stream_name":"stdout","time":301.848289153,"data":"类型1 正确率： 100.00% -\u003e 1  100.00%, 2    0.00%, 3    0.00%\n"}
,{"stream_name":"stdout","time":301.84829636,"data":"类型2 正确率：  98.00% -\u003e 1    0.00%, 2   97.56%, 3    2.44%\n"}
,{"stream_name":"stdout","time":301.848301988,"data":"类型3 正确率：  99.00% -\u003e 1    0.00%, 2    1.39%, 3   98.61%\n"}
,{"stream_name":"stdout","time":301.848307283,"data":"\n"}
,{"stream_name":"stdout","time":301.84831135,"data":"\n"}
,{"stream_name":"stdout","time":301.857062074,"data":"源域训练结束\n"}
,{"stream_name":"stdout","time":301.857086767,"data":"\n"}
,{"stream_name":"stdout","time":301.857091962,"data":"训练好之后，测试目标域\n"}
,{"stream_name":"stdout","time":301.8571116,"data":"目标域路径：/kaggle/working/k10/S06/sdalr_PU_final_checkpoint/DATA_foldS06/PU_M1_L3/N15_M01_F10_label.txt\n"}
,{"stream_name":"stderr","time":302.243717967,"data":"/usr/local/lib/python3.12/dist-packages/torch/nn/utils/weight_norm.py:144: FutureWarning: `torch.nn.utils.weight_norm` is deprecated in favor of `torch.nn.utils.parametrizations.weight_norm`.\n"}
,{"stream_name":"stderr","time":302.243798115,"data":"  WeightNorm.apply(module, name, dim)\n"}
,{"stream_name":"stdout","time":303.523065806,"data":"测试目标数据集结果如下：\n"}
,{"stream_name":"stdout","time":303.523096073,"data":"任务: (B3)N15_M07_F04→(B1)N15_M01_F10, 正确率 = 73.17%\n"}
,{"stream_name":"stdout","time":303.523101369,"data":"类型1 正确率： 100.00% -\u003e 1  100.00%, 2    0.00%, 3    0.00%\n"}
,{"stream_name":"stdout","time":303.5231062,"data":"类型2 正确率：  56.00% -\u003e 1    0.00%, 2   56.46%, 3   43.54%\n"}
,{"stream_name":"stdout","time":303.523110643,"data":"类型3 正确率：  63.00% -\u003e 1    0.00%, 2   36.97%, 3   63.03%\n"}
,{"stream_name":"stdout","time":303.523114717,"data":"\n"}
,{"stream_name":"stdout","time":303.523572329,"data":"目标域路径：/kaggle/working/k10/S06/sdalr_PU_final_checkpoint/DATA_foldS06/PU_M1_L3/N15_M07_F10_label.txt\n"}
,{"stream_name":"stderr","time":303.910443583,"data":"/usr/local/lib/python3.12/dist-packages/torch/nn/utils/weight_norm.py:144: FutureWarning: `torch.nn.utils.weight_norm` is deprecated in favor of `torch.nn.utils.parametrizations.weight_norm`.\n"}
,{"stream_name":"stderr","time":303.910504671,"data":"  WeightNorm.apply(module, name, dim)\n"}
,{"stream_name":"stdout","time":305.197271092,"data":"测试目标数据集结果如下：\n"}
,{"stream_name":"stdout","time":305.197307899,"data":"任务: (B3)N15_M07_F04→(B2)N15_M07_F10, 正确率 = 85.22%\n"}
,{"stream_name":"stdout","time":305.197313517,"data":"类型1 正确率： 100.00% -\u003e 1  100.00%, 2    0.00%, 3    0.00%\n"}
,{"stream_name":"stdout","time":305.197318695,"data":"类型2 正确率：  87.00% -\u003e 1    0.00%, 2   86.89%, 3   13.11%\n"}
,{"stream_name":"stdout","time":305.197323374,"data":"类型3 正确率：  69.00% -\u003e 1    0.00%, 2   31.23%, 3   68.77%\n"}
,{"stream_name":"stdout","time":305.197426656,"data":"\n"}
,{"stream_name":"stdout","time":305.205797715,"data":"[src_pretrain_RES_PU.py --folder_root /kaggle/working/k10/S06/sdalr_PU_final_checkpoint/DATA_foldS06 --seed 2024 --class_num 3 --data_name PU_M1_L3 --output /kaggle/working/k10/S06/weight_src_PU_M1_FS06_s2024] 284s\n"}
,{"stream_name":"stdout","time":305.253470126,"data":"读取源域路径：/kaggle/working/k10/S06/weight_PU_M1_final_checkpoint_FS06toS06_s2024/NEW_PU/Source-源域/log\u0026pt/(B1)N15_M01_F10\n"}
,{"stream_name":"stdout","time":305.253500825,"data":"excel输出位置：/kaggle/working/k10/S06/weight_PU_M1_final_checkpoint_FS06toS06_s2024/NEW_PU/Target-目标域\n"}
,{"stream_name":"stdout","time":305.25352151,"data":"特征图片输出位置：/kaggle/working/k10/S06/weight_PU_M1_final_checkpoint_FS06toS06_s2024/NEW_PU/Picture-特征图/2026年09月19日03时10分/(B1)N15_M01_F10\n"}
,{"stream_name":"stderr","time":305.289040842,"data":"/usr/local/lib/python3.12/dist-packages/torch/nn/utils/weight_norm.py:144: FutureWarning: `torch.nn.utils.weight_norm` is deprecated in favor of `torch.nn.utils.parametrizations.weight_norm`.\n"}
,{"stream_name":"stderr","time":305.289073456,"data":"  WeightNorm.apply(module, name, dim)\n"}
,{"stream_name":"stdout","time":305.326901807,"data":"现在选取:(B1)N15_M01_F10 进行训练的源模型\n"}
,{"stream_name":"stdout","time":305.326931126,"data":"现在进行：(B1)N15_M01_F10→(B2)N15_M07_F10 的迁移任务\n"}
,{"stream_name":"stdout","time":305.326936186,"data":"log\u0026pt输出位置：/kaggle/working/k10/S06/weight_PU_M1_final_checkpoint_FS06toS06_s2024/NEW_PU/Target-目标域/log\u0026pt/(B1)N15_M01_F10→(B2)N15_M07_F10\n"}
,{"stream_name":"stderr","time":305.328230518,"data":"sh: 1: Syntax error: word unexpected (expecting \")\")\n"}
,{"stream_name":"stdout","time":317.088169445,"data":"任务: (B1)N15_M01_F10→(B2)N15_M07_F10; 批次:····0/·1880;  总正确率: 99.53%\n"}
,{"stream_name":"stdout","time":317.088226693,"data":"类型1 正确率： 100.00% -\u003e 1  100.00%, 2    0.00%, 3    0.00%\n"}
,{"stream_name":"stdout","time":317.08823524,"data":"类型2 正确率：  99.00% -\u003e 1    0.05%, 2   98.80%, 3    1.15%\n"}
,{"stream_name":"stdout","time":317.088242101,"data":"类型3 正确率： 100.00% -\u003e 1    0.00%, 2    0.20%, 3   99.80%\n"}
,{"stream_name":"stdout","time":317.088247806,"data":"\n"}
,{"stream_name":"stdout","time":317.088253733,"data":"\n"}
,{"stream_name":"stdout","time":317.088945336,"data":"样本变换：reverse\n"}
,{"stream_name":"stdout","time":320.578836646,"data":"样本变换：mask\n"}
,{"stream_name":"stdout","time":324.033504957,"data":"样本变换：shift\n"}
,{"stream_name":"stdout","time":327.459886133,"data":"样本变换：none\n"}
,{"stream_name":"stdout","time":332.39104348,"data":"未过滤\t未用伪标签：99.53% -\u003e 使用伪标签：99.27%\n"}
,{"stream_name":"stdout","time":332.391100778,"data":"已过滤\t未用伪标签：99.60% -\u003e 使用伪标签：99.77%\n"}
,{"stream_name":"stdout","time":332.391109355,"data":"排除样本：30|6000\t剩余：2001, 2006, 1963\n"}
,{"stream_name":"stdout","time":332.391115239,"data":"增添样本：48\t\t细则：5, 0, 43\t正确率估算：100.00%\n"}
,{"stream_name":"stdout","time":332.391120371,"data":"类型1 正确率： 100.00% -\u003e 1  100.00%, 2    0.00%, 3    0.00%\n"}
,{"stream_name":"stdout","time":332.391125272,"data":"类型2 正确率： 100.00% -\u003e 1    0.05%, 2   99.90%, 3    0.05%\n"}
,{"stream_name":"stdout","time":332.391130039,"data":"类型3 正确率：  99.00% -\u003e 1    0.00%, 2    0.61%, 3   99.39%\n"}
,{"stream_name":"stdout","time":332.391134824,"data":"\n"}
,{"stream_name":"stdout","time":332.391141017,"data":"被排除样本 正确率：86.67%\n"}
,{"stream_name":"stdout","time":332.391148697,"data":"类型1 正确率：  25.00% -\u003e 1   25.00%, 2   75.00%\n"}
,{"stream_name":"stdout","time":332.391152009,"data":"类型2 正确率：  96.00% -\u003e 1    3.85%, 2   96.15%\n"}
,{"stream_name":"stdout","time":332.39115535,"data":"\n"}
,{"stream_name":"stdout","time":332.39115844,"data":"\n"}
,{"stream_name":"stdout","time":346.028262203,"data":"轮次:··1/·20 || c_Loss:0.558 || e_Loss:-0.945 || Aad_Loss:-24.712 || 耗时：35.18s\n"}
,{"stream_name":"stdout","time":359.342768896,"data":"轮次:··2/·20 || c_Loss:0.499 || e_Loss:-0.929 || Aad_Loss:-25.831 || 耗时：13.31s\n"}
,{"stream_name":"stdout","time":372.733033433,"data":"轮次:··3/·20 || c_Loss:0.389 || e_Loss:-0.993 || Aad_Loss:-29.549 || 耗时：13.39s\n"}
,{"stream_name":"stdout","time":386.155324866,"data":"轮次:··4/·20 || c_Loss:0.391 || e_Loss:-0.958 || Aad_Loss:-27.899 || 耗时：13.42s\n"}
,{"stream_name":"stdout","time":399.65796166,"data":"轮次:··5/·20 || c_Loss:0.383 || e_Loss:-0.933 || Aad_Loss:-30.465 || 耗时：13.50s\n"}
,{"stream_name":"stdout","time":406.179668446,"data":"任务: (B1)N15_M01_F10→(B2)N15_M07_F10; mix批次:····0; 批次:··470/·1880;  总正确率: 99.62%\n"}
,{"stream_name":"stdout","time":406.179774512,"data":"类型1 正确率： 100.00% -\u003e 1  100.00%, 2    0.00%, 3    0.00%\n"}
,{"stream_name":"stdout","time":406.17978658,"data":"类型2 正确率： 100.00% -\u003e 1    0.00%, 2  100.00%, 3    0.00%\n"}
,{"stream_name":"stdout","time":406.179792839,"data":"类型3 正确率：  99.00% -\u003e 1    0.00%, 2    1.15%, 3   98.85%\n"}
,{"stream_name":"stdout","time":406.179798287,"data":"\n"}
,{"stream_name":"stdout","time":406.179803318,"data":"\n"}
,{"stream_name":"stdout","time":406.213927195,"data":"样本变换：reverse\n"}
,{"stream_name":"stdout","time":409.688818697,"data":"样本变换：mask\n"}
,{"stream_name":"stdout","time":413.207824883,"data":"样本变换：shift\n"}
,{"stream_name":"stdout","time":416.698696368,"data":"样本变换：none\n"}
,{"stream_name":"stderr","time":421.744005681,"data":"/kaggle/working/k10/S06/sdalr_PU_final_checkpoint/tools.py:413: RuntimeWarning: invalid value encountered in divide\n"}
,{"stream_name":"stderr","time":421.744066294,"data":"  per_class_acc = conf_matrix.diagonal() / conf_matrix.sum(axis=1) * 100\n"}
,{"stream_name":"stdout","time":421.744236687,"data":"未过滤\t未用伪标签：99.62% -\u003e 使用伪标签：99.43%\n"}
,{"stream_name":"stdout","time":421.744251793,"data":"已过滤\t未用伪标签：99.70% -\u003e 使用伪标签：99.70%\n"}
,{"stream_name":"stdout","time":421.744258836,"data":"排除样本：16|6000\t剩余：2000, 2018, 1966\n"}
,{"stream_name":"stdout","time":421.744264838,"data":"增添样本：70\t\t细则：18, 0, 52\t正确率估算：100.00%\n"}
,{"stream_name":"stdout","time":421.744271075,"data":"类型1 正确率： 100.00% -\u003e 1  100.00%, 2    0.00%, 3    0.00%\n"}
,{"stream_name":"stdout","time":421.744276439,"data":"类型2 正确率： 100.00% -\u003e 1    0.00%, 2  100.00%, 3    0.00%\n"}
,{"stream_name":"stdout","time":421.744281596,"data":"类型3 正确率：  99.00% -\u003e 1    0.00%, 2    0.91%, 3   99.09%\n"}
,{"stream_name":"stdout","time":421.74428799,"data":"\n"}
,{"stream_name":"stdout","time":421.744293647,"data":"被排除样本 正确率：68.75%\n"}
,{"stream_name":"stdout","time":421.744299567,"data":"类型1 没有样本或未被分类。\n"}
,{"stream_name":"stdout","time":421.744305577,"data":"类型2 正确率：  69.00% -\u003e 1   31.25%, 2   68.75%\n"}
,{"stream_name":"stdout","time":421.744310773,"data":"\n"}
,{"stream_name":"stdout","time":421.744315451,"data":"\n"}
,{"stream_name":"stdout","time":435.209971995,"data":"轮次:··6/·20 || c_Loss:0.381 || e_Loss:-1.377 || Aad_Loss:-29.175 || 耗时：35.55s\n"}
,{"stream_name":"stdout","time":448.836249229,"data":"轮次:··7/·20 || c_Loss:0.378 || e_Loss:-0.943 || Aad_Loss:-29.079 || 耗时：13.63s\n"}
,{"stream_name":"stdout","time":462.501562681,"data":"轮次:··8/·20 || c_Loss:0.373 || e_Loss:-0.960 || Aad_Loss:-30.958 || 耗时：13.67s\n"}
,{"stream_name":"stdout","time":476.196155183,"data":"轮次:··9/·20 || c_Loss:0.408 || e_Loss:-0.849 || Aad_Loss:-32.278 || 耗时：13.69s\n"}
,{"stream_name":"stdout","time":489.922293741,"data":"轮次:·10/·20 || c_Loss:0.378 || e_Loss:-0.933 || Aad_Loss:-29.845 || 耗时：13.73s\n"}
,{"stream_name":"stdout","time":496.546288891,"data":"任务: (B1)N15_M01_F10→(B2)N15_M07_F10; mix批次:····0; 批次:··940/·1880;  总正确率: 99.75%\n"}
,{"stream_name":"stdout","time":496.546351027,"data":"类型1 正确率： 100.00% -\u003e 1  100.00%, 2    0.00%, 3    0.00%\n"}
,{"stream_name":"stdout","time":496.546360048,"data":"类型2 正确率： 100.00% -\u003e 1    0.00%, 2  100.00%, 3    0.00%\n"}
,{"stream_name":"stdout","time":496.546366079,"data":"类型3 正确率：  99.00% -\u003e 1    0.00%, 2    0.75%, 3   99.25%\n"}
,{"stream_name":"stdout","time":496.546371155,"data":"\n"}
,{"stream_name":"stdout","time":496.546375551,"data":"\n"}
,{"stream_name":"stdout","time":496.592797613,"data":"样本变换：reverse\n"}
,{"stream_name":"stdout","time":500.120818386,"data":"样本变换：mask\n"}
,{"stream_name":"stdout","time":503.658779323,"data":"样本变换：shift\n"}
,{"stream_name":"stdout","time":507.192869153,"data":"样本变换：none\n"}
,{"stream_name":"stderr","time":512.196583828,"data":"/kaggle/working/k10/S06/sdalr_PU_final_checkpoint/tools.py:413: RuntimeWarning: invalid value encountered in divide\n"}
,{"stream_name":"stderr","time":512.196621121,"data":"  per_class_acc = conf_matrix.diagonal() / conf_matrix.sum(axis=1) * 100\n"}
,{"stream_name":"stdout","time":512.196656443,"data":"未过滤\t未用伪标签：99.75% -\u003e 使用伪标签：99.72%\n"}
,{"stream_name":"stdout","time":512.196665983,"data":"已过滤\t未用伪标签：99.92% -\u003e 使用伪标签：99.95%\n"}
,{"stream_name":"stdout","time":512.196672621,"data":"排除样本：14|6000\t剩余：2000, 2003, 1983\n"}
,{"stream_name":"stdout","time":512.196678446,"data":"增添样本：23\t\t细则：3, 0, 20\t正确率估算：100.00%\n"}
,{"stream_name":"stdout","time":512.196684672,"data":"类型1 正确率： 100.00% -\u003e 1  100.00%, 2    0.00%, 3    0.00%\n"}
,{"stream_name":"stdout","time":512.196689726,"data":"类型2 正确率： 100.00% -\u003e 1    0.00%, 2  100.00%, 3    0.00%\n"}
,{"stream_name":"stdout","time":512.196694824,"data":"类型3 正确率： 100.00% -\u003e 1    0.00%, 2    0.15%, 3   99.85%\n"}
,{"stream_name":"stdout","time":512.196699932,"data":"\n"}
,{"stream_name":"stdout","time":512.196704804,"data":"被排除样本 正确率：28.57%\n"}
,{"stream_name":"stdout","time":512.196709775,"data":"类型1 没有样本或未被分类。\n"}
,{"stream_name":"stdout","time":512.196714458,"data":"类型2 正确率：  29.00% -\u003e 1   71.43%, 2   28.57%\n"}
,{"stream_name":"stdout","time":512.196719649,"data":"\n"}
,{"stream_name":"stdout","time":512.196724419,"data":"\n"}
,{"stream_name":"stdout","time":525.840788828,"data":"轮次:·11/·20 || c_Loss:0.399 || e_Loss:-0.934 || Aad_Loss:-29.266 || 耗时：35.92s\n"}
,{"stream_name":"stdout","time":539.522148854,"data":"轮次:·12/·20 || c_Loss:0.382 || e_Loss:-0.989 || Aad_Loss:-29.975 || 耗时：13.68s\n"}
,{"stream_name":"stdout","time":553.215218025,"data":"轮次:·13/·20 || c_Loss:0.381 || e_Loss:-0.937 || Aad_Loss:-30.271 || 耗时：13.69s\n"}
,{"stream_name":"stdout","time":566.948796432,"data":"轮次:·14/·20 || c_Loss:0.385 || e_Loss:-0.928 || Aad_Loss:-32.185 || 耗时：13.73s\n"}
,{"stream_name":"stdout","time":580.716911263,"data":"轮次:·15/·20 || c_Loss:0.380 || e_Loss:-0.993 || Aad_Loss:-30.270 || 耗时：13.77s\n"}
,{"stream_name":"stdout","time":587.423456207,"data":"任务: (B1)N15_M01_F10→(B2)N15_M07_F10; mix批次:····0; 批次:·1410/·1880;  总正确率: 99.80%\n"}
,{"stream_name":"stdout","time":587.423515155,"data":"类型1 正确率： 100.00% -\u003e 1  100.00%, 2    0.00%, 3    0.00%\n"}
,{"stream_name":"stdout","time":587.423523576,"data":"类型2 正确率： 100.00% -\u003e 1    0.00%, 2  100.00%, 3    0.00%\n"}
,{"stream_name":"stdout","time":587.423530061,"data":"类型3 正确率：  99.00% -\u003e 1    0.00%, 2    0.60%, 3   99.40%\n"}
,{"stream_name":"stdout","time":587.42353638,"data":"\n"}
,{"stream_name":"stdout","time":587.423541299,"data":"\n"}
,{"stream_name":"stdout","time":587.469167738,"data":"样本变换：reverse\n"}
,{"stream_name":"stdout","time":591.080790662,"data":"样本变换：mask\n"}
,{"stream_name":"stdout","time":594.644091796,"data":"样本变换：shift\n"}
,{"stream_name":"stdout","time":598.188837776,"data":"样本变换：none\n"}
,{"stream_name":"stderr","time":603.169273207,"data":"/kaggle/working/k10/S06/sdalr_PU_final_checkpoint/tools.py:413: RuntimeWarning: invalid value encountered in divide\n"}
,{"stream_name":"stderr","time":603.169317375,"data":"  per_class_acc = conf_matrix.diagonal() / conf_matrix.sum(axis=1) * 100\n"}
,{"stream_name":"stdout","time":603.169402506,"data":"未过滤\t未用伪标签：99.80% -\u003e 使用伪标签：99.68%\n"}
,{"stream_name":"stdout","time":603.169416978,"data":"已过滤\t未用伪标签：99.93% -\u003e 使用伪标签：99.92%\n"}
,{"stream_name":"stdout","time":603.169422703,"data":"排除样本：14|6000\t剩余：2000, 2005, 1981\n"}
,{"stream_name":"stdout","time":603.169427722,"data":"增添样本：29\t\t细则：5, 0, 24\t正确率估算：100.00%\n"}
,{"stream_name":"stdout","time":603.169438485,"data":"类型1 正确率： 100.00% -\u003e 1  100.00%, 2    0.00%, 3    0.00%\n"}
,{"stream_name":"stdout","time":603.169442323,"data":"类型2 正确率： 100.00% -\u003e 1    0.00%, 2  100.00%, 3    0.00%\n"}
,{"stream_name":"stdout","time":603.169445847,"data":"类型3 正确率： 100.00% -\u003e 1    0.00%, 2    0.25%, 3   99.75%\n"}
,{"stream_name":"stdout","time":603.169449255,"data":"\n"}
,{"stream_name":"stdout","time":603.169452429,"data":"被排除样本 正确率：42.86%\n"}
,{"stream_name":"stdout","time":603.169455751,"data":"类型1 没有样本或未被分类。\n"}
,{"stream_name":"stdout","time":603.169459097,"data":"类型2 正确率：  43.00% -\u003e 1   57.14%, 2   42.86%\n"}
,{"stream_name":"stdout","time":603.1694627,"data":"\n"}
,{"stream_name":"stdout","time":603.169465857,"data":"\n"}
,{"stream_name":"stdout","time":616.854808825,"data":"轮次:·16/·20 || c_Loss:0.378 || e_Loss:-0.991 || Aad_Loss:-30.066 || 耗时：36.14s\n"}
,{"stream_name":"stdout","time":630.583876467,"data":"轮次:·17/·20 || c_Loss:0.380 || e_Loss:-1.885 || Aad_Loss:-30.057 || 耗时：13.73s\n"}
,{"stream_name":"stdout","time":644.281000773,"data":"轮次:·18/·20 || c_Loss:0.383 || e_Loss:-0.979 || Aad_Loss:-31.275 || 耗时：13.70s\n"}
,{"stream_name":"stdout","time":658.004721522,"data":"轮次:·19/·20 || c_Loss:0.376 || e_Loss:-1.008 || Aad_Loss:-30.761 || 耗时：13.72s\n"}
,{"stream_name":"stdout","time":671.677251779,"data":"轮次:·20/·20 || c_Loss:0.381 || e_Loss:-0.991 || Aad_Loss:-31.031 || 耗时：13.67s\n"}
,{"stream_name":"stdout","time":678.306754736,"data":"任务: (B1)N15_M01_F10→(B2)N15_M07_F10; mix批次:····0; 批次:·1880/·1880;  总正确率: 99.87%\n"}
,{"stream_name":"stdout","time":678.306812862,"data":"类型1 正确率： 100.00% -\u003e 1  100.00%, 2    0.00%, 3    0.00%\n"}
,{"stream_name":"stdout","time":678.306836431,"data":"类型2 正确率： 100.00% -\u003e 1    0.00%, 2  100.00%, 3    0.00%\n"}
,{"stream_name":"stdout","time":678.306839524,"data":"类型3 正确率： 100.00% -\u003e 1    0.00%, 2    0.40%, 3   99.60%\n"}
,{"stream_name":"stdout","time":678.306842006,"data":"\n"}
,{"stream_name":"stdout","time":678.306844181,"data":"\n"}
,{"stream_name":"stdout","time":684.897765332,"data":"测试集任务: (B1)N15_M01_F10→(B2)N15_M07_F10; 总正确率 = 99.87%\n"}
,{"stream_name":"stdout","time":684.897809464,"data":"类型1 正确率： 100.00% -\u003e 1  100.00%, 2    0.00%, 3    0.00%\n"}
,{"stream_name":"stdout","time":684.897815424,"data":"类型2 正确率： 100.00% -\u003e 1    0.00%, 2  100.00%, 3    0.00%\n"}
,{"stream_name":"stdout","time":684.897819203,"data":"类型3 正确率： 100.00% -\u003e 1    0.00%, 2    0.40%, 3   99.60%\n"}
,{"stream_name":"stdout","time":684.897822927,"data":"\n"}
,{"stream_name":"stdout","time":684.897826281,"data":"\n"}
,{"stream_name":"stdout","time":684.91839113,"data":"[tar_adaptation_RES_PU.py --folder_root /kaggle/working/k10/S06/sdalr_PU_final_checkpoint/DATA_foldS06 --seed 2024 --class_num 3 --data_name PU_M1_L3 --output /kaggle/working/k10/S06/weight_PU_M1_final_checkpoint_FS06toS06_s2024 --s 0 --t 1 --lr 0.0005 --threshold 0.4 --K 0.6] 380s\n"}
,{"stream_name":"stdout","time":684.94891391,"data":"读取源域路径：/kaggle/working/k10/S06/weight_PU_M1_final_checkpoint_FS06toS06_s2024/NEW_PU/Source-源域/log\u0026pt/(B1)N15_M01_F10\n"}
,{"stream_name":"stdout","time":684.948948317,"data":"excel输出位置：/kaggle/working/k10/S06/weight_PU_M1_final_checkpoint_FS06toS06_s2024/NEW_PU/Target-目标域\n"}
,{"stream_name":"stdout","time":684.948968255,"data":"特征图片输出位置：/kaggle/working/k10/S06/weight_PU_M1_final_checkpoint_FS06toS06_s2024/NEW_PU/Picture-特征图/2026年09月19日03时16分/(B1)N15_M01_F10\n"}
,{"stream_name":"stderr","time":684.987369999,"data":"/usr/local/lib/python3.12/dist-packages/torch/nn/utils/weight_norm.py:144: FutureWarning: `torch.nn.utils.weight_norm` is deprecated in favor of `torch.nn.utils.parametrizations.weight_norm`.\n"}
,{"stream_name":"stderr","time":684.987413995,"data":"  WeightNorm.apply(module, name, dim)\n"}
,{"stream_name":"stdout","time":685.029948729,"data":"现在选取:(B1)N15_M01_F10 进行训练的源模型\n"}
,{"stream_name":"stdout","time":685.02998928,"data":"现在进行：(B1)N15_M01_F10→(B3)N15_M07_F04 的迁移任务\n"}
,{"stream_name":"stdout","time":685.029996479,"data":"log\u0026pt输出位置：/kaggle/working/k10/S06/weight_PU_M1_final_checkpoint_FS06toS06_s2024/NEW_PU/Target-目标域/log\u0026pt/(B1)N15_M01_F10→(B3)N15_M07_F04\n"}
,{"stream_name":"stderr","time":685.031469821,"data":"sh: 1: Syntax error: word unexpected (expecting \")\")\n"}
,{"stream_name":"stdout","time":696.943629781,"data":"任务: (B1)N15_M01_F10→(B3)N15_M07_F04; 批次:····0/·1880;  总正确率: 86.90%\n"}
,{"stream_name":"stdout","time":696.943682067,"data":"类型1 正确率： 100.00% -\u003e 1  100.00%, 2    0.00%, 3    0.00%\n"}
,{"stream_name":"stdout","time":696.943690408,"data":"类型2 正确率：  82.00% -\u003e 1    0.05%, 2   82.05%, 3   17.90%\n"}
,{"stream_name":"stdout","time":696.943696609,"data":"类型3 正确率：  79.00% -\u003e 1    2.80%, 2   18.55%, 3   78.65%\n"}
,{"stream_name":"stdout","time":696.943702824,"data":"\n"}
,{"stream_name":"stdout","time":696.943708516,"data":"\n"}
,{"stream_name":"stdout","time":696.944796333,"data":"样本变换：reverse\n"}
,{"stream_name":"stdout","time":700.434836054,"data":"样本变换：mask\n"}
,{"stream_name":"stdout","time":703.924839804,"data":"样本变换：shift\n"}
,{"stream_name":"stdout","time":707.406795873,"data":"样本变换：none\n"}
,{"stream_name":"stderr","time":712.616290713,"data":"/kaggle/working/k10/S06/sdalr_PU_final_checkpoint/tools.py:413: RuntimeWarning: invalid value encountered in divide\n"}
,{"stream_name":"stderr","time":712.616339671,"data":"  per_class_acc = conf_matrix.diagonal() / conf_matrix.sum(axis=1) * 100\n"}
,{"stream_name":"stdout","time":712.616546879,"data":"未过滤\t未用伪标签：86.90% -\u003e 使用伪标签：82.63%\n"}
,{"stream_name":"stdout","time":712.617138474,"data":"已过滤\t未用伪标签：87.85% -\u003e 使用伪标签：87.04%\n"}
,{"stream_name":"stdout","time":712.6171547,"data":"排除样本：304|6000\t剩余：2059, 2043, 1594\n"}
,{"stream_name":"stdout","time":712.617161197,"data":"增添样本：481\t\t细则：0, 16, 465\t正确率估算：97.51%\n"}
,{"stream_name":"stdout","time":712.617166697,"data":"类型1 正确率： 100.00% -\u003e 1  100.00%, 2    0.00%, 3    0.00%\n"}
,{"stream_name":"stdout","time":712.617174725,"data":"类型2 正确率：  86.00% -\u003e 1    0.00%, 2   86.43%, 3   13.57%\n"}
,{"stream_name":"stdout","time":712.617178077,"data":"类型3 正确率：  73.00% -\u003e 1    3.23%, 2   23.30%, 3   73.46%\n"}
,{"stream_name":"stdout","time":712.617181703,"data":"\n"}
,{"stream_name":"stdout","time":712.617184827,"data":"被排除样本 正确率：69.08%\n"}
,{"stream_name":"stdout","time":712.617188063,"data":"类型1 没有样本或未被分类。\n"}
,{"stream_name":"stdout","time":712.617191393,"data":"类型2 正确率：  48.00% -\u003e 1    0.78%, 2   47.66%, 3   51.56%\n"}
,{"stream_name":"stdout","time":712.617209211,"data":"类型3 正确率：  85.00% -\u003e 1    2.27%, 2   13.07%, 3   84.66%\n"}
,{"stream_name":"stdout","time":712.617212899,"data":"\n"}
,{"stream_name":"stdout","time":712.617216009,"data":"\n"}
,{"stream_name":"stdout","time":726.209479738,"data":"轮次:··1/·20 || c_Loss:0.597 || e_Loss:-1.668 || Aad_Loss:-21.739 || 耗时：35.66s\n"}
,{"stream_name":"stdout","time":739.948012053,"data":"轮次:··2/·20 || c_Loss:0.363 || e_Loss:-1.451 || Aad_Loss:-28.338 || 耗时：13.74s\n"}
,{"stream_name":"stdout","time":753.703646014,"data":"轮次:··3/·20 || c_Loss:0.388 || e_Loss:-1.660 || Aad_Loss:-24.776 || 耗时：13.76s\n"}
,{"stream_name":"stdout","time":767.502969564,"data":"轮次:··4/·20 || c_Loss:0.490 || e_Loss:-1.486 || Aad_Loss:-24.116 || 耗时：13.80s\n"}
,{"stream_name":"stdout","time":781.311768869,"data":"轮次:··5/·20 || c_Loss:0.395 || e_Loss:-1.526 || Aad_Loss:-23.074 || 耗时：13.81s\n"}
,{"stream_name":"stdout","time":788.004175302,"data":"任务: (B1)N15_M01_F10→(B3)N15_M07_F04; mix批次:····0; 批次:··470/·1880;  总正确率: 84.00%\n"}
,{"stream_name":"stdout","time":788.004218148,"data":"类型1 正确率： 100.00% -\u003e 1  100.00%, 2    0.00%, 3    0.00%\n"}
,{"stream_name":"stdout","time":788.004223248,"data":"类型2 正确率：  84.00% -\u003e 1    0.00%, 2   84.45%, 3   15.55%\n"}
,{"stream_name":"stdout","time":788.004242724,"data":"类型3 正确率：  68.00% -\u003e 1    2.55%, 2   29.90%, 3   67.55%\n"}
,{"stream_name":"stdout","time":788.0042493,"data":"\n"}
,{"stream_name":"stdout","time":788.004254896,"data":"\n"}
,{"stream_name":"stdout","time":788.037860342,"data":"样本变换：reverse\n"}
,{"stream_name":"stdout","time":791.576867857,"data":"样本变换：mask\n"}
,{"stream_name":"stdout","time":795.122793516,"data":"样本变换：shift\n"}
,{"stream_name":"stdout","time":798.668154376,"data":"样本变换：none\n"}
,{"stream_name":"stderr","time":804.340410619,"data":"/kaggle/working/k10/S06/sdalr_PU_final_checkpoint/tools.py:413: RuntimeWarning: invalid value encountered in divide\n"}
,{"stream_name":"stderr","time":804.340473186,"data":"  per_class_acc = conf_matrix.diagonal() / conf_matrix.sum(axis=1) * 100\n"}
,{"stream_name":"stdout","time":804.340701234,"data":"未过滤\t未用伪标签：84.00% -\u003e 使用伪标签：82.82%\n"}
,{"stream_name":"stdout","time":804.340726906,"data":"已过滤\t未用伪标签：84.67% -\u003e 使用伪标签：84.64%\n"}
,{"stream_name":"stdout","time":804.340733859,"data":"排除样本：129|6000\t剩余：2067, 2426, 1378\n"}
,{"stream_name":"stdout","time":804.340739252,"data":"增添样本：1407\t\t细则：359, 0, 1048\t正确率估算：99.72%\n"}
,{"stream_name":"stdout","time":804.340765622,"data":"类型1 正确率： 100.00% -\u003e 1  100.00%, 2    0.00%, 3    0.00%\n"}
,{"stream_name":"stdout","time":804.340777239,"data":"类型2 正确率：  91.00% -\u003e 1    0.00%, 2   90.82%, 3    9.18%\n"}
,{"stream_name":"stdout","time":804.340782731,"data":"类型3 正确率：  62.00% -\u003e 1    3.49%, 2   34.13%, 3   62.38%\n"}
,{"stream_name":"stdout","time":804.340787834,"data":"\n"}
,{"stream_name":"stdout","time":804.340792819,"data":"被排除样本 正确率：53.49%\n"}
,{"stream_name":"stdout","time":804.340797847,"data":"类型1 没有样本或未被分类。\n"}
,{"stream_name":"stdout","time":804.340802772,"data":"类型2 正确率：  12.00% -\u003e 1    0.00%, 2   11.76%, 3   88.24%\n"}
,{"stream_name":"stdout","time":804.340807848,"data":"类型3 正确率：  81.00% -\u003e 1    1.28%, 2   17.95%, 3   80.77%\n"}
,{"stream_name":"stdout","time":804.340812908,"data":"\n"}
,{"stream_name":"stdout","time":804.340817719,"data":"\n"}
,{"stream_name":"stdout","time":818.020576397,"data":"轮次:··6/·20 || c_Loss:0.360 || e_Loss:-1.617 || Aad_Loss:-31.332 || 耗时：36.71s\n"}
,{"stream_name":"stdout","time":831.797069613,"data":"轮次:··7/·20 || c_Loss:0.418 || e_Loss:-1.620 || Aad_Loss:-24.846 || 耗时：13.78s\n"}
,{"stream_name":"stdout","time":845.585982702,"data":"轮次:··8/·20 || c_Loss:0.372 || e_Loss:-0.839 || Aad_Loss:-30.907 || 耗时：13.79s\n"}
,{"stream_name":"stdout","time":859.342145677,"data":"轮次:··9/·20 || c_Loss:0.372 || e_Loss:-0.855 || Aad_Loss:-27.224 || 耗时：13.76s\n"}
,{"stream_name":"stdout","time":873.102220295,"data":"轮次:·10/·20 || c_Loss:0.360 || e_Loss:-1.473 || Aad_Loss:-31.133 || 耗时：13.76s\n"}
,{"stream_name":"stdout","time":879.719245898,"data":"任务: (B1)N15_M01_F10→(B3)N15_M07_F04; mix批次:····0; 批次:··940/·1880;  总正确率: 82.97%\n"}
,{"stream_name":"stdout","time":879.719287241,"data":"类型1 正确率： 100.00% -\u003e 1  100.00%, 2    0.00%, 3    0.00%\n"}
,{"stream_name":"stdout","time":879.719292727,"data":"类型2 正确率：  88.00% -\u003e 1    0.00%, 2   87.95%, 3   12.05%\n"}
,{"stream_name":"stdout","time":879.719313567,"data":"类型3 正确率：  61.00% -\u003e 1    3.70%, 2   35.35%, 3   60.95%\n"}
,{"stream_name":"stdout","time":879.719320896,"data":"\n"}
,{"stream_name":"stdout","time":879.719326576,"data":"\n"}
,{"stream_name":"stdout","time":879.768818956,"data":"样本变换：reverse\n"}
,{"stream_name":"stdout","time":883.30178409,"data":"样本变换：mask\n"}
,{"stream_name":"stdout","time":886.841882246,"data":"样本变换：shift\n"}
,{"stream_name":"stdout","time":890.354922241,"data":"样本变换：none\n"}
,{"stream_name":"stderr","time":896.20100554,"data":"/kaggle/working/k10/S06/sdalr_PU_final_checkpoint/tools.py:413: RuntimeWarning: invalid value encountered in divide\n"}
,{"stream_name":"stderr","time":896.201070866,"data":"  per_class_acc = conf_matrix.diagonal() / conf_matrix.sum(axis=1) * 100\n"}
,{"stream_name":"stdout","time":896.201162719,"data":"未过滤\t未用伪标签：82.97% -\u003e 使用伪标签：83.58%\n"}
,{"stream_name":"stdout","time":896.201173096,"data":"已过滤\t未用伪标签：83.68% -\u003e 使用伪标签：84.61%\n"}
,{"stream_name":"stdout","time":896.201177486,"data":"排除样本：73|6000\t剩余：2090, 2558, 1279\n"}
,{"stream_name":"stdout","time":896.201181458,"data":"增添样本：1747\t\t细则：468, 0, 1279\t正确率估算：99.83%\n"}
,{"stream_name":"stdout","time":896.201186126,"data":"类型1 正确率： 100.00% -\u003e 1  100.00%, 2    0.00%, 3    0.00%\n"}
,{"stream_name":"stdout","time":896.201190723,"data":"类型2 正确率：  94.00% -\u003e 1    0.00%, 2   94.47%, 3    5.53%\n"}
,{"stream_name":"stdout","time":896.201194689,"data":"类型3 正确率：  59.00% -\u003e 1    4.56%, 2   36.15%, 3   59.29%\n"}
,{"stream_name":"stdout","time":896.201198927,"data":"\n"}
,{"stream_name":"stdout","time":896.201202582,"data":"被排除样本 正确率：24.66%\n"}
,{"stream_name":"stdout","time":896.201206945,"data":"类型1 没有样本或未被分类。\n"}
,{"stream_name":"stdout","time":896.20121071,"data":"类型2 正确率：   4.00% -\u003e 1    0.00%, 2    4.17%, 3   95.83%\n"}
,{"stream_name":"stdout","time":896.201215416,"data":"类型3 正确率：  64.00% -\u003e 1    8.00%, 2   28.00%, 3   64.00%\n"}
,{"stream_name":"stdout","time":896.201219598,"data":"\n"}
,{"stream_name":"stdout","time":896.201223394,"data":"\n"}
,{"stream_name":"stdout","time":909.817035454,"data":"轮次:·11/·20 || c_Loss:0.367 || e_Loss:-0.921 || Aad_Loss:-28.045 || 耗时：36.71s\n"}
,{"stream_name":"stdout","time":923.47101386,"data":"轮次:·12/·20 || c_Loss:0.389 || e_Loss:-0.891 || Aad_Loss:-29.144 || 耗时：13.65s\n"}
,{"stream_name":"stdout","time":937.160790109,"data":"轮次:·13/·20 || c_Loss:0.445 || e_Loss:-0.872 || Aad_Loss:-27.439 || 耗时：13.69s\n"}
,{"stream_name":"stdout","time":950.874269639,"data":"轮次:·14/·20 || c_Loss:0.409 || e_Loss:-1.694 || Aad_Loss:-26.867 || 耗时：13.71s\n"}
,{"stream_name":"stdout","time":964.747831874,"data":"轮次:·15/·20 || c_Loss:0.375 || e_Loss:-1.569 || Aad_Loss:-29.704 || 耗时：13.87s\n"}
,{"stream_name":"stdout","time":971.422076047,"data":"任务: (B1)N15_M01_F10→(B3)N15_M07_F04; mix批次:····0; 批次:·1410/·1880;  总正确率: 84.60%\n"}
,{"stream_name":"stdout","time":971.422134848,"data":"类型1 正确率： 100.00% -\u003e 1  100.00%, 2    0.00%, 3    0.00%\n"}
,{"stream_name":"stdout","time":971.422140291,"data":"类型2 正确率：  94.00% -\u003e 1    0.00%, 2   93.90%, 3    6.10%\n"}
,{"stream_name":"stdout","time":971.422143933,"data":"类型3 正确率：  60.00% -\u003e 1    4.30%, 2   35.80%, 3   59.90%\n"}
,{"stream_name":"stdout","time":971.422147412,"data":"\n"}
,{"stream_name":"stdout","time":971.422150401,"data":"\n"}
,{"stream_name":"stdout","time":971.465357708,"data":"样本变换：reverse\n"}
,{"stream_name":"stdout","time":975.002823771,"data":"样本变换：mask\n"}
,{"stream_name":"stdout","time":978.564813819,"data":"样本变换：shift\n"}
,{"stream_name":"stdout","time":982.146897475,"data":"样本变换：none\n"}
,{"stream_name":"stderr","time":988.031227875,"data":"/kaggle/working/k10/S06/sdalr_PU_final_checkpoint/tools.py:413: RuntimeWarning: invalid value encountered in divide\n"}
,{"stream_name":"stderr","time":988.0312724,"data":"  per_class_acc = conf_matrix.diagonal() / conf_matrix.sum(axis=1) * 100\n"}
,{"stream_name":"stdout","time":988.031423564,"data":"未过滤\t未用伪标签：84.60% -\u003e 使用伪标签：84.63%\n"}
,{"stream_name":"stdout","time":988.03143386,"data":"已过滤\t未用伪标签：84.91% -\u003e 使用伪标签：85.23%\n"}
,{"stream_name":"stdout","time":988.03143809,"data":"排除样本：42|6000\t剩余：2101, 2610, 1247\n"}
,{"stream_name":"stdout","time":988.0314421,"data":"增添样本：1872\t\t细则：509, 0, 1363\t正确率估算：99.77%\n"}
,{"stream_name":"stdout","time":988.031446044,"data":"类型1 正确率： 100.00% -\u003e 1  100.00%, 2    0.00%, 3    0.00%\n"}
,{"stream_name":"stdout","time":988.031449915,"data":"类型2 正确率：  96.00% -\u003e 1    0.00%, 2   96.31%, 3    3.69%\n"}
,{"stream_name":"stdout","time":988.031453688,"data":"类型3 正确率：  59.00% -\u003e 1    5.10%, 2   35.64%, 3   59.26%\n"}
,{"stream_name":"stdout","time":988.03145744,"data":"\n"}
,{"stream_name":"stdout","time":988.031460938,"data":"被排除样本 正确率：40.48%\n"}
,{"stream_name":"stdout","time":988.031464514,"data":"类型1 没有样本或未被分类。\n"}
,{"stream_name":"stdout","time":988.0314682,"data":"类型2 正确率：  17.00% -\u003e 1    0.00%, 2   17.39%, 3   82.61%\n"}
,{"stream_name":"stdout","time":988.031471955,"data":"类型3 正确率：  68.00% -\u003e 1    5.26%, 2   26.32%, 3   68.42%\n"}
,{"stream_name":"stdout","time":988.031476329,"data":"\n"}
,{"stream_name":"stdout","time":988.03148054,"data":"\n"}
,{"stream_name":"stdout","time":1001.769927907,"data":"轮次:·16/·20 || c_Loss:0.380 || e_Loss:-0.921 || Aad_Loss:-30.301 || 耗时：37.02s\n"}
,{"stream_name":"stdout","time":1015.562062083,"data":"轮次:·17/·20 || c_Loss:0.414 || e_Loss:-0.858 || Aad_Loss:-27.612 || 耗时：13.79s\n"}
,{"stream_name":"stdout","time":1029.370210216,"data":"轮次:·18/·20 || c_Loss:0.398 || e_Loss:-0.920 || Aad_Loss:-31.328 || 耗时：13.81s\n"}
,{"stream_name":"stdout","time":1043.17325889,"data":"轮次:·19/·20 || c_Loss:0.409 || e_Loss:-0.880 || Aad_Loss:-25.584 || 耗时：13.80s\n"}
,{"stream_name":"stdout","time":1057.090094845,"data":"轮次:·20/·20 || c_Loss:0.380 || e_Loss:-1.698 || Aad_Loss:-27.423 || 耗时：13.92s\n"}
,{"stream_name":"stdout","time":1063.778802749,"data":"任务: (B1)N15_M01_F10→(B3)N15_M07_F04; mix批次:····0; 批次:·1880/·1880;  总正确率: 84.17%\n"}
,{"stream_name":"stdout","time":1063.77884058,"data":"类型1 正确率： 100.00% -\u003e 1  100.00%, 2    0.00%, 3    0.00%\n"}
,{"stream_name":"stdout","time":1063.778850275,"data":"类型2 正确率：  93.00% -\u003e 1    0.00%, 2   92.70%, 3    7.30%\n"}
,{"stream_name":"stdout","time":1063.778856421,"data":"类型3 正确率：  60.00% -\u003e 1    5.05%, 2   35.15%, 3   59.80%\n"}
,{"stream_name":"stdout","time":1063.778862269,"data":"\n"}
,{"stream_name":"stdout","time":1063.7788673,"data":"\n"}
,{"stream_name":"stdout","time":1070.446209336,"data":"测试集任务: (B1)N15_M01_F10→(B3)N15_M07_F04; 总正确率 = 84.17%\n"}
,{"stream_name":"stdout","time":1070.446251545,"data":"类型1 正确率： 100.00% -\u003e 1  100.00%, 2    0.00%, 3    0.00%\n"}
,{"stream_name":"stdout","time":1070.446259283,"data":"类型2 正确率：  93.00% -\u003e 1    0.00%, 2   92.70%, 3    7.30%\n"}
,{"stream_name":"stdout","time":1070.446265781,"data":"类型3 正确率：  60.00% -\u003e 1    5.05%, 2   35.15%, 3   59.80%\n"}
,{"stream_name":"stdout","time":1070.446272061,"data":"\n"}
,{"stream_name":"stdout","time":1070.446277655,"data":"\n"}
,{"stream_name":"stdout","time":1070.470933021,"data":"[tar_adaptation_RES_PU.py --folder_root /kaggle/working/k10/S06/sdalr_PU_final_checkpoint/DATA_foldS06 --seed 2024 --class_num 3 --data_name PU_M1_L3 --output /kaggle/working/k10/S06/weight_PU_M1_final_checkpoint_FS06toS06_s2024 --s 0 --t 2 --lr 0.0005 --threshold 0.4 --K 0.6] 386s\n"}
,{"stream_name":"stdout","time":1070.49892454,"data":"读取源域路径：/kaggle/working/k10/S06/weight_PU_M1_final_checkpoint_FS06toS06_s2024/NEW_PU/Source-源域/log\u0026pt/(B2)N15_M07_F10\n"}
,{"stream_name":"stdout","time":1070.49894576,"data":"excel输出位置：/kaggle/working/k10/S06/weight_PU_M1_final_checkpoint_FS06toS06_s2024/NEW_PU/Target-目标域\n"}
,{"stream_name":"stdout","time":1070.498950819,"data":"特征图片输出位置：/kaggle/working/k10/S06/weight_PU_M1_final_checkpoint_FS06toS06_s2024/NEW_PU/Picture-特征图/2026年09月19日03时23分/(B2)N15_M07_F10\n"}
,{"stream_name":"stderr","time":1070.535912505,"data":"/usr/local/lib/python3.12/dist-packages/torch/nn/utils/weight_norm.py:144: FutureWarning: `torch.nn.utils.weight_norm` is deprecated in favor of `torch.nn.utils.parametrizations.weight_norm`.\n"}
,{"stream_name":"stderr","time":1070.535951258,"data":"  WeightNorm.apply(module, name, dim)\n"}
,{"stream_name":"stdout","time":1070.574780741,"data":"现在选取:(B2)N15_M07_F10 进行训练的源模型\n"}
,{"stream_name":"stdout","time":1070.574807791,"data":"现在进行：(B2)N15_M07_F10→(B1)N15_M01_F10 的迁移任务\n"}
,{"stream_name":"stdout","time":1070.574812706,"data":"log\u0026pt输出位置：/kaggle/working/k10/S06/weight_PU_M1_final_checkpoint_FS06toS06_s2024/NEW_PU/Target-目标域/log\u0026pt/(B2)N15_M07_F10→(B1)N15_M01_F10\n"}
,{"stream_name":"stderr","time":1070.576319613,"data":"sh: 1: Syntax error: word unexpected (expecting \")\")\n"}
,{"stream_name":"stdout","time":1082.592302108,"data":"任务: (B2)N15_M07_F10→(B1)N15_M01_F10; 批次:····0/·1880;  总正确率: 91.78%\n"}
,{"stream_name":"stdout","time":1082.592350698,"data":"类型1 正确率： 100.00% -\u003e 1  100.00%, 2    0.00%, 3    0.00%\n"}
,{"stream_name":"stdout","time":1082.592358813,"data":"类型2 正确率：  76.00% -\u003e 1    0.20%, 2   75.50%, 3   24.30%\n"}
,{"stream_name":"stdout","time":1082.592364292,"data":"类型3 正确率： 100.00% -\u003e 1    0.00%, 2    0.15%, 3   99.85%\n"}
,{"stream_name":"stdout","time":1082.592369828,"data":"\n"}
,{"stream_name":"stdout","time":1082.5923745,"data":"\n"}
,{"stream_name":"stdout","time":1082.593004415,"data":"样本变换：reverse\n"}
,{"stream_name":"stdout","time":1086.084834565,"data":"样本变换：mask\n"}
,{"stream_name":"stdout","time":1089.600859079,"data":"样本变换：shift\n"}
,{"stream_name":"stdout","time":1093.120817109,"data":"样本变换：none\n"}
,{"stream_name":"stderr","time":1098.507547925,"data":"/kaggle/working/k10/S06/sdalr_PU_final_checkpoint/tools.py:413: RuntimeWarning: invalid value encountered in divide\n"}
,{"stream_name":"stderr","time":1098.507601982,"data":"  per_class_acc = conf_matrix.diagonal() / conf_matrix.sum(axis=1) * 100\n"}
,{"stream_name":"stdout","time":1098.50786066,"data":"未过滤\t未用伪标签：91.78% -\u003e 使用伪标签：93.20%\n"}
,{"stream_name":"stdout","time":1098.507873729,"data":"已过滤\t未用伪标签：93.33% -\u003e 使用伪标签：95.09%\n"}
,{"stream_name":"stdout","time":1098.507878744,"data":"排除样本：119|6000\t剩余：2002, 1609, 2270\n"}
,{"stream_name":"stdout","time":1098.507899255,"data":"增添样本：929\t\t细则：268, 661, 0\t正确率估算：94.51%\n"}
,{"stream_name":"stdout","time":1098.507905811,"data":"类型1 正确率： 100.00% -\u003e 1  100.00%, 2    0.00%, 3    0.00%\n"}
,{"stream_name":"stdout","time":1098.507911772,"data":"类型2 正确率：  85.00% -\u003e 1    0.11%, 2   84.96%, 3   14.94%\n"}
,{"stream_name":"stdout","time":1098.507932123,"data":"类型3 正确率： 100.00% -\u003e 1    0.00%, 2    0.25%, 3   99.75%\n"}
,{"stream_name":"stdout","time":1098.507936588,"data":"\n"}
,{"stream_name":"stdout","time":1098.507940405,"data":"被排除样本 正确率：15.13%\n"}
,{"stream_name":"stdout","time":1098.507944523,"data":"类型1 没有样本或未被分类。\n"}
,{"stream_name":"stdout","time":1098.507948696,"data":"类型2 正确率：  11.00% -\u003e 1    1.79%, 2   10.71%, 3   87.50%\n"}
,{"stream_name":"stdout","time":1098.507952798,"data":"类型3 正确率：  86.00% -\u003e 1    0.00%, 2   14.29%, 3   85.71%\n"}
,{"stream_name":"stdout","time":1098.507956949,"data":"\n"}
,{"stream_name":"stdout","time":1098.507960668,"data":"\n"}
,{"stream_name":"stdout","time":1112.03047328,"data":"轮次:··1/·20 || c_Loss:0.605 || e_Loss:-1.657 || Aad_Loss:-25.603 || 耗时：35.89s\n"}
,{"stream_name":"stdout","time":1125.660481348,"data":"轮次:··2/·20 || c_Loss:0.383 || e_Loss:-1.667 || Aad_Loss:-26.993 || 耗时：13.63s\n"}
,{"stream_name":"stdout","time":1139.350726833,"data":"轮次:··3/·20 || c_Loss:0.397 || e_Loss:-0.884 || Aad_Loss:-27.285 || 耗时：13.69s\n"}
,{"stream_name":"stdout","time":1153.105777213,"data":"轮次:··4/·20 || c_Loss:0.385 || e_Loss:-1.452 || Aad_Loss:-29.065 || 耗时：13.75s\n"}
,{"stream_name":"stdout","time":1166.925044894,"data":"轮次:··5/·20 || c_Loss:0.411 || e_Loss:-1.679 || Aad_Loss:-27.767 || 耗时：13.82s\n"}
,{"stream_name":"stdout","time":1173.821204222,"data":"任务: (B2)N15_M07_F10→(B1)N15_M01_F10; mix批次:····0; 批次:··470/·1880;  总正确率: 93.85%\n"}
,{"stream_name":"stdout","time":1173.821245903,"data":"类型1 正确率： 100.00% -\u003e 1  100.00%, 2    0.00%, 3    0.00%\n"}
,{"stream_name":"stdout","time":1173.821262983,"data":"类型2 正确率：  82.00% -\u003e 1    0.10%, 2   81.70%, 3   18.20%\n"}
,{"stream_name":"stdout","time":1173.821269919,"data":"类型3 正确率： 100.00% -\u003e 1    0.00%, 2    0.15%, 3   99.85%\n"}
,{"stream_name":"stdout","time":1173.821276181,"data":"\n"}
,{"stream_name":"stdout","time":1173.821285361,"data":"\n"}
,{"stream_name":"stdout","time":1173.855175358,"data":"样本变换：reverse\n"}
,{"stream_name":"stdout","time":1177.395050839,"data":"样本变换：mask\n"}
,{"stream_name":"stdout","time":1180.942843978,"data":"样本变换：shift\n"}
,{"stream_name":"stdout","time":1184.510901331,"data":"样本变换：none\n"}
,{"stream_name":"stdout","time":1189.907007925,"data":"未过滤\t未用伪标签：93.85% -\u003e 使用伪标签：94.32%\n"}
,{"stream_name":"stdout","time":1189.907048462,"data":"已过滤\t未用伪标签：94.78% -\u003e 使用伪标签：95.53%\n"}
,{"stream_name":"stdout","time":1189.907057765,"data":"排除样本：76|6000\t剩余：2002, 1674, 2248\n"}
,{"stream_name":"stdout","time":1189.907065647,"data":"增添样本：820\t\t细则：246, 574, 0\t正确率估算：97.32%\n"}
,{"stream_name":"stdout","time":1189.907072158,"data":"类型1 正确率： 100.00% -\u003e 1  100.00%, 2    0.00%, 3    0.00%\n"}
,{"stream_name":"stdout","time":1189.907078608,"data":"类型2 正确率：  87.00% -\u003e 1    0.10%, 2   86.52%, 3   13.37%\n"}
,{"stream_name":"stdout","time":1189.907085107,"data":"类型3 正确率： 100.00% -\u003e 1    0.00%, 2    0.25%, 3   99.75%\n"}
,{"stream_name":"stdout","time":1189.907090682,"data":"\n"}
,{"stream_name":"stdout","time":1189.907095886,"data":"被排除样本 正确率：21.05%\n"}
,{"stream_name":"stdout","time":1189.907101136,"data":"类型1 正确率：  17.00% -\u003e 1   16.90%, 2   83.10%\n"}
,{"stream_name":"stdout","time":1189.907106622,"data":"类型2 正确率：  80.00% -\u003e 1   20.00%, 2   80.00%\n"}
,{"stream_name":"stdout","time":1189.907133858,"data":"\n"}
,{"stream_name":"stdout","time":1189.90713708,"data":"\n"}
,{"stream_name":"stdout","time":1203.547426105,"data":"轮次:··6/·20 || c_Loss:0.373 || e_Loss:-1.414 || Aad_Loss:-28.061 || 耗时：36.62s\n"}
,{"stream_name":"stdout","time":1217.256887943,"data":"轮次:··7/·20 || c_Loss:0.371 || e_Loss:-1.757 || Aad_Loss:-27.635 || 耗时：13.71s\n"}
,{"stream_name":"stdout","time":1230.973145606,"data":"轮次:··8/·20 || c_Loss:0.375 || e_Loss:-1.457 || Aad_Loss:-27.312 || 耗时：13.72s\n"}
,{"stream_name":"stdout","time":1244.688161063,"data":"轮次:··9/·20 || c_Loss:0.365 || e_Loss:-1.685 || Aad_Loss:-28.801 || 耗时：13.71s\n"}
,{"stream_name":"stdout","time":1258.424072805,"data":"轮次:·10/·20 || c_Loss:0.364 || e_Loss:-0.910 || Aad_Loss:-28.599 || 耗时：13.74s\n"}
,{"stream_name":"stdout","time":1265.04856892,"data":"任务: (B2)N15_M07_F10→(B1)N15_M01_F10; mix批次:····0; 批次:··940/·1880;  总正确率: 95.42%\n"}
,{"stream_name":"stdout","time":1265.048608466,"data":"类型1 正确率： 100.00% -\u003e 1  100.00%, 2    0.00%, 3    0.00%\n"}
,{"stream_name":"stdout","time":1265.048615679,"data":"类型2 正确率：  87.00% -\u003e 1    0.10%, 2   86.70%, 3   13.20%\n"}
,{"stream_name":"stdout","time":1265.048621471,"data":"类型3 正确率： 100.00% -\u003e 1    0.00%, 2    0.45%, 3   99.55%\n"}
,{"stream_name":"stdout","time":1265.04862727,"data":"\n"}
,{"stream_name":"stdout","time":1265.048632371,"data":"\n"}
,{"stream_name":"stdout","time":1265.092872328,"data":"样本变换：reverse\n"}
,{"stream_name":"stdout","time":1268.597442565,"data":"样本变换：mask\n"}
,{"stream_name":"stdout","time":1272.131923117,"data":"样本变换：shift\n"}
,{"stream_name":"stdout","time":1275.624801831,"data":"样本变换：none\n"}
,{"stream_name":"stderr","time":1280.791617792,"data":"/kaggle/working/k10/S06/sdalr_PU_final_checkpoint/tools.py:413: RuntimeWarning: invalid value encountered in divide\n"}
,{"stream_name":"stderr","time":1280.791665104,"data":"  per_class_acc = conf_matrix.diagonal() / conf_matrix.sum(axis=1) * 100\n"}
,{"stream_name":"stdout","time":1280.791796783,"data":"未过滤\t未用伪标签：95.42% -\u003e 使用伪标签：95.35%\n"}
,{"stream_name":"stdout","time":1280.791811483,"data":"已过滤\t未用伪标签：96.09% -\u003e 使用伪标签：96.46%\n"}
,{"stream_name":"stdout","time":1280.791816908,"data":"排除样本：69|6000\t剩余：2001, 1755, 2175\n"}
,{"stream_name":"stdout","time":1280.791822367,"data":"增添样本：594\t\t细则：174, 420, 0\t正确率估算：99.66%\n"}
,{"stream_name":"stdout","time":1280.791828576,"data":"类型1 正确率： 100.00% -\u003e 1  100.00%, 2    0.00%, 3    0.00%\n"}
,{"stream_name":"stdout","time":1280.791834239,"data":"类型2 正确率：  90.00% -\u003e 1    0.05%, 2   89.68%, 3   10.27%\n"}
,{"stream_name":"stdout","time":1280.791839573,"data":"类型3 正确率： 100.00% -\u003e 1    0.00%, 2    0.45%, 3   99.55%\n"}
,{"stream_name":"stdout","time":1280.791844683,"data":"\n"}
,{"stream_name":"stdout","time":1280.791849155,"data":"被排除样本 正确率：37.68%\n"}
,{"stream_name":"stdout","time":1280.791853725,"data":"类型1 没有样本或未被分类。\n"}
,{"stream_name":"stdout","time":1280.791858297,"data":"类型2 正确率：  21.00% -\u003e 1    1.89%, 2   20.75%, 3   77.36%\n"}
,{"stream_name":"stdout","time":1280.791863152,"data":"类型3 正确率：  94.00% -\u003e 1    0.00%, 2    6.25%, 3   93.75%\n"}
,{"stream_name":"stdout","time":1280.791873357,"data":"\n"}
,{"stream_name":"stdout","time":1280.791893199,"data":"\n"}
,{"stream_name":"stdout","time":1294.421211612,"data":"轮次:·11/·20 || c_Loss:0.464 || e_Loss:-0.819 || Aad_Loss:-31.805 || 耗时：36.00s\n"}
,{"stream_name":"stdout","time":1308.022223855,"data":"轮次:·12/·20 || c_Loss:0.408 || e_Loss:-1.755 || Aad_Loss:-27.443 || 耗时：13.60s\n"}
,{"stream_name":"stdout","time":1321.637552573,"data":"轮次:·13/·20 || c_Loss:0.371 || e_Loss:-1.692 || Aad_Loss:-28.923 || 耗时：13.62s\n"}
,{"stream_name":"stdout","time":1335.282695148,"data":"轮次:·14/·20 || c_Loss:0.369 || e_Loss:-0.920 || Aad_Loss:-30.518 || 耗时：13.65s\n"}
,{"stream_name":"stdout","time":1348.960489209,"data":"轮次:·15/·20 || c_Loss:0.388 || e_Loss:-0.852 || Aad_Loss:-27.420 || 耗时：13.68s\n"}
,{"stream_name":"stdout","time":1355.605847567,"data":"任务: (B2)N15_M07_F10→(B1)N15_M01_F10; mix批次:····0; 批次:·1410/·1880;  总正确率: 96.58%\n"}
,{"stream_name":"stdout","time":1355.605885417,"data":"类型1 正确率： 100.00% -\u003e 1  100.00%, 2    0.00%, 3    0.00%\n"}
,{"stream_name":"stdout","time":1355.605890814,"data":"类型2 正确率：  91.00% -\u003e 1    0.05%, 2   90.65%, 3    9.30%\n"}
,{"stream_name":"stdout","time":1355.60591399,"data":"类型3 正确率：  99.00% -\u003e 1    0.00%, 2    0.90%, 3   99.10%\n"}
,{"stream_name":"stdout","time":1355.605921535,"data":"\n"}
,{"stream_name":"stdout","time":1355.605927094,"data":"\n"}
,{"stream_name":"stdout","time":1355.647490766,"data":"样本变换：reverse\n"}
,{"stream_name":"stdout","time":1359.167862876,"data":"样本变换：mask\n"}
,{"stream_name":"stdout","time":1362.709828448,"data":"样本变换：shift\n"}
,{"stream_name":"stdout","time":1366.236827405,"data":"样本变换：none\n"}
,{"stream_name":"stderr","time":1371.339618489,"data":"/kaggle/working/k10/S06/sdalr_PU_final_checkpoint/tools.py:413: RuntimeWarning: invalid value encountered in divide\n"}
,{"stream_name":"stderr","time":1371.339709188,"data":"  per_class_acc = conf_matrix.diagonal() / conf_matrix.sum(axis=1) * 100\n"}
,{"stream_name":"stdout","time":1371.339782058,"data":"未过滤\t未用伪标签：96.58% -\u003e 使用伪标签：96.03%\n"}
,{"stream_name":"stdout","time":1371.339809285,"data":"已过滤\t未用伪标签：97.43% -\u003e 使用伪标签：97.50%\n"}
,{"stream_name":"stdout","time":1371.339815021,"data":"排除样本：90|6000\t剩余：2001, 1815, 2094\n"}
,{"stream_name":"stdout","time":1371.339822591,"data":"增添样本：372\t\t细则：93, 279, 0\t正确率估算：98.92%\n"}
,{"stream_name":"stdout","time":1371.339826353,"data":"类型1 正确率： 100.00% -\u003e 1  100.00%, 2    0.00%, 3    0.00%\n"}
,{"stream_name":"stdout","time":1371.339829763,"data":"类型2 正确率：  93.00% -\u003e 1    0.05%, 2   92.94%, 3    7.01%\n"}
,{"stream_name":"stdout","time":1371.339832943,"data":"类型3 正确率：  99.00% -\u003e 1    0.00%, 2    0.56%, 3   99.44%\n"}
,{"stream_name":"stdout","time":1371.339836101,"data":"\n"}
,{"stream_name":"stdout","time":1371.339839007,"data":"被排除样本 正确率：41.11%\n"}
,{"stream_name":"stdout","time":1371.339842001,"data":"类型1 没有样本或未被分类。\n"}
,{"stream_name":"stdout","time":1371.339845072,"data":"类型2 正确率：  22.00% -\u003e 1    1.69%, 2   22.03%, 3   76.27%\n"}
,{"stream_name":"stdout","time":1371.339848281,"data":"类型3 正确率：  77.00% -\u003e 1    0.00%, 2   22.58%, 3   77.42%\n"}
,{"stream_name":"stdout","time":1371.339851376,"data":"\n"}
,{"stream_name":"stdout","time":1371.339854275,"data":"\n"}
,{"stream_name":"stdout","time":1385.022106445,"data":"轮次:·16/·20 || c_Loss:0.384 || e_Loss:-1.689 || Aad_Loss:-27.614 || 耗时：36.06s\n"}
,{"stream_name":"stdout","time":1398.824608578,"data":"轮次:·17/·20 || c_Loss:0.372 || e_Loss:-0.876 || Aad_Loss:-29.690 || 耗时：13.80s\n"}
,{"stream_name":"stdout","time":1412.662349169,"data":"轮次:·18/·20 || c_Loss:0.354 || e_Loss:-0.906 || Aad_Loss:-30.726 || 耗时：13.84s\n"}
,{"stream_name":"stdout","time":1426.515803145,"data":"轮次:·19/·20 || c_Loss:0.402 || e_Loss:-1.700 || Aad_Loss:-30.337 || 耗时：13.85s\n"}
,{"stream_name":"stdout","time":1440.369182402,"data":"轮次:·20/·20 || c_Loss:0.363 || e_Loss:-1.846 || Aad_Loss:-27.841 || 耗时：13.85s\n"}
,{"stream_name":"stdout","time":1447.083281287,"data":"任务: (B2)N15_M07_F10→(B1)N15_M01_F10; mix批次:····0; 批次:·1880/·1880;  总正确率: 96.87%\n"}
,{"stream_name":"stdout","time":1447.083322504,"data":"类型1 正确率： 100.00% -\u003e 1  100.00%, 2    0.00%, 3    0.00%\n"}
,{"stream_name":"stdout","time":1447.0833281,"data":"类型2 正确率：  91.00% -\u003e 1    0.05%, 2   91.35%, 3    8.60%\n"}
,{"stream_name":"stdout","time":1447.083332316,"data":"类型3 正确率：  99.00% -\u003e 1    0.00%, 2    0.75%, 3   99.25%\n"}
,{"stream_name":"stdout","time":1447.083336231,"data":"\n"}
,{"stream_name":"stdout","time":1447.083339756,"data":"\n"}
,{"stream_name":"stdout","time":1453.751317837,"data":"测试集任务: (B2)N15_M07_F10→(B1)N15_M01_F10; 总正确率 = 96.87%\n"}
,{"stream_name":"stdout","time":1453.751383066,"data":"类型1 正确率： 100.00% -\u003e 1  100.00%, 2    0.00%, 3    0.00%\n"}
,{"stream_name":"stdout","time":1453.751388981,"data":"类型2 正确率：  91.00% -\u003e 1    0.05%, 2   91.35%, 3    8.60%\n"}
,{"stream_name":"stdout","time":1453.751393253,"data":"类型3 正确率：  99.00% -\u003e 1    0.00%, 2    0.75%, 3   99.25%\n"}
,{"stream_name":"stdout","time":1453.751397363,"data":"\n"}
,{"stream_name":"stdout","time":1453.751400886,"data":"\n"}
,{"stream_name":"stdout","time":1453.776739856,"data":"[tar_adaptation_RES_PU.py --folder_root /kaggle/working/k10/S06/sdalr_PU_final_checkpoint/DATA_foldS06 --seed 2024 --class_num 3 --data_name PU_M1_L3 --output /kaggle/working/k10/S06/weight_PU_M1_final_checkpoint_FS06toS06_s2024 --s 1 --t 0 --lr 0.0005 --threshold 0.4 --K 0.6] 383s\n"}
,{"stream_name":"stdout","time":1453.804340019,"data":"读取源域路径：/kaggle/working/k10/S06/weight_PU_M1_final_checkpoint_FS06toS06_s2024/NEW_PU/Source-源域/log\u0026pt/(B2)N15_M07_F10\n"}
,{"stream_name":"stdout","time":1453.804364896,"data":"excel输出位置：/kaggle/working/k10/S06/weight_PU_M1_final_checkpoint_FS06toS06_s2024/NEW_PU/Target-目标域\n"}
,{"stream_name":"stdout","time":1453.804421018,"data":"特征图片输出位置：/kaggle/working/k10/S06/weight_PU_M1_final_checkpoint_FS06toS06_s2024/NEW_PU/Picture-特征图/2026年09月19日03时29分/(B2)N15_M07_F10\n"}
,{"stream_name":"stderr","time":1453.840547157,"data":"/usr/local/lib/python3.12/dist-packages/torch/nn/utils/weight_norm.py:144: FutureWarning: `torch.nn.utils.weight_norm` is deprecated in favor of `torch.nn.utils.parametrizations.weight_norm`.\n"}
,{"stream_name":"stderr","time":1453.840576017,"data":"  WeightNorm.apply(module, name, dim)\n"}
,{"stream_name":"stdout","time":1453.882190216,"data":"现在选取:(B2)N15_M07_F10 进行训练的源模型\n"}
,{"stream_name":"stdout","time":1453.882224575,"data":"现在进行：(B2)N15_M07_F10→(B3)N15_M07_F04 的迁移任务\n"}
,{"stream_name":"stdout","time":1453.882233869,"data":"log\u0026pt输出位置：/kaggle/working/k10/S06/weight_PU_M1_final_checkpoint_FS06toS06_s2024/NEW_PU/Target-目标域/log\u0026pt/(B2)N15_M07_F10→(B3)N15_M07_F04\n"}
,{"stream_name":"stderr","time":1453.88364694,"data":"sh: 1: Syntax error: word unexpected (expecting \")\")\n"}
,{"stream_name":"stdout","time":1465.768813111,"data":"任务: (B2)N15_M07_F10→(B3)N15_M07_F04; 批次:····0/·1880;  总正确率: 92.50%\n"}
,{"stream_name":"stdout","time":1465.768856558,"data":"类型1 正确率： 100.00% -\u003e 1  100.00%, 2    0.00%, 3    0.00%\n"}
,{"stream_name":"stdout","time":1465.768862259,"data":"类型2 正确率：  83.00% -\u003e 1    0.00%, 2   83.20%, 3   16.80%\n"}
,{"stream_name":"stdout","time":1465.76886614,"data":"类型3 正确率：  94.00% -\u003e 1    1.00%, 2    4.70%, 3   94.30%\n"}
,{"stream_name":"stdout","time":1465.768870307,"data":"\n"}
,{"stream_name":"stdout","time":1465.76887374,"data":"\n"}
,{"stream_name":"stdout","time":1465.76952482,"data":"样本变换：reverse\n"}
,{"stream_name":"stdout","time":1469.249886191,"data":"样本变换：mask\n"}
,{"stream_name":"stdout","time":1472.765857495,"data":"样本变换：shift\n"}
,{"stream_name":"stdout","time":1476.250824741,"data":"样本变换：none\n"}
,{"stream_name":"stderr","time":1481.359279788,"data":"/kaggle/working/k10/S06/sdalr_PU_final_checkpoint/tools.py:413: RuntimeWarning: invalid value encountered in divide\n"}
,{"stream_name":"stderr","time":1481.359332186,"data":"  per_class_acc = conf_matrix.diagonal() / conf_matrix.sum(axis=1) * 100\n"}
,{"stream_name":"stdout","time":1481.359700949,"data":"未过滤\t未用伪标签：92.50% -\u003e 使用伪标签：92.72%\n"}
,{"stream_name":"stdout","time":1481.359719063,"data":"已过滤\t未用伪标签：93.39% -\u003e 使用伪标签：94.30%\n"}
,{"stream_name":"stdout","time":1481.359725462,"data":"排除样本：101|6000\t剩余：2023, 1816, 2060\n"}
,{"stream_name":"stdout","time":1481.35973067,"data":"增添样本：281\t\t细则：37, 244, 0\t正确率估算：95.37%\n"}
,{"stream_name":"stdout","time":1481.359780846,"data":"类型1 正确率： 100.00% -\u003e 1  100.00%, 2    0.00%, 3    0.00%\n"}
,{"stream_name":"stdout","time":1481.359788039,"data":"类型2 正确率：  88.00% -\u003e 1    0.00%, 2   88.44%, 3   11.56%\n"}
,{"stream_name":"stdout","time":1481.359812388,"data":"类型3 正确率：  94.00% -\u003e 1    1.18%, 2    4.48%, 3   94.34%\n"}
,{"stream_name":"stdout","time":1481.359831897,"data":"\n"}
,{"stream_name":"stdout","time":1481.359835404,"data":"被排除样本 正确率：40.59%\n"}
,{"stream_name":"stdout","time":1481.359839136,"data":"类型1 没有样本或未被分类。\n"}
,{"stream_name":"stdout","time":1481.359842673,"data":"类型2 正确率：  27.00% -\u003e 1    0.00%, 2   26.67%, 3   73.33%\n"}
,{"stream_name":"stdout","time":1481.359846276,"data":"类型3 正确率：  52.00% -\u003e 1    5.36%, 2   42.86%, 3   51.79%\n"}
,{"stream_name":"stdout","time":1481.359849802,"data":"\n"}
,{"stream_name":"stdout","time":1481.359853098,"data":"\n"}
,{"stream_name":"stdout","time":1494.914666198,"data":"轮次:··1/·20 || c_Loss:0.582 || e_Loss:-1.679 || Aad_Loss:-24.012 || 耗时：35.56s\n"}
,{"stream_name":"stdout","time":1508.584225806,"data":"轮次:··2/·20 || c_Loss:0.446 || e_Loss:-1.758 || Aad_Loss:-24.706 || 耗时：13.67s\n"}
,{"stream_name":"stdout","time":1522.338718914,"data":"轮次:··3/·20 || c_Loss:0.417 || e_Loss:-0.871 || Aad_Loss:-28.349 || 耗时：13.75s\n"}
,{"stream_name":"stdout","time":1536.15560653,"data":"轮次:··4/·20 || c_Loss:0.366 || e_Loss:-1.662 || Aad_Loss:-24.567 || 耗时：13.82s\n"}
,{"stream_name":"stdout","time":1549.930465587,"data":"轮次:··5/·20 || c_Loss:0.396 || e_Loss:-0.695 || Aad_Loss:-24.113 || 耗时：13.77s\n"}
,{"stream_name":"stdout","time":1556.6071355,"data":"任务: (B2)N15_M07_F10→(B3)N15_M07_F04; mix批次:····0; 批次:··470/·1880;  总正确率: 93.85%\n"}
,{"stream_name":"stdout","time":1556.607194371,"data":"类型1 正确率： 100.00% -\u003e 1  100.00%, 2    0.00%, 3    0.00%\n"}
,{"stream_name":"stdout","time":1556.60719935,"data":"类型2 正确率：  87.00% -\u003e 1    0.00%, 2   87.20%, 3   12.80%\n"}
,{"stream_name":"stdout","time":1556.607202194,"data":"类型3 正确率：  94.00% -\u003e 1    0.95%, 2    4.70%, 3   94.35%\n"}
,{"stream_name":"stdout","time":1556.607204828,"data":"\n"}
,{"stream_name":"stdout","time":1556.60720719,"data":"\n"}
,{"stream_name":"stdout","time":1556.642331312,"data":"样本变换：reverse\n"}
,{"stream_name":"stdout","time":1560.156842805,"data":"样本变换：mask\n"}
,{"stream_name":"stdout","time":1563.726809089,"data":"样本变换：shift\n"}
,{"stream_name":"stdout","time":1567.256849985,"data":"样本变换：none\n"}
,{"stream_name":"stderr","time":1572.373421697,"data":"/kaggle/working/k10/S06/sdalr_PU_final_checkpoint/tools.py:413: RuntimeWarning: invalid value encountered in divide\n"}
,{"stream_name":"stderr","time":1572.37348106,"data":"  per_class_acc = conf_matrix.diagonal() / conf_matrix.sum(axis=1) * 100\n"}
,{"stream_name":"stdout","time":1572.373786781,"data":"未过滤\t未用伪标签：93.85% -\u003e 使用伪标签：93.43%\n"}
,{"stream_name":"stdout","time":1572.373805491,"data":"已过滤\t未用伪标签：94.36% -\u003e 使用伪标签：94.33%\n"}
,{"stream_name":"stdout","time":1572.373811622,"data":"排除样本：57|6000\t剩余：2031, 1848, 2064\n"}
,{"stream_name":"stdout","time":1572.373819077,"data":"增添样本：249\t\t细则：33, 216, 0\t正确率估算：97.99%\n"}
,{"stream_name":"stdout","time":1572.373827856,"data":"类型1 正确率： 100.00% -\u003e 1  100.00%, 2    0.00%, 3    0.00%\n"}
,{"stream_name":"stdout","time":1572.373831648,"data":"类型2 正确率：  89.00% -\u003e 1    0.00%, 2   88.90%, 3   11.10%\n"}
,{"stream_name":"stdout","time":1572.373835474,"data":"类型3 正确率：  94.00% -\u003e 1    1.58%, 2    4.39%, 3   94.03%\n"}
,{"stream_name":"stdout","time":1572.373839167,"data":"\n"}
,{"stream_name":"stdout","time":1572.373842593,"data":"被排除样本 正确率：40.35%\n"}
,{"stream_name":"stdout","time":1572.373846014,"data":"类型1 没有样本或未被分类。\n"}
,{"stream_name":"stdout","time":1572.373849462,"data":"类型2 正确率：  11.00% -\u003e 1    0.00%, 2   11.11%, 3   88.89%\n"}
,{"stream_name":"stdout","time":1572.373853162,"data":"类型3 正确率：  54.00% -\u003e 1    5.13%, 2   41.03%, 3   53.85%\n"}
,{"stream_name":"stdout","time":1572.373856735,"data":"\n"}
,{"stream_name":"stdout","time":1572.373859987,"data":"\n"}
,{"stream_name":"stdout","time":1586.011755164,"data":"轮次:··6/·20 || c_Loss:0.368 || e_Loss:-1.559 || Aad_Loss:-27.214 || 耗时：36.08s\n"}
,{"stream_name":"stdout","time":1599.753045804,"data":"轮次:··7/·20 || c_Loss:0.404 || e_Loss:-0.851 || Aad_Loss:-28.446 || 耗时：13.74s\n"}
,{"stream_name":"stdout","time":1613.525406394,"data":"轮次:··8/·20 || c_Loss:0.392 || e_Loss:-1.738 || Aad_Loss:-26.074 || 耗时：13.77s\n"}
,{"stream_name":"stdout","time":1627.289693603,"data":"轮次:··9/·20 || c_Loss:0.381 || e_Loss:-1.260 || Aad_Loss:-27.138 || 耗时：13.76s\n"}
,{"stream_name":"stdout","time":1641.049217301,"data":"轮次:·10/·20 || c_Loss:0.497 || e_Loss:-0.833 || Aad_Loss:-24.883 || 耗时：13.76s\n"}
,{"stream_name":"stdout","time":1647.673654958,"data":"任务: (B2)N15_M07_F10→(B3)N15_M07_F04; mix批次:····0; 批次:··940/·1880;  总正确率: 94.37%\n"}
,{"stream_name":"stdout","time":1647.673710988,"data":"类型1 正确率： 100.00% -\u003e 1  100.00%, 2    0.00%, 3    0.00%\n"}
,{"stream_name":"stdout","time":1647.673728442,"data":"类型2 正确率：  89.00% -\u003e 1    0.00%, 2   89.35%, 3   10.65%\n"}
,{"stream_name":"stdout","time":1647.673732961,"data":"类型3 正确率：  94.00% -\u003e 1    1.20%, 2    5.05%, 3   93.75%\n"}
,{"stream_name":"stdout","time":1647.673736747,"data":"\n"}
,{"stream_name":"stdout","time":1647.673884963,"data":"\n"}
,{"stream_name":"stdout","time":1647.717018044,"data":"样本变换：reverse\n"}
,{"stream_name":"stdout","time":1651.229334208,"data":"样本变换：mask\n"}
,{"stream_name":"stdout","time":1654.764388535,"data":"样本变换：shift\n"}
,{"stream_name":"stdout","time":1658.290815798,"data":"样本变换：none\n"}
,{"stream_name":"stdout","time":1663.295691185,"data":"未过滤\t未用伪标签：94.37% -\u003e 使用伪标签：93.72%\n"}
,{"stream_name":"stdout","time":1663.295739556,"data":"已过滤\t未用伪标签：94.61% -\u003e 使用伪标签：94.44%\n"}
,{"stream_name":"stdout","time":1663.295766466,"data":"排除样本：46|6000\t剩余：2035, 1884, 2035\n"}
,{"stream_name":"stdout","time":1663.295772924,"data":"增添样本：151\t\t细则：0, 151, 0\t正确率估算：99.34%\n"}
,{"stream_name":"stdout","time":1663.295780048,"data":"类型1 正确率： 100.00% -\u003e 1  100.00%, 2    0.00%, 3    0.00%\n"}
,{"stream_name":"stdout","time":1663.295787265,"data":"类型2 正确率：  90.00% -\u003e 1    0.00%, 2   89.98%, 3   10.02%\n"}
,{"stream_name":"stdout","time":1663.295793983,"data":"类型3 正确率：  93.00% -\u003e 1    1.78%, 2    4.93%, 3   93.29%\n"}
,{"stream_name":"stdout","time":1663.295799514,"data":"\n"}
,{"stream_name":"stdout","time":1663.295804577,"data":"被排除样本 正确率：63.04%\n"}
,{"stream_name":"stdout","time":1663.295810076,"data":"类型1 正确率：  43.00% -\u003e 1   42.86%, 2   57.14%\n"}
,{"stream_name":"stdout","time":1663.295815644,"data":"类型2 正确率：  72.00% -\u003e 1   28.12%, 2   71.88%\n"}
,{"stream_name":"stdout","time":1663.295821023,"data":"\n"}
,{"stream_name":"stdout","time":1663.29582624,"data":"\n"}
,{"stream_name":"stdout","time":1676.952895694,"data":"轮次:·11/·20 || c_Loss:0.465 || e_Loss:-1.658 || Aad_Loss:-26.582 || 耗时：35.90s\n"}
,{"stream_name":"stdout","time":1690.656085995,"data":"轮次:·12/·20 || c_Loss:0.391 || e_Loss:-1.425 || Aad_Loss:-32.337 || 耗时：13.70s\n"}
,{"stream_name":"stdout","time":1704.389873972,"data":"轮次:·13/·20 || c_Loss:0.402 || e_Loss:-1.602 || Aad_Loss:-30.348 || 耗时：13.73s\n"}
,{"stream_name":"stdout","time":1718.103838892,"data":"轮次:·14/·20 || c_Loss:0.368 || e_Loss:-0.959 || Aad_Loss:-28.254 || 耗时：13.71s\n"}
,{"stream_name":"stdout","time":1731.85615664,"data":"轮次:·15/·20 || c_Loss:0.390 || e_Loss:-1.557 || Aad_Loss:-30.466 || 耗时：13.75s\n"}
,{"stream_name":"stdout","time":1738.547775393,"data":"任务: (B2)N15_M07_F10→(B3)N15_M07_F04; mix批次:····0; 批次:·1410/·1880;  总正确率: 94.33%\n"}
,{"stream_name":"stdout","time":1738.547832397,"data":"类型1 正确率： 100.00% -\u003e 1  100.00%, 2    0.00%, 3    0.00%\n"}
,{"stream_name":"stdout","time":1738.547852304,"data":"类型2 正确率：  90.00% -\u003e 1    0.00%, 2   90.10%, 3    9.90%\n"}
,{"stream_name":"stdout","time":1738.547858123,"data":"类型3 正确率：  93.00% -\u003e 1    1.70%, 2    5.40%, 3   92.90%\n"}
,{"stream_name":"stdout","time":1738.547863347,"data":"\n"}
,{"stream_name":"stdout","time":1738.547868641,"data":"\n"}
,{"stream_name":"stdout","time":1738.592426198,"data":"样本变换：reverse\n"}
,{"stream_name":"stdout","time":1742.126832406,"data":"样本变换：mask\n"}
,{"stream_name":"stdout","time":1745.677803694,"data":"样本变换：shift\n"}
,{"stream_name":"stdout","time":1749.216432277,"data":"样本变换：none\n"}
,{"stream_name":"stderr","time":1754.249926232,"data":"/kaggle/working/k10/S06/sdalr_PU_final_checkpoint/tools.py:413: RuntimeWarning: invalid value encountered in divide\n"}
,{"stream_name":"stderr","time":1754.249971081,"data":"  per_class_acc = conf_matrix.diagonal() / conf_matrix.sum(axis=1) * 100\n"}
,{"stream_name":"stdout","time":1754.250175553,"data":"未过滤\t未用伪标签：94.33% -\u003e 使用伪标签：93.75%\n"}
,{"stream_name":"stdout","time":1754.250194506,"data":"已过滤\t未用伪标签：94.54% -\u003e 使用伪标签：94.43%\n"}
,{"stream_name":"stdout","time":1754.250200993,"data":"排除样本：43|6000\t剩余：2041, 1901, 2015\n"}
,{"stream_name":"stdout","time":1754.250206866,"data":"增添样本：166\t\t细则：0, 140, 26\t正确率估算：100.00%\n"}
,{"stream_name":"stdout","time":1754.25021252,"data":"类型1 正确率： 100.00% -\u003e 1  100.00%, 2    0.00%, 3    0.00%\n"}
,{"stream_name":"stdout","time":1754.250217929,"data":"类型2 正确率：  90.00% -\u003e 1    0.00%, 2   90.45%, 3    9.55%\n"}
,{"stream_name":"stdout","time":1754.250223056,"data":"类型3 正确率：  93.00% -\u003e 1    2.08%, 2    5.13%, 3   92.78%\n"}
,{"stream_name":"stdout","time":1754.250228684,"data":"\n"}
,{"stream_name":"stdout","time":1754.250234399,"data":"被排除样本 正确率：65.12%\n"}
,{"stream_name":"stdout","time":1754.250240473,"data":"类型1 没有样本或未被分类。\n"}
,{"stream_name":"stdout","time":1754.250245592,"data":"类型2 正确率：  50.00% -\u003e 1    0.00%, 2   50.00%, 3   50.00%\n"}
,{"stream_name":"stdout","time":1754.250250731,"data":"类型3 正确率：  70.00% -\u003e 1    3.03%, 2   27.27%, 3   69.70%\n"}
,{"stream_name":"stdout","time":1754.250255897,"data":"\n"}
,{"stream_name":"stdout","time":1754.250260596,"data":"\n"}
,{"stream_name":"stdout","time":1767.951663111,"data":"轮次:·16/·20 || c_Loss:0.386 || e_Loss:-1.694 || Aad_Loss:-29.932 || 耗时：36.10s\n"}
,{"stream_name":"stdout","time":1781.711447223,"data":"轮次:·17/·20 || c_Loss:0.407 || e_Loss:-1.859 || Aad_Loss:-28.723 || 耗时：13.76s\n"}
,{"stream_name":"stdout","time":1795.465144107,"data":"轮次:·18/·20 || c_Loss:0.395 || e_Loss:-0.845 || Aad_Loss:-26.100 || 耗时：13.75s\n"}
,{"stream_name":"stdout","time":1809.264600272,"data":"轮次:·19/·20 || c_Loss:0.404 || e_Loss:-1.657 || Aad_Loss:-29.203 || 耗时：13.80s\n"}
,{"stream_name":"stdout","time":1823.074841588,"data":"轮次:·20/·20 || c_Loss:0.374 || e_Loss:-0.935 || Aad_Loss:-28.426 || 耗时：13.81s\n"}
,{"stream_name":"stdout","time":1829.766546315,"data":"任务: (B2)N15_M07_F10→(B3)N15_M07_F04; mix批次:····0; 批次:·1880/·1880;  总正确率: 94.32%\n"}
,{"stream_name":"stdout","time":1829.766585783,"data":"类型1 正确率： 100.00% -\u003e 1  100.00%, 2    0.00%, 3    0.00%\n"}
,{"stream_name":"stdout","time":1829.766593003,"data":"类型2 正确率：  91.00% -\u003e 1    0.00%, 2   90.55%, 3    9.45%\n"}
,{"stream_name":"stdout","time":1829.7665996,"data":"类型3 正确率：  92.00% -\u003e 1    1.65%, 2    5.95%, 3   92.40%\n"}
,{"stream_name":"stdout","time":1829.766605633,"data":"\n"}
,{"stream_name":"stdout","time":1829.766610916,"data":"\n"}
,{"stream_name":"stdout","time":1836.421447191,"data":"测试集任务: (B2)N15_M07_F10→(B3)N15_M07_F04; 总正确率 = 94.32%\n"}
,{"stream_name":"stdout","time":1836.421507039,"data":"类型1 正确率： 100.00% -\u003e 1  100.00%, 2    0.00%, 3    0.00%\n"}
,{"stream_name":"stdout","time":1836.421515391,"data":"类型2 正确率：  91.00% -\u003e 1    0.00%, 2   90.55%, 3    9.45%\n"}
,{"stream_name":"stdout","time":1836.421536344,"data":"类型3 正确率：  92.00% -\u003e 1    1.65%, 2    5.95%, 3   92.40%\n"}
,{"stream_name":"stdout","time":1836.421540479,"data":"\n"}
,{"stream_name":"stdout","time":1836.421545803,"data":"\n"}
,{"stream_name":"stdout","time":1836.445069568,"data":"[tar_adaptation_RES_PU.py --folder_root /kaggle/working/k10/S06/sdalr_PU_final_checkpoint/DATA_foldS06 --seed 2024 --class_num 3 --data_name PU_M1_L3 --output /kaggle/working/k10/S06/weight_PU_M1_final_checkpoint_FS06toS06_s2024 --s 1 --t 2 --lr 0.0005 --threshold 0.4 --K 0.6] 383s\n"}
,{"stream_name":"stdout","time":1836.47231453,"data":"读取源域路径：/kaggle/working/k10/S06/weight_PU_M1_final_checkpoint_FS06toS06_s2024/NEW_PU/Source-源域/log\u0026pt/(B3)N15_M07_F04\n"}
,{"stream_name":"stdout","time":1836.472354946,"data":"excel输出位置：/kaggle/working/k10/S06/weight_PU_M1_final_checkpoint_FS06toS06_s2024/NEW_PU/Target-目标域\n"}
,{"stream_name":"stdout","time":1836.472474082,"data":"特征图片输出位置：/kaggle/working/k10/S06/weight_PU_M1_final_checkpoint_FS06toS06_s2024/NEW_PU/Picture-特征图/2026年09月19日03时35分/(B3)N15_M07_F04\n"}
,{"stream_name":"stderr","time":1836.508044867,"data":"/usr/local/lib/python3.12/dist-packages/torch/nn/utils/weight_norm.py:144: FutureWarning: `torch.nn.utils.weight_norm` is deprecated in favor of `torch.nn.utils.parametrizations.weight_norm`.\n"}
,{"stream_name":"stderr","time":1836.508077192,"data":"  WeightNorm.apply(module, name, dim)\n"}
,{"stream_name":"stdout","time":1836.54666178,"data":"现在选取:(B3)N15_M07_F04 进行训练的源模型\n"}
,{"stream_name":"stdout","time":1836.546687236,"data":"现在进行：(B3)N15_M07_F04→(B1)N15_M01_F10 的迁移任务\n"}
,{"stream_name":"stdout","time":1836.546690897,"data":"log\u0026pt输出位置：/kaggle/working/k10/S06/weight_PU_M1_final_checkpoint_FS06toS06_s2024/NEW_PU/Target-目标域/log\u0026pt/(B3)N15_M07_F04→(B1)N15_M01_F10\n"}
,{"stream_name":"stderr","time":1836.548230769,"data":"sh: 1: Syntax error: word unexpected (expecting \")\")\n"}
,{"stream_name":"stdout","time":1848.531749637,"data":"任务: (B3)N15_M07_F04→(B1)N15_M01_F10; 批次:····0/·1880;  总正确率: 73.87%\n"}
,{"stream_name":"stdout","time":1848.531811605,"data":"类型1 正确率： 100.00% -\u003e 1   99.65%, 2    0.00%, 3    0.35%\n"}
,{"stream_name":"stdout","time":1848.53181775,"data":"类型2 正确率：  57.00% -\u003e 1    0.00%, 2   56.60%, 3   43.40%\n"}
,{"stream_name":"stdout","time":1848.531821825,"data":"类型3 正确率：  65.00% -\u003e 1    0.00%, 2   34.65%, 3   65.35%\n"}
,{"stream_name":"stdout","time":1848.531825575,"data":"\n"}
,{"stream_name":"stdout","time":1848.531828908,"data":"\n"}
,{"stream_name":"stdout","time":1848.532489695,"data":"样本变换：reverse\n"}
,{"stream_name":"stdout","time":1852.011842447,"data":"样本变换：mask\n"}
,{"stream_name":"stdout","time":1855.521801893,"data":"样本变换：shift\n"}
,{"stream_name":"stdout","time":1859.011818389,"data":"样本变换：none\n"}
,{"stream_name":"stderr","time":1864.14364557,"data":"/kaggle/working/k10/S06/sdalr_PU_final_checkpoint/tools.py:413: RuntimeWarning: invalid value encountered in divide\n"}
,{"stream_name":"stderr","time":1864.143705239,"data":"  per_class_acc = conf_matrix.diagonal() / conf_matrix.sum(axis=1) * 100\n"}
,{"stream_name":"stdout","time":1864.143889562,"data":"未过滤\t未用伪标签：73.87% -\u003e 使用伪标签：73.63%\n"}
,{"stream_name":"stdout","time":1864.143917585,"data":"已过滤\t未用伪标签：74.55% -\u003e 使用伪标签：74.86%\n"}
,{"stream_name":"stdout","time":1864.143924311,"data":"排除样本：98|6000\t剩余：1999, 1783, 2120\n"}
,{"stream_name":"stdout","time":1864.143947379,"data":"增添样本：458\t\t细则：121, 337, 0\t正确率估算：98.69%\n"}
,{"stream_name":"stdout","time":1864.143952849,"data":"类型1 正确率： 100.00% -\u003e 1   99.95%, 2    0.00%, 3    0.05%\n"}
,{"stream_name":"stdout","time":1864.143957343,"data":"类型2 正确率：  58.00% -\u003e 1    0.00%, 2   57.89%, 3   42.11%\n"}
,{"stream_name":"stdout","time":1864.143961414,"data":"类型3 正确率：  66.00% -\u003e 1    0.00%, 2   34.10%, 3   65.90%\n"}
,{"stream_name":"stdout","time":1864.143965718,"data":"\n"}
,{"stream_name":"stdout","time":1864.143969679,"data":"被排除样本 正确率：32.65%\n"}
,{"stream_name":"stdout","time":1864.143974239,"data":"类型1 正确率：  33.00% -\u003e 1   32.65%, 2   67.35%\n"}
,{"stream_name":"stdout","time":1864.143979335,"data":"类型2 没有样本或未被分类。\n"}
,{"stream_name":"stdout","time":1864.143984373,"data":"\n"}
,{"stream_name":"stdout","time":1864.143988351,"data":"\n"}
,{"stream_name":"stdout","time":1877.647581705,"data":"轮次:··1/·20 || c_Loss:0.532 || e_Loss:-1.430 || Aad_Loss:-21.309 || 耗时：35.56s\n"}
,{"stream_name":"stdout","time":1891.34441507,"data":"轮次:··2/·20 || c_Loss:0.393 || e_Loss:-1.579 || Aad_Loss:-25.232 || 耗时：13.70s\n"}
,{"stream_name":"stdout","time":1905.073630693,"data":"轮次:··3/·20 || c_Loss:0.363 || e_Loss:-1.570 || Aad_Loss:-27.073 || 耗时：13.73s\n"}
,{"stream_name":"stdout","time":1918.832833273,"data":"轮次:··4/·20 || c_Loss:0.367 || e_Loss:-1.647 || Aad_Loss:-27.031 || 耗时：13.76s\n"}
,{"stream_name":"stdout","time":1932.631297038,"data":"轮次:··5/·20 || c_Loss:0.347 || e_Loss:-1.609 || Aad_Loss:-28.570 || 耗时：13.80s\n"}
,{"stream_name":"stdout","time":1939.266479176,"data":"任务: (B3)N15_M07_F04→(B1)N15_M01_F10; mix批次:····0; 批次:··470/·1880;  总正确率: 74.88%\n"}
,{"stream_name":"stdout","time":1939.266518008,"data":"类型1 正确率： 100.00% -\u003e 1  100.00%, 2    0.00%, 3    0.00%\n"}
,{"stream_name":"stdout","time":1939.266525287,"data":"类型2 正确率：  59.00% -\u003e 1    0.00%, 2   58.65%, 3   41.35%\n"}
,{"stream_name":"stdout","time":1939.266531119,"data":"类型3 正确率：  66.00% -\u003e 1    0.00%, 2   34.00%, 3   66.00%\n"}
,{"stream_name":"stdout","time":1939.266536734,"data":"\n"}
,{"stream_name":"stdout","time":1939.26654192,"data":"\n"}
,{"stream_name":"stdout","time":1939.300010714,"data":"样本变换：reverse\n"}
,{"stream_name":"stdout","time":1942.840891891,"data":"样本变换：mask\n"}
,{"stream_name":"stdout","time":1946.370508583,"data":"样本变换：shift\n"}
,{"stream_name":"stdout","time":1949.879826755,"data":"样本变换：none\n"}
,{"stream_name":"stderr","time":1954.908265696,"data":"/kaggle/working/k10/S06/sdalr_PU_final_checkpoint/tools.py:413: RuntimeWarning: invalid value encountered in divide\n"}
,{"stream_name":"stderr","time":1954.908313141,"data":"  per_class_acc = conf_matrix.diagonal() / conf_matrix.sum(axis=1) * 100\n"}
,{"stream_name":"stdout","time":1954.908460136,"data":"未过滤\t未用伪标签：74.88% -\u003e 使用伪标签：75.60%\n"}
,{"stream_name":"stdout","time":1954.908498933,"data":"已过滤\t未用伪标签：75.22% -\u003e 使用伪标签：75.94%\n"}
,{"stream_name":"stdout","time":1954.908505489,"data":"排除样本：27|6000\t剩余：2001, 1896, 2076\n"}
,{"stream_name":"stdout","time":1954.908511054,"data":"增添样本：255\t\t细则：75, 180, 0\t正确率估算：98.82%\n"}
,{"stream_name":"stdout","time":1954.908516485,"data":"类型1 正确率： 100.00% -\u003e 1  100.00%, 2    0.00%, 3    0.00%\n"}
,{"stream_name":"stdout","time":1954.90853946,"data":"类型2 正确率：  62.00% -\u003e 1    0.05%, 2   61.63%, 3   38.32%\n"}
,{"stream_name":"stdout","time":1954.908544204,"data":"类型3 正确率：  66.00% -\u003e 1    0.00%, 2   34.00%, 3   66.00%\n"}
,{"stream_name":"stdout","time":1954.908548341,"data":"\n"}
,{"stream_name":"stdout","time":1954.908552069,"data":"被排除样本 正确率：0.00%\n"}
,{"stream_name":"stdout","time":1954.908555936,"data":"类型1 正确率：   0.00% -\u003e 1    0.00%, 2  100.00%\n"}
,{"stream_name":"stdout","time":1954.908560677,"data":"类型2 没有样本或未被分类。\n"}
,{"stream_name":"stdout","time":1954.908566629,"data":"\n"}
,{"stream_name":"stdout","time":1954.908573613,"data":"\n"}
,{"stream_name":"stdout","time":1968.571032877,"data":"轮次:··6/·20 || c_Loss:0.362 || e_Loss:-0.912 || Aad_Loss:-30.980 || 耗时：35.94s\n"}
,{"stream_name":"stdout","time":1982.337035573,"data":"轮次:··7/·20 || c_Loss:0.353 || e_Loss:-0.977 || Aad_Loss:-29.637 || 耗时：13.77s\n"}
,{"stream_name":"stdout","time":1996.126047243,"data":"轮次:··8/·20 || c_Loss:0.360 || e_Loss:-0.973 || Aad_Loss:-30.785 || 耗时：13.79s\n"}
,{"stream_name":"stdout","time":2009.955854261,"data":"轮次:··9/·20 || c_Loss:0.371 || e_Loss:-0.962 || Aad_Loss:-30.779 || 耗时：13.83s\n"}
,{"stream_name":"stdout","time":2023.77995791,"data":"轮次:·10/·20 || c_Loss:0.358 || e_Loss:-0.984 || Aad_Loss:-29.995 || 耗时：13.82s\n"}
,{"stream_name":"stdout","time":2030.471983298,"data":"任务: (B3)N15_M07_F04→(B1)N15_M01_F10; mix批次:····0; 批次:··940/·1880;  总正确率: 76.83%\n"}
,{"stream_name":"stdout","time":2030.472028572,"data":"类型1 正确率： 100.00% -\u003e 1  100.00%, 2    0.00%, 3    0.00%\n"}
,{"stream_name":"stdout","time":2030.472041471,"data":"类型2 正确率：  64.00% -\u003e 1    0.00%, 2   64.50%, 3   35.50%\n"}
,{"stream_name":"stdout","time":2030.472045356,"data":"类型3 正确率：  66.00% -\u003e 1    0.00%, 2   34.00%, 3   66.00%\n"}
,{"stream_name":"stdout","time":2030.472049081,"data":"\n"}
,{"stream_name":"stdout","time":2030.472052371,"data":"\n"}
,{"stream_name":"stdout","time":2030.515728745,"data":"样本变换：reverse\n"}
,{"stream_name":"stdout","time":2034.085891939,"data":"样本变换：mask\n"}
,{"stream_name":"stdout","time":2037.651805292,"data":"样本变换：shift\n"}
,{"stream_name":"stdout","time":2041.225860318,"data":"样本变换：none\n"}
,{"stream_name":"stderr","time":2046.211894913,"data":"/kaggle/working/k10/S06/sdalr_PU_final_checkpoint/tools.py:413: RuntimeWarning: invalid value encountered in divide\n"}
,{"stream_name":"stderr","time":2046.211941534,"data":"  per_class_acc = conf_matrix.diagonal() / conf_matrix.sum(axis=1) * 100\n"}
,{"stream_name":"stdout","time":2046.21214746,"data":"未过滤\t未用伪标签：76.83% -\u003e 使用伪标签：77.22%\n"}
,{"stream_name":"stdout","time":2046.21215816,"data":"已过滤\t未用伪标签：76.88% -\u003e 使用伪标签：77.27%\n"}
,{"stream_name":"stdout","time":2046.212162346,"data":"排除样本：4|6000\t剩余：2000, 1993, 2003\n"}
,{"stream_name":"stdout","time":2046.212166221,"data":"增添样本：13\t\t细则：3, 10, 0\t正确率估算：100.00%\n"}
,{"stream_name":"stdout","time":2046.212171092,"data":"类型1 正确率： 100.00% -\u003e 1  100.00%, 2    0.00%, 3    0.00%\n"}
,{"stream_name":"stdout","time":2046.212191029,"data":"类型2 正确率：  66.00% -\u003e 1    0.00%, 2   65.78%, 3   34.22%\n"}
,{"stream_name":"stdout","time":2046.212197309,"data":"类型3 正确率：  66.00% -\u003e 1    0.00%, 2   34.00%, 3   66.00%\n"}
,{"stream_name":"stdout","time":2046.212218683,"data":"\n"}
,{"stream_name":"stdout","time":2046.21222452,"data":"被排除样本 正确率：0.00%\n"}
,{"stream_name":"stdout","time":2046.212228557,"data":"类型1 正确率：   0.00% -\u003e 1    0.00%, 2  100.00%\n"}
,{"stream_name":"stdout","time":2046.21223278,"data":"类型2 没有样本或未被分类。\n"}
,{"stream_name":"stdout","time":2046.212236992,"data":"\n"}
,{"stream_name":"stdout","time":2046.212240772,"data":"\n"}
,{"stream_name":"stdout","time":2059.913467708,"data":"轮次:·11/·20 || c_Loss:0.383 || e_Loss:-0.937 || Aad_Loss:-29.667 || 耗时：36.13s\n"}
,{"stream_name":"stdout","time":2073.740157288,"data":"轮次:·12/·20 || c_Loss:0.393 || e_Loss:-0.971 || Aad_Loss:-28.491 || 耗时：13.83s\n"}
,{"stream_name":"stdout","time":2087.574539701,"data":"轮次:·13/·20 || c_Loss:0.402 || e_Loss:-0.971 || Aad_Loss:-28.042 || 耗时：13.83s\n"}
,{"stream_name":"stdout","time":2101.410459674,"data":"轮次:·14/·20 || c_Loss:0.407 || e_Loss:-0.912 || Aad_Loss:-28.833 || 耗时：13.84s\n"}
,{"stream_name":"stdout","time":2115.231598291,"data":"轮次:·15/·20 || c_Loss:0.379 || e_Loss:-1.000 || Aad_Loss:-28.706 || 耗时：13.82s\n"}
,{"stream_name":"stdout","time":2121.872849089,"data":"任务: (B3)N15_M07_F04→(B1)N15_M01_F10; mix批次:····0; 批次:·1410/·1880;  总正确率: 77.23%\n"}
,{"stream_name":"stdout","time":2121.87289321,"data":"类型1 正确率： 100.00% -\u003e 1  100.00%, 2    0.00%, 3    0.00%\n"}
,{"stream_name":"stdout","time":2121.872898706,"data":"类型2 正确率：  66.00% -\u003e 1    0.00%, 2   65.70%, 3   34.30%\n"}
,{"stream_name":"stdout","time":2121.872902673,"data":"类型3 正确率：  66.00% -\u003e 1    0.00%, 2   34.00%, 3   66.00%\n"}
,{"stream_name":"stdout","time":2121.872906201,"data":"\n"}
,{"stream_name":"stdout","time":2121.872909472,"data":"\n"}
,{"stream_name":"stdout","time":2121.918100077,"data":"样本变换：reverse\n"}
,{"stream_name":"stdout","time":2125.438783426,"data":"样本变换：mask\n"}
,{"stream_name":"stdout","time":2128.99586741,"data":"样本变换：shift\n"}
,{"stream_name":"stdout","time":2132.51682237,"data":"样本变换：none\n"}
,{"stream_name":"stderr","time":2137.398536214,"data":"/kaggle/working/k10/S06/sdalr_PU_final_checkpoint/tools.py:413: RuntimeWarning: invalid value encountered in divide\n"}
,{"stream_name":"stderr","time":2137.398576539,"data":"  per_class_acc = conf_matrix.diagonal() / conf_matrix.sum(axis=1) * 100\n"}
,{"stream_name":"stdout","time":2137.398620724,"data":"未过滤\t未用伪标签：77.23% -\u003e 使用伪标签：77.28%\n"}
,{"stream_name":"stdout","time":2137.398632784,"data":"已过滤\t未用伪标签：77.25% -\u003e 使用伪标签：77.30%\n"}
,{"stream_name":"stdout","time":2137.398639019,"data":"排除样本：1|6000\t剩余：2000, 1997, 2002\n"}
,{"stream_name":"stdout","time":2137.398644622,"data":"增添样本：7\t\t细则：2, 5, 0\t正确率估算：100.00%\n"}
,{"stream_name":"stdout","time":2137.398650307,"data":"类型1 正确率： 100.00% -\u003e 1  100.00%, 2    0.00%, 3    0.00%\n"}
,{"stream_name":"stdout","time":2137.398655304,"data":"类型2 正确率：  66.00% -\u003e 1    0.00%, 2   65.88%, 3   34.12%\n"}
,{"stream_name":"stdout","time":2137.398659916,"data":"类型3 正确率：  66.00% -\u003e 1    0.00%, 2   34.00%, 3   66.00%\n"}
,{"stream_name":"stdout","time":2137.398664705,"data":"\n"}
,{"stream_name":"stdout","time":2137.398669309,"data":"被排除样本 正确率：0.00%\n"}
,{"stream_name":"stdout","time":2137.398673871,"data":"类型1 正确率：   0.00% -\u003e 1    0.00%, 2  100.00%\n"}
,{"stream_name":"stdout","time":2137.398679297,"data":"类型2 没有样本或未被分类。\n"}
,{"stream_name":"stdout","time":2137.398701119,"data":"\n"}
,{"stream_name":"stdout","time":2137.398708422,"data":"\n"}
,{"stream_name":"stdout","time":2150.986155665,"data":"轮次:·16/·20 || c_Loss:0.377 || e_Loss:-1.025 || Aad_Loss:-26.111 || 耗时：35.75s\n"}
,{"stream_name":"stdout","time":2164.755144458,"data":"轮次:·17/·20 || c_Loss:0.382 || e_Loss:-1.008 || Aad_Loss:-26.030 || 耗时：13.77s\n"}
,{"stream_name":"stdout","time":2178.574161159,"data":"轮次:·18/·20 || c_Loss:0.385 || e_Loss:-0.984 || Aad_Loss:-27.544 || 耗时：13.82s\n"}
,{"stream_name":"stdout","time":2192.411640417,"data":"轮次:·19/·20 || c_Loss:0.401 || e_Loss:-0.982 || Aad_Loss:-27.176 || 耗时：13.84s\n"}
,{"stream_name":"stdout","time":2206.258020383,"data":"轮次:·20/·20 || c_Loss:0.386 || e_Loss:-0.948 || Aad_Loss:-26.104 || 耗时：13.85s\n"}
,{"stream_name":"stdout","time":2212.933426303,"data":"任务: (B3)N15_M07_F04→(B1)N15_M01_F10; mix批次:····0; 批次:·1880/·1880;  总正确率: 77.28%\n"}
,{"stream_name":"stdout","time":2212.933489414,"data":"类型1 正确率： 100.00% -\u003e 1  100.00%, 2    0.00%, 3    0.00%\n"}
,{"stream_name":"stdout","time":2212.933498083,"data":"类型2 正确率：  66.00% -\u003e 1    0.00%, 2   65.85%, 3   34.15%\n"}
,{"stream_name":"stdout","time":2212.933504504,"data":"类型3 正确率：  66.00% -\u003e 1    0.00%, 2   34.00%, 3   66.00%\n"}
,{"stream_name":"stdout","time":2212.933510901,"data":"\n"}
,{"stream_name":"stdout","time":2212.933516143,"data":"\n"}
,{"stream_name":"stdout","time":2219.589430598,"data":"测试集任务: (B3)N15_M07_F04→(B1)N15_M01_F10; 总正确率 = 77.28%\n"}
,{"stream_name":"stdout","time":2219.589470825,"data":"类型1 正确率： 100.00% -\u003e 1  100.00%, 2    0.00%, 3    0.00%\n"}
,{"stream_name":"stdout","time":2219.589478054,"data":"类型2 正确率：  66.00% -\u003e 1    0.00%, 2   65.85%, 3   34.15%\n"}
,{"stream_name":"stdout","time":2219.589484153,"data":"类型3 正确率：  66.00% -\u003e 1    0.00%, 2   34.00%, 3   66.00%\n"}
,{"stream_name":"stdout","time":2219.589489839,"data":"\n"}
,{"stream_name":"stdout","time":2219.589494799,"data":"\n"}
,{"stream_name":"stdout","time":2219.615337861,"data":"[tar_adaptation_RES_PU.py --folder_root /kaggle/working/k10/S06/sdalr_PU_final_checkpoint/DATA_foldS06 --seed 2024 --class_num 3 --data_name PU_M1_L3 --output /kaggle/working/k10/S06/weight_PU_M1_final_checkpoint_FS06toS06_s2024 --s 2 --t 0 --lr 0.0005 --threshold 0.4 --K 0.6] 383s\n"}
,{"stream_name":"stdout","time":2219.645499995,"data":"读取源域路径：/kaggle/working/k10/S06/weight_PU_M1_final_checkpoint_FS06toS06_s2024/NEW_PU/Source-源域/log\u0026pt/(B3)N15_M07_F04\n"}
,{"stream_name":"stdout","time":2219.645528552,"data":"excel输出位置：/kaggle/working/k10/S06/weight_PU_M1_final_checkpoint_FS06toS06_s2024/NEW_PU/Target-目标域\n"}
,{"stream_name":"stdout","time":2219.645552671,"data":"特征图片输出位置：/kaggle/working/k10/S06/weight_PU_M1_final_checkpoint_FS06toS06_s2024/NEW_PU/Picture-特征图/2026年09月19日03时42分/(B3)N15_M07_F04\n"}
,{"stream_name":"stderr","time":2219.685702123,"data":"/usr/local/lib/python3.12/dist-packages/torch/nn/utils/weight_norm.py:144: FutureWarning: `torch.nn.utils.weight_norm` is deprecated in favor of `torch.nn.utils.parametrizations.weight_norm`.\n"}
,{"stream_name":"stderr","time":2219.685778618,"data":"  WeightNorm.apply(module, name, dim)\n"}
,{"stream_name":"stdout","time":2219.728093693,"data":"现在选取:(B3)N15_M07_F04 进行训练的源模型\n"}
,{"stream_name":"stdout","time":2219.728126031,"data":"现在进行：(B3)N15_M07_F04→(B2)N15_M07_F10 的迁移任务\n"}
,{"stream_name":"stdout","time":2219.728132559,"data":"log\u0026pt输出位置：/kaggle/working/k10/S06/weight_PU_M1_final_checkpoint_FS06toS06_s2024/NEW_PU/Target-目标域/log\u0026pt/(B3)N15_M07_F04→(B2)N15_M07_F10\n"}
,{"stream_name":"stderr","time":2219.72958414,"data":"sh: 1: Syntax error: word unexpected (expecting \")\")\n"}
,{"stream_name":"stdout","time":2231.900412937,"data":"任务: (B3)N15_M07_F04→(B2)N15_M07_F10; 批次:····0/·1880;  总正确率: 83.53%\n"}
,{"stream_name":"stdout","time":2231.90045423,"data":"类型1 正确率： 100.00% -\u003e 1   99.75%, 2    0.00%, 3    0.25%\n"}
,{"stream_name":"stdout","time":2231.90047589,"data":"类型2 正确率：  86.00% -\u003e 1    0.00%, 2   85.90%, 3   14.10%\n"}
,{"stream_name":"stdout","time":2231.900481963,"data":"类型3 正确率：  65.00% -\u003e 1    0.00%, 2   35.05%, 3   64.95%\n"}
,{"stream_name":"stdout","time":2231.900487338,"data":"\n"}
,{"stream_name":"stdout","time":2231.900492834,"data":"\n"}
,{"stream_name":"stdout","time":2231.901082113,"data":"样本变换：reverse\n"}
,{"stream_name":"stdout","time":2235.387844881,"data":"样本变换：mask\n"}
,{"stream_name":"stdout","time":2238.870828398,"data":"样本变换：shift\n"}
,{"stream_name":"stdout","time":2242.380794011,"data":"样本变换：none\n"}
,{"stream_name":"stdout","time":2248.237836556,"data":"未过滤\t未用伪标签：83.53% -\u003e 使用伪标签：86.55%\n"}
,{"stream_name":"stdout","time":2248.237867634,"data":"已过滤\t未用伪标签：84.33% -\u003e 使用伪标签：87.41%\n"}
,{"stream_name":"stdout","time":2248.237872786,"data":"排除样本：59|6000\t剩余：1997, 2573, 1371\n"}
,{"stream_name":"stdout","time":2248.237896659,"data":"增添样本：1778\t\t细则：576, 0, 1202\t正确率估算：99.33%\n"}
,{"stream_name":"stdout","time":2248.237903373,"data":"类型1 正确率： 100.00% -\u003e 1   99.90%, 2    0.00%, 3    0.10%\n"}
,{"stream_name":"stdout","time":2248.237909298,"data":"类型2 正确率：  97.00% -\u003e 1    0.00%, 2   96.97%, 3    3.03%\n"}
,{"stream_name":"stdout","time":2248.237914973,"data":"类型3 正确率：  66.00% -\u003e 1    0.00%, 2   34.40%, 3   65.60%\n"}
,{"stream_name":"stdout","time":2248.237919931,"data":"\n"}
,{"stream_name":"stdout","time":2248.237924472,"data":"被排除样本 正确率：3.39%\n"}
,{"stream_name":"stdout","time":2248.237929108,"data":"类型1 正确率：   0.00% -\u003e 1    0.00%, 2    0.00%, 3  100.00%\n"}
,{"stream_name":"stdout","time":2248.237933897,"data":"类型2 正确率：   2.00% -\u003e 1    0.00%, 2    1.82%, 3   98.18%\n"}
,{"stream_name":"stdout","time":2248.237940559,"data":"类型3 正确率：  33.00% -\u003e 1    0.00%, 2   66.67%, 3   33.33%\n"}
,{"stream_name":"stdout","time":2248.237948619,"data":"\n"}
,{"stream_name":"stdout","time":2248.237952107,"data":"\n"}
,{"stream_name":"stdout","time":2261.817585055,"data":"轮次:··1/·20 || c_Loss:0.615 || e_Loss:-1.642 || Aad_Loss:-23.989 || 耗时：36.37s\n"}
,{"stream_name":"stdout","time":2275.438310265,"data":"轮次:··2/·20 || c_Loss:0.390 || e_Loss:-0.936 || Aad_Loss:-28.538 || 耗时：13.62s\n"}
,{"stream_name":"stdout","time":2289.113816433,"data":"轮次:··3/·20 || c_Loss:0.403 || e_Loss:-0.868 || Aad_Loss:-31.138 || 耗时：13.68s\n"}
,{"stream_name":"stdout","time":2302.815777577,"data":"轮次:··4/·20 || c_Loss:0.377 || e_Loss:-0.942 || Aad_Loss:-28.283 || 耗时：13.70s\n"}
,{"stream_name":"stdout","time":2316.59887833,"data":"轮次:··5/·20 || c_Loss:0.420 || e_Loss:-1.466 || Aad_Loss:-31.803 || 耗时：13.78s\n"}
,{"stream_name":"stdout","time":2323.204458709,"data":"任务: (B3)N15_M07_F04→(B2)N15_M07_F10; mix批次:····0; 批次:··470/·1880;  总正确率: 88.15%\n"}
,{"stream_name":"stdout","time":2323.204515165,"data":"类型1 正确率： 100.00% -\u003e 1   99.95%, 2    0.05%, 3    0.00%\n"}
,{"stream_name":"stdout","time":2323.204521811,"data":"类型2 正确率：  99.00% -\u003e 1    0.00%, 2   98.55%, 3    1.45%\n"}
,{"stream_name":"stdout","time":2323.204526756,"data":"类型3 正确率：  66.00% -\u003e 1    0.00%, 2   34.05%, 3   65.95%\n"}
,{"stream_name":"stdout","time":2323.204531746,"data":"\n"}
,{"stream_name":"stdout","time":2323.204536015,"data":"\n"}
,{"stream_name":"stdout","time":2323.239058767,"data":"样本变换：reverse\n"}
,{"stream_name":"stdout","time":2326.714829244,"data":"样本变换：mask\n"}
,{"stream_name":"stdout","time":2330.237990349,"data":"样本变换：shift\n"}
,{"stream_name":"stdout","time":2333.751610008,"data":"样本变换：none\n"}
,{"stream_name":"stdout","time":2339.672036143,"data":"未过滤\t未用伪标签：88.15% -\u003e 使用伪标签：88.32%\n"}
,{"stream_name":"stdout","time":2339.672078041,"data":"已过滤\t未用伪标签：88.16% -\u003e 使用伪标签：88.48%\n"}
,{"stream_name":"stdout","time":2339.672085611,"data":"排除样本：11|6000\t剩余：2000, 2673, 1316\n"}
,{"stream_name":"stdout","time":2339.672092001,"data":"增添样本：2030\t\t细则：673, 0, 1357\t正确率估算：100.00%\n"}
,{"stream_name":"stdout","time":2339.672097895,"data":"类型1 正确率： 100.00% -\u003e 1  100.00%, 2    0.00%, 3    0.00%\n"}
,{"stream_name":"stdout","time":2339.672103743,"data":"类型2 正确率： 100.00% -\u003e 1    0.00%, 2   99.65%, 3    0.35%\n"}
,{"stream_name":"stdout","time":2339.672108646,"data":"类型3 正确率：  66.00% -\u003e 1    0.00%, 2   34.29%, 3   65.71%\n"}
,{"stream_name":"stdout","time":2339.672113775,"data":"\n"}
,{"stream_name":"stdout","time":2339.672118237,"data":"被排除样本 正确率：81.82%\n"}
,{"stream_name":"stdout","time":2339.672122891,"data":"类型1 正确率：  33.00% -\u003e 1   33.33%, 2   66.67%\n"}
,{"stream_name":"stdout","time":2339.672127583,"data":"类型2 正确率： 100.00% -\u003e 1    0.00%, 2  100.00%\n"}
,{"stream_name":"stdout","time":2339.67213232,"data":"\n"}
,{"stream_name":"stdout","time":2339.672136676,"data":"\n"}
,{"stream_name":"stdout","time":2353.33880173,"data":"轮次:··6/·20 || c_Loss:0.388 || e_Loss:-0.923 || Aad_Loss:-29.944 || 耗时：36.74s\n"}
,{"stream_name":"stdout","time":2367.177909923,"data":"轮次:··7/·20 || c_Loss:0.387 || e_Loss:-0.972 || Aad_Loss:-29.853 || 耗时：13.84s\n"}
,{"stream_name":"stdout","time":2381.099502794,"data":"轮次:··8/·20 || c_Loss:0.388 || e_Loss:-0.988 || Aad_Loss:-29.395 || 耗时：13.92s\n"}
,{"stream_name":"stdout","time":2395.007358924,"data":"轮次:··9/·20 || c_Loss:0.389 || e_Loss:-0.959 || Aad_Loss:-29.131 || 耗时：13.91s\n"}
,{"stream_name":"stdout","time":2408.85413211,"data":"轮次:·10/·20 || c_Loss:0.438 || e_Loss:-0.935 || Aad_Loss:-31.049 || 耗时：13.85s\n"}
,{"stream_name":"stdout","time":2415.51910907,"data":"任务: (B3)N15_M07_F04→(B2)N15_M07_F10; mix批次:····0; 批次:··940/·1880;  总正确率: 88.62%\n"}
,{"stream_name":"stdout","time":2415.519143851,"data":"类型1 正确率： 100.00% -\u003e 1  100.00%, 2    0.00%, 3    0.00%\n"}
,{"stream_name":"stdout","time":2415.519150651,"data":"类型2 正确率： 100.00% -\u003e 1    0.00%, 2   99.95%, 3    0.05%\n"}
,{"stream_name":"stdout","time":2415.519155989,"data":"类型3 正确率：  66.00% -\u003e 1    0.00%, 2   34.10%, 3   65.90%\n"}
,{"stream_name":"stdout","time":2415.519161411,"data":"\n"}
,{"stream_name":"stdout","time":2415.519166131,"data":"\n"}
,{"stream_name":"stdout","time":2415.565955711,"data":"样本变换：reverse\n"}
,{"stream_name":"stdout","time":2419.076838814,"data":"样本变换：mask\n"}
,{"stream_name":"stdout","time":2422.612070778,"data":"样本变换：shift\n"}
,{"stream_name":"stdout","time":2426.140553562,"data":"样本变换：none\n"}
,{"stream_name":"stderr","time":2432.124737455,"data":"/usr/local/lib/python3.12/dist-packages/sklearn/metrics/_classification.py:407: UserWarning: A single label was found in 'y_true' and 'y_pred'. For the confusion matrix to have the correct shape, use the 'labels' parameter to pass all known labels.\n"}
,{"stream_name":"stderr","time":2432.12480578,"data":"  warnings.warn(\n"}
,{"stream_name":"stdout","time":2432.124989589,"data":"未过滤\t未用伪标签：88.62% -\u003e 使用伪标签：88.58%\n"}
,{"stream_name":"stdout","time":2432.125005375,"data":"已过滤\t未用伪标签：88.61% -\u003e 使用伪标签：88.61%\n"}
,{"stream_name":"stdout","time":2432.125012344,"data":"排除样本：2|6000\t剩余：2001, 2681, 1316\n"}
,{"stream_name":"stdout","time":2432.125017817,"data":"增添样本：2045\t\t细则：680, 0, 1365\t正确率估算：100.00%\n"}
,{"stream_name":"stdout","time":2432.125035533,"data":"类型1 正确率： 100.00% -\u003e 1  100.00%, 2    0.00%, 3    0.00%\n"}
,{"stream_name":"stdout","time":2432.12504234,"data":"类型2 正确率： 100.00% -\u003e 1    0.05%, 2   99.95%, 3    0.00%\n"}
,{"stream_name":"stdout","time":2432.125048456,"data":"类型3 正确率：  66.00% -\u003e 1    0.00%, 2   34.13%, 3   65.87%\n"}
,{"stream_name":"stdout","time":2432.125053975,"data":"\n"}
,{"stream_name":"stdout","time":2432.125058809,"data":"被排除样本 正确率：100.00%\n"}
,{"stream_name":"stdout","time":2432.125063816,"data":"类型1 正确率： 100.00% -\u003e 1  100.00%\n"}
,{"stream_name":"stdout","time":2432.125068944,"data":"\n"}
,{"stream_name":"stdout","time":2432.125075739,"data":"\n"}
,{"stream_name":"stdout","time":2445.748001624,"data":"轮次:·11/·20 || c_Loss:0.391 || e_Loss:-0.959 || Aad_Loss:-31.212 || 耗时：36.89s\n"}
,{"stream_name":"stdout","time":2459.484852051,"data":"轮次:·12/·20 || c_Loss:0.387 || e_Loss:-0.983 || Aad_Loss:-29.718 || 耗时：13.74s\n"}
,{"stream_name":"stdout","time":2473.227157629,"data":"轮次:·13/·20 || c_Loss:0.399 || e_Loss:-0.985 || Aad_Loss:-29.679 || 耗时：13.74s\n"}
,{"stream_name":"stdout","time":2486.998928036,"data":"轮次:·14/·20 || c_Loss:0.392 || e_Loss:-0.994 || Aad_Loss:-30.024 || 耗时：13.77s\n"}
,{"stream_name":"stdout","time":2500.776988464,"data":"轮次:·15/·20 || c_Loss:0.388 || e_Loss:-1.012 || Aad_Loss:-30.384 || 耗时：13.78s\n"}
,{"stream_name":"stdout","time":2507.412604702,"data":"任务: (B3)N15_M07_F04→(B2)N15_M07_F10; mix批次:····0; 批次:·1410/·1880;  总正确率: 88.62%\n"}
,{"stream_name":"stdout","time":2507.41264219,"data":"类型1 正确率： 100.00% -\u003e 1  100.00%, 2    0.00%, 3    0.00%\n"}
,{"stream_name":"stdout","time":2507.412649751,"data":"类型2 正确率： 100.00% -\u003e 1    0.00%, 2  100.00%, 3    0.00%\n"}
,{"stream_name":"stdout","time":2507.412655594,"data":"类型3 正确率：  66.00% -\u003e 1    0.00%, 2   34.15%, 3   65.85%\n"}
,{"stream_name":"stdout","time":2507.412661282,"data":"\n"}
,{"stream_name":"stdout","time":2507.412666451,"data":"\n"}
,{"stream_name":"stdout","time":2507.456810702,"data":"样本变换：reverse\n"}
,{"stream_name":"stdout","time":2510.951916766,"data":"样本变换：mask\n"}
,{"stream_name":"stdout","time":2514.493833433,"data":"样本变换：shift\n"}
,{"stream_name":"stdout","time":2518.010147513,"data":"样本变换：none\n"}
,{"stream_name":"stdout","time":2523.993307313,"data":"未过滤\t未用伪标签：88.62% -\u003e 使用伪标签：88.55%\n"}
,{"stream_name":"stdout","time":2523.993346191,"data":"已过滤\t未用伪标签：88.62% -\u003e 使用伪标签：88.62%\n"}
,{"stream_name":"stdout","time":2523.99335924,"data":"排除样本：5|6000\t剩余：2000, 2681, 1314\n"}
,{"stream_name":"stdout","time":2523.993364035,"data":"增添样本：2048\t\t细则：681, 0, 1367\t正确率估算：100.00%\n"}
,{"stream_name":"stdout","time":2523.993368195,"data":"类型1 正确率： 100.00% -\u003e 1  100.00%, 2    0.00%, 3    0.00%\n"}
,{"stream_name":"stdout","time":2523.993372391,"data":"类型2 正确率： 100.00% -\u003e 1    0.00%, 2  100.00%, 3    0.00%\n"}
,{"stream_name":"stdout","time":2523.99337616,"data":"类型3 正确率：  66.00% -\u003e 1    0.00%, 2   34.17%, 3   65.83%\n"}
,{"stream_name":"stdout","time":2523.993379884,"data":"\n"}
,{"stream_name":"stdout","time":2523.993383588,"data":"被排除样本 正确率：80.00%\n"}
,{"stream_name":"stdout","time":2523.993387138,"data":"类型1 正确率： 100.00% -\u003e 1  100.00%, 2    0.00%\n"}
,{"stream_name":"stdout","time":2523.993390754,"data":"类型2 正确率：  75.00% -\u003e 1   25.00%, 2   75.00%\n"}
,{"stream_name":"stdout","time":2523.993394388,"data":"\n"}
,{"stream_name":"stdout","time":2523.993397846,"data":"\n"}
,{"stream_name":"stdout","time":2537.60190515,"data":"轮次:·16/·20 || c_Loss:0.392 || e_Loss:-0.998 || Aad_Loss:-31.180 || 耗时：36.82s\n"}
,{"stream_name":"stdout","time":2551.391251265,"data":"轮次:·17/·20 || c_Loss:0.388 || e_Loss:-0.997 || Aad_Loss:-30.097 || 耗时：13.79s\n"}
,{"stream_name":"stdout","time":2565.214104717,"data":"轮次:·18/·20 || c_Loss:0.393 || e_Loss:-0.966 || Aad_Loss:-32.051 || 耗时：13.82s\n"}
,{"stream_name":"stdout","time":2579.059857601,"data":"轮次:·19/·20 || c_Loss:0.397 || e_Loss:-0.955 || Aad_Loss:-30.883 || 耗时：13.85s\n"}
,{"stream_name":"stdout","time":2592.929379316,"data":"轮次:·20/·20 || c_Loss:0.390 || e_Loss:-1.006 || Aad_Loss:-31.330 || 耗时：13.87s\n"}
,{"stream_name":"stdout","time":2599.621585381,"data":"任务: (B3)N15_M07_F04→(B2)N15_M07_F10; mix批次:····0; 批次:·1880/·1880;  总正确率: 88.65%\n"}
,{"stream_name":"stdout","time":2599.621647658,"data":"类型1 正确率： 100.00% -\u003e 1  100.00%, 2    0.00%, 3    0.00%\n"}
,{"stream_name":"stdout","time":2599.621655801,"data":"类型2 正确率： 100.00% -\u003e 1    0.00%, 2  100.00%, 3    0.00%\n"}
,{"stream_name":"stdout","time":2599.62166193,"data":"类型3 正确率：  66.00% -\u003e 1    0.00%, 2   34.05%, 3   65.95%\n"}
,{"stream_name":"stdout","time":2599.621668021,"data":"\n"}
,{"stream_name":"stdout","time":2599.62167266,"data":"\n"}
,{"stream_name":"stdout","time":2606.284487379,"data":"测试集任务: (B3)N15_M07_F04→(B2)N15_M07_F10; 总正确率 = 88.65%\n"}
,{"stream_name":"stdout","time":2606.284546003,"data":"类型1 正确率： 100.00% -\u003e 1  100.00%, 2    0.00%, 3    0.00%\n"}
,{"stream_name":"stdout","time":2606.28455435,"data":"类型2 正确率： 100.00% -\u003e 1    0.00%, 2  100.00%, 3    0.00%\n"}
,{"stream_name":"stdout","time":2606.284559593,"data":"类型3 正确率：  66.00% -\u003e 1    0.00%, 2   34.05%, 3   65.95%\n"}
,{"stream_name":"stdout","time":2606.284564398,"data":"\n"}
,{"stream_name":"stdout","time":2606.284568876,"data":"\n"}
,{"stream_name":"stdout","time":2606.311597827,"data":"[tar_adaptation_RES_PU.py --folder_root /kaggle/working/k10/S06/sdalr_PU_final_checkpoint/DATA_foldS06 --seed 2024 --class_num 3 --data_name PU_M1_L3 --output /kaggle/working/k10/S06/weight_PU_M1_final_checkpoint_FS06toS06_s2024 --s 2 --t 1 --lr 0.0005 --threshold 0.4 --K 0.6] 387s\n"}
,{"stream_name":"stdout","time":2606.329877797,"data":"{\n"}
,{"stream_name":"stdout","time":2606.329894908,"data":"  \"dataset\": \"PU_M1\",\n"}
,{"stream_name":"stdout","time":2606.329899047,"data":"  \"variant\": \"final_checkpoint\",\n"}
,{"stream_name":"stdout","time":2606.329902632,"data":"  \"seed\": 2024,\n"}
,{"stream_name":"stdout","time":2606.32990613,"data":"  \"smoke\": false,\n"}
,{"stream_name":"stdout","time":2606.329909774,"data":"  \"src_fold\": \"S06\",\n"}
,{"stream_name":"stdout","time":2606.329913364,"data":"  \"tgt_fold\": \"S06\",\n"}
,{"stream_name":"stdout","time":2606.329916779,"data":"  \"leaky\": true,\n"}
,{"stream_name":"stdout","time":2606.329920708,"data":"  \"hyperparameters\": {\n"}
,{"stream_name":"stdout","time":2606.32992402,"data":"    \"lr\": \"0.0005\",\n"}
,{"stream_name":"stdout","time":2606.329927434,"data":"    \"threshold\": \"0.4\",\n"}
,{"stream_name":"stdout","time":2606.329931087,"data":"    \"K\": \"0.6\"\n"}
,{"stream_name":"stdout","time":2606.329934844,"data":"  },\n"}
,{"stream_name":"stdout","time":2606.329938134,"data":"  \"adapters\": [\n"}
,{"stream_name":"stdout","time":2606.329941526,"data":"    \"npz_io\",\n"}
,{"stream_name":"stdout","time":2606.329962329,"data":"    \"tsne_stub\",\n"}
,{"stream_name":"stdout","time":2606.329965694,"data":"    \"final_checkpoint_patch\"\n"}
,{"stream_name":"stdout","time":2606.329968985,"data":"  ],\n"}
,{"stream_name":"stdout","time":2606.329972387,"data":"  \"source_only\": {\n"}
,{"stream_name":"stdout","time":2606.329976112,"data":"    \"A1-\u003eA3\": 99.58,\n"}
,{"stream_name":"stdout","time":2606.329980165,"data":"    \"A1-\u003eA2\": 85.8,\n"}
,{"stream_name":"stdout","time":2606.329984251,"data":"    \"A3-\u003eA1\": 91.73,\n"}
,{"stream_name":"stdout","time":2606.329987853,"data":"    \"A3-\u003eA2\": 91.13,\n"}
,{"stream_name":"stdout","time":2606.329991645,"data":"    \"A2-\u003eA1\": 73.17,\n"}
,{"stream_name":"stdout","time":2606.3299959,"data":"    \"A2-\u003eA3\": 85.22\n"}
,{"stream_name":"stdout","time":2606.329999737,"data":"  },\n"}
,{"stream_name":"stdout","time":2606.330003597,"data":"  \"adapted\": {\n"}
,{"stream_name":"stdout","time":2606.330007684,"data":"    \"A1-\u003eA3\": 99.87,\n"}
,{"stream_name":"stdout","time":2606.330011117,"data":"    \"A1-\u003eA2\": 84.17,\n"}
,{"stream_name":"stdout","time":2606.330014509,"data":"    \"A3-\u003eA1\": 96.87,\n"}
,{"stream_name":"stdout","time":2606.3300184,"data":"    \"A3-\u003eA2\": 94.32,\n"}
,{"stream_name":"stdout","time":2606.330021601,"data":"    \"A2-\u003eA1\": 77.28,\n"}
,{"stream_name":"stdout","time":2606.330025382,"data":"    \"A2-\u003eA3\": 88.65\n"}
,{"stream_name":"stdout","time":2606.330029477,"data":"  },\n"}
,{"stream_name":"stdout","time":2606.330032954,"data":"  \"seconds\": {\n"}
,{"stream_name":"stdout","time":2606.330036411,"data":"    \"pretrain\": 284,\n"}
,{"stream_name":"stdout","time":2606.330040099,"data":"    \"A1-\u003eA3\": 380,\n"}
,{"stream_name":"stdout","time":2606.330043777,"data":"    \"A1-\u003eA2\": 386,\n"}
,{"stream_name":"stdout","time":2606.330046988,"data":"    \"A3-\u003eA1\": 383,\n"}
,{"stream_name":"stdout","time":2606.330050491,"data":"    \"A3-\u003eA2\": 383,\n"}
,{"stream_name":"stdout","time":2606.330054367,"data":"    \"A2-\u003eA1\": 383,\n"}
,{"stream_name":"stdout","time":2606.330057767,"data":"    \"A2-\u003eA3\": 387\n"}
,{"stream_name":"stdout","time":2606.330061095,"data":"  },\n"}
,{"stream_name":"stdout","time":2606.330064421,"data":"  \"gate_log\": {\n"}
,{"stream_name":"stdout","time":2606.330078079,"data":"    \"A1-\u003eA3\": [],\n"}
,{"stream_name":"stdout","time":2606.330082031,"data":"    \"A1-\u003eA2\": [],\n"}
,{"stream_name":"stdout","time":2606.330085647,"data":"    \"A3-\u003eA1\": [],\n"}
,{"stream_name":"stdout","time":2606.330088939,"data":"    \"A3-\u003eA2\": [],\n"}
,{"stream_name":"stdout","time":2606.330092495,"data":"    \"A2-\u003eA1\": [],\n"}
,{"stream_name":"stdout","time":2606.330095882,"data":"    \"A2-\u003eA3\": []\n"}
,{"stream_name":"stdout","time":2606.330099479,"data":"  },\n"}
,{"stream_name":"stdout","time":2606.330102993,"data":"  \"gate\": \"none\"\n"}
,{"stream_name":"stdout","time":2606.330106503,"data":"}\n"}
,{"stream_name":"stdout","time":2608.849541883,"data":"RUN /usr/bin/python3 -u /kaggle/input/datasets/rhrhrhrhrh/physgate-m0-code/sdalr_runner.py --sdalr /kaggle/input/datasets/rhrhrhrhrh/physgate-m0-code --m0 /kaggle/input/datasets/rhrhrhrhrh/physgate-k10-g3 --dataset PU_M1 --src-fold S06 --tgt-fold S06c --variant final_checkpoint --work /kaggle/working/k10/S06 --seed 2024 --gate none --gate-verdicts /kaggle/input/datasets/rhrhrhrhrh/physgate-m0-code/gate_verdicts.json --skip-pretrain\n"}
,{"stream_name":"stdout","time":2615.48298681,"data":"读取源域路径：/kaggle/working/k10/S06/weight_PU_M1_final_checkpoint_FS06toS06c_s2024/NEW_PU/Source-源域/log\u0026pt/(B1)N15_M01_F10\n"}
,{"stream_name":"stdout","time":2615.483025902,"data":"excel输出位置：/kaggle/working/k10/S06/weight_PU_M1_final_checkpoint_FS06toS06c_s2024/NEW_PU/Target-目标域\n"}
,{"stream_name":"stdout","time":2615.483524813,"data":"特征图片输出位置：/kaggle/working/k10/S06/weight_PU_M1_final_checkpoint_FS06toS06c_s2024/NEW_PU/Picture-特征图/2026年09月19日03时48分/(B1)N15_M01_F10\n"}
,{"stream_name":"stderr","time":2615.839048131,"data":"/usr/local/lib/python3.12/dist-packages/torch/nn/utils/weight_norm.py:144: FutureWarning: `torch.nn.utils.weight_norm` is deprecated in favor of `torch.nn.utils.parametrizations.weight_norm`.\n"}
,{"stream_name":"stderr","time":2615.839097938,"data":"  WeightNorm.apply(module, name, dim)\n"}
,{"stream_name":"stdout","time":2615.887896107,"data":"现在选取:(B1)N15_M01_F10 进行训练的源模型\n"}
,{"stream_name":"stdout","time":2615.887924982,"data":"现在进行：(B1)N15_M01_F10→(B2)N15_M07_F10 的迁移任务\n"}
,{"stream_name":"stdout","time":2615.887930396,"data":"log\u0026pt输出位置：/kaggle/working/k10/S06/weight_PU_M1_final_checkpoint_FS06toS06c_s2024/NEW_PU/Target-目标域/log\u0026pt/(B1)N15_M01_F10→(B2)N15_M07_F10\n"}
,{"stream_name":"stderr","time":2615.889324634,"data":"sh: 1: Syntax error: word unexpected (expecting \")\")\n"}
,{"stream_name":"stdout","time":2627.869209877,"data":"任务: (B1)N15_M01_F10→(B2)N15_M07_F10; 批次:····0/·1880;  总正确率: 73.50%\n"}
,{"stream_name":"stdout","time":2627.869253707,"data":"类型1 正确率：  96.00% -\u003e 1   96.30%, 2    0.05%, 3    3.65%\n"}
,{"stream_name":"stdout","time":2627.869261,"data":"类型2 正确率：  74.00% -\u003e 1    0.00%, 2   74.10%, 3   25.90%\n"}
,{"stream_name":"stdout","time":2627.869266791,"data":"类型3 正确率：  50.00% -\u003e 1    0.00%, 2   49.90%, 3   50.10%\n"}
,{"stream_name":"stdout","time":2627.869272266,"data":"\n"}
,{"stream_name":"stdout","time":2627.869277227,"data":"\n"}
,{"stream_name":"stdout","time":2627.86982903,"data":"样本变换：reverse\n"}
,{"stream_name":"stdout","time":2631.346842312,"data":"样本变换：mask\n"}
,{"stream_name":"stdout","time":2634.7398174,"data":"样本变换：shift\n"}
,{"stream_name":"stdout","time":2638.145802165,"data":"样本变换：none\n"}
,{"stream_name":"stdout","time":2643.775945119,"data":"未过滤\t未用伪标签：73.50% -\u003e 使用伪标签：73.17%\n"}
,{"stream_name":"stdout","time":2643.776002474,"data":"已过滤\t未用伪标签：74.29% -\u003e 使用伪标签：74.66%\n"}
,{"stream_name":"stdout","time":2643.776006999,"data":"排除样本：120|6000\t剩余：1911, 2480, 1489\n"}
,{"stream_name":"stdout","time":2643.776009899,"data":"增添样本：1560\t\t细则：569, 0, 991\t正确率估算：98.14%\n"}
,{"stream_name":"stdout","time":2643.776013997,"data":"类型1 正确率：  98.00% -\u003e 1   97.60%, 2    0.00%, 3    2.40%\n"}
,{"stream_name":"stdout","time":2643.776033965,"data":"类型2 正确率：  77.00% -\u003e 1    0.00%, 2   76.96%, 3   23.04%\n"}
,{"stream_name":"stdout","time":2643.776039057,"data":"类型3 正确率：  50.00% -\u003e 1    0.00%, 2   50.03%, 3   49.97%\n"}
,{"stream_name":"stdout","time":2643.776043714,"data":"\n"}
,{"stream_name":"stdout","time":2643.776048237,"data":"被排除样本 正确率：35.00%\n"}
,{"stream_name":"stdout","time":2643.776052863,"data":"类型1 正确率：  57.00% -\u003e 1   57.14%, 2    0.00%, 3   42.86%\n"}
,{"stream_name":"stdout","time":2643.776057335,"data":"类型2 正确率：  22.00% -\u003e 1    0.00%, 2   22.08%, 3   77.92%\n"}
,{"stream_name":"stdout","time":2643.776061474,"data":"类型3 正确率： 100.00% -\u003e 1    0.00%, 2    0.00%, 3  100.00%\n"}
,{"stream_name":"stdout","time":2643.776065497,"data":"\n"}
,{"stream_name":"stdout","time":2643.77606906,"data":"\n"}
,{"stream_name":"stdout","time":2657.298403114,"data":"轮次:··1/·20 || c_Loss:0.623 || e_Loss:-1.386 || Aad_Loss:-25.568 || 耗时：35.92s\n"}
,{"stream_name":"stdout","time":2670.651171305,"data":"轮次:··2/·20 || c_Loss:0.383 || e_Loss:-1.028 || Aad_Loss:-28.453 || 耗时：13.35s\n"}
,{"stream_name":"stdout","time":2684.103364064,"data":"轮次:··3/·20 || c_Loss:0.348 || e_Loss:-1.412 || Aad_Loss:-30.064 || 耗时：13.45s\n"}
,{"stream_name":"stdout","time":2697.602842142,"data":"轮次:··4/·20 || c_Loss:0.413 || e_Loss:-1.465 || Aad_Loss:-28.514 || 耗时：13.50s\n"}
,{"stream_name":"stdout","time":2711.296730986,"data":"轮次:··5/·20 || c_Loss:0.387 || e_Loss:-1.416 || Aad_Loss:-28.207 || 耗时：13.69s\n"}
,{"stream_name":"stdout","time":2717.867517685,"data":"任务: (B1)N15_M01_F10→(B2)N15_M07_F10; mix批次:····0; 批次:··470/·1880;  总正确率: 74.47%\n"}
,{"stream_name":"stdout","time":2717.86756945,"data":"类型1 正确率： 100.00% -\u003e 1  100.00%, 2    0.00%, 3    0.00%\n"}
,{"stream_name":"stdout","time":2717.867577926,"data":"类型2 正确率：  73.00% -\u003e 1    0.00%, 2   73.40%, 3   26.60%\n"}
,{"stream_name":"stdout","time":2717.867583906,"data":"类型3 正确率：  50.00% -\u003e 1    0.00%, 2   50.00%, 3   50.00%\n"}
,{"stream_name":"stdout","time":2717.867590158,"data":"\n"}
,{"stream_name":"stdout","time":2717.867595265,"data":"\n"}
,{"stream_name":"stdout","time":2717.902701966,"data":"样本变换：reverse\n"}
,{"stream_name":"stdout","time":2721.416805501,"data":"样本变换：mask\n"}
,{"stream_name":"stdout","time":2724.914981637,"data":"样本变换：shift\n"}
,{"stream_name":"stdout","time":2728.436857883,"data":"样本变换：none\n"}
,{"stream_name":"stderr","time":2734.035499478,"data":"/usr/local/lib/python3.12/dist-packages/sklearn/metrics/_classification.py:407: UserWarning: A single label was found in 'y_true' and 'y_pred'. For the confusion matrix to have the correct shape, use the 'labels' parameter to pass all known labels.\n"}
,{"stream_name":"stderr","time":2734.035547305,"data":"  warnings.warn(\n"}
,{"stream_name":"stdout","time":2734.035725266,"data":"未过滤\t未用伪标签：74.47% -\u003e 使用伪标签：72.93%\n"}
,{"stream_name":"stdout","time":2734.035769149,"data":"已过滤\t未用伪标签：74.42% -\u003e 使用伪标签：73.08%\n"}
,{"stream_name":"stdout","time":2734.035777811,"data":"排除样本：12|6000\t剩余：2000, 2376, 1612\n"}
,{"stream_name":"stdout","time":2734.035782169,"data":"增添样本：1140\t\t细则：376, 0, 764\t正确率估算：97.28%\n"}
,{"stream_name":"stdout","time":2734.035786499,"data":"类型1 正确率： 100.00% -\u003e 1  100.00%, 2    0.00%, 3    0.00%\n"}
,{"stream_name":"stdout","time":2734.035790881,"data":"类型2 正确率：  69.00% -\u003e 1    0.00%, 2   69.22%, 3   30.78%\n"}
,{"stream_name":"stdout","time":2734.035794985,"data":"类型3 正确率：  50.00% -\u003e 1    0.00%, 2   50.00%, 3   50.00%\n"}
,{"stream_name":"stdout","time":2734.035799015,"data":"\n"}
,{"stream_name":"stdout","time":2734.035802789,"data":"被排除样本 正确率：100.00%\n"}
,{"stream_name":"stdout","time":2734.035806698,"data":"类型1 正确率： 100.00% -\u003e 1  100.00%\n"}
,{"stream_name":"stdout","time":2734.035810741,"data":"\n"}
,{"stream_name":"stdout","time":2734.035814358,"data":"\n"}
,{"stream_name":"stdout","time":2747.659371075,"data":"轮次:··6/·20 || c_Loss:0.361 || e_Loss:-0.991 || Aad_Loss:-30.364 || 耗时：36.36s\n"}
,{"stream_name":"stdout","time":2761.352416382,"data":"轮次:··7/·20 || c_Loss:0.364 || e_Loss:-0.972 || Aad_Loss:-31.027 || 耗时：13.69s\n"}
,{"stream_name":"stdout","time":2775.082772926,"data":"轮次:··8/·20 || c_Loss:0.367 || e_Loss:-0.992 || Aad_Loss:-31.576 || 耗时：13.73s\n"}
,{"stream_name":"stdout","time":2788.83728898,"data":"轮次:··9/·20 || c_Loss:0.366 || e_Loss:-0.990 || Aad_Loss:-31.459 || 耗时：13.75s\n"}
,{"stream_name":"stdout","time":2802.596038712,"data":"轮次:·10/·20 || c_Loss:0.386 || e_Loss:-0.908 || Aad_Loss:-32.508 || 耗时：13.76s\n"}
,{"stream_name":"stdout","time":2809.21456923,"data":"任务: (B1)N15_M01_F10→(B2)N15_M07_F10; mix批次:····0; 批次:··940/·1880;  总正确率: 72.45%\n"}
,{"stream_name":"stdout","time":2809.214610765,"data":"类型1 正确率： 100.00% -\u003e 1  100.00%, 2    0.00%, 3    0.00%\n"}
,{"stream_name":"stdout","time":2809.214616467,"data":"类型2 正确率：  67.00% -\u003e 1    0.00%, 2   67.35%, 3   32.65%\n"}
,{"stream_name":"stdout","time":2809.214620391,"data":"类型3 正确率：  50.00% -\u003e 1    0.00%, 2   50.00%, 3   50.00%\n"}
,{"stream_name":"stdout","time":2809.214624224,"data":"\n"}
,{"stream_name":"stdout","time":2809.214627643,"data":"\n"}
,{"stream_name":"stdout","time":2809.264906506,"data":"样本变换：reverse\n"}
,{"stream_name":"stdout","time":2812.791839611,"data":"样本变换：mask\n"}
,{"stream_name":"stdout","time":2816.342823245,"data":"样本变换：shift\n"}
,{"stream_name":"stdout","time":2819.890921609,"data":"样本变换：none\n"}
,{"stream_name":"stderr","time":2825.456622785,"data":"/usr/local/lib/python3.12/dist-packages/sklearn/metrics/_classification.py:407: UserWarning: A single label was found in 'y_true' and 'y_pred'. For the confusion matrix to have the correct shape, use the 'labels' parameter to pass all known labels.\n"}
,{"stream_name":"stderr","time":2825.45667782,"data":"  warnings.warn(\n"}
,{"stream_name":"stdout","time":2825.456811178,"data":"未过滤\t未用伪标签：72.45% -\u003e 使用伪标签：72.37%\n"}
,{"stream_name":"stdout","time":2825.456826216,"data":"已过滤\t未用伪标签：72.45% -\u003e 使用伪标签：72.38%\n"}
,{"stream_name":"stdout","time":2825.456832005,"data":"排除样本：1|6000\t剩余：2000, 2342, 1657\n"}
,{"stream_name":"stdout","time":2825.456837295,"data":"增添样本：1027\t\t细则：342, 0, 685\t正确率估算：100.00%\n"}
,{"stream_name":"stdout","time":2825.456864522,"data":"类型1 正确率： 100.00% -\u003e 1  100.00%, 2    0.00%, 3    0.00%\n"}
,{"stream_name":"stdout","time":2825.456869888,"data":"类型2 正确率：  67.00% -\u003e 1    0.00%, 2   67.13%, 3   32.87%\n"}
,{"stream_name":"stdout","time":2825.456874775,"data":"类型3 正确率：  50.00% -\u003e 1    0.00%, 2   50.00%, 3   50.00%\n"}
,{"stream_name":"stdout","time":2825.456879203,"data":"\n"}
,{"stream_name":"stdout","time":2825.456883565,"data":"被排除样本 正确率：100.00%\n"}
,{"stream_name":"stdout","time":2825.45688746,"data":"类型1 正确率： 100.00% -\u003e 1  100.00%\n"}
,{"stream_name":"stdout","time":2825.456891475,"data":"\n"}
,{"stream_name":"stdout","time":2825.456895,"data":"\n"}
,{"stream_name":"stdout","time":2839.105708318,"data":"轮次:·11/·20 || c_Loss:0.389 || e_Loss:-0.975 || Aad_Loss:-30.883 || 耗时：36.51s\n"}
,{"stream_name":"stdout","time":2852.85886438,"data":"轮次:·12/·20 || c_Loss:0.378 || e_Loss:-0.972 || Aad_Loss:-31.839 || 耗时：13.75s\n"}
,{"stream_name":"stdout","time":2866.652358154,"data":"轮次:·13/·20 || c_Loss:0.384 || e_Loss:-1.887 || Aad_Loss:-30.353 || 耗时：13.79s\n"}
,{"stream_name":"stdout","time":2880.468704414,"data":"轮次:·14/·20 || c_Loss:0.374 || e_Loss:-0.986 || Aad_Loss:-31.980 || 耗时：13.82s\n"}
,{"stream_name":"stdout","time":2894.308358359,"data":"轮次:·15/·20 || c_Loss:0.380 || e_Loss:-1.007 || Aad_Loss:-31.080 || 耗时：13.84s\n"}
,{"stream_name":"stdout","time":2900.990053646,"data":"任务: (B1)N15_M01_F10→(B2)N15_M07_F10; mix批次:····0; 批次:·1410/·1880;  总正确率: 72.33%\n"}
,{"stream_name":"stdout","time":2900.990093304,"data":"类型1 正确率： 100.00% -\u003e 1  100.00%, 2    0.00%, 3    0.00%\n"}
,{"stream_name":"stdout","time":2900.99010197,"data":"类型2 正确率：  67.00% -\u003e 1    0.00%, 2   67.00%, 3   33.00%\n"}
,{"stream_name":"stdout","time":2900.990108664,"data":"类型3 正确率：  50.00% -\u003e 1    0.00%, 2   50.00%, 3   50.00%\n"}
,{"stream_name":"stdout","time":2900.99011536,"data":"\n"}
,{"stream_name":"stdout","time":2900.99012134,"data":"\n"}
,{"stream_name":"stdout","time":2901.053042593,"data":"样本变换：reverse\n"}
,{"stream_name":"stdout","time":2904.588802911,"data":"样本变换：mask\n"}
,{"stream_name":"stdout","time":2908.163857452,"data":"样本变换：shift\n"}
,{"stream_name":"stdout","time":2911.720796222,"data":"样本变换：none\n"}
,{"stream_name":"stderr","time":2917.206069206,"data":"/usr/local/lib/python3.12/dist-packages/numpy/_core/fromnumeric.py:3596: RuntimeWarning: Mean of empty slice.\n"}
,{"stream_name":"stderr","time":2917.206114234,"data":"  return _methods._mean(a, axis=axis, dtype=dtype,\n"}
,{"stream_name":"stderr","time":2917.20673091,"data":"/usr/local/lib/python3.12/dist-packages/numpy/_core/_methods.py:138: RuntimeWarning: invalid value encountered in scalar divide\n"}
,{"stream_name":"stderr","time":2917.206744503,"data":"  ret = ret.dtype.type(ret / rcount)\n"}
,{"stream_name":"stderr","time":2917.207993821,"data":"/kaggle/working/k10/S06/sdalr_PU_final_checkpoint/tools.py:414: RuntimeWarning: Mean of empty slice.\n"}
,{"stream_name":"stderr","time":2917.208007881,"data":"  overall_acc = round(per_class_acc.mean(), 2)\n"}
,{"stream_name":"stderr","time":2917.20801568,"data":"/usr/local/lib/python3.12/dist-packages/numpy/_core/_methods.py:138: RuntimeWarning: invalid value encountered in scalar divide\n"}
,{"stream_name":"stderr","time":2917.208019486,"data":"  ret = ret.dtype.type(ret / rcount)\n"}
,{"stream_name":"stdout","time":2917.20824503,"data":"未过滤\t未用伪标签：72.33% -\u003e 使用伪标签：72.33%\n"}
,{"stream_name":"stdout","time":2917.208270499,"data":"已过滤\t未用伪标签：72.33% -\u003e 使用伪标签：72.33%\n"}
,{"stream_name":"stdout","time":2917.208274979,"data":"排除样本：2000|6000\t剩余：2340, 1660\n"}
,{"stream_name":"stdout","time":2917.20827884,"data":"增添样本：1020\t\t细则：340, 0, 680\t正确率估算：100.00%\n"}
,{"stream_name":"stdout","time":2917.208283265,"data":"类型1 正确率： 100.00% -\u003e 1  100.00%, 2    0.00%, 3    0.00%\n"}
,{"stream_name":"stdout","time":2917.208287638,"data":"类型2 正确率：  67.00% -\u003e 1    0.00%, 2   67.00%, 3   33.00%\n"}
,{"stream_name":"stdout","time":2917.208292206,"data":"类型3 正确率：  50.00% -\u003e 1    0.00%, 2   50.00%, 3   50.00%\n"}
,{"stream_name":"stdout","time":2917.20829657,"data":"\n"}
,{"stream_name":"stdout","time":2917.208300789,"data":"被排除样本 正确率：nan%\n"}
,{"stream_name":"stdout","time":2917.208304429,"data":"\n"}
,{"stream_name":"stdout","time":2917.20830783,"data":"\n"}
,{"stream_name":"stdout","time":2930.949353683,"data":"轮次:·16/·20 || c_Loss:0.381 || e_Loss:-0.977 || Aad_Loss:-31.703 || 耗时：36.64s\n"}
,{"stream_name":"stdout","time":2944.838216568,"data":"轮次:·17/·20 || c_Loss:0.375 || e_Loss:-1.021 || Aad_Loss:-31.693 || 耗时：13.89s\n"}
,{"stream_name":"stdout","time":2958.684585013,"data":"轮次:·18/·20 || c_Loss:0.375 || e_Loss:-1.015 || Aad_Loss:-31.583 || 耗时：13.85s\n"}
,{"stream_name":"stdout","time":2972.567791873,"data":"轮次:·19/·20 || c_Loss:0.378 || e_Loss:-0.996 || Aad_Loss:-31.706 || 耗时：13.88s\n"}
,{"stream_name":"stdout","time":2986.438247952,"data":"轮次:·20/·20 || c_Loss:0.372 || e_Loss:-1.008 || Aad_Loss:-31.822 || 耗时：13.87s\n"}
,{"stream_name":"stdout","time":2993.14020059,"data":"任务: (B1)N15_M01_F10→(B2)N15_M07_F10; mix批次:····0; 批次:·1880/·1880;  总正确率: 72.33%\n"}
,{"stream_name":"stdout","time":2993.140246206,"data":"类型1 正确率： 100.00% -\u003e 1  100.00%, 2    0.00%, 3    0.00%\n"}
,{"stream_name":"stdout","time":2993.140251581,"data":"类型2 正确率：  67.00% -\u003e 1    0.00%, 2   67.00%, 3   33.00%\n"}
,{"stream_name":"stdout","time":2993.140255199,"data":"类型3 正确率：  50.00% -\u003e 1    0.00%, 2   50.00%, 3   50.00%\n"}
,{"stream_name":"stdout","time":2993.140258838,"data":"\n"}
,{"stream_name":"stdout","time":2993.140262006,"data":"\n"}
,{"stream_name":"stdout","time":2999.79547945,"data":"测试集任务: (B1)N15_M01_F10→(B2)N15_M07_F10; 总正确率 = 72.33%\n"}
,{"stream_name":"stdout","time":2999.795529364,"data":"类型1 正确率： 100.00% -\u003e 1  100.00%, 2    0.00%, 3    0.00%\n"}
,{"stream_name":"stdout","time":2999.795538033,"data":"类型2 正确率：  67.00% -\u003e 1    0.00%, 2   67.00%, 3   33.00%\n"}
,{"stream_name":"stdout","time":2999.795544187,"data":"类型3 正确率：  50.00% -\u003e 1    0.00%, 2   50.00%, 3   50.00%\n"}
,{"stream_name":"stdout","time":2999.795550407,"data":"\n"}
,{"stream_name":"stdout","time":2999.795555276,"data":"\n"}
,{"stream_name":"stdout","time":2999.817495684,"data":"[tar_adaptation_RES_PU.py --folder_root /kaggle/working/k10/S06/sdalr_PU_final_checkpoint/DATA_foldS06c --seed 2024 --class_num 3 --data_name PU_M1_L3 --output /kaggle/working/k10/S06/weight_PU_M1_final_checkpoint_FS06toS06c_s2024 --s 0 --t 1 --lr 0.0005 --threshold 0.4 --K 0.6] 384s\n"}
,{"stream_name":"stdout","time":2999.847416892,"data":"读取源域路径：/kaggle/working/k10/S06/weight_PU_M1_final_checkpoint_FS06toS06c_s2024/NEW_PU/Source-源域/log\u0026pt/(B1)N15_M01_F10\n"}
,{"stream_name":"stdout","time":2999.84746234,"data":"excel输出位置：/kaggle/working/k10/S06/weight_PU_M1_final_checkpoint_FS06toS06c_s2024/NEW_PU/Target-目标域\n"}
,{"stream_name":"stdout","time":2999.847489224,"data":"特征图片输出位置：/kaggle/working/k10/S06/weight_PU_M1_final_checkpoint_FS06toS06c_s2024/NEW_PU/Picture-特征图/2026年09月19日03时55分/(B1)N15_M01_F10\n"}
,{"stream_name":"stderr","time":2999.884544688,"data":"/usr/local/lib/python3.12/dist-packages/torch/nn/utils/weight_norm.py:144: FutureWarning: `torch.nn.utils.weight_norm` is deprecated in favor of `torch.nn.utils.parametrizations.weight_norm`.\n"}
,{"stream_name":"stderr","time":2999.884580996,"data":"  WeightNorm.apply(module, name, dim)\n"}
,{"stream_name":"stdout","time":2999.925967004,"data":"现在选取:(B1)N15_M01_F10 进行训练的源模型\n"}
,{"stream_name":"stdout","time":2999.926000311,"data":"现在进行：(B1)N15_M01_F10→(B3)N15_M07_F04 的迁移任务\n"}
,{"stream_name":"stdout","time":2999.92600655,"data":"log\u0026pt输出位置：/kaggle/working/k10/S06/weight_PU_M1_final_checkpoint_FS06toS06c_s2024/NEW_PU/Target-目标域/log\u0026pt/(B1)N15_M01_F10→(B3)N15_M07_F04\n"}
,{"stream_name":"stderr","time":2999.927470944,"data":"sh: 1: Syntax error: word unexpected (expecting \")\")\n"}
,{"stream_name":"stdout","time":3011.744635185,"data":"任务: (B1)N15_M01_F10→(B3)N15_M07_F04; 批次:····0/·1880;  总正确率: 73.43%\n"}
,{"stream_name":"stdout","time":3011.74468035,"data":"类型1 正确率： 100.00% -\u003e 1   99.50%, 2    0.05%, 3    0.45%\n"}
,{"stream_name":"stdout","time":3011.744691188,"data":"类型2 正确率：  71.00% -\u003e 1    0.00%, 2   70.75%, 3   29.25%\n"}
,{"stream_name":"stdout","time":3011.744695193,"data":"类型3 正确率：  50.00% -\u003e 1    0.00%, 2   49.95%, 3   50.05%\n"}
,{"stream_name":"stdout","time":3011.744698872,"data":"\n"}
,{"stream_name":"stdout","time":3011.74470226,"data":"\n"}
,{"stream_name":"stdout","time":3011.745502547,"data":"样本变换：reverse\n"}
,{"stream_name":"stdout","time":3015.209829543,"data":"样本变换：mask\n"}
,{"stream_name":"stdout","time":3018.70288706,"data":"样本变换：shift\n"}
,{"stream_name":"stdout","time":3022.200781923,"data":"样本变换：none\n"}
,{"stream_name":"stderr","time":3027.727338468,"data":"/kaggle/working/k10/S06/sdalr_PU_final_checkpoint/tools.py:413: RuntimeWarning: invalid value encountered in divide\n"}
,{"stream_name":"stderr","time":3027.727382406,"data":"  per_class_acc = conf_matrix.diagonal() / conf_matrix.sum(axis=1) * 100\n"}
,{"stream_name":"stdout","time":3027.727659686,"data":"未过滤\t未用伪标签：73.43% -\u003e 使用伪标签：73.10%\n"}
,{"stream_name":"stdout","time":3027.727690131,"data":"已过滤\t未用伪标签：73.74% -\u003e 使用伪标签：73.79%\n"}
,{"stream_name":"stdout","time":3027.727696728,"data":"排除样本：56|6000\t剩余：1998, 2388, 1558\n"}
,{"stream_name":"stdout","time":3027.727702374,"data":"增添样本：1220\t\t细则：390, 0, 830\t正确率估算：99.34%\n"}
,{"stream_name":"stdout","time":3027.727708478,"data":"类型1 正确率： 100.00% -\u003e 1  100.00%, 2    0.00%, 3    0.00%\n"}
,{"stream_name":"stdout","time":3027.727713896,"data":"类型2 正确率：  71.00% -\u003e 1    0.00%, 2   71.33%, 3   28.67%\n"}
,{"stream_name":"stdout","time":3027.727718785,"data":"类型3 正确率：  50.00% -\u003e 1    0.00%, 2   50.00%, 3   50.00%\n"}
,{"stream_name":"stdout","time":3027.727723649,"data":"\n"}
,{"stream_name":"stdout","time":3027.727729826,"data":"被排除样本 正确率：41.07%\n"}
,{"stream_name":"stdout","time":3027.727737711,"data":"类型1 正确率：  50.00% -\u003e 1   50.00%, 2    0.00%, 3   50.00%\n"}
,{"stream_name":"stdout","time":3027.727787609,"data":"类型2 正确率：  41.00% -\u003e 1    0.00%, 2   40.74%, 3   59.26%\n"}
,{"stream_name":"stdout","time":3027.727794614,"data":"类型3 没有样本或未被分类。\n"}
,{"stream_name":"stdout","time":3027.727798444,"data":"\n"}
,{"stream_name":"stdout","time":3027.72780187,"data":"\n"}
,{"stream_name":"stdout","time":3041.26592238,"data":"轮次:··1/·20 || c_Loss:0.560 || e_Loss:-1.074 || Aad_Loss:-28.882 || 耗时：35.90s\n"}
,{"stream_name":"stdout","time":3054.95155841,"data":"轮次:··2/·20 || c_Loss:0.380 || e_Loss:-0.996 || Aad_Loss:-29.900 || 耗时：13.69s\n"}
,{"stream_name":"stdout","time":3068.668804789,"data":"轮次:··3/·20 || c_Loss:0.353 || e_Loss:-0.960 || Aad_Loss:-29.959 || 耗时：13.72s\n"}
,{"stream_name":"stdout","time":3082.414526145,"data":"轮次:··4/·20 || c_Loss:0.352 || e_Loss:-0.955 || Aad_Loss:-30.341 || 耗时：13.75s\n"}
,{"stream_name":"stdout","time":3096.211552948,"data":"轮次:··5/·20 || c_Loss:0.347 || e_Loss:-1.802 || Aad_Loss:-30.391 || 耗时：13.80s\n"}
,{"stream_name":"stdout","time":3102.847857376,"data":"任务: (B1)N15_M01_F10→(B3)N15_M07_F04; mix批次:····0; 批次:··470/·1880;  总正确率: 72.88%\n"}
,{"stream_name":"stdout","time":3102.847897874,"data":"类型1 正确率： 100.00% -\u003e 1  100.00%, 2    0.00%, 3    0.00%\n"}
,{"stream_name":"stdout","time":3102.847905931,"data":"类型2 正确率：  69.00% -\u003e 1    0.00%, 2   68.65%, 3   31.35%\n"}
,{"stream_name":"stdout","time":3102.847912209,"data":"类型3 正确率：  50.00% -\u003e 1    0.00%, 2   50.00%, 3   50.00%\n"}
,{"stream_name":"stdout","time":3102.847918515,"data":"\n"}
,{"stream_name":"stdout","time":3102.847924163,"data":"\n"}
,{"stream_name":"stdout","time":3102.884022726,"data":"样本变换：reverse\n"}
,{"stream_name":"stdout","time":3106.422826027,"data":"样本变换：mask\n"}
,{"stream_name":"stdout","time":3109.960565569,"data":"样本变换：shift\n"}
,{"stream_name":"stdout","time":3113.522830192,"data":"样本变换：none\n"}
,{"stream_name":"stderr","time":3119.027933532,"data":"/usr/local/lib/python3.12/dist-packages/sklearn/metrics/_classification.py:407: UserWarning: A single label was found in 'y_true' and 'y_pred'. For the confusion matrix to have the correct shape, use the 'labels' parameter to pass all known labels.\n"}
,{"stream_name":"stderr","time":3119.027982973,"data":"  warnings.warn(\n"}
,{"stream_name":"stdout","time":3119.028117715,"data":"未过滤\t未用伪标签：72.88% -\u003e 使用伪标签：72.50%\n"}
,{"stream_name":"stdout","time":3119.028131522,"data":"已过滤\t未用伪标签：72.86% -\u003e 使用伪标签：72.57%\n"}
,{"stream_name":"stdout","time":3119.028137263,"data":"排除样本：6|6000\t剩余：2000, 2350, 1644\n"}
,{"stream_name":"stdout","time":3119.028142195,"data":"增添样本：1056\t\t细则：350, 0, 706\t正确率估算：99.72%\n"}
,{"stream_name":"stdout","time":3119.028147203,"data":"类型1 正确率： 100.00% -\u003e 1  100.00%, 2    0.00%, 3    0.00%\n"}
,{"stream_name":"stdout","time":3119.028152217,"data":"类型2 正确率：  68.00% -\u003e 1    0.00%, 2   67.70%, 3   32.30%\n"}
,{"stream_name":"stdout","time":3119.028158842,"data":"类型3 正确率：  50.00% -\u003e 1    0.00%, 2   50.00%, 3   50.00%\n"}
,{"stream_name":"stdout","time":3119.028178501,"data":"\n"}
,{"stream_name":"stdout","time":3119.028183419,"data":"被排除样本 正确率：100.00%\n"}
,{"stream_name":"stdout","time":3119.02818908,"data":"类型1 正确率： 100.00% -\u003e 1  100.00%\n"}
,{"stream_name":"stdout","time":3119.028194125,"data":"\n"}
,{"stream_name":"stdout","time":3119.028198574,"data":"\n"}
,{"stream_name":"stdout","time":3132.707363724,"data":"轮次:··6/·20 || c_Loss:0.366 || e_Loss:-0.912 || Aad_Loss:-33.026 || 耗时：36.50s\n"}
,{"stream_name":"stdout","time":3146.432361996,"data":"轮次:··7/·20 || c_Loss:0.380 || e_Loss:-0.970 || Aad_Loss:-31.693 || 耗时：13.72s\n"}
,{"stream_name":"stdout","time":3160.233276941,"data":"轮次:··8/·20 || c_Loss:0.386 || e_Loss:-1.015 || Aad_Loss:-30.334 || 耗时：13.80s\n"}
,{"stream_name":"stdout","time":3174.051152435,"data":"轮次:··9/·20 || c_Loss:0.370 || e_Loss:-1.020 || Aad_Loss:-31.329 || 耗时：13.82s\n"}
,{"stream_name":"stdout","time":3187.862157568,"data":"轮次:·10/·20 || c_Loss:0.400 || e_Loss:-0.908 || Aad_Loss:-31.082 || 耗时：13.81s\n"}
,{"stream_name":"stdout","time":3194.557828736,"data":"任务: (B1)N15_M01_F10→(B3)N15_M07_F04; mix批次:····0; 批次:··940/·1880;  总正确率: 72.48%\n"}
,{"stream_name":"stdout","time":3194.557867772,"data":"类型1 正确率： 100.00% -\u003e 1  100.00%, 2    0.00%, 3    0.00%\n"}
,{"stream_name":"stdout","time":3194.557875768,"data":"类型2 正确率：  67.00% -\u003e 1    0.00%, 2   67.45%, 3   32.55%\n"}
,{"stream_name":"stdout","time":3194.557882296,"data":"类型3 正确率：  50.00% -\u003e 1    0.00%, 2   50.00%, 3   50.00%\n"}
,{"stream_name":"stdout","time":3194.557888632,"data":"\n"}
,{"stream_name":"stdout","time":3194.55789413,"data":"\n"}
,{"stream_name":"stdout","time":3194.604312176,"data":"样本变换：reverse\n"}
,{"stream_name":"stdout","time":3198.130833497,"data":"样本变换：mask\n"}
,{"stream_name":"stdout","time":3201.69130022,"data":"样本变换：shift\n"}
,{"stream_name":"stdout","time":3205.201820004,"data":"样本变换：none\n"}
,{"stream_name":"stderr","time":3210.749073061,"data":"/kaggle/working/k10/S06/sdalr_PU_final_checkpoint/tools.py:413: RuntimeWarning: invalid value encountered in divide\n"}
,{"stream_name":"stderr","time":3210.749144339,"data":"  per_class_acc = conf_matrix.diagonal() / conf_matrix.sum(axis=1) * 100\n"}
,{"stream_name":"stdout","time":3210.749161926,"data":"未过滤\t未用伪标签：72.48% -\u003e 使用伪标签：72.42%\n"}
,{"stream_name":"stdout","time":3210.749187521,"data":"已过滤\t未用伪标签：72.52% -\u003e 使用伪标签：72.45%\n"}
,{"stream_name":"stdout","time":3210.749194593,"data":"排除样本：3|6000\t剩余：2000, 2345, 1652\n"}
,{"stream_name":"stdout","time":3210.749199922,"data":"增添样本：1038\t\t细则：345, 0, 693\t正确率估算：100.00%\n"}
,{"stream_name":"stdout","time":3210.74920517,"data":"类型1 正确率： 100.00% -\u003e 1  100.00%, 2    0.00%, 3    0.00%\n"}
,{"stream_name":"stdout","time":3210.749210124,"data":"类型2 正确率：  67.00% -\u003e 1    0.00%, 2   67.35%, 3   32.65%\n"}
,{"stream_name":"stdout","time":3210.749215099,"data":"类型3 正确率：  50.00% -\u003e 1    0.00%, 2   50.00%, 3   50.00%\n"}
,{"stream_name":"stdout","time":3210.749219799,"data":"\n"}
,{"stream_name":"stdout","time":3210.74922479,"data":"被排除样本 正确率：0.00%\n"}
,{"stream_name":"stdout","time":3210.749229847,"data":"类型1 正确率：   0.00% -\u003e 1    0.00%, 2  100.00%\n"}
,{"stream_name":"stdout","time":3210.749234987,"data":"类型2 没有样本或未被分类。\n"}
,{"stream_name":"stdout","time":3210.749240171,"data":"\n"}
,{"stream_name":"stdout","time":3210.749244988,"data":"\n"}
,{"stream_name":"stdout","time":3224.423205929,"data":"轮次:·11/·20 || c_Loss:0.371 || e_Loss:-1.006 || Aad_Loss:-31.349 || 耗时：36.56s\n"}
,{"stream_name":"stdout","time":3238.197187319,"data":"轮次:·12/·20 || c_Loss:0.375 || e_Loss:-1.003 || Aad_Loss:-31.248 || 耗时：13.77s\n"}
,{"stream_name":"stdout","time":3251.97105497,"data":"轮次:·13/·20 || c_Loss:0.373 || e_Loss:-1.000 || Aad_Loss:-31.443 || 耗时：13.77s\n"}
,{"stream_name":"stdout","time":3265.72941354,"data":"轮次:·14/·20 || c_Loss:0.371 || e_Loss:-0.998 || Aad_Loss:-31.216 || 耗时：13.76s\n"}
,{"stream_name":"stdout","time":3279.470592306,"data":"轮次:·15/·20 || c_Loss:0.377 || e_Loss:-1.002 || Aad_Loss:-31.507 || 耗时：13.74s\n"}
,{"stream_name":"stdout","time":3286.081550034,"data":"任务: (B1)N15_M01_F10→(B3)N15_M07_F04; mix批次:····0; 批次:·1410/·1880;  总正确率: 72.40%\n"}
,{"stream_name":"stdout","time":3286.081597891,"data":"类型1 正确率： 100.00% -\u003e 1  100.00%, 2    0.00%, 3    0.00%\n"}
,{"stream_name":"stdout","time":3286.081604471,"data":"类型2 正确率：  67.00% -\u003e 1    0.00%, 2   67.20%, 3   32.80%\n"}
,{"stream_name":"stdout","time":3286.081608512,"data":"类型3 正确率：  50.00% -\u003e 1    0.00%, 2   50.00%, 3   50.00%\n"}
,{"stream_name":"stdout","time":3286.081612262,"data":"\n"}
,{"stream_name":"stdout","time":3286.081615671,"data":"\n"}
,{"stream_name":"stdout","time":3286.122536382,"data":"样本变换：reverse\n"}
,{"stream_name":"stdout","time":3289.622812047,"data":"样本变换：mask\n"}
,{"stream_name":"stdout","time":3293.163846641,"data":"样本变换：shift\n"}
,{"stream_name":"stdout","time":3296.680785614,"data":"样本变换：none\n"}
,{"stream_name":"stderr","time":3302.281544436,"data":"/usr/local/lib/python3.12/dist-packages/numpy/_core/fromnumeric.py:3596: RuntimeWarning: Mean of empty slice.\n"}
,{"stream_name":"stderr","time":3302.281599127,"data":"  return _methods._mean(a, axis=axis, dtype=dtype,\n"}
,{"stream_name":"stderr","time":3302.281604237,"data":"/usr/local/lib/python3.12/dist-packages/numpy/_core/_methods.py:138: RuntimeWarning: invalid value encountered in scalar divide\n"}
,{"stream_name":"stderr","time":3302.281608271,"data":"  ret = ret.dtype.type(ret / rcount)\n"}
,{"stream_name":"stderr","time":3302.282506986,"data":"/kaggle/working/k10/S06/sdalr_PU_final_checkpoint/tools.py:414: RuntimeWarning: Mean of empty slice.\n"}
,{"stream_name":"stderr","time":3302.282524805,"data":"  overall_acc = round(per_class_acc.mean(), 2)\n"}
,{"stream_name":"stderr","time":3302.282530778,"data":"/usr/local/lib/python3.12/dist-packages/numpy/_core/_methods.py:138: RuntimeWarning: invalid value encountered in scalar divide\n"}
,{"stream_name":"stderr","time":3302.282536489,"data":"  ret = ret.dtype.type(ret / rcount)\n"}
,{"stream_name":"stdout","time":3302.282737394,"data":"未过滤\t未用伪标签：72.40% -\u003e 使用伪标签：72.38%\n"}
,{"stream_name":"stdout","time":3302.282766759,"data":"已过滤\t未用伪标签：72.40% -\u003e 使用伪标签：72.38%\n"}
,{"stream_name":"stdout","time":3302.282775061,"data":"排除样本：2000|6000\t剩余：2343, 1657\n"}
,{"stream_name":"stdout","time":3302.282780628,"data":"增添样本：1029\t\t细则：343, 0, 686\t正确率估算：99.90%\n"}
,{"stream_name":"stdout","time":3302.282785783,"data":"类型1 正确率： 100.00% -\u003e 1  100.00%, 2    0.00%, 3    0.00%\n"}
,{"stream_name":"stdout","time":3302.282790708,"data":"类型2 正确率：  67.00% -\u003e 1    0.00%, 2   67.15%, 3   32.85%\n"}
,{"stream_name":"stdout","time":3302.282795537,"data":"类型3 正确率：  50.00% -\u003e 1    0.00%, 2   50.00%, 3   50.00%\n"}
,{"stream_name":"stdout","time":3302.282800266,"data":"\n"}
,{"stream_name":"stdout","time":3302.282804776,"data":"被排除样本 正确率：nan%\n"}
,{"stream_name":"stdout","time":3302.282809483,"data":"\n"}
,{"stream_name":"stdout","time":3302.282813896,"data":"\n"}
,{"stream_name":"stdout","time":3315.979353769,"data":"轮次:·16/·20 || c_Loss:0.381 || e_Loss:-0.976 || Aad_Loss:-31.625 || 耗时：36.51s\n"}
,{"stream_name":"stdout","time":3329.840403842,"data":"轮次:·17/·20 || c_Loss:0.378 || e_Loss:-0.974 || Aad_Loss:-32.050 || 耗时：13.86s\n"}
,{"stream_name":"stdout","time":3343.762172518,"data":"轮次:·18/·20 || c_Loss:0.378 || e_Loss:-1.007 || Aad_Loss:-31.204 || 耗时：13.92s\n"}
,{"stream_name":"stdout","time":3357.672295872,"data":"轮次:·19/·20 || c_Loss:0.376 || e_Loss:-0.987 || Aad_Loss:-32.390 || 耗时：13.91s\n"}
,{"stream_name":"stdout","time":3371.533827943,"data":"轮次:·20/·20 || c_Loss:0.375 || e_Loss:-1.023 || Aad_Loss:-31.500 || 耗时：13.86s\n"}
,{"stream_name":"stdout","time":3378.201293343,"data":"任务: (B1)N15_M01_F10→(B3)N15_M07_F04; mix批次:····0; 批次:·1880/·1880;  总正确率: 72.37%\n"}
,{"stream_name":"stdout","time":3378.201329524,"data":"类型1 正确率： 100.00% -\u003e 1  100.00%, 2    0.00%, 3    0.00%\n"}
,{"stream_name":"stdout","time":3378.201336096,"data":"类型2 正确率：  67.00% -\u003e 1    0.00%, 2   67.10%, 3   32.90%\n"}
,{"stream_name":"stdout","time":3378.201341934,"data":"类型3 正确率：  50.00% -\u003e 1    0.00%, 2   50.00%, 3   50.00%\n"}
,{"stream_name":"stdout","time":3378.201347114,"data":"\n"}
,{"stream_name":"stdout","time":3378.201352166,"data":"\n"}
,{"stream_name":"stdout","time":3384.836947737,"data":"测试集任务: (B1)N15_M01_F10→(B3)N15_M07_F04; 总正确率 = 72.37%\n"}
,{"stream_name":"stdout","time":3384.837003632,"data":"类型1 正确率： 100.00% -\u003e 1  100.00%, 2    0.00%, 3    0.00%\n"}
,{"stream_name":"stdout","time":3384.837012513,"data":"类型2 正确率：  67.00% -\u003e 1    0.00%, 2   67.10%, 3   32.90%\n"}
,{"stream_name":"stdout","time":3384.837017978,"data":"类型3 正确率：  50.00% -\u003e 1    0.00%, 2   50.00%, 3   50.00%\n"}
,{"stream_name":"stdout","time":3384.837023584,"data":"\n"}
,{"stream_name":"stdout","time":3384.837028394,"data":"\n"}
,{"stream_name":"stdout","time":3384.863223787,"data":"[tar_adaptation_RES_PU.py --folder_root /kaggle/working/k10/S06/sdalr_PU_final_checkpoint/DATA_foldS06c --seed 2024 --class_num 3 --data_name PU_M1_L3 --output /kaggle/working/k10/S06/weight_PU_M1_final_checkpoint_FS06toS06c_s2024 --s 0 --t 2 --lr 0.0005 --threshold 0.4 --K 0.6] 385s\n"}
,{"stream_name":"stdout","time":3384.892622652,"data":"读取源域路径：/kaggle/working/k10/S06/weight_PU_M1_final_checkpoint_FS06toS06c_s2024/NEW_PU/Source-源域/log\u0026pt/(B2)N15_M07_F10\n"}
,{"stream_name":"stdout","time":3384.892656642,"data":"excel输出位置：/kaggle/working/k10/S06/weight_PU_M1_final_checkpoint_FS06toS06c_s2024/NEW_PU/Target-目标域\n"}
,{"stream_name":"stdout","time":3384.892675355,"data":"特征图片输出位置：/kaggle/working/k10/S06/weight_PU_M1_final_checkpoint_FS06toS06c_s2024/NEW_PU/Picture-特征图/2026年09月19日04时01分/(B2)N15_M07_F10\n"}
,{"stream_name":"stderr","time":3384.929612455,"data":"/usr/local/lib/python3.12/dist-packages/torch/nn/utils/weight_norm.py:144: FutureWarning: `torch.nn.utils.weight_norm` is deprecated in favor of `torch.nn.utils.parametrizations.weight_norm`.\n"}
,{"stream_name":"stderr","time":3384.929648929,"data":"  WeightNorm.apply(module, name, dim)\n"}
,{"stream_name":"stdout","time":3384.973827208,"data":"现在选取:(B2)N15_M07_F10 进行训练的源模型\n"}
,{"stream_name":"stdout","time":3384.973864056,"data":"现在进行：(B2)N15_M07_F10→(B1)N15_M01_F10 的迁移任务\n"}
,{"stream_name":"stdout","time":3384.973871147,"data":"log\u0026pt输出位置：/kaggle/working/k10/S06/weight_PU_M1_final_checkpoint_FS06toS06c_s2024/NEW_PU/Target-目标域/log\u0026pt/(B2)N15_M07_F10→(B1)N15_M01_F10\n"}
,{"stream_name":"stderr","time":3384.975471847,"data":"sh: 1: Syntax error: word unexpected (expecting \")\")\n"}
,{"stream_name":"stdout","time":3397.005873273,"data":"任务: (B2)N15_M07_F10→(B1)N15_M01_F10; 批次:····0/·1880;  总正确率: 75.43%\n"}
,{"stream_name":"stdout","time":3397.005913721,"data":"类型1 正确率： 100.00% -\u003e 1   99.55%, 2    0.05%, 3    0.40%\n"}
,{"stream_name":"stdout","time":3397.005927187,"data":"类型2 正确率：  77.00% -\u003e 1    0.00%, 2   76.55%, 3   23.45%\n"}
,{"stream_name":"stdout","time":3397.005931428,"data":"类型3 正确率：  50.00% -\u003e 1    0.00%, 2   49.80%, 3   50.20%\n"}
,{"stream_name":"stdout","time":3397.005935076,"data":"\n"}
,{"stream_name":"stdout","time":3397.005938543,"data":"\n"}
,{"stream_name":"stdout","time":3397.006586979,"data":"样本变换：reverse\n"}
,{"stream_name":"stdout","time":3400.505881014,"data":"样本变换：mask\n"}
,{"stream_name":"stdout","time":3404.037818068,"data":"样本变换：shift\n"}
,{"stream_name":"stdout","time":3407.530831346,"data":"样本变换：none\n"}
,{"stream_name":"stdout","time":3413.296965548,"data":"未过滤\t未用伪标签：75.43% -\u003e 使用伪标签：74.20%\n"}
,{"stream_name":"stdout","time":3413.297025963,"data":"已过滤\t未用伪标签：75.42% -\u003e 使用伪标签：74.95%\n"}
,{"stream_name":"stdout","time":3413.297034344,"data":"排除样本：60|6000\t剩余：1996, 2455, 1489\n"}
,{"stream_name":"stdout","time":3413.297040487,"data":"增添样本：1425\t\t细则：459, 0, 966\t正确率估算：98.46%\n"}
,{"stream_name":"stdout","time":3413.297045956,"data":"类型1 正确率： 100.00% -\u003e 1   99.95%, 2    0.00%, 3    0.05%\n"}
,{"stream_name":"stdout","time":3413.297050948,"data":"类型2 正确率：  75.00% -\u003e 1    0.00%, 2   74.90%, 3   25.10%\n"}
,{"stream_name":"stdout","time":3413.297055752,"data":"类型3 正确率：  50.00% -\u003e 1    0.00%, 2   49.97%, 3   50.03%\n"}
,{"stream_name":"stdout","time":3413.297060462,"data":"\n"}
,{"stream_name":"stdout","time":3413.297065217,"data":"被排除样本 正确率：76.67%\n"}
,{"stream_name":"stdout","time":3413.297075385,"data":"类型1 正确率：  67.00% -\u003e 1   66.67%, 2   33.33%, 3    0.00%\n"}
,{"stream_name":"stdout","time":3413.297079032,"data":"类型2 正确率：  77.00% -\u003e 1    0.00%, 2   76.79%, 3   23.21%\n"}
,{"stream_name":"stdout","time":3413.297082332,"data":"类型3 正确率： 100.00% -\u003e 1    0.00%, 2    0.00%, 3  100.00%\n"}
,{"stream_name":"stdout","time":3413.297085602,"data":"\n"}
,{"stream_name":"stdout","time":3413.297088757,"data":"\n"}
,{"stream_name":"stdout","time":3426.939834134,"data":"轮次:··1/·20 || c_Loss:0.616 || e_Loss:-1.025 || Aad_Loss:-30.573 || 耗时：36.36s\n"}
,{"stream_name":"stdout","time":3440.74838927,"data":"轮次:··2/·20 || c_Loss:0.438 || e_Loss:-0.952 || Aad_Loss:-28.346 || 耗时：13.81s\n"}
,{"stream_name":"stdout","time":3454.656705091,"data":"轮次:··3/·20 || c_Loss:0.368 || e_Loss:-0.975 || Aad_Loss:-30.505 || 耗时：13.91s\n"}
,{"stream_name":"stdout","time":3468.622624667,"data":"轮次:··4/·20 || c_Loss:0.354 || e_Loss:-0.916 || Aad_Loss:-30.654 || 耗时：13.97s\n"}
,{"stream_name":"stdout","time":3482.548273286,"data":"轮次:··5/·20 || c_Loss:0.365 || e_Loss:-0.936 || Aad_Loss:-30.789 || 耗时：13.93s\n"}
,{"stream_name":"stdout","time":3489.257062695,"data":"任务: (B2)N15_M07_F10→(B1)N15_M01_F10; mix批次:····0; 批次:··470/·1880;  总正确率: 73.07%\n"}
,{"stream_name":"stdout","time":3489.257120817,"data":"类型1 正确率： 100.00% -\u003e 1  100.00%, 2    0.00%, 3    0.00%\n"}
,{"stream_name":"stdout","time":3489.257143124,"data":"类型2 正确率：  69.00% -\u003e 1    0.00%, 2   69.20%, 3   30.80%\n"}
,{"stream_name":"stdout","time":3489.257147776,"data":"类型3 正确率：  50.00% -\u003e 1    0.00%, 2   50.00%, 3   50.00%\n"}
,{"stream_name":"stdout","time":3489.257152084,"data":"\n"}
,{"stream_name":"stdout","time":3489.257155892,"data":"\n"}
,{"stream_name":"stdout","time":3489.294131032,"data":"样本变换：reverse\n"}
,{"stream_name":"stdout","time":3492.838827228,"data":"样本变换：mask\n"}
,{"stream_name":"stdout","time":3496.423841823,"data":"样本变换：shift\n"}
,{"stream_name":"stdout","time":3499.984454565,"data":"样本变换：none\n"}
,{"stream_name":"stderr","time":3505.454787381,"data":"/usr/local/lib/python3.12/dist-packages/sklearn/metrics/_classification.py:407: UserWarning: A single label was found in 'y_true' and 'y_pred'. For the confusion matrix to have the correct shape, use the 'labels' parameter to pass all known labels.\n"}
,{"stream_name":"stderr","time":3505.454846087,"data":"  warnings.warn(\n"}
,{"stream_name":"stdout","time":3505.455022391,"data":"未过滤\t未用伪标签：73.07% -\u003e 使用伪标签：72.47%\n"}
,{"stream_name":"stdout","time":3505.455036486,"data":"已过滤\t未用伪标签：73.05% -\u003e 使用伪标签：72.52%\n"}
,{"stream_name":"stdout","time":3505.455042576,"data":"排除样本：4|6000\t剩余：2000, 2348, 1648\n"}
,{"stream_name":"stdout","time":3505.455048179,"data":"增添样本：1048\t\t细则：348, 0, 700\t正确率估算：98.85%\n"}
,{"stream_name":"stdout","time":3505.455053474,"data":"类型1 正确率： 100.00% -\u003e 1  100.00%, 2    0.00%, 3    0.00%\n"}
,{"stream_name":"stdout","time":3505.455059441,"data":"类型2 正确率：  68.00% -\u003e 1    0.00%, 2   67.54%, 3   32.46%\n"}
,{"stream_name":"stdout","time":3505.455064997,"data":"类型3 正确率：  50.00% -\u003e 1    0.00%, 2   50.00%, 3   50.00%\n"}
,{"stream_name":"stdout","time":3505.455070715,"data":"\n"}
,{"stream_name":"stdout","time":3505.455075445,"data":"被排除样本 正确率：100.00%\n"}
,{"stream_name":"stdout","time":3505.455080152,"data":"类型1 正确率： 100.00% -\u003e 1  100.00%\n"}
,{"stream_name":"stdout","time":3505.455084863,"data":"\n"}
,{"stream_name":"stdout","time":3505.455089277,"data":"\n"}
,{"stream_name":"stdout","time":3519.12470654,"data":"轮次:··6/·20 || c_Loss:0.367 || e_Loss:-0.994 || Aad_Loss:-31.120 || 耗时：36.58s\n"}
,{"stream_name":"stdout","time":3532.803208129,"data":"轮次:··7/·20 || c_Loss:0.377 || e_Loss:-0.983 || Aad_Loss:-30.797 || 耗时：13.68s\n"}
,{"stream_name":"stdout","time":3546.459386154,"data":"轮次:··8/·20 || c_Loss:0.401 || e_Loss:-1.013 || Aad_Loss:-33.069 || 耗时：13.66s\n"}
,{"stream_name":"stdout","time":3560.115650306,"data":"轮次:··9/·20 || c_Loss:0.399 || e_Loss:-1.007 || Aad_Loss:-30.227 || 耗时：13.66s\n"}
,{"stream_name":"stdout","time":3573.791268291,"data":"轮次:·10/·20 || c_Loss:0.373 || e_Loss:-0.970 || Aad_Loss:-31.938 || 耗时：13.68s\n"}
,{"stream_name":"stdout","time":3580.404771612,"data":"任务: (B2)N15_M07_F10→(B1)N15_M01_F10; mix批次:····0; 批次:··940/·1880;  总正确率: 72.35%\n"}
,{"stream_name":"stdout","time":3580.404814579,"data":"类型1 正确率： 100.00% -\u003e 1  100.00%, 2    0.00%, 3    0.00%\n"}
,{"stream_name":"stdout","time":3580.404820089,"data":"类型2 正确率：  67.00% -\u003e 1    0.00%, 2   67.05%, 3   32.95%\n"}
,{"stream_name":"stdout","time":3580.404823807,"data":"类型3 正确率：  50.00% -\u003e 1    0.00%, 2   50.00%, 3   50.00%\n"}
,{"stream_name":"stdout","time":3580.404827471,"data":"\n"}
,{"stream_name":"stdout","time":3580.404842077,"data":"\n"}
,{"stream_name":"stdout","time":3580.449926069,"data":"样本变换：reverse\n"}
,{"stream_name":"stdout","time":3583.981914148,"data":"样本变换：mask\n"}
,{"stream_name":"stdout","time":3587.503893217,"data":"样本变换：shift\n"}
,{"stream_name":"stdout","time":3591.060793548,"data":"样本变换：none\n"}
,{"stream_name":"stderr","time":3596.50420214,"data":"/usr/local/lib/python3.12/dist-packages/numpy/_core/fromnumeric.py:3596: RuntimeWarning: Mean of empty slice.\n"}
,{"stream_name":"stderr","time":3596.504249397,"data":"  return _methods._mean(a, axis=axis, dtype=dtype,\n"}
,{"stream_name":"stderr","time":3596.504272415,"data":"/usr/local/lib/python3.12/dist-packages/numpy/_core/_methods.py:138: RuntimeWarning: invalid value encountered in scalar divide\n"}
,{"stream_name":"stderr","time":3596.50427611,"data":"  ret = ret.dtype.type(ret / rcount)\n"}
,{"stream_name":"stderr","time":3596.505062239,"data":"/kaggle/working/k10/S06/sdalr_PU_final_checkpoint/tools.py:414: RuntimeWarning: Mean of empty slice.\n"}
,{"stream_name":"stderr","time":3596.505077124,"data":"  overall_acc = round(per_class_acc.mean(), 2)\n"}
,{"stream_name":"stderr","time":3596.505082861,"data":"/usr/local/lib/python3.12/dist-packages/numpy/_core/_methods.py:138: RuntimeWarning: invalid value encountered in scalar divide\n"}
,{"stream_name":"stderr","time":3596.505088451,"data":"  ret = ret.dtype.type(ret / rcount)\n"}
,{"stream_name":"stdout","time":3596.505313926,"data":"未过滤\t未用伪标签：72.35% -\u003e 使用伪标签：72.35%\n"}
,{"stream_name":"stdout","time":3596.505339187,"data":"已过滤\t未用伪标签：72.35% -\u003e 使用伪标签：72.35%\n"}
,{"stream_name":"stdout","time":3596.505346245,"data":"排除样本：2000|6000\t剩余：2341, 1659\n"}
,{"stream_name":"stdout","time":3596.505351435,"data":"增添样本：1023\t\t细则：341, 0, 682\t正确率估算：100.00%\n"}
,{"stream_name":"stdout","time":3596.505356757,"data":"类型1 正确率： 100.00% -\u003e 1  100.00%, 2    0.00%, 3    0.00%\n"}
,{"stream_name":"stdout","time":3596.505361568,"data":"类型2 正确率：  67.00% -\u003e 1    0.00%, 2   67.05%, 3   32.95%\n"}
,{"stream_name":"stdout","time":3596.50536655,"data":"类型3 正确率：  50.00% -\u003e 1    0.00%, 2   50.00%, 3   50.00%\n"}
,{"stream_name":"stdout","time":3596.505371636,"data":"\n"}
,{"stream_name":"stdout","time":3596.505376257,"data":"被排除样本 正确率：nan%\n"}
,{"stream_name":"stdout","time":3596.505381415,"data":"\n"}
,{"stream_name":"stdout","time":3596.505386331,"data":"\n"}
,{"stream_name":"stdout","time":3610.140625068,"data":"轮次:·11/·20 || c_Loss:0.385 || e_Loss:-0.987 || Aad_Loss:-31.188 || 耗时：36.35s\n"}
,{"stream_name":"stdout","time":3623.905341689,"data":"轮次:·12/·20 || c_Loss:0.376 || e_Loss:-0.982 || Aad_Loss:-31.799 || 耗时：13.76s\n"}
,{"stream_name":"stdout","time":3637.698588264,"data":"轮次:·13/·20 || c_Loss:0.376 || e_Loss:-0.939 || Aad_Loss:-33.088 || 耗时：13.79s\n"}
,{"stream_name":"stdout","time":3651.507161375,"data":"轮次:·14/·20 || c_Loss:0.372 || e_Loss:-0.996 || Aad_Loss:-32.390 || 耗时：13.81s\n"}
,{"stream_name":"stdout","time":3665.343566956,"data":"轮次:·15/·20 || c_Loss:0.381 || e_Loss:-0.993 || Aad_Loss:-31.253 || 耗时：13.84s\n"}
,{"stream_name":"stdout","time":3672.012052312,"data":"任务: (B2)N15_M07_F10→(B1)N15_M01_F10; mix批次:····0; 批次:·1410/·1880;  总正确率: 72.37%\n"}
,{"stream_name":"stdout","time":3672.012102156,"data":"类型1 正确率： 100.00% -\u003e 1  100.00%, 2    0.00%, 3    0.00%\n"}
,{"stream_name":"stdout","time":3672.012108012,"data":"类型2 正确率：  67.00% -\u003e 1    0.00%, 2   67.10%, 3   32.90%\n"}
,{"stream_name":"stdout","time":3672.012125541,"data":"类型3 正确率：  50.00% -\u003e 1    0.00%, 2   50.00%, 3   50.00%\n"}
,{"stream_name":"stdout","time":3672.012128734,"data":"\n"}
,{"stream_name":"stdout","time":3672.012131267,"data":"\n"}
,{"stream_name":"stdout","time":3672.059905216,"data":"样本变换：reverse\n"}
,{"stream_name":"stdout","time":3675.595844127,"data":"样本变换：mask\n"}
,{"stream_name":"stdout","time":3679.134834832,"data":"样本变换：shift\n"}
,{"stream_name":"stdout","time":3682.66218029,"data":"样本变换：none\n"}
,{"stream_name":"stderr","time":3688.299676408,"data":"/usr/local/lib/python3.12/dist-packages/numpy/_core/fromnumeric.py:3596: RuntimeWarning: Mean of empty slice.\n"}
,{"stream_name":"stderr","time":3688.299720763,"data":"  return _methods._mean(a, axis=axis, dtype=dtype,\n"}
,{"stream_name":"stderr","time":3688.299728909,"data":"/usr/local/lib/python3.12/dist-packages/numpy/_core/_methods.py:138: RuntimeWarning: invalid value encountered in scalar divide\n"}
,{"stream_name":"stderr","time":3688.299737813,"data":"  ret = ret.dtype.type(ret / rcount)\n"}
,{"stream_name":"stderr","time":3688.300549918,"data":"/kaggle/working/k10/S06/sdalr_PU_final_checkpoint/tools.py:414: RuntimeWarning: Mean of empty slice.\n"}
,{"stream_name":"stderr","time":3688.300563423,"data":"  overall_acc = round(per_class_acc.mean(), 2)\n"}
,{"stream_name":"stderr","time":3688.300569061,"data":"/usr/local/lib/python3.12/dist-packages/numpy/_core/_methods.py:138: RuntimeWarning: invalid value encountered in scalar divide\n"}
,{"stream_name":"stderr","time":3688.300574044,"data":"  ret = ret.dtype.type(ret / rcount)\n"}
,{"stream_name":"stdout","time":3688.300804732,"data":"未过滤\t未用伪标签：72.37% -\u003e 使用伪标签：72.35%\n"}
,{"stream_name":"stdout","time":3688.300830034,"data":"已过滤\t未用伪标签：72.37% -\u003e 使用伪标签：72.35%\n"}
,{"stream_name":"stdout","time":3688.300836889,"data":"排除样本：2000|6000\t剩余：2341, 1659\n"}
,{"stream_name":"stdout","time":3688.300843277,"data":"增添样本：1023\t\t细则：341, 0, 682\t正确率估算：99.90%\n"}
,{"stream_name":"stdout","time":3688.300849577,"data":"类型1 正确率： 100.00% -\u003e 1  100.00%, 2    0.00%, 3    0.00%\n"}
,{"stream_name":"stdout","time":3688.300855343,"data":"类型2 正确率：  67.00% -\u003e 1    0.00%, 2   67.05%, 3   32.95%\n"}
,{"stream_name":"stdout","time":3688.300861362,"data":"类型3 正确率：  50.00% -\u003e 1    0.00%, 2   50.00%, 3   50.00%\n"}
,{"stream_name":"stdout","time":3688.300867126,"data":"\n"}
,{"stream_name":"stdout","time":3688.300872589,"data":"被排除样本 正确率：nan%\n"}
,{"stream_name":"stdout","time":3688.300878202,"data":"\n"}
,{"stream_name":"stdout","time":3688.300883776,"data":"\n"}
,{"stream_name":"stdout","time":3701.989993268,"data":"轮次:·16/·20 || c_Loss:0.385 || e_Loss:-0.989 || Aad_Loss:-31.482 || 耗时：36.65s\n"}
,{"stream_name":"stdout","time":3715.834158352,"data":"轮次:·17/·20 || c_Loss:0.376 || e_Loss:-0.984 || Aad_Loss:-31.947 || 耗时：13.84s\n"}
,{"stream_name":"stdout","time":3729.686925792,"data":"轮次:·18/·20 || c_Loss:0.375 || e_Loss:-0.941 || Aad_Loss:-33.243 || 耗时：13.85s\n"}
,{"stream_name":"stdout","time":3743.540998919,"data":"轮次:·19/·20 || c_Loss:0.373 || e_Loss:-0.997 || Aad_Loss:-32.530 || 耗时：13.85s\n"}
,{"stream_name":"stdout","time":3757.42363854,"data":"轮次:·20/·20 || c_Loss:0.381 || e_Loss:-0.994 || Aad_Loss:-31.413 || 耗时：13.88s\n"}
,{"stream_name":"stdout","time":3764.144841698,"data":"任务: (B2)N15_M07_F10→(B1)N15_M01_F10; mix批次:····0; 批次:·1880/·1880;  总正确率: 72.35%\n"}
,{"stream_name":"stdout","time":3764.144913508,"data":"类型1 正确率： 100.00% -\u003e 1  100.00%, 2    0.00%, 3    0.00%\n"}
,{"stream_name":"stdout","time":3764.144919939,"data":"类型2 正确率：  67.00% -\u003e 1    0.00%, 2   67.05%, 3   32.95%\n"}
,{"stream_name":"stdout","time":3764.14492412,"data":"类型3 正确率：  50.00% -\u003e 1    0.00%, 2   50.00%, 3   50.00%\n"}
,{"stream_name":"stdout","time":3764.144936473,"data":"\n"}
,{"stream_name":"stdout","time":3764.144939493,"data":"\n"}
,{"stream_name":"stdout","time":3770.81883747,"data":"测试集任务: (B2)N15_M07_F10→(B1)N15_M01_F10; 总正确率 = 72.35%\n"}
,{"stream_name":"stdout","time":3770.818872893,"data":"类型1 正确率： 100.00% -\u003e 1  100.00%, 2    0.00%, 3    0.00%\n"}
,{"stream_name":"stdout","time":3770.81889762,"data":"类型2 正确率：  67.00% -\u003e 1    0.00%, 2   67.05%, 3   32.95%\n"}
,{"stream_name":"stdout","time":3770.818904343,"data":"类型3 正确率：  50.00% -\u003e 1    0.00%, 2   50.00%, 3   50.00%\n"}
,{"stream_name":"stdout","time":3770.818910419,"data":"\n"}
,{"stream_name":"stdout","time":3770.818916512,"data":"\n"}
,{"stream_name":"stdout","time":3770.844512766,"data":"[tar_adaptation_RES_PU.py --folder_root /kaggle/working/k10/S06/sdalr_PU_final_checkpoint/DATA_foldS06c --seed 2024 --class_num 3 --data_name PU_M1_L3 --output /kaggle/working/k10/S06/weight_PU_M1_final_checkpoint_FS06toS06c_s2024 --s 1 --t 0 --lr 0.0005 --threshold 0.4 --K 0.6] 386s\n"}
,{"stream_name":"stdout","time":3770.8738824,"data":"读取源域路径：/kaggle/working/k10/S06/weight_PU_M1_final_checkpoint_FS06toS06c_s2024/NEW_PU/Source-源域/log\u0026pt/(B2)N15_M07_F10\n"}
,{"stream_name":"stdout","time":3770.87393495,"data":"excel输出位置：/kaggle/working/k10/S06/weight_PU_M1_final_checkpoint_FS06toS06c_s2024/NEW_PU/Target-目标域\n"}
,{"stream_name":"stdout","time":3770.874335403,"data":"特征图片输出位置：/kaggle/working/k10/S06/weight_PU_M1_final_checkpoint_FS06toS06c_s2024/NEW_PU/Picture-特征图/2026年09月19日04时08分/(B2)N15_M07_F10\n"}
,{"stream_name":"stderr","time":3770.9135765,"data":"/usr/local/lib/python3.12/dist-packages/torch/nn/utils/weight_norm.py:144: FutureWarning: `torch.nn.utils.weight_norm` is deprecated in favor of `torch.nn.utils.parametrizations.weight_norm`.\n"}
,{"stream_name":"stderr","time":3770.913612588,"data":"  WeightNorm.apply(module, name, dim)\n"}
,{"stream_name":"stdout","time":3770.956150751,"data":"现在选取:(B2)N15_M07_F10 进行训练的源模型\n"}
,{"stream_name":"stdout","time":3770.956184184,"data":"现在进行：(B2)N15_M07_F10→(B3)N15_M07_F04 的迁移任务\n"}
,{"stream_name":"stdout","time":3770.956191972,"data":"log\u0026pt输出位置：/kaggle/working/k10/S06/weight_PU_M1_final_checkpoint_FS06toS06c_s2024/NEW_PU/Target-目标域/log\u0026pt/(B2)N15_M07_F10→(B3)N15_M07_F04\n"}
,{"stream_name":"stderr","time":3770.957711154,"data":"sh: 1: Syntax error: word unexpected (expecting \")\")\n"}
,{"stream_name":"stdout","time":3783.006831858,"data":"任务: (B2)N15_M07_F10→(B3)N15_M07_F04; 批次:····0/·1880;  总正确率: 75.77%\n"}
,{"stream_name":"stdout","time":3783.006890008,"data":"类型1 正确率： 100.00% -\u003e 1   99.85%, 2    0.05%, 3    0.10%\n"}
,{"stream_name":"stdout","time":3783.006898907,"data":"类型2 正确率：  77.00% -\u003e 1    0.00%, 2   76.60%, 3   23.40%\n"}
,{"stream_name":"stdout","time":3783.006905124,"data":"类型3 正确率：  51.00% -\u003e 1    0.00%, 2   49.15%, 3   50.85%\n"}
,{"stream_name":"stdout","time":3783.006911531,"data":"\n"}
,{"stream_name":"stdout","time":3783.006919942,"data":"\n"}
,{"stream_name":"stdout","time":3783.007578771,"data":"样本变换：reverse\n"}
,{"stream_name":"stdout","time":3786.497806833,"data":"样本变换：mask\n"}
,{"stream_name":"stdout","time":3790.021844864,"data":"样本变换：shift\n"}
,{"stream_name":"stdout","time":3793.561590202,"data":"样本变换：none\n"}
,{"stream_name":"stdout","time":3799.390311953,"data":"未过滤\t未用伪标签：75.77% -\u003e 使用伪标签：75.42%\n"}
,{"stream_name":"stdout","time":3799.390352438,"data":"已过滤\t未用伪标签：76.19% -\u003e 使用伪标签：76.46%\n"}
,{"stream_name":"stdout","time":3799.390359433,"data":"排除样本：82|6000\t剩余：1997, 2518, 1403\n"}
,{"stream_name":"stdout","time":3799.390365701,"data":"增添样本：1636\t\t细则：521, 0, 1115\t正确率估算：99.76%\n"}
,{"stream_name":"stdout","time":3799.390371859,"data":"类型1 正确率： 100.00% -\u003e 1  100.00%, 2    0.00%, 3    0.00%\n"}
,{"stream_name":"stdout","time":3799.390378077,"data":"类型2 正确率：  79.00% -\u003e 1    0.00%, 2   79.19%, 3   20.81%\n"}
,{"stream_name":"stdout","time":3799.390383511,"data":"类型3 正确率：  50.00% -\u003e 1    0.00%, 2   49.75%, 3   50.25%\n"}
,{"stream_name":"stdout","time":3799.390388367,"data":"\n"}
,{"stream_name":"stdout","time":3799.39039282,"data":"被排除样本 正确率：45.12%\n"}
,{"stream_name":"stdout","time":3799.390397504,"data":"类型1 正确率：  67.00% -\u003e 1   66.67%, 2   33.33%, 3    0.00%\n"}
,{"stream_name":"stdout","time":3799.390402169,"data":"类型2 正确率：  40.00% -\u003e 1    0.00%, 2   39.73%, 3   60.27%\n"}
,{"stream_name":"stdout","time":3799.390406893,"data":"类型3 正确率： 100.00% -\u003e 1    0.00%, 2    0.00%, 3  100.00%\n"}
,{"stream_name":"stdout","time":3799.390411573,"data":"\n"}
,{"stream_name":"stdout","time":3799.390416029,"data":"\n"}
,{"stream_name":"stdout","time":3813.061631322,"data":"轮次:··1/·20 || c_Loss:0.569 || e_Loss:-1.061 || Aad_Loss:-28.754 || 耗时：36.51s\n"}
,{"stream_name":"stdout","time":3826.844700021,"data":"轮次:··2/·20 || c_Loss:0.413 || e_Loss:-1.300 || Aad_Loss:-28.951 || 耗时：13.78s\n"}
,{"stream_name":"stdout","time":3840.684056476,"data":"轮次:··3/·20 || c_Loss:0.349 || e_Loss:-1.277 || Aad_Loss:-30.373 || 耗时：13.84s\n"}
,{"stream_name":"stdout","time":3854.504544289,"data":"轮次:··4/·20 || c_Loss:0.354 || e_Loss:-0.934 || Aad_Loss:-30.129 || 耗时：13.82s\n"}
,{"stream_name":"stdout","time":3868.397473468,"data":"轮次:··5/·20 || c_Loss:0.386 || e_Loss:-0.886 || Aad_Loss:-28.848 || 耗时：13.89s\n"}
,{"stream_name":"stdout","time":3875.076524964,"data":"任务: (B2)N15_M07_F10→(B3)N15_M07_F04; mix批次:····0; 批次:··470/·1880;  总正确率: 75.75%\n"}
,{"stream_name":"stdout","time":3875.076558794,"data":"类型1 正确率： 100.00% -\u003e 1  100.00%, 2    0.00%, 3    0.00%\n"}
,{"stream_name":"stdout","time":3875.076564505,"data":"类型2 正确率：  77.00% -\u003e 1    0.00%, 2   77.25%, 3   22.75%\n"}
,{"stream_name":"stdout","time":3875.076583565,"data":"类型3 正确率：  50.00% -\u003e 1    0.00%, 2   50.00%, 3   50.00%\n"}
,{"stream_name":"stdout","time":3875.076589911,"data":"\n"}
,{"stream_name":"stdout","time":3875.076595511,"data":"\n"}
,{"stream_name":"stdout","time":3875.110941541,"data":"样本变换：reverse\n"}
,{"stream_name":"stdout","time":3878.655860272,"data":"样本变换：mask\n"}
,{"stream_name":"stdout","time":3882.210818947,"data":"样本变换：shift\n"}
,{"stream_name":"stdout","time":3885.746788317,"data":"样本变换：none\n"}
,{"stream_name":"stderr","time":3891.480210013,"data":"/kaggle/working/k10/S06/sdalr_PU_final_checkpoint/tools.py:413: RuntimeWarning: invalid value encountered in divide\n"}
,{"stream_name":"stderr","time":3891.480259928,"data":"  per_class_acc = conf_matrix.diagonal() / conf_matrix.sum(axis=1) * 100\n"}
,{"stream_name":"stdout","time":3891.480443536,"data":"未过滤\t未用伪标签：75.75% -\u003e 使用伪标签：74.27%\n"}
,{"stream_name":"stdout","time":3891.480453744,"data":"已过滤\t未用伪标签：75.70% -\u003e 使用伪标签：74.58%\n"}
,{"stream_name":"stdout","time":3891.480457941,"data":"排除样本：25|6000\t剩余：2000, 2456, 1519\n"}
,{"stream_name":"stdout","time":3891.480461828,"data":"增添样本：1393\t\t细则：456, 0, 937\t正确率估算：97.06%\n"}
,{"stream_name":"stdout","time":3891.480465823,"data":"类型1 正确率： 100.00% -\u003e 1  100.00%, 2    0.00%, 3    0.00%\n"}
,{"stream_name":"stdout","time":3891.480469526,"data":"类型2 正确率：  74.00% -\u003e 1    0.00%, 2   73.72%, 3   26.28%\n"}
,{"stream_name":"stdout","time":3891.480472828,"data":"类型3 正确率：  50.00% -\u003e 1    0.00%, 2   50.00%, 3   50.00%\n"}
,{"stream_name":"stdout","time":3891.480476557,"data":"\n"}
,{"stream_name":"stdout","time":3891.480479954,"data":"被排除样本 正确率：88.00%\n"}
,{"stream_name":"stdout","time":3891.480483564,"data":"类型1 正确率：  88.00% -\u003e 1   88.00%, 2   12.00%\n"}
,{"stream_name":"stdout","time":3891.480487355,"data":"类型2 没有样本或未被分类。\n"}
,{"stream_name":"stdout","time":3891.480494764,"data":"\n"}
,{"stream_name":"stdout","time":3891.480497276,"data":"\n"}
,{"stream_name":"stdout","time":3905.168890909,"data":"轮次:··6/·20 || c_Loss:0.416 || e_Loss:-0.816 || Aad_Loss:-33.319 || 耗时：36.77s\n"}
,{"stream_name":"stdout","time":3918.94735898,"data":"轮次:··7/·20 || c_Loss:0.377 || e_Loss:-0.915 || Aad_Loss:-32.220 || 耗时：13.78s\n"}
,{"stream_name":"stdout","time":3932.734095449,"data":"轮次:··8/·20 || c_Loss:0.402 || e_Loss:-1.800 || Aad_Loss:-29.272 || 耗时：13.79s\n"}
,{"stream_name":"stdout","time":3946.518077384,"data":"轮次:··9/·20 || c_Loss:0.364 || e_Loss:-1.002 || Aad_Loss:-30.665 || 耗时：13.78s\n"}
,{"stream_name":"stdout","time":3960.30990843,"data":"轮次:·10/·20 || c_Loss:0.365 || e_Loss:-0.924 || Aad_Loss:-32.897 || 耗时：13.79s\n"}
,{"stream_name":"stdout","time":3966.986567804,"data":"任务: (B2)N15_M07_F10→(B3)N15_M07_F04; mix批次:····0; 批次:··940/·1880;  总正确率: 73.75%\n"}
,{"stream_name":"stdout","time":3966.986617027,"data":"类型1 正确率： 100.00% -\u003e 1  100.00%, 2    0.00%, 3    0.00%\n"}
,{"stream_name":"stdout","time":3966.986624556,"data":"类型2 正确率：  71.00% -\u003e 1    0.00%, 2   71.25%, 3   28.75%\n"}
,{"stream_name":"stdout","time":3966.98663033,"data":"类型3 正确率：  50.00% -\u003e 1    0.00%, 2   50.00%, 3   50.00%\n"}
,{"stream_name":"stdout","time":3966.986635872,"data":"\n"}
,{"stream_name":"stdout","time":3966.986641024,"data":"\n"}
,{"stream_name":"stdout","time":3967.038058307,"data":"样本变换：reverse\n"}
,{"stream_name":"stdout","time":3970.558111643,"data":"样本变换：mask\n"}
,{"stream_name":"stdout","time":3974.148705414,"data":"样本变换：shift\n"}
,{"stream_name":"stdout","time":3977.709354071,"data":"样本变换：none\n"}
,{"stream_name":"stderr","time":3983.250022532,"data":"/usr/local/lib/python3.12/dist-packages/sklearn/metrics/_classification.py:407: UserWarning: A single label was found in 'y_true' and 'y_pred'. For the confusion matrix to have the correct shape, use the 'labels' parameter to pass all known labels.\n"}
,{"stream_name":"stderr","time":3983.250097459,"data":"  warnings.warn(\n"}
,{"stream_name":"stdout","time":3983.250161481,"data":"未过滤\t未用伪标签：73.75% -\u003e 使用伪标签：72.97%\n"}
,{"stream_name":"stdout","time":3983.250172817,"data":"已过滤\t未用伪标签：73.69% -\u003e 使用伪标签：73.13%\n"}
,{"stream_name":"stdout","time":3983.250233642,"data":"排除样本：13|6000\t剩余：2000, 2378, 1609\n"}
,{"stream_name":"stdout","time":3983.250242892,"data":"增添样本：1147\t\t细则：378, 0, 769\t正确率估算：99.13%\n"}
,{"stream_name":"stdout","time":3983.250246127,"data":"类型1 正确率： 100.00% -\u003e 1  100.00%, 2    0.00%, 3    0.00%\n"}
,{"stream_name":"stdout","time":3983.250248957,"data":"类型2 正确率：  69.00% -\u003e 1    0.00%, 2   69.35%, 3   30.65%\n"}
,{"stream_name":"stdout","time":3983.250251642,"data":"类型3 正确率：  50.00% -\u003e 1    0.00%, 2   50.00%, 3   50.00%\n"}
,{"stream_name":"stdout","time":3983.250254471,"data":"\n"}
,{"stream_name":"stdout","time":3983.250256977,"data":"被排除样本 正确率：100.00%\n"}
,{"stream_name":"stdout","time":3983.250259672,"data":"类型1 正确率： 100.00% -\u003e 1  100.00%\n"}
,{"stream_name":"stdout","time":3983.25026233,"data":"\n"}
,{"stream_name":"stdout","time":3983.250264958,"data":"\n"}
,{"stream_name":"stdout","time":3996.949552451,"data":"轮次:·11/·20 || c_Loss:0.364 || e_Loss:-0.987 || Aad_Loss:-31.745 || 耗时：36.64s\n"}
,{"stream_name":"stdout","time":4010.768207044,"data":"轮次:·12/·20 || c_Loss:0.374 || e_Loss:-0.973 || Aad_Loss:-31.141 || 耗时：13.82s\n"}
,{"stream_name":"stdout","time":4024.603850448,"data":"轮次:·13/·20 || c_Loss:0.374 || e_Loss:-0.999 || Aad_Loss:-30.823 || 耗时：13.84s\n"}
,{"stream_name":"stdout","time":4038.448001546,"data":"轮次:·14/·20 || c_Loss:0.404 || e_Loss:-0.919 || Aad_Loss:-32.631 || 耗时：13.84s\n"}
,{"stream_name":"stdout","time":4052.332637379,"data":"轮次:·15/·20 || c_Loss:0.375 || e_Loss:-0.970 || Aad_Loss:-31.835 || 耗时：13.88s\n"}
,{"stream_name":"stdout","time":4059.035922514,"data":"任务: (B2)N15_M07_F10→(B3)N15_M07_F04; mix批次:····0; 批次:·1410/·1880;  总正确率: 72.85%\n"}
,{"stream_name":"stdout","time":4059.035967455,"data":"类型1 正确率： 100.00% -\u003e 1  100.00%, 2    0.00%, 3    0.00%\n"}
,{"stream_name":"stdout","time":4059.035973059,"data":"类型2 正确率：  69.00% -\u003e 1    0.00%, 2   68.55%, 3   31.45%\n"}
,{"stream_name":"stdout","time":4059.035976699,"data":"类型3 正确率：  50.00% -\u003e 1    0.00%, 2   50.00%, 3   50.00%\n"}
,{"stream_name":"stdout","time":4059.035980465,"data":"\n"}
,{"stream_name":"stdout","time":4059.035983669,"data":"\n"}
,{"stream_name":"stdout","time":4059.081474014,"data":"样本变换：reverse\n"}
,{"stream_name":"stdout","time":4062.647837848,"data":"样本变换：mask\n"}
,{"stream_name":"stdout","time":4066.204829222,"data":"样本变换：shift\n"}
,{"stream_name":"stdout","time":4069.739802137,"data":"样本变换：none\n"}
,{"stream_name":"stderr","time":4075.287777666,"data":"/usr/local/lib/python3.12/dist-packages/sklearn/metrics/_classification.py:407: UserWarning: A single label was found in 'y_true' and 'y_pred'. For the confusion matrix to have the correct shape, use the 'labels' parameter to pass all known labels.\n"}
,{"stream_name":"stderr","time":4075.287841636,"data":"  warnings.warn(\n"}
,{"stream_name":"stdout","time":4075.287992945,"data":"未过滤\t未用伪标签：72.85% -\u003e 使用伪标签：72.60%\n"}
,{"stream_name":"stdout","time":4075.288006473,"data":"已过滤\t未用伪标签：72.82% -\u003e 使用伪标签：72.67%\n"}
,{"stream_name":"stdout","time":4075.288012001,"data":"排除样本：6|6000\t剩余：2000, 2356, 1638\n"}
,{"stream_name":"stdout","time":4075.288034452,"data":"增添样本：1074\t\t细则：356, 0, 718\t正确率估算：99.81%\n"}
,{"stream_name":"stdout","time":4075.288037798,"data":"类型1 正确率： 100.00% -\u003e 1  100.00%, 2    0.00%, 3    0.00%\n"}
,{"stream_name":"stdout","time":4075.2880405,"data":"类型2 正确率：  68.00% -\u003e 1    0.00%, 2   68.00%, 3   32.00%\n"}
,{"stream_name":"stdout","time":4075.28804309,"data":"类型3 正确率：  50.00% -\u003e 1    0.00%, 2   50.00%, 3   50.00%\n"}
,{"stream_name":"stdout","time":4075.288045645,"data":"\n"}
,{"stream_name":"stdout","time":4075.288048497,"data":"被排除样本 正确率：100.00%\n"}
,{"stream_name":"stdout","time":4075.288050993,"data":"类型1 正确率： 100.00% -\u003e 1  100.00%\n"}
,{"stream_name":"stdout","time":4075.288053696,"data":"\n"}
,{"stream_name":"stdout","time":4075.288067165,"data":"\n"}
,{"stream_name":"stdout","time":4088.982905306,"data":"轮次:·16/·20 || c_Loss:0.368 || e_Loss:-0.995 || Aad_Loss:-31.432 || 耗时：36.65s\n"}
,{"stream_name":"stdout","time":4102.75510344,"data":"轮次:·17/·20 || c_Loss:0.376 || e_Loss:-1.884 || Aad_Loss:-31.916 || 耗时：13.77s\n"}
,{"stream_name":"stdout","time":4116.514947305,"data":"轮次:·18/·20 || c_Loss:0.371 || e_Loss:-0.993 || Aad_Loss:-31.441 || 耗时：13.76s\n"}
,{"stream_name":"stdout","time":4130.271404818,"data":"轮次:·19/·20 || c_Loss:0.374 || e_Loss:-1.000 || Aad_Loss:-31.225 || 耗时：13.76s\n"}
,{"stream_name":"stdout","time":4144.0153181,"data":"轮次:·20/·20 || c_Loss:0.377 || e_Loss:-1.014 || Aad_Loss:-30.945 || 耗时：13.74s\n"}
,{"stream_name":"stdout","time":4150.626775588,"data":"任务: (B2)N15_M07_F10→(B3)N15_M07_F04; mix批次:····0; 批次:·1880/·1880;  总正确率: 72.47%\n"}
,{"stream_name":"stdout","time":4150.626834051,"data":"类型1 正确率： 100.00% -\u003e 1  100.00%, 2    0.00%, 3    0.00%\n"}
,{"stream_name":"stdout","time":4150.626842507,"data":"类型2 正确率：  67.00% -\u003e 1    0.00%, 2   67.40%, 3   32.60%\n"}
,{"stream_name":"stdout","time":4150.626847384,"data":"类型3 正确率：  50.00% -\u003e 1    0.00%, 2   50.00%, 3   50.00%\n"}
,{"stream_name":"stdout","time":4150.62685229,"data":"\n"}
,{"stream_name":"stdout","time":4150.62685655,"data":"\n"}
,{"stream_name":"stdout","time":4157.21862353,"data":"测试集任务: (B2)N15_M07_F10→(B3)N15_M07_F04; 总正确率 = 72.47%\n"}
,{"stream_name":"stdout","time":4157.21866491,"data":"类型1 正确率： 100.00% -\u003e 1  100.00%, 2    0.00%, 3    0.00%\n"}
,{"stream_name":"stdout","time":4157.218672356,"data":"类型2 正确率：  67.00% -\u003e 1    0.00%, 2   67.40%, 3   32.60%\n"}
,{"stream_name":"stdout","time":4157.218678714,"data":"类型3 正确率：  50.00% -\u003e 1    0.00%, 2   50.00%, 3   50.00%\n"}
,{"stream_name":"stdout","time":4157.218684863,"data":"\n"}
,{"stream_name":"stdout","time":4157.218690885,"data":"\n"}
,{"stream_name":"stdout","time":4157.247102943,"data":"[tar_adaptation_RES_PU.py --folder_root /kaggle/working/k10/S06/sdalr_PU_final_checkpoint/DATA_foldS06c --seed 2024 --class_num 3 --data_name PU_M1_L3 --output /kaggle/working/k10/S06/weight_PU_M1_final_checkpoint_FS06toS06c_s2024 --s 1 --t 2 --lr 0.0005 --threshold 0.4 --K 0.6] 386s\n"}
,{"stream_name":"stdout","time":4157.275552995,"data":"读取源域路径：/kaggle/working/k10/S06/weight_PU_M1_final_checkpoint_FS06toS06c_s2024/NEW_PU/Source-源域/log\u0026pt/(B3)N15_M07_F04\n"}
,{"stream_name":"stdout","time":4157.275584328,"data":"excel输出位置：/kaggle/working/k10/S06/weight_PU_M1_final_checkpoint_FS06toS06c_s2024/NEW_PU/Target-目标域\n"}
,{"stream_name":"stdout","time":4157.275590926,"data":"特征图片输出位置：/kaggle/working/k10/S06/weight_PU_M1_final_checkpoint_FS06toS06c_s2024/NEW_PU/Picture-特征图/2026年09月19日04时14分/(B3)N15_M07_F04\n"}
,{"stream_name":"stderr","time":4157.31480685,"data":"/usr/local/lib/python3.12/dist-packages/torch/nn/utils/weight_norm.py:144: FutureWarning: `torch.nn.utils.weight_norm` is deprecated in favor of `torch.nn.utils.parametrizations.weight_norm`.\n"}
,{"stream_name":"stderr","time":4157.314842833,"data":"  WeightNorm.apply(module, name, dim)\n"}
,{"stream_name":"stdout","time":4157.359673215,"data":"现在选取:(B3)N15_M07_F04 进行训练的源模型\n"}
,{"stream_name":"stdout","time":4157.359701815,"data":"现在进行：(B3)N15_M07_F04→(B1)N15_M01_F10 的迁移任务\n"}
,{"stream_name":"stdout","time":4157.359721884,"data":"log\u0026pt输出位置：/kaggle/working/k10/S06/weight_PU_M1_final_checkpoint_FS06toS06c_s2024/NEW_PU/Target-目标域/log\u0026pt/(B3)N15_M07_F04→(B1)N15_M01_F10\n"}
,{"stream_name":"stderr","time":4157.361252754,"data":"sh: 1: Syntax error: word unexpected (expecting \")\")\n"}
,{"stream_name":"stdout","time":4169.307042397,"data":"任务: (B3)N15_M07_F04→(B1)N15_M01_F10; 批次:····0/·1880;  总正确率: 53.65%\n"}
,{"stream_name":"stdout","time":4169.307081283,"data":"类型1 正确率：  84.00% -\u003e 1   84.00%, 2    0.25%, 3   15.75%\n"}
,{"stream_name":"stdout","time":4169.307089156,"data":"类型2 正确率：  43.00% -\u003e 1    0.00%, 2   43.15%, 3   56.85%\n"}
,{"stream_name":"stdout","time":4169.307095009,"data":"类型3 正确率：  34.00% -\u003e 1    0.00%, 2   66.20%, 3   33.80%\n"}
,{"stream_name":"stdout","time":4169.307101206,"data":"\n"}
,{"stream_name":"stdout","time":4169.307106475,"data":"\n"}
,{"stream_name":"stdout","time":4169.30778286,"data":"样本变换：reverse\n"}
,{"stream_name":"stdout","time":4172.804433291,"data":"样本变换：mask\n"}
,{"stream_name":"stdout","time":4176.335833194,"data":"样本变换：shift\n"}
,{"stream_name":"stdout","time":4179.844887491,"data":"样本变换：none\n"}
,{"stream_name":"stdout","time":4185.261615283,"data":"未过滤\t未用伪标签：53.65% -\u003e 使用伪标签：59.62%\n"}
,{"stream_name":"stdout","time":4185.261658198,"data":"已过滤\t未用伪标签：53.73% -\u003e 使用伪标签：60.82%\n"}
,{"stream_name":"stdout","time":4185.261664678,"data":"排除样本：119|6000\t剩余：1972, 1645, 2264\n"}
,{"stream_name":"stdout","time":4185.261696802,"data":"增添样本：911\t\t细则：292, 619, 0\t正确率估算：73.87%\n"}
,{"stream_name":"stdout","time":4185.261702385,"data":"类型1 正确率：  99.00% -\u003e 1   99.05%, 2    0.00%, 3    0.95%\n"}
,{"stream_name":"stdout","time":4185.261707686,"data":"类型2 正确率：  33.00% -\u003e 1    0.00%, 2   33.19%, 3   66.81%\n"}
,{"stream_name":"stdout","time":4185.261713228,"data":"类型3 正确率：  49.00% -\u003e 1    0.00%, 2   51.01%, 3   48.99%\n"}
,{"stream_name":"stdout","time":4185.261718692,"data":"\n"}
,{"stream_name":"stdout","time":4185.261723457,"data":"被排除样本 正确率：49.58%\n"}
,{"stream_name":"stdout","time":4185.261728194,"data":"类型1 正确率：   0.00% -\u003e 1    0.00%, 2    0.00%, 3  100.00%\n"}
,{"stream_name":"stdout","time":4185.261733366,"data":"类型2 正确率：  61.00% -\u003e 1    0.00%, 2   61.46%, 3   38.54%\n"}
,{"stream_name":"stdout","time":4185.261738169,"data":"类型3 正确率：   0.00% -\u003e 1    0.00%, 2  100.00%, 3    0.00%\n"}
,{"stream_name":"stdout","time":4185.261742992,"data":"\n"}
,{"stream_name":"stdout","time":4185.261749204,"data":"\n"}
,{"stream_name":"stdout","time":4198.988777484,"data":"轮次:··1/·20 || c_Loss:0.442 || e_Loss:-1.031 || Aad_Loss:-28.641 || 耗时：36.11s\n"}
,{"stream_name":"stdout","time":4212.91666111,"data":"轮次:··2/·20 || c_Loss:0.543 || e_Loss:-0.747 || Aad_Loss:-23.515 || 耗时：13.93s\n"}
,{"stream_name":"stdout","time":4226.852704542,"data":"轮次:··3/·20 || c_Loss:0.370 || e_Loss:-0.924 || Aad_Loss:-30.479 || 耗时：13.94s\n"}
,{"stream_name":"stdout","time":4240.791536701,"data":"轮次:··4/·20 || c_Loss:0.378 || e_Loss:-1.295 || Aad_Loss:-28.496 || 耗时：13.94s\n"}
,{"stream_name":"stdout","time":4254.680732,"data":"轮次:··5/·20 || c_Loss:0.342 || e_Loss:-1.430 || Aad_Loss:-28.406 || 耗时：13.89s\n"}
,{"stream_name":"stdout","time":4261.372334715,"data":"任务: (B3)N15_M07_F04→(B1)N15_M01_F10; mix批次:····0; 批次:··470/·1880;  总正确率: 60.98%\n"}
,{"stream_name":"stdout","time":4261.372379128,"data":"类型1 正确率： 100.00% -\u003e 1  100.00%, 2    0.00%, 3    0.00%\n"}
,{"stream_name":"stdout","time":4261.372385133,"data":"类型2 正确率：  33.00% -\u003e 1    0.00%, 2   32.95%, 3   67.05%\n"}
,{"stream_name":"stdout","time":4261.372388813,"data":"类型3 正确率：  50.00% -\u003e 1    0.00%, 2   50.00%, 3   50.00%\n"}
,{"stream_name":"stdout","time":4261.372392381,"data":"\n"}
,{"stream_name":"stdout","time":4261.372395787,"data":"\n"}
,{"stream_name":"stdout","time":4261.40693323,"data":"样本变换：reverse\n"}
,{"stream_name":"stdout","time":4264.947820087,"data":"样本变换：mask\n"}
,{"stream_name":"stdout","time":4268.510320897,"data":"样本变换：shift\n"}
,{"stream_name":"stdout","time":4272.051820869,"data":"样本变换：none\n"}
,{"stream_name":"stderr","time":4277.547038262,"data":"/usr/local/lib/python3.12/dist-packages/sklearn/metrics/_classification.py:407: UserWarning: A single label was found in 'y_true' and 'y_pred'. For the confusion matrix to have the correct shape, use the 'labels' parameter to pass all known labels.\n"}
,{"stream_name":"stderr","time":4277.547072957,"data":"  warnings.warn(\n"}
,{"stream_name":"stdout","time":4277.54710198,"data":"未过滤\t未用伪标签：60.98% -\u003e 使用伪标签：60.95%\n"}
,{"stream_name":"stdout","time":4277.547110104,"data":"已过滤\t未用伪标签：60.98% -\u003e 使用伪标签：60.96%\n"}
,{"stream_name":"stdout","time":4277.547115422,"data":"排除样本：1|6000\t剩余：2000, 1657, 2342\n"}
,{"stream_name":"stdout","time":4277.547120963,"data":"增添样本：1027\t\t细则：342, 685, 0\t正确率估算：100.00%\n"}
,{"stream_name":"stdout","time":4277.547126515,"data":"类型1 正确率： 100.00% -\u003e 1  100.00%, 2    0.00%, 3    0.00%\n"}
,{"stream_name":"stdout","time":4277.547131934,"data":"类型2 正确率：  33.00% -\u003e 1    0.00%, 2   32.87%, 3   67.13%\n"}
,{"stream_name":"stdout","time":4277.547137717,"data":"类型3 正确率：  50.00% -\u003e 1    0.00%, 2   50.00%, 3   50.00%\n"}
,{"stream_name":"stdout","time":4277.547142767,"data":"\n"}
,{"stream_name":"stdout","time":4277.547147621,"data":"被排除样本 正确率：100.00%\n"}
,{"stream_name":"stdout","time":4277.547152943,"data":"类型1 正确率： 100.00% -\u003e 1  100.00%\n"}
,{"stream_name":"stdout","time":4277.547158126,"data":"\n"}
,{"stream_name":"stdout","time":4277.547163164,"data":"\n"}
,{"stream_name":"stdout","time":4291.227885262,"data":"轮次:··6/·20 || c_Loss:0.368 || e_Loss:-0.974 || Aad_Loss:-30.757 || 耗时：36.55s\n"}
,{"stream_name":"stdout","time":4304.98807272,"data":"轮次:··7/·20 || c_Loss:0.375 || e_Loss:-0.946 || Aad_Loss:-30.571 || 耗时：13.76s\n"}
,{"stream_name":"stdout","time":4318.778150422,"data":"轮次:··8/·20 || c_Loss:0.378 || e_Loss:-0.996 || Aad_Loss:-30.148 || 耗时：13.79s\n"}
,{"stream_name":"stdout","time":4332.583503931,"data":"轮次:··9/·20 || c_Loss:0.374 || e_Loss:-0.986 || Aad_Loss:-31.790 || 耗时：13.81s\n"}
,{"stream_name":"stdout","time":4346.376601724,"data":"轮次:·10/·20 || c_Loss:0.378 || e_Loss:-1.008 || Aad_Loss:-30.796 || 耗时：13.79s\n"}
,{"stream_name":"stdout","time":4353.024500515,"data":"任务: (B3)N15_M07_F04→(B1)N15_M01_F10; mix批次:····0; 批次:··940/·1880;  总正确率: 60.95%\n"}
,{"stream_name":"stdout","time":4353.024566051,"data":"类型1 正确率： 100.00% -\u003e 1  100.00%, 2    0.00%, 3    0.00%\n"}
,{"stream_name":"stdout","time":4353.024573124,"data":"类型2 正确率：  33.00% -\u003e 1    0.00%, 2   32.85%, 3   67.15%\n"}
,{"stream_name":"stdout","time":4353.024578172,"data":"类型3 正确率：  50.00% -\u003e 1    0.00%, 2   50.00%, 3   50.00%\n"}
,{"stream_name":"stdout","time":4353.024583125,"data":"\n"}
,{"stream_name":"stdout","time":4353.024591249,"data":"\n"}
,{"stream_name":"stdout","time":4353.06995316,"data":"样本变换：reverse\n"}
,{"stream_name":"stdout","time":4356.594819482,"data":"样本变换：mask\n"}
,{"stream_name":"stdout","time":4360.152851263,"data":"样本变换：shift\n"}
,{"stream_name":"stdout","time":4363.705796794,"data":"样本变换：none\n"}
,{"stream_name":"stderr","time":4369.174627532,"data":"/kaggle/working/k10/S06/sdalr_PU_final_checkpoint/tools.py:413: RuntimeWarning: invalid value encountered in divide\n"}
,{"stream_name":"stderr","time":4369.174683425,"data":"  per_class_acc = conf_matrix.diagonal() / conf_matrix.sum(axis=1) * 100\n"}
,{"stream_name":"stdout","time":4369.174870646,"data":"未过滤\t未用伪标签：60.95% -\u003e 使用伪标签：60.97%\n"}
,{"stream_name":"stdout","time":4369.174886654,"data":"已过滤\t未用伪标签：60.96% -\u003e 使用伪标签：60.98%\n"}
,{"stream_name":"stdout","time":4369.174892277,"data":"排除样本：1|6000\t剩余：2000, 1658, 2341\n"}
,{"stream_name":"stdout","time":4369.174897773,"data":"增添样本：1024\t\t细则：341, 683, 0\t正确率估算：100.00%\n"}
,{"stream_name":"stdout","time":4369.174903371,"data":"类型1 正确率： 100.00% -\u003e 1  100.00%, 2    0.00%, 3    0.00%\n"}
,{"stream_name":"stdout","time":4369.174908629,"data":"类型2 正确率：  33.00% -\u003e 1    0.00%, 2   32.92%, 3   67.08%\n"}
,{"stream_name":"stdout","time":4369.174914601,"data":"类型3 正确率：  50.00% -\u003e 1    0.00%, 2   50.00%, 3   50.00%\n"}
,{"stream_name":"stdout","time":4369.174919477,"data":"\n"}
,{"stream_name":"stdout","time":4369.174923958,"data":"被排除样本 正确率：0.00%\n"}
,{"stream_name":"stdout","time":4369.174928608,"data":"类型1 正确率：   0.00% -\u003e 1    0.00%, 2  100.00%\n"}
,{"stream_name":"stdout","time":4369.174933391,"data":"类型2 没有样本或未被分类。\n"}
,{"stream_name":"stdout","time":4369.174938445,"data":"\n"}
,{"stream_name":"stdout","time":4369.174948373,"data":"\n"}
,{"stream_name":"stdout","time":4382.857971412,"data":"轮次:·11/·20 || c_Loss:0.382 || e_Loss:-1.003 || Aad_Loss:-30.640 || 耗时：36.48s\n"}
,{"stream_name":"stdout","time":4396.651231127,"data":"轮次:·12/·20 || c_Loss:0.380 || e_Loss:-1.009 || Aad_Loss:-30.730 || 耗时：13.79s\n"}
,{"stream_name":"stdout","time":4410.481439193,"data":"轮次:·13/·20 || c_Loss:0.390 || e_Loss:-0.962 || Aad_Loss:-31.887 || 耗时：13.83s\n"}
,{"stream_name":"stdout","time":4424.354677842,"data":"轮次:·14/·20 || c_Loss:0.383 || e_Loss:-0.993 || Aad_Loss:-30.907 || 耗时：13.87s\n"}
,{"stream_name":"stdout","time":4438.226843716,"data":"轮次:·15/·20 || c_Loss:0.380 || e_Loss:-0.940 || Aad_Loss:-32.653 || 耗时：13.87s\n"}
,{"stream_name":"stdout","time":4444.924533667,"data":"任务: (B3)N15_M07_F04→(B1)N15_M01_F10; mix批次:····0; 批次:·1410/·1880;  总正确率: 61.00%\n"}
,{"stream_name":"stdout","time":4444.924589976,"data":"类型1 正确率： 100.00% -\u003e 1  100.00%, 2    0.00%, 3    0.00%\n"}
,{"stream_name":"stdout","time":4444.924599055,"data":"类型2 正确率：  33.00% -\u003e 1    0.00%, 2   33.00%, 3   67.00%\n"}
,{"stream_name":"stdout","time":4444.924605553,"data":"类型3 正确率：  50.00% -\u003e 1    0.00%, 2   50.00%, 3   50.00%\n"}
,{"stream_name":"stdout","time":4444.924611359,"data":"\n"}
,{"stream_name":"stdout","time":4444.924616168,"data":"\n"}
,{"stream_name":"stdout","time":4444.968016249,"data":"样本变换：reverse\n"}
,{"stream_name":"stdout","time":4448.534852364,"data":"样本变换：mask\n"}
,{"stream_name":"stdout","time":4452.124803146,"data":"样本变换：shift\n"}
,{"stream_name":"stdout","time":4455.668820891,"data":"样本变换：none\n"}
,{"stream_name":"stderr","time":4461.111794727,"data":"/usr/local/lib/python3.12/dist-packages/sklearn/metrics/_classification.py:407: UserWarning: A single label was found in 'y_true' and 'y_pred'. For the confusion matrix to have the correct shape, use the 'labels' parameter to pass all known labels.\n"}
,{"stream_name":"stderr","time":4461.1118449,"data":"  warnings.warn(\n"}
,{"stream_name":"stdout","time":4461.111922454,"data":"未过滤\t未用伪标签：61.00% -\u003e 使用伪标签：60.98%\n"}
,{"stream_name":"stdout","time":4461.111933094,"data":"已过滤\t未用伪标签：60.99% -\u003e 使用伪标签：60.99%\n"}
,{"stream_name":"stdout","time":4461.111938522,"data":"排除样本：1|6000\t剩余：2000, 1659, 2340\n"}
,{"stream_name":"stdout","time":4461.111943415,"data":"增添样本：1021\t\t细则：340, 681, 0\t正确率估算：100.00%\n"}
,{"stream_name":"stdout","time":4461.111948452,"data":"类型1 正确率： 100.00% -\u003e 1  100.00%, 2    0.00%, 3    0.00%\n"}
,{"stream_name":"stdout","time":4461.111953426,"data":"类型2 正确率：  33.00% -\u003e 1    0.00%, 2   32.97%, 3   67.03%\n"}
,{"stream_name":"stdout","time":4461.111958266,"data":"类型3 正确率：  50.00% -\u003e 1    0.00%, 2   50.00%, 3   50.00%\n"}
,{"stream_name":"stdout","time":4461.111967064,"data":"\n"}
,{"stream_name":"stdout","time":4461.111970522,"data":"被排除样本 正确率：100.00%\n"}
,{"stream_name":"stdout","time":4461.111973766,"data":"类型1 正确率： 100.00% -\u003e 1  100.00%\n"}
,{"stream_name":"stdout","time":4461.111977528,"data":"\n"}
,{"stream_name":"stdout","time":4461.11199773,"data":"\n"}
,{"stream_name":"stdout","time":4474.729778375,"data":"轮次:·16/·20 || c_Loss:0.391 || e_Loss:-0.988 || Aad_Loss:-30.668 || 耗时：36.50s\n"}
,{"stream_name":"stdout","time":4488.473459236,"data":"轮次:·17/·20 || c_Loss:0.374 || e_Loss:-0.963 || Aad_Loss:-32.776 || 耗时：13.74s\n"}
,{"stream_name":"stdout","time":4502.252371501,"data":"轮次:·18/·20 || c_Loss:0.386 || e_Loss:-0.996 || Aad_Loss:-31.248 || 耗时：13.78s\n"}
,{"stream_name":"stdout","time":4516.056234919,"data":"轮次:·19/·20 || c_Loss:0.381 || e_Loss:-1.015 || Aad_Loss:-30.842 || 耗时：13.80s\n"}
,{"stream_name":"stdout","time":4529.85909356,"data":"轮次:·20/·20 || c_Loss:0.376 || e_Loss:-1.008 || Aad_Loss:-31.607 || 耗时：13.80s\n"}
,{"stream_name":"stdout","time":4536.549397943,"data":"任务: (B3)N15_M07_F04→(B1)N15_M01_F10; mix批次:····0; 批次:·1880/·1880;  总正确率: 60.97%\n"}
,{"stream_name":"stdout","time":4536.549467088,"data":"类型1 正确率： 100.00% -\u003e 1  100.00%, 2    0.00%, 3    0.00%\n"}
,{"stream_name":"stdout","time":4536.549502627,"data":"类型2 正确率：  33.00% -\u003e 1    0.00%, 2   32.90%, 3   67.10%\n"}
,{"stream_name":"stdout","time":4536.549507859,"data":"类型3 正确率：  50.00% -\u003e 1    0.00%, 2   50.00%, 3   50.00%\n"}
,{"stream_name":"stdout","time":4536.549511688,"data":"\n"}
,{"stream_name":"stdout","time":4536.549514987,"data":"\n"}
,{"stream_name":"stdout","time":4543.190141823,"data":"测试集任务: (B3)N15_M07_F04→(B1)N15_M01_F10; 总正确率 = 60.97%\n"}
,{"stream_name":"stdout","time":4543.19017586,"data":"类型1 正确率： 100.00% -\u003e 1  100.00%, 2    0.00%, 3    0.00%\n"}
,{"stream_name":"stdout","time":4543.190181881,"data":"类型2 正确率：  33.00% -\u003e 1    0.00%, 2   32.90%, 3   67.10%\n"}
,{"stream_name":"stdout","time":4543.19018653,"data":"类型3 正确率：  50.00% -\u003e 1    0.00%, 2   50.00%, 3   50.00%\n"}
,{"stream_name":"stdout","time":4543.190191148,"data":"\n"}
,{"stream_name":"stdout","time":4543.190195091,"data":"\n"}
,{"stream_name":"stdout","time":4543.217467429,"data":"[tar_adaptation_RES_PU.py --folder_root /kaggle/working/k10/S06/sdalr_PU_final_checkpoint/DATA_foldS06c --seed 2024 --class_num 3 --data_name PU_M1_L3 --output /kaggle/working/k10/S06/weight_PU_M1_final_checkpoint_FS06toS06c_s2024 --s 2 --t 0 --lr 0.0005 --threshold 0.4 --K 0.6] 386s\n"}
,{"stream_name":"stdout","time":4543.245811527,"data":"读取源域路径：/kaggle/working/k10/S06/weight_PU_M1_final_checkpoint_FS06toS06c_s2024/NEW_PU/Source-源域/log\u0026pt/(B3)N15_M07_F04\n"}
,{"stream_name":"stdout","time":4543.245839329,"data":"excel输出位置：/kaggle/working/k10/S06/weight_PU_M1_final_checkpoint_FS06toS06c_s2024/NEW_PU/Target-目标域\n"}
,{"stream_name":"stdout","time":4543.245844074,"data":"特征图片输出位置：/kaggle/working/k10/S06/weight_PU_M1_final_checkpoint_FS06toS06c_s2024/NEW_PU/Picture-特征图/2026年09月19日04时20分/(B3)N15_M07_F04\n"}
,{"stream_name":"stderr","time":4543.282802225,"data":"/usr/local/lib/python3.12/dist-packages/torch/nn/utils/weight_norm.py:144: FutureWarning: `torch.nn.utils.weight_norm` is deprecated in favor of `torch.nn.utils.parametrizations.weight_norm`.\n"}
,{"stream_name":"stderr","time":4543.282836082,"data":"  WeightNorm.apply(module, name, dim)\n"}
,{"stream_name":"stdout","time":4543.324697308,"data":"现在选取:(B3)N15_M07_F04 进行训练的源模型\n"}
,{"stream_name":"stdout","time":4543.324787426,"data":"现在进行：(B3)N15_M07_F04→(B2)N15_M07_F10 的迁移任务\n"}
,{"stream_name":"stdout","time":4543.32479744,"data":"log\u0026pt输出位置：/kaggle/working/k10/S06/weight_PU_M1_final_checkpoint_FS06toS06c_s2024/NEW_PU/Target-目标域/log\u0026pt/(B3)N15_M07_F04→(B2)N15_M07_F10\n"}
,{"stream_name":"stderr","time":4543.326386059,"data":"sh: 1: Syntax error: word unexpected (expecting \")\")\n"}
,{"stream_name":"stdout","time":4555.412619936,"data":"任务: (B3)N15_M07_F04→(B2)N15_M07_F10; 批次:····0/·1880;  总正确率: 49.37%\n"}
,{"stream_name":"stdout","time":4555.412661081,"data":"类型1 正确率：  82.00% -\u003e 1   81.65%, 2    0.00%, 3   18.35%\n"}
,{"stream_name":"stdout","time":4555.41266581,"data":"类型2 正确率：  46.00% -\u003e 1    0.00%, 2   45.95%, 3   54.05%\n"}
,{"stream_name":"stdout","time":4555.412669305,"data":"类型3 正确率：  20.00% -\u003e 1    0.00%, 2   79.50%, 3   20.50%\n"}
,{"stream_name":"stdout","time":4555.412689877,"data":"\n"}
,{"stream_name":"stdout","time":4555.412694373,"data":"\n"}
,{"stream_name":"stdout","time":4555.413404285,"data":"样本变换：reverse\n"}
,{"stream_name":"stdout","time":4558.898862801,"data":"样本变换：mask\n"}
,{"stream_name":"stdout","time":4562.465855943,"data":"样本变换：shift\n"}
,{"stream_name":"stdout","time":4565.977798759,"data":"样本变换：none\n"}
,{"stream_name":"stdout","time":4571.666501843,"data":"未过滤\t未用伪标签：49.37% -\u003e 使用伪标签：52.20%\n"}
,{"stream_name":"stdout","time":4571.666550401,"data":"已过滤\t未用伪标签：50.28% -\u003e 使用伪标签：56.34%\n"}
,{"stream_name":"stdout","time":4571.666557669,"data":"排除样本：441|6000\t剩余：1976, 2333, 1250\n"}
,{"stream_name":"stdout","time":4571.666561599,"data":"增添样本：1440\t\t细则：357, 0, 1083\t正确率估算：82.43%\n"}
,{"stream_name":"stdout","time":4571.666565436,"data":"类型1 正确率：  99.00% -\u003e 1   99.25%, 2    0.00%, 3    0.75%\n"}
,{"stream_name":"stdout","time":4571.666569109,"data":"类型2 正确率：  48.00% -\u003e 1    0.00%, 2   47.71%, 3   52.29%\n"}
,{"stream_name":"stdout","time":4571.666572915,"data":"类型3 正确率：  18.00% -\u003e 1    0.00%, 2   81.97%, 3   18.03%\n"}
,{"stream_name":"stdout","time":4571.666576448,"data":"\n"}
,{"stream_name":"stdout","time":4571.666579754,"data":"被排除样本 正确率：37.87%\n"}
,{"stream_name":"stdout","time":4571.666583222,"data":"类型1 正确率：   0.00% -\u003e 1    0.00%, 2    0.00%, 3  100.00%\n"}
,{"stream_name":"stdout","time":4571.666586696,"data":"类型2 正确率：  49.00% -\u003e 1    0.00%, 2   49.08%, 3   50.92%\n"}
,{"stream_name":"stdout","time":4571.666590169,"data":"类型3 正确率：  21.00% -\u003e 1    0.00%, 2   79.25%, 3   20.75%\n"}
,{"stream_name":"stdout","time":4571.666593647,"data":"\n"}
,{"stream_name":"stdout","time":4571.666596949,"data":"\n"}
,{"stream_name":"stdout","time":4585.288154198,"data":"轮次:··1/·20 || c_Loss:0.492 || e_Loss:-1.513 || Aad_Loss:-27.224 || 耗时：36.32s\n"}
,{"stream_name":"stdout","time":4598.979573082,"data":"轮次:··2/·20 || c_Loss:0.446 || e_Loss:-1.338 || Aad_Loss:-30.881 || 耗时：13.69s\n"}
,{"stream_name":"stdout","time":4612.679539313,"data":"轮次:··3/·20 || c_Loss:0.514 || e_Loss:-1.416 || Aad_Loss:-23.475 || 耗时：13.70s\n"}
,{"stream_name":"stdout","time":4626.411295486,"data":"轮次:··4/·20 || c_Loss:0.448 || e_Loss:-1.466 || Aad_Loss:-23.952 || 耗时：13.73s\n"}
,{"stream_name":"stdout","time":4640.209380655,"data":"轮次:··5/·20 || c_Loss:0.446 || e_Loss:-1.456 || Aad_Loss:-25.331 || 耗时：13.80s\n"}
,{"stream_name":"stdout","time":4646.878881361,"data":"任务: (B3)N15_M07_F04→(B2)N15_M07_F10; mix批次:····0; 批次:··470/·1880;  总正确率: 55.00%\n"}
,{"stream_name":"stdout","time":4646.878926498,"data":"类型1 正确率： 100.00% -\u003e 1  100.00%, 2    0.00%, 3    0.00%\n"}
,{"stream_name":"stdout","time":4646.878932704,"data":"类型2 正确率：  41.00% -\u003e 1    0.00%, 2   40.95%, 3   59.05%\n"}
,{"stream_name":"stdout","time":4646.878936402,"data":"类型3 正确率：  24.00% -\u003e 1    0.00%, 2   75.95%, 3   24.05%\n"}
,{"stream_name":"stdout","time":4646.878940352,"data":"\n"}
,{"stream_name":"stdout","time":4646.878943776,"data":"\n"}
,{"stream_name":"stdout","time":4646.913059433,"data":"样本变换：reverse\n"}
,{"stream_name":"stdout","time":4650.455843971,"data":"样本变换：mask\n"}
,{"stream_name":"stdout","time":4654.018822387,"data":"样本变换：shift\n"}
,{"stream_name":"stdout","time":4657.567914664,"data":"样本变换：none\n"}
,{"stream_name":"stdout","time":4663.090290151,"data":"未过滤\t未用伪标签：55.00% -\u003e 使用伪标签：54.40%\n"}
,{"stream_name":"stdout","time":4663.090342124,"data":"已过滤\t未用伪标签：54.95% -\u003e 使用伪标签：55.76%\n"}
,{"stream_name":"stdout","time":4663.090349267,"data":"排除样本：146|6000\t剩余：2000, 1544, 2310\n"}
,{"stream_name":"stdout","time":4663.090371496,"data":"增添样本：1076\t\t细则：310, 766, 0\t正确率估算：99.91%\n"}
,{"stream_name":"stdout","time":4663.090374691,"data":"类型1 正确率： 100.00% -\u003e 1  100.00%, 2    0.00%, 3    0.00%\n"}
,{"stream_name":"stdout","time":4663.090377534,"data":"类型2 正确率：  23.00% -\u003e 1    0.00%, 2   22.68%, 3   77.32%\n"}
,{"stream_name":"stdout","time":4663.090380161,"data":"类型3 正确率：  43.00% -\u003e 1    0.00%, 2   57.22%, 3   42.78%\n"}
,{"stream_name":"stdout","time":4663.090382804,"data":"\n"}
,{"stream_name":"stdout","time":4663.090385155,"data":"被排除样本 正确率：56.85%\n"}
,{"stream_name":"stdout","time":4663.090387677,"data":"类型1 正确率：  97.00% -\u003e 1   96.51%, 2    3.49%\n"}
,{"stream_name":"stdout","time":4663.090390298,"data":"类型2 正确率：   0.00% -\u003e 1  100.00%, 2    0.00%\n"}
,{"stream_name":"stdout","time":4663.090392953,"data":"\n"}
,{"stream_name":"stdout","time":4663.090395243,"data":"\n"}
,{"stream_name":"stdout","time":4676.859815177,"data":"轮次:··6/·20 || c_Loss:0.408 || e_Loss:-0.710 || Aad_Loss:-26.426 || 耗时：36.65s\n"}
,{"stream_name":"stdout","time":4690.744547345,"data":"轮次:··7/·20 || c_Loss:0.397 || e_Loss:-1.535 || Aad_Loss:-26.279 || 耗时：13.88s\n"}
,{"stream_name":"stdout","time":4704.648515647,"data":"轮次:··8/·20 || c_Loss:0.400 || e_Loss:-1.552 || Aad_Loss:-27.188 || 耗时：13.90s\n"}
,{"stream_name":"stdout","time":4718.557433456,"data":"轮次:··9/·20 || c_Loss:0.369 || e_Loss:-0.784 || Aad_Loss:-26.166 || 耗时：13.91s\n"}
,{"stream_name":"stdout","time":4732.451516986,"data":"轮次:·10/·20 || c_Loss:0.426 || e_Loss:-1.672 || Aad_Loss:-24.132 || 耗时：13.89s\n"}
,{"stream_name":"stdout","time":4739.154421768,"data":"任务: (B3)N15_M07_F04→(B2)N15_M07_F10; mix批次:····0; 批次:··940/·1880;  总正确率: 57.88%\n"}
,{"stream_name":"stdout","time":4739.154495123,"data":"类型1 正确率： 100.00% -\u003e 1  100.00%, 2    0.00%, 3    0.00%\n"}
,{"stream_name":"stdout","time":4739.154503115,"data":"类型2 正确率：  25.00% -\u003e 1    0.00%, 2   24.70%, 3   75.30%\n"}
,{"stream_name":"stdout","time":4739.154508673,"data":"类型3 正确率：  49.00% -\u003e 1    0.00%, 2   51.05%, 3   48.95%\n"}
,{"stream_name":"stdout","time":4739.154513993,"data":"\n"}
,{"stream_name":"stdout","time":4739.154519041,"data":"\n"}
,{"stream_name":"stdout","time":4739.201972402,"data":"样本变换：reverse\n"}
,{"stream_name":"stdout","time":4742.744013773,"data":"样本变换：mask\n"}
,{"stream_name":"stdout","time":4746.308364831,"data":"样本变换：shift\n"}
,{"stream_name":"stdout","time":4749.8498275,"data":"样本变换：none\n"}
,{"stream_name":"stdout","time":4755.681816852,"data":"未过滤\t未用伪标签：57.88% -\u003e 使用伪标签：57.43%\n"}
,{"stream_name":"stdout","time":4755.681854014,"data":"已过滤\t未用伪标签：57.91% -\u003e 使用伪标签：57.84%\n"}
,{"stream_name":"stdout","time":4755.681859036,"data":"排除样本：42|6000\t剩余：2000, 1463, 2495\n"}
,{"stream_name":"stdout","time":4755.681862859,"data":"增添样本：1527\t\t细则：495, 1032, 0\t正确率估算：99.61%\n"}
,{"stream_name":"stdout","time":4755.681866592,"data":"类型1 正确率： 100.00% -\u003e 1  100.00%, 2    0.00%, 3    0.00%\n"}
,{"stream_name":"stdout","time":4755.681870004,"data":"类型2 正确率：  23.00% -\u003e 1    0.00%, 2   23.25%, 3   76.75%\n"}
,{"stream_name":"stdout","time":4755.681873692,"data":"类型3 正确率：  50.00% -\u003e 1    0.00%, 2   50.43%, 3   49.57%\n"}
,{"stream_name":"stdout","time":4755.681890962,"data":"\n"}
,{"stream_name":"stdout","time":4755.681893662,"data":"被排除样本 正确率：54.76%\n"}
,{"stream_name":"stdout","time":4755.681896239,"data":"类型1 正确率：  56.00% -\u003e 1   56.41%, 2   43.59%\n"}
,{"stream_name":"stdout","time":4755.681898791,"data":"类型2 正确率：  33.00% -\u003e 1   66.67%, 2   33.33%\n"}
,{"stream_name":"stdout","time":4755.68190129,"data":"\n"}
,{"stream_name":"stdout","time":4755.681903726,"data":"\n"}
,{"stream_name":"stdout","time":4769.393255959,"data":"轮次:·11/·20 || c_Loss:0.403 || e_Loss:-0.919 || Aad_Loss:-27.123 || 耗时：36.94s\n"}
,{"stream_name":"stdout","time":4783.165173953,"data":"轮次:·12/·20 || c_Loss:0.455 || e_Loss:-0.986 || Aad_Loss:-29.692 || 耗时：13.77s\n"}
,{"stream_name":"stdout","time":4796.914666852,"data":"轮次:·13/·20 || c_Loss:0.395 || e_Loss:-0.928 || Aad_Loss:-30.745 || 耗时：13.75s\n"}
,{"stream_name":"stdout","time":4810.675356291,"data":"轮次:·14/·20 || c_Loss:0.443 || e_Loss:-0.988 || Aad_Loss:-31.191 || 耗时：13.76s\n"}
,{"stream_name":"stdout","time":4824.472053919,"data":"轮次:·15/·20 || c_Loss:0.412 || e_Loss:-0.953 || Aad_Loss:-26.493 || 耗时：13.80s\n"}
,{"stream_name":"stdout","time":4831.099481202,"data":"任务: (B3)N15_M07_F04→(B2)N15_M07_F10; mix批次:····0; 批次:·1410/·1880;  总正确率: 59.78%\n"}
,{"stream_name":"stdout","time":4831.099531546,"data":"类型1 正确率： 100.00% -\u003e 1  100.00%, 2    0.00%, 3    0.00%\n"}
,{"stream_name":"stdout","time":4831.099539357,"data":"类型2 正确率：  29.00% -\u003e 1    0.00%, 2   29.35%, 3   70.65%\n"}
,{"stream_name":"stdout","time":4831.099544747,"data":"类型3 正确率：  50.00% -\u003e 1    0.00%, 2   50.00%, 3   50.00%\n"}
,{"stream_name":"stdout","time":4831.099550234,"data":"\n"}
,{"stream_name":"stdout","time":4831.099554531,"data":"\n"}
,{"stream_name":"stdout","time":4831.14422048,"data":"样本变换：reverse\n"}
,{"stream_name":"stdout","time":4834.664147659,"data":"样本变换：mask\n"}
,{"stream_name":"stdout","time":4838.242053132,"data":"样本变换：shift\n"}
,{"stream_name":"stdout","time":4841.79746583,"data":"样本变换：none\n"}
,{"stream_name":"stderr","time":4847.266229629,"data":"/kaggle/working/k10/S06/sdalr_PU_final_checkpoint/tools.py:413: RuntimeWarning: invalid value encountered in divide\n"}
,{"stream_name":"stderr","time":4847.266270698,"data":"  per_class_acc = conf_matrix.diagonal() / conf_matrix.sum(axis=1) * 100\n"}
,{"stream_name":"stdout","time":4847.26648643,"data":"未过滤\t未用伪标签：59.78% -\u003e 使用伪标签：60.83%\n"}
,{"stream_name":"stdout","time":4847.266503117,"data":"已过滤\t未用伪标签：59.79% -\u003e 使用伪标签：60.84%\n"}
,{"stream_name":"stdout","time":4847.266509411,"data":"排除样本：1|6000\t剩余：2000, 1650, 2349\n"}
,{"stream_name":"stdout","time":4847.26651469,"data":"增添样本：1048\t\t细则：349, 699, 0\t正确率估算：97.33%\n"}
,{"stream_name":"stdout","time":4847.26652566,"data":"类型1 正确率： 100.00% -\u003e 1  100.00%, 2    0.00%, 3    0.00%\n"}
,{"stream_name":"stdout","time":4847.26653013,"data":"类型2 正确率：  33.00% -\u003e 1    0.00%, 2   32.52%, 3   67.48%\n"}
,{"stream_name":"stdout","time":4847.266533727,"data":"类型3 正确率：  50.00% -\u003e 1    0.00%, 2   50.00%, 3   50.00%\n"}
,{"stream_name":"stdout","time":4847.266537518,"data":"\n"}
,{"stream_name":"stdout","time":4847.26654092,"data":"被排除样本 正确率：0.00%\n"}
,{"stream_name":"stdout","time":4847.266544394,"data":"类型1 正确率：   0.00% -\u003e 1    0.00%, 2  100.00%\n"}
,{"stream_name":"stdout","time":4847.266562538,"data":"类型2 没有样本或未被分类。\n"}
,{"stream_name":"stdout","time":4847.266565522,"data":"\n"}
,{"stream_name":"stdout","time":4847.266568078,"data":"\n"}
,{"stream_name":"stdout","time":4860.882564728,"data":"轮次:·16/·20 || c_Loss:0.417 || e_Loss:-1.017 || Aad_Loss:-31.070 || 耗时：36.41s\n"}
,{"stream_name":"stdout","time":4874.560821314,"data":"轮次:·17/·20 || c_Loss:0.413 || e_Loss:-1.014 || Aad_Loss:-28.434 || 耗时：13.68s\n"}
,{"stream_name":"stdout","time":4888.284734701,"data":"轮次:·18/·20 || c_Loss:0.440 || e_Loss:-0.924 || Aad_Loss:-34.151 || 耗时：13.72s\n"}
,{"stream_name":"stdout","time":4902.052790712,"data":"轮次:·19/·20 || c_Loss:0.435 || e_Loss:-1.047 || Aad_Loss:-29.986 || 耗时：13.77s\n"}
,{"stream_name":"stdout","time":4915.816825148,"data":"轮次:·20/·20 || c_Loss:0.435 || e_Loss:-0.996 || Aad_Loss:-32.491 || 耗时：13.76s\n"}
,{"stream_name":"stdout","time":4922.506783631,"data":"任务: (B3)N15_M07_F04→(B2)N15_M07_F10; mix批次:····0; 批次:·1880/·1880;  总正确率: 60.95%\n"}
,{"stream_name":"stdout","time":4922.506842471,"data":"类型1 正确率： 100.00% -\u003e 1  100.00%, 2    0.00%, 3    0.00%\n"}
,{"stream_name":"stdout","time":4922.506851566,"data":"类型2 正确率：  33.00% -\u003e 1    0.00%, 2   32.85%, 3   67.15%\n"}
,{"stream_name":"stdout","time":4922.506858138,"data":"类型3 正确率：  50.00% -\u003e 1    0.00%, 2   50.00%, 3   50.00%\n"}
,{"stream_name":"stdout","time":4922.506863483,"data":"\n"}
,{"stream_name":"stdout","time":4922.506868279,"data":"\n"}
,{"stream_name":"stdout","time":4929.176327927,"data":"测试集任务: (B3)N15_M07_F04→(B2)N15_M07_F10; 总正确率 = 60.95%\n"}
,{"stream_name":"stdout","time":4929.176361886,"data":"类型1 正确率： 100.00% -\u003e 1  100.00%, 2    0.00%, 3    0.00%\n"}
,{"stream_name":"stdout","time":4929.176369424,"data":"类型2 正确率：  33.00% -\u003e 1    0.00%, 2   32.85%, 3   67.15%\n"}
,{"stream_name":"stdout","time":4929.176375583,"data":"类型3 正确率：  50.00% -\u003e 1    0.00%, 2   50.00%, 3   50.00%\n"}
,{"stream_name":"stdout","time":4929.176381475,"data":"\n"}
,{"stream_name":"stdout","time":4929.176398509,"data":"\n"}
,{"stream_name":"stdout","time":4929.203257935,"data":"[tar_adaptation_RES_PU.py --folder_root /kaggle/working/k10/S06/sdalr_PU_final_checkpoint/DATA_foldS06c --seed 2024 --class_num 3 --data_name PU_M1_L3 --output /kaggle/working/k10/S06/weight_PU_M1_final_checkpoint_FS06toS06c_s2024 --s 2 --t 1 --lr 0.0005 --threshold 0.4 --K 0.6] 386s\n"}
,{"stream_name":"stdout","time":4929.223295537,"data":"{\n"}
,{"stream_name":"stdout","time":4929.223321522,"data":"  \"dataset\": \"PU_M1\",\n"}
,{"stream_name":"stdout","time":4929.22332744,"data":"  \"variant\": \"final_checkpoint\",\n"}
,{"stream_name":"stdout","time":4929.22333301,"data":"  \"seed\": 2024,\n"}
,{"stream_name":"stdout","time":4929.223338141,"data":"  \"smoke\": false,\n"}
,{"stream_name":"stdout","time":4929.223342768,"data":"  \"src_fold\": \"S06\",\n"}
,{"stream_name":"stdout","time":4929.223347692,"data":"  \"tgt_fold\": \"S06c\",\n"}
,{"stream_name":"stdout","time":4929.223353292,"data":"  \"leaky\": false,\n"}
,{"stream_name":"stdout","time":4929.223358073,"data":"  \"hyperparameters\": {\n"}
,{"stream_name":"stdout","time":4929.223363382,"data":"    \"lr\": \"0.0005\",\n"}
,{"stream_name":"stdout","time":4929.223368194,"data":"    \"threshold\": \"0.4\",\n"}
,{"stream_name":"stdout","time":4929.223373393,"data":"    \"K\": \"0.6\"\n"}
,{"stream_name":"stdout","time":4929.223378399,"data":"  },\n"}
,{"stream_name":"stdout","time":4929.223383313,"data":"  \"adapters\": [\n"}
,{"stream_name":"stdout","time":4929.223401382,"data":"    \"npz_io\",\n"}
,{"stream_name":"stdout","time":4929.223405592,"data":"    \"tsne_stub\",\n"}
,{"stream_name":"stdout","time":4929.223409674,"data":"    \"final_checkpoint_patch\"\n"}
,{"stream_name":"stdout","time":4929.223413509,"data":"  ],\n"}
,{"stream_name":"stdout","time":4929.223417139,"data":"  \"source_only\": {},\n"}
,{"stream_name":"stdout","time":4929.223421149,"data":"  \"adapted\": {\n"}
,{"stream_name":"stdout","time":4929.223425247,"data":"    \"A1-\u003eA3\": 72.33,\n"}
,{"stream_name":"stdout","time":4929.223429557,"data":"    \"A1-\u003eA2\": 72.37,\n"}
,{"stream_name":"stdout","time":4929.223433619,"data":"    \"A3-\u003eA1\": 72.35,\n"}
,{"stream_name":"stdout","time":4929.223437312,"data":"    \"A3-\u003eA2\": 72.47,\n"}
,{"stream_name":"stdout","time":4929.223441227,"data":"    \"A2-\u003eA1\": 60.97,\n"}
,{"stream_name":"stdout","time":4929.223471265,"data":"    \"A2-\u003eA3\": 60.95\n"}
,{"stream_name":"stdout","time":4929.223475166,"data":"  },\n"}
,{"stream_name":"stdout","time":4929.223478472,"data":"  \"seconds\": {\n"}
,{"stream_name":"stdout","time":4929.22348229,"data":"    \"A1-\u003eA3\": 384,\n"}
,{"stream_name":"stdout","time":4929.223486552,"data":"    \"A1-\u003eA2\": 385,\n"}
,{"stream_name":"stdout","time":4929.223490184,"data":"    \"A3-\u003eA1\": 386,\n"}
,{"stream_name":"stdout","time":4929.223494247,"data":"    \"A3-\u003eA2\": 386,\n"}
,{"stream_name":"stdout","time":4929.223497854,"data":"    \"A2-\u003eA1\": 386,\n"}
,{"stream_name":"stdout","time":4929.223501859,"data":"    \"A2-\u003eA3\": 386\n"}
,{"stream_name":"stdout","time":4929.223505185,"data":"  },\n"}
,{"stream_name":"stdout","time":4929.223508934,"data":"  \"gate_log\": {\n"}
,{"stream_name":"stdout","time":4929.223512787,"data":"    \"A1-\u003eA3\": [],\n"}
,{"stream_name":"stdout","time":4929.22351745,"data":"    \"A1-\u003eA2\": [],\n"}
,{"stream_name":"stdout","time":4929.223521574,"data":"    \"A3-\u003eA1\": [],\n"}
,{"stream_name":"stdout","time":4929.223525732,"data":"    \"A3-\u003eA2\": [],\n"}
,{"stream_name":"stdout","time":4929.223529554,"data":"    \"A2-\u003eA1\": [],\n"}
,{"stream_name":"stdout","time":4929.223533543,"data":"    \"A2-\u003eA3\": []\n"}
,{"stream_name":"stdout","time":4929.223537738,"data":"  },\n"}
,{"stream_name":"stdout","time":4929.223541608,"data":"  \"gate\": \"none\"\n"}
,{"stream_name":"stdout","time":4929.223545787,"data":"}\n"}
,{"stream_name":"stdout","time":4930.596743723,"data":"RUN /usr/bin/python3 -u /kaggle/input/datasets/rhrhrhrhrh/physgate-m0-code/sdalr_runner.py --sdalr /kaggle/input/datasets/rhrhrhrhrh/physgate-m0-code --m0 /kaggle/input/datasets/rhrhrhrhrh/physgate-k10-g3 --dataset PU_M1 --src-fold S06 --tgt-fold S06c --variant final_checkpoint --work /kaggle/working/k10/S06 --seed 2024 --gate pcv --gate-verdicts /kaggle/input/datasets/rhrhrhrhrh/physgate-m0-code/gate_verdicts.json --skip-pretrain\n"}
,{"stream_name":"stdout","time":4936.783925481,"data":"读取源域路径：/kaggle/working/k10/S06/weight_PU_M1_final_checkpoint_FS06toS06c_gatepcv_s2024/NEW_PU/Source-源域/log\u0026pt/(B1)N15_M01_F10\n"}
,{"stream_name":"stdout","time":4936.783977339,"data":"excel输出位置：/kaggle/working/k10/S06/weight_PU_M1_final_checkpoint_FS06toS06c_gatepcv_s2024/NEW_PU/Target-目标域\n"}
,{"stream_name":"stdout","time":4936.784480188,"data":"特征图片输出位置：/kaggle/working/k10/S06/weight_PU_M1_final_checkpoint_FS06toS06c_gatepcv_s2024/NEW_PU/Picture-特征图/2026年09月19日04时27分/(B1)N15_M01_F10\n"}
,{"stream_name":"stderr","time":4937.148297287,"data":"/usr/local/lib/python3.12/dist-packages/torch/nn/utils/weight_norm.py:144: FutureWarning: `torch.nn.utils.weight_norm` is deprecated in favor of `torch.nn.utils.parametrizations.weight_norm`.\n"}
,{"stream_name":"stderr","time":4937.148365185,"data":"  WeightNorm.apply(module, name, dim)\n"}
,{"stream_name":"stdout","time":4937.198931173,"data":"现在选取:(B1)N15_M01_F10 进行训练的源模型\n"}
,{"stream_name":"stdout","time":4937.19896463,"data":"现在进行：(B1)N15_M01_F10→(B2)N15_M07_F10 的迁移任务\n"}
,{"stream_name":"stdout","time":4937.19897054,"data":"log\u0026pt输出位置：/kaggle/working/k10/S06/weight_PU_M1_final_checkpoint_FS06toS06c_gatepcv_s2024/NEW_PU/Target-目标域/log\u0026pt/(B1)N15_M01_F10→(B2)N15_M07_F10\n"}
,{"stream_name":"stderr","time":4937.200558611,"data":"sh: 1: Syntax error: word unexpected (expecting \")\")\n"}
,{"stream_name":"stdout","time":4949.483505758,"data":"任务: (B1)N15_M01_F10→(B2)N15_M07_F10; 批次:····0/·1880;  总正确率: 73.50%\n"}
,{"stream_name":"stdout","time":4949.483549165,"data":"类型1 正确率：  96.00% -\u003e 1   96.30%, 2    0.05%, 3    3.65%\n"}
,{"stream_name":"stdout","time":4949.48355403,"data":"类型2 正确率：  74.00% -\u003e 1    0.00%, 2   74.10%, 3   25.90%\n"}
,{"stream_name":"stdout","time":4949.483557103,"data":"类型3 正确率：  50.00% -\u003e 1    0.00%, 2   49.90%, 3   50.10%\n"}
,{"stream_name":"stdout","time":4949.483560438,"data":"\n"}
,{"stream_name":"stdout","time":4949.483562965,"data":"\n"}
,{"stream_name":"stdout","time":4949.484253307,"data":"样本变换：reverse\n"}
,{"stream_name":"stdout","time":4952.987808322,"data":"样本变换：mask\n"}
,{"stream_name":"stdout","time":4956.438896012,"data":"样本变换：shift\n"}
,{"stream_name":"stdout","time":4959.90687589,"data":"样本变换：none\n"}
,{"stream_name":"stdout","time":4965.828164266,"data":"未过滤\t未用伪标签：73.50% -\u003e 使用伪标签：73.17%\n"}
,{"stream_name":"stdout","time":4965.828204421,"data":"已过滤\t未用伪标签：74.29% -\u003e 使用伪标签：74.66%\n"}
,{"stream_name":"stdout","time":4965.828211646,"data":"排除样本：120|6000\t剩余：1911, 2480, 1489\n"}
,{"stream_name":"stdout","time":4965.828217114,"data":"增添样本：1930\t\t细则：569, 0, 1361\t正确率估算：98.58%\n"}
,{"stream_name":"stdout","time":4965.828222501,"data":"类型1 正确率：  98.00% -\u003e 1   97.60%, 2    0.00%, 3    2.40%\n"}
,{"stream_name":"stdout","time":4965.828228198,"data":"类型2 正确率：  77.00% -\u003e 1    0.00%, 2   76.96%, 3   23.04%\n"}
,{"stream_name":"stdout","time":4965.828239579,"data":"类型3 正确率：  50.00% -\u003e 1    0.00%, 2   50.03%, 3   49.97%\n"}
,{"stream_name":"stdout","time":4965.828243567,"data":"\n"}
,{"stream_name":"stdout","time":4965.828247021,"data":"被排除样本 正确率：35.00%\n"}
,{"stream_name":"stdout","time":4965.828250441,"data":"类型1 正确率：  57.00% -\u003e 1   57.14%, 2    0.00%, 3   42.86%\n"}
,{"stream_name":"stdout","time":4965.828253901,"data":"类型2 正确率：  22.00% -\u003e 1    0.00%, 2   22.08%, 3   77.92%\n"}
,{"stream_name":"stdout","time":4965.828257471,"data":"类型3 正确率： 100.00% -\u003e 1    0.00%, 2    0.00%, 3  100.00%\n"}
,{"stream_name":"stdout","time":4965.828260961,"data":"\n"}
,{"stream_name":"stdout","time":4965.828264276,"data":"\n"}
,{"stream_name":"stdout","time":4979.449417731,"data":"轮次:··1/·20 || c_Loss:0.563 || e_Loss:-1.528 || Aad_Loss:-28.029 || 耗时：36.51s\n"}
,{"stream_name":"stdout","time":4992.900263495,"data":"轮次:··2/·20 || c_Loss:0.334 || e_Loss:-1.692 || Aad_Loss:-27.751 || 耗时：13.45s\n"}
,{"stream_name":"stdout","time":5006.458746491,"data":"轮次:··3/·20 || c_Loss:0.354 || e_Loss:-1.604 || Aad_Loss:-26.300 || 耗时：13.56s\n"}
,{"stream_name":"stdout","time":5020.059721468,"data":"轮次:··4/·20 || c_Loss:0.466 || e_Loss:-1.664 || Aad_Loss:-21.733 || 耗时：13.60s\n"}
,{"stream_name":"stdout","time":5033.820927452,"data":"轮次:··5/·20 || c_Loss:0.385 || e_Loss:-1.721 || Aad_Loss:-27.065 || 耗时：13.76s\n"}
,{"stream_name":"stdout","time":5040.429709074,"data":"任务: (B1)N15_M01_F10→(B2)N15_M07_F10; mix批次:····0; 批次:··470/·1880;  总正确率: 77.58%\n"}
,{"stream_name":"stdout","time":5040.429763518,"data":"类型1 正确率： 100.00% -\u003e 1  100.00%, 2    0.00%, 3    0.00%\n"}
,{"stream_name":"stdout","time":5040.429771993,"data":"类型2 正确率：  83.00% -\u003e 1    0.00%, 2   82.75%, 3   17.25%\n"}
,{"stream_name":"stdout","time":5040.429780013,"data":"类型3 正确率：  50.00% -\u003e 1    0.00%, 2   50.00%, 3   50.00%\n"}
,{"stream_name":"stdout","time":5040.42978695,"data":"\n"}
,{"stream_name":"stdout","time":5040.429792057,"data":"\n"}
,{"stream_name":"stdout","time":5040.46387892,"data":"样本变换：reverse\n"}
,{"stream_name":"stdout","time":5044.014119344,"data":"样本变换：mask\n"}
,{"stream_name":"stdout","time":5047.594828205,"data":"样本变换：shift\n"}
,{"stream_name":"stdout","time":5051.167788817,"data":"样本变换：none\n"}
,{"stream_name":"stderr","time":5057.05922332,"data":"/kaggle/working/k10/S06/sdalr_PU_final_checkpoint/tools.py:413: RuntimeWarning: invalid value encountered in divide\n"}
,{"stream_name":"stderr","time":5057.059265459,"data":"  per_class_acc = conf_matrix.diagonal() / conf_matrix.sum(axis=1) * 100\n"}
,{"stream_name":"stdout","time":5057.059480398,"data":"未过滤\t未用伪标签：77.58% -\u003e 使用伪标签：77.35%\n"}
,{"stream_name":"stdout","time":5057.059494031,"data":"已过滤\t未用伪标签：77.73% -\u003e 使用伪标签：77.60%\n"}
,{"stream_name":"stdout","time":5057.059499385,"data":"排除样本：19|6000\t剩余：2000, 2641, 1340\n"}
,{"stream_name":"stdout","time":5057.05950434,"data":"增添样本：2226\t\t细则：641, 0, 1585\t正确率估算：99.94%\n"}
,{"stream_name":"stdout","time":5057.059509667,"data":"类型1 正确率： 100.00% -\u003e 1  100.00%, 2    0.00%, 3    0.00%\n"}
,{"stream_name":"stdout","time":5057.059514589,"data":"类型2 正确率：  83.00% -\u003e 1    0.00%, 2   82.84%, 3   17.16%\n"}
,{"stream_name":"stdout","time":5057.059519629,"data":"类型3 正确率：  50.00% -\u003e 1    0.00%, 2   50.00%, 3   50.00%\n"}
,{"stream_name":"stdout","time":5057.059530488,"data":"\n"}
,{"stream_name":"stdout","time":5057.059534233,"data":"被排除样本 正确率：31.58%\n"}
,{"stream_name":"stdout","time":5057.059538285,"data":"类型1 正确率：  32.00% -\u003e 1   31.58%, 2   68.42%\n"}
,{"stream_name":"stdout","time":5057.059558334,"data":"类型2 没有样本或未被分类。\n"}
,{"stream_name":"stdout","time":5057.05956454,"data":"\n"}
,{"stream_name":"stdout","time":5057.05957001,"data":"\n"}
,{"stream_name":"stdout","time":5070.687129314,"data":"轮次:··6/·20 || c_Loss:0.334 || e_Loss:-1.917 || Aad_Loss:-29.326 || 耗时：36.87s\n"}
,{"stream_name":"stdout","time":5084.354884053,"data":"轮次:··7/·20 || c_Loss:0.337 || e_Loss:-1.750 || Aad_Loss:-29.718 || 耗时：13.67s\n"}
,{"stream_name":"stdout","time":5097.990954198,"data":"轮次:··8/·20 || c_Loss:0.330 || e_Loss:-1.768 || Aad_Loss:-30.134 || 耗时：13.64s\n"}
,{"stream_name":"stdout","time":5111.64646159,"data":"轮次:··9/·20 || c_Loss:0.344 || e_Loss:-1.784 || Aad_Loss:-30.766 || 耗时：13.66s\n"}
,{"stream_name":"stdout","time":5125.416836549,"data":"轮次:·10/·20 || c_Loss:0.340 || e_Loss:-1.848 || Aad_Loss:-29.918 || 耗时：13.77s\n"}
,{"stream_name":"stdout","time":5132.007115742,"data":"任务: (B1)N15_M01_F10→(B2)N15_M07_F10; mix批次:····0; 批次:··940/·1880;  总正确率: 79.53%\n"}
,{"stream_name":"stdout","time":5132.007156597,"data":"类型1 正确率： 100.00% -\u003e 1  100.00%, 2    0.00%, 3    0.00%\n"}
,{"stream_name":"stdout","time":5132.00716405,"data":"类型2 正确率：  89.00% -\u003e 1    0.00%, 2   88.60%, 3   11.40%\n"}
,{"stream_name":"stdout","time":5132.007169191,"data":"类型3 正确率：  50.00% -\u003e 1    0.00%, 2   50.00%, 3   50.00%\n"}
,{"stream_name":"stdout","time":5132.007173672,"data":"\n"}
,{"stream_name":"stdout","time":5132.007177377,"data":"\n"}
,{"stream_name":"stdout","time":5132.056337158,"data":"样本变换：reverse\n"}
,{"stream_name":"stdout","time":5135.542831019,"data":"样本变换：mask\n"}
,{"stream_name":"stdout","time":5139.080327039,"data":"样本变换：shift\n"}
,{"stream_name":"stdout","time":5142.618139676,"data":"样本变换：none\n"}
,{"stream_name":"stderr","time":5148.521323703,"data":"/kaggle/working/k10/S06/sdalr_PU_final_checkpoint/tools.py:413: RuntimeWarning: invalid value encountered in divide\n"}
,{"stream_name":"stderr","time":5148.521394116,"data":"  per_class_acc = conf_matrix.diagonal() / conf_matrix.sum(axis=1) * 100\n"}
,{"stream_name":"stdout","time":5148.521521313,"data":"未过滤\t未用伪标签：79.53% -\u003e 使用伪标签：78.85%\n"}
,{"stream_name":"stdout","time":5148.521535948,"data":"已过滤\t未用伪标签：79.53% -\u003e 使用伪标签：79.06%\n"}
,{"stream_name":"stdout","time":5148.521541739,"data":"排除样本：16|6000\t剩余：2000, 2731, 1253\n"}
,{"stream_name":"stdout","time":5148.521547,"data":"增添样本：2419\t\t细则：731, 0, 1688\t正确率估算：100.00%\n"}
,{"stream_name":"stdout","time":5148.521552548,"data":"类型1 正确率： 100.00% -\u003e 1  100.00%, 2    0.00%, 3    0.00%\n"}
,{"stream_name":"stdout","time":5148.521557761,"data":"类型2 正确率：  87.00% -\u003e 1    0.00%, 2   87.25%, 3   12.75%\n"}
,{"stream_name":"stdout","time":5148.521562765,"data":"类型3 正确率：  50.00% -\u003e 1    0.00%, 2   50.00%, 3   50.00%\n"}
,{"stream_name":"stdout","time":5148.521567832,"data":"\n"}
,{"stream_name":"stdout","time":5148.52157809,"data":"被排除样本 正确率：81.25%\n"}
,{"stream_name":"stdout","time":5148.521582543,"data":"类型1 正确率：  81.00% -\u003e 1   81.25%, 2   18.75%\n"}
,{"stream_name":"stdout","time":5148.521586069,"data":"类型2 没有样本或未被分类。\n"}
,{"stream_name":"stdout","time":5148.52159038,"data":"\n"}
,{"stream_name":"stdout","time":5148.521627017,"data":"\n"}
,{"stream_name":"stdout","time":5162.132976934,"data":"轮次:·11/·20 || c_Loss:0.332 || e_Loss:-0.865 || Aad_Loss:-33.228 || 耗时：36.72s\n"}
,{"stream_name":"stdout","time":5175.823471602,"data":"轮次:·12/·20 || c_Loss:0.347 || e_Loss:-1.888 || Aad_Loss:-29.810 || 耗时：13.69s\n"}
,{"stream_name":"stdout","time":5189.553214998,"data":"轮次:·13/·20 || c_Loss:0.348 || e_Loss:-1.691 || Aad_Loss:-29.258 || 耗时：13.73s\n"}
,{"stream_name":"stdout","time":5203.291092411,"data":"轮次:·14/·20 || c_Loss:0.359 || e_Loss:-1.856 || Aad_Loss:-28.609 || 耗时：13.74s\n"}
,{"stream_name":"stdout","time":5217.132319096,"data":"轮次:·15/·20 || c_Loss:0.335 || e_Loss:-1.798 || Aad_Loss:-31.953 || 耗时：13.84s\n"}
,{"stream_name":"stdout","time":5223.761567238,"data":"任务: (B1)N15_M01_F10→(B2)N15_M07_F10; mix批次:····0; 批次:·1410/·1880;  总正确率: 80.32%\n"}
,{"stream_name":"stdout","time":5223.761644974,"data":"类型1 正确率： 100.00% -\u003e 1  100.00%, 2    0.00%, 3    0.00%\n"}
,{"stream_name":"stdout","time":5223.761652813,"data":"类型2 正确率：  91.00% -\u003e 1    0.00%, 2   90.95%, 3    9.05%\n"}
,{"stream_name":"stdout","time":5223.76165718,"data":"类型3 正确率：  50.00% -\u003e 1    0.00%, 2   50.00%, 3   50.00%\n"}
,{"stream_name":"stdout","time":5223.761661818,"data":"\n"}
,{"stream_name":"stdout","time":5223.761665613,"data":"\n"}
,{"stream_name":"stdout","time":5223.804913548,"data":"样本变换：reverse\n"}
,{"stream_name":"stdout","time":5227.35184071,"data":"样本变换：mask\n"}
,{"stream_name":"stdout","time":5230.913814253,"data":"样本变换：shift\n"}
,{"stream_name":"stdout","time":5234.485831197,"data":"样本变换：none\n"}
,{"stream_name":"stderr","time":5240.459819553,"data":"/kaggle/working/k10/S06/sdalr_PU_final_checkpoint/tools.py:413: RuntimeWarning: invalid value encountered in divide\n"}
,{"stream_name":"stderr","time":5240.459865123,"data":"  per_class_acc = conf_matrix.diagonal() / conf_matrix.sum(axis=1) * 100\n"}
,{"stream_name":"stdout","time":5240.460027871,"data":"未过滤\t未用伪标签：80.32% -\u003e 使用伪标签：79.58%\n"}
,{"stream_name":"stdout","time":5240.4600372,"data":"已过滤\t未用伪标签：80.31% -\u003e 使用伪标签：79.81%\n"}
,{"stream_name":"stdout","time":5240.460042059,"data":"排除样本：17|6000\t剩余：2000, 2775, 1208\n"}
,{"stream_name":"stdout","time":5240.46004631,"data":"增添样本：2508\t\t细则：775, 0, 1733\t正确率估算：99.72%\n"}
,{"stream_name":"stdout","time":5240.460050915,"data":"类型1 正确率： 100.00% -\u003e 1  100.00%, 2    0.00%, 3    0.00%\n"}
,{"stream_name":"stdout","time":5240.460055306,"data":"类型2 正确率：  90.00% -\u003e 1    0.00%, 2   89.51%, 3   10.49%\n"}
,{"stream_name":"stdout","time":5240.460059864,"data":"类型3 正确率：  50.00% -\u003e 1    0.00%, 2   50.00%, 3   50.00%\n"}
,{"stream_name":"stdout","time":5240.460064657,"data":"\n"}
,{"stream_name":"stdout","time":5240.460069103,"data":"被排除样本 正确率：82.35%\n"}
,{"stream_name":"stdout","time":5240.46007384,"data":"类型1 正确率：  82.00% -\u003e 1   82.35%, 2   17.65%\n"}
,{"stream_name":"stdout","time":5240.46007846,"data":"类型2 没有样本或未被分类。\n"}
,{"stream_name":"stdout","time":5240.460082804,"data":"\n"}
,{"stream_name":"stdout","time":5240.460087156,"data":"\n"}
,{"stream_name":"stdout","time":5254.150430598,"data":"轮次:·16/·20 || c_Loss:0.344 || e_Loss:-1.954 || Aad_Loss:-29.925 || 耗时：37.02s\n"}
,{"stream_name":"stdout","time":5267.865601296,"data":"轮次:·17/·20 || c_Loss:0.341 || e_Loss:-1.904 || Aad_Loss:-31.383 || 耗时：13.71s\n"}
,{"stream_name":"stdout","time":5281.618520638,"data":"轮次:·18/·20 || c_Loss:0.341 || e_Loss:-1.973 || Aad_Loss:-29.426 || 耗时：13.75s\n"}
,{"stream_name":"stdout","time":5295.395481688,"data":"轮次:·19/·20 || c_Loss:0.337 || e_Loss:-1.796 || Aad_Loss:-30.803 || 耗时：13.78s\n"}
,{"stream_name":"stdout","time":5309.312124189,"data":"轮次:·20/·20 || c_Loss:0.368 || e_Loss:-1.660 || Aad_Loss:-28.747 || 耗时：13.92s\n"}
,{"stream_name":"stdout","time":5316.008051491,"data":"任务: (B1)N15_M01_F10→(B2)N15_M07_F10; mix批次:····0; 批次:·1880/·1880;  总正确率: 81.45%\n"}
,{"stream_name":"stdout","time":5316.008094935,"data":"类型1 正确率： 100.00% -\u003e 1  100.00%, 2    0.00%, 3    0.00%\n"}
,{"stream_name":"stdout","time":5316.008100471,"data":"类型2 正确率：  94.00% -\u003e 1    0.00%, 2   94.35%, 3    5.65%\n"}
,{"stream_name":"stdout","time":5316.008104045,"data":"类型3 正确率：  50.00% -\u003e 1    0.00%, 2   50.00%, 3   50.00%\n"}
,{"stream_name":"stdout","time":5316.008122306,"data":"\n"}
,{"stream_name":"stdout","time":5316.008124834,"data":"\n"}
,{"stream_name":"stdout","time":5322.647627024,"data":"测试集任务: (B1)N15_M01_F10→(B2)N15_M07_F10; 总正确率 = 81.45%\n"}
,{"stream_name":"stdout","time":5322.647702988,"data":"类型1 正确率： 100.00% -\u003e 1  100.00%, 2    0.00%, 3    0.00%\n"}
,{"stream_name":"stdout","time":5322.647710342,"data":"类型2 正确率：  94.00% -\u003e 1    0.00%, 2   94.35%, 3    5.65%\n"}
,{"stream_name":"stdout","time":5322.647715304,"data":"类型3 正确率：  50.00% -\u003e 1    0.00%, 2   50.00%, 3   50.00%\n"}
,{"stream_name":"stdout","time":5322.647719308,"data":"\n"}
,{"stream_name":"stdout","time":5322.647723056,"data":"\n"}
,{"stream_name":"stdout","time":5322.672274945,"data":"[tar_adaptation_RES_PU.py --folder_root /kaggle/working/k10/S06/sdalr_PU_final_checkpoint/DATA_foldS06c --seed 2024 --class_num 3 --data_name PU_M1_L3 --output /kaggle/working/k10/S06/weight_PU_M1_final_checkpoint_FS06toS06c_gatepcv_s2024 --s 0 --t 1 --lr 0.0005 --threshold 0.4 --K 0.6] 386s\n"}
,{"stream_name":"stdout","time":5322.724359827,"data":"读取源域路径：/kaggle/working/k10/S06/weight_PU_M1_final_checkpoint_FS06toS06c_gatepcv_s2024/NEW_PU/Source-源域/log\u0026pt/(B1)N15_M01_F10\n"}
,{"stream_name":"stdout","time":5322.724391825,"data":"excel输出位置：/kaggle/working/k10/S06/weight_PU_M1_final_checkpoint_FS06toS06c_gatepcv_s2024/NEW_PU/Target-目标域\n"}
,{"stream_name":"stdout","time":5322.72440549,"data":"特征图片输出位置：/kaggle/working/k10/S06/weight_PU_M1_final_checkpoint_FS06toS06c_gatepcv_s2024/NEW_PU/Picture-特征图/2026年09月19日04时33分/(B1)N15_M01_F10\n"}
,{"stream_name":"stderr","time":5322.760664272,"data":"/usr/local/lib/python3.12/dist-packages/torch/nn/utils/weight_norm.py:144: FutureWarning: `torch.nn.utils.weight_norm` is deprecated in favor of `torch.nn.utils.parametrizations.weight_norm`.\n"}
,{"stream_name":"stderr","time":5322.760727274,"data":"  WeightNorm.apply(module, name, dim)\n"}
,{"stream_name":"stdout","time":5322.803302542,"data":"现在选取:(B1)N15_M01_F10 进行训练的源模型\n"}
,{"stream_name":"stdout","time":5322.803355705,"data":"现在进行：(B1)N15_M01_F10→(B3)N15_M07_F04 的迁移任务\n"}
,{"stream_name":"stdout","time":5322.803362996,"data":"log\u0026pt输出位置：/kaggle/working/k10/S06/weight_PU_M1_final_checkpoint_FS06toS06c_gatepcv_s2024/NEW_PU/Target-目标域/log\u0026pt/(B1)N15_M01_F10→(B3)N15_M07_F04\n"}
,{"stream_name":"stderr","time":5322.804778459,"data":"sh: 1: Syntax error: word unexpected (expecting \")\")\n"}
,{"stream_name":"stdout","time":5334.780246937,"data":"任务: (B1)N15_M01_F10→(B3)N15_M07_F04; 批次:····0/·1880;  总正确率: 73.43%\n"}
,{"stream_name":"stdout","time":5334.780291706,"data":"类型1 正确率： 100.00% -\u003e 1   99.50%, 2    0.05%, 3    0.45%\n"}
,{"stream_name":"stdout","time":5334.780299616,"data":"类型2 正确率：  71.00% -\u003e 1    0.00%, 2   70.75%, 3   29.25%\n"}
,{"stream_name":"stdout","time":5334.780305873,"data":"类型3 正确率：  50.00% -\u003e 1    0.00%, 2   49.95%, 3   50.05%\n"}
,{"stream_name":"stdout","time":5334.78031196,"data":"\n"}
,{"stream_name":"stdout","time":5334.780317518,"data":"\n"}
,{"stream_name":"stdout","time":5334.781014646,"data":"样本变换：reverse\n"}
,{"stream_name":"stdout","time":5338.261824661,"data":"样本变换：mask\n"}
,{"stream_name":"stdout","time":5341.768843775,"data":"样本变换：shift\n"}
,{"stream_name":"stdout","time":5345.271827811,"data":"样本变换：none\n"}
,{"stream_name":"stderr","time":5350.900513465,"data":"/kaggle/working/k10/S06/sdalr_PU_final_checkpoint/tools.py:413: RuntimeWarning: invalid value encountered in divide\n"}
,{"stream_name":"stderr","time":5350.900561656,"data":"  per_class_acc = conf_matrix.diagonal() / conf_matrix.sum(axis=1) * 100\n"}
,{"stream_name":"stdout","time":5350.900611473,"data":"未过滤\t未用伪标签：73.43% -\u003e 使用伪标签：73.10%\n"}
,{"stream_name":"stdout","time":5350.900647373,"data":"已过滤\t未用伪标签：73.74% -\u003e 使用伪标签：73.79%\n"}
,{"stream_name":"stdout","time":5350.900652979,"data":"排除样本：56|6000\t剩余：1998, 2388, 1558\n"}
,{"stream_name":"stdout","time":5350.90065819,"data":"增添样本：1303\t\t细则：390, 0, 913\t正确率估算：99.16%\n"}
,{"stream_name":"stdout","time":5350.90066233,"data":"类型1 正确率： 100.00% -\u003e 1  100.00%, 2    0.00%, 3    0.00%\n"}
,{"stream_name":"stdout","time":5350.900666099,"data":"类型2 正确率：  71.00% -\u003e 1    0.00%, 2   71.33%, 3   28.67%\n"}
,{"stream_name":"stdout","time":5350.900670197,"data":"类型3 正确率：  50.00% -\u003e 1    0.00%, 2   50.00%, 3   50.00%\n"}
,{"stream_name":"stdout","time":5350.900674026,"data":"\n"}
,{"stream_name":"stdout","time":5350.900677442,"data":"被排除样本 正确率：41.07%\n"}
,{"stream_name":"stdout","time":5350.900681581,"data":"类型1 正确率：  50.00% -\u003e 1   50.00%, 2    0.00%, 3   50.00%\n"}
,{"stream_name":"stdout","time":5350.900685276,"data":"类型2 正确率：  41.00% -\u003e 1    0.00%, 2   40.74%, 3   59.26%\n"}
,{"stream_name":"stdout","time":5350.900689238,"data":"类型3 没有样本或未被分类。\n"}
,{"stream_name":"stdout","time":5350.900693184,"data":"\n"}
,{"stream_name":"stdout","time":5350.900696579,"data":"\n"}
,{"stream_name":"stdout","time":5364.384609666,"data":"轮次:··1/·20 || c_Loss:0.560 || e_Loss:-1.627 || Aad_Loss:-28.411 || 耗时：36.02s\n"}
,{"stream_name":"stdout","time":5377.94099711,"data":"轮次:··2/·20 || c_Loss:0.367 || e_Loss:-1.036 || Aad_Loss:-30.777 || 耗时：13.56s\n"}
,{"stream_name":"stdout","time":5391.572725433,"data":"轮次:··3/·20 || c_Loss:0.387 || e_Loss:-0.847 || Aad_Loss:-29.729 || 耗时：13.63s\n"}
,{"stream_name":"stdout","time":5405.253622881,"data":"轮次:··4/·20 || c_Loss:0.368 || e_Loss:-0.844 || Aad_Loss:-29.956 || 耗时：13.68s\n"}
,{"stream_name":"stdout","time":5418.978853311,"data":"轮次:··5/·20 || c_Loss:0.368 || e_Loss:-1.744 || Aad_Loss:-28.664 || 耗时：13.73s\n"}
,{"stream_name":"stdout","time":5425.662002431,"data":"任务: (B1)N15_M01_F10→(B3)N15_M07_F04; mix批次:····0; 批次:··470/·1880;  总正确率: 73.18%\n"}
,{"stream_name":"stdout","time":5425.662041176,"data":"类型1 正确率： 100.00% -\u003e 1  100.00%, 2    0.00%, 3    0.00%\n"}
,{"stream_name":"stdout","time":5425.662048313,"data":"类型2 正确率：  70.00% -\u003e 1    0.00%, 2   69.55%, 3   30.45%\n"}
,{"stream_name":"stdout","time":5425.662059879,"data":"类型3 正确率：  50.00% -\u003e 1    0.00%, 2   50.00%, 3   50.00%\n"}
,{"stream_name":"stdout","time":5425.662064188,"data":"\n"}
,{"stream_name":"stdout","time":5425.662067595,"data":"\n"}
,{"stream_name":"stdout","time":5425.698852779,"data":"样本变换：reverse\n"}
,{"stream_name":"stdout","time":5429.265847154,"data":"样本变换：mask\n"}
,{"stream_name":"stdout","time":5432.854372404,"data":"样本变换：shift\n"}
,{"stream_name":"stdout","time":5436.419811844,"data":"样本变换：none\n"}
,{"stream_name":"stderr","time":5442.090538175,"data":"/usr/local/lib/python3.12/dist-packages/sklearn/metrics/_classification.py:407: UserWarning: A single label was found in 'y_true' and 'y_pred'. For the confusion matrix to have the correct shape, use the 'labels' parameter to pass all known labels.\n"}
,{"stream_name":"stderr","time":5442.090626727,"data":"  warnings.warn(\n"}
,{"stream_name":"stdout","time":5442.090796015,"data":"未过滤\t未用伪标签：73.18% -\u003e 使用伪标签：72.57%\n"}
,{"stream_name":"stdout","time":5442.090812875,"data":"已过滤\t未用伪标签：73.15% -\u003e 使用伪标签：72.65%\n"}
,{"stream_name":"stdout","time":5442.090817952,"data":"排除样本：7|6000\t剩余：2000, 2354, 1639\n"}
,{"stream_name":"stdout","time":5442.090825734,"data":"增添样本：1164\t\t细则：354, 0, 810\t正确率估算：98.71%\n"}
,{"stream_name":"stdout","time":5442.090828727,"data":"类型1 正确率： 100.00% -\u003e 1  100.00%, 2    0.00%, 3    0.00%\n"}
,{"stream_name":"stdout","time":5442.090831559,"data":"类型2 正确率：  68.00% -\u003e 1    0.00%, 2   67.94%, 3   32.06%\n"}
,{"stream_name":"stdout","time":5442.090834211,"data":"类型3 正确率：  50.00% -\u003e 1    0.00%, 2   50.00%, 3   50.00%\n"}
,{"stream_name":"stdout","time":5442.090836849,"data":"\n"}
,{"stream_name":"stdout","time":5442.090839318,"data":"被排除样本 正确率：100.00%\n"}
,{"stream_name":"stdout","time":5442.090842017,"data":"类型1 正确率： 100.00% -\u003e 1  100.00%\n"}
,{"stream_name":"stdout","time":5442.090844632,"data":"\n"}
,{"stream_name":"stdout","time":5442.090847034,"data":"\n"}
,{"stream_name":"stdout","time":5455.819566739,"data":"轮次:··6/·20 || c_Loss:0.359 || e_Loss:-1.325 || Aad_Loss:-29.869 || 耗时：36.84s\n"}
,{"stream_name":"stdout","time":5469.689569171,"data":"轮次:··7/·20 || c_Loss:0.353 || e_Loss:-0.867 || Aad_Loss:-30.684 || 耗时：13.87s\n"}
,{"stream_name":"stdout","time":5483.562608039,"data":"轮次:··8/·20 || c_Loss:0.355 || e_Loss:-1.601 || Aad_Loss:-29.704 || 耗时：13.87s\n"}
,{"stream_name":"stdout","time":5497.46899112,"data":"轮次:··9/·20 || c_Loss:0.336 || e_Loss:-0.809 || Aad_Loss:-33.224 || 耗时：13.91s\n"}
,{"stream_name":"stdout","time":5511.400171761,"data":"轮次:·10/·20 || c_Loss:0.350 || e_Loss:-1.822 || Aad_Loss:-31.378 || 耗时：13.93s\n"}
,{"stream_name":"stdout","time":5518.130800504,"data":"任务: (B1)N15_M01_F10→(B3)N15_M07_F04; mix批次:····0; 批次:··940/·1880;  总正确率: 72.72%\n"}
,{"stream_name":"stdout","time":5518.130838752,"data":"类型1 正确率： 100.00% -\u003e 1  100.00%, 2    0.00%, 3    0.00%\n"}
,{"stream_name":"stdout","time":5518.130846952,"data":"类型2 正确率：  68.00% -\u003e 1    0.00%, 2   68.15%, 3   31.85%\n"}
,{"stream_name":"stdout","time":5518.130853052,"data":"类型3 正确率：  50.00% -\u003e 1    0.00%, 2   50.00%, 3   50.00%\n"}
,{"stream_name":"stdout","time":5518.130858993,"data":"\n"}
,{"stream_name":"stdout","time":5518.130864486,"data":"\n"}
,{"stream_name":"stdout","time":5518.179863779,"data":"样本变换：reverse\n"}
,{"stream_name":"stdout","time":5521.74282709,"data":"样本变换：mask\n"}
,{"stream_name":"stdout","time":5525.316219852,"data":"样本变换：shift\n"}
,{"stream_name":"stdout","time":5528.86385753,"data":"样本变换：none\n"}
,{"stream_name":"stderr","time":5534.501474665,"data":"/usr/local/lib/python3.12/dist-packages/sklearn/metrics/_classification.py:407: UserWarning: A single label was found in 'y_true' and 'y_pred'. For the confusion matrix to have the correct shape, use the 'labels' parameter to pass all known labels.\n"}
,{"stream_name":"stderr","time":5534.501520517,"data":"  warnings.warn(\n"}
,{"stream_name":"stdout","time":5534.501726155,"data":"未过滤\t未用伪标签：72.72% -\u003e 使用伪标签：72.35%\n"}
,{"stream_name":"stdout","time":5534.501781128,"data":"已过滤\t未用伪标签：72.71% -\u003e 使用伪标签：72.37%\n"}
,{"stream_name":"stdout","time":5534.501790161,"data":"排除样本：2|6000\t剩余：2000, 2341, 1657\n"}
,{"stream_name":"stdout","time":5534.501794457,"data":"增添样本：1123\t\t细则：341, 0, 782\t正确率估算：99.29%\n"}
,{"stream_name":"stdout","time":5534.501798686,"data":"类型1 正确率： 100.00% -\u003e 1  100.00%, 2    0.00%, 3    0.00%\n"}
,{"stream_name":"stdout","time":5534.501802795,"data":"类型2 正确率：  67.00% -\u003e 1    0.00%, 2   67.12%, 3   32.88%\n"}
,{"stream_name":"stdout","time":5534.501806822,"data":"类型3 正确率：  50.00% -\u003e 1    0.00%, 2   50.00%, 3   50.00%\n"}
,{"stream_name":"stdout","time":5534.501811018,"data":"\n"}
,{"stream_name":"stdout","time":5534.501819058,"data":"被排除样本 正确率：100.00%\n"}
,{"stream_name":"stdout","time":5534.501822161,"data":"类型1 正确率： 100.00% -\u003e 1  100.00%\n"}
,{"stream_name":"stdout","time":5534.501824846,"data":"\n"}
,{"stream_name":"stdout","time":5534.501827379,"data":"\n"}
,{"stream_name":"stdout","time":5548.167544531,"data":"轮次:·11/·20 || c_Loss:0.391 || e_Loss:-1.441 || Aad_Loss:-30.215 || 耗时：36.77s\n"}
,{"stream_name":"stdout","time":5561.867038892,"data":"轮次:·12/·20 || c_Loss:0.376 || e_Loss:-0.816 || Aad_Loss:-30.819 || 耗时：13.70s\n"}
,{"stream_name":"stdout","time":5575.571176585,"data":"轮次:·13/·20 || c_Loss:0.379 || e_Loss:-0.797 || Aad_Loss:-31.010 || 耗时：13.70s\n"}
,{"stream_name":"stdout","time":5589.26282408,"data":"轮次:·14/·20 || c_Loss:0.355 || e_Loss:-0.841 || Aad_Loss:-31.228 || 耗时：13.69s\n"}
,{"stream_name":"stdout","time":5602.964737977,"data":"轮次:·15/·20 || c_Loss:0.379 || e_Loss:-1.545 || Aad_Loss:-30.425 || 耗时：13.70s\n"}
,{"stream_name":"stdout","time":5609.569408157,"data":"任务: (B1)N15_M01_F10→(B3)N15_M07_F04; mix批次:····0; 批次:·1410/·1880;  总正确率: 72.92%\n"}
,{"stream_name":"stdout","time":5609.56945228,"data":"类型1 正确率： 100.00% -\u003e 1  100.00%, 2    0.00%, 3    0.00%\n"}
,{"stream_name":"stdout","time":5609.56945961,"data":"类型2 正确率：  69.00% -\u003e 1    0.00%, 2   68.75%, 3   31.25%\n"}
,{"stream_name":"stdout","time":5609.569470592,"data":"类型3 正确率：  50.00% -\u003e 1    0.00%, 2   50.00%, 3   50.00%\n"}
,{"stream_name":"stdout","time":5609.5694743,"data":"\n"}
,{"stream_name":"stdout","time":5609.569477518,"data":"\n"}
,{"stream_name":"stdout","time":5609.61223721,"data":"样本变换：reverse\n"}
,{"stream_name":"stdout","time":5613.115800763,"data":"样本变换：mask\n"}
,{"stream_name":"stdout","time":5616.661710398,"data":"样本变换：shift\n"}
,{"stream_name":"stdout","time":5620.186868927,"data":"样本变换：none\n"}
,{"stream_name":"stderr","time":5625.783900264,"data":"/usr/local/lib/python3.12/dist-packages/sklearn/metrics/_classification.py:407: UserWarning: A single label was found in 'y_true' and 'y_pred'. For the confusion matrix to have the correct shape, use the 'labels' parameter to pass all known labels.\n"}
,{"stream_name":"stderr","time":5625.783957183,"data":"  warnings.warn(\n"}
,{"stream_name":"stdout","time":5625.784196492,"data":"未过滤\t未用伪标签：72.92% -\u003e 使用伪标签：72.37%\n"}
,{"stream_name":"stdout","time":5625.784209397,"data":"已过滤\t未用伪标签：72.91% -\u003e 使用伪标签：72.38%\n"}
,{"stream_name":"stdout","time":5625.784216033,"data":"排除样本：1|6000\t剩余：2000, 2342, 1657\n"}
,{"stream_name":"stdout","time":5625.784221971,"data":"增添样本：1125\t\t细则：342, 0, 783\t正确率估算：98.93%\n"}
,{"stream_name":"stdout","time":5625.784248854,"data":"类型1 正确率： 100.00% -\u003e 1  100.00%, 2    0.00%, 3    0.00%\n"}
,{"stream_name":"stdout","time":5625.784253156,"data":"类型2 正确率：  67.00% -\u003e 1    0.00%, 2   67.13%, 3   32.87%\n"}
,{"stream_name":"stdout","time":5625.784257224,"data":"类型3 正确率：  50.00% -\u003e 1    0.00%, 2   50.00%, 3   50.00%\n"}
,{"stream_name":"stdout","time":5625.784261269,"data":"\n"}
,{"stream_name":"stdout","time":5625.784264919,"data":"被排除样本 正确率：100.00%\n"}
,{"stream_name":"stdout","time":5625.784272812,"data":"类型1 正确率： 100.00% -\u003e 1  100.00%\n"}
,{"stream_name":"stdout","time":5625.784276117,"data":"\n"}
,{"stream_name":"stdout","time":5625.784278701,"data":"\n"}
,{"stream_name":"stdout","time":5639.450417268,"data":"轮次:·16/·20 || c_Loss:0.446 || e_Loss:-0.716 || Aad_Loss:-31.289 || 耗时：36.49s\n"}
,{"stream_name":"stdout","time":5653.1948752,"data":"轮次:·17/·20 || c_Loss:0.344 || e_Loss:-1.555 || Aad_Loss:-32.718 || 耗时：13.74s\n"}
,{"stream_name":"stdout","time":5667.031281822,"data":"轮次:·18/·20 || c_Loss:0.357 || e_Loss:-1.785 || Aad_Loss:-31.247 || 耗时：13.84s\n"}
,{"stream_name":"stdout","time":5680.896744679,"data":"轮次:·19/·20 || c_Loss:0.352 || e_Loss:-0.846 || Aad_Loss:-31.391 || 耗时：13.87s\n"}
,{"stream_name":"stdout","time":5694.753635038,"data":"轮次:·20/·20 || c_Loss:0.404 || e_Loss:-0.791 || Aad_Loss:-31.835 || 耗时：13.86s\n"}
,{"stream_name":"stdout","time":5701.467821813,"data":"任务: (B1)N15_M01_F10→(B3)N15_M07_F04; mix批次:····0; 批次:·1880/·1880;  总正确率: 72.82%\n"}
,{"stream_name":"stdout","time":5701.467881671,"data":"类型1 正确率： 100.00% -\u003e 1  100.00%, 2    0.00%, 3    0.00%\n"}
,{"stream_name":"stdout","time":5701.467889444,"data":"类型2 正确率：  68.00% -\u003e 1    0.00%, 2   68.45%, 3   31.55%\n"}
,{"stream_name":"stdout","time":5701.467895246,"data":"类型3 正确率：  50.00% -\u003e 1    0.00%, 2   50.00%, 3   50.00%\n"}
,{"stream_name":"stdout","time":5701.467900663,"data":"\n"}
,{"stream_name":"stdout","time":5701.467905611,"data":"\n"}
,{"stream_name":"stdout","time":5708.114379054,"data":"测试集任务: (B1)N15_M01_F10→(B3)N15_M07_F04; 总正确率 = 72.82%\n"}
,{"stream_name":"stdout","time":5708.1144145,"data":"类型1 正确率： 100.00% -\u003e 1  100.00%, 2    0.00%, 3    0.00%\n"}
,{"stream_name":"stdout","time":5708.114421927,"data":"类型2 正确率：  68.00% -\u003e 1    0.00%, 2   68.45%, 3   31.55%\n"}
,{"stream_name":"stdout","time":5708.114427743,"data":"类型3 正确率：  50.00% -\u003e 1    0.00%, 2   50.00%, 3   50.00%\n"}
,{"stream_name":"stdout","time":5708.114433605,"data":"\n"}
,{"stream_name":"stdout","time":5708.114438816,"data":"\n"}
,{"stream_name":"stdout","time":5708.143163687,"data":"[tar_adaptation_RES_PU.py --folder_root /kaggle/working/k10/S06/sdalr_PU_final_checkpoint/DATA_foldS06c --seed 2024 --class_num 3 --data_name PU_M1_L3 --output /kaggle/working/k10/S06/weight_PU_M1_final_checkpoint_FS06toS06c_gatepcv_s2024 --s 0 --t 2 --lr 0.0005 --threshold 0.4 --K 0.6] 385s\n"}
,{"stream_name":"stdout","time":5708.188381919,"data":"读取源域路径：/kaggle/working/k10/S06/weight_PU_M1_final_checkpoint_FS06toS06c_gatepcv_s2024/NEW_PU/Source-源域/log\u0026pt/(B2)N15_M07_F10\n"}
,{"stream_name":"stdout","time":5708.188414129,"data":"excel输出位置：/kaggle/working/k10/S06/weight_PU_M1_final_checkpoint_FS06toS06c_gatepcv_s2024/NEW_PU/Target-目标域\n"}
,{"stream_name":"stdout","time":5708.188420573,"data":"特征图片输出位置：/kaggle/working/k10/S06/weight_PU_M1_final_checkpoint_FS06toS06c_gatepcv_s2024/NEW_PU/Picture-特征图/2026年09月19日04时40分/(B2)N15_M07_F10\n"}
,{"stream_name":"stderr","time":5708.228862973,"data":"/usr/local/lib/python3.12/dist-packages/torch/nn/utils/weight_norm.py:144: FutureWarning: `torch.nn.utils.weight_norm` is deprecated in favor of `torch.nn.utils.parametrizations.weight_norm`.\n"}
,{"stream_name":"stderr","time":5708.228899312,"data":"  WeightNorm.apply(module, name, dim)\n"}
,{"stream_name":"stdout","time":5708.268885112,"data":"现在选取:(B2)N15_M07_F10 进行训练的源模型\n"}
,{"stream_name":"stdout","time":5708.268913921,"data":"现在进行：(B2)N15_M07_F10→(B1)N15_M01_F10 的迁移任务\n"}
,{"stream_name":"stdout","time":5708.268921005,"data":"log\u0026pt输出位置：/kaggle/working/k10/S06/weight_PU_M1_final_checkpoint_FS06toS06c_gatepcv_s2024/NEW_PU/Target-目标域/log\u0026pt/(B2)N15_M07_F10→(B1)N15_M01_F10\n"}
,{"stream_name":"stderr","time":5708.270340705,"data":"sh: 1: Syntax error: word unexpected (expecting \")\")\n"}
,{"stream_name":"stdout","time":5720.340773864,"data":"任务: (B2)N15_M07_F10→(B1)N15_M01_F10; 批次:····0/·1880;  总正确率: 75.43%\n"}
,{"stream_name":"stdout","time":5720.340814077,"data":"类型1 正确率： 100.00% -\u003e 1   99.55%, 2    0.05%, 3    0.40%\n"}
,{"stream_name":"stdout","time":5720.34081859,"data":"类型2 正确率：  77.00% -\u003e 1    0.00%, 2   76.55%, 3   23.45%\n"}
,{"stream_name":"stdout","time":5720.340821811,"data":"类型3 正确率：  50.00% -\u003e 1    0.00%, 2   49.80%, 3   50.20%\n"}
,{"stream_name":"stdout","time":5720.340824588,"data":"\n"}
,{"stream_name":"stdout","time":5720.34082704,"data":"\n"}
,{"stream_name":"stdout","time":5720.34145501,"data":"样本变换：reverse\n"}
,{"stream_name":"stdout","time":5723.846843718,"data":"样本变换：mask\n"}
,{"stream_name":"stdout","time":5727.369816356,"data":"样本变换：shift\n"}
,{"stream_name":"stdout","time":5730.900041131,"data":"样本变换：none\n"}
,{"stream_name":"stdout","time":5736.707719106,"data":"未过滤\t未用伪标签：75.43% -\u003e 使用伪标签：74.20%\n"}
,{"stream_name":"stdout","time":5736.707785146,"data":"已过滤\t未用伪标签：75.42% -\u003e 使用伪标签：74.95%\n"}
,{"stream_name":"stdout","time":5736.707794847,"data":"排除样本：60|6000\t剩余：1996, 2455, 1489\n"}
,{"stream_name":"stdout","time":5736.70780042,"data":"增添样本：1716\t\t细则：459, 0, 1257\t正确率估算：98.61%\n"}
,{"stream_name":"stdout","time":5736.707824313,"data":"类型1 正确率： 100.00% -\u003e 1   99.95%, 2    0.00%, 3    0.05%\n"}
,{"stream_name":"stdout","time":5736.707834122,"data":"类型2 正确率：  75.00% -\u003e 1    0.00%, 2   74.90%, 3   25.10%\n"}
,{"stream_name":"stdout","time":5736.707838067,"data":"类型3 正确率：  50.00% -\u003e 1    0.00%, 2   49.97%, 3   50.03%\n"}
,{"stream_name":"stdout","time":5736.70784174,"data":"\n"}
,{"stream_name":"stdout","time":5736.707845369,"data":"被排除样本 正确率：76.67%\n"}
,{"stream_name":"stdout","time":5736.70784901,"data":"类型1 正确率：  67.00% -\u003e 1   66.67%, 2   33.33%, 3    0.00%\n"}
,{"stream_name":"stdout","time":5736.707852699,"data":"类型2 正确率：  77.00% -\u003e 1    0.00%, 2   76.79%, 3   23.21%\n"}
,{"stream_name":"stdout","time":5736.707856339,"data":"类型3 正确率： 100.00% -\u003e 1    0.00%, 2    0.00%, 3  100.00%\n"}
,{"stream_name":"stdout","time":5736.70785999,"data":"\n"}
,{"stream_name":"stdout","time":5736.707863694,"data":"\n"}
,{"stream_name":"stdout","time":5750.287088266,"data":"轮次:··1/·20 || c_Loss:0.559 || e_Loss:-1.590 || Aad_Loss:-25.972 || 耗时：36.38s\n"}
,{"stream_name":"stdout","time":5764.028937071,"data":"轮次:··2/·20 || c_Loss:0.383 || e_Loss:-1.173 || Aad_Loss:-28.967 || 耗时：13.74s\n"}
,{"stream_name":"stdout","time":5777.779705954,"data":"轮次:··3/·20 || c_Loss:0.379 || e_Loss:-1.633 || Aad_Loss:-27.659 || 耗时：13.75s\n"}
,{"stream_name":"stdout","time":5791.5839532,"data":"轮次:··4/·20 || c_Loss:0.332 || e_Loss:-1.596 || Aad_Loss:-29.907 || 耗时：13.80s\n"}
,{"stream_name":"stdout","time":5805.448373058,"data":"轮次:··5/·20 || c_Loss:0.348 || e_Loss:-1.674 || Aad_Loss:-29.129 || 耗时：13.86s\n"}
,{"stream_name":"stdout","time":5812.140666742,"data":"任务: (B2)N15_M07_F10→(B1)N15_M01_F10; mix批次:····0; 批次:··470/·1880;  总正确率: 75.98%\n"}
,{"stream_name":"stdout","time":5812.140725333,"data":"类型1 正确率： 100.00% -\u003e 1  100.00%, 2    0.00%, 3    0.00%\n"}
,{"stream_name":"stdout","time":5812.140733457,"data":"类型2 正确率：  78.00% -\u003e 1    0.00%, 2   77.95%, 3   22.05%\n"}
,{"stream_name":"stdout","time":5812.14073923,"data":"类型3 正确率：  50.00% -\u003e 1    0.00%, 2   50.00%, 3   50.00%\n"}
,{"stream_name":"stdout","time":5812.140744545,"data":"\n"}
,{"stream_name":"stdout","time":5812.140749724,"data":"\n"}
,{"stream_name":"stdout","time":5812.174299034,"data":"样本变换：reverse\n"}
,{"stream_name":"stdout","time":5815.696809488,"data":"样本变换：mask\n"}
,{"stream_name":"stdout","time":5819.23561068,"data":"样本变换：shift\n"}
,{"stream_name":"stdout","time":5822.77879276,"data":"样本变换：none\n"}
,{"stream_name":"stderr","time":5828.557578057,"data":"/usr/local/lib/python3.12/dist-packages/sklearn/metrics/_classification.py:407: UserWarning: A single label was found in 'y_true' and 'y_pred'. For the confusion matrix to have the correct shape, use the 'labels' parameter to pass all known labels.\n"}
,{"stream_name":"stderr","time":5828.557631765,"data":"  warnings.warn(\n"}
,{"stream_name":"stdout","time":5828.557879653,"data":"未过滤\t未用伪标签：75.98% -\u003e 使用伪标签：73.25%\n"}
,{"stream_name":"stdout","time":5828.557892444,"data":"已过滤\t未用伪标签：75.92% -\u003e 使用伪标签：73.45%\n"}
,{"stream_name":"stdout","time":5828.557896638,"data":"排除样本：16|6000\t剩余：2000, 2395, 1589\n"}
,{"stream_name":"stdout","time":5828.557900928,"data":"增添样本：1548\t\t细则：395, 0, 1153\t正确率估算：96.06%\n"}
,{"stream_name":"stdout","time":5828.55790492,"data":"类型1 正确率： 100.00% -\u003e 1  100.00%, 2    0.00%, 3    0.00%\n"}
,{"stream_name":"stdout","time":5828.557908682,"data":"类型2 正确率：  70.00% -\u003e 1    0.00%, 2   70.31%, 3   29.69%\n"}
,{"stream_name":"stdout","time":5828.557912191,"data":"类型3 正确率：  50.00% -\u003e 1    0.00%, 2   50.00%, 3   50.00%\n"}
,{"stream_name":"stdout","time":5828.557915828,"data":"\n"}
,{"stream_name":"stdout","time":5828.557919317,"data":"被排除样本 正确率：100.00%\n"}
,{"stream_name":"stdout","time":5828.557922872,"data":"类型1 正确率： 100.00% -\u003e 1  100.00%\n"}
,{"stream_name":"stdout","time":5828.557926409,"data":"\n"}
,{"stream_name":"stdout","time":5828.557929765,"data":"\n"}
,{"stream_name":"stdout","time":5842.287857322,"data":"轮次:··6/·20 || c_Loss:0.355 || e_Loss:-1.750 || Aad_Loss:-28.331 || 耗时：36.84s\n"}
,{"stream_name":"stdout","time":5856.163585132,"data":"轮次:··7/·20 || c_Loss:0.347 || e_Loss:-1.789 || Aad_Loss:-29.119 || 耗时：13.88s\n"}
,{"stream_name":"stdout","time":5870.008727366,"data":"轮次:··8/·20 || c_Loss:0.326 || e_Loss:-1.636 || Aad_Loss:-30.260 || 耗时：13.85s\n"}
,{"stream_name":"stdout","time":5883.900934861,"data":"轮次:··9/·20 || c_Loss:0.379 || e_Loss:-1.850 || Aad_Loss:-29.455 || 耗时：13.89s\n"}
,{"stream_name":"stdout","time":5897.816749398,"data":"轮次:·10/·20 || c_Loss:0.404 || e_Loss:-1.797 || Aad_Loss:-28.681 || 耗时：13.92s\n"}
,{"stream_name":"stdout","time":5904.523003445,"data":"任务: (B2)N15_M07_F10→(B1)N15_M01_F10; mix批次:····0; 批次:··940/·1880;  总正确率: 75.17%\n"}
,{"stream_name":"stdout","time":5904.523049723,"data":"类型1 正确率： 100.00% -\u003e 1  100.00%, 2    0.00%, 3    0.00%\n"}
,{"stream_name":"stdout","time":5904.523055444,"data":"类型2 正确率：  76.00% -\u003e 1    0.00%, 2   75.50%, 3   24.50%\n"}
,{"stream_name":"stdout","time":5904.523059323,"data":"类型3 正确率：  50.00% -\u003e 1    0.00%, 2   50.00%, 3   50.00%\n"}
,{"stream_name":"stdout","time":5904.523063126,"data":"\n"}
,{"stream_name":"stdout","time":5904.523066553,"data":"\n"}
,{"stream_name":"stdout","time":5904.569381842,"data":"样本变换：reverse\n"}
,{"stream_name":"stdout","time":5908.11187656,"data":"样本变换：mask\n"}
,{"stream_name":"stdout","time":5911.709897655,"data":"样本变换：shift\n"}
,{"stream_name":"stdout","time":5915.251907297,"data":"样本变换：none\n"}
,{"stream_name":"stderr","time":5921.026254076,"data":"/usr/local/lib/python3.12/dist-packages/sklearn/metrics/_classification.py:407: UserWarning: A single label was found in 'y_true' and 'y_pred'. For the confusion matrix to have the correct shape, use the 'labels' parameter to pass all known labels.\n"}
,{"stream_name":"stderr","time":5921.026287453,"data":"  warnings.warn(\n"}
,{"stream_name":"stdout","time":5921.026551393,"data":"未过滤\t未用伪标签：75.17% -\u003e 使用伪标签：72.68%\n"}
,{"stream_name":"stdout","time":5921.026563348,"data":"已过滤\t未用伪标签：75.15% -\u003e 使用伪标签：72.74%\n"}
,{"stream_name":"stdout","time":5921.026569494,"data":"排除样本：5|6000\t剩余：2000, 2361, 1634\n"}
,{"stream_name":"stdout","time":5921.026575105,"data":"增添样本：1467\t\t细则：361, 0, 1106\t正确率估算：97.07%\n"}
,{"stream_name":"stdout","time":5921.026580972,"data":"类型1 正确率： 100.00% -\u003e 1  100.00%, 2    0.00%, 3    0.00%\n"}
,{"stream_name":"stdout","time":5921.026606019,"data":"类型2 正确率：  68.00% -\u003e 1    0.00%, 2   68.22%, 3   31.78%\n"}
,{"stream_name":"stdout","time":5921.026612243,"data":"类型3 正确率：  50.00% -\u003e 1    0.00%, 2   50.00%, 3   50.00%\n"}
,{"stream_name":"stdout","time":5921.026618141,"data":"\n"}
,{"stream_name":"stdout","time":5921.026623227,"data":"被排除样本 正确率：100.00%\n"}
,{"stream_name":"stdout","time":5921.02662862,"data":"类型1 正确率： 100.00% -\u003e 1  100.00%\n"}
,{"stream_name":"stdout","time":5921.026634069,"data":"\n"}
,{"stream_name":"stdout","time":5921.02663912,"data":"\n"}
,{"stream_name":"stdout","time":5934.72227323,"data":"轮次:·11/·20 || c_Loss:0.335 || e_Loss:-1.511 || Aad_Loss:-30.264 || 耗时：36.91s\n"}
,{"stream_name":"stdout","time":5948.510184857,"data":"轮次:·12/·20 || c_Loss:0.390 || e_Loss:-1.733 || Aad_Loss:-29.829 || 耗时：13.79s\n"}
,{"stream_name":"stdout","time":5962.285724087,"data":"轮次:·13/·20 || c_Loss:0.321 || e_Loss:-1.548 || Aad_Loss:-31.384 || 耗时：13.78s\n"}
,{"stream_name":"stdout","time":5976.060990723,"data":"轮次:·14/·20 || c_Loss:0.348 || e_Loss:-1.844 || Aad_Loss:-30.759 || 耗时：13.78s\n"}
,{"stream_name":"stdout","time":5989.825697603,"data":"轮次:·15/·20 || c_Loss:0.352 || e_Loss:-1.668 || Aad_Loss:-28.878 || 耗时：13.76s\n"}
,{"stream_name":"stdout","time":5996.456847774,"data":"任务: (B2)N15_M07_F10→(B1)N15_M01_F10; mix批次:····0; 批次:·1410/·1880;  总正确率: 73.98%\n"}
,{"stream_name":"stdout","time":5996.456908716,"data":"类型1 正确率： 100.00% -\u003e 1  100.00%, 2    0.00%, 3    0.00%\n"}
,{"stream_name":"stdout","time":5996.456916176,"data":"类型2 正确率：  72.00% -\u003e 1    0.00%, 2   71.95%, 3   28.05%\n"}
,{"stream_name":"stdout","time":5996.456921336,"data":"类型3 正确率：  50.00% -\u003e 1    0.00%, 2   50.00%, 3   50.00%\n"}
,{"stream_name":"stdout","time":5996.456926091,"data":"\n"}
,{"stream_name":"stdout","time":5996.456929757,"data":"\n"}
,{"stream_name":"stdout","time":5996.502385323,"data":"样本变换：reverse\n"}
,{"stream_name":"stdout","time":6000.012815775,"data":"样本变换：mask\n"}
,{"stream_name":"stdout","time":6003.564615967,"data":"样本变换：shift\n"}
,{"stream_name":"stdout","time":6007.11962029,"data":"样本变换：none\n"}
,{"stream_name":"stderr","time":6013.108555061,"data":"/usr/local/lib/python3.12/dist-packages/sklearn/metrics/_classification.py:407: UserWarning: A single label was found in 'y_true' and 'y_pred'. For the confusion matrix to have the correct shape, use the 'labels' parameter to pass all known labels.\n"}
,{"stream_name":"stderr","time":6013.108634762,"data":"  warnings.warn(\n"}
,{"stream_name":"stdout","time":6013.10878911,"data":"未过滤\t未用伪标签：73.98% -\u003e 使用伪标签：72.45%\n"}
,{"stream_name":"stdout","time":6013.108805357,"data":"已过滤\t未用伪标签：73.97% -\u003e 使用伪标签：72.49%\n"}
,{"stream_name":"stdout","time":6013.108811821,"data":"排除样本：3|6000\t剩余：2000, 2347, 1650\n"}
,{"stream_name":"stdout","time":6013.108817255,"data":"增添样本：1434\t\t细则：347, 0, 1087\t正确率估算：98.12%\n"}
,{"stream_name":"stdout","time":6013.108822875,"data":"类型1 正确率： 100.00% -\u003e 1  100.00%, 2    0.00%, 3    0.00%\n"}
,{"stream_name":"stdout","time":6013.108828347,"data":"类型2 正确率：  67.00% -\u003e 1    0.00%, 2   67.45%, 3   32.55%\n"}
,{"stream_name":"stdout","time":6013.108833725,"data":"类型3 正确率：  50.00% -\u003e 1    0.00%, 2   50.00%, 3   50.00%\n"}
,{"stream_name":"stdout","time":6013.108839084,"data":"\n"}
,{"stream_name":"stdout","time":6013.10884466,"data":"被排除样本 正确率：100.00%\n"}
,{"stream_name":"stdout","time":6013.108851102,"data":"类型1 正确率： 100.00% -\u003e 1  100.00%\n"}
,{"stream_name":"stdout","time":6013.108857164,"data":"\n"}
,{"stream_name":"stdout","time":6013.108862858,"data":"\n"}
,{"stream_name":"stdout","time":6026.758630379,"data":"轮次:·16/·20 || c_Loss:0.342 || e_Loss:-1.631 || Aad_Loss:-31.025 || 耗时：36.93s\n"}
,{"stream_name":"stdout","time":6040.502487144,"data":"轮次:·17/·20 || c_Loss:0.372 || e_Loss:-0.800 || Aad_Loss:-31.270 || 耗时：13.74s\n"}
,{"stream_name":"stdout","time":6054.289464122,"data":"轮次:·18/·20 || c_Loss:0.402 || e_Loss:-1.788 || Aad_Loss:-29.519 || 耗时：13.79s\n"}
,{"stream_name":"stdout","time":6068.115457379,"data":"轮次:·19/·20 || c_Loss:0.437 || e_Loss:-1.778 || Aad_Loss:-30.223 || 耗时：13.83s\n"}
,{"stream_name":"stdout","time":6081.976807366,"data":"轮次:·20/·20 || c_Loss:0.333 || e_Loss:-1.690 || Aad_Loss:-31.692 || 耗时：13.86s\n"}
,{"stream_name":"stdout","time":6088.687362233,"data":"任务: (B2)N15_M07_F10→(B1)N15_M01_F10; mix批次:····0; 批次:·1880/·1880;  总正确率: 73.87%\n"}
,{"stream_name":"stdout","time":6088.68741062,"data":"类型1 正确率： 100.00% -\u003e 1  100.00%, 2    0.00%, 3    0.00%\n"}
,{"stream_name":"stdout","time":6088.687416438,"data":"类型2 正确率：  72.00% -\u003e 1    0.05%, 2   71.60%, 3   28.35%\n"}
,{"stream_name":"stdout","time":6088.687432405,"data":"类型3 正确率：  50.00% -\u003e 1    0.00%, 2   50.00%, 3   50.00%\n"}
,{"stream_name":"stdout","time":6088.68744404,"data":"\n"}
,{"stream_name":"stdout","time":6088.687446831,"data":"\n"}
,{"stream_name":"stdout","time":6095.338894048,"data":"测试集任务: (B2)N15_M07_F10→(B1)N15_M01_F10; 总正确率 = 73.87%\n"}
,{"stream_name":"stdout","time":6095.338935095,"data":"类型1 正确率： 100.00% -\u003e 1  100.00%, 2    0.00%, 3    0.00%\n"}
,{"stream_name":"stdout","time":6095.338942812,"data":"类型2 正确率：  72.00% -\u003e 1    0.05%, 2   71.60%, 3   28.35%\n"}
,{"stream_name":"stdout","time":6095.338949148,"data":"类型3 正确率：  50.00% -\u003e 1    0.00%, 2   50.00%, 3   50.00%\n"}
,{"stream_name":"stdout","time":6095.338955933,"data":"\n"}
,{"stream_name":"stdout","time":6095.338961468,"data":"\n"}
,{"stream_name":"stdout","time":6095.365738852,"data":"[tar_adaptation_RES_PU.py --folder_root /kaggle/working/k10/S06/sdalr_PU_final_checkpoint/DATA_foldS06c --seed 2024 --class_num 3 --data_name PU_M1_L3 --output /kaggle/working/k10/S06/weight_PU_M1_final_checkpoint_FS06toS06c_gatepcv_s2024 --s 1 --t 0 --lr 0.0005 --threshold 0.4 --K 0.6] 387s\n"}
,{"stream_name":"stdout","time":6095.407401473,"data":"读取源域路径：/kaggle/working/k10/S06/weight_PU_M1_final_checkpoint_FS06toS06c_gatepcv_s2024/NEW_PU/Source-源域/log\u0026pt/(B2)N15_M07_F10\n"}
,{"stream_name":"stdout","time":6095.40743503,"data":"excel输出位置：/kaggle/working/k10/S06/weight_PU_M1_final_checkpoint_FS06toS06c_gatepcv_s2024/NEW_PU/Target-目标域\n"}
,{"stream_name":"stdout","time":6095.407442319,"data":"特征图片输出位置：/kaggle/working/k10/S06/weight_PU_M1_final_checkpoint_FS06toS06c_gatepcv_s2024/NEW_PU/Picture-特征图/2026年09月19日04时46分/(B2)N15_M07_F10\n"}
,{"stream_name":"stderr","time":6095.445234394,"data":"/usr/local/lib/python3.12/dist-packages/torch/nn/utils/weight_norm.py:144: FutureWarning: `torch.nn.utils.weight_norm` is deprecated in favor of `torch.nn.utils.parametrizations.weight_norm`.\n"}
,{"stream_name":"stderr","time":6095.445274004,"data":"  WeightNorm.apply(module, name, dim)\n"}
,{"stream_name":"stdout","time":6095.486820803,"data":"现在选取:(B2)N15_M07_F10 进行训练的源模型\n"}
,{"stream_name":"stdout","time":6095.486855111,"data":"现在进行：(B2)N15_M07_F10→(B3)N15_M07_F04 的迁移任务\n"}
,{"stream_name":"stdout","time":6095.48686318,"data":"log\u0026pt输出位置：/kaggle/working/k10/S06/weight_PU_M1_final_checkpoint_FS06toS06c_gatepcv_s2024/NEW_PU/Target-目标域/log\u0026pt/(B2)N15_M07_F10→(B3)N15_M07_F04\n"}
,{"stream_name":"stderr","time":6095.488274556,"data":"sh: 1: Syntax error: word unexpected (expecting \")\")\n"}
,{"stream_name":"stdout","time":6107.688839148,"data":"任务: (B2)N15_M07_F10→(B3)N15_M07_F04; 批次:····0/·1880;  总正确率: 75.77%\n"}
,{"stream_name":"stdout","time":6107.68888297,"data":"类型1 正确率： 100.00% -\u003e 1   99.85%, 2    0.05%, 3    0.10%\n"}
,{"stream_name":"stdout","time":6107.688891632,"data":"类型2 正确率：  77.00% -\u003e 1    0.00%, 2   76.60%, 3   23.40%\n"}
,{"stream_name":"stdout","time":6107.688897542,"data":"类型3 正确率：  51.00% -\u003e 1    0.00%, 2   49.15%, 3   50.85%\n"}
,{"stream_name":"stdout","time":6107.688902903,"data":"\n"}
,{"stream_name":"stdout","time":6107.688910213,"data":"\n"}
,{"stream_name":"stdout","time":6107.689642148,"data":"样本变换：reverse\n"}
,{"stream_name":"stdout","time":6111.180705405,"data":"样本变换：mask\n"}
,{"stream_name":"stdout","time":6114.687824491,"data":"样本变换：shift\n"}
,{"stream_name":"stdout","time":6118.222923196,"data":"样本变换：none\n"}
,{"stream_name":"stdout","time":6124.118717577,"data":"未过滤\t未用伪标签：75.77% -\u003e 使用伪标签：75.42%\n"}
,{"stream_name":"stdout","time":6124.118791643,"data":"已过滤\t未用伪标签：76.19% -\u003e 使用伪标签：76.46%\n"}
,{"stream_name":"stdout","time":6124.118801716,"data":"排除样本：82|6000\t剩余：1997, 2518, 1403\n"}
,{"stream_name":"stdout","time":6124.118807494,"data":"增添样本：1698\t\t细则：521, 0, 1177\t正确率估算：99.76%\n"}
,{"stream_name":"stdout","time":6124.118813457,"data":"类型1 正确率： 100.00% -\u003e 1  100.00%, 2    0.00%, 3    0.00%\n"}
,{"stream_name":"stdout","time":6124.118819254,"data":"类型2 正确率：  79.00% -\u003e 1    0.00%, 2   79.19%, 3   20.81%\n"}
,{"stream_name":"stdout","time":6124.118824892,"data":"类型3 正确率：  50.00% -\u003e 1    0.00%, 2   49.75%, 3   50.25%\n"}
,{"stream_name":"stdout","time":6124.118830658,"data":"\n"}
,{"stream_name":"stdout","time":6124.118835421,"data":"被排除样本 正确率：45.12%\n"}
,{"stream_name":"stdout","time":6124.118840947,"data":"类型1 正确率：  67.00% -\u003e 1   66.67%, 2   33.33%, 3    0.00%\n"}
,{"stream_name":"stdout","time":6124.118846382,"data":"类型2 正确率：  40.00% -\u003e 1    0.00%, 2   39.73%, 3   60.27%\n"}
,{"stream_name":"stdout","time":6124.118851999,"data":"类型3 正确率： 100.00% -\u003e 1    0.00%, 2    0.00%, 3  100.00%\n"}
,{"stream_name":"stdout","time":6124.11885746,"data":"\n"}
,{"stream_name":"stdout","time":6124.118862786,"data":"\n"}
,{"stream_name":"stdout","time":6137.699733164,"data":"轮次:··1/·20 || c_Loss:0.569 || e_Loss:-1.613 || Aad_Loss:-29.327 || 耗时：36.45s\n"}
,{"stream_name":"stdout","time":6151.378728491,"data":"轮次:··2/·20 || c_Loss:0.400 || e_Loss:-1.798 || Aad_Loss:-27.778 || 耗时：13.68s\n"}
,{"stream_name":"stdout","time":6165.105484015,"data":"轮次:··3/·20 || c_Loss:0.359 || e_Loss:-0.897 || Aad_Loss:-29.216 || 耗时：13.73s\n"}
,{"stream_name":"stdout","time":6178.86185392,"data":"轮次:··4/·20 || c_Loss:0.353 || e_Loss:-1.360 || Aad_Loss:-27.789 || 耗时：13.76s\n"}
,{"stream_name":"stdout","time":6192.758946348,"data":"轮次:··5/·20 || c_Loss:0.377 || e_Loss:-1.717 || Aad_Loss:-30.444 || 耗时：13.90s\n"}
,{"stream_name":"stdout","time":6199.448463684,"data":"任务: (B2)N15_M07_F10→(B3)N15_M07_F04; mix批次:····0; 批次:··470/·1880;  总正确率: 76.70%\n"}
,{"stream_name":"stdout","time":6199.448529668,"data":"类型1 正确率： 100.00% -\u003e 1  100.00%, 2    0.00%, 3    0.00%\n"}
,{"stream_name":"stdout","time":6199.448535758,"data":"类型2 正确率：  80.00% -\u003e 1    0.00%, 2   80.10%, 3   19.90%\n"}
,{"stream_name":"stdout","time":6199.448539772,"data":"类型3 正确率：  50.00% -\u003e 1    0.00%, 2   50.00%, 3   50.00%\n"}
,{"stream_name":"stdout","time":6199.4485437,"data":"\n"}
,{"stream_name":"stdout","time":6199.448547288,"data":"\n"}
,{"stream_name":"stdout","time":6199.484637645,"data":"样本变换：reverse\n"}
,{"stream_name":"stdout","time":6203.036894568,"data":"样本变换：mask\n"}
,{"stream_name":"stdout","time":6206.624362888,"data":"样本变换：shift\n"}
,{"stream_name":"stdout","time":6210.196820869,"data":"样本变换：none\n"}
,{"stream_name":"stderr","time":6216.027081647,"data":"/usr/local/lib/python3.12/dist-packages/sklearn/metrics/_classification.py:407: UserWarning: A single label was found in 'y_true' and 'y_pred'. For the confusion matrix to have the correct shape, use the 'labels' parameter to pass all known labels.\n"}
,{"stream_name":"stderr","time":6216.027151955,"data":"  warnings.warn(\n"}
,{"stream_name":"stdout","time":6216.027204787,"data":"未过滤\t未用伪标签：76.70% -\u003e 使用伪标签：74.58%\n"}
,{"stream_name":"stdout","time":6216.027244741,"data":"已过滤\t未用伪标签：76.58% -\u003e 使用伪标签：74.96%\n"}
,{"stream_name":"stdout","time":6216.027250555,"data":"排除样本：30|6000\t剩余：2000, 2475, 1495\n"}
,{"stream_name":"stdout","time":6216.027255119,"data":"增添样本：1527\t\t细则：475, 0, 1052\t正确率估算：96.33%\n"}
,{"stream_name":"stdout","time":6216.027259417,"data":"类型1 正确率： 100.00% -\u003e 1  100.00%, 2    0.00%, 3    0.00%\n"}
,{"stream_name":"stdout","time":6216.02726358,"data":"类型2 正确率：  75.00% -\u003e 1    0.00%, 2   74.87%, 3   25.13%\n"}
,{"stream_name":"stdout","time":6216.027267951,"data":"类型3 正确率：  50.00% -\u003e 1    0.00%, 2   50.00%, 3   50.00%\n"}
,{"stream_name":"stdout","time":6216.02727187,"data":"\n"}
,{"stream_name":"stdout","time":6216.027275478,"data":"被排除样本 正确率：100.00%\n"}
,{"stream_name":"stdout","time":6216.027279038,"data":"类型1 正确率： 100.00% -\u003e 1  100.00%\n"}
,{"stream_name":"stdout","time":6216.027283262,"data":"\n"}
,{"stream_name":"stdout","time":6216.02729039,"data":"\n"}
,{"stream_name":"stdout","time":6229.768216182,"data":"轮次:··6/·20 || c_Loss:0.376 || e_Loss:-1.311 || Aad_Loss:-27.555 || 耗时：37.01s\n"}
,{"stream_name":"stdout","time":6243.577463222,"data":"轮次:··7/·20 || c_Loss:0.345 || e_Loss:-0.923 || Aad_Loss:-30.641 || 耗时：13.81s\n"}
,{"stream_name":"stdout","time":6257.405082681,"data":"轮次:··8/·20 || c_Loss:0.359 || e_Loss:-1.609 || Aad_Loss:-31.184 || 耗时：13.83s\n"}
,{"stream_name":"stdout","time":6271.231038787,"data":"轮次:··9/·20 || c_Loss:0.341 || e_Loss:-0.911 || Aad_Loss:-32.048 || 耗时：13.83s\n"}
,{"stream_name":"stdout","time":6285.134085112,"data":"轮次:·10/·20 || c_Loss:0.369 || e_Loss:-0.849 || Aad_Loss:-30.025 || 耗时：13.90s\n"}
,{"stream_name":"stdout","time":6291.822382178,"data":"任务: (B2)N15_M07_F10→(B3)N15_M07_F04; mix批次:····0; 批次:··940/·1880;  总正确率: 74.78%\n"}
,{"stream_name":"stdout","time":6291.822418872,"data":"类型1 正确率： 100.00% -\u003e 1  100.00%, 2    0.00%, 3    0.00%\n"}
,{"stream_name":"stdout","time":6291.822425977,"data":"类型2 正确率：  74.00% -\u003e 1    0.00%, 2   74.35%, 3   25.65%\n"}
,{"stream_name":"stdout","time":6291.822431625,"data":"类型3 正确率：  50.00% -\u003e 1    0.00%, 2   50.00%, 3   50.00%\n"}
,{"stream_name":"stdout","time":6291.822449286,"data":"\n"}
,{"stream_name":"stdout","time":6291.822454461,"data":"\n"}
,{"stream_name":"stdout","time":6291.869147035,"data":"样本变换：reverse\n"}
,{"stream_name":"stdout","time":6295.410820881,"data":"样本变换：mask\n"}
,{"stream_name":"stdout","time":6299.000834601,"data":"样本变换：shift\n"}
,{"stream_name":"stdout","time":6302.584390611,"data":"样本变换：none\n"}
,{"stream_name":"stderr","time":6308.272953186,"data":"/usr/local/lib/python3.12/dist-packages/sklearn/metrics/_classification.py:407: UserWarning: A single label was found in 'y_true' and 'y_pred'. For the confusion matrix to have the correct shape, use the 'labels' parameter to pass all known labels.\n"}
,{"stream_name":"stderr","time":6308.273020441,"data":"  warnings.warn(\n"}
,{"stream_name":"stdout","time":6308.273222882,"data":"未过滤\t未用伪标签：74.78% -\u003e 使用伪标签：73.12%\n"}
,{"stream_name":"stdout","time":6308.27324325,"data":"已过滤\t未用伪标签：74.72% -\u003e 使用伪标签：73.30%\n"}
,{"stream_name":"stdout","time":6308.273247853,"data":"排除样本：15|6000\t剩余：2000, 2387, 1598\n"}
,{"stream_name":"stdout","time":6308.273267359,"data":"增添样本：1265\t\t细则：387, 0, 878\t正确率估算：97.79%\n"}
,{"stream_name":"stdout","time":6308.273287181,"data":"类型1 正确率： 100.00% -\u003e 1  100.00%, 2    0.00%, 3    0.00%\n"}
,{"stream_name":"stdout","time":6308.273291663,"data":"类型2 正确率：  70.00% -\u003e 1    0.00%, 2   69.87%, 3   30.13%\n"}
,{"stream_name":"stdout","time":6308.273296784,"data":"类型3 正确率：  50.00% -\u003e 1    0.00%, 2   50.00%, 3   50.00%\n"}
,{"stream_name":"stdout","time":6308.273301371,"data":"\n"}
,{"stream_name":"stdout","time":6308.273306025,"data":"被排除样本 正确率：100.00%\n"}
,{"stream_name":"stdout","time":6308.273310687,"data":"类型1 正确率： 100.00% -\u003e 1  100.00%\n"}
,{"stream_name":"stdout","time":6308.273314491,"data":"\n"}
,{"stream_name":"stdout","time":6308.273318029,"data":"\n"}
,{"stream_name":"stdout","time":6321.983083806,"data":"轮次:·11/·20 || c_Loss:0.342 || e_Loss:-1.786 || Aad_Loss:-30.314 || 耗时：36.85s\n"}
,{"stream_name":"stdout","time":6335.743831688,"data":"轮次:·12/·20 || c_Loss:0.334 || e_Loss:-0.920 || Aad_Loss:-31.227 || 耗时：13.76s\n"}
,{"stream_name":"stdout","time":6349.536975523,"data":"轮次:·13/·20 || c_Loss:0.361 || e_Loss:-0.829 || Aad_Loss:-30.698 || 耗时：13.79s\n"}
,{"stream_name":"stdout","time":6363.330846561,"data":"轮次:·14/·20 || c_Loss:0.364 || e_Loss:-1.693 || Aad_Loss:-29.888 || 耗时：13.79s\n"}
,{"stream_name":"stdout","time":6377.11294501,"data":"轮次:·15/·20 || c_Loss:0.356 || e_Loss:-0.872 || Aad_Loss:-30.370 || 耗时：13.78s\n"}
,{"stream_name":"stdout","time":6383.772019746,"data":"任务: (B2)N15_M07_F10→(B3)N15_M07_F04; mix批次:····0; 批次:·1410/·1880;  总正确率: 73.62%\n"}
,{"stream_name":"stdout","time":6383.772057856,"data":"类型1 正确率： 100.00% -\u003e 1  100.00%, 2    0.00%, 3    0.00%\n"}
,{"stream_name":"stdout","time":6383.772063036,"data":"类型2 正确率：  71.00% -\u003e 1    0.00%, 2   70.85%, 3   29.15%\n"}
,{"stream_name":"stdout","time":6383.772066608,"data":"类型3 正确率：  50.00% -\u003e 1    0.00%, 2   50.00%, 3   50.00%\n"}
,{"stream_name":"stdout","time":6383.772070866,"data":"\n"}
,{"stream_name":"stdout","time":6383.772087895,"data":"\n"}
,{"stream_name":"stdout","time":6383.816828489,"data":"样本变换：reverse\n"}
,{"stream_name":"stdout","time":6387.325904873,"data":"样本变换：mask\n"}
,{"stream_name":"stdout","time":6390.855808199,"data":"样本变换：shift\n"}
,{"stream_name":"stdout","time":6394.40179849,"data":"样本变换：none\n"}
,{"stream_name":"stderr","time":6400.055865223,"data":"/usr/local/lib/python3.12/dist-packages/sklearn/metrics/_classification.py:407: UserWarning: A single label was found in 'y_true' and 'y_pred'. For the confusion matrix to have the correct shape, use the 'labels' parameter to pass all known labels.\n"}
,{"stream_name":"stderr","time":6400.055938257,"data":"  warnings.warn(\n"}
,{"stream_name":"stdout","time":6400.056130399,"data":"未过滤\t未用伪标签：73.62% -\u003e 使用伪标签：72.70%\n"}
,{"stream_name":"stdout","time":6400.056145608,"data":"已过滤\t未用伪标签：73.59% -\u003e 使用伪标签：72.77%\n"}
,{"stream_name":"stdout","time":6400.056151723,"data":"排除样本：6|6000\t剩余：2000, 2362, 1632\n"}
,{"stream_name":"stdout","time":6400.05615886,"data":"增添样本：1185\t\t细则：362, 0, 823\t正确率估算：98.48%\n"}
,{"stream_name":"stdout","time":6400.056166471,"data":"类型1 正确率： 100.00% -\u003e 1  100.00%, 2    0.00%, 3    0.00%\n"}
,{"stream_name":"stdout","time":6400.056172572,"data":"类型2 正确率：  68.00% -\u003e 1    0.00%, 2   68.30%, 3   31.70%\n"}
,{"stream_name":"stdout","time":6400.056194948,"data":"类型3 正确率：  50.00% -\u003e 1    0.00%, 2   50.00%, 3   50.00%\n"}
,{"stream_name":"stdout","time":6400.056200435,"data":"\n"}
,{"stream_name":"stdout","time":6400.056204891,"data":"被排除样本 正确率：100.00%\n"}
,{"stream_name":"stdout","time":6400.056209418,"data":"类型1 正确率： 100.00% -\u003e 1  100.00%\n"}
,{"stream_name":"stdout","time":6400.056213405,"data":"\n"}
,{"stream_name":"stdout","time":6400.056217043,"data":"\n"}
,{"stream_name":"stdout","time":6413.756725958,"data":"轮次:·16/·20 || c_Loss:0.362 || e_Loss:-1.468 || Aad_Loss:-31.313 || 耗时：36.64s\n"}
,{"stream_name":"stdout","time":6427.525506524,"data":"轮次:·17/·20 || c_Loss:0.394 || e_Loss:-1.483 || Aad_Loss:-30.017 || 耗时：13.77s\n"}
,{"stream_name":"stdout","time":6441.30854213,"data":"轮次:·18/·20 || c_Loss:0.355 || e_Loss:-1.544 || Aad_Loss:-29.766 || 耗时：13.78s\n"}
,{"stream_name":"stdout","time":6455.128592583,"data":"轮次:·19/·20 || c_Loss:0.400 || e_Loss:-0.779 || Aad_Loss:-32.250 || 耗时：13.82s\n"}
,{"stream_name":"stdout","time":6468.915207902,"data":"轮次:·20/·20 || c_Loss:0.339 || e_Loss:-1.273 || Aad_Loss:-31.356 || 耗时：13.79s\n"}
,{"stream_name":"stdout","time":6475.594850021,"data":"任务: (B2)N15_M07_F10→(B3)N15_M07_F04; mix批次:····0; 批次:·1880/·1880;  总正确率: 73.27%\n"}
,{"stream_name":"stdout","time":6475.594888792,"data":"类型1 正确率： 100.00% -\u003e 1  100.00%, 2    0.00%, 3    0.00%\n"}
,{"stream_name":"stdout","time":6475.59489647,"data":"类型2 正确率：  70.00% -\u003e 1    0.00%, 2   69.80%, 3   30.20%\n"}
,{"stream_name":"stdout","time":6475.594902953,"data":"类型3 正确率：  50.00% -\u003e 1    0.00%, 2   50.00%, 3   50.00%\n"}
,{"stream_name":"stdout","time":6475.594909571,"data":"\n"}
,{"stream_name":"stdout","time":6475.594915162,"data":"\n"}
,{"stream_name":"stdout","time":6482.271372691,"data":"测试集任务: (B2)N15_M07_F10→(B3)N15_M07_F04; 总正确率 = 73.27%\n"}
,{"stream_name":"stdout","time":6482.27142147,"data":"类型1 正确率： 100.00% -\u003e 1  100.00%, 2    0.00%, 3    0.00%\n"}
,{"stream_name":"stdout","time":6482.271444565,"data":"类型2 正确率：  70.00% -\u003e 1    0.00%, 2   69.80%, 3   30.20%\n"}
,{"stream_name":"stdout","time":6482.271451226,"data":"类型3 正确率：  50.00% -\u003e 1    0.00%, 2   50.00%, 3   50.00%\n"}
,{"stream_name":"stdout","time":6482.271457456,"data":"\n"}
,{"stream_name":"stdout","time":6482.271463349,"data":"\n"}
,{"stream_name":"stdout","time":6482.299924108,"data":"[tar_adaptation_RES_PU.py --folder_root /kaggle/working/k10/S06/sdalr_PU_final_checkpoint/DATA_foldS06c --seed 2024 --class_num 3 --data_name PU_M1_L3 --output /kaggle/working/k10/S06/weight_PU_M1_final_checkpoint_FS06toS06c_gatepcv_s2024 --s 1 --t 2 --lr 0.0005 --threshold 0.4 --K 0.6] 387s\n"}
,{"stream_name":"stdout","time":6482.349326408,"data":"读取源域路径：/kaggle/working/k10/S06/weight_PU_M1_final_checkpoint_FS06toS06c_gatepcv_s2024/NEW_PU/Source-源域/log\u0026pt/(B3)N15_M07_F04\n"}
,{"stream_name":"stdout","time":6482.349378474,"data":"excel输出位置：/kaggle/working/k10/S06/weight_PU_M1_final_checkpoint_FS06toS06c_gatepcv_s2024/NEW_PU/Target-目标域\n"}
,{"stream_name":"stdout","time":6482.349458591,"data":"特征图片输出位置：/kaggle/working/k10/S06/weight_PU_M1_final_checkpoint_FS06toS06c_gatepcv_s2024/NEW_PU/Picture-特征图/2026年09月19日04时53分/(B3)N15_M07_F04\n"}
,{"stream_name":"stderr","time":6482.387098927,"data":"/usr/local/lib/python3.12/dist-packages/torch/nn/utils/weight_norm.py:144: FutureWarning: `torch.nn.utils.weight_norm` is deprecated in favor of `torch.nn.utils.parametrizations.weight_norm`.\n"}
,{"stream_name":"stderr","time":6482.38715868,"data":"  WeightNorm.apply(module, name, dim)\n"}
,{"stream_name":"stdout","time":6482.427497558,"data":"现在选取:(B3)N15_M07_F04 进行训练的源模型\n"}
,{"stream_name":"stdout","time":6482.427528472,"data":"现在进行：(B3)N15_M07_F04→(B1)N15_M01_F10 的迁移任务\n"}
,{"stream_name":"stdout","time":6482.427534001,"data":"log\u0026pt输出位置：/kaggle/working/k10/S06/weight_PU_M1_final_checkpoint_FS06toS06c_gatepcv_s2024/NEW_PU/Target-目标域/log\u0026pt/(B3)N15_M07_F04→(B1)N15_M01_F10\n"}
,{"stream_name":"stderr","time":6482.429116923,"data":"sh: 1: Syntax error: word unexpected (expecting \")\")\n"}
,{"stream_name":"stdout","time":6494.412232235,"data":"任务: (B3)N15_M07_F04→(B1)N15_M01_F10; 批次:····0/·1880;  总正确率: 53.65%\n"}
,{"stream_name":"stdout","time":6494.412281868,"data":"类型1 正确率：  84.00% -\u003e 1   84.00%, 2    0.25%, 3   15.75%\n"}
,{"stream_name":"stdout","time":6494.412287997,"data":"类型2 正确率：  43.00% -\u003e 1    0.00%, 2   43.15%, 3   56.85%\n"}
,{"stream_name":"stdout","time":6494.412291873,"data":"类型3 正确率：  34.00% -\u003e 1    0.00%, 2   66.20%, 3   33.80%\n"}
,{"stream_name":"stdout","time":6494.41229559,"data":"\n"}
,{"stream_name":"stdout","time":6494.412299196,"data":"\n"}
,{"stream_name":"stdout","time":6494.412977764,"data":"样本变换：reverse\n"}
,{"stream_name":"stdout","time":6497.903821179,"data":"样本变换：mask\n"}
,{"stream_name":"stdout","time":6501.454328157,"data":"样本变换：shift\n"}
,{"stream_name":"stdout","time":6504.971579215,"data":"样本变换：none\n"}
,{"stream_name":"stdout","time":6510.444075354,"data":"未过滤\t未用伪标签：53.65% -\u003e 使用伪标签：59.62%\n"}
,{"stream_name":"stdout","time":6510.444139477,"data":"已过滤\t未用伪标签：53.73% -\u003e 使用伪标签：60.82%\n"}
,{"stream_name":"stdout","time":6510.444148271,"data":"排除样本：119|6000\t剩余：1972, 1645, 2264\n"}
,{"stream_name":"stdout","time":6510.44415456,"data":"增添样本：1851\t\t细则：262, 1589, 0\t正确率估算：58.77%\n"}
,{"stream_name":"stdout","time":6510.444160579,"data":"类型1 正确率：  99.00% -\u003e 1   99.05%, 2    0.00%, 3    0.95%\n"}
,{"stream_name":"stdout","time":6510.444165956,"data":"类型2 正确率：  33.00% -\u003e 1    0.00%, 2   33.19%, 3   66.81%\n"}
,{"stream_name":"stdout","time":6510.444171161,"data":"类型3 正确率：  49.00% -\u003e 1    0.00%, 2   51.01%, 3   48.99%\n"}
,{"stream_name":"stdout","time":6510.444178334,"data":"\n"}
,{"stream_name":"stdout","time":6510.444186687,"data":"被排除样本 正确率：49.58%\n"}
,{"stream_name":"stdout","time":6510.44419031,"data":"类型1 正确率：   0.00% -\u003e 1    0.00%, 2    0.00%, 3  100.00%\n"}
,{"stream_name":"stdout","time":6510.444193796,"data":"类型2 正确率：  61.00% -\u003e 1    0.00%, 2   61.46%, 3   38.54%\n"}
,{"stream_name":"stdout","time":6510.444197249,"data":"类型3 正确率：   0.00% -\u003e 1    0.00%, 2  100.00%, 3    0.00%\n"}
,{"stream_name":"stdout","time":6510.444200864,"data":"\n"}
,{"stream_name":"stdout","time":6510.44420412,"data":"\n"}
,{"stream_name":"stdout","time":6524.102137704,"data":"轮次:··1/·20 || c_Loss:0.577 || e_Loss:-1.683 || Aad_Loss:-21.903 || 耗时：36.11s\n"}
,{"stream_name":"stdout","time":6537.897393617,"data":"轮次:··2/·20 || c_Loss:0.383 || e_Loss:-1.786 || Aad_Loss:-23.206 || 耗时：13.80s\n"}
,{"stream_name":"stdout","time":6551.785051863,"data":"轮次:··3/·20 || c_Loss:0.425 || e_Loss:-1.674 || Aad_Loss:-22.420 || 耗时：13.89s\n"}
,{"stream_name":"stdout","time":6565.714742053,"data":"轮次:··4/·20 || c_Loss:0.409 || e_Loss:-1.668 || Aad_Loss:-25.563 || 耗时：13.93s\n"}
,{"stream_name":"stdout","time":6579.643847626,"data":"轮次:··5/·20 || c_Loss:0.390 || e_Loss:-1.690 || Aad_Loss:-23.876 || 耗时：13.93s\n"}
,{"stream_name":"stdout","time":6586.369864577,"data":"任务: (B3)N15_M07_F04→(B1)N15_M01_F10; mix批次:····0; 批次:··470/·1880;  总正确率: 65.98%\n"}
,{"stream_name":"stdout","time":6586.369908225,"data":"类型1 正确率： 100.00% -\u003e 1  100.00%, 2    0.00%, 3    0.00%\n"}
,{"stream_name":"stdout","time":6586.369915155,"data":"类型2 正确率：  33.00% -\u003e 1    0.00%, 2   32.90%, 3   67.10%\n"}
,{"stream_name":"stdout","time":6586.369923082,"data":"类型3 正确率：  65.00% -\u003e 1    5.65%, 2   29.30%, 3   65.05%\n"}
,{"stream_name":"stdout","time":6586.369932455,"data":"\n"}
,{"stream_name":"stdout","time":6586.369936066,"data":"\n"}
,{"stream_name":"stdout","time":6586.405824097,"data":"样本变换：reverse\n"}
,{"stream_name":"stdout","time":6589.971810741,"data":"样本变换：mask\n"}
,{"stream_name":"stdout","time":6593.566785365,"data":"样本变换：shift\n"}
,{"stream_name":"stdout","time":6597.159939914,"data":"样本变换：none\n"}
,{"stream_name":"stdout","time":6602.745588828,"data":"未过滤\t未用伪标签：65.98% -\u003e 使用伪标签：61.17%\n"}
,{"stream_name":"stdout","time":6602.745666848,"data":"已过滤\t未用伪标签：65.94% -\u003e 使用伪标签：61.27%\n"}
,{"stream_name":"stdout","time":6602.745674858,"data":"排除样本：10|6000\t剩余：2000, 1634, 2356\n"}
,{"stream_name":"stdout","time":6602.745699437,"data":"增添样本：2052\t\t细则：354, 1698, 0\t正确率估算：99.80%\n"}
,{"stream_name":"stdout","time":6602.745706233,"data":"类型1 正确率： 100.00% -\u003e 1  100.00%, 2    0.00%, 3    0.00%\n"}
,{"stream_name":"stdout","time":6602.745712497,"data":"类型2 正确率：  33.00% -\u003e 1    0.00%, 2   32.83%, 3   67.17%\n"}
,{"stream_name":"stdout","time":6602.745718606,"data":"类型3 正确率：  51.00% -\u003e 1    0.00%, 2   49.10%, 3   50.90%\n"}
,{"stream_name":"stdout","time":6602.745723933,"data":"\n"}
,{"stream_name":"stdout","time":6602.745728649,"data":"被排除样本 正确率：90.00%\n"}
,{"stream_name":"stdout","time":6602.74573357,"data":"类型1 正确率：  50.00% -\u003e 1   50.00%, 2   50.00%\n"}
,{"stream_name":"stdout","time":6602.745738627,"data":"类型2 正确率： 100.00% -\u003e 1    0.00%, 2  100.00%\n"}
,{"stream_name":"stdout","time":6602.745743785,"data":"\n"}
,{"stream_name":"stdout","time":6602.745748971,"data":"\n"}
,{"stream_name":"stdout","time":6616.392970941,"data":"轮次:··6/·20 || c_Loss:0.343 || e_Loss:-1.865 || Aad_Loss:-27.792 || 耗时：36.75s\n"}
,{"stream_name":"stdout","time":6630.112646359,"data":"轮次:··7/·20 || c_Loss:0.371 || e_Loss:-1.773 || Aad_Loss:-23.632 || 耗时：13.72s\n"}
,{"stream_name":"stdout","time":6643.896966828,"data":"轮次:··8/·20 || c_Loss:0.358 || e_Loss:-1.873 || Aad_Loss:-24.498 || 耗时：13.78s\n"}
,{"stream_name":"stdout","time":6657.680725735,"data":"轮次:··9/·20 || c_Loss:0.340 || e_Loss:-1.896 || Aad_Loss:-29.307 || 耗时：13.78s\n"}
,{"stream_name":"stdout","time":6671.490948347,"data":"轮次:·10/·20 || c_Loss:0.341 || e_Loss:-1.852 || Aad_Loss:-25.226 || 耗时：13.81s\n"}
,{"stream_name":"stdout","time":6678.139435519,"data":"任务: (B3)N15_M07_F04→(B1)N15_M01_F10; mix批次:····0; 批次:··940/·1880;  总正确率: 68.13%\n"}
,{"stream_name":"stdout","time":6678.139495897,"data":"类型1 正确率： 100.00% -\u003e 1  100.00%, 2    0.00%, 3    0.00%\n"}
,{"stream_name":"stdout","time":6678.139521502,"data":"类型2 正确率：  33.00% -\u003e 1    0.00%, 2   32.80%, 3   67.20%\n"}
,{"stream_name":"stdout","time":6678.139526932,"data":"类型3 正确率：  72.00% -\u003e 1    3.30%, 2   25.10%, 3   71.60%\n"}
,{"stream_name":"stdout","time":6678.139531448,"data":"\n"}
,{"stream_name":"stdout","time":6678.139541867,"data":"\n"}
,{"stream_name":"stdout","time":6678.186519928,"data":"样本变换：reverse\n"}
,{"stream_name":"stdout","time":6681.76383307,"data":"样本变换：mask\n"}
,{"stream_name":"stdout","time":6685.33873951,"data":"样本变换：shift\n"}
,{"stream_name":"stdout","time":6688.887804117,"data":"样本变换：none\n"}
,{"stream_name":"stderr","time":6694.505900307,"data":"/usr/local/lib/python3.12/dist-packages/sklearn/metrics/_classification.py:407: UserWarning: A single label was found in 'y_true' and 'y_pred'. For the confusion matrix to have the correct shape, use the 'labels' parameter to pass all known labels.\n"}
,{"stream_name":"stderr","time":6694.505949806,"data":"  warnings.warn(\n"}
,{"stream_name":"stdout","time":6694.50612913,"data":"未过滤\t未用伪标签：68.13% -\u003e 使用伪标签：62.28%\n"}
,{"stream_name":"stdout","time":6694.506163481,"data":"已过滤\t未用伪标签：68.04% -\u003e 使用伪标签：62.46%\n"}
,{"stream_name":"stdout","time":6694.506168428,"data":"排除样本：17|6000\t剩余：2000, 1560, 2423\n"}
,{"stream_name":"stdout","time":6694.50617214,"data":"增添样本：2183\t\t细则：420, 1763, 0\t正确率估算：99.72%\n"}
,{"stream_name":"stdout","time":6694.506176002,"data":"类型1 正确率： 100.00% -\u003e 1  100.00%, 2    0.00%, 3    0.00%\n"}
,{"stream_name":"stdout","time":6694.506179851,"data":"类型2 正确率：  33.00% -\u003e 1    0.00%, 2   32.85%, 3   67.15%\n"}
,{"stream_name":"stdout","time":6694.506183553,"data":"类型3 正确率：  54.00% -\u003e 1    0.00%, 2   45.54%, 3   54.46%\n"}
,{"stream_name":"stdout","time":6694.506201691,"data":"\n"}
,{"stream_name":"stdout","time":6694.506207504,"data":"被排除样本 正确率：100.00%\n"}
,{"stream_name":"stdout","time":6694.506213166,"data":"类型1 正确率： 100.00% -\u003e 1  100.00%\n"}
,{"stream_name":"stdout","time":6694.50621918,"data":"\n"}
,{"stream_name":"stdout","time":6694.506224718,"data":"\n"}
,{"stream_name":"stdout","time":6708.189236193,"data":"轮次:·11/·20 || c_Loss:0.346 || e_Loss:-1.870 || Aad_Loss:-28.251 || 耗时：36.70s\n"}
,{"stream_name":"stdout","time":6721.983978292,"data":"轮次:·12/·20 || c_Loss:0.347 || e_Loss:-1.775 || Aad_Loss:-28.233 || 耗时：13.79s\n"}
,{"stream_name":"stdout","time":6735.801992086,"data":"轮次:·13/·20 || c_Loss:0.354 || e_Loss:-1.888 || Aad_Loss:-24.238 || 耗时：13.82s\n"}
,{"stream_name":"stdout","time":6749.660052991,"data":"轮次:·14/·20 || c_Loss:0.347 || e_Loss:-1.899 || Aad_Loss:-26.383 || 耗时：13.86s\n"}
,{"stream_name":"stdout","time":6763.514469732,"data":"轮次:·15/·20 || c_Loss:0.334 || e_Loss:-1.801 || Aad_Loss:-30.048 || 耗时：13.85s\n"}
,{"stream_name":"stdout","time":6770.204801991,"data":"任务: (B3)N15_M07_F04→(B1)N15_M01_F10; mix批次:····0; 批次:·1410/·1880;  总正确率: 68.60%\n"}
,{"stream_name":"stdout","time":6770.204843093,"data":"类型1 正确率： 100.00% -\u003e 1  100.00%, 2    0.00%, 3    0.00%\n"}
,{"stream_name":"stdout","time":6770.20485115,"data":"类型2 正确率：  33.00% -\u003e 1    0.00%, 2   32.95%, 3   67.05%\n"}
,{"stream_name":"stdout","time":6770.204857929,"data":"类型3 正确率：  73.00% -\u003e 1    3.00%, 2   24.15%, 3   72.85%\n"}
,{"stream_name":"stdout","time":6770.2048641,"data":"\n"}
,{"stream_name":"stdout","time":6770.204890088,"data":"\n"}
,{"stream_name":"stdout","time":6770.250611525,"data":"样本变换：reverse\n"}
,{"stream_name":"stdout","time":6773.810830256,"data":"样本变换：mask\n"}
,{"stream_name":"stdout","time":6777.379517427,"data":"样本变换：shift\n"}
,{"stream_name":"stdout","time":6780.95382432,"data":"样本变换：none\n"}
,{"stream_name":"stdout","time":6786.661542702,"data":"未过滤\t未用伪标签：68.60% -\u003e 使用伪标签：63.88%\n"}
,{"stream_name":"stdout","time":6786.661605864,"data":"已过滤\t未用伪标签：68.48% -\u003e 使用伪标签：64.13%\n"}
,{"stream_name":"stdout","time":6786.661615529,"data":"排除样本：23|6000\t剩余：2000, 1460, 2517\n"}
,{"stream_name":"stdout","time":6786.661622146,"data":"增添样本：2375\t\t细则：516, 1859, 0\t正确率估算：99.91%\n"}
,{"stream_name":"stdout","time":6786.661629003,"data":"类型1 正确率： 100.00% -\u003e 1  100.00%, 2    0.00%, 3    0.00%\n"}
,{"stream_name":"stdout","time":6786.661634601,"data":"类型2 正确率：  33.00% -\u003e 1    0.00%, 2   32.88%, 3   67.12%\n"}
,{"stream_name":"stdout","time":6786.661639898,"data":"类型3 正确率：  59.00% -\u003e 1    0.00%, 2   40.58%, 3   59.42%\n"}
,{"stream_name":"stdout","time":6786.661645271,"data":"\n"}
,{"stream_name":"stdout","time":6786.661650231,"data":"被排除样本 正确率：100.00%\n"}
,{"stream_name":"stdout","time":6786.661664438,"data":"类型1 正确率： 100.00% -\u003e 1  100.00%, 2    0.00%\n"}
,{"stream_name":"stdout","time":6786.66167427,"data":"类型2 正确率： 100.00% -\u003e 1    0.00%, 2  100.00%\n"}
,{"stream_name":"stdout","time":6786.661679569,"data":"\n"}
,{"stream_name":"stdout","time":6786.661683266,"data":"\n"}
,{"stream_name":"stdout","time":6800.436897155,"data":"轮次:·16/·20 || c_Loss:0.349 || e_Loss:-1.790 || Aad_Loss:-25.891 || 耗时：36.92s\n"}
,{"stream_name":"stdout","time":6814.221051723,"data":"轮次:·17/·20 || c_Loss:0.349 || e_Loss:-1.596 || Aad_Loss:-29.081 || 耗时：13.78s\n"}
,{"stream_name":"stdout","time":6828.000785376,"data":"轮次:·18/·20 || c_Loss:0.333 || e_Loss:-1.831 || Aad_Loss:-30.165 || 耗时：13.78s\n"}
,{"stream_name":"stdout","time":6841.766074529,"data":"轮次:·19/·20 || c_Loss:0.342 || e_Loss:-1.845 || Aad_Loss:-27.949 || 耗时：13.77s\n"}
,{"stream_name":"stdout","time":6855.547372348,"data":"轮次:·20/·20 || c_Loss:0.336 || e_Loss:-1.715 || Aad_Loss:-32.070 || 耗时：13.78s\n"}
,{"stream_name":"stdout","time":6862.240452479,"data":"任务: (B3)N15_M07_F04→(B1)N15_M01_F10; mix批次:····0; 批次:·1880/·1880;  总正确率: 70.40%\n"}
,{"stream_name":"stdout","time":6862.240498732,"data":"类型1 正确率： 100.00% -\u003e 1  100.00%, 2    0.00%, 3    0.00%\n"}
,{"stream_name":"stdout","time":6862.240509384,"data":"类型2 正确率：  33.00% -\u003e 1    0.00%, 2   32.95%, 3   67.05%\n"}
,{"stream_name":"stdout","time":6862.240513531,"data":"类型3 正确率：  78.00% -\u003e 1    2.05%, 2   19.70%, 3   78.25%\n"}
,{"stream_name":"stdout","time":6862.2405173,"data":"\n"}
,{"stream_name":"stdout","time":6862.240520834,"data":"\n"}
,{"stream_name":"stdout","time":6868.898372148,"data":"测试集任务: (B3)N15_M07_F04→(B1)N15_M01_F10; 总正确率 = 70.40%\n"}
,{"stream_name":"stdout","time":6868.898422582,"data":"类型1 正确率： 100.00% -\u003e 1  100.00%, 2    0.00%, 3    0.00%\n"}
,{"stream_name":"stdout","time":6868.89843048,"data":"类型2 正确率：  33.00% -\u003e 1    0.00%, 2   32.95%, 3   67.05%\n"}
,{"stream_name":"stdout","time":6868.898437092,"data":"类型3 正确率：  78.00% -\u003e 1    2.05%, 2   19.70%, 3   78.25%\n"}
,{"stream_name":"stdout","time":6868.89846205,"data":"\n"}
,{"stream_name":"stdout","time":6868.898466828,"data":"\n"}
,{"stream_name":"stdout","time":6868.923716975,"data":"[tar_adaptation_RES_PU.py --folder_root /kaggle/working/k10/S06/sdalr_PU_final_checkpoint/DATA_foldS06c --seed 2024 --class_num 3 --data_name PU_M1_L3 --output /kaggle/working/k10/S06/weight_PU_M1_final_checkpoint_FS06toS06c_gatepcv_s2024 --s 2 --t 0 --lr 0.0005 --threshold 0.4 --K 0.6] 387s\n"}
,{"stream_name":"stdout","time":6868.964594698,"data":"读取源域路径：/kaggle/working/k10/S06/weight_PU_M1_final_checkpoint_FS06toS06c_gatepcv_s2024/NEW_PU/Source-源域/log\u0026pt/(B3)N15_M07_F04\n"}
,{"stream_name":"stdout","time":6868.964622228,"data":"excel输出位置：/kaggle/working/k10/S06/weight_PU_M1_final_checkpoint_FS06toS06c_gatepcv_s2024/NEW_PU/Target-目标域\n"}
,{"stream_name":"stdout","time":6868.964628124,"data":"特征图片输出位置：/kaggle/working/k10/S06/weight_PU_M1_final_checkpoint_FS06toS06c_gatepcv_s2024/NEW_PU/Picture-特征图/2026年09月19日04时59分/(B3)N15_M07_F04\n"}
,{"stream_name":"stderr","time":6869.00145396,"data":"/usr/local/lib/python3.12/dist-packages/torch/nn/utils/weight_norm.py:144: FutureWarning: `torch.nn.utils.weight_norm` is deprecated in favor of `torch.nn.utils.parametrizations.weight_norm`.\n"}
,{"stream_name":"stderr","time":6869.001501424,"data":"  WeightNorm.apply(module, name, dim)\n"}
,{"stream_name":"stdout","time":6869.041351963,"data":"现在选取:(B3)N15_M07_F04 进行训练的源模型\n"}
,{"stream_name":"stdout","time":6869.041385071,"data":"现在进行：(B3)N15_M07_F04→(B2)N15_M07_F10 的迁移任务\n"}
,{"stream_name":"stdout","time":6869.041394149,"data":"log\u0026pt输出位置：/kaggle/working/k10/S06/weight_PU_M1_final_checkpoint_FS06toS06c_gatepcv_s2024/NEW_PU/Target-目标域/log\u0026pt/(B3)N15_M07_F04→(B2)N15_M07_F10\n"}
,{"stream_name":"stderr","time":6869.042784312,"data":"sh: 1: Syntax error: word unexpected (expecting \")\")\n"}
,{"stream_name":"stdout","time":6881.014844874,"data":"任务: (B3)N15_M07_F04→(B2)N15_M07_F10; 批次:····0/·1880;  总正确率: 49.37%\n"}
,{"stream_name":"stdout","time":6881.014882359,"data":"类型1 正确率：  82.00% -\u003e 1   81.65%, 2    0.00%, 3   18.35%\n"}
,{"stream_name":"stdout","time":6881.014891084,"data":"类型2 正确率：  46.00% -\u003e 1    0.00%, 2   45.95%, 3   54.05%\n"}
,{"stream_name":"stdout","time":6881.01489716,"data":"类型3 正确率：  20.00% -\u003e 1    0.00%, 2   79.50%, 3   20.50%\n"}
,{"stream_name":"stdout","time":6881.014903009,"data":"\n"}
,{"stream_name":"stdout","time":6881.0149191,"data":"\n"}
,{"stream_name":"stdout","time":6881.016134224,"data":"样本变换：reverse\n"}
,{"stream_name":"stdout","time":6884.500866798,"data":"样本变换：mask\n"}
,{"stream_name":"stdout","time":6887.989818757,"data":"样本变换：shift\n"}
,{"stream_name":"stdout","time":6891.478843094,"data":"样本变换：none\n"}
,{"stream_name":"stdout","time":6897.175642109,"data":"未过滤\t未用伪标签：49.37% -\u003e 使用伪标签：52.20%\n"}
,{"stream_name":"stdout","time":6897.175703205,"data":"已过滤\t未用伪标签：50.28% -\u003e 使用伪标签：56.34%\n"}
,{"stream_name":"stdout","time":6897.175710946,"data":"排除样本：441|6000\t剩余：1976, 2333, 1250\n"}
,{"stream_name":"stdout","time":6897.17571623,"data":"增添样本：1470\t\t细则：0, 639, 831\t正确率估算：82.31%\n"}
,{"stream_name":"stdout","time":6897.175721465,"data":"类型1 正确率：  99.00% -\u003e 1   99.25%, 2    0.00%, 3    0.75%\n"}
,{"stream_name":"stdout","time":6897.175726446,"data":"类型2 正确率：  48.00% -\u003e 1    0.00%, 2   47.71%, 3   52.29%\n"}
,{"stream_name":"stdout","time":6897.175786069,"data":"类型3 正确率：  18.00% -\u003e 1    0.00%, 2   81.97%, 3   18.03%\n"}
,{"stream_name":"stdout","time":6897.175794459,"data":"\n"}
,{"stream_name":"stdout","time":6897.17579815,"data":"被排除样本 正确率：37.87%\n"}
,{"stream_name":"stdout","time":6897.175801835,"data":"类型1 正确率：   0.00% -\u003e 1    0.00%, 2    0.00%, 3  100.00%\n"}
,{"stream_name":"stdout","time":6897.175805605,"data":"类型2 正确率：  49.00% -\u003e 1    0.00%, 2   49.08%, 3   50.92%\n"}
,{"stream_name":"stdout","time":6897.175809301,"data":"类型3 正确率：  21.00% -\u003e 1    0.00%, 2   79.25%, 3   20.75%\n"}
,{"stream_name":"stdout","time":6897.175813061,"data":"\n"}
,{"stream_name":"stdout","time":6897.175816434,"data":"\n"}
,{"stream_name":"stdout","time":6910.74881561,"data":"轮次:··1/·20 || c_Loss:0.499 || e_Loss:-1.625 || Aad_Loss:-19.708 || 耗时：36.16s\n"}
,{"stream_name":"stdout","time":6924.459457531,"data":"轮次:··2/·20 || c_Loss:0.560 || e_Loss:-1.350 || Aad_Loss:-15.517 || 耗时：13.71s\n"}
,{"stream_name":"stdout","time":6938.2003095,"data":"轮次:··3/·20 || c_Loss:0.583 || e_Loss:-1.433 || Aad_Loss:-13.938 || 耗时：13.74s\n"}
,{"stream_name":"stdout","time":6951.990194417,"data":"轮次:··4/·20 || c_Loss:0.454 || e_Loss:-1.598 || Aad_Loss:-20.870 || 耗时：13.79s\n"}
,{"stream_name":"stdout","time":6965.818519848,"data":"轮次:··5/·20 || c_Loss:0.486 || e_Loss:-1.551 || Aad_Loss:-19.500 || 耗时：13.83s\n"}
,{"stream_name":"stdout","time":6972.489143611,"data":"任务: (B3)N15_M07_F04→(B2)N15_M07_F10; mix批次:····0; 批次:··470/·1880;  总正确率: 61.28%\n"}
,{"stream_name":"stdout","time":6972.489182351,"data":"类型1 正确率： 100.00% -\u003e 1  100.00%, 2    0.00%, 3    0.00%\n"}
,{"stream_name":"stdout","time":6972.489190076,"data":"类型2 正确率：  50.00% -\u003e 1    0.00%, 2   49.75%, 3   50.25%\n"}
,{"stream_name":"stdout","time":6972.489196251,"data":"类型3 正确率：  34.00% -\u003e 1    3.15%, 2   62.75%, 3   34.10%\n"}
,{"stream_name":"stdout","time":6972.48920252,"data":"\n"}
,{"stream_name":"stdout","time":6972.489208188,"data":"\n"}
,{"stream_name":"stdout","time":6972.524785713,"data":"样本变换：reverse\n"}
,{"stream_name":"stdout","time":6976.038823027,"data":"样本变换：mask\n"}
,{"stream_name":"stdout","time":6979.590793786,"data":"样本变换：shift\n"}
,{"stream_name":"stdout","time":6983.145816608,"data":"样本变换：none\n"}
,{"stream_name":"stdout","time":6988.590129296,"data":"未过滤\t未用伪标签：61.28% -\u003e 使用伪标签：57.93%\n"}
,{"stream_name":"stdout","time":6988.59019492,"data":"已过滤\t未用伪标签：61.37% -\u003e 使用伪标签：59.11%\n"}
,{"stream_name":"stdout","time":6988.590202897,"data":"排除样本：119|6000\t剩余：2000, 1641, 2240\n"}
,{"stream_name":"stdout","time":6988.590208322,"data":"增添样本：1694\t\t细则：181, 1513, 0\t正确率估算：99.41%\n"}
,{"stream_name":"stdout","time":6988.5902136,"data":"类型1 正确率： 100.00% -\u003e 1  100.00%, 2    0.00%, 3    0.00%\n"}
,{"stream_name":"stdout","time":6988.590219225,"data":"类型2 正确率：  30.00% -\u003e 1    0.00%, 2   30.37%, 3   69.63%\n"}
,{"stream_name":"stdout","time":6988.590224399,"data":"类型3 正确率：  46.00% -\u003e 1    0.00%, 2   54.26%, 3   45.74%\n"}
,{"stream_name":"stdout","time":6988.590229742,"data":"\n"}
,{"stream_name":"stdout","time":6988.590234649,"data":"被排除样本 正确率：57.14%\n"}
,{"stream_name":"stdout","time":6988.590239968,"data":"类型1 正确率：  98.00% -\u003e 1   98.15%, 2    1.85%\n"}
,{"stream_name":"stdout","time":6988.590254778,"data":"类型2 正确率：  23.00% -\u003e 1   76.92%, 2   23.08%\n"}
,{"stream_name":"stdout","time":6988.59027808,"data":"\n"}
,{"stream_name":"stdout","time":6988.590282301,"data":"\n"}
,{"stream_name":"stdout","time":7002.354346392,"data":"轮次:··6/·20 || c_Loss:0.382 || e_Loss:-1.590 || Aad_Loss:-24.880 || 耗时：36.54s\n"}
,{"stream_name":"stdout","time":7016.268967558,"data":"轮次:··7/·20 || c_Loss:0.401 || e_Loss:-1.776 || Aad_Loss:-23.325 || 耗时：13.91s\n"}
,{"stream_name":"stdout","time":7030.214719724,"data":"轮次:··8/·20 || c_Loss:0.385 || e_Loss:-1.765 || Aad_Loss:-24.063 || 耗时：13.95s\n"}
,{"stream_name":"stdout","time":7044.138522025,"data":"轮次:··9/·20 || c_Loss:0.349 || e_Loss:-1.772 || Aad_Loss:-28.259 || 耗时：13.92s\n"}
,{"stream_name":"stdout","time":7058.05075485,"data":"轮次:·10/·20 || c_Loss:0.350 || e_Loss:-1.720 || Aad_Loss:-24.207 || 耗时：13.91s\n"}
,{"stream_name":"stdout","time":7064.751670524,"data":"任务: (B3)N15_M07_F04→(B2)N15_M07_F10; mix批次:····0; 批次:··940/·1880;  总正确率: 66.75%\n"}
,{"stream_name":"stdout","time":7064.751735297,"data":"类型1 正确率： 100.00% -\u003e 1  100.00%, 2    0.00%, 3    0.00%\n"}
,{"stream_name":"stdout","time":7064.751744209,"data":"类型2 正确率：  33.00% -\u003e 1    0.00%, 2   33.10%, 3   66.90%\n"}
,{"stream_name":"stdout","time":7064.75175061,"data":"类型3 正确率：  67.00% -\u003e 1    1.55%, 2   31.30%, 3   67.15%\n"}
,{"stream_name":"stdout","time":7064.751756386,"data":"\n"}
,{"stream_name":"stdout","time":7064.751784517,"data":"\n"}
,{"stream_name":"stdout","time":7064.802356869,"data":"样本变换：reverse\n"}
,{"stream_name":"stdout","time":7068.347866716,"data":"样本变换：mask\n"}
,{"stream_name":"stdout","time":7071.924215142,"data":"样本变换：shift\n"}
,{"stream_name":"stdout","time":7075.495795183,"data":"样本变换：none\n"}
,{"stream_name":"stdout","time":7081.075859099,"data":"未过滤\t未用伪标签：66.75% -\u003e 使用伪标签：61.42%\n"}
,{"stream_name":"stdout","time":7081.075900445,"data":"已过滤\t未用伪标签：66.70% -\u003e 使用伪标签：61.63%\n"}
,{"stream_name":"stdout","time":7081.075908116,"data":"排除样本：21|6000\t剩余：2000, 1617, 2362\n"}
,{"stream_name":"stdout","time":7081.075915746,"data":"增添样本：2056\t\t细则：362, 1694, 0\t正确率估算：100.00%\n"}
,{"stream_name":"stdout","time":7081.075924754,"data":"类型1 正确率： 100.00% -\u003e 1  100.00%, 2    0.00%, 3    0.00%\n"}
,{"stream_name":"stdout","time":7081.07592898,"data":"类型2 正确率：  33.00% -\u003e 1    0.00%, 2   33.05%, 3   66.95%\n"}
,{"stream_name":"stdout","time":7081.075932832,"data":"类型3 正确率：  52.00% -\u003e 1    0.00%, 2   48.28%, 3   51.72%\n"}
,{"stream_name":"stdout","time":7081.075936915,"data":"\n"}
,{"stream_name":"stdout","time":7081.075940501,"data":"被排除样本 正确率：80.95%\n"}
,{"stream_name":"stdout","time":7081.075944029,"data":"类型1 正确率：  67.00% -\u003e 1   66.67%, 2   33.33%\n"}
,{"stream_name":"stdout","time":7081.075947724,"data":"类型2 正确率：  83.00% -\u003e 1   16.67%, 2   83.33%\n"}
,{"stream_name":"stdout","time":7081.075951377,"data":"\n"}
,{"stream_name":"stdout","time":7081.075954776,"data":"\n"}
,{"stream_name":"stdout","time":7094.759947906,"data":"轮次:·11/·20 || c_Loss:0.347 || e_Loss:-1.713 || Aad_Loss:-29.641 || 耗时：36.71s\n"}
,{"stream_name":"stdout","time":7108.529728547,"data":"轮次:·12/·20 || c_Loss:0.348 || e_Loss:-1.815 || Aad_Loss:-23.760 || 耗时：13.77s\n"}
,{"stream_name":"stdout","time":7122.319920864,"data":"轮次:·13/·20 || c_Loss:0.361 || e_Loss:-1.825 || Aad_Loss:-27.737 || 耗时：13.79s\n"}
,{"stream_name":"stdout","time":7136.114682743,"data":"轮次:·14/·20 || c_Loss:0.352 || e_Loss:-1.866 || Aad_Loss:-28.100 || 耗时：13.79s\n"}
,{"stream_name":"stdout","time":7149.942942631,"data":"轮次:·15/·20 || c_Loss:0.337 || e_Loss:-1.540 || Aad_Loss:-34.030 || 耗时：13.83s\n"}
,{"stream_name":"stdout","time":7156.62144638,"data":"任务: (B3)N15_M07_F04→(B2)N15_M07_F10; mix批次:····0; 批次:·1410/·1880;  总正确率: 66.67%\n"}
,{"stream_name":"stdout","time":7156.621486557,"data":"类型1 正确率： 100.00% -\u003e 1  100.00%, 2    0.00%, 3    0.00%\n"}
,{"stream_name":"stdout","time":7156.621494914,"data":"类型2 正确率：  33.00% -\u003e 1    0.00%, 2   33.00%, 3   67.00%\n"}
,{"stream_name":"stdout","time":7156.62150079,"data":"类型3 正确率：  67.00% -\u003e 1    4.00%, 2   29.00%, 3   67.00%\n"}
,{"stream_name":"stdout","time":7156.621506657,"data":"\n"}
,{"stream_name":"stdout","time":7156.621511982,"data":"\n"}
,{"stream_name":"stdout","time":7156.667829008,"data":"样本变换：reverse\n"}
,{"stream_name":"stdout","time":7160.183817787,"data":"样本变换：mask\n"}
,{"stream_name":"stdout","time":7163.704795899,"data":"样本变换：shift\n"}
,{"stream_name":"stdout","time":7167.21682652,"data":"样本变换：none\n"}
,{"stream_name":"stderr","time":7172.774168817,"data":"/usr/local/lib/python3.12/dist-packages/sklearn/metrics/_classification.py:407: UserWarning: A single label was found in 'y_true' and 'y_pred'. For the confusion matrix to have the correct shape, use the 'labels' parameter to pass all known labels.\n"}
,{"stream_name":"stderr","time":7172.774213793,"data":"  warnings.warn(\n"}
,{"stream_name":"stdout","time":7172.774252984,"data":"未过滤\t未用伪标签：66.67% -\u003e 使用伪标签：61.73%\n"}
,{"stream_name":"stdout","time":7172.774263436,"data":"已过滤\t未用伪标签：66.61% -\u003e 使用伪标签：61.84%\n"}
,{"stream_name":"stdout","time":7172.774282452,"data":"排除样本：10|6000\t剩余：2000, 1606, 2384\n"}
,{"stream_name":"stdout","time":7172.774288373,"data":"增添样本：2106\t\t细则：384, 1722, 0\t正确率估算：99.90%\n"}
,{"stream_name":"stdout","time":7172.774294086,"data":"类型1 正确率： 100.00% -\u003e 1  100.00%, 2    0.00%, 3    0.00%\n"}
,{"stream_name":"stdout","time":7172.774299337,"data":"类型2 正确率：  33.00% -\u003e 1    0.00%, 2   33.00%, 3   67.00%\n"}
,{"stream_name":"stdout","time":7172.774304459,"data":"类型3 正确率：  52.00% -\u003e 1    0.00%, 2   47.54%, 3   52.46%\n"}
,{"stream_name":"stdout","time":7172.77431002,"data":"\n"}
,{"stream_name":"stdout","time":7172.774314808,"data":"被排除样本 正确率：100.00%\n"}
,{"stream_name":"stdout","time":7172.774319738,"data":"类型1 正确率： 100.00% -\u003e 1  100.00%\n"}
,{"stream_name":"stdout","time":7172.774328628,"data":"\n"}
,{"stream_name":"stdout","time":7172.774333595,"data":"\n"}
,{"stream_name":"stdout","time":7186.434218881,"data":"轮次:·16/·20 || c_Loss:0.341 || e_Loss:-1.912 || Aad_Loss:-29.651 || 耗时：36.49s\n"}
,{"stream_name":"stdout","time":7200.135172798,"data":"轮次:·17/·20 || c_Loss:0.353 || e_Loss:-1.808 || Aad_Loss:-21.493 || 耗时：13.70s\n"}
,{"stream_name":"stdout","time":7213.864305763,"data":"轮次:·18/·20 || c_Loss:0.347 || e_Loss:-1.746 || Aad_Loss:-28.598 || 耗时：13.73s\n"}
,{"stream_name":"stdout","time":7227.624930253,"data":"轮次:·19/·20 || c_Loss:0.363 || e_Loss:-1.781 || Aad_Loss:-25.928 || 耗时：13.76s\n"}
,{"stream_name":"stdout","time":7241.371952858,"data":"轮次:·20/·20 || c_Loss:0.349 || e_Loss:-1.769 || Aad_Loss:-28.606 || 耗时：13.75s\n"}
,{"stream_name":"stdout","time":7248.07104563,"data":"任务: (B3)N15_M07_F04→(B2)N15_M07_F10; mix批次:····0; 批次:·1880/·1880;  总正确率: 68.07%\n"}
,{"stream_name":"stdout","time":7248.071090262,"data":"类型1 正确率： 100.00% -\u003e 1  100.00%, 2    0.00%, 3    0.00%\n"}
,{"stream_name":"stdout","time":7248.071095856,"data":"类型2 正确率：  33.00% -\u003e 1    0.00%, 2   32.95%, 3   67.05%\n"}
,{"stream_name":"stdout","time":7248.071099652,"data":"类型3 正确率：  71.00% -\u003e 1    4.45%, 2   24.30%, 3   71.25%\n"}
,{"stream_name":"stdout","time":7248.071103009,"data":"\n"}
,{"stream_name":"stdout","time":7248.071106162,"data":"\n"}
,{"stream_name":"stdout","time":7254.72308098,"data":"测试集任务: (B3)N15_M07_F04→(B2)N15_M07_F10; 总正确率 = 68.07%\n"}
,{"stream_name":"stdout","time":7254.723130603,"data":"类型1 正确率： 100.00% -\u003e 1  100.00%, 2    0.00%, 3    0.00%\n"}
,{"stream_name":"stdout","time":7254.723141409,"data":"类型2 正确率：  33.00% -\u003e 1    0.00%, 2   32.95%, 3   67.05%\n"}
,{"stream_name":"stdout","time":7254.723145955,"data":"类型3 正确率：  71.00% -\u003e 1    4.45%, 2   24.30%, 3   71.25%\n"}
,{"stream_name":"stdout","time":7254.723149413,"data":"\n"}
,{"stream_name":"stdout","time":7254.723152484,"data":"\n"}
,{"stream_name":"stdout","time":7254.752801868,"data":"[tar_adaptation_RES_PU.py --folder_root /kaggle/working/k10/S06/sdalr_PU_final_checkpoint/DATA_foldS06c --seed 2024 --class_num 3 --data_name PU_M1_L3 --output /kaggle/working/k10/S06/weight_PU_M1_final_checkpoint_FS06toS06c_gatepcv_s2024 --s 2 --t 1 --lr 0.0005 --threshold 0.4 --K 0.6] 386s\n"}
,{"stream_name":"stdout","time":7254.784535588,"data":"{\n"}
,{"stream_name":"stdout","time":7254.784556074,"data":"  \"dataset\": \"PU_M1\",\n"}
,{"stream_name":"stdout","time":7254.784584196,"data":"  \"variant\": \"final_checkpoint\",\n"}
,{"stream_name":"stdout","time":7254.784590733,"data":"  \"seed\": 2024,\n"}
,{"stream_name":"stdout","time":7254.784595927,"data":"  \"smoke\": false,\n"}
,{"stream_name":"stdout","time":7254.784601614,"data":"  \"src_fold\": \"S06\",\n"}
,{"stream_name":"stdout","time":7254.784606455,"data":"  \"tgt_fold\": \"S06c\",\n"}
,{"stream_name":"stdout","time":7254.784611136,"data":"  \"leaky\": false,\n"}
,{"stream_name":"stdout","time":7254.78461566,"data":"  \"hyperparameters\": {\n"}
,{"stream_name":"stdout","time":7254.784620366,"data":"    \"lr\": \"0.0005\",\n"}
,{"stream_name":"stdout","time":7254.784625142,"data":"    \"threshold\": \"0.4\",\n"}
,{"stream_name":"stdout","time":7254.784633334,"data":"    \"K\": \"0.6\"\n"}
,{"stream_name":"stdout","time":7254.784641872,"data":"  },\n"}
,{"stream_name":"stdout","time":7254.784645405,"data":"  \"adapters\": [\n"}
,{"stream_name":"stdout","time":7254.78464865,"data":"    \"npz_io\",\n"}
,{"stream_name":"stdout","time":7254.784651931,"data":"    \"tsne_stub\",\n"}
,{"stream_name":"stdout","time":7254.784656223,"data":"    \"final_checkpoint_patch\"\n"}
,{"stream_name":"stdout","time":7254.784660812,"data":"  ],\n"}
,{"stream_name":"stdout","time":7254.784664556,"data":"  \"source_only\": {},\n"}
,{"stream_name":"stdout","time":7254.784687356,"data":"  \"adapted\": {\n"}
,{"stream_name":"stdout","time":7254.784693488,"data":"    \"A1-\u003eA3\": 81.45,\n"}
,{"stream_name":"stdout","time":7254.784699296,"data":"    \"A1-\u003eA2\": 72.82,\n"}
,{"stream_name":"stdout","time":7254.78470472,"data":"    \"A3-\u003eA1\": 73.87,\n"}
,{"stream_name":"stdout","time":7254.78470952,"data":"    \"A3-\u003eA2\": 73.27,\n"}
,{"stream_name":"stdout","time":7254.784723821,"data":"    \"A2-\u003eA1\": 70.4,\n"}
,{"stream_name":"stdout","time":7254.784727646,"data":"    \"A2-\u003eA3\": 68.07\n"}
,{"stream_name":"stdout","time":7254.784731204,"data":"  },\n"}
,{"stream_name":"stdout","time":7254.784734713,"data":"  \"seconds\": {\n"}
,{"stream_name":"stdout","time":7254.784738252,"data":"    \"A1-\u003eA3\": 386,\n"}
,{"stream_name":"stdout","time":7254.784741911,"data":"    \"A1-\u003eA2\": 385,\n"}
,{"stream_name":"stdout","time":7254.784745495,"data":"    \"A3-\u003eA1\": 387,\n"}
,{"stream_name":"stdout","time":7254.784750866,"data":"    \"A3-\u003eA2\": 387,\n"}
,{"stream_name":"stdout","time":7254.784756307,"data":"    \"A2-\u003eA1\": 387,\n"}
,{"stream_name":"stdout","time":7254.784777899,"data":"    \"A2-\u003eA3\": 386\n"}
,{"stream_name":"stdout","time":7254.7847849,"data":"  },\n"}
,{"stream_name":"stdout","time":7254.784789371,"data":"  \"gate_log\": {\n"}
,{"stream_name":"stdout","time":7254.7847935,"data":"    \"A1-\u003eA3\": [\n"}
,{"stream_name":"stdout","time":7254.784798069,"data":"      {\n"}
,{"stream_name":"stdout","time":7254.784802179,"data":"        \"sdalr_rejected\": 120,\n"}
,{"stream_name":"stdout","time":7254.78480603,"data":"        \"hook_rejected\": 370,\n"}
,{"stream_name":"stdout","time":7254.78480959,"data":"        \"precision_before\": 0.7465986394557823,\n"}
,{"stream_name":"stdout","time":7254.784813357,"data":"        \"precision_after\": 0.7967332123411979,\n"}
,{"stream_name":"stdout","time":7254.784817049,"data":"        \"n\": 6000\n"}
,{"stream_name":"stdout","time":7254.784820639,"data":"      },\n"}
,{"stream_name":"stdout","time":7254.784824082,"data":"      {\n"}
,{"stream_name":"stdout","time":7254.784827493,"data":"        \"sdalr_rejected\": 19,\n"}
,{"stream_name":"stdout","time":7254.78483106,"data":"        \"hook_rejected\": 284,\n"}
,{"stream_name":"stdout","time":7254.784834768,"data":"        \"precision_before\": 0.7759571977930112,\n"}
,{"stream_name":"stdout","time":7254.784838388,"data":"        \"precision_after\": 0.8146392838335966,\n"}
,{"stream_name":"stdout","time":7254.784842152,"data":"        \"n\": 6000\n"}
,{"stream_name":"stdout","time":7254.784845613,"data":"      },\n"}
,{"stream_name":"stdout","time":7254.784849037,"data":"      {\n"}
,{"stream_name":"stdout","time":7254.784852462,"data":"        \"sdalr_rejected\": 16,\n"}
,{"stream_name":"stdout","time":7254.784856069,"data":"        \"hook_rejected\": 210,\n"}
,{"stream_name":"stdout","time":7254.784861431,"data":"        \"precision_before\": 0.7906082887700535,\n"}
,{"stream_name":"stdout","time":7254.784866852,"data":"        \"precision_after\": 0.8193626602009005,\n"}
,{"stream_name":"stdout","time":7254.784870443,"data":"        \"n\": 6000\n"}
,{"stream_name":"stdout","time":7254.784874085,"data":"      },\n"}
,{"stream_name":"stdout","time":7254.784879364,"data":"      {\n"}
,{"stream_name":"stdout","time":7254.784884506,"data":"        \"sdalr_rejected\": 17,\n"}
,{"stream_name":"stdout","time":7254.784888918,"data":"        \"hook_rejected\": 166,\n"}
,{"stream_name":"stdout","time":7254.784893238,"data":"        \"precision_before\": 0.7980946013705499,\n"}
,{"stream_name":"stdout","time":7254.784897382,"data":"        \"precision_after\": 0.8208698641911638,\n"}
,{"stream_name":"stdout","time":7254.78490199,"data":"        \"n\": 6000\n"}
,{"stream_name":"stdout","time":7254.784905612,"data":"      }\n"}
,{"stream_name":"stdout","time":7254.784909082,"data":"    ],\n"}
,{"stream_name":"stdout","time":7254.784912533,"data":"    \"A1-\u003eA2\": [\n"}
,{"stream_name":"stdout","time":7254.784920191,"data":"      {\n"}
,{"stream_name":"stdout","time":7254.784923689,"data":"        \"sdalr_rejected\": 56,\n"}
,{"stream_name":"stdout","time":7254.784927242,"data":"        \"hook_rejected\": 83,\n"}
,{"stream_name":"stdout","time":7254.78493077,"data":"        \"precision_before\": 0.7378869448183042,\n"}
,{"stream_name":"stdout","time":7254.784934415,"data":"        \"precision_after\": 0.7483364613547177,\n"}
,{"stream_name":"stdout","time":7254.784937988,"data":"        \"n\": 6000\n"}
,{"stream_name":"stdout","time":7254.78494152,"data":"      },\n"}
,{"stream_name":"stdout","time":7254.784944953,"data":"      {\n"}
,{"stream_name":"stdout","time":7254.784948336,"data":"        \"sdalr_rejected\": 7,\n"}
,{"stream_name":"stdout","time":7254.784951847,"data":"        \"hook_rejected\": 95,\n"}
,{"stream_name":"stdout","time":7254.784955444,"data":"        \"precision_before\": 0.7265142666444185,\n"}
,{"stream_name":"stdout","time":7254.78497921,"data":"        \"precision_after\": 0.7382163445235673,\n"}
,{"stream_name":"stdout","time":7254.784984972,"data":"        \"n\": 6000\n"}
,{"stream_name":"stdout","time":7254.78498867,"data":"      },\n"}
,{"stream_name":"stdout","time":7254.78499246,"data":"      {\n"}
,{"stream_name":"stdout","time":7254.784998032,"data":"        \"sdalr_rejected\": 2,\n"}
,{"stream_name":"stdout","time":7254.785003662,"data":"        \"hook_rejected\": 98,\n"}
,{"stream_name":"stdout","time":7254.785008282,"data":"        \"precision_before\": 0.7237412470823608,\n"}
,{"stream_name":"stdout","time":7254.785012924,"data":"        \"precision_after\": 0.7357627118644068,\n"}
,{"stream_name":"stdout","time":7254.785017504,"data":"        \"n\": 6000\n"}
,{"stream_name":"stdout","time":7254.785022319,"data":"      },\n"}
,{"stream_name":"stdout","time":7254.785026049,"data":"      {\n"}
,{"stream_name":"stdout","time":7254.785029774,"data":"        \"sdalr_rejected\": 1,\n"}
,{"stream_name":"stdout","time":7254.785035534,"data":"        \"hook_rejected\": 98,\n"}
,{"stream_name":"stdout","time":7254.785039387,"data":"        \"precision_before\": 0.7237872978829805,\n"}
,{"stream_name":"stdout","time":7254.78504331,"data":"        \"precision_after\": 0.7358074902558889,\n"}
,{"stream_name":"stdout","time":7254.785047199,"data":"        \"n\": 6000\n"}
,{"stream_name":"stdout","time":7254.785050894,"data":"      }\n"}
,{"stream_name":"stdout","time":7254.785054569,"data":"    ],\n"}
,{"stream_name":"stdout","time":7254.785058192,"data":"    \"A3-\u003eA1\": [\n"}
,{"stream_name":"stdout","time":7254.785062115,"data":"      {\n"}
,{"stream_name":"stdout","time":7254.785065896,"data":"        \"sdalr_rejected\": 60,\n"}
,{"stream_name":"stdout","time":7254.785069733,"data":"        \"hook_rejected\": 291,\n"}
,{"stream_name":"stdout","time":7254.785073655,"data":"        \"precision_before\": 0.7494949494949495,\n"}
,{"stream_name":"stdout","time":7254.785077641,"data":"        \"precision_after\": 0.7881040892193308,\n"}
,{"stream_name":"stdout","time":7254.785085235,"data":"        \"n\": 6000\n"}
,{"stream_name":"stdout","time":7254.785089137,"data":"      },\n"}
,{"stream_name":"stdout","time":7254.785092916,"data":"      {\n"}
,{"stream_name":"stdout","time":7254.785096684,"data":"        \"sdalr_rejected\": 16,\n"}
,{"stream_name":"stdout","time":7254.785104114,"data":"        \"hook_rejected\": 347,\n"}
,{"stream_name":"stdout","time":7254.7851084,"data":"        \"precision_before\": 0.7344585561497327,\n"}
,{"stream_name":"stdout","time":7254.785112936,"data":"        \"precision_after\": 0.7796700372538584,\n"}
,{"stream_name":"stdout","time":7254.785121979,"data":"        \"n\": 6000\n"}
,{"stream_name":"stdout","time":7254.785126409,"data":"      },\n"}
,{"stream_name":"stdout","time":7254.785130116,"data":"      {\n"}
,{"stream_name":"stdout","time":7254.785133801,"data":"        \"sdalr_rejected\": 5,\n"}
,{"stream_name":"stdout","time":7254.785137672,"data":"        \"hook_rejected\": 379,\n"}
,{"stream_name":"stdout","time":7254.785141534,"data":"        \"precision_before\": 0.7274395329441201,\n"}
,{"stream_name":"stdout","time":7254.785145402,"data":"        \"precision_after\": 0.7765313390313391,\n"}
,{"stream_name":"stdout","time":7254.785149249,"data":"        \"n\": 6000\n"}
,{"stream_name":"stdout","time":7254.785152981,"data":"      },\n"}
,{"stream_name":"stdout","time":7254.785156624,"data":"      {\n"}
,{"stream_name":"stdout","time":7254.78516023,"data":"        \"sdalr_rejected\": 3,\n"}
,{"stream_name":"stdout","time":7254.785164037,"data":"        \"hook_rejected\": 390,\n"}
,{"stream_name":"stdout","time":7254.785167874,"data":"        \"precision_before\": 0.7248624312156078,\n"}
,{"stream_name":"stdout","time":7254.785171742,"data":"        \"precision_after\": 0.7752808988764045,\n"}
,{"stream_name":"stdout","time":7254.785175597,"data":"        \"n\": 6000\n"}
,{"stream_name":"stdout","time":7254.78518135,"data":"      }\n"}
,{"stream_name":"stdout","time":7254.785186986,"data":"    ],\n"}
,{"stream_name":"stdout","time":7254.785190709,"data":"    \"A3-\u003eA2\": [\n"}
,{"stream_name":"stdout","time":7254.785194629,"data":"      {\n"}
,{"stream_name":"stdout","time":7254.78519841,"data":"        \"sdalr_rejected\": 82,\n"}
,{"stream_name":"stdout","time":7254.785205819,"data":"        \"hook_rejected\": 62,\n"}
,{"stream_name":"stdout","time":7254.785210293,"data":"        \"precision_before\": 0.7646164244677256,\n"}
,{"stream_name":"stdout","time":7254.785215259,"data":"        \"precision_after\": 0.7727117486338798,\n"}
,{"stream_name":"stdout","time":7254.785220232,"data":"        \"n\": 6000\n"}
,{"stream_name":"stdout","time":7254.785225436,"data":"      },\n"}
,{"stream_name":"stdout","time":7254.785229562,"data":"      {\n"}
,{"stream_name":"stdout","time":7254.785233139,"data":"        \"sdalr_rejected\": 30,\n"}
,{"stream_name":"stdout","time":7254.785236975,"data":"        \"hook_rejected\": 72,\n"}
,{"stream_name":"stdout","time":7254.785240831,"data":"        \"precision_before\": 0.7495812395309883,\n"}
,{"stream_name":"stdout","time":7254.785244668,"data":"        \"precision_after\": 0.7587317734825364,\n"}
,{"stream_name":"stdout","time":7254.785248554,"data":"        \"n\": 6000\n"}
,{"stream_name":"stdout","time":7254.785252288,"data":"      },\n"}
,{"stream_name":"stdout","time":7254.785255876,"data":"      {\n"}
,{"stream_name":"stdout","time":7254.785259486,"data":"        \"sdalr_rejected\": 15,\n"}
,{"stream_name":"stdout","time":7254.785263321,"data":"        \"hook_rejected\": 89,\n"}
,{"stream_name":"stdout","time":7254.785267169,"data":"        \"precision_before\": 0.732999164578112,\n"}
,{"stream_name":"stdout","time":7254.785271024,"data":"        \"precision_after\": 0.7440637720488467,\n"}
,{"stream_name":"stdout","time":7254.78527488,"data":"        \"n\": 6000\n"}
,{"stream_name":"stdout","time":7254.785278661,"data":"      },\n"}
,{"stream_name":"stdout","time":7254.785284397,"data":"      {\n"}
,{"stream_name":"stdout","time":7254.785289952,"data":"        \"sdalr_rejected\": 6,\n"}
,{"stream_name":"stdout","time":7254.785293629,"data":"        \"hook_rejected\": 93,\n"}
,{"stream_name":"stdout","time":7254.785301305,"data":"        \"precision_before\": 0.7277277277277278,\n"}
,{"stream_name":"stdout","time":7254.785308936,"data":"        \"precision_after\": 0.7391967463141841,\n"}
,{"stream_name":"stdout","time":7254.785313415,"data":"        \"n\": 6000\n"}
,{"stream_name":"stdout","time":7254.785318249,"data":"      }\n"}
,{"stream_name":"stdout","time":7254.785322828,"data":"    ],\n"}
,{"stream_name":"stdout","time":7254.785327137,"data":"    \"A2-\u003eA1\": [\n"}
,{"stream_name":"stdout","time":7254.785331358,"data":"      {\n"}
,{"stream_name":"stdout","time":7254.785334925,"data":"        \"sdalr_rejected\": 119,\n"}
,{"stream_name":"stdout","time":7254.785338746,"data":"        \"hook_rejected\": 1030,\n"}
,{"stream_name":"stdout","time":7254.785342505,"data":"        \"precision_before\": 0.6082298928753613,\n"}
,{"stream_name":"stdout","time":7254.785346479,"data":"        \"precision_after\": 0.7373737373737373,\n"}
,{"stream_name":"stdout","time":7254.78535039,"data":"        \"n\": 6000\n"}
,{"stream_name":"stdout","time":7254.785354092,"data":"      },\n"}
,{"stream_name":"stdout","time":7254.785357711,"data":"      {\n"}
,{"stream_name":"stdout","time":7254.785361337,"data":"        \"sdalr_rejected\": 10,\n"}
,{"stream_name":"stdout","time":7254.785365162,"data":"        \"hook_rejected\": 980,\n"}
,{"stream_name":"stdout","time":7254.785368974,"data":"        \"precision_before\": 0.6126878130217028,\n"}
,{"stream_name":"stdout","time":7254.785373423,"data":"        \"precision_after\": 0.7325349301397206,\n"}
,{"stream_name":"stdout","time":7254.785377407,"data":"        \"n\": 6000\n"}
,{"stream_name":"stdout","time":7254.785381433,"data":"      },\n"}
,{"stream_name":"stdout","time":7254.785386842,"data":"      {\n"}
,{"stream_name":"stdout","time":7254.785392428,"data":"        \"sdalr_rejected\": 17,\n"}
,{"stream_name":"stdout","time":7254.785396072,"data":"        \"hook_rejected\": 906,\n"}
,{"stream_name":"stdout","time":7254.785399955,"data":"        \"precision_before\": 0.6246030419521978,\n"}
,{"stream_name":"stdout","time":7254.785415639,"data":"        \"precision_after\": 0.7360646050817412,\n"}
,{"stream_name":"stdout","time":7254.785420589,"data":"        \"n\": 6000\n"}
,{"stream_name":"stdout","time":7254.785425214,"data":"      },\n"}
,{"stream_name":"stdout","time":7254.785429939,"data":"      {\n"}
,{"stream_name":"stdout","time":7254.785433804,"data":"        \"sdalr_rejected\": 23,\n"}
,{"stream_name":"stdout","time":7254.785437683,"data":"        \"hook_rejected\": 804,\n"}
,{"stream_name":"stdout","time":7254.785441487,"data":"        \"precision_before\": 0.6412916178684959,\n"}
,{"stream_name":"stdout","time":7254.785445359,"data":"        \"precision_after\": 0.7409626908950319,\n"}
,{"stream_name":"stdout","time":7254.785449202,"data":"        \"n\": 6000\n"}
,{"stream_name":"stdout","time":7254.785452937,"data":"      }\n"}
,{"stream_name":"stdout","time":7254.785456624,"data":"    ],\n"}
,{"stream_name":"stdout","time":7254.785460241,"data":"    \"A2-\u003eA3\": [\n"}
,{"stream_name":"stdout","time":7254.785463977,"data":"      {\n"}
,{"stream_name":"stdout","time":7254.785467578,"data":"        \"sdalr_rejected\": 441,\n"}
,{"stream_name":"stdout","time":7254.785471282,"data":"        \"hook_rejected\": 1101,\n"}
,{"stream_name":"stdout","time":7254.785475112,"data":"        \"precision_before\": 0.5634106853750674,\n"}
,{"stream_name":"stdout","time":7254.785478929,"data":"        \"precision_after\": 0.702557200538358,\n"}
,{"stream_name":"stdout","time":7254.785482799,"data":"        \"n\": 6000\n"}
,{"stream_name":"stdout","time":7254.785494243,"data":"      },\n"}
,{"stream_name":"stdout","time":7254.785497886,"data":"      {\n"}
,{"stream_name":"stdout","time":7254.785501729,"data":"        \"sdalr_rejected\": 119,\n"}
,{"stream_name":"stdout","time":7254.785507551,"data":"        \"hook_rejected\": 1032,\n"}
,{"stream_name":"stdout","time":7254.785513343,"data":"        \"precision_before\": 0.5910559428668594,\n"}
,{"stream_name":"stdout","time":7254.785517765,"data":"        \"precision_after\": 0.7168488348113013,\n"}
,{"stream_name":"stdout","time":7254.785522663,"data":"        \"n\": 6000\n"}
,{"stream_name":"stdout","time":7254.785527285,"data":"      },\n"}
,{"stream_name":"stdout","time":7254.785531896,"data":"      {\n"}
,{"stream_name":"stdout","time":7254.785535594,"data":"        \"sdalr_rejected\": 21,\n"}
,{"stream_name":"stdout","time":7254.785539375,"data":"        \"hook_rejected\": 949,\n"}
,{"stream_name":"stdout","time":7254.785543282,"data":"        \"precision_before\": 0.6163237999665496,\n"}
,{"stream_name":"stdout","time":7254.785547164,"data":"        \"precision_after\": 0.7326043737574552,\n"}
,{"stream_name":"stdout","time":7254.785551037,"data":"        \"n\": 6000\n"}
,{"stream_name":"stdout","time":7254.785554762,"data":"      },\n"}
,{"stream_name":"stdout","time":7254.785558388,"data":"      {\n"}
,{"stream_name":"stdout","time":7254.785562071,"data":"        \"sdalr_rejected\": 10,\n"}
,{"stream_name":"stdout","time":7254.785565885,"data":"        \"hook_rejected\": 944,\n"}
,{"stream_name":"stdout","time":7254.785569736,"data":"        \"precision_before\": 0.6183639398998331,\n"}
,{"stream_name":"stdout","time":7254.785573593,"data":"        \"precision_after\": 0.734046769718589,\n"}
,{"stream_name":"stdout","time":7254.785577416,"data":"        \"n\": 6000\n"}
,{"stream_name":"stdout","time":7254.785581107,"data":"      }\n"}
,{"stream_name":"stdout","time":7254.785584775,"data":"    ]\n"}
,{"stream_name":"stdout","time":7254.78559037,"data":"  },\n"}
,{"stream_name":"stdout","time":7254.785596012,"data":"  \"gate\": \"pcv\"\n"}
,{"stream_name":"stdout","time":7254.785599805,"data":"}\n"}
,{"stream_name":"stdout","time":7256.075050405,"data":"RUN /usr/bin/python3 -u /kaggle/input/datasets/rhrhrhrhrh/physgate-m0-code/sdalr_runner.py --sdalr /kaggle/input/datasets/rhrhrhrhrh/physgate-m0-code --m0 /kaggle/input/datasets/rhrhrhrhrh/physgate-k10-g3 --dataset PU_M1 --src-fold S06 --tgt-fold S06c --variant final_checkpoint --work /kaggle/working/k10/S06 --seed 2024 --gate oracle --gate-verdicts /kaggle/input/datasets/rhrhrhrhrh/physgate-m0-code/gate_verdicts.json --skip-pretrain\n"}
,{"stream_name":"stdout","time":7262.142327257,"data":"读取源域路径：/kaggle/working/k10/S06/weight_PU_M1_final_checkpoint_FS06toS06c_gateoracle_s2024/NEW_PU/Source-源域/log\u0026pt/(B1)N15_M01_F10\n"}
,{"stream_name":"stdout","time":7262.142384013,"data":"excel输出位置：/kaggle/working/k10/S06/weight_PU_M1_final_checkpoint_FS06toS06c_gateoracle_s2024/NEW_PU/Target-目标域\n"}
,{"stream_name":"stdout","time":7262.142860877,"data":"特征图片输出位置：/kaggle/working/k10/S06/weight_PU_M1_final_checkpoint_FS06toS06c_gateoracle_s2024/NEW_PU/Picture-特征图/2026年09月19日05时06分/(B1)N15_M01_F10\n"}
,{"stream_name":"stderr","time":7262.503401971,"data":"/usr/local/lib/python3.12/dist-packages/torch/nn/utils/weight_norm.py:144: FutureWarning: `torch.nn.utils.weight_norm` is deprecated in favor of `torch.nn.utils.parametrizations.weight_norm`.\n"}
,{"stream_name":"stderr","time":7262.503456443,"data":"  WeightNorm.apply(module, name, dim)\n"}
,{"stream_name":"stdout","time":7262.559454491,"data":"现在选取:(B1)N15_M01_F10 进行训练的源模型\n"}
,{"stream_name":"stdout","time":7262.559510474,"data":"现在进行：(B1)N15_M01_F10→(B2)N15_M07_F10 的迁移任务\n"}
,{"stream_name":"stdout","time":7262.559515599,"data":"log\u0026pt输出位置：/kaggle/working/k10/S06/weight_PU_M1_final_checkpoint_FS06toS06c_gateoracle_s2024/NEW_PU/Target-目标域/log\u0026pt/(B1)N15_M01_F10→(B2)N15_M07_F10\n"}
,{"stream_name":"stderr","time":7262.560961573,"data":"sh: 1: Syntax error: word unexpected (expecting \")\")\n"}
,{"stream_name":"stdout","time":7274.725103181,"data":"任务: (B1)N15_M01_F10→(B2)N15_M07_F10; 批次:····0/·1880;  总正确率: 73.50%\n"}
,{"stream_name":"stdout","time":7274.725156716,"data":"类型1 正确率：  96.00% -\u003e 1   96.30%, 2    0.05%, 3    3.65%\n"}
,{"stream_name":"stdout","time":7274.725163001,"data":"类型2 正确率：  74.00% -\u003e 1    0.00%, 2   74.10%, 3   25.90%\n"}
,{"stream_name":"stdout","time":7274.725166702,"data":"类型3 正确率：  50.00% -\u003e 1    0.00%, 2   49.90%, 3   50.10%\n"}
,{"stream_name":"stdout","time":7274.725170354,"data":"\n"}
,{"stream_name":"stdout","time":7274.725173716,"data":"\n"}
,{"stream_name":"stdout","time":7274.725843713,"data":"样本变换：reverse\n"}
,{"stream_name":"stdout","time":7278.227827392,"data":"样本变换：mask\n"}
,{"stream_name":"stdout","time":7281.703826157,"data":"样本变换：shift\n"}
,{"stream_name":"stdout","time":7285.15180846,"data":"样本变换：none\n"}
,{"stream_name":"stdout","time":7290.739803903,"data":"未过滤\t未用伪标签：73.50% -\u003e 使用伪标签：73.17%\n"}
,{"stream_name":"stdout","time":7290.739848346,"data":"已过滤\t未用伪标签：74.29% -\u003e 使用伪标签：74.66%\n"}
,{"stream_name":"stdout","time":7290.739853222,"data":"排除样本：120|6000\t剩余：1911, 2480, 1489\n"}
,{"stream_name":"stdout","time":7290.73985699,"data":"增添样本：1343\t\t细则：0, 431, 912\t正确率估算：99.63%\n"}
,{"stream_name":"stdout","time":7290.73986072,"data":"类型1 正确率：  98.00% -\u003e 1   97.60%, 2    0.00%, 3    2.40%\n"}
,{"stream_name":"stdout","time":7290.739864254,"data":"类型2 正确率：  77.00% -\u003e 1    0.00%, 2   76.96%, 3   23.04%\n"}
,{"stream_name":"stdout","time":7290.73986882,"data":"类型3 正确率：  50.00% -\u003e 1    0.00%, 2   50.03%, 3   49.97%\n"}
,{"stream_name":"stdout","time":7290.739890136,"data":"\n"}
,{"stream_name":"stdout","time":7290.739895485,"data":"被排除样本 正确率：35.00%\n"}
,{"stream_name":"stdout","time":7290.739900957,"data":"类型1 正确率：  57.00% -\u003e 1   57.14%, 2    0.00%, 3   42.86%\n"}
,{"stream_name":"stdout","time":7290.739906752,"data":"类型2 正确率：  22.00% -\u003e 1    0.00%, 2   22.08%, 3   77.92%\n"}
,{"stream_name":"stdout","time":7290.739912133,"data":"类型3 正确率： 100.00% -\u003e 1    0.00%, 2    0.00%, 3  100.00%\n"}
,{"stream_name":"stdout","time":7290.739917032,"data":"\n"}
,{"stream_name":"stdout","time":7290.739921401,"data":"\n"}
,{"stream_name":"stdout","time":7304.36710046,"data":"轮次:··1/·20 || c_Loss:0.546 || e_Loss:-1.318 || Aad_Loss:-20.932 || 耗时：36.23s\n"}
,{"stream_name":"stdout","time":7317.936283682,"data":"轮次:··2/·20 || c_Loss:0.353 || e_Loss:-1.557 || Aad_Loss:-23.362 || 耗时：13.57s\n"}
,{"stream_name":"stdout","time":7331.569234077,"data":"轮次:··3/·20 || c_Loss:0.352 || e_Loss:-1.619 || Aad_Loss:-25.358 || 耗时：13.63s\n"}
,{"stream_name":"stdout","time":7345.291467408,"data":"轮次:··4/·20 || c_Loss:0.376 || e_Loss:-1.522 || Aad_Loss:-26.067 || 耗时：13.72s\n"}
,{"stream_name":"stdout","time":7359.076796563,"data":"轮次:··5/·20 || c_Loss:0.347 || e_Loss:-1.648 || Aad_Loss:-23.078 || 耗时：13.79s\n"}
,{"stream_name":"stdout","time":7365.75038896,"data":"任务: (B1)N15_M01_F10→(B2)N15_M07_F10; mix批次:····0; 批次:··470/·1880;  总正确率: 79.05%\n"}
,{"stream_name":"stdout","time":7365.75042793,"data":"类型1 正确率： 100.00% -\u003e 1  100.00%, 2    0.00%, 3    0.00%\n"}
,{"stream_name":"stdout","time":7365.750435146,"data":"类型2 正确率：  87.00% -\u003e 1    0.00%, 2   86.90%, 3   13.10%\n"}
,{"stream_name":"stdout","time":7365.750442089,"data":"类型3 正确率：  50.00% -\u003e 1    0.00%, 2   49.75%, 3   50.25%\n"}
,{"stream_name":"stdout","time":7365.75045046,"data":"\n"}
,{"stream_name":"stdout","time":7365.750453856,"data":"\n"}
,{"stream_name":"stdout","time":7365.789427901,"data":"样本变换：reverse\n"}
,{"stream_name":"stdout","time":7369.311800261,"data":"样本变换：mask\n"}
,{"stream_name":"stdout","time":7372.864793237,"data":"样本变换：shift\n"}
,{"stream_name":"stdout","time":7376.389879845,"data":"样本变换：none\n"}
,{"stream_name":"stderr","time":7382.069062363,"data":"/kaggle/working/k10/S06/sdalr_PU_final_checkpoint/tools.py:413: RuntimeWarning: invalid value encountered in divide\n"}
,{"stream_name":"stderr","time":7382.069109885,"data":"  per_class_acc = conf_matrix.diagonal() / conf_matrix.sum(axis=1) * 100\n"}
,{"stream_name":"stdout","time":7382.069269449,"data":"未过滤\t未用伪标签：79.05% -\u003e 使用伪标签：79.20%\n"}
,{"stream_name":"stdout","time":7382.069279869,"data":"已过滤\t未用伪标签：79.20% -\u003e 使用伪标签：79.39%\n"}
,{"stream_name":"stdout","time":7382.069283479,"data":"排除样本：14|6000\t剩余：2000, 2752, 1234\n"}
,{"stream_name":"stdout","time":7382.069286828,"data":"增添样本：1248\t\t细则：0, 248, 1000\t正确率估算：99.68%\n"}
,{"stream_name":"stdout","time":7382.069290235,"data":"类型1 正确率： 100.00% -\u003e 1  100.00%, 2    0.00%, 3    0.00%\n"}
,{"stream_name":"stdout","time":7382.069293455,"data":"类型2 正确率：  88.00% -\u003e 1    0.00%, 2   88.22%, 3   11.78%\n"}
,{"stream_name":"stdout","time":7382.069296596,"data":"类型3 正确率：  50.00% -\u003e 1    0.00%, 2   50.00%, 3   50.00%\n"}
,{"stream_name":"stdout","time":7382.069299669,"data":"\n"}
,{"stream_name":"stdout","time":7382.069302602,"data":"被排除样本 正确率：14.29%\n"}
,{"stream_name":"stdout","time":7382.069305675,"data":"类型1 正确率：  14.00% -\u003e 1   14.29%, 2   85.71%\n"}
,{"stream_name":"stdout","time":7382.069308835,"data":"类型2 没有样本或未被分类。\n"}
,{"stream_name":"stdout","time":7382.069327305,"data":"\n"}
,{"stream_name":"stdout","time":7382.069332162,"data":"\n"}
,{"stream_name":"stdout","time":7395.767533714,"data":"轮次:··6/·20 || c_Loss:0.346 || e_Loss:-1.765 || Aad_Loss:-25.240 || 耗时：36.69s\n"}
,{"stream_name":"stdout","time":7409.476574707,"data":"轮次:··7/·20 || c_Loss:0.380 || e_Loss:-1.769 || Aad_Loss:-23.532 || 耗时：13.71s\n"}
,{"stream_name":"stdout","time":7423.190864413,"data":"轮次:··8/·20 || c_Loss:0.351 || e_Loss:-1.668 || Aad_Loss:-25.354 || 耗时：13.71s\n"}
,{"stream_name":"stdout","time":7436.911620946,"data":"轮次:··9/·20 || c_Loss:0.426 || e_Loss:-1.702 || Aad_Loss:-28.794 || 耗时：13.72s\n"}
,{"stream_name":"stdout","time":7450.65713859,"data":"轮次:·10/·20 || c_Loss:0.368 || e_Loss:-1.863 || Aad_Loss:-25.912 || 耗时：13.75s\n"}
,{"stream_name":"stdout","time":7457.280224121,"data":"任务: (B1)N15_M01_F10→(B2)N15_M07_F10; mix批次:····0; 批次:··940/·1880;  总正确率: 84.38%\n"}
,{"stream_name":"stdout","time":7457.280291731,"data":"类型1 正确率： 100.00% -\u003e 1  100.00%, 2    0.00%, 3    0.00%\n"}
,{"stream_name":"stdout","time":7457.280297104,"data":"类型2 正确率：  96.00% -\u003e 1    0.00%, 2   96.05%, 3    3.95%\n"}
,{"stream_name":"stdout","time":7457.280300084,"data":"类型3 正确率：  57.00% -\u003e 1    0.00%, 2   42.90%, 3   57.10%\n"}
,{"stream_name":"stdout","time":7457.280302813,"data":"\n"}
,{"stream_name":"stdout","time":7457.280305369,"data":"\n"}
,{"stream_name":"stdout","time":7457.330117669,"data":"样本变换：reverse\n"}
,{"stream_name":"stdout","time":7460.833856044,"data":"样本变换：mask\n"}
,{"stream_name":"stdout","time":7464.384815345,"data":"样本变换：shift\n"}
,{"stream_name":"stdout","time":7467.892786533,"data":"样本变换：none\n"}
,{"stream_name":"stderr","time":7473.467508436,"data":"/kaggle/working/k10/S06/sdalr_PU_final_checkpoint/tools.py:413: RuntimeWarning: invalid value encountered in divide\n"}
,{"stream_name":"stderr","time":7473.467566477,"data":"  per_class_acc = conf_matrix.diagonal() / conf_matrix.sum(axis=1) * 100\n"}
,{"stream_name":"stdout","time":7473.467780625,"data":"未过滤\t未用伪标签：84.38% -\u003e 使用伪标签：81.00%\n"}
,{"stream_name":"stdout","time":7473.467798129,"data":"已过滤\t未用伪标签：84.40% -\u003e 使用伪标签：81.37%\n"}
,{"stream_name":"stdout","time":7473.467804246,"data":"排除样本：27|6000\t剩余：2000, 2860, 1113\n"}
,{"stream_name":"stdout","time":7473.467815235,"data":"增添样本：1140\t\t细则：0, 140, 1000\t正确率估算：100.00%\n"}
,{"stream_name":"stdout","time":7473.467819987,"data":"类型1 正确率： 100.00% -\u003e 1  100.00%, 2    0.00%, 3    0.00%\n"}
,{"stream_name":"stdout","time":7473.467823702,"data":"类型2 正确率：  94.00% -\u003e 1    0.00%, 2   94.27%, 3    5.73%\n"}
,{"stream_name":"stdout","time":7473.467827317,"data":"类型3 正确率：  50.00% -\u003e 1    0.00%, 2   50.00%, 3   50.00%\n"}
,{"stream_name":"stdout","time":7473.467830873,"data":"\n"}
,{"stream_name":"stdout","time":7473.467834304,"data":"被排除样本 正确率：81.48%\n"}
,{"stream_name":"stdout","time":7473.467837794,"data":"类型1 正确率：  81.00% -\u003e 1   81.48%, 2   18.52%\n"}
,{"stream_name":"stdout","time":7473.467841369,"data":"类型2 没有样本或未被分类。\n"}
,{"stream_name":"stdout","time":7473.467844801,"data":"\n"}
,{"stream_name":"stdout","time":7473.467848075,"data":"\n"}
,{"stream_name":"stdout","time":7487.115780261,"data":"轮次:·11/·20 || c_Loss:0.387 || e_Loss:-1.799 || Aad_Loss:-24.558 || 耗时：36.46s\n"}
,{"stream_name":"stdout","time":7500.937986376,"data":"轮次:·12/·20 || c_Loss:0.361 || e_Loss:-1.805 || Aad_Loss:-23.751 || 耗时：13.82s\n"}
,{"stream_name":"stdout","time":7514.818112255,"data":"轮次:·13/·20 || c_Loss:0.345 || e_Loss:-1.689 || Aad_Loss:-27.742 || 耗时：13.88s\n"}
,{"stream_name":"stdout","time":7528.710937417,"data":"轮次:·14/·20 || c_Loss:0.389 || e_Loss:-1.857 || Aad_Loss:-24.214 || 耗时：13.89s\n"}
,{"stream_name":"stdout","time":7542.581745985,"data":"轮次:·15/·20 || c_Loss:0.351 || e_Loss:-1.726 || Aad_Loss:-27.401 || 耗时：13.87s\n"}
,{"stream_name":"stdout","time":7549.262740817,"data":"任务: (B1)N15_M01_F10→(B2)N15_M07_F10; mix批次:····0; 批次:·1410/·1880;  总正确率: 85.87%\n"}
,{"stream_name":"stdout","time":7549.262810083,"data":"类型1 正确率： 100.00% -\u003e 1  100.00%, 2    0.00%, 3    0.00%\n"}
,{"stream_name":"stdout","time":7549.262819756,"data":"类型2 正确率：  99.00% -\u003e 1    0.00%, 2   99.20%, 3    0.80%\n"}
,{"stream_name":"stdout","time":7549.26282346,"data":"类型3 正确率：  58.00% -\u003e 1    0.00%, 2   41.60%, 3   58.40%\n"}
,{"stream_name":"stdout","time":7549.262842049,"data":"\n"}
,{"stream_name":"stdout","time":7549.262844743,"data":"\n"}
,{"stream_name":"stdout","time":7549.311943189,"data":"样本变换：reverse\n"}
,{"stream_name":"stdout","time":7552.866861487,"data":"样本变换：mask\n"}
,{"stream_name":"stdout","time":7556.42985086,"data":"样本变换：shift\n"}
,{"stream_name":"stdout","time":7559.967895489,"data":"样本变换：none\n"}
,{"stream_name":"stderr","time":7565.528800395,"data":"/kaggle/working/k10/S06/sdalr_PU_final_checkpoint/tools.py:413: RuntimeWarning: invalid value encountered in divide\n"}
,{"stream_name":"stderr","time":7565.52884481,"data":"  per_class_acc = conf_matrix.diagonal() / conf_matrix.sum(axis=1) * 100\n"}
,{"stream_name":"stdout","time":7565.52904756,"data":"未过滤\t未用伪标签：85.87% -\u003e 使用伪标签：82.72%\n"}
,{"stream_name":"stdout","time":7565.529066018,"data":"已过滤\t未用伪标签：85.91% -\u003e 使用伪标签：82.95%\n"}
,{"stream_name":"stdout","time":7565.529070491,"data":"排除样本：17|6000\t剩余：2000, 2963, 1020\n"}
,{"stream_name":"stdout","time":7565.529073951,"data":"增添样本：1037\t\t细则：0, 37, 1000\t正确率估算：100.00%\n"}
,{"stream_name":"stdout","time":7565.529077599,"data":"类型1 正确率： 100.00% -\u003e 1  100.00%, 2    0.00%, 3    0.00%\n"}
,{"stream_name":"stdout","time":7565.529081017,"data":"类型2 正确率：  99.00% -\u003e 1    0.00%, 2   98.99%, 3    1.01%\n"}
,{"stream_name":"stdout","time":7565.529084338,"data":"类型3 正确率：  50.00% -\u003e 1    0.00%, 2   50.00%, 3   50.00%\n"}
,{"stream_name":"stdout","time":7565.529088361,"data":"\n"}
,{"stream_name":"stdout","time":7565.529113991,"data":"被排除样本 正确率：70.59%\n"}
,{"stream_name":"stdout","time":7565.529119825,"data":"类型1 正确率：  71.00% -\u003e 1   70.59%, 2   29.41%\n"}
,{"stream_name":"stdout","time":7565.529125392,"data":"类型2 没有样本或未被分类。\n"}
,{"stream_name":"stdout","time":7565.529130561,"data":"\n"}
,{"stream_name":"stdout","time":7565.529135542,"data":"\n"}
,{"stream_name":"stdout","time":7579.228247297,"data":"轮次:·16/·20 || c_Loss:0.345 || e_Loss:-1.683 || Aad_Loss:-29.211 || 耗时：36.65s\n"}
,{"stream_name":"stdout","time":7593.063278118,"data":"轮次:·17/·20 || c_Loss:0.361 || e_Loss:-1.856 || Aad_Loss:-26.991 || 耗时：13.83s\n"}
,{"stream_name":"stdout","time":7606.901057663,"data":"轮次:·18/·20 || c_Loss:0.408 || e_Loss:-1.760 || Aad_Loss:-27.479 || 耗时：13.84s\n"}
,{"stream_name":"stdout","time":7620.751489356,"data":"轮次:·19/·20 || c_Loss:0.361 || e_Loss:-1.862 || Aad_Loss:-28.456 || 耗时：13.85s\n"}
,{"stream_name":"stdout","time":7634.603821042,"data":"轮次:·20/·20 || c_Loss:0.397 || e_Loss:-1.838 || Aad_Loss:-26.113 || 耗时：13.85s\n"}
,{"stream_name":"stdout","time":7641.253227563,"data":"任务: (B1)N15_M01_F10→(B2)N15_M07_F10; mix批次:····0; 批次:·1880/·1880;  总正确率: 88.27%\n"}
,{"stream_name":"stdout","time":7641.253288344,"data":"类型1 正确率： 100.00% -\u003e 1  100.00%, 2    0.00%, 3    0.00%\n"}
,{"stream_name":"stdout","time":7641.253296903,"data":"类型2 正确率： 100.00% -\u003e 1    0.00%, 2   99.90%, 3    0.10%\n"}
,{"stream_name":"stdout","time":7641.253302252,"data":"类型3 正确率：  65.00% -\u003e 1    1.25%, 2   33.85%, 3   64.90%\n"}
,{"stream_name":"stdout","time":7641.253308147,"data":"\n"}
,{"stream_name":"stdout","time":7641.253313081,"data":"\n"}
,{"stream_name":"stdout","time":7647.864773833,"data":"测试集任务: (B1)N15_M01_F10→(B2)N15_M07_F10; 总正确率 = 88.27%\n"}
,{"stream_name":"stdout","time":7647.8648779,"data":"类型1 正确率： 100.00% -\u003e 1  100.00%, 2    0.00%, 3    0.00%\n"}
,{"stream_name":"stdout","time":7647.8648854,"data":"类型2 正确率： 100.00% -\u003e 1    0.00%, 2   99.90%, 3    0.10%\n"}
,{"stream_name":"stdout","time":7647.864898655,"data":"类型3 正确率：  65.00% -\u003e 1    1.25%, 2   33.85%, 3   64.90%\n"}
,{"stream_name":"stdout","time":7647.864902837,"data":"\n"}
,{"stream_name":"stdout","time":7647.86491252,"data":"\n"}
,{"stream_name":"stdout","time":7647.890124234,"data":"[tar_adaptation_RES_PU.py --folder_root /kaggle/working/k10/S06/sdalr_PU_final_checkpoint/DATA_foldS06c --seed 2024 --class_num 3 --data_name PU_M1_L3 --output /kaggle/working/k10/S06/weight_PU_M1_final_checkpoint_FS06toS06c_gateoracle_s2024 --s 0 --t 1 --lr 0.0005 --threshold 0.4 --K 0.6] 386s\n"}
,{"stream_name":"stdout","time":7647.931558948,"data":"读取源域路径：/kaggle/working/k10/S06/weight_PU_M1_final_checkpoint_FS06toS06c_gateoracle_s2024/NEW_PU/Source-源域/log\u0026pt/(B1)N15_M01_F10\n"}
,{"stream_name":"stdout","time":7647.931602538,"data":"excel输出位置：/kaggle/working/k10/S06/weight_PU_M1_final_checkpoint_FS06toS06c_gateoracle_s2024/NEW_PU/Target-目标域\n"}
,{"stream_name":"stdout","time":7647.93170683,"data":"特征图片输出位置：/kaggle/working/k10/S06/weight_PU_M1_final_checkpoint_FS06toS06c_gateoracle_s2024/NEW_PU/Picture-特征图/2026年09月19日05时12分/(B1)N15_M01_F10\n"}
,{"stream_name":"stderr","time":7647.969064704,"data":"/usr/local/lib/python3.12/dist-packages/torch/nn/utils/weight_norm.py:144: FutureWarning: `torch.nn.utils.weight_norm` is deprecated in favor of `torch.nn.utils.parametrizations.weight_norm`.\n"}
,{"stream_name":"stderr","time":7647.969105225,"data":"  WeightNorm.apply(module, name, dim)\n"}
,{"stream_name":"stdout","time":7648.011475487,"data":"现在选取:(B1)N15_M01_F10 进行训练的源模型\n"}
,{"stream_name":"stdout","time":7648.011513828,"data":"现在进行：(B1)N15_M01_F10→(B3)N15_M07_F04 的迁移任务\n"}
,{"stream_name":"stdout","time":7648.011522435,"data":"log\u0026pt输出位置：/kaggle/working/k10/S06/weight_PU_M1_final_checkpoint_FS06toS06c_gateoracle_s2024/NEW_PU/Target-目标域/log\u0026pt/(B1)N15_M01_F10→(B3)N15_M07_F04\n"}
,{"stream_name":"stderr","time":7648.013031593,"data":"sh: 1: Syntax error: word unexpected (expecting \")\")\n"}
,{"stream_name":"stdout","time":7659.986282186,"data":"任务: (B1)N15_M01_F10→(B3)N15_M07_F04; 批次:····0/·1880;  总正确率: 73.43%\n"}
,{"stream_name":"stdout","time":7659.986326952,"data":"类型1 正确率： 100.00% -\u003e 1   99.50%, 2    0.05%, 3    0.45%\n"}
,{"stream_name":"stdout","time":7659.986337791,"data":"类型2 正确率：  71.00% -\u003e 1    0.00%, 2   70.75%, 3   29.25%\n"}
,{"stream_name":"stdout","time":7659.986341648,"data":"类型3 正确率：  50.00% -\u003e 1    0.00%, 2   49.95%, 3   50.05%\n"}
,{"stream_name":"stdout","time":7659.986345301,"data":"\n"}
,{"stream_name":"stdout","time":7659.986348608,"data":"\n"}
,{"stream_name":"stdout","time":7659.987321267,"data":"样本变换：reverse\n"}
,{"stream_name":"stdout","time":7663.502796068,"data":"样本变换：mask\n"}
,{"stream_name":"stdout","time":7667.040787138,"data":"样本变换：shift\n"}
,{"stream_name":"stdout","time":7670.577827366,"data":"样本变换：none\n"}
,{"stream_name":"stderr","time":7676.442046746,"data":"/kaggle/working/k10/S06/sdalr_PU_final_checkpoint/tools.py:413: RuntimeWarning: invalid value encountered in divide\n"}
,{"stream_name":"stderr","time":7676.442094458,"data":"  per_class_acc = conf_matrix.diagonal() / conf_matrix.sum(axis=1) * 100\n"}
,{"stream_name":"stdout","time":7676.442220894,"data":"未过滤\t未用伪标签：73.43% -\u003e 使用伪标签：73.10%\n"}
,{"stream_name":"stdout","time":7676.442232808,"data":"已过滤\t未用伪标签：73.74% -\u003e 使用伪标签：73.79%\n"}
,{"stream_name":"stdout","time":7676.442238284,"data":"排除样本：56|6000\t剩余：1998, 2388, 1558\n"}
,{"stream_name":"stdout","time":7676.44224308,"data":"增添样本：1608\t\t细则：0, 610, 998\t正确率估算：99.38%\n"}
,{"stream_name":"stdout","time":7676.4422484,"data":"类型1 正确率： 100.00% -\u003e 1  100.00%, 2    0.00%, 3    0.00%\n"}
,{"stream_name":"stdout","time":7676.442253078,"data":"类型2 正确率：  71.00% -\u003e 1    0.00%, 2   71.33%, 3   28.67%\n"}
,{"stream_name":"stdout","time":7676.442257689,"data":"类型3 正确率：  50.00% -\u003e 1    0.00%, 2   50.00%, 3   50.00%\n"}
,{"stream_name":"stdout","time":7676.442261828,"data":"\n"}
,{"stream_name":"stdout","time":7676.442265673,"data":"被排除样本 正确率：41.07%\n"}
,{"stream_name":"stdout","time":7676.442269681,"data":"类型1 正确率：  50.00% -\u003e 1   50.00%, 2    0.00%, 3   50.00%\n"}
,{"stream_name":"stdout","time":7676.442275391,"data":"类型2 正确率：  41.00% -\u003e 1    0.00%, 2   40.74%, 3   59.26%\n"}
,{"stream_name":"stdout","time":7676.442282761,"data":"类型3 没有样本或未被分类。\n"}
,{"stream_name":"stdout","time":7676.442285472,"data":"\n"}
,{"stream_name":"stdout","time":7676.442288816,"data":"\n"}
,{"stream_name":"stdout","time":7690.158813645,"data":"轮次:··1/·20 || c_Loss:0.567 || e_Loss:-1.292 || Aad_Loss:-24.077 || 耗时：36.62s\n"}
,{"stream_name":"stdout","time":7704.049636062,"data":"轮次:··2/·20 || c_Loss:0.344 || e_Loss:-1.444 || Aad_Loss:-22.712 || 耗时：13.89s\n"}
,{"stream_name":"stdout","time":7717.965284549,"data":"轮次:··3/·20 || c_Loss:0.340 || e_Loss:-1.595 || Aad_Loss:-21.230 || 耗时：13.92s\n"}
,{"stream_name":"stdout","time":7731.874676921,"data":"轮次:··4/·20 || c_Loss:0.362 || e_Loss:-1.571 || Aad_Loss:-20.057 || 耗时：13.91s\n"}
,{"stream_name":"stdout","time":7745.783213804,"data":"轮次:··5/·20 || c_Loss:0.348 || e_Loss:-1.486 || Aad_Loss:-23.379 || 耗时：13.91s\n"}
,{"stream_name":"stdout","time":7752.480495497,"data":"任务: (B1)N15_M01_F10→(B3)N15_M07_F04; mix批次:····0; 批次:··470/·1880;  总正确率: 75.85%\n"}
,{"stream_name":"stdout","time":7752.480540273,"data":"类型1 正确率： 100.00% -\u003e 1  100.00%, 2    0.00%, 3    0.00%\n"}
,{"stream_name":"stdout","time":7752.480546219,"data":"类型2 正确率：  78.00% -\u003e 1    0.00%, 2   77.55%, 3   22.45%\n"}
,{"stream_name":"stdout","time":7752.48055021,"data":"类型3 正确率：  50.00% -\u003e 1    0.00%, 2   50.00%, 3   50.00%\n"}
,{"stream_name":"stdout","time":7752.480554774,"data":"\n"}
,{"stream_name":"stdout","time":7752.480576176,"data":"\n"}
,{"stream_name":"stdout","time":7752.517242325,"data":"样本变换：reverse\n"}
,{"stream_name":"stdout","time":7756.070853989,"data":"样本变换：mask\n"}
,{"stream_name":"stdout","time":7759.653917382,"data":"样本变换：shift\n"}
,{"stream_name":"stdout","time":7763.224180024,"data":"样本变换：none\n"}
,{"stream_name":"stderr","time":7768.874772283,"data":"/kaggle/working/k10/S06/sdalr_PU_final_checkpoint/tools.py:413: RuntimeWarning: invalid value encountered in divide\n"}
,{"stream_name":"stderr","time":7768.874833791,"data":"  per_class_acc = conf_matrix.diagonal() / conf_matrix.sum(axis=1) * 100\n"}
,{"stream_name":"stdout","time":7768.875126218,"data":"未过滤\t未用伪标签：75.85% -\u003e 使用伪标签：78.25%\n"}
,{"stream_name":"stdout","time":7768.875140062,"data":"已过滤\t未用伪标签：76.01% -\u003e 使用伪标签：78.42%\n"}
,{"stream_name":"stdout","time":7768.875162613,"data":"排除样本：13|6000\t剩余：2000, 2695, 1292\n"}
,{"stream_name":"stdout","time":7768.875167353,"data":"增添样本：1305\t\t细则：0, 305, 1000\t正确率估算：97.70%\n"}
,{"stream_name":"stdout","time":7768.875171682,"data":"类型1 正确率： 100.00% -\u003e 1  100.00%, 2    0.00%, 3    0.00%\n"}
,{"stream_name":"stdout","time":7768.87517557,"data":"类型2 正确率：  85.00% -\u003e 1    0.00%, 2   85.30%, 3   14.70%\n"}
,{"stream_name":"stdout","time":7768.875179322,"data":"类型3 正确率：  50.00% -\u003e 1    0.00%, 2   50.00%, 3   50.00%\n"}
,{"stream_name":"stdout","time":7768.87518307,"data":"\n"}
,{"stream_name":"stdout","time":7768.875186512,"data":"被排除样本 正确率：0.00%\n"}
,{"stream_name":"stdout","time":7768.875207918,"data":"类型1 正确率：   0.00% -\u003e 1    0.00%, 2  100.00%\n"}
,{"stream_name":"stdout","time":7768.875212002,"data":"类型2 没有样本或未被分类。\n"}
,{"stream_name":"stdout","time":7768.875215985,"data":"\n"}
,{"stream_name":"stdout","time":7768.875221691,"data":"\n"}
,{"stream_name":"stdout","time":7782.564834581,"data":"轮次:··6/·20 || c_Loss:0.348 || e_Loss:-1.492 || Aad_Loss:-25.985 || 耗时：36.78s\n"}
,{"stream_name":"stdout","time":7796.330286752,"data":"轮次:··7/·20 || c_Loss:0.389 || e_Loss:-1.505 || Aad_Loss:-25.377 || 耗时：13.77s\n"}
,{"stream_name":"stdout","time":7810.102597134,"data":"轮次:··8/·20 || c_Loss:0.364 || e_Loss:-1.484 || Aad_Loss:-27.289 || 耗时：13.77s\n"}
,{"stream_name":"stdout","time":7823.896074127,"data":"轮次:··9/·20 || c_Loss:0.396 || e_Loss:-1.573 || Aad_Loss:-24.919 || 耗时：13.79s\n"}
,{"stream_name":"stdout","time":7837.683187429,"data":"轮次:·10/·20 || c_Loss:0.456 || e_Loss:-1.504 || Aad_Loss:-23.963 || 耗时：13.79s\n"}
,{"stream_name":"stdout","time":7844.395987853,"data":"任务: (B1)N15_M01_F10→(B3)N15_M07_F04; mix批次:····0; 批次:··940/·1880;  总正确率: 78.27%\n"}
,{"stream_name":"stdout","time":7844.396119411,"data":"类型1 正确率： 100.00% -\u003e 1  100.00%, 2    0.00%, 3    0.00%\n"}
,{"stream_name":"stdout","time":7844.396133998,"data":"类型2 正确率：  85.00% -\u003e 1    0.00%, 2   84.80%, 3   15.20%\n"}
,{"stream_name":"stdout","time":7844.396138427,"data":"类型3 正确率：  50.00% -\u003e 1    0.00%, 2   50.00%, 3   50.00%\n"}
,{"stream_name":"stdout","time":7844.396142841,"data":"\n"}
,{"stream_name":"stdout","time":7844.396146311,"data":"\n"}
,{"stream_name":"stdout","time":7844.442200473,"data":"样本变换：reverse\n"}
,{"stream_name":"stdout","time":7848.005823767,"data":"样本变换：mask\n"}
,{"stream_name":"stdout","time":7851.617826657,"data":"样本变换：shift\n"}
,{"stream_name":"stdout","time":7855.186817998,"data":"样本变换：none\n"}
,{"stream_name":"stderr","time":7860.83306001,"data":"/kaggle/working/k10/S06/sdalr_PU_final_checkpoint/tools.py:413: RuntimeWarning: invalid value encountered in divide\n"}
,{"stream_name":"stderr","time":7860.833121602,"data":"  per_class_acc = conf_matrix.diagonal() / conf_matrix.sum(axis=1) * 100\n"}
,{"stream_name":"stdout","time":7860.833221694,"data":"未过滤\t未用伪标签：78.27% -\u003e 使用伪标签：79.13%\n"}
,{"stream_name":"stdout","time":7860.833232772,"data":"已过滤\t未用伪标签：78.40% -\u003e 使用伪标签：79.27%\n"}
,{"stream_name":"stdout","time":7860.833238277,"data":"排除样本：10|6000\t剩余：2000, 2748, 1242\n"}
,{"stream_name":"stdout","time":7860.83324329,"data":"增添样本：1252\t\t细则：0, 252, 1000\t正确率估算：99.44%\n"}
,{"stream_name":"stdout","time":7860.833268761,"data":"类型1 正确率： 100.00% -\u003e 1  100.00%, 2    0.00%, 3    0.00%\n"}
,{"stream_name":"stdout","time":7860.833272087,"data":"类型2 正确率：  88.00% -\u003e 1    0.00%, 2   87.84%, 3   12.16%\n"}
,{"stream_name":"stdout","time":7860.83327467,"data":"类型3 正确率：  50.00% -\u003e 1    0.00%, 2   50.00%, 3   50.00%\n"}
,{"stream_name":"stdout","time":7860.833277212,"data":"\n"}
,{"stream_name":"stdout","time":7860.833280194,"data":"被排除样本 正确率：0.00%\n"}
,{"stream_name":"stdout","time":7860.83328267,"data":"类型1 正确率：   0.00% -\u003e 1    0.00%, 2  100.00%\n"}
,{"stream_name":"stdout","time":7860.833285319,"data":"类型2 没有样本或未被分类。\n"}
,{"stream_name":"stdout","time":7860.833287925,"data":"\n"}
,{"stream_name":"stdout","time":7860.833290441,"data":"\n"}
,{"stream_name":"stdout","time":7874.575271789,"data":"轮次:·11/·20 || c_Loss:0.478 || e_Loss:-1.573 || Aad_Loss:-24.282 || 耗时：36.89s\n"}
,{"stream_name":"stdout","time":7888.368164254,"data":"轮次:·12/·20 || c_Loss:0.385 || e_Loss:-1.572 || Aad_Loss:-24.314 || 耗时：13.79s\n"}
,{"stream_name":"stdout","time":7902.112630976,"data":"轮次:·13/·20 || c_Loss:0.348 || e_Loss:-1.433 || Aad_Loss:-28.788 || 耗时：13.74s\n"}
,{"stream_name":"stdout","time":7915.862778049,"data":"轮次:·14/·20 || c_Loss:0.383 || e_Loss:-1.574 || Aad_Loss:-24.761 || 耗时：13.75s\n"}
,{"stream_name":"stdout","time":7929.601546223,"data":"轮次:·15/·20 || c_Loss:0.390 || e_Loss:-1.457 || Aad_Loss:-26.740 || 耗时：13.74s\n"}
,{"stream_name":"stdout","time":7936.236839874,"data":"任务: (B1)N15_M01_F10→(B3)N15_M07_F04; mix批次:····0; 批次:·1410/·1880;  总正确率: 78.90%\n"}
,{"stream_name":"stdout","time":7936.236895814,"data":"类型1 正确率： 100.00% -\u003e 1  100.00%, 2    0.00%, 3    0.00%\n"}
,{"stream_name":"stdout","time":7936.236908834,"data":"类型2 正确率：  87.00% -\u003e 1    0.00%, 2   86.70%, 3   13.30%\n"}
,{"stream_name":"stdout","time":7936.236912567,"data":"类型3 正确率：  50.00% -\u003e 1    0.00%, 2   50.00%, 3   50.00%\n"}
,{"stream_name":"stdout","time":7936.236916102,"data":"\n"}
,{"stream_name":"stdout","time":7936.236919302,"data":"\n"}
,{"stream_name":"stdout","time":7936.28313035,"data":"样本变换：reverse\n"}
,{"stream_name":"stdout","time":7939.813805924,"data":"样本变换：mask\n"}
,{"stream_name":"stdout","time":7943.352731352,"data":"样本变换：shift\n"}
,{"stream_name":"stdout","time":7946.865847202,"data":"样本变换：none\n"}
,{"stream_name":"stderr","time":7952.579460191,"data":"/kaggle/working/k10/S06/sdalr_PU_final_checkpoint/tools.py:413: RuntimeWarning: invalid value encountered in divide\n"}
,{"stream_name":"stderr","time":7952.579499848,"data":"  per_class_acc = conf_matrix.diagonal() / conf_matrix.sum(axis=1) * 100\n"}
,{"stream_name":"stdout","time":7952.57952937,"data":"未过滤\t未用伪标签：78.90% -\u003e 使用伪标签：79.42%\n"}
,{"stream_name":"stdout","time":7952.579554134,"data":"已过滤\t未用伪标签：78.99% -\u003e 使用伪标签：79.54%\n"}
,{"stream_name":"stdout","time":7952.579560556,"data":"排除样本：9|6000\t剩余：2000, 2765, 1226\n"}
,{"stream_name":"stdout","time":7952.579565991,"data":"增添样本：1235\t\t细则：0, 235, 1000\t正确率估算：99.51%\n"}
,{"stream_name":"stdout","time":7952.579571797,"data":"类型1 正确率： 100.00% -\u003e 1  100.00%, 2    0.00%, 3    0.00%\n"}
,{"stream_name":"stdout","time":7952.579577079,"data":"类型2 正确率：  89.00% -\u003e 1    0.00%, 2   88.65%, 3   11.35%\n"}
,{"stream_name":"stdout","time":7952.579597253,"data":"类型3 正确率：  50.00% -\u003e 1    0.00%, 2   50.00%, 3   50.00%\n"}
,{"stream_name":"stdout","time":7952.579602162,"data":"\n"}
,{"stream_name":"stdout","time":7952.579606248,"data":"被排除样本 正确率：22.22%\n"}
,{"stream_name":"stdout","time":7952.579609839,"data":"类型1 正确率：  22.00% -\u003e 1   22.22%, 2   77.78%\n"}
,{"stream_name":"stdout","time":7952.579613919,"data":"类型2 没有样本或未被分类。\n"}
,{"stream_name":"stdout","time":7952.579617957,"data":"\n"}
,{"stream_name":"stdout","time":7952.579622172,"data":"\n"}
,{"stream_name":"stdout","time":7966.242418976,"data":"轮次:·16/·20 || c_Loss:0.446 || e_Loss:-1.636 || Aad_Loss:-24.484 || 耗时：36.64s\n"}
,{"stream_name":"stdout","time":7979.995794629,"data":"轮次:·17/·20 || c_Loss:0.431 || e_Loss:-1.547 || Aad_Loss:-27.248 || 耗时：13.75s\n"}
,{"stream_name":"stdout","time":7993.783125412,"data":"轮次:·18/·20 || c_Loss:0.347 || e_Loss:-1.559 || Aad_Loss:-26.358 || 耗时：13.79s\n"}
,{"stream_name":"stdout","time":8007.624252405,"data":"轮次:·19/·20 || c_Loss:0.357 || e_Loss:-1.573 || Aad_Loss:-23.963 || 耗时：13.84s\n"}
,{"stream_name":"stdout","time":8021.395544382,"data":"轮次:·20/·20 || c_Loss:0.372 || e_Loss:-1.489 || Aad_Loss:-25.676 || 耗时：13.77s\n"}
,{"stream_name":"stdout","time":8028.03217571,"data":"任务: (B1)N15_M01_F10→(B3)N15_M07_F04; mix批次:····0; 批次:·1880/·1880;  总正确率: 79.60%\n"}
,{"stream_name":"stdout","time":8028.0322227,"data":"类型1 正确率： 100.00% -\u003e 1  100.00%, 2    0.00%, 3    0.00%\n"}
,{"stream_name":"stdout","time":8028.032228912,"data":"类型2 正确率：  89.00% -\u003e 1    0.00%, 2   88.80%, 3   11.20%\n"}
,{"stream_name":"stdout","time":8028.032232789,"data":"类型3 正确率：  50.00% -\u003e 1    0.05%, 2   49.95%, 3   50.00%\n"}
,{"stream_name":"stdout","time":8028.032236667,"data":"\n"}
,{"stream_name":"stdout","time":8028.032240074,"data":"\n"}
,{"stream_name":"stdout","time":8034.631271963,"data":"测试集任务: (B1)N15_M01_F10→(B3)N15_M07_F04; 总正确率 = 79.60%\n"}
,{"stream_name":"stdout","time":8034.631319694,"data":"类型1 正确率： 100.00% -\u003e 1  100.00%, 2    0.00%, 3    0.00%\n"}
,{"stream_name":"stdout","time":8034.631325904,"data":"类型2 正确率：  89.00% -\u003e 1    0.00%, 2   88.80%, 3   11.20%\n"}
,{"stream_name":"stdout","time":8034.631329659,"data":"类型3 正确率：  50.00% -\u003e 1    0.05%, 2   49.95%, 3   50.00%\n"}
,{"stream_name":"stdout","time":8034.63133339,"data":"\n"}
,{"stream_name":"stdout","time":8034.631336569,"data":"\n"}
,{"stream_name":"stdout","time":8034.658643527,"data":"[tar_adaptation_RES_PU.py --folder_root /kaggle/working/k10/S06/sdalr_PU_final_checkpoint/DATA_foldS06c --seed 2024 --class_num 3 --data_name PU_M1_L3 --output /kaggle/working/k10/S06/weight_PU_M1_final_checkpoint_FS06toS06c_gateoracle_s2024 --s 0 --t 2 --lr 0.0005 --threshold 0.4 --K 0.6] 387s\n"}
,{"stream_name":"stdout","time":8034.703242096,"data":"读取源域路径：/kaggle/working/k10/S06/weight_PU_M1_final_checkpoint_FS06toS06c_gateoracle_s2024/NEW_PU/Source-源域/log\u0026pt/(B2)N15_M07_F10\n"}
,{"stream_name":"stdout","time":8034.703271117,"data":"excel输出位置：/kaggle/working/k10/S06/weight_PU_M1_final_checkpoint_FS06toS06c_gateoracle_s2024/NEW_PU/Target-目标域\n"}
,{"stream_name":"stdout","time":8034.70328257,"data":"特征图片输出位置：/kaggle/working/k10/S06/weight_PU_M1_final_checkpoint_FS06toS06c_gateoracle_s2024/NEW_PU/Picture-特征图/2026年09月19日05时19分/(B2)N15_M07_F10\n"}
,{"stream_name":"stderr","time":8034.741240497,"data":"/usr/local/lib/python3.12/dist-packages/torch/nn/utils/weight_norm.py:144: FutureWarning: `torch.nn.utils.weight_norm` is deprecated in favor of `torch.nn.utils.parametrizations.weight_norm`.\n"}
,{"stream_name":"stderr","time":8034.741296364,"data":"  WeightNorm.apply(module, name, dim)\n"}
,{"stream_name":"stdout","time":8034.781907568,"data":"现在选取:(B2)N15_M07_F10 进行训练的源模型\n"}
,{"stream_name":"stdout","time":8034.781956544,"data":"现在进行：(B2)N15_M07_F10→(B1)N15_M01_F10 的迁移任务\n"}
,{"stream_name":"stdout","time":8034.781963135,"data":"log\u0026pt输出位置：/kaggle/working/k10/S06/weight_PU_M1_final_checkpoint_FS06toS06c_gateoracle_s2024/NEW_PU/Target-目标域/log\u0026pt/(B2)N15_M07_F10→(B1)N15_M01_F10\n"}
,{"stream_name":"stderr","time":8034.783380841,"data":"sh: 1: Syntax error: word unexpected (expecting \")\")\n"}
,{"stream_name":"stdout","time":8046.648182398,"data":"任务: (B2)N15_M07_F10→(B1)N15_M01_F10; 批次:····0/·1880;  总正确率: 75.43%\n"}
,{"stream_name":"stdout","time":8046.648222614,"data":"类型1 正确率： 100.00% -\u003e 1   99.55%, 2    0.05%, 3    0.40%\n"}
,{"stream_name":"stdout","time":8046.648242679,"data":"类型2 正确率：  77.00% -\u003e 1    0.00%, 2   76.55%, 3   23.45%\n"}
,{"stream_name":"stdout","time":8046.64824833,"data":"类型3 正确率：  50.00% -\u003e 1    0.00%, 2   49.80%, 3   50.20%\n"}
,{"stream_name":"stdout","time":8046.64825411,"data":"\n"}
,{"stream_name":"stdout","time":8046.64825929,"data":"\n"}
,{"stream_name":"stdout","time":8046.64886707,"data":"样本变换：reverse\n"}
,{"stream_name":"stdout","time":8050.114901673,"data":"样本变换：mask\n"}
,{"stream_name":"stdout","time":8053.637903535,"data":"样本变换：shift\n"}
,{"stream_name":"stdout","time":8057.151885405,"data":"样本变换：none\n"}
,{"stream_name":"stdout","time":8063.008066814,"data":"未过滤\t未用伪标签：75.43% -\u003e 使用伪标签：74.20%\n"}
,{"stream_name":"stdout","time":8063.008116533,"data":"已过滤\t未用伪标签：75.42% -\u003e 使用伪标签：74.95%\n"}
,{"stream_name":"stdout","time":8063.008123833,"data":"排除样本：60|6000\t剩余：1996, 2455, 1489\n"}
,{"stream_name":"stdout","time":8063.008128085,"data":"增添样本：1536\t\t细则：0, 540, 996\t正确率估算：100.00%\n"}
,{"stream_name":"stdout","time":8063.00813198,"data":"类型1 正确率： 100.00% -\u003e 1   99.95%, 2    0.00%, 3    0.05%\n"}
,{"stream_name":"stdout","time":8063.008135844,"data":"类型2 正确率：  75.00% -\u003e 1    0.00%, 2   74.90%, 3   25.10%\n"}
,{"stream_name":"stdout","time":8063.008139586,"data":"类型3 正确率：  50.00% -\u003e 1    0.00%, 2   49.97%, 3   50.03%\n"}
,{"stream_name":"stdout","time":8063.008143287,"data":"\n"}
,{"stream_name":"stdout","time":8063.008146975,"data":"被排除样本 正确率：76.67%\n"}
,{"stream_name":"stdout","time":8063.00815053,"data":"类型1 正确率：  67.00% -\u003e 1   66.67%, 2   33.33%, 3    0.00%\n"}
,{"stream_name":"stdout","time":8063.008154129,"data":"类型2 正确率：  77.00% -\u003e 1    0.00%, 2   76.79%, 3   23.21%\n"}
,{"stream_name":"stdout","time":8063.008157814,"data":"类型3 正确率： 100.00% -\u003e 1    0.00%, 2    0.00%, 3  100.00%\n"}
,{"stream_name":"stdout","time":8063.00817395,"data":"\n"}
,{"stream_name":"stdout","time":8063.008177404,"data":"\n"}
,{"stream_name":"stdout","time":8076.748413555,"data":"轮次:··1/·20 || c_Loss:0.554 || e_Loss:-1.245 || Aad_Loss:-22.769 || 耗时：36.50s\n"}
,{"stream_name":"stdout","time":8090.666342727,"data":"轮次:··2/·20 || c_Loss:0.377 || e_Loss:-1.561 || Aad_Loss:-22.168 || 耗时：13.92s\n"}
,{"stream_name":"stdout","time":8104.524738778,"data":"轮次:··3/·20 || c_Loss:0.358 || e_Loss:-1.564 || Aad_Loss:-23.561 || 耗时：13.86s\n"}
,{"stream_name":"stdout","time":8118.33051863,"data":"轮次:··4/·20 || c_Loss:0.385 || e_Loss:-1.662 || Aad_Loss:-22.495 || 耗时：13.81s\n"}
,{"stream_name":"stdout","time":8132.121981739,"data":"轮次:··5/·20 || c_Loss:0.393 || e_Loss:-1.598 || Aad_Loss:-22.041 || 耗时：13.79s\n"}
,{"stream_name":"stdout","time":8138.718753779,"data":"任务: (B2)N15_M07_F10→(B1)N15_M01_F10; mix批次:····0; 批次:··470/·1880;  总正确率: 78.15%\n"}
,{"stream_name":"stdout","time":8138.71881274,"data":"类型1 正确率： 100.00% -\u003e 1  100.00%, 2    0.00%, 3    0.00%\n"}
,{"stream_name":"stdout","time":8138.718818146,"data":"类型2 正确率：  84.00% -\u003e 1    0.00%, 2   84.10%, 3   15.90%\n"}
,{"stream_name":"stdout","time":8138.718821623,"data":"类型3 正确率：  50.00% -\u003e 1    0.00%, 2   49.65%, 3   50.35%\n"}
,{"stream_name":"stdout","time":8138.718825055,"data":"\n"}
,{"stream_name":"stdout","time":8138.718828076,"data":"\n"}
,{"stream_name":"stdout","time":8138.753896203,"data":"样本变换：reverse\n"}
,{"stream_name":"stdout","time":8142.25582929,"data":"样本变换：mask\n"}
,{"stream_name":"stdout","time":8145.743898261,"data":"样本变换：shift\n"}
,{"stream_name":"stdout","time":8149.234993367,"data":"样本变换：none\n"}
,{"stream_name":"stderr","time":8154.854399144,"data":"/kaggle/working/k10/S06/sdalr_PU_final_checkpoint/tools.py:413: RuntimeWarning: invalid value encountered in divide\n"}
,{"stream_name":"stderr","time":8154.854453338,"data":"  per_class_acc = conf_matrix.diagonal() / conf_matrix.sum(axis=1) * 100\n"}
,{"stream_name":"stdout","time":8154.854641564,"data":"未过滤\t未用伪标签：78.15% -\u003e 使用伪标签：78.92%\n"}
,{"stream_name":"stdout","time":8154.854670993,"data":"已过滤\t未用伪标签：78.45% -\u003e 使用伪标签：79.22%\n"}
,{"stream_name":"stdout","time":8154.854677102,"data":"排除样本：23|6000\t剩余：2000, 2735, 1242\n"}
,{"stream_name":"stdout","time":8154.854682041,"data":"增添样本：1265\t\t细则：0, 265, 1000\t正确率估算：99.45%\n"}
,{"stream_name":"stdout","time":8154.854686735,"data":"类型1 正确率： 100.00% -\u003e 1  100.00%, 2    0.00%, 3    0.00%\n"}
,{"stream_name":"stdout","time":8154.854692257,"data":"类型2 正确率：  88.00% -\u003e 1    0.00%, 2   87.76%, 3   12.24%\n"}
,{"stream_name":"stdout","time":8154.85469681,"data":"类型3 正确率：  50.00% -\u003e 1    0.00%, 2   50.00%, 3   50.00%\n"}
,{"stream_name":"stdout","time":8154.854701761,"data":"\n"}
,{"stream_name":"stdout","time":8154.854706546,"data":"被排除样本 正确率：0.00%\n"}
,{"stream_name":"stdout","time":8154.854711261,"data":"类型1 正确率：   0.00% -\u003e 1    0.00%, 2  100.00%\n"}
,{"stream_name":"stdout","time":8154.85471615,"data":"类型2 没有样本或未被分类。\n"}
,{"stream_name":"stdout","time":8154.854721153,"data":"\n"}
,{"stream_name":"stdout","time":8154.854725326,"data":"\n"}
,{"stream_name":"stdout","time":8168.511291014,"data":"轮次:··6/·20 || c_Loss:0.360 || e_Loss:-1.743 || Aad_Loss:-25.118 || 耗时：36.39s\n"}
,{"stream_name":"stdout","time":8182.266041384,"data":"轮次:··7/·20 || c_Loss:0.347 || e_Loss:-1.767 || Aad_Loss:-26.060 || 耗时：13.75s\n"}
,{"stream_name":"stdout","time":8196.102970862,"data":"轮次:··8/·20 || c_Loss:0.363 || e_Loss:-1.746 || Aad_Loss:-26.836 || 耗时：13.84s\n"}
,{"stream_name":"stdout","time":8209.979377913,"data":"轮次:··9/·20 || c_Loss:0.353 || e_Loss:-1.733 || Aad_Loss:-24.003 || 耗时：13.88s\n"}
,{"stream_name":"stdout","time":8223.831732634,"data":"轮次:·10/·20 || c_Loss:0.364 || e_Loss:-1.792 || Aad_Loss:-24.674 || 耗时：13.85s\n"}
,{"stream_name":"stdout","time":8230.468024255,"data":"任务: (B2)N15_M07_F10→(B1)N15_M01_F10; mix批次:····0; 批次:··940/·1880;  总正确率: 83.32%\n"}
,{"stream_name":"stdout","time":8230.468077686,"data":"类型1 正确率： 100.00% -\u003e 1  100.00%, 2    0.00%, 3    0.00%\n"}
,{"stream_name":"stdout","time":8230.468082808,"data":"类型2 正确率：  94.00% -\u003e 1    0.00%, 2   94.45%, 3    5.55%\n"}
,{"stream_name":"stdout","time":8230.468086233,"data":"类型3 正确率：  56.00% -\u003e 1    0.00%, 2   44.50%, 3   55.50%\n"}
,{"stream_name":"stdout","time":8230.468089573,"data":"\n"}
,{"stream_name":"stdout","time":8230.46809255,"data":"\n"}
,{"stream_name":"stdout","time":8230.515728706,"data":"样本变换：reverse\n"}
,{"stream_name":"stdout","time":8234.023818585,"data":"样本变换：mask\n"}
,{"stream_name":"stdout","time":8237.559846367,"data":"样本变换：shift\n"}
,{"stream_name":"stdout","time":8241.067820976,"data":"样本变换：none\n"}
,{"stream_name":"stderr","time":8246.503965829,"data":"/kaggle/working/k10/S06/sdalr_PU_final_checkpoint/tools.py:413: RuntimeWarning: invalid value encountered in divide\n"}
,{"stream_name":"stderr","time":8246.50401005,"data":"  per_class_acc = conf_matrix.diagonal() / conf_matrix.sum(axis=1) * 100\n"}
,{"stream_name":"stdout","time":8246.5041391,"data":"未过滤\t未用伪标签：83.32% -\u003e 使用伪标签：81.65%\n"}
,{"stream_name":"stdout","time":8246.504151055,"data":"已过滤\t未用伪标签：83.51% -\u003e 使用伪标签：81.95%\n"}
,{"stream_name":"stdout","time":8246.504156466,"data":"排除样本：22|6000\t剩余：2000, 2899, 1079\n"}
,{"stream_name":"stdout","time":8246.504161044,"data":"增添样本：1101\t\t细则：0, 101, 1000\t正确率估算：99.82%\n"}
,{"stream_name":"stdout","time":8246.504165766,"data":"类型1 正确率： 100.00% -\u003e 1  100.00%, 2    0.00%, 3    0.00%\n"}
,{"stream_name":"stdout","time":8246.504170402,"data":"类型2 正确率：  96.00% -\u003e 1    0.00%, 2   96.01%, 3    3.99%\n"}
,{"stream_name":"stdout","time":8246.504174849,"data":"类型3 正确率：  50.00% -\u003e 1    0.00%, 2   50.00%, 3   50.00%\n"}
,{"stream_name":"stdout","time":8246.504180955,"data":"\n"}
,{"stream_name":"stdout","time":8246.50418716,"data":"被排除样本 正确率：31.82%\n"}
,{"stream_name":"stdout","time":8246.504191935,"data":"类型1 正确率：  32.00% -\u003e 1   31.82%, 2   68.18%\n"}
,{"stream_name":"stdout","time":8246.504196812,"data":"类型2 没有样本或未被分类。\n"}
,{"stream_name":"stdout","time":8246.50420204,"data":"\n"}
,{"stream_name":"stdout","time":8246.504206447,"data":"\n"}
,{"stream_name":"stdout","time":8260.095322568,"data":"轮次:·11/·20 || c_Loss:0.346 || e_Loss:-1.704 || Aad_Loss:-28.792 || 耗时：36.26s\n"}
,{"stream_name":"stdout","time":8273.829464804,"data":"轮次:·12/·20 || c_Loss:0.364 || e_Loss:-1.855 || Aad_Loss:-26.678 || 耗时：13.73s\n"}
,{"stream_name":"stdout","time":8287.570431765,"data":"轮次:·13/·20 || c_Loss:0.401 || e_Loss:-1.636 || Aad_Loss:-27.998 || 耗时：13.74s\n"}
,{"stream_name":"stdout","time":8301.33671934,"data":"轮次:·14/·20 || c_Loss:0.371 || e_Loss:-1.861 || Aad_Loss:-24.873 || 耗时：13.77s\n"}
,{"stream_name":"stdout","time":8315.12675796,"data":"轮次:·15/·20 || c_Loss:0.375 || e_Loss:-1.822 || Aad_Loss:-23.781 || 耗时：13.79s\n"}
,{"stream_name":"stdout","time":8321.744289669,"data":"任务: (B2)N15_M07_F10→(B1)N15_M01_F10; mix批次:····0; 批次:·1410/·1880;  总正确率: 86.12%\n"}
,{"stream_name":"stdout","time":8321.744353027,"data":"类型1 正确率： 100.00% -\u003e 1  100.00%, 2    0.00%, 3    0.00%\n"}
,{"stream_name":"stdout","time":8321.744358487,"data":"类型2 正确率：  99.00% -\u003e 1    0.00%, 2   98.55%, 3    1.45%\n"}
,{"stream_name":"stdout","time":8321.744361551,"data":"类型3 正确率：  60.00% -\u003e 1    0.00%, 2   40.20%, 3   59.80%\n"}
,{"stream_name":"stdout","time":8321.744364548,"data":"\n"}
,{"stream_name":"stdout","time":8321.74436718,"data":"\n"}
,{"stream_name":"stdout","time":8321.789100824,"data":"样本变换：reverse\n"}
,{"stream_name":"stdout","time":8325.26584757,"data":"样本变换：mask\n"}
,{"stream_name":"stdout","time":8328.767828615,"data":"样本变换：shift\n"}
,{"stream_name":"stdout","time":8332.299041426,"data":"样本变换：none\n"}
,{"stream_name":"stderr","time":8337.91664206,"data":"/kaggle/working/k10/S06/sdalr_PU_final_checkpoint/tools.py:413: RuntimeWarning: invalid value encountered in divide\n"}
,{"stream_name":"stderr","time":8337.916693547,"data":"  per_class_acc = conf_matrix.diagonal() / conf_matrix.sum(axis=1) * 100\n"}
,{"stream_name":"stdout","time":8337.916717842,"data":"未过滤\t未用伪标签：86.12% -\u003e 使用伪标签：82.87%\n"}
,{"stream_name":"stdout","time":8337.91672352,"data":"已过滤\t未用伪标签：86.17% -\u003e 使用伪标签：82.94%\n"}
,{"stream_name":"stdout","time":8337.916727323,"data":"排除样本：5|6000\t剩余：2000, 2972, 1023\n"}
,{"stream_name":"stdout","time":8337.916731055,"data":"增添样本：1028\t\t细则：0, 28, 1000\t正确率估算：100.00%\n"}
,{"stream_name":"stdout","time":8337.916734868,"data":"类型1 正确率： 100.00% -\u003e 1  100.00%, 2    0.00%, 3    0.00%\n"}
,{"stream_name":"stdout","time":8337.916738545,"data":"类型2 正确率：  99.00% -\u003e 1    0.00%, 2   98.85%, 3    1.15%\n"}
,{"stream_name":"stdout","time":8337.916742038,"data":"类型3 正确率：  50.00% -\u003e 1    0.00%, 2   50.00%, 3   50.00%\n"}
,{"stream_name":"stdout","time":8337.916779266,"data":"\n"}
,{"stream_name":"stdout","time":8337.916787363,"data":"被排除样本 正确率：20.00%\n"}
,{"stream_name":"stdout","time":8337.916792982,"data":"类型1 正确率：  20.00% -\u003e 1   20.00%, 2   80.00%\n"}
,{"stream_name":"stdout","time":8337.916809808,"data":"类型2 没有样本或未被分类。\n"}
,{"stream_name":"stdout","time":8337.916814763,"data":"\n"}
,{"stream_name":"stdout","time":8337.916819737,"data":"\n"}
,{"stream_name":"stdout","time":8351.548739671,"data":"轮次:·16/·20 || c_Loss:0.381 || e_Loss:-1.853 || Aad_Loss:-22.328 || 耗时：36.42s\n"}
,{"stream_name":"stdout","time":8365.301210217,"data":"轮次:·17/·20 || c_Loss:0.387 || e_Loss:-1.812 || Aad_Loss:-24.040 || 耗时：13.75s\n"}
,{"stream_name":"stdout","time":8379.052917401,"data":"轮次:·18/·20 || c_Loss:0.382 || e_Loss:-1.874 || Aad_Loss:-27.263 || 耗时：13.75s\n"}
,{"stream_name":"stdout","time":8392.796342699,"data":"轮次:·19/·20 || c_Loss:0.381 || e_Loss:-1.853 || Aad_Loss:-27.188 || 耗时：13.74s\n"}
,{"stream_name":"stdout","time":8406.55838784,"data":"轮次:·20/·20 || c_Loss:0.355 || e_Loss:-1.634 || Aad_Loss:-26.403 || 耗时：13.76s\n"}
,{"stream_name":"stdout","time":8413.136593236,"data":"任务: (B2)N15_M07_F10→(B1)N15_M01_F10; mix批次:····0; 批次:·1880/·1880;  总正确率: 86.53%\n"}
,{"stream_name":"stdout","time":8413.136633322,"data":"类型1 正确率： 100.00% -\u003e 1  100.00%, 2    0.00%, 3    0.00%\n"}
,{"stream_name":"stdout","time":8413.136642437,"data":"类型2 正确率：  99.00% -\u003e 1    0.00%, 2   99.45%, 3    0.55%\n"}
,{"stream_name":"stdout","time":8413.136646314,"data":"类型3 正确率：  60.00% -\u003e 1    0.00%, 2   39.85%, 3   60.15%\n"}
,{"stream_name":"stdout","time":8413.136662473,"data":"\n"}
,{"stream_name":"stdout","time":8413.136664929,"data":"\n"}
,{"stream_name":"stdout","time":8419.695837246,"data":"测试集任务: (B2)N15_M07_F10→(B1)N15_M01_F10; 总正确率 = 86.53%\n"}
,{"stream_name":"stdout","time":8419.695877155,"data":"类型1 正确率： 100.00% -\u003e 1  100.00%, 2    0.00%, 3    0.00%\n"}
,{"stream_name":"stdout","time":8419.695884958,"data":"类型2 正确率：  99.00% -\u003e 1    0.00%, 2   99.45%, 3    0.55%\n"}
,{"stream_name":"stdout","time":8419.695890844,"data":"类型3 正确率：  60.00% -\u003e 1    0.00%, 2   39.85%, 3   60.15%\n"}
,{"stream_name":"stdout","time":8419.695896996,"data":"\n"}
,{"stream_name":"stdout","time":8419.69590252,"data":"\n"}
,{"stream_name":"stdout","time":8419.722077411,"data":"[tar_adaptation_RES_PU.py --folder_root /kaggle/working/k10/S06/sdalr_PU_final_checkpoint/DATA_foldS06c --seed 2024 --class_num 3 --data_name PU_M1_L3 --output /kaggle/working/k10/S06/weight_PU_M1_final_checkpoint_FS06toS06c_gateoracle_s2024 --s 1 --t 0 --lr 0.0005 --threshold 0.4 --K 0.6] 385s\n"}
,{"stream_name":"stdout","time":8419.769912141,"data":"读取源域路径：/kaggle/working/k10/S06/weight_PU_M1_final_checkpoint_FS06toS06c_gateoracle_s2024/NEW_PU/Source-源域/log\u0026pt/(B2)N15_M07_F10\n"}
,{"stream_name":"stdout","time":8419.769976023,"data":"excel输出位置：/kaggle/working/k10/S06/weight_PU_M1_final_checkpoint_FS06toS06c_gateoracle_s2024/NEW_PU/Target-目标域\n"}
,{"stream_name":"stdout","time":8419.770905745,"data":"特征图片输出位置：/kaggle/working/k10/S06/weight_PU_M1_final_checkpoint_FS06toS06c_gateoracle_s2024/NEW_PU/Picture-特征图/2026年09月19日05时25分/(B2)N15_M07_F10\n"}
,{"stream_name":"stderr","time":8419.80743531,"data":"/usr/local/lib/python3.12/dist-packages/torch/nn/utils/weight_norm.py:144: FutureWarning: `torch.nn.utils.weight_norm` is deprecated in favor of `torch.nn.utils.parametrizations.weight_norm`.\n"}
,{"stream_name":"stderr","time":8419.807467271,"data":"  WeightNorm.apply(module, name, dim)\n"}
,{"stream_name":"stdout","time":8419.849806166,"data":"现在选取:(B2)N15_M07_F10 进行训练的源模型\n"}
,{"stream_name":"stdout","time":8419.84984192,"data":"现在进行：(B2)N15_M07_F10→(B3)N15_M07_F04 的迁移任务\n"}
,{"stream_name":"stdout","time":8419.849846907,"data":"log\u0026pt输出位置：/kaggle/working/k10/S06/weight_PU_M1_final_checkpoint_FS06toS06c_gateoracle_s2024/NEW_PU/Target-目标域/log\u0026pt/(B2)N15_M07_F10→(B3)N15_M07_F04\n"}
,{"stream_name":"stderr","time":8419.851498881,"data":"sh: 1: Syntax error: word unexpected (expecting \")\")\n"}
,{"stream_name":"stdout","time":8431.815767664,"data":"任务: (B2)N15_M07_F10→(B3)N15_M07_F04; 批次:····0/·1880;  总正确率: 75.77%\n"}
,{"stream_name":"stdout","time":8431.815814414,"data":"类型1 正确率： 100.00% -\u003e 1   99.85%, 2    0.05%, 3    0.10%\n"}
,{"stream_name":"stdout","time":8431.815820309,"data":"类型2 正确率：  77.00% -\u003e 1    0.00%, 2   76.60%, 3   23.40%\n"}
,{"stream_name":"stdout","time":8431.8158243,"data":"类型3 正确率：  51.00% -\u003e 1    0.00%, 2   49.15%, 3   50.85%\n"}
,{"stream_name":"stdout","time":8431.815828114,"data":"\n"}
,{"stream_name":"stdout","time":8431.815831615,"data":"\n"}
,{"stream_name":"stdout","time":8431.817495017,"data":"样本变换：reverse\n"}
,{"stream_name":"stdout","time":8435.325927925,"data":"样本变换：mask\n"}
,{"stream_name":"stdout","time":8438.881824339,"data":"样本变换：shift\n"}
,{"stream_name":"stdout","time":8442.448840632,"data":"样本变换：none\n"}
,{"stream_name":"stdout","time":8448.211189877,"data":"未过滤\t未用伪标签：75.77% -\u003e 使用伪标签：75.42%\n"}
,{"stream_name":"stdout","time":8448.21126627,"data":"已过滤\t未用伪标签：76.19% -\u003e 使用伪标签：76.46%\n"}
,{"stream_name":"stdout","time":8448.211274355,"data":"排除样本：82|6000\t剩余：1997, 2518, 1403\n"}
,{"stream_name":"stdout","time":8448.211278797,"data":"增添样本：1466\t\t细则：0, 471, 995\t正确率估算：99.52%\n"}
,{"stream_name":"stdout","time":8448.211283237,"data":"类型1 正确率： 100.00% -\u003e 1  100.00%, 2    0.00%, 3    0.00%\n"}
,{"stream_name":"stdout","time":8448.211287433,"data":"类型2 正确率：  79.00% -\u003e 1    0.00%, 2   79.19%, 3   20.81%\n"}
,{"stream_name":"stdout","time":8448.211291635,"data":"类型3 正确率：  50.00% -\u003e 1    0.00%, 2   49.75%, 3   50.25%\n"}
,{"stream_name":"stdout","time":8448.211298155,"data":"\n"}
,{"stream_name":"stdout","time":8448.211306134,"data":"被排除样本 正确率：45.12%\n"}
,{"stream_name":"stdout","time":8448.211308979,"data":"类型1 正确率：  67.00% -\u003e 1   66.67%, 2   33.33%, 3    0.00%\n"}
,{"stream_name":"stdout","time":8448.21131175,"data":"类型2 正确率：  40.00% -\u003e 1    0.00%, 2   39.73%, 3   60.27%\n"}
,{"stream_name":"stdout","time":8448.211314609,"data":"类型3 正确率： 100.00% -\u003e 1    0.00%, 2    0.00%, 3  100.00%\n"}
,{"stream_name":"stdout","time":8448.211317368,"data":"\n"}
,{"stream_name":"stdout","time":8448.211319891,"data":"\n"}
,{"stream_name":"stdout","time":8462.193558831,"data":"轮次:··1/·20 || c_Loss:0.556 || e_Loss:-1.228 || Aad_Loss:-22.200 || 耗时：36.82s\n"}
,{"stream_name":"stdout","time":8476.074925818,"data":"轮次:··2/·20 || c_Loss:0.370 || e_Loss:-1.351 || Aad_Loss:-23.067 || 耗时：13.88s\n"}
,{"stream_name":"stdout","time":8489.806574566,"data":"轮次:··3/·20 || c_Loss:0.423 || e_Loss:-1.439 || Aad_Loss:-26.687 || 耗时：13.73s\n"}
,{"stream_name":"stdout","time":8503.518206133,"data":"轮次:··4/·20 || c_Loss:0.384 || e_Loss:-1.495 || Aad_Loss:-24.602 || 耗时：13.71s\n"}
,{"stream_name":"stdout","time":8517.260692765,"data":"轮次:··5/·20 || c_Loss:0.365 || e_Loss:-1.454 || Aad_Loss:-26.139 || 耗时：13.74s\n"}
,{"stream_name":"stdout","time":8523.85735486,"data":"任务: (B2)N15_M07_F10→(B3)N15_M07_F04; mix批次:····0; 批次:··470/·1880;  总正确率: 77.57%\n"}
,{"stream_name":"stdout","time":8523.857416997,"data":"类型1 正确率： 100.00% -\u003e 1  100.00%, 2    0.00%, 3    0.00%\n"}
,{"stream_name":"stdout","time":8523.857426068,"data":"类型2 正确率：  83.00% -\u003e 1    0.00%, 2   82.70%, 3   17.30%\n"}
,{"stream_name":"stdout","time":8523.857432078,"data":"类型3 正确率：  50.00% -\u003e 1    0.00%, 2   50.00%, 3   50.00%\n"}
,{"stream_name":"stdout","time":8523.857438546,"data":"\n"}
,{"stream_name":"stdout","time":8523.857443545,"data":"\n"}
,{"stream_name":"stdout","time":8523.892018495,"data":"样本变换：reverse\n"}
,{"stream_name":"stdout","time":8527.392890883,"data":"样本变换：mask\n"}
,{"stream_name":"stdout","time":8530.925834845,"data":"样本变换：shift\n"}
,{"stream_name":"stdout","time":8534.460797805,"data":"样本变换：none\n"}
,{"stream_name":"stderr","time":8540.055556235,"data":"/kaggle/working/k10/S06/sdalr_PU_final_checkpoint/tools.py:413: RuntimeWarning: invalid value encountered in divide\n"}
,{"stream_name":"stderr","time":8540.05559293,"data":"  per_class_acc = conf_matrix.diagonal() / conf_matrix.sum(axis=1) * 100\n"}
,{"stream_name":"stdout","time":8540.05567364,"data":"未过滤\t未用伪标签：77.57% -\u003e 使用伪标签：79.10%\n"}
,{"stream_name":"stdout","time":8540.055697209,"data":"已过滤\t未用伪标签：77.63% -\u003e 使用伪标签：79.17%\n"}
,{"stream_name":"stdout","time":8540.055701896,"data":"排除样本：5|6000\t剩余：2000, 2746, 1249\n"}
,{"stream_name":"stdout","time":8540.055706001,"data":"增添样本：1254\t\t细则：0, 254, 1000\t正确率估算：99.12%\n"}
,{"stream_name":"stdout","time":8540.055709762,"data":"类型1 正确率： 100.00% -\u003e 1  100.00%, 2    0.00%, 3    0.00%\n"}
,{"stream_name":"stdout","time":8540.055713926,"data":"类型2 正确率：  88.00% -\u003e 1    0.00%, 2   87.52%, 3   12.48%\n"}
,{"stream_name":"stdout","time":8540.055717515,"data":"类型3 正确率：  50.00% -\u003e 1    0.00%, 2   50.00%, 3   50.00%\n"}
,{"stream_name":"stdout","time":8540.055721146,"data":"\n"}
,{"stream_name":"stdout","time":8540.055724468,"data":"被排除样本 正确率：0.00%\n"}
,{"stream_name":"stdout","time":8540.05572803,"data":"类型1 正确率：   0.00% -\u003e 1    0.00%, 2  100.00%\n"}
,{"stream_name":"stdout","time":8540.055731655,"data":"类型2 没有样本或未被分类。\n"}
,{"stream_name":"stdout","time":8540.055735181,"data":"\n"}
,{"stream_name":"stdout","time":8540.05573862,"data":"\n"}
,{"stream_name":"stdout","time":8553.687834934,"data":"轮次:··6/·20 || c_Loss:0.397 || e_Loss:-1.327 || Aad_Loss:-26.612 || 耗时：36.43s\n"}
,{"stream_name":"stdout","time":8567.389215999,"data":"轮次:··7/·20 || c_Loss:0.405 || e_Loss:-1.576 || Aad_Loss:-25.695 || 耗时：13.70s\n"}
,{"stream_name":"stdout","time":8581.130192493,"data":"轮次:··8/·20 || c_Loss:0.418 || e_Loss:-1.492 || Aad_Loss:-25.038 || 耗时：13.74s\n"}
,{"stream_name":"stdout","time":8594.878704846,"data":"轮次:··9/·20 || c_Loss:0.369 || e_Loss:-1.498 || Aad_Loss:-25.702 || 耗时：13.75s\n"}
,{"stream_name":"stdout","time":8608.633491865,"data":"轮次:·10/·20 || c_Loss:0.408 || e_Loss:-1.550 || Aad_Loss:-24.292 || 耗时：13.75s\n"}
,{"stream_name":"stdout","time":8615.282151024,"data":"任务: (B2)N15_M07_F10→(B3)N15_M07_F04; mix批次:····0; 批次:··940/·1880;  总正确率: 78.08%\n"}
,{"stream_name":"stdout","time":8615.282203879,"data":"类型1 正确率： 100.00% -\u003e 1  100.00%, 2    0.00%, 3    0.00%\n"}
,{"stream_name":"stdout","time":8615.282211988,"data":"类型2 正确率：  84.00% -\u003e 1    0.00%, 2   84.25%, 3   15.75%\n"}
,{"stream_name":"stdout","time":8615.282217804,"data":"类型3 正确率：  50.00% -\u003e 1    0.00%, 2   50.00%, 3   50.00%\n"}
,{"stream_name":"stdout","time":8615.282223677,"data":"\n"}
,{"stream_name":"stdout","time":8615.282248877,"data":"\n"}
,{"stream_name":"stdout","time":8615.326177353,"data":"样本变换：reverse\n"}
,{"stream_name":"stdout","time":8618.85699679,"data":"样本变换：mask\n"}
,{"stream_name":"stdout","time":8622.406888487,"data":"样本变换：shift\n"}
,{"stream_name":"stdout","time":8625.942939748,"data":"样本变换：none\n"}
,{"stream_name":"stderr","time":8631.589397531,"data":"/kaggle/working/k10/S06/sdalr_PU_final_checkpoint/tools.py:413: RuntimeWarning: invalid value encountered in divide\n"}
,{"stream_name":"stderr","time":8631.58946533,"data":"  per_class_acc = conf_matrix.diagonal() / conf_matrix.sum(axis=1) * 100\n"}
,{"stream_name":"stdout","time":8631.589559931,"data":"未过滤\t未用伪标签：78.08% -\u003e 使用伪标签：79.23%\n"}
,{"stream_name":"stdout","time":8631.589576455,"data":"已过滤\t未用伪标签：78.20% -\u003e 使用伪标签：79.35%\n"}
,{"stream_name":"stdout","time":8631.589584393,"data":"排除样本：9|6000\t剩余：2000, 2754, 1237\n"}
,{"stream_name":"stdout","time":8631.589587934,"data":"增添样本：1246\t\t细则：0, 246, 1000\t正确率估算：99.20%\n"}
,{"stream_name":"stdout","time":8631.589605185,"data":"类型1 正确率： 100.00% -\u003e 1  100.00%, 2    0.00%, 3    0.00%\n"}
,{"stream_name":"stdout","time":8631.589608051,"data":"类型2 正确率：  88.00% -\u003e 1    0.00%, 2   88.10%, 3   11.90%\n"}
,{"stream_name":"stdout","time":8631.589610819,"data":"类型3 正确率：  50.00% -\u003e 1    0.00%, 2   50.00%, 3   50.00%\n"}
,{"stream_name":"stdout","time":8631.589613351,"data":"\n"}
,{"stream_name":"stdout","time":8631.589615952,"data":"被排除样本 正确率：0.00%\n"}
,{"stream_name":"stdout","time":8631.589618511,"data":"类型1 正确率：   0.00% -\u003e 1    0.00%, 2  100.00%\n"}
,{"stream_name":"stdout","time":8631.589633876,"data":"类型2 没有样本或未被分类。\n"}
,{"stream_name":"stdout","time":8631.589638513,"data":"\n"}
,{"stream_name":"stdout","time":8631.589642466,"data":"\n"}
,{"stream_name":"stdout","time":8645.301312406,"data":"轮次:·11/·20 || c_Loss:0.415 || e_Loss:-1.555 || Aad_Loss:-24.858 || 耗时：36.67s\n"}
,{"stream_name":"stdout","time":8659.052839508,"data":"轮次:·12/·20 || c_Loss:0.481 || e_Loss:-1.456 || Aad_Loss:-26.822 || 耗时：13.75s\n"}
,{"stream_name":"stdout","time":8672.842567664,"data":"轮次:·13/·20 || c_Loss:0.374 || e_Loss:-1.426 || Aad_Loss:-25.541 || 耗时：13.79s\n"}
,{"stream_name":"stdout","time":8686.625805382,"data":"轮次:·14/·20 || c_Loss:0.406 || e_Loss:-1.571 || Aad_Loss:-22.403 || 耗时：13.78s\n"}
,{"stream_name":"stdout","time":8700.411817519,"data":"轮次:·15/·20 || c_Loss:0.383 || e_Loss:-1.504 || Aad_Loss:-26.032 || 耗时：13.79s\n"}
,{"stream_name":"stdout","time":8707.073900796,"data":"任务: (B2)N15_M07_F10→(B3)N15_M07_F04; mix批次:····0; 批次:·1410/·1880;  总正确率: 78.97%\n"}
,{"stream_name":"stdout","time":8707.07393968,"data":"类型1 正确率： 100.00% -\u003e 1  100.00%, 2    0.00%, 3    0.00%\n"}
,{"stream_name":"stdout","time":8707.0739466,"data":"类型2 正确率：  87.00% -\u003e 1    0.00%, 2   86.90%, 3   13.10%\n"}
,{"stream_name":"stdout","time":8707.073951582,"data":"类型3 正确率：  50.00% -\u003e 1    0.00%, 2   50.00%, 3   50.00%\n"}
,{"stream_name":"stdout","time":8707.073956449,"data":"\n"}
,{"stream_name":"stdout","time":8707.073964396,"data":"\n"}
,{"stream_name":"stdout","time":8707.121219821,"data":"样本变换：reverse\n"}
,{"stream_name":"stdout","time":8710.658998877,"data":"样本变换：mask\n"}
,{"stream_name":"stdout","time":8714.227828732,"data":"样本变换：shift\n"}
,{"stream_name":"stdout","time":8717.758845343,"data":"样本变换：none\n"}
,{"stream_name":"stderr","time":8723.319379063,"data":"/kaggle/working/k10/S06/sdalr_PU_final_checkpoint/tools.py:413: RuntimeWarning: invalid value encountered in divide\n"}
,{"stream_name":"stderr","time":8723.319443174,"data":"  per_class_acc = conf_matrix.diagonal() / conf_matrix.sum(axis=1) * 100\n"}
,{"stream_name":"stdout","time":8723.319498048,"data":"未过滤\t未用伪标签：78.97% -\u003e 使用伪标签：79.70%\n"}
,{"stream_name":"stdout","time":8723.319521749,"data":"已过滤\t未用伪标签：79.10% -\u003e 使用伪标签：79.83%\n"}
,{"stream_name":"stdout","time":8723.319528984,"data":"排除样本：10|6000\t剩余：2000, 2782, 1208\n"}
,{"stream_name":"stdout","time":8723.319535094,"data":"增添样本：1218\t\t细则：0, 218, 1000\t正确率估算：99.26%\n"}
,{"stream_name":"stdout","time":8723.319541586,"data":"类型1 正确率： 100.00% -\u003e 1  100.00%, 2    0.00%, 3    0.00%\n"}
,{"stream_name":"stdout","time":8723.319547598,"data":"类型2 正确率：  90.00% -\u003e 1    0.00%, 2   89.55%, 3   10.45%\n"}
,{"stream_name":"stdout","time":8723.319568635,"data":"类型3 正确率：  50.00% -\u003e 1    0.00%, 2   50.00%, 3   50.00%\n"}
,{"stream_name":"stdout","time":8723.319573553,"data":"\n"}
,{"stream_name":"stdout","time":8723.319577741,"data":"被排除样本 正确率：0.00%\n"}
,{"stream_name":"stdout","time":8723.319582512,"data":"类型1 正确率：   0.00% -\u003e 1    0.00%, 2  100.00%\n"}
,{"stream_name":"stdout","time":8723.319587005,"data":"类型2 没有样本或未被分类。\n"}
,{"stream_name":"stdout","time":8723.31959143,"data":"\n"}
,{"stream_name":"stdout","time":8723.319595802,"data":"\n"}
,{"stream_name":"stdout","time":8737.008555666,"data":"轮次:·16/·20 || c_Loss:0.443 || e_Loss:-1.579 || Aad_Loss:-23.607 || 耗时：36.60s\n"}
,{"stream_name":"stdout","time":8750.775527809,"data":"轮次:·17/·20 || c_Loss:0.389 || e_Loss:-1.636 || Aad_Loss:-26.621 || 耗时：13.77s\n"}
,{"stream_name":"stdout","time":8764.557546021,"data":"轮次:·18/·20 || c_Loss:0.422 || e_Loss:-1.478 || Aad_Loss:-28.736 || 耗时：13.78s\n"}
,{"stream_name":"stdout","time":8778.324047758,"data":"轮次:·19/·20 || c_Loss:0.396 || e_Loss:-1.602 || Aad_Loss:-24.986 || 耗时：13.77s\n"}
,{"stream_name":"stdout","time":8792.115865969,"data":"轮次:·20/·20 || c_Loss:0.409 || e_Loss:-1.474 || Aad_Loss:-28.546 || 耗时：13.79s\n"}
,{"stream_name":"stdout","time":8798.730418321,"data":"任务: (B2)N15_M07_F10→(B3)N15_M07_F04; mix批次:····0; 批次:·1880/·1880;  总正确率: 79.08%\n"}
,{"stream_name":"stdout","time":8798.730479645,"data":"类型1 正确率： 100.00% -\u003e 1  100.00%, 2    0.00%, 3    0.00%\n"}
,{"stream_name":"stdout","time":8798.73048709,"data":"类型2 正确率：  87.00% -\u003e 1    0.00%, 2   87.25%, 3   12.75%\n"}
,{"stream_name":"stdout","time":8798.730497009,"data":"类型3 正确率：  50.00% -\u003e 1    0.00%, 2   50.00%, 3   50.00%\n"}
,{"stream_name":"stdout","time":8798.730501055,"data":"\n"}
,{"stream_name":"stdout","time":8798.730504705,"data":"\n"}
,{"stream_name":"stdout","time":8805.30892035,"data":"测试集任务: (B2)N15_M07_F10→(B3)N15_M07_F04; 总正确率 = 79.08%\n"}
,{"stream_name":"stdout","time":8805.308960688,"data":"类型1 正确率： 100.00% -\u003e 1  100.00%, 2    0.00%, 3    0.00%\n"}
,{"stream_name":"stdout","time":8805.30896923,"data":"类型2 正确率：  87.00% -\u003e 1    0.00%, 2   87.25%, 3   12.75%\n"}
,{"stream_name":"stdout","time":8805.308975648,"data":"类型3 正确率：  50.00% -\u003e 1    0.00%, 2   50.00%, 3   50.00%\n"}
,{"stream_name":"stdout","time":8805.308982012,"data":"\n"}
,{"stream_name":"stdout","time":8805.30898775,"data":"\n"}
,{"stream_name":"stdout","time":8805.339396505,"data":"[tar_adaptation_RES_PU.py --folder_root /kaggle/working/k10/S06/sdalr_PU_final_checkpoint/DATA_foldS06c --seed 2024 --class_num 3 --data_name PU_M1_L3 --output /kaggle/working/k10/S06/weight_PU_M1_final_checkpoint_FS06toS06c_gateoracle_s2024 --s 1 --t 2 --lr 0.0005 --threshold 0.4 --K 0.6] 386s\n"}
,{"stream_name":"stdout","time":8805.393849192,"data":"读取源域路径：/kaggle/working/k10/S06/weight_PU_M1_final_checkpoint_FS06toS06c_gateoracle_s2024/NEW_PU/Source-源域/log\u0026pt/(B3)N15_M07_F04\n"}
,{"stream_name":"stdout","time":8805.393888545,"data":"excel输出位置：/kaggle/working/k10/S06/weight_PU_M1_final_checkpoint_FS06toS06c_gateoracle_s2024/NEW_PU/Target-目标域\n"}
,{"stream_name":"stdout","time":8805.39389707,"data":"特征图片输出位置：/kaggle/working/k10/S06/weight_PU_M1_final_checkpoint_FS06toS06c_gateoracle_s2024/NEW_PU/Picture-特征图/2026年09月19日05时31分/(B3)N15_M07_F04\n"}
,{"stream_name":"stderr","time":8805.43404331,"data":"/usr/local/lib/python3.12/dist-packages/torch/nn/utils/weight_norm.py:144: FutureWarning: `torch.nn.utils.weight_norm` is deprecated in favor of `torch.nn.utils.parametrizations.weight_norm`.\n"}
,{"stream_name":"stderr","time":8805.434103937,"data":"  WeightNorm.apply(module, name, dim)\n"}
,{"stream_name":"stdout","time":8805.475983285,"data":"现在选取:(B3)N15_M07_F04 进行训练的源模型\n"}
,{"stream_name":"stdout","time":8805.476016589,"data":"现在进行：(B3)N15_M07_F04→(B1)N15_M01_F10 的迁移任务\n"}
,{"stream_name":"stdout","time":8805.476022147,"data":"log\u0026pt输出位置：/kaggle/working/k10/S06/weight_PU_M1_final_checkpoint_FS06toS06c_gateoracle_s2024/NEW_PU/Target-目标域/log\u0026pt/(B3)N15_M07_F04→(B1)N15_M01_F10\n"}
,{"stream_name":"stderr","time":8805.477826243,"data":"sh: 1: Syntax error: word unexpected (expecting \")\")\n"}
,{"stream_name":"stdout","time":8817.426729917,"data":"任务: (B3)N15_M07_F04→(B1)N15_M01_F10; 批次:····0/·1880;  总正确率: 53.65%\n"}
,{"stream_name":"stdout","time":8817.426800864,"data":"类型1 正确率：  84.00% -\u003e 1   84.00%, 2    0.25%, 3   15.75%\n"}
,{"stream_name":"stdout","time":8817.426807555,"data":"类型2 正确率：  43.00% -\u003e 1    0.00%, 2   43.15%, 3   56.85%\n"}
,{"stream_name":"stdout","time":8817.426811516,"data":"类型3 正确率：  34.00% -\u003e 1    0.00%, 2   66.20%, 3   33.80%\n"}
,{"stream_name":"stdout","time":8817.426815371,"data":"\n"}
,{"stream_name":"stdout","time":8817.426819126,"data":"\n"}
,{"stream_name":"stdout","time":8817.427538545,"data":"样本变换：reverse\n"}
,{"stream_name":"stdout","time":8820.931833476,"data":"样本变换：mask\n"}
,{"stream_name":"stdout","time":8824.47883051,"data":"样本变换：shift\n"}
,{"stream_name":"stdout","time":8828.032814939,"data":"样本变换：none\n"}
,{"stream_name":"stdout","time":8833.961652497,"data":"未过滤\t未用伪标签：53.65% -\u003e 使用伪标签：59.62%\n"}
,{"stream_name":"stdout","time":8833.96169349,"data":"已过滤\t未用伪标签：53.73% -\u003e 使用伪标签：60.82%\n"}
,{"stream_name":"stdout","time":8833.961700484,"data":"排除样本：119|6000\t剩余：1972, 1645, 2264\n"}
,{"stream_name":"stdout","time":8833.961707864,"data":"增添样本：2339\t\t细则：0, 1340, 999\t正确率估算：51.96%\n"}
,{"stream_name":"stdout","time":8833.961720949,"data":"类型1 正确率：  99.00% -\u003e 1   99.05%, 2    0.00%, 3    0.95%\n"}
,{"stream_name":"stdout","time":8833.961724941,"data":"类型2 正确率：  33.00% -\u003e 1    0.00%, 2   33.19%, 3   66.81%\n"}
,{"stream_name":"stdout","time":8833.961728797,"data":"类型3 正确率：  49.00% -\u003e 1    0.00%, 2   51.01%, 3   48.99%\n"}
,{"stream_name":"stdout","time":8833.961732484,"data":"\n"}
,{"stream_name":"stdout","time":8833.961735896,"data":"被排除样本 正确率：49.58%\n"}
,{"stream_name":"stdout","time":8833.961739434,"data":"类型1 正确率：   0.00% -\u003e 1    0.00%, 2    0.00%, 3  100.00%\n"}
,{"stream_name":"stdout","time":8833.961743,"data":"类型2 正确率：  61.00% -\u003e 1    0.00%, 2   61.46%, 3   38.54%\n"}
,{"stream_name":"stdout","time":8833.9617472,"data":"类型3 正确率：   0.00% -\u003e 1    0.00%, 2  100.00%, 3    0.00%\n"}
,{"stream_name":"stdout","time":8833.96178928,"data":"\n"}
,{"stream_name":"stdout","time":8833.961794518,"data":"\n"}
,{"stream_name":"stdout","time":8848.016263639,"data":"轮次:··1/·20 || c_Loss:0.442 || e_Loss:-1.427 || Aad_Loss:-20.816 || 耗时：37.03s\n"}
,{"stream_name":"stdout","time":8861.920346766,"data":"轮次:··2/·20 || c_Loss:0.335 || e_Loss:-1.581 || Aad_Loss:-18.497 || 耗时：13.90s\n"}
,{"stream_name":"stdout","time":8875.648248813,"data":"轮次:··3/·20 || c_Loss:0.322 || e_Loss:-1.538 || Aad_Loss:-24.076 || 耗时：13.73s\n"}
,{"stream_name":"stdout","time":8889.351512042,"data":"轮次:··4/·20 || c_Loss:0.352 || e_Loss:-1.595 || Aad_Loss:-20.893 || 耗时：13.70s\n"}
,{"stream_name":"stdout","time":8903.150835893,"data":"轮次:··5/·20 || c_Loss:0.325 || e_Loss:-1.665 || Aad_Loss:-22.682 || 耗时：13.80s\n"}
,{"stream_name":"stdout","time":8909.824166909,"data":"任务: (B3)N15_M07_F04→(B1)N15_M01_F10; mix批次:····0; 批次:··470/·1880;  总正确率: 74.17%\n"}
,{"stream_name":"stdout","time":8909.824204395,"data":"类型1 正确率： 100.00% -\u003e 1  100.00%, 2    0.00%, 3    0.00%\n"}
,{"stream_name":"stdout","time":8909.824211979,"data":"类型2 正确率：  59.00% -\u003e 1    0.00%, 2   59.00%, 3   41.00%\n"}
,{"stream_name":"stdout","time":8909.824218097,"data":"类型3 正确率：  64.00% -\u003e 1    0.50%, 2   36.00%, 3   63.50%\n"}
,{"stream_name":"stdout","time":8909.824223853,"data":"\n"}
,{"stream_name":"stdout","time":8909.824228913,"data":"\n"}
,{"stream_name":"stdout","time":8909.858678548,"data":"样本变换：reverse\n"}
,{"stream_name":"stdout","time":8913.40385605,"data":"样本变换：mask\n"}
,{"stream_name":"stdout","time":8916.935830318,"data":"样本变换：shift\n"}
,{"stream_name":"stdout","time":8920.472644777,"data":"样本变换：none\n"}
,{"stream_name":"stderr","time":8926.335873513,"data":"/usr/local/lib/python3.12/dist-packages/sklearn/metrics/_classification.py:407: UserWarning: A single label was found in 'y_true' and 'y_pred'. For the confusion matrix to have the correct shape, use the 'labels' parameter to pass all known labels.\n"}
,{"stream_name":"stderr","time":8926.335926954,"data":"  warnings.warn(\n"}
,{"stream_name":"stdout","time":8926.336129666,"data":"未过滤\t未用伪标签：74.17% -\u003e 使用伪标签：62.03%\n"}
,{"stream_name":"stdout","time":8926.336146612,"data":"已过滤\t未用伪标签：74.06% -\u003e 使用伪标签：62.28%\n"}
,{"stream_name":"stdout","time":8926.3361509,"data":"排除样本：24|6000\t剩余：2000, 1722, 2254\n"}
,{"stream_name":"stdout","time":8926.336154799,"data":"增添样本：2278\t\t细则：0, 1278, 1000\t正确率估算：100.00%\n"}
,{"stream_name":"stdout","time":8926.336158607,"data":"类型1 正确率： 100.00% -\u003e 1  100.00%, 2    0.00%, 3    0.00%\n"}
,{"stream_name":"stdout","time":8926.3361623,"data":"类型2 正确率：  37.00% -\u003e 1    0.00%, 2   36.54%, 3   63.46%\n"}
,{"stream_name":"stdout","time":8926.336165804,"data":"类型3 正确率：  50.00% -\u003e 1    0.00%, 2   50.00%, 3   50.00%\n"}
,{"stream_name":"stdout","time":8926.336169401,"data":"\n"}
,{"stream_name":"stdout","time":8926.336172717,"data":"被排除样本 正确率：100.00%\n"}
,{"stream_name":"stdout","time":8926.336176154,"data":"类型1 正确率： 100.00% -\u003e 1  100.00%\n"}
,{"stream_name":"stdout","time":8926.33617979,"data":"\n"}
,{"stream_name":"stdout","time":8926.336183179,"data":"\n"}
,{"stream_name":"stdout","time":8940.094654011,"data":"轮次:··6/·20 || c_Loss:0.317 || e_Loss:-1.641 || Aad_Loss:-24.204 || 耗时：36.94s\n"}
,{"stream_name":"stdout","time":8953.970797927,"data":"轮次:··7/·20 || c_Loss:0.334 || e_Loss:-1.634 || Aad_Loss:-23.567 || 耗时：13.88s\n"}
,{"stream_name":"stdout","time":8967.844185092,"data":"轮次:··8/·20 || c_Loss:0.325 || e_Loss:-1.719 || Aad_Loss:-22.607 || 耗时：13.87s\n"}
,{"stream_name":"stdout","time":8981.711624829,"data":"轮次:··9/·20 || c_Loss:0.334 || e_Loss:-1.696 || Aad_Loss:-21.129 || 耗时：13.87s\n"}
,{"stream_name":"stdout","time":8995.555109883,"data":"轮次:·10/·20 || c_Loss:0.331 || e_Loss:-1.712 || Aad_Loss:-19.385 || 耗时：13.84s\n"}
,{"stream_name":"stdout","time":9002.1831098,"data":"任务: (B3)N15_M07_F04→(B1)N15_M01_F10; mix批次:····0; 批次:··940/·1880;  总正确率: 75.97%\n"}
,{"stream_name":"stdout","time":9002.183154933,"data":"类型1 正确率： 100.00% -\u003e 1  100.00%, 2    0.00%, 3    0.00%\n"}
,{"stream_name":"stdout","time":9002.183160032,"data":"类型2 正确率：  63.00% -\u003e 1    0.00%, 2   63.45%, 3   36.55%\n"}
,{"stream_name":"stdout","time":9002.183163749,"data":"类型3 正确率：  64.00% -\u003e 1    0.35%, 2   35.20%, 3   64.45%\n"}
,{"stream_name":"stdout","time":9002.183167786,"data":"\n"}
,{"stream_name":"stdout","time":9002.183172219,"data":"\n"}
,{"stream_name":"stdout","time":9002.226634575,"data":"样本变换：reverse\n"}
,{"stream_name":"stdout","time":9005.762826086,"data":"样本变换：mask\n"}
,{"stream_name":"stdout","time":9009.306825972,"data":"样本变换：shift\n"}
,{"stream_name":"stdout","time":9012.828853963,"data":"样本变换：none\n"}
,{"stream_name":"stderr","time":9018.872631678,"data":"/usr/local/lib/python3.12/dist-packages/sklearn/metrics/_classification.py:407: UserWarning: A single label was found in 'y_true' and 'y_pred'. For the confusion matrix to have the correct shape, use the 'labels' parameter to pass all known labels.\n"}
,{"stream_name":"stderr","time":9018.872678988,"data":"  warnings.warn(\n"}
,{"stream_name":"stdout","time":9018.872941704,"data":"未过滤\t未用伪标签：75.97% -\u003e 使用伪标签：67.47%\n"}
,{"stream_name":"stdout","time":9018.872958967,"data":"已过滤\t未用伪标签：75.82% -\u003e 使用伪标签：67.89%\n"}
,{"stream_name":"stdout","time":9018.872964587,"data":"排除样本：37|6000\t剩余：2000, 2048, 1915\n"}
,{"stream_name":"stdout","time":9018.872970037,"data":"增添样本：1952\t\t细则：0, 952, 1000\t正确率估算：100.00%\n"}
,{"stream_name":"stdout","time":9018.87297549,"data":"类型1 正确率： 100.00% -\u003e 1  100.00%, 2    0.00%, 3    0.00%\n"}
,{"stream_name":"stdout","time":9018.872982967,"data":"类型2 正确率：  53.00% -\u003e 1    0.00%, 2   53.39%, 3   46.61%\n"}
,{"stream_name":"stdout","time":9018.872991019,"data":"类型3 正确率：  50.00% -\u003e 1    0.00%, 2   50.00%, 3   50.00%\n"}
,{"stream_name":"stdout","time":9018.87299455,"data":"\n"}
,{"stream_name":"stdout","time":9018.872998194,"data":"被排除样本 正确率：100.00%\n"}
,{"stream_name":"stdout","time":9018.873017398,"data":"类型1 正确率： 100.00% -\u003e 1  100.00%\n"}
,{"stream_name":"stdout","time":9018.873024136,"data":"\n"}
,{"stream_name":"stdout","time":9018.873030379,"data":"\n"}
,{"stream_name":"stdout","time":9032.51580706,"data":"轮次:·11/·20 || c_Loss:0.319 || e_Loss:-1.702 || Aad_Loss:-25.781 || 耗时：36.96s\n"}
,{"stream_name":"stdout","time":9046.217528996,"data":"轮次:·12/·20 || c_Loss:0.324 || e_Loss:-1.598 || Aad_Loss:-23.001 || 耗时：13.70s\n"}
,{"stream_name":"stdout","time":9059.981846342,"data":"轮次:·13/·20 || c_Loss:0.338 || e_Loss:-1.809 || Aad_Loss:-25.070 || 耗时：13.76s\n"}
,{"stream_name":"stdout","time":9073.783519027,"data":"轮次:·14/·20 || c_Loss:0.322 || e_Loss:-1.746 || Aad_Loss:-22.668 || 耗时：13.80s\n"}
,{"stream_name":"stdout","time":9087.727328069,"data":"轮次:·15/·20 || c_Loss:0.341 || e_Loss:-1.550 || Aad_Loss:-24.145 || 耗时：13.94s\n"}
,{"stream_name":"stdout","time":9094.452591107,"data":"任务: (B3)N15_M07_F04→(B1)N15_M01_F10; mix批次:····0; 批次:·1410/·1880;  总正确率: 78.85%\n"}
,{"stream_name":"stdout","time":9094.452637584,"data":"类型1 正确率： 100.00% -\u003e 1  100.00%, 2    0.00%, 3    0.00%\n"}
,{"stream_name":"stdout","time":9094.452658824,"data":"类型2 正确率：  70.00% -\u003e 1    0.00%, 2   70.15%, 3   29.85%\n"}
,{"stream_name":"stdout","time":9094.452663338,"data":"类型3 正确率：  66.00% -\u003e 1    0.15%, 2   33.45%, 3   66.40%\n"}
,{"stream_name":"stdout","time":9094.452667603,"data":"\n"}
,{"stream_name":"stdout","time":9094.45267113,"data":"\n"}
,{"stream_name":"stdout","time":9094.500565793,"data":"样本变换：reverse\n"}
,{"stream_name":"stdout","time":9098.03993079,"data":"样本变换：mask\n"}
,{"stream_name":"stdout","time":9101.62689194,"data":"样本变换：shift\n"}
,{"stream_name":"stdout","time":9105.160831928,"data":"样本变换：none\n"}
,{"stream_name":"stderr","time":9111.015117393,"data":"/usr/local/lib/python3.12/dist-packages/sklearn/metrics/_classification.py:407: UserWarning: A single label was found in 'y_true' and 'y_pred'. For the confusion matrix to have the correct shape, use the 'labels' parameter to pass all known labels.\n"}
,{"stream_name":"stderr","time":9111.01515296,"data":"  warnings.warn(\n"}
,{"stream_name":"stdout","time":9111.015449148,"data":"未过滤\t未用伪标签：78.85% -\u003e 使用伪标签：71.93%\n"}
,{"stream_name":"stdout","time":9111.015464238,"data":"已过滤\t未用伪标签：78.83% -\u003e 使用伪标签：71.99%\n"}
,{"stream_name":"stdout","time":9111.015470505,"data":"排除样本：5|6000\t剩余：2000, 2316, 1679\n"}
,{"stream_name":"stdout","time":9111.015475571,"data":"增添样本：1684\t\t细则：0, 684, 1000\t正确率估算：100.00%\n"}
,{"stream_name":"stdout","time":9111.0154812,"data":"类型1 正确率： 100.00% -\u003e 1  100.00%, 2    0.00%, 3    0.00%\n"}
,{"stream_name":"stdout","time":9111.0155195,"data":"类型2 正确率：  66.00% -\u003e 1    0.00%, 2   65.96%, 3   34.04%\n"}
,{"stream_name":"stdout","time":9111.015524795,"data":"类型3 正确率：  50.00% -\u003e 1    0.00%, 2   50.00%, 3   50.00%\n"}
,{"stream_name":"stdout","time":9111.015529751,"data":"\n"}
,{"stream_name":"stdout","time":9111.015534503,"data":"被排除样本 正确率：100.00%\n"}
,{"stream_name":"stdout","time":9111.015539414,"data":"类型1 正确率： 100.00% -\u003e 1  100.00%\n"}
,{"stream_name":"stdout","time":9111.015544361,"data":"\n"}
,{"stream_name":"stdout","time":9111.015549006,"data":"\n"}
,{"stream_name":"stdout","time":9124.665074056,"data":"轮次:·16/·20 || c_Loss:0.335 || e_Loss:-1.762 || Aad_Loss:-22.094 || 耗时：36.94s\n"}
,{"stream_name":"stdout","time":9138.307554323,"data":"轮次:·17/·20 || c_Loss:0.363 || e_Loss:-1.734 || Aad_Loss:-21.856 || 耗时：13.64s\n"}
,{"stream_name":"stdout","time":9151.949794677,"data":"轮次:·18/·20 || c_Loss:0.318 || e_Loss:-1.676 || Aad_Loss:-26.773 || 耗时：13.64s\n"}
,{"stream_name":"stdout","time":9165.634743496,"data":"轮次:·19/·20 || c_Loss:0.328 || e_Loss:-1.612 || Aad_Loss:-25.215 || 耗时：13.68s\n"}
,{"stream_name":"stdout","time":9179.488841607,"data":"轮次:·20/·20 || c_Loss:0.345 || e_Loss:-1.804 || Aad_Loss:-23.467 || 耗时：13.85s\n"}
,{"stream_name":"stdout","time":9186.157299183,"data":"任务: (B3)N15_M07_F04→(B1)N15_M01_F10; mix批次:····0; 批次:·1880/·1880;  总正确率: 79.27%\n"}
,{"stream_name":"stdout","time":9186.15735263,"data":"类型1 正确率： 100.00% -\u003e 1  100.00%, 2    0.00%, 3    0.00%\n"}
,{"stream_name":"stdout","time":9186.157360084,"data":"类型2 正确率：  75.00% -\u003e 1    0.00%, 2   74.75%, 3   25.25%\n"}
,{"stream_name":"stdout","time":9186.157365811,"data":"类型3 正确率：  63.00% -\u003e 1    1.25%, 2   35.70%, 3   63.05%\n"}
,{"stream_name":"stdout","time":9186.157371453,"data":"\n"}
,{"stream_name":"stdout","time":9186.157390807,"data":"\n"}
,{"stream_name":"stdout","time":9192.811552309,"data":"测试集任务: (B3)N15_M07_F04→(B1)N15_M01_F10; 总正确率 = 79.27%\n"}
,{"stream_name":"stdout","time":9192.811611778,"data":"类型1 正确率： 100.00% -\u003e 1  100.00%, 2    0.00%, 3    0.00%\n"}
,{"stream_name":"stdout","time":9192.811620097,"data":"类型2 正确率：  75.00% -\u003e 1    0.00%, 2   74.75%, 3   25.25%\n"}
,{"stream_name":"stdout","time":9192.811626039,"data":"类型3 正确率：  63.00% -\u003e 1    1.25%, 2   35.70%, 3   63.05%\n"}
,{"stream_name":"stdout","time":9192.811631668,"data":"\n"}
,{"stream_name":"stdout","time":9192.811636438,"data":"\n"}
,{"stream_name":"stdout","time":9192.839617647,"data":"[tar_adaptation_RES_PU.py --folder_root /kaggle/working/k10/S06/sdalr_PU_final_checkpoint/DATA_foldS06c --seed 2024 --class_num 3 --data_name PU_M1_L3 --output /kaggle/working/k10/S06/weight_PU_M1_final_checkpoint_FS06toS06c_gateoracle_s2024 --s 2 --t 0 --lr 0.0005 --threshold 0.4 --K 0.6] 387s\n"}
,{"stream_name":"stdout","time":9192.880906579,"data":"读取源域路径：/kaggle/working/k10/S06/weight_PU_M1_final_checkpoint_FS06toS06c_gateoracle_s2024/NEW_PU/Source-源域/log\u0026pt/(B3)N15_M07_F04\n"}
,{"stream_name":"stdout","time":9192.880939693,"data":"excel输出位置：/kaggle/working/k10/S06/weight_PU_M1_final_checkpoint_FS06toS06c_gateoracle_s2024/NEW_PU/Target-目标域\n"}
,{"stream_name":"stdout","time":9192.88104001,"data":"特征图片输出位置：/kaggle/working/k10/S06/weight_PU_M1_final_checkpoint_FS06toS06c_gateoracle_s2024/NEW_PU/Picture-特征图/2026年09月19日05时38分/(B3)N15_M07_F04\n"}
,{"stream_name":"stderr","time":9192.918148732,"data":"/usr/local/lib/python3.12/dist-packages/torch/nn/utils/weight_norm.py:144: FutureWarning: `torch.nn.utils.weight_norm` is deprecated in favor of `torch.nn.utils.parametrizations.weight_norm`.\n"}
,{"stream_name":"stderr","time":9192.918185888,"data":"  WeightNorm.apply(module, name, dim)\n"}
,{"stream_name":"stdout","time":9192.958542129,"data":"现在选取:(B3)N15_M07_F04 进行训练的源模型\n"}
,{"stream_name":"stdout","time":9192.958574245,"data":"现在进行：(B3)N15_M07_F04→(B2)N15_M07_F10 的迁移任务\n"}
,{"stream_name":"stdout","time":9192.958578516,"data":"log\u0026pt输出位置：/kaggle/working/k10/S06/weight_PU_M1_final_checkpoint_FS06toS06c_gateoracle_s2024/NEW_PU/Target-目标域/log\u0026pt/(B3)N15_M07_F04→(B2)N15_M07_F10\n"}
,{"stream_name":"stderr","time":9192.959950355,"data":"sh: 1: Syntax error: word unexpected (expecting \")\")\n"}
,{"stream_name":"stdout","time":9204.84750705,"data":"任务: (B3)N15_M07_F04→(B2)N15_M07_F10; 批次:····0/·1880;  总正确率: 49.37%\n"}
,{"stream_name":"stdout","time":9204.847554176,"data":"类型1 正确率：  82.00% -\u003e 1   81.65%, 2    0.00%, 3   18.35%\n"}
,{"stream_name":"stdout","time":9204.84755985,"data":"类型2 正确率：  46.00% -\u003e 1    0.00%, 2   45.95%, 3   54.05%\n"}
,{"stream_name":"stdout","time":9204.847563756,"data":"类型3 正确率：  20.00% -\u003e 1    0.00%, 2   79.50%, 3   20.50%\n"}
,{"stream_name":"stdout","time":9204.847567705,"data":"\n"}
,{"stream_name":"stdout","time":9204.847571396,"data":"\n"}
,{"stream_name":"stdout","time":9204.848268412,"data":"样本变换：reverse\n"}
,{"stream_name":"stdout","time":9208.354810776,"data":"样本变换：mask\n"}
,{"stream_name":"stdout","time":9211.938803443,"data":"样本变换：shift\n"}
,{"stream_name":"stdout","time":9215.498815224,"data":"样本变换：none\n"}
,{"stream_name":"stdout","time":9221.089267075,"data":"未过滤\t未用伪标签：49.37% -\u003e 使用伪标签：52.20%\n"}
,{"stream_name":"stdout","time":9221.089321517,"data":"已过滤\t未用伪标签：50.28% -\u003e 使用伪标签：56.34%\n"}
,{"stream_name":"stdout","time":9221.089327856,"data":"排除样本：441|6000\t剩余：1976, 2333, 1250\n"}
,{"stream_name":"stdout","time":9221.089332233,"data":"增添样本：2796\t\t细则：0, 1152, 1644\t正确率估算：74.48%\n"}
,{"stream_name":"stdout","time":9221.089336694,"data":"类型1 正确率：  99.00% -\u003e 1   99.25%, 2    0.00%, 3    0.75%\n"}
,{"stream_name":"stdout","time":9221.089347237,"data":"类型2 正确率：  48.00% -\u003e 1    0.00%, 2   47.71%, 3   52.29%\n"}
,{"stream_name":"stdout","time":9221.089350887,"data":"类型3 正确率：  18.00% -\u003e 1    0.00%, 2   81.97%, 3   18.03%\n"}
,{"stream_name":"stdout","time":9221.089353618,"data":"\n"}
,{"stream_name":"stdout","time":9221.08935618,"data":"被排除样本 正确率：37.87%\n"}
,{"stream_name":"stdout","time":9221.089358983,"data":"类型1 正确率：   0.00% -\u003e 1    0.00%, 2    0.00%, 3  100.00%\n"}
,{"stream_name":"stdout","time":9221.089361817,"data":"类型2 正确率：  49.00% -\u003e 1    0.00%, 2   49.08%, 3   50.92%\n"}
,{"stream_name":"stdout","time":9221.089365665,"data":"类型3 正确率：  21.00% -\u003e 1    0.00%, 2   79.25%, 3   20.75%\n"}
,{"stream_name":"stdout","time":9221.089392889,"data":"\n"}
,{"stream_name":"stdout","time":9221.089396902,"data":"\n"}
,{"stream_name":"stdout","time":9234.92249629,"data":"轮次:··1/·20 || c_Loss:0.425 || e_Loss:-1.500 || Aad_Loss:-18.344 || 耗时：36.53s\n"}
,{"stream_name":"stdout","time":9248.820204978,"data":"轮次:··2/·20 || c_Loss:0.386 || e_Loss:-1.327 || Aad_Loss:-24.171 || 耗时：13.90s\n"}
,{"stream_name":"stdout","time":9262.631749515,"data":"轮次:··3/·20 || c_Loss:0.396 || e_Loss:-1.403 || Aad_Loss:-21.168 || 耗时：13.81s\n"}
,{"stream_name":"stdout","time":9276.396134845,"data":"轮次:··4/·20 || c_Loss:0.386 || e_Loss:-1.317 || Aad_Loss:-26.935 || 耗时：13.76s\n"}
,{"stream_name":"stdout","time":9290.167267848,"data":"轮次:··5/·20 || c_Loss:0.433 || e_Loss:-1.455 || Aad_Loss:-20.048 || 耗时：13.77s\n"}
,{"stream_name":"stdout","time":9296.781505323,"data":"任务: (B3)N15_M07_F04→(B2)N15_M07_F10; mix批次:····0; 批次:··470/·1880;  总正确率: 80.55%\n"}
,{"stream_name":"stdout","time":9296.781550236,"data":"类型1 正确率： 100.00% -\u003e 1  100.00%, 2    0.00%, 3    0.00%\n"}
,{"stream_name":"stdout","time":9296.781556172,"data":"类型2 正确率：  85.00% -\u003e 1    0.00%, 2   85.20%, 3   14.80%\n"}
,{"stream_name":"stdout","time":9296.781560629,"data":"类型3 正确率：  56.00% -\u003e 1    0.00%, 2   43.55%, 3   56.45%\n"}
,{"stream_name":"stdout","time":9296.781581359,"data":"\n"}
,{"stream_name":"stdout","time":9296.781587545,"data":"\n"}
,{"stream_name":"stdout","time":9296.814176639,"data":"样本变换：reverse\n"}
,{"stream_name":"stdout","time":9300.321324283,"data":"样本变换：mask\n"}
,{"stream_name":"stdout","time":9303.853963346,"data":"样本变换：shift\n"}
,{"stream_name":"stdout","time":9307.387856011,"data":"样本变换：none\n"}
,{"stream_name":"stdout","time":9313.034100763,"data":"未过滤\t未用伪标签：80.55% -\u003e 使用伪标签：76.67%\n"}
,{"stream_name":"stdout","time":9313.034144235,"data":"已过滤\t未用伪标签：80.99% -\u003e 使用伪标签：78.57%\n"}
,{"stream_name":"stdout","time":9313.034151853,"data":"排除样本：145|6000\t剩余：2000, 2608, 1247\n"}
,{"stream_name":"stdout","time":9313.034156785,"data":"增添样本：1400\t\t细则：0, 369, 1031\t正确率估算：95.59%\n"}
,{"stream_name":"stdout","time":9313.034161741,"data":"类型1 正确率： 100.00% -\u003e 1  100.00%, 2    0.00%, 3    0.00%\n"}
,{"stream_name":"stdout","time":9313.034175784,"data":"类型2 正确率：  85.00% -\u003e 1    0.00%, 2   85.44%, 3   14.56%\n"}
,{"stream_name":"stdout","time":9313.034197878,"data":"类型3 正确率：  50.00% -\u003e 1    0.00%, 2   50.21%, 3   49.79%\n"}
,{"stream_name":"stdout","time":9313.034205619,"data":"\n"}
,{"stream_name":"stdout","time":9313.034208125,"data":"被排除样本 正确率：62.76%\n"}
,{"stream_name":"stdout","time":9313.034210643,"data":"类型1 正确率：  55.00% -\u003e 1   54.95%, 2   45.05%\n"}
,{"stream_name":"stdout","time":9313.034213151,"data":"类型2 正确率：  76.00% -\u003e 1   24.07%, 2   75.93%\n"}
,{"stream_name":"stdout","time":9313.034216359,"data":"\n"}
,{"stream_name":"stdout","time":9313.034235877,"data":"\n"}
,{"stream_name":"stdout","time":9326.733407757,"data":"轮次:··6/·20 || c_Loss:0.367 || e_Loss:-1.638 || Aad_Loss:-20.081 || 耗时：36.57s\n"}
,{"stream_name":"stdout","time":9340.541265459,"data":"轮次:··7/·20 || c_Loss:0.361 || e_Loss:-1.415 || Aad_Loss:-31.484 || 耗时：13.81s\n"}
,{"stream_name":"stdout","time":9354.383253271,"data":"轮次:··8/·20 || c_Loss:0.375 || e_Loss:-1.688 || Aad_Loss:-20.449 || 耗时：13.84s\n"}
,{"stream_name":"stdout","time":9368.272647603,"data":"轮次:··9/·20 || c_Loss:0.348 || e_Loss:-1.632 || Aad_Loss:-23.122 || 耗时：13.89s\n"}
,{"stream_name":"stdout","time":9382.138160466,"data":"轮次:·10/·20 || c_Loss:0.427 || e_Loss:-1.661 || Aad_Loss:-21.205 || 耗时：13.87s\n"}
,{"stream_name":"stdout","time":9388.824550977,"data":"任务: (B3)N15_M07_F04→(B2)N15_M07_F10; mix批次:····0; 批次:··940/·1880;  总正确率: 82.95%\n"}
,{"stream_name":"stdout","time":9388.82459523,"data":"类型1 正确率： 100.00% -\u003e 1  100.00%, 2    0.00%, 3    0.00%\n"}
,{"stream_name":"stdout","time":9388.82460226,"data":"类型2 正确率：  85.00% -\u003e 1    0.00%, 2   84.80%, 3   15.20%\n"}
,{"stream_name":"stdout","time":9388.824605849,"data":"类型3 正确率：  64.00% -\u003e 1    0.00%, 2   35.95%, 3   64.05%\n"}
,{"stream_name":"stdout","time":9388.824609389,"data":"\n"}
,{"stream_name":"stdout","time":9388.824612563,"data":"\n"}
,{"stream_name":"stdout","time":9388.866894984,"data":"样本变换：reverse\n"}
,{"stream_name":"stdout","time":9392.397830464,"data":"样本变换：mask\n"}
,{"stream_name":"stdout","time":9395.92381357,"data":"样本变换：shift\n"}
,{"stream_name":"stdout","time":9399.434798722,"data":"样本变换：none\n"}
,{"stream_name":"stdout","time":9404.981589997,"data":"未过滤\t未用伪标签：82.95% -\u003e 使用伪标签：80.38%\n"}
,{"stream_name":"stdout","time":9404.981634361,"data":"已过滤\t未用伪标签：83.25% -\u003e 使用伪标签：80.79%\n"}
,{"stream_name":"stdout","time":9404.981644962,"data":"排除样本：30|6000\t剩余：2000, 2804, 1166\n"}
,{"stream_name":"stdout","time":9404.981649058,"data":"增添样本：1177\t\t细则：0, 183, 994\t正确率估算：98.90%\n"}
,{"stream_name":"stdout","time":9404.981653049,"data":"类型1 正确率： 100.00% -\u003e 1  100.00%, 2    0.00%, 3    0.00%\n"}
,{"stream_name":"stdout","time":9404.981656744,"data":"类型2 正确率：  92.00% -\u003e 1    0.00%, 2   91.91%, 3    8.09%\n"}
,{"stream_name":"stdout","time":9404.981660202,"data":"类型3 正确率：  50.00% -\u003e 1    0.00%, 2   49.52%, 3   50.48%\n"}
,{"stream_name":"stdout","time":9404.981663813,"data":"\n"}
,{"stream_name":"stdout","time":9404.981667154,"data":"被排除样本 正确率：23.33%\n"}
,{"stream_name":"stdout","time":9404.981670741,"data":"类型1 正确率：   0.00% -\u003e 1    0.00%, 2  100.00%\n"}
,{"stream_name":"stdout","time":9404.981684758,"data":"类型2 正确率： 100.00% -\u003e 1    0.00%, 2  100.00%\n"}
,{"stream_name":"stdout","time":9404.981696383,"data":"\n"}
,{"stream_name":"stdout","time":9404.981698916,"data":"\n"}
,{"stream_name":"stdout","time":9418.648366604,"data":"轮次:·11/·20 || c_Loss:0.365 || e_Loss:-1.773 || Aad_Loss:-22.786 || 耗时：36.51s\n"}
,{"stream_name":"stdout","time":9432.346675761,"data":"轮次:·12/·20 || c_Loss:0.435 || e_Loss:-1.746 || Aad_Loss:-25.189 || 耗时：13.70s\n"}
,{"stream_name":"stdout","time":9446.055681572,"data":"轮次:·13/·20 || c_Loss:0.370 || e_Loss:-1.769 || Aad_Loss:-20.744 || 耗时：13.71s\n"}
,{"stream_name":"stdout","time":9459.756776565,"data":"轮次:·14/·20 || c_Loss:0.402 || e_Loss:-1.714 || Aad_Loss:-22.951 || 耗时：13.70s\n"}
,{"stream_name":"stdout","time":9473.456129262,"data":"轮次:·15/·20 || c_Loss:0.355 || e_Loss:-1.858 || Aad_Loss:-22.949 || 耗时：13.70s\n"}
,{"stream_name":"stdout","time":9480.119135417,"data":"任务: (B3)N15_M07_F04→(B2)N15_M07_F10; mix批次:····0; 批次:·1410/·1880;  总正确率: 83.73%\n"}
,{"stream_name":"stdout","time":9480.11918161,"data":"类型1 正确率： 100.00% -\u003e 1  100.00%, 2    0.00%, 3    0.00%\n"}
,{"stream_name":"stdout","time":9480.119187707,"data":"类型2 正确率：  90.00% -\u003e 1    0.00%, 2   90.45%, 3    9.55%\n"}
,{"stream_name":"stdout","time":9480.119191396,"data":"类型3 正确率：  61.00% -\u003e 1    2.05%, 2   37.20%, 3   60.75%\n"}
,{"stream_name":"stdout","time":9480.119194837,"data":"\n"}
,{"stream_name":"stdout","time":9480.11919805,"data":"\n"}
,{"stream_name":"stdout","time":9480.16223195,"data":"样本变换：reverse\n"}
,{"stream_name":"stdout","time":9483.6728903,"data":"样本变换：mask\n"}
,{"stream_name":"stdout","time":9487.216841281,"data":"样本变换：shift\n"}
,{"stream_name":"stdout","time":9490.746822412,"data":"样本变换：none\n"}
,{"stream_name":"stdout","time":9496.259793711,"data":"未过滤\t未用伪标签：83.73% -\u003e 使用伪标签：81.20%\n"}
,{"stream_name":"stdout","time":9496.259836087,"data":"已过滤\t未用伪标签：84.02% -\u003e 使用伪标签：81.54%\n"}
,{"stream_name":"stdout","time":9496.25984167,"data":"排除样本：25|6000\t剩余：2000, 2855, 1120\n"}
,{"stream_name":"stdout","time":9496.259859955,"data":"增添样本：1128\t\t细则：0, 135, 993\t正确率估算：99.65%\n"}
,{"stream_name":"stdout","time":9496.259865808,"data":"类型1 正确率： 100.00% -\u003e 1  100.00%, 2    0.00%, 3    0.00%\n"}
,{"stream_name":"stdout","time":9496.259870943,"data":"类型2 正确率：  94.00% -\u003e 1    0.00%, 2   94.29%, 3    5.71%\n"}
,{"stream_name":"stdout","time":9496.259876373,"data":"类型3 正确率：  50.00% -\u003e 1    0.00%, 2   49.57%, 3   50.43%\n"}
,{"stream_name":"stdout","time":9496.259881197,"data":"\n"}
,{"stream_name":"stdout","time":9496.259885387,"data":"被排除样本 正确率：16.00%\n"}
,{"stream_name":"stdout","time":9496.25988986,"data":"类型1 正确率：   5.00% -\u003e 1    4.55%, 2   95.45%\n"}
,{"stream_name":"stdout","time":9496.259894383,"data":"类型2 正确率： 100.00% -\u003e 1    0.00%, 2  100.00%\n"}
,{"stream_name":"stdout","time":9496.259899047,"data":"\n"}
,{"stream_name":"stdout","time":9496.259908184,"data":"\n"}
,{"stream_name":"stdout","time":9509.964172468,"data":"轮次:·16/·20 || c_Loss:0.444 || e_Loss:-1.651 || Aad_Loss:-23.992 || 耗时：36.51s\n"}
,{"stream_name":"stdout","time":9523.80837272,"data":"轮次:·17/·20 || c_Loss:0.351 || e_Loss:-1.854 || Aad_Loss:-25.930 || 耗时：13.84s\n"}
,{"stream_name":"stdout","time":9537.65177381,"data":"轮次:·18/·20 || c_Loss:0.398 || e_Loss:-1.889 || Aad_Loss:-24.356 || 耗时：13.84s\n"}
,{"stream_name":"stdout","time":9551.482144316,"data":"轮次:·19/·20 || c_Loss:0.386 || e_Loss:-1.853 || Aad_Loss:-23.557 || 耗时：13.83s\n"}
,{"stream_name":"stdout","time":9565.283597499,"data":"轮次:·20/·20 || c_Loss:0.355 || e_Loss:-1.845 || Aad_Loss:-26.244 || 耗时：13.80s\n"}
,{"stream_name":"stdout","time":9571.972317003,"data":"任务: (B3)N15_M07_F04→(B2)N15_M07_F10; mix批次:····0; 批次:·1880/·1880;  总正确率: 86.88%\n"}
,{"stream_name":"stdout","time":9571.972366,"data":"类型1 正确率： 100.00% -\u003e 1  100.00%, 2    0.00%, 3    0.00%\n"}
,{"stream_name":"stdout","time":9571.97237423,"data":"类型2 正确率：  92.00% -\u003e 1    0.00%, 2   92.40%, 3    7.60%\n"}
,{"stream_name":"stdout","time":9571.972379852,"data":"类型3 正确率：  68.00% -\u003e 1    4.35%, 2   27.40%, 3   68.25%\n"}
,{"stream_name":"stdout","time":9571.972384678,"data":"\n"}
,{"stream_name":"stdout","time":9571.97238891,"data":"\n"}
,{"stream_name":"stdout","time":9578.600959918,"data":"测试集任务: (B3)N15_M07_F04→(B2)N15_M07_F10; 总正确率 = 86.88%\n"}
,{"stream_name":"stdout","time":9578.600997886,"data":"类型1 正确率： 100.00% -\u003e 1  100.00%, 2    0.00%, 3    0.00%\n"}
,{"stream_name":"stdout","time":9578.601005424,"data":"类型2 正确率：  92.00% -\u003e 1    0.00%, 2   92.40%, 3    7.60%\n"}
,{"stream_name":"stdout","time":9578.601011552,"data":"类型3 正确率：  68.00% -\u003e 1    4.35%, 2   27.40%, 3   68.25%\n"}
,{"stream_name":"stdout","time":9578.601017341,"data":"\n"}
,{"stream_name":"stdout","time":9578.60102257,"data":"\n"}
,{"stream_name":"stdout","time":9578.626654517,"data":"[tar_adaptation_RES_PU.py --folder_root /kaggle/working/k10/S06/sdalr_PU_final_checkpoint/DATA_foldS06c --seed 2024 --class_num 3 --data_name PU_M1_L3 --output /kaggle/working/k10/S06/weight_PU_M1_final_checkpoint_FS06toS06c_gateoracle_s2024 --s 2 --t 1 --lr 0.0005 --threshold 0.4 --K 0.6] 386s\n"}
,{"stream_name":"stdout","time":9578.657197001,"data":"{\n"}
,{"stream_name":"stdout","time":9578.657219607,"data":"  \"dataset\": \"PU_M1\",\n"}
,{"stream_name":"stdout","time":9578.657225294,"data":"  \"variant\": \"final_checkpoint\",\n"}
,{"stream_name":"stdout","time":9578.657230857,"data":"  \"seed\": 2024,\n"}
,{"stream_name":"stdout","time":9578.657235864,"data":"  \"smoke\": false,\n"}
,{"stream_name":"stdout","time":9578.657240897,"data":"  \"src_fold\": \"S06\",\n"}
,{"stream_name":"stdout","time":9578.657245978,"data":"  \"tgt_fold\": \"S06c\",\n"}
,{"stream_name":"stdout","time":9578.657251342,"data":"  \"leaky\": false,\n"}
,{"stream_name":"stdout","time":9578.657256469,"data":"  \"hyperparameters\": {\n"}
,{"stream_name":"stdout","time":9578.657261406,"data":"    \"lr\": \"0.0005\",\n"}
,{"stream_name":"stdout","time":9578.657266907,"data":"    \"threshold\": \"0.4\",\n"}
,{"stream_name":"stdout","time":9578.657272007,"data":"    \"K\": \"0.6\"\n"}
,{"stream_name":"stdout","time":9578.65727726,"data":"  },\n"}
,{"stream_name":"stdout","time":9578.657282542,"data":"  \"adapters\": [\n"}
,{"stream_name":"stdout","time":9578.657287714,"data":"    \"npz_io\",\n"}
,{"stream_name":"stdout","time":9578.657292749,"data":"    \"tsne_stub\",\n"}
,{"stream_name":"stdout","time":9578.65729782,"data":"    \"final_checkpoint_patch\"\n"}
,{"stream_name":"stdout","time":9578.657303274,"data":"  ],\n"}
,{"stream_name":"stdout","time":9578.657308089,"data":"  \"source_only\": {},\n"}
,{"stream_name":"stdout","time":9578.657313362,"data":"  \"adapted\": {\n"}
,{"stream_name":"stdout","time":9578.657329821,"data":"    \"A1-\u003eA3\": 88.27,\n"}
,{"stream_name":"stdout","time":9578.657334349,"data":"    \"A1-\u003eA2\": 79.6,\n"}
,{"stream_name":"stdout","time":9578.657338309,"data":"    \"A3-\u003eA1\": 86.53,\n"}
,{"stream_name":"stdout","time":9578.657342172,"data":"    \"A3-\u003eA2\": 79.08,\n"}
,{"stream_name":"stdout","time":9578.657346537,"data":"    \"A2-\u003eA1\": 79.27,\n"}
,{"stream_name":"stdout","time":9578.657350828,"data":"    \"A2-\u003eA3\": 86.88\n"}
,{"stream_name":"stdout","time":9578.657354807,"data":"  },\n"}
,{"stream_name":"stdout","time":9578.657358401,"data":"  \"seconds\": {\n"}
,{"stream_name":"stdout","time":9578.657362326,"data":"    \"A1-\u003eA3\": 386,\n"}
,{"stream_name":"stdout","time":9578.657366729,"data":"    \"A1-\u003eA2\": 387,\n"}
,{"stream_name":"stdout","time":9578.657370649,"data":"    \"A3-\u003eA1\": 385,\n"}
,{"stream_name":"stdout","time":9578.65737441,"data":"    \"A3-\u003eA2\": 386,\n"}
,{"stream_name":"stdout","time":9578.657378152,"data":"    \"A2-\u003eA1\": 387,\n"}
,{"stream_name":"stdout","time":9578.657381985,"data":"    \"A2-\u003eA3\": 386\n"}
,{"stream_name":"stdout","time":9578.65738597,"data":"  },\n"}
,{"stream_name":"stdout","time":9578.657389698,"data":"  \"gate_log\": {\n"}
,{"stream_name":"stdout","time":9578.657393183,"data":"    \"A1-\u003eA3\": [\n"}
,{"stream_name":"stdout","time":9578.657396778,"data":"      {\n"}
,{"stream_name":"stdout","time":9578.657400634,"data":"        \"sdalr_rejected\": 120,\n"}
,{"stream_name":"stdout","time":9578.657404279,"data":"        \"hook_rejected\": 1490,\n"}
,{"stream_name":"stdout","time":9578.657408207,"data":"        \"precision_before\": 0.7465986394557823,\n"}
,{"stream_name":"stdout","time":9578.65741253,"data":"        \"precision_after\": 1.0,\n"}
,{"stream_name":"stdout","time":9578.657416195,"data":"        \"n\": 6000\n"}
,{"stream_name":"stdout","time":9578.657420184,"data":"      },\n"}
,{"stream_name":"stdout","time":9578.657423972,"data":"      {\n"}
,{"stream_name":"stdout","time":9578.657427561,"data":"        \"sdalr_rejected\": 14,\n"}
,{"stream_name":"stdout","time":9578.657432344,"data":"        \"hook_rejected\": 1234,\n"}
,{"stream_name":"stdout","time":9578.657436193,"data":"        \"precision_before\": 0.7938523220848647,\n"}
,{"stream_name":"stdout","time":9578.657447797,"data":"        \"precision_after\": 1.0,\n"}
,{"stream_name":"stdout","time":9578.657452029,"data":"        \"n\": 6000\n"}
,{"stream_name":"stdout","time":9578.657456067,"data":"      },\n"}
,{"stream_name":"stdout","time":9578.657459609,"data":"      {\n"}
,{"stream_name":"stdout","time":9578.657463247,"data":"        \"sdalr_rejected\": 27,\n"}
,{"stream_name":"stdout","time":9578.657466785,"data":"        \"hook_rejected\": 1113,\n"}
,{"stream_name":"stdout","time":9578.657471532,"data":"        \"precision_before\": 0.8136614766449021,\n"}
,{"stream_name":"stdout","time":9578.657476397,"data":"        \"precision_after\": 1.0,\n"}
,{"stream_name":"stdout","time":9578.657479998,"data":"        \"n\": 6000\n"}
,{"stream_name":"stdout","time":9578.657483859,"data":"      },\n"}
,{"stream_name":"stdout","time":9578.657487376,"data":"      {\n"}
,{"stream_name":"stdout","time":9578.657491079,"data":"        \"sdalr_rejected\": 17,\n"}
,{"stream_name":"stdout","time":9578.657494873,"data":"        \"hook_rejected\": 1020,\n"}
,{"stream_name":"stdout","time":9578.657498617,"data":"        \"precision_before\": 0.8295169647334113,\n"}
,{"stream_name":"stdout","time":9578.657502348,"data":"        \"precision_after\": 1.0,\n"}
,{"stream_name":"stdout","time":9578.657510672,"data":"        \"n\": 6000\n"}
,{"stream_name":"stdout","time":9578.657514729,"data":"      }\n"}
,{"stream_name":"stdout","time":9578.657518317,"data":"    ],\n"}
,{"stream_name":"stdout","time":9578.6575217,"data":"    \"A1-\u003eA2\": [\n"}
,{"stream_name":"stdout","time":9578.657525585,"data":"      {\n"}
,{"stream_name":"stdout","time":9578.657528819,"data":"        \"sdalr_rejected\": 56,\n"}
,{"stream_name":"stdout","time":9578.657532886,"data":"        \"hook_rejected\": 1558,\n"}
,{"stream_name":"stdout","time":9578.657536759,"data":"        \"precision_before\": 0.7378869448183042,\n"}
,{"stream_name":"stdout","time":9578.657540534,"data":"        \"precision_after\": 1.0,\n"}
,{"stream_name":"stdout","time":9578.657544274,"data":"        \"n\": 6000\n"}
,{"stream_name":"stdout","time":9578.6575482,"data":"      },\n"}
,{"stream_name":"stdout","time":9578.657552015,"data":"      {\n"}
,{"stream_name":"stdout","time":9578.657556105,"data":"        \"sdalr_rejected\": 13,\n"}
,{"stream_name":"stdout","time":9578.657559542,"data":"        \"hook_rejected\": 1292,\n"}
,{"stream_name":"stdout","time":9578.657575367,"data":"        \"precision_before\": 0.7841990980457658,\n"}
,{"stream_name":"stdout","time":9578.657578683,"data":"        \"precision_after\": 1.0,\n"}
,{"stream_name":"stdout","time":9578.657582511,"data":"        \"n\": 6000\n"}
,{"stream_name":"stdout","time":9578.657586033,"data":"      },\n"}
,{"stream_name":"stdout","time":9578.657589413,"data":"      {\n"}
,{"stream_name":"stdout","time":9578.657592743,"data":"        \"sdalr_rejected\": 10,\n"}
,{"stream_name":"stdout","time":9578.657596231,"data":"        \"hook_rejected\": 1242,\n"}
,{"stream_name":"stdout","time":9578.657600223,"data":"        \"precision_before\": 0.7926544240400668,\n"}
,{"stream_name":"stdout","time":9578.657604103,"data":"        \"precision_after\": 1.0,\n"}
,{"stream_name":"stdout","time":9578.65760759,"data":"        \"n\": 6000\n"}
,{"stream_name":"stdout","time":9578.657611369,"data":"      },\n"}
,{"stream_name":"stdout","time":9578.657615249,"data":"      {\n"}
,{"stream_name":"stdout","time":9578.657619662,"data":"        \"sdalr_rejected\": 9,\n"}
,{"stream_name":"stdout","time":9578.65762296,"data":"        \"hook_rejected\": 1226,\n"}
,{"stream_name":"stdout","time":9578.657627016,"data":"        \"precision_before\": 0.7953597062260057,\n"}
,{"stream_name":"stdout","time":9578.657632889,"data":"        \"precision_after\": 1.0,\n"}
,{"stream_name":"stdout","time":9578.657636855,"data":"        \"n\": 6000\n"}
,{"stream_name":"stdout","time":9578.657640849,"data":"      }\n"}
,{"stream_name":"stdout","time":9578.657644426,"data":"    ],\n"}
,{"stream_name":"stdout","time":9578.657647785,"data":"    \"A3-\u003eA1\": [\n"}
,{"stream_name":"stdout","time":9578.657651378,"data":"      {\n"}
,{"stream_name":"stdout","time":9578.657654859,"data":"        \"sdalr_rejected\": 60,\n"}
,{"stream_name":"stdout","time":9578.657658231,"data":"        \"hook_rejected\": 1488,\n"}
,{"stream_name":"stdout","time":9578.657661929,"data":"        \"precision_before\": 0.7494949494949495,\n"}
,{"stream_name":"stdout","time":9578.657665928,"data":"        \"precision_after\": 1.0,\n"}
,{"stream_name":"stdout","time":9578.657669491,"data":"        \"n\": 6000\n"}
,{"stream_name":"stdout","time":9578.657673262,"data":"      },\n"}
,{"stream_name":"stdout","time":9578.657676796,"data":"      {\n"}
,{"stream_name":"stdout","time":9578.657680442,"data":"        \"sdalr_rejected\": 23,\n"}
,{"stream_name":"stdout","time":9578.657688415,"data":"        \"hook_rejected\": 1242,\n"}
,{"stream_name":"stdout","time":9578.657697495,"data":"        \"precision_before\": 0.7922034465450896,\n"}
,{"stream_name":"stdout","time":9578.657701028,"data":"        \"precision_after\": 1.0,\n"}
,{"stream_name":"stdout","time":9578.657705138,"data":"        \"n\": 6000\n"}
,{"stream_name":"stdout","time":9578.657708705,"data":"      },\n"}
,{"stream_name":"stdout","time":9578.657712419,"data":"      {\n"}
,{"stream_name":"stdout","time":9578.657715662,"data":"        \"sdalr_rejected\": 22,\n"}
,{"stream_name":"stdout","time":9578.657719715,"data":"        \"hook_rejected\": 1079,\n"}
,{"stream_name":"stdout","time":9578.6577236,"data":"        \"precision_before\": 0.8195048511207762,\n"}
,{"stream_name":"stdout","time":9578.657727793,"data":"        \"precision_after\": 1.0,\n"}
,{"stream_name":"stdout","time":9578.657731599,"data":"        \"n\": 6000\n"}
,{"stream_name":"stdout","time":9578.657735705,"data":"      },\n"}
,{"stream_name":"stdout","time":9578.6577397,"data":"      {\n"}
,{"stream_name":"stdout","time":9578.657746683,"data":"        \"sdalr_rejected\": 5,\n"}
,{"stream_name":"stdout","time":9578.657750424,"data":"        \"hook_rejected\": 1023,\n"}
,{"stream_name":"stdout","time":9578.657776894,"data":"        \"precision_before\": 0.8293577981651377,\n"}
,{"stream_name":"stdout","time":9578.657781836,"data":"        \"precision_after\": 1.0,\n"}
,{"stream_name":"stdout","time":9578.657786295,"data":"        \"n\": 6000\n"}
,{"stream_name":"stdout","time":9578.657789876,"data":"      }\n"}
,{"stream_name":"stdout","time":9578.657793329,"data":"    ],\n"}
,{"stream_name":"stdout","time":9578.657797022,"data":"    \"A3-\u003eA2\": [\n"}
,{"stream_name":"stdout","time":9578.657800783,"data":"      {\n"}
,{"stream_name":"stdout","time":9578.657806594,"data":"        \"sdalr_rejected\": 82,\n"}
,{"stream_name":"stdout","time":9578.657810065,"data":"        \"hook_rejected\": 1393,\n"}
,{"stream_name":"stdout","time":9578.657813696,"data":"        \"precision_before\": 0.7646164244677256,\n"}
,{"stream_name":"stdout","time":9578.657817185,"data":"        \"precision_after\": 1.0,\n"}
,{"stream_name":"stdout","time":9578.657820483,"data":"        \"n\": 6000\n"}
,{"stream_name":"stdout","time":9578.657823944,"data":"      },\n"}
,{"stream_name":"stdout","time":9578.657827321,"data":"      {\n"}
,{"stream_name":"stdout","time":9578.657830557,"data":"        \"sdalr_rejected\": 5,\n"}
,{"stream_name":"stdout","time":9578.657833949,"data":"        \"hook_rejected\": 1249,\n"}
,{"stream_name":"stdout","time":9578.657837282,"data":"        \"precision_before\": 0.7916597164303586,\n"}
,{"stream_name":"stdout","time":9578.657840815,"data":"        \"precision_after\": 1.0,\n"}
,{"stream_name":"stdout","time":9578.657844244,"data":"        \"n\": 6000\n"}
,{"stream_name":"stdout","time":9578.657847657,"data":"      },\n"}
,{"stream_name":"stdout","time":9578.657851343,"data":"      {\n"}
,{"stream_name":"stdout","time":9578.657855136,"data":"        \"sdalr_rejected\": 9,\n"}
,{"stream_name":"stdout","time":9578.657858605,"data":"        \"hook_rejected\": 1237,\n"}
,{"stream_name":"stdout","time":9578.657862214,"data":"        \"precision_before\": 0.7935236187614756,\n"}
,{"stream_name":"stdout","time":9578.657865792,"data":"        \"precision_after\": 1.0,\n"}
,{"stream_name":"stdout","time":9578.657869505,"data":"        \"n\": 6000\n"}
,{"stream_name":"stdout","time":9578.657873209,"data":"      },\n"}
,{"stream_name":"stdout","time":9578.657876693,"data":"      {\n"}
,{"stream_name":"stdout","time":9578.657888403,"data":"        \"sdalr_rejected\": 10,\n"}
,{"stream_name":"stdout","time":9578.657892459,"data":"        \"hook_rejected\": 1208,\n"}
,{"stream_name":"stdout","time":9578.657896139,"data":"        \"precision_before\": 0.798330550918197,\n"}
,{"stream_name":"stdout","time":9578.657899705,"data":"        \"precision_after\": 1.0,\n"}
,{"stream_name":"stdout","time":9578.657903985,"data":"        \"n\": 6000\n"}
,{"stream_name":"stdout","time":9578.657907721,"data":"      }\n"}
,{"stream_name":"stdout","time":9578.657911043,"data":"    ],\n"}
,{"stream_name":"stdout","time":9578.657914643,"data":"    \"A2-\u003eA1\": [\n"}
,{"stream_name":"stdout","time":9578.657918197,"data":"      {\n"}
,{"stream_name":"stdout","time":9578.657921413,"data":"        \"sdalr_rejected\": 119,\n"}
,{"stream_name":"stdout","time":9578.657925139,"data":"        \"hook_rejected\": 2304,\n"}
,{"stream_name":"stdout","time":9578.657929534,"data":"        \"precision_before\": 0.6082298928753613,\n"}
,{"stream_name":"stdout","time":9578.657933645,"data":"        \"precision_after\": 1.0,\n"}
,{"stream_name":"stdout","time":9578.657937259,"data":"        \"n\": 6000\n"}
,{"stream_name":"stdout","time":9578.657940778,"data":"      },\n"}
,{"stream_name":"stdout","time":9578.657944008,"data":"      {\n"}
,{"stream_name":"stdout","time":9578.657947898,"data":"        \"sdalr_rejected\": 24,\n"}
,{"stream_name":"stdout","time":9578.657951386,"data":"        \"hook_rejected\": 2254,\n"}
,{"stream_name":"stdout","time":9578.657955643,"data":"        \"precision_before\": 0.6228246318607764,\n"}
,{"stream_name":"stdout","time":9578.657959499,"data":"        \"precision_after\": 1.0,\n"}
,{"stream_name":"stdout","time":9578.657962991,"data":"        \"n\": 6000\n"}
,{"stream_name":"stdout","time":9578.657966511,"data":"      },\n"}
,{"stream_name":"stdout","time":9578.657970394,"data":"      {\n"}
,{"stream_name":"stdout","time":9578.657974117,"data":"        \"sdalr_rejected\": 37,\n"}
,{"stream_name":"stdout","time":9578.657977907,"data":"        \"hook_rejected\": 1915,\n"}
,{"stream_name":"stdout","time":9578.657981503,"data":"        \"precision_before\": 0.6788529263793392,\n"}
,{"stream_name":"stdout","time":9578.657985161,"data":"        \"precision_after\": 1.0,\n"}
,{"stream_name":"stdout","time":9578.657988795,"data":"        \"n\": 6000\n"}
,{"stream_name":"stdout","time":9578.657992696,"data":"      },\n"}
,{"stream_name":"stdout","time":9578.657996987,"data":"      {\n"}
,{"stream_name":"stdout","time":9578.658002243,"data":"        \"sdalr_rejected\": 5,\n"}
,{"stream_name":"stdout","time":9578.658006465,"data":"        \"hook_rejected\": 1679,\n"}
,{"stream_name":"stdout","time":9578.658009851,"data":"        \"precision_before\": 0.7199332777314429,\n"}
,{"stream_name":"stdout","time":9578.658013445,"data":"        \"precision_after\": 1.0,\n"}
,{"stream_name":"stdout","time":9578.658016878,"data":"        \"n\": 6000\n"}
,{"stream_name":"stdout","time":9578.658020506,"data":"      }\n"}
,{"stream_name":"stdout","time":9578.658024022,"data":"    ],\n"}
,{"stream_name":"stdout","time":9578.658027375,"data":"    \"A2-\u003eA3\": [\n"}
,{"stream_name":"stdout","time":9578.65803106,"data":"      {\n"}
,{"stream_name":"stdout","time":9578.658035599,"data":"        \"sdalr_rejected\": 441,\n"}
,{"stream_name":"stdout","time":9578.658039509,"data":"        \"hook_rejected\": 2427,\n"}
,{"stream_name":"stdout","time":9578.658043896,"data":"        \"precision_before\": 0.5634106853750674,\n"}
,{"stream_name":"stdout","time":9578.658048294,"data":"        \"precision_after\": 1.0,\n"}
,{"stream_name":"stdout","time":9578.658057461,"data":"        \"n\": 6000\n"}
,{"stream_name":"stdout","time":9578.658061215,"data":"      },\n"}
,{"stream_name":"stdout","time":9578.658064811,"data":"      {\n"}
,{"stream_name":"stdout","time":9578.658068526,"data":"        \"sdalr_rejected\": 145,\n"}
,{"stream_name":"stdout","time":9578.658072135,"data":"        \"hook_rejected\": 1255,\n"}
,{"stream_name":"stdout","time":9578.658076157,"data":"        \"precision_before\": 0.7856532877882152,\n"}
,{"stream_name":"stdout","time":9578.658080123,"data":"        \"precision_after\": 1.0,\n"}
,{"stream_name":"stdout","time":9578.658083985,"data":"        \"n\": 6000\n"}
,{"stream_name":"stdout","time":9578.658088055,"data":"      },\n"}
,{"stream_name":"stdout","time":9578.658091419,"data":"      {\n"}
,{"stream_name":"stdout","time":9578.658095305,"data":"        \"sdalr_rejected\": 30,\n"}
,{"stream_name":"stdout","time":9578.658099021,"data":"        \"hook_rejected\": 1147,\n"}
,{"stream_name":"stdout","time":9578.6581027,"data":"        \"precision_before\": 0.8078726968174205,\n"}
,{"stream_name":"stdout","time":9578.658106761,"data":"        \"precision_after\": 1.0,\n"}
,{"stream_name":"stdout","time":9578.65811057,"data":"        \"n\": 6000\n"}
,{"stream_name":"stdout","time":9578.658114614,"data":"      },\n"}
,{"stream_name":"stdout","time":9578.65811823,"data":"      {\n"}
,{"stream_name":"stdout","time":9578.6581223,"data":"        \"sdalr_rejected\": 25,\n"}
,{"stream_name":"stdout","time":9578.65812591,"data":"        \"hook_rejected\": 1103,\n"}
,{"stream_name":"stdout","time":9578.658129358,"data":"        \"precision_before\": 0.815397489539749,\n"}
,{"stream_name":"stdout","time":9578.658132972,"data":"        \"precision_after\": 1.0,\n"}
,{"stream_name":"stdout","time":9578.658138548,"data":"        \"n\": 6000\n"}
,{"stream_name":"stdout","time":9578.65814679,"data":"      }\n"}
,{"stream_name":"stdout","time":9578.658149287,"data":"    ]\n"}
,{"stream_name":"stdout","time":9578.658151637,"data":"  },\n"}
,{"stream_name":"stdout","time":9578.658154449,"data":"  \"gate\": \"oracle\"\n"}
,{"stream_name":"stdout","time":9578.658156955,"data":"}\n"}
,{"stream_name":"stdout","time":9580.022255391,"data":"RUN /usr/bin/python3 -u /kaggle/input/datasets/rhrhrhrhrh/physgate-m0-code/sdalr_runner.py --sdalr /kaggle/input/datasets/rhrhrhrhrh/physgate-m0-code --m0 /kaggle/input/datasets/rhrhrhrhrh/physgate-k10-g3 --dataset PU_M1 --src-fold S07 --tgt-fold S07 --variant final_checkpoint --work /kaggle/working/k10/S07 --seed 2024 --gate none --gate-verdicts /kaggle/input/datasets/rhrhrhrhrh/physgate-m0-code/gate_verdicts.json\n"}
,{"stream_name":"stdout","time":9587.598699782,"data":"\n"}
,{"stream_name":"stdout","time":9587.598737927,"data":"\n"}
,{"stream_name":"stdout","time":9587.598764166,"data":"现在开始拿源域训练集：(B1)N15_M01_F10 进行训练\n"}
,{"stream_name":"stdout","time":9587.598771703,"data":"源域读取路径：/kaggle/working/k10/S07/sdalr_PU_final_checkpoint/DATA_foldS07/PU_M1_L3/N15_M01_F10_label.txt\n"}
,{"stream_name":"stdout","time":9587.598779393,"data":"excel输出位置：/kaggle/working/k10/S07/weight_src_PU_M1_FS07_s2024/NEW_PU/Source-源域\n"}
,{"stream_name":"stdout","time":9587.598785063,"data":"log\u0026pt输出位置：/kaggle/working/k10/S07/weight_src_PU_M1_FS07_s2024/NEW_PU/Source-源域/log\u0026pt/(B1)N15_M01_F10\n"}
,{"stream_name":"stdout","time":9587.59913433,"data":"特征图片输出位置：/kaggle/working/k10/S07/weight_src_PU_M1_FS07_s2024/NEW_PU/Picture-特征图/2026年09月19日05时44分/(B1)N15_M01_F10\n"}
,{"stream_name":"stderr","time":9587.600555624,"data":"sh: 1: Syntax error: word unexpected (expecting \")\")\n"}
,{"stream_name":"stdout","time":9587.601158483,"data":"源域训练开始\n"}
,{"stream_name":"stderr","time":9589.754349393,"data":"/usr/local/lib/python3.12/dist-packages/torch/nn/utils/weight_norm.py:144: FutureWarning: `torch.nn.utils.weight_norm` is deprecated in favor of `torch.nn.utils.parametrizations.weight_norm`.\n"}
,{"stream_name":"stderr","time":9589.754396452,"data":"  WeightNorm.apply(module, name, dim)\n"}
,{"stream_name":"stdout","time":9599.544320545,"data":"轮次:··1/·10 || loss:0.010 || 耗时：9.74s\n"}
,{"stream_name":"stdout","time":9608.893494172,"data":"轮次:··2/·10 || loss:0.005 || 耗时：9.28s\n"}
,{"stream_name":"stdout","time":9618.371422509,"data":"轮次:··3/·10 || loss:0.004 || 耗时：9.41s\n"}
,{"stream_name":"stdout","time":9627.935134275,"data":"轮次:··4/·10 || loss:0.016 || 耗时：9.49s\n"}
,{"stream_name":"stdout","time":9637.490009644,"data":"轮次:··5/·10 || loss:0.001 || 耗时：9.48s\n"}
,{"stream_name":"stdout","time":9638.149767003,"data":"任务: (B1)N15_M01_F10; mix批次:····0; 批次:··330/··660; 总正确率 = 100.00%\n"}
,{"stream_name":"stdout","time":9638.149798504,"data":"类型1 正确率： 100.00% -\u003e 1  100.00%, 2    0.00%, 3    0.00%\n"}
,{"stream_name":"stdout","time":9638.149803974,"data":"类型2 正确率： 100.00% -\u003e 1    0.00%, 2  100.00%, 3    0.00%\n"}
,{"stream_name":"stdout","time":9638.149808359,"data":"类型3 正确率： 100.00% -\u003e 1    0.00%, 2    0.00%, 3  100.00%\n"}
,{"stream_name":"stdout","time":9638.149812729,"data":"\n"}
,{"stream_name":"stdout","time":9638.149817063,"data":"\n"}
,{"stream_name":"stdout","time":9647.748257788,"data":"轮次:··6/·10 || loss:0.005 || 耗时：9.49s\n"}
,{"stream_name":"stdout","time":9657.310644516,"data":"轮次:··7/·10 || loss:0.009 || 耗时：9.49s\n"}
,{"stream_name":"stdout","time":9666.896649882,"data":"轮次:··8/·10 || loss:0.003 || 耗时：9.51s\n"}
,{"stream_name":"stdout","time":9676.46558006,"data":"轮次:··9/·10 || loss:0.001 || 耗时：9.50s\n"}
,{"stream_name":"stdout","time":9686.052099128,"data":"轮次:·10/·10 || loss:0.000 || 耗时：9.51s\n"}
,{"stream_name":"stdout","time":9686.708838918,"data":"任务: (B1)N15_M01_F10; mix批次:····0; 批次:··660/··660; 总正确率 = 100.00%\n"}
,{"stream_name":"stdout","time":9686.708879587,"data":"类型1 正确率： 100.00% -\u003e 1  100.00%, 2    0.00%, 3    0.00%\n"}
,{"stream_name":"stdout","time":9686.708888058,"data":"类型2 正确率： 100.00% -\u003e 1    0.00%, 2  100.00%, 3    0.00%\n"}
,{"stream_name":"stdout","time":9686.708894398,"data":"类型3 正确率： 100.00% -\u003e 1    0.00%, 2    0.00%, 3  100.00%\n"}
,{"stream_name":"stdout","time":9686.708900557,"data":"\n"}
,{"stream_name":"stdout","time":9686.708906508,"data":"\n"}
,{"stream_name":"stdout","time":9688.091263805,"data":"测试集任务: (B1)N15_M01_F10; 总正确率 = 100.00%\n"}
,{"stream_name":"stdout","time":9688.091300565,"data":"类型1 正确率： 100.00% -\u003e 1  100.00%, 2    0.00%, 3    0.00%\n"}
,{"stream_name":"stdout","time":9688.091307855,"data":"类型2 正确率： 100.00% -\u003e 1    0.00%, 2  100.00%, 3    0.00%\n"}
,{"stream_name":"stdout","time":9688.091313682,"data":"类型3 正确率： 100.00% -\u003e 1    0.00%, 2    0.00%, 3  100.00%\n"}
,{"stream_name":"stdout","time":9688.091319511,"data":"\n"}
,{"stream_name":"stdout","time":9688.091324742,"data":"\n"}
,{"stream_name":"stdout","time":9688.102099227,"data":"源域训练结束\n"}
,{"stream_name":"stdout","time":9688.102122392,"data":"\n"}
,{"stream_name":"stdout","time":9688.102143152,"data":"训练好之后，测试目标域\n"}
,{"stream_name":"stdout","time":9688.102205618,"data":"目标域路径：/kaggle/working/k10/S07/sdalr_PU_final_checkpoint/DATA_foldS07/PU_M1_L3/N15_M07_F10_label.txt\n"}
,{"stream_name":"stderr","time":9688.500668542,"data":"/usr/local/lib/python3.12/dist-packages/torch/nn/utils/weight_norm.py:144: FutureWarning: `torch.nn.utils.weight_norm` is deprecated in favor of `torch.nn.utils.parametrizations.weight_norm`.\n"}
,{"stream_name":"stderr","time":9688.500708073,"data":"  WeightNorm.apply(module, name, dim)\n"}
,{"stream_name":"stdout","time":9689.835936244,"data":"测试目标数据集结果如下：\n"}
,{"stream_name":"stdout","time":9689.835965934,"data":"任务: (B1)N15_M01_F10→(B2)N15_M07_F10, 正确率 = 99.19%\n"}
,{"stream_name":"stdout","time":9689.835971982,"data":"类型1 正确率： 100.00% -\u003e 1  100.00%, 2    0.00%, 3    0.00%\n"}
,{"stream_name":"stdout","time":9689.835977172,"data":"类型2 正确率： 100.00% -\u003e 1    0.00%, 2  100.00%, 3    0.00%\n"}
,{"stream_name":"stdout","time":9689.835981831,"data":"类型3 正确率：  98.00% -\u003e 1    0.00%, 2    2.43%, 3   97.57%\n"}
,{"stream_name":"stdout","time":9689.835986313,"data":"\n"}
,{"stream_name":"stdout","time":9689.83645202,"data":"目标域路径：/kaggle/working/k10/S07/sdalr_PU_final_checkpoint/DATA_foldS07/PU_M1_L3/N15_M07_F04_label.txt\n"}
,{"stream_name":"stderr","time":9690.225701156,"data":"/usr/local/lib/python3.12/dist-packages/torch/nn/utils/weight_norm.py:144: FutureWarning: `torch.nn.utils.weight_norm` is deprecated in favor of `torch.nn.utils.parametrizations.weight_norm`.\n"}
,{"stream_name":"stderr","time":9690.225739568,"data":"  WeightNorm.apply(module, name, dim)\n"}
,{"stream_name":"stdout","time":9691.563731384,"data":"测试目标数据集结果如下：\n"}
,{"stream_name":"stdout","time":9691.563789809,"data":"任务: (B1)N15_M01_F10→(B3)N15_M07_F04, 正确率 = 92.17%\n"}
,{"stream_name":"stdout","time":9691.563798876,"data":"类型1 正确率： 100.00% -\u003e 1  100.00%, 2    0.00%, 3    0.00%\n"}
,{"stream_name":"stdout","time":9691.563804502,"data":"类型2 正确率：  95.00% -\u003e 1    0.00%, 2   95.32%, 3    4.68%\n"}
,{"stream_name":"stdout","time":9691.563808917,"data":"类型3 正确率：  81.00% -\u003e 1    0.00%, 2   18.80%, 3   81.20%\n"}
,{"stream_name":"stdout","time":9691.563813736,"data":"\n"}
,{"stream_name":"stdout","time":9691.564015047,"data":"\n"}
,{"stream_name":"stdout","time":9691.564024813,"data":"\n"}
,{"stream_name":"stdout","time":9691.564028681,"data":"现在开始拿源域训练集：(B2)N15_M07_F10 进行训练\n"}
,{"stream_name":"stdout","time":9691.564034493,"data":"源域读取路径：/kaggle/working/k10/S07/sdalr_PU_final_checkpoint/DATA_foldS07/PU_M1_L3/N15_M07_F10_label.txt\n"}
,{"stream_name":"stdout","time":9691.564038473,"data":"excel输出位置：/kaggle/working/k10/S07/weight_src_PU_M1_FS07_s2024/NEW_PU/Source-源域\n"}
,{"stream_name":"stdout","time":9691.564044274,"data":"log\u0026pt输出位置：/kaggle/working/k10/S07/weight_src_PU_M1_FS07_s2024/NEW_PU/Source-源域/log\u0026pt/(B2)N15_M07_F10\n"}
,{"stream_name":"stdout","time":9691.564234365,"data":"特征图片输出位置：/kaggle/working/k10/S07/weight_src_PU_M1_FS07_s2024/NEW_PU/Picture-特征图/2026年09月19日05时44分/(B2)N15_M07_F10\n"}
,{"stream_name":"stderr","time":9691.56587689,"data":"sh: 1: Syntax error: word unexpected (expecting \")\")\n"}
,{"stream_name":"stdout","time":9691.56649185,"data":"源域训练开始\n"}
,{"stream_name":"stderr","time":9693.419871059,"data":"/usr/local/lib/python3.12/dist-packages/torch/nn/utils/weight_norm.py:144: FutureWarning: `torch.nn.utils.weight_norm` is deprecated in favor of `torch.nn.utils.parametrizations.weight_norm`.\n"}
,{"stream_name":"stderr","time":9693.419945019,"data":"  WeightNorm.apply(module, name, dim)\n"}
,{"stream_name":"stdout","time":9702.967208582,"data":"轮次:··1/·10 || loss:0.015 || 耗时：9.48s\n"}
,{"stream_name":"stdout","time":9712.539721403,"data":"轮次:··2/·10 || loss:0.004 || 耗时：9.50s\n"}
,{"stream_name":"stdout","time":9722.145097581,"data":"轮次:··3/·10 || loss:0.003 || 耗时：9.53s\n"}
,{"stream_name":"stdout","time":9731.794966355,"data":"轮次:··4/·10 || loss:0.005 || 耗时：9.58s\n"}
,{"stream_name":"stdout","time":9741.452488266,"data":"轮次:··5/·10 || loss:0.002 || 耗时：9.59s\n"}
,{"stream_name":"stdout","time":9742.108526556,"data":"任务: (B2)N15_M07_F10; mix批次:····0; 批次:··330/··660; 总正确率 = 100.00%\n"}
,{"stream_name":"stdout","time":9742.108568561,"data":"类型1 正确率： 100.00% -\u003e 1  100.00%, 2    0.00%, 3    0.00%\n"}
,{"stream_name":"stdout","time":9742.108576968,"data":"类型2 正确率： 100.00% -\u003e 1    0.00%, 2  100.00%, 3    0.00%\n"}
,{"stream_name":"stdout","time":9742.108582672,"data":"类型3 正确率： 100.00% -\u003e 1    0.00%, 2    0.00%, 3  100.00%\n"}
,{"stream_name":"stdout","time":9742.108601591,"data":"\n"}
,{"stream_name":"stdout","time":9742.108606265,"data":"\n"}
,{"stream_name":"stdout","time":9751.773616904,"data":"轮次:··6/·10 || loss:0.001 || 耗时：9.56s\n"}
,{"stream_name":"stdout","time":9761.392849283,"data":"轮次:··7/·10 || loss:0.001 || 耗时：9.55s\n"}
,{"stream_name":"stdout","time":9770.988247929,"data":"轮次:··8/·10 || loss:0.001 || 耗时：9.53s\n"}
,{"stream_name":"stdout","time":9780.616701372,"data":"轮次:··9/·10 || loss:0.010 || 耗时：9.56s\n"}
,{"stream_name":"stdout","time":9790.234430599,"data":"轮次:·10/·10 || loss:0.001 || 耗时：9.54s\n"}
,{"stream_name":"stdout","time":9790.890387254,"data":"任务: (B2)N15_M07_F10; mix批次:····0; 批次:··660/··660; 总正确率 = 100.00%\n"}
,{"stream_name":"stdout","time":9790.890420407,"data":"类型1 正确率： 100.00% -\u003e 1  100.00%, 2    0.00%, 3    0.00%\n"}
,{"stream_name":"stdout","time":9790.890426039,"data":"类型2 正确率： 100.00% -\u003e 1    0.00%, 2  100.00%, 3    0.00%\n"}
,{"stream_name":"stdout","time":9790.890430298,"data":"类型3 正确率： 100.00% -\u003e 1    0.00%, 2    0.00%, 3  100.00%\n"}
,{"stream_name":"stdout","time":9790.890446348,"data":"\n"}
,{"stream_name":"stdout","time":9790.890450292,"data":"\n"}
,{"stream_name":"stdout","time":9792.28582022,"data":"测试集任务: (B2)N15_M07_F10; 总正确率 = 100.00%\n"}
,{"stream_name":"stdout","time":9792.285855396,"data":"类型1 正确率： 100.00% -\u003e 1  100.00%, 2    0.00%, 3    0.00%\n"}
,{"stream_name":"stdout","time":9792.285861462,"data":"类型2 正确率： 100.00% -\u003e 1    0.00%, 2  100.00%, 3    0.00%\n"}
,{"stream_name":"stdout","time":9792.285866221,"data":"类型3 正确率： 100.00% -\u003e 1    0.00%, 2    0.00%, 3  100.00%\n"}
,{"stream_name":"stdout","time":9792.285871059,"data":"\n"}
,{"stream_name":"stdout","time":9792.285875521,"data":"\n"}
,{"stream_name":"stdout","time":9792.294686567,"data":"源域训练结束\n"}
,{"stream_name":"stdout","time":9792.294700028,"data":"\n"}
,{"stream_name":"stdout","time":9792.294704896,"data":"训练好之后，测试目标域\n"}
,{"stream_name":"stdout","time":9792.294884389,"data":"目标域路径：/kaggle/working/k10/S07/sdalr_PU_final_checkpoint/DATA_foldS07/PU_M1_L3/N15_M01_F10_label.txt\n"}
,{"stream_name":"stderr","time":9792.711631424,"data":"/usr/local/lib/python3.12/dist-packages/torch/nn/utils/weight_norm.py:144: FutureWarning: `torch.nn.utils.weight_norm` is deprecated in favor of `torch.nn.utils.parametrizations.weight_norm`.\n"}
,{"stream_name":"stderr","time":9792.711689238,"data":"  WeightNorm.apply(module, name, dim)\n"}
,{"stream_name":"stdout","time":9794.050431416,"data":"测试目标数据集结果如下：\n"}
,{"stream_name":"stdout","time":9794.050474517,"data":"任务: (B2)N15_M07_F10→(B1)N15_M01_F10, 正确率 = 99.92%\n"}
,{"stream_name":"stdout","time":9794.050480983,"data":"类型1 正确率： 100.00% -\u003e 1  100.00%, 2    0.00%, 3    0.00%\n"}
,{"stream_name":"stdout","time":9794.050485849,"data":"类型2 正确率： 100.00% -\u003e 1    0.25%, 2   99.75%, 3    0.00%\n"}
,{"stream_name":"stdout","time":9794.050490261,"data":"类型3 正确率： 100.00% -\u003e 1    0.00%, 2    0.00%, 3  100.00%\n"}
,{"stream_name":"stdout","time":9794.050494552,"data":"\n"}
,{"stream_name":"stdout","time":9794.050951933,"data":"目标域路径：/kaggle/working/k10/S07/sdalr_PU_final_checkpoint/DATA_foldS07/PU_M1_L3/N15_M07_F04_label.txt\n"}
,{"stream_name":"stderr","time":9794.443547633,"data":"/usr/local/lib/python3.12/dist-packages/torch/nn/utils/weight_norm.py:144: FutureWarning: `torch.nn.utils.weight_norm` is deprecated in favor of `torch.nn.utils.parametrizations.weight_norm`.\n"}
,{"stream_name":"stderr","time":9794.443609593,"data":"  WeightNorm.apply(module, name, dim)\n"}
,{"stream_name":"stdout","time":9795.779790422,"data":"测试目标数据集结果如下：\n"}
,{"stream_name":"stdout","time":9795.779824148,"data":"任务: (B2)N15_M07_F10→(B3)N15_M07_F04, 正确率 = 94.81%\n"}
,{"stream_name":"stdout","time":9795.779829339,"data":"类型1 正确率： 100.00% -\u003e 1  100.00%, 2    0.00%, 3    0.00%\n"}
,{"stream_name":"stdout","time":9795.779834124,"data":"类型2 正确率：  99.00% -\u003e 1    0.00%, 2   99.05%, 3    0.95%\n"}
,{"stream_name":"stdout","time":9795.779838252,"data":"类型3 正确率：  85.00% -\u003e 1    0.00%, 2   14.63%, 3   85.37%\n"}
,{"stream_name":"stdout","time":9795.779842113,"data":"\n"}
,{"stream_name":"stdout","time":9795.780320267,"data":"\n"}
,{"stream_name":"stdout","time":9795.780335301,"data":"\n"}
,{"stream_name":"stdout","time":9795.780339252,"data":"现在开始拿源域训练集：(B3)N15_M07_F04 进行训练\n"}
,{"stream_name":"stdout","time":9795.780343872,"data":"源域读取路径：/kaggle/working/k10/S07/sdalr_PU_final_checkpoint/DATA_foldS07/PU_M1_L3/N15_M07_F04_label.txt\n"}
,{"stream_name":"stdout","time":9795.78034814,"data":"excel输出位置：/kaggle/working/k10/S07/weight_src_PU_M1_FS07_s2024/NEW_PU/Source-源域\n"}
,{"stream_name":"stdout","time":9795.780352206,"data":"log\u0026pt输出位置：/kaggle/working/k10/S07/weight_src_PU_M1_FS07_s2024/NEW_PU/Source-源域/log\u0026pt/(B3)N15_M07_F04\n"}
,{"stream_name":"stdout","time":9795.780591307,"data":"特征图片输出位置：/kaggle/working/k10/S07/weight_src_PU_M1_FS07_s2024/NEW_PU/Picture-特征图/2026年09月19日05时44分/(B3)N15_M07_F04\n"}
,{"stream_name":"stderr","time":9795.782245521,"data":"sh: 1: Syntax error: word unexpected (expecting \")\")\n"}
,{"stream_name":"stdout","time":9795.782973037,"data":"源域训练开始\n"}
,{"stream_name":"stderr","time":9797.615691947,"data":"/usr/local/lib/python3.12/dist-packages/torch/nn/utils/weight_norm.py:144: FutureWarning: `torch.nn.utils.weight_norm` is deprecated in favor of `torch.nn.utils.parametrizations.weight_norm`.\n"}
,{"stream_name":"stderr","time":9797.61578598,"data":"  WeightNorm.apply(module, name, dim)\n"}
,{"stream_name":"stdout","time":9807.124445889,"data":"轮次:··1/·10 || loss:0.009 || 耗时：9.43s\n"}
,{"stream_name":"stdout","time":9816.719844584,"data":"轮次:··2/·10 || loss:0.008 || 耗时：9.53s\n"}
,{"stream_name":"stdout","time":9826.347437239,"data":"轮次:··3/·10 || loss:0.007 || 耗时：9.55s\n"}
,{"stream_name":"stdout","time":9835.980104321,"data":"轮次:··4/·10 || loss:0.006 || 耗时：9.56s\n"}
,{"stream_name":"stdout","time":9845.611394775,"data":"轮次:··5/·10 || loss:0.001 || 耗时：9.56s\n"}
,{"stream_name":"stdout","time":9846.273660199,"data":"任务: (B3)N15_M07_F04; mix批次:····0; 批次:··330/··660; 总正确率 = 100.00%\n"}
,{"stream_name":"stdout","time":9846.27370741,"data":"类型1 正确率： 100.00% -\u003e 1  100.00%, 2    0.00%, 3    0.00%\n"}
,{"stream_name":"stdout","time":9846.273714062,"data":"类型2 正确率： 100.00% -\u003e 1    0.00%, 2  100.00%, 3    0.00%\n"}
,{"stream_name":"stdout","time":9846.273718846,"data":"类型3 正确率： 100.00% -\u003e 1    0.00%, 2    0.00%, 3  100.00%\n"}
,{"stream_name":"stdout","time":9846.273740732,"data":"\n"}
,{"stream_name":"stdout","time":9846.27374673,"data":"\n"}
,{"stream_name":"stdout","time":9855.923548897,"data":"轮次:··6/·10 || loss:0.001 || 耗时：9.54s\n"}
,{"stream_name":"stdout","time":9865.554974554,"data":"轮次:··7/·10 || loss:0.000 || 耗时：9.56s\n"}
,{"stream_name":"stdout","time":9875.166841759,"data":"轮次:··8/·10 || loss:0.009 || 耗时：9.54s\n"}
,{"stream_name":"stdout","time":9884.746186403,"data":"轮次:··9/·10 || loss:0.008 || 耗时：9.51s\n"}
,{"stream_name":"stdout","time":9894.310774691,"data":"轮次:·10/·10 || loss:0.001 || 耗时：9.49s\n"}
,{"stream_name":"stdout","time":9894.964444898,"data":"任务: (B3)N15_M07_F04; mix批次:····0; 批次:··660/··660; 总正确率 = 100.00%\n"}
,{"stream_name":"stdout","time":9894.964479553,"data":"类型1 正确率： 100.00% -\u003e 1  100.00%, 2    0.00%, 3    0.00%\n"}
,{"stream_name":"stdout","time":9894.964487499,"data":"类型2 正确率： 100.00% -\u003e 1    0.00%, 2  100.00%, 3    0.00%\n"}
,{"stream_name":"stdout","time":9894.964493853,"data":"类型3 正确率： 100.00% -\u003e 1    0.00%, 2    0.00%, 3  100.00%\n"}
,{"stream_name":"stdout","time":9894.96449969,"data":"\n"}
,{"stream_name":"stdout","time":9894.964505275,"data":"\n"}
,{"stream_name":"stdout","time":9896.347553275,"data":"测试集任务: (B3)N15_M07_F04; 总正确率 = 100.00%\n"}
,{"stream_name":"stdout","time":9896.347590498,"data":"类型1 正确率： 100.00% -\u003e 1  100.00%, 2    0.00%, 3    0.00%\n"}
,{"stream_name":"stdout","time":9896.347597922,"data":"类型2 正确率： 100.00% -\u003e 1    0.00%, 2  100.00%, 3    0.00%\n"}
,{"stream_name":"stdout","time":9896.347603966,"data":"类型3 正确率： 100.00% -\u003e 1    0.00%, 2    0.00%, 3  100.00%\n"}
,{"stream_name":"stdout","time":9896.347609868,"data":"\n"}
,{"stream_name":"stdout","time":9896.34761491,"data":"\n"}
,{"stream_name":"stdout","time":9896.35668511,"data":"源域训练结束\n"}
,{"stream_name":"stdout","time":9896.356708693,"data":"\n"}
,{"stream_name":"stdout","time":9896.35672862,"data":"训练好之后，测试目标域\n"}
,{"stream_name":"stdout","time":9896.356734613,"data":"目标域路径：/kaggle/working/k10/S07/sdalr_PU_final_checkpoint/DATA_foldS07/PU_M1_L3/N15_M01_F10_label.txt\n"}
,{"stream_name":"stderr","time":9896.734381109,"data":"/usr/local/lib/python3.12/dist-packages/torch/nn/utils/weight_norm.py:144: FutureWarning: `torch.nn.utils.weight_norm` is deprecated in favor of `torch.nn.utils.parametrizations.weight_norm`.\n"}
,{"stream_name":"stderr","time":9896.734426244,"data":"  WeightNorm.apply(module, name, dim)\n"}
,{"stream_name":"stdout","time":9898.076124173,"data":"测试目标数据集结果如下：\n"}
,{"stream_name":"stdout","time":9898.076174612,"data":"任务: (B3)N15_M07_F04→(B1)N15_M01_F10, 正确率 = 94.52%\n"}
,{"stream_name":"stdout","time":9898.07617911,"data":"类型1 正确率： 100.00% -\u003e 1  100.00%, 2    0.00%, 3    0.00%\n"}
,{"stream_name":"stdout","time":9898.07618292,"data":"类型2 正确率：  99.00% -\u003e 1    0.00%, 2   99.21%, 3    0.79%\n"}
,{"stream_name":"stdout","time":9898.076186248,"data":"类型3 正确率：  84.00% -\u003e 1    0.00%, 2   15.64%, 3   84.36%\n"}
,{"stream_name":"stdout","time":9898.07618955,"data":"\n"}
,{"stream_name":"stdout","time":9898.076564536,"data":"目标域路径：/kaggle/working/k10/S07/sdalr_PU_final_checkpoint/DATA_foldS07/PU_M1_L3/N15_M07_F10_label.txt\n"}
,{"stream_name":"stderr","time":9898.458992255,"data":"/usr/local/lib/python3.12/dist-packages/torch/nn/utils/weight_norm.py:144: FutureWarning: `torch.nn.utils.weight_norm` is deprecated in favor of `torch.nn.utils.parametrizations.weight_norm`.\n"}
,{"stream_name":"stderr","time":9898.45903424,"data":"  WeightNorm.apply(module, name, dim)\n"}
,{"stream_name":"stdout","time":9899.790182918,"data":"测试目标数据集结果如下：\n"}
,{"stream_name":"stdout","time":9899.790354061,"data":"任务: (B3)N15_M07_F04→(B2)N15_M07_F10, 正确率 = 96.28%\n"}
,{"stream_name":"stdout","time":9899.790361159,"data":"类型1 正确率： 100.00% -\u003e 1  100.00%, 2    0.00%, 3    0.00%\n"}
,{"stream_name":"stdout","time":9899.790364881,"data":"类型2 正确率：  99.00% -\u003e 1    0.00%, 2   99.49%, 3    0.51%\n"}
,{"stream_name":"stdout","time":9899.790368109,"data":"类型3 正确率：  89.00% -\u003e 1    0.00%, 2   10.65%, 3   89.35%\n"}
,{"stream_name":"stdout","time":9899.790909169,"data":"\n"}
,{"stream_name":"stdout","time":9899.799156349,"data":"[src_pretrain_RES_PU.py --folder_root /kaggle/working/k10/S07/sdalr_PU_final_checkpoint/DATA_foldS07 --seed 2024 --class_num 3 --data_name PU_M1_L3 --output /kaggle/working/k10/S07/weight_src_PU_M1_FS07_s2024] 312s\n"}
,{"stream_name":"stdout","time":9899.858814617,"data":"读取源域路径：/kaggle/working/k10/S07/weight_PU_M1_final_checkpoint_FS07toS07_s2024/NEW_PU/Source-源域/log\u0026pt/(B1)N15_M01_F10\n"}
,{"stream_name":"stdout","time":9899.858845245,"data":"excel输出位置：/kaggle/working/k10/S07/weight_PU_M1_final_checkpoint_FS07toS07_s2024/NEW_PU/Target-目标域\n"}
,{"stream_name":"stdout","time":9899.858926228,"data":"特征图片输出位置：/kaggle/working/k10/S07/weight_PU_M1_final_checkpoint_FS07toS07_s2024/NEW_PU/Picture-特征图/2026年09月19日05时50分/(B1)N15_M01_F10\n"}
,{"stream_name":"stderr","time":9899.894840474,"data":"/usr/local/lib/python3.12/dist-packages/torch/nn/utils/weight_norm.py:144: FutureWarning: `torch.nn.utils.weight_norm` is deprecated in favor of `torch.nn.utils.parametrizations.weight_norm`.\n"}
,{"stream_name":"stderr","time":9899.894869436,"data":"  WeightNorm.apply(module, name, dim)\n"}
,{"stream_name":"stdout","time":9899.933716425,"data":"现在选取:(B1)N15_M01_F10 进行训练的源模型\n"}
,{"stream_name":"stdout","time":9899.933747145,"data":"现在进行：(B1)N15_M01_F10→(B2)N15_M07_F10 的迁移任务\n"}
,{"stream_name":"stdout","time":9899.933752594,"data":"log\u0026pt输出位置：/kaggle/working/k10/S07/weight_PU_M1_final_checkpoint_FS07toS07_s2024/NEW_PU/Target-目标域/log\u0026pt/(B1)N15_M01_F10→(B2)N15_M07_F10\n"}
,{"stream_name":"stderr","time":9899.935092484,"data":"sh: 1: Syntax error: word unexpected (expecting \")\")\n"}
,{"stream_name":"stdout","time":9911.783723146,"data":"任务: (B1)N15_M01_F10→(B2)N15_M07_F10; 批次:····0/·1880;  总正确率: 99.28%\n"}
,{"stream_name":"stdout","time":9911.78378249,"data":"类型1 正确率： 100.00% -\u003e 1   99.95%, 2    0.05%, 3    0.00%\n"}
,{"stream_name":"stdout","time":9911.783810951,"data":"类型2 正确率： 100.00% -\u003e 1    0.00%, 2  100.00%, 3    0.00%\n"}
,{"stream_name":"stdout","time":9911.783816407,"data":"类型3 正确率：  98.00% -\u003e 1    0.00%, 2    2.10%, 3   97.90%\n"}
,{"stream_name":"stdout","time":9911.783820901,"data":"\n"}
,{"stream_name":"stdout","time":9911.78382492,"data":"\n"}
,{"stream_name":"stdout","time":9911.784412285,"data":"样本变换：reverse\n"}
,{"stream_name":"stdout","time":9915.298883792,"data":"样本变换：mask\n"}
,{"stream_name":"stdout","time":9918.817962346,"data":"样本变换：shift\n"}
,{"stream_name":"stdout","time":9922.340768385,"data":"样本变换：none\n"}
,{"stream_name":"stdout","time":9927.298119642,"data":"未过滤\t未用伪标签：99.28% -\u003e 使用伪标签：99.55%\n"}
,{"stream_name":"stdout","time":9927.298160895,"data":"已过滤\t未用伪标签：99.32% -\u003e 使用伪标签：99.60%\n"}
,{"stream_name":"stdout","time":9927.298169109,"data":"排除样本：3|6000\t剩余：2000, 2023, 1974\n"}
,{"stream_name":"stdout","time":9927.298175169,"data":"增添样本：72\t\t细则：23, 0, 49\t正确率估算：100.00%\n"}
,{"stream_name":"stdout","time":9927.29818066,"data":"类型1 正确率： 100.00% -\u003e 1  100.00%, 2    0.00%, 3    0.00%\n"}
,{"stream_name":"stdout","time":9927.298188284,"data":"类型2 正确率： 100.00% -\u003e 1    0.00%, 2  100.00%, 3    0.00%\n"}
,{"stream_name":"stdout","time":9927.298196954,"data":"类型3 正确率：  99.00% -\u003e 1    0.00%, 2    1.20%, 3   98.80%\n"}
,{"stream_name":"stdout","time":9927.298200581,"data":"\n"}
,{"stream_name":"stdout","time":9927.298204205,"data":"被排除样本 正确率：33.33%\n"}
,{"stream_name":"stdout","time":9927.298207655,"data":"类型1 正确率： 100.00% -\u003e 1  100.00%, 2    0.00%\n"}
,{"stream_name":"stdout","time":9927.298211261,"data":"类型2 正确率：   0.00% -\u003e 1  100.00%, 2    0.00%\n"}
,{"stream_name":"stdout","time":9927.298214769,"data":"\n"}
,{"stream_name":"stdout","time":9927.298218135,"data":"\n"}
,{"stream_name":"stdout","time":9941.294456624,"data":"轮次:··1/·20 || c_Loss:0.561 || e_Loss:-1.054 || Aad_Loss:-28.807 || 耗时：35.94s\n"}
,{"stream_name":"stdout","time":9955.240631604,"data":"轮次:··2/·20 || c_Loss:0.491 || e_Loss:-1.039 || Aad_Loss:-28.592 || 耗时：13.95s\n"}
,{"stream_name":"stdout","time":9969.125524193,"data":"轮次:··3/·20 || c_Loss:0.417 || e_Loss:-0.983 || Aad_Loss:-29.145 || 耗时：13.88s\n"}
,{"stream_name":"stdout","time":9982.928285205,"data":"轮次:··4/·20 || c_Loss:0.391 || e_Loss:-0.976 || Aad_Loss:-31.198 || 耗时：13.80s\n"}
,{"stream_name":"stdout","time":9996.691033275,"data":"轮次:··5/·20 || c_Loss:0.395 || e_Loss:-0.970 || Aad_Loss:-30.332 || 耗时：13.76s\n"}
,{"stream_name":"stdout","time":10003.311872815,"data":"任务: (B1)N15_M01_F10→(B2)N15_M07_F10; mix批次:····0; 批次:··470/·1880;  总正确率: 99.98%\n"}
,{"stream_name":"stdout","time":10003.311915174,"data":"类型1 正确率： 100.00% -\u003e 1   99.95%, 2    0.05%, 3    0.00%\n"}
,{"stream_name":"stdout","time":10003.311924008,"data":"类型2 正确率： 100.00% -\u003e 1    0.00%, 2  100.00%, 3    0.00%\n"}
,{"stream_name":"stdout","time":10003.311930648,"data":"类型3 正确率： 100.00% -\u003e 1    0.00%, 2    0.00%, 3  100.00%\n"}
,{"stream_name":"stdout","time":10003.311937095,"data":"\n"}
,{"stream_name":"stdout","time":10003.311943283,"data":"\n"}
,{"stream_name":"stdout","time":10003.34622816,"data":"样本变换：reverse\n"}
,{"stream_name":"stdout","time":10006.851838866,"data":"样本变换：mask\n"}
,{"stream_name":"stdout","time":10010.368824131,"data":"样本变换：shift\n"}
,{"stream_name":"stdout","time":10013.87400134,"data":"样本变换：none\n"}
,{"stream_name":"stderr","time":10018.764828647,"data":"/usr/local/lib/python3.12/dist-packages/numpy/_core/fromnumeric.py:3596: RuntimeWarning: Mean of empty slice.\n"}
,{"stream_name":"stderr","time":10018.764874373,"data":"  return _methods._mean(a, axis=axis, dtype=dtype,\n"}
,{"stream_name":"stderr","time":10018.764994595,"data":"/usr/local/lib/python3.12/dist-packages/numpy/_core/_methods.py:138: RuntimeWarning: invalid value encountered in scalar divide\n"}
,{"stream_name":"stderr","time":10018.765007372,"data":"  ret = ret.dtype.type(ret / rcount)\n"}
,{"stream_name":"stderr","time":10018.766276479,"data":"/kaggle/working/k10/S07/sdalr_PU_final_checkpoint/tools.py:414: RuntimeWarning: Mean of empty slice.\n"}
,{"stream_name":"stderr","time":10018.76630001,"data":"  overall_acc = round(per_class_acc.mean(), 2)\n"}
,{"stream_name":"stderr","time":10018.766306775,"data":"/usr/local/lib/python3.12/dist-packages/numpy/_core/_methods.py:138: RuntimeWarning: invalid value encountered in scalar divide\n"}
,{"stream_name":"stderr","time":10018.766313095,"data":"  ret = ret.dtype.type(ret / rcount)\n"}
,{"stream_name":"stdout","time":10018.766464014,"data":"未过滤\t未用伪标签：99.98% -\u003e 使用伪标签：100.00%\n"}
,{"stream_name":"stdout","time":10018.766478973,"data":"已过滤\t未用伪标签：99.98% -\u003e 使用伪标签：100.00%\n"}
,{"stream_name":"stdout","time":10018.766484547,"data":"排除样本：2000|6000\t剩余：2000, 2000\n"}
,{"stream_name":"stdout","time":10018.766489804,"data":"增添样本：0\t\t细则：0, 0, 0类型1 正确率： 100.00% -\u003e 1  100.00%, 2    0.00%, 3    0.00%\n"}
,{"stream_name":"stdout","time":10018.76649513,"data":"类型2 正确率： 100.00% -\u003e 1    0.00%, 2  100.00%, 3    0.00%\n"}
,{"stream_name":"stdout","time":10018.766500154,"data":"类型3 正确率： 100.00% -\u003e 1    0.00%, 2    0.00%, 3  100.00%\n"}
,{"stream_name":"stdout","time":10018.766504796,"data":"\n"}
,{"stream_name":"stdout","time":10018.766509488,"data":"被排除样本 正确率：nan%\n"}
,{"stream_name":"stdout","time":10018.766514482,"data":"\n"}
,{"stream_name":"stdout","time":10018.766519205,"data":"\n"}
,{"stream_name":"stdout","time":10032.356771497,"data":"轮次:··6/·20 || c_Loss:0.387 || e_Loss:-1.001 || Aad_Loss:-22.854 || 耗时：35.67s\n"}
,{"stream_name":"stdout","time":10046.191216172,"data":"轮次:··7/·20 || c_Loss:0.387 || e_Loss:-0.983 || Aad_Loss:-23.523 || 耗时：13.83s\n"}
,{"stream_name":"stdout","time":10060.09673378,"data":"轮次:··8/·20 || c_Loss:0.385 || e_Loss:-1.018 || Aad_Loss:-22.658 || 耗时：13.91s\n"}
,{"stream_name":"stdout","time":10073.951842568,"data":"轮次:··9/·20 || c_Loss:0.380 || e_Loss:-0.984 || Aad_Loss:-22.457 || 耗时：13.85s\n"}
,{"stream_name":"stdout","time":10087.742552379,"data":"轮次:·10/·20 || c_Loss:0.384 || e_Loss:-0.980 || Aad_Loss:-23.109 || 耗时：13.79s\n"}
,{"stream_name":"stdout","time":10094.357423798,"data":"任务: (B1)N15_M01_F10→(B2)N15_M07_F10; mix批次:····0; 批次:··940/·1880;  总正确率: 100.00%\n"}
,{"stream_name":"stdout","time":10094.357461648,"data":"类型1 正确率： 100.00% -\u003e 1  100.00%, 2    0.00%, 3    0.00%\n"}
,{"stream_name":"stdout","time":10094.357468879,"data":"类型2 正确率： 100.00% -\u003e 1    0.00%, 2  100.00%, 3    0.00%\n"}
,{"stream_name":"stdout","time":10094.357474627,"data":"类型3 正确率： 100.00% -\u003e 1    0.00%, 2    0.00%, 3  100.00%\n"}
,{"stream_name":"stdout","time":10094.357480352,"data":"\n"}
,{"stream_name":"stdout","time":10094.357485935,"data":"\n"}
,{"stream_name":"stdout","time":10094.402821943,"data":"样本变换：reverse\n"}
,{"stream_name":"stdout","time":10097.900867758,"data":"样本变换：mask\n"}
,{"stream_name":"stdout","time":10101.406524475,"data":"样本变换：shift\n"}
,{"stream_name":"stdout","time":10104.925475842,"data":"样本变换：none\n"}
,{"stream_name":"stderr","time":10109.870762031,"data":"/usr/local/lib/python3.12/dist-packages/numpy/_core/fromnumeric.py:3596: RuntimeWarning: Mean of empty slice.\n"}
,{"stream_name":"stderr","time":10109.870814354,"data":"  return _methods._mean(a, axis=axis, dtype=dtype,\n"}
,{"stream_name":"stderr","time":10109.870819631,"data":"/usr/local/lib/python3.12/dist-packages/numpy/_core/_methods.py:138: RuntimeWarning: invalid value encountered in scalar divide\n"}
,{"stream_name":"stderr","time":10109.870823589,"data":"  ret = ret.dtype.type(ret / rcount)\n"}
,{"stream_name":"stderr","time":10109.871518367,"data":"/kaggle/working/k10/S07/sdalr_PU_final_checkpoint/tools.py:414: RuntimeWarning: Mean of empty slice.\n"}
,{"stream_name":"stderr","time":10109.87153216,"data":"  overall_acc = round(per_class_acc.mean(), 2)\n"}
,{"stream_name":"stderr","time":10109.87153885,"data":"/usr/local/lib/python3.12/dist-packages/numpy/_core/_methods.py:138: RuntimeWarning: invalid value encountered in scalar divide\n"}
,{"stream_name":"stderr","time":10109.871546659,"data":"  ret = ret.dtype.type(ret / rcount)\n"}
,{"stream_name":"stdout","time":10109.87176224,"data":"未过滤\t未用伪标签：100.00% -\u003e 使用伪标签：100.00%\n"}
,{"stream_name":"stdout","time":10109.871777498,"data":"已过滤\t未用伪标签：100.00% -\u003e 使用伪标签：100.00%\n"}
,{"stream_name":"stdout","time":10109.87178318,"data":"排除样本：2000|6000\t剩余：2000, 2000\n"}
,{"stream_name":"stdout","time":10109.871788352,"data":"增添样本：0\t\t细则：0, 0, 0类型1 正确率： 100.00% -\u003e 1  100.00%, 2    0.00%, 3    0.00%\n"}
,{"stream_name":"stdout","time":10109.871794186,"data":"类型2 正确率： 100.00% -\u003e 1    0.00%, 2  100.00%, 3    0.00%\n"}
,{"stream_name":"stdout","time":10109.871801521,"data":"类型3 正确率： 100.00% -\u003e 1    0.00%, 2    0.00%, 3  100.00%\n"}
,{"stream_name":"stdout","time":10109.871809894,"data":"\n"}
,{"stream_name":"stdout","time":10109.871813336,"data":"被排除样本 正确率：nan%\n"}
,{"stream_name":"stdout","time":10109.871816785,"data":"\n"}
,{"stream_name":"stdout","time":10109.87182007,"data":"\n"}
,{"stream_name":"stdout","time":10123.460554178,"data":"轮次:·11/·20 || c_Loss:0.385 || e_Loss:-1.003 || Aad_Loss:-23.172 || 耗时：35.72s\n"}
,{"stream_name":"stdout","time":10137.226146318,"data":"轮次:·12/·20 || c_Loss:0.385 || e_Loss:-0.985 || Aad_Loss:-23.781 || 耗时：13.77s\n"}
,{"stream_name":"stdout","time":10151.086179871,"data":"轮次:·13/·20 || c_Loss:0.383 || e_Loss:-1.017 || Aad_Loss:-22.951 || 耗时：13.86s\n"}
,{"stream_name":"stdout","time":10164.992698114,"data":"轮次:·14/·20 || c_Loss:0.379 || e_Loss:-0.986 || Aad_Loss:-22.752 || 耗时：13.91s\n"}
,{"stream_name":"stdout","time":10178.838137855,"data":"轮次:·15/·20 || c_Loss:0.382 || e_Loss:-0.980 || Aad_Loss:-23.363 || 耗时：13.85s\n"}
,{"stream_name":"stdout","time":10185.488591471,"data":"任务: (B1)N15_M01_F10→(B2)N15_M07_F10; mix批次:····0; 批次:·1410/·1880;  总正确率: 100.00%\n"}
,{"stream_name":"stdout","time":10185.488635756,"data":"类型1 正确率： 100.00% -\u003e 1  100.00%, 2    0.00%, 3    0.00%\n"}
,{"stream_name":"stdout","time":10185.488641238,"data":"类型2 正确率： 100.00% -\u003e 1    0.00%, 2  100.00%, 3    0.00%\n"}
,{"stream_name":"stdout","time":10185.488644772,"data":"类型3 正确率： 100.00% -\u003e 1    0.00%, 2    0.00%, 3  100.00%\n"}
,{"stream_name":"stdout","time":10185.488661215,"data":"\n"}
,{"stream_name":"stdout","time":10185.488663726,"data":"\n"}
,{"stream_name":"stdout","time":10185.531564539,"data":"样本变换：reverse\n"}
,{"stream_name":"stdout","time":10189.054906582,"data":"样本变换：mask\n"}
,{"stream_name":"stdout","time":10192.611782993,"data":"样本变换：shift\n"}
,{"stream_name":"stdout","time":10196.154793094,"data":"样本变换：none\n"}
,{"stream_name":"stderr","time":10201.094588466,"data":"/usr/local/lib/python3.12/dist-packages/numpy/_core/fromnumeric.py:3596: RuntimeWarning: Mean of empty slice.\n"}
,{"stream_name":"stderr","time":10201.094627538,"data":"  return _methods._mean(a, axis=axis, dtype=dtype,\n"}
,{"stream_name":"stderr","time":10201.094641433,"data":"/usr/local/lib/python3.12/dist-packages/numpy/_core/_methods.py:138: RuntimeWarning: invalid value encountered in scalar divide\n"}
,{"stream_name":"stderr","time":10201.09464558,"data":"  ret = ret.dtype.type(ret / rcount)\n"}
,{"stream_name":"stderr","time":10201.09543406,"data":"/kaggle/working/k10/S07/sdalr_PU_final_checkpoint/tools.py:414: RuntimeWarning: Mean of empty slice.\n"}
,{"stream_name":"stderr","time":10201.095458867,"data":"  overall_acc = round(per_class_acc.mean(), 2)\n"}
,{"stream_name":"stderr","time":10201.095463155,"data":"/usr/local/lib/python3.12/dist-packages/numpy/_core/_methods.py:138: RuntimeWarning: invalid value encountered in scalar divide\n"}
,{"stream_name":"stderr","time":10201.09546672,"data":"  ret = ret.dtype.type(ret / rcount)\n"}
,{"stream_name":"stdout","time":10201.095666817,"data":"未过滤\t未用伪标签：100.00% -\u003e 使用伪标签：100.00%\n"}
,{"stream_name":"stdout","time":10201.095680488,"data":"已过滤\t未用伪标签：100.00% -\u003e 使用伪标签：100.00%\n"}
,{"stream_name":"stdout","time":10201.095688259,"data":"排除样本：2000|6000\t剩余：2000, 2000\n"}
,{"stream_name":"stdout","time":10201.095691547,"data":"增添样本：0\t\t细则：0, 0, 0类型1 正确率： 100.00% -\u003e 1  100.00%, 2    0.00%, 3    0.00%\n"}
,{"stream_name":"stdout","time":10201.095695047,"data":"类型2 正确率： 100.00% -\u003e 1    0.00%, 2  100.00%, 3    0.00%\n"}
,{"stream_name":"stdout","time":10201.095698439,"data":"类型3 正确率： 100.00% -\u003e 1    0.00%, 2    0.00%, 3  100.00%\n"}
,{"stream_name":"stdout","time":10201.095703364,"data":"\n"}
,{"stream_name":"stdout","time":10201.095706643,"data":"被排除样本 正确率：nan%\n"}
,{"stream_name":"stdout","time":10201.095710331,"data":"\n"}
,{"stream_name":"stdout","time":10201.095713284,"data":"\n"}
,{"stream_name":"stdout","time":10214.77799172,"data":"轮次:·16/·20 || c_Loss:0.384 || e_Loss:-1.004 || Aad_Loss:-23.330 || 耗时：35.94s\n"}
,{"stream_name":"stdout","time":10228.582563126,"data":"轮次:·17/·20 || c_Loss:0.384 || e_Loss:-0.986 || Aad_Loss:-23.914 || 耗时：13.80s\n"}
,{"stream_name":"stdout","time":10242.361838669,"data":"轮次:·18/·20 || c_Loss:0.382 || e_Loss:-1.017 || Aad_Loss:-23.113 || 耗时：13.78s\n"}
,{"stream_name":"stdout","time":10256.150529967,"data":"轮次:·19/·20 || c_Loss:0.379 || e_Loss:-0.988 || Aad_Loss:-22.937 || 耗时：13.79s\n"}
,{"stream_name":"stdout","time":10269.896261794,"data":"轮次:·20/·20 || c_Loss:0.382 || e_Loss:-0.979 || Aad_Loss:-23.526 || 耗时：13.75s\n"}
,{"stream_name":"stdout","time":10276.470846573,"data":"任务: (B1)N15_M01_F10→(B2)N15_M07_F10; mix批次:····0; 批次:·1880/·1880;  总正确率: 100.00%\n"}
,{"stream_name":"stdout","time":10276.470887004,"data":"类型1 正确率： 100.00% -\u003e 1  100.00%, 2    0.00%, 3    0.00%\n"}
,{"stream_name":"stdout","time":10276.470921343,"data":"类型2 正确率： 100.00% -\u003e 1    0.00%, 2  100.00%, 3    0.00%\n"}
,{"stream_name":"stdout","time":10276.470926807,"data":"类型3 正确率： 100.00% -\u003e 1    0.00%, 2    0.00%, 3  100.00%\n"}
,{"stream_name":"stdout","time":10276.470930587,"data":"\n"}
,{"stream_name":"stdout","time":10276.470933838,"data":"\n"}
,{"stream_name":"stdout","time":10283.02215789,"data":"测试集任务: (B1)N15_M01_F10→(B2)N15_M07_F10; 总正确率 = 100.00%\n"}
,{"stream_name":"stdout","time":10283.022199381,"data":"类型1 正确率： 100.00% -\u003e 1  100.00%, 2    0.00%, 3    0.00%\n"}
,{"stream_name":"stdout","time":10283.022204795,"data":"类型2 正确率： 100.00% -\u003e 1    0.00%, 2  100.00%, 3    0.00%\n"}
,{"stream_name":"stdout","time":10283.022208548,"data":"类型3 正确率： 100.00% -\u003e 1    0.00%, 2    0.00%, 3  100.00%\n"}
,{"stream_name":"stdout","time":10283.02222496,"data":"\n"}
,{"stream_name":"stdout","time":10283.022230623,"data":"\n"}
,{"stream_name":"stdout","time":10283.044410726,"data":"[tar_adaptation_RES_PU.py --folder_root /kaggle/working/k10/S07/sdalr_PU_final_checkpoint/DATA_foldS07 --seed 2024 --class_num 3 --data_name PU_M1_L3 --output /kaggle/working/k10/S07/weight_PU_M1_final_checkpoint_FS07toS07_s2024 --s 0 --t 1 --lr 0.0005 --threshold 0.4 --K 0.6] 383s\n"}
,{"stream_name":"stdout","time":10283.072123762,"data":"读取源域路径：/kaggle/working/k10/S07/weight_PU_M1_final_checkpoint_FS07toS07_s2024/NEW_PU/Source-源域/log\u0026pt/(B1)N15_M01_F10\n"}
,{"stream_name":"stdout","time":10283.072162238,"data":"excel输出位置：/kaggle/working/k10/S07/weight_PU_M1_final_checkpoint_FS07toS07_s2024/NEW_PU/Target-目标域\n"}
,{"stream_name":"stdout","time":10283.07223714,"data":"特征图片输出位置：/kaggle/working/k10/S07/weight_PU_M1_final_checkpoint_FS07toS07_s2024/NEW_PU/Picture-特征图/2026年09月19日05时56分/(B1)N15_M01_F10\n"}
,{"stream_name":"stderr","time":10283.107404596,"data":"/usr/local/lib/python3.12/dist-packages/torch/nn/utils/weight_norm.py:144: FutureWarning: `torch.nn.utils.weight_norm` is deprecated in favor of `torch.nn.utils.parametrizations.weight_norm`.\n"}
,{"stream_name":"stderr","time":10283.10748358,"data":"  WeightNorm.apply(module, name, dim)\n"}
,{"stream_name":"stdout","time":10283.149664555,"data":"现在选取:(B1)N15_M01_F10 进行训练的源模型\n"}
,{"stream_name":"stdout","time":10283.149704999,"data":"现在进行：(B1)N15_M01_F10→(B3)N15_M07_F04 的迁移任务\n"}
,{"stream_name":"stdout","time":10283.149709934,"data":"log\u0026pt输出位置：/kaggle/working/k10/S07/weight_PU_M1_final_checkpoint_FS07toS07_s2024/NEW_PU/Target-目标域/log\u0026pt/(B1)N15_M01_F10→(B3)N15_M07_F04\n"}
,{"stream_name":"stderr","time":10283.150976101,"data":"sh: 1: Syntax error: word unexpected (expecting \")\")\n"}
,{"stream_name":"stdout","time":10294.858599355,"data":"任务: (B1)N15_M01_F10→(B3)N15_M07_F04; 批次:····0/·1880;  总正确率: 92.13%\n"}
,{"stream_name":"stdout","time":10294.858645984,"data":"类型1 正确率： 100.00% -\u003e 1  100.00%, 2    0.00%, 3    0.00%\n"}
,{"stream_name":"stdout","time":10294.858654751,"data":"类型2 正确率：  95.00% -\u003e 1    0.00%, 2   95.45%, 3    4.55%\n"}
,{"stream_name":"stdout","time":10294.858661468,"data":"类型3 正确率：  81.00% -\u003e 1    0.05%, 2   19.00%, 3   80.95%\n"}
,{"stream_name":"stdout","time":10294.858667941,"data":"\n"}
,{"stream_name":"stdout","time":10294.858673727,"data":"\n"}
,{"stream_name":"stdout","time":10294.859318903,"data":"样本变换：reverse\n"}
,{"stream_name":"stdout","time":10298.330976198,"data":"样本变换：mask\n"}
,{"stream_name":"stdout","time":10301.838822762,"data":"样本变换：shift\n"}
,{"stream_name":"stdout","time":10305.367832136,"data":"样本变换：none\n"}
,{"stream_name":"stdout","time":10310.255094643,"data":"未过滤\t未用伪标签：92.13% -\u003e 使用伪标签：95.85%\n"}
,{"stream_name":"stdout","time":10310.255134759,"data":"已过滤\t未用伪标签：92.65% -\u003e 使用伪标签：96.51%\n"}
,{"stream_name":"stdout","time":10310.255142539,"data":"排除样本：41|6000\t剩余：2000, 1965, 1994\n"}
,{"stream_name":"stdout","time":10310.255148886,"data":"增添样本：41\t\t细则：0, 35, 6\t正确率估算：97.56%\n"}
,{"stream_name":"stdout","time":10310.255155576,"data":"类型1 正确率： 100.00% -\u003e 1  100.00%, 2    0.00%, 3    0.00%\n"}
,{"stream_name":"stdout","time":10310.255161752,"data":"类型2 正确率：  94.00% -\u003e 1    0.00%, 2   94.08%, 3    5.92%\n"}
,{"stream_name":"stdout","time":10310.25516779,"data":"类型3 正确率：  95.00% -\u003e 1    0.00%, 2    4.58%, 3   95.42%\n"}
,{"stream_name":"stdout","time":10310.255174008,"data":"\n"}
,{"stream_name":"stdout","time":10310.255179745,"data":"被排除样本 正确率：17.07%\n"}
,{"stream_name":"stdout","time":10310.255185981,"data":"类型1 正确率： 100.00% -\u003e 1  100.00%, 2    0.00%\n"}
,{"stream_name":"stdout","time":10310.255192515,"data":"类型2 正确率：   0.00% -\u003e 1  100.00%, 2    0.00%\n"}
,{"stream_name":"stdout","time":10310.25519871,"data":"\n"}
,{"stream_name":"stdout","time":10310.255204508,"data":"\n"}
,{"stream_name":"stdout","time":10324.061313126,"data":"轮次:··1/·20 || c_Loss:0.571 || e_Loss:-1.033 || Aad_Loss:-24.684 || 耗时：35.60s\n"}
,{"stream_name":"stdout","time":10337.968063041,"data":"轮次:··2/·20 || c_Loss:0.428 || e_Loss:-0.906 || Aad_Loss:-28.212 || 耗时：13.91s\n"}
,{"stream_name":"stdout","time":10351.74570455,"data":"轮次:··3/·20 || c_Loss:0.401 || e_Loss:-0.962 || Aad_Loss:-27.830 || 耗时：13.78s\n"}
,{"stream_name":"stdout","time":10365.455973067,"data":"轮次:··4/·20 || c_Loss:0.382 || e_Loss:-1.717 || Aad_Loss:-28.031 || 耗时：13.71s\n"}
,{"stream_name":"stdout","time":10379.091736473,"data":"轮次:··5/·20 || c_Loss:0.363 || e_Loss:-0.971 || Aad_Loss:-29.305 || 耗时：13.64s\n"}
,{"stream_name":"stdout","time":10385.712780676,"data":"任务: (B1)N15_M01_F10→(B3)N15_M07_F04; mix批次:····0; 批次:··470/·1880;  总正确率: 97.58%\n"}
,{"stream_name":"stdout","time":10385.712819775,"data":"类型1 正确率： 100.00% -\u003e 1  100.00%, 2    0.00%, 3    0.00%\n"}
,{"stream_name":"stdout","time":10385.712827058,"data":"类型2 正确率：  94.00% -\u003e 1    0.00%, 2   93.60%, 3    6.40%\n"}
,{"stream_name":"stdout","time":10385.712832883,"data":"类型3 正确率：  99.00% -\u003e 1    0.00%, 2    0.85%, 3   99.15%\n"}
,{"stream_name":"stdout","time":10385.712838637,"data":"\n"}
,{"stream_name":"stdout","time":10385.712843802,"data":"\n"}
,{"stream_name":"stdout","time":10385.745282712,"data":"样本变换：reverse\n"}
,{"stream_name":"stdout","time":10389.2609995,"data":"样本变换：mask\n"}
,{"stream_name":"stdout","time":10392.821841865,"data":"样本变换：shift\n"}
,{"stream_name":"stdout","time":10396.369880456,"data":"样本变换：none\n"}
,{"stream_name":"stdout","time":10401.567004199,"data":"未过滤\t未用伪标签：97.58% -\u003e 使用伪标签：96.88%\n"}
,{"stream_name":"stdout","time":10401.567060971,"data":"已过滤\t未用伪标签：97.60% -\u003e 使用伪标签：97.00%\n"}
,{"stream_name":"stdout","time":10401.567068775,"data":"排除样本：7|6000\t剩余：2000, 1822, 2171\n"}
,{"stream_name":"stdout","time":10401.567074533,"data":"增添样本：520\t\t细则：171, 349, 0\t正确率估算：100.00%\n"}
,{"stream_name":"stdout","time":10401.567100423,"data":"类型1 正确率： 100.00% -\u003e 1  100.00%, 2    0.00%, 3    0.00%\n"}
,{"stream_name":"stdout","time":10401.567103809,"data":"类型2 正确率：  91.00% -\u003e 1    0.00%, 2   91.17%, 3    8.83%\n"}
,{"stream_name":"stdout","time":10401.567106711,"data":"类型3 正确率： 100.00% -\u003e 1    0.00%, 2    0.20%, 3   99.80%\n"}
,{"stream_name":"stdout","time":10401.567109437,"data":"\n"}
,{"stream_name":"stdout","time":10401.567111829,"data":"被排除样本 正确率：85.71%\n"}
,{"stream_name":"stdout","time":10401.567114313,"data":"类型1 正确率： 100.00% -\u003e 1  100.00%, 2    0.00%\n"}
,{"stream_name":"stdout","time":10401.567116957,"data":"类型2 正确率：   0.00% -\u003e 1  100.00%, 2    0.00%\n"}
,{"stream_name":"stdout","time":10401.567119569,"data":"\n"}
,{"stream_name":"stdout","time":10401.567122428,"data":"\n"}
,{"stream_name":"stdout","time":10415.309717666,"data":"轮次:··6/·20 || c_Loss:0.388 || e_Loss:-0.953 || Aad_Loss:-28.876 || 耗时：36.22s\n"}
,{"stream_name":"stdout","time":10429.189556386,"data":"轮次:··7/·20 || c_Loss:0.406 || e_Loss:-1.520 || Aad_Loss:-29.809 || 耗时：13.88s\n"}
,{"stream_name":"stdout","time":10443.059108934,"data":"轮次:··8/·20 || c_Loss:0.382 || e_Loss:-1.004 || Aad_Loss:-29.790 || 耗时：13.87s\n"}
,{"stream_name":"stdout","time":10456.86409967,"data":"轮次:··9/·20 || c_Loss:0.384 || e_Loss:-0.999 || Aad_Loss:-30.477 || 耗时：13.80s\n"}
,{"stream_name":"stdout","time":10470.637977179,"data":"轮次:·10/·20 || c_Loss:0.390 || e_Loss:-0.918 || Aad_Loss:-32.690 || 耗时：13.77s\n"}
,{"stream_name":"stdout","time":10477.270324716,"data":"任务: (B1)N15_M01_F10→(B3)N15_M07_F04; mix批次:····0; 批次:··940/·1880;  总正确率: 96.90%\n"}
,{"stream_name":"stdout","time":10477.270370531,"data":"类型1 正确率： 100.00% -\u003e 1  100.00%, 2    0.00%, 3    0.00%\n"}
,{"stream_name":"stdout","time":10477.270377064,"data":"类型2 正确率：  91.00% -\u003e 1    0.00%, 2   90.85%, 3    9.15%\n"}
,{"stream_name":"stdout","time":10477.270380816,"data":"类型3 正确率： 100.00% -\u003e 1    0.00%, 2    0.15%, 3   99.85%\n"}
,{"stream_name":"stdout","time":10477.270384398,"data":"\n"}
,{"stream_name":"stdout","time":10477.270387555,"data":"\n"}
,{"stream_name":"stdout","time":10477.313012869,"data":"样本变换：reverse\n"}
,{"stream_name":"stdout","time":10480.817909376,"data":"样本变换：mask\n"}
,{"stream_name":"stdout","time":10484.348939223,"data":"样本变换：shift\n"}
,{"stream_name":"stdout","time":10487.856799786,"data":"样本变换：none\n"}
,{"stream_name":"stderr","time":10493.103885524,"data":"/usr/local/lib/python3.12/dist-packages/sklearn/metrics/_classification.py:407: UserWarning: A single label was found in 'y_true' and 'y_pred'. For the confusion matrix to have the correct shape, use the 'labels' parameter to pass all known labels.\n"}
,{"stream_name":"stderr","time":10493.103926245,"data":"  warnings.warn(\n"}
,{"stream_name":"stdout","time":10493.103997338,"data":"未过滤\t未用伪标签：96.90% -\u003e 使用伪标签：96.77%\n"}
,{"stream_name":"stdout","time":10493.104025488,"data":"已过滤\t未用伪标签：96.90% -\u003e 使用伪标签：96.78%\n"}
,{"stream_name":"stdout","time":10493.104031704,"data":"排除样本：1|6000\t剩余：2000, 1808, 2191\n"}
,{"stream_name":"stdout","time":10493.10403681,"data":"增添样本：574\t\t细则：191, 383, 0\t正确率估算：100.00%\n"}
,{"stream_name":"stdout","time":10493.104042024,"data":"类型1 正确率： 100.00% -\u003e 1  100.00%, 2    0.00%, 3    0.00%\n"}
,{"stream_name":"stdout","time":10493.104052592,"data":"类型2 正确率：  90.00% -\u003e 1    0.00%, 2   90.40%, 3    9.60%\n"}
,{"stream_name":"stdout","time":10493.104068271,"data":"类型3 正确率： 100.00% -\u003e 1    0.00%, 2    0.05%, 3   99.95%\n"}
,{"stream_name":"stdout","time":10493.104070968,"data":"\n"}
,{"stream_name":"stdout","time":10493.104073355,"data":"被排除样本 正确率：100.00%\n"}
,{"stream_name":"stdout","time":10493.104075812,"data":"类型1 正确率： 100.00% -\u003e 1  100.00%\n"}
,{"stream_name":"stdout","time":10493.104078535,"data":"\n"}
,{"stream_name":"stdout","time":10493.104080857,"data":"\n"}
,{"stream_name":"stdout","time":10506.70088329,"data":"轮次:·11/·20 || c_Loss:0.392 || e_Loss:-0.986 || Aad_Loss:-29.662 || 耗时：36.06s\n"}
,{"stream_name":"stdout","time":10520.552194457,"data":"轮次:·12/·20 || c_Loss:0.396 || e_Loss:-0.984 || Aad_Loss:-31.475 || 耗时：13.85s\n"}
,{"stream_name":"stdout","time":10534.455846852,"data":"轮次:·13/·20 || c_Loss:0.388 || e_Loss:-1.004 || Aad_Loss:-31.332 || 耗时：13.90s\n"}
,{"stream_name":"stdout","time":10548.315740278,"data":"轮次:·14/·20 || c_Loss:0.388 || e_Loss:-1.025 || Aad_Loss:-30.854 || 耗时：13.86s\n"}
,{"stream_name":"stdout","time":10562.09070208,"data":"轮次:·15/·20 || c_Loss:0.391 || e_Loss:-0.979 || Aad_Loss:-30.750 || 耗时：13.77s\n"}
,{"stream_name":"stdout","time":10568.72398438,"data":"任务: (B1)N15_M01_F10→(B3)N15_M07_F04; mix批次:····0; 批次:·1410/·1880;  总正确率: 96.83%\n"}
,{"stream_name":"stdout","time":10568.724028662,"data":"类型1 正确率： 100.00% -\u003e 1  100.00%, 2    0.00%, 3    0.00%\n"}
,{"stream_name":"stdout","time":10568.724036088,"data":"类型2 正确率：  91.00% -\u003e 1    0.00%, 2   90.65%, 3    9.35%\n"}
,{"stream_name":"stdout","time":10568.724042257,"data":"类型3 正确率： 100.00% -\u003e 1    0.00%, 2    0.15%, 3   99.85%\n"}
,{"stream_name":"stdout","time":10568.724048236,"data":"\n"}
,{"stream_name":"stdout","time":10568.72405369,"data":"\n"}
,{"stream_name":"stdout","time":10568.767388469,"data":"样本变换：reverse\n"}
,{"stream_name":"stdout","time":10572.283009632,"data":"样本变换：mask\n"}
,{"stream_name":"stdout","time":10575.815798044,"data":"样本变换：shift\n"}
,{"stream_name":"stdout","time":10579.322855946,"data":"样本变换：none\n"}
,{"stream_name":"stderr","time":10584.48946617,"data":"/usr/local/lib/python3.12/dist-packages/sklearn/metrics/_classification.py:407: UserWarning: A single label was found in 'y_true' and 'y_pred'. For the confusion matrix to have the correct shape, use the 'labels' parameter to pass all known labels.\n"}
,{"stream_name":"stderr","time":10584.489509501,"data":"  warnings.warn(\n"}
,{"stream_name":"stdout","time":10584.489486009,"data":"未过滤\t未用伪标签：96.83% -\u003e 使用伪标签：96.70%\n"}
,{"stream_name":"stdout","time":10584.489523613,"data":"已过滤\t未用伪标签：96.83% -\u003e 使用伪标签：96.72%\n"}
,{"stream_name":"stdout","time":10584.489531067,"data":"排除样本：1|6000\t剩余：2000, 1804, 2195\n"}
,{"stream_name":"stdout","time":10584.489540022,"data":"增添样本：586\t\t细则：195, 391, 0\t正确率估算：100.00%\n"}
,{"stream_name":"stdout","time":10584.489543639,"data":"类型1 正确率： 100.00% -\u003e 1  100.00%, 2    0.00%, 3    0.00%\n"}
,{"stream_name":"stdout","time":10584.489547047,"data":"类型2 正确率：  90.00% -\u003e 1    0.00%, 2   90.20%, 3    9.80%\n"}
,{"stream_name":"stdout","time":10584.489550636,"data":"类型3 正确率： 100.00% -\u003e 1    0.00%, 2    0.05%, 3   99.95%\n"}
,{"stream_name":"stdout","time":10584.489553978,"data":"\n"}
,{"stream_name":"stdout","time":10584.489557119,"data":"被排除样本 正确率：100.00%\n"}
,{"stream_name":"stdout","time":10584.489575263,"data":"类型1 正确率： 100.00% -\u003e 1  100.00%\n"}
,{"stream_name":"stdout","time":10584.489578079,"data":"\n"}
,{"stream_name":"stdout","time":10584.489580419,"data":"\n"}
,{"stream_name":"stdout","time":10598.078972528,"data":"轮次:·16/·20 || c_Loss:0.387 || e_Loss:-1.022 || Aad_Loss:-30.809 || 耗时：35.99s\n"}
,{"stream_name":"stdout","time":10611.848899758,"data":"轮次:·17/·20 || c_Loss:0.386 || e_Loss:-1.007 || Aad_Loss:-30.147 || 耗时：13.77s\n"}
,{"stream_name":"stdout","time":10625.658093782,"data":"轮次:·18/·20 || c_Loss:0.383 || e_Loss:-0.999 || Aad_Loss:-29.974 || 耗时：13.81s\n"}
,{"stream_name":"stdout","time":10639.541944938,"data":"轮次:·19/·20 || c_Loss:0.388 || e_Loss:-0.999 || Aad_Loss:-30.475 || 耗时：13.88s\n"}
,{"stream_name":"stdout","time":10653.443720398,"data":"轮次:·20/·20 || c_Loss:0.389 || e_Loss:-1.006 || Aad_Loss:-30.561 || 耗时：13.90s\n"}
,{"stream_name":"stdout","time":10660.150551083,"data":"任务: (B1)N15_M01_F10→(B3)N15_M07_F04; mix批次:····0; 批次:·1880/·1880;  总正确率: 96.70%\n"}
,{"stream_name":"stdout","time":10660.150613074,"data":"类型1 正确率： 100.00% -\u003e 1  100.00%, 2    0.00%, 3    0.00%\n"}
,{"stream_name":"stdout","time":10660.150621985,"data":"类型2 正确率：  90.00% -\u003e 1    0.00%, 2   90.15%, 3    9.85%\n"}
,{"stream_name":"stdout","time":10660.150629315,"data":"类型3 正确率： 100.00% -\u003e 1    0.00%, 2    0.05%, 3   99.95%\n"}
,{"stream_name":"stdout","time":10660.150635079,"data":"\n"}
,{"stream_name":"stdout","time":10660.150639973,"data":"\n"}
,{"stream_name":"stdout","time":10666.817940791,"data":"测试集任务: (B1)N15_M01_F10→(B3)N15_M07_F04; 总正确率 = 96.70%\n"}
,{"stream_name":"stdout","time":10666.817981692,"data":"类型1 正确率： 100.00% -\u003e 1  100.00%, 2    0.00%, 3    0.00%\n"}
,{"stream_name":"stdout","time":10666.81798853,"data":"类型2 正确率：  90.00% -\u003e 1    0.00%, 2   90.15%, 3    9.85%\n"}
,{"stream_name":"stdout","time":10666.817997784,"data":"类型3 正确率： 100.00% -\u003e 1    0.00%, 2    0.05%, 3   99.95%\n"}
,{"stream_name":"stdout","time":10666.818001706,"data":"\n"}
,{"stream_name":"stdout","time":10666.8180049,"data":"\n"}
,{"stream_name":"stdout","time":10666.842329481,"data":"[tar_adaptation_RES_PU.py --folder_root /kaggle/working/k10/S07/sdalr_PU_final_checkpoint/DATA_foldS07 --seed 2024 --class_num 3 --data_name PU_M1_L3 --output /kaggle/working/k10/S07/weight_PU_M1_final_checkpoint_FS07toS07_s2024 --s 0 --t 2 --lr 0.0005 --threshold 0.4 --K 0.6] 384s\n"}
,{"stream_name":"stdout","time":10666.870336647,"data":"读取源域路径：/kaggle/working/k10/S07/weight_PU_M1_final_checkpoint_FS07toS07_s2024/NEW_PU/Source-源域/log\u0026pt/(B2)N15_M07_F10\n"}
,{"stream_name":"stdout","time":10666.870364537,"data":"excel输出位置：/kaggle/working/k10/S07/weight_PU_M1_final_checkpoint_FS07toS07_s2024/NEW_PU/Target-目标域\n"}
,{"stream_name":"stdout","time":10666.870375327,"data":"特征图片输出位置：/kaggle/working/k10/S07/weight_PU_M1_final_checkpoint_FS07toS07_s2024/NEW_PU/Picture-特征图/2026年09月19日06时02分/(B2)N15_M07_F10\n"}
,{"stream_name":"stderr","time":10666.906949741,"data":"/usr/local/lib/python3.12/dist-packages/torch/nn/utils/weight_norm.py:144: FutureWarning: `torch.nn.utils.weight_norm` is deprecated in favor of `torch.nn.utils.parametrizations.weight_norm`.\n"}
,{"stream_name":"stderr","time":10666.906986476,"data":"  WeightNorm.apply(module, name, dim)\n"}
,{"stream_name":"stdout","time":10666.945109337,"data":"现在选取:(B2)N15_M07_F10 进行训练的源模型\n"}
,{"stream_name":"stdout","time":10666.94513801,"data":"现在进行：(B2)N15_M07_F10→(B1)N15_M01_F10 的迁移任务\n"}
,{"stream_name":"stdout","time":10666.945161777,"data":"log\u0026pt输出位置：/kaggle/working/k10/S07/weight_PU_M1_final_checkpoint_FS07toS07_s2024/NEW_PU/Target-目标域/log\u0026pt/(B2)N15_M07_F10→(B1)N15_M01_F10\n"}
,{"stream_name":"stderr","time":10666.946588867,"data":"sh: 1: Syntax error: word unexpected (expecting \")\")\n"}
,{"stream_name":"stdout","time":10678.824652573,"data":"任务: (B2)N15_M07_F10→(B1)N15_M01_F10; 批次:····0/·1880;  总正确率: 99.95%\n"}
,{"stream_name":"stdout","time":10678.824711225,"data":"类型1 正确率： 100.00% -\u003e 1  100.00%, 2    0.00%, 3    0.00%\n"}
,{"stream_name":"stdout","time":10678.824719769,"data":"类型2 正确率： 100.00% -\u003e 1    0.15%, 2   99.85%, 3    0.00%\n"}
,{"stream_name":"stdout","time":10678.824725735,"data":"类型3 正确率： 100.00% -\u003e 1    0.00%, 2    0.00%, 3  100.00%\n"}
,{"stream_name":"stdout","time":10678.82473139,"data":"\n"}
,{"stream_name":"stdout","time":10678.824736332,"data":"\n"}
,{"stream_name":"stdout","time":10678.825353132,"data":"样本变换：reverse\n"}
,{"stream_name":"stdout","time":10682.299886491,"data":"样本变换：mask\n"}
,{"stream_name":"stdout","time":10685.780833185,"data":"样本变换：shift\n"}
,{"stream_name":"stdout","time":10689.266352918,"data":"样本变换：none\n"}
,{"stream_name":"stderr","time":10694.129489348,"data":"/kaggle/working/k10/S07/sdalr_PU_final_checkpoint/tools.py:413: RuntimeWarning: invalid value encountered in divide\n"}
,{"stream_name":"stderr","time":10694.129533099,"data":"  per_class_acc = conf_matrix.diagonal() / conf_matrix.sum(axis=1) * 100\n"}
,{"stream_name":"stdout","time":10694.129908269,"data":"未过滤\t未用伪标签：99.95% -\u003e 使用伪标签：99.95%\n"}
,{"stream_name":"stdout","time":10694.1299237,"data":"已过滤\t未用伪标签：99.97% -\u003e 使用伪标签：99.97%\n"}
,{"stream_name":"stdout","time":10694.129930431,"data":"排除样本：1|6000\t剩余：2002, 1997, 2000\n"}
,{"stream_name":"stdout","time":10694.129936181,"data":"增添样本：7\t\t细则：0, 5, 2\t正确率估算：100.00%\n"}
,{"stream_name":"stdout","time":10694.12994182,"data":"类型1 正确率： 100.00% -\u003e 1  100.00%, 2    0.00%, 3    0.00%\n"}
,{"stream_name":"stdout","time":10694.129947497,"data":"类型2 正确率： 100.00% -\u003e 1    0.10%, 2   99.90%, 3    0.00%\n"}
,{"stream_name":"stdout","time":10694.1299523,"data":"类型3 正确率： 100.00% -\u003e 1    0.00%, 2    0.00%, 3  100.00%\n"}
,{"stream_name":"stdout","time":10694.129957095,"data":"\n"}
,{"stream_name":"stdout","time":10694.129961616,"data":"被排除样本 正确率：0.00%\n"}
,{"stream_name":"stdout","time":10694.129966161,"data":"类型1 没有样本或未被分类。\n"}
,{"stream_name":"stdout","time":10694.129975949,"data":"类型2 正确率：   0.00% -\u003e 1  100.00%, 2    0.00%\n"}
,{"stream_name":"stdout","time":10694.129979969,"data":"\n"}
,{"stream_name":"stdout","time":10694.129983158,"data":"\n"}
,{"stream_name":"stdout","time":10707.856243434,"data":"轮次:··1/·20 || c_Loss:0.580 || e_Loss:-1.047 || Aad_Loss:-23.179 || 耗时：35.46s\n"}
,{"stream_name":"stdout","time":10721.881270017,"data":"轮次:··2/·20 || c_Loss:0.439 || e_Loss:-1.044 || Aad_Loss:-24.237 || 耗时：14.02s\n"}
,{"stream_name":"stdout","time":10735.792894302,"data":"轮次:··3/·20 || c_Loss:0.431 || e_Loss:-1.007 || Aad_Loss:-24.637 || 耗时：13.91s\n"}
,{"stream_name":"stdout","time":10749.538721911,"data":"轮次:··4/·20 || c_Loss:0.386 || e_Loss:-1.025 || Aad_Loss:-25.691 || 耗时：13.75s\n"}
,{"stream_name":"stdout","time":10763.247897029,"data":"轮次:··5/·20 || c_Loss:0.386 || e_Loss:-0.955 || Aad_Loss:-26.212 || 耗时：13.71s\n"}
,{"stream_name":"stdout","time":10769.862818457,"data":"任务: (B2)N15_M07_F10→(B1)N15_M01_F10; mix批次:····0; 批次:··470/·1880;  总正确率: 99.98%\n"}
,{"stream_name":"stdout","time":10769.862865186,"data":"类型1 正确率： 100.00% -\u003e 1   99.95%, 2    0.05%, 3    0.00%\n"}
,{"stream_name":"stdout","time":10769.86289891,"data":"类型2 正确率： 100.00% -\u003e 1    0.00%, 2  100.00%, 3    0.00%\n"}
,{"stream_name":"stdout","time":10769.862905216,"data":"类型3 正确率： 100.00% -\u003e 1    0.00%, 2    0.00%, 3  100.00%\n"}
,{"stream_name":"stdout","time":10769.862911056,"data":"\n"}
,{"stream_name":"stdout","time":10769.862916045,"data":"\n"}
,{"stream_name":"stdout","time":10769.896226717,"data":"样本变换：reverse\n"}
,{"stream_name":"stdout","time":10773.423832596,"data":"样本变换：mask\n"}
,{"stream_name":"stdout","time":10776.938549099,"data":"样本变换：shift\n"}
,{"stream_name":"stdout","time":10780.461832662,"data":"样本变换：none\n"}
,{"stream_name":"stderr","time":10785.304376229,"data":"/usr/local/lib/python3.12/dist-packages/numpy/_core/fromnumeric.py:3596: RuntimeWarning: Mean of empty slice.\n"}
,{"stream_name":"stderr","time":10785.304438445,"data":"  return _methods._mean(a, axis=axis, dtype=dtype,\n"}
,{"stream_name":"stderr","time":10785.304445309,"data":"/usr/local/lib/python3.12/dist-packages/numpy/_core/_methods.py:138: RuntimeWarning: invalid value encountered in scalar divide\n"}
,{"stream_name":"stderr","time":10785.304452525,"data":"  ret = ret.dtype.type(ret / rcount)\n"}
,{"stream_name":"stderr","time":10785.305281334,"data":"/kaggle/working/k10/S07/sdalr_PU_final_checkpoint/tools.py:414: RuntimeWarning: Mean of empty slice.\n"}
,{"stream_name":"stderr","time":10785.305300007,"data":"  overall_acc = round(per_class_acc.mean(), 2)\n"}
,{"stream_name":"stderr","time":10785.305303718,"data":"/usr/local/lib/python3.12/dist-packages/numpy/_core/_methods.py:138: RuntimeWarning: invalid value encountered in scalar divide\n"}
,{"stream_name":"stderr","time":10785.30530721,"data":"  ret = ret.dtype.type(ret / rcount)\n"}
,{"stream_name":"stdout","time":10785.30549227,"data":"未过滤\t未用伪标签：99.98% -\u003e 使用伪标签：100.00%\n"}
,{"stream_name":"stdout","time":10785.305505737,"data":"已过滤\t未用伪标签：99.98% -\u003e 使用伪标签：100.00%\n"}
,{"stream_name":"stdout","time":10785.305511539,"data":"排除样本：2000|6000\t剩余：2000, 2000\n"}
,{"stream_name":"stdout","time":10785.305516473,"data":"增添样本：0\t\t细则：0, 0, 0类型1 正确率： 100.00% -\u003e 1  100.00%, 2    0.00%, 3    0.00%\n"}
,{"stream_name":"stdout","time":10785.305521829,"data":"类型2 正确率： 100.00% -\u003e 1    0.00%, 2  100.00%, 3    0.00%\n"}
,{"stream_name":"stdout","time":10785.305526684,"data":"类型3 正确率： 100.00% -\u003e 1    0.00%, 2    0.00%, 3  100.00%\n"}
,{"stream_name":"stdout","time":10785.305531743,"data":"\n"}
,{"stream_name":"stdout","time":10785.305536185,"data":"被排除样本 正确率：nan%\n"}
,{"stream_name":"stdout","time":10785.305541103,"data":"\n"}
,{"stream_name":"stdout","time":10785.305546214,"data":"\n"}
,{"stream_name":"stdout","time":10798.977646281,"data":"轮次:··6/·20 || c_Loss:0.385 || e_Loss:-0.995 || Aad_Loss:-22.724 || 耗时：35.73s\n"}
,{"stream_name":"stdout","time":10812.8191821,"data":"轮次:··7/·20 || c_Loss:0.391 || e_Loss:-0.973 || Aad_Loss:-23.145 || 耗时：13.84s\n"}
,{"stream_name":"stdout","time":10826.685864758,"data":"轮次:··8/·20 || c_Loss:0.386 || e_Loss:-1.012 || Aad_Loss:-22.766 || 耗时：13.87s\n"}
,{"stream_name":"stdout","time":10840.601815366,"data":"轮次:··9/·20 || c_Loss:0.396 || e_Loss:-0.984 || Aad_Loss:-22.462 || 耗时：13.92s\n"}
,{"stream_name":"stdout","time":10854.480525525,"data":"轮次:·10/·20 || c_Loss:0.388 || e_Loss:-0.965 || Aad_Loss:-22.791 || 耗时：13.88s\n"}
,{"stream_name":"stdout","time":10861.166208583,"data":"任务: (B2)N15_M07_F10→(B1)N15_M01_F10; mix批次:····0; 批次:··940/·1880;  总正确率: 100.00%\n"}
,{"stream_name":"stdout","time":10861.166246186,"data":"类型1 正确率： 100.00% -\u003e 1  100.00%, 2    0.00%, 3    0.00%\n"}
,{"stream_name":"stdout","time":10861.166253475,"data":"类型2 正确率： 100.00% -\u003e 1    0.00%, 2  100.00%, 3    0.00%\n"}
,{"stream_name":"stdout","time":10861.166259906,"data":"类型3 正确率： 100.00% -\u003e 1    0.00%, 2    0.00%, 3  100.00%\n"}
,{"stream_name":"stdout","time":10861.16626616,"data":"\n"}
,{"stream_name":"stdout","time":10861.166272416,"data":"\n"}
,{"stream_name":"stdout","time":10861.208418439,"data":"样本变换：reverse\n"}
,{"stream_name":"stdout","time":10864.740968126,"data":"样本变换：mask\n"}
,{"stream_name":"stdout","time":10868.297818889,"data":"样本变换：shift\n"}
,{"stream_name":"stdout","time":10871.839841784,"data":"样本变换：none\n"}
,{"stream_name":"stdout","time":10876.974639491,"data":"未过滤\t未用伪标签：100.00% -\u003e 使用伪标签：99.98%\n"}
,{"stream_name":"stdout","time":10876.97468848,"data":"已过滤\t未用伪标签：100.00% -\u003e 使用伪标签：100.00%\n"}
,{"stream_name":"stdout","time":10876.974696385,"data":"排除样本：1|6000\t剩余：2000, 1999, 2000\n"}
,{"stream_name":"stdout","time":10876.974701718,"data":"增添样本：1\t\t细则：0, 1, 0\t正确率估算：100.00%\n"}
,{"stream_name":"stdout","time":10876.974707091,"data":"类型1 正确率： 100.00% -\u003e 1  100.00%, 2    0.00%, 3    0.00%\n"}
,{"stream_name":"stdout","time":10876.974712451,"data":"类型2 正确率： 100.00% -\u003e 1    0.00%, 2  100.00%, 3    0.00%\n"}
,{"stream_name":"stdout","time":10876.974717736,"data":"类型3 正确率： 100.00% -\u003e 1    0.00%, 2    0.00%, 3  100.00%\n"}
,{"stream_name":"stdout","time":10876.974722757,"data":"\n"}
,{"stream_name":"stdout","time":10876.974727869,"data":"被排除样本 正确率：100.00%\n"}
,{"stream_name":"stdout","time":10876.974732881,"data":"类型1 正确率： 100.00% -\u003e 1  100.00%\n"}
,{"stream_name":"stdout","time":10876.974738036,"data":"\n"}
,{"stream_name":"stdout","time":10876.97474312,"data":"\n"}
,{"stream_name":"stderr","time":10876.974659543,"data":"/usr/local/lib/python3.12/dist-packages/sklearn/metrics/_classification.py:407: UserWarning: A single label was found in 'y_true' and 'y_pred'. For the confusion matrix to have the correct shape, use the 'labels' parameter to pass all known labels.\n"}
,{"stream_name":"stderr","time":10876.974785716,"data":"  warnings.warn(\n"}
,{"stream_name":"stdout","time":10890.640515548,"data":"轮次:·11/·20 || c_Loss:0.379 || e_Loss:-1.012 || Aad_Loss:-23.254 || 耗时：36.16s\n"}
,{"stream_name":"stdout","time":10904.444236593,"data":"轮次:·12/·20 || c_Loss:0.384 || e_Loss:-1.011 || Aad_Loss:-23.275 || 耗时：13.80s\n"}
,{"stream_name":"stdout","time":10918.218202962,"data":"轮次:·13/·20 || c_Loss:0.401 || e_Loss:-0.915 || Aad_Loss:-24.235 || 耗时：13.77s\n"}
,{"stream_name":"stdout","time":10931.991607037,"data":"轮次:·14/·20 || c_Loss:0.380 || e_Loss:-1.031 || Aad_Loss:-23.672 || 耗时：13.77s\n"}
,{"stream_name":"stdout","time":10945.759546343,"data":"轮次:·15/·20 || c_Loss:0.379 || e_Loss:-1.023 || Aad_Loss:-23.393 || 耗时：13.77s\n"}
,{"stream_name":"stdout","time":10952.360633114,"data":"任务: (B2)N15_M07_F10→(B1)N15_M01_F10; mix批次:····0; 批次:·1410/·1880;  总正确率: 100.00%\n"}
,{"stream_name":"stdout","time":10952.360699299,"data":"类型1 正确率： 100.00% -\u003e 1  100.00%, 2    0.00%, 3    0.00%\n"}
,{"stream_name":"stdout","time":10952.360704787,"data":"类型2 正确率： 100.00% -\u003e 1    0.00%, 2  100.00%, 3    0.00%\n"}
,{"stream_name":"stdout","time":10952.360707787,"data":"类型3 正确率： 100.00% -\u003e 1    0.00%, 2    0.00%, 3  100.00%\n"}
,{"stream_name":"stdout","time":10952.360710694,"data":"\n"}
,{"stream_name":"stdout","time":10952.360713167,"data":"\n"}
,{"stream_name":"stdout","time":10952.405161148,"data":"样本变换：reverse\n"}
,{"stream_name":"stdout","time":10955.909849263,"data":"样本变换：mask\n"}
,{"stream_name":"stdout","time":10959.42956388,"data":"样本变换：shift\n"}
,{"stream_name":"stdout","time":10962.945858664,"data":"样本变换：none\n"}
,{"stream_name":"stderr","time":10967.869301996,"data":"/usr/local/lib/python3.12/dist-packages/numpy/_core/fromnumeric.py:3596: RuntimeWarning: Mean of empty slice.\n"}
,{"stream_name":"stderr","time":10967.869354084,"data":"  return _methods._mean(a, axis=axis, dtype=dtype,\n"}
,{"stream_name":"stderr","time":10967.869360219,"data":"/usr/local/lib/python3.12/dist-packages/numpy/_core/_methods.py:138: RuntimeWarning: invalid value encountered in scalar divide\n"}
,{"stream_name":"stderr","time":10967.869364688,"data":"  ret = ret.dtype.type(ret / rcount)\n"}
,{"stream_name":"stderr","time":10967.87041252,"data":"/kaggle/working/k10/S07/sdalr_PU_final_checkpoint/tools.py:414: RuntimeWarning: Mean of empty slice.\n"}
,{"stream_name":"stderr","time":10967.870428794,"data":"  overall_acc = round(per_class_acc.mean(), 2)\n"}
,{"stream_name":"stderr","time":10967.870435508,"data":"/usr/local/lib/python3.12/dist-packages/numpy/_core/_methods.py:138: RuntimeWarning: invalid value encountered in scalar divide\n"}
,{"stream_name":"stderr","time":10967.870441691,"data":"  ret = ret.dtype.type(ret / rcount)\n"}
,{"stream_name":"stdout","time":10967.870635923,"data":"未过滤\t未用伪标签：100.00% -\u003e 使用伪标签：100.00%\n"}
,{"stream_name":"stdout","time":10967.870648792,"data":"已过滤\t未用伪标签：100.00% -\u003e 使用伪标签：100.00%\n"}
,{"stream_name":"stdout","time":10967.870654795,"data":"排除样本：2000|6000\t剩余：2000, 2000\n"}
,{"stream_name":"stdout","time":10967.870660252,"data":"增添样本：0\t\t细则：0, 0, 0类型1 正确率： 100.00% -\u003e 1  100.00%, 2    0.00%, 3    0.00%\n"}
,{"stream_name":"stdout","time":10967.870666074,"data":"类型2 正确率： 100.00% -\u003e 1    0.00%, 2  100.00%, 3    0.00%\n"}
,{"stream_name":"stdout","time":10967.870671435,"data":"类型3 正确率： 100.00% -\u003e 1    0.00%, 2    0.00%, 3  100.00%\n"}
,{"stream_name":"stdout","time":10967.870677295,"data":"\n"}
,{"stream_name":"stdout","time":10967.870682558,"data":"被排除样本 正确率：nan%\n"}
,{"stream_name":"stdout","time":10967.870688352,"data":"\n"}
,{"stream_name":"stdout","time":10967.870700608,"data":"\n"}
,{"stream_name":"stdout","time":10981.497625031,"data":"轮次:·16/·20 || c_Loss:0.381 || e_Loss:-0.997 || Aad_Loss:-23.237 || 耗时：35.74s\n"}
,{"stream_name":"stdout","time":10995.281185094,"data":"轮次:·17/·20 || c_Loss:0.389 || e_Loss:-0.973 || Aad_Loss:-23.576 || 耗时：13.78s\n"}
,{"stream_name":"stdout","time":11009.137076352,"data":"轮次:·18/·20 || c_Loss:0.384 || e_Loss:-1.012 || Aad_Loss:-23.178 || 耗时：13.86s\n"}
,{"stream_name":"stdout","time":11023.056803621,"data":"轮次:·19/·20 || c_Loss:0.393 || e_Loss:-0.986 || Aad_Loss:-22.907 || 耗时：13.92s\n"}
,{"stream_name":"stdout","time":11036.942424859,"data":"轮次:·20/·20 || c_Loss:0.386 || e_Loss:-0.964 || Aad_Loss:-23.263 || 耗时：13.89s\n"}
,{"stream_name":"stdout","time":11043.612277269,"data":"任务: (B2)N15_M07_F10→(B1)N15_M01_F10; mix批次:····0; 批次:·1880/·1880;  总正确率: 100.00%\n"}
,{"stream_name":"stdout","time":11043.612321885,"data":"类型1 正确率： 100.00% -\u003e 1  100.00%, 2    0.00%, 3    0.00%\n"}
,{"stream_name":"stdout","time":11043.612330353,"data":"类型2 正确率： 100.00% -\u003e 1    0.00%, 2  100.00%, 3    0.00%\n"}
,{"stream_name":"stdout","time":11043.612335664,"data":"类型3 正确率： 100.00% -\u003e 1    0.00%, 2    0.00%, 3  100.00%\n"}
,{"stream_name":"stdout","time":11043.612341135,"data":"\n"}
,{"stream_name":"stdout","time":11043.612345682,"data":"\n"}
,{"stream_name":"stdout","time":11050.241260861,"data":"测试集任务: (B2)N15_M07_F10→(B1)N15_M01_F10; 总正确率 = 100.00%\n"}
,{"stream_name":"stdout","time":11050.241298234,"data":"类型1 正确率： 100.00% -\u003e 1  100.00%, 2    0.00%, 3    0.00%\n"}
,{"stream_name":"stdout","time":11050.241305944,"data":"类型2 正确率： 100.00% -\u003e 1    0.00%, 2  100.00%, 3    0.00%\n"}
,{"stream_name":"stdout","time":11050.241311768,"data":"类型3 正确率： 100.00% -\u003e 1    0.00%, 2    0.00%, 3  100.00%\n"}
,{"stream_name":"stdout","time":11050.241317441,"data":"\n"}
,{"stream_name":"stdout","time":11050.241322775,"data":"\n"}
,{"stream_name":"stdout","time":11050.264913565,"data":"[tar_adaptation_RES_PU.py --folder_root /kaggle/working/k10/S07/sdalr_PU_final_checkpoint/DATA_foldS07 --seed 2024 --class_num 3 --data_name PU_M1_L3 --output /kaggle/working/k10/S07/weight_PU_M1_final_checkpoint_FS07toS07_s2024 --s 1 --t 0 --lr 0.0005 --threshold 0.4 --K 0.6] 383s\n"}
,{"stream_name":"stdout","time":11050.293312283,"data":"读取源域路径：/kaggle/working/k10/S07/weight_PU_M1_final_checkpoint_FS07toS07_s2024/NEW_PU/Source-源域/log\u0026pt/(B2)N15_M07_F10\n"}
,{"stream_name":"stdout","time":11050.293342361,"data":"excel输出位置：/kaggle/working/k10/S07/weight_PU_M1_final_checkpoint_FS07toS07_s2024/NEW_PU/Target-目标域\n"}
,{"stream_name":"stdout","time":11050.293360286,"data":"特征图片输出位置：/kaggle/working/k10/S07/weight_PU_M1_final_checkpoint_FS07toS07_s2024/NEW_PU/Picture-特征图/2026年09月19日06时09分/(B2)N15_M07_F10\n"}
,{"stream_name":"stderr","time":11050.331595874,"data":"/usr/local/lib/python3.12/dist-packages/torch/nn/utils/weight_norm.py:144: FutureWarning: `torch.nn.utils.weight_norm` is deprecated in favor of `torch.nn.utils.parametrizations.weight_norm`.\n"}
,{"stream_name":"stderr","time":11050.331625204,"data":"  WeightNorm.apply(module, name, dim)\n"}
,{"stream_name":"stdout","time":11050.370509562,"data":"现在选取:(B2)N15_M07_F10 进行训练的源模型\n"}
,{"stream_name":"stdout","time":11050.370538144,"data":"现在进行：(B2)N15_M07_F10→(B3)N15_M07_F04 的迁移任务\n"}
,{"stream_name":"stdout","time":11050.370544097,"data":"log\u0026pt输出位置：/kaggle/working/k10/S07/weight_PU_M1_final_checkpoint_FS07toS07_s2024/NEW_PU/Target-目标域/log\u0026pt/(B2)N15_M07_F10→(B3)N15_M07_F04\n"}
,{"stream_name":"stderr","time":11050.372014588,"data":"sh: 1: Syntax error: word unexpected (expecting \")\")\n"}
,{"stream_name":"stdout","time":11062.310926564,"data":"任务: (B2)N15_M07_F10→(B3)N15_M07_F04; 批次:····0/·1880;  总正确率: 94.97%\n"}
,{"stream_name":"stdout","time":11062.310970617,"data":"类型1 正确率： 100.00% -\u003e 1  100.00%, 2    0.00%, 3    0.00%\n"}
,{"stream_name":"stdout","time":11062.310979111,"data":"类型2 正确率：  99.00% -\u003e 1    0.00%, 2   98.95%, 3    1.05%\n"}
,{"stream_name":"stdout","time":11062.310984992,"data":"类型3 正确率：  86.00% -\u003e 1    0.00%, 2   14.05%, 3   85.95%\n"}
,{"stream_name":"stdout","time":11062.31100951,"data":"\n"}
,{"stream_name":"stdout","time":11062.311022067,"data":"\n"}
,{"stream_name":"stdout","time":11062.311862382,"data":"样本变换：reverse\n"}
,{"stream_name":"stdout","time":11065.820883261,"data":"样本变换：mask\n"}
,{"stream_name":"stdout","time":11069.329820083,"data":"样本变换：shift\n"}
,{"stream_name":"stdout","time":11072.878782091,"data":"样本变换：none\n"}
,{"stream_name":"stdout","time":11077.801419219,"data":"未过滤\t未用伪标签：94.97% -\u003e 使用伪标签：97.10%\n"}
,{"stream_name":"stdout","time":11077.801477977,"data":"已过滤\t未用伪标签：95.48% -\u003e 使用伪标签：97.98%\n"}
,{"stream_name":"stdout","time":11077.801485858,"data":"排除样本：54|6000\t剩余：2000, 1965, 1981\n"}
,{"stream_name":"stdout","time":11077.80149113,"data":"增添样本：54\t\t细则：0, 35, 19\t正确率估算：98.15%\n"}
,{"stream_name":"stdout","time":11077.801496264,"data":"类型1 正确率： 100.00% -\u003e 1  100.00%, 2    0.00%, 3    0.00%\n"}
,{"stream_name":"stdout","time":11077.801501349,"data":"类型2 正确率：  97.00% -\u003e 1    0.00%, 2   96.57%, 3    3.43%\n"}
,{"stream_name":"stdout","time":11077.801510089,"data":"类型3 正确率：  97.00% -\u003e 1    0.00%, 2    2.65%, 3   97.35%\n"}
,{"stream_name":"stdout","time":11077.801514276,"data":"\n"}
,{"stream_name":"stdout","time":11077.801517512,"data":"被排除样本 正确率：38.89%\n"}
,{"stream_name":"stdout","time":11077.801520915,"data":"类型1 正确率： 100.00% -\u003e 1  100.00%, 2    0.00%\n"}
,{"stream_name":"stdout","time":11077.801524232,"data":"类型2 正确率：   6.00% -\u003e 1   94.29%, 2    5.71%\n"}
,{"stream_name":"stdout","time":11077.801527485,"data":"\n"}
,{"stream_name":"stdout","time":11077.80153059,"data":"\n"}
,{"stream_name":"stdout","time":11091.649650726,"data":"轮次:··1/·20 || c_Loss:0.554 || e_Loss:-1.033 || Aad_Loss:-27.713 || 耗时：35.78s\n"}
,{"stream_name":"stdout","time":11105.63741806,"data":"轮次:··2/·20 || c_Loss:0.396 || e_Loss:-1.524 || Aad_Loss:-29.676 || 耗时：13.99s\n"}
,{"stream_name":"stdout","time":11119.468909439,"data":"轮次:··3/·20 || c_Loss:0.396 || e_Loss:-0.919 || Aad_Loss:-27.474 || 耗时：13.83s\n"}
,{"stream_name":"stdout","time":11133.1863717,"data":"轮次:··4/·20 || c_Loss:0.353 || e_Loss:-0.926 || Aad_Loss:-29.318 || 耗时：13.72s\n"}
,{"stream_name":"stdout","time":11146.865633952,"data":"轮次:··5/·20 || c_Loss:0.355 || e_Loss:-0.940 || Aad_Loss:-28.706 || 耗时：13.68s\n"}
,{"stream_name":"stdout","time":11153.478643468,"data":"任务: (B2)N15_M07_F10→(B3)N15_M07_F04; mix批次:····0; 批次:··470/·1880;  总正确率: 99.18%\n"}
,{"stream_name":"stdout","time":11153.47869517,"data":"类型1 正确率： 100.00% -\u003e 1  100.00%, 2    0.00%, 3    0.00%\n"}
,{"stream_name":"stdout","time":11153.478703238,"data":"类型2 正确率：  98.00% -\u003e 1    0.00%, 2   97.75%, 3    2.25%\n"}
,{"stream_name":"stdout","time":11153.47870956,"data":"类型3 正确率： 100.00% -\u003e 1    0.00%, 2    0.20%, 3   99.80%\n"}
,{"stream_name":"stdout","time":11153.478715918,"data":"\n"}
,{"stream_name":"stdout","time":11153.478721577,"data":"\n"}
,{"stream_name":"stdout","time":11153.513251505,"data":"样本变换：reverse\n"}
,{"stream_name":"stdout","time":11157.017831933,"data":"样本变换：mask\n"}
,{"stream_name":"stdout","time":11160.549294593,"data":"样本变换：shift\n"}
,{"stream_name":"stdout","time":11164.092780327,"data":"样本变换：none\n"}
,{"stream_name":"stderr","time":11169.155923454,"data":"/usr/local/lib/python3.12/dist-packages/sklearn/metrics/_classification.py:407: UserWarning: A single label was found in 'y_true' and 'y_pred'. For the confusion matrix to have the correct shape, use the 'labels' parameter to pass all known labels.\n"}
,{"stream_name":"stderr","time":11169.155993489,"data":"  warnings.warn(\n"}
,{"stream_name":"stdout","time":11169.156020918,"data":"未过滤\t未用伪标签：99.18% -\u003e 使用伪标签：98.43%\n"}
,{"stream_name":"stdout","time":11169.156026581,"data":"已过滤\t未用伪标签：99.18% -\u003e 使用伪标签：98.61%\n"}
,{"stream_name":"stdout","time":11169.156030316,"data":"排除样本：11|6000\t剩余：2000, 1906, 2083\n"}
,{"stream_name":"stdout","time":11169.156033952,"data":"增添样本：260\t\t细则：83, 177, 0\t正确率估算：100.00%\n"}
,{"stream_name":"stdout","time":11169.156041787,"data":"类型1 正确率： 100.00% -\u003e 1  100.00%, 2    0.00%, 3    0.00%\n"}
,{"stream_name":"stdout","time":11169.15604461,"data":"类型2 正确率：  96.00% -\u003e 1    0.00%, 2   95.83%, 3    4.17%\n"}
,{"stream_name":"stdout","time":11169.156047115,"data":"类型3 正确率： 100.00% -\u003e 1    0.00%, 2    0.00%, 3  100.00%\n"}
,{"stream_name":"stdout","time":11169.156049765,"data":"\n"}
,{"stream_name":"stdout","time":11169.156051962,"data":"被排除样本 正确率：100.00%\n"}
,{"stream_name":"stdout","time":11169.156054276,"data":"类型1 正确率： 100.00% -\u003e 1  100.00%\n"}
,{"stream_name":"stdout","time":11169.156056617,"data":"\n"}
,{"stream_name":"stdout","time":11169.156058869,"data":"\n"}
,{"stream_name":"stdout","time":11182.866565269,"data":"轮次:··6/·20 || c_Loss:0.380 || e_Loss:-0.984 || Aad_Loss:-29.122 || 耗时：36.00s\n"}
,{"stream_name":"stdout","time":11196.775910618,"data":"轮次:··7/·20 || c_Loss:0.393 || e_Loss:-0.956 || Aad_Loss:-28.861 || 耗时：13.91s\n"}
,{"stream_name":"stdout","time":11210.694510055,"data":"轮次:··8/·20 || c_Loss:0.416 || e_Loss:-0.967 || Aad_Loss:-29.595 || 耗时：13.92s\n"}
,{"stream_name":"stdout","time":11224.593434275,"data":"轮次:··9/·20 || c_Loss:0.397 || e_Loss:-0.923 || Aad_Loss:-28.709 || 耗时：13.90s\n"}
,{"stream_name":"stdout","time":11238.460555503,"data":"轮次:·10/·20 || c_Loss:0.391 || e_Loss:-0.946 || Aad_Loss:-30.134 || 耗时：13.87s\n"}
,{"stream_name":"stdout","time":11245.139460093,"data":"任务: (B2)N15_M07_F10→(B3)N15_M07_F04; mix批次:····0; 批次:··940/·1880;  总正确率: 98.60%\n"}
,{"stream_name":"stdout","time":11245.139503327,"data":"类型1 正确率： 100.00% -\u003e 1  100.00%, 2    0.00%, 3    0.00%\n"}
,{"stream_name":"stdout","time":11245.139516743,"data":"类型2 正确率：  96.00% -\u003e 1    0.00%, 2   95.80%, 3    4.20%\n"}
,{"stream_name":"stdout","time":11245.139520613,"data":"类型3 正确率： 100.00% -\u003e 1    0.00%, 2    0.00%, 3  100.00%\n"}
,{"stream_name":"stdout","time":11245.139524261,"data":"\n"}
,{"stream_name":"stdout","time":11245.139527437,"data":"\n"}
,{"stream_name":"stdout","time":11245.182393798,"data":"样本变换：reverse\n"}
,{"stream_name":"stdout","time":11248.699821813,"data":"样本变换：mask\n"}
,{"stream_name":"stdout","time":11252.248847593,"data":"样本变换：shift\n"}
,{"stream_name":"stdout","time":11255.767826707,"data":"样本变换：none\n"}
,{"stream_name":"stderr","time":11260.854959266,"data":"/kaggle/working/k10/S07/sdalr_PU_final_checkpoint/tools.py:413: RuntimeWarning: invalid value encountered in divide\n"}
,{"stream_name":"stderr","time":11260.854990789,"data":"  per_class_acc = conf_matrix.diagonal() / conf_matrix.sum(axis=1) * 100\n"}
,{"stream_name":"stdout","time":11260.855063651,"data":"未过滤\t未用伪标签：98.60% -\u003e 使用伪标签：98.47%\n"}
,{"stream_name":"stdout","time":11260.85511914,"data":"已过滤\t未用伪标签：98.66% -\u003e 使用伪标签：98.63%\n"}
,{"stream_name":"stdout","time":11260.855125521,"data":"排除样本：10|6000\t剩余：2000, 1908, 2082\n"}
,{"stream_name":"stdout","time":11260.855130223,"data":"增添样本：256\t\t细则：82, 174, 0\t正确率估算：100.00%\n"}
,{"stream_name":"stdout","time":11260.855134151,"data":"类型1 正确率： 100.00% -\u003e 1  100.00%, 2    0.00%, 3    0.00%\n"}
,{"stream_name":"stdout","time":11260.855138198,"data":"类型2 正确率：  96.00% -\u003e 1    0.00%, 2   95.88%, 3    4.12%\n"}
,{"stream_name":"stdout","time":11260.855142218,"data":"类型3 正确率： 100.00% -\u003e 1    0.00%, 2    0.00%, 3  100.00%\n"}
,{"stream_name":"stdout","time":11260.855146522,"data":"\n"}
,{"stream_name":"stdout","time":11260.855149992,"data":"被排除样本 正确率：60.00%\n"}
,{"stream_name":"stdout","time":11260.855153851,"data":"类型1 正确率：  60.00% -\u003e 1   60.00%, 2   40.00%\n"}
,{"stream_name":"stdout","time":11260.855157726,"data":"类型2 没有样本或未被分类。\n"}
,{"stream_name":"stdout","time":11260.85516171,"data":"\n"}
,{"stream_name":"stdout","time":11260.855165365,"data":"\n"}
,{"stream_name":"stdout","time":11274.518856928,"data":"轮次:·11/·20 || c_Loss:0.386 || e_Loss:-1.002 || Aad_Loss:-29.828 || 耗时：36.06s\n"}
,{"stream_name":"stdout","time":11288.246222984,"data":"轮次:·12/·20 || c_Loss:0.379 || e_Loss:-0.991 || Aad_Loss:-30.741 || 耗时：13.73s\n"}
,{"stream_name":"stdout","time":11301.992095023,"data":"轮次:·13/·20 || c_Loss:0.380 || e_Loss:-0.992 || Aad_Loss:-30.312 || 耗时：13.75s\n"}
,{"stream_name":"stdout","time":11315.706338819,"data":"轮次:·14/·20 || c_Loss:0.380 || e_Loss:-0.986 || Aad_Loss:-30.945 || 耗时：13.71s\n"}
,{"stream_name":"stdout","time":11329.410898192,"data":"轮次:·15/·20 || c_Loss:0.392 || e_Loss:-0.974 || Aad_Loss:-30.146 || 耗时：13.70s\n"}
,{"stream_name":"stdout","time":11336.022777607,"data":"任务: (B2)N15_M07_F10→(B3)N15_M07_F04; mix批次:····0; 批次:·1410/·1880;  总正确率: 98.62%\n"}
,{"stream_name":"stdout","time":11336.022822232,"data":"类型1 正确率： 100.00% -\u003e 1  100.00%, 2    0.00%, 3    0.00%\n"}
,{"stream_name":"stdout","time":11336.022827479,"data":"类型2 正确率：  96.00% -\u003e 1    0.00%, 2   95.85%, 3    4.15%\n"}
,{"stream_name":"stdout","time":11336.022831185,"data":"类型3 正确率： 100.00% -\u003e 1    0.00%, 2    0.00%, 3  100.00%\n"}
,{"stream_name":"stdout","time":11336.022834828,"data":"\n"}
,{"stream_name":"stdout","time":11336.022837998,"data":"\n"}
,{"stream_name":"stdout","time":11336.067869664,"data":"样本变换：reverse\n"}
,{"stream_name":"stdout","time":11339.561413319,"data":"样本变换：mask\n"}
,{"stream_name":"stdout","time":11343.110033927,"data":"样本变换：shift\n"}
,{"stream_name":"stdout","time":11346.633788279,"data":"样本变换：none\n"}
,{"stream_name":"stderr","time":11351.685487865,"data":"/kaggle/working/k10/S07/sdalr_PU_final_checkpoint/tools.py:413: RuntimeWarning: invalid value encountered in divide\n"}
,{"stream_name":"stderr","time":11351.68553077,"data":"  per_class_acc = conf_matrix.diagonal() / conf_matrix.sum(axis=1) * 100\n"}
,{"stream_name":"stdout","time":11351.68554528,"data":"未过滤\t未用伪标签：98.62% -\u003e 使用伪标签：98.57%\n"}
,{"stream_name":"stdout","time":11351.685559096,"data":"已过滤\t未用伪标签：98.70% -\u003e 使用伪标签：98.73%\n"}
,{"stream_name":"stdout","time":11351.685565761,"data":"排除样本：10|6000\t剩余：2000, 1914, 2076\n"}
,{"stream_name":"stdout","time":11351.685587724,"data":"增添样本：238\t\t细则：76, 162, 0\t正确率估算：100.00%\n"}
,{"stream_name":"stdout","time":11351.685599127,"data":"类型1 正确率： 100.00% -\u003e 1  100.00%, 2    0.00%, 3    0.00%\n"}
,{"stream_name":"stdout","time":11351.685620484,"data":"类型2 正确率：  96.00% -\u003e 1    0.00%, 2   96.18%, 3    3.82%\n"}
,{"stream_name":"stdout","time":11351.685625106,"data":"类型3 正确率： 100.00% -\u003e 1    0.00%, 2    0.00%, 3  100.00%\n"}
,{"stream_name":"stdout","time":11351.685629792,"data":"\n"}
,{"stream_name":"stdout","time":11351.685633557,"data":"被排除样本 正确率：50.00%\n"}
,{"stream_name":"stdout","time":11351.685637163,"data":"类型1 正确率：  50.00% -\u003e 1   50.00%, 2   50.00%\n"}
,{"stream_name":"stdout","time":11351.68564143,"data":"类型2 没有样本或未被分类。\n"}
,{"stream_name":"stdout","time":11351.68564559,"data":"\n"}
,{"stream_name":"stdout","time":11351.685649029,"data":"\n"}
,{"stream_name":"stdout","time":11365.340108622,"data":"轮次:·16/·20 || c_Loss:0.382 || e_Loss:-0.996 || Aad_Loss:-30.774 || 耗时：35.93s\n"}
,{"stream_name":"stdout","time":11379.093359362,"data":"轮次:·17/·20 || c_Loss:0.380 || e_Loss:-0.967 || Aad_Loss:-30.344 || 耗时：13.75s\n"}
,{"stream_name":"stdout","time":11392.867240959,"data":"轮次:·18/·20 || c_Loss:0.380 || e_Loss:-0.972 || Aad_Loss:-29.781 || 耗时：13.77s\n"}
,{"stream_name":"stdout","time":11406.672293515,"data":"轮次:·19/·20 || c_Loss:0.379 || e_Loss:-0.980 || Aad_Loss:-30.979 || 耗时：13.80s\n"}
,{"stream_name":"stdout","time":11420.484002072,"data":"轮次:·20/·20 || c_Loss:0.414 || e_Loss:-0.952 || Aad_Loss:-30.595 || 耗时：13.81s\n"}
,{"stream_name":"stdout","time":11427.174695706,"data":"任务: (B2)N15_M07_F10→(B3)N15_M07_F04; mix批次:····0; 批次:·1880/·1880;  总正确率: 98.65%\n"}
,{"stream_name":"stdout","time":11427.174773821,"data":"类型1 正确率： 100.00% -\u003e 1  100.00%, 2    0.00%, 3    0.00%\n"}
,{"stream_name":"stdout","time":11427.174785125,"data":"类型2 正确率：  96.00% -\u003e 1    0.00%, 2   95.95%, 3    4.05%\n"}
,{"stream_name":"stdout","time":11427.174791011,"data":"类型3 正确率： 100.00% -\u003e 1    0.00%, 2    0.00%, 3  100.00%\n"}
,{"stream_name":"stdout","time":11427.174796266,"data":"\n"}
,{"stream_name":"stdout","time":11427.17480114,"data":"\n"}
,{"stream_name":"stdout","time":11433.823666209,"data":"测试集任务: (B2)N15_M07_F10→(B3)N15_M07_F04; 总正确率 = 98.65%\n"}
,{"stream_name":"stdout","time":11433.823716742,"data":"类型1 正确率： 100.00% -\u003e 1  100.00%, 2    0.00%, 3    0.00%\n"}
,{"stream_name":"stdout","time":11433.823747205,"data":"类型2 正确率：  96.00% -\u003e 1    0.00%, 2   95.95%, 3    4.05%\n"}
,{"stream_name":"stdout","time":11433.82375366,"data":"类型3 正确率： 100.00% -\u003e 1    0.00%, 2    0.00%, 3  100.00%\n"}
,{"stream_name":"stdout","time":11433.823759753,"data":"\n"}
,{"stream_name":"stdout","time":11433.823780393,"data":"\n"}
,{"stream_name":"stdout","time":11433.849795853,"data":"[tar_adaptation_RES_PU.py --folder_root /kaggle/working/k10/S07/sdalr_PU_final_checkpoint/DATA_foldS07 --seed 2024 --class_num 3 --data_name PU_M1_L3 --output /kaggle/working/k10/S07/weight_PU_M1_final_checkpoint_FS07toS07_s2024 --s 1 --t 2 --lr 0.0005 --threshold 0.4 --K 0.6] 384s\n"}
,{"stream_name":"stdout","time":11433.878971445,"data":"读取源域路径：/kaggle/working/k10/S07/weight_PU_M1_final_checkpoint_FS07toS07_s2024/NEW_PU/Source-源域/log\u0026pt/(B3)N15_M07_F04\n"}
,{"stream_name":"stdout","time":11433.879004816,"data":"excel输出位置：/kaggle/working/k10/S07/weight_PU_M1_final_checkpoint_FS07toS07_s2024/NEW_PU/Target-目标域\n"}
,{"stream_name":"stdout","time":11433.879024205,"data":"特征图片输出位置：/kaggle/working/k10/S07/weight_PU_M1_final_checkpoint_FS07toS07_s2024/NEW_PU/Picture-特征图/2026年09月19日06时15分/(B3)N15_M07_F04\n"}
,{"stream_name":"stderr","time":11433.917461301,"data":"/usr/local/lib/python3.12/dist-packages/torch/nn/utils/weight_norm.py:144: FutureWarning: `torch.nn.utils.weight_norm` is deprecated in favor of `torch.nn.utils.parametrizations.weight_norm`.\n"}
,{"stream_name":"stderr","time":11433.91750326,"data":"  WeightNorm.apply(module, name, dim)\n"}
,{"stream_name":"stdout","time":11433.958229321,"data":"现在选取:(B3)N15_M07_F04 进行训练的源模型\n"}
,{"stream_name":"stdout","time":11433.958253986,"data":"现在进行：(B3)N15_M07_F04→(B1)N15_M01_F10 的迁移任务\n"}
,{"stream_name":"stdout","time":11433.958257469,"data":"log\u0026pt输出位置：/kaggle/working/k10/S07/weight_PU_M1_final_checkpoint_FS07toS07_s2024/NEW_PU/Target-目标域/log\u0026pt/(B3)N15_M07_F04→(B1)N15_M01_F10\n"}
,{"stream_name":"stderr","time":11433.959833282,"data":"sh: 1: Syntax error: word unexpected (expecting \")\")\n"}
,{"stream_name":"stdout","time":11445.775755842,"data":"任务: (B3)N15_M07_F04→(B1)N15_M01_F10; 批次:····0/·1880;  总正确率: 94.73%\n"}
,{"stream_name":"stdout","time":11445.775826904,"data":"类型1 正确率： 100.00% -\u003e 1  100.00%, 2    0.00%, 3    0.00%\n"}
,{"stream_name":"stdout","time":11445.775832389,"data":"类型2 正确率：  99.00% -\u003e 1    0.05%, 2   99.45%, 3    0.50%\n"}
,{"stream_name":"stdout","time":11445.775836134,"data":"类型3 正确率：  85.00% -\u003e 1    0.00%, 2   15.25%, 3   84.75%\n"}
,{"stream_name":"stdout","time":11445.775839628,"data":"\n"}
,{"stream_name":"stdout","time":11445.775842829,"data":"\n"}
,{"stream_name":"stdout","time":11445.776563678,"data":"样本变换：reverse\n"}
,{"stream_name":"stdout","time":11449.228834753,"data":"样本变换：mask\n"}
,{"stream_name":"stdout","time":11452.762860179,"data":"样本变换：shift\n"}
,{"stream_name":"stdout","time":11456.292941686,"data":"样本变换：none\n"}
,{"stream_name":"stdout","time":11461.548271377,"data":"未过滤\t未用伪标签：94.73% -\u003e 使用伪标签：96.77%\n"}
,{"stream_name":"stdout","time":11461.548312525,"data":"已过滤\t未用伪标签：95.33% -\u003e 使用伪标签：97.43%\n"}
,{"stream_name":"stdout","time":11461.548325646,"data":"排除样本：41|6000\t剩余：2001, 2148, 1810\n"}
,{"stream_name":"stdout","time":11461.54832939,"data":"增添样本：485\t\t细则：147, 0, 338\t正确率估算：94.64%\n"}
,{"stream_name":"stdout","time":11461.54833322,"data":"类型1 正确率： 100.00% -\u003e 1  100.00%, 2    0.00%, 3    0.00%\n"}
,{"stream_name":"stdout","time":11461.548336696,"data":"类型2 正确率： 100.00% -\u003e 1    0.05%, 2   99.90%, 3    0.05%\n"}
,{"stream_name":"stdout","time":11461.548340532,"data":"类型3 正确率：  92.00% -\u003e 1    0.00%, 2    7.70%, 3   92.30%\n"}
,{"stream_name":"stdout","time":11461.548343904,"data":"\n"}
,{"stream_name":"stdout","time":11461.548347056,"data":"被排除样本 正确率：7.32%\n"}
,{"stream_name":"stdout","time":11461.54835029,"data":"类型1 正确率： 100.00% -\u003e 1  100.00%, 2    0.00%\n"}
,{"stream_name":"stdout","time":11461.548353773,"data":"类型2 正确率：   5.00% -\u003e 1   95.00%, 2    5.00%\n"}
,{"stream_name":"stdout","time":11461.548357074,"data":"\n"}
,{"stream_name":"stdout","time":11461.548360198,"data":"\n"}
,{"stream_name":"stdout","time":11475.393445065,"data":"轮次:··1/·20 || c_Loss:0.573 || e_Loss:-1.025 || Aad_Loss:-27.246 || 耗时：36.02s\n"}
,{"stream_name":"stdout","time":11489.259687055,"data":"轮次:··2/·20 || c_Loss:0.413 || e_Loss:-0.934 || Aad_Loss:-27.204 || 耗时：13.87s\n"}
,{"stream_name":"stdout","time":11502.95809162,"data":"轮次:··3/·20 || c_Loss:0.399 || e_Loss:-0.983 || Aad_Loss:-28.908 || 耗时：13.70s\n"}
,{"stream_name":"stdout","time":11516.553079276,"data":"轮次:··4/·20 || c_Loss:0.368 || e_Loss:-0.959 || Aad_Loss:-29.333 || 耗时：13.59s\n"}
,{"stream_name":"stdout","time":11530.198904329,"data":"轮次:··5/·20 || c_Loss:0.379 || e_Loss:-1.725 || Aad_Loss:-29.729 || 耗时：13.65s\n"}
,{"stream_name":"stdout","time":11536.837134769,"data":"任务: (B3)N15_M07_F04→(B1)N15_M01_F10; mix批次:····0; 批次:··470/·1880;  总正确率: 98.92%\n"}
,{"stream_name":"stdout","time":11536.837179656,"data":"类型1 正确率： 100.00% -\u003e 1  100.00%, 2    0.00%, 3    0.00%\n"}
,{"stream_name":"stdout","time":11536.837185939,"data":"类型2 正确率： 100.00% -\u003e 1    0.00%, 2  100.00%, 3    0.00%\n"}
,{"stream_name":"stdout","time":11536.837205904,"data":"类型3 正确率：  97.00% -\u003e 1    0.00%, 2    3.25%, 3   96.75%\n"}
,{"stream_name":"stdout","time":11536.837212216,"data":"\n"}
,{"stream_name":"stdout","time":11536.837217899,"data":"\n"}
,{"stream_name":"stdout","time":11536.87228494,"data":"样本变换：reverse\n"}
,{"stream_name":"stdout","time":11540.357821601,"data":"样本变换：mask\n"}
,{"stream_name":"stdout","time":11543.909733792,"data":"样本变换：shift\n"}
,{"stream_name":"stdout","time":11547.441874485,"data":"样本变换：none\n"}
,{"stream_name":"stdout","time":11552.354812975,"data":"未过滤\t未用伪标签：98.92% -\u003e 使用伪标签：99.65%\n"}
,{"stream_name":"stdout","time":11552.354856165,"data":"已过滤\t未用伪标签：99.03% -\u003e 使用伪标签：99.78%\n"}
,{"stream_name":"stdout","time":11552.354861081,"data":"排除样本：8|6000\t剩余：2001, 2010, 1981\n"}
,{"stream_name":"stdout","time":11552.354864615,"data":"增添样本：38\t\t细则：9, 0, 29\t正确率估算：94.74%\n"}
,{"stream_name":"stdout","time":11552.354868336,"data":"类型1 正确率： 100.00% -\u003e 1  100.00%, 2    0.00%, 3    0.00%\n"}
,{"stream_name":"stdout","time":11552.354871925,"data":"类型2 正确率： 100.00% -\u003e 1    0.05%, 2   99.95%, 3    0.00%\n"}
,{"stream_name":"stdout","time":11552.354875493,"data":"类型3 正确率：  99.00% -\u003e 1    0.00%, 2    0.60%, 3   99.40%\n"}
,{"stream_name":"stdout","time":11552.354878827,"data":"\n"}
,{"stream_name":"stdout","time":11552.354881941,"data":"被排除样本 正确率：12.50%\n"}
,{"stream_name":"stdout","time":11552.354885198,"data":"类型1 正确率： 100.00% -\u003e 1  100.00%, 2    0.00%\n"}
,{"stream_name":"stdout","time":11552.354888487,"data":"类型2 正确率：   0.00% -\u003e 1  100.00%, 2    0.00%\n"}
,{"stream_name":"stdout","time":11552.354891855,"data":"\n"}
,{"stream_name":"stdout","time":11552.354894929,"data":"\n"}
,{"stream_name":"stdout","time":11566.107447752,"data":"轮次:··6/·20 || c_Loss:0.392 || e_Loss:-0.956 || Aad_Loss:-30.076 || 耗时：35.91s\n"}
,{"stream_name":"stdout","time":11579.902493328,"data":"轮次:··7/·20 || c_Loss:0.385 || e_Loss:-0.990 || Aad_Loss:-29.718 || 耗时：13.79s\n"}
,{"stream_name":"stdout","time":11593.713521339,"data":"轮次:··8/·20 || c_Loss:0.383 || e_Loss:-1.781 || Aad_Loss:-29.741 || 耗时：13.81s\n"}
,{"stream_name":"stdout","time":11607.551956611,"data":"轮次:··9/·20 || c_Loss:0.379 || e_Loss:-0.998 || Aad_Loss:-30.619 || 耗时：13.84s\n"}
,{"stream_name":"stdout","time":11621.402914621,"data":"轮次:·10/·20 || c_Loss:0.381 || e_Loss:-0.997 || Aad_Loss:-29.784 || 耗时：13.85s\n"}
,{"stream_name":"stdout","time":11628.104424266,"data":"任务: (B3)N15_M07_F04→(B1)N15_M01_F10; mix批次:····0; 批次:··940/·1880;  总正确率: 99.80%\n"}
,{"stream_name":"stdout","time":11628.104459907,"data":"类型1 正确率： 100.00% -\u003e 1   99.95%, 2    0.05%, 3    0.00%\n"}
,{"stream_name":"stdout","time":11628.104467757,"data":"类型2 正确率： 100.00% -\u003e 1    0.00%, 2  100.00%, 3    0.00%\n"}
,{"stream_name":"stdout","time":11628.104473936,"data":"类型3 正确率：  99.00% -\u003e 1    0.00%, 2    0.55%, 3   99.45%\n"}
,{"stream_name":"stdout","time":11628.104480167,"data":"\n"}
,{"stream_name":"stdout","time":11628.104485532,"data":"\n"}
,{"stream_name":"stdout","time":11628.150366403,"data":"样本变换：reverse\n"}
,{"stream_name":"stdout","time":11631.686826724,"data":"样本变换：mask\n"}
,{"stream_name":"stdout","time":11635.23387526,"data":"样本变换：shift\n"}
,{"stream_name":"stdout","time":11638.790837951,"data":"样本变换：none\n"}
,{"stream_name":"stdout","time":11643.688410052,"data":"未过滤\t未用伪标签：99.80% -\u003e 使用伪标签：99.95%\n"}
,{"stream_name":"stdout","time":11643.688458198,"data":"已过滤\t未用伪标签：99.82% -\u003e 使用伪标签：99.98%\n"}
,{"stream_name":"stdout","time":11643.688465075,"data":"排除样本：2|6000\t剩余：2000, 2000, 1998\n"}
,{"stream_name":"stdout","time":11643.688470409,"data":"增添样本：2\t\t细则：0, 0, 2\t正确率估算：100.00%\n"}
,{"stream_name":"stdout","time":11643.688475965,"data":"类型1 正确率： 100.00% -\u003e 1  100.00%, 2    0.00%, 3    0.00%\n"}
,{"stream_name":"stdout","time":11643.68848144,"data":"类型2 正确率： 100.00% -\u003e 1    0.00%, 2  100.00%, 3    0.00%\n"}
,{"stream_name":"stdout","time":11643.688486701,"data":"类型3 正确率： 100.00% -\u003e 1    0.00%, 2    0.05%, 3   99.95%\n"}
,{"stream_name":"stdout","time":11643.688491806,"data":"\n"}
,{"stream_name":"stdout","time":11643.688496614,"data":"被排除样本 正确率：50.00%\n"}
,{"stream_name":"stdout","time":11643.688501567,"data":"类型1 正确率： 100.00% -\u003e 1  100.00%, 2    0.00%\n"}
,{"stream_name":"stdout","time":11643.688506754,"data":"类型2 正确率：   0.00% -\u003e 1  100.00%, 2    0.00%\n"}
,{"stream_name":"stdout","time":11643.688511813,"data":"\n"}
,{"stream_name":"stdout","time":11643.688516641,"data":"\n"}
,{"stream_name":"stdout","time":11657.305659065,"data":"轮次:·11/·20 || c_Loss:0.382 || e_Loss:-0.978 || Aad_Loss:-24.295 || 耗时：35.90s\n"}
,{"stream_name":"stdout","time":11671.014167589,"data":"轮次:·12/·20 || c_Loss:0.381 || e_Loss:-1.002 || Aad_Loss:-23.360 || 耗时：13.71s\n"}
,{"stream_name":"stdout","time":11684.697539466,"data":"轮次:·13/·20 || c_Loss:0.384 || e_Loss:-0.981 || Aad_Loss:-23.045 || 耗时：13.68s\n"}
,{"stream_name":"stdout","time":11698.389649278,"data":"轮次:·14/·20 || c_Loss:0.382 || e_Loss:-1.008 || Aad_Loss:-23.924 || 耗时：13.69s\n"}
,{"stream_name":"stdout","time":11712.113028146,"data":"轮次:·15/·20 || c_Loss:0.388 || e_Loss:-0.990 || Aad_Loss:-24.288 || 耗时：13.72s\n"}
,{"stream_name":"stdout","time":11718.697316623,"data":"任务: (B3)N15_M07_F04→(B1)N15_M01_F10; mix批次:····0; 批次:·1410/·1880;  总正确率: 99.97%\n"}
,{"stream_name":"stdout","time":11718.697354646,"data":"类型1 正确率： 100.00% -\u003e 1   99.95%, 2    0.05%, 3    0.00%\n"}
,{"stream_name":"stdout","time":11718.697362366,"data":"类型2 正确率： 100.00% -\u003e 1    0.00%, 2  100.00%, 3    0.00%\n"}
,{"stream_name":"stdout","time":11718.697368632,"data":"类型3 正确率： 100.00% -\u003e 1    0.00%, 2    0.05%, 3   99.95%\n"}
,{"stream_name":"stdout","time":11718.697374778,"data":"\n"}
,{"stream_name":"stdout","time":11718.697395686,"data":"\n"}
,{"stream_name":"stdout","time":11718.741805491,"data":"样本变换：reverse\n"}
,{"stream_name":"stdout","time":11722.242212865,"data":"样本变换：mask\n"}
,{"stream_name":"stdout","time":11725.78487314,"data":"样本变换：shift\n"}
,{"stream_name":"stdout","time":11729.301072922,"data":"样本变换：none\n"}
,{"stream_name":"stderr","time":11734.088360079,"data":"/usr/local/lib/python3.12/dist-packages/numpy/_core/fromnumeric.py:3596: RuntimeWarning: Mean of empty slice.\n"}
,{"stream_name":"stderr","time":11734.088405537,"data":"  return _methods._mean(a, axis=axis, dtype=dtype,\n"}
,{"stream_name":"stderr","time":11734.088425776,"data":"/usr/local/lib/python3.12/dist-packages/numpy/_core/_methods.py:138: RuntimeWarning: invalid value encountered in scalar divide\n"}
,{"stream_name":"stderr","time":11734.088431938,"data":"  ret = ret.dtype.type(ret / rcount)\n"}
,{"stream_name":"stderr","time":11734.089165823,"data":"/kaggle/working/k10/S07/sdalr_PU_final_checkpoint/tools.py:414: RuntimeWarning: Mean of empty slice.\n"}
,{"stream_name":"stderr","time":11734.089178664,"data":"  overall_acc = round(per_class_acc.mean(), 2)\n"}
,{"stream_name":"stderr","time":11734.089183498,"data":"/usr/local/lib/python3.12/dist-packages/numpy/_core/_methods.py:138: RuntimeWarning: invalid value encountered in scalar divide\n"}
,{"stream_name":"stderr","time":11734.089193828,"data":"  ret = ret.dtype.type(ret / rcount)\n"}
,{"stream_name":"stdout","time":11734.089358071,"data":"未过滤\t未用伪标签：99.97% -\u003e 使用伪标签：100.00%\n"}
,{"stream_name":"stdout","time":11734.089368408,"data":"已过滤\t未用伪标签：99.97% -\u003e 使用伪标签：100.00%\n"}
,{"stream_name":"stdout","time":11734.089373344,"data":"排除样本：2000|6000\t剩余：2000, 2000\n"}
,{"stream_name":"stdout","time":11734.089379738,"data":"增添样本：0\t\t细则：0, 0, 0类型1 正确率： 100.00% -\u003e 1  100.00%, 2    0.00%, 3    0.00%\n"}
,{"stream_name":"stdout","time":11734.089387939,"data":"类型2 正确率： 100.00% -\u003e 1    0.00%, 2  100.00%, 3    0.00%\n"}
,{"stream_name":"stdout","time":11734.089391603,"data":"类型3 正确率： 100.00% -\u003e 1    0.00%, 2    0.00%, 3  100.00%\n"}
,{"stream_name":"stdout","time":11734.089394798,"data":"\n"}
,{"stream_name":"stdout","time":11734.08939801,"data":"被排除样本 正确率：nan%\n"}
,{"stream_name":"stdout","time":11734.089401138,"data":"\n"}
,{"stream_name":"stdout","time":11734.089404122,"data":"\n"}
,{"stream_name":"stdout","time":11747.694920707,"data":"轮次:·16/·20 || c_Loss:0.385 || e_Loss:-1.004 || Aad_Loss:-23.114 || 耗时：35.58s\n"}
,{"stream_name":"stdout","time":11761.467199292,"data":"轮次:·17/·20 || c_Loss:0.389 || e_Loss:-0.970 || Aad_Loss:-23.425 || 耗时：13.77s\n"}
,{"stream_name":"stdout","time":11775.324278604,"data":"轮次:·18/·20 || c_Loss:0.387 || e_Loss:-1.010 || Aad_Loss:-23.004 || 耗时：13.86s\n"}
,{"stream_name":"stdout","time":11789.194126464,"data":"轮次:·19/·20 || c_Loss:0.395 || e_Loss:-0.990 || Aad_Loss:-22.807 || 耗时：13.87s\n"}
,{"stream_name":"stdout","time":11803.003279611,"data":"轮次:·20/·20 || c_Loss:0.392 || e_Loss:-0.970 || Aad_Loss:-22.995 || 耗时：13.81s\n"}
,{"stream_name":"stdout","time":11809.651816595,"data":"任务: (B3)N15_M07_F04→(B1)N15_M01_F10; mix批次:····0; 批次:·1880/·1880;  总正确率: 100.00%\n"}
,{"stream_name":"stdout","time":11809.651855033,"data":"类型1 正确率： 100.00% -\u003e 1  100.00%, 2    0.00%, 3    0.00%\n"}
,{"stream_name":"stdout","time":11809.651872136,"data":"类型2 正确率： 100.00% -\u003e 1    0.00%, 2  100.00%, 3    0.00%\n"}
,{"stream_name":"stdout","time":11809.651893675,"data":"类型3 正确率： 100.00% -\u003e 1    0.00%, 2    0.00%, 3  100.00%\n"}
,{"stream_name":"stdout","time":11809.651898108,"data":"\n"}
,{"stream_name":"stdout","time":11809.651901319,"data":"\n"}
,{"stream_name":"stdout","time":11816.262256908,"data":"测试集任务: (B3)N15_M07_F04→(B1)N15_M01_F10; 总正确率 = 100.00%\n"}
,{"stream_name":"stdout","time":11816.262313927,"data":"类型1 正确率： 100.00% -\u003e 1  100.00%, 2    0.00%, 3    0.00%\n"}
,{"stream_name":"stdout","time":11816.26232181,"data":"类型2 正确率： 100.00% -\u003e 1    0.00%, 2  100.00%, 3    0.00%\n"}
,{"stream_name":"stdout","time":11816.262327667,"data":"类型3 正确率： 100.00% -\u003e 1    0.00%, 2    0.00%, 3  100.00%\n"}
,{"stream_name":"stdout","time":11816.262333192,"data":"\n"}
,{"stream_name":"stdout","time":11816.262337429,"data":"\n"}
,{"stream_name":"stdout","time":11816.287543806,"data":"[tar_adaptation_RES_PU.py --folder_root /kaggle/working/k10/S07/sdalr_PU_final_checkpoint/DATA_foldS07 --seed 2024 --class_num 3 --data_name PU_M1_L3 --output /kaggle/working/k10/S07/weight_PU_M1_final_checkpoint_FS07toS07_s2024 --s 2 --t 0 --lr 0.0005 --threshold 0.4 --K 0.6] 382s\n"}
,{"stream_name":"stdout","time":11816.315230943,"data":"读取源域路径：/kaggle/working/k10/S07/weight_PU_M1_final_checkpoint_FS07toS07_s2024/NEW_PU/Source-源域/log\u0026pt/(B3)N15_M07_F04\n"}
,{"stream_name":"stdout","time":11816.315254328,"data":"excel输出位置：/kaggle/working/k10/S07/weight_PU_M1_final_checkpoint_FS07toS07_s2024/NEW_PU/Target-目标域\n"}
,{"stream_name":"stdout","time":11816.31530675,"data":"特征图片输出位置：/kaggle/working/k10/S07/weight_PU_M1_final_checkpoint_FS07toS07_s2024/NEW_PU/Picture-特征图/2026年09月19日06时22分/(B3)N15_M07_F04\n"}
,{"stream_name":"stderr","time":11816.350210523,"data":"/usr/local/lib/python3.12/dist-packages/torch/nn/utils/weight_norm.py:144: FutureWarning: `torch.nn.utils.weight_norm` is deprecated in favor of `torch.nn.utils.parametrizations.weight_norm`.\n"}
,{"stream_name":"stderr","time":11816.350236123,"data":"  WeightNorm.apply(module, name, dim)\n"}
,{"stream_name":"stdout","time":11816.387642684,"data":"现在选取:(B3)N15_M07_F04 进行训练的源模型\n"}
,{"stream_name":"stdout","time":11816.387668646,"data":"现在进行：(B3)N15_M07_F04→(B2)N15_M07_F10 的迁移任务\n"}
,{"stream_name":"stdout","time":11816.387676186,"data":"log\u0026pt输出位置：/kaggle/working/k10/S07/weight_PU_M1_final_checkpoint_FS07toS07_s2024/NEW_PU/Target-目标域/log\u0026pt/(B3)N15_M07_F04→(B2)N15_M07_F10\n"}
,{"stream_name":"stderr","time":11816.389032435,"data":"sh: 1: Syntax error: word unexpected (expecting \")\")\n"}
,{"stream_name":"stdout","time":11828.161901521,"data":"任务: (B3)N15_M07_F04→(B2)N15_M07_F10; 批次:····0/·1880;  总正确率: 96.10%\n"}
,{"stream_name":"stdout","time":11828.161942475,"data":"类型1 正确率： 100.00% -\u003e 1   99.90%, 2    0.10%, 3    0.00%\n"}
,{"stream_name":"stdout","time":11828.161955736,"data":"类型2 正确率： 100.00% -\u003e 1    0.00%, 2   99.75%, 3    0.25%\n"}
,{"stream_name":"stdout","time":11828.161960099,"data":"类型3 正确率：  89.00% -\u003e 1    0.00%, 2   11.35%, 3   88.65%\n"}
,{"stream_name":"stdout","time":11828.161963771,"data":"\n"}
,{"stream_name":"stdout","time":11828.16196715,"data":"\n"}
,{"stream_name":"stdout","time":11828.162600788,"data":"样本变换：reverse\n"}
,{"stream_name":"stdout","time":11831.655920759,"data":"样本变换：mask\n"}
,{"stream_name":"stdout","time":11835.177888511,"data":"样本变换：shift\n"}
,{"stream_name":"stdout","time":11838.739952909,"data":"样本变换：none\n"}
,{"stream_name":"stdout","time":11843.850694323,"data":"未过滤\t未用伪标签：96.10% -\u003e 使用伪标签：96.95%\n"}
,{"stream_name":"stdout","time":11843.850735334,"data":"已过滤\t未用伪标签：96.61% -\u003e 使用伪标签：97.65%\n"}
,{"stream_name":"stdout","time":11843.850739641,"data":"排除样本：43|6000\t剩余：1999, 2139, 1819\n"}
,{"stream_name":"stdout","time":11843.850742937,"data":"增添样本：460\t\t细则：140, 0, 320\t正确率估算：97.83%\n"}
,{"stream_name":"stdout","time":11843.85078287,"data":"类型1 正确率： 100.00% -\u003e 1   99.95%, 2    0.05%, 3    0.00%\n"}
,{"stream_name":"stdout","time":11843.850788541,"data":"类型2 正确率： 100.00% -\u003e 1    0.00%, 2  100.00%, 3    0.00%\n"}
,{"stream_name":"stdout","time":11843.850792541,"data":"类型3 正确率：  93.00% -\u003e 1    0.00%, 2    7.10%, 3   92.90%\n"}
,{"stream_name":"stdout","time":11843.850796396,"data":"\n"}
,{"stream_name":"stdout","time":11843.850799827,"data":"被排除样本 正确率：25.58%\n"}
,{"stream_name":"stdout","time":11843.850803436,"data":"类型1 正确率：   0.00% -\u003e 1    0.00%, 2  100.00%\n"}
,{"stream_name":"stdout","time":11843.850807242,"data":"类型2 正确率：  26.00% -\u003e 1   73.81%, 2   26.19%\n"}
,{"stream_name":"stdout","time":11843.85081302,"data":"\n"}
,{"stream_name":"stdout","time":11843.850820031,"data":"\n"}
,{"stream_name":"stdout","time":11857.718818402,"data":"轮次:··1/·20 || c_Loss:0.523 || e_Loss:-1.035 || Aad_Loss:-28.523 || 耗时：36.00s\n"}
,{"stream_name":"stdout","time":11871.655957494,"data":"轮次:··2/·20 || c_Loss:0.444 || e_Loss:-1.651 || Aad_Loss:-28.211 || 耗时：13.94s\n"}
,{"stream_name":"stdout","time":11885.434614941,"data":"轮次:··3/·20 || c_Loss:0.423 || e_Loss:-0.850 || Aad_Loss:-30.609 || 耗时：13.78s\n"}
,{"stream_name":"stdout","time":11899.145975474,"data":"轮次:··4/·20 || c_Loss:0.366 || e_Loss:-1.717 || Aad_Loss:-30.238 || 耗时：13.71s\n"}
,{"stream_name":"stdout","time":11912.937378479,"data":"轮次:··5/·20 || c_Loss:0.390 || e_Loss:-0.946 || Aad_Loss:-28.257 || 耗时：13.79s\n"}
,{"stream_name":"stdout","time":11919.589978532,"data":"任务: (B3)N15_M07_F04→(B2)N15_M07_F10; mix批次:····0; 批次:··470/·1880;  总正确率: 99.30%\n"}
,{"stream_name":"stdout","time":11919.590015915,"data":"类型1 正确率： 100.00% -\u003e 1   99.90%, 2    0.10%, 3    0.00%\n"}
,{"stream_name":"stdout","time":11919.590027107,"data":"类型2 正确率： 100.00% -\u003e 1    0.00%, 2  100.00%, 3    0.00%\n"}
,{"stream_name":"stdout","time":11919.590030596,"data":"类型3 正确率：  98.00% -\u003e 1    0.00%, 2    2.00%, 3   98.00%\n"}
,{"stream_name":"stdout","time":11919.590033976,"data":"\n"}
,{"stream_name":"stdout","time":11919.590037119,"data":"\n"}
,{"stream_name":"stdout","time":11919.623626191,"data":"样本变换：reverse\n"}
,{"stream_name":"stdout","time":11923.148785227,"data":"样本变换：mask\n"}
,{"stream_name":"stdout","time":11926.662786012,"data":"样本变换：shift\n"}
,{"stream_name":"stdout","time":11930.183041451,"data":"样本变换：none\n"}
,{"stream_name":"stderr","time":11935.061974802,"data":"/kaggle/working/k10/S07/sdalr_PU_final_checkpoint/tools.py:413: RuntimeWarning: invalid value encountered in divide\n"}
,{"stream_name":"stderr","time":11935.062030047,"data":"  per_class_acc = conf_matrix.diagonal() / conf_matrix.sum(axis=1) * 100\n"}
,{"stream_name":"stdout","time":11935.062091994,"data":"未过滤\t未用伪标签：99.30% -\u003e 使用伪标签：99.95%\n"}
,{"stream_name":"stdout","time":11935.062115576,"data":"已过滤\t未用伪标签：99.35% -\u003e 使用伪标签：100.00%\n"}
,{"stream_name":"stdout","time":11935.06213797,"data":"排除样本：3|6000\t剩余：2000, 2000, 1997\n"}
,{"stream_name":"stdout","time":11935.062142994,"data":"增添样本：3\t\t细则：0, 0, 3\t正确率估算：100.00%\n"}
,{"stream_name":"stdout","time":11935.06214754,"data":"类型1 正确率： 100.00% -\u003e 1  100.00%, 2    0.00%, 3    0.00%\n"}
,{"stream_name":"stdout","time":11935.062152385,"data":"类型2 正确率： 100.00% -\u003e 1    0.00%, 2  100.00%, 3    0.00%\n"}
,{"stream_name":"stdout","time":11935.062157003,"data":"类型3 正确率： 100.00% -\u003e 1    0.00%, 2    0.00%, 3  100.00%\n"}
,{"stream_name":"stdout","time":11935.062160665,"data":"\n"}
,{"stream_name":"stdout","time":11935.062164606,"data":"被排除样本 正确率：0.00%\n"}
,{"stream_name":"stdout","time":11935.062168178,"data":"类型1 没有样本或未被分类。\n"}
,{"stream_name":"stdout","time":11935.062171846,"data":"类型2 正确率：   0.00% -\u003e 1  100.00%, 2    0.00%\n"}
,{"stream_name":"stdout","time":11935.062175765,"data":"\n"}
,{"stream_name":"stdout","time":11935.062182383,"data":"\n"}
,{"stream_name":"stdout","time":11948.747503218,"data":"轮次:··6/·20 || c_Loss:0.390 || e_Loss:-0.973 || Aad_Loss:-23.893 || 耗时：35.81s\n"}
,{"stream_name":"stdout","time":11962.628336342,"data":"轮次:··7/·20 || c_Loss:0.379 || e_Loss:-0.950 || Aad_Loss:-25.598 || 耗时：13.88s\n"}
,{"stream_name":"stdout","time":11976.565951214,"data":"轮次:··8/·20 || c_Loss:0.384 || e_Loss:-0.914 || Aad_Loss:-25.183 || 耗时：13.94s\n"}
,{"stream_name":"stdout","time":11990.431641831,"data":"轮次:··9/·20 || c_Loss:0.381 || e_Loss:-1.014 || Aad_Loss:-23.994 || 耗时：13.87s\n"}
,{"stream_name":"stdout","time":12004.300533048,"data":"轮次:·10/·20 || c_Loss:0.446 || e_Loss:-0.904 || Aad_Loss:-25.278 || 耗时：13.87s\n"}
,{"stream_name":"stdout","time":12010.99764831,"data":"任务: (B3)N15_M07_F04→(B2)N15_M07_F10; mix批次:····0; 批次:··940/·1880;  总正确率: 100.00%\n"}
,{"stream_name":"stdout","time":12010.997714232,"data":"类型1 正确率： 100.00% -\u003e 1  100.00%, 2    0.00%, 3    0.00%\n"}
,{"stream_name":"stdout","time":12010.997725162,"data":"类型2 正确率： 100.00% -\u003e 1    0.00%, 2  100.00%, 3    0.00%\n"}
,{"stream_name":"stdout","time":12010.997731097,"data":"类型3 正确率： 100.00% -\u003e 1    0.00%, 2    0.00%, 3  100.00%\n"}
,{"stream_name":"stdout","time":12010.997736678,"data":"\n"}
,{"stream_name":"stdout","time":12010.997781728,"data":"\n"}
,{"stream_name":"stdout","time":12011.059664781,"data":"样本变换：reverse\n"}
,{"stream_name":"stdout","time":12014.634829053,"data":"样本变换：mask\n"}
,{"stream_name":"stdout","time":12018.225827826,"data":"样本变换：shift\n"}
,{"stream_name":"stdout","time":12021.81184152,"data":"样本变换：none\n"}
,{"stream_name":"stderr","time":12026.837119261,"data":"/usr/local/lib/python3.12/dist-packages/numpy/_core/fromnumeric.py:3596: RuntimeWarning: Mean of empty slice.\n"}
,{"stream_name":"stderr","time":12026.83717152,"data":"  return _methods._mean(a, axis=axis, dtype=dtype,\n"}
,{"stream_name":"stderr","time":12026.837180287,"data":"/usr/local/lib/python3.12/dist-packages/numpy/_core/_methods.py:138: RuntimeWarning: invalid value encountered in scalar divide\n"}
,{"stream_name":"stderr","time":12026.837187048,"data":"  ret = ret.dtype.type(ret / rcount)\n"}
,{"stream_name":"stderr","time":12026.838077792,"data":"/kaggle/working/k10/S07/sdalr_PU_final_checkpoint/tools.py:414: RuntimeWarning: Mean of empty slice.\n"}
,{"stream_name":"stderr","time":12026.838101718,"data":"  overall_acc = round(per_class_acc.mean(), 2)\n"}
,{"stream_name":"stderr","time":12026.838109341,"data":"/usr/local/lib/python3.12/dist-packages/numpy/_core/_methods.py:138: RuntimeWarning: invalid value encountered in scalar divide\n"}
,{"stream_name":"stderr","time":12026.838135545,"data":"  ret = ret.dtype.type(ret / rcount)\n"}
,{"stream_name":"stdout","time":12026.838231059,"data":"未过滤\t未用伪标签：100.00% -\u003e 使用伪标签：100.00%\n"}
,{"stream_name":"stdout","time":12026.838262972,"data":"已过滤\t未用伪标签：100.00% -\u003e 使用伪标签：100.00%\n"}
,{"stream_name":"stdout","time":12026.838268899,"data":"排除样本：2000|6000\t剩余：2000, 2000\n"}
,{"stream_name":"stdout","time":12026.838273437,"data":"增添样本：0\t\t细则：0, 0, 0类型1 正确率： 100.00% -\u003e 1  100.00%, 2    0.00%, 3    0.00%\n"}
,{"stream_name":"stdout","time":12026.838278249,"data":"类型2 正确率： 100.00% -\u003e 1    0.00%, 2  100.00%, 3    0.00%\n"}
,{"stream_name":"stdout","time":12026.838282519,"data":"类型3 正确率： 100.00% -\u003e 1    0.00%, 2    0.00%, 3  100.00%\n"}
,{"stream_name":"stdout","time":12026.838286828,"data":"\n"}
,{"stream_name":"stdout","time":12026.838292666,"data":"被排除样本 正确率：nan%\n"}
,{"stream_name":"stdout","time":12026.838300187,"data":"\n"}
,{"stream_name":"stdout","time":12026.838302808,"data":"\n"}
,{"stream_name":"stdout","time":12040.507261266,"data":"轮次:·11/·20 || c_Loss:0.384 || e_Loss:-1.004 || Aad_Loss:-23.028 || 耗时：36.21s\n"}
,{"stream_name":"stdout","time":12054.290896793,"data":"轮次:·12/·20 || c_Loss:0.382 || e_Loss:-0.982 || Aad_Loss:-23.623 || 耗时：13.78s\n"}
,{"stream_name":"stdout","time":12068.11119025,"data":"轮次:·13/·20 || c_Loss:0.386 || e_Loss:-1.012 || Aad_Loss:-22.874 || 耗时：13.82s\n"}
,{"stream_name":"stdout","time":12081.935712324,"data":"轮次:·14/·20 || c_Loss:0.380 || e_Loss:-0.982 || Aad_Loss:-22.843 || 耗时：13.82s\n"}
,{"stream_name":"stdout","time":12095.800530551,"data":"轮次:·15/·20 || c_Loss:0.385 || e_Loss:-0.990 || Aad_Loss:-23.514 || 耗时：13.86s\n"}
,{"stream_name":"stdout","time":12102.446416628,"data":"任务: (B3)N15_M07_F04→(B2)N15_M07_F10; mix批次:····0; 批次:·1410/·1880;  总正确率: 100.00%\n"}
,{"stream_name":"stdout","time":12102.44647541,"data":"类型1 正确率： 100.00% -\u003e 1  100.00%, 2    0.00%, 3    0.00%\n"}
,{"stream_name":"stdout","time":12102.446481577,"data":"类型2 正确率： 100.00% -\u003e 1    0.00%, 2  100.00%, 3    0.00%\n"}
,{"stream_name":"stdout","time":12102.446485463,"data":"类型3 正确率： 100.00% -\u003e 1    0.00%, 2    0.00%, 3  100.00%\n"}
,{"stream_name":"stdout","time":12102.446489254,"data":"\n"}
,{"stream_name":"stdout","time":12102.446492591,"data":"\n"}
,{"stream_name":"stdout","time":12102.49227563,"data":"样本变换：reverse\n"}
,{"stream_name":"stdout","time":12106.069842881,"data":"样本变换：mask\n"}
,{"stream_name":"stdout","time":12109.65293783,"data":"样本变换：shift\n"}
,{"stream_name":"stdout","time":12113.238837748,"data":"样本变换：none\n"}
,{"stream_name":"stderr","time":12118.296624017,"data":"/usr/local/lib/python3.12/dist-packages/numpy/_core/fromnumeric.py:3596: RuntimeWarning: Mean of empty slice.\n"}
,{"stream_name":"stderr","time":12118.29667064,"data":"  return _methods._mean(a, axis=axis, dtype=dtype,\n"}
,{"stream_name":"stderr","time":12118.296698977,"data":"/usr/local/lib/python3.12/dist-packages/numpy/_core/_methods.py:138: RuntimeWarning: invalid value encountered in scalar divide\n"}
,{"stream_name":"stderr","time":12118.296705757,"data":"  ret = ret.dtype.type(ret / rcount)\n"}
,{"stream_name":"stderr","time":12118.297535024,"data":"/kaggle/working/k10/S07/sdalr_PU_final_checkpoint/tools.py:414: RuntimeWarning: Mean of empty slice.\n"}
,{"stream_name":"stderr","time":12118.297578976,"data":"  overall_acc = round(per_class_acc.mean(), 2)\n"}
,{"stream_name":"stderr","time":12118.297586132,"data":"/usr/local/lib/python3.12/dist-packages/numpy/_core/_methods.py:138: RuntimeWarning: invalid value encountered in scalar divide\n"}
,{"stream_name":"stderr","time":12118.29759069,"data":"  ret = ret.dtype.type(ret / rcount)\n"}
,{"stream_name":"stdout","time":12118.29770308,"data":"未过滤\t未用伪标签：100.00% -\u003e 使用伪标签：100.00%\n"}
,{"stream_name":"stdout","time":12118.29773059,"data":"已过滤\t未用伪标签：100.00% -\u003e 使用伪标签：100.00%\n"}
,{"stream_name":"stdout","time":12118.297735672,"data":"排除样本：2000|6000\t剩余：2000, 2000\n"}
,{"stream_name":"stdout","time":12118.297741429,"data":"增添样本：0\t\t细则：0, 0, 0类型1 正确率： 100.00% -\u003e 1  100.00%, 2    0.00%, 3    0.00%\n"}
,{"stream_name":"stdout","time":12118.297761034,"data":"类型2 正确率： 100.00% -\u003e 1    0.00%, 2  100.00%, 3    0.00%\n"}
,{"stream_name":"stdout","time":12118.297766158,"data":"类型3 正确率： 100.00% -\u003e 1    0.00%, 2    0.00%, 3  100.00%\n"}
,{"stream_name":"stdout","time":12118.297777944,"data":"\n"}
,{"stream_name":"stdout","time":12118.297782135,"data":"被排除样本 正确率：nan%\n"}
,{"stream_name":"stdout","time":12118.297786109,"data":"\n"}
,{"stream_name":"stdout","time":12118.297789802,"data":"\n"}
,{"stream_name":"stdout","time":12131.963080249,"data":"轮次:·16/·20 || c_Loss:0.383 || e_Loss:-1.006 || Aad_Loss:-23.200 || 耗时：36.16s\n"}
,{"stream_name":"stdout","time":12145.769500339,"data":"轮次:·17/·20 || c_Loss:0.382 || e_Loss:-0.983 || Aad_Loss:-23.754 || 耗时：13.81s\n"}
,{"stream_name":"stdout","time":12159.624240535,"data":"轮次:·18/·20 || c_Loss:0.384 || e_Loss:-1.012 || Aad_Loss:-23.053 || 耗时：13.85s\n"}
,{"stream_name":"stdout","time":12173.472952361,"data":"轮次:·19/·20 || c_Loss:0.379 || e_Loss:-0.983 || Aad_Loss:-23.012 || 耗时：13.85s\n"}
,{"stream_name":"stdout","time":12187.350026497,"data":"轮次:·20/·20 || c_Loss:0.384 || e_Loss:-0.988 || Aad_Loss:-23.685 || 耗时：13.88s\n"}
,{"stream_name":"stdout","time":12194.012839919,"data":"任务: (B3)N15_M07_F04→(B2)N15_M07_F10; mix批次:····0; 批次:·1880/·1880;  总正确率: 100.00%\n"}
,{"stream_name":"stdout","time":12194.012885943,"data":"类型1 正确率： 100.00% -\u003e 1  100.00%, 2    0.00%, 3    0.00%\n"}
,{"stream_name":"stdout","time":12194.012895184,"data":"类型2 正确率： 100.00% -\u003e 1    0.00%, 2  100.00%, 3    0.00%\n"}
,{"stream_name":"stdout","time":12194.012901777,"data":"类型3 正确率： 100.00% -\u003e 1    0.00%, 2    0.00%, 3  100.00%\n"}
,{"stream_name":"stdout","time":12194.012908006,"data":"\n"}
,{"stream_name":"stdout","time":12194.012912911,"data":"\n"}
,{"stream_name":"stdout","time":12200.664568723,"data":"测试集任务: (B3)N15_M07_F04→(B2)N15_M07_F10; 总正确率 = 100.00%\n"}
,{"stream_name":"stdout","time":12200.66462661,"data":"类型1 正确率： 100.00% -\u003e 1  100.00%, 2    0.00%, 3    0.00%\n"}
,{"stream_name":"stdout","time":12200.664631816,"data":"类型2 正确率： 100.00% -\u003e 1    0.00%, 2  100.00%, 3    0.00%\n"}
,{"stream_name":"stdout","time":12200.664635693,"data":"类型3 正确率： 100.00% -\u003e 1    0.00%, 2    0.00%, 3  100.00%\n"}
,{"stream_name":"stdout","time":12200.664639249,"data":"\n"}
,{"stream_name":"stdout","time":12200.664642575,"data":"\n"}
,{"stream_name":"stdout","time":12200.6972961,"data":"[tar_adaptation_RES_PU.py --folder_root /kaggle/working/k10/S07/sdalr_PU_final_checkpoint/DATA_foldS07 --seed 2024 --class_num 3 --data_name PU_M1_L3 --output /kaggle/working/k10/S07/weight_PU_M1_final_checkpoint_FS07toS07_s2024 --s 2 --t 1 --lr 0.0005 --threshold 0.4 --K 0.6] 384s\n"}
,{"stream_name":"stdout","time":12200.71761522,"data":"{\n"}
,{"stream_name":"stdout","time":12200.717639468,"data":"  \"dataset\": \"PU_M1\",\n"}
,{"stream_name":"stdout","time":12200.717645971,"data":"  \"variant\": \"final_checkpoint\",\n"}
,{"stream_name":"stdout","time":12200.717650464,"data":"  \"seed\": 2024,\n"}
,{"stream_name":"stdout","time":12200.717666707,"data":"  \"smoke\": false,\n"}
,{"stream_name":"stdout","time":12200.717670784,"data":"  \"src_fold\": \"S07\",\n"}
,{"stream_name":"stdout","time":12200.717681096,"data":"  \"tgt_fold\": \"S07\",\n"}
,{"stream_name":"stdout","time":12200.717713069,"data":"  \"leaky\": true,\n"}
,{"stream_name":"stdout","time":12200.717718055,"data":"  \"hyperparameters\": {\n"}
,{"stream_name":"stdout","time":12200.717722699,"data":"    \"lr\": \"0.0005\",\n"}
,{"stream_name":"stdout","time":12200.717726661,"data":"    \"threshold\": \"0.4\",\n"}
,{"stream_name":"stdout","time":12200.717730614,"data":"    \"K\": \"0.6\"\n"}
,{"stream_name":"stdout","time":12200.717734495,"data":"  },\n"}
,{"stream_name":"stdout","time":12200.717738203,"data":"  \"adapters\": [\n"}
,{"stream_name":"stdout","time":12200.717742062,"data":"    \"npz_io\",\n"}
,{"stream_name":"stdout","time":12200.717765427,"data":"    \"tsne_stub\",\n"}
,{"stream_name":"stdout","time":12200.717773808,"data":"    \"final_checkpoint_patch\"\n"}
,{"stream_name":"stdout","time":12200.71777809,"data":"  ],\n"}
,{"stream_name":"stdout","time":12200.717781779,"data":"  \"source_only\": {\n"}
,{"stream_name":"stdout","time":12200.717785694,"data":"    \"A1-\u003eA3\": 99.19,\n"}
,{"stream_name":"stdout","time":12200.717789999,"data":"    \"A1-\u003eA2\": 92.17,\n"}
,{"stream_name":"stdout","time":12200.717793939,"data":"    \"A3-\u003eA1\": 99.92,\n"}
,{"stream_name":"stdout","time":12200.717797817,"data":"    \"A3-\u003eA2\": 94.81,\n"}
,{"stream_name":"stdout","time":12200.717801714,"data":"    \"A2-\u003eA1\": 94.52,\n"}
,{"stream_name":"stdout","time":12200.717805525,"data":"    \"A2-\u003eA3\": 96.28\n"}
,{"stream_name":"stdout","time":12200.717809382,"data":"  },\n"}
,{"stream_name":"stdout","time":12200.717813056,"data":"  \"adapted\": {\n"}
,{"stream_name":"stdout","time":12200.717816904,"data":"    \"A1-\u003eA3\": 100.0,\n"}
,{"stream_name":"stdout","time":12200.717822767,"data":"    \"A1-\u003eA2\": 96.7,\n"}
,{"stream_name":"stdout","time":12200.717830092,"data":"    \"A3-\u003eA1\": 100.0,\n"}
,{"stream_name":"stdout","time":12200.717832687,"data":"    \"A3-\u003eA2\": 98.65,\n"}
,{"stream_name":"stdout","time":12200.717835205,"data":"    \"A2-\u003eA1\": 100.0,\n"}
,{"stream_name":"stdout","time":12200.717837819,"data":"    \"A2-\u003eA3\": 100.0\n"}
,{"stream_name":"stdout","time":12200.717854245,"data":"  },\n"}
,{"stream_name":"stdout","time":12200.717858884,"data":"  \"seconds\": {\n"}
,{"stream_name":"stdout","time":12200.717863466,"data":"    \"pretrain\": 312,\n"}
,{"stream_name":"stdout","time":12200.717867924,"data":"    \"A1-\u003eA3\": 383,\n"}
,{"stream_name":"stdout","time":12200.717872608,"data":"    \"A1-\u003eA2\": 384,\n"}
,{"stream_name":"stdout","time":12200.717876869,"data":"    \"A3-\u003eA1\": 383,\n"}
,{"stream_name":"stdout","time":12200.717880686,"data":"    \"A3-\u003eA2\": 384,\n"}
,{"stream_name":"stdout","time":12200.717884861,"data":"    \"A2-\u003eA1\": 382,\n"}
,{"stream_name":"stdout","time":12200.717888629,"data":"    \"A2-\u003eA3\": 384\n"}
,{"stream_name":"stdout","time":12200.717892503,"data":"  },\n"}
,{"stream_name":"stdout","time":12200.717906812,"data":"  \"gate_log\": {\n"}
,{"stream_name":"stdout","time":12200.717910687,"data":"    \"A1-\u003eA3\": [],\n"}
,{"stream_name":"stdout","time":12200.71791468,"data":"    \"A1-\u003eA2\": [],\n"}
,{"stream_name":"stdout","time":12200.717918509,"data":"    \"A3-\u003eA1\": [],\n"}
,{"stream_name":"stdout","time":12200.717922422,"data":"    \"A3-\u003eA2\": [],\n"}
,{"stream_name":"stdout","time":12200.717926176,"data":"    \"A2-\u003eA1\": [],\n"}
,{"stream_name":"stdout","time":12200.717931964,"data":"    \"A2-\u003eA3\": []\n"}
,{"stream_name":"stdout","time":12200.717939354,"data":"  },\n"}
,{"stream_name":"stdout","time":12200.717955991,"data":"  \"gate\": \"none\"\n"}
,{"stream_name":"stdout","time":12200.717961184,"data":"}\n"}
,{"stream_name":"stdout","time":12202.049407938,"data":"RUN /usr/bin/python3 -u /kaggle/input/datasets/rhrhrhrhrh/physgate-m0-code/sdalr_runner.py --sdalr /kaggle/input/datasets/rhrhrhrhrh/physgate-m0-code --m0 /kaggle/input/datasets/rhrhrhrhrh/physgate-k10-g3 --dataset PU_M1 --src-fold S07 --tgt-fold S07c --variant final_checkpoint --work /kaggle/working/k10/S07 --seed 2024 --gate none --gate-verdicts /kaggle/input/datasets/rhrhrhrhrh/physgate-m0-code/gate_verdicts.json --skip-pretrain\n"}
,{"stream_name":"stdout","time":12209.434105724,"data":"读取源域路径：/kaggle/working/k10/S07/weight_PU_M1_final_checkpoint_FS07toS07c_s2024/NEW_PU/Source-源域/log\u0026pt/(B1)N15_M01_F10\n"}
,{"stream_name":"stdout","time":12209.434143573,"data":"excel输出位置：/kaggle/working/k10/S07/weight_PU_M1_final_checkpoint_FS07toS07c_s2024/NEW_PU/Target-目标域\n"}
,{"stream_name":"stdout","time":12209.434721168,"data":"特征图片输出位置：/kaggle/working/k10/S07/weight_PU_M1_final_checkpoint_FS07toS07c_s2024/NEW_PU/Picture-特征图/2026年09月19日06时28分/(B1)N15_M01_F10\n"}
,{"stream_name":"stderr","time":12209.801091176,"data":"/usr/local/lib/python3.12/dist-packages/torch/nn/utils/weight_norm.py:144: FutureWarning: `torch.nn.utils.weight_norm` is deprecated in favor of `torch.nn.utils.parametrizations.weight_norm`.\n"}
,{"stream_name":"stderr","time":12209.801129,"data":"  WeightNorm.apply(module, name, dim)\n"}
,{"stream_name":"stdout","time":12209.854579962,"data":"现在选取:(B1)N15_M01_F10 进行训练的源模型\n"}
,{"stream_name":"stdout","time":12209.854615455,"data":"现在进行：(B1)N15_M01_F10→(B2)N15_M07_F10 的迁移任务\n"}
,{"stream_name":"stdout","time":12209.854622111,"data":"log\u0026pt输出位置：/kaggle/working/k10/S07/weight_PU_M1_final_checkpoint_FS07toS07c_s2024/NEW_PU/Target-目标域/log\u0026pt/(B1)N15_M01_F10→(B2)N15_M07_F10\n"}
,{"stream_name":"stderr","time":12209.85609447,"data":"sh: 1: Syntax error: word unexpected (expecting \")\")\n"}
,{"stream_name":"stdout","time":12222.294089871,"data":"任务: (B1)N15_M01_F10→(B2)N15_M07_F10; 批次:····0/·1880;  总正确率: 61.28%\n"}
,{"stream_name":"stdout","time":12222.294153489,"data":"类型1 正确率：  90.00% -\u003e 1   90.50%, 2    6.45%, 3    3.05%\n"}
,{"stream_name":"stdout","time":12222.294162611,"data":"类型2 正确率：  93.00% -\u003e 1    0.00%, 2   93.35%, 3    6.65%\n"}
,{"stream_name":"stdout","time":12222.294168534,"data":"类型3 正确率：   0.00% -\u003e 1    0.00%, 2  100.00%, 3    0.00%\n"}
,{"stream_name":"stdout","time":12222.294174294,"data":"\n"}
,{"stream_name":"stdout","time":12222.294179636,"data":"\n"}
,{"stream_name":"stdout","time":12222.294860058,"data":"样本变换：reverse\n"}
,{"stream_name":"stdout","time":12225.866005627,"data":"样本变换：mask\n"}
,{"stream_name":"stdout","time":12229.492810618,"data":"样本变换：shift\n"}
,{"stream_name":"stdout","time":12233.152837121,"data":"样本变换：none\n"}
,{"stream_name":"stderr","time":12239.629029489,"data":"/kaggle/working/k10/S07/sdalr_PU_final_checkpoint/tools.py:413: RuntimeWarning: invalid value encountered in divide\n"}
,{"stream_name":"stderr","time":12239.629075069,"data":"  per_class_acc = conf_matrix.diagonal() / conf_matrix.sum(axis=1) * 100\n"}
,{"stream_name":"stdout","time":12239.629265269,"data":"未过滤\t未用伪标签：61.28% -\u003e 使用伪标签：59.53%\n"}
,{"stream_name":"stdout","time":12239.629278185,"data":"已过滤\t未用伪标签：61.23% -\u003e 使用伪标签：60.58%\n"}
,{"stream_name":"stdout","time":12239.629283306,"data":"排除样本：104|6000\t剩余：1912, 3682, 302\n"}
,{"stream_name":"stdout","time":12239.629288166,"data":"增添样本：5150\t\t细则：1770, 0, 3380\t正确率估算：87.84%\n"}
,{"stream_name":"stdout","time":12239.629292603,"data":"类型1 正确率：  98.00% -\u003e 1   97.50%, 2    1.12%, 3    1.38%\n"}
,{"stream_name":"stdout","time":12239.629297144,"data":"类型2 正确率：  86.00% -\u003e 1    0.00%, 2   85.79%, 3   14.21%\n"}
,{"stream_name":"stdout","time":12239.629301396,"data":"类型3 正确率：   0.00% -\u003e 1    0.00%, 2  100.00%, 3    0.00%\n"}
,{"stream_name":"stdout","time":12239.629305515,"data":"\n"}
,{"stream_name":"stdout","time":12239.629309201,"data":"被排除样本 正确率：64.42%\n"}
,{"stream_name":"stdout","time":12239.629315412,"data":"类型1 正确率：   5.00% -\u003e 1    5.13%, 2   53.85%, 3   41.03%\n"}
,{"stream_name":"stdout","time":12239.629322516,"data":"类型2 正确率： 100.00% -\u003e 1    0.00%, 2  100.00%, 3    0.00%\n"}
,{"stream_name":"stdout","time":12239.629325345,"data":"类型3 没有样本或未被分类。\n"}
,{"stream_name":"stdout","time":12239.629328011,"data":"\n"}
,{"stream_name":"stdout","time":12239.629330455,"data":"\n"}
,{"stream_name":"stdout","time":12254.743690027,"data":"轮次:··1/·20 || c_Loss:0.539 || e_Loss:-1.346 || Aad_Loss:-35.501 || 耗时：39.12s\n"}
,{"stream_name":"stdout","time":12268.717053489,"data":"轮次:··2/·20 || c_Loss:0.421 || e_Loss:-0.613 || Aad_Loss:-37.106 || 耗时：13.97s\n"}
,{"stream_name":"stdout","time":12282.198273543,"data":"轮次:··3/·20 || c_Loss:0.421 || e_Loss:-1.382 || Aad_Loss:-36.714 || 耗时：13.48s\n"}
,{"stream_name":"stdout","time":12295.64278381,"data":"轮次:··4/·20 || c_Loss:0.393 || e_Loss:-1.075 || Aad_Loss:-37.793 || 耗时：13.44s\n"}
,{"stream_name":"stdout","time":12309.176197014,"data":"轮次:··5/·20 || c_Loss:0.407 || e_Loss:-1.273 || Aad_Loss:-38.252 || 耗时：13.53s\n"}
,{"stream_name":"stdout","time":12315.858165915,"data":"任务: (B1)N15_M01_F10→(B2)N15_M07_F10; mix批次:····0; 批次:··470/·1880;  总正确率: 62.05%\n"}
,{"stream_name":"stdout","time":12315.858203732,"data":"类型1 正确率： 100.00% -\u003e 1  100.00%, 2    0.00%, 3    0.00%\n"}
,{"stream_name":"stdout","time":12315.858211456,"data":"类型2 正确率：  86.00% -\u003e 1    0.00%, 2   86.15%, 3   13.85%\n"}
,{"stream_name":"stdout","time":12315.858217758,"data":"类型3 正确率：   0.00% -\u003e 1    0.00%, 2  100.00%, 3    0.00%\n"}
,{"stream_name":"stdout","time":12315.858223847,"data":"\n"}
,{"stream_name":"stdout","time":12315.858229342,"data":"\n"}
,{"stream_name":"stdout","time":12315.897909597,"data":"样本变换：reverse\n"}
,{"stream_name":"stdout","time":12319.488837291,"data":"样本变换：mask\n"}
,{"stream_name":"stdout","time":12323.12381927,"data":"样本变换：shift\n"}
,{"stream_name":"stdout","time":12326.731836535,"data":"样本变换：none\n"}
,{"stream_name":"stderr","time":12332.968323832,"data":"/kaggle/working/k10/S07/sdalr_PU_final_checkpoint/tools.py:413: RuntimeWarning: invalid value encountered in divide\n"}
,{"stream_name":"stderr","time":12332.968406724,"data":"  per_class_acc = conf_matrix.diagonal() / conf_matrix.sum(axis=1) * 100\n"}
,{"stream_name":"stdout","time":12332.968565066,"data":"未过滤\t未用伪标签：62.05% -\u003e 使用伪标签：63.32%\n"}
,{"stream_name":"stdout","time":12332.968581467,"data":"已过滤\t未用伪标签：62.25% -\u003e 使用伪标签：63.52%\n"}
,{"stream_name":"stdout","time":12332.968584864,"data":"排除样本：19|6000\t剩余：2000, 3799, 182\n"}
,{"stream_name":"stdout","time":12332.968587795,"data":"增添样本：5416\t\t细则：1799, 0, 3617\t正确率估算：99.95%\n"}
,{"stream_name":"stdout","time":12332.968590938,"data":"类型1 正确率： 100.00% -\u003e 1  100.00%, 2    0.00%, 3    0.00%\n"}
,{"stream_name":"stdout","time":12332.968608756,"data":"类型2 正确率：  91.00% -\u003e 1    0.00%, 2   90.81%, 3    9.19%\n"}
,{"stream_name":"stdout","time":12332.968613943,"data":"类型3 正确率：   0.00% -\u003e 1    0.00%, 2  100.00%, 3    0.00%\n"}
,{"stream_name":"stdout","time":12332.968618284,"data":"\n"}
,{"stream_name":"stdout","time":12332.968623073,"data":"被排除样本 正确率：0.00%\n"}
,{"stream_name":"stdout","time":12332.968627721,"data":"类型1 正确率：   0.00% -\u003e 1    0.00%, 2  100.00%\n"}
,{"stream_name":"stdout","time":12332.968645135,"data":"类型2 没有样本或未被分类。\n"}
,{"stream_name":"stdout","time":12332.96864966,"data":"\n"}
,{"stream_name":"stdout","time":12332.96865409,"data":"\n"}
,{"stream_name":"stdout","time":12346.735182186,"data":"轮次:··6/·20 || c_Loss:0.417 || e_Loss:-0.696 || Aad_Loss:-40.523 || 耗时：37.56s\n"}
,{"stream_name":"stdout","time":12360.5056739,"data":"轮次:··7/·20 || c_Loss:0.388 || e_Loss:-0.716 || Aad_Loss:-43.161 || 耗时：13.77s\n"}
,{"stream_name":"stdout","time":12374.245316238,"data":"轮次:··8/·20 || c_Loss:0.390 || e_Loss:-1.359 || Aad_Loss:-44.649 || 耗时：13.74s\n"}
,{"stream_name":"stdout","time":12387.94624808,"data":"轮次:··9/·20 || c_Loss:0.386 || e_Loss:-0.691 || Aad_Loss:-43.551 || 耗时：13.70s\n"}
,{"stream_name":"stdout","time":12401.673303434,"data":"轮次:·10/·20 || c_Loss:0.389 || e_Loss:-0.708 || Aad_Loss:-42.736 || 耗时：13.73s\n"}
,{"stream_name":"stdout","time":12408.274160707,"data":"任务: (B1)N15_M01_F10→(B2)N15_M07_F10; mix批次:····0; 批次:··940/·1880;  总正确率: 63.08%\n"}
,{"stream_name":"stdout","time":12408.274206373,"data":"类型1 正确率： 100.00% -\u003e 1  100.00%, 2    0.00%, 3    0.00%\n"}
,{"stream_name":"stdout","time":12408.274212144,"data":"类型2 正确率：  89.00% -\u003e 1    0.00%, 2   89.25%, 3   10.75%\n"}
,{"stream_name":"stdout","time":12408.274215925,"data":"类型3 正确率：   0.00% -\u003e 1    0.00%, 2  100.00%, 3    0.00%\n"}
,{"stream_name":"stdout","time":12408.274219698,"data":"\n"}
,{"stream_name":"stdout","time":12408.274223052,"data":"\n"}
,{"stream_name":"stdout","time":12408.319514272,"data":"样本变换：reverse\n"}
,{"stream_name":"stdout","time":12411.862911691,"data":"样本变换：mask\n"}
,{"stream_name":"stdout","time":12415.474796468,"data":"样本变换：shift\n"}
,{"stream_name":"stdout","time":12419.047841963,"data":"样本变换：none\n"}
,{"stream_name":"stderr","time":12425.165774415,"data":"/usr/local/lib/python3.12/dist-packages/sklearn/metrics/_classification.py:407: UserWarning: A single label was found in 'y_true' and 'y_pred'. For the confusion matrix to have the correct shape, use the 'labels' parameter to pass all known labels.\n"}
,{"stream_name":"stderr","time":12425.165824728,"data":"  warnings.warn(\n"}
,{"stream_name":"stdout","time":12425.166071849,"data":"未过滤\t未用伪标签：63.08% -\u003e 使用伪标签：60.90%\n"}
,{"stream_name":"stdout","time":12425.166104532,"data":"已过滤\t未用伪标签：63.00% -\u003e 使用伪标签：61.04%\n"}
,{"stream_name":"stdout","time":12425.166109595,"data":"排除样本：14|6000\t剩余：2000, 3654, 332\n"}
,{"stream_name":"stdout","time":12425.166146708,"data":"增添样本：4976\t\t细则：1654, 0, 3322\t正确率估算：94.16%\n"}
,{"stream_name":"stdout","time":12425.166152572,"data":"类型1 正确率： 100.00% -\u003e 1  100.00%, 2    0.00%, 3    0.00%\n"}
,{"stream_name":"stdout","time":12425.166157975,"data":"类型2 正确率：  83.00% -\u003e 1    0.00%, 2   83.28%, 3   16.72%\n"}
,{"stream_name":"stdout","time":12425.166162969,"data":"类型3 正确率：   0.00% -\u003e 1    0.00%, 2  100.00%, 3    0.00%\n"}
,{"stream_name":"stdout","time":12425.166167967,"data":"\n"}
,{"stream_name":"stdout","time":12425.166171847,"data":"被排除样本 正确率：100.00%\n"}
,{"stream_name":"stdout","time":12425.166176132,"data":"类型1 正确率： 100.00% -\u003e 1  100.00%\n"}
,{"stream_name":"stdout","time":12425.166180231,"data":"\n"}
,{"stream_name":"stdout","time":12425.166183943,"data":"\n"}
,{"stream_name":"stdout","time":12438.820386443,"data":"轮次:·11/·20 || c_Loss:0.392 || e_Loss:-0.719 || Aad_Loss:-40.615 || 耗时：37.15s\n"}
,{"stream_name":"stdout","time":12452.621930278,"data":"轮次:·12/·20 || c_Loss:0.389 || e_Loss:-0.724 || Aad_Loss:-37.939 || 耗时：13.80s\n"}
,{"stream_name":"stdout","time":12466.478803282,"data":"轮次:·13/·20 || c_Loss:0.384 || e_Loss:-0.736 || Aad_Loss:-41.216 || 耗时：13.86s\n"}
,{"stream_name":"stdout","time":12480.349824508,"data":"轮次:·14/·20 || c_Loss:0.375 || e_Loss:-0.745 || Aad_Loss:-41.162 || 耗时：13.87s\n"}
,{"stream_name":"stdout","time":12494.245956129,"data":"轮次:·15/·20 || c_Loss:0.367 || e_Loss:-0.780 || Aad_Loss:-39.841 || 耗时：13.90s\n"}
,{"stream_name":"stdout","time":12500.946548938,"data":"任务: (B1)N15_M01_F10→(B2)N15_M07_F10; mix批次:····0; 批次:·1410/·1880;  总正确率: 60.80%\n"}
,{"stream_name":"stdout","time":12500.946595232,"data":"类型1 正确率： 100.00% -\u003e 1  100.00%, 2    0.00%, 3    0.00%\n"}
,{"stream_name":"stdout","time":12500.946619525,"data":"类型2 正确率：  82.00% -\u003e 1    0.00%, 2   82.40%, 3   17.60%\n"}
,{"stream_name":"stdout","time":12500.946626653,"data":"类型3 正确率：   0.00% -\u003e 1    0.00%, 2  100.00%, 3    0.00%\n"}
,{"stream_name":"stdout","time":12500.946633542,"data":"\n"}
,{"stream_name":"stdout","time":12500.946639455,"data":"\n"}
,{"stream_name":"stdout","time":12501.008249791,"data":"样本变换：reverse\n"}
,{"stream_name":"stdout","time":12504.574642012,"data":"样本变换：mask\n"}
,{"stream_name":"stdout","time":12508.160912089,"data":"样本变换：shift\n"}
,{"stream_name":"stdout","time":12511.762879924,"data":"样本变换：none\n"}
,{"stream_name":"stderr","time":12517.877623817,"data":"/usr/local/lib/python3.12/dist-packages/sklearn/metrics/_classification.py:407: UserWarning: A single label was found in 'y_true' and 'y_pred'. For the confusion matrix to have the correct shape, use the 'labels' parameter to pass all known labels.\n"}
,{"stream_name":"stderr","time":12517.877690924,"data":"  warnings.warn(\n"}
,{"stream_name":"stdout","time":12517.877931914,"data":"未过滤\t未用伪标签：60.80% -\u003e 使用伪标签：59.85%\n"}
,{"stream_name":"stdout","time":12517.877949833,"data":"已过滤\t未用伪标签：60.74% -\u003e 使用伪标签：59.94%\n"}
,{"stream_name":"stdout","time":12517.87795694,"data":"排除样本：9|6000\t剩余：2000, 3591, 400\n"}
,{"stream_name":"stdout","time":12517.877983177,"data":"增添样本：4782\t\t细则：1591, 0, 3191\t正确率估算：97.99%\n"}
,{"stream_name":"stdout","time":12517.87798816,"data":"类型1 正确率： 100.00% -\u003e 1  100.00%, 2    0.00%, 3    0.00%\n"}
,{"stream_name":"stdout","time":12517.877992611,"data":"类型2 正确率：  80.00% -\u003e 1    0.00%, 2   79.91%, 3   20.09%\n"}
,{"stream_name":"stdout","time":12517.877996737,"data":"类型3 正确率：   0.00% -\u003e 1    0.00%, 2  100.00%, 3    0.00%\n"}
,{"stream_name":"stdout","time":12517.878000953,"data":"\n"}
,{"stream_name":"stdout","time":12517.878004943,"data":"被排除样本 正确率：100.00%\n"}
,{"stream_name":"stdout","time":12517.878009048,"data":"类型1 正确率： 100.00% -\u003e 1  100.00%\n"}
,{"stream_name":"stdout","time":12517.878013224,"data":"\n"}
,{"stream_name":"stdout","time":12517.878017,"data":"\n"}
,{"stream_name":"stdout","time":12531.531835838,"data":"轮次:·16/·20 || c_Loss:0.367 || e_Loss:-0.723 || Aad_Loss:-44.043 || 耗时：37.29s\n"}
,{"stream_name":"stdout","time":12545.320118503,"data":"轮次:·17/·20 || c_Loss:0.401 || e_Loss:-0.711 || Aad_Loss:-39.318 || 耗时：13.79s\n"}
,{"stream_name":"stdout","time":12559.086973952,"data":"轮次:·18/·20 || c_Loss:0.367 || e_Loss:-0.773 || Aad_Loss:-40.971 || 耗时：13.77s\n"}
,{"stream_name":"stdout","time":12572.872934017,"data":"轮次:·19/·20 || c_Loss:0.394 || e_Loss:-1.376 || Aad_Loss:-35.668 || 耗时：13.79s\n"}
,{"stream_name":"stdout","time":12586.629991407,"data":"轮次:·20/·20 || c_Loss:0.371 || e_Loss:-0.752 || Aad_Loss:-43.987 || 耗时：13.76s\n"}
,{"stream_name":"stdout","time":12593.219773902,"data":"任务: (B1)N15_M01_F10→(B2)N15_M07_F10; mix批次:····0; 批次:·1880/·1880;  总正确率: 59.38%\n"}
,{"stream_name":"stdout","time":12593.219818487,"data":"类型1 正确率： 100.00% -\u003e 1  100.00%, 2    0.00%, 3    0.00%\n"}
,{"stream_name":"stdout","time":12593.219827233,"data":"类型2 正确率：  78.00% -\u003e 1    0.00%, 2   78.15%, 3   21.85%\n"}
,{"stream_name":"stdout","time":12593.219833885,"data":"类型3 正确率：   0.00% -\u003e 1    0.00%, 2  100.00%, 3    0.00%\n"}
,{"stream_name":"stdout","time":12593.219840502,"data":"\n"}
,{"stream_name":"stdout","time":12593.219846262,"data":"\n"}
,{"stream_name":"stdout","time":12599.775822211,"data":"测试集任务: (B1)N15_M01_F10→(B2)N15_M07_F10; 总正确率 = 59.38%\n"}
,{"stream_name":"stdout","time":12599.775870703,"data":"类型1 正确率： 100.00% -\u003e 1  100.00%, 2    0.00%, 3    0.00%\n"}
,{"stream_name":"stdout","time":12599.775876905,"data":"类型2 正确率：  78.00% -\u003e 1    0.00%, 2   78.15%, 3   21.85%\n"}
,{"stream_name":"stdout","time":12599.775880955,"data":"类型3 正确率：   0.00% -\u003e 1    0.00%, 2  100.00%, 3    0.00%\n"}
,{"stream_name":"stdout","time":12599.775884802,"data":"\n"}
,{"stream_name":"stdout","time":12599.775888377,"data":"\n"}
,{"stream_name":"stdout","time":12599.800656708,"data":"[tar_adaptation_RES_PU.py --folder_root /kaggle/working/k10/S07/sdalr_PU_final_checkpoint/DATA_foldS07c --seed 2024 --class_num 3 --data_name PU_M1_L3 --output /kaggle/working/k10/S07/weight_PU_M1_final_checkpoint_FS07toS07c_s2024 --s 0 --t 1 --lr 0.0005 --threshold 0.4 --K 0.6] 390s\n"}
,{"stream_name":"stdout","time":12599.831828637,"data":"读取源域路径：/kaggle/working/k10/S07/weight_PU_M1_final_checkpoint_FS07toS07c_s2024/NEW_PU/Source-源域/log\u0026pt/(B1)N15_M01_F10\n"}
,{"stream_name":"stdout","time":12599.831873965,"data":"excel输出位置：/kaggle/working/k10/S07/weight_PU_M1_final_checkpoint_FS07toS07c_s2024/NEW_PU/Target-目标域\n"}
,{"stream_name":"stdout","time":12599.83188959,"data":"特征图片输出位置：/kaggle/working/k10/S07/weight_PU_M1_final_checkpoint_FS07toS07c_s2024/NEW_PU/Picture-特征图/2026年09月19日06时35分/(B1)N15_M01_F10\n"}
,{"stream_name":"stderr","time":12599.872521507,"data":"/usr/local/lib/python3.12/dist-packages/torch/nn/utils/weight_norm.py:144: FutureWarning: `torch.nn.utils.weight_norm` is deprecated in favor of `torch.nn.utils.parametrizations.weight_norm`.\n"}
,{"stream_name":"stderr","time":12599.872561926,"data":"  WeightNorm.apply(module, name, dim)\n"}
,{"stream_name":"stdout","time":12599.916928094,"data":"现在选取:(B1)N15_M01_F10 进行训练的源模型\n"}
,{"stream_name":"stdout","time":12599.916969286,"data":"现在进行：(B1)N15_M01_F10→(B3)N15_M07_F04 的迁移任务\n"}
,{"stream_name":"stdout","time":12599.916974989,"data":"log\u0026pt输出位置：/kaggle/working/k10/S07/weight_PU_M1_final_checkpoint_FS07toS07c_s2024/NEW_PU/Target-目标域/log\u0026pt/(B1)N15_M01_F10→(B3)N15_M07_F04\n"}
,{"stream_name":"stderr","time":12599.918504649,"data":"sh: 1: Syntax error: word unexpected (expecting \")\")\n"}
,{"stream_name":"stdout","time":12612.14540593,"data":"任务: (B1)N15_M01_F10→(B3)N15_M07_F04; 批次:····0/·1880;  总正确率: 60.65%\n"}
,{"stream_name":"stdout","time":12612.145459314,"data":"类型1 正确率：  98.00% -\u003e 1   97.85%, 2    1.20%, 3    0.95%\n"}
,{"stream_name":"stdout","time":12612.145465729,"data":"类型2 正确率：  83.00% -\u003e 1    0.00%, 2   82.60%, 3   17.40%\n"}
,{"stream_name":"stdout","time":12612.145469848,"data":"类型3 正确率：   2.00% -\u003e 1    3.45%, 2   95.05%, 3    1.50%\n"}
,{"stream_name":"stdout","time":12612.145473738,"data":"\n"}
,{"stream_name":"stdout","time":12612.14547715,"data":"\n"}
,{"stream_name":"stdout","time":12612.146359797,"data":"样本变换：reverse\n"}
,{"stream_name":"stdout","time":12615.685915238,"data":"样本变换：mask\n"}
,{"stream_name":"stdout","time":12619.276106201,"data":"样本变换：shift\n"}
,{"stream_name":"stdout","time":12622.911828493,"data":"样本变换：none\n"}
,{"stream_name":"stdout","time":12629.185013367,"data":"未过滤\t未用伪标签：60.65% -\u003e 使用伪标签：62.83%\n"}
,{"stream_name":"stdout","time":12629.185055949,"data":"已过滤\t未用伪标签：61.04% -\u003e 使用伪标签：63.34%\n"}
,{"stream_name":"stdout","time":12629.185063049,"data":"排除样本：48|6000\t剩余：1991, 3566, 395\n"}
,{"stream_name":"stdout","time":12629.185068383,"data":"增添样本：4746\t\t细则：1575, 0, 3171\t正确率估算：95.03%\n"}
,{"stream_name":"stdout","time":12629.185073701,"data":"类型1 正确率： 100.00% -\u003e 1   99.60%, 2    0.35%, 3    0.05%\n"}
,{"stream_name":"stdout","time":12629.185078818,"data":"类型2 正确率：  85.00% -\u003e 1    0.00%, 2   84.96%, 3   15.04%\n"}
,{"stream_name":"stdout","time":12629.185084203,"data":"类型3 正确率：   5.00% -\u003e 1    0.25%, 2   94.92%, 3    4.82%\n"}
,{"stream_name":"stdout","time":12629.185089323,"data":"\n"}
,{"stream_name":"stdout","time":12629.185094773,"data":"被排除样本 正确率：12.50%\n"}
,{"stream_name":"stdout","time":12629.185099683,"data":"类型1 正确率：   0.00% -\u003e 1    0.00%, 2   66.67%, 3   33.33%\n"}
,{"stream_name":"stdout","time":12629.185104602,"data":"类型2 正确率：  33.00% -\u003e 1    0.00%, 2   33.33%, 3   66.67%\n"}
,{"stream_name":"stdout","time":12629.185109868,"data":"类型3 正确率：   7.00% -\u003e 1   23.33%, 2   70.00%, 3    6.67%\n"}
,{"stream_name":"stdout","time":12629.185114781,"data":"\n"}
,{"stream_name":"stdout","time":12629.18511957,"data":"\n"}
,{"stream_name":"stdout","time":12643.3161361,"data":"轮次:··1/·20 || c_Loss:0.616 || e_Loss:-0.878 || Aad_Loss:-33.044 || 耗时：37.59s\n"}
,{"stream_name":"stdout","time":12657.214048813,"data":"轮次:··2/·20 || c_Loss:0.379 || e_Loss:-0.753 || Aad_Loss:-38.494 || 耗时：13.90s\n"}
,{"stream_name":"stdout","time":12670.958774368,"data":"轮次:··3/·20 || c_Loss:0.385 || e_Loss:-1.797 || Aad_Loss:-39.098 || 耗时：13.74s\n"}
,{"stream_name":"stdout","time":12684.686723689,"data":"轮次:··4/·20 || c_Loss:0.412 || e_Loss:-1.411 || Aad_Loss:-33.313 || 耗时：13.73s\n"}
,{"stream_name":"stdout","time":12698.578813022,"data":"轮次:··5/·20 || c_Loss:0.372 || e_Loss:-0.789 || Aad_Loss:-39.630 || 耗时：13.89s\n"}
,{"stream_name":"stdout","time":12705.295854748,"data":"任务: (B1)N15_M01_F10→(B3)N15_M07_F04; mix批次:····0; 批次:··470/·1880;  总正确率: 62.42%\n"}
,{"stream_name":"stdout","time":12705.295896415,"data":"类型1 正确率： 100.00% -\u003e 1  100.00%, 2    0.00%, 3    0.00%\n"}
,{"stream_name":"stdout","time":12705.29591593,"data":"类型2 正确率：  84.00% -\u003e 1    0.00%, 2   84.00%, 3   16.00%\n"}
,{"stream_name":"stdout","time":12705.295922872,"data":"类型3 正确率：   3.00% -\u003e 1    0.45%, 2   96.30%, 3    3.25%\n"}
,{"stream_name":"stdout","time":12705.295928963,"data":"\n"}
,{"stream_name":"stdout","time":12705.295935832,"data":"\n"}
,{"stream_name":"stdout","time":12705.333733004,"data":"样本变换：reverse\n"}
,{"stream_name":"stdout","time":12708.931565871,"data":"样本变换：mask\n"}
,{"stream_name":"stdout","time":12712.604837292,"data":"样本变换：shift\n"}
,{"stream_name":"stdout","time":12716.256986121,"data":"样本变换：none\n"}
,{"stream_name":"stderr","time":12722.507442107,"data":"/kaggle/working/k10/S07/sdalr_PU_final_checkpoint/tools.py:413: RuntimeWarning: invalid value encountered in divide\n"}
,{"stream_name":"stderr","time":12722.507512396,"data":"  per_class_acc = conf_matrix.diagonal() / conf_matrix.sum(axis=1) * 100\n"}
,{"stream_name":"stdout","time":12722.507693987,"data":"未过滤\t未用伪标签：62.42% -\u003e 使用伪标签：62.03%\n"}
,{"stream_name":"stdout","time":12722.507707975,"data":"已过滤\t未用伪标签：62.46% -\u003e 使用伪标签：62.35%\n"}
,{"stream_name":"stdout","time":12722.507714196,"data":"排除样本：30|6000\t剩余：2025, 3641, 304\n"}
,{"stream_name":"stdout","time":12722.507719773,"data":"增添样本：4953\t\t细则：1616, 0, 3337\t正确率估算：99.11%\n"}
,{"stream_name":"stdout","time":12722.507725615,"data":"类型1 正确率： 100.00% -\u003e 1  100.00%, 2    0.00%, 3    0.00%\n"}
,{"stream_name":"stdout","time":12722.507733036,"data":"类型2 正确率：  86.00% -\u003e 1    0.00%, 2   85.56%, 3   14.44%\n"}
,{"stream_name":"stdout","time":12722.507742152,"data":"类型3 正确率：   1.00% -\u003e 1    1.27%, 2   97.93%, 3    0.81%\n"}
,{"stream_name":"stdout","time":12722.507785245,"data":"\n"}
,{"stream_name":"stdout","time":12722.507792112,"data":"被排除样本 正确率：53.33%\n"}
,{"stream_name":"stdout","time":12722.507798551,"data":"类型1 没有样本或未被分类。\n"}
,{"stream_name":"stdout","time":12722.50780423,"data":"类型2 正确率：   0.00% -\u003e 1    0.00%, 2    0.00%, 3  100.00%\n"}
,{"stream_name":"stdout","time":12722.507809638,"data":"类型3 正确率：  67.00% -\u003e 1   12.50%, 2   20.83%, 3   66.67%\n"}
,{"stream_name":"stdout","time":12722.507814946,"data":"\n"}
,{"stream_name":"stdout","time":12722.5078201,"data":"\n"}
,{"stream_name":"stdout","time":12736.283298013,"data":"轮次:··6/·20 || c_Loss:0.394 || e_Loss:-0.744 || Aad_Loss:-39.179 || 耗时：37.70s\n"}
,{"stream_name":"stdout","time":12750.228953664,"data":"轮次:··7/·20 || c_Loss:0.386 || e_Loss:-1.820 || Aad_Loss:-41.503 || 耗时：13.95s\n"}
,{"stream_name":"stdout","time":12764.129222658,"data":"轮次:··8/·20 || c_Loss:0.377 || e_Loss:-0.772 || Aad_Loss:-39.528 || 耗时：13.90s\n"}
,{"stream_name":"stdout","time":12777.991816682,"data":"轮次:··9/·20 || c_Loss:0.393 || e_Loss:-0.758 || Aad_Loss:-39.901 || 耗时：13.86s\n"}
,{"stream_name":"stdout","time":12791.877404597,"data":"轮次:·10/·20 || c_Loss:0.371 || e_Loss:-0.795 || Aad_Loss:-39.764 || 耗时：13.89s\n"}
,{"stream_name":"stdout","time":12798.566057102,"data":"任务: (B1)N15_M01_F10→(B3)N15_M07_F04; mix批次:····0; 批次:··940/·1880;  总正确率: 61.48%\n"}
,{"stream_name":"stdout","time":12798.566103006,"data":"类型1 正确率： 100.00% -\u003e 1  100.00%, 2    0.00%, 3    0.00%\n"}
,{"stream_name":"stdout","time":12798.566123889,"data":"类型2 正确率：  84.00% -\u003e 1    0.00%, 2   84.20%, 3   15.80%\n"}
,{"stream_name":"stdout","time":12798.5661306,"data":"类型3 正确率：   0.00% -\u003e 1    1.85%, 2   97.90%, 3    0.25%\n"}
,{"stream_name":"stdout","time":12798.566137152,"data":"\n"}
,{"stream_name":"stdout","time":12798.566142896,"data":"\n"}
,{"stream_name":"stdout","time":12798.618715893,"data":"样本变换：reverse\n"}
,{"stream_name":"stdout","time":12802.217627624,"data":"样本变换：mask\n"}
,{"stream_name":"stdout","time":12805.831839774,"data":"样本变换：shift\n"}
,{"stream_name":"stdout","time":12809.416821246,"data":"样本变换：none\n"}
,{"stream_name":"stderr","time":12815.614193941,"data":"/kaggle/working/k10/S07/sdalr_PU_final_checkpoint/tools.py:413: RuntimeWarning: invalid value encountered in divide\n"}
,{"stream_name":"stderr","time":12815.614260174,"data":"  per_class_acc = conf_matrix.diagonal() / conf_matrix.sum(axis=1) * 100\n"}
,{"stream_name":"stdout","time":12815.614448765,"data":"未过滤\t未用伪标签：61.48% -\u003e 使用伪标签：62.08%\n"}
,{"stream_name":"stdout","time":12815.614474996,"data":"已过滤\t未用伪标签：61.71% -\u003e 使用伪标签：62.33%\n"}
,{"stream_name":"stdout","time":12815.614482239,"data":"排除样本：24|6000\t剩余：2038, 3669, 269\n"}
,{"stream_name":"stdout","time":12815.614488155,"data":"增添样本：5031\t\t细则：1631, 0, 3400\t正确率估算：99.95%\n"}
,{"stream_name":"stdout","time":12815.614493689,"data":"类型1 正确率： 100.00% -\u003e 1  100.00%, 2    0.00%, 3    0.00%\n"}
,{"stream_name":"stdout","time":12815.614499169,"data":"类型2 正确率：  87.00% -\u003e 1    0.00%, 2   86.51%, 3   13.49%\n"}
,{"stream_name":"stdout","time":12815.61450554,"data":"类型3 正确率：   0.00% -\u003e 1    1.92%, 2   98.08%, 3    0.00%\n"}
,{"stream_name":"stdout","time":12815.614510929,"data":"\n"}
,{"stream_name":"stdout","time":12815.614516679,"data":"被排除样本 正确率：4.17%\n"}
,{"stream_name":"stdout","time":12815.614522096,"data":"类型1 没有样本或未被分类。\n"}
,{"stream_name":"stdout","time":12815.614527561,"data":"类型2 正确率：   0.00% -\u003e 1    0.00%, 2    0.00%, 3  100.00%\n"}
,{"stream_name":"stdout","time":12815.614532873,"data":"类型3 正确率：   6.00% -\u003e 1   27.78%, 2   66.67%, 3    5.56%\n"}
,{"stream_name":"stdout","time":12815.61453844,"data":"\n"}
,{"stream_name":"stdout","time":12815.614543735,"data":"\n"}
,{"stream_name":"stdout","time":12829.281557616,"data":"轮次:·11/·20 || c_Loss:0.367 || e_Loss:-0.761 || Aad_Loss:-43.814 || 耗时：37.40s\n"}
,{"stream_name":"stdout","time":12842.99589934,"data":"轮次:·12/·20 || c_Loss:0.379 || e_Loss:-0.815 || Aad_Loss:-39.417 || 耗时：13.71s\n"}
,{"stream_name":"stdout","time":12856.774141704,"data":"轮次:·13/·20 || c_Loss:0.365 || e_Loss:-0.794 || Aad_Loss:-41.717 || 耗时：13.78s\n"}
,{"stream_name":"stdout","time":12870.569268692,"data":"轮次:·14/·20 || c_Loss:0.400 || e_Loss:-0.746 || Aad_Loss:-42.083 || 耗时：13.79s\n"}
,{"stream_name":"stdout","time":12884.426868683,"data":"轮次:·15/·20 || c_Loss:0.394 || e_Loss:-1.796 || Aad_Loss:-35.154 || 耗时：13.86s\n"}
,{"stream_name":"stdout","time":12891.11629679,"data":"任务: (B1)N15_M01_F10→(B3)N15_M07_F04; mix批次:····0; 批次:·1410/·1880;  总正确率: 61.75%\n"}
,{"stream_name":"stdout","time":12891.116341068,"data":"类型1 正确率： 100.00% -\u003e 1  100.00%, 2    0.00%, 3    0.00%\n"}
,{"stream_name":"stdout","time":12891.116348933,"data":"类型2 正确率：  85.00% -\u003e 1    0.00%, 2   85.20%, 3   14.80%\n"}
,{"stream_name":"stdout","time":12891.116354392,"data":"类型3 正确率：   0.00% -\u003e 1    2.30%, 2   97.65%, 3    0.05%\n"}
,{"stream_name":"stdout","time":12891.116359917,"data":"\n"}
,{"stream_name":"stdout","time":12891.116369028,"data":"\n"}
,{"stream_name":"stdout","time":12891.164056362,"data":"样本变换：reverse\n"}
,{"stream_name":"stdout","time":12894.776798649,"data":"样本变换：mask\n"}
,{"stream_name":"stdout","time":12898.41681918,"data":"样本变换：shift\n"}
,{"stream_name":"stdout","time":12902.021824792,"data":"样本变换：none\n"}
,{"stream_name":"stderr","time":12908.239057514,"data":"/kaggle/working/k10/S07/sdalr_PU_final_checkpoint/tools.py:413: RuntimeWarning: invalid value encountered in divide\n"}
,{"stream_name":"stderr","time":12908.239109386,"data":"  per_class_acc = conf_matrix.diagonal() / conf_matrix.sum(axis=1) * 100\n"}
,{"stream_name":"stdout","time":12908.239387287,"data":"未过滤\t未用伪标签：61.75% -\u003e 使用伪标签：62.35%\n"}
,{"stream_name":"stdout","time":12908.239401666,"data":"已过滤\t未用伪标签：61.90% -\u003e 使用伪标签：62.51%\n"}
,{"stream_name":"stdout","time":12908.239409294,"data":"排除样本：15|6000\t剩余：2046, 3681, 258\n"}
,{"stream_name":"stdout","time":12908.239415561,"data":"增添样本：5058\t\t细则：1635, 0, 3423\t正确率估算：99.89%\n"}
,{"stream_name":"stdout","time":12908.239421428,"data":"类型1 正确率： 100.00% -\u003e 1  100.00%, 2    0.00%, 3    0.00%\n"}
,{"stream_name":"stdout","time":12908.239427054,"data":"类型2 正确率：  87.00% -\u003e 1    0.00%, 2   87.13%, 3   12.87%\n"}
,{"stream_name":"stdout","time":12908.239434571,"data":"类型3 正确率：   0.00% -\u003e 1    2.31%, 2   97.64%, 3    0.05%\n"}
,{"stream_name":"stdout","time":12908.239444222,"data":"\n"}
,{"stream_name":"stdout","time":12908.239448878,"data":"被排除样本 正确率：0.00%\n"}
,{"stream_name":"stdout","time":12908.239452492,"data":"类型1 没有样本或未被分类。\n"}
,{"stream_name":"stdout","time":12908.239456098,"data":"类型2 正确率：   0.00% -\u003e 1    0.00%, 2    0.00%, 3  100.00%\n"}
,{"stream_name":"stdout","time":12908.23945989,"data":"类型3 正确率：   0.00% -\u003e 1   41.67%, 2   58.33%, 3    0.00%\n"}
,{"stream_name":"stdout","time":12908.239463826,"data":"\n"}
,{"stream_name":"stdout","time":12908.239467289,"data":"\n"}
,{"stream_name":"stdout","time":12921.983060604,"data":"轮次:·16/·20 || c_Loss:0.384 || e_Loss:-0.768 || Aad_Loss:-38.991 || 耗时：37.56s\n"}
,{"stream_name":"stdout","time":12935.791192831,"data":"轮次:·17/·20 || c_Loss:0.374 || e_Loss:-0.727 || Aad_Loss:-45.269 || 耗时：13.81s\n"}
,{"stream_name":"stdout","time":12949.616289404,"data":"轮次:·18/·20 || c_Loss:0.381 || e_Loss:-0.724 || Aad_Loss:-43.687 || 耗时：13.82s\n"}
,{"stream_name":"stdout","time":12963.473868547,"data":"轮次:·19/·20 || c_Loss:0.386 || e_Loss:-0.789 || Aad_Loss:-39.500 || 耗时：13.86s\n"}
,{"stream_name":"stdout","time":12977.41406027,"data":"轮次:·20/·20 || c_Loss:0.403 || e_Loss:-0.737 || Aad_Loss:-40.337 || 耗时：13.94s\n"}
,{"stream_name":"stdout","time":12984.155951824,"data":"任务: (B1)N15_M01_F10→(B3)N15_M07_F04; mix批次:····0; 批次:·1880/·1880;  总正确率: 61.80%\n"}
,{"stream_name":"stdout","time":12984.155993869,"data":"类型1 正确率： 100.00% -\u003e 1  100.00%, 2    0.00%, 3    0.00%\n"}
,{"stream_name":"stdout","time":12984.156000583,"data":"类型2 正确率：  85.00% -\u003e 1    0.00%, 2   85.35%, 3   14.65%\n"}
,{"stream_name":"stdout","time":12984.1560052,"data":"类型3 正确率：   0.00% -\u003e 1    1.90%, 2   98.05%, 3    0.05%\n"}
,{"stream_name":"stdout","time":12984.156009648,"data":"\n"}
,{"stream_name":"stdout","time":12984.156013391,"data":"\n"}
,{"stream_name":"stdout","time":12990.845850127,"data":"测试集任务: (B1)N15_M01_F10→(B3)N15_M07_F04; 总正确率 = 61.80%\n"}
,{"stream_name":"stdout","time":12990.845888761,"data":"类型1 正确率： 100.00% -\u003e 1  100.00%, 2    0.00%, 3    0.00%\n"}
,{"stream_name":"stdout","time":12990.84589525,"data":"类型2 正确率：  85.00% -\u003e 1    0.00%, 2   85.35%, 3   14.65%\n"}
,{"stream_name":"stdout","time":12990.845900872,"data":"类型3 正确率：   0.00% -\u003e 1    1.90%, 2   98.05%, 3    0.05%\n"}
,{"stream_name":"stdout","time":12990.84590586,"data":"\n"}
,{"stream_name":"stdout","time":12990.845910513,"data":"\n"}
,{"stream_name":"stdout","time":12990.875299012,"data":"[tar_adaptation_RES_PU.py --folder_root /kaggle/working/k10/S07/sdalr_PU_final_checkpoint/DATA_foldS07c --seed 2024 --class_num 3 --data_name PU_M1_L3 --output /kaggle/working/k10/S07/weight_PU_M1_final_checkpoint_FS07toS07c_s2024 --s 0 --t 2 --lr 0.0005 --threshold 0.4 --K 0.6] 391s\n"}
,{"stream_name":"stdout","time":12990.906553828,"data":"读取源域路径：/kaggle/working/k10/S07/weight_PU_M1_final_checkpoint_FS07toS07c_s2024/NEW_PU/Source-源域/log\u0026pt/(B2)N15_M07_F10\n"}
,{"stream_name":"stdout","time":12990.90659384,"data":"excel输出位置：/kaggle/working/k10/S07/weight_PU_M1_final_checkpoint_FS07toS07c_s2024/NEW_PU/Target-目标域\n"}
,{"stream_name":"stdout","time":12990.906691131,"data":"特征图片输出位置：/kaggle/working/k10/S07/weight_PU_M1_final_checkpoint_FS07toS07c_s2024/NEW_PU/Picture-特征图/2026年09月19日06时41分/(B2)N15_M07_F10\n"}
,{"stream_name":"stderr","time":12990.94714008,"data":"/usr/local/lib/python3.12/dist-packages/torch/nn/utils/weight_norm.py:144: FutureWarning: `torch.nn.utils.weight_norm` is deprecated in favor of `torch.nn.utils.parametrizations.weight_norm`.\n"}
,{"stream_name":"stderr","time":12990.94718893,"data":"  WeightNorm.apply(module, name, dim)\n"}
,{"stream_name":"stdout","time":12991.009354732,"data":"现在选取:(B2)N15_M07_F10 进行训练的源模型\n"}
,{"stream_name":"stdout","time":12991.009383536,"data":"现在进行：(B2)N15_M07_F10→(B1)N15_M01_F10 的迁移任务\n"}
,{"stream_name":"stdout","time":12991.009390772,"data":"log\u0026pt输出位置：/kaggle/working/k10/S07/weight_PU_M1_final_checkpoint_FS07toS07c_s2024/NEW_PU/Target-目标域/log\u0026pt/(B2)N15_M07_F10→(B1)N15_M01_F10\n"}
,{"stream_name":"stderr","time":12991.012068297,"data":"sh: 1: Syntax error: word unexpected (expecting \")\")\n"}
,{"stream_name":"stdout","time":13003.341571499,"data":"任务: (B2)N15_M07_F10→(B1)N15_M01_F10; 批次:····0/·1880;  总正确率: 46.00%\n"}
,{"stream_name":"stdout","time":13003.341615302,"data":"类型1 正确率：  92.00% -\u003e 1   92.30%, 2    7.25%, 3    0.45%\n"}
,{"stream_name":"stdout","time":13003.341623313,"data":"类型2 正确率：  46.00% -\u003e 1    0.00%, 2   45.70%, 3   54.30%\n"}
,{"stream_name":"stdout","time":13003.341629882,"data":"类型3 正确率：   0.00% -\u003e 1    0.00%, 2  100.00%, 3    0.00%\n"}
,{"stream_name":"stdout","time":13003.341657247,"data":"\n"}
,{"stream_name":"stdout","time":13003.341663103,"data":"\n"}
,{"stream_name":"stdout","time":13003.342424782,"data":"样本变换：reverse\n"}
,{"stream_name":"stdout","time":13006.907842103,"data":"样本变换：mask\n"}
,{"stream_name":"stdout","time":13010.517059001,"data":"样本变换：shift\n"}
,{"stream_name":"stdout","time":13014.198844299,"data":"样本变换：none\n"}
,{"stream_name":"stderr","time":13020.413784622,"data":"/kaggle/working/k10/S07/sdalr_PU_final_checkpoint/tools.py:413: RuntimeWarning: invalid value encountered in divide\n"}
,{"stream_name":"stderr","time":13020.413833431,"data":"  per_class_acc = conf_matrix.diagonal() / conf_matrix.sum(axis=1) * 100\n"}
,{"stream_name":"stdout","time":13020.414125878,"data":"未过滤\t未用伪标签：46.00% -\u003e 使用伪标签：40.60%\n"}
,{"stream_name":"stdout","time":13020.414145632,"data":"已过滤\t未用伪标签：45.36% -\u003e 使用伪标签：41.39%\n"}
,{"stream_name":"stdout","time":13020.414151211,"data":"排除样本：114|6000\t剩余：1920, 2566, 1400\n"}
,{"stream_name":"stdout","time":13020.414155931,"data":"增添样本：1812\t\t细则：646, 0, 1166\t正确率估算：83.55%\n"}
,{"stream_name":"stdout","time":13020.414161859,"data":"类型1 正确率：  97.00% -\u003e 1   97.46%, 2    2.54%, 3    0.00%\n"}
,{"stream_name":"stdout","time":13020.414166959,"data":"类型2 正确率：  27.00% -\u003e 1    0.00%, 2   26.93%, 3   73.07%\n"}
,{"stream_name":"stdout","time":13020.414171658,"data":"类型3 正确率：   0.00% -\u003e 1    0.00%, 2  100.00%, 3    0.00%\n"}
,{"stream_name":"stdout","time":13020.414176182,"data":"\n"}
,{"stream_name":"stdout","time":13020.414180622,"data":"被排除样本 正确率：78.95%\n"}
,{"stream_name":"stdout","time":13020.414184751,"data":"类型1 正确率：  20.00% -\u003e 1   20.00%, 2   76.67%, 3    3.33%\n"}
,{"stream_name":"stdout","time":13020.414189322,"data":"类型2 正确率： 100.00% -\u003e 1    0.00%, 2  100.00%, 3    0.00%\n"}
,{"stream_name":"stdout","time":13020.414193484,"data":"类型3 没有样本或未被分类。\n"}
,{"stream_name":"stdout","time":13020.414198028,"data":"\n"}
,{"stream_name":"stdout","time":13020.414201851,"data":"\n"}
,{"stream_name":"stdout","time":13034.413124843,"data":"轮次:··1/·20 || c_Loss:0.603 || e_Loss:-1.318 || Aad_Loss:-24.677 || 耗时：37.55s\n"}
,{"stream_name":"stdout","time":13048.370947748,"data":"轮次:··2/·20 || c_Loss:0.397 || e_Loss:-1.539 || Aad_Loss:-27.401 || 耗时：13.96s\n"}
,{"stream_name":"stdout","time":13062.118926335,"data":"轮次:··3/·20 || c_Loss:0.451 || e_Loss:-1.454 || Aad_Loss:-28.307 || 耗时：13.75s\n"}
,{"stream_name":"stdout","time":13075.778009901,"data":"轮次:··4/·20 || c_Loss:0.382 || e_Loss:-0.871 || Aad_Loss:-29.489 || 耗时：13.66s\n"}
,{"stream_name":"stdout","time":13089.617841597,"data":"轮次:··5/·20 || c_Loss:0.353 || e_Loss:-0.895 || Aad_Loss:-28.904 || 耗时：13.84s\n"}
,{"stream_name":"stdout","time":13096.288344659,"data":"任务: (B2)N15_M07_F10→(B1)N15_M01_F10; mix批次:····0; 批次:··470/·1880;  总正确率: 41.40%\n"}
,{"stream_name":"stdout","time":13096.288384443,"data":"类型1 正确率： 100.00% -\u003e 1   99.90%, 2    0.10%, 3    0.00%\n"}
,{"stream_name":"stdout","time":13096.288392459,"data":"类型2 正确率：  24.00% -\u003e 1    0.00%, 2   24.30%, 3   75.70%\n"}
,{"stream_name":"stdout","time":13096.288399324,"data":"类型3 正确率：   0.00% -\u003e 1    0.00%, 2  100.00%, 3    0.00%\n"}
,{"stream_name":"stdout","time":13096.288406154,"data":"\n"}
,{"stream_name":"stdout","time":13096.288433804,"data":"\n"}
,{"stream_name":"stdout","time":13096.328850949,"data":"样本变换：reverse\n"}
,{"stream_name":"stdout","time":13099.927942262,"data":"样本变换：mask\n"}
,{"stream_name":"stdout","time":13103.583904823,"data":"样本变换：shift\n"}
,{"stream_name":"stdout","time":13107.197833636,"data":"样本变换：none\n"}
,{"stream_name":"stderr","time":13113.024303279,"data":"/kaggle/working/k10/S07/sdalr_PU_final_checkpoint/tools.py:413: RuntimeWarning: invalid value encountered in divide\n"}
,{"stream_name":"stderr","time":13113.02435488,"data":"  per_class_acc = conf_matrix.diagonal() / conf_matrix.sum(axis=1) * 100\n"}
,{"stream_name":"stdout","time":13113.024536925,"data":"未过滤\t未用伪标签：41.40% -\u003e 使用伪标签：39.02%\n"}
,{"stream_name":"stdout","time":13113.024549771,"data":"已过滤\t未用伪标签：41.05% -\u003e 使用伪标签：39.27%\n"}
,{"stream_name":"stdout","time":13113.024555645,"data":"排除样本：39|6000\t剩余：2000, 2341, 1620\n"}
,{"stream_name":"stdout","time":13113.024561139,"data":"增添样本：1062\t\t细则：341, 0, 721\t正确率估算：95.29%\n"}
,{"stream_name":"stdout","time":13113.024567131,"data":"类型1 正确率： 100.00% -\u003e 1  100.00%, 2    0.00%, 3    0.00%\n"}
,{"stream_name":"stdout","time":13113.024573618,"data":"类型2 正确率：  17.00% -\u003e 1    0.00%, 2   17.39%, 3   82.61%\n"}
,{"stream_name":"stdout","time":13113.024580268,"data":"类型3 正确率：   0.00% -\u003e 1    0.00%, 2  100.00%, 3    0.00%\n"}
,{"stream_name":"stdout","time":13113.024587011,"data":"\n"}
,{"stream_name":"stdout","time":13113.024592788,"data":"被排除样本 正确率：94.87%\n"}
,{"stream_name":"stdout","time":13113.024598428,"data":"类型1 正确率：  95.00% -\u003e 1   94.87%, 2    5.13%\n"}
,{"stream_name":"stdout","time":13113.024604528,"data":"类型2 没有样本或未被分类。\n"}
,{"stream_name":"stdout","time":13113.024610087,"data":"\n"}
,{"stream_name":"stdout","time":13113.024615311,"data":"\n"}
,{"stream_name":"stdout","time":13126.817910263,"data":"轮次:··6/·20 || c_Loss:0.372 || e_Loss:-0.923 || Aad_Loss:-31.250 || 耗时：37.20s\n"}
,{"stream_name":"stdout","time":13140.709001712,"data":"轮次:··7/·20 || c_Loss:0.361 || e_Loss:-0.976 || Aad_Loss:-30.325 || 耗时：13.89s\n"}
,{"stream_name":"stdout","time":13154.566422829,"data":"轮次:··8/·20 || c_Loss:0.404 || e_Loss:-0.925 || Aad_Loss:-29.673 || 耗时：13.86s\n"}
,{"stream_name":"stdout","time":13168.405842624,"data":"轮次:··9/·20 || c_Loss:0.368 || e_Loss:-1.759 || Aad_Loss:-29.989 || 耗时：13.84s\n"}
,{"stream_name":"stdout","time":13182.20691928,"data":"轮次:·10/·20 || c_Loss:0.400 || e_Loss:-0.905 || Aad_Loss:-30.471 || 耗时：13.80s\n"}
,{"stream_name":"stdout","time":13188.906487377,"data":"任务: (B2)N15_M07_F10→(B1)N15_M01_F10; mix批次:····0; 批次:··940/·1880;  总正确率: 40.28%\n"}
,{"stream_name":"stdout","time":13188.906536436,"data":"类型1 正确率： 100.00% -\u003e 1  100.00%, 2    0.00%, 3    0.00%\n"}
,{"stream_name":"stdout","time":13188.906543063,"data":"类型2 正确率：  21.00% -\u003e 1    0.00%, 2   20.85%, 3   79.15%\n"}
,{"stream_name":"stdout","time":13188.906547188,"data":"类型3 正确率：   0.00% -\u003e 1    0.00%, 2  100.00%, 3    0.00%\n"}
,{"stream_name":"stdout","time":13188.906551344,"data":"\n"}
,{"stream_name":"stdout","time":13188.90655488,"data":"\n"}
,{"stream_name":"stdout","time":13188.956862247,"data":"样本变换：reverse\n"}
,{"stream_name":"stdout","time":13192.561364651,"data":"样本变换：mask\n"}
,{"stream_name":"stdout","time":13196.160870544,"data":"样本变换：shift\n"}
,{"stream_name":"stdout","time":13199.729811691,"data":"样本变换：none\n"}
,{"stream_name":"stderr","time":13205.41033671,"data":"/kaggle/working/k10/S07/sdalr_PU_final_checkpoint/tools.py:413: RuntimeWarning: invalid value encountered in divide\n"}
,{"stream_name":"stderr","time":13205.410383407,"data":"  per_class_acc = conf_matrix.diagonal() / conf_matrix.sum(axis=1) * 100\n"}
,{"stream_name":"stdout","time":13205.410551284,"data":"未过滤\t未用伪标签：40.28% -\u003e 使用伪标签：38.82%\n"}
,{"stream_name":"stdout","time":13205.410563477,"data":"已过滤\t未用伪标签：39.97% -\u003e 使用伪标签：39.03%\n"}
,{"stream_name":"stdout","time":13205.410568457,"data":"排除样本：33|6000\t剩余：2000, 2329, 1638\n"}
,{"stream_name":"stdout","time":13205.410572807,"data":"增添样本：1020\t\t细则：329, 0, 691\t正确率估算：97.94%\n"}
,{"stream_name":"stdout","time":13205.41057735,"data":"类型1 正确率： 100.00% -\u003e 1  100.00%, 2    0.00%, 3    0.00%\n"}
,{"stream_name":"stdout","time":13205.410581725,"data":"类型2 正确率：  17.00% -\u003e 1    0.00%, 2   16.73%, 3   83.27%\n"}
,{"stream_name":"stdout","time":13205.410586789,"data":"类型3 正确率：   0.00% -\u003e 1    0.00%, 2  100.00%, 3    0.00%\n"}
,{"stream_name":"stdout","time":13205.410591797,"data":"\n"}
,{"stream_name":"stdout","time":13205.410595693,"data":"被排除样本 正确率：96.97%\n"}
,{"stream_name":"stdout","time":13205.410600308,"data":"类型1 正确率：  97.00% -\u003e 1   96.97%, 2    3.03%\n"}
,{"stream_name":"stdout","time":13205.41060498,"data":"类型2 没有样本或未被分类。\n"}
,{"stream_name":"stdout","time":13205.41060908,"data":"\n"}
,{"stream_name":"stdout","time":13205.410612848,"data":"\n"}
,{"stream_name":"stdout","time":13219.086364244,"data":"轮次:·11/·20 || c_Loss:0.386 || e_Loss:-0.904 || Aad_Loss:-28.025 || 耗时：36.88s\n"}
,{"stream_name":"stdout","time":13232.869150099,"data":"轮次:·12/·20 || c_Loss:0.379 || e_Loss:-0.954 || Aad_Loss:-29.854 || 耗时：13.78s\n"}
,{"stream_name":"stdout","time":13246.65708461,"data":"轮次:·13/·20 || c_Loss:0.396 || e_Loss:-0.957 || Aad_Loss:-29.284 || 耗时：13.79s\n"}
,{"stream_name":"stdout","time":13260.469207646,"data":"轮次:·14/·20 || c_Loss:0.392 || e_Loss:-0.931 || Aad_Loss:-28.998 || 耗时：13.81s\n"}
,{"stream_name":"stdout","time":13274.280490709,"data":"轮次:·15/·20 || c_Loss:0.394 || e_Loss:-1.740 || Aad_Loss:-29.330 || 耗时：13.81s\n"}
,{"stream_name":"stdout","time":13280.947588237,"data":"任务: (B2)N15_M07_F10→(B1)N15_M01_F10; mix批次:····0; 批次:·1410/·1880;  总正确率: 38.87%\n"}
,{"stream_name":"stdout","time":13280.947629702,"data":"类型1 正确率： 100.00% -\u003e 1  100.00%, 2    0.00%, 3    0.00%\n"}
,{"stream_name":"stdout","time":13280.947642863,"data":"类型2 正确率：  17.00% -\u003e 1    0.00%, 2   16.60%, 3   83.40%\n"}
,{"stream_name":"stdout","time":13280.947646939,"data":"类型3 正确率：   0.00% -\u003e 1    0.00%, 2  100.00%, 3    0.00%\n"}
,{"stream_name":"stdout","time":13280.947651087,"data":"\n"}
,{"stream_name":"stdout","time":13280.947654663,"data":"\n"}
,{"stream_name":"stdout","time":13281.013966177,"data":"样本变换：reverse\n"}
,{"stream_name":"stdout","time":13284.618471688,"data":"样本变换：mask\n"}
,{"stream_name":"stdout","time":13288.238800096,"data":"样本变换：shift\n"}
,{"stream_name":"stdout","time":13291.824838108,"data":"样本变换：none\n"}
,{"stream_name":"stderr","time":13297.659266035,"data":"/kaggle/working/k10/S07/sdalr_PU_final_checkpoint/tools.py:413: RuntimeWarning: invalid value encountered in divide\n"}
,{"stream_name":"stderr","time":13297.659354485,"data":"  per_class_acc = conf_matrix.diagonal() / conf_matrix.sum(axis=1) * 100\n"}
,{"stream_name":"stdout","time":13297.659464829,"data":"未过滤\t未用伪标签：38.87% -\u003e 使用伪标签：38.02%\n"}
,{"stream_name":"stdout","time":13297.659475756,"data":"已过滤\t未用伪标签：38.68% -\u003e 使用伪标签：38.19%\n"}
,{"stream_name":"stdout","time":13297.65948119,"data":"排除样本：28|6000\t剩余：2000, 2281, 1691\n"}
,{"stream_name":"stdout","time":13297.659485669,"data":"增添样本：871\t\t细则：281, 0, 590\t正确率估算：99.08%\n"}
,{"stream_name":"stdout","time":13297.659490306,"data":"类型1 正确率： 100.00% -\u003e 1  100.00%, 2    0.00%, 3    0.00%\n"}
,{"stream_name":"stdout","time":13297.659494862,"data":"类型2 正确率：  14.00% -\u003e 1    0.00%, 2   14.25%, 3   85.75%\n"}
,{"stream_name":"stdout","time":13297.65949906,"data":"类型3 正确率：   0.00% -\u003e 1    0.00%, 2  100.00%, 3    0.00%\n"}
,{"stream_name":"stdout","time":13297.65950332,"data":"\n"}
,{"stream_name":"stdout","time":13297.659507136,"data":"被排除样本 正确率：78.57%\n"}
,{"stream_name":"stdout","time":13297.659511336,"data":"类型1 正确率：  79.00% -\u003e 1   78.57%, 2   21.43%\n"}
,{"stream_name":"stdout","time":13297.659515515,"data":"类型2 没有样本或未被分类。\n"}
,{"stream_name":"stdout","time":13297.659519617,"data":"\n"}
,{"stream_name":"stdout","time":13297.659523309,"data":"\n"}
,{"stream_name":"stdout","time":13311.359491968,"data":"轮次:·16/·20 || c_Loss:0.396 || e_Loss:-0.931 || Aad_Loss:-28.514 || 耗时：37.08s\n"}
,{"stream_name":"stdout","time":13325.198031226,"data":"轮次:·17/·20 || c_Loss:0.384 || e_Loss:-1.647 || Aad_Loss:-29.727 || 耗时：13.84s\n"}
,{"stream_name":"stdout","time":13339.076874077,"data":"轮次:·18/·20 || c_Loss:0.429 || e_Loss:-1.495 || Aad_Loss:-27.795 || 耗时：13.88s\n"}
,{"stream_name":"stdout","time":13352.947945136,"data":"轮次:·19/·20 || c_Loss:0.371 || e_Loss:-0.979 || Aad_Loss:-30.365 || 耗时：13.87s\n"}
,{"stream_name":"stdout","time":13366.780574733,"data":"轮次:·20/·20 || c_Loss:0.391 || e_Loss:-0.919 || Aad_Loss:-30.882 || 耗时：13.83s\n"}
,{"stream_name":"stdout","time":13373.490216771,"data":"任务: (B2)N15_M07_F10→(B1)N15_M01_F10; mix批次:····0; 批次:·1880/·1880;  总正确率: 38.48%\n"}
,{"stream_name":"stdout","time":13373.49027381,"data":"类型1 正确率： 100.00% -\u003e 1  100.00%, 2    0.00%, 3    0.00%\n"}
,{"stream_name":"stdout","time":13373.490288001,"data":"类型2 正确率：  15.00% -\u003e 1    0.00%, 2   15.45%, 3   84.55%\n"}
,{"stream_name":"stdout","time":13373.49029244,"data":"类型3 正确率：   0.00% -\u003e 1    0.00%, 2  100.00%, 3    0.00%\n"}
,{"stream_name":"stdout","time":13373.490296561,"data":"\n"}
,{"stream_name":"stdout","time":13373.490300672,"data":"\n"}
,{"stream_name":"stdout","time":13380.162349311,"data":"测试集任务: (B2)N15_M07_F10→(B1)N15_M01_F10; 总正确率 = 38.48%\n"}
,{"stream_name":"stdout","time":13380.162407098,"data":"类型1 正确率： 100.00% -\u003e 1  100.00%, 2    0.00%, 3    0.00%\n"}
,{"stream_name":"stdout","time":13380.162413362,"data":"类型2 正确率：  15.00% -\u003e 1    0.00%, 2   15.45%, 3   84.55%\n"}
,{"stream_name":"stdout","time":13380.162417729,"data":"类型3 正确率：   0.00% -\u003e 1    0.00%, 2  100.00%, 3    0.00%\n"}
,{"stream_name":"stdout","time":13380.162421524,"data":"\n"}
,{"stream_name":"stdout","time":13380.162425073,"data":"\n"}
,{"stream_name":"stdout","time":13380.193026181,"data":"[tar_adaptation_RES_PU.py --folder_root /kaggle/working/k10/S07/sdalr_PU_final_checkpoint/DATA_foldS07c --seed 2024 --class_num 3 --data_name PU_M1_L3 --output /kaggle/working/k10/S07/weight_PU_M1_final_checkpoint_FS07toS07c_s2024 --s 1 --t 0 --lr 0.0005 --threshold 0.4 --K 0.6] 389s\n"}
,{"stream_name":"stdout","time":13380.225494784,"data":"读取源域路径：/kaggle/working/k10/S07/weight_PU_M1_final_checkpoint_FS07toS07c_s2024/NEW_PU/Source-源域/log\u0026pt/(B2)N15_M07_F10\n"}
,{"stream_name":"stdout","time":13380.225532184,"data":"excel输出位置：/kaggle/working/k10/S07/weight_PU_M1_final_checkpoint_FS07toS07c_s2024/NEW_PU/Target-目标域\n"}
,{"stream_name":"stdout","time":13380.225541842,"data":"特征图片输出位置：/kaggle/working/k10/S07/weight_PU_M1_final_checkpoint_FS07toS07c_s2024/NEW_PU/Picture-特征图/2026年09月19日06时48分/(B2)N15_M07_F10\n"}
,{"stream_name":"stderr","time":13380.264848729,"data":"/usr/local/lib/python3.12/dist-packages/torch/nn/utils/weight_norm.py:144: FutureWarning: `torch.nn.utils.weight_norm` is deprecated in favor of `torch.nn.utils.parametrizations.weight_norm`.\n"}
,{"stream_name":"stderr","time":13380.26488526,"data":"  WeightNorm.apply(module, name, dim)\n"}
,{"stream_name":"stdout","time":13380.309395563,"data":"现在选取:(B2)N15_M07_F10 进行训练的源模型\n"}
,{"stream_name":"stdout","time":13380.309431163,"data":"现在进行：(B2)N15_M07_F10→(B3)N15_M07_F04 的迁移任务\n"}
,{"stream_name":"stdout","time":13380.309436991,"data":"log\u0026pt输出位置：/kaggle/working/k10/S07/weight_PU_M1_final_checkpoint_FS07toS07c_s2024/NEW_PU/Target-目标域/log\u0026pt/(B2)N15_M07_F10→(B3)N15_M07_F04\n"}
,{"stream_name":"stderr","time":13380.311006892,"data":"sh: 1: Syntax error: word unexpected (expecting \")\")\n"}
,{"stream_name":"stdout","time":13392.794024831,"data":"任务: (B2)N15_M07_F10→(B3)N15_M07_F04; 批次:····0/·1880;  总正确率: 60.50%\n"}
,{"stream_name":"stdout","time":13392.794066486,"data":"类型1 正确率：  99.00% -\u003e 1   99.05%, 2    0.85%, 3    0.10%\n"}
,{"stream_name":"stdout","time":13392.794073756,"data":"类型2 正确率：  82.00% -\u003e 1    0.00%, 2   82.45%, 3   17.55%\n"}
,{"stream_name":"stdout","time":13392.794078735,"data":"类型3 正确率：   0.00% -\u003e 1    5.20%, 2   94.80%, 3    0.00%\n"}
,{"stream_name":"stdout","time":13392.794084174,"data":"\n"}
,{"stream_name":"stdout","time":13392.794091552,"data":"\n"}
,{"stream_name":"stdout","time":13392.794858691,"data":"样本变换：reverse\n"}
,{"stream_name":"stdout","time":13396.36083269,"data":"样本变换：mask\n"}
,{"stream_name":"stdout","time":13399.991051382,"data":"样本变换：shift\n"}
,{"stream_name":"stdout","time":13403.65782815,"data":"样本变换：none\n"}
,{"stream_name":"stdout","time":13409.800055819,"data":"未过滤\t未用伪标签：60.50% -\u003e 使用伪标签：47.73%\n"}
,{"stream_name":"stdout","time":13409.80011901,"data":"已过滤\t未用伪标签：59.96% -\u003e 使用伪标签：48.73%\n"}
,{"stream_name":"stdout","time":13409.800128086,"data":"排除样本：123|6000\t剩余：2106, 2747, 1024\n"}
,{"stream_name":"stdout","time":13409.800135338,"data":"增添样本：2364\t\t细则：641, 0, 1723\t正确率估算：58.80%\n"}
,{"stream_name":"stdout","time":13409.800142109,"data":"类型1 正确率： 100.00% -\u003e 1   99.80%, 2    0.20%, 3    0.00%\n"}
,{"stream_name":"stdout","time":13409.800147723,"data":"类型2 正确率：  46.00% -\u003e 1    0.00%, 2   45.93%, 3   54.07%\n"}
,{"stream_name":"stdout","time":13409.800153383,"data":"类型3 正确率：   0.00% -\u003e 1    5.64%, 2   94.36%, 3    0.00%\n"}
,{"stream_name":"stdout","time":13409.800158905,"data":"\n"}
,{"stream_name":"stdout","time":13409.800165971,"data":"被排除样本 正确率：86.18%\n"}
,{"stream_name":"stdout","time":13409.800174089,"data":"类型1 正确率：   0.00% -\u003e 1    0.00%, 2  100.00%, 3    0.00%\n"}
,{"stream_name":"stdout","time":13409.800194427,"data":"类型2 正确率： 100.00% -\u003e 1    0.00%, 2  100.00%, 3    0.00%\n"}
,{"stream_name":"stdout","time":13409.80019738,"data":"类型3 正确率：   0.00% -\u003e 1   33.33%, 2   66.67%, 3    0.00%\n"}
,{"stream_name":"stdout","time":13409.800200221,"data":"\n"}
,{"stream_name":"stdout","time":13409.800203625,"data":"\n"}
,{"stream_name":"stdout","time":13423.783109916,"data":"轮次:··1/·20 || c_Loss:0.504 || e_Loss:-1.779 || Aad_Loss:-30.077 || 耗时：37.50s\n"}
,{"stream_name":"stdout","time":13437.809217311,"data":"轮次:··2/·20 || c_Loss:0.418 || e_Loss:-1.423 || Aad_Loss:-25.133 || 耗时：14.03s\n"}
,{"stream_name":"stdout","time":13451.688804974,"data":"轮次:··3/·20 || c_Loss:0.416 || e_Loss:-1.668 || Aad_Loss:-24.895 || 耗时：13.88s\n"}
,{"stream_name":"stdout","time":13465.467484353,"data":"轮次:··4/·20 || c_Loss:0.428 || e_Loss:-0.846 || Aad_Loss:-30.669 || 耗时：13.78s\n"}
,{"stream_name":"stdout","time":13479.344898375,"data":"轮次:··5/·20 || c_Loss:0.378 || e_Loss:-1.692 || Aad_Loss:-28.828 || 耗时：13.88s\n"}
,{"stream_name":"stdout","time":13486.043641731,"data":"任务: (B2)N15_M07_F10→(B3)N15_M07_F04; mix批次:····0; 批次:··470/·1880;  总正确率: 47.23%\n"}
,{"stream_name":"stdout","time":13486.043681465,"data":"类型1 正确率： 100.00% -\u003e 1  100.00%, 2    0.00%, 3    0.00%\n"}
,{"stream_name":"stdout","time":13486.043697574,"data":"类型2 正确率：  42.00% -\u003e 1    0.00%, 2   41.70%, 3   58.30%\n"}
,{"stream_name":"stdout","time":13486.043703687,"data":"类型3 正确率：   0.00% -\u003e 1    5.50%, 2   94.50%, 3    0.00%\n"}
,{"stream_name":"stdout","time":13486.043709953,"data":"\n"}
,{"stream_name":"stdout","time":13486.043715569,"data":"\n"}
,{"stream_name":"stdout","time":13486.081449112,"data":"样本变换：reverse\n"}
,{"stream_name":"stdout","time":13489.667848851,"data":"样本变换：mask\n"}
,{"stream_name":"stdout","time":13493.330864873,"data":"样本变换：shift\n"}
,{"stream_name":"stdout","time":13496.94570037,"data":"样本变换：none\n"}
,{"stream_name":"stdout","time":13502.914801571,"data":"未过滤\t未用伪标签：47.23% -\u003e 使用伪标签：42.97%\n"}
,{"stream_name":"stdout","time":13502.914845393,"data":"已过滤\t未用伪标签：46.84% -\u003e 使用伪标签：43.48%\n"}
,{"stream_name":"stdout","time":13502.914869318,"data":"排除样本：71|6000\t剩余：2129, 2435, 1365\n"}
,{"stream_name":"stdout","time":13502.91487649,"data":"增添样本：1376\t\t细则：306, 0, 1070\t正确率估算：89.10%\n"}
,{"stream_name":"stdout","time":13502.914883051,"data":"类型1 正确率： 100.00% -\u003e 1  100.00%, 2    0.00%, 3    0.00%\n"}
,{"stream_name":"stdout","time":13502.914889888,"data":"类型2 正确率：  30.00% -\u003e 1    0.00%, 2   29.75%, 3   70.25%\n"}
,{"stream_name":"stdout","time":13502.914895834,"data":"类型3 正确率：   0.00% -\u003e 1    6.50%, 2   93.50%, 3    0.00%\n"}
,{"stream_name":"stdout","time":13502.914901197,"data":"\n"}
,{"stream_name":"stdout","time":13502.914906079,"data":"被排除样本 正确率：80.28%\n"}
,{"stream_name":"stdout","time":13502.914911275,"data":"类型1 正确率： 100.00% -\u003e 1  100.00%, 2    0.00%\n"}
,{"stream_name":"stdout","time":13502.914918663,"data":"类型2 正确率：   0.00% -\u003e 1  100.00%, 2    0.00%\n"}
,{"stream_name":"stdout","time":13502.91492743,"data":"\n"}
,{"stream_name":"stdout","time":13502.914930936,"data":"\n"}
,{"stream_name":"stdout","time":13516.741494398,"data":"轮次:··6/·20 || c_Loss:0.432 || e_Loss:-1.429 || Aad_Loss:-26.416 || 耗时：37.40s\n"}
,{"stream_name":"stdout","time":13530.623952176,"data":"轮次:··7/·20 || c_Loss:0.398 || e_Loss:-1.405 || Aad_Loss:-30.137 || 耗时：13.88s\n"}
,{"stream_name":"stdout","time":13544.479351337,"data":"轮次:··8/·20 || c_Loss:0.387 || e_Loss:-0.906 || Aad_Loss:-28.078 || 耗时：13.86s\n"}
,{"stream_name":"stdout","time":13558.339510234,"data":"轮次:··9/·20 || c_Loss:0.490 || e_Loss:-1.507 || Aad_Loss:-27.585 || 耗时：13.86s\n"}
,{"stream_name":"stdout","time":13572.184504738,"data":"轮次:·10/·20 || c_Loss:0.384 || e_Loss:-1.717 || Aad_Loss:-29.952 || 耗时：13.84s\n"}
,{"stream_name":"stdout","time":13578.922451446,"data":"任务: (B2)N15_M07_F10→(B3)N15_M07_F04; mix批次:····0; 批次:··940/·1880;  总正确率: 41.75%\n"}
,{"stream_name":"stdout","time":13578.922490932,"data":"类型1 正确率： 100.00% -\u003e 1  100.00%, 2    0.00%, 3    0.00%\n"}
,{"stream_name":"stdout","time":13578.92249886,"data":"类型2 正确率：  25.00% -\u003e 1    0.00%, 2   25.25%, 3   74.75%\n"}
,{"stream_name":"stdout","time":13578.922505346,"data":"类型3 正确率：   0.00% -\u003e 1    5.45%, 2   94.55%, 3    0.00%\n"}
,{"stream_name":"stdout","time":13578.922512001,"data":"\n"}
,{"stream_name":"stdout","time":13578.92251818,"data":"\n"}
,{"stream_name":"stdout","time":13578.97217047,"data":"样本变换：reverse\n"}
,{"stream_name":"stdout","time":13582.575819351,"data":"样本变换：mask\n"}
,{"stream_name":"stdout","time":13586.207852435,"data":"样本变换：shift\n"}
,{"stream_name":"stdout","time":13589.823933536,"data":"样本变换：none\n"}
,{"stream_name":"stdout","time":13595.428889341,"data":"未过滤\t未用伪标签：41.75% -\u003e 使用伪标签：40.12%\n"}
,{"stream_name":"stdout","time":13595.428933219,"data":"已过滤\t未用伪标签：41.53% -\u003e 使用伪标签：40.36%\n"}
,{"stream_name":"stdout","time":13595.42895359,"data":"排除样本：36|6000\t剩余：2134, 2266, 1564\n"}
,{"stream_name":"stdout","time":13595.428963207,"data":"增添样本：834\t\t细则：132, 0, 702\t正确率估算：97.60%\n"}
,{"stream_name":"stdout","time":13595.428967299,"data":"类型1 正确率： 100.00% -\u003e 1  100.00%, 2    0.00%, 3    0.00%\n"}
,{"stream_name":"stdout","time":13595.428971127,"data":"类型2 正确率：  21.00% -\u003e 1    0.00%, 2   20.65%, 3   79.35%\n"}
,{"stream_name":"stdout","time":13595.428974939,"data":"类型3 正确率：   0.00% -\u003e 1    6.72%, 2   93.28%, 3    0.00%\n"}
,{"stream_name":"stdout","time":13595.428978538,"data":"\n"}
,{"stream_name":"stdout","time":13595.428982442,"data":"被排除样本 正确率：77.78%\n"}
,{"stream_name":"stdout","time":13595.429007708,"data":"类型1 正确率：  97.00% -\u003e 1   96.55%, 2    3.45%\n"}
,{"stream_name":"stdout","time":13595.429014492,"data":"类型2 正确率：   0.00% -\u003e 1  100.00%, 2    0.00%\n"}
,{"stream_name":"stdout","time":13595.429020594,"data":"\n"}
,{"stream_name":"stdout","time":13595.42902642,"data":"\n"}
,{"stream_name":"stdout","time":13609.225931387,"data":"轮次:·11/·20 || c_Loss:0.390 || e_Loss:-0.930 || Aad_Loss:-28.386 || 耗时：37.04s\n"}
,{"stream_name":"stdout","time":13623.120617563,"data":"轮次:·12/·20 || c_Loss:0.394 || e_Loss:-0.941 || Aad_Loss:-27.608 || 耗时：13.89s\n"}
,{"stream_name":"stdout","time":13637.059573372,"data":"轮次:·13/·20 || c_Loss:0.389 || e_Loss:-1.738 || Aad_Loss:-28.780 || 耗时：13.94s\n"}
,{"stream_name":"stdout","time":13650.985961075,"data":"轮次:·14/·20 || c_Loss:0.389 || e_Loss:-0.961 || Aad_Loss:-28.810 || 耗时：13.93s\n"}
,{"stream_name":"stdout","time":13664.898417939,"data":"轮次:·15/·20 || c_Loss:0.415 || e_Loss:-0.924 || Aad_Loss:-29.859 || 耗时：13.91s\n"}
,{"stream_name":"stdout","time":13671.637407196,"data":"任务: (B2)N15_M07_F10→(B3)N15_M07_F04; mix批次:····0; 批次:·1410/·1880;  总正确率: 39.30%\n"}
,{"stream_name":"stdout","time":13671.637448047,"data":"类型1 正确率： 100.00% -\u003e 1  100.00%, 2    0.00%, 3    0.00%\n"}
,{"stream_name":"stdout","time":13671.637458332,"data":"类型2 正确率：  18.00% -\u003e 1    0.00%, 2   17.90%, 3   82.10%\n"}
,{"stream_name":"stdout","time":13671.637467362,"data":"类型3 正确率：   0.00% -\u003e 1    6.15%, 2   93.85%, 3    0.00%\n"}
,{"stream_name":"stdout","time":13671.637471308,"data":"\n"}
,{"stream_name":"stdout","time":13671.63747509,"data":"\n"}
,{"stream_name":"stdout","time":13671.68678215,"data":"样本变换：reverse\n"}
,{"stream_name":"stdout","time":13675.292897762,"data":"样本变换：mask\n"}
,{"stream_name":"stdout","time":13678.890114274,"data":"样本变换：shift\n"}
,{"stream_name":"stdout","time":13682.518831852,"data":"样本变换：none\n"}
,{"stream_name":"stdout","time":13687.956483238,"data":"未过滤\t未用伪标签：39.30% -\u003e 使用伪标签：38.75%\n"}
,{"stream_name":"stdout","time":13687.956528225,"data":"已过滤\t未用伪标签：39.26% -\u003e 使用伪标签：38.94%\n"}
,{"stream_name":"stdout","time":13687.956533948,"data":"排除样本：29|6000\t剩余：2147, 2165, 1659\n"}
,{"stream_name":"stdout","time":13687.956538975,"data":"增添样本：524\t\t细则：18, 0, 506\t正确率估算：99.24%\n"}
,{"stream_name":"stdout","time":13687.956560598,"data":"类型1 正确率： 100.00% -\u003e 1  100.00%, 2    0.00%, 3    0.00%\n"}
,{"stream_name":"stdout","time":13687.956566911,"data":"类型2 正确率：  16.00% -\u003e 1    0.00%, 2   16.38%, 3   83.62%\n"}
,{"stream_name":"stdout","time":13687.956572621,"data":"类型3 正确率：   0.00% -\u003e 1    7.40%, 2   92.60%, 3    0.00%\n"}
,{"stream_name":"stdout","time":13687.956579338,"data":"\n"}
,{"stream_name":"stdout","time":13687.956584412,"data":"被排除样本 正确率：48.28%\n"}
,{"stream_name":"stdout","time":13687.956589594,"data":"类型1 正确率：  88.00% -\u003e 1   87.50%, 2   12.50%\n"}
,{"stream_name":"stdout","time":13687.95659499,"data":"类型2 正确率：   0.00% -\u003e 1  100.00%, 2    0.00%\n"}
,{"stream_name":"stdout","time":13687.956600394,"data":"\n"}
,{"stream_name":"stdout","time":13687.956607398,"data":"\n"}
,{"stream_name":"stdout","time":13701.683153797,"data":"轮次:·16/·20 || c_Loss:0.375 || e_Loss:-1.456 || Aad_Loss:-28.150 || 耗时：36.78s\n"}
,{"stream_name":"stdout","time":13715.592689869,"data":"轮次:·17/·20 || c_Loss:0.414 || e_Loss:-0.949 || Aad_Loss:-29.126 || 耗时：13.91s\n"}
,{"stream_name":"stdout","time":13729.510434783,"data":"轮次:·18/·20 || c_Loss:0.416 || e_Loss:-0.914 || Aad_Loss:-32.392 || 耗时：13.92s\n"}
,{"stream_name":"stdout","time":13743.422031407,"data":"轮次:·19/·20 || c_Loss:0.398 || e_Loss:-0.951 || Aad_Loss:-27.880 || 耗时：13.91s\n"}
,{"stream_name":"stdout","time":13757.362668632,"data":"轮次:·20/·20 || c_Loss:0.369 || e_Loss:-0.913 || Aad_Loss:-32.941 || 耗时：13.94s\n"}
,{"stream_name":"stdout","time":13764.114039576,"data":"任务: (B2)N15_M07_F10→(B3)N15_M07_F04; mix批次:····0; 批次:·1880/·1880;  总正确率: 38.72%\n"}
,{"stream_name":"stdout","time":13764.114091878,"data":"类型1 正确率： 100.00% -\u003e 1  100.00%, 2    0.00%, 3    0.00%\n"}
,{"stream_name":"stdout","time":13764.114097755,"data":"类型2 正确率：  16.00% -\u003e 1    0.00%, 2   16.15%, 3   83.85%\n"}
,{"stream_name":"stdout","time":13764.114101941,"data":"类型3 正确率：   0.00% -\u003e 1    6.95%, 2   93.05%, 3    0.00%\n"}
,{"stream_name":"stdout","time":13764.114124056,"data":"\n"}
,{"stream_name":"stdout","time":13764.114127084,"data":"\n"}
,{"stream_name":"stdout","time":13770.817947441,"data":"测试集任务: (B2)N15_M07_F10→(B3)N15_M07_F04; 总正确率 = 38.72%\n"}
,{"stream_name":"stdout","time":13770.817990704,"data":"类型1 正确率： 100.00% -\u003e 1  100.00%, 2    0.00%, 3    0.00%\n"}
,{"stream_name":"stdout","time":13770.817996575,"data":"类型2 正确率：  16.00% -\u003e 1    0.00%, 2   16.15%, 3   83.85%\n"}
,{"stream_name":"stdout","time":13770.818017017,"data":"类型3 正确率：   0.00% -\u003e 1    6.95%, 2   93.05%, 3    0.00%\n"}
,{"stream_name":"stdout","time":13770.818022279,"data":"\n"}
,{"stream_name":"stdout","time":13770.818027053,"data":"\n"}
,{"stream_name":"stdout","time":13770.846045303,"data":"[tar_adaptation_RES_PU.py --folder_root /kaggle/working/k10/S07/sdalr_PU_final_checkpoint/DATA_foldS07c --seed 2024 --class_num 3 --data_name PU_M1_L3 --output /kaggle/working/k10/S07/weight_PU_M1_final_checkpoint_FS07toS07c_s2024 --s 1 --t 2 --lr 0.0005 --threshold 0.4 --K 0.6] 391s\n"}
,{"stream_name":"stdout","time":13770.876540307,"data":"读取源域路径：/kaggle/working/k10/S07/weight_PU_M1_final_checkpoint_FS07toS07c_s2024/NEW_PU/Source-源域/log\u0026pt/(B3)N15_M07_F04\n"}
,{"stream_name":"stdout","time":13770.876587114,"data":"excel输出位置：/kaggle/working/k10/S07/weight_PU_M1_final_checkpoint_FS07toS07c_s2024/NEW_PU/Target-目标域\n"}
,{"stream_name":"stdout","time":13770.876597536,"data":"特征图片输出位置：/kaggle/working/k10/S07/weight_PU_M1_final_checkpoint_FS07toS07c_s2024/NEW_PU/Picture-特征图/2026年09月19日06时54分/(B3)N15_M07_F04\n"}
,{"stream_name":"stderr","time":13770.921659794,"data":"/usr/local/lib/python3.12/dist-packages/torch/nn/utils/weight_norm.py:144: FutureWarning: `torch.nn.utils.weight_norm` is deprecated in favor of `torch.nn.utils.parametrizations.weight_norm`.\n"}
,{"stream_name":"stderr","time":13770.921709158,"data":"  WeightNorm.apply(module, name, dim)\n"}
,{"stream_name":"stdout","time":13770.972551077,"data":"现在选取:(B3)N15_M07_F04 进行训练的源模型\n"}
,{"stream_name":"stdout","time":13770.972709609,"data":"现在进行：(B3)N15_M07_F04→(B1)N15_M01_F10 的迁移任务\n"}
,{"stream_name":"stdout","time":13770.97291049,"data":"log\u0026pt输出位置：/kaggle/working/k10/S07/weight_PU_M1_final_checkpoint_FS07toS07c_s2024/NEW_PU/Target-目标域/log\u0026pt/(B3)N15_M07_F04→(B1)N15_M01_F10\n"}
,{"stream_name":"stderr","time":13770.974476084,"data":"sh: 1: Syntax error: word unexpected (expecting \")\")\n"}
,{"stream_name":"stdout","time":13783.280308873,"data":"任务: (B3)N15_M07_F04→(B1)N15_M01_F10; 批次:····0/·1880;  总正确率: 50.15%\n"}
,{"stream_name":"stdout","time":13783.28035387,"data":"类型1 正确率：  80.00% -\u003e 1   79.90%, 2    1.35%, 3   18.75%\n"}
,{"stream_name":"stdout","time":13783.280358811,"data":"类型2 正确率：  71.00% -\u003e 1    0.05%, 2   70.55%, 3   29.40%\n"}
,{"stream_name":"stdout","time":13783.280362037,"data":"类型3 正确率：   0.00% -\u003e 1    0.00%, 2  100.00%, 3    0.00%\n"}
,{"stream_name":"stdout","time":13783.280365591,"data":"\n"}
,{"stream_name":"stdout","time":13783.280368393,"data":"\n"}
,{"stream_name":"stdout","time":13783.281208996,"data":"样本变换：reverse\n"}
,{"stream_name":"stdout","time":13786.823834242,"data":"样本变换：mask\n"}
,{"stream_name":"stdout","time":13790.404853561,"data":"样本变换：shift\n"}
,{"stream_name":"stdout","time":13794.024247686,"data":"样本变换：none\n"}
,{"stream_name":"stderr","time":13800.524742612,"data":"/kaggle/working/k10/S07/sdalr_PU_final_checkpoint/tools.py:413: RuntimeWarning: invalid value encountered in divide\n"}
,{"stream_name":"stderr","time":13800.524836789,"data":"  per_class_acc = conf_matrix.diagonal() / conf_matrix.sum(axis=1) * 100\n"}
,{"stream_name":"stdout","time":13800.525016333,"data":"未过滤\t未用伪标签：50.15% -\u003e 使用伪标签：51.60%\n"}
,{"stream_name":"stdout","time":13800.525027028,"data":"已过滤\t未用伪标签：50.64% -\u003e 使用伪标签：52.55%\n"}
,{"stream_name":"stdout","time":13800.52503226,"data":"排除样本：109|6000\t剩余：1739, 3361, 791\n"}
,{"stream_name":"stdout","time":13800.525037225,"data":"增添样本：4192\t\t细则：1622, 0, 2570\t正确率估算：90.92%\n"}
,{"stream_name":"stdout","time":13800.525042568,"data":"类型1 正确率：  90.00% -\u003e 1   89.92%, 2    0.21%, 3    9.88%\n"}
,{"stream_name":"stdout","time":13800.525047644,"data":"类型2 正确率：  69.00% -\u003e 1    0.00%, 2   69.34%, 3   30.66%\n"}
,{"stream_name":"stdout","time":13800.525051702,"data":"类型3 正确率：   0.00% -\u003e 1    0.00%, 2  100.00%, 3    0.00%\n"}
,{"stream_name":"stdout","time":13800.525055772,"data":"\n"}
,{"stream_name":"stdout","time":13800.525059453,"data":"被排除样本 正确率：23.85%\n"}
,{"stream_name":"stdout","time":13800.525063336,"data":"类型1 正确率：   6.00% -\u003e 1    6.06%, 2    4.55%, 3   89.39%\n"}
,{"stream_name":"stdout","time":13800.525067401,"data":"类型2 正确率：  51.00% -\u003e 1    0.00%, 2   51.16%, 3   48.84%\n"}
,{"stream_name":"stdout","time":13800.525071451,"data":"类型3 没有样本或未被分类。\n"}
,{"stream_name":"stdout","time":13800.525075341,"data":"\n"}
,{"stream_name":"stdout","time":13800.52507928,"data":"\n"}
,{"stream_name":"stdout","time":13814.502316814,"data":"轮次:··1/·20 || c_Loss:0.509 || e_Loss:-0.850 || Aad_Loss:-31.150 || 耗时：37.68s\n"}
,{"stream_name":"stdout","time":13828.444738437,"data":"轮次:··2/·20 || c_Loss:0.394 || e_Loss:-0.843 || Aad_Loss:-30.111 || 耗时：13.94s\n"}
,{"stream_name":"stdout","time":13842.263024339,"data":"轮次:··3/·20 || c_Loss:0.509 || e_Loss:-1.314 || Aad_Loss:-26.186 || 耗时：13.82s\n"}
,{"stream_name":"stdout","time":13856.070682543,"data":"轮次:··4/·20 || c_Loss:0.386 || e_Loss:-0.811 || Aad_Loss:-34.126 || 耗时：13.81s\n"}
,{"stream_name":"stdout","time":13869.833910619,"data":"轮次:··5/·20 || c_Loss:0.406 || e_Loss:-0.784 || Aad_Loss:-32.519 || 耗时：13.76s\n"}
,{"stream_name":"stdout","time":13876.494543434,"data":"任务: (B3)N15_M07_F04→(B1)N15_M01_F10; mix批次:····0; 批次:··470/·1880;  总正确率: 53.83%\n"}
,{"stream_name":"stdout","time":13876.494586244,"data":"类型1 正确率：  97.00% -\u003e 1   96.65%, 2    0.00%, 3    3.35%\n"}
,{"stream_name":"stdout","time":13876.494592133,"data":"类型2 正确率：  65.00% -\u003e 1    0.00%, 2   64.85%, 3   35.15%\n"}
,{"stream_name":"stdout","time":13876.494611926,"data":"类型3 正确率：   0.00% -\u003e 1    0.00%, 2  100.00%, 3    0.00%\n"}
,{"stream_name":"stdout","time":13876.494619203,"data":"\n"}
,{"stream_name":"stdout","time":13876.49462498,"data":"\n"}
,{"stream_name":"stdout","time":13876.533979469,"data":"样本变换：reverse\n"}
,{"stream_name":"stdout","time":13880.105820325,"data":"样本变换：mask\n"}
,{"stream_name":"stdout","time":13883.719833658,"data":"样本变换：shift\n"}
,{"stream_name":"stdout","time":13887.306804443,"data":"样本变换：none\n"}
,{"stream_name":"stderr","time":13893.563867758,"data":"/kaggle/working/k10/S07/sdalr_PU_final_checkpoint/tools.py:413: RuntimeWarning: invalid value encountered in divide\n"}
,{"stream_name":"stderr","time":13893.56391212,"data":"  per_class_acc = conf_matrix.diagonal() / conf_matrix.sum(axis=1) * 100\n"}
,{"stream_name":"stdout","time":13893.56397024,"data":"未过滤\t未用伪标签：53.83% -\u003e 使用伪标签：55.82%\n"}
,{"stream_name":"stdout","time":13893.56398142,"data":"已过滤\t未用伪标签：53.90% -\u003e 使用伪标签：55.90%\n"}
,{"stream_name":"stdout","time":13893.563986247,"data":"排除样本：9|6000\t剩余：2000, 3349, 642\n"}
,{"stream_name":"stdout","time":13893.563990329,"data":"增添样本：4056\t\t细则：1349, 0, 2707\t正确率估算：97.54%\n"}
,{"stream_name":"stdout","time":13893.563999995,"data":"类型1 正确率： 100.00% -\u003e 1  100.00%, 2    0.00%, 3    0.00%\n"}
,{"stream_name":"stdout","time":13893.564003143,"data":"类型2 正确率：  68.00% -\u003e 1    0.00%, 2   67.75%, 3   32.25%\n"}
,{"stream_name":"stdout","time":13893.564005884,"data":"类型3 正确率：   0.00% -\u003e 1    0.00%, 2  100.00%, 3    0.00%\n"}
,{"stream_name":"stdout","time":13893.564008542,"data":"\n"}
,{"stream_name":"stdout","time":13893.564011098,"data":"被排除样本 正确率：11.11%\n"}
,{"stream_name":"stdout","time":13893.564013649,"data":"类型1 正确率：  11.00% -\u003e 1   11.11%, 2   88.89%\n"}
,{"stream_name":"stdout","time":13893.564016368,"data":"类型2 没有样本或未被分类。\n"}
,{"stream_name":"stdout","time":13893.564018995,"data":"\n"}
,{"stream_name":"stdout","time":13893.564021528,"data":"\n"}
,{"stream_name":"stdout","time":13907.303989861,"data":"轮次:··6/·20 || c_Loss:0.380 || e_Loss:-0.858 || Aad_Loss:-37.319 || 耗时：37.47s\n"}
,{"stream_name":"stdout","time":13921.210707127,"data":"轮次:··7/·20 || c_Loss:0.402 || e_Loss:-0.820 || Aad_Loss:-33.721 || 耗时：13.91s\n"}
,{"stream_name":"stdout","time":13935.142483794,"data":"轮次:··8/·20 || c_Loss:0.414 || e_Loss:-1.565 || Aad_Loss:-37.725 || 耗时：13.93s\n"}
,{"stream_name":"stdout","time":13949.02409674,"data":"轮次:··9/·20 || c_Loss:0.425 || e_Loss:-0.869 || Aad_Loss:-32.308 || 耗时：13.88s\n"}
,{"stream_name":"stdout","time":13962.91573663,"data":"轮次:·10/·20 || c_Loss:0.383 || e_Loss:-1.386 || Aad_Loss:-34.784 || 耗时：13.89s\n"}
,{"stream_name":"stdout","time":13969.61683149,"data":"任务: (B3)N15_M07_F04→(B1)N15_M01_F10; mix批次:····0; 批次:··940/·1880;  总正确率: 55.68%\n"}
,{"stream_name":"stdout","time":13969.616875946,"data":"类型1 正确率： 100.00% -\u003e 1  100.00%, 2    0.00%, 3    0.00%\n"}
,{"stream_name":"stdout","time":13969.61688169,"data":"类型2 正确率：  67.00% -\u003e 1    0.00%, 2   67.05%, 3   32.95%\n"}
,{"stream_name":"stdout","time":13969.616885883,"data":"类型3 正确率：   0.00% -\u003e 1    0.00%, 2  100.00%, 3    0.00%\n"}
,{"stream_name":"stdout","time":13969.616890323,"data":"\n"}
,{"stream_name":"stdout","time":13969.616912396,"data":"\n"}
,{"stream_name":"stdout","time":13969.669131052,"data":"样本变换：reverse\n"}
,{"stream_name":"stdout","time":13973.239919377,"data":"样本变换：mask\n"}
,{"stream_name":"stdout","time":13976.82884293,"data":"样本变换：shift\n"}
,{"stream_name":"stdout","time":13980.404347424,"data":"样本变换：none\n"}
,{"stream_name":"stderr","time":13986.596369473,"data":"/kaggle/working/k10/S07/sdalr_PU_final_checkpoint/tools.py:413: RuntimeWarning: invalid value encountered in divide\n"}
,{"stream_name":"stderr","time":13986.596445006,"data":"  per_class_acc = conf_matrix.diagonal() / conf_matrix.sum(axis=1) * 100\n"}
,{"stream_name":"stdout","time":13986.596639468,"data":"未过滤\t未用伪标签：55.68% -\u003e 使用伪标签：56.43%\n"}
,{"stream_name":"stdout","time":13986.596665026,"data":"已过滤\t未用伪标签：55.74% -\u003e 使用伪标签：56.49%\n"}
,{"stream_name":"stdout","time":13986.596682388,"data":"排除样本：6|6000\t剩余：2000, 3386, 608\n"}
,{"stream_name":"stdout","time":13986.596685685,"data":"增添样本：4164\t\t细则：1386, 0, 2778\t正确率估算：100.00%\n"}
,{"stream_name":"stdout","time":13986.596688618,"data":"类型1 正确率： 100.00% -\u003e 1  100.00%, 2    0.00%, 3    0.00%\n"}
,{"stream_name":"stdout","time":13986.596691647,"data":"类型2 正确率：  70.00% -\u003e 1    0.00%, 2   69.51%, 3   30.49%\n"}
,{"stream_name":"stdout","time":13986.596694391,"data":"类型3 正确率：   0.00% -\u003e 1    0.00%, 2  100.00%, 3    0.00%\n"}
,{"stream_name":"stdout","time":13986.596697944,"data":"\n"}
,{"stream_name":"stdout","time":13986.59671345,"data":"被排除样本 正确率：0.00%\n"}
,{"stream_name":"stdout","time":13986.596718361,"data":"类型1 正确率：   0.00% -\u003e 1    0.00%, 2  100.00%\n"}
,{"stream_name":"stdout","time":13986.596723141,"data":"类型2 没有样本或未被分类。\n"}
,{"stream_name":"stdout","time":13986.596727999,"data":"\n"}
,{"stream_name":"stdout","time":13986.59673245,"data":"\n"}
,{"stream_name":"stdout","time":14000.265981837,"data":"轮次:·11/·20 || c_Loss:0.409 || e_Loss:-0.879 || Aad_Loss:-35.195 || 耗时：37.35s\n"}
,{"stream_name":"stdout","time":14014.076272181,"data":"轮次:·12/·20 || c_Loss:0.388 || e_Loss:-0.909 || Aad_Loss:-33.408 || 耗时：13.81s\n"}
,{"stream_name":"stdout","time":14027.90174278,"data":"轮次:·13/·20 || c_Loss:0.394 || e_Loss:-0.898 || Aad_Loss:-36.755 || 耗时：13.83s\n"}
,{"stream_name":"stdout","time":14041.741304571,"data":"轮次:·14/·20 || c_Loss:0.407 || e_Loss:-0.841 || Aad_Loss:-37.540 || 耗时：13.84s\n"}
,{"stream_name":"stdout","time":14055.609895642,"data":"轮次:·15/·20 || c_Loss:0.381 || e_Loss:-0.914 || Aad_Loss:-35.675 || 耗时：13.87s\n"}
,{"stream_name":"stdout","time":14062.295770131,"data":"任务: (B3)N15_M07_F04→(B1)N15_M01_F10; mix批次:····0; 批次:·1410/·1880;  总正确率: 56.60%\n"}
,{"stream_name":"stdout","time":14062.295815166,"data":"类型1 正确率： 100.00% -\u003e 1  100.00%, 2    0.00%, 3    0.00%\n"}
,{"stream_name":"stdout","time":14062.295823426,"data":"类型2 正确率：  70.00% -\u003e 1    0.00%, 2   69.80%, 3   30.20%\n"}
,{"stream_name":"stdout","time":14062.295829947,"data":"类型3 正确率：   0.00% -\u003e 1    0.00%, 2  100.00%, 3    0.00%\n"}
,{"stream_name":"stdout","time":14062.295836549,"data":"\n"}
,{"stream_name":"stdout","time":14062.295842794,"data":"\n"}
,{"stream_name":"stdout","time":14062.343001986,"data":"样本变换：reverse\n"}
,{"stream_name":"stdout","time":14065.928850758,"data":"样本变换：mask\n"}
,{"stream_name":"stdout","time":14069.532152732,"data":"样本变换：shift\n"}
,{"stream_name":"stdout","time":14073.11079733,"data":"样本变换：none\n"}
,{"stream_name":"stderr","time":14079.208805232,"data":"/kaggle/working/k10/S07/sdalr_PU_final_checkpoint/tools.py:413: RuntimeWarning: invalid value encountered in divide\n"}
,{"stream_name":"stderr","time":14079.208852701,"data":"  per_class_acc = conf_matrix.diagonal() / conf_matrix.sum(axis=1) * 100\n"}
,{"stream_name":"stdout","time":14079.209035434,"data":"未过滤\t未用伪标签：56.60% -\u003e 使用伪标签：57.30%\n"}
,{"stream_name":"stdout","time":14079.209050368,"data":"已过滤\t未用伪标签：56.67% -\u003e 使用伪标签：57.37%\n"}
,{"stream_name":"stdout","time":14079.209056578,"data":"排除样本：7|6000\t剩余：2000, 3438, 555\n"}
,{"stream_name":"stdout","time":14079.209067954,"data":"增添样本：4321\t\t细则：1438, 0, 2883\t正确率估算：100.00%\n"}
,{"stream_name":"stdout","time":14079.209104827,"data":"类型1 正确率： 100.00% -\u003e 1  100.00%, 2    0.00%, 3    0.00%\n"}
,{"stream_name":"stdout","time":14079.209110439,"data":"类型2 正确率：  72.00% -\u003e 1    0.00%, 2   72.15%, 3   27.85%\n"}
,{"stream_name":"stdout","time":14079.209115228,"data":"类型3 正确率：   0.00% -\u003e 1    0.00%, 2  100.00%, 3    0.00%\n"}
,{"stream_name":"stdout","time":14079.209119863,"data":"\n"}
,{"stream_name":"stdout","time":14079.209123563,"data":"被排除样本 正确率：0.00%\n"}
,{"stream_name":"stdout","time":14079.2091274,"data":"类型1 正确率：   0.00% -\u003e 1    0.00%, 2  100.00%\n"}
,{"stream_name":"stdout","time":14079.209131447,"data":"类型2 没有样本或未被分类。\n"}
,{"stream_name":"stdout","time":14079.209135473,"data":"\n"}
,{"stream_name":"stdout","time":14079.209139366,"data":"\n"}
,{"stream_name":"stdout","time":14092.975830742,"data":"轮次:·16/·20 || c_Loss:0.427 || e_Loss:-0.866 || Aad_Loss:-36.317 || 耗时：37.37s\n"}
,{"stream_name":"stdout","time":14106.903384052,"data":"轮次:·17/·20 || c_Loss:0.388 || e_Loss:-1.455 || Aad_Loss:-32.825 || 耗时：13.93s\n"}
,{"stream_name":"stdout","time":14120.840523899,"data":"轮次:·18/·20 || c_Loss:0.397 || e_Loss:-0.870 || Aad_Loss:-36.965 || 耗时：13.94s\n"}
,{"stream_name":"stdout","time":14134.695437467,"data":"轮次:·19/·20 || c_Loss:0.385 || e_Loss:-0.887 || Aad_Loss:-37.701 || 耗时：13.85s\n"}
,{"stream_name":"stdout","time":14148.541262321,"data":"轮次:·20/·20 || c_Loss:0.396 || e_Loss:-0.838 || Aad_Loss:-35.259 || 耗时：13.85s\n"}
,{"stream_name":"stdout","time":14155.142324678,"data":"任务: (B3)N15_M07_F04→(B1)N15_M01_F10; mix批次:····0; 批次:·1880/·1880;  总正确率: 57.08%\n"}
,{"stream_name":"stdout","time":14155.142374308,"data":"类型1 正确率： 100.00% -\u003e 1  100.00%, 2    0.00%, 3    0.00%\n"}
,{"stream_name":"stdout","time":14155.142401239,"data":"类型2 正确率：  71.00% -\u003e 1    0.00%, 2   71.25%, 3   28.75%\n"}
,{"stream_name":"stdout","time":14155.142408083,"data":"类型3 正确率：   0.00% -\u003e 1    0.00%, 2  100.00%, 3    0.00%\n"}
,{"stream_name":"stdout","time":14155.142415058,"data":"\n"}
,{"stream_name":"stdout","time":14155.142420601,"data":"\n"}
,{"stream_name":"stdout","time":14161.748394284,"data":"测试集任务: (B3)N15_M07_F04→(B1)N15_M01_F10; 总正确率 = 57.08%\n"}
,{"stream_name":"stdout","time":14161.748458832,"data":"类型1 正确率： 100.00% -\u003e 1  100.00%, 2    0.00%, 3    0.00%\n"}
,{"stream_name":"stdout","time":14161.74846867,"data":"类型2 正确率：  71.00% -\u003e 1    0.00%, 2   71.25%, 3   28.75%\n"}
,{"stream_name":"stdout","time":14161.74847557,"data":"类型3 正确率：   0.00% -\u003e 1    0.00%, 2  100.00%, 3    0.00%\n"}
,{"stream_name":"stdout","time":14161.748481176,"data":"\n"}
,{"stream_name":"stdout","time":14161.748486559,"data":"\n"}
,{"stream_name":"stdout","time":14161.778590064,"data":"[tar_adaptation_RES_PU.py --folder_root /kaggle/working/k10/S07/sdalr_PU_final_checkpoint/DATA_foldS07c --seed 2024 --class_num 3 --data_name PU_M1_L3 --output /kaggle/working/k10/S07/weight_PU_M1_final_checkpoint_FS07toS07c_s2024 --s 2 --t 0 --lr 0.0005 --threshold 0.4 --K 0.6] 391s\n"}
,{"stream_name":"stdout","time":14161.808471492,"data":"读取源域路径：/kaggle/working/k10/S07/weight_PU_M1_final_checkpoint_FS07toS07c_s2024/NEW_PU/Source-源域/log\u0026pt/(B3)N15_M07_F04\n"}
,{"stream_name":"stdout","time":14161.808500807,"data":"excel输出位置：/kaggle/working/k10/S07/weight_PU_M1_final_checkpoint_FS07toS07c_s2024/NEW_PU/Target-目标域\n"}
,{"stream_name":"stdout","time":14161.808506645,"data":"特征图片输出位置：/kaggle/working/k10/S07/weight_PU_M1_final_checkpoint_FS07toS07c_s2024/NEW_PU/Picture-特征图/2026年09月19日07时01分/(B3)N15_M07_F04\n"}
,{"stream_name":"stderr","time":14161.847228101,"data":"/usr/local/lib/python3.12/dist-packages/torch/nn/utils/weight_norm.py:144: FutureWarning: `torch.nn.utils.weight_norm` is deprecated in favor of `torch.nn.utils.parametrizations.weight_norm`.\n"}
,{"stream_name":"stderr","time":14161.847282668,"data":"  WeightNorm.apply(module, name, dim)\n"}
,{"stream_name":"stdout","time":14161.89105195,"data":"现在选取:(B3)N15_M07_F04 进行训练的源模型\n"}
,{"stream_name":"stdout","time":14161.891085372,"data":"现在进行：(B3)N15_M07_F04→(B2)N15_M07_F10 的迁移任务\n"}
,{"stream_name":"stdout","time":14161.891089189,"data":"log\u0026pt输出位置：/kaggle/working/k10/S07/weight_PU_M1_final_checkpoint_FS07toS07c_s2024/NEW_PU/Target-目标域/log\u0026pt/(B3)N15_M07_F04→(B2)N15_M07_F10\n"}
,{"stream_name":"stderr","time":14161.892487024,"data":"sh: 1: Syntax error: word unexpected (expecting \")\")\n"}
,{"stream_name":"stdout","time":14174.060269154,"data":"任务: (B3)N15_M07_F04→(B2)N15_M07_F10; 批次:····0/·1880;  总正确率: 51.70%\n"}
,{"stream_name":"stdout","time":14174.060312801,"data":"类型1 正确率：  80.00% -\u003e 1   79.65%, 2    1.10%, 3   19.25%\n"}
,{"stream_name":"stdout","time":14174.060325835,"data":"类型2 正确率：  75.00% -\u003e 1    0.00%, 2   75.20%, 3   24.80%\n"}
,{"stream_name":"stdout","time":14174.06032989,"data":"类型3 正确率：   0.00% -\u003e 1    0.00%, 2   99.75%, 3    0.25%\n"}
,{"stream_name":"stdout","time":14174.060333832,"data":"\n"}
,{"stream_name":"stdout","time":14174.060337183,"data":"\n"}
,{"stream_name":"stdout","time":14174.060949299,"data":"样本变换：reverse\n"}
,{"stream_name":"stdout","time":14177.57781381,"data":"样本变换：mask\n"}
,{"stream_name":"stdout","time":14181.17080643,"data":"样本变换：shift\n"}
,{"stream_name":"stdout","time":14184.786782251,"data":"样本变换：none\n"}
,{"stream_name":"stdout","time":14191.214880902,"data":"未过滤\t未用伪标签：51.70% -\u003e 使用伪标签：53.08%\n"}
,{"stream_name":"stdout","time":14191.214926682,"data":"已过滤\t未用伪标签：51.89% -\u003e 使用伪标签：54.33%\n"}
,{"stream_name":"stdout","time":14191.214932066,"data":"排除样本：138|6000\t剩余：1550, 3633, 679\n"}
,{"stream_name":"stdout","time":14191.214936251,"data":"增添样本：5037\t\t细则：2083, 0, 2954\t正确率估算：97.94%\n"}
,{"stream_name":"stdout","time":14191.214940254,"data":"类型1 正确率：  80.00% -\u003e 1   80.31%, 2    0.00%, 3   19.69%\n"}
,{"stream_name":"stdout","time":14191.214944014,"data":"类型2 正确率：  85.00% -\u003e 1    0.00%, 2   84.54%, 3   15.46%\n"}
,{"stream_name":"stdout","time":14191.214947536,"data":"类型3 正确率：   0.00% -\u003e 1    0.00%, 2  100.00%, 3    0.00%\n"}
,{"stream_name":"stdout","time":14191.214951089,"data":"\n"}
,{"stream_name":"stdout","time":14191.21495446,"data":"被排除样本 正确率：43.48%\n"}
,{"stream_name":"stdout","time":14191.214957964,"data":"类型1 正确率：  73.00% -\u003e 1   72.86%, 2    0.00%, 3   27.14%\n"}
,{"stream_name":"stdout","time":14191.214961421,"data":"类型2 正确率：  11.00% -\u003e 1    0.00%, 2   10.61%, 3   89.39%\n"}
,{"stream_name":"stdout","time":14191.214965006,"data":"类型3 正确率： 100.00% -\u003e 1    0.00%, 2    0.00%, 3  100.00%\n"}
,{"stream_name":"stdout","time":14191.214968475,"data":"\n"}
,{"stream_name":"stdout","time":14191.214971886,"data":"\n"}
,{"stream_name":"stdout","time":14205.334207442,"data":"轮次:··1/·20 || c_Loss:0.598 || e_Loss:-1.459 || Aad_Loss:-32.713 || 耗时：37.68s\n"}
,{"stream_name":"stdout","time":14219.313227634,"data":"轮次:··2/·20 || c_Loss:0.440 || e_Loss:-1.379 || Aad_Loss:-40.908 || 耗时：13.98s\n"}
,{"stream_name":"stdout","time":14233.095336173,"data":"轮次:··3/·20 || c_Loss:0.430 || e_Loss:-1.476 || Aad_Loss:-36.186 || 耗时：13.78s\n"}
,{"stream_name":"stdout","time":14246.829050812,"data":"轮次:··4/·20 || c_Loss:0.434 || e_Loss:-1.331 || Aad_Loss:-37.117 || 耗时：13.73s\n"}
,{"stream_name":"stdout","time":14260.590078125,"data":"轮次:··5/·20 || c_Loss:0.418 || e_Loss:-0.722 || Aad_Loss:-38.459 || 耗时：13.76s\n"}
,{"stream_name":"stdout","time":14267.283513625,"data":"任务: (B3)N15_M07_F04→(B2)N15_M07_F10; mix批次:····0; 批次:··470/·1880;  总正确率: 53.60%\n"}
,{"stream_name":"stdout","time":14267.283563368,"data":"类型1 正确率：  79.00% -\u003e 1   78.55%, 2    0.00%, 3   21.45%\n"}
,{"stream_name":"stdout","time":14267.283571884,"data":"类型2 正确率：  82.00% -\u003e 1    0.00%, 2   82.25%, 3   17.75%\n"}
,{"stream_name":"stdout","time":14267.283577638,"data":"类型3 正确率：   0.00% -\u003e 1    0.00%, 2  100.00%, 3    0.00%\n"}
,{"stream_name":"stdout","time":14267.283583028,"data":"\n"}
,{"stream_name":"stdout","time":14267.283590073,"data":"\n"}
,{"stream_name":"stdout","time":14267.321732277,"data":"样本变换：reverse\n"}
,{"stream_name":"stdout","time":14270.898834444,"data":"样本变换：mask\n"}
,{"stream_name":"stdout","time":14274.547826384,"data":"样本变换：shift\n"}
,{"stream_name":"stdout","time":14278.148404876,"data":"样本变换：none\n"}
,{"stream_name":"stderr","time":14284.37865476,"data":"/kaggle/working/k10/S07/sdalr_PU_final_checkpoint/tools.py:413: RuntimeWarning: invalid value encountered in divide\n"}
,{"stream_name":"stderr","time":14284.378733585,"data":"  per_class_acc = conf_matrix.diagonal() / conf_matrix.sum(axis=1) * 100\n"}
,{"stream_name":"stdout","time":14284.379005481,"data":"未过滤\t未用伪标签：53.60% -\u003e 使用伪标签：66.05%\n"}
,{"stream_name":"stdout","time":14284.379024457,"data":"已过滤\t未用伪标签：53.76% -\u003e 使用伪标签：66.25%\n"}
,{"stream_name":"stdout","time":14284.379031444,"data":"排除样本：18|6000\t剩余：1963, 4000, 19\n"}
,{"stream_name":"stdout","time":14284.379037947,"data":"增添样本：6018\t\t细则：2037, 0, 3981\t正确率估算：79.97%\n"}
,{"stream_name":"stdout","time":14284.37904373,"data":"类型1 正确率：  99.00% -\u003e 1   99.04%, 2    0.00%, 3    0.96%\n"}
,{"stream_name":"stdout","time":14284.379049266,"data":"类型2 正确率： 100.00% -\u003e 1    0.00%, 2  100.00%, 3    0.00%\n"}
,{"stream_name":"stdout","time":14284.37905475,"data":"类型3 正确率：   0.00% -\u003e 1    0.00%, 2  100.00%, 3    0.00%\n"}
,{"stream_name":"stdout","time":14284.379060241,"data":"\n"}
,{"stream_name":"stdout","time":14284.379065322,"data":"被排除样本 正确率：0.00%\n"}
,{"stream_name":"stdout","time":14284.379070823,"data":"类型1 正确率：   0.00% -\u003e 1    0.00%, 2  100.00%\n"}
,{"stream_name":"stdout","time":14284.37907623,"data":"类型2 没有样本或未被分类。\n"}
,{"stream_name":"stdout","time":14284.379083831,"data":"\n"}
,{"stream_name":"stdout","time":14284.379093074,"data":"\n"}
,{"stream_name":"stdout","time":14298.22156171,"data":"轮次:··6/·20 || c_Loss:0.392 || e_Loss:-0.672 || Aad_Loss:-46.114 || 耗时：37.63s\n"}
,{"stream_name":"stdout","time":14312.143534541,"data":"轮次:··7/·20 || c_Loss:0.399 || e_Loss:-0.656 || Aad_Loss:-46.388 || 耗时：13.92s\n"}
,{"stream_name":"stdout","time":14326.026801254,"data":"轮次:··8/·20 || c_Loss:0.406 || e_Loss:-0.643 || Aad_Loss:-44.876 || 耗时：13.88s\n"}
,{"stream_name":"stdout","time":14339.862909196,"data":"轮次:··9/·20 || c_Loss:0.363 || e_Loss:-0.639 || Aad_Loss:-48.056 || 耗时：13.84s\n"}
,{"stream_name":"stdout","time":14353.731232853,"data":"轮次:·10/·20 || c_Loss:0.368 || e_Loss:-1.259 || Aad_Loss:-47.466 || 耗时：13.87s\n"}
,{"stream_name":"stdout","time":14360.405111007,"data":"任务: (B3)N15_M07_F04→(B2)N15_M07_F10; mix批次:····0; 批次:··940/·1880;  总正确率: 66.67%\n"}
,{"stream_name":"stdout","time":14360.405160345,"data":"类型1 正确率： 100.00% -\u003e 1  100.00%, 2    0.00%, 3    0.00%\n"}
,{"stream_name":"stdout","time":14360.40516629,"data":"类型2 正确率： 100.00% -\u003e 1    0.00%, 2  100.00%, 3    0.00%\n"}
,{"stream_name":"stdout","time":14360.405170362,"data":"类型3 正确率：   0.00% -\u003e 1    0.00%, 2  100.00%, 3    0.00%\n"}
,{"stream_name":"stdout","time":14360.40517427,"data":"\n"}
,{"stream_name":"stdout","time":14360.405177881,"data":"\n"}
,{"stream_name":"stdout","time":14360.457404081,"data":"样本变换：reverse\n"}
,{"stream_name":"stdout","time":14364.0568318,"data":"样本变换：mask\n"}
,{"stream_name":"stdout","time":14367.656818545,"data":"样本变换：shift\n"}
,{"stream_name":"stdout","time":14371.247017973,"data":"样本变换：none\n"}
,{"stream_name":"stderr","time":14376.323132652,"data":"/usr/local/lib/python3.12/dist-packages/numpy/_core/fromnumeric.py:3596: RuntimeWarning: Mean of empty slice.\n"}
,{"stream_name":"stderr","time":14376.323194313,"data":"  return _methods._mean(a, axis=axis, dtype=dtype,\n"}
,{"stream_name":"stderr","time":14376.323350019,"data":"/usr/local/lib/python3.12/dist-packages/numpy/_core/_methods.py:138: RuntimeWarning: invalid value encountered in scalar divide\n"}
,{"stream_name":"stderr","time":14376.323389143,"data":"  ret = ret.dtype.type(ret / rcount)\n"}
,{"stream_name":"stderr","time":14376.324476038,"data":"/kaggle/working/k10/S07/sdalr_PU_final_checkpoint/tools.py:414: RuntimeWarning: Mean of empty slice.\n"}
,{"stream_name":"stderr","time":14376.324521741,"data":"  overall_acc = round(per_class_acc.mean(), 2)\n"}
,{"stream_name":"stderr","time":14376.324529503,"data":"/usr/local/lib/python3.12/dist-packages/numpy/_core/_methods.py:138: RuntimeWarning: invalid value encountered in scalar divide\n"}
,{"stream_name":"stderr","time":14376.324535871,"data":"  ret = ret.dtype.type(ret / rcount)\n"}
,{"stream_name":"stdout","time":14376.324681294,"data":"未过滤\t未用伪标签：66.67% -\u003e 使用伪标签：33.33%\n"}
,{"stream_name":"stdout","time":14376.324695176,"data":"已过滤\t未用伪标签：66.67% -\u003e 使用伪标签：33.33%\n"}
,{"stream_name":"stdout","time":14376.32470207,"data":"排除样本：6000|6000\t剩余：\n"}
,{"stream_name":"stdout","time":14376.324707802,"data":"增添样本：0\t\t细则：0类型1 正确率：   0.00% -\u003e 1    0.00%, 2    0.00%, 3  100.00%\n"}
,{"stream_name":"stdout","time":14376.324713662,"data":"类型2 正确率：   0.00% -\u003e 1    0.00%, 2    0.00%, 3  100.00%\n"}
,{"stream_name":"stdout","time":14376.324719395,"data":"类型3 正确率： 100.00% -\u003e 1    0.00%, 2    0.00%, 3  100.00%\n"}
,{"stream_name":"stdout","time":14376.32472487,"data":"\n"}
,{"stream_name":"stdout","time":14376.324729863,"data":"被排除样本 正确率：nan%\n"}
,{"stream_name":"stdout","time":14376.324735042,"data":"\n"}
,{"stream_name":"stdout","time":14376.324739944,"data":"\n"}
,{"stream_name":"stdout","time":14389.926006038,"data":"轮次:·11/·20 || c_Loss:1.113 || e_Loss:-0.050 || Aad_Loss:-1.072 || 耗时：36.19s\n"}
,{"stream_name":"stdout","time":14403.698843335,"data":"轮次:·12/·20 || c_Loss:1.047 || e_Loss:-0.042 || Aad_Loss:0.183 || 耗时：13.77s\n"}
,{"stream_name":"stdout","time":14417.522691953,"data":"轮次:·13/·20 || c_Loss:0.981 || e_Loss:-0.028 || Aad_Loss:-5.510 || 耗时：13.82s\n"}
,{"stream_name":"stdout","time":14431.41212177,"data":"轮次:·14/·20 || c_Loss:0.931 || e_Loss:-0.025 || Aad_Loss:-7.004 || 耗时：13.89s\n"}
,{"stream_name":"stdout","time":14445.280387231,"data":"轮次:·15/·20 || c_Loss:0.889 || e_Loss:-0.023 || Aad_Loss:-12.326 || 耗时：13.87s\n"}
,{"stream_name":"stdout","time":14451.978237316,"data":"任务: (B3)N15_M07_F04→(B2)N15_M07_F10; mix批次:····0; 批次:·1410/·1880;  总正确率: 47.12%\n"}
,{"stream_name":"stdout","time":14451.978299046,"data":"类型1 正确率：  34.00% -\u003e 1   33.50%, 2    0.00%, 3   66.50%\n"}
,{"stream_name":"stdout","time":14451.978307039,"data":"类型2 正确率：  15.00% -\u003e 1    0.00%, 2   15.15%, 3   84.85%\n"}
,{"stream_name":"stdout","time":14451.978312753,"data":"类型3 正确率：  93.00% -\u003e 1    0.00%, 2    7.30%, 3   92.70%\n"}
,{"stream_name":"stdout","time":14451.978320279,"data":"\n"}
,{"stream_name":"stdout","time":14451.978329154,"data":"\n"}
,{"stream_name":"stdout","time":14452.023266181,"data":"样本变换：reverse\n"}
,{"stream_name":"stdout","time":14455.593796613,"data":"样本变换：mask\n"}
,{"stream_name":"stdout","time":14459.191850656,"data":"样本变换：shift\n"}
,{"stream_name":"stdout","time":14462.791823695,"data":"样本变换：none\n"}
,{"stream_name":"stderr","time":14468.90397146,"data":"/kaggle/working/k10/S07/sdalr_PU_final_checkpoint/tools.py:413: RuntimeWarning: invalid value encountered in divide\n"}
,{"stream_name":"stderr","time":14468.904036843,"data":"  per_class_acc = conf_matrix.diagonal() / conf_matrix.sum(axis=1) * 100\n"}
,{"stream_name":"stdout","time":14468.904215086,"data":"未过滤\t未用伪标签：47.12% -\u003e 使用伪标签：51.48%\n"}
,{"stream_name":"stdout","time":14468.904260416,"data":"已过滤\t未用伪标签：47.51% -\u003e 使用伪标签：51.93%\n"}
,{"stream_name":"stdout","time":14468.904267976,"data":"排除样本：52|6000\t剩余：1089, 4000, 859\n"}
,{"stream_name":"stdout","time":14468.904273508,"data":"增添样本：6052\t\t细则：2911, 0, 3141\t正确率估算：78.44%\n"}
,{"stream_name":"stdout","time":14468.904278978,"data":"类型1 正确率：  56.00% -\u003e 1   55.90%, 2    0.00%, 3   44.10%\n"}
,{"stream_name":"stdout","time":14468.904284683,"data":"类型2 正确率： 100.00% -\u003e 1    0.00%, 2  100.00%, 3    0.00%\n"}
,{"stream_name":"stdout","time":14468.904290018,"data":"类型3 正确率：   0.00% -\u003e 1    0.00%, 2  100.00%, 3    0.00%\n"}
,{"stream_name":"stdout","time":14468.904295088,"data":"\n"}
,{"stream_name":"stdout","time":14468.904299811,"data":"被排除样本 正确率：1.92%\n"}
,{"stream_name":"stdout","time":14468.904304824,"data":"类型1 正确率：   2.00% -\u003e 1    1.92%, 2   98.08%\n"}
,{"stream_name":"stdout","time":14468.904309908,"data":"类型2 没有样本或未被分类。\n"}
,{"stream_name":"stdout","time":14468.904315048,"data":"\n"}
,{"stream_name":"stdout","time":14468.904319739,"data":"\n"}
,{"stream_name":"stdout","time":14482.601099861,"data":"轮次:·16/·20 || c_Loss:0.508 || e_Loss:-1.227 || Aad_Loss:-38.969 || 耗时：37.32s\n"}
,{"stream_name":"stdout","time":14496.316058981,"data":"轮次:·17/·20 || c_Loss:0.511 || e_Loss:-0.651 || Aad_Loss:-36.922 || 耗时：13.71s\n"}
,{"stream_name":"stdout","time":14510.035606237,"data":"轮次:·18/·20 || c_Loss:0.463 || e_Loss:-0.706 || Aad_Loss:-34.448 || 耗时：13.72s\n"}
,{"stream_name":"stdout","time":14523.758938598,"data":"轮次:·19/·20 || c_Loss:0.481 || e_Loss:-1.422 || Aad_Loss:-32.265 || 耗时：13.72s\n"}
,{"stream_name":"stdout","time":14537.591611621,"data":"轮次:·20/·20 || c_Loss:0.417 || e_Loss:-0.630 || Aad_Loss:-41.549 || 耗时：13.83s\n"}
,{"stream_name":"stdout","time":14544.214148169,"data":"任务: (B3)N15_M07_F04→(B2)N15_M07_F10; mix批次:····0; 批次:·1880/·1880;  总正确率: 53.37%\n"}
,{"stream_name":"stdout","time":14544.214212639,"data":"类型1 正确率：  60.00% -\u003e 1   60.10%, 2    0.00%, 3   39.90%\n"}
,{"stream_name":"stdout","time":14544.214222667,"data":"类型2 正确率： 100.00% -\u003e 1    0.00%, 2  100.00%, 3    0.00%\n"}
,{"stream_name":"stdout","time":14544.214228372,"data":"类型3 正确率：   0.00% -\u003e 1    0.00%, 2  100.00%, 3    0.00%\n"}
,{"stream_name":"stdout","time":14544.214234103,"data":"\n"}
,{"stream_name":"stdout","time":14544.214239364,"data":"\n"}
,{"stream_name":"stdout","time":14550.819456842,"data":"测试集任务: (B3)N15_M07_F04→(B2)N15_M07_F10; 总正确率 = 53.37%\n"}
,{"stream_name":"stdout","time":14550.819509013,"data":"类型1 正确率：  60.00% -\u003e 1   60.10%, 2    0.00%, 3   39.90%\n"}
,{"stream_name":"stdout","time":14550.819517148,"data":"类型2 正确率： 100.00% -\u003e 1    0.00%, 2  100.00%, 3    0.00%\n"}
,{"stream_name":"stdout","time":14550.819523463,"data":"类型3 正确率：   0.00% -\u003e 1    0.00%, 2  100.00%, 3    0.00%\n"}
,{"stream_name":"stdout","time":14550.819529964,"data":"\n"}
,{"stream_name":"stdout","time":14550.819536166,"data":"\n"}
,{"stream_name":"stdout","time":14550.849292377,"data":"[tar_adaptation_RES_PU.py --folder_root /kaggle/working/k10/S07/sdalr_PU_final_checkpoint/DATA_foldS07c --seed 2024 --class_num 3 --data_name PU_M1_L3 --output /kaggle/working/k10/S07/weight_PU_M1_final_checkpoint_FS07toS07c_s2024 --s 2 --t 1 --lr 0.0005 --threshold 0.4 --K 0.6] 389s\n"}
,{"stream_name":"stdout","time":14550.868983275,"data":"{\n"}
,{"stream_name":"stdout","time":14550.869008399,"data":"  \"dataset\": \"PU_M1\",\n"}
,{"stream_name":"stdout","time":14550.869014801,"data":"  \"variant\": \"final_checkpoint\",\n"}
,{"stream_name":"stdout","time":14550.869020117,"data":"  \"seed\": 2024,\n"}
,{"stream_name":"stdout","time":14550.869025286,"data":"  \"smoke\": false,\n"}
,{"stream_name":"stdout","time":14550.869030418,"data":"  \"src_fold\": \"S07\",\n"}
,{"stream_name":"stdout","time":14550.869035569,"data":"  \"tgt_fold\": \"S07c\",\n"}
,{"stream_name":"stdout","time":14550.869040819,"data":"  \"leaky\": false,\n"}
,{"stream_name":"stdout","time":14550.869046162,"data":"  \"hyperparameters\": {\n"}
,{"stream_name":"stdout","time":14550.869051414,"data":"    \"lr\": \"0.0005\",\n"}
,{"stream_name":"stdout","time":14550.869056362,"data":"    \"threshold\": \"0.4\",\n"}
,{"stream_name":"stdout","time":14550.869061921,"data":"    \"K\": \"0.6\"\n"}
,{"stream_name":"stdout","time":14550.869066823,"data":"  },\n"}
,{"stream_name":"stdout","time":14550.869071641,"data":"  \"adapters\": [\n"}
,{"stream_name":"stdout","time":14550.869076794,"data":"    \"npz_io\",\n"}
,{"stream_name":"stdout","time":14550.869081865,"data":"    \"tsne_stub\",\n"}
,{"stream_name":"stdout","time":14550.869086894,"data":"    \"final_checkpoint_patch\"\n"}
,{"stream_name":"stdout","time":14550.869092417,"data":"  ],\n"}
,{"stream_name":"stdout","time":14550.86909764,"data":"  \"source_only\": {},\n"}
,{"stream_name":"stdout","time":14550.86910262,"data":"  \"adapted\": {\n"}
,{"stream_name":"stdout","time":14550.869107811,"data":"    \"A1-\u003eA3\": 59.38,\n"}
,{"stream_name":"stdout","time":14550.86911361,"data":"    \"A1-\u003eA2\": 61.8,\n"}
,{"stream_name":"stdout","time":14550.869119107,"data":"    \"A3-\u003eA1\": 38.48,\n"}
,{"stream_name":"stdout","time":14550.869123825,"data":"    \"A3-\u003eA2\": 38.72,\n"}
,{"stream_name":"stdout","time":14550.869139397,"data":"    \"A2-\u003eA1\": 57.08,\n"}
,{"stream_name":"stdout","time":14550.869143793,"data":"    \"A2-\u003eA3\": 53.37\n"}
,{"stream_name":"stdout","time":14550.869147344,"data":"  },\n"}
,{"stream_name":"stdout","time":14550.869150644,"data":"  \"seconds\": {\n"}
,{"stream_name":"stdout","time":14550.869154842,"data":"    \"A1-\u003eA3\": 390,\n"}
,{"stream_name":"stdout","time":14550.86915861,"data":"    \"A1-\u003eA2\": 391,\n"}
,{"stream_name":"stdout","time":14550.869162294,"data":"    \"A3-\u003eA1\": 389,\n"}
,{"stream_name":"stdout","time":14550.869166036,"data":"    \"A3-\u003eA2\": 391,\n"}
,{"stream_name":"stdout","time":14550.869169697,"data":"    \"A2-\u003eA1\": 391,\n"}
,{"stream_name":"stdout","time":14550.869173589,"data":"    \"A2-\u003eA3\": 389\n"}
,{"stream_name":"stdout","time":14550.869177233,"data":"  },\n"}
,{"stream_name":"stdout","time":14550.869180697,"data":"  \"gate_log\": {\n"}
,{"stream_name":"stdout","time":14550.869184201,"data":"    \"A1-\u003eA3\": [],\n"}
,{"stream_name":"stdout","time":14550.869188113,"data":"    \"A1-\u003eA2\": [],\n"}
,{"stream_name":"stdout","time":14550.869191627,"data":"    \"A3-\u003eA1\": [],\n"}
,{"stream_name":"stdout","time":14550.869195477,"data":"    \"A3-\u003eA2\": [],\n"}
,{"stream_name":"stdout","time":14550.86919893,"data":"    \"A2-\u003eA1\": [],\n"}
,{"stream_name":"stdout","time":14550.869202526,"data":"    \"A2-\u003eA3\": []\n"}
,{"stream_name":"stdout","time":14550.869206312,"data":"  },\n"}
,{"stream_name":"stdout","time":14550.869209785,"data":"  \"gate\": \"none\"\n"}
,{"stream_name":"stdout","time":14550.869213747,"data":"}\n"}
,{"stream_name":"stdout","time":14552.288302961,"data":"RUN /usr/bin/python3 -u /kaggle/input/datasets/rhrhrhrhrh/physgate-m0-code/sdalr_runner.py --sdalr /kaggle/input/datasets/rhrhrhrhrh/physgate-m0-code --m0 /kaggle/input/datasets/rhrhrhrhrh/physgate-k10-g3 --dataset PU_M1 --src-fold S07 --tgt-fold S07c --variant final_checkpoint --work /kaggle/working/k10/S07 --seed 2024 --gate pcv --gate-verdicts /kaggle/input/datasets/rhrhrhrhrh/physgate-m0-code/gate_verdicts.json --skip-pretrain\n"}
,{"stream_name":"stdout","time":14558.781347891,"data":"读取源域路径：/kaggle/working/k10/S07/weight_PU_M1_final_checkpoint_FS07toS07c_gatepcv_s2024/NEW_PU/Source-源域/log\u0026pt/(B1)N15_M01_F10\n"}
,{"stream_name":"stdout","time":14558.781398206,"data":"excel输出位置：/kaggle/working/k10/S07/weight_PU_M1_final_checkpoint_FS07toS07c_gatepcv_s2024/NEW_PU/Target-目标域\n"}
,{"stream_name":"stdout","time":14558.781953659,"data":"特征图片输出位置：/kaggle/working/k10/S07/weight_PU_M1_final_checkpoint_FS07toS07c_gatepcv_s2024/NEW_PU/Picture-特征图/2026年09月19日07时07分/(B1)N15_M01_F10\n"}
,{"stream_name":"stderr","time":14559.151545738,"data":"/usr/local/lib/python3.12/dist-packages/torch/nn/utils/weight_norm.py:144: FutureWarning: `torch.nn.utils.weight_norm` is deprecated in favor of `torch.nn.utils.parametrizations.weight_norm`.\n"}
,{"stream_name":"stderr","time":14559.151592154,"data":"  WeightNorm.apply(module, name, dim)\n"}
,{"stream_name":"stdout","time":14559.203012677,"data":"现在选取:(B1)N15_M01_F10 进行训练的源模型\n"}
,{"stream_name":"stdout","time":14559.20304771,"data":"现在进行：(B1)N15_M01_F10→(B2)N15_M07_F10 的迁移任务\n"}
,{"stream_name":"stdout","time":14559.203056844,"data":"log\u0026pt输出位置：/kaggle/working/k10/S07/weight_PU_M1_final_checkpoint_FS07toS07c_gatepcv_s2024/NEW_PU/Target-目标域/log\u0026pt/(B1)N15_M01_F10→(B2)N15_M07_F10\n"}
,{"stream_name":"stderr","time":14559.204661364,"data":"sh: 1: Syntax error: word unexpected (expecting \")\")\n"}
,{"stream_name":"stdout","time":14571.753906199,"data":"任务: (B1)N15_M01_F10→(B2)N15_M07_F10; 批次:····0/·1880;  总正确率: 61.28%\n"}
,{"stream_name":"stdout","time":14571.753950859,"data":"类型1 正确率：  90.00% -\u003e 1   90.50%, 2    6.45%, 3    3.05%\n"}
,{"stream_name":"stdout","time":14571.753959574,"data":"类型2 正确率：  93.00% -\u003e 1    0.00%, 2   93.35%, 3    6.65%\n"}
,{"stream_name":"stdout","time":14571.753965336,"data":"类型3 正确率：   0.00% -\u003e 1    0.00%, 2  100.00%, 3    0.00%\n"}
,{"stream_name":"stdout","time":14571.753970996,"data":"\n"}
,{"stream_name":"stdout","time":14571.753982711,"data":"\n"}
,{"stream_name":"stdout","time":14571.754688464,"data":"样本变换：reverse\n"}
,{"stream_name":"stdout","time":14575.38387398,"data":"样本变换：mask\n"}
,{"stream_name":"stdout","time":14579.007828586,"data":"样本变换：shift\n"}
,{"stream_name":"stdout","time":14582.707703682,"data":"样本变换：none\n"}
,{"stream_name":"stderr","time":14589.226403795,"data":"/kaggle/working/k10/S07/sdalr_PU_final_checkpoint/tools.py:413: RuntimeWarning: invalid value encountered in divide\n"}
,{"stream_name":"stderr","time":14589.226471176,"data":"  per_class_acc = conf_matrix.diagonal() / conf_matrix.sum(axis=1) * 100\n"}
,{"stream_name":"stdout","time":14589.226695731,"data":"未过滤\t未用伪标签：61.28% -\u003e 使用伪标签：59.53%\n"}
,{"stream_name":"stdout","time":14589.226722342,"data":"已过滤\t未用伪标签：61.23% -\u003e 使用伪标签：60.58%\n"}
,{"stream_name":"stdout","time":14589.226728721,"data":"排除样本：104|6000\t剩余：1912, 3682, 302\n"}
,{"stream_name":"stdout","time":14589.226734179,"data":"增添样本：5378\t\t细则：1770, 0, 3608\t正确率估算：92.95%\n"}
,{"stream_name":"stdout","time":14589.226739302,"data":"类型1 正确率：  98.00% -\u003e 1   97.50%, 2    1.12%, 3    1.38%\n"}
,{"stream_name":"stdout","time":14589.226768383,"data":"类型2 正确率：  86.00% -\u003e 1    0.00%, 2   85.79%, 3   14.21%\n"}
,{"stream_name":"stdout","time":14589.226776519,"data":"类型3 正确率：   0.00% -\u003e 1    0.00%, 2  100.00%, 3    0.00%\n"}
,{"stream_name":"stdout","time":14589.226782712,"data":"\n"}
,{"stream_name":"stdout","time":14589.226787544,"data":"被排除样本 正确率：64.42%\n"}
,{"stream_name":"stdout","time":14589.226792304,"data":"类型1 正确率：   5.00% -\u003e 1    5.13%, 2   53.85%, 3   41.03%\n"}
,{"stream_name":"stdout","time":14589.226797115,"data":"类型2 正确率： 100.00% -\u003e 1    0.00%, 2  100.00%, 3    0.00%\n"}
,{"stream_name":"stdout","time":14589.226801982,"data":"类型3 没有样本或未被分类。\n"}
,{"stream_name":"stdout","time":14589.22680659,"data":"\n"}
,{"stream_name":"stdout","time":14589.226811028,"data":"\n"}
,{"stream_name":"stdout","time":14604.399594715,"data":"轮次:··1/·20 || c_Loss:0.459 || e_Loss:-1.343 || Aad_Loss:-40.003 || 耗时：39.33s\n"}
,{"stream_name":"stdout","time":14618.463843951,"data":"轮次:··2/·20 || c_Loss:0.387 || e_Loss:-1.181 || Aad_Loss:-43.466 || 耗时：14.06s\n"}
,{"stream_name":"stdout","time":14632.031907495,"data":"轮次:··3/·20 || c_Loss:0.380 || e_Loss:-1.094 || Aad_Loss:-46.164 || 耗时：13.57s\n"}
,{"stream_name":"stdout","time":14645.482290071,"data":"轮次:··4/·20 || c_Loss:0.448 || e_Loss:-1.228 || Aad_Loss:-40.989 || 耗时：13.45s\n"}
,{"stream_name":"stdout","time":14659.167716343,"data":"轮次:··5/·20 || c_Loss:0.379 || e_Loss:-1.248 || Aad_Loss:-39.418 || 耗时：13.69s\n"}
,{"stream_name":"stdout","time":14665.870077018,"data":"任务: (B1)N15_M01_F10→(B2)N15_M07_F10; mix批次:····0; 批次:··470/·1880;  总正确率: 65.68%\n"}
,{"stream_name":"stdout","time":14665.870133678,"data":"类型1 正确率： 100.00% -\u003e 1  100.00%, 2    0.00%, 3    0.00%\n"}
,{"stream_name":"stdout","time":14665.870141041,"data":"类型2 正确率：  97.00% -\u003e 1    0.00%, 2   97.05%, 3    2.95%\n"}
,{"stream_name":"stdout","time":14665.870146207,"data":"类型3 正确率：   0.00% -\u003e 1    0.00%, 2  100.00%, 3    0.00%\n"}
,{"stream_name":"stdout","time":14665.870151213,"data":"\n"}
,{"stream_name":"stdout","time":14665.870155721,"data":"\n"}
,{"stream_name":"stdout","time":14665.907112757,"data":"样本变换：reverse\n"}
,{"stream_name":"stdout","time":14669.514851478,"data":"样本变换：mask\n"}
,{"stream_name":"stdout","time":14673.169823682,"data":"样本变换：shift\n"}
,{"stream_name":"stdout","time":14676.794875776,"data":"样本变换：none\n"}
,{"stream_name":"stderr","time":14681.982724735,"data":"/usr/local/lib/python3.12/dist-packages/numpy/_core/fromnumeric.py:3596: RuntimeWarning: Mean of empty slice.\n"}
,{"stream_name":"stderr","time":14681.98278777,"data":"  return _methods._mean(a, axis=axis, dtype=dtype,\n"}
,{"stream_name":"stderr","time":14681.982798396,"data":"/usr/local/lib/python3.12/dist-packages/numpy/_core/_methods.py:138: RuntimeWarning: invalid value encountered in scalar divide\n"}
,{"stream_name":"stderr","time":14681.982803864,"data":"  ret = ret.dtype.type(ret / rcount)\n"}
,{"stream_name":"stderr","time":14681.983637802,"data":"/kaggle/working/k10/S07/sdalr_PU_final_checkpoint/tools.py:414: RuntimeWarning: Mean of empty slice.\n"}
,{"stream_name":"stderr","time":14681.983663945,"data":"  overall_acc = round(per_class_acc.mean(), 2)\n"}
,{"stream_name":"stderr","time":14681.983670276,"data":"/usr/local/lib/python3.12/dist-packages/numpy/_core/_methods.py:138: RuntimeWarning: invalid value encountered in scalar divide\n"}
,{"stream_name":"stderr","time":14681.983693919,"data":"  ret = ret.dtype.type(ret / rcount)\n"}
,{"stream_name":"stdout","time":14681.983930983,"data":"未过滤\t未用伪标签：65.68% -\u003e 使用伪标签：33.33%\n"}
,{"stream_name":"stdout","time":14681.983974717,"data":"已过滤\t未用伪标签：65.68% -\u003e 使用伪标签：33.33%\n"}
,{"stream_name":"stdout","time":14681.983981765,"data":"排除样本：6000|6000\t剩余：\n"}
,{"stream_name":"stdout","time":14681.983987116,"data":"增添样本：0\t\t细则：0类型1 正确率：   0.00% -\u003e 1    0.00%, 2    0.00%, 3  100.00%\n"}
,{"stream_name":"stdout","time":14681.983993298,"data":"类型2 正确率：   0.00% -\u003e 1    0.00%, 2    0.00%, 3  100.00%\n"}
,{"stream_name":"stdout","time":14681.983997701,"data":"类型3 正确率： 100.00% -\u003e 1    0.00%, 2    0.00%, 3  100.00%\n"}
,{"stream_name":"stdout","time":14681.984002704,"data":"\n"}
,{"stream_name":"stdout","time":14681.98400656,"data":"被排除样本 正确率：nan%\n"}
,{"stream_name":"stdout","time":14681.984010747,"data":"\n"}
,{"stream_name":"stdout","time":14681.984014693,"data":"\n"}
,{"stream_name":"stdout","time":14695.819782971,"data":"轮次:··6/·20 || c_Loss:1.112 || e_Loss:-1.137 || Aad_Loss:0.410 || 耗时：36.65s\n"}
,{"stream_name":"stdout","time":14709.67640972,"data":"轮次:··7/·20 || c_Loss:1.037 || e_Loss:-1.126 || Aad_Loss:0.874 || 耗时：13.86s\n"}
,{"stream_name":"stdout","time":14723.44907664,"data":"轮次:··8/·20 || c_Loss:0.968 || e_Loss:-1.166 || Aad_Loss:-3.611 || 耗时：13.77s\n"}
,{"stream_name":"stdout","time":14737.206098074,"data":"轮次:··9/·20 || c_Loss:0.933 || e_Loss:-1.109 || Aad_Loss:-5.741 || 耗时：13.76s\n"}
,{"stream_name":"stdout","time":14750.971709331,"data":"轮次:·10/·20 || c_Loss:0.848 || e_Loss:-1.159 || Aad_Loss:-5.184 || 耗时：13.77s\n"}
,{"stream_name":"stdout","time":14757.575552597,"data":"任务: (B1)N15_M01_F10→(B2)N15_M07_F10; mix批次:····0; 批次:··940/·1880;  总正确率: 19.67%\n"}
,{"stream_name":"stdout","time":14757.575593201,"data":"类型1 正确率：   0.00% -\u003e 1    0.00%, 2    0.00%, 3  100.00%\n"}
,{"stream_name":"stdout","time":14757.575602515,"data":"类型2 正确率：  32.00% -\u003e 1    8.95%, 2   32.15%, 3   58.90%\n"}
,{"stream_name":"stdout","time":14757.575605583,"data":"类型3 正确率：  27.00% -\u003e 1    2.30%, 2   70.85%, 3   26.85%\n"}
,{"stream_name":"stdout","time":14757.575608927,"data":"\n"}
,{"stream_name":"stdout","time":14757.57561152,"data":"\n"}
,{"stream_name":"stdout","time":14757.625963163,"data":"样本变换：reverse\n"}
,{"stream_name":"stdout","time":14761.199790883,"data":"样本变换：mask\n"}
,{"stream_name":"stdout","time":14764.797199626,"data":"样本变换：shift\n"}
,{"stream_name":"stdout","time":14768.355966184,"data":"样本变换：none\n"}
,{"stream_name":"stderr","time":14774.549546841,"data":"/kaggle/working/k10/S07/sdalr_PU_final_checkpoint/tools.py:413: RuntimeWarning: invalid value encountered in divide\n"}
,{"stream_name":"stderr","time":14774.549594152,"data":"  per_class_acc = conf_matrix.diagonal() / conf_matrix.sum(axis=1) * 100\n"}
,{"stream_name":"stdout","time":14774.5497878,"data":"未过滤\t未用伪标签：19.67% -\u003e 使用伪标签：32.68%\n"}
,{"stream_name":"stdout","time":14774.549818793,"data":"已过滤\t未用伪标签：19.70% -\u003e 使用伪标签：32.74%\n"}
,{"stream_name":"stdout","time":14774.549825703,"data":"排除样本：11|6000\t剩余：28, 3961, 2000\n"}
,{"stream_name":"stdout","time":14774.54983156,"data":"增添样本：1961\t\t细则：0, 1961\t正确率估算：100.00%\n"}
,{"stream_name":"stdout","time":14774.549837488,"data":"类型1 正确率：   0.00% -\u003e 1    0.00%, 2    0.00%, 3  100.00%\n"}
,{"stream_name":"stdout","time":14774.549843053,"data":"类型2 正确率：  99.00% -\u003e 1    1.41%, 2   98.59%, 3    0.00%\n"}
,{"stream_name":"stdout","time":14774.54984833,"data":"类型3 正确率：   0.00% -\u003e 1    0.00%, 2  100.00%, 3    0.00%\n"}
,{"stream_name":"stdout","time":14774.549854213,"data":"\n"}
,{"stream_name":"stdout","time":14774.549859233,"data":"被排除样本 正确率：0.00%\n"}
,{"stream_name":"stdout","time":14774.549864628,"data":"类型1 正确率：   0.00% -\u003e 1    0.00%, 2  100.00%\n"}
,{"stream_name":"stdout","time":14774.549869976,"data":"类型2 没有样本或未被分类。\n"}
,{"stream_name":"stdout","time":14774.549875577,"data":"\n"}
,{"stream_name":"stdout","time":14774.54988539,"data":"\n"}
,{"stream_name":"stdout","time":14788.201982772,"data":"轮次:·11/·20 || c_Loss:0.360 || e_Loss:-0.610 || Aad_Loss:-47.974 || 耗时：37.23s\n"}
,{"stream_name":"stdout","time":14802.083188478,"data":"轮次:·12/·20 || c_Loss:0.394 || e_Loss:-1.479 || Aad_Loss:-48.116 || 耗时：13.88s\n"}
,{"stream_name":"stdout","time":14815.943367765,"data":"轮次:·13/·20 || c_Loss:0.353 || e_Loss:-1.345 || Aad_Loss:-47.279 || 耗时：13.86s\n"}
,{"stream_name":"stdout","time":14829.771087507,"data":"轮次:·14/·20 || c_Loss:0.352 || e_Loss:-0.618 || Aad_Loss:-47.918 || 耗时：13.83s\n"}
,{"stream_name":"stdout","time":14843.58666301,"data":"轮次:·15/·20 || c_Loss:0.352 || e_Loss:-0.616 || Aad_Loss:-47.939 || 耗时：13.82s\n"}
,{"stream_name":"stdout","time":14850.182274199,"data":"任务: (B1)N15_M01_F10→(B2)N15_M07_F10; mix批次:····0; 批次:·1410/·1880;  总正确率: 33.33%\n"}
,{"stream_name":"stdout","time":14850.182343001,"data":"类型1 正确率：   0.00% -\u003e 1    0.00%, 2    0.00%, 3  100.00%\n"}
,{"stream_name":"stdout","time":14850.182371884,"data":"类型2 正确率： 100.00% -\u003e 1    0.00%, 2  100.00%, 3    0.00%\n"}
,{"stream_name":"stdout","time":14850.182376738,"data":"类型3 正确率：   0.00% -\u003e 1    0.00%, 2  100.00%, 3    0.00%\n"}
,{"stream_name":"stdout","time":14850.182381234,"data":"\n"}
,{"stream_name":"stdout","time":14850.182391618,"data":"\n"}
,{"stream_name":"stdout","time":14850.228505593,"data":"样本变换：reverse\n"}
,{"stream_name":"stdout","time":14853.783803362,"data":"样本变换：mask\n"}
,{"stream_name":"stdout","time":14857.35590818,"data":"样本变换：shift\n"}
,{"stream_name":"stdout","time":14860.921093681,"data":"样本变换：none\n"}
,{"stream_name":"stderr","time":14865.988233016,"data":"/usr/local/lib/python3.12/dist-packages/numpy/_core/fromnumeric.py:3596: RuntimeWarning: Mean of empty slice.\n"}
,{"stream_name":"stderr","time":14865.988281807,"data":"  return _methods._mean(a, axis=axis, dtype=dtype,\n"}
,{"stream_name":"stderr","time":14865.98829459,"data":"/usr/local/lib/python3.12/dist-packages/numpy/_core/_methods.py:138: RuntimeWarning: invalid value encountered in scalar divide\n"}
,{"stream_name":"stderr","time":14865.988301184,"data":"  ret = ret.dtype.type(ret / rcount)\n"}
,{"stream_name":"stderr","time":14865.989282092,"data":"/kaggle/working/k10/S07/sdalr_PU_final_checkpoint/tools.py:414: RuntimeWarning: Mean of empty slice.\n"}
,{"stream_name":"stderr","time":14865.989302266,"data":"  overall_acc = round(per_class_acc.mean(), 2)\n"}
,{"stream_name":"stderr","time":14865.989309486,"data":"/usr/local/lib/python3.12/dist-packages/numpy/_core/_methods.py:138: RuntimeWarning: invalid value encountered in scalar divide\n"}
,{"stream_name":"stderr","time":14865.989315642,"data":"  ret = ret.dtype.type(ret / rcount)\n"}
,{"stream_name":"stdout","time":14865.989539955,"data":"未过滤\t未用伪标签：33.33% -\u003e 使用伪标签：33.33%\n"}
,{"stream_name":"stdout","time":14865.989554029,"data":"已过滤\t未用伪标签：33.33% -\u003e 使用伪标签：33.33%\n"}
,{"stream_name":"stdout","time":14865.989560352,"data":"排除样本：6000|6000\t剩余：\n"}
,{"stream_name":"stdout","time":14865.989565825,"data":"增添样本：0\t\t细则：0类型1 正确率： 100.00% -\u003e 1  100.00%, 2    0.00%, 3    0.00%\n"}
,{"stream_name":"stdout","time":14865.989571621,"data":"类型2 正确率：   0.00% -\u003e 1  100.00%, 2    0.00%, 3    0.00%\n"}
,{"stream_name":"stdout","time":14865.989577065,"data":"类型3 正确率：   0.00% -\u003e 1  100.00%, 2    0.00%, 3    0.00%\n"}
,{"stream_name":"stdout","time":14865.989584642,"data":"\n"}
,{"stream_name":"stdout","time":14865.989592142,"data":"被排除样本 正确率：nan%\n"}
,{"stream_name":"stdout","time":14865.98959813,"data":"\n"}
,{"stream_name":"stdout","time":14865.98960364,"data":"\n"}
,{"stream_name":"stdout","time":14879.669838471,"data":"轮次:·16/·20 || c_Loss:1.295 || e_Loss:-1.119 || Aad_Loss:0.409 || 耗时：36.08s\n"}
,{"stream_name":"stdout","time":14893.585528609,"data":"轮次:·17/·20 || c_Loss:1.231 || e_Loss:-1.104 || Aad_Loss:0.883 || 耗时：13.92s\n"}
,{"stream_name":"stdout","time":14907.520785519,"data":"轮次:·18/·20 || c_Loss:1.173 || e_Loss:-1.141 || Aad_Loss:-3.719 || 耗时：13.93s\n"}
,{"stream_name":"stdout","time":14921.371808596,"data":"轮次:·19/·20 || c_Loss:1.129 || e_Loss:-1.084 || Aad_Loss:-5.790 || 耗时：13.85s\n"}
,{"stream_name":"stdout","time":14935.164584746,"data":"轮次:·20/·20 || c_Loss:1.068 || e_Loss:-1.143 || Aad_Loss:-5.231 || 耗时：13.79s\n"}
,{"stream_name":"stdout","time":14941.759250655,"data":"任务: (B1)N15_M01_F10→(B2)N15_M07_F10; mix批次:····0; 批次:·1880/·1880;  总正确率: 58.65%\n"}
,{"stream_name":"stdout","time":14941.759336546,"data":"类型1 正确率： 100.00% -\u003e 1   99.80%, 2    0.00%, 3    0.20%\n"}
,{"stream_name":"stdout","time":14941.759343594,"data":"类型2 正确率：  12.00% -\u003e 1    0.00%, 2   11.85%, 3   88.15%\n"}
,{"stream_name":"stdout","time":14941.759348008,"data":"类型3 正确率：  64.00% -\u003e 1    0.00%, 2   35.70%, 3   64.30%\n"}
,{"stream_name":"stdout","time":14941.759352745,"data":"\n"}
,{"stream_name":"stdout","time":14941.759358437,"data":"\n"}
,{"stream_name":"stdout","time":14948.336948805,"data":"测试集任务: (B1)N15_M01_F10→(B2)N15_M07_F10; 总正确率 = 58.65%\n"}
,{"stream_name":"stdout","time":14948.336986708,"data":"类型1 正确率： 100.00% -\u003e 1   99.80%, 2    0.00%, 3    0.20%\n"}
,{"stream_name":"stdout","time":14948.336999698,"data":"类型2 正确率：  12.00% -\u003e 1    0.00%, 2   11.85%, 3   88.15%\n"}
,{"stream_name":"stdout","time":14948.337003279,"data":"类型3 正确率：  64.00% -\u003e 1    0.00%, 2   35.70%, 3   64.30%\n"}
,{"stream_name":"stdout","time":14948.337006416,"data":"\n"}
,{"stream_name":"stdout","time":14948.337009022,"data":"\n"}
,{"stream_name":"stdout","time":14948.361785278,"data":"[tar_adaptation_RES_PU.py --folder_root /kaggle/working/k10/S07/sdalr_PU_final_checkpoint/DATA_foldS07c --seed 2024 --class_num 3 --data_name PU_M1_L3 --output /kaggle/working/k10/S07/weight_PU_M1_final_checkpoint_FS07toS07c_gatepcv_s2024 --s 0 --t 1 --lr 0.0005 --threshold 0.4 --K 0.6] 390s\n"}
,{"stream_name":"stdout","time":14948.402598952,"data":"读取源域路径：/kaggle/working/k10/S07/weight_PU_M1_final_checkpoint_FS07toS07c_gatepcv_s2024/NEW_PU/Source-源域/log\u0026pt/(B1)N15_M01_F10\n"}
,{"stream_name":"stdout","time":14948.402637573,"data":"excel输出位置：/kaggle/working/k10/S07/weight_PU_M1_final_checkpoint_FS07toS07c_gatepcv_s2024/NEW_PU/Target-目标域\n"}
,{"stream_name":"stdout","time":14948.402661972,"data":"特征图片输出位置：/kaggle/working/k10/S07/weight_PU_M1_final_checkpoint_FS07toS07c_gatepcv_s2024/NEW_PU/Picture-特征图/2026年09月19日07时14分/(B1)N15_M01_F10\n"}
,{"stream_name":"stderr","time":14948.44124226,"data":"/usr/local/lib/python3.12/dist-packages/torch/nn/utils/weight_norm.py:144: FutureWarning: `torch.nn.utils.weight_norm` is deprecated in favor of `torch.nn.utils.parametrizations.weight_norm`.\n"}
,{"stream_name":"stderr","time":14948.441283837,"data":"  WeightNorm.apply(module, name, dim)\n"}
,{"stream_name":"stdout","time":14948.485661465,"data":"现在选取:(B1)N15_M01_F10 进行训练的源模型\n"}
,{"stream_name":"stdout","time":14948.485716785,"data":"现在进行：(B1)N15_M01_F10→(B3)N15_M07_F04 的迁移任务\n"}
,{"stream_name":"stdout","time":14948.485724239,"data":"log\u0026pt输出位置：/kaggle/working/k10/S07/weight_PU_M1_final_checkpoint_FS07toS07c_gatepcv_s2024/NEW_PU/Target-目标域/log\u0026pt/(B1)N15_M01_F10→(B3)N15_M07_F04\n"}
,{"stream_name":"stderr","time":14948.487303305,"data":"sh: 1: Syntax error: word unexpected (expecting \")\")\n"}
,{"stream_name":"stdout","time":14960.904424923,"data":"任务: (B1)N15_M01_F10→(B3)N15_M07_F04; 批次:····0/·1880;  总正确率: 60.65%\n"}
,{"stream_name":"stdout","time":14960.904471851,"data":"类型1 正确率：  98.00% -\u003e 1   97.85%, 2    1.20%, 3    0.95%\n"}
,{"stream_name":"stdout","time":14960.904476873,"data":"类型2 正确率：  83.00% -\u003e 1    0.00%, 2   82.60%, 3   17.40%\n"}
,{"stream_name":"stdout","time":14960.904479836,"data":"类型3 正确率：   2.00% -\u003e 1    3.45%, 2   95.05%, 3    1.50%\n"}
,{"stream_name":"stdout","time":14960.904482717,"data":"\n"}
,{"stream_name":"stdout","time":14960.904485231,"data":"\n"}
,{"stream_name":"stdout","time":14960.905224351,"data":"样本变换：reverse\n"}
,{"stream_name":"stdout","time":14964.448856158,"data":"样本变换：mask\n"}
,{"stream_name":"stdout","time":14968.040816329,"data":"样本变换：shift\n"}
,{"stream_name":"stdout","time":14971.660953371,"data":"样本变换：none\n"}
,{"stream_name":"stdout","time":14977.889575869,"data":"未过滤\t未用伪标签：60.65% -\u003e 使用伪标签：62.83%\n"}
,{"stream_name":"stdout","time":14977.88961379,"data":"已过滤\t未用伪标签：61.04% -\u003e 使用伪标签：63.34%\n"}
,{"stream_name":"stdout","time":14977.889624195,"data":"排除样本：48|6000\t剩余：1991, 3566, 395\n"}
,{"stream_name":"stdout","time":14977.88962805,"data":"增添样本：4761\t\t细则：1549, 0, 3212\t正确率估算：94.88%\n"}
,{"stream_name":"stdout","time":14977.889632992,"data":"类型1 正确率： 100.00% -\u003e 1   99.60%, 2    0.35%, 3    0.05%\n"}
,{"stream_name":"stdout","time":14977.889637444,"data":"类型2 正确率：  85.00% -\u003e 1    0.00%, 2   84.96%, 3   15.04%\n"}
,{"stream_name":"stdout","time":14977.889641146,"data":"类型3 正确率：   5.00% -\u003e 1    0.25%, 2   94.92%, 3    4.82%\n"}
,{"stream_name":"stdout","time":14977.889645091,"data":"\n"}
,{"stream_name":"stdout","time":14977.889648443,"data":"被排除样本 正确率：12.50%\n"}
,{"stream_name":"stdout","time":14977.889651892,"data":"类型1 正确率：   0.00% -\u003e 1    0.00%, 2   66.67%, 3   33.33%\n"}
,{"stream_name":"stdout","time":14977.889655405,"data":"类型2 正确率：  33.00% -\u003e 1    0.00%, 2   33.33%, 3   66.67%\n"}
,{"stream_name":"stdout","time":14977.88965888,"data":"类型3 正确率：   7.00% -\u003e 1   23.33%, 2   70.00%, 3    6.67%\n"}
,{"stream_name":"stdout","time":14977.889662438,"data":"\n"}
,{"stream_name":"stdout","time":14977.889665699,"data":"\n"}
,{"stream_name":"stdout","time":14992.008294952,"data":"轮次:··1/·20 || c_Loss:0.699 || e_Loss:-1.825 || Aad_Loss:-40.669 || 耗时：37.50s\n"}
,{"stream_name":"stdout","time":15005.928591907,"data":"轮次:··2/·20 || c_Loss:0.415 || e_Loss:-0.943 || Aad_Loss:-37.405 || 耗时：13.92s\n"}
,{"stream_name":"stdout","time":15019.618408885,"data":"轮次:··3/·20 || c_Loss:0.358 || e_Loss:-1.302 || Aad_Loss:-43.271 || 耗时：13.69s\n"}
,{"stream_name":"stdout","time":15033.255943773,"data":"轮次:··4/·20 || c_Loss:0.366 || e_Loss:-1.335 || Aad_Loss:-41.633 || 耗时：13.64s\n"}
,{"stream_name":"stdout","time":15047.105490781,"data":"轮次:··5/·20 || c_Loss:0.409 || e_Loss:-1.121 || Aad_Loss:-36.248 || 耗时：13.85s\n"}
,{"stream_name":"stdout","time":15053.782681539,"data":"任务: (B1)N15_M01_F10→(B3)N15_M07_F04; mix批次:····0; 批次:··470/·1880;  总正确率: 63.50%\n"}
,{"stream_name":"stdout","time":15053.782745049,"data":"类型1 正确率： 100.00% -\u003e 1  100.00%, 2    0.00%, 3    0.00%\n"}
,{"stream_name":"stdout","time":15053.782753464,"data":"类型2 正确率：  89.00% -\u003e 1    0.00%, 2   88.95%, 3   11.05%\n"}
,{"stream_name":"stdout","time":15053.782775186,"data":"类型3 正确率：   2.00% -\u003e 1    0.15%, 2   98.30%, 3    1.55%\n"}
,{"stream_name":"stdout","time":15053.782783137,"data":"\n"}
,{"stream_name":"stdout","time":15053.782788096,"data":"\n"}
,{"stream_name":"stdout","time":15053.818716761,"data":"样本变换：reverse\n"}
,{"stream_name":"stdout","time":15057.392899645,"data":"样本变换：mask\n"}
,{"stream_name":"stdout","time":15060.999978488,"data":"样本变换：shift\n"}
,{"stream_name":"stdout","time":15064.607784319,"data":"样本变换：none\n"}
,{"stream_name":"stderr","time":15070.737127005,"data":"/kaggle/working/k10/S07/sdalr_PU_final_checkpoint/tools.py:413: RuntimeWarning: invalid value encountered in divide\n"}
,{"stream_name":"stderr","time":15070.737186455,"data":"  per_class_acc = conf_matrix.diagonal() / conf_matrix.sum(axis=1) * 100\n"}
,{"stream_name":"stdout","time":15070.73742752,"data":"未过滤\t未用伪标签：63.50% -\u003e 使用伪标签：62.15%\n"}
,{"stream_name":"stdout","time":15070.73743852,"data":"已过滤\t未用伪标签：63.43% -\u003e 使用伪标签：62.38%\n"}
,{"stream_name":"stdout","time":15070.73744379,"data":"排除样本：22|6000\t剩余：2002, 3691, 285\n"}
,{"stream_name":"stdout","time":15070.737448142,"data":"增添样本：5068\t\t细则：1642, 0, 3426\t正确率估算：97.80%\n"}
,{"stream_name":"stdout","time":15070.737452649,"data":"类型1 正确率： 100.00% -\u003e 1  100.00%, 2    0.00%, 3    0.00%\n"}
,{"stream_name":"stdout","time":15070.737457069,"data":"类型2 正确率：  86.00% -\u003e 1    0.00%, 2   86.21%, 3   13.79%\n"}
,{"stream_name":"stdout","time":15070.737461215,"data":"类型3 正确率：   1.00% -\u003e 1    0.10%, 2   99.40%, 3    0.50%\n"}
,{"stream_name":"stdout","time":15070.737465485,"data":"\n"}
,{"stream_name":"stdout","time":15070.737473974,"data":"被排除样本 正确率：81.82%\n"}
,{"stream_name":"stdout","time":15070.7374771,"data":"类型1 没有样本或未被分类。\n"}
,{"stream_name":"stdout","time":15070.737480022,"data":"类型2 正确率： 100.00% -\u003e 1    0.00%, 2  100.00%, 3    0.00%\n"}
,{"stream_name":"stdout","time":15070.737482926,"data":"类型3 正确率：  75.00% -\u003e 1   12.50%, 2   12.50%, 3   75.00%\n"}
,{"stream_name":"stdout","time":15070.737485683,"data":"\n"}
,{"stream_name":"stdout","time":15070.737488439,"data":"\n"}
,{"stream_name":"stdout","time":15084.543357285,"data":"轮次:··6/·20 || c_Loss:0.374 || e_Loss:-0.659 || Aad_Loss:-43.116 || 耗时：37.44s\n"}
,{"stream_name":"stdout","time":15098.479266228,"data":"轮次:··7/·20 || c_Loss:0.395 || e_Loss:-1.508 || Aad_Loss:-44.365 || 耗时：13.94s\n"}
,{"stream_name":"stdout","time":15112.395695856,"data":"轮次:··8/·20 || c_Loss:0.433 || e_Loss:-0.627 || Aad_Loss:-40.215 || 耗时：13.92s\n"}
,{"stream_name":"stdout","time":15126.315420799,"data":"轮次:··9/·20 || c_Loss:0.463 || e_Loss:-1.344 || Aad_Loss:-35.082 || 耗时：13.92s\n"}
,{"stream_name":"stdout","time":15140.228321197,"data":"轮次:·10/·20 || c_Loss:0.358 || e_Loss:-0.651 || Aad_Loss:-42.569 || 耗时：13.91s\n"}
,{"stream_name":"stdout","time":15146.935701456,"data":"任务: (B1)N15_M01_F10→(B3)N15_M07_F04; mix批次:····0; 批次:··940/·1880;  总正确率: 63.20%\n"}
,{"stream_name":"stdout","time":15146.935742533,"data":"类型1 正确率： 100.00% -\u003e 1  100.00%, 2    0.00%, 3    0.00%\n"}
,{"stream_name":"stdout","time":15146.935781024,"data":"类型2 正确率：  89.00% -\u003e 1    0.00%, 2   89.10%, 3   10.90%\n"}
,{"stream_name":"stdout","time":15146.935787938,"data":"类型3 正确率：   0.00% -\u003e 1    0.15%, 2   99.35%, 3    0.50%\n"}
,{"stream_name":"stdout","time":15146.935793603,"data":"\n"}
,{"stream_name":"stdout","time":15146.935798589,"data":"\n"}
,{"stream_name":"stdout","time":15146.986870217,"data":"样本变换：reverse\n"}
,{"stream_name":"stdout","time":15150.58180747,"data":"样本变换：mask\n"}
,{"stream_name":"stdout","time":15154.219792942,"data":"样本变换：shift\n"}
,{"stream_name":"stdout","time":15157.792847745,"data":"样本变换：none\n"}
,{"stream_name":"stdout","time":15163.84707435,"data":"未过滤\t未用伪标签：63.20% -\u003e 使用伪标签：62.17%\n"}
,{"stream_name":"stdout","time":15163.847121882,"data":"已过滤\t未用伪标签：63.17% -\u003e 使用伪标签：62.25%\n"}
,{"stream_name":"stdout","time":15163.847142763,"data":"排除样本：8|6000\t剩余：2004, 3716, 272\n"}
,{"stream_name":"stdout","time":15163.847146247,"data":"增添样本：5124\t\t细则：1663, 0, 3461\t正确率估算：97.97%\n"}
,{"stream_name":"stdout","time":15163.847149624,"data":"类型1 正确率： 100.00% -\u003e 1  100.00%, 2    0.00%, 3    0.00%\n"}
,{"stream_name":"stdout","time":15163.847152455,"data":"类型2 正确率：  87.00% -\u003e 1    0.00%, 2   86.52%, 3   13.48%\n"}
,{"stream_name":"stdout","time":15163.847155198,"data":"类型3 正确率：   0.00% -\u003e 1    0.20%, 2   99.65%, 3    0.15%\n"}
,{"stream_name":"stdout","time":15163.847157935,"data":"\n"}
,{"stream_name":"stdout","time":15163.847160437,"data":"被排除样本 正确率：87.50%\n"}
,{"stream_name":"stdout","time":15163.847163089,"data":"类型1 正确率： 100.00% -\u003e 1  100.00%, 2    0.00%\n"}
,{"stream_name":"stdout","time":15163.847165877,"data":"类型2 正确率：  75.00% -\u003e 1   25.00%, 2   75.00%\n"}
,{"stream_name":"stdout","time":15163.847168557,"data":"\n"}
,{"stream_name":"stdout","time":15163.847171112,"data":"\n"}
,{"stream_name":"stdout","time":15177.561608391,"data":"轮次:·11/·20 || c_Loss:0.358 || e_Loss:-1.429 || Aad_Loss:-43.119 || 耗时：37.33s\n"}
,{"stream_name":"stdout","time":15191.465548772,"data":"轮次:·12/·20 || c_Loss:0.410 || e_Loss:-0.618 || Aad_Loss:-38.452 || 耗时：13.90s\n"}
,{"stream_name":"stdout","time":15205.391841267,"data":"轮次:·13/·20 || c_Loss:0.385 || e_Loss:-1.170 || Aad_Loss:-41.544 || 耗时：13.93s\n"}
,{"stream_name":"stdout","time":15219.344692751,"data":"轮次:·14/·20 || c_Loss:0.360 || e_Loss:-0.622 || Aad_Loss:-45.097 || 耗时：13.95s\n"}
,{"stream_name":"stdout","time":15233.2835204,"data":"轮次:·15/·20 || c_Loss:0.416 || e_Loss:-1.386 || Aad_Loss:-43.154 || 耗时：13.94s\n"}
,{"stream_name":"stdout","time":15239.998342781,"data":"任务: (B1)N15_M01_F10→(B3)N15_M07_F04; mix批次:····0; 批次:·1410/·1880;  总正确率: 62.82%\n"}
,{"stream_name":"stdout","time":15239.998416367,"data":"类型1 正确率： 100.00% -\u003e 1  100.00%, 2    0.00%, 3    0.00%\n"}
,{"stream_name":"stdout","time":15239.99842541,"data":"类型2 正确率：  88.00% -\u003e 1    0.05%, 2   88.30%, 3   11.65%\n"}
,{"stream_name":"stdout","time":15239.998431284,"data":"类型3 正确率：   0.00% -\u003e 1    0.40%, 2   99.45%, 3    0.15%\n"}
,{"stream_name":"stdout","time":15239.998437321,"data":"\n"}
,{"stream_name":"stdout","time":15239.998448415,"data":"\n"}
,{"stream_name":"stdout","time":15240.044277728,"data":"样本变换：reverse\n"}
,{"stream_name":"stdout","time":15243.65759179,"data":"样本变换：mask\n"}
,{"stream_name":"stdout","time":15247.26545473,"data":"样本变换：shift\n"}
,{"stream_name":"stdout","time":15250.853830511,"data":"样本变换：none\n"}
,{"stream_name":"stderr","time":15256.963733742,"data":"/kaggle/working/k10/S07/sdalr_PU_final_checkpoint/tools.py:413: RuntimeWarning: invalid value encountered in divide\n"}
,{"stream_name":"stderr","time":15256.96380078,"data":"  per_class_acc = conf_matrix.diagonal() / conf_matrix.sum(axis=1) * 100\n"}
,{"stream_name":"stdout","time":15256.96386942,"data":"未过滤\t未用伪标签：62.82% -\u003e 使用伪标签：62.28%\n"}
,{"stream_name":"stdout","time":15256.963894625,"data":"已过滤\t未用伪标签：62.83% -\u003e 使用伪标签：62.32%\n"}
,{"stream_name":"stdout","time":15256.963901275,"data":"排除样本：4|6000\t剩余：2007, 3726, 263\n"}
,{"stream_name":"stdout","time":15256.963906665,"data":"增添样本：5148\t\t细则：1669, 0, 3479\t正确率估算：98.71%\n"}
,{"stream_name":"stdout","time":15256.963932051,"data":"类型1 正确率： 100.00% -\u003e 1  100.00%, 2    0.00%, 3    0.00%\n"}
,{"stream_name":"stdout","time":15256.963936507,"data":"类型2 正确率：  87.00% -\u003e 1    0.00%, 2   86.89%, 3   13.11%\n"}
,{"stream_name":"stdout","time":15256.963940455,"data":"类型3 正确率：   0.00% -\u003e 1    0.35%, 2   99.60%, 3    0.05%\n"}
,{"stream_name":"stdout","time":15256.963944235,"data":"\n"}
,{"stream_name":"stdout","time":15256.96394849,"data":"被排除样本 正确率：50.00%\n"}
,{"stream_name":"stdout","time":15256.963952763,"data":"类型1 没有样本或未被分类。\n"}
,{"stream_name":"stdout","time":15256.963956671,"data":"类型2 正确率： 100.00% -\u003e 1    0.00%, 2  100.00%, 3    0.00%\n"}
,{"stream_name":"stdout","time":15256.963960991,"data":"类型3 正确率：   0.00% -\u003e 1   50.00%, 2   50.00%, 3    0.00%\n"}
,{"stream_name":"stdout","time":15256.963965173,"data":"\n"}
,{"stream_name":"stdout","time":15256.96403004,"data":"\n"}
,{"stream_name":"stdout","time":15270.695774519,"data":"轮次:·16/·20 || c_Loss:0.393 || e_Loss:-0.551 || Aad_Loss:-44.232 || 耗时：37.41s\n"}
,{"stream_name":"stdout","time":15284.617711217,"data":"轮次:·17/·20 || c_Loss:0.406 || e_Loss:-1.612 || Aad_Loss:-45.375 || 耗时：13.92s\n"}
,{"stream_name":"stdout","time":15298.546014641,"data":"轮次:·18/·20 || c_Loss:0.355 || e_Loss:-1.544 || Aad_Loss:-46.961 || 耗时：13.93s\n"}
,{"stream_name":"stdout","time":15312.488140724,"data":"轮次:·19/·20 || c_Loss:0.423 || e_Loss:-1.486 || Aad_Loss:-41.626 || 耗时：13.94s\n"}
,{"stream_name":"stdout","time":15326.412920265,"data":"轮次:·20/·20 || c_Loss:0.404 || e_Loss:-1.554 || Aad_Loss:-39.412 || 耗时：13.92s\n"}
,{"stream_name":"stdout","time":15333.141833966,"data":"任务: (B1)N15_M01_F10→(B3)N15_M07_F04; mix批次:····0; 批次:·1880/·1880;  总正确率: 63.50%\n"}
,{"stream_name":"stdout","time":15333.14186556,"data":"类型1 正确率： 100.00% -\u003e 1  100.00%, 2    0.00%, 3    0.00%\n"}
,{"stream_name":"stdout","time":15333.14187091,"data":"类型2 正确率：  90.00% -\u003e 1    0.05%, 2   90.50%, 3    9.45%\n"}
,{"stream_name":"stdout","time":15333.141875601,"data":"类型3 正确率：   0.00% -\u003e 1    0.50%, 2   99.50%, 3    0.00%\n"}
,{"stream_name":"stdout","time":15333.141905295,"data":"\n"}
,{"stream_name":"stdout","time":15333.141911418,"data":"\n"}
,{"stream_name":"stdout","time":15339.8114218,"data":"测试集任务: (B1)N15_M01_F10→(B3)N15_M07_F04; 总正确率 = 63.50%\n"}
,{"stream_name":"stdout","time":15339.811486736,"data":"类型1 正确率： 100.00% -\u003e 1  100.00%, 2    0.00%, 3    0.00%\n"}
,{"stream_name":"stdout","time":15339.811495348,"data":"类型2 正确率：  90.00% -\u003e 1    0.05%, 2   90.50%, 3    9.45%\n"}
,{"stream_name":"stdout","time":15339.811502283,"data":"类型3 正确率：   0.00% -\u003e 1    0.50%, 2   99.50%, 3    0.00%\n"}
,{"stream_name":"stdout","time":15339.811508103,"data":"\n"}
,{"stream_name":"stdout","time":15339.811513414,"data":"\n"}
,{"stream_name":"stdout","time":15339.840722788,"data":"[tar_adaptation_RES_PU.py --folder_root /kaggle/working/k10/S07/sdalr_PU_final_checkpoint/DATA_foldS07c --seed 2024 --class_num 3 --data_name PU_M1_L3 --output /kaggle/working/k10/S07/weight_PU_M1_final_checkpoint_FS07toS07c_gatepcv_s2024 --s 0 --t 2 --lr 0.0005 --threshold 0.4 --K 0.6] 391s\n"}
,{"stream_name":"stdout","time":15339.887151034,"data":"读取源域路径：/kaggle/working/k10/S07/weight_PU_M1_final_checkpoint_FS07toS07c_gatepcv_s2024/NEW_PU/Source-源域/log\u0026pt/(B2)N15_M07_F10\n"}
,{"stream_name":"stdout","time":15339.887183623,"data":"excel输出位置：/kaggle/working/k10/S07/weight_PU_M1_final_checkpoint_FS07toS07c_gatepcv_s2024/NEW_PU/Target-目标域\n"}
,{"stream_name":"stdout","time":15339.887204049,"data":"特征图片输出位置：/kaggle/working/k10/S07/weight_PU_M1_final_checkpoint_FS07toS07c_gatepcv_s2024/NEW_PU/Picture-特征图/2026年09月19日07时20分/(B2)N15_M07_F10\n"}
,{"stream_name":"stderr","time":15339.92520882,"data":"/usr/local/lib/python3.12/dist-packages/torch/nn/utils/weight_norm.py:144: FutureWarning: `torch.nn.utils.weight_norm` is deprecated in favor of `torch.nn.utils.parametrizations.weight_norm`.\n"}
,{"stream_name":"stderr","time":15339.925246022,"data":"  WeightNorm.apply(module, name, dim)\n"}
,{"stream_name":"stdout","time":15339.96809271,"data":"现在选取:(B2)N15_M07_F10 进行训练的源模型\n"}
,{"stream_name":"stdout","time":15339.968126945,"data":"现在进行：(B2)N15_M07_F10→(B1)N15_M01_F10 的迁移任务\n"}
,{"stream_name":"stdout","time":15339.968133054,"data":"log\u0026pt输出位置：/kaggle/working/k10/S07/weight_PU_M1_final_checkpoint_FS07toS07c_gatepcv_s2024/NEW_PU/Target-目标域/log\u0026pt/(B2)N15_M07_F10→(B1)N15_M01_F10\n"}
,{"stream_name":"stderr","time":15339.969714925,"data":"sh: 1: Syntax error: word unexpected (expecting \")\")\n"}
,{"stream_name":"stdout","time":15352.297942036,"data":"任务: (B2)N15_M07_F10→(B1)N15_M01_F10; 批次:····0/·1880;  总正确率: 46.00%\n"}
,{"stream_name":"stdout","time":15352.298000232,"data":"类型1 正确率：  92.00% -\u003e 1   92.30%, 2    7.25%, 3    0.45%\n"}
,{"stream_name":"stdout","time":15352.298013095,"data":"类型2 正确率：  46.00% -\u003e 1    0.00%, 2   45.70%, 3   54.30%\n"}
,{"stream_name":"stdout","time":15352.298016604,"data":"类型3 正确率：   0.00% -\u003e 1    0.00%, 2  100.00%, 3    0.00%\n"}
,{"stream_name":"stdout","time":15352.298019858,"data":"\n"}
,{"stream_name":"stdout","time":15352.298022523,"data":"\n"}
,{"stream_name":"stdout","time":15352.298858717,"data":"样本变换：reverse\n"}
,{"stream_name":"stdout","time":15355.870921623,"data":"样本变换：mask\n"}
,{"stream_name":"stdout","time":15359.501595276,"data":"样本变换：shift\n"}
,{"stream_name":"stdout","time":15363.155825256,"data":"样本变换：none\n"}
,{"stream_name":"stderr","time":15369.207564352,"data":"/kaggle/working/k10/S07/sdalr_PU_final_checkpoint/tools.py:413: RuntimeWarning: invalid value encountered in divide\n"}
,{"stream_name":"stderr","time":15369.207620476,"data":"  per_class_acc = conf_matrix.diagonal() / conf_matrix.sum(axis=1) * 100\n"}
,{"stream_name":"stdout","time":15369.207710913,"data":"未过滤\t未用伪标签：46.00% -\u003e 使用伪标签：40.60%\n"}
,{"stream_name":"stdout","time":15369.207737043,"data":"已过滤\t未用伪标签：45.36% -\u003e 使用伪标签：41.39%\n"}
,{"stream_name":"stdout","time":15369.207773936,"data":"排除样本：114|6000\t剩余：1920, 2566, 1400\n"}
,{"stream_name":"stdout","time":15369.207783503,"data":"增添样本：2354\t\t细则：672, 0, 1682\t正确率估算：83.10%\n"}
,{"stream_name":"stdout","time":15369.207790072,"data":"类型1 正确率：  97.00% -\u003e 1   97.46%, 2    2.54%, 3    0.00%\n"}
,{"stream_name":"stdout","time":15369.207795498,"data":"类型2 正确率：  27.00% -\u003e 1    0.00%, 2   26.93%, 3   73.07%\n"}
,{"stream_name":"stdout","time":15369.207800734,"data":"类型3 正确率：   0.00% -\u003e 1    0.00%, 2  100.00%, 3    0.00%\n"}
,{"stream_name":"stdout","time":15369.207806233,"data":"\n"}
,{"stream_name":"stdout","time":15369.207811283,"data":"被排除样本 正确率：78.95%\n"}
,{"stream_name":"stdout","time":15369.207816792,"data":"类型1 正确率：  20.00% -\u003e 1   20.00%, 2   76.67%, 3    3.33%\n"}
,{"stream_name":"stdout","time":15369.207822798,"data":"类型2 正确率： 100.00% -\u003e 1    0.00%, 2  100.00%, 3    0.00%\n"}
,{"stream_name":"stdout","time":15369.207844978,"data":"类型3 没有样本或未被分类。\n"}
,{"stream_name":"stdout","time":15369.207849205,"data":"\n"}
,{"stream_name":"stdout","time":15369.20785515,"data":"\n"}
,{"stream_name":"stdout","time":15383.270604237,"data":"轮次:··1/·20 || c_Loss:0.555 || e_Loss:-1.618 || Aad_Loss:-25.343 || 耗时：37.44s\n"}
,{"stream_name":"stdout","time":15397.185527574,"data":"轮次:··2/·20 || c_Loss:0.393 || e_Loss:-1.559 || Aad_Loss:-25.109 || 耗时：13.91s\n"}
,{"stream_name":"stdout","time":15410.926979347,"data":"轮次:··3/·20 || c_Loss:0.377 || e_Loss:-1.517 || Aad_Loss:-25.639 || 耗时：13.74s\n"}
,{"stream_name":"stdout","time":15424.603739686,"data":"轮次:··4/·20 || c_Loss:0.348 || e_Loss:-1.730 || Aad_Loss:-28.088 || 耗时：13.68s\n"}
,{"stream_name":"stdout","time":15438.409583464,"data":"轮次:··5/·20 || c_Loss:0.345 || e_Loss:-1.641 || Aad_Loss:-23.834 || 耗时：13.81s\n"}
,{"stream_name":"stdout","time":15445.070511625,"data":"任务: (B2)N15_M07_F10→(B1)N15_M01_F10; mix批次:····0; 批次:··470/·1880;  总正确率: 46.37%\n"}
,{"stream_name":"stdout","time":15445.070571612,"data":"类型1 正确率： 100.00% -\u003e 1   99.95%, 2    0.05%, 3    0.00%\n"}
,{"stream_name":"stdout","time":15445.070581256,"data":"类型2 正确率：  39.00% -\u003e 1    5.70%, 2   39.15%, 3   55.15%\n"}
,{"stream_name":"stdout","time":15445.07058797,"data":"类型3 正确率：   0.00% -\u003e 1    0.00%, 2  100.00%, 3    0.00%\n"}
,{"stream_name":"stdout","time":15445.070594298,"data":"\n"}
,{"stream_name":"stdout","time":15445.070599379,"data":"\n"}
,{"stream_name":"stdout","time":15445.105800615,"data":"样本变换：reverse\n"}
,{"stream_name":"stdout","time":15448.668844989,"data":"样本变换：mask\n"}
,{"stream_name":"stdout","time":15452.236803093,"data":"样本变换：shift\n"}
,{"stream_name":"stdout","time":15455.783835368,"data":"样本变换：none\n"}
,{"stream_name":"stderr","time":15461.746689634,"data":"/kaggle/working/k10/S07/sdalr_PU_final_checkpoint/tools.py:413: RuntimeWarning: invalid value encountered in divide\n"}
,{"stream_name":"stderr","time":15461.746771538,"data":"  per_class_acc = conf_matrix.diagonal() / conf_matrix.sum(axis=1) * 100\n"}
,{"stream_name":"stdout","time":15461.746947934,"data":"未过滤\t未用伪标签：46.37% -\u003e 使用伪标签：45.00%\n"}
,{"stream_name":"stdout","time":15461.746960814,"data":"已过滤\t未用伪标签：46.09% -\u003e 使用伪标签：45.42%\n"}
,{"stream_name":"stdout","time":15461.746973196,"data":"排除样本：55|6000\t剩余：2000, 2700, 1245\n"}
,{"stream_name":"stdout","time":15461.746977267,"data":"增添样本：2490\t\t细则：733, 0, 1757\t正确率估算：99.28%\n"}
,{"stream_name":"stdout","time":15461.746981052,"data":"类型1 正确率： 100.00% -\u003e 1  100.00%, 2    0.00%, 3    0.00%\n"}
,{"stream_name":"stdout","time":15461.746984801,"data":"类型2 正确率：  36.00% -\u003e 1    0.00%, 2   35.99%, 3   64.01%\n"}
,{"stream_name":"stdout","time":15461.746988419,"data":"类型3 正确率：   0.00% -\u003e 1    0.00%, 2  100.00%, 3    0.00%\n"}
,{"stream_name":"stdout","time":15461.74699194,"data":"\n"}
,{"stream_name":"stdout","time":15461.746995476,"data":"被排除样本 正确率：76.36%\n"}
,{"stream_name":"stdout","time":15461.746998919,"data":"类型1 没有样本或未被分类。\n"}
,{"stream_name":"stdout","time":15461.747002538,"data":"类型2 正确率：  76.00% -\u003e 1   14.55%, 2   76.36%, 3    9.09%\n"}
,{"stream_name":"stdout","time":15461.747006104,"data":"类型3 没有样本或未被分类。\n"}
,{"stream_name":"stdout","time":15461.747022789,"data":"\n"}
,{"stream_name":"stdout","time":15461.747025521,"data":"\n"}
,{"stream_name":"stdout","time":15475.507574611,"data":"轮次:··6/·20 || c_Loss:0.361 || e_Loss:-1.697 || Aad_Loss:-30.258 || 耗时：37.10s\n"}
,{"stream_name":"stdout","time":15489.478048246,"data":"轮次:··7/·20 || c_Loss:0.341 || e_Loss:-1.846 || Aad_Loss:-29.057 || 耗时：13.97s\n"}
,{"stream_name":"stdout","time":15503.446113746,"data":"轮次:··8/·20 || c_Loss:0.358 || e_Loss:-0.833 || Aad_Loss:-27.349 || 耗时：13.97s\n"}
,{"stream_name":"stdout","time":15517.360798103,"data":"轮次:··9/·20 || c_Loss:0.375 || e_Loss:-1.074 || Aad_Loss:-24.259 || 耗时：13.91s\n"}
,{"stream_name":"stdout","time":15531.249508137,"data":"轮次:·10/·20 || c_Loss:0.361 || e_Loss:-1.863 || Aad_Loss:-25.950 || 耗时：13.89s\n"}
,{"stream_name":"stdout","time":15537.923250998,"data":"任务: (B2)N15_M07_F10→(B1)N15_M01_F10; mix批次:····0; 批次:··940/·1880;  总正确率: 48.53%\n"}
,{"stream_name":"stdout","time":15537.923291675,"data":"类型1 正确率： 100.00% -\u003e 1  100.00%, 2    0.00%, 3    0.00%\n"}
,{"stream_name":"stdout","time":15537.923299296,"data":"类型2 正确率：  46.00% -\u003e 1    1.65%, 2   45.60%, 3   52.75%\n"}
,{"stream_name":"stdout","time":15537.923305518,"data":"类型3 正确率：   0.00% -\u003e 1    0.00%, 2  100.00%, 3    0.00%\n"}
,{"stream_name":"stdout","time":15537.923311781,"data":"\n"}
,{"stream_name":"stdout","time":15537.923317466,"data":"\n"}
,{"stream_name":"stdout","time":15537.973353823,"data":"样本变换：reverse\n"}
,{"stream_name":"stdout","time":15541.549836536,"data":"样本变换：mask\n"}
,{"stream_name":"stdout","time":15545.130980583,"data":"样本变换：shift\n"}
,{"stream_name":"stdout","time":15548.721733832,"data":"样本变换：none\n"}
,{"stream_name":"stderr","time":15554.877709203,"data":"/kaggle/working/k10/S07/sdalr_PU_final_checkpoint/tools.py:413: RuntimeWarning: invalid value encountered in divide\n"}
,{"stream_name":"stderr","time":15554.877793304,"data":"  per_class_acc = conf_matrix.diagonal() / conf_matrix.sum(axis=1) * 100\n"}
,{"stream_name":"stdout","time":15554.877986804,"data":"未过滤\t未用伪标签：48.53% -\u003e 使用伪标签：49.20%\n"}
,{"stream_name":"stdout","time":15554.878013884,"data":"已过滤\t未用伪标签：48.78% -\u003e 使用伪标签：49.59%\n"}
,{"stream_name":"stdout","time":15554.87802147,"data":"排除样本：47|6000\t剩余：2000, 2952, 1001\n"}
,{"stream_name":"stdout","time":15554.87802768,"data":"增添样本：3020\t\t细则：985, 0, 2035\t正确率估算：99.95%\n"}
,{"stream_name":"stdout","time":15554.878033584,"data":"类型1 正确率： 100.00% -\u003e 1  100.00%, 2    0.00%, 3    0.00%\n"}
,{"stream_name":"stdout","time":15554.878039009,"data":"类型2 正确率：  49.00% -\u003e 1    0.00%, 2   48.75%, 3   51.25%\n"}
,{"stream_name":"stdout","time":15554.878044284,"data":"类型3 正确率：   0.00% -\u003e 1    0.00%, 2  100.00%, 3    0.00%\n"}
,{"stream_name":"stdout","time":15554.878049832,"data":"\n"}
,{"stream_name":"stdout","time":15554.878054844,"data":"被排除样本 正确率：17.02%\n"}
,{"stream_name":"stdout","time":15554.87806033,"data":"类型1 没有样本或未被分类。\n"}
,{"stream_name":"stdout","time":15554.878065902,"data":"类型2 正确率：  17.00% -\u003e 1   14.89%, 2   17.02%, 3   68.09%\n"}
,{"stream_name":"stdout","time":15554.878077764,"data":"类型3 没有样本或未被分类。\n"}
,{"stream_name":"stdout","time":15554.878083267,"data":"\n"}
,{"stream_name":"stdout","time":15554.878086903,"data":"\n"}
,{"stream_name":"stdout","time":15568.5727192,"data":"轮次:·11/·20 || c_Loss:0.350 || e_Loss:-1.561 || Aad_Loss:-32.378 || 耗时：37.32s\n"}
,{"stream_name":"stdout","time":15582.363114358,"data":"轮次:·12/·20 || c_Loss:0.335 || e_Loss:-1.462 || Aad_Loss:-28.164 || 耗时：13.79s\n"}
,{"stream_name":"stdout","time":15596.166149065,"data":"轮次:·13/·20 || c_Loss:0.370 || e_Loss:-0.806 || Aad_Loss:-27.639 || 耗时：13.80s\n"}
,{"stream_name":"stdout","time":15609.965024035,"data":"轮次:·14/·20 || c_Loss:0.345 || e_Loss:-0.832 || Aad_Loss:-31.141 || 耗时：13.80s\n"}
,{"stream_name":"stdout","time":15623.840291778,"data":"轮次:·15/·20 || c_Loss:0.358 || e_Loss:-1.740 || Aad_Loss:-32.184 || 耗时：13.88s\n"}
,{"stream_name":"stdout","time":15630.523058136,"data":"任务: (B2)N15_M07_F10→(B1)N15_M01_F10; mix批次:····0; 批次:·1410/·1880;  总正确率: 49.55%\n"}
,{"stream_name":"stdout","time":15630.52309489,"data":"类型1 正确率： 100.00% -\u003e 1  100.00%, 2    0.00%, 3    0.00%\n"}
,{"stream_name":"stdout","time":15630.523102498,"data":"类型2 正确率：  49.00% -\u003e 1    0.00%, 2   48.65%, 3   51.35%\n"}
,{"stream_name":"stdout","time":15630.523108701,"data":"类型3 正确率：   0.00% -\u003e 1    0.00%, 2  100.00%, 3    0.00%\n"}
,{"stream_name":"stdout","time":15630.523114978,"data":"\n"}
,{"stream_name":"stdout","time":15630.523120883,"data":"\n"}
,{"stream_name":"stdout","time":15630.570920403,"data":"样本变换：reverse\n"}
,{"stream_name":"stdout","time":15634.159841174,"data":"样本变换：mask\n"}
,{"stream_name":"stdout","time":15637.754852224,"data":"样本变换：shift\n"}
,{"stream_name":"stdout","time":15641.323848877,"data":"样本变换：none\n"}
,{"stream_name":"stderr","time":15647.767788456,"data":"/kaggle/working/k10/S07/sdalr_PU_final_checkpoint/tools.py:413: RuntimeWarning: invalid value encountered in divide\n"}
,{"stream_name":"stderr","time":15647.767839832,"data":"  per_class_acc = conf_matrix.diagonal() / conf_matrix.sum(axis=1) * 100\n"}
,{"stream_name":"stdout","time":15647.76804272,"data":"未过滤\t未用伪标签：49.55% -\u003e 使用伪标签：50.43%\n"}
,{"stream_name":"stdout","time":15647.768058538,"data":"已过滤\t未用伪标签：49.84% -\u003e 使用伪标签：50.73%\n"}
,{"stream_name":"stdout","time":15647.768064644,"data":"排除样本：35|6000\t剩余：2000, 3026, 939\n"}
,{"stream_name":"stdout","time":15647.768070177,"data":"增添样本：3171\t\t细则：1059, 0, 2112\t正确率估算：100.00%\n"}
,{"stream_name":"stdout","time":15647.768076171,"data":"类型1 正确率： 100.00% -\u003e 1  100.00%, 2    0.00%, 3    0.00%\n"}
,{"stream_name":"stdout","time":15647.768083857,"data":"类型2 正确率：  52.00% -\u003e 1    0.00%, 2   52.21%, 3   47.79%\n"}
,{"stream_name":"stdout","time":15647.768092984,"data":"类型3 正确率：   0.00% -\u003e 1    0.00%, 2  100.00%, 3    0.00%\n"}
,{"stream_name":"stdout","time":15647.768097481,"data":"\n"}
,{"stream_name":"stdout","time":15647.76812046,"data":"被排除样本 正确率：0.00%\n"}
,{"stream_name":"stdout","time":15647.768127058,"data":"类型1 正确率：   0.00% -\u003e 1    0.00%, 2  100.00%\n"}
,{"stream_name":"stdout","time":15647.768133203,"data":"类型2 没有样本或未被分类。\n"}
,{"stream_name":"stdout","time":15647.768139632,"data":"\n"}
,{"stream_name":"stdout","time":15647.768144709,"data":"\n"}
,{"stream_name":"stdout","time":15661.511532151,"data":"轮次:·16/·20 || c_Loss:0.348 || e_Loss:-0.872 || Aad_Loss:-29.906 || 耗时：37.67s\n"}
,{"stream_name":"stdout","time":15675.363453354,"data":"轮次:·17/·20 || c_Loss:0.354 || e_Loss:-1.538 || Aad_Loss:-31.222 || 耗时：13.85s\n"}
,{"stream_name":"stdout","time":15689.227703626,"data":"轮次:·18/·20 || c_Loss:0.356 || e_Loss:-0.873 || Aad_Loss:-31.868 || 耗时：13.86s\n"}
,{"stream_name":"stdout","time":15703.123165313,"data":"轮次:·19/·20 || c_Loss:0.342 || e_Loss:-0.879 || Aad_Loss:-34.076 || 耗时：13.90s\n"}
,{"stream_name":"stdout","time":15717.082501581,"data":"轮次:·20/·20 || c_Loss:0.355 || e_Loss:-1.954 || Aad_Loss:-31.203 || 耗时：13.96s\n"}
,{"stream_name":"stdout","time":15723.795292491,"data":"任务: (B2)N15_M07_F10→(B1)N15_M01_F10; mix批次:····0; 批次:·1880/·1880;  总正确率: 50.88%\n"}
,{"stream_name":"stdout","time":15723.795331034,"data":"类型1 正确率： 100.00% -\u003e 1  100.00%, 2    0.00%, 3    0.00%\n"}
,{"stream_name":"stdout","time":15723.795339189,"data":"类型2 正确率：  53.00% -\u003e 1    0.00%, 2   52.65%, 3   47.35%\n"}
,{"stream_name":"stdout","time":15723.795345687,"data":"类型3 正确率：   0.00% -\u003e 1    0.00%, 2  100.00%, 3    0.00%\n"}
,{"stream_name":"stdout","time":15723.795352103,"data":"\n"}
,{"stream_name":"stdout","time":15723.795358002,"data":"\n"}
,{"stream_name":"stdout","time":15730.485993499,"data":"测试集任务: (B2)N15_M07_F10→(B1)N15_M01_F10; 总正确率 = 50.88%\n"}
,{"stream_name":"stdout","time":15730.486055069,"data":"类型1 正确率： 100.00% -\u003e 1  100.00%, 2    0.00%, 3    0.00%\n"}
,{"stream_name":"stdout","time":15730.486063819,"data":"类型2 正确率：  53.00% -\u003e 1    0.00%, 2   52.65%, 3   47.35%\n"}
,{"stream_name":"stdout","time":15730.486069867,"data":"类型3 正确率：   0.00% -\u003e 1    0.00%, 2  100.00%, 3    0.00%\n"}
,{"stream_name":"stdout","time":15730.486075731,"data":"\n"}
,{"stream_name":"stdout","time":15730.486081896,"data":"\n"}
,{"stream_name":"stdout","time":15730.515597916,"data":"[tar_adaptation_RES_PU.py --folder_root /kaggle/working/k10/S07/sdalr_PU_final_checkpoint/DATA_foldS07c --seed 2024 --class_num 3 --data_name PU_M1_L3 --output /kaggle/working/k10/S07/weight_PU_M1_final_checkpoint_FS07toS07c_gatepcv_s2024 --s 1 --t 0 --lr 0.0005 --threshold 0.4 --K 0.6] 391s\n"}
,{"stream_name":"stdout","time":15730.559994113,"data":"读取源域路径：/kaggle/working/k10/S07/weight_PU_M1_final_checkpoint_FS07toS07c_gatepcv_s2024/NEW_PU/Source-源域/log\u0026pt/(B2)N15_M07_F10\n"}
,{"stream_name":"stdout","time":15730.560029834,"data":"excel输出位置：/kaggle/working/k10/S07/weight_PU_M1_final_checkpoint_FS07toS07c_gatepcv_s2024/NEW_PU/Target-目标域\n"}
,{"stream_name":"stdout","time":15730.560049905,"data":"特征图片输出位置：/kaggle/working/k10/S07/weight_PU_M1_final_checkpoint_FS07toS07c_gatepcv_s2024/NEW_PU/Picture-特征图/2026年09月19日07时27分/(B2)N15_M07_F10\n"}
,{"stream_name":"stderr","time":15730.599481403,"data":"/usr/local/lib/python3.12/dist-packages/torch/nn/utils/weight_norm.py:144: FutureWarning: `torch.nn.utils.weight_norm` is deprecated in favor of `torch.nn.utils.parametrizations.weight_norm`.\n"}
,{"stream_name":"stderr","time":15730.599562325,"data":"  WeightNorm.apply(module, name, dim)\n"}
,{"stream_name":"stdout","time":15730.644549108,"data":"现在选取:(B2)N15_M07_F10 进行训练的源模型\n"}
,{"stream_name":"stdout","time":15730.644596917,"data":"现在进行：(B2)N15_M07_F10→(B3)N15_M07_F04 的迁移任务\n"}
,{"stream_name":"stdout","time":15730.644603184,"data":"log\u0026pt输出位置：/kaggle/working/k10/S07/weight_PU_M1_final_checkpoint_FS07toS07c_gatepcv_s2024/NEW_PU/Target-目标域/log\u0026pt/(B2)N15_M07_F10→(B3)N15_M07_F04\n"}
,{"stream_name":"stderr","time":15730.64623476,"data":"sh: 1: Syntax error: word unexpected (expecting \")\")\n"}
,{"stream_name":"stdout","time":15742.939335015,"data":"任务: (B2)N15_M07_F10→(B3)N15_M07_F04; 批次:····0/·1880;  总正确率: 60.50%\n"}
,{"stream_name":"stdout","time":15742.939467184,"data":"类型1 正确率：  99.00% -\u003e 1   99.05%, 2    0.85%, 3    0.10%\n"}
,{"stream_name":"stdout","time":15742.939505855,"data":"类型2 正确率：  82.00% -\u003e 1    0.00%, 2   82.45%, 3   17.55%\n"}
,{"stream_name":"stdout","time":15742.939510355,"data":"类型3 正确率：   0.00% -\u003e 1    5.20%, 2   94.80%, 3    0.00%\n"}
,{"stream_name":"stdout","time":15742.93951346,"data":"\n"}
,{"stream_name":"stdout","time":15742.939516185,"data":"\n"}
,{"stream_name":"stdout","time":15742.940223033,"data":"样本变换：reverse\n"}
,{"stream_name":"stdout","time":15746.503808637,"data":"样本变换：mask\n"}
,{"stream_name":"stdout","time":15750.11585865,"data":"样本变换：shift\n"}
,{"stream_name":"stdout","time":15753.751793325,"data":"样本变换：none\n"}
,{"stream_name":"stdout","time":15759.714230495,"data":"未过滤\t未用伪标签：60.50% -\u003e 使用伪标签：47.73%\n"}
,{"stream_name":"stdout","time":15759.714295293,"data":"已过滤\t未用伪标签：59.96% -\u003e 使用伪标签：48.73%\n"}
,{"stream_name":"stdout","time":15759.714303123,"data":"排除样本：123|6000\t剩余：2106, 2747, 1024\n"}
,{"stream_name":"stdout","time":15759.714308544,"data":"增添样本：2398\t\t细则：636, 0, 1762\t正确率估算：59.35%\n"}
,{"stream_name":"stdout","time":15759.714314008,"data":"类型1 正确率： 100.00% -\u003e 1   99.80%, 2    0.20%, 3    0.00%\n"}
,{"stream_name":"stdout","time":15759.714319454,"data":"类型2 正确率：  46.00% -\u003e 1    0.00%, 2   45.93%, 3   54.07%\n"}
,{"stream_name":"stdout","time":15759.714359842,"data":"类型3 正确率：   0.00% -\u003e 1    5.64%, 2   94.36%, 3    0.00%\n"}
,{"stream_name":"stdout","time":15759.714363858,"data":"\n"}
,{"stream_name":"stdout","time":15759.714367437,"data":"被排除样本 正确率：86.18%\n"}
,{"stream_name":"stdout","time":15759.714371204,"data":"类型1 正确率：   0.00% -\u003e 1    0.00%, 2  100.00%, 3    0.00%\n"}
,{"stream_name":"stdout","time":15759.714374943,"data":"类型2 正确率： 100.00% -\u003e 1    0.00%, 2  100.00%, 3    0.00%\n"}
,{"stream_name":"stdout","time":15759.714378592,"data":"类型3 正确率：   0.00% -\u003e 1   33.33%, 2   66.67%, 3    0.00%\n"}
,{"stream_name":"stdout","time":15759.714382281,"data":"\n"}
,{"stream_name":"stdout","time":15759.714386018,"data":"\n"}
,{"stream_name":"stdout","time":15773.605863741,"data":"轮次:··1/·20 || c_Loss:0.498 || e_Loss:-0.993 || Aad_Loss:-28.437 || 耗时：37.16s\n"}
,{"stream_name":"stdout","time":15787.520083768,"data":"轮次:··2/·20 || c_Loss:0.456 || e_Loss:-1.373 || Aad_Loss:-31.108 || 耗时：13.91s\n"}
,{"stream_name":"stdout","time":15801.339673443,"data":"轮次:··3/·20 || c_Loss:0.369 || e_Loss:-1.351 || Aad_Loss:-27.089 || 耗时：13.82s\n"}
,{"stream_name":"stdout","time":15815.115246385,"data":"轮次:··4/·20 || c_Loss:0.412 || e_Loss:-1.545 || Aad_Loss:-22.217 || 耗时：13.78s\n"}
,{"stream_name":"stdout","time":15828.981389042,"data":"轮次:··5/·20 || c_Loss:0.408 || e_Loss:-1.419 || Aad_Loss:-25.546 || 耗时：13.87s\n"}
,{"stream_name":"stdout","time":15835.665360493,"data":"任务: (B2)N15_M07_F10→(B3)N15_M07_F04; mix批次:····0; 批次:··470/·1880;  总正确率: 46.05%\n"}
,{"stream_name":"stdout","time":15835.665400196,"data":"类型1 正确率： 100.00% -\u003e 1  100.00%, 2    0.00%, 3    0.00%\n"}
,{"stream_name":"stdout","time":15835.665408078,"data":"类型2 正确率：  38.00% -\u003e 1    0.00%, 2   38.15%, 3   61.85%\n"}
,{"stream_name":"stdout","time":15835.665419184,"data":"类型3 正确率：   0.00% -\u003e 1    5.85%, 2   94.15%, 3    0.00%\n"}
,{"stream_name":"stdout","time":15835.665425442,"data":"\n"}
,{"stream_name":"stdout","time":15835.665450162,"data":"\n"}
,{"stream_name":"stdout","time":15835.702562203,"data":"样本变换：reverse\n"}
,{"stream_name":"stdout","time":15839.271804132,"data":"样本变换：mask\n"}
,{"stream_name":"stdout","time":15842.877817385,"data":"样本变换：shift\n"}
,{"stream_name":"stdout","time":15846.46729794,"data":"样本变换：none\n"}
,{"stream_name":"stdout","time":15852.375959676,"data":"未过滤\t未用伪标签：46.05% -\u003e 使用伪标签：43.17%\n"}
,{"stream_name":"stdout","time":15852.376007647,"data":"已过滤\t未用伪标签：45.66% -\u003e 使用伪标签：43.70%\n"}
,{"stream_name":"stdout","time":15852.376015808,"data":"排除样本：73|6000\t剩余：2132, 2443, 1352\n"}
,{"stream_name":"stdout","time":15852.376019815,"data":"增添样本：1459\t\t细则：311, 0, 1148\t正确率估算：94.11%\n"}
,{"stream_name":"stdout","time":15852.376023791,"data":"类型1 正确率： 100.00% -\u003e 1  100.00%, 2    0.00%, 3    0.00%\n"}
,{"stream_name":"stdout","time":15852.376027629,"data":"类型2 正确率：  30.00% -\u003e 1    0.00%, 2   30.38%, 3   69.62%\n"}
,{"stream_name":"stdout","time":15852.376031234,"data":"类型3 正确率：   0.00% -\u003e 1    6.65%, 2   93.35%, 3    0.00%\n"}
,{"stream_name":"stdout","time":15852.37603505,"data":"\n"}
,{"stream_name":"stdout","time":15852.376038505,"data":"被排除样本 正确率：78.08%\n"}
,{"stream_name":"stdout","time":15852.376041946,"data":"类型1 正确率：  98.00% -\u003e 1   98.28%, 2    1.72%\n"}
,{"stream_name":"stdout","time":15852.376045423,"data":"类型2 正确率：   0.00% -\u003e 1  100.00%, 2    0.00%\n"}
,{"stream_name":"stdout","time":15852.376049481,"data":"\n"}
,{"stream_name":"stdout","time":15852.37605274,"data":"\n"}
,{"stream_name":"stdout","time":15866.191435738,"data":"轮次:··6/·20 || c_Loss:0.352 || e_Loss:-1.668 || Aad_Loss:-26.373 || 耗时：37.21s\n"}
,{"stream_name":"stdout","time":15880.097167381,"data":"轮次:··7/·20 || c_Loss:0.368 || e_Loss:-1.494 || Aad_Loss:-26.102 || 耗时：13.91s\n"}
,{"stream_name":"stdout","time":15893.94375402,"data":"轮次:··8/·20 || c_Loss:0.369 || e_Loss:-0.839 || Aad_Loss:-30.319 || 耗时：13.85s\n"}
,{"stream_name":"stdout","time":15907.759154546,"data":"轮次:··9/·20 || c_Loss:0.353 || e_Loss:-1.444 || Aad_Loss:-27.574 || 耗时：13.82s\n"}
,{"stream_name":"stdout","time":15921.542123813,"data":"轮次:·10/·20 || c_Loss:0.414 || e_Loss:-1.582 || Aad_Loss:-24.025 || 耗时：13.78s\n"}
,{"stream_name":"stdout","time":15928.15520385,"data":"任务: (B2)N15_M07_F10→(B3)N15_M07_F04; mix批次:····0; 批次:··940/·1880;  总正确率: 43.28%\n"}
,{"stream_name":"stdout","time":15928.155253068,"data":"类型1 正确率： 100.00% -\u003e 1  100.00%, 2    0.00%, 3    0.00%\n"}
,{"stream_name":"stdout","time":15928.155259006,"data":"类型2 正确率：  30.00% -\u003e 1    0.00%, 2   29.85%, 3   70.15%\n"}
,{"stream_name":"stdout","time":15928.155263094,"data":"类型3 正确率：   0.00% -\u003e 1    6.05%, 2   93.95%, 3    0.00%\n"}
,{"stream_name":"stdout","time":15928.15526712,"data":"\n"}
,{"stream_name":"stdout","time":15928.155270665,"data":"\n"}
,{"stream_name":"stdout","time":15928.204219556,"data":"样本变换：reverse\n"}
,{"stream_name":"stdout","time":15931.73341927,"data":"样本变换：mask\n"}
,{"stream_name":"stdout","time":15935.264002433,"data":"样本变换：shift\n"}
,{"stream_name":"stdout","time":15938.794000708,"data":"样本变换：none\n"}
,{"stream_name":"stdout","time":15944.433961125,"data":"未过滤\t未用伪标签：43.28% -\u003e 使用伪标签：41.15%\n"}
,{"stream_name":"stdout","time":15944.434020061,"data":"已过滤\t未用伪标签：43.02% -\u003e 使用伪标签：41.51%\n"}
,{"stream_name":"stdout","time":15944.434047328,"data":"排除样本：52|6000\t剩余：2152, 2303, 1493\n"}
,{"stream_name":"stdout","time":15944.434053076,"data":"增添样本：1028\t\t细则：157, 0, 871\t正确率估算：95.43%\n"}
,{"stream_name":"stdout","time":15944.434057944,"data":"类型1 正确率： 100.00% -\u003e 1  100.00%, 2    0.00%, 3    0.00%\n"}
,{"stream_name":"stdout","time":15944.434062543,"data":"类型2 正确率：  24.00% -\u003e 1    0.00%, 2   23.90%, 3   76.10%\n"}
,{"stream_name":"stdout","time":15944.434067185,"data":"类型3 正确率：   0.00% -\u003e 1    7.65%, 2   92.35%, 3    0.00%\n"}
,{"stream_name":"stdout","time":15944.434072186,"data":"\n"}
,{"stream_name":"stdout","time":15944.43407689,"data":"被排除样本 正确率：73.08%\n"}
,{"stream_name":"stdout","time":15944.434081591,"data":"类型1 正确率： 100.00% -\u003e 1  100.00%, 2    0.00%\n"}
,{"stream_name":"stdout","time":15944.434086851,"data":"类型2 正确率：   0.00% -\u003e 1  100.00%, 2    0.00%\n"}
,{"stream_name":"stdout","time":15944.434091205,"data":"\n"}
,{"stream_name":"stdout","time":15944.434095392,"data":"\n"}
,{"stream_name":"stdout","time":15958.101700505,"data":"轮次:·11/·20 || c_Loss:0.387 || e_Loss:-0.792 || Aad_Loss:-29.121 || 耗时：36.56s\n"}
,{"stream_name":"stdout","time":15971.954997813,"data":"轮次:·12/·20 || c_Loss:0.348 || e_Loss:-1.688 || Aad_Loss:-29.512 || 耗时：13.85s\n"}
,{"stream_name":"stdout","time":15985.8737397,"data":"轮次:·13/·20 || c_Loss:0.376 || e_Loss:-1.445 || Aad_Loss:-26.459 || 耗时：13.92s\n"}
,{"stream_name":"stdout","time":15999.840309278,"data":"轮次:·14/·20 || c_Loss:0.410 || e_Loss:-1.364 || Aad_Loss:-27.761 || 耗时：13.97s\n"}
,{"stream_name":"stdout","time":16013.803804603,"data":"轮次:·15/·20 || c_Loss:0.362 || e_Loss:-0.954 || Aad_Loss:-31.037 || 耗时：13.96s\n"}
,{"stream_name":"stdout","time":16020.52984694,"data":"任务: (B2)N15_M07_F10→(B3)N15_M07_F04; mix批次:····0; 批次:·1410/·1880;  总正确率: 41.42%\n"}
,{"stream_name":"stdout","time":16020.529902685,"data":"类型1 正确率： 100.00% -\u003e 1  100.00%, 2    0.00%, 3    0.00%\n"}
,{"stream_name":"stdout","time":16020.529909351,"data":"类型2 正确率：  24.00% -\u003e 1    0.00%, 2   24.25%, 3   75.75%\n"}
,{"stream_name":"stdout","time":16020.5299134,"data":"类型3 正确率：   0.00% -\u003e 1    7.00%, 2   93.00%, 3    0.00%\n"}
,{"stream_name":"stdout","time":16020.529917494,"data":"\n"}
,{"stream_name":"stdout","time":16020.52992115,"data":"\n"}
,{"stream_name":"stdout","time":16020.57864757,"data":"样本变换：reverse\n"}
,{"stream_name":"stdout","time":16024.160864853,"data":"样本变换：mask\n"}
,{"stream_name":"stdout","time":16027.741146648,"data":"样本变换：shift\n"}
,{"stream_name":"stdout","time":16031.318805817,"data":"样本变换：none\n"}
,{"stream_name":"stdout","time":16036.785314106,"data":"未过滤\t未用伪标签：41.42% -\u003e 使用伪标签：39.42%\n"}
,{"stream_name":"stdout","time":16036.78535634,"data":"已过滤\t未用伪标签：41.28% -\u003e 使用伪标签：39.63%\n"}
,{"stream_name":"stdout","time":16036.785361466,"data":"排除样本：33|6000\t剩余：2191, 2163, 1613\n"}
,{"stream_name":"stdout","time":16036.785366652,"data":"增添样本：631\t\t细则：0, 9, 622\t正确率估算：95.56%\n"}
,{"stream_name":"stdout","time":16036.785396269,"data":"类型1 正确率： 100.00% -\u003e 1  100.00%, 2    0.00%, 3    0.00%\n"}
,{"stream_name":"stdout","time":16036.785402918,"data":"类型2 正确率：  18.00% -\u003e 1    0.00%, 2   18.45%, 3   81.55%\n"}
,{"stream_name":"stdout","time":16036.785441599,"data":"类型3 正确率：   0.00% -\u003e 1    9.60%, 2   90.40%, 3    0.00%\n"}
,{"stream_name":"stdout","time":16036.785445575,"data":"\n"}
,{"stream_name":"stdout","time":16036.785454166,"data":"被排除样本 正确率：66.67%\n"}
,{"stream_name":"stdout","time":16036.785456995,"data":"类型1 正确率： 100.00% -\u003e 1  100.00%, 2    0.00%\n"}
,{"stream_name":"stdout","time":16036.785459781,"data":"类型2 正确率：   0.00% -\u003e 1  100.00%, 2    0.00%\n"}
,{"stream_name":"stdout","time":16036.785462663,"data":"\n"}
,{"stream_name":"stdout","time":16036.785465189,"data":"\n"}
,{"stream_name":"stdout","time":16050.509014217,"data":"轮次:·16/·20 || c_Loss:0.365 || e_Loss:-0.773 || Aad_Loss:-28.251 || 耗时：36.71s\n"}
,{"stream_name":"stdout","time":16064.324999546,"data":"轮次:·17/·20 || c_Loss:0.336 || e_Loss:-1.624 || Aad_Loss:-30.278 || 耗时：13.82s\n"}
,{"stream_name":"stdout","time":16078.153554486,"data":"轮次:·18/·20 || c_Loss:0.397 || e_Loss:-0.783 || Aad_Loss:-29.970 || 耗时：13.83s\n"}
,{"stream_name":"stdout","time":16092.03461807,"data":"轮次:·19/·20 || c_Loss:0.350 || e_Loss:-1.516 || Aad_Loss:-29.744 || 耗时：13.88s\n"}
,{"stream_name":"stdout","time":16105.927593496,"data":"轮次:·20/·20 || c_Loss:0.337 || e_Loss:-1.219 || Aad_Loss:-28.760 || 耗时：13.89s\n"}
,{"stream_name":"stdout","time":16112.665030669,"data":"任务: (B2)N15_M07_F10→(B3)N15_M07_F04; mix批次:····0; 批次:·1880/·1880;  总正确率: 40.03%\n"}
,{"stream_name":"stdout","time":16112.665087412,"data":"类型1 正确率： 100.00% -\u003e 1  100.00%, 2    0.00%, 3    0.00%\n"}
,{"stream_name":"stdout","time":16112.665096307,"data":"类型2 正确率：  20.00% -\u003e 1    0.00%, 2   20.10%, 3   79.90%\n"}
,{"stream_name":"stdout","time":16112.665101845,"data":"类型3 正确率：   0.00% -\u003e 1    7.90%, 2   92.10%, 3    0.00%\n"}
,{"stream_name":"stdout","time":16112.665107167,"data":"\n"}
,{"stream_name":"stdout","time":16112.665111841,"data":"\n"}
,{"stream_name":"stdout","time":16119.345547383,"data":"测试集任务: (B2)N15_M07_F10→(B3)N15_M07_F04; 总正确率 = 40.03%\n"}
,{"stream_name":"stdout","time":16119.345612289,"data":"类型1 正确率： 100.00% -\u003e 1  100.00%, 2    0.00%, 3    0.00%\n"}
,{"stream_name":"stdout","time":16119.345621134,"data":"类型2 正确率：  20.00% -\u003e 1    0.00%, 2   20.10%, 3   79.90%\n"}
,{"stream_name":"stdout","time":16119.345626935,"data":"类型3 正确率：   0.00% -\u003e 1    7.90%, 2   92.10%, 3    0.00%\n"}
,{"stream_name":"stdout","time":16119.345632333,"data":"\n"}
,{"stream_name":"stdout","time":16119.34563734,"data":"\n"}
,{"stream_name":"stdout","time":16119.374073229,"data":"[tar_adaptation_RES_PU.py --folder_root /kaggle/working/k10/S07/sdalr_PU_final_checkpoint/DATA_foldS07c --seed 2024 --class_num 3 --data_name PU_M1_L3 --output /kaggle/working/k10/S07/weight_PU_M1_final_checkpoint_FS07toS07c_gatepcv_s2024 --s 1 --t 2 --lr 0.0005 --threshold 0.4 --K 0.6] 389s\n"}
,{"stream_name":"stdout","time":16119.416330736,"data":"读取源域路径：/kaggle/working/k10/S07/weight_PU_M1_final_checkpoint_FS07toS07c_gatepcv_s2024/NEW_PU/Source-源域/log\u0026pt/(B3)N15_M07_F04\n"}
,{"stream_name":"stdout","time":16119.416377335,"data":"excel输出位置：/kaggle/working/k10/S07/weight_PU_M1_final_checkpoint_FS07toS07c_gatepcv_s2024/NEW_PU/Target-目标域\n"}
,{"stream_name":"stdout","time":16119.416764029,"data":"特征图片输出位置：/kaggle/working/k10/S07/weight_PU_M1_final_checkpoint_FS07toS07c_gatepcv_s2024/NEW_PU/Picture-特征图/2026年09月19日07时33分/(B3)N15_M07_F04\n"}
,{"stream_name":"stderr","time":16119.45541036,"data":"/usr/local/lib/python3.12/dist-packages/torch/nn/utils/weight_norm.py:144: FutureWarning: `torch.nn.utils.weight_norm` is deprecated in favor of `torch.nn.utils.parametrizations.weight_norm`.\n"}
,{"stream_name":"stderr","time":16119.455478241,"data":"  WeightNorm.apply(module, name, dim)\n"}
,{"stream_name":"stdout","time":16119.497417847,"data":"现在选取:(B3)N15_M07_F04 进行训练的源模型\n"}
,{"stream_name":"stdout","time":16119.497448891,"data":"现在进行：(B3)N15_M07_F04→(B1)N15_M01_F10 的迁移任务\n"}
,{"stream_name":"stdout","time":16119.497454503,"data":"log\u0026pt输出位置：/kaggle/working/k10/S07/weight_PU_M1_final_checkpoint_FS07toS07c_gatepcv_s2024/NEW_PU/Target-目标域/log\u0026pt/(B3)N15_M07_F04→(B1)N15_M01_F10\n"}
,{"stream_name":"stderr","time":16119.498962878,"data":"sh: 1: Syntax error: word unexpected (expecting \")\")\n"}
,{"stream_name":"stdout","time":16131.809405531,"data":"任务: (B3)N15_M07_F04→(B1)N15_M01_F10; 批次:····0/·1880;  总正确率: 50.15%\n"}
,{"stream_name":"stdout","time":16131.80944967,"data":"类型1 正确率：  80.00% -\u003e 1   79.90%, 2    1.35%, 3   18.75%\n"}
,{"stream_name":"stdout","time":16131.809458119,"data":"类型2 正确率：  71.00% -\u003e 1    0.05%, 2   70.55%, 3   29.40%\n"}
,{"stream_name":"stdout","time":16131.809464712,"data":"类型3 正确率：   0.00% -\u003e 1    0.00%, 2  100.00%, 3    0.00%\n"}
,{"stream_name":"stdout","time":16131.809471087,"data":"\n"}
,{"stream_name":"stdout","time":16131.80947705,"data":"\n"}
,{"stream_name":"stdout","time":16131.810221197,"data":"样本变换：reverse\n"}
,{"stream_name":"stdout","time":16135.348256471,"data":"样本变换：mask\n"}
,{"stream_name":"stdout","time":16138.924813864,"data":"样本变换：shift\n"}
,{"stream_name":"stdout","time":16142.535810802,"data":"样本变换：none\n"}
,{"stream_name":"stderr","time":16148.781818442,"data":"/kaggle/working/k10/S07/sdalr_PU_final_checkpoint/tools.py:413: RuntimeWarning: invalid value encountered in divide\n"}
,{"stream_name":"stderr","time":16148.781883684,"data":"  per_class_acc = conf_matrix.diagonal() / conf_matrix.sum(axis=1) * 100\n"}
,{"stream_name":"stdout","time":16148.782007463,"data":"未过滤\t未用伪标签：50.15% -\u003e 使用伪标签：51.60%\n"}
,{"stream_name":"stdout","time":16148.782035102,"data":"已过滤\t未用伪标签：50.64% -\u003e 使用伪标签：52.55%\n"}
,{"stream_name":"stdout","time":16148.78204227,"data":"排除样本：109|6000\t剩余：1739, 3361, 791\n"}
,{"stream_name":"stdout","time":16148.782048571,"data":"增添样本：4663\t\t细则：1638, 0, 3025\t正确率估算：93.72%\n"}
,{"stream_name":"stdout","time":16148.782055127,"data":"类型1 正确率：  90.00% -\u003e 1   89.92%, 2    0.21%, 3    9.88%\n"}
,{"stream_name":"stdout","time":16148.782060964,"data":"类型2 正确率：  69.00% -\u003e 1    0.00%, 2   69.34%, 3   30.66%\n"}
,{"stream_name":"stdout","time":16148.782066474,"data":"类型3 正确率：   0.00% -\u003e 1    0.00%, 2  100.00%, 3    0.00%\n"}
,{"stream_name":"stdout","time":16148.782071774,"data":"\n"}
,{"stream_name":"stdout","time":16148.782076885,"data":"被排除样本 正确率：23.85%\n"}
,{"stream_name":"stdout","time":16148.782082238,"data":"类型1 正确率：   6.00% -\u003e 1    6.06%, 2    4.55%, 3   89.39%\n"}
,{"stream_name":"stdout","time":16148.782087768,"data":"类型2 正确率：  51.00% -\u003e 1    0.00%, 2   51.16%, 3   48.84%\n"}
,{"stream_name":"stdout","time":16148.782093381,"data":"类型3 没有样本或未被分类。\n"}
,{"stream_name":"stdout","time":16148.782099,"data":"\n"}
,{"stream_name":"stdout","time":16148.782104588,"data":"\n"}
,{"stream_name":"stdout","time":16162.736332132,"data":"轮次:··1/·20 || c_Loss:0.562 || e_Loss:-1.007 || Aad_Loss:-31.596 || 耗时：37.38s\n"}
,{"stream_name":"stdout","time":16176.68933179,"data":"轮次:··2/·20 || c_Loss:0.465 || e_Loss:-1.137 || Aad_Loss:-35.605 || 耗时：13.95s\n"}
,{"stream_name":"stdout","time":16190.543324593,"data":"轮次:··3/·20 || c_Loss:0.669 || e_Loss:-1.263 || Aad_Loss:-25.591 || 耗时：13.85s\n"}
,{"stream_name":"stdout","time":16204.307729517,"data":"轮次:··4/·20 || c_Loss:0.453 || e_Loss:-1.276 || Aad_Loss:-33.262 || 耗时：13.76s\n"}
,{"stream_name":"stdout","time":16218.129134603,"data":"轮次:··5/·20 || c_Loss:0.420 || e_Loss:-1.256 || Aad_Loss:-34.885 || 耗时：13.82s\n"}
,{"stream_name":"stdout","time":16224.780190009,"data":"任务: (B3)N15_M07_F04→(B1)N15_M01_F10; mix批次:····0; 批次:··470/·1880;  总正确率: 63.07%\n"}
,{"stream_name":"stdout","time":16224.780231526,"data":"类型1 正确率：  98.00% -\u003e 1   98.45%, 2    0.00%, 3    1.55%\n"}
,{"stream_name":"stdout","time":16224.780239594,"data":"类型2 正确率：  91.00% -\u003e 1    0.00%, 2   90.75%, 3    9.25%\n"}
,{"stream_name":"stdout","time":16224.780246369,"data":"类型3 正确率：   0.00% -\u003e 1    0.00%, 2  100.00%, 3    0.00%\n"}
,{"stream_name":"stdout","time":16224.780253239,"data":"\n"}
,{"stream_name":"stdout","time":16224.780259277,"data":"\n"}
,{"stream_name":"stdout","time":16224.817657312,"data":"样本变换：reverse\n"}
,{"stream_name":"stdout","time":16228.376836429,"data":"样本变换：mask\n"}
,{"stream_name":"stdout","time":16231.993821163,"data":"样本变换：shift\n"}
,{"stream_name":"stdout","time":16235.559832573,"data":"样本变换：none\n"}
,{"stream_name":"stderr","time":16240.596266646,"data":"/kaggle/working/k10/S07/sdalr_PU_final_checkpoint/tools.py:413: RuntimeWarning: invalid value encountered in divide\n"}
,{"stream_name":"stderr","time":16240.596313236,"data":"  per_class_acc = conf_matrix.diagonal() / conf_matrix.sum(axis=1) * 100\n"}
,{"stream_name":"stdout","time":16240.612702946,"data":"未过滤\t未用伪标签：63.07% -\u003e 使用伪标签：0.00%\n"}
,{"stream_name":"stdout","time":16240.612730086,"data":"已过滤\t未用伪标签：62.09% -\u003e 使用伪标签：0.00%\n"}
,{"stream_name":"stdout","time":16240.612736917,"data":"排除样本：5541|6000\t剩余：459\n"}
,{"stream_name":"stdout","time":16240.612744972,"data":"增添样本：0\t\t细则：0类型1 正确率：   0.00% -\u003e 1    0.00%, 2    0.00%, 3  100.00%\n"}
,{"stream_name":"stdout","time":16240.612753006,"data":"类型2 正确率：   0.00% -\u003e 1    0.00%, 2    0.00%, 3  100.00%\n"}
,{"stream_name":"stdout","time":16240.612758812,"data":"类型3 没有样本或未被分类。\n"}
,{"stream_name":"stdout","time":16240.612788921,"data":"\n"}
,{"stream_name":"stdout","time":16240.612794267,"data":"被排除样本 正确率：63.15%\n"}
,{"stream_name":"stdout","time":16240.612799486,"data":"类型1 正确率：  98.00% -\u003e 1   98.50%, 2    0.00%, 3    1.50%\n"}
,{"stream_name":"stdout","time":16240.612804937,"data":"类型2 正确率：  99.00% -\u003e 1    0.00%, 2   99.22%, 3    0.78%\n"}
,{"stream_name":"stdout","time":16240.612913112,"data":"类型3 正确率：   0.00% -\u003e 1    0.00%, 2  100.00%, 3    0.00%\n"}
,{"stream_name":"stdout","time":16240.61293026,"data":"\n"}
,{"stream_name":"stdout","time":16240.612934735,"data":"\n"}
,{"stream_name":"stdout","time":16249.081919836,"data":"样本变换：reverse\n"}
,{"stream_name":"stdout","time":16252.66384939,"data":"样本变换：mask\n"}
,{"stream_name":"stdout","time":16256.274943274,"data":"样本变换：shift\n"}
,{"stream_name":"stdout","time":16259.867848327,"data":"样本变换：none\n"}
,{"stream_name":"stderr","time":16265.722200253,"data":"/kaggle/working/k10/S07/sdalr_PU_final_checkpoint/tools.py:413: RuntimeWarning: invalid value encountered in divide\n"}
,{"stream_name":"stderr","time":16265.722235599,"data":"  per_class_acc = conf_matrix.diagonal() / conf_matrix.sum(axis=1) * 100\n"}
,{"stream_name":"stdout","time":16265.722270409,"data":"未过滤\t未用伪标签：45.88% -\u003e 使用伪标签：66.15%\n"}
,{"stream_name":"stdout","time":16265.722279741,"data":"已过滤\t未用伪标签：45.90% -\u003e 使用伪标签：66.32%\n"}
,{"stream_name":"stdout","time":16265.722285488,"data":"排除样本：15|6000\t剩余：2003, 13, 3969\n"}
,{"stream_name":"stdout","time":16265.722291278,"data":"增添样本：4537\t\t细则：1290, 3247, 0\t正确率估算：80.12%\n"}
,{"stream_name":"stdout","time":16265.722297112,"data":"类型1 正确率： 100.00% -\u003e 1  100.00%, 2    0.00%, 3    0.00%\n"}
,{"stream_name":"stdout","time":16265.722302984,"data":"类型2 正确率：   0.00% -\u003e 1    0.00%, 2    0.00%, 3  100.00%\n"}
,{"stream_name":"stdout","time":16265.722308813,"data":"类型3 正确率：  99.00% -\u003e 1    0.15%, 2    0.65%, 3   99.19%\n"}
,{"stream_name":"stdout","time":16265.722314868,"data":"\n"}
,{"stream_name":"stdout","time":16265.722320688,"data":"被排除样本 正确率：40.00%\n"}
,{"stream_name":"stdout","time":16265.722326754,"data":"类型1 没有样本或未被分类。\n"}
,{"stream_name":"stdout","time":16265.72233242,"data":"类型2 正确率：  40.00% -\u003e 1   60.00%, 2   40.00%\n"}
,{"stream_name":"stdout","time":16265.722338093,"data":"\n"}
,{"stream_name":"stdout","time":16265.722353799,"data":"\n"}
,{"stream_name":"stdout","time":16279.513262105,"data":"轮次:·11/·20 || c_Loss:0.447 || e_Loss:-1.298 || Aad_Loss:-43.574 || 耗时：61.38s\n"}
,{"stream_name":"stdout","time":16293.364584333,"data":"轮次:·12/·20 || c_Loss:0.392 || e_Loss:-1.320 || Aad_Loss:-44.356 || 耗时：13.85s\n"}
,{"stream_name":"stdout","time":16307.212971355,"data":"轮次:·13/·20 || c_Loss:0.354 || e_Loss:-1.354 || Aad_Loss:-41.045 || 耗时：13.85s\n"}
,{"stream_name":"stdout","time":16321.021015185,"data":"轮次:·14/·20 || c_Loss:0.387 || e_Loss:-1.483 || Aad_Loss:-43.022 || 耗时：13.81s\n"}
,{"stream_name":"stdout","time":16334.80060876,"data":"轮次:·15/·20 || c_Loss:0.341 || e_Loss:-1.264 || Aad_Loss:-40.610 || 耗时：13.78s\n"}
,{"stream_name":"stdout","time":16341.477848611,"data":"任务: (B3)N15_M07_F04→(B1)N15_M01_F10; mix批次:····0; 批次:·1410/·1880;  总正确率: 71.45%\n"}
,{"stream_name":"stdout","time":16341.477896563,"data":"类型1 正确率： 100.00% -\u003e 1   99.95%, 2    0.00%, 3    0.05%\n"}
,{"stream_name":"stdout","time":16341.477902509,"data":"类型2 正确率：  14.00% -\u003e 1    2.25%, 2   14.40%, 3   83.35%\n"}
,{"stream_name":"stdout","time":16341.47790643,"data":"类型3 正确率： 100.00% -\u003e 1    0.00%, 2    0.00%, 3  100.00%\n"}
,{"stream_name":"stdout","time":16341.477910283,"data":"\n"}
,{"stream_name":"stdout","time":16341.477913894,"data":"\n"}
,{"stream_name":"stdout","time":16341.528137402,"data":"样本变换：reverse\n"}
,{"stream_name":"stdout","time":16345.088854176,"data":"样本变换：mask\n"}
,{"stream_name":"stdout","time":16348.680371991,"data":"样本变换：shift\n"}
,{"stream_name":"stdout","time":16352.282865299,"data":"样本变换：none\n"}
,{"stream_name":"stderr","time":16358.313217592,"data":"/kaggle/working/k10/S07/sdalr_PU_final_checkpoint/tools.py:413: RuntimeWarning: invalid value encountered in divide\n"}
,{"stream_name":"stderr","time":16358.313271666,"data":"  per_class_acc = conf_matrix.diagonal() / conf_matrix.sum(axis=1) * 100\n"}
,{"stream_name":"stdout","time":16358.313464293,"data":"未过滤\t未用伪标签：71.45% -\u003e 使用伪标签：74.98%\n"}
,{"stream_name":"stdout","time":16358.313483252,"data":"已过滤\t未用伪标签：71.51% -\u003e 使用伪标签：75.05%\n"}
,{"stream_name":"stdout","time":16358.313489311,"data":"排除样本：5|6000\t剩余：2000, 499, 3496\n"}
,{"stream_name":"stdout","time":16358.313494713,"data":"增添样本：4112\t\t细则：1322, 2790, 0\t正确率估算：88.47%\n"}
,{"stream_name":"stdout","time":16358.313500019,"data":"类型1 正确率： 100.00% -\u003e 1  100.00%, 2    0.00%, 3    0.00%\n"}
,{"stream_name":"stdout","time":16358.31350521,"data":"类型2 正确率：  25.00% -\u003e 1    0.00%, 2   25.01%, 3   74.99%\n"}
,{"stream_name":"stdout","time":16358.313510601,"data":"类型3 正确率： 100.00% -\u003e 1    0.00%, 2    0.00%, 3  100.00%\n"}
,{"stream_name":"stdout","time":16358.313515969,"data":"\n"}
,{"stream_name":"stdout","time":16358.313520912,"data":"被排除样本 正确率：0.00%\n"}
,{"stream_name":"stdout","time":16358.313525749,"data":"类型1 正确率：   0.00% -\u003e 1    0.00%, 2  100.00%\n"}
,{"stream_name":"stdout","time":16358.313530709,"data":"类型2 没有样本或未被分类。\n"}
,{"stream_name":"stdout","time":16358.313535661,"data":"\n"}
,{"stream_name":"stdout","time":16358.31354052,"data":"\n"}
,{"stream_name":"stdout","time":16372.024270614,"data":"轮次:·16/·20 || c_Loss:0.479 || e_Loss:-1.116 || Aad_Loss:-33.066 || 耗时：37.22s\n"}
,{"stream_name":"stdout","time":16385.773945969,"data":"轮次:·17/·20 || c_Loss:0.475 || e_Loss:-1.298 || Aad_Loss:-33.312 || 耗时：13.75s\n"}
,{"stream_name":"stdout","time":16399.519001549,"data":"轮次:·18/·20 || c_Loss:0.446 || e_Loss:-1.346 || Aad_Loss:-34.712 || 耗时：13.74s\n"}
,{"stream_name":"stdout","time":16413.289301046,"data":"轮次:·19/·20 || c_Loss:0.472 || e_Loss:-1.362 || Aad_Loss:-39.838 || 耗时：13.77s\n"}
,{"stream_name":"stdout","time":16427.136963904,"data":"轮次:·20/·20 || c_Loss:0.434 || e_Loss:-0.626 || Aad_Loss:-36.998 || 耗时：13.85s\n"}
,{"stream_name":"stdout","time":16433.782385485,"data":"任务: (B3)N15_M07_F04→(B1)N15_M01_F10; mix批次:····0; 批次:·1880/·1880;  总正确率: 75.70%\n"}
,{"stream_name":"stdout","time":16433.782432422,"data":"类型1 正确率： 100.00% -\u003e 1  100.00%, 2    0.00%, 3    0.00%\n"}
,{"stream_name":"stdout","time":16433.782439948,"data":"类型2 正确率：  27.00% -\u003e 1    0.00%, 2   27.10%, 3   72.90%\n"}
,{"stream_name":"stdout","time":16433.782449597,"data":"类型3 正确率： 100.00% -\u003e 1    0.00%, 2    0.00%, 3  100.00%\n"}
,{"stream_name":"stdout","time":16433.782453582,"data":"\n"}
,{"stream_name":"stdout","time":16433.782457065,"data":"\n"}
,{"stream_name":"stdout","time":16440.41001937,"data":"测试集任务: (B3)N15_M07_F04→(B1)N15_M01_F10; 总正确率 = 75.70%\n"}
,{"stream_name":"stdout","time":16440.410075388,"data":"类型1 正确率： 100.00% -\u003e 1  100.00%, 2    0.00%, 3    0.00%\n"}
,{"stream_name":"stdout","time":16440.410084215,"data":"类型2 正确率：  27.00% -\u003e 1    0.00%, 2   27.10%, 3   72.90%\n"}
,{"stream_name":"stdout","time":16440.41009046,"data":"类型3 正确率： 100.00% -\u003e 1    0.00%, 2    0.00%, 3  100.00%\n"}
,{"stream_name":"stdout","time":16440.410096741,"data":"\n"}
,{"stream_name":"stdout","time":16440.41010262,"data":"\n"}
,{"stream_name":"stdout","time":16440.438239023,"data":"[tar_adaptation_RES_PU.py --folder_root /kaggle/working/k10/S07/sdalr_PU_final_checkpoint/DATA_foldS07c --seed 2024 --class_num 3 --data_name PU_M1_L3 --output /kaggle/working/k10/S07/weight_PU_M1_final_checkpoint_FS07toS07c_gatepcv_s2024 --s 2 --t 0 --lr 0.0005 --threshold 0.4 --K 0.6] 321s\n"}
,{"stream_name":"stdout","time":16440.480960293,"data":"读取源域路径：/kaggle/working/k10/S07/weight_PU_M1_final_checkpoint_FS07toS07c_gatepcv_s2024/NEW_PU/Source-源域/log\u0026pt/(B3)N15_M07_F04\n"}
,{"stream_name":"stdout","time":16440.480999631,"data":"excel输出位置：/kaggle/working/k10/S07/weight_PU_M1_final_checkpoint_FS07toS07c_gatepcv_s2024/NEW_PU/Target-目标域\n"}
,{"stream_name":"stdout","time":16440.481009979,"data":"特征图片输出位置：/kaggle/working/k10/S07/weight_PU_M1_final_checkpoint_FS07toS07c_gatepcv_s2024/NEW_PU/Picture-特征图/2026年09月19日07时39分/(B3)N15_M07_F04\n"}
,{"stream_name":"stderr","time":16440.520352987,"data":"/usr/local/lib/python3.12/dist-packages/torch/nn/utils/weight_norm.py:144: FutureWarning: `torch.nn.utils.weight_norm` is deprecated in favor of `torch.nn.utils.parametrizations.weight_norm`.\n"}
,{"stream_name":"stderr","time":16440.520416406,"data":"  WeightNorm.apply(module, name, dim)\n"}
,{"stream_name":"stdout","time":16440.565387189,"data":"现在选取:(B3)N15_M07_F04 进行训练的源模型\n"}
,{"stream_name":"stdout","time":16440.565429093,"data":"现在进行：(B3)N15_M07_F04→(B2)N15_M07_F10 的迁移任务\n"}
,{"stream_name":"stdout","time":16440.565433645,"data":"log\u0026pt输出位置：/kaggle/working/k10/S07/weight_PU_M1_final_checkpoint_FS07toS07c_gatepcv_s2024/NEW_PU/Target-目标域/log\u0026pt/(B3)N15_M07_F04→(B2)N15_M07_F10\n"}
,{"stream_name":"stderr","time":16440.566950345,"data":"sh: 1: Syntax error: word unexpected (expecting \")\")\n"}
,{"stream_name":"stdout","time":16452.905028265,"data":"任务: (B3)N15_M07_F04→(B2)N15_M07_F10; 批次:····0/·1880;  总正确率: 51.70%\n"}
,{"stream_name":"stdout","time":16452.905090826,"data":"类型1 正确率：  80.00% -\u003e 1   79.65%, 2    1.10%, 3   19.25%\n"}
,{"stream_name":"stdout","time":16452.90509963,"data":"类型2 正确率：  75.00% -\u003e 1    0.00%, 2   75.20%, 3   24.80%\n"}
,{"stream_name":"stdout","time":16452.905105341,"data":"类型3 正确率：   0.00% -\u003e 1    0.00%, 2   99.75%, 3    0.25%\n"}
,{"stream_name":"stdout","time":16452.905110817,"data":"\n"}
,{"stream_name":"stdout","time":16452.905115809,"data":"\n"}
,{"stream_name":"stdout","time":16452.905979398,"data":"样本变换：reverse\n"}
,{"stream_name":"stdout","time":16456.451830284,"data":"样本变换：mask\n"}
,{"stream_name":"stdout","time":16460.040815069,"data":"样本变换：shift\n"}
,{"stream_name":"stdout","time":16463.690836547,"data":"样本变换：none\n"}
,{"stream_name":"stdout","time":16469.984698899,"data":"未过滤\t未用伪标签：51.70% -\u003e 使用伪标签：53.08%\n"}
,{"stream_name":"stdout","time":16469.984808263,"data":"已过滤\t未用伪标签：51.89% -\u003e 使用伪标签：54.33%\n"}
,{"stream_name":"stdout","time":16469.984819831,"data":"排除样本：138|6000\t剩余：1550, 3633, 679\n"}
,{"stream_name":"stdout","time":16469.984826752,"data":"增添样本：5188\t\t细则：2083, 0, 3105\t正确率估算：97.88%\n"}
,{"stream_name":"stdout","time":16469.98483259,"data":"类型1 正确率：  80.00% -\u003e 1   80.31%, 2    0.00%, 3   19.69%\n"}
,{"stream_name":"stdout","time":16469.984838328,"data":"类型2 正确率：  85.00% -\u003e 1    0.00%, 2   84.54%, 3   15.46%\n"}
,{"stream_name":"stdout","time":16469.984843669,"data":"类型3 正确率：   0.00% -\u003e 1    0.00%, 2  100.00%, 3    0.00%\n"}
,{"stream_name":"stdout","time":16469.984851343,"data":"\n"}
,{"stream_name":"stdout","time":16469.984862906,"data":"被排除样本 正确率：43.48%\n"}
,{"stream_name":"stdout","time":16469.984867233,"data":"类型1 正确率：  73.00% -\u003e 1   72.86%, 2    0.00%, 3   27.14%\n"}
,{"stream_name":"stdout","time":16469.984901935,"data":"类型2 正确率：  11.00% -\u003e 1    0.00%, 2   10.61%, 3   89.39%\n"}
,{"stream_name":"stdout","time":16469.98490738,"data":"类型3 正确率： 100.00% -\u003e 1    0.00%, 2    0.00%, 3  100.00%\n"}
,{"stream_name":"stdout","time":16469.984912492,"data":"\n"}
,{"stream_name":"stdout","time":16469.984916955,"data":"\n"}
,{"stream_name":"stdout","time":16484.064623665,"data":"轮次:··1/·20 || c_Loss:0.431 || e_Loss:-1.386 || Aad_Loss:-31.852 || 耗时：37.59s\n"}
,{"stream_name":"stdout","time":16497.91889622,"data":"轮次:··2/·20 || c_Loss:0.381 || e_Loss:-1.380 || Aad_Loss:-29.611 || 耗时：13.85s\n"}
,{"stream_name":"stdout","time":16511.63380808,"data":"轮次:··3/·20 || c_Loss:0.424 || e_Loss:-1.500 || Aad_Loss:-34.709 || 耗时：13.71s\n"}
,{"stream_name":"stdout","time":16525.44476819,"data":"轮次:··4/·20 || c_Loss:0.442 || e_Loss:-1.308 || Aad_Loss:-32.051 || 耗时：13.81s\n"}
,{"stream_name":"stdout","time":16539.222681279,"data":"轮次:··5/·20 || c_Loss:0.409 || e_Loss:-1.389 || Aad_Loss:-36.418 || 耗时：13.78s\n"}
,{"stream_name":"stdout","time":16545.943125549,"data":"任务: (B3)N15_M07_F04→(B2)N15_M07_F10; mix批次:····0; 批次:··470/·1880;  总正确率: 56.02%\n"}
,{"stream_name":"stdout","time":16545.943191291,"data":"类型1 正确率：  78.00% -\u003e 1   78.25%, 2    0.00%, 3   21.75%\n"}
,{"stream_name":"stdout","time":16545.943201627,"data":"类型2 正确率：  90.00% -\u003e 1    0.00%, 2   89.80%, 3   10.20%\n"}
,{"stream_name":"stdout","time":16545.94320855,"data":"类型3 正确率：   0.00% -\u003e 1    0.00%, 2  100.00%, 3    0.00%\n"}
,{"stream_name":"stdout","time":16545.94321515,"data":"\n"}
,{"stream_name":"stdout","time":16545.943220324,"data":"\n"}
,{"stream_name":"stdout","time":16545.981583403,"data":"样本变换：reverse\n"}
,{"stream_name":"stdout","time":16549.591851209,"data":"样本变换：mask\n"}
,{"stream_name":"stdout","time":16553.212808753,"data":"样本变换：shift\n"}
,{"stream_name":"stdout","time":16556.801831696,"data":"样本变换：none\n"}
,{"stream_name":"stderr","time":16561.990061187,"data":"/usr/local/lib/python3.12/dist-packages/numpy/_core/fromnumeric.py:3596: RuntimeWarning: Mean of empty slice.\n"}
,{"stream_name":"stderr","time":16561.990114054,"data":"  return _methods._mean(a, axis=axis, dtype=dtype,\n"}
,{"stream_name":"stderr","time":16561.990120289,"data":"/usr/local/lib/python3.12/dist-packages/numpy/_core/_methods.py:138: RuntimeWarning: invalid value encountered in scalar divide\n"}
,{"stream_name":"stderr","time":16561.990124489,"data":"  ret = ret.dtype.type(ret / rcount)\n"}
,{"stream_name":"stderr","time":16561.991224568,"data":"/kaggle/working/k10/S07/sdalr_PU_final_checkpoint/tools.py:414: RuntimeWarning: Mean of empty slice.\n"}
,{"stream_name":"stderr","time":16561.991259099,"data":"  overall_acc = round(per_class_acc.mean(), 2)\n"}
,{"stream_name":"stderr","time":16561.991266249,"data":"/usr/local/lib/python3.12/dist-packages/numpy/_core/_methods.py:138: RuntimeWarning: invalid value encountered in scalar divide\n"}
,{"stream_name":"stderr","time":16561.991273973,"data":"  ret = ret.dtype.type(ret / rcount)\n"}
,{"stream_name":"stdout","time":16561.991432345,"data":"未过滤\t未用伪标签：56.02% -\u003e 使用伪标签：33.33%\n"}
,{"stream_name":"stdout","time":16561.991446161,"data":"已过滤\t未用伪标签：56.02% -\u003e 使用伪标签：33.33%\n"}
,{"stream_name":"stdout","time":16561.9914518,"data":"排除样本：6000|6000\t剩余：\n"}
,{"stream_name":"stdout","time":16561.991457199,"data":"增添样本：0\t\t细则：0类型1 正确率：   0.00% -\u003e 1    0.00%, 2    0.00%, 3  100.00%\n"}
,{"stream_name":"stdout","time":16561.991505052,"data":"类型2 正确率：   0.00% -\u003e 1    0.00%, 2    0.00%, 3  100.00%\n"}
,{"stream_name":"stdout","time":16561.991510586,"data":"类型3 正确率： 100.00% -\u003e 1    0.00%, 2    0.00%, 3  100.00%\n"}
,{"stream_name":"stdout","time":16561.991515632,"data":"\n"}
,{"stream_name":"stdout","time":16561.991519386,"data":"被排除样本 正确率：nan%\n"}
,{"stream_name":"stdout","time":16561.991523296,"data":"\n"}
,{"stream_name":"stdout","time":16561.991526881,"data":"\n"}
,{"stream_name":"stdout","time":16575.742166502,"data":"轮次:··6/·20 || c_Loss:1.105 || e_Loss:-1.166 || Aad_Loss:0.350 || 耗时：36.52s\n"}
,{"stream_name":"stdout","time":16589.597096757,"data":"轮次:··7/·20 || c_Loss:1.019 || e_Loss:-1.173 || Aad_Loss:0.783 || 耗时：13.85s\n"}
,{"stream_name":"stdout","time":16603.46516364,"data":"轮次:··8/·20 || c_Loss:0.918 || e_Loss:-1.140 || Aad_Loss:-3.851 || 耗时：13.87s\n"}
,{"stream_name":"stdout","time":16617.329051963,"data":"轮次:··9/·20 || c_Loss:0.839 || e_Loss:-0.952 || Aad_Loss:-8.691 || 耗时：13.86s\n"}
,{"stream_name":"stdout","time":16631.191720118,"data":"轮次:·10/·20 || c_Loss:0.784 || e_Loss:-1.115 || Aad_Loss:-8.244 || 耗时：13.86s\n"}
,{"stream_name":"stdout","time":16637.886130292,"data":"任务: (B3)N15_M07_F04→(B2)N15_M07_F10; mix批次:····0; 批次:··940/·1880;  总正确率: 37.60%\n"}
,{"stream_name":"stdout","time":16637.886193973,"data":"类型1 正确率：   0.00% -\u003e 1    0.00%, 2    0.80%, 3   99.20%\n"}
,{"stream_name":"stdout","time":16637.886202948,"data":"类型2 正确率：  16.00% -\u003e 1    0.95%, 2   16.40%, 3   82.65%\n"}
,{"stream_name":"stdout","time":16637.886208596,"data":"类型3 正确率：  96.00% -\u003e 1    0.00%, 2    3.60%, 3   96.40%\n"}
,{"stream_name":"stdout","time":16637.886214074,"data":"\n"}
,{"stream_name":"stdout","time":16637.886218996,"data":"\n"}
,{"stream_name":"stdout","time":16637.939873525,"data":"样本变换：reverse\n"}
,{"stream_name":"stdout","time":16641.543995359,"data":"样本变换：mask\n"}
,{"stream_name":"stdout","time":16645.14679659,"data":"样本变换：shift\n"}
,{"stream_name":"stdout","time":16648.761857613,"data":"样本变换：none\n"}
,{"stream_name":"stdout","time":16653.973987885,"data":"未过滤\t未用伪标签：37.60% -\u003e 使用伪标签：1.45%\n"}
,{"stream_name":"stdout","time":16653.97402613,"data":"已过滤\t未用伪标签：14.12% -\u003e 使用伪标签：4.91%\n"}
,{"stream_name":"stdout","time":16653.974033719,"data":"排除样本：4229|6000\t剩余：59, 37, 1675\n"}
,{"stream_name":"stdout","time":16653.974039765,"data":"增添样本：2614\t\t细则：1298, 1316, 0\t正确率估算：26.09%\n"}
,{"stream_name":"stdout","time":16653.974046139,"data":"类型1 正确率：   4.00% -\u003e 1    3.50%, 2    0.00%, 3   96.50%\n"}
,{"stream_name":"stdout","time":16653.974052156,"data":"类型2 正确率：  10.00% -\u003e 1    1.37%, 2   10.11%, 3   88.52%\n"}
,{"stream_name":"stdout","time":16653.974057886,"data":"类型3 正确率：  17.00% -\u003e 1   83.33%, 2    0.00%, 3   16.67%\n"}
,{"stream_name":"stdout","time":16653.974063816,"data":"\n"}
,{"stream_name":"stdout","time":16653.974069728,"data":"被排除样本 正确率：47.43%\n"}
,{"stream_name":"stdout","time":16653.974075647,"data":"类型1 正确率：   0.00% -\u003e 1    0.00%, 2    0.00%, 3  100.00%\n"}
,{"stream_name":"stdout","time":16653.974082171,"data":"类型2 正确率：   5.00% -\u003e 1    0.06%, 2    5.14%, 3   94.80%\n"}
,{"stream_name":"stdout","time":16653.974088061,"data":"类型3 正确率：  96.00% -\u003e 1    0.00%, 2    3.61%, 3   96.39%\n"}
,{"stream_name":"stdout","time":16653.974114012,"data":"\n"}
,{"stream_name":"stdout","time":16653.97411871,"data":"\n"}
,{"stream_name":"stdout","time":16667.708654727,"data":"轮次:·11/·20 || c_Loss:0.310 || e_Loss:-1.084 || Aad_Loss:-13.078 || 耗时：36.52s\n"}
,{"stream_name":"stdout","time":16681.539580818,"data":"轮次:·12/·20 || c_Loss:0.346 || e_Loss:-1.142 || Aad_Loss:-14.015 || 耗时：13.83s\n"}
,{"stream_name":"stdout","time":16695.365415059,"data":"轮次:·13/·20 || c_Loss:0.313 || e_Loss:-1.079 || Aad_Loss:-10.493 || 耗时：13.83s\n"}
,{"stream_name":"stdout","time":16709.209966136,"data":"轮次:·14/·20 || c_Loss:0.461 || e_Loss:-1.218 || Aad_Loss:-12.542 || 耗时：13.84s\n"}
,{"stream_name":"stdout","time":16723.0511406,"data":"轮次:·15/·20 || c_Loss:0.482 || e_Loss:-1.247 || Aad_Loss:-13.439 || 耗时：13.84s\n"}
,{"stream_name":"stdout","time":16729.797066729,"data":"任务: (B3)N15_M07_F04→(B2)N15_M07_F10; mix批次:····0; 批次:·1410/·1880;  总正确率: 23.87%\n"}
,{"stream_name":"stdout","time":16729.797105312,"data":"类型1 正确率：  28.00% -\u003e 1   27.50%, 2    0.00%, 3   72.50%\n"}
,{"stream_name":"stdout","time":16729.797113356,"data":"类型2 正确率：  29.00% -\u003e 1   33.65%, 2   28.65%, 3   37.70%\n"}
,{"stream_name":"stdout","time":16729.797119787,"data":"类型3 正确率：  15.00% -\u003e 1   25.65%, 2   58.90%, 3   15.45%\n"}
,{"stream_name":"stdout","time":16729.797126313,"data":"\n"}
,{"stream_name":"stdout","time":16729.797132213,"data":"\n"}
,{"stream_name":"stdout","time":16729.84782173,"data":"样本变换：reverse\n"}
,{"stream_name":"stdout","time":16733.470859422,"data":"样本变换：mask\n"}
,{"stream_name":"stdout","time":16737.090833379,"data":"样本变换：shift\n"}
,{"stream_name":"stdout","time":16740.73519817,"data":"样本变换：none\n"}
,{"stream_name":"stdout","time":16747.108650247,"data":"未过滤\t未用伪标签：23.87% -\u003e 使用伪标签：32.90%\n"}
,{"stream_name":"stdout","time":16747.10870404,"data":"已过滤\t未用伪标签：23.45% -\u003e 使用伪标签：34.24%\n"}
,{"stream_name":"stdout","time":16747.10870995,"data":"排除样本：235|6000\t剩余：2636, 1649, 1480\n"}
,{"stream_name":"stdout","time":16747.108713944,"data":"增添样本：2204\t\t细则：0, 976, 1228\t正确率估算：73.14%\n"}
,{"stream_name":"stdout","time":16747.10871833,"data":"类型1 正确率：  32.00% -\u003e 1   32.45%, 2    0.00%, 3   67.55%\n"}
,{"stream_name":"stdout","time":16747.108722698,"data":"类型2 正确率：  66.00% -\u003e 1   29.76%, 2   65.91%, 3    4.33%\n"}
,{"stream_name":"stdout","time":16747.108726683,"data":"类型3 正确率：   3.00% -\u003e 1   77.07%, 2   20.25%, 3    2.67%\n"}
,{"stream_name":"stdout","time":16747.108730493,"data":"\n"}
,{"stream_name":"stdout","time":16747.108734012,"data":"被排除样本 正确率：34.04%\n"}
,{"stream_name":"stdout","time":16747.108737754,"data":"类型1 正确率：   0.00% -\u003e 1    0.00%, 2    0.00%, 3  100.00%\n"}
,{"stream_name":"stdout","time":16747.108741405,"data":"类型2 正确率：  38.00% -\u003e 1   29.51%, 2   37.70%, 3   32.79%\n"}
,{"stream_name":"stdout","time":16747.108787084,"data":"类型3 正确率：  34.00% -\u003e 1   11.90%, 2   54.17%, 3   33.93%\n"}
,{"stream_name":"stdout","time":16747.108796162,"data":"\n"}
,{"stream_name":"stdout","time":16747.108801281,"data":"\n"}
,{"stream_name":"stdout","time":16760.842722133,"data":"轮次:·16/·20 || c_Loss:0.705 || e_Loss:-1.310 || Aad_Loss:-24.463 || 耗时：37.79s\n"}
,{"stream_name":"stdout","time":16774.645322378,"data":"轮次:·17/·20 || c_Loss:0.716 || e_Loss:-1.394 || Aad_Loss:-20.916 || 耗时：13.80s\n"}
,{"stream_name":"stdout","time":16788.415453233,"data":"轮次:·18/·20 || c_Loss:0.712 || e_Loss:-1.419 || Aad_Loss:-23.626 || 耗时：13.77s\n"}
,{"stream_name":"stdout","time":16802.336733599,"data":"轮次:·19/·20 || c_Loss:0.683 || e_Loss:-1.396 || Aad_Loss:-23.560 || 耗时：13.92s\n"}
,{"stream_name":"stdout","time":16816.138865662,"data":"轮次:·20/·20 || c_Loss:0.692 || e_Loss:-1.272 || Aad_Loss:-25.071 || 耗时：13.80s\n"}
,{"stream_name":"stdout","time":16822.815187696,"data":"任务: (B3)N15_M07_F04→(B2)N15_M07_F10; mix批次:····0; 批次:·1880/·1880;  总正确率: 24.07%\n"}
,{"stream_name":"stdout","time":16822.815233579,"data":"类型1 正确率：  33.00% -\u003e 1   32.65%, 2    0.00%, 3   67.35%\n"}
,{"stream_name":"stdout","time":16822.815241491,"data":"类型2 正确率：  38.00% -\u003e 1   62.25%, 2   37.55%, 3    0.20%\n"}
,{"stream_name":"stdout","time":16822.815247076,"data":"类型3 正确率：   2.00% -\u003e 1   85.00%, 2   13.00%, 3    2.00%\n"}
,{"stream_name":"stdout","time":16822.815259249,"data":"\n"}
,{"stream_name":"stdout","time":16822.81526318,"data":"\n"}
,{"stream_name":"stdout","time":16829.480051735,"data":"测试集任务: (B3)N15_M07_F04→(B2)N15_M07_F10; 总正确率 = 24.07%\n"}
,{"stream_name":"stdout","time":16829.480097899,"data":"类型1 正确率：  33.00% -\u003e 1   32.65%, 2    0.00%, 3   67.35%\n"}
,{"stream_name":"stdout","time":16829.480103817,"data":"类型2 正确率：  38.00% -\u003e 1   62.25%, 2   37.55%, 3    0.20%\n"}
,{"stream_name":"stdout","time":16829.480107897,"data":"类型3 正确率：   2.00% -\u003e 1   85.00%, 2   13.00%, 3    2.00%\n"}
,{"stream_name":"stdout","time":16829.48011161,"data":"\n"}
,{"stream_name":"stdout","time":16829.48011535,"data":"\n"}
,{"stream_name":"stdout","time":16829.512075545,"data":"[tar_adaptation_RES_PU.py --folder_root /kaggle/working/k10/S07/sdalr_PU_final_checkpoint/DATA_foldS07c --seed 2024 --class_num 3 --data_name PU_M1_L3 --output /kaggle/working/k10/S07/weight_PU_M1_final_checkpoint_FS07toS07c_gatepcv_s2024 --s 2 --t 1 --lr 0.0005 --threshold 0.4 --K 0.6] 389s\n"}
,{"stream_name":"stdout","time":16829.549064307,"data":"{\n"}
,{"stream_name":"stdout","time":16829.54909489,"data":"  \"dataset\": \"PU_M1\",\n"}
,{"stream_name":"stdout","time":16829.549103044,"data":"  \"variant\": \"final_checkpoint\",\n"}
,{"stream_name":"stdout","time":16829.549109681,"data":"  \"seed\": 2024,\n"}
,{"stream_name":"stdout","time":16829.549116104,"data":"  \"smoke\": false,\n"}
,{"stream_name":"stdout","time":16829.5491212,"data":"  \"src_fold\": \"S07\",\n"}
,{"stream_name":"stdout","time":16829.549126319,"data":"  \"tgt_fold\": \"S07c\",\n"}
,{"stream_name":"stdout","time":16829.549131339,"data":"  \"leaky\": false,\n"}
,{"stream_name":"stdout","time":16829.549136117,"data":"  \"hyperparameters\": {\n"}
,{"stream_name":"stdout","time":16829.549143224,"data":"    \"lr\": \"0.0005\",\n"}
,{"stream_name":"stdout","time":16829.549152175,"data":"    \"threshold\": \"0.4\",\n"}
,{"stream_name":"stdout","time":16829.549155724,"data":"    \"K\": \"0.6\"\n"}
,{"stream_name":"stdout","time":16829.549159247,"data":"  },\n"}
,{"stream_name":"stdout","time":16829.549162616,"data":"  \"adapters\": [\n"}
,{"stream_name":"stdout","time":16829.549166069,"data":"    \"npz_io\",\n"}
,{"stream_name":"stdout","time":16829.549169401,"data":"    \"tsne_stub\",\n"}
,{"stream_name":"stdout","time":16829.549172836,"data":"    \"final_checkpoint_patch\"\n"}
,{"stream_name":"stdout","time":16829.549176275,"data":"  ],\n"}
,{"stream_name":"stdout","time":16829.549180525,"data":"  \"source_only\": {},\n"}
,{"stream_name":"stdout","time":16829.549201906,"data":"  \"adapted\": {\n"}
,{"stream_name":"stdout","time":16829.54922219,"data":"    \"A1-\u003eA3\": 58.65,\n"}
,{"stream_name":"stdout","time":16829.549226899,"data":"    \"A1-\u003eA2\": 63.5,\n"}
,{"stream_name":"stdout","time":16829.549230837,"data":"    \"A3-\u003eA1\": 50.88,\n"}
,{"stream_name":"stdout","time":16829.549234788,"data":"    \"A3-\u003eA2\": 40.03,\n"}
,{"stream_name":"stdout","time":16829.54923864,"data":"    \"A2-\u003eA1\": 75.7,\n"}
,{"stream_name":"stdout","time":16829.549242553,"data":"    \"A2-\u003eA3\": 24.07\n"}
,{"stream_name":"stdout","time":16829.549246469,"data":"  },\n"}
,{"stream_name":"stdout","time":16829.549250322,"data":"  \"seconds\": {\n"}
,{"stream_name":"stdout","time":16829.549254087,"data":"    \"A1-\u003eA3\": 390,\n"}
,{"stream_name":"stdout","time":16829.549257936,"data":"    \"A1-\u003eA2\": 391,\n"}
,{"stream_name":"stdout","time":16829.549261774,"data":"    \"A3-\u003eA1\": 391,\n"}
,{"stream_name":"stdout","time":16829.549271395,"data":"    \"A3-\u003eA2\": 389,\n"}
,{"stream_name":"stdout","time":16829.549274739,"data":"    \"A2-\u003eA1\": 321,\n"}
,{"stream_name":"stdout","time":16829.549277334,"data":"    \"A2-\u003eA3\": 389\n"}
,{"stream_name":"stdout","time":16829.549280016,"data":"  },\n"}
,{"stream_name":"stdout","time":16829.549282477,"data":"  \"gate_log\": {\n"}
,{"stream_name":"stdout","time":16829.549285969,"data":"    \"A1-\u003eA3\": [\n"}
,{"stream_name":"stdout","time":16829.549302754,"data":"      {\n"}
,{"stream_name":"stdout","time":16829.54930729,"data":"        \"sdalr_rejected\": 104,\n"}
,{"stream_name":"stdout","time":16829.549311882,"data":"        \"hook_rejected\": 228,\n"}
,{"stream_name":"stdout","time":16829.549316625,"data":"        \"precision_before\": 0.6058344640434192,\n"}
,{"stream_name":"stdout","time":16829.549320967,"data":"        \"precision_after\": 0.6302046577275935,\n"}
,{"stream_name":"stdout","time":16829.54932477,"data":"        \"n\": 6000\n"}
,{"stream_name":"stdout","time":16829.549328573,"data":"      },\n"}
,{"stream_name":"stdout","time":16829.549332314,"data":"      {\n"}
,{"stream_name":"stdout","time":16829.549335903,"data":"        \"sdalr_rejected\": 0,\n"}
,{"stream_name":"stdout","time":16829.549356582,"data":"        \"hook_rejected\": 660,\n"}
,{"stream_name":"stdout","time":16829.549360437,"data":"        \"precision_before\": 0.3333333333333333,\n"}
,{"stream_name":"stdout","time":16829.549364351,"data":"        \"precision_after\": 0.37453183520599254,\n"}
,{"stream_name":"stdout","time":16829.549368382,"data":"        \"n\": 6000\n"}
,{"stream_name":"stdout","time":16829.549371993,"data":"      },\n"}
,{"stream_name":"stdout","time":16829.549377605,"data":"      {\n"}
,{"stream_name":"stdout","time":16829.549385055,"data":"        \"sdalr_rejected\": 11,\n"}
,{"stream_name":"stdout","time":16829.549401727,"data":"        \"hook_rejected\": 28,\n"}
,{"stream_name":"stdout","time":16829.549406486,"data":"        \"precision_before\": 0.3274336283185841,\n"}
,{"stream_name":"stdout","time":16829.5494114,"data":"        \"precision_after\": 0.32897164905217247,\n"}
,{"stream_name":"stdout","time":16829.549415915,"data":"        \"n\": 6000\n"}
,{"stream_name":"stdout","time":16829.549420457,"data":"      },\n"}
,{"stream_name":"stdout","time":16829.549424092,"data":"      {\n"}
,{"stream_name":"stdout","time":16829.549427733,"data":"        \"sdalr_rejected\": 0,\n"}
,{"stream_name":"stdout","time":16829.549431572,"data":"        \"hook_rejected\": 660,\n"}
,{"stream_name":"stdout","time":16829.549435353,"data":"        \"precision_before\": 0.3333333333333333,\n"}
,{"stream_name":"stdout","time":16829.549439224,"data":"        \"precision_after\": 0.37453183520599254,\n"}
,{"stream_name":"stdout","time":16829.549448482,"data":"        \"n\": 6000\n"}
,{"stream_name":"stdout","time":16829.54945229,"data":"      }\n"}
,{"stream_name":"stdout","time":16829.549455997,"data":"    ],\n"}
,{"stream_name":"stdout","time":16829.549459817,"data":"    \"A1-\u003eA2\": [\n"}
,{"stream_name":"stdout","time":16829.549463972,"data":"      {\n"}
,{"stream_name":"stdout","time":16829.54946766,"data":"        \"sdalr_rejected\": 48,\n"}
,{"stream_name":"stdout","time":16829.549471477,"data":"        \"hook_rejected\": 99,\n"}
,{"stream_name":"stdout","time":16829.549477166,"data":"        \"precision_before\": 0.6334005376344086,\n"}
,{"stream_name":"stdout","time":16829.549484928,"data":"        \"precision_after\": 0.6441141295062361,\n"}
,{"stream_name":"stdout","time":16829.549501646,"data":"        \"n\": 6000\n"}
,{"stream_name":"stdout","time":16829.549506221,"data":"      },\n"}
,{"stream_name":"stdout","time":16829.549510481,"data":"      {\n"}
,{"stream_name":"stdout","time":16829.54951499,"data":"        \"sdalr_rejected\": 22,\n"}
,{"stream_name":"stdout","time":16829.549519597,"data":"        \"hook_rejected\": 114,\n"}
,{"stream_name":"stdout","time":16829.549523507,"data":"        \"precision_before\": 0.6237872198059552,\n"}
,{"stream_name":"stdout","time":16829.549527349,"data":"        \"precision_after\": 0.6359140518417462,\n"}
,{"stream_name":"stdout","time":16829.549531265,"data":"        \"n\": 6000\n"}
,{"stream_name":"stdout","time":16829.549535027,"data":"      },\n"}
,{"stream_name":"stdout","time":16829.549538633,"data":"      {\n"}
,{"stream_name":"stdout","time":16829.549542217,"data":"        \"sdalr_rejected\": 8,\n"}
,{"stream_name":"stdout","time":16829.549546161,"data":"        \"hook_rejected\": 115,\n"}
,{"stream_name":"stdout","time":16829.549550038,"data":"        \"precision_before\": 0.6224966622162884,\n"}
,{"stream_name":"stdout","time":16829.549553945,"data":"        \"precision_after\": 0.6346775565764846,\n"}
,{"stream_name":"stdout","time":16829.549557846,"data":"        \"n\": 6000\n"}
,{"stream_name":"stdout","time":16829.549561639,"data":"      },\n"}
,{"stream_name":"stdout","time":16829.549565252,"data":"      {\n"}
,{"stream_name":"stdout","time":16829.54956884,"data":"        \"sdalr_rejected\": 4,\n"}
,{"stream_name":"stdout","time":16829.549576505,"data":"        \"hook_rejected\": 116,\n"}
,{"stream_name":"stdout","time":16829.549583607,"data":"        \"precision_before\": 0.6232488325550367,\n"}
,{"stream_name":"stdout","time":16829.549606382,"data":"        \"precision_after\": 0.6355442176870748,\n"}
,{"stream_name":"stdout","time":16829.549611281,"data":"        \"n\": 6000\n"}
,{"stream_name":"stdout","time":16829.549615493,"data":"      }\n"}
,{"stream_name":"stdout","time":16829.549620133,"data":"    ],\n"}
,{"stream_name":"stdout","time":16829.54962397,"data":"    \"A3-\u003eA1\": [\n"}
,{"stream_name":"stdout","time":16829.549627796,"data":"      {\n"}
,{"stream_name":"stdout","time":16829.549631423,"data":"        \"sdalr_rejected\": 114,\n"}
,{"stream_name":"stdout","time":16829.549635217,"data":"        \"hook_rejected\": 542,\n"}
,{"stream_name":"stdout","time":16829.549639047,"data":"        \"precision_before\": 0.4138634046890928,\n"}
,{"stream_name":"stdout","time":16829.549642977,"data":"        \"precision_after\": 0.4509730538922156,\n"}
,{"stream_name":"stdout","time":16829.549646837,"data":"        \"n\": 6000\n"}
,{"stream_name":"stdout","time":16829.549650608,"data":"      },\n"}
,{"stream_name":"stdout","time":16829.549654289,"data":"      {\n"}
,{"stream_name":"stdout","time":16829.54966246,"data":"        \"sdalr_rejected\": 55,\n"}
,{"stream_name":"stdout","time":16829.5496664,"data":"        \"hook_rejected\": 335,\n"}
,{"stream_name":"stdout","time":16829.549670269,"data":"        \"precision_before\": 0.4541631623212784,\n"}
,{"stream_name":"stdout","time":16829.549692356,"data":"        \"precision_after\": 0.4754010695187166,\n"}
,{"stream_name":"stdout","time":16829.549697185,"data":"        \"n\": 6000\n"}
,{"stream_name":"stdout","time":16829.549701836,"data":"      },\n"}
,{"stream_name":"stdout","time":16829.549706467,"data":"      {\n"}
,{"stream_name":"stdout","time":16829.54971071,"data":"        \"sdalr_rejected\": 47,\n"}
,{"stream_name":"stdout","time":16829.549714635,"data":"        \"hook_rejected\": 117,\n"}
,{"stream_name":"stdout","time":16829.549718524,"data":"        \"precision_before\": 0.49588442801948596,\n"}
,{"stream_name":"stdout","time":16829.549722523,"data":"        \"precision_after\": 0.5001713502398903,\n"}
,{"stream_name":"stdout","time":16829.549726529,"data":"        \"n\": 6000\n"}
,{"stream_name":"stdout","time":16829.549730413,"data":"      },\n"}
,{"stream_name":"stdout","time":16829.549734206,"data":"      {\n"}
,{"stream_name":"stdout","time":16829.549737936,"data":"        \"sdalr_rejected\": 35,\n"}
,{"stream_name":"stdout","time":16829.549741875,"data":"        \"hook_rejected\": 58,\n"}
,{"stream_name":"stdout","time":16829.549745832,"data":"        \"precision_before\": 0.507292539815591,\n"}
,{"stream_name":"stdout","time":16829.54975054,"data":"        \"precision_after\": 0.5066869815473167,\n"}
,{"stream_name":"stdout","time":16829.54975502,"data":"        \"n\": 6000\n"}
,{"stream_name":"stdout","time":16829.549759761,"data":"      }\n"}
,{"stream_name":"stdout","time":16829.549797025,"data":"    ],\n"}
,{"stream_name":"stdout","time":16829.549803712,"data":"    \"A3-\u003eA2\": [\n"}
,{"stream_name":"stdout","time":16829.549807687,"data":"      {\n"}
,{"stream_name":"stdout","time":16829.54981126,"data":"        \"sdalr_rejected\": 123,\n"}
,{"stream_name":"stdout","time":16829.54981506,"data":"        \"hook_rejected\": 115,\n"}
,{"stream_name":"stdout","time":16829.549818861,"data":"        \"precision_before\": 0.48732346435256085,\n"}
,{"stream_name":"stdout","time":16829.54982277,"data":"        \"precision_after\": 0.4970496355432142,\n"}
,{"stream_name":"stdout","time":16829.549826786,"data":"        \"n\": 6000\n"}
,{"stream_name":"stdout","time":16829.549832459,"data":"      },\n"}
,{"stream_name":"stdout","time":16829.54983945,"data":"      {\n"}
,{"stream_name":"stdout","time":16829.549857908,"data":"        \"sdalr_rejected\": 73,\n"}
,{"stream_name":"stdout","time":16829.549862428,"data":"        \"hook_rejected\": 129,\n"}
,{"stream_name":"stdout","time":16829.549867195,"data":"        \"precision_before\": 0.43698329677745906,\n"}
,{"stream_name":"stdout","time":16829.54987183,"data":"        \"precision_after\": 0.4467057606071059,\n"}
,{"stream_name":"stdout","time":16829.549876541,"data":"        \"n\": 6000\n"}
,{"stream_name":"stdout","time":16829.549880375,"data":"      },\n"}
,{"stream_name":"stdout","time":16829.549884072,"data":"      {\n"}
,{"stream_name":"stdout","time":16829.549887752,"data":"        \"sdalr_rejected\": 52,\n"}
,{"stream_name":"stdout","time":16829.549891618,"data":"        \"hook_rejected\": 130,\n"}
,{"stream_name":"stdout","time":16829.549895446,"data":"        \"precision_before\": 0.4150975117686617,\n"}
,{"stream_name":"stdout","time":16829.549899335,"data":"        \"precision_after\": 0.42437263664489516,\n"}
,{"stream_name":"stdout","time":16829.549903146,"data":"        \"n\": 6000\n"}
,{"stream_name":"stdout","time":16829.549911109,"data":"      },\n"}
,{"stream_name":"stdout","time":16829.549914818,"data":"      {\n"}
,{"stream_name":"stdout","time":16829.549918408,"data":"        \"sdalr_rejected\": 33,\n"}
,{"stream_name":"stdout","time":16829.549922213,"data":"        \"hook_rejected\": 127,\n"}
,{"stream_name":"stdout","time":16829.549926068,"data":"        \"precision_before\": 0.39634657281716107,\n"}
,{"stream_name":"stdout","time":16829.549930016,"data":"        \"precision_after\": 0.4049657534246575,\n"}
,{"stream_name":"stdout","time":16829.549939698,"data":"        \"n\": 6000\n"}
,{"stream_name":"stdout","time":16829.549955693,"data":"      }\n"}
,{"stream_name":"stdout","time":16829.549960271,"data":"    ],\n"}
,{"stream_name":"stdout","time":16829.549964623,"data":"    \"A2-\u003eA1\": [\n"}
,{"stream_name":"stdout","time":16829.549969185,"data":"      {\n"}
,{"stream_name":"stdout","time":16829.549973626,"data":"        \"sdalr_rejected\": 109,\n"}
,{"stream_name":"stdout","time":16829.549977859,"data":"        \"hook_rejected\": 471,\n"}
,{"stream_name":"stdout","time":16829.549981671,"data":"        \"precision_before\": 0.5255474452554745,\n"}
,{"stream_name":"stdout","time":16829.549985593,"data":"        \"precision_after\": 0.5682656826568265,\n"}
,{"stream_name":"stdout","time":16829.549989424,"data":"        \"n\": 6000\n"}
,{"stream_name":"stdout","time":16829.549993174,"data":"      },\n"}
,{"stream_name":"stdout","time":16829.549996842,"data":"      {\n"}
,{"stream_name":"stdout","time":16829.550000432,"data":"        \"sdalr_rejected\": 5541,\n"}
,{"stream_name":"stdout","time":16829.550004243,"data":"        \"hook_rejected\": 447,\n"}
,{"stream_name":"stdout","time":16829.550008053,"data":"        \"precision_before\": 0.0,\n"}
,{"stream_name":"stdout","time":16829.550012845,"data":"        \"precision_after\": 0.0,\n"}
,{"stream_name":"stdout","time":16829.550016693,"data":"        \"n\": 6000\n"}
,{"stream_name":"stdout","time":16829.550020431,"data":"      },\n"}
,{"stream_name":"stdout","time":16829.55002416,"data":"      {\n"}
,{"stream_name":"stdout","time":16829.55002783,"data":"        \"sdalr_rejected\": 15,\n"}
,{"stream_name":"stdout","time":16829.550033776,"data":"        \"hook_rejected\": 742,\n"}
,{"stream_name":"stdout","time":16829.550041293,"data":"        \"precision_before\": 0.6631578947368421,\n"}
,{"stream_name":"stdout","time":16829.550057685,"data":"        \"precision_after\": 0.7413694449742514,\n"}
,{"stream_name":"stdout","time":16829.550062591,"data":"        \"n\": 6000\n"}
,{"stream_name":"stdout","time":16829.550067284,"data":"      },\n"}
,{"stream_name":"stdout","time":16829.550071682,"data":"      {\n"}
,{"stream_name":"stdout","time":16829.550076061,"data":"        \"sdalr_rejected\": 5,\n"}
,{"stream_name":"stdout","time":16829.550079908,"data":"        \"hook_rejected\": 240,\n"}
,{"stream_name":"stdout","time":16829.550083784,"data":"        \"precision_before\": 0.7504587155963303,\n"}
,{"stream_name":"stdout","time":16829.55008767,"data":"        \"precision_after\": 0.7673327541268462,\n"}
,{"stream_name":"stdout","time":16829.550091508,"data":"        \"n\": 6000\n"}
,{"stream_name":"stdout","time":16829.550095289,"data":"      }\n"}
,{"stream_name":"stdout","time":16829.550098922,"data":"    ],\n"}
,{"stream_name":"stdout","time":16829.550102581,"data":"    \"A2-\u003eA3\": [\n"}
,{"stream_name":"stdout","time":16829.550106458,"data":"      {\n"}
,{"stream_name":"stdout","time":16829.550110152,"data":"        \"sdalr_rejected\": 138,\n"}
,{"stream_name":"stdout","time":16829.550118216,"data":"        \"hook_rejected\": 151,\n"}
,{"stream_name":"stdout","time":16829.550122134,"data":"        \"precision_before\": 0.5433299215284886,\n"}
,{"stream_name":"stdout","time":16829.550131351,"data":"        \"precision_after\": 0.5576956750131326,\n"}
,{"stream_name":"stdout","time":16829.550139623,"data":"        \"n\": 6000\n"}
,{"stream_name":"stdout","time":16829.550156421,"data":"      },\n"}
,{"stream_name":"stdout","time":16829.550160963,"data":"      {\n"}
,{"stream_name":"stdout","time":16829.550169409,"data":"        \"sdalr_rejected\": 0,\n"}
,{"stream_name":"stdout","time":16829.550174171,"data":"        \"hook_rejected\": 660,\n"}
,{"stream_name":"stdout","time":16829.550178185,"data":"        \"precision_before\": 0.3333333333333333,\n"}
,{"stream_name":"stdout","time":16829.550182125,"data":"        \"precision_after\": 0.37453183520599254,\n"}
,{"stream_name":"stdout","time":16829.550186079,"data":"        \"n\": 6000\n"}
,{"stream_name":"stdout","time":16829.55018983,"data":"      },\n"}
,{"stream_name":"stdout","time":16829.550193518,"data":"      {\n"}
,{"stream_name":"stdout","time":16829.550197153,"data":"        \"sdalr_rejected\": 4229,\n"}
,{"stream_name":"stdout","time":16829.550200956,"data":"        \"hook_rejected\": 326,\n"}
,{"stream_name":"stdout","time":16829.550204791,"data":"        \"precision_before\": 0.04912478825522304,\n"}
,{"stream_name":"stdout","time":16829.550208683,"data":"        \"precision_after\": 0.060207612456747404,\n"}
,{"stream_name":"stdout","time":16829.550212538,"data":"        \"n\": 6000\n"}
,{"stream_name":"stdout","time":16829.550216203,"data":"      },\n"}
,{"stream_name":"stdout","time":16829.55022365,"data":"      {\n"}
,{"stream_name":"stdout","time":16829.550227397,"data":"        \"sdalr_rejected\": 235,\n"}
,{"stream_name":"stdout","time":16829.550236729,"data":"        \"hook_rejected\": 94,\n"}
,{"stream_name":"stdout","time":16829.550240471,"data":"        \"precision_before\": 0.34241110147441456,\n"}
,{"stream_name":"stdout","time":16829.550274714,"data":"        \"precision_after\": 0.34808675718568155,\n"}
,{"stream_name":"stdout","time":16829.550279948,"data":"        \"n\": 6000\n"}
,{"stream_name":"stdout","time":16829.550284828,"data":"      }\n"}
,{"stream_name":"stdout","time":16829.55028936,"data":"    ]\n"}
,{"stream_name":"stdout","time":16829.55029383,"data":"  },\n"}
,{"stream_name":"stdout","time":16829.550297648,"data":"  \"gate\": \"pcv\"\n"}
,{"stream_name":"stdout","time":16829.550301708,"data":"}\n"}
,{"stream_name":"stdout","time":16830.948620662,"data":"RUN /usr/bin/python3 -u /kaggle/input/datasets/rhrhrhrhrh/physgate-m0-code/sdalr_runner.py --sdalr /kaggle/input/datasets/rhrhrhrhrh/physgate-m0-code --m0 /kaggle/input/datasets/rhrhrhrhrh/physgate-k10-g3 --dataset PU_M1 --src-fold S07 --tgt-fold S07c --variant final_checkpoint --work /kaggle/working/k10/S07 --seed 2024 --gate oracle --gate-verdicts /kaggle/input/datasets/rhrhrhrhrh/physgate-m0-code/gate_verdicts.json --skip-pretrain\n"}
,{"stream_name":"stdout","time":16837.304276845,"data":"读取源域路径：/kaggle/working/k10/S07/weight_PU_M1_final_checkpoint_FS07toS07c_gateoracle_s2024/NEW_PU/Source-源域/log\u0026pt/(B1)N15_M01_F10\n"}
,{"stream_name":"stdout","time":16837.304321406,"data":"excel输出位置：/kaggle/working/k10/S07/weight_PU_M1_final_checkpoint_FS07toS07c_gateoracle_s2024/NEW_PU/Target-目标域\n"}
,{"stream_name":"stdout","time":16837.304715442,"data":"特征图片输出位置：/kaggle/working/k10/S07/weight_PU_M1_final_checkpoint_FS07toS07c_gateoracle_s2024/NEW_PU/Picture-特征图/2026年09月19日07时45分/(B1)N15_M01_F10\n"}
,{"stream_name":"stderr","time":16837.67173361,"data":"/usr/local/lib/python3.12/dist-packages/torch/nn/utils/weight_norm.py:144: FutureWarning: `torch.nn.utils.weight_norm` is deprecated in favor of `torch.nn.utils.parametrizations.weight_norm`.\n"}
,{"stream_name":"stderr","time":16837.671811821,"data":"  WeightNorm.apply(module, name, dim)\n"}
,{"stream_name":"stdout","time":16837.720601287,"data":"现在选取:(B1)N15_M01_F10 进行训练的源模型\n"}
,{"stream_name":"stdout","time":16837.720663233,"data":"现在进行：(B1)N15_M01_F10→(B2)N15_M07_F10 的迁移任务\n"}
,{"stream_name":"stdout","time":16837.720671278,"data":"log\u0026pt输出位置：/kaggle/working/k10/S07/weight_PU_M1_final_checkpoint_FS07toS07c_gateoracle_s2024/NEW_PU/Target-目标域/log\u0026pt/(B1)N15_M01_F10→(B2)N15_M07_F10\n"}
,{"stream_name":"stderr","time":16837.722155652,"data":"sh: 1: Syntax error: word unexpected (expecting \")\")\n"}
,{"stream_name":"stdout","time":16850.235679704,"data":"任务: (B1)N15_M01_F10→(B2)N15_M07_F10; 批次:····0/·1880;  总正确率: 61.28%\n"}
,{"stream_name":"stdout","time":16850.235722161,"data":"类型1 正确率：  90.00% -\u003e 1   90.50%, 2    6.45%, 3    3.05%\n"}
,{"stream_name":"stdout","time":16850.235730393,"data":"类型2 正确率：  93.00% -\u003e 1    0.00%, 2   93.35%, 3    6.65%\n"}
,{"stream_name":"stdout","time":16850.235736472,"data":"类型3 正确率：   0.00% -\u003e 1    0.00%, 2  100.00%, 3    0.00%\n"}
,{"stream_name":"stdout","time":16850.235742469,"data":"\n"}
,{"stream_name":"stdout","time":16850.235767756,"data":"\n"}
,{"stream_name":"stdout","time":16850.236370714,"data":"样本变换：reverse\n"}
,{"stream_name":"stdout","time":16853.897790651,"data":"样本变换：mask\n"}
,{"stream_name":"stdout","time":16857.553712911,"data":"样本变换：shift\n"}
,{"stream_name":"stdout","time":16861.265812596,"data":"样本变换：none\n"}
,{"stream_name":"stderr","time":16866.800005457,"data":"/kaggle/working/k10/S07/sdalr_PU_final_checkpoint/tools.py:413: RuntimeWarning: invalid value encountered in divide\n"}
,{"stream_name":"stderr","time":16866.800055447,"data":"  per_class_acc = conf_matrix.diagonal() / conf_matrix.sum(axis=1) * 100\n"}
,{"stream_name":"stdout","time":16866.80034467,"data":"未过滤\t未用伪标签：61.28% -\u003e 使用伪标签：59.53%\n"}
,{"stream_name":"stdout","time":16866.800359331,"data":"已过滤\t未用伪标签：61.23% -\u003e 使用伪标签：60.58%\n"}
,{"stream_name":"stdout","time":16866.800366582,"data":"排除样本：104|6000\t剩余：1912, 3682, 302\n"}
,{"stream_name":"stdout","time":16866.800371971,"data":"增添样本：252\t\t细则：0, 252\t正确率估算：100.00%\n"}
,{"stream_name":"stdout","time":16866.800377693,"data":"类型1 正确率：  98.00% -\u003e 1   97.50%, 2    1.12%, 3    1.38%\n"}
,{"stream_name":"stdout","time":16866.800383711,"data":"类型2 正确率：  86.00% -\u003e 1    0.00%, 2   85.79%, 3   14.21%\n"}
,{"stream_name":"stdout","time":16866.800390962,"data":"类型3 正确率：   0.00% -\u003e 1    0.00%, 2  100.00%, 3    0.00%\n"}
,{"stream_name":"stdout","time":16866.800396454,"data":"\n"}
,{"stream_name":"stdout","time":16866.800402301,"data":"被排除样本 正确率：64.42%\n"}
,{"stream_name":"stdout","time":16866.800408221,"data":"类型1 正确率：   5.00% -\u003e 1    5.13%, 2   53.85%, 3   41.03%\n"}
,{"stream_name":"stdout","time":16866.800414639,"data":"类型2 正确率： 100.00% -\u003e 1    0.00%, 2  100.00%, 3    0.00%\n"}
,{"stream_name":"stdout","time":16866.800420634,"data":"类型3 没有样本或未被分类。\n"}
,{"stream_name":"stdout","time":16866.800438218,"data":"\n"}
,{"stream_name":"stdout","time":16866.800448227,"data":"\n"}
,{"stream_name":"stdout","time":16882.002074009,"data":"轮次:··1/·20 || c_Loss:0.397 || e_Loss:-1.250 || Aad_Loss:-28.532 || 耗时：38.47s\n"}
,{"stream_name":"stdout","time":16896.123771958,"data":"轮次:··2/·20 || c_Loss:0.381 || e_Loss:-1.459 || Aad_Loss:-30.298 || 耗时：14.12s\n"}
,{"stream_name":"stdout","time":16909.728856087,"data":"轮次:··3/·20 || c_Loss:0.416 || e_Loss:-1.399 || Aad_Loss:-34.109 || 耗时：13.60s\n"}
,{"stream_name":"stdout","time":16923.236460838,"data":"轮次:··4/·20 || c_Loss:0.377 || e_Loss:-1.439 || Aad_Loss:-31.276 || 耗时：13.51s\n"}
,{"stream_name":"stdout","time":16936.911818874,"data":"轮次:··5/·20 || c_Loss:0.368 || e_Loss:-1.423 || Aad_Loss:-27.783 || 耗时：13.68s\n"}
,{"stream_name":"stdout","time":16943.621781106,"data":"任务: (B1)N15_M01_F10→(B2)N15_M07_F10; mix批次:····0; 批次:··470/·1880;  总正确率: 68.47%\n"}
,{"stream_name":"stdout","time":16943.621822319,"data":"类型1 正确率： 100.00% -\u003e 1  100.00%, 2    0.00%, 3    0.00%\n"}
,{"stream_name":"stdout","time":16943.621830423,"data":"类型2 正确率： 100.00% -\u003e 1    0.00%, 2   99.70%, 3    0.30%\n"}
,{"stream_name":"stdout","time":16943.621837362,"data":"类型3 正确率：   6.00% -\u003e 1    7.85%, 2   86.45%, 3    5.70%\n"}
,{"stream_name":"stdout","time":16943.621843798,"data":"\n"}
,{"stream_name":"stdout","time":16943.621849956,"data":"\n"}
,{"stream_name":"stdout","time":16943.666353569,"data":"样本变换：reverse\n"}
,{"stream_name":"stdout","time":16947.274838805,"data":"样本变换：mask\n"}
,{"stream_name":"stdout","time":16950.904826165,"data":"样本变换：shift\n"}
,{"stream_name":"stdout","time":16954.529948758,"data":"样本变换：none\n"}
,{"stream_name":"stderr","time":16960.071093759,"data":"/kaggle/working/k10/S07/sdalr_PU_final_checkpoint/tools.py:413: RuntimeWarning: invalid value encountered in divide\n"}
,{"stream_name":"stderr","time":16960.071140734,"data":"  per_class_acc = conf_matrix.diagonal() / conf_matrix.sum(axis=1) * 100\n"}
,{"stream_name":"stdout","time":16960.071326327,"data":"未过滤\t未用伪标签：68.47% -\u003e 使用伪标签：78.83%\n"}
,{"stream_name":"stdout","time":16960.071339234,"data":"已过滤\t未用伪标签：69.33% -\u003e 使用伪标签：80.06%\n"}
,{"stream_name":"stdout","time":16960.071345235,"data":"排除样本：92|6000\t剩余：2055, 3123, 730\n"}
,{"stream_name":"stdout","time":16960.071350693,"data":"增添样本：1270\t\t细则：0, 0, 1270\t正确率估算：6.99%\n"}
,{"stream_name":"stdout","time":16960.071370341,"data":"类型1 正确率： 100.00% -\u003e 1  100.00%, 2    0.00%, 3    0.00%\n"}
,{"stream_name":"stdout","time":16960.071376466,"data":"类型2 正确率： 100.00% -\u003e 1    0.00%, 2  100.00%, 3    0.00%\n"}
,{"stream_name":"stdout","time":16960.071381604,"data":"类型3 正确率：  38.00% -\u003e 1    2.88%, 2   58.86%, 3   38.26%\n"}
,{"stream_name":"stdout","time":16960.071386499,"data":"\n"}
,{"stream_name":"stdout","time":16960.07139091,"data":"被排除样本 正确率：13.04%\n"}
,{"stream_name":"stdout","time":16960.071396034,"data":"类型1 没有样本或未被分类。\n"}
,{"stream_name":"stdout","time":16960.07140076,"data":"类型2 没有样本或未被分类。\n"}
,{"stream_name":"stdout","time":16960.071405308,"data":"类型3 正确率：  13.00% -\u003e 1   20.65%, 2   66.30%, 3   13.04%\n"}
,{"stream_name":"stdout","time":16960.071410089,"data":"\n"}
,{"stream_name":"stdout","time":16960.071414354,"data":"\n"}
,{"stream_name":"stdout","time":16973.937178636,"data":"轮次:··6/·20 || c_Loss:0.549 || e_Loss:-1.455 || Aad_Loss:-27.010 || 耗时：37.03s\n"}
,{"stream_name":"stdout","time":16987.827194821,"data":"轮次:··7/·20 || c_Loss:0.689 || e_Loss:-1.487 || Aad_Loss:-19.554 || 耗时：13.89s\n"}
,{"stream_name":"stdout","time":17001.670879903,"data":"轮次:··8/·20 || c_Loss:0.504 || e_Loss:-1.389 || Aad_Loss:-30.849 || 耗时：13.84s\n"}
,{"stream_name":"stdout","time":17015.498846999,"data":"轮次:··9/·20 || c_Loss:0.577 || e_Loss:-1.535 || Aad_Loss:-22.383 || 耗时：13.83s\n"}
,{"stream_name":"stdout","time":17029.289591514,"data":"轮次:·10/·20 || c_Loss:0.492 || e_Loss:-1.597 || Aad_Loss:-24.581 || 耗时：13.79s\n"}
,{"stream_name":"stdout","time":17035.947829976,"data":"任务: (B1)N15_M01_F10→(B2)N15_M07_F10; mix批次:····0; 批次:··940/·1880;  总正确率: 90.05%\n"}
,{"stream_name":"stdout","time":17035.947867982,"data":"类型1 正确率： 100.00% -\u003e 1  100.00%, 2    0.00%, 3    0.00%\n"}
,{"stream_name":"stdout","time":17035.947876093,"data":"类型2 正确率： 100.00% -\u003e 1    0.00%, 2  100.00%, 3    0.00%\n"}
,{"stream_name":"stdout","time":17035.947882627,"data":"类型3 正确率：  70.00% -\u003e 1    1.85%, 2   28.00%, 3   70.15%\n"}
,{"stream_name":"stdout","time":17035.947889189,"data":"\n"}
,{"stream_name":"stdout","time":17035.947895187,"data":"\n"}
,{"stream_name":"stdout","time":17035.995721616,"data":"样本变换：reverse\n"}
,{"stream_name":"stdout","time":17039.583863917,"data":"样本变换：mask\n"}
,{"stream_name":"stdout","time":17043.179798969,"data":"样本变换：shift\n"}
,{"stream_name":"stdout","time":17046.774833397,"data":"样本变换：none\n"}
,{"stream_name":"stderr","time":17052.256204567,"data":"/kaggle/working/k10/S07/sdalr_PU_final_checkpoint/tools.py:413: RuntimeWarning: invalid value encountered in divide\n"}
,{"stream_name":"stderr","time":17052.256253661,"data":"  per_class_acc = conf_matrix.diagonal() / conf_matrix.sum(axis=1) * 100\n"}
,{"stream_name":"stdout","time":17052.25652768,"data":"未过滤\t未用伪标签：90.05% -\u003e 使用伪标签：89.75%\n"}
,{"stream_name":"stdout","time":17052.256542184,"data":"已过滤\t未用伪标签：90.59% -\u003e 使用伪标签：91.29%\n"}
,{"stream_name":"stdout","time":17052.256548961,"data":"排除样本：101|6000\t剩余：2020, 2486, 1393\n"}
,{"stream_name":"stdout","time":17052.256555438,"data":"增添样本：615\t\t细则：0, 5, 610\t正确率估算：89.43%\n"}
,{"stream_name":"stdout","time":17052.256562321,"data":"类型1 正确率： 100.00% -\u003e 1  100.00%, 2    0.00%, 3    0.00%\n"}
,{"stream_name":"stdout","time":17052.256568125,"data":"类型2 正确率： 100.00% -\u003e 1    0.00%, 2   99.85%, 3    0.15%\n"}
,{"stream_name":"stdout","time":17052.256573536,"data":"类型3 正确率：  73.00% -\u003e 1    1.05%, 2   25.83%, 3   73.12%\n"}
,{"stream_name":"stdout","time":17052.256578798,"data":"\n"}
,{"stream_name":"stdout","time":17052.25658372,"data":"被排除样本 正确率：58.42%\n"}
,{"stream_name":"stdout","time":17052.256588802,"data":"类型1 没有样本或未被分类。\n"}
,{"stream_name":"stdout","time":17052.256594017,"data":"类型2 正确率： 100.00% -\u003e 1    0.00%, 2  100.00%, 3    0.00%\n"}
,{"stream_name":"stdout","time":17052.256599348,"data":"类型3 正确率：  58.00% -\u003e 1   13.13%, 2   29.29%, 3   57.58%\n"}
,{"stream_name":"stdout","time":17052.256604743,"data":"\n"}
,{"stream_name":"stdout","time":17052.256615934,"data":"\n"}
,{"stream_name":"stdout","time":17065.946295167,"data":"轮次:·11/·20 || c_Loss:0.582 || e_Loss:-1.399 || Aad_Loss:-28.010 || 耗时：36.66s\n"}
,{"stream_name":"stdout","time":17079.795279416,"data":"轮次:·12/·20 || c_Loss:0.513 || e_Loss:-1.424 || Aad_Loss:-23.600 || 耗时：13.85s\n"}
,{"stream_name":"stdout","time":17093.736570717,"data":"轮次:·13/·20 || c_Loss:0.476 || e_Loss:-1.496 || Aad_Loss:-25.470 || 耗时：13.94s\n"}
,{"stream_name":"stdout","time":17107.657100396,"data":"轮次:·14/·20 || c_Loss:0.452 || e_Loss:-1.490 || Aad_Loss:-23.257 || 耗时：13.92s\n"}
,{"stream_name":"stdout","time":17121.541400634,"data":"轮次:·15/·20 || c_Loss:0.425 || e_Loss:-1.573 || Aad_Loss:-22.936 || 耗时：13.88s\n"}
,{"stream_name":"stdout","time":17128.246119464,"data":"任务: (B1)N15_M01_F10→(B2)N15_M07_F10; mix批次:····0; 批次:·1410/·1880;  总正确率: 97.52%\n"}
,{"stream_name":"stdout","time":17128.246160187,"data":"类型1 正确率： 100.00% -\u003e 1  100.00%, 2    0.00%, 3    0.00%\n"}
,{"stream_name":"stdout","time":17128.246167838,"data":"类型2 正确率：  99.00% -\u003e 1    0.00%, 2   99.10%, 3    0.90%\n"}
,{"stream_name":"stdout","time":17128.246174496,"data":"类型3 正确率：  93.00% -\u003e 1    0.00%, 2    6.55%, 3   93.45%\n"}
,{"stream_name":"stdout","time":17128.246180814,"data":"\n"}
,{"stream_name":"stdout","time":17128.246186405,"data":"\n"}
,{"stream_name":"stdout","time":17128.295382931,"data":"样本变换：reverse\n"}
,{"stream_name":"stdout","time":17131.894849685,"data":"样本变换：mask\n"}
,{"stream_name":"stdout","time":17135.501832737,"data":"样本变换：shift\n"}
,{"stream_name":"stdout","time":17139.079817348,"data":"样本变换：none\n"}
,{"stream_name":"stdout","time":17144.278662153,"data":"未过滤\t未用伪标签：97.52% -\u003e 使用伪标签：98.52%\n"}
,{"stream_name":"stdout","time":17144.278710644,"data":"已过滤\t未用伪标签：97.87% -\u003e 使用伪标签：98.95%\n"}
,{"stream_name":"stdout","time":17144.278716735,"data":"排除样本：26|6000\t剩余：2000, 2011, 1963\n"}
,{"stream_name":"stdout","time":17144.278721035,"data":"增添样本：89\t\t细则：0, 27, 62\t正确率估算：95.51%\n"}
,{"stream_name":"stdout","time":17144.278725112,"data":"类型1 正确率： 100.00% -\u003e 1  100.00%, 2    0.00%, 3    0.00%\n"}
,{"stream_name":"stdout","time":17144.278728996,"data":"类型2 正确率：  99.00% -\u003e 1    0.00%, 2   98.75%, 3    1.25%\n"}
,{"stream_name":"stdout","time":17144.278732641,"data":"类型3 正确率：  98.00% -\u003e 1    0.00%, 2    1.92%, 3   98.08%\n"}
,{"stream_name":"stdout","time":17144.278736291,"data":"\n"}
,{"stream_name":"stdout","time":17144.278739856,"data":"被排除样本 正确率：15.38%\n"}
,{"stream_name":"stdout","time":17144.278743386,"data":"类型1 正确率： 100.00% -\u003e 1  100.00%, 2    0.00%\n"}
,{"stream_name":"stdout","time":17144.278788668,"data":"类型2 正确率：   8.00% -\u003e 1   91.67%, 2    8.33%\n"}
,{"stream_name":"stdout","time":17144.278795811,"data":"\n"}
,{"stream_name":"stdout","time":17144.278800965,"data":"\n"}
,{"stream_name":"stdout","time":17158.028326152,"data":"轮次:·16/·20 || c_Loss:0.379 || e_Loss:-0.714 || Aad_Loss:-29.697 || 耗时：36.49s\n"}
,{"stream_name":"stdout","time":17171.836449713,"data":"轮次:·17/·20 || c_Loss:0.408 || e_Loss:-1.609 || Aad_Loss:-25.467 || 耗时：13.81s\n"}
,{"stream_name":"stdout","time":17185.647460538,"data":"轮次:·18/·20 || c_Loss:0.386 || e_Loss:-1.630 || Aad_Loss:-27.259 || 耗时：13.81s\n"}
,{"stream_name":"stdout","time":17199.491581162,"data":"轮次:·19/·20 || c_Loss:0.374 || e_Loss:-0.782 || Aad_Loss:-28.965 || 耗时：13.84s\n"}
,{"stream_name":"stdout","time":17213.351210796,"data":"轮次:·20/·20 || c_Loss:0.380 || e_Loss:-1.681 || Aad_Loss:-27.795 || 耗时：13.86s\n"}
,{"stream_name":"stdout","time":17220.070886316,"data":"任务: (B1)N15_M01_F10→(B2)N15_M07_F10; mix批次:····0; 批次:·1880/·1880;  总正确率: 99.70%\n"}
,{"stream_name":"stdout","time":17220.070934619,"data":"类型1 正确率： 100.00% -\u003e 1  100.00%, 2    0.00%, 3    0.00%\n"}
,{"stream_name":"stdout","time":17220.070955003,"data":"类型2 正确率：  99.00% -\u003e 1    0.00%, 2   99.10%, 3    0.90%\n"}
,{"stream_name":"stdout","time":17220.070958749,"data":"类型3 正确率： 100.00% -\u003e 1    0.00%, 2    0.00%, 3  100.00%\n"}
,{"stream_name":"stdout","time":17220.070961763,"data":"\n"}
,{"stream_name":"stdout","time":17220.070964407,"data":"\n"}
,{"stream_name":"stdout","time":17226.776867269,"data":"测试集任务: (B1)N15_M01_F10→(B2)N15_M07_F10; 总正确率 = 99.70%\n"}
,{"stream_name":"stdout","time":17226.776906413,"data":"类型1 正确率： 100.00% -\u003e 1  100.00%, 2    0.00%, 3    0.00%\n"}
,{"stream_name":"stdout","time":17226.776912694,"data":"类型2 正确率：  99.00% -\u003e 1    0.00%, 2   99.10%, 3    0.90%\n"}
,{"stream_name":"stdout","time":17226.77691734,"data":"类型3 正确率： 100.00% -\u003e 1    0.00%, 2    0.00%, 3  100.00%\n"}
,{"stream_name":"stdout","time":17226.776928554,"data":"\n"}
,{"stream_name":"stdout","time":17226.776931642,"data":"\n"}
,{"stream_name":"stdout","time":17226.803975253,"data":"[tar_adaptation_RES_PU.py --folder_root /kaggle/working/k10/S07/sdalr_PU_final_checkpoint/DATA_foldS07c --seed 2024 --class_num 3 --data_name PU_M1_L3 --output /kaggle/working/k10/S07/weight_PU_M1_final_checkpoint_FS07toS07c_gateoracle_s2024 --s 0 --t 1 --lr 0.0005 --threshold 0.4 --K 0.6] 390s\n"}
,{"stream_name":"stdout","time":17226.850530289,"data":"读取源域路径：/kaggle/working/k10/S07/weight_PU_M1_final_checkpoint_FS07toS07c_gateoracle_s2024/NEW_PU/Source-源域/log\u0026pt/(B1)N15_M01_F10\n"}
,{"stream_name":"stdout","time":17226.850564727,"data":"excel输出位置：/kaggle/working/k10/S07/weight_PU_M1_final_checkpoint_FS07toS07c_gateoracle_s2024/NEW_PU/Target-目标域\n"}
,{"stream_name":"stdout","time":17226.850570828,"data":"特征图片输出位置：/kaggle/working/k10/S07/weight_PU_M1_final_checkpoint_FS07toS07c_gateoracle_s2024/NEW_PU/Picture-特征图/2026年09月19日07时52分/(B1)N15_M01_F10\n"}
,{"stream_name":"stderr","time":17226.893622537,"data":"/usr/local/lib/python3.12/dist-packages/torch/nn/utils/weight_norm.py:144: FutureWarning: `torch.nn.utils.weight_norm` is deprecated in favor of `torch.nn.utils.parametrizations.weight_norm`.\n"}
,{"stream_name":"stderr","time":17226.893664096,"data":"  WeightNorm.apply(module, name, dim)\n"}
,{"stream_name":"stdout","time":17226.94489897,"data":"现在选取:(B1)N15_M01_F10 进行训练的源模型\n"}
,{"stream_name":"stdout","time":17226.944934371,"data":"现在进行：(B1)N15_M01_F10→(B3)N15_M07_F04 的迁移任务\n"}
,{"stream_name":"stdout","time":17226.944940997,"data":"log\u0026pt输出位置：/kaggle/working/k10/S07/weight_PU_M1_final_checkpoint_FS07toS07c_gateoracle_s2024/NEW_PU/Target-目标域/log\u0026pt/(B1)N15_M01_F10→(B3)N15_M07_F04\n"}
,{"stream_name":"stderr","time":17226.946784994,"data":"sh: 1: Syntax error: word unexpected (expecting \")\")\n"}
,{"stream_name":"stdout","time":17239.22584534,"data":"任务: (B1)N15_M01_F10→(B3)N15_M07_F04; 批次:····0/·1880;  总正确率: 60.65%\n"}
,{"stream_name":"stdout","time":17239.225883661,"data":"类型1 正确率：  98.00% -\u003e 1   97.85%, 2    1.20%, 3    0.95%\n"}
,{"stream_name":"stdout","time":17239.225890626,"data":"类型2 正确率：  83.00% -\u003e 1    0.00%, 2   82.60%, 3   17.40%\n"}
,{"stream_name":"stdout","time":17239.225895746,"data":"类型3 正确率：   2.00% -\u003e 1    3.45%, 2   95.05%, 3    1.50%\n"}
,{"stream_name":"stdout","time":17239.225900735,"data":"\n"}
,{"stream_name":"stdout","time":17239.225905063,"data":"\n"}
,{"stream_name":"stdout","time":17239.226572329,"data":"样本变换：reverse\n"}
,{"stream_name":"stdout","time":17242.805867382,"data":"样本变换：mask\n"}
,{"stream_name":"stdout","time":17246.441926255,"data":"样本变换：shift\n"}
,{"stream_name":"stdout","time":17250.064737298,"data":"样本变换：none\n"}
,{"stream_name":"stdout","time":17255.532092621,"data":"未过滤\t未用伪标签：60.65% -\u003e 使用伪标签：62.83%\n"}
,{"stream_name":"stdout","time":17255.532133612,"data":"已过滤\t未用伪标签：61.04% -\u003e 使用伪标签：63.34%\n"}
,{"stream_name":"stdout","time":17255.532142526,"data":"排除样本：48|6000\t剩余：1991, 3566, 395\n"}
,{"stream_name":"stdout","time":17255.532149869,"data":"增添样本：2188\t\t细则：0, 297, 1891\t正确率估算：81.63%\n"}
,{"stream_name":"stdout","time":17255.532155914,"data":"类型1 正确率： 100.00% -\u003e 1   99.60%, 2    0.35%, 3    0.05%\n"}
,{"stream_name":"stdout","time":17255.532161791,"data":"类型2 正确率：  85.00% -\u003e 1    0.00%, 2   84.96%, 3   15.04%\n"}
,{"stream_name":"stdout","time":17255.532167766,"data":"类型3 正确率：   5.00% -\u003e 1    0.25%, 2   94.92%, 3    4.82%\n"}
,{"stream_name":"stdout","time":17255.532173855,"data":"\n"}
,{"stream_name":"stdout","time":17255.532179455,"data":"被排除样本 正确率：12.50%\n"}
,{"stream_name":"stdout","time":17255.532185496,"data":"类型1 正确率：   0.00% -\u003e 1    0.00%, 2   66.67%, 3   33.33%\n"}
,{"stream_name":"stdout","time":17255.532191818,"data":"类型2 正确率：  33.00% -\u003e 1    0.00%, 2   33.33%, 3   66.67%\n"}
,{"stream_name":"stdout","time":17255.532197729,"data":"类型3 正确率：   7.00% -\u003e 1   23.33%, 2   70.00%, 3    6.67%\n"}
,{"stream_name":"stdout","time":17255.532203708,"data":"\n"}
,{"stream_name":"stdout","time":17255.532209122,"data":"\n"}
,{"stream_name":"stdout","time":17269.51809182,"data":"轮次:··1/·20 || c_Loss:0.496 || e_Loss:-1.224 || Aad_Loss:-27.480 || 耗时：36.77s\n"}
,{"stream_name":"stdout","time":17283.546499821,"data":"轮次:··2/·20 || c_Loss:0.521 || e_Loss:-1.323 || Aad_Loss:-26.219 || 耗时：14.03s\n"}
,{"stream_name":"stdout","time":17297.45035721,"data":"轮次:··3/·20 || c_Loss:0.432 || e_Loss:-1.321 || Aad_Loss:-32.165 || 耗时：13.90s\n"}
,{"stream_name":"stdout","time":17311.284469261,"data":"轮次:··4/·20 || c_Loss:0.418 || e_Loss:-1.441 || Aad_Loss:-32.287 || 耗时：13.83s\n"}
,{"stream_name":"stdout","time":17325.124210402,"data":"轮次:··5/·20 || c_Loss:0.394 || e_Loss:-1.403 || Aad_Loss:-21.083 || 耗时：13.84s\n"}
,{"stream_name":"stdout","time":17331.803472646,"data":"任务: (B1)N15_M01_F10→(B3)N15_M07_F04; mix批次:····0; 批次:··470/·1880;  总正确率: 67.57%\n"}
,{"stream_name":"stdout","time":17331.803532625,"data":"类型1 正确率： 100.00% -\u003e 1  100.00%, 2    0.00%, 3    0.00%\n"}
,{"stream_name":"stdout","time":17331.803541665,"data":"类型2 正确率：  91.00% -\u003e 1    0.00%, 2   90.80%, 3    9.20%\n"}
,{"stream_name":"stdout","time":17331.803547308,"data":"类型3 正确率：  12.00% -\u003e 1    4.55%, 2   83.55%, 3   11.90%\n"}
,{"stream_name":"stdout","time":17331.803552748,"data":"\n"}
,{"stream_name":"stdout","time":17331.803557631,"data":"\n"}
,{"stream_name":"stdout","time":17331.841788836,"data":"样本变换：reverse\n"}
,{"stream_name":"stdout","time":17335.429828741,"data":"样本变换：mask\n"}
,{"stream_name":"stdout","time":17339.047825425,"data":"样本变换：shift\n"}
,{"stream_name":"stdout","time":17342.650018262,"data":"样本变换：none\n"}
,{"stream_name":"stderr","time":17348.01896148,"data":"/kaggle/working/k10/S07/sdalr_PU_final_checkpoint/tools.py:413: RuntimeWarning: invalid value encountered in divide\n"}
,{"stream_name":"stderr","time":17348.019029236,"data":"  per_class_acc = conf_matrix.diagonal() / conf_matrix.sum(axis=1) * 100\n"}
,{"stream_name":"stdout","time":17348.019185409,"data":"未过滤\t未用伪标签：67.57% -\u003e 使用伪标签：73.93%\n"}
,{"stream_name":"stdout","time":17348.019194395,"data":"已过滤\t未用伪标签：68.10% -\u003e 使用伪标签：74.91%\n"}
,{"stream_name":"stdout","time":17348.01919756,"data":"排除样本：78|6000\t剩余：2192, 3294, 436\n"}
,{"stream_name":"stdout","time":17348.019200602,"data":"增添样本：1564\t\t细则：0, 0, 1564\t正确率估算：21.10%\n"}
,{"stream_name":"stdout","time":17348.019203677,"data":"类型1 正确率： 100.00% -\u003e 1  100.00%, 2    0.00%, 3    0.00%\n"}
,{"stream_name":"stdout","time":17348.019206575,"data":"类型2 正确率： 100.00% -\u003e 1    0.00%, 2  100.00%, 3    0.00%\n"}
,{"stream_name":"stdout","time":17348.019209438,"data":"类型3 正确率：  23.00% -\u003e 1    9.99%, 2   67.33%, 3   22.68%\n"}
,{"stream_name":"stdout","time":17348.01921233,"data":"\n"}
,{"stream_name":"stdout","time":17348.01921496,"data":"被排除样本 正确率：26.92%\n"}
,{"stream_name":"stdout","time":17348.019231443,"data":"类型1 没有样本或未被分类。\n"}
,{"stream_name":"stdout","time":17348.019236545,"data":"类型2 没有样本或未被分类。\n"}
,{"stream_name":"stdout","time":17348.019241271,"data":"类型3 正确率：  27.00% -\u003e 1    7.69%, 2   65.38%, 3   26.92%\n"}
,{"stream_name":"stdout","time":17348.019245311,"data":"\n"}
,{"stream_name":"stdout","time":17348.019249859,"data":"\n"}
,{"stream_name":"stdout","time":17361.85701429,"data":"轮次:··6/·20 || c_Loss:0.594 || e_Loss:-1.306 || Aad_Loss:-27.022 || 耗时：36.73s\n"}
,{"stream_name":"stdout","time":17375.824200586,"data":"轮次:··7/·20 || c_Loss:0.725 || e_Loss:-1.329 || Aad_Loss:-29.536 || 耗时：13.97s\n"}
,{"stream_name":"stdout","time":17389.747659933,"data":"轮次:··8/·20 || c_Loss:0.496 || e_Loss:-1.316 || Aad_Loss:-20.747 || 耗时：13.92s\n"}
,{"stream_name":"stdout","time":17403.657252059,"data":"轮次:··9/·20 || c_Loss:0.516 || e_Loss:-1.320 || Aad_Loss:-22.247 || 耗时：13.91s\n"}
,{"stream_name":"stdout","time":17417.548257242,"data":"轮次:·10/·20 || c_Loss:0.509 || e_Loss:-1.319 || Aad_Loss:-30.335 || 耗时：13.89s\n"}
,{"stream_name":"stdout","time":17424.250189532,"data":"任务: (B1)N15_M01_F10→(B3)N15_M07_F04; mix批次:····0; 批次:··940/·1880;  总正确率: 82.35%\n"}
,{"stream_name":"stdout","time":17424.250230187,"data":"类型1 正确率： 100.00% -\u003e 1  100.00%, 2    0.00%, 3    0.00%\n"}
,{"stream_name":"stdout","time":17424.250239556,"data":"类型2 正确率： 100.00% -\u003e 1    0.00%, 2  100.00%, 3    0.00%\n"}
,{"stream_name":"stdout","time":17424.250245037,"data":"类型3 正确率：  47.00% -\u003e 1    2.95%, 2   50.00%, 3   47.05%\n"}
,{"stream_name":"stdout","time":17424.250250247,"data":"\n"}
,{"stream_name":"stdout","time":17424.250255082,"data":"\n"}
,{"stream_name":"stdout","time":17424.30532725,"data":"样本变换：reverse\n"}
,{"stream_name":"stdout","time":17427.881815519,"data":"样本变换：mask\n"}
,{"stream_name":"stdout","time":17431.470836009,"data":"样本变换：shift\n"}
,{"stream_name":"stdout","time":17435.039847355,"data":"样本变换：none\n"}
,{"stream_name":"stderr","time":17440.521264139,"data":"/kaggle/working/k10/S07/sdalr_PU_final_checkpoint/tools.py:413: RuntimeWarning: invalid value encountered in divide\n"}
,{"stream_name":"stderr","time":17440.521304032,"data":"  per_class_acc = conf_matrix.diagonal() / conf_matrix.sum(axis=1) * 100\n"}
,{"stream_name":"stdout","time":17440.521341719,"data":"未过滤\t未用伪标签：82.35% -\u003e 使用伪标签：79.55%\n"}
,{"stream_name":"stdout","time":17440.521366121,"data":"已过滤\t未用伪标签：82.28% -\u003e 使用伪标签：79.96%\n"}
,{"stream_name":"stdout","time":17440.521371398,"data":"排除样本：31|6000\t剩余：2196, 3000, 773\n"}
,{"stream_name":"stdout","time":17440.521375702,"data":"增添样本：1227\t\t细则：0, 0, 1227\t正确率估算：100.00%\n"}
,{"stream_name":"stdout","time":17440.521379999,"data":"类型1 正确率： 100.00% -\u003e 1  100.00%, 2    0.00%, 3    0.00%\n"}
,{"stream_name":"stdout","time":17440.52138424,"data":"类型2 正确率： 100.00% -\u003e 1    0.00%, 2  100.00%, 3    0.00%\n"}
,{"stream_name":"stdout","time":17440.521388247,"data":"类型3 正确率：  39.00% -\u003e 1    9.95%, 2   50.79%, 3   39.26%\n"}
,{"stream_name":"stdout","time":17440.521392299,"data":"\n"}
,{"stream_name":"stdout","time":17440.521396063,"data":"被排除样本 正确率：96.77%\n"}
,{"stream_name":"stdout","time":17440.521399998,"data":"类型1 没有样本或未被分类。\n"}
,{"stream_name":"stdout","time":17440.521404043,"data":"类型2 正确率：  97.00% -\u003e 1    3.23%, 2   96.77%\n"}
,{"stream_name":"stdout","time":17440.521408295,"data":"\n"}
,{"stream_name":"stdout","time":17440.521411907,"data":"\n"}
,{"stream_name":"stdout","time":17454.261598971,"data":"轮次:·11/·20 || c_Loss:0.407 || e_Loss:-1.398 || Aad_Loss:-25.331 || 耗时：36.71s\n"}
,{"stream_name":"stdout","time":17468.133104715,"data":"轮次:·12/·20 || c_Loss:0.327 || e_Loss:-1.460 || Aad_Loss:-25.577 || 耗时：13.87s\n"}
,{"stream_name":"stdout","time":17482.021200595,"data":"轮次:·13/·20 || c_Loss:0.348 || e_Loss:-1.488 || Aad_Loss:-22.696 || 耗时：13.89s\n"}
,{"stream_name":"stdout","time":17495.93466115,"data":"轮次:·14/·20 || c_Loss:0.330 || e_Loss:-1.459 || Aad_Loss:-24.001 || 耗时：13.91s\n"}
,{"stream_name":"stdout","time":17509.842998753,"data":"轮次:·15/·20 || c_Loss:0.324 || e_Loss:-1.642 || Aad_Loss:-23.118 || 耗时：13.91s\n"}
,{"stream_name":"stdout","time":17516.524649136,"data":"任务: (B1)N15_M01_F10→(B3)N15_M07_F04; mix批次:····0; 批次:·1410/·1880;  总正确率: 84.72%\n"}
,{"stream_name":"stdout","time":17516.524694716,"data":"类型1 正确率： 100.00% -\u003e 1  100.00%, 2    0.00%, 3    0.00%\n"}
,{"stream_name":"stdout","time":17516.524702621,"data":"类型2 正确率： 100.00% -\u003e 1    0.00%, 2   99.80%, 3    0.20%\n"}
,{"stream_name":"stdout","time":17516.524709906,"data":"类型3 正确率：  54.00% -\u003e 1    0.50%, 2   45.15%, 3   54.35%\n"}
,{"stream_name":"stdout","time":17516.524718289,"data":"\n"}
,{"stream_name":"stdout","time":17516.524721723,"data":"\n"}
,{"stream_name":"stdout","time":17516.574859024,"data":"样本变换：reverse\n"}
,{"stream_name":"stdout","time":17520.129985006,"data":"样本变换：mask\n"}
,{"stream_name":"stdout","time":17523.73180331,"data":"样本变换：shift\n"}
,{"stream_name":"stdout","time":17527.323379994,"data":"样本变换：none\n"}
,{"stream_name":"stderr","time":17532.981092765,"data":"/usr/local/lib/python3.12/dist-packages/sklearn/metrics/_classification.py:407: UserWarning: A single label was found in 'y_true' and 'y_pred'. For the confusion matrix to have the correct shape, use the 'labels' parameter to pass all known labels.\n"}
,{"stream_name":"stderr","time":17532.981143117,"data":"  warnings.warn(\n"}
,{"stream_name":"stdout","time":17532.981279666,"data":"未过滤\t未用伪标签：84.72% -\u003e 使用伪标签：81.25%\n"}
,{"stream_name":"stdout","time":17532.981295095,"data":"已过滤\t未用伪标签：84.68% -\u003e 使用伪标签：81.45%\n"}
,{"stream_name":"stdout","time":17532.98132174,"data":"排除样本：15|6000\t剩余：2110, 3000, 875\n"}
,{"stream_name":"stdout","time":17532.981326063,"data":"增添样本：1125\t\t细则：0, 0, 1125\t正确率估算：100.00%\n"}
,{"stream_name":"stdout","time":17532.98133086,"data":"类型1 正确率： 100.00% -\u003e 1  100.00%, 2    0.00%, 3    0.00%\n"}
,{"stream_name":"stdout","time":17532.981335324,"data":"类型2 正确率： 100.00% -\u003e 1    0.00%, 2  100.00%, 3    0.00%\n"}
,{"stream_name":"stdout","time":17532.981339764,"data":"类型3 正确率：  44.00% -\u003e 1    5.54%, 2   50.38%, 3   44.08%\n"}
,{"stream_name":"stdout","time":17532.981356595,"data":"\n"}
,{"stream_name":"stdout","time":17532.981361318,"data":"被排除样本 正确率：100.00%\n"}
,{"stream_name":"stdout","time":17532.98136606,"data":"类型1 正确率： 100.00% -\u003e 1  100.00%\n"}
,{"stream_name":"stdout","time":17532.98137093,"data":"\n"}
,{"stream_name":"stdout","time":17532.981381144,"data":"\n"}
,{"stream_name":"stdout","time":17546.768485708,"data":"轮次:·16/·20 || c_Loss:0.374 || e_Loss:-1.518 || Aad_Loss:-26.676 || 耗时：36.93s\n"}
,{"stream_name":"stdout","time":17560.682587436,"data":"轮次:·17/·20 || c_Loss:0.328 || e_Loss:-1.669 || Aad_Loss:-24.944 || 耗时：13.91s\n"}
,{"stream_name":"stdout","time":17574.630720047,"data":"轮次:·18/·20 || c_Loss:0.361 || e_Loss:-1.582 || Aad_Loss:-25.250 || 耗时：13.95s\n"}
,{"stream_name":"stdout","time":17588.564580645,"data":"轮次:·19/·20 || c_Loss:0.329 || e_Loss:-1.680 || Aad_Loss:-23.926 || 耗时：13.93s\n"}
,{"stream_name":"stdout","time":17602.462932127,"data":"轮次:·20/·20 || c_Loss:0.327 || e_Loss:-1.719 || Aad_Loss:-26.277 || 耗时：13.90s\n"}
,{"stream_name":"stdout","time":17609.174511758,"data":"任务: (B1)N15_M01_F10→(B3)N15_M07_F04; mix批次:····0; 批次:·1880/·1880;  总正确率: 87.95%\n"}
,{"stream_name":"stdout","time":17609.174609347,"data":"类型1 正确率： 100.00% -\u003e 1  100.00%, 2    0.00%, 3    0.00%\n"}
,{"stream_name":"stdout","time":17609.174626258,"data":"类型2 正确率： 100.00% -\u003e 1    0.00%, 2   99.50%, 3    0.50%\n"}
,{"stream_name":"stdout","time":17609.174631007,"data":"类型3 正确率：  64.00% -\u003e 1    0.15%, 2   35.50%, 3   64.35%\n"}
,{"stream_name":"stdout","time":17609.174635051,"data":"\n"}
,{"stream_name":"stdout","time":17609.174638613,"data":"\n"}
,{"stream_name":"stdout","time":17615.853525689,"data":"测试集任务: (B1)N15_M01_F10→(B3)N15_M07_F04; 总正确率 = 87.95%\n"}
,{"stream_name":"stdout","time":17615.853569509,"data":"类型1 正确率： 100.00% -\u003e 1  100.00%, 2    0.00%, 3    0.00%\n"}
,{"stream_name":"stdout","time":17615.853587753,"data":"类型2 正确率： 100.00% -\u003e 1    0.00%, 2   99.50%, 3    0.50%\n"}
,{"stream_name":"stdout","time":17615.853595112,"data":"类型3 正确率：  64.00% -\u003e 1    0.15%, 2   35.50%, 3   64.35%\n"}
,{"stream_name":"stdout","time":17615.85360725,"data":"\n"}
,{"stream_name":"stdout","time":17615.853612377,"data":"\n"}
,{"stream_name":"stdout","time":17615.88248046,"data":"[tar_adaptation_RES_PU.py --folder_root /kaggle/working/k10/S07/sdalr_PU_final_checkpoint/DATA_foldS07c --seed 2024 --class_num 3 --data_name PU_M1_L3 --output /kaggle/working/k10/S07/weight_PU_M1_final_checkpoint_FS07toS07c_gateoracle_s2024 --s 0 --t 2 --lr 0.0005 --threshold 0.4 --K 0.6] 389s\n"}
,{"stream_name":"stdout","time":17615.92810961,"data":"读取源域路径：/kaggle/working/k10/S07/weight_PU_M1_final_checkpoint_FS07toS07c_gateoracle_s2024/NEW_PU/Source-源域/log\u0026pt/(B2)N15_M07_F10\n"}
,{"stream_name":"stdout","time":17615.928168487,"data":"excel输出位置：/kaggle/working/k10/S07/weight_PU_M1_final_checkpoint_FS07toS07c_gateoracle_s2024/NEW_PU/Target-目标域\n"}
,{"stream_name":"stdout","time":17615.928201699,"data":"特征图片输出位置：/kaggle/working/k10/S07/weight_PU_M1_final_checkpoint_FS07toS07c_gateoracle_s2024/NEW_PU/Picture-特征图/2026年09月19日07时58分/(B2)N15_M07_F10\n"}
,{"stream_name":"stderr","time":17615.970666587,"data":"/usr/local/lib/python3.12/dist-packages/torch/nn/utils/weight_norm.py:144: FutureWarning: `torch.nn.utils.weight_norm` is deprecated in favor of `torch.nn.utils.parametrizations.weight_norm`.\n"}
,{"stream_name":"stderr","time":17615.970713101,"data":"  WeightNorm.apply(module, name, dim)\n"}
,{"stream_name":"stdout","time":17616.017224947,"data":"现在选取:(B2)N15_M07_F10 进行训练的源模型\n"}
,{"stream_name":"stdout","time":17616.017262406,"data":"现在进行：(B2)N15_M07_F10→(B1)N15_M01_F10 的迁移任务\n"}
,{"stream_name":"stdout","time":17616.017268496,"data":"log\u0026pt输出位置：/kaggle/working/k10/S07/weight_PU_M1_final_checkpoint_FS07toS07c_gateoracle_s2024/NEW_PU/Target-目标域/log\u0026pt/(B2)N15_M07_F10→(B1)N15_M01_F10\n"}
,{"stream_name":"stderr","time":17616.019057368,"data":"sh: 1: Syntax error: word unexpected (expecting \")\")\n"}
,{"stream_name":"stdout","time":17628.303777215,"data":"任务: (B2)N15_M07_F10→(B1)N15_M01_F10; 批次:····0/·1880;  总正确率: 46.00%\n"}
,{"stream_name":"stdout","time":17628.303818463,"data":"类型1 正确率：  92.00% -\u003e 1   92.30%, 2    7.25%, 3    0.45%\n"}
,{"stream_name":"stdout","time":17628.303825717,"data":"类型2 正确率：  46.00% -\u003e 1    0.00%, 2   45.70%, 3   54.30%\n"}
,{"stream_name":"stdout","time":17628.303830902,"data":"类型3 正确率：   0.00% -\u003e 1    0.00%, 2  100.00%, 3    0.00%\n"}
,{"stream_name":"stdout","time":17628.303835844,"data":"\n"}
,{"stream_name":"stdout","time":17628.303840368,"data":"\n"}
,{"stream_name":"stdout","time":17628.304504743,"data":"样本变换：reverse\n"}
,{"stream_name":"stdout","time":17631.886811609,"data":"样本变换：mask\n"}
,{"stream_name":"stdout","time":17635.49983293,"data":"样本变换：shift\n"}
,{"stream_name":"stdout","time":17639.112814617,"data":"样本变换：none\n"}
,{"stream_name":"stderr","time":17644.608226566,"data":"/kaggle/working/k10/S07/sdalr_PU_final_checkpoint/tools.py:413: RuntimeWarning: invalid value encountered in divide\n"}
,{"stream_name":"stderr","time":17644.608288391,"data":"  per_class_acc = conf_matrix.diagonal() / conf_matrix.sum(axis=1) * 100\n"}
,{"stream_name":"stdout","time":17644.608449214,"data":"未过滤\t未用伪标签：46.00% -\u003e 使用伪标签：40.60%\n"}
,{"stream_name":"stdout","time":17644.608464458,"data":"已过滤\t未用伪标签：45.36% -\u003e 使用伪标签：41.39%\n"}
,{"stream_name":"stdout","time":17644.608470557,"data":"排除样本：114|6000\t剩余：1920, 2566, 1400\n"}
,{"stream_name":"stdout","time":17644.608475662,"data":"增添样本：1404\t\t细则：0, 1404\t正确率估算：100.00%\n"}
,{"stream_name":"stdout","time":17644.608481478,"data":"类型1 正确率：  97.00% -\u003e 1   97.46%, 2    2.54%, 3    0.00%\n"}
,{"stream_name":"stdout","time":17644.608487624,"data":"类型2 正确率：  27.00% -\u003e 1    0.00%, 2   26.93%, 3   73.07%\n"}
,{"stream_name":"stdout","time":17644.608493966,"data":"类型3 正确率：   0.00% -\u003e 1    0.00%, 2  100.00%, 3    0.00%\n"}
,{"stream_name":"stdout","time":17644.608500315,"data":"\n"}
,{"stream_name":"stdout","time":17644.608506373,"data":"被排除样本 正确率：78.95%\n"}
,{"stream_name":"stdout","time":17644.608511743,"data":"类型1 正确率：  20.00% -\u003e 1   20.00%, 2   76.67%, 3    3.33%\n"}
,{"stream_name":"stdout","time":17644.608517178,"data":"类型2 正确率： 100.00% -\u003e 1    0.00%, 2  100.00%, 3    0.00%\n"}
,{"stream_name":"stdout","time":17644.608541316,"data":"类型3 没有样本或未被分类。\n"}
,{"stream_name":"stdout","time":17644.608545567,"data":"\n"}
,{"stream_name":"stdout","time":17644.608549416,"data":"\n"}
,{"stream_name":"stdout","time":17658.605018077,"data":"轮次:··1/·20 || c_Loss:0.392 || e_Loss:-0.838 || Aad_Loss:-24.335 || 耗时：36.77s\n"}
,{"stream_name":"stdout","time":17672.645907177,"data":"轮次:··2/·20 || c_Loss:0.396 || e_Loss:-1.101 || Aad_Loss:-22.607 || 耗时：14.04s\n"}
,{"stream_name":"stdout","time":17686.515584948,"data":"轮次:··3/·20 || c_Loss:0.380 || e_Loss:-1.138 || Aad_Loss:-23.287 || 耗时：13.87s\n"}
,{"stream_name":"stdout","time":17700.329121129,"data":"轮次:··4/·20 || c_Loss:0.357 || e_Loss:-1.045 || Aad_Loss:-27.121 || 耗时：13.81s\n"}
,{"stream_name":"stdout","time":17714.185373929,"data":"轮次:··5/·20 || c_Loss:0.433 || e_Loss:-1.369 || Aad_Loss:-17.293 || 耗时：13.86s\n"}
,{"stream_name":"stdout","time":17720.896291669,"data":"任务: (B2)N15_M07_F10→(B1)N15_M01_F10; mix批次:····0; 批次:··470/·1880;  总正确率: 60.95%\n"}
,{"stream_name":"stdout","time":17720.896343014,"data":"类型1 正确率： 100.00% -\u003e 1  100.00%, 2    0.00%, 3    0.00%\n"}
,{"stream_name":"stdout","time":17720.896365185,"data":"类型2 正确率：  82.00% -\u003e 1    0.00%, 2   82.35%, 3   17.65%\n"}
,{"stream_name":"stdout","time":17720.896371644,"data":"类型3 正确率：   0.00% -\u003e 1   27.90%, 2   71.60%, 3    0.50%\n"}
,{"stream_name":"stdout","time":17720.896377932,"data":"\n"}
,{"stream_name":"stdout","time":17720.896383156,"data":"\n"}
,{"stream_name":"stdout","time":17720.934678923,"data":"样本变换：reverse\n"}
,{"stream_name":"stdout","time":17724.530841809,"data":"样本变换：mask\n"}
,{"stream_name":"stdout","time":17728.128823596,"data":"样本变换：shift\n"}
,{"stream_name":"stdout","time":17731.727824326,"data":"样本变换：none\n"}
,{"stream_name":"stderr","time":17737.360068193,"data":"/kaggle/working/k10/S07/sdalr_PU_final_checkpoint/tools.py:413: RuntimeWarning: invalid value encountered in divide\n"}
,{"stream_name":"stderr","time":17737.360115408,"data":"  per_class_acc = conf_matrix.diagonal() / conf_matrix.sum(axis=1) * 100\n"}
,{"stream_name":"stdout","time":17737.360233756,"data":"未过滤\t未用伪标签：60.95% -\u003e 使用伪标签：51.53%\n"}
,{"stream_name":"stdout","time":17737.360246635,"data":"已过滤\t未用伪标签：61.25% -\u003e 使用伪标签：52.76%\n"}
,{"stream_name":"stdout","time":17737.360252737,"data":"排除样本：140|6000\t剩余：2280, 2740, 840\n"}
,{"stream_name":"stdout","time":17737.360258212,"data":"增添样本：908\t\t细则：0, 908\t正确率估算：100.00%\n"}
,{"stream_name":"stdout","time":17737.360263888,"data":"类型1 正确率： 100.00% -\u003e 1  100.00%, 2    0.00%, 3    0.00%\n"}
,{"stream_name":"stdout","time":17737.360269302,"data":"类型2 正确率：  57.00% -\u003e 1    0.00%, 2   56.52%, 3   43.48%\n"}
,{"stream_name":"stdout","time":17737.360294988,"data":"类型3 正确率：   0.00% -\u003e 1   14.52%, 2   85.48%, 3    0.00%\n"}
,{"stream_name":"stdout","time":17737.360301981,"data":"\n"}
,{"stream_name":"stdout","time":17737.360307511,"data":"被排除样本 正确率：48.57%\n"}
,{"stream_name":"stdout","time":17737.360313426,"data":"类型1 没有样本或未被分类。\n"}
,{"stream_name":"stdout","time":17737.36031881,"data":"类型2 正确率： 100.00% -\u003e 1    0.00%, 2  100.00%, 3    0.00%\n"}
,{"stream_name":"stdout","time":17737.360324153,"data":"类型3 正确率：   0.00% -\u003e 1   98.61%, 2    1.39%, 3    0.00%\n"}
,{"stream_name":"stdout","time":17737.360343828,"data":"\n"}
,{"stream_name":"stdout","time":17737.360347881,"data":"\n"}
,{"stream_name":"stdout","time":17751.203666,"data":"轮次:··6/·20 || c_Loss:0.411 || e_Loss:-1.456 || Aad_Loss:-22.379 || 耗时：37.02s\n"}
,{"stream_name":"stdout","time":17765.240571194,"data":"轮次:··7/·20 || c_Loss:0.379 || e_Loss:-1.413 || Aad_Loss:-26.524 || 耗时：14.04s\n"}
,{"stream_name":"stdout","time":17779.253417603,"data":"轮次:··8/·20 || c_Loss:0.458 || e_Loss:-1.477 || Aad_Loss:-24.683 || 耗时：14.01s\n"}
,{"stream_name":"stdout","time":17793.256279496,"data":"轮次:··9/·20 || c_Loss:0.374 || e_Loss:-1.383 || Aad_Loss:-26.603 || 耗时：14.00s\n"}
,{"stream_name":"stdout","time":17807.233523504,"data":"轮次:·10/·20 || c_Loss:0.498 || e_Loss:-1.399 || Aad_Loss:-23.338 || 耗时：13.98s\n"}
,{"stream_name":"stdout","time":17813.986553806,"data":"任务: (B2)N15_M07_F10→(B1)N15_M01_F10; mix批次:····0; 批次:··940/·1880;  总正确率: 64.43%\n"}
,{"stream_name":"stdout","time":17813.986602935,"data":"类型1 正确率： 100.00% -\u003e 1  100.00%, 2    0.00%, 3    0.00%\n"}
,{"stream_name":"stdout","time":17813.986610906,"data":"类型2 正确率：  93.00% -\u003e 1    0.00%, 2   92.60%, 3    7.40%\n"}
,{"stream_name":"stdout","time":17813.986617124,"data":"类型3 正确率：   1.00% -\u003e 1   22.35%, 2   76.95%, 3    0.70%\n"}
,{"stream_name":"stdout","time":17813.986623536,"data":"\n"}
,{"stream_name":"stdout","time":17813.986629383,"data":"\n"}
,{"stream_name":"stdout","time":17814.039977108,"data":"样本变换：reverse\n"}
,{"stream_name":"stdout","time":17817.660832514,"data":"样本变换：mask\n"}
,{"stream_name":"stdout","time":17821.304793527,"data":"样本变换：shift\n"}
,{"stream_name":"stdout","time":17824.919839826,"data":"样本变换：none\n"}
,{"stream_name":"stderr","time":17830.474961166,"data":"/kaggle/working/k10/S07/sdalr_PU_final_checkpoint/tools.py:413: RuntimeWarning: invalid value encountered in divide\n"}
,{"stream_name":"stderr","time":17830.475027764,"data":"  per_class_acc = conf_matrix.diagonal() / conf_matrix.sum(axis=1) * 100\n"}
,{"stream_name":"stdout","time":17830.475095846,"data":"未过滤\t未用伪标签：64.43% -\u003e 使用伪标签：79.83%\n"}
,{"stream_name":"stdout","time":17830.475107303,"data":"已过滤\t未用伪标签：65.08% -\u003e 使用伪标签：80.64%\n"}
,{"stream_name":"stdout","time":17830.475113756,"data":"排除样本：60|6000\t剩余：2156, 2994, 790\n"}
,{"stream_name":"stdout","time":17830.475120675,"data":"增添样本：1210\t\t细则：0, 0, 1210\t正确率估算：1.90%\n"}
,{"stream_name":"stdout","time":17830.475127527,"data":"类型1 正确率： 100.00% -\u003e 1  100.00%, 2    0.00%, 3    0.00%\n"}
,{"stream_name":"stdout","time":17830.475133878,"data":"类型2 正确率： 100.00% -\u003e 1    0.00%, 2  100.00%, 3    0.00%\n"}
,{"stream_name":"stdout","time":17830.475139948,"data":"类型3 正确率：  41.00% -\u003e 1    8.04%, 2   51.24%, 3   40.72%\n"}
,{"stream_name":"stdout","time":17830.475145208,"data":"\n"}
,{"stream_name":"stdout","time":17830.4751503,"data":"被排除样本 正确率：0.00%\n"}
,{"stream_name":"stdout","time":17830.475155435,"data":"类型1 没有样本或未被分类。\n"}
,{"stream_name":"stdout","time":17830.475160641,"data":"类型2 没有样本或未被分类。\n"}
,{"stream_name":"stdout","time":17830.475165769,"data":"类型3 正确率：   0.00% -\u003e 1   80.00%, 2   20.00%, 3    0.00%\n"}
,{"stream_name":"stdout","time":17830.475171272,"data":"\n"}
,{"stream_name":"stdout","time":17830.475176109,"data":"\n"}
,{"stream_name":"stdout","time":17844.246016754,"data":"轮次:·11/·20 || c_Loss:0.603 || e_Loss:-1.554 || Aad_Loss:-20.130 || 耗时：37.01s\n"}
,{"stream_name":"stdout","time":17857.995380487,"data":"轮次:·12/·20 || c_Loss:0.586 || e_Loss:-1.539 || Aad_Loss:-22.627 || 耗时：13.75s\n"}
,{"stream_name":"stdout","time":17871.744011915,"data":"轮次:·13/·20 || c_Loss:0.472 || e_Loss:-1.534 || Aad_Loss:-27.517 || 耗时：13.75s\n"}
,{"stream_name":"stdout","time":17885.478859646,"data":"轮次:·14/·20 || c_Loss:0.441 || e_Loss:-1.463 || Aad_Loss:-25.793 || 耗时：13.73s\n"}
,{"stream_name":"stdout","time":17899.225100192,"data":"轮次:·15/·20 || c_Loss:0.404 || e_Loss:-1.563 || Aad_Loss:-24.081 || 耗时：13.75s\n"}
,{"stream_name":"stdout","time":17905.884193537,"data":"任务: (B2)N15_M07_F10→(B1)N15_M01_F10; mix批次:····0; 批次:·1410/·1880;  总正确率: 89.13%\n"}
,{"stream_name":"stdout","time":17905.884255288,"data":"类型1 正确率： 100.00% -\u003e 1  100.00%, 2    0.00%, 3    0.00%\n"}
,{"stream_name":"stdout","time":17905.884263593,"data":"类型2 正确率： 100.00% -\u003e 1    0.00%, 2  100.00%, 3    0.00%\n"}
,{"stream_name":"stdout","time":17905.884269304,"data":"类型3 正确率：  67.00% -\u003e 1    0.95%, 2   31.65%, 3   67.40%\n"}
,{"stream_name":"stdout","time":17905.884274972,"data":"\n"}
,{"stream_name":"stdout","time":17905.884280012,"data":"\n"}
,{"stream_name":"stdout","time":17905.933736434,"data":"样本变换：reverse\n"}
,{"stream_name":"stdout","time":17909.507827652,"data":"样本变换：mask\n"}
,{"stream_name":"stdout","time":17913.141871686,"data":"样本变换：shift\n"}
,{"stream_name":"stdout","time":17916.724824332,"data":"样本变换：none\n"}
,{"stream_name":"stderr","time":17922.683641724,"data":"/kaggle/working/k10/S07/sdalr_PU_final_checkpoint/tools.py:413: RuntimeWarning: invalid value encountered in divide\n"}
,{"stream_name":"stderr","time":17922.683708683,"data":"  per_class_acc = conf_matrix.diagonal() / conf_matrix.sum(axis=1) * 100\n"}
,{"stream_name":"stdout","time":17922.683777876,"data":"未过滤\t未用伪标签：89.13% -\u003e 使用伪标签：83.13%\n"}
,{"stream_name":"stdout","time":17922.683807519,"data":"已过滤\t未用伪标签：89.18% -\u003e 使用伪标签：83.19%\n"}
,{"stream_name":"stdout","time":17922.683818644,"data":"排除样本：4|6000\t剩余：2010, 2998, 988\n"}
,{"stream_name":"stdout","time":17922.683826641,"data":"增添样本：1012\t\t细则：0, 0, 1012\t正确率估算：99.19%\n"}
,{"stream_name":"stdout","time":17922.683832482,"data":"类型1 正确率： 100.00% -\u003e 1  100.00%, 2    0.00%, 3    0.00%\n"}
,{"stream_name":"stdout","time":17922.683838219,"data":"类型2 正确率： 100.00% -\u003e 1    0.00%, 2  100.00%, 3    0.00%\n"}
,{"stream_name":"stdout","time":17922.683843941,"data":"类型3 正确率：  49.00% -\u003e 1    0.50%, 2   50.00%, 3   49.50%\n"}
,{"stream_name":"stdout","time":17922.683849255,"data":"\n"}
,{"stream_name":"stdout","time":17922.683854731,"data":"被排除样本 正确率：25.00%\n"}
,{"stream_name":"stdout","time":17922.683860609,"data":"类型1 没有样本或未被分类。\n"}
,{"stream_name":"stdout","time":17922.683866736,"data":"类型2 正确率：  25.00% -\u003e 1   75.00%, 2   25.00%\n"}
,{"stream_name":"stdout","time":17922.683872657,"data":"\n"}
,{"stream_name":"stdout","time":17922.683880024,"data":"\n"}
,{"stream_name":"stdout","time":17936.406322699,"data":"轮次:·16/·20 || c_Loss:0.353 || e_Loss:-1.562 || Aad_Loss:-28.105 || 耗时：37.18s\n"}
,{"stream_name":"stdout","time":17950.226093425,"data":"轮次:·17/·20 || c_Loss:0.329 || e_Loss:-1.529 || Aad_Loss:-26.556 || 耗时：13.82s\n"}
,{"stream_name":"stdout","time":17964.102662473,"data":"轮次:·18/·20 || c_Loss:0.322 || e_Loss:-1.738 || Aad_Loss:-25.560 || 耗时：13.88s\n"}
,{"stream_name":"stdout","time":17978.021145276,"data":"轮次:·19/·20 || c_Loss:0.325 || e_Loss:-1.662 || Aad_Loss:-28.414 || 耗时：13.92s\n"}
,{"stream_name":"stdout","time":17991.927876765,"data":"轮次:·20/·20 || c_Loss:0.328 || e_Loss:-1.671 || Aad_Loss:-26.853 || 耗时：13.91s\n"}
,{"stream_name":"stdout","time":17998.655399411,"data":"任务: (B2)N15_M07_F10→(B1)N15_M01_F10; mix批次:····0; 批次:·1880/·1880;  总正确率: 91.37%\n"}
,{"stream_name":"stdout","time":17998.655439721,"data":"类型1 正确率： 100.00% -\u003e 1   99.95%, 2    0.00%, 3    0.05%\n"}
,{"stream_name":"stdout","time":17998.655448028,"data":"类型2 正确率： 100.00% -\u003e 1    0.00%, 2  100.00%, 3    0.00%\n"}
,{"stream_name":"stdout","time":17998.655454855,"data":"类型3 正确率：  74.00% -\u003e 1    0.00%, 2   25.85%, 3   74.15%\n"}
,{"stream_name":"stdout","time":17998.655461374,"data":"\n"}
,{"stream_name":"stdout","time":17998.655467146,"data":"\n"}
,{"stream_name":"stdout","time":18005.356871324,"data":"测试集任务: (B2)N15_M07_F10→(B1)N15_M01_F10; 总正确率 = 91.37%\n"}
,{"stream_name":"stdout","time":18005.356915209,"data":"类型1 正确率： 100.00% -\u003e 1   99.95%, 2    0.00%, 3    0.05%\n"}
,{"stream_name":"stdout","time":18005.3569299,"data":"类型2 正确率： 100.00% -\u003e 1    0.00%, 2  100.00%, 3    0.00%\n"}
,{"stream_name":"stdout","time":18005.356934881,"data":"类型3 正确率：  74.00% -\u003e 1    0.00%, 2   25.85%, 3   74.15%\n"}
,{"stream_name":"stdout","time":18005.356938856,"data":"\n"}
,{"stream_name":"stdout","time":18005.356942477,"data":"\n"}
,{"stream_name":"stdout","time":18005.389357943,"data":"[tar_adaptation_RES_PU.py --folder_root /kaggle/working/k10/S07/sdalr_PU_final_checkpoint/DATA_foldS07c --seed 2024 --class_num 3 --data_name PU_M1_L3 --output /kaggle/working/k10/S07/weight_PU_M1_final_checkpoint_FS07toS07c_gateoracle_s2024 --s 1 --t 0 --lr 0.0005 --threshold 0.4 --K 0.6] 389s\n"}
,{"stream_name":"stdout","time":18005.432255787,"data":"读取源域路径：/kaggle/working/k10/S07/weight_PU_M1_final_checkpoint_FS07toS07c_gateoracle_s2024/NEW_PU/Source-源域/log\u0026pt/(B2)N15_M07_F10\n"}
,{"stream_name":"stdout","time":18005.43230041,"data":"excel输出位置：/kaggle/working/k10/S07/weight_PU_M1_final_checkpoint_FS07toS07c_gateoracle_s2024/NEW_PU/Target-目标域\n"}
,{"stream_name":"stdout","time":18005.43234269,"data":"特征图片输出位置：/kaggle/working/k10/S07/weight_PU_M1_final_checkpoint_FS07toS07c_gateoracle_s2024/NEW_PU/Picture-特征图/2026年09月19日08时05分/(B2)N15_M07_F10\n"}
,{"stream_name":"stderr","time":18005.473047347,"data":"/usr/local/lib/python3.12/dist-packages/torch/nn/utils/weight_norm.py:144: FutureWarning: `torch.nn.utils.weight_norm` is deprecated in favor of `torch.nn.utils.parametrizations.weight_norm`.\n"}
,{"stream_name":"stderr","time":18005.473084864,"data":"  WeightNorm.apply(module, name, dim)\n"}
,{"stream_name":"stdout","time":18005.518254439,"data":"现在选取:(B2)N15_M07_F10 进行训练的源模型\n"}
,{"stream_name":"stdout","time":18005.518294224,"data":"现在进行：(B2)N15_M07_F10→(B3)N15_M07_F04 的迁移任务\n"}
,{"stream_name":"stdout","time":18005.518303737,"data":"log\u0026pt输出位置：/kaggle/working/k10/S07/weight_PU_M1_final_checkpoint_FS07toS07c_gateoracle_s2024/NEW_PU/Target-目标域/log\u0026pt/(B2)N15_M07_F10→(B3)N15_M07_F04\n"}
,{"stream_name":"stderr","time":18005.519869409,"data":"sh: 1: Syntax error: word unexpected (expecting \")\")\n"}
,{"stream_name":"stdout","time":18017.880876153,"data":"任务: (B2)N15_M07_F10→(B3)N15_M07_F04; 批次:····0/·1880;  总正确率: 60.50%\n"}
,{"stream_name":"stdout","time":18017.880965174,"data":"类型1 正确率：  99.00% -\u003e 1   99.05%, 2    0.85%, 3    0.10%\n"}
,{"stream_name":"stdout","time":18017.880973202,"data":"类型2 正确率：  82.00% -\u003e 1    0.00%, 2   82.45%, 3   17.55%\n"}
,{"stream_name":"stdout","time":18017.880977822,"data":"类型3 正确率：   0.00% -\u003e 1    5.20%, 2   94.80%, 3    0.00%\n"}
,{"stream_name":"stdout","time":18017.88098224,"data":"\n"}
,{"stream_name":"stdout","time":18017.880988676,"data":"\n"}
,{"stream_name":"stdout","time":18017.881770618,"data":"样本变换：reverse\n"}
,{"stream_name":"stdout","time":18021.483930229,"data":"样本变换：mask\n"}
,{"stream_name":"stdout","time":18025.137714011,"data":"样本变换：shift\n"}
,{"stream_name":"stdout","time":18028.808813408,"data":"样本变换：none\n"}
,{"stream_name":"stdout","time":18034.503686997,"data":"未过滤\t未用伪标签：60.50% -\u003e 使用伪标签：47.73%\n"}
,{"stream_name":"stdout","time":18034.5037392,"data":"已过滤\t未用伪标签：59.96% -\u003e 使用伪标签：48.73%\n"}
,{"stream_name":"stdout","time":18034.503747921,"data":"排除样本：123|6000\t剩余：2106, 2747, 1024\n"}
,{"stream_name":"stdout","time":18034.503754111,"data":"增添样本：1124\t\t细则：0, 1124\t正确率估算：100.00%\n"}
,{"stream_name":"stdout","time":18034.50377919,"data":"类型1 正确率： 100.00% -\u003e 1   99.80%, 2    0.20%, 3    0.00%\n"}
,{"stream_name":"stdout","time":18034.503786439,"data":"类型2 正确率：  46.00% -\u003e 1    0.00%, 2   45.93%, 3   54.07%\n"}
,{"stream_name":"stdout","time":18034.503792092,"data":"类型3 正确率：   0.00% -\u003e 1    5.64%, 2   94.36%, 3    0.00%\n"}
,{"stream_name":"stdout","time":18034.503797536,"data":"\n"}
,{"stream_name":"stdout","time":18034.503802552,"data":"被排除样本 正确率：86.18%\n"}
,{"stream_name":"stdout","time":18034.503807821,"data":"类型1 正确率：   0.00% -\u003e 1    0.00%, 2  100.00%, 3    0.00%\n"}
,{"stream_name":"stdout","time":18034.503820155,"data":"类型2 正确率： 100.00% -\u003e 1    0.00%, 2  100.00%, 3    0.00%\n"}
,{"stream_name":"stdout","time":18034.503824324,"data":"类型3 正确率：   0.00% -\u003e 1   33.33%, 2   66.67%, 3    0.00%\n"}
,{"stream_name":"stdout","time":18034.503828101,"data":"\n"}
,{"stream_name":"stdout","time":18034.503831526,"data":"\n"}
,{"stream_name":"stdout","time":18048.595953463,"data":"轮次:··1/·20 || c_Loss:0.409 || e_Loss:-1.086 || Aad_Loss:-21.039 || 耗时：37.21s\n"}
,{"stream_name":"stdout","time":18062.544914083,"data":"轮次:··2/·20 || c_Loss:0.446 || e_Loss:-1.371 || Aad_Loss:-27.889 || 耗时：13.95s\n"}
,{"stream_name":"stdout","time":18076.342399738,"data":"轮次:··3/·20 || c_Loss:0.499 || e_Loss:-1.382 || Aad_Loss:-25.195 || 耗时：13.80s\n"}
,{"stream_name":"stdout","time":18090.059731464,"data":"轮次:··4/·20 || c_Loss:0.399 || e_Loss:-1.346 || Aad_Loss:-24.027 || 耗时：13.72s\n"}
,{"stream_name":"stdout","time":18103.851479777,"data":"轮次:··5/·20 || c_Loss:0.458 || e_Loss:-1.432 || Aad_Loss:-30.035 || 耗时：13.79s\n"}
,{"stream_name":"stdout","time":18110.549024271,"data":"任务: (B2)N15_M07_F10→(B3)N15_M07_F04; mix批次:····0; 批次:··470/·1880;  总正确率: 64.88%\n"}
,{"stream_name":"stdout","time":18110.54907215,"data":"类型1 正确率： 100.00% -\u003e 1  100.00%, 2    0.00%, 3    0.00%\n"}
,{"stream_name":"stdout","time":18110.54907811,"data":"类型2 正确率：  95.00% -\u003e 1    0.00%, 2   94.65%, 3    5.35%\n"}
,{"stream_name":"stdout","time":18110.549081947,"data":"类型3 正确率：   0.00% -\u003e 1   13.35%, 2   86.65%, 3    0.00%\n"}
,{"stream_name":"stdout","time":18110.549088876,"data":"\n"}
,{"stream_name":"stdout","time":18110.54911031,"data":"\n"}
,{"stream_name":"stdout","time":18110.587515465,"data":"样本变换：reverse\n"}
,{"stream_name":"stdout","time":18114.212895693,"data":"样本变换：mask\n"}
,{"stream_name":"stdout","time":18117.867822036,"data":"样本变换：shift\n"}
,{"stream_name":"stdout","time":18121.520829902,"data":"样本变换：none\n"}
,{"stream_name":"stderr","time":18127.065533061,"data":"/kaggle/working/k10/S07/sdalr_PU_final_checkpoint/tools.py:413: RuntimeWarning: invalid value encountered in divide\n"}
,{"stream_name":"stderr","time":18127.065579161,"data":"  per_class_acc = conf_matrix.diagonal() / conf_matrix.sum(axis=1) * 100\n"}
,{"stream_name":"stdout","time":18127.065857974,"data":"未过滤\t未用伪标签：64.88% -\u003e 使用伪标签：77.72%\n"}
,{"stream_name":"stdout","time":18127.065882631,"data":"已过滤\t未用伪标签：65.46% -\u003e 使用伪标签：78.41%\n"}
,{"stream_name":"stdout","time":18127.065888299,"data":"排除样本：53|6000\t剩余：2226, 3058, 663\n"}
,{"stream_name":"stdout","time":18127.065893731,"data":"增添样本：1337\t\t细则：0, 0, 1337\t正确率估算：0.00%\n"}
,{"stream_name":"stdout","time":18127.065899328,"data":"类型1 正确率： 100.00% -\u003e 1  100.00%, 2    0.00%, 3    0.00%\n"}
,{"stream_name":"stdout","time":18127.065904305,"data":"类型2 正确率： 100.00% -\u003e 1    0.00%, 2  100.00%, 3    0.00%\n"}
,{"stream_name":"stdout","time":18127.065909377,"data":"类型3 正确率：  34.00% -\u003e 1   11.61%, 2   54.34%, 3   34.05%\n"}
,{"stream_name":"stdout","time":18127.065914146,"data":"\n"}
,{"stream_name":"stdout","time":18127.065917978,"data":"被排除样本 正确率：0.00%\n"}
,{"stream_name":"stdout","time":18127.065922085,"data":"类型1 没有样本或未被分类。\n"}
,{"stream_name":"stdout","time":18127.065925986,"data":"类型2 没有样本或未被分类。\n"}
,{"stream_name":"stdout","time":18127.06593011,"data":"类型3 正确率：   0.00% -\u003e 1   30.19%, 2   69.81%, 3    0.00%\n"}
,{"stream_name":"stdout","time":18127.065934839,"data":"\n"}
,{"stream_name":"stdout","time":18127.065938691,"data":"\n"}
,{"stream_name":"stdout","time":18140.92990786,"data":"轮次:··6/·20 || c_Loss:0.742 || e_Loss:-1.276 || Aad_Loss:-21.876 || 耗时：37.08s\n"}
,{"stream_name":"stdout","time":18154.81502887,"data":"轮次:··7/·20 || c_Loss:0.648 || e_Loss:-1.396 || Aad_Loss:-24.218 || 耗时：13.88s\n"}
,{"stream_name":"stdout","time":18168.682169826,"data":"轮次:··8/·20 || c_Loss:0.578 || e_Loss:-1.366 || Aad_Loss:-30.330 || 耗时：13.87s\n"}
,{"stream_name":"stdout","time":18182.535951236,"data":"轮次:··9/·20 || c_Loss:0.647 || e_Loss:-1.329 || Aad_Loss:-23.385 || 耗时：13.85s\n"}
,{"stream_name":"stdout","time":18196.373881608,"data":"轮次:·10/·20 || c_Loss:0.570 || e_Loss:-1.337 || Aad_Loss:-24.376 || 耗时：13.84s\n"}
,{"stream_name":"stdout","time":18203.101853743,"data":"任务: (B2)N15_M07_F10→(B3)N15_M07_F04; mix批次:····0; 批次:··940/·1880;  总正确率: 72.33%\n"}
,{"stream_name":"stdout","time":18203.10189472,"data":"类型1 正确率： 100.00% -\u003e 1  100.00%, 2    0.00%, 3    0.00%\n"}
,{"stream_name":"stdout","time":18203.101909069,"data":"类型2 正确率：  99.00% -\u003e 1    0.00%, 2   99.10%, 3    0.90%\n"}
,{"stream_name":"stdout","time":18203.101913479,"data":"类型3 正确率：  18.00% -\u003e 1    4.20%, 2   77.90%, 3   17.90%\n"}
,{"stream_name":"stdout","time":18203.101917391,"data":"\n"}
,{"stream_name":"stdout","time":18203.10192092,"data":"\n"}
,{"stream_name":"stdout","time":18203.157245126,"data":"样本变换：reverse\n"}
,{"stream_name":"stdout","time":18206.759397009,"data":"样本变换：mask\n"}
,{"stream_name":"stdout","time":18210.36581674,"data":"样本变换：shift\n"}
,{"stream_name":"stdout","time":18213.972329997,"data":"样本变换：none\n"}
,{"stream_name":"stderr","time":18219.581685354,"data":"/kaggle/working/k10/S07/sdalr_PU_final_checkpoint/tools.py:413: RuntimeWarning: invalid value encountered in divide\n"}
,{"stream_name":"stderr","time":18219.581738262,"data":"  per_class_acc = conf_matrix.diagonal() / conf_matrix.sum(axis=1) * 100\n"}
,{"stream_name":"stdout","time":18219.581868335,"data":"未过滤\t未用伪标签：72.33% -\u003e 使用伪标签：81.05%\n"}
,{"stream_name":"stdout","time":18219.581885403,"data":"已过滤\t未用伪标签：72.28% -\u003e 使用伪标签：81.27%\n"}
,{"stream_name":"stdout","time":18219.581891394,"data":"排除样本：16|6000\t剩余：2121, 3000, 863\n"}
,{"stream_name":"stdout","time":18219.581897063,"data":"增添样本：1137\t\t细则：0, 0, 1137\t正确率估算：37.08%\n"}
,{"stream_name":"stdout","time":18219.581923549,"data":"类型1 正确率： 100.00% -\u003e 1  100.00%, 2    0.00%, 3    0.00%\n"}
,{"stream_name":"stdout","time":18219.581929894,"data":"类型2 正确率： 100.00% -\u003e 1    0.00%, 2  100.00%, 3    0.00%\n"}
,{"stream_name":"stdout","time":18219.581935726,"data":"类型3 正确率：  43.00% -\u003e 1    6.10%, 2   50.40%, 3   43.50%\n"}
,{"stream_name":"stdout","time":18219.581941815,"data":"\n"}
,{"stream_name":"stdout","time":18219.581947473,"data":"被排除样本 正确率：93.75%\n"}
,{"stream_name":"stdout","time":18219.581953507,"data":"类型1 没有样本或未被分类。\n"}
,{"stream_name":"stdout","time":18219.581958822,"data":"类型2 正确率：  94.00% -\u003e 1    6.25%, 2   93.75%\n"}
,{"stream_name":"stdout","time":18219.581964181,"data":"\n"}
,{"stream_name":"stdout","time":18219.581971552,"data":"\n"}
,{"stream_name":"stdout","time":18233.386566125,"data":"轮次:·11/·20 || c_Loss:0.658 || e_Loss:-1.300 || Aad_Loss:-23.251 || 耗时：37.01s\n"}
,{"stream_name":"stdout","time":18247.242711435,"data":"轮次:·12/·20 || c_Loss:0.602 || e_Loss:-1.352 || Aad_Loss:-24.181 || 耗时：13.86s\n"}
,{"stream_name":"stdout","time":18261.086394375,"data":"轮次:·13/·20 || c_Loss:0.564 || e_Loss:-1.312 || Aad_Loss:-24.295 || 耗时：13.84s\n"}
,{"stream_name":"stdout","time":18274.960750212,"data":"轮次:·14/·20 || c_Loss:0.488 || e_Loss:-1.334 || Aad_Loss:-24.762 || 耗时：13.87s\n"}
,{"stream_name":"stdout","time":18288.841443835,"data":"轮次:·15/·20 || c_Loss:0.442 || e_Loss:-1.368 || Aad_Loss:-24.403 || 耗时：13.88s\n"}
,{"stream_name":"stdout","time":18295.590767222,"data":"任务: (B2)N15_M07_F10→(B3)N15_M07_F04; mix批次:····0; 批次:·1410/·1880;  总正确率: 83.33%\n"}
,{"stream_name":"stdout","time":18295.590808349,"data":"类型1 正确率： 100.00% -\u003e 1  100.00%, 2    0.00%, 3    0.00%\n"}
,{"stream_name":"stdout","time":18295.59081776,"data":"类型2 正确率： 100.00% -\u003e 1    0.00%, 2  100.00%, 3    0.00%\n"}
,{"stream_name":"stdout","time":18295.590824167,"data":"类型3 正确率：  50.00% -\u003e 1    0.15%, 2   49.85%, 3   50.00%\n"}
,{"stream_name":"stdout","time":18295.590830406,"data":"\n"}
,{"stream_name":"stdout","time":18295.590836032,"data":"\n"}
,{"stream_name":"stdout","time":18295.642341763,"data":"样本变换：reverse\n"}
,{"stream_name":"stdout","time":18299.244828739,"data":"样本变换：mask\n"}
,{"stream_name":"stdout","time":18302.861195886,"data":"样本变换：shift\n"}
,{"stream_name":"stdout","time":18306.456955828,"data":"样本变换：none\n"}
,{"stream_name":"stderr","time":18312.163012539,"data":"/usr/local/lib/python3.12/dist-packages/sklearn/metrics/_classification.py:407: UserWarning: A single label was found in 'y_true' and 'y_pred'. For the confusion matrix to have the correct shape, use the 'labels' parameter to pass all known labels.\n"}
,{"stream_name":"stderr","time":18312.163103093,"data":"  warnings.warn(\n"}
,{"stream_name":"stdout","time":18312.163224706,"data":"未过滤\t未用伪标签：83.33% -\u003e 使用伪标签：82.72%\n"}
,{"stream_name":"stdout","time":18312.163236141,"data":"已过滤\t未用伪标签：83.31% -\u003e 使用伪标签：82.84%\n"}
,{"stream_name":"stdout","time":18312.163241172,"data":"排除样本：9|6000\t剩余：2028, 3000, 963\n"}
,{"stream_name":"stdout","time":18312.163245448,"data":"增添样本：1037\t\t细则：0, 0, 1037\t正确率估算：100.00%\n"}
,{"stream_name":"stdout","time":18312.163249863,"data":"类型1 正确率： 100.00% -\u003e 1  100.00%, 2    0.00%, 3    0.00%\n"}
,{"stream_name":"stdout","time":18312.163254414,"data":"类型2 正确率： 100.00% -\u003e 1    0.00%, 2  100.00%, 3    0.00%\n"}
,{"stream_name":"stdout","time":18312.163258602,"data":"类型3 正确率：  48.00% -\u003e 1    1.41%, 2   50.23%, 3   48.37%\n"}
,{"stream_name":"stdout","time":18312.163262818,"data":"\n"}
,{"stream_name":"stdout","time":18312.163266599,"data":"被排除样本 正确率：100.00%\n"}
,{"stream_name":"stdout","time":18312.163270743,"data":"类型1 正确率： 100.00% -\u003e 1  100.00%\n"}
,{"stream_name":"stdout","time":18312.163275603,"data":"\n"}
,{"stream_name":"stdout","time":18312.163280118,"data":"\n"}
,{"stream_name":"stdout","time":18325.96510908,"data":"轮次:·16/·20 || c_Loss:0.415 || e_Loss:-1.381 || Aad_Loss:-22.052 || 耗时：37.12s\n"}
,{"stream_name":"stdout","time":18339.917159497,"data":"轮次:·17/·20 || c_Loss:0.421 || e_Loss:-1.159 || Aad_Loss:-33.141 || 耗时：13.95s\n"}
,{"stream_name":"stdout","time":18353.906340803,"data":"轮次:·18/·20 || c_Loss:0.370 || e_Loss:-1.553 || Aad_Loss:-26.545 || 耗时：13.99s\n"}
,{"stream_name":"stdout","time":18367.905877369,"data":"轮次:·19/·20 || c_Loss:0.330 || e_Loss:-1.437 || Aad_Loss:-27.799 || 耗时：14.00s\n"}
,{"stream_name":"stdout","time":18381.848702608,"data":"轮次:·20/·20 || c_Loss:0.325 || e_Loss:-1.554 || Aad_Loss:-23.111 || 耗时：13.94s\n"}
,{"stream_name":"stdout","time":18388.557277414,"data":"任务: (B2)N15_M07_F10→(B3)N15_M07_F04; mix批次:····0; 批次:·1880/·1880;  总正确率: 84.07%\n"}
,{"stream_name":"stdout","time":18388.557317011,"data":"类型1 正确率： 100.00% -\u003e 1   99.95%, 2    0.00%, 3    0.05%\n"}
,{"stream_name":"stdout","time":18388.557324825,"data":"类型2 正确率： 100.00% -\u003e 1    0.00%, 2   99.80%, 3    0.20%\n"}
,{"stream_name":"stdout","time":18388.557331412,"data":"类型3 正确率：  52.00% -\u003e 1    0.05%, 2   47.50%, 3   52.45%\n"}
,{"stream_name":"stdout","time":18388.557337851,"data":"\n"}
,{"stream_name":"stdout","time":18388.557343604,"data":"\n"}
,{"stream_name":"stdout","time":18395.232657661,"data":"测试集任务: (B2)N15_M07_F10→(B3)N15_M07_F04; 总正确率 = 84.07%\n"}
,{"stream_name":"stdout","time":18395.232700146,"data":"类型1 正确率： 100.00% -\u003e 1   99.95%, 2    0.00%, 3    0.05%\n"}
,{"stream_name":"stdout","time":18395.232705635,"data":"类型2 正确率： 100.00% -\u003e 1    0.00%, 2   99.80%, 3    0.20%\n"}
,{"stream_name":"stdout","time":18395.232709536,"data":"类型3 正确率：  52.00% -\u003e 1    0.05%, 2   47.50%, 3   52.45%\n"}
,{"stream_name":"stdout","time":18395.232713467,"data":"\n"}
,{"stream_name":"stdout","time":18395.232716861,"data":"\n"}
,{"stream_name":"stdout","time":18395.261085097,"data":"[tar_adaptation_RES_PU.py --folder_root /kaggle/working/k10/S07/sdalr_PU_final_checkpoint/DATA_foldS07c --seed 2024 --class_num 3 --data_name PU_M1_L3 --output /kaggle/working/k10/S07/weight_PU_M1_final_checkpoint_FS07toS07c_gateoracle_s2024 --s 1 --t 2 --lr 0.0005 --threshold 0.4 --K 0.6] 390s\n"}
,{"stream_name":"stdout","time":18395.30721295,"data":"读取源域路径：/kaggle/working/k10/S07/weight_PU_M1_final_checkpoint_FS07toS07c_gateoracle_s2024/NEW_PU/Source-源域/log\u0026pt/(B3)N15_M07_F04\n"}
,{"stream_name":"stdout","time":18395.30725873,"data":"excel输出位置：/kaggle/working/k10/S07/weight_PU_M1_final_checkpoint_FS07toS07c_gateoracle_s2024/NEW_PU/Target-目标域\n"}
,{"stream_name":"stdout","time":18395.307377602,"data":"特征图片输出位置：/kaggle/working/k10/S07/weight_PU_M1_final_checkpoint_FS07toS07c_gateoracle_s2024/NEW_PU/Picture-特征图/2026年09月19日08时11分/(B3)N15_M07_F04\n"}
,{"stream_name":"stderr","time":18395.349804663,"data":"/usr/local/lib/python3.12/dist-packages/torch/nn/utils/weight_norm.py:144: FutureWarning: `torch.nn.utils.weight_norm` is deprecated in favor of `torch.nn.utils.parametrizations.weight_norm`.\n"}
,{"stream_name":"stderr","time":18395.349840463,"data":"  WeightNorm.apply(module, name, dim)\n"}
,{"stream_name":"stdout","time":18395.396473516,"data":"现在选取:(B3)N15_M07_F04 进行训练的源模型\n"}
,{"stream_name":"stdout","time":18395.396505455,"data":"现在进行：(B3)N15_M07_F04→(B1)N15_M01_F10 的迁移任务\n"}
,{"stream_name":"stdout","time":18395.396511232,"data":"log\u0026pt输出位置：/kaggle/working/k10/S07/weight_PU_M1_final_checkpoint_FS07toS07c_gateoracle_s2024/NEW_PU/Target-目标域/log\u0026pt/(B3)N15_M07_F04→(B1)N15_M01_F10\n"}
,{"stream_name":"stderr","time":18395.398267338,"data":"sh: 1: Syntax error: word unexpected (expecting \")\")\n"}
,{"stream_name":"stdout","time":18407.620574884,"data":"任务: (B3)N15_M07_F04→(B1)N15_M01_F10; 批次:····0/·1880;  总正确率: 50.15%\n"}
,{"stream_name":"stdout","time":18407.620631392,"data":"类型1 正确率：  80.00% -\u003e 1   79.90%, 2    1.35%, 3   18.75%\n"}
,{"stream_name":"stdout","time":18407.620638124,"data":"类型2 正确率：  71.00% -\u003e 1    0.05%, 2   70.55%, 3   29.40%\n"}
,{"stream_name":"stdout","time":18407.620642473,"data":"类型3 正确率：   0.00% -\u003e 1    0.00%, 2  100.00%, 3    0.00%\n"}
,{"stream_name":"stdout","time":18407.620648357,"data":"\n"}
,{"stream_name":"stdout","time":18407.620655528,"data":"\n"}
,{"stream_name":"stdout","time":18407.62147506,"data":"样本变换：reverse\n"}
,{"stream_name":"stdout","time":18411.203849128,"data":"样本变换：mask\n"}
,{"stream_name":"stdout","time":18414.797903334,"data":"样本变换：shift\n"}
,{"stream_name":"stdout","time":18418.401833335,"data":"样本变换：none\n"}
,{"stream_name":"stderr","time":18423.773282793,"data":"/kaggle/working/k10/S07/sdalr_PU_final_checkpoint/tools.py:413: RuntimeWarning: invalid value encountered in divide\n"}
,{"stream_name":"stderr","time":18423.773320471,"data":"  per_class_acc = conf_matrix.diagonal() / conf_matrix.sum(axis=1) * 100\n"}
,{"stream_name":"stdout","time":18423.773397899,"data":"未过滤\t未用伪标签：50.15% -\u003e 使用伪标签：51.60%\n"}
,{"stream_name":"stdout","time":18423.773430097,"data":"已过滤\t未用伪标签：50.64% -\u003e 使用伪标签：52.55%\n"}
,{"stream_name":"stdout","time":18423.773438782,"data":"排除样本：109|6000\t剩余：1739, 3361, 791\n"}
,{"stream_name":"stdout","time":18423.77344541,"data":"增添样本：382\t\t细则：0, 382\t正确率估算：95.81%\n"}
,{"stream_name":"stdout","time":18423.773452117,"data":"类型1 正确率：  90.00% -\u003e 1   89.92%, 2    0.21%, 3    9.88%\n"}
,{"stream_name":"stdout","time":18423.773479889,"data":"类型2 正确率：  69.00% -\u003e 1    0.00%, 2   69.34%, 3   30.66%\n"}
,{"stream_name":"stdout","time":18423.77348491,"data":"类型3 正确率：   0.00% -\u003e 1    0.00%, 2  100.00%, 3    0.00%\n"}
,{"stream_name":"stdout","time":18423.773489155,"data":"\n"}
,{"stream_name":"stdout","time":18423.773492977,"data":"被排除样本 正确率：23.85%\n"}
,{"stream_name":"stdout","time":18423.773496994,"data":"类型1 正确率：   6.00% -\u003e 1    6.06%, 2    4.55%, 3   89.39%\n"}
,{"stream_name":"stdout","time":18423.77350118,"data":"类型2 正确率：  51.00% -\u003e 1    0.00%, 2   51.16%, 3   48.84%\n"}
,{"stream_name":"stdout","time":18423.773505345,"data":"类型3 没有样本或未被分类。\n"}
,{"stream_name":"stdout","time":18423.773509373,"data":"\n"}
,{"stream_name":"stdout","time":18423.773514964,"data":"\n"}
,{"stream_name":"stdout","time":18437.777988598,"data":"轮次:··1/·20 || c_Loss:0.367 || e_Loss:-1.165 || Aad_Loss:-22.133 || 耗时：36.64s\n"}
,{"stream_name":"stdout","time":18451.796293434,"data":"轮次:··2/·20 || c_Loss:0.428 || e_Loss:-1.315 || Aad_Loss:-19.775 || 耗时：14.02s\n"}
,{"stream_name":"stdout","time":18465.687792379,"data":"轮次:··3/·20 || c_Loss:0.395 || e_Loss:-1.407 || Aad_Loss:-19.288 || 耗时：13.89s\n"}
,{"stream_name":"stdout","time":18479.499043538,"data":"轮次:··4/·20 || c_Loss:0.394 || e_Loss:-1.433 || Aad_Loss:-24.389 || 耗时：13.81s\n"}
,{"stream_name":"stdout","time":18493.359397712,"data":"轮次:··5/·20 || c_Loss:0.351 || e_Loss:-1.262 || Aad_Loss:-25.679 || 耗时：13.86s\n"}
,{"stream_name":"stdout","time":18500.013416538,"data":"任务: (B3)N15_M07_F04→(B1)N15_M01_F10; mix批次:····0; 批次:··470/·1880;  总正确率: 66.78%\n"}
,{"stream_name":"stdout","time":18500.013472138,"data":"类型1 正确率： 100.00% -\u003e 1  100.00%, 2    0.00%, 3    0.00%\n"}
,{"stream_name":"stdout","time":18500.013480904,"data":"类型2 正确率：  95.00% -\u003e 1    0.00%, 2   94.55%, 3    5.45%\n"}
,{"stream_name":"stdout","time":18500.013486466,"data":"类型3 正确率：   6.00% -\u003e 1    3.35%, 2   90.85%, 3    5.80%\n"}
,{"stream_name":"stdout","time":18500.013492105,"data":"\n"}
,{"stream_name":"stdout","time":18500.013496886,"data":"\n"}
,{"stream_name":"stdout","time":18500.050782202,"data":"样本变换：reverse\n"}
,{"stream_name":"stdout","time":18503.639866827,"data":"样本变换：mask\n"}
,{"stream_name":"stdout","time":18507.260816595,"data":"样本变换：shift\n"}
,{"stream_name":"stdout","time":18510.848801081,"data":"样本变换：none\n"}
,{"stream_name":"stderr","time":18516.222654818,"data":"/kaggle/working/k10/S07/sdalr_PU_final_checkpoint/tools.py:413: RuntimeWarning: invalid value encountered in divide\n"}
,{"stream_name":"stderr","time":18516.222702398,"data":"  per_class_acc = conf_matrix.diagonal() / conf_matrix.sum(axis=1) * 100\n"}
,{"stream_name":"stdout","time":18516.222929653,"data":"未过滤\t未用伪标签：66.78% -\u003e 使用伪标签：59.75%\n"}
,{"stream_name":"stdout","time":18516.222945175,"data":"已过滤\t未用伪标签：67.12% -\u003e 使用伪标签：60.58%\n"}
,{"stream_name":"stdout","time":18516.22295203,"data":"排除样本：82|6000\t剩余：2004, 3395, 519\n"}
,{"stream_name":"stdout","time":18516.22295915,"data":"增添样本：2415\t\t细则：0, 477, 1938\t正确率估算：92.95%\n"}
,{"stream_name":"stdout","time":18516.22296643,"data":"类型1 正确率： 100.00% -\u003e 1  100.00%, 2    0.00%, 3    0.00%\n"}
,{"stream_name":"stdout","time":18516.22297286,"data":"类型2 正确率：  77.00% -\u003e 1    0.00%, 2   76.92%, 3   23.08%\n"}
,{"stream_name":"stdout","time":18516.222978963,"data":"类型3 正确率：   3.00% -\u003e 1    0.21%, 2   96.59%, 3    3.20%\n"}
,{"stream_name":"stdout","time":18516.223000625,"data":"\n"}
,{"stream_name":"stdout","time":18516.22300463,"data":"被排除样本 正确率：42.68%\n"}
,{"stream_name":"stdout","time":18516.223008602,"data":"类型1 没有样本或未被分类。\n"}
,{"stream_name":"stdout","time":18516.223012673,"data":"类型2 正确率： 100.00% -\u003e 1    0.00%, 2  100.00%, 3    0.00%\n"}
,{"stream_name":"stdout","time":18516.223016887,"data":"类型3 正确率：  24.00% -\u003e 1   40.32%, 2   35.48%, 3   24.19%\n"}
,{"stream_name":"stdout","time":18516.223021102,"data":"\n"}
,{"stream_name":"stdout","time":18516.223026953,"data":"\n"}
,{"stream_name":"stdout","time":18529.96520699,"data":"轮次:··6/·20 || c_Loss:0.367 || e_Loss:-1.449 || Aad_Loss:-28.411 || 耗时：36.61s\n"}
,{"stream_name":"stdout","time":18543.808130478,"data":"轮次:··7/·20 || c_Loss:0.445 || e_Loss:-1.488 || Aad_Loss:-22.784 || 耗时：13.84s\n"}
,{"stream_name":"stdout","time":18557.658712638,"data":"轮次:··8/·20 || c_Loss:0.450 || e_Loss:-1.535 || Aad_Loss:-34.003 || 耗时：13.85s\n"}
,{"stream_name":"stdout","time":18571.563075029,"data":"轮次:··9/·20 || c_Loss:0.387 || e_Loss:-1.497 || Aad_Loss:-25.745 || 耗时：13.90s\n"}
,{"stream_name":"stdout","time":18585.459347614,"data":"轮次:·10/·20 || c_Loss:0.359 || e_Loss:-1.453 || Aad_Loss:-30.311 || 耗时：13.90s\n"}
,{"stream_name":"stdout","time":18592.208115645,"data":"任务: (B3)N15_M07_F04→(B1)N15_M01_F10; mix批次:····0; 批次:··940/·1880;  总正确率: 71.88%\n"}
,{"stream_name":"stdout","time":18592.208172979,"data":"类型1 正确率： 100.00% -\u003e 1  100.00%, 2    0.00%, 3    0.00%\n"}
,{"stream_name":"stdout","time":18592.208182016,"data":"类型2 正确率：  97.00% -\u003e 1    0.00%, 2   97.10%, 3    2.90%\n"}
,{"stream_name":"stdout","time":18592.208188987,"data":"类型3 正确率：  19.00% -\u003e 1    5.00%, 2   76.45%, 3   18.55%\n"}
,{"stream_name":"stdout","time":18592.208195195,"data":"\n"}
,{"stream_name":"stdout","time":18592.208200239,"data":"\n"}
,{"stream_name":"stdout","time":18592.256857992,"data":"样本变换：reverse\n"}
,{"stream_name":"stdout","time":18595.823818582,"data":"样本变换：mask\n"}
,{"stream_name":"stdout","time":18599.427864131,"data":"样本变换：shift\n"}
,{"stream_name":"stdout","time":18603.053871453,"data":"样本变换：none\n"}
,{"stream_name":"stderr","time":18608.678251161,"data":"/kaggle/working/k10/S07/sdalr_PU_final_checkpoint/tools.py:413: RuntimeWarning: invalid value encountered in divide\n"}
,{"stream_name":"stderr","time":18608.678316925,"data":"  per_class_acc = conf_matrix.diagonal() / conf_matrix.sum(axis=1) * 100\n"}
,{"stream_name":"stdout","time":18608.678445907,"data":"未过滤\t未用伪标签：71.88% -\u003e 使用伪标签：82.62%\n"}
,{"stream_name":"stdout","time":18608.678458593,"data":"已过滤\t未用伪标签：72.41% -\u003e 使用伪标签：83.59%\n"}
,{"stream_name":"stdout","time":18608.678464074,"data":"排除样本：70|6000\t剩余：2016, 2957, 957\n"}
,{"stream_name":"stdout","time":18608.678469309,"data":"增添样本：1043\t\t细则：0, 0, 1043\t正确率估算：34.80%\n"}
,{"stream_name":"stdout","time":18608.678474759,"data":"类型1 正确率： 100.00% -\u003e 1  100.00%, 2    0.00%, 3    0.00%\n"}
,{"stream_name":"stdout","time":18608.678480039,"data":"类型2 正确率： 100.00% -\u003e 1    0.00%, 2  100.00%, 3    0.00%\n"}
,{"stream_name":"stdout","time":18608.678491677,"data":"类型3 正确率：  50.00% -\u003e 1    0.83%, 2   49.59%, 3   49.59%\n"}
,{"stream_name":"stdout","time":18608.678511299,"data":"\n"}
,{"stream_name":"stdout","time":18608.678542503,"data":"被排除样本 正确率：27.14%\n"}
,{"stream_name":"stdout","time":18608.6785475,"data":"类型1 没有样本或未被分类。\n"}
,{"stream_name":"stdout","time":18608.678551555,"data":"类型2 没有样本或未被分类。\n"}
,{"stream_name":"stdout","time":18608.678555486,"data":"类型3 正确率：  27.00% -\u003e 1   15.71%, 2   57.14%, 3   27.14%\n"}
,{"stream_name":"stdout","time":18608.678559657,"data":"\n"}
,{"stream_name":"stdout","time":18608.678563235,"data":"\n"}
,{"stream_name":"stdout","time":18622.461449142,"data":"轮次:·11/·20 || c_Loss:0.590 || e_Loss:-1.477 || Aad_Loss:-20.045 || 耗时：37.00s\n"}
,{"stream_name":"stdout","time":18636.369951153,"data":"轮次:·12/·20 || c_Loss:0.571 || e_Loss:-1.447 || Aad_Loss:-20.406 || 耗时：13.91s\n"}
,{"stream_name":"stdout","time":18650.259487512,"data":"轮次:·13/·20 || c_Loss:0.599 || e_Loss:-1.429 || Aad_Loss:-19.442 || 耗时：13.89s\n"}
,{"stream_name":"stdout","time":18664.160245053,"data":"轮次:·14/·20 || c_Loss:0.542 || e_Loss:-1.485 || Aad_Loss:-20.370 || 耗时：13.90s\n"}
,{"stream_name":"stdout","time":18678.075248706,"data":"轮次:·15/·20 || c_Loss:0.453 || e_Loss:-1.518 || Aad_Loss:-25.408 || 耗时：13.91s\n"}
,{"stream_name":"stdout","time":18684.803236499,"data":"任务: (B3)N15_M07_F04→(B1)N15_M01_F10; mix批次:····0; 批次:·1410/·1880;  总正确率: 93.55%\n"}
,{"stream_name":"stdout","time":18684.803304282,"data":"类型1 正确率： 100.00% -\u003e 1  100.00%, 2    0.00%, 3    0.00%\n"}
,{"stream_name":"stdout","time":18684.803313515,"data":"类型2 正确率： 100.00% -\u003e 1    0.00%, 2   99.95%, 3    0.05%\n"}
,{"stream_name":"stdout","time":18684.803319484,"data":"类型3 正确率：  81.00% -\u003e 1    0.00%, 2   19.30%, 3   80.70%\n"}
,{"stream_name":"stdout","time":18684.803324931,"data":"\n"}
,{"stream_name":"stdout","time":18684.803330003,"data":"\n"}
,{"stream_name":"stdout","time":18684.852137004,"data":"样本变换：reverse\n"}
,{"stream_name":"stdout","time":18688.437917121,"data":"样本变换：mask\n"}
,{"stream_name":"stdout","time":18692.08480159,"data":"样本变换：shift\n"}
,{"stream_name":"stdout","time":18695.663146024,"data":"样本变换：none\n"}
,{"stream_name":"stdout","time":18700.751258264,"data":"未过滤\t未用伪标签：93.55% -\u003e 使用伪标签：99.25%\n"}
,{"stream_name":"stdout","time":18700.751301736,"data":"已过滤\t未用伪标签：93.62% -\u003e 使用伪标签：99.45%\n"}
,{"stream_name":"stdout","time":18700.751306933,"data":"排除样本：12|6000\t剩余：2000, 1984, 2004\n"}
,{"stream_name":"stdout","time":18700.751310695,"data":"增添样本：45\t\t细则：0, 28, 17\t正确率估算：95.56%\n"}
,{"stream_name":"stdout","time":18700.751314626,"data":"类型1 正确率： 100.00% -\u003e 1  100.00%, 2    0.00%, 3    0.00%\n"}
,{"stream_name":"stdout","time":18700.75131827,"data":"类型2 正确率：  99.00% -\u003e 1    0.00%, 2   98.95%, 3    1.05%\n"}
,{"stream_name":"stdout","time":18700.751321856,"data":"类型3 正确率：  99.00% -\u003e 1    0.00%, 2    0.60%, 3   99.40%\n"}
,{"stream_name":"stdout","time":18700.751325379,"data":"\n"}
,{"stream_name":"stdout","time":18700.751328988,"data":"被排除样本 正确率：58.33%\n"}
,{"stream_name":"stdout","time":18700.751332488,"data":"类型1 正确率： 100.00% -\u003e 1  100.00%, 2    0.00%\n"}
,{"stream_name":"stdout","time":18700.751336013,"data":"类型2 正确率：   0.00% -\u003e 1  100.00%, 2    0.00%\n"}
,{"stream_name":"stdout","time":18700.751339524,"data":"\n"}
,{"stream_name":"stdout","time":18700.751342929,"data":"\n"}
,{"stream_name":"stdout","time":18714.534422296,"data":"轮次:·16/·20 || c_Loss:0.451 || e_Loss:-1.448 || Aad_Loss:-28.117 || 耗时：36.46s\n"}
,{"stream_name":"stdout","time":18728.405915645,"data":"轮次:·17/·20 || c_Loss:0.454 || e_Loss:-1.450 || Aad_Loss:-28.274 || 耗时：13.87s\n"}
,{"stream_name":"stdout","time":18742.239457048,"data":"轮次:·18/·20 || c_Loss:0.391 || e_Loss:-0.744 || Aad_Loss:-29.704 || 耗时：13.83s\n"}
,{"stream_name":"stdout","time":18756.084626853,"data":"轮次:·19/·20 || c_Loss:0.386 || e_Loss:-0.781 || Aad_Loss:-32.143 || 耗时：13.85s\n"}
,{"stream_name":"stdout","time":18769.973320947,"data":"轮次:·20/·20 || c_Loss:0.419 || e_Loss:-0.740 || Aad_Loss:-27.721 || 耗时：13.89s\n"}
,{"stream_name":"stdout","time":18776.695205153,"data":"任务: (B3)N15_M07_F04→(B1)N15_M01_F10; mix批次:····0; 批次:·1880/·1880;  总正确率: 99.37%\n"}
,{"stream_name":"stdout","time":18776.695264683,"data":"类型1 正确率： 100.00% -\u003e 1  100.00%, 2    0.00%, 3    0.00%\n"}
,{"stream_name":"stdout","time":18776.695273313,"data":"类型2 正确率：  98.00% -\u003e 1    0.00%, 2   98.10%, 3    1.90%\n"}
,{"stream_name":"stdout","time":18776.695279842,"data":"类型3 正确率： 100.00% -\u003e 1    0.00%, 2    0.00%, 3  100.00%\n"}
,{"stream_name":"stdout","time":18776.695285987,"data":"\n"}
,{"stream_name":"stdout","time":18776.695291074,"data":"\n"}
,{"stream_name":"stdout","time":18783.386536511,"data":"测试集任务: (B3)N15_M07_F04→(B1)N15_M01_F10; 总正确率 = 99.37%\n"}
,{"stream_name":"stdout","time":18783.3866005,"data":"类型1 正确率： 100.00% -\u003e 1  100.00%, 2    0.00%, 3    0.00%\n"}
,{"stream_name":"stdout","time":18783.386609086,"data":"类型2 正确率：  98.00% -\u003e 1    0.00%, 2   98.10%, 3    1.90%\n"}
,{"stream_name":"stdout","time":18783.386614754,"data":"类型3 正确率： 100.00% -\u003e 1    0.00%, 2    0.00%, 3  100.00%\n"}
,{"stream_name":"stdout","time":18783.386620211,"data":"\n"}
,{"stream_name":"stdout","time":18783.38662519,"data":"\n"}
,{"stream_name":"stdout","time":18783.413218076,"data":"[tar_adaptation_RES_PU.py --folder_root /kaggle/working/k10/S07/sdalr_PU_final_checkpoint/DATA_foldS07c --seed 2024 --class_num 3 --data_name PU_M1_L3 --output /kaggle/working/k10/S07/weight_PU_M1_final_checkpoint_FS07toS07c_gateoracle_s2024 --s 2 --t 0 --lr 0.0005 --threshold 0.4 --K 0.6] 388s\n"}
,{"stream_name":"stdout","time":18783.455614432,"data":"读取源域路径：/kaggle/working/k10/S07/weight_PU_M1_final_checkpoint_FS07toS07c_gateoracle_s2024/NEW_PU/Source-源域/log\u0026pt/(B3)N15_M07_F04\n"}
,{"stream_name":"stdout","time":18783.455647179,"data":"excel输出位置：/kaggle/working/k10/S07/weight_PU_M1_final_checkpoint_FS07toS07c_gateoracle_s2024/NEW_PU/Target-目标域\n"}
,{"stream_name":"stdout","time":18783.455888152,"data":"特征图片输出位置：/kaggle/working/k10/S07/weight_PU_M1_final_checkpoint_FS07toS07c_gateoracle_s2024/NEW_PU/Picture-特征图/2026年09月19日08时18分/(B3)N15_M07_F04\n"}
,{"stream_name":"stderr","time":18783.494138754,"data":"/usr/local/lib/python3.12/dist-packages/torch/nn/utils/weight_norm.py:144: FutureWarning: `torch.nn.utils.weight_norm` is deprecated in favor of `torch.nn.utils.parametrizations.weight_norm`.\n"}
,{"stream_name":"stderr","time":18783.494173935,"data":"  WeightNorm.apply(module, name, dim)\n"}
,{"stream_name":"stdout","time":18783.536540279,"data":"现在选取:(B3)N15_M07_F04 进行训练的源模型\n"}
,{"stream_name":"stdout","time":18783.536579529,"data":"现在进行：(B3)N15_M07_F04→(B2)N15_M07_F10 的迁移任务\n"}
,{"stream_name":"stdout","time":18783.536593223,"data":"log\u0026pt输出位置：/kaggle/working/k10/S07/weight_PU_M1_final_checkpoint_FS07toS07c_gateoracle_s2024/NEW_PU/Target-目标域/log\u0026pt/(B3)N15_M07_F04→(B2)N15_M07_F10\n"}
,{"stream_name":"stderr","time":18783.538166797,"data":"sh: 1: Syntax error: word unexpected (expecting \")\")\n"}
,{"stream_name":"stdout","time":18795.74794097,"data":"任务: (B3)N15_M07_F04→(B2)N15_M07_F10; 批次:····0/·1880;  总正确率: 51.70%\n"}
,{"stream_name":"stdout","time":18795.74799449,"data":"类型1 正确率：  80.00% -\u003e 1   79.65%, 2    1.10%, 3   19.25%\n"}
,{"stream_name":"stdout","time":18795.748001997,"data":"类型2 正确率：  75.00% -\u003e 1    0.00%, 2   75.20%, 3   24.80%\n"}
,{"stream_name":"stdout","time":18795.748007814,"data":"类型3 正确率：   0.00% -\u003e 1    0.00%, 2   99.75%, 3    0.25%\n"}
,{"stream_name":"stdout","time":18795.748013073,"data":"\n"}
,{"stream_name":"stdout","time":18795.748018991,"data":"\n"}
,{"stream_name":"stdout","time":18795.748739445,"data":"样本变换：reverse\n"}
,{"stream_name":"stdout","time":18799.287863706,"data":"样本变换：mask\n"}
,{"stream_name":"stdout","time":18802.888817412,"data":"样本变换：shift\n"}
,{"stream_name":"stdout","time":18806.505837784,"data":"样本变换：none\n"}
,{"stream_name":"stdout","time":18811.713565644,"data":"未过滤\t未用伪标签：51.70% -\u003e 使用伪标签：53.08%\n"}
,{"stream_name":"stdout","time":18811.713605129,"data":"已过滤\t未用伪标签：51.89% -\u003e 使用伪标签：54.33%\n"}
,{"stream_name":"stdout","time":18811.713612366,"data":"排除样本：138|6000\t剩余：1550, 3633, 679\n"}
,{"stream_name":"stdout","time":18811.713617678,"data":"增添样本：85\t\t细则：85, 0\t正确率估算：97.65%\n"}
,{"stream_name":"stdout","time":18811.713623203,"data":"类型1 正确率：  80.00% -\u003e 1   80.31%, 2    0.00%, 3   19.69%\n"}
,{"stream_name":"stdout","time":18811.713640166,"data":"类型2 正确率：  85.00% -\u003e 1    0.00%, 2   84.54%, 3   15.46%\n"}
,{"stream_name":"stdout","time":18811.713644221,"data":"类型3 正确率：   0.00% -\u003e 1    0.00%, 2  100.00%, 3    0.00%\n"}
,{"stream_name":"stdout","time":18811.713647931,"data":"\n"}
,{"stream_name":"stdout","time":18811.713651306,"data":"被排除样本 正确率：43.48%\n"}
,{"stream_name":"stdout","time":18811.713655332,"data":"类型1 正确率：  73.00% -\u003e 1   72.86%, 2    0.00%, 3   27.14%\n"}
,{"stream_name":"stdout","time":18811.713674284,"data":"类型2 正确率：  11.00% -\u003e 1    0.00%, 2   10.61%, 3   89.39%\n"}
,{"stream_name":"stdout","time":18811.713680466,"data":"类型3 正确率： 100.00% -\u003e 1    0.00%, 2    0.00%, 3  100.00%\n"}
,{"stream_name":"stdout","time":18811.713686284,"data":"\n"}
,{"stream_name":"stdout","time":18811.713691816,"data":"\n"}
,{"stream_name":"stdout","time":18825.750342749,"data":"轮次:··1/·20 || c_Loss:0.406 || e_Loss:-1.286 || Aad_Loss:-22.682 || 耗时：36.50s\n"}
,{"stream_name":"stdout","time":18839.717590034,"data":"轮次:··2/·20 || c_Loss:0.358 || e_Loss:-1.316 || Aad_Loss:-22.903 || 耗时：13.97s\n"}
,{"stream_name":"stdout","time":18853.531303996,"data":"轮次:··3/·20 || c_Loss:0.395 || e_Loss:-1.352 || Aad_Loss:-28.295 || 耗时：13.81s\n"}
,{"stream_name":"stdout","time":18867.225514112,"data":"轮次:··4/·20 || c_Loss:0.360 || e_Loss:-1.367 || Aad_Loss:-23.803 || 耗时：13.69s\n"}
,{"stream_name":"stdout","time":18880.924870178,"data":"轮次:··5/·20 || c_Loss:0.379 || e_Loss:-1.385 || Aad_Loss:-26.187 || 耗时：13.70s\n"}
,{"stream_name":"stdout","time":18887.590908775,"data":"任务: (B3)N15_M07_F04→(B2)N15_M07_F10; mix批次:····0; 批次:··470/·1880;  总正确率: 70.57%\n"}
,{"stream_name":"stdout","time":18887.590964696,"data":"类型1 正确率： 100.00% -\u003e 1  100.00%, 2    0.00%, 3    0.00%\n"}
,{"stream_name":"stdout","time":18887.590996883,"data":"类型2 正确率： 100.00% -\u003e 1    0.00%, 2  100.00%, 3    0.00%\n"}
,{"stream_name":"stdout","time":18887.591000643,"data":"类型3 正确率：  12.00% -\u003e 1    3.65%, 2   84.65%, 3   11.70%\n"}
,{"stream_name":"stdout","time":18887.591003971,"data":"\n"}
,{"stream_name":"stdout","time":18887.591006585,"data":"\n"}
,{"stream_name":"stdout","time":18887.628899397,"data":"样本变换：reverse\n"}
,{"stream_name":"stdout","time":18891.218572375,"data":"样本变换：mask\n"}
,{"stream_name":"stdout","time":18894.828893433,"data":"样本变换：shift\n"}
,{"stream_name":"stdout","time":18898.445811279,"data":"样本变换：none\n"}
,{"stream_name":"stderr","time":18903.766851164,"data":"/kaggle/working/k10/S07/sdalr_PU_final_checkpoint/tools.py:413: RuntimeWarning: invalid value encountered in divide\n"}
,{"stream_name":"stderr","time":18903.766916288,"data":"  per_class_acc = conf_matrix.diagonal() / conf_matrix.sum(axis=1) * 100\n"}
,{"stream_name":"stdout","time":18903.76716122,"data":"未过滤\t未用伪标签：70.57% -\u003e 使用伪标签：72.73%\n"}
,{"stream_name":"stdout","time":18903.767169879,"data":"已过滤\t未用伪标签：71.45% -\u003e 使用伪标签：73.73%\n"}
,{"stream_name":"stdout","time":18903.767173171,"data":"排除样本：81|6000\t剩余：2018, 3537, 364\n"}
,{"stream_name":"stdout","time":18903.767176333,"data":"增添样本：1636\t\t细则：0, 0, 1636\t正确率估算：25.00%\n"}
,{"stream_name":"stdout","time":18903.767179471,"data":"类型1 正确率： 100.00% -\u003e 1  100.00%, 2    0.00%, 3    0.00%\n"}
,{"stream_name":"stdout","time":18903.767182563,"data":"类型2 正确率： 100.00% -\u003e 1    0.00%, 2  100.00%, 3    0.00%\n"}
,{"stream_name":"stdout","time":18903.767185848,"data":"类型3 正确率：  19.00% -\u003e 1    0.94%, 2   80.09%, 3   18.97%\n"}
,{"stream_name":"stdout","time":18903.767204538,"data":"\n"}
,{"stream_name":"stdout","time":18903.76720915,"data":"被排除样本 正确率：6.17%\n"}
,{"stream_name":"stdout","time":18903.7672139,"data":"类型1 没有样本或未被分类。\n"}
,{"stream_name":"stdout","time":18903.767218482,"data":"类型2 没有样本或未被分类。\n"}
,{"stream_name":"stdout","time":18903.767223391,"data":"类型3 正确率：   6.00% -\u003e 1   12.35%, 2   81.48%, 3    6.17%\n"}
,{"stream_name":"stdout","time":18903.767227591,"data":"\n"}
,{"stream_name":"stdout","time":18903.767231297,"data":"\n"}
,{"stream_name":"stdout","time":18917.602187029,"data":"轮次:··6/·20 || c_Loss:0.438 || e_Loss:-1.446 || Aad_Loss:-29.449 || 耗时：36.68s\n"}
,{"stream_name":"stdout","time":18931.516178647,"data":"轮次:··7/·20 || c_Loss:0.411 || e_Loss:-1.479 || Aad_Loss:-26.763 || 耗时：13.91s\n"}
,{"stream_name":"stdout","time":18945.433121929,"data":"轮次:··8/·20 || c_Loss:0.368 || e_Loss:-1.492 || Aad_Loss:-28.369 || 耗时：13.92s\n"}
,{"stream_name":"stdout","time":18959.299483554,"data":"轮次:··9/·20 || c_Loss:0.374 || e_Loss:-1.572 || Aad_Loss:-23.391 || 耗时：13.87s\n"}
,{"stream_name":"stdout","time":18973.146352705,"data":"轮次:·10/·20 || c_Loss:0.380 || e_Loss:-1.466 || Aad_Loss:-29.797 || 耗时：13.85s\n"}
,{"stream_name":"stdout","time":18979.827366649,"data":"任务: (B3)N15_M07_F04→(B2)N15_M07_F10; mix批次:····0; 批次:··940/·1880;  总正确率: 84.92%\n"}
,{"stream_name":"stdout","time":18979.827407854,"data":"类型1 正确率： 100.00% -\u003e 1  100.00%, 2    0.00%, 3    0.00%\n"}
,{"stream_name":"stdout","time":18979.827425707,"data":"类型2 正确率： 100.00% -\u003e 1    0.00%, 2  100.00%, 3    0.00%\n"}
,{"stream_name":"stdout","time":18979.827432291,"data":"类型3 正确率：  55.00% -\u003e 1    0.00%, 2   45.25%, 3   54.75%\n"}
,{"stream_name":"stdout","time":18979.827460877,"data":"\n"}
,{"stream_name":"stdout","time":18979.827464917,"data":"\n"}
,{"stream_name":"stdout","time":18979.879691837,"data":"样本变换：reverse\n"}
,{"stream_name":"stdout","time":18983.46694947,"data":"样本变换：mask\n"}
,{"stream_name":"stdout","time":18987.057897364,"data":"样本变换：shift\n"}
,{"stream_name":"stdout","time":18990.642576472,"data":"样本变换：none\n"}
,{"stream_name":"stderr","time":18996.259422798,"data":"/usr/local/lib/python3.12/dist-packages/sklearn/metrics/_classification.py:407: UserWarning: A single label was found in 'y_true' and 'y_pred'. For the confusion matrix to have the correct shape, use the 'labels' parameter to pass all known labels.\n"}
,{"stream_name":"stderr","time":18996.259476955,"data":"  warnings.warn(\n"}
,{"stream_name":"stdout","time":18996.259599009,"data":"未过滤\t未用伪标签：84.92% -\u003e 使用伪标签：82.90%\n"}
,{"stream_name":"stdout","time":18996.25961235,"data":"已过滤\t未用伪标签：84.88% -\u003e 使用伪标签：83.08%\n"}
,{"stream_name":"stdout","time":18996.259628611,"data":"排除样本：13|6000\t剩余：2013, 3000, 974\n"}
,{"stream_name":"stdout","time":18996.259634365,"data":"增添样本：1026\t\t细则：0, 0, 1026\t正确率估算：100.00%\n"}
,{"stream_name":"stdout","time":18996.25964108,"data":"类型1 正确率： 100.00% -\u003e 1  100.00%, 2    0.00%, 3    0.00%\n"}
,{"stream_name":"stdout","time":18996.259647569,"data":"类型2 正确率： 100.00% -\u003e 1    0.00%, 2  100.00%, 3    0.00%\n"}
,{"stream_name":"stdout","time":18996.259653434,"data":"类型3 正确率：  49.00% -\u003e 1    0.65%, 2   50.33%, 3   49.02%\n"}
,{"stream_name":"stdout","time":18996.259659419,"data":"\n"}
,{"stream_name":"stdout","time":18996.259664427,"data":"被排除样本 正确率：100.00%\n"}
,{"stream_name":"stdout","time":18996.259669703,"data":"类型1 正确率： 100.00% -\u003e 1  100.00%\n"}
,{"stream_name":"stdout","time":18996.259675024,"data":"\n"}
,{"stream_name":"stdout","time":18996.259680077,"data":"\n"}
,{"stream_name":"stdout","time":19009.983040529,"data":"轮次:·11/·20 || c_Loss:0.421 || e_Loss:-1.604 || Aad_Loss:-25.788 || 耗时：36.84s\n"}
,{"stream_name":"stdout","time":19023.860885035,"data":"轮次:·12/·20 || c_Loss:0.320 || e_Loss:-1.758 || Aad_Loss:-24.944 || 耗时：13.88s\n"}
,{"stream_name":"stdout","time":19037.797140388,"data":"轮次:·13/·20 || c_Loss:0.327 || e_Loss:-1.796 || Aad_Loss:-26.111 || 耗时：13.94s\n"}
,{"stream_name":"stdout","time":19051.797583543,"data":"轮次:·14/·20 || c_Loss:0.342 || e_Loss:-1.681 || Aad_Loss:-27.469 || 耗时：14.00s\n"}
,{"stream_name":"stdout","time":19065.791186228,"data":"轮次:·15/·20 || c_Loss:0.368 || e_Loss:-1.760 || Aad_Loss:-28.906 || 耗时：13.99s\n"}
,{"stream_name":"stdout","time":19072.500443104,"data":"任务: (B3)N15_M07_F04→(B2)N15_M07_F10; mix批次:····0; 批次:·1410/·1880;  总正确率: 88.62%\n"}
,{"stream_name":"stdout","time":19072.500493971,"data":"类型1 正确率： 100.00% -\u003e 1  100.00%, 2    0.00%, 3    0.00%\n"}
,{"stream_name":"stdout","time":19072.500500011,"data":"类型2 正确率： 100.00% -\u003e 1    0.00%, 2  100.00%, 3    0.00%\n"}
,{"stream_name":"stdout","time":19072.500504086,"data":"类型3 正确率：  66.00% -\u003e 1    0.35%, 2   33.80%, 3   65.85%\n"}
,{"stream_name":"stdout","time":19072.500507811,"data":"\n"}
,{"stream_name":"stdout","time":19072.500511247,"data":"\n"}
,{"stream_name":"stdout","time":19072.547447173,"data":"样本变换：reverse\n"}
,{"stream_name":"stdout","time":19076.100855403,"data":"样本变换：mask\n"}
,{"stream_name":"stdout","time":19079.683844915,"data":"样本变换：shift\n"}
,{"stream_name":"stdout","time":19083.276833211,"data":"样本变换：none\n"}
,{"stream_name":"stderr","time":19088.897310385,"data":"/usr/local/lib/python3.12/dist-packages/numpy/_core/fromnumeric.py:3596: RuntimeWarning: Mean of empty slice.\n"}
,{"stream_name":"stderr","time":19088.897355294,"data":"  return _methods._mean(a, axis=axis, dtype=dtype,\n"}
,{"stream_name":"stderr","time":19088.897386377,"data":"/usr/local/lib/python3.12/dist-packages/numpy/_core/_methods.py:138: RuntimeWarning: invalid value encountered in scalar divide\n"}
,{"stream_name":"stderr","time":19088.897393243,"data":"  ret = ret.dtype.type(ret / rcount)\n"}
,{"stream_name":"stderr","time":19088.898506542,"data":"/kaggle/working/k10/S07/sdalr_PU_final_checkpoint/tools.py:414: RuntimeWarning: Mean of empty slice.\n"}
,{"stream_name":"stderr","time":19088.898527464,"data":"  overall_acc = round(per_class_acc.mean(), 2)\n"}
,{"stream_name":"stderr","time":19088.898532848,"data":"/usr/local/lib/python3.12/dist-packages/numpy/_core/_methods.py:138: RuntimeWarning: invalid value encountered in scalar divide\n"}
,{"stream_name":"stderr","time":19088.898538623,"data":"  ret = ret.dtype.type(ret / rcount)\n"}
,{"stream_name":"stdout","time":19088.898672848,"data":"未过滤\t未用伪标签：88.62% -\u003e 使用伪标签：83.32%\n"}
,{"stream_name":"stdout","time":19088.898719199,"data":"已过滤\t未用伪标签：88.62% -\u003e 使用伪标签：83.32%\n"}
,{"stream_name":"stdout","time":19088.898725206,"data":"排除样本：2001|6000\t剩余：3000, 999\n"}
,{"stream_name":"stdout","time":19088.898729768,"data":"增添样本：1001\t\t细则：0, 0, 1001\t正确率估算：100.00%\n"}
,{"stream_name":"stdout","time":19088.898734332,"data":"类型1 正确率： 100.00% -\u003e 1  100.00%, 2    0.00%, 3    0.00%\n"}
,{"stream_name":"stdout","time":19088.898738547,"data":"类型2 正确率： 100.00% -\u003e 1    0.00%, 2  100.00%, 3    0.00%\n"}
,{"stream_name":"stdout","time":19088.898742749,"data":"类型3 正确率：  50.00% -\u003e 1    0.05%, 2   50.00%, 3   49.95%\n"}
,{"stream_name":"stdout","time":19088.898764384,"data":"\n"}
,{"stream_name":"stdout","time":19088.898777972,"data":"被排除样本 正确率：nan%\n"}
,{"stream_name":"stdout","time":19088.898782101,"data":"\n"}
,{"stream_name":"stdout","time":19088.898785976,"data":"\n"}
,{"stream_name":"stdout","time":19102.62083959,"data":"轮次:·16/·20 || c_Loss:0.351 || e_Loss:-1.907 || Aad_Loss:-27.602 || 耗时：36.83s\n"}
,{"stream_name":"stdout","time":19116.378875164,"data":"轮次:·17/·20 || c_Loss:0.349 || e_Loss:-2.032 || Aad_Loss:-24.778 || 耗时：13.76s\n"}
,{"stream_name":"stdout","time":19130.159910859,"data":"轮次:·18/·20 || c_Loss:0.358 || e_Loss:-1.944 || Aad_Loss:-24.978 || 耗时：13.78s\n"}
,{"stream_name":"stdout","time":19143.9442651,"data":"轮次:·19/·20 || c_Loss:0.360 || e_Loss:-1.919 || Aad_Loss:-26.744 || 耗时：13.78s\n"}
,{"stream_name":"stdout","time":19157.721416197,"data":"轮次:·20/·20 || c_Loss:0.362 || e_Loss:-1.996 || Aad_Loss:-24.750 || 耗时：13.78s\n"}
,{"stream_name":"stdout","time":19164.357838876,"data":"任务: (B3)N15_M07_F04→(B2)N15_M07_F10; mix批次:····0; 批次:·1880/·1880;  总正确率: 89.03%\n"}
,{"stream_name":"stdout","time":19164.35789414,"data":"类型1 正确率： 100.00% -\u003e 1  100.00%, 2    0.00%, 3    0.00%\n"}
,{"stream_name":"stdout","time":19164.357903319,"data":"类型2 正确率： 100.00% -\u003e 1    0.00%, 2  100.00%, 3    0.00%\n"}
,{"stream_name":"stdout","time":19164.35790967,"data":"类型3 正确率：  67.00% -\u003e 1    3.25%, 2   29.65%, 3   67.10%\n"}
,{"stream_name":"stdout","time":19164.357932828,"data":"\n"}
,{"stream_name":"stdout","time":19164.35794147,"data":"\n"}
,{"stream_name":"stdout","time":19171.007225007,"data":"测试集任务: (B3)N15_M07_F04→(B2)N15_M07_F10; 总正确率 = 89.03%\n"}
,{"stream_name":"stdout","time":19171.00725573,"data":"类型1 正确率： 100.00% -\u003e 1  100.00%, 2    0.00%, 3    0.00%\n"}
,{"stream_name":"stdout","time":19171.007263104,"data":"类型2 正确率： 100.00% -\u003e 1    0.00%, 2  100.00%, 3    0.00%\n"}
,{"stream_name":"stdout","time":19171.007271108,"data":"类型3 正确率：  67.00% -\u003e 1    3.25%, 2   29.65%, 3   67.10%\n"}
,{"stream_name":"stdout","time":19171.007274038,"data":"\n"}
,{"stream_name":"stdout","time":19171.007276762,"data":"\n"}
,{"stream_name":"stdout","time":19171.053802265,"data":"[tar_adaptation_RES_PU.py --folder_root /kaggle/working/k10/S07/sdalr_PU_final_checkpoint/DATA_foldS07c --seed 2024 --class_num 3 --data_name PU_M1_L3 --output /kaggle/working/k10/S07/weight_PU_M1_final_checkpoint_FS07toS07c_gateoracle_s2024 --s 2 --t 1 --lr 0.0005 --threshold 0.4 --K 0.6] 388s\n"}
,{"stream_name":"stdout","time":19171.091382967,"data":"{\n"}
,{"stream_name":"stdout","time":19171.091404992,"data":"  \"dataset\": \"PU_M1\",\n"}
,{"stream_name":"stdout","time":19171.091422624,"data":"  \"variant\": \"final_checkpoint\",\n"}
,{"stream_name":"stdout","time":19171.091428058,"data":"  \"seed\": 2024,\n"}
,{"stream_name":"stdout","time":19171.091433021,"data":"  \"smoke\": false,\n"}
,{"stream_name":"stdout","time":19171.091437712,"data":"  \"src_fold\": \"S07\",\n"}
,{"stream_name":"stdout","time":19171.091442636,"data":"  \"tgt_fold\": \"S07c\",\n"}
,{"stream_name":"stdout","time":19171.091447191,"data":"  \"leaky\": false,\n"}
,{"stream_name":"stdout","time":19171.091451122,"data":"  \"hyperparameters\": {\n"}
,{"stream_name":"stdout","time":19171.091455191,"data":"    \"lr\": \"0.0005\",\n"}
,{"stream_name":"stdout","time":19171.091459235,"data":"    \"threshold\": \"0.4\",\n"}
,{"stream_name":"stdout","time":19171.091463371,"data":"    \"K\": \"0.6\"\n"}
,{"stream_name":"stdout","time":19171.091467587,"data":"  },\n"}
,{"stream_name":"stdout","time":19171.091475996,"data":"  \"adapters\": [\n"}
,{"stream_name":"stdout","time":19171.091479101,"data":"    \"npz_io\",\n"}
,{"stream_name":"stdout","time":19171.091481923,"data":"    \"tsne_stub\",\n"}
,{"stream_name":"stdout","time":19171.091484638,"data":"    \"final_checkpoint_patch\"\n"}
,{"stream_name":"stdout","time":19171.09148733,"data":"  ],\n"}
,{"stream_name":"stdout","time":19171.091489936,"data":"  \"source_only\": {},\n"}
,{"stream_name":"stdout","time":19171.091492818,"data":"  \"adapted\": {\n"}
,{"stream_name":"stdout","time":19171.091495601,"data":"    \"A1-\u003eA3\": 99.7,\n"}
,{"stream_name":"stdout","time":19171.091498696,"data":"    \"A1-\u003eA2\": 87.95,\n"}
,{"stream_name":"stdout","time":19171.091501448,"data":"    \"A3-\u003eA1\": 91.37,\n"}
,{"stream_name":"stdout","time":19171.091504229,"data":"    \"A3-\u003eA2\": 84.07,\n"}
,{"stream_name":"stdout","time":19171.091507014,"data":"    \"A2-\u003eA1\": 99.37,\n"}
,{"stream_name":"stdout","time":19171.091510642,"data":"    \"A2-\u003eA3\": 89.03\n"}
,{"stream_name":"stdout","time":19171.091524421,"data":"  },\n"}
,{"stream_name":"stdout","time":19171.091529002,"data":"  \"seconds\": {\n"}
,{"stream_name":"stdout","time":19171.091533755,"data":"    \"A1-\u003eA3\": 390,\n"}
,{"stream_name":"stdout","time":19171.091538658,"data":"    \"A1-\u003eA2\": 389,\n"}
,{"stream_name":"stdout","time":19171.091543188,"data":"    \"A3-\u003eA1\": 390,\n"}
,{"stream_name":"stdout","time":19171.091557865,"data":"    \"A3-\u003eA2\": 390,\n"}
,{"stream_name":"stdout","time":19171.091561898,"data":"    \"A2-\u003eA1\": 388,\n"}
,{"stream_name":"stdout","time":19171.091565828,"data":"    \"A2-\u003eA3\": 388\n"}
,{"stream_name":"stdout","time":19171.09156974,"data":"  },\n"}
,{"stream_name":"stdout","time":19171.091573475,"data":"  \"gate_log\": {\n"}
,{"stream_name":"stdout","time":19171.091577484,"data":"    \"A1-\u003eA3\": [\n"}
,{"stream_name":"stdout","time":19171.091581442,"data":"      {\n"}
,{"stream_name":"stdout","time":19171.091585367,"data":"        \"sdalr_rejected\": 104,\n"}
,{"stream_name":"stdout","time":19171.091593038,"data":"        \"hook_rejected\": 2324,\n"}
,{"stream_name":"stdout","time":19171.091595832,"data":"        \"precision_before\": 0.6058344640434192,\n"}
,{"stream_name":"stdout","time":19171.091598595,"data":"        \"precision_after\": 1.0,\n"}
,{"stream_name":"stdout","time":19171.091601221,"data":"        \"n\": 6000\n"}
,{"stream_name":"stdout","time":19171.091603849,"data":"      },\n"}
,{"stream_name":"stdout","time":19171.091617241,"data":"      {\n"}
,{"stream_name":"stdout","time":19171.09163464,"data":"        \"sdalr_rejected\": 92,\n"}
,{"stream_name":"stdout","time":19171.091639828,"data":"        \"hook_rejected\": 1178,\n"}
,{"stream_name":"stdout","time":19171.091644164,"data":"        \"precision_before\": 0.8006093432633717,\n"}
,{"stream_name":"stdout","time":19171.091648393,"data":"        \"precision_after\": 1.0,\n"}
,{"stream_name":"stdout","time":19171.09165265,"data":"        \"n\": 6000\n"}
,{"stream_name":"stdout","time":19171.091656671,"data":"      },\n"}
,{"stream_name":"stdout","time":19171.091660686,"data":"      {\n"}
,{"stream_name":"stdout","time":19171.091664667,"data":"        \"sdalr_rejected\": 101,\n"}
,{"stream_name":"stdout","time":19171.091668709,"data":"        \"hook_rejected\": 514,\n"}
,{"stream_name":"stdout","time":19171.091672941,"data":"        \"precision_before\": 0.9128665875572131,\n"}
,{"stream_name":"stdout","time":19171.091677024,"data":"        \"precision_after\": 1.0,\n"}
,{"stream_name":"stdout","time":19171.091681052,"data":"        \"n\": 6000\n"}
,{"stream_name":"stdout","time":19171.091685083,"data":"      },\n"}
,{"stream_name":"stdout","time":19171.091688899,"data":"      {\n"}
,{"stream_name":"stdout","time":19171.091696016,"data":"        \"sdalr_rejected\": 26,\n"}
,{"stream_name":"stdout","time":19171.091699539,"data":"        \"hook_rejected\": 63,\n"}
,{"stream_name":"stdout","time":19171.09170323,"data":"        \"precision_before\": 0.989454301975226,\n"}
,{"stream_name":"stdout","time":19171.091717152,"data":"        \"precision_after\": 1.0,\n"}
,{"stream_name":"stdout","time":19171.09172187,"data":"        \"n\": 6000\n"}
,{"stream_name":"stdout","time":19171.091726514,"data":"      }\n"}
,{"stream_name":"stdout","time":19171.091730948,"data":"    ],\n"}
,{"stream_name":"stdout","time":19171.091734702,"data":"    \"A1-\u003eA2\": [\n"}
,{"stream_name":"stdout","time":19171.091738619,"data":"      {\n"}
,{"stream_name":"stdout","time":19171.091742503,"data":"        \"sdalr_rejected\": 48,\n"}
,{"stream_name":"stdout","time":19171.091746364,"data":"        \"hook_rejected\": 2182,\n"}
,{"stream_name":"stdout","time":19171.091771169,"data":"        \"precision_before\": 0.6334005376344086,\n"}
,{"stream_name":"stdout","time":19171.091780387,"data":"        \"precision_after\": 1.0,\n"}
,{"stream_name":"stdout","time":19171.091784651,"data":"        \"n\": 6000\n"}
,{"stream_name":"stdout","time":19171.091788609,"data":"      },\n"}
,{"stream_name":"stdout","time":19171.091797375,"data":"      {\n"}
,{"stream_name":"stdout","time":19171.091801329,"data":"        \"sdalr_rejected\": 78,\n"}
,{"stream_name":"stdout","time":19171.091805475,"data":"        \"hook_rejected\": 1486,\n"}
,{"stream_name":"stdout","time":19171.091809443,"data":"        \"precision_before\": 0.7490712597095576,\n"}
,{"stream_name":"stdout","time":19171.091813527,"data":"        \"precision_after\": 1.0,\n"}
,{"stream_name":"stdout","time":19171.091817466,"data":"        \"n\": 6000\n"}
,{"stream_name":"stdout","time":19171.091821378,"data":"      },\n"}
,{"stream_name":"stdout","time":19171.091825141,"data":"      {\n"}
,{"stream_name":"stdout","time":19171.091828964,"data":"        \"sdalr_rejected\": 31,\n"}
,{"stream_name":"stdout","time":19171.091837848,"data":"        \"hook_rejected\": 1196,\n"}
,{"stream_name":"stdout","time":19171.091853869,"data":"        \"precision_before\": 0.7996314290500921,\n"}
,{"stream_name":"stdout","time":19171.091858586,"data":"        \"precision_after\": 1.0,\n"}
,{"stream_name":"stdout","time":19171.091863209,"data":"        \"n\": 6000\n"}
,{"stream_name":"stdout","time":19171.091867546,"data":"      },\n"}
,{"stream_name":"stdout","time":19171.091872051,"data":"      {\n"}
,{"stream_name":"stdout","time":19171.091876264,"data":"        \"sdalr_rejected\": 15,\n"}
,{"stream_name":"stdout","time":19171.091880207,"data":"        \"hook_rejected\": 1110,\n"}
,{"stream_name":"stdout","time":19171.091884211,"data":"        \"precision_before\": 0.8145363408521303,\n"}
,{"stream_name":"stdout","time":19171.091890479,"data":"        \"precision_after\": 1.0,\n"}
,{"stream_name":"stdout","time":19171.091894495,"data":"        \"n\": 6000\n"}
,{"stream_name":"stdout","time":19171.091898356,"data":"      }\n"}
,{"stream_name":"stdout","time":19171.091902068,"data":"    ],\n"}
,{"stream_name":"stdout","time":19171.091905793,"data":"    \"A3-\u003eA1\": [\n"}
,{"stream_name":"stdout","time":19171.091909752,"data":"      {\n"}
,{"stream_name":"stdout","time":19171.091913539,"data":"        \"sdalr_rejected\": 114,\n"}
,{"stream_name":"stdout","time":19171.091917736,"data":"        \"hook_rejected\": 3450,\n"}
,{"stream_name":"stdout","time":19171.091921743,"data":"        \"precision_before\": 0.4138634046890928,\n"}
,{"stream_name":"stdout","time":19171.091925745,"data":"        \"precision_after\": 1.0,\n"}
,{"stream_name":"stdout","time":19171.091933496,"data":"        \"n\": 6000\n"}
,{"stream_name":"stdout","time":19171.091936989,"data":"      },\n"}
,{"stream_name":"stdout","time":19171.091940556,"data":"      {\n"}
,{"stream_name":"stdout","time":19171.091953962,"data":"        \"sdalr_rejected\": 140,\n"}
,{"stream_name":"stdout","time":19171.091958598,"data":"        \"hook_rejected\": 2768,\n"}
,{"stream_name":"stdout","time":19171.091963298,"data":"        \"precision_before\": 0.5276450511945392,\n"}
,{"stream_name":"stdout","time":19171.091968279,"data":"        \"precision_after\": 1.0,\n"}
,{"stream_name":"stdout","time":19171.091972619,"data":"        \"n\": 6000\n"}
,{"stream_name":"stdout","time":19171.09197651,"data":"      },\n"}
,{"stream_name":"stdout","time":19171.091980294,"data":"      {\n"}
,{"stream_name":"stdout","time":19171.091984009,"data":"        \"sdalr_rejected\": 60,\n"}
,{"stream_name":"stdout","time":19171.09198785,"data":"        \"hook_rejected\": 1150,\n"}
,{"stream_name":"stdout","time":19171.091991849,"data":"        \"precision_before\": 0.8063973063973064,\n"}
,{"stream_name":"stdout","time":19171.091995798,"data":"        \"precision_after\": 1.0,\n"}
,{"stream_name":"stdout","time":19171.091999799,"data":"        \"n\": 6000\n"}
,{"stream_name":"stdout","time":19171.092007769,"data":"      },\n"}
,{"stream_name":"stdout","time":19171.092011694,"data":"      {\n"}
,{"stream_name":"stdout","time":19171.09201581,"data":"        \"sdalr_rejected\": 4,\n"}
,{"stream_name":"stdout","time":19171.092019902,"data":"        \"hook_rejected\": 1008,\n"}
,{"stream_name":"stdout","time":19171.092117279,"data":"        \"precision_before\": 0.8318879252835224,\n"}
,{"stream_name":"stdout","time":19171.092129872,"data":"        \"precision_after\": 1.0,\n"}
,{"stream_name":"stdout","time":19171.092134465,"data":"        \"n\": 6000\n"}
,{"stream_name":"stdout","time":19171.09213884,"data":"      }\n"}
,{"stream_name":"stdout","time":19171.092142904,"data":"    ],\n"}
,{"stream_name":"stdout","time":19171.092146753,"data":"    \"A3-\u003eA2\": [\n"}
,{"stream_name":"stdout","time":19171.092151114,"data":"      {\n"}
,{"stream_name":"stdout","time":19171.092155087,"data":"        \"sdalr_rejected\": 123,\n"}
,{"stream_name":"stdout","time":19171.092159028,"data":"        \"hook_rejected\": 3013,\n"}
,{"stream_name":"stdout","time":19171.092163016,"data":"        \"precision_before\": 0.48732346435256085,\n"}
,{"stream_name":"stdout","time":19171.092167094,"data":"        \"precision_after\": 1.0,\n"}
,{"stream_name":"stdout","time":19171.09217104,"data":"        \"n\": 6000\n"}
,{"stream_name":"stdout","time":19171.092175168,"data":"      },\n"}
,{"stream_name":"stdout","time":19171.092179191,"data":"      {\n"}
,{"stream_name":"stdout","time":19171.092198671,"data":"        \"sdalr_rejected\": 53,\n"}
,{"stream_name":"stdout","time":19171.092204108,"data":"        \"hook_rejected\": 1284,\n"}
,{"stream_name":"stdout","time":19171.092208732,"data":"        \"precision_before\": 0.7840928199091979,\n"}
,{"stream_name":"stdout","time":19171.092213705,"data":"        \"precision_after\": 1.0,\n"}
,{"stream_name":"stdout","time":19171.092218403,"data":"        \"n\": 6000\n"}
,{"stream_name":"stdout","time":19171.092222396,"data":"      },\n"}
,{"stream_name":"stdout","time":19171.092226265,"data":"      {\n"}
,{"stream_name":"stdout","time":19171.092230082,"data":"        \"sdalr_rejected\": 16,\n"}
,{"stream_name":"stdout","time":19171.092234068,"data":"        \"hook_rejected\": 1121,\n"}
,{"stream_name":"stdout","time":19171.092238108,"data":"        \"precision_before\": 0.8126671122994652,\n"}
,{"stream_name":"stdout","time":19171.092242166,"data":"        \"precision_after\": 1.0,\n"}
,{"stream_name":"stdout","time":19171.092246142,"data":"        \"n\": 6000\n"}
,{"stream_name":"stdout","time":19171.092250095,"data":"      },\n"}
,{"stream_name":"stdout","time":19171.092253968,"data":"      {\n"}
,{"stream_name":"stdout","time":19171.092257755,"data":"        \"sdalr_rejected\": 9,\n"}
,{"stream_name":"stdout","time":19171.09226171,"data":"        \"hook_rejected\": 1028,\n"}
,{"stream_name":"stdout","time":19171.092265848,"data":"        \"precision_before\": 0.828409280587548,\n"}
,{"stream_name":"stdout","time":19171.092269836,"data":"        \"precision_after\": 1.0,\n"}
,{"stream_name":"stdout","time":19171.092273893,"data":"        \"n\": 6000\n"}
,{"stream_name":"stdout","time":19171.092281261,"data":"      }\n"}
,{"stream_name":"stdout","time":19171.092295239,"data":"    ],\n"}
,{"stream_name":"stdout","time":19171.092299832,"data":"    \"A2-\u003eA1\": [\n"}
,{"stream_name":"stdout","time":19171.092304543,"data":"      {\n"}
,{"stream_name":"stdout","time":19171.092308821,"data":"        \"sdalr_rejected\": 109,\n"}
,{"stream_name":"stdout","time":19171.092313889,"data":"        \"hook_rejected\": 2795,\n"}
,{"stream_name":"stdout","time":19171.092329117,"data":"        \"precision_before\": 0.5255474452554745,\n"}
,{"stream_name":"stdout","time":19171.092333318,"data":"        \"precision_after\": 1.0,\n"}
,{"stream_name":"stdout","time":19171.092337274,"data":"        \"n\": 6000\n"}
,{"stream_name":"stdout","time":19171.092341174,"data":"      },\n"}
,{"stream_name":"stdout","time":19171.09234493,"data":"      {\n"}
,{"stream_name":"stdout","time":19171.092348685,"data":"        \"sdalr_rejected\": 82,\n"}
,{"stream_name":"stdout","time":19171.092352617,"data":"        \"hook_rejected\": 2333,\n"}
,{"stream_name":"stdout","time":19171.092356593,"data":"        \"precision_before\": 0.6057789793849273,\n"}
,{"stream_name":"stdout","time":19171.092360642,"data":"        \"precision_after\": 1.0,\n"}
,{"stream_name":"stdout","time":19171.092364537,"data":"        \"n\": 6000\n"}
,{"stream_name":"stdout","time":19171.092367988,"data":"      },\n"}
,{"stream_name":"stdout","time":19171.092371283,"data":"      {\n"}
,{"stream_name":"stdout","time":19171.092374639,"data":"        \"sdalr_rejected\": 70,\n"}
,{"stream_name":"stdout","time":19171.092378027,"data":"        \"hook_rejected\": 973,\n"}
,{"stream_name":"stdout","time":19171.092381687,"data":"        \"precision_before\": 0.8359190556492412,\n"}
,{"stream_name":"stdout","time":19171.092386606,"data":"        \"precision_after\": 1.0,\n"}
,{"stream_name":"stdout","time":19171.09239151,"data":"        \"n\": 6000\n"}
,{"stream_name":"stdout","time":19171.09239651,"data":"      },\n"}
,{"stream_name":"stdout","time":19171.092401153,"data":"      {\n"}
,{"stream_name":"stdout","time":19171.092407596,"data":"        \"sdalr_rejected\": 12,\n"}
,{"stream_name":"stdout","time":19171.092411728,"data":"        \"hook_rejected\": 33,\n"}
,{"stream_name":"stdout","time":19171.092415802,"data":"        \"precision_before\": 0.9944889779559118,\n"}
,{"stream_name":"stdout","time":19171.0924201,"data":"        \"precision_after\": 1.0,\n"}
,{"stream_name":"stdout","time":19171.092424067,"data":"        \"n\": 6000\n"}
,{"stream_name":"stdout","time":19171.092427939,"data":"      }\n"}
,{"stream_name":"stdout","time":19171.092431719,"data":"    ],\n"}
,{"stream_name":"stdout","time":19171.092435471,"data":"    \"A2-\u003eA3\": [\n"}
,{"stream_name":"stdout","time":19171.092439545,"data":"      {\n"}
,{"stream_name":"stdout","time":19171.092443311,"data":"        \"sdalr_rejected\": 138,\n"}
,{"stream_name":"stdout","time":19171.092447434,"data":"        \"hook_rejected\": 2677,\n"}
,{"stream_name":"stdout","time":19171.092451457,"data":"        \"precision_before\": 0.5433299215284886,\n"}
,{"stream_name":"stdout","time":19171.092459085,"data":"        \"precision_after\": 1.0,\n"}
,{"stream_name":"stdout","time":19171.092462407,"data":"        \"n\": 6000\n"}
,{"stream_name":"stdout","time":19171.092465954,"data":"      },\n"}
,{"stream_name":"stdout","time":19171.092480586,"data":"      {\n"}
,{"stream_name":"stdout","time":19171.092485074,"data":"        \"sdalr_rejected\": 81,\n"}
,{"stream_name":"stdout","time":19171.09248948,"data":"        \"hook_rejected\": 1555,\n"}
,{"stream_name":"stdout","time":19171.092494224,"data":"        \"precision_before\": 0.7372867038351073,\n"}
,{"stream_name":"stdout","time":19171.092498414,"data":"        \"precision_after\": 1.0,\n"}
,{"stream_name":"stdout","time":19171.092503496,"data":"        \"n\": 6000\n"}
,{"stream_name":"stdout","time":19171.092507536,"data":"      },\n"}
,{"stream_name":"stdout","time":19171.09251138,"data":"      {\n"}
,{"stream_name":"stdout","time":19171.092515177,"data":"        \"sdalr_rejected\": 13,\n"}
,{"stream_name":"stdout","time":19171.092524383,"data":"        \"hook_rejected\": 1013,\n"}
,{"stream_name":"stdout","time":19171.092528505,"data":"        \"precision_before\": 0.8308000668114247,\n"}
,{"stream_name":"stdout","time":19171.092532531,"data":"        \"precision_after\": 1.0,\n"}
,{"stream_name":"stdout","time":19171.092536465,"data":"        \"n\": 6000\n"}
,{"stream_name":"stdout","time":19171.092540489,"data":"      },\n"}
,{"stream_name":"stdout","time":19171.092544291,"data":"      {\n"}
,{"stream_name":"stdout","time":19171.092548048,"data":"        \"sdalr_rejected\": 0,\n"}
,{"stream_name":"stdout","time":19171.092551963,"data":"        \"hook_rejected\": 1001,\n"}
,{"stream_name":"stdout","time":19171.092555943,"data":"        \"precision_before\": 0.8331666666666667,\n"}
,{"stream_name":"stdout","time":19171.092563625,"data":"        \"precision_after\": 1.0,\n"}
,{"stream_name":"stdout","time":19171.092566954,"data":"        \"n\": 6000\n"}
,{"stream_name":"stdout","time":19171.092570517,"data":"      }\n"}
,{"stream_name":"stdout","time":19171.092584291,"data":"    ]\n"}
,{"stream_name":"stdout","time":19171.092589037,"data":"  },\n"}
,{"stream_name":"stdout","time":19171.092593366,"data":"  \"gate\": \"oracle\"\n"}
,{"stream_name":"stdout","time":19171.092598424,"data":"}\n"}
,{"stream_name":"stdout","time":19172.63785339,"data":"done [{\"split\": \"S06\", \"tgt\": \"S06\", \"gate\": \"none\", \"rc\": 0, \"seconds\": 2603}, {\"split\": \"S06\", \"tgt\": \"S06c\", \"gate\": \"none\", \"rc\": 0, \"seconds\": 2322}, {\"split\": \"S06\", \"tgt\": \"S06c\", \"gate\": \"pcv\", \"rc\": 0, \"seconds\": 2325}, {\"split\": \"S06\", \"tgt\": \"S06c\", \"gate\": \"oracle\", \"rc\": 0, \"seconds\": 2324}, {\"split\": \"S07\", \"tgt\": \"S07\", \"gate\": \"none\", \"rc\": 0, \"seconds\": 2622}, {\"split\": \"S07\", \"tgt\": \"S07c\", \"gate\": \"none\", \"rc\": 0, \"seconds\": 2350}, {\"split\": \"S07\", \"tgt\": \"S07c\", \"gate\": \"pcv\", \"rc\": 0, \"seconds\": 2279}, {\"split\": \"S07\", \"tgt\": \"S07c\", \"gate\": \"oracle\", \"rc\": 0, \"seconds\": 2342}]\n"}
,{"stream_name":"stderr","time":19175.29876817,"data":"/usr/local/lib/python3.12/dist-packages/mistune.py:435: SyntaxWarning: invalid escape sequence '\\|'\n"}
,{"stream_name":"stderr","time":19175.29879882,"data":"  cells[i][c] = re.sub('\\\\\\\\\\|', '|', cell)\n"}
,{"stream_name":"stderr","time":19175.535462287,"data":"/usr/local/lib/python3.12/dist-packages/nbconvert/filters/filter_links.py:36: SyntaxWarning: invalid escape sequence '\\_'\n"}
,{"stream_name":"stderr","time":19175.5354898,"data":"  text = re.sub(r'_', '\\_', text) # Escape underscores in display text\n"}
,{"stream_name":"stderr","time":19176.240866602,"data":"[NbConvertApp] Converting notebook __script__.ipynb to html\n"}
,{"stream_name":"stderr","time":19177.158781771,"data":"[NbConvertApp] Writing 285058 bytes to __results__.html\n"}
]