record_id,bearing_id,geometry,fault_type,condition,pcv_S_BPFO,pcv_S_BPFI,pcv_class,eagle_snr_BPFO,eagle_E_BPFO,eagle_snr_BPFI,eagle_E_BPFI,eagle_snr_BSF,eagle_E_BSF,eagle_zsnr_BPFO,eagle_zE_BPFO,eagle_bit_BPFO,eagle_zsnr_BPFI,eagle_zE_BPFI,eagle_bit_BPFI,eagle_zsnr_BSF,eagle_zE_BSF,eagle_bit_BSF,eagle_class,comb_class
N09_M07_F10_K001_1,K001,6203_PU_2905,normal,N09_M07_F10,0.0,0.0,normal,1.0414231509720493,5.1719686966447104e-05,0.9413874807810289,4.914365717877661e-05,1.4179366047340978,0.0001878560416655506,-0.4478052403552355,1.3027678997236594,0,-0.5551302126210963,2.169137849323266,1,1.1752716194800954,5.0,1,inner_race,normal
N09_M07_F10_K001_10,K001,6203_PU_2905,normal,N09_M07_F10,0.0,0.0,normal,1.2576064035097643,9.911815353903614e-05,0.9381471148154218,5.261692359676102e-05,0.6018209597078316,4.3936149377211386e-05,0.20074944912709633,3.4162505818355466,1,-0.5699345411896489,2.3921038699229267,1,-2.375994914187223,0.5090102198979214,0,outer_race,normal
N09_M07_F10_K001_11,K001,6203_PU_2905,normal,N09_M07_F10,0.0,0.0,normal,0.9056962343713607,4.763207644106561e-05,1.0214421159386327,5.7189135623901836e-05,1.1642194617587753,0.00014792606794674067,-0.8549890865460823,1.1205026350155363,0,-0.18938290664149748,2.6856166035706663,1,0.07124034112254088,4.084123923607656,1,inner_race,normal
N09_M07_F10_K001_12,K001,6203_PU_2905,normal,N09_M07_F10,0.0,0.0,normal,1.2913711946283473,8.674328267993978e-05,1.3014538144393928,8.961659271150123e-05,0.9311336319520065,8.804323351993231e-05,0.302044592771621,2.864458991404721,1,1.0899124666720263,4.767294250741801,1,-0.9430153123617321,2.025386452502502,1,inner_race,normal
N09_M07_F10_K001_13,K001,6203_PU_2905,normal,N09_M07_F10,0.0,0.0,normal,0.9138472685317356,5.136815164284114e-05,1.320104290089038,0.0001071922008070223,1.1046728228707399,0.00012309553708574075,-0.8305357981123747,1.2870930504655302,0,1.1751212895049157,5.0,1,-0.18787242943174418,3.2304645268826366,1,inner_race,normal
N09_M07_F10_K001_14,K001,6203_PU_2905,normal,N09_M07_F10,0.0,0.0,normal,1.3597681152755396,0.00011116186666851818,0.9714768817897097,5.53418571585958e-05,1.0819760741309592,0.00010787227614564368,0.5072369150776642,3.9532759535002957,1,-0.41766012939856917,2.567030731143478,1,-0.2866356435838817,2.7070975548650473,1,outer_race,normal
N09_M07_F10_K001_15,K001,6203_PU_2905,normal,N09_M07_F10,0.0,0.0,normal,0.9335788221142904,5.054599019756414e-05,1.0358771556087392,6.767682584057729e-05,1.0004251781658302,0.00010295789370975207,-0.7713406872214174,1.2504331308069077,0,-0.12343323538690774,3.3588729195232814,1,-0.6414983023216968,2.538143907881669,1,inner_race,normal
N09_M07_F10_K001_16,K001,6203_PU_2905,normal,N09_M07_F10,0.0,0.0,normal,1.0823776168866952,6.101248030922618e-05,1.3665182025297578,0.00010712528995721281,0.9117813939507718,8.942286588764084e-05,-0.32494090830178884,1.7171306253263963,0,1.38717351361094,5.0,1,-1.0272251367710383,2.072817421309141,1,inner_race,normal
N09_M07_F10_K001_17,K001,6203_PU_2905,normal,N09_M07_F10,0.3333333333333333,0.0,normal,0.8544134073510079,4.1182956012000426e-05,1.1135083609809864,6.994688386856669e-05,0.8606651471631702,8.368027647777439e-05,-1.0088387375414045,0.8329383881678194,0,0.23124209564108583,3.5045990873779296,1,-1.2496536830803628,1.875390494003058,0,inner_race,normal
N09_M07_F10_K001_18,K001,6203_PU_2905,normal,N09_M07_F10,0.0,0.0,normal,1.0814927905008622,6.601794934208937e-05,1.253055665741941,8.771825570140965e-05,1.1443357646233272,0.00012858017576912662,-0.3275954076451622,1.940322911528364,0,0.8687948203840372,4.645430679693656,1,-0.015282088183934507,3.419023256292151,1,inner_race,normal
N09_M07_F10_K001_19,K001,6203_PU_2905,normal,N09_M07_F10,0.0,0.0,normal,0.9483626525860688,5.160512466291843e-05,0.8655620888679402,4.0607315951682114e-05,1.1663102472666875,0.00015143744818912403,-0.7269888585370428,1.2976596027250655,0,-0.9015552854786709,1.6211482036022196,0,0.0803382387655719,4.204843160589141,1,normal,normal
N09_M07_F10_K001_2,K001,6203_PU_2905,normal,N09_M07_F10,0.0,0.0,normal,0.9741712107079703,5.367583446652671e-05,0.7602197169800685,3.4338158364688824e-05,1.1023054388495273,0.00010725319482584388,-0.6495625953910739,1.3899919000769874,0,-1.3828352094660645,1.2187002046677655,0,-0.19817392493438282,2.685813894481689,1,normal,normal
N09_M07_F10_K001_20,K001,6203_PU_2905,normal,N09_M07_F10,0.0,0.0,normal,1.1048277791803653,7.508916368500161e-05,1.0845323303734524,7.375342337625766e-05,1.1986099196943514,0.00016277871477512513,-0.25758990925685105,2.344805499379787,1,0.0988586913344668,3.748959543544082,1,0.2208878611626379,4.594749395220222,1,inner_race,normal
N09_M07_F10_K001_3,K001,6203_PU_2905,normal,N09_M07_F10,0.0,0.0,normal,1.2705315361706087,8.172430070389885e-05,1.0211812396152735,5.2794170415037404e-05,1.0776864252495566,0.00010617964837111381,0.2395251419755026,2.6406641673264115,1,-0.19057477782140636,2.4034822132398697,1,-0.30530173166410496,2.6489059836508106,1,outer_race,normal
N09_M07_F10_K001_4,K001,6203_PU_2905,normal,N09_M07_F10,0.0,0.3333333333333333,normal,1.0550064626886175,6.251921234526392e-05,1.181149732955712,7.273593961759593e-05,1.2346433145904419,0.00012763341163131447,-0.40705499532437334,1.7843153318162586,0,0.540276663393656,3.6836422665511916,1,0.3776844991988888,3.3864740487359395,1,inner_race,normal
N09_M07_F10_K001_5,K001,6203_PU_2905,normal,N09_M07_F10,0.0,0.0,normal,0.8217784847656829,4.261087431750604e-05,1.023863655289224,7.109197471262104e-05,1.0828194612781534,0.00013311991608130184,-1.1067442498100428,0.8966088152592717,0,-0.17831956855921488,3.5781080895673067,1,-0.28296570713675034,3.575096922130147,1,inner_race,normal
N09_M07_F10_K001_6,K001,6203_PU_2905,normal,N09_M07_F10,0.0,0.0,normal,1.259180287400303,9.571179596205171e-05,0.9719474955514246,5.308791467745132e-05,0.8031544784628138,6.680737031686253e-05,0.2054711367043131,3.2643621713315536,1,-0.4155100263450074,2.42233909934722,1,-1.4999070807809192,1.2953096662932853,0,outer_race,normal
N09_M07_F10_K001_7,K001,6203_PU_2905,normal,N09_M07_F10,0.0,0.0,normal,0.6357315560179755,2.7040467502947625e-05,0.8180319911283838,4.6029052432921634e-05,1.00958635060867,0.00011280561953266446,-1.664889280411155,0.20232928396664973,0,-1.1187070489832553,1.9691960820208019,0,-0.6016341417659155,2.8767030684634762,1,normal,normal
N09_M07_F10_K001_8,K001,6203_PU_2905,normal,N09_M07_F10,0.0,0.0,normal,0.925375697369618,5.253220459324668e-05,1.445580830794427,0.0001299610592103452,1.418920667968245,0.000188245332436049,-0.7959502485963796,1.3389978045565858,0,1.7483886167032263,5.0,1,1.1795536974573244,5.0,1,inner_race,normal
N09_M07_F10_K001_9,K001,6203_PU_2905,normal,N09_M07_F10,0.0,0.0,normal,1.4069991484469926,0.00011032675645269921,0.8863929959553336,4.158455538485233e-05,1.1087629133012566,0.00013939857926531404,0.6489310920912023,3.9160386522453057,1,-0.8063846793878902,1.6838819997944154,0,-0.17007470510910885,3.7909537580515202,1,outer_race,normal
N09_M07_F10_K002_1,K002,6203_PU_2905,normal,N09_M07_F10,0.0,0.0,normal,1.1249963658576596,6.834761388758404e-05,0.7880557735634125,3.156979826558292e-05,1.2172963432699704,0.00012772396427624945,-0.19708368911147653,2.044201919185554,1,-1.2556600286110091,1.040985580851857,0,0.3022004436164297,3.389587196685928,1,outer_race,normal
N09_M07_F10_K002_10,K002,6203_PU_2905,normal,N09_M07_F10,0.0,0.0,normal,0.7477427305615184,2.609432944246297e-05,0.7544639445316312,2.6539013181289903e-05,0.956737997697116,7.046725798890376e-05,-1.3288532014278158,0.16014128611952816,0,-1.4091317288706324,0.7180347916671109,0,-0.8315998190544586,1.4211345034538645,0,normal,normal
N09_M07_F10_K002_11,K002,6203_PU_2905,normal,N09_M07_F10,0.0,0.3333333333333333,normal,0.9970820603599972,5.8595430777802193e-05,1.489347396337694,0.00013709464191197864,1.262642792919408,0.00016410263771506954,-0.5808295237612331,1.6093551486947224,0,1.9483458510084661,5.0,1,0.4995221467869343,4.6402651058810225,1,inner_race,normal
N09_M07_F10_K002_12,K002,6203_PU_2905,normal,N09_M07_F10,0.0,0.0,normal,0.8187018524368391,3.625213203414591e-05,1.1253839775687136,6.820101355888517e-05,1.1310560188314192,0.00013101784487258195,-1.1159742169849352,0.6130745014368455,0,0.2854984764897005,3.3925231022426794,1,-0.07306791436411347,3.5028289206945713,1,inner_race,normal
N09_M07_F10_K002_13,K002,6203_PU_2905,normal,N09_M07_F10,0.0,0.0,normal,0.9145482657842091,3.973579871683536e-05,1.219765555490534,6.977357975656826e-05,0.9634135322073742,8.986851170625479e-05,-0.8284327903628422,0.7684101005925409,0,0.7167015891021079,3.493473845730538,1,-0.8025517271019283,2.088138468724544,1,inner_race,normal
N09_M07_F10_K002_14,K002,6203_PU_2905,normal,N09_M07_F10,0.0,0.0,normal,0.7781302018212186,3.125204226865116e-05,1.013895034308507,5.943534369379641e-05,1.0034445546154918,0.0001008169346551121,-1.2376900944079974,0.39012207507102353,0,-0.22386341821702774,2.8298117255428745,1,-0.6283597102562535,2.464538964627414,1,inner_race,normal
N09_M07_F10_K002_15,K002,6203_PU_2905,normal,N09_M07_F10,0.0,0.0,normal,1.5009327461647934,0.00010180764561080536,1.132718400462451,6.064886249068688e-05,1.0351816523560748,9.140652566793913e-05,0.9307340281868113,3.5361741854537416,1,0.3190074095954284,2.90771345391722,1,-0.49025808977055135,2.1410145058111407,1,outer_race,normal
N09_M07_F10_K002_16,K002,6203_PU_2905,normal,N09_M07_F10,0.0,0.0,normal,1.0433034765003035,6.248094124648567e-05,0.8878965957423114,4.814136071377045e-05,1.058751024087968,0.00013262633446310887,-0.44216422087390506,1.782608835586695,0,-0.7995151512178352,2.1047955192600227,1,-0.3876977215664311,3.5581278694433616,1,inner_race,normal
N09_M07_F10_K002_17,K002,6203_PU_2905,normal,N09_M07_F10,0.0,0.0,normal,0.8639701545281169,3.7929675451699423e-05,0.7765365968640071,3.064118115328498e-05,1.2301153768886175,0.00015231373024050031,-0.9801682779884391,0.6878756335802325,0,-1.3082879349978926,0.9813730901089289,0,0.35798151503847386,4.23496923447481,1,normal,normal
N09_M07_F10_K002_18,K002,6203_PU_2905,normal,N09_M07_F10,0.0,0.0,normal,0.7899396789390143,3.0648873506409025e-05,1.112219907532139,5.6973514718669784e-05,1.3968349787639436,0.00017161837662077356,-1.2022613936406035,0.3632269701115133,0,0.22535551109956264,2.6717748392450877,1,1.0834494634284713,4.898651894955402,1,inner_race,normal
N09_M07_F10_K002_19,K002,6203_PU_2905,normal,N09_M07_F10,0.0,0.0,normal,1.121627113301201,6.60494239250429e-05,0.8884359445101129,4.508911080131255e-05,1.1503658275561464,0.00011780125854088023,-0.20719152364486776,1.941726353259904,0,-0.7970510170872075,1.9088566147946024,0,0.01095728220399534,3.0484502697570095,1,normal,normal
N09_M07_F10_K002_2,K002,6203_PU_2905,normal,N09_M07_F10,0.0,0.0,normal,0.8924554806475468,4.114172593933059e-05,1.112989998814339,5.526016462690272e-05,1.0454196435157495,0.00010177307713262994,-0.8947116497837783,0.831099952225246,0,0.2288738434393267,2.5617864865298197,1,-0.44570823265298054,2.4974105941189544,1,inner_race,normal
N09_M07_F10_K002_20,K002,6203_PU_2905,normal,N09_M07_F10,0.0,0.0,normal,1.0854174908443424,6.391328399752916e-05,0.9205188540093339,5.052439254292698e-05,1.1129120692415508,0.00012251203645977188,-0.3158212170790688,1.846476547309875,0,-0.6504731494318727,2.2577740299662947,1,-0.15201996161346187,3.210404110327644,1,inner_race,normal
N09_M07_F10_K002_3,K002,6203_PU_2905,normal,N09_M07_F10,0.0,0.0,normal,0.9468008271452946,5.10062967160618e-05,0.7338493245672456,2.7772932941819804e-05,1.2008058396035428,0.00017286097894110268,-0.7316743704898718,1.2709580533551539,0,-1.5033141794048681,0.7972461580397188,0,0.23044324333384275,4.941371849396946,1,normal,normal
N09_M07_F10_K002_4,K002,6203_PU_2905,normal,N09_M07_F10,0.0,0.0,normal,0.9451580610325357,4.3542114588189046e-05,0.8727358962900007,3.7135591778869854e-05,1.1613810461708989,0.00011104485716844441,-0.7366027063051844,0.9381325253556637,0,-0.8687801596777774,1.398281187290581,0,0.058889186788842404,2.8161690691692027,1,normal,normal
N09_M07_F10_K002_5,K002,6203_PU_2905,normal,N09_M07_F10,0.0,0.0,normal,1.12458065197071,6.243810990635402e-05,0.9831080128597307,4.790994440335942e-05,0.935905183370732,8.07383687222085e-05,-0.19833084025616135,1.7806989996327987,0,-0.36452073470916957,2.0899397703410716,1,-0.9222522612301153,1.7742493942055684,0,inner_race,normal
N09_M07_F10_K002_6,K002,6203_PU_2905,normal,N09_M07_F10,0.0,0.0,normal,1.0680098541233265,5.848706813353356e-05,0.6948461752615627,2.37316265164371e-05,1.0634753077869703,8.75159266250545e-05,-0.3680445243690268,1.6045232925480923,0,-1.6815086931290197,0.5378148610261344,0,-0.36714035240182363,2.0072579441637073,1,normal,normal
N09_M07_F10_K002_7,K002,6203_PU_2905,normal,N09_M07_F10,0.0,0.0,normal,0.9562631303496345,5.091877623621617e-05,1.2133601525545339,8.510780617214175e-05,0.8992764930944255,8.993725982883734e-05,-0.7032872450097991,1.267055542749656,0,0.6874370891397552,4.477853110491554,1,-1.0816392828404244,2.090501989713214,1,inner_race,normal
N09_M07_F10_K002_8,K002,6203_PU_2905,normal,N09_M07_F10,0.0,0.0,normal,1.1059435228588221,6.007444976013628e-05,1.2256424182479408,7.37821776074429e-05,1.1947122013881928,0.00012802283010407954,-0.2542426527676039,1.6753041388564751,0,0.7435513363641092,3.75080541878981,1,0.2039272298321627,3.399862032279068,1,inner_race,normal
N09_M07_F10_K002_9,K002,6203_PU_2905,normal,N09_M07_F10,0.0,0.0,normal,0.8292779830096433,3.500851026486337e-05,1.0290748545019255,6.154765080620313e-05,0.9655338310466317,0.00010164119843222617,-1.0842455839893106,0.5576217987961233,0,-0.15451105242250054,2.9654110877740623,1,-0.7933254043924962,2.4928766801056867,1,inner_race,normal
N09_M07_F10_K003_1,K003,6203_PU_2905,normal,N09_M07_F10,0.0,0.0,normal,1.1359826508161277,7.413513859709267e-05,1.031104583989327,7.211680781121762e-05,0.9506511502670256,8.704375004208386e-05,-0.16412458360185506,2.302265821466201,1,-0.14523778435472504,3.643897156766333,1,-0.8580862829591214,1.9910247843000375,0,inner_race,normal
N09_M07_F10_K003_10,K003,6203_PU_2905,normal,N09_M07_F10,0.0,0.0,normal,0.8294758343670795,5.151928751798732e-05,0.8856557538551517,4.979905082688554e-05,0.739042782680517,8.607264654961932e-05,-1.083652025403345,1.2938321514927353,0,-0.809752932974524,2.2112107847273816,1,-1.7788843569009023,1.9576388037031869,0,inner_race,normal
N09_M07_F10_K003_11,K003,6203_PU_2905,normal,N09_M07_F10,0.0,0.0,normal,1.0129871674424558,5.7520535420861617e-05,1.2850619404161774,9.392717635947766e-05,1.381383545749882,0.00016201753156669957,-0.5331138396647164,1.5614259035893507,0,1.0150225648925095,5.0,1,1.016213701812514,4.568580353481273,1,inner_race,normal
N09_M07_F10_K003_12,K003,6203_PU_2905,normal,N09_M07_F10,0.0,0.0,normal,0.9074125874125265,3.762949674044279e-05,1.3422124726575937,8.16759346400289e-05,0.9362711478082546,8.817770335524195e-05,-0.8498399882667828,0.6744907594765952,0,1.2761274111196779,4.257544430811141,1,-0.920659794197524,2.0300094482463598,1,inner_race,normal
N09_M07_F10_K003_13,K003,6203_PU_2905,normal,N09_M07_F10,0.0,0.0,normal,0.9868902672044626,4.7415838393785114e-05,1.1174718324002273,6.856390438526789e-05,0.92489954354556,8.877157526033453e-05,-0.6114051357370164,1.1108606486563126,0,0.2493500913999899,3.4158188457110517,1,-0.9701424844244907,2.0504264234238634,1,inner_race,normal
N09_M07_F10_K003_14,K003,6203_PU_2905,normal,N09_M07_F10,0.0,0.0,normal,1.0098394994506386,6.6856303880936e-05,0.9720651213933592,6.242387603844081e-05,1.2334658388138253,0.00016739214130017337,-0.5425569154490921,1.9777048761243856,0,-0.4149726266714409,3.021660286559805,1,0.37256080092746596,4.753356350756302,1,inner_race,normal
N09_M07_F10_K003_15,K003,6203_PU_2905,normal,N09_M07_F10,0.3333333333333333,0.0,normal,1.1305986080194903,7.8852235730465e-05,0.6982297082018564,2.714387799333316e-05,1.027809560738653,8.748839036771209e-05,-0.1802768348199441,2.512599695579071,1,-1.6660502745731256,0.7568640330531806,0,-0.5223371981709752,2.0063112634438074,1,outer_race,normal
N09_M07_F10_K003_16,K003,6203_PU_2905,normal,N09_M07_F10,0.3333333333333333,0.0,normal,1.071182092148336,6.969474160577314e-05,1.3260373569061004,0.00010680336187691452,1.0194482170147265,9.685480937860775e-05,-0.358527737924549,2.104269919457784,1,1.202227817443809,5.0,1,-0.5587209635407884,2.328323372128662,1,inner_race,normal
N09_M07_F10_K003_17,K003,6203_PU_2905,normal,N09_M07_F10,0.0,0.0,normal,0.8190542707771092,4.308317877095437e-05,1.1341722843164526,7.995434812103699e-05,1.208496550498141,0.00017942382877801565,-1.1149169539242738,0.9176687219446209,0,0.3256497995302699,4.147027341402144,1,0.26390879982273774,5.0,1,inner_race,normal
N09_M07_F10_K003_18,K003,6203_PU_2905,normal,N09_M07_F10,0.0,0.0,normal,1.203856658593485,9.206041957062714e-05,0.6551838924330615,2.555535056136574e-05,0.949849712578289,0.0001178705307753227,0.0394989881652762,3.10154844913382,1,-1.8627146041292568,0.6548886595876707,0,-0.8615736794576145,3.050831809410551,1,outer_race,normal
N09_M07_F10_K003_19,K003,6203_PU_2905,normal,N09_M07_F10,0.0,0.0,normal,1.1274989612922106,7.17769220625844e-05,1.2621621648213657,9.999934937312111e-05,1.1308356792991587,0.0001267272577711475,-0.18957584571518027,2.197113689619905,1,0.9103998754648353,5.0,1,-0.0740267054517848,3.3553209992123327,1,inner_race,normal
N09_M07_F10_K003_2,K003,6203_PU_2905,normal,N09_M07_F10,0.0,0.0,normal,1.1938770239729513,7.566641150479487e-05,0.9608244364348196,4.881785132569269e-05,0.9843241242708302,8.842213601164123e-05,0.009559856634547803,2.3705447976870753,1,-0.46632818194762726,2.14822277233002,1,-0.7115608408878423,2.03841290265375,1,outer_race,normal
N09_M07_F10_K003_20,K003,6203_PU_2905,normal,N09_M07_F10,0.0,0.0,normal,1.0566145399551956,6.752021909833143e-05,0.6930648669041882,2.9527434739381247e-05,0.9899899125551574,0.0001212064193370259,-0.40223072683897254,2.0073086463688696,1,-1.6896469943222738,0.909876240751382,0,-0.6869065845412087,3.165517743153442,1,outer_race,normal
N09_M07_F10_K003_3,K003,6203_PU_2905,normal,N09_M07_F10,0.0,0.0,normal,1.462876085439336,0.00011531517895458428,1.0603901762216679,6.059025608231235e-05,1.086116437721451,0.00010848922357999273,0.8165631778096405,4.138470839004875,1,-0.011440079301060847,2.9039512208822744,1,-0.2686191593445007,2.728307853491593,1,outer_race,normal
N09_M07_F10_K003_4,K003,6203_PU_2905,normal,N09_M07_F10,0.0,0.0,normal,0.8969808934183235,4.597766019110561e-05,0.9841513237798959,5.5348294575185567e-05,1.0476254725365781,0.00010843929235833952,-0.8811353082315182,1.046732735984308,0,-0.35975413802681283,2.5674439805137337,1,-0.4361097317194408,2.7265912467547966,1,inner_race,normal
N09_M07_F10_K003_5,K003,6203_PU_2905,normal,N09_M07_F10,0.0,0.0,normal,1.1316800578309314,7.227252764366463e-05,0.7282752053925116,2.8124815070296037e-05,1.0290810491203555,8.979831675767168e-05,-0.17703246071410284,2.219212586240683,1,-1.5287807756532248,0.8198351991510581,0,-0.5168044110403702,2.085725206688543,1,outer_race,normal
N09_M07_F10_K003_6,K003,6203_PU_2905,normal,N09_M07_F10,0.0,0.0,normal,0.6970384659555758,2.7906061711656547e-05,1.3870415567265437,0.00010467035297234001,1.1131270507283737,0.0001551176962208667,-1.480967151980947,0.24092585685452916,0,1.4809389963011275,5.0,1,-0.1510844856620267,4.3313679752281375,1,inner_race,normal
N09_M07_F10_K003_7,K003,6203_PU_2905,normal,N09_M07_F10,0.0,0.0,normal,0.8542548560345288,3.973314943347541e-05,0.8956326216523617,4.127143661646814e-05,1.169099892600977,0.00013200291796680358,-1.0093143951079322,0.7682919698827069,0,-0.7641714059116583,1.6637813690451608,0,0.09247717296789884,3.536695168180406,1,normal,normal
N09_M07_F10_K003_8,K003,6203_PU_2905,normal,N09_M07_F10,0.3333333333333333,0.0,normal,0.6954620942626369,3.640817666588732e-05,1.2239043914399441,9.891228631542348e-05,1.1266722303787102,0.000168675806926375,-1.4856963030221193,0.6200324823731469,0,0.7356107765015396,5.0,1,-0.09214364378758433,4.797488038080839,1,inner_race,normal
N09_M07_F10_K003_9,K003,6203_PU_2905,normal,N09_M07_F10,0.0,0.0,normal,0.9432554993935924,5.693781436723379e-05,0.9817848887680118,5.9397494761878806e-05,1.1593380618398783,0.00015584930474917656,-0.7423104346258628,1.5354425555108153,0,-0.37056571975057495,2.8273820168139623,1,0.04999929241201476,4.3565202564424235,1,inner_race,normal
N09_M07_F10_K004_1,K004,6203_PU_2905,normal,N09_M07_F10,0.0,0.0,normal,1.3280753542927057,4.9475715574648225e-05,1.092916006542032,3.267511203048485e-05,0.7866143803138542,3.465806574629214e-05,0.41215790911038325,1.20270992277501,0,0.13716137008413204,1.111941097076619,0,-1.5718800877658332,0.19003503086662835,0,normal,normal
N09_M07_F10_K004_10,K004,6203_PU_2905,normal,N09_M07_F10,0.0,0.0,normal,1.0474292396434333,4.187386295903826e-05,1.1105914679380169,3.7369386775372046e-05,1.0587185430045976,8.791701339628756e-05,-0.4297868373219422,0.8637457111279193,0,0.2179156246604059,1.413289635745985,0,-0.3878390605850542,2.0210470771098326,1,normal,normal
N09_M07_F10_K004_11,K004,6203_PU_2905,normal,N09_M07_F10,0.0,0.0,normal,0.9271899029026774,2.5119605476845708e-05,0.7946851799043427,1.8904100991219362e-05,1.3393002537547736,0.00010310184348262773,-0.7905075906090537,0.1166786517742463,0,-1.2253721195515797,0.22791230067900087,0,0.8330913864892139,2.5430928184369703,1,normal,normal
N09_M07_F10_K004_12,K004,6203_PU_2905,normal,N09_M07_F10,0.0,0.0,normal,0.7362155370198434,1.9913662632704594e-05,0.5669625348530677,1.2430245696292606e-05,1.1266174492680654,7.081902601184764e-05,-1.3634350450270072,-0.11545269847326345,0,-2.2657733876865365,-0.1876762489277172,0,-0.09238201971640733,1.433228086145851,0,normal,normal
N09_M07_F10_K004_13,K004,6203_PU_2905,normal,N09_M07_F10,0.0,0.0,normal,1.1974973068666188,4.253959786270299e-05,0.7403940184203052,1.7666756258002873e-05,0.7640199291795529,3.334554385507716e-05,0.020420787906414675,0.8934306206094959,0,-1.4734132980816907,0.14848106849747122,0,-1.6701981614957437,0.1449112817162309,0,normal,normal
N09_M07_F10_K004_14,K004,6203_PU_2905,normal,N09_M07_F10,0.0,0.0,normal,0.8677464941938182,2.6627949363769877e-05,1.0576964614481208,3.935236562325268e-05,1.2172740979762584,9.962855803642285e-05,-0.9688391728402895,0.18393523018699875,0,-0.023746910998721872,1.5405867818433536,0,0.3021036448752557,2.4236832586793082,1,normal,normal
N09_M07_F10_K004_15,K004,6203_PU_2905,normal,N09_M07_F10,0.0,0.0,normal,1.145096401662911,4.4914267453230614e-05,0.7356044278083926,1.629927719189559e-05,1.475490061240148,0.00015825521545216763,-0.1367831231461071,0.9993163890368714,0,-1.4952956020807464,0.06069587469704285,0,1.4257112051349394,4.439234085268189,1,normal,normal
N09_M07_F10_K004_16,K004,6203_PU_2905,normal,N09_M07_F10,0.0,0.0,normal,0.7594761189884851,1.8892406347482675e-05,0.9750808858211077,2.7770308632877898e-05,0.8575262771100031,5.5943706588068996e-05,-1.2936527684687484,-0.16099019428040987,0,-0.40119443990253445,0.7970776907667877,0,-1.2633122426745542,0.9218231437191194,0,normal,normal
N09_M07_F10_K004_17,K004,6203_PU_2905,normal,N09_M07_F10,0.0,0.0,normal,0.802238465488166,2.1236784287067268e-05,0.9876907603136689,3.4277314049418256e-05,0.8865139612615162,5.4728639544612976e-05,-1.1653647534163427,-0.0564551210191455,0,-0.3435834394237317,1.2147943094039457,0,-1.1371744909439476,0.8800498362895034,0,normal,normal
N09_M07_F10_K004_18,K004,6203_PU_2905,normal,N09_M07_F10,0.0,0.0,normal,1.0286989585529027,3.6335415855317796e-05,1.2306471068845846,5.179803837234572e-05,0.8611971500985698,5.432503276428238e-05,-0.4859781078944236,0.6167881007676871,0,0.7664163632612468,2.3395356077043044,1,-1.2473387118727757,0.8661740668772474,0,inner_race,normal
N09_M07_F10_K004_19,K004,6203_PU_2905,normal,N09_M07_F10,0.0,0.0,normal,1.1013522815682326,4.088789017652959e-05,1.4020421623211965,6.068590001356969e-05,1.1010844816249732,7.468469154685505e-05,-0.26801648138107276,0.8197814955836377,0,1.549472580565244,2.910091074317224,1,-0.20348682949272962,1.566127448105857,0,inner_race,normal
N09_M07_F10_K004_2,K004,6203_PU_2905,normal,N09_M07_F10,0.0,0.0,normal,0.8883843108235149,3.060361989056136e-05,0.8397180770362487,2.5936750080628072e-05,1.210023431171088,0.00010014006228345414,-0.9069252521329899,0.36120912564706176,0,-1.0196293693157543,0.6793725669056402,0,0.2705529075148104,2.441268481056847,1,normal,normal
N09_M07_F10_K004_20,K004,6203_PU_2905,normal,N09_M07_F10,0.0,0.0,normal,1.0192306239639388,3.7422131049360615e-05,1.1345075213486457,4.554565389956616e-05,1.0543102562030209,7.315941090778377e-05,-0.5143833276659644,0.6652443886832458,0,0.32718140405445345,1.9381643573054461,0,-0.4070213927516465,1.5136891753409747,0,normal,normal
N09_M07_F10_K004_3,K004,6203_PU_2905,normal,N09_M07_F10,0.0,0.0,normal,0.8322828678921684,2.0122750883813838e-05,0.8018929260109556,1.8169912775080354e-05,0.9478615336146781,6.240174799588547e-05,-1.0752308607901753,-0.10612951927134372,0,-1.1924419373642687,0.18078115517399374,0,-0.870225092354111,1.1438469000005753,0,normal,normal
N09_M07_F10_K004_4,K004,6203_PU_2905,normal,N09_M07_F10,0.0,0.0,normal,0.8730535158155489,2.1731460011688805e-05,1.1747712268152781,4.704042013904244e-05,1.0039102333652188,4.399105558087326e-05,-0.9529179869040334,-0.034397686404723134,0,0.5111350473904708,2.034120739579212,1,-0.6263333438099976,0.510897863660225,0,inner_race,normal
N09_M07_F10_K004_5,K004,6203_PU_2905,normal,N09_M07_F10,0.0,0.0,normal,1.0104496412572825,3.350552324507837e-05,0.9837079377360854,3.5822417723727784e-05,1.119469882806491,9.165569411454145e-05,-0.5407264761097674,0.49060408140035466,0,-0.3617798452293173,1.3139820987111164,0,-0.12348412359941145,2.1495807739670716,1,normal,normal
N09_M07_F10_K004_6,K004,6203_PU_2905,normal,N09_M07_F10,0.0,0.0,normal,0.7396005939711857,2.0582742698207094e-05,0.98362304556601,3.3900534088333466e-05,1.236558289883976,0.00010908886160270515,-1.3532797969484134,-0.08561862927990264,0,-0.3621676938834612,1.1906069542014264,0,0.38601737176930573,2.7489230644827547,1,normal,normal
N09_M07_F10_K004_7,K004,6203_PU_2905,normal,N09_M07_F10,0.0,0.0,normal,1.1942107651757277,4.668483965865772e-05,1.3692141056471507,5.892935999001128e-05,0.7795055708807289,3.7411769703149515e-05,0.01056108785663958,1.0782656455042299,0,1.3994903432414456,2.7973301478737715,1,-1.602813543321956,0.2847057921052588,0,inner_race,normal
N09_M07_F10_K004_8,K004,6203_PU_2905,normal,N09_M07_F10,0.0,0.0,normal,1.2343204482865964,5.4855181164240824e-05,0.8557918562849772,2.2042483050928484e-05,1.3498948895952112,0.0001296848146403092,0.13089105222640937,1.4425785975391805,0,-0.9461927538648269,0.4293804504735067,0,0.8791931564109601,3.457000106551677,1,normal,normal
N09_M07_F10_K004_9,K004,6203_PU_2905,normal,N09_M07_F10,0.0,0.0,normal,1.191632646968543,5.031010942698689e-05,1.0787406559696717,4.069648590012619e-05,0.9524258758130577,6.024201771011861e-05,0.002826674419513128,1.2399152816082477,0,0.07239814590666604,1.6268724603015345,0,-0.8503636967343893,1.0695966125960372,0,normal,normal
N09_M07_F10_K005_1,K005,6203_PU_2905,normal,N09_M07_F10,0.0,0.0,normal,1.206777646907235,4.1704644619243386e-05,1.4222313851838573,5.7931569093369026e-05,1.1198492800420645,7.346548233852905e-05,0.04826201974412289,0.8562003187025237,0,1.6417115103574127,2.7332770523603,1,-0.12183320474511779,1.5242117354258724,0,inner_race,normal
N09_M07_F10_K005_10,K005,6203_PU_2905,normal,N09_M07_F10,0.0,0.0,normal,1.2041667149431656,3.574408732233832e-05,0.825224888008359,1.6310434462714497e-05,0.8759131025692745,4.5460399795460465e-05,0.04042916428774957,0.5904209478983684,0,-1.0858447087719636,0.06141211467862421,0,-1.1833033391425172,0.5614130742623475,0,normal,normal
N09_M07_F10_K005_11,K005,6203_PU_2905,normal,N09_M07_F10,0.0,0.0,normal,1.0676154698633473,3.496672153136142e-05,0.9203312178313783,2.3686208899553753e-05,1.054297152949785,7.54853051721912e-05,-0.36922768614619955,0.5557584523431638,0,-0.6513304068093682,0.534899281256853,0,-0.40707841058359473,1.5936520849426694,0,normal,normal
N09_M07_F10_K005_12,K005,6203_PU_2905,normal,N09_M07_F10,0.0,0.0,normal,1.377128321508359,5.349348911789535e-05,0.9740240361657244,2.400234632483502e-05,0.9233667703442479,4.876006990036003e-05,0.5593179298209832,1.3818611784658599,0,-0.40602289129102603,0.5551936944100173,0,-0.9768122330155091,0.6748538382519867,0,normal,normal
N09_M07_F10_K005_13,K005,6203_PU_2905,normal,N09_M07_F10,0.0,0.0,normal,1.3022180968219415,4.402928660999601e-05,1.0373590814024372,2.8772343084901368e-05,0.8190231434877129,3.591695103914339e-05,0.3345855468068297,0.9598553722271257,0,-0.11666272964867457,0.8614032009305281,0,-1.4308557650999323,0.23331478455603963,0,normal,normal
N09_M07_F10_K005_14,K005,6203_PU_2905,normal,N09_M07_F10,0.0,0.0,normal,0.9609540138432361,2.2656217741226472e-05,1.1310568900231917,2.9614990524918995e-05,1.036617103761992,5.7088156007980913e-05,-0.6892144875141193,0.006836969225618491,0,0.3114164316861574,0.9154968764102952,0,-0.48401182973423595,0.9611686577902175,0,normal,normal
N09_M07_F10_K005_15,K005,6203_PU_2905,normal,N09_M07_F10,0.0,0.0,normal,1.0924844056186975,3.527646058492112e-05,1.0635452477594374,2.9408201427160416e-05,1.0330510134476731,5.415031779308323e-05,-0.29462031153584023,0.569569619096198,0,0.002974562809796372,0.9022220691591483,0,-0.4995294065218592,0.8601674664647305,0,normal,normal
N09_M07_F10_K005_16,K005,6203_PU_2905,normal,N09_M07_F10,0.0,0.0,normal,1.2639145448387514,4.382338596905203e-05,1.226705819904547,3.851592072762537e-05,1.1728522811925204,6.0232527982424323e-05,0.2196740170240392,0.9506743275575814,0,0.7484097220192593,1.4868912781344419,0,0.10880541285360047,1.0692703612056043,0,normal,normal
N09_M07_F10_K005_17,K005,6203_PU_2905,normal,N09_M07_F10,0.0,0.0,normal,1.2567482826705951,4.336805933408681e-05,1.062894176550987,3.169170396599188e-05,1.3050620396793229,9.879694602353889e-05,0.1981750670329581,0.9303714564461394,0,0.0,1.048811306159844,0,0.6841063442838631,2.3950929150736133,1,normal,normal
N09_M07_F10_K005_18,K005,6203_PU_2905,normal,N09_M07_F10,0.0,0.0,normal,1.5383819809789157,6.629556399871473e-05,1.2915472721116905,4.275258784649433e-05,1.1975512184811747,9.22504467292902e-05,1.0430825869725422,1.9527016615493076,0,1.0446522370701201,1.7588637370303035,0,0.216281001570593,2.170028027436972,1,normal,normal
N09_M07_F10_K005_19,K005,6203_PU_2905,normal,N09_M07_F10,0.0,0.0,normal,0.9632779125781064,2.4236144209822957e-05,1.2234705937724932,3.6870239496466846e-05,0.9598053396568577,4.740126897783726e-05,-0.6822427382935398,0.07728539238874081,0,0.7336288759170445,1.381246921747896,0,-0.8182525086391637,0.628139042572283,0,normal,normal
N09_M07_F10_K005_2,K005,6203_PU_2905,normal,N09_M07_F10,0.0,0.0,normal,1.0009275942015345,2.2238693172925312e-05,1.1025478987981416,2.799896555613589e-05,1.2412570015431457,6.380052699464088e-05,-0.5692928345070232,-0.011780319650369353,0,0.181166800091057,0.811756301079377,0,0.40646346610441025,1.1919361189912434,0,normal,normal
N09_M07_F10_K005_20,K005,6203_PU_2905,normal,N09_M07_F10,0.0,0.0,normal,0.7647398866316663,1.77512911318257e-05,0.953606465332489,2.3701329932196525e-05,1.1011134042105784,7.224794411590754e-05,-1.2778613454549101,-0.21187216201014472,0,-0.49930507928928297,0.5358699745668333,0,-0.203360975012482,1.482353470275158,0,normal,normal
N09_M07_F10_K005_3,K005,6203_PU_2905,normal,N09_M07_F10,0.3333333333333333,0.0,normal,0.9396178768854109,2.44168803333175e-05,0.8951645837269377,2.1574660751314713e-05,1.1419281555387448,4.992622077130973e-05,-0.7532233851368467,0.08534435915832518,0,-0.7663097406874408,0.3993486406611179,0,-0.025758620058232314,0.7149454357517749,0,normal,normal
N09_M07_F10_K005_4,K005,6203_PU_2905,normal,N09_M07_F10,0.0,0.0,normal,0.8878802329711382,2.3900483889056867e-05,1.2358001844527764,4.107110349127729e-05,0.7708873711961763,3.675518905992824e-05,-0.9084374971898361,0.06231840450264934,0,0.7899593378105606,1.6509210023635807,0,-1.6403149983016956,0.2621329265096245,0,normal,normal
N09_M07_F10_K005_5,K005,6203_PU_2905,normal,N09_M07_F10,0.0,0.0,normal,1.0793852301487752,3.567613030246246e-05,0.7095218677262949,1.620759316001503e-05,1.19875074152712,8.948841356314721e-05,-0.33391813678198384,0.5873907658055446,0,-1.6144595463582712,0.05481022664105418,0,0.22150063689481309,2.0750709127645885,1,normal,normal
N09_M07_F10_K005_6,K005,6203_PU_2905,normal,N09_M07_F10,0.0,0.0,normal,1.1267534428569805,3.3571731551592674e-05,1.0014502272571826,2.6520071650814737e-05,1.0844790079558868,6.309034725340356e-05,-0.19181241802866067,0.49355628891566833,0,-0.2807202715834435,0.7168188418475846,0,-0.27574431319140613,1.1675205471750485,0,normal,normal
N09_M07_F10_K005_7,K005,6203_PU_2905,normal,N09_M07_F10,0.0,0.0,normal,1.3884466737037835,5.078609796562007e-05,1.619917666953817,6.639892620080481e-05,1.3966222018750607,0.00010590367912667985,0.5932732446170477,1.261139460490582,0,2.544885009857386,3.2768382688179787,1,1.0825235806210127,2.6394183194507606,1,inner_race,normal
N09_M07_F10_K005_8,K005,6203_PU_2905,normal,N09_M07_F10,0.0,0.0,normal,1.190109155400005,4.881071942666607e-05,1.002213793886672,3.908565687114596e-05,0.9061988764769501,4.455159797170042e-05,-0.0017438350420824744,1.1730579541764268,0,-0.27723174856261074,1.5234654378518822,0,-1.051517046378724,0.5301689892705073,0,normal,normal
N09_M07_F10_K005_9,K005,6203_PU_2905,normal,N09_M07_F10,0.0,0.0,normal,0.9100160366719295,2.306574268703578e-05,1.1125923403333438,2.7234838047243188e-05,0.898960701985907,5.131937145040092e-05,-0.8420295810951145,0.02509755745657447,0,0.22705705272086768,0.762703205409449,0,-1.0830134243633152,0.7628411563433946,0,normal,normal
N09_M07_F10_K006_1,K006,6203_PU_2905,normal,N09_M07_F10,0.0,0.0,normal,0.7829285412734532,4.410909583508804e-05,0.9959248265130761,6.965882662186131e-05,0.9423785462839744,0.00010419451316089236,-1.2232949665849857,0.9634140404141324,0,-0.3059642869066794,3.4861072787247758,1,-0.8940839039462145,2.5806581747150417,1,inner_race,normal
N09_M07_F10_K006_10,K006,6203_PU_2905,normal,N09_M07_F10,0.0,0.0,normal,0.9127968906106094,5.074150012776044e-05,1.0156255904775815,6.0125347128648625e-05,0.9732293382016823,0.00010520706374990444,-0.8336869558384165,1.259150856959883,0,-0.2159569896206158,2.8741064330471655,1,-0.7598389773329475,2.6154690826979734,1,inner_race,normal
N09_M07_F10_K006_11,K006,6203_PU_2905,normal,N09_M07_F10,0.0,0.0,normal,1.0006204161900045,5.426998114846214e-05,1.3179554235578412,0.00010219841930953478,1.0770799194360425,9.214613812642281e-05,-0.5702143755493797,1.416484713319831,0,1.1653037175036485,5.0,1,-0.3079408966049239,2.166441957550046,1,inner_race,normal
N09_M07_F10_K006_12,K006,6203_PU_2905,normal,N09_M07_F10,0.0,0.0,normal,0.9350120446891833,5.7258405062935484e-05,0.8808532744132958,4.6171466808317975e-05,1.0355722848673743,0.00014358125866350733,-0.7670409868000976,1.5497375935659825,0,-0.8316941224437311,1.9783383598471989,0,-0.4885582814495192,3.9347518746420915,1,normal,normal
N09_M07_F10_K006_13,K006,6203_PU_2905,normal,N09_M07_F10,0.0,0.0,normal,0.780420428688454,4.1666242431311636e-05,1.3543701937425676,0.00010028537541635171,1.0643778660803438,0.00015103584784040156,-1.2308193615584915,0.8544879772489312,0,1.3316726487555306,5.0,1,-0.36321293711273434,4.191036371143755,1,inner_race,normal
N09_M07_F10_K006_14,K006,6203_PU_2905,normal,N09_M07_F10,0.0,0.0,normal,1.3435384820264369,0.00010889729793135528,0.7041773955002929,2.7695656872664977e-05,1.020862363608413,0.00011345797463396114,0.4585476450776782,3.8522995474151753,1,-1.6388769497315392,0.7922854278354878,0,-0.5525674098104257,2.899130662353468,1,outer_race,normal
N09_M07_F10_K006_15,K006,6203_PU_2905,normal,N09_M07_F10,0.0,0.0,normal,1.1800376577907388,6.913622397484736e-05,1.1055902064305667,5.99656433452431e-05,1.2711752902778173,0.00017693310057610923,-0.03195855763471312,2.0793657943674075,1,0.1950662553609491,2.8638542632521102,1,0.5366506744682639,5.0,1,inner_race,normal
N09_M07_F10_K006_16,K006,6203_PU_2905,normal,N09_M07_F10,0.0,0.0,normal,1.1242543874232303,5.991169602446378e-05,1.1985786751049097,8.003682354248334e-05,0.9198924623318722,8.858912223783365e-05,-0.1993096413417954,1.6680470010909303,0,0.6199046402696194,4.152321843552039,1,-0.9919304259422052,2.044153793249718,1,inner_race,normal
N09_M07_F10_K006_17,K006,6203_PU_2905,normal,N09_M07_F10,0.0,0.0,normal,1.032089897772459,5.835975893971524e-05,1.1598475240363766,6.823105340575923e-05,1.3071696020531223,0.0001461540732356582,-0.4758052128769931,1.5988466157299386,0,0.4429528106483045,3.3944515074701767,1,0.6932772452110831,4.023203762676321,1,inner_race,normal
N09_M07_F10_K006_18,K006,6203_PU_2905,normal,N09_M07_F10,0.0,0.0,normal,0.8717401927674086,4.8269918121834074e-05,1.0247352190851133,6.91486402744369e-05,1.3041592613049542,0.00018986477388219784,-0.9568579860097831,1.1489437944815029,0,-0.17433763659851925,3.453355912730943,1,0.6801779713286908,5.0,1,inner_race,normal
N09_M07_F10_K006_19,K006,6203_PU_2905,normal,N09_M07_F10,0.0,0.0,normal,0.9436845415673817,5.263005165667597e-05,0.9472384515565466,5.9791348257368775e-05,1.192780247607849,0.0001273909092885742,-0.7410232983165959,1.343360774268625,0,-0.5283987586047485,2.852665405998839,1,0.19552047663910768,3.3781369574040254,1,inner_race,normal
N09_M07_F10_K006_2,K006,6203_PU_2905,normal,N09_M07_F10,0.0,0.0,normal,1.2979706936386253,0.00010971510233383432,0.9093806375120735,5.663485501464934e-05,0.937200749625232,8.286085190333126e-05,0.3218432403592879,3.8887651879089944,1,-0.7013605548802948,2.650034610464504,1,-0.9166147010267368,1.8472191475346076,0,outer_race,normal
N09_M07_F10_K006_20,K006,6203_PU_2905,normal,N09_M07_F10,0.0,0.0,normal,0.8651107103591352,4.569329399260254e-05,0.7885261645938214,4.3769360635595626e-05,1.4142980443701088,0.0002135586373476432,-0.9767465844754584,1.0340529368394595,0,-1.253510943154679,1.8241353733971721,0,1.1594386946610316,5.0,1,normal,normal
N09_M07_F10_K006_3,K006,6203_PU_2905,normal,N09_M07_F10,0.0,0.0,normal,1.373421827342081,9.816290500040308e-05,1.037825399579689,5.420059997126276e-05,1.027175819307569,0.00010612376398129062,0.5481983627645154,3.3736563506398647,1,-0.11453225192276442,2.4937678301973194,1,-0.5250948768760986,2.646984710409821,1,outer_race,normal
N09_M07_F10_K006_4,K006,6203_PU_2905,normal,N09_M07_F10,0.0,0.0,normal,0.8454220947314058,4.542975867772834e-05,0.9219189799639391,5.453919638101349e-05,1.1570885925551913,0.00013311679066445195,-1.0358128805223796,1.0223019802286897,0,-0.6440763643497743,2.5155039958080376,1,0.04021089411588285,3.5749894720930326,1,inner_race,normal
N09_M07_F10_K006_5,K006,6203_PU_2905,normal,N09_M07_F10,0.0,0.0,normal,1.334239945738985,0.00011597320463607398,1.3263673783297498,0.00011532072154244072,0.7820993101444833,6.486339528871653e-05,0.43065182408434566,4.1678119966999985,1,1.2037355933068519,5.0,1,-1.5915270798157535,1.228476920788754,0,inner_race,normal
N09_M07_F10_K006_6,K006,6203_PU_2905,normal,N09_M07_F10,0.0,0.0,normal,0.9678686743889596,4.497697184791057e-05,0.9015226596803586,4.172758611510361e-05,1.06439903469011,0.00011064995592660211,-0.6684703481302181,1.002112358228099,0,-0.737261464512061,1.693063844464453,0,-0.3631208234816759,2.802592591172651,1,normal,normal
N09_M07_F10_K006_7,K006,6203_PU_2905,normal,N09_M07_F10,0.0,0.0,normal,1.101119877185779,7.221097763151889e-05,1.2164731512203661,8.866994801965998e-05,1.0544023227683008,0.00012732419625379577,-0.26871369983036125,2.2164680906027368,1,0.7016595120301315,4.7065244811759746,1,-0.4066207719399504,3.3758434015657937,1,inner_race,normal
N09_M07_F10_K006_8,K006,6203_PU_2905,normal,N09_M07_F10,0.0,0.0,normal,1.4931060818383872,0.00011546968553400195,1.2265426840650444,7.962532122769987e-05,0.9871197942455197,0.00010288702707967415,0.9072538566549796,4.145360238672931,1,0.7476643998565967,4.12590549002392,1,-0.6993956909108757,2.5357075538214637,1,outer_race,normal
N09_M07_F10_K006_9,K006,6203_PU_2905,normal,N09_M07_F10,0.0,0.0,normal,1.1165930466116634,8.117008557607426e-05,1.3824688809709202,0.00011785631608190969,1.092715896496584,0.00015110112821279054,-0.22229383855752205,2.6159518894929534,1,1.4600477157969447,5.0,1,-0.239902105295509,4.193280672871476,1,inner_race,normal
N09_M07_F10_KA01_1,KA01,6203_PU_2905,outer_race,N09_M07_F10,1.0,0.0,outer_race,1.1599935006696074,1.0067428195334906e-05,0.9459760616310723,6.419915622045718e-06,0.8234269035857186,1.1197193033858825e-05,-0.09209148627294113,-0.5544931880115693,0,-0.5341662661754101,-0.5735088393118929,0,-1.4116931305472717,-0.6165363049800268,0,normal,outer_race
N09_M07_F10_KA01_10,KA01,6203_PU_2905,outer_race,N09_M07_F10,1.0,0.0,outer_race,1.5031390814304493,1.2339344672340888e-05,0.8462795881183044,3.690267651163261e-06,1.1645308545305095,1.3707027639809608e-05,0.9373530843177282,-0.45318914852321934,0,-0.98965165476253,-0.7487383415908431,0,0.07259534361002533,-0.5302496320293203,0,normal,outer_race
N09_M07_F10_KA01_11,KA01,6203_PU_2905,outer_race,N09_M07_F10,1.0,0.0,outer_race,0.8683418692078503,5.701009362214926e-06,1.0041247462158676,8.328850241357677e-06,1.1146361374776574,1.4658924121394487e-05,-0.967053034215681,-0.7491904272674719,0,-0.26850114021141724,-0.4509649557073884,0,-0.14451780690541535,-0.4975239774404882,0,normal,outer_race
N09_M07_F10_KA01_12,KA01,6203_PU_2905,outer_race,N09_M07_F10,1.0,0.0,outer_race,0.9289990237079975,6.672103454972373e-06,0.8785369032142591,5.347760502293584e-06,1.0643636400394092,1.3905311121817604e-05,-0.7850801869209458,-0.7058896478086923,0,-0.8422769765661497,-0.6423357393385868,0,-0.3632748406718506,-0.523432759744993,0,normal,outer_race
N09_M07_F10_KA01_13,KA01,6203_PU_2905,outer_race,N09_M07_F10,1.0,0.0,outer_race,1.3385377582322506,1.2425411166858865e-05,1.184886545058426,9.736504110387876e-06,1.0964810065765875,1.7610343916438658e-05,0.443545359611742,-0.449351470665113,0,0.5573491159359601,-0.3606007441012091,0,-0.22351850879888768,-0.3960558591862405,0,normal,outer_race
N09_M07_F10_KA01_14,KA01,6203_PU_2905,outer_race,N09_M07_F10,1.0,0.0,outer_race,1.2080947149961843,9.822794598040252e-06,1.4826207669730473,1.504394125667439e-05,1.1599443834774021,1.6920577539177537e-05,0.05221325405773601,-0.5654013229942311,0,1.9176137570628842,-0.019890301054615502,0,0.05263765592470965,-0.41976963126747974,0,normal,outer_race
N09_M07_F10_KA01_15,KA01,6203_PU_2905,outer_race,N09_M07_F10,1.0,0.0,outer_race,1.1638965649473842,8.84476880401493e-06,1.0166659224709542,7.050142560881681e-06,0.6956603376510914,5.962122512612033e-06,-0.08038220439754912,-0.6090111848273274,0,-0.21120400282414398,-0.533051478511881,0,-1.9676598400332017,-0.7965150242429183,0,normal,outer_race
N09_M07_F10_KA01_16,KA01,6203_PU_2905,outer_race,N09_M07_F10,1.0,0.0,outer_race,1.3162244544566024,1.1781592195699182e-05,1.111762842105833,7.93489065890824e-06,1.1912409253813587,1.7774015395474537e-05,0.37660493924307437,-0.47805915562528395,0,0.22326730661272992,-0.4762551551349433,0,0.18882223045208665,-0.3904289276946423,0,normal,outer_race
N09_M07_F10_KA01_17,KA01,6203_PU_2905,outer_race,N09_M07_F10,1.0,0.0,outer_race,1.361834235872636,1.1932629694536912e-05,1.3476155027473986,1.1216204069120723e-05,1.043213099958312,1.3657146556983222e-05,0.5134353240041335,-0.47132444116665967,0,1.3008123490446641,-0.2656115403442441,0,-0.4553098428394322,-0.5319645150220332,0,normal,outer_race
N09_M07_F10_KA01_18,KA01,6203_PU_2905,outer_race,N09_M07_F10,1.0,0.0,outer_race,1.1989856064505382,1.0662418441989807e-05,0.9255749806341848,6.1509734430283455e-06,0.7586084391014966,7.621775330283955e-06,0.02488572061130644,-0.5279627604838181,0,-0.6273731167093416,-0.5907735579399859,0,-1.6937458581103033,-0.7394571131157722,0,normal,outer_race
N09_M07_F10_KA01_19,KA01,6203_PU_2905,outer_race,N09_M07_F10,1.0,0.3333333333333333,outer_race,1.1239538960852704,8.464436000546223e-06,1.101028229991954,8.022607773989951e-06,0.8343200045496025,7.772606194983102e-06,-0.20021112221089593,-0.6259701046341348,0,0.1742238570528418,-0.47062416294068443,0,-1.3642926118381182,-0.7342716345737559,0,normal,outer_race
N09_M07_F10_KA01_2,KA01,6203_PU_2905,outer_race,N09_M07_F10,1.0,0.0,outer_race,0.85275093632414,5.2116127952629175e-06,0.8035926056072239,4.794852974379379e-06,0.8536493752903271,1.0245273378429628e-05,-1.01382618854858,-0.7710124659056636,0,-1.1846765752195314,-0.6778295876135967,0,-1.2801822926122512,-0.649262756272323,0,normal,outer_race
N09_M07_F10_KA01_20,KA01,6203_PU_2905,outer_race,N09_M07_F10,1.0,0.0,outer_race,0.7636502425541064,3.2287156443727594e-06,0.7920825094633668,3.7619493332504016e-06,1.071222124415044,1.2916770194412624e-05,-1.2811303025460465,-0.8594292247558106,0,-1.237262995080094,-0.744136742553665,0,-0.33343065598637267,-0.5574182293449186,0,normal,outer_race
N09_M07_F10_KA01_3,KA01,6203_PU_2905,outer_race,N09_M07_F10,1.0,0.0,outer_race,1.1717500967565158,9.606087157791956e-06,0.9790774143896057,6.7753452300265216e-06,1.0679362065893432,1.3948090501734115e-05,-0.05682142980460369,-0.5750642394379128,0,-0.3829354152461739,-0.550692068077636,0,-0.3477290830265949,-0.5219620292215004,0,normal,outer_race
N09_M07_F10_KA01_4,KA01,6203_PU_2905,outer_race,N09_M07_F10,1.0,0.0,outer_race,1.0286542339000007,8.67402775801788e-06,0.9781388854702359,7.843014547297865e-06,1.0195357419908149,1.5796453355030653e-05,-0.48611228287345,-0.6166244742422454,0,-0.38722329218381385,-0.482153133731651,0,-0.5583401051166952,-0.4584163754009312,0,normal,outer_race
N09_M07_F10_KA01_5,KA01,6203_PU_2905,outer_race,N09_M07_F10,1.0,0.0,outer_race,1.1047920182268376,8.899318429805748e-06,0.6632710355993058,2.9914742468888675e-06,0.840755276384605,1.136549912973405e-05,-0.25769719293326226,-0.6065788342100766,0,-1.8257667019834032,-0.7935973203796826,0,-1.3362900050482918,-0.6107500380220515,0,normal,outer_race
N09_M07_F10_KA01_6,KA01,6203_PU_2905,outer_race,N09_M07_F10,1.0,0.0,outer_race,1.0903896931460648,8.396097339457201e-06,1.2952759495845367,1.2304489838617874e-05,1.152865537523492,1.472033982110649e-05,-0.3009044967411954,-0.6290173039883411,0,1.0616875247567794,-0.19574913472986766,0,0.021834584219965616,-0.49541254094083853,0,normal,outer_race
N09_M07_F10_KA01_7,KA01,6203_PU_2905,outer_race,N09_M07_F10,1.0,0.0,outer_race,1.298395482824783,1.157264055315907e-05,0.9032102875622561,5.4919324034649455e-06,0.9955152011062635,1.2095111483442214e-05,0.3231176176086353,-0.4873762434941719,0,-0.7295511632898408,-0.6330806373055211,0,-0.6628637023345252,-0.5856663841446429,0,normal,outer_race
N09_M07_F10_KA01_8,KA01,6203_PU_2905,outer_race,N09_M07_F10,1.0,0.0,outer_race,0.841000905388607,5.019377854599283e-06,0.8533924578605407,5.1683815109253585e-06,1.078078863614475,1.608348183589844e-05,-1.049076549413018,-0.7795841613078175,0,-0.9571549362291791,-0.6538509573124973,0,-0.3035940653053542,-0.44854850100097865,0,normal,outer_race
N09_M07_F10_KA01_9,KA01,6203_PU_2905,outer_race,N09_M07_F10,1.0,0.0,outer_race,0.987463214956252,6.87896276366746e-06,1.1897351551765802,9.40353718436958e-06,1.1195344636496367,1.5129137692386486e-05,-0.6096862794107774,-0.696665856446346,0,0.5795010636023143,-0.38197552551768454,0,-0.123203104863431,-0.48135830480175257,0,normal,outer_race
N09_M07_F10_KA03_1,KA03,6203_PU_2905,outer_race,N09_M07_F10,0.0,0.0,normal,0.7802104429697758,4.774799173160165e-06,1.1580365514774393,8.218460178794306e-06,0.9429018853192025,1.647621299810519e-05,-1.2314493235050086,-0.790489847609793,0,0.4346789819895355,-0.4580514356952339,0,-0.8918066330558773,-0.435046629096536,0,normal,normal
N09_M07_F10_KA03_10,KA03,6203_PU_2905,outer_race,N09_M07_F10,0.0,0.0,normal,0.9965275790918404,6.235416114824845e-06,1.4106716648638105,9.058530511619469e-06,1.0809190790071215,1.8598750425219856e-05,-0.5824929802152916,-0.7253613986402485,0,1.5888983714728098,-0.40412319737640195,0,-0.2912350792550526,-0.36207501082143584,0,normal,inner_race
N09_M07_F10_KA03_11,KA03,6203_PU_2905,outer_race,N09_M07_F10,0.0,0.0,normal,1.070478275152399,7.592656478271556e-06,1.0442289782931906,6.839340699273706e-06,1.1492475294307163,2.21685627957726e-05,-0.36063920496879975,-0.6648424787039916,0,-0.08527608632434931,-0.5465838847719818,0,0.006091091080585498,-0.23934691081717965,0,normal,normal
N09_M07_F10_KA03_12,KA03,6203_PU_2905,outer_race,N09_M07_F10,0.0,0.0,normal,1.0877999391056767,1.057661022143846e-05,1.0761550504364885,8.580781615591973e-06,0.8097962007103465,1.4660955783628297e-05,-0.30867381794338467,-0.5317889219871732,0,0.060585235183558704,-0.4347922441392898,0,-1.471006120374974,-0.4974541300591909,0,normal,normal
N09_M07_F10_KA03_13,KA03,6203_PU_2905,outer_race,N09_M07_F10,0.0,0.0,normal,1.297632151492837,1.2790985649125846e-05,0.853996355194786,4.3541517850109535e-06,1.0404478188419317,1.7443421126022433e-05,0.320827606198635,-0.4330506197481319,0,-0.9543958976968865,-0.7061203602298931,0,-0.46734275795952834,-0.40179456889663906,0,normal,normal
N09_M07_F10_KA03_14,KA03,6203_PU_2905,outer_race,N09_M07_F10,0.0,0.0,normal,1.6064781240436017,2.1078470630416058e-05,1.0412284574859447,8.507652075568128e-06,1.0319012297640893,1.911058115157624e-05,1.247372569669315,-0.06351427706086518,0,-0.09898462924163819,-0.4394867882845278,0,-0.5045326047099502,-0.34447856427212015,0,normal,normal
N09_M07_F10_KA03_15,KA03,6203_PU_2905,outer_race,N09_M07_F10,0.0,0.0,normal,1.0915127225389165,7.397723329647984e-06,1.186913876047951,8.568491466193808e-06,0.8326623444661917,1.2710005597321492e-05,-0.29753538294255183,-0.6735344863484692,0,0.5666114259357236,-0.4355812091578369,0,-1.3715057964085766,-0.5645266774971139,0,normal,normal
N09_M07_F10_KA03_16,KA03,6203_PU_2905,outer_race,N09_M07_F10,0.0,0.0,normal,1.1151837516311809,1.1194840670559072e-05,1.3594442787531078,1.3967567805866563e-05,1.2395451161874635,2.9084700770415744e-05,-0.2265217556497416,-0.5042222211579465,0,1.3548547283348447,-0.08898799645830371,0,0.39901432429447303,-0.0015740575442749478,0,normal,inner_race
N09_M07_F10_KA03_17,KA03,6203_PU_2905,outer_race,N09_M07_F10,0.0,0.0,normal,1.1359730823942655,1.1944594303205031e-05,1.3444879852523477,1.4641315824215461e-05,1.1377760241889399,2.542477079313207e-05,-0.16415328908572957,-0.4707909430379894,0,1.2865235936719492,-0.04573680393235354,0,-0.04382631082708005,-0.1274003491348036,0,normal,normal
N09_M07_F10_KA03_18,KA03,6203_PU_2905,outer_race,N09_M07_F10,0.0,0.0,normal,1.3416930258106887,1.508154145286639e-05,1.1516238449267728,7.209604401540571e-06,1.0595764857218004,2.555829718489821e-05,0.4530112343293526,-0.330915458556733,0,0.4053811138482774,-0.5228148402093569,0,-0.38410578665754846,-0.12280978843837548,0,normal,normal
N09_M07_F10_KA03_19,KA03,6203_PU_2905,outer_race,N09_M07_F10,0.0,0.0,normal,1.0002950399509258,8.07353923531631e-06,1.125206659346561,8.475502123558142e-06,1.1050169266267578,1.7293817936220784e-05,-0.5711905116895454,-0.6434000681655869,0,0.2846883589752594,-0.4415506515185772,0,-0.18637508752891097,-0.4069378406804414,0,normal,normal
N09_M07_F10_KA03_2,KA03,6203_PU_2905,outer_race,N09_M07_F10,0.0,0.0,normal,1.4160603912350778,1.3959356955564194e-05,1.140675150997185,8.474101494702187e-06,0.9238554583795476,1.3312010760305365e-05,0.6761150271729698,-0.3809533115229345,0,0.35535958416597574,-0.44164056476011043,0,-0.9746857433743163,-0.5438300855823062,0,normal,normal
N09_M07_F10_KA03_20,KA03,6203_PU_2905,outer_race,N09_M07_F10,0.0,0.0,normal,1.2207136638085192,1.2501449264155772e-05,0.7329795316608938,4.016665579336284e-06,0.9951699164784519,1.9888818982090688e-05,0.09007038837552755,-0.44596095587764323,0,-1.507288020665053,-0.7277852563913074,0,-0.6643661827131456,-0.3177231944161734,0,normal,normal
N09_M07_F10_KA03_3,KA03,6203_PU_2905,outer_race,N09_M07_F10,0.0,0.0,normal,1.1284051831487398,8.714336162047736e-06,0.6723972511412362,2.9919631730940626e-06,0.9618033944383017,1.4616207357835828e-05,-0.18685715947161535,-0.6148271352137729,0,-1.7840715678830619,-0.7935659338065781,0,-0.809558121855845,-0.49899255524954367,0,normal,normal
N09_M07_F10_KA03_4,KA03,6203_PU_2905,outer_race,N09_M07_F10,0.0,0.0,normal,0.9957315393940378,6.332941586710756e-06,1.286063380378931,8.804311006171783e-06,1.115706768885631,1.7200800855397177e-05,-0.58488111746905,-0.721012768593747,0,1.0195978648455521,-0.42044279531884193,0,-0.13985903395797683,-0.4101357145215408,0,normal,normal
N09_M07_F10_KA03_5,KA03,6203_PU_2905,outer_race,N09_M07_F10,0.0,0.0,normal,1.1603195192058502,8.964896773566268e-06,0.9052997515302161,4.8468637678288926e-06,1.1011358321532267,2.053759798184908e-05,-0.09111342322663021,-0.6036547165353586,0,-0.7200049850364728,-0.6744907594765952,0,-0.20326338148804501,-0.2954185448441623,0,normal,normal
N09_M07_F10_KA03_6,KA03,6203_PU_2905,outer_race,N09_M07_F10,0.0,0.0,normal,1.0394485124579795,8.681521340633792e-06,1.065398770343084,7.518824391682713e-06,1.0312809342053497,1.8763028172624606e-05,-0.4537292009456098,-0.6162903377557527,0,0.011442790667015321,-0.5029644911733996,0,-0.5072317747015551,-0.3564272361713518,0,normal,inner_race
N09_M07_F10_KA03_7,KA03,6203_PU_2905,outer_race,N09_M07_F10,0.0,0.0,normal,1.0893909849252124,7.79047386878903e-06,0.9047225256807957,4.9837397347697435e-06,1.190995367005472,1.9968046997901636e-05,-0.303900644187656,-0.6560218636227217,0,-0.7226421689915514,-0.6657040192753518,0,0.18775370144193632,-0.31499938071442435,0,normal,normal
N09_M07_F10_KA03_8,KA03,6203_PU_2905,outer_race,N09_M07_F10,0.0,0.0,normal,1.5639291945707523,1.7733728052888567e-05,1.1615847932825012,8.163448494059961e-06,1.1778889056494972,2.067512060485351e-05,1.1197248105661661,-0.21265529416319326,0,0.45088990942191537,-0.46158290577428934,0,0.13072190959731442,-0.29069059601184816,0,normal,normal
N09_M07_F10_KA03_9,KA03,6203_PU_2905,outer_race,N09_M07_F10,0.0,0.0,normal,1.3214952165264204,1.28200459598182e-05,1.0181413589955748,6.6160395461285075e-06,1.173188868658649,2.4775562226741812e-05,0.3924173456963898,-0.4317548296556187,0,-0.2044631447468885,-0.5609186819111526,0,0.1102700481799771,-0.14971976696102016,0,normal,normal
N09_M07_F10_KA04_1,KA04,6203_PU_2855,outer_race,N09_M07_F10,0.6666666666666666,0.0,outer_race,3.259676858351421,3.599101127231853e-05,1.1067137730013739,3.970479394065251e-06,0.8660438090305473,3.60840288281037e-06,5.0,0.6014312089852457,1,0.20019951773298322,-0.7307501743380675,0,-1.2262488359830939,-0.8774345539333686,0,outer_race,normal
N09_M07_F10_KA04_10,KA04,6203_PU_2855,outer_race,N09_M07_F10,0.0,0.0,normal,2.8975499659998936,2.873291517420095e-05,1.2249807147793323,5.089895625219462e-06,1.1556259928424393,5.864861826059579e-06,5.0,0.2777949920839474,1,0.7405281977222997,-0.6588893515797701,0,0.033846500241433396,-0.7998587908128806,0,outer_race,normal
N09_M07_F10_KA04_11,KA04,6203_PU_2855,outer_race,N09_M07_F10,0.6666666666666666,0.0,outer_race,3.3742906828154964,3.50946899568819e-05,1.0050318801100626,3.1211617040323857e-06,0.844911192297348,2.7611320697672724e-06,5.0,0.5614645240950937,1,-0.2643566983897608,-0.7852720459085812,0,-1.3182058460352823,-0.906563238099405,0,outer_race,normal
N09_M07_F10_KA04_12,KA04,6203_PU_2855,outer_race,N09_M07_F10,1.0,0.0,outer_race,3.4086669704979937,4.135742741995266e-05,1.0167758310135877,3.2657143632556676e-06,1.1383861661897865,6.723056968664288e-06,5.0,0.8407180132463229,1,-0.2107018613392293,-0.775992501147135,0,-0.04117132328751176,-0.7703545344677637,0,outer_race,normal
N09_M07_F10_KA04_13,KA04,6203_PU_2855,outer_race,N09_M07_F10,0.0,0.0,normal,1.4997226609997731,9.938672425967908e-06,1.1186747602420193,9.935789015452172e-06,0.7168585561028008,2.4824388261775387e-06,0.9271037450856261,-0.5602343671774057,0,0.2548459332904327,-0.3478076678149527,0,-1.875417368981808,-0.9161445518266851,0,normal,normal
N09_M07_F10_KA04_14,KA04,6203_PU_2855,outer_race,N09_M07_F10,1.0,0.0,outer_race,3.4041315234480867,3.422841079149398e-05,0.8117228685581862,2.220890850175358e-06,1.072010954153275,4.663313210254525e-06,5.0,0.5228374092048305,1,-1.1475316708006176,-0.8430648511788567,0,-0.3299981220468337,-0.8411673424602786,0,outer_race,outer_race
N09_M07_F10_KA04_15,KA04,6203_PU_2855,outer_race,N09_M07_F10,0.6666666666666666,0.0,outer_race,3.1838001796157873,3.3958477334223684e-05,1.0233619905112061,3.269925732778109e-06,0.8828591620434451,3.3500909901002612e-06,5.0,0.510801161441632,1,-0.1806115350481465,-0.7757221526651323,0,-1.1530780779288432,-0.886315168517576,0,outer_race,outer_race
N09_M07_F10_KA04_16,KA04,6203_PU_2855,outer_race,N09_M07_F10,1.0,0.3333333333333333,outer_race,3.53922835686213,3.661109558625096e-05,1.1476389960013165,3.3633163744402157e-06,0.9898101761862576,3.666437133377857e-06,5.0,0.629080573062001,1,0.3871754502242776,-0.7697269489500275,0,-0.6876886939832308,-0.8754393697141442,0,outer_race,normal
N09_M07_F10_KA04_17,KA04,6203_PU_2855,outer_race,N09_M07_F10,1.0,0.3333333333333333,outer_race,3.1162812780876554,2.8465796538546275e-05,0.8671585525748563,2.218265006384995e-06,1.0996667283717336,5.079380753596248e-06,5.0,0.2658842563292174,1,-0.8942614879521535,-0.8432334169812443,0,-0.20965607733390484,-0.8268631791689565,0,outer_race,outer_race
N09_M07_F10_KA04_18,KA04,6203_PU_2855,outer_race,N09_M07_F10,1.0,0.3333333333333333,outer_race,3.1162812780876554,2.8465796538546275e-05,0.8671585525748563,2.218265006384995e-06,1.0996667283717336,5.079380753596248e-06,5.0,0.2658842563292174,1,-0.8942614879521535,-0.8432334169812443,0,-0.20965607733390484,-0.8268631791689565,0,outer_race,outer_race
N09_M07_F10_KA04_19,KA04,6203_PU_2855,outer_race,N09_M07_F10,0.0,0.0,normal,3.8047435737796875,4.598230410323762e-05,1.075607981572098,3.890560108202171e-06,0.877839289478421,2.9105725977007505e-06,5.0,1.0469398065622815,1,0.058085830084250924,-0.7358805855975639,0,-1.1749216800605862,-0.9014255585372523,0,outer_race,outer_race
N09_M07_F10_KA04_2,KA04,6203_PU_2855,outer_race,N09_M07_F10,0.6666666666666666,0.0,outer_race,3.649234551357152,4.2755787699443466e-05,0.7867890969530873,2.1239806764256596e-06,0.8137442826620762,3.210638104103836e-06,5.0,0.9030704572759384,1,-1.2614471208494753,-0.8492859909349977,0,-1.4538263353864112,-0.8911094786834634,0,outer_race,normal
N09_M07_F10_KA04_20,KA04,6203_PU_2855,outer_race,N09_M07_F10,0.0,0.0,normal,3.4807593485149133,4.629490598962003e-05,0.9540474787324936,3.13974635304858e-06,1.2270087443547644,6.706315975357433e-06,5.0,1.060878626128373,1,-0.4972902120347508,-0.784079006061731,0,0.3444632346120281,-0.7709300802072772,0,outer_race,normal
N09_M07_F10_KA04_3,KA04,6203_PU_2855,outer_race,N09_M07_F10,0.6666666666666666,0.0,outer_race,3.78640971420886,4.5235739416510953e-05,1.1257381437824374,4.014745822155225e-06,0.7550852146015621,3.0485139279420687e-06,5.0,1.0136507225355509,1,0.2871165631661744,-0.7279084950282754,0,-1.7090769074946237,-0.8966832147904981,0,outer_race,normal
N09_M07_F10_KA04_4,KA04,6203_PU_2855,outer_race,N09_M07_F10,0.0,0.0,normal,3.8268253920675384,3.690630050415899e-05,1.1439464835366167,3.624708674033644e-06,0.6909954009635987,1.6610532110535404e-06,5.0,0.6422436672882114,1,0.3703053903757596,-0.7529468941422646,0,-1.9879589650909457,-0.9443833177479838,0,outer_race,outer_race
N09_M07_F10_KA04_5,KA04,6203_PU_2855,outer_race,N09_M07_F10,0.3333333333333333,0.0,normal,3.493253629968766,4.3202326412455324e-05,1.2822071705481355,5.120260476637011e-06,0.8809038565384155,3.6743792057984164e-06,5.0,0.9229814777178712,1,1.0019799173759416,-0.6569400827152757,0,-1.161586444415168,-0.8751663258235711,0,outer_race,normal
N09_M07_F10_KA04_6,KA04,6203_PU_2855,outer_race,N09_M07_F10,0.6666666666666666,0.0,outer_race,3.1298858253092927,3.287495749640385e-05,0.7735992319687376,2.2088902242744093e-06,1.1099347612408015,4.676515370030862e-06,5.0,0.4624873534527207,1,-1.321707936163457,-0.843835230262933,0,-0.16497549595215336,-0.8407134597860327,0,outer_race,normal
N09_M07_F10_KA04_7,KA04,6203_PU_2855,outer_race,N09_M07_F10,0.6666666666666666,0.0,outer_race,3.603327207966375,4.217390222021403e-05,1.190254361798117,4.430069612313958e-06,0.9041903969860764,3.6316379486021423e-06,5.0,0.8771243671964125,1,0.5818731738829991,-0.701246822237335,0,-1.0602567955098259,-0.8766357457098269,0,outer_race,normal
N09_M07_F10_KA04_8,KA04,6203_PU_2855,outer_race,N09_M07_F10,1.0,0.0,outer_race,3.524895163005732,4.203949657082366e-05,1.044359221097501,3.426869893860116e-06,0.8918516151675063,3.381542758203262e-06,5.0,0.8711312616614578,1,-0.08468104326774209,-0.7656471365731866,0,-1.1139480869408342,-0.8852338747854748,0,outer_race,normal
N09_M07_F10_KA04_9,KA04,6203_PU_2855,outer_race,N09_M07_F10,0.6666666666666666,0.0,outer_race,3.285808807155691,3.700989094007069e-05,1.1152874746295534,3.5774569276234956e-06,0.8794120824243263,3.460830817953049e-06,5.0,0.6468627321686441,1,0.2393703698217608,-0.7559802156890663,0,-1.1680777885272953,-0.8825079968075774,0,outer_race,normal
N09_M07_F10_KA05_1,KA05,6203_PU_2905,outer_race,N09_M07_F10,0.0,0.3333333333333333,normal,1.1044547268402276,3.981020668422675e-05,1.0599567677901756,3.9189909180574665e-05,1.0764279851192535,7.946377373486525e-05,-0.25870907478784644,0.7717279284014218,0,-0.013420201574993908,1.5301579053376133,0,-0.31077774029916233,1.7304295502378686,0,normal,normal
N09_M07_F10_KA05_10,KA05,6203_PU_2905,outer_race,N09_M07_F10,0.0,0.0,normal,1.183961080691164,5.852657532192272e-05,0.7817601689776065,2.719152777387453e-05,0.9066672635479203,6.336911417796744e-05,-0.020188199426927136,1.6062849056237292,0,-1.2844228905269772,0.7599229063646965,0,-1.0494788948740004,1.1771043940119224,0,normal,normal
N09_M07_F10_KA05_11,KA05,6203_PU_2905,outer_race,N09_M07_F10,0.0,0.0,normal,1.1375647527842956,5.05348331596425e-05,1.1054283463653705,4.6602589039480494e-05,0.8450274703242959,5.9257486445330304e-05,-0.15937824160426903,1.2499356420032364,0,0.19432676185536177,2.0060142121160087,1,-1.3176998708487784,1.035748992895076,0,inner_race,normal
N09_M07_F10_KA05_12,KA05,6203_PU_2905,outer_race,N09_M07_F10,0.0,0.0,normal,1.1975984673918356,5.1614583728371416e-05,0.862987394667739,2.6801485774819583e-05,1.0218107901139735,8.205008102552764e-05,0.020724271789877884,1.2980813794716453,0,-0.9133183453638477,0.7348841958454827,0,-0.5484404024072884,1.8193453101888608,0,normal,normal
N09_M07_F10_KA05_13,KA05,6203_PU_2905,outer_race,N09_M07_F10,0.0,0.0,normal,1.1339592775337202,4.3205358910377456e-05,1.1505152607532112,5.3349542896393545e-05,0.7667444008807198,3.1513999350705604e-05,-0.17019474960904718,0.9231166958442246,0,0.40031630187163725,2.439134298976039,1,-1.6583428255108952,0.08194383307691966,0,inner_race,normal
N09_M07_F10_KA05_14,KA05,6203_PU_2905,outer_race,N09_M07_F10,0.0,0.0,normal,1.0944422089772703,3.870315630363305e-05,0.9802187032706136,3.6047140412474185e-05,0.8849648806896523,5.5900285323220817e-05,-0.2887468567960236,0.7223649009282243,0,-0.37772118458043785,1.3284081511984227,0,-1.1439151998451198,0.9203303455601581,0,normal,normal
N09_M07_F10_KA05_15,KA05,6203_PU_2905,outer_race,N09_M07_F10,0.0,0.3333333333333333,normal,0.8456465485441806,2.858326168181253e-05,1.068687792421824,4.4980891510722456e-05,1.1578396959789026,0.00010309075450685484,-1.0351395139635067,0.27112199003659004,0,0.026469415449432206,1.9019094873153939,0,0.043479264803548204,2.5427115858156637,1,normal,normal
N09_M07_F10_KA05_16,KA05,6203_PU_2905,outer_race,N09_M07_F10,0.0,0.0,normal,0.9913826930887996,3.764476707561213e-05,1.1038321979544767,4.6196432636241024e-05,1.0597197008098749,8.653156575750492e-05,-0.5979277555966179,0.6751716589078252,0,0.18703440482845513,1.9799410388913847,0,-0.38348259685289926,1.9734161826219947,0,normal,normal
N09_M07_F10_KA05_17,KA05,6203_PU_2905,outer_race,N09_M07_F10,0.0,0.0,normal,0.9443255171090179,2.8184934930399426e-05,1.1384184957796293,5.194108662044837e-05,0.7507160074540278,3.259337195491619e-05,-0.739100357068873,0.2533607257635315,0,0.3450495557120213,2.348718576931212,1,-1.7280891874530593,0.1190520435823643,0,inner_race,normal
N09_M07_F10_KA05_18,KA05,6203_PU_2905,outer_race,N09_M07_F10,0.0,0.0,normal,1.2722153121095248,5.468556768884384e-05,0.8596301576813051,2.3752606012583067e-05,1.3604478701506095,9.86912709193367e-05,0.24457650820485954,1.435015586141853,0,-0.9286566250387958,0.5391616378658354,0,0.9251136664578198,2.3914598656552544,1,normal,normal
N09_M07_F10_KA05_19,KA05,6203_PU_2905,outer_race,N09_M07_F10,0.0,0.0,normal,1.0035414876430238,4.552168063006079e-05,0.7301529688743119,2.586627669590981e-05,1.390340918230171,0.00013811335935462254,-0.5614510945508293,1.0264007511048112,0,-1.520201797891559,0.674848534407742,0,1.055191041988144,3.7467686353184773,1,normal,normal
N09_M07_F10_KA05_2,KA05,6203_PU_2905,outer_race,N09_M07_F10,0.0,0.0,normal,1.0735580037619734,4.394241239200739e-05,1.0559045823770612,4.621952592880113e-05,0.802119153868627,5.442349898457494e-05,-0.35139994888107856,0.955981678234098,0,-0.03193350683531567,1.981423510698906,0,-1.504412218753982,0.8695592790051428,0,normal,normal
N09_M07_F10_KA05_20,KA05,6203_PU_2905,outer_race,N09_M07_F10,0.0,0.3333333333333333,normal,0.9481095202289395,3.269361800730639e-05,1.1798705203465991,4.786394794933319e-05,0.9437004171475117,5.354995867203727e-05,-0.7277482613832336,0.45440148280111303,0,0.5344322976722079,2.0869870321742496,1,-0.888331881192921,0.8395274645268169,0,inner_race,normal
N09_M07_F10_KA05_3,KA05,6203_PU_2905,outer_race,N09_M07_F10,0.0,0.0,normal,1.1982688467348177,5.060111503588691e-05,1.1138474759703847,4.36803397278612e-05,1.0822967826914534,8.075995387446664e-05,0.022735425112438177,1.2528911299696224,0,0.23279141747042845,1.8184206843526063,0,-0.28524010413443657,1.7749914793489772,0,normal,normal
N09_M07_F10_KA05_4,KA05,6203_PU_2905,outer_race,N09_M07_F10,0.0,0.0,normal,1.1787735731693607,5.070847498442566e-05,1.3404466217341493,6.380464887736386e-05,1.1371747401400074,8.240237082223643e-05,-0.03575084033688133,1.257678276229757,0,1.2680597306319725,3.110298872892444,1,-0.04644275364767206,1.8314568311633543,0,inner_race,normal
N09_M07_F10_KA05_5,KA05,6203_PU_2905,outer_race,N09_M07_F10,0.0,0.0,normal,0.9458410940913393,3.629882873219262e-05,0.9728699248755109,3.876834514246938e-05,1.0968659636057465,8.633720682868677e-05,-0.7345535915464857,0.615156692481621,0,-0.41129570396908277,1.5030956403994673,0,-0.2218433969162963,1.9667342342233955,0,normal,normal
N09_M07_F10_KA05_6,KA05,6203_PU_2905,outer_race,N09_M07_F10,0.0,0.0,normal,0.9635867868318052,3.402426982577143e-05,1.008883010960831,3.552527617641909e-05,0.911970263699421,5.713772197377823e-05,-0.6813161084859796,0.5137348278986725,0,-0.24676195536369488,1.294907124210113,0,-1.0264032841062993,0.962872707240368,0,normal,normal
N09_M07_F10_KA05_7,KA05,6203_PU_2905,outer_race,N09_M07_F10,0.0,0.0,normal,0.9229598690486986,3.1866481714202384e-05,0.8448941469997644,2.672911605559809e-05,1.0505026124273713,6.845976134730468e-05,-0.8031977886723305,0.4175197362462045,0,-0.9959813489232965,0.7302384283272815,0,-0.42359007146158084,1.3521179213441912,0,normal,normal
N09_M07_F10_KA05_8,KA05,6203_PU_2905,outer_race,N09_M07_F10,0.0,0.0,normal,0.8729565085740859,2.8247189804474356e-05,1.041612090203566,4.42353717671967e-05,1.2255834033738338,8.650357426875783e-05,-0.9532090108414848,0.2561366509726924,0,-0.09723191832515778,1.854050915444342,0,0.3382609693381152,1.9724538513077332,0,normal,normal
N09_M07_F10_KA05_9,KA05,6203_PU_2905,outer_race,N09_M07_F10,0.0,0.0,normal,1.1867461028249018,5.87637342910797e-05,0.9556284933789465,3.708414740909126e-05,0.9939943039699671,7.967670782093412e-05,-0.011833069489964945,1.6168597492941077,0,-0.4900669969577472,1.3949787206694206,0,-0.6694817731118669,1.7377501018794466,0,normal,normal
N09_M07_F10_KA06_1,KA06,6203_PU_2905,outer_race,N09_M07_F10,0.0,0.0,normal,1.4977483533991944,8.753810143811456e-05,1.1586172775653387,5.041174662303602e-05,1.1226181224015448,9.094993164871983e-05,0.9211807772432742,2.899899709265234,1,0.4373321575582345,2.2505427354232608,1,-0.10978479314052676,2.1253170655438764,1,outer_race,normal
N09_M07_F10_KA06_10,KA06,6203_PU_2905,outer_race,N09_M07_F10,0.0,0.0,normal,1.3620325863269074,8.17251156563606e-05,0.9729038841135859,4.067195661068243e-05,1.144919037144562,0.00010374246322165805,0.5140303798919903,2.6407005057997672,1,-0.41114055367935165,1.6252978048051714,0,-0.012744021186576736,2.565116957309076,1,outer_race,normal
N09_M07_F10_KA06_11,KA06,6203_PU_2905,outer_race,N09_M07_F10,0.0,0.0,normal,1.2667002739028412,6.92582938305142e-05,0.9440049926876138,4.470316940865446e-05,1.0537278550799933,9.418817245944278e-05,0.22803126776818497,2.084808850749087,1,-0.5431715305745384,1.884081142328657,0,-0.409555667924513,2.236645925663977,1,outer_race,normal
N09_M07_F10_KA06_12,KA06,6203_PU_2905,outer_race,N09_M07_F10,0.0,0.3333333333333333,normal,0.9024578736941209,3.882279156369617e-05,0.8675392964847753,3.549037211652732e-05,0.8790828643977588,6.651067104207289e-05,-0.864704242455732,0.72769939945944,0,-0.8925219751925628,1.2926664612720369,0,-1.1695103562854976,1.2851093155499391,0,normal,normal
N09_M07_F10_KA06_13,KA06,6203_PU_2905,outer_race,N09_M07_F10,0.0,0.3333333333333333,normal,0.813283123499104,3.0090860583600074e-05,1.1918055012944297,6.988617832305874e-05,0.9789892784410333,7.696836291360126e-05,-1.1322305274176252,0.3383453497969568,0,0.5889598977292582,3.500702100426352,1,-0.7347750257562409,1.6446387587245404,0,inner_race,normal
N09_M07_F10_KA06_14,KA06,6203_PU_2905,outer_race,N09_M07_F10,0.0,0.0,normal,0.8177728362467461,2.678774834837157e-05,0.9620289442047807,3.841203494215873e-05,0.7205986961198985,4.0427550695931264e-05,-1.1187612867492072,0.19106061653378098,0,-0.46082512180591967,1.4802223396209924,0,-1.8591424278568633,0.3883866113903756,0,normal,normal
N09_M07_F10_KA06_15,KA06,6203_PU_2905,outer_race,N09_M07_F10,0.0,0.0,normal,1.4695058969004253,8.619055943170726e-05,0.8950017820798277,3.4865223342742906e-05,0.9173672206886124,6.119458070981264e-05,0.836452763441271,2.839813236011959,1,-0.7670535360182459,1.2525350928138823,0,-1.0029188271470892,1.1023451816948389,0,outer_race,normal
N09_M07_F10_KA06_16,KA06,6203_PU_2905,outer_race,N09_M07_F10,0.0,0.0,normal,0.9271647775780895,3.251178895702801e-05,0.7851244300386463,2.6410317772537772e-05,0.966328384687378,5.883954859088893e-05,-0.7905829671560111,0.4462937827707825,0,-1.2690525198137144,0.7097732016519224,0,-0.7898679633168566,1.0213805293818234,0,normal,normal
N09_M07_F10_KA06_17,KA06,6203_PU_2905,outer_race,N09_M07_F10,0.0,0.0,normal,1.3552974901759722,7.601031760007943e-05,0.9373828906794149,3.4242631241840694e-05,1.3385330406743576,0.0001272784056197195,0.49382493778892383,2.385879462059466,1,-0.5734260681744239,1.2125678497379808,0,0.8297529158284961,3.374269145852936,1,outer_race,normal
N09_M07_F10_KA06_18,KA06,6203_PU_2905,outer_race,N09_M07_F10,0.0,0.3333333333333333,normal,0.9792296422992933,4.156975471989205e-05,1.1111130359450296,5.8259075498792736e-05,1.286660705048468,9.817489510025627e-05,-0.6343871852172179,0.8501856206144692,0,0.22029852345289316,2.754301296155741,1,0.6040343051707477,2.3737071614272534,1,inner_race,normal
N09_M07_F10_KA06_19,KA06,6203_PU_2905,outer_race,N09_M07_F10,0.0,0.0,normal,1.2552343894160998,6.648527278617742e-05,1.1903765637282808,5.911279449148025e-05,1.0326621938810274,8.130968301411798e-05,0.19363335273246046,1.9611607165766005,0,0.5824314804277101,2.8091057089483384,1,-0.5012213259490619,1.7938908515913163,0,inner_race,normal
N09_M07_F10_KA06_2,KA06,6203_PU_2905,outer_race,N09_M07_F10,0.0,0.0,normal,1.023125015759483,4.726814253474137e-05,0.7342745171652445,2.292392761236427e-05,0.9234267931666682,7.045356330911224e-05,-0.5027000634351194,1.1042749368626508,0,-1.5013715929833022,0.48596470362060656,0,-0.9765510481677284,1.420663688224234,0,normal,normal
N09_M07_F10_KA06_20,KA06,6203_PU_2905,outer_race,N09_M07_F10,0.0,0.0,normal,1.58700800239483,0.0001084594673326346,1.0774116147353396,5.2470262133307686e-05,0.9117279170216251,6.892612155349021e-05,1.1889617605438518,3.832776819044254,1,0.06632612709056893,2.382688950666463,1,-1.027457837651066,1.3681511175129528,0,outer_race,normal
N09_M07_F10_KA06_3,KA06,6203_PU_2905,outer_race,N09_M07_F10,0.0,0.3333333333333333,normal,0.9853491584996965,4.702244390136192e-05,0.9561144810706049,4.593765984804581e-05,0.8767715757902131,6.561906635060541e-05,-0.6160284970092024,1.0933193122567204,0,-0.48784665470506716,1.963329143378674,0,-1.1795677567674592,1.254456458094089,0,normal,normal
N09_M07_F10_KA06_4,KA06,6203_PU_2905,outer_race,N09_M07_F10,0.0,0.0,normal,1.1014035218976161,5.030951089862363e-05,0.8095791892337897,2.989820128899246e-05,0.829133415483914,5.5930025117979746e-05,-0.26786275922395747,1.2398885934172157,0,-1.1573255439003907,0.9336775655533684,0,-1.3868616684235633,0.9213527826314697,0,normal,normal
N09_M07_F10_KA06_5,KA06,6203_PU_2905,outer_race,N09_M07_F10,0.0,0.0,normal,1.066188881408988,4.7246914012987666e-05,0.7664633214708817,2.5683662182812538e-05,1.348813844305985,0.00014613679256087213,-0.3735074840545723,1.1033283637699416,0,-1.3543099214846583,0.6631256124118325,0,0.8744890682337455,4.022609662997363,1,normal,normal
N09_M07_F10_KA06_6,KA06,6203_PU_2905,outer_race,N09_M07_F10,0.0,0.0,normal,1.1827832966064258,6.208174511820244e-05,1.1519137420350734,5.761100136449061e-05,1.1944034474986838,0.00011513287942949004,-0.023721578550369524,1.7648088060730684,0,0.40670557290256515,2.7126982362721948,1,0.20258371024442376,2.956712927723749,1,inner_race,normal
N09_M07_F10_KA06_7,KA06,6203_PU_2905,outer_race,N09_M07_F10,0.0,0.0,normal,1.211003715451302,6.0038145660662795e-05,1.1720470038565423,5.4115323643333785e-05,0.9226181017029627,5.072672525931231e-05,0.060940321787201907,1.6736853505058145,0,0.49868883230144007,2.488293524111491,1,-0.9800700089285254,0.7424663205097111,0,inner_race,normal
N09_M07_F10_KA06_8,KA06,6203_PU_2905,outer_race,N09_M07_F10,0.0,0.0,normal,1.3264085577579086,9.482295819143525e-05,0.7896352846818052,2.9822904053025753e-05,1.2515892927647758,0.00011799651667045879,0.4071574814807406,3.2247291753457463,1,-1.2484436827344758,0.9288438663649851,0,0.45142366292835284,3.0551631321615544,1,outer_race,normal
N09_M07_F10_KA06_9,KA06,6203_PU_2905,outer_race,N09_M07_F10,0.0,0.0,normal,1.2346602312774069,6.903907752847138e-05,1.1552649890531126,6.20709027160408e-05,1.2265304101787784,0.00013544836395512803,0.13191040895043699,2.075034064948906,1,0.42201648608213255,2.9990011963541527,1,0.3423817990196083,3.6551476233577276,1,inner_race,normal
N09_M07_F10_KA07_1,KA07,6203_PU_2905,outer_race,N09_M07_F10,0.0,0.3333333333333333,normal,1.2440264984618477,6.80439696729884e-05,1.1755982096506445,6.352440405966628e-05,0.9042061106901987,6.694481311656642e-05,0.16000942417990668,2.03066251938053,1,0.5149133013732811,3.092308582406186,1,-1.0601884184949877,1.3000348708463503,0,inner_race,normal
N09_M07_F10_KA07_10,KA07,6203_PU_2905,outer_race,N09_M07_F10,0.0,0.0,normal,1.3081384984854592,6.769219000983305e-05,0.9736832118932213,3.373369131104469e-05,0.952204837655008,5.985633919421143e-05,0.35234688686171456,2.014976775098922,1,-0.40758002235826624,1.1798964973458126,0,-0.8513255278402251,1.0563372066227141,0,outer_race,normal
N09_M07_F10_KA07_11,KA07,6203_PU_2905,outer_race,N09_M07_F10,0.0,0.0,normal,1.0366493049377028,4.103705464899771e-05,1.0703562326433207,4.434516271557263e-05,1.1567909163008687,9.170748974634987e-05,-0.4621268873658054,0.8264326923869123,0,0.03409205360147708,1.8610989353516227,0,0.038915578033798644,2.1513614780547163,1,normal,normal
N09_M07_F10_KA07_12,KA07,6203_PU_2905,outer_race,N09_M07_F10,0.0,0.0,normal,1.1074402178575913,4.7977408099596175e-05,0.9413042121530796,4.256784145156548e-05,1.0632238341777507,7.075484489347863e-05,-0.24975253362663513,1.135900864803658,0,-0.5555106437639665,1.7470039590748532,0,-0.368234621109898,1.4310215761402967,0,normal,normal
N09_M07_F10_KA07_13,KA07,6203_PU_2905,outer_race,N09_M07_F10,0.0,0.3333333333333333,normal,1.1278025917814012,5.2000604153509125e-05,1.0770679034860957,4.7612289763582714e-05,1.2271144104939167,8.750298531250664e-05,-0.18866494732077294,1.3152939085356514,0,0.06475580623159104,2.0708318579159277,1,0.34492303295801047,2.0068130292674335,1,inner_race,normal
N09_M07_F10_KA07_14,KA07,6203_PU_2905,outer_race,N09_M07_F10,0.0,0.0,normal,1.238212227604951,6.26139955307679e-05,1.1951850628856908,5.408632294671643e-05,0.9974524549100826,9.264381391077211e-05,0.1425664789660866,1.788541684177495,0,0.6044001722987745,2.4864318270398513,1,-0.6544338864834871,2.1835517653189798,1,inner_race,normal
N09_M07_F10_KA07_15,KA07,6203_PU_2905,outer_race,N09_M07_F10,0.0,0.0,normal,0.857062465196729,3.425698189972428e-05,1.1623412035067016,5.878257499823657e-05,1.2465440250605793,0.00014465084520405715,-1.0008915035702963,0.5241113859137817,0,0.4543457368224407,2.787907298727995,1,0.4294695557371727,3.971523645896691,1,inner_race,normal
N09_M07_F10_KA07_16,KA07,6203_PU_2905,outer_race,N09_M07_F10,0.0,0.0,normal,0.9373845495110804,3.802221547939521e-05,0.9682326990281221,3.941262558807031e-05,0.9528823149689034,8.042606987533751e-05,-0.7599234182095687,0.6920019642419569,0,-0.4324818958436992,1.544455164783197,0,-0.8483775356937465,1.7635127391291947,0,normal,normal
N09_M07_F10_KA07_17,KA07,6203_PU_2905,outer_race,N09_M07_F10,0.0,0.0,normal,0.905718051738829,3.928279013365591e-05,1.3975091976898575,9.352455041197848e-05,0.9136277883855676,8.072188722634884e-05,-0.8549236339459496,0.7482105906794609,0,1.528762729115055,5.0,1,-1.0191906887069668,1.7736827698393218,0,inner_race,normal
N09_M07_F10_KA07_18,KA07,6203_PU_2905,outer_race,N09_M07_F10,0.0,0.0,normal,1.1520912872583264,5.6304760547098513e-05,0.775207729358865,2.6367919287970064e-05,0.9376892378818152,6.551159671756259e-05,-0.11579830678292642,1.5072148852411102,0,-1.3143591600937627,0.7070514348060022,0,-0.9144890807077714,1.2507617138043607,0,normal,normal
N09_M07_F10_KA07_19,KA07,6203_PU_2905,outer_race,N09_M07_F10,0.0,0.0,normal,1.1287276335269556,4.538077397333133e-05,0.9900875822783882,3.363295824344823e-05,0.8635396675884145,6.0668276008820396e-05,-0.18588980098078728,1.020117767702048,0,-0.3326330281854192,1.1734299472682024,0,-1.2371454212320259,1.084251128206508,0,normal,normal
N09_M07_F10_KA07_2,KA07,6203_PU_2905,outer_race,N09_M07_F10,0.0,0.0,normal,1.1640620452710715,5.9389317727124474e-05,1.3564176130608434,7.648478988344864e-05,1.193930329912658,0.0001045707442717663,-0.07988575965132305,1.6447543174922548,0,1.3410267367280222,3.924299367104459,1,0.20052497425525073,2.593592784326723,1,inner_race,normal
N09_M07_F10_KA07_20,KA07,6203_PU_2905,outer_race,N09_M07_F10,0.0,0.0,normal,1.0059105993783108,3.143592076729069e-05,0.7440511679270724,1.8992373264946506e-05,1.127663991550489,7.479753305157397e-05,-0.5543437052975382,0.3983211593576893,0,-1.456704801727527,0.2335789312318183,0,-0.08782806880725791,1.5700068742600193,0,normal,normal
N09_M07_F10_KA07_3,KA07,6203_PU_2905,outer_race,N09_M07_F10,0.0,0.0,normal,0.8788297140932587,3.328092544760804e-05,1.0164215373402923,4.068050614470488e-05,1.2559859530214221,0.00011328462632780449,-0.9355892602963379,0.4805893364155765,0,-0.21232053034294546,1.6258466413611858,0,0.47055540304936316,2.893171047100561,1,normal,normal
N09_M07_F10_KA07_4,KA07,6203_PU_2905,outer_race,N09_M07_F10,0.0,0.0,normal,0.8725092548949948,3.565416154228396e-05,1.0969217946579646,5.1122294792323096e-05,0.9829612360770505,7.465539383240105e-05,-0.9545507820821233,0.5864111857148339,0,0.1554626990308328,2.2961563102789007,1,-0.717491347503169,1.5651202095016472,0,inner_race,normal
N09_M07_F10_KA07_5,KA07,6203_PU_2905,outer_race,N09_M07_F10,0.0,0.0,normal,0.9101424888143138,3.5318014104263286e-05,1.2409437753994632,6.427304623848059e-05,1.3856556611185835,0.00012536981566407384,-0.8416502217831617,0.5714224774239242,0,0.8134589706314226,3.140367598725513,1,1.0348034941162103,3.308652918827724,1,inner_race,normal
N09_M07_F10_KA07_6,KA07,6203_PU_2905,outer_race,N09_M07_F10,0.0,0.0,normal,1.0897776922533473,4.8944521703232173e-05,1.0662376062487247,4.6745710021232835e-05,0.9728773335791028,8.898397399917345e-05,-0.3027405133811526,1.1790241555073608,0,0.015275198022854299,2.0152018504729172,1,-0.7613706992690252,2.0577285701349988,1,inner_race,normal
N09_M07_F10_KA07_7,KA07,6203_PU_2905,outer_race,N09_M07_F10,0.0,0.0,normal,0.782924734953057,2.205817799363105e-05,1.5099134431240695,7.704347431987217e-05,0.9338147201172473,6.116582415564961e-05,-1.2233063856330093,-0.019829434587715893,0,2.0423063842362885,3.9601640634938033,1,-0.9313487566069716,1.1013565478707728,0,inner_race,normal
N09_M07_F10_KA07_8,KA07,6203_PU_2905,outer_race,N09_M07_F10,0.0,0.0,normal,0.7332126742583814,2.4383239341334336e-05,1.0167538428645118,4.262771077037803e-05,1.3667497883027522,0.0001562378728556397,-1.3724437018168216,0.08384431793111388,0,-0.2108023190612859,1.7508472645300657,0,0.9525359946143821,4.3698790048802545,1,normal,normal
N09_M07_F10_KA07_9,KA07,6203_PU_2905,outer_race,N09_M07_F10,0.0,0.0,normal,1.19180913617853,6.632017121596167e-05,1.1883237888101563,6.183175056804254e-05,0.8914299094468472,6.741564361000556e-05,0.0033561460757880702,1.953798889608927,0,0.5730529242128397,2.9836488460475565,1,-1.1157831080214369,1.3162217529246667,0,inner_race,normal
N09_M07_F10_KA08_1,KA08,6203_PU_2905,outer_race,N09_M07_F10,0.0,0.0,normal,0.8796493469738605,3.392110838537484e-05,1.1321149767011973,5.2215222904184884e-05,1.4770676541005985,0.00016714718507685416,-0.9331303429559418,0.509134891793018,0,0.31625053468608494,2.366316730637538,1,1.4325759831393972,4.744934896418765,1,inner_race,normal
N09_M07_F10_KA08_10,KA08,6203_PU_2905,outer_race,N09_M07_F10,0.0,0.0,normal,1.0983781261699859,4.6368909564009174e-05,1.2895317255868166,6.763241366097161e-05,1.2362298767898248,0.0001014560737481393,-0.27693901542632965,1.0641784221807684,0,1.0354437670034229,3.3560218837082454,1,0.3845883066146489,2.4865121997399156,1,inner_race,normal
N09_M07_F10_KA08_11,KA08,6203_PU_2905,outer_race,N09_M07_F10,0.0,0.0,normal,0.8929463616442513,3.590259259821789e-05,1.0276156731298207,5.014140706329108e-05,1.3577033972410342,9.894506391228571e-05,-0.8932389955950133,0.5974886481810726,0,-0.16117764524042114,2.2331883120669396,1,0.9131712967020998,2.4001851230598064,1,inner_race,normal
N09_M07_F10_KA08_12,KA08,6203_PU_2905,outer_race,N09_M07_F10,0.0,0.0,normal,1.5355864983774008,9.89650078095182e-05,0.9676440873881968,4.184061716555798e-05,0.8335955111817945,6.0771266111624596e-05,1.03469607539361,3.409421862035511,1,-0.4351710983008347,1.7003198624288436,0,-1.3674451908465475,1.0877918688181625,0,outer_race,normal
N09_M07_F10_KA08_13,KA08,6203_PU_2905,outer_race,N09_M07_F10,0.0,0.0,normal,0.6493733080967893,1.8299084149440707e-05,1.0796912404708536,4.8134042928395095e-05,1.2109814806981536,9.845732415793698e-05,-1.6239637129603346,-0.18744624404636254,0,0.07674110143608388,2.104325754695952,1,0.27472178878035003,2.3834169102983904,1,inner_race,normal
N09_M07_F10_KA08_14,KA08,6203_PU_2905,outer_race,N09_M07_F10,0.0,0.0,normal,1.0999407408435495,5.704335745936888e-05,1.172458004729589,6.79229541818457e-05,0.9768898659129309,9.238803013134535e-05,-0.2722511357571271,1.540148688716674,0,0.5005665806888526,3.374673105919941,1,-0.743910463236026,2.1747580658181587,1,inner_race,normal
N09_M07_F10_KA08_15,KA08,6203_PU_2905,outer_race,N09_M07_F10,0.0,0.0,normal,1.2135832118651795,5.51408379236873e-05,1.1048181876617498,4.8561555340864337e-05,1.1025295909975275,8.998707092826542e-05,0.06867886987584822,1.455315942389646,0,0.19153911687228328,2.1317698749833167,1,-0.1971985435328694,2.0922144667168685,1,inner_race,normal
N09_M07_F10_KA08_16,KA08,6203_PU_2905,outer_race,N09_M07_F10,0.0,0.0,normal,1.0383052011488874,4.2647654811996855e-05,0.9608689131161732,3.65485902640128e-05,0.9326280114236873,4.3635169916028694e-05,-0.45715916095567377,0.8982488459135715,0,-0.4661249803921902,1.3605986786364932,0,-0.9365126312298089,0.4986627188034768,0,normal,normal
N09_M07_F10_KA08_17,KA08,6203_PU_2905,outer_race,N09_M07_F10,0.0,0.0,normal,0.9676447107001099,4.173436164070039e-05,1.2718647353117856,6.624033595673863e-05,1.2471535072435525,0.00010010707670934228,-0.6691422443061344,0.8575253913210046,0,0.9547282146167396,3.266657582579148,1,0.43212167212833624,2.4401344559546616,1,inner_race,normal
N09_M07_F10_KA08_18,KA08,6203_PU_2905,outer_race,N09_M07_F10,0.0,0.0,normal,0.8400992478295858,3.226055708235638e-05,0.751851463299969,2.8842757476794534e-05,1.144281340625064,0.00011810252699134568,-1.051781542659932,0.4350914326799873,0,-1.421067427166198,0.8659234463894052,0,-0.01551891016478763,3.0588077061370975,1,normal,normal
N09_M07_F10_KA08_19,KA08,6203_PU_2905,outer_race,N09_M07_F10,0.0,0.3333333333333333,normal,1.2630313360100054,7.462897440076983e-05,1.2314781540069406,6.630058216388078e-05,1.1517965332603153,0.00010083334685233532,0.2170243703888286,2.3242858042704984,1,0.7702131858380461,3.2705250823462704,1,0.01718289167209775,2.465103206546322,1,inner_race,normal
N09_M07_F10_KA08_2,KA08,6203_PU_2905,outer_race,N09_M07_F10,0.0,0.0,normal,1.1375993707207617,5.3446320081701456e-05,1.2304916948198545,6.164597847651472e-05,1.3033819742705395,0.00011688218870667592,-0.15927438700511887,1.3797579260120063,0,0.7657063288718597,2.971723223592579,1,0.6767956646063614,3.0168531764605753,1,inner_race,normal
N09_M07_F10_KA08_20,KA08,6203_PU_2905,outer_race,N09_M07_F10,0.0,0.0,normal,0.8729574514287959,3.242469016164437e-05,0.8045672071358316,2.9800226459615115e-05,1.3041203932078322,0.00010943108478234239,-0.9532061822558452,0.44241007494250867,0,-1.1802238925885993,0.9273880803264118,0,0.6800088396947395,2.7606885009411957,1,normal,normal
N09_M07_F10_KA08_3,KA08,6203_PU_2905,outer_race,N09_M07_F10,0.0,0.3333333333333333,normal,0.7580326325053921,2.699785258917537e-05,0.9382355992426381,3.510364760087118e-05,1.3389184524534792,0.00016933872143979625,-1.297983260848823,0.20042909839589038,0,-0.5695302805142763,1.2678407162967298,0,0.8314300065217293,4.820278658497912,1,normal,normal
N09_M07_F10_KA08_4,KA08,6203_PU_2905,outer_race,N09_M07_F10,0.0,0.0,normal,1.265887157399271,6.787764969990537e-05,0.9043702284609156,3.5288863987896673e-05,1.0122180293575838,7.98242834462498e-05,0.22559189970754392,2.0232463642131053,1,-0.7242517167562944,1.2797306653519152,0,-0.5901825874116545,1.74282366716017,0,outer_race,normal
N09_M07_F10_KA08_5,KA08,6203_PU_2905,outer_race,N09_M07_F10,0.0,0.3333333333333333,normal,0.8895503021120927,4.0794660459509256e-05,0.8238365625543698,3.4990038839287535e-05,1.0480930060356035,8.837125974004777e-05,-0.9034272516670621,0.815624411892356,0,-1.0921875806571433,1.260547612219139,0,-0.43407529446955345,2.0366638056425255,1,normal,normal
N09_M07_F10_KA08_6,KA08,6203_PU_2905,outer_race,N09_M07_F10,0.0,0.0,normal,0.9678922234550908,3.5629841110312056e-05,0.9299936423180716,3.761354131384933e-05,0.8087085863391554,4.889201050656013e-05,-0.6683997003945908,0.5853267453202194,0,-0.607185483554369,1.428963114052673,0,-1.4757387934238066,0.6793898805509945,0,normal,normal
N09_M07_F10_KA08_7,KA08,6203_PU_2905,outer_race,N09_M07_F10,0.0,0.0,normal,1.2182082679120454,5.892670274005884e-05,1.2545944712998764,7.113400106034535e-05,1.0871603408282693,9.540026014698183e-05,0.08255414352957492,1.624126461058307,0,0.8758251939049875,3.5808059671225405,1,-0.26407669261171796,2.278316804547504,1,inner_race,normal
N09_M07_F10_KA08_8,KA08,6203_PU_2905,outer_race,N09_M07_F10,0.0,0.3333333333333333,normal,0.9718273597481761,4.689574027388954e-05,0.9620351002224955,3.963557079734888e-05,1.2519022142045446,0.00013093520432986061,-0.6565942017416028,1.0876696374510275,0,-0.4607969966774956,1.5587671121383466,0,0.45278531730110066,3.499987786276647,1,normal,normal
N09_M07_F10_KA08_9,KA08,6203_PU_2905,outer_race,N09_M07_F10,0.0,0.0,normal,0.8456983748827279,2.909503219422155e-05,1.3608376267782287,8.591840274249301e-05,1.2646155613674968,9.232680318148865e-05,-1.0349840337655314,0.29394167584932684,0,1.3612205469470549,4.5298892833192745,1,0.508106501971238,2.1726531184301803,1,inner_race,normal
N09_M07_F10_KA09_1,KA09,6203_PU_2905,outer_race,N09_M07_F10,0.0,0.0,normal,2.029067731482816,0.0001466431196651088,0.9911588846438762,3.706085798738348e-05,1.153250013386612,7.037089578590835e-05,2.515151032681319,5.0,1,-0.3277385463943845,1.393483658369171,0,0.023507602344323256,1.4178216262328076,0,outer_race,normal
N09_M07_F10_KA09_10,KA09,6203_PU_2905,outer_race,N09_M07_F10,0.0,0.0,normal,1.7803148084651197,0.0001222554673153638,0.8634340251065363,3.254347588228534e-05,1.3462504853608983,0.00012378432384580783,1.7688865887350003,4.447936109087113,1,-0.9112778154253,1.1034907265610903,0,0.8633348024247989,3.254144620287106,1,outer_race,normal
N09_M07_F10_KA09_11,KA09,6203_PU_2905,outer_race,N09_M07_F10,0.0,0.0,normal,2.4539873570960475,0.0002062915745760948,0.8451910616270686,2.6163841192954414e-05,1.4612951307370563,0.00011978625380737016,3.789919603370948,5.0,1,-0.9946248287814127,0.6939506601284281,0,1.3639430207476144,3.1166932675076255,1,outer_race,normal
N09_M07_F10_KA09_12,KA09,6203_PU_2905,outer_race,N09_M07_F10,0.0,0.3333333333333333,normal,1.5799003011823682,0.00010893471176192225,1.0265866287884224,4.788612700386273e-05,0.7802425796571545,4.3195923461400734e-05,1.167638494755827,3.8539678183254518,1,-0.16587906190241714,2.0884108145548663,1,-1.5996065044437158,0.48356167784827714,0,outer_race,normal
N09_M07_F10_KA09_13,KA09,6203_PU_2905,outer_race,N09_M07_F10,0.0,0.0,normal,1.6713565983505654,0.00010980079977019367,1.0755458725440081,4.4082686285128426e-05,1.07027837273218,9.117551666109368e-05,1.4420094726870434,3.8925864095801535,1,0.057802071253095555,1.8442492848628735,0,-0.33753732124621927,2.1330725487693973,1,outer_race,normal
N09_M07_F10_KA09_14,KA09,6203_PU_2905,outer_race,N09_M07_F10,0.0,0.0,normal,2.1441306363404964,0.00017210930487107038,1.1208107136650385,5.0928901624825104e-05,1.2087872328682516,8.616753604367108e-05,2.8603423722273322,5.0,1,0.2646045089010664,2.283741453547808,1,0.2651736825378184,1.9609010500361883,0,outer_race,normal
N09_M07_F10_KA09_15,KA09,6203_PU_2905,outer_race,N09_M07_F10,0.0,0.0,normal,1.8155469027127682,0.00012263399968573608,0.9364143413772912,3.1518298819493996e-05,1.3493296132694885,0.00011708222727879453,1.8745836752408551,4.464814748149737,1,-0.577851099870125,1.037679578611984,0,0.8767333985199706,3.0237303877353736,1,outer_race,normal
N09_M07_F10_KA09_16,KA09,6203_PU_2905,outer_race,N09_M07_F10,0.0,0.0,normal,2.104909798252134,0.00016696091381396624,0.7127033138194018,2.189615806830512e-05,0.7681253310275296,4.420525307914038e-05,2.7426789632026343,5.0,1,-1.5999244062582336,0.41998713157320217,0,-1.6523338106787633,0.5182618506879014,0,outer_race,normal
N09_M07_F10_KA09_17,KA09,6203_PU_2905,outer_race,N09_M07_F10,0.0,0.0,normal,2.0509357107529027,0.00017287989828664572,0.8567353433093298,3.0159256729438856e-05,1.2060849318883633,0.00010553100929092596,2.5807554693739476,5.0,1,-0.9418822247280156,0.9504359957189422,0,0.2534148207977461,2.626606144433312,1,outer_race,normal
N09_M07_F10_KA09_18,KA09,6203_PU_2905,outer_race,N09_M07_F10,0.0,0.0,normal,1.6701114786280775,0.0001078224090197462,1.1741780238984745,5.203498086406095e-05,1.0484866519943161,7.463844483624053e-05,1.438274085114199,3.804370589705103,1,0.508424868669488,2.3547461093275492,1,-0.43236237335621724,1.5645375127434311,0,outer_race,normal
N09_M07_F10_KA09_19,KA09,6203_PU_2905,outer_race,N09_M07_F10,0.0,0.3333333333333333,normal,2.3866403874616733,0.00018782252736256858,1.0520156703003263,4.285999649136233e-05,0.8769228786110724,4.702754015534514e-05,3.5878771580562834,5.0,1,-0.04970086174808394,1.765758825181393,0,-1.1789093737950929,0.615290460198699,0,outer_race,normal
N09_M07_F10_KA09_2,KA09,6203_PU_2905,outer_race,N09_M07_F10,0.0,0.0,normal,1.8692947441437207,0.0001458636306151882,0.582567521753153,1.4855068079280961e-05,1.045787074713725,8.837266945788614e-05,2.0358284257032695,5.0,1,-2.1944785537607205,-0.0320149974336123,0,-0.4441093831213631,2.0367122709325427,1,outer_race,normal
N09_M07_F10_KA09_20,KA09,6203_PU_2905,outer_race,N09_M07_F10,0.0,0.0,normal,1.7773149720760193,0.00014967311898581674,0.7055819016677677,2.2837572019317355e-05,1.044043108489972,0.00010229390437740912,1.7598870111313125,5.0,1,-1.6324601526781979,0.4804211142090669,0,-0.45169812244281193,2.515316335807082,1,outer_race,normal
N09_M07_F10_KA09_3,KA09,6203_PU_2905,outer_race,N09_M07_F10,0.0,0.0,normal,2.275355296576079,0.00019456201911845168,0.8273513931405613,2.5724066699629045e-05,0.9644174467437994,6.380864656700454e-05,3.2540193466112073,5.0,1,-1.0761292997675558,0.66571937668001,0,-0.7981832676592058,1.1922152652279638,0,outer_race,normal
N09_M07_F10_KA09_4,KA09,6203_PU_2905,outer_race,N09_M07_F10,0.0,0.0,normal,1.8297368453055969,0.0001368222971711186,1.2411454508123354,6.45280226959813e-05,1.0609992143137976,7.494061748338509e-05,1.917153826739795,5.0,1,0.8143803693586182,3.156735789135889,1,-0.3779148889997922,1.5749260348862815,0,outer_race,normal
N09_M07_F10_KA09_5,KA09,6203_PU_2905,outer_race,N09_M07_F10,0.0,0.0,normal,2.0659691391395905,0.0001387284861820858,0.9882537009868259,3.313340040077535e-05,0.953511863809251,4.725758203725457e-05,2.625856097497221,5.0,1,-0.3410115204557898,1.1413608771665307,0,-0.8456381007354036,0.6231991680403319,0,outer_race,normal
N09_M07_F10_KA09_6,KA09,6203_PU_2905,outer_race,N09_M07_F10,0.0,0.0,normal,2.220864185699742,0.00020240290393988704,0.8809709582890997,2.6931893733643123e-05,1.3424555626722325,0.00012926857660885087,3.090544770856156,5.0,1,-0.8311564576295978,0.7432557228561526,0,0.8468214785787895,3.4426900819767767,1,outer_race,normal
N09_M07_F10_KA09_7,KA09,6203_PU_2905,outer_race,N09_M07_F10,0.0,0.0,normal,1.8481104264508488,0.0001308692154524342,0.9806471511068799,3.3334829641245924e-05,1.496706611550466,0.0001488224946272283,1.9722749893389115,4.832020423036205,1,-0.37576372588290313,1.1542916088684192,0,1.5180334459057017,4.114942558277896,1,outer_race,normal
N09_M07_F10_KA09_8,KA09,6203_PU_2905,outer_race,N09_M07_F10,0.0,0.0,normal,1.4840289823072716,9.406059326946351e-05,0.8066787151489769,2.8195074642513125e-05,1.0520060047671922,7.040268990876027e-05,0.8800223509823751,3.1907355638104593,1,-1.170577001239437,0.824345505974964,0,-0.4170481715042459,1.4189146899246436,0,outer_race,normal
N09_M07_F10_KA09_9,KA09,6203_PU_2905,outer_race,N09_M07_F10,0.0,0.0,normal,2.0603628576442388,0.0001332349431835619,1.128183211885404,4.7007044494646166e-05,0.9306048323507724,5.106061763551265e-05,2.609037125112975,4.9375074767718585,1,0.29828739755741396,2.031978193134328,1,-0.9453163444989346,0.7539453487283927,0,outer_race,normal
N09_M07_F10_KA15_1,KA15,6203_PU_2855,outer_race,N09_M07_F10,0.3333333333333333,0.6666666666666666,inner_race,0.8873034556879476,1.9597440420129364e-05,0.9188052309867963,1.773554217807024e-05,1.057712251282038,3.271203867904353e-05,-0.9101678421976432,-0.1295529472429853,0,-0.6583022152033152,0.15289677435616764,0,-0.39221786417644594,0.1231317374357481,0,normal,normal
N09_M07_F10_KA15_10,KA15,6203_PU_2855,outer_race,N09_M07_F10,0.3333333333333333,0.3333333333333333,normal,1.0001316895010584,2.2734384178577198e-05,0.896674048545686,1.7289617031935034e-05,1.1369481384184077,3.86496076203148e-05,-0.5716805667657225,0.0103223860251291,0,-0.7594134168226043,0.12427065031216536,0,-0.04742879418652556,0.32726194910109524,0,normal,normal
N09_M07_F10_KA15_11,KA15,6203_PU_2855,outer_race,N09_M07_F10,0.6666666666666666,0.6666666666666666,normal,0.9560002894665206,2.28982432112434e-05,1.1554407352395326,3.066016162366561e-05,0.8222880819119782,2.3687545230522862e-05,-0.704075773655428,0.017628808635178312,0,0.422819421403651,0.9825915396721314,0,-1.4166486283647886,-0.18712516670129112,0,normal,normal
N09_M07_F10_KA15_12,KA15,6203_PU_2855,outer_race,N09_M07_F10,0.3333333333333333,0.3333333333333333,normal,1.0541028214528012,2.584452274812098e-05,1.2170587232091983,3.289177509261359e-05,0.9701442441237129,2.5702486614570747e-05,-0.4097659396469269,0.1490024843703438,0,0.7043348271689842,1.1258497625690334,0,-0.7732635347704604,-0.11785263861997541,0,normal,normal
N09_M07_F10_KA15_13,KA15,6203_PU_2855,outer_race,N09_M07_F10,0.0,0.3333333333333333,normal,1.272009025371167,3.743381587492249e-05,1.0490700570990157,2.150018191348158e-05,0.7133059535695865,1.621612766153621e-05,0.2439576432836896,0.6657654113714103,0,-0.06315854712403136,0.3945674784662011,0,-1.89087625469306,-0.4439882136625439,0,normal,normal
N09_M07_F10_KA15_14,KA15,6203_PU_2855,outer_race,N09_M07_F10,0.0,0.0,normal,0.8627532191047859,1.8741763174152813e-05,1.021221003330558,2.122936740557252e-05,0.762266607097282,1.9191393294875853e-05,-0.9838191120208339,-0.16770732588894943,0,-0.19039310849379776,0.37718256585584653,0,-1.6778276121397246,-0.3417002891766989,0,normal,normal
N09_M07_F10_KA15_15,KA15,6203_PU_2855,outer_race,N09_M07_F10,0.3333333333333333,0.6666666666666666,inner_race,0.8672280012402408,2.1715559066899303e-05,0.6450052319228077,1.0652252217190317e-05,0.9049298784885702,2.8192745547738824e-05,-0.970394663529595,-0.03510670452011643,0,-1.9092180658310953,-0.3018143779911477,0,-1.0570389967479998,-0.03223896606187912,0,normal,normal
N09_M07_F10_KA15_16,KA15,6203_PU_2855,outer_race,N09_M07_F10,0.6666666666666666,0.3333333333333333,outer_race,0.7704193952566145,1.4236173965283723e-05,0.8851310901196376,1.742083278840749e-05,1.087566413371844,3.8395950493509475e-05,-1.2608226900113164,-0.3686101283260637,0,-0.8121499752873356,0.1326940338191571,0,-0.26230969813853733,0.3185413626965677,0,normal,normal
N09_M07_F10_KA15_17,KA15,6203_PU_2855,outer_race,N09_M07_F10,0.3333333333333333,0.3333333333333333,normal,0.7719310384387249,1.4419007441332261e-05,1.2386616075656147,3.298900268309002e-05,1.1603383110803542,4.1241907736781e-05,-1.2562877259793055,-0.36045764126728674,0,0.803032382147444,1.1320912788629676,0,0.05435180259200768,0.416383738962966,0,normal,normal
N09_M07_F10_KA15_18,KA15,6203_PU_2855,outer_race,N09_M07_F10,0.0,0.6666666666666666,inner_race,1.208827790972364,3.521296480424591e-05,1.1654448938018869,3.065281819611367e-05,1.15619638874833,4.083285931263355e-05,0.05441249871021072,0.5667383622529262,0,0.46852563236283323,0.982120129010876,0,0.03632853560477371,0.40232088896013013,0,normal,normal
N09_M07_F10_KA15_19,KA15,6203_PU_2855,outer_race,N09_M07_F10,0.0,0.0,normal,1.472175541814488,4.8038851245480724e-05,0.7487867729779902,1.179320657934767e-05,0.6042111895915598,9.51146231217967e-06,0.8444617590870641,1.1386405953087069,0,-1.4350691427035775,-0.22857091687949532,0,-2.365594006612927,-0.6744907594765952,0,normal,normal
N09_M07_F10_KA15_2,KA15,6203_PU_2855,outer_race,N09_M07_F10,0.3333333333333333,0.3333333333333333,normal,1.1045645246078994,3.230354103422518e-05,0.8314627030924508,1.3481115407672253e-05,0.9100594133076261,2.675405549807347e-05,-0.2583796789799735,0.43700807354313226,0,-1.0573458709755768,-0.12021576374817643,0,-1.034718207473573,-0.08170030407139425,0,normal,normal
N09_M07_F10_KA15_20,KA15,6203_PU_2855,outer_race,N09_M07_F10,0.3333333333333333,0.6666666666666666,inner_race,1.251536004807935,3.667126647410941e-05,0.7776436080320182,1.1808488837560106e-05,1.1503484853901786,4.0482402936000405e-05,0.18253811453533816,0.6317635739827453,0,-1.3032303096450037,-0.22758987370879008,0,0.01088181905854802,0.39027239991533963,0,normal,normal
N09_M07_F10_KA15_3,KA15,6203_PU_2855,outer_race,N09_M07_F10,0.0,0.3333333333333333,normal,0.8596795459202151,1.8023037388692487e-05,0.7897259211261327,1.1534362319271214e-05,1.0533438764540826,3.0795119802248355e-05,-0.9930402016953992,-0.1997550820844235,0,-1.2480295900929805,-0.24518740052309757,0,-0.4112265223581351,0.057229166882736784,0,normal,normal
N09_M07_F10_KA15_4,KA15,6203_PU_2855,outer_race,N09_M07_F10,0.3333333333333333,0.3333333333333333,normal,1.2868758024101428,3.9940304702613097e-05,0.9479851000288451,1.869038310867821e-05,0.8741597304794381,2.1084638666263985e-05,0.28855831356194783,0.7775289580278872,0,-0.5249875299267424,0.214192700721322,0,-1.1909330073907,-0.2766116001495105,0,normal,normal
N09_M07_F10_KA15_5,KA15,6203_PU_2855,outer_race,N09_M07_F10,0.3333333333333333,0.3333333333333333,normal,1.2679741226333612,4.15023729777499e-05,0.5957882914227823,7.486755673411821e-06,1.0427402800352898,3.700856317358417e-05,0.23185284302053108,0.8471810899744353,0,-2.1340765435570126,-0.5050231396149844,0,-0.45736728357018275,0.2708437830845431,0,normal,normal
N09_M07_F10_KA15_6,KA15,6203_PU_2855,outer_race,N09_M07_F10,0.6666666666666666,0.3333333333333333,outer_race,1.1825611167307766,2.889578508401965e-05,1.2040251056977567,2.5599100210604758e-05,1.2262326244399293,3.4664227390553116e-05,-0.02438812324598954,0.28505731001804724,0,0.644787862991414,0.6576971643263069,0,0.3410860065237493,0.19024686465915197,0,normal,normal
N09_M07_F10_KA15_7,KA15,6203_PU_2855,outer_race,N09_M07_F10,0.3333333333333333,0.6666666666666666,inner_race,1.124388493401276,2.7714676657753344e-05,0.9703028467282167,1.9491203361442808e-05,0.8831473121496467,2.2398663463121273e-05,-0.19890732034824846,0.2323920576350964,0,-0.4230239682321522,0.2656012837341263,0,-1.151824214171834,-0.2314361819658923,0,normal,normal
N09_M07_F10_KA15_8,KA15,6203_PU_2855,outer_race,N09_M07_F10,0.0,0.0,normal,1.102547929499421,2.6267614770987373e-05,1.0016465823356668,2.0625337684888254e-05,0.9514413199453267,2.68598234264881e-05,-0.2644295103107455,0.16786802429025616,0,-0.2798231799805695,0.33840693308332476,0,-0.854647918370021,-0.0780640634098988,0,normal,normal
N09_M07_F10_KA15_9,KA15,6203_PU_2855,outer_race,N09_M07_F10,0.3333333333333333,0.3333333333333333,normal,0.7039192958391375,1.330645753276462e-05,0.8473040863979662,1.7084217255267326e-05,0.872025003181011,2.2637072638070513e-05,-1.4603245053553233,-0.41006589095911716,0,-0.9849710077890058,0.11108503040160442,0,-1.2002221144671443,-0.22323981139289997,0,normal,normal
N09_M07_F10_KA16_1,KA16,6203_PU_2905,outer_race,N09_M07_F10,0.0,0.0,normal,4.2875084836501065,7.778821082259901e-05,0.7641218478144943,2.8726542034433413e-06,1.1729721979144532,1.424758086616279e-05,5.0,2.4651551603710278,1,-1.3650074617352623,-0.8012249622206163,0,0.10932722155071631,-0.5116657224186243,0,outer_race,normal
N09_M07_F10_KA16_10,KA16,6203_PU_2905,outer_race,N09_M07_F10,0.0,0.0,normal,5.081116054927454,8.871342321720399e-05,0.8735092079002191,2.899967270138155e-06,0.8543930269914894,6.247423606542028e-06,5.0,2.952306936874807,1,-0.865247114557238,-0.7994716023977755,0,-1.276946347541063,-0.7867065364142589,0,outer_race,normal
N09_M07_F10_KA16_11,KA16,6203_PU_2905,outer_race,N09_M07_F10,0.0,0.0,normal,4.725309823821383,6.994166269971101e-05,0.7251275699282007,1.829015408428506e-06,0.9190660864880137,6.277351871996893e-06,5.0,2.115280053194634,1,-1.543161444417889,-0.8682212593842873,0,-0.9955263389680254,-0.785677619828615,0,outer_race,normal
N09_M07_F10_KA16_12,KA16,6203_PU_2905,outer_race,N09_M07_F10,0.0,0.0,normal,5.149004473195583,9.946004627857909e-05,0.7826326604747889,2.295065899422029e-06,1.4037830443733423,1.5799039458034485e-05,5.0,3.431495471310128,1,-1.2804367201577496,-0.8383031906645125,0,1.1136834541903913,-0.4583274666642442,0,outer_race,normal
N09_M07_F10_KA16_13,KA16,6203_PU_2905,outer_race,N09_M07_F10,0.0,0.0,normal,5.209766692673955,8.896648782683782e-05,0.9271662943433684,2.671911730443883e-06,0.9375583435815943,7.637272037555044e-06,5.0,2.9635910080397974,1,-0.6201028480864631,-0.8141116069473971,0,-0.9150586575203903,-0.7389243452158704,0,outer_race,normal
N09_M07_F10_KA16_14,KA16,6203_PU_2905,outer_race,N09_M07_F10,0.0,0.0,normal,5.453709689844349,0.00010929646270663797,0.8816236302127536,2.8292013096800065e-06,0.9265667786152145,7.784408930080487e-06,5.0,3.8700981789083917,1,-0.8281745815983725,-0.8040144167685841,0,-0.9628876350134983,-0.7338658633166152,0,outer_race,normal
N09_M07_F10_KA16_15,KA16,6203_PU_2905,outer_race,N09_M07_F10,0.3333333333333333,0.0,normal,5.7064020156690916,0.00010962132829656227,0.8682196888133608,2.5294190791199917e-06,1.0121096164402088,8.376587173025077e-06,5.0,3.8845838331492857,1,-0.8894134523606321,-0.823258909689817,0,-0.590654338158791,-0.7135071152714918,0,outer_race,normal
N09_M07_F10_KA16_16,KA16,6203_PU_2905,outer_race,N09_M07_F10,0.3333333333333333,0.0,normal,6.053161635674036,0.00011707670531675638,0.8337185518928265,2.22098119598582e-06,1.1461067374452922,8.832255541966181e-06,5.0,4.217016744173193,1,-1.0470395268168606,-0.8430590514378025,0,-0.007575831658884826,-0.6978414983294111,0,outer_race,normal
N09_M07_F10_KA16_17,KA16,6203_PU_2905,outer_race,N09_M07_F10,0.0,0.0,normal,5.2020953052552334,9.324236403882672e-05,1.1254892633300255,4.291954972636007e-06,0.9934274051194302,7.817336852282358e-06,5.0,3.154250980363014,1,0.28597949777575166,-0.710113078921848,0,-0.6719485912989163,-0.7327338202539996,0,outer_race,normal
N09_M07_F10_KA16_18,KA16,6203_PU_2905,outer_race,N09_M07_F10,0.3333333333333333,0.0,normal,4.613544251242521,8.590996805691139e-05,0.9870576259399361,3.6921677820858114e-06,1.00420825828113,1.0154483199610918e-05,5.0,2.8273017550662014,1,-0.3464760538371253,-0.7486163628597483,0,-0.6250365105529406,-0.6523840705008751,0,outer_race,normal
N09_M07_F10_KA16_19,KA16,6203_PU_2905,outer_race,N09_M07_F10,0.0,0.0,normal,5.609967700201883,0.00010532083704087781,0.8289671003926012,2.3779796271377443e-06,1.008680350241251,7.3931747265329445e-06,5.0,3.6928262837875736,1,-1.0687475838491467,-0.8329805514836732,0,-0.6055765349842223,-0.7473162706417021,0,outer_race,normal
N09_M07_F10_KA16_2,KA16,6203_PU_2905,outer_race,N09_M07_F10,0.0,0.0,normal,5.0153611048120155,9.587136303080441e-05,0.8330586611944373,2.8917061960087255e-06,0.9424723396845506,8.8392345613839e-06,5.0,3.2714772166237407,1,-1.0500543834170026,-0.8000019212972934,0,-0.8936757689391541,-0.6976015636482231,0,outer_race,normal
N09_M07_F10_KA16_20,KA16,6203_PU_2905,outer_race,N09_M07_F10,0.0,0.0,normal,5.191396639911154,7.951201192901535e-05,1.0366219114504738,3.1451680300372964e-06,0.9714166239217366,7.768478004543332e-06,5.0,2.542018908278078,1,-0.12003065361021557,-0.7837309620024294,0,-0.7677268687080296,-0.7344135593912359,0,outer_race,normal
N09_M07_F10_KA16_3,KA16,6203_PU_2905,outer_race,N09_M07_F10,0.0,0.0,normal,4.491396522566593,8.286888224357456e-05,1.0922637474058077,4.579836370959507e-06,0.8533798376117936,7.360898884552986e-06,5.0,2.6917006973513837,1,0.13418137996357274,-0.6916325588395142,0,-1.281355165774495,-0.7484258955606231,0,outer_race,normal
N09_M07_F10_KA16_4,KA16,6203_PU_2905,outer_race,N09_M07_F10,0.0,0.0,normal,5.424686764820063,8.990639579072203e-05,0.7161983600195204,1.6094717314904565e-06,0.9399190577449406,6.373140786332398e-06,5.0,3.005501207843542,1,-1.5839565147120287,-0.8823148456813907,0,-0.9047861854082103,-0.7823844519425821,0,outer_race,normal
N09_M07_F10_KA16_5,KA16,6203_PU_2905,outer_race,N09_M07_F10,0.3333333333333333,0.0,normal,4.29679433320122,8.059223996919433e-05,0.8132558504722741,2.8607454692548977e-06,1.240378884782935,1.2103554508458164e-05,5.0,2.5901859360479227,1,-1.14052790388457,-0.8019894423245978,0,0.40264240632912746,-0.5853761177914185,0,outer_race,normal
N09_M07_F10_KA16_6,KA16,6203_PU_2905,outer_race,N09_M07_F10,0.0,0.0,normal,5.118990882323754,8.481306397015554e-05,0.985191154115355,2.7590822899393104e-06,0.9892768762143404,8.15415373957901e-06,5.0,2.7783911476366163,1,-0.3550034431654686,-0.8085157008391004,0,-0.6900093091487621,-0.7211542490226788,0,outer_race,normal
N09_M07_F10_KA16_7,KA16,6203_PU_2905,outer_race,N09_M07_F10,0.0,0.0,normal,4.9708553683661325,9.47452541081865e-05,0.8568134587965882,2.682118126495075e-06,1.2369576481173306,1.1084464483056393e-05,5.0,3.221264374769886,1,-0.9415253368480845,-0.8134564082847161,0,0.38775514942091655,-0.6204118478433828,0,outer_race,normal
N09_M07_F10_KA16_8,KA16,6203_PU_2905,outer_race,N09_M07_F10,0.0,0.0,normal,5.281517981117773,8.581521405095845e-05,1.24130847813578,5.43683972977476e-06,1.2199776940074674,8.95731791658812e-06,5.0,2.823076703811947,1,0.8151251957416692,-0.6366173064632026,0,0.313868141934835,-0.693541925683526,0,outer_race,normal
N09_M07_F10_KA16_9,KA16,6203_PU_2905,outer_race,N09_M07_F10,0.0,0.0,normal,4.73598276330985,8.807688381110911e-05,0.6539135443206902,1.5878183250894915e-06,0.9786184266229969,8.510030600002368e-06,5.0,2.923923845425995,1,-1.8685184704368278,-0.8837048841283844,0,-0.7363887598616569,-0.7089194068568773,0,outer_race,normal
N09_M07_F10_KA22_1,KA22,6203_PU_2905,outer_race,N09_M07_F10,0.0,0.0,normal,1.1090559738967465,3.753328059327528e-05,0.9715703771212449,2.590829213207023e-05,0.9997523367455194,5.541058311718822e-05,-0.24490522864832423,0.6702005118065228,0,-0.4172329752985803,0.677545711496128,0,-0.6444261217220195,0.903494664836421,0,normal,normal
N09_M07_F10_KA22_10,KA22,6203_PU_2905,outer_race,N09_M07_F10,0.3333333333333333,0.0,normal,1.0818680107879544,2.8799960060301928e-05,1.1939191843563537,3.179751660314988e-05,1.2695140649173395,9.066251161403836e-05,-0.32646973822384545,0.2807845024192992,0,0.5986167262698097,1.0556039387417022,0,0.5294219758598036,2.1154357297485857,1,normal,normal
N09_M07_F10_KA22_11,KA22,6203_PU_2905,outer_race,N09_M07_F10,0.0,0.0,normal,1.0891228884698068,3.2725448959155825e-05,0.6603932468378271,1.10784061217882e-05,0.8658343468317574,4.177455661055908e-05,-0.30470493967005724,0.45582081490937637,0,-1.8389145164056044,-0.2744574669925558,0,-1.2271602951631309,0.43469590146972226,0,normal,normal
N09_M07_F10_KA22_12,KA22,6203_PU_2905,outer_race,N09_M07_F10,0.3333333333333333,0.0,normal,0.7566595069318499,1.5255042368274254e-05,1.0612143441743105,2.3450746085239055e-05,1.1070065649830518,6.499492881176325e-05,-1.3021026688950756,-0.3231791074348353,0,-0.007674685732527072,0.5197837673892437,0,-0.1777173241936908,1.2329989678026398,0,normal,normal
N09_M07_F10_KA22_13,KA22,6203_PU_2905,outer_race,N09_M07_F10,0.0,0.0,normal,0.8894354820553951,2.0343337268868674e-05,1.0755964471391761,2.3282505742132053e-05,1.1716222864840018,7.154691357951768e-05,-0.9037717144565877,-0.09629364190157515,0,0.05803313247643743,0.5089835939235243,0,0.1034531823559124,1.458252442869404,0,normal,normal
N09_M07_F10_KA22_14,KA22,6203_PU_2905,outer_race,N09_M07_F10,0.0,0.0,normal,1.047474233737731,2.580541718016321e-05,1.0039851026826678,2.0794902101651575e-05,1.0672537287464836,7.163181358729926e-05,-0.429651854012582,0.14725877942313154,0,-0.26913913257706507,0.34929210533652616,0,-0.3506988346029645,1.4611712563990256,0,normal,normal
N09_M07_F10_KA22_15,KA22,6203_PU_2905,outer_race,N09_M07_F10,0.0,0.0,normal,1.007792614591469,2.540696651304422e-05,1.2423969157056354,3.556858575172339e-05,1.0441633149030312,6.491872289468601e-05,-0.5486976167229484,0.1294919897878121,0,0.8200979635035593,1.2976873784426877,0,-0.45117505317630424,1.230379052120482,0,normal,normal
N09_M07_F10_KA22_16,KA22,6203_PU_2905,outer_race,N09_M07_F10,0.0,0.0,normal,1.138484538133652,3.0392514735621534e-05,1.184397623008739,3.0614230673370306e-05,0.9809870632053476,4.4088907848224794e-05,-0.15661886457279375,0.3517960133391651,0,0.5551153674196496,0.9796430065113358,0,-0.7260818139323808,0.5142619684384555,0,normal,normal
N09_M07_F10_KA22_17,KA22,6203_PU_2905,outer_race,N09_M07_F10,0.0,0.0,normal,1.057644118458656,2.7982370920187425e-05,1.184992577154728,2.944395960237816e-05,0.9725250998826659,5.210759072754069e-05,-0.3991419678404328,0.24432846040645387,0,0.5578335470184762,0.9045175619525956,0,-0.7629034180029566,0.7899396826043457,0,normal,normal
N09_M07_F10_KA22_18,KA22,6203_PU_2905,outer_race,N09_M07_F10,0.0,0.0,normal,1.0697195239315833,2.7373976717986367e-05,1.1534306433315005,2.485460623200963e-05,0.9702296110343424,4.734475583779479e-05,-0.36291547594092116,0.21720035472649454,0,0.4136358719603641,0.6099044413413264,0,-0.7728920670077132,0.6261961532596964,0,normal,normal
N09_M07_F10_KA22_19,KA22,6203_PU_2905,outer_race,N09_M07_F10,0.0,0.0,normal,0.9959102741899117,2.5223163927068164e-05,1.0644998716874654,2.3207459253561155e-05,0.9367195425546581,4.941020031252111e-05,-0.5843449090038847,0.12129629042287886,0,0.007335973354139494,0.5041659914413221,0,-0.9187086378062952,0.6972049486066072,0,normal,normal
N09_M07_F10_KA22_2,KA22,6203_PU_2905,outer_race,N09_M07_F10,0.0,0.0,normal,1.1662813710214568,3.783267246090245e-05,0.7984717971817349,1.59770598145514e-05,1.232477416641447,7.992956726272482e-05,-0.07322773176986087,0.6835503008007746,0,-1.208072121053611,0.040011159576287605,0,0.36825975535470384,1.746443264331092,0,normal,normal
N09_M07_F10_KA22_20,KA22,6203_PU_2905,outer_race,N09_M07_F10,0.3333333333333333,0.0,normal,0.8060797164782199,1.5440486493751623e-05,1.3229485538358883,3.753758551496447e-05,1.0812543395740304,6.417721169179417e-05,-1.1538409128142892,-0.31491021234103367,0,1.1881159374832357,1.4240871384778846,0,-0.28977621783194674,1.2048863226388216,0,normal,normal
N09_M07_F10_KA22_3,KA22,6203_PU_2905,outer_race,N09_M07_F10,0.3333333333333333,0.0,normal,0.7401865035532824,1.4098382592944669e-05,1.239929131468462,3.53607735120438e-05,0.9031942657764992,4.9757921903368645e-05,-1.3515220548355495,-0.37475420217995153,0,0.8088233454291883,1.2843468906893323,0,-1.0645913863846268,0.7091594172860262,0,normal,normal
N09_M07_F10_KA22_4,KA22,6203_PU_2905,outer_race,N09_M07_F10,0.0,0.0,normal,1.033257118593178,2.6207788463610376e-05,1.1241333865862306,2.6446251037147176e-05,1.1445634946926888,6.946564179021808e-05,-0.47230352378659224,0.16520038810455073,0,0.27978487499960536,0.712079934292882,0,-0.014291137723711935,1.3866995135333313,0,normal,normal
N09_M07_F10_KA22_5,KA22,6203_PU_2905,outer_race,N09_M07_F10,0.0,0.0,normal,1.3008919602675058,4.1797632044291565e-05,1.282441631180324,3.682705755257438e-05,1.0429795256523922,5.8967531465114376e-05,0.3306071068898747,0.8603465986711494,0,1.003051102628518,1.3784748608021513,0,-0.45632622406039397,1.0257805071275277,0,normal,normal
N09_M07_F10_KA22_6,KA22,6203_PU_2905,outer_race,N09_M07_F10,0.0,0.0,normal,1.279122946654716,3.60099054426041e-05,0.8852074237057558,1.7245964822108402e-05,0.8129031497267837,3.2431494968267336e-05,0.2652995694268771,0.6022736940818948,0,-0.8118012284168575,0.12146840068771135,0,-1.457486462798101,0.11348680570888126,0,normal,normal
N09_M07_F10_KA22_7,KA22,6203_PU_2905,outer_race,N09_M07_F10,0.0,0.0,normal,0.7218997728143868,1.3481667699022376e-05,0.7987461402019511,1.4172963421981767e-05,0.9626306500161059,4.9459618816759426e-05,-1.4063826642342465,-0.40225332488066384,0,-1.206818724290752,-0.07580264363403093,0,-0.8059583807331865,0.6989039284130113,0,normal,normal
N09_M07_F10_KA22_8,KA22,6203_PU_2905,outer_race,N09_M07_F10,0.0,0.0,normal,1.3725725070106976,4.349405060360362e-05,1.1771498581376938,3.190942983577098e-05,0.8323503882714735,4.422595287474181e-05,0.5456503823945033,0.9359893674351638,0,0.5220023506562903,1.062788198492341,0,-1.3728632505892735,0.5189734977777025,0,normal,normal
N09_M07_F10_KA22_9,KA22,6203_PU_2905,outer_race,N09_M07_F10,0.0,0.0,normal,1.2382452608725236,3.9374570095129876e-05,0.8661329363125027,1.8402580957346603e-05,1.0053612762810313,5.625671790816103e-05,0.14266557952240477,0.7523030302279652,0,-0.898947242676864,0.19571726789239757,0,-0.6200192384779349,0.9325842932158286,0,normal,normal
N09_M07_F10_KA30_1,KA30,6203_PU_2905,outer_race,N09_M07_F10,0.0,0.0,normal,1.3713305107673746,6.314368711980288e-05,1.080850171115232,3.9939853861782086e-05,0.8725824492434354,5.3775418080367336e-05,0.5419243653304107,1.812160465147367,0,0.08203593239951441,1.578300535679151,0,-1.1977964293845493,0.8472786295574173,0,normal,normal
N09_M07_F10_KA30_10,KA30,6203_PU_2905,outer_race,N09_M07_F10,0.0,0.0,normal,1.1037102605256277,4.357902171250632e-05,1.1069129167979872,4.070712510796977e-05,1.0503927892174563,7.375545174818217e-05,-0.2609424907154339,0.9397782023940054,0,0.2011093502113961,1.6275554432777128,0,-0.42406795899182004,1.534180717269188,0,normal,normal
N09_M07_F10_KA30_11,KA30,6203_PU_2905,outer_race,N09_M07_F10,0.0,0.0,normal,0.9031081393387608,2.8373507943769193e-05,0.908792251336826,2.8349529739248428e-05,1.0549398995349946,5.774749897895114e-05,-0.8627534306870596,0.26176913698207377,0,-0.7040487272521853,0.8342607368084201,0,-0.4042815466200202,0.9838364906281121,0,normal,normal
N09_M07_F10_KA30_12,KA30,6203_PU_2905,outer_race,N09_M07_F10,0.0,0.0,normal,1.167275471104803,4.8259644324284444e-05,0.8946993336814314,2.5830409297132504e-05,1.233392170617055,9.954432546622548e-05,-0.07024540884104619,1.148485689087578,0,-0.7684353384172391,0.6725460300178606,0,0.3722402392480268,2.420787391270681,1,normal,normal
N09_M07_F10_KA30_13,KA30,6203_PU_2905,outer_race,N09_M07_F10,0.0,0.0,normal,0.8499168393539206,2.0563299889003973e-05,0.9401934654911602,2.5163694159344307e-05,0.9469830500520406,5.4204481947496754e-05,-1.0223285441145495,-0.08648557801292697,0,-0.560585335546935,0.6297463126174155,0,-0.8740477482428739,0.8620295989998584,0,normal,normal
N09_M07_F10_KA30_14,KA30,6203_PU_2905,outer_race,N09_M07_F10,0.0,0.0,normal,1.1054208229912723,3.8788787258831396e-05,0.8340183377493385,2.148729184725514e-05,1.0672148364988299,6.58820770647382e-05,-0.25581076429480043,0.7261831582253719,0,-1.0456698888293263,0.39374000184163416,0,-0.3508680713261588,1.2634986154613908,0,normal,normal
N09_M07_F10_KA30_15,KA30,6203_PU_2905,outer_race,N09_M07_F10,0.0,0.0,normal,0.841834753227108,2.0015418879888373e-05,1.0944536301447212,3.478026963285603e-05,1.0376594673874735,5.950448514228238e-05,-1.0465749868746332,-0.1109154194899812,0,0.14418634358113247,1.247081497163812,0,-0.47947606193999714,1.0442406663036035,0,normal,normal
N09_M07_F10_KA30_16,KA30,6203_PU_2905,outer_race,N09_M07_F10,0.0,0.0,normal,1.0816858513000134,3.509227116947116e-05,0.8031604784258403,2.0197999854271822e-05,1.0649783097625118,6.44979747981726e-05,-0.3270162208433407,0.5613566711269713,0,-1.1866508438189756,0.31097402006206243,0,-0.3606001510856183,1.2159139740980474,0,normal,normal
N09_M07_F10_KA30_17,KA30,6203_PU_2905,outer_race,N09_M07_F10,0.0,0.0,normal,1.236746598890022,4.4031853665734055e-05,1.21165901261875,4.422488306980636e-05,0.9762399817504996,4.893006538486411e-05,0.1381695593853648,0.9599698364332211,0,0.6796650551109655,1.8533775944729682,0,-0.7467383858360497,0.6806981854212074,0,normal,normal
N09_M07_F10_KA30_18,KA30,6203_PU_2905,outer_race,N09_M07_F10,0.0,0.0,normal,0.7780697523605731,2.234271745372298e-05,0.8907415868413817,2.5921040671827527e-05,0.9405660876548234,5.687989772071673e-05,-1.2378714441689902,-0.007141909763241012,0,-0.786517180170033,0.6783641028419294,0,-0.9019706828758765,0.954008857427344,0,normal,normal
N09_M07_F10_KA30_19,KA30,6203_PU_2905,outer_race,N09_M07_F10,0.0,0.3333333333333333,normal,0.8531116644542219,2.1242775695892787e-05,1.299282726104723,4.9599544040069035e-05,1.2221651074568753,8.32215884137075e-05,-1.0127439959289088,-0.0561879659884064,0,1.0799933694469137,2.198403464762299,1,0.3233865088789295,1.8596210616760462,0,inner_race,normal
N09_M07_F10_KA30_2,KA30,6203_PU_2905,outer_race,N09_M07_F10,0.0,0.0,normal,0.9109350480632638,3.8806916966801054e-05,1.0889309106993244,5.802870942658869e-05,1.0728037007736955,0.00010109088971265626,-0.8392725259553621,0.7269915561883511,0,0.1189545783640602,2.739512967182602,1,-0.32654854408575124,2.473957382238462,1,inner_race,normal
N09_M07_F10_KA30_20,KA30,6203_PU_2905,outer_race,N09_M07_F10,0.0,0.0,normal,1.0163999768116772,3.1564170626402836e-05,1.1565098711858892,3.969829962470501e-05,1.4602519831308676,0.0001202405603327149,-0.5228753336993589,0.40403978014475017,0,0.42770400542974824,1.5627939834834466,0,1.359403841519634,3.1323120650486462,1,normal,normal
N09_M07_F10_KA30_3,KA30,6203_PU_2905,outer_race,N09_M07_F10,0.0,0.3333333333333333,normal,1.104616889399798,3.475024017620574e-05,1.3191721497268016,5.851754373754713e-05,1.4461924645648645,0.00010111818823615125,-0.2582225834096601,0.5461056169624883,0,1.1708626001034634,2.7708936411449034,1,1.2982248921057746,2.474895889805162,1,inner_race,normal
N09_M07_F10_KA30_4,KA30,6203_PU_2905,outer_race,N09_M07_F10,0.0,0.0,normal,1.3527265170975813,6.406728890724395e-05,0.8342702635236106,2.4084547140807418e-05,0.8952877430511903,5.2279241206993187e-05,0.48611195990118305,1.8533435776840317,0,-1.0445189102124677,0.5604705682865818,0,-1.0989960320046306,0.7958409275498224,0,normal,normal
N09_M07_F10_KA30_5,KA30,6203_PU_2905,outer_race,N09_M07_F10,0.0,0.0,normal,1.0224787325657458,4.7194780346458494e-05,1.133741138372868,5.871112747351649e-05,1.2866268725263006,0.00010753522089067646,-0.5046389277602301,1.1010037400145367,0,0.32368001393272566,2.7833207314016164,1,0.6038870854667084,2.6955097886900505,1,inner_race,normal
N09_M07_F10_KA30_6,KA30,6203_PU_2905,outer_race,N09_M07_F10,0.0,0.0,normal,0.9484074255078513,3.2343741469737204e-05,0.7420028643193699,1.9600915973573315e-05,0.9505973915350233,5.981861852209475e-05,-0.7268545387502738,0.4388005982894319,0,-1.4660629297718382,0.2726442748532841,0,-0.8583202100833172,1.0550403915693654,0,normal,normal
N09_M07_F10_KA30_7,KA30,6203_PU_2905,outer_race,N09_M07_F10,0.0,0.0,normal,0.9428592674440204,3.746859273064007e-05,0.9507206987311233,3.433142115670276e-05,1.3469026715583723,0.00011423221153551194,-0.7434991395139662,0.6673161004044583,0,-0.512489342237425,1.218267710216195,0,0.8661727421591052,2.925748482568428,1,normal,normal
N09_M07_F10_KA30_8,KA30,6203_PU_2905,outer_race,N09_M07_F10,0.0,0.0,normal,1.2068993751046644,6.883516654514803e-05,1.045162930228398,5.231991703132368e-05,1.1238794504354932,9.499465235014223e-05,0.04862720711344152,2.0659417384854266,1,-0.08100912035112304,2.373037560570831,1,-0.10429621800753418,2.2643722413363765,1,outer_race,normal
N09_M07_F10_KA30_9,KA30,6203_PU_2905,outer_race,N09_M07_F10,0.0,0.0,normal,0.7264196556430251,3.31104478137968e-05,1.1917866029328417,8.89126460599817e-05,0.9329126359596683,9.835427750298655e-05,-1.3928229126345584,0.4729877924669832,0,0.5888735563846919,4.722104459716541,1,-0.9352741087294133,2.379874225456413,1,inner_race,normal
N09_M07_F10_KI01_1,KI01,6203_PU_2905,inner_race,N09_M07_F10,0.3333333333333333,0.3333333333333333,normal,1.1015901137024047,3.635998781124077e-05,0.8008694479911963,1.921795279052822e-05,1.1055347131483224,6.493860259252293e-05,-0.2673029795528034,0.617883756535987,0,-1.197117923054783,0.2480599882815398,0,-0.1841219779888318,1.2310625047199264,0,normal,inner_race
N09_M07_F10_KI01_10,KI01,6203_PU_2905,inner_race,N09_M07_F10,0.3333333333333333,0.6666666666666666,inner_race,0.9414732781155899,2.803986748707482e-05,0.9808710314378447,3.054210659712825e-05,1.0595285251970117,6.706149943204321e-05,-0.7476571391183493,0.24689221419817822,0,-0.3747408790764568,0.9750130080217729,0,-0.38431448331427515,1.3040464793872064,0,normal,inner_race
N09_M07_F10_KI01_11,KI01,6203_PU_2905,inner_race,N09_M07_F10,0.3333333333333333,0.0,normal,1.5027355577616697,5.427582128549336e-05,1.0808815149033881,2.9700193407218043e-05,1.119759087653549,4.8139213326904916e-05,0.9361425041056535,1.4167451231889505,0,0.08217913342784594,0.9209664676606159,0,-0.12222567021600857,0.6535091456670651,0,normal,inner_race
N09_M07_F10_KI01_12,KI01,6203_PU_2905,inner_race,N09_M07_F10,0.3333333333333333,0.6666666666666666,inner_race,0.9972903625249828,3.692142248917774e-05,1.2218296553262478,4.865818863268257e-05,1.322525166792773,0.00011807446248422063,-0.5802046125142014,0.6429179518329938,0,0.7261318857076572,2.137973240329146,1,0.7600958431608,3.0578428644929194,1,inner_race,inner_race
N09_M07_F10_KI01_13,KI01,6203_PU_2905,inner_race,N09_M07_F10,0.3333333333333333,0.6666666666666666,inner_race,0.8823374666043481,2.330536408820085e-05,1.121478751081293,3.3944858637465964e-05,1.1018813290995368,7.248884251076107e-05,-0.9250659227394032,0.03578220019391228,0,0.2676565855835422,1.1934523645862372,0,-0.2000194069698295,1.4906354187994921,0,normal,inner_race
N09_M07_F10_KI01_14,KI01,6203_PU_2905,inner_race,N09_M07_F10,0.3333333333333333,0.3333333333333333,normal,1.002113679756723,2.791603102195764e-05,0.6931878714170411,1.4277936685299722e-05,1.014989215811735,4.512780209530567e-05,-0.5657345507828457,0.24137038525803117,0,-1.6890850210010453,-0.06906389457920106,0,-0.5781239756534361,0.5499785562628867,0,normal,inner_race
N09_M07_F10_KI01_15,KI01,6203_PU_2905,inner_race,N09_M07_F10,0.3333333333333333,0.6666666666666666,inner_race,1.069165185969506,3.763270227327026e-05,0.8125843499690008,2.0242495431974268e-05,1.1810157083822996,8.537022565170867e-05,-0.36457850247347207,0.6746336931748284,0,-1.1435958024460045,0.3138304096103064,0,0.144327959144402,1.9334899764665023,0,normal,inner_race
N09_M07_F10_KI01_16,KI01,6203_PU_2905,inner_race,N09_M07_F10,0.3333333333333333,0.6666666666666666,inner_race,0.8319875073861693,2.021742714102986e-05,0.9246028078676153,2.471478766744855e-05,1.1175297685754717,5.641462623852366e-05,-1.076116949046342,-0.10190793480875801,0,-0.6318147030037455,0.6009288013545061,0,-0.13192638638667736,0.938013090964448,0,normal,inner_race
N09_M07_F10_KI01_17,KI01,6203_PU_2905,inner_race,N09_M07_F10,0.3333333333333333,0.6666666666666666,inner_race,0.730277499700793,1.9830192845849903e-05,0.9125854396274184,2.7337005698741523e-05,1.060399014693758,7.12557185283455e-05,-1.381249292450819,-0.11917458995527565,0,-0.6867187076271344,0.7692618484696656,0,-0.3805266130087072,1.448241324174258,0,normal,inner_race
N09_M07_F10_KI01_18,KI01,6203_PU_2905,inner_race,N09_M07_F10,0.3333333333333333,0.6666666666666666,inner_race,0.7849827408636225,1.8516755923232833e-05,0.8535739303483021,2.3281319054019844e-05,1.2895946507915017,9.485363775383323e-05,-1.2171323209512561,-0.1777403282739674,0,-0.956325839033527,0.5089074145885034,0,0.6168011518699016,2.2595242404664626,1,normal,inner_race
N09_M07_F10_KI01_19,KI01,6203_PU_2905,inner_race,N09_M07_F10,0.3333333333333333,0.6666666666666666,inner_race,1.2882274261293984,4.837115619929418e-05,0.9498960062763615,2.759313385961212e-05,0.6336447286307562,2.5844182820157144e-05,0.292613215554811,1.1534579684401594,0,-0.5162571321098917,0.7857039723727226,0,-2.2375161504974197,-0.11298120441439045,0,normal,inner_race
N09_M07_F10_KI01_2,KI01,6203_PU_2905,inner_race,N09_M07_F10,0.3333333333333333,0.0,normal,0.8271160301321808,2.0414058556124e-05,0.8147566053455323,2.0936427188349857e-05,1.0264744730841504,5.79597131925397e-05,-1.0907314919431355,-0.09314020199773589,0,-1.1336713733320376,0.3583772953561417,0,-0.5281467328072031,0.9911322934670685,0,normal,inner_race
N09_M07_F10_KI01_20,KI01,6203_PU_2905,inner_race,N09_M07_F10,0.3333333333333333,0.6666666666666666,inner_race,1.0546247823905077,3.566990726758415e-05,1.1034261628313309,3.7709962780079295e-05,1.1914193565324978,8.772103801333358e-05,-0.40820004492611783,0.5871132826421316,0,0.18517934356771332,1.435152881274203,0,0.1895986603360933,2.0143095559459896,1,normal,inner_race
N09_M07_F10_KI01_3,KI01,6203_PU_2905,inner_race,N09_M07_F10,0.3333333333333333,0.0,normal,1.2517849099038656,4.4683157023807435e-05,0.8891548395205856,2.1951476826673483e-05,1.2368536773197543,7.859304884418565e-05,0.183284835501495,0.9890112478464219,0,-0.7937665862376391,0.4235383142161581,0,0.3873027282277173,1.7004945283467952,0,normal,inner_race
N09_M07_F10_KI01_4,KI01,6203_PU_2905,inner_race,N09_M07_F10,0.3333333333333333,0.0,normal,1.0512080926542335,3.7218879522320556e-05,0.9684553196520793,3.001362238561762e-05,1.2786925231400297,8.78383492794068e-05,-0.4184501920811579,0.6561814671675447,0,-0.43146480428731987,0.9410870123134863,0,0.5693613542010362,2.0183426499295902,1,normal,inner_race
N09_M07_F10_KI01_5,KI01,6203_PU_2905,inner_race,N09_M07_F10,0.0,0.0,normal,0.7928825326247905,2.2281194531364733e-05,0.877396163057055,2.8487828762243257e-05,0.974149948626208,6.092454393651438e-05,-1.193432765446856,-0.009885197476102772,0,-0.8474887002658301,0.8431388299631262,0,-0.7558330095377119,1.0930614724468248,0,normal,inner_race
N09_M07_F10_KI01_6,KI01,6203_PU_2905,inner_race,N09_M07_F10,0.3333333333333333,0.6666666666666666,inner_race,1.195554861888534,3.1880136091311736e-05,0.9922914331451194,2.2424270314118925e-05,0.8779349529289523,3.557454860446905e-05,0.014593408658438627,0.41812858061697,0,-0.3225642480866674,0.45388924897754074,0,-1.1745054076702244,0.22154318541232704,0,normal,inner_race
N09_M07_F10_KI01_7,KI01,6203_PU_2905,inner_race,N09_M07_F10,0.3333333333333333,0.3333333333333333,normal,0.7292465913042421,1.5127974966899746e-05,1.2822448574524605,4.806489696631991e-05,1.2589148506547958,8.898964350341905e-05,-1.3843420411589697,-0.32884500280414436,0,1.0021520983333647,2.099886935973436,1,0.4833002832747662,2.0579234844363126,1,inner_race,inner_race
N09_M07_F10_KI01_8,KI01,6203_PU_2905,inner_race,N09_M07_F10,0.3333333333333333,0.6666666666666666,inner_race,1.0077325612070736,2.7597360447203762e-05,1.382021501384768,5.540130601145006e-05,1.6918906558373856,0.00014379408310018842,-0.5488777782461552,0.22716096479060927,0,1.4580037632130214,2.5708470448248866,1,2.3673622985092675,3.9420686566006635,1,inner_race,inner_race
N09_M07_F10_KI01_9,KI01,6203_PU_2905,inner_race,N09_M07_F10,0.3333333333333333,0.3333333333333333,normal,1.0949972979517537,3.8111607227391255e-05,0.8165667197462049,2.0628990206035734e-05,1.120056196512121,7.295133976823769e-05,-0.2870815772091215,0.6959879141043648,0,-1.1254014653590951,0.33864140634491874,0,-0.12093282311433509,1.506535809009215,0,normal,inner_race
N09_M07_F10_KI03_1,KI03,6203_PU_2905,inner_race,N09_M07_F10,0.0,0.0,normal,1.0955582239697907,1.3465704163875281e-05,1.0238475401836054,9.23118962195016e-06,0.8394391425316133,1.8959826963846406e-05,-0.28539878635839583,-0.4029651338803706,0,-0.17839319398332654,-0.3930393615521831,0,-1.3420170636268656,-0.34966140670394874,0,normal,normal
N09_M07_F10_KI03_10,KI03,6203_PU_2905,inner_race,N09_M07_F10,0.0,0.0,normal,0.9230460272829836,1.1161743357673344e-05,0.5062892294322893,2.8520756511381033e-06,1.0432867944367599,3.1728066919584517e-05,-0.8029393120039158,-0.5056980199055979,0,-2.5429728022968137,-0.8025460005070669,0,-0.45498916679722806,0.08930335320681694,0,normal,normal
N09_M07_F10_KI03_11,KI03,6203_PU_2905,inner_race,N09_M07_F10,0.0,0.0,normal,0.9689721173785681,1.0955829235352487e-05,0.7296550258512374,5.565930901063871e-06,1.0104758155473748,2.654436266262541e-05,-0.6651599939881361,-0.514879665705487,0,-1.522476760719911,-0.6283303105080852,0,-0.5977637012358958,-0.08890942337730917,0,normal,normal
N09_M07_F10_KI03_12,KI03,6203_PU_2905,inner_race,N09_M07_F10,0.0,0.0,normal,0.9394314517260576,1.0229786765383464e-05,1.2353142983238197,1.4078642786615252e-05,1.1119289909189876,2.72683751973867e-05,-0.7537826648678934,-0.5472536705566202,0,0.7877394595695454,-0.08185754821008348,0,-0.15629775382118313,-0.06401828806064822,0,normal,normal
N09_M07_F10_KI03_13,KI03,6203_PU_2905,inner_race,N09_M07_F10,0.0,0.0,normal,1.0781759122654708,1.301923160315546e-05,0.8726704984829413,7.48967042528204e-06,1.383096066873088,4.664157824639173e-05,-0.3375461180205169,-0.42287320461245603,0,-0.8690789440230169,-0.5048360273847871,0,1.0236656101175488,0.6020213113351321,0,normal,normal
N09_M07_F10_KI03_14,KI03,6203_PU_2905,inner_race,N09_M07_F10,0.0,0.0,normal,1.177090589453544,1.3207803715381412e-05,0.9183859058691448,6.848873130300698e-06,0.9683856594380374,2.2353481625268724e-05,-0.04079982987886697,-0.41446483357563246,0,-0.6602179947432343,-0.5459719512324975,0,-0.780915885241769,-0.23298950761406498,0,normal,normal
N09_M07_F10_KI03_15,KI03,6203_PU_2905,inner_race,N09_M07_F10,0.0,0.0,normal,1.1089580915448836,1.4598171157203915e-05,1.1380654530702585,1.3513091871617174e-05,1.3250255599300313,4.4189896925037015e-05,-0.24519887793693962,-0.3524687876579057,0,0.3434366020136641,-0.11816303756462469,0,0.7709761179398368,0.5177339149252196,0,normal,normal
N09_M07_F10_KI03_16,KI03,6203_PU_2905,inner_race,N09_M07_F10,0.0,0.0,normal,0.9303107058090951,9.956672768127216e-06,1.3604051235526973,1.9260932342875923e-05,0.9642566504396092,2.4370441799905517e-05,-0.7811451106937597,-0.5594317375951274,0,1.3592445603067538,0.2508190567205464,0,-0.7988829608182428,-0.16364757467121455,0,normal,normal
N09_M07_F10_KI03_17,KI03,6203_PU_2905,inner_race,N09_M07_F10,0.0,0.0,normal,1.084118724868242,1.4314716382879655e-05,1.278021247544613,1.7593428108685027e-05,1.0037435574111617,3.545765072480374e-05,-0.3197175446366025,-0.36510794668594704,0,0.9828556023558023,0.14377377464673752,0,-0.6270586218281526,0.21752430341612056,0,normal,normal
N09_M07_F10_KI03_18,KI03,6203_PU_2905,inner_race,N09_M07_F10,0.0,0.0,normal,1.249589507048794,1.7231553891975558e-05,1.2187903210531434,1.4294868580213115e-05,1.1338067975576753,3.507690196749203e-05,0.1766985768517356,-0.23504708168797142,0,0.7122460148874242,-0.06797695313108669,0,-0.06109810531607939,0.20443437971332024,0,normal,normal
N09_M07_F10_KI03_19,KI03,6203_PU_2905,inner_race,N09_M07_F10,0.0,0.0,normal,0.9902688260177215,1.2474300031897577e-05,1.1368330982817334,1.4484311842527331e-05,1.0094085967021398,2.8478125620294753e-05,-0.6012693822209171,-0.4471715315852446,0,0.3378063166088681,-0.05581566020264771,0,-0.6024076246703745,-0.022427762993398864,0,normal,normal
N09_M07_F10_KI03_2,KI03,6203_PU_2905,inner_race,N09_M07_F10,0.0,0.0,normal,1.2031868569097464,1.9013873378832193e-05,1.0167729034870978,1.0955883185146203e-05,0.9392836415205829,2.5728430572113166e-05,0.03748956783362492,-0.15557401764499926,0,-0.210715236391464,-0.2823228157241696,0,-0.9075511518517076,-0.11696070025311969,0,normal,normal
N09_M07_F10_KI03_20,KI03,6203_PU_2905,inner_race,N09_M07_F10,0.0,0.0,normal,1.4448306205441304,2.389529669223666e-05,1.2833161451291273,1.600438500377246e-05,0.960720131977608,2.288170912265384e-05,0.7624263714461015,0.06208710903169939,0,1.0070465130152708,0.04176529760359387,0,-0.8142718578898058,-0.21482934948955254,0,normal,normal
N09_M07_F10_KI03_3,KI03,6203_PU_2905,inner_race,N09_M07_F10,0.0,0.0,normal,0.8352377993007227,7.977366484662882e-06,0.9419541226217691,7.927235025280112e-06,1.3447139897820326,4.5460952899635244e-05,-1.0663659991525598,-0.6476883807987772,0,-0.5525413840504824,-0.4767466078367557,0,0.8566488561846947,0.5614320896663602,0,normal,normal
N09_M07_F10_KI03_4,KI03,6203_PU_2905,inner_race,N09_M07_F10,0.0,0.0,normal,1.0187799290594692,1.1922227158586726e-05,0.44986385855004685,1.8701235629951587e-06,0.9535130384658029,2.4292486644436588e-05,-0.5157354226612442,-0.47178828696528047,0,-2.800764588474477,-0.8655823251549801,0,-0.8456329893047788,-0.16632762816510632,0,normal,normal
N09_M07_F10_KI03_5,KI03,6203_PU_2905,inner_race,N09_M07_F10,0.0,0.0,normal,0.999201244031301,1.2263402727114541e-05,0.8860845915449433,8.385404586631377e-06,1.2582073699796446,3.966489854303337e-05,-0.5744719244015943,-0.4565753759201747,0,-0.8077936931449374,-0.44733445467585115,0,0.48022173373317506,0.36216706818373334,0,normal,normal
N09_M07_F10_KI03_6,KI03,6203_PU_2905,inner_race,N09_M07_F10,0.0,0.0,normal,1.0403410116063685,1.0983806537638652e-05,1.0326602029387983,9.914731979211991e-06,1.285690917466773,3.7835797786964914e-05,-0.4510516831395269,-0.5136321666163876,0,-0.13813059513601375,-0.34915942233392233,0,0.5998143466334639,0.2992836342082183,0,normal,normal
N09_M07_F10_KI03_7,KI03,6203_PU_2905,inner_race,N09_M07_F10,0.0,0.3333333333333333,normal,0.8375718063204478,8.6657920736021e-06,1.1410619441343703,1.3358364044801555e-05,1.2232248738859777,4.675318033721525e-05,-1.0593639248468119,-0.6169917008140468,0,0.3571267341582079,-0.12809577628068675,0,0.32799800367885346,0.6058581271510716,0,normal,normal
N09_M07_F10_KI03_8,KI03,6203_PU_2905,inner_race,N09_M07_F10,0.3333333333333333,0.0,normal,0.9987491311592067,1.0505810012906635e-05,1.0318786792483776,8.486116501536035e-06,0.8988651494715001,1.9115424978138373e-05,-0.5758282733320966,-0.5349458809658516,0,-0.1417011589611799,-0.4408692624933596,0,-1.0834292140233825,-0.3443120362955731,0,normal,normal
N09_M07_F10_KI03_9,KI03,6203_PU_2905,inner_race,N09_M07_F10,0.0,0.0,normal,1.081659911675913,1.4081438541573928e-05,0.7816703585975657,6.02020817318695e-06,0.9183607740534147,2.416619633516986e-05,-0.32709404030741246,-0.3755097320889631,0,-1.2848332091110821,-0.5991680224988251,0,-0.9985954535721087,-0.17066941649916811,0,normal,normal
N09_M07_F10_KI04_1,KI04,6203_PU_2905,inner_race,N09_M07_F10,0.0,0.0,normal,1.0633121547151225,3.080252472085459e-05,1.2397521703402077,4.7406366338943054e-05,0.9947530583256464,4.7808282589094994e-05,-0.3821377297640077,0.37007822932511747,0,0.8080148593771977,2.057612622471616,1,-0.6661801099627533,0.6421319368760804,0,inner_race,normal
N09_M07_F10_KI04_10,KI04,6203_PU_2905,inner_race,N09_M07_F10,0.0,0.0,normal,0.9781186985501451,3.596272356976903e-05,1.0681281773936322,4.077016257673415e-05,1.1524694335337546,0.00010861158623814731,-0.6377200418090367,0.6001698692462577,0,0.023912690426028657,1.6316021278298372,0,0.02011096716743257,2.7325146114351364,1,normal,normal
N09_M07_F10_KI04_11,KI04,6203_PU_2905,inner_race,N09_M07_F10,0.0,0.0,normal,1.1085177907064296,4.024299819232275e-05,1.1997968475410608,4.645332178335284e-05,1.083207305066391,7.549088609666047e-05,-0.24651979049704867,0.791025965309961,0,0.6254701304609583,1.9964320142367202,0,-0.28127803373672045,1.5938439539221236,0,normal,normal
N09_M07_F10_KI04_12,KI04,6203_PU_2905,inner_race,N09_M07_F10,0.0,0.0,normal,1.0087648708067607,3.844818340012039e-05,1.1026834050975658,4.015704303362484e-05,1.044518586290566,7.809721136129356e-05,-0.5457808258966298,0.7109957395407662,0,0.18178589058919095,1.592242974736624,0,-0.44962911615547774,1.6834479203266608,0,normal,normal
N09_M07_F10_KI04_13,KI04,6203_PU_2905,inner_race,N09_M07_F10,0.0,0.0,normal,0.6646474747295691,1.6399681365992518e-05,1.1049184649341488,4.1079642259573925e-05,1.1371410592196498,9.082025768068593e-05,-1.5781408646067336,-0.27214001537385946,0,0.19199725576903454,1.6514691478148096,0,-0.046589313667710915,2.1208589489638308,1,normal,normal
N09_M07_F10_KI04_14,KI04,6203_PU_2905,inner_race,N09_M07_F10,0.0,0.0,normal,1.4949272742951587,7.643090090160149e-05,0.9324022605516747,2.8935120173744647e-05,0.9937821675580231,6.788527734177034e-05,0.912717475572837,2.4046331388855084,1,-0.5961811784527421,0.871852661287573,0,-0.6704048689315592,1.3323674910236343,0,outer_race,inner_race
N09_M07_F10_KI04_15,KI04,6203_PU_2905,inner_race,N09_M07_F10,0.0,0.0,normal,1.0682174795327954,3.8818476192106736e-05,0.973664372415278,3.225059123734798e-05,1.0584756631237526,5.9699462979747936e-05,-0.367421643403984,0.7275069784006873,0,-0.407666094679878,1.0846890235191666,0,-0.3888959343232337,1.0509438924262082,0,normal,normal
N09_M07_F10_KI04_16,KI04,6203_PU_2905,inner_race,N09_M07_F10,0.0,0.0,normal,0.9543283851825859,3.3027292551886464e-05,0.8774111372456997,2.7430946979704e-05,1.3114070070921804,0.00011552238125069109,-0.7090915246490082,0.46927992555308584,0,-0.8474202873732443,0.7752924004243853,0,0.7117159980967922,2.970103776738259,1,normal,normal
N09_M07_F10_KI04_17,KI04,6203_PU_2905,inner_race,N09_M07_F10,0.0,0.0,normal,0.9714555716054295,3.171761868177818e-05,0.7931075350396205,2.132966375177806e-05,1.2887682023647336,8.240047583002371e-05,-0.6577095746515842,0.41088198055945907,0,-1.23257993903547,0.3836210806436388,0,0.6132049230049479,1.831391682418925,0,normal,normal
N09_M07_F10_KI04_18,KI04,6203_PU_2905,inner_race,N09_M07_F10,0.0,0.0,normal,1.0092662298153303,3.0232136107292782e-05,0.6615531424266837,1.3090574495173047e-05,0.9445749228834497,5.3620213816076374e-05,-0.5442767374332308,0.3446447808613259,0,-1.8336152768799134,-0.1452865019703945,0,-0.8845265345212044,0.8419427960480391,0,normal,normal
N09_M07_F10_KI04_19,KI04,6203_PU_2905,inner_race,N09_M07_F10,0.0,0.0,normal,1.0106639044135646,3.581743890020299e-05,1.1366334219331113,4.9481389772964206e-05,1.2464434736084944,0.00011803267555908006,-0.540083681752856,0.5936916716312796,0,0.3368940510488217,2.1908185623727725,1,0.42903201357157783,3.056406253994892,1,inner_race,normal
N09_M07_F10_KI04_2,KI04,6203_PU_2905,inner_race,N09_M07_F10,0.0,0.0,normal,1.0963247762035373,3.7046789764834934e-05,0.9110649473008688,2.7433457848969136e-05,0.9964094106786748,6.0600892443816054e-05,-0.2830991121695141,0.6485080391325324,0,-0.6936654131002571,0.7754535854476229,0,-0.6589726158837964,1.0819345199240353,0,normal,normal
N09_M07_F10_KI04_20,KI04,6203_PU_2905,inner_race,N09_M07_F10,0.0,0.0,normal,0.9047038560294374,2.7558630147262593e-05,0.9631673500054092,2.935169492260156e-05,1.4630337408215035,0.00011492713278181262,-0.8579662442113497,0.2254339929259541,0,-0.4556240631305323,0.8985946392579327,0,1.3715084532272175,2.9496394760880302,1,normal,normal
N09_M07_F10_KI04_3,KI04,6203_PU_2905,inner_race,N09_M07_F10,0.0,0.0,normal,0.9683603664079931,3.167338066454077e-05,1.0344472503600641,3.711222506257043e-05,0.9765894218182508,5.8719815589580835e-05,-0.6669952608559644,0.4089094213168715,0,-0.12996607376009353,1.3967811630710776,0,-0.7452178233695781,1.0172641775310747,0,normal,normal
N09_M07_F10_KI04_4,KI04,6203_PU_2905,inner_race,N09_M07_F10,0.0,0.0,normal,0.9029318714599396,2.5642490414278803e-05,1.211984790975583,3.98516056773848e-05,1.0466424322679828,6.298873835924515e-05,-0.863282238344788,0.13999392629498572,0,0.6811534455848403,1.5726354515386645,0,-0.44038735833815057,1.1640272917237364,0,normal,normal
N09_M07_F10_KI04_5,KI04,6203_PU_2905,inner_race,N09_M07_F10,0.0,0.0,normal,1.4932657840435641,6.719437061686345e-05,1.4269806981866664,5.8025980397148496e-05,1.0709104225954964,7.050192598767439e-05,0.9077329669138563,1.9927791653039,0,1.663409797191293,2.7393377773868437,1,-0.33478700327243255,1.4223263693500015,0,inner_race,normal
N09_M07_F10_KI04_6,KI04,6203_PU_2905,inner_race,N09_M07_F10,0.0,0.0,normal,1.3267243638865627,5.526995612005818e-05,0.8509694854301911,2.6078186414461477e-05,1.1533121570648026,8.37573017541043e-05,0.408104907071306,1.4610732820613306,0,-0.9682248216532843,0.688452059443198,0,0.02377801593825757,1.878038578785959,0,normal,normal
N09_M07_F10_KI04_7,KI04,6203_PU_2905,inner_race,N09_M07_F10,0.0,0.0,normal,0.9245016395405758,2.4264172587182166e-05,0.9652310376141794,2.9781116462823846e-05,0.9779690230948747,5.307407483031745e-05,-0.7985724420237135,0.07853516889924597,0,-0.44619564987494476,0.9261613158271039,0,-0.7392145910172302,0.8231668512355487,0,normal,normal
N09_M07_F10_KI04_8,KI04,6203_PU_2905,inner_race,N09_M07_F10,0.0,0.0,normal,1.0697955896597735,4.248445012649846e-05,0.9600901844511789,3.061889274107366e-05,1.077822868102119,8.080321282954378e-05,-0.36268727702103476,0.8909716004374519,0,-0.4696827745255346,0.9799422875219146,0,-0.30470801073862624,1.7764786973911861,0,normal,normal
N09_M07_F10_KI04_9,KI04,6203_PU_2905,inner_race,N09_M07_F10,0.0,0.0,normal,1.1476319452970507,4.5369217510005814e-05,1.0241838173726154,3.3333483947431466e-05,1.203024584203222,9.579512469635071e-05,-0.12917643439938534,1.0196024686455367,0,-0.17685683727267895,1.1542052221768595,0,0.24009794544820035,2.2918920210778833,1,normal,normal
N09_M07_F10_KI05_1,KI05,6203_PU_2905,inner_race,N09_M07_F10,0.0,0.0,normal,1.1940573690753231,7.708729226497936e-05,0.9124906147265888,4.400021457134131e-05,0.9471662057166373,7.137165941341496e-05,0.010100896055943479,2.433901422851244,1,-0.6871519361584987,1.8389550207258258,0,-0.8732507599899249,1.4522273052456338,0,outer_race,normal
N09_M07_F10_KI05_10,KI05,6203_PU_2905,inner_race,N09_M07_F10,0.0,0.0,normal,1.043196702833392,5.372416527409749e-05,1.223890362757735,8.235505781941783e-05,0.9829273534869284,8.710935039375566e-05,-0.4424845443105073,1.3921469555502881,0,0.7355466833642179,4.301140681309313,1,-0.7176387850741898,1.9932800867318132,0,inner_race,normal
N09_M07_F10_KI05_11,KI05,6203_PU_2905,inner_race,N09_M07_F10,0.0,0.0,normal,1.0139022843203878,5.659061770193222e-05,0.8165935788929684,3.477596502959992e-05,1.0283480824456301,9.970101531415322e-05,-0.5303684681540176,1.5199611656587177,0,-1.12527875340681,1.2468051635507882,0,-0.5199938610136785,2.4261742982926737,1,normal,normal
N09_M07_F10_KI05_12,KI05,6203_PU_2905,inner_race,N09_M07_F10,0.0,0.0,normal,0.9571000709005599,5.464452640038513e-05,0.6022226617306795,1.9034636801926706e-05,0.8162958788350175,6.644766265512149e-05,-0.7007764042635858,1.4331855680277394,0,-2.1046796997495867,0.2362920351296789,0,-1.442723254405641,1.282943123377301,0,normal,normal
N09_M07_F10_KI05_13,KI05,6203_PU_2905,inner_race,N09_M07_F10,0.0,0.3333333333333333,normal,1.0645689402828629,6.969790920263527e-05,1.0442350506595268,6.921178480549483e-05,1.1211095053214493,0.0001351921352617026,-0.3783673443892687,2.1044111616032817,1,-0.08524834337574906,3.4574094701372267,1,-0.11634942816659558,3.646338627969041,1,inner_race,normal
N09_M07_F10_KI05_14,KI05,6203_PU_2905,inner_race,N09_M07_F10,0.0,0.0,normal,0.7686437134651488,2.874962031915595e-05,0.8836600955829781,3.9642110708754024e-05,1.0140034329066274,9.922681956394851e-05,-1.2661497758950047,0.27853986923119634,0,-0.81887053916018,1.5591869411539179,0,-0.5824135366509556,2.409871720618625,1,normal,normal
N09_M07_F10_KI05_15,KI05,6203_PU_2905,inner_race,N09_M07_F10,0.0,0.0,normal,0.8666488218214957,3.968909681444724e-05,0.8082748231466514,3.482219339057734e-05,1.1723308243570765,0.00011097623520797032,-0.9721322149988664,0.7663276774878227,0,-1.1632848288492603,1.2497727889631696,0,0.10653633221564207,2.813809885561396,1,normal,normal
N09_M07_F10_KI05_16,KI05,6203_PU_2905,inner_race,N09_M07_F10,0.0,0.0,normal,0.9744377721293402,5.782623515715973e-05,1.0992801067548958,6.351450639262685e-05,1.1043225212250773,0.0001293838814325114,-0.6487629050457989,1.575056958459085,0,0.1662371694211308,3.091673202574228,1,-0.18939674099042023,3.4466541956220524,1,inner_race,normal
N09_M07_F10_KI05_17,KI05,6203_PU_2905,inner_race,N09_M07_F10,0.0,0.0,normal,1.301037466319362,8.131130654698081e-05,1.0856313014895986,6.159216259121018e-05,1.3687648814095608,0.00017732510311864482,0.33104362836492734,2.6222488880657857,1,0.10387958393223526,2.9682685177487453,1,0.9613045224033607,5.0,1,outer_race,normal
N09_M07_F10_KI05_18,KI05,6203_PU_2905,inner_race,N09_M07_F10,0.0,0.3333333333333333,normal,1.222191208448269,8.286389814891037e-05,1.1410912075734596,6.326657201454813e-05,1.2250098770759836,0.00017105417577849795,0.09450305600255371,2.6914784581415425,1,0.3572604306517279,3.0757570778094183,1,0.3357653123069751,4.879254993884502,1,inner_race,normal
N09_M07_F10_KI05_19,KI05,6203_PU_2905,inner_race,N09_M07_F10,0.0,0.0,normal,0.9606030118338628,5.8456405651373065e-05,1.4830670282077574,0.00011878284356261687,1.2482990151234064,0.00018122301899872948,-0.690267501549779,1.6031560621348988,0,1.9196526002109042,5.0,1,0.4371062644744938,5.0,1,inner_race,normal
N09_M07_F10_KI05_2,KI05,6203_PU_2905,inner_race,N09_M07_F10,0.0,0.0,normal,1.0681064125360622,5.4916510171551517e-05,0.8259517366739363,3.350787298308515e-05,1.0092179449009504,0.0001038012541001244,-0.3677548469279966,1.4453132386412035,0,-1.0825239398899822,1.1654001103992488,0,-0.6032372318042083,2.5671381539611113,1,normal,normal
N09_M07_F10_KI05_20,KI05,6203_PU_2905,inner_race,N09_M07_F10,0.0,0.0,normal,0.9695490166169941,6.329016132185374e-05,1.0901064868678145,6.900541232686328e-05,0.8234600918850784,7.80987488951141e-05,-0.6634292831118406,1.8186917036408434,0,0.12432545808579812,3.4441614077129032,1,-1.4115487141308678,1.6835007798567707,0,inner_race,normal
N09_M07_F10_KI05_3,KI05,6203_PU_2905,inner_race,N09_M07_F10,0.0,0.0,normal,0.9061792142009589,5.7655235045436554e-05,1.2498558418596033,0.00011201998959646876,1.3353772290239783,0.0002195883245153192,-0.8535401360388887,1.5674321173851096,0,0.8541757172893801,5.0,1,0.8160206361340062,5.0,1,inner_race,normal
N09_M07_F10_KI05_4,KI05,6203_PU_2905,inner_race,N09_M07_F10,0.0,0.0,normal,0.611365429098152,2.0064910077340548e-05,1.0627962195913028,5.6795211829634983e-05,0.7919267738127692,5.924011832350557e-05,-1.737988217044169,-0.1087086225976817,0,-0.0004475380349420831,2.660328701562225,1,-1.5487636025454556,1.0351518868371288,0,inner_race,normal
N09_M07_F10_KI05_5,KI05,6203_PU_2905,inner_race,N09_M07_F10,0.0,0.0,normal,1.0604714787234182,6.105022769356872e-05,0.90793464377568,4.489709467433388e-05,0.8964792706487048,8.862669891378464e-05,-0.39065982254452186,1.7188137692943724,0,-0.7079668970678287,1.8965301570539266,0,-1.0938111882796238,2.0454456577975533,1,normal,normal
N09_M07_F10_KI05_6,KI05,6203_PU_2905,inner_race,N09_M07_F10,0.0,0.3333333333333333,normal,0.6972660258812349,2.3614530750606772e-05,1.262664853388155,6.435321410187867e-05,1.3716331567229867,0.00016490509711826004,-1.4802844670125606,0.0495678442058459,0,0.9126965193591956,3.145513967397174,1,0.9737856091120781,4.667853199500876,1,inner_race,normal
N09_M07_F10_KI05_7,KI05,6203_PU_2905,inner_race,N09_M07_F10,0.0,0.0,normal,1.02117887054049,5.211131784381955e-05,0.9116032321509765,4.193783240174319e-05,1.4602498926562648,0.00017470996055743312,-0.5085385434902348,1.3202305970841182,0,-0.6912061397129147,1.7065605856401809,0,1.3593947449748716,5.0,1,normal,normal
N09_M07_F10_KI05_8,KI05,6203_PU_2905,inner_race,N09_M07_F10,0.0,0.0,normal,0.8285186250964285,3.992947148186558e-05,0.7277127365729259,3.080413105191335e-05,1.0722230366644447,0.00011551911878110868,-1.0865236750524703,0.7770459081299267,0,-1.5313505388537687,0.9918336439743506,0,-0.32907526077235205,2.969991614906877,1,normal,normal
N09_M07_F10_KI05_9,KI05,6203_PU_2905,inner_race,N09_M07_F10,0.0,0.3333333333333333,normal,1.202163579507462,6.938174005278169e-05,0.5565948840153655,1.7580950625461966e-05,0.8543975785578851,6.97690883326418e-05,0.034419712282363055,2.0903132788835905,1,-2.3131402934973178,0.14297278375040443,0,-1.2769265417383986,1.3971318314645833,0,outer_race,normal
N09_M07_F10_KI07_1,KI07,6203_PU_2905,inner_race,N09_M07_F10,0.0,0.0,normal,0.9651168263152943,4.652691810647724e-05,1.0640771611786177,5.016186084575253e-05,0.9549225208619277,6.190583011401652e-05,-0.6767259551301509,1.0712239732772488,0,0.0054047269058116465,2.234501340764659,1,-0.8394997314832231,1.1267975279097704,0,inner_race,normal
N09_M07_F10_KI07_10,KI07,6203_PU_2905,inner_race,N09_M07_F10,0.0,0.0,normal,0.9689035281780382,4.270279429452025e-05,0.82230507775302,3.146461470611927e-05,0.9635543875268952,7.473877429325331e-05,-0.665365763154477,0.9007074980565757,0,-1.0991845076825384,1.0342333318551542,0,-0.8019388056546407,1.5679867818801534,0,normal,normal
N09_M07_F10_KI07_11,KI07,6203_PU_2905,inner_race,N09_M07_F10,0.0,0.0,normal,1.082875312517996,4.459311446242378e-05,1.2286225144685485,5.9607323308627246e-05,1.0461722468031602,7.480998211028593e-05,-0.3234478100537705,0.9849962784202293,0,0.7571665650401432,2.840851941215517,1,-0.4424333354199739,1.5704348657519989,0,inner_race,normal
N09_M07_F10_KI07_12,KI07,6203_PU_2905,inner_race,N09_M07_F10,0.0,0.0,normal,1.0196813209969704,5.182977029331625e-05,1.0194409996695515,4.629542321881664e-05,0.9023817986037312,8.054480821543156e-05,-0.5130312262849501,1.3076764805650012,0,-0.19852544889314205,1.9862957303021678,0,-1.068126776862604,1.767594895098402,0,normal,normal
N09_M07_F10_KI07_13,KI07,6203_PU_2905,inner_race,N09_M07_F10,0.0,0.0,normal,0.9932832854809414,3.68068135131478e-05,1.378446413300589,6.753645396409945e-05,1.431281361477114,9.945143986892753e-05,-0.5922259350612692,0.6378075737222825,0,1.441670182617044,3.349861759728481,1,1.2333403359790662,2.4175940377577136,1,inner_race,normal
N09_M07_F10_KI07_14,KI07,6203_PU_2905,inner_race,N09_M07_F10,0.0,0.0,normal,0.586516552955214,1.416641175748365e-05,0.9057299725310928,3.2242225668023596e-05,1.1058215800604843,7.891495212249984e-05,-1.812535412359664,-0.3717208031793428,0,-0.7180394252442547,1.084151996560149,0,-0.1828736979552539,1.7115613782626424,0,normal,normal
N09_M07_F10_KI07_15,KI07,6203_PU_2905,inner_race,N09_M07_F10,0.0,0.0,normal,1.21932408673357,5.7375919185405096e-05,1.0310556748722395,4.102974184097138e-05,1.2751960035137488,0.00010648409849002278,0.08590162544973964,1.5549775112405921,0,-0.14546123647311085,1.6482657949984358,0,0.5541465090883408,2.6593728039655105,1,normal,normal
N09_M07_F10_KI07_16,KI07,6203_PU_2905,inner_race,N09_M07_F10,0.0,0.0,normal,1.0724857357648396,4.9607852015732877e-05,0.9179629256830423,3.239534610132221e-05,0.903663110152042,7.356388811448676e-05,-0.35461677733452973,1.2086018450269802,0,-0.6621504732717441,1.0939815487961388,0,-1.0625512449530654,1.5275948695122348,0,normal,normal
N09_M07_F10_KI07_17,KI07,6203_PU_2905,inner_race,N09_M07_F10,0.0,0.0,normal,1.210504782306881,5.801690810228651e-05,0.8920137023230957,3.24823316118198e-05,1.1963874813961493,9.602947965786807e-05,0.05944351097159109,1.5835590049726693,0,-0.7807052392447404,1.0995655757009146,0,0.2112170861938628,2.2999490101204594,1,normal,normal
N09_M07_F10_KI07_18,KI07,6203_PU_2905,inner_race,N09_M07_F10,0.0,0.0,normal,1.1285130001342538,5.318914825159952e-05,0.8696707960873039,3.1352222119946616e-05,1.4700193369752932,0.00015117339977939855,-0.18653370605540426,1.368290715181144,0,-0.8827837478458687,1.0270183000470376,0,1.4019057553618555,4.195765327843064,1,normal,normal
N09_M07_F10_KI07_19,KI07,6203_PU_2905,inner_race,N09_M07_F10,0.0,0.0,normal,1.262237202955317,6.327339742742959e-05,1.0652110112803235,4.4112345271632906e-05,1.2719129147371584,0.00010502866254186272,0.21464195310790996,1.8179442068732858,0,0.01058497186311043,1.8461532407937176,0,0.5398603924449217,2.6093357515789393,1,normal,normal
N09_M07_F10_KI07_2,KI07,6203_PU_2905,inner_race,N09_M07_F10,0.0,0.0,normal,1.0554291068344739,4.190333117334068e-05,0.9602285553992548,3.468483629081978e-05,1.4623803021204087,0.00011217116669022803,-0.40578705324486575,0.865059689513814,0,-0.469050596246476,1.2409551624846837,0,1.3686650633165556,2.854890943956085,1,normal,normal
N09_M07_F10_KI07_20,KI07,6203_PU_2905,inner_race,N09_M07_F10,0.0,0.0,normal,0.8770479138587546,2.8657387135517613e-05,1.0029122377293285,3.589122202871663e-05,1.17426251803819,9.784977832932023e-05,-0.9409347016487237,0.2744272206492609,0,-0.27404075339628786,1.318398984788169,0,0.11494195360624102,2.3625298334798126,1,normal,normal
N09_M07_F10_KI07_3,KI07,6203_PU_2905,inner_race,N09_M07_F10,0.0,0.0,normal,1.0567684857253086,4.111607845282444e-05,1.0267546393978608,4.1861949208455697e-05,0.859877220230088,4.559598452973241e-05,-0.40176888601661137,0.8299563388873032,0,-0.16511146827517614,1.7016892709750864,0,-1.25308228853044,0.566074399592508,0,normal,normal
N09_M07_F10_KI07_4,KI07,6203_PU_2905,inner_race,N09_M07_F10,0.0,0.0,normal,0.8877909096641697,2.856728849317009e-05,0.711208241877302,1.9886024114129773e-05,0.9756623683659484,5.836154580213787e-05,-0.9087054691485074,0.2704097505905691,0,-1.6067549730829047,0.29094676590645596,0,-0.7492518275210072,1.004947067908029,0,normal,normal
N09_M07_F10_KI07_5,KI07,6203_PU_2905,inner_race,N09_M07_F10,0.0,0.0,normal,0.9536476314423982,3.1707826757541314e-05,0.896940268235657,2.909936860600989e-05,0.778514808649979,3.2974806743059055e-05,-0.7111338013998604,0.4104453617446399,0,-0.758197133290565,0.8823965744012598,0,-1.6071247714846881,0.132165552631315,0,normal,normal
N09_M07_F10_KI07_6,KI07,6203_PU_2905,inner_race,N09_M07_F10,0.0,0.0,normal,0.8523602414949443,4.2032094234326946e-05,1.1729284547809442,7.292444699372611e-05,1.288826126657267,0.00019333861999466461,-1.014998281949234,0.8708011938106549,0,0.5027159357954296,3.6957434803514913,1,0.613456976255996,5.0,1,inner_race,normal
N09_M07_F10_KI07_7,KI07,6203_PU_2905,inner_race,N09_M07_F10,0.0,0.0,normal,0.7773559282121291,2.841133267680973e-05,0.6660969039235366,2.1813538993318865e-05,0.9521528731126142,7.808315649915491e-05,-1.2400129328990588,0.2634557299041096,0,-1.8128560975617387,0.41468340759742944,0,-0.8515516476817756,1.682964722234703,0,normal,normal
N09_M07_F10_KI07_8,KI07,6203_PU_2905,inner_race,N09_M07_F10,0.0,0.0,normal,0.878015722006435,3.112964451082546e-05,1.0288496673864358,4.11915935031112e-05,1.03692327570414,8.510802214222921e-05,-0.9380312551267143,0.3846643976354512,0,-0.15553986956306368,1.6586558476727418,0,-0.48267954529841545,1.924475570331796,0,normal,normal
N09_M07_F10_KI07_9,KI07,6203_PU_2905,inner_race,N09_M07_F10,0.0,0.0,normal,1.2618555788145163,7.05816632286737e-05,0.6932985365479174,1.964130154147183e-05,0.9761160342087816,8.566561783817847e-05,0.2134970719793737,2.1438174750210046,1,-1.6885794228754125,0.27523682269740096,0,-0.7472777343456835,1.9436453902637627,0,outer_race,normal
N09_M07_F10_KI08_1,KI08,6203_PU_2905,inner_race,N09_M07_F10,0.0,0.0,normal,0.8647692426358567,2.7416011673101216e-05,0.9523007248944131,3.349306599229864e-05,1.0803449111889023,8.083745753024733e-05,-0.9777709954353244,0.21907468012355205,0,-0.5052706432643697,1.16444957697756,0,-0.29373352781436785,1.7776560105427763,0,normal,normal
N09_M07_F10_KI08_10,KI08,6203_PU_2905,inner_race,N09_M07_F10,0.0,0.0,normal,0.9802914673310629,3.292936256752405e-05,0.7696518687255353,2.0452458200508033e-05,1.2096160851725077,8.411073976232555e-05,-0.6312016858980987,0.46491325842277936,0,-1.3397423381575684,0.32730895036711605,0,0.26878037169688124,1.8901895746131057,0,normal,normal
N09_M07_F10_KI08_11,KI08,6203_PU_2905,inner_race,N09_M07_F10,0.0,0.0,normal,1.02510792970187,3.7363320720488146e-05,1.1947967537290087,5.494320538587762e-05,0.968013886726015,5.396312685162979e-05,-0.4967512763710028,0.6626220546587702,0,0.6026260960361811,2.5414393169900102,1,-0.7825336265488773,0.8537319493568575,0,inner_race,normal
N09_M07_F10_KI08_12,KI08,6203_PU_2905,inner_race,N09_M07_F10,0.0,0.3333333333333333,normal,1.105262998860213,5.16703573859184e-05,1.0250834399723345,4.2148045330581435e-05,1.3714978542354497,0.00013543031744255073,-0.2562842402884793,1.3005683092790274,0,-0.17274671246106932,1.7200551854148973,0,0.9731968504001964,3.654527194615146,1,normal,normal
N09_M07_F10_KI08_13,KI08,6203_PU_2905,inner_race,N09_M07_F10,0.0,0.0,normal,1.2340244349033433,5.66891108671462e-05,0.9774655944423962,3.5755384162902504e-05,1.1782242958292044,9.439108977732811e-05,0.13000300532358655,1.5243529448456528,0,-0.3902993711527303,1.3096788853939787,0,0.13218133502087245,2.243622106565655,1,normal,normal
N09_M07_F10_KI08_14,KI08,6203_PU_2905,inner_race,N09_M07_F10,0.0,0.0,normal,1.0567924263930004,3.834662426109874e-05,0.8290715397943698,2.532207799529576e-05,1.025944252217607,6.253017610882515e-05,-0.40169706346736844,0.7064672495482951,0,-1.0682704293438547,0.6399137485061657,0,-0.5304539494746977,1.1482621847976802,0,normal,normal
N09_M07_F10_KI08_15,KI08,6203_PU_2905,inner_race,N09_M07_F10,0.0,0.0,normal,0.5447222454637037,1.001787379777964e-05,1.0317884315468313,3.726854333508238e-05,1.1541539679287043,7.466899584905961e-05,-1.937919288303323,-0.5567028029765417,0,-0.14211347554530313,1.406816000303411,0,0.027441093305871765,1.565587839025961,0,normal,normal
N09_M07_F10_KI08_16,KI08,6203_PU_2905,inner_race,N09_M07_F10,0.0,0.0,normal,1.0729836589707626,4.415320362017391e-05,0.5869744043748159,1.5191437644494484e-05,1.1915924972732725,8.950312078537561e-05,-0.35312299635745287,0.9653807926461384,0,-2.1743447358566312,-0.010421783904654064,0,0.1903520693928552,2.0755765386219367,1,normal,normal
N09_M07_F10_KI08_17,KI08,6203_PU_2905,inner_race,N09_M07_F10,0.0,0.0,normal,1.1230247718993673,4.677868017790563e-05,0.990421256856898,3.903701265688039e-05,1.5423825564479898,0.0001464069966090316,-0.20299851596506183,1.0824499646742836,0,-0.331108562076448,1.5203427269582315,0,1.7167889231432305,4.0318991230590795,1,normal,normal
N09_M07_F10_KI08_18,KI08,6203_PU_2905,inner_race,N09_M07_F10,0.0,0.0,normal,0.9652530401491688,3.269548449774399e-05,0.9333126779141745,3.1017596274126304e-05,1.0461500847577598,5.790001250968687e-05,-0.6763173105210303,0.45448470902131494,0,-0.5920217353799482,1.005537024425328,0,-0.44252977191231135,0.9890798182625103,0,normal,normal
N09_M07_F10_KI08_19,KI08,6203_PU_2905,inner_race,N09_M07_F10,0.0,0.0,normal,0.8262978833538581,2.0521044194955247e-05,1.393523701357095,5.467227264123964e-05,1.055321086737423,6.619340348865391e-05,-1.0931859509427913,-0.08836974608945809,0,1.5105541076675932,2.5240468141836363,1,-0.40262283885807953,1.2742018391947938,0,inner_race,normal
N09_M07_F10_KI08_2,KI08,6203_PU_2905,inner_race,N09_M07_F10,0.0,0.0,normal,0.7528024383199039,2.3484084173289623e-05,0.985974105163487,3.846381322645558e-05,1.0884650151514017,7.106895811077148e-05,-1.3136739627236589,0.04375127244653921,0,-0.35142635814091694,1.4835462418541663,0,-0.25839949932506545,1.4418206082302119,0,normal,normal
N09_M07_F10_KI08_20,KI08,6203_PU_2905,inner_race,N09_M07_F10,0.0,0.0,normal,0.7340998136579688,2.0532612579234272e-05,1.0470520208083172,3.3930219154292724e-05,0.8780521473666159,5.4622376911267333e-05,-1.3697822633794174,-0.08785391548138786,0,-0.07237839223654689,1.192512584300489,0,-1.173995444790646,0.8763965879564711,0,normal,normal
N09_M07_F10_KI08_3,KI08,6203_PU_2905,inner_race,N09_M07_F10,0.0,0.0,normal,0.9930103937912114,3.827453795692936e-05,1.0076447275293454,4.040440894588525e-05,1.0153835413194934,7.13219513436288e-05,-0.5930446163560391,0.7032529439705797,0,-0.25241932708506293,1.6081226068901269,0,-0.5764080975329666,1.4505183703419233,0,normal,normal
N09_M07_F10_KI08_4,KI08,6203_PU_2905,inner_race,N09_M07_F10,0.0,0.3333333333333333,normal,1.2207646560927807,5.983986753555596e-05,1.1804799549467928,4.683739970180993e-05,1.163325503291888,9.01679544051035e-05,0.09022336639161815,1.6648441914144516,0,0.537216634428634,2.021087861146464,1,0.06735034733882538,2.098433136812144,1,inner_race,normal
N09_M07_F10_KI08_5,KI08,6203_PU_2905,inner_race,N09_M07_F10,0.0,0.0,normal,0.8970902190708054,2.8006035028062034e-05,0.5396082198662551,1.0160749007512298e-05,1.0179946118520165,6.186522066559037e-05,-0.8808073287799857,0.24538363551647602,0,-2.390747625513586,-0.33336638166308724,0,-0.5650462182996678,1.1254013983852398,0,normal,normal
N09_M07_F10_KI08_6,KI08,6203_PU_2905,inner_race,N09_M07_F10,0.0,0.0,normal,1.4715833131686844,7.09155639729029e-05,1.0963751512804822,3.6259335948360784e-05,0.9840862385954748,5.650242596928236e-05,0.8426850596389205,2.1587060039440225,1,0.1529652378625676,1.3420300242516001,0,-0.7125959827122599,0.9410315953054006,0,outer_race,normal
N09_M07_F10_KI08_7,KI08,6203_PU_2905,inner_race,N09_M07_F10,0.0,0.0,normal,0.8052172286063167,2.551495999302877e-05,1.2209741498588045,5.192856611739997e-05,1.0097351851945409,6.81789804758961e-05,-1.1564283961062563,0.13430738501539388,0,0.7222233197720035,2.3479148243811188,1,-0.6009864991345351,1.342464836170928,0,inner_race,normal
N09_M07_F10_KI08_8,KI08,6203_PU_2905,inner_race,N09_M07_F10,0.0,0.0,normal,0.8020331977124447,1.9229181536660028e-05,1.3233784531243957,5.3311142847196127e-05,1.7302247145364615,0.00014160223849151436,-1.1659805614263568,-0.14597349476332228,0,1.190080027461344,2.4366692113236654,1,2.5341701039806175,3.8667142972102035,1,inner_race,normal
N09_M07_F10_KI08_9,KI08,6203_PU_2905,inner_race,N09_M07_F10,0.0,0.0,normal,1.0497893339687907,4.237119367173424e-05,0.9872010327131491,3.8226332992573466e-05,1.2497755011353529,0.00010027664497719935,-0.42270650050415753,0.8859215308235967,0,-0.34582086827718084,1.4683012199216137,0,0.4435310835471447,2.4459641156608067,1,normal,normal
N09_M07_F10_KI14_1,KI14,6203_PU_2905,inner_race,N09_M07_F10,0.0,0.0,normal,1.0529614100624578,2.4765901819483613e-05,0.8836830419108035,1.5610922029479708e-05,1.183938965639749,5.664191055440544e-05,-0.413190199857401,0.10090711719749824,0,-0.8187657037865912,0.01650697789131804,0,0.15704829569345308,0.945826995269065,0,normal,normal
N09_M07_F10_KI14_10,KI14,6203_PU_2905,inner_race,N09_M07_F10,0.0,0.0,normal,1.2278770202055478,2.9590429546211296e-05,1.0315048072845816,1.7964366893423818e-05,1.24377331234564,6.096653347853405e-05,0.11156062098693509,0.3160312876006047,0,-0.1434092757150754,0.16758615606701405,0,0.417413005419903,1.0945050487968404,0,normal,normal
N09_M07_F10_KI14_11,KI14,6203_PU_2905,inner_race,N09_M07_F10,0.0,0.0,normal,1.1865282016138887,2.7207282982111826e-05,1.1074222796879847,2.3095796518157527e-05,1.2372492472147314,6.917850255259838e-05,-0.012486778094065742,0.20976753359402533,0,0.2034364872274576,0.49699781233668905,0,0.3890240212066227,1.376827831379829,0,normal,normal
N09_M07_F10_KI14_12,KI14,6203_PU_2905,inner_race,N09_M07_F10,0.0,0.0,normal,0.8533593733734836,1.939277138811264e-05,1.1072648924220918,2.696227741010848e-05,1.104665556354048,6.775742042586344e-05,-1.012000863520048,-0.13867907485872774,0,0.20271742869471324,0.7452062001928722,0,-0.187904049138708,1.3279718436526138,0,normal,inner_race
N09_M07_F10_KI14_13,KI14,6203_PU_2905,inner_race,N09_M07_F10,0.0,0.0,normal,1.054684177928679,2.4614660503208614e-05,0.7565849274068923,1.0574283434526084e-05,0.956812452558922,4.7872942882844255e-05,-0.40802185695659116,0.0941633145835995,0,-1.399441549518389,-0.30681957687587136,0,-0.831275834260622,0.6443549206561313,0,normal,normal
N09_M07_F10_KI14_14,KI14,6203_PU_2905,inner_race,N09_M07_F10,0.0,0.0,normal,1.2013270298896035,3.6130839428363985e-05,1.1056508642991492,2.5832264340896936e-05,1.2272313027394088,6.226833264892378e-05,0.031910044344268695,0.6076661023825063,0,0.19534338424894937,0.6726651143829562,0,0.3454316808708295,1.1392601569607774,0,normal,normal
N09_M07_F10_KI14_15,KI14,6203_PU_2905,inner_race,N09_M07_F10,0.0,0.0,normal,0.9276384370422557,1.759121862990609e-05,0.771826142335938,9.63752689180156e-06,1.264406382261781,6.626097286851577e-05,-0.7891619779577423,-0.2190097444079065,0,-1.3298086882957987,-0.3669545776119193,0,0.5071962746496593,1.2765248356853987,0,normal,normal
N09_M07_F10_KI14_16,KI14,6203_PU_2905,inner_race,N09_M07_F10,0.0,0.0,normal,0.7325451795452165,1.3681121928279834e-05,1.0757292166097867,2.3631641435506375e-05,1.0242527310905525,5.1740593464080066e-05,-1.3744462011841225,-0.39335972367599126,0,0.05863971916684652,0.531396327884241,0,-0.5378144778582782,0.7773225273659291,0,normal,normal
N09_M07_F10_KI14_17,KI14,6203_PU_2905,inner_race,N09_M07_F10,0.0,0.0,normal,0.8926350983169452,1.6227048359531727e-05,1.2765142931662603,3.318887162541221e-05,1.3093427661214447,7.29551956496265e-05,-0.8941727926778981,-0.27983766670941534,0,0.9759707479931333,1.1449218473676728,0,0.7027336070331305,1.5066683719978455,0,normal,normal
N09_M07_F10_KI14_18,KI14,6203_PU_2905,inner_race,N09_M07_F10,0.0,0.0,normal,0.9608060021627169,1.8826607680622225e-05,0.9595727224554478,1.824024730129665e-05,1.1884683597846941,6.169372142230756e-05,-0.6896585259323224,-0.16392413609269696,0,-0.47204691409737676,0.18529627366303572,0,0.17675761745779034,1.1195053528524581,0,normal,normal
N09_M07_F10_KI14_19,KI14,6203_PU_2905,inner_race,N09_M07_F10,0.0,0.0,normal,1.0411447213928724,2.6573219046376135e-05,1.0181045491277367,2.0821455945181285e-05,1.217466814899733,7.187559480726407e-05,-0.448640535444684,0.1814948225881366,0,-0.20463131876915125,0.3509967268975987,0,0.30294223823512756,1.4695523147957636,0,normal,normal
N09_M07_F10_KI14_2,KI14,6203_PU_2905,inner_race,N09_M07_F10,0.0,0.0,normal,0.9297853544079314,1.7522461432693558e-05,0.9039490353279593,1.4074042134370526e-05,1.1139715813040796,5.109254125496577e-05,-0.7827211768822884,-0.2220756061559167,0,-0.7261760307372724,-0.08215288666090255,0,-0.14740957367076526,0.7550428644390389,0,normal,normal
N09_M07_F10_KI14_20,KI14,6203_PU_2905,inner_race,N09_M07_F10,0.0,0.0,normal,1.098883862550809,2.6260791068269697e-05,0.7665402247139449,1.1557890116882135e-05,0.8988457221365735,3.343846241134313e-05,-0.27542179474630735,0.16756375753724626,0,-1.353958572010439,-0.24367703570350926,0,-1.0835137506264774,0.14810576833959813,0,normal,normal
N09_M07_F10_KI14_3,KI14,6203_PU_2905,inner_race,N09_M07_F10,0.0,0.0,normal,1.1890673664165679,2.7299496483748174e-05,0.7323815649277299,1.0243532492162218e-05,1.0619432451114212,5.695327876854372e-05,-0.0048692257591144835,0.2138793045616968,0,-1.5100199639346659,-0.32805210342396585,0,-0.3738070091928267,0.9565316557263295,0,normal,normal
N09_M07_F10_KI14_4,KI14,6203_PU_2905,inner_race,N09_M07_F10,0.0,0.0,normal,1.2229380294409875,2.7108761493022964e-05,0.953352116330687,1.5985591757863448e-05,0.8788683731851354,3.1711055535843456e-05,0.09674353601821545,0.20537449145443845,0,-0.5004671289570453,0.040558866898253776,0,-1.1704436988452163,0.08871851159939645,0,normal,normal
N09_M07_F10_KI14_5,KI14,6203_PU_2905,inner_race,N09_M07_F10,0.0,0.0,normal,1.115333418040465,2.6044895557461624e-05,0.7775888334237818,1.1664241996023352e-05,1.1459589314482277,5.326679190729702e-05,-0.22607275300749352,0.15793704477134343,0,-1.3034805595569432,-0.23684978653177016,0,-0.008218998462572001,0.8297923537104629,0,normal,normal
N09_M07_F10_KI14_6,KI14,6203_PU_2905,inner_race,N09_M07_F10,0.3333333333333333,0.0,normal,0.9904989047997759,1.6776275346102398e-05,1.3016473532648125,2.6144327503025668e-05,1.1682039098408357,4.980721956275838e-05,-0.6005791406258809,-0.25534780852195865,0,1.0907966915999192,0.6926979805850162,0,0.08857837062263751,0.7108542425159087,0,normal,normal
N09_M07_F10_KI14_7,KI14,6203_PU_2905,inner_race,N09_M07_F10,0.0,0.0,normal,1.0563816426912183,2.2742787513268447e-05,0.9492688820751735,1.5684977191038727e-05,1.1325603998139988,5.966379214754563e-05,-0.40292942394407677,0.010697088069861806,0,-0.5191222877207764,0.02126094222649895,0,-0.06652171240134049,1.0497175496923794,0,normal,normal
N09_M07_F10_KI14_8,KI14,6203_PU_2905,inner_race,N09_M07_F10,0.0,0.0,normal,0.8380822411184176,1.4145101143789498e-05,0.9258074612347188,1.4398468010076674e-05,1.2557596427816506,6.352624744985134e-05,-1.057832608808163,-0.3726710367257971,0,-0.6263109776692917,-0.061326397189433356,0,0.4695706308720073,1.182506545694975,0,normal,normal
N09_M07_F10_KI14_9,KI14,6203_PU_2905,inner_race,N09_M07_F10,0.0,0.0,normal,1.2675157108610562,3.45923878056463e-05,0.9658360327319763,1.6011956831222754e-05,1.113649454040347,5.319600343485021e-05,0.23047759724569736,0.5390670295221804,0,-0.44343159587570546,0.042251370375471595,0,-0.14881128650184153,0.8273586866647477,0,normal,normal
N09_M07_F10_KI16_1,KI16,6203_PU_2855,inner_race,N09_M07_F10,0.3333333333333333,1.0,inner_race,1.96382389054184,6.142892619898985e-05,2.9701883241923444,0.00014187896523321038,1.4942064002053443,3.783418069252858e-05,2.319418021426308,1.7356998162664508,1,5.0,5.0,1,1.5071539621816274,0.2992280394298103,0,inner_race,inner_race
N09_M07_F10_KI16_10,KI16,6203_PU_2855,inner_race,N09_M07_F10,0.6666666666666666,1.0,inner_race,1.6643613139062774,4.4102427106131724e-05,2.6240271650544353,9.10314965650946e-05,1.3188251667611621,3.197237577085334e-05,1.4210234597681457,0.963116683892286,0,5.0,4.858123874445103,1,0.7439955681974335,0.09770255126489381,0,inner_race,inner_race
N09_M07_F10_KI16_11,KI16,6203_PU_2855,inner_race,N09_M07_F10,0.6666666666666666,1.0,inner_race,1.6141945491210052,3.777065372172089e-05,2.8494999485965518,0.0001165366882561184,1.3527234380989897,3.0215724300932952e-05,1.2705220209392096,0.6807849047720677,0,5.0,5.0,1,0.8915013748620351,0.03730988215673237,0,inner_race,inner_race
N09_M07_F10_KI16_12,KI16,6203_PU_2855,inner_race,N09_M07_F10,0.0,0.3333333333333333,normal,1.485151533454485,3.5099075887193174e-05,2.449922435591875,0.00010650959840007695,1.0663770394102745,2.338646597471245e-05,0.8833900300331929,0.5616600913450097,0,5.0,5.0,1,-0.3545136830488636,-0.19747609867774849,0,inner_race,normal
N09_M07_F10_KI16_13,KI16,6203_PU_2855,inner_race,N09_M07_F10,0.6666666666666666,1.0,inner_race,1.83909406558595,5.396083493268532e-05,2.4195626959995837,9.007367476106472e-05,0.9193520543253811,1.6818997350865747e-05,1.9452257010506113,1.402699981016643,0,5.0,4.796636591182777,1,-0.9942819711915498,-0.4232618998282642,0,inner_race,inner_race
N09_M07_F10_KI16_14,KI16,6203_PU_2855,inner_race,N09_M07_F10,0.3333333333333333,0.6666666666666666,inner_race,1.7726623729896487,4.544112651931473e-05,3.106271799869518,0.00011173436981280504,1.4240307645408314,3.4121091750277915e-05,1.745929107730722,1.0228088687013164,0,5.0,5.0,1,1.2017899026478898,0.17157417314028392,0,inner_race,normal
N09_M07_F10_KI16_15,KI16,6203_PU_2855,inner_race,N09_M07_F10,0.0,0.0,normal,2.2291834051054167,7.16404140998811e-05,2.8542909815986226,0.00010100158385979054,1.8653084910232858,6.077384686047254e-05,3.115502618862636,2.191026842597081,1,5.0,5.0,1,3.1219771109932277,1.0878805934820435,1,inner_race,inner_race
N09_M07_F10_KI16_16,KI16,6203_PU_2855,inner_race,N09_M07_F10,0.6666666666666666,1.0,inner_race,2.0122921485772722,6.540506909409197e-05,2.936544606383945,0.0001284422575751388,1.3178065240740648,3.2163946215543164e-05,2.4648239012570565,1.9129947744805709,1,5.0,5.0,1,0.7395630203024142,0.10428863317992507,0,inner_race,inner_race
N09_M07_F10_KI16_17,KI16,6203_PU_2855,inner_race,N09_M07_F10,1.0,1.0,normal,1.833284670190256,5.2345479271560204e-05,2.721872010736796,0.00011917751449424314,1.7203963613395408,4.9943863521916935e-05,1.9277973823316252,1.3306717813277171,0,5.0,5.0,1,2.491402755992621,0.7155519833896095,1,inner_race,inner_race
N09_M07_F10_KI16_18,KI16,6203_PU_2855,inner_race,N09_M07_F10,0.3333333333333333,0.6666666666666666,inner_race,1.6127801790769056,3.873766933492993e-05,2.5928977279218035,9.407420354033409e-05,1.176942689748204,2.342561599065574e-05,1.2662788785403594,0.7239038261135237,0,5.0,5.0,1,0.12660452147424003,-0.19613014360417338,0,inner_race,inner_race
N09_M07_F10_KI16_19,KI16,6203_PU_2855,inner_race,N09_M07_F10,1.0,1.0,normal,1.8593252179878481,5.412784658100509e-05,2.6085049055284464,0.00011385501033086652,1.2940532763725678,3.0115461383129072e-05,2.0059196197971327,1.4101469777648235,1,5.0,5.0,1,0.6362025294916767,0.03386290059981433,0,inner_race,normal
N09_M07_F10_KI16_2,KI16,6203_PU_2855,inner_race,N09_M07_F10,1.0,1.0,normal,2.4810315144317627,7.784391159690222e-05,2.902178964097962,0.00011758711620452769,1.328715336047256,3.448101476622256e-05,3.871052692346544,2.4676388403375467,1,5.0,5.0,1,0.7870319043001176,0.1839481198101611,0,inner_race,normal
N09_M07_F10_KI16_20,KI16,6203_PU_2855,inner_race,N09_M07_F10,0.3333333333333333,1.0,inner_race,1.8186818002653358,4.7514938468164636e-05,3.046037711078505,0.0001144509121125362,1.1077116153627822,2.1074028837371186e-05,1.8839884394161452,1.1152794897316112,0,5.0,5.0,1,-0.17464934990187922,-0.27697635997614023,0,inner_race,inner_race
N09_M07_F10_KI16_3,KI16,6203_PU_2855,inner_race,N09_M07_F10,0.6666666666666666,1.0,inner_race,1.7162415174152765,4.370077075378596e-05,2.8075840800620626,0.00011834419039922378,1.3788340131605021,3.5116809936671815e-05,1.5766652538575796,0.9452069537632966,0,5.0,5.0,1,1.0051196003621399,0.20580639278405347,0,inner_race,normal
N09_M07_F10_KI16_4,KI16,6203_PU_2855,inner_race,N09_M07_F10,0.6666666666666666,1.0,inner_race,1.6582388002072228,3.996148345878288e-05,2.944274087026443,0.00012751934235196759,1.765536419333065,4.6369803493073856e-05,1.402655778995793,0.778473312088898,0,5.0,5.0,1,2.6878263612220548,0.5926778513317528,1,inner_race,inner_race
N09_M07_F10_KI16_5,KI16,6203_PU_2855,inner_race,N09_M07_F10,0.6666666666666666,1.0,inner_race,2.09432866006305,6.828689564390227e-05,2.6269273368765718,0.00010739304221375107,1.4782296787296054,3.9027318434305574e-05,2.71093530724393,2.0414945118412016,1,5.0,5.0,1,1.4376324468911204,0.34024743005649083,0,inner_race,inner_race
N09_M07_F10_KI16_6,KI16,6203_PU_2855,inner_race,N09_M07_F10,0.6666666666666666,0.6666666666666666,normal,1.2853540621629453,2.2266881147600804e-05,3.0098663961395906,0.00014175801971933925,1.2394225360208193,2.2867147590917874e-05,0.2839930581043276,-0.010523426745844196,0,5.0,5.0,1,0.39848092581577943,-0.21532996659140602,0,inner_race,normal
N09_M07_F10_KI16_7,KI16,6203_PU_2855,inner_race,N09_M07_F10,0.6666666666666666,1.0,inner_race,1.3573203529641056,3.330598831524245e-05,2.4047455602788195,8.876952051528855e-05,1.4468693739365897,4.001673207052668e-05,0.49989357230164727,0.48170688178232945,0,5.0,4.712916528442064,1,1.301170412894138,0.3742629028845255,0,inner_race,normal
N09_M07_F10_KI16_8,KI16,6203_PU_2855,inner_race,N09_M07_F10,0.3333333333333333,1.0,inner_race,1.9597693612281462,4.37836320441335e-05,3.160763770973125,0.00012582183913951102,1.786964820864906,4.704610508892881e-05,2.307254340987737,0.9489017125778832,1,5.0,5.0,1,2.781070456827603,0.6159287119578738,1,inner_race,inner_race
N09_M07_F10_KI16_9,KI16,6203_PU_2855,inner_race,N09_M07_F10,0.3333333333333333,0.6666666666666666,inner_race,2.3373950459342816,6.761619041103816e-05,3.379060883435356,0.0001365749519022673,1.3844790476565736,3.5253860572158906e-05,3.440140010021761,2.0115879769475202,1,5.0,5.0,1,1.0296835481426665,0.21051811495647177,0,inner_race,normal
N09_M07_F10_KI17_1,KI17,6203_PU_2905,inner_race,N09_M07_F10,0.0,0.0,normal,0.8936921668262593,1.414675260803492e-05,1.0620988240096525,1.9445037624243586e-05,1.1675562537289177,4.3287179828507385e-05,-0.8910015630346576,-0.3725973984557176,0,-0.0036337439890196275,0.2626376784494693,0,0.08576014321871933,0.4866990193625473,0,normal,normal
N09_M07_F10_KI17_10,KI17,6203_PU_2905,inner_race,N09_M07_F10,0.0,0.0,normal,1.1056639194646591,2.2466856349197437e-05,0.7846226226583423,1.3582597419064856e-05,1.0095343765397997,3.258598169375449e-05,-0.25508146932878945,-0.001606595548804244,0,-1.271345137812729,-0.11370113529194964,0,-0.6018603030612201,0.11879797064609673,0,normal,normal
N09_M07_F10_KI17_11,KI17,6203_PU_2905,inner_race,N09_M07_F10,0.0,0.0,normal,1.0944018639669293,2.01015477735043e-05,1.231568324471764,2.8627965358743622e-05,1.0866719394659197,3.9390812377426655e-05,-0.28886789274745234,-0.10707495927576852,0,0.7706251495491182,0.8521348859812531,0,-0.2662019348168884,0.3527441431527587,0,normal,normal
N09_M07_F10_KI17_12,KI17,6203_PU_2905,inner_race,N09_M07_F10,0.0,0.0,normal,0.8989195798714241,1.5854991697604936e-05,1.4453605266315417,4.04333137190821e-05,1.0580538493865765,3.793996180811994e-05,-0.8753192046442392,-0.29642755597392106,0,1.7473821084115737,1.6099781461665463,0,-0.3907314254296766,0.30286473345887166,0,normal,normal
N09_M07_F10_KI17_13,KI17,6203_PU_2905,inner_race,N09_M07_F10,0.0,0.0,normal,1.3143641925744174,3.143248456006007e-05,1.1865997373820927,2.6882678378623876e-05,1.0855635292898618,4.1362645016085195e-05,0.37102411115767103,0.39816793996054006,0,0.5651762139643556,0.7400963476339636,0,-0.2710250992639859,0.4205346173147021,0,normal,normal
N09_M07_F10_KI17_14,KI17,6203_PU_2905,inner_race,N09_M07_F10,0.0,0.0,normal,0.806346095860194,1.2404725621548872e-05,0.8004632704330141,1.124295517801722e-05,1.1134327344763197,4.427841361713015e-05,-1.1530417685913545,-0.4502738326093703,0,-1.19897363506149,-0.2638942553509606,0,-0.14975432556696833,0.5207770679852697,0,normal,normal
N09_M07_F10_KI17_15,KI17,6203_PU_2905,inner_race,N09_M07_F10,0.0,0.0,normal,1.2418569095540015,2.916879815167708e-05,1.373908877000542,3.765412565348072e-05,1.0150146402702216,3.568669923440221e-05,0.15350060796072715,0.2972308766375613,0,1.4209394444872714,1.4315684220300344,0,-0.5780133430131846,0.22539885968796006,0,normal,normal
N09_M07_F10_KI17_16,KI17,6203_PU_2905,inner_race,N09_M07_F10,0.0,0.0,normal,1.110005316327724,2.2690170717337363e-05,0.8284712869727516,1.5571944961318813e-05,0.9530403197586342,2.74774596130676e-05,-0.2420571796976889,0.008350921726732208,0,-1.0710128171141728,0.014004848559264163,0,-0.8476899896022705,-0.056830085877057304,0,normal,normal
N09_M07_F10_KI17_17,KI17,6203_PU_2905,inner_race,N09_M07_F10,0.0,0.0,normal,0.7350011456211535,1.0679107626526707e-05,1.1628467637167368,2.9128435698243254e-05,0.867925400335291,2.7684004414207235e-05,-1.3670782469274412,-0.5272185950065807,0,0.456655500454076,0.8842625337334086,0,-1.2180612313570847,-0.04972919418349772,0,normal,normal
N09_M07_F10_KI17_18,KI17,6203_PU_2905,inner_race,N09_M07_F10,0.0,0.0,normal,0.9214537062992536,1.69758211120823e-05,0.9934413928215133,1.737687701542927e-05,1.032317550976293,3.6155274823889024e-05,-0.8077163112813183,-0.24645012572368916,0,-0.3173104029745356,0.1298722969859016,0,-0.502721013917438,0.2415082194628512,0,normal,normal
N09_M07_F10_KI17_19,KI17,6203_PU_2905,inner_race,N09_M07_F10,0.3333333333333333,0.0,normal,1.0755791664427823,2.4197732782433263e-05,1.1943665220122046,3.070464590267575e-05,0.7880568573454488,2.361225774658549e-05,-0.34533641472911375,0.07557263895063139,0,0.6006604872858783,0.9854472039018541,0,-1.565603256241888,-0.1897135071793382,0,normal,normal
N09_M07_F10_KI17_2,KI17,6203_PU_2905,inner_race,N09_M07_F10,0.0,0.0,normal,1.1141921054353492,1.8885452219752733e-05,1.2198481528735883,2.216662355009426e-05,0.7095120167802826,1.5007599528840254e-05,-0.2294967168600313,-0.1613002766436002,0,0.7170789535142196,0.437349638483654,0,-1.9073852884713187,-0.48553671709397234,0,normal,normal
N09_M07_F10_KI17_20,KI17,6203_PU_2905,inner_race,N09_M07_F10,0.0,0.0,normal,1.0877823896228311,2.225344635580867e-05,1.135579379236106,2.7012872145763918e-05,0.9459270354865312,2.7620785568011794e-05,-0.3087264667922844,-0.011122479876539228,0,0.33207842387048003,0.7484541246290667,0,-0.8786429170874046,-0.05190262182412926,0,normal,normal
N09_M07_F10_KI17_3,KI17,6203_PU_2905,inner_race,N09_M07_F10,0.0,0.0,normal,0.8775569284217262,1.2912617896718178e-05,1.372176329696447,3.142171789634715e-05,0.9927254049538288,3.4196873878409024e-05,-0.9394076463474699,-0.42762707617253864,0,1.4130239189501497,1.031479575068233,0,-0.6750032928107944,0.1741795192017549,0,normal,normal
N09_M07_F10_KI17_4,KI17,6203_PU_2905,inner_race,N09_M07_F10,0.0,0.0,normal,1.0312003517371073,2.0747368966461828e-05,1.33532712753055,3.867400229135255e-05,0.9182422884871513,2.9949174050821343e-05,-0.4784738712765939,-0.07827799587683174,0,1.244670189111256,1.4970393096853516,0,-0.9991110347017661,0.028146037574393216,0,normal,normal
N09_M07_F10_KI17_5,KI17,6203_PU_2905,inner_race,N09_M07_F10,0.0,0.0,normal,0.9879022599614459,1.809962018135285e-05,1.1887843767739124,2.396083637955066e-05,0.9891694140851206,3.377407904722915e-05,-0.6083691343790982,-0.19634027950241242,0,0.5751572221910736,0.5525289672622697,0,-0.6904769226119527,0.1596440756164407,0,normal,normal
N09_M07_F10_KI17_6,KI17,6203_PU_2905,inner_race,N09_M07_F10,0.0,0.0,normal,0.9743609186109203,1.6230591357792472e-05,0.767498739891079,9.228154934120884e-06,0.9956605226558343,3.806205381334142e-05,-0.6489934673543467,-0.2796796855338984,0,-1.3495793834339478,-0.39323417306032205,0,-0.6622313464193352,0.30706218650994666,0,normal,normal
N09_M07_F10_KI17_7,KI17,6203_PU_2905,inner_race,N09_M07_F10,0.0,0.0,normal,1.128418099338744,1.829760740705667e-05,1.069777717026649,1.5526054480172377e-05,1.0915109262459242,4.252440764719334e-05,-0.18681841060694085,-0.1875120915237239,0,0.03144897705945965,0.011058913311785433,0,-0.24514544372592856,0.46047534964786146,0,normal,normal
N09_M07_F10_KI17_8,KI17,6203_PU_2905,inner_race,N09_M07_F10,0.0,0.0,normal,1.1419200616827208,2.3248942458266975e-05,1.0122963078392153,1.638395332446595e-05,1.1976112183823944,5.505480643943984e-05,-0.1463122155497069,0.0332663775020716,0,-0.23116755367390066,0.06613165129662166,0,0.21654208667847344,0.8912632668934741,0,normal,normal
N09_M07_F10_KI17_9,KI17,6203_PU_2905,inner_race,N09_M07_F10,0.0,0.0,normal,0.6904162644481053,8.71304287111195e-06,1.124920081228287,2.5344764582345173e-05,0.8682609456447581,2.9339588189492824e-05,-1.500833907578112,-0.6148848026488897,0,0.28337906346095065,0.6413701118905589,0,-1.2166011308979134,0.007188825602290823,0,normal,normal
N09_M07_F10_KI18_1,KI18,6203_PU_2905,inner_race,N09_M07_F10,0.3333333333333333,0.3333333333333333,normal,0.9076801826628469,1.021442492879162e-05,2.5533873765252353,6.758078646319104e-05,1.0758075712695216,2.724593686269847e-05,-0.8490371964110713,-0.5479386500074337,0,5.0,3.35270768046019,1,-0.31347742502522297,-0.06478970512622345,0,inner_race,normal
N09_M07_F10_KI18_10,KI18,6203_PU_2905,inner_race,N09_M07_F10,0.6666666666666666,1.0,inner_race,0.96603288911829,1.354276397844105e-05,2.4883775209483208,9.249300457704832e-05,1.1826353433663952,4.1136744518013776e-05,-0.6739777458226812,-0.39952906104197855,0,5.0,4.951945247839473,1,0.15137568032316984,0.41276828787200714,0,inner_race,normal
N09_M07_F10_KI18_11,KI18,6203_PU_2905,inner_race,N09_M07_F10,0.0,0.0,normal,0.7277507726774901,8.186402666556776e-06,2.235102410735663,7.487186518135779e-05,1.0666851303065137,2.93218805923589e-05,-1.3888295311638938,-0.6383675233467552,0,5.0,3.820757813110801,1,-0.3531730484270307,0.006580048578093615,0,inner_race,normal
N09_M07_F10_KI18_12,KI18,6203_PU_2905,inner_race,N09_M07_F10,1.0,1.0,normal,0.9683274180060568,1.2405254060964404e-05,2.400276685061889,8.291156183471081e-05,1.440374488956925,4.666116882323374e-05,-0.6670941068134373,-0.4502502696624222,0,5.0,4.336865405763252,1,1.272908403938827,0.6026948241207453,0,inner_race,normal
N09_M07_F10_KI18_13,KI18,6203_PU_2905,inner_race,N09_M07_F10,1.0,0.6666666666666666,outer_race,1.0332572372052,1.595727386516903e-05,2.2121352212301093,6.888326018465649e-05,1.0247730470964378,3.043588427505413e-05,-0.47230316794782035,-0.29186682636667693,0,5.0,3.4363198620962048,1,-0.5355503614552989,0.04487885568143743,0,inner_race,normal
N09_M07_F10_KI18_14,KI18,6203_PU_2905,inner_race,N09_M07_F10,0.6666666666666666,1.0,inner_race,1.2671669761187954,2.4184806713664153e-05,2.112142078530371,6.226622556899036e-05,1.1731617588721266,4.227531052439586e-05,0.2294313850630991,0.07499626961915813,0,4.7937210968259025,3.011539929066631,1,0.11015208196011805,0.45191153356339653,0,inner_race,normal
N09_M07_F10_KI18_15,KI18,6203_PU_2905,inner_race,N09_M07_F10,0.6666666666666666,0.6666666666666666,normal,1.1277859708513776,1.5242099862551058e-05,2.365361122313849,6.906104660838156e-05,1.1568537961083163,3.484484822724545e-05,-0.1887148104900233,-0.32375620968490953,0,5.0,3.4477328453356617,1,0.03918919483944732,0.1964565053369887,0,inner_race,normal
N09_M07_F10_KI18_16,KI18,6203_PU_2905,inner_race,N09_M07_F10,0.3333333333333333,0.6666666666666666,inner_race,1.1512497395968326,2.0588186703850917e-05,1.9873670794404208,6.050578425034017e-05,0.9488385653588309,2.243020613661743e-05,-0.11832296896594857,-0.08537588278446658,0,4.223658917653988,2.8985285593409436,1,-0.8659736113826502,-0.23035176295855986,0,inner_race,normal
N09_M07_F10_KI18_17,KI18,6203_PU_2905,inner_race,N09_M07_F10,0.0,0.6666666666666666,inner_race,0.9355367908425887,9.070213969341016e-06,2.8351265711310036,8.544122638285351e-05,1.6808937742381393,4.382149397591437e-05,-0.7654667363686517,-0.5989586559769937,0,5.0,4.499256990477543,1,2.3195101860836465,0.5050684330206943,1,inner_race,normal
N09_M07_F10_KI18_18,KI18,6203_PU_2905,inner_race,N09_M07_F10,0.6666666666666666,0.6666666666666666,normal,0.9672193435775515,1.2038066699040609e-05,2.378223137523636,6.967082388098568e-05,1.1756933879711229,3.652050937168112e-05,-0.6704183553778686,-0.46662303837484054,0,5.0,3.486877441678937,1,0.12116827770359571,0.2540647735484928,0,inner_race,normal
N09_M07_F10_KI18_19,KI18,6203_PU_2905,inner_race,N09_M07_F10,0.3333333333333333,1.0,inner_race,1.2341305696587341,1.820557181624365e-05,1.8942322770685203,4.5167446510911195e-05,0.9212235554922987,2.242413566237597e-05,0.13032141201105069,-0.19161592950386955,0,3.7981519748841723,1.913885368520381,1,-0.986138273049873,-0.23056046237814973,0,inner_race,normal
N09_M07_F10_KI18_2,KI18,6203_PU_2905,inner_race,N09_M07_F10,0.0,0.0,normal,1.0460530922648752,1.2945660490541797e-05,2.680235305438452,9.326330370743118e-05,0.969987569483209,1.9657483077875518e-05,-0.4339153108521799,-0.42615371733061647,0,5.0,5.0,1,-0.7739452928165007,-0.3256763900018278,0,inner_race,normal
N09_M07_F10_KI18_20,KI18,6203_PU_2905,inner_race,N09_M07_F10,0.3333333333333333,0.6666666666666666,inner_race,1.090197471025977,1.556345819855637e-05,2.5990236954626282,9.025184091668896e-05,1.0192906568300477,2.732829828675561e-05,-0.3014811674866939,-0.30942694279060245,0,5.0,4.808073951276832,1,-0.5594065749664465,-0.06195816664774246,0,inner_race,inner_race
N09_M07_F10_KI18_3,KI18,6203_PU_2905,inner_race,N09_M07_F10,0.3333333333333333,0.6666666666666666,inner_race,1.0723088949634647,1.582371237040843e-05,2.073513928565085,5.921860272456821e-05,1.1286302328089752,3.397322160418762e-05,-0.3551473037729897,-0.2978222913128098,0,4.617239850524983,2.8158980588113227,1,-0.08362354183167145,0.16649048240440248,0,inner_race,normal
N09_M07_F10_KI18_4,KI18,6203_PU_2905,inner_race,N09_M07_F10,0.3333333333333333,1.0,inner_race,0.9292675134050224,1.3609463109491432e-05,2.3923007336570863,0.00010723673952097559,1.4738561579925913,6.707839241778093e-05,-0.7842747117047153,-0.3965549678153336,0,5.0,5.0,1,1.418601396668871,1.30462725053924,0,inner_race,normal
N09_M07_F10_KI18_5,KI18,6203_PU_2905,inner_race,N09_M07_F10,0.3333333333333333,1.0,inner_race,1.0281415758026744,1.6616010652093836e-05,2.2684337707435915,6.92309497786047e-05,1.2117153479231333,4.752726850945587e-05,-0.4876502688608892,-0.2624939607043784,0,5.0,3.458639763836288,1,0.277915157431115,0.6324708341377271,0,inner_race,normal
N09_M07_F10_KI18_6,KI18,6203_PU_2905,inner_race,N09_M07_F10,0.3333333333333333,0.6666666666666666,inner_race,1.5242230996155794,2.6459037295041128e-05,2.034210246128627,5.088417946525374e-05,0.9248489908180313,2.4461244335911616e-05,1.000605619870691,0.17640349429188956,0,4.437672284725556,2.280870518597176,1,-0.9703624608586547,-0.16052583560965397,0,inner_race,inner_race
N09_M07_F10_KI18_7,KI18,6203_PU_2905,inner_race,N09_M07_F10,0.3333333333333333,0.3333333333333333,normal,0.9857421893830797,1.2641804906157359e-05,2.2739858435428,7.29691791842906e-05,0.8806805819262385,2.120046071444807e-05,-0.6148493953926928,-0.4397025420478887,0,5.0,3.6986150592408116,1,-1.1625580072848103,-0.272629704622034,0,inner_race,normal
N09_M07_F10_KI18_8,KI18,6203_PU_2905,inner_race,N09_M07_F10,0.0,0.6666666666666666,inner_race,1.3708778636553849,1.9374083517875925e-05,2.6154781074955546,7.448394934733017e-05,1.2444099479846604,3.179841637589925e-05,0.5405664136680342,-0.13951236110123444,0,5.0,3.7958555915614016,1,0.4201832780556154,0.09172192712993403,0,inner_race,normal
N09_M07_F10_KI18_9,KI18,6203_PU_2905,inner_race,N09_M07_F10,0.3333333333333333,1.0,inner_race,1.3890595286151082,2.2940891550292367e-05,2.735461704091246,8.152551639564016e-05,1.0710032579555613,3.102474385608287e-05,0.5951118233323094,0.01953048462848886,0,5.0,4.247888345345515,1,-0.3343830371074061,0.0651235100350133,0,inner_race,normal
N09_M07_F10_KI21_1,KI21,6203_PU_2855,inner_race,N09_M07_F10,0.3333333333333333,0.6666666666666666,inner_race,1.0185126721748152,1.671426416756107e-05,0.9093868771163018,1.4159409692234925e-05,0.9664974785341938,2.1122508863751858e-05,-0.5165371994122372,-0.2581128674241013,0,-0.7013320478683973,-0.0766727240776988,0,-0.7891321640181843,-0.275309644499737,0,normal,normal
N09_M07_F10_KI21_10,KI21,6203_PU_2855,inner_race,N09_M07_F10,0.6666666666666666,0.6666666666666666,normal,0.9742689983826311,1.7112289298066248e-05,1.3643526563656319,3.208170762848689e-05,1.229900184996326,3.1152081550069976e-05,-0.6492692301362247,-0.24036505233224126,0,1.3772797370176897,1.0738475556670923,0,0.3570451235232902,0.06950130685449746,0,normal,normal
N09_M07_F10_KI21_11,KI21,6203_PU_2855,inner_race,N09_M07_F10,0.3333333333333333,0.6666666666666666,inner_race,0.8258229298019882,1.2166573932831231e-05,0.8280731343216151,1.1040068335846885e-05,0.9360742103298679,2.077478699970532e-05,-1.0946108224336935,-0.46089294133200387,0,-1.0728318655582152,-0.276918557660889,0,-0.9215167529882072,-0.28726412257158085,0,normal,normal
N09_M07_F10_KI21_12,KI21,6203_PU_2855,inner_race,N09_M07_F10,0.6666666666666666,0.6666666666666666,normal,0.9914953490694666,1.6738273919571305e-05,1.2984945894381839,2.33764430106143e-05,1.2173691612163917,3.088862083307437e-05,-0.597589785084554,-0.25704228015103575,0,1.076392592777793,0.5150138882974421,0,0.3025173054947094,0.06044367864710137,0,normal,normal
N09_M07_F10_KI21_13,KI21,6203_PU_2855,inner_race,N09_M07_F10,0.6666666666666666,0.6666666666666666,normal,0.8181172318029226,1.1873910162579342e-05,0.878191778849032,1.4414600852349649e-05,0.8341281754363442,1.6571922467120032e-05,-1.1177280922238533,-0.4739427265853236,0,-0.8438537535580284,-0.060290750852618605,0,-1.3651273419578618,-0.431756192495021,0,normal,normal
N09_M07_F10_KI21_14,KI21,6203_PU_2855,inner_race,N09_M07_F10,0.3333333333333333,0.6666666666666666,inner_race,1.1321592501954068,2.0368643185069592e-05,0.7306378400682185,7.081891641799917e-06,0.6781849647945858,9.656903750042674e-06,-0.1755948726886826,-0.09516525907586272,0,-1.5179865566057882,-0.5310133491609677,0,-2.0437026253503108,-0.6694905663353378,0,normal,normal
N09_M07_F10_KI21_15,KI21,6203_PU_2855,inner_race,N09_M07_F10,0.3333333333333333,0.3333333333333333,normal,0.8411082826716862,1.4562399326628136e-05,0.9269458516405338,1.43228350794553e-05,1.1480733385677901,3.047802799044587e-05,-1.0487544151141421,-0.3540638423062152,0,-0.6211099893285147,-0.06618164626552464,0,0.0009816868667827565,0.04632773242347963,0,normal,normal
N09_M07_F10_KI21_16,KI21,6203_PU_2855,inner_race,N09_M07_F10,0.3333333333333333,0.3333333333333333,normal,0.9942405960398243,1.67154824529607e-05,0.731136642175033,6.87752665053e-06,0.9511631552076546,1.8022635509219472e-05,-0.5893539815451375,-0.258058544462196,0,-1.5157076688633706,-0.5441325411173913,0,-0.8558583315384994,-0.38188151090757083,0,normal,normal
N09_M07_F10_KI21_17,KI21,6203_PU_2855,inner_race,N09_M07_F10,0.0,0.6666666666666666,inner_race,0.8649082883458269,1.2397112819248855e-05,0.8169815703525741,9.406667792375116e-06,0.9429171484754777,1.935032539560488e-05,-0.9773538551333123,-0.45061328506399323,0,-1.1235061286135732,-0.38177455642258784,0,-0.891740216566488,-0.3362362947905911,0,normal,normal
N09_M07_F10_KI21_18,KI21,6203_PU_2855,inner_race,N09_M07_F10,0.3333333333333333,0.6666666666666666,inner_race,0.9290756127488339,1.4974708037628911e-05,0.8038389324139705,9.119536205010239e-06,0.8995710895586015,1.8294613487919345e-05,-0.7848504180511823,-0.3356791268629532,0,-1.1835511767241067,-0.4002069424588893,0,-1.0803573682361143,-0.37253106413222253,0,normal,normal
N09_M07_F10_KI21_19,KI21,6203_PU_2855,inner_race,N09_M07_F10,0.3333333333333333,0.6666666666666666,inner_race,0.5769829611373657,6.22996072291882e-06,1.1679480871615588,1.990915081363669e-05,1.008104641264013,2.3709422658128568e-05,-1.8411364053065955,-0.7256046528455267,0,0.47996202484458805,0.2924313822698773,0,-0.6080816897823899,-0.18637303329921734,0,normal,normal
N09_M07_F10_KI21_2,KI21,6203_PU_2855,inner_race,N09_M07_F10,0.6666666666666666,0.6666666666666666,normal,0.680011379255721,8.388963758150562e-06,0.9339710618032316,1.4354387452462675e-05,1.0117258479715978,2.272589347844936e-05,-1.5320488005257926,-0.6293353881299436,0,-0.589013762971493,-0.06415614456099,0,-0.5923242781085528,-0.22018620188938726,0,normal,normal
N09_M07_F10_KI21_20,KI21,6203_PU_2855,inner_race,N09_M07_F10,0.3333333333333333,0.6666666666666666,inner_race,1.1200669361294473,2.1154281122034347e-05,0.9651019640651484,1.4202818580919869e-05,0.9676708855324848,2.032046334554079e-05,-0.21187209075303276,-0.06013391113885238,0,-0.4467853509302101,-0.07388609443172066,0,-0.7840261707330441,-0.30288350899159316,0,normal,normal
N09_M07_F10_KI21_3,KI21,6203_PU_2855,inner_race,N09_M07_F10,0.6666666666666666,0.6666666666666666,normal,1.057492055942263,2.0273220350571964e-05,1.1458235875730118,2.1370036612423844e-05,0.9673391258600228,2.0344456349009586e-05,-0.39959815885867106,-0.09942013318407693,0,0.3788813553152458,0.38621281274682684,0,-0.7854697982743307,-0.3020586433058191,0,normal,normal
N09_M07_F10_KI21_4,KI21,6203_PU_2855,inner_race,N09_M07_F10,0.6666666666666666,0.6666666666666666,normal,1.099604865252144,2.063926406603822e-05,0.8547820771214919,1.2333780253875348e-05,0.6910219784933584,9.855483358226648e-06,-0.273258770193799,-0.08309835930666584,0,-0.9508061533007497,-0.19386883919657522,0,-1.9878433149468042,-0.6626635134030754,0,normal,normal
N09_M07_F10_KI21_5,KI21,6203_PU_2855,inner_race,N09_M07_F10,0.6666666666666666,0.6666666666666666,normal,1.0147489296790309,1.8236895563057472e-05,0.9593025719674235,1.4667073987728173e-05,0.9237359887382556,1.783126414373909e-05,-0.5278285127632519,-0.19021921350824794,0,-0.47328115634967644,-0.044083260977328086,0,-0.975205606633274,-0.3884607485936655,0,normal,normal
N09_M07_F10_KI21_6,KI21,6203_PU_2855,inner_race,N09_M07_F10,0.6666666666666666,0.6666666666666666,normal,1.0146918689646685,2.0168749019157354e-05,1.2035215018779404,2.209868773156961e-05,1.0902966113644177,2.7970940274271324e-05,-0.5279996962080865,-0.10407847691728199,0,0.6424870375611784,0.43298850481587964,0,-0.2504294446225041,-0.03986450403360611,0,normal,normal
N09_M07_F10_KI21_7,KI21,6203_PU_2855,inner_race,N09_M07_F10,0.6666666666666666,0.6666666666666666,normal,0.9775807429555678,1.5049777716700616e-05,1.0868217806233984,1.7896286821956742e-05,0.8962794273657851,1.5532382391432866e-05,-0.6393339208653502,-0.33233179353885156,0,0.10931855114700041,0.16321576209477068,0,-1.0946807914626238,-0.46749498353619057,0,normal,normal
N09_M07_F10_KI21_8,KI21,6203_PU_2855,inner_race,N09_M07_F10,0.0,0.0,normal,1.158203828956325,2.045564533863212e-05,0.9482944193340165,1.3804582425800998e-05,1.2200270282826626,2.726498040944682e-05,-0.09746054224123667,-0.09128586047592609,0,-0.523574336270545,-0.09945082805134661,0,0.31408281636428803,-0.06413499892120093,0,normal,normal
N09_M07_F10_KI21_9,KI21,6203_PU_2855,inner_race,N09_M07_F10,0.3333333333333333,0.6666666666666666,inner_race,0.9611569076505463,1.792184471654736e-05,0.8991517290237486,1.4666543293684136e-05,0.951805091301039,2.322541730860182e-05,-0.6886058014634966,-0.20426723143439915,0,-0.7480935855830315,-0.044117328833033605,0,-0.8530649943698245,-0.20301285936663502,0,normal,normal
N15_M01_F10_K001_1,K001,6203_PU_2905,normal,N15_M01_F10,0.3333333333333333,0.0,normal,1.2726972686327729,7.261055367019091e-05,1.131990540443303,6.810787173337039e-05,1.0830886959636774,8.626941653265244e-05,0.24602238876965785,2.234285060200833,1,0.3156820201209831,3.3865438712574356,1,-0.2817941524260537,1.964403642761601,0,inner_race,normal
N15_M01_F10_K001_10,K001,6203_PU_2905,normal,N15_M01_F10,0.3333333333333333,0.0,normal,0.9671250661816119,4.408666767360891e-05,1.152397687073655,6.259862905328251e-05,1.1730121493637866,0.00011641467255828406,-0.6707011897164729,0.9624139757642526,0,0.408916582842901,3.0328785403929386,1,0.1095010673112455,3.000780239662343,1,inner_race,normal
N15_M01_F10_K001_11,K001,6203_PU_2905,normal,N15_M01_F10,0.3333333333333333,0.0,normal,1.0222590038502628,3.858230677071616e-05,1.4585902759383096,8.604947071379839e-05,0.9908980097212392,6.994367881995384e-05,-0.5052981189194324,0.7169762583532582,0,1.8078251440735285,4.538303179770957,1,-0.682955067259463,1.4031341521925231,0,inner_race,normal
N15_M01_F10_K001_12,K001,6203_PU_2905,normal,N15_M01_F10,0.3333333333333333,0.0,normal,1.194349349220903,6.429355456957776e-05,1.3486356918415303,7.471751264541765e-05,1.0681782606542514,7.346210202784056e-05,0.010976843153735016,1.8634326922372786,0,1.3054733085510544,3.810849166158227,1,-0.34667580276504706,1.5240955222849115,0,inner_race,normal
N15_M01_F10_K001_13,K001,6203_PU_2905,normal,N15_M01_F10,0.3333333333333333,0.3333333333333333,normal,1.2030567007425346,5.5750864194099555e-05,1.2732567409982893,7.293664031382008e-05,1.1153276813434727,7.07786088322288e-05,0.03709909636268834,1.4825168214766333,0,0.9610879004580994,3.696526229421696,1,-0.14150860520440686,1.431838566712542,0,inner_race,normal
N15_M01_F10_K001_14,K001,6203_PU_2905,normal,N15_M01_F10,0.3333333333333333,0.0,normal,0.9848057234416417,4.171423779915582e-05,1.2933954656428281,6.697125111710917e-05,0.9718281386070997,8.783846033290708e-05,-0.6176588145809534,0.8566280755705705,0,1.053096117972353,3.3135786145679225,1,-0.7659361931595958,2.0183464678851784,1,inner_race,normal
N15_M01_F10_K001_15,K001,6203_PU_2905,normal,N15_M01_F10,0.3333333333333333,0.3333333333333333,normal,1.0281698069237644,4.422765056473873e-05,0.9826480072179257,4.103589040987655e-05,1.106324525284534,7.883412682457429e-05,-0.48756557485357216,0.968700358434895,0,-0.3666223722207813,1.64866050181795,0,-0.18068516921754293,1.708782650918733,0,normal,normal
N15_M01_F10_K001_16,K001,6203_PU_2905,normal,N15_M01_F10,0.3333333333333333,0.0,normal,1.1725789319403084,5.0209927842817273e-05,1.169640658756852,6.31969892091799e-05,0.9553868938166404,5.541719996927744e-05,-0.054334905344699584,1.2354482163523546,0,0.4876949125148312,3.071290215971587,1,-0.8374790471068584,0.9037221484127618,0,inner_race,normal
N15_M01_F10_K001_17,K001,6203_PU_2905,normal,N15_M01_F10,0.3333333333333333,0.3333333333333333,normal,1.019385780800683,4.79530278855369e-05,1.0401683990624333,4.7110804623006184e-05,1.0263563906248083,8.810126776427591e-05,-0.5139178536160811,1.1348137587446137,0,-0.10382774059698933,2.03863906510129,1,-0.5286605598470722,2.0273816365077524,1,inner_race,normal
N15_M01_F10_K001_18,K001,6203_PU_2905,normal,N15_M01_F10,0.3333333333333333,0.0,normal,0.786770224644997,2.3074556595175277e-05,1.211808321813643,6.265267603772124e-05,1.1506443845682057,9.593401612858127e-05,-1.2117698288285983,0.025490566841931385,0,0.6803472071897625,3.0363480816245922,1,0.01216940232529623,2.2966670287856092,1,inner_race,inner_race
N15_M01_F10_K001_19,K001,6203_PU_2905,normal,N15_M01_F10,0.3333333333333333,0.0,normal,0.7393235358651274,2.34126814891174e-05,1.0574603480314955,4.577511418618306e-05,0.9361814185321569,5.51569804954071e-05,-1.3541109775872182,0.04056744926898577,0,-0.024825647362535654,1.952894539455515,0,-0.9210502444691713,0.8947759522833363,0,normal,normal
N15_M01_F10_K001_2,K001,6203_PU_2905,normal,N15_M01_F10,0.3333333333333333,0.0,normal,1.037104140497341,4.692184130125697e-05,0.5972240269080529,1.377543294956807e-05,1.0378238859871112,9.010383682919107e-05,-0.46076237031055783,1.0888334740329961,0,-2.127517068458497,-0.10132207601682573,0,-0.47876060663171555,2.096228811359769,1,normal,normal
N15_M01_F10_K001_20,K001,6203_PU_2905,normal,N15_M01_F10,0.3333333333333333,0.0,normal,0.9550133499190572,4.0302008511395156e-05,0.9244198177582247,3.237457204348936e-05,1.0894853510999187,0.00010297796891517508,-0.7070366148132383,0.7936572168344049,0,-0.6326507337894554,1.0926479600501926,0,-0.25395958332890833,2.5388340819196897,1,normal,normal
N15_M01_F10_K001_3,K001,6203_PU_2905,normal,N15_M01_F10,0.3333333333333333,0.0,normal,0.9097100853286949,3.411867801237591e-05,1.2317492066366171,6.288487465968449e-05,0.9570582057217071,6.282916897779151e-05,-0.8429474421046005,0.5179444591771989,0,0.7714515497240061,3.0512540509622146,1,-0.83020645764977,1.1585413879921553,0,inner_race,inner_race
N15_M01_F10_K001_4,K001,6203_PU_2905,normal,N15_M01_F10,0.3333333333333333,0.0,normal,0.7478358730214908,2.4584740008029162e-05,0.8922656442185092,3.177162079026896e-05,0.8982325585210676,7.088807400795821e-05,-1.328573771923005,0.09282916913597962,0,-0.7795541869748818,1.0539415593980517,0,-1.0861818864975137,1.4356019166142686,0,normal,normal
N15_M01_F10_K001_5,K001,6203_PU_2905,normal,N15_M01_F10,0.3333333333333333,0.3333333333333333,normal,0.9960756328464131,3.517937754068324e-05,0.9673642475366929,3.842177503362953e-05,1.1955121658760575,8.771066997040009e-05,-0.5838488292619919,0.565240716759047,0,-0.4364496085531367,1.480847603903708,0,0.20740821580662555,2.0139531085818407,1,normal,normal
N15_M01_F10_K001_6,K001,6203_PU_2905,normal,N15_M01_F10,0.3333333333333333,0.3333333333333333,normal,0.8703509955303421,2.910955490467684e-05,0.9316446699446467,3.1835728955710284e-05,1.043479363370802,7.325039395190184e-05,-0.9610256094132572,0.2945892389302458,0,-0.5996423986932748,1.0580569772255997,0,-0.4541512174023655,1.5168171201678018,0,normal,normal
N15_M01_F10_K001_7,K001,6203_PU_2905,normal,N15_M01_F10,0.3333333333333333,0.0,normal,0.7852809600426195,2.4049779780862155e-05,0.8693409444636467,2.947414650640452e-05,1.0170057162776303,8.316337094232403e-05,-1.21623765661088,0.06897546125273843,0,-0.884290747940093,0.906455407500559,0,-0.5693493238460594,1.8576195784303489,0,normal,normal
N15_M01_F10_K001_8,K001,6203_PU_2905,normal,N15_M01_F10,0.3333333333333333,0.0,normal,0.9596494797867886,3.795537812629579e-05,1.0309476135457294,4.671438555248587e-05,1.0981260856885988,9.681217839433929e-05,-0.6931281194442838,0.68902170773772,0,-0.14595493854262673,2.013190979061572,1,-0.2163600693898101,2.326857743362361,1,inner_race,normal
N15_M01_F10_K001_9,K001,6203_PU_2905,normal,N15_M01_F10,0.3333333333333333,0.0,normal,0.9843477596646474,4.191717838073561e-05,0.8106319464403948,2.7720422833264562e-05,0.9752827509550017,7.479906037042836e-05,-0.619032716359635,0.8656771321262238,0,-1.1525157897692475,0.7938752764150915,0,-0.7509037044520629,1.5700593826054565,0,normal,normal
N15_M01_F10_K002_1,K002,6203_PU_2905,normal,N15_M01_F10,0.3333333333333333,0.3333333333333333,normal,0.9658618858673723,1.7110809173574856e-05,1.0538743713881622,2.2006026399677877e-05,1.4765111461872107,7.007092208469687e-05,-0.6744907594765952,-0.2404310506167034,0,-0.04120897474917394,0.4270401190748993,0,1.4301543803425638,1.4075087025888042,0,normal,normal
N15_M01_F10_K002_10,K002,6203_PU_2905,normal,N15_M01_F10,0.3333333333333333,0.0,normal,0.6596184916377785,8.901101171765068e-06,0.7906306854760651,1.4977752719245884e-05,1.1879354245305458,5.004078817298528e-05,-1.5932279286101727,-0.6064993423081197,0,-1.2438959740583477,-0.02413926817194653,0,0.1744385893345058,0.7188841972525335,0,normal,normal
N15_M01_F10_K002_11,K002,6203_PU_2905,normal,N15_M01_F10,0.3333333333333333,0.0,normal,1.2118899216581949,3.371275919655983e-05,0.9025337970807418,1.5705525155641395e-05,1.3823617518317117,6.954782359147596e-05,0.06359896062523321,0.49984466714580883,0,-0.7326418596704763,0.02258001693817578,0,1.0204702928270384,1.3895248766830883,0,normal,normal
N15_M01_F10_K002_12,K002,6203_PU_2905,normal,N15_M01_F10,0.3333333333333333,0.0,normal,0.9016541162212435,1.8995924757149664e-05,1.0387671964224454,2.5878653414013948e-05,1.0466942476804808,4.700833200748321e-05,-0.8671155332107833,-0.15637434102752276,0,-0.11022944475438307,0.6756430566964655,0,-0.4401618874242504,0.6146300951018829,0,normal,normal
N15_M01_F10_K002_13,K002,6203_PU_2905,normal,N15_M01_F10,0.3333333333333333,0.6666666666666666,inner_race,0.8092087314979648,1.4424327224327563e-05,1.111288162833885,2.729173593180588e-05,1.3912873133722572,6.517673565607081e-05,-1.1444537963716677,-0.36022043382058705,0,0.2210986293765211,0.7663557599142785,0,1.0593092100641992,1.2392493827414455,0,normal,normal
N15_M01_F10_K002_14,K002,6203_PU_2905,normal,N15_M01_F10,0.3333333333333333,0.3333333333333333,normal,1.280767623147211,2.6421729134787537e-05,1.0739270653214352,2.157885452367167e-05,1.108865981361361,4.4899647990000116e-05,0.27023363642498016,0.17473993518757414,0,0.05040619243370255,0.3996178594946891,0,-0.16962621211088064,0.5421347490971936,0,normal,normal
N15_M01_F10_K002_15,K002,6203_PU_2905,normal,N15_M01_F10,0.3333333333333333,0.0,normal,1.2394778970660498,3.3663702694670165e-05,0.7910879877223677,1.3533623868542261e-05,1.0377354218945873,3.8769514943161145e-05,0.14636351622357271,0.49765725319160387,0,-1.2418066876069846,-0.11684498789655233,0,-0.4791455515511344,0.3313842940262572,0,normal,normal
N15_M01_F10_K002_16,K002,6203_PU_2905,normal,N15_M01_F10,0.3333333333333333,0.0,normal,1.1630774009576543,2.8619385744100167e-05,0.8411283807038437,1.4978298907153374e-05,1.13302019978259,4.622035336806186e-05,-0.08283971505463257,0.2727327505858902,0,-1.0131860851009113,-0.024104205689091156,0,-0.06452092703398433,0.5875398418275499,0,normal,normal
N15_M01_F10_K002_17,K002,6203_PU_2905,normal,N15_M01_F10,0.3333333333333333,0.0,normal,1.031207837440949,2.078292335638846e-05,1.3940822805269721,4.1667873039478695e-05,1.3770347647589345,5.2736988288271306e-05,-0.4784514139942947,-0.07669263683851964,0,1.5131061001431907,1.6892305690264058,0,0.9972903047553439,0.8115780094287388,0,normal,normal
N15_M01_F10_K002_18,K002,6203_PU_2905,normal,N15_M01_F10,0.3333333333333333,0.0,normal,0.905451449521337,1.721086207642162e-05,1.0840348607498331,2.244354556694903e-05,1.5391357895262516,7.972427147516402e-05,-0.8557234466805214,-0.23596972322042956,0,0.09658589133622508,0.45512662207317417,0,1.7026608583498937,1.7393853130073609,0,normal,normal
N15_M01_F10_K002_19,K002,6203_PU_2905,normal,N15_M01_F10,0.3333333333333333,0.0,normal,1.0355121455447467,2.199184831254381e-05,1.0002373203683943,2.0369434469460257e-05,1.2437115391830316,6.0719527433216974e-05,-0.46553839148711523,-0.022787054156973314,0,-0.2862617049571021,0.3219792495324183,0,0.41714420409696895,1.0860131227557424,0,normal,normal
N15_M01_F10_K002_2,K002,6203_PU_2905,normal,N15_M01_F10,0.3333333333333333,0.0,normal,1.1335360574048932,2.6728491092868566e-05,1.4515836932846111,4.207864886982202e-05,0.8506417869890044,2.3932304110293274e-05,-0.17146441965060688,0.18841835419174346,0,1.7758140216111187,1.7156002859522164,0,-1.2932695894268995,-0.17871049692167423,0,normal,normal
N15_M01_F10_K002_20,K002,6203_PU_2905,normal,N15_M01_F10,0.3333333333333333,0.0,normal,0.6677741612663415,9.237200656679592e-06,0.8466287593342717,1.4786439569811244e-05,1.2482478517354054,6.223840437676196e-05,-1.5687607336661502,-0.591512772231096,0,-0.9880563888380243,-0.03642059833336388,0,0.4368836307967007,1.138231240144552,0,normal,normal
N15_M01_F10_K002_3,K002,6203_PU_2905,normal,N15_M01_F10,0.3333333333333333,0.0,normal,1.0810234663692688,2.3059834955183105e-05,1.3094818745275347,3.0880576387727554e-05,1.1687901515496195,5.09714341647787e-05,-0.3290033907468089,0.024834133555675375,0,1.1265904347084763,0.9967410453276245,0,0.09112935781879282,0.7508792722014439,0,normal,normal
N15_M01_F10_K002_4,K002,6203_PU_2905,normal,N15_M01_F10,0.3333333333333333,0.0,normal,1.368442903114856,3.177013299829677e-05,0.98791289047844,1.7342325861219485e-05,1.1467904085724674,4.423741196807636e-05,0.5332614764967842,0.4132235773778923,0,-0.342568588638616,0.12765428879586138,0,-0.004600887594562171,0.5193674548283089,0,normal,normal
N15_M01_F10_K002_5,K002,6203_PU_2905,normal,N15_M01_F10,0.3333333333333333,0.3333333333333333,normal,1.1537705226251396,2.9399270112403365e-05,1.100675729347073,2.3224211799283932e-05,0.9306579463192236,3.8434858597646084e-05,-0.11076056237346416,0.30750754871009345,0,0.17261337989599154,0.5052414195845191,0,-0.9450852230153796,0.3198790009811015,0,normal,normal
N15_M01_F10_K002_6,K002,6203_PU_2905,normal,N15_M01_F10,0.3333333333333333,0.0,normal,0.9860143476798682,1.9887512213791673e-05,0.9210047379241,1.5353207063156298e-05,0.8531930360567124,2.3308966390464588e-05,-0.6140329142934785,-0.11661873740867472,0,-0.648253281306877,-3.701084290991905e-05,0,-1.2821680188487374,-0.20014048989458633,0,normal,normal
N15_M01_F10_K002_7,K002,6203_PU_2905,normal,N15_M01_F10,0.3333333333333333,0.0,normal,0.9635275649490334,1.9408704884324227e-05,1.1044718044566908,2.5667848520087465e-05,0.9877108242817243,3.683725520263587e-05,-0.6814937754853461,-0.13796860528568552,0,0.18995658859222198,0.6621104557769548,0,-0.6968238676640635,0.26495431338481945,0,normal,normal
N15_M01_F10_K002_8,K002,6203_PU_2905,normal,N15_M01_F10,0.3333333333333333,0.0,normal,0.9993810935667218,2.211134092270035e-05,1.3956295597638932,4.1004776906937684e-05,1.0891598705422225,4.958950810600861e-05,-0.5739323716923573,-0.01745891634012156,0,1.5201751875406655,1.6466631733373953,0,-0.25537588776927805,0.7033694476128306,0,normal,normal
N15_M01_F10_K002_9,K002,6203_PU_2905,normal,N15_M01_F10,0.3333333333333333,0.0,normal,0.7579346314025203,1.2725956332936887e-05,1.1343824617015006,2.4170725868924372e-05,0.8045488610512964,2.6623757613467044e-05,-1.2982772663931743,-0.4359502564565149,0,0.32661004139768723,0.56600280387009,0,-1.493839528649325,-0.08617987054503627,0,normal,normal
N15_M01_F10_K003_1,K003,6203_PU_2905,normal,N15_M01_F10,0.3333333333333333,0.0,normal,0.8524587712213183,3.313949156516241e-05,1.327249981894323,8.258545354004638e-05,1.0540865785608526,0.00010065159898956198,-1.0147026905223164,0.4742828441843373,0,1.2077679628923874,4.315930913560357,1,-0.4079947093763218,2.4588548193588036,1,inner_race,normal
N15_M01_F10_K003_10,K003,6203_PU_2905,normal,N15_M01_F10,0.3333333333333333,0.0,normal,1.0270134042802164,5.358336974345307e-05,1.133701156336111,5.7480128597691305e-05,1.1265711322918153,0.00011150026378471528,-0.49103480916566106,1.3858689272246245,0,0.3234973471551851,2.704296870955957,1,-0.09258356459390131,2.8318256872047427,1,inner_race,normal
N15_M01_F10_K003_11,K003,6203_PU_2905,normal,N15_M01_F10,0.3333333333333333,0.0,normal,1.1265838342492869,5.8099013892997986e-05,1.091998583626663,5.569140622757794e-05,1.0457902898169138,9.952299604673588e-05,-0.1923212477210861,1.587220076296655,0,0.13296992059367374,2.589470001713598,1,-0.44409539283894883,2.420054098073048,1,inner_race,normal
N15_M01_F10_K003_12,K003,6203_PU_2905,normal,N15_M01_F10,0.3333333333333333,0.0,normal,0.7347126091614407,2.849604787943008e-05,0.8656030051473687,4.072237181179796e-05,1.1304916998504326,0.00012193214168527118,-1.3679438628890694,0.2672331540824953,0,-0.9013683504068638,1.6285342040379673,0,-0.0755235064406827,3.190467660876143,1,normal,normal
N15_M01_F10_K003_13,K003,6203_PU_2905,normal,N15_M01_F10,0.3333333333333333,0.3333333333333333,normal,1.2716942555233752,6.041788313409842e-05,0.9260630001882881,3.523352766728838e-05,1.0360960652984024,8.588393273940473e-05,0.24301332655935265,1.6906177247341243,0,-0.6251434914437055,1.2761783553025703,0,-0.48627908985818535,1.9511509312415276,0,normal,normal
N15_M01_F10_K003_14,K003,6203_PU_2905,normal,N15_M01_F10,0.3333333333333333,0.3333333333333333,normal,0.862899955097664,3.2212776498839446e-05,0.9333437524698619,4.206260522997039e-05,0.90158770491922,6.957441646562297e-05,-0.9833789006946565,0.4329609115237894,0,-0.5918797643996945,1.7145703659566955,0,-1.071582216472894,1.3904391244302912,0,normal,normal
N15_M01_F10_K003_15,K003,6203_PU_2905,normal,N15_M01_F10,0.3333333333333333,0.0,normal,1.283377969974908,6.367631698113721e-05,1.056845008360486,4.8673849916082696e-05,1.3722019611351621,0.00015472963666887597,0.27806473645888713,1.8359102627527766,0,-0.027636962740977516,2.138978614987171,1,0.9762607192088781,4.318026710601126,1,inner_race,normal
N15_M01_F10_K003_16,K003,6203_PU_2905,normal,N15_M01_F10,0.3333333333333333,0.3333333333333333,normal,1.0287976193631527,4.242829252863895e-05,0.8624185388275298,3.321985763409871e-05,1.3784253505525639,0.00013675778195797568,-0.48568212321288773,0.888467550852571,0,-0.9159172890806938,1.146910991366337,0,1.0033413354165075,3.7001646626078823,1,normal,normal
N15_M01_F10_K003_17,K003,6203_PU_2905,normal,N15_M01_F10,0.3333333333333333,0.3333333333333333,normal,1.5904346630462494,9.883314530077461e-05,0.9005978425324417,3.9434989617712174e-05,1.3786938409628215,0.0001344316454933022,1.1992418206717974,3.403542154340271,1,-0.7414866961892579,1.5458908216242617,0,1.0045096514687355,3.6201934263000783,1,outer_race,normal
N15_M01_F10_K003_18,K003,6203_PU_2905,normal,N15_M01_F10,0.3333333333333333,0.0,normal,0.9556490966256646,4.005074212402756e-05,0.915631514868255,4.1134586840449285e-05,1.2526999533879764,0.00013038231109174653,-0.7051293601898894,0.7824533278333767,0,-0.6728020392049523,1.6549963101677638,0,0.4562566200288226,3.480979634145549,1,normal,normal
N15_M01_F10_K003_19,K003,6203_PU_2905,normal,N15_M01_F10,0.3333333333333333,0.3333333333333333,normal,0.936457299320156,4.001202293926055e-05,1.263588255674904,7.126026226926724e-05,1.2655215372477124,0.00011818086673417754,-0.7627051899360465,0.7807268515908331,0,0.9169152869302296,3.588911293901864,1,0.5120487886353003,3.06150098152375,1,inner_race,normal
N15_M01_F10_K003_2,K003,6203_PU_2905,normal,N15_M01_F10,0.3333333333333333,0.0,normal,1.254811100374387,6.624559329332412e-05,1.2259808282494142,6.64201567866904e-05,1.214549686134215,0.00011210691273090373,0.1923634759506711,1.9504734835491981,0,0.7450974373001983,3.2782011643405906,1,0.2902485693629318,2.8526819297203025,1,inner_race,normal
N15_M01_F10_K003_20,K003,6203_PU_2905,normal,N15_M01_F10,0.3333333333333333,0.0,normal,0.9443571539211989,3.715133591725867e-05,0.7950059823998931,2.7895674715699357e-05,0.9165644044907075,7.25792094132006e-05,-0.7390054459105877,0.6531697191109469,0,-1.2239064624004594,0.805125555007818,0,-1.0064122221257064,1.4937421810291152,0,normal,normal
N15_M01_F10_K003_3,K003,6203_PU_2905,normal,N15_M01_F10,0.3333333333333333,0.0,normal,1.015144640170312,4.889238390946043e-05,0.9394689179976542,4.111852092556558e-05,1.0762594331142517,9.817121674655556e-05,-0.5266413722619177,1.1766993477195107,0,-0.563895591015371,1.6539649602285929,0,-0.3115111818134791,2.3735807017386277,1,normal,normal
N15_M01_F10_K003_4,K003,6203_PU_2905,normal,N15_M01_F10,0.3333333333333333,0.0,normal,1.34399978278224,9.291988313565256e-05,0.99058449334655,4.426454139334924e-05,1.0252973972525905,9.362737311765596e-05,0.459931557868914,3.1398716585525372,1,-0.3303627800713181,1.8559234569320713,0,-0.5332686907474565,2.2173659662272076,1,outer_race,normal
N15_M01_F10_K003_5,K003,6203_PU_2905,normal,N15_M01_F10,0.3333333333333333,0.0,normal,1.0507959768459338,5.181819000840835e-05,0.9637791684153302,4.932175673513475e-05,0.9914418631587096,9.50372539311167e-05,-0.41968654890780865,1.3071601193116413,0,-0.45282883541215246,2.180570934083514,1,-0.6805885294734529,2.2658368592343097,1,inner_race,normal
N15_M01_F10_K003_6,K003,6203_PU_2905,normal,N15_M01_F10,0.3333333333333333,0.3333333333333333,normal,1.2291449017000506,6.741813949303286e-05,0.8985045477965231,3.538052589814004e-05,1.1646227701563467,9.914370033727158e-05,0.11536429439509716,2.002756948949188,1,-0.7510503761532752,1.285614893311424,0,0.07299530761996202,2.4070141293211016,1,outer_race,normal
N15_M01_F10_K003_7,K003,6203_PU_2905,normal,N15_M01_F10,0.3333333333333333,0.3333333333333333,normal,1.181154525658456,5.548376980818414e-05,1.2606331057825613,6.362557866602202e-05,1.7579115610026845,0.00018932096567233404,-0.028607928552038385,1.4706071670101322,0,0.9034140310721218,3.0988034770241364,1,2.6546473572688063,5.0,1,inner_race,normal
N15_M01_F10_K003_8,K003,6203_PU_2905,normal,N15_M01_F10,0.3333333333333333,0.0,normal,0.9581299676776475,4.182440825621568e-05,1.0986225175814797,5.5576391135030734e-05,1.136651239141376,9.093386102769586e-05,-0.6976866904369038,0.8615405415196485,0,0.16323282784684437,2.5820866183481974,1,-0.04872072930971406,2.124764566818613,1,inner_race,normal
N15_M01_F10_K003_9,K003,6203_PU_2905,normal,N15_M01_F10,0.3333333333333333,0.3333333333333333,normal,0.8027848247075947,2.8291483286575185e-05,0.7489204709778612,2.4425874494141635e-05,0.851121267009508,6.198464756867735e-05,-1.1637256632937598,0.25811168337605445,0,-1.4344583138218845,0.5823820465713111,0,-1.2911831677772794,1.129507226754866,0,normal,normal
N15_M01_F10_K004_1,K004,6203_PU_2905,normal,N15_M01_F10,0.3333333333333333,0.3333333333333333,normal,1.4675445237336626,2.355094993308781e-05,1.0454955548882223,1.1402321373223491e-05,1.1484161874797072,2.9733744623877787e-05,0.8305685991954451,0.04673279559651913,0,-0.07948945102787128,-0.2536637569995352,0,0.002473568408835639,0.020739697546025133,0,normal,normal
N15_M01_F10_K004_10,K004,6203_PU_2905,normal,N15_M01_F10,0.3333333333333333,0.0,normal,1.6532468273243726,2.276741179020371e-05,0.9139203720246566,9.489758172344478e-06,1.4480668532685161,3.9391327124846806e-05,1.3876797464635027,0.011795076815605356,0,-0.6806197737303834,-0.3764405770664539,0,1.3063811551487996,0.3527618398735663,0,normal,normal
N15_M01_F10_K004_11,K004,6203_PU_2905,normal,N15_M01_F10,0.0,0.0,normal,1.6568584994535547,2.4873151459150218e-05,1.3864487133307954,1.5048936651093758e-05,1.6303527348573634,3.301174019479841e-05,1.3985148452454725,0.1056893448197985,0,1.4782304601315994,-0.019569622165934532,0,2.0995846120261428,0.13343530350000513,1,normal,normal
N15_M01_F10_K004_12,K004,6203_PU_2905,normal,N15_M01_F10,0.3333333333333333,0.3333333333333333,normal,1.4715316217952332,2.108491465587473e-05,0.7865756490150401,6.960314775339281e-06,1.1084804370735197,2.212738653113867e-05,0.8425299843393124,-0.06322693999714103,0,-1.2624223049616006,-0.5388179650036634,0,-0.17130387940595304,-0.2407625271575455,0,normal,normal
N15_M01_F10_K004_13,K004,6203_PU_2905,normal,N15_M01_F10,0.3333333333333333,0.0,normal,1.2165874103503136,1.5723538414549725e-05,0.9452678357168462,9.407970071766007e-06,1.2058820870737288,2.636041459764567e-05,0.0776915338671513,-0.3022890164247241,0,-0.5374019528991476,-0.3816909567159854,0,0.2525321566727172,-0.09523345225363006,0,normal,normal
N15_M01_F10_K004_14,K004,6203_PU_2905,normal,N15_M01_F10,0.3333333333333333,0.0,normal,1.3510776316195865,1.7708697011098263e-05,1.1681430084629099,1.2797047655478718e-05,1.8577650576438942,5.439548335360081e-05,0.48116526585055913,-0.21377142042559055,0,0.4808525659195279,-0.1641294306461103,0,3.0891524216585196,0.8685961176949747,1,normal,normal
N15_M01_F10_K004_15,K004,6203_PU_2905,normal,N15_M01_F10,0.3333333333333333,0.0,normal,1.3683302661055066,2.1008675392717095e-05,0.8477877130067456,7.951871360380052e-06,1.6430375818592133,4.8102949076491185e-05,0.5329235628991059,-0.06662642470692318,0,-0.9827614526656467,-0.4751650805542672,0,2.1547817803648406,0.6522624015557865,1,normal,normal
N15_M01_F10_K004_16,K004,6203_PU_2905,normal,N15_M01_F10,0.3333333333333333,0.0,normal,1.2076101435643425,1.4460602914750894e-05,1.044454444758029,1.0506759262020859e-05,1.5529639498215442,3.6533267749699186e-05,0.05075952870750185,-0.358602912220517,0,-0.08424599291450413,-0.3111542849650113,0,1.762833069455195,0.2545033992606477,0,normal,normal
N15_M01_F10_K004_17,K004,6203_PU_2905,normal,N15_M01_F10,0.0,0.0,normal,1.4494726984307058,2.1084217827103157e-05,0.8761088263890517,7.193131730260255e-06,1.4411232462666552,3.1039111387441e-05,0.7763527110072823,-0.06325801137239037,0,-0.8533701825470749,-0.523872301838272,0,1.2761665656859873,0.06561745751524502,0,normal,normal
N15_M01_F10_K004_18,K004,6203_PU_2905,normal,N15_M01_F10,0.0,0.0,normal,1.2310932269722794,1.8131632253663005e-05,1.0503594462683699,9.628171611791118e-06,1.400035878197921,2.889982446842837e-05,0.12120931465965472,-0.1949128712899039,0,-0.057267687536424236,-0.3675551389580698,0,1.0973779392600462,-0.007929998676052234,0,normal,normal
N15_M01_F10_K004_19,K004,6203_PU_2905,normal,N15_M01_F10,0.3333333333333333,0.0,normal,1.1755657317512531,1.2763295586079108e-05,1.040592891537513,1.1314422542911217e-05,1.5085510537595523,3.0377778673073494e-05,-0.04537443777288706,-0.43428531093009753,0,-0.10188835284182192,-0.2593064143864297,0,1.5695736552907718,0.04288121844158921,0,normal,normal
N15_M01_F10_K004_2,K004,6203_PU_2905,normal,N15_M01_F10,0.3333333333333333,0.3333333333333333,normal,1.4672559686661306,2.1965186456327883e-05,1.0840804270688351,1.1942735004164569e-05,0.9831710917907798,1.494993055201435e-05,0.8297029274099347,-0.023975897920495117,0,0.09679407114224849,-0.2189719533000452,0,-0.7165781759721398,-0.487519343411651,0,normal,normal
N15_M01_F10_K004_20,K004,6203_PU_2905,normal,N15_M01_F10,0.3333333333333333,0.0,normal,1.325725966347383,1.7304357162530497e-05,1.248844443775378,1.495534315780236e-05,1.3407575942989647,2.756935098433464e-05,0.40510969167695154,-0.2318008068051474,0,0.849554921456009,-0.025577847922861704,0,0.8394328954828024,-0.05367091328428507,0,normal,normal
N15_M01_F10_K004_3,K004,6203_PU_2905,normal,N15_M01_F10,0.3333333333333333,0.0,normal,1.3764599314131618,1.7619134059967085e-05,0.8181984394437702,5.9183939846275914e-06,1.6863385335851724,4.292809765682494e-05,0.557312744287159,-0.21776500418182215,0,-1.1179465930419148,-0.6057039750379446,0,2.343202651447876,0.4743539804357073,1,normal,normal
N15_M01_F10_K004_4,K004,6203_PU_2905,normal,N15_M01_F10,0.3333333333333333,0.0,normal,1.7076683585040573,2.8028935170956393e-05,1.05646442671953,1.088479854477384e-05,1.2269205379777985,2.2887782908110283e-05,1.5509455815412494,0.2464047456688687,0,-0.029375734138921868,-0.28688608772297625,0,0.3440794111226932,-0.21462053623229238,0,normal,normal
N15_M01_F10_K004_5,K004,6203_PU_2905,normal,N15_M01_F10,0.0,0.0,normal,1.3559649532079736,1.8565073895338984e-05,0.911555656757958,6.854947198800441e-06,1.4734081617505848,3.866180936894858e-05,0.4958273421120111,-0.17558584512998796,0,-0.6914234984179186,-0.5455820269597078,0,1.416651974339888,0.32768143821455836,0,normal,normal
N15_M01_F10_K004_6,K004,6203_PU_2905,normal,N15_M01_F10,0.0,0.0,normal,1.3302401983562355,1.6378230463548617e-05,1.1586861632362782,1.364027555359558e-05,1.1700923822527785,2.263655244776891e-05,0.41865249068836785,-0.27309650435143906,0,0.4376468769810024,-0.10999849271165764,0,0.09679591787486617,-0.22325769523684738,0,normal,inner_race
N15_M01_F10_K004_7,K004,6203_PU_2905,normal,N15_M01_F10,0.3333333333333333,0.0,normal,1.4493759859737234,2.0668378616359492e-05,0.9936125989212976,1.0908372642168951e-05,2.153120247178439,6.29151632408432e-05,0.7760625714299978,-0.08180015068619823,0,-0.3165282100429197,-0.2853727506929689,0,4.374368562938643,1.1614978213897922,1,normal,normal
N15_M01_F10_K004_8,K004,6203_PU_2905,normal,N15_M01_F10,0.3333333333333333,0.0,normal,1.3003976068440142,1.810741491347125e-05,0.7671994949430649,6.896789797330444e-06,1.522399590250743,4.1228276913202274e-05,0.3291240353415309,-0.19599271485454114,0,-1.350946550161379,-0.5428959451672267,0,1.6298345318971172,0.41591511907327383,0,normal,normal
N15_M01_F10_K004_9,K004,6203_PU_2905,normal,N15_M01_F10,0.0,0.0,normal,1.724436141968949,3.10008430618339e-05,0.8864605439053584,7.865000819215638e-06,1.0576432937730587,2.0993704494063543e-05,1.6012493144656237,0.37892118162955607,0,-0.8060760716389772,-0.4807417270131958,0,-0.3925179276483032,-0.27973786478786516,0,normal,normal
N15_M01_F10_K005_1,K005,6203_PU_2905,normal,N15_M01_F10,0.0,0.0,normal,1.447148447278402,1.3940360917157358e-05,1.0173252148757972,8.056187581251663e-06,1.6194011336942697,3.175711061596429e-05,0.7693799045263623,-0.3818003388869969,0,-0.20819187966038954,-0.46846851027929365,0,2.05192953405087,0.09030185881545723,1,normal,normal
N15_M01_F10_K005_10,K005,6203_PU_2905,normal,N15_M01_F10,0.0,0.0,normal,1.5123086451315553,1.68207580467783e-05,0.8963524014949403,5.927771972793915e-06,1.8342722783884076,3.6700815599890994e-05,0.9648619846097236,-0.25336433892198523,0,-0.7608829325109203,-0.6051019559438006,0,2.9869253399191926,0.26026359816730743,1,normal,normal
N15_M01_F10_K005_11,K005,6203_PU_2905,normal,N15_M01_F10,0.3333333333333333,0.0,normal,1.6818480502016158,1.9168438719604648e-05,1.151953929013611,9.486983900063602e-06,1.7160879399799445,3.361283796148119e-05,1.4734840675855994,-0.14868199782665723,0,0.4068891760019565,-0.3766186712222387,0,2.472654980869673,0.1541006996508837,1,normal,normal
N15_M01_F10_K005_12,K005,6203_PU_2905,normal,N15_M01_F10,0.3333333333333333,0.0,normal,1.7224779994132473,2.028231599972898e-05,0.7094289875730899,3.889080926462697e-06,1.7639980969864368,3.719515068772526e-05,1.5953748421266822,-0.09901456105556763,0,-1.6148838898800024,-0.7359755415342828,0,2.6811324659378917,0.2772585547078225,1,normal,normal
N15_M01_F10_K005_13,K005,6203_PU_2905,normal,N15_M01_F10,0.3333333333333333,0.0,normal,1.5037324138107397,1.5484644817460806e-05,0.9787538511859136,6.975969772029481e-06,1.929064431088136,3.18948087877335e-05,0.9391330949945126,-0.3129412066077465,0,-0.38441368530301107,-0.5378129939204084,0,3.399406342566793,0.09503584291352839,1,normal,normal
N15_M01_F10_K005_14,K005,6203_PU_2905,normal,N15_M01_F10,0.3333333333333333,0.0,normal,1.7746496220908603,1.9708317422554243e-05,0.8793348505401652,4.956429044743084e-06,1.3215198296409043,1.8153328736665914e-05,1.751890900370212,-0.12460897665881925,0,-0.8386313777299397,-0.6674572265281974,0,0.7557211933127761,-0.3773883527740406,0,normal,normal
N15_M01_F10_K005_15,K005,6203_PU_2905,normal,N15_M01_F10,0.0,0.0,normal,1.3328956757206136,1.5411598715143647e-05,1.0182400025714502,9.070019440804431e-06,1.648941348193624,3.168796491561365e-05,0.42661898336189785,-0.3161983092822952,0,-0.20401246975402146,-0.40338566661629144,0,2.1804715804976507,0.08792466933135439,1,normal,normal
N15_M01_F10_K005_16,K005,6203_PU_2905,normal,N15_M01_F10,0.3333333333333333,0.0,normal,2.3984238641537594,4.3455351156656694e-05,1.4103467844345636,1.4345694060431765e-05,1.7106789126020827,3.178481505204144e-05,3.6232278569533913,0.9342637712957956,1,1.587414083379702,-0.06471421606872355,0,2.449118000511856,0.09125432142371231,1,outer_race,normal
N15_M01_F10_K005_17,K005,6203_PU_2905,normal,N15_M01_F10,0.3333333333333333,0.0,normal,1.389125508397937,1.4856796137643905e-05,0.9849175208545159,7.079436642535824e-06,1.2317364128434731,2.1183793923673552e-05,0.5953097641860173,-0.3409367813115749,0,-0.3562535972356392,-0.5311709476145892,0,0.36503533243731195,-0.2732026993210827,0,normal,normal
N15_M01_F10_K005_18,K005,6203_PU_2905,normal,N15_M01_F10,0.3333333333333333,0.0,normal,1.7803280595200226,2.2254183175867043e-05,1.2898698271734306,1.243306642647212e-05,1.143010320066106,1.8353769805288272e-05,1.7689263422020103,-0.011089625302418783,0,1.036988458878016,-0.18749517241137073,0,-0.021049661599513287,-0.3704973039005011,0,normal,normal
N15_M01_F10_K005_19,K005,6203_PU_2905,normal,N15_M01_F10,0.0,0.3333333333333333,normal,1.6104083584771718,3.243717865681981e-05,1.0059803121232835,1.2708357143435227e-05,0.8772902807283656,1.4126472764919291e-05,1.2591633626319296,0.44296693300538525,0,-0.2600235769776471,-0.16982290996946126,0,-1.1773106508059024,-0.5158293494157586,0,normal,normal
N15_M01_F10_K005_2,K005,6203_PU_2905,normal,N15_M01_F10,0.3333333333333333,0.0,normal,1.910844738168463,2.6119225869480568e-05,1.081468121648014,7.828007544329357e-06,1.3750775530606048,2.497625855499022e-05,2.1604793556730106,0.16125140995164783,1,0.08485917607739374,-0.48311650691710256,0,0.9887736436106395,-0.1428199424080721,0,outer_race,normal
N15_M01_F10_K005_20,K005,6203_PU_2905,normal,N15_M01_F10,0.3333333333333333,0.0,normal,1.3922231804857061,1.4528151615938461e-05,1.1280005188822348,1.0178591707644026e-05,1.24464575176202,1.931160902595613e-05,0.6046028511176736,-0.35559093692928184,0,0.29745272416718604,-0.3322209711571367,0,0.421209360655738,-0.33756734135349986,0,normal,normal
N15_M01_F10_K005_3,K005,6203_PU_2905,normal,N15_M01_F10,0.3333333333333333,0.0,normal,1.735566108822608,2.1020447637878295e-05,1.064119149617123,8.027893301878166e-06,1.114699754590718,1.3810609413469332e-05,1.6346394689386867,-0.06610150400638388,0,0.005596560373484597,-0.4702848589604595,0,-0.14424098176922612,-0.526688550113309,0,normal,normal
N15_M01_F10_K005_4,K005,6203_PU_2905,normal,N15_M01_F10,0.3333333333333333,0.0,normal,1.7365087925812546,2.4786283918448006e-05,1.0916066985778696,8.645972717393162e-06,1.291591070733502,2.4376617482546792e-05,1.6374675417204227,0.10181594856486674,0,0.13117950707710857,-0.4306073073109904,0,0.6254884247709668,-0.1634352582472352,0,normal,normal
N15_M01_F10_K005_5,K005,6203_PU_2905,normal,N15_M01_F10,0.3333333333333333,0.0,normal,2.023636917198991,2.457200730895303e-05,1.0041580640416383,5.935282528143076e-06,1.5568798830627133,2.929677448103153e-05,2.498858465934652,0.0922614220981564,1,-0.26834892035565544,-0.6046198165288611,0,1.7798729617206983,0.005716914883135301,0,outer_race,normal
N15_M01_F10_K005_6,K005,6203_PU_2905,normal,N15_M01_F10,0.3333333333333333,0.0,normal,1.57779128572348,2.0179668980796175e-05,1.0981519154895356,8.580283638393564e-06,1.370699266319898,2.7617654973655664e-05,1.1613114002654057,-0.1035915592703233,0,0.1610827781092115,-0.4348242117400773,0,0.9697218544777761,-0.052010249860936233,0,normal,normal
N15_M01_F10_K005_7,K005,6203_PU_2905,normal,N15_M01_F10,0.3333333333333333,0.0,normal,1.9312687200554324,2.4702677485065605e-05,0.9967775258229132,6.974354180163277e-06,1.3375545848505113,2.14839435242418e-05,2.2217517672738363,0.0980879640572617,1,-0.30206854152267254,-0.5379167066927588,0,0.8254952380801598,-0.2628837283581708,0,outer_race,normal
N15_M01_F10_K005_8,K005,6203_PU_2905,normal,N15_M01_F10,0.3333333333333333,0.0,normal,1.4294582481570868,1.3803698295041934e-05,1.3595814479079167,1.2911407814725014e-05,1.6950395331666697,2.628678200741172e-05,0.7163089035893048,-0.3878940821242514,0,1.3554814159555688,-0.15678809066416693,0,2.381064404021226,-0.0977648984361658,1,normal,normal
N15_M01_F10_K005_9,K005,6203_PU_2905,normal,N15_M01_F10,0.3333333333333333,0.0,normal,1.3252470250863044,1.1972740241219548e-05,0.9353728033554688,6.3898830668077516e-06,1.571009810027035,3.432389760417101e-05,0.40367285696745003,-0.4695359245349251,0,-0.5826095966743,-0.575436776453477,0,1.8413582880434702,0.1785465219738967,0,normal,normal
N15_M01_F10_K006_1,K006,6203_PU_2905,normal,N15_M01_F10,0.3333333333333333,0.3333333333333333,normal,1.0434242292921485,5.068330260549427e-05,0.9251666192771872,4.328718111804696e-05,0.9959643748558018,7.530146034967977e-05,-0.4418019597435916,1.256555847788795,0,-0.6292388058839157,1.7931819032902403,0,-0.6609091561690905,1.5873316054831415,0,normal,normal
N15_M01_F10_K006_10,K006,6203_PU_2905,normal,N15_M01_F10,0.3333333333333333,0.0,normal,0.8365834880489698,3.234223616330572e-05,0.6478078241469444,1.8057135986461082e-05,1.3565484573448816,0.0001470843469329032,-1.0623289022081195,0.4387334771501996,0,-1.896413803420563,0.1735414595248933,0,0.908145661638491,4.055186038352378,1,normal,normal
N15_M01_F10_K006_11,K006,6203_PU_2905,normal,N15_M01_F10,0.3333333333333333,0.0,normal,1.2807776644124433,7.736405697439344e-05,0.9639252275086317,4.052865436776376e-05,1.0098529720198428,7.470734980958946e-05,0.27026376044975253,2.446242273993982,1,-0.45216153214128374,1.616098530404239,0,-0.6004739585242049,1.5669064261714074,0,outer_race,normal
N15_M01_F10_K006_12,K006,6203_PU_2905,normal,N15_M01_F10,0.3333333333333333,0.0,normal,1.0601712345425438,5.656259191636713e-05,0.6880711386822193,2.6882391234732688e-05,1.0737215430595701,0.00011018037311099482,-0.3915605619367275,1.5187115047154953,0,-1.7124619461409127,0.7400779144580845,0,-0.322554621639985,2.786448603541949,1,normal,normal
N15_M01_F10_K006_13,K006,6203_PU_2905,normal,N15_M01_F10,0.3333333333333333,0.0,normal,1.0994358464246858,4.817138232055786e-05,1.2793994116417453,7.376677035702566e-05,0.8621173171441978,6.478848599758465e-05,-0.273765830532063,1.1445501141659937,0,0.9891520498348466,3.749816351755929,1,-1.2433346734078383,1.2259015823622537,0,inner_race,normal
N15_M01_F10_K006_14,K006,6203_PU_2905,normal,N15_M01_F10,0.0,0.0,normal,1.2341981623833715,6.939719356764042e-05,0.8650718729018656,3.49421301521745e-05,1.149707951232721,9.221053109815715e-05,0.13052419172698096,2.091002346239423,1,-0.9037949455381663,1.2574721184238926,0,0.008094582309794525,2.168655750952684,1,outer_race,normal
N15_M01_F10_K006_15,K006,6203_PU_2905,normal,N15_M01_F10,0.3333333333333333,0.0,normal,1.0968185441549434,5.40588543183383e-05,1.139432695313158,5.588358428112284e-05,1.3575616248737614,0.00010224636980333242,-0.2816177970507833,1.407070634522312,0,0.34968315058611693,2.60180685431541,1,0.9125543847897222,2.513682124438141,1,inner_race,normal
N15_M01_F10_K006_16,K006,6203_PU_2905,normal,N15_M01_F10,0.3333333333333333,0.0,normal,0.8453627028822154,3.29163755275675e-05,0.7901879404011416,3.2210803228080224e-05,1.1571030547454217,0.0001131953474453913,-1.0359910574248794,0.46433417040527936,0,-1.2459187528527325,1.0821348358967955,0,0.04027382526109747,2.8901016903748524,1,normal,normal
N15_M01_F10_K006_17,K006,6203_PU_2905,normal,N15_M01_F10,0.3333333333333333,0.0,normal,0.8408474021953581,3.094518132203023e-05,1.0237460147345323,4.678736673390699e-05,0.894447175365024,7.482602112239584e-05,-1.0495370624946903,0.3764392421990659,0,-0.1788570354512657,2.0178759993398536,1,-1.102653699776786,1.5709862777809427,0,inner_race,normal
N15_M01_F10_K006_18,K006,6203_PU_2905,normal,N15_M01_F10,0.3333333333333333,0.0,normal,0.9369337369799132,4.086365353890037e-05,0.8044803270403543,2.552215686550642e-05,1.011651132910754,8.515307673602849e-05,-0.7612758660876247,0.8187007915523472,0,-1.1806208235196005,0.6527577933125054,0,-0.5926493951391507,1.9260245214024632,0,normal,normal
N15_M01_F10_K006_19,K006,6203_PU_2905,normal,N15_M01_F10,0.3333333333333333,0.0,normal,0.9201822818077323,4.460574469912278e-05,1.3115597264003218,8.305381440519536e-05,1.4025871861697425,0.0001446518252929653,-0.8115306137613634,0.9855594566929574,0,1.1360835605368607,4.345997296538108,1,1.1084797661550776,3.9715573407907208,1,inner_race,normal
N15_M01_F10_K006_2,K006,6203_PU_2905,normal,N15_M01_F10,0.3333333333333333,0.0,normal,1.1615021171607136,6.785908388847213e-05,1.1602043833430604,6.175798238253622e-05,1.6796557255724895,0.0001980425592868206,-0.08756560238299164,2.0224185205341665,1,0.4445832013155832,2.9789133041138784,1,2.314122909390486,5.0,1,inner_race,normal
N15_M01_F10_K006_20,K006,6203_PU_2905,normal,N15_M01_F10,0.3333333333333333,0.3333333333333333,normal,1.1588862016262067,5.779991204131952e-05,0.7813197688996312,2.680281897704989e-05,1.1988744525213044,0.00010548671477250731,-0.09541340866436931,1.5738832190221288,0,-1.2864349556841734,0.7349697806409382,0,0.22203895608544694,2.6250833243179,1,normal,normal
N15_M01_F10_K006_3,K006,6203_PU_2905,normal,N15_M01_F10,0.3333333333333333,0.0,normal,1.034111143077869,4.910871745332105e-05,1.1426415730681871,5.199197509951932e-05,1.2026639861554462,9.74456186103071e-05,-0.46974143084933984,1.1863455922411368,0,0.36434361830056283,2.3519853581991463,1,0.2385288298614868,2.348635054353072,1,inner_race,normal
N15_M01_F10_K006_4,K006,6203_PU_2905,normal,N15_M01_F10,0.3333333333333333,0.0,normal,0.9056102381075056,3.6099694551073414e-05,1.0335820932073507,4.7398283926121115e-05,0.8461221373108199,5.0353249623064275e-05,-0.8552470772995124,0.6062773621225379,0,-0.1339187355545162,2.0570937727184204,1,-1.3129365088688376,0.729626442533854,0,inner_race,normal
N15_M01_F10_K006_5,K006,6203_PU_2905,normal,N15_M01_F10,0.3333333333333333,0.0,normal,0.9636682364971927,4.2515783398221194e-05,1.0892048587256744,5.3478702441548076e-05,0.9598029511150502,6.973696571389614e-05,-0.6810717576316755,0.8923687411457591,0,0.12020617051008281,2.4474256841852053,1,-0.8182629022011996,1.3960274742724978,0,inner_race,normal
N15_M01_F10_K006_6,K006,6203_PU_2905,normal,N15_M01_F10,0.3333333333333333,0.3333333333333333,normal,0.9792066015268551,4.37369867580166e-05,1.3764834308245366,8.943617129588942e-05,1.1302513936518275,0.00010382048867149084,-0.6344563080601703,0.9468218139748505,0,1.4327018630327018,4.755712114438745,1,-0.0765691809920042,2.5677994274828437,1,inner_race,normal
N15_M01_F10_K006_7,K006,6203_PU_2905,normal,N15_M01_F10,0.3333333333333333,0.0,normal,1.0606414759065619,4.370927910367013e-05,0.9738759374958846,3.7951756261144355e-05,1.2113108763789389,8.471144756318733e-05,-0.3901498271168816,0.9455863384023756,0,-0.406699512818392,1.4506747917158733,0,0.27615512958766864,1.9108415639629226,0,normal,normal
N15_M01_F10_K006_8,K006,6203_PU_2905,normal,N15_M01_F10,0.3333333333333333,0.3333333333333333,normal,0.9947989917588925,3.6784800554940887e-05,1.1760392452268735,5.7990192264766376e-05,1.0884787163210352,8.772101396051987e-05,-0.587678781649043,0.636826022855418,0,0.516928269944799,2.737040361495964,1,-0.25833987970438044,2.0143087290240618,1,inner_race,normal
N15_M01_F10_K006_9,K006,6203_PU_2905,normal,N15_M01_F10,0.3333333333333333,0.0,normal,1.1442632569735374,5.688726566650031e-05,1.1274714149972447,5.4718133279207725e-05,1.2650441262035879,0.00011559819047544675,-0.13928257622106874,1.5331886048805803,0,0.2950353960494885,2.526990833651006,1,0.5099713699825208,2.972710054366127,1,inner_race,normal
N15_M01_F10_KA01_1,KA01,6203_PU_2905,outer_race,N15_M01_F10,1.0,0.0,outer_race,1.4861999923889662,2.9947599094240593e-06,0.8316834829817815,8.301139835792038e-07,1.1846899505331834,3.7820911317484996e-06,0.8865354307555215,-0.8698612372226608,0,-1.056337189222444,-0.9323456451546218,0,0.16031615060543364,-0.8714632516427828,0,normal,outer_race
N15_M01_F10_KA01_10,KA01,6203_PU_2905,outer_race,N15_M01_F10,1.0,0.0,outer_race,1.4341858618361158,2.670403250789715e-06,0.9242006446912576,1.050263675762736e-06,1.1478477373624447,3.0952614834853422e-06,0.7304918524792066,-0.8843241983777758,0,-0.6336520744192474,-0.9182131557641627,0,0.0,-0.895076060666938,0,normal,outer_race
N15_M01_F10_KA01_11,KA01,6203_PU_2905,outer_race,N15_M01_F10,1.0,0.0,outer_race,1.3312636966859648,2.2146834183271457e-06,0.7347341757506672,6.699500724450748e-07,1.3276910895333418,3.5196200947887363e-06,0.4217230090270048,-0.9046446020416693,0,-1.4992715410755297,-0.9426273528072061,0,0.7825749717694693,-0.8804868552186846,0,normal,outer_race
N15_M01_F10_KA01_12,KA01,6203_PU_2905,outer_race,N15_M01_F10,1.0,0.0,outer_race,1.039014932079315,1.293214161024159e-06,0.9124189528239176,1.0659332071744154e-06,1.1972087829344733,3.020997762317294e-06,-0.45502995197303453,-0.9457326257317568,0,-0.6874793394099376,-0.9172072516257894,0,0.21479091875653328,-0.8976292047686795,0,normal,outer_race
N15_M01_F10_KA01_13,KA01,6203_PU_2905,outer_race,N15_M01_F10,1.0,0.0,outer_race,1.0800112308373608,1.494465091842747e-06,1.507297181218407,2.867167464761792e-06,1.0986452949099825,2.9540174560521033e-06,-0.33204012043503967,-0.9367589101708833,0,2.0303534130954013,-0.8015771829093491,1,-0.21410076907727646,-0.899931949247196,0,inner_race,outer_race
N15_M01_F10_KA01_14,KA01,6203_PU_2905,outer_race,N15_M01_F10,1.0,0.0,outer_race,1.5738902156415573,2.6170927221155158e-06,1.2906793837577621,1.7445688556503877e-06,0.947713850967855,1.7445470998594166e-06,1.1496081010230705,-0.8867012980452216,0,1.0406870971789015,-0.8736422981300634,0,-0.8708677224083963,-0.9415128457815468,0,normal,outer_race
N15_M01_F10_KA01_15,KA01,6203_PU_2905,outer_race,N15_M01_F10,1.0,0.3333333333333333,outer_race,0.9244998256483423,1.0456090904062249e-06,1.122642121887254,1.6233777665391575e-06,1.2857883117707203,3.3724778557781617e-06,-0.7985778837417951,-0.9567732577731471,0,0.27297170240717017,-0.8814221490310348,0,0.6002381507037395,-0.8855455209270294,0,normal,outer_race
N15_M01_F10_KA01_16,KA01,6203_PU_2905,outer_race,N15_M01_F10,1.0,0.0,outer_race,1.5078241405101682,2.824142778157605e-06,1.117583772102064,1.6398721969000838e-06,1.583234786930643,5.0013420068164305e-06,0.9514083684388857,-0.8774690013188057,0,0.24986151268494552,-0.8803632905799263,0,1.8945543658508512,-0.82954610648413,0,normal,outer_race
N15_M01_F10_KA01_17,KA01,6203_PU_2905,outer_race,N15_M01_F10,1.0,0.0,outer_race,1.2040278678206737,1.7445320736127104e-06,1.190785609046631,1.608945858276497e-06,1.0613006598734798,2.490167713287369e-06,0.040012619752702656,-0.9256085022873412,0,0.5843002944309924,-0.8823486040643496,0,-0.3766031710657642,-0.9158788371247133,0,normal,outer_race
N15_M01_F10_KA01_18,KA01,6203_PU_2905,outer_race,N15_M01_F10,1.0,0.0,outer_race,0.9134173986931606,9.980381776880676e-07,1.0225703716228454,1.27231563416847e-06,1.3011272071422506,2.823746621485692e-06,-0.8318254174348805,-0.9588944297745263,0,-0.1842282210178035,-0.9039585505672428,0,0.6669842131378043,-0.9044105857559906,0,normal,outer_race
N15_M01_F10_KA01_19,KA01,6203_PU_2905,outer_race,N15_M01_F10,1.0,0.0,outer_race,1.3487983274270643,2.276300253507973e-06,1.199918645553254,1.7825053544241945e-06,1.5541649549912429,5.028392563233691e-06,0.4743273012743757,-0.9018971267856546,0,0.6260265916170882,-0.8712069680548116,0,1.768059154130701,-0.8286161238832142,0,normal,outer_race
N15_M01_F10_KA01_2,KA01,6203_PU_2905,outer_race,N15_M01_F10,1.0,0.0,outer_race,1.3350793591244845,2.2119507192145664e-06,0.8532498587626999,1.0803560855876985e-06,1.2560286870577602,3.0660441649523925e-06,0.4331700833906946,-0.9047664522336161,0,-0.9578064317455567,-0.916281376262831,0,0.4707413570302979,-0.8960805353055344,0,normal,outer_race
N15_M01_F10_KA01_20,KA01,6203_PU_2905,outer_race,N15_M01_F10,1.0,0.0,outer_race,1.065368412590756,1.298134370901785e-06,0.9431518943227648,9.818460758600982e-07,1.475443451601541,4.499739776837195e-06,-0.37596890922692905,-0.9455132351244089,0,-0.5470690991296241,-0.9226052173435113,0,1.4255083867589646,-0.8467909031997953,0,normal,outer_race
N15_M01_F10_KA01_3,KA01,6203_PU_2905,outer_race,N15_M01_F10,1.0,0.0,outer_race,1.3936611398051892,2.2836207817694692e-06,1.9620340129778098,3.952000013364198e-06,1.1642236388411484,2.7102802860614933e-06,0.6089167618808253,-0.90157070673827,0,4.107919200738645,-0.731936456495038,1,0.07125851738583196,-0.9083114932311085,0,inner_race,outer_race
N15_M01_F10_KA01_4,KA01,6203_PU_2905,outer_race,N15_M01_F10,1.0,0.0,outer_race,1.2224122595506355,2.1290813086971107e-06,1.1297511764196513,1.7587926275950991e-06,1.1153398237186414,3.6707600811170384e-06,0.09516621435257473,-0.9084615731240195,0,0.3054509903105815,-0.872729204388677,0,-0.14145576856190586,-0.8752907492525133,0,normal,outer_race
N15_M01_F10_KA01_5,KA01,6203_PU_2905,outer_race,N15_M01_F10,1.0,0.0,outer_race,0.7802876898165991,7.203226254720216e-07,1.253251830468172,1.5841118128080032e-06,1.3573373967324494,3.617686248001768e-06,-1.2312175812022774,-0.9712776786980514,0,0.869691042320543,-0.8839428233458968,0,0.9115786727089639,-0.87711539716732,0,normal,outer_race
N15_M01_F10_KA01_6,KA01,6203_PU_2905,outer_race,N15_M01_F10,1.0,0.0,outer_race,1.497012264675992,2.549445454146955e-06,1.249919466613054,1.759526807318064e-06,1.1155235489162092,2.6420503937740937e-06,0.9189724942810003,-0.8897176683981481,0,0.8544664010470713,-0.8726820737883905,0,-0.14065630202858997,-0.9106571977597281,0,normal,outer_race
N15_M01_F10_KA01_7,KA01,6203_PU_2905,outer_race,N15_M01_F10,1.0,0.0,outer_race,1.596088135274559,3.0773821389767274e-06,1.0013783573299222,1.4429944932538588e-06,1.2140955790811334,3.0282556710672384e-06,1.2162023663314974,-0.8661771380535536,0,-0.28104862524122587,-0.8930018367909229,0,0.28827255629402493,-0.8973796820323495,0,normal,outer_race
N15_M01_F10_KA01_8,KA01,6203_PU_2905,outer_race,N15_M01_F10,1.0,0.0,outer_race,0.8886192826612191,9.27285591005067e-07,1.2700773792348088,1.8014320241100865e-06,1.286223028316194,3.1609863144131844e-06,-0.9062203312593768,-0.9620492653099784,0,0.9465622830789401,-0.869991972222296,0,0.6021297874208894,-0.8928164787097984,0,normal,outer_race
N15_M01_F10_KA01_9,KA01,6203_PU_2905,outer_race,N15_M01_F10,1.0,0.0,outer_race,1.0806252486600256,1.3219001247687968e-06,0.7576508350932819,8.1947602671503e-07,1.2917931589070357,3.59553940801326e-06,-0.33019805295922766,-0.9444535276516294,0,-1.3945717145119283,-0.9330285478242915,0,0.6263677964285176,-0.8778767928124549,0,normal,outer_race
N15_M01_F10_KA03_1,KA03,6203_PU_2905,outer_race,N15_M01_F10,0.0,0.0,normal,1.2857221451755412,2.5181413225807595e-06,1.2523328108433578,2.3902823526248813e-06,0.9661865740175319,2.818703755840658e-06,0.2850973155393302,-0.8911135097560619,0,0.8654922979098488,-0.8321907791442428,0,-0.7904850419000335,-0.9045839565819469,0,normal,normal
N15_M01_F10_KA03_10,KA03,6203_PU_2905,outer_race,N15_M01_F10,0.0,0.0,normal,1.2895360268028673,2.019477818765735e-06,0.859188001000551,9.210283854272828e-07,1.3291350202501446,3.6828189265841795e-06,0.2965390474288128,-0.913348758187575,0,-0.9306767156242854,-0.9265094034283023,0,0.7888581288964854,-0.8748761730678837,0,normal,normal
N15_M01_F10_KA03_11,KA03,6203_PU_2905,outer_race,N15_M01_F10,0.0,0.0,normal,1.2548262258043208,1.931183244458974e-06,1.2028534671549207,1.7565902268359395e-06,0.9711971846522863,2.0240120113503634e-06,0.19240885258553478,-0.9172857854210614,0,0.6394349731833412,-0.872870587304336,0,-0.7686817423690362,-0.9319050025548086,0,normal,normal
N15_M01_F10_KA03_12,KA03,6203_PU_2905,outer_race,N15_M01_F10,0.0,0.0,normal,1.3679331104604335,2.3780536516119405e-06,1.001632646930438,1.0927458508315642e-06,1.2774153410652425,3.5664843652677353e-06,0.531732086903427,-0.897359974841943,0,-0.2798868469613778,-0.9154860164141638,0,0.5638037913884207,-0.8788756885026361,0,normal,normal
N15_M01_F10_KA03_13,KA03,6203_PU_2905,outer_race,N15_M01_F10,0.0,0.0,normal,0.8564120505593735,1.1645921902670247e-06,0.9523379592090153,1.3094901912795596e-06,1.062944961686088,3.664108453523813e-06,-1.0028427623205145,-0.9514678388597594,0,-0.5051005300631921,-0.9015721332674653,0,-0.36944811401723016,-0.8755194283907184,0,normal,normal
N15_M01_F10_KA03_14,KA03,6203_PU_2905,outer_race,N15_M01_F10,0.0,0.0,normal,1.365878634713345,2.2117293253762223e-06,1.0944036556580254,1.3283617761848125e-06,1.2650409712616266,4.361875487167136e-06,0.5255686127926394,-0.9047763241150735,0,0.1439580240860689,-0.9003606735974136,0,0.509957641487214,-0.8515305983359358,0,normal,normal
N15_M01_F10_KA03_15,KA03,6203_PU_2905,outer_race,N15_M01_F10,0.0,0.0,normal,0.9062287961089948,1.0677659773935913e-06,0.8757758107219255,8.603251928252999e-07,0.9020074269787067,2.2688740166706843e-06,-0.8533913891836505,-0.9557852891673358,0,-0.8548916382736627,-0.9304062393352966,0,-1.0697558271463556,-0.9234867873779863,0,normal,normal
N15_M01_F10_KA03_16,KA03,6203_PU_2905,outer_race,N15_M01_F10,0.0,0.0,normal,1.3519086316502946,2.355287308901016e-06,0.980948854052634,1.2873944216435739e-06,1.0594210043558254,2.1558343251307773e-06,0.48365828490059726,-0.8983751188863369,0,-0.37438532924917406,-0.9029905691819441,0,-0.38478235225822144,-0.9273730270812824,0,normal,normal
N15_M01_F10_KA03_17,KA03,6203_PU_2905,outer_race,N15_M01_F10,0.0,0.0,normal,1.42284885066789,2.734147466803203e-06,1.012485821978925,1.189007548134177e-06,1.1189392255074309,2.8722660084128815e-06,0.696480560339064,-0.8814818638810893,0,-0.23030171641279265,-0.9093065055443389,0,-0.1257932393705448,-0.9027425170865936,0,normal,normal
N15_M01_F10_KA03_18,KA03,6203_PU_2905,outer_race,N15_M01_F10,0.0,0.0,normal,0.9774184835131691,1.3981971744136152e-06,0.8573400157198561,9.854974529988274e-07,1.3814082772688723,4.318044585960355e-06,-0.6398207028942318,-0.941051466260601,0,-0.9391196450883134,-0.9223708175214547,0,1.0163213191780824,-0.8530374795577489,0,normal,normal
N15_M01_F10_KA03_19,KA03,6203_PU_2905,outer_race,N15_M01_F10,0.0,0.0,normal,1.4553468303706347,3.0789838027926513e-06,1.014083135525883,1.3760912398753333e-06,1.021786379445584,2.9811842909164205e-06,0.7939752408358324,-0.8661057203689257,0,-0.22300403620408926,-0.8972966850334131,0,-0.5485466236153299,-0.8989979690600213,0,normal,normal
N15_M01_F10_KA03_2,KA03,6203_PU_2905,outer_race,N15_M01_F10,0.0,0.0,normal,0.9182110565466804,1.099608514626807e-06,1.19773105429742,1.6773211999144228e-06,1.1429520415669,3.561155291644733e-06,-0.8174443345148161,-0.9543654404704621,0,0.6160320971467724,-0.877959255250446,0,-0.021303256154554664,-0.8790588989945737,0,normal,normal
N15_M01_F10_KA03_20,KA03,6203_PU_2905,outer_race,N15_M01_F10,0.0,0.0,normal,1.1889540820418998,2.0242560997541477e-06,1.0308110289536137,1.4457496908208251e-06,1.1749548785536266,3.57333763900945e-06,-0.00520908146751738,-0.913135696144654,0,-0.14657895545940247,-0.892824967134656,0,0.11795470889734105,-0.8786400768856032,0,normal,normal
N15_M01_F10_KA03_3,KA03,6203_PU_2905,outer_race,N15_M01_F10,0.0,0.0,normal,1.5909637905432374,2.6773619371404807e-06,1.0277710864708842,1.274865528990002e-06,1.250541170682827,3.6086251911498953e-06,1.2008292152339446,-0.8840139127471199,0,-0.16046760501982227,-0.9037948603019753,0,0.4468628376390614,-0.8774269111002746,0,normal,normal
N15_M01_F10_KA03_4,KA03,6203_PU_2905,outer_race,N15_M01_F10,0.0,0.0,normal,1.2204391227904348,1.964789885559055e-06,1.1111583781961991,1.4060941549487563e-06,1.3347067541268856,3.938669183165453e-06,0.08924675905806757,-0.9157872758888975,0,0.22050567955546785,-0.8953706506394857,0,0.8131031144834652,-0.8660801881206527,0,normal,normal
N15_M01_F10_KA03_5,KA03,6203_PU_2905,outer_race,N15_M01_F10,0.0,0.0,normal,1.006084203493221,1.375620627493897e-06,1.020485928901506,1.3361461977516392e-06,0.9660585600225589,2.6889744210185266e-06,-0.5538228889923126,-0.942058147370498,0,-0.19375145859546217,-0.8998609533656347,0,-0.7910420852785788,-0.9090439766403879,0,normal,normal
N15_M01_F10_KA03_6,KA03,6203_PU_2905,outer_race,N15_M01_F10,0.0,0.0,normal,1.4299826033174887,2.3054664383946926e-06,0.8571835946308709,7.701029486687271e-07,1.2978610391638692,3.951894727987148e-06,0.7178819810328205,-0.9005966157961914,0,-0.9398342894281707,-0.9361980480618025,0,0.6527717260893684,-0.8656255014819718,0,normal,normal
N15_M01_F10_KA03_7,KA03,6203_PU_2905,outer_race,N15_M01_F10,0.0,0.0,normal,1.3371915539031292,2.230093012038962e-06,0.8926340386036136,1.0421553025857853e-06,1.185090813828374,2.9344214069808673e-06,0.439506715912916,-0.9039574931159315,0,-0.7778710957506862,-0.9187336720399775,0,0.16206047742169047,-0.9006056501649085,0,normal,normal
N15_M01_F10_KA03_8,KA03,6203_PU_2905,outer_race,N15_M01_F10,0.0,0.0,normal,1.3875466776869352,2.793890349500779e-06,1.2471185631266455,1.9917510536664675e-06,1.115918061422498,3.0462679341442504e-06,0.5905732360345578,-0.8788179475755397,0,0.8416698540083397,-0.8577744594957021,0,-0.1389396101979226,-0.8967604307679263,0,normal,normal
N15_M01_F10_KA03_9,KA03,6203_PU_2905,outer_race,N15_M01_F10,0.0,0.0,normal,1.3951655339376705,2.682513973528549e-06,1.0176986909949977,1.3582922929913692e-06,1.1375567534413096,3.4732187314389866e-06,0.6134299785985737,-0.8837841850687548,0,-0.20648557141007567,-0.898439286803618,0,-0.04478045117792038,-0.8820821074533673,0,normal,normal
N15_M01_F10_KA04_1,KA04,6203_PU_2855,outer_race,N15_M01_F10,1.0,0.0,outer_race,16.36069854791087,0.00015803822161993166,0.8558426075016662,8.355075783869028e-07,1.1299592012119875,1.4447356526453163e-06,5.0,5.0,1,-0.9459608857070041,-0.9319994038283668,0,-0.07784063466320675,-0.9518201912262643,0,outer_race,outer_race
N15_M01_F10_KA04_10,KA04,6203_PU_2855,outer_race,N15_M01_F10,1.0,0.0,outer_race,15.83360165969809,0.00015433901334270986,0.938298225046619,1.249123727358367e-06,0.9438976261242157,9.042271095542336e-07,5.0,5.0,1,-0.5692441606781705,-0.9054473529075389,0,-0.8874737409975018,-0.9704025646520603,0,outer_race,outer_race
N15_M01_F10_KA04_11,KA04,6203_PU_2855,outer_race,N15_M01_F10,1.0,0.0,outer_race,17.175020585900647,0.00014128093945507068,1.1551131515887223,1.4125475457871166e-06,0.8813153392113416,7.30116778352032e-07,5.0,5.0,1,0.42132278304497306,-0.8949563758037999,0,-1.1597959081664733,-0.9763883778885832,0,outer_race,outer_race
N15_M01_F10_KA04_12,KA04,6203_PU_2855,outer_race,N15_M01_F10,1.0,0.0,outer_race,13.12329524930888,0.00013879818007350606,1.0963585650514973,1.8929008515557721e-06,1.027280740182451,1.3140838838068744e-06,5.0,5.0,1,0.15288946000716103,-0.8641201391953562,0,-0.5246383214921619,-0.9563119240366513,0,outer_race,outer_race
N15_M01_F10_KA04_13,KA04,6203_PU_2855,outer_race,N15_M01_F10,1.0,0.0,outer_race,14.183838685684645,0.00012402057108219474,1.1912761487217507,2.457400022726016e-06,1.3252308908242496,2.0274757654444654e-06,5.0,4.526641529601393,1,0.5865414334268529,-0.8278821664398206,0,0.7718696000552812,-0.9317859206774646,0,outer_race,outer_race
N15_M01_F10_KA04_14,KA04,6203_PU_2855,outer_race,N15_M01_F10,1.0,0.0,outer_race,16.728325204177985,0.00013563626865205572,1.2626233825798376,1.607805607513311e-06,0.9304749462798922,7.399654698545568e-07,5.0,5.0,1,0.9125070507995173,-0.8824218023579895,0,-0.9458815340765605,-0.9760497855284908,0,outer_race,outer_race
N15_M01_F10_KA04_15,KA04,6203_PU_2855,outer_race,N15_M01_F10,1.0,0.0,outer_race,15.180007456357378,0.0001331476326235027,0.7746578723122669,6.563930930649596e-07,1.1722238556563986,1.2237629140381603e-06,5.0,4.933614326423459,1,-1.3168713036201334,-0.9434976418607852,0,0.1060708658700547,-0.9594171071274197,0,outer_race,outer_race
N15_M01_F10_KA04_16,KA04,6203_PU_2855,outer_race,N15_M01_F10,1.0,0.0,outer_race,16.71114244400116,0.0001341436505916048,0.9466727009711194,1.1813381754424488e-06,1.1109348045631249,1.0674877508377397e-06,5.0,4.978026453626609,1,-0.5309835152783503,-0.9097988402240847,0,-0.16062388180968676,-0.9647897575265422,0,outer_race,outer_race
N15_M01_F10_KA04_17,KA04,6203_PU_2855,outer_race,N15_M01_F10,1.0,0.0,outer_race,13.20463629282926,0.00014945907122640228,0.9928219542458191,1.8282718547622895e-06,1.0484808415693379,1.489556089663836e-06,5.0,5.0,1,-0.32014044510556255,-0.868268991744005,0,-0.4323876569883808,-0.9502792903312989,0,outer_race,outer_race
N15_M01_F10_KA04_18,KA04,6203_PU_2855,outer_race,N15_M01_F10,1.0,0.0,outer_race,15.86941184324467,0.00012864357920814285,1.076408508247906,1.0709359901855626e-06,1.0314598914350495,1.0492027203059464e-06,5.0,4.732780004534764,1,0.06174321325094899,-0.9168860984271336,0,-0.5064530556258168,-0.9654183863794753,0,outer_race,outer_race
N15_M01_F10_KA04_19,KA04,6203_PU_2855,outer_race,N15_M01_F10,1.0,0.0,outer_race,15.021578362308139,0.00013225274773510815,1.1016608219088797,1.6517352305398993e-06,0.8960550597647247,8.275439939040667e-07,5.0,4.893711691362281,1,0.1771139931323397,-0.8796017442184917,0,-1.0956571103921053,-0.9730388861472135,0,outer_race,outer_race
N15_M01_F10_KA04_2,KA04,6203_PU_2855,outer_race,N15_M01_F10,1.0,0.0,outer_race,14.157883497507024,0.00014863534544521493,1.2138506981124364,2.000895392574737e-06,0.8086334834504831,8.660728757175458e-07,5.0,5.0,1,0.6896782550124105,-0.8571874394943471,0,-1.4760655980583572,-0.9717142853084514,0,outer_race,outer_race
N15_M01_F10_KA04_20,KA04,6203_PU_2855,outer_race,N15_M01_F10,1.0,0.0,outer_race,14.518937876695658,0.00013409016554135,1.1756775229533525,1.6322832453741083e-06,0.8985450834515336,9.363964613899353e-07,5.0,4.975641572096903,1,0.5152756617380078,-0.8808504626302791,0,-1.084821957505508,-0.9692966008031668,0,outer_race,outer_race
N15_M01_F10_KA04_3,KA04,6203_PU_2855,outer_race,N15_M01_F10,1.0,0.0,outer_race,14.798859775715462,0.00015049896180686505,1.1107293149093207,1.4087059660126686e-06,1.1561072506781709,1.3679725499614655e-06,5.0,5.0,1,0.2185454090356961,-0.8952029856666914,0,0.03594065792179966,-0.9544592626297178,0,outer_race,outer_race
N15_M01_F10_KA04_4,KA04,6203_PU_2855,outer_race,N15_M01_F10,1.0,0.0,outer_race,15.862333577754315,0.00014523471739744166,0.9442025682490742,7.418243233926389e-07,1.2395689093921631,1.3577635336148562e-06,5.0,5.0,1,-0.5422688629252601,-0.9380133918296144,0,0.3991178586551893,-0.9548102427511009,0,outer_race,outer_race
N15_M01_F10_KA04_5,KA04,6203_PU_2855,outer_race,N15_M01_F10,1.0,0.0,outer_race,14.889120026075755,0.00013582131608214548,1.264428017176516,1.2797129260059285e-06,0.9220932170288745,7.90452218827832e-07,5.0,5.0,1,0.9207519230759732,-0.9034836820930964,0,-0.9823540055514112,-0.9743140800813379,0,outer_race,outer_race
N15_M01_F10_KA04_6,KA04,6203_PU_2855,outer_race,N15_M01_F10,1.0,0.0,outer_race,16.10674972981117,0.00014967505377358475,1.175750726148549,1.465914945582362e-06,0.7612098396397357,6.514405828601625e-07,5.0,5.0,1,0.5156101067252279,-0.8915304604462898,0,-1.6824260571379603,-0.9790932203245416,0,outer_race,outer_race
N15_M01_F10_KA04_7,KA04,6203_PU_2855,outer_race,N15_M01_F10,1.0,0.0,outer_race,15.5794525992878,0.00012593650830405263,1.2029959237359147,1.4414085376263796e-06,1.469990706379054,1.8277089261164072e-06,5.0,4.612072566325099,1,0.6400858175799841,-0.893103647067634,0,1.4017811714516184,-0.9386537899349158,0,outer_race,outer_race
N15_M01_F10_KA04_8,KA04,6203_PU_2855,outer_race,N15_M01_F10,1.0,0.3333333333333333,outer_race,13.576763642845277,0.00013917032485512512,0.9683046125795861,1.5129824241812646e-06,0.8937755865873361,9.55348022747836e-07,5.0,5.0,1,-0.4321533428790947,-0.8885089679548077,0,-1.1055760683958962,-0.9686450570030626,0,outer_race,normal
N15_M01_F10_KA04_9,KA04,6203_PU_2855,outer_race,N15_M01_F10,1.0,0.0,outer_race,16.368289575845196,0.00012414129232974323,0.8974807212962772,9.08899597447508e-07,0.8714040420532693,5.602910712686848e-07,5.0,4.532024451972224,1,-0.7557279539539642,-0.9272880098653279,0,-1.2029241806327626,-0.9822268882075419,0,outer_race,outer_race
N15_M01_F10_KA05_1,KA05,6203_PU_2905,outer_race,N15_M01_F10,0.3333333333333333,0.0,normal,1.6143473962888584,2.8644711953889817e-05,0.9106077912551214,7.951217535343214e-06,0.9272104594245348,1.393902061122098e-05,1.2709805659297284,0.27386203829632666,0,-0.6957540316020496,-0.47520705279281394,0,-0.960086705843185,-0.522273846850658,0,normal,normal
N15_M01_F10_KA05_10,KA05,6203_PU_2905,outer_race,N15_M01_F10,0.3333333333333333,0.0,normal,1.143519565507065,1.2798797631362313e-05,1.1905738692543961,1.4418530302500407e-05,1.1233755062359272,2.0698260096731984e-05,-0.14151366758659698,-0.43270228592293414,0,0.583332914360792,-0.060038500158942264,0,-0.10648909371290916,-0.28989507356458033,0,normal,normal
N15_M01_F10_KA05_11,KA05,6203_PU_2905,outer_race,N15_M01_F10,0.0,0.0,normal,0.9706602705534864,9.27790017367365e-06,0.891547657860803,9.556168549126683e-06,1.44052931775317,3.438400209700976e-05,-0.6600954959509132,-0.589697993598848,0,-0.7828344664433241,-0.37217736899206566,0,1.2735821299308523,0.1806128799339588,0,normal,normal
N15_M01_F10_KA05_12,KA05,6203_PU_2905,outer_race,N15_M01_F10,0.0,0.0,normal,1.409330236318252,1.9799274863209475e-05,1.0999576699304752,1.1966425643517015e-05,1.1158950525942293,1.9314477776735108e-05,0.6559244088849578,-0.1205532130543227,0,0.16933276664184438,-0.2174511348697268,0,-0.13903973140293488,-0.3374687153485608,0,normal,normal
N15_M01_F10_KA05_13,KA05,6203_PU_2905,outer_race,N15_M01_F10,0.3333333333333333,0.0,normal,1.2024667738029506,1.3430086875194235e-05,1.3433562632457945,1.5736736496708296e-05,1.2252168744306642,2.4717709104579018e-05,0.035329302085713214,-0.40455329755431324,0,1.2813530713880144,0.02458362612842731,0,0.3366660459011841,-0.15170872408967018,0,normal,normal
N15_M01_F10_KA05_14,KA05,6203_PU_2905,outer_race,N15_M01_F10,0.3333333333333333,0.0,normal,1.1582628043567305,1.4256666745730128e-05,1.1896283121029758,1.5189360716599732e-05,1.1595016485025238,2.3436587698106093e-05,-0.09728361469459251,-0.3676963617063046,0,0.5790129273906326,-0.01055511210123794,0,0.0507111276083472,-0.1957529426004759,0,normal,normal
N15_M01_F10_KA05_15,KA05,6203_PU_2905,outer_race,N15_M01_F10,0.3333333333333333,0.0,normal,1.0847835774639356,1.200126355572987e-05,1.1594860227831365,1.2894797272259807e-05,1.3542743338086436,3.40037500988384e-05,-0.31772297168199143,-0.46826407893288063,0,0.44130121222154867,-0.15785440292120886,0,0.8982499822003063,0.16754003452523303,0,normal,normal
N15_M01_F10_KA05_16,KA05,6203_PU_2905,outer_race,N15_M01_F10,0.3333333333333333,0.0,normal,1.048585360629556,1.1829635226446715e-05,1.5347950015172707,2.575732989221782e-05,1.0305470172995026,2.0750223885178744e-05,-0.42631844798855434,-0.4759169320298101,0,2.1559832866788704,0.6678547042913779,1,-0.5104253595349199,-0.2881085883482421,0,inner_race,normal
N15_M01_F10_KA05_17,KA05,6203_PU_2905,outer_race,N15_M01_F10,0.3333333333333333,0.0,normal,0.6609901957663847,5.14478225829778e-06,1.045071428837,1.0151079314311029e-05,0.9442002752254942,2.1579374644410958e-05,-1.5891127849311562,-0.773992418480622,0,-0.08142716469460577,-0.33398712673531744,0,-0.8861567859417262,-0.2596028612301808,0,normal,normal
N15_M01_F10_KA05_18,KA05,6203_PU_2905,outer_race,N15_M01_F10,0.3333333333333333,0.0,normal,0.9662025692015016,8.876429761295106e-06,0.9103060202686498,8.139931655098295e-06,1.2063146317192137,2.2133072505873867e-05,-0.6734687017020714,-0.6075994327233167,0,-0.6971327390948449,-0.4630925671043893,0,0.2544143425285933,-0.24056704661025421,0,normal,normal
N15_M01_F10_KA05_19,KA05,6203_PU_2905,outer_race,N15_M01_F10,0.3333333333333333,0.6666666666666666,inner_race,1.512214696086881,2.1806188440508583e-05,1.053905611293524,1.05220029976404e-05,0.8957560066992737,1.4398137162335206e-05,0.9645801353324062,-0.03106556932177579,0,-0.0410662483323637,-0.3101757147486399,0,-1.0969584175654197,-0.5064896833849375,0,normal,normal
N15_M01_F10_KA05_2,KA05,6203_PU_2905,outer_race,N15_M01_F10,0.0,0.3333333333333333,normal,1.1563114144763385,1.5782038896430336e-05,1.0718810779708203,1.3398203960903633e-05,0.9658148335356185,1.6788030777793304e-05,-0.10313782885355384,-0.29968049837993627,0,0.041058646722170335,-0.12553825650382505,0,-0.7921026429602193,-0.424326512833747,0,normal,normal
N15_M01_F10_KA05_20,KA05,6203_PU_2905,outer_race,N15_M01_F10,0.3333333333333333,0.0,normal,1.200238080498141,1.6658743606380693e-05,0.9756390304890338,1.0075698906328002e-05,1.0684971742579823,2.0371584579862357e-05,0.028643171327272395,-0.2605885117442852,0,-0.3986444325451974,-0.338826165143695,0,-0.3452880739364636,-0.3011259903024004,0,normal,inner_race
N15_M01_F10_KA05_3,KA05,6203_PU_2905,outer_race,N15_M01_F10,0.0,0.0,normal,1.1247630632957055,1.3545589718935219e-05,1.1146085791647773,1.3381291215172964e-05,1.370601788595551,3.6423614516103185e-05,-0.19778360211975715,-0.3994030621641579,0,0.2362686857431965,-0.12662396867190273,0,0.9692976874098352,0.2507335840374245,0,normal,normal
N15_M01_F10_KA05_4,KA05,6203_PU_2905,outer_race,N15_M01_F10,0.3333333333333333,0.3333333333333333,normal,1.1458356347208487,1.2044713110394164e-05,1.2306687514526689,1.441971999012321e-05,1.3145302189080268,2.9558449471704824e-05,-0.1345654071078946,-0.46632667698786573,0,0.766515251257555,-0.059962128270612744,0,0.7253064220358072,0.014713150844688666,0,normal,normal
N15_M01_F10_KA05_5,KA05,6203_PU_2905,outer_race,N15_M01_F10,0.3333333333333333,0.0,normal,1.296891508783023,1.8318240453197843e-05,1.0658464004896933,1.2357172943792017e-05,1.2888245012882937,3.931288539838634e-05,0.31860566117263456,-0.18659207050085388,0,0.013487887991801738,-0.19236714760308432,0,0.6134499035837901,0.35006505834830765,0,normal,normal
N15_M01_F10_KA05_6,KA05,6203_PU_2905,outer_race,N15_M01_F10,0.3333333333333333,0.0,normal,1.1318048075789668,1.2579406437197377e-05,1.2051597158047136,1.527896533595321e-05,1.1884006807031768,2.1336291351582824e-05,-0.17665820862403395,-0.4424848701077058,0,0.6499715802007892,-0.004802951742578651,0,0.17646311696795605,-0.2679599252926138,0,normal,normal
N15_M01_F10_KA05_7,KA05,6203_PU_2905,outer_race,N15_M01_F10,0.0,0.0,normal,1.533632905732729,2.1939189765133177e-05,1.5634053209998382,2.5314281879040825e-05,0.9711567136162387,1.6194310947678943e-05,1.0288352528915568,-0.02513508218541385,0,2.2866958588286765,0.6394132775349511,1,-0.7688578490725099,-0.44473825976079984,0,inner_race,normal
N15_M01_F10_KA05_8,KA05,6203_PU_2905,outer_race,N15_M01_F10,0.3333333333333333,0.0,normal,0.9571813656371017,1.0705895545523789e-05,1.4431875766310496,2.1176555723599342e-05,1.309800902826515,3.538245071217659e-05,-0.7005325181993535,-0.5260241301433886,0,1.7374545057544168,0.3737923247531879,0,0.7047271548329745,0.214938970151505,0,normal,normal
N15_M01_F10_KA05_9,KA05,6203_PU_2905,outer_race,N15_M01_F10,0.3333333333333333,0.0,normal,1.779228339305645,2.9126343419659147e-05,0.9670176754797059,1.0294666366632665e-05,1.1307370457089199,2.353556192239506e-05,1.7656271564705497,0.2953378335207299,0,-0.4380329996449989,-0.32476956902076437,0,-0.0744559021841909,-0.19235026558681,0,normal,normal
N15_M01_F10_KA06_1,KA06,6203_PU_2905,outer_race,N15_M01_F10,0.3333333333333333,0.0,normal,1.7922137411829906,5.3962627042401186e-05,1.092155860626053,2.120736666038752e-05,0.6907527581387226,1.4178731713375372e-05,1.8045836583434038,1.4027798906239113,0,0.13368847534951292,0.375770230027323,0,-1.989014807297707,-0.5140327167677402,0,normal,normal
N15_M01_F10_KA06_10,KA06,6203_PU_2905,outer_race,N15_M01_F10,0.3333333333333333,0.0,normal,1.5328139788473116,4.251763164649994e-05,0.6040114538474369,7.553525190650421e-06,1.283695173424425,5.4035378176332935e-05,1.0263784535528202,0.8924511539538486,0,-2.096507207346448,-0.5007368765517868,0,0.5911300148594688,0.8562159084233768,0,normal,normal
N15_M01_F10_KA06_11,KA06,6203_PU_2905,outer_race,N15_M01_F10,0.6666666666666666,0.0,outer_race,1.6795761426377762,4.810235676087828e-05,1.0104549416304718,1.6823299289190034e-05,1.0806217800540463,3.44077489897303e-05,1.4666682930642059,1.1414722862201792,0,-0.23958024244381312,0.09433542539060405,0,-0.29252875353881935,0.1814292844734908,0,normal,normal
N15_M01_F10_KA06_12,KA06,6203_PU_2905,outer_race,N15_M01_F10,0.3333333333333333,0.0,normal,1.155940347938429,2.27409105171633e-05,0.9006017057750891,1.787916865210359e-05,1.0827037023790553,4.073864920054967e-05,-0.10425103693256177,0.010613393405256048,0,-0.74146904611081,0.1621168627439051,0,-0.28346942337702413,0.39908199938917693,0,normal,normal
N15_M01_F10_KA06_13,KA06,6203_PU_2905,outer_race,N15_M01_F10,0.3333333333333333,0.0,normal,1.4006974507524614,3.0098573849346963e-05,0.9092070655750764,1.1689000248862386e-05,1.147810106311806,3.718248047613894e-05,0.6300258552446284,0.3386892818850047,0,-0.7021535566624577,-0.23526043275115144,0,-0.00016374871818030995,0.2768229601069779,0,normal,normal
N15_M01_F10_KA06_14,KA06,6203_PU_2905,outer_race,N15_M01_F10,0.3333333333333333,0.0,normal,1.1426447276724223,2.0217674854099787e-05,0.9815879437364934,1.835877561480928e-05,1.2613205292587921,3.408897946696389e-05,-0.14413820104852665,-0.10189688936106141,0,-0.3714655066843625,0.19290518792756148,0,0.49376841480636635,0.1704701712744048,0,normal,normal
N15_M01_F10_KA06_15,KA06,6203_PU_2905,outer_race,N15_M01_F10,0.3333333333333333,0.0,normal,1.5452854944676366,4.439962375613421e-05,0.9854747744250376,1.6381661308519546e-05,1.1346987890027682,4.1079181826355354e-05,1.0637932849311336,0.976368588824695,0,-0.3537076610538731,0.06598451554219906,0,-0.05721667088141178,0.41078931557737225,0,normal,normal
N15_M01_F10_KA06_16,KA06,6203_PU_2905,outer_race,N15_M01_F10,0.3333333333333333,0.0,normal,1.6818647357350782,4.638529944101963e-05,0.760128815803042,1.0044743670409801e-05,1.284583962682288,3.770950256719568e-05,1.47353412456664,1.0649092416297583,0,-1.3832505115974447,-0.34081333368730765,0,0.594997515214556,0.2949416770538992,0,normal,normal
N15_M01_F10_KA06_17,KA06,6203_PU_2905,outer_race,N15_M01_F10,0.3333333333333333,0.0,normal,1.7036429796665489,4.1509251370274116e-05,1.3538318039591837,2.6539709948923232e-05,1.2291174472169022,3.961018301990261e-05,1.5388693531962552,0.8474877953286779,0,1.3292128959573077,0.7180795206017189,0,0.3536390982894332,0.3602859799086266,0,normal,normal
N15_M01_F10_KA06_18,KA06,6203_PU_2905,outer_race,N15_M01_F10,0.3333333333333333,0.0,normal,1.3393726445798169,3.682009323606859e-05,0.9764409147839304,1.7061232537823214e-05,1.0166501547421254,3.6476343550045164e-05,0.44605003770101437,0.6383997123808896,0,-0.3949808467954356,0.10960952856374215,0,-0.570896523424199,0.25254637795458973,0,normal,normal
N15_M01_F10_KA06_19,KA06,6203_PU_2905,outer_race,N15_M01_F10,0.0,0.0,normal,1.175486024742483,2.5312259649700918e-05,0.9396913184693519,1.6887028315386144e-05,1.1574738419300887,4.112605651914337e-05,-0.04561356061758319,0.12526904060765945,0,-0.5628795052732787,0.09842650440892023,0,0.04188727811921321,0.4124008406064217,0,normal,normal
N15_M01_F10_KA06_2,KA06,6203_PU_2905,outer_race,N15_M01_F10,0.3333333333333333,0.0,normal,1.5032178013923785,4.2026198449916934e-05,1.077602595204369,2.3316168034329708e-05,1.6117033034909092,9.018108560870102e-05,0.9375892459993838,0.8705383026424577,0,0.06719866360147451,0.5111445416978473,0,2.0184329984193687,2.0988845800536953,1,normal,normal
N15_M01_F10_KA06_20,KA06,6203_PU_2905,outer_race,N15_M01_F10,0.3333333333333333,0.0,normal,1.6740034744436458,4.930813531939533e-05,1.1300735325536075,2.0920053355159405e-05,1.1526223769234618,3.797621086923925e-05,1.4499501613504564,1.195237572022935,0,0.30692374560236924,0.35732617862938154,0,0.020776488953129054,0.3041109553709275,0,normal,normal
N15_M01_F10_KA06_3,KA06,6203_PU_2905,outer_race,N15_M01_F10,0.3333333333333333,0.0,normal,1.0922230590909427,2.3830401680701285e-05,0.8430566754692432,1.6417813712237828e-05,1.2724716426116465,5.209458224564559e-05,-0.2954043570813004,0.05919346092548017,0,-1.0043762439943846,0.06830531579824603,0,0.5422916552373813,0.7894924584644736,0,normal,normal
N15_M01_F10_KA06_4,KA06,6203_PU_2905,outer_race,N15_M01_F10,0.3333333333333333,0.0,normal,1.4994288705217558,4.2699523356407e-05,1.0174549594297035,2.0904355226613605e-05,1.158883901840337,4.3509180710219974e-05,0.9262223669492222,0.9005616479572685,0,-0.20759911297094863,0.35631843870059426,0,0.04802304895052636,0.4943312822334491,0,normal,normal
N15_M01_F10_KA06_5,KA06,6203_PU_2905,outer_race,N15_M01_F10,0.3333333333333333,0.0,normal,0.9944206772252798,1.800666813773537e-05,1.0586991323955002,1.822232477432865e-05,1.622208165395721,7.967831323721354e-05,-0.5888137338805116,-0.20048498182419727,0,-0.01916598702016586,0.18414573868061868,0,2.064144123736853,1.7378052951695238,1,normal,normal
N15_M01_F10_KA06_6,KA06,6203_PU_2905,outer_race,N15_M01_F10,0.3333333333333333,0.0,normal,1.6491477024255539,4.827024349800794e-05,0.9278532913933664,1.807593040979835e-05,1.152923073085551,4.683340272712051e-05,1.375382278252181,1.1489583029025208,0,-0.6169641501240275,0.17474796581513297,0,0.022084945939265476,0.6086161268633501,0,normal,normal
N15_M01_F10_KA06_7,KA06,6203_PU_2905,outer_race,N15_M01_F10,0.3333333333333333,0.0,normal,1.4077476216834959,3.673071400799421e-05,0.8370875270091113,1.2299678438442729e-05,0.8181427559639844,2.3987133040476892e-05,0.6511765288759113,0.634414320777842,0,-1.0316476188996286,-0.19605800212483906,0,-1.4346867059337822,-0.17682550977719314,0,normal,normal
N15_M01_F10_KA06_8,KA06,6203_PU_2905,outer_race,N15_M01_F10,0.0,0.0,normal,1.7460679450005188,5.0611059983495906e-05,1.1151551022350756,2.3908437571243256e-05,1.1499288091902624,3.429251985865227e-05,1.6661452170547255,1.2533345720483644,0,0.23876559726148394,0.5491652305468909,0,0.009055629286519797,0.177467773095749,0,normal,normal
N15_M01_F10_KA06_9,KA06,6203_PU_2905,outer_race,N15_M01_F10,0.3333333333333333,0.0,normal,1.3514296411385172,3.315564412662806e-05,0.6456319891983189,7.438866133569641e-06,0.910925062245004,2.5076627115295272e-05,0.4822213024378756,0.475003081807998,0,-1.9063545866013163,-0.508097404252926,0,-1.0309514005020977,-0.13936932892260914,0,normal,normal
N15_M01_F10_KA07_1,KA07,6203_PU_2905,outer_race,N15_M01_F10,0.3333333333333333,0.0,normal,1.0966347237609502,1.460533090580453e-05,1.0775486173386553,1.2607869877365343e-05,1.0219319635138941,2.172969460939069e-05,-0.28216926242632623,-0.352149536724914,0,0.06695205378396063,-0.1762736808405145,0,-0.5479131253693692,-0.25443494712722964,0,normal,normal
N15_M01_F10_KA07_10,KA07,6203_PU_2905,outer_race,N15_M01_F10,0.3333333333333333,0.0,normal,1.1676860695218958,2.0435549354816245e-05,1.0000553182599268,1.4768948725140303e-05,0.8662001529930474,2.4059855564350067e-05,-0.06901360422263295,-0.09218193405901996,0,-0.2870932218420839,-0.03754342151013288,0,-1.2255685168577943,-0.17432535115370587,0,normal,normal
N15_M01_F10_KA07_11,KA07,6203_PU_2905,outer_race,N15_M01_F10,0.3333333333333333,0.0,normal,1.5332606615276272,3.123148992311499e-05,0.9659055274232494,1.2478319610166696e-05,0.8722056427336118,2.061444409516545e-05,1.0277185117841054,0.3892056524626895,0,-0.44311409400884916,-0.18459014841563004,0,-1.1994360748884185,-0.292776619582816,0,normal,normal
N15_M01_F10_KA07_12,KA07,6203_PU_2905,outer_race,N15_M01_F10,0.3333333333333333,0.0,normal,1.0963549369877605,1.7624738139797287e-05,1.233118805953308,2.1781640806662975e-05,0.9049963982189773,1.828760565827106e-05,-0.28300862912877517,-0.21751512002887882,0,0.7777088671093769,0.41263570641730046,0,-1.0567495410882992,-0.37277198929259847,0,normal,normal
N15_M01_F10_KA07_13,KA07,6203_PU_2905,outer_race,N15_M01_F10,0.3333333333333333,0.0,normal,1.017743953721519,1.2794890183989298e-05,1.1395801294179744,1.8254741658440325e-05,1.0338615620824518,2.4342762272107033e-05,-0.5188433723091869,-0.43287651776947467,0,0.35035673590119537,0.18622673759656572,0,-0.4960023644192578,-0.164599180947148,0,normal,normal
N15_M01_F10_KA07_14,KA07,6203_PU_2905,outer_race,N15_M01_F10,0.3333333333333333,0.0,normal,0.9632261947461693,1.1871279074717983e-05,0.9625448880592811,1.3454356824875601e-05,1.226185040660385,3.202653851228154e-05,-0.6823978929692089,-0.4740600459636115,0,-0.4584679181980494,-0.12193352852779799,0,0.34087894924593426,0.09956463522239757,0,normal,normal
N15_M01_F10_KA07_15,KA07,6203_PU_2905,outer_race,N15_M01_F10,0.3333333333333333,0.0,normal,1.1303538216226368,2.035989411161363e-05,0.9209306982180828,1.3332495971539179e-05,1.289988479576609,3.83666343632534e-05,-0.18101119959490813,-0.09555537750311983,0,-0.6485915480787883,-0.1297563748820574,0,0.6185148685386972,0.31753349096765426,0,normal,normal
N15_M01_F10_KA07_16,KA07,6203_PU_2905,outer_race,N15_M01_F10,0.3333333333333333,0.0,normal,1.1621275620433678,1.8960775067756535e-05,0.6387086707368537,6.015523677112655e-06,1.233027217297398,3.814533732217095e-05,-0.08568925346652177,-0.15794165459662782,0,-1.9379852981864056,-0.5994687432966286,0,0.37065217201962924,0.3099254257335682,0,normal,normal
N15_M01_F10_KA07_17,KA07,6203_PU_2905,outer_race,N15_M01_F10,0.3333333333333333,0.0,normal,1.044025972918231,1.5353299311578313e-05,0.8855172185449967,1.3712897673017344e-05,1.0520819381370354,2.9367211481436484e-05,-0.4399967151375421,-0.3187978613083947,0,-0.8103858621780925,-0.10533652238564369,0,-0.4167177530926442,0.008138498521818346,0,normal,normal
N15_M01_F10_KA07_18,KA07,6203_PU_2905,outer_race,N15_M01_F10,0.3333333333333333,0.0,normal,1.2730110531107968,2.3285867331032842e-05,1.0153188265461408,1.5460369727383662e-05,0.9965132390689544,2.352467484251958e-05,0.24696374936221185,0.03491284593814075,0,-0.21735850848676586,0.006842286603411208,0,-0.6585208143653579,-0.19272455714306488,0,normal,normal
N15_M01_F10_KA07_19,KA07,6203_PU_2905,outer_race,N15_M01_F10,0.3333333333333333,0.0,normal,1.0689088787024208,1.4299283852911953e-05,0.9105821470005389,1.0786377067436206e-05,1.394356780471455,4.55678293927308e-05,-0.36534743012196075,-0.36579607833210404,0,-0.6958711930507147,-0.2932042454749655,0,1.0726657678657876,0.5651064421452004,0,normal,normal
N15_M01_F10_KA07_2,KA07,6203_PU_2905,outer_race,N15_M01_F10,0.3333333333333333,0.0,normal,0.7922576608698654,9.714500342351432e-06,1.1496966038350012,1.8328159340279318e-05,1.1030090261415044,2.740583513332897e-05,-1.1953073949670636,-0.5702301297156468,0,0.3965760866827552,0.19093977897932027,0,-0.1951123171601173,-0.059292494373544884,0,normal,normal
N15_M01_F10_KA07_20,KA07,6203_PU_2905,outer_race,N15_M01_F10,0.3333333333333333,0.3333333333333333,normal,0.7907828758526476,7.647162136690423e-06,1.0489923022015337,1.6593157208798065e-05,1.2603243223834368,3.482092458337013e-05,-1.1997317836635377,-0.6624120885779954,0,-0.06351378756981893,0.07956147555139106,0,0.48943349467755953,0.19563402419422152,0,normal,normal
N15_M01_F10_KA07_3,KA07,6203_PU_2905,outer_race,N15_M01_F10,0.3333333333333333,0.0,normal,1.2321033439589797,2.0131328488136903e-05,1.0364443952629836,1.3589352020744953e-05,0.9969321065514622,2.3134831444908683e-05,0.1242396886639312,-0.1057470465986668,0,-0.12084167557308483,-0.11326752425377856,0,-0.6566981436669868,-0.2061271493584594,0,normal,inner_race
N15_M01_F10_KA07_4,KA07,6203_PU_2905,outer_race,N15_M01_F10,0.3333333333333333,0.3333333333333333,normal,0.8496257312550545,9.163085159173741e-06,0.9802754652854209,1.2094601033835875e-05,0.840664536864397,1.4066762896779351e-05,-1.0232018750523055,-0.5948175588999819,0,-0.37746185476203475,-0.20922292739038545,0,-1.3366848513220515,-0.5178821404052146,0,normal,normal
N15_M01_F10_KA07_5,KA07,6203_PU_2905,outer_race,N15_M01_F10,0.3333333333333333,0.3333333333333333,normal,1.0055065876361762,1.6212590633728893e-05,0.8728441283609656,1.143422405076343e-05,1.1703503383570146,4.2274734514197764e-05,-0.5555557497408128,-0.2804823321451677,0,-0.8682856775244572,-0.2516157675275147,0,0.09791839467789286,0.4518917306634518,0,normal,normal
N15_M01_F10_KA07_6,KA07,6203_PU_2905,outer_race,N15_M01_F10,0.3333333333333333,0.0,normal,1.0553464768855563,1.621978707080383e-05,0.7632030165618011,8.373779549497292e-06,1.1690237400825574,3.4341583558413e-05,-0.4060349449766864,-0.28016144528467196,0,-1.369205345526261,-0.4480807228733292,0,0.09214580094756533,0.17915455492789364,0,normal,normal
N15_M01_F10_KA07_7,KA07,6203_PU_2905,outer_race,N15_M01_F10,0.3333333333333333,0.0,normal,1.0497732138616402,1.8131056242334998e-05,1.0045076108721036,1.5854955118300162e-05,1.0443076082420415,3.1170096077825805e-05,-0.422754861193363,-0.19493855545343225,0,-0.266751938353243,0.03217265974837403,0,-0.45054717144289863,0.07012063597727833,0,normal,normal
N15_M01_F10_KA07_8,KA07,6203_PU_2905,outer_race,N15_M01_F10,0.3333333333333333,0.3333333333333333,normal,1.2118599203593394,1.826708703528043e-05,1.0293705559375728,1.1683392599930078e-05,1.215209179565396,3.035669917878509e-05,0.06350895604423606,-0.18887298527968352,0,-0.15316007501501663,-0.2356204152623929,0,0.293118305981265,0.04215651752890074,0,normal,normal
N15_M01_F10_KA07_9,KA07,6203_PU_2905,outer_race,N15_M01_F10,0.3333333333333333,0.3333333333333333,normal,1.0040543284223704,1.3952120194386075e-05,1.0944413418035441,1.8270755679096195e-05,1.1234907785442705,3.235651526864663e-05,-0.5599125605131613,-0.38127599642247884,0,0.14413020157671738,0.18725475619051862,0,-0.10598749483611647,0.11090904667895385,0,normal,normal
N15_M01_F10_KA08_1,KA08,6203_PU_2905,outer_race,N15_M01_F10,0.3333333333333333,0.0,normal,1.8977712522282617,4.085573125561859e-05,0.9442072743983935,1.0376159272926006e-05,1.3493199959040298,3.6080445718439343e-05,2.1212585996020947,0.8183475394383115,1,-0.5422473618412609,-0.31953813934141606,0,0.8766915492694342,0.23893563777407315,0,outer_race,normal
N15_M01_F10_KA08_10,KA08,6203_PU_2905,outer_race,N15_M01_F10,0.3333333333333333,0.0,normal,1.7324695889976105,3.5749802474562365e-05,0.8458010977986482,9.697549007436145e-06,1.4743969621930897,5.073991887780471e-05,1.6253498388216323,0.5906757847343377,0,-0.9918377436130636,-0.3631014633786661,0,1.4209546659269734,0.7429199095395183,0,normal,normal
N15_M01_F10_KA08_11,KA08,6203_PU_2905,outer_race,N15_M01_F10,0.3333333333333333,0.0,normal,1.9938167535820392,5.9290237720034057e-05,0.9659697445982317,1.3314334298831203e-05,1.202787165880178,2.843071254159813e-05,2.4093972947852795,1.6403363712110512,1,-0.44282070364236814,-0.13092226180341854,0,0.23906483727260872,-0.02405779742091915,0,outer_race,normal
N15_M01_F10_KA08_12,KA08,6203_PU_2905,outer_race,N15_M01_F10,0.3333333333333333,0.0,normal,1.5830836627717881,3.8627660233636624e-05,1.262270122526505,2.313126373876076e-05,1.1830948149685883,4.061822300654387e-05,1.177188652147302,0.7189985549672089,0,0.9108931041172011,0.4992746273252214,0,0.15337503682856585,0.3949418159714173,0,normal,normal
N15_M01_F10_KA08_13,KA08,6203_PU_2905,outer_race,N15_M01_F10,0.3333333333333333,0.3333333333333333,normal,1.9284588344724287,4.0895240552681324e-05,0.9821163250985259,1.1760203778704066e-05,1.4967563865200741,4.7312612633686996e-05,2.2133220464218573,0.8201092465390384,1,-0.36905147957259377,-0.23068952865371634,0,1.5182500379841175,0.625091088354678,0,outer_race,normal
N15_M01_F10_KA08_14,KA08,6203_PU_2905,outer_race,N15_M01_F10,0.3333333333333333,0.0,normal,1.6332192128085894,3.169364232599061e-05,0.6754338470157666,5.514307509255165e-06,1.273554637598401,3.185386015740898e-05,1.327596446018712,0.4098128824134341,0,-1.770198208042351,-0.631644269432124,0,0.5470042273783887,0.0936280525100437,0,normal,normal
N15_M01_F10_KA08_15,KA08,6203_PU_2905,outer_race,N15_M01_F10,0.3333333333333333,0.0,normal,1.3082066673653214,2.357039254084353e-05,1.025310123507262,1.4879840989245805e-05,1.5877663403894255,5.1596561462677145e-05,0.3525513950564635,0.04759973534706726,0,-0.1717110585973499,-0.030424702740140332,0,1.9142730837087614,0.7723707898410648,0,normal,normal
N15_M01_F10_KA08_16,KA08,6203_PU_2905,outer_race,N15_M01_F10,0.3333333333333333,0.0,normal,1.4565827409043157,2.9925054515116456e-05,1.0076521620452203,1.1876064827760103e-05,1.1218583670463065,2.8326119542177097e-05,0.7976830006321635,0.33095210947361187,0,-0.2523853608550356,-0.22325183918746516,0,-0.11309081206477556,-0.027653644698097474,0,normal,normal
N15_M01_F10_KA08_17,KA08,6203_PU_2905,outer_race,N15_M01_F10,0.3333333333333333,0.0,normal,1.596034644011222,3.20880329718545e-05,1.0837144706837054,1.5655036371691695e-05,0.8718232993594883,2.1084417387964337e-05,1.2160418913211704,0.42739863698090996,0,0.09512211846013688,0.019338894062058062,0,-1.201099813645504,-0.27661920757042485,0,normal,normal
N15_M01_F10_KA08_18,KA08,6203_PU_2905,outer_race,N15_M01_F10,0.3333333333333333,0.0,normal,1.9448104443460965,5.2991742986580024e-05,1.0763001513423798,1.6903653544503987e-05,1.157593701332373,3.554002469803591e-05,2.262377249078237,1.3594884766459063,1,0.061248160763326176,0.09949375947428724,0,0.04240883739414117,0.22035627332803498,0,outer_race,normal
N15_M01_F10_KA08_19,KA08,6203_PU_2905,outer_race,N15_M01_F10,0.3333333333333333,0.0,normal,1.735804257075837,4.1617841013445786e-05,0.9156393693596404,1.1743988811009944e-05,1.0003718083869249,2.6325334762248967e-05,1.6353539191313387,0.8523297732848331,0,-0.6727661542239216,-0.23173044702444373,0,-0.6417305369454182,-0.09643947685655131,0,normal,normal
N15_M01_F10_KA08_20,KA08,6203_PU_2905,outer_race,N15_M01_F10,0.3333333333333333,0.0,normal,1.9238483278747383,4.896699202659431e-05,1.0689715110368647,1.657287322087335e-05,1.2312579232682634,3.5418727914735526e-05,2.199490421447579,1.1800261001423122,1,0.027765646690797282,0.07825934679845484,0,0.3629532206367274,0.2161861595501002,0,outer_race,normal
N15_M01_F10_KA08_3,KA08,6203_PU_2905,outer_race,N15_M01_F10,0.3333333333333333,0.0,normal,1.843513391780434,3.635618468620808e-05,1.1447970796842357,1.5353783601758164e-05,1.4123158950218593,3.4716217536852624e-05,1.9584837804538007,0.6177141763897139,0,0.374191526998028,0.0,0,1.1508135191873494,0.19203425604333668,0,normal,normal
N15_M01_F10_KA08_4,KA08,6203_PU_2905,outer_race,N15_M01_F10,0.3333333333333333,0.0,normal,1.9944975081860463,6.030521798408245e-05,1.3161509600889212,2.446435438070095e-05,0.9609853817699809,1.9903326381027154e-05,2.411439574127609,1.6855940212125848,1,1.157059627062204,0.5848522593758433,0,-0.8131176431452938,-0.31722443836889114,0,outer_race,normal
N15_M01_F10_KA08_5,KA08,6203_PU_2905,outer_race,N15_M01_F10,0.3333333333333333,0.0,normal,1.8382898042407085,4.174593275426429e-05,1.082246252285711,1.5329425892654776e-05,1.039154918444746,1.7182425477063754e-05,1.9428128986669728,0.858041343627027,0,0.08841423799076817,-0.001563640912077858,0,-0.47296871788306744,-0.4107674494800286,0,normal,normal
N15_M01_F10_KA08_6,KA08,6203_PU_2905,outer_race,N15_M01_F10,0.3333333333333333,0.0,normal,1.3813718138417783,2.815729611600085e-05,0.7604041732743959,8.683032426065284e-06,1.0403684233876065,2.7702134133300096e-05,0.5720485036296148,0.2521283197426313,0,-1.3819924800902026,-0.42822826269626685,0,-0.46768824137427334,-0.04910590484867669,0,normal,normal
N15_M01_F10_KA08_7,KA08,6203_PU_2905,outer_race,N15_M01_F10,0.3333333333333333,0.3333333333333333,normal,1.3962598967698356,3.2550712146575236e-05,1.0384472873454882,1.6387383047122918e-05,1.1638475274460158,3.657006511316748e-05,0.6167130920611766,0.4480293555221633,0,-0.11169102012506804,0.06635182202945827,0,0.06962189662184408,0.2557684714927018,0,normal,normal
N15_M01_F10_KA08_8,KA08,6203_PU_2905,outer_race,N15_M01_F10,0.3333333333333333,0.3333333333333333,normal,1.57695062702727,4.57116569395689e-05,1.0350755525085429,1.7345796564585893e-05,0.7554363385054342,2.11216368245343e-05,1.1587894049985152,1.0348717348557732,0,-0.12709553643649082,0.12787709028159902,0,-1.7075490179405008,-0.2753396247074317,0,normal,inner_race
N15_M01_F10_KA08_9,KA08,6203_PU_2905,outer_race,N15_M01_F10,0.3333333333333333,0.3333333333333333,normal,1.837634503638273,3.863474847419974e-05,0.9513006739339093,1.1691719657741716e-05,1.1863033839184198,3.085222282694693e-05,1.9408469819100493,0.7193146173793515,0,-0.509839597253436,-0.23508586054641986,0,0.16733688598798763,0.059192336091169834,0,normal,normal
N15_M01_F10_KA09_1,KA09,6203_PU_2905,outer_race,N15_M01_F10,0.3333333333333333,0.0,normal,3.383133587129698,0.00015356777612117673,1.1547703473190911,2.2222114384272363e-05,1.1663477355069845,3.355295111579662e-05,5.0,5.0,1,0.41975660592294795,0.44091186751750605,0,0.08050136605517098,0.1520418242750394,0,outer_race,normal
N15_M01_F10_KA09_10,KA09,6203_PU_2905,outer_race,N15_M01_F10,0.3333333333333333,0.0,normal,3.8464577349966493,0.0002252732706798048,1.0860323435684849,2.0083096261388543e-05,1.2530110327717607,4.609621071605811e-05,5.0,5.0,1,0.10571183336599177,0.3035977944074075,0,0.45761025883195056,0.5832718887172998,0,outer_race,inner_race
N15_M01_F10_KA09_11,KA09,6203_PU_2905,outer_race,N15_M01_F10,0.3333333333333333,0.0,normal,3.8036243305728132,0.00023097203192243087,0.9950167909784385,1.6115941591145573e-05,1.2638047483128252,4.141755058970177e-05,5.0,5.0,1,-0.3101128480721086,0.04892666254509926,0,0.504578309265138,0.42242223941641005,0,outer_race,normal
N15_M01_F10_KA09_12,KA09,6203_PU_2905,outer_race,N15_M01_F10,0.3333333333333333,0.0,normal,4.478716361036165,0.0002988627205361041,0.9372587538046134,1.291632784520145e-05,1.135246009589066,3.337597038046107e-05,5.0,5.0,1,-0.5739932149416535,-0.15647224975692192,0,-0.054835481197699175,0.14595732819220314,0,outer_race,normal
N15_M01_F10_KA09_13,KA09,6203_PU_2905,outer_race,N15_M01_F10,0.3333333333333333,0.0,normal,3.793253218466626,0.00021432178632198093,1.0929963453268816,1.9383122172307136e-05,0.9936997212212215,2.657176692094665e-05,5.0,5.0,1,0.13752841559082335,0.25866302166517596,0,-0.6707636280345014,-0.08796728070798146,0,outer_race,normal
N15_M01_F10_KA09_14,KA09,6203_PU_2905,outer_race,N15_M01_F10,0.3333333333333333,0.0,normal,3.5697824299360805,0.00017746612769591755,0.9011042969514148,1.4253611459332742e-05,1.2100658454406943,3.721179925176437e-05,5.0,5.0,1,-0.7391728471663224,-0.07062545023930285,0,0.2707374700545934,0.2778309227821709,0,outer_race,normal
N15_M01_F10_KA09_15,KA09,6203_PU_2905,outer_race,N15_M01_F10,0.3333333333333333,0.3333333333333333,normal,4.176684673934613,0.0002363327159923378,0.8115384155289599,1.041935956206454e-05,1.0712663796041109,3.1832439835627036e-05,5.0,5.0,1,-1.1483743852591433,-0.316764900724275,0,-0.33323808282246836,0.09289163414378358,0,outer_race,normal
N15_M01_F10_KA09_16,KA09,6203_PU_2905,outer_race,N15_M01_F10,0.3333333333333333,0.3333333333333333,normal,4.122647486106511,0.00022246522519551532,0.9030186759224509,1.4003163958932705e-05,1.2717175791381197,3.919005583574903e-05,5.0,5.0,1,-0.7304265834440282,-0.08670290466208615,0,0.539010404113087,0.3458422484966805,0,outer_race,normal
N15_M01_F10_KA09_17,KA09,6203_PU_2905,outer_race,N15_M01_F10,0.3333333333333333,0.0,normal,3.603146349383287,0.0001777220770915705,0.9359940388492555,1.3940434494792122e-05,1.5468434282428545,6.225906545635602e-05,5.0,5.0,1,-0.5797713449255529,-0.09072981688550597,0,1.7362000749972957,1.1389415562002454,0,outer_race,normal
N15_M01_F10_KA09_18,KA09,6203_PU_2905,outer_race,N15_M01_F10,0.3333333333333333,0.0,normal,4.027160580096745,0.00025019789964119706,0.9729142464762149,1.6913371234098918e-05,1.0015582213599261,2.7437573757922543e-05,5.0,5.0,1,-0.4110932109338915,0.10011758567062659,0,-0.636567949128599,-0.058201338679971425,0,outer_race,normal
N15_M01_F10_KA09_19,KA09,6203_PU_2905,outer_race,N15_M01_F10,0.3333333333333333,0.0,normal,4.084266591763313,0.00024668149978446236,1.1567819928595262,1.921316396243858e-05,1.1017417612516387,3.227635607771793e-05,5.0,5.0,1,0.4289472534794764,0.24775256989953665,0,-0.20062672608010182,0.10815321971120913,0,outer_race,inner_race
N15_M01_F10_KA09_2,KA09,6203_PU_2905,outer_race,N15_M01_F10,0.3333333333333333,0.0,normal,3.703586186161774,0.00019259532499886237,1.033702906945267,1.5370527888675593e-05,1.1556662178727175,3.766787041382165e-05,5.0,5.0,1,-0.13336677127310748,0.0010748979699416485,0,0.034021536469097224,0.29351038752035735,0,outer_race,normal
N15_M01_F10_KA09_20,KA09,6203_PU_2905,outer_race,N15_M01_F10,0.3333333333333333,0.0,normal,4.090870785474593,0.00021415868777087323,0.8842292168226195,1.0944736474708557e-05,0.9289436514428164,1.975166755492153e-05,5.0,5.0,1,-0.8162703829073309,-0.2830383777830401,0,-0.9525448496755524,-0.3224383817487605,0,outer_race,normal
N15_M01_F10_KA09_3,KA09,6203_PU_2905,outer_race,N15_M01_F10,0.3333333333333333,0.0,normal,3.2170359032669844,0.00016978890400055845,0.8648051502195636,1.2230087161082818e-05,1.073815672876157,3.098290585279913e-05,5.0,5.0,1,-0.905013527101914,-0.20052540782140266,0,-0.32214502274367374,0.06368514349974638,0,outer_race,normal
N15_M01_F10_KA09_4,KA09,6203_PU_2905,outer_race,N15_M01_F10,0.3333333333333333,0.0,normal,3.229898112993144,0.0002003793793389321,0.9627199894887699,1.656760150735018e-05,1.3883710127292532,6.250512344820913e-05,5.0,5.0,1,-0.45766792859116856,0.07792092963013277,0,1.0466191447055342,1.147400888707494,0,outer_race,normal
N15_M01_F10_KA09_5,KA09,6203_PU_2905,outer_race,N15_M01_F10,0.3333333333333333,0.0,normal,3.5693393109180427,0.00019953112646997961,1.0715126621274373,2.049052835740941e-05,0.918507444761709,2.7573157089873738e-05,5.0,5.0,1,0.03937545746108318,0.32975286061366454,0,-0.9979572268930721,-0.0535400615607933,0,outer_race,normal
N15_M01_F10_KA09_6,KA09,6203_PU_2905,outer_race,N15_M01_F10,0.3333333333333333,0.0,normal,3.1134261958846277,0.00013279812579508572,0.9300905512253529,1.4530142940463666e-05,1.3028522846178845,4.358373448059828e-05,5.0,4.918029927126325,1,-0.6067427337786215,-0.0528735370549198,0,0.6744907594765952,0.49689439806053287,0,outer_race,normal
N15_M01_F10_KA09_7,KA09,6203_PU_2905,outer_race,N15_M01_F10,0.3333333333333333,0.0,normal,3.574508042036915,0.00022422752992584902,1.0965182133965723,1.8792877942787042e-05,1.446348277664171,5.519423318784705e-05,5.0,5.0,1,0.15361884878021986,0.22077234723934824,0,1.298902901219368,0.8960566784640488,0,outer_race,normal
N15_M01_F10_KA09_8,KA09,6203_PU_2905,outer_race,N15_M01_F10,0.3333333333333333,0.0,normal,3.707231034536081,0.00021461782926513237,0.9241593054983686,1.1953781216574709e-05,1.1735541204507922,3.0278767105920937e-05,5.0,5.0,1,-0.6338409416647327,-0.2182628427028752,0,0.11185941418920094,0.03947725760171022,0,outer_race,normal
N15_M01_F10_KA09_9,KA09,6203_PU_2905,outer_race,N15_M01_F10,0.3333333333333333,0.0,normal,3.7324090734758886,0.00018931838036313886,1.0724060291208464,1.5088295457592969e-05,1.2879307341681876,3.403576745009128e-05,5.0,5.0,1,0.04345700215174574,-0.017042987176104498,0,0.6095607424313618,0.16864077268134683,0,outer_race,normal
N15_M01_F10_KA15_1,KA15,6203_PU_2855,outer_race,N15_M01_F10,0.0,0.0,normal,1.100070332372501,1.2428454562613743e-05,1.1297474528787825,1.4461344186003779e-05,1.348275986061443,2.3044909558973825e-05,-0.27186235821385296,-0.449215766607833,0,0.30543397849060666,-0.05729006681627229,0,0.8721486180838931,-0.20921861217611887,0,normal,normal
N15_M01_F10_KA15_10,KA15,6203_PU_2855,outer_race,N15_M01_F10,0.0,0.0,normal,1.2492440004422962,1.4518199468876448e-05,1.132068733921534,1.3215833074779779e-05,1.1245130930726517,1.4092228917585022e-05,0.17566204915007144,-0.35603470002936405,0,0.3160392643199213,-0.13724553888841876,0,-0.10153896919683016,-0.5170066332290028,0,normal,normal
N15_M01_F10_KA15_11,KA15,6203_PU_2855,outer_race,N15_M01_F10,0.3333333333333333,0.0,normal,1.2655856336367477,1.850489361254917e-05,1.135124598310377,1.4543697028108322e-05,0.9318166719302025,9.758845456004373e-06,0.22468732154120014,-0.17826926496776022,0,0.33000065662978495,-0.05200343363603445,0,-0.9400431146952529,-0.6659858690052832,0,normal,normal
N15_M01_F10_KA15_12,KA15,6203_PU_2855,outer_race,N15_M01_F10,0.0,0.0,normal,1.078851849995305,1.4694952202704098e-05,1.2478492179113223,1.8735032286690424e-05,1.0223070047923877,1.7108981409203253e-05,-0.33551828941059475,-0.3481533513492634,0,0.8450080119872068,0.21705895062742808,0,-0.5462811611383502,-0.41329241437158876,0,normal,normal
N15_M01_F10_KA15_13,KA15,6203_PU_2855,outer_race,N15_M01_F10,0.0,0.0,normal,1.0436168913295756,1.4483174359425225e-05,0.9829306098874464,1.2477309816090472e-05,1.0943170642815125,1.8949119874146187e-05,-0.44122396923603946,-0.3575964586181333,0,-0.36533123942333157,-0.1846549720541609,0,-0.23293474276048481,-0.3500295103013038,0,normal,normal
N15_M01_F10_KA15_14,KA15,6203_PU_2855,outer_race,N15_M01_F10,0.0,0.0,normal,1.2445414111736566,1.7931568677891488e-05,1.0937492922287317,1.2954879852126781e-05,0.9365438287494887,1.105988377246143e-05,0.16155417406222922,-0.20383364306354196,0,0.14096842003722687,-0.15399740719207772,0,-0.9194732433614076,-0.6212569185627738,0,normal,normal
N15_M01_F10_KA15_15,KA15,6203_PU_2855,outer_race,N15_M01_F10,0.3333333333333333,0.0,normal,0.9662234201940975,1.1028531192124948e-05,1.48211891554997,2.847997183529812e-05,1.2795611505165418,2.2255955577127977e-05,-0.6734061482486023,-0.5116379083722846,0,1.9153209378447194,0.8426344552552062,0,0.5731411216288933,-0.23634239716309866,0,normal,normal
N15_M01_F10_KA15_16,KA15,6203_PU_2855,outer_race,N15_M01_F10,0.0,0.0,normal,1.3662479474237446,2.0510027785897645e-05,1.0116618740860661,1.2564777608121303e-05,1.0536951917928257,1.622668605057796e-05,0.5266765593491071,-0.08886096429641516,0,-0.23406610458953497,-0.17903998513039057,0,-0.4096977997894087,-0.4436252223084635,0,normal,normal
N15_M01_F10_KA15_17,KA15,6203_PU_2855,outer_race,N15_M01_F10,0.0,0.0,normal,1.0190265870472492,1.0412275582447748e-05,1.099839376744354,1.24799930244732e-05,1.135437197181202,1.4638652676027346e-05,-0.5149954430708035,-0.5391165517332975,0,0.16879231805876854,-0.18448272373700375,0,-0.05400354260940816,-0.4982208980951343,0,normal,normal
N15_M01_F10_KA15_18,KA15,6203_PU_2855,outer_race,N15_M01_F10,0.0,0.0,normal,0.8779816849426606,9.291989907967058e-06,1.0088683221910009,1.0765705740916974e-05,1.055484587688707,1.1933291905109312e-05,-0.9381333670945377,-0.5890697367884916,0,-0.24682906425730222,-0.29453123939361336,0,-0.40191137662836246,-0.5912296483531794,0,normal,normal
N15_M01_F10_KA15_19,KA15,6203_PU_2855,outer_race,N15_M01_F10,0.0,0.0,normal,1.1601587956967299,1.2943171868789458e-05,1.5931968477699965,2.589734650946707e-05,1.4455899417133333,2.4898446327711272e-05,-0.09159559742063657,-0.42626468419001556,0,2.422805037713237,0.6768430582524335,1,1.2956030587278058,-0.14549508211284204,0,inner_race,normal
N15_M01_F10_KA15_2,KA15,6203_PU_2855,outer_race,N15_M01_F10,0.0,0.0,normal,1.3280433112760164,1.7916774388698256e-05,1.2766185727383115,1.641645266693146e-05,1.300849982743034,1.7517081682523303e-05,0.4120617793293059,-0.20449331575477062,0,0.976447172281013,0.06821794361906461,0,0.6657778917821804,-0.399262161249901,0,normal,normal
N15_M01_F10_KA15_20,KA15,6203_PU_2855,outer_race,N15_M01_F10,0.0,0.0,normal,1.0270437438629052,1.3324297254355665e-05,1.087437681862977,1.3142727443270225e-05,0.9597323547306839,1.0271252164718177e-05,-0.49094378972544633,-0.40927042339734215,0,0.11213243217564882,-0.14193854822876462,0,-0.8185700971174177,-0.6483696205131693,0,normal,normal
N15_M01_F10_KA15_3,KA15,6203_PU_2855,outer_race,N15_M01_F10,0.0,0.0,normal,1.1830291470747079,1.5664663613163696e-05,1.5222946856028015,1.860720879044372e-05,1.4548459914691019,1.9323778107613455e-05,-0.022984021536844864,-0.3049142252582544,0,2.0988728287945744,0.20885333295592137,1,1.335880070854638,-0.3371489753119343,0,inner_race,normal
N15_M01_F10_KA15_4,KA15,6203_PU_2855,outer_race,N15_M01_F10,0.0,0.0,normal,1.282182370226559,1.565888064658071e-05,1.4127298201546958,1.4020926846747595e-05,1.103923922290566,1.715105794365049e-05,0.27447790993817694,-0.3051720859151104,0,1.598301509110587,-0.08556261770052837,0,-0.19113121460958526,-0.4118458472718525,0,normal,normal
N15_M01_F10_KA15_5,KA15,6203_PU_2855,outer_race,N15_M01_F10,0.0,0.0,normal,1.0362971941847345,1.2196748759740995e-05,1.3181409096428425,1.514020918717348e-05,1.4275634025719748,2.4011726058584146e-05,-0.46318322765754416,-0.4595474553127074,0,1.166151151705957,-0.013710390045311752,0,1.217161914313168,-0.1759800159325947,0,normal,normal
N15_M01_F10_KA15_6,KA15,6203_PU_2855,outer_race,N15_M01_F10,0.0,0.0,normal,1.5326903276619999,2.759777008220647e-05,1.1856660144260591,1.2493371400290504e-05,0.9616358972904218,1.151090198954959e-05,1.0260074971759843,0.22717923028624257,0,0.5609102941331271,-0.18362390012283303,0,-0.8102869732378466,-0.6057511711719197,0,normal,normal
N15_M01_F10_KA15_7,KA15,6203_PU_2855,outer_race,N15_M01_F10,0.0,0.0,normal,1.064899575324047,1.5740677736859728e-05,1.2137629234950036,1.8860643924895073e-05,1.419500982874572,2.951326206084234e-05,-0.37737543172281546,-0.30152477944609,0,0.6892772372600189,0.22512257827386353,0,1.1820788946133736,0.013159633599633656,0,normal,normal
N15_M01_F10_KA15_8,KA15,6203_PU_2855,outer_race,N15_M01_F10,0.0,0.0,normal,1.3383031370209166,1.6738540317260363e-05,1.1847614470602288,1.5004165978673216e-05,1.1520167740814373,1.5059822961978082e-05,0.4428414906252388,-0.2570304015620625,0,0.5567775780639305,-0.022443671394491018,0,0.018141253225591736,-0.4837413054422074,0,normal,normal
N15_M01_F10_KA15_9,KA15,6203_PU_2855,outer_race,N15_M01_F10,0.3333333333333333,0.0,normal,1.465409987423034,1.9799841863749297e-05,1.1591014193141715,1.475161664138683e-05,1.7114463214857556,3.0322682228508846e-05,0.824164941567586,-0.12052793067899888,0,0.43954406621285835,-0.038656053044299615,0,2.4524573231958837,0.04098703430625831,1,normal,normal
N15_M01_F10_KA16_1,KA16,6203_PU_2905,outer_race,N15_M01_F10,1.0,0.0,outer_race,10.044590461456139,6.377743453228092e-05,1.1505150501580805,9.535668625303659e-07,1.368791702283146,1.9581195210124276e-06,5.0,1.8404190624809809,1,0.4003153397212066,-0.9244205988613732,0,0.9614212314400608,-0.9341703485462203,0,outer_race,outer_race
N15_M01_F10_KA16_10,KA16,6203_PU_2905,outer_race,N15_M01_F10,1.0,0.0,outer_race,9.578163352377652,6.251220139190374e-05,1.0551507834920055,9.527669346418519e-07,1.3644771805000309,1.7193628421793233e-06,5.0,1.78400271561613,1,-0.03537740375542235,-0.9244719501591444,0,0.9426469107778681,-0.9423786661032509,0,outer_race,outer_race
N15_M01_F10_KA16_11,KA16,6203_PU_2905,outer_race,N15_M01_F10,1.0,0.0,outer_race,9.898583955191665,6.38290922745321e-05,1.1991198623292088,9.333030999472017e-07,1.1175534622404093,1.6473315775895292e-06,5.0,1.8427224649228653,1,0.6223771737953583,-0.925721429250355,0,-0.1318232851658325,-0.9448550596294016,0,outer_race,outer_race
N15_M01_F10_KA16_12,KA16,6203_PU_2905,outer_race,N15_M01_F10,1.0,0.0,outer_race,8.915377623922721,6.72200234266427e-05,0.9151415320949838,8.225044127207456e-07,1.346181638068525,2.7299855821365783e-06,5.0,1.9939230160049124,1,-0.6750406338715513,-0.9328341408611407,0,0.8630352185523059,-0.9076340364641182,0,outer_race,outer_race
N15_M01_F10_KA16_13,KA16,6203_PU_2905,outer_race,N15_M01_F10,1.0,0.0,outer_race,9.118672225350988,5.954026300353676e-05,0.675731903216039,3.9567665018068804e-07,1.485422128728395,2.591103650955721e-06,5.0,1.6514849197820014,1,-1.7688364723718861,-0.9602343101088084,0,1.4689298581482655,-0.9124087175312101,0,outer_race,outer_race
N15_M01_F10_KA16_14,KA16,6203_PU_2905,outer_race,N15_M01_F10,1.0,0.0,outer_race,10.728520081718854,6.863184344135096e-05,1.0529015705665787,7.591476154161128e-07,1.3142562269522884,2.217702728689227e-06,5.0,2.056875625384694,1,-0.04565343045181289,-0.9369013246797523,0,0.7241141664175773,-0.9252460268832722,0,outer_race,outer_race
N15_M01_F10_KA16_15,KA16,6203_PU_2905,outer_race,N15_M01_F10,1.0,0.0,outer_race,10.576669032704167,6.009630719172026e-05,0.9691310843121157,5.787096232808667e-07,1.3957221927155579,1.8818689509717655e-06,5.0,1.6762787548402525,1,-0.4283774239826324,-0.948484525111217,0,1.078607257698379,-0.9367917993716268,0,outer_race,outer_race
N15_M01_F10_KA16_16,KA16,6203_PU_2905,outer_race,N15_M01_F10,1.0,0.0,outer_race,11.338084599911985,6.874606165123113e-05,0.9395423052851309,4.920137351378552e-07,1.3509463329307616,2.0380868950398716e-06,5.0,2.0619685793559768,1,-0.5635603049618536,-0.9540499597353821,0,0.8837684338882931,-0.9314211161334259,0,outer_race,outer_race
N15_M01_F10_KA16_17,KA16,6203_PU_2905,outer_race,N15_M01_F10,1.0,0.0,outer_race,9.362155991221787,6.95816703857115e-05,0.8029895249837405,5.713722470690634e-07,1.1391242769290035,1.773623761204037e-06,5.0,2.0992281094009213,1,-1.1874318824280807,-0.9489555473072447,0,-0.03795948930013913,-0.9405132068563391,0,outer_race,outer_race
N15_M01_F10_KA16_18,KA16,6203_PU_2905,outer_race,N15_M01_F10,1.0,0.0,outer_race,11.41159303110068,7.102938541566077e-05,1.1306542812148637,9.655700209733808e-07,1.987840862484458,3.382537989969487e-06,5.0,2.163781266194402,1,0.30957702430244105,-0.9236500572009902,0,3.655167612502298,-0.8851996592886773,1,outer_race,outer_race
N15_M01_F10_KA16_19,KA16,6203_PU_2905,outer_race,N15_M01_F10,1.0,0.0,outer_race,8.969067517040022,6.903992420107124e-05,1.3344244042587035,1.8077973880843288e-06,1.5894560304199703,3.6696557168716237e-06,5.0,2.07507181781322,1,1.2405458981932724,-0.8695833482631156,0,1.9216256442120607,-0.8753287166612965,0,outer_race,outer_race
N15_M01_F10_KA16_2,KA16,6203_PU_2905,outer_race,N15_M01_F10,1.0,0.0,outer_race,9.3102302205699,6.660464297402218e-05,1.0191979326342182,9.43918557332967e-07,1.3252489389468778,2.2613006592048204e-06,5.0,1.9664833956211638,1,-0.19963595440191834,-0.9250399709326477,0,0.7719481351186335,-0.9237471550600823,0,outer_race,outer_race
N15_M01_F10_KA16_20,KA16,6203_PU_2905,outer_race,N15_M01_F10,1.0,0.0,outer_race,8.76927837331769,6.309036278595055e-05,0.9287364978274247,6.672870319828894e-07,1.2258318865758928,1.873059876216507e-06,5.0,1.80978274991138,1,-0.6129290261959158,-0.9427983064465454,0,0.3393422255118312,-0.9370946503047533,0,outer_race,outer_race
N15_M01_F10_KA16_3,KA16,6203_PU_2905,outer_race,N15_M01_F10,1.0,0.0,outer_race,9.334063395755908,6.508191667308102e-05,0.9735947410569706,8.618544202148774e-07,1.4234658383440408,2.5994311512050413e-06,5.0,1.8985855099014477,1,-0.4079842209403062,-0.9303080707226383,0,1.1993316683169086,-0.9121224228531438,0,outer_race,outer_race
N15_M01_F10_KA16_4,KA16,6203_PU_2905,outer_race,N15_M01_F10,1.0,0.0,outer_race,9.33077382698756,5.8334746869305226e-05,0.8565319408237535,4.92204881210088e-07,1.4267328240122064,2.2130727990161056e-06,5.0,1.5977313353954077,1,-0.9428115139688273,-0.9540376891307264,0,1.2135477134816275,-0.9254052012075653,0,outer_race,outer_race
N15_M01_F10_KA16_5,KA16,6203_PU_2905,outer_race,N15_M01_F10,1.0,0.0,outer_race,9.588277257215635,6.649214445282772e-05,1.2711963781377578,1.4205028190113853e-06,1.207049506368071,2.2498241821049795e-06,5.0,1.9614671220262456,1,0.9516746770501571,-0.8944456877654698,0,0.25761209490943837,-0.9241417097545599,0,outer_race,outer_race
N15_M01_F10_KA16_6,KA16,6203_PU_2905,outer_race,N15_M01_F10,1.0,0.0,outer_race,8.951523275228743,6.168018417859016e-05,0.9571461747997939,6.511072761048921e-07,1.4666922619515081,2.449402994611477e-06,5.0,1.7469033303677863,1,-0.48313313372899813,-0.9438369643979514,0,1.387428235835088,-0.9172803047512949,0,outer_race,outer_race
N15_M01_F10_KA16_7,KA16,6203_PU_2905,outer_race,N15_M01_F10,1.0,0.0,outer_race,10.452878770729269,6.913441809644981e-05,0.9630392884790838,9.186342406208364e-07,1.3354488868406877,1.898965285028401e-06,5.0,2.0792852708189637,1,-0.4562091405362432,-0.9266630953355711,0,0.8163324497941252,-0.9362040372211237,0,outer_race,normal
N15_M01_F10_KA16_8,KA16,6203_PU_2905,outer_race,N15_M01_F10,1.0,0.0,outer_race,9.599934520991475,6.034380123651905e-05,0.7694343815548917,4.7678767202669244e-07,1.5114034109888197,2.9721148021351276e-06,5.0,1.687314436275368,1,-1.3407359763971456,-0.9550273954666916,0,1.5819854756401233,-0.899309772877869,0,outer_race,outer_race
N15_M01_F10_KA16_9,KA16,6203_PU_2905,outer_race,N15_M01_F10,1.0,0.0,outer_race,9.078436897758055,6.113337265828323e-05,1.2340586694847324,1.1044072680701829e-06,0.9051475694721949,1.2710632206942009e-06,5.0,1.7225211770595543,1,0.7820028415173571,-0.9147374127991967,0,-1.0560917306227406,-0.9577909497379163,0,outer_race,outer_race
N15_M01_F10_KA22_1,KA22,6203_PU_2905,outer_race,N15_M01_F10,0.0,0.0,normal,0.7429794829388631,3.2108258047456675e-06,1.7051757657318927,1.3637531209263014e-05,1.118679320656881,1.480418835331471e-05,-1.343143052961527,-0.8602269270650131,0,2.9344054902097585,-0.11017466564553308,1,-0.12692419599822433,-0.4925298765378164,0,inner_race,normal
N15_M01_F10_KA22_10,KA22,6203_PU_2905,outer_race,N15_M01_F10,0.0,0.0,normal,1.181125300802363,6.479177070681433e-06,1.344524037223799,9.619222068797354e-06,1.4132265402264608,1.5875164522147746e-05,-0.028695603787034667,-0.7144921744642101,0,1.286688305076949,-0.3681296540534776,0,1.1547761240692125,-0.4557103306605735,0,normal,normal
N15_M01_F10_KA22_11,KA22,6203_PU_2905,outer_race,N15_M01_F10,0.3333333333333333,0.0,normal,1.524229979851449,1.165186015582429e-05,1.3470807757218497,8.609903979617803e-06,0.994753079424547,9.405581474370607e-06,1.0006262607352607,-0.48384386638529825,0,1.2983693303656836,-0.43292273663947,0,-0.6661800181524564,-0.6781308818982542,0,normal,normal
N15_M01_F10_KA22_12,KA22,6203_PU_2905,outer_race,N15_M01_F10,0.0,0.0,normal,1.073498290133944,6.264964696111018e-06,1.3994910342805327,1.059211768223676e-05,0.9791503450807038,1.0109793106217745e-05,-0.35157909112743596,-0.7240438367158841,0,1.537817187891917,-0.30567470897231863,0,-0.7340741562524669,-0.6539204902568264,0,normal,normal
N15_M01_F10_KA22_13,KA22,6203_PU_2905,outer_race,N15_M01_F10,0.0,0.0,normal,0.9712994036223422,5.10661433907217e-06,1.5848715775349,1.0888740420167513e-05,1.1905257880941342,1.4091331646586429e-05,-0.6581780821635644,-0.7756943139664608,0,2.384769199388022,-0.2866330393919654,1,0.1857103637324917,-0.5170374808908448,0,inner_race,normal
N15_M01_F10_KA22_14,KA22,6203_PU_2905,outer_race,N15_M01_F10,0.0,0.0,normal,0.8095666933063719,4.134938453086034e-06,1.7121734227436425,1.628443496354573e-05,0.8626795890401333,8.555349058765325e-06,-1.1433799027801301,-0.8190210354018975,0,2.9663758339028887,0.05974307920319174,1,-1.240887989069624,-0.7073613842602336,0,inner_race,normal
N15_M01_F10_KA22_15,KA22,6203_PU_2905,outer_race,N15_M01_F10,0.3333333333333333,0.0,normal,1.1033807331971635,7.54908830202904e-06,1.31509014697606,1.1066680286180482e-05,1.0538139882238247,1.332310393479795e-05,-0.2619310802184565,-0.6667851699477839,0,1.1522130677416482,-0.275210205938846,0,-0.40918086595497366,-0.5434487086114262,0,normal,normal
N15_M01_F10_KA22_16,KA22,6203_PU_2905,outer_race,N15_M01_F10,0.3333333333333333,0.0,normal,1.3054595157961582,8.998333916031882e-06,1.554741508817508,1.239969863877196e-05,1.3817143624632915,1.6963747827705746e-05,0.3443098776771801,-0.6021637648938714,0,2.247113316743985,-0.18963721449636473,1,1.0176532261376126,-0.4182854615303229,0,inner_race,normal
N15_M01_F10_KA22_17,KA22,6203_PU_2905,outer_race,N15_M01_F10,0.0,0.0,normal,1.1443561924806318,7.975523312316248e-06,1.199194285504862,7.360406654517576e-06,1.6025806627677666,2.964360028139102e-05,-0.13900376757961302,-0.6477705672726538,0,0.6227171925331123,-0.5131341033474669,0,1.9787365057761916,0.01764058679981505,0,normal,normal
N15_M01_F10_KA22_18,KA22,6203_PU_2905,outer_race,N15_M01_F10,0.0,0.0,normal,1.4042758000668074,1.1291749081042823e-05,1.3982301564739161,1.205483333674936e-05,0.9703056454323989,1.2442251745105253e-05,0.6407609848218841,-0.4999011056848387,0,1.5320565887706845,-0.21177581107413654,0,-0.7725612089793547,-0.5737319012288676,0,normal,normal
N15_M01_F10_KA22_19,KA22,6203_PU_2905,outer_race,N15_M01_F10,0.0,0.0,normal,1.1987132152949547,9.251536791818542e-06,1.3649142319527892,1.2012127151630982e-05,1.0316229077439476,1.2934375802665003e-05,0.024068540930394806,-0.5908735284847149,0,1.3798454192883332,-0.21451733072881451,0,-0.5057437022813979,-0.556812958639921,0,normal,normal
N15_M01_F10_KA22_2,KA22,6203_PU_2905,outer_race,N15_M01_F10,0.3333333333333333,0.0,normal,1.0057236450748943,5.35059516843941e-06,1.4274553772454506,1.1235031002796042e-05,1.3924680197304038,1.6088447039979916e-05,-0.5549045724728461,-0.7648152856998974,0,1.6655784734536163,-0.2644029470558215,0,1.0644469659708873,-0.44837780013499484,0,normal,normal
N15_M01_F10_KA22_20,KA22,6203_PU_2905,outer_race,N15_M01_F10,0.0,0.0,normal,0.9334286490510789,5.030249023632781e-06,1.0273181893862104,5.678390027014469e-06,1.2809853782446061,1.7806123451691156e-05,-0.7717912098370061,-0.7790994193077483,0,-0.16253676551601767,-0.6211110071849983,0,0.5793385426657525,-0.3893250711539454,0,normal,normal
N15_M01_F10_KA22_3,KA22,6203_PU_2905,outer_race,N15_M01_F10,0.0,0.0,normal,1.2407960787245234,9.393694456692086e-06,0.9213949942151283,5.413150115114119e-06,1.0746855278998553,1.57357190606032e-05,0.15031809127116322,-0.5845347630231872,0,-0.6464703091303854,-0.6381380591135241,0,-0.318359913300388,-0.46050438557806733,0,normal,normal
N15_M01_F10_KA22_4,KA22,6203_PU_2905,outer_race,N15_M01_F10,0.0,0.0,normal,1.0835293695713626,7.180994842394182e-06,1.4945555698441937,1.4193524550905433e-05,1.1288090964354958,1.5561141304433333e-05,-0.32148562397242303,-0.6831983412714914,0,1.9721405435372181,-0.07448272383996954,0,-0.08284523006320599,-0.46650626861664746,0,normal,normal
N15_M01_F10_KA22_5,KA22,6203_PU_2905,outer_race,N15_M01_F10,0.0,0.0,normal,0.9408056384926627,5.249262740075019e-06,1.4058032025887635,1.1941540701807566e-05,0.9415267185920948,8.81490336053953e-06,-0.7496600732182425,-0.7693336667356319,0,1.5666557248370938,-0.21904862143081535,0,-0.8977905687958093,-0.698438056365623,0,normal,normal
N15_M01_F10_KA22_6,KA22,6203_PU_2905,outer_race,N15_M01_F10,0.0,0.0,normal,0.9074119447233232,5.8488157573442665e-06,0.8521565155773208,5.210979341861975e-06,1.3345987183628127,2.1022787752147763e-05,-0.8498419163490545,-0.7425997867045998,0,-0.9628016118969159,-0.651116393444625,0,0.8126330048908736,-0.278737999070537,0,normal,normal
N15_M01_F10_KA22_7,KA22,6203_PU_2905,outer_race,N15_M01_F10,0.0,0.0,normal,1.2314739573794367,7.432737176422048e-06,1.0089594589885391,6.237721068262476e-06,1.3406000421699495,1.7314805671535377e-05,0.12235151456687127,-0.671973229958924,0,-0.24641268564150315,-0.5852048020579798,0,0.8387473191107657,-0.4062162943885971,0,normal,normal
N15_M01_F10_KA22_8,KA22,6203_PU_2905,outer_race,N15_M01_F10,0.0,0.0,normal,1.0290353022733119,5.639056868599088e-06,1.160080812998462,6.877573190455955e-06,0.9108487605667853,7.46163136725106e-06,-0.48496906906006143,-0.7519528694272873,0,0.4440186428668834,-0.5441295534910937,0,-1.0312834215802036,-0.7449627706322023,0,normal,normal
N15_M01_F10_KA22_9,KA22,6203_PU_2905,outer_race,N15_M01_F10,0.0,0.0,normal,1.0712935864744895,5.369986227984364e-06,1.3123882307315515,8.100109205741032e-06,0.8717920939524251,8.29270216837087e-06,-0.35819325240252675,-0.7639506444678166,0,1.1398687658100235,-0.4656489656051623,0,-1.20123560165355,-0.7163910335762694,0,normal,normal
N15_M01_F10_KA30_1,KA30,6203_PU_2905,outer_race,N15_M01_F10,0.3333333333333333,0.0,normal,0.889606474986491,6.9194072309494345e-06,0.8324904723462441,7.44369174780412e-06,1.0851607033198474,1.8502133708801572e-05,-0.9032587317623745,-0.6948624504003553,0,-1.0526502798333088,-0.5077876243877133,0,-0.2727779665137715,-0.3653966380678645,0,normal,normal
N15_M01_F10_KA30_10,KA30,6203_PU_2905,outer_race,N15_M01_F10,0.3333333333333333,0.0,normal,0.7145648666631984,3.962552698892168e-06,1.0083664483750492,8.147132945777717e-06,0.8962121639941265,1.0755175974074369e-05,-1.428387550021762,-0.8267076618368174,0,-0.24912198578226646,-0.46263028090668845,0,-1.094973483021925,-0.6317325977500061,0,normal,normal
N15_M01_F10_KA30_11,KA30,6203_PU_2905,outer_race,N15_M01_F10,0.3333333333333333,0.0,normal,0.9744450383717845,6.469137955065236e-06,1.0690155253117652,8.500520354341987e-06,1.1815826276241137,1.6216175045334634e-05,-0.6487411061526985,-0.7149398154647064,0,0.02796673564008574,-0.4399446084775268,0,0.14679486606257725,-0.4439865846347554,0,normal,normal
N15_M01_F10_KA30_12,KA30,6203_PU_2905,outer_race,N15_M01_F10,0.3333333333333333,0.0,normal,1.2212757134590135,1.1624397396090873e-05,1.2017364934075077,1.1055839040743003e-05,1.0293651627879161,1.4996081432875967e-05,0.09175655014925892,-0.48506842218418017,0,0.634331831583083,-0.27590615869991914,0,-0.5155681115459118,-0.48593270262111776,0,normal,normal
N15_M01_F10_KA30_13,KA30,6203_PU_2905,outer_race,N15_M01_F10,0.3333333333333333,0.0,normal,1.1070796036137658,1.1216493765941214e-05,1.1226531915883686,9.764543152825166e-06,1.2954705939273485,2.0235898193347246e-05,-0.2508343845849389,-0.503256716460992,0,0.2730222767849399,-0.3588007803318604,0,0.6423698814234117,-0.30579081037832617,0,normal,normal
N15_M01_F10_KA30_14,KA30,6203_PU_2905,outer_race,N15_M01_F10,0.3333333333333333,0.0,normal,1.1734737394416699,1.215324954992933e-05,0.8861337113526422,7.365354549457676e-06,1.0565826698713594,1.8139289403066517e-05,-0.05165046242703774,-0.4614870713650898,0,-0.807569278439896,-0.5128164736835209,0,-0.39713315367646124,-0.37787101700373316,0,normal,normal
N15_M01_F10_KA30_15,KA30,6203_PU_2905,outer_race,N15_M01_F10,0.3333333333333333,0.0,normal,1.4808009728308758,1.9475752079844788e-05,1.1234881461795854,1.1172105739278276e-05,1.3842315675764711,2.6862798139527452e-05,0.870338248911403,-0.1349789919740426,0,0.2768369514974236,-0.2684424286023835,0,1.0286066569795411,-0.07796179448327696,0,normal,normal
N15_M01_F10_KA30_16,KA30,6203_PU_2905,outer_race,N15_M01_F10,0.3333333333333333,0.0,normal,1.9234823328109583,3.2617582055333825e-05,0.8487228277493482,6.030447127599948e-06,1.084673031069985,1.9349569252551832e-05,2.1983924279066573,0.4510110636729795,1,-0.9784891741496637,-0.5985107337550805,0,-0.2749000360401787,-0.3362622905546815,0,outer_race,normal
N15_M01_F10_KA30_17,KA30,6203_PU_2905,outer_race,N15_M01_F10,0.3333333333333333,0.0,normal,1.5062290104832943,1.6654179998248406e-05,0.8754704767086657,5.01073905232947e-06,1.043334657596621,1.26985396372396e-05,0.9466229419679675,-0.2607920015922271,0,-0.8562866242423555,-0.6639708005495932,0,-0.45478089381674297,-0.564920870622552,0,normal,normal
N15_M01_F10_KA30_18,KA30,6203_PU_2905,outer_race,N15_M01_F10,0.3333333333333333,0.3333333333333333,normal,1.4359755988239327,1.758173135955735e-05,1.382173657911229,1.3386861533181405e-05,1.0278348205721604,1.4963643891765405e-05,0.7358611042725945,-0.2194327788018962,0,1.4586989239558155,-0.1262663826159107,0,-0.5222272818840773,-0.48704788666332355,0,normal,normal
N15_M01_F10_KA30_19,KA30,6203_PU_2905,outer_race,N15_M01_F10,0.3333333333333333,0.0,normal,1.2825064884007782,1.55180386769743e-05,1.0735241290093485,1.1176520206275903e-05,1.7591424849912851,4.3383448492499284e-05,0.27545027185506366,-0.3114521849394493,0,0.0485652887766319,-0.26815904229650356,0,2.6600036314596593,0.4900086807663606,1,normal,normal
N15_M01_F10_KA30_2,KA30,6203_PU_2905,outer_race,N15_M01_F10,0.3333333333333333,0.0,normal,1.2430807811593982,1.1798009627219635e-05,0.7602827618395018,4.7658614039006555e-06,1.0227512827697818,1.4630322794699972e-05,0.1571722506975568,-0.47732710752937996,0,-1.3825471750824438,-0.6796906988336012,0,-0.5443479185612957,-0.4985072746332971,0,normal,normal
N15_M01_F10_KA30_20,KA30,6203_PU_2905,outer_race,N15_M01_F10,0.3333333333333333,0.3333333333333333,normal,0.9461664064088428,6.054874765632094e-06,0.8922470536804866,5.634628198904703e-06,1.3005006354732849,1.956422154954184e-05,-0.7335776471725042,-0.7334116804851185,0,-0.7796391219594093,-0.62392029374513,0,0.6642577331193132,-0.3288826678079953,0,normal,normal
N15_M01_F10_KA30_3,KA30,6203_PU_2905,outer_race,N15_M01_F10,0.3333333333333333,0.0,normal,0.9621785391041884,8.379827443208356e-06,1.1921164073117665,1.1845272175704217e-05,1.1929772549639948,2.3040465016925492e-05,-0.6855408837957109,-0.6297427735329946,0,0.5903803406309076,-0.22522857067488017,0,0.19637773949766243,-0.2093714129802957,0,normal,normal
N15_M01_F10_KA30_4,KA30,6203_PU_2905,outer_race,N15_M01_F10,0.3333333333333333,0.0,normal,1.0911556014933688,9.612007826378945e-06,1.1391454400892858,9.786000907928503e-06,1.669188286314945,3.2487251708212964e-05,-0.2986067542263307,-0.574800238692109,0,0.3483707615651317,-0.35742330170205533,0,2.2685746259394106,0.11540369042035946,1,normal,normal
N15_M01_F10_KA30_5,KA30,6203_PU_2905,outer_race,N15_M01_F10,0.3333333333333333,0.6666666666666666,inner_race,1.19547683447997,1.0681306104105083e-05,1.21846695709526,1.0974947738815502e-05,1.0452014724970229,1.2133465416484432e-05,0.014359324652677925,-0.5271205655844307,0,0.7107686551291299,-0.28109896844192767,0,-0.4466575876152847,-0.5843477979442054,0,normal,normal
N15_M01_F10_KA30_6,KA30,6203_PU_2905,outer_race,N15_M01_F10,0.3333333333333333,0.0,normal,1.1529315174850345,1.0616019513972557e-05,0.9295494465309582,6.9339702831394385e-06,0.9159676197440535,1.1824614621309926e-05,-0.11327759693431654,-0.5300316740568517,0,-0.6092148902482396,-0.5405091472752286,0,-1.0090090865670533,-0.5949659109826511,0,normal,normal
N15_M01_F10_KA30_7,KA30,6203_PU_2905,outer_race,N15_M01_F10,0.3333333333333333,0.0,normal,1.1322887293916513,1.088271814734401e-05,1.0152132737512032,8.103253222529805e-06,1.0058279136460002,2.0035669332103194e-05,-0.17520643214609186,-0.518139666071525,0,-0.2178407497749942,-0.46544713573444996,0,-0.6179887006887478,-0.31267456368401975,0,normal,normal
N15_M01_F10_KA30_8,KA30,6203_PU_2905,outer_race,N15_M01_F10,0.3333333333333333,0.0,normal,1.0593800970933478,8.484265222483716e-06,0.9700945573757326,6.481757455115807e-06,1.0510817939011423,1.536358871277881e-05,-0.39393399233282933,-0.6250859258791014,0,-0.4239755842052349,-0.5695389084840043,0,-0.42106980635300434,-0.47329801331019894,0,normal,normal
N15_M01_F10_KA30_9,KA30,6203_PU_2905,outer_race,N15_M01_F10,0.3333333333333333,0.0,normal,1.0943624209412073,1.0581156926771556e-05,0.8836453223738336,6.916661638854112e-06,1.120001317134276,1.9349194512433565e-05,-0.2889862227244468,-0.5315861858297187,0,-0.8189380338334693,-0.5416202741148776,0,-0.1211716266455713,-0.33627517390482325,0,normal,normal
N15_M01_F10_KI01_1,KI01,6203_PU_2905,inner_race,N15_M01_F10,0.3333333333333333,1.0,inner_race,1.2911996308408478,1.3651880315069013e-05,1.5731948610343158,2.2666005331906767e-05,1.1450493428902835,2.2075442022483162e-05,0.30152989749517384,-0.3946635979906473,0,2.3314215375772047,0.4694074063744679,1,-0.012177005425090186,-0.24254834954572835,0,inner_race,inner_race
N15_M01_F10_KI01_10,KI01,6203_PU_2905,inner_race,N15_M01_F10,0.0,1.0,inner_race,0.9980727626739496,9.17514725415459e-06,1.0344678239380745,9.31434174423609e-06,1.2291659415648748,2.0760650440785428e-05,-0.5778573942181146,-0.5942797138873596,0,-0.12987207881880342,-0.3877014186536739,0,0.3538501178380433,-0.2877501293519787,0,normal,inner_race
N15_M01_F10_KI01_11,KI01,6203_PU_2905,inner_race,N15_M01_F10,0.0,1.0,inner_race,1.1290703132547002,1.250174968180815e-05,1.336159834867874,1.6721573276385437e-05,1.214859383566781,2.7251351898500835e-05,-0.184861753979873,-0.4459475603492304,0,1.2484745967473172,0.08780513328601115,0,0.29159619470810977,-0.06460353930390705,0,normal,inner_race
N15_M01_F10_KI01_12,KI01,6203_PU_2905,inner_race,N15_M01_F10,0.0,1.0,inner_race,1.2736381716829164,1.488256916193635e-05,1.722269597338357,2.569629184052306e-05,0.9040911203412871,1.4373974852130973e-05,0.2488451193852606,-0.33978757028331696,0,3.0125024404566103,0.663936372135495,1,-1.0606887904462832,-0.5073203697390832,0,inner_race,inner_race
N15_M01_F10_KI01_13,KI01,6203_PU_2905,inner_race,N15_M01_F10,0.3333333333333333,1.0,inner_race,1.200547897466331,1.3485167209513785e-05,0.928021958220769,7.764899312777739e-06,1.2282790480445185,2.493799525963678e-05,0.029572629299812775,-0.4020972828110721,0,-0.6161935584198843,-0.48716773407989294,0,0.34999086664372714,-0.144135412536801,0,normal,inner_race
N15_M01_F10_KI01_14,KI01,6203_PU_2905,inner_race,N15_M01_F10,0.0,1.0,inner_race,1.4057326822976737,1.762642522797257e-05,1.444716505920254,2.004013744300975e-05,0.8439970155922627,1.0431239817210487e-05,0.6451316647508808,-0.21743989329899718,0,1.7444397573573869,0.3008400569836421,0,-1.322183817978858,-0.6428693368633925,0,normal,inner_race
N15_M01_F10_KI01_15,KI01,6203_PU_2905,inner_race,N15_M01_F10,0.0,1.0,inner_race,1.1881625901891333,1.2036375471688496e-05,1.250719685785203,1.4849500789849713e-05,0.9659593335594487,1.347729005728581e-05,-0.007583575082415786,-0.466698449669312,0,0.8581223793152943,-0.03237238907036796,0,-0.7914738618531912,-0.5381478782327618,0,normal,inner_race
N15_M01_F10_KI01_16,KI01,6203_PU_2905,inner_race,N15_M01_F10,0.6666666666666666,1.0,inner_race,1.2663291877182163,1.464178934605185e-05,1.2559857497275737,1.6811036718053615e-05,0.9345835815326672,1.1909155979589536e-05,0.22691800074858273,-0.3505238663678041,0,0.8821815571036457,0.09354823075605184,0,-0.9280031133390733,-0.59205942761702,0,normal,inner_race
N15_M01_F10_KI01_17,KI01,6203_PU_2905,inner_race,N15_M01_F10,0.6666666666666666,1.0,inner_race,1.0786902903268658,8.98178203945218e-06,1.4849888085574128,1.495676762310036e-05,1.5326113275476188,3.086915414499599e-05,-0.3360029721016334,-0.6029018078525835,0,1.9284326787683448,-0.025486404503107636,0,1.6742701472832555,0.0597744250860619,0,normal,inner_race
N15_M01_F10_KI01_18,KI01,6203_PU_2905,inner_race,N15_M01_F10,0.0,1.0,inner_race,1.0990809488405977,1.1060004810208668e-05,1.0585831397120005,1.2921254592096332e-05,1.0924657489357197,1.7573480674333594e-05,-0.2748305313807383,-0.5102345096639852,0,-0.019695925248225273,-0.15615597768980788,0,-0.24099060380278517,-0.39732319628800833,0,normal,inner_race
N15_M01_F10_KI01_19,KI01,6203_PU_2905,inner_race,N15_M01_F10,0.3333333333333333,1.0,inner_race,1.007504045358556,9.407324276820192e-06,0.8990835336628169,7.766359761453643e-06,1.0895107985365171,2.1765832737659833e-05,-0.5495633310049253,-0.5839270136404737,0,-0.7484051511718569,-0.4870739807104796,0,-0.253848850701112,-0.2531925390228801,0,normal,inner_race
N15_M01_F10_KI01_2,KI01,6203_PU_2905,inner_race,N15_M01_F10,0.3333333333333333,1.0,inner_race,0.8930598825289824,7.337629072238601e-06,1.089548201263179,1.0759420831479761e-05,1.0531630830290755,1.7979065062058095e-05,-0.8928984303510258,-0.6762140703416475,0,0.12177480682793337,-0.2949346985811346,0,-0.41201323150119307,-0.38337943786881995,0,normal,inner_race
N15_M01_F10_KI01_20,KI01,6203_PU_2905,inner_race,N15_M01_F10,0.0,1.0,inner_race,1.2601453840177577,1.3467170986198367e-05,1.4535011316161623,2.2095724582167064e-05,1.090024445029021,1.79282163851156e-05,0.208366448573786,-0.40289972873539975,0,1.7845742626985488,0.43279828571051326,0,-0.25161375618959064,-0.3851275861917853,0,normal,inner_race
N15_M01_F10_KI01_3,KI01,6203_PU_2905,inner_race,N15_M01_F10,0.0,1.0,inner_race,1.2590385376353435,1.3573448983678353e-05,0.9757539277994168,8.359244612501667e-06,1.303741548024831,2.676927369996518e-05,0.20504588417564396,-0.39816082633189076,0,-0.39811949877147934,-0.4490137918267503,0,0.6783603230561573,-0.08117711102655609,0,normal,inner_race
N15_M01_F10_KI01_4,KI01,6203_PU_2905,inner_race,N15_M01_F10,0.6666666666666666,1.0,inner_race,0.9208439267818606,7.5130414716415725e-06,1.1736698797124137,1.3144645517470592e-05,1.2859879962133456,2.438990853753897e-05,-0.809545663744625,-0.668392486751003,0,0.5061032995718955,-0.1418154176305887,0,0.6011070627050117,-0.16297831940650012,0,normal,inner_race
N15_M01_F10_KI01_5,KI01,6203_PU_2905,inner_race,N15_M01_F10,0.3333333333333333,1.0,inner_race,1.2158600775623185,1.3358562069069935e-05,1.4368327494592994,1.9636928409578816e-05,0.9090117121284091,1.2596463361772362e-05,0.07550951891025183,-0.4077425661112108,0,1.7084210723566153,0.27495608989478787,0,-1.0392772012359301,-0.5684301943749557,0,normal,inner_race
N15_M01_F10_KI01_6,KI01,6203_PU_2905,inner_race,N15_M01_F10,0.0,1.0,inner_race,1.1986811119582284,1.3124382407534458e-05,1.1588564784588349,1.2522117262289158e-05,1.2753130676386641,2.534987115625184e-05,0.02397223018783045,-0.4181845633939727,0,0.4384249997429737,-0.18177856213627389,0,0.5546559049216867,-0.12997535565367452,0,normal,inner_race
N15_M01_F10_KI01_7,KI01,6203_PU_2905,inner_race,N15_M01_F10,0.0,1.0,inner_race,1.1349857477129845,1.1621890080141455e-05,1.3174897471195133,1.6808039429221758e-05,1.2724732163988965,2.4711588121257872e-05,-0.16711531565400692,-0.4851802226119337,0,1.1631761717039415,0.09335582007313777,0,0.5422985034555553,-0.15191915998242428,0,normal,inner_race
N15_M01_F10_KI01_8,KI01,6203_PU_2905,inner_race,N15_M01_F10,0.3333333333333333,1.0,inner_race,0.8757182742831522,5.67948552019164e-06,0.7866271067616709,4.934934274961578e-06,1.1899266286167378,1.7884417029094048e-05,-0.9449236507090946,-0.7501501685979021,0,-1.2621872088654786,-0.6688370813118881,0,0.18310316582693137,-0.3866333829082393,0,normal,inner_race
N15_M01_F10_KI01_9,KI01,6203_PU_2905,inner_race,N15_M01_F10,0.3333333333333333,1.0,inner_race,0.9477351118760696,7.494299525372554e-06,1.2667029309064781,1.2489263833888832e-05,0.988704432437078,1.5115804747936165e-05,-0.7288714949833606,-0.6692281842267427,0,0.9311453695819946,-0.18388758497297508,0,-0.6925002556720733,-0.48181668377801146,0,normal,inner_race
N15_M01_F10_KI03_1,KI03,6203_PU_2905,inner_race,N15_M01_F10,0.0,0.0,normal,1.8429554222053242,8.367654237894623e-06,0.970800701935791,2.4015561259353645e-06,1.1319026497350284,7.267359921053636e-06,1.9568098589993028,-0.6302855729203327,0,-0.42074940660833404,-0.831467060295851,0,-0.06938386295218482,-0.7516417114285212,0,normal,normal
N15_M01_F10_KI03_10,KI03,6203_PU_2905,inner_race,N15_M01_F10,0.0,0.0,normal,1.5532531181705265,5.615537351499894e-06,0.9967257797586203,2.2467951191815446e-06,1.1080105081688276,6.41692079911115e-06,1.087696337808175,-0.753001597280216,0,-0.30230495486179926,-0.8414019289950168,0,-0.1733487400854494,-0.7808793202357114,0,normal,normal
N15_M01_F10_KI03_11,KI03,6203_PU_2905,inner_race,N15_M01_F10,0.0,0.0,normal,1.520308775995654,5.7623477265730665e-06,0.9908106251967538,2.224673522474036e-06,0.9634386424099981,4.106247929533443e-06,0.9888625597119896,-0.7464553689376531,0,-0.32932964670127146,-0.8428220228759942,0,-0.8024424619226916,-0.8603189270211922,0,normal,normal
N15_M01_F10_KI03_12,KI03,6203_PU_2905,inner_race,N15_M01_F10,0.0,0.0,normal,1.7258259573860089,7.978039426750892e-06,1.0708768328546598,3.360736192888468e-06,0.9717603409900267,4.228061338664651e-06,1.605418792423181,-0.6476583745232178,0,0.03647053080538722,-0.769892583469176,0,-0.7662312094480851,-0.856131051943769,0,normal,normal
N15_M01_F10_KI03_13,KI03,6203_PU_2905,inner_race,N15_M01_F10,0.0,0.0,normal,1.9926586550974263,1.0511490495633225e-05,0.8873267421879341,1.9750528843450805e-06,1.0948593715840698,6.846637781329746e-06,2.405922972911308,-0.5346925900318443,1,-0.8021186532125179,-0.8588463969507764,0,-0.23057493286556133,-0.7661058970714333,0,outer_race,normal
N15_M01_F10_KI03_14,KI03,6203_PU_2905,inner_race,N15_M01_F10,0.0,0.0,normal,1.722558233605923,8.439998103387024e-06,0.7263245897601337,1.2791350993118901e-06,0.8112913651264919,3.962100149898599e-06,1.5956155465351223,-0.6270597827644199,0,-1.5376925945771305,-0.9035207756249656,0,-1.4645000236155907,-0.865274644935206,0,normal,normal
N15_M01_F10_KI03_15,KI03,6203_PU_2905,inner_race,N15_M01_F10,0.0,0.0,normal,2.2750674464512626,1.3016781143935206e-05,1.4861830875450444,4.590650877229494e-06,1.3221297087002328,8.653900382701846e-06,3.253155789669926,-0.4229824698165802,1,1.9338890064557341,-0.690938322596857,0,0.7583750366818837,-0.7039732463179136,0,outer_race,normal
N15_M01_F10_KI03_16,KI03,6203_PU_2905,inner_race,N15_M01_F10,0.0,0.0,normal,1.7480019049339868,7.570588495293705e-06,0.8786624970530686,2.0507017762484083e-06,1.000871244986572,5.279087849367989e-06,1.6719471409752789,-0.6658264831080455,0,-0.8417031733366206,-0.8539901232416472,0,-0.6395572757258536,-0.8199973638606749,0,normal,normal
N15_M01_F10_KI03_17,KI03,6203_PU_2905,inner_race,N15_M01_F10,0.0,0.0,normal,2.48512453543676,1.531462940780238e-05,1.28701596937825,4.1711748308399276e-06,1.0667889050749573,5.907552357534795e-06,3.883331848737151,-0.32052214012708197,1,1.0239499783680333,-0.7178665490974422,0,-0.35272148024002337,-0.7983911148477951,0,outer_race,normal
N15_M01_F10_KI03_18,KI03,6203_PU_2905,inner_race,N15_M01_F10,0.0,0.0,normal,1.5687952348599976,7.035865526083612e-06,1.3176850802644478,4.213165247907965e-06,1.085333264536513,6.477343882255743e-06,1.1343230424446944,-0.6896696117337834,0,1.1640685943773776,-0.7151709781074075,0,-0.2720270792130705,-0.7788020093238254,0,normal,normal
N15_M01_F10_KI03_19,KI03,6203_PU_2905,inner_race,N15_M01_F10,0.0,0.0,normal,2.155593871215154,1.1058461915250288e-05,0.6741926522069628,1.0367131222590205e-06,1.166474458409306,6.1890626516677964e-06,2.8947323383663583,-0.5103033068637819,1,-1.7758688810348908,-0.9190830323091931,0,0.08105279134006368,-0.7887129525400004,0,outer_race,normal
N15_M01_F10_KI03_2,KI03,6203_PU_2905,inner_race,N15_M01_F10,0.0,0.0,normal,1.6904941945894951,6.605479274441166e-06,1.0762270023266387,3.0999309582554165e-06,0.9550230993462304,4.9809613816441624e-06,1.4994226979969547,-0.7088603990153153,0,0.060913963306930496,-0.7866349516954056,0,-0.8390620716889429,-0.8302467806778002,0,normal,normal
N15_M01_F10_KI03_20,KI03,6203_PU_2905,inner_race,N15_M01_F10,0.0,0.0,normal,1.9762103656342946,1.0896597835100542e-05,1.0993849764208683,2.6357822933632364e-06,1.1362357638940872,5.983318524202876e-06,2.356577729280949,-0.5175207751700308,1,0.1667162896835977,-0.816430932862238,0,-0.050528638948814264,-0.79578631753226,0,outer_race,normal
N15_M01_F10_KI03_3,KI03,6203_PU_2905,inner_race,N15_M01_F10,0.0,0.0,normal,1.9676181681395875,1.044189207455869e-05,0.9867665863269034,2.6829460027603954e-06,1.3215156220351192,1.0256941942269734e-05,2.330800940779821,-0.5377959616866655,1,-0.3478057326769637,-0.8134032628434474,0,0.7557028842291277,-0.648861597745985,0,outer_race,normal
N15_M01_F10_KI03_4,KI03,6203_PU_2905,inner_race,N15_M01_F10,0.0,0.0,normal,1.850874565152989,8.287484619958211e-06,1.232526632341674,3.6143435025902434e-06,1.1492256499385618,6.079192428099157e-06,1.9805674685046597,-0.6338603109106566,0,0.7750033909967072,-0.7536122853767525,0,0.005995884097683752,-0.7924902277539171,0,normal,normal
N15_M01_F10_KI03_5,KI03,6203_PU_2905,inner_race,N15_M01_F10,0.0,0.0,normal,1.7073716466715587,7.2712073638729035e-06,1.063373614525804,2.4704201551360844e-06,0.8814268062484899,3.7678727084205447e-06,1.550055439274756,-0.6791757933782397,0,0.002190418422723501,-0.8270463402284703,0,-1.1593108676442823,-0.8719520728745345,0,normal,normal
N15_M01_F10_KI03_6,KI03,6203_PU_2905,inner_race,N15_M01_F10,0.0,0.0,normal,2.1084976347594107,1.070960311421284e-05,1.4645911163929475,4.328791917738111e-06,1.1052748901456817,5.948642047585456e-06,2.7534425545751176,-0.5258588108243543,1,1.8352413108648242,-0.707748334594164,0,-0.18525257846142196,-0.7969784748919028,0,outer_race,normal
N15_M01_F10_KI03_7,KI03,6203_PU_2905,inner_race,N15_M01_F10,0.0,0.0,normal,2.1441608465047817,1.3026067259463854e-05,1.071669289971597,3.0002218665590367e-06,1.0355697850239445,6.332115244739672e-06,2.860433003409384,-0.42256840485260444,1,0.040091046407681775,-0.7930357677335977,0,-0.4885691593322872,-0.7837948865113159,0,outer_race,normal
N15_M01_F10_KI03_8,KI03,6203_PU_2905,inner_race,N15_M01_F10,0.0,0.0,normal,1.629242391361913,7.17544619382958e-06,1.2099213503296962,3.3793139318358066e-06,1.0751073778629026,5.267896088252144e-06,1.3156658909539714,-0.6834457537617764,0,0.6717261606338049,-0.7686999872135651,0,-0.3165242645597608,-0.8203821301830675,0,normal,normal
N15_M01_F10_KI03_9,KI03,6203_PU_2905,inner_race,N15_M01_F10,0.0,0.0,normal,2.363411818604727,1.3368542027814753e-05,1.0989714707659537,2.820835254050747e-06,1.364168737233267,9.4049229298749e-06,3.5181909215634373,-0.4072975628969599,1,0.1648270976462522,-0.804551474945899,0,0.941304742841903,-0.678153522279971,0,outer_race,normal
N15_M01_F10_KI04_1,KI04,6203_PU_2905,inner_race,N15_M01_F10,0.3333333333333333,0.0,normal,1.0907700420917423,9.725763559331208e-06,0.9503401551565269,7.302710623592267e-06,0.9827186890775671,1.401706071145679e-05,-0.2997634412271205,-0.5697279064212462,0,-0.5142279397207871,-0.5168378947851754,0,-0.7185467727328608,-0.5195908730044445,0,normal,normal
N15_M01_F10_KI04_10,KI04,6203_PU_2905,inner_race,N15_M01_F10,0.3333333333333333,0.3333333333333333,normal,0.8178469453755248,5.204023054994438e-06,0.8067224020866803,4.972116940465275e-06,1.1190482871715548,1.6652877493057934e-05,-1.1185389576721918,-0.7713508900315708,0,-1.170377407802529,-0.6664501434945873,0,-0.1253186656501783,-0.428973005176519,0,normal,normal
N15_M01_F10_KI04_11,KI04,6203_PU_2905,inner_race,N15_M01_F10,0.3333333333333333,0.0,normal,1.1804343114817277,1.0517498517176801e-05,0.9345475168129024,7.052054308927011e-06,1.2850126673878857,1.7614529092883497e-05,-0.030768587512737627,-0.5344246942452442,0,-0.5863801007682934,-0.5329287540206501,0,0.5968629918575947,-0.39591197522261967,0,normal,normal
N15_M01_F10_KI04_12,KI04,6203_PU_2905,inner_race,N15_M01_F10,0.3333333333333333,0.3333333333333333,normal,0.9760325730673445,7.429949959350483e-06,1.0431707536391224,1.0312329510153132e-05,1.4233251396533688,2.554793239800828e-05,-0.6439784658489975,-0.6720975110894752,0,-0.09011081969843414,-0.32363568513508056,0,1.1987194284284082,-0.12316612386161596,0,normal,normal
N15_M01_F10_KI04_13,KI04,6203_PU_2905,inner_race,N15_M01_F10,0.3333333333333333,0.3333333333333333,normal,1.0330521564778696,6.254415575133984e-06,1.1162428082540137,8.863171322471675e-06,1.0944728018215817,1.194223843035046e-05,-0.47291841480839464,-0.7245142186946413,0,0.24373502277121467,-0.41666426268780926,0,-0.2322570624372931,-0.5909220719512532,0,normal,normal
N15_M01_F10_KI04_14,KI04,6203_PU_2905,inner_race,N15_M01_F10,0.3333333333333333,0.0,normal,0.6503986155006455,3.1299985852629143e-06,1.1775459479813233,1.0746304373684512e-05,1.2423534203059272,1.7557970883994942e-05,-1.6208877673580455,-0.8638309873009797,0,0.5238119747080165,-0.29577670839179204,0,0.41123445080845394,-0.3978564139762625,0,normal,normal
N15_M01_F10_KI04_15,KI04,6203_PU_2905,inner_race,N15_M01_F10,0.3333333333333333,0.0,normal,1.211259559521265,1.075972965339733e-05,0.9321900046735673,5.936176833679781e-06,1.0105433045877255,1.5020731327429093e-05,0.0617078598337569,-0.5236236842445021,0,-0.5971509163753909,-0.6045624066665808,0,-0.5974700276960643,-0.4850852533969609,0,normal,normal
N15_M01_F10_KI04_16,KI04,6203_PU_2905,inner_race,N15_M01_F10,0.3333333333333333,0.0,normal,0.8435564741249169,5.129536076017469e-06,1.2105264647026481,1.0570360705909003e-05,1.2076142254369822,1.705635727546761e-05,-1.0414097849029456,-0.7746722409421442,0,0.6744907594765952,-0.3070713960813069,0,0.26006942793885623,-0.4151016018798794,0,normal,normal
N15_M01_F10_KI04_17,KI04,6203_PU_2905,inner_race,N15_M01_F10,0.3333333333333333,0.0,normal,1.042624065943009,8.305768262627385e-06,1.1843991388256532,1.1114886567096831e-05,1.134752447079115,1.8646811841604356e-05,-0.444202468045435,-0.633045049047954,0,0.5551222927644675,-0.2721156081365659,0,-0.0569831817528149,-0.3604226869163927,0,normal,inner_race
N15_M01_F10_KI04_18,KI04,6203_PU_2905,inner_race,N15_M01_F10,0.3333333333333333,0.0,normal,1.0332835790262023,8.014010349192076e-06,0.9198447909740691,6.815761065972159e-06,0.9039743254896213,1.1976617640147686e-05,-0.4722241418838678,-0.6460544424313936,0,-0.6535527554874515,-0.5480975771789974,0,-1.0611970145571101,-0.589740134454239,0,normal,normal
N15_M01_F10_KI04_19,KI04,6203_PU_2905,inner_race,N15_M01_F10,0.3333333333333333,0.3333333333333333,normal,1.047048355830066,8.50209427347748e-06,0.8643862304520247,6.015640977060163e-06,1.1939804736739044,1.9276715043456353e-05,-0.4309294974512883,-0.6242909341158952,0,-0.9069274547101945,-0.5994612132372076,0,0.2007431711030524,-0.338766976440516,0,normal,normal
N15_M01_F10_KI04_2,KI04,6203_PU_2905,inner_race,N15_M01_F10,0.3333333333333333,0.0,normal,0.9874530226356354,6.920166116511042e-06,1.0958207066532826,8.509967198616659e-06,1.0120945999189415,1.3940907753228483e-05,-0.6097168566051484,-0.6948286119324019,0,0.15043213495960744,-0.4393381691717938,0,-0.5907196814342861,-0.5222089679917775,0,normal,normal
N15_M01_F10_KI04_20,KI04,6203_PU_2905,inner_race,N15_M01_F10,0.3333333333333333,0.3333333333333333,normal,1.365033264247751,1.355396366838375e-05,0.9257461991086096,6.663628953328116e-06,1.3316356262647695,2.4726424438890216e-05,0.5230324821101058,-0.39902967039813425,0,-0.6265908672414435,-0.5578636842607991,0,0.7997393299955512,-0.1514090958991976,0,normal,normal
N15_M01_F10_KI04_3,KI04,6203_PU_2905,inner_race,N15_M01_F10,0.3333333333333333,0.3333333333333333,normal,0.703943689721479,4.0855129958251294e-06,0.6210454433262931,2.7382767852043116e-06,0.6964421183952126,7.367440455025873e-06,-1.460251323151792,-0.8212249009597928,0,-2.0186836590945427,-0.8098513083160592,0,-1.9642579792672876,-0.7482010001230355,0,normal,normal
N15_M01_F10_KI04_4,KI04,6203_PU_2905,inner_race,N15_M01_F10,0.3333333333333333,0.3333333333333333,normal,0.9135371616822344,5.883003743700212e-06,0.9398698476640036,6.255491516521385e-06,1.060801240066359,1.4845270861027967e-05,-0.8314661257354614,-0.741075355170746,0,-0.5620638551631507,-0.5840640297544084,0,-0.3787763592138995,-0.4911174835065609,0,normal,normal
N15_M01_F10_KI04_5,KI04,6203_PU_2905,inner_race,N15_M01_F10,0.3333333333333333,0.0,normal,1.4552628705454096,1.34434442955162e-05,1.4322277471449527,1.4091355812963755e-05,1.277203003741248,1.918667268740906e-05,0.7937233594447501,-0.4039576943930817,0,1.6873821008194108,-0.08104143664431732,0,0.5628798213148835,-0.34186258095148364,0,normal,normal
N15_M01_F10_KI04_6,KI04,6203_PU_2905,inner_race,N15_M01_F10,0.3333333333333333,0.0,normal,0.9279013367751469,5.816136912580962e-06,0.9129807648236955,6.53761777149295e-06,1.5093497994482592,2.5750103940171542e-05,-0.7883732727614392,-0.7440569260905943,0,-0.6849125770359508,-0.565952960574118,0,1.573049337751343,-0.11621558230114015,0,normal,normal
N15_M01_F10_KI04_7,KI04,6203_PU_2905,inner_race,N15_M01_F10,0.3333333333333333,0.0,normal,0.8710595288452002,5.924141933208579e-06,1.0185458698443455,8.47081084151331e-06,0.7700973201643039,7.0076423394924395e-06,-0.9588999933046481,-0.7392410162693762,0,-0.20261504747074535,-0.4418518079411397,0,-1.643752846609686,-0.7605706527884759,0,normal,normal
N15_M01_F10_KI04_8,KI04,6203_PU_2905,inner_race,N15_M01_F10,0.3333333333333333,0.0,normal,0.9642555479047237,7.547203687621735e-06,0.5705445336465145,2.461928002418774e-06,1.2750801124485243,1.8571408803039237e-05,-0.6793098100105284,-0.6668692043100812,0,-2.2494082339868644,-0.8275914931968401,0,0.553642217736997,-0.3630150000962061,0,normal,normal
N15_M01_F10_KI04_9,KI04,6203_PU_2905,inner_race,N15_M01_F10,0.3333333333333333,0.3333333333333333,normal,0.9651407870818939,7.288782975855361e-06,0.6902554133297342,3.847252175798613e-06,0.9011175568616612,1.0957780769591378e-05,-0.6766540722837261,-0.6783921023806513,0,-1.7024826043292196,-0.7386607343642755,0,-1.0736280307797914,-0.624767161187943,0,normal,normal
N15_M01_F10_KI05_1,KI05,6203_PU_2905,inner_race,N15_M01_F10,0.3333333333333333,0.0,normal,1.309516648710596,3.854283182010108e-05,1.0001726690707844,1.9493531374497752e-05,1.1987120709188355,6.040961394434985e-05,0.3564813689773804,0.7152160827498042,0,-0.28655707870882,0.2657507303196451,0,0.22133236461885067,1.0753584749181972,0,normal,normal
N15_M01_F10_KI05_10,KI05,6203_PU_2905,inner_race,N15_M01_F10,0.3333333333333333,0.0,normal,1.643002465269872,4.9557516090624426e-05,0.7841776609650924,1.198738641606129e-05,1.095521332486434,3.98220059458736e-05,1.3569464265915478,1.2063573819947877,0,-1.2733780437181752,-0.21610555998992717,0,-0.22769445922988393,0.3675683305039149,0,normal,normal
N15_M01_F10_KI05_11,KI05,6203_PU_2905,inner_race,N15_M01_F10,0.3333333333333333,0.0,normal,0.7563145109373194,1.1096915467354276e-05,1.2675210777409442,2.923720416822603e-05,0.71900595723537,1.657536111080091e-05,-1.3031376647491895,-0.5085886750979419,0,0.93488325434048,0.8912449157335913,0,-1.8660731126586656,-0.4316379738992688,0,normal,normal
N15_M01_F10_KI05_12,KI05,6203_PU_2905,inner_race,N15_M01_F10,0.3333333333333333,0.3333333333333333,normal,1.6004653961006485,5.077236586078956e-05,1.4813272307414245,4.1911978410035796e-05,1.34768273774054,6.243958336312967e-05,1.22933424866985,1.2605271502652335,0,1.9117039507041187,1.7049008910029466,0,0.8695671421361928,1.1451476582065658,0,normal,normal
N15_M01_F10_KI05_13,KI05,6203_PU_2905,inner_race,N15_M01_F10,0.3333333333333333,0.0,normal,1.3192974513302127,3.200134363272322e-05,0.8245913292799553,1.385693594881477e-05,1.8033854958531785,0.00010696619772954669,0.3858239999693293,0.423533186677848,0,-1.0887392619435239,-0.09608999842125814,0,2.8525238028104547,2.6759470990652567,1,normal,normal
N15_M01_F10_KI05_14,KI05,6203_PU_2905,inner_race,N15_M01_F10,0.3333333333333333,0.0,normal,1.0727893102678612,2.2966591196413788e-05,1.0102734307524852,1.7908176171747135e-05,0.9868220261192407,4.075268282956453e-05,-0.35370604689990676,0.02067642374723322,0,-0.2404095150336998,0.16397899781908915,0,-0.7006914067669454,0.3995644674985279,0,normal,normal
N15_M01_F10_KI05_15,KI05,6203_PU_2905,inner_race,N15_M01_F10,0.3333333333333333,0.0,normal,1.2614035650216024,3.0890433727428814e-05,0.7696568172615332,1.1268240841402664e-05,1.0361699442878538,3.655972576767625e-05,0.21214102028867296,0.37399806421496024,0,-1.33971972967642,-0.2622710444984667,0,-0.48595761093007145,0.2554130107301437,0,normal,normal
N15_M01_F10_KI05_16,KI05,6203_PU_2905,inner_race,N15_M01_F10,0.3333333333333333,0.0,normal,1.4327042224281787,3.931628984607007e-05,0.7259544643891532,1.0059707025292753e-05,1.3719996486133683,7.113748642244758e-05,0.7260469004542026,0.7497043322952287,0,-1.539383594193134,-0.3398527624867234,0,0.9753803713165582,1.4441765722461033,0,normal,normal
N15_M01_F10_KI05_17,KI05,6203_PU_2905,inner_race,N15_M01_F10,0.3333333333333333,0.0,normal,1.2304315319854964,2.4115584709920617e-05,0.8284633888041768,1.2659274888019618e-05,1.432119733460719,7.410019559475103e-05,0.11922421460381104,0.07190968229446071,0,-1.0710489016441032,-0.17297374087474646,0,1.2369884493148235,1.5460328128097174,0,normal,normal
N15_M01_F10_KI05_18,KI05,6203_PU_2905,inner_race,N15_M01_F10,0.3333333333333333,0.0,normal,1.413774331173749,4.4470995127738845e-05,1.1673645242512698,2.9182396596798726e-05,1.2021233313602404,6.296891036100964e-05,0.6692567948362423,0.979551015784731,0,0.47729588862539674,0.8877265486896462,0,0.23617621072940365,1.1633456165269094,0,normal,normal
N15_M01_F10_KI05_19,KI05,6203_PU_2905,inner_race,N15_M01_F10,0.3333333333333333,0.6666666666666666,inner_race,1.1317299052256815,2.69344787715257e-05,0.9388608559807361,1.6936894688598352e-05,0.8351166499129477,2.9302957310135712e-05,-0.1768829173926653,0.19760327984547865,0,-0.5666736568215356,0.10162767168456958,0,-1.3608260687871543,0.0059294769984068315,0,normal,normal
N15_M01_F10_KI05_2,KI05,6203_PU_2905,inner_race,N15_M01_F10,0.3333333333333333,0.3333333333333333,normal,1.1865510589397394,2.3026774676581922e-05,1.00309245637151,1.8800315419047705e-05,1.1611334608018722,4.437438100002486e-05,-0.012418205595060872,0.02335998615509675,0,-0.2732173846714735,0.2212497953488736,0,0.05781183746879369,0.524076371517916,0,normal,normal
N15_M01_F10_KI05_20,KI05,6203_PU_2905,inner_race,N15_M01_F10,0.3333333333333333,0.3333333333333333,normal,1.0095578884236325,2.0757323001447367e-05,1.1987476415890426,2.8653711452330867e-05,1.2995405549359498,5.8160177025909365e-05,-0.5434017549546077,-0.07783414859483465,0,0.6206766010218081,0.8537876541085152,0,0.6600800140636348,0.9980241249795522,0,normal,inner_race
N15_M01_F10_KI05_3,KI05,6203_PU_2905,inner_race,N15_M01_F10,0.3333333333333333,0.3333333333333333,normal,0.8353398782867457,1.5215062908126061e-05,1.053737882481965,2.251099630766578e-05,0.8764731410752266,2.7007806789604654e-05,-1.0660597598657249,-0.3249617789593241,0,-0.04183255450366856,0.45945661621535705,0,-1.1808663732347153,-0.07297648033764821,0,normal,normal
N15_M01_F10_KI05_4,KI05,6203_PU_2905,inner_race,N15_M01_F10,0.3333333333333333,0.0,normal,1.2855012804830377,3.156366099123989e-05,0.8569589429680564,1.2778314700300797e-05,0.886885628288477,2.6505763671532232e-05,0.2844347164231511,0.4040170556734967,0,-0.9408606602347639,-0.1653319909934725,0,-1.1355572095175255,-0.09023643453286004,0,normal,normal
N15_M01_F10_KI05_5,KI05,6203_PU_2905,inner_race,N15_M01_F10,0.3333333333333333,0.3333333333333333,normal,1.2502937565034793,3.409856132498007e-05,1.3133019254581566,3.4850440987490516e-05,1.0103844701132538,3.49811927661915e-05,0.17881134128209727,0.5170474624280013,0,1.1440431822455701,1.2515861408680569,0,-0.5981611840989851,0.20114395231566964,0,normal,normal
N15_M01_F10_KI05_6,KI05,6203_PU_2905,inner_race,N15_M01_F10,0.3333333333333333,0.0,normal,1.1896379925046212,3.1622325294981296e-05,0.942641850405552,1.844055820813087e-05,0.882834844806345,3.499022366648308e-05,-0.003157334477048583,0.4066328784834127,0,-0.5493993475691379,0.19815521403924025,0,-1.153183892577577,0.20145442948339318,0,normal,normal
N15_M01_F10_KI05_7,KI05,6203_PU_2905,inner_race,N15_M01_F10,0.3333333333333333,0.6666666666666666,inner_race,1.2084036908041749,2.842942988750631e-05,0.9987032879940922,1.6173016317448856e-05,1.33371976625975,6.324906663528437e-05,0.05314018853048821,0.264262678823927,0,-0.29327027113296295,0.052590569389320795,0,0.8088083101832959,1.1729772284092688,0,normal,normal
N15_M01_F10_KI05_8,KI05,6203_PU_2905,inner_race,N15_M01_F10,0.3333333333333333,0.0,normal,0.9565115597199642,1.555989678819933e-05,0.8402059049706432,1.4131434502956114e-05,0.9163634310956555,2.6514639881779914e-05,-0.7025419512312983,-0.30958574495568886,0,-1.0174006195071377,-0.07846858879936865,0,-1.007286742907602,-0.08993127552004399,0,normal,normal
N15_M01_F10_KI05_9,KI05,6203_PU_2905,inner_race,N15_M01_F10,0.3333333333333333,0.0,normal,1.6697628442975754,5.8908634348795164e-05,0.9804318452999609,2.0391701090894346e-05,0.8454485539873804,2.310268368536489e-05,1.4372281741691675,1.6233207971879176,0,-0.3767473980798645,0.323408653262478,0,-1.3158675566054487,-0.2072323708767524,0,normal,normal
N15_M01_F10_KI07_1,KI07,6203_PU_2905,inner_race,N15_M01_F10,0.3333333333333333,0.0,normal,0.8275509085851375,9.465963697004469e-06,0.9366442913215778,1.1532193256725378e-05,1.365533066300741,4.732604929422996e-05,-1.089426846663221,-0.5813123003805257,0,-0.5768005226928334,-0.2453266432951961,0,0.9472415193119513,0.6255530330306623,0,normal,normal
N15_M01_F10_KI07_10,KI07,6203_PU_2905,inner_race,N15_M01_F10,0.3333333333333333,0.0,normal,1.4902118222123844,2.816463284656569e-05,0.9436656021521604,1.2680050753037319e-05,0.8836053582096197,1.7428329898166927e-05,0.8985710117491464,0.2524554622456142,0,-0.5447221112969747,-0.17164003611673348,0,-1.149831060807389,-0.40231339664700366,0,normal,normal
N15_M01_F10_KI07_11,KI07,6203_PU_2905,inner_race,N15_M01_F10,0.3333333333333333,0.0,normal,1.2795716977513367,2.445115932594402e-05,1.234878905717407,2.102269944463222e-05,1.0687531162505297,3.36267643932662e-05,0.26664583295426536,0.08687284863309418,0,0.7857502721536591,0.36391553497168944,0,-0.34417436139065827,0.15457948238101024,0,normal,normal
N15_M01_F10_KI07_12,KI07,6203_PU_2905,inner_race,N15_M01_F10,0.3333333333333333,0.0,normal,1.0971560914905902,1.5896150835310643e-05,1.3718299914370924,2.7104994445390682e-05,1.5398948511144714,6.196618365430842e-05,-0.28060514734324954,-0.2945922829990359,0,1.4114415960144788,0.7543679072430098,0,1.705963858398558,1.1288724479783028,0,normal,normal
N15_M01_F10_KI07_13,KI07,6203_PU_2905,inner_race,N15_M01_F10,0.3333333333333333,0.0,normal,1.0073152449053224,1.3991266513037734e-05,1.1952575049492487,2.0074630633675734e-05,1.0931029908166467,3.0837675903572786e-05,-0.5501297366718011,-0.3795304744146728,0,0.6047311398877682,0.3030543442092799,0,-0.23821769315050298,0.058692221216409594,0,normal,normal
N15_M01_F10_KI07_14,KI07,6203_PU_2905,inner_race,N15_M01_F10,0.3333333333333333,0.3333333333333333,normal,1.0890335070976969,1.5853653496796403e-05,0.9547044079836294,9.912514405546555e-06,0.9750566375971552,2.2217034668248687e-05,-0.30497308582547755,-0.296487225926106,0,-0.49428888546135386,-0.3493017792729146,0,-0.7518876199123646,-0.23768047566733513,0,normal,normal
N15_M01_F10_KI07_15,KI07,6203_PU_2905,inner_race,N15_M01_F10,0.3333333333333333,0.3333333333333333,normal,1.2943833732403875,2.4851167657872696e-05,1.2112012543517887,2.348005785637415e-05,1.1608349375789218,4.597365347300531e-05,0.3110811973256962,0.10470909405122399,0,0.6775736852283673,0.5216654338611503,0,0.05651283586571542,0.5790584410566597,0,normal,normal
N15_M01_F10_KI07_16,KI07,6203_PU_2905,inner_race,N15_M01_F10,0.3333333333333333,0.3333333333333333,normal,0.8734519880518277,1.2308859500786767e-05,1.270157738646186,2.5735510060366112e-05,0.9765403742094031,3.0627210283893946e-05,-0.9517225611047014,-0.4545484727123716,0,0.9469294228224845,0.6664539821777682,0,-0.7454312503917395,0.05145653403226693,0,normal,normal
N15_M01_F10_KI07_17,KI07,6203_PU_2905,inner_race,N15_M01_F10,0.3333333333333333,0.6666666666666666,inner_race,1.4686380133324706,3.4642861371122065e-05,1.11856683505274,1.8348996602386893e-05,0.9091392463533299,2.4978141322949718e-05,0.8338490929380551,0.5413176298949604,0,0.25435285319396456,0.1922774251179123,0,-1.0387222455410867,-0.14275521392645096,0,normal,inner_race
N15_M01_F10_KI07_18,KI07,6203_PU_2905,inner_race,N15_M01_F10,0.3333333333333333,0.0,normal,0.9513830429972608,1.1434547890124545e-05,1.4612622425074937,2.87095145727542e-05,0.9481554820138544,2.0371518194485943e-05,-0.7179276183981733,-0.493533751805189,0,1.8200326142896215,0.8573699303293686,0,-0.8689459977564499,-0.3011282725935321,0,normal,normal
N15_M01_F10_KI07_19,KI07,6203_PU_2905,inner_race,N15_M01_F10,0.3333333333333333,0.0,normal,1.0991566904548866,1.5733308345994947e-05,1.185329062194004,2.1436957151249307e-05,1.2580986463183192,3.59031391889381e-05,-0.2746033048099499,-0.3018533782615512,0,0.5593708533390326,0.39050877062700506,0,0.4797486308068491,0.23283994107484657,0,normal,normal
N15_M01_F10_KI07_2,KI07,6203_PU_2905,inner_race,N15_M01_F10,0.3333333333333333,0.0,normal,1.0852213373975208,1.7915609109406302e-05,1.1329865472416822,1.800858385520655e-05,0.9813735728829708,2.9716615019263617e-05,-0.31640968189445523,-0.2045452751910447,0,0.320232497460957,0.1704246598917291,0,-0.7243999458154698,0.020150791572853276,0,normal,normal
N15_M01_F10_KI07_20,KI07,6203_PU_2905,inner_race,N15_M01_F10,0.3333333333333333,0.3333333333333333,normal,1.056287588030221,1.5436435988090454e-05,0.974796572269433,1.1586830855660335e-05,1.4592333087391263,4.777318090098025e-05,-0.4032115900727728,-0.3150908231115438,0,-0.40249338924349176,-0.24181918761987906,0,1.3549711556642139,0.6409251609892577,0,normal,normal
N15_M01_F10_KI07_3,KI07,6203_PU_2905,inner_race,N15_M01_F10,0.3333333333333333,0.3333333333333333,normal,1.196874605249628,2.0501816106544705e-05,1.1352805813759652,1.753002254760399e-05,1.3487186064991972,3.799562370084625e-05,0.018552668849517836,-0.08922712049003204,0,0.3307132997628777,0.13970346044195162,0,0.8740746480004777,0.30477835737739795,0,normal,normal
N15_M01_F10_KI07_4,KI07,6203_PU_2905,inner_race,N15_M01_F10,0.3333333333333333,0.3333333333333333,normal,1.1894993638782605,1.7424859847374885e-05,0.943663352226239,1.1365016513326887e-05,1.0856408539088618,2.4858369454619457e-05,-0.0035732235187172965,-0.2264276300763904,0,-0.5447323905811512,-0.25605853907473247,0,-0.27068862693514767,-0.14687290200310943,0,normal,normal
N15_M01_F10_KI07_5,KI07,6203_PU_2905,inner_race,N15_M01_F10,0.3333333333333333,0.0,normal,0.9555787786528247,1.4018208079099002e-05,1.2534826789541793,2.3170972430779787e-05,1.0722293692105862,2.9401135907072656e-05,-0.705340315712599,-0.37832915847732573,0,0.8707457246844117,0.5018237231840521,0,-0.3290477051687778,0.009304800800449995,0,normal,normal
N15_M01_F10_KI07_6,KI07,6203_PU_2905,inner_race,N15_M01_F10,0.3333333333333333,0.0,normal,1.4099238193240842,2.630686946070903e-05,1.0740388960417535,1.7611607104782192e-05,0.719969607042404,1.3425797176712228e-05,0.6577051714440847,0.1696183785299094,0,0.05091711581248814,0.14494077364148608,0,-1.861879862191344,-0.5399181739067507,0,normal,normal
N15_M01_F10_KI07_7,KI07,6203_PU_2905,inner_race,N15_M01_F10,0.3333333333333333,0.0,normal,1.1124694295131288,1.81268007145812e-05,1.1867987768796793,2.067549859489785e-05,1.1772439381617517,4.044518878406697e-05,-0.234664783926741,-0.19512830809441958,0,0.5660855699295975,0.3416270081217917,0,0.12791538154152574,0.3889929987351165,0,normal,normal
N15_M01_F10_KI07_8,KI07,6203_PU_2905,inner_race,N15_M01_F10,0.3333333333333333,0.3333333333333333,normal,1.2810756187004049,2.0539727098996982e-05,0.9328937851634946,1.3607561907766165e-05,0.8225840575348083,1.6293814627380585e-05,0.27115763011097943,-0.08753668128801996,0,-0.5939355395557329,-0.11209854221898109,0,-1.4153607124541654,-0.44131738037398666,0,normal,normal
N15_M01_F10_KI07_9,KI07,6203_PU_2905,inner_race,N15_M01_F10,0.3333333333333333,0.0,normal,0.7671618341990154,7.515469283297894e-06,0.7682168640599905,8.196590748049065e-06,1.500609009246031,5.983898178043547e-05,-1.2705954475000694,-0.6682842313946149,0,-1.346298474344535,-0.4594553418052858,0,1.535014439251166,1.0557404687013368,0,normal,normal
N15_M01_F10_KI08_1,KI08,6203_PU_2905,inner_race,N15_M01_F10,0.3333333333333333,0.0,normal,1.1884214009253735,1.3984043828249823e-05,1.1054168512893525,1.2594938713125254e-05,1.3294418030155128,2.782194570334863e-05,-0.006807136969349211,-0.37985253165241534,0,0.19427424405826837,-0.17710379574831547,0,0.790193071284121,-0.04498685184973529,0,normal,normal
N15_M01_F10_KI08_10,KI08,6203_PU_2905,inner_race,N15_M01_F10,0.3333333333333333,0.0,normal,0.8965524813900545,6.41520618628717e-06,1.052229121378901,8.99740094760871e-06,1.0914749044503513,1.8266604986164956e-05,-0.8824205540898488,-0.717344616032538,0,-0.048725663287764266,-0.4080474041570556,0,-0.24530218989037228,-0.3734939803439084,0,normal,normal
N15_M01_F10_KI08_11,KI08,6203_PU_2905,inner_race,N15_M01_F10,0.3333333333333333,0.3333333333333333,normal,1.316068254553008,1.516162990833732e-05,1.1456297884665874,1.2439092399685858e-05,1.234397348059367,1.8518391345301747e-05,0.37613633596884455,-0.32734433957515846,0,0.37799594123601776,-0.18710833561107515,0,0.3766141941317926,-0.3648377098578876,0,normal,normal
N15_M01_F10_KI08_12,KI08,6203_PU_2905,inner_race,N15_M01_F10,0.3333333333333333,0.0,normal,1.0391738463368845,8.782696104425141e-06,1.0923680181953026,9.412851175496638e-06,1.52562387346533,2.9330985364420188e-05,-0.45455320557495565,-0.6117789869336264,0,0.13465776412640176,-0.3813776147076333,0,1.6438647605109304,0.006893065414852697,0,normal,normal
N15_M01_F10_KI08_13,KI08,6203_PU_2905,inner_race,N15_M01_F10,0.3333333333333333,0.0,normal,1.0881028140747353,9.955102939544259e-06,1.2054888067149059,1.2377559793830358e-05,1.06346800395415,1.7826523314950657e-05,-0.30776518612660936,-0.5595017357567533,0,0.6514751048073062,-0.191058415626155,0,-0.36717213448714503,-0.38862373556587987,0,normal,normal
N15_M01_F10_KI08_14,KI08,6203_PU_2905,inner_race,N15_M01_F10,0.3333333333333333,0.0,normal,1.1352399702187106,1.0886980795126253e-05,1.214498249372444,1.2618527199136179e-05,0.889349998546949,1.3609219605629344e-05,-0.16635264233715594,-0.5179495959507139,0,0.6926367361592579,-0.17558953504242963,0,-1.1248336856164551,-0.5336122160965149,0,normal,normal
N15_M01_F10_KI08_15,KI08,6203_PU_2905,inner_race,N15_M01_F10,0.3333333333333333,0.0,normal,0.8418183300407871,5.579822619709491e-06,0.9365975682024881,7.152925498291157e-06,1.1558808028942769,1.9676364805481135e-05,-1.0466242568082642,-0.7545941059116859,0,-0.577013987595901,-0.5264533372287731,0,0.034955287231423916,-0.3250272470460381,0,normal,normal
N15_M01_F10_KI08_16,KI08,6203_PU_2905,inner_race,N15_M01_F10,0.3333333333333333,0.0,normal,0.9503072735702791,9.351952661821507e-06,1.1178685614572526,1.1344061884781794e-05,0.9394099904571361,1.7181826421123328e-05,-0.7211549512210478,-0.5863960164973714,0,0.2511626358394861,-0.25740371954106556,0,-0.9070013538510435,-0.4107880446793649,0,normal,normal
N15_M01_F10_KI08_17,KI08,6203_PU_2905,inner_race,N15_M01_F10,0.3333333333333333,0.0,normal,0.8776774289250303,7.3978303948360195e-06,1.2207738056140913,1.4790884007551772e-05,1.172054410146296,2.343105180471868e-05,-0.9390461420885345,-0.673529712345487,0,0.7213080027809498,-0.036135288058379664,0,0.10533353633474302,-0.19594326343718646,0,normal,normal
N15_M01_F10_KI08_18,KI08,6203_PU_2905,inner_race,N15_M01_F10,0.3333333333333333,0.0,normal,0.9300913190932061,6.505701337640881e-06,1.0322239433931755,8.806715647575156e-06,1.2458173746995886,2.1488016001398545e-05,-0.7818032758463779,-0.7133094657622595,0,-0.1401237433554182,-0.4202884295834918,0,0.4263075907333279,-0.26274371893137827,0,normal,normal
N15_M01_F10_KI08_19,KI08,6203_PU_2905,inner_race,N15_M01_F10,0.3333333333333333,0.3333333333333333,normal,1.2132441313975633,1.1888654521537423e-05,1.2005361868512754,1.2949595459808393e-05,1.640685995884813,3.344409995070695e-05,0.06766162073743036,-0.47328528026753985,0,0.6288479656154558,-0.1543366382745013,0,2.1445490288879827,0.14829958370662646,1,normal,normal
N15_M01_F10_KI08_2,KI08,6203_PU_2905,inner_race,N15_M01_F10,0.3333333333333333,0.3333333333333333,normal,1.0996583781343112,1.2608339921300096e-05,0.9302089929400883,8.600313230575475e-06,1.1357398178993572,2.648247698262569e-05,-0.2730982303264879,-0.44119473517284236,0,-0.6062016066097226,-0.43353841389862446,0,-0.052686711060683136,-0.09103701752945252,0,normal,normal
N15_M01_F10_KI08_20,KI08,6203_PU_2905,inner_race,N15_M01_F10,0.3333333333333333,0.3333333333333333,normal,1.1907006976645127,1.2302396044177881e-05,1.0393715168125066,1.1132158363792875e-05,0.700156103595729,9.463690932138095e-06,3.080524651512803e-05,-0.4548366762049581,0,-0.1074684733980302,-0.2710068467245467,0,-1.948096848881526,-0.6761331120986674,0,normal,normal
N15_M01_F10_KI08_3,KI08,6203_PU_2905,inner_race,N15_M01_F10,0.3333333333333333,0.0,normal,1.271775777437676,1.4917178897361026e-05,0.8515982850658308,6.9982586344084995e-06,1.2934062885617534,2.5999811054167257e-05,0.2432578941620445,-0.3382443330914449,0,-0.9653520114495604,-0.5363821624349195,0,0.6333872101503082,-0.10763079506945293,0,normal,normal
N15_M01_F10_KI08_4,KI08,6203_PU_2905,inner_race,N15_M01_F10,0.3333333333333333,0.0,normal,1.0432080635483045,1.0479411428870584e-05,1.177640192325494,1.136431172434495e-05,1.2470851880011071,2.4718922863333637e-05,-0.4424504619065933,-0.5361229855058692,0,0.5242425508378857,-0.2561037829390819,0,0.4318243860258333,-0.15166699576045972,0,normal,normal
N15_M01_F10_KI08_5,KI08,6203_PU_2905,inner_race,N15_M01_F10,0.3333333333333333,0.0,normal,1.2457862270693236,1.3947339799230292e-05,1.063844591654864,1.0132094645808315e-05,1.266210658283196,2.6306616147547756e-05,0.16528865014767977,-0.38148915273545636,0,0.004342181600365918,-0.3352058457965838,0,0.5150474475703097,-0.09708301208432456,0,normal,normal
N15_M01_F10_KI08_6,KI08,6203_PU_2905,inner_race,N15_M01_F10,0.3333333333333333,0.0,normal,1.031795857996424,8.913243500817274e-06,0.7978565745903068,5.1861444276140046e-06,1.5120497993323823,2.8807425941559777e-05,-0.4766873389131377,-0.6059579196835494,0,-1.210882901528091,-0.6527106684973915,0,1.5847981864443286,-0.011106606987266817,0,normal,normal
N15_M01_F10_KI08_7,KI08,6203_PU_2905,inner_race,N15_M01_F10,0.3333333333333333,0.0,normal,1.0602728781437436,1.047215586772702e-05,1.2751366553322516,1.3338482161585714e-05,1.1933923057436928,2.2048507349189837e-05,-0.3912556288142947,-0.5364465086899461,0,0.9696767048635596,-0.12937209195854824,0,0.19818380209761027,-0.24347434815136745,0,normal,normal
N15_M01_F10_KI08_8,KI08,6203_PU_2905,inner_race,N15_M01_F10,0.3333333333333333,0.0,normal,0.9494463944311496,7.626573703688045e-06,0.956720022280801,8.344397047212898e-06,1.1922179986221821,2.0354065566544126e-05,-0.7237376082779932,-0.6633301203150708,0,-0.4850801057619258,-0.44996692992490733,0,0.19307389199322322,-0.3017282839232729,0,normal,normal
N15_M01_F10_KI08_9,KI08,6203_PU_2905,inner_race,N15_M01_F10,0.3333333333333333,0.0,normal,1.1454234815453979,1.1986465250185539e-05,1.0385251440257828,8.95289824106662e-06,1.1479299308587403,2.2617670261151662e-05,-0.1358018760368513,-0.46892393071193866,0,-0.11133531466199025,-0.4109042513405097,0,0.0003576588862846348,-0.22390685397319343,0,normal,normal
N15_M01_F10_KI14_1,KI14,6203_PU_2905,inner_race,N15_M01_F10,0.0,0.0,normal,1.1395559784885185,6.171709127133637e-06,1.0504237256105722,5.341708375627841e-06,1.5322021358443862,2.08880516749602e-05,-0.1534045190650254,-0.7282020731377807,0,-0.05697401314524931,-0.642724255057346,0,1.6724895800187998,-0.28337014805731864,0,normal,normal
N15_M01_F10_KI14_10,KI14,6203_PU_2905,inner_race,N15_M01_F10,0.0,0.0,normal,1.5470375152171074,9.808829360348777e-06,0.8439423238717987,3.1352090703309203e-06,1.8617699951856639,2.1605897606358203e-05,1.069049387149049,-0.5660240285403547,0,-1.0003299633931166,-0.7843702765115456,0,3.1065796095187115,-0.25869101702427183,1,normal,normal
N15_M01_F10_KI14_11,KI14,6203_PU_2905,inner_race,N15_M01_F10,0.0,0.0,normal,1.0694938125641436,5.421932261851345e-06,1.0142318056709063,4.842080079172094e-06,1.3639261362199613,1.4782238649320071e-05,-0.3635926151924781,-0.7616343871936677,0,-0.2223248037659573,-0.6747978479331764,0,0.9402490825750809,-0.4932844947606505,0,normal,normal
N15_M01_F10_KI14_12,KI14,6203_PU_2905,inner_race,N15_M01_F10,0.0,0.0,normal,1.409924262454111,9.443763163077034e-06,1.02546635653262,4.492927988089033e-06,1.487084370603226,1.6461035112903904e-05,0.6577065008442747,-0.5823022151896349,0,-0.1709972734677656,-0.6972116345433086,0,1.4761629800433338,-0.4355684360767018,0,normal,normal
N15_M01_F10_KI14_13,KI14,6203_PU_2905,inner_race,N15_M01_F10,0.0,0.0,normal,1.4538054525737136,9.535353274222133e-06,1.2049085785307765,6.3106013302061235e-06,1.4345277094544637,1.921774163548382e-05,0.7893510722810424,-0.5782182410074445,0,0.6488242040220991,-0.5805262602963415,0,1.247466577767054,-0.34079444835219086,0,normal,normal
N15_M01_F10_KI14_14,KI14,6203_PU_2905,inner_race,N15_M01_F10,0.0,0.0,normal,1.3468011932604878,7.470633695980909e-06,1.0508890679994083,4.608475723915405e-06,1.426668357097095,1.559567151281916e-05,0.4683358532132793,-0.6702834360986667,0,-0.05484799352452592,-0.6897940581912307,0,1.2132671904950154,-0.46531913987483986,0,normal,normal
N15_M01_F10_KI14_15,KI14,6203_PU_2905,inner_race,N15_M01_F10,0.0,0.0,normal,1.302533955633516,7.128628322226957e-06,1.0172617538681348,4.8882877760267594e-06,1.5373785650470189,1.705266951832346e-05,0.3355331304473584,-0.6855333478972099,0,-0.20848181530923215,-0.671831549052269,0,1.6950144267157599,-0.4152283848534922,0,normal,normal
N15_M01_F10_KI14_16,KI14,6203_PU_2905,inner_race,N15_M01_F10,0.0,0.0,normal,1.4831465750495858,9.547081587249198e-06,0.8807783744704069,3.385738721786821e-06,2.038822773003062,2.939180995097047e-05,0.8773751090786316,-0.5776952792269167,0,-0.8320363193980449,-0.7682875484092313,0,3.8770116045278566,0.008984179783338318,1,normal,normal
N15_M01_F10_KI14_17,KI14,6203_PU_2905,inner_race,N15_M01_F10,0.0,0.0,normal,1.5557831092284844,1.2788964782471946e-05,1.2151364746815838,8.246176935368535e-06,1.9380975980070414,2.977422377354506e-05,1.0952863686996785,-0.4331407295551514,0,0.6955526096369934,-0.45627216103744034,0,3.4387134966051245,0.022131347474024864,1,normal,normal
N15_M01_F10_KI14_18,KI14,6203_PU_2905,inner_race,N15_M01_F10,0.0,0.0,normal,1.0994888497317636,5.5876430713613575e-06,1.0394547563287946,5.353068580114371e-06,1.6503485023383695,2.100381556417495e-05,-0.27360681940164533,-0.7542453944379254,0,-0.10708817525822314,-0.6419949877674992,0,2.186594707106485,-0.27939025200182105,1,normal,normal
N15_M01_F10_KI14_19,KI14,6203_PU_2905,inner_race,N15_M01_F10,0.0,0.0,normal,1.9343083006994486,1.726028488018309e-05,1.1076590608594237,4.8904489909016495e-06,1.626573832356305,2.2428430511321785e-05,2.230870578548972,-0.2337659759812375,1,0.20451827437682144,-0.6716928100606904,0,2.083140998835063,-0.23041280793690425,1,outer_race,normal
N15_M01_F10_KI14_2,KI14,6203_PU_2905,inner_race,N15_M01_F10,0.0,0.0,normal,1.3100442286723235,7.686108226259413e-06,1.2478710105287014,6.872859955545022e-06,1.3755647292752395,1.385355213373668e-05,0.3580641208984413,-0.6606754947218634,0,0.8451075763794617,-0.5444321191758914,0,0.9908935546766447,-0.5252122040423222,0,normal,normal
N15_M01_F10_KI14_20,KI14,6203_PU_2905,inner_race,N15_M01_F10,0.0,0.0,normal,1.2616180827189125,7.654806479817598e-06,0.8449876646318207,2.8741896638924265e-06,1.5680003266854126,1.7382233978411354e-05,0.21278457827447542,-0.6620712297278327,0,-0.9955540929384449,-0.801126393477272,0,1.8282627451018942,-0.40389814790626216,0,normal,normal
N15_M01_F10_KI14_3,KI14,6203_PU_2905,inner_race,N15_M01_F10,0.0,0.0,normal,0.9784642218172618,5.034108073191953e-06,1.4683308156021797,9.626074481795935e-06,1.598541306777574,1.8669090324829254e-05,-0.6366834641251355,-0.7789273455044696,0,1.8523269537917824,-0.36768976402664644,0,1.9611595485974356,-0.359656765452362,0,normal,normal
N15_M01_F10_KI14_4,KI14,6203_PU_2905,inner_race,N15_M01_F10,0.0,0.0,normal,1.2328887154268997,8.187113411128804e-06,0.8732126641522027,3.864358870473529e-06,1.3553337044706442,1.660989206095602e-05,0.12659582098466352,-0.6383358314703506,0,-0.8666019402550704,-0.7375625716614291,0,0.9028597548491207,-0.43045081965585896,0,normal,normal
N15_M01_F10_KI14_5,KI14,6203_PU_2905,inner_race,N15_M01_F10,0.0,0.0,normal,1.4703977236577712,1.0138745811389535e-05,0.8807021002400836,3.3648529163805245e-06,1.3122175942937677,1.3285057347126092e-05,0.8391282640588851,-0.5513131579945617,0,-0.8323847950884468,-0.7696283107804528,0,0.7152432080199931,-0.5447567284544663,0,normal,normal
N15_M01_F10_KI14_6,KI14,6203_PU_2905,inner_race,N15_M01_F10,0.0,0.0,normal,1.1772706398364663,8.005375680018221e-06,1.3062402118717789,9.283388563261525e-06,1.2342338889938163,1.3511726613589059e-05,-0.04025967462254337,-0.6464394596077776,0,1.1117801819241968,-0.38968845528036755,0,0.375902914164728,-0.5369639691957909,0,normal,normal
N15_M01_F10_KI14_7,KI14,6203_PU_2905,inner_race,N15_M01_F10,0.0,0.0,normal,1.6451391185139626,1.1695038702937042e-05,1.3111499344457078,7.208553946372012e-06,1.8777631719604708,2.977453279290693e-05,1.363356435068087,-0.4819185485815715,0,1.134211335360678,-0.5228822740829979,0,3.176172728819309,0.022141971382289558,1,normal,normal
N15_M01_F10_KI14_8,KI14,6203_PU_2905,inner_race,N15_M01_F10,0.0,0.0,normal,1.5405959971755636,9.668405623815823e-06,0.8656415244661116,3.404379981846952e-06,2.2896935718010294,2.820954927541697e-05,1.0497246860716634,-0.5722854786837962,0,-0.9011923663800716,-0.7670908744215841,0,4.968657227884257,-0.03166126355069408,1,normal,normal
N15_M01_F10_KI14_9,KI14,6203_PU_2905,inner_race,N15_M01_F10,0.0,0.0,normal,1.4740457751808393,8.998518652480492e-06,0.8632013920835041,2.853190608181443e-06,1.6553523321445547,1.806723276029173e-05,0.8500725018524498,-0.6021555275538659,0,-0.9123406508412434,-0.8024744259414633,0,2.2083685003662628,-0.38034828301731516,1,normal,normal
N15_M01_F10_KI16_1,KI16,6203_PU_2855,inner_race,N15_M01_F10,0.6666666666666666,1.0,inner_race,5.937082898930508,0.00010764786336231273,15.387705788755865,0.0008280567479245327,3.7431054423823413,5.500156493170593e-05,5.0,3.7965876538656387,1,5.0,5.0,1,5.0,0.8894328544215343,1,outer_race,inner_race
N15_M01_F10_KI16_10,KI16,6203_PU_2855,inner_race,N15_M01_F10,0.3333333333333333,1.0,inner_race,4.775065597541057,7.474822006952627e-05,15.147944647145362,0.0007718516452555685,3.544336437481965,4.7648583747603886e-05,5.0,2.3296029310481674,1,5.0,5.0,1,5.0,0.6366415823827294,1,outer_race,inner_race
N15_M01_F10_KI16_11,KI16,6203_PU_2855,inner_race,N15_M01_F10,1.0,1.0,normal,5.565712295645366,9.432703702662109e-05,15.127946766906657,0.0008174681147977214,3.9253429669037962,4.866148154439226e-05,5.0,3.202616206945759,1,5.0,5.0,1,5.0,0.6714644271696911,1,outer_race,inner_race
N15_M01_F10_KI16_12,KI16,6203_PU_2855,inner_race,N15_M01_F10,0.6666666666666666,1.0,inner_race,6.194291323207112,0.00010842651512090448,14.685093493204628,0.000798667062320621,4.4153722519791705,6.277785867334159e-05,5.0,3.8313074903113886,1,5.0,5.0,1,5.0,1.1567773691804877,1,outer_race,outer_race
N15_M01_F10_KI16_13,KI16,6203_PU_2855,inner_race,N15_M01_F10,0.6666666666666666,1.0,inner_race,5.819582447142283,9.403297405964955e-05,13.906969668595552,0.0007689951112833486,3.976590187098473,5.055115550155825e-05,5.0,3.1895040319518073,1,5.0,5.0,1,5.0,0.7364303330261371,1,outer_race,outer_race
N15_M01_F10_KI16_14,KI16,6203_PU_2855,inner_race,N15_M01_F10,0.3333333333333333,1.0,inner_race,5.251915563530926,7.736599816732701e-05,15.104918628955613,0.000755926821606136,3.51289118462676,4.0799731646301704e-05,5.0,2.446328831174929,1,5.0,5.0,1,5.0,0.4011819788089915,1,outer_race,inner_race
N15_M01_F10_KI16_15,KI16,6203_PU_2855,inner_race,N15_M01_F10,0.6666666666666666,1.0,inner_race,5.833272934873345,9.478515673769182e-05,14.986682594646417,0.000810106490286185,4.221699189476689,6.485826749554127e-05,5.0,3.223043620440229,1,5.0,5.0,1,5.0,1.2283006302030621,1,outer_race,inner_race
N15_M01_F10_KI16_16,KI16,6203_PU_2855,inner_race,N15_M01_F10,1.0,1.0,normal,6.329140988561048,0.0001245585267796064,14.916653779613657,0.0008522534241281381,3.9302967838962335,6.0960677309422455e-05,5.0,4.550628804558522,1,5.0,5.0,1,5.0,1.0943037170645906,1,outer_race,inner_race
N15_M01_F10_KI16_17,KI16,6203_PU_2855,inner_race,N15_M01_F10,0.6666666666666666,1.0,inner_race,5.230197114059557,8.151706340302034e-05,15.98488505924995,0.0008109971059614324,4.121033658149882,5.7598102852839465e-05,5.0,2.6314235214117687,1,5.0,5.0,1,5.0,0.9787003375751034,1,outer_race,inner_race
N15_M01_F10_KI16_18,KI16,6203_PU_2855,inner_race,N15_M01_F10,0.0,1.0,inner_race,5.44214490307047,0.0001066233914427254,13.458452334799599,0.0008014171990008375,3.767272413630229,6.991309361057617e-05,5.0,3.7509067739358666,1,5.0,5.0,1,5.0,1.40208265025194,1,outer_race,inner_race
N15_M01_F10_KI16_19,KI16,6203_PU_2855,inner_race,N15_M01_F10,1.0,1.0,normal,4.773169724450985,8.541974119188174e-05,15.094506233859887,0.0008026349142534022,4.034393067204701,6.344791906122004e-05,5.0,2.8054426936984798,1,5.0,5.0,1,5.0,1.1798136606592198,1,outer_race,inner_race
N15_M01_F10_KI16_2,KI16,6203_PU_2855,inner_race,N15_M01_F10,0.6666666666666666,1.0,inner_race,5.989688056719054,0.0001019747698124587,16.91516472681867,0.0007624139324314317,3.7973253742618622,6.137513670575606e-05,5.0,3.5436262009195842,1,5.0,5.0,1,5.0,1.1085525931849507,1,outer_race,inner_race
N15_M01_F10_KI16_20,KI16,6203_PU_2855,inner_race,N15_M01_F10,1.0,1.0,normal,4.736904699683924,7.820265750322814e-05,15.708178093330549,0.0008173431025053329,3.678870153078664,4.635174735799656e-05,5.0,2.4836352072060235,1,5.0,5.0,1,5.0,0.592057091773145,1,outer_race,outer_race
N15_M01_F10_KI16_3,KI16,6203_PU_2855,inner_race,N15_M01_F10,0.0,0.3333333333333333,normal,5.231054501459571,0.00010036726020499822,13.898237816666292,0.0008212101187304413,3.226808532095121,4.296894440093901e-05,5.0,3.471947854290096,1,5.0,5.0,1,5.0,0.4757582680497657,1,outer_race,inner_race
N15_M01_F10_KI16_4,KI16,6203_PU_2855,inner_race,N15_M01_F10,1.0,1.0,normal,5.799676652973033,9.98259075729713e-05,14.550536557852132,0.0007991053220546844,3.8552230972008275,5.608652703003712e-05,5.0,3.4478091110893567,1,5.0,5.0,1,5.0,0.9267332285261264,1,outer_race,outer_race
N15_M01_F10_KI16_5,KI16,6203_PU_2855,inner_race,N15_M01_F10,0.6666666666666666,1.0,inner_race,5.757752841528148,9.996058030929661e-05,13.63372540138064,0.0007750358988438527,4.072105992891071,5.5175378861983546e-05,5.0,3.4538141259465407,1,5.0,5.0,1,5.0,0.8954084775644227,1,outer_race,outer_race
N15_M01_F10_KI16_6,KI16,6203_PU_2855,inner_race,N15_M01_F10,1.0,1.0,normal,6.238462435804858,0.00010823253753978808,14.972462741566034,0.0008532797585417689,4.891526843318834,7.611769071408526e-05,5.0,3.8226580911208132,1,5.0,5.0,1,5.0,1.6153931368441738,1,outer_race,inner_race
N15_M01_F10_KI16_7,KI16,6203_PU_2855,inner_race,N15_M01_F10,0.6666666666666666,1.0,inner_race,5.753411235510269,9.736290591468418e-05,14.06042944053575,0.000850625898340753,3.851005190272844,5.436976976809624e-05,5.0,3.3379846436072564,1,5.0,5.0,1,5.0,0.8677120993865323,1,outer_race,inner_race
N15_M01_F10_KI16_8,KI16,6203_PU_2855,inner_race,N15_M01_F10,0.6666666666666666,1.0,inner_race,5.223748628705235,8.453462671970876e-05,15.001947872017187,0.00080553572631816,3.846344477958643,5.518258790058892e-05,5.0,2.7659757184164984,1,5.0,5.0,1,5.0,0.8956563201732368,1,outer_race,outer_race
N15_M01_F10_KI16_9,KI16,6203_PU_2855,inner_race,N15_M01_F10,1.0,1.0,normal,5.071288565287299,8.921191677081799e-05,13.701748710812065,0.000830571886171956,3.3761239431691936,4.749679500742954e-05,5.0,2.9745346072804337,1,5.0,5.0,1,5.0,0.6314231726317561,1,outer_race,outer_race
N15_M01_F10_KI17_1,KI17,6203_PU_2905,inner_race,N15_M01_F10,0.0,0.0,normal,0.933780416427707,2.9952937297821993e-06,1.3557735293845399,2.8961904345304503e-05,1.444461753093185,9.446401532440953e-06,-0.7707358996821213,-0.8698374343411781,0,1.3380840980042348,0.8735720687355123,0,1.290693829852199,-0.6767275117350595,0,normal,normal
N15_M01_F10_KI17_10,KI17,6203_PU_2905,inner_race,N15_M01_F10,0.0,0.0,normal,0.9503704404590878,4.100836448184956e-06,1.4140606585592963,2.776496132627276e-05,1.363207942799755,8.26653167483465e-06,-0.720965449113572,-0.8205416330497842,0,1.604381738696526,0.7967344209074702,0,0.9371239173201046,-0.7172907601205463,0,normal,normal
N15_M01_F10_KI17_11,KI17,6203_PU_2905,inner_race,N15_M01_F10,0.0,0.0,normal,0.8781412872950193,3.822187925398167e-06,1.182415939209444,1.9218709665469067e-05,1.0133953952667998,5.668873218223445e-06,-0.9376545563963936,-0.8329664828369399,0,0.5460616067040003,0.24810857579926623,0,-0.585059367220054,-0.8065967666405803,0,normal,normal
N15_M01_F10_KI17_12,KI17,6203_PU_2905,inner_race,N15_M01_F10,0.0,0.0,normal,0.8850083492157749,3.3047433235849174e-06,1.3866791364361772,2.560777653851773e-05,1.3111278899327488,9.650217218998213e-06,-0.9170532139732814,-0.8560391745074556,0,1.479283199050001,0.6582541404045473,0,0.7105014405358598,-0.6697204454341598,0,normal,normal
N15_M01_F10_KI17_13,KI17,6203_PU_2905,inner_race,N15_M01_F10,0.0,0.0,normal,0.864442698720352,2.9201554583724755e-06,1.0358491024713472,7.809136415686096e-06,1.046168183375332,5.746351959945139e-06,-0.978750634631407,-0.8731878261760084,0,-0.12356140234944757,-0.48432793729745727,0,-0.44245101712396556,-0.8039330919778273,0,normal,normal
N15_M01_F10_KI17_14,KI17,6203_PU_2905,inner_race,N15_M01_F10,0.0,0.0,normal,1.2137033163185145,5.7160504080261495e-06,1.2431177170721732,2.3528015984889206e-05,1.3938433709814333,8.653998496685777e-06,0.06903918597584088,-0.748519751776437,0,0.82339110396243,0.5247441015426852,0,1.070431704652942,-0.7039698732154697,0,normal,normal
N15_M01_F10_KI17_15,KI17,6203_PU_2905,inner_race,N15_M01_F10,0.0,0.0,normal,1.0787331263081053,4.034138089893935e-06,1.2495912248474765,2.389850453011444e-05,1.61221138452198,9.648248079252006e-06,-0.33587446318068187,-0.8235156918193329,0,0.852966755945528,0.5485275798784951,0,2.0206438752393754,-0.6697881433282251,1,normal,normal
N15_M01_F10_KI17_16,KI17,6203_PU_2905,inner_race,N15_M01_F10,0.0,0.0,normal,1.1166109647428217,4.552054014586117e-06,1.5489055153432059,4.117912384511229e-05,0.9479183613129355,4.419618449051243e-06,-0.22224008375527393,-0.8004219840102302,0,2.2204502898406915,1.6578553591159588,1,-0.8699778108514994,-0.849545428454428,0,inner_race,normal
N15_M01_F10_KI17_17,KI17,6203_PU_2905,inner_race,N15_M01_F10,0.3333333333333333,0.0,normal,0.9207804274262041,3.5781437765136087e-06,1.4163757499560068,2.9560801970247363e-05,1.2161200772490417,6.6244280506933485e-06,-0.8097361632602287,-0.8438483345008192,0,1.6149587457589707,0.9120182470904654,0,0.2970820095069113,-0.7737453400484431,0,normal,normal
N15_M01_F10_KI17_18,KI17,6203_PU_2905,inner_race,N15_M01_F10,0.0,0.0,normal,0.9225530488443173,3.232099728300335e-06,1.354544103311937,3.171459975846962e-05,0.9574461622921204,4.546776520684726e-06,-0.8044182585664155,-0.859278329520312,0,1.332467193085858,1.0502810994676086,0,-0.8285182934864902,-0.8451738069483471,0,normal,normal
N15_M01_F10_KI17_19,KI17,6203_PU_2905,inner_race,N15_M01_F10,0.0,0.0,normal,0.9787604344918865,3.977194354562429e-06,1.2660541970525965,2.4982788397342286e-05,1.4006788832257604,9.507653384632017e-06,-0.635794819343651,-0.8260547950262603,0,0.9281814854934861,0.6181330837420598,0,1.1001759278175043,-0.674621708219121,0,normal,normal
N15_M01_F10_KI17_2,KI17,6203_PU_2905,inner_race,N15_M01_F10,0.0,0.0,normal,0.9813225096744983,3.28975619396435e-06,1.2499871932738977,2.5332020209916447e-05,1.326365054326259,6.691475950797078e-06,-0.6281085353462388,-0.8567074458925461,0,0.8547758252758849,0.6405519880660346,0,0.7768048281849459,-0.7714402717325608,0,normal,normal
N15_M01_F10_KI17_20,KI17,6203_PU_2905,inner_race,N15_M01_F10,0.0,0.0,normal,1.1870125873353756,5.619964682159466e-06,1.1751133956546482,2.165839525846777e-05,1.2797402784163439,8.261649154801234e-06,-0.011033609879132872,-0.752804184001821,0,0.5126983214088134,0.40472396970300156,0,0.5739205833628888,-0.7174586183564235,0,normal,normal
N15_M01_F10_KI17_3,KI17,6203_PU_2905,inner_race,N15_M01_F10,0.0,0.0,normal,1.1198052004998627,4.881664711172179e-06,0.9531234764090931,6.945619904024767e-06,1.3155712611319883,7.866904918024122e-06,-0.21265730361285926,-0.7857247469591832,0,-0.5015117210059341,-0.5397613009260839,0,0.7298364398496063,-0.7310296986089646,0,normal,normal
N15_M01_F10_KI17_4,KI17,6203_PU_2905,inner_race,N15_M01_F10,0.0,0.0,normal,1.283880129485604,5.322766158093793e-06,1.105019300780267,1.7399430485273104e-05,1.3725858327607379,7.173432874296559e-06,0.2795712264469274,-0.7660561724981169,0,0.1924579466333591,0.13132011492343607,0,0.9779311080385,-0.7548708693760361,0,normal,normal
N15_M01_F10_KI17_5,KI17,6203_PU_2905,inner_race,N15_M01_F10,0.0,0.0,normal,0.8006166537737262,2.6018612221467787e-06,1.1432551284759593,2.3747330761317388e-05,1.30451966615667,8.462819768637368e-06,-1.1702302255586579,-0.8873804658270995,0,0.3671467818777886,0.5388229935924559,0,0.6817462462371183,-0.7105424881372391,0,normal,normal
N15_M01_F10_KI17_6,KI17,6203_PU_2905,inner_race,N15_M01_F10,0.0,0.0,normal,0.9304423003074721,3.4908741260495496e-06,1.3098938077656808,2.847947781028276e-05,1.1702554273428962,7.099211678899107e-06,-0.7807503241965145,-0.8477396607032666,0,1.1284724428120514,0.8426027413644487,0,0.09750539645862179,-0.7574225514661969,0,normal,normal
N15_M01_F10_KI17_7,KI17,6203_PU_2905,inner_race,N15_M01_F10,0.0,0.0,normal,1.053953259543032,4.1391306164890455e-06,1.3066787949047076,2.053573291571071e-05,0.7724289233659023,3.252660092681301e-06,-0.41021462878824594,-0.818834108157336,0,1.1137839455092315,0.33265476310672315,0,-1.633607048682529,-0.8896647868394171,0,normal,normal
N15_M01_F10_KI17_8,KI17,6203_PU_2905,inner_race,N15_M01_F10,0.0,0.0,normal,0.9516395479024313,3.0377687776473526e-06,1.2271051253247023,2.0083962819529258e-05,0.9790900178891853,5.373830946108779e-06,-0.7171580978309198,-0.8679434853471238,0,0.7502340371435153,0.30365342302813547,0,-0.7343366655397418,-0.8167401505831837,0,normal,normal
N15_M01_F10_KI17_9,KI17,6203_PU_2905,inner_race,N15_M01_F10,0.0,0.0,normal,0.7280992632691808,2.1882109610453094e-06,1.1194199342315414,1.8070651471080744e-05,1.0020516354407263,4.957283795670306e-06,-1.387784051438576,-0.9058250005664278,0,0.2582504254677716,0.1744090848261136,0,-0.6344208944518939,-0.8310608024911676,0,normal,normal
N15_M01_F10_KI18_1,KI18,6203_PU_2905,inner_race,N15_M01_F10,0.0,1.0,inner_race,1.5321775305955867,4.832933446078015e-06,5.416432832896573,6.216991724991286e-05,1.5631783870900813,7.811135764537623e-06,1.024469094278114,-0.7878976587072074,0,5.0,3.005357425316224,1,1.8072804335672168,-0.7329470100908518,0,inner_race,inner_race
N15_M01_F10_KI18_10,KI18,6203_PU_2905,inner_race,N15_M01_F10,0.0,1.0,inner_race,1.136777456754306,2.2552942701762887e-06,5.939192746913977,7.008437635464846e-05,1.0228523898318962,2.8159478386581714e-06,-0.16174014765511557,-0.9028337769602812,0,5.0,3.513425404969137,1,-0.5439079586999788,-0.9046787034326121,0,inner_race,inner_race
N15_M01_F10_KI18_11,KI18,6203_PU_2905,inner_race,N15_M01_F10,0.3333333333333333,1.0,inner_race,1.4290098118849952,3.548425276398867e-06,5.533161787053154,6.450596222678013e-05,1.1711173011739229,3.932895074505746e-06,0.7149635845426862,-0.8451734730521825,0,5.0,3.1553196193296,1,0.10125577633556934,-0.8662786986616742,0,inner_race,inner_race
N15_M01_F10_KI18_12,KI18,6203_PU_2905,inner_race,N15_M01_F10,0.0,1.0,inner_race,1.4136113082834136,4.805097970716962e-06,4.965089527049271,5.868071291226935e-05,1.6193884602429616,8.085016841266803e-06,0.6687677224461344,-0.7891388337784273,0,5.0,2.7813682714191508,1,2.0518743864700446,-0.7235311358977531,1,inner_race,inner_race
N15_M01_F10_KI18_13,KI18,6203_PU_2905,inner_race,N15_M01_F10,0.3333333333333333,1.0,inner_race,1.429359652586707,4.0297632078971654e-06,4.989350616055635,6.369091805252833e-05,1.8295551319361034,1.0754886901891544e-05,0.7160131146288677,-0.823710766428388,0,5.0,3.1029979329755433,1,2.966399027952785,-0.6317425358857062,1,inner_race,inner_race
N15_M01_F10_KI18_14,KI18,6203_PU_2905,inner_race,N15_M01_F10,0.3333333333333333,1.0,inner_race,1.4061045671073666,3.771295343897111e-06,5.688226693029124,6.715080368465614e-05,1.2317909566779413,5.121650026310357e-06,0.6462473276639066,-0.835235767002193,0,5.0,3.325104975248781,1,0.36527267587649853,-0.825409985838249,0,inner_race,inner_race
N15_M01_F10_KI18_15,KI18,6203_PU_2905,inner_race,N15_M01_F10,0.0,1.0,inner_race,1.2276060645362095,3.318195727150475e-06,5.0808079318093515,6.622625893423717e-05,1.9671608875571018,1.1308742393525589e-05,0.11074774779750735,-0.8554393360733357,0,5.0,3.2657539094048733,1,3.5651802396046306,-0.6127013020309855,1,inner_race,inner_race
N15_M01_F10_KI18_16,KI18,6203_PU_2905,inner_race,N15_M01_F10,0.0,1.0,inner_race,1.0940244691877514,2.5576613903176153e-06,5.7856586336089295,7.033894127944092e-05,1.3738677309348164,6.4182940867127214e-06,-0.2900000856946338,-0.8893513223943712,0,5.0,3.5297671770748793,1,0.9835091926064388,-0.7808321073963224,0,inner_race,inner_race
N15_M01_F10_KI18_17,KI18,6203_PU_2905,inner_race,N15_M01_F10,0.3333333333333333,1.0,inner_race,1.5353107195772717,4.526934745878697e-06,5.73779391435071,7.039128076069813e-05,1.8908594429427266,9.490127429651411e-06,1.0338687327017781,-0.8015420442830483,0,5.0,3.5331271052956876,1,3.2331601780105648,-0.6752242404903611,1,inner_race,inner_race
N15_M01_F10_KI18_18,KI18,6203_PU_2905,inner_race,N15_M01_F10,0.0,1.0,inner_race,1.4243075040314876,3.494705615297523e-06,5.572385876614422,6.974016624868075e-05,1.165847155334089,4.241619821416557e-06,0.7008565537066602,-0.847568815805576,0,5.0,3.491328868642291,1,0.07832312866166556,-0.8556649190901747,0,inner_race,inner_race
N15_M01_F10_KI18_19,KI18,6203_PU_2905,inner_race,N15_M01_F10,0.3333333333333333,1.0,inner_race,1.4216793164335677,3.6722866391981633e-06,5.636986483290066,6.107631416067033e-05,1.1371020044613156,3.5984476749829738e-06,0.6929719309550763,-0.8396505339322389,0,5.0,2.935153674846255,1,-0.04675925754404511,-0.8777768082635632,0,inner_race,inner_race
N15_M01_F10_KI18_2,KI18,6203_PU_2905,inner_race,N15_M01_F10,0.0,1.0,inner_race,1.4445077852362285,4.123058059029172e-06,5.452606605635873,6.655622203133654e-05,1.6686439333649998,6.8718940745283975e-06,0.7614578581574335,-0.8195507784276005,0,5.0,3.2869358602981427,1,2.266205914562016,-0.7652376002099539,1,inner_race,inner_race
N15_M01_F10_KI18_20,KI18,6203_PU_2905,inner_race,N15_M01_F10,0.0,1.0,inner_race,1.4599599249670945,3.913081024019767e-06,5.519560723602008,7.337917479152777e-05,1.5466490779125959,5.7084046041190535e-06,0.8078146298654596,-0.8289135882234393,0,5.0,3.7249346898155555,1,1.7353543739892818,-0.8052377002869747,0,inner_race,inner_race
N15_M01_F10_KI18_3,KI18,6203_PU_2905,inner_race,N15_M01_F10,0.0,1.0,inner_race,1.4989590802508195,4.089067853171352e-06,5.48755742265684,7.30903834372089e-05,1.7197186939422202,9.582806659004617e-06,0.9248129854189127,-0.821066390991393,0,5.0,3.706395755191176,1,2.4884539367122547,-0.6720379817888662,1,inner_race,inner_race
N15_M01_F10_KI18_4,KI18,6203_PU_2905,inner_race,N15_M01_F10,0.3333333333333333,1.0,inner_race,1.3838999615889291,3.487260142916451e-06,5.557945289255562,6.992092766479369e-05,1.753640674392079,1.0161528196084549e-05,0.579633004546645,-0.8479008070718639,0,5.0,3.502932831246476,1,2.6360629118145797,-0.6521418675663798,1,inner_race,inner_race
N15_M01_F10_KI18_5,KI18,6203_PU_2905,inner_race,N15_M01_F10,0.0,1.0,inner_race,1.1858604301192353,2.8570282630797613e-06,4.97818393426742,6.762515693908402e-05,1.921935100831815,1.061588497761918e-05,-0.014490107812146366,-0.8760026479132712,0,5.0,3.3555560391091968,1,3.3683835921746974,-0.6365213422464004,1,inner_race,inner_race
N15_M01_F10_KI18_6,KI18,6203_PU_2905,inner_race,N15_M01_F10,0.0,1.0,inner_race,1.3127418959217438,3.872776435184296e-06,5.0953372967910955,5.950247147723816e-05,1.1739017053937433,5.921129054674258e-06,0.36615718418959164,-0.830710757133597,0,5.0,2.834120987472274,1,0.11337190421807306,-0.7979243557940128,0,inner_race,inner_race
N15_M01_F10_KI18_7,KI18,6203_PU_2905,inner_race,N15_M01_F10,0.3333333333333333,1.0,inner_race,0.8653174611008956,1.6255171699947596e-06,5.028186564121797,6.280091185179971e-05,1.5964947297538756,6.689313624517093e-06,-0.9761263275334956,-0.9309153393202342,0,5.0,3.0458640661757017,1,1.952254020885614,-0.7715146112687563,0,inner_race,inner_race
N15_M01_F10_KI18_8,KI18,6203_PU_2905,inner_race,N15_M01_F10,0.3333333333333333,1.0,inner_race,1.2843579816582258,2.889427932877054e-06,5.937551952016147,6.825308531823152e-05,2.0846317122225333,9.409503543551185e-06,0.2810047938662128,-0.8745579568510012,0,5.0,3.3958658440798626,1,4.076345796666365,-0.6779960434113387,1,inner_race,inner_race
N15_M01_F10_KI18_9,KI18,6203_PU_2905,inner_race,N15_M01_F10,0.0,1.0,inner_race,1.3095443515333922,3.926496798867262e-06,5.7882234708908,7.451326849706366e-05,1.8539496258098107,1.2604094225768743e-05,0.3565644780777638,-0.8283153830523106,0,5.0,3.7977377317017584,1,3.072549853791519,-0.5681678496513528,1,inner_race,inner_race
N15_M01_F10_KI21_1,KI21,6203_PU_2855,inner_race,N15_M01_F10,0.0,0.0,normal,1.0876463666074474,6.126676047786362e-06,1.1034994026069491,4.881752822861979e-06,1.3904254775623908,8.853318767717683e-06,-0.3091345389415794,-0.7302100839492038,0,0.18551395568068074,-0.672251059774053,0,1.0555589956335028,-0.697117356719682,0,normal,normal
N15_M01_F10_KI21_10,KI21,6203_PU_2855,inner_race,N15_M01_F10,0.0,0.0,normal,1.0028784125689119,6.273848302993727e-06,1.2385399247176985,6.414041959082661e-06,0.9542831820503577,6.986719050800505e-06,-0.563440334900144,-0.72364771948554,0,0.8024764471447838,-0.5738858985695516,0,-0.8422817667732467,-0.7612899834424296,0,normal,normal
N15_M01_F10_KI21_11,KI21,6203_PU_2855,inner_race,N15_M01_F10,0.0,0.0,normal,1.0320944618978871,5.3920038406545665e-06,1.0196910484080297,6.1058028127708666e-06,1.1674727761595092,9.800223599684476e-06,-0.4757915203965859,-0.7629688860599017,0,-0.19738304592944156,-0.5936732824253691,0,0.085396896783782,-0.6645633121792011,0,normal,normal
N15_M01_F10_KI21_12,KI21,6203_PU_2855,inner_race,N15_M01_F10,0.3333333333333333,0.0,normal,0.9905085220226889,6.885548539302187e-06,1.3427452715647412,8.460347670658615e-06,1.1369468881457738,1.036965949939352e-05,-0.6005502887377404,-0.6963721987869584,0,1.27856162076331,-0.4425234902388886,0,-0.047434234654907315,-0.6449864328389897,0,normal,normal
N15_M01_F10_KI21_13,KI21,6203_PU_2855,inner_race,N15_M01_F10,0.0,0.0,normal,0.7508047180487937,3.270436318396938e-06,1.3315548200953986,8.595277492959544e-06,1.0512253476787643,7.871573253713009e-06,-1.3196671691117272,-0.857568913053509,0,1.2274355682923963,-0.4338616826151256,0,-0.42044514276597794,-0.730869203907897,0,normal,normal
N15_M01_F10_KI21_14,KI21,6203_PU_2855,inner_race,N15_M01_F10,0.0,0.0,normal,1.022764912480789,6.730857844158375e-06,1.1915316526205264,7.654119344195335e-06,1.1884350725306172,1.114966584783061e-05,-0.5037803814863717,-0.7032698081172013,0,0.5877087594968616,-0.49427924404903256,0,0.17661277044729437,-0.6181702623521023,0,normal,normal
N15_M01_F10_KI21_15,KI21,6203_PU_2855,inner_race,N15_M01_F10,0.3333333333333333,0.0,normal,0.9194894817443885,4.359622071102583e-06,0.8232824025640435,3.8913239356508775e-06,1.1238982809769844,7.871306457748257e-06,-0.8136090297565011,-0.8090024637060182,0,-1.0947193831335955,-0.7358315517642302,0,-0.10421427830668895,-0.7308783762000076,0,normal,normal
N15_M01_F10_KI21_16,KI21,6203_PU_2855,inner_race,N15_M01_F10,0.3333333333333333,0.0,normal,1.2497511111252801,1.1234430542575193e-05,0.9136600709299462,4.740185720101737e-06,1.0533470566002316,8.2394637225053e-06,0.1771833927679284,-0.5024569212454492,0,-0.6818090168509904,-0.68133894701093,0,-0.4112126841886793,-0.7182213407829334,0,normal,normal
N15_M01_F10_KI21_17,KI21,6203_PU_2855,inner_race,N15_M01_F10,0.0,0.0,normal,1.3027253081764105,7.760462916531244e-06,1.059049042883243,6.140188763344142e-06,1.42519080086974,9.476506677486778e-06,0.3361071924414388,-0.6573600425229479,0,-0.017567343569052447,-0.5914658794676918,0,1.2068377144596079,-0.6756925141306184,0,normal,normal
N15_M01_F10_KI21_18,KI21,6203_PU_2855,inner_race,N15_M01_F10,0.3333333333333333,0.0,normal,0.8991360670128602,4.121447684245905e-06,1.1507139710310441,5.844209470316226e-06,1.3709527676685167,1.1459994066389955e-05,-0.874669738281129,-0.8196225845315158,0,0.4012241537236227,-0.6104662431612528,0,0.9708249467430397,-0.6075013563458193,0,normal,normal
N15_M01_F10_KI21_19,KI21,6203_PU_2855,inner_race,N15_M01_F10,0.3333333333333333,0.0,normal,1.146425419638398,8.449800089126016e-06,1.1465352196349097,6.940073772605737e-06,1.1513726243289863,7.454897144522898e-06,-0.1327960389002632,-0.6266227153103928,0,0.3821326037779417,-0.5401173343261768,0,0.015338283484121326,-0.745194289343732,0,normal,normal
N15_M01_F10_KI21_2,KI21,6203_PU_2855,inner_race,N15_M01_F10,0.3333333333333333,0.0,normal,0.9384922764583554,5.978972009179985e-06,1.20105032642296,8.811588701749964e-06,1.0666923154842771,7.934379468077478e-06,-0.7566002120967555,-0.7367961604669849,0,0.6311969259582383,-0.41997560431564085,0,-0.3531417826603648,-0.7287099623127378,0,normal,normal
N15_M01_F10_KI21_20,KI21,6203_PU_2855,inner_race,N15_M01_F10,0.0,0.0,normal,1.00028626970038,5.547766912945519e-06,0.8365523298909466,4.6411631856886025e-06,1.1479513268721036,7.839262182571547e-06,-0.5712168226412617,-0.7560234597707344,0,-1.0340927853006918,-0.6876956895670056,0,0.00045076204718336367,-0.7319800399851668,0,normal,normal
N15_M01_F10_KI21_3,KI21,6203_PU_2855,inner_race,N15_M01_F10,0.3333333333333333,0.0,normal,1.0542013116158115,9.563463800808597e-06,0.885863519994602,5.336087772641802e-06,1.195431133027578,1.1299142553267057e-05,-0.4094704669110031,-0.5769648014887936,0,-0.8088037074159025,-0.6430850691528841,0,0.20705560739299358,-0.6130313390281658,0,normal,normal
N15_M01_F10_KI21_4,KI21,6203_PU_2855,inner_race,N15_M01_F10,0.3333333333333333,0.0,normal,1.157350233002227,1.003602938124431e-05,1.145093085784285,9.461825385321149e-06,0.9673218201830771,5.98049762657643e-06,-0.10002134957693379,-0.5558932512333973,0,0.3755438963322132,-0.3782337197792043,0,-0.7855451026405125,-0.7958832983732858,0,normal,normal
N15_M01_F10_KI21_5,KI21,6203_PU_2855,inner_race,N15_M01_F10,0.0,0.0,normal,0.9091717451900098,5.467680854297279e-06,1.4802846507377456,9.927752350617707e-06,1.2469660796057696,1.0110223746416146e-05,-0.8445624748020103,-0.7595944718787409,0,1.9069406933753827,-0.3483235807802684,0,0.4313060947017801,-0.6539056850940197,0,normal,normal
N15_M01_F10_KI21_6,KI21,6203_PU_2855,inner_race,N15_M01_F10,0.3333333333333333,0.0,normal,1.1099137647174897,7.370969556888932e-06,1.0052879300942594,6.955459868161297e-06,1.0303269152849688,7.783866089243973e-06,-0.2423318366169926,-0.6747274286416722,0,-0.26318687740773095,-0.5391296253267099,0,-0.5113831170818685,-0.73388452587295,0,normal,normal
N15_M01_F10_KI21_7,KI21,6203_PU_2855,inner_race,N15_M01_F10,0.3333333333333333,0.0,normal,0.6537970917342147,3.2089580245440746e-06,1.1188710720550732,6.954570172793821e-06,1.3857518447101602,1.6364447145162742e-05,-1.6106922611266317,-0.8603102107953847,0,0.25574282722561936,-0.5391867392395975,0,1.035222029861648,-0.43888907496011453,0,normal,normal
N15_M01_F10_KI21_8,KI21,6203_PU_2855,inner_race,N15_M01_F10,0.0,0.0,normal,1.2821737098828416,9.46861856610487e-06,0.9194233860658488,4.010362407925718e-06,1.4422525901212477,1.2563925936271375e-05,0.2744519287094535,-0.581193920604286,0,-0.6554780370105603,-0.7281898879045408,0,1.281080821478361,-0.5695488123851643,0,normal,normal
N15_M01_F10_KI21_9,KI21,6203_PU_2855,inner_race,N15_M01_F10,0.3333333333333333,0.0,normal,0.9309787543321003,4.614661909987735e-06,1.1088869398875152,6.113671727406242e-06,1.1209683288746004,7.1342428779743765e-06,-0.779140949884304,-0.7976303176914024,0,0.2101281112801961,-0.5931681381687686,0,-0.11696374697556813,-0.7562181989520863,0,normal,normal
N15_M07_F04_K001_1,K001,6203_PU_2905,normal,N15_M07_F04,0.3333333333333333,0.0,normal,1.1748259839167807,6.442096677356677e-05,1.499415046992131,9.617068465964446e-05,1.4761571474636443,0.00014343293079694582,-0.047593698152447544,1.8691139622464692,0,1.9943421396325403,5.0,1,1.4286139812243461,3.92965244773917,1,inner_race,normal
N15_M07_F04_K001_10,K001,6203_PU_2905,normal,N15_M07_F04,0.3333333333333333,0.3333333333333333,normal,0.9823804623767601,4.1933149551611044e-05,0.9244475782105354,4.2976772835955764e-05,0.9449035549958025,4.636637772499021e-05,-0.6249346531039837,0.86638928160065,0,-0.6325239040234409,1.7732552719611023,0,-0.8830965163251321,0.592560075391642,0,normal,normal
N15_M07_F04_K001_11,K001,6203_PU_2905,normal,N15_M07_F04,0.3333333333333333,0.0,normal,1.4057825188674733,8.645583715790986e-05,0.8971652297146144,3.8274883540140986e-05,1.2446317091402814,0.00012270821341097508,0.6452811755972199,2.8516418861945674,1,-0.7571693470204023,1.4714179178901348,0,0.4211482552316122,3.2171485612921824,1,outer_race,normal
N15_M07_F04_K001_12,K001,6203_PU_2905,normal,N15_M07_F04,0.3333333333333333,0.0,normal,1.1984026513943464,5.550048887517998e-05,1.1660131365253652,5.5615556896147336e-05,1.4272190667838698,0.0001437687587773239,0.023136842143559964,1.4713526649367934,0,0.4711217749202947,2.5846008608073157,1,1.2156635627399643,3.9411980209183244,1,inner_race,normal
N15_M07_F04_K001_13,K001,6203_PU_2905,normal,N15_M07_F04,0.3333333333333333,0.0,normal,0.7433786319180113,2.7521393416450963e-05,0.9875285214548425,4.169119392431937e-05,1.1378369163463917,0.00010980626240017598,-1.3419455969181475,0.22377361883793764,0,-0.3443246635317941,1.690727651099599,0,-0.04356134313256337,2.77358689206692,1,normal,normal
N15_M07_F04_K001_14,K001,6203_PU_2905,normal,N15_M07_F04,0.3333333333333333,0.0,normal,0.9633507787113299,4.5599060648938e-05,0.7878101191469483,3.0495102706480008e-05,1.1411473450026957,0.0001253198090619688,-0.6820241382315468,1.029851101752506,0,-1.2567823551427193,0.9719955975529778,0,-0.029156259035876243,3.306933720554267,1,normal,normal
N15_M07_F04_K001_15,K001,6203_PU_2905,normal,N15_M07_F04,0.3333333333333333,0.0,normal,0.8796714579513728,3.367522756753831e-05,1.0386741946321354,5.2650623765202466e-05,1.3622891478231702,0.0001247719377861236,-0.9330640095189789,0.49817114363958004,0,-0.1106543440021306,2.394267249159262,1,0.9331258493115663,3.2880982206030533,1,inner_race,normal
N15_M07_F04_K001_16,K001,6203_PU_2905,normal,N15_M07_F04,0.3333333333333333,0.0,normal,1.10247134778769,5.30161358555104e-05,1.1688312629578648,6.434835838098507e-05,0.9782434911409437,8.935683110704509e-05,-0.26465925719302563,1.3605761469816635,0,0.4839970087973517,3.1452022548377285,1,-0.7380202637273342,2.0705471834603486,1,inner_race,normal
N15_M07_F04_K001_17,K001,6203_PU_2905,normal,N15_M07_F04,0.3333333333333333,0.0,normal,0.9942194794273678,4.772008606755495e-05,1.0903330359836183,5.558025091598191e-05,1.2143507856926674,0.00010336357654332592,-0.5894173318642483,1.1244269565156737,0,0.1253604978260226,2.5823343966339665,1,0.2893830688840417,2.552091050812644,1,inner_race,normal
N15_M07_F04_K001_18,K001,6203_PU_2905,normal,N15_M07_F04,0.3333333333333333,0.0,normal,0.9997793871745195,4.719488402379191e-05,1.0634622935088582,6.191415437656584e-05,1.5098962526944772,0.00014895764692766825,-0.5727374817825435,1.1010083629541494,0,0.0025955679694708257,2.9889387510123933,1,1.575427188411767,4.119589016781156,1,inner_race,normal
N15_M07_F04_K001_19,K001,6203_PU_2905,normal,N15_M07_F04,0.3333333333333333,0.0,normal,1.1673394017967802,5.740213462388271e-05,1.0851238948695139,4.809872422716074e-05,1.1173888492897999,0.0001061849654686153,-0.0700536153066399,1.5561464493778956,0,0.10156138456792795,2.102058473894745,1,-0.13253958617791356,2.649088782410566,1,inner_race,normal
N15_M07_F04_K001_2,K001,6203_PU_2905,normal,N15_M07_F04,0.3333333333333333,0.0,normal,1.2080037159943549,6.050360663668599e-05,1.3630222736549278,7.607084513213612e-05,1.012195429681119,7.925389879819124e-05,0.05194025497625362,1.6944401086901821,0,1.3712015893701,3.897726221586347,1,-0.5902809282230209,1.7232141703963428,0,inner_race,normal
N15_M07_F04_K001_20,K001,6203_PU_2905,normal,N15_M07_F04,0.3333333333333333,0.0,normal,1.009752097779046,4.718656845575914e-05,1.1638333482695056,6.693562931425825e-05,1.0333684065752318,8.153624209486264e-05,-0.5428191224577968,1.10063757439705,0,0.4611629301811103,3.311291876186113,1,-0.4981482939322596,1.8016798227282498,0,inner_race,normal
N15_M07_F04_K001_3,K001,6203_PU_2905,normal,N15_M07_F04,0.3333333333333333,0.0,normal,0.9889113518338212,5.054980562445333e-05,0.9418112763059815,4.370556210224695e-05,1.0862282328740855,0.00012222091135037687,-0.605341835741183,1.250603259489084,0,-0.5531940090367257,1.820039832373543,0,-0.26813269105217347,3.200395396190646,1,normal,normal
N15_M07_F04_K001_4,K001,6203_PU_2905,normal,N15_M07_F04,0.3333333333333333,0.0,normal,1.2898971973408013,9.524637656987934e-05,0.7958959399286536,3.369952453932066e-05,0.9524643236801741,0.0001056959957860553,0.2976225672821332,3.2436092673579844,1,-1.219840494603097,1.177703164554352,0,-0.8501963937000541,2.6322782854233022,1,outer_race,normal
N15_M07_F04_K001_5,K001,6203_PU_2905,normal,N15_M07_F04,0.3333333333333333,0.0,normal,0.9853344867902986,5.12820827341692e-05,0.9192354105525571,4.399714746449868e-05,1.0613690305177335,9.625202174551899e-05,-0.6160725124721075,1.2832552649610596,0,-0.656336844716588,1.8387581280820844,0,-0.3763056612921149,2.3075998793408345,1,normal,normal
N15_M07_F04_K001_6,K001,6203_PU_2905,normal,N15_M07_F04,0.3333333333333333,0.0,normal,0.9984006166144735,4.198434201770538e-05,1.2168512060009264,7.283281637056404e-05,1.0322827509557462,8.00820064063906e-05,-0.5768738249170885,0.8686719375253787,0,0.7033867389075062,3.6898612608633097,1,-0.502872443618721,1.7516840345807287,0,inner_race,normal
N15_M07_F04_K001_7,K001,6203_PU_2905,normal,N15_M07_F04,0.3333333333333333,0.0,normal,1.3078135338366081,8.019624115125783e-05,1.0085939468978595,4.791507690640291e-05,0.9855195107142299,8.260253774808588e-05,0.3513719855016218,2.572528473594706,1,-0.24808260846615712,2.09026925090536,1,-0.7063592056819535,1.8383384551657362,0,outer_race,normal
N15_M07_F04_K001_8,K001,6203_PU_2905,normal,N15_M07_F04,0.3333333333333333,0.0,normal,1.0303537720990366,4.883364317241556e-05,1.1003733510817024,5.7870263626461705e-05,1.4106653903771649,0.00017043872534247285,-0.48101362950414334,1.174080116772689,0,0.1712318979152373,2.7293415535092604,1,1.1436314709763058,4.858096161200963,1,inner_race,normal
N15_M07_F04_K001_9,K001,6203_PU_2905,normal,N15_M07_F04,0.3333333333333333,0.0,normal,1.1446564619726194,6.233086369850485e-05,1.2874425778927685,6.759508800990726e-05,1.0850333488972395,9.668343696867274e-05,-0.13810295225349034,1.775916925034156,0,1.0258990337173701,3.3536257669459326,1,-0.27333213981222293,2.3224316870535673,1,inner_race,normal
N15_M07_F04_K002_1,K002,6203_PU_2905,normal,N15_M07_F04,0.3333333333333333,0.0,normal,0.7400000513826464,1.2394093288089081e-05,1.0172102435905779,2.5547530962366133e-05,1.0317557237455584,4.568293882569738e-05,-1.3520814156010605,-0.4507479250065008,0,-0.2087171514045077,0.6543866811438062,0,-0.5051657633281009,0.5690638383705848,0,normal,normal
N15_M07_F04_K002_10,K002,6203_PU_2905,normal,N15_M07_F04,0.3333333333333333,0.0,normal,1.2387578254116796,3.6102897854690445e-05,1.1222248109827877,2.9417594561096276e-05,1.0407809806535238,5.3375981431568755e-05,0.14420328483319864,0.6064201964209802,0,0.2710651252456608,0.9028250605345849,0,-0.4658930291140965,0.8335462268733158,0,normal,normal
N15_M07_F04_K002_11,K002,6203_PU_2905,normal,N15_M07_F04,0.3333333333333333,0.0,normal,0.9796608776712029,1.768629426565014e-05,1.0181270403277922,2.288266380955548e-05,1.259840954206261,4.728230999079531e-05,-0.6330934692635557,-0.21477035178266005,0,-0.2045285627474375,0.4833157775666056,0,0.4873301540033476,0.6240493008876721,0,normal,normal
N15_M07_F04_K002_12,K002,6203_PU_2905,normal,N15_M07_F04,0.3333333333333333,0.3333333333333333,normal,1.043292936175695,2.8011485656024893e-05,1.13419163880711,3.461456900263399e-05,1.1679656128781584,4.3794180928276336e-05,-0.4421958420881908,0.24562667729903023,0,0.3257382248013694,1.2364443603348714,0,0.08754143911202639,0.5041294261222945,0,normal,normal
N15_M07_F04_K002_13,K002,6203_PU_2905,normal,N15_M07_F04,0.3333333333333333,0.0,normal,0.9065656362525396,2.0539139130427452e-05,0.9130250145865851,2.279463466551202e-05,0.8248062499084395,2.9603519688175893e-05,-0.8523808610685562,-0.08756289862117829,0,-0.6847104122077025,0.4776647547016351,0,-1.4056910076078708,0.01626263901384372,0,normal,normal
N15_M07_F04_K002_14,K002,6203_PU_2905,normal,N15_M07_F04,0.3333333333333333,0.0,normal,1.0236223500980006,2.5017631314889557e-05,1.139554621678003,2.8745818651825596e-05,1.1303979045078623,5.4791705560637426e-05,-0.5012080490736924,0.11213165603996161,0,0.3502401981497238,0.859700467370861,0,-0.07593164989818656,0.8822180097165904,0,normal,normal
N15_M07_F04_K002_15,K002,6203_PU_2905,normal,N15_M07_F04,0.3333333333333333,0.0,normal,1.1715893396277048,3.676542513203876e-05,1.0867347922232238,2.9973091652057535e-05,1.0369201658331768,6.262902777462499e-05,-0.057303704858448795,0.6359620788563116,0,0.10892112540203626,0.9384851455729782,0,-0.4826930776706263,1.1516606483208462,0,normal,normal
N15_M07_F04_K002_16,K002,6203_PU_2905,normal,N15_M07_F04,0.3333333333333333,0.0,normal,0.881516264485736,1.788718270532093e-05,1.3213987581856848,3.8812011294877435e-05,1.009964577039429,3.6537659910325365e-05,-0.9275295478296299,-0.20581279958779153,0,1.1810353532951383,1.505898785066663,0,-0.5999883175816975,0.2546543992216011,0,normal,normal
N15_M07_F04_K002_17,K002,6203_PU_2905,normal,N15_M07_F04,0.3333333333333333,0.0,normal,1.1710994124277143,3.5621853187703955e-05,1.1692334700853126,3.919876328801678e-05,1.2503885498721479,7.809588286354004e-05,-0.05877349763531235,0.5849705663693157,0,0.4858345810131296,1.5307262939564963,0,0.44619871953201434,1.6834022473365353,0,normal,normal
N15_M07_F04_K002_18,K002,6203_PU_2905,normal,N15_M07_F04,0.3333333333333333,0.0,normal,0.867237063191857,2.1393072095868795e-05,0.9322581182148211,2.4302752820375203e-05,1.1710652910268766,5.599660666193868e-05,-0.9703674774680127,-0.04948629689439494,0,-0.5968397245978596,0.5744782619646578,0,0.10102945804876509,0.9236418178908116,0,normal,normal
N15_M07_F04_K002_19,K002,6203_PU_2905,normal,N15_M07_F04,0.3333333333333333,0.3333333333333333,normal,1.1706877965256293,3.1061800142089426e-05,1.035737236262431,2.7039946070102027e-05,0.8995102737329409,3.284105470507535e-05,-0.060008354731914626,0.38163923862143906,0,-0.12407248786574121,0.750192132730152,0,-1.0806220037785184,0.12756723434746198,0,normal,normal
N15_M07_F04_K002_2,K002,6203_PU_2905,normal,N15_M07_F04,0.3333333333333333,0.0,normal,1.198053358022934,4.057477554137264e-05,0.9789508602972616,2.6498856777047715e-05,0.9457672822210489,5.168236634428216e-05,0.02208895406076269,0.8058198127113334,0,-0.38351360560635,0.7154569549629897,0,-0.8793380715410768,0.7753207124132819,0,normal,normal
N15_M07_F04_K002_20,K002,6203_PU_2905,normal,N15_M07_F04,0.3333333333333333,0.0,normal,1.1980836208104897,4.2035648964717536e-05,1.1919807850270816,4.470257273150893e-05,1.1586121678794041,6.556866387799516e-05,0.022179743113826023,0.870959698118143,0,0.5897607202284583,1.884042838693775,0,0.04684061882876271,1.2527236500199168,0,normal,normal
N15_M07_F04_K002_3,K002,6203_PU_2905,normal,N15_M07_F04,0.3333333333333333,0.0,normal,1.2044595888971596,3.348628986480336e-05,0.896445263974634,1.9833181879264773e-05,0.9531354375423136,3.777831746103096e-05,0.0413077928311744,0.4897464710372125,0,-0.7604586697345344,0.2875545634636964,0,-0.8472760916406328,0.2973074935999074,0,normal,normal
N15_M07_F04_K002_4,K002,6203_PU_2905,normal,N15_M07_F04,0.3333333333333333,0.0,normal,1.0286051280410802,2.105808834005586e-05,1.2935941997227287,3.699050607498821e-05,1.1050231346989243,5.0043294875149866e-05,-0.4862596015704817,-0.06442311696251231,0,1.0540040785693487,1.388967423775957,0,-0.18634807356458122,0.7189703762339483,0,normal,normal
N15_M07_F04_K002_5,K002,6203_PU_2905,normal,N15_M07_F04,0.3333333333333333,0.0,normal,0.8049843208794372,1.7704102326914014e-05,1.2428416159550368,3.063318293285453e-05,1.3097629870393261,7.440488353621267e-05,-1.1571271246003059,-0.2139762959448927,0,0.8221296749449623,0.980859645078619,0,0.7045621671048727,1.5565078093272529,0,normal,normal
N15_M07_F04_K002_6,K002,6203_PU_2905,normal,N15_M07_F04,0.3333333333333333,0.0,normal,0.834721835543404,2.0452247217616485e-05,1.139400346710825,3.1099357053768254e-05,1.0231703754451444,5.5912227469637435e-05,-1.0679139021953898,-0.09143738162075614,0,0.34953535884198844,1.010785650209834,0,-0.5425242679529648,0.9207409096984233,0,normal,normal
N15_M07_F04_K002_7,K002,6203_PU_2905,normal,N15_M07_F04,0.3333333333333333,0.0,normal,0.9365238250318353,2.1252875115805077e-05,1.350831628699995,4.262764275685316e-05,0.9567263834567269,4.1778052099750694e-05,-0.7625056112833327,-0.05573763603835809,0,1.3155059317527416,1.750842898408046,0,-0.8316503575577443,0.4348160743815008,0,normal,normal
N15_M07_F04_K002_8,K002,6203_PU_2905,normal,N15_M07_F04,0.3333333333333333,0.0,normal,1.1527103782179873,2.7890025898649225e-05,0.8376259749962198,1.8918325423912207e-05,1.3844727456530246,7.48128360172824e-05,-0.1139410197803909,0.24021082500782043,0,-1.0291876001848173,0.22882543683705348,0,1.029656125442912,1.5705329814362163,0,normal,normal
N15_M07_F04_K002_9,K002,6203_PU_2905,normal,N15_M07_F04,0.3333333333333333,0.0,normal,1.158379463852328,3.433417079574562e-05,1.2145941960257123,3.518342823498256e-05,0.9632356841345697,4.528692697716817e-05,-0.09693363354640351,0.5275532144535848,0,0.6930750896647296,1.2729622268196843,0,-0.8033256197639268,0.5554491783536949,0,normal,normal
N15_M07_F04_K003_1,K003,6203_PU_2905,normal,N15_M07_F04,0.3333333333333333,0.0,normal,1.066936787535673,6.086834779854669e-05,0.8790092146327583,4.077465208759456e-05,1.3808272403491106,0.000163817446170041,-0.37126374861225564,1.7107038021129513,0,-0.8401191173921073,1.6318903315696371,0,1.0137929802342698,4.630460384280708,1,normal,normal
N15_M07_F04_K003_10,K003,6203_PU_2905,normal,N15_M07_F04,0.3333333333333333,0.0,normal,1.233455717347232,6.605053420085873e-05,0.9825283353261101,4.57426413065781e-05,1.3836960757237644,0.00013343898764972876,0.12829683968088682,1.9417758601085173,0,-0.367169119725743,1.9508099459139887,0,1.0262765040077675,3.586066419485648,1,normal,normal
N15_M07_F04_K003_11,K003,6203_PU_2905,normal,N15_M07_F04,0.3333333333333333,0.0,normal,1.0374624100097005,4.7257362846630534e-05,0.9051214107685954,4.424812688568929e-05,1.234169802303872,0.00011694913775230446,-0.4596875536001429,1.1037942739680837,0,-0.7208197742486241,1.8548697291114553,0,0.3756240456996529,3.019154846216349,1,normal,normal
N15_M07_F04_K003_12,K003,6203_PU_2905,normal,N15_M07_F04,0.3333333333333333,0.0,normal,1.1219861753291955,6.54631044955245e-05,0.9098414292597719,4.280669056249591e-05,1.2006439354985565,0.00013035371883621691,-0.20611432936946822,1.9155825547347956,0,-0.6992553258700508,1.7623368559445465,0,0.22973872966203013,3.479996648814182,1,normal,normal
N15_M07_F04_K003_13,K003,6203_PU_2905,normal,N15_M07_F04,0.3333333333333333,0.0,normal,1.0889185098453456,6.476773695095278e-05,0.9756418406021224,4.844212162650477e-05,0.8089429145877334,5.938737152244865e-05,-0.3053180802060067,1.8845763351368618,0,-0.3986315939220539,2.124102838594083,1,-1.4747191314774402,1.040214367284255,0,inner_race,normal
N15_M07_F04_K003_14,K003,6203_PU_2905,normal,N15_M07_F04,0.3333333333333333,0.0,normal,1.0154725136200513,4.948046610850556e-05,1.0650659768957802,6.196460222724436e-05,1.1028463431641846,0.00010873315033312364,-0.5256577444328002,1.2029217475821035,0,0.00992235020083341,2.9921772461809044,1,-0.19582022003696337,2.7366939152350365,1,inner_race,normal
N15_M07_F04_K003_15,K003,6203_PU_2905,normal,N15_M07_F04,0.3333333333333333,0.0,normal,0.8967232226884523,4.093902298623182e-05,0.7693550249007316,3.053709862369998e-05,1.2180475890177092,0.00014428403648209797,-0.8819083262994705,0.8220614914486488,0,-1.3410985348225695,0.9746915216247639,0,0.3054694336165157,3.9589129726068597,1,normal,normal
N15_M07_F04_K003_16,K003,6203_PU_2905,normal,N15_M07_F04,0.3333333333333333,0.0,normal,0.954206756545648,4.4863582925002993e-05,1.2088019316488086,7.220207027022204e-05,1.151620870699151,0.00014286285354867898,-0.7094564133345813,0.9970563819014922,0,0.6666118488142351,3.649370572537816,1,0.016418509101462673,3.9100535192037156,1,inner_race,normal
N15_M07_F04_K003_17,K003,6203_PU_2905,normal,N15_M07_F04,0.3333333333333333,0.3333333333333333,normal,1.1242409870486,5.6639290116947146e-05,0.6309827609731739,1.8832454410267137e-05,1.2486262148063731,0.00014476604947495926,-0.19934984277139364,1.5221314533002614,0,-1.9732828256405541,0.22331295495597414,0,0.43853004956062475,3.975484302595856,1,normal,normal
N15_M07_F04_K003_18,K003,6203_PU_2905,normal,N15_M07_F04,0.3333333333333333,0.0,normal,1.194097931016738,6.264063768432124e-05,0.7950265476620176,3.0908397581726537e-05,1.3292171405933821,0.00014527231814327334,0.010222582805542503,1.7897296494055035,0,-1.2238125054521327,0.9985270243363652,0,0.7892154694626785,3.992889528782646,1,normal,normal
N15_M07_F04_K003_19,K003,6203_PU_2905,normal,N15_M07_F04,0.3333333333333333,0.0,normal,1.2764801020036616,7.962599355720602e-05,0.7424652515129985,2.963022019298448e-05,1.0588164753099527,0.00011483506956763695,0.2573709751815128,2.547101313146408,1,-1.4639504116140054,0.9164745435613184,0,-0.38741291544166406,2.946474395634708,1,outer_race,normal
N15_M07_F04_K003_2,K003,6203_PU_2905,normal,N15_M07_F04,0.3333333333333333,0.0,normal,1.2343831894665465,6.890460691971814e-05,1.0166871248840734,4.4956769455179214e-05,1.0068273123285998,8.138733136803043e-05,0.13107927719759757,2.069038062896439,1,-0.21110713491058283,1.9003609741620948,0,-0.6136398916480966,1.7965603574238196,0,outer_race,normal
N15_M07_F04_K003_20,K003,6203_PU_2905,normal,N15_M07_F04,0.3333333333333333,0.0,normal,1.0098829043418664,5.547829675418544e-05,1.39661164452132,0.00011097642117554971,1.0920475926730093,0.00011491502940040132,-0.5424266997851964,1.4703631252577096,0,1.5246620589574835,5.0,1,-0.2428101796811019,2.949223368783207,1,inner_race,normal
N15_M07_F04_K003_3,K003,6203_PU_2905,normal,N15_M07_F04,0.3333333333333333,0.0,normal,1.2049507434023274,6.18536067260853e-05,1.0769447562922598,5.347694182085896e-05,1.060507838970396,9.579952753613044e-05,0.042781267551568726,1.754636187089161,0,0.06419318104073546,2.447312661300809,1,-0.3800530722623317,2.2920433881820053,1,inner_race,normal
N15_M07_F04_K003_4,K003,6203_PU_2905,normal,N15_M07_F04,0.3333333333333333,0.0,normal,1.1451138055497299,6.64003244585468e-05,0.8665534427193926,3.3913777106860475e-05,1.12872377533238,0.00012498758822779881,-0.1367309110886093,1.9573728974274993,0,-0.8970260661557996,1.1914570885667044,0,-0.0832164984979642,3.2955121589910195,1,normal,normal
N15_M07_F04_K003_5,K003,6203_PU_2905,normal,N15_M07_F04,0.3333333333333333,0.0,normal,1.218621056586963,7.806996240365417e-05,0.9609841308373849,5.0351631690528905e-05,1.2309983584513504,0.00013944497818461183,0.08379251897142997,2.4777183745481315,1,-0.4655985827507379,2.2466836628193487,1,0.36182374364012965,3.7925489262610994,1,outer_race,normal
N15_M07_F04_K003_6,K003,6203_PU_2905,normal,N15_M07_F04,0.3333333333333333,0.0,normal,1.2283253896122694,7.924690539891362e-05,1.1896470871302316,7.843245199530082e-05,1.3303729092219065,0.0001554904678557533,0.1129057394359186,2.530197891675638,1,0.5790987052550245,4.049329358556833,1,0.7942447106935694,4.3441836500413284,1,inner_race,normal
N15_M07_F04_K003_7,K003,6203_PU_2905,normal,N15_M07_F04,0.3333333333333333,0.0,normal,1.0222935283820995,6.165647389548495e-05,1.0882791461593717,6.147124485551624e-05,1.1305326206518884,9.05347706275154e-05,-0.5051945445363012,1.7458460963187883,0,0.1159768479159555,2.9605062147454406,1,-0.0753454426164852,2.1110440679632343,1,inner_race,normal
N15_M07_F04_K003_8,K003,6203_PU_2905,normal,N15_M07_F04,0.3333333333333333,0.0,normal,1.0985461024946122,5.063486369244151e-05,1.0831079280039047,5.54743185418215e-05,1.0749951735026306,8.980200950187184e-05,-0.2764350826203442,1.254395971926133,0,0.0923509940816167,2.5755340775461706,1,-0.31701251348868853,2.085852161114279,1,inner_race,normal
N15_M07_F04_K003_9,K003,6203_PU_2905,normal,N15_M07_F04,0.3333333333333333,0.0,normal,1.3034373678640503,7.829559116290982e-05,1.1841324176715986,6.017650053776384e-05,0.9756654963491104,7.866951961899924e-05,0.3382433877488414,2.487779089793907,1,0.553903718182856,2.8773902214751046,1,-0.7492382163349105,1.7031235496858836,0,inner_race,normal
N15_M07_F04_K004_1,K004,6203_PU_2905,normal,N15_M07_F04,0.0,0.0,normal,3.948737578084858,0.00021049612565241318,1.203673330767312,2.357708635549869e-05,1.9751838328574292,9.014232256812634e-05,5.0,5.0,1,0.6431807014214685,0.5278941695039263,0,3.6000914894013167,2.097551928971145,1,outer_race,normal
N15_M07_F04_K004_10,K004,6203_PU_2905,normal,N15_M07_F04,0.3333333333333333,0.0,normal,2.5269982987573023,9.427088337393347e-05,0.7048142000192469,8.342393736833553e-06,1.7812858888862408,5.768704717015785e-05,4.008954093980561,3.2001123332748493,1,-1.635967567447996,-0.4500955322518108,0,2.756359006672573,0.9817581921449139,1,outer_race,normal
N15_M07_F04_K004_11,K004,6203_PU_2905,normal,N15_M07_F04,0.0,0.0,normal,3.3441524680595505,0.00013112949157515234,0.9150879597873632,1.3136975177680094e-05,1.7831774774760922,5.523610491277323e-05,5.0,4.843626053296196,1,-0.6752853908072212,-0.1423078143931518,0,2.7645901137412165,0.8974962043300245,1,outer_race,normal
N15_M07_F04_K004_12,K004,6203_PU_2905,normal,N15_M07_F04,0.3333333333333333,0.0,normal,3.4708511118002305,0.00015493506212520866,0.9817064906533347,1.5160331109662689e-05,1.6535727336021266,5.768091784940149e-05,5.0,5.0,1,-0.3709238988763756,-0.012418665068211642,0,2.2006247096601252,0.9815474696159233,1,outer_race,normal
N15_M07_F04_K004_13,K004,6203_PU_2905,normal,N15_M07_F04,0.3333333333333333,0.0,normal,2.7425080900662,0.00010820628360491166,1.0633490522624334,1.4237616183624626e-05,1.4404395714073839,5.011088995137389e-05,4.65548838441252,3.821487436441223,1,0.002078200290208685,-0.07165226550304601,0,1.2731916053817256,0.7212942561507332,0,outer_race,normal
N15_M07_F04_K004_14,K004,6203_PU_2905,normal,N15_M07_F04,0.3333333333333333,0.0,normal,3.2130317410624216,0.0001555392885879979,1.0788123929468116,1.6852595343589996e-05,1.1367784592304329,3.306622731966602e-05,5.0,5.0,1,0.0727258921524192,0.09621608292813359,0,-0.04816714055371901,0.13530853957393937,0,outer_race,normal
N15_M07_F04_K004_15,K004,6203_PU_2905,normal,N15_M07_F04,0.3333333333333333,0.0,normal,3.368440206299552,0.00011666007825363549,1.0512696157551544,1.2314392850886949e-05,2.4641996770338404,9.940253977276255e-05,5.0,4.198439474770256,1,-0.05310937693865652,-0.19511341176138122,0,5.0,2.415912880523272,1,outer_race,normal
N15_M07_F04_K004_16,K004,6203_PU_2905,normal,N15_M07_F04,0.3333333333333333,0.0,normal,2.8447275617759873,0.00010210447966150177,0.7794681536864606,8.284788010957064e-06,2.668578605147441,0.00012797545109337398,4.962149131512821,3.549409922197403,1,-1.2948944692975293,-0.45379352656515504,0,5.0,3.398233169089523,1,outer_race,normal
N15_M07_F04_K004_17,K004,6203_PU_2905,normal,N15_M07_F04,0.3333333333333333,0.0,normal,2.7988277530311323,0.0001189031676145351,0.6384567729293253,6.430407039387989e-06,1.4282378390109156,5.8188678435119484e-05,4.824448658148797,4.2984581222391665,1,-1.9391361490310104,-0.572835343733453,0,1.2200966743184356,0.9990039870666063,0,outer_race,normal
N15_M07_F04_K004_18,K004,6203_PU_2905,normal,N15_M07_F04,0.3333333333333333,0.0,normal,3.065490633843193,0.00012406074755744566,1.0014183490463593,1.5605427988779556e-05,1.3704789220135045,3.689477301809956e-05,5.0,4.5284329859672035,1,-0.2808659142399257,0.016154288450167604,0,0.9687630426158197,0.2669317428616412,0,outer_race,normal
N15_M07_F04_K004_19,K004,6203_PU_2905,normal,N15_M07_F04,0.3333333333333333,0.0,normal,3.245032322704431,0.0001452501314995021,0.8305279057011703,9.490440610016524e-06,1.92681981168396,6.697974421976242e-05,5.0,5.0,1,-1.0616166996018581,-0.37639676804240213,0,3.389639048165013,1.301235782121593,1,outer_race,normal
N15_M07_F04_K004_2,K004,6203_PU_2905,normal,N15_M07_F04,0.3333333333333333,0.0,normal,3.1550657624288787,0.00013409870119587643,1.1336463830335197,1.7753401365545425e-05,1.2833516868730852,3.804125317414085e-05,5.0,4.976022174241372,1,0.3232471032083739,0.15404324326562607,0,0.5896353586768897,0.30634707247509757,0,outer_race,normal
N15_M07_F04_K004_20,K004,6203_PU_2905,normal,N15_M07_F04,0.3333333333333333,0.0,normal,3.4576368246106783,0.0001444299454946444,0.844924923216803,1.014066672429963e-05,1.7982791456207037,5.710496476167025e-05,5.0,5.0,1,-0.9958407409691417,-0.3346555620004489,0,2.830303899540265,0.9617465330927821,1,outer_race,normal
N15_M07_F04_K004_3,K004,6203_PU_2905,normal,N15_M07_F04,0.0,0.0,normal,3.3716794875484264,0.00015554888551383992,1.1441478373762886,2.0106461563503232e-05,1.6256343788899987,5.47525900799792e-05,5.0,5.0,1,0.37122531992466906,0.3050977278434507,0,2.0790530369449023,0.8808732419462906,1,outer_race,normal
N15_M07_F04_K004_4,K004,6203_PU_2905,normal,N15_M07_F04,0.0,0.0,normal,3.4315993584335316,0.000163104498092761,1.1907535006715226,1.780661780302927e-05,1.570512420643397,5.2438845231029944e-05,5.0,5.0,1,0.5841536002180691,0.15745946761133847,0,1.8391939351321143,0.8013280222735241,0,outer_race,normal
N15_M07_F04_K004_5,K004,6203_PU_2905,normal,N15_M07_F04,0.3333333333333333,0.0,normal,2.8410997187415434,0.00013915614647724134,0.795840893239584,9.913043086865733e-06,1.3784886802743876,5.8379093601949946e-05,4.951265519646153,5.0,1,-1.220091987576498,-0.3492678406238976,0,1.0036169099911034,1.0055503511920345,0,outer_race,normal
N15_M07_F04_K004_6,K004,6203_PU_2905,normal,N15_M07_F04,0.0,0.0,normal,3.2749553395573985,0.00015655199065745226,0.8137680477998253,1.1365612051775146e-05,1.2950140047034342,3.3646462374465656e-05,5.0,5.0,1,-1.1381878171136668,-0.256020308538418,0,0.640383067372729,0.1552566876667756,0,outer_race,normal
N15_M07_F04_K004_7,K004,6203_PU_2905,normal,N15_M07_F04,0.3333333333333333,0.0,normal,3.602843874306397,0.00015962261935697881,0.5790996143349877,4.779945882256975e-06,1.8331012102172493,6.328877685099177e-05,5.0,5.0,1,-2.2103224557794303,-0.6787865470314043,0,2.9818295238663786,1.1743424428291442,1,outer_race,normal
N15_M07_F04_K004_8,K004,6203_PU_2905,normal,N15_M07_F04,0.3333333333333333,0.0,normal,3.521665432001318,0.00015052728110831636,0.9290326006824913,1.0996778015522046e-05,1.669062728978126,5.507152513990666e-05,5.0,5.0,1,-0.6115762148150352,-0.2796975758218153,0,2.2680282725261174,0.8918380462179446,1,outer_race,normal
N15_M07_F04_K004_9,K004,6203_PU_2905,normal,N15_M07_F04,0.0,0.0,normal,2.824088542084119,0.0001069087923656707,0.8969095740688661,1.1355197521667902e-05,1.8298059300955982,6.722275558062927e-05,4.900231601591561,3.7636327111173973,1,-0.7583373663800166,-0.2566888683478251,0,2.9674903574916156,1.3095903732044907,1,outer_race,normal
N15_M07_F04_K005_1,K005,6203_PU_2905,normal,N15_M07_F04,0.3333333333333333,0.0,normal,2.3429102413780774,5.202485039719283e-05,1.0719032876184063,1.2415637080897608e-05,1.770009998822918,4.565610551684076e-05,3.4566857221733596,1.316375040897883,1,0.04116011640915743,-0.18861404765925932,0,2.7072928096657733,0.5681413246160901,1,outer_race,normal
N15_M07_F04_K005_10,K005,6203_PU_2905,normal,N15_M07_F04,0.0,0.0,normal,2.357794631298275,5.427870402991303e-05,1.2983507176087525,1.95035506168964e-05,1.8788079295464448,5.8025051151395105e-05,3.501339231497093,1.416873663853839,1,1.0757352825056614,0.26639391467068785,0,3.180718913754589,0.9933785749844467,1,outer_race,normal
N15_M07_F04_K005_11,K005,6203_PU_2905,normal,N15_M07_F04,0.0,0.0,normal,1.633313084018043,3.881719601566213e-05,0.9442989239630023,1.1583789815351326e-05,1.5761024243035329,6.53550584003956e-05,1.3278780617885915,0.7274498957365977,0,-0.5418286405356939,-0.2420144069248745,0,1.8635184203227881,1.2453800163229347,0,normal,normal
N15_M07_F04_K005_12,K005,6203_PU_2905,normal,N15_M07_F04,0.0,0.0,normal,1.9123354367014203,4.4956535400477826e-05,1.3584532444435886,2.5160511720807593e-05,1.4538712776758338,3.432863738248473e-05,2.164951485279744,1.0012011034796602,1,1.3503269689099668,0.629542016266102,0,1.331638676274063,0.17870947283139363,0,outer_race,normal
N15_M07_F04_K005_13,K005,6203_PU_2905,normal,N15_M07_F04,0.0,0.0,normal,2.291666824235289,7.716946693697383e-05,0.7906060358000276,1.0883454254468458e-05,1.8067752209210355,7.04549659616539e-05,3.302954301709803,2.4375655655699235,1,-1.244008591554964,-0.286972384316399,0,2.8672739393446296,1.420711910613406,1,outer_race,normal
N15_M07_F04_K005_14,K005,6203_PU_2905,normal,N15_M07_F04,0.3333333333333333,0.0,normal,1.3219829777478669,2.6112357992535837e-05,1.257908548806613,2.1030557930352208e-05,1.5056331388369222,5.128511411928714e-05,0.3938806404882078,0.16094517348377949,0,0.8909662899515838,0.36442000974501865,0,1.5568765655143695,0.7616634089655512,0,normal,normal
N15_M07_F04_K005_15,K005,6203_PU_2905,normal,N15_M07_F04,0.0,0.0,normal,1.7223427932294593,5.035130825752934e-05,1.1015891835400957,1.8916537877476418e-05,1.527244940667526,5.466317848227397e-05,1.594969220490809,1.2417523244742097,0,0.17678669740066927,0.2287106854568077,0,1.650918713880246,0.8777993225450283,0,normal,normal
N15_M07_F04_K005_16,K005,6203_PU_2905,normal,N15_M07_F04,0.0,0.0,normal,1.786656334159933,3.8946293115082895e-05,1.3209794170697269,2.3549059321311126e-05,1.984268430491043,6.449171866419132e-05,1.7879113104910318,0.7332062947019274,0,1.1791195006634185,0.5260949766030724,0,3.6396224403697275,1.2156988918031828,1,normal,normal
N15_M07_F04_K005_17,K005,6203_PU_2905,normal,N15_M07_F04,0.0,0.0,normal,1.808641532070931,4.299128248136645e-05,0.9605854971271272,1.2866635151112716e-05,1.3832351329187376,4.748268003403111e-05,1.853867405780547,0.9135710953621878,0,-0.46741982901976875,-0.15966226771709638,0,1.0242707456726559,0.6309379079491948,0,normal,normal
N15_M07_F04_K005_18,K005,6203_PU_2905,normal,N15_M07_F04,0.0,0.0,normal,1.5729260148302697,4.5457111141947495e-05,1.4889553473947073,4.1735617893492095e-05,1.912403543169097,8.343979773761107e-05,1.1467154765925351,1.0235216179853612,0,1.9465546887050311,1.6935794437448153,0,3.326907727880684,1.8671229729660654,1,normal,normal
N15_M07_F04_K005_19,K005,6203_PU_2905,normal,N15_M07_F04,0.0,0.0,normal,1.369677226960543,3.82801181727455e-05,1.6152883584970832,4.545610541676245e-05,1.2599574716345232,4.797082135582482e-05,0.5369644761929359,0.703501764034659,0,2.523734990333025,1.932415800627474,1,0.4878371709268663,0.6477199263688441,0,inner_race,normal
N15_M07_F04_K005_2,K005,6203_PU_2905,normal,N15_M07_F04,0.3333333333333333,0.0,normal,1.5957513680774256,2.5658922852632536e-05,1.133034349106148,1.3278780251255603e-05,1.6622076978455358,4.031857666477457e-05,1.2151920570573012,0.1407266435408548,0,0.3204508908508559,-0.1332046506415149,0,2.238199114370926,0.38464014675711117,1,normal,normal
N15_M07_F04_K005_20,K005,6203_PU_2905,normal,N15_M07_F04,0.0,0.0,normal,1.6054669506981067,4.8042309714755705e-05,1.1102907434512104,2.0892663691668666e-05,1.719046223811447,6.995565300656422e-05,1.2443390265645555,1.1387948073633962,0,0.21654169833277923,0.3555679016822196,0,2.4855277329507413,1.4035458178542566,1,normal,normal
N15_M07_F04_K005_3,K005,6203_PU_2905,normal,N15_M07_F04,0.3333333333333333,0.0,normal,1.7479142422477343,3.065146849937616e-05,0.9971347895681592,1.0474381898297537e-05,1.9722115472395605,6.605047342255515e-05,1.67168415091664,0.3633426800298465,0,-0.3004363030883754,-0.31323274687323605,0,3.5871578095882093,1.2692879855731067,1,normal,normal
N15_M07_F04_K005_4,K005,6203_PU_2905,normal,N15_M07_F04,0.3333333333333333,0.0,normal,1.8605242197158722,3.265758476401095e-05,1.0643134872647004,9.631587046220327e-06,1.862042088293506,5.5265062319561296e-05,2.0095166523344785,0.45279477184204436,1,0.00648443489707644,-0.3673358854567096,0,3.1077636024415405,0.8984917433520374,1,outer_race,normal
N15_M07_F04_K005_5,K005,6203_PU_2905,normal,N15_M07_F04,0.0,0.0,normal,2.037432286384805,3.598870014672009e-05,1.144939805153462,1.1660157113250703e-05,1.3620487778810952,2.8973911727765942e-05,2.5402448882109976,0.6013281566233933,1,0.37484359987002897,-0.23711201520841804,0,0.9320798973852765,-0.0053829212307424145,0,outer_race,normal
N15_M07_F04_K005_6,K005,6203_PU_2905,normal,N15_M07_F04,0.3333333333333333,0.0,normal,2.2612375274995613,4.771167489801443e-05,0.9760718234064542,9.808812096083727e-06,2.110955267889859,5.639655364115254e-05,3.2116657173077217,1.124051905117482,1,-0.39666712238343194,-0.35595893956105035,0,4.190890791433,0.9373917654416288,1,outer_race,normal
N15_M07_F04_K005_7,K005,6203_PU_2905,normal,N15_M07_F04,0.0,0.0,normal,1.59527739244362,2.3471691722096282e-05,1.4728683288126414,2.1046657506415827e-05,2.0056508750662214,5.5754399624126144e-05,1.2137701193429018,0.04319869695454661,0,1.8730575864316787,0.36545352056056096,0,3.7326665576962412,0.9153148789727896,1,normal,normal
N15_M07_F04_K005_8,K005,6203_PU_2905,normal,N15_M07_F04,0.3333333333333333,0.0,normal,2.1869573711795907,4.200544882066475e-05,1.3283978606079307,1.5014917083067685e-05,2.2076148472195354,6.817724004878388e-05,2.9888235537668937,0.8696130832154205,1,1.2130123006657942,-0.02175350522944419,0,4.611497762177683,1.3424050012859239,1,outer_race,normal
N15_M07_F04_K005_9,K005,6203_PU_2905,normal,N15_M07_F04,0.0,0.0,normal,1.625891271419397,2.8381236778799263e-05,1.1832672837853138,1.515431857992524e-05,1.7640903041206066,5.053649296935522e-05,1.305612454676074,0.26211376329955044,0,0.549951162686258,-0.012804638865774223,0,2.681533698424658,0.7359262435862067,1,normal,inner_race
N15_M07_F04_K006_1,K006,6203_PU_2905,normal,N15_M07_F04,0.3333333333333333,0.0,normal,0.9201131676523977,3.8498151799502225e-05,0.9314786359544731,3.983559886021588e-05,1.189279002503027,0.00012674940807729825,-0.8117379578040942,0.7132238147166715,0,-0.6004009616982461,1.5716078953718986,0,0.18028506895798105,3.3560825140221353,1,normal,normal
N15_M07_F04_K006_10,K006,6203_PU_2905,normal,N15_M07_F04,0.3333333333333333,0.0,normal,1.3170945099966787,8.032793986063415e-05,1.0517803343015746,5.053926382902264e-05,1.1905470691656461,0.00011565161111355643,0.3792151257122047,2.578400877527796,1,-0.050776046306404615,2.2587286908194844,1,0.18580296673247257,2.9745466252375534,1,outer_race,normal
N15_M07_F04_K006_11,K006,6203_PU_2905,normal,N15_M07_F04,0.3333333333333333,0.0,normal,1.113017749141099,5.4438532316162506e-05,1.1691359632639322,6.660243439243944e-05,1.6200612377158852,0.000189948003581159,-0.23301981253380988,1.4240003567518587,0,0.4853890995345829,3.2899024586000394,1,2.054801927608068,5.0,1,inner_race,normal
N15_M07_F04_K006_12,K006,6203_PU_2905,normal,N15_M07_F04,0.3333333333333333,0.0,normal,0.8256134753060749,3.238097642208399e-05,0.8582534229324538,3.1621908954667604e-05,1.0639643412361146,8.30633649772759e-05,-1.0952391906997971,0.4404608930762618,0,-0.9349465422240977,1.0443308217800384,0,-0.3650123597179753,1.8541814307616664,0,normal,normal
N15_M07_F04_K006_13,K006,6203_PU_2905,normal,N15_M07_F04,0.3333333333333333,0.0,normal,1.21586884181843,6.409920776417671e-05,1.0192038381721733,4.541542926983008e-05,0.9612738259408137,8.05425507745375e-05,0.07553581187852862,1.8547668294522484,0,-0.19960897364567376,1.9298045990888082,0,-0.8118624997879124,1.7675172855763763,0,normal,normal
N15_M07_F04_K006_14,K006,6203_PU_2905,normal,N15_M07_F04,0.3333333333333333,0.0,normal,1.406379500747452,8.955979243688407e-05,1.0246935470176766,4.632178596818272e-05,1.2707801977710271,0.00014842238702672403,0.6470721348563263,2.9900462735625664,1,-0.17452802465499584,1.9879880845908529,0,0.53493145880855,4.101187088659322,1,outer_race,normal
N15_M07_F04_K006_15,K006,6203_PU_2905,normal,N15_M07_F04,0.3333333333333333,0.0,normal,1.0467460256496288,4.844739801547599e-05,0.9058418889875869,3.4426393843444455e-05,1.28070063722887,0.00014534034323860362,-0.4318364948897712,1.1568575669884846,0,-0.717528110160788,1.224364473170746,0,0.5780995133123655,3.995228192509446,1,normal,normal
N15_M07_F04_K006_16,K006,6203_PU_2905,normal,N15_M07_F04,0.3333333333333333,0.0,normal,0.9133697211784282,3.94756212481708e-05,0.9534089465453494,4.321550240449774e-05,1.0036178083747436,8.876615411256112e-05,-0.8319684510667628,0.7568088692856981,0,-0.5002074875525206,1.7885804948180835,0,-0.6276058094079942,2.050240047475491,1,normal,normal
N15_M07_F04_K006_17,K006,6203_PU_2905,normal,N15_M07_F04,0.3333333333333333,0.0,normal,0.9501103759640832,3.737844398498539e-05,1.0111632156860937,4.945435622872635e-05,1.0369511511259026,6.305113796283101e-05,-0.721745648531534,0.6632963962550953,0,-0.23634433577546138,2.1890831464685365,1,-0.48255824747374954,1.1661725542737469,0,inner_race,normal
N15_M07_F04_K006_18,K006,6203_PU_2905,normal,N15_M07_F04,0.3333333333333333,0.0,normal,0.9492482257478905,3.96363551616173e-05,1.1005791360013342,5.265484723563066e-05,1.041431499850166,9.468153340143672e-05,-0.7243321188486668,0.7639759438149343,0,0.17217207183294195,2.3945383744578046,1,-0.4630623432099326,2.253607391629722,1,inner_race,normal
N15_M07_F04_K006_19,K006,6203_PU_2905,normal,N15_M07_F04,0.3333333333333333,0.0,normal,1.337230314729446,9.289269477521845e-05,1.2100662396765947,7.266668449245454e-05,1.1778906697211147,0.00013762857327946504,0.4396229992761317,3.1386593381319075,1,0.6723881196595245,3.679196440115606,1,0.13072958582376126,3.7301019683520598,1,inner_race,normal
N15_M07_F04_K006_2,K006,6203_PU_2905,normal,N15_M07_F04,0.3333333333333333,0.0,normal,0.7734376442730387,2.2780873887825238e-05,0.9069756200063345,3.132643644005924e-05,0.9467029254989496,7.19086452349952e-05,-1.2517678741056029,0.012395347504624935,0,-0.7123484092603205,1.0253629906808528,0,-0.8752666894023937,1.470688569528149,0,normal,normal
N15_M07_F04_K006_20,K006,6203_PU_2905,normal,N15_M07_F04,0.3333333333333333,0.0,normal,1.2066571290529569,5.749498735457265e-05,1.0236295810876233,4.854593384663606e-05,1.1296765137018108,9.869447567495284e-05,0.047900463431869385,1.56028672336755,0,-0.17938898831818625,2.130767054587546,1,-0.07907072833987419,2.391570043313607,1,inner_race,normal
N15_M07_F04_K006_3,K006,6203_PU_2905,normal,N15_M07_F04,0.3333333333333333,0.0,normal,1.1432689689019027,5.4246769264704714e-05,0.9718480972224772,3.696491781373525e-05,1.116389785765316,9.79000127391265e-05,-0.14226546311903757,1.4154497027406303,0,-0.4159641495942083,1.3873247876809849,0,-0.1368869368029504,2.3642568636512618,1,normal,normal
N15_M07_F04_K006_4,K006,6203_PU_2905,normal,N15_M07_F04,0.3333333333333333,0.0,normal,1.0580176561470092,5.107778004813967e-05,1.2773105964820535,7.882968190925576e-05,1.148756849504303,9.800659465201281e-05,-0.39802134625371877,1.2741454725973955,0,0.9796088358055455,4.074829496616809,1,0.003955933873352058,2.3679210886316158,1,inner_race,normal
N15_M07_F04_K006_5,K006,6203_PU_2905,normal,N15_M07_F04,0.3333333333333333,0.0,normal,1.4018705627889778,9.866281303475311e-05,1.0831262704229916,5.8139618475624264e-05,0.9467688654471703,8.516036927863555e-05,0.6335452181168201,3.395947092295595,1,0.09243479547991161,2.746632763459648,1,-0.8749797566217579,1.9262752348309187,0,outer_race,normal
N15_M07_F04_K006_6,K006,6203_PU_2905,normal,N15_M07_F04,0.3333333333333333,0.0,normal,0.832281487252288,3.397533074028977e-05,0.9585638948942615,4.337263658465378e-05,1.2959578353758874,0.00014400084596589237,-1.0752350027413138,0.5115526495050849,0,-0.47665596592773535,1.7986677091671381,0,0.644490076349899,3.9491770452287613,1,normal,normal
N15_M07_F04_K006_7,K006,6203_PU_2905,normal,N15_M07_F04,0.3333333333333333,0.0,normal,0.9649077933309259,4.121477761958742e-05,1.1432037263217332,5.669603061471649e-05,1.0987577438207217,9.455564614086326e-05,-0.6773530588520034,0.8343573036183661,0,0.3669119397678626,2.6539617725255953,1,-0.2136114560051782,2.2492794598783594,1,inner_race,normal
N15_M07_F04_K006_8,K006,6203_PU_2905,normal,N15_M07_F04,0.3333333333333333,0.0,normal,1.0756575188368356,4.7424850103536676e-05,1.2567679681156398,6.48255748316709e-05,1.195561604080284,0.00010513413060937524,-0.3451013557594715,1.1112624779531945,0,0.8857552948086476,3.175837121320519,1,0.2076233424755283,2.6129616831947593,1,inner_race,normal
N15_M07_F04_K006_9,K006,6203_PU_2905,normal,N15_M07_F04,0.3333333333333333,0.0,normal,0.9806181788015985,3.980940823123718e-05,0.8115789584476536,3.298083681682139e-05,1.2027535093375636,0.0001019831885444511,-0.6302215440331012,0.7716923256343293,0,-1.1481891559684272,1.1315670718233812,0,0.2389183833305062,2.5046341038402877,1,normal,normal
N15_M07_F04_KA01_1,KA01,6203_PU_2905,outer_race,N15_M07_F04,1.0,0.0,outer_race,1.8156456273345591,3.471093359671929e-06,1.0775449417910745,1.59537662738368e-06,0.8843268452372488,1.6621411225472295e-06,1.8748798513584695,-0.8486216788401609,0,0.06693526123193652,-0.8832196796026681,0,-1.1466915636646626,-0.94434591597536,0,normal,outer_race
N15_M07_F04_KA01_10,KA01,6203_PU_2905,outer_race,N15_M07_F04,1.0,0.0,outer_race,1.401292199721609,2.508763666746379e-06,0.969155409416209,1.3844160188165064e-06,0.9723904420445239,2.2297462581978016e-06,0.6318101157203012,-0.8915316564734121,0,-0.4282662893647268,-0.8967622766093215,0,-0.7634893715709395,-0.9248319772525058,0,normal,outer_race
N15_M07_F04_KA01_11,KA01,6203_PU_2905,outer_race,N15_M07_F04,1.0,0.0,outer_race,1.3601984001989562,2.1974828370093928e-06,0.9891524181995867,1.3606777090736922e-06,1.3152103395409251,3.2780368430326113e-06,0.5085277796641644,-0.9054115705401469,0,-0.33690553210473884,-0.8982861552359974,0,0.7282659163883396,-0.8887923487301793,0,normal,outer_race
N15_M07_F04_KA01_12,KA01,6203_PU_2905,outer_race,N15_M07_F04,1.0,0.0,outer_race,1.327660501282622,2.350923826934106e-06,1.2679197684298265,2.1345338048945276e-06,1.5017439072110417,4.367684179926047e-06,0.4109133406159353,-0.8985696851716543,0,0.9367047609289586,-0.84860853381642,0,1.539952863341958,-0.851330898813437,0,normal,outer_race
N15_M07_F04_KA01_13,KA01,6203_PU_2905,outer_race,N15_M07_F04,1.0,0.0,outer_race,1.388645807045168,2.5169402109074204e-06,1.2273647549701872,1.8303737116143694e-06,1.5616113212035425,4.473431506835165e-06,0.5938706491841041,-0.8911670669469256,0,0.7514202125998344,-0.8681340632352814,0,1.8004614629068298,-0.8476953664198743,0,normal,outer_race
N15_M07_F04_KA01_14,KA01,6203_PU_2905,outer_race,N15_M07_F04,1.0,0.0,outer_race,1.2971109886298187,2.301964214938554e-06,0.8987830780981483,9.81033094908929e-07,1.2504801930536862,3.4261398121173917e-06,0.31926410572009695,-0.9007527788360252,0,-0.7497778488692206,-0.9226574065814479,0,0.4465974980208465,-0.8837006536734024,0,normal,outer_race
N15_M07_F04_KA01_15,KA01,6203_PU_2905,outer_race,N15_M07_F04,1.0,0.0,outer_race,1.21379852789762,1.8875623692767315e-06,1.1072221287246524,1.7934026607289182e-06,1.098332953785198,3.304421732365666e-06,0.06932482288525472,-0.9192308264939629,0,0.20252205328513964,-0.8705074164714839,0,-0.21545989825252898,-0.887885251381484,0,normal,outer_race
N15_M07_F04_KA01_16,KA01,6203_PU_2905,outer_race,N15_M07_F04,1.0,0.0,outer_race,1.282441495108665,2.221815245024942e-06,0.9207208000057114,1.1422075986920844e-06,1.2373087945634087,3.6304229755782825e-06,0.27525529049600755,-0.9043265961375219,0,-0.6495505144840892,-0.9123108240260246,0,0.38928313706577217,-0.8766775157849168,0,normal,outer_race
N15_M07_F04_KA01_17,KA01,6203_PU_2905,outer_race,N15_M07_F04,1.0,0.0,outer_race,1.4803272375717524,2.771895708624497e-06,1.0929796412938018,1.6033208212423598e-06,0.9415162258353316,2.6210925835659845e-06,0.868917032326534,-0.8797986816784057,0,0.137452099521355,-0.8827097028032005,0,-0.8978362272465035,-0.9113777152435903,0,normal,outer_race
N15_M07_F04_KA01_18,KA01,6203_PU_2905,outer_race,N15_M07_F04,1.0,0.0,outer_race,1.747534174920385,3.291225425781451e-06,1.004352683605251,1.3421641455696948e-06,1.4165708927705916,3.2282508815228943e-06,1.6705439402639743,-0.8566419333089967,0,-0.267459757836307,-0.8994746317548821,0,1.1693288254408112,-0.8905039615066308,0,normal,outer_race
N15_M07_F04_KA01_19,KA01,6203_PU_2905,outer_race,N15_M07_F04,1.0,0.0,outer_race,1.5945650293957907,2.8829448145050947e-06,1.4190295294457,2.4796374938959134e-06,1.0481116602220877,2.2772487282353347e-06,1.2116330139480098,-0.8748470370554047,0,1.627083124280069,-0.8264546340083093,0,-0.4339941221644056,-0.9231988696020014,0,normal,outer_race
N15_M07_F04_KA01_2,KA01,6203_PU_2905,outer_race,N15_M07_F04,1.0,0.0,outer_race,1.4518647882204563,2.5986339032271813e-06,1.0462621323097636,1.4991825418277175e-06,1.3329602494842814,4.170667751797651e-06,0.7835290349481705,-0.8875243709603124,0,-0.0759871725376684,-0.8893948501425897,0,0.8055033294211715,-0.8581042105127515,0,normal,outer_race
N15_M07_F04_KA01_20,KA01,6203_PU_2905,outer_race,N15_M07_F04,1.0,0.0,outer_race,1.4547060552044337,2.5392512047952653e-06,1.0822369709728332,1.4633525463262943e-06,1.1105455815114245,2.0259905906239593e-06,0.7920529007189865,-0.8901722267630044,0,0.08837183426018683,-0.8916949534325908,0,-0.16231755697209718,-0.9318369801352105,0,normal,outer_race
N15_M07_F04_KA01_3,KA01,6203_PU_2905,outer_race,N15_M07_F04,1.0,0.0,outer_race,1.6524571909252592,3.42561767154444e-06,1.1319694443327795,1.8099260044860952e-06,1.2276222658873701,3.3713477120239487e-06,1.3853108192518928,-0.8506494254375614,0,0.3155856378743404,-0.8694467019275428,0,0.3471329279327056,-0.8855843746205262,0,normal,outer_race
N15_M07_F04_KA01_4,KA01,6203_PU_2905,outer_race,N15_M07_F04,1.0,0.0,outer_race,1.0187380543310043,1.313522146253445e-06,1.3074646060661257,2.3029829747220372e-06,1.0138831614382555,2.468409715718383e-06,-0.5158610478019429,-0.9448270990724724,0,1.1173740975938864,-0.8377949547384429,0,-0.5829368890008182,-0.9166268645906849,0,normal,outer_race
N15_M07_F04_KA01_5,KA01,6203_PU_2905,outer_race,N15_M07_F04,1.0,0.0,outer_race,1.3809605496080515,2.334413510498742e-06,1.155730937843121,1.4164744921535865e-06,1.2749924320604864,2.7449075773434367e-06,0.5708147015461099,-0.8993058749766323,0,0.4241452761807265,-0.8947042858403275,0,0.5532606830493636,-0.907121026835064,0,normal,outer_race
N15_M07_F04_KA01_6,KA01,6203_PU_2905,outer_race,N15_M07_F04,1.0,0.0,outer_race,1.3997783590963224,2.3912947262140914e-06,1.131084816729838,1.8877822928783538e-06,1.1242830232498695,2.8262193127949636e-06,0.6272685593086306,-0.8967695594996801,0,0.31154402102187373,-0.8644487246023381,0,-0.10254010092005157,-0.9043255760482571,0,normal,outer_race
N15_M07_F04_KA01_7,KA01,6203_PU_2905,outer_race,N15_M07_F04,1.0,0.0,outer_race,1.2005091356851796,1.6778214135180527e-06,1.191782556153862,1.869214819775279e-06,0.7976966237742622,1.1380488988289785e-06,0.029456343072071376,-0.9285831095904359,0,0.5888550677799184,-0.8656406618430138,0,-1.523656529549848,-0.9623639057651111,0,normal,outer_race
N15_M07_F04_KA01_8,KA01,6203_PU_2905,outer_race,N15_M07_F04,1.0,0.0,outer_race,1.1661910866645164,1.7648802425619396e-06,1.2450928632212335,1.7426864132865646e-06,0.9221188866455062,1.643161382313014e-06,-0.07349858690037268,-0.9247011838486524,0,0.8324149959770842,-0.8737631413457455,0,-0.9822423061237234,-0.9449984285490555,0,normal,outer_race
N15_M07_F04_KA01_9,KA01,6203_PU_2905,outer_race,N15_M07_F04,1.0,0.0,outer_race,1.6598786516976791,3.477258753288487e-06,1.0853035806896605,1.7489082198632557e-06,1.0505394587360506,2.7280403534352954e-06,1.4075753708777057,-0.8483467658824381,0,0.10238231897743431,-0.8733637330405943,0,-0.42342973748967455,-0.9077009123101856,0,normal,outer_race
N15_M07_F04_KA03_1,KA03,6203_PU_2905,outer_race,N15_M07_F04,0.0,0.0,normal,1.3357510303118239,1.5198005268602783e-06,0.9114576842222812,7.21895318204514e-07,1.554329073316142,4.2907952736579826e-06,0.43518511227579804,-0.935629211110444,0,-0.6918711076152279,-0.9392927324981846,0,1.768773302815789,-0.8539742952718966,0,normal,normal
N15_M07_F04_KA03_10,KA03,6203_PU_2905,outer_race,N15_M07_F04,0.0,0.0,normal,1.0941946620299554,1.2928119688244732e-06,1.1205508912142688,1.1540893094595882e-06,1.1004785831706059,2.8001770055192136e-06,-0.28948950328534906,-0.9457505593551497,0,0.2634174525711618,-0.9115480786880831,0,-0.20612335155539163,-0.905220895622486,0,normal,normal
N15_M07_F04_KA03_11,KA03,6203_PU_2905,outer_race,N15_M07_F04,0.0,0.0,normal,1.0306212946596234,1.1087623527566953e-06,1.3330407391704677,1.8398003092126511e-06,1.2462353693375183,2.8956348063672503e-06,-0.4802110557192909,-0.9539572737139967,0,1.2342243182197465,-0.8675289236630908,0,0.4281264633134318,-0.9019391112280725,0,normal,normal
N15_M07_F04_KA03_12,KA03,6203_PU_2905,outer_race,N15_M07_F04,0.0,0.0,normal,1.454434404268037,2.351166208266863e-06,1.218093661959171,1.7634005870028268e-06,1.3732501691972243,3.678393621773379e-06,0.7912379417125223,-0.8985588774644373,0,0.7090631737401875,-0.872433396855196,0,0.9808219186342388,-0.8750283125068775,0,normal,normal
N15_M07_F04_KA03_13,KA03,6203_PU_2905,outer_race,N15_M07_F04,0.0,0.0,normal,1.3113128677887222,1.6565788442734494e-06,1.3386234736833484,1.6515338641829708e-06,1.2302715464620089,3.045146171013572e-06,0.361870067189575,-0.9295303090563357,0,1.2597302755458353,-0.8796146709133903,0,0.3586610753225363,-0.8967989963403968,0,normal,normal
N15_M07_F04_KA03_14,KA03,6203_PU_2905,outer_race,N15_M07_F04,0.0,0.0,normal,1.161415780549406,1.3494821374848934e-06,1.0824719629860167,1.007707561628484e-06,1.3505083789206305,3.7945122846421475e-06,-0.08782461418654354,-0.9432236543998442,0,0.08944544724436146,-0.920945041625716,0,0.881862709584461,-0.871036219536817,0,normal,normal
N15_M07_F04_KA03_15,KA03,6203_PU_2905,outer_race,N15_M07_F04,0.0,0.0,normal,1.3186176882180956,1.6345720177956822e-06,1.0036362952923936,8.883435549219602e-07,1.0558770547557657,2.108687886503454e-06,0.3837846951252884,-0.9305115865113306,0,-0.2707327362834265,-0.9286076031385265,0,-0.4002035853743822,-0.9289938945762883,0,normal,normal
N15_M07_F04_KA03_16,KA03,6203_PU_2905,outer_race,N15_M07_F04,0.0,0.0,normal,1.2871479913765327,1.5332246534821457e-06,1.492044178310328,2.143010681361878e-06,0.9760074749730352,1.9964374964512315e-06,0.289374886670666,-0.935030633536329,0,1.9606666958835122,-0.8480643615055216,0,-0.7477501217863313,-0.9328529985475462,0,normal,normal
N15_M07_F04_KA03_17,KA03,6203_PU_2905,outer_race,N15_M07_F04,0.3333333333333333,0.0,normal,1.1041987178305022,1.021735753770828e-06,1.0771096238618667,1.090452325994452e-06,1.4175398331747542,3.3285312473881596e-06,-0.2594771076574518,-0.9578377623276535,0,0.06494641499537664,-0.9156332490316877,0,1.1735450975480688,-0.8870563800953786,0,normal,normal
N15_M07_F04_KA03_18,KA03,6203_PU_2905,outer_race,N15_M07_F04,0.0,0.0,normal,1.6241319159823993,2.5900231471888388e-06,0.6692953533209837,4.1480216534722453e-07,1.5778302915805031,5.408842575470955e-06,1.300334348228249,-0.8879083218575226,0,-1.7982432741052916,-0.959006549408817,0,1.871037106274613,-0.8155364708645749,0,normal,normal
N15_M07_F04_KA03_19,KA03,6203_PU_2905,outer_race,N15_M07_F04,0.0,0.0,normal,0.9788442798581625,1.0813266707738632e-06,1.0811752447561018,1.267325443065417e-06,1.4890103652910962,3.996911977067719e-06,-0.6355432813320276,-0.9551806221245164,0,0.08352110322265319,-0.904278895429508,0,1.4845438026886766,-0.8640778343012955,0,normal,normal
N15_M07_F04_KA03_2,KA03,6203_PU_2905,outer_race,N15_M07_F04,0.0,0.0,normal,1.0694231955465083,1.0135673591384568e-06,1.100450183866411,9.591118625510916e-07,1.3917210617753326,3.2316027088771596e-06,-0.36380446785639614,-0.9582019884692258,0,0.17158292548488044,-0.924064638091291,0,1.0611966339817052,-0.8903887276063495,0,normal,normal
N15_M07_F04_KA03_20,KA03,6203_PU_2905,outer_race,N15_M07_F04,0.0,0.0,normal,1.2452244262321923,1.449646503789368e-06,0.9788039072932683,9.20492168407558e-07,0.8910480637013197,1.5322122686284488e-06,0.16360323481971378,-0.93875735688313,0,-0.38418499290591573,-0.926543825830928,0,-1.1174446813846963,-0.9488127953858074,0,normal,normal
N15_M07_F04_KA03_3,KA03,6203_PU_2905,outer_race,N15_M07_F04,0.0,0.0,normal,1.052910016153268,9.58004868747279e-07,0.8104124952201758,6.356227311753743e-07,1.1533347403609517,2.6936544115347984e-06,-0.4133443827574386,-0.9606795023997011,0,-1.153518401203689,-0.9448309933459913,0,0.023876285471899097,-0.9088830812530455,0,normal,normal
N15_M07_F04_KA03_4,KA03,6203_PU_2905,outer_race,N15_M07_F04,0.0,0.0,normal,1.3094901021783152,1.604165630630275e-06,1.0173099670776473,8.964597871142801e-07,0.9421692996976987,1.7369646002704544e-06,0.35640172877492193,-0.9318673977294267,0,-0.20826154259851248,-0.9280865823539376,0,-0.8949944249044315,-0.9417735277645868,0,normal,normal
N15_M07_F04_KA03_5,KA03,6203_PU_2905,outer_race,N15_M07_F04,0.0,0.0,normal,1.1901645970298418,1.344614158538636e-06,1.0433387459959207,1.1719974351632187e-06,1.0798558795150495,2.4165992970608387e-06,-0.0015775088877613742,-0.9434407160464282,0,-0.08934330946241613,-0.9103984681935176,0,-0.2958615127731674,-0.9184080770417138,0,normal,normal
N15_M07_F04_KA03_6,KA03,6203_PU_2905,outer_race,N15_M07_F04,0.0,0.0,normal,0.9774134426513658,9.228691663268467e-07,0.8931025187623605,7.114432452127903e-07,1.3934353118968086,3.1726979864080643e-06,-0.6398358255946407,-0.9622461922941029,0,-0.7757307405341614,-0.9399637023696331,0,1.0686560658941235,-0.8924138381498459,0,normal,normal
N15_M07_F04_KA03_7,KA03,6203_PU_2905,outer_race,N15_M07_F04,0.3333333333333333,0.0,normal,1.235338440874296,1.385058860875156e-06,1.0670949735642705,1.0973206163696053e-06,1.256348903335224,2.736736597783719e-06,0.13394505321335293,-0.9416372995194294,0,0.01919227022333982,-0.9151923397581171,0,0.4721347543467483,-0.9074019404216743,0,normal,normal
N15_M07_F04_KA03_8,KA03,6203_PU_2905,outer_race,N15_M07_F04,0.0,0.0,normal,1.3936719745435031,1.6118564103787523e-06,1.1702310537616865,1.2930373493811096e-06,1.228193851118611,2.739968910346621e-06,0.6089492663429439,-0.9315244682849594,0,0.49039226266897173,-0.902628321951022,0,0.3496201385568556,-0.9072908153713112,0,normal,normal
N15_M07_F04_KA03_9,KA03,6203_PU_2905,outer_race,N15_M07_F04,0.0,0.0,normal,1.4297399946998308,2.02712068904124e-06,0.8267327453706995,6.533337809547614e-07,1.2590118769115415,3.1580501566077164e-06,0.7171541496451259,-0.913007965011404,0,-1.0789557289272387,-0.9436940341223898,0,0.4837224858150163,-0.8929174221296122,0,normal,normal
N15_M07_F04_KA04_1,KA04,6203_PU_2855,outer_race,N15_M07_F04,0.6666666666666666,0.0,outer_race,16.419037136033346,0.00019435091996780791,1.2191949889978846,2.0882842370178176e-06,1.2928548676974068,1.7014215120337988e-06,5.0,5.0,1,0.7140948298912525,-0.8515775206037647,0,0.6309877432690463,-0.9429954787342095,0,outer_race,normal
N15_M07_F04_KA04_10,KA04,6203_PU_2855,outer_race,N15_M07_F04,0.0,0.0,normal,14.61848691390276,0.00016791818348037223,1.0757088855653565,1.669792303104621e-06,1.2922657985815278,1.666254997252599e-06,5.0,5.0,1,0.05854683229385702,-0.8784425720937769,0,0.6284244528211947,-0.9442044833246105,0,outer_race,normal
N15_M07_F04_KA04_11,KA04,6203_PU_2855,outer_race,N15_M07_F04,0.0,0.0,normal,14.177412875967446,0.0001517850574178321,1.0912808951018385,1.7842277858026788e-06,1.0409636516407867,1.1577277787417867e-06,5.0,5.0,1,0.12969100184062105,-0.8710963967297246,0,-0.465098149898519,-0.9616873571706153,0,outer_race,normal
N15_M07_F04_KA04_12,KA04,6203_PU_2855,outer_race,N15_M07_F04,0.3333333333333333,0.0,normal,12.948150843381447,0.0001689168191151418,1.4026758402256623,3.489915126548772e-06,0.8741973383825167,1.1977023994828792e-06,5.0,5.0,1,1.552367678219001,-0.7615999536166524,0,-1.190769359397406,-0.9603130526574666,0,outer_race,normal
N15_M07_F04_KA04_13,KA04,6203_PU_2855,outer_race,N15_M07_F04,0.3333333333333333,0.0,normal,13.072090069441547,0.0001669896874216798,1.3039574734286985,2.7537978103792816e-06,1.2268805239817835,2.4480963483659803e-06,5.0,5.0,1,1.1013509864857436,-0.8088549375219931,0,0.3439052931949307,-0.9173252264991184,0,outer_race,outer_race
N15_M07_F04_KA04_14,KA04,6203_PU_2855,outer_race,N15_M07_F04,0.0,0.0,normal,13.346700255026624,0.00015562017099780425,0.9072580720291507,1.455665716772292e-06,1.02455571737066,1.3909797194666966e-06,5.0,5.0,1,-0.7110579647256583,-0.8921884087540165,0,-0.5364960555939042,-0.9536682893496808,0,outer_race,normal
N15_M07_F04_KA04_15,KA04,6203_PU_2855,outer_race,N15_M07_F04,0.0,0.0,normal,13.08459241244378,0.00015944578301713188,1.3558506407763966,3.0855188115260825e-06,1.1877988553547068,2.0021696896106626e-06,5.0,5.0,1,1.3384363984522527,-0.7875601381388927,0,0.17384431872268324,-0.932655929037362,0,outer_race,normal
N15_M07_F04_KA04_16,KA04,6203_PU_2855,outer_race,N15_M07_F04,0.0,0.0,normal,14.12541236996517,0.00016159946787197086,0.9853376763467729,1.6681788511964411e-06,1.083301530375816,1.5342079431190818e-06,5.0,5.0,1,-0.35433402394568525,-0.8785461474917173,0,-0.28086801931042615,-0.9487441852424613,0,outer_race,normal
N15_M07_F04_KA04_17,KA04,6203_PU_2855,outer_race,N15_M07_F04,0.0,0.0,normal,14.07494057803538,0.000158363573156159,1.085524368563854,2.6543060669171503e-06,1.0788505313210242,1.7804960931604696e-06,5.0,5.0,1,0.10339103721117901,-0.8152418009101311,0,-0.3002362106703142,-0.9402769400288249,0,outer_race,normal
N15_M07_F04_KA04_18,KA04,6203_PU_2855,outer_race,N15_M07_F04,0.3333333333333333,0.0,normal,13.78063276853261,0.00015146312001375085,1.243279789351431,2.7191356019999887e-06,1.3253223308121558,2.1212671804133604e-06,5.0,5.0,1,0.8241315670148912,-0.8110800748243058,0,0.7722674943621348,-0.9285614256729664,0,outer_race,normal
N15_M07_F04_KA04_19,KA04,6203_PU_2855,outer_race,N15_M07_F04,0.3333333333333333,0.0,normal,13.625749091426426,0.00014020293789262782,1.0275779148050133,1.4457776500308094e-06,1.0701699783236052,1.56489246987088e-06,5.0,5.0,1,-0.16135015249811385,-0.8928231722957236,0,-0.33800899145368885,-0.94768926882757,0,outer_race,normal
N15_M07_F04_KA04_2,KA04,6203_PU_2855,outer_race,N15_M07_F04,0.0,0.0,normal,14.034948477669811,0.00016114288735203871,1.5499301837951807,3.4897435371476536e-06,1.0717493572890977,1.415981945424008e-06,5.0,5.0,1,2.225131714284064,-0.7616109687825914,1,-0.3311364413459756,-0.9528087271741082,0,outer_race,normal
N15_M07_F04_KA04_20,KA04,6203_PU_2855,outer_race,N15_M07_F04,0.0,0.0,normal,13.08459241244378,0.00015944578301713188,1.3558506407763966,3.0855188115260825e-06,1.1877988553547068,2.0021696896106626e-06,5.0,5.0,1,1.3384363984522527,-0.7875601381388927,0,0.17384431872268324,-0.932655929037362,0,outer_race,normal
N15_M07_F04_KA04_3,KA04,6203_PU_2855,outer_race,N15_M07_F04,0.3333333333333333,0.0,normal,14.775261489556657,0.00017561813248514018,1.3514917063382037,2.4114438627214806e-06,0.7811406657828295,9.344785052993975e-07,5.0,5.0,1,1.318521642428793,-0.8308323179355986,0,-1.595698549459765,-0.9693625390325329,0,outer_race,normal
N15_M07_F04_KA04_4,KA04,6203_PU_2855,outer_race,N15_M07_F04,0.0,0.0,normal,13.574493308377129,0.00017381189809508686,1.0162573849102918,1.7646229328487192e-06,1.2080756669014956,2.185482990895569e-06,5.0,5.0,1,-0.21307049702413103,-0.872354928475217,0,0.2620773561536379,-0.9263537229724755,0,outer_race,normal
N15_M07_F04_KA04_5,KA04,6203_PU_2855,outer_race,N15_M07_F04,0.3333333333333333,0.0,normal,13.625749091426426,0.00014020293789262782,1.0275779148050133,1.4457776500308094e-06,1.0701699783236052,1.56489246987088e-06,5.0,5.0,1,-0.16135015249811385,-0.8928231722957236,0,-0.33800899145368885,-0.94768926882757,0,outer_race,normal
N15_M07_F04_KA04_6,KA04,6203_PU_2855,outer_race,N15_M07_F04,0.0,0.0,normal,13.08459241244378,0.00015944578301713188,1.3558506407763966,3.0855188115260825e-06,1.1877988553547068,2.0021696896106626e-06,5.0,5.0,1,1.3384363984522527,-0.7875601381388927,0,0.17384431872268324,-0.932655929037362,0,outer_race,normal
N15_M07_F04_KA04_7,KA04,6203_PU_2855,outer_race,N15_M07_F04,0.0,0.0,normal,12.695445737502833,0.00017081871735012593,1.0268152713406375,2.2209274067255403e-06,1.2515428254733192,2.5493305897395544e-06,5.0,5.0,1,-0.16483445783495318,-0.8430625044344552,0,0.4512214639654169,-0.9138448513954747,0,outer_race,normal
N15_M07_F04_KA04_8,KA04,6203_PU_2855,outer_race,N15_M07_F04,0.0,0.0,normal,14.264169420090319,0.00017315540466997193,1.165300884844312,1.8367001950762843e-06,1.0372243693825418,1.365563122610426e-06,5.0,5.0,1,0.46786769559044983,-0.8677279352070402,0,-0.4813693585496089,-0.9545420973588847,0,outer_race,normal
N15_M07_F04_KA04_9,KA04,6203_PU_2855,outer_race,N15_M07_F04,0.0,0.0,normal,14.395032912068098,0.00016561597054984118,1.2982714937093547,2.964841628365141e-06,1.2542310145520725,2.1109672028185083e-06,5.0,5.0,1,1.0753733305997295,-0.7953069988943041,0,0.46291891881722225,-0.9289155329898466,0,outer_race,normal
N15_M07_F04_KA05_1,KA05,6203_PU_2905,outer_race,N15_M07_F04,0.3333333333333333,0.3333333333333333,normal,1.3338212831555183,2.4257520064653843e-05,1.0460638124058612,1.4607423014870014e-05,0.7166316306236802,1.2909893942497566e-05,0.42939582678283955,0.07823853501691483,0,-0.0768932408800153,-0.04791254973393326,0,-1.8764048183274356,-0.5576546309383601,0,normal,normal
N15_M07_F04_KA05_10,KA05,6203_PU_2905,outer_race,N15_M07_F04,0.3333333333333333,0.0,normal,0.9630719216865326,1.1887439373340696e-05,1.2677486461042369,2.028307030700969e-05,1.0167406639456271,2.245097215665701e-05,-0.6828607156676082,-0.4733394633425566,0,0.935922950738279,0.3164351100087937,0,-0.5705026793564576,-0.22963783911059202,0,normal,normal
N15_M07_F04_KA05_11,KA05,6203_PU_2905,outer_race,N15_M07_F04,0.3333333333333333,0.0,normal,1.0142581859243507,1.3181598800956724e-05,1.059328205996353,1.4602578290197836e-05,1.166276854483592,2.714480398136437e-05,-0.5293007552228127,-0.41563330244873375,0,-0.01629192514577457,-0.048223556391949245,0,0.08019293255339968,-0.06826659552989704,0,normal,normal
N15_M07_F04_KA05_12,KA05,6203_PU_2905,outer_race,N15_M07_F04,0.0,0.0,normal,1.350676192146342,2.2693946186668097e-05,0.7771412889529697,6.69233477898034e-06,1.190082188526445,2.707423676153527e-05,0.479960938272637,0.008519268713973462,0,-1.305525265452902,-0.5560209164038439,0,0.1837800732048136,-0.07069265603762821,0,normal,normal
N15_M07_F04_KA05_13,KA05,6203_PU_2905,outer_race,N15_M07_F04,0.3333333333333333,0.0,normal,1.2577883263196714,1.8384066048450714e-05,0.9335475879625337,1.0776681861281286e-05,0.9071970386833162,2.174097334348068e-05,0.2012952217070907,-0.1836569279600379,0,-0.5909484968702009,-0.293826628348926,0,-1.047173617772444,-0.2540471907239139,0,normal,normal
N15_M07_F04_KA05_14,KA05,6203_PU_2905,outer_race,N15_M07_F04,0.3333333333333333,0.0,normal,1.3339593915637762,2.3202885951434173e-05,1.1892177094276526,1.6514492598787574e-05,1.302399585859917,3.82672357356605e-05,0.42981015515833193,0.03121273238170421,0,0.5771369982575869,0.07451160809370214,0,0.6725208744991413,0.31411622321203325,0,normal,normal
N15_M07_F04_KA05_15,KA05,6203_PU_2905,outer_race,N15_M07_F04,0.3333333333333333,0.0,normal,1.2468924610295813,1.9542536735233072e-05,1.4925798265072163,2.3658584467752143e-05,0.8894151453941518,1.5513053302123083e-05,0.16860737726538078,-0.13200108524413212,0,1.9631139231374874,0.5331259333794086,0,-1.1245502039559143,-0.46815950653055594,0,normal,normal
N15_M07_F04_KA05_16,KA05,6203_PU_2905,outer_race,N15_M07_F04,0.3333333333333333,0.0,normal,1.1451615552451107,1.452214285853108e-05,1.0412314560399472,1.3724992490570744e-05,0.9514586440802688,1.8058269930096577e-05,-0.13658766091313532,-0.35585886552781704,0,-0.09897092968450369,-0.1045600966770378,0,-0.8545725336852403,-0.3806564199742,0,normal,normal
N15_M07_F04_KA05_17,KA05,6203_PU_2905,outer_race,N15_M07_F04,0.3333333333333333,0.0,normal,0.9652504312941216,1.2152201198886178e-05,1.419835685009025,2.5369724596813463e-05,1.2097710916848996,3.610522478917141e-05,-0.6763251371456888,-0.4615338170076114,0,1.6307662242642997,0.6429724177405473,0,0.2694548710075028,0.23978752800110673,0,normal,normal
N15_M07_F04_KA05_18,KA05,6203_PU_2905,outer_race,N15_M07_F04,0.3333333333333333,0.0,normal,1.1829280992201976,1.775836493705481e-05,0.7941055912296072,7.971402066638064e-06,1.2457039799935865,3.5862003276415905e-05,-0.023287167405618047,-0.21155674326499474,0,-1.228020098596684,-0.4739113086491517,0,0.4258141621034829,0.23142571201691764,0,normal,normal
N15_M07_F04_KA05_19,KA05,6203_PU_2905,outer_race,N15_M07_F04,0.3333333333333333,0.0,normal,1.530940188989224,3.484060547811031e-05,1.2661416408037809,2.037706542991152e-05,1.156053208093538,3.3469793649063706e-05,1.0207570412310905,0.5501349772867645,0,0.9285809916102461,0.3224691183418945,0,0.03570549563399224,0.14918291830634342,0,normal,normal
N15_M07_F04_KA05_2,KA05,6203_PU_2905,outer_race,N15_M07_F04,0.3333333333333333,0.0,normal,0.9458351760145259,1.213301082737307e-05,1.1901567320939073,1.926282692065234e-05,1.2003875260465882,3.1120483280747994e-05,-0.7345713459119372,-0.4623895096236191,0,0.5814271309870696,0.25094067896793204,0,0.22862298300132017,0.06841497649458861,0,normal,normal
N15_M07_F04_KA05_20,KA05,6203_PU_2905,outer_race,N15_M07_F04,0.3333333333333333,0.0,normal,1.06914936783812,1.406588733436513e-05,1.1295821219714473,1.4912152018398468e-05,1.100954961366867,2.1523675196543662e-05,-0.3646259572284945,-0.3762031555158875,0,0.3046786276750793,-0.028350499173622777,0,-0.2040504272632756,-0.2615177762728952,0,normal,normal
N15_M07_F04_KA05_3,KA05,6203_PU_2905,outer_race,N15_M07_F04,0.3333333333333333,0.0,normal,0.9085378664216308,1.2081809381949114e-05,1.1094569451332852,1.7688406043513615e-05,1.1667051044236636,3.7908738997783286e-05,-0.8464641255680599,-0.46467256593382483,0,0.21273230631055487,0.14987087450174766,0,0.08205643031807303,0.30179131116334146,0,normal,normal
N15_M07_F04_KA05_4,KA05,6203_PU_2905,outer_race,N15_M07_F04,0.3333333333333333,0.0,normal,1.1785132031346206,1.9169921175147357e-05,1.3366917188126237,1.9827469682220574e-05,1.1476295214824237,3.5993762679087615e-05,-0.03653195638102039,-0.14861589560135172,0,1.2509046261828773,0.28718786949595715,0,-0.000949550172890605,0.23595552464264138,0,normal,normal
N15_M07_F04_KA05_5,KA05,6203_PU_2905,outer_race,N15_M07_F04,0.3333333333333333,0.0,normal,1.0679209218420584,1.4042992585850911e-05,0.9017456941277084,9.342766064604482e-06,1.2120399949410523,3.116306898320469e-05,-0.3683113232416762,-0.3772240251345703,0,-0.736242482311989,-0.3858767220027133,0,0.2793278347851358,0.06987904849819568,0,normal,normal
N15_M07_F04_KA05_6,KA05,6203_PU_2905,outer_race,N15_M07_F04,0.3333333333333333,0.0,normal,1.3239303707998102,2.4234462413213486e-05,0.8731769106345028,1.1227457815441415e-05,1.0892166936577319,3.019034485064541e-05,0.39972286407064206,0.07721040160811066,0,-0.8667652881080997,-0.2648891071266337,0,-0.25512862620815385,0.036437351225236836,0,normal,normal
N15_M07_F04_KA05_7,KA05,6203_PU_2905,outer_race,N15_M07_F04,0.3333333333333333,0.3333333333333333,normal,0.9318320700753822,1.0891670352603726e-05,1.3573207990454763,2.1427934251113483e-05,0.9643444618729008,1.993352848205933e-05,-0.7765809831874482,-0.5177404900611756,0,1.3451531416517057,0.3899295463765601,0,-0.7985008558969338,-0.316186107473298,0,normal,normal
N15_M07_F04_KA05_8,KA05,6203_PU_2905,outer_race,N15_M07_F04,0.0,0.0,normal,0.8628665676470889,1.053953200339804e-05,1.0792107778166071,1.7380400308826553e-05,1.1267349350918325,3.275410351727763e-05,-0.9834790638080623,-0.5334422280406926,0,0.07454600153876362,0.13009847448386988,0,-0.09187078889187002,0.12457790242639093,0,normal,normal
N15_M07_F04_KA05_9,KA05,6203_PU_2905,outer_race,N15_M07_F04,0.3333333333333333,0.0,normal,1.05050233826283,1.375332577710415e-05,0.8658077400238422,8.124925485627581e-06,1.244069416060505,3.288998201744468e-05,-0.4205674713560067,-0.39014017681916807,0,-0.9004329738435599,-0.46405588678352605,0,0.41870147871348967,0.12924932725938526,0,normal,normal
N15_M07_F04_KA06_1,KA06,6203_PU_2905,outer_race,N15_M07_F04,0.0,0.0,normal,1.6771188545902074,3.564911886162822e-05,1.0240613081091725,1.2584216365098501e-05,1.000440522398184,2.345870580609954e-05,1.4592963728624704,0.5861863341740987,0,-0.1774165479374466,-0.17779211590096217,0,-0.6414315330357812,-0.1949925347448371,0,normal,normal
N15_M07_F04_KA06_10,KA06,6203_PU_2905,outer_race,N15_M07_F04,0.0,0.0,normal,1.0584873650839655,1.420123027628532e-05,1.1693117688711905,1.78356660636589e-05,1.0617005831571935,2.3340858358331993e-05,-0.3966122087272047,-0.3701682564025095,0,0.48619230633334265,0.15932421805040467,0,-0.374862934639539,-0.19904406234728714,0,normal,normal
N15_M07_F04_KA06_11,KA06,6203_PU_2905,outer_race,N15_M07_F04,0.3333333333333333,0.0,normal,1.8528124397071857,4.222648695423803e-05,1.051698415391174,1.4894384594061081e-05,1.6635120243440165,5.6776130649271864e-05,1.9863811363767048,0.879469103909213,0,-0.051150310966144044,-0.029491077356828124,0,2.2438747941244745,0.9504414050798521,1,normal,normal
N15_M07_F04_KA06_12,KA06,6203_PU_2905,outer_race,N15_M07_F04,0.0,0.0,normal,1.3600137475910075,2.0886027557267144e-05,0.766455049318255,6.1208734225256785e-06,1.2532659886521627,3.006027509436628e-05,0.5079738176277693,-0.07209525302492378,0,-1.3543477146434417,-0.5927058260080779,0,0.4587196803840933,0.0319656276725274,0,normal,normal
N15_M07_F04_KA06_13,KA06,6203_PU_2905,outer_race,N15_M07_F04,0.3333333333333333,0.0,normal,1.6000838581813501,3.071265191405066e-05,1.007926357573935,1.2019812514283109e-05,1.23784603540169,3.1723909278345564e-05,1.2281896262077878,0.3660708292021199,0,-0.2511326379397215,-0.2140239695750207,0,0.3916209006181992,0.08916041588776762,0,normal,normal
N15_M07_F04_KA06_14,KA06,6203_PU_2905,outer_race,N15_M07_F04,0.3333333333333333,0.0,normal,1.983930753275142,4.411271841530492e-05,1.139205101542425,1.4906532874119566e-05,1.1069848513523808,2.8200806948738557e-05,2.379739068331575,0.9635755701239851,1,0.3486433381088075,-0.02871121962758934,0,-0.1778118094426827,-0.03196181972325616,0,outer_race,normal
N15_M07_F04_KA06_15,KA06,6203_PU_2905,outer_race,N15_M07_F04,0.0,0.0,normal,1.1620883935337791,1.5750772503451673e-05,1.2468942916162213,2.173581822532065e-05,1.312505627489201,3.8576374351724815e-05,-0.08580675988885347,-0.30107465698612895,0,0.840645220012018,0.4096941299915474,0,0.7164965630484889,0.32474423136744335,0,normal,normal
N15_M07_F04_KA06_16,KA06,6203_PU_2905,outer_race,N15_M07_F04,0.0,0.0,normal,1.6704977344684782,3.201251211457657e-05,1.3150213466170653,1.9059072138642395e-05,1.0372326066074065,2.171354145013277e-05,1.4394328614471994,0.42403118576282656,0,1.1518987380853674,0.2378606593392412,0,-0.48133351487822434,-0.2549902834695943,0,normal,normal
N15_M07_F04_KA06_17,KA06,6203_PU_2905,outer_race,N15_M07_F04,0.3333333333333333,0.0,normal,1.4974164161412673,2.869290359172546e-05,1.0360812770926686,1.2742752549581942e-05,1.2540487974894325,3.6633342345724245e-05,0.9201849578968843,0.27601088823501096,0,-0.12250066124310234,-0.16761490001211032,0,0.4621260148208827,0.2579439064229183,0,normal,normal
N15_M07_F04_KA06_18,KA06,6203_PU_2905,outer_race,N15_M07_F04,0.0,0.0,normal,1.626532367989443,3.720323027457643e-05,1.0184390400433607,1.5224269564536978e-05,1.1194255762553342,3.498183901405837e-05,1.3075357590117873,0.6554836721440571,0,-0.2031031230435287,-0.00831414179502022,0,-0.1236769202616301,0.20116616994634606,0,normal,normal
N15_M07_F04_KA06_19,KA06,6203_PU_2905,outer_race,N15_M07_F04,0.3333333333333333,0.0,normal,1.236429981065976,1.940984551584552e-05,0.8546995206494266,8.38467542572687e-06,1.3641085390692698,3.516286010493213e-05,0.13721969869010653,-0.13791774488573502,0,-0.9511833308019604,-0.4473812630935449,0,0.9410427950082911,0.20738957113316916,0,normal,normal
N15_M07_F04_KA06_2,KA06,6203_PU_2905,outer_race,N15_M07_F04,0.0,0.0,normal,1.8554120889295238,4.110213660667389e-05,0.9880370785881073,1.2018166739051664e-05,1.154862047449775,2.8166686462822452e-05,1.9941801433504867,0.8293346763626153,0,-0.3420012077935707,-0.21412961996574706,0,0.030522248680944716,-0.03313486244176104,0,normal,normal
N15_M07_F04_KA06_20,KA06,6203_PU_2905,outer_race,N15_M07_F04,0.3333333333333333,0.0,normal,1.2050046483572638,2.0631674736899938e-05,0.8999708572020308,1.2673235752542309e-05,1.1521189373427174,2.7769409097353498e-05,0.04294298364613178,-0.08343676510040697,0,-0.7443512173382836,-0.1720775244513136,0,0.018585809059027132,-0.046793030204553505,0,normal,normal
N15_M07_F04_KA06_3,KA06,6203_PU_2905,outer_race,N15_M07_F04,0.3333333333333333,0.0,normal,1.335144722767696,1.9978264933932334e-05,1.4983645524111506,2.9327694925624348e-05,1.3696673956178103,4.3896181723306096e-05,0.43336617581149434,-0.11257210222738481,0,1.9895427228069769,0.8970539616431362,0,0.9652317458593117,0.5076361549005881,0,normal,normal
N15_M07_F04_KA06_4,KA06,6203_PU_2905,outer_race,N15_M07_F04,0.0,0.0,normal,1.695746158316315,3.593227841280334e-05,1.003039787372422,1.3166456948668739e-05,1.403342079608365,3.571443933509436e-05,1.5151787089924218,0.598812329294989,0,-0.2734580146423325,-0.1404152347961673,0,1.1117646288107605,0.2263525484252051,0,normal,normal
N15_M07_F04_KA06_5,KA06,6203_PU_2905,outer_race,N15_M07_F04,0.0,0.0,normal,1.5489404975269476,3.0045336027599515e-05,0.7802099082323539,9.307445216072423e-06,1.1645003463996575,2.420028360497178e-05,1.0747583774920149,0.33631542419650173,0,-1.2915055996046687,-0.3881441406495002,0,0.07246258974755515,-0.1694975157316008,0,normal,normal
N15_M07_F04_KA06_6,KA06,6203_PU_2905,outer_race,N15_M07_F04,0.0,0.0,normal,1.5268021555022109,3.246310519994269e-05,0.8689165915119943,9.089584852165653e-06,1.380194427580497,5.090410146070557e-05,1.0083428463675492,0.4441229893898954,0,-0.8862294982516248,-0.4021296668202439,0,1.0110393425348199,0.7485644124885891,0,normal,normal
N15_M07_F04_KA06_7,KA06,6203_PU_2905,outer_race,N15_M07_F04,0.0,0.0,normal,1.6085852415481188,2.9898416103770408e-05,0.9870367781963971,1.3728226523531772e-05,1.4728081674025717,5.17532723629016e-05,1.253693970253324,0.329764311109447,0,-0.3465713013642686,-0.10435248822636586,0,1.41404114355693,0.7777584206289333,0,normal,normal
N15_M07_F04_KA06_8,KA06,6203_PU_2905,outer_race,N15_M07_F04,0.3333333333333333,0.0,normal,1.1421463514284407,2.150583375138981e-05,1.0702987800516062,1.7060895412617593e-05,1.077207423695602,2.9804295097655904e-05,-0.14563334115011473,-0.04445829022280883,0,0.03382956872974212,0.10958788684194627,0,-0.3073860713021216,0.023165182334136752,0,normal,normal
N15_M07_F04_KA06_9,KA06,6203_PU_2905,outer_race,N15_M07_F04,0.0,0.0,normal,1.3993067808955781,2.6091863219851913e-05,0.9608573625734923,1.0539947543105082e-05,1.1778797900305105,3.3725779760385845e-05,0.6258538139481084,0.16003131803077753,0,-0.46617775160100045,-0.3090237662908387,0,0.13068224365923492,0.15798357386157633,0,normal,normal
N15_M07_F04_KA07_1,KA07,6203_PU_2905,outer_race,N15_M07_F04,0.3333333333333333,0.0,normal,1.606504883628561,5.116157499323764e-05,0.8339094588643529,1.3699377392412077e-05,1.2591426496492417,5.017683509695064e-05,1.2474528490346692,1.2778818627829696,0,-1.046167326095553,-0.10620445556472198,0,0.4842915336573671,0.7235614123990277,0,normal,normal
N15_M07_F04_KA07_10,KA07,6203_PU_2905,outer_race,N15_M07_F04,0.3333333333333333,0.0,normal,1.1608224940245275,2.574969019163579e-05,1.13551452316527,2.7592474197048994e-05,1.2365698088676997,5.109366020366408e-05,-0.08960448729604602,0.14477393057261922,0,0.3317821145669898,0.7856616253947087,0,0.3860674957702967,0.7550813332529401,0,normal,normal
N15_M07_F04_KA07_11,KA07,6203_PU_2905,outer_race,N15_M07_F04,0.3333333333333333,0.0,normal,1.1563342129622611,2.955546565284834e-05,0.9202561963227617,1.72964800262775e-05,1.511597224116723,9.942052707302094e-05,-0.10306943287567544,0.3144722586179129,0,-0.6516731591635951,0.12471121960740127,0,1.5828288390520406,2.4165312735803215,1,normal,normal
N15_M07_F04_KA07_12,KA07,6203_PU_2905,outer_race,N15_M07_F04,0.3333333333333333,0.0,normal,1.1270503554914626,2.6550585439228774e-05,0.9077505427536983,1.6377325592956563e-05,1.181346164405083,4.47272419727786e-05,-0.19092167335163582,0.18048559718067722,0,-0.7088080033034058,0.06570618467747623,0,0.1457659139510667,0.5362075291969439,0,normal,normal
N15_M07_F04_KA07_13,KA07,6203_PU_2905,outer_race,N15_M07_F04,0.3333333333333333,0.0,normal,0.9524004358975521,1.8198322115805787e-05,1.24126337245325,3.0041502517323545e-05,0.7387368825914312,1.824282373824648e-05,-0.7148754164871359,-0.1919391913609268,0,0.814919120455245,0.9428767748229433,0,-1.780215458388341,-0.3743115659954234,0,normal,normal
N15_M07_F04_KA07_14,KA07,6203_PU_2905,outer_race,N15_M07_F04,0.3333333333333333,0.0,normal,1.3021744483189253,3.220287167782441e-05,0.9217597039098225,1.72194177821701e-05,1.1168869711499398,4.368807938143324e-05,0.3344546003020116,0.4325192586772224,0,-0.6448040522292521,0.11976421588256816,0,-0.1347234715781337,0.5004817158507462,0,normal,normal
N15_M07_F04_KA07_15,KA07,6203_PU_2905,outer_race,N15_M07_F04,0.3333333333333333,0.0,normal,1.4017817202753855,2.8310646447502436e-05,0.7173223326372362,1.1015762178144442e-05,1.309507302685936,5.123536992747765e-05,0.6332786885492457,0.25896616268061684,0,-1.578821397224889,-0.27847888923548975,0,0.7034495756566995,0.759953232207415,0,normal,normal
N15_M07_F04_KA07_16,KA07,6203_PU_2905,outer_race,N15_M07_F04,0.3333333333333333,0.0,normal,1.250709237121705,4.038727093888685e-05,1.0526297558638427,2.000030887006736e-05,1.3058156802944232,6.515145566188134e-05,0.18005779261528876,0.7974590415972914,0,-0.04689527603708905,0.29828326537988087,0,0.6873857553711631,1.2383802710535077,0,normal,normal
N15_M07_F04_KA07_17,KA07,6203_PU_2905,outer_race,N15_M07_F04,0.3333333333333333,0.0,normal,0.9723711418685619,1.8343117376446755e-05,1.0949748593353605,2.0849445136836387e-05,0.9866927160196378,4.031975081558333e-05,-0.6549628429749411,-0.1854828163356314,0,0.1465676944160836,0.3527934905005362,0,-0.7012540900483942,0.3846805133878804,0,normal,normal
N15_M07_F04_KA07_18,KA07,6203_PU_2905,outer_race,N15_M07_F04,0.3333333333333333,0.3333333333333333,normal,1.090886006950562,2.789127147526124e-05,0.7765187850575112,1.2233942260638226e-05,0.824708671628466,2.1866645088687353e-05,-0.2994155440051121,0.2402663648762824,0,-1.308369312175213,-0.20027793005740677,0,-1.4061156122361425,-0.24972666826714235,0,normal,normal
N15_M07_F04_KA07_19,KA07,6203_PU_2905,outer_race,N15_M07_F04,0.3333333333333333,0.0,normal,0.9020258151806492,1.3942519291683713e-05,1.0286666827228816,2.5564702126068143e-05,0.6785839761970479,1.8506962389752307e-05,-0.8660004278528591,-0.38170409764729396,0,-0.15637587546826526,0.6554889824299609,0,-2.041966356907534,-0.36523063078874274,0,normal,normal
N15_M07_F04_KA07_2,KA07,6203_PU_2905,outer_race,N15_M07_F04,0.3333333333333333,0.0,normal,0.9978170889988742,1.9450392747156495e-05,0.8369629579508732,1.342740069632783e-05,0.8902966482407059,3.210633054221201e-05,-0.5786244210761197,-0.13610975662408753,0,-1.032216740192472,-0.1236639747388771,0,-1.1207144098777364,0.1023078394057964,0,normal,normal
N15_M07_F04_KA07_20,KA07,6203_PU_2905,outer_race,N15_M07_F04,0.3333333333333333,0.3333333333333333,normal,1.405236164102853,3.988602084806392e-05,0.8073528956637823,1.3414548874692869e-05,1.0623759900635448,3.791250978425512e-05,0.643642098839164,0.775108458066517,0,-1.1674968584525944,-0.12448899625538572,0,-0.37192395171750986,0.301920948637576,0,normal,normal
N15_M07_F04_KA07_3,KA07,6203_PU_2905,outer_race,N15_M07_F04,0.3333333333333333,0.0,normal,0.8560881896498534,1.5907927823045873e-05,1.2243377393107187,3.083716548662502e-05,1.0515755743909134,4.2577408173335005e-05,-1.0038143524374346,-0.29406715082861573,0,0.7375906220904396,0.9939542864946828,0,-0.4189211572749125,0.46229747731099835,0,normal,normal
N15_M07_F04_KA07_4,KA07,6203_PU_2905,outer_race,N15_M07_F04,0.3333333333333333,0.3333333333333333,normal,1.5899894322078054,5.2782357108560805e-05,0.9099807477017503,1.6864920984738973e-05,1.0416517212426497,4.259611121739336e-05,1.1979061179992483,1.3501520263538977,0,-0.698618818755546,0.09700732633638376,0,-0.4621040661987131,0.46294047722900866,0,normal,normal
N15_M07_F04_KA07_5,KA07,6203_PU_2905,outer_race,N15_M07_F04,0.3333333333333333,0.0,normal,0.8600525510609763,1.5224243149769765e-05,1.1047773797776241,2.5347180425267865e-05,1.3198525302919837,6.533412382834196e-05,-0.9919211777636101,-0.3245524348785012,0,0.19135267702839048,0.641525196706419,0,0.7484660641953377,1.2446602977534826,0,normal,normal
N15_M07_F04_KA07_6,KA07,6203_PU_2905,outer_race,N15_M07_F04,0.3333333333333333,0.0,normal,1.2894186708151079,3.4342846891777956e-05,1.2498184571960642,3.227730368099598e-05,1.104449550896145,4.230871632874128e-05,0.2961869767882486,0.5279400788405285,0,0.8540049171858327,1.0864038264003533,0,-0.1888439808241443,0.45306000593977314,0,normal,normal
N15_M07_F04_KA07_7,KA07,6203_PU_2905,outer_race,N15_M07_F04,0.3333333333333333,0.0,normal,1.3426807133750294,3.341310962986657e-05,0.6703167223127614,1.0078478030767069e-05,0.7583949112411219,2.0224258124403885e-05,0.4559743195548594,0.4864833874314398,0,-1.7935769239755537,-0.33864775950405807,0,-1.6946750087143574,-0.30619098926647204,0,normal,normal
N15_M07_F04_KA07_8,KA07,6203_PU_2905,outer_race,N15_M07_F04,0.3333333333333333,0.0,normal,0.9161265977547868,1.5071246967287558e-05,0.8597995411951758,1.5131689259326615e-05,0.8287921322559003,2.117504580287884e-05,-0.8236977584440333,-0.33137448642335804,0,-0.927882758994018,-0.01425732603558749,0,-1.3883467370085525,-0.27350345469203696,0,normal,normal
N15_M07_F04_KA07_9,KA07,6203_PU_2905,outer_race,N15_M07_F04,0.3333333333333333,0.0,normal,1.1550380768697581,2.98338421264696e-05,0.9349660406232195,2.0812598582214147e-05,0.9617613201366693,3.3688021038509165e-05,-0.10695787072242066,0.32688497781854103,0,-0.5844679821781523,0.35042812929058426,0,-0.8097412050502735,0.15668545067932163,0,normal,normal
N15_M07_F04_KA08_1,KA08,6203_PU_2905,outer_race,N15_M07_F04,0.3333333333333333,0.0,normal,1.2587266813606515,3.259417918284751e-05,0.7201294717933052,1.0346408298193304e-05,1.042945934820296,3.786272481148251e-05,0.20411030823707446,0.4499675369665669,0,-1.5659963611502032,-0.3214480004481725,0,-0.4564723920680628,0.3002093698533388,0,normal,normal
N15_M07_F04_KA08_10,KA08,6203_PU_2905,outer_race,N15_M07_F04,0.3333333333333333,0.0,normal,1.39667344752175,3.816232782391206e-05,1.4380710435326693,3.8357828896917554e-05,1.1064357393393178,3.91510594834232e-05,0.617953753751407,0.6982495295135666,0,1.7140784926977852,1.4767425874956477,0,-0.18020122952929607,0.34450157629006106,0,normal,normal
N15_M07_F04_KA08_11,KA08,6203_PU_2905,outer_race,N15_M07_F04,0.3333333333333333,0.0,normal,1.1402867026129404,2.4456648162334505e-05,1.0237922693719628,1.9116939999753835e-05,1.1284848814164157,3.8479435395139e-05,-0.15121233002147771,0.08711759411739103,0,-0.17864571091027004,0.24157548140006055,0,-0.08425602760640756,0.3214115256890409,0,normal,normal
N15_M07_F04_KA08_12,KA08,6203_PU_2905,outer_race,N15_M07_F04,0.3333333333333333,0.3333333333333333,normal,1.1220170340972184,2.3130022911216216e-05,0.7104460392526347,1.1374424271448728e-05,1.3557528520331241,6.143716120581487e-05,-0.20602175236140696,0.027963792388448584,0,-1.610237264346038,-0.2554546089010119,0,0.9046836442946605,1.1106849598910338,0,normal,normal
N15_M07_F04_KA08_13,KA08,6203_PU_2905,outer_race,N15_M07_F04,0.3333333333333333,0.0,normal,0.7530153041540723,1.0287812800771322e-05,1.009547484053459,2.127686905121919e-05,0.8999387558106942,2.976671247178533e-05,-1.313035360364966,-0.544666307931375,0,-0.2437261630820093,0.38023192966132136,0,-1.0787574958839878,0.02187311323148191,0,normal,normal
N15_M07_F04_KA08_14,KA08,6203_PU_2905,outer_race,N15_M07_F04,0.3333333333333333,0.0,normal,1.030410158214421,1.793259501228558e-05,1.0122956794885394,1.6085340408147202e-05,1.115865877682967,3.772876531466281e-05,-0.4808444698716327,-0.20378787913646115,0,-0.23117042443293268,0.04696222239635072,0,-0.13916668385951328,0.2956039192537985,0,normal,normal
N15_M07_F04_KA08_15,KA08,6203_PU_2905,outer_race,N15_M07_F04,0.3333333333333333,0.0,normal,1.1746185337993507,2.7675618426595397e-05,0.955268658204691,1.7375527938425008e-05,1.098787420990565,4.47031590987445e-05,-0.048216053237374656,0.23065046342086537,0,-0.49171098353418413,0.12978569311078117,0,-0.2134823180077375,0.535379573812726,0,normal,normal
N15_M07_F04_KA08_16,KA08,6203_PU_2905,outer_race,N15_M07_F04,0.3333333333333333,0.0,normal,1.1659019317242973,2.3785482821011687e-05,1.0635993580691734,1.968385078168473e-05,1.169451376568515,4.1063177263399715e-05,-0.07436605831762945,0.057190543132585155,0,0.0032217777271175935,0.2779682672882007,0,0.09400662931228526,0.4102390878905765,0,normal,normal
N15_M07_F04_KA08_17,KA08,6203_PU_2905,outer_race,N15_M07_F04,0.3333333333333333,0.0,normal,1.4074842900900206,3.7900325198685586e-05,1.0239818683847375,2.174949638744493e-05,0.9242934417643869,2.868696238318769e-05,0.6503865280880037,0.6865669150510086,0,-0.17777948588779355,0.4105721983603245,0,-0.9727798912486266,-0.015248074970489925,0,normal,normal
N15_M07_F04_KA08_18,KA08,6203_PU_2905,outer_race,N15_M07_F04,0.3333333333333333,0.0,normal,0.9164626772814639,1.6107544109374486e-05,1.2505366987072828,2.9766268090402413e-05,0.9777847161511628,3.8295719230369934e-05,-0.8226895121968942,-0.2851663235502288,0,0.8572863623795275,0.9252081259151391,0,-0.7400165889756266,0.3150954694088379,0,normal,normal
N15_M07_F04_KA08_19,KA08,6203_PU_2905,outer_race,N15_M07_F04,0.3333333333333333,0.0,normal,1.44712214469013,3.625598389212355e-05,1.2867543647257031,3.091668905906587e-05,1.077209235979324,4.0924234480977566e-05,0.7693009961614953,0.6132462545697707,0,1.02275477965515,0.999059294967167,0,-0.30737818528428745,0.4054623147927414,0,normal,normal
N15_M07_F04_KA08_2,KA08,6203_PU_2905,outer_race,N15_M07_F04,0.3333333333333333,0.0,normal,1.0994639719884887,2.2327081319260294e-05,0.9189310294085159,1.592534880536876e-05,0.8926516030343923,2.4459670920473824e-05,-0.2736814531990155,-0.007839120069643093,0,-0.6577274772915149,0.036691576062928354,0,-1.110466999234299,-0.1605799287291665,0,normal,inner_race
N15_M07_F04_KA08_20,KA08,6203_PU_2905,outer_race,N15_M07_F04,0.3333333333333333,0.0,normal,1.2524203907289368,3.672431650219031e-05,0.7068286586692907,1.0699593114033707e-05,1.2279657898957217,4.619304668212693e-05,0.18519129247416988,0.6341290580108588,0,-1.6267640675780595,-0.29877533344042323,0,0.34862774710668554,0.586601053640851,0,normal,normal
N15_M07_F04_KA08_3,KA08,6203_PU_2905,outer_race,N15_M07_F04,0.3333333333333333,0.0,normal,1.2547130886214901,2.4667238631829838e-05,0.9172922785275913,1.45550692413146e-05,0.8206703869866658,2.0962369891091752e-05,0.19206943845600197,0.09650775676357233,0,-0.6652144731249215,-0.051273395447519604,0,-1.4236879075220463,-0.28081513045001544,0,normal,normal
N15_M07_F04_KA08_4,KA08,6203_PU_2905,outer_race,N15_M07_F04,0.3333333333333333,0.0,normal,0.759312830802898,1.1229662911182725e-05,1.256589338856991,3.186454019333463e-05,0.9004424377594229,3.030576344194395e-05,-1.294142636750664,-0.5026695084262442,0,0.8849391875340182,1.0599065119944813,0,-1.0765657613436272,0.04040537613659774,0,normal,normal
N15_M07_F04_KA08_5,KA08,6203_PU_2905,outer_race,N15_M07_F04,0.3333333333333333,0.3333333333333333,normal,1.1475353004378686,2.526593983065551e-05,0.9678430790234781,1.7373665684765928e-05,1.0439579226697244,3.877389642394864e-05,-0.129466371181727,0.12320365447874106,0,-0.4342619610051202,0.12966614590715686,0,-0.4520688022042302,0.33153492682048746,0,normal,normal
N15_M07_F04_KA08_6,KA08,6203_PU_2905,outer_race,N15_M07_F04,0.3333333333333333,0.0,normal,1.0487939294439546,1.8348424671725436e-05,1.1276202305789798,2.1101746756740273e-05,1.2147159115485089,4.8509667787740706e-05,-0.42569273678720077,-0.18524616571227911,0,0.29571529294740373,0.3689899699555913,0,0.29097188689081416,0.6662451573665925,0,normal,inner_race
N15_M07_F04_KA08_7,KA08,6203_PU_2905,outer_race,N15_M07_F04,0.3333333333333333,0.0,normal,0.9858812750631535,1.8792638457748742e-05,1.2394899422968328,2.7478312298843693e-05,1.2961048676768399,4.9447255192410514e-05,-0.6144321351794578,-0.1654388130318329,0,0.8068168125654445,0.7783330127621912,0,0.6451298764724953,0.6984788741053886,0,normal,normal
N15_M07_F04_KA08_8,KA08,6203_PU_2905,outer_race,N15_M07_F04,0.3333333333333333,0.0,normal,0.9730028727798806,2.1112027412963782e-05,0.9355759326095406,1.707925353402854e-05,0.9213215217453354,3.356571083334711e-05,-0.6530676358290719,-0.062017990705833075,0,-0.5816815557520454,0.11076638476985917,0,-0.9857119801856714,0.15248049603954997,0,normal,normal
N15_M07_F04_KA08_9,KA08,6203_PU_2905,outer_race,N15_M07_F04,0.3333333333333333,0.0,normal,1.3499593416293008,3.2949595856266514e-05,0.9597554235741653,1.6210409681915337e-05,1.2301868364183215,4.441866522178313e-05,0.4778103703677352,0.4658154543892645,0,-0.47121220362947136,0.05499103300730102,0,0.3582924658674354,0.525598837640055,0,normal,normal
N15_M07_F04_KA09_1,KA09,6203_PU_2905,outer_race,N15_M07_F04,0.3333333333333333,0.0,normal,2.3929420924797284,8.584137201318115e-05,1.0581020726696155,1.7107360887045586e-05,1.3335310715614956,5.134766707714614e-05,3.606782416873596,2.8242430791011635,1,-0.02189378642642527,0.11257073373063878,0,0.8079872192373314,0.7638139437474374,0,outer_race,normal
N15_M07_F04_KA09_10,KA09,6203_PU_2905,outer_race,N15_M07_F04,0.3333333333333333,0.0,normal,2.704054061938805,0.00011538260135399544,1.0777214125411687,2.316700302613939e-05,1.1285696905249187,3.818610157920058e-05,4.540125422764245,4.141477182539717,1,0.06774150688284833,0.5015689076155613,0,-0.08388698707812878,0.31132687748901633,0,outer_race,normal
N15_M07_F04_KA09_11,KA09,6203_PU_2905,outer_race,N15_M07_F04,0.0,0.0,normal,3.265804833436412,0.0001568383958771378,0.7086120535167257,9.516612891214305e-06,1.032328908724491,2.5415613377998e-05,5.0,5.0,1,-1.6186162337935055,-0.37471664084039186,0,-0.5026715915208463,-0.12771517581018443,0,outer_race,normal
N15_M07_F04_KA09_12,KA09,6203_PU_2905,outer_race,N15_M07_F04,0.0,0.0,normal,2.8777688434009643,0.00013187054417275367,0.9037672607661555,1.3859288035881591e-05,1.3117623111544596,4.374744577196306e-05,5.0,4.876669355006514,1,-0.7270065080249957,-0.09593900640674473,0,0.7132620772993391,0.5025226982771437,0,outer_race,normal
N15_M07_F04_KA09_13,KA09,6203_PU_2905,outer_race,N15_M07_F04,0.3333333333333333,0.0,normal,3.0783379071920507,0.00015521863790099734,0.7973562738408122,8.828374046089072e-06,1.5972310835383021,7.202329154855369e-05,5.0,5.0,1,-1.2131686361510392,-0.4188980706682629,0,1.955458209614883,1.4746300439741429,0,outer_race,normal
N15_M07_F04_KA09_14,KA09,6203_PU_2905,outer_race,N15_M07_F04,0.3333333333333333,0.0,normal,2.141002538928093,8.339168566900957e-05,0.7200139558327101,1.1027451903568178e-05,0.9436067906354619,3.153826794205775e-05,2.8509580086276696,2.715012337277825,1,-1.5665241213642387,-0.2777284683791635,0,-0.8887392899969708,0.08277817331591872,0,outer_race,normal
N15_M07_F04_KA09_15,KA09,6203_PU_2905,outer_race,N15_M07_F04,0.3333333333333333,0.0,normal,3.1998707041177754,0.00012806350796055278,0.7189981671613667,8.869897250910542e-06,1.713421306008812,6.66122150472246e-05,5.0,4.706914810472101,1,-1.5711649765659026,-0.41623249232574105,0,2.4610513214655962,1.2886003401544512,1,outer_race,inner_race
N15_M07_F04_KA09_16,KA09,6203_PU_2905,outer_race,N15_M07_F04,0.3333333333333333,0.0,normal,2.4539184602159243,0.00011422967774877506,1.0040030128128619,1.8025769397272257e-05,1.1782772022931105,4.216186919559661e-05,3.789712911158808,4.090068682441943,1,-0.26905730618618445,0.17152788419562873,0,0.13241155356383197,0.4480114858016891,0,outer_race,normal
N15_M07_F04_KA09_17,KA09,6203_PU_2905,outer_race,N15_M07_F04,0.3333333333333333,0.0,normal,2.237425285969788,8.619451309917276e-05,0.9326714561952046,1.37639525278541e-05,1.1079559434437685,3.5053586175734686e-05,3.140228449480852,2.8399895287978523,1,-0.5949512986186929,-0.10205906064061265,0,-0.17358617442848923,0.20363279617742402,0,outer_race,normal
N15_M07_F04_KA09_18,KA09,6203_PU_2905,outer_race,N15_M07_F04,0.3333333333333333,0.0,normal,3.16578830200075,0.000157377917522878,1.1639075498518836,2.4285779383547218e-05,1.217972723714615,3.630155467735484e-05,5.0,5.0,1,0.4615019365209776,0.5733886537371289,0,0.3051436628179388,0.2465372368512303,0,outer_race,normal
N15_M07_F04_KA09_19,KA09,6203_PU_2905,outer_race,N15_M07_F04,0.3333333333333333,0.0,normal,2.7081110327720506,0.00012734330639684328,1.1440132401906473,2.2660038631521694e-05,1.3809672672197006,4.0995881207853855e-05,4.55229642781717,4.674801249789735,1,0.37061038291391635,0.4690243745879969,0,1.0144022967476476,0.40792548813305046,0,outer_race,normal
N15_M07_F04_KA09_2,KA09,6203_PU_2905,outer_race,N15_M07_F04,0.3333333333333333,0.0,normal,2.6866718644033747,0.0001289901759299142,0.9177729134457416,1.7592064135657736e-05,1.131525974425873,3.391905026647495e-05,4.4879784336113975,4.74823464309398,1,-0.6630185862018579,0.14368621452277883,0,-0.07102293754610388,0.1646281029115734,0,outer_race,normal
N15_M07_F04_KA09_20,KA09,6203_PU_2905,outer_race,N15_M07_F04,0.3333333333333333,0.3333333333333333,normal,2.6704394193459233,0.0001241108837751456,1.0269990414798384,1.7240067073567587e-05,1.141554951631198,4.242918998958811e-05,4.439280728122219,4.530668544109008,1,-0.16399486331053992,0.12108979525858737,0,-0.027382589106224504,0.45720182124027847,0,outer_race,normal
N15_M07_F04_KA09_3,KA09,6203_PU_2905,outer_race,N15_M07_F04,1.0,0.0,outer_race,3.0890615885095474,0.00014699402328325253,0.9176825269494202,1.6572998041927724e-05,1.4393665492931365,5.1303318559625876e-05,5.0,5.0,1,-0.6634315369006079,0.07826735967464449,0,1.2685224294537367,0.7622892671739108,0,outer_race,normal
N15_M07_F04_KA09_4,KA09,6203_PU_2905,outer_race,N15_M07_F04,0.3333333333333333,0.0,normal,2.2061914670671436,8.439007298499122e-05,0.8635140676815787,1.4041940865139101e-05,1.080833106987867,3.302113059363925e-05,3.0465262802241573,2.7595301129559875,1,-0.9109121232186241,-0.08421362470842692,0,-0.2916091801029791,0.13375814002147748,0,outer_race,normal
N15_M07_F04_KA09_5,KA09,6203_PU_2905,outer_race,N15_M07_F04,0.0,0.0,normal,2.6665878429632266,0.00011690271591241354,1.1293527164827182,2.9338079323118186e-05,1.6172876326771857,7.447770702346153e-05,4.42772591110668,4.209258611483682,1,0.30363053796341666,0.8977205870921767,0,2.042732791559062,1.559011439013637,1,outer_race,normal
N15_M07_F04_KA09_6,KA09,6203_PU_2905,outer_race,N15_M07_F04,0.3333333333333333,0.0,normal,2.7294036045358925,0.00013396814285042855,1.0656034979938183,2.3073842893430245e-05,1.3171089033950918,4.632778065609708e-05,4.616174628864079,4.97020061877635,1,0.01237813421793094,0.4955885014016468,0,0.7365273758008907,0.5912331303202254,0,outer_race,normal
N15_M07_F04_KA09_7,KA09,6203_PU_2905,outer_race,N15_M07_F04,0.3333333333333333,0.0,normal,2.7557591245679776,0.00012566163106346066,0.9469154292673766,1.6529983414463822e-05,1.0888717202228053,3.082792202463288e-05,4.6952417902186445,4.599815876822114,1,-0.5298745573739604,0.07550603959175582,0,-0.2566297524540789,0.0583568884577916,0,outer_race,normal
N15_M07_F04_KA09_8,KA09,6203_PU_2905,outer_race,N15_M07_F04,0.3333333333333333,0.0,normal,2.9011358882195233,0.0001518475640555987,1.0014775354385679,1.9726172602436843e-05,1.19791135733435,4.296477573118559e-05,5.0,5.0,1,-0.2805955081171781,0.280685112707478,0,0.21784811900615406,0.47561495157672007,0,outer_race,normal
N15_M07_F04_KA09_9,KA09,6203_PU_2905,outer_race,N15_M07_F04,0.3333333333333333,0.0,normal,3.007405838799487,0.00013254100733143864,1.2774930968718876,2.7718406127502492e-05,1.4345344815539556,4.980749441475791e-05,5.0,4.906565095888861,1,0.9804426291991528,0.793745814172817,0,1.247496046054342,0.7108636917698703,0,outer_race,normal
N15_M07_F04_KA15_1,KA15,6203_PU_2855,outer_race,N15_M07_F04,0.3333333333333333,0.0,normal,1.738845233550888,2.8034750492514827e-05,1.372923527560058,1.8560470071302767e-05,0.8933855034436079,8.0291465565991e-06,1.6444769179314223,0.24666404902387995,0,1.4164376576438729,0.20585294514782726,0,-1.1072734861847995,-0.7254519242115945,0,normal,normal
N15_M07_F04_KA15_10,KA15,6203_PU_2855,outer_race,N15_M07_F04,0.0,0.0,normal,2.672834543546439,3.794623849595471e-05,0.8575969888622118,5.409153153700862e-06,0.9254975043757063,7.923773355171618e-06,4.446466155364627,0.6886141745020783,1,-0.9379456064540646,-0.638394643686533,0,-0.9675405023432941,-0.7290745943858699,0,outer_race,normal
N15_M07_F04_KA15_11,KA15,6203_PU_2855,outer_race,N15_M07_F04,0.0,0.0,normal,2.572007854886523,4.085947293793335e-05,1.1101848678002193,1.113522869901517e-05,1.0062183392069628,8.91847038988957e-06,4.143983789188018,0.8185143798731618,1,0.21605798200526632,-0.2708097468352675,0,-0.6162897928967153,-0.6948774813505145,0,outer_race,normal
N15_M07_F04_KA15_12,KA15,6203_PU_2855,outer_race,N15_M07_F04,0.0,0.0,normal,2.592098926050152,4.81300554444275e-05,1.2090810963955538,1.2578556266360364e-05,0.9996641991174745,1.2025618038416273e-05,4.204257461024007,1.1427073617876329,1,0.6678872747011378,-0.17815546542270028,0,-0.6448096460555381,-0.5880555288910553,0,outer_race,normal
N15_M07_F04_KA15_13,KA15,6203_PU_2855,outer_race,N15_M07_F04,0.0,0.0,normal,2.4054038069514667,3.458849152412924e-05,1.1964283746231434,1.0535233867354391e-05,0.8472737504716856,6.4419103799188645e-06,3.644167844582552,0.5388932955576369,1,0.6100805169480364,-0.30932636027530436,0,-1.3079253498464154,-0.780020192793123,0,outer_race,normal
N15_M07_F04_KA15_14,KA15,6203_PU_2855,outer_race,N15_M07_F04,0.3333333333333333,0.0,normal,2.4070880541385926,3.9352375020698014e-05,1.0509392663391284,1.0063093939248671e-05,1.4317916794240975,1.6075748916227842e-05,3.649220624567289,0.7513133588560424,1,-0.05461865130741225,-0.33963533985454225,0,1.2355609465723034,-0.4488143543400748,0,outer_race,normal
N15_M07_F04_KA15_15,KA15,6203_PU_2855,outer_race,N15_M07_F04,0.0,0.0,normal,2.4802786800211076,3.571268328806169e-05,1.1871419365833487,9.070284862796364e-06,1.045514357046772,1.0103524220697734e-05,3.868794171939886,0.5890206519100908,1,0.5676533709306356,-0.40336862787575184,0,-0.44529609376671403,-0.6541360109422724,0,outer_race,normal
N15_M07_F04_KA15_16,KA15,6203_PU_2855,outer_race,N15_M07_F04,0.3333333333333333,0.0,normal,1.9909276299028704,2.1874086057127916e-05,1.0282758267897725,6.99124196499308e-06,0.8136688786844924,4.927917653780077e-06,2.4007298578371166,-0.028038036001433723,1,-0.15816158724222296,-0.5368325968874333,0,-1.4541544501869674,-0.8320703935913535,0,outer_race,normal
N15_M07_F04_KA15_17,KA15,6203_PU_2855,outer_race,N15_M07_F04,0.0,0.0,normal,2.2001947566647484,3.217509309909718e-05,0.7944305055494968,5.251016238045512e-06,1.1197538067604673,1.0746463937520301e-05,3.02853601221178,0.43128062060896816,1,-1.2265356556666793,-0.6485462285494179,0,-0.12224864962950623,-0.6320321125654818,0,outer_race,normal
N15_M07_F04_KA15_18,KA15,6203_PU_2855,outer_race,N15_M07_F04,0.3333333333333333,0.0,normal,2.612495903429907,4.0292244081078957e-05,1.1788097145636183,9.956511498706772e-06,1.125348006045633,1.0286299552255215e-05,4.265448858487125,0.7932218239648409,1,0.5295857718398311,-0.3464773898943483,0,-0.09790590748855049,-0.6478522999677865,0,outer_race,normal
N15_M07_F04_KA15_19,KA15,6203_PU_2855,outer_race,N15_M07_F04,0.0,0.0,normal,2.2150025359717027,2.9022069870376497e-05,1.1443436417273478,1.1985351006282753e-05,1.221539551135457,1.2854543194542981e-05,3.0729596879480363,0.29068830883043817,1,0.3721198954075005,-0.21623622293483113,0,0.3206644470697779,-0.559557557878251,0,outer_race,normal
N15_M07_F04_KA15_2,KA15,6203_PU_2855,outer_race,N15_M07_F04,0.3333333333333333,0.0,normal,1.9379061100997248,2.5394593974430023e-05,1.0811352859158019,1.266403843717976e-05,0.9225380619410218,8.054600534074228e-06,2.241664088827969,0.12894030219144606,1,0.0833385424232566,-0.17266794527131438,0,-0.9804182959999416,-0.7245768310781731,0,outer_race,normal
N15_M07_F04_KA15_20,KA15,6203_PU_2855,outer_race,N15_M07_F04,0.0,0.0,normal,2.3882387157509517,4.1174881927829596e-05,0.9436448589802507,9.216981931621721e-06,1.0566893740809677,1.308875618148854e-05,3.592672179387378,0.832578367299996,1,-0.5448168810655023,-0.39395142293568114,0,-0.39666883824409216,-0.5515054498399511,0,outer_race,normal
N15_M07_F04_KA15_3,KA15,6203_PU_2855,outer_race,N15_M07_F04,0.0,0.0,normal,2.762995278651785,5.908590561122145e-05,1.2502063348185493,1.6011558882346607e-05,1.0641694476149404,1.1657536321964592e-05,4.716950417551149,1.6312252668947653,1,0.8557770218890067,0.0422258240836994,0,-0.3641198545645639,-0.6007099670007606,0,outer_race,normal
N15_M07_F04_KA15_4,KA15,6203_PU_2855,outer_race,N15_M07_F04,0.3333333333333333,0.0,normal,2.5822865290626895,4.3441384867894024e-05,0.8582852020661965,5.118405694063213e-06,1.0989470117716251,1.0996576377579002e-05,4.174820046207746,0.9336410188827388,1,-0.9348013522231703,-0.6570591503132623,0,-0.2127878705929446,-0.6234333904564315,0,outer_race,normal
N15_M07_F04_KA15_5,KA15,6203_PU_2855,outer_race,N15_M07_F04,0.0,0.0,normal,2.1222918796436354,2.712888741042582e-05,1.235620929420356,1.2425395480052995e-05,0.8856709376341966,6.0007833686016916e-06,2.794825603921046,0.20627189976673924,1,0.7891403715500562,-0.18798760811640317,0,-1.14084284556138,-0.7951858862077407,0,outer_race,normal
N15_M07_F04_KA15_6,KA15,6203_PU_2855,outer_race,N15_M07_F04,0.3333333333333333,0.0,normal,2.2520250279730076,2.85651747150586e-05,0.8424228241261993,5.4012269564545806e-06,0.9246066220894564,6.6786720449200395e-06,3.1840280085598724,0.270315497890946,1,-1.0072721340406445,-0.6389034651951107,0,-0.9714171103557462,-0.7718804626663716,0,outer_race,normal
N15_M07_F04_KA15_7,KA15,6203_PU_2855,outer_race,N15_M07_F04,0.0,0.0,normal,2.1870418224703587,3.522314072952867e-05,0.9542650283334244,7.601348128518726e-06,1.0936238501732767,1.0089887158634467e-05,2.9890769095658167,0.5671921035533255,1,-0.4962962885685989,-0.49766688742147736,0,-0.23595121239716826,-0.6546048453074818,0,outer_race,normal
N15_M07_F04_KA15_8,KA15,6203_PU_2855,outer_race,N15_M07_F04,0.0,0.0,normal,2.367809005373686,3.963504631848086e-05,1.3858366148651562,1.1496318044359962e-05,0.8050921460821632,7.363978471650009e-06,3.5313825821849774,0.7639175829120931,1,1.4754339529167322,-0.24762964927765294,0,-1.4914754642423775,-0.7483200211241029,0,outer_race,normal
N15_M07_F04_KA15_9,KA15,6203_PU_2855,outer_race,N15_M07_F04,0.3333333333333333,0.0,normal,2.336027276759034,3.399827406240937e-05,1.2033070463438458,1.1907371471127358e-05,1.0706297709502755,9.138761050991713e-06,3.4360366712925896,0.512575685005519,1,0.641507250023666,-0.22124211207474329,0,-0.33600823803415525,-0.6873040148824263,0,outer_race,normal
N15_M07_F04_KA16_1,KA16,6203_PU_2905,outer_race,N15_M07_F04,0.0,0.0,normal,5.886917128951611,3.4924288394635755e-05,0.9645742241567807,1.0561447084742075e-06,1.8505991609992765,6.958287303297093e-06,5.0,0.5538663721536066,1,-0.4491964474190441,-0.9178356234061773,0,3.0579705553472434,-0.7622674505999975,1,outer_race,normal
N15_M07_F04_KA16_10,KA16,6203_PU_2905,outer_race,N15_M07_F04,0.0,0.0,normal,5.719468995294951,3.253051784612238e-05,1.1378284350183716,1.6126707776524672e-06,1.4317282503069284,3.753496248223875e-06,5.0,0.4471288980312209,1,0.3423537326235843,-0.8821094832050875,0,1.2352849394862546,-0.8724463273231096,0,outer_race,normal
N15_M07_F04_KA16_11,KA16,6203_PU_2905,outer_race,N15_M07_F04,0.0,0.0,normal,5.717438544882877,3.941710794842119e-05,0.8457750246801706,9.514545585564006e-07,1.3066039869727946,3.70521592454259e-06,5.0,0.7541997796961727,1,-0.9919568644212827,-0.9245561980221324,0,0.6908160132546235,-0.8741061771353498,0,outer_race,normal
N15_M07_F04_KA16_12,KA16,6203_PU_2905,outer_race,N15_M07_F04,0.0,0.0,normal,6.211522111761478,3.663456867939936e-05,1.1664159137922194,1.5829367882829047e-06,1.5945133784822356,4.5739625334526215e-06,5.0,0.6301272308855989,1,0.47296195194404533,-0.8840182539380079,0,1.943632318182944,-0.8442391674358568,0,outer_race,normal
N15_M07_F04_KA16_13,KA16,6203_PU_2905,outer_race,N15_M07_F04,0.0,0.0,normal,5.572513573197846,3.2757615317607994e-05,0.8552344383211968,8.96836467093234e-07,1.748797450155039,5.330203262990974e-06,5.0,0.45725510269231867,1,-0.9487394411135534,-0.928062401417079,0,2.6149879817444757,-0.8182400452837578,1,outer_race,normal
N15_M07_F04_KA16_14,KA16,6203_PU_2905,outer_race,N15_M07_F04,0.0,0.0,normal,6.20849493621457,3.850594130079392e-05,0.7996346640611866,7.158528666161427e-07,1.6181333495461383,4.516420061265454e-06,5.0,0.713571146123629,1,-1.202759306529692,-0.9396806271262353,0,2.0464128656171603,-0.8462174445966772,1,outer_race,normal
N15_M07_F04_KA16_15,KA16,6203_PU_2905,outer_race,N15_M07_F04,0.0,0.0,normal,5.900884224177127,3.6468042754230966e-05,0.9475659774680918,1.1157249975581919e-06,1.7442621881497467,5.611989533853131e-06,5.0,0.6227018923796144,1,-0.5269023840406734,-0.9140108721880019,0,2.595253126422239,-0.8085523950544428,1,outer_race,normal
N15_M07_F04_KA16_16,KA16,6203_PU_2905,outer_race,N15_M07_F04,0.0,0.0,normal,5.9488941542080385,3.842310558102684e-05,0.9274858024771151,9.068514320213706e-07,1.8693307992092667,5.035919748400507e-06,5.0,0.7098775274931638,1,-0.6186431045135099,-0.9274194916578651,0,3.1394798859198256,-0.8283573435782535,1,outer_race,normal
N15_M07_F04_KA16_17,KA16,6203_PU_2905,outer_race,N15_M07_F04,0.0,0.0,normal,6.003790402622552,3.866082902701396e-05,1.0782868712928348,1.354207395306651e-06,1.3070075424101697,2.930233635621349e-06,5.0,0.7204775410074469,1,0.07032493024936945,-0.8987015164375447,0,0.6925720547273778,-0.9007496233402064,0,outer_race,normal
N15_M07_F04_KA16_18,KA16,6203_PU_2905,outer_race,N15_M07_F04,0.0,0.0,normal,6.347011973952854,4.000237180250932e-05,0.8392216300031857,7.82993560857842e-07,1.5461004560864042,4.756849134813579e-06,5.0,0.7802965104456154,1,-1.0218974973828785,-0.9353705363892115,0,1.7329670869143832,-0.8379516310694032,0,outer_race,normal
N15_M07_F04_KA16_19,KA16,6203_PU_2905,outer_race,N15_M07_F04,0.0,0.0,normal,6.412062614105795,3.894024017881241e-05,1.0148579242721545,1.0639596300256316e-06,1.2519084815578327,2.7770312153232944e-06,5.0,0.7329363961818137,1,-0.21946424246080115,-0.9173339452306716,0,0.4528125892228221,-0.9060166346022919,0,outer_race,normal
N15_M07_F04_KA16_2,KA16,6203_PU_2905,outer_race,N15_M07_F04,0.0,0.0,normal,6.1449329936843275,3.90659457909715e-05,0.6577144768825975,4.5408108979330033e-07,1.723319007535073,6.334002315836857e-06,5.0,0.7385415697993113,1,-1.851153069395515,-0.9564850424400949,0,2.504120433551185,-0.7837300100902914,1,outer_race,normal
N15_M07_F04_KA16_20,KA16,6203_PU_2905,outer_race,N15_M07_F04,0.0,0.0,normal,6.250974553223268,3.642149837610449e-05,0.9300151741394291,8.578338787045674e-07,1.5398671049832986,4.5073967790768425e-06,5.0,0.6206264932320632,1,-0.6070871106664174,-0.9305661690178246,0,1.705843123172278,-0.846527659858394,0,outer_race,normal
N15_M07_F04_KA16_3,KA16,6203_PU_2905,outer_race,N15_M07_F04,0.0,0.0,normal,6.080274733544533,3.7968847555586335e-05,0.9379946159887977,1.114941041572318e-06,1.5469608290886194,5.111487300979098e-06,5.0,0.6896223053435497,1,-0.5706312658064433,-0.9140611981709413,0,1.7367109360463764,-0.8257593745010983,0,outer_race,normal
N15_M07_F04_KA16_4,KA16,6203_PU_2905,outer_race,N15_M07_F04,0.0,0.0,normal,6.693836631394269,4.2934294934039647e-05,0.6824491963779572,5.326005495765104e-07,1.8128346146512349,6.644130388909591e-06,5.0,0.9110300385922018,1,-1.738147032933308,-0.9514444928879943,0,2.893640940515987,-0.773067984970942,1,outer_race,normal
N15_M07_F04_KA16_5,KA16,6203_PU_2905,outer_race,N15_M07_F04,0.0,0.0,normal,6.374368817585581,3.813836563994932e-05,0.7499264157194554,6.526770205631691e-07,1.5885724929562022,4.41137678830778e-06,5.0,0.6971810632847432,1,-1.4298624327904104,-0.9437361947957671,0,1.9177809966483934,-0.8498287720195601,0,outer_race,normal
N15_M07_F04_KA16_6,KA16,6203_PU_2905,outer_race,N15_M07_F04,0.0,0.0,normal,6.187184578554889,3.9216460632978604e-05,0.9719817231498654,1.0445780421800867e-06,1.503029589619007,4.173064840336276e-06,5.0,0.7452529791546254,1,-0.4153536499915927,-0.9185781444929131,0,1.5455474147222157,-0.8580217999848724,0,outer_race,normal
N15_M07_F04_KA16_7,KA16,6203_PU_2905,outer_race,N15_M07_F04,0.0,0.0,normal,5.794907322518811,3.722383192609049e-05,1.1269905901145778,1.6917857934488085e-06,1.4490325145254443,4.243940001709745e-06,5.0,0.6564022932904013,1,0.2928386412315176,-0.877030701989097,0,1.3105831582907412,-0.8555851526236234,0,outer_race,normal
N15_M07_F04_KA16_8,KA16,6203_PU_2905,outer_race,N15_M07_F04,0.0,0.0,normal,5.713729499594611,3.414565536878583e-05,0.7091621005359181,4.880784486830658e-07,2.0842346167176315,8.025981094073894e-06,5.0,0.5191473709949093,1,-1.6161032223353224,-0.9543025850900629,0,4.074617865109334,-0.7255607509960378,1,outer_race,normal
N15_M07_F04_KA16_9,KA16,6203_PU_2905,outer_race,N15_M07_F04,0.0,0.0,normal,5.567224414746486,3.5384242892368476e-05,0.8486301129941335,9.18965818852526e-07,1.6692472558585603,5.165688431680395e-06,5.0,0.5743755982069185,1,-0.978912762014096,-0.9266418097012604,0,2.268831227522805,-0.8238959707424233,1,outer_race,normal
N15_M07_F04_KA22_1,KA22,6203_PU_2905,outer_race,N15_M07_F04,0.0,0.0,normal,1.0602598998766377,8.843987358712178e-06,1.001956529721287,7.779114402724196e-06,1.1190848058580136,2.0716961124082942e-05,-0.39129456391169043,-0.6090460292270267,0,-0.27840711679993313,-0.4862551976785917,0,-0.12515975730199863,-0.2892521429798126,0,normal,normal
N15_M07_F04_KA22_10,KA22,6203_PU_2905,outer_race,N15_M07_F04,0.0,0.0,normal,1.5694429943642514,1.719351987578174e-05,1.152766221178845,9.672353722857028e-06,1.1456153657495307,1.84900073765755e-05,1.1362663357350349,-0.23674300647983557,0,0.4106003124092088,-0.3647188723719393,0,-0.009713999048989315,-0.36581353440852443,0,normal,normal
N15_M07_F04_KA22_11,KA22,6203_PU_2905,outer_race,N15_M07_F04,0.0,0.0,normal,1.4715417089273692,1.499276030430524e-05,0.8890359284654976,5.6378027299593306e-06,1.130409712197106,1.8915639733707778e-05,0.8425602459658419,-0.3348741819828302,0,-0.7943098576917403,-0.6237165050139072,0,-0.07588026961659702,-0.35118053830988377,0,normal,normal
N15_M07_F04_KA22_12,KA22,6203_PU_2905,outer_race,N15_M07_F04,0.0,0.0,normal,1.1625860960482108,1.0763792901185054e-05,1.2418805330957847,1.2012826685792361e-05,0.8175456726286906,1.0829830717028185e-05,-0.08431364099128522,-0.5234425053065859,0,0.8177387553448341,-0.21447242419719095,0,-1.437284869661389,-0.6291660105437409,0,normal,normal
N15_M07_F04_KA22_13,KA22,6203_PU_2905,outer_race,N15_M07_F04,0.0,0.0,normal,1.2111054739364346,1.0045094963570427e-05,1.09152883172278,8.202539536265614e-06,1.1773183098026274,1.6231949481885934e-05,0.06124559956405401,-0.5554890197753992,0,0.13082375512822947,-0.4590734598888379,0,0.1282390042056734,-0.4434442685616338,0,normal,normal
N15_M07_F04_KA22_14,KA22,6203_PU_2905,outer_race,N15_M07_F04,0.0,0.0,normal,1.2683367636085057,1.0039931084608557e-05,0.9794955129328344,5.861737874516884e-06,1.509288838359847,3.0980788965702894e-05,0.2329407742190284,-0.5557192755103969,0,-0.38102523958278045,-0.6093410088539026,0,1.5727840701088793,0.06361236613660316,0,normal,normal
N15_M07_F04_KA22_15,KA22,6203_PU_2905,outer_race,N15_M07_F04,0.0,0.0,normal,1.158779002395622,8.621554713849139e-06,0.8625569711889782,4.698800886433731e-06,1.2978512837550589,2.3808998977054957e-05,-0.09573500880169968,-0.6189642307396098,0,-0.9152848302210604,-0.6839956426298883,0,0.6527292761534537,-0.1829496566175568,0,normal,normal
N15_M07_F04_KA22_16,KA22,6203_PU_2905,outer_race,N15_M07_F04,0.3333333333333333,0.0,normal,1.1021234876197745,8.151946101880387e-06,0.7512736549533904,3.5383252322339074e-06,1.2714328150413192,2.158238569081168e-05,-0.2657028456326357,-0.6399039307032482,0,-1.4237072723883717,-0.7584922713019489,0,0.5377712743241648,-0.2594993431834527,0,normal,normal
N15_M07_F04_KA22_17,KA22,6203_PU_2905,outer_race,N15_M07_F04,0.0,0.0,normal,1.3890869814379152,1.6413945702713067e-05,1.036395852412272,7.754634872035645e-06,1.0146571703320626,1.850944103100075e-05,0.595194182427022,-0.2715039730963203,0,-0.12106345432252717,-0.487826658916207,0,-0.5795688468635432,-0.36514541652551624,0,normal,normal
N15_M07_F04_KA22_18,KA22,6203_PU_2905,outer_race,N15_M07_F04,0.0,0.0,normal,1.3400300469866993,1.2434812319984603e-05,1.2550805771584046,9.73801478863944e-06,0.8585765148645792,1.1473342816651582e-05,0.4480222599192279,-0.4489322762109485,0,0.8780460760291462,-0.3605037662487721,0,-1.25874221119317,-0.6070424339748411,0,normal,normal
N15_M07_F04_KA22_19,KA22,6203_PU_2905,outer_race,N15_M07_F04,0.0,0.0,normal,1.18698182471431,9.747084221020969e-06,0.7416191647730014,4.4624553551995686e-06,1.2987118851374853,2.2478181472345513e-05,-0.011125898444128838,-0.5687772248378353,0,-1.467815946010231,-0.6991678224295522,0,0.656474119064951,-0.2287023984570686,0,normal,normal
N15_M07_F04_KA22_2,KA22,6203_PU_2905,outer_race,N15_M07_F04,0.0,0.0,normal,1.2146586692254988,9.151457960711797e-06,1.2335324383695332,9.297161290277803e-06,0.9795979869561983,1.3234427526943662e-05,0.07190526649161616,-0.5953360120139273,0,0.7795986382838048,-0.38880431632698226,0,-0.7321262759230063,-0.546497352607658,0,normal,normal
N15_M07_F04_KA22_20,KA22,6203_PU_2905,outer_race,N15_M07_F04,0.0,0.0,normal,0.9910537237760004,6.53680834570919e-06,0.8523824547794724,4.6176573280929145e-06,1.1526654614640564,1.793340820760678e-05,-0.5989146710399149,-0.7119224140789736,0,-0.9617693586821027,-0.6892046459493192,0,0.02096396812726852,-0.384949094314969,0,normal,normal
N15_M07_F04_KA22_3,KA22,6203_PU_2905,outer_race,N15_M07_F04,0.0,0.0,normal,1.0817877930004125,8.618828826845309e-06,0.913141609209222,6.244305992484152e-06,1.0983558175835415,1.9119375542530356e-05,-0.3267103934165093,-0.6190857771817752,0,-0.684177723887567,-0.5847820834487608,0,-0.21536040813445004,-0.3441762181596475,0,normal,normal
N15_M07_F04_KA22_4,KA22,6203_PU_2905,outer_race,N15_M07_F04,0.0,0.0,normal,0.962094292744323,6.929728840548118e-06,1.0225454947518817,9.358128682483354e-06,1.2281164856631155,2.5815347124551318e-05,-0.6857936247972506,-0.694402213082236,0,-0.18434187650468745,-0.3848905201505579,0,0.34928348853104413,-0.11397255907582778,0,normal,normal
N15_M07_F04_KA22_5,KA22,6203_PU_2905,outer_race,N15_M07_F04,0.0,0.0,normal,0.8838095540072599,4.6428253011990765e-06,0.9857852981837341,6.007459806954126e-06,1.1735636673030767,2.0312251740726587e-05,-0.9206496269473886,-0.7963745209557936,0,-0.3522889645853639,-0.5999864027052388,0,0.11190095660690412,-0.3031658192511313,0,normal,normal
N15_M07_F04_KA22_6,KA22,6203_PU_2905,outer_race,N15_M07_F04,0.0,0.0,normal,1.0600614190390203,8.107220667756837e-06,1.0738208104348805,9.291282512498461e-06,0.8902844965452973,1.255759369098298e-05,-0.3918900109525601,-0.6418982237111306,0,0.04992074348464373,-0.38918170392980544,0,-1.1207672870765684,-0.569766511343075,0,normal,normal
N15_M07_F04_KA22_7,KA22,6203_PU_2905,outer_race,N15_M07_F04,0.0,0.0,normal,1.0402607114278215,8.355442196209188e-06,1.2996463370570315,1.243706607169611e-05,0.9751816074516791,1.3039082560845029e-05,-0.45129258550708584,-0.6308301040092419,0,1.0816546065004542,-0.18723841555137702,0,-0.751343822884587,-0.553213200401913,0,normal,normal
N15_M07_F04_KA22_8,KA22,6203_PU_2905,outer_race,N15_M07_F04,0.0,0.0,normal,1.324401707650417,1.050205547369966e-05,1.1142916598074926,8.886430657968641e-06,1.2162053775496449,1.8578135323888868e-05,0.40113688537524606,-0.5351132946854728,0,0.2348207695680559,-0.4151711317691161,0,0.29745318742108307,-0.36278374617083897,0,normal,normal
N15_M07_F04_KA22_9,KA22,6203_PU_2905,outer_race,N15_M07_F04,0.0,0.0,normal,0.9219292159286414,6.212435206689431e-06,1.0523616928121329,7.940296088629287e-06,1.190235187982702,1.7743086542212455e-05,-0.8062897715451762,-0.7263861100892787,0,-0.04811998137491873,-0.4759081540675065,0,0.184445838959932,-0.39149224391469845,0,normal,normal
N15_M07_F04_KA30_1,KA30,6203_PU_2905,outer_race,N15_M07_F04,0.3333333333333333,0.3333333333333333,normal,0.9486259166988162,6.973734965916305e-06,0.9992311249599977,6.585036356237873e-06,1.280156173232194,2.4415597381848875e-05,-0.726199060192858,-0.6924399938249933,0,-0.2908587312153019,-0.5629089288556474,0,0.5757303187233802,-0.1620951516861273,0,normal,normal
N15_M07_F04_KA30_10,KA30,6203_PU_2905,outer_race,N15_M07_F04,0.3333333333333333,0.3333333333333333,normal,0.9343859665383251,2.2495186104872057e-05,0.9658201561339106,2.207331245204761e-05,0.9698139307291683,3.8335120204960194e-05,-0.7689192355356267,-0.0003433806742243892,0,-0.4435041316253121,0.43135954106368124,0,-0.774700868940951,0.31645005229662976,0,normal,normal
N15_M07_F04_KA30_11,KA30,6203_PU_2905,outer_race,N15_M07_F04,0.6666666666666666,0.3333333333333333,outer_race,0.9805174083539365,2.2961281281977622e-05,0.9774042593674749,2.2110239148146497e-05,1.0517579308927663,4.708766353348309e-05,-0.6305238576750009,0.02043965633647435,0,-0.39057959400766395,0.4337300469484097,0,-0.4181276465192086,0.6173574674245061,0,normal,normal
N15_M07_F04_KA30_12,KA30,6203_PU_2905,outer_race,N15_M07_F04,0.3333333333333333,0.0,normal,1.0845136334122953,9.162530491669703e-06,1.0440343063582778,8.566912271816368e-06,1.1530789397805667,2.0442575617018563e-05,-0.31853280999524664,-0.594842291349128,0,-0.08616548811356535,-0.4356825853967191,0,0.022763188270601534,-0.29868535919826095,0,normal,normal
N15_M07_F04_KA30_13,KA30,6203_PU_2905,outer_race,N15_M07_F04,0.3333333333333333,0.0,normal,1.3240029944661322,1.4528207614921337e-05,1.0843879151602578,1.0049616919223131e-05,1.2222695670306272,2.2711409403636982e-05,0.39994073672639885,-0.35558843995228906,0,0.09819889849343488,-0.34050049592465464,0,0.3238410569453056,-0.22068415606667285,0,normal,normal
N15_M07_F04_KA30_14,KA30,6203_PU_2905,outer_race,N15_M07_F04,0.3333333333333333,0.0,normal,1.4840900831149777,2.1346771257641325e-05,1.2020134436278034,1.4240768870606577e-05,1.2023080641584127,2.123150183301561e-05,0.8802056547994088,-0.05155083667462517,0,0.6355971399161259,-0.07144987905007422,0,0.23698006176181338,-0.2715625287852236,0,normal,normal
N15_M07_F04_KA30_15,KA30,6203_PU_2905,outer_race,N15_M07_F04,0.3333333333333333,0.0,normal,0.926505932030092,7.60476778401447e-06,0.5270645617255227,2.3687459949683667e-06,1.1285251533718563,1.6605476671090756e-05,-0.7925595188304927,-0.6643024393990025,0,-2.448056101944337,-0.8335733036577728,0,-0.08408078718738934,-0.4306026182247171,0,normal,normal
N15_M07_F04_KA30_16,KA30,6203_PU_2905,outer_race,N15_M07_F04,0.3333333333333333,0.0,normal,1.2213927974218795,1.1891864608457465e-05,0.8369799739804205,5.2490436981433146e-06,1.0606325869706117,1.539504429065725e-05,0.09210780470893679,-0.4731421435037546,0,-1.0321389986981395,-0.6486728555683503,0,-0.3795102406170764,-0.4722165886002053,0,normal,normal
N15_M07_F04_KA30_17,KA30,6203_PU_2905,outer_race,N15_M07_F04,0.3333333333333333,0.0,normal,1.080782739461514,1.0516411520168848e-05,1.1292541503661209,1.1180272000095227e-05,1.191991873779522,2.1096342844803616e-05,-0.32972557696186633,-0.5344731630991532,0,0.3031802168603929,-0.2679181962348039,0,0.19208992655760954,-0.27620921721024777,0,normal,inner_race
N15_M07_F04_KA30_18,KA30,6203_PU_2905,outer_race,N15_M07_F04,0.3333333333333333,0.0,normal,1.1974245343026901,1.3497653405787679e-05,0.8552251259263122,7.719104319981656e-06,1.308938899266563,2.593267485777196e-05,0.020202468554440984,-0.4015405272554908,0,-0.9487819868491573,-0.4901075394614387,0,0.7009762104502564,-0.10993889896115182,0,normal,normal
N15_M07_F04_KA30_19,KA30,6203_PU_2905,outer_race,N15_M07_F04,0.3333333333333333,0.0,normal,1.0258565432780065,9.961935783015997e-06,0.8025626963549195,5.375730318123437e-06,0.7499721338525791,9.551589756148953e-06,-0.4945054185641924,-0.5591970614204014,0,-1.1893819434182897,-0.6405402195649822,0,-1.7313260981068408,-0.6731112009885912,0,normal,normal
N15_M07_F04_KA30_2,KA30,6203_PU_2905,outer_race,N15_M07_F04,0.0,0.0,normal,1.1507064973295322,3.546527441458313e-05,0.8297826459572889,1.638718271475207e-05,1.196266785240282,4.76667209137242e-05,-0.11995270816103827,0.5779887682372942,0,-1.0650215835669534,0.06633896171120175,0,0.21069188584794857,0.6372651277420791,0,normal,normal
N15_M07_F04_KA30_20,KA30,6203_PU_2905,outer_race,N15_M07_F04,0.3333333333333333,0.0,normal,1.1555605577124102,1.1302065757200374e-05,1.0832133079925204,8.934255840384869e-06,0.8027955832770645,1.0611149134609353e-05,-0.10539041627491413,-0.49944108834730416,0,0.0928324458659447,-0.4121009985502577,0,-1.5014687864901695,-0.6366841578104085,0,normal,normal
N15_M07_F04_KA30_3,KA30,6203_PU_2905,outer_race,N15_M07_F04,0.3333333333333333,0.0,normal,0.6749863509750821,4.366868892004477e-06,1.237761677057064,1.329610697136381e-05,1.181893834340847,2.3368250715283638e-05,-1.547124000005554,-0.808679330246562,0,0.7989208505862389,-0.13209236342606626,0,0.14814905894556218,-0.19810232884021398,0,normal,normal
N15_M07_F04_KA30_4,KA30,6203_PU_2905,outer_race,N15_M07_F04,0.3333333333333333,0.0,normal,1.0245886485759628,8.772380498444498e-06,1.0295795174269207,9.577625399731056e-06,0.858030715062357,1.2780168154751474e-05,-0.4983091315952783,-0.61223895655231,0,-0.15220538823601854,-0.37079994842648906,0,-1.2611172184406438,-0.5621145290503632,0,normal,normal
N15_M07_F04_KA30_5,KA30,6203_PU_2905,outer_race,N15_M07_F04,0.3333333333333333,0.3333333333333333,normal,0.9274189239376157,2.1024088237783735e-05,1.080023593011227,2.7423923705612895e-05,1.1804281654355262,5.382954881991396e-05,-0.7898205222794966,-0.06593917080429888,0,0.07825952752144064,0.7748415419853188,0,0.14177130970790994,0.8491396133086037,0,normal,normal
N15_M07_F04_KA30_6,KA30,6203_PU_2905,outer_race,N15_M07_F04,0.3333333333333333,0.0,normal,1.5346171343109434,2.1351517794462193e-05,0.9914045723815893,8.97783777670215e-06,0.7626005417508659,1.0078368600325293e-05,1.0317879610797738,-0.0513391900941277,0,-0.32661606762717926,-0.40930326012732066,0,-1.6763745203298426,-0.6550008467297791,0,normal,normal
N15_M07_F04_KA30_7,KA30,6203_PU_2905,outer_race,N15_M07_F04,0.0,0.3333333333333333,normal,0.9811011144877549,2.1394327209829377e-05,0.8791941943441488,1.6997742047010193e-05,1.2062815939773024,5.2102035245413315e-05,-0.6287727259572399,-0.049430331758567106,0,-0.839273996669631,0.10553376230256556,0,0.25427058125172936,0.7897486883180004,0,normal,normal
N15_M07_F04_KA30_8,KA30,6203_PU_2905,outer_race,N15_M07_F04,0.3333333333333333,0.3333333333333333,normal,1.2798155426548679,3.548639976572931e-05,1.1077731059278915,2.6285153610363778e-05,1.0088551388756892,3.873938270386321e-05,0.2673773732277835,0.5789307409851382,0,0.2050393144948638,0.7017382996884212,0,-0.6048159552407396,0.33034836493698233,0,normal,normal
N15_M07_F04_KA30_9,KA30,6203_PU_2905,outer_race,N15_M07_F04,0.3333333333333333,0.0,normal,1.0277128589263362,1.0124387512577721e-05,0.9854111260597628,8.328738437625169e-06,0.9027704678127684,1.456448309191087e-05,-0.48893642927038167,-0.5519533900121288,0,-0.35399845268740493,-0.4509721329377893,0,-1.0664355117053528,-0.5007708058190833,0,normal,normal
N15_M07_F04_KI01_1,KI01,6203_PU_2905,inner_race,N15_M07_F04,0.0,1.0,inner_race,0.9593024447263847,1.4550840154465673e-05,1.5191397231431993,3.469375672222996e-05,1.2821074676001571,3.6128450236634715e-05,-0.6941692325425358,-0.354579262148912,0,2.084458685031449,1.241527808764641,1,0.5842212310450745,0.24058600555203719,0,inner_race,inner_race
N15_M07_F04_KI01_10,KI01,6203_PU_2905,inner_race,N15_M07_F04,0.0,1.0,inner_race,1.060376975052981,1.4920387732044767e-05,1.2097627732233758,2.073650708974756e-05,1.1687817375156089,3.511930691498773e-05,-0.3909433357117809,-0.33810125216448156,0,0.6710016660519167,0.3455434428787052,0,0.09109274477555902,0.205892237465133,0,normal,inner_race
N15_M07_F04_KI01_11,KI01,6203_PU_2905,inner_race,N15_M07_F04,0.0,1.0,inner_race,0.9200308510229566,1.2685318339349391e-05,1.0110679892335708,1.7658988531176274e-05,1.373003601542872,4.856275454623141e-05,-0.8119849095703375,-0.43776229177945963,0,-0.23677939888454536,0.14798241998301692,0,0.9797489978239066,0.6680702496483867,0,normal,inner_race
N15_M07_F04_KI01_12,KI01,6203_PU_2905,inner_race,N15_M07_F04,0.0,1.0,inner_race,0.8343997993618393,7.446137906988777e-06,1.5928639782611216,3.0066651921834746e-05,1.523003846905375,5.450088785064077e-05,-1.0688800180868154,-0.671375695607532,0,2.4212842497429454,0.9444912385494454,1,1.6324639097903342,0.8722198637944415,0,inner_race,inner_race
N15_M07_F04_KI01_13,KI01,6203_PU_2905,inner_race,N15_M07_F04,0.0,1.0,inner_race,1.0081299793312688,1.3562800289768728e-05,1.0958967296867717,1.827481508766537e-05,1.3003194079086962,3.9172838369375316e-05,-0.5476855148071216,-0.3986356482363217,0,0.1507794630017163,0.18751534955300023,0,0.6634691348501535,0.3452503218866536,0,normal,inner_race
N15_M07_F04_KI01_14,KI01,6203_PU_2905,inner_race,N15_M07_F04,0.0,1.0,inner_race,1.208975437468843,2.0539795473137767e-05,1.3565785039237326,2.910092302539163e-05,1.196179977797945,3.217932764524078e-05,0.05485544156796274,-0.08753363250663732,0,1.3417618022185163,0.8824963602115551,0,0.21031414971861018,0.10481743790302732,0,normal,inner_race
N15_M07_F04_KI01_15,KI01,6203_PU_2905,inner_race,N15_M07_F04,0.0,1.0,inner_race,0.8837324640609442,1.1913282632531625e-05,1.3059767696684155,2.1385942496445722e-05,1.1213394778706611,3.0260457835317653e-05,-0.9208808985450175,-0.4721871205623168,0,1.1105765879540064,0.38723388951943327,0,-0.11534871972208098,0.03884779538903464,0,normal,inner_race
N15_M07_F04_KI01_16,KI01,6203_PU_2905,inner_race,N15_M07_F04,0.0,1.0,inner_race,1.3277363015172974,2.227475902260456e-05,1.2944034283974173,2.484320766243792e-05,0.9406380271496868,1.8199187304318516e-05,0.4111407430492207,-0.010172154782925597,0,1.0577012187425079,0.6091727112083389,0,-0.9016576435142195,-0.3758117615438273,0,normal,inner_race
N15_M07_F04_KI01_17,KI01,6203_PU_2905,inner_race,N15_M07_F04,0.0,1.0,inner_race,1.0659764842083017,1.69236896269817e-05,1.1784571918490163,2.22980149986889e-05,0.8447131896551873,1.7015840729958242e-05,-0.3741446805021275,-0.24877465220988168,0,0.5279751938525797,0.4457843005303889,0,-1.3190674398069109,-0.41649453745546283,0,normal,inner_race
N15_M07_F04_KI01_18,KI01,6203_PU_2905,inner_race,N15_M07_F04,0.0,1.0,inner_race,1.149900825880928,1.9168206941282236e-05,1.2563931351442021,2.2449499248718075e-05,0.9159978456458866,2.504403579598354e-05,-0.12236974088693424,-0.1486923327489855,0,0.8840427874788,0.45550881813077776,0,-1.0088775608031693,-0.14048979977109285,0,normal,inner_race
N15_M07_F04_KI01_19,KI01,6203_PU_2905,inner_race,N15_M07_F04,0.0,1.0,inner_race,0.6944640607527682,6.309242977591495e-06,1.300627864278688,2.4820973147850005e-05,1.3397123316609738,3.767819202599491e-05,-1.4886904263202363,-0.7220694821033916,0,1.0861389306917986,0.6077453685743381,0,0.8348845128512327,0.29386523862162384,0,normal,inner_race
N15_M07_F04_KI01_2,KI01,6203_PU_2905,inner_race,N15_M07_F04,0.0,1.0,inner_race,1.0236178093223582,1.2909345889104879e-05,0.9987341560029667,1.3041322102457443e-05,0.8739788106995765,1.6825373708686127e-05,-0.5012216715042099,-0.42777297396051567,0,-0.2931292438075052,-0.1484482548241197,0,-1.1917202663575102,-0.4230426843068273,0,normal,inner_race
N15_M07_F04_KI01_20,KI01,6203_PU_2905,inner_race,N15_M07_F04,0.0,1.0,inner_race,0.9322778772744887,1.3005693428847422e-05,0.9863687926348704,1.539879515672171e-05,1.16236654739597,3.501697431355217e-05,-0.7752435514197624,-0.4234768675369439,0,-0.34962314113695236,0.0028895126614125115,0,0.06317752207663144,0.20237410137308565,0,normal,inner_race
N15_M07_F04_KI01_3,KI01,6203_PU_2905,inner_race,N15_M07_F04,0.0,1.0,inner_race,0.9715564956621274,1.3459744252846253e-05,1.323201428682944,2.793923614209529e-05,0.9416967405438277,2.5215333821953182e-05,-0.6574068001790723,-0.40323088443429383,0,1.1892712521490085,0.8079219767982266,0,-0.8970507309176146,-0.13460067197402642,0,normal,inner_race
N15_M07_F04_KI01_4,KI01,6203_PU_2905,inner_race,N15_M07_F04,0.0,1.0,inner_race,0.8583784254042298,1.035580244255087e-05,1.6720083220692465,4.3244242135373825e-05,0.941291293685049,2.3689459918129974e-05,-0.9969435929263027,-0.5416346712381499,0,2.7828726883681063,1.7904254392177887,1,-0.8988150027699386,-0.18705934084050893,0,inner_race,inner_race
N15_M07_F04_KI01_5,KI01,6203_PU_2905,inner_race,N15_M07_F04,0.0,1.0,inner_race,1.120368508806848,1.66237808850252e-05,0.8467726196854375,1.0587874862487188e-05,1.1624800868002723,3.479417494062741e-05,-0.2109673658409406,-0.26214748846753366,0,-0.9873991310068871,-0.30594707639878066,0,0.06367158035036853,0.1947143868326933,0,normal,inner_race
N15_M07_F04_KI01_6,KI01,6203_PU_2905,inner_race,N15_M07_F04,0.0,1.0,inner_race,1.1454078288889618,2.0172486762729674e-05,1.3994634651214748,2.9835905984056607e-05,1.2920604659766264,3.75593205290375e-05,-0.1358488343632495,-0.10391181210971534,0,1.5376912320914353,0.9296785241404583,0,0.6275309632618399,0.2897785047958945,0,normal,inner_race
N15_M07_F04_KI01_7,KI01,6203_PU_2905,inner_race,N15_M07_F04,0.0,1.0,inner_race,1.125590836234488,1.874381630927456e-05,1.229601249586738,2.042465240614611e-05,1.249217310557109,3.973439350916525e-05,-0.19530026441911696,-0.16761577724112126,0,0.7616381328892843,0.3255239599366705,0,0.44110215875933206,0.36455626522489465,0,normal,inner_race
N15_M07_F04_KI01_8,KI01,6203_PU_2905,inner_race,N15_M07_F04,0.0,1.0,inner_race,1.095366132516264,1.5222717988760965e-05,1.569011732167378,3.1253377260653476e-05,1.0952125196824527,2.302291176323867e-05,-0.28597506510123,-0.3246204413270768,0,2.3123099881880167,1.0206729633290688,1,-0.22903823517956706,-0.20997488376538426,0,inner_race,inner_race
N15_M07_F04_KI01_9,KI01,6203_PU_2905,inner_race,N15_M07_F04,0.0,1.0,inner_race,1.039680750943861,1.4101352628119764e-05,1.2421091715937624,2.1726295787952283e-05,1.089671541851499,2.106624138241332e-05,-0.4530324801898221,-0.3746217692477972,0,0.8187833408896179,0.40908283799406614,0,-0.25314938812067367,-0.277244088207106,0,normal,inner_race
N15_M07_F04_KI03_1,KI03,6203_PU_2905,inner_race,N15_M07_F04,0.0,0.0,normal,2.068879721639213,1.7828538951666508e-05,1.2017191888711605,5.599898402445826e-06,1.2313106699656209,1.0244406041157732e-05,2.6345879113962933,-0.20842770607580724,1,0.6342527719816278,-0.626149769858041,0,0.3631827439674325,-0.649292574829825,0,outer_race,normal
N15_M07_F04_KI03_10,KI03,6203_PU_2905,inner_race,N15_M07_F04,0.0,0.0,normal,2.343123335203148,2.0141925957168097e-05,0.9582838016883284,3.2051891543336777e-06,1.7400188911491405,1.9961655843663087e-05,3.4573250085099607,-0.10527450879541646,1,-0.4779356336857803,-0.7798779114080417,0,2.576788735104047,-0.3152191049282238,1,outer_race,normal
N15_M07_F04_KI03_11,KI03,6203_PU_2905,inner_race,N15_M07_F04,0.0,0.0,normal,1.6243250572252206,1.0697571993388504e-05,1.4442239953042453,7.143608412091048e-06,1.62673715604335,1.772541901785086e-05,1.3009137763629162,-0.5263952747091022,0,1.7421896136821715,-0.5270514467267562,0,2.083851689712627,-0.3920996432599872,1,normal,normal
N15_M07_F04_KI03_12,KI03,6203_PU_2905,inner_race,N15_M07_F04,0.0,0.0,normal,1.9983197576252274,1.6989660744782225e-05,0.8434829051998729,2.8949141266584917e-06,1.1349985755641512,1.1040883966542852e-05,2.422906409643555,-0.2458330208645418,1,-1.002428919203018,-0.7997959884821099,0,-0.05591217195510059,-0.6219101209831789,0,outer_race,normal
N15_M07_F04_KI03_13,KI03,6203_PU_2905,inner_race,N15_M07_F04,0.0,0.0,normal,2.3153852241158317,1.7755171318650034e-05,1.0725553886864125,3.940601518147378e-06,0.9940947969983636,6.62111843275907e-06,3.3741100424481356,-0.21169914570287596,1,0.04413938436010335,-0.7326681818548202,0,-0.6690444851726072,-0.7738591228130962,0,outer_race,normal
N15_M07_F04_KI03_14,KI03,6203_PU_2905,inner_race,N15_M07_F04,0.0,0.0,normal,2.0576166893536185,1.4086066921470056e-05,1.4260799239391964,7.076290590620144e-06,1.1187238928954302,8.96808140539153e-06,2.6007985575917525,-0.37530335408849086,1,1.6592944108222294,-0.5313729081300874,0,-0.1267302432170776,-0.6931718831173799,0,outer_race,normal
N15_M07_F04_KI03_15,KI03,6203_PU_2905,inner_race,N15_M07_F04,0.0,0.0,normal,1.5285418551196495,9.270010854900249e-06,1.5778238146065329,8.904520213984518e-06,1.348422728070239,1.5641555409075863e-05,1.0135619849082815,-0.5900497758358473,0,2.3525699357331638,-0.41400987437222014,1,0.8727871550217597,-0.46374167786175774,0,inner_race,normal
N15_M07_F04_KI03_16,KI03,6203_PU_2905,inner_race,N15_M07_F04,0.0,0.0,normal,1.5620208180299693,9.202033927080654e-06,0.9476073556393131,3.897737381923821e-06,1.2517490327889245,1.449140032424138e-05,1.1139996374073111,-0.5930808456176062,0,-0.5267133387140566,-0.7354198411662745,0,0.4521187597633462,-0.5032833494174854,0,normal,normal
N15_M07_F04_KI03_17,KI03,6203_PU_2905,inner_race,N15_M07_F04,0.0,0.0,normal,1.7744545878081484,1.341815376888674e-05,0.855600980472435,2.9498601764133024e-06,1.0920459861358933,9.879206447361833e-06,1.7513057930726863,-0.40508539100265434,0,-0.9470648122294242,-0.7962687318345733,0,-0.24281717040788178,-0.661847927217143,0,normal,normal
N15_M07_F04_KI03_18,KI03,6203_PU_2905,inner_race,N15_M07_F04,0.0,0.0,normal,2.1764144334071736,1.7003259820019567e-05,0.9968440193958259,3.841146023382865e-06,1.1652117183769657,1.1684341625633815e-05,2.95719449992967,-0.24522664238681527,1,-0.3017647509287877,-0.739052718261124,0,0.07555807200108067,-0.599788416048532,0,outer_race,normal
N15_M07_F04_KI03_19,KI03,6203_PU_2905,inner_race,N15_M07_F04,0.0,0.0,normal,1.7776903991216455,1.222751974340995e-05,1.1156496102755908,3.9138598155618915e-06,1.4250454348688881,1.5906170125461465e-05,1.7610133008329483,-0.4581753868514569,0,0.24102486661231687,-0.7343848630108271,0,1.206205165117974,-0.4546443758178014,0,normal,normal
N15_M07_F04_KI03_2,KI03,6203_PU_2905,inner_race,N15_M07_F04,0.0,0.0,normal,1.8873106311973245,1.3028534356171727e-05,1.0664215925514107,4.5860647102090055e-06,1.1943802792444826,1.0643585181346511e-05,2.089876497867233,-0.42245839778815225,1,0.01611578013795703,-0.6912327311700286,0,0.2024828953093231,-0.6355690251439026,0,outer_race,normal
N15_M07_F04_KI03_20,KI03,6203_PU_2905,inner_race,N15_M07_F04,0.0,0.0,normal,1.7646237756420833,1.070449725567159e-05,0.9764128152767836,3.3890317506527543e-06,1.3418020990930601,1.283441626869124e-05,1.7218131323005057,-0.5260864794470874,0,-0.3951092256084557,-0.7680761527218303,0,0.8439779804130232,-0.5602495100349207,0,normal,normal
N15_M07_F04_KI03_3,KI03,6203_PU_2905,inner_race,N15_M07_F04,0.3333333333333333,0.0,normal,2.2033304486352048,1.7981298258053945e-05,0.9719826994377164,3.2059927325257506e-06,1.0972331317506172,9.57537316828152e-06,3.0379431596588597,-0.2016162167613411,1,-0.4153491896046249,-0.7798263257793668,0,-0.22024569204070102,-0.6722935409326382,0,outer_race,normal
N15_M07_F04_KI03_4,KI03,6203_PU_2905,inner_race,N15_M07_F04,0.0,0.0,normal,1.5185383916025341,9.450713042990281e-06,0.9268642096536254,3.055089603829662e-06,1.7528915254350594,1.713994924548097e-05,0.9835513661441905,-0.5819923222352519,0,-0.6214829888020341,-0.7895135383488336,0,2.6328030458433678,-0.41222775793783384,1,normal,normal
N15_M07_F04_KI03_5,KI03,6203_PU_2905,inner_race,N15_M07_F04,0.0,0.0,normal,1.698923150243714,1.0229733648473916e-05,1.140729356171273,4.382536512420944e-06,1.2140493478686951,1.0473083772049052e-05,1.5247097572525214,-0.5472560390228719,0,0.35560723249206944,-0.7042982052452823,0,0.28807138461137977,-0.6414307657170871,0,normal,normal
N15_M07_F04_KI03_6,KI03,6203_PU_2905,inner_race,N15_M07_F04,0.0,0.0,normal,1.862239573696093,1.1740422696349613e-05,1.1488497146638712,3.926790126864408e-06,1.2982727128162812,1.2322432445386834e-05,2.0146627534081514,-0.47989489062260243,1,0.3927068862024298,-0.7335548028572758,0,0.6545630933710926,-0.5778512199694223,0,outer_race,normal
N15_M07_F04_KI03_7,KI03,6203_PU_2905,inner_race,N15_M07_F04,0.0,0.0,normal,1.5632598309312185,9.908676126317083e-06,0.9927669929714947,4.324201971723708e-06,1.306637240279429,1.135735705425074e-05,1.1177167043771221,-0.5615718927225067,0,-0.32039154784280904,-0.708042985759505,0,0.6909607125453485,-0.6110299579031075,0,normal,normal
N15_M07_F04_KI03_8,KI03,6203_PU_2905,inner_race,N15_M07_F04,0.0,0.0,normal,2.2369536082950945,1.9636044921747664e-05,0.8074712804772968,2.3236151169435857e-06,1.5028962327819835,1.464992333022869e-05,3.1388134056962134,-0.12783158468588898,1,-1.1669559912495078,-0.8364704762522074,0,1.5449671223638433,-0.4978334194737518,0,outer_race,normal
N15_M07_F04_KI03_9,KI03,6203_PU_2905,inner_race,N15_M07_F04,0.0,0.0,normal,1.4761702568301411,9.876651207729383e-06,0.8076675368833367,3.0110842073328076e-06,0.9796567203390697,8.60274671289539e-06,0.8564459952669475,-0.5629998737464813,0,-1.1660593504535186,-0.7923384607593373,0,-0.7318707019755252,-0.705731880120457,0,normal,normal
N15_M07_F04_KI04_1,KI04,6203_PU_2905,inner_race,N15_M07_F04,0.3333333333333333,0.0,normal,1.2063693641780477,1.6089334283896114e-05,0.8156776931432245,7.663819813034017e-06,0.9787194439544653,2.2689594293403913e-05,0.047037162242254606,-0.2859782939276645,0,-1.1294631800161432,-0.4936565233375684,0,-0.7359491904565727,-0.22143414703324946,0,normal,normal
N15_M07_F04_KI04_10,KI04,6203_PU_2905,inner_race,N15_M07_F04,0.3333333333333333,0.0,normal,0.9405222353462785,9.315429733892483e-06,1.2571194744377145,1.6948728350918438e-05,1.2461088041619937,3.305954458224839e-05,-0.7505102891227768,-0.5880245623398788,0,0.887361229181848,0.10238733255681581,0,0.4275757243649657,0.1350787908978302,0,normal,normal
N15_M07_F04_KI04_11,KI04,6203_PU_2905,inner_race,N15_M07_F04,0.3333333333333333,0.0,normal,1.0998948332187266,1.120846585150008e-05,1.1061146598024099,1.2360080312471438e-05,1.0906987523243679,1.9837234291270392e-05,-0.2723888596789037,-0.5036146786351233,0,0.19746233658080498,-0.19218050933614633,0,-0.24867955814306783,-0.3194966464737396,0,normal,normal
N15_M07_F04_KI04_12,KI04,6203_PU_2905,inner_race,N15_M07_F04,0.3333333333333333,0.0,normal,1.0774605266896051,9.09247634381316e-06,1.154874576419946,1.141986592302079e-05,1.1762304823471061,2.230948020754652e-05,-0.3396922910684721,-0.5979659837174912,0,0.4202327996220046,-0.2525374862270828,0,0.12350540393622528,-0.23450225109579131,0,normal,normal
N15_M07_F04_KI04_13,KI04,6203_PU_2905,inner_race,N15_M07_F04,0.3333333333333333,0.0,normal,0.9131652805805736,8.314758516702e-06,0.86585931882033,7.81471950614499e-06,1.3109347731809853,2.7535794443648263e-05,-0.8325817775243063,-0.6326441764529432,0,-0.9001973247043948,-0.48396953131517445,0,0.7096611073529245,-0.05482456788953171,0,normal,normal
N15_M07_F04_KI04_14,KI04,6203_PU_2905,inner_race,N15_M07_F04,0.3333333333333333,0.0,normal,1.2260071251401505,1.568025234332863e-05,1.0672754982912862,1.2072307455662762e-05,1.064037835537317,2.1957002694583143e-05,0.10595089313212963,-0.30421912869454504,0,0.0200170373644142,-0.21065406160584568,0,-0.3646925547321673,-0.24662022564735653,0,normal,normal
N15_M07_F04_KI04_15,KI04,6203_PU_2905,inner_race,N15_M07_F04,0.3333333333333333,0.0,normal,1.008684256623181,1.1523710145613724e-05,1.166558774704392,1.6765092073345157e-05,0.679310216749934,7.83168752693986e-06,-0.5460226702864501,-0.4895580349413149,0,0.47361464361710115,0.09059881848365411,0,-2.0388061751531783,-0.7322404522974586,0,normal,normal
N15_M07_F04_KI04_16,KI04,6203_PU_2905,inner_race,N15_M07_F04,0.0,0.0,normal,1.0566657066375909,1.5220191442285608e-05,0.9806406754473274,1.2199074983544636e-05,0.9989995998650124,2.5559112158640777e-05,-0.4020772256245022,-0.32473309923791954,0,-0.37579331136575667,-0.20251623172711133,0,-0.647701600275449,-0.12278177010895185,0,normal,inner_race
N15_M07_F04_KI04_17,KI04,6203_PU_2905,inner_race,N15_M07_F04,0.3333333333333333,0.3333333333333333,normal,1.0064257181286236,1.1585935824938265e-05,0.8900463243879293,7.552337071895151e-06,0.8883043363231657,1.757131901020514e-05,-0.5527983372950038,-0.48678341151687016,0,-0.7896936404561659,-0.5008131477268083,0,-1.1293838070158824,-0.39739751305981436,0,normal,normal
N15_M07_F04_KI04_18,KI04,6203_PU_2905,inner_race,N15_M07_F04,0.3333333333333333,0.0,normal,1.2088634097233992,1.7456651609693666e-05,0.8861788736217864,9.62743545341089e-06,0.9522707169072456,1.8617130409040515e-05,0.05451935577590049,-0.22501004541694453,0,-0.8073629446250096,-0.3676023965780786,0,-0.8510388591736452,-0.3614431175289407,0,normal,normal
N15_M07_F04_KI04_19,KI04,6203_PU_2905,inner_race,N15_M07_F04,0.3333333333333333,0.0,normal,0.6865137381605242,4.991554194216289e-06,1.045059640625885,1.1216238709665125e-05,1.0063902608604518,2.4371896132667123e-05,-1.5125415754706435,-0.7808248095528902,0,-0.08148102174422134,-0.26560931659765885,0,-0.6155416886076123,-0.16359757554574839,0,normal,normal
N15_M07_F04_KI04_2,KI04,6203_PU_2905,inner_race,N15_M07_F04,0.3333333333333333,0.0,normal,1.2914570556937552,1.5764549043767892e-05,1.0281248900285074,1.1042310239029752e-05,0.9692838568319941,1.636343140672922e-05,0.30230217792662545,-0.30046036539648113,0,-0.1588511752179512,-0.27677463889074655,0,-0.7770074460821658,-0.43892399546436167,0,normal,normal
N15_M07_F04_KI04_20,KI04,6203_PU_2905,inner_race,N15_M07_F04,0.3333333333333333,0.0,normal,1.0886391768450419,1.3361764838696294e-05,1.5131035127032737,2.0567110066957134e-05,0.9157765564368228,1.4828968607974616e-05,-0.3061560855794457,-0.40759975562324413,0,2.0568809226397726,0.3346690164663111,1,-1.0098404843388218,-0.4916779456080233,0,inner_race,normal
N15_M07_F04_KI04_3,KI04,6203_PU_2905,inner_race,N15_M07_F04,0.3333333333333333,0.0,normal,0.9665661365644659,1.0996380009156525e-05,0.8985889263700784,8.046859171038627e-06,0.8006354412953173,1.2780890454840015e-05,-0.6723779913189807,-0.5130715194851907,0,-0.7506648739784233,-0.46906734672125266,0,-1.5108684836709554,-0.5620896967879645,0,normal,normal
N15_M07_F04_KI04_4,KI04,6203_PU_2905,inner_race,N15_M07_F04,0.3333333333333333,0.0,normal,1.0106698640838025,1.1234226213189984e-05,0.8563329503577823,7.665501635320482e-06,1.0689183567752267,2.1066705293955713e-05,-0.540065802606182,-0.5024660322283209,0,-0.9437206459222901,-0.49354855890943605,0,-0.3434553295366087,-0.2772281391945927,0,normal,normal
N15_M07_F04_KI04_5,KI04,6203_PU_2905,inner_race,N15_M07_F04,0.3333333333333333,0.0,normal,1.019978790939097,8.78173632700258e-06,0.903445316516951,8.818132152356426e-06,1.138703409365864,2.3297841096684882e-05,-0.5121388096722778,-0.6118217831063287,0,-0.7284773815302007,-0.41955554810136403,0,-0.039790863200630654,-0.20052297110811884,0,normal,normal
N15_M07_F04_KI04_6,KI04,6203_PU_2905,inner_race,N15_M07_F04,0.3333333333333333,0.0,normal,1.071426452050185,1.4136620496541424e-05,1.022598498261231,1.3811701107828429e-05,0.9261055330110366,1.6884275288774645e-05,-0.357794652644328,-0.37304918611306587,0,-0.18409971824971796,-0.09899384490851831,0,-0.9648947109565964,-0.4210176817965713,0,normal,normal
N15_M07_F04_KI04_7,KI04,6203_PU_2905,inner_race,N15_M07_F04,0.3333333333333333,0.0,normal,1.0712920714508238,1.5177336938960592e-05,0.9556910221987582,1.1707215290287268e-05,1.3734934646490633,3.878530399967635e-05,-0.35819779750808645,-0.3266439680313059,0,-0.4897813202152675,-0.234091119829881,0,0.9818806006986924,0.3319271127253451,0,normal,normal
N15_M07_F04_KI04_8,KI04,6203_PU_2905,inner_race,N15_M07_F04,0.3333333333333333,0.0,normal,1.0449187562503996,1.0970614067546883e-05,0.9319399672825396,9.278449697862927e-06,0.8005144324510178,1.2851776375905911e-05,-0.4373183447736372,-0.5142204146988553,0,-0.598293267495754,-0.3900055052937212,0,-1.511395044657327,-0.5596526795146667,0,normal,normal
N15_M07_F04_KI04_9,KI04,6203_PU_2905,inner_race,N15_M07_F04,0.3333333333333333,0.0,normal,1.0754028571405854,1.0746743452018408e-05,0.8948137677319203,7.450082609502513e-06,1.2593593441912214,1.9589008060815553e-05,-0.34586534665791435,-0.5242027348700902,0,-0.767912521148804,-0.507377363604459,0,0.48523446384091495,-0.32803052177941117,0,normal,normal
N15_M07_F04_KI05_1,KI05,6203_PU_2905,inner_race,N15_M07_F04,0.3333333333333333,0.3333333333333333,normal,1.3162929502686076,4.8704177198852854e-05,1.143758119627433,3.465061965672115e-05,0.7684115813006918,2.8129417536755883e-05,0.37681042824171046,1.1683072698256578,0,0.36944480819719977,1.2387586287826384,0,-1.651088213903932,-0.034416146725237504,0,normal,normal
N15_M07_F04_KI05_10,KI05,6203_PU_2905,inner_race,N15_M07_F04,0.3333333333333333,0.3333333333333333,normal,1.0802815780004416,3.210101326141751e-05,1.3765886844009247,4.6789823913083106e-05,1.0699746789709297,4.643623525944164e-05,-0.33122907277826685,0.4279774240004899,0,1.4331827372748103,2.018033737732728,1,-0.3388588220621696,0.5949617373234927,0,inner_race,normal
N15_M07_F04_KI05_11,KI05,6203_PU_2905,inner_race,N15_M07_F04,0.3333333333333333,0.0,normal,1.2112556299176005,4.344276088644541e-05,0.8365313874337643,2.0212221799357183e-05,1.2621686063578734,8.296478398562201e-05,0.06169607093311599,0.9337023751161555,0,-1.0341884655480622,0.3118869965283797,0,0.497458759230336,1.8507922728602546,0,normal,normal
N15_M07_F04_KI05_12,KI05,6203_PU_2905,inner_race,N15_M07_F04,0.3333333333333333,0.6666666666666666,inner_race,1.3167291869851687,4.589036170639795e-05,1.0476211441951238,3.515949810999078e-05,1.3235367653399142,8.51380956931954e-05,0.37811914834342475,1.0428401240720282,0,-0.06977822617389855,1.2714260346306134,0,0.7644977390046823,1.9255094817499163,0,normal,normal
N15_M07_F04_KI05_13,KI05,6203_PU_2905,inner_race,N15_M07_F04,0.3333333333333333,0.0,normal,1.3482210042607814,5.722721868848011e-05,1.1869716123709801,4.151594680954508e-05,1.2457145966814942,6.263888235943686e-05,0.4725953186048383,1.5483470029605175,0,0.5668752070967209,1.6794776785664032,0,0.42586035983133524,1.1519994432895309,0,normal,normal
N15_M07_F04_KI05_14,KI05,6203_PU_2905,inner_race,N15_M07_F04,0.3333333333333333,0.0,normal,0.9092076478050687,2.3933043317705528e-05,1.071376538116403,2.88973312536602e-05,1.4817737444323755,8.702917753536892e-05,-0.8444547661377738,0.06377021916173789,0,0.038753544810842554,0.8694268050128111,0,1.4530541852195904,1.990523789884707,0,normal,normal
N15_M07_F04_KI05_15,KI05,6203_PU_2905,inner_race,N15_M07_F04,0.3333333333333333,0.0,normal,0.8254643727820024,2.3243533494498565e-05,0.9906333725195849,3.029377301648874e-05,1.0647993779437874,6.092540601687775e-05,-1.0956865016735462,0.03302519351281329,0,-0.3301394647589585,0.9590712564850196,0,-0.36137875958738747,1.0930911102748293,0,normal,normal
N15_M07_F04_KI05_16,KI05,6203_PU_2905,inner_race,N15_M07_F04,0.3333333333333333,0.0,normal,1.2232478190405334,4.274794632341262e-05,1.013374225275035,2.733189439264457e-05,1.5361942079177797,9.350374351876346e-05,0.09767291188419873,0.9027208127907156,0,-0.22624284947103518,0.7689337286414246,0,1.6898607847501756,2.2131156515883976,1,normal,normal
N15_M07_F04_KI05_17,KI05,6203_PU_2905,inner_race,N15_M07_F04,0.3333333333333333,0.0,normal,1.2018185869263078,4.343096542772167e-05,1.2193222900935534,4.483269622505198e-05,0.9513793605200125,5.4921658364493915e-05,0.033384726668455766,0.9331764193301805,0,0.7146764331013284,1.8923961044817355,0,-0.8549175302012663,0.8866857125121475,0,normal,normal
N15_M07_F04_KI05_18,KI05,6203_PU_2905,inner_race,N15_M07_F04,0.3333333333333333,0.0,normal,1.4873519798665849,5.6543242875335306e-05,1.0842145522874105,3.161910455270599e-05,1.1536923534012915,5.5290759721736226e-05,0.8899914194690977,1.5178487370756686,0,0.09740685186707833,1.0441507934521492,0,0.02543241202075451,0.8993752052868971,0,normal,normal
N15_M07_F04_KI05_19,KI05,6203_PU_2905,inner_race,N15_M07_F04,0.3333333333333333,0.0,normal,1.5687984219535664,6.455465431901959e-05,1.2530069724180308,4.972249535290504e-05,1.2436205658192983,7.246956877831104e-05,1.1343326037981092,1.8750750477532305,0,0.868572354164508,2.206296313064578,1,0.4167483402705,1.489972798942187,0,inner_race,normal
N15_M07_F04_KI05_2,KI05,6203_PU_2905,inner_race,N15_M07_F04,0.3333333333333333,0.0,normal,1.103956458848324,4.019891394663624e-05,0.8068996363167681,2.2486026764358238e-05,1.3255436232561775,0.00010416508169061584,-0.26020389013073103,0.7890602626923516,0,-1.1695676740244116,0.4578536986624029,0,0.773230431974466,2.579646337662438,1,normal,normal
N15_M07_F04_KI05_20,KI05,6203_PU_2905,inner_race,N15_M07_F04,0.3333333333333333,0.0,normal,0.9571432325621885,2.526423643778832e-05,1.2822496206645182,4.31956650944422e-05,0.6660746012060131,2.2547537695455024e-05,-0.7006469182940371,0.1231277007277875,0,1.0021738601211048,1.787307040510178,0,-2.0963999718412696,-0.22631797132136913,0,normal,normal
N15_M07_F04_KI05_3,KI05,6203_PU_2905,inner_race,N15_M07_F04,0.3333333333333333,0.3333333333333333,normal,0.9262144344756175,2.3249474415759136e-05,0.6885354124834822,1.3355893618932692e-05,0.9883795076513558,4.335611748272547e-05,-0.7934340181439588,0.03329009731894757,0,-1.7103408085988514,-0.12825436504379312,0,-0.6939141417120313,0.48906905634004416,0,normal,normal
N15_M07_F04_KI05_4,KI05,6203_PU_2905,inner_race,N15_M07_F04,0.3333333333333333,0.0,normal,1.4934349007304923,5.746463622117906e-05,0.8919319829700907,2.4120924662101823e-05,1.076964338772902,4.887530535834838e-05,0.9082403208327631,1.5589333758977204,0,-0.781078592182383,0.5628058199448753,0,-0.3084438372646841,0.6788155671452732,0,normal,normal
N15_M07_F04_KI05_5,KI05,6203_PU_2905,inner_race,N15_M07_F04,0.3333333333333333,0.0,normal,1.298378901428583,4.9195234813635786e-05,1.2912192492374235,4.845672528408791e-05,0.8650360399824031,3.3377522062809896e-05,0.32306787304175744,1.1902033740629854,0,1.0431535920219395,2.1250403190593463,1,-1.2306340680468968,0.14601067414059318,0,inner_race,normal
N15_M07_F04_KI05_6,KI05,6203_PU_2905,inner_race,N15_M07_F04,0.3333333333333333,0.0,normal,0.850746983995784,2.1503817743281175e-05,1.3975501419573433,6.257377761445819e-05,1.1178487434065738,5.833682234837458e-05,-1.01983809125056,-0.044548183388826566,0,1.5289497920564918,3.0312832045465017,1,-0.13053839113174187,1.0040970897604542,0,inner_race,normal
N15_M07_F04_KI05_7,KI05,6203_PU_2905,inner_race,N15_M07_F04,0.3333333333333333,0.0,normal,1.5520781167574744,6.595953380419144e-05,1.30583743269613,4.7212627386561466e-05,1.2126513551042621,7.373177103947656e-05,1.0841713067632732,1.9377181811089852,0,1.1099399961796954,2.0451755681114907,1,0.2819881230676311,1.5333665880980953,0,inner_race,normal
N15_M07_F04_KI05_8,KI05,6203_PU_2905,inner_race,N15_M07_F04,0.3333333333333333,0.3333333333333333,normal,1.2682607649234456,4.650526283078564e-05,0.9412075161253951,2.2527114111959177e-05,1.0540101544954774,6.328846323582953e-05,0.23271277643006197,1.0702583713609832,0,-0.5559524209521943,0.46049129719044574,0,-0.4083272630130373,1.174331660919901,0,normal,normal
N15_M07_F04_KI05_9,KI05,6203_PU_2905,inner_race,N15_M07_F04,0.3333333333333333,0.3333333333333333,normal,1.016135098341667,3.5989190665745444e-05,1.012551060701073,3.445836902058885e-05,0.9449261756240531,4.9050815695463715e-05,-0.5236699751521605,0.6013500287120979,0,-0.23000365888215474,1.2264171167482552,0,-0.8829980843436273,0.684849511781399,0,normal,normal
N15_M07_F04_KI07_1,KI07,6203_PU_2905,inner_race,N15_M07_F04,0.3333333333333333,0.0,normal,1.1801586632495233,2.4394204683846997e-05,1.2904448967765314,3.3005271084981116e-05,1.1428052239254398,3.6318461903682736e-05,-0.03159553849781673,0.08433325909693078,0,1.039615791544898,1.1331356274370912,0,-0.02194212220233438,0.24711849758657908,0,normal,normal
N15_M07_F04_KI07_10,KI07,6203_PU_2905,inner_race,N15_M07_F04,0.3333333333333333,0.0,normal,1.0775878961034533,2.169994609827543e-05,0.9707684135434375,1.8764467084754807e-05,0.9600884395165229,3.079308757326716e-05,-0.3393101799212016,-0.03580288186906878,0,-0.4208969232698551,0.21894851480182811,0,-0.8170206206543638,0.05715930001698977,0,normal,normal
N15_M07_F04_KI07_11,KI07,6203_PU_2905,inner_race,N15_M07_F04,0.3333333333333333,0.0,normal,1.409495120144951,4.040553781765482e-05,1.2056798971993254,2.669043476976159e-05,1.1472086031057482,4.701363171219335e-05,0.6564190641266111,0.7982735559629243,0,0.6523481439478531,0.7277552867145378,0,-0.0027811451847041943,0.614812295907456,0,normal,normal
N15_M07_F04_KI07_12,KI07,6203_PU_2905,inner_race,N15_M07_F04,0.3333333333333333,0.0,normal,1.1313831156798302,2.5323080845763042e-05,1.155986857085083,2.340606816853714e-05,1.5564641842691458,7.46170620154599e-05,-0.17792329394165854,0.12575155432868904,0,0.425314499837941,0.516915672605576,0,1.7780640793365912,1.5638023836400683,0,normal,normal
N15_M07_F04_KI07_13,KI07,6203_PU_2905,inner_race,N15_M07_F04,0.3333333333333333,0.0,normal,1.038616712604264,1.894847304619588e-05,1.1125784377690582,2.5962723508653396e-05,0.8547860586561365,2.766997967371837e-05,-0.4562246194829167,-0.15849019785980692,0,0.2269935357811721,0.6810399287463996,0,-1.2752360994826668,-0.05021135671042751,0,normal,normal
N15_M07_F04_KI07_14,KI07,6203_PU_2905,inner_race,N15_M07_F04,0.3333333333333333,0.0,normal,1.1140758478719779,2.0591526892287162e-05,0.8423894087351838,1.0823559744319113e-05,1.2575686167942852,4.790178117808612e-05,-0.22984549220237238,-0.08522694483508834,0,-1.007424799644805,-0.29081730692717733,0,0.47744224675205366,0.6453463646915634,0,normal,normal
N15_M07_F04_KI07_15,KI07,6203_PU_2905,inner_race,N15_M07_F04,0.3333333333333333,0.0,normal,1.5041581642008863,3.738041227997308e-05,1.238919038991814,2.5706728858428467e-05,1.1589982054073473,3.997922468022726e-05,0.9404103558777548,0.6633841619080917,0,0.8042085145527887,0.6646063755470519,0,0.04852043242145546,0.372973420337617,0,normal,normal
N15_M07_F04_KI07_16,KI07,6203_PU_2905,inner_race,N15_M07_F04,0.3333333333333333,0.0,normal,1.4502491285932462,3.6457592970363045e-05,1.0251368097572195,1.5194797045390838e-05,1.1419142992826552,4.5519442824437115e-05,0.7786820192078944,0.6222359398112366,0,-0.17250288079530787,-0.01020612747081976,0,-0.025818914526097143,0.563442939704177,0,normal,normal
N15_M07_F04_KI07_17,KI07,6203_PU_2905,inner_race,N15_M07_F04,0.3333333333333333,0.0,normal,1.2636347212900232,3.0499091343792624e-05,1.1397707815940665,2.3334697686577433e-05,0.9589895636960509,3.3348560616978736e-05,0.21883453999413546,0.35654823069925345,0,0.3512277725332102,0.5123340510321668,0,-0.8218022970622125,0.1450149962585974,0,normal,normal
N15_M07_F04_KI07_18,KI07,6203_PU_2905,inner_race,N15_M07_F04,0.3333333333333333,0.0,normal,0.8592483529773962,1.5806757175887948e-05,1.068419918962155,2.5057354376944213e-05,1.24406457270733,4.611223905134926e-05,-0.9943337903608214,-0.29857831809135543,0,0.025245576304771693,0.6229198399948684,0,0.4186804032223558,0.5838229336833437,0,normal,normal
N15_M07_F04_KI07_19,KI07,6203_PU_2905,inner_race,N15_M07_F04,0.3333333333333333,0.0,normal,0.8983229896418078,1.4305261812280586e-05,1.2990388692493913,3.057842254806085e-05,1.2552622439067547,4.181691304820415e-05,-0.8771089889433237,-0.3655295230084075,0,1.0788792554707938,0.9773443071763114,0,0.46740623666014897,0.43615209148071804,0,normal,normal
N15_M07_F04_KI07_2,KI07,6203_PU_2905,inner_race,N15_M07_F04,0.0,0.0,normal,0.9718354407455901,1.5781991977027606e-05,1.19290296599803,2.6275165917383394e-05,0.9396671259891696,2.9372416087589713e-05,-0.6565699585650059,-0.2996825905013127,0,0.5939739079481446,0.7010971406494034,0,-0.9058824477069299,0.008317429893597225,0,normal,normal
N15_M07_F04_KI07_20,KI07,6203_PU_2905,inner_race,N15_M07_F04,0.3333333333333333,0.0,normal,1.1272471556577213,2.7737997870722825e-05,1.31946515358272,3.546168791862486e-05,1.1276234721920493,5.434158776005817e-05,-0.19033126836318418,0.2334319431693965,0,1.1722012530213461,1.2908250818065035,0,-0.08800438578202646,0.8667432181284169,0,normal,normal
N15_M07_F04_KI07_3,KI07,6203_PU_2905,inner_race,N15_M07_F04,0.3333333333333333,0.0,normal,1.2718088843142288,3.221620452527084e-05,0.9076418092895119,1.5208588674092315e-05,1.224762460516275,5.817428471884053e-05,0.24335721554698267,0.4331137661416805,0,-0.709304776182549,-0.0093207751254788,0,0.3346886975481194,0.9985091393638282,0,normal,normal
N15_M07_F04_KI07_4,KI07,6203_PU_2905,inner_race,N15_M07_F04,0.3333333333333333,0.0,normal,1.051988926907968,1.9277820612640098e-05,1.1105098835209064,2.3740779696980445e-05,1.182421701021552,4.102311438140724e-05,-0.41610767150649114,-0.14380469369883275,0,0.21754288820724077,0.538402448615446,0,0.15044603154846567,0.4088617490062727,0,normal,normal
N15_M07_F04_KI07_5,KI07,6203_PU_2905,inner_race,N15_M07_F04,0.3333333333333333,0.0,normal,1.436291151812199,4.1594516275139164e-05,1.4041691441460653,3.643316730968086e-05,0.9934770126213213,3.613221063083257e-05,0.7368077704362216,0.8512897305568612,0,1.5591901674455266,1.3531891126210582,0,-0.6717327279438167,0.2407152857458583,0,normal,normal
N15_M07_F04_KI07_6,KI07,6203_PU_2905,inner_race,N15_M07_F04,0.3333333333333333,0.0,normal,1.449427366027003,3.6022347403757734e-05,1.0103683093233806,1.7957604631256254e-05,0.9651623186194084,2.9556385533493828e-05,0.7762167127619888,0.6028284772074088,0,-0.23997604129877026,0.16715205326454943,0,-0.7949420130896586,0.014642193833824124,0,normal,normal
N15_M07_F04_KI07_7,KI07,6203_PU_2905,inner_race,N15_M07_F04,0.3333333333333333,0.0,normal,0.9957767740558872,2.261758298720554e-05,0.956586489096962,2.1480833304069154e-05,0.7131937020143541,1.4856109338411582e-05,-0.5847454124515468,0.0051142577234258016,0,-0.4856901816451254,0.39332539625146296,0,-1.8913647089873484,-0.4907448628760755,0,normal,normal
N15_M07_F04_KI07_8,KI07,6203_PU_2905,inner_race,N15_M07_F04,0.3333333333333333,0.0,normal,1.450814730071901,3.958004950173375e-05,1.3077434392437606,3.276866886357184e-05,1.1729581092663819,4.692708588631781e-05,0.7803788365471364,0.7614652921910782,0,1.118648008633977,1.117946969435071,0,0.10926591584642661,0.6118369000965665,0,normal,normal
N15_M07_F04_KI07_9,KI07,6203_PU_2905,inner_race,N15_M07_F04,0.3333333333333333,0.0,normal,0.8686699458121525,1.3090493167832193e-05,0.98825014064779,1.762158249218575e-05,1.0787532840024203,3.8042902830495056e-05,-0.9660687969182404,-0.41969567390871865,0,-0.3410277866520963,0.14558114272512301,0,-0.30065937514479935,0.3064037867135494,0,normal,normal
N15_M07_F04_KI08_1,KI08,6203_PU_2905,inner_race,N15_M07_F04,0.0,0.0,normal,1.1391064450458304,1.9117649084851934e-05,1.1072897507013588,1.652194064520976e-05,1.025315663415901,2.892579910247984e-05,-0.154753129648464,-0.15094669162885557,0,0.2028309992413193,0.07498973475378144,0,-0.5331892068962907,-0.007037005668425529,0,normal,normal
N15_M07_F04_KI08_10,KI08,6203_PU_2905,inner_race,N15_M07_F04,0.3333333333333333,0.3333333333333333,normal,0.873604933142582,1.0114217896364145e-05,0.7802596770516218,8.796586570534412e-06,1.297396251018383,3.771870594549318e-05,-0.9512637223432449,-0.5524068499931222,0,-1.2912782197467358,-0.4209386647593562,0,0.650749235041231,0.29525808391645303,0,normal,normal
N15_M07_F04_KI08_11,KI08,6203_PU_2905,inner_race,N15_M07_F04,0.0,0.0,normal,0.9307228790977943,3.190868418711232e-05,0.7554977850099666,2.358067388384769e-05,1.0611078389602346,7.167912134430185e-05,-0.7799085814245993,0.4194015312089349,0,-1.4044083999963033,0.5281244705587557,0,-0.37744221692938873,1.462797669927166,0,normal,normal
N15_M07_F04_KI08_12,KI08,6203_PU_2905,inner_race,N15_M07_F04,0.3333333333333333,0.0,normal,1.4428604346284726,2.8952041745936084e-05,1.1970969253020545,2.0625459926222798e-05,1.2699745318524265,3.980652571109492e-05,0.7565157687525418,0.2875657768379964,0,0.6131349385844745,0.3384147803546354,0,0.5314256634822629,0.36703612891884585,0,normal,normal
N15_M07_F04_KI08_13,KI08,6203_PU_2905,inner_race,N15_M07_F04,0.3333333333333333,0.0,normal,1.2138580398703738,2.044081859766565e-05,1.005532002787383,1.2451364433034614e-05,1.2935161993113542,4.0331844708623196e-05,0.0695033601611849,-0.09194698018149308,0,-0.26207177732892334,-0.18632053355066588,0,0.6338654786029794,0.3850962944879408,0,normal,normal
N15_M07_F04_KI08_14,KI08,6203_PU_2905,inner_race,N15_M07_F04,0.3333333333333333,0.0,normal,1.3022931677336267,1.9512031766141698e-05,0.856446004279728,9.949661406080658e-06,1.0767526362084952,2.3790870099554785e-05,0.33481076125450615,-0.13336129219922932,0,-0.9432041340763411,-0.3469171309650808,0,-0.309365045229084,-0.18357291701890432,0,normal,normal
N15_M07_F04_KI08_15,KI08,6203_PU_2905,inner_race,N15_M07_F04,0.3333333333333333,0.0,normal,1.1611442073462854,1.8984729518246996e-05,0.9700263770209921,1.2455887431081655e-05,1.572257189982404,6.775353301022814e-05,-0.0886393399914063,-0.15687353320089528,0,-0.42428708123495656,-0.18603018010397748,0,1.8467861691498624,1.3278381965346917,0,normal,normal
N15_M07_F04_KI08_16,KI08,6203_PU_2905,inner_race,N15_M07_F04,0.3333333333333333,0.0,normal,1.1313820762376992,1.759021908981035e-05,1.098934926493946,1.7106721156512045e-05,1.130410473663045,3.2137750010787756e-05,-0.1779264122917648,-0.21905431358567076,0,0.16466013705728122,0.1125296662874443,0,-0.07587695615419489,0.10338802269869246,0,normal,normal
N15_M07_F04_KI08_17,KI08,6203_PU_2905,inner_race,N15_M07_F04,0.3333333333333333,0.3333333333333333,normal,0.9421780933350902,1.2793601493201407e-05,0.957351094306273,1.207894856559213e-05,1.417536447018603,4.284133951227462e-05,-0.745542677380636,-0.43293398008544715,0,-0.48219691364268047,-0.210227736160251,0,1.1735303629414098,0.4713712852306631,0,normal,normal
N15_M07_F04_KI08_18,KI08,6203_PU_2905,inner_race,N15_M07_F04,0.3333333333333333,0.0,normal,1.229487309852978,1.930700962259881e-05,0.7504903460185565,7.75706103097364e-06,1.3056293495257367,3.0981646762062235e-05,0.11639152666536398,-0.14250316494660506,0,-1.4272859924974726,-0.48767091186468625,0,0.6865749508889044,0.0636418566830086,0,normal,normal
N15_M07_F04_KI08_19,KI08,6203_PU_2905,inner_race,N15_M07_F04,0.3333333333333333,0.0,normal,1.0597457885686863,1.591835468846982e-05,1.205313778749906,1.7654615930584836e-05,1.4085473832557287,4.621467235211899e-05,-0.3928369095641578,-0.2936022201864298,0,0.6506754508391908,0.14770172128725995,0,1.1344151205065347,0.5873445317606922,0,normal,normal
N15_M07_F04_KI08_2,KI08,6203_PU_2905,inner_race,N15_M07_F04,0.3333333333333333,0.0,normal,1.4363651765570598,2.3691798762329175e-05,0.8951104404461014,1.0468130504054698e-05,1.3619419907682728,3.0017529192551752e-05,0.7370298463595579,0.05301320048981814,0,-0.7665571062405258,-0.31363405455591425,0,0.931615221205737,0.030496048106962412,0,normal,normal
N15_M07_F04_KI08_20,KI08,6203_PU_2905,inner_race,N15_M07_F04,0.3333333333333333,0.0,normal,0.929524839983039,1.3771041335055083e-05,0.8866655307175498,9.872583141330386e-06,1.3586481552889407,4.8638343740769245e-05,-0.7835027261001783,-0.38935024567496307,0,-0.8051395440516271,-0.3518651631336205,0,0.9172823410845847,0.6706689627636768,0,normal,normal
N15_M07_F04_KI08_3,KI08,6203_PU_2905,inner_race,N15_M07_F04,0.0,0.0,normal,0.8563343141006197,2.562244286199806e-05,1.0391074239390055,3.2251950974325505e-05,1.1126053920398509,6.691234613627412e-05,-1.003075973470207,0.13910001225877539,0,-0.10867504009865032,1.0847763117102975,0,-0.15335444464864592,1.298918674701976,0,normal,normal
N15_M07_F04_KI08_4,KI08,6203_PU_2905,inner_race,N15_M07_F04,0.3333333333333333,0.0,normal,1.20563690250697,1.648884685154938e-05,0.9911350938200093,1.1494912095076032e-05,1.2578588835817297,3.2755298825934165e-05,0.04483976051909996,-0.2681641544822856,0,-0.32784724003491184,-0.24771990406357428,0,0.47870532109007047,0.12461899645182085,0,normal,normal
N15_M07_F04_KI08_5,KI08,6203_PU_2905,inner_race,N15_M07_F04,0.3333333333333333,0.0,normal,1.2402673463997702,1.9570410893371307e-05,1.0709165585390639,1.373132649241424e-05,0.9712454880969063,2.2105574356201457e-05,0.14873188223473602,-0.13075818532007263,0,0.03665202638050743,-0.10415348600697732,0,-0.7684715535221674,-0.24151241721033562,0,normal,normal
N15_M07_F04_KI08_6,KI08,6203_PU_2905,inner_race,N15_M07_F04,0.3333333333333333,0.0,normal,0.9587596893054825,1.1682586078450688e-05,0.8237204684512329,8.251676577295131e-06,1.1802937203533268,3.613035560447855e-05,-0.6957975111873244,-0.48247380718172994,0,-1.0927179822432453,-0.45591911202606966,0,0.14118628193158847,0.24065151100470805,0,normal,normal
N15_M07_F04_KI08_7,KI08,6203_PU_2905,inner_race,N15_M07_F04,0.3333333333333333,0.0,normal,1.0874300670579757,1.558996355279676e-05,0.8340078124956811,9.382868913976018e-06,1.189948447539263,3.350475597235634e-05,-0.3097834425245167,-0.30824507740083257,0,-1.0457179757784751,-0.38330232324862407,0,0.18319810924559582,0.1503849029105861,0,normal,normal
N15_M07_F04_KI08_8,KI08,6203_PU_2905,inner_race,N15_M07_F04,0.3333333333333333,0.0,normal,0.9801917165530675,1.118299029127332e-05,0.8672828564359043,9.836073828172866e-06,1.054310329485794,2.565188495121895e-05,-0.6315009405077366,-0.5047506258344678,0,-0.8936935782713255,-0.35420887515853416,0,-0.4070210738671092,-0.1195922947574938,0,normal,normal
N15_M07_F04_KI08_9,KI08,6203_PU_2905,inner_race,N15_M07_F04,0.3333333333333333,0.3333333333333333,normal,1.0613883567194888,1.886665209348367e-05,0.9044355800498952,1.169177423470597e-05,1.0135312660198263,2.830342490898237e-05,-0.38790916763923017,-0.16213856834720056,0,-0.7239531435685744,-0.2350823569831824,0,-0.5844681357431573,-0.028433873159194805,0,normal,normal
N15_M07_F04_KI14_1,KI14,6203_PU_2905,inner_race,N15_M07_F04,0.0,0.0,normal,0.946602638945373,4.20747177151213e-06,1.144894505823157,6.125911698362811e-06,1.6142021599886667,2.059146511987656e-05,-0.7322689396109778,-0.8157867975993961,0,0.37463663986091594,-0.5923823943506986,0,2.0293065866259,-0.29356662356188046,1,normal,normal
N15_M07_F04_KI14_10,KI14,6203_PU_2905,inner_race,N15_M07_F04,0.0,0.0,normal,0.7490461670328462,3.4471005744614764e-06,1.0082906795818274,5.25636083077047e-06,1.6723614224249501,3.1327477196773856e-05,-1.32494286227805,-0.849691509568973,0,-0.24946815227148522,-0.6482031329073908,0,2.2823822917315177,0.07553130850011669,1,normal,normal
N15_M07_F04_KI14_11,KI14,6203_PU_2905,inner_race,N15_M07_F04,0.0,0.0,normal,0.8754746087726453,4.037579290943634e-06,0.8877065644156222,4.633615569068126e-06,1.412163654423837,1.8733719218083833e-05,-0.9456546527994475,-0.8233622497493651,0,-0.8003833513620425,-0.6881802081268735,0,1.150151055547402,-0.35743486120329243,0,normal,normal
N15_M07_F04_KI14_12,KI14,6203_PU_2905,inner_race,N15_M07_F04,0.0,0.0,normal,1.0354049469682136,5.771272750758905e-06,0.774753827833677,3.208129133866771e-06,1.3497604630951938,1.7962887749322877e-05,-0.46585998966227554,-0.7460574049228191,0,-1.3164329095985943,-0.7796891796903296,0,0.8786082094936217,-0.3839356045938685,0,normal,normal
N15_M07_F04_KI14_13,KI14,6203_PU_2905,inner_race,N15_M07_F04,0.0,0.0,normal,1.1879743632607795,9.189563082217234e-06,1.0250305787736946,6.412389028775479e-06,1.754301631667636,3.0024854268303743e-05,-0.008148260161568143,-0.5936369166586339,0,-0.17298822053808863,-0.5739920082797118,0,2.638939018242848,0.030747880006264675,1,normal,normal
N15_M07_F04_KI14_14,KI14,6203_PU_2905,inner_race,N15_M07_F04,0.0,0.0,normal,0.9721258339854826,5.029693421637731e-06,1.020294522335818,5.586952729877123e-06,1.1492253816328197,1.3656301138921128e-05,-0.6556987722204792,-0.7791241934255541,0,-0.19462594182319023,-0.6269808161266728,0,0.005994716585201416,-0.5319935800096852,0,normal,normal
N15_M07_F04_KI14_15,KI14,6203_PU_2905,inner_race,N15_M07_F04,0.0,0.0,normal,0.8069515430030558,3.0298165277557047e-06,0.40847315219854347,9.593752912014506e-07,1.19839595890518,1.5076715235124974e-05,-1.1512254133504776,-0.8682980736628467,0,-2.989867184605879,-0.9240477273131317,0,0.21995682670112257,-0.4831605587886375,0,normal,normal
N15_M07_F04_KI14_16,KI14,6203_PU_2905,inner_race,N15_M07_F04,0.0,0.0,normal,1.086624574194013,6.215199626452441e-06,0.6866248664319952,2.4181426714575554e-06,1.5915835148722546,2.4163492062295822e-05,-0.312199939492414,-0.7262628454835289,0,-1.719069560780479,-0.8304022885203752,0,1.930883234582175,-0.17076238784815598,0,normal,normal
N15_M07_F04_KI14_17,KI14,6203_PU_2905,inner_race,N15_M07_F04,0.0,0.0,normal,0.8966319533568131,4.215840690402963e-06,1.0778142271198206,6.066650648530797e-06,1.3754027730179772,1.7190440895411217e-05,-0.8821821363765493,-0.8154136301443544,0,0.06816555081273089,-0.5961866520342396,0,0.9901888140680816,-0.41049188399859377,0,normal,normal
N15_M07_F04_KI14_18,KI14,6203_PU_2905,inner_race,N15_M07_F04,0.0,0.0,normal,1.7111067506307371,1.5399014987750796e-05,1.007412193063207,5.091456368757191e-06,1.4383101508682514,1.9043391081074707e-05,1.5612608363626113,-0.31675941371972416,0,-0.25348171222203986,-0.6587891597908586,0,1.2639255902736812,-0.34678852032466423,0,normal,normal
N15_M07_F04_KI14_19,KI14,6203_PU_2905,inner_race,N15_M07_F04,0.0,0.0,normal,1.169996958154896,7.374297145911396e-06,0.8349245333661623,4.075946611649045e-06,1.5824944353363428,2.3600739915856582e-05,-0.06208088560446817,-0.6745790524961826,0,-1.0415297337353542,-0.7239797159342392,0,1.8913327809492404,-0.1901094835878435,0,normal,normal
N15_M07_F04_KI14_2,KI14,6203_PU_2905,inner_race,N15_M07_F04,0.0,0.0,normal,1.0812397736668191,6.403342927309834e-06,0.7191600499806539,2.7109308889599276e-06,1.3482135845597472,1.6825432108789267e-05,-0.328354463919459,-0.7178735950104468,0,-1.5704253791032183,-0.8116067756288372,0,0.8718770825901505,-0.42304067654480665,0,normal,normal
N15_M07_F04_KI14_20,KI14,6203_PU_2905,inner_race,N15_M07_F04,0.0,0.0,normal,1.3013356298243577,7.166065653848851e-06,0.9510215387175778,3.8247608174123355e-06,1.5895340591123956,2.094789531356844e-05,0.33193812568202963,-0.6838640290823031,0,-0.5111148882241122,-0.7401045650624629,0,1.9219651802640465,-0.281312758115955,0,normal,normal
N15_M07_F04_KI14_3,KI14,6203_PU_2905,inner_race,N15_M07_F04,0.0,0.0,normal,1.0412391610420735,5.535130946086278e-06,0.9691652920179386,5.283011440273963e-06,1.0964053746400249,1.1836838505703032e-05,-0.44835721434259385,-0.7565868935495013,0,-0.42822113851304255,-0.6464922994634658,0,-0.22384761554598706,-0.5945456608544896,0,normal,normal
N15_M07_F04_KI14_4,KI14,6203_PU_2905,inner_race,N15_M07_F04,0.0,0.0,normal,1.3436147320631637,8.58140361502182e-06,0.6393350418332279,2.3905245128387733e-06,1.3827792664287022,1.4417050406203528e-05,0.45877639692737926,-0.6207545555786919,0,-1.935123583301423,-0.8321752336914208,0,1.0222870765446967,-0.5058394569181283,0,normal,normal
N15_M07_F04_KI14_5,KI14,6203_PU_2905,inner_race,N15_M07_F04,0.0,0.0,normal,0.7650650815298184,3.2964703639998816e-06,0.9391955334939767,5.5214055310844695e-06,1.5740748086443488,2.5463097295645526e-05,-1.276885753341661,-0.8564080631673029,0,-0.5651446085834329,-0.6311886125688283,0,1.8546954015784674,-0.1260827059801981,0,normal,normal
N15_M07_F04_KI14_6,KI14,6203_PU_2905,inner_race,N15_M07_F04,0.0,0.0,normal,1.0083025850817064,6.563164459886988e-06,0.7749617922585764,3.950796453739802e-06,1.0232064838287183,1.4111588025258468e-05,-0.5471676936180893,-0.7107472032565468,0,-1.3154827781290444,-0.7320137188952434,0,-0.5423671450072745,-0.5163410782205271,0,normal,normal
N15_M07_F04_KI14_7,KI14,6203_PU_2905,inner_race,N15_M07_F04,0.0,0.0,normal,0.8478821769614618,4.767086077178347e-06,0.9547183661865273,5.632418223877762e-06,1.3059247307391804,2.182658547100099e-05,-1.028432577709438,-0.7908337721280699,0,-0.4942251143243528,-0.6240621628902179,0,0.6878602802712895,-0.251103894926476,0,normal,normal
N15_M07_F04_KI14_8,KI14,6203_PU_2905,inner_race,N15_M07_F04,0.0,0.0,normal,1.025854777357627,6.097109530546489e-06,0.8039013616918051,3.964766261596215e-06,1.416597694985268,1.6503413796994934e-05,-0.49451071636561744,-0.7315284456320893,0,-1.1832659547611646,-0.7311169283553187,0,1.1694454532846579,-0.43411148124566473,0,normal,normal
N15_M07_F04_KI14_9,KI14,6203_PU_2905,inner_race,N15_M07_F04,0.0,0.0,normal,1.1805711506198047,7.95799184302064e-06,0.7089287450470424,2.5657112784552733e-06,1.038174454188843,1.133225262994904e-05,-0.030358066976744508,-0.6485522899617518,0,-1.6171693584962559,-0.8209291352668997,0,-0.4772351351741284,-0.6118930335990919,0,normal,normal
N15_M07_F04_KI16_1,KI16,6203_PU_2855,inner_race,N15_M07_F04,1.0,1.0,normal,6.932419745384121,0.00022944196810788882,11.680510541038322,0.0012414203350671169,4.399118142277486,8.564491828248926e-05,5.0,5.0,1,5.0,5.0,1,5.0,1.9429337514220058,1,outer_race,inner_race
N15_M07_F04_KI16_10,KI16,6203_PU_2855,inner_race,N15_M07_F04,0.3333333333333333,1.0,inner_race,6.590589671860077,0.0001936051963612021,11.697930752198817,0.0010736746785648152,3.106249368233555,6.0907814593146366e-05,5.0,5.0,1,5.0,5.0,1,5.0,1.0924863272255207,1,outer_race,normal
N15_M07_F04_KI16_11,KI16,6203_PU_2855,inner_race,N15_M07_F04,1.0,1.0,normal,8.532806013389479,0.0002308370592401652,15.903699376230996,0.001136857772734255,4.3554587971613135,9.286575695676699e-05,5.0,5.0,1,5.0,5.0,1,5.0,2.1911820398311077,1,outer_race,normal
N15_M07_F04_KI16_12,KI16,6203_PU_2855,inner_race,N15_M07_F04,1.0,1.0,normal,8.318331434482424,0.0002402118494603393,12.111974303753644,0.001055164357472149,4.503069244121955,7.477367448109716e-05,5.0,5.0,1,5.0,5.0,1,5.0,1.5691866303033368,1,outer_race,normal
N15_M07_F04_KI16_13,KI16,6203_PU_2855,inner_race,N15_M07_F04,1.0,1.0,normal,8.051642260488293,0.0002043793401100706,15.576785914148054,0.0011199774272723797,4.600405216935248,7.501286555614712e-05,5.0,5.0,1,5.0,5.0,1,5.0,1.5774098821529323,1,outer_race,normal
N15_M07_F04_KI16_14,KI16,6203_PU_2855,inner_race,N15_M07_F04,1.0,1.0,normal,8.517169982013165,0.00023125440371310715,13.716498359437617,0.000997968923715236,4.514086471920827,9.567525918087684e-05,5.0,5.0,1,5.0,5.0,1,5.0,2.287771113466187,1,outer_race,normal
N15_M07_F04_KI16_15,KI16,6203_PU_2855,inner_race,N15_M07_F04,1.0,1.0,normal,7.8907605306074595,0.00023201161073056262,14.169917718635679,0.0010719608823112163,4.795330785772632,9.479213353822344e-05,5.0,5.0,1,5.0,5.0,1,5.0,2.257409760841061,1,outer_race,normal
N15_M07_F04_KI16_16,KI16,6203_PU_2855,inner_race,N15_M07_F04,1.0,1.0,normal,8.45023752131622,0.00021241436427290664,13.553872696481982,0.0009593358969764681,4.558408042455241,9.372300329785997e-05,5.0,5.0,1,5.0,5.0,1,5.0,2.220653676924923,1,outer_race,normal
N15_M07_F04_KI16_17,KI16,6203_PU_2855,inner_race,N15_M07_F04,0.0,0.6666666666666666,inner_race,8.612804218151078,0.0002279959266141062,12.458777519535186,0.0009684656761715928,4.447424364302844,8.443264484831333e-05,5.0,5.0,1,5.0,5.0,1,5.0,1.901256486675733,1,outer_race,normal
N15_M07_F04_KI16_18,KI16,6203_PU_2855,inner_race,N15_M07_F04,1.0,1.0,normal,7.60769990848594,0.00020518030169896313,11.021327649397152,0.0010294676549016445,4.041901578901688,7.159926215731127e-05,5.0,5.0,1,5.0,5.0,1,5.0,1.460052156922593,1,outer_race,normal
N15_M07_F04_KI16_19,KI16,6203_PU_2855,inner_race,N15_M07_F04,1.0,1.0,normal,7.653484160310052,0.00022895120242380165,12.675379060608561,0.0010604979791389432,4.063247162517738,7.590952964915699e-05,5.0,5.0,1,5.0,5.0,1,5.0,1.6082366789293976,1,outer_race,normal
N15_M07_F04_KI16_2,KI16,6203_PU_2855,inner_race,N15_M07_F04,1.0,1.0,normal,9.233566574871377,0.00025110478105017103,14.384365172721324,0.0011667118875366314,4.209927152964754,8.574111267014348e-05,5.0,5.0,1,5.0,5.0,1,5.0,1.9462408592479692,1,outer_race,normal
N15_M07_F04_KI16_20,KI16,6203_PU_2855,inner_race,N15_M07_F04,1.0,1.0,normal,7.789078273711502,0.00022025588391388464,12.628030621019827,0.001095858216675291,4.411499021643728,7.93156905941258e-05,5.0,5.0,1,5.0,5.0,1,5.0,1.7253385368682215,1,outer_race,normal
N15_M07_F04_KI16_3,KI16,6203_PU_2855,inner_race,N15_M07_F04,1.0,1.0,normal,8.81426880450896,0.00023092857335236708,15.665956088006359,0.0010464867630511805,5.018823844567543,0.00010485146234092789,5.0,5.0,1,5.0,5.0,1,5.0,2.603243710394787,1,outer_race,normal
N15_M07_F04_KI16_4,KI16,6203_PU_2855,inner_race,N15_M07_F04,1.0,1.0,normal,8.576743229471923,0.000235471838289216,15.30766063578605,0.0012327074680579181,5.391251560852026,0.00013750804878919832,5.0,5.0,1,5.0,5.0,1,5.0,3.7259584055652777,1,outer_race,normal
N15_M07_F04_KI16_5,KI16,6203_PU_2855,inner_race,N15_M07_F04,1.0,1.0,normal,8.179857064362297,0.0002725534588240086,13.280591983864493,0.0011162663090422014,4.238704273861224,9.35907044806795e-05,5.0,5.0,1,5.0,5.0,1,5.0,2.2161053195380456,1,outer_race,normal
N15_M07_F04_KI16_6,KI16,6203_PU_2855,inner_race,N15_M07_F04,0.6666666666666666,1.0,inner_race,7.6922732093555775,0.0002360786352509847,12.4893386921491,0.001051935840491202,3.6686060095560467,8.113931791819666e-05,5.0,5.0,1,5.0,5.0,1,5.0,1.788033797393751,1,outer_race,normal
N15_M07_F04_KI16_7,KI16,6203_PU_2855,inner_race,N15_M07_F04,1.0,1.0,normal,8.106534734147951,0.00022725472049972418,14.313032129683997,0.001052044080536732,4.883680247960936,0.00010280422726386377,5.0,5.0,1,5.0,5.0,1,5.0,2.532860943686171,1,outer_race,normal
N15_M07_F04_KI16_8,KI16,6203_PU_2855,inner_race,N15_M07_F04,1.0,1.0,normal,7.992639446692096,0.00020743467468560498,14.530973424486987,0.0011487266114000708,4.889217620672625,8.611783686151714e-05,5.0,5.0,1,5.0,5.0,1,5.0,1.9591924206841713,1,outer_race,normal
N15_M07_F04_KI16_9,KI16,6203_PU_2855,inner_race,N15_M07_F04,1.0,1.0,normal,8.729931026947163,0.00025769270437456406,16.244383706759166,0.0012279503009817792,4.775185827354715,9.352884095566902e-05,5.0,5.0,1,5.0,5.0,1,5.0,2.213978487061714,1,outer_race,normal
N15_M07_F04_KI17_1,KI17,6203_PU_2905,inner_race,N15_M07_F04,0.0,0.0,normal,1.1991172864593338,6.057804696862206e-06,1.439055975942038,1.2118868688444816e-05,1.4377372759402878,1.0995145736028828e-05,0.025280763641758398,-0.7332810357752284,0,1.7185783742423004,-0.2076650675183568,0,1.2614327676301587,-0.6234825750916488,0,normal,normal
N15_M07_F04_KI17_10,KI17,6203_PU_2905,inner_race,N15_M07_F04,0.0,0.0,normal,1.4906231375347685,8.201494664947562e-06,1.411901079765419,1.3399020032530888e-05,1.0958174742726166,7.242730435997701e-06,0.8998049670997887,-0.6376945758962604,0,1.594515225354028,-0.12548586886021929,0,-0.2264058202717899,-0.752488458985881,0,normal,normal
N15_M07_F04_KI17_11,KI17,6203_PU_2905,inner_race,N15_M07_F04,0.0,0.0,normal,1.1800932197730662,1.206574761730159e-05,1.2591487398908814,2.5968026729373678e-05,1.5556930708876373,1.2104112498270868e-05,-0.03179187042017446,-0.4653887549559889,0,0.8966323772065947,0.6813803685163637,0,1.77470863680574,-0.5853569344219787,0,normal,normal
N15_M07_F04_KI17_12,KI17,6203_PU_2905,inner_race,N15_M07_F04,0.0,0.0,normal,1.4009541720564307,1.1667568542626424e-05,0.9984916701637002,1.643264080628349e-05,1.3212438310328192,1.0296118048067123e-05,0.6307960250132151,-0.48314343436985785,0,-0.2942370939935101,0.06925713974682075,0,0.754520205896097,-0.6475147457182032,0,normal,normal
N15_M07_F04_KI17_13,KI17,6203_PU_2905,inner_race,N15_M07_F04,0.0,0.3333333333333333,normal,1.127210049104922,8.610051956790586e-06,1.1407855006794574,2.170554411656746e-05,1.1650436302203144,8.907762075303862e-06,-0.19044258886810778,-0.6194771350506082,0,0.3558637410948949,0.40775068634410694,0,0.07482664888836453,-0.6952456270587294,0,normal,normal
N15_M07_F04_KI17_14,KI17,6203_PU_2905,inner_race,N15_M07_F04,0.0,0.0,normal,1.8956609578343195,1.3420391690116314e-05,0.8017624824501552,2.2126846172507353e-06,1.2449124414150081,1.1003078959182994e-05,2.114927668277335,-0.40498560280053203,1,-1.1930378976213007,-0.8435916495522389,0,0.4223698408466326,-0.6232098354337744,0,outer_race,normal
N15_M07_F04_KI17_15,KI17,6203_PU_2905,inner_race,N15_M07_F04,0.0,0.0,normal,1.3644201847250481,1.2168819424094362e-05,1.0245535730992772,1.5187355068368373e-05,1.262510390389444,6.203363071362748e-06,0.5211932295555854,-0.4607928155844717,0,-0.17516752645849779,-0.010683864506338075,0,0.49894600702475744,-0.7882213123202224,0,normal,normal
N15_M07_F04_KI17_16,KI17,6203_PU_2905,inner_race,N15_M07_F04,0.0,0.3333333333333333,normal,1.610834023366259,1.4050121939320475e-05,1.4614105204503216,2.9266728571822255e-05,1.1767912500423323,7.593795045423073e-06,1.2604403670100432,-0.37690612951089014,0,1.8207100548652826,0.8931402321269271,0,0.12594554285692244,-0.7404190592468576,0,normal,normal
N15_M07_F04_KI17_17,KI17,6203_PU_2905,inner_race,N15_M07_F04,0.0,0.0,normal,1.277815002559994,1.506574981046426e-05,1.0229695206802345,1.9328080485578795e-05,1.3692265325222521,1.2435413098715512e-05,0.2613757073040942,-0.331619602913131,0,-0.18240462027142615,0.2551296256108551,0,0.9633133628865969,-0.5739670099659365,0,normal,normal
N15_M07_F04_KI17_18,KI17,6203_PU_2905,inner_race,N15_M07_F04,0.0,0.0,normal,2.068818508550598,1.530810065150292e-05,0.9265582346993668,4.058661954595255e-06,1.6721881319638423,1.5342243914205097e-05,2.6344042707339708,-0.32081325531228533,1,-0.6228809030514336,-0.7250893029157499,0,2.2816282311778617,-0.4740318352319152,1,outer_race,normal
N15_M07_F04_KI17_19,KI17,6203_PU_2905,inner_race,N15_M07_F04,0.0,0.0,normal,1.4034132767005343,1.258353577447626e-05,1.3329298339095084,2.732102703229902e-05,1.2445413545043826,7.918544503566013e-06,0.6381733950459975,-0.4423007442602134,0,1.233717623006721,0.768236099436212,0,0.4207550837532995,-0.729254359302383,0,normal,normal
N15_M07_F04_KI17_2,KI17,6203_PU_2905,inner_race,N15_M07_F04,0.0,0.0,normal,1.0303218458678125,5.895912407299322e-06,1.009510029420995,1.1252171719018098e-05,1.240532252619325,1.0340330377977604e-05,-0.4811094089261605,-0.7404997619303161,0,-0.24389728285406476,-0.26330260034286257,0,0.4033097750629979,-0.6459947511965206,0,normal,normal
N15_M07_F04_KI17_20,KI17,6203_PU_2905,inner_race,N15_M07_F04,0.0,0.0,normal,1.5981100339259304,1.9358370349915262e-05,1.2316271342080585,2.817005357946112e-05,0.9230003070253014,5.137294461812567e-06,1.2222681084119398,-0.14021300630702643,0,0.7708938348360197,0.8227392811167177,0,-0.9784068708935137,-0.8248721391265664,0,normal,normal
N15_M07_F04_KI17_3,KI17,6203_PU_2905,inner_race,N15_M07_F04,0.0,0.0,normal,1.0937942103820129,7.64290732206805e-06,1.2874125808077677,2.3102964255405533e-05,1.334818917067366,1.0524221293197306e-05,-0.2906908673648296,-0.6626018094206773,0,1.0257619854002464,0.49745794457492354,0,0.8135911831772512,-0.6396726870961424,0,normal,normal
N15_M07_F04_KI17_4,KI17,6203_PU_2905,inner_race,N15_M07_F04,0.0,0.0,normal,1.4088802351540295,1.1707559008041787e-05,1.6294421827970031,3.943853394095059e-05,1.0996388978379894,8.114614068933562e-06,0.6545743951262457,-0.4813602721239753,0,2.5883998669739947,1.5461183491309614,1,-0.20977717983169702,-0.7225136002012278,0,inner_race,normal
N15_M07_F04_KI17_5,KI17,6203_PU_2905,inner_race,N15_M07_F04,0.0,0.0,normal,1.0209404849402837,6.018656423577191e-06,1.6726809483540679,4.008172061344648e-05,1.1243425344368798,7.376649653641203e-06,-0.5092537057292336,-0.7350266449395195,0,2.785945730311526,1.587407658850073,1,-0.10228114241570661,-0.7478843931612957,0,inner_race,normal
N15_M07_F04_KI17_6,KI17,6203_PU_2905,inner_race,N15_M07_F04,0.0,0.0,normal,0.9947069953888323,6.08962878422234e-06,1.3064692639787938,2.407467079546663e-05,0.8946892841826475,5.118874366332192e-06,-0.587954772857971,-0.7318620097523789,0,1.112826657133343,0.5598365571991223,0,-1.1016001812628697,-0.825505411434896,0,normal,normal
N15_M07_F04_KI17_7,KI17,6203_PU_2905,inner_race,N15_M07_F04,0.0,0.0,normal,1.6462121625801214,9.410342405263099e-06,0.8809149812653336,2.8773339901309058e-06,1.225250783958622,1.0454794437624992e-05,1.366575591746318,-0.5837924362446691,0,-0.8314122010428164,-0.800924543741464,0,0.3368136006901933,-0.6420595425353657,0,normal,normal
N15_M07_F04_KI17_8,KI17,6203_PU_2905,inner_race,N15_M07_F04,0.0,0.0,normal,1.4121378676156928,1.1686327445038303e-05,1.0948569839192093,1.9684277122619384e-05,0.9808339083080354,6.046801609922823e-06,0.6643473668288203,-0.48230698082505347,0,0.1460291545075115,0.27799563620557655,0,-0.7267482560776902,-0.793603805488466,0,normal,normal
N15_M07_F04_KI17_9,KI17,6203_PU_2905,inner_race,N15_M07_F04,0.0,0.0,normal,1.8032933273837917,1.2703547935307251e-05,1.0719945255141012,6.279416881926863e-06,1.904105379328447,2.1939867678794633e-05,1.8378226697085402,-0.43694943984257617,0,0.04157695691424489,-0.5825281431065458,0,3.2907988850741714,-0.24720931765359586,1,normal,normal
N15_M07_F04_KI18_1,KI18,6203_PU_2905,inner_race,N15_M07_F04,0.6666666666666666,1.0,inner_race,1.4110324850416975,8.295250204098011e-06,4.986098346623271,0.00010708214640286161,1.9386751358612277,1.8856842105475108e-05,0.6610311938893294,-0.6335140459619623,0,5.0,5.0,1,3.441226609625317,-0.35320196701501066,1,inner_race,normal
N15_M07_F04_KI18_10,KI18,6203_PU_2905,inner_race,N15_M07_F04,1.0,1.0,normal,1.2116189657706329,4.141784825283783e-06,6.341870307085062,9.654667968091666e-05,1.8497606704547778,1.543773666923381e-05,0.06278608678112951,-0.8187157578239177,0,5.0,5.0,1,3.0543219261025745,-0.47074884913283593,1,inner_race,normal
N15_M07_F04_KI18_11,KI18,6203_PU_2905,inner_race,N15_M07_F04,1.0,1.0,normal,1.123818840407484,3.274922187749672e-06,5.4615927277518885,9.084844742102831e-05,1.859795743632566,1.4045752463247288e-05,-0.20061629232533063,-0.8573688895532403,0,5.0,4.846373051353818,1,3.0979888007132614,-0.5186044670487454,1,inner_race,normal
N15_M07_F04_KI18_12,KI18,6203_PU_2905,inner_race,N15_M07_F04,1.0,1.0,normal,1.2072070603188092,4.446981374601148e-06,5.675279962787767,8.895443529669367e-05,1.645601096418994,1.1473054478981434e-05,0.04955026977521353,-0.8051071399030252,0,5.0,4.724787115951986,1,2.165936723319555,-0.607052346858417,1,inner_race,normal
N15_M07_F04_KI18_13,KI18,6203_PU_2905,inner_race,N15_M07_F04,1.0,1.0,normal,1.459482191196399,5.159128122786487e-06,6.130465471356151,9.559981169968306e-05,1.9823356189696564,1.825306152484025e-05,0.8063814176546548,-0.7733527409056024,0,5.0,5.0,1,3.6312119547803157,-0.37395959676945884,1,inner_race,normal
N15_M07_F04_KI18_14,KI18,6203_PU_2905,inner_race,N15_M07_F04,0.0,1.0,inner_race,1.3212282286303512,3.973323333597597e-06,5.780452504614604,0.00010406318223139467,1.7969090504074836,9.121049134188952e-06,0.3916163759172875,-0.8262274026307433,0,5.0,5.0,1,2.8243420321158395,-0.6879129404143584,1,inner_race,normal
N15_M07_F04_KI18_15,KI18,6203_PU_2905,inner_race,N15_M07_F04,1.0,1.0,normal,1.581205021218023,6.06238624579299e-06,5.369194540609265,9.051568773753135e-05,1.9613128096249755,1.4479862768302656e-05,1.1715526846278563,-0.7330767459527373,0,5.0,4.825011573852079,1,3.5397327634127356,-0.5036800039673808,1,inner_race,normal
N15_M07_F04_KI18_16,KI18,6203_PU_2905,inner_race,N15_M07_F04,1.0,1.0,normal,1.2114917895567117,3.7499926719132403e-06,6.210541557872097,9.841773537136161e-05,1.8565548645480758,1.238114179534846e-05,0.062404555238047436,-0.8361856464302895,0,5.0,5.0,1,3.0838863564058228,-0.5758328262205766,1,inner_race,normal
N15_M07_F04_KI18_17,KI18,6203_PU_2905,inner_race,N15_M07_F04,1.0,1.0,normal,1.3650411793605088,4.756445901750609e-06,5.425647013140117,8.924236070244947e-05,1.4176824929063885,8.69721352452203e-06,0.5230562276289499,-0.791308214196079,0,5.0,4.743270461087419,1,1.1741658707604712,-0.7024841653665854,0,inner_race,normal
N15_M07_F04_KI18_18,KI18,6203_PU_2905,inner_race,N15_M07_F04,1.0,1.0,normal,1.8327634886094233,9.420474177682804e-06,5.549385596155764,9.968195157767328e-05,1.8801235860414514,1.5765349090158916e-05,1.926233825699217,-0.5833406637065143,0,5.0,5.0,1,3.186443895145392,-0.4594857221714301,1,inner_race,normal
N15_M07_F04_KI18_19,KI18,6203_PU_2905,inner_race,N15_M07_F04,1.0,1.0,normal,1.2784812201825684,4.3783878419651e-06,5.4553570753111265,8.569187761903768e-05,1.7335275198851299,1.3744551905100061e-05,0.26337437537048874,-0.8081657038991653,0,5.0,4.515347523700387,1,2.5485420158210847,-0.5289595693299073,1,inner_race,normal
N15_M07_F04_KI18_2,KI18,6203_PU_2905,inner_race,N15_M07_F04,0.0,0.6666666666666666,inner_race,1.272975855250755,5.196705747809698e-06,4.764766356214536,8.084039390939598e-05,2.296596863711714,2.243466997816836e-05,0.24685815497910485,-0.7716771664521583,0,5.0,4.203906969891495,1,4.998696389226104,-0.23019829864856278,1,inner_race,normal
N15_M07_F04_KI18_20,KI18,6203_PU_2905,inner_race,N15_M07_F04,1.0,1.0,normal,1.481716793750974,5.910622565924497e-06,5.376896262835921,9.046982249453406e-05,2.43141766681676,2.601118144996132e-05,0.8730857325646624,-0.739843840594595,0,5.0,4.822067258765281,1,5.0,-0.10723988738937065,1,inner_race,normal
N15_M07_F04_KI18_3,KI18,6203_PU_2905,inner_race,N15_M07_F04,0.6666666666666666,1.0,inner_race,1.6939605793975847,6.474372843365359e-06,6.1658313717306505,9.160750111374137e-05,2.2640154752958837,1.253443085389125e-05,1.5098219315011532,-0.7147063934457017,0,5.0,4.895100433857324,1,4.856920900658145,-0.570562836385373,1,inner_race,normal
N15_M07_F04_KI18_4,KI18,6203_PU_2905,inner_race,N15_M07_F04,1.0,1.0,normal,1.2968418484051996,3.898792219929413e-06,5.478276907856253,8.603637813608802e-05,2.18587120494144,1.8280233144564433e-05,0.3184566789062433,-0.8295507214932847,0,5.0,4.537462702940169,1,4.5168819199097054,-0.3730254520815488,1,inner_race,normal
N15_M07_F04_KI18_5,KI18,6203_PU_2905,inner_race,N15_M07_F04,1.0,1.0,normal,1.479026564364873,5.994438026939511e-06,5.430111577555683,9.364596829654081e-05,2.1203699653811716,1.616468310236467e-05,0.8650149830331525,-0.7361065356107476,0,5.0,5.0,1,4.231858147382198,-0.44575684807447025,1,inner_race,normal
N15_M07_F04_KI18_6,KI18,6203_PU_2905,inner_race,N15_M07_F04,0.0,1.0,inner_race,1.3145883937205385,4.791062294638768e-06,5.519421472468923,0.00011039955138487886,2.1645296234668625,1.9632542012985117e-05,0.3716967197108187,-0.7897646801500089,0,5.0,5.0,1,4.42401561532641,-0.32653384949503017,1,inner_race,normal
N15_M07_F04_KI18_7,KI18,6203_PU_2905,inner_race,N15_M07_F04,1.0,1.0,normal,1.0438975146469132,2.773919388788066e-06,5.266178978151461,9.889934188080177e-05,2.0925316499941062,1.9332466997693277e-05,-0.4403820928820623,-0.8797084464178772,0,5.0,5.0,1,4.110721788349919,-0.33685025625895576,1,inner_race,normal
N15_M07_F04_KI18_8,KI18,6203_PU_2905,inner_race,N15_M07_F04,1.0,1.0,normal,1.409273002064583,4.9730984971840525e-06,6.260380657340806,0.00010438896527358053,2.11347476718439,1.6388208410663503e-05,0.6557527048182441,-0.7816477432654017,0,5.0,5.0,1,4.201854205234457,-0.4380721762926494,1,inner_race,normal
N15_M07_F04_KI18_9,KI18,6203_PU_2905,inner_race,N15_M07_F04,1.0,1.0,normal,1.5471960620126606,6.8303232316048e-06,6.0652908160803145,0.00010178413989919408,2.6862825174577347,2.6605950844445406e-05,1.0695250311526956,-0.6988346778474145,0,5.0,5.0,1,5.0,-0.08679205704180218,1,inner_race,normal
N15_M07_F04_KI21_1,KI21,6203_PU_2855,inner_race,N15_M07_F04,0.0,0.0,normal,1.110239010995364,1.0280907849592546e-05,1.1101192080613376,8.989875374929012e-06,1.1470221849795152,1.009398835216814e-05,-0.24135609036340525,-0.5449741975276517,0,0.21575800096656647,-0.40853050760815784,0,-0.003592329796829698,-0.6544638486281354,0,normal,normal
N15_M07_F04_KI21_10,KI21,6203_PU_2855,inner_race,N15_M07_F04,0.0,0.0,normal,1.379151848490587,1.5543047360188023e-05,0.9888019451458332,8.566629778965245e-06,1.3126849884704102,1.4884435195202566e-05,0.565388556931143,-0.31033705563893316,0,-0.3385067457630912,-0.4357007199995059,0,0.7172770390188925,-0.48977103618041307,0,normal,normal
N15_M07_F04_KI21_11,KI21,6203_PU_2855,inner_race,N15_M07_F04,0.0,0.0,normal,0.861792460653224,5.772259720915961e-06,1.3160669142379424,1.1496684337836464e-05,1.3106666895726358,1.486388472987592e-05,-0.9867014092936605,-0.7460133962346582,0,1.1566756450040294,-0.2476061351013708,0,0.7084945614689454,-0.490477549381092,0,normal,normal
N15_M07_F04_KI21_12,KI21,6203_PU_2855,inner_race,N15_M07_F04,0.3333333333333333,0.0,normal,1.3545445501112208,1.324210204962993e-05,1.1740862315701972,7.229387422717347e-06,1.0751024614183107,8.605544092758039e-06,0.4915661004175669,-0.412935481664036,0,0.5080054951165275,-0.5215448709710672,0,-0.31654565810275953,-0.7056357078066499,0,normal,normal
N15_M07_F04_KI21_13,KI21,6203_PU_2855,inner_race,N15_M07_F04,0.0,0.0,normal,0.9821916738116321,8.582421185041739e-06,0.8752694622133176,6.914702845515157e-06,0.9044841427461195,8.09188592199971e-06,-0.6255010231062718,-0.6207091824522925,0,-0.8572050034216709,-0.5417460186744375,0,-1.058978582681282,-0.7232949808454373,0,normal,normal
N15_M07_F04_KI21_14,KI21,6203_PU_2855,inner_race,N15_M07_F04,0.0,0.0,normal,1.2130558345723446,9.766877805592779e-06,1.1932872282340514,1.0894725359861852e-05,1.1479097041053008,1.1924964795455353e-05,0.06709672596608854,-0.567894635141703,0,0.5957294949586641,-0.2862488367347013,0,0.0002696436729847014,-0.5915159296028013,0,normal,normal
N15_M07_F04_KI21_15,KI21,6203_PU_2855,inner_race,N15_M07_F04,0.0,0.0,normal,1.1141272965529236,8.86969694494347e-06,0.9634007396220479,6.22218684933497e-06,1.092954604676677,9.109826002709528e-06,-0.22969114498581716,-0.6078996468819168,0,-0.4545577710493661,-0.5862020198237853,0,-0.2388633844028964,-0.6882987852318423,0,normal,normal
N15_M07_F04_KI21_16,KI21,6203_PU_2855,inner_race,N15_M07_F04,0.0,0.0,normal,0.9799416967929219,8.266541031263078e-06,1.1718697060091197,1.1101125816950241e-05,1.2090444630189041,1.0318381856734597e-05,-0.6322510054919674,-0.6347941789281093,0,0.4978788078734587,-0.27299897823589503,0,0.2662930004078159,-0.6467493287570326,0,normal,normal
N15_M07_F04_KI21_17,KI21,6203_PU_2855,inner_race,N15_M07_F04,0.0,0.0,normal,0.7077669550259704,5.209201241901555e-06,0.8341717782077985,5.444353831665881e-06,1.2558547084559992,1.431884908231922e-05,-1.44878144001674,-0.7711199963098051,0,-1.0449688621592337,-0.6361349393783258,0,0.4699843020837677,-0.5092155620595752,0,normal,normal
N15_M07_F04_KI21_18,KI21,6203_PU_2855,inner_race,N15_M07_F04,0.3333333333333333,0.0,normal,1.0136921321006496,8.455593394033005e-06,1.200343977192942,1.105930268990729e-05,1.0124043152543711,8.81180662557203e-06,-0.5309989296075132,-0.6263643936709288,0,0.627969813281362,-0.27568381005804254,0,-0.5893719781861275,-0.6985445203360864,0,normal,normal
N15_M07_F04_KI21_19,KI21,6203_PU_2855,inner_race,N15_M07_F04,0.3333333333333333,0.0,normal,1.2051080494040538,1.0925075401165171e-05,1.0750917324432916,7.998610100525175e-06,1.2548648144206562,1.2551845865302994e-05,0.04325318914542832,-0.5162509694767576,0,0.0557272317631975,-0.47216469139781225,0,0.46567685180877955,-0.5699641182903418,0,normal,normal
N15_M07_F04_KI21_2,KI21,6203_PU_2855,inner_race,N15_M07_F04,0.0,0.0,normal,1.0782469584200645,1.0950533998611079e-05,1.2561946880380437,1.188578986945977e-05,1.6188034012572936,1.9672614276288324e-05,-0.33733297793593364,-0.5151157786424638,0,0.8831361379848136,-0.22262754102343352,0,2.0493285458055674,-0.3251561880866488,1,normal,normal
N15_M07_F04_KI21_20,KI21,6203_PU_2855,inner_race,N15_M07_F04,0.0,0.0,normal,1.0692315156719434,9.968354747594683e-06,1.003761569724096,9.295118719772145e-06,0.9906066510488482,8.81663251962302e-06,-0.36437951185295536,-0.5589108418134155,0,-0.27016039233590766,-0.38893543895411004,0,-0.6842228928536198,-0.698378608868978,0,normal,normal
N15_M07_F04_KI21_3,KI21,6203_PU_2855,inner_race,N15_M07_F04,0.3333333333333333,0.0,normal,1.0843315818267623,7.3940239767800695e-06,0.981457029637632,7.065324640178605e-06,1.224590864626514,6.874797860098012e-06,-0.3190789689050566,-0.6736994393266291,0,-0.37206361669859245,-0.5320768663175108,0,0.3339420107956512,-0.7651377697290248,0,normal,normal
N15_M07_F04_KI21_4,KI21,6203_PU_2855,inner_race,N15_M07_F04,0.0,0.0,normal,0.995332946677474,9.327693275313251e-06,0.971800424074908,6.407174913919518e-06,1.189773044645638,1.2558496832981568e-05,-0.5860769047119859,-0.5874777348940063,0,-0.4161819549124975,-0.574326727906851,0,0.18243485659894595,-0.5697354618396235,0,normal,normal
N15_M07_F04_KI21_5,KI21,6203_PU_2855,inner_race,N15_M07_F04,0.3333333333333333,0.0,normal,0.7111454128843685,4.423204236754306e-06,1.1887364339417297,1.228369189474379e-05,0.8749806845929938,7.701041738647977e-06,-1.4386459893675263,-0.8061673549838765,0,0.5749381847589833,-0.19708425683805034,0,-1.1873606866210704,-0.7367319795000881,0,normal,normal
N15_M07_F04_KI21_6,KI21,6203_PU_2855,inner_race,N15_M07_F04,0.0,0.0,normal,1.2841576469165923,1.8996242901136175e-05,1.0014085552729766,9.971164594113907e-06,0.8774433726240488,9.473956039172007e-06,0.2804037850710011,-0.1563601550874591,0,-0.28091065925966197,-0.345536735772488,0,-1.1766444828074956,-0.6757802036116545,0,normal,normal
N15_M07_F04_KI21_7,KI21,6203_PU_2855,inner_race,N15_M07_F04,0.0,0.0,normal,1.0390077276786103,1.1639301175027222e-05,1.354608076803596,1.7766802020222704e-05,1.3519528348442593,1.617792857256132e-05,-0.4550515653395052,-0.4844038673798226,0,1.3327594701311825,0.15490349706917886,0,0.8881481521099202,-0.44530147641283685,0,normal,normal
N15_M07_F04_KI21_8,KI21,6203_PU_2855,inner_race,N15_M07_F04,0.3333333333333333,0.0,normal,0.9696606484355088,8.229124294286059e-06,0.7524646207495301,5.070462396572258e-06,0.9263531629257618,9.251244869280128e-06,-0.6630943851095982,-0.6364625794342935,0,-1.4182660817490738,-0.6601368659185592,0,-0.9638171677992537,-0.6834368857824105,0,normal,normal
N15_M07_F04_KI21_9,KI21,6203_PU_2855,inner_race,N15_M07_F04,0.3333333333333333,0.0,normal,1.3749053761364494,1.5127046330659698e-05,1.1976348624564304,1.197140427401465e-05,1.2200405893767798,1.312366304616896e-05,0.5526490429923723,-0.3288864104013357,0,0.6155926234469684,-0.21713153213947098,0,0.31414182645678146,-0.5503053718709596,0,normal,normal
N15_M07_F10_K001_1,K001,6203_PU_2905,normal,N15_M07_F10,0.3333333333333333,0.0,normal,0.7950275427264696,2.725831294524822e-05,0.8668053007043187,3.437636426380883e-05,0.7317210490590257,4.290364505724622e-05,-1.186997686206903,0.21204294356308848,0,-0.8958753972495604,1.221152828873646,0,-1.8107443362272295,0.47351331409951075,0,normal,normal
N15_M07_F10_K001_10,K001,6203_PU_2905,normal,N15_M07_F10,0.3333333333333333,0.0,normal,1.400526042608553,7.533541816739112e-05,1.0250048852238776,4.1303582011768384e-05,1.1771075469816294,7.03263635178764e-05,0.6295116269025054,2.3557859091178446,1,-0.17310560720293505,1.6658449397616446,0,0.12732188546482717,1.4162906324221733,0,outer_race,normal
N15_M07_F10_K001_11,K001,6203_PU_2905,normal,N15_M07_F10,0.3333333333333333,0.0,normal,1.2893426528638652,6.788756108821557e-05,1.0784875973228603,4.931353026239686e-05,1.3018587785037448,0.00012369144913363278,0.2959589212002947,2.0236883098932936,1,0.07124199151105956,2.180042836417167,1,0.6701675915093586,3.250951640998416,1,outer_race,normal
N15_M07_F10_K001_12,K001,6203_PU_2905,normal,N15_M07_F10,0.3333333333333333,0.0,normal,1.2077137588068965,5.936062803217205e-05,1.1329187229591786,5.921105979499676e-05,0.8499258378009734,5.16519464590828e-05,0.05107037679897696,1.6434750530387485,0,0.3199226272259998,2.815413841136139,1,-1.2963849890724717,0.7742748942230429,0,inner_race,normal
N15_M07_F10_K001_13,K001,6203_PU_2905,normal,N15_M07_F10,0.3333333333333333,0.0,normal,0.99878916958963,4.6823385305784595e-05,1.1974109817745038,6.0303551047021166e-05,1.0442453249004275,9.080204033973057e-05,-0.5757081571274151,1.0844433522331214,0,0.6145697750370753,2.8855462173174,1,-0.4508181927718323,2.1202326472396775,1,inner_race,normal
N15_M07_F10_K001_14,K001,6203_PU_2905,normal,N15_M07_F10,0.3333333333333333,0.0,normal,0.7514997419690373,2.386693615700746e-05,1.1738038524693697,5.661174651767842e-05,1.2701482841814027,0.00010424355724612346,-1.3175820814951562,0.06082252170648401,0,0.5067153837420982,2.64855116261122,1,0.5321817338195987,2.5823442822109177,1,inner_race,normal
N15_M07_F10_K001_15,K001,6203_PU_2905,normal,N15_M07_F10,0.3333333333333333,0.0,normal,0.7825686973904317,2.8598308733471185e-05,0.8733807359158116,2.8953800731702022e-05,1.1322397216874642,0.00010896551908607475,-1.2243745064433031,0.2717929333264685,0,-0.8658340672314763,0.8730518580001461,0,-0.06791711941967393,2.744682619567313,1,normal,normal
N15_M07_F10_K001_16,K001,6203_PU_2905,normal,N15_M07_F10,0.3333333333333333,0.0,normal,1.2823671668332735,6.0114660916984085e-05,0.9093918489167772,3.595264571625372e-05,1.153679974771615,7.438548347157067e-05,0.27503230397415457,1.6770971416637572,0,-0.701309333098339,1.322342072801742,0,0.025378547334333687,1.55584084624171,0,normal,normal
N15_M07_F10_K001_17,K001,6203_PU_2905,normal,N15_M07_F10,0.3333333333333333,0.0,normal,1.4178380023026336,8.340488716822261e-05,0.8871783868136663,3.457569861943489e-05,1.0486084367556898,9.938746308747721e-05,0.6814479009289416,2.7156009879659635,1,-0.8027964475508368,1.2339490796342,0,-0.431832436024403,2.4153945527381215,1,outer_race,normal
N15_M07_F10_K001_18,K001,6203_PU_2905,normal,N15_M07_F10,0.3333333333333333,0.0,normal,1.1606808685096743,6.396493290002296e-05,1.1325394947865062,6.184383140468316e-05,0.7129685263684744,4.314167014224962e-05,-0.09002936707156131,1.8487795555897648,0,0.31819003944724783,2.9844243742527428,1,-1.8923445440637654,0.4816964798806569,0,inner_race,normal
N15_M07_F10_K001_19,K001,6203_PU_2905,normal,N15_M07_F10,0.3333333333333333,0.0,normal,0.5939475591785742,1.4786096024338353e-05,0.8550113650618281,2.8200065615975992e-05,1.1595674671111609,9.562035728532665e-05,-1.7902422241632663,-0.3440892770756688,0,-0.9497586006349176,0.8246659010607461,0,0.050997532388809275,2.285883617814289,1,normal,normal
N15_M07_F10_K001_2,K001,6203_PU_2905,normal,N15_M07_F10,0.3333333333333333,0.0,normal,0.8286303633973763,3.0091812204584923e-05,0.8908246658861748,3.659826851069941e-05,1.0425495997406689,8.772509938069701e-05,-1.0861884576004994,0.3383877822766729,0,-0.7861376151797409,1.3637877691470073,0,-0.4581970146910652,2.0144491834244653,1,normal,normal
N15_M07_F10_K001_20,K001,6203_PU_2905,normal,N15_M07_F10,0.3333333333333333,0.0,normal,1.1366686875290648,5.4894097843640064e-05,0.9518949820560656,3.936079625711613e-05,1.1523535467634174,0.0001035445083759081,-0.1620664578122323,1.444313880005115,0,-0.507124369157367,1.5411279856145166,0,0.019606694504971586,2.5583113833506426,1,normal,normal
N15_M07_F10_K001_3,K001,6203_PU_2905,normal,N15_M07_F10,0.3333333333333333,0.3333333333333333,normal,0.7636321526599725,2.2502887004220157e-05,1.0399393757002617,4.6857431598968494e-05,1.0006312085930436,5.83798891902544e-05,-1.2811845726411397,0.0,0,-0.10487408447896109,2.022373806955683,1,-0.6406017762404496,1.005577703061224,0,inner_race,inner_race
N15_M07_F10_K001_4,K001,6203_PU_2905,normal,N15_M07_F10,0.3333333333333333,0.0,normal,1.0663994860998232,4.223698427235014e-05,1.152738340320612,5.5168257027062676e-05,1.060624817960346,7.719150812192702e-05,-0.37287566517746323,0.8799371760145538,0,0.4104729325421087,2.555886486549083,1,-0.37954404688745574,1.6523103628874882,0,inner_race,normal
N15_M07_F10_K001_5,K001,6203_PU_2905,normal,N15_M07_F10,0.3333333333333333,0.0,normal,1.7520492309502893,0.0001141609018216489,0.7902424537531056,2.4074497371634218e-05,1.0539262378245693,8.879762815191942e-05,1.684089211357345,4.087001985532989,1,-1.2456696965478535,0.5598254242720337,0,-0.4086924201654935,2.0513221068805643,1,outer_race,normal
N15_M07_F10_K001_6,K001,6203_PU_2905,normal,N15_M07_F10,0.3333333333333333,0.0,normal,1.301904051219273,6.650202259927973e-05,1.0655202930681595,5.0608627052720865e-05,1.0570460702142477,8.865706051124524e-05,0.3336434028343849,1.9619075854624564,0,0.011997994113063832,2.2631814566320574,1,-0.39511670154811596,2.0464894720887945,1,inner_race,normal
N15_M07_F10_K001_7,K001,6203_PU_2905,normal,N15_M07_F10,0.3333333333333333,0.0,normal,0.7867228377407485,2.6772856690544022e-05,0.9609280851390635,3.859804331192313e-05,1.1565825918958421,0.00010482666965859598,-1.2119119906223992,0.1903966022058437,0,-0.4658546399188512,1.4921631299357956,0,0.03800906987870338,2.6023913522087647,1,normal,normal
N15_M07_F10_K001_8,K001,6203_PU_2905,normal,N15_M07_F10,0.3333333333333333,0.3333333333333333,normal,1.0290885742998366,3.785729518138259e-05,0.9330821182834136,3.780614715382602e-05,0.9039587075496436,4.598860423552377e-05,-0.48480925176517264,0.684648220144675,0,-0.5930750980447388,1.4413274283654172,0,-1.0612649748613951,0.5795724396893726,0,normal,normal
N15_M07_F10_K001_9,K001,6203_PU_2905,normal,N15_M07_F10,0.3333333333333333,0.0,normal,1.0241139880834167,4.550009692958286e-05,0.840309611989127,2.804655692487597e-05,0.8322649980003403,4.907662688618906e-05,-0.4997331239015234,1.0254383407047587,0,-1.0169268110568592,0.8148114246506418,0,-1.3732348200035154,0.6857368857013001,0,normal,normal
N15_M07_F10_K002_1,K002,6203_PU_2905,normal,N15_M07_F10,0.3333333333333333,0.0,normal,1.3131093950494634,3.845038336460381e-05,1.0706604777420363,2.3128543765207638e-05,1.4124220352962262,5.679771480973649e-05,0.36725968995664515,0.7110938352635434,0,0.03548206462324574,0.49910001887130734,0,1.1512753806974563,0.9511834561259692,0,normal,normal
N15_M07_F10_K002_10,K002,6203_PU_2905,normal,N15_M07_F10,0.3333333333333333,0.0,normal,1.0781590036117248,2.9797107176474563e-05,1.2771619932964915,3.3169749870805065e-05,0.8401194601316857,3.602483593947611e-05,-0.3375968443674985,0.3252469779789502,0,0.9789299092865216,1.1436943280764482,0,-1.3390567121863242,0.2370238054968048,0,normal,normal
N15_M07_F10_K002_11,K002,6203_PU_2905,normal,N15_M07_F10,0.3333333333333333,0.0,normal,1.0827634617037765,2.494955287758703e-05,1.230996586222912,3.15509877939255e-05,1.1252975733612438,4.484277219853135e-05,-0.32378336504812333,0.10909605998235959,0,0.7680130369109005,1.0397780443411708,0,-0.0981253615639202,0.5401793920367554,0,normal,normal
N15_M07_F10_K002_12,K002,6203_PU_2905,normal,N15_M07_F10,0.3333333333333333,0.0,normal,1.1158913370022285,2.2684486368064487e-05,0.8902118564966616,1.7303396975766902e-05,1.2109549168441538,4.639459571605336e-05,-0.22439898339418965,0.008097458384644988,0,-0.7889373704075577,0.12515525254836857,0,0.274606198145261,0.5935301937255031,0,normal,normal
N15_M07_F10_K002_13,K002,6203_PU_2905,normal,N15_M07_F10,0.3333333333333333,0.0,normal,1.0670592914536297,2.7539649555566156e-05,0.5122997581584946,5.989391627812979e-06,0.949577681633746,3.383192857079281e-05,-0.37089623406365807,0.22458765432583883,0,-2.515512372494158,-0.6011462878156131,0,-0.8627574018814707,0.1616329090273183,0,normal,normal
N15_M07_F10_K002_14,K002,6203_PU_2905,normal,N15_M07_F10,0.3333333333333333,0.3333333333333333,normal,1.0254167768526101,2.209599578251514e-05,0.7650533255247909,1.187693368917798e-05,1.4240859506466634,6.738299648605582e-05,-0.4958247278729369,-0.018143151303426922,0,-1.3607517998057526,-0.22319606270807002,0,1.2020300408831497,1.3150993635447636,0,normal,normal
N15_M07_F10_K002_15,K002,6203_PU_2905,normal,N15_M07_F10,0.3333333333333333,0.0,normal,1.0499197444085162,2.3637340391897965e-05,0.881520411219773,1.756094752600807e-05,1.043400563722046,4.721952865038972e-05,-0.422315266209879,0.05058491892028401,0,-0.8286461603962055,0.14168868660720776,0,-0.4544941082134865,0.62189091444494,0,normal,normal
N15_M07_F10_K002_16,K002,6203_PU_2905,normal,N15_M07_F10,0.3333333333333333,0.0,normal,0.8800422437198527,1.5726355492976817e-05,1.2295999997961067,3.085933090170198e-05,1.2270434229661793,6.021084700842592e-05,-0.9319516437546651,-0.3021634037857437,0,0.7616324229443749,0.9953771932918866,0,0.3446141360105032,1.068524981765773,0,normal,normal
N15_M07_F10_K002_17,K002,6203_PU_2905,normal,N15_M07_F10,0.3333333333333333,0.0,normal,0.9412509160132447,1.9081807768628423e-05,1.2474802729983454,3.364679093707162e-05,0.8282267548722155,2.9376003053304667e-05,-0.7483242304982144,-0.15254484462029208,0,0.8433224055546683,1.174317935772456,0,-1.3908069346457483,0.008440747715734925,0,normal,normal
N15_M07_F10_K002_18,K002,6203_PU_2905,normal,N15_M07_F10,0.3333333333333333,0.3333333333333333,normal,1.3127690782289263,2.9775608021585017e-05,0.767589762731674,1.2818702492878736e-05,1.2919773018207883,4.836143137055769e-05,0.36623873173125915,0.3242883374400308,0,-1.349163525455647,-0.16273930033626302,0,0.6271690806227453,0.6611488744408058,0,normal,normal
N15_M07_F10_K002_19,K002,6203_PU_2905,normal,N15_M07_F10,0.3333333333333333,0.3333333333333333,normal,1.3392447580522262,3.6247316690330414e-05,0.89725561522553,1.6844589831392644e-05,1.3668019959275661,6.0641668713874e-05,0.44566637520071933,0.612859786774149,0,-0.7567564008236971,0.09570216980351319,0,0.9527631722110058,1.0833363846805006,0,normal,normal
N15_M07_F10_K002_2,K002,6203_PU_2905,normal,N15_M07_F10,0.3333333333333333,0.0,normal,0.8731622721300973,1.4139450378741362e-05,0.7707350333950373,1.365088776198684e-05,1.0097129239418376,3.266732288536575e-05,-0.9525917154792898,-0.3729230025578906,0,-1.334793660807122,-0.10931724296285576,0,-0.6010833673200725,0.12159443411876536,0,normal,normal
N15_M07_F10_K002_20,K002,6203_PU_2905,normal,N15_M07_F10,0.3333333333333333,0.0,normal,1.1964128136377745,3.542932882660031e-05,1.1139408507419908,3.0040353663728772e-05,0.9924490133925531,4.796014753749737e-05,0.017167283478933187,0.5763859658009817,0,0.23321802076571738,0.9428030242713151,0,-0.6762059901340577,0.647352966622185,0,normal,normal
N15_M07_F10_K002_3,K002,6203_PU_2905,normal,N15_M07_F10,0.3333333333333333,0.0,normal,0.9958820004729901,2.1654639922038563e-05,0.8728673983864712,1.71725304931581e-05,1.0528602029238072,4.884624393916587e-05,-0.5844297307996683,-0.03782306998470507,0,-0.8681793632664258,0.11675429064516618,0,-0.41333119175364985,0.677816452236849,0,normal,normal
N15_M07_F10_K002_4,K002,6203_PU_2905,normal,N15_M07_F10,0.3333333333333333,0.0,normal,1.254923584248169,3.539921818843385e-05,1.2597731011405642,3.150595309415487e-05,1.066705552089424,4.83249198161146e-05,0.1927009301381538,0.5750433419375136,0,0.8994849096624603,1.036887045900981,0,-0.3530841845574932,0.6598936281589659,0,normal,normal
N15_M07_F10_K002_5,K002,6203_PU_2905,normal,N15_M07_F10,0.3333333333333333,0.3333333333333333,normal,0.9232053313186276,1.7852443124333686e-05,1.0862072924994648,2.4046514386508797e-05,1.5537587546632685,0.00010305507105645264,-0.8024613962627213,-0.20736182655236485,0,0.10651112624970728,0.5580290590967025,0,1.7662916036132084,2.541484809275366,1,normal,normal
N15_M07_F10_K002_6,K002,6203_PU_2905,normal,N15_M07_F10,0.3333333333333333,0.0,normal,1.1614756116510825,3.064409268191214e-05,0.9095214833583737,1.7040560465071657e-05,1.0183918394806206,3.831698298101397e-05,-0.0876451195165651,0.36301379465435135,0,-0.7007170694813384,0.1082824867407783,0,-0.5633177118161724,0.31582650494925846,0,normal,normal
N15_M07_F10_K002_7,K002,6203_PU_2905,normal,N15_M07_F10,0.3333333333333333,0.3333333333333333,normal,1.3221042043074702,3.873327918773525e-05,0.9130383664128793,2.157795484978455e-05,1.2165026802808632,5.7282149746357795e-05,0.3942443229326046,0.7237080708341064,0,-0.6846494114363245,0.39956010501164396,0,0.29874687814515866,0.9678380511510879,0,normal,normal
N15_M07_F10_K002_8,K002,6203_PU_2905,normal,N15_M07_F10,0.3333333333333333,0.0,normal,1.3362304353389671,4.165640730234402e-05,0.8557311627252633,1.7702916008363952e-05,0.9003430608083791,3.0740755017725166e-05,0.43662333829407357,0.8540494319487882,0,-0.9464700458156551,0.15080234037058188,0,-1.0769981927552912,0.05536013679961266,0,normal,normal
N15_M07_F10_K002_9,K002,6203_PU_2905,normal,N15_M07_F10,0.3333333333333333,0.0,normal,1.3616289727451771,3.96212338064926e-05,1.5213296215661642,3.531120761444875e-05,0.8028212488748834,2.4727167972997642e-05,0.5128195299390124,0.7633016873569289,0,2.0944637203050664,1.2811650124184937,1,-1.5013571045500471,-0.15138353362341936,0,inner_race,normal
N15_M07_F10_K003_1,K003,6203_PU_2905,normal,N15_M07_F10,0.3333333333333333,0.3333333333333333,normal,1.0104550321850132,5.1850404726111816e-05,0.8762983315587576,4.3445673571743644e-05,0.9244529471161556,8.482731587399087e-05,-0.5407103032035903,1.3085965634183536,0,-0.8525043862674132,1.803356311885229,0,-0.9720858155730419,1.9148250499726984,0,normal,normal
N15_M07_F10_K003_10,K003,6203_PU_2905,normal,N15_M07_F10,0.3333333333333333,0.0,normal,0.8687156977833582,3.5175189025793635e-05,0.8845263684991929,3.5303964387551523e-05,1.0826834915610482,8.667468452809021e-05,-0.9659315399608664,0.5650539522005481,0,-0.8149127797534338,1.2807000341291195,0,-0.2835573692484755,1.9783365237956003,0,normal,inner_race
N15_M07_F10_K003_11,K003,6203_PU_2905,normal,N15_M07_F10,0.3333333333333333,0.0,normal,1.0302463111652067,4.906809071898946e-05,1.1172466656159172,6.347374769133039e-05,1.0366698660671672,8.719087368069456e-05,-0.48133601475717924,1.1845340589648636,0,0.24832136714691744,3.089056701465697,1,-0.48378223848727286,1.9960828105373123,0,inner_race,inner_race
N15_M07_F10_K003_12,K003,6203_PU_2905,normal,N15_M07_F10,0.3333333333333333,0.0,normal,0.8325550693933983,3.380046698131076e-05,0.9067110468845835,3.796593707559023e-05,1.1025539035467349,9.189627803838202e-05,-1.0744142500766514,0.5037555296179861,0,-0.7135571700812839,1.4515851278045442,0,-0.19709274928315162,2.157851911158506,1,normal,normal
N15_M07_F10_K003_13,K003,6203_PU_2905,normal,N15_M07_F10,0.3333333333333333,0.0,normal,1.234885612244767,7.877237457718228e-05,0.9888113826383153,5.860534753896131e-05,0.8444616204397893,6.633060440141953e-05,0.13258655699421715,2.5090387119304123,1,-0.3384636284914464,2.776530198160361,1,-1.3201621245381598,1.2789187278137795,0,outer_race,normal
N15_M07_F10_K003_14,K003,6203_PU_2905,normal,N15_M07_F10,0.3333333333333333,0.0,normal,0.6826352186266034,2.310912990291098e-05,1.0207220104578505,5.255511041370633e-05,1.0537122855297238,0.00010985859973162892,-1.524177222554519,0.027032179734636046,0,-0.19267286779238788,2.388135778280161,1,-0.4096234176645814,2.7753862194773737,1,inner_race,normal
N15_M07_F10_K003_15,K003,6203_PU_2905,normal,N15_M07_F10,0.3333333333333333,0.0,normal,0.8925416145077979,3.235427929668688e-05,0.8450952578361611,3.0906727210929094e-05,1.1673837208334124,0.00011445756368564579,-0.894453246238021,0.4392704766710696,0,-0.9950625295885933,0.9984197950355251,0,0.08500937915544111,2.933495960123815,1,normal,inner_race
N15_M07_F10_K003_16,K003,6203_PU_2905,normal,N15_M07_F10,0.3333333333333333,0.0,normal,0.9765718834095335,4.929259066558606e-05,0.8768025422201599,3.888019895036413e-05,1.1007455398649268,0.00010487653734204752,-0.6423605225189425,1.1945444408100294,0,-0.8502007883471802,1.5102760853852237,0,-0.20496170935399746,2.604105774538662,1,normal,normal
N15_M07_F10_K003_17,K003,6203_PU_2905,normal,N15_M07_F10,0.3333333333333333,0.0,normal,1.0346076651802947,4.5208132978806526e-05,0.7850453952267539,3.110257547660176e-05,0.8445140480692803,6.232280587556888e-05,-0.4682518532147192,1.0124197601812361,0,-1.2694136078315579,1.0109922565697946,0,-1.3199339896075462,1.1411329152218002,0,normal,normal
N15_M07_F10_K003_18,K003,6203_PU_2905,normal,N15_M07_F10,0.3333333333333333,0.0,normal,1.0927218712030606,5.1892481805594e-05,0.923464982147361,3.740039529922171e-05,0.9497939897903291,8.336226874806954e-05,-0.29390790936535993,1.3104727671276708,0,-0.6370131114536501,1.4152802251034928,0,-0.86181615302524,1.8644575708121116,0,normal,normal
N15_M07_F10_K003_19,K003,6203_PU_2905,normal,N15_M07_F10,0.3333333333333333,0.0,normal,1.7159995595889823,0.00014540328957436926,1.1403628642546717,6.731265834070047e-05,1.1532355082971655,0.00010885022646989143,1.5759393748588229,5.0,1,0.35393283311598905,3.3354952201165133,1,0.023444484526360873,2.7407189256080953,1,outer_race,normal
N15_M07_F10_K003_2,K003,6203_PU_2905,normal,N15_M07_F10,0.3333333333333333,0.0,normal,0.7678370118190229,3.062279976280478e-05,0.8092666471084657,3.263677610552349e-05,1.0515818407938704,8.7234152138194e-05,-1.268569899236968,0.362064350103944,0,-1.158753461723229,1.1094801258737244,0,-0.4188938894884864,1.9975706990616042,0,normal,normal
N15_M07_F10_K003_20,K003,6203_PU_2905,normal,N15_M07_F10,0.3333333333333333,0.0,normal,1.2627328699823106,7.121287944969198e-05,1.3879907384317354,9.388788299447055e-05,1.1388223784102605,7.581569079389053e-05,0.2161289654967274,2.171963207325385,1,1.4852755428468147,5.0,1,-0.03927317825183359,1.6050105529547027,0,inner_race,normal
N15_M07_F10_K003_3,K003,6203_PU_2905,normal,N15_M07_F10,0.3333333333333333,0.0,normal,1.0176062864718953,4.86524134057935e-05,1.2044922917475025,6.410043813144714e-05,1.0649013313205407,0.00010197183077187728,-0.5192563771987121,1.1659991386116695,0,0.6469223057847562,3.1292870370533046,1,-0.36093511705086134,2.5042436301392708,1,inner_race,normal
N15_M07_F10_K003_4,K003,6203_PU_2905,normal,N15_M07_F10,0.3333333333333333,0.0,normal,0.887313314892297,3.794787401144981e-05,1.0476767614440678,5.125516346826619e-05,0.9535302193524908,7.241858206261207e-05,-0.9101382643596732,0.6886871016224089,0,-0.06952412647152338,2.304685802800401,1,-0.845558227954123,1.4882199049260165,0,inner_race,normal
N15_M07_F10_K003_5,K003,6203_PU_2905,normal,N15_M07_F10,0.3333333333333333,0.3333333333333333,normal,1.0150242484890273,4.843453354115033e-05,0.7213262770150417,2.2605547610041637e-05,1.3148958330527076,0.00012567510462622094,-0.5270025500523119,1.156283944133827,0,-1.5605284918035918,0.46552632843901487,0,0.7268973647951494,3.3191485780914025,1,normal,normal
N15_M07_F10_K003_6,K003,6203_PU_2905,normal,N15_M07_F10,0.3333333333333333,0.0,normal,1.242567703879463,7.311387150024091e-05,1.1346496861968394,6.450468546470144e-05,1.1465685961351617,0.00012740940871754642,0.15563300715272746,2.256727843571888,1,0.3278309156052769,3.155237657704525,1,-0.0055660879189959565,3.3787729571522624,1,inner_race,normal
N15_M07_F10_K003_7,K003,6203_PU_2905,normal,N15_M07_F10,0.3333333333333333,0.0,normal,1.524839202618013,0.00010191645120409048,1.1163031130813323,5.436982752669664e-05,1.099036460739142,0.00010270865736777148,1.0024539429333796,3.541025792557378,1,0.24401053871212108,2.504631377668233,1,-0.2123986400632397,2.5295753055216097,1,outer_race,normal
N15_M07_F10_K003_8,K003,6203_PU_2905,normal,N15_M07_F10,0.3333333333333333,0.0,normal,1.1003547011589818,5.84796494244632e-05,1.1558869415639215,6.648431277039123e-05,1.1347433271654963,0.00010009279872318192,-0.2710092453669992,1.604192494649392,0,0.4248580136817245,3.282319651856942,1,-0.057022866378666076,2.439643586986924,1,inner_race,normal
N15_M07_F10_K003_9,K003,6203_PU_2905,normal,N15_M07_F10,0.3333333333333333,0.0,normal,1.383800014871678,8.844754831910625e-05,1.1532155403219,7.224019484511206e-05,0.9978316636297577,5.9102110592509174e-05,0.5793331621147699,2.940451658985653,1,0.4126531262878044,3.6518179761421776,1,-0.6527837879421048,1.0304072602705332,0,outer_race,normal
N15_M07_F10_K004_1,K004,6203_PU_2905,normal,N15_M07_F10,0.3333333333333333,0.0,normal,1.2866821571437312,1.8371111888225062e-05,1.2250442351018707,1.6807141592112845e-05,2.0909850518848114,6.434160655630104e-05,0.28797737334501156,-0.18423454988070256,0,0.7408184043642712,0.09329818350190197,0,4.103991881699992,1.2105381237076436,1,normal,normal
N15_M07_F10_K004_10,K004,6203_PU_2905,normal,N15_M07_F10,0.0,0.0,normal,1.7303138714559678,2.796726612120355e-05,0.7670320279733901,6.288410535623656e-06,1.9198678265541793,5.2216376183807855e-05,1.6188826370175158,0.2436549421815486,0,-1.3517116600501264,-0.5819507963285842,0,3.359388001901651,0.7936796641411619,1,normal,normal
N15_M07_F10_K004_11,K004,6203_PU_2905,normal,N15_M07_F10,0.0,0.0,normal,1.5121535908988817,2.7665024870836185e-05,0.9779206694915832,9.571280339474733e-06,1.3530977100457886,3.17009375226318e-05,0.9643968183743928,0.23017810010917908,0,-0.3882202601439675,-0.37120726899035134,0,0.8931299914034013,0.08837066011355141,0,normal,normal
N15_M07_F10_K004_12,K004,6203_PU_2905,normal,N15_M07_F10,0.0,0.0,normal,1.7614091253587796,3.206548112460878e-05,1.0643861111747852,1.1056217667695226e-05,1.2078869190045107,2.7675625936797645e-05,1.7121691081135784,0.4263930572216898,0,0.0068162332921465054,-0.27588185277728916,0,0.26125603371735395,-0.05001724142706989,0,normal,normal
N15_M07_F10_K004_13,K004,6203_PU_2905,normal,N15_M07_F10,0.3333333333333333,0.0,normal,0.8732629289827966,6.95025825330671e-06,1.094629159053254,1.1487602796280604e-05,1.8194565055520986,4.448743444014181e-05,-0.9522897426248698,-0.6934868130392249,0,0.14498828622056886,-0.2481891238324212,0,2.9224556062917872,0.5279630838893983,1,normal,normal
N15_M07_F10_K004_14,K004,6203_PU_2905,normal,N15_M07_F10,0.3333333333333333,0.0,normal,1.5540030306823955,2.8225728671820485e-05,1.0197579060008615,1.0216687719808983e-05,1.2471824716857784,2.9264154319040348e-05,1.089946092451816,0.25517970583327537,0,-0.19707759223004795,-0.3297754011343033,0,0.43224770874455654,0.00459545243988954,0,normal,normal
N15_M07_F10_K004_15,K004,6203_PU_2905,normal,N15_M07_F10,0.0,0.0,normal,1.3246106918381209,1.9838439905946084e-05,1.1809089154592398,1.308829532142567e-05,1.0842302796744132,2.6650386976978867e-05,0.4017638427059916,-0.11880685614547147,0,0.5391764354006857,-0.14543281332102298,0,-0.2768266358099676,-0.0852643683144183,0,normal,normal
N15_M07_F10_K004_16,K004,6203_PU_2905,normal,N15_M07_F10,0.3333333333333333,0.0,normal,1.5290345698810772,2.4214901978606522e-05,0.7074691472486007,5.840199496093761e-06,1.3989842796252687,3.499035624975572e-05,1.0150401404330505,0.07633820799541038,0,-1.6238378538499956,-0.6107236630903606,0,1.0928019862800098,0.2014589876201953,0,normal,normal
N15_M07_F10_K004_17,K004,6203_PU_2905,normal,N15_M07_F10,0.3333333333333333,0.0,normal,1.781045780126412,2.8134359698771218e-05,0.951672253651213,1.1062724803780976e-05,1.9410351268266701,5.003945319593537e-05,1.771079520394806,0.2511055921290643,0,-0.5081419531346045,-0.275464127770354,0,3.451495934795603,0.7188383015079178,1,normal,normal
N15_M07_F10_K004_18,K004,6203_PU_2905,normal,N15_M07_F10,0.0,0.0,normal,1.4207432995414309,2.1149297748795644e-05,0.9094268318489649,8.942005988520789e-06,1.000295622869653,1.899448144125684e-05,0.6901638589249632,-0.060356118180558437,0,-0.7011495058356484,-0.41160347849824663,0,-0.6420620525578034,-0.3484700056644133,0,normal,normal
N15_M07_F10_K004_19,K004,6203_PU_2905,normal,N15_M07_F10,0.3333333333333333,0.0,normal,1.516939239292158,2.2521977843687627e-05,0.7398512866680523,5.172888861751275e-06,1.528915318588719,3.5647826671507214e-05,0.9787538727310036,0.000851254513470043,0,-1.4758928881249813,-0.6535616083377405,0,1.6581872391759702,0.2240624432909101,0,normal,normal
N15_M07_F10_K004_2,K004,6203_PU_2905,normal,N15_M07_F10,0.0,0.0,normal,1.5098589846106398,2.0981015995708316e-05,0.7604578163829063,5.065987551785185e-06,1.8322194435035637,4.311123231422784e-05,0.957512947161958,-0.06785974849992363,0,-1.381747399685009,-0.6604241281711203,0,2.9779925815900024,0.48065004482648316,1,normal,normal
N15_M07_F10_K004_20,K004,6203_PU_2905,normal,N15_M07_F10,0.0,0.0,normal,1.2661723382238061,1.8846986707290085e-05,0.6577678544472757,4.047707952754692e-06,1.5263160473608126,4.007236540166446e-05,0.2264474486870861,-0.16301544171806237,0,-1.850909202186048,-0.7257924940638245,0,1.6468767037391803,0.37617554487203414,0,normal,normal
N15_M07_F10_K004_3,K004,6203_PU_2905,normal,N15_M07_F10,0.0,0.0,normal,1.3688873496552343,1.974977046672812e-05,1.1001999178903628,1.178006639683478e-05,1.8742944891121722,5.60492849254284e-05,0.534594826257244,-0.12276059848717236,0,0.17043953002329643,-0.22941444969623578,0,3.1610790133757436,0.9254528663489736,1,normal,normal
N15_M07_F10_K004_4,K004,6203_PU_2905,normal,N15_M07_F10,0.0,0.0,normal,1.6265943955665858,2.7223126363693113e-05,1.0740522606099179,1.1157733349125675e-05,1.3278913525629363,3.748058118382855e-05,1.307721843158274,0.21047398498411113,0,0.050978174797918205,-0.2693650628760568,0,0.7834464014489078,0.28707149130891463,0,normal,normal
N15_M07_F10_K004_5,K004,6203_PU_2905,normal,N15_M07_F10,0.0,0.0,normal,1.6399773503671478,2.4814490099502367e-05,0.9147536707124945,7.4092579775394175e-06,1.918153012772286,5.326898703993024e-05,1.3478710128703002,0.1030736532860861,0,-0.6768126643787135,-0.5099980971261159,0,3.3519261172628463,0.8298678211102497,1,normal,normal
N15_M07_F10_K004_6,K004,6203_PU_2905,normal,N15_M07_F10,0.0,0.0,normal,1.3630178744612071,1.7183879254862465e-05,1.0833158080108103,9.95451254553556e-06,1.5829223691919365,3.3021497365619814e-05,0.5169862667726354,-0.23717287872742163,0,0.09330073986889152,-0.34660571251067357,0,1.8931949032958155,0.13377074943161926,0,normal,normal
N15_M07_F10_K004_7,K004,6203_PU_2905,normal,N15_M07_F10,0.0,0.3333333333333333,normal,1.2912845976905611,1.4983123736003762e-05,0.9551465721489493,8.958554219740994e-06,1.5500762790426472,4.858954448130431e-05,0.3017847999826944,-0.3353038735254663,0,-0.4922687606809702,-0.4105411663058887,0,1.7502675848209484,0.6689912722370962,0,normal,normal
N15_M07_F10_K004_8,K004,6203_PU_2905,normal,N15_M07_F10,0.0,0.0,normal,1.430456354127144,1.92805958308295e-05,0.7203467801110013,5.520182325643749e-06,1.2418691002247593,3.173170420646336e-05,0.7193032442696403,-0.1436809475946544,0,-1.5650035400398725,-0.6312671361304188,0,0.40912696799481496,0.08942840104168154,0,normal,normal
N15_M07_F10_K004_9,K004,6203_PU_2905,normal,N15_M07_F10,0.3333333333333333,0.0,normal,1.3911411065583383,2.03311998666711e-05,0.7565326889582231,5.470496145941283e-06,1.628579068949528,4.224091276795569e-05,0.6013566046498141,-0.09683484483925062,0,-1.3996802124244367,-0.6344567359001616,0,2.091866636738217,0.45072895844344485,1,normal,normal
N15_M07_F10_K005_1,K005,6203_PU_2905,normal,N15_M07_F10,0.0,0.0,normal,1.2115292705281673,1.0767966408432219e-05,0.9819382480318941,7.692985036892721e-06,1.3540371558554662,2.7774197471680144e-05,0.06251699900748167,-0.5232564099341324,0,-0.369865064035868,-0.49178426445469026,0,0.897217919976312,-0.046628408644029486,0,normal,normal
N15_M07_F10_K005_10,K005,6203_PU_2905,normal,N15_M07_F10,0.3333333333333333,0.0,normal,1.3152700202767786,1.2640256494656356e-05,1.3600767994375904,1.2071758139242957e-05,1.0156859362382245,1.3105119077789224e-05,0.37374161492974006,-0.4397715852285819,0,1.3577445389731724,-0.21068932492326348,0,-0.5750922485336423,-0.5509429028584584,0,normal,normal
N15_M07_F10_K005_11,K005,6203_PU_2905,normal,N15_M07_F10,0.3333333333333333,0.0,normal,1.0708975242273944,7.611093703563522e-06,1.2833494666587992,1.1759979114226416e-05,1.2719736747115165,1.9528699292413943e-05,-0.3593814481793278,-0.6640203686405555,0,1.0071987497931245,-0.23070395096934762,0,0.5401247849545363,-0.33010390261605727,0,normal,normal
N15_M07_F10_K005_12,K005,6203_PU_2905,normal,N15_M07_F10,0.3333333333333333,0.0,normal,0.8848160812925726,6.053636101346221e-06,0.8308028414739352,5.65159115911919e-06,0.8872938235884934,1.0589149735109189e-05,-0.9176300221291681,-0.7334669121351368,0,-1.0603605947178845,-0.6228313580628482,0,-1.1337809780275605,-0.6374404845361943,0,normal,normal
N15_M07_F10_K005_13,K005,6203_PU_2905,normal,N15_M07_F10,0.3333333333333333,0.0,normal,1.5579990104044923,1.7573005505610154e-05,1.0997908495179536,7.860607379076432e-06,1.5664238145225922,3.143829785366004e-05,1.1019341227798825,-0.21982186187857747,0,0.16857061069244736,-0.4810237635018191,0,1.8214026696728005,0.07934125906588231,0,normal,normal
N15_M07_F10_K005_14,K005,6203_PU_2905,normal,N15_M07_F10,0.0,0.0,normal,1.5082891313826983,1.5757546286546284e-05,0.753968264605983,3.949108258067441e-06,1.3895849696087268,2.2792114216095774e-05,0.952803351664486,-0.30077261613337436,0,-1.4113963522378754,-0.7321220924623015,0,1.0519015877828886,-0.21790957094394448,0,normal,normal
N15_M07_F10_K005_15,K005,6203_PU_2905,normal,N15_M07_F10,0.3333333333333333,0.0,normal,1.5430885481594112,1.8840050963787036e-05,0.7976376106447786,5.270713723329848e-06,1.0910075451660026,1.824091683284216e-05,1.0572023958867016,-0.16332470433437113,0,-1.2118832867403395,-0.6472817502799342,0,-0.24733586905805063,-0.37437712430854103,0,normal,normal
N15_M07_F10_K005_16,K005,6203_PU_2905,normal,N15_M07_F10,0.3333333333333333,0.0,normal,1.7996519056182434,2.6189182869421398e-05,0.9600794251337281,7.061503880583868e-06,1.1285005818818206,1.9743130278700138e-05,1.8268983213387824,0.16437077052507512,0,-0.46973193084688997,-0.5323221396308667,0,-0.0841877081988638,-0.32273188840432193,0,normal,normal
N15_M07_F10_K005_17,K005,6203_PU_2905,normal,N15_M07_F10,0.3333333333333333,0.0,normal,1.6956171073671216,1.9596723018507454e-05,1.0375022693586438,7.273302468239652e-06,1.3251672883398005,2.534728091524825e-05,1.5147915532007543,-0.12958493595514553,0,-0.11600854380261846,-0.5187257486331258,0,0.7715928385744066,-0.13006440665241775,0,normal,normal
N15_M07_F10_K005_18,K005,6203_PU_2905,normal,N15_M07_F10,0.3333333333333333,0.0,normal,1.5685903772370882,1.8083861278816478e-05,1.2877519072094448,1.0987155902043804e-05,1.1786473613958384,1.9626879566019212e-05,1.1337084649024727,-0.19704296399851748,0,1.0273122731133417,-0.2803152665180697,0,0.13402227337010092,-0.3267285211711196,0,normal,normal
N15_M07_F10_K005_19,K005,6203_PU_2905,normal,N15_M07_F10,0.3333333333333333,0.0,normal,1.4939316927981594,1.966149251567147e-05,1.2411503127189556,1.0597277510364616e-05,1.2166511790583119,2.1263272414870897e-05,0.909730708369267,-0.12669688449517688,0,0.8144025820542948,-0.3053434742767337,0,0.2993930595311645,-0.27047027441933785,0,normal,normal
N15_M07_F10_K005_2,K005,6203_PU_2905,normal,N15_M07_F10,0.3333333333333333,0.0,normal,1.2079155423725805,1.137862375936809e-05,1.117361224149113,9.28779410676052e-06,1.2404178479692942,1.952149642431768e-05,0.05167573209939275,-0.49602739116554506,0,0.24884475314213025,-0.38940564181766757,0,0.4028119517368232,-0.33035153308631043,0,normal,normal
N15_M07_F10_K005_20,K005,6203_PU_2905,normal,N15_M07_F10,0.3333333333333333,0.0,normal,1.1205272504595605,8.447902723238267e-06,1.2049197086517638,1.2285151716784142e-05,1.396777977669745,2.1048057708081907e-05,-0.2104911372613707,-0.6267073182571833,0,0.6488750544414198,-0.19699054369544902,0,1.0832014274063178,-0.27786923249205475,0,normal,normal
N15_M07_F10_K005_3,K005,6203_PU_2905,normal,N15_M07_F10,0.3333333333333333,0.0,normal,1.0920421882939024,9.520762567977519e-06,0.8387947772928583,5.118676986251345e-06,1.0713980695637695,1.7689613081045583e-05,-0.2959469735986943,-0.5788688359991737,0,-1.0238476683947753,-0.6570417347360138,0,-0.3326650437569808,-0.39333063081250774,0,normal,normal
N15_M07_F10_K005_4,K005,6203_PU_2905,normal,N15_M07_F10,0.3333333333333333,0.0,normal,1.0795829688529839,8.714879202432138e-06,0.7710795362523581,4.676841454486539e-06,1.5267316501896895,2.905887196021001e-05,-0.333324916158271,-0.6148029212142258,0,-1.3332197233115692,-0.6854053263588825,0,1.648685168540073,-0.0024620372117971517,0,normal,normal
N15_M07_F10_K005_5,K005,6203_PU_2905,normal,N15_M07_F10,0.3333333333333333,0.0,normal,1.121850924968728,1.0110499835182033e-05,1.0384476888299565,8.927808217352403e-06,1.0035622176060959,1.541318122028801e-05,-0.20652008353638754,-0.5525726371691142,0,-0.11168918585448023,-0.41251490312217076,0,-0.6278477085034012,-0.47159305137123064,0,normal,normal
N15_M07_F10_K005_6,K005,6203_PU_2905,normal,N15_M07_F10,0.3333333333333333,0.0,normal,1.5942120391135972,2.1269577737062542e-05,0.9229282669139631,6.164436736137185e-06,1.181592922865687,2.007449897847719e-05,1.2105740350485303,-0.05499287142198669,0,-0.6394652136999099,-0.5899092830680379,0,0.14683966504061172,-0.3113396227323249,0,normal,normal
N15_M07_F10_K005_7,K005,6203_PU_2905,normal,N15_M07_F10,0.3333333333333333,0.0,normal,1.1034994353835528,8.49158503436423e-06,1.1179138756736848,8.033550833287109e-06,1.129388524427038,1.7825409973353924e-05,-0.26157497095129134,-0.6247595377749189,0,0.25136966385916365,-0.4699216742481846,0,-0.08032389225088153,-0.3886620116108479,0,normal,normal
N15_M07_F10_K005_8,K005,6203_PU_2905,normal,N15_M07_F10,0.3333333333333333,0.0,normal,1.499988826888427,1.5073876467183972e-05,0.6964703272373497,3.6240545995837246e-06,1.112547795418923,1.6898670741052276e-05,0.9279022488237292,-0.33125723785192634,0,-1.6740883956224972,-0.7529888823918613,0,-0.15360507206107255,-0.4205227744111554,0,normal,normal
N15_M07_F10_K005_9,K005,6203_PU_2905,normal,N15_M07_F10,0.3333333333333333,0.0,normal,1.4896449242639391,1.5054350118241159e-05,1.072884382376153,8.349050446942553e-06,1.216798818137783,1.8622351314104844e-05,0.8968703049709564,-0.33212791159560767,0,0.04564246479348411,-0.44966820535410895,0,0.30003550000535734,-0.36126362580995475,0,normal,normal
N15_M07_F10_K006_1,K006,6203_PU_2905,normal,N15_M07_F10,0.3333333333333333,0.0,normal,0.9856575313525959,4.220582405642113e-05,1.0535170583807816,4.71495992443584e-05,1.0515459485959762,8.232515577529018e-05,-0.6151033714154792,0.8785477518095328,0,-0.04284143824842853,2.041129482277118,1,-0.4190500717182701,1.8288022221756035,0,inner_race,inner_race
N15_M07_F10_K006_10,K006,6203_PU_2905,normal,N15_M07_F10,0.3333333333333333,0.0,normal,0.7643750405869357,2.811400590650339e-05,1.0119317571066533,4.725702349989534e-05,1.3515693294373834,0.00014943833295552218,-1.2789558919124706,0.250198022948372,0,-0.23283308432137606,2.0480255725536747,1,0.8864793568537342,4.136114726474961,1,inner_race,normal
N15_M07_F10_K006_11,K006,6203_PU_2905,normal,N15_M07_F10,0.3333333333333333,0.0,normal,1.1654996559222688,6.165371144947374e-05,0.9645359057528856,4.062936797784654e-05,0.8578115916860191,5.4210059724645745e-05,-0.07557289490098308,1.7457229197220092,0,-0.4493715135219185,1.6225638314085353,0,-1.2620707175162655,0.8622213597762483,0,normal,normal
N15_M07_F10_K006_12,K006,6203_PU_2905,normal,N15_M07_F10,0.3333333333333333,0.0,normal,0.9341890714736927,3.932008746653612e-05,0.8701904603145664,3.4085030655583516e-05,0.8958731824618128,6.53630729033511e-05,-0.7695099252213644,0.7498736669946104,0,-0.8804095468922195,1.2024506944918454,0,-1.0964485359492564,1.2456555503337192,0,normal,normal
N15_M07_F10_K006_13,K006,6203_PU_2905,normal,N15_M07_F10,0.3333333333333333,0.0,normal,0.8242006194892815,2.8022408072976466e-05,1.0397689904026672,5.326322734144833e-05,1.0687678216265657,9.525530716930248e-05,-1.0994777903821842,0.24611370442761044,0,-0.10565252739424057,2.433593279806783,1,-0.34411037204049716,2.2733334043869537,1,inner_race,normal
N15_M07_F10_K006_14,K006,6203_PU_2905,normal,N15_M07_F10,0.3333333333333333,0.0,normal,1.1327107685373994,5.2708975492592144e-05,1.034945760947123,4.513056704262773e-05,1.2383182583055934,0.00011577330080745004,-0.17394030508071104,1.3468799632313992,0,-0.12768851789015329,1.9115178944209514,0,0.3936757434646554,2.978730247056128,1,normal,normal
N15_M07_F10_K006_15,K006,6203_PU_2905,normal,N15_M07_F10,0.3333333333333333,0.0,normal,0.8233440177282589,2.7634664550800633e-05,0.9416441048637996,3.94714586369104e-05,0.9866497468399094,8.064787368016972e-05,-1.1020476152072272,0.2288243430098804,0,-0.5539577687427614,1.5482319469821373,0,-0.7014410672383045,1.7711382266100835,0,normal,normal
N15_M07_F10_K006_16,K006,6203_PU_2905,normal,N15_M07_F10,0.3333333333333333,0.0,normal,1.1835974248340395,6.956017181885945e-05,0.9815429705923988,4.670066188184629e-05,1.120334365550229,0.00010063233647046085,-0.02127917529451737,2.098269495082409,1,-0.37167097643963204,2.01230998927781,1,-0.1197223912328296,2.458192585009996,1,outer_race,normal
N15_M07_F10_K006_17,K006,6203_PU_2905,normal,N15_M07_F10,0.3333333333333333,0.0,normal,0.7337921352545028,2.632465418614253e-05,1.2894719724818124,7.124206957197841e-05,0.7632385146980499,5.2567850724795046e-05,-1.3707053056089977,0.17041139383035708,0,1.0351707717279317,3.587743415360368,1,-1.6735984284971135,0.8057631570919545,0,inner_race,normal
N15_M07_F10_K006_18,K006,6203_PU_2905,normal,N15_M07_F10,0.3333333333333333,0.0,normal,1.1249732644560015,5.014128961072356e-05,1.199856353679311,6.399241679791528e-05,0.846965374676852,6.319537603667214e-05,-0.19715299384347162,1.2323876592214886,0,0.6257419974142138,3.1223526174093763,1,-1.3092672241832939,1.1711313764507387,0,inner_race,normal
N15_M07_F10_K006_19,K006,6203_PU_2905,normal,N15_M07_F10,0.3333333333333333,0.0,normal,1.0351344701285181,4.757901243605111e-05,1.4450294907859726,8.46998899121204e-05,1.2934112153024335,0.00012196762175438605,-0.4666714263518511,1.1181365277603599,0,1.745869697937637,4.45166696342149,1,0.633408648495969,3.1916874452845354,1,inner_race,normal
N15_M07_F10_K006_2,K006,6203_PU_2905,normal,N15_M07_F10,0.3333333333333333,0.0,normal,1.032922472291232,4.470164144867883e-05,0.8536267318867145,3.274414237221201e-05,0.8863788310186306,5.846280777891152e-05,-0.47330747032684123,0.9898354625242252,0,-0.956084603527452,1.1163724935614507,0,-1.1377625001460387,1.0084283965388052,0,normal,normal
N15_M07_F10_K006_20,K006,6203_PU_2905,normal,N15_M07_F10,0.3333333333333333,0.0,normal,0.8374799968008589,2.8234647595225652e-05,1.0894647612686272,5.0315009527946366e-05,0.72314528466282,4.1249932283846474e-05,-1.0596393555000632,0.2555773978162224,0,0.12139359275883957,2.2443327064358995,1,-1.8480611372056996,0.4166596182844856,0,inner_race,normal
N15_M07_F10_K006_3,K006,6203_PU_2905,normal,N15_M07_F10,0.3333333333333333,0.0,normal,0.7639430083708207,1.9865457305067356e-05,1.0077844823345565,4.192477867324139e-05,1.023156080033068,7.040192670859446e-05,-1.2802519984169278,-0.11760215883588516,0,-0.25178082634862164,1.7057226027307892,0,-0.542586473375446,1.4188884515410676,0,normal,normal
N15_M07_F10_K006_4,K006,6203_PU_2905,normal,N15_M07_F10,0.3333333333333333,0.0,normal,1.0072383432141134,4.32050992134294e-05,1.1771815969403276,5.4490762348908415e-05,1.3739391095492104,0.00013483070264258947,-0.550360443499815,0.9231051160391802,0,0.5221473563956269,2.51239477753899,1,0.9838197913384465,3.6339127820088373,1,inner_race,normal
N15_M07_F10_K006_5,K006,6203_PU_2905,normal,N15_M07_F10,0.3333333333333333,0.0,normal,1.1917440760633442,6.90550864874299e-05,1.239453876890295,6.540231564465688e-05,1.0356575020813321,8.676621318191705e-05,0.003160964245990292,2.075747899382044,1,0.80665203977928,3.2128609451547763,1,-0.4881874650807054,1.9814832263710012,0,inner_race,normal
N15_M07_F10_K006_6,K006,6203_PU_2905,normal,N15_M07_F10,0.3333333333333333,0.0,normal,1.1540377241099091,5.235685850734663e-05,0.865222794600214,2.8921542365143316e-05,0.9484573118598475,6.664894541225788e-05,-0.10995895182338834,1.3311791778641313,0,-0.9031054263807043,0.8709810351040396,0,-0.8676326076291195,1.2898631090187713,0,normal,normal
N15_M07_F10_K006_7,K006,6203_PU_2905,normal,N15_M07_F10,0.3333333333333333,0.0,normal,0.9102251665481542,3.112948871518446e-05,1.0063525163284686,4.0420532068718724e-05,1.295386241308985,0.00011624040164542732,-0.8414021866954825,0.3846574507569334,0,-0.2583230797478153,1.6091576292884104,0,0.6420028272780249,2.9947889057207213,1,normal,normal
N15_M07_F10_K006_8,K006,6203_PU_2905,normal,N15_M07_F10,0.3333333333333333,0.0,normal,1.0347396173226115,5.026159063482424e-05,1.056806061910457,4.508773826262289e-05,1.1324562429794398,0.00011920687951639186,-0.46785599377749515,1.2377518439612571,0,-0.027814898211516254,1.9087685047987302,0,-0.06697494312063418,3.0967747119808346,1,normal,normal
N15_M07_F10_K006_9,K006,6203_PU_2905,normal,N15_M07_F10,0.3333333333333333,0.0,normal,1.3807974494682755,8.92917529982259e-05,1.3312508982578986,7.921715319434383e-05,0.7963864370115332,4.9685045499751166e-05,0.5703253974059178,2.9780944794921935,1,1.226047034160985,4.09970318038762,1,-1.5293577098074371,0.7066539683652663,0,inner_race,normal
N15_M07_F10_KA01_1,KA01,6203_PU_2905,outer_race,N15_M07_F10,1.0,0.0,outer_race,1.2255092748686023,2.204564149067361e-06,1.0260566316396136,1.4828694787599671e-06,0.9535388632341522,2.6105347074880337e-06,0.10445733095984092,-0.9050958170678648,0,-0.16830047109342883,-0.8904420657368712,0,-0.8455206147459313,-0.9117406889622697,0,normal,outer_race
N15_M07_F10_KA01_10,KA01,6203_PU_2905,outer_race,N15_M07_F10,1.0,0.0,outer_race,1.3613133979628596,2.6500608656030587e-06,0.8147706851688491,1.0300675621950886e-06,1.2413942278250027,3.3610748703766777e-06,0.5118727983927344,-0.8852312589203147,0,-1.1336070465452543,-0.9195096434307698,0,0.4070605960642004,-0.8859375490191064,0,normal,outer_race
N15_M07_F10_KA01_11,KA01,6203_PU_2905,outer_race,N15_M07_F10,1.0,0.0,outer_race,1.1426931211715428,1.8271595965143148e-06,0.8856086949552646,1.0088508756364754e-06,1.1493479504390696,3.3509985292736914e-06,-0.14399301944714635,-0.9219241670894734,0,-0.8099679319664274,-0.9208716466873554,0,0.006528065629983642,-0.8862839678417777,0,normal,outer_race
N15_M07_F10_KA01_12,KA01,6203_PU_2905,outer_race,N15_M07_F10,1.0,0.0,outer_race,1.109014228767559,1.9236137071538122e-06,1.324048884958783,2.4329464527000553e-06,1.122878391966449,2.805421737099389e-06,-0.2450304649882337,-0.917623308703203,0,1.1931430435726205,-0.8294519611350709,0,-0.10865224948545893,-0.9050405847615631,0,normal,outer_race
N15_M07_F10_KA01_13,KA01,6203_PU_2905,outer_race,N15_M07_F10,1.0,0.0,outer_race,1.1560537265830726,2.0435153565208946e-06,1.1680447401195144,2.0641400461541838e-06,1.1858690357916468,3.5311199185347603e-06,-0.10391089841208145,-0.9122769319569028,0,0.4804036052592338,-0.8531274547319353,0,0.1654468524174139,-0.8800914978799137,0,normal,outer_race
N15_M07_F10_KA01_14,KA01,6203_PU_2905,outer_race,N15_M07_F10,1.0,0.3333333333333333,outer_race,1.3632837677052083,2.7685703471436464e-06,0.9376778920163543,1.2476808443793718e-06,0.8639194155434631,1.9284684925893197e-06,0.5177839525705606,-0.8799469584985171,0,-0.5720782893227241,-0.905539978648643,0,-1.2354929762480196,-0.9351897338818638,0,normal,outer_race
N15_M07_F10_KA01_15,KA01,6203_PU_2905,outer_race,N15_M07_F10,1.0,0.0,outer_race,0.8959961936091188,1.0657314367857534e-06,0.8013373246768982,8.812751544218614e-07,0.9747283339625222,2.033076620635379e-06,-0.8840894301234566,-0.9558760086916508,0,-1.1949803249383313,-0.9290613584632984,0,-0.7533162087620685,-0.9315933664912418,0,normal,outer_race
N15_M07_F10_KA01_16,KA01,6203_PU_2905,outer_race,N15_M07_F10,1.0,0.0,outer_race,1.3338909904905245,2.558524305209715e-06,1.0494365476058312,1.5692728152118926e-06,1.1019661949814132,3.261832363682639e-06,0.4296049503781177,-0.8893128452913662,0,-0.061484154188869426,-0.8848954114418058,0,-0.19965011939643895,-0.8893494494278478,0,normal,outer_race
N15_M07_F10_KA01_17,KA01,6203_PU_2905,outer_race,N15_M07_F10,1.0,0.0,outer_race,1.6480213825781291,3.333702542335716e-06,0.6286770938305922,5.361660624951276e-07,0.923644150132773,1.5926171003290585e-06,1.372003293014752,-0.854747892072747,0,-1.9838167759136986,-0.9512156051117084,0,-0.9756052354948656,-0.9467361119480879,0,normal,outer_race
N15_M07_F10_KA01_18,KA01,6203_PU_2905,outer_race,N15_M07_F10,1.0,0.0,outer_race,1.1413580388689033,1.729515393173797e-06,0.7646168746943927,7.092339227974118e-07,1.3907189795450356,4.2865090427484e-06,-0.14799829681279536,-0.926278091334106,0,-1.3627458219519586,-0.9401055296203813,0,1.056836147682828,-0.8541216534300038,0,normal,outer_race
N15_M07_F10_KA01_19,KA01,6203_PU_2905,outer_race,N15_M07_F10,1.0,0.0,outer_race,1.0586321556420875,1.3322812537824825e-06,0.8979515099320575,9.27625280540415e-07,1.0095317787015403,1.5323568733531442e-06,-0.3961778337496777,-0.9439906363815587,0,-0.7535770519495584,-0.9260859163487992,0,-0.6018716073612009,-0.9488078239583846,0,normal,outer_race
N15_M07_F10_KA01_2,KA01,6203_PU_2905,outer_race,N15_M07_F10,1.0,0.0,outer_race,1.371465768377044,2.7703752973954135e-06,1.234782308762941,2.022348576120447e-06,1.3596691043540616,4.851772952855688e-06,0.542330141245101,-0.8798664763358011,0,0.7853089476033417,-0.8558102543352665,0,0.9217249250120455,-0.8346882046973181,0,normal,outer_race
N15_M07_F10_KA01_20,KA01,6203_PU_2905,outer_race,N15_M07_F10,1.0,0.0,outer_race,0.9562150227763926,9.401976827114733e-07,1.1669030933735571,1.7252427097534267e-06,1.235381053631602,3.303805071040392e-06,-0.7034315688270208,-0.9614735192113248,0,0.4751877396083291,-0.8748829383014772,0,0.38089471576981104,-0.8879064518438448,0,normal,outer_race
N15_M07_F10_KA01_3,KA01,6203_PU_2905,outer_race,N15_M07_F10,1.0,0.0,outer_race,1.1245310910827966,1.8067814937592593e-06,0.7985396662309008,8.605182885607927e-07,1.2034282545928052,3.410396013380368e-06,-0.1984795240505526,-0.9228328202671274,0,-1.2077620462922565,-0.9303938435721859,0,0.2418544871269395,-0.8842419164360572,0,normal,outer_race
N15_M07_F10_KA01_4,KA01,6203_PU_2905,outer_race,N15_M07_F10,1.0,0.0,outer_race,1.0348037377067223,1.6143908366751852e-06,0.8848425202216266,1.0007256468285264e-06,1.5968056793511645,5.4734738043012875e-06,-0.46766363116236065,-0.9314114590153789,0,-0.8134683706878838,-0.9213932450088632,0,1.953607094932459,-0.8133144863197518,0,normal,outer_race
N15_M07_F10_KA01_5,KA01,6203_PU_2905,outer_race,N15_M07_F10,1.0,0.0,outer_race,1.1373748569975393,1.7237268687742832e-06,1.1849712275262982,1.7345779291279894e-06,1.0848115738067492,2.6340277014463674e-06,-0.15994793329670143,-0.9265361998122488,0,0.5577360065192097,-0.8742836647460155,0,-0.27429717762476696,-0.9109330133164286,0,normal,outer_race
N15_M07_F10_KA01_6,KA01,6203_PU_2905,outer_race,N15_M07_F10,1.0,0.0,outer_race,1.1187003241369202,2.1996589005528905e-06,1.0552868870260321,1.9416262857232752e-06,1.134702353820471,3.5513950124163117e-06,-0.21597195790764318,-0.9053145405527462,0,-0.03475558465891994,-0.860992214397516,0,-0.05720115884229851,-0.8793944517914367,0,normal,outer_race
N15_M07_F10_KA01_7,KA01,6203_PU_2905,outer_race,N15_M07_F10,1.0,0.0,outer_race,0.9365757472474827,1.0857642464246074e-06,1.0613865027037686,1.5639813217307977e-06,1.4700834634972508,4.1509689360227e-06,-0.7623498434518695,-0.9549827520251947,0,-0.0068881414153025315,-0.8852350983827211,0,1.4021847971529748,-0.8587814444907433,0,normal,outer_race
N15_M07_F10_KA01_8,KA01,6203_PU_2905,outer_race,N15_M07_F10,1.0,0.3333333333333333,outer_race,1.2855976372508189,2.4813964369701753e-06,1.0469048413511937,1.6589913021572878e-06,1.1250877963210137,3.529121732093206e-06,0.28472378892471756,-0.8927519526216178,0,-0.07305081413732109,-0.8791359413634795,0,-0.09903819075306879,-0.8801601943826906,0,normal,outer_race
N15_M07_F10_KA01_9,KA01,6203_PU_2905,outer_race,N15_M07_F10,1.0,0.0,outer_race,0.9986357879072004,1.2931004005874268e-06,0.6992443886668227,6.117994040660845e-07,1.9723065686045622,7.868106265539586e-06,-0.5761683056738575,-0.9457376982737677,0,-1.6614144824573918,-0.946360329654746,0,3.587571287991142,-0.7309883969710315,1,normal,outer_race
N15_M07_F10_KA03_1,KA03,6203_PU_2905,outer_race,N15_M07_F10,0.0,0.0,normal,0.8908121910230753,1.049288819742342e-06,0.9009948462642119,9.085984667424895e-07,1.0206011027585127,2.6509892351886543e-06,-0.8996415561461719,-0.9566091798020838,0,-0.739672896837441,-0.9273073409234439,0,-0.5537042669684318,-0.910349885523349,0,normal,normal
N15_M07_F10_KA03_10,KA03,6203_PU_2905,outer_race,N15_M07_F10,0.0,0.0,normal,0.9514602315971064,1.1129658260466805e-06,1.1487754318557297,1.6392757926236991e-06,1.1953013029853212,3.913647791404459e-06,-0.7176960508377045,-0.9537698421651405,0,0.3923675087646979,-0.8804015766979982,0,0.20649066161975557,-0.8669404092055534,0,normal,normal
N15_M07_F10_KA03_11,KA03,6203_PU_2905,outer_race,N15_M07_F10,0.0,0.0,normal,1.4872395183522005,2.720446316673115e-06,0.8689453958321149,9.071861297401028e-07,1.2285398851259874,3.3076881534986888e-06,0.889654032360318,-0.8820927938461044,0,-0.8860978993446539,-0.9273980057683683,0,0.35112587980491994,-0.8877729536980604,0,normal,normal
N15_M07_F10_KA03_12,KA03,6203_PU_2905,outer_race,N15_M07_F10,0.0,0.0,normal,1.3986401449144465,2.064389335093353e-06,1.2817096016188931,1.63318193139869e-06,1.689613327346458,5.41012000620266e-06,0.6238538907964982,-0.9113461678328756,0,0.9997066636779981,-0.8807927715629794,0,2.357452672949108,-0.815492553529344,1,normal,normal
N15_M07_F10_KA03_13,KA03,6203_PU_2905,outer_race,N15_M07_F10,0.0,0.0,normal,1.2457582919265022,1.7880462237407931e-06,0.8978943250284677,9.490917837380838e-07,1.2891020693459794,3.6605754423383014e-06,0.16520484408192074,-0.9236682200509595,0,-0.7538383138288927,-0.9247078761358772,0,0.6146577203436837,-0.8756408912871073,0,normal,normal
N15_M07_F10_KA03_14,KA03,6203_PU_2905,outer_race,N15_M07_F10,0.0,0.0,normal,1.4424452595850628,2.2951764703696846e-06,1.3624742500902631,2.039046480474539e-06,1.023507533966671,2.3159572976376353e-06,0.7552702341507692,-0.9010554422265157,0,1.3686978225114435,-0.8547383338897435,0,-0.5410571477214936,-0.9218680912070876,0,normal,normal
N15_M07_F10_KA03_15,KA03,6203_PU_2905,outer_race,N15_M07_F10,0.0,0.0,normal,1.493648044636561,2.3167807220355908e-06,1.2665676238299968,1.4951823725234519e-06,1.0073177741053587,2.457734258211312e-06,0.9088797574135004,-0.9000921154554702,0,0.930527189277936,-0.8896516406458689,0,-0.61150568370286,-0.9169938806913984,0,normal,normal
N15_M07_F10_KA03_16,KA03,6203_PU_2905,outer_race,N15_M07_F10,0.0,0.0,normal,1.266486454157003,1.9077217065911017e-06,1.0782664494611975,1.2295889828187256e-06,1.222085856285037,3.86297193441444e-06,0.22738980365272032,-0.9183319279983433,0,0.07023162859494544,-0.9067013840497749,0,0.3230416532986955,-0.8686826160777621,0,normal,normal
N15_M07_F10_KA03_17,KA03,6203_PU_2905,outer_race,N15_M07_F10,0.0,0.0,normal,1.4230324892714672,2.03315915021858e-06,0.9888287040267246,1.0041999124620382e-06,1.6488256901018332,5.594659919841816e-06,0.6970314803392115,-0.9127387119311304,0,-0.33838449189761793,-0.921170214843714,0,2.1799683029128776,-0.8091481772358705,1,normal,normal
N15_M07_F10_KA03_18,KA03,6203_PU_2905,outer_race,N15_M07_F10,0.0,0.0,normal,1.3770596158250992,2.205189395406802e-06,1.1073528573571079,1.4193890367316147e-06,1.1070922212035903,2.7584320341182984e-06,0.5591118112037954,-0.9050679375306979,0,0.20311931595507557,-0.8945171869172335,0,-0.17734459752039083,-0.9066560637750275,0,normal,normal
N15_M07_F10_KA03_19,KA03,6203_PU_2905,outer_race,N15_M07_F10,0.0,0.0,normal,1.1543852974471012,1.5484577889466312e-06,1.628362392588958,3.0642219650672694e-06,1.4122006064783126,4.346108552603128e-06,-0.10891622388249202,-0.9343513928282112,0,2.583466606597027,-0.7889272872529532,1,1.1503118496642766,-0.8520726564950408,0,inner_race,normal
N15_M07_F10_KA03_2,KA03,6203_PU_2905,outer_race,N15_M07_F10,0.0,0.0,normal,0.8843811285398236,8.560879247751943e-07,0.997937875390397,1.1233357900499228e-06,0.8895116000956125,1.7998046052378197e-06,-0.9189348903101544,-0.9652239468021142,0,-0.2967672278952195,-0.9135222980588467,0,-1.1241304884959795,-0.9396131244678979,0,normal,normal
N15_M07_F10_KA03_20,KA03,6203_PU_2905,outer_race,N15_M07_F10,0.0,0.0,normal,1.4801752313422456,2.8898306562765144e-06,0.9235570186158953,9.781668246100555e-07,1.197833139339065,3.0699016119022494e-06,0.8684610101702386,-0.8745399995415777,0,-0.6365926224919297,-0.9228414065415989,0,0.2175077592168535,-0.8959479184938139,0,normal,normal
N15_M07_F10_KA03_3,KA03,6203_PU_2905,outer_race,N15_M07_F10,0.3333333333333333,0.0,normal,1.991454130148025,3.993577960158522e-06,1.2029902054485377,1.5341641083398088e-06,1.0422161331362318,2.1835697736342435e-06,2.402309370583827,-0.8253242552176598,1,0.6400596923194191,-0.8871492116740989,0,-0.45964806981989403,-0.9264194982836137,0,outer_race,normal
N15_M07_F10_KA03_4,KA03,6203_PU_2905,outer_race,N15_M07_F10,0.0,0.0,normal,1.058320761181689,1.475566793258082e-06,1.071202534178265,1.4033698982847704e-06,0.9933281568767887,2.4618439627605385e-06,-0.3971120242348312,-0.9376015793470877,0,0.0379585693359237,-0.8955455340473106,0,-0.6723804626455399,-0.9168525914082231,0,normal,normal
N15_M07_F10_KA03_5,KA03,6203_PU_2905,outer_race,N15_M07_F10,0.0,0.0,normal,1.1880693067424584,1.6455955318876403e-06,1.1025494876556674,1.4211149148871232e-06,1.0820827316010764,2.2001813086335574e-06,-0.007863427550550611,-0.9300200514931313,0,0.18117405913806273,-0.8944063943266102,0,-0.28617153153493236,-0.9258484032463963,0,normal,normal
N15_M07_F10_KA03_6,KA03,6203_PU_2905,outer_race,N15_M07_F10,0.0,0.0,normal,1.3274236181752335,2.0844381489867445e-06,0.9666399933315125,1.0453745532306618e-06,1.1447743642968913,2.4388218758012026e-06,0.4102026858896673,-0.9104521975417551,0,-0.439758524068992,-0.9185270125387414,0,-0.013373554323692938,-0.9176440775417687,0,normal,normal
N15_M07_F10_KA03_7,KA03,6203_PU_2905,outer_race,N15_M07_F10,0.0,0.0,normal,1.1357742625739708,1.5514114863831946e-06,1.2697965588018385,1.637609200340914e-06,1.137859378276845,3.3460927438258517e-06,-0.16474975308236434,-0.9342196883906676,0,0.9452792928233389,-0.8805085634374349,0,-0.043463601712721574,-0.886452625929247,0,normal,normal
N15_M07_F10_KA03_8,KA03,6203_PU_2905,outer_race,N15_M07_F10,0.0,0.0,normal,1.3592113124211325,2.392914654390048e-06,0.8474041563422535,8.846665666071957e-07,1.2081414056350648,3.380615923931687e-06,0.5055664938118914,-0.8966973274129962,0,-0.9845138161165864,-0.9288436470676906,0,0.26236341336368246,-0.8852657388156708,0,normal,normal
N15_M07_F10_KA03_9,KA03,6203_PU_2905,outer_race,N15_M07_F10,0.0,0.0,normal,1.3003434219299046,1.7524600568623057e-06,0.8568692869030231,7.10178444083883e-07,1.254879538144068,3.0998796794735476e-06,0.3289614793630615,-0.9252549960135373,0,-0.9412702737966283,-0.9400448961626293,0,0.4657409209961822,-0.8949172897399966,0,normal,normal
N15_M07_F10_KA04_1,KA04,6203_PU_2855,outer_race,N15_M07_F10,1.0,0.0,outer_race,16.261985899443157,0.00018342645296752502,1.3661065853670382,1.9669545815639815e-06,1.4342249036341228,1.9937377675397086e-06,5.0,5.0,1,1.3852929495678556,-0.8593662667584488,0,1.2461489407599335,-0.9329458136777115,0,outer_race,outer_race
N15_M07_F10_KA04_10,KA04,6203_PU_2855,outer_race,N15_M07_F10,1.0,0.0,outer_race,16.72537671171636,0.0001607717515173465,1.3071520391346816,2.559771339499294e-06,1.1059242027205554,1.210965880301251e-06,5.0,5.0,1,1.115946066438802,-0.8213104491058733,0,-0.18242714308214555,-0.9598570618009977,0,outer_race,normal
N15_M07_F10_KA04_11,KA04,6203_PU_2855,outer_race,N15_M07_F10,1.0,0.0,outer_race,15.106123336944862,0.00016717155201497925,0.9882942270029965,1.4885053261183312e-06,0.9307621298743677,1.1847861398983315e-06,5.0,5.0,1,-0.3408263683879885,-0.8900802730302435,0,-0.9446318760234471,-0.9607571062472433,0,outer_race,normal
N15_M07_F10_KA04_12,KA04,6203_PU_2855,outer_race,N15_M07_F10,1.0,0.0,outer_race,12.466579918268009,0.0001628995748984418,0.8308087546824123,1.7319619148513761e-06,0.8096664475759318,1.070585550932646e-06,5.0,5.0,1,-1.0603335789171637,-0.8744515995436654,0,-1.4715707314894573,-0.96468325693761,0,outer_race,normal
N15_M07_F10_KA04_13,KA04,6203_PU_2855,outer_race,N15_M07_F10,1.0,0.0,outer_race,16.283033407967135,0.00016137748341407606,1.016768323846707,1.6715774180015707e-06,1.2946314257411,1.6679101684528958e-06,5.0,5.0,1,-0.21073615949144484,-0.8783279768059449,0,0.6387183034710655,-0.9441475794889159,0,outer_race,normal
N15_M07_F10_KA04_14,KA04,6203_PU_2855,outer_race,N15_M07_F10,1.0,0.0,outer_race,13.513740099830674,0.000172362148355296,1.1030396643828975,2.1886762772296473e-06,1.0181742376683225,1.453937798556242e-06,5.0,5.0,1,0.18341353992621875,-0.8451328627479752,0,-0.5642645899190359,-0.9515038267324533,0,outer_race,outer_race
N15_M07_F10_KA04_15,KA04,6203_PU_2855,outer_race,N15_M07_F10,1.0,0.0,outer_race,14.254061142720268,0.0001728249996088287,1.3228648854750413,2.6742667334495444e-06,0.906563200565355,1.222103327175043e-06,5.0,5.0,1,1.1877336800722158,-0.8139604277444562,0,-1.0499317172033231,-0.9594741627710671,0,outer_race,normal
N15_M07_F10_KA04_16,KA04,6203_PU_2855,outer_race,N15_M07_F10,1.0,0.0,outer_race,14.098299499034395,0.00016733027371146583,1.0170863262255685,2.081232941943254e-06,1.281544235097785,1.6870137624337565e-06,5.0,5.0,1,-0.20928329529270412,-0.852030177847306,0,0.581770366699393,-0.9434908088945105,0,outer_race,normal
N15_M07_F10_KA04_17,KA04,6203_PU_2855,outer_race,N15_M07_F10,1.0,0.0,outer_race,15.759115337838713,0.0001744674513339278,1.0404877152128138,1.6335891608035196e-06,1.0042305055869856,1.1953006467977613e-06,5.0,5.0,1,-0.10236887414250458,-0.8807666295085156,0,-0.6249397030560735,-0.9603956235360248,0,outer_race,normal
N15_M07_F10_KA04_18,KA04,6203_PU_2855,outer_race,N15_M07_F10,1.0,0.0,outer_race,13.673606840221689,0.00015854991210466465,1.143862930593985,2.429344869210637e-06,1.2440938294635846,2.36677769791968e-06,5.0,5.0,1,0.3699236602783822,-0.8296831644583562,0,0.4188077118213314,-0.9201209150194759,0,outer_race,normal
N15_M07_F10_KA04_19,KA04,6203_PU_2855,outer_race,N15_M07_F10,1.0,0.0,outer_race,13.028984938028465,0.00015457341628562584,0.8929795238568076,1.536636442905336e-06,0.7726550005234054,9.085858988900958e-07,5.0,5.0,1,-0.7762926699623154,-0.8869905003823844,0,-1.632623290745329,-0.9702527119769108,0,outer_race,normal
N15_M07_F10_KA04_2,KA04,6203_PU_2855,outer_race,N15_M07_F10,1.0,0.0,outer_race,15.736424183157382,0.00017834300585415356,1.0198145181765645,1.4644591299161525e-06,1.2824919577496983,1.6666051766121028e-06,5.0,5.0,1,-0.19681894698473168,-0.8916239164000689,0,0.5858943113357313,-0.9441924443592555,0,outer_race,normal
N15_M07_F10_KA04_20,KA04,6203_PU_2855,outer_race,N15_M07_F10,1.0,0.0,outer_race,15.252550030302062,0.00015947263569070948,1.4069587341953256,1.8392454124462046e-06,1.3328687020744254,2.1860231094609026e-06,5.0,5.0,1,1.5719350265445131,-0.8675645452103518,0,0.8051049676756925,-0.9263351540062612,0,outer_race,outer_race
N15_M07_F10_KA04_3,KA04,6203_PU_2855,outer_race,N15_M07_F10,1.0,0.0,outer_race,15.281707907439493,0.0001736842859808667,1.0748645702149768,2.127489825994841e-06,0.9719063633231976,1.1790235674075149e-06,5.0,5.0,1,0.05468939088286774,-0.849060721398783,0,-0.7655958041251777,-0.9609552201814009,0,outer_race,normal
N15_M07_F10_KA04_4,KA04,6203_PU_2855,outer_race,N15_M07_F10,1.0,0.0,outer_race,16.736388775202567,0.00017627576317518897,0.9630504434000035,1.148610263877981e-06,1.292365314328946,1.7344257656266318e-06,5.0,5.0,1,-0.45615817681294674,-0.9118998055189675,0,0.6288574881949593,-0.9418608114421916,0,outer_race,normal
N15_M07_F10_KA04_5,KA04,6203_PU_2855,outer_race,N15_M07_F10,1.0,0.0,outer_race,16.04348966017795,0.0001847130264525777,0.7723803467583493,7.358066480612271e-07,1.0545707919648297,1.2663291362404007e-06,5.0,5.0,1,-1.3272766828215392,-0.9383996959481117,0,-0.40588769076054515,-0.9579537048437777,0,outer_race,normal
N15_M07_F10_KA04_6,KA04,6203_PU_2855,outer_race,N15_M07_F10,1.0,0.0,outer_race,14.832955811672223,0.00017433274964492583,1.0206138919261936,1.2786331433801035e-06,0.8851880282539871,1.1400646686759999e-06,5.0,5.0,1,-0.19316683121626885,-0.903552998640179,0,-1.142944189814714,-0.9622946047549483,0,outer_race,normal
N15_M07_F10_KA04_7,KA04,6203_PU_2855,outer_race,N15_M07_F10,1.0,0.0,outer_race,13.936872651014497,0.0001683557242836385,1.0217294725312451,1.4417142964242975e-06,1.1685157994076882,1.636125739860062e-06,5.0,5.0,1,-0.18807005449500303,-0.8930840189095169,0,0.08993553487713223,-0.9452403098976897,0,outer_race,normal
N15_M07_F10_KA04_8,KA04,6203_PU_2855,outer_race,N15_M07_F10,1.0,0.0,outer_race,15.62645516002111,0.00017420116718532921,0.9889947126690096,1.2130200538950841e-06,0.8360169721252403,7.01010769496498e-07,5.0,5.0,1,-0.33762604470008173,-0.9077650249293152,0,-1.3569083836385878,-0.9773890257643688,0,outer_race,normal
N15_M07_F10_KA04_9,KA04,6203_PU_2855,outer_race,N15_M07_F10,1.0,0.0,outer_race,15.774384479385773,0.00017838336057165788,0.7693123749859956,9.939114779832642e-07,0.9727541913612563,1.003368809529843e-06,5.0,5.0,1,-1.341293390390698,-0.9218306799557637,0,-0.7619065434717248,-0.9669941299204291,0,outer_race,normal
N15_M07_F10_KA05_1,KA05,6203_PU_2905,outer_race,N15_M07_F10,0.3333333333333333,0.0,normal,0.8518803042421998,7.375049928434672e-06,1.236396543526808,1.3905248043641604e-05,1.0622920167629215,2.2717208651607415e-05,-1.0164381046564548,-0.6745454861607842,0,0.7926839361338702,-0.09298860790465506,0,-0.3722893552899599,-0.22048478125058005,0,normal,normal
N15_M07_F10_KA05_10,KA05,6203_PU_2905,outer_race,N15_M07_F10,0.3333333333333333,0.0,normal,0.9936240246005711,1.0148206354830328e-05,1.115851689122825,1.2023646826510849e-05,1.099816095338328,2.5233015692410747e-05,-0.5912037099289714,-0.5508913153449717,0,0.2419481085186204,-0.2137778262516266,0,-0.2090061180874,-0.13399277941819376,0,normal,normal
N15_M07_F10_KA05_11,KA05,6203_PU_2905,outer_race,N15_M07_F10,0.3333333333333333,0.0,normal,0.9579761771281513,1.0681053989821477e-05,1.1754327741593753,1.3393434914338256e-05,1.484806744264477,3.5714782043055596e-05,-0.6981480655938734,-0.5271318072808576,0,0.5141574727429211,-0.1258444050126843,0,1.4662520584205312,0.22636433052817673,0,normal,normal
N15_M07_F10_KA05_12,KA05,6203_PU_2905,outer_race,N15_M07_F10,0.3333333333333333,0.0,normal,1.4576117590854245,2.223728267804931e-05,0.9337608301743536,9.350664835570211e-06,1.2739123170260807,2.9131557071161437e-05,0.8007700786508655,-0.011843213172231942,0,-0.5899742526638444,-0.38536966112171156,0,0.5485606428068162,3.683517691770364e-05,0,normal,normal
N15_M07_F10_KA05_13,KA05,6203_PU_2905,outer_race,N15_M07_F10,0.0,0.0,normal,1.0182260597057047,1.1146153207104048e-05,1.4661062364304185,2.2883698751370832e-05,1.1136022153693468,2.9130485640329966e-05,-0.517397043358166,-0.50639317980469,0,1.8421634718471307,0.48338221556195393,0,-0.14901684206549273,0.0,0,normal,normal
N15_M07_F10_KA05_14,KA05,6203_PU_2905,outer_race,N15_M07_F10,0.3333333333333333,0.0,normal,1.2569786404178016,1.5379166645643895e-05,0.918459432917535,9.146580202877349e-06,1.3378678257720902,3.292053650582382e-05,0.19886614552981474,-0.31764444503708383,0,-0.6598820701610739,-0.39847085548487754,0,0.826858282654244,0.13029977302967466,0,normal,normal
N15_M07_F10_KA05_15,KA05,6203_PU_2905,outer_race,N15_M07_F10,0.0,0.0,normal,0.94604720206256,1.0109359945018655e-05,0.915139107173419,8.765685971622778e-06,0.8278308617307892,1.3752551633820996e-05,-0.7339352629308057,-0.552623464512149,0,-0.6750517126620277,-0.4229223258853205,0,-1.392529634207537,-0.5286845432488256,0,normal,normal
N15_M07_F10_KA05_16,KA05,6203_PU_2905,outer_race,N15_M07_F10,0.3333333333333333,0.0,normal,1.1983909152300407,1.1775007423136814e-05,0.8549886029797225,8.359218249166832e-06,1.5324655826583597,4.0091728977516114e-05,0.023101633382901308,-0.47835276855799136,0,-0.9498625942411869,-0.44901548421862303,0,1.6736359492368966,0.3768412534939117,0,normal,normal
N15_M07_F10_KA05_17,KA05,6203_PU_2905,outer_race,N15_M07_F10,0.3333333333333333,0.0,normal,1.089340815326416,1.1505282381439044e-05,1.2599475621348053,1.683132573186461e-05,0.9317160418295248,1.636900563648909e-05,-0.30405115412858313,-0.49037972313651385,0,0.9002819732992702,0.09485068214529892,0,-0.94048099909435,-0.4387323566451735,0,normal,normal
N15_M07_F10_KA05_18,KA05,6203_PU_2905,outer_race,N15_M07_F10,0.3333333333333333,0.0,normal,0.9524466759787004,9.568928961453316e-06,1.1966698649576777,1.2565962443245847e-05,1.1398700165404554,1.864379880803542e-05,-0.7147366951887988,-0.5767211116985367,0,0.6111838189505018,-0.17896392474774375,0,-0.034714458842606585,-0.3605262732808232,0,normal,normal
N15_M07_F10_KA05_19,KA05,6203_PU_2905,outer_race,N15_M07_F10,0.3333333333333333,0.0,normal,1.1125117670683276,1.2178552730842544e-05,0.9423222885846091,1.0480440530770067e-05,0.8305070071845847,1.2244484803477816e-05,-0.23453777029528222,-0.46035881050499383,0,-0.5508593364239208,-0.312843813514804,0,-1.3808845862940347,-0.5805310151514377,0,normal,normal
N15_M07_F10_KA05_2,KA05,6203_PU_2905,outer_race,N15_M07_F10,0.3333333333333333,0.0,normal,1.0719146446927914,1.2886227299424715e-05,0.7319767800659355,5.197871431579873e-06,0.9337452676606539,1.8061186012503254e-05,-0.3563300635791881,-0.4288038245862221,0,-1.51186931309991,-0.6519578545484565,0,-0.9316509738065613,-0.380556166735072,0,normal,normal
N15_M07_F10_KA05_20,KA05,6203_PU_2905,outer_race,N15_M07_F10,0.3333333333333333,0.0,normal,0.8034852312113061,6.9353539477521284e-06,1.2063943542012068,1.3390698244984014e-05,0.7850738144053351,1.243053196569754e-05,-1.1616244278039909,-0.6941513913253233,0,0.6556122987736407,-0.12602008525202696,0,-1.578583745742708,-0.5741348205170191,0,normal,normal
N15_M07_F10_KA05_3,KA05,6203_PU_2905,outer_race,N15_M07_F10,0.0,0.0,normal,0.9795798025444666,1.0091542370719431e-05,1.082156211861666,1.3464808547687091e-05,1.0214370215352375,1.8285841726028354e-05,-0.6333366964933617,-0.5534179445331637,0,0.0880028683997525,-0.1212625811361375,0,-0.5500668285799648,-0.3728326322704954,0,normal,normal
N15_M07_F10_KA05_4,KA05,6203_PU_2905,outer_race,N15_M07_F10,0.3333333333333333,0.0,normal,1.1482984782207755,1.41754706923951e-05,1.0166973340982381,1.1209456751652563e-05,0.9552210304833587,1.4502002484826112e-05,-0.12717682042234682,-0.3713168681274692,0,-0.21106049185775316,-0.266044683773095,0,-0.8382007890661453,-0.5029188532228849,0,normal,normal
N15_M07_F10_KA05_5,KA05,6203_PU_2905,outer_race,N15_M07_F10,0.3333333333333333,0.0,normal,1.4647828461137367,2.1571040015019703e-05,1.002458520677848,1.0465861973494173e-05,1.1442088560362822,2.5967386810370803e-05,0.8222835033324855,-0.041550763483817185,0,-0.2761136600921873,-0.31377968266813455,0,-0.01583432146209134,-0.10874552195763318,0,normal,normal
N15_M07_F10_KA05_6,KA05,6203_PU_2905,outer_race,N15_M07_F10,0.3333333333333333,0.0,normal,1.2293379479208268,1.4741793395038719e-05,0.9290289283591013,8.554163939038088e-06,0.9913287406973516,1.9349634703702496e-05,0.11594343746146123,-0.34606471734974187,0,-0.6115929926366306,-0.4365009634555214,0,-0.6810807734509766,-0.3362600403816947,0,normal,normal
N15_M07_F10_KA05_7,KA05,6203_PU_2905,outer_race,N15_M07_F10,0.3333333333333333,0.0,normal,0.9520615106288104,1.0515937185828063e-05,1.0423141867008876,1.1601658956383933e-05,0.8855656548556203,2.004820643321221e-05,-0.7158922000253896,-0.534494313517875,0,-0.0940242351981587,-0.24086729904770604,0,-1.1413009757423267,-0.3122435453449711,0,normal,normal
N15_M07_F10_KA05_8,KA05,6203_PU_2905,outer_race,N15_M07_F10,0.3333333333333333,0.0,normal,0.7066796225718731,5.166175226083635e-06,1.174303422071562,1.3582769320222805e-05,1.4027209405851562,3.6736238827862545e-05,-1.4520434621847529,-0.7730385127911807,0,0.508997777956892,-0.11369010011280938,0,1.1090617885462468,0.2614814284098232,0,normal,normal
N15_M07_F10_KA05_9,KA05,6203_PU_2905,outer_race,N15_M07_F10,0.0,0.0,normal,0.8297191605641683,6.728071417603332e-06,1.5430150837531647,2.3616472891148168e-05,1.0910182740469512,2.0284195657981978e-05,-1.0829220412609875,-0.7033940539988701,0,2.1935385503658527,0.5304225845640261,1,-0.24728918313052492,-0.30413037126994646,0,inner_race,normal
N15_M07_F10_KA06_1,KA06,6203_PU_2905,outer_race,N15_M07_F10,0.3333333333333333,0.0,normal,1.0290617299194715,2.2179503218153513e-05,1.1174441578691217,2.3962409937858356e-05,0.882451531613799,2.2781909860028693e-05,-0.4848897855186786,-0.014419581074019014,0,0.2492236541840035,0.5526299816941693,0,-1.1548518514274018,-0.21826039084759274,0,normal,normal
N15_M07_F10_KA06_10,KA06,6203_PU_2905,outer_race,N15_M07_F10,0.0,0.0,normal,1.5750303092880429,4.5499996397038316e-05,0.8722813150608969,1.2323821089640375e-05,1.0032304466258735,3.3791654807540623e-05,1.153028407971909,1.0254338579902904,0,-0.8708570145602748,-0.1945081668353859,0,-0.6292913852495662,0.1602483201663646,0,normal,normal
N15_M07_F10_KA06_11,KA06,6203_PU_2905,outer_race,N15_M07_F10,0.3333333333333333,0.0,normal,1.4595257720432657,3.6671701857698453e-05,1.0275299258725323,1.797297184975103e-05,1.0322894510662595,3.409916318861571e-05,0.8065121611894807,0.6317829875997262,0,-0.16156940054961244,0.16813855045282283,0,-0.502843288586119,0.17082028177870182,0,normal,normal
N15_M07_F10_KA06_12,KA06,6203_PU_2905,outer_race,N15_M07_F10,0.3333333333333333,0.0,normal,1.7375766843093263,4.190948758496151e-05,0.8738438908538935,1.2522009105205666e-05,1.6661366077275768,7.381826842508636e-05,1.6406712412668505,0.8653342019671789,0,-0.8637180414633104,-0.18178550527037413,0,2.2552954735240918,1.5363403185604565,1,normal,normal
N15_M07_F10_KA06_13,KA06,6203_PU_2905,outer_race,N15_M07_F10,0.3333333333333333,0.0,normal,2.0205930720723395,5.6399036145256364e-05,1.0181027114137164,1.3141135373168525e-05,1.6228114531293267,6.605820009016794e-05,2.4897268611143226,1.5114186044426,1,-0.2046397147720905,-0.14204075102359018,0,2.066769285442284,1.2695536239700445,1,outer_race,normal
N15_M07_F10_KA06_14,KA06,6203_PU_2905,outer_race,N15_M07_F10,0.3333333333333333,0.0,normal,1.688229462748731,4.2448395557462853e-05,1.1654067971550046,2.1825771205825504e-05,1.3608144018474486,5.0025076953979785e-05,1.4926284508084904,0.889363938570352,0,0.4683515794059169,0.41546865336251454,0,0.9267086018771391,0.718344054562346,0,normal,normal
N15_M07_F10_KA06_15,KA06,6203_PU_2905,outer_race,N15_M07_F10,0.3333333333333333,0.0,normal,1.4174427633445772,3.7147532410799206e-05,1.1889733964069422,2.455941955959023e-05,1.2398663344683958,5.274249190503697e-05,0.6802621750380387,0.6530001219569744,0,0.5760208001890474,0.5909549598553643,0,0.40041208175449583,0.8117672206137225,0,normal,normal
N15_M07_F10_KA06_16,KA06,6203_PU_2905,outer_race,N15_M07_F10,0.3333333333333333,0.0,normal,1.3341408083860544,2.6989440305306076e-05,1.1907388157465406,2.2560303555237842e-05,1.1528472047173624,3.7312081004001566e-05,0.4303544097638963,0.20005399731012988,0,0.5840865088905012,0.46262189047158436,0,0.021754810377529077,0.2812785518560943,0,normal,normal
N15_M07_F10_KA06_17,KA06,6203_PU_2905,outer_race,N15_M07_F10,0.0,0.0,normal,1.513287304796258,3.621255125586127e-05,1.0132678573808753,1.493620433455268e-05,1.2888855974632536,4.092271963715064e-05,0.96779798593036,0.6113096070109681,0,-0.226728814720331,-0.026806462934035494,0,0.6137157590453198,0.4054102353315866,0,normal,normal
N15_M07_F10_KA06_18,KA06,6203_PU_2905,outer_race,N15_M07_F10,0.3333333333333333,0.0,normal,1.112328346411866,2.104680809578495e-05,1.005643156376287,1.7326428901471508e-05,1.3785031802965106,5.029878410931783e-05,-0.23508803644911055,-0.06492609949845671,0,-0.2615639475747614,0.12663378491620322,0,1.0036800057589848,0.7277539494378592,0,normal,normal
N15_M07_F10_KA06_19,KA06,6203_PU_2905,outer_race,N15_M07_F10,0.0,0.0,normal,1.563308784229789,4.5372095365800216e-05,0.8535252520012931,1.4217165193786064e-05,1.2709785051808602,4.6936111249648985e-05,1.1178635653896236,1.0197307913281655,0,-0.956548236827771,-0.07296511492859471,0,0.5357943787540386,0.6121471869067698,0,normal,normal
N15_M07_F10_KA06_2,KA06,6203_PU_2905,outer_race,N15_M07_F10,0.0,0.0,normal,1.5826848039141241,3.654185242354065e-05,0.9727933641506604,1.6338447617950794e-05,1.614809500692976,6.7016586975564e-05,1.1759920664749943,0.6259930422656453,0,-0.4116454885730947,0.06321041662146863,0,2.0319493845319223,1.3025024149160076,1,normal,normal
N15_M07_F10_KA06_20,KA06,6203_PU_2905,outer_race,N15_M07_F10,0.3333333333333333,0.0,normal,1.4848978593608824,3.160290226939256e-05,1.1091200430422363,1.9272844139365366e-05,0.9180210218178478,2.1458351007693567e-05,0.8826290019652236,0.40576681189551705,0,0.21119309459673682,0.2515837334086611,0,-1.0000738601573278,-0.2637635843853955,0,normal,normal
N15_M07_F10_KA06_3,KA06,6203_PU_2905,outer_race,N15_M07_F10,0.3333333333333333,0.0,normal,1.443958314210496,3.370038147024913e-05,0.8196367955527687,1.1346268401269676e-05,1.2929101907724,5.327329469845314e-05,0.7598094325449484,0.4992927482316913,0,-1.1113751450443092,-0.2572620724165769,0,0.6312284775154251,0.8300159159374016,0,normal,normal
N15_M07_F10_KA06_4,KA06,6203_PU_2905,outer_race,N15_M07_F10,0.3333333333333333,0.3333333333333333,normal,1.7989145959437254,5.203566506249201e-05,1.0501029808420255,1.7676827580836032e-05,1.0221287464690538,2.860111899292193e-05,1.8246863754947076,1.3168572634142517,0,-0.05843940655778635,0.1491275961472526,0,-0.5470568389750161,-0.018199321448357172,0,normal,normal
N15_M07_F10_KA06_5,KA06,6203_PU_2905,outer_race,N15_M07_F10,0.0,0.0,normal,1.6312827064328554,3.994399470065122e-05,1.1322247135341899,1.9096283443307208e-05,0.9805145067177633,2.9387440849038676e-05,1.3217868827132677,0.7776934938771358,0,0.3167518916775288,0.240249435644875,0,-0.7281381083434154,0.008833972567060743,0,normal,normal
N15_M07_F10_KA06_6,KA06,6203_PU_2905,outer_race,N15_M07_F10,0.3333333333333333,0.0,normal,1.6243456017298747,4.0944963541980334e-05,0.8226583201017248,1.015876705403939e-05,1.159205333160991,3.2754990635912994e-05,1.3009754103455682,0.8223263789567159,0,-1.0975706418877305,-0.3334936129853318,0,0.04942173343705479,0.1246084010558133,0,normal,normal
N15_M07_F10_KA06_7,KA06,6203_PU_2905,outer_race,N15_M07_F10,0.3333333333333333,0.0,normal,1.5136500263157462,4.085132522367614e-05,0.8869416060656029,1.2222596412501504e-05,1.067577072194394,3.3732298944565244e-05,0.9688861587637257,0.8181510758629985,0,-0.8038782327659157,-0.2010062757426885,0,-0.3492918296368878,0.15820769967124504,0,normal,normal
N15_M07_F10_KA06_8,KA06,6203_PU_2905,outer_race,N15_M07_F10,0.0,0.0,normal,1.1076555919649769,2.003390025731734e-05,0.8584008720950713,1.2138753283673893e-05,0.9875496831579555,2.615433551951003e-05,-0.24910640639106849,-0.11009134069667526,0,-0.9342728881141246,-0.20638857774305322,0,-0.6975250612798519,-0.10231833265766639,0,normal,normal
N15_M07_F10_KA06_9,KA06,6203_PU_2905,outer_race,N15_M07_F10,0.3333333333333333,0.0,normal,1.4602725198450948,3.176753170219065e-05,1.001815685004484,1.4415187245191428e-05,1.581876515821851,5.878911329564838e-05,0.808752421630804,0.4131075864045784,0,-0.27905059703853186,-0.060253107417677136,0,1.8886439501374699,1.0196465928844638,0,normal,normal
N15_M07_F10_KA07_1,KA07,6203_PU_2905,outer_race,N15_M07_F10,0.3333333333333333,0.0,normal,0.9436867844291843,1.4003690090096639e-05,0.8954594379910763,1.3844254916673633e-05,1.147374946023224,3.564496209817905e-05,-0.7410165696800207,-0.3789765110301471,0,-0.7649626337703589,-0.09690405612180344,0,-0.002057316350463931,0.2239639609043319,0,normal,normal
N15_M07_F10_KA07_10,KA07,6203_PU_2905,outer_race,N15_M07_F10,0.3333333333333333,0.0,normal,1.165205930174747,2.2551669133439505e-05,0.7563511122905054,9.167191937375347e-06,1.3773322756904998,4.373264367858207e-05,-0.07645407884442333,0.0021751797633314074,0,-1.4005097855892603,-0.3971476870705921,0,0.9985849014477451,0.5020138108040317,0,normal,normal
N15_M07_F10_KA07_11,KA07,6203_PU_2905,outer_race,N15_M07_F10,0.3333333333333333,0.0,normal,1.2300200897674416,2.139339711009032e-05,0.8678196772226765,1.0191442242148632e-05,0.9447701199083208,2.2944326873992154e-05,0.11798987856326189,-0.04947180461271777,0,-0.8912409937811301,-0.33139603226784375,0,-0.883677149184554,-0.212676587145043,0,normal,normal
N15_M07_F10_KA07_12,KA07,6203_PU_2905,outer_race,N15_M07_F10,0.3333333333333333,0.0,normal,0.9365058060205818,1.1483388560597807e-05,1.0064634911775494,1.4945432226622893e-05,1.115372923550046,2.8999401926783337e-05,-0.7625596687281677,-0.49135596170580065,0,-0.2578160666060665,-0.026214079245077782,0,-0.14131173710722938,-0.0045065828214912625,0,normal,normal
N15_M07_F10_KA07_13,KA07,6203_PU_2905,outer_race,N15_M07_F10,0.3333333333333333,0.0,normal,0.8372131359615357,9.72747825687775e-06,1.0803592011943584,1.620837555010655e-05,1.1494397827660812,3.414021231591381e-05,-1.0604399441060288,-0.569651448598204,0,0.07979282773077091,0.054860452101548475,0,0.006927667171275731,0.17223152721044654,0,normal,normal
N15_M07_F10_KA07_14,KA07,6203_PU_2905,outer_race,N15_M07_F10,0.3333333333333333,0.0,normal,0.7802834774524908,7.602585405059632e-06,1.255622205512809,2.309478724178552e-05,1.0230834272643339,2.5341998463001548e-05,-1.2312302183907005,-0.664399750988604,0,0.8805206249553337,0.49693302193213307,0,-0.5429026164953039,-0.1302460143282017,0,normal,normal
N15_M07_F10_KA07_15,KA07,6203_PU_2905,outer_race,N15_M07_F10,0.3333333333333333,0.0,normal,0.8397409337262485,1.0345251068271531e-05,0.6566025944003828,6.806191103111186e-06,0.748008329137772,1.3395108763391098e-05,-1.0528564931442972,-0.5421051536909464,0,-1.8562329504247064,-0.5487119200711376,0,-1.7398714482724142,-0.5409732239396644,0,normal,normal
N15_M07_F10_KA07_16,KA07,6203_PU_2905,outer_race,N15_M07_F10,0.3333333333333333,0.0,normal,0.7951370223787978,8.46351704813026e-06,1.4951518996488453,2.9925234136497725e-05,0.8569439372567385,1.565342246224553e-05,-1.1866692447523182,-0.626011080432663,0,1.9748650081368917,0.9354129367309195,0,-1.265846251236604,-0.4633336953862146,0,normal,normal
N15_M07_F10_KA07_17,KA07,6203_PU_2905,outer_race,N15_M07_F10,0.3333333333333333,0.0,normal,0.6305643441528247,5.560964470616943e-06,0.8207994924624253,1.0115776016804217e-05,0.9191540917390069,2.2798412516330205e-05,-1.6803910338881394,-0.7554349848346937,0,-1.1060631070649902,-0.336253418695641,0,-0.9951433906634025,-0.21769303899750259,0,normal,normal
N15_M07_F10_KA07_18,KA07,6203_PU_2905,outer_race,N15_M07_F10,0.3333333333333333,0.0,normal,0.899083482041482,1.2430384908932621e-05,0.811715240325084,8.5149095862711e-06,0.9160335962548712,2.1855479846857862e-05,-0.8748274943949041,-0.4491296930740157,0,-1.147566522070641,-0.4390208930475479,0,-1.0087219946869954,-0.25011052287169383,0,normal,normal
N15_M07_F10_KA07_19,KA07,6203_PU_2905,outer_race,N15_M07_F10,0.3333333333333333,0.0,normal,1.3952554860853594,2.5702899086100443e-05,0.8240674608694384,9.527042411725794e-06,0.880085351108154,2.115919248602861e-05,0.6136998370937523,0.14268752992768743,0,-1.0911326706381879,-0.3740471187233529,0,-1.1651481099215548,-0.27404848262455345,0,normal,normal
N15_M07_F10_KA07_2,KA07,6203_PU_2905,outer_race,N15_M07_F10,0.3333333333333333,0.0,normal,0.810727815449927,8.524321044421577e-06,1.0480118783345485,1.4406177722168717e-05,1.270871202455053,3.4309349855849e-05,-1.1398965098603522,-0.6232998494064843,0,-0.06799307084132483,-0.0608314729255672,0,0.5353274589229428,0.1780463787379027,0,normal,normal
N15_M07_F10_KA07_20,KA07,6203_PU_2905,outer_race,N15_M07_F10,0.3333333333333333,0.0,normal,0.9512108329284986,1.2676517785951942e-05,0.8612227987997371,1.0226525956829642e-05,1.207489483137213,3.6646256352941934e-05,-0.7184442525331526,-0.43815470568107867,0,-0.9213802918531903,-0.3291438364069751,0,0.25952662109867014,0.2583878825776154,0,normal,normal
N15_M07_F10_KA07_3,KA07,6203_PU_2905,outer_race,N15_M07_F10,0.3333333333333333,0.0,normal,1.331138967957646,2.7178789436891884e-05,1.1606078550233367,1.809806835611054e-05,1.2085132956624363,3.4280143657167146e-05,0.42134881999656537,0.20849701539525423,0,0.4464265509206324,0.1761691092574902,0,0.26398166515980687,0.17704228639340336,0,normal,normal
N15_M07_F10_KA07_4,KA07,6203_PU_2905,outer_race,N15_M07_F10,0.3333333333333333,0.0,normal,1.0272239498985791,1.4451043657225124e-05,0.8314044207049436,8.783607411237987e-06,1.3285402727604676,3.359630690662414e-05,-0.49040316750731705,-0.3590291565000365,0,-1.0576121469529123,-0.4217718607054168,0,0.7862701294273603,0.1535323714747566,0,normal,normal
N15_M07_F10_KA07_5,KA07,6203_PU_2905,outer_race,N15_M07_F10,0.3333333333333333,0.0,normal,0.8466730228266444,1.1179516049185996e-05,1.1554314847706368,2.227023745323492e-05,1.0712442943359186,2.7010542568806836e-05,-1.0320600676987748,-0.5049055411938872,0,0.42277715859062315,0.44400112353600946,0,-0.3333341852244946,-0.07288242581918543,0,normal,normal
N15_M07_F10_KA07_6,KA07,6203_PU_2905,outer_race,N15_M07_F10,0.3333333333333333,0.0,normal,1.1808724650810387,2.047498909795267e-05,0.7316142668779284,7.492775860851376e-06,0.9601442733852258,2.136488979264349e-05,-0.029454116719043154,-0.09042332834594029,0,-1.513525534774453,-0.504636674231934,0,-0.8167776637271462,-0.2669767273062401,0,normal,normal
N15_M07_F10_KA07_7,KA07,6203_PU_2905,outer_race,N15_M07_F10,0.3333333333333333,0.0,normal,1.0442544714025483,1.739945324676743e-05,1.0758785645193343,1.9095134553578114e-05,1.2181916641178432,3.410577645984371e-05,-0.43931121447176913,-0.22756050238804962,0,0.05932204812210528,0.24017568277360737,0,0.3060963656996818,0.17104764224708968,0,normal,normal
N15_M07_F10_KA07_8,KA07,6203_PU_2905,outer_race,N15_M07_F10,0.3333333333333333,0.0,normal,1.575730646550362,3.4142844595428764e-05,0.8547933355272473,1.1457648938072375e-05,1.1158401319663702,3.189663101055182e-05,1.1551294357359216,0.5190220394970136,0,-0.9507547167840936,-0.2501120090253662,0,-0.1392787144305395,0.09509848988795258,0,normal,normal
N15_M07_F10_KA07_9,KA07,6203_PU_2905,outer_race,N15_M07_F10,0.3333333333333333,0.0,normal,0.7373933812290141,8.083688539422057e-06,0.9225716700626336,1.3495166305398523e-05,0.8021422288628689,1.9242014590527174e-05,-1.359901485528896,-0.6429475138950783,0,-0.6410944052818565,-0.11931376765145968,0,-1.504311809632658,-0.3399599580919931,0,normal,normal
N15_M07_F10_KA08_1,KA08,6203_PU_2905,outer_race,N15_M07_F10,0.3333333333333333,0.0,normal,1.7531483792352842,4.2163101804886904e-05,0.851254563659901,1.0528738664707728e-05,0.945043745216565,2.2663292067361232e-05,1.6873866812876095,0.8766427800818054,0,-0.9669223787116037,-0.3097433192162068,0,-0.8824864890056273,-0.22233840246547568,0,normal,normal
N15_M07_F10_KA08_10,KA08,6203_PU_2905,outer_race,N15_M07_F10,0.3333333333333333,0.0,normal,1.5063728730831576,3.955434400506468e-05,1.1781994314157287,1.989904873318924e-05,1.2259770722062373,5.369166918246588e-05,0.9470545330495486,0.7603190921982587,0,0.5267975583055876,0.2917828801378547,0,0.33997398998461636,0.8443993905246654,0,normal,normal
N15_M07_F10_KA08_11,KA08,6203_PU_2905,outer_race,N15_M07_F10,0.3333333333333333,0.0,normal,1.6557715493747605,3.8595383321380346e-05,1.0050936922456937,1.7034970519135956e-05,1.5072370544658709,5.530490393390305e-05,1.3952539702120923,0.7175593376249935,0,-0.26407429597746573,0.10792364067178777,0,1.563855885088286,0.8998614751815309,0,normal,normal
N15_M07_F10_KA08_12,KA08,6203_PU_2905,outer_race,N15_M07_F10,0.3333333333333333,0.0,normal,1.6104104569579254,2.9374725084251298e-05,0.8760117470730464,1.2384836392455912e-05,1.2457513163836356,3.15332922246431e-05,1.259169658122064,0.3064130936426094,0,-0.8538137108727663,-0.1905912950417277,0,0.4260201428843077,0.08260711100757578,0,normal,normal
N15_M07_F10_KA08_13,KA08,6203_PU_2905,outer_race,N15_M07_F10,0.3333333333333333,0.0,normal,2.6899323191271867,9.20323213474116e-05,0.9382617770764234,1.4524227481553255e-05,1.4166689821716616,3.91664713094758e-05,4.497759872164803,3.1002955582186003,1,-0.5694106812910144,-0.05325327939960313,0,1.169755654174521,0.3450314260223984,0,outer_race,normal
N15_M07_F10_KA08_14,KA08,6203_PU_2905,outer_race,N15_M07_F10,0.3333333333333333,0.0,normal,1.4622623077112518,3.380175048321732e-05,1.1544851483700223,1.9551317985050248e-05,1.2665574947213096,4.5416973880807934e-05,0.8147218306230478,0.5038127605633759,0,0.4184536114481771,0.2694603365082511,0,0.5165566805360491,0.5599201162457819,0,normal,normal
N15_M07_F10_KA08_15,KA08,6203_PU_2905,outer_race,N15_M07_F10,0.3333333333333333,0.0,normal,1.8423401675641766,4.293000645440937e-05,1.0676058638181927,1.4317507570873205e-05,1.428609006930961,4.509372122029509e-05,1.9549640810398266,0.9108388166374304,0,0.021526385339290237,-0.06652364519256052,0,1.2217117839182343,0.5488068753445747,0,normal,normal
N15_M07_F10_KA08_16,KA08,6203_PU_2905,outer_race,N15_M07_F10,0.3333333333333333,0.0,normal,1.9398170015756742,5.3085019705856525e-05,1.0675510018423324,1.7495360042148924e-05,1.233128751475329,4.039492905238489e-05,2.247396806849697,1.3636476561529731,1,0.02127573626903842,0.1374783040688869,0,0.3710939904436574,0.3872650980121129,0,outer_race,normal
N15_M07_F10_KA08_17,KA08,6203_PU_2905,outer_race,N15_M07_F10,0.3333333333333333,0.0,normal,1.1988298653289435,1.9995342901738922e-05,1.2065487303230273,2.032039026178516e-05,0.7874784640245573,1.699753161690537e-05,0.024418493693542136,-0.11181060102671596,0,0.6563176002287319,0.3188308610983616,0,-1.5681200917618252,-0.41712399425164565,0,normal,normal
N15_M07_F10_KA08_18,KA08,6203_PU_2905,outer_race,N15_M07_F10,0.3333333333333333,0.0,normal,1.6555707341869788,3.550442024909359e-05,0.8374551550565289,9.407084762461081e-06,1.3201209660520314,4.028496016687777e-05,1.3946515200674754,0.5797342686573967,0,-1.0299680288586417,-0.38174778906598794,0,0.7496341424412417,0.3834844308573894,0,normal,normal
N15_M07_F10_KA08_19,KA08,6203_PU_2905,outer_race,N15_M07_F10,0.3333333333333333,0.0,normal,1.9482838492310075,4.828633241060016e-05,1.053983470317857,1.486451352833425e-05,0.9744319255780525,2.5009457703522216e-05,2.272797542973051,1.1496757024429805,1,-0.04071053216002751,-0.03140864769398859,0,-0.7546060078027816,-0.14167857473992765,0,outer_race,normal
N15_M07_F10_KA08_2,KA08,6203_PU_2905,outer_race,N15_M07_F10,0.3333333333333333,0.0,normal,1.5515438177532677,3.1186282105264e-05,0.8863946130868794,1.0408149993490507e-05,0.8371210152238856,1.5623473577415262e-05,1.0825683975614904,0.38718985011647195,0,-0.8063772911647707,-0.31748449795547196,0,-1.3521042222040656,-0.46436332085414805,0,normal,normal
N15_M07_F10_KA08_20,KA08,6203_PU_2905,outer_race,N15_M07_F10,0.3333333333333333,0.0,normal,1.8808657447537867,4.3564309207642534e-05,0.9262205300830632,1.26784442651162e-05,1.1489833333992305,3.584248782206403e-05,2.070541691507021,0.9391221764402442,1,-0.6244237812793686,-0.17174316446216026,0,0.004941461698204433,0.23075478189939022,0,outer_race,normal
N15_M07_F10_KA08_3,KA08,6203_PU_2905,outer_race,N15_M07_F10,0.3333333333333333,0.0,normal,2.0059779100186335,4.6954817920327806e-05,0.9365619192390574,1.2439189376432156e-05,1.2865504522822457,3.391892139420772e-05,2.4458810415320604,1.0903038910814902,1,-0.5771768577696275,-0.18710211019770034,0,0.6035545484581845,0.16462367235700684,0,outer_race,normal
N15_M07_F10_KA08_4,KA08,6203_PU_2905,outer_race,N15_M07_F10,0.3333333333333333,0.0,normal,1.7908771143766125,4.039324741053206e-05,1.2163894246170195,1.9942222786777392e-05,0.9792943210542698,2.4506872220217813e-05,1.8005737474313035,0.7977255305838695,0,0.7012769885253703,0.29455443456623426,0,-0.7334476555111891,-0.1589571751404634,0,normal,normal
N15_M07_F10_KA08_5,KA08,6203_PU_2905,outer_race,N15_M07_F10,0.3333333333333333,0.0,normal,1.8442653698417333,4.740872945357402e-05,0.9526117705697371,1.279727729750016e-05,1.2281120304124278,2.9830291822380504e-05,1.9607397317928543,1.1105436632533923,0,-0.5038495623043178,-0.16411468879750968,0,0.34926410183901985,0.024058934806424202,0,normal,normal
N15_M07_F10_KA08_6,KA08,6203_PU_2905,outer_race,N15_M07_F10,0.3333333333333333,0.0,normal,1.2118866939433819,2.2708485130703482e-05,1.35298963715973,2.597132238003891e-05,0.8292511756353392,1.9501812946151136e-05,0.06358927740715921,0.009167555645111276,0,1.3253652706764079,0.6815919325099314,0,-1.3863492438826237,-0.33102823976612994,0,normal,normal
N15_M07_F10_KA08_7,KA08,6203_PU_2905,outer_race,N15_M07_F10,0.3333333333333333,0.0,normal,1.8152208312487772,4.708231566892585e-05,1.204894199717018,2.0700501190216165e-05,1.291711698597082,3.96948213988779e-05,1.873605453410092,1.0959889754978296,0,0.6487585112313566,0.3432320474455599,0,0.6260133279480715,0.36319579879007935,0,normal,normal
N15_M07_F10_KA08_8,KA08,6203_PU_2905,outer_race,N15_M07_F10,0.3333333333333333,0.0,normal,1.4539117537071709,3.4157291050885085e-05,0.8270375274783621,1.0902130193453462e-05,0.8410935748912234,1.7032799329621287e-05,0.7896699781065015,0.5196662023915679,0,-1.0775632644613284,-0.2857734841183356,0,-1.3348179242564762,-0.4159115105343431,0,normal,normal
N15_M07_F10_KA08_9,KA08,6203_PU_2905,outer_race,N15_M07_F10,0.3333333333333333,0.0,normal,1.8177654683158904,4.287322947338039e-05,1.2734671147612013,2.3040856817468944e-05,1.2784365463173728,3.405761643248876e-05,1.8812394226631863,0.9083071489522833,0,0.9620490395212202,0.4934709632668792,0,0.5682474900945998,0.16939192815349127,0,normal,normal
N15_M07_F10_KA09_1,KA09,6203_PU_2905,outer_race,N15_M07_F10,0.3333333333333333,0.0,normal,3.1571493602640244,0.0001401211691934005,1.071360366555958,1.7214902174897215e-05,1.2054658466389192,3.668402979679912e-05,5.0,5.0,1,0.038679661460369795,0.1194743368859519,0,0.2507209173770279,0.25968651189310854,0,outer_race,normal
N15_M07_F10_KA09_10,KA09,6203_PU_2905,outer_race,N15_M07_F10,0.3333333333333333,0.0,normal,3.375314841601604,0.00014970083588471621,0.807686643648985,8.94405450173093e-06,1.4698033015148741,4.7702259211800284e-05,5.0,5.0,1,-1.1659720569689114,-0.4114719743797471,0,1.4009656931227021,0.6384869140287313,0,outer_race,normal
N15_M07_F10_KA09_11,KA09,6203_PU_2905,outer_race,N15_M07_F10,0.3333333333333333,0.0,normal,3.205204008371865,0.00013842995481978893,1.3041955848804705,2.4495305879987566e-05,1.1129835156970056,3.058240916830297e-05,5.0,5.0,1,1.1024388513150198,0.5868391880467326,0,-0.15170906767612352,0.049916297396888826,0,outer_race,normal
N15_M07_F10_KA09_12,KA09,6203_PU_2905,outer_race,N15_M07_F10,0.3333333333333333,0.0,normal,3.3347776520865873,0.00016846323047258559,1.1411421028864166,2.1054960492436402e-05,1.0087185045081377,2.6541228870981055e-05,5.0,5.0,1,0.3574929571452203,0.3659865299901044,0,-0.6054105095294506,-0.0890171613350499,0,outer_race,normal
N15_M07_F10_KA09_13,KA09,6203_PU_2905,outer_race,N15_M07_F10,0.3333333333333333,0.0,normal,3.8818612995275945,0.00020767350535795095,0.8381284230680985,9.949919832496859e-06,1.5783238237072317,5.096130357469863e-05,5.0,5.0,1,-1.0268920550446452,-0.3469005413048867,0,1.873184674619396,0.7505309883300829,0,outer_race,normal
N15_M07_F10_KA09_14,KA09,6203_PU_2905,outer_race,N15_M07_F10,0.3333333333333333,0.0,normal,3.39675126460398,0.00015548390043482063,1.1383150544896314,2.1781111856106246e-05,0.9381210863169959,2.4195418096603116e-05,5.0,5.0,1,0.34457696130110077,0.41260175048460346,0,-0.9126099243592564,-0.16966478911620966,0,outer_race,normal
N15_M07_F10_KA09_15,KA09,6203_PU_2905,outer_race,N15_M07_F10,0.3333333333333333,0.3333333333333333,normal,4.02244776647282,0.00019561047029264416,0.8909328714878759,1.2825888122465061e-05,1.4160015451479893,3.940335216084659e-05,5.0,5.0,1,-0.7856432539571062,-0.1622780195010037,0,1.166851351604238,0.3531752537081168,0,outer_race,normal
N15_M07_F10_KA09_16,KA09,6203_PU_2905,outer_race,N15_M07_F10,0.3333333333333333,0.0,normal,3.4758151094413337,0.00016002699306718305,0.8982772993741621,1.4456287597292949e-05,1.0848069146884918,2.8249077366929486e-05,5.0,5.0,1,-0.7520886108301683,-0.05761467406690675,0,-0.274317451431359,-0.03030231045608806,0,outer_race,normal
N15_M07_F10_KA09_17,KA09,6203_PU_2905,outer_race,N15_M07_F10,0.3333333333333333,0.0,normal,3.5295291608261032,0.00016832967358007891,0.8826825534003482,1.146711517214503e-05,1.2286502315946664,3.51348894561432e-05,5.0,5.0,1,-0.8233366568193815,-0.24950432499332187,0,0.3516060442567547,0.20642795628470578,0,outer_race,normal
N15_M07_F10_KA09_18,KA09,6203_PU_2905,outer_race,N15_M07_F10,0.3333333333333333,0.0,normal,3.3285462965105146,0.0001605311274494038,0.9686248020206503,1.5552375766666233e-05,1.1294371014028406,3.5464132417862385e-05,5.0,5.0,1,-0.43069048660298054,0.012748605895173336,0,-0.08011251315341465,0.2177471403025799,0,outer_race,normal
N15_M07_F10_KA09_19,KA09,6203_PU_2905,outer_race,N15_M07_F10,0.3333333333333333,0.0,normal,3.1248194136189187,0.00016554852604296343,1.199273287493666,2.43393478363851e-05,1.0156182188769265,2.7202736166301002e-05,5.0,5.0,1,0.6230781305914169,0.5768274756763554,0,-0.5753869155950952,-0.06627492026846944,0,outer_race,normal
N15_M07_F10_KA09_2,KA09,6203_PU_2905,outer_race,N15_M07_F10,0.3333333333333333,0.0,normal,3.605207841654491,0.0001770731904174975,0.8795367172337661,1.2382793504231253e-05,0.9210293784353515,1.7320069926956678e-05,5.0,5.0,1,-0.8377091050944304,-0.1907224380647977,0,-0.986983220071959,-0.4060353123092243,0,outer_race,normal
N15_M07_F10_KA09_20,KA09,6203_PU_2905,outer_race,N15_M07_F10,0.3333333333333333,0.0,normal,3.795930944643354,0.00017281336280152544,0.9298154752811878,1.2057318996027801e-05,1.3274181120476065,2.976047545335164e-05,5.0,5.0,1,-0.6079994790666378,-0.21161624440369314,0,0.7813871305420105,0.02165868811816988,0,outer_race,normal
N15_M07_F10_KA09_3,KA09,6203_PU_2905,outer_race,N15_M07_F10,0.3333333333333333,0.0,normal,3.799380074109888,0.00018694449431860255,1.0049970821943603,1.6235199793039443e-05,1.1723540571324196,2.906364672936444e-05,5.0,5.0,1,-0.2645156803637183,0.05658243192762131,0,0.10663742790969354,-0.002297883389283677,0,outer_race,normal
N15_M07_F10_KA09_4,KA09,6203_PU_2905,outer_race,N15_M07_F10,0.3333333333333333,0.3333333333333333,normal,3.1743612346144077,0.00015016980576118693,1.063711379950085,1.947586440550717e-05,1.068182441010721,2.192941243960265e-05,5.0,5.0,1,0.003733574465351905,0.2646166008582565,0,-0.3466576122547683,-0.24756876277505568,0,outer_race,normal
N15_M07_F10_KA09_5,KA09,6203_PU_2905,outer_race,N15_M07_F10,0.3333333333333333,0.0,normal,3.3139408976212326,0.00017444410037510487,1.2427579016005426,2.5746717163961474e-05,1.2825818138690972,4.6141257135387036e-05,5.0,5.0,1,0.8217472074017922,0.6671734211698844,0,0.5862853135565702,0.5848205587543691,0,outer_race,normal
N15_M07_F10_KA09_6,KA09,6203_PU_2905,outer_race,N15_M07_F10,0.3333333333333333,0.0,normal,3.67393048689107,0.0001725981659353312,1.1230697281713513,1.965717575506596e-05,1.4216251233341166,4.619201724772082e-05,5.0,5.0,1,0.27492531628749883,0.27625586638978955,0,1.1913219338477787,0.5865656622769285,0,outer_race,normal
N15_M07_F10_KA09_7,KA09,6203_PU_2905,outer_race,N15_M07_F10,0.3333333333333333,0.0,normal,3.1869507103335297,0.00015542528180503417,1.0770203380209098,1.948589858723908e-05,1.064951538109333,2.7892796860528744e-05,5.0,5.0,1,0.06453849288408572,0.26526074423843404,0,-0.3607166459433804,-0.04255102973887403,0,outer_race,normal
N15_M07_F10_KA09_8,KA09,6203_PU_2905,outer_race,N15_M07_F10,0.3333333333333333,0.0,normal,3.9996996307849897,0.00023431907146426913,0.7158210228233061,7.409491195149909e-06,1.0482405746517018,2.506647892702711e-05,5.0,5.0,1,-1.5856804631466146,-0.5099831257429027,0,-0.4334331606114864,-0.13971821780957444,0,outer_race,normal
N15_M07_F10_KA09_9,KA09,6203_PU_2905,outer_race,N15_M07_F10,0.3333333333333333,0.0,normal,3.050470043530447,0.00014560937574149474,1.0265508127270033,1.786315069539702e-05,1.1606004577237283,3.805863949902621e-05,5.0,5.0,1,-0.16604269550026005,0.16108859147553684,0,0.05549251421443673,0.3069448043438195,0,outer_race,inner_race
N15_M07_F10_KA15_1,KA15,6203_PU_2855,outer_race,N15_M07_F10,0.0,0.0,normal,1.1730015328302485,1.3787036185323601e-05,1.2031485037250802,1.4563062364245476e-05,1.1358563761574443,1.5964725797563223e-05,-0.053067093033927315,-0.38863704034386415,0,0.6407829130057995,-0.0507602776507295,0,-0.05217951646921817,-0.45263126542555737,0,normal,normal
N15_M07_F10_KA15_10,KA15,6203_PU_2855,outer_race,N15_M07_F10,0.0,0.0,normal,1.1362921076236852,1.52443057048494e-05,1.0658990334488458,1.0497845199644103e-05,0.8545424204549346,1.0018460156798912e-05,-0.16319620611942912,-0.3236578518722179,0,0.013728353306244744,-0.31172652238544957,0,-1.2762962729954828,-0.6570604646270263,0,normal,normal
N15_M07_F10_KA15_11,KA15,6203_PU_2855,outer_race,N15_M07_F10,0.0,0.0,normal,0.9977882704108372,1.1490610987639568e-05,1.1920016114432759,1.4960319580423937e-05,1.6869800088474038,3.8161245012068024e-05,-0.57871087749768,-0.49103391596087764,0,0.5898558703169106,-0.02525838692700784,0,2.3459939833440617,0.31047232298022165,1,normal,normal
N15_M07_F10_KA15_12,KA15,6203_PU_2855,outer_race,N15_M07_F10,0.0,0.0,normal,1.2582082057595931,1.9541987037858657e-05,1.1447036186824058,1.4554633679383505e-05,0.8814766840167705,1.1022127436295425e-05,0.20255486960572217,-0.13202559607676526,0,0.3737645297408903,-0.05130135630592023,0,-1.1590938282450889,-0.622554959725665,0,normal,normal
N15_M07_F10_KA15_13,KA15,6203_PU_2855,outer_race,N15_M07_F10,0.3333333333333333,0.0,normal,0.9140901119282914,1.125594908823105e-05,0.9343318344535403,1.0422545092467702e-05,1.2182167159661088,1.5269495575667477e-05,-0.8298072623826303,-0.501497416078373,0,-0.5873654933283707,-0.3165604058908771,0,0.3062053769542686,-0.4765328813487469,0,normal,normal
N15_M07_F10_KA15_14,KA15,6203_PU_2855,outer_race,N15_M07_F10,0.3333333333333333,0.0,normal,1.280461703984688,2.372081334896205e-05,1.0471847458099595,1.2577004278739213e-05,1.3008267342890472,2.5599822920936357e-05,0.26931587195836326,0.05430695176093373,0,-0.07177200871245437,-0.17825509512634644,0,0.6656767278636768,-0.12138215747175103,0,normal,normal
N15_M07_F10_KA15_15,KA15,6203_PU_2855,outer_race,N15_M07_F10,0.0,0.0,normal,1.0799474811008374,1.4431861284172964e-05,1.4743618283603677,2.8449799722051986e-05,1.1770722425577123,2.4016568830533263e-05,-0.33223137109895656,-0.35988449246719195,0,1.8798809694248961,0.8406975592000291,0,0.127168260889791,-0.17581352421303778,0,normal,normal
N15_M07_F10_KA15_16,KA15,6203_PU_2855,outer_race,N15_M07_F10,0.3333333333333333,0.0,normal,1.2397022815948548,1.9823314435610754e-05,1.0175092834222745,1.3967208493122022e-05,0.9650977106532078,1.2176675310412545e-05,0.14703667492895572,-0.11948129609942144,0,-0.20735092179633668,-0.08901106250713493,0,-0.7952231498495953,-0.5828622665961358,0,normal,normal
N15_M07_F10_KA15_17,KA15,6203_PU_2855,outer_race,N15_M07_F10,0.0,0.0,normal,0.8010633190297229,8.574140247464437e-06,1.1432325697818153,1.706980910641707e-05,1.5382106745697646,3.667159649783889e-05,-1.1688902196007265,-0.6210784268483,0,0.36704371749440406,0.11016010060159985,0,1.6986352894188363,0.25925906221234635,0,normal,normal
N15_M07_F10_KA15_18,KA15,6203_PU_2855,outer_race,N15_M07_F10,0.0,0.0,normal,0.941371504840445,1.266021295457435e-05,0.9548041337116798,1.0595666828211619e-05,1.0301135514350392,1.8075765916348264e-05,-0.7479624612655758,-0.43888173297210975,0,-0.4938332664169415,-0.305446871870493,0,-0.5123115540066683,-0.38005491801065633,0,normal,normal
N15_M07_F10_KA15_19,KA15,6203_PU_2855,outer_race,N15_M07_F10,0.3333333333333333,0.0,normal,1.4396007920222973,2.6885095323722153e-05,1.0909817863649411,1.6939162875621436e-05,1.3082066975284417,2.3226465214344706e-05,0.7467367665705732,0.19540128747604338,0,0.12832445742380147,0.1017732777434351,0,0.6977900890416913,-0.202976832968758,0,normal,normal
N15_M07_F10_KA15_2,KA15,6203_PU_2855,outer_race,N15_M07_F10,0.0,0.0,normal,1.1692475645252467,1.1605116789400872e-05,1.2590402520072976,1.3150255840728063e-05,1.3057835885302684,1.7012285179020426e-05,-0.06432908358961223,-0.48592813835827886,0,0.8961367263167485,-0.14145526344128756,0,0.6872461104461531,-0.41661677525559654,0,normal,normal
N15_M07_F10_KA15_20,KA15,6203_PU_2855,outer_race,N15_M07_F10,0.3333333333333333,0.0,normal,1.403778670974695,2.394536951219778e-05,1.1041499468619562,1.2808271861857633e-05,0.966537805602462,1.2522862002425819e-05,0.6392695862043558,0.06431984028831628,0,0.18848611098712775,-0.16340889374236528,0,-0.7889566837797956,-0.5709605668575108,0,normal,normal
N15_M07_F10_KA15_3,KA15,6203_PU_2855,outer_race,N15_M07_F10,0.0,0.0,normal,1.373511846541258,1.524646794967178e-05,1.2290371714260058,1.5099632940304486e-05,1.0522225405182284,1.452661185658124e-05,0.5484684224156874,-0.32356143805723536,0,0.7590610170577823,-0.016315178508529996,0,-0.41610593228767917,-0.5020727971492606,0,normal,normal
N15_M07_F10_KA15_4,KA15,6203_PU_2855,outer_race,N15_M07_F10,0.0,0.0,normal,0.9935015447419787,8.953080760454536e-06,1.1995107618572398,1.5918707366930332e-05,0.9826454792387542,1.1347898894483904e-05,-0.5915711522989272,-0.6041815888350144,0,0.6241630847423583,0.03626522952872453,0,-0.7188653399017367,-0.6113551240063168,0,normal,normal
N15_M07_F10_KA15_5,KA15,6203_PU_2855,outer_race,N15_M07_F10,0.0,0.0,normal,1.0850213471578258,1.3382398524332207e-05,1.196174893606295,1.7224609485893222e-05,1.126279588353166,1.3099960653803396e-05,-0.31700965717599205,-0.40667970608550524,0,0.6089224328615028,0.1200974968290809,0,-0.09385219636040225,-0.5511202465138335,0,normal,normal
N15_M07_F10_KA15_6,KA15,6203_PU_2855,outer_race,N15_M07_F10,0.0,0.0,normal,1.5398048519796892,2.2228445315400807e-05,1.2645535492691384,1.4480792749287309e-05,1.3532806788324716,1.838298746644116e-05,1.0473512324353496,-0.012237268386751382,0,0.9213254442043902,-0.056041568071904205,0,0.8939261664710073,-0.3694928174828279,0,normal,normal
N15_M07_F10_KA15_7,KA15,6203_PU_2855,outer_race,N15_M07_F10,0.0,0.0,normal,1.4618119078074163,2.2444112586947212e-05,1.1713135575687903,1.6058388183435443e-05,1.098097553394391,1.651629589382352e-05,0.8133706206364005,-0.002620732737573933,0,0.49533792072339217,0.04523202679166796,0,-0.21648422554606836,-0.4336686021518264,0,normal,normal
N15_M07_F10_KA15_8,KA15,6203_PU_2855,outer_race,N15_M07_F10,0.0,0.0,normal,0.9848305144056023,9.03048211463957e-06,1.3705505301619914,1.86074053985577e-05,0.8484208067583923,9.553421695252964e-06,-0.6175844411235062,-0.6007302868526696,0,1.4055960942074672,0.2088659541958485,0,-1.3029340197229953,-0.6730482199738429,0,normal,normal
N15_M07_F10_KA15_9,KA15,6203_PU_2855,outer_race,N15_M07_F10,0.0,0.0,normal,0.9608886847983089,9.635795489361469e-06,1.4399497353497315,1.8822398834299144e-05,1.0507403565050495,1.2265923618043557e-05,-0.6894104761392766,-0.5737395542987755,0,1.7226617117644094,0.22266743817476445,0,-0.4225555457889245,-0.5797939610138866,0,normal,normal
N15_M07_F10_KA16_1,KA16,6203_PU_2905,outer_race,N15_M07_F10,1.0,0.0,outer_race,6.447559713549447,2.3408217769708218e-05,1.083539052607239,7.885192645446607e-07,1.5347005367091162,1.7780363592999588e-06,5.0,0.040368413427717326,1,0.09432068218150805,-0.9350158143455228,0,1.6833611855720978,-0.9403615042669083,0,outer_race,outer_race
N15_M07_F10_KA16_10,KA16,6203_PU_2905,outer_race,N15_M07_F10,1.0,0.0,outer_race,9.939722173300398,5.3218144416184216e-05,1.0368956974687988,6.294635472902457e-07,1.3258984647822736,1.536092045637877e-06,5.0,1.3695836450189387,1,-0.11877980163368562,-0.945226381593175,0,0.7747744984852114,-0.9486794108794577,0,outer_race,outer_race
N15_M07_F10_KA16_11,KA16,6203_PU_2905,outer_race,N15_M07_F10,1.0,0.0,outer_race,9.504877034257284,6.276498235772855e-05,0.8043713692429816,4.5470389984351323e-07,1.3689376438670982,2.4892187013716812e-06,5.0,1.795274139193095,1,-1.1811186213145202,-0.956445061205783,0,0.9620562853887485,-0.9159114636095824,0,outer_race,outer_race
N15_M07_F10_KA16_12,KA16,6203_PU_2905,outer_race,N15_M07_F10,1.0,0.0,outer_race,8.507741377796238,5.257754512597551e-05,0.7865442691794674,4.864897471091105e-07,1.624208480591381,3.0587471653451413e-06,5.0,1.341019524617368,1,-1.2625656706805273,-0.9544045716425574,0,2.0728483465445224,-0.896331401963098,1,outer_race,outer_race
N15_M07_F10_KA16_13,KA16,6203_PU_2905,outer_race,N15_M07_F10,1.0,0.0,outer_race,10.897001962767517,6.650381198218995e-05,1.0545116313154292,6.875689101950292e-07,1.4167695051435563,2.243163094689542e-06,5.0,1.9619873734823206,1,-0.03829751183203219,-0.9414963131264154,0,1.1701930724106864,-0.9243707141160222,0,outer_race,outer_race
N15_M07_F10_KA16_14,KA16,6203_PU_2905,outer_race,N15_M07_F10,1.0,0.0,outer_race,11.482055402369163,6.292478188483705e-05,0.886972875509287,4.820401217710284e-07,1.402596741443407,1.4935275958761762e-06,5.0,1.8023995497300846,1,-0.8037353713967466,-0.954690214934893,0,1.1085213452177898,-0.9501427522276114,0,outer_race,outer_race
N15_M07_F10_KA16_15,KA16,6203_PU_2905,outer_race,N15_M07_F10,1.0,0.0,outer_race,10.706069044175337,6.734717215609754e-05,0.9679349787273566,7.455487854314073e-07,1.4659264708667668,2.137795361388589e-06,5.0,1.9995925377676849,1,-0.4338420968829779,-0.9377743003290723,0,1.3840959528827923,-0.9279931962992466,0,outer_race,outer_race
N15_M07_F10_KA16_16,KA16,6203_PU_2905,outer_race,N15_M07_F10,1.0,0.0,outer_race,10.397005647227537,7.586430638923133e-05,0.8621330123845046,4.996587711285032e-07,1.7168563159988615,2.9481358290399275e-06,5.0,2.3793688681977625,1,-0.9172217797840346,-0.9535591873479402,0,2.475998511970789,-0.9001341562074532,1,outer_race,outer_race
N15_M07_F10_KA16_17,KA16,6203_PU_2905,outer_race,N15_M07_F10,1.0,0.0,outer_race,9.53368210371599,6.767787121701401e-05,0.7917097323524416,5.768080454321126e-07,1.517687906513826,3.382195309022426e-06,5.0,2.0143383046411185,1,-1.2389661097565063,-0.9486065967276072,0,1.609331990530447,-0.8852114404629169,0,outer_race,outer_race
N15_M07_F10_KA16_18,KA16,6203_PU_2905,outer_race,N15_M07_F10,1.0,0.0,outer_race,9.420223227938706,7.262575116296826e-05,1.0391464044084946,7.087924537242464e-07,1.2663533497678543,2.1118960244310432e-06,5.0,2.2349627116127673,1,-0.10849694920268405,-0.9401338696872279,0,0.5156683589536346,-0.9288836006360094,0,outer_race,outer_race
N15_M07_F10_KA16_19,KA16,6203_PU_2905,outer_race,N15_M07_F10,1.0,0.0,outer_race,10.170588579769825,7.395785058314955e-05,0.7514419945291909,4.6893529126869784e-07,1.3754175287453236,2.4936405896820075e-06,5.0,2.294360604814498,1,-1.4229381758055493,-0.955531478332543,0,0.9902530225182254,-0.9157594416279136,0,outer_race,outer_race
N15_M07_F10_KA16_2,KA16,6203_PU_2905,outer_race,N15_M07_F10,1.0,0.0,outer_race,8.659693107165374,4.596395729971371e-05,1.1214701337172766,9.228267269836913e-07,1.7594027240056018,3.1730989362523206e-06,5.0,1.0461217283769775,1,0.26761721525017645,-0.926393959056274,0,2.661136042176118,-0.8924000537243706,1,outer_race,outer_race
N15_M07_F10_KA16_20,KA16,6203_PU_2905,outer_race,N15_M07_F10,1.0,0.0,outer_race,10.025495288783642,7.193653396689985e-05,0.930551518465645,6.37065484143321e-07,1.2909682822960857,2.037247238825645e-06,5.0,2.2042307341157006,1,-0.6046367029916501,-0.9447383759509347,0,0.6227784072031985,-0.9314499830320558,0,outer_race,outer_race
N15_M07_F10_KA16_3,KA16,6203_PU_2905,outer_race,N15_M07_F10,1.0,0.0,outer_race,9.025478463475745,5.0895205660897796e-05,1.0603878879405162,7.854299849262753e-07,1.072411230732356,1.2769588894141318e-06,5.0,1.2660045382268301,1,-0.011450533819589364,-0.9352141303685795,0,-0.3282563482820933,-0.9575882600318074,0,outer_race,outer_race
N15_M07_F10_KA16_4,KA16,6203_PU_2905,outer_race,N15_M07_F10,1.0,0.0,outer_race,7.945584329383851,4.835845400246694e-05,1.1235258897718274,1.1560483330458091e-06,1.5293032632540502,2.7859954664308784e-06,5.0,1.1528915814879985,1,0.277009391446133,-0.9114223193478208,0,1.6598753515351703,-0.9057084487952534,0,outer_race,outer_race
N15_M07_F10_KA16_5,KA16,6203_PU_2905,outer_race,N15_M07_F10,1.0,0.0,outer_race,8.014157016411263,5.215225116834429e-05,0.9305143889222252,9.606231942590687e-07,1.0530160904696386,1.5922256491434028e-06,5.0,1.3220558011204517,1,-0.6048063375225091,-0.9239676182902793,0,-0.4126528586915398,-0.9467495698151334,0,outer_race,outer_race
N15_M07_F10_KA16_6,KA16,6203_PU_2905,outer_race,N15_M07_F10,1.0,0.0,outer_race,9.484137045064324,5.579195001855515e-05,1.016675220932347,6.86596406614293e-07,1.5944393393496483,2.7645190010327443e-06,5.0,1.484348825436808,1,-0.21116152074677896,-0.941558742904993,0,1.9433101424038843,-0.9064467973468081,0,outer_race,outer_race
N15_M07_F10_KA16_7,KA16,6203_PU_2905,outer_race,N15_M07_F10,1.0,0.0,outer_race,10.190351299244623,5.743598675447124e-05,1.0906424687381429,6.665815272539345e-07,1.5272344881911046,2.149082622180528e-06,5.0,1.5576559052089587,1,0.12677420980068083,-0.9428435962582093,0,1.650873230706464,-0.9276051467528127,0,outer_race,outer_race
N15_M07_F10_KA16_8,KA16,6203_PU_2905,outer_race,N15_M07_F10,1.0,0.0,outer_race,10.040305740395922,5.697117040166739e-05,0.7949228959859963,3.6690577314609064e-07,1.3977401516029224,1.757005999525875e-06,5.0,1.5369298905707245,1,-1.2242860610581314,-0.9620812539333161,0,1.0873882557183148,-0.9410845159632008,0,outer_race,outer_race
N15_M07_F10_KA16_9,KA16,6203_PU_2905,outer_race,N15_M07_F10,1.0,0.0,outer_race,9.106660326410749,5.5998942161165675e-05,1.0570938613817273,1.0363201310964379e-06,1.3331856658083345,2.176664227602225e-06,5.0,1.4935785398215677,1,-0.02650002267592373,-0.9191082603409957,0,0.8064842117907608,-0.9266569069919796,0,outer_race,outer_race
N15_M07_F10_KA22_1,KA22,6203_PU_2905,outer_race,N15_M07_F10,0.0,0.0,normal,1.1121548888622432,7.0450856917654836e-06,1.05875034495653,5.797471062269684e-06,0.9111700652689643,9.191678911620741e-06,-0.23560841305513083,-0.6892584874526847,0,-0.018932011108688272,-0.6134666109986696,0,-1.029885288064553,-0.6854847292121586,0,normal,normal
N15_M07_F10_KA22_10,KA22,6203_PU_2905,outer_race,N15_M07_F10,0.0,0.0,normal,0.751889638237904,3.4210696786041616e-06,1.0090571134932813,6.423844979555975e-06,1.2668069172986078,1.974763002188718e-05,-1.3164123837937074,-0.8508522190090143,0,-0.24596652943885586,-0.5732565945652651,0,0.5176420243312556,-0.32257718981668515,0,normal,normal
N15_M07_F10_KA22_11,KA22,6203_PU_2905,outer_race,N15_M07_F10,0.0,0.0,normal,0.8120825402903831,3.3078668142007945e-06,1.6154146232527475,1.4084025290091213e-05,1.4151334867010976,1.4874889660201859e-05,-1.1358323044331406,-0.8558998990455735,0,2.5243118587945887,-0.08151201889085685,1,1.1630740598313125,-0.4900992061940039,0,inner_race,normal
N15_M07_F10_KA22_12,KA22,6203_PU_2905,outer_race,N15_M07_F10,0.0,0.0,normal,1.0773392146269172,7.0059488488974275e-06,1.1049658719536068,6.484316766453705e-06,1.0313092834443838,1.1373957803323205e-05,-0.34005623002407326,-0.6910035869382871,0,0.19221384522218946,-0.5693746137263284,0,-0.5071084150962711,-0.6104592336798633,0,normal,normal
N15_M07_F10_KA22_13,KA22,6203_PU_2905,outer_race,N15_M07_F10,0.0,0.0,normal,1.2514457452844496,7.570239963849672e-06,1.290352772528029,8.478129095927046e-06,1.155181483778711,1.3763978957031165e-05,0.1822673339057581,-0.6658420240152605,0,1.03919490154098,-0.4413820132671932,0,0.0319122521093824,-0.5282916784368575,0,normal,normal
N15_M07_F10_KA22_14,KA22,6203_PU_2905,outer_race,N15_M07_F10,0.0,0.0,normal,0.9028378854635456,4.024821688933876e-06,0.8844607507080092,4.530708669254735e-06,0.8429328734637821,7.535582754760903e-06,-0.8635641984781076,-0.8239311072011479,0,-0.8152125691447976,-0.6947863071651832,0,-1.3268143533091998,-0.7424203643823309,0,normal,normal
N15_M07_F10_KA22_15,KA22,6203_PU_2905,outer_race,N15_M07_F10,0.0,0.0,normal,1.1555808878460763,8.220281890854127e-06,1.4106593076523493,1.0732982603638868e-05,1.2012533162571601,1.8495077760749437e-05,-0.10532942541011693,-0.636856859415757,0,1.5888419148192698,-0.296631898203619,0,0.2323904047125926,-0.3656392175113418,0,normal,normal
N15_M07_F10_KA22_16,KA22,6203_PU_2905,outer_race,N15_M07_F10,0.0,0.0,normal,0.7787217280414829,3.082734767763065e-06,1.252159540206507,7.792046975458889e-06,0.9276938687836903,9.337147647679912e-06,-1.2359155022524964,-0.8659384660233863,0,0.8647006726840422,-0.48542499235260833,0,-0.9579831859686515,-0.680483597574588,0,normal,normal
N15_M07_F10_KA22_17,KA22,6203_PU_2905,outer_race,N15_M07_F10,0.0,0.0,normal,0.9616386116903416,6.089683953964678e-06,1.1929738484367156,9.439599832619825e-06,0.9352453995405436,1.1768223751771685e-05,-0.6871606783548166,-0.7318595497509603,0,0.594297750045976,-0.3796604871057136,0,-0.9251232614981317,-0.5969045967054933,0,normal,normal
N15_M07_F10_KA22_18,KA22,6203_PU_2905,outer_race,N15_M07_F10,0.0,0.0,normal,1.1376148438088183,6.687057287878694e-06,1.1028268647476624,6.6322840367344065e-06,1.1996756029352242,1.5303008779968955e-05,-0.15922796738795572,-0.7052228611135931,0,0.18244131772887287,-0.559875868319799,0,0.22552510252893976,-0.47538071662353526,0,normal,normal
N15_M07_F10_KA22_19,KA22,6203_PU_2905,outer_race,N15_M07_F10,0.0,0.0,normal,1.5199793640194965,1.2460317252196982e-05,1.0679271755548299,6.79327158922694e-06,1.0493647505584704,1.0693180922200574e-05,0.987874316268519,-0.44779501932402477,0,0.022994369070941968,-0.549541287085409,0,-0.42854139275972075,-0.6338639520443938,0,normal,normal
N15_M07_F10_KA22_2,KA22,6203_PU_2905,outer_race,N15_M07_F10,0.3333333333333333,0.0,normal,0.6858484029953815,2.5463748053458227e-06,1.5452976630368453,1.1676952707003235e-05,0.6904021070420078,4.488287116177163e-06,-1.5145375961446108,-0.889854587660169,0,2.2039670186493883,-0.23603382360088118,1,-1.990540639466648,-0.8471846390987444,0,inner_race,normal
N15_M07_F10_KA22_20,KA22,6203_PU_2905,outer_race,N15_M07_F10,0.0,0.0,normal,1.1240264088289647,8.11727116388795e-06,1.1070264383417676,6.204617329064451e-06,1.4365418429026218,2.4412185864701315e-05,-0.19999358232555292,-0.6414500752570618,0,0.20162799849111895,-0.5873298935734864,0,1.2562309296727858,-0.16221243768723642,0,normal,normal
N15_M07_F10_KA22_3,KA22,6203_PU_2905,outer_race,N15_M07_F10,0.0,0.0,normal,0.8668405768694826,3.2130480930645056e-06,1.3137730586764054,8.971720699997249e-06,1.149372325795473,1.1652853549198051e-05,-0.9715569454803263,-0.8601278359294523,0,1.1461956585511923,-0.4096959453079139,0,0.006634133180544218,-0.60087095804027,0,normal,normal
N15_M07_F10_KA22_4,KA22,6203_PU_2905,outer_race,N15_M07_F10,0.0,0.0,normal,1.1557998211813756,7.511992365225571e-06,1.406363873773623,1.0926600669095704e-05,1.2411819314317656,1.688505984856414e-05,-0.10467262040961112,-0.6684392660753619,0,1.5692172751458182,-0.2842026041685914,0,0.4061368040978093,-0.4209907090813948,0,normal,normal
N15_M07_F10_KA22_5,KA22,6203_PU_2905,outer_race,N15_M07_F10,0.0,0.0,normal,1.0870134705143328,5.449577129912453e-06,1.2805792277375097,7.847690447418785e-06,1.3184834542451027,1.6851466529153733e-05,-0.31103324165941776,-0.7604017112418637,0,0.994542300602059,-0.4818529647502896,0,0.7425086315974397,-0.4221456281180602,0,normal,normal
N15_M07_F10_KA22_6,KA22,6203_PU_2905,outer_race,N15_M07_F10,0.0,0.0,normal,0.9983049820820025,5.947742469171391e-06,1.4335069614746556,1.101357473198196e-05,0.9556154883974618,7.979536880193957e-06,-0.577160730696248,-0.73818867581086,0,1.6932264744017556,-0.27861931214218055,0,-0.8364843347893136,-0.7271574764073493,0,normal,normal
N15_M07_F10_KA22_7,KA22,6203_PU_2905,outer_race,N15_M07_F10,0.0,0.0,normal,1.0455147734200578,6.1632315514660235e-06,1.1978083701483895,7.539834271375397e-06,1.1207416974022193,1.6235587638100533e-05,-0.4355302796675006,-0.7285800855642449,0,0.6163853317114661,-0.5016157638646911,0,-0.11794991697273427,-0.44331919083950494,0,normal,normal
N15_M07_F10_KA22_8,KA22,6203_PU_2905,outer_race,N15_M07_F10,0.0,0.0,normal,0.9195276606267152,4.545985159741597e-06,1.330707336157044,9.166372535291906e-06,1.3916074045870166,1.8208114287490024e-05,-0.8134944922385319,-0.8006925923345418,0,1.2235636504864638,-0.39720028851252864,0,1.0607020631795925,-0.37550485698703695,0,normal,normal
N15_M07_F10_KA22_9,KA22,6203_PU_2905,outer_race,N15_M07_F10,0.3333333333333333,0.0,normal,0.901754867132139,4.946763148409409e-06,1.4647246033898427,1.2313508946306107e-05,1.382641154189645,1.5243382192141553e-05,-0.8668132781796285,-0.7828220281650481,0,1.8358511757327562,-0.1951701539352495,0,1.0216860914080403,-0.4774306444836544,0,normal,normal
N15_M07_F10_KA30_1,KA30,6203_PU_2905,outer_race,N15_M07_F10,0.3333333333333333,0.0,normal,1.1844149106993462,1.0940906269566801e-05,1.179365237672747,1.069002671718547e-05,1.1792938914923146,2.003852915958482e-05,-0.018826699048987195,-0.515545076045408,0,0.5321238020260065,-0.2993894474127013,0,0.13683560100156755,-0.3125762444569211,0,normal,normal
N15_M07_F10_KA30_10,KA30,6203_PU_2905,outer_race,N15_M07_F10,0.3333333333333333,0.0,normal,0.9737110155613888,7.126612294878481e-06,1.20011059751875,1.097576418023387e-05,1.206711353805721,1.9662568337296014e-05,-0.6509431913294219,-0.6856232419211261,0,0.6269035666244622,-0.2810465570596151,0,0.25614064918325224,-0.3255015617022078,0,normal,normal
N15_M07_F10_KA30_11,KA30,6203_PU_2905,outer_race,N15_M07_F10,0.3333333333333333,0.0,normal,0.8793404652453577,5.8842887518034684e-06,1.3442344079862303,1.3451319277789678e-05,1.705848654314414,3.1611190465901466e-05,-0.9340569951880844,-0.7410180570645204,0,1.2853650698493433,-0.12212852358565637,0,2.4280994908061446,0.08528520782358068,1,normal,normal
N15_M07_F10_KA30_12,KA30,6203_PU_2905,outer_race,N15_M07_F10,0.3333333333333333,0.0,normal,1.0812601041116423,1.0018734044953588e-05,1.2214650620738994,1.1232662475791714e-05,1.2752081752159794,1.6873387606690416e-05,-0.32829347212118337,-0.5566644448262482,0,0.724466160799134,-0.26455499443062214,0,0.5541994733453705,-0.42139199405641725,0,normal,normal
N15_M07_F10_KA30_13,KA30,6203_PU_2905,outer_race,N15_M07_F10,0.3333333333333333,0.0,normal,1.293886870407372,1.3587091537170397e-05,1.3944794454379439,1.7331651574865372e-05,1.2854375034134766,2.7542761374942536e-05,0.30959167749974537,-0.3975525091724936,0,1.514920635877837,0.12696905395790184,0,0.5987116342273031,-0.05458504879108849,0,normal,normal
N15_M07_F10_KA30_14,KA30,6203_PU_2905,outer_race,N15_M07_F10,0.3333333333333333,0.0,normal,1.154941945123597,9.836596661619352e-06,1.4305625882822715,1.7029482889712028e-05,1.5256878181254998,3.2624024898251976e-05,-0.1072462681539936,-0.5647858933303376,0,1.6797744542808346,0.1075713628019292,0,1.6441430109440054,0.12010587417754384,0,normal,normal
N15_M07_F10_KA30_15,KA30,6203_PU_2905,outer_race,N15_M07_F10,0.3333333333333333,0.0,normal,0.8604058153206272,5.4538785328787374e-06,0.7970561649633092,4.5218287060438e-06,1.0132611707190464,1.3598513090716239e-05,-0.9908613769255081,-0.7602099130396136,0,-1.2145397499314117,-0.6953563555927847,0,-0.585643435357135,-0.533980299933019,0,normal,normal
N15_M07_F10_KA30_16,KA30,6203_PU_2905,outer_race,N15_M07_F10,0.3333333333333333,0.0,normal,1.0311191274309472,9.232071464101068e-06,0.7771822694876044,5.191371430172251e-06,1.4264577249875405,2.9254882125538632e-05,-0.47871754604807454,-0.5917414813111952,0,-1.3053380368169745,-0.6523751215453805,0,1.2123506405352942,0.004276679750118962,0,normal,normal
N15_M07_F10_KA30_17,KA30,6203_PU_2905,outer_race,N15_M07_F10,0.3333333333333333,0.0,normal,1.2223148280106497,1.31556561636378e-05,1.1731440339086834,9.347015741782112e-06,1.3719237450814517,2.345087479209038e-05,0.09487391750987538,-0.4167900764683718,0,0.5037008567190064,-0.38560391436428304,0,0.9750500827424748,-0.19526176051098074,0,normal,normal
N15_M07_F10_KA30_18,KA30,6203_PU_2905,outer_race,N15_M07_F10,0.3333333333333333,0.3333333333333333,normal,1.4733911239792599,1.915113418947327e-05,0.8797964275903447,5.286807301736439e-06,1.0283285079573414,1.7454104563909014e-05,0.8481085333129093,-0.14945360136996466,0,-0.8365225608916294,-0.6462486244834372,0,-0.5200790379436847,-0.40142727843505926,0,normal,inner_race
N15_M07_F10_KA30_19,KA30,6203_PU_2905,outer_race,N15_M07_F10,0.3333333333333333,0.0,normal,1.421185650312349,1.7228048946608666e-05,0.8456504999766623,6.40285663351502e-06,1.0866262686895622,2.1343913345987436e-05,0.6914909213292307,-0.23520336609694759,0,-0.9925257830697334,-0.5746039395231668,0,-0.2664006678036081,-0.26769788550048423,0,normal,normal
N15_M07_F10_KA30_2,KA30,6203_PU_2905,outer_race,N15_M07_F10,0.3333333333333333,0.0,normal,1.2865979645954788,1.1390505004189734e-05,1.3684715319429794,1.1130849925108291e-05,1.1098242518545693,1.3630898338676466e-05,0.28772479377953825,-0.49549761020450866,0,1.3960977310428233,-0.2710908418264455,0,-0.16545636932760455,-0.5328669136993021,0,normal,normal
N15_M07_F10_KA30_20,KA30,6203_PU_2905,outer_race,N15_M07_F10,0.3333333333333333,0.0,normal,0.9788224380122648,7.0444427498435125e-06,1.1632721524316438,1.0066805724261553e-05,1.4775017434364257,2.593752104335614e-05,-0.635608807368007,-0.6892871560302981,0,0.45859898287911083,-0.33939706215451954,0,1.434464890600417,-0.10977228988278093,0,normal,normal
N15_M07_F10_KA30_3,KA30,6203_PU_2905,outer_race,N15_M07_F10,0.3333333333333333,0.0,normal,0.9476801925366336,8.562459547295271e-06,0.8970431426280656,6.774602645082495e-06,1.3085191461287458,2.4634413219551036e-05,-0.729036254254564,-0.6215992655865039,0,-0.7577271288766586,-0.5507397382503212,0,0.6991496858886742,-0.15457238879988974,0,normal,normal
N15_M07_F10_KA30_4,KA30,6203_PU_2905,outer_race,N15_M07_F10,0.0,0.0,normal,1.6055468610953403,2.021726388578934e-05,1.3137576108927753,1.2620855326860106e-05,1.0856350060286297,1.726232339660866e-05,1.2445787595792819,-0.1019152143084666,0,1.1461250819351736,-0.1754400810957459,0,-0.2707140735510624,-0.4080206048724726,0,normal,normal
N15_M07_F10_KA30_5,KA30,6203_PU_2905,outer_race,N15_M07_F10,0.3333333333333333,0.0,normal,0.9666305892055007,7.205434631792217e-06,0.7474206005569631,4.8625555557867e-06,0.8587589933287723,1.0427089149443682e-05,-0.672184631925494,-0.6821085787668733,0,-1.4413108035581998,-0.6734834265812752,0,-1.257948169727413,-0.6430120344384727,0,normal,normal
N15_M07_F10_KA30_6,KA30,6203_PU_2905,outer_race,N15_M07_F10,0.3333333333333333,0.0,normal,1.0110907693893105,8.21795440533346e-06,1.1526222476485677,1.0695415255438828e-05,1.292379134665272,2.069696145731736e-05,-0.5388030770873883,-0.636960641261384,0,0.4099425374942695,-0.29904353069149064,0,0.6289176263606442,-0.289939720042155,0,normal,normal
N15_M07_F10_KA30_7,KA30,6203_PU_2905,outer_race,N15_M07_F10,0.3333333333333333,0.0,normal,1.2458968792412481,1.0312614961027727e-05,1.0693750105101854,8.312313825994523e-06,1.5477434028740693,2.7118713327852204e-05,0.1656206091878026,-0.5435603874244195,0,0.029609123274516265,-0.4520265093818817,0,1.7401162476726522,-0.06916357721998,0,normal,normal
N15_M07_F10_KA30_8,KA30,6203_PU_2905,outer_race,N15_M07_F10,0.3333333333333333,0.0,normal,1.4380631666091301,2.0210787465910514e-05,1.1823969970553965,1.2626790460141724e-05,1.4779225682193489,3.2988302395897056e-05,0.7421238552526496,-0.10220399582917294,0,0.5459750652838977,-0.17505907575659918,0,1.4362960783459782,0.13262952542853754,0,normal,normal
N15_M07_F10_KA30_9,KA30,6203_PU_2905,outer_race,N15_M07_F10,0.3333333333333333,0.0,normal,1.1464295622403533,1.1851362894249963e-05,0.8938953282026468,6.5160712358184e-06,1.1981593568621491,2.434457040108195e-05,-0.13278361099989075,-0.4749481021721075,0,-0.7721086152647242,-0.5673361384645866,0,0.21892727050729924,-0.16453701851096933,0,normal,normal
N15_M07_F10_KI01_1,KI01,6203_PU_2905,inner_race,N15_M07_F10,0.0,1.0,inner_race,0.9523659183326694,8.369102279410099e-06,1.3047395293508242,1.7113838394998957e-05,1.2032117976404293,2.5689055095188683e-05,-0.714978969969246,-0.6302210052056525,0,1.1049239819291647,0.11298655676232082,0,0.2409125907968826,-0.11831440654579943,0,normal,normal
N15_M07_F10_KI01_10,KI01,6203_PU_2905,inner_race,N15_M07_F10,0.0,1.0,inner_race,1.1896367624502426,1.3269881654013606e-05,1.3682617689043686,1.7536960351622972e-05,1.1205017022257013,1.9691702065018915e-05,-0.003161024668246,-0.41169679786208424,0,1.395139382208743,0.1401488321375415,0,-0.11899423813457449,-0.32449996086767446,0,normal,inner_race
N15_M07_F10_KI01_11,KI01,6203_PU_2905,inner_race,N15_M07_F10,0.3333333333333333,1.0,inner_race,0.9548343087128446,7.549229532947792e-06,1.239183964852188,1.331955433130404e-05,1.194086574017375,2.1707903286188076e-05,-0.7075737425164099,-0.6667788725056398,0,0.8054188869381647,-0.13058716229540415,0,0.20120485885683337,-0.25518412030935445,0,normal,inner_race
N15_M07_F10_KI01_12,KI01,6203_PU_2905,inner_race,N15_M07_F10,0.0,1.0,inner_race,0.8509235987128899,6.753182540901344e-06,0.9866400448279186,9.58033593191356e-06,0.8955148481032669,1.3659638208069538e-05,-1.0193082430700648,-0.7022743569272898,0,-0.34838386550159284,-0.37062594606049987,0,-1.0980078012606405,-0.5318788534880491,0,normal,inner_race
N15_M07_F10_KI01_13,KI01,6203_PU_2905,inner_race,N15_M07_F10,0.3333333333333333,1.0,inner_race,1.1218664801610672,1.0956893336489794e-05,1.441511123934432,1.8659086389101966e-05,1.5499839712331152,3.157730724989334e-05,-0.20647341760450386,-0.5148322177712323,0,1.729795260837705,0.21218361066545807,0,1.7498659142528308,0.08412032230830434,0,normal,inner_race
N15_M07_F10_KI01_14,KI01,6203_PU_2905,inner_race,N15_M07_F10,0.0,1.0,inner_race,0.904217875172535,7.506825579381496e-06,1.4844537579806618,1.8280228851735984e-05,0.7748146401416418,9.273637964556361e-06,-0.8594241978689192,-0.6686696514273207,0,1.9259881818741396,0.18786288564324657,0,-1.623225779561999,-0.6826670240218493,0,normal,inner_race
N15_M07_F10_KI01_15,KI01,6203_PU_2905,inner_race,N15_M07_F10,0.0,1.0,inner_race,1.0240146675703732,8.530941623770663e-06,1.296405690396135,1.615071221971252e-05,1.3578431252257508,2.7200006248065288e-05,-0.5000310877064899,-0.6230046398604453,0,1.066848995513392,0.05115875987145991,0,0.9137793126358282,-0.06636877329026966,0,normal,inner_race
N15_M07_F10_KI01_16,KI01,6203_PU_2905,inner_race,N15_M07_F10,0.3333333333333333,1.0,inner_race,1.4017569870359057,1.6541225594136907e-05,1.2111312552874465,1.0893570745212106e-05,1.1044846574395275,1.5899117498804748e-05,0.6332044882665576,-0.26582860286269894,0,0.6772538790215953,-0.28632295711672756,0,-0.1886912173115379,-0.45488684107361094,0,normal,inner_race
N15_M07_F10_KI01_17,KI01,6203_PU_2905,inner_race,N15_M07_F10,0.3333333333333333,1.0,inner_race,1.1921124339313474,1.071339218005655e-05,1.1957814880947082,1.3402041410212581e-05,1.037806885791511,1.5586679105356316e-05,0.004266046253485215,-0.5256898575728857,0,0.6071250727743931,-0.12529191179578922,0,-0.47883458171854115,-0.46562829368120867,0,normal,inner_race
N15_M07_F10_KI01_18,KI01,6203_PU_2905,inner_race,N15_M07_F10,0.0,1.0,inner_race,0.8448075842846285,5.076315491965657e-06,1.267321008767273,1.2625081767195115e-05,1.3554725044174825,2.4868655778838235e-05,-1.0376564258817675,-0.7770453300072329,0,0.9339691949860619,-0.17516876514430624,0,0.903463732495041,-0.14651926408146065,0,normal,inner_race
N15_M07_F10_KI01_19,KI01,6203_PU_2905,inner_race,N15_M07_F10,0.3333333333333333,1.0,inner_race,1.1433809044872714,8.238258939860942e-06,1.8800491272605604,2.6685859580046444e-05,1.1086264704166027,1.7640086301505127e-05,-0.14192965380930317,-0.6360552684678052,0,3.733353118173954,0.7274615828284804,1,-0.17066842617423203,-0.3950333330616426,0,inner_race,inner_race
N15_M07_F10_KI01_2,KI01,6203_PU_2905,inner_race,N15_M07_F10,0.0,1.0,inner_race,1.1311602507681524,9.572094262362223e-06,1.2401810582850528,1.1495191376221906e-05,1.25809537554404,1.794490995765226e-05,-0.17859189376099224,-0.5765799719288692,0,0.8099743288081107,-0.2477019756359127,0,0.4797343982758252,-0.38455367075112856,0,normal,inner_race
N15_M07_F10_KI01_20,KI01,6203_PU_2905,inner_race,N15_M07_F10,0.3333333333333333,1.0,inner_race,1.1929286572927646,1.1210613220347245e-05,1.4468903245421705,1.7658787141275777e-05,1.1371898063144026,1.619407929995758e-05,0.00671473495854512,-0.503518928135186,0,1.7543713285036293,0.14796949177674104,0,-0.04637719431028397,-0.4447462236764801,0,normal,inner_race
N15_M07_F10_KI01_3,KI01,6203_PU_2905,inner_race,N15_M07_F10,0.3333333333333333,1.0,inner_race,1.0152547401141225,9.960018195040224e-06,1.0375388172923,1.0723803666968216e-05,0.9639471839561404,1.788051239038867e-05,-0.5263110699187348,-0.5592825660637218,0,-0.11584156648459631,-0.29722113920517146,0,-0.800229581205601,-0.38676762214542354,0,normal,inner_race
N15_M07_F10_KI01_4,KI01,6203_PU_2905,inner_race,N15_M07_F10,0.0,1.0,inner_race,1.0180908836763918,9.576767058792643e-06,0.9388344894042673,8.32178168809689e-06,1.0510682969312204,1.5060370977236448e-05,-0.517802574529926,-0.5763716134091351,0,-0.5667941183574902,-0.4514187208386187,0,-0.421128537413831,-0.48372246499221977,0,normal,inner_race
N15_M07_F10_KI01_5,KI01,6203_PU_2905,inner_race,N15_M07_F10,0.0,1.0,inner_race,1.2499450213381478,1.4560932201277104e-05,1.1416014144508453,1.3559110829685676e-05,0.9835493217056183,1.650790843546834e-05,0.17776512783027731,-0.3541292609631066,0,0.3595914236108327,-0.11520885475286358,0,-0.7149323366272091,-0.4339569581551524,0,normal,inner_race
N15_M07_F10_KI01_6,KI01,6203_PU_2905,inner_race,N15_M07_F10,0.0,1.0,inner_race,0.7960014854025862,6.781565760902334e-06,1.1077707425495775,1.145223965589076e-05,0.8957960035196968,1.3887337180893262e-05,-1.1840758359596355,-0.7010087580952516,0,0.20502851687834062,-0.2504592574011574,0,-1.096784374375968,-0.5240506935158068,0,normal,inner_race
N15_M07_F10_KI01_7,KI01,6203_PU_2905,inner_race,N15_M07_F10,0.0,1.0,inner_race,1.0131944632047034,9.479982254690246e-06,1.2850079696258974,1.4502322850241659e-05,1.0585314966456496,1.9055465246677992e-05,-0.5324919476488579,-0.5806872173126653,0,1.0147759874006796,-0.05465944520679838,0,-0.3886529789051163,-0.3463734174425488,0,normal,inner_race
N15_M07_F10_KI01_8,KI01,6203_PU_2905,inner_race,N15_M07_F10,0.0,1.0,inner_race,0.8868919649206332,6.586778443459405e-06,1.4133800269970984,1.676001721358559e-05,1.1462401657177073,1.8799738724480137e-05,-0.9114023238870789,-0.7096942631733577,0,1.6012721228729265,0.09027303832471413,0,-0.006995228454718488,-0.35516514847270914,0,normal,inner_race
N15_M07_F10_KI01_9,KI01,6203_PU_2905,inner_race,N15_M07_F10,0.0,1.0,inner_race,1.0977432316628286,1.1864669494930655e-05,1.2756310594403086,1.3965950665034701e-05,0.9497870351440693,1.3457154987597507e-05,-0.27884371343188663,-0.4743547650426594,0,0.9719354993759711,-0.0890918086663631,0,-0.861846415651213,-0.5388401103698576,0,normal,inner_race
N15_M07_F10_KI03_1,KI03,6203_PU_2905,inner_race,N15_M07_F10,0.0,0.0,normal,1.3691254186324702,3.7530951721564368e-06,1.2186211274032284,3.1895867983705508e-06,0.9762148710847578,4.353331477805498e-06,0.535309038620108,-0.8360473069225081,0,0.7114730162781187,-0.7808795032246282,0,-0.7468476530305099,-0.8518243364729936,0,normal,normal
N15_M07_F10_KI03_10,KI03,6203_PU_2905,inner_race,N15_M07_F10,0.0,0.0,normal,1.4871089557916375,5.462923908884891e-06,1.2396596487447535,3.2013339740168762e-06,1.2141712094628363,6.600379565230637e-06,0.8892623417000567,-0.7598065825750528,0,0.8075921540058515,-0.7801253943565079,0,0.2886016562752675,-0.774572113173318,0,normal,normal
N15_M07_F10_KI03_11,KI03,6203_PU_2905,inner_race,N15_M07_F10,0.0,0.0,normal,1.2161824339389335,3.2189541826509114e-06,1.3625654293982172,3.5992800877594826e-06,1.1487394298818774,5.3612555994098905e-06,0.07647659539413322,-0.8598644852566885,0,1.3691143953454792,-0.754579279916551,0,0.003880133681888668,-0.8171724837836568,0,normal,normal
N15_M07_F10_KI03_12,KI03,6203_PU_2905,inner_race,N15_M07_F10,0.0,0.0,normal,1.943696267171545,1.0573729372334218e-05,1.3390475497169334,4.344201845371655e-06,1.2300444265196653,8.029285801240263e-06,2.2590346921364426,-0.5319173781405442,1,1.2616677606959312,-0.7067590956966266,0,0.35767277978465667,-0.7254471370607665,0,outer_race,normal
N15_M07_F10_KI03_13,KI03,6203_PU_2905,inner_race,N15_M07_F10,0.0,0.0,normal,1.7716732202053131,7.3966326546716155e-06,1.1387482484709408,2.9622193635939177e-06,1.0242160003572864,3.968983619354026e-06,1.742961626811804,-0.6735831192018303,0,0.3465561038119442,-0.7954753349418847,0,-0.5379743089123693,-0.8650379952068699,0,normal,normal
N15_M07_F10_KI03_14,KI03,6203_PU_2905,inner_race,N15_M07_F10,0.0,0.0,normal,1.7230937704559786,7.1329971074668345e-06,1.2709294298766858,3.868557441047567e-06,0.9534466353753396,4.595701302382225e-06,1.5972221693026905,-0.6853385451406228,0,0.9504550648799086,-0.7372930448067505,0,-0.8459219374144391,-0.8434918010394686,0,normal,normal
N15_M07_F10_KI03_15,KI03,6203_PU_2905,inner_race,N15_M07_F10,0.0,0.0,normal,1.5630298047696802,5.44353248693576e-06,1.3268323576542507,3.851573412493543e-06,1.447443603500044,6.664424476325297e-06,1.1170266206448347,-0.7606712399666217,0,1.2058599541878625,-0.7383833329691655,0,1.3036691301332517,-0.7723702858956641,0,normal,normal
N15_M07_F10_KI03_16,KI03,6203_PU_2905,inner_race,N15_M07_F10,0.0,0.0,normal,1.8204948413528845,6.966121001701267e-06,1.1898227187508463,2.6551178964941695e-06,1.171840868425613,5.359376902146668e-06,1.8894276040403741,-0.6927794980890407,0,0.5799011171573235,-0.8151896855845528,0,0.10440432541858805,-0.8172370723170769,0,normal,normal
N15_M07_F10_KI03_17,KI03,6203_PU_2905,inner_race,N15_M07_F10,0.0,0.0,normal,1.9055317546938422,6.9834287612335435e-06,0.9936653076165144,1.8538988017651451e-06,1.294707320908293,7.333824391997362e-06,2.144540284042074,-0.6920077505477653,1,-0.31628739871151723,-0.8666238722208499,0,0.6390485556466763,-0.7493567010722352,0,outer_race,normal
N15_M07_F10_KI03_18,KI03,6203_PU_2905,inner_race,N15_M07_F10,0.0,0.0,normal,2.2869147700764536,1.2018876153222635e-05,1.4805550454028948,4.876769430296524e-06,0.9798379537877246,4.53464505067038e-06,3.2886980308229123,-0.46747873876304713,1,1.908176051204881,-0.6725709682048177,0,-0.7310820781022889,-0.8455908799232185,0,outer_race,normal
N15_M07_F10_KI03_19,KI03,6203_PU_2905,inner_race,N15_M07_F10,0.0,0.0,normal,1.973261141980977,9.907463476998032e-06,1.1118373049600276,2.8140670171885982e-06,1.3640600256102557,8.502262985483704e-06,2.3477299910392566,-0.5616259643733558,1,0.22360750663067555,-0.804985961293337,0,0.9408316922994056,-0.7091864529849328,0,outer_race,normal
N15_M07_F10_KI03_2,KI03,6203_PU_2905,inner_race,N15_M07_F10,0.0,0.0,normal,1.2214140024386064,3.7106293769278695e-06,1.3240898237058025,3.898647983240374e-06,1.0695055853466382,5.664707374348613e-06,0.09217142024287567,-0.837940843344414,0,1.1933300812925862,-0.7353613851978945,0,-0.3409000480811236,-0.8067399859615424,0,normal,normal
N15_M07_F10_KI03_20,KI03,6203_PU_2905,inner_race,N15_M07_F10,0.0,0.0,normal,1.6421336820442203,6.9566419284667855e-06,1.0776397652721006,2.926519526134081e-06,1.0078688552169126,4.690712278704912e-06,1.3543400570947168,-0.6932021669762898,0,0.06736848327661409,-0.7977670827482894,0,-0.6091076952306079,-0.8402253782157314,0,normal,normal
N15_M07_F10_KI03_3,KI03,6203_PU_2905,inner_race,N15_M07_F10,0.0,0.0,normal,1.9889999962574398,8.954407451182792e-06,1.1668372537873535,2.8498885861444834e-06,1.1509176347952976,7.242224921162646e-06,2.3949469129249996,-0.6041224321136804,1,0.47488693689736317,-0.8026863989446573,0,0.013358430366484242,-0.752505838295713,0,outer_race,normal
N15_M07_F10_KI03_4,KI03,6203_PU_2905,inner_race,N15_M07_F10,0.0,0.0,normal,1.3694500084218528,4.492991422949956e-06,1.341989442935017,3.6630138934244578e-06,1.3370269297553383,7.474670850932729e-06,0.536282815393244,-0.8030555663518131,0,1.275108450505777,-0.7504878940806674,0,0.8231991861759638,-0.7445144806687048,0,normal,normal
N15_M07_F10_KI03_5,KI03,6203_PU_2905,inner_race,N15_M07_F10,0.0,0.0,normal,1.81342430649882,7.322322014592309e-06,1.0608696060818747,2.6485223034695818e-06,1.1435536363102456,6.268625531773232e-06,1.8682158381754312,-0.6768966072165479,0,-0.00924969795172823,-0.8156130890766008,0,-0.018685461370329927,-0.78597762639604,0,normal,normal
N15_M07_F10_KI03_6,KI03,6203_PU_2905,inner_race,N15_M07_F10,0.0,0.0,normal,1.2787310523877478,4.3567334256831776e-06,1.1168927699631903,2.7392740172056294e-06,1.0840337320025575,5.994346279318166e-06,0.2641238776855422,-0.8091312674946244,0,0.24670451658819662,-0.80978729109878,0,-0.2776818983865219,-0.795407189642017,0,normal,normal
N15_M07_F10_KI03_7,KI03,6203_PU_2905,inner_race,N15_M07_F10,0.0,0.0,normal,1.5572752435247579,5.742345429185136e-06,1.0108812650035621,2.1893770855084027e-06,0.9922321785810355,4.40419670548066e-06,1.0997628056291153,-0.7473472650724594,0,-0.2376324898261545,-0.845087874424503,0,-0.6771495306900676,-0.8500756191453404,0,normal,normal
N15_M07_F10_KI03_8,KI03,6203_PU_2905,inner_race,N15_M07_F10,0.0,0.0,normal,1.852308999687932,8.722863171454417e-06,1.1169230802916088,2.9238035035174507e-06,1.0528335527062074,5.338934014229118e-06,1.984870804833779,-0.6144469185524674,0,0.24684299602715223,-0.797941437572196,0,-0.4134471581935215,-0.8179398870681872,0,normal,normal
N15_M07_F10_KI03_9,KI03,6203_PU_2905,inner_race,N15_M07_F10,0.0,0.0,normal,1.9992009294982025,9.369265847029755e-06,1.290441627764733,3.1470279025872364e-06,1.2589566383384008,7.1231836518641e-06,2.425549945364983,-0.5856240270269147,1,1.0396008563415071,-0.7836115676538891,0,0.4834821192721646,-0.7565984087970706,0,outer_race,normal
N15_M07_F10_KI04_1,KI04,6203_PU_2905,inner_race,N15_M07_F10,0.3333333333333333,0.0,normal,1.342434989051388,1.5021556842474658e-05,1.0587252452073026,8.807257654554346e-06,0.88316908795691,1.3399868856805593e-05,0.4552371409781347,-0.3335901534239604,0,-0.019046684864213403,-0.4202536354949469,0,-1.1517294583660254,-0.5408095746606651,0,normal,normal
N15_M07_F10_KI04_10,KI04,6203_PU_2905,inner_race,N15_M07_F10,0.3333333333333333,0.0,normal,1.0100552346690663,7.981834976830311e-06,0.895586268193455,6.907801306189773e-06,1.1395795520621095,1.652477762403287e-05,-0.5419097048721607,-0.6474891321417231,0,-0.7643831819404239,-0.5421890623613326,0,-0.03597839341787841,-0.43337700513627203,0,normal,normal
N15_M07_F10_KI04_11,KI04,6203_PU_2905,inner_race,N15_M07_F10,0.3333333333333333,0.0,normal,1.2008524024995526,1.060253796517465e-05,1.0261576662308343,8.814489366809974e-06,1.2591393148944072,2.3261126985769766e-05,0.030486151346264333,-0.5306328120676941,0,-0.16783887221814864,-0.4197893963869389,0,0.4842770227197152,-0.20178518116518696,0,normal,normal
N15_M07_F10_KI04_12,KI04,6203_PU_2905,inner_race,N15_M07_F10,0.3333333333333333,0.0,normal,1.2270334875937634,1.292341330716444e-05,0.9924226201894982,9.101371682494124e-06,0.8578646228385741,1.1630663300235422e-05,0.10903000390775779,-0.42714571222399145,0,-0.32196489106047477,-0.40137301232342376,0,-1.2618399563999234,-0.601633846061016,0,normal,normal
N15_M07_F10_KI04_13,KI04,6203_PU_2905,inner_race,N15_M07_F10,0.3333333333333333,0.0,normal,0.9824623587738884,8.170791994445357e-06,0.923585275343729,7.880181020378848e-06,0.7594139904128085,9.59287533407882e-06,-0.6246889620442657,-0.6390635982949412,0,-0.6364635253814298,-0.479767235385448,0,-1.6902405614891094,-0.6716918265198637,0,normal,inner_race
N15_M07_F10_KI04_14,KI04,6203_PU_2905,inner_race,N15_M07_F10,0.3333333333333333,0.0,normal,1.004071958287163,7.479497642265651e-06,0.9305590215973988,7.1802533267890205e-06,1.2555635430000183,1.762674109942015e-05,-0.5598596705165872,-0.6698881955281879,0,-0.6046024232748047,-0.5246990297733334,0,0.4687173172564496,-0.39549213344834433,0,normal,normal
N15_M07_F10_KI04_15,KI04,6203_PU_2905,inner_race,N15_M07_F10,0.3333333333333333,0.0,normal,1.1313978345043185,1.4815122910793601e-05,1.1014902432126863,1.3007798754823459e-05,1.3324713842754703,2.6373552934491084e-05,-0.1778791371324075,-0.3427949773593511,0,0.1763346666327881,-0.15060028306486317,0,0.8033760688226209,-0.09478176377511094,0,normal,normal
N15_M07_F10_KI04_16,KI04,6203_PU_2905,inner_race,N15_M07_F10,0.3333333333333333,0.0,normal,1.0335415685158655,1.1097717542414512e-05,0.977707884272983,1.1405268109199484e-05,1.040571969557977,1.7284414157393526e-05,-0.47145016752926755,-0.50855291082386,0,-0.38919241647572844,-0.2534745915525879,0,-0.4668025253519204,-0.4072611371981659,0,normal,normal
N15_M07_F10_KI04_17,KI04,6203_PU_2905,inner_race,N15_M07_F10,0.3333333333333333,0.0,normal,1.168439566291363,1.6935499907164522e-05,0.7314253430946595,6.854240955976426e-06,0.7431578692966537,1.2118766141316456e-05,-0.0667530967244287,-0.2482480355397188,0,-1.5143886748615953,-0.5456273641533168,0,-1.7609778635355433,-0.584853150586178,0,normal,inner_race
N15_M07_F10_KI04_18,KI04,6203_PU_2905,inner_race,N15_M07_F10,0.3333333333333333,0.0,normal,0.925748079913046,9.667852730793598e-06,1.1194866881944998,1.3214617718959293e-05,1.2162476339829018,2.866703718229924e-05,-0.7948330924707939,-0.5723101320093578,0,0.2585554057111696,-0.13732355854435513,0,0.2976370631477305,-0.015933091938724598,0,normal,normal
N15_M07_F10_KI04_19,KI04,6203_PU_2905,inner_race,N15_M07_F10,0.3333333333333333,0.0,normal,1.127625784083799,1.4293212441122062e-05,1.0090095262888317,1.161629615325972e-05,1.0304743239502652,1.7115697620359732e-05,-0.18919537444715917,-0.36606680066980357,0,-0.24618394210699546,-0.23992766553061406,0,-0.5107416792378203,-0.4130615148875539,0,normal,normal
N15_M07_F10_KI04_2,KI04,6203_PU_2905,inner_race,N15_M07_F10,0.3333333333333333,0.0,normal,1.1112570779897646,1.2430989003289932e-05,0.8942099734570161,9.056161037043597e-06,1.0344591633698936,1.7586551907294318e-05,-0.23830186615466115,-0.44910275669706384,0,-0.770671088831704,-0.4042753055804714,0,-0.49340194686140026,-0.3968738148025231,0,normal,normal
N15_M07_F10_KI04_20,KI04,6203_PU_2905,inner_race,N15_M07_F10,0.3333333333333333,0.0,normal,1.3091126172171295,1.6616767638335023e-05,1.115887068843335,1.40164591722625e-05,1.09772281974304,2.368233690206198e-05,0.3552692652796595,-0.26246020692652366,0,0.24210974859651752,-0.08584941965620856,0,-0.21811485116045573,-0.18730422604387026,0,normal,normal
N15_M07_F10_KI04_3,KI04,6203_PU_2905,inner_race,N15_M07_F10,0.3333333333333333,0.0,normal,0.9317393880084386,1.2136316930355314e-05,1.319802096146314,2.374085670612604e-05,1.252864902105467,3.496989125007185e-05,-0.7768590315026694,-0.4622420915338893,0,1.1737406496429377,0.5384073922105166,0,0.4569743821055157,0.20075541267925237,0,normal,normal
N15_M07_F10_KI04_4,KI04,6203_PU_2905,inner_race,N15_M07_F10,0.3333333333333333,0.0,normal,1.016529124054396,8.209010168223433e-06,0.6515373757949473,3.4319638009422897e-06,1.2048729484908616,2.2714201791888293e-05,-0.5224878890249178,-0.6373594619744506,0,-1.8793745218713638,-0.7653201336731109,0,0.24814096518042147,-0.2205881553615981,0,normal,normal
N15_M07_F10_KI04_5,KI04,6203_PU_2905,inner_race,N15_M07_F10,0.3333333333333333,0.0,normal,1.0833530573003864,9.797927054105124e-06,1.0220184854647043,9.08526469700034e-06,1.04993450510689,1.6629390713517552e-05,-0.3220145648076291,-0.5665101589388087,0,-0.18674963498902625,-0.402406998786659,0,-0.4260621482157174,-0.4297804671742384,0,normal,normal
N15_M07_F10_KI04_6,KI04,6203_PU_2905,inner_race,N15_M07_F10,0.3333333333333333,0.0,normal,1.131923032172594,1.056871602769386e-05,1.4316157787253176,1.5098458091849805e-05,0.832362108010245,9.294171553524866e-06,-0.17630353214605093,-0.5321409215976015,0,1.6845861877484753,-0.016390597797816778,0,-1.3728122530176226,-0.6819610910206751,0,normal,normal
N15_M07_F10_KI04_7,KI04,6203_PU_2905,inner_race,N15_M07_F10,0.3333333333333333,0.0,normal,0.809021735026737,4.4291598668152385e-06,1.0549742303931995,7.172832528315407e-06,1.0714302642335436,1.5180297290324415e-05,-1.1450147900513712,-0.8059017953169711,0,-0.03618402563463688,-0.5251754072538418,0,-0.33252495104582147,-0.47959946719345237,0,normal,normal
N15_M07_F10_KI04_8,KI04,6203_PU_2905,inner_race,N15_M07_F10,0.3333333333333333,0.0,normal,1.3707535389900203,1.5928589305192807e-05,0.92255123078124,6.940729208597883e-06,1.242493844965611,2.3768542544206745e-05,0.5401934368356754,-0.2931458618532133,0,-0.6411877866593514,-0.5400752586725012,0,0.4118454982714896,-0.1843405255543581,0,normal,normal
N15_M07_F10_KI04_9,KI04,6203_PU_2905,inner_race,N15_M07_F10,0.3333333333333333,0.0,normal,0.9365359832122991,7.829219926836785e-06,1.5547174326741797,2.0174813347243983e-05,1.4206227888583802,3.366392995556375e-05,-0.762469136464572,-0.6542941891090616,0,2.2470033195583956,0.30948556436029584,1,1.186960349921632,0.15585721307744504,0,inner_race,normal
N15_M07_F10_KI05_1,KI05,6203_PU_2905,inner_race,N15_M07_F10,0.3333333333333333,0.0,normal,1.068436147957661,2.6217290079322098e-05,1.1489752591273337,2.647107091081849e-05,0.9596016933419325,3.560568961062075e-05,-0.3667656331408231,0.16562406215375342,0,0.3932804638497659,0.7136732438172032,0,-0.8191386604330988,0.22261379532693926,0,normal,normal
N15_M07_F10_KI05_10,KI05,6203_PU_2905,inner_race,N15_M07_F10,0.3333333333333333,0.0,normal,1.2564573720460164,3.460029057090355e-05,0.8627528643187169,1.662647864406812e-05,0.7524090242552678,1.591654558238206e-05,0.19730232852256924,0.5394194113336555,0,-0.9143898491331974,0.08170054204636634,0,-1.7207221507544959,-0.4542876735650319,0,normal,normal
N15_M07_F10_KI05_11,KI05,6203_PU_2905,inner_race,N15_M07_F10,0.3333333333333333,0.0,normal,1.0398056920360215,2.0143797410947433e-05,1.1934989943965109,2.8144805727677598e-05,0.8967434221568097,2.5172609498658096e-05,-0.45265765406301306,-0.1051910612613714,0,0.596696995507067,0.8211184975765571,0,-1.0926617526374234,-0.1360695096824804,0,normal,normal
N15_M07_F10_KI05_12,KI05,6203_PU_2905,inner_race,N15_M07_F10,0.3333333333333333,0.0,normal,1.134545926383202,2.6659554711823374e-05,0.9176551295904805,1.7057279251011193e-05,1.0068968805077763,3.9286797398273025e-05,-0.16843478967716244,0.18534450269312272,0,-0.6635567077942537,0.10935574767777233,0,-0.6133371708902932,0.34916816788055394,0,normal,normal
N15_M07_F10_KI05_13,KI05,6203_PU_2905,inner_race,N15_M07_F10,0.3333333333333333,0.0,normal,1.5637409851806578,4.274248719709053e-05,1.072046976154646,2.1930522192024663e-05,1.5165749304523017,7.080430254049901e-05,1.1191601781021916,0.9024773920690025,0,0.04181658926580587,0.4221931333579968,0,1.6044889579723138,1.4327219016530777,0,normal,normal
N15_M07_F10_KI05_14,KI05,6203_PU_2905,inner_race,N15_M07_F10,0.3333333333333333,0.0,normal,0.9858549130559512,1.8927604963448667e-05,0.9973079727302865,2.057235189559832e-05,1.1714185523572969,5.318738741976516e-05,-0.614511221802471,-0.159420699090845,0,-0.2996450775101887,0.33500551517736266,0,0.10256664845554846,0.8270624730122544,0,normal,normal
N15_M07_F10_KI05_15,KI05,6203_PU_2905,inner_race,N15_M07_F10,0.3333333333333333,0.0,normal,0.8823055362843616,1.6507588086962624e-05,1.1481822907322463,2.9854034114532775e-05,1.2459194840431922,5.894789177932019e-05,-0.925161714427801,-0.2673284887033809,0,0.3896576123601652,0.9308422578213109,0,0.42675191194800377,1.0251053060043305,0,normal,normal
N15_M07_F10_KI05_16,KI05,6203_PU_2905,inner_race,N15_M07_F10,0.3333333333333333,0.0,normal,1.1201780097294207,2.5895903679720524e-05,0.8049277836421372,1.6299377408369894e-05,1.3192600125210951,5.904727853265429e-05,-0.211538867419149,0.15129354391253608,0,-1.1785765190727349,0.06070230808446115,0,0.7458877671816934,1.0285221655297505,0,normal,normal
N15_M07_F10_KI05_17,KI05,6203_PU_2905,inner_race,N15_M07_F10,0.3333333333333333,0.0,normal,1.1233686509147414,2.9297715006261146e-05,1.1499929256286179,2.7868125548673056e-05,1.0407513654212863,3.288460427648487e-05,-0.20196687107389946,0.3029792385424447,0,0.39792989833282383,0.8033570387457529,0,-0.46602189759465135,0.1290644436123462,0,normal,normal
N15_M07_F10_KI05_18,KI05,6203_PU_2905,inner_race,N15_M07_F10,0.3333333333333333,0.3333333333333333,normal,1.516805112166081,4.417717221532337e-05,0.8201582781343836,1.3930853306430153e-05,1.1039600988550091,4.805350531817943e-05,0.9783514882928809,0.9664495447477565,0,-1.1089926365366454,-0.09134488039765767,0,-0.19097379497991243,0.6505625535288351,0,normal,normal
N15_M07_F10_KI05_19,KI05,6203_PU_2905,inner_race,N15_M07_F10,0.3333333333333333,0.0,normal,1.043120358771154,2.2842121583315894e-05,0.7978994961460572,1.2107599534167447e-05,1.181848479897996,5.0067837291534486e-05,-0.44271357823888685,0.015126362938225975,0,-1.210686804907911,-0.20838848984833944,0,0.1479517024605699,0.7198141304203711,0,normal,normal
N15_M07_F10_KI05_2,KI05,6203_PU_2905,inner_race,N15_M07_F10,0.3333333333333333,0.0,normal,1.3342104286034457,4.628343021502476e-05,1.1198734118729279,3.055831430791964e-05,0.9639370426155112,3.4624582779083515e-05,0.4305632720043422,1.060366924956906,0,0.26032223836570767,0.9760534605362916,0,-0.8002737104951234,0.18888390567531113,0,normal,normal
N15_M07_F10_KI05_20,KI05,6203_PU_2905,inner_race,N15_M07_F10,0.3333333333333333,0.0,normal,1.502124634727072,4.213951821387351e-05,0.7191728278461382,9.442578972487691e-06,0.9363892962930271,2.7208342019221176e-05,0.9343097210646455,0.8755911951932419,0,-1.5703670005987398,-0.37946924149388594,0,-0.9201456798529047,-0.06608219426318368,0,normal,normal
N15_M07_F10_KI05_3,KI05,6203_PU_2905,inner_race,N15_M07_F10,0.3333333333333333,0.0,normal,1.2599725060475568,3.414466068272994e-05,0.9039431199077952,1.850478901563423e-05,0.9338111457722643,3.5458417119314524e-05,0.2078478107192539,0.5191030182572517,0,-0.7262030566425747,0.2022785048627636,0,-0.9313643101033361,0.2175506516194429,0,normal,normal
N15_M07_F10_KI05_4,KI05,6203_PU_2905,inner_race,N15_M07_F10,0.3333333333333333,0.0,normal,0.9956271086204288,2.015255495022684e-05,1.1639024762105277,2.8152962632246475e-05,1.06181356095166,4.568452976368004e-05,-0.5851944121722953,-0.10480056534571563,0,0.4614787564683325,0.8216421293206457,0,-0.3743713201692354,0.5691185339051308,0,normal,normal
N15_M07_F10_KI05_5,KI05,6203_PU_2905,inner_race,N15_M07_F10,0.3333333333333333,0.0,normal,1.0297874094662138,2.2776294972099464e-05,0.8073891386564042,1.2520060743382186e-05,0.9661129016316352,3.679369158837537e-05,-0.4827127303232535,0.012191175095915203,0,-1.1673312743251296,-0.18191058017975054,0,-0.7908056218081446,0.26345662133478,0,normal,normal
N15_M07_F10_KI05_6,KI05,6203_PU_2905,inner_race,N15_M07_F10,0.3333333333333333,0.0,normal,1.3169019638187665,3.391929380192637e-05,1.0516164700148587,2.5209930562731667e-05,1.1187646725113407,4.068177527970813e-05,0.3786374827858403,0.5090539800890977,0,-0.05152469654126752,0.6327144543115684,0,-0.1265527937512801,0.3971267066398288,0,normal,normal
N15_M07_F10_KI05_7,KI05,6203_PU_2905,inner_race,N15_M07_F10,0.3333333333333333,0.0,normal,1.1117492043212749,2.611173899191304e-05,1.232557203845945,2.9266326640491386e-05,1.0199256857442405,3.0030911142542507e-05,-0.23682547593306866,0.16091757244114888,0,0.7751430636753078,0.8931144301818374,0,-0.5566432938743272,0.030956111865569128,0,normal,normal
N15_M07_F10_KI05_8,KI05,6203_PU_2905,inner_race,N15_M07_F10,0.3333333333333333,0.0,normal,0.9423586242230702,1.5805019274756987e-05,0.8574624565354328,1.3333973186708861e-05,0.8363895891471632,2.4102631925788624e-05,-0.7450010805981775,-0.2986558105549119,0,-0.9385602471427605,-0.12966154518910666,0,-1.3552869683797404,-0.17285472440375246,0,normal,normal
N15_M07_F10_KI05_9,KI05,6203_PU_2905,inner_race,N15_M07_F10,0.3333333333333333,0.0,normal,1.4223930530733078,4.185627117176155e-05,1.0183297914104712,2.199234694255277e-05,0.9310875227754167,3.465574740410321e-05,0.6951131571570367,0.8629612988790596,0,-0.20360224958482934,0.4261619675736624,0,-0.9432159530144584,0.1899553275930464,0,normal,normal
N15_M07_F10_KI07_1,KI07,6203_PU_2905,inner_race,N15_M07_F10,0.3333333333333333,0.0,normal,0.9286034667830843,1.1522530661075604e-05,1.2443732586726721,2.0676464120234002e-05,1.305795614266637,3.982131077741969e-05,-0.7862668667196732,-0.48961062778503733,0,0.8291273234458332,0.34168898993259533,0,0.6872984395435898,0.36754443101153966,0,normal,normal
N15_M07_F10_KI07_10,KI07,6203_PU_2905,inner_race,N15_M07_F10,0.3333333333333333,0.0,normal,1.054825065175741,1.3790849891972896e-05,1.6046762573485633,2.9490400042107358e-05,0.9175470804417329,1.7030486127213643e-05,-0.4075991920012923,-0.38846698836664256,0,2.475251259213485,0.9074988017410845,1,-1.0021361808078073,-0.4159910371051952,0,inner_race,normal
N15_M07_F10_KI07_11,KI07,6203_PU_2905,inner_race,N15_M07_F10,0.3333333333333333,0.0,normal,0.7756796476699072,7.357158579683667e-06,1.1063697060930715,1.5073394000447156e-05,1.5849544552360184,4.6414705101793284e-05,-1.245041812767338,-0.6753432557613465,0,0.1986275719669377,-0.017999584857104255,0,1.9020373745875505,0.5942215428631978,0,normal,normal
N15_M07_F10_KI07_12,KI07,6203_PU_2905,inner_race,N15_M07_F10,0.3333333333333333,0.0,normal,1.2929298577692316,2.2468799531986742e-05,1.2481575405010001,1.8025016894921376e-05,1.0927146438899853,3.43232898921607e-05,0.3067206177526378,-0.0015199496408172238,0,0.8464166519282335,0.17147957737591601,0,-0.239907555919965,0.17852562918384707,0,normal,normal
N15_M07_F10_KI07_13,KI07,6203_PU_2905,inner_race,N15_M07_F10,0.3333333333333333,0.3333333333333333,normal,1.7605404119141281,3.765478675704401e-05,1.4172479891668697,2.447293547474917e-05,1.1302082649745808,2.884446084212974e-05,1.7095629479613403,0.6756184333441696,0,1.6189437635023507,0.5854031219248307,0,-0.07675685222350283,-0.009833368366018428,0,normal,normal
N15_M07_F10_KI07_14,KI07,6203_PU_2905,inner_race,N15_M07_F10,0.3333333333333333,0.0,normal,1.4746508706719634,3.336408586468355e-05,0.7505878172030276,9.582506451474947e-06,1.4593969490532719,4.909719043332769e-05,0.8518878021300912,0.4842974331966638,0,-1.4268406738340276,-0.370486609755421,0,1.355683224321059,0.6864438486471653,0,normal,normal
N15_M07_F10_KI07_15,KI07,6203_PU_2905,inner_race,N15_M07_F10,0.3333333333333333,0.0,normal,0.8207977987925635,9.860642057792001e-06,0.8456146593428525,9.0025087641711e-06,1.1357181607136038,2.8247248223875342e-05,-1.1096863301021558,-0.5637137166953069,0,-0.9926895289319777,-0.4077195083391673,0,-0.05278095069381389,-0.030365195344247132,0,normal,normal
N15_M07_F10_KI07_16,KI07,6203_PU_2905,inner_race,N15_M07_F10,0.3333333333333333,0.0,normal,1.5793972678941202,2.9846194606747826e-05,0.724206655950786,7.619541300218408e-06,1.3194176607885681,4.265899036095044e-05,1.1661293834151967,0.3274357710200295,0,-1.5473688435974027,-0.49649897842521945,0,0.7465737618930794,0.4651022260879439,0,normal,normal
N15_M07_F10_KI07_17,KI07,6203_PU_2905,inner_race,N15_M07_F10,0.3333333333333333,0.0,normal,1.2966454307948119,2.3748273841244416e-05,1.0410112425711187,1.5330556612544305e-05,1.1873974565302914,3.376495027786956e-05,0.317867421594132,0.05553140645488812,0,-0.09997702362029993,-0.0014910544520022188,0,0.17209766159083298,0.15933023376634203,0,normal,normal
N15_M07_F10_KI07_18,KI07,6203_PU_2905,inner_race,N15_M07_F10,0.3333333333333333,0.0,normal,1.3128538000616232,2.5892487229235102e-05,1.0310832128298604,1.6424185321516502e-05,0.9930977831636701,2.7184317455609112e-05,0.3664928991621407,0.15114120546242668,0,-0.14533542322329474,0.06871434067417428,0,-0.6733829167249591,-0.06690814496856587,0,normal,normal
N15_M07_F10_KI07_19,KI07,6203_PU_2905,inner_race,N15_M07_F10,0.3333333333333333,0.0,normal,1.1355973092511173,1.823502089912562e-05,1.3020566827924873,2.3398599270568673e-05,1.3051674362073091,3.447530453172942e-05,-0.16528061708782701,-0.19030280418198162,0,1.0926668040763576,0.516436207382387,0,0.6845649694369077,0.18375180522631848,0,normal,normal
N15_M07_F10_KI07_2,KI07,6203_PU_2905,inner_race,N15_M07_F10,0.3333333333333333,0.0,normal,1.0872293227524632,1.4893183381620723e-05,1.1223148212055125,1.6166164040919866e-05,1.136063637948133,2.945010369250096e-05,-0.31038568002070904,-0.33931428557372206,0,0.27147635685526605,0.05215068812314256,0,-0.051277632201385974,0.010988285152906684,0,normal,normal
N15_M07_F10_KI07_20,KI07,6203_PU_2905,inner_race,N15_M07_F10,0.3333333333333333,0.0,normal,1.2005703278753745,1.9870242492081995e-05,1.1469891037042246,2.0158534177895963e-05,1.5779739166627516,5.131656914213599e-05,0.029639921038656515,-0.11738878885543197,0,0.3842062735317563,0.308440524570258,0,1.871662080138418,0.7627448145939462,0,normal,normal
N15_M07_F10_KI07_3,KI07,6203_PU_2905,inner_race,N15_M07_F10,0.3333333333333333,0.0,normal,1.061538569054537,1.6367194799685088e-05,1.1513736755471125,1.6172641430591683e-05,1.179467228265184,3.328547855681609e-05,-0.3874585272072359,-0.2735885811241223,0,0.4042381597086546,0.05256650356175103,0,0.13758986307740975,0.1428462712432497,0,normal,normal
N15_M07_F10_KI07_4,KI07,6203_PU_2905,inner_race,N15_M07_F10,0.3333333333333333,0.0,normal,0.8966274933174395,1.2311482393422784e-05,0.9961152832298166,1.3492318336059533e-05,0.7969614318056712,1.7892027192818317e-05,-0.8821955165964186,-0.4544315187565982,0,-0.3050941432739415,-0.11949659278316178,0,-1.5268556627239145,-0.38637174984810835,0,normal,normal
N15_M07_F10_KI07_5,KI07,6203_PU_2905,inner_race,N15_M07_F10,0.3333333333333333,0.0,normal,1.0401493507004838,1.51827722552533e-05,0.9466061570108909,1.0821125455037084e-05,1.2374926595331315,3.400157484701878e-05,-0.4516266702296129,-0.3264016089912968,0,-0.5312875360778316,-0.2909735759053911,0,0.3900832118072253,0.16746525061640477,0,normal,normal
N15_M07_F10_KI07_6,KI07,6203_PU_2905,inner_race,N15_M07_F10,0.3333333333333333,0.0,normal,1.2154610357932107,1.7771912340316782e-05,1.096866042063866,1.6284316486018282e-05,1.0695561645338156,2.5554919711900455e-05,0.07431238449943979,-0.21095266882436034,0,0.15520798097418612,0.05973547354913402,0,-0.34067995650976607,-0.12292590402115774,0,normal,normal
N15_M07_F10_KI07_7,KI07,6203_PU_2905,inner_race,N15_M07_F10,0.3333333333333333,0.0,normal,1.2774874219104617,2.8647746896147647e-05,1.1330077802502734,1.6922158082394182e-05,1.047220066348607,3.299260658909379e-05,0.260392957882278,0.2739973654148382,0,0.3203295051566983,0.10068165659471795,0,-0.43787382659577023,0.1327775011197655,0,normal,normal
N15_M07_F10_KI07_8,KI07,6203_PU_2905,inner_race,N15_M07_F10,0.3333333333333333,0.0,normal,1.141436014070639,1.882486423046388e-05,0.9433319370034681,1.0378655526327603e-05,0.9457794360842997,2.223587204831127e-05,-0.1477643694287109,-0.16400187598563512,0,-0.5462465343237397,-0.31937789258220395,0,-0.8792851849090406,-0.23703285735461663,0,normal,normal
N15_M07_F10_KI07_9,KI07,6203_PU_2905,inner_race,N15_M07_F10,0.3333333333333333,0.0,normal,1.1757758665189493,2.1097726586937187e-05,0.9171027123338873,1.1082490087778928e-05,0.8965508236739611,2.279599251697501e-05,-0.04474402867591574,-0.06265566003002558,0,-0.6660805482062151,-0.27419529716863966,0,-1.0934998306117198,-0.21777623718610334,0,normal,normal
N15_M07_F10_KI08_1,KI08,6203_PU_2905,inner_race,N15_M07_F10,0.3333333333333333,0.0,normal,0.9027833917298628,6.8884012686793805e-06,1.2617151552322545,1.3707176943453344e-05,1.26930550704078,2.3299516080924545e-05,-0.863727680922342,-0.6962449964833518,0,0.9083576132942242,-0.10570376409771251,0,0.528514451770696,-0.20046538611150486,0,normal,normal
N15_M07_F10_KI08_10,KI08,6203_PU_2905,inner_race,N15_M07_F10,0.3333333333333333,0.0,normal,0.968244397560307,7.313564798465134e-06,1.0298412421756282,8.925220545561067e-06,1.1037803491631204,1.9329681487180277e-05,-0.6673431700446631,-0.6772870887229475,0,-0.15100964083726362,-0.41268101847656585,0,-0.19175596239592965,-0.33694602051133565,0,normal,normal
N15_M07_F10_KI08_11,KI08,6203_PU_2905,inner_race,N15_M07_F10,0.3333333333333333,0.0,normal,0.974938988218796,8.157433512668393e-06,1.40351000586856,1.77167201870399e-05,1.4789877175934945,3.452537041081213e-05,-0.647259245343002,-0.6396592487861166,0,1.5561787484466012,0.15168849836038809,0,1.4409309966309207,0.1854730414082392,0,normal,normal
N15_M07_F10_KI08_12,KI08,6203_PU_2905,inner_race,N15_M07_F10,0.3333333333333333,0.0,normal,1.011609810942774,1.033107712400357e-05,0.9537097680833496,8.824505291113642e-06,1.0680053718084348,1.9390916256366747e-05,-0.5372459405859092,-0.5427371653975208,0,-0.4988331178250511,-0.41914642504070043,0,-0.347428115719632,-0.3348408042992883,0,normal,normal
N15_M07_F10_KI08_13,KI08,6203_PU_2905,inner_race,N15_M07_F10,0.3333333333333333,0.0,normal,1.0720177634087125,1.0619229924697352e-05,1.186304819756175,1.3516438165704861e-05,0.7811076827997491,1.0457175697096442e-05,-0.3560207050789392,-0.5298885228547147,0,0.5638288175649723,-0.11794822252117611,0,-1.5958420724576488,-0.6419776762017287,0,normal,normal
N15_M07_F10_KI08_14,KI08,6203_PU_2905,inner_race,N15_M07_F10,0.3333333333333333,0.0,normal,1.0260612341717128,8.158471784125283e-06,0.7989661459293216,5.65891106747243e-06,1.3631032713353288,2.0868072783145736e-05,-0.4938913412133837,-0.6396129525891687,0,-1.205813579467752,-0.6223614572144062,0,0.9366684472272176,-0.2840570108887677,0,normal,normal
N15_M07_F10_KI08_15,KI08,6203_PU_2905,inner_race,N15_M07_F10,0.3333333333333333,0.0,normal,0.9244955222193576,7.774027429550427e-06,1.1091566717166799,1.1022308974473137e-05,1.1710802727988945,2.4339954801636035e-05,-0.7985907941269249,-0.6567552051636334,0,0.21136044079690317,-0.2780586182428797,0,0.10109465011548545,-0.16469570017027746,0,normal,normal
N15_M07_F10_KI08_16,KI08,6203_PU_2905,inner_race,N15_M07_F10,0.3333333333333333,0.0,normal,1.011646617557609,8.458553763738353e-06,0.7418528677865677,4.364653257523861e-06,1.2037910168645323,1.9789967411525657e-05,-0.5371355199017209,-0.6262323917190235,0,-1.4667482221058885,-0.7054462191606923,0,0.2434330201732211,-0.3211216546652213,0,normal,normal
N15_M07_F10_KI08_17,KI08,6203_PU_2905,inner_race,N15_M07_F10,0.3333333333333333,0.0,normal,0.9964218511768879,7.248948075702669e-06,0.8805884682725721,6.1749215341292356e-06,1.2456998968373212,1.790562470185393e-05,-0.5828101663721597,-0.6801683280205132,0,-0.8329039478634067,-0.589236212418181,0,0.4257963945526644,-0.3859042752932838,0,normal,normal
N15_M07_F10_KI08_18,KI08,6203_PU_2905,inner_race,N15_M07_F10,0.3333333333333333,0.0,normal,0.8202397552452065,5.6304590171948765e-06,1.1817666909215991,1.0092165555148887e-05,1.0013315427719471,1.5461393024190233e-05,-1.1113604734750826,-0.7523362449109297,0,0.5430953723101563,-0.3377690901260131,0,-0.6375543241457852,-0.46993555722965996,0,normal,normal
N15_M07_F10_KI08_19,KI08,6203_PU_2905,inner_race,N15_M07_F10,0.3333333333333333,0.3333333333333333,normal,1.2699463249890204,1.3838721218539372e-05,1.0167557263544442,1.0469665734760455e-05,1.6543558499463427,3.1416369204722966e-05,0.23776949508009676,-0.3863324210064723,0,-0.2107937139209679,-0.313535500560922,0,2.204032382190521,0.07858736470384042,1,normal,normal
N15_M07_F10_KI08_2,KI08,6203_PU_2905,inner_race,N15_M07_F10,0.3333333333333333,0.0,normal,0.8698882846915312,7.329153683310464e-06,0.9238410065230311,7.335427996539339e-06,1.3520091982007854,2.50200000434649e-05,-0.9624137524856848,-0.6765919852620881,0,-0.6352951609300699,-0.5147376060158741,0,0.8883934130640214,-0.14131613514465996,0,normal,normal
N15_M07_F10_KI08_20,KI08,6203_PU_2905,inner_race,N15_M07_F10,0.3333333333333333,0.0,normal,1.1263895639456158,1.2034866808606577e-05,1.3780046835834099,1.6943925512462316e-05,0.9389557943699708,1.251371077822629e-05,-0.1929040630640601,-0.466765720480529,0,1.439652042709076,0.10207901478061544,0,-0.9089777543451439,-0.5712751806921162,0,normal,normal
N15_M07_F10_KI08_3,KI08,6203_PU_2905,inner_race,N15_M07_F10,0.3333333333333333,0.0,normal,1.1029704026442748,1.0489298325492436e-05,0.7218306426384818,4.255921626483024e-06,1.291001300569959,2.8225020452049005e-05,-0.26316208123814644,-0.5356821319023436,0,-1.5582241859050165,-0.7124262362883604,0,0.6229220837663427,-0.03112937337950675,0,normal,normal
N15_M07_F10_KI08_4,KI08,6203_PU_2905,inner_race,N15_M07_F10,0.3333333333333333,0.0,normal,1.4631369325548793,1.7833677654292303e-05,1.0959073988484935,9.277363536531818e-06,1.0429165751417107,1.8611771629526993e-05,0.8173457251070734,-0.20819857294569832,0,0.150828207426685,-0.3900752313212072,0,-0.4566001485259068,-0.3616273492923413,0,normal,normal
N15_M07_F10_KI08_5,KI08,6203_PU_2905,inner_race,N15_M07_F10,0.3333333333333333,0.0,normal,1.1181525067917135,8.818924134201835e-06,1.2130443851203225,1.2225214254307156e-05,1.2342949276170552,1.6066146515232806e-05,-0.21761542244082474,-0.6101635905067648,0,0.68599443577994,-0.20083822362697884,0,0.37616851919422417,-0.44914447937390595,0,normal,normal
N15_M07_F10_KI08_6,KI08,6203_PU_2905,inner_race,N15_M07_F10,0.3333333333333333,0.0,normal,0.9075183397768287,6.907038196844979e-06,1.0565300601092342,9.508119746554607e-06,0.809311493071345,1.0391246795722704e-05,-0.849522728761308,-0.6954139817317367,0,-0.029075873482266954,-0.3752618574864126,0,-1.4731152896177027,-0.6442442739836494,0,normal,normal
N15_M07_F10_KI08_7,KI08,6203_PU_2905,inner_race,N15_M07_F10,0.3333333333333333,0.0,normal,1.2735558475206197,1.4876616503468613e-05,1.0154079752429614,8.95692475759193e-06,1.1807555912083765,2.2491152595784846e-05,0.2485981450202787,-0.3400529974478187,0,-0.21695121294879297,-0.41064576947978093,0,0.14319607860735423,-0.22825645867945962,0,normal,normal
N15_M07_F10_KI08_8,KI08,6203_PU_2905,inner_race,N15_M07_F10,0.3333333333333333,0.0,normal,1.1906904293270928,1.1357877137135179e-05,1.0498030736346171,8.727843479340406e-06,1.5036022949354706,2.817944034597955e-05,0.0,-0.4969524765105408,0,-0.059809598963729164,-0.42535162122243736,0,1.5480394993139104,-0.032696391260345785,0,normal,normal
N15_M07_F10_KI08_9,KI08,6203_PU_2905,inner_race,N15_M07_F10,0.3333333333333333,0.0,normal,0.7931214403625337,5.331705804955945e-06,1.1457629739204556,1.1072454390907188e-05,1.0647756595927218,1.870580236607903e-05,-1.1927160367833347,-0.7656575564627559,0,0.3786044284379401,-0.2748395378130803,0,-0.36148196822808254,-0.35839462654920023,0,normal,normal
N15_M07_F10_KI14_1,KI14,6203_PU_2905,inner_race,N15_M07_F10,0.0,0.0,normal,1.2006325587471591,7.932679560807211e-06,0.8804330295423801,3.975814621317129e-06,1.2291853503000008,1.6691868048435063e-05,0.029826615073706365,-0.6496809566459553,0,-0.8336141040798541,-0.7304076799117297,0,0.3539345735054891,-0.4276325322656683,0,normal,normal
N15_M07_F10_KI14_10,KI14,6203_PU_2905,inner_race,N15_M07_F10,0.0,0.0,normal,1.3349758984927604,1.1285102527539784e-05,1.2599916386664398,8.780051150962967e-06,1.6245608406886856,2.793326067446751e-05,0.4328596991352364,-0.5001974734102141,0,0.9004833466822169,-0.4220001545090916,0,2.074381615302429,-0.041159907044416674,1,normal,normal
N15_M07_F10_KI14_11,KI14,6203_PU_2905,inner_race,N15_M07_F10,0.0,0.0,normal,1.5872662020379473,1.257904122486034e-05,1.2740450086137183,7.527468786102017e-06,1.4711459674274134,1.8339431261527227e-05,1.1897363653636084,-0.44250115481068114,0,0.964689275396184,-0.5024095650628697,0,1.4068082039851708,-0.37099025480378583,0,normal,normal
N15_M07_F10_KI14_12,KI14,6203_PU_2905,inner_race,N15_M07_F10,0.0,0.0,normal,1.2318054828843186,7.435154054627389e-06,1.4677564589358805,1.0316926320009336e-05,1.5821519775588433,2.0993753770491862e-05,0.12334609864473203,-0.6718654621216683,0,1.849702878334355,-0.3233405933460418,0,1.889842601399516,-0.2797361706925473,0,normal,normal
N15_M07_F10_KI14_13,KI14,6203_PU_2905,inner_race,N15_M07_F10,0.0,0.0,normal,1.153295867085858,6.572523313055915e-06,1.1577605711430194,5.8410686178078685e-06,1.6158757043753698,1.888129263355182e-05,-0.11218453981980286,-0.7103298949441216,0,0.43341810479462095,-0.6106678699012728,0,2.0365888905607967,-0.35236137189586403,1,normal,normal
N15_M07_F10_KI14_14,KI14,6203_PU_2905,inner_race,N15_M07_F10,0.0,0.0,normal,1.2726201437954945,1.0023083762783795e-05,0.9647985668583892,5.498154080858722e-06,1.3904712564973045,1.921509253989479e-05,0.24579101249834498,-0.5564704922794472,0,-0.44817148817005203,-0.6326812372932553,0,1.0557581992641363,-0.3408855227377953,0,normal,normal
N15_M07_F10_KI14_15,KI14,6203_PU_2905,inner_race,N15_M07_F10,0.0,0.0,normal,1.002922973740188,5.001326182722914e-06,1.2102045011153435,7.457343092799696e-06,1.5452295501451088,2.0829451492622934e-05,-0.5633066503697253,-0.7803890796659978,0,0.673019797621003,-0.506911277542065,0,1.7291774044813315,-0.2853847886859077,0,normal,normal
N15_M07_F10_KI14_16,KI14,6203_PU_2905,inner_race,N15_M07_F10,0.0,0.0,normal,1.6883284492055404,1.5209470913862946e-05,1.0326263970913159,5.337207614922639e-06,1.5670821023544306,2.160212521440731e-05,1.4929254124371332,-0.325211124220641,0,-0.13828504462689867,-0.6430131809799053,0,1.8242671602152567,-0.2588207096939548,0,normal,normal
N15_M07_F10_KI14_17,KI14,6203_PU_2905,inner_race,N15_M07_F10,0.0,0.0,normal,1.1983251287374233,7.190729944914536e-06,0.8679449538142648,4.0460463934435885e-06,1.3209967078042908,1.4822744308157186e-05,0.022904272404237133,-0.6827642561190986,0,-0.8906686399656948,-0.7258991577121034,0,0.7534448675460567,-0.4918919334626095,0,normal,normal
N15_M07_F10_KI14_18,KI14,6203_PU_2905,inner_race,N15_M07_F10,0.0,0.0,normal,1.6018521466646036,1.3307661196352034e-05,0.8041739893830112,2.885326920593448e-06,1.1562225712537317,1.138841368008794e-05,1.2334945319981732,-0.4100122199792091,0,-1.182020394858259,-0.800411438300161,0,0.036442466829799854,-0.6099622489352683,0,normal,normal
N15_M07_F10_KI14_19,KI14,6203_PU_2905,inner_race,N15_M07_F10,0.0,0.0,normal,1.185383874241083,7.313009404698306e-06,1.1061492769684642,5.639710491376973e-06,1.4255170850745782,1.9332776780620116e-05,-0.015919786318450348,-0.6773118535559226,0,0.19762049276002058,-0.6235940364438767,0,1.2082575159107474,-0.3368396060997658,0,normal,normal
N15_M07_F10_KI14_2,KI14,6203_PU_2905,inner_race,N15_M07_F10,0.0,0.3333333333333333,normal,1.103644346534373,5.672244317036673e-06,1.0630584004801324,5.368462242705771e-06,1.7563211295112953,2.4668298318678986e-05,-0.2611402341929184,-0.7504730515637938,0,0.0007502933408428216,-0.6410067930028572,0,2.6477267129166453,-0.1534074385440349,1,normal,normal
N15_M07_F10_KI14_20,KI14,6203_PU_2905,inner_race,N15_M07_F10,0.0,0.0,normal,2.1302300747654335,1.71149864641323e-05,1.1037280820161135,5.092427784761805e-06,1.5106262876553107,1.837890288706402e-05,2.818640370383447,-0.24024478654763723,1,0.18655872813726887,-0.6587267998291308,0,1.5786038812501104,-0.3696332429770102,0,outer_race,normal
N15_M07_F10_KI14_3,KI14,6203_PU_2905,inner_race,N15_M07_F10,0.0,0.0,normal,1.8305353741282901,1.659557713138775e-05,1.529929254195027,1.2124548426720732e-05,1.8000555962235827,2.5058325061554042e-05,1.9195494314250108,-0.26340508495099824,0,2.1337530439054877,-0.20730045723828408,1,2.838033992221572,-0.13999854302371026,1,inner_race,normal
N15_M07_F10_KI14_4,KI14,6203_PU_2905,inner_race,N15_M07_F10,0.0,0.0,normal,1.4984694515898178,1.1248402231194488e-05,1.1811740518166027,8.630526243489302e-06,1.5956673173507323,2.407489317849643e-05,0.9233440882658264,-0.5018339280544877,0,0.5403877694881102,-0.431598892293014,0,1.948653597349156,-0.17380836661188406,0,normal,normal
N15_M07_F10_KI14_5,KI14,6203_PU_2905,inner_race,N15_M07_F10,0.0,0.0,normal,1.453987306586057,1.0379868763938842e-05,1.0555590111352258,5.4765238632243475e-06,1.4604779096122447,1.7232627373700944e-05,0.7898966384667756,-0.5405615615543646,0,-0.033512325481812585,-0.6340697871394948,0,1.360386943800877,-0.40904153709266733,0,normal,normal
N15_M07_F10_KI14_6,KI14,6203_PU_2905,inner_race,N15_M07_F10,0.0,0.0,normal,1.4332298737295905,9.353726172235528e-06,0.771332867119955,2.973991149496521e-06,1.4124319721486982,1.4784433729944553e-05,0.7276238663503173,-0.5863169362271091,0,-1.3320623252150992,-0.7947196462206095,0,1.1513186201719705,-0.49320902914889425,0,normal,normal
N15_M07_F10_KI14_7,KI14,6203_PU_2905,inner_race,N15_M07_F10,0.0,0.0,normal,1.272927947957036,7.418621093118139e-06,0.8271735516556562,2.8688878189087705e-06,1.5466840441173582,2.027858754479096e-05,0.24671443200502038,-0.672602661663352,0,-1.0769418079236095,-0.8014667449319491,0,1.7355065268288192,-0.30432317498204636,0,normal,normal
N15_M07_F10_KI14_8,KI14,6203_PU_2905,inner_race,N15_M07_F10,0.0,0.0,normal,1.3347251949892909,9.770464866582133e-06,1.06503489078027,6.569460149634295e-06,1.3480082918021257,1.87128271218128e-05,0.4321075829054352,-0.5677346892230082,0,0.00978032640697273,-0.5639088420164851,0,0.8709837664232708,-0.35815311947972195,0,normal,normal
N15_M07_F10_KI14_9,KI14,6203_PU_2905,inner_race,N15_M07_F10,0.0,0.0,normal,1.3064913646306924,9.884238774849167e-06,0.9981921156040418,5.503636438526369e-06,1.372280414576366,1.8822514656004368e-05,0.34740544772073517,-0.5626615465205895,0,-0.2956056752502143,-0.6323292978433099,0,0.9766021035235847,-0.35438212502171385,0,normal,normal
N15_M07_F10_KI16_1,KI16,6203_PU_2855,inner_race,N15_M07_F10,0.6666666666666666,1.0,inner_race,5.137283159208765,9.032599572943395e-05,12.108170760626583,0.0005683254393979107,3.1859369751368227,3.904143972424022e-05,5.0,3.0242110368318857,1,5.0,5.0,1,5.0,0.34073291189794136,1,outer_race,normal
N15_M07_F10_KI16_10,KI16,6203_PU_2855,inner_race,N15_M07_F10,0.3333333333333333,1.0,inner_race,4.332042817180546,6.49001221856096e-05,12.535292020234468,0.0005163288389565158,2.825126634221195,3.148164464559101e-05,5.0,1.8904793510157836,1,5.0,5.0,1,5.0,0.08083149688870224,1,outer_race,normal
N15_M07_F10_KI16_11,KI16,6203_PU_2855,inner_race,N15_M07_F10,0.6666666666666666,1.0,inner_race,4.845528207392134,7.943519607396505e-05,12.484895875925861,0.0005820812503414616,3.6155640355834215,4.8731788723614243e-05,5.0,2.538593713517573,1,5.0,5.0,1,5.0,0.6738815476306291,1,outer_race,normal
N15_M07_F10_KI16_12,KI16,6203_PU_2855,inner_race,N15_M07_F10,0.0,1.0,inner_race,5.222562130588867,9.679730962921098e-05,12.472585673448457,0.000589460982284902,3.4862978172479413,5.042168854261893e-05,5.0,3.312764883542156,1,5.0,5.0,1,5.0,0.7319793332999269,1,outer_race,normal
N15_M07_F10_KI16_13,KI16,6203_PU_2855,inner_race,N15_M07_F10,0.6666666666666666,1.0,inner_race,5.505527247075305,8.850172590107517e-05,12.45328409899212,0.0005608211313823566,3.7310202574363305,4.590860394312922e-05,5.0,2.942867420286172,1,5.0,5.0,1,5.0,0.5768220755620141,1,outer_race,normal
N15_M07_F10_KI16_14,KI16,6203_PU_2855,inner_race,N15_M07_F10,0.6666666666666666,1.0,inner_race,5.533257689844277,0.00010195682977068368,12.381952248137853,0.0005804081791723578,3.813972798908783,5.525659130096632e-05,5.0,3.5428262601124314,1,5.0,5.0,1,5.0,0.8982005145956362,1,outer_race,inner_race
N15_M07_F10_KI16_15,KI16,6203_PU_2855,inner_race,N15_M07_F10,1.0,1.0,normal,5.526827221280739,7.941844986209891e-05,13.785961676060754,0.0005907193636492577,3.509691376793362,3.839411521528147e-05,5.0,2.5378470052097026,1,5.0,5.0,1,5.0,0.31847826688465314,1,outer_race,inner_race
N15_M07_F10_KI16_16,KI16,6203_PU_2855,inner_race,N15_M07_F10,0.6666666666666666,1.0,inner_race,5.3198130344008465,9.032936221305356e-05,13.384296575731847,0.0006142358693479878,2.8814547453792083,3.693078581636941e-05,5.0,3.0243611472752012,1,5.0,5.0,1,5.0,0.2681698421925622,1,outer_race,normal
N15_M07_F10_KI16_17,KI16,6203_PU_2855,inner_race,N15_M07_F10,0.0,1.0,inner_race,4.709216387893957,7.729668868017722e-05,11.532780614864725,0.0005605120226388506,3.0978297652318734,4.2796053843574654e-05,5.0,2.443238342992726,1,5.0,5.0,1,5.0,0.4698143899375615,1,outer_race,normal
N15_M07_F10_KI16_18,KI16,6203_PU_2855,inner_race,N15_M07_F10,1.0,1.0,normal,5.309884285370322,8.881459694064669e-05,12.516033310314988,0.0005640427863833308,3.1949845083943935,4.034787793672984e-05,5.0,2.956818241308116,1,5.0,5.0,1,5.0,0.3856475076661724,1,outer_race,inner_race
N15_M07_F10_KI16_19,KI16,6203_PU_2855,inner_race,N15_M07_F10,0.6666666666666666,1.0,inner_race,5.576630013579529,9.80735351249954e-05,12.567796421408152,0.0005964209698787517,2.8693988112329127,3.676630620958704e-05,5.0,3.3696713760692765,1,5.0,5.0,1,5.0,0.26251512773295554,1,outer_race,normal
N15_M07_F10_KI16_2,KI16,6203_PU_2855,inner_race,N15_M07_F10,0.6666666666666666,1.0,inner_race,5.104135297711365,8.222205691404828e-05,11.286539011539842,0.000531796930769581,3.2915894891300153,4.0547731230795956e-05,5.0,2.6628589598194,1,5.0,5.0,1,5.0,0.3925183491878877,1,outer_race,inner_race
N15_M07_F10_KI16_20,KI16,6203_PU_2855,inner_race,N15_M07_F10,0.6666666666666666,1.0,inner_race,5.522953967652473,9.565229248547152e-05,12.459916185936633,0.000629503803395709,3.6111445527094754,4.6981442244164794e-05,5.0,3.2617089300693047,1,5.0,5.0,1,5.0,0.6137056404754002,1,outer_race,normal
N15_M07_F10_KI16_3,KI16,6203_PU_2855,inner_race,N15_M07_F10,0.6666666666666666,1.0,inner_race,5.014586554660023,7.550537386159765e-05,11.46755804317081,0.0005041160379496878,3.8047845077283413,5.317105025894321e-05,5.0,2.3633641799440053,1,5.0,5.0,1,5.0,0.826500810801747,1,outer_race,normal
N15_M07_F10_KI16_4,KI16,6203_PU_2855,inner_race,N15_M07_F10,0.3333333333333333,1.0,inner_race,4.601930411736324,8.613438707283604e-05,11.699654968367364,0.0005406847571422539,2.9812734441772766,4.234947830051675e-05,5.0,2.837308528238219,1,5.0,5.0,1,5.0,0.45446137912949514,1,outer_race,normal
N15_M07_F10_KI16_5,KI16,6203_PU_2855,inner_race,N15_M07_F10,0.6666666666666666,1.0,inner_race,5.531687992812607,8.023404419446421e-05,12.115618489202673,0.0005408710840316108,3.6917122763454673,4.179123552070637e-05,5.0,2.574214099373874,1,5.0,5.0,1,5.0,0.43526931282584963,1,outer_race,inner_race
N15_M07_F10_KI16_6,KI16,6203_PU_2855,inner_race,N15_M07_F10,0.0,1.0,inner_race,4.986588824828493,7.702597560606912e-05,12.744638075985987,0.0005348837701472019,3.168356928329039,3.909738874618004e-05,5.0,2.431167332360504,1,5.0,5.0,1,5.0,0.3426564071539978,1,outer_race,inner_race
N15_M07_F10_KI16_7,KI16,6203_PU_2855,inner_race,N15_M07_F10,0.6666666666666666,1.0,inner_race,5.562172763156324,8.108740745967378e-05,11.531018428322097,0.0005132743386513547,4.30964467726152,5.481539959375801e-05,5.0,2.6122652983469203,1,5.0,5.0,1,5.0,0.8830325969734205,1,outer_race,normal
N15_M07_F10_KI16_8,KI16,6203_PU_2855,inner_race,N15_M07_F10,1.0,1.0,normal,5.048474218859834,8.199368975238505e-05,12.545919915048113,0.0005478234755137803,3.332488038594691,4.65497856797646e-05,5.0,2.652676140073552,1,5.0,5.0,1,5.0,0.5988655355891599,1,outer_race,normal
N15_M07_F10_KI16_9,KI16,6203_PU_2855,inner_race,N15_M07_F10,0.6666666666666666,1.0,inner_race,5.304543901941189,7.999473251007634e-05,11.888922837317605,0.0005634509404237,3.501605200316699,4.215480189283946e-05,5.0,2.5635432668099933,1,5.0,5.0,1,5.0,0.4477685159899715,1,outer_race,normal
N15_M07_F10_KI17_1,KI17,6203_PU_2905,inner_race,N15_M07_F10,0.0,0.0,normal,0.9321426277836784,2.6619645337139464e-06,1.4495755023087677,2.328380798719767e-05,1.4820245282627105,8.66670412779524e-06,-0.7756493029776905,-0.8847004781118799,0,1.7666391569969553,0.509067191426619,0,1.454145452406148,-0.7035330609117525,0,normal,normal
N15_M07_F10_KI17_10,KI17,6203_PU_2905,inner_race,N15_M07_F10,0.0,0.0,normal,0.9514303343514294,4.060604868440468e-06,0.9568017711654786,1.635389363818216e-05,1.1400233342954416,6.696684659707073e-06,-0.7177857432567923,-0.8223355465075912,0,-0.4847066179023058,0.06420197248002797,0,-0.03404730803424061,-0.7712611993103596,0,normal,normal
N15_M07_F10_KI17_11,KI17,6203_PU_2905,inner_race,N15_M07_F10,0.0,0.0,normal,1.0593402229553395,4.915383180087434e-06,1.276409902734614,2.528683716204801e-05,1.5699884483393962,1.1397221307974165e-05,-0.39405361565651786,-0.7842212510599944,0,0.9754938172186756,0.6376514664332495,0,1.8369139086198099,-0.6096594477446687,0,normal,normal
N15_M07_F10_KI17_12,KI17,6203_PU_2905,inner_race,N15_M07_F10,0.0,0.0,normal,1.1279780036239622,5.926619681802741e-06,1.2760386996256343,2.2118698735449252e-05,0.9567950293651628,4.661734999005035e-06,-0.1881387077913542,-0.7391305342406724,0,0.9737978937182646,0.43427310938296526,0,-0.8313516499924779,-0.8412216004570442,0,normal,normal
N15_M07_F10_KI17_13,KI17,6203_PU_2905,inner_race,N15_M07_F10,0.0,0.0,normal,1.0292194251276905,3.7887052188237822e-06,1.4122191650590687,3.016068204022727e-05,1.6241172321139081,1.3104721459088097e-05,-0.48441669629646217,-0.8344594661676733,0,1.5959684683673163,0.9505274934148763,0,2.072451285581076,-0.5509565727611452,1,normal,normal
N15_M07_F10_KI17_14,KI17,6203_PU_2905,inner_race,N15_M07_F10,0.0,0.0,normal,1.0898726703997852,4.6395280855955585e-06,1.2158342218715277,2.4364601727616582e-05,1.3677544464578808,1.1094878457244967e-05,-0.30245557677506707,-0.7965215427601078,0,0.6987404219913236,0.5784486469183264,0,0.9569076898585891,-0.6200538213890514,0,normal,normal
N15_M07_F10_KI17_15,KI17,6203_PU_2905,inner_race,N15_M07_F10,0.0,0.0,normal,1.093880105624035,4.749857160894806e-06,1.090351654339627,1.8218754417629656e-05,1.3621416398518347,8.014395934757926e-06,-0.2904331796792028,-0.7916020040737397,0,0.12544555990317205,0.18391653995829382,0,0.9324839793446742,-0.7259590421227154,0,normal,normal
N15_M07_F10_KI17_16,KI17,6203_PU_2905,inner_race,N15_M07_F10,0.0,0.0,normal,1.19160997113089,6.173032568203081e-06,1.0960746405580137,1.4947869921301484e-05,1.0052961204723072,6.266195135027704e-06,0.0027586463892420275,-0.7281430613177088,0,0.15159228816459625,-0.02605759165774268,0,-0.6203027591338691,-0.7860611820409515,0,normal,normal
N15_M07_F10_KI17_17,KI17,6203_PU_2905,inner_race,N15_M07_F10,0.0,0.0,normal,0.9955008846618218,4.371947196062678e-06,1.2096241244766788,1.6827120437749363e-05,1.365621949476296,9.790502457440966e-06,-0.5855730869277104,-0.8084528902695415,0,0.6703682185884182,0.09458072367350631,0,0.9476282878400125,-0.66489751946899,0,normal,normal
N15_M07_F10_KI17_18,KI17,6203_PU_2905,inner_race,N15_M07_F10,0.0,0.0,normal,0.8301187972023836,2.38078142379214e-06,1.2950739686395667,2.265095147071816e-05,1.077796281369174,5.366448818585782e-06,-1.0817231222292818,-0.8972383443403578,0,1.0607647301386218,0.46844102512985514,0,-0.3048237009297437,-0.816993943889622,0,normal,normal
N15_M07_F10_KI17_19,KI17,6203_PU_2905,inner_race,N15_M07_F10,0.0,0.0,normal,1.178518748290092,5.030343371109262e-06,1.1036421510301386,1.8371105488819066e-05,1.268752084670745,7.353651720808076e-06,-0.036515320788102296,-0.7790952123835151,0,0.18616613342293903,0.1936967030639249,0,0.5261062754862863,-0.7486750488898483,0,normal,normal
N15_M07_F10_KI17_2,KI17,6203_PU_2905,inner_race,N15_M07_F10,0.0,0.0,normal,1.0668552155315933,3.6939223591561673e-06,1.4345024662164279,2.6612502010858737e-05,1.1547060269288918,4.961050623930844e-06,-0.3715084664854271,-0.8386858039999692,0,1.6977746579850832,0.7227524003718869,0,0.029843336987786045,-0.8309313010979652,0,normal,normal
N15_M07_F10_KI17_20,KI17,6203_PU_2905,inner_race,N15_M07_F10,0.0,0.0,normal,1.195619377425183,5.2664033323099005e-06,1.1040488861150493,2.200655213165639e-05,1.05255715376579,4.8693947243622305e-06,0.014786956740202603,-0.7685693731314478,0,0.18802439261381007,0.4270738683912616,0,-0.4146498876265708,-0.8340823783089211,0,normal,normal
N15_M07_F10_KI17_3,KI17,6203_PU_2905,inner_race,N15_M07_F10,0.0,0.0,normal,0.7985853314194538,2.250695104977654e-06,1.1394791084335452,1.8593768174098922e-05,1.105474794626179,6.936918679004541e-06,-1.1763242389627897,-0.9030388522866022,0,0.3498951991915514,0.20799051381677078,0,-0.18438270898171472,-0.7630020916362499,0,normal,normal
N15_M07_F10_KI17_4,KI17,6203_PU_2905,inner_race,N15_M07_F10,0.0,0.0,normal,0.7603183475352873,2.303122091993799e-06,0.9249356759951916,1.2968849842012082e-05,1.3072157950547394,7.366223210358838e-06,-1.291126063614268,-0.9007011494631525,0,-0.6302939213442225,-0.15310060496682523,0,0.6934782506221818,-0.7482428482959137,0,normal,normal
N15_M07_F10_KI17_5,KI17,6203_PU_2905,inner_race,N15_M07_F10,0.0,0.0,normal,1.2077361292636428,5.9047220608071025e-06,1.2640497615101691,2.182072666061186e-05,1.249606924253277,7.095978524914141e-06,0.05113748867956161,-0.7401069422576461,0,0.9190237784074533,0.4151448192430823,0,0.44279753378209075,-0.7575337054441676,0,normal,normal
N15_M07_F10_KI17_6,KI17,6203_PU_2905,inner_race,N15_M07_F10,0.0,0.0,normal,0.5193551924191101,1.1948342414905216e-06,1.3513342007086924,2.218385649597292e-05,1.3020513729302368,8.643102270753791e-06,-2.014021026145148,-0.9501193553295061,0,1.3178020431256798,0.4384559058709983,0,0.671005651832721,-0.7043444792078969,0,normal,normal
N15_M07_F10_KI17_7,KI17,6203_PU_2905,inner_race,N15_M07_F10,0.0,0.0,normal,1.0453592990958165,4.279140774758528e-06,1.0116097704963576,1.5143089526615432e-05,1.3745819286815555,7.835495873310058e-06,-0.4359967061871184,-0.8125910993382824,0,-0.23430415136259497,-0.013525486917805368,0,0.9866169709854864,-0.7321095235354799,0,normal,normal
N15_M07_F10_KI17_8,KI17,6203_PU_2905,inner_race,N15_M07_F10,0.0,0.0,normal,1.2375650262877318,5.840543306631894e-06,1.6083748784715342,3.188836829094159e-05,1.6264973395379847,1.0083636269816416e-05,0.14062486024958396,-0.7429686526739755,0,2.4921492278183335,1.0614361545448987,1,2.08280814602502,-0.6548197472766457,1,inner_race,normal
N15_M07_F10_KI17_9,KI17,6203_PU_2905,inner_race,N15_M07_F10,0.0,0.0,normal,0.9121602272668962,2.9258702351938345e-06,1.2410577905956806,1.7979807972596165e-05,1.1053589458458835,4.632416296856684e-06,-0.8355969603939947,-0.8729330060791265,0,0.813979874271482,0.16857739473474073,0,-0.18488681633333426,-0.8422295606061376,0,normal,normal
N15_M07_F10_KI18_1,KI18,6203_PU_2905,inner_race,N15_M07_F10,0.3333333333333333,1.0,inner_race,1.3587162288613854,4.187513469667519e-06,4.655441863418711,6.133740228019052e-05,1.1731786273419473,6.03075335976702e-06,0.5040812318381244,-0.8166767319867955,0,5.0,2.951914202841987,1,0.11022548385201127,-0.7941555351161242,0,inner_race,inner_race
N15_M07_F10_KI18_10,KI18,6203_PU_2905,inner_race,N15_M07_F10,0.0,1.0,inner_race,1.1248947732815813,3.6978610449249497e-06,5.010054785104069,6.719583022897046e-05,0.9635066450681793,4.164694824543915e-06,-0.19738846915738087,-0.8385101792432093,0,5.0,3.3279954501501976,1,-0.8021465534130692,-0.8583095563229016,0,inner_race,inner_race
N15_M07_F10_KI18_11,KI18,6203_PU_2905,inner_race,N15_M07_F10,0.0,1.0,inner_race,0.9022166615620922,1.7778861268130979e-06,5.048239221065755,6.322904435199408e-05,0.793332218921828,2.5652453740677784e-06,-0.8654278843546803,-0.9241212555699965,0,5.0,3.073347992937968,1,-1.5426479126783088,-0.913297710246351,0,inner_race,inner_race
N15_M07_F10_KI18_12,KI18,6203_PU_2905,inner_race,N15_M07_F10,0.0,1.0,inner_race,1.626119577821068,5.707288939342184e-06,5.305674196889572,6.997544716216552e-05,2.025111791569719,1.3005043755795516e-05,1.3062973790895263,-0.7489104229030034,0,5.0,3.5064327054027307,1,3.817349288525572,-0.5543834349791144,1,inner_race,inner_race
N15_M07_F10_KI18_13,KI18,6203_PU_2905,inner_race,N15_M07_F10,0.0,1.0,inner_race,1.1814057202897241,2.7443942508754285e-06,4.728354452436286,5.783012244381029e-05,1.5216313961744445,6.629308893684304e-06,-0.02785433892763691,-0.881024963009606,0,5.0,2.7267646939537697,1,1.6264917925057747,-0.773577539468323,0,inner_race,inner_race
N15_M07_F10_KI18_14,KI18,6203_PU_2905,inner_race,N15_M07_F10,0.3333333333333333,1.0,inner_race,1.056599339990948,1.9927950613291045e-06,5.331768434395166,6.238307126765942e-05,1.7466010238284544,7.904978685672576e-06,-0.4022763270784781,-0.9145385339299388,0,5.0,3.019040828024894,1,2.6054303959356475,-0.7297207443339323,1,inner_race,inner_race
N15_M07_F10_KI18_15,KI18,6203_PU_2905,inner_race,N15_M07_F10,0.3333333333333333,1.0,inner_race,1.378597684678267,3.698180962195117e-06,5.301157310412102,6.077502182851237e-05,1.7103996558107761,9.463239020466711e-06,0.5637260528518375,-0.8384959142329865,0,5.0,2.9158122410908116,1,2.447902835353204,-0.6761486485625042,1,inner_race,inner_race
N15_M07_F10_KI18_16,KI18,6203_PU_2905,inner_race,N15_M07_F10,0.0,1.0,inner_race,1.3100409610290533,3.5828532514660536e-06,5.84821988289732,7.147241073405183e-05,1.7290263697136203,1.04858642323239e-05,0.35805431789408476,-0.8436383404973509,0,5.0,3.6025301452299456,1,2.5289555956066083,-0.6409913808296205,1,inner_race,inner_race
N15_M07_F10_KI18_17,KI18,6203_PU_2905,inner_race,N15_M07_F10,0.0,1.0,inner_race,1.2666902727456357,3.762743060861015e-06,5.244948615009345,6.329451656973463e-05,2.1125434587315484,1.4051740989216388e-05,0.22800126406840832,-0.8356171106066664,0,5.0,3.077550975978329,1,4.197801685764632,-0.5183985849637158,1,inner_race,inner_race
N15_M07_F10_KI18_18,KI18,6203_PU_2905,inner_race,N15_M07_F10,0.0,1.0,inner_race,0.9945125533833956,2.162211736845525e-06,5.689314306945731,6.727052524539043e-05,2.2165028079813354,1.3646283090761351e-05,-0.5885381033101592,-0.9069842977772445,0,5.0,3.3327904899097596,1,4.650173062422556,-0.5323379947544328,1,inner_race,inner_race
N15_M07_F10_KI18_19,KI18,6203_PU_2905,inner_race,N15_M07_F10,0.0,1.0,inner_race,1.6324476048705814,5.375555092675356e-06,4.949112886754677,6.1013567525922206e-05,1.2731873667717049,5.539359333391531e-06,1.3252816046017082,-0.7637023305468291,0,5.0,2.9311256603572513,1,0.5454060756904664,-0.8110493796520394,0,inner_race,inner_race
N15_M07_F10_KI18_2,KI18,6203_PU_2905,inner_race,N15_M07_F10,0.0,1.0,inner_race,1.2755338440766961,4.595386073196021e-06,4.03673936106202,4.818999486452646e-05,0.9936735705541908,5.2288223393773875e-06,0.25453217981328136,-0.79848982117724,0,5.0,2.107917584127597,1,-0.6708774207172238,-0.8217254632386084,0,inner_race,inner_race
N15_M07_F10_KI18_20,KI18,6203_PU_2905,inner_race,N15_M07_F10,0.3333333333333333,1.0,inner_race,1.3579719160867725,4.472644039935021e-06,5.2544666064100705,6.959119697792268e-05,1.1992274629978084,6.1474917743080515e-06,0.5018482765340005,-0.8039628497459395,0,5.0,3.481765799906598,1,0.22357505492006985,-0.7901421354393475,0,inner_race,inner_race
N15_M07_F10_KI18_3,KI18,6203_PU_2905,inner_race,N15_M07_F10,0.3333333333333333,1.0,inner_race,1.2083263878290922,3.3740453313950913e-06,4.396741095402928,5.8784172122517944e-05,1.520251222935302,1.0384319612589696e-05,0.05290827784169855,-0.8529490198266481,0,5.0,2.7880098259754225,1,1.6204860713010645,-0.644482426563126,0,inner_race,inner_race
N15_M07_F10_KI18_4,KI18,6203_PU_2905,inner_race,N15_M07_F10,0.3333333333333333,1.0,inner_race,1.1281615317626335,3.402285436609933e-06,4.968356711822045,6.468278182861383e-05,1.2609590831971806,7.527679164943695e-06,-0.18758811918844445,-0.8516898024378073,0,5.0,3.1666705375260094,1,0.49219560915051425,-0.742692085263092,0,inner_race,inner_race
N15_M07_F10_KI18_5,KI18,6203_PU_2905,inner_race,N15_M07_F10,0.3333333333333333,1.0,inner_race,1.2571829737331994,4.380284440966824e-06,4.506337085882616,4.954343094751889e-05,1.7521810259894703,1.2050898591677599e-05,0.19947915013754036,-0.8080811351475808,0,5.0,2.1948012899090656,1,2.629711360346726,-0.587186397982548,1,inner_race,inner_race
N15_M07_F10_KI18_6,KI18,6203_PU_2905,inner_race,N15_M07_F10,0.0,1.0,inner_race,1.2286705452996278,3.3722095704331823e-06,4.838671417873258,5.7218136104806374e-05,1.3513967916199856,5.980419500153964e-06,0.11394121437215919,-0.8530308758292161,0,5.0,2.6874782867946423,1,0.8857285713732072,-0.7958859843148407,0,inner_race,inner_race
N15_M07_F10_KI18_7,KI18,6203_PU_2905,inner_race,N15_M07_F10,0.0,1.0,inner_race,0.9454185089318367,1.993230679070371e-06,5.177059971861507,6.30359552848563e-05,1.3992440908241717,6.793862088348733e-06,-0.7358213566655866,-0.9145191098721841,0,5.0,3.0609526579017357,1,1.0939325353895129,-0.7679202950995752,0,inner_race,inner_race
N15_M07_F10_KI18_8,KI18,6203_PU_2905,inner_race,N15_M07_F10,0.0,1.0,inner_race,1.223163665846604,3.2997298317172068e-06,4.957133334180802,6.475387056929413e-05,1.5649503678641548,9.39641244226603e-06,0.09742045038259264,-0.8562627245293342,0,5.0,3.1712340727437094,1,1.8149910761209036,-0.6784461079584122,0,inner_race,inner_race
N15_M07_F10_KI18_9,KI18,6203_PU_2905,inner_race,N15_M07_F10,0.0,1.0,inner_race,1.5330696456391937,6.829331605745736e-06,4.625359697859565,6.0081167445214286e-05,1.6538389631503831,1.122510466706425e-05,1.0271454597610883,-0.6988788941318602,0,5.0,2.871270322302622,1,2.201783187739499,-0.6155767190534456,1,inner_race,inner_race
N15_M07_F10_KI21_1,KI21,6203_PU_2855,inner_race,N15_M07_F10,0.3333333333333333,0.0,normal,1.2069529796986913,6.720148794076652e-06,0.9949462209684943,5.844457612798469e-06,1.1038636925969971,6.046437093490544e-06,0.04878802211842389,-0.7037473212843187,0,-0.31043526277013644,-0.6104503136772602,0,-0.1913932996417831,-0.7936163373541525,0,normal,normal
N15_M07_F10_KI21_10,KI21,6203_PU_2855,inner_race,N15_M07_F10,0.3333333333333333,0.0,normal,1.1862231142914836,1.0073789154859781e-05,0.899445417064317,5.276832036907606e-06,1.0064611826766667,5.819119272906508e-06,-0.013402047021351893,-0.5542095548316467,0,-0.7467518068162574,-0.646888985698401,0,-0.6152330775989079,-0.8014313935311996,0,normal,normal
N15_M07_F10_KI21_11,KI21,6203_PU_2855,inner_race,N15_M07_F10,0.0,0.0,normal,1.3000520753797107,6.598847565327222e-06,1.142879200071603,5.741305598900656e-06,1.4682356542931672,9.8372150907343e-06,0.32808743306588223,-0.7091561048340608,0,0.3654292698203813,-0.6170721477918407,0,1.3941441928255653,-0.6632915659523353,0,normal,normal
N15_M07_F10_KI21_12,KI21,6203_PU_2855,inner_race,N15_M07_F10,0.0,0.0,normal,0.9099654950662692,5.464382694227813e-06,1.1775210129420768,8.809179364272183e-06,1.223410512788786,8.110746233236132e-06,-0.8421812070651199,-0.7597415357964938,0,0.5236980534664676,-0.4201302715150589,0,0.3288057975581984,-0.7226465741721262,0,normal,normal
N15_M07_F10_KI21_13,KI21,6203_PU_2855,inner_race,N15_M07_F10,0.0,0.0,normal,0.7495591661559524,3.4705673000604157e-06,1.2173066217378528,7.243766260497061e-06,1.0798224707594861,7.681614010433357e-06,-1.323403853205491,-0.8486451356723981,0,0.7054674064235543,-0.52062182279256,0,-0.29600688848834533,-0.737399893643377,0,normal,normal
N15_M07_F10_KI21_14,KI21,6203_PU_2855,inner_race,N15_M07_F10,0.3333333333333333,0.0,normal,1.410125870050921,1.1010826841389007e-05,1.0478465990894954,7.910996372270003e-06,1.1550683905347834,9.776927344390535e-06,0.6583113282340537,-0.5124273397903062,0,-0.06874818562628995,-0.47778904668418043,0,0.03142013526933401,-0.6653642240627007,0,normal,normal
N15_M07_F10_KI21_15,KI21,6203_PU_2855,inner_race,N15_M07_F10,0.3333333333333333,0.0,normal,1.0365746885123925,6.550155526615385e-06,0.711353099355508,3.286013710974515e-06,1.4408976081342177,1.3472112812095273e-05,-0.46235073834398854,-0.7113272674900631,0,-1.6060931596563552,-0.7746893863736168,0,1.27518471813371,-0.5383258689503502,0,normal,normal
N15_M07_F10_KI21_16,KI21,6203_PU_2855,inner_race,N15_M07_F10,0.3333333333333333,0.0,normal,0.8941234233397019,4.799540116901484e-06,1.0002192609295217,4.838115506929649e-06,1.0153511097129415,5.941713210457157e-06,-0.8897077836559142,-0.7893866567279467,0,-0.2863442134977024,-0.675052353286322,0,-0.576549221256893,-0.7972166843347883,0,normal,normal
N15_M07_F10_KI21_17,KI21,6203_PU_2855,inner_race,N15_M07_F10,0.3333333333333333,0.0,normal,0.8812083936752962,4.915009716643755e-06,1.2894509024308645,9.59826766616e-06,1.1548894915790402,1.0193520959509544e-05,-0.9284531672845207,-0.7842379036772137,0,1.0350745085402238,-0.369474820017684,0,0.030641669768383617,-0.6510419747256736,0,normal,normal
N15_M07_F10_KI21_18,KI21,6203_PU_2855,inner_race,N15_M07_F10,0.3333333333333333,0.0,normal,1.1951858680055285,7.767559902898891e-06,1.2090610852550732,7.559267199344252e-06,1.288770735287879,1.050525417589913e-05,0.01348641859142673,-0.6570435901381385,0,0.6677958493800933,-0.5003682688279212,0,0.6132159448316382,-0.6403247657005433,0,normal,normal
N15_M07_F10_KI21_19,KI21,6203_PU_2855,inner_race,N15_M07_F10,0.3333333333333333,0.0,normal,0.9065354193785436,6.916190089259186e-06,1.2456194568846013,1.0550934675514509e-05,1.6713396919324848,1.9239836961444385e-05,-0.8524715123798928,-0.69500590173412,0,0.8348208555921276,-0.3083184483289206,0,2.2779363074810837,-0.34003482372976424,1,normal,normal
N15_M07_F10_KI21_2,KI21,6203_PU_2855,inner_race,N15_M07_F10,0.0,0.0,normal,1.2466560741665889,1.0323793218887275e-05,1.261738855332696,8.98015552737272e-06,1.360022636055889,1.0883309961093012e-05,0.16789821128362178,-0.5430619524304064,0,0.9084658924447175,-0.40915447233462987,0,0.9232632919198988,-0.6273274248332198,0,normal,normal
N15_M07_F10_KI21_20,KI21,6203_PU_2855,inner_race,N15_M07_F10,0.3333333333333333,0.0,normal,1.241796002927402,9.771698903300571e-06,1.3073190469622515,9.381927727413531e-06,0.9338902889766232,6.76491698872171e-06,0.153317886691443,-0.567679663914763,0,1.116709078635297,-0.3833627426340743,0,-0.9310199243355595,-0.7689154110084565,0,normal,normal
N15_M07_F10_KI21_3,KI21,6203_PU_2855,inner_race,N15_M07_F10,0.3333333333333333,0.0,normal,0.9697539180350243,5.919247956970313e-06,0.9410050799993,5.2637722175045214e-06,0.9361439052084679,5.353318642364957e-06,-0.6628145741832575,-0.7394592371270152,0,-0.5568772951659915,-0.6477273596126445,0,-0.9212134809072853,-0.8174453518105523,0,normal,normal
N15_M07_F10_KI21_4,KI21,6203_PU_2855,inner_race,N15_M07_F10,0.0,0.0,normal,1.1795652619981378,8.547546175253082e-06,1.0878539594335097,7.151842523423374e-06,0.9539628788906362,5.043715472738078e-06,-0.033375755789457395,-0.6222642481444267,0,0.11403428832254583,-0.5265228587015368,0,-0.8436755421513795,-0.8280893310507607,0,normal,normal
N15_M07_F10_KI21_5,KI21,6203_PU_2855,inner_race,N15_M07_F10,0.0,0.3333333333333333,normal,1.0533208790668322,4.5475282415611936e-06,0.9645907734360024,4.2422176027832725e-06,1.482904002823207,9.410008177977275e-06,-0.4121117846435772,-0.8006237868026623,0,-0.4491208383768029,-0.7133059648386137,0,1.4579724205483928,-0.6779786943694615,0,normal,normal
N15_M07_F10_KI21_6,KI21,6203_PU_2855,inner_race,N15_M07_F10,0.3333333333333333,0.0,normal,1.1368746705598458,5.101197010275001e-06,1.3029100584673494,1.0072615222231493e-05,0.9156476867483362,5.118193345734833e-06,-0.16144850402072156,-0.7759358709497144,0,1.0965656395835692,-0.33902412196273574,0,-1.0104012512040519,-0.8255288245320849,0,normal,normal
N15_M07_F10_KI21_7,KI21,6203_PU_2855,inner_race,N15_M07_F10,0.3333333333333333,0.0,normal,1.2098152177954198,8.955089212735111e-06,1.2200320806427258,9.915191661808583e-06,1.346380560661371,9.292520322388745e-06,0.05737480170591477,-0.6040920325809878,0,0.7179192682058606,-0.3491299130516023,0,0.8639008154209235,-0.6820178593992253,0,normal,normal
N15_M07_F10_KI21_8,KI21,6203_PU_2855,inner_race,N15_M07_F10,0.3333333333333333,0.0,normal,1.0847253211216654,7.2757202471339065e-06,1.0608955632389945,6.462345083665452e-06,1.0640955880814704,7.4910489127249614e-06,-0.31789774203782567,-0.6789745653363175,0,-0.009131106938619009,-0.5707850838969459,0,-0.3644412488314213,-0.7439514123063188,0,normal,normal
N15_M07_F10_KI21_9,KI21,6203_PU_2855,inner_race,N15_M07_F10,0.0,0.0,normal,1.2546973791622105,7.557892079450523e-06,1.2259895605530533,6.085451943813629e-06,0.9797311541061069,6.980023684385885e-06,0.1920223097197773,-0.6663926122879497,0,0.745137332760651,-0.594979704600082,0,-0.7315468089740065,-0.7615201662962057,0,normal,normal
