record_id,bearing_id,damage_origin,fault_type,condition,rpm,arm,geometry,band_lo_hz,band_hi_hz,band_kurtosis,physical_class,p_BPFO,excess_BPFO,lines_BPFO,delta_BPFO,p_BPFI,excess_BPFI,lines_BPFI,delta_BPFI
N09_M07_F10_K001_1,K001,none,normal,N09_M07_F10,899.71,cepstrum,6203_PU_2905,10000.0,12000.0,3.1227,normal,0.836,-1.023531205101519,0,-0.015,0.246,0.916624195844357,2,0.015000000000000003
N09_M07_F10_K001_10,K001,none,normal,N09_M07_F10,899.79,cepstrum,6203_PU_2905,10666.7,13333.3,2.8379,normal,0.546,-0.3158028190749719,0,0.019,0.116,2.3249460414872725,3,0.015000000000000003
N09_M07_F10_K001_11,K001,none,normal,N09_M07_F10,899.79,cepstrum,6203_PU_2905,10666.7,13333.3,2.9392,normal,0.79,-0.744388866023189,0,-0.02,0.118,0.9426344414581206,2,0.015000000000000003
N09_M07_F10_K001_12,K001,none,normal,N09_M07_F10,899.8,cepstrum,6203_PU_2905,8000.0,10666.7,2.948,normal,1.0,-1.9147823606152494,0,-0.012,0.13,2.192226125105196,3,0.015000000000000003
N09_M07_F10_K001_13,K001,none,normal,N09_M07_F10,899.76,cepstrum,6203_PU_2905,10666.7,12000.0,2.9687,normal,1.0,-1.9064748130822091,0,-0.013000000000000001,0.276,0.5881779685324473,2,0.016000000000000004
N09_M07_F10_K001_14,K001,none,normal,N09_M07_F10,899.75,cepstrum,6203_PU_2905,10666.7,13333.3,3.1707,normal,0.998,-2.2102135237995926,0,0.018,0.126,1.179054383711166,4,0.015000000000000003
N09_M07_F10_K001_15,K001,none,normal,N09_M07_F10,899.77,cepstrum,6203_PU_2905,5333.3,10666.7,3.1121,normal,0.91,-0.9992003139768278,0,-0.01,0.1,2.061652373634745,4,0.015000000000000003
N09_M07_F10_K001_16,K001,none,normal,N09_M07_F10,899.75,cepstrum,6203_PU_2905,0.0,2000.0,3.1058,normal,0.944,-0.8619447957744729,0,0.018,0.122,1.7884135322512205,2,0.015000000000000003
N09_M07_F10_K001_17,K001,none,normal,N09_M07_F10,899.77,cepstrum,6203_PU_2905,5333.3,10666.7,2.9061,normal,0.976,-1.856958323063952,0,0.018,0.116,1.7977202614894288,3,0.015000000000000003
N09_M07_F10_K001_18,K001,none,normal,N09_M07_F10,899.76,cepstrum,6203_PU_2905,10666.7,13333.3,2.7186,normal,0.962,-1.3686016343831287,0,0.019,0.116,2.3657978942966156,2,0.015000000000000003
N09_M07_F10_K001_19,K001,none,normal,N09_M07_F10,899.67,cepstrum,6203_PU_2905,10666.7,13333.3,3.0302,normal,0.754,-0.692436193938006,0,-0.02,0.118,2.1566086278349474,2,0.015000000000000003
N09_M07_F10_K001_2,K001,none,normal,N09_M07_F10,899.73,cepstrum,6203_PU_2905,10000.0,12000.0,2.9937,normal,0.728,-0.4355388671857786,0,0.006999999999999999,0.266,1.1477138584744786,2,0.015000000000000003
N09_M07_F10_K001_20,K001,none,normal,N09_M07_F10,899.78,cepstrum,6203_PU_2905,8000.0,12000.0,3.1859,normal,0.844,-1.6246449101785043,0,-0.017,0.138,1.1623835840370462,3,0.015000000000000003
N09_M07_F10_K001_3,K001,none,normal,N09_M07_F10,899.75,cepstrum,6203_PU_2905,12000.0,13333.3,3.1149,normal,0.774,-0.6958978529361263,0,0.016999999999999998,0.164,1.2936711174922584,1,0.014000000000000002
N09_M07_F10_K001_4,K001,none,normal,N09_M07_F10,899.75,cepstrum,6203_PU_2905,8000.0,12000.0,3.1469,normal,0.794,-0.8556549077301338,0,0.011,0.156,1.3467842226803257,2,0.014000000000000002
N09_M07_F10_K001_5,K001,none,normal,N09_M07_F10,899.71,cepstrum,6203_PU_2905,12000.0,14000.0,3.2942,normal,0.914,-0.702398556610968,0,0.006000000000000002,0.138,1.9753820215929894,2,0.015000000000000003
N09_M07_F10_K001_6,K001,none,normal,N09_M07_F10,899.73,cepstrum,6203_PU_2905,10666.7,13333.3,2.9553,normal,0.814,-0.6434790046100161,0,0.018,0.174,1.1365832601603387,2,0.015000000000000003
N09_M07_F10_K001_7,K001,none,normal,N09_M07_F10,899.73,cepstrum,6203_PU_2905,0.0,2000.0,3.1677,normal,0.994,-2.173208773923419,0,-0.019,0.112,1.8246135375933061,2,0.015000000000000003
N09_M07_F10_K001_8,K001,none,normal,N09_M07_F10,899.76,cepstrum,6203_PU_2905,10000.0,12000.0,3.2007,normal,0.976,-1.3013871631359653,0,0.019,0.18,1.3015359456225388,2,0.015000000000000003
N09_M07_F10_K001_9,K001,none,normal,N09_M07_F10,899.79,cepstrum,6203_PU_2905,12000.0,14000.0,3.0533,normal,0.978,-1.871991235742777,0,0.016999999999999998,0.266,0.916582485570923,2,0.014000000000000002
N09_M07_F10_K002_1,K002,none,normal,N09_M07_F10,899.63,cepstrum,6203_PU_2905,10666.7,13333.3,7.6244,normal,1.0,-1.9334900905290349,0,-0.006,0.098,1.195488008588739,3,0.015000000000000003
N09_M07_F10_K002_10,K002,none,normal,N09_M07_F10,899.46,cepstrum,6203_PU_2905,12000.0,14000.0,8.0192,normal,0.868,-0.8820546880364829,0,-0.0019999999999999983,0.796,-0.6937829689438317,3,0.015000000000000003
N09_M07_F10_K002_11,K002,none,normal,N09_M07_F10,899.6,cepstrum,6203_PU_2905,5333.3,10666.7,6.3198,normal,0.962,-1.824906857937545,0,-0.016,0.236,0.8330276671591619,3,0.015000000000000003
N09_M07_F10_K002_12,K002,none,normal,N09_M07_F10,899.78,cepstrum,6203_PU_2905,12000.0,14000.0,6.7481,normal,0.996,-2.019013624835839,0,-0.016,0.646,-0.5927103521172398,3,0.015000000000000003
N09_M07_F10_K002_13,K002,none,normal,N09_M07_F10,899.89,cepstrum,6203_PU_2905,10666.7,13333.3,7.6881,normal,0.998,-1.9297273530471786,0,-0.006,0.344,0.49086153772314717,3,0.015000000000000003
N09_M07_F10_K002_14,K002,none,normal,N09_M07_F10,899.86,cepstrum,6203_PU_2905,13000.0,14000.0,7.3309,normal,1.0,-2.3950020783842363,0,0.006000000000000002,0.122,1.2119510312311115,3,0.015000000000000003
N09_M07_F10_K002_15,K002,none,normal,N09_M07_F10,899.81,cepstrum,6203_PU_2905,0.0,5333.3,7.3316,normal,1.0,-2.4452894234415394,0,-0.002999999999999999,0.514,-0.020546332245670585,3,0.015000000000000003
N09_M07_F10_K002_16,K002,none,normal,N09_M07_F10,899.86,cepstrum,6203_PU_2905,10000.0,11000.0,7.2838,normal,1.0,-2.1768814894063477,0,-0.017,0.544,-0.21902712856055018,3,0.016999999999999998
N09_M07_F10_K002_17,K002,none,normal,N09_M07_F10,899.85,cepstrum,6203_PU_2905,8000.0,12000.0,6.6858,normal,0.688,-0.348053109168367,0,-0.02,0.122,1.110898258104059,3,0.015000000000000003
N09_M07_F10_K002_18,K002,none,normal,N09_M07_F10,899.69,cepstrum,6203_PU_2905,8000.0,10666.7,7.9801,normal,0.982,-1.6284861160834723,0,-0.019,0.25,0.5286357677483013,3,0.015000000000000003
N09_M07_F10_K002_19,K002,none,normal,N09_M07_F10,899.54,cepstrum,6203_PU_2905,5333.3,10666.7,6.7292,normal,0.954,-1.0269669243513753,0,0.016999999999999998,0.392,0.401060628601524,3,0.015000000000000003
N09_M07_F10_K002_2,K002,none,normal,N09_M07_F10,899.8,cepstrum,6203_PU_2905,10666.7,13333.3,7.8014,normal,1.0,-2.6088143298333346,0,-0.0019999999999999983,0.612,-0.2396891237811817,2,0.014000000000000002
N09_M07_F10_K002_20,K002,none,normal,N09_M07_F10,899.83,cepstrum,6203_PU_2905,12000.0,14000.0,7.8711,normal,0.998,-1.6543969771104152,0,-0.02,0.418,0.3700955112961529,3,0.016999999999999998
N09_M07_F10_K002_3,K002,none,normal,N09_M07_F10,899.73,cepstrum,6203_PU_2905,10666.7,13333.3,7.227,normal,0.96,-1.6813002964343395,0,0.019,0.066,1.3780404856773043,3,0.015000000000000003
N09_M07_F10_K002_4,K002,none,normal,N09_M07_F10,899.64,cepstrum,6203_PU_2905,13333.3,14666.7,6.7182,normal,0.994,-1.3118555973162092,0,-0.018000000000000002,0.328,0.15510595627141996,3,0.016999999999999998
N09_M07_F10_K002_5,K002,none,normal,N09_M07_F10,899.71,cepstrum,6203_PU_2905,10666.7,13333.3,7.0338,normal,0.898,-1.3297824017006505,0,-0.0010000000000000009,0.408,0.3038206533287957,3,0.015000000000000003
N09_M07_F10_K002_6,K002,none,normal,N09_M07_F10,899.66,cepstrum,6203_PU_2905,10666.7,13333.3,9.6399,normal,0.836,-1.2909967285481143,0,-0.02,0.08,1.2185036961128262,3,0.016999999999999998
N09_M07_F10_K002_7,K002,none,normal,N09_M07_F10,900.07,cepstrum,6203_PU_2905,10666.7,13333.3,7.0011,normal,1.0,-2.084917885784039,0,0.012,0.12,1.0779422139556705,3,0.015000000000000003
N09_M07_F10_K002_8,K002,none,normal,N09_M07_F10,899.4,cepstrum,6203_PU_2905,12000.0,14000.0,6.2365,normal,0.974,-1.1440545881367539,0,0.019,0.286,0.8807281337455174,2,0.015000000000000003
N09_M07_F10_K002_9,K002,none,normal,N09_M07_F10,899.67,cepstrum,6203_PU_2905,8000.0,12000.0,7.5188,normal,0.972,-2.6200776694762733,0,-0.0010000000000000009,0.702,-0.32675702778933835,3,0.015000000000000003
N09_M07_F10_K003_1,K003,none,normal,N09_M07_F10,899.75,cepstrum,6203_PU_2905,8000.0,10666.7,3.1199,normal,0.954,-1.5898417559006974,0,-0.016,0.292,0.9284770915152586,3,0.015000000000000003
N09_M07_F10_K003_10,K003,none,normal,N09_M07_F10,899.75,cepstrum,6203_PU_2905,4000.0,5333.3,3.2707,normal,0.774,-0.6593595362936105,0,-0.02,0.236,1.0071248824424368,2,0.015000000000000003
N09_M07_F10_K003_11,K003,none,normal,N09_M07_F10,899.82,cepstrum,6203_PU_2905,12000.0,13333.3,3.2283,normal,1.0,-1.4437791796367494,0,0.002999999999999999,0.146,1.7559547234164408,2,0.015000000000000003
N09_M07_F10_K003_12,K003,none,normal,N09_M07_F10,899.7,cepstrum,6203_PU_2905,5333.3,10666.7,3.3792,normal,0.942,-2.087347675520039,0,0.016000000000000004,0.192,0.9926716736333435,5,0.015000000000000003
N09_M07_F10_K003_13,K003,none,normal,N09_M07_F10,899.75,cepstrum,6203_PU_2905,8000.0,12000.0,3.135,normal,1.0,-2.186211631578829,0,0.016999999999999998,0.1,1.882639790900922,4,0.015000000000000003
N09_M07_F10_K003_14,K003,none,normal,N09_M07_F10,899.76,cepstrum,6203_PU_2905,12000.0,14000.0,3.3903,normal,0.894,-1.3411267788696188,0,0.018,0.166,0.8729575968317242,2,0.014000000000000002
N09_M07_F10_K003_15,K003,none,normal,N09_M07_F10,899.75,cepstrum,6203_PU_2905,5333.3,10666.7,3.294,normal,0.768,-0.8090373633387794,0,-0.02,0.142,1.6493158883493397,2,0.014000000000000002
N09_M07_F10_K003_16,K003,none,normal,N09_M07_F10,899.76,cepstrum,6203_PU_2905,10000.0,11000.0,3.219,normal,0.998,-1.5379257775641697,0,-0.01,0.144,0.9018263729128827,2,0.014000000000000002
N09_M07_F10_K003_17,K003,none,normal,N09_M07_F10,899.72,cepstrum,6203_PU_2905,8000.0,9333.3,3.0686,normal,0.966,-1.0666744175045149,0,-0.02,0.202,1.43974967016632,2,0.016000000000000004
N09_M07_F10_K003_18,K003,none,normal,N09_M07_F10,899.75,cepstrum,6203_PU_2905,8000.0,10666.7,3.2885,normal,1.0,-3.0644074950388425,0,-0.02,0.218,1.4378659543219952,2,0.015000000000000003
N09_M07_F10_K003_19,K003,none,normal,N09_M07_F10,899.75,cepstrum,6203_PU_2905,12000.0,14000.0,3.235,normal,0.996,-1.8962467613352223,0,-0.02,0.194,1.2666157387395967,3,0.015000000000000003
N09_M07_F10_K003_2,K003,none,normal,N09_M07_F10,899.82,cepstrum,6203_PU_2905,12000.0,14000.0,3.0215,normal,0.76,-0.7380375458381714,0,-0.019,0.154,1.5066162886850902,2,0.015000000000000003
N09_M07_F10_K003_20,K003,none,normal,N09_M07_F10,899.76,cepstrum,6203_PU_2905,5333.3,10666.7,3.5764,normal,0.576,-0.25411907678082124,0,0.018,0.116,1.077979377647139,3,0.014000000000000002
N09_M07_F10_K003_3,K003,none,normal,N09_M07_F10,899.76,cepstrum,6203_PU_2905,10666.7,13333.3,3.2385,normal,0.694,-0.6146524801294063,0,0.016000000000000004,0.138,1.3630069100947695,3,0.015000000000000003
N09_M07_F10_K003_4,K003,none,normal,N09_M07_F10,899.73,cepstrum,6203_PU_2905,10666.7,13333.3,2.9205,normal,1.0,-2.7940944926129534,0,0.016000000000000004,0.194,1.2451353563034357,3,0.015000000000000003
N09_M07_F10_K003_5,K003,none,normal,N09_M07_F10,899.75,cepstrum,6203_PU_2905,5333.3,10666.7,3.1042,normal,0.882,-1.0691150184423945,0,-0.017,0.116,1.23750850854019,3,0.014000000000000002
N09_M07_F10_K003_6,K003,none,normal,N09_M07_F10,899.74,cepstrum,6203_PU_2905,10000.0,12000.0,3.3407,normal,0.944,-1.3824989893048976,0,0.016999999999999998,0.104,1.3124478366752408,2,0.015000000000000003
N09_M07_F10_K003_7,K003,none,normal,N09_M07_F10,899.78,cepstrum,6203_PU_2905,5333.3,10666.7,3.2263,normal,0.79,-1.0127808298975676,0,0.019,0.112,1.5425662052764597,2,0.015000000000000003
N09_M07_F10_K003_8,K003,none,normal,N09_M07_F10,899.72,cepstrum,6203_PU_2905,5333.3,10666.7,3.0769,normal,0.96,-1.3884391436403507,0,-0.02,0.128,1.3646806382308472,4,0.015000000000000003
N09_M07_F10_K003_9,K003,none,normal,N09_M07_F10,899.75,cepstrum,6203_PU_2905,14000.0,15000.0,3.1678,normal,0.692,-0.2844937581190836,0,-0.011,0.25,1.0449896591891559,2,0.015000000000000003
N09_M07_F10_K004_1,K004,none,normal,N09_M07_F10,899.68,cepstrum,6203_PU_2905,10666.7,13333.3,2.6852,normal,0.576,-0.4402923570973478,0,-0.02,0.288,0.8787306319582047,3,0.013000000000000001
N09_M07_F10_K004_10,K004,none,normal,N09_M07_F10,899.76,cepstrum,6203_PU_2905,10666.7,13333.3,2.951,normal,1.0,-2.5258806861932412,0,0.019,0.232,1.6688540030129762,4,0.014000000000000002
N09_M07_F10_K004_11,K004,none,normal,N09_M07_F10,899.72,cepstrum,6203_PU_2905,14000.0,15000.0,3.0891,normal,0.744,-0.6030122082482529,0,-0.02,0.262,1.362603996771604,2,0.013000000000000001
N09_M07_F10_K004_12,K004,none,normal,N09_M07_F10,899.79,cepstrum,6203_PU_2905,10666.7,13333.3,3.0443,normal,0.7,-0.5801104962383931,0,-0.02,0.214,2.2628184574404826,4,0.014000000000000002
N09_M07_F10_K004_13,K004,none,normal,N09_M07_F10,899.75,cepstrum,6203_PU_2905,10666.7,13333.3,2.976,normal,0.964,-1.9135199813358807,0,0.008,0.278,1.5293571725108577,4,0.015000000000000003
N09_M07_F10_K004_14,K004,none,normal,N09_M07_F10,899.8,cepstrum,6203_PU_2905,14000.0,15000.0,3.1378,normal,1.0,-1.8286750962839968,0,-0.02,0.136,1.4164632469280154,2,0.014000000000000002
N09_M07_F10_K004_15,K004,none,normal,N09_M07_F10,899.65,cepstrum,6203_PU_2905,10666.7,13333.3,3.0637,normal,0.85,-1.2268823605595967,0,-0.02,0.118,1.5467363466072932,5,0.014000000000000002
N09_M07_F10_K004_16,K004,none,normal,N09_M07_F10,899.75,cepstrum,6203_PU_2905,10666.7,13333.3,3.1078,normal,0.88,-0.9592830469059787,0,-0.02,0.21,1.5412205894845619,3,0.014000000000000002
N09_M07_F10_K004_17,K004,none,normal,N09_M07_F10,899.77,cepstrum,6203_PU_2905,12000.0,13000.0,3.0996,normal,0.88,-0.9930764372145655,0,0.016999999999999998,0.18,1.1697256836829633,2,0.015000000000000003
N09_M07_F10_K004_18,K004,none,normal,N09_M07_F10,899.71,cepstrum,6203_PU_2905,10666.7,13333.3,3.2131,normal,0.328,0.5639409091545767,0,-0.02,0.104,1.3260967490078397,4,0.015000000000000003
N09_M07_F10_K004_19,K004,none,normal,N09_M07_F10,899.76,cepstrum,6203_PU_2905,12000.0,14000.0,3.129,normal,0.778,-0.763412452502691,0,-0.02,0.134,2.2078724376638186,4,0.014000000000000002
N09_M07_F10_K004_2,K004,none,normal,N09_M07_F10,899.7,cepstrum,6203_PU_2905,10000.0,12000.0,3.1769,normal,0.682,-0.5226338611245721,0,-0.019,0.168,1.768349516011881,3,0.014000000000000002
N09_M07_F10_K004_20,K004,none,normal,N09_M07_F10,899.77,cepstrum,6203_PU_2905,13333.3,14666.7,3.0194,normal,1.0,-2.134252985776376,0,-0.019,0.118,1.2123751196536565,2,0.013000000000000001
N09_M07_F10_K004_3,K004,none,normal,N09_M07_F10,899.72,cepstrum,6203_PU_2905,12000.0,14000.0,3.0316,normal,0.784,-0.9677746860775082,0,-0.019,0.214,1.5630800982968254,2,0.015000000000000003
N09_M07_F10_K004_4,K004,none,normal,N09_M07_F10,899.74,cepstrum,6203_PU_2905,10666.7,13333.3,2.8007,normal,0.846,-0.7715091410400171,0,-0.019,0.114,2.025502615848265,4,0.014000000000000002
N09_M07_F10_K004_5,K004,none,normal,N09_M07_F10,899.71,cepstrum,6203_PU_2905,10666.7,13333.3,2.6756,normal,0.486,0.02111319804807125,0,-0.02,0.25,1.121339461946049,2,0.015000000000000003
N09_M07_F10_K004_6,K004,none,normal,N09_M07_F10,899.73,cepstrum,6203_PU_2905,10666.7,13333.3,2.8902,normal,0.904,-0.9569319753417223,0,-0.019,0.118,1.385176755154472,5,0.014000000000000002
N09_M07_F10_K004_7,K004,none,normal,N09_M07_F10,899.78,cepstrum,6203_PU_2905,14000.0,15000.0,2.7193,normal,0.698,-0.5368230450243144,0,-0.02,0.16,1.7815689626177476,2,0.015000000000000003
N09_M07_F10_K004_8,K004,none,normal,N09_M07_F10,899.7,cepstrum,6203_PU_2905,12000.0,14000.0,3.4601,normal,1.0,-1.8782434011017641,0,-0.017,0.2,1.248315435703155,3,0.015000000000000003
N09_M07_F10_K004_9,K004,none,normal,N09_M07_F10,899.72,cepstrum,6203_PU_2905,10666.7,13333.3,3.1402,normal,0.434,0.10067456767754138,0,-0.02,0.162,2.079132004668599,3,0.014000000000000002
N09_M07_F10_K005_1,K005,none,normal,N09_M07_F10,899.78,cepstrum,6203_PU_2905,13333.3,14666.7,2.5104,normal,0.968,-1.1613365869090941,0,-0.02,0.314,0.8619001648133342,2,0.015000000000000003
N09_M07_F10_K005_10,K005,none,normal,N09_M07_F10,899.76,cepstrum,6203_PU_2905,12000.0,14000.0,2.6888,normal,0.986,-1.1157834835825566,0,-0.018000000000000002,0.302,0.7505620465311426,3,0.015000000000000003
N09_M07_F10_K005_11,K005,none,normal,N09_M07_F10,899.66,cepstrum,6203_PU_2905,10000.0,12000.0,2.4979,normal,0.924,-1.0138096254232023,0,-0.02,0.148,2.024533111745174,3,0.015000000000000003
N09_M07_F10_K005_12,K005,none,normal,N09_M07_F10,899.68,cepstrum,6203_PU_2905,10666.7,13333.3,2.9595,normal,0.916,-1.1245743564025241,0,0.016000000000000004,0.112,1.5838608434420873,4,0.015000000000000003
N09_M07_F10_K005_13,K005,none,normal,N09_M07_F10,899.77,cepstrum,6203_PU_2905,10666.7,13333.3,2.5457,normal,0.808,-0.7126019215478242,0,-0.02,0.1,1.5241148867422278,3,0.014000000000000002
N09_M07_F10_K005_14,K005,none,normal,N09_M07_F10,899.83,cepstrum,6203_PU_2905,12000.0,14000.0,3.144,normal,0.866,-0.7905460946002368,0,-0.02,0.116,1.8183046222619108,3,0.015000000000000003
N09_M07_F10_K005_15,K005,none,normal,N09_M07_F10,899.77,cepstrum,6203_PU_2905,12000.0,14000.0,3.0871,normal,0.976,-2.327346272557712,0,0.006999999999999999,0.124,1.7313559693229894,4,0.015000000000000003
N09_M07_F10_K005_16,K005,none,normal,N09_M07_F10,899.72,cepstrum,6203_PU_2905,10666.7,13333.3,2.9235,normal,0.808,-0.46776020208576274,0,-0.017,0.224,1.0776257673844596,3,0.015000000000000003
N09_M07_F10_K005_17,K005,none,normal,N09_M07_F10,899.81,cepstrum,6203_PU_2905,10666.7,13333.3,2.6869,normal,0.886,-1.051214807704398,0,-0.016,0.232,2.386349482979731,3,0.014000000000000002
N09_M07_F10_K005_18,K005,none,normal,N09_M07_F10,899.78,cepstrum,6203_PU_2905,10666.7,13333.3,2.7224,normal,0.898,-1.015345795172304,0,-0.008,0.114,1.3585754834555894,4,0.014000000000000002
N09_M07_F10_K005_19,K005,none,normal,N09_M07_F10,899.7,cepstrum,6203_PU_2905,10666.7,13333.3,2.9801,normal,0.74,-0.558070143592057,0,-0.019,0.208,1.8981016289819805,4,0.015000000000000003
N09_M07_F10_K005_2,K005,none,normal,N09_M07_F10,899.66,cepstrum,6203_PU_2905,13333.3,14666.7,2.8816,normal,1.0,-1.3884557719627593,0,-0.005000000000000001,0.264,1.603485279018614,3,0.015000000000000003
N09_M07_F10_K005_20,K005,none,normal,N09_M07_F10,899.71,cepstrum,6203_PU_2905,10666.7,13333.3,2.3947,normal,0.84,-0.9985911913637728,0,-0.019,0.2,0.695015001166268,4,0.015000000000000003
N09_M07_F10_K005_3,K005,none,normal,N09_M07_F10,899.71,cepstrum,6203_PU_2905,10666.7,13333.3,2.8577,normal,0.848,-1.0630873764773734,0,-0.02,0.136,1.370373658542873,4,0.014000000000000002
N09_M07_F10_K005_4,K005,none,normal,N09_M07_F10,899.72,cepstrum,6203_PU_2905,12000.0,14000.0,2.8317,normal,0.99,-1.4754947874825592,0,-0.0019999999999999983,0.256,1.2935597782033206,3,0.015000000000000003
N09_M07_F10_K005_5,K005,none,normal,N09_M07_F10,899.78,cepstrum,6203_PU_2905,10666.7,13333.3,2.6281,normal,0.912,-1.1450606813532707,0,-0.019,0.11,1.897174210560069,4,0.014000000000000002
N09_M07_F10_K005_6,K005,none,normal,N09_M07_F10,899.75,cepstrum,6203_PU_2905,10666.7,13333.3,2.9171,normal,0.996,-1.1228438118669588,0,-0.019,0.116,1.87013368619687,3,0.014000000000000002
N09_M07_F10_K005_7,K005,none,normal,N09_M07_F10,899.7,cepstrum,6203_PU_2905,10666.7,13333.3,2.8751,normal,0.91,-1.7345398370436946,0,0.016999999999999998,0.21,1.8246963394564413,3,0.015000000000000003
N09_M07_F10_K005_8,K005,none,normal,N09_M07_F10,899.75,cepstrum,6203_PU_2905,10666.7,13333.3,1.3417,normal,0.366,0.4354915522126313,0,-0.019,0.23,1.103166905821219,3,0.015000000000000003
N09_M07_F10_K005_9,K005,none,normal,N09_M07_F10,899.69,cepstrum,6203_PU_2905,13333.3,14666.7,2.9225,normal,0.398,0.5179070616950815,0,-0.02,0.12,2.2250812476592197,3,0.015000000000000003
N09_M07_F10_K006_1,K006,none,normal,N09_M07_F10,899.36,cepstrum,6203_PU_2905,5333.3,10666.7,3.0738,normal,1.0,-1.7249855919533206,0,-0.0019999999999999983,0.218,1.0306295625129045,4,0.015000000000000003
N09_M07_F10_K006_10,K006,none,normal,N09_M07_F10,899.76,cepstrum,6203_PU_2905,10000.0,12000.0,2.2235,normal,0.944,-1.394153474061842,0,0.019,0.322,0.4658347010218678,2,0.014000000000000002
N09_M07_F10_K006_11,K006,none,normal,N09_M07_F10,899.77,cepstrum,6203_PU_2905,10666.7,12000.0,2.1195,normal,1.0,-1.3235252503152926,0,-0.012,0.114,1.0165359489585175,2,0.014000000000000002
N09_M07_F10_K006_12,K006,none,normal,N09_M07_F10,899.73,cepstrum,6203_PU_2905,13333.3,14666.7,2.391,normal,0.846,-1.1237902684516412,0,0.016999999999999998,0.132,1.0455513119722313,2,0.015000000000000003
N09_M07_F10_K006_13,K006,none,normal,N09_M07_F10,899.72,cepstrum,6203_PU_2905,5333.3,10666.7,2.4864,normal,0.99,-1.3279159833099319,0,0.016000000000000004,0.104,2.3363168746137184,5,0.014000000000000002
N09_M07_F10_K006_14,K006,none,normal,N09_M07_F10,899.65,cepstrum,6203_PU_2905,0.0,2666.7,2.9299,normal,0.986,-1.346607889335928,0,-0.002999999999999999,0.096,1.9602422931371462,2,0.015000000000000003
N09_M07_F10_K006_15,K006,none,normal,N09_M07_F10,899.73,cepstrum,6203_PU_2905,5333.3,10666.7,2.9612,normal,0.95,-1.043792083265193,0,-0.014,0.116,1.8753250363420848,5,0.015000000000000003
N09_M07_F10_K006_16,K006,none,normal,N09_M07_F10,899.78,cepstrum,6203_PU_2905,8000.0,9333.3,3.1737,normal,0.99,-2.2584082547917084,0,-0.018000000000000002,0.342,1.0973600807345416,2,0.015000000000000003
N09_M07_F10_K006_17,K006,none,normal,N09_M07_F10,899.72,cepstrum,6203_PU_2905,5333.3,10666.7,2.9499,normal,0.984,-1.3160698949692935,0,0.016999999999999998,0.134,1.5262270456517653,3,0.015000000000000003
N09_M07_F10_K006_18,K006,none,normal,N09_M07_F10,899.74,cepstrum,6203_PU_2905,5333.3,10666.7,2.3645,normal,1.0,-1.6401922497850279,0,-0.02,0.114,2.5330582868792044,2,0.014000000000000002
N09_M07_F10_K006_19,K006,none,normal,N09_M07_F10,899.75,cepstrum,6203_PU_2905,12000.0,13333.3,2.7675,normal,0.752,-0.6362281095544512,0,-0.018000000000000002,0.082,1.3356156433097737,2,0.014000000000000002
N09_M07_F10_K006_2,K006,none,normal,N09_M07_F10,899.73,cepstrum,6203_PU_2905,13333.3,14666.7,2.9547,normal,0.812,-0.8551724733407002,0,0.02,0.156,0.9953772360449595,2,0.014000000000000002
N09_M07_F10_K006_20,K006,none,normal,N09_M07_F10,899.72,cepstrum,6203_PU_2905,14000.0,15000.0,2.8122,normal,0.782,-0.5607277649854369,0,-0.009000000000000001,0.152,0.9919921243720226,1,0.015000000000000003
N09_M07_F10_K006_3,K006,none,normal,N09_M07_F10,899.71,cepstrum,6203_PU_2905,8000.0,10000.0,2.9905,normal,0.688,-0.46422025959490915,0,-0.018000000000000002,0.116,1.6541325443840043,2,0.014000000000000002
N09_M07_F10_K006_4,K006,none,normal,N09_M07_F10,899.74,cepstrum,6203_PU_2905,10666.7,12000.0,2.9311,normal,0.432,0.1602150712133384,0,-0.02,0.182,1.0416696362806237,2,0.015000000000000003
N09_M07_F10_K006_5,K006,none,normal,N09_M07_F10,899.79,cepstrum,6203_PU_2905,10666.7,13333.3,2.9238,normal,1.0,-2.2828387011229254,0,0.02,0.138,0.9826058207720202,2,0.015000000000000003
N09_M07_F10_K006_6,K006,none,normal,N09_M07_F10,899.72,cepstrum,6203_PU_2905,10666.7,13333.3,3.4774,normal,0.788,-1.1523915022010558,0,0.016999999999999998,0.116,1.412424973055916,3,0.015000000000000003
N09_M07_F10_K006_7,K006,none,normal,N09_M07_F10,899.75,cepstrum,6203_PU_2905,12000.0,14000.0,3.0211,normal,1.0,-1.7877868106916486,0,-0.017,0.074,1.345129237614253,3,0.014000000000000002
N09_M07_F10_K006_8,K006,none,normal,N09_M07_F10,899.74,cepstrum,6203_PU_2905,10666.7,13333.3,2.1538,normal,0.756,-0.5696884374977064,0,-0.019,0.112,1.805903906457156,2,0.014000000000000002
N09_M07_F10_K006_9,K006,none,normal,N09_M07_F10,899.71,cepstrum,6203_PU_2905,5333.3,10666.7,2.3026,normal,0.936,-1.5118154394511016,0,-0.02,0.116,2.0267575571864045,3,0.015000000000000003
N09_M07_F10_KA01_1,KA01,artificial,outer_race,N09_M07_F10,899.7,cepstrum,6203_PU_2905,8000.0,10000.0,10.5871,outer_race,0.002,8.16170690582871,5,-0.004,0.694,-0.5157793344537894,0,0.016000000000000004
N09_M07_F10_KA01_10,KA01,artificial,outer_race,N09_M07_F10,899.93,cepstrum,6203_PU_2905,8000.0,10000.0,9.7841,outer_race,0.002,6.653026635750569,5,-0.006999999999999999,0.576,-0.28111738674715986,1,0.013000000000000001
N09_M07_F10_KA01_11,KA01,artificial,outer_race,N09_M07_F10,899.46,cepstrum,6203_PU_2905,8000.0,10000.0,9.7611,outer_race,0.002,5.987433046768942,5,-0.006,0.486,0.03183427446436168,1,0.013000000000000001
N09_M07_F10_KA01_12,KA01,artificial,outer_race,N09_M07_F10,899.8,cepstrum,6203_PU_2905,8000.0,10000.0,10.5619,outer_race,0.002,12.81705373938158,5,-0.006999999999999999,0.772,-0.9100849650863345,4,-0.016
N09_M07_F10_KA01_13,KA01,artificial,outer_race,N09_M07_F10,899.79,cepstrum,6203_PU_2905,8000.0,10000.0,10.3902,outer_race,0.002,9.898603374556863,5,-0.006999999999999999,0.706,-0.632995401659489,3,-0.008
N09_M07_F10_KA01_14,KA01,artificial,outer_race,N09_M07_F10,899.52,cepstrum,6203_PU_2905,8000.0,10000.0,11.5401,outer_race,0.002,8.347083688611818,5,-0.004,0.754,-0.7517184241201958,2,-0.015
N09_M07_F10_KA01_15,KA01,artificial,outer_race,N09_M07_F10,899.28,cepstrum,6203_PU_2905,8000.0,10000.0,10.3985,outer_race,0.002,7.858919733779811,5,-0.006,0.724,-0.5833111265641968,5,-0.016
N09_M07_F10_KA01_16,KA01,artificial,outer_race,N09_M07_F10,899.5,cepstrum,6203_PU_2905,8000.0,10000.0,10.1804,outer_race,0.002,7.742913285181487,5,-0.005000000000000001,0.754,-0.7627539006462213,0,0.016999999999999998
N09_M07_F10_KA01_17,KA01,artificial,outer_race,N09_M07_F10,899.77,cepstrum,6203_PU_2905,8000.0,10000.0,10.5435,outer_race,0.002,12.845451870032758,5,-0.006,0.69,-0.5715896898008277,0,0.012
N09_M07_F10_KA01_18,KA01,artificial,outer_race,N09_M07_F10,899.7,cepstrum,6203_PU_2905,8000.0,10000.0,10.1684,outer_race,0.002,4.856357504416953,5,-0.009000000000000001,0.728,-0.71811325514946,5,-0.017
N09_M07_F10_KA01_19,KA01,artificial,outer_race,N09_M07_F10,899.78,cepstrum,6203_PU_2905,8000.0,10000.0,10.777,outer_race,0.002,14.69080687506718,5,-0.004,0.66,-0.5638553302635759,0,0.016999999999999998
N09_M07_F10_KA01_2,KA01,artificial,outer_race,N09_M07_F10,899.54,cepstrum,6203_PU_2905,8000.0,10000.0,10.1033,outer_race,0.002,11.997879666547233,5,-0.005000000000000001,0.692,-0.5506531996241918,4,-0.016
N09_M07_F10_KA01_20,KA01,artificial,outer_race,N09_M07_F10,899.68,cepstrum,6203_PU_2905,8000.0,10000.0,10.4504,outer_race,0.002,7.271702881139667,5,-0.005000000000000001,0.682,-0.6110066418789357,5,-0.016
N09_M07_F10_KA01_3,KA01,artificial,outer_race,N09_M07_F10,899.5,cepstrum,6203_PU_2905,8000.0,10000.0,9.6713,outer_race,0.002,9.32521981732871,5,-0.005000000000000001,0.694,-0.5970779647484025,3,-0.005000000000000001
N09_M07_F10_KA01_4,KA01,artificial,outer_race,N09_M07_F10,899.75,cepstrum,6203_PU_2905,8000.0,10000.0,10.6909,outer_race,0.002,11.360353840154483,5,-0.006,0.732,-0.6804186785349148,2,-0.006
N09_M07_F10_KA01_5,KA01,artificial,outer_race,N09_M07_F10,899.7,cepstrum,6203_PU_2905,8000.0,10000.0,9.409,outer_race,0.002,16.80744837772167,5,-0.006999999999999999,0.68,-0.4655969009843357,3,-0.005000000000000001
N09_M07_F10_KA01_6,KA01,artificial,outer_race,N09_M07_F10,899.67,cepstrum,6203_PU_2905,8000.0,9333.3,9.8859,outer_race,0.002,6.330192301134999,5,-0.005000000000000001,0.698,-0.46910178128620517,2,-0.005000000000000001
N09_M07_F10_KA01_7,KA01,artificial,outer_race,N09_M07_F10,899.81,cepstrum,6203_PU_2905,8000.0,10000.0,9.2696,outer_race,0.002,11.364195215886333,5,-0.006,0.668,-0.5326115595801463,3,-0.015
N09_M07_F10_KA01_8,KA01,artificial,outer_race,N09_M07_F10,899.5,cepstrum,6203_PU_2905,8000.0,10000.0,9.3024,outer_race,0.002,10.721952715390662,5,-0.006,0.54,-0.08839457110857044,0,0.012
N09_M07_F10_KA01_9,KA01,artificial,outer_race,N09_M07_F10,899.54,cepstrum,6203_PU_2905,8000.0,10000.0,10.7448,outer_race,0.002,6.935362420990699,5,-0.004,0.666,-0.48943973715851075,2,-0.013000000000000001
N09_M07_F10_KA03_1,KA03,artificial,outer_race,N09_M07_F10,899.7,cepstrum,6203_PU_2905,12000.0,14000.0,4.1943,normal,0.222,1.8279426707427866,1,-0.02,0.114,2.132864334563828,4,0.014000000000000002
N09_M07_F10_KA03_10,KA03,artificial,outer_race,N09_M07_F10,899.76,cepstrum,6203_PU_2905,12000.0,14000.0,5.3483,inner_race,0.42,0.07563089031627213,0,-0.02,0.016,1.4891728411406087,3,0.015000000000000003
N09_M07_F10_KA03_11,KA03,artificial,outer_race,N09_M07_F10,899.65,cepstrum,6203_PU_2905,13333.3,14666.7,4.7954,normal,0.858,-0.9146546577410674,0,-0.02,0.152,0.95949698314391,3,0.014000000000000002
N09_M07_F10_KA03_12,KA03,artificial,outer_race,N09_M07_F10,899.59,cepstrum,6203_PU_2905,13333.3,14666.7,4.7484,normal,0.806,-0.3578053697674006,0,-0.019,0.112,1.4485831355786172,3,0.014000000000000002
N09_M07_F10_KA03_13,KA03,artificial,outer_race,N09_M07_F10,899.72,cepstrum,6203_PU_2905,14000.0,15000.0,4.5075,normal,0.264,0.9736937736480079,0,-0.02,0.16,1.8115032635795139,3,0.014000000000000002
N09_M07_F10_KA03_14,KA03,artificial,outer_race,N09_M07_F10,899.74,cepstrum,6203_PU_2905,13333.3,14666.7,5.3883,normal,0.15,2.02328077331266,0,-0.02,0.082,1.7965131484524566,3,0.015000000000000003
N09_M07_F10_KA03_15,KA03,artificial,outer_race,N09_M07_F10,899.8,cepstrum,6203_PU_2905,13333.3,14666.7,4.301,normal,0.508,-0.004185826507900513,0,-0.02,0.196,0.7272391743013161,3,0.014000000000000002
N09_M07_F10_KA03_16,KA03,artificial,outer_race,N09_M07_F10,899.72,cepstrum,6203_PU_2905,12000.0,14000.0,4.5131,inner_race,0.282,0.9696721344551567,0,-0.019,0.016,1.6376120947321966,3,0.014000000000000002
N09_M07_F10_KA03_17,KA03,artificial,outer_race,N09_M07_F10,899.76,cepstrum,6203_PU_2905,12000.0,14000.0,4.4578,normal,0.346,0.2742998861638,0,-0.019,0.086,1.4048895871249065,3,0.014000000000000002
N09_M07_F10_KA03_18,KA03,artificial,outer_race,N09_M07_F10,899.62,cepstrum,6203_PU_2905,13333.3,14666.7,3.9525,normal,0.812,-0.744096428660269,0,-0.02,0.058,1.8514070481793223,3,0.014000000000000002
N09_M07_F10_KA03_19,KA03,artificial,outer_race,N09_M07_F10,899.86,cepstrum,6203_PU_2905,13333.3,14666.7,5.0345,normal,0.668,-0.5819042550083351,0,-0.019,0.106,1.1684745979645978,3,0.013000000000000001
N09_M07_F10_KA03_2,KA03,artificial,outer_race,N09_M07_F10,899.78,cepstrum,6203_PU_2905,12000.0,13333.3,4.5834,normal,0.61,-0.5079626580708558,0,-0.02,0.096,2.04843610929464,3,0.014000000000000002
N09_M07_F10_KA03_20,KA03,artificial,outer_race,N09_M07_F10,899.81,cepstrum,6203_PU_2905,13333.3,14666.7,4.8583,normal,0.488,0.007355148870982367,0,-0.018000000000000002,0.116,0.8181076582537286,3,0.014000000000000002
N09_M07_F10_KA03_3,KA03,artificial,outer_race,N09_M07_F10,899.73,cepstrum,6203_PU_2905,14000.0,15000.0,4.298,normal,0.582,-0.5472867157202729,0,-0.019,0.17,1.2850243186417807,3,0.015000000000000003
N09_M07_F10_KA03_4,KA03,artificial,outer_race,N09_M07_F10,899.71,cepstrum,6203_PU_2905,13333.3,14666.7,4.6536,normal,0.268,0.37759608629410696,0,-0.02,0.182,1.7546507729937404,3,0.016000000000000004
N09_M07_F10_KA03_5,KA03,artificial,outer_race,N09_M07_F10,899.68,cepstrum,6203_PU_2905,13333.3,14666.7,4.8794,normal,0.828,-0.8378286905712217,0,0.012,0.138,1.5168987391358033,3,0.014000000000000002
N09_M07_F10_KA03_6,KA03,artificial,outer_race,N09_M07_F10,899.83,cepstrum,6203_PU_2905,13333.3,14666.7,4.5616,inner_race,0.45,0.4565599007824273,0,-0.02,0.016,1.8598363220380134,3,0.014000000000000002
N09_M07_F10_KA03_7,KA03,artificial,outer_race,N09_M07_F10,899.73,cepstrum,6203_PU_2905,13333.3,14666.7,4.2715,normal,0.848,-0.7283856186790703,0,0.018,0.234,0.8938473368977022,3,0.013000000000000001
N09_M07_F10_KA03_8,KA03,artificial,outer_race,N09_M07_F10,899.78,cepstrum,6203_PU_2905,13333.3,14666.7,4.9991,normal,0.25,1.4080194410290776,0,-0.019,0.122,1.6795076757641498,3,0.013000000000000001
N09_M07_F10_KA03_9,KA03,artificial,outer_race,N09_M07_F10,899.68,cepstrum,6203_PU_2905,12000.0,14000.0,4.1544,normal,0.256,1.2135204061934077,0,-0.019,0.142,1.4596609036392167,3,0.014000000000000002
N09_M07_F10_KA04_1,KA04,real,outer_race,N09_M07_F10,899.61,cepstrum,6203_PU_2855,0.0,1000.0,9.4551,normal,0.002,11.266657856371737,1,0.002999999999999999,0.462,0.1056286179680372,0,-0.019
N09_M07_F10_KA04_10,KA04,real,outer_race,N09_M07_F10,899.85,cepstrum,6203_PU_2855,0.0,1000.0,6.8943,normal,0.002,6.338169139001688,0,0.0,0.564,-0.16438187651920672,0,-0.002999999999999999
N09_M07_F10_KA04_11,KA04,real,outer_race,N09_M07_F10,899.61,cepstrum,6203_PU_2855,0.0,1333.3,7.7527,normal,0.002,10.949935364487757,0,0.0010000000000000009,0.134,1.3967109261208273,0,0.019
N09_M07_F10_KA04_12,KA04,real,outer_race,N09_M07_F10,899.68,cepstrum,6203_PU_2855,0.0,1000.0,11.8302,normal,0.002,7.983302068432442,0,0.0010000000000000009,0.722,-0.2815490254112975,0,-0.011
N09_M07_F10_KA04_13,KA04,real,outer_race,N09_M07_F10,930.93,cepstrum,6203_PU_2855,9333.3,10666.7,8.0544,normal,0.642,-0.5643208715170649,0,-0.02,0.03,2.4379844711856924,0,-0.0019999999999999983
N09_M07_F10_KA04_14,KA04,real,outer_race,N09_M07_F10,899.77,cepstrum,6203_PU_2855,0.0,1000.0,9.6537,outer_race,0.002,12.14307079496684,2,0.0,0.364,0.5894255238570824,1,0.02
N09_M07_F10_KA04_15,KA04,real,outer_race,N09_M07_F10,899.71,cepstrum,6203_PU_2855,0.0,1333.3,5.7969,outer_race,0.002,8.553897285823236,3,0.0010000000000000009,0.876,-1.2567665843380573,1,-0.019
N09_M07_F10_KA04_16,KA04,real,outer_race,N09_M07_F10,899.71,cepstrum,6203_PU_2855,0.0,1000.0,6.2299,normal,0.002,9.644699459543627,1,0.0,0.96,-1.8830834512410946,0,-0.02
N09_M07_F10_KA04_17,KA04,real,outer_race,N09_M07_F10,899.59,cepstrum,6203_PU_2855,0.0,1333.3,4.5859,outer_race,0.002,13.233508875608546,2,0.0,0.168,1.4799965877911965,1,0.02
N09_M07_F10_KA04_18,KA04,real,outer_race,N09_M07_F10,899.59,cepstrum,6203_PU_2855,0.0,1333.3,4.5859,outer_race,0.002,13.233508875608546,2,0.0,0.168,1.4799965877911965,1,0.02
N09_M07_F10_KA04_19,KA04,real,outer_race,N09_M07_F10,899.73,cepstrum,6203_PU_2855,0.0,1333.3,4.9369,outer_race,0.002,12.983338362048332,5,0.0,0.276,0.7167562356696108,1,0.02
N09_M07_F10_KA04_2,KA04,real,outer_race,N09_M07_F10,899.73,cepstrum,6203_PU_2855,0.0,1333.3,6.5882,normal,0.642,-0.36366529282347,0,0.0,0.67,-0.3779013867567785,0,-0.011
N09_M07_F10_KA04_20,KA04,real,outer_race,N09_M07_F10,899.97,cepstrum,6203_PU_2855,0.0,1000.0,6.1095,normal,0.002,7.059386690999547,0,0.0,0.754,-0.6428094494282841,0,-0.012
N09_M07_F10_KA04_3,KA04,real,outer_race,N09_M07_F10,899.66,cepstrum,6203_PU_2855,0.0,1333.3,8.2409,normal,0.002,13.95136103161253,0,0.0,0.94,-1.2731019292162122,0,-0.019
N09_M07_F10_KA04_4,KA04,real,outer_race,N09_M07_F10,899.83,cepstrum,6203_PU_2855,9333.3,10666.7,6.8291,outer_race,0.002,11.488764270477157,5,0.0,0.2,1.3036848748023497,1,0.02
N09_M07_F10_KA04_5,KA04,real,outer_race,N09_M07_F10,899.81,cepstrum,6203_PU_2855,0.0,1000.0,6.5517,normal,0.002,7.625113595650825,0,0.0,0.928,-1.2421487621827036,0,-0.008
N09_M07_F10_KA04_6,KA04,real,outer_race,N09_M07_F10,899.57,cepstrum,6203_PU_2855,0.0,2000.0,7.3782,normal,0.002,2.85312095802995,0,0.004,0.83,-0.8156439501831235,0,-0.01
N09_M07_F10_KA04_7,KA04,real,outer_race,N09_M07_F10,899.66,cepstrum,6203_PU_2855,0.0,2000.0,6.8526,normal,0.446,0.1144794996284286,0,-0.01,0.004,1.9314495159781062,0,0.0019999999999999983
N09_M07_F10_KA04_8,KA04,real,outer_race,N09_M07_F10,899.75,cepstrum,6203_PU_2855,0.0,1333.3,6.2918,normal,0.002,4.56423378994488,0,0.0,0.02,1.4843850738081847,0,0.02
N09_M07_F10_KA04_9,KA04,real,outer_race,N09_M07_F10,899.63,cepstrum,6203_PU_2855,0.0,2000.0,6.5224,normal,0.002,9.235455337418454,1,0.0,0.742,-0.876658050302367,0,-0.02
N09_M07_F10_KA05_1,KA05,artificial,outer_race,N09_M07_F10,899.7,cepstrum,6203_PU_2905,10666.7,13333.3,5.2653,normal,0.968,-1.210018109941798,0,-0.015,0.408,0.4127237510237954,3,0.016999999999999998
N09_M07_F10_KA05_10,KA05,artificial,outer_race,N09_M07_F10,899.79,cepstrum,6203_PU_2905,10666.7,13333.3,4.8812,normal,0.874,-0.7454436438457804,0,0.016999999999999998,0.526,-0.025947425837255195,2,0.014000000000000002
N09_M07_F10_KA05_11,KA05,artificial,outer_race,N09_M07_F10,899.63,cepstrum,6203_PU_2905,10666.7,13333.3,5.738,normal,1.0,-2.026601892850451,0,-0.006999999999999999,0.168,0.9004550459136781,3,0.015000000000000003
N09_M07_F10_KA05_12,KA05,artificial,outer_race,N09_M07_F10,900.0,cepstrum,6203_PU_2905,10000.0,12000.0,5.9323,normal,0.972,-1.0257975330128655,0,0.018,0.26,0.9160580375409355,3,0.015000000000000003
N09_M07_F10_KA05_13,KA05,artificial,outer_race,N09_M07_F10,899.88,cepstrum,6203_PU_2905,10666.7,13333.3,4.9859,normal,0.76,-0.71443923853312,0,-0.02,0.038,1.5370243779178079,3,0.016000000000000004
N09_M07_F10_KA05_14,KA05,artificial,outer_race,N09_M07_F10,899.81,cepstrum,6203_PU_2905,12000.0,14000.0,4.9346,normal,0.306,0.24216338207232296,0,0.02,0.27,0.7082863493946464,3,0.015000000000000003
N09_M07_F10_KA05_15,KA05,artificial,outer_race,N09_M07_F10,899.6,cepstrum,6203_PU_2905,10666.7,13333.3,6.3539,normal,0.952,-1.465612996107074,0,-0.01,0.244,1.1755652539926766,3,0.015000000000000003
N09_M07_F10_KA05_16,KA05,artificial,outer_race,N09_M07_F10,899.86,cepstrum,6203_PU_2905,10666.7,13333.3,5.8468,normal,0.644,-0.3199905371162433,0,0.018,0.102,1.2346586365252492,3,0.015000000000000003
N09_M07_F10_KA05_17,KA05,artificial,outer_race,N09_M07_F10,899.86,cepstrum,6203_PU_2905,10666.7,13333.3,5.6532,normal,0.894,-1.1046263469282425,0,0.016999999999999998,0.186,1.151586549608803,3,0.016000000000000004
N09_M07_F10_KA05_18,KA05,artificial,outer_race,N09_M07_F10,899.72,cepstrum,6203_PU_2905,10666.7,13333.3,4.7194,normal,1.0,-2.2378256400151812,0,0.02,0.438,0.5254220208982723,3,0.015000000000000003
N09_M07_F10_KA05_19,KA05,artificial,outer_race,N09_M07_F10,899.83,cepstrum,6203_PU_2905,10666.7,13333.3,5.1225,normal,0.912,-1.4791052493082142,0,0.0,0.274,0.7189655518688063,3,0.016999999999999998
N09_M07_F10_KA05_2,KA05,artificial,outer_race,N09_M07_F10,900.0,cepstrum,6203_PU_2905,12000.0,14000.0,4.7581,normal,0.9,-0.8024393938858503,0,0.006000000000000002,0.266,0.5185780306932383,2,0.014000000000000002
N09_M07_F10_KA05_20,KA05,artificial,outer_race,N09_M07_F10,899.81,cepstrum,6203_PU_2905,10000.0,12000.0,5.5438,normal,0.894,-0.9974554374191191,0,0.016999999999999998,0.368,0.7511902332582727,3,0.016000000000000004
N09_M07_F10_KA05_3,KA05,artificial,outer_race,N09_M07_F10,899.69,cepstrum,6203_PU_2905,10666.7,13333.3,6.9943,normal,0.556,-0.14268379354693422,0,-0.019,0.252,1.085290309129464,3,0.016999999999999998
N09_M07_F10_KA05_4,KA05,artificial,outer_race,N09_M07_F10,899.75,cepstrum,6203_PU_2905,10666.7,13333.3,5.536,normal,0.802,-0.919362538539984,0,0.002999999999999999,0.434,0.31181887102072375,3,0.016000000000000004
N09_M07_F10_KA05_5,KA05,artificial,outer_race,N09_M07_F10,899.88,cepstrum,6203_PU_2905,12000.0,14000.0,5.2773,normal,0.908,-0.7668691757284326,0,-0.02,0.36,0.7485801307860095,3,0.016999999999999998
N09_M07_F10_KA05_6,KA05,artificial,outer_race,N09_M07_F10,899.95,cepstrum,6203_PU_2905,10666.7,13333.3,6.0368,normal,0.386,0.48684886638303193,0,-0.02,0.244,1.4016036791819848,3,0.016000000000000004
N09_M07_F10_KA05_7,KA05,artificial,outer_race,N09_M07_F10,899.86,cepstrum,6203_PU_2905,10666.7,13333.3,5.5587,normal,0.936,-1.0278638667645792,0,-0.017,0.29,0.699098077271767,3,0.015000000000000003
N09_M07_F10_KA05_8,KA05,artificial,outer_race,N09_M07_F10,899.61,cepstrum,6203_PU_2905,10666.7,13333.3,6.3832,normal,0.83,-0.8586814365253717,0,0.016999999999999998,0.108,1.2129178370277633,3,0.015000000000000003
N09_M07_F10_KA05_9,KA05,artificial,outer_race,N09_M07_F10,899.86,cepstrum,6203_PU_2905,12000.0,14000.0,6.0508,normal,0.898,-1.2583789376056584,0,-0.017,0.152,1.1042490685039044,3,0.015000000000000003
N09_M07_F10_KA06_1,KA06,artificial,outer_race,N09_M07_F10,900.64,cepstrum,6203_PU_2905,10666.7,13333.3,5.3835,normal,0.986,-1.4368220935644425,0,0.019,0.61,-0.27868886943623744,0,-0.008
N09_M07_F10_KA06_10,KA06,artificial,outer_race,N09_M07_F10,899.55,cepstrum,6203_PU_2905,10666.7,13333.3,4.7598,normal,0.82,-0.6996329194273155,0,0.013000000000000001,0.182,1.3977185833464556,3,0.016999999999999998
N09_M07_F10_KA06_11,KA06,artificial,outer_race,N09_M07_F10,899.86,cepstrum,6203_PU_2905,8000.0,12000.0,5.3974,normal,0.824,-0.8041283825655655,0,-0.02,0.162,1.0512089044245894,3,0.015000000000000003
N09_M07_F10_KA06_12,KA06,artificial,outer_race,N09_M07_F10,899.95,cepstrum,6203_PU_2905,10000.0,12000.0,5.3944,normal,1.0,-1.916677864494028,0,-0.02,0.16,1.011346860240572,2,0.014000000000000002
N09_M07_F10_KA06_13,KA06,artificial,outer_race,N09_M07_F10,899.61,cepstrum,6203_PU_2905,10666.7,13333.3,5.4038,normal,0.86,-1.0366410912183734,0,-0.011,0.376,0.8233903815405033,3,0.015000000000000003
N09_M07_F10_KA06_14,KA06,artificial,outer_race,N09_M07_F10,899.97,cepstrum,6203_PU_2905,10666.7,13333.3,5.9463,normal,0.662,-0.3806045728824286,0,0.019,0.166,1.1169622724394161,3,0.015000000000000003
N09_M07_F10_KA06_15,KA06,artificial,outer_race,N09_M07_F10,899.87,cepstrum,6203_PU_2905,10666.7,13333.3,5.7021,normal,0.998,-1.9528382821816515,0,-0.018000000000000002,0.402,0.4827133961779081,3,0.016000000000000004
N09_M07_F10_KA06_16,KA06,artificial,outer_race,N09_M07_F10,899.72,cepstrum,6203_PU_2905,10666.7,13333.3,5.6008,normal,0.908,-1.4180375823893778,0,-0.0019999999999999983,0.352,0.5599330684394814,3,0.015000000000000003
N09_M07_F10_KA06_17,KA06,artificial,outer_race,N09_M07_F10,899.82,cepstrum,6203_PU_2905,12000.0,14000.0,6.2951,normal,0.874,-1.187559885542276,0,-0.02,0.31,0.9329853103653453,3,0.015000000000000003
N09_M07_F10_KA06_18,KA06,artificial,outer_race,N09_M07_F10,899.92,cepstrum,6203_PU_2905,8000.0,12000.0,4.9783,normal,1.0,-1.506642048429049,0,0.004,0.404,0.33593845923006155,3,0.015000000000000003
N09_M07_F10_KA06_19,KA06,artificial,outer_race,N09_M07_F10,899.99,cepstrum,6203_PU_2905,8000.0,12000.0,5.2069,normal,0.966,-0.8541156559908917,0,-0.017,0.366,0.6388357901523916,2,0.014000000000000002
N09_M07_F10_KA06_2,KA06,artificial,outer_race,N09_M07_F10,899.57,cepstrum,6203_PU_2905,10666.7,13333.3,5.7365,normal,0.81,-0.697064915473304,0,-0.005000000000000001,0.398,0.3057021605387016,3,0.016000000000000004
N09_M07_F10_KA06_20,KA06,artificial,outer_race,N09_M07_F10,899.54,cepstrum,6203_PU_2905,10000.0,12000.0,5.7651,normal,0.898,-0.6146447828954232,0,-0.004,0.232,0.6957440312383779,3,0.016000000000000004
N09_M07_F10_KA06_3,KA06,artificial,outer_race,N09_M07_F10,899.73,cepstrum,6203_PU_2905,10000.0,12000.0,4.4354,normal,0.976,-0.9289059122718198,0,0.0010000000000000009,0.256,0.7644592323201358,0,0.011
N09_M07_F10_KA06_4,KA06,artificial,outer_race,N09_M07_F10,899.98,cepstrum,6203_PU_2905,10666.7,13333.3,5.4881,normal,1.0,-1.5863365389722022,0,0.016999999999999998,0.278,0.9859752783323139,2,0.014000000000000002
N09_M07_F10_KA06_5,KA06,artificial,outer_race,N09_M07_F10,899.82,cepstrum,6203_PU_2905,8000.0,12000.0,4.6708,normal,0.938,-2.1388858340392667,0,0.0019999999999999983,0.302,1.1707400815772238,3,0.016999999999999998
N09_M07_F10_KA06_6,KA06,artificial,outer_race,N09_M07_F10,899.67,cepstrum,6203_PU_2905,10666.7,13333.3,5.9083,normal,0.774,-0.6932827313279956,0,-0.02,0.114,1.6716416026635148,3,0.016000000000000004
N09_M07_F10_KA06_7,KA06,artificial,outer_race,N09_M07_F10,899.86,cepstrum,6203_PU_2905,10666.7,13333.3,5.724,normal,0.74,-0.6570154587235676,0,-0.0010000000000000009,0.226,0.7828323335372844,2,0.014000000000000002
N09_M07_F10_KA06_8,KA06,artificial,outer_race,N09_M07_F10,899.31,cepstrum,6203_PU_2905,12000.0,14000.0,5.1292,normal,1.0,-1.5665615810568132,0,0.016999999999999998,0.296,1.0120534076839862,2,0.015000000000000003
N09_M07_F10_KA06_9,KA06,artificial,outer_race,N09_M07_F10,899.87,cepstrum,6203_PU_2905,8000.0,12000.0,5.6556,normal,0.99,-1.401725511592734,0,-0.017,0.18,0.8760875051749023,3,0.015000000000000003
N09_M07_F10_KA07_1,KA07,artificial,outer_race,N09_M07_F10,899.68,cepstrum,6203_PU_2905,10666.7,13333.3,4.9482,normal,0.984,-2.4471869307969234,0,-0.017,0.284,0.9198808386930887,3,0.016000000000000004
N09_M07_F10_KA07_10,KA07,artificial,outer_race,N09_M07_F10,900.12,cepstrum,6203_PU_2905,10666.7,13333.3,4.5804,normal,0.638,-0.34508039049098366,0,-0.02,0.096,1.190621429658275,3,0.016000000000000004
N09_M07_F10_KA07_11,KA07,artificial,outer_race,N09_M07_F10,899.74,cepstrum,6203_PU_2905,12000.0,14000.0,4.5143,normal,1.0,-1.6646571531570609,0,0.006999999999999999,0.114,0.9797652419655448,3,0.015000000000000003
N09_M07_F10_KA07_12,KA07,artificial,outer_race,N09_M07_F10,899.73,cepstrum,6203_PU_2905,12000.0,14000.0,4.2623,normal,1.0,-2.7613744972082315,0,-0.02,0.446,0.20173422948273004,3,0.015000000000000003
N09_M07_F10_KA07_13,KA07,artificial,outer_race,N09_M07_F10,899.73,cepstrum,6203_PU_2905,12000.0,14000.0,4.2833,normal,0.962,-1.1810193812698118,0,-0.02,0.114,1.5840674726095574,2,0.015000000000000003
N09_M07_F10_KA07_14,KA07,artificial,outer_race,N09_M07_F10,899.96,cepstrum,6203_PU_2905,10666.7,13333.3,5.2051,normal,1.0,-1.1899041973398448,0,0.016999999999999998,0.202,1.3340096885003954,2,0.015000000000000003
N09_M07_F10_KA07_15,KA07,artificial,outer_race,N09_M07_F10,899.82,cepstrum,6203_PU_2905,10666.7,13333.3,5.7181,normal,0.998,-1.4704117553654774,0,-0.02,0.252,0.5387620833282354,2,0.015000000000000003
N09_M07_F10_KA07_16,KA07,artificial,outer_race,N09_M07_F10,899.68,cepstrum,6203_PU_2905,12000.0,13333.3,5.1888,normal,0.916,-1.2153512454539186,0,0.02,0.32,0.7221745918036729,3,0.015000000000000003
N09_M07_F10_KA07_17,KA07,artificial,outer_race,N09_M07_F10,899.95,cepstrum,6203_PU_2905,12000.0,14000.0,5.7625,normal,0.946,-1.3157642378729502,0,0.009999999999999998,0.164,0.8464203321599475,2,0.015000000000000003
N09_M07_F10_KA07_18,KA07,artificial,outer_race,N09_M07_F10,899.83,cepstrum,6203_PU_2905,10666.7,13333.3,5.6114,normal,1.0,-1.6001510509503554,0,0.004,0.366,0.3268050740362123,2,0.015000000000000003
N09_M07_F10_KA07_19,KA07,artificial,outer_race,N09_M07_F10,899.63,cepstrum,6203_PU_2905,10000.0,12000.0,4.9099,normal,0.99,-2.5304297051907603,0,-0.017,0.366,0.36743418137076006,3,0.016999999999999998
N09_M07_F10_KA07_2,KA07,artificial,outer_race,N09_M07_F10,899.73,cepstrum,6203_PU_2905,12000.0,14000.0,5.356,normal,1.0,-1.5199736309751686,0,-0.013000000000000001,0.3,0.5112598249217025,3,0.016000000000000004
N09_M07_F10_KA07_20,KA07,artificial,outer_race,N09_M07_F10,899.68,cepstrum,6203_PU_2905,10666.7,13333.3,4.8223,normal,0.998,-1.9199164136819908,0,-0.018000000000000002,0.142,0.9701245783220496,3,0.015000000000000003
N09_M07_F10_KA07_3,KA07,artificial,outer_race,N09_M07_F10,899.87,cepstrum,6203_PU_2905,10666.7,13333.3,5.0496,normal,0.916,-0.9973609107397529,0,-0.0010000000000000009,0.41,0.3469031066781948,2,0.015000000000000003
N09_M07_F10_KA07_4,KA07,artificial,outer_race,N09_M07_F10,899.69,cepstrum,6203_PU_2905,10666.7,13333.3,4.5376,normal,0.944,-0.8683849038369987,0,-0.02,0.248,0.6880127338959172,3,0.016000000000000004
N09_M07_F10_KA07_5,KA07,artificial,outer_race,N09_M07_F10,899.93,cepstrum,6203_PU_2905,10000.0,12000.0,4.2799,normal,0.972,-1.5703500132403378,0,-0.018000000000000002,0.598,-0.4203141573194745,3,0.016999999999999998
N09_M07_F10_KA07_6,KA07,artificial,outer_race,N09_M07_F10,899.88,cepstrum,6203_PU_2905,12000.0,14000.0,5.5733,normal,0.976,-1.0739817550709732,0,0.02,0.28,0.817251788276598,4,0.016000000000000004
N09_M07_F10_KA07_7,KA07,artificial,outer_race,N09_M07_F10,899.56,cepstrum,6203_PU_2905,10666.7,13333.3,4.6844,normal,1.0,-1.6938597271944587,0,0.0010000000000000009,0.394,0.21260413688352647,3,0.016999999999999998
N09_M07_F10_KA07_8,KA07,artificial,outer_race,N09_M07_F10,899.75,cepstrum,6203_PU_2905,12000.0,14000.0,5.5305,normal,1.0,-1.4934724052947357,0,0.009999999999999998,0.424,0.07275498389675218,3,0.016000000000000004
N09_M07_F10_KA07_9,KA07,artificial,outer_race,N09_M07_F10,899.81,cepstrum,6203_PU_2905,10000.0,12000.0,4.5787,normal,0.99,-1.3694476073768276,0,-0.006,0.472,0.0768334705703479,2,0.015000000000000003
N09_M07_F10_KA08_1,KA08,artificial,outer_race,N09_M07_F10,899.75,cepstrum,6203_PU_2905,10666.7,13333.3,4.1929,normal,0.902,-0.7561350347514143,0,-0.013000000000000001,0.72,-0.5031153832826354,1,-0.002999999999999999
N09_M07_F10_KA08_10,KA08,artificial,outer_race,N09_M07_F10,899.55,cepstrum,6203_PU_2905,10666.7,13333.3,4.5669,normal,1.0,-1.8894153274457905,0,-0.009000000000000001,0.758,-0.6468564093153353,1,0.013000000000000001
N09_M07_F10_KA08_11,KA08,artificial,outer_race,N09_M07_F10,900.0,cepstrum,6203_PU_2905,10000.0,12000.0,6.3517,normal,0.704,-0.2182818380714831,0,0.02,0.234,0.8660000469845327,3,0.016999999999999998
N09_M07_F10_KA08_12,KA08,artificial,outer_race,N09_M07_F10,899.75,cepstrum,6203_PU_2905,8000.0,12000.0,4.1864,normal,0.856,-0.6614924363750064,0,0.019,0.518,-0.057506835137323034,1,0.013000000000000001
N09_M07_F10_KA08_13,KA08,artificial,outer_race,N09_M07_F10,899.95,cepstrum,6203_PU_2905,14000.0,15000.0,4.1923,normal,0.994,-1.4729309563651403,0,0.016999999999999998,0.31,1.0506744050836503,2,0.018
N09_M07_F10_KA08_14,KA08,artificial,outer_race,N09_M07_F10,899.83,cepstrum,6203_PU_2905,13333.3,14666.7,4.6028,normal,0.984,-1.762400497342614,0,-0.0010000000000000009,0.324,0.6827719469933026,3,0.016000000000000004
N09_M07_F10_KA08_15,KA08,artificial,outer_race,N09_M07_F10,899.84,cepstrum,6203_PU_2905,8000.0,12000.0,4.363,normal,0.906,-0.9260811496561292,0,-0.0019999999999999983,0.506,-0.008197779222918885,3,0.016999999999999998
N09_M07_F10_KA08_16,KA08,artificial,outer_race,N09_M07_F10,899.66,cepstrum,6203_PU_2905,14000.0,15000.0,5.1878,normal,0.964,-1.6852002159826636,0,0.004,0.246,0.7098245282356003,2,0.016000000000000004
N09_M07_F10_KA08_17,KA08,artificial,outer_race,N09_M07_F10,899.64,cepstrum,6203_PU_2905,10666.7,13333.3,4.4146,normal,0.934,-1.0327742237277542,0,0.02,0.322,0.42409950272868985,3,0.016999999999999998
N09_M07_F10_KA08_18,KA08,artificial,outer_race,N09_M07_F10,899.89,cepstrum,6203_PU_2905,14000.0,15000.0,4.2766,normal,0.968,-1.751929012528791,0,-0.015,0.422,0.231612998496503,3,0.016999999999999998
N09_M07_F10_KA08_19,KA08,artificial,outer_race,N09_M07_F10,899.87,cepstrum,6203_PU_2905,10666.7,13333.3,4.4005,normal,0.99,-1.3790485704383904,0,0.0010000000000000009,0.714,-0.5418830435005105,3,0.016000000000000004
N09_M07_F10_KA08_2,KA08,artificial,outer_race,N09_M07_F10,899.75,cepstrum,6203_PU_2905,10666.7,13333.3,4.1726,normal,0.582,-0.09097799385333438,0,0.02,0.396,0.23478894295289715,3,0.016999999999999998
N09_M07_F10_KA08_20,KA08,artificial,outer_race,N09_M07_F10,899.75,cepstrum,6203_PU_2905,10666.7,13333.3,4.8182,normal,0.82,-0.7192941093387524,0,0.019,0.38,0.3942021296154554,1,0.014000000000000002
N09_M07_F10_KA08_3,KA08,artificial,outer_race,N09_M07_F10,899.65,cepstrum,6203_PU_2905,10666.7,13333.3,5.0946,normal,1.0,-3.2074797508099984,0,0.0,0.41,0.3106119817102402,3,0.016000000000000004
N09_M07_F10_KA08_4,KA08,artificial,outer_race,N09_M07_F10,899.79,cepstrum,6203_PU_2905,10666.7,13333.3,4.897,normal,0.954,-1.4917591349261832,0,0.018,0.29,0.49689061754392594,3,0.016999999999999998
N09_M07_F10_KA08_5,KA08,artificial,outer_race,N09_M07_F10,899.76,cepstrum,6203_PU_2905,10666.7,13333.3,5.1782,normal,0.714,-0.6696306919246652,0,0.016999999999999998,0.316,0.4869056682773672,1,0.013000000000000001
N09_M07_F10_KA08_6,KA08,artificial,outer_race,N09_M07_F10,899.78,cepstrum,6203_PU_2905,12000.0,14000.0,5.5583,normal,1.0,-2.4085444146228236,0,0.018,0.344,0.5426641102111206,3,0.016000000000000004
N09_M07_F10_KA08_7,KA08,artificial,outer_race,N09_M07_F10,899.71,cepstrum,6203_PU_2905,13333.3,14666.7,6.004,normal,0.94,-1.3616174059530683,0,0.018,0.616,-0.2155672719227979,2,0.016000000000000004
N09_M07_F10_KA08_8,KA08,artificial,outer_race,N09_M07_F10,899.77,cepstrum,6203_PU_2905,8000.0,12000.0,4.1138,normal,0.992,-1.27499556084444,0,0.016999999999999998,0.712,-0.5022932741668691,0,-0.012
N09_M07_F10_KA08_9,KA08,artificial,outer_race,N09_M07_F10,899.84,cepstrum,6203_PU_2905,12000.0,14000.0,5.3428,normal,0.824,-1.4689852525755336,0,0.02,0.442,0.2180882970430187,2,0.018
N09_M07_F10_KA09_1,KA09,artificial,outer_race,N09_M07_F10,899.64,cepstrum,6203_PU_2905,10000.0,12000.0,4.8222,normal,0.99,-1.5439998153192238,0,-0.0010000000000000009,0.268,0.5263446281856347,2,0.015000000000000003
N09_M07_F10_KA09_10,KA09,artificial,outer_race,N09_M07_F10,900.15,cepstrum,6203_PU_2905,10666.7,13333.3,4.9954,normal,0.922,-1.0441722111517198,0,0.016999999999999998,0.3,0.600632869177236,2,0.015000000000000003
N09_M07_F10_KA09_11,KA09,artificial,outer_race,N09_M07_F10,899.69,cepstrum,6203_PU_2905,10666.7,13333.3,4.7404,normal,1.0,-1.2226883992156854,0,-0.02,0.25,0.9404657916627799,2,0.015000000000000003
N09_M07_F10_KA09_12,KA09,artificial,outer_race,N09_M07_F10,898.65,cepstrum,6203_PU_2905,8000.0,9333.3,3.9675,normal,0.994,-1.7212540917980423,0,0.02,0.256,1.1192843660230822,3,0.019
N09_M07_F10_KA09_13,KA09,artificial,outer_race,N09_M07_F10,899.86,cepstrum,6203_PU_2905,5333.3,10666.7,4.1578,normal,0.834,-1.1723245072800021,0,0.016999999999999998,0.158,1.4693969801592872,2,0.015000000000000003
N09_M07_F10_KA09_14,KA09,artificial,outer_race,N09_M07_F10,899.63,cepstrum,6203_PU_2905,10666.7,13333.3,4.7241,normal,0.996,-1.6520425987756122,0,0.018,0.462,0.2951512349211698,2,0.015000000000000003
N09_M07_F10_KA09_15,KA09,artificial,outer_race,N09_M07_F10,899.65,cepstrum,6203_PU_2905,8000.0,10666.7,4.4878,normal,0.81,-0.606206256921305,0,-0.013000000000000001,0.294,0.38628700276462946,3,0.018
N09_M07_F10_KA09_16,KA09,artificial,outer_race,N09_M07_F10,899.81,cepstrum,6203_PU_2905,10666.7,13333.3,4.8069,normal,0.986,-1.8944231711517183,0,-0.013000000000000001,0.108,1.7093522771039544,2,0.015000000000000003
N09_M07_F10_KA09_17,KA09,artificial,outer_race,N09_M07_F10,899.85,cepstrum,6203_PU_2905,12000.0,14000.0,5.9872,normal,0.986,-1.4128041234328141,0,-0.0010000000000000009,0.292,0.7600871820118363,3,0.016999999999999998
N09_M07_F10_KA09_18,KA09,artificial,outer_race,N09_M07_F10,899.67,cepstrum,6203_PU_2905,10666.7,13333.3,4.6803,normal,0.716,-0.42864191783556244,0,0.02,0.286,0.5572819828871795,2,0.015000000000000003
N09_M07_F10_KA09_19,KA09,artificial,outer_race,N09_M07_F10,899.9,cepstrum,6203_PU_2905,10666.7,13333.3,4.7649,normal,0.994,-1.2494653231655268,0,-0.002999999999999999,0.268,0.5382898779466226,3,0.016000000000000004
N09_M07_F10_KA09_2,KA09,artificial,outer_race,N09_M07_F10,899.95,cepstrum,6203_PU_2905,13333.3,14666.7,4.63,normal,0.804,-0.8118078848406997,0,-0.006,0.452,0.1287438013706753,3,0.016999999999999998
N09_M07_F10_KA09_20,KA09,artificial,outer_race,N09_M07_F10,899.27,cepstrum,6203_PU_2905,10666.7,13333.3,4.8882,normal,0.53,-0.23767353652225284,0,0.018,0.474,0.14956693476914387,3,0.016999999999999998
N09_M07_F10_KA09_3,KA09,artificial,outer_race,N09_M07_F10,899.35,cepstrum,6203_PU_2905,12000.0,14000.0,5.7048,normal,0.968,-1.5766146765523774,0,-0.017,0.206,0.7257588904482755,3,0.016999999999999998
N09_M07_F10_KA09_4,KA09,artificial,outer_race,N09_M07_F10,899.92,cepstrum,6203_PU_2905,10666.7,13333.3,4.6954,normal,0.998,-1.181399368619114,0,-0.017,0.398,0.4518218285532813,2,0.014000000000000002
N09_M07_F10_KA09_5,KA09,artificial,outer_race,N09_M07_F10,900.16,cepstrum,6203_PU_2905,10000.0,12000.0,5.4719,normal,0.906,-1.1437396518856373,0,-0.005000000000000001,0.386,0.4936612143392044,3,0.016000000000000004
N09_M07_F10_KA09_6,KA09,artificial,outer_race,N09_M07_F10,899.67,cepstrum,6203_PU_2905,10666.7,13333.3,4.5096,normal,0.79,-0.9408947858543537,0,0.0019999999999999983,0.176,1.301680610171429,3,0.016000000000000004
N09_M07_F10_KA09_7,KA09,artificial,outer_race,N09_M07_F10,899.54,cepstrum,6203_PU_2905,12000.0,14000.0,4.7576,normal,0.886,-1.3031484848618466,0,-0.013000000000000001,0.272,0.882302240940903,2,0.015000000000000003
N09_M07_F10_KA09_8,KA09,artificial,outer_race,N09_M07_F10,899.97,cepstrum,6203_PU_2905,10666.7,13333.3,4.7596,normal,0.658,-0.5309110029308362,0,-0.02,0.504,-0.032291903547118674,2,0.015000000000000003
N09_M07_F10_KA09_9,KA09,artificial,outer_race,N09_M07_F10,899.5,cepstrum,6203_PU_2905,4000.0,5000.0,5.5055,normal,0.894,-1.9513216894157654,0,0.016999999999999998,0.196,0.8377820133550119,2,0.016000000000000004
N09_M07_F10_KA15_1,KA15,real,outer_race,N09_M07_F10,899.61,cepstrum,6203_PU_2855,10666.7,13333.3,5.2769,normal,0.204,3.682443464091326,0,-0.019,0.102,2.825487206513204,3,0.012
N09_M07_F10_KA15_10,KA15,real,outer_race,N09_M07_F10,899.5,cepstrum,6203_PU_2855,12000.0,14000.0,5.0452,normal,0.2,1.8647944824528304,0,-0.019,0.202,2.0036217426227436,3,0.011
N09_M07_F10_KA15_11,KA15,real,outer_race,N09_M07_F10,899.83,cepstrum,6203_PU_2855,10666.7,13333.3,5.718,normal,0.138,1.8264247952703054,2,-0.019,0.1,1.8906484644073762,9,0.009999999999999998
N09_M07_F10_KA15_12,KA15,real,outer_race,N09_M07_F10,899.67,cepstrum,6203_PU_2855,10666.7,13333.3,5.7027,normal,0.13,1.5497938324774787,0,-0.019,0.194,2.0341075588675808,3,0.011
N09_M07_F10_KA15_13,KA15,real,outer_race,N09_M07_F10,899.8,cepstrum,6203_PU_2855,10666.7,13333.3,4.8186,normal,0.188,1.1435343786051475,0,-0.019,0.098,2.2728278382663865,3,0.009999999999999998
N09_M07_F10_KA15_14,KA15,real,outer_race,N09_M07_F10,899.82,cepstrum,6203_PU_2855,10666.7,13333.3,5.1871,normal,0.232,1.2216965053509117,0,-0.017,0.122,1.635130687189393,3,0.011
N09_M07_F10_KA15_15,KA15,real,outer_race,N09_M07_F10,899.61,cepstrum,6203_PU_2855,12000.0,14000.0,5.7934,normal,0.124,1.9515403654539072,1,-0.019,0.1,2.455351294516757,4,0.011
N09_M07_F10_KA15_16,KA15,real,outer_race,N09_M07_F10,899.86,cepstrum,6203_PU_2855,12000.0,14000.0,5.4004,normal,0.204,1.315351130170639,0,-0.017,0.198,2.0310125744127943,3,0.009999999999999998
N09_M07_F10_KA15_17,KA15,real,outer_race,N09_M07_F10,899.88,cepstrum,6203_PU_2855,12000.0,14000.0,5.1481,normal,0.184,2.957192882091299,0,-0.019,0.038,1.8991464262901927,4,0.011
N09_M07_F10_KA15_18,KA15,real,outer_race,N09_M07_F10,899.78,cepstrum,6203_PU_2855,10666.7,13333.3,5.2118,normal,0.206,2.516234456358918,0,-0.019,0.072,1.7633730154935525,3,0.009999999999999998
N09_M07_F10_KA15_19,KA15,real,outer_race,N09_M07_F10,899.68,cepstrum,6203_PU_2855,12000.0,14000.0,5.6281,normal,0.334,0.5203290914645187,0,-0.009000000000000001,0.136,0.850461798223554,3,0.009999999999999998
N09_M07_F10_KA15_2,KA15,real,outer_race,N09_M07_F10,899.86,cepstrum,6203_PU_2855,13333.3,14666.7,5.1777,normal,0.228,1.2800785609016607,0,-0.018000000000000002,0.12,1.415697016330039,3,0.012
N09_M07_F10_KA15_20,KA15,real,outer_race,N09_M07_F10,899.85,cepstrum,6203_PU_2855,10666.7,13333.3,5.1064,normal,0.186,2.4224461951689227,0,-0.017,0.234,0.7589606572412795,3,0.011
N09_M07_F10_KA15_3,KA15,real,outer_race,N09_M07_F10,899.72,cepstrum,6203_PU_2855,12000.0,14000.0,5.2314,normal,0.118,3.7822303482524315,0,-0.018000000000000002,0.124,2.0757642983004687,3,0.009999999999999998
N09_M07_F10_KA15_4,KA15,real,outer_race,N09_M07_F10,899.66,cepstrum,6203_PU_2855,12000.0,14000.0,5.5995,normal,0.182,4.803652979270923,0,-0.019,0.17,1.3323553249986115,3,0.009999999999999998
N09_M07_F10_KA15_5,KA15,real,outer_race,N09_M07_F10,899.87,cepstrum,6203_PU_2855,13333.3,14666.7,5.6872,normal,0.19,2.6592856743586677,0,-0.019,0.102,1.9902504574828093,3,0.009999999999999998
N09_M07_F10_KA15_6,KA15,real,outer_race,N09_M07_F10,899.86,cepstrum,6203_PU_2855,12000.0,14000.0,6.1009,normal,0.148,1.618986425318049,1,-0.016,0.062,1.952052522793812,6,0.012
N09_M07_F10_KA15_7,KA15,real,outer_race,N09_M07_F10,900.02,cepstrum,6203_PU_2855,10666.7,13333.3,5.5234,normal,0.14,3.8308931471101726,0,-0.018000000000000002,0.088,1.5506993352005558,3,0.009999999999999998
N09_M07_F10_KA15_8,KA15,real,outer_race,N09_M07_F10,899.73,cepstrum,6203_PU_2855,10666.7,13333.3,5.041,normal,0.332,0.2429697001821474,0,-0.009000000000000001,0.354,1.2037809671193027,3,0.012
N09_M07_F10_KA15_9,KA15,real,outer_race,N09_M07_F10,899.84,cepstrum,6203_PU_2855,10666.7,13333.3,5.663,normal,0.194,0.64625558301012,0,-0.019,0.254,1.1252076606478456,3,0.011
N09_M07_F10_KA16_1,KA16,real,outer_race,N09_M07_F10,899.68,cepstrum,6203_PU_2905,13333.3,14666.7,5.2637,normal,0.328,0.6471234192597998,0,-0.02,0.116,1.0403613298029253,3,0.014000000000000002
N09_M07_F10_KA16_10,KA16,real,outer_race,N09_M07_F10,899.68,cepstrum,6203_PU_2905,12000.0,14000.0,4.4706,normal,0.628,-0.49054381295764515,0,-0.02,0.134,0.8680327268904104,3,0.014000000000000002
N09_M07_F10_KA16_11,KA16,real,outer_race,N09_M07_F10,899.3,cepstrum,6203_PU_2905,12000.0,14000.0,4.8514,normal,0.312,1.09259540683308,0,-0.02,0.176,1.1975519334236653,3,0.013000000000000001
N09_M07_F10_KA16_12,KA16,real,outer_race,N09_M07_F10,899.89,cepstrum,6203_PU_2905,10666.7,13333.3,4.5976,normal,0.24,1.2809165279941372,0,0.0010000000000000009,0.118,2.060705664827983,3,0.014000000000000002
N09_M07_F10_KA16_13,KA16,real,outer_race,N09_M07_F10,899.78,cepstrum,6203_PU_2905,13333.3,14666.7,5.3549,normal,0.552,-0.030380254370145344,0,-0.02,0.136,1.1696856631850139,3,0.015000000000000003
N09_M07_F10_KA16_14,KA16,real,outer_race,N09_M07_F10,899.83,cepstrum,6203_PU_2905,14000.0,15000.0,4.7648,normal,0.622,-0.42525729646932703,0,-0.019,0.118,1.4420704957059696,3,0.013000000000000001
N09_M07_F10_KA16_15,KA16,real,outer_race,N09_M07_F10,899.8,cepstrum,6203_PU_2905,12000.0,14000.0,4.9035,normal,0.554,-0.14319250874988962,0,0.0010000000000000009,0.134,1.7320951652849872,3,0.013000000000000001
N09_M07_F10_KA16_16,KA16,real,outer_race,N09_M07_F10,899.76,cepstrum,6203_PU_2905,12000.0,14000.0,5.0192,normal,0.328,0.4503101577541653,0,-0.02,0.116,1.2893182828025458,3,0.014000000000000002
N09_M07_F10_KA16_17,KA16,real,outer_race,N09_M07_F10,899.63,cepstrum,6203_PU_2905,12000.0,14000.0,5.2682,normal,0.87,-0.7361986888085627,0,-0.02,0.116,1.8969376105254179,3,0.014000000000000002
N09_M07_F10_KA16_18,KA16,real,outer_race,N09_M07_F10,899.66,cepstrum,6203_PU_2905,14000.0,15000.0,5.266,normal,0.914,-0.9456509275181175,0,-0.019,0.12,1.375409127631433,3,0.014000000000000002
N09_M07_F10_KA16_19,KA16,real,outer_race,N09_M07_F10,899.53,cepstrum,6203_PU_2905,12000.0,14000.0,4.7425,normal,0.658,-0.5634995532577478,0,-0.02,0.044,1.8121082937608417,3,0.014000000000000002
N09_M07_F10_KA16_2,KA16,real,outer_race,N09_M07_F10,899.85,cepstrum,6203_PU_2905,12000.0,14000.0,5.1625,normal,0.532,-0.08455436988325386,0,0.019,0.116,1.6687218056606345,3,0.014000000000000002
N09_M07_F10_KA16_20,KA16,real,outer_race,N09_M07_F10,899.88,cepstrum,6203_PU_2905,12000.0,14000.0,4.8319,normal,0.23,1.39035816810741,0,-0.02,0.116,1.3165573973125257,3,0.014000000000000002
N09_M07_F10_KA16_3,KA16,real,outer_race,N09_M07_F10,899.61,cepstrum,6203_PU_2905,14000.0,15000.0,4.796,normal,0.37,0.3490548984690618,0,-0.02,0.134,1.644759775730462,3,0.014000000000000002
N09_M07_F10_KA16_4,KA16,real,outer_race,N09_M07_F10,899.42,cepstrum,6203_PU_2905,10666.7,13333.3,4.4745,normal,0.23,1.3869063846297394,0,0.0010000000000000009,0.136,1.6049670277986046,3,0.015000000000000003
N09_M07_F10_KA16_5,KA16,real,outer_race,N09_M07_F10,899.79,cepstrum,6203_PU_2905,10666.7,13333.3,4.3784,normal,0.198,3.241858785829856,0,-0.0010000000000000009,0.054,1.4147701200780047,3,0.014000000000000002
N09_M07_F10_KA16_6,KA16,real,outer_race,N09_M07_F10,899.99,cepstrum,6203_PU_2905,14000.0,15000.0,5.3298,normal,0.59,-0.1287545780807337,0,0.018,0.2,1.1535529032241156,3,0.014000000000000002
N09_M07_F10_KA16_7,KA16,real,outer_race,N09_M07_F10,899.37,cepstrum,6203_PU_2905,12000.0,14000.0,4.7859,normal,0.664,-0.5036777096378934,0,-0.02,0.116,1.7524574880495247,3,0.014000000000000002
N09_M07_F10_KA16_8,KA16,real,outer_race,N09_M07_F10,899.54,cepstrum,6203_PU_2905,12000.0,14000.0,4.5952,normal,0.364,0.15453831376275662,0,-0.02,0.12,1.8028492545407884,4,0.013000000000000001
N09_M07_F10_KA16_9,KA16,real,outer_race,N09_M07_F10,899.86,cepstrum,6203_PU_2905,14000.0,15000.0,4.6067,normal,0.912,-1.708678830614595,0,-0.02,0.12,1.1010634147267961,3,0.015000000000000003
N09_M07_F10_KA22_1,KA22,real,outer_race,N09_M07_F10,899.49,cepstrum,6203_PU_2905,10666.7,13333.3,5.8656,normal,0.208,1.0699679928323558,1,-0.02,0.116,1.5877881499403088,7,0.014000000000000002
N09_M07_F10_KA22_10,KA22,real,outer_race,N09_M07_F10,899.8,cepstrum,6203_PU_2905,10666.7,13333.3,5.7076,normal,0.538,-0.114670082880952,1,-0.02,0.054,1.5578296907964106,5,0.014000000000000002
N09_M07_F10_KA22_11,KA22,real,outer_race,N09_M07_F10,899.76,cepstrum,6203_PU_2905,10666.7,13333.3,6.0692,normal,0.35,0.37306936856487605,0,-0.02,0.15,1.3828301624703012,3,0.015000000000000003
N09_M07_F10_KA22_12,KA22,real,outer_race,N09_M07_F10,899.64,cepstrum,6203_PU_2905,10666.7,13333.3,5.9819,normal,0.314,0.6258560935408275,1,-0.02,0.052,2.550084946927585,5,0.014000000000000002
N09_M07_F10_KA22_13,KA22,real,outer_race,N09_M07_F10,899.87,cepstrum,6203_PU_2905,10666.7,13333.3,5.9494,normal,0.336,0.18005831286399343,0,-0.01,0.216,1.1216741870332088,3,0.014000000000000002
N09_M07_F10_KA22_14,KA22,real,outer_race,N09_M07_F10,899.7,cepstrum,6203_PU_2905,10666.7,13333.3,6.0293,normal,0.5,0.0006924559281851694,0,-0.014,0.114,1.2963601029009453,3,0.015000000000000003
N09_M07_F10_KA22_15,KA22,real,outer_race,N09_M07_F10,899.74,cepstrum,6203_PU_2905,10000.0,12000.0,6.551,normal,0.574,-0.32496198189042796,0,-0.004,0.216,1.3520122758424489,3,0.015000000000000003
N09_M07_F10_KA22_16,KA22,real,outer_race,N09_M07_F10,899.99,cepstrum,6203_PU_2905,10666.7,13333.3,5.7943,normal,0.942,-1.4949053640693575,0,-0.013000000000000001,0.118,1.5958472842488427,3,0.014000000000000002
N09_M07_F10_KA22_17,KA22,real,outer_race,N09_M07_F10,899.79,cepstrum,6203_PU_2905,10666.7,13333.3,5.4317,normal,0.48,0.027616421653151826,0,-0.02,0.118,1.0696610333093193,4,0.015000000000000003
N09_M07_F10_KA22_18,KA22,real,outer_race,N09_M07_F10,899.56,cepstrum,6203_PU_2905,10666.7,13333.3,5.5633,normal,0.414,0.45382812546545825,0,-0.02,0.122,1.7280505730121223,3,0.015000000000000003
N09_M07_F10_KA22_19,KA22,real,outer_race,N09_M07_F10,899.78,cepstrum,6203_PU_2905,12000.0,14000.0,6.1857,normal,0.33,0.2718547935838313,0,-0.002999999999999999,0.276,0.7304122022932674,3,0.014000000000000002
N09_M07_F10_KA22_2,KA22,real,outer_race,N09_M07_F10,899.81,cepstrum,6203_PU_2905,10666.7,13333.3,5.899,normal,0.376,0.3527498146729319,0,-0.014,0.156,1.9091273615771924,3,0.014000000000000002
N09_M07_F10_KA22_20,KA22,real,outer_race,N09_M07_F10,899.64,cepstrum,6203_PU_2905,10666.7,13333.3,5.8445,normal,0.234,1.2568594118085767,0,-0.02,0.174,1.4649863702842127,4,0.014000000000000002
N09_M07_F10_KA22_3,KA22,real,outer_race,N09_M07_F10,899.76,cepstrum,6203_PU_2905,12000.0,14000.0,5.715,normal,0.256,1.6103975187999513,0,-0.02,0.1,2.2104305507636157,4,0.013000000000000001
N09_M07_F10_KA22_4,KA22,real,outer_race,N09_M07_F10,899.6,cepstrum,6203_PU_2905,10666.7,13333.3,6.3009,normal,0.574,-0.35853592474439344,0,-0.019,0.232,0.7865371205433742,4,0.015000000000000003
N09_M07_F10_KA22_5,KA22,real,outer_race,N09_M07_F10,899.56,cepstrum,6203_PU_2905,10666.7,13333.3,6.2409,normal,0.852,-0.9834020684932094,0,-0.019,0.116,1.8147867584965327,4,0.015000000000000003
N09_M07_F10_KA22_6,KA22,real,outer_race,N09_M07_F10,899.7,cepstrum,6203_PU_2905,12000.0,14000.0,5.7112,normal,0.222,1.3339080350833208,0,-0.013000000000000001,0.074,1.674117514691699,3,0.013000000000000001
N09_M07_F10_KA22_7,KA22,real,outer_race,N09_M07_F10,898.96,cepstrum,6203_PU_2905,10666.7,12000.0,5.4948,normal,0.828,-0.6501700331342939,0,0.018,0.292,0.592582828177411,3,0.014000000000000002
N09_M07_F10_KA22_8,KA22,real,outer_race,N09_M07_F10,899.44,cepstrum,6203_PU_2905,10666.7,13333.3,5.5662,normal,0.966,-1.5987624904558302,0,-0.013000000000000001,0.09,1.5622664472890173,3,0.015000000000000003
N09_M07_F10_KA22_9,KA22,real,outer_race,N09_M07_F10,900.07,cepstrum,6203_PU_2905,10666.7,12000.0,5.5995,normal,0.552,-0.19310331998525648,0,-0.019,0.272,0.9353650399285864,3,0.013000000000000001
N09_M07_F10_KA30_1,KA30,real,outer_race,N09_M07_F10,899.82,cepstrum,6203_PU_2905,10666.7,13333.3,3.9187,normal,0.848,-1.1007681772513855,0,0.019,0.198,0.846035746597417,3,0.015000000000000003
N09_M07_F10_KA30_10,KA30,real,outer_race,N09_M07_F10,899.84,cepstrum,6203_PU_2905,10666.7,13333.3,5.0557,normal,0.834,-0.7270529400084352,0,-0.019,0.218,1.2320003147551506,3,0.015000000000000003
N09_M07_F10_KA30_11,KA30,real,outer_race,N09_M07_F10,899.7,cepstrum,6203_PU_2905,10666.7,13333.3,7.4188,normal,0.902,-1.184546482114821,0,-0.006999999999999999,0.544,-0.0956863394471525,3,0.015000000000000003
N09_M07_F10_KA30_12,KA30,real,outer_race,N09_M07_F10,899.74,cepstrum,6203_PU_2905,12000.0,14000.0,7.9711,normal,1.0,-0.9859716732241589,0,-0.006999999999999999,0.62,-0.37015047448888266,3,0.015000000000000003
N09_M07_F10_KA30_13,KA30,real,outer_race,N09_M07_F10,899.48,cepstrum,6203_PU_2905,10000.0,12000.0,6.7513,normal,0.956,-2.540461245318154,0,-0.011,0.37,0.19062875864095402,3,0.016000000000000004
N09_M07_F10_KA30_14,KA30,real,outer_race,N09_M07_F10,899.77,cepstrum,6203_PU_2905,10666.7,13333.3,7.7007,normal,0.824,-0.9091060422085343,0,0.0,0.366,0.45625497633670803,3,0.015000000000000003
N09_M07_F10_KA30_15,KA30,real,outer_race,N09_M07_F10,899.67,cepstrum,6203_PU_2905,13333.3,14666.7,6.2394,normal,0.998,-1.4602409442756132,0,-0.018000000000000002,0.334,0.30602424010756873,3,0.015000000000000003
N09_M07_F10_KA30_16,KA30,real,outer_race,N09_M07_F10,899.87,cepstrum,6203_PU_2905,8000.0,12000.0,6.2244,normal,0.984,-2.2378603537858575,0,-0.019,0.388,0.5948582248569723,3,0.016000000000000004
N09_M07_F10_KA30_17,KA30,real,outer_race,N09_M07_F10,899.74,cepstrum,6203_PU_2905,10666.7,13333.3,8.6782,normal,0.99,-1.082722233235951,0,-0.005000000000000001,0.618,-0.44764969524488746,3,0.015000000000000003
N09_M07_F10_KA30_18,KA30,real,outer_race,N09_M07_F10,899.89,cepstrum,6203_PU_2905,10666.7,13333.3,7.2943,normal,0.974,-1.6062241066839635,0,0.018,0.42,0.3174191492045803,3,0.015000000000000003
N09_M07_F10_KA30_19,KA30,real,outer_race,N09_M07_F10,899.65,cepstrum,6203_PU_2905,10666.7,13333.3,7.7548,normal,1.0,-1.9123183031445532,0,-0.004,0.42,0.16166096143618572,3,0.015000000000000003
N09_M07_F10_KA30_2,KA30,real,outer_race,N09_M07_F10,899.58,cepstrum,6203_PU_2905,5333.3,10666.7,1.4935,normal,0.998,-1.108838295428864,0,-0.02,0.234,0.8391540549994156,2,0.016000000000000004
N09_M07_F10_KA30_20,KA30,real,outer_race,N09_M07_F10,899.72,cepstrum,6203_PU_2905,10666.7,13333.3,6.1407,normal,0.97,-1.197737630474346,0,-0.013000000000000001,0.456,0.1351133379585573,3,0.015000000000000003
N09_M07_F10_KA30_3,KA30,real,outer_race,N09_M07_F10,899.64,cepstrum,6203_PU_2905,10666.7,13333.3,7.0186,normal,0.988,-1.6628134632609615,0,0.016999999999999998,0.242,1.035588406525977,3,0.015000000000000003
N09_M07_F10_KA30_4,KA30,real,outer_race,N09_M07_F10,899.88,cepstrum,6203_PU_2905,12000.0,14000.0,6.2586,normal,1.0,-2.3491297112506855,0,-0.008,0.282,0.5223995162627679,3,0.016000000000000004
N09_M07_F10_KA30_5,KA30,real,outer_race,N09_M07_F10,899.84,cepstrum,6203_PU_2905,10000.0,11000.0,2.2259,normal,0.592,-0.21499993875828421,0,-0.005000000000000001,0.596,-0.29747245565410946,1,0.019
N09_M07_F10_KA30_6,KA30,real,outer_race,N09_M07_F10,899.96,cepstrum,6203_PU_2905,12000.0,14000.0,7.2652,normal,0.994,-1.3208855403556619,0,-0.02,0.328,0.956046157466733,3,0.015000000000000003
N09_M07_F10_KA30_7,KA30,real,outer_race,N09_M07_F10,899.67,cepstrum,6203_PU_2905,12000.0,14000.0,7.2676,normal,0.978,-1.174037700358614,0,-0.02,0.212,0.6625017178925611,3,0.016999999999999998
N09_M07_F10_KA30_8,KA30,real,outer_race,N09_M07_F10,899.84,cepstrum,6203_PU_2905,10666.7,13333.3,3.062,normal,0.924,-1.8488846133138037,0,-0.02,0.264,0.5731569951276114,3,0.015000000000000003
N09_M07_F10_KA30_9,KA30,real,outer_race,N09_M07_F10,899.73,cepstrum,6203_PU_2905,13333.3,14666.7,1.5546,normal,0.656,-0.4732033315896855,0,0.006999999999999999,0.46,0.050173285561468134,1,0.016000000000000004
N09_M07_F10_KI01_1,KI01,artificial,inner_race,N09_M07_F10,899.72,cepstrum,6203_PU_2905,9333.3,10666.7,12.3983,inner_race,0.748,-0.569776249143915,1,-0.019,0.002,2.9878691086101825,25,-0.0010000000000000009
N09_M07_F10_KI01_10,KI01,artificial,inner_race,N09_M07_F10,899.76,cepstrum,6203_PU_2905,9000.0,10000.0,12.1866,inner_race,0.4,0.28792857710420044,1,-0.019,0.002,2.969862823937915,25,-0.0010000000000000009
N09_M07_F10_KI01_11,KI01,artificial,inner_race,N09_M07_F10,899.72,cepstrum,6203_PU_2905,9333.3,10666.7,13.9431,inner_race,0.446,0.1465671965708003,1,-0.019,0.002,4.494031849417348,24,-0.0010000000000000009
N09_M07_F10_KI01_12,KI01,artificial,inner_race,N09_M07_F10,899.68,cepstrum,6203_PU_2905,9333.3,10666.7,13.9135,inner_race,0.526,-0.17641483127800037,1,-0.019,0.002,3.085167794819519,25,-0.0010000000000000009
N09_M07_F10_KI01_13,KI01,artificial,inner_race,N09_M07_F10,899.74,cepstrum,6203_PU_2905,9333.3,10666.7,13.6074,inner_race,0.922,-1.7855585790006978,1,-0.019,0.002,3.6945085833572504,21,-0.0010000000000000009
N09_M07_F10_KI01_14,KI01,artificial,inner_race,N09_M07_F10,899.74,cepstrum,6203_PU_2905,9333.3,10666.7,18.5078,inner_race,0.338,0.7148079793645801,0,-0.019,0.002,3.2093600358799343,24,-0.0010000000000000009
N09_M07_F10_KI01_15,KI01,artificial,inner_race,N09_M07_F10,899.77,cepstrum,6203_PU_2905,9333.3,10666.7,14.3022,inner_race,0.194,2.342274361216141,1,-0.019,0.002,3.2280316351156513,24,-0.0010000000000000009
N09_M07_F10_KI01_16,KI01,artificial,inner_race,N09_M07_F10,899.74,cepstrum,6203_PU_2905,9333.3,10666.7,13.9415,inner_race,0.076,1.4167189691823394,1,-0.019,0.002,3.007939087569534,25,-0.0010000000000000009
N09_M07_F10_KI01_17,KI01,artificial,inner_race,N09_M07_F10,899.73,cepstrum,6203_PU_2905,9333.3,10666.7,11.5276,inner_race,0.528,-0.011225583756053528,1,-0.019,0.002,3.55417600889747,24,-0.0010000000000000009
N09_M07_F10_KI01_18,KI01,artificial,inner_race,N09_M07_F10,899.82,cepstrum,6203_PU_2905,9333.3,10666.7,14.8532,inner_race,0.644,-0.10583489150019885,1,-0.02,0.002,3.13194257236565,25,-0.0010000000000000009
N09_M07_F10_KI01_19,KI01,artificial,inner_race,N09_M07_F10,899.77,cepstrum,6203_PU_2905,9333.3,10666.7,12.6754,inner_race,0.962,-1.1864620068616605,1,-0.02,0.002,3.180107019243889,25,-0.0010000000000000009
N09_M07_F10_KI01_2,KI01,artificial,inner_race,N09_M07_F10,899.72,cepstrum,6203_PU_2905,9333.3,10666.7,14.0217,inner_race,0.444,0.20242411307458255,1,-0.019,0.002,2.9809039674985165,23,-0.0010000000000000009
N09_M07_F10_KI01_20,KI01,artificial,inner_race,N09_M07_F10,899.78,cepstrum,6203_PU_2905,9333.3,10666.7,13.4383,inner_race,0.104,1.2592211186720204,1,-0.019,0.002,3.6029640678735055,22,-0.0010000000000000009
N09_M07_F10_KI01_3,KI01,artificial,inner_race,N09_M07_F10,899.73,cepstrum,6203_PU_2905,9333.3,10666.7,10.4971,inner_race,0.974,-1.522606193342475,0,-0.02,0.002,4.433868418723875,23,-0.0010000000000000009
N09_M07_F10_KI01_4,KI01,artificial,inner_race,N09_M07_F10,899.72,cepstrum,6203_PU_2905,9333.3,10666.7,14.963,inner_race,0.58,-0.06594601803277278,0,-0.019,0.002,3.6659414500239174,25,-0.0010000000000000009
N09_M07_F10_KI01_5,KI01,artificial,inner_race,N09_M07_F10,899.74,cepstrum,6203_PU_2905,9333.3,10666.7,13.1562,inner_race,0.162,0.6528954959442815,1,-0.019,0.002,2.6029748739374203,22,-0.0010000000000000009
N09_M07_F10_KI01_6,KI01,artificial,inner_race,N09_M07_F10,899.8,cepstrum,6203_PU_2905,9333.3,10666.7,13.3313,inner_race,0.89,-0.9925609338483221,0,-0.012,0.004,3.1661671070666437,24,-0.0010000000000000009
N09_M07_F10_KI01_7,KI01,artificial,inner_race,N09_M07_F10,899.69,cepstrum,6203_PU_2905,9333.3,10666.7,11.3642,inner_race,0.99,-1.3257917462196582,1,-0.019,0.002,3.684474551771526,24,-0.0010000000000000009
N09_M07_F10_KI01_8,KI01,artificial,inner_race,N09_M07_F10,899.74,cepstrum,6203_PU_2905,9333.3,10666.7,16.4471,inner_race,0.306,0.938272528706813,1,-0.019,0.004,3.03830488862626,25,-0.0010000000000000009
N09_M07_F10_KI01_9,KI01,artificial,inner_race,N09_M07_F10,899.75,cepstrum,6203_PU_2905,9333.3,10666.7,13.1346,inner_race,0.408,0.1132297561708102,1,-0.02,0.002,2.7855660234077564,24,-0.0010000000000000009
N09_M07_F10_KI03_1,KI03,artificial,inner_race,N09_M07_F10,899.95,cepstrum,6203_PU_2905,13000.0,14000.0,5.2899,normal,0.404,0.4315448010260908,0,-0.02,0.168,1.7272610331701708,3,0.015000000000000003
N09_M07_F10_KI03_10,KI03,artificial,inner_race,N09_M07_F10,899.86,cepstrum,6203_PU_2905,13333.3,14666.7,4.8995,normal,0.794,-0.5911062008919207,0,-0.019,0.196,1.3287503008676207,3,0.015000000000000003
N09_M07_F10_KI03_11,KI03,artificial,inner_race,N09_M07_F10,899.71,cepstrum,6203_PU_2905,13333.3,14666.7,4.9029,normal,0.308,0.7397216749806422,0,-0.02,0.116,1.5007822527625745,3,0.014000000000000002
N09_M07_F10_KI03_12,KI03,artificial,inner_race,N09_M07_F10,899.73,cepstrum,6203_PU_2905,12000.0,14000.0,4.3751,normal,0.928,-0.8940298924635569,0,-0.002999999999999999,0.148,1.2138034840181113,3,0.015000000000000003
N09_M07_F10_KI03_13,KI03,artificial,inner_race,N09_M07_F10,899.81,cepstrum,6203_PU_2905,12000.0,14000.0,4.4472,normal,0.252,1.3923732450403357,0,-0.019,0.058,1.5208417302476234,3,0.014000000000000002
N09_M07_F10_KI03_14,KI03,artificial,inner_race,N09_M07_F10,899.67,cepstrum,6203_PU_2905,12000.0,14000.0,4.5993,normal,0.292,0.49402415491859336,0,-0.02,0.12,1.2508261568151968,3,0.014000000000000002
N09_M07_F10_KI03_15,KI03,artificial,inner_race,N09_M07_F10,899.9,cepstrum,6203_PU_2905,12000.0,14000.0,5.0079,normal,0.436,0.04041068441378678,0,-0.013000000000000001,0.122,1.4070254816009597,3,0.015000000000000003
N09_M07_F10_KI03_16,KI03,artificial,inner_race,N09_M07_F10,899.91,cepstrum,6203_PU_2905,12000.0,14000.0,4.9752,normal,0.37,0.4947965974787247,0,-0.02,0.156,1.493830511364767,3,0.015000000000000003
N09_M07_F10_KI03_17,KI03,artificial,inner_race,N09_M07_F10,899.47,cepstrum,6203_PU_2905,14000.0,15000.0,5.2629,normal,0.64,-0.24882172354191556,0,-0.006999999999999999,0.118,1.571558563085542,3,0.014000000000000002
N09_M07_F10_KI03_18,KI03,artificial,inner_race,N09_M07_F10,899.71,cepstrum,6203_PU_2905,12000.0,14000.0,4.4307,normal,0.242,0.8329905915206868,0,-0.02,0.076,1.8358461377860842,3,0.015000000000000003
N09_M07_F10_KI03_19,KI03,artificial,inner_race,N09_M07_F10,899.64,cepstrum,6203_PU_2905,12000.0,14000.0,5.0056,normal,0.478,0.28087725790975165,0,-0.02,0.076,1.340612957841339,4,0.015000000000000003
N09_M07_F10_KI03_2,KI03,artificial,inner_race,N09_M07_F10,899.79,cepstrum,6203_PU_2905,12000.0,14000.0,4.9906,normal,0.472,0.0829201863571982,0,-0.02,0.072,1.1630847347843294,3,0.014000000000000002
N09_M07_F10_KI03_20,KI03,artificial,inner_race,N09_M07_F10,899.74,cepstrum,6203_PU_2905,12000.0,14000.0,4.7626,normal,0.28,1.1924256003677023,0,-0.02,0.28,0.8320406041015257,3,0.013000000000000001
N09_M07_F10_KI03_3,KI03,artificial,inner_race,N09_M07_F10,899.71,cepstrum,6203_PU_2905,12000.0,14000.0,4.4602,normal,0.396,0.4731548770931142,0,-0.019,0.118,1.564341400871734,3,0.014000000000000002
N09_M07_F10_KI03_4,KI03,artificial,inner_race,N09_M07_F10,899.6,cepstrum,6203_PU_2905,12000.0,14000.0,4.5061,normal,0.82,-0.4468895634081496,0,-0.02,0.164,0.9438489885497173,3,0.015000000000000003
N09_M07_F10_KI03_5,KI03,artificial,inner_race,N09_M07_F10,899.63,cepstrum,6203_PU_2905,12000.0,14000.0,5.198,normal,0.26,0.5619177359150324,0,-0.02,0.128,1.315940632928568,3,0.015000000000000003
N09_M07_F10_KI03_6,KI03,artificial,inner_race,N09_M07_F10,899.65,cepstrum,6203_PU_2905,12000.0,14000.0,4.4971,normal,0.426,0.11687103914606058,0,-0.02,0.116,2.047897508153741,3,0.015000000000000003
N09_M07_F10_KI03_7,KI03,artificial,inner_race,N09_M07_F10,899.84,cepstrum,6203_PU_2905,12000.0,14000.0,4.0079,normal,0.73,-0.27743121791542985,0,0.004,0.216,0.8593310128657609,3,0.013000000000000001
N09_M07_F10_KI03_8,KI03,artificial,inner_race,N09_M07_F10,899.82,cepstrum,6203_PU_2905,12000.0,14000.0,4.6167,normal,0.698,-0.5487266794015655,0,-0.019,0.238,1.1250087212811157,3,0.014000000000000002
N09_M07_F10_KI03_9,KI03,artificial,inner_race,N09_M07_F10,899.8,cepstrum,6203_PU_2905,12000.0,14000.0,4.5894,normal,0.914,-0.875447135017973,0,-0.02,0.2,1.3528351144996016,3,0.014000000000000002
N09_M07_F10_KI04_1,KI04,real,inner_race,N09_M07_F10,899.74,cepstrum,6203_PU_2905,10666.7,13333.3,3.4046,normal,0.978,-1.1300418670886698,0,-0.006999999999999999,0.154,1.2913479599654312,3,0.015000000000000003
N09_M07_F10_KI04_10,KI04,real,inner_race,N09_M07_F10,899.77,cepstrum,6203_PU_2905,10666.7,13333.3,3.6962,normal,1.0,-1.3086999750469315,0,-0.008,0.114,1.3122143897667857,4,0.014000000000000002
N09_M07_F10_KI04_11,KI04,real,inner_race,N09_M07_F10,899.67,cepstrum,6203_PU_2905,10666.7,13333.3,3.0176,normal,0.97,-1.3875333004334922,0,-0.019,0.242,1.2478189356071374,2,0.015000000000000003
N09_M07_F10_KI04_12,KI04,real,inner_race,N09_M07_F10,899.73,cepstrum,6203_PU_2905,10666.7,12000.0,3.1794,normal,0.982,-1.3062538008115172,0,-0.019,0.076,1.235496348903613,1,0.014000000000000002
N09_M07_F10_KI04_13,KI04,real,inner_race,N09_M07_F10,899.62,cepstrum,6203_PU_2905,10666.7,13333.3,3.371,normal,0.892,-1.0184370072793156,0,0.016999999999999998,0.116,1.075083449090217,3,0.014000000000000002
N09_M07_F10_KI04_14,KI04,real,inner_race,N09_M07_F10,899.72,cepstrum,6203_PU_2905,10666.7,13333.3,3.6762,inner_race,1.0,-2.6607240106398615,0,0.012,0.006,1.3078817888781904,3,0.014000000000000002
N09_M07_F10_KI04_15,KI04,real,inner_race,N09_M07_F10,899.94,cepstrum,6203_PU_2905,12000.0,14000.0,3.711,normal,0.992,-1.6016571613080457,0,-0.019,0.084,1.0978358320912691,3,0.014000000000000002
N09_M07_F10_KI04_16,KI04,real,inner_race,N09_M07_F10,899.77,cepstrum,6203_PU_2905,12000.0,14000.0,3.2702,normal,0.992,-1.0353810543086766,0,-0.017,0.258,0.9057211838090966,2,0.015000000000000003
N09_M07_F10_KI04_17,KI04,real,inner_race,N09_M07_F10,899.78,cepstrum,6203_PU_2905,10666.7,13333.3,3.4523,normal,1.0,-1.8183639220090617,0,0.02,0.202,0.5681001937773801,3,0.015000000000000003
N09_M07_F10_KI04_18,KI04,real,inner_race,N09_M07_F10,899.93,cepstrum,6203_PU_2905,13333.3,14666.7,3.1344,normal,0.836,-1.4347325287802826,0,0.005000000000000001,0.478,0.12191441227555588,2,0.014000000000000002
N09_M07_F10_KI04_19,KI04,real,inner_race,N09_M07_F10,899.55,cepstrum,6203_PU_2905,10666.7,13333.3,3.681,normal,0.994,-2.5687551967464954,0,-0.02,0.162,0.9425010630433573,2,0.015000000000000003
N09_M07_F10_KI04_2,KI04,real,inner_race,N09_M07_F10,899.51,cepstrum,6203_PU_2905,10666.7,13333.3,3.7038,normal,0.994,-1.3715516226409088,0,0.0,0.212,1.4959358773328564,3,0.015000000000000003
N09_M07_F10_KI04_20,KI04,real,inner_race,N09_M07_F10,899.62,cepstrum,6203_PU_2905,10000.0,12000.0,4.6222,normal,1.0,-1.4001217448568557,0,-0.006,0.508,-0.005407319056222029,2,0.014000000000000002
N09_M07_F10_KI04_3,KI04,real,inner_race,N09_M07_F10,899.85,cepstrum,6203_PU_2905,12000.0,13333.3,2.9979,normal,0.974,-1.0796495909979797,0,0.002999999999999999,0.148,1.8599638669320455,1,0.014000000000000002
N09_M07_F10_KI04_4,KI04,real,inner_race,N09_M07_F10,899.81,cepstrum,6203_PU_2905,12000.0,14000.0,3.6906,normal,1.0,-1.611889940402929,0,-0.016,0.1,0.983672987398585,2,0.014000000000000002
N09_M07_F10_KI04_5,KI04,real,inner_race,N09_M07_F10,899.63,cepstrum,6203_PU_2905,11000.0,12000.0,3.3892,normal,1.0,-1.885553598327655,0,0.016999999999999998,0.24,1.6863284940887748,1,0.015000000000000003
N09_M07_F10_KI04_6,KI04,real,inner_race,N09_M07_F10,899.8,cepstrum,6203_PU_2905,14000.0,15000.0,3.2134,normal,1.0,-1.9410742300993384,0,0.0,0.224,0.4408600104885042,1,0.015000000000000003
N09_M07_F10_KI04_7,KI04,real,inner_race,N09_M07_F10,899.98,cepstrum,6203_PU_2905,10666.7,13333.3,4.2831,normal,1.0,-2.099804819682389,0,-0.01,0.07,1.0664786965448252,3,0.015000000000000003
N09_M07_F10_KI04_8,KI04,real,inner_race,N09_M07_F10,899.65,cepstrum,6203_PU_2905,12000.0,14000.0,3.3555,normal,1.0,-0.9215785614923858,0,0.009000000000000001,0.072,1.9279423116924204,2,0.015000000000000003
N09_M07_F10_KI04_9,KI04,real,inner_race,N09_M07_F10,899.45,cepstrum,6203_PU_2905,12000.0,14000.0,3.5611,normal,0.99,-0.9231953286100123,0,-0.018000000000000002,0.224,0.45407616684157964,4,0.015000000000000003
N09_M07_F10_KI05_1,KI05,artificial,inner_race,N09_M07_F10,899.54,cepstrum,6203_PU_2905,12000.0,14000.0,11.2721,normal,1.0,-2.1523658180201353,0,-0.02,0.42,0.40342456150167394,3,0.016999999999999998
N09_M07_F10_KI05_10,KI05,artificial,inner_race,N09_M07_F10,899.7,cepstrum,6203_PU_2905,2666.7,5333.3,8.0469,normal,0.882,-1.0699103349006511,0,-0.019,0.318,0.6764001426510342,3,0.016000000000000004
N09_M07_F10_KI05_11,KI05,artificial,inner_race,N09_M07_F10,899.78,cepstrum,6203_PU_2905,13333.3,14666.7,6.682,normal,0.978,-1.6722768913329515,0,-0.02,0.332,0.41372950264544983,3,0.015000000000000003
N09_M07_F10_KI05_12,KI05,artificial,inner_race,N09_M07_F10,899.95,cepstrum,6203_PU_2905,5333.3,10666.7,6.6666,normal,1.0,-1.5995828260493719,0,0.018,0.534,-0.03775297027773674,3,0.015000000000000003
N09_M07_F10_KI05_13,KI05,artificial,inner_race,N09_M07_F10,900.35,cepstrum,6203_PU_2905,10666.7,13333.3,6.3899,normal,1.0,-1.706648276690736,0,0.006999999999999999,0.23,0.7716331281137002,3,0.015000000000000003
N09_M07_F10_KI05_14,KI05,artificial,inner_race,N09_M07_F10,900.22,cepstrum,6203_PU_2905,10666.7,13333.3,8.1683,normal,1.0,-2.1453454981188314,0,-0.005000000000000001,0.538,-0.056206634179873656,3,0.015000000000000003
N09_M07_F10_KI05_15,KI05,artificial,inner_race,N09_M07_F10,899.78,cepstrum,6203_PU_2905,8000.0,12000.0,8.5571,normal,0.962,-1.3088826913784795,0,-0.019,0.468,0.17063044248821954,3,0.015000000000000003
N09_M07_F10_KI05_16,KI05,artificial,inner_race,N09_M07_F10,899.52,cepstrum,6203_PU_2905,12000.0,14000.0,8.5589,normal,0.938,-1.1786546424414417,0,-0.006,0.38,0.4287397448986847,3,0.016000000000000004
N09_M07_F10_KI05_17,KI05,artificial,inner_race,N09_M07_F10,899.67,cepstrum,6203_PU_2905,8000.0,12000.0,7.8565,normal,0.708,-0.7241801677110675,0,-0.02,0.286,0.8992885620053667,3,0.016000000000000004
N09_M07_F10_KI05_18,KI05,artificial,inner_race,N09_M07_F10,899.55,cepstrum,6203_PU_2905,5333.3,10666.7,7.3767,normal,0.994,-1.5087825134889046,0,-0.02,0.308,0.5956554782900103,3,0.015000000000000003
N09_M07_F10_KI05_19,KI05,artificial,inner_race,N09_M07_F10,899.73,cepstrum,6203_PU_2905,12000.0,14000.0,7.7648,normal,0.99,-2.8811851603739536,0,-0.006999999999999999,0.868,-0.8031858937323895,1,-0.009000000000000001
N09_M07_F10_KI05_2,KI05,artificial,inner_race,N09_M07_F10,899.83,cepstrum,6203_PU_2905,10666.7,12000.0,8.0752,normal,0.674,-0.6032768852044345,0,-0.02,0.406,0.2514129678413095,3,0.015000000000000003
N09_M07_F10_KI05_20,KI05,artificial,inner_race,N09_M07_F10,899.84,cepstrum,6203_PU_2905,10000.0,12000.0,7.6852,normal,0.998,-1.9643433321378456,0,-0.019,0.06,1.2572005312002046,3,0.015000000000000003
N09_M07_F10_KI05_3,KI05,artificial,inner_race,N09_M07_F10,899.37,cepstrum,6203_PU_2905,10666.7,13333.3,7.6481,normal,1.0,-1.4902202953858303,0,-0.009000000000000001,0.404,0.16536312620900187,3,0.016000000000000004
N09_M07_F10_KI05_4,KI05,artificial,inner_race,N09_M07_F10,899.66,cepstrum,6203_PU_2905,10666.7,13333.3,7.804,normal,1.0,-3.1389200682620597,0,0.005000000000000001,0.444,0.2475119220269671,3,0.015000000000000003
N09_M07_F10_KI05_5,KI05,artificial,inner_race,N09_M07_F10,900.37,cepstrum,6203_PU_2905,8000.0,12000.0,6.4588,normal,0.958,-1.1497633667422655,0,-0.0010000000000000009,0.374,0.3074253732290838,3,0.014000000000000002
N09_M07_F10_KI05_6,KI05,artificial,inner_race,N09_M07_F10,900.27,cepstrum,6203_PU_2905,5333.3,10666.7,7.4476,normal,1.0,-1.0579569063586505,0,-0.02,0.252,0.8797968760595616,3,0.015000000000000003
N09_M07_F10_KI05_7,KI05,artificial,inner_race,N09_M07_F10,899.68,cepstrum,6203_PU_2905,8000.0,12000.0,6.3994,normal,0.746,-0.683264437890292,0,-0.017,0.572,-0.0794024674178867,3,0.016999999999999998
N09_M07_F10_KI05_8,KI05,artificial,inner_race,N09_M07_F10,899.73,cepstrum,6203_PU_2905,8000.0,9333.3,7.7153,normal,0.964,-2.2154222927975478,0,-0.02,0.276,0.7964229861533734,3,0.015000000000000003
N09_M07_F10_KI05_9,KI05,artificial,inner_race,N09_M07_F10,899.8,cepstrum,6203_PU_2905,10666.7,13333.3,7.2978,normal,0.998,-1.6337875228013379,0,0.016999999999999998,0.324,0.43652255713678817,3,0.015000000000000003
N09_M07_F10_KI07_1,KI07,artificial,inner_race,N09_M07_F10,899.75,cepstrum,6203_PU_2905,10666.7,13333.3,6.7445,normal,0.998,-2.252611876547255,0,-0.02,0.06,0.8621682406773937,3,0.015000000000000003
N09_M07_F10_KI07_10,KI07,artificial,inner_race,N09_M07_F10,899.88,cepstrum,6203_PU_2905,12000.0,13333.3,7.0535,normal,0.99,-1.4499688041411993,0,-0.02,0.252,0.8885977166508708,3,0.015000000000000003
N09_M07_F10_KI07_11,KI07,artificial,inner_race,N09_M07_F10,899.61,cepstrum,6203_PU_2905,10666.7,13333.3,7.9949,normal,0.996,-1.7940649408400156,0,-0.017,0.232,0.6356057592434696,3,0.015000000000000003
N09_M07_F10_KI07_12,KI07,artificial,inner_race,N09_M07_F10,899.66,cepstrum,6203_PU_2905,10666.7,13333.3,8.1415,normal,0.958,-1.3404135697171542,0,-0.02,0.17,0.7403759335644736,3,0.015000000000000003
N09_M07_F10_KI07_13,KI07,artificial,inner_race,N09_M07_F10,899.7,cepstrum,6203_PU_2905,10666.7,13333.3,7.5811,normal,1.0,-2.0334718733320174,0,-0.004,0.112,1.4604367630850634,3,0.015000000000000003
N09_M07_F10_KI07_14,KI07,artificial,inner_race,N09_M07_F10,899.91,cepstrum,6203_PU_2905,12000.0,14000.0,9.1564,normal,0.852,-2.098397772896739,0,0.016999999999999998,0.374,0.7345371347227428,3,0.014000000000000002
N09_M07_F10_KI07_15,KI07,artificial,inner_race,N09_M07_F10,899.59,cepstrum,6203_PU_2905,10666.7,12000.0,8.6239,normal,1.0,-2.586485027805448,0,0.012,0.236,0.7659853726383326,3,0.014000000000000002
N09_M07_F10_KI07_16,KI07,artificial,inner_race,N09_M07_F10,899.6,cepstrum,6203_PU_2905,10666.7,13333.3,9.5999,normal,0.818,-1.1111707739418029,0,0.016999999999999998,0.33,0.6058695136992798,3,0.015000000000000003
N09_M07_F10_KI07_17,KI07,artificial,inner_race,N09_M07_F10,899.93,cepstrum,6203_PU_2905,8000.0,12000.0,7.4646,normal,0.844,-0.8414223322492297,0,-0.02,0.08,1.2247576403777802,3,0.015000000000000003
N09_M07_F10_KI07_18,KI07,artificial,inner_race,N09_M07_F10,899.41,cepstrum,6203_PU_2905,13333.3,14666.7,6.5811,normal,0.996,-1.440930545886191,0,-0.02,0.206,1.3000977761768842,3,0.015000000000000003
N09_M07_F10_KI07_19,KI07,artificial,inner_race,N09_M07_F10,899.72,cepstrum,6203_PU_2905,10000.0,12000.0,6.3092,normal,0.98,-2.4673941708226854,0,-0.017,0.386,0.340518416998555,3,0.014000000000000002
N09_M07_F10_KI07_2,KI07,artificial,inner_race,N09_M07_F10,900.02,cepstrum,6203_PU_2905,10666.7,13333.3,7.5419,normal,1.0,-2.3466077589425614,0,-0.008,0.184,0.7931737611006323,3,0.015000000000000003
N09_M07_F10_KI07_20,KI07,artificial,inner_race,N09_M07_F10,899.73,cepstrum,6203_PU_2905,12000.0,14000.0,9.1419,normal,0.998,-1.527304374645048,0,0.02,0.44,0.12560603907004117,3,0.015000000000000003
N09_M07_F10_KI07_3,KI07,artificial,inner_race,N09_M07_F10,900.4,cepstrum,6203_PU_2905,10666.7,13333.3,7.1376,normal,0.99,-1.2395804191726252,0,-0.02,0.316,0.4761663724523963,3,0.014000000000000002
N09_M07_F10_KI07_4,KI07,artificial,inner_race,N09_M07_F10,899.83,cepstrum,6203_PU_2905,10666.7,13333.3,7.7006,normal,0.966,-1.1504440055952738,0,-0.02,0.524,-0.04833621077283551,3,0.015000000000000003
N09_M07_F10_KI07_5,KI07,artificial,inner_race,N09_M07_F10,899.35,cepstrum,6203_PU_2905,10000.0,12000.0,6.7455,normal,0.946,-1.4842382237864467,0,0.018,0.356,0.3098714319806841,3,0.016999999999999998
N09_M07_F10_KI07_6,KI07,artificial,inner_race,N09_M07_F10,900.09,cepstrum,6203_PU_2905,5333.3,10666.7,2.8243,normal,0.982,-0.969376222806932,0,0.02,0.458,0.1591201379689303,2,0.015000000000000003
N09_M07_F10_KI07_7,KI07,artificial,inner_race,N09_M07_F10,899.9,cepstrum,6203_PU_2905,10666.7,12000.0,6.7792,normal,1.0,-2.275170547992814,0,-0.019,0.4,0.3061716745573676,3,0.015000000000000003
N09_M07_F10_KI07_8,KI07,artificial,inner_race,N09_M07_F10,899.61,cepstrum,6203_PU_2905,10666.7,13333.3,7.8879,normal,0.886,-1.357744732840902,0,-0.02,0.178,0.9496759085535248,3,0.015000000000000003
N09_M07_F10_KI07_9,KI07,artificial,inner_race,N09_M07_F10,900.08,cepstrum,6203_PU_2905,10000.0,12000.0,6.7893,normal,0.724,-0.6743119900046715,0,-0.02,0.366,0.3388825196704694,3,0.014000000000000002
N09_M07_F10_KI08_1,KI08,artificial,inner_race,N09_M07_F10,899.37,cepstrum,6203_PU_2905,10666.7,13333.3,6.2553,normal,1.0,-3.1482587657563528,0,-0.01,0.62,-0.23762072241160762,2,0.015000000000000003
N09_M07_F10_KI08_10,KI08,artificial,inner_race,N09_M07_F10,899.93,cepstrum,6203_PU_2905,10000.0,12000.0,7.429,normal,1.0,-1.818306748025845,0,-0.004,0.082,0.9028632109335648,2,0.014000000000000002
N09_M07_F10_KI08_11,KI08,artificial,inner_race,N09_M07_F10,899.82,cepstrum,6203_PU_2905,10666.7,13333.3,6.8389,normal,0.916,-1.062150516272017,0,-0.02,0.226,1.0318953886077953,3,0.015000000000000003
N09_M07_F10_KI08_12,KI08,artificial,inner_race,N09_M07_F10,899.28,cepstrum,6203_PU_2905,10666.7,13333.3,6.4611,normal,1.0,-1.6576041822203815,0,-0.017,0.242,0.6281433597421687,3,0.015000000000000003
N09_M07_F10_KI08_13,KI08,artificial,inner_race,N09_M07_F10,899.42,cepstrum,6203_PU_2905,10000.0,12000.0,8.287,normal,0.996,-1.3555145495275471,0,-0.02,0.162,0.9616740627409608,3,0.016999999999999998
N09_M07_F10_KI08_14,KI08,artificial,inner_race,N09_M07_F10,899.62,cepstrum,6203_PU_2905,10666.7,13333.3,6.5995,normal,0.99,-1.6238408956883728,0,-0.017,0.372,0.6602924709840472,3,0.015000000000000003
N09_M07_F10_KI08_15,KI08,artificial,inner_race,N09_M07_F10,899.74,cepstrum,6203_PU_2905,10666.7,13333.3,7.9524,normal,1.0,-1.4498628282165407,0,-0.0019999999999999983,0.408,0.26650088417157436,3,0.015000000000000003
N09_M07_F10_KI08_16,KI08,artificial,inner_race,N09_M07_F10,899.56,cepstrum,6203_PU_2905,10666.7,13333.3,7.4182,normal,0.996,-1.3099285699933958,0,0.004,0.464,0.12620426749475178,3,0.015000000000000003
N09_M07_F10_KI08_17,KI08,artificial,inner_race,N09_M07_F10,899.47,cepstrum,6203_PU_2905,10000.0,12000.0,5.5139,normal,0.85,-1.4830882546067972,0,0.019,0.268,0.7524881101873002,3,0.015000000000000003
N09_M07_F10_KI08_18,KI08,artificial,inner_race,N09_M07_F10,900.01,cepstrum,6203_PU_2905,10666.7,13333.3,6.7391,normal,1.0,-1.8844168038522953,0,-0.02,0.34,0.4241991390769333,3,0.014000000000000002
N09_M07_F10_KI08_19,KI08,artificial,inner_race,N09_M07_F10,899.71,cepstrum,6203_PU_2905,14000.0,15000.0,6.6958,normal,0.962,-1.2106814989604013,0,-0.014,0.282,0.62404563251442,2,0.015000000000000003
N09_M07_F10_KI08_2,KI08,artificial,inner_race,N09_M07_F10,899.27,cepstrum,6203_PU_2905,10666.7,13333.3,7.5731,normal,1.0,-1.882141122565101,0,0.006999999999999999,0.39,0.2756431750090502,3,0.016000000000000004
N09_M07_F10_KI08_20,KI08,artificial,inner_race,N09_M07_F10,899.99,cepstrum,6203_PU_2905,13333.3,14666.7,5.5352,normal,1.0,-1.7976228597697286,0,0.013000000000000001,0.26,0.7725800241985796,3,0.015000000000000003
N09_M07_F10_KI08_3,KI08,artificial,inner_race,N09_M07_F10,899.86,cepstrum,6203_PU_2905,13333.3,14666.7,7.0653,normal,1.0,-2.550114185557825,0,0.0,0.444,0.2567264862514741,3,0.015000000000000003
N09_M07_F10_KI08_4,KI08,artificial,inner_race,N09_M07_F10,899.51,cepstrum,6203_PU_2905,8000.0,12000.0,5.6253,normal,1.0,-2.5084129520550795,0,-0.017,0.442,0.2016092381042066,3,0.016000000000000004
N09_M07_F10_KI08_5,KI08,artificial,inner_race,N09_M07_F10,899.62,cepstrum,6203_PU_2905,10666.7,13333.3,5.9118,normal,0.84,-0.813492492461231,0,-0.02,0.038,0.8782154571037819,3,0.015000000000000003
N09_M07_F10_KI08_6,KI08,artificial,inner_race,N09_M07_F10,899.67,cepstrum,6203_PU_2905,10000.0,12000.0,6.7637,normal,1.0,-1.5887251011593908,0,0.002999999999999999,0.374,0.4532747661826823,3,0.015000000000000003
N09_M07_F10_KI08_7,KI08,artificial,inner_race,N09_M07_F10,899.81,cepstrum,6203_PU_2905,10666.7,13333.3,7.4681,normal,1.0,-1.6976902002445753,0,-0.018000000000000002,0.428,0.18554206963386066,3,0.015000000000000003
N09_M07_F10_KI08_8,KI08,artificial,inner_race,N09_M07_F10,899.8,cepstrum,6203_PU_2905,10666.7,13333.3,8.693,normal,0.984,-1.056622317141786,0,0.019,0.29,0.7053160672722236,3,0.015000000000000003
N09_M07_F10_KI08_9,KI08,artificial,inner_race,N09_M07_F10,899.76,cepstrum,6203_PU_2905,10666.7,13333.3,6.8443,normal,1.0,-2.4355226298302726,0,0.0010000000000000009,0.432,0.1849285723608092,3,0.014000000000000002
N09_M07_F10_KI14_1,KI14,real,inner_race,N09_M07_F10,899.68,cepstrum,6203_PU_2905,10666.7,13333.3,5.3582,normal,0.302,0.38374753911095727,0,-0.02,0.13,1.8697181662998918,3,0.014000000000000002
N09_M07_F10_KI14_10,KI14,real,inner_race,N09_M07_F10,899.71,cepstrum,6203_PU_2905,11000.0,12000.0,4.9065,normal,0.338,0.5479417210601466,0,-0.019,0.258,0.8357500633969754,3,0.014000000000000002
N09_M07_F10_KI14_11,KI14,real,inner_race,N09_M07_F10,899.82,cepstrum,6203_PU_2905,12000.0,14000.0,4.7317,normal,0.646,-0.4912994394131088,0,-0.013000000000000001,0.132,2.080954371543722,3,0.014000000000000002
N09_M07_F10_KI14_12,KI14,real,inner_race,N09_M07_F10,899.7,cepstrum,6203_PU_2905,10666.7,13333.3,4.8397,inner_race,0.418,0.5467308966350232,0,-0.02,0.018,1.9361417713590683,3,0.014000000000000002
N09_M07_F10_KI14_13,KI14,real,inner_race,N09_M07_F10,899.78,cepstrum,6203_PU_2905,12000.0,14000.0,5.2055,normal,0.278,0.7856195192622463,2,-0.02,0.118,1.172561807970894,6,0.014000000000000002
N09_M07_F10_KI14_14,KI14,real,inner_race,N09_M07_F10,899.64,cepstrum,6203_PU_2905,10666.7,13333.3,5.1385,normal,0.368,0.38835394726527556,1,-0.019,0.116,1.8638108150812915,5,0.014000000000000002
N09_M07_F10_KI14_15,KI14,real,inner_race,N09_M07_F10,899.65,cepstrum,6203_PU_2905,12000.0,14000.0,5.3069,normal,0.36,0.4878758313903073,0,-0.019,0.136,1.7741839322512671,3,0.015000000000000003
N09_M07_F10_KI14_16,KI14,real,inner_race,N09_M07_F10,899.72,cepstrum,6203_PU_2905,10666.7,13333.3,5.3041,normal,0.446,0.036747528253892894,0,-0.019,0.22,2.000859534646072,4,0.014000000000000002
N09_M07_F10_KI14_17,KI14,real,inner_race,N09_M07_F10,899.87,cepstrum,6203_PU_2905,12000.0,14000.0,4.6036,normal,0.786,-0.870849943955142,0,-0.02,0.108,2.2273334650100467,4,0.014000000000000002
N09_M07_F10_KI14_18,KI14,real,inner_race,N09_M07_F10,900.02,cepstrum,6203_PU_2905,10666.7,13333.3,4.8295,normal,0.216,1.1877240626385321,1,-0.02,0.208,1.3675993519817884,5,0.014000000000000002
N09_M07_F10_KI14_19,KI14,real,inner_race,N09_M07_F10,899.74,cepstrum,6203_PU_2905,10666.7,13333.3,4.5914,normal,0.424,0.38755269195628655,0,-0.019,0.216,1.443262217841119,4,0.014000000000000002
N09_M07_F10_KI14_2,KI14,real,inner_race,N09_M07_F10,899.69,cepstrum,6203_PU_2905,13333.3,14666.7,5.5334,normal,0.414,0.271296027137269,0,-0.02,0.16,1.0326569291869625,3,0.015000000000000003
N09_M07_F10_KI14_20,KI14,real,inner_race,N09_M07_F10,899.68,cepstrum,6203_PU_2905,13333.3,14666.7,4.4333,normal,0.538,-0.3042951780931019,0,-0.02,0.13,1.4397028618308105,3,0.014000000000000002
N09_M07_F10_KI14_3,KI14,real,inner_race,N09_M07_F10,899.75,cepstrum,6203_PU_2905,12000.0,13000.0,5.2859,normal,0.856,-0.8610605296088093,0,-0.019,0.228,0.5459877914106842,3,0.014000000000000002
N09_M07_F10_KI14_4,KI14,real,inner_race,N09_M07_F10,899.67,cepstrum,6203_PU_2905,10666.7,13333.3,4.6698,normal,0.668,-0.31447609373465946,0,-0.02,0.122,1.2023929958961723,3,0.015000000000000003
N09_M07_F10_KI14_5,KI14,real,inner_race,N09_M07_F10,899.74,cepstrum,6203_PU_2905,10666.7,13333.3,4.6368,normal,0.284,0.6033554842907443,0,-0.02,0.24,1.4008425994274554,3,0.014000000000000002
N09_M07_F10_KI14_6,KI14,real,inner_race,N09_M07_F10,899.79,cepstrum,6203_PU_2905,10666.7,13333.3,5.3736,normal,0.248,1.0145869380896155,0,-0.02,0.074,1.7313724266401802,4,0.015000000000000003
N09_M07_F10_KI14_7,KI14,real,inner_race,N09_M07_F10,899.61,cepstrum,6203_PU_2905,10666.7,13333.3,4.8128,normal,0.3,0.5319926891562824,1,-0.02,0.114,2.8482857415268774,4,0.015000000000000003
N09_M07_F10_KI14_8,KI14,real,inner_race,N09_M07_F10,899.7,cepstrum,6203_PU_2905,12000.0,14000.0,5.1921,normal,0.358,0.3737068076109704,0,-0.019,0.194,2.2233056355852767,3,0.015000000000000003
N09_M07_F10_KI14_9,KI14,real,inner_race,N09_M07_F10,899.63,cepstrum,6203_PU_2905,12000.0,14000.0,4.9946,normal,0.6,-0.22445577777571912,0,-0.02,0.246,1.1767740084269909,3,0.014000000000000002
N09_M07_F10_KI16_1,KI16,real,inner_race,N09_M07_F10,899.82,cepstrum,6203_PU_2855,0.0,1000.0,8.3364,inner_race,0.084,0.925166035631818,0,-0.017,0.002,3.398139257564802,5,0.0010000000000000009
N09_M07_F10_KI16_10,KI16,real,inner_race,N09_M07_F10,899.75,cepstrum,6203_PU_2855,0.0,1000.0,6.272,inner_race,0.274,1.0779689554104155,0,-0.019,0.002,2.683894345515739,16,-0.0010000000000000009
N09_M07_F10_KI16_11,KI16,real,inner_race,N09_M07_F10,899.67,cepstrum,6203_PU_2855,9333.3,10666.7,5.1843,inner_race,0.426,0.06961806356200569,0,-0.02,0.002,4.341404411051425,13,-0.0010000000000000009
N09_M07_F10_KI16_12,KI16,real,inner_race,N09_M07_F10,899.78,cepstrum,6203_PU_2855,0.0,1000.0,6.1684,normal,0.42,0.49998633695287076,0,-0.006999999999999999,0.002,5.732198545680326,0,0.0
N09_M07_F10_KI16_13,KI16,real,inner_race,N09_M07_F10,899.73,cepstrum,6203_PU_2855,0.0,1000.0,7.3788,inner_race,0.346,0.42401508054707193,0,-0.02,0.002,3.188835991447853,11,-0.0010000000000000009
N09_M07_F10_KI16_14,KI16,real,inner_race,N09_M07_F10,899.77,cepstrum,6203_PU_2855,0.0,1333.3,7.7325,normal,0.966,-1.7993775104584746,0,0.019,0.002,4.429858642408491,0,0.0
N09_M07_F10_KI16_15,KI16,real,inner_race,N09_M07_F10,899.8,cepstrum,6203_PU_2855,9333.3,10666.7,10.2949,inner_race,0.254,1.023712856883841,0,-0.019,0.002,3.672967205417576,12,0.0
N09_M07_F10_KI16_16,KI16,real,inner_race,N09_M07_F10,899.9,cepstrum,6203_PU_2855,0.0,1000.0,5.5234,inner_race,0.536,-0.04822692333500424,0,-0.02,0.002,3.341369744010689,14,-0.0010000000000000009
N09_M07_F10_KI16_17,KI16,real,inner_race,N09_M07_F10,899.81,cepstrum,6203_PU_2855,0.0,1000.0,7.4919,inner_race,0.008,2.241780626792925,1,-0.019,0.002,2.4299332748420546,17,-0.0010000000000000009
N09_M07_F10_KI16_18,KI16,real,inner_race,N09_M07_F10,899.76,cepstrum,6203_PU_2855,9333.3,10666.7,6.026,inner_race,0.618,-0.3119255433019065,0,-0.013000000000000001,0.002,4.411855094797738,12,-0.0010000000000000009
N09_M07_F10_KI16_19,KI16,real,inner_race,N09_M07_F10,899.71,cepstrum,6203_PU_2855,0.0,1000.0,5.8002,normal,0.982,-3.187258839304389,0,-0.013000000000000001,0.002,3.614368488491157,0,0.0
N09_M07_F10_KI16_2,KI16,real,inner_race,N09_M07_F10,899.79,cepstrum,6203_PU_2855,0.0,1000.0,8.5006,normal,0.456,0.11972196780747443,0,-0.02,0.002,1.9467931993662158,1,0.0
N09_M07_F10_KI16_20,KI16,real,inner_race,N09_M07_F10,899.69,cepstrum,6203_PU_2855,9333.3,10666.7,6.8387,inner_race,0.224,1.157558033126231,0,-0.019,0.002,4.033301378609438,18,-0.0010000000000000009
N09_M07_F10_KI16_3,KI16,real,inner_race,N09_M07_F10,899.76,cepstrum,6203_PU_2855,0.0,1000.0,7.072,normal,0.492,0.17129820863503947,0,-0.017,0.002,4.717331754488037,1,0.0010000000000000009
N09_M07_F10_KI16_4,KI16,real,inner_race,N09_M07_F10,899.64,cepstrum,6203_PU_2855,0.0,1333.3,6.9632,inner_race,0.138,2.1551280840706353,0,-0.02,0.002,3.12758545913983,20,-0.0010000000000000009
N09_M07_F10_KI16_5,KI16,real,inner_race,N09_M07_F10,899.58,cepstrum,6203_PU_2855,0.0,1000.0,7.9608,inner_race,0.302,0.6688400690381219,0,-0.02,0.002,3.6689395160628777,3,0.0
N09_M07_F10_KI16_6,KI16,real,inner_race,N09_M07_F10,899.76,cepstrum,6203_PU_2855,0.0,1000.0,8.5931,normal,0.21,0.702487473502539,0,-0.02,0.038,1.7621472078765492,0,0.0
N09_M07_F10_KI16_7,KI16,real,inner_race,N09_M07_F10,899.66,cepstrum,6203_PU_2855,0.0,1000.0,9.4281,normal,0.426,0.2377906012678651,0,0.005000000000000001,0.002,3.1326732929129077,0,0.0010000000000000009
N09_M07_F10_KI16_8,KI16,real,inner_race,N09_M07_F10,899.75,cepstrum,6203_PU_2855,9333.3,10666.7,7.7265,inner_race,0.908,-1.2150800715480552,0,-0.011,0.002,4.219985079699827,3,0.0
N09_M07_F10_KI16_9,KI16,real,inner_race,N09_M07_F10,899.68,cepstrum,6203_PU_2855,0.0,1000.0,7.5821,normal,0.798,-0.8964896487740183,0,-0.011,0.012,3.3399064683128707,0,0.0
N09_M07_F10_KI17_1,KI17,real,inner_race,N09_M07_F10,899.69,cepstrum,6203_PU_2905,10666.7,13333.3,5.8125,normal,0.432,0.3566919708338782,0,-0.02,0.184,1.168189849204587,4,0.015000000000000003
N09_M07_F10_KI17_10,KI17,real,inner_race,N09_M07_F10,899.21,cepstrum,6203_PU_2905,9333.3,10666.7,7.7327,normal,0.678,-0.40470300273913384,0,0.006999999999999999,0.096,1.562261483167735,0,0.016000000000000004
N09_M07_F10_KI17_11,KI17,real,inner_race,N09_M07_F10,899.72,cepstrum,6203_PU_2905,0.0,1000.0,6.1227,normal,0.43,0.21701638383528662,0,-0.008,0.178,1.0227722274955635,0,-0.012
N09_M07_F10_KI17_12,KI17,real,inner_race,N09_M07_F10,899.76,cepstrum,6203_PU_2905,12000.0,14000.0,5.4334,normal,0.74,-0.4017507457298922,0,-0.02,0.068,1.6668437514976693,3,0.014000000000000002
N09_M07_F10_KI17_13,KI17,real,inner_race,N09_M07_F10,899.55,cepstrum,6203_PU_2905,0.0,1000.0,6.0671,normal,0.492,0.04178403363724427,0,0.008,0.808,-1.016656636972337,0,-0.0019999999999999983
N09_M07_F10_KI17_14,KI17,real,inner_race,N09_M07_F10,899.87,cepstrum,6203_PU_2905,0.0,1000.0,5.6256,normal,0.282,0.5118171864037333,0,0.004,0.228,0.8312208609066445,0,-0.0010000000000000009
N09_M07_F10_KI17_15,KI17,real,inner_race,N09_M07_F10,899.82,cepstrum,6203_PU_2905,12000.0,14000.0,5.4662,normal,0.892,-1.0590556341530055,0,0.0010000000000000009,0.106,1.271859380920639,3,0.014000000000000002
N09_M07_F10_KI17_16,KI17,real,inner_race,N09_M07_F10,899.45,cepstrum,6203_PU_2905,10666.7,13333.3,6.1425,normal,0.658,-0.35296757928151035,0,-0.019,0.194,1.4502973693539585,3,0.014000000000000002
N09_M07_F10_KI17_17,KI17,real,inner_race,N09_M07_F10,899.53,cepstrum,6203_PU_2905,10666.7,13333.3,5.8769,normal,0.988,-1.239693802582907,0,-0.013000000000000001,0.042,1.84937771698868,4,0.014000000000000002
N09_M07_F10_KI17_18,KI17,real,inner_race,N09_M07_F10,900.03,cepstrum,6203_PU_2905,10666.7,13333.3,5.6387,normal,0.784,-0.36912890817443583,0,-0.02,0.074,1.3430397386042519,3,0.013000000000000001
N09_M07_F10_KI17_19,KI17,real,inner_race,N09_M07_F10,899.79,cepstrum,6203_PU_2905,10666.7,13333.3,5.2841,normal,0.612,-0.14288855894673075,0,-0.02,0.056,1.5435879767396485,3,0.015000000000000003
N09_M07_F10_KI17_2,KI17,real,inner_race,N09_M07_F10,899.49,cepstrum,6203_PU_2905,12000.0,14000.0,6.0896,normal,0.302,0.5514704117366396,0,-0.009000000000000001,0.162,1.302748925045099,3,0.015000000000000003
N09_M07_F10_KI17_20,KI17,real,inner_race,N09_M07_F10,899.3,cepstrum,6203_PU_2905,10000.0,11000.0,6.9232,normal,0.968,-1.1777233892794705,0,-0.02,0.104,1.4370601244739902,3,0.014000000000000002
N09_M07_F10_KI17_3,KI17,real,inner_race,N09_M07_F10,899.65,cepstrum,6203_PU_2905,0.0,1000.0,5.7169,normal,0.928,-0.91816222959676,0,-0.0019999999999999983,0.002,3.712265322629395,0,-0.0010000000000000009
N09_M07_F10_KI17_4,KI17,real,inner_race,N09_M07_F10,899.73,cepstrum,6203_PU_2905,13000.0,14000.0,6.2691,normal,0.656,-0.3313872339885799,0,-0.019,0.052,1.786714599536096,3,0.015000000000000003
N09_M07_F10_KI17_5,KI17,real,inner_race,N09_M07_F10,899.92,cepstrum,6203_PU_2905,0.0,1000.0,7.1081,normal,0.002,1.392931597114509,0,0.014000000000000002,0.236,0.7469142613417659,0,0.006999999999999999
N09_M07_F10_KI17_6,KI17,real,inner_race,N09_M07_F10,899.8,cepstrum,6203_PU_2905,12000.0,14000.0,5.6625,normal,0.97,-1.1343006515091223,0,-0.012,0.088,1.8834190887690458,3,0.014000000000000002
N09_M07_F10_KI17_7,KI17,real,inner_race,N09_M07_F10,899.9,cepstrum,6203_PU_2905,10666.7,13333.3,6.075,normal,0.286,0.42429509078513467,0,-0.02,0.052,1.8499522646802913,3,0.015000000000000003
N09_M07_F10_KI17_8,KI17,real,inner_race,N09_M07_F10,899.41,cepstrum,6203_PU_2905,10666.7,13333.3,6.4017,normal,0.748,-0.4259897967317902,0,-0.02,0.116,1.1818922972789858,3,0.014000000000000002
N09_M07_F10_KI17_9,KI17,real,inner_race,N09_M07_F10,899.77,cepstrum,6203_PU_2905,0.0,1000.0,6.1071,normal,0.002,2.5084140293440615,0,0.004,0.186,0.9017412061388507,0,0.006999999999999999
N09_M07_F10_KI18_1,KI18,real,inner_race,N09_M07_F10,899.74,cepstrum,6203_PU_2905,0.0,1000.0,4.7508,normal,0.996,-7.137645032352745,0,-0.015,0.01,2.408206757982212,0,-0.0010000000000000009
N09_M07_F10_KI18_10,KI18,real,inner_race,N09_M07_F10,899.77,cepstrum,6203_PU_2905,0.0,1000.0,5.4408,normal,0.524,-0.053294544555832345,0,-0.008,0.002,2.8712009436989216,0,0.0
N09_M07_F10_KI18_11,KI18,real,inner_race,N09_M07_F10,899.75,cepstrum,6203_PU_2905,12000.0,14000.0,4.7984,normal,0.628,-0.22630903945445188,0,-0.02,0.084,2.8118435736084066,5,0.015000000000000003
N09_M07_F10_KI18_12,KI18,real,inner_race,N09_M07_F10,899.67,cepstrum,6203_PU_2905,12000.0,14000.0,4.3999,normal,0.318,0.860634849518934,0,-0.019,0.12,1.772613740362638,3,0.014000000000000002
N09_M07_F10_KI18_13,KI18,real,inner_race,N09_M07_F10,899.78,cepstrum,6203_PU_2905,13333.3,14666.7,5.0418,normal,0.254,0.9065847463883385,0,-0.02,0.142,1.67520662880783,4,0.015000000000000003
N09_M07_F10_KI18_14,KI18,real,inner_race,N09_M07_F10,899.8,cepstrum,6203_PU_2905,13333.3,14666.7,4.8822,normal,0.68,-0.4868152230468304,0,-0.02,0.12,1.7156131019835974,4,0.014000000000000002
N09_M07_F10_KI18_15,KI18,real,inner_race,N09_M07_F10,899.68,cepstrum,6203_PU_2905,13333.3,14666.7,4.5429,normal,0.596,-0.09804264149491031,0,-0.019,0.218,1.0116780817342512,3,0.014000000000000002
N09_M07_F10_KI18_16,KI18,real,inner_race,N09_M07_F10,899.73,cepstrum,6203_PU_2905,12000.0,14000.0,4.4607,normal,0.508,-0.11629995272995786,0,-0.02,0.112,1.8025862524424068,3,0.014000000000000002
N09_M07_F10_KI18_17,KI18,real,inner_race,N09_M07_F10,899.84,cepstrum,6203_PU_2905,13333.3,14666.7,4.4954,normal,0.836,-0.9771310330604996,0,-0.02,0.09,1.7400483614011732,3,0.014000000000000002
N09_M07_F10_KI18_18,KI18,real,inner_race,N09_M07_F10,899.81,cepstrum,6203_PU_2905,13333.3,14666.7,4.6996,normal,0.54,-0.05354002607605037,0,-0.009000000000000001,0.108,1.55284426717028,3,0.014000000000000002
N09_M07_F10_KI18_19,KI18,real,inner_race,N09_M07_F10,899.73,cepstrum,6203_PU_2905,12000.0,14000.0,4.8649,normal,0.336,0.8872307641524823,0,-0.019,0.05,2.078981889251858,5,0.015000000000000003
N09_M07_F10_KI18_2,KI18,real,inner_race,N09_M07_F10,899.58,cepstrum,6203_PU_2905,12000.0,14000.0,4.5303,normal,0.228,1.321420402653606,0,-0.02,0.134,1.4270110828658844,3,0.014000000000000002
N09_M07_F10_KI18_20,KI18,real,inner_race,N09_M07_F10,899.81,cepstrum,6203_PU_2905,9333.3,10666.7,5.4522,inner_race,0.27,1.4964955219471132,0,-0.02,0.002,4.825774821979764,8,-0.0010000000000000009
N09_M07_F10_KI18_3,KI18,real,inner_race,N09_M07_F10,899.88,cepstrum,6203_PU_2905,12000.0,14000.0,5.0844,normal,0.506,-0.022020838315642124,0,-0.02,0.116,2.007470915502323,3,0.015000000000000003
N09_M07_F10_KI18_4,KI18,real,inner_race,N09_M07_F10,899.74,cepstrum,6203_PU_2905,14000.0,15000.0,4.9067,normal,0.662,-0.5095387656700964,0,-0.013000000000000001,0.232,1.746393205280711,4,0.014000000000000002
N09_M07_F10_KI18_5,KI18,real,inner_race,N09_M07_F10,899.64,cepstrum,6203_PU_2905,12000.0,14000.0,4.2413,normal,0.428,0.15309345094503654,0,-0.02,0.12,1.5298633558118004,3,0.015000000000000003
N09_M07_F10_KI18_6,KI18,real,inner_race,N09_M07_F10,899.79,cepstrum,6203_PU_2905,0.0,1000.0,5.1461,inner_race,0.188,0.7489696687882608,0,-0.02,0.002,3.5169265520794384,2,-0.0010000000000000009
N09_M07_F10_KI18_7,KI18,real,inner_race,N09_M07_F10,899.78,cepstrum,6203_PU_2905,0.0,1333.3,5.8824,normal,0.38,0.4887466580920155,0,0.019,0.002,4.8480032812919545,0,-0.0010000000000000009
N09_M07_F10_KI18_8,KI18,real,inner_race,N09_M07_F10,899.91,cepstrum,6203_PU_2905,0.0,1000.0,4.8477,normal,0.322,0.36224784300317714,0,0.0010000000000000009,0.002,4.3260054746575225,0,-0.0010000000000000009
N09_M07_F10_KI18_9,KI18,real,inner_race,N09_M07_F10,899.81,cepstrum,6203_PU_2905,0.0,1000.0,5.6369,normal,0.78,-1.1445391540157406,0,0.0019999999999999983,0.078,1.5340269358138643,0,0.005000000000000001
N09_M07_F10_KI21_1,KI21,real,inner_race,N09_M07_F10,899.61,cepstrum,6203_PU_2855,10666.7,13333.3,5.6187,normal,0.138,2.0933134693903233,0,-0.018000000000000002,0.17,3.446210023991569,4,0.011
N09_M07_F10_KI21_10,KI21,real,inner_race,N09_M07_F10,899.78,cepstrum,6203_PU_2855,10666.7,13333.3,5.5994,normal,0.142,2.1068062645140557,0,-0.019,0.1,2.0795030748447547,4,0.009999999999999998
N09_M07_F10_KI21_11,KI21,real,inner_race,N09_M07_F10,899.64,cepstrum,6203_PU_2855,10666.7,13333.3,6.1211,normal,0.138,1.9749722111083832,1,-0.019,0.188,1.793561703164377,5,0.011
N09_M07_F10_KI21_12,KI21,real,inner_race,N09_M07_F10,899.69,cepstrum,6203_PU_2855,10666.7,13333.3,5.5536,normal,0.142,2.3695143978571327,1,-0.019,0.154,2.3249951405350626,5,0.011
N09_M07_F10_KI21_13,KI21,real,inner_race,N09_M07_F10,899.66,cepstrum,6203_PU_2855,10666.7,13333.3,5.9553,normal,0.174,1.8929805074155301,0,-0.017,0.196,2.058374567303696,4,0.011
N09_M07_F10_KI21_14,KI21,real,inner_race,N09_M07_F10,899.84,cepstrum,6203_PU_2855,10666.7,13333.3,5.8462,normal,0.144,1.6961011763547802,0,-0.019,0.196,1.4936229889117514,4,0.009999999999999998
N09_M07_F10_KI21_15,KI21,real,inner_race,N09_M07_F10,899.82,cepstrum,6203_PU_2855,10666.7,13333.3,5.8718,normal,0.146,2.730900531777719,0,-0.019,0.1,2.2336064868049244,3,0.009999999999999998
N09_M07_F10_KI21_16,KI21,real,inner_race,N09_M07_F10,899.71,cepstrum,6203_PU_2855,10666.7,13333.3,4.9927,normal,0.222,1.2028842790227066,0,-0.019,0.112,1.6939783000058053,3,0.011
N09_M07_F10_KI21_17,KI21,real,inner_race,N09_M07_F10,899.63,cepstrum,6203_PU_2855,10666.7,13333.3,5.6655,normal,0.212,1.4833018165723015,0,-0.018000000000000002,0.074,2.0732181597616886,3,0.011
N09_M07_F10_KI21_18,KI21,real,inner_race,N09_M07_F10,899.76,cepstrum,6203_PU_2855,10666.7,13333.3,5.4865,normal,0.126,1.4749730449092684,0,-0.017,0.128,1.6058557097224047,4,0.011
N09_M07_F10_KI21_19,KI21,real,inner_race,N09_M07_F10,899.8,cepstrum,6203_PU_2855,10666.7,13333.3,5.7227,normal,0.196,2.245239875956706,0,-0.019,0.12,2.825139728918557,3,0.009999999999999998
N09_M07_F10_KI21_2,KI21,real,inner_race,N09_M07_F10,899.67,cepstrum,6203_PU_2855,10666.7,13333.3,6.1508,normal,0.136,2.2348787871858,2,-0.019,0.098,1.6446602045421006,9,0.011
N09_M07_F10_KI21_20,KI21,real,inner_race,N09_M07_F10,899.77,cepstrum,6203_PU_2855,10666.7,13333.3,5.2881,normal,0.204,2.323387844656053,0,-0.019,0.1,2.0891763228653346,3,0.009999999999999998
N09_M07_F10_KI21_3,KI21,real,inner_race,N09_M07_F10,899.86,cepstrum,6203_PU_2855,10666.7,13333.3,6.3169,normal,0.136,2.9868954307297115,1,-0.019,0.102,3.0895635671489505,6,0.009999999999999998
N09_M07_F10_KI21_4,KI21,real,inner_race,N09_M07_F10,899.75,cepstrum,6203_PU_2855,10666.7,13333.3,5.579,normal,0.142,3.7160679424234844,0,-0.017,0.102,1.3125272400537813,3,0.009999999999999998
N09_M07_F10_KI21_5,KI21,real,inner_race,N09_M07_F10,899.78,cepstrum,6203_PU_2855,12000.0,14000.0,6.2818,normal,0.142,2.9553440681259224,0,-0.019,0.1,2.5651000498979872,3,0.011
N09_M07_F10_KI21_6,KI21,real,inner_race,N09_M07_F10,899.77,cepstrum,6203_PU_2855,10666.7,13333.3,5.692,normal,0.136,2.1103264675607725,0,-0.019,0.13,2.4991138748274357,5,0.011
N09_M07_F10_KI21_7,KI21,real,inner_race,N09_M07_F10,899.76,cepstrum,6203_PU_2855,10666.7,13333.3,5.7747,normal,0.2,1.9530278147347595,1,-0.018000000000000002,0.1,1.6316467589046686,6,0.009999999999999998
N09_M07_F10_KI21_8,KI21,real,inner_race,N09_M07_F10,899.84,cepstrum,6203_PU_2855,12000.0,14000.0,5.6412,normal,0.196,2.3089666730196834,0,-0.019,0.118,1.4649290339129826,3,0.009999999999999998
N09_M07_F10_KI21_9,KI21,real,inner_race,N09_M07_F10,899.79,cepstrum,6203_PU_2855,10666.7,13333.3,5.3599,normal,0.22,1.1401717824790438,0,-0.017,0.152,2.00270541171784,4,0.011
N15_M01_F10_K001_1,K001,none,normal,N15_M01_F10,1499.61,cepstrum,6203_PU_2905,10666.7,13333.3,2.9395,normal,0.624,-0.3107285285358905,1,-0.006,0.526,-0.08996984495734527,2,0.013000000000000001
N15_M01_F10_K001_10,K001,none,normal,N15_M01_F10,1499.59,cepstrum,6203_PU_2905,10666.7,13333.3,2.4562,normal,0.26,1.0246044528733596,1,-0.005000000000000001,0.094,1.6263820162408444,2,0.014000000000000002
N15_M01_F10_K001_11,K001,none,normal,N15_M01_F10,1499.62,cepstrum,6203_PU_2905,12000.0,14000.0,2.3839,normal,0.274,1.1944251832644517,1,-0.006,0.526,-0.06976051573350113,1,0.012
N15_M01_F10_K001_12,K001,none,normal,N15_M01_F10,1499.61,cepstrum,6203_PU_2905,12000.0,14000.0,2.9085,normal,0.758,-0.39739461986790675,1,-0.008,0.738,-0.5862498092902789,1,0.004
N15_M01_F10_K001_13,K001,none,normal,N15_M01_F10,1499.65,cepstrum,6203_PU_2905,10666.7,13333.3,2.9891,normal,0.612,-0.42978182336840515,1,-0.006999999999999999,0.314,0.8759388143424419,3,0.014000000000000002
N15_M01_F10_K001_14,K001,none,normal,N15_M01_F10,1499.56,cepstrum,6203_PU_2905,10666.7,13333.3,2.4363,normal,0.408,0.25331510916563876,1,-0.008,0.026,1.924168519421631,2,0.015000000000000003
N15_M01_F10_K001_15,K001,none,normal,N15_M01_F10,1499.62,cepstrum,6203_PU_2905,10666.7,13333.3,2.4461,normal,0.73,-0.28675336184334566,1,-0.006999999999999999,0.144,0.9524229557830984,3,0.013000000000000001
N15_M01_F10_K001_16,K001,none,normal,N15_M01_F10,1499.57,cepstrum,6203_PU_2905,13333.3,14666.7,2.4602,normal,0.364,0.13361685704259663,0,0.0,0.314,0.5744543636546429,1,0.015000000000000003
N15_M01_F10_K001_17,K001,none,normal,N15_M01_F10,1499.5,cepstrum,6203_PU_2905,10666.7,13333.3,2.7968,normal,0.646,-0.5755181446993398,1,-0.008,0.756,-0.636027722414128,3,0.013000000000000001
N15_M01_F10_K001_18,K001,none,normal,N15_M01_F10,1499.53,cepstrum,6203_PU_2905,12000.0,14000.0,2.9834,inner_race,0.404,0.25281083828142725,0,-0.006,0.016,2.796444351159009,2,0.015000000000000003
N15_M01_F10_K001_19,K001,none,normal,N15_M01_F10,1499.57,cepstrum,6203_PU_2905,10666.7,13333.3,2.7826,normal,0.316,0.45355152668736926,1,-0.006999999999999999,0.144,1.9785041298520765,2,0.013000000000000001
N15_M01_F10_K001_2,K001,none,normal,N15_M01_F10,1499.6,cepstrum,6203_PU_2905,13333.3,14666.7,2.6408,normal,0.358,0.5098117801211278,0,-0.006,0.206,0.8849642926037418,2,0.015000000000000003
N15_M01_F10_K001_20,K001,none,normal,N15_M01_F10,1499.61,cepstrum,6203_PU_2905,12000.0,14000.0,2.4148,normal,0.822,-0.818057729899321,1,-0.008,0.294,0.4527834689915631,2,0.014000000000000002
N15_M01_F10_K001_3,K001,none,normal,N15_M01_F10,1499.58,cepstrum,6203_PU_2905,10666.7,13333.3,2.428,inner_race,0.228,0.8946306526736257,1,-0.005000000000000001,0.002,2.9267257475941237,2,0.014000000000000002
N15_M01_F10_K001_4,K001,none,normal,N15_M01_F10,1499.6,cepstrum,6203_PU_2905,10666.7,13333.3,2.5338,normal,0.234,0.8589629212407683,1,-0.005000000000000001,0.5,0.004284601478538693,1,0.015000000000000003
N15_M01_F10_K001_5,K001,none,normal,N15_M01_F10,1499.6,cepstrum,6203_PU_2905,10666.7,13333.3,2.5581,normal,0.21,0.677517762945078,1,-0.006,0.432,0.13479631981706455,2,0.015000000000000003
N15_M01_F10_K001_6,K001,none,normal,N15_M01_F10,1499.61,cepstrum,6203_PU_2905,10666.7,13333.3,2.5516,normal,0.16,2.419447118292,1,-0.006999999999999999,0.048,2.2884375527207435,5,0.014000000000000002
N15_M01_F10_K001_7,K001,none,normal,N15_M01_F10,1499.69,cepstrum,6203_PU_2905,10000.0,12000.0,2.4857,normal,0.336,0.1972623454838102,1,-0.004,0.044,2.043908484380817,2,0.013000000000000001
N15_M01_F10_K001_8,K001,none,normal,N15_M01_F10,1499.59,cepstrum,6203_PU_2905,12000.0,14000.0,2.7287,normal,0.37,0.6272056119007593,1,-0.006999999999999999,0.786,-0.8937761851506063,1,0.002999999999999999
N15_M01_F10_K001_9,K001,none,normal,N15_M01_F10,1499.61,cepstrum,6203_PU_2905,10666.7,13333.3,2.6099,normal,0.364,0.28604237653527803,1,-0.006999999999999999,0.696,-0.5059703654640346,4,0.014000000000000002
N15_M01_F10_K002_1,K002,none,normal,N15_M01_F10,1499.76,cepstrum,6203_PU_2905,10666.7,13333.3,5.9731,normal,0.324,0.7316306782935484,1,-0.006999999999999999,0.922,-1.1400746469875036,2,0.014000000000000002
N15_M01_F10_K002_10,K002,none,normal,N15_M01_F10,1499.42,cepstrum,6203_PU_2905,12000.0,14000.0,6.0717,normal,0.742,-0.4276011321896686,0,0.011,0.178,0.9971346928638474,2,0.016000000000000004
N15_M01_F10_K002_11,K002,none,normal,N15_M01_F10,1499.62,cepstrum,6203_PU_2905,12000.0,13333.3,8.0925,normal,0.894,-0.9926048350739197,0,-0.008,0.378,0.21876303638382735,1,0.016000000000000004
N15_M01_F10_K002_12,K002,none,normal,N15_M01_F10,1499.56,cepstrum,6203_PU_2905,10666.7,13333.3,5.2237,normal,0.452,0.14074627337198894,0,0.009999999999999998,0.174,1.0577118485296273,2,0.014000000000000002
N15_M01_F10_K002_13,K002,none,normal,N15_M01_F10,1499.44,cepstrum,6203_PU_2905,12000.0,14000.0,7.295,normal,0.866,-0.7147668735160251,1,-0.006999999999999999,0.12,1.525917676248363,1,0.002999999999999999
N15_M01_F10_K002_14,K002,none,normal,N15_M01_F10,1499.19,cepstrum,6203_PU_2905,12000.0,14000.0,8.6376,normal,0.818,-1.0934644696141318,0,0.009999999999999998,0.094,1.2824881199933829,3,0.016000000000000004
N15_M01_F10_K002_15,K002,none,normal,N15_M01_F10,1499.75,cepstrum,6203_PU_2905,12000.0,14000.0,5.0538,normal,0.702,-0.42847173869727334,0,0.009999999999999998,0.748,-0.7478126526213639,1,0.011
N15_M01_F10_K002_16,K002,none,normal,N15_M01_F10,1499.6,cepstrum,6203_PU_2905,13333.3,14666.7,7.3092,normal,0.394,0.11791339469409283,1,-0.005000000000000001,0.354,0.3542009101512021,1,0.016000000000000004
N15_M01_F10_K002_17,K002,none,normal,N15_M01_F10,1499.48,cepstrum,6203_PU_2905,10666.7,13333.3,5.7746,normal,0.496,0.04239017194632528,0,0.011,0.026,2.5235490014781323,3,0.016000000000000004
N15_M01_F10_K002_18,K002,none,normal,N15_M01_F10,1499.68,cepstrum,6203_PU_2905,10666.7,12000.0,5.1898,normal,0.588,-0.3726995086510806,1,-0.008,0.056,1.4597465163128092,1,0.013000000000000001
N15_M01_F10_K002_19,K002,none,normal,N15_M01_F10,1499.92,cepstrum,6203_PU_2905,10666.7,13333.3,7.5756,normal,0.746,-0.5735839131275984,1,-0.005000000000000001,0.842,-1.3888825355200856,2,0.014000000000000002
N15_M01_F10_K002_2,K002,none,normal,N15_M01_F10,1499.24,cepstrum,6203_PU_2905,10666.7,13333.3,6.0956,normal,0.628,-0.3041331710359147,1,-0.006999999999999999,0.196,1.070009039680679,0,0.02
N15_M01_F10_K002_20,K002,none,normal,N15_M01_F10,1499.28,cepstrum,6203_PU_2905,12000.0,14000.0,5.7482,normal,0.54,-0.05943345318868145,1,-0.006999999999999999,0.294,0.9471160796505207,2,0.016000000000000004
N15_M01_F10_K002_3,K002,none,normal,N15_M01_F10,1499.92,cepstrum,6203_PU_2905,10666.7,13333.3,6.7274,normal,0.306,0.5242392191287905,1,-0.006999999999999999,0.578,-0.20801016874524397,1,-0.011
N15_M01_F10_K002_4,K002,none,normal,N15_M01_F10,1499.89,cepstrum,6203_PU_2905,10666.7,13333.3,5.6332,normal,0.808,-0.5774878699281815,1,0.009999999999999998,0.132,1.8466357716855153,2,0.014000000000000002
N15_M01_F10_K002_5,K002,none,normal,N15_M01_F10,1499.37,cepstrum,6203_PU_2905,12000.0,13333.3,5.3643,normal,0.482,0.05553410634493372,1,-0.006999999999999999,0.044,1.3356439834392384,2,0.015000000000000003
N15_M01_F10_K002_6,K002,none,normal,N15_M01_F10,1499.6,cepstrum,6203_PU_2905,10666.7,13333.3,5.2406,normal,0.646,-0.29547990361014287,1,-0.008,0.144,1.4839120798080563,2,0.016000000000000004
N15_M01_F10_K002_7,K002,none,normal,N15_M01_F10,1499.61,cepstrum,6203_PU_2905,10666.7,13333.3,5.9629,normal,0.572,-0.15615599823757662,1,-0.006999999999999999,0.468,0.15571697957418523,3,0.016000000000000004
N15_M01_F10_K002_8,K002,none,normal,N15_M01_F10,1499.7,cepstrum,6203_PU_2905,10666.7,13333.3,5.3171,normal,0.282,0.6475450888426797,1,0.009999999999999998,0.196,1.0474558687194813,1,0.015000000000000003
N15_M01_F10_K002_9,K002,none,normal,N15_M01_F10,1499.46,cepstrum,6203_PU_2905,10666.7,13333.3,8.8855,normal,0.318,0.8482360878534686,1,-0.006,0.168,1.2670396366555525,1,0.002999999999999999
N15_M01_F10_K003_1,K003,none,normal,N15_M01_F10,1499.63,cepstrum,6203_PU_2905,10000.0,12000.0,2.6838,normal,0.126,3.3255117203277114,1,-0.006999999999999999,0.242,0.7549530131364787,2,0.014000000000000002
N15_M01_F10_K003_10,K003,none,normal,N15_M01_F10,1499.54,cepstrum,6203_PU_2905,10666.7,13333.3,2.588,normal,0.902,-1.2558463396472304,1,-0.005000000000000001,0.142,1.409786587316385,2,0.014000000000000002
N15_M01_F10_K003_11,K003,none,normal,N15_M01_F10,1499.59,cepstrum,6203_PU_2905,12000.0,14000.0,2.7915,normal,0.698,-0.41774058209221876,1,-0.005000000000000001,0.328,0.5426806680727251,2,0.015000000000000003
N15_M01_F10_K003_12,K003,none,normal,N15_M01_F10,1499.58,cepstrum,6203_PU_2905,10666.7,13333.3,2.7947,normal,0.632,-0.2886539850910641,1,-0.005000000000000001,0.12,1.3105797374939245,2,0.014000000000000002
N15_M01_F10_K003_13,K003,none,normal,N15_M01_F10,1499.54,cepstrum,6203_PU_2905,8000.0,12000.0,2.9463,normal,0.6,-0.4254025097420491,1,-0.006,0.16,1.1576040262141214,2,0.015000000000000003
N15_M01_F10_K003_14,K003,none,normal,N15_M01_F10,1499.6,cepstrum,6203_PU_2905,8000.0,12000.0,2.7889,normal,0.41,0.21043202378412026,0,0.009999999999999998,0.638,-0.3363534013417809,2,-0.006
N15_M01_F10_K003_15,K003,none,normal,N15_M01_F10,1499.62,cepstrum,6203_PU_2905,10666.7,13333.3,2.4606,normal,0.502,-0.10480012233210163,0,0.009999999999999998,0.556,-0.06843483732646442,2,0.014000000000000002
N15_M01_F10_K003_16,K003,none,normal,N15_M01_F10,1499.64,cepstrum,6203_PU_2905,8000.0,9333.3,2.6635,normal,0.282,0.5806667214620217,1,-0.006,0.996,-1.7164575086782716,2,0.015000000000000003
N15_M01_F10_K003_17,K003,none,normal,N15_M01_F10,1499.57,cepstrum,6203_PU_2905,8000.0,12000.0,2.3875,normal,0.256,1.12941854878801,1,-0.006,0.046,3.6159529649876703,2,0.014000000000000002
N15_M01_F10_K003_18,K003,none,normal,N15_M01_F10,1499.6,cepstrum,6203_PU_2905,13333.3,14666.7,2.8442,normal,0.654,-0.2641178780601479,1,-0.006999999999999999,0.086,1.9930477299827212,1,0.014000000000000002
N15_M01_F10_K003_19,K003,none,normal,N15_M01_F10,1499.61,cepstrum,6203_PU_2905,10666.7,13333.3,2.6196,normal,0.262,0.7548357995018676,1,-0.005000000000000001,0.324,0.6124228611195981,0,0.009999999999999998
N15_M01_F10_K003_2,K003,none,normal,N15_M01_F10,1499.62,cepstrum,6203_PU_2905,13333.3,14666.7,2.9178,normal,0.61,-0.13809912835097293,1,-0.008,0.414,0.23256472542604456,0,-0.005000000000000001
N15_M01_F10_K003_20,K003,none,normal,N15_M01_F10,1499.58,cepstrum,6203_PU_2905,10666.7,13333.3,2.6488,normal,0.482,0.28177629476818744,1,-0.006999999999999999,0.52,-0.05942335499672234,2,0.015000000000000003
N15_M01_F10_K003_3,K003,none,normal,N15_M01_F10,1499.62,cepstrum,6203_PU_2905,8000.0,12000.0,2.6158,normal,0.642,-0.3791703437144005,1,-0.006,0.17,0.7971671197234809,2,0.015000000000000003
N15_M01_F10_K003_4,K003,none,normal,N15_M01_F10,1499.59,cepstrum,6203_PU_2905,10666.7,13333.3,2.5281,normal,0.32,0.24326768208960844,1,-0.006,0.108,1.2604180173285606,2,0.015000000000000003
N15_M01_F10_K003_5,K003,none,normal,N15_M01_F10,1499.64,cepstrum,6203_PU_2905,10666.7,13333.3,2.5075,normal,0.738,-0.8221241911050969,1,-0.004,0.11,1.7261125329565512,3,0.014000000000000002
N15_M01_F10_K003_6,K003,none,normal,N15_M01_F10,1499.59,cepstrum,6203_PU_2905,10666.7,13333.3,2.8193,normal,0.276,0.7073277598572905,2,-0.006,0.574,-0.15358188176041246,3,0.015000000000000003
N15_M01_F10_K003_7,K003,none,normal,N15_M01_F10,1499.65,cepstrum,6203_PU_2905,12000.0,14000.0,2.7825,normal,0.266,0.7107871599160124,1,-0.006,0.162,0.7731934476360881,3,0.015000000000000003
N15_M01_F10_K003_8,K003,none,normal,N15_M01_F10,1499.64,cepstrum,6203_PU_2905,8000.0,9333.3,3.4218,normal,0.562,-0.21409121184562238,0,0.006999999999999999,0.272,0.8130675017035386,2,0.015000000000000003
N15_M01_F10_K003_9,K003,none,normal,N15_M01_F10,1499.61,cepstrum,6203_PU_2905,10666.7,13333.3,2.9791,normal,0.212,2.583012808633262,1,-0.006,0.584,-0.1898940856051293,0,-0.005000000000000001
N15_M01_F10_K004_1,K004,none,normal,N15_M01_F10,1499.69,cepstrum,6203_PU_2905,13333.3,14666.7,2.0739,normal,0.646,-0.35836359325805744,0,-0.006999999999999999,0.588,-0.12931884572955213,1,0.014000000000000002
N15_M01_F10_K004_10,K004,none,normal,N15_M01_F10,1499.62,cepstrum,6203_PU_2905,13333.3,14666.7,2.1643,normal,0.92,-1.7529677295331876,0,0.008,0.748,-0.6703805084414126,1,0.015000000000000003
N15_M01_F10_K004_11,K004,none,normal,N15_M01_F10,1499.59,cepstrum,6203_PU_2905,10666.7,13333.3,1.7018,normal,0.686,-0.5376915224840857,0,0.009000000000000001,0.956,-1.9888307434709627,0,-0.005000000000000001
N15_M01_F10_K004_12,K004,none,normal,N15_M01_F10,1499.59,cepstrum,6203_PU_2905,10666.7,13333.3,1.9101,normal,0.378,0.5859264987806876,0,-0.006999999999999999,0.278,0.4890811801377569,2,0.014000000000000002
N15_M01_F10_K004_13,K004,none,normal,N15_M01_F10,1499.6,cepstrum,6203_PU_2905,13333.3,14666.7,2.2036,normal,0.388,0.39931216913469486,0,-0.006,0.678,-0.5296551635084158,1,0.016000000000000004
N15_M01_F10_K004_14,K004,none,normal,N15_M01_F10,1499.62,cepstrum,6203_PU_2905,13333.3,14666.7,1.6512,normal,0.146,1.5719913961569896,0,-0.006,0.07,1.3882277583780638,2,0.015000000000000003
N15_M01_F10_K004_15,K004,none,normal,N15_M01_F10,1499.65,cepstrum,6203_PU_2905,13333.3,14666.7,2.1918,normal,0.442,0.05952323534355007,0,-0.006999999999999999,0.142,1.2403004143382217,0,-0.018000000000000002
N15_M01_F10_K004_16,K004,none,normal,N15_M01_F10,1499.59,cepstrum,6203_PU_2905,10666.7,13333.3,1.8173,normal,0.686,-0.2869564765265451,0,-0.008,0.486,0.04243116183698857,0,0.019
N15_M01_F10_K004_17,K004,none,normal,N15_M01_F10,1499.53,cepstrum,6203_PU_2905,12000.0,14000.0,2.1539,normal,0.7,-0.438406958253973,1,-0.006999999999999999,0.902,-1.2432466472649626,2,0.014000000000000002
N15_M01_F10_K004_18,K004,none,normal,N15_M01_F10,1499.6,cepstrum,6203_PU_2905,13333.3,14666.7,2.2045,normal,0.528,-0.09320887632878631,0,0.009000000000000001,0.922,-1.4359142495168125,0,-0.006999999999999999
N15_M01_F10_K004_19,K004,none,normal,N15_M01_F10,1499.55,cepstrum,6203_PU_2905,13333.3,14666.7,2.0236,normal,0.464,0.16888259360424096,0,-0.006999999999999999,0.514,-0.05099855657996663,1,0.013000000000000001
N15_M01_F10_K004_2,K004,none,normal,N15_M01_F10,1499.69,cepstrum,6203_PU_2905,12000.0,14000.0,2.668,normal,0.184,1.9787107699052369,2,-0.006,0.694,-0.6850950871953895,2,0.014000000000000002
N15_M01_F10_K004_20,K004,none,normal,N15_M01_F10,1499.68,cepstrum,6203_PU_2905,13333.3,14666.7,2.2537,normal,0.44,0.19666070534468894,0,0.015000000000000003,0.216,0.7211716789290084,1,0.014000000000000002
N15_M01_F10_K004_3,K004,none,normal,N15_M01_F10,1499.64,cepstrum,6203_PU_2905,13333.3,14666.7,2.3154,normal,0.502,-0.06976960106931647,0,-0.005000000000000001,0.362,0.4795110401715468,1,0.013000000000000001
N15_M01_F10_K004_4,K004,none,normal,N15_M01_F10,1499.65,cepstrum,6203_PU_2905,10666.7,13333.3,1.7382,normal,0.534,-0.4300482707518779,0,-0.01,0.138,1.2753080257186604,1,0.019
N15_M01_F10_K004_5,K004,none,normal,N15_M01_F10,1499.66,cepstrum,6203_PU_2905,13333.3,14666.7,2.4132,normal,0.342,0.3563332841722729,0,-0.006,0.096,2.073918879497912,1,0.014000000000000002
N15_M01_F10_K004_6,K004,none,normal,N15_M01_F10,1499.58,cepstrum,6203_PU_2905,13333.3,14666.7,2.2454,inner_race,0.14,1.938482749487676,0,-0.006999999999999999,0.01,4.117214955465974,2,0.014000000000000002
N15_M01_F10_K004_7,K004,none,normal,N15_M01_F10,1499.59,cepstrum,6203_PU_2905,13333.3,14666.7,1.9442,normal,0.166,1.1573606159944005,0,-0.006,0.264,0.8473916334787474,1,-0.005000000000000001
N15_M01_F10_K004_8,K004,none,normal,N15_M01_F10,1499.55,cepstrum,6203_PU_2905,13333.3,14666.7,2.212,normal,0.188,1.0799998584390158,0,-0.006,0.134,1.498462131370889,1,0.013000000000000001
N15_M01_F10_K004_9,K004,none,normal,N15_M01_F10,1499.65,cepstrum,6203_PU_2905,13333.3,14666.7,2.1283,normal,0.362,0.41519906167138987,0,-0.006,0.854,-1.4950587984631605,0,0.009999999999999998
N15_M01_F10_K005_1,K005,none,normal,N15_M01_F10,1499.68,cepstrum,6203_PU_2905,13333.3,14666.7,2.2565,normal,0.658,-0.3454692402276592,0,-0.006999999999999999,0.398,0.3641403786336128,0,-0.008
N15_M01_F10_K005_10,K005,none,normal,N15_M01_F10,1499.58,cepstrum,6203_PU_2905,10666.7,13333.3,2.6762,normal,0.372,0.4991586930300682,0,-0.006999999999999999,0.44,0.24458451735570058,2,-0.013000000000000001
N15_M01_F10_K005_11,K005,none,normal,N15_M01_F10,1499.62,cepstrum,6203_PU_2905,10666.7,13333.3,2.1343,normal,0.506,-0.0017726910206443693,0,0.011,0.734,-0.6194757501303714,1,0.014000000000000002
N15_M01_F10_K005_12,K005,none,normal,N15_M01_F10,1499.57,cepstrum,6203_PU_2905,10666.7,13333.3,2.467,normal,0.622,-0.2564880853809719,0,0.019,0.074,1.5319229974974395,1,0.014000000000000002
N15_M01_F10_K005_13,K005,none,normal,N15_M01_F10,1499.59,cepstrum,6203_PU_2905,10666.7,13333.3,2.0682,normal,0.262,0.7200990795953579,0,-0.006999999999999999,0.74,-0.5504757668093492,1,0.014000000000000002
N15_M01_F10_K005_14,K005,none,normal,N15_M01_F10,1499.56,cepstrum,6203_PU_2905,10666.7,13333.3,2.0863,normal,0.448,0.1380990831346406,0,-0.004,0.878,-1.459761724788432,1,0.014000000000000002
N15_M01_F10_K005_15,K005,none,normal,N15_M01_F10,1499.6,cepstrum,6203_PU_2905,10666.7,13333.3,2.3074,normal,0.502,-0.002037728994226916,0,-0.008,0.096,1.2289476393027534,1,0.014000000000000002
N15_M01_F10_K005_16,K005,none,normal,N15_M01_F10,1499.55,cepstrum,6203_PU_2905,10666.7,13333.3,2.452,normal,0.212,0.8923597648602102,1,-0.006999999999999999,0.918,-1.0933787856299508,2,-0.005000000000000001
N15_M01_F10_K005_17,K005,none,normal,N15_M01_F10,1499.6,cepstrum,6203_PU_2905,10666.7,13333.3,2.2934,normal,0.16,1.116344558895527,1,-0.006,0.178,0.9349685840750871,2,0.014000000000000002
N15_M01_F10_K005_18,K005,none,normal,N15_M01_F10,1499.62,cepstrum,6203_PU_2905,10666.7,13333.3,2.0886,normal,0.156,1.5512127142673522,1,-0.006,0.556,-0.2807848827313514,1,-0.006
N15_M01_F10_K005_19,K005,none,normal,N15_M01_F10,1499.61,cepstrum,6203_PU_2905,10666.7,13333.3,1.1253,normal,0.332,0.9461439617279914,0,-0.008,0.952,-1.2707378182052769,0,0.016000000000000004
N15_M01_F10_K005_2,K005,none,normal,N15_M01_F10,1499.67,cepstrum,6203_PU_2905,10666.7,13333.3,2.3421,normal,0.362,0.20174037090722963,0,0.009000000000000001,0.718,-0.6044309536750266,2,0.014000000000000002
N15_M01_F10_K005_20,K005,none,normal,N15_M01_F10,1499.55,cepstrum,6203_PU_2905,13333.3,14666.7,2.0538,normal,0.286,0.2491054814150586,0,0.015000000000000003,0.05,2.154523974167034,0,0.009000000000000001
N15_M01_F10_K005_3,K005,none,normal,N15_M01_F10,1499.6,cepstrum,6203_PU_2905,10666.7,13333.3,2.0661,normal,0.798,-0.6712769598383287,0,-0.006999999999999999,0.126,1.1388207750292902,2,-0.005000000000000001
N15_M01_F10_K005_4,K005,none,normal,N15_M01_F10,1499.68,cepstrum,6203_PU_2905,10666.7,13333.3,2.3127,normal,0.158,1.2795121163252612,1,-0.008,0.834,-0.86103022361344,0,0.009999999999999998
N15_M01_F10_K005_5,K005,none,normal,N15_M01_F10,1499.64,cepstrum,6203_PU_2905,10666.7,13333.3,2.2387,normal,0.47,0.4063983670018878,0,-0.01,0.208,0.6892804989397624,1,0.015000000000000003
N15_M01_F10_K005_6,K005,none,normal,N15_M01_F10,1499.56,cepstrum,6203_PU_2905,10666.7,13333.3,2.1678,normal,0.712,-0.3661392114731246,0,0.013000000000000001,0.17,1.2927713874925104,1,0.015000000000000003
N15_M01_F10_K005_7,K005,none,normal,N15_M01_F10,1499.67,cepstrum,6203_PU_2905,10666.7,12000.0,2.4125,normal,0.57,-0.035343383837961456,0,-0.006999999999999999,0.508,-0.025807374305217946,1,0.013000000000000001
N15_M01_F10_K005_8,K005,none,normal,N15_M01_F10,1499.58,cepstrum,6203_PU_2905,10666.7,13333.3,2.2194,normal,0.404,0.7051399776069955,0,-0.008,0.466,0.04072427375031004,1,0.015000000000000003
N15_M01_F10_K005_9,K005,none,normal,N15_M01_F10,1499.61,cepstrum,6203_PU_2905,10666.7,13333.3,2.3588,normal,0.606,-0.2078504139798366,0,-0.006,0.33,0.3816348349633928,2,-0.005000000000000001
N15_M01_F10_K006_1,K006,none,normal,N15_M01_F10,1499.67,cepstrum,6203_PU_2905,10666.7,13333.3,2.5135,normal,0.308,0.26785662684498285,1,-0.006999999999999999,0.58,-0.1863069979220544,3,0.013000000000000001
N15_M01_F10_K006_10,K006,none,normal,N15_M01_F10,1499.59,cepstrum,6203_PU_2905,13333.3,14666.7,2.3891,normal,0.226,1.0809134077639893,0,-0.008,0.594,-0.17551948833434558,2,0.013000000000000001
N15_M01_F10_K006_11,K006,none,normal,N15_M01_F10,1499.63,cepstrum,6203_PU_2905,10000.0,12000.0,1.5122,normal,0.606,-0.23297764191133832,0,-0.008,0.068,1.6366465733455662,2,0.014000000000000002
N15_M01_F10_K006_12,K006,none,normal,N15_M01_F10,1499.62,cepstrum,6203_PU_2905,8000.0,9333.3,2.0592,normal,0.928,-1.1182159587467388,0,0.016000000000000004,0.286,0.5580165067823114,1,0.013000000000000001
N15_M01_F10_K006_13,K006,none,normal,N15_M01_F10,1499.57,cepstrum,6203_PU_2905,13333.3,14666.7,1.9521,normal,0.244,0.3839059727246811,0,-0.005000000000000001,0.16,0.9322327660225086,3,0.015000000000000003
N15_M01_F10_K006_14,K006,none,normal,N15_M01_F10,1499.59,cepstrum,6203_PU_2905,13333.3,14666.7,1.9973,normal,0.212,1.5384959560768647,0,-0.004,0.308,0.531340191297278,1,0.015000000000000003
N15_M01_F10_K006_15,K006,none,normal,N15_M01_F10,1499.61,cepstrum,6203_PU_2905,10666.7,13333.3,1.78,normal,0.566,-0.08278893745223291,0,-0.0010000000000000009,0.122,1.7124645742081273,1,0.013000000000000001
N15_M01_F10_K006_16,K006,none,normal,N15_M01_F10,1499.57,cepstrum,6203_PU_2905,12000.0,14000.0,2.8145,normal,0.442,0.5210562355682047,1,-0.004,0.23,1.1481025867938233,1,0.013000000000000001
N15_M01_F10_K006_17,K006,none,normal,N15_M01_F10,1499.58,cepstrum,6203_PU_2905,12000.0,14000.0,2.6797,normal,0.258,0.8130024174603828,0,-0.005000000000000001,0.284,0.43294853502058556,3,0.013000000000000001
N15_M01_F10_K006_18,K006,none,normal,N15_M01_F10,1499.62,cepstrum,6203_PU_2905,12000.0,14000.0,2.4584,normal,0.472,0.0952800542186468,1,-0.006,0.33,0.5091175960272808,1,0.014000000000000002
N15_M01_F10_K006_19,K006,none,normal,N15_M01_F10,1499.58,cepstrum,6203_PU_2905,10666.7,13333.3,2.4124,normal,0.732,-0.7159687351673621,1,-0.006,0.2,1.1202636762664195,1,0.014000000000000002
N15_M01_F10_K006_2,K006,none,normal,N15_M01_F10,1499.62,cepstrum,6203_PU_2905,10666.7,12000.0,2.3879,normal,0.528,-0.2632639184416964,0,-0.004,0.018,2.2655451343311186,1,0.014000000000000002
N15_M01_F10_K006_20,K006,none,normal,N15_M01_F10,1499.6,cepstrum,6203_PU_2905,10666.7,13333.3,2.6291,normal,0.204,2.069121371055429,1,-0.006999999999999999,0.148,1.2004172566754918,3,0.014000000000000002
N15_M01_F10_K006_3,K006,none,normal,N15_M01_F10,1499.6,cepstrum,6203_PU_2905,10666.7,13333.3,2.2892,normal,0.346,0.3122077049206727,1,-0.006,0.098,2.186432390592635,3,0.014000000000000002
N15_M01_F10_K006_4,K006,none,normal,N15_M01_F10,1499.63,cepstrum,6203_PU_2905,10666.7,13333.3,2.7145,normal,0.164,1.2342937653111974,1,-0.006,0.922,-0.99812252455746,2,0.013000000000000001
N15_M01_F10_K006_5,K006,none,normal,N15_M01_F10,1499.61,cepstrum,6203_PU_2905,13333.3,14666.7,2.2344,normal,0.524,-0.044960244262935475,0,-0.006,0.352,0.2678020640902117,2,0.014000000000000002
N15_M01_F10_K006_6,K006,none,normal,N15_M01_F10,1499.59,cepstrum,6203_PU_2905,8000.0,9333.3,2.0526,normal,0.764,-0.561870405490947,0,-0.008,0.056,1.3862027671520611,1,0.015000000000000003
N15_M01_F10_K006_7,K006,none,normal,N15_M01_F10,1499.53,cepstrum,6203_PU_2905,8000.0,9333.3,2.4732,normal,0.136,1.3847725838229485,0,-0.008,0.196,0.8266784641578085,1,0.014000000000000002
N15_M01_F10_K006_8,K006,none,normal,N15_M01_F10,1499.62,cepstrum,6203_PU_2905,12000.0,14000.0,2.4782,normal,0.324,0.34895477374337414,1,-0.01,0.064,1.768785601490307,2,0.014000000000000002
N15_M01_F10_K006_9,K006,none,normal,N15_M01_F10,1499.63,cepstrum,6203_PU_2905,12000.0,14000.0,2.4735,normal,0.258,0.81823315538177,0,-0.006,0.342,0.3966557170077176,3,0.014000000000000002
N15_M01_F10_KA01_1,KA01,artificial,outer_race,N15_M01_F10,1499.7,cepstrum,6203_PU_2905,8000.0,10666.7,7.2466,outer_race,0.002,11.4332242870992,5,-0.004,0.62,-0.3867222557079684,4,-0.016
N15_M01_F10_KA01_10,KA01,artificial,outer_race,N15_M01_F10,1499.68,cepstrum,6203_PU_2905,8000.0,10666.7,6.9996,outer_race,0.002,9.651261207653736,5,-0.004,0.624,-0.3069760957002376,3,-0.006
N15_M01_F10_KA01_11,KA01,artificial,outer_race,N15_M01_F10,1499.48,cepstrum,6203_PU_2905,8000.0,10666.7,7.7691,outer_race,0.002,5.85715046999617,5,-0.005000000000000001,0.68,-0.40702447622848853,3,-0.005000000000000001
N15_M01_F10_KA01_12,KA01,artificial,outer_race,N15_M01_F10,1500.17,cepstrum,6203_PU_2905,8000.0,10666.7,7.1699,outer_race,0.002,6.985614965584138,5,-0.005000000000000001,0.758,-0.5497346988520552,3,-0.017
N15_M01_F10_KA01_13,KA01,artificial,outer_race,N15_M01_F10,1499.74,cepstrum,6203_PU_2905,2666.7,5333.3,7.4687,outer_race,0.002,8.48398476914136,5,-0.002999999999999999,0.9,-0.8461921568271132,0,0.006999999999999999
N15_M01_F10_KA01_14,KA01,artificial,outer_race,N15_M01_F10,1499.69,cepstrum,6203_PU_2905,8000.0,10666.7,7.9153,outer_race,0.002,13.463963125779312,5,-0.004,0.708,-0.2914480861163703,1,-0.006
N15_M01_F10_KA01_15,KA01,artificial,outer_race,N15_M01_F10,1499.14,cepstrum,6203_PU_2905,8000.0,10666.7,7.6729,outer_race,0.002,14.496995459504491,5,-0.004,0.78,-0.7288642400821599,1,-0.004
N15_M01_F10_KA01_16,KA01,artificial,outer_race,N15_M01_F10,1499.48,cepstrum,6203_PU_2905,8000.0,10666.7,7.2676,outer_race,0.002,8.415009197087763,5,-0.005000000000000001,0.806,-0.7473910032985491,4,-0.016
N15_M01_F10_KA01_17,KA01,artificial,outer_race,N15_M01_F10,1499.43,cepstrum,6203_PU_2905,8000.0,10666.7,7.3884,outer_race,0.002,7.945903919256774,5,-0.004,0.76,-0.6099421410400151,1,-0.004
N15_M01_F10_KA01_18,KA01,artificial,outer_race,N15_M01_F10,1499.6,cepstrum,6203_PU_2905,8000.0,10666.7,8.2554,outer_race,0.002,12.772520321292657,5,-0.004,0.688,-0.5092717105714896,2,-0.005000000000000001
N15_M01_F10_KA01_19,KA01,artificial,outer_race,N15_M01_F10,1499.74,cepstrum,6203_PU_2905,8000.0,10666.7,7.3086,outer_race,0.002,4.961679787776108,5,-0.004,0.704,-0.49504243531545916,3,-0.006
N15_M01_F10_KA01_2,KA01,artificial,outer_race,N15_M01_F10,1499.73,cepstrum,6203_PU_2905,8000.0,10666.7,7.1078,outer_race,0.002,13.873802032503553,5,-0.005000000000000001,0.724,-0.5318782112672829,2,-0.005000000000000001
N15_M01_F10_KA01_20,KA01,artificial,outer_race,N15_M01_F10,1500.3,cepstrum,6203_PU_2905,8000.0,10666.7,7.0748,outer_race,0.002,5.76431807617591,5,-0.005000000000000001,0.678,-0.36315685459892094,4,-0.015
N15_M01_F10_KA01_3,KA01,artificial,outer_race,N15_M01_F10,1499.46,cepstrum,6203_PU_2905,8000.0,10666.7,7.6432,outer_race,0.002,15.970213692114296,5,-0.002999999999999999,0.682,-0.6645441644266931,3,-0.017
N15_M01_F10_KA01_4,KA01,artificial,outer_race,N15_M01_F10,1499.68,cepstrum,6203_PU_2905,8000.0,10666.7,7.0453,outer_race,0.002,7.991635038792799,5,-0.005000000000000001,0.744,-0.6017635649668316,3,-0.017
N15_M01_F10_KA01_5,KA01,artificial,outer_race,N15_M01_F10,1499.89,cepstrum,6203_PU_2905,8000.0,10666.7,6.9558,outer_race,0.002,14.217557579256127,5,-0.006999999999999999,0.688,-0.3519585975165803,1,-0.004
N15_M01_F10_KA01_6,KA01,artificial,outer_race,N15_M01_F10,1499.76,cepstrum,6203_PU_2905,8000.0,10666.7,7.0819,outer_race,0.002,11.349014345824767,5,-0.004,0.572,-0.2426242168232531,3,-0.005000000000000001
N15_M01_F10_KA01_7,KA01,artificial,outer_race,N15_M01_F10,1499.77,cepstrum,6203_PU_2905,8000.0,10666.7,6.9806,outer_race,0.002,16.783302907937095,5,-0.005000000000000001,0.76,-0.5550154694164064,3,-0.006999999999999999
N15_M01_F10_KA01_8,KA01,artificial,outer_race,N15_M01_F10,1499.42,cepstrum,6203_PU_2905,8000.0,10666.7,7.775,outer_race,0.002,5.859196834193232,5,-0.004,0.644,-0.5390692006055181,2,-0.018000000000000002
N15_M01_F10_KA01_9,KA01,artificial,outer_race,N15_M01_F10,1499.13,cepstrum,6203_PU_2905,8000.0,10666.7,7.1431,outer_race,0.002,10.627833858852346,5,-0.006,0.652,-0.4510308335554816,4,-0.017
N15_M01_F10_KA03_1,KA03,artificial,outer_race,N15_M01_F10,1499.73,cepstrum,6203_PU_2905,13333.3,14666.7,2.9672,normal,0.164,1.2024186884074317,0,0.016000000000000004,0.914,-0.802362805020538,0,0.015000000000000003
N15_M01_F10_KA03_10,KA03,artificial,outer_race,N15_M01_F10,1499.53,cepstrum,6203_PU_2905,13333.3,14666.7,3.1251,normal,0.48,0.06611866827871052,0,0.016999999999999998,0.456,0.20575271321981256,1,0.0019999999999999983
N15_M01_F10_KA03_11,KA03,artificial,outer_race,N15_M01_F10,1499.64,cepstrum,6203_PU_2905,13333.3,14666.7,3.189,normal,0.768,-0.691017833434585,0,0.011,0.372,0.182356861132747,1,-0.012
N15_M01_F10_KA03_12,KA03,artificial,outer_race,N15_M01_F10,1499.67,cepstrum,6203_PU_2905,13333.3,14666.7,3.1664,normal,0.846,-1.4457824231541316,0,-0.013000000000000001,0.742,-0.674504869863052,0,0.0
N15_M01_F10_KA03_13,KA03,artificial,outer_race,N15_M01_F10,1499.6,cepstrum,6203_PU_2905,13333.3,14666.7,3.8506,normal,0.598,-0.27930884200930906,0,0.009000000000000001,0.282,0.6469903264205642,1,-0.006
N15_M01_F10_KA03_14,KA03,artificial,outer_race,N15_M01_F10,1499.7,cepstrum,6203_PU_2905,13333.3,14666.7,3.2236,normal,0.878,-1.9753039923239337,0,0.016000000000000004,0.776,-0.6167651594285984,0,-0.019
N15_M01_F10_KA03_15,KA03,artificial,outer_race,N15_M01_F10,1499.48,cepstrum,6203_PU_2905,13333.3,14666.7,4.5209,normal,0.748,-0.5921171835850646,0,-0.017,0.93,-1.8609408492269257,1,-0.012
N15_M01_F10_KA03_16,KA03,artificial,outer_race,N15_M01_F10,1499.61,cepstrum,6203_PU_2905,13333.3,14666.7,4.3556,normal,0.848,-1.224583778460296,0,-0.017,0.412,0.32055127866816513,0,0.015000000000000003
N15_M01_F10_KA03_17,KA03,artificial,outer_race,N15_M01_F10,1499.51,cepstrum,6203_PU_2905,13333.3,14666.7,3.4112,normal,0.282,0.560196596873879,0,0.009000000000000001,0.912,-0.920482715897223,0,0.014000000000000002
N15_M01_F10_KA03_18,KA03,artificial,outer_race,N15_M01_F10,1499.62,cepstrum,6203_PU_2905,13333.3,14666.7,3.3704,normal,0.578,-0.39711436146359264,0,0.016000000000000004,0.928,-1.0536972221035497,0,0.0019999999999999983
N15_M01_F10_KA03_19,KA03,artificial,outer_race,N15_M01_F10,1499.58,cepstrum,6203_PU_2905,13333.3,14666.7,3.4768,normal,0.124,1.7473198444058766,1,0.009999999999999998,0.958,-1.4161333082408833,1,-0.012
N15_M01_F10_KA03_2,KA03,artificial,outer_race,N15_M01_F10,1499.61,cepstrum,6203_PU_2905,13333.3,14666.7,3.3287,normal,0.404,0.26946713802201017,0,0.008,0.332,0.7415796427268522,0,0.014000000000000002
N15_M01_F10_KA03_20,KA03,artificial,outer_race,N15_M01_F10,1499.64,cepstrum,6203_PU_2905,13333.3,14666.7,3.6331,normal,0.654,-0.30415529939954933,0,-0.01,0.596,-0.3407271489313532,0,0.006999999999999999
N15_M01_F10_KA03_3,KA03,artificial,outer_race,N15_M01_F10,1499.71,cepstrum,6203_PU_2905,13333.3,14666.7,3.5027,normal,0.83,-0.7668786047045387,0,0.016000000000000004,0.688,-0.4442377465182594,0,0.004
N15_M01_F10_KA03_4,KA03,artificial,outer_race,N15_M01_F10,1499.42,cepstrum,6203_PU_2905,13333.3,14666.7,3.6987,normal,0.452,0.1452070092397348,0,-0.02,0.71,-0.5992671621321958,1,0.014000000000000002
N15_M01_F10_KA03_5,KA03,artificial,outer_race,N15_M01_F10,1499.58,cepstrum,6203_PU_2905,13333.3,14666.7,3.9941,normal,0.908,-0.8774936571526945,0,0.018,0.912,-0.9410248736852432,0,0.019
N15_M01_F10_KA03_6,KA03,artificial,outer_race,N15_M01_F10,1499.63,cepstrum,6203_PU_2905,13333.3,14666.7,3.7935,normal,0.834,-0.9982793278232968,0,-0.013000000000000001,0.598,-0.28079739814381405,1,0.015000000000000003
N15_M01_F10_KA03_7,KA03,artificial,outer_race,N15_M01_F10,1499.56,cepstrum,6203_PU_2905,13333.3,14666.7,3.2956,normal,0.57,-0.14978397017156694,0,0.009999999999999998,0.322,0.5154908533785553,1,-0.005000000000000001
N15_M01_F10_KA03_8,KA03,artificial,outer_race,N15_M01_F10,1499.68,cepstrum,6203_PU_2905,13333.3,14666.7,4.1052,normal,0.762,-0.6865865734435175,0,0.011,0.47,0.0893724565335274,0,0.015000000000000003
N15_M01_F10_KA03_9,KA03,artificial,outer_race,N15_M01_F10,1499.59,cepstrum,6203_PU_2905,13333.3,14666.7,3.5694,normal,0.292,0.7448352861000593,0,0.016000000000000004,0.668,-0.33553943526766217,0,0.015000000000000003
N15_M01_F10_KA04_1,KA04,real,outer_race,N15_M01_F10,1499.69,cepstrum,6203_PU_2855,8000.0,10666.7,3.2264,outer_race,0.002,15.071124632822393,5,-0.0019999999999999983,0.602,-0.19935644231818414,1,0.02
N15_M01_F10_KA04_10,KA04,real,outer_race,N15_M01_F10,1499.66,cepstrum,6203_PU_2855,8000.0,10666.7,4.4232,outer_race,0.002,6.130533047450993,5,-0.0019999999999999983,0.678,-0.42542802932702556,2,0.02
N15_M01_F10_KA04_11,KA04,real,outer_race,N15_M01_F10,1499.66,cepstrum,6203_PU_2855,8000.0,10666.7,4.366,outer_race,0.002,10.368037100855894,5,-0.0019999999999999983,0.628,-0.2328440350620593,1,-0.013000000000000001
N15_M01_F10_KA04_12,KA04,real,outer_race,N15_M01_F10,1499.66,cepstrum,6203_PU_2855,8000.0,10666.7,4.8082,outer_race,0.002,14.508977712466498,5,-0.0010000000000000009,0.808,-0.5439222218087714,3,0.02
N15_M01_F10_KA04_13,KA04,real,outer_race,N15_M01_F10,1499.6,cepstrum,6203_PU_2855,8000.0,10666.7,4.5311,outer_race,0.002,8.24684635432416,5,-0.0019999999999999983,0.612,-0.18391945383606367,2,0.02
N15_M01_F10_KA04_14,KA04,real,outer_race,N15_M01_F10,1499.66,cepstrum,6203_PU_2855,8000.0,10666.7,4.7254,outer_race,0.002,7.0985154796510015,5,-0.0010000000000000009,0.596,-0.2344235146755857,3,-0.012
N15_M01_F10_KA04_15,KA04,real,outer_race,N15_M01_F10,1499.62,cepstrum,6203_PU_2855,8000.0,10666.7,5.105,outer_race,0.002,10.078707155555863,5,-0.0010000000000000009,0.662,-0.5378822332322294,3,-0.012
N15_M01_F10_KA04_16,KA04,real,outer_race,N15_M01_F10,1499.49,cepstrum,6203_PU_2855,8000.0,10666.7,5.0354,outer_race,0.002,13.489265581504466,5,-0.0010000000000000009,0.656,-0.48893545511863945,2,0.02
N15_M01_F10_KA04_17,KA04,real,outer_race,N15_M01_F10,1499.74,cepstrum,6203_PU_2855,8000.0,10666.7,4.7123,outer_race,0.002,18.643253027942006,5,-0.0019999999999999983,0.68,-0.558613427926977,3,-0.013000000000000001
N15_M01_F10_KA04_18,KA04,real,outer_race,N15_M01_F10,1499.66,cepstrum,6203_PU_2855,8000.0,10666.7,5.1131,outer_race,0.002,12.480849761085143,5,-0.0010000000000000009,0.614,-0.2888246058260361,2,0.02
N15_M01_F10_KA04_19,KA04,real,outer_race,N15_M01_F10,1499.62,cepstrum,6203_PU_2855,8000.0,10666.7,4.7712,outer_race,0.002,9.428864905903936,5,-0.0019999999999999983,0.49,0.1142831248947622,2,0.02
N15_M01_F10_KA04_2,KA04,real,outer_race,N15_M01_F10,1499.5,cepstrum,6203_PU_2855,8000.0,10666.7,3.3766,outer_race,0.002,8.062849379455075,5,-0.0010000000000000009,0.634,-0.3918297206775646,1,-0.012
N15_M01_F10_KA04_20,KA04,real,outer_race,N15_M01_F10,1499.74,cepstrum,6203_PU_2855,8000.0,10666.7,4.2939,outer_race,0.002,10.899393882337307,5,-0.0019999999999999983,0.684,-0.4774911319788467,1,-0.012
N15_M01_F10_KA04_3,KA04,real,outer_race,N15_M01_F10,1499.56,cepstrum,6203_PU_2855,8000.0,10666.7,3.0939,outer_race,0.002,12.309099823060611,5,-0.0019999999999999983,0.676,-0.394697820792602,0,-0.012
N15_M01_F10_KA04_4,KA04,real,outer_race,N15_M01_F10,1499.58,cepstrum,6203_PU_2855,8000.0,10666.7,3.5902,outer_race,0.002,9.315799872453793,5,-0.0010000000000000009,0.71,-0.4967157690958802,2,-0.012
N15_M01_F10_KA04_5,KA04,real,outer_race,N15_M01_F10,1499.63,cepstrum,6203_PU_2855,8000.0,10666.7,4.1279,outer_race,0.002,13.802122292260924,5,-0.0019999999999999983,0.632,-0.4540596807375098,2,0.02
N15_M01_F10_KA04_6,KA04,real,outer_race,N15_M01_F10,1499.59,cepstrum,6203_PU_2855,8000.0,10666.7,3.3543,outer_race,0.002,12.932420845190329,5,-0.0010000000000000009,0.734,-0.5579073602552785,1,-0.012
N15_M01_F10_KA04_7,KA04,real,outer_race,N15_M01_F10,1499.63,cepstrum,6203_PU_2855,8000.0,10666.7,4.4201,outer_race,0.002,5.998591344911969,5,-0.0010000000000000009,0.802,-0.6527109010262676,1,-0.011
N15_M01_F10_KA04_8,KA04,real,outer_race,N15_M01_F10,1499.54,cepstrum,6203_PU_2855,0.0,2000.0,4.6136,normal,0.002,1.9240596773049097,0,0.005000000000000001,0.818,-0.7291509315264431,0,-0.01
N15_M01_F10_KA04_9,KA04,real,outer_race,N15_M01_F10,1499.5,cepstrum,6203_PU_2855,8000.0,10666.7,4.4927,outer_race,0.002,11.23321918712337,5,-0.0010000000000000009,0.662,-0.6169448527243508,2,0.019
N15_M01_F10_KA05_1,KA05,artificial,outer_race,N15_M01_F10,1499.67,cepstrum,6203_PU_2905,10666.7,13333.3,4.4327,normal,0.222,0.9854877144311891,1,-0.008,0.432,0.181124243285089,1,0.0019999999999999983
N15_M01_F10_KA05_10,KA05,artificial,outer_race,N15_M01_F10,1499.59,cepstrum,6203_PU_2905,10666.7,13333.3,4.489,normal,0.334,0.2783929916383908,0,0.015000000000000003,0.428,0.18711710650087407,1,-0.005000000000000001
N15_M01_F10_KA05_11,KA05,artificial,outer_race,N15_M01_F10,1499.56,cepstrum,6203_PU_2905,13333.3,14666.7,5.1317,normal,0.5,0.021891253657420947,0,-0.006999999999999999,0.628,-0.30573413582195735,1,0.015000000000000003
N15_M01_F10_KA05_12,KA05,artificial,outer_race,N15_M01_F10,1499.4,cepstrum,6203_PU_2905,10666.7,13333.3,4.6053,normal,0.56,-0.12200106144525148,0,0.015000000000000003,0.338,0.563178352882706,1,0.014000000000000002
N15_M01_F10_KA05_13,KA05,artificial,outer_race,N15_M01_F10,1499.56,cepstrum,6203_PU_2905,10666.7,13333.3,6.6768,normal,0.744,-0.7132942794413583,1,-0.008,0.81,-0.9558066907603859,1,0.016000000000000004
N15_M01_F10_KA05_14,KA05,artificial,outer_race,N15_M01_F10,1499.6,cepstrum,6203_PU_2905,10666.7,13333.3,4.0994,normal,0.934,-1.4351801576589551,0,0.009000000000000001,0.156,1.3272875163074742,1,0.014000000000000002
N15_M01_F10_KA05_15,KA05,artificial,outer_race,N15_M01_F10,1499.6,cepstrum,6203_PU_2905,12000.0,14000.0,6.925,normal,0.49,0.10117098787999362,1,-0.006,0.69,-0.5673454580834139,1,0.002999999999999999
N15_M01_F10_KA05_16,KA05,artificial,outer_race,N15_M01_F10,1499.63,cepstrum,6203_PU_2905,10666.7,13333.3,4.0448,normal,0.78,-0.8407811133872107,1,-0.006999999999999999,0.322,0.3281599448822124,2,0.016000000000000004
N15_M01_F10_KA05_17,KA05,artificial,outer_race,N15_M01_F10,1499.64,cepstrum,6203_PU_2905,10666.7,13333.3,4.6494,normal,0.336,0.22600348499369652,0,0.009000000000000001,0.648,-0.2981348171186904,2,0.016000000000000004
N15_M01_F10_KA05_18,KA05,artificial,outer_race,N15_M01_F10,1499.74,cepstrum,6203_PU_2905,10666.7,13333.3,4.1186,normal,0.582,-0.14866638116509512,0,-0.006999999999999999,0.046,2.2453015448360114,2,0.016000000000000004
N15_M01_F10_KA05_19,KA05,artificial,outer_race,N15_M01_F10,1499.59,cepstrum,6203_PU_2905,10666.7,13333.3,5.3411,normal,0.284,0.8649939536568397,1,-0.006999999999999999,0.842,-1.134295056959593,0,0.0010000000000000009
N15_M01_F10_KA05_2,KA05,artificial,outer_race,N15_M01_F10,1499.62,cepstrum,6203_PU_2905,10666.7,12000.0,5.0329,normal,0.976,-0.942418132275173,0,0.016000000000000004,0.666,-0.41975431424142695,1,0.014000000000000002
N15_M01_F10_KA05_20,KA05,artificial,outer_race,N15_M01_F10,1499.6,cepstrum,6203_PU_2905,10666.7,13333.3,5.6687,inner_race,0.916,-1.1875527592050876,1,-0.006999999999999999,0.016,2.072050893136279,2,0.016000000000000004
N15_M01_F10_KA05_3,KA05,artificial,outer_race,N15_M01_F10,1499.49,cepstrum,6203_PU_2905,13333.3,14666.7,5.0089,normal,0.64,-0.24833687677499688,1,0.016000000000000004,0.28,0.7894839913938807,2,0.015000000000000003
N15_M01_F10_KA05_4,KA05,artificial,outer_race,N15_M01_F10,1499.54,cepstrum,6203_PU_2905,10666.7,13333.3,5.3336,normal,0.816,-0.6583424021512035,0,-0.008,0.54,-0.09806800265943338,2,0.012
N15_M01_F10_KA05_5,KA05,artificial,outer_race,N15_M01_F10,1499.61,cepstrum,6203_PU_2905,10666.7,13333.3,4.1595,normal,0.312,1.0474873684530064,0,-0.006,0.288,0.6809401738793338,2,0.009999999999999998
N15_M01_F10_KA05_6,KA05,artificial,outer_race,N15_M01_F10,1499.41,cepstrum,6203_PU_2905,10666.7,13333.3,4.0862,normal,0.374,0.47742214139798067,0,0.006999999999999999,0.942,-1.1009338153523802,0,0.005000000000000001
N15_M01_F10_KA05_7,KA05,artificial,outer_race,N15_M01_F10,1499.69,cepstrum,6203_PU_2905,12000.0,14000.0,4.4477,normal,0.634,-0.33190095261805064,0,0.016000000000000004,0.536,-0.13830731003434324,1,0.012
N15_M01_F10_KA05_8,KA05,artificial,outer_race,N15_M01_F10,1499.51,cepstrum,6203_PU_2905,10666.7,13333.3,4.6642,normal,0.466,0.18751165287045057,1,0.016000000000000004,0.206,1.0540131602784584,2,0.016000000000000004
N15_M01_F10_KA05_9,KA05,artificial,outer_race,N15_M01_F10,1499.68,cepstrum,6203_PU_2905,12000.0,14000.0,4.07,normal,0.798,-0.646307913238842,0,0.015000000000000003,0.116,1.8138869161164421,2,0.002999999999999999
N15_M01_F10_KA06_1,KA06,artificial,outer_race,N15_M01_F10,1499.43,cepstrum,6203_PU_2905,12000.0,14000.0,4.9086,normal,0.768,-0.5389440936661289,1,-0.006999999999999999,0.672,-0.296417131141621,1,0.002999999999999999
N15_M01_F10_KA06_10,KA06,artificial,outer_race,N15_M01_F10,1499.37,cepstrum,6203_PU_2905,12000.0,14000.0,4.5638,normal,0.666,-0.4086873404903712,0,0.009999999999999998,0.892,-1.086428604177696,1,0.015000000000000003
N15_M01_F10_KA06_11,KA06,artificial,outer_race,N15_M01_F10,1499.5,cepstrum,6203_PU_2905,12000.0,14000.0,3.5709,normal,0.284,0.6206209438462533,0,-0.006999999999999999,0.154,0.9358569870194428,2,0.016000000000000004
N15_M01_F10_KA06_12,KA06,artificial,outer_race,N15_M01_F10,1499.49,cepstrum,6203_PU_2905,12000.0,14000.0,4.8495,normal,0.836,-1.352279065969404,0,0.015000000000000003,0.212,0.9717944175724099,1,0.016000000000000004
N15_M01_F10_KA06_13,KA06,artificial,outer_race,N15_M01_F10,1499.89,cepstrum,6203_PU_2905,12000.0,14000.0,4.1061,normal,0.412,0.26061062559375764,0,-0.008,0.388,0.3643063301823814,2,0.015000000000000003
N15_M01_F10_KA06_14,KA06,artificial,outer_race,N15_M01_F10,1500.03,cepstrum,6203_PU_2905,12000.0,14000.0,4.4146,normal,0.268,2.1855599232050733,1,-0.006,0.75,-0.5371610854947896,1,0.002999999999999999
N15_M01_F10_KA06_15,KA06,artificial,outer_race,N15_M01_F10,1499.36,cepstrum,6203_PU_2905,12000.0,14000.0,4.0073,normal,0.302,0.43112291674739406,0,0.009999999999999998,0.952,-1.3347120464863094,2,0.016000000000000004
N15_M01_F10_KA06_16,KA06,artificial,outer_race,N15_M01_F10,1500.01,cepstrum,6203_PU_2905,10666.7,13333.3,3.8571,normal,0.328,0.4085173612805144,0,-0.004,0.376,0.4570237872140127,1,-0.011
N15_M01_F10_KA06_17,KA06,artificial,outer_race,N15_M01_F10,1499.49,cepstrum,6203_PU_2905,13333.3,14666.7,3.6144,normal,0.988,-1.484625843612611,0,-0.006999999999999999,0.216,1.1527495748706678,1,0.0019999999999999983
N15_M01_F10_KA06_18,KA06,artificial,outer_race,N15_M01_F10,1499.29,cepstrum,6203_PU_2905,13333.3,14666.7,3.7641,normal,0.538,-0.03176009300847695,0,0.015000000000000003,0.066,1.7558846849337086,1,0.014000000000000002
N15_M01_F10_KA06_19,KA06,artificial,outer_race,N15_M01_F10,1499.8,cepstrum,6203_PU_2905,13333.3,14666.7,3.9672,normal,0.472,0.1588242253123209,0,-0.006999999999999999,0.122,2.134261481425969,2,0.015000000000000003
N15_M01_F10_KA06_2,KA06,artificial,outer_race,N15_M01_F10,1499.95,cepstrum,6203_PU_2905,10666.7,13333.3,4.4194,normal,0.236,1.4693310001849456,0,-0.006999999999999999,0.574,-0.3247715911380086,1,-0.005000000000000001
N15_M01_F10_KA06_20,KA06,artificial,outer_race,N15_M01_F10,1499.62,cepstrum,6203_PU_2905,12000.0,14000.0,4.7483,normal,0.576,-0.07064262232155841,1,-0.006999999999999999,0.934,-1.1585115311085463,1,0.002999999999999999
N15_M01_F10_KA06_3,KA06,artificial,outer_race,N15_M01_F10,1499.65,cepstrum,6203_PU_2905,13333.3,14666.7,4.1026,normal,0.93,-0.614018629229986,0,0.008,0.18,1.40450338298476,1,-0.012
N15_M01_F10_KA06_4,KA06,artificial,outer_race,N15_M01_F10,1499.67,cepstrum,6203_PU_2905,13333.3,14666.7,3.9161,normal,0.46,0.3847544564256322,0,0.011,0.696,-0.5172643115055396,1,0.016000000000000004
N15_M01_F10_KA06_5,KA06,artificial,outer_race,N15_M01_F10,1499.69,cepstrum,6203_PU_2905,12000.0,14000.0,3.7539,normal,0.266,0.467626303754407,1,-0.008,0.23,0.9022726722992713,1,0.016000000000000004
N15_M01_F10_KA06_6,KA06,artificial,outer_race,N15_M01_F10,1499.43,cepstrum,6203_PU_2905,13333.3,14666.7,3.9117,normal,0.628,-0.358319403059674,0,-0.005000000000000001,0.23,1.183069932620395,1,0.014000000000000002
N15_M01_F10_KA06_7,KA06,artificial,outer_race,N15_M01_F10,1499.5,cepstrum,6203_PU_2905,10666.7,13333.3,3.6165,normal,0.364,0.5097349709619342,0,0.012,0.41,0.2527317878198675,1,0.014000000000000002
N15_M01_F10_KA06_8,KA06,artificial,outer_race,N15_M01_F10,1499.61,cepstrum,6203_PU_2905,13333.3,14666.7,4.8713,normal,0.8,-0.6617508972125252,0,0.009999999999999998,0.86,-0.8243405179637068,0,0.011
N15_M01_F10_KA06_9,KA06,artificial,outer_race,N15_M01_F10,1499.36,cepstrum,6203_PU_2905,13333.3,14666.7,3.9549,normal,0.51,-0.19202764867868763,0,0.009999999999999998,0.358,0.5209672944287602,1,0.015000000000000003
N15_M01_F10_KA07_1,KA07,artificial,outer_race,N15_M01_F10,1499.22,cepstrum,6203_PU_2905,10666.7,13333.3,3.4939,normal,0.622,-0.1608737425968453,1,-0.006,0.354,0.27270015764371786,0,0.019
N15_M01_F10_KA07_10,KA07,artificial,outer_race,N15_M01_F10,1499.58,cepstrum,6203_PU_2905,10666.7,13333.3,3.6708,normal,0.59,-0.2609266433582326,1,-0.006,0.164,2.131096917196703,1,0.012
N15_M01_F10_KA07_11,KA07,artificial,outer_race,N15_M01_F10,1499.62,cepstrum,6203_PU_2905,10666.7,13333.3,4.5093,normal,0.474,0.08056739154721108,1,-0.006999999999999999,0.008,3.7676484960395737,1,0.016000000000000004
N15_M01_F10_KA07_12,KA07,artificial,outer_race,N15_M01_F10,1499.46,cepstrum,6203_PU_2905,10666.7,13333.3,3.7831,normal,0.744,-0.2596629195018294,1,-0.004,0.432,0.24862024621384288,2,0.014000000000000002
N15_M01_F10_KA07_13,KA07,artificial,outer_race,N15_M01_F10,1499.86,cepstrum,6203_PU_2905,10666.7,13333.3,4.5547,normal,0.826,-0.8044115745505825,0,0.005000000000000001,0.11,1.6248631332322474,1,0.013000000000000001
N15_M01_F10_KA07_14,KA07,artificial,outer_race,N15_M01_F10,1499.56,cepstrum,6203_PU_2905,10666.7,13333.3,5.0178,normal,0.432,0.16898389398233352,1,-0.006999999999999999,0.516,-0.00702503551119664,0,0.011
N15_M01_F10_KA07_15,KA07,artificial,outer_race,N15_M01_F10,1499.63,cepstrum,6203_PU_2905,12000.0,14000.0,4.7462,normal,0.338,1.2556594946549386,1,-0.006,0.38,0.39423257863119104,2,0.014000000000000002
N15_M01_F10_KA07_16,KA07,artificial,outer_race,N15_M01_F10,1499.74,cepstrum,6203_PU_2905,10666.7,13333.3,3.5558,normal,0.61,-0.20762770630819366,0,0.016999999999999998,0.282,1.2600396068063715,2,0.015000000000000003
N15_M01_F10_KA07_17,KA07,artificial,outer_race,N15_M01_F10,1499.53,cepstrum,6203_PU_2905,10666.7,13333.3,3.505,normal,0.732,-0.6132587016178579,1,-0.006999999999999999,0.182,1.1756497674142157,2,0.014000000000000002
N15_M01_F10_KA07_18,KA07,artificial,outer_race,N15_M01_F10,1499.62,cepstrum,6203_PU_2905,10666.7,13333.3,4.2439,normal,0.626,-0.34563981852870185,1,-0.006,0.036,1.584883621680046,2,0.016000000000000004
N15_M01_F10_KA07_19,KA07,artificial,outer_race,N15_M01_F10,1499.48,cepstrum,6203_PU_2905,12000.0,14000.0,4.33,normal,0.618,-0.3677534506923269,1,-0.005000000000000001,0.104,1.360061628006118,1,0.015000000000000003
N15_M01_F10_KA07_2,KA07,artificial,outer_race,N15_M01_F10,1499.65,cepstrum,6203_PU_2905,10666.7,13333.3,3.8901,normal,0.376,0.410972543261538,1,-0.005000000000000001,0.184,0.7903589288256574,2,0.015000000000000003
N15_M01_F10_KA07_20,KA07,artificial,outer_race,N15_M01_F10,1499.53,cepstrum,6203_PU_2905,10666.7,13333.3,4.8785,normal,0.32,1.0487990765161623,2,-0.005000000000000001,0.788,-0.6855797604346096,2,0.014000000000000002
N15_M01_F10_KA07_3,KA07,artificial,outer_race,N15_M01_F10,1499.47,cepstrum,6203_PU_2905,10666.7,13333.3,3.5255,inner_race,0.312,0.052392424040362075,1,-0.005000000000000001,0.004,1.857827548732801,2,0.014000000000000002
N15_M01_F10_KA07_4,KA07,artificial,outer_race,N15_M01_F10,1499.65,cepstrum,6203_PU_2905,12000.0,14000.0,5.8551,normal,0.688,-0.3565077798767689,1,-0.005000000000000001,0.52,-0.049615905938040356,1,-0.012
N15_M01_F10_KA07_5,KA07,artificial,outer_race,N15_M01_F10,1499.58,cepstrum,6203_PU_2905,10666.7,13333.3,4.2476,normal,0.558,-0.18624732647175943,1,-0.008,0.118,2.097070760830515,2,0.013000000000000001
N15_M01_F10_KA07_6,KA07,artificial,outer_race,N15_M01_F10,1499.58,cepstrum,6203_PU_2905,10666.7,13333.3,4.6827,normal,0.618,-0.3560345331940651,1,-0.006999999999999999,0.488,0.03268145770309811,1,0.016999999999999998
N15_M01_F10_KA07_7,KA07,artificial,outer_race,N15_M01_F10,1499.7,cepstrum,6203_PU_2905,10666.7,13333.3,4.4757,normal,0.368,0.2933683114497103,1,-0.008,0.688,-0.4581517982656201,2,0.014000000000000002
N15_M01_F10_KA07_8,KA07,artificial,outer_race,N15_M01_F10,1499.66,cepstrum,6203_PU_2905,10666.7,13333.3,4.2301,normal,0.95,-1.1111470269530297,0,0.009999999999999998,0.654,-0.3730655870650012,2,0.002999999999999999
N15_M01_F10_KA07_9,KA07,artificial,outer_race,N15_M01_F10,1499.45,cepstrum,6203_PU_2905,12000.0,14000.0,4.7509,normal,0.782,-0.6001848346267302,1,-0.006999999999999999,0.516,-0.02000663685024878,1,-0.012
N15_M01_F10_KA08_1,KA08,artificial,outer_race,N15_M01_F10,1499.65,cepstrum,6203_PU_2905,12000.0,14000.0,4.7031,normal,0.67,-0.4240668602255546,1,-0.006,0.408,0.2256132834075566,1,0.002999999999999999
N15_M01_F10_KA08_10,KA08,artificial,outer_race,N15_M01_F10,1499.64,cepstrum,6203_PU_2905,10666.7,13333.3,4.3478,normal,0.94,-1.0307231217903057,0,-0.006,0.466,0.13085284930851573,1,-0.004
N15_M01_F10_KA08_11,KA08,artificial,outer_race,N15_M01_F10,1499.58,cepstrum,6203_PU_2905,13333.3,14666.7,3.7937,normal,0.85,-0.8175400614199211,1,-0.008,0.118,1.4872390232529529,1,0.013000000000000001
N15_M01_F10_KA08_12,KA08,artificial,outer_race,N15_M01_F10,1499.67,cepstrum,6203_PU_2905,10666.7,13333.3,3.5432,normal,0.482,0.15357567159212435,0,0.02,0.372,0.28854206410102645,1,0.004
N15_M01_F10_KA08_13,KA08,artificial,outer_race,N15_M01_F10,1499.54,cepstrum,6203_PU_2905,12000.0,14000.0,3.4758,normal,0.558,-0.04982326539958322,1,-0.005000000000000001,0.226,1.1120149041099616,2,0.012
N15_M01_F10_KA08_14,KA08,artificial,outer_race,N15_M01_F10,1499.57,cepstrum,6203_PU_2905,10666.7,13333.3,3.6708,normal,0.718,-0.6109417395885274,1,-0.005000000000000001,0.302,0.6949457883517778,1,0.014000000000000002
N15_M01_F10_KA08_15,KA08,artificial,outer_race,N15_M01_F10,1499.96,cepstrum,6203_PU_2905,10666.7,13333.3,3.7195,normal,0.408,0.4568292596149228,1,-0.006,0.28,0.740439949083789,2,0.012
N15_M01_F10_KA08_16,KA08,artificial,outer_race,N15_M01_F10,1499.51,cepstrum,6203_PU_2905,12000.0,14000.0,3.7944,normal,0.726,-0.462817370233845,1,-0.005000000000000001,0.078,2.065944636361196,1,0.014000000000000002
N15_M01_F10_KA08_17,KA08,artificial,outer_race,N15_M01_F10,1499.53,cepstrum,6203_PU_2905,12000.0,14000.0,3.5703,normal,0.64,-0.4510266328878925,1,-0.005000000000000001,0.192,1.6366416017007404,2,0.004
N15_M01_F10_KA08_18,KA08,artificial,outer_race,N15_M01_F10,1499.85,cepstrum,6203_PU_2905,10666.7,13333.3,4.9002,normal,0.456,0.3408578777957601,1,-0.006,0.374,0.36358450556311817,1,0.002999999999999999
N15_M01_F10_KA08_19,KA08,artificial,outer_race,N15_M01_F10,1499.76,cepstrum,6203_PU_2905,10666.7,13333.3,4.261,normal,0.33,0.27938430522697305,1,-0.006,0.232,1.1180128783584917,2,0.004
N15_M01_F10_KA08_20,KA08,artificial,outer_race,N15_M01_F10,1499.44,cepstrum,6203_PU_2905,10666.7,13333.3,3.4201,normal,0.88,-0.7104061894889426,1,-0.008,0.19,1.7899458007554496,1,-0.002999999999999999
N15_M01_F10_KA08_3,KA08,artificial,outer_race,N15_M01_F10,1499.8,cepstrum,6203_PU_2905,12000.0,14000.0,4.7869,normal,0.74,-0.6170066214057309,1,-0.006,0.112,1.392960532682494,2,0.002999999999999999
N15_M01_F10_KA08_4,KA08,artificial,outer_race,N15_M01_F10,1499.64,cepstrum,6203_PU_2905,10666.7,13333.3,3.4563,normal,0.506,-0.04924701503183019,1,-0.006,0.134,2.0500152763549235,1,0.011
N15_M01_F10_KA08_5,KA08,artificial,outer_race,N15_M01_F10,1499.49,cepstrum,6203_PU_2905,10666.7,13333.3,5.019,normal,0.728,-0.4833415478044566,1,-0.006999999999999999,0.366,0.2973035268254064,1,0.002999999999999999
N15_M01_F10_KA08_6,KA08,artificial,outer_race,N15_M01_F10,1499.64,cepstrum,6203_PU_2905,10666.7,13333.3,3.6155,normal,0.836,-0.6346530292036545,1,-0.006999999999999999,0.16,1.564422990389387,1,-0.011
N15_M01_F10_KA08_7,KA08,artificial,outer_race,N15_M01_F10,1499.65,cepstrum,6203_PU_2905,10666.7,13333.3,4.3357,normal,0.498,0.00144454390312012,1,-0.006,0.414,0.26605176237901285,2,0.012
N15_M01_F10_KA08_8,KA08,artificial,outer_race,N15_M01_F10,1499.56,cepstrum,6203_PU_2905,10666.7,13333.3,3.3995,inner_race,0.656,-0.3260591485049802,1,-0.005000000000000001,0.002,4.39302302659192,2,0.014000000000000002
N15_M01_F10_KA08_9,KA08,artificial,outer_race,N15_M01_F10,1499.51,cepstrum,6203_PU_2905,10666.7,13333.3,5.3087,normal,0.686,-0.47565412087828346,1,-0.005000000000000001,0.694,-0.427577044134126,2,0.015000000000000003
N15_M01_F10_KA09_1,KA09,artificial,outer_race,N15_M01_F10,1499.8,cepstrum,6203_PU_2905,13333.3,14666.7,3.5541,normal,0.196,1.4394501428663353,1,-0.006999999999999999,0.676,-0.4295338592161238,1,0.0019999999999999983
N15_M01_F10_KA09_10,KA09,artificial,outer_race,N15_M01_F10,1499.6,cepstrum,6203_PU_2905,12000.0,14000.0,3.2377,inner_race,0.534,-0.011834673501827197,1,-0.006,0.002,3.904484172328095,4,0.016000000000000004
N15_M01_F10_KA09_11,KA09,artificial,outer_race,N15_M01_F10,1500.29,cepstrum,6203_PU_2905,10666.7,13333.3,3.5196,normal,0.352,0.2550714740589949,0,0.011,0.418,0.1736104955516341,2,0.016000000000000004
N15_M01_F10_KA09_12,KA09,artificial,outer_race,N15_M01_F10,1499.13,cepstrum,6203_PU_2905,10666.7,13333.3,4.0906,normal,0.5,0.05614464215850657,1,-0.005000000000000001,0.086,1.6367667231611798,3,0.016000000000000004
N15_M01_F10_KA09_13,KA09,artificial,outer_race,N15_M01_F10,1499.47,cepstrum,6203_PU_2905,10666.7,13333.3,3.6398,normal,0.25,0.5596598124375022,1,-0.006999999999999999,0.13,1.593158074912682,3,0.016000000000000004
N15_M01_F10_KA09_14,KA09,artificial,outer_race,N15_M01_F10,1500.81,cepstrum,6203_PU_2905,12000.0,14000.0,3.8232,normal,0.572,-0.20287812162765492,1,-0.009000000000000001,0.288,1.071155367733376,3,0.015000000000000003
N15_M01_F10_KA09_15,KA09,artificial,outer_race,N15_M01_F10,1499.64,cepstrum,6203_PU_2905,13333.3,14666.7,4.8696,normal,0.452,0.3175051146015155,1,-0.006,0.224,0.6663744779035135,1,0.016000000000000004
N15_M01_F10_KA09_16,KA09,artificial,outer_race,N15_M01_F10,1499.12,cepstrum,6203_PU_2905,13333.3,14666.7,3.724,normal,0.246,2.0271216926781963,0,-0.004,0.436,0.28420189289530756,1,0.016999999999999998
N15_M01_F10_KA09_17,KA09,artificial,outer_race,N15_M01_F10,1500.5,cepstrum,6203_PU_2905,10666.7,13333.3,3.8441,normal,0.358,0.4757593874421894,1,-0.006999999999999999,0.42,0.13440661492365003,2,0.014000000000000002
N15_M01_F10_KA09_18,KA09,artificial,outer_race,N15_M01_F10,1499.25,cepstrum,6203_PU_2905,10666.7,13333.3,3.7263,normal,0.27,0.4563815102947806,1,-0.005000000000000001,0.206,1.3719329699540173,2,0.016999999999999998
N15_M01_F10_KA09_19,KA09,artificial,outer_race,N15_M01_F10,1500.79,cepstrum,6203_PU_2905,13333.3,14666.7,3.5956,inner_race,0.788,-0.5519808140123581,0,-0.019,0.004,3.479944328298739,3,0.015000000000000003
N15_M01_F10_KA09_2,KA09,artificial,outer_race,N15_M01_F10,1499.67,cepstrum,6203_PU_2905,12000.0,14000.0,3.2718,normal,0.514,-0.010786303257824014,1,-0.006999999999999999,0.388,0.26846991961742733,1,-0.011
N15_M01_F10_KA09_20,KA09,artificial,outer_race,N15_M01_F10,1499.69,cepstrum,6203_PU_2905,12000.0,14000.0,4.0838,normal,0.382,0.37653492868377475,0,-0.006,0.09,1.5108755999065813,2,0.016000000000000004
N15_M01_F10_KA09_3,KA09,artificial,outer_race,N15_M01_F10,1500.78,cepstrum,6203_PU_2905,10666.7,13333.3,3.3846,normal,0.126,1.6551658827694349,1,-0.008,0.21,0.9377898998954478,3,0.015000000000000003
N15_M01_F10_KA09_4,KA09,artificial,outer_race,N15_M01_F10,1500.52,cepstrum,6203_PU_2905,12000.0,13333.3,4.0941,normal,0.542,-0.06936368999470556,1,-0.006999999999999999,0.232,0.9515351255551463,2,0.011
N15_M01_F10_KA09_5,KA09,artificial,outer_race,N15_M01_F10,1499.2,cepstrum,6203_PU_2905,10666.7,13333.3,3.3947,normal,0.42,0.10507622417910664,0,0.009999999999999998,0.15,1.2748003393766958,2,0.013000000000000001
N15_M01_F10_KA09_6,KA09,artificial,outer_race,N15_M01_F10,1500.37,cepstrum,6203_PU_2905,10666.7,13333.3,4.6433,normal,0.318,0.7165423368187241,1,-0.006999999999999999,0.072,1.9329677771915075,1,0.009999999999999998
N15_M01_F10_KA09_7,KA09,artificial,outer_race,N15_M01_F10,1499.75,cepstrum,6203_PU_2905,10666.7,13333.3,3.6443,normal,0.352,0.2798889549192552,0,-0.005000000000000001,0.072,2.8553727609247423,3,0.016000000000000004
N15_M01_F10_KA09_8,KA09,artificial,outer_race,N15_M01_F10,1499.41,cepstrum,6203_PU_2905,12000.0,14000.0,4.0264,normal,0.452,0.05090097400652879,1,-0.005000000000000001,0.136,0.9548772649189323,3,0.016000000000000004
N15_M01_F10_KA09_9,KA09,artificial,outer_race,N15_M01_F10,1499.83,cepstrum,6203_PU_2905,10666.7,13333.3,3.5623,normal,0.842,-0.6796924411380261,1,-0.005000000000000001,0.198,1.0147771560131842,2,0.015000000000000003
N15_M01_F10_KA15_1,KA15,real,outer_race,N15_M01_F10,1499.62,cepstrum,6203_PU_2855,12000.0,14000.0,4.1957,normal,0.696,-0.559236405250057,0,-0.0019999999999999983,0.924,-1.1499381882245205,0,0.009999999999999998
N15_M01_F10_KA15_10,KA15,real,outer_race,N15_M01_F10,1499.5,cepstrum,6203_PU_2855,12000.0,14000.0,3.4977,normal,0.824,-1.1343722342749107,0,-0.0010000000000000009,0.682,-0.5122660478439756,0,-0.008
N15_M01_F10_KA15_11,KA15,real,outer_race,N15_M01_F10,1499.41,cepstrum,6203_PU_2855,12000.0,14000.0,3.2278,normal,0.376,0.2875807922630741,1,0.016000000000000004,0.472,0.09292956267319036,1,-0.009000000000000001
N15_M01_F10_KA15_12,KA15,real,outer_race,N15_M01_F10,1499.47,cepstrum,6203_PU_2855,12000.0,14000.0,3.9104,normal,0.856,-1.6503435347009445,0,0.009999999999999998,0.326,0.48571035012552594,2,-0.009000000000000001
N15_M01_F10_KA15_13,KA15,real,outer_race,N15_M01_F10,1499.6,cepstrum,6203_PU_2855,12000.0,14000.0,3.5849,normal,0.48,0.1947121860195649,0,0.016000000000000004,0.662,-0.5010521378464725,1,-0.01
N15_M01_F10_KA15_14,KA15,real,outer_race,N15_M01_F10,1499.76,cepstrum,6203_PU_2855,12000.0,14000.0,3.4873,normal,0.892,-0.9017883394808843,0,-0.0010000000000000009,0.95,-1.1555053787208809,2,-0.01
N15_M01_F10_KA15_15,KA15,real,outer_race,N15_M01_F10,1499.67,cepstrum,6203_PU_2855,12000.0,14000.0,4.7591,normal,0.324,0.19817894100877487,0,-0.012,0.972,-1.542279377417076,2,-0.016
N15_M01_F10_KA15_16,KA15,real,outer_race,N15_M01_F10,1499.6,cepstrum,6203_PU_2855,12000.0,14000.0,4.1404,normal,0.628,-0.3710756850762359,0,0.02,0.18,1.6355201417027256,1,-0.016
N15_M01_F10_KA15_17,KA15,real,outer_race,N15_M01_F10,1499.53,cepstrum,6203_PU_2855,12000.0,14000.0,4.1482,normal,0.868,-1.0574720000658786,0,-0.0010000000000000009,0.686,-0.48857145856744866,2,-0.01
N15_M01_F10_KA15_18,KA15,real,outer_race,N15_M01_F10,1499.85,cepstrum,6203_PU_2855,12000.0,14000.0,3.9725,normal,0.76,-0.5954782932891075,0,-0.0010000000000000009,0.546,-0.09199613599165285,1,-0.011
N15_M01_F10_KA15_19,KA15,real,outer_race,N15_M01_F10,1499.51,cepstrum,6203_PU_2855,12000.0,14000.0,4.351,normal,0.65,-0.22275655943329142,0,-0.0019999999999999983,0.74,-0.5147287566826975,1,-0.01
N15_M01_F10_KA15_2,KA15,real,outer_race,N15_M01_F10,1499.68,cepstrum,6203_PU_2855,12000.0,14000.0,3.6871,normal,0.838,-0.8959860314384617,0,0.015000000000000003,0.82,-0.7767629240202747,1,-0.009000000000000001
N15_M01_F10_KA15_20,KA15,real,outer_race,N15_M01_F10,1499.6,cepstrum,6203_PU_2855,12000.0,14000.0,3.6305,normal,0.672,-0.6684254436968126,0,-0.014,0.656,-0.3136540949636515,0,0.015000000000000003
N15_M01_F10_KA15_3,KA15,real,outer_race,N15_M01_F10,1499.57,cepstrum,6203_PU_2855,12000.0,14000.0,3.9806,normal,0.404,0.2564533980409298,0,-0.0019999999999999983,0.584,-0.18727864658289986,2,-0.009000000000000001
N15_M01_F10_KA15_4,KA15,real,outer_race,N15_M01_F10,1499.59,cepstrum,6203_PU_2855,12000.0,14000.0,3.8386,normal,0.524,-0.26264739151967426,0,-0.011,0.538,-0.20878578987386376,2,-0.009000000000000001
N15_M01_F10_KA15_5,KA15,real,outer_race,N15_M01_F10,1499.66,cepstrum,6203_PU_2855,12000.0,14000.0,3.2647,normal,0.602,-0.48185504761070197,0,-0.011,0.614,-0.35047375064348135,1,-0.009000000000000001
N15_M01_F10_KA15_6,KA15,real,outer_race,N15_M01_F10,1499.47,cepstrum,6203_PU_2855,12000.0,14000.0,3.9601,normal,0.73,-0.36950502934445884,0,-0.0019999999999999983,0.878,-1.0712809796628353,1,0.006000000000000002
N15_M01_F10_KA15_7,KA15,real,outer_race,N15_M01_F10,1499.5,cepstrum,6203_PU_2855,12000.0,14000.0,3.3267,normal,0.838,-0.7995875290539953,0,-0.0019999999999999983,0.736,-0.6418460823576647,1,-0.017
N15_M01_F10_KA15_8,KA15,real,outer_race,N15_M01_F10,1499.81,cepstrum,6203_PU_2855,12000.0,14000.0,4.2508,normal,0.624,-0.21460011461601539,1,0.014000000000000002,0.392,0.2676971630442318,1,-0.01
N15_M01_F10_KA15_9,KA15,real,outer_race,N15_M01_F10,1499.65,cepstrum,6203_PU_2855,12000.0,14000.0,3.8552,normal,0.276,0.9146958249137624,0,-0.011,0.966,-0.9589633884032838,0,0.019
N15_M01_F10_KA16_1,KA16,real,outer_race,N15_M01_F10,1500.06,cepstrum,6203_PU_2905,10000.0,12000.0,5.8709,outer_race,0.002,12.963512634041928,5,-0.002999999999999999,0.482,0.06373318778699592,2,-0.017
N15_M01_F10_KA16_10,KA16,real,outer_race,N15_M01_F10,1499.5,cepstrum,6203_PU_2905,10000.0,12000.0,5.4168,outer_race,0.002,14.810700329341476,5,-0.002999999999999999,0.606,-0.14208253351285294,2,-0.005000000000000001
N15_M01_F10_KA16_11,KA16,real,outer_race,N15_M01_F10,1499.48,cepstrum,6203_PU_2905,10000.0,12000.0,5.8073,outer_race,0.002,9.098472957793465,5,-0.002999999999999999,0.38,0.21821486207866417,3,-0.016
N15_M01_F10_KA16_12,KA16,real,outer_race,N15_M01_F10,1499.7,cepstrum,6203_PU_2905,10000.0,12000.0,5.9057,outer_race,0.002,9.827357059026411,5,-0.002999999999999999,0.64,-0.3618505265143478,2,-0.017
N15_M01_F10_KA16_13,KA16,real,outer_race,N15_M01_F10,1499.56,cepstrum,6203_PU_2905,10000.0,12000.0,5.8347,outer_race,0.002,8.965889711908039,5,-0.0019999999999999983,0.72,-0.39353500931856206,1,-0.004
N15_M01_F10_KA16_14,KA16,real,outer_race,N15_M01_F10,1499.49,cepstrum,6203_PU_2905,10000.0,12000.0,5.0932,outer_race,0.002,7.159509962342386,5,-0.002999999999999999,0.73,-0.5491081300784585,1,-0.005000000000000001
N15_M01_F10_KA16_15,KA16,real,outer_race,N15_M01_F10,1499.29,cepstrum,6203_PU_2905,10000.0,12000.0,5.8003,outer_race,0.002,10.102607964021201,5,-0.0019999999999999983,0.462,0.2044479050325894,3,-0.016
N15_M01_F10_KA16_16,KA16,real,outer_race,N15_M01_F10,1499.21,cepstrum,6203_PU_2905,10000.0,12000.0,4.6205,outer_race,0.002,9.141857645061371,5,-0.002999999999999999,0.734,-0.49657741297498303,2,-0.015
N15_M01_F10_KA16_17,KA16,real,outer_race,N15_M01_F10,1499.52,cepstrum,6203_PU_2905,10000.0,12000.0,4.7886,outer_race,0.002,10.663007678604837,5,-0.002999999999999999,0.686,-0.3703887580479551,1,-0.015
N15_M01_F10_KA16_18,KA16,real,outer_race,N15_M01_F10,1499.66,cepstrum,6203_PU_2905,10000.0,12000.0,4.6596,outer_race,0.002,12.787662102870875,5,-0.002999999999999999,0.746,-0.8054152584023466,1,-0.005000000000000001
N15_M01_F10_KA16_19,KA16,real,outer_race,N15_M01_F10,1500.03,cepstrum,6203_PU_2905,10000.0,12000.0,4.7672,outer_race,0.002,7.302803204483649,5,-0.0019999999999999983,0.862,-0.9485767697093622,2,-0.005000000000000001
N15_M01_F10_KA16_2,KA16,real,outer_race,N15_M01_F10,1499.55,cepstrum,6203_PU_2905,10000.0,12000.0,5.5815,outer_race,0.002,11.787234073301027,5,-0.002999999999999999,0.644,-0.2333934965108047,0,-0.015
N15_M01_F10_KA16_20,KA16,real,outer_race,N15_M01_F10,1499.7,cepstrum,6203_PU_2905,10000.0,12000.0,4.598,outer_race,0.002,13.953544615603336,5,-0.002999999999999999,0.642,-0.6271356778004512,2,-0.005000000000000001
N15_M01_F10_KA16_3,KA16,real,outer_race,N15_M01_F10,1499.62,cepstrum,6203_PU_2905,10000.0,12000.0,5.316,outer_race,0.002,11.20453028045946,5,-0.0019999999999999983,0.69,-0.5151911372897222,3,-0.016
N15_M01_F10_KA16_4,KA16,real,outer_race,N15_M01_F10,1499.47,cepstrum,6203_PU_2905,10000.0,12000.0,5.4177,outer_race,0.002,10.599896592873149,5,-0.002999999999999999,0.524,-0.056589642906692265,3,-0.016
N15_M01_F10_KA16_5,KA16,real,outer_race,N15_M01_F10,1499.63,cepstrum,6203_PU_2905,10000.0,12000.0,5.4501,outer_race,0.002,11.187844726075344,5,-0.002999999999999999,0.894,-1.094139145561316,1,-0.015
N15_M01_F10_KA16_6,KA16,real,outer_race,N15_M01_F10,1499.76,cepstrum,6203_PU_2905,10000.0,12000.0,5.4906,outer_race,0.002,10.653037430542653,5,-0.0019999999999999983,0.682,-0.4390964980938426,2,-0.005000000000000001
N15_M01_F10_KA16_7,KA16,real,outer_race,N15_M01_F10,1499.61,cepstrum,6203_PU_2905,0.0,1333.3,5.2202,normal,0.002,6.013413834688667,0,0.0,0.548,-0.16651493484656496,0,0.008
N15_M01_F10_KA16_8,KA16,real,outer_race,N15_M01_F10,1499.69,cepstrum,6203_PU_2905,10000.0,12000.0,5.638,outer_race,0.002,8.493862042441817,5,-0.0019999999999999983,0.542,-0.07413154947506005,2,-0.005000000000000001
N15_M01_F10_KA16_9,KA16,real,outer_race,N15_M01_F10,1499.6,cepstrum,6203_PU_2905,10000.0,12000.0,5.4642,outer_race,0.002,10.216457729315888,5,-0.002999999999999999,0.736,-0.6792487640872912,3,-0.015
N15_M01_F10_KA22_1,KA22,real,outer_race,N15_M01_F10,1500.16,cepstrum,6203_PU_2905,10666.7,13333.3,4.5133,normal,0.77,-0.5691876869098441,0,0.012,0.578,-0.13314221497347173,1,0.009000000000000001
N15_M01_F10_KA22_10,KA22,real,outer_race,N15_M01_F10,1499.54,cepstrum,6203_PU_2905,10666.7,13333.3,4.6019,normal,0.382,0.11040768031095557,0,0.009000000000000001,0.366,0.4073388975529113,1,-0.006999999999999999
N15_M01_F10_KA22_11,KA22,real,outer_race,N15_M01_F10,1499.64,cepstrum,6203_PU_2905,10666.7,13333.3,4.6452,normal,0.84,-1.135318527080325,0,-0.017,0.356,0.525606226140915,1,-0.006
N15_M01_F10_KA22_12,KA22,real,outer_race,N15_M01_F10,1499.53,cepstrum,6203_PU_2905,10666.7,13333.3,4.4413,normal,0.232,0.8344327871773484,0,0.009000000000000001,0.574,-0.16232885809837383,1,-0.006
N15_M01_F10_KA22_13,KA22,real,outer_race,N15_M01_F10,1499.5,cepstrum,6203_PU_2905,10666.7,13333.3,4.9231,normal,0.788,-0.6810568023602909,0,-0.008,0.966,-1.3472378864388457,2,-0.012
N15_M01_F10_KA22_14,KA22,real,outer_race,N15_M01_F10,1499.74,cepstrum,6203_PU_2905,10666.7,13333.3,4.5661,normal,0.668,-0.657889902656956,0,-0.02,0.136,1.6788840207025861,1,-0.013000000000000001
N15_M01_F10_KA22_15,KA22,real,outer_race,N15_M01_F10,1499.65,cepstrum,6203_PU_2905,10666.7,13333.3,4.659,normal,0.198,1.123380641302246,0,-0.018000000000000002,0.724,-0.36994671058535333,0,0.02
N15_M01_F10_KA22_16,KA22,real,outer_race,N15_M01_F10,1499.55,cepstrum,6203_PU_2905,10666.7,13333.3,4.4101,normal,0.688,-0.31787796383434874,1,0.009999999999999998,0.29,0.5392286085474781,1,-0.0010000000000000009
N15_M01_F10_KA22_17,KA22,real,outer_race,N15_M01_F10,1499.68,cepstrum,6203_PU_2905,12000.0,14000.0,4.4952,normal,0.168,1.1624239702397965,0,0.009000000000000001,0.454,0.1264342380021051,1,-0.006
N15_M01_F10_KA22_18,KA22,real,outer_race,N15_M01_F10,1499.64,cepstrum,6203_PU_2905,12000.0,14000.0,4.4716,normal,0.692,-0.5623368769077357,1,0.016999999999999998,0.22,0.8579877226824401,0,0.009999999999999998
N15_M01_F10_KA22_19,KA22,real,outer_race,N15_M01_F10,1499.6,cepstrum,6203_PU_2905,10666.7,13333.3,4.1058,normal,0.732,-0.9018832251627873,1,0.009000000000000001,0.882,-1.1925487934842287,1,0.014000000000000002
N15_M01_F10_KA22_2,KA22,real,outer_race,N15_M01_F10,1499.76,cepstrum,6203_PU_2905,12000.0,14000.0,4.9428,normal,0.218,1.2066595316028643,0,0.012,0.61,-0.19489709656042103,1,-0.019
N15_M01_F10_KA22_20,KA22,real,outer_race,N15_M01_F10,1499.63,cepstrum,6203_PU_2905,12000.0,14000.0,4.1868,normal,0.428,0.17246261350366585,1,0.011,0.924,-0.9805509267230396,1,-0.006
N15_M01_F10_KA22_3,KA22,real,outer_race,N15_M01_F10,1499.68,cepstrum,6203_PU_2905,10666.7,13333.3,3.9932,normal,0.546,-0.10051015766923652,0,-0.006,0.668,-0.42079239540761804,1,-0.006
N15_M01_F10_KA22_4,KA22,real,outer_race,N15_M01_F10,1499.64,cepstrum,6203_PU_2905,10666.7,13333.3,4.3353,normal,0.246,0.4840168813434347,0,-0.013000000000000001,0.868,-0.8801178212420424,0,0.016000000000000004
N15_M01_F10_KA22_5,KA22,real,outer_race,N15_M01_F10,1499.7,cepstrum,6203_PU_2905,12000.0,14000.0,5.4066,normal,0.418,0.21075003021243838,0,0.016999999999999998,0.33,0.505816927658967,1,-0.006
N15_M01_F10_KA22_6,KA22,real,outer_race,N15_M01_F10,1499.57,cepstrum,6203_PU_2905,10666.7,13333.3,4.787,normal,0.174,1.4487655201724794,1,0.016999999999999998,0.636,-0.41721890209819007,1,0.014000000000000002
N15_M01_F10_KA22_7,KA22,real,outer_race,N15_M01_F10,1499.63,cepstrum,6203_PU_2905,10666.7,13333.3,4.5308,normal,0.818,-1.515278283785137,1,0.009000000000000001,0.26,0.8728699637311007,0,0.013000000000000001
N15_M01_F10_KA22_8,KA22,real,outer_race,N15_M01_F10,1499.57,cepstrum,6203_PU_2905,10666.7,13333.3,4.3743,normal,0.844,-0.862776394124217,0,-0.006,0.118,1.277682414177886,1,-0.006999999999999999
N15_M01_F10_KA22_9,KA22,real,outer_race,N15_M01_F10,1499.7,cepstrum,6203_PU_2905,10666.7,13333.3,4.177,normal,0.592,-0.46392499978718327,1,0.016000000000000004,0.98,-1.2187020576311505,1,-0.006999999999999999
N15_M01_F10_KA30_1,KA30,real,outer_race,N15_M01_F10,1499.77,cepstrum,6203_PU_2905,12000.0,14000.0,4.4027,normal,0.456,0.14322730353852775,1,0.009999999999999998,0.192,1.1388595484979094,3,0.016000000000000004
N15_M01_F10_KA30_10,KA30,real,outer_race,N15_M01_F10,1499.49,cepstrum,6203_PU_2905,13333.3,14666.7,6.6413,normal,0.468,0.34701360416078003,0,-0.006999999999999999,0.374,0.3771547510808836,1,0.016000000000000004
N15_M01_F10_KA30_11,KA30,real,outer_race,N15_M01_F10,1499.56,cepstrum,6203_PU_2905,10666.7,12000.0,6.7205,normal,0.84,-0.8919984474280817,0,-0.006999999999999999,0.594,-0.2061070965730977,1,0.016000000000000004
N15_M01_F10_KA30_12,KA30,real,outer_race,N15_M01_F10,1499.56,cepstrum,6203_PU_2905,13333.3,14666.7,6.2397,normal,0.428,0.40608496796276844,1,-0.005000000000000001,0.516,-0.042187814286582984,1,0.016000000000000004
N15_M01_F10_KA30_13,KA30,real,outer_race,N15_M01_F10,1499.64,cepstrum,6203_PU_2905,13333.3,14666.7,4.9202,normal,0.128,1.31465830744196,1,-0.006,0.096,1.866118543648699,2,0.016000000000000004
N15_M01_F10_KA30_14,KA30,real,outer_race,N15_M01_F10,1499.61,cepstrum,6203_PU_2905,10666.7,13333.3,5.0963,normal,0.522,-0.12534090934183376,1,-0.005000000000000001,0.264,0.5693585377627758,2,0.015000000000000003
N15_M01_F10_KA30_15,KA30,real,outer_race,N15_M01_F10,1499.77,cepstrum,6203_PU_2905,10666.7,13333.3,3.9688,normal,0.66,-0.4305162987870561,1,-0.005000000000000001,0.04,2.6838079220754203,4,0.015000000000000003
N15_M01_F10_KA30_16,KA30,real,outer_race,N15_M01_F10,1499.46,cepstrum,6203_PU_2905,12000.0,14000.0,5.9842,normal,0.344,0.2468968313400147,1,-0.006,0.078,2.133723764213758,2,0.014000000000000002
N15_M01_F10_KA30_17,KA30,real,outer_race,N15_M01_F10,1499.7,cepstrum,6203_PU_2905,12000.0,14000.0,6.9596,normal,0.648,-0.17621299028822585,1,-0.006,0.49,0.06660160535043864,1,0.002999999999999999
N15_M01_F10_KA30_18,KA30,real,outer_race,N15_M01_F10,1499.62,cepstrum,6203_PU_2905,12000.0,14000.0,5.1073,normal,0.596,-0.38113092316442115,1,-0.006999999999999999,0.156,1.2771031583794439,3,0.016000000000000004
N15_M01_F10_KA30_19,KA30,real,outer_race,N15_M01_F10,1499.53,cepstrum,6203_PU_2905,13333.3,14666.7,4.3384,normal,0.414,0.13318752023745475,0,0.016000000000000004,0.354,0.36086204165311647,2,0.016000000000000004
N15_M01_F10_KA30_2,KA30,real,outer_race,N15_M01_F10,1499.73,cepstrum,6203_PU_2905,12000.0,14000.0,4.8143,normal,0.744,-0.6353243974775329,1,-0.005000000000000001,0.658,-0.3707221536703412,3,0.016000000000000004
N15_M01_F10_KA30_20,KA30,real,outer_race,N15_M01_F10,1499.64,cepstrum,6203_PU_2905,10666.7,13333.3,6.5523,normal,0.478,0.10327905666800373,2,-0.006999999999999999,0.23,1.1830598020017624,3,0.016000000000000004
N15_M01_F10_KA30_3,KA30,real,outer_race,N15_M01_F10,1499.38,cepstrum,6203_PU_2905,12000.0,14000.0,7.0222,normal,0.806,-0.6356181917218844,1,-0.006999999999999999,0.652,-0.34662429146182255,1,0.011
N15_M01_F10_KA30_4,KA30,real,outer_race,N15_M01_F10,1499.65,cepstrum,6203_PU_2905,12000.0,14000.0,5.4239,normal,0.75,-0.5832867479368194,1,-0.005000000000000001,0.648,-0.36016350334442926,2,-0.005000000000000001
N15_M01_F10_KA30_5,KA30,real,outer_race,N15_M01_F10,1499.85,cepstrum,6203_PU_2905,10666.7,13333.3,6.7102,normal,0.848,-0.7641972074269634,2,-0.005000000000000001,0.94,-1.6993463339998804,2,-0.005000000000000001
N15_M01_F10_KA30_6,KA30,real,outer_race,N15_M01_F10,1499.59,cepstrum,6203_PU_2905,12000.0,14000.0,4.5243,normal,0.284,0.567613186575028,1,-0.006,0.176,1.5886798583377695,3,0.016000000000000004
N15_M01_F10_KA30_7,KA30,real,outer_race,N15_M01_F10,1499.44,cepstrum,6203_PU_2905,10666.7,13333.3,6.4893,normal,0.67,-0.3783351925992105,1,-0.006999999999999999,0.588,-0.24537358009616383,3,0.016000000000000004
N15_M01_F10_KA30_8,KA30,real,outer_race,N15_M01_F10,1499.63,cepstrum,6203_PU_2905,10666.7,13333.3,6.3507,normal,0.412,0.2395660924195574,1,-0.005000000000000001,0.218,1.0456854561871027,1,0.002999999999999999
N15_M01_F10_KA30_9,KA30,real,outer_race,N15_M01_F10,1499.55,cepstrum,6203_PU_2905,10666.7,13333.3,4.5104,normal,0.846,-0.6766318172740009,1,-0.008,0.45,0.09469064099553513,2,0.014000000000000002
N15_M01_F10_KI01_1,KI01,artificial,inner_race,N15_M01_F10,1499.68,cepstrum,6203_PU_2905,9333.3,10666.7,9.5564,inner_race,0.564,-0.3615360168288347,0,-0.013000000000000001,0.002,5.315514889814737,25,0.0019999999999999983
N15_M01_F10_KI01_10,KI01,artificial,inner_race,N15_M01_F10,1499.49,cepstrum,6203_PU_2905,9333.3,10666.7,11.2939,inner_race,0.814,-0.48515652721606206,0,-0.013000000000000001,0.002,5.120334932700902,25,0.0010000000000000009
N15_M01_F10_KI01_11,KI01,artificial,inner_race,N15_M01_F10,1499.61,cepstrum,6203_PU_2905,9333.3,10666.7,14.8864,inner_race,0.832,-0.8995166068241626,0,0.016999999999999998,0.002,3.765964928996229,25,0.0010000000000000009
N15_M01_F10_KI01_12,KI01,artificial,inner_race,N15_M01_F10,1499.6,cepstrum,6203_PU_2905,9333.3,10666.7,12.2807,inner_race,1.0,-1.7931873112684453,0,-0.017,0.002,5.082400068939407,25,0.0010000000000000009
N15_M01_F10_KI01_13,KI01,artificial,inner_race,N15_M01_F10,1499.56,cepstrum,6203_PU_2905,9333.3,10666.7,14.5634,inner_race,0.746,-0.6696197458321366,1,-0.019,0.002,4.3493025574930195,25,0.0010000000000000009
N15_M01_F10_KI01_14,KI01,artificial,inner_race,N15_M01_F10,1499.6,cepstrum,6203_PU_2905,9333.3,10666.7,12.3131,inner_race,0.858,-1.063144782410613,1,-0.018000000000000002,0.002,3.9853149311045906,25,0.0010000000000000009
N15_M01_F10_KI01_15,KI01,artificial,inner_race,N15_M01_F10,1499.59,cepstrum,6203_PU_2905,9333.3,10666.7,12.2126,inner_race,0.972,-4.419889526676703,0,0.016999999999999998,0.002,4.586873413975655,25,0.0010000000000000009
N15_M01_F10_KI01_16,KI01,artificial,inner_race,N15_M01_F10,1499.59,cepstrum,6203_PU_2905,9333.3,10666.7,11.7238,inner_race,0.736,-0.4638071371002414,0,-0.014,0.002,4.213682303844405,25,0.0010000000000000009
N15_M01_F10_KI01_17,KI01,artificial,inner_race,N15_M01_F10,1499.64,cepstrum,6203_PU_2905,9333.3,10666.7,11.5616,inner_race,0.932,-1.1793535348174127,0,0.018,0.002,4.453372254976994,25,0.0010000000000000009
N15_M01_F10_KI01_18,KI01,artificial,inner_race,N15_M01_F10,1499.61,cepstrum,6203_PU_2905,9333.3,10666.7,10.9629,inner_race,0.886,-0.7237449745930989,0,-0.011,0.002,4.9114234320405,25,0.0010000000000000009
N15_M01_F10_KI01_19,KI01,artificial,inner_race,N15_M01_F10,1499.6,cepstrum,6203_PU_2905,9333.3,10666.7,11.531,inner_race,0.6,-0.08415784763555277,1,-0.02,0.002,4.440594111220282,25,0.0010000000000000009
N15_M01_F10_KI01_2,KI01,artificial,inner_race,N15_M01_F10,1499.62,cepstrum,6203_PU_2905,9333.3,10666.7,12.8226,inner_race,0.882,-1.3909642998890164,1,-0.018000000000000002,0.002,3.6985204866706014,25,0.0019999999999999983
N15_M01_F10_KI01_20,KI01,artificial,inner_race,N15_M01_F10,1499.57,cepstrum,6203_PU_2905,9333.3,10666.7,13.7783,inner_race,0.964,-2.8702093232647696,0,0.016999999999999998,0.002,5.590802773545297,25,0.0010000000000000009
N15_M01_F10_KI01_3,KI01,artificial,inner_race,N15_M01_F10,1499.64,cepstrum,6203_PU_2905,9333.3,10666.7,11.3315,inner_race,0.974,-1.402139708033351,0,-0.015,0.002,5.020879594762002,25,0.0010000000000000009
N15_M01_F10_KI01_4,KI01,artificial,inner_race,N15_M01_F10,1499.66,cepstrum,6203_PU_2905,9333.3,10666.7,11.98,inner_race,0.716,-0.38514096974555895,1,-0.018000000000000002,0.002,3.963165011251794,25,0.0010000000000000009
N15_M01_F10_KI01_5,KI01,artificial,inner_race,N15_M01_F10,1499.55,cepstrum,6203_PU_2905,9333.3,10666.7,12.389,inner_race,0.892,-1.0903183433980734,0,0.0,0.002,4.695054410800465,25,0.0010000000000000009
N15_M01_F10_KI01_6,KI01,artificial,inner_race,N15_M01_F10,1499.6,cepstrum,6203_PU_2905,9333.3,10666.7,13.7337,inner_race,0.608,-0.33543538913023924,1,-0.02,0.002,4.331034632204207,25,0.0010000000000000009
N15_M01_F10_KI01_7,KI01,artificial,inner_race,N15_M01_F10,1499.6,cepstrum,6203_PU_2905,9333.3,10666.7,12.6914,inner_race,0.92,-0.9526824783707903,1,-0.018000000000000002,0.002,4.314392557033869,25,0.0010000000000000009
N15_M01_F10_KI01_8,KI01,artificial,inner_race,N15_M01_F10,1499.65,cepstrum,6203_PU_2905,9333.3,10666.7,11.9477,inner_race,0.832,-1.2172110086302503,1,-0.018000000000000002,0.002,5.739081268120364,25,0.0010000000000000009
N15_M01_F10_KI01_9,KI01,artificial,inner_race,N15_M01_F10,1499.52,cepstrum,6203_PU_2905,9333.3,10666.7,12.2219,inner_race,0.378,0.21009175356213963,1,-0.02,0.002,4.41799234988749,25,0.0010000000000000009
N15_M01_F10_KI03_1,KI03,artificial,inner_race,N15_M01_F10,1499.55,cepstrum,6203_PU_2905,13333.3,14666.7,3.6541,normal,0.698,-0.5389521424989205,0,-0.012,0.97,-1.956940388973496,1,-0.012
N15_M01_F10_KI03_10,KI03,artificial,inner_race,N15_M01_F10,1499.68,cepstrum,6203_PU_2905,13333.3,14666.7,3.4336,normal,0.73,-0.7895006051332719,0,-0.013000000000000001,0.47,0.21189666366183418,1,-0.006
N15_M01_F10_KI03_11,KI03,artificial,inner_race,N15_M01_F10,1499.64,cepstrum,6203_PU_2905,13333.3,14666.7,4.1979,normal,0.83,-1.2240707145104972,0,0.009000000000000001,0.63,-0.35446571082343564,1,-0.013000000000000001
N15_M01_F10_KI03_12,KI03,artificial,inner_race,N15_M01_F10,1499.63,cepstrum,6203_PU_2905,13333.3,14666.7,3.2937,normal,0.636,-0.3900612510100371,0,0.009999999999999998,0.766,-0.6094314605635134,1,-0.006
N15_M01_F10_KI03_13,KI03,artificial,inner_race,N15_M01_F10,1499.79,cepstrum,6203_PU_2905,13333.3,14666.7,3.5299,normal,0.68,-0.5085141487334338,0,0.016999999999999998,0.604,-0.2054947221196616,1,-0.006999999999999999
N15_M01_F10_KI03_14,KI03,artificial,inner_race,N15_M01_F10,1499.65,cepstrum,6203_PU_2905,13333.3,14666.7,3.7722,normal,0.65,-0.5003593895411017,0,0.009999999999999998,0.592,-0.20113409398665105,1,-0.006
N15_M01_F10_KI03_15,KI03,artificial,inner_race,N15_M01_F10,1499.58,cepstrum,6203_PU_2905,13333.3,14666.7,4.2673,normal,0.758,-0.7969734703183349,0,0.006999999999999999,0.382,0.41423345607932827,1,-0.006
N15_M01_F10_KI03_16,KI03,artificial,inner_race,N15_M01_F10,1499.7,cepstrum,6203_PU_2905,13333.3,14666.7,3.7529,normal,0.854,-1.069848494666895,0,-0.006999999999999999,0.47,0.07250650882255047,1,-0.006
N15_M01_F10_KI03_17,KI03,artificial,inner_race,N15_M01_F10,1499.4,cepstrum,6203_PU_2905,13333.3,14666.7,3.264,normal,0.748,-0.7899406521828625,0,0.009999999999999998,0.84,-0.9073065532333306,0,0.005000000000000001
N15_M01_F10_KI03_18,KI03,artificial,inner_race,N15_M01_F10,1499.54,cepstrum,6203_PU_2905,13333.3,14666.7,3.5647,normal,0.98,-1.036394789331639,0,-0.0019999999999999983,0.76,-0.5299307977194357,0,0.0010000000000000009
N15_M01_F10_KI03_19,KI03,artificial,inner_race,N15_M01_F10,1499.52,cepstrum,6203_PU_2905,13333.3,14666.7,3.5254,normal,0.6,-0.2592707693179845,0,0.009000000000000001,0.92,-0.9239508455333153,0,0.019
N15_M01_F10_KI03_2,KI03,artificial,inner_race,N15_M01_F10,1499.65,cepstrum,6203_PU_2905,13333.3,14666.7,3.4912,normal,0.798,-0.7614122471873092,0,0.014000000000000002,0.846,-0.9178910150689378,1,-0.006
N15_M01_F10_KI03_20,KI03,artificial,inner_race,N15_M01_F10,1499.59,cepstrum,6203_PU_2905,13333.3,14666.7,3.2335,normal,0.296,0.7402922672577898,1,0.015000000000000003,0.598,-0.17909633754547372,1,0.014000000000000002
N15_M01_F10_KI03_3,KI03,artificial,inner_race,N15_M01_F10,1499.56,cepstrum,6203_PU_2905,13333.3,14666.7,3.7422,normal,0.814,-0.8270449003195661,0,0.009000000000000001,0.558,-0.18217403943361418,0,0.004
N15_M01_F10_KI03_4,KI03,artificial,inner_race,N15_M01_F10,1499.59,cepstrum,6203_PU_2905,13333.3,14666.7,3.2249,normal,0.546,-0.09199018543978695,0,-0.02,0.672,-0.4475674906868306,0,0.015000000000000003
N15_M01_F10_KI03_5,KI03,artificial,inner_race,N15_M01_F10,1499.45,cepstrum,6203_PU_2905,13333.3,14666.7,4.192,normal,0.482,0.2005641477979221,0,0.015000000000000003,0.844,-0.7427121152232733,1,0.015000000000000003
N15_M01_F10_KI03_6,KI03,artificial,inner_race,N15_M01_F10,1499.61,cepstrum,6203_PU_2905,13333.3,14666.7,3.776,normal,0.416,0.09583792838627729,0,0.009000000000000001,0.688,-0.564197728966691,0,0.014000000000000002
N15_M01_F10_KI03_7,KI03,artificial,inner_race,N15_M01_F10,1499.53,cepstrum,6203_PU_2905,13333.3,14666.7,3.8464,normal,0.588,-0.17926483565531076,0,-0.006999999999999999,0.564,-0.12385241332131249,0,0.015000000000000003
N15_M01_F10_KI03_8,KI03,artificial,inner_race,N15_M01_F10,1499.6,cepstrum,6203_PU_2905,13333.3,14666.7,3.7233,normal,0.964,-1.4072779173871701,0,0.009999999999999998,0.888,-1.2923252714771993,0,-0.014
N15_M01_F10_KI03_9,KI03,artificial,inner_race,N15_M01_F10,1499.59,cepstrum,6203_PU_2905,13333.3,14666.7,4.1001,normal,0.88,-0.5818729415325126,0,-0.02,0.434,0.13559006192065934,0,0.014000000000000002
N15_M01_F10_KI04_1,KI04,real,inner_race,N15_M01_F10,1499.92,cepstrum,6203_PU_2905,10666.7,13333.3,3.7202,normal,0.25,0.803646258822681,1,-0.009000000000000001,0.316,0.41765978718924657,2,0.019
N15_M01_F10_KI04_10,KI04,real,inner_race,N15_M01_F10,1499.63,cepstrum,6203_PU_2905,10666.7,13333.3,3.2441,normal,0.114,1.973930919773331,1,-0.006,0.134,1.0759052205480204,3,0.014000000000000002
N15_M01_F10_KI04_11,KI04,real,inner_race,N15_M01_F10,1499.42,cepstrum,6203_PU_2905,10666.7,13333.3,3.4124,normal,0.326,0.6545132967650283,1,-0.004,0.038,2.1833253635491805,3,0.014000000000000002
N15_M01_F10_KI04_12,KI04,real,inner_race,N15_M01_F10,1499.81,cepstrum,6203_PU_2905,12000.0,14000.0,2.9036,normal,0.138,2.2347740155086893,1,-0.008,0.05,1.850862505810674,3,0.014000000000000002
N15_M01_F10_KI04_13,KI04,real,inner_race,N15_M01_F10,1499.69,cepstrum,6203_PU_2905,12000.0,14000.0,4.2841,normal,0.156,3.078912142119252,2,-0.008,0.248,0.8221114895868212,3,0.015000000000000003
N15_M01_F10_KI04_14,KI04,real,inner_race,N15_M01_F10,1499.58,cepstrum,6203_PU_2905,10666.7,13333.3,3.3688,normal,0.46,0.022565443120376057,1,-0.006,0.026,2.8948599507137525,2,0.013000000000000001
N15_M01_F10_KI04_15,KI04,real,inner_race,N15_M01_F10,1499.63,cepstrum,6203_PU_2905,10666.7,13333.3,4.6211,normal,0.136,1.2586615947647553,1,-0.006999999999999999,0.038,1.8150893580754814,2,0.014000000000000002
N15_M01_F10_KI04_16,KI04,real,inner_race,N15_M01_F10,1499.5,cepstrum,6203_PU_2905,12000.0,13333.3,3.783,normal,0.182,1.383742508046202,0,-0.008,0.41,0.24442395646615253,2,0.014000000000000002
N15_M01_F10_KI04_17,KI04,real,inner_race,N15_M01_F10,1499.54,cepstrum,6203_PU_2905,13333.3,14666.7,3.4393,inner_race,0.302,0.4931479309341048,1,-0.008,0.002,2.722257548132698,3,0.014000000000000002
N15_M01_F10_KI04_18,KI04,real,inner_race,N15_M01_F10,1499.66,cepstrum,6203_PU_2905,12000.0,14000.0,2.9486,normal,0.18,0.9461444545134702,1,-0.01,0.514,-0.03696569443378704,0,0.019
N15_M01_F10_KI04_19,KI04,real,inner_race,N15_M01_F10,1499.92,cepstrum,6203_PU_2905,10666.7,13333.3,3.3866,normal,0.416,0.0908925999202535,0,0.009999999999999998,0.678,-0.5175017035626736,3,0.014000000000000002
N15_M01_F10_KI04_2,KI04,real,inner_race,N15_M01_F10,1499.64,cepstrum,6203_PU_2905,10666.7,13333.3,3.805,normal,0.136,2.934155210655983,2,-0.006,0.084,1.8687102227339885,3,0.014000000000000002
N15_M01_F10_KI04_20,KI04,real,inner_race,N15_M01_F10,1499.58,cepstrum,6203_PU_2905,10666.7,13333.3,3.8065,normal,0.232,1.003932843525389,1,-0.009000000000000001,0.092,1.1156552838096199,3,0.015000000000000003
N15_M01_F10_KI04_3,KI04,real,inner_race,N15_M01_F10,1499.65,cepstrum,6203_PU_2905,10666.7,13333.3,3.1673,normal,0.406,0.16455421609179124,1,-0.006,0.056,2.578221183677655,4,0.013000000000000001
N15_M01_F10_KI04_4,KI04,real,inner_race,N15_M01_F10,1499.56,cepstrum,6203_PU_2905,12000.0,14000.0,3.1605,normal,0.378,0.20484982717616798,1,-0.008,0.072,1.099495735720752,2,0.014000000000000002
N15_M01_F10_KI04_5,KI04,real,inner_race,N15_M01_F10,1499.72,cepstrum,6203_PU_2905,10666.7,13333.3,4.4594,normal,0.152,1.5373843502301516,2,-0.008,0.632,-0.2999037836312187,3,0.014000000000000002
N15_M01_F10_KI04_6,KI04,real,inner_race,N15_M01_F10,1499.53,cepstrum,6203_PU_2905,10666.7,13333.3,3.3873,normal,0.428,0.4191513134827821,1,-0.006999999999999999,0.262,0.6808521057627374,3,0.014000000000000002
N15_M01_F10_KI04_7,KI04,real,inner_race,N15_M01_F10,1499.86,cepstrum,6203_PU_2905,13333.3,14666.7,2.9648,normal,0.45,0.2952806361734618,1,-0.01,0.418,0.12800289011283825,2,0.015000000000000003
N15_M01_F10_KI04_8,KI04,real,inner_race,N15_M01_F10,1499.66,cepstrum,6203_PU_2905,13333.3,14666.7,3.8671,normal,0.63,-0.27495942359573927,0,-0.008,0.4,0.2553877448722765,2,0.014000000000000002
N15_M01_F10_KI04_9,KI04,real,inner_race,N15_M01_F10,1499.4,cepstrum,6203_PU_2905,10666.7,13333.3,3.9816,normal,0.416,0.16296082344012378,1,-0.006,0.042,1.9837640419372353,3,0.015000000000000003
N15_M01_F10_KI05_1,KI05,artificial,inner_race,N15_M01_F10,1499.57,cepstrum,6203_PU_2905,12000.0,13333.3,7.706,normal,0.266,0.5637511796170661,1,-0.006999999999999999,0.364,0.363217813213685,1,0.002999999999999999
N15_M01_F10_KI05_10,KI05,artificial,inner_race,N15_M01_F10,1499.61,cepstrum,6203_PU_2905,12000.0,14000.0,5.3382,normal,0.312,0.6445892478198765,1,-0.006999999999999999,0.36,0.43396006840878687,3,0.016000000000000004
N15_M01_F10_KI05_11,KI05,artificial,inner_race,N15_M01_F10,1499.51,cepstrum,6203_PU_2905,10666.7,13333.3,7.2038,normal,0.804,-0.8876570414435979,1,-0.004,0.742,-0.4786134745280592,3,0.016000000000000004
N15_M01_F10_KI05_12,KI05,artificial,inner_race,N15_M01_F10,1499.44,cepstrum,6203_PU_2905,10666.7,13333.3,5.8733,normal,0.398,0.3459064382028325,1,-0.005000000000000001,0.964,-1.2525870072207943,3,0.016000000000000004
N15_M01_F10_KI05_13,KI05,artificial,inner_race,N15_M01_F10,1499.59,cepstrum,6203_PU_2905,10666.7,13333.3,6.5873,normal,0.392,0.3660600721677184,2,-0.006999999999999999,0.024,2.414334596846053,0,0.019
N15_M01_F10_KI05_14,KI05,artificial,inner_race,N15_M01_F10,1499.5,cepstrum,6203_PU_2905,10666.7,12000.0,5.9486,normal,0.654,-0.3941537946225032,1,-0.006999999999999999,0.13,1.923457032696158,2,0.016000000000000004
N15_M01_F10_KI05_15,KI05,artificial,inner_race,N15_M01_F10,1499.61,cepstrum,6203_PU_2905,10666.7,13333.3,5.0926,normal,0.984,-1.4826737749048198,1,-0.008,0.03,2.2197656646344335,3,0.016000000000000004
N15_M01_F10_KI05_16,KI05,artificial,inner_race,N15_M01_F10,1499.56,cepstrum,6203_PU_2905,12000.0,14000.0,6.9567,normal,0.28,0.6444743923166661,1,-0.006999999999999999,0.262,0.6040859253894201,2,0.016000000000000004
N15_M01_F10_KI05_17,KI05,artificial,inner_race,N15_M01_F10,1499.53,cepstrum,6203_PU_2905,13333.3,14666.7,6.5337,normal,0.898,-1.2093576563164767,1,-0.008,0.074,1.5997812085663006,1,0.014000000000000002
N15_M01_F10_KI05_18,KI05,artificial,inner_race,N15_M01_F10,1499.67,cepstrum,6203_PU_2905,10666.7,13333.3,5.5329,normal,0.664,-0.2884334724409772,1,-0.004,0.968,-1.2846608886270583,0,-0.006999999999999999
N15_M01_F10_KI05_19,KI05,artificial,inner_race,N15_M01_F10,1499.62,cepstrum,6203_PU_2905,10666.7,13333.3,6.9539,normal,0.884,-0.8182294119669945,2,-0.005000000000000001,0.652,-0.36875587021528533,2,0.016000000000000004
N15_M01_F10_KI05_2,KI05,artificial,inner_race,N15_M01_F10,1499.65,cepstrum,6203_PU_2905,10666.7,13333.3,6.781,normal,0.91,-0.7244410083791876,1,-0.006999999999999999,0.166,1.0819482870693937,3,0.012
N15_M01_F10_KI05_20,KI05,artificial,inner_race,N15_M01_F10,1499.56,cepstrum,6203_PU_2905,10666.7,13333.3,6.9423,inner_race,0.552,-0.28862361830051625,1,-0.006999999999999999,0.01,2.340947593502407,3,0.016000000000000004
N15_M01_F10_KI05_3,KI05,artificial,inner_race,N15_M01_F10,1499.55,cepstrum,6203_PU_2905,12000.0,14000.0,5.9041,normal,0.33,1.2486198632943941,1,-0.006999999999999999,0.226,0.6508336891554488,1,-0.005000000000000001
N15_M01_F10_KI05_4,KI05,artificial,inner_race,N15_M01_F10,1499.5,cepstrum,6203_PU_2905,10666.7,13333.3,5.9803,normal,0.444,0.0758914262663791,1,-0.006999999999999999,0.65,-0.5968434878315507,3,0.016000000000000004
N15_M01_F10_KI05_5,KI05,artificial,inner_race,N15_M01_F10,1499.58,cepstrum,6203_PU_2905,10666.7,13333.3,4.9269,normal,0.516,-0.19834080166714713,0,0.009999999999999998,0.47,0.09100673212281649,1,-0.005000000000000001
N15_M01_F10_KI05_6,KI05,artificial,inner_race,N15_M01_F10,1499.5,cepstrum,6203_PU_2905,13333.3,14666.7,5.8753,normal,0.548,-0.1828892958401991,1,-0.005000000000000001,0.682,-0.3909624259843391,2,0.016000000000000004
N15_M01_F10_KI05_7,KI05,artificial,inner_race,N15_M01_F10,1499.7,cepstrum,6203_PU_2905,10666.7,13333.3,7.0255,normal,0.742,-0.7637081933827586,1,-0.006999999999999999,0.328,0.436452149713653,3,0.016000000000000004
N15_M01_F10_KI05_8,KI05,artificial,inner_race,N15_M01_F10,1499.67,cepstrum,6203_PU_2905,12000.0,13333.3,6.6916,normal,0.836,-0.9593583073354492,1,-0.006999999999999999,0.724,-0.557491674829446,2,0.014000000000000002
N15_M01_F10_KI05_9,KI05,artificial,inner_race,N15_M01_F10,1499.66,cepstrum,6203_PU_2905,10666.7,13333.3,5.2171,normal,0.88,-1.1959604549611396,1,0.008,0.234,0.9094990037350175,2,0.015000000000000003
N15_M01_F10_KI07_1,KI07,artificial,inner_race,N15_M01_F10,1499.81,cepstrum,6203_PU_2905,10666.7,13333.3,7.662,normal,0.312,0.7531818307681053,0,-0.008,0.874,-1.1785059978786248,0,0.019
N15_M01_F10_KI07_10,KI07,artificial,inner_race,N15_M01_F10,1499.75,cepstrum,6203_PU_2905,10666.7,13333.3,5.0525,normal,0.682,-0.4212036187576955,1,-0.006,0.364,0.5497709456321309,3,0.014000000000000002
N15_M01_F10_KI07_11,KI07,artificial,inner_race,N15_M01_F10,1499.58,cepstrum,6203_PU_2905,10666.7,13333.3,5.435,normal,0.678,-0.30378294480540924,1,-0.006,0.416,0.2306931335087171,3,0.016000000000000004
N15_M01_F10_KI07_12,KI07,artificial,inner_race,N15_M01_F10,1499.49,cepstrum,6203_PU_2905,10666.7,13333.3,6.4854,normal,0.462,0.08208178014494007,1,-0.006999999999999999,0.508,-0.018752795671489065,3,0.015000000000000003
N15_M01_F10_KI07_13,KI07,artificial,inner_race,N15_M01_F10,1499.85,cepstrum,6203_PU_2905,10666.7,13333.3,4.6789,normal,0.248,1.7584568010731536,1,-0.008,0.128,1.238879976967924,2,0.012
N15_M01_F10_KI07_14,KI07,artificial,inner_race,N15_M01_F10,1499.63,cepstrum,6203_PU_2905,13333.3,14666.7,6.7698,normal,0.846,-0.4700828714539289,0,0.009000000000000001,0.346,0.3691586523734166,1,-0.006
N15_M01_F10_KI07_15,KI07,artificial,inner_race,N15_M01_F10,1499.65,cepstrum,6203_PU_2905,10666.7,13333.3,4.9295,normal,0.584,-0.17793311115648577,1,-0.008,0.27,0.8915844551402861,1,0.015000000000000003
N15_M01_F10_KI07_16,KI07,artificial,inner_race,N15_M01_F10,1499.84,cepstrum,6203_PU_2905,0.0,1333.3,4.8611,normal,0.53,-0.02484324259943047,0,0.011,0.104,1.3616372014495581,0,0.015000000000000003
N15_M01_F10_KI07_17,KI07,artificial,inner_race,N15_M01_F10,1499.48,cepstrum,6203_PU_2905,10666.7,13333.3,7.3919,inner_race,0.976,-1.5477676257842183,0,0.009000000000000001,0.002,2.044105562094094,2,-0.005000000000000001
N15_M01_F10_KI07_18,KI07,artificial,inner_race,N15_M01_F10,1499.63,cepstrum,6203_PU_2905,13333.3,14666.7,5.4884,normal,0.94,-0.6995054889055246,1,-0.005000000000000001,0.806,-0.6405118175227787,1,0.015000000000000003
N15_M01_F10_KI07_19,KI07,artificial,inner_race,N15_M01_F10,1499.77,cepstrum,6203_PU_2905,10666.7,13333.3,6.335,normal,0.442,0.22991670720378096,0,0.009000000000000001,0.344,0.47530346758418746,0,0.019
N15_M01_F10_KI07_2,KI07,artificial,inner_race,N15_M01_F10,1499.62,cepstrum,6203_PU_2905,10666.7,13333.3,5.1603,normal,0.21,1.570308578166855,0,0.009000000000000001,0.27,0.8125985073381097,2,0.015000000000000003
N15_M01_F10_KI07_20,KI07,artificial,inner_race,N15_M01_F10,1499.69,cepstrum,6203_PU_2905,13333.3,14666.7,8.1765,normal,0.67,-0.3716597583160862,1,-0.006,0.184,1.1376943869635996,1,-0.006
N15_M01_F10_KI07_3,KI07,artificial,inner_race,N15_M01_F10,1499.73,cepstrum,6203_PU_2905,10666.7,13333.3,6.2681,normal,0.494,0.007497779971645916,1,-0.006999999999999999,0.49,0.007856821872267997,2,0.015000000000000003
N15_M01_F10_KI07_4,KI07,artificial,inner_race,N15_M01_F10,1500.09,cepstrum,6203_PU_2905,12000.0,14000.0,6.5673,normal,0.252,1.0510354263111172,1,-0.006,0.188,0.8841599927071668,2,0.014000000000000002
N15_M01_F10_KI07_5,KI07,artificial,inner_race,N15_M01_F10,1499.39,cepstrum,6203_PU_2905,12000.0,14000.0,5.565,normal,0.752,-0.4509580570681046,0,0.016000000000000004,0.028,2.509571204099726,2,0.016000000000000004
N15_M01_F10_KI07_6,KI07,artificial,inner_race,N15_M01_F10,1499.44,cepstrum,6203_PU_2905,10666.7,13333.3,5.7296,normal,0.264,0.45423755131868304,1,-0.005000000000000001,0.06,1.4242265365757496,2,0.015000000000000003
N15_M01_F10_KI07_7,KI07,artificial,inner_race,N15_M01_F10,1499.26,cepstrum,6203_PU_2905,10666.7,13333.3,5.527,normal,0.262,1.0531611102185192,0,0.012,0.37,0.2839402898727473,3,0.016000000000000004
N15_M01_F10_KI07_8,KI07,artificial,inner_race,N15_M01_F10,1499.61,cepstrum,6203_PU_2905,10666.7,13333.3,5.6324,normal,0.698,-0.6758644075748986,1,-0.006,0.864,-1.135560035663001,3,0.016000000000000004
N15_M01_F10_KI07_9,KI07,artificial,inner_race,N15_M01_F10,1499.83,cepstrum,6203_PU_2905,10666.7,13333.3,5.3846,normal,0.43,0.0889957678150374,1,-0.005000000000000001,0.274,0.6221301139261934,2,0.015000000000000003
N15_M01_F10_KI08_1,KI08,artificial,inner_race,N15_M01_F10,1499.72,cepstrum,6203_PU_2905,10666.7,13333.3,5.4002,normal,0.312,1.1136527419065492,0,0.011,0.392,0.4000618521662655,2,0.015000000000000003
N15_M01_F10_KI08_10,KI08,artificial,inner_race,N15_M01_F10,1499.61,cepstrum,6203_PU_2905,10666.7,13333.3,5.7815,normal,0.26,0.8488260818446545,1,-0.006,0.166,1.0842263020389493,4,0.015000000000000003
N15_M01_F10_KI08_11,KI08,artificial,inner_race,N15_M01_F10,1499.39,cepstrum,6203_PU_2905,10666.7,13333.3,8.2617,normal,0.546,-0.4383941426736934,1,-0.006999999999999999,0.594,-0.20572995748683484,3,0.015000000000000003
N15_M01_F10_KI08_12,KI08,artificial,inner_race,N15_M01_F10,1499.53,cepstrum,6203_PU_2905,10666.7,13333.3,5.5108,normal,0.742,-0.3873205852855466,1,-0.005000000000000001,0.22,1.2405916922794908,2,0.015000000000000003
N15_M01_F10_KI08_13,KI08,artificial,inner_race,N15_M01_F10,1499.38,cepstrum,6203_PU_2905,12000.0,13333.3,6.7062,normal,0.218,0.8374904839727432,0,0.009999999999999998,0.086,1.7475958618350205,1,0.015000000000000003
N15_M01_F10_KI08_14,KI08,artificial,inner_race,N15_M01_F10,1499.36,cepstrum,6203_PU_2905,10666.7,13333.3,5.6522,normal,0.76,-0.5856817174394623,1,-0.006999999999999999,0.05,1.9333652947206068,4,0.015000000000000003
N15_M01_F10_KI08_15,KI08,artificial,inner_race,N15_M01_F10,1499.66,cepstrum,6203_PU_2905,10666.7,13333.3,5.9158,normal,0.702,-0.3060531859170425,0,0.009999999999999998,0.334,0.3121398152507436,3,0.015000000000000003
N15_M01_F10_KI08_16,KI08,artificial,inner_race,N15_M01_F10,1499.69,cepstrum,6203_PU_2905,12000.0,14000.0,5.2568,normal,0.852,-0.8896608754161767,1,-0.005000000000000001,0.458,0.3129058731008194,2,-0.006
N15_M01_F10_KI08_17,KI08,artificial,inner_race,N15_M01_F10,1499.32,cepstrum,6203_PU_2905,10666.7,12000.0,7.4382,normal,0.528,-0.10890964017978559,1,-0.005000000000000001,0.414,0.15528486690754117,2,0.015000000000000003
N15_M01_F10_KI08_18,KI08,artificial,inner_race,N15_M01_F10,1499.46,cepstrum,6203_PU_2905,10666.7,13333.3,6.5346,normal,0.602,-0.13583248343428905,1,-0.005000000000000001,0.636,-0.19167240196870372,2,0.015000000000000003
N15_M01_F10_KI08_19,KI08,artificial,inner_race,N15_M01_F10,1499.64,cepstrum,6203_PU_2905,10666.7,13333.3,7.685,normal,0.628,-0.1907239194244333,1,-0.006999999999999999,0.308,0.49708065331084644,2,0.015000000000000003
N15_M01_F10_KI08_2,KI08,artificial,inner_race,N15_M01_F10,1499.45,cepstrum,6203_PU_2905,12000.0,14000.0,8.4051,normal,0.522,-0.15609406834882308,1,-0.005000000000000001,0.184,0.9476796475925768,3,0.015000000000000003
N15_M01_F10_KI08_20,KI08,artificial,inner_race,N15_M01_F10,1499.76,cepstrum,6203_PU_2905,10666.7,13333.3,5.913,normal,0.184,0.9483098516424553,1,-0.006999999999999999,0.07,2.393758725684367,3,0.015000000000000003
N15_M01_F10_KI08_3,KI08,artificial,inner_race,N15_M01_F10,1499.4,cepstrum,6203_PU_2905,10666.7,13333.3,8.7679,normal,0.26,1.7497935785991494,1,-0.005000000000000001,0.582,-0.18294819002015364,1,-0.011
N15_M01_F10_KI08_4,KI08,artificial,inner_race,N15_M01_F10,1499.97,cepstrum,6203_PU_2905,12000.0,14000.0,6.6612,normal,0.452,0.36648810785389585,1,-0.006999999999999999,0.07,1.6799203878003937,3,0.015000000000000003
N15_M01_F10_KI08_5,KI08,artificial,inner_race,N15_M01_F10,1499.6,cepstrum,6203_PU_2905,12000.0,14000.0,5.6739,normal,0.356,0.5422491418640928,1,-0.006999999999999999,0.138,1.44091971699567,3,0.015000000000000003
N15_M01_F10_KI08_6,KI08,artificial,inner_race,N15_M01_F10,1499.69,cepstrum,6203_PU_2905,10666.7,13333.3,6.411,normal,0.324,1.3297264415235839,1,-0.006,0.552,-0.17890725188699882,3,0.015000000000000003
N15_M01_F10_KI08_7,KI08,artificial,inner_race,N15_M01_F10,1499.6,cepstrum,6203_PU_2905,10666.7,13333.3,5.6311,normal,0.4,0.15473433811004614,1,-0.006999999999999999,0.302,0.6362004395432312,3,0.015000000000000003
N15_M01_F10_KI08_8,KI08,artificial,inner_race,N15_M01_F10,1499.77,cepstrum,6203_PU_2905,10666.7,13333.3,7.9441,normal,0.416,0.41187110456824355,1,-0.006,0.384,0.16501546379952514,3,0.015000000000000003
N15_M01_F10_KI08_9,KI08,artificial,inner_race,N15_M01_F10,1499.65,cepstrum,6203_PU_2905,10666.7,13333.3,6.3195,normal,0.514,-0.011344889400706068,1,-0.005000000000000001,0.41,0.2014500162951434,3,0.015000000000000003
N15_M01_F10_KI14_1,KI14,real,inner_race,N15_M01_F10,1499.54,cepstrum,6203_PU_2905,13333.3,14666.7,3.1714,normal,0.692,-0.45846717523811675,0,-0.008,0.814,-0.7714461691160492,1,0.004
N15_M01_F10_KI14_10,KI14,real,inner_race,N15_M01_F10,1499.47,cepstrum,6203_PU_2905,13333.3,14666.7,3.4528,normal,0.792,-1.2446846033443724,0,0.009999999999999998,0.324,0.7159496787833739,1,-0.006
N15_M01_F10_KI14_11,KI14,real,inner_race,N15_M01_F10,1499.41,cepstrum,6203_PU_2905,12000.0,14000.0,3.1711,normal,0.84,-0.6385788230791083,0,0.009000000000000001,0.778,-0.8696991734507704,0,0.015000000000000003
N15_M01_F10_KI14_12,KI14,real,inner_race,N15_M01_F10,1499.56,cepstrum,6203_PU_2905,13333.3,14666.7,3.5209,normal,0.286,0.5853619839547886,1,0.009000000000000001,0.86,-0.911826632037995,0,0.014000000000000002
N15_M01_F10_KI14_13,KI14,real,inner_race,N15_M01_F10,1499.46,cepstrum,6203_PU_2905,13333.3,14666.7,4.0606,normal,0.81,-0.9250385387625626,0,-0.006999999999999999,0.98,-1.1405950993864322,1,0.0019999999999999983
N15_M01_F10_KI14_14,KI14,real,inner_race,N15_M01_F10,1499.64,cepstrum,6203_PU_2905,13333.3,14666.7,3.3859,normal,0.74,-0.43872811615310403,0,0.015000000000000003,0.746,-0.5443963150280132,1,-0.006
N15_M01_F10_KI14_15,KI14,real,inner_race,N15_M01_F10,1499.54,cepstrum,6203_PU_2905,13333.3,14666.7,3.634,normal,0.914,-0.7275860261040098,0,0.015000000000000003,0.576,-0.12172016330035129,2,-0.006
N15_M01_F10_KI14_16,KI14,real,inner_race,N15_M01_F10,1499.5,cepstrum,6203_PU_2905,12000.0,14000.0,3.511,normal,0.768,-0.6860356361799652,0,0.008,0.958,-1.4406415447642198,1,-0.006
N15_M01_F10_KI14_17,KI14,real,inner_race,N15_M01_F10,1499.6,cepstrum,6203_PU_2905,13333.3,14666.7,3.6943,normal,0.724,-0.3851493673585435,0,0.015000000000000003,0.938,-1.189561591588522,1,-0.013000000000000001
N15_M01_F10_KI14_18,KI14,real,inner_race,N15_M01_F10,1499.75,cepstrum,6203_PU_2905,13333.3,14666.7,3.2866,normal,0.554,-0.243604985322021,0,0.016000000000000004,0.816,-0.8735423204295304,1,-0.006
N15_M01_F10_KI14_19,KI14,real,inner_race,N15_M01_F10,1499.78,cepstrum,6203_PU_2905,13333.3,14666.7,2.9921,normal,0.766,-0.41244709592454154,0,0.009999999999999998,0.408,0.21156526284692825,1,-0.012
N15_M01_F10_KI14_2,KI14,real,inner_race,N15_M01_F10,1499.6,cepstrum,6203_PU_2905,13333.3,14666.7,3.7246,normal,0.394,0.2767989692857688,0,0.009000000000000001,0.984,-1.1261324242765334,1,-0.006
N15_M01_F10_KI14_20,KI14,real,inner_race,N15_M01_F10,1499.6,cepstrum,6203_PU_2905,13333.3,14666.7,3.0493,normal,0.988,-1.3998686256470136,0,-0.012,0.632,-0.34169739535446986,0,0.014000000000000002
N15_M01_F10_KI14_3,KI14,real,inner_race,N15_M01_F10,1499.63,cepstrum,6203_PU_2905,13333.3,14666.7,3.1565,normal,0.668,-0.5763310393162477,0,-0.006,0.45,0.14396999003311475,1,-0.006
N15_M01_F10_KI14_4,KI14,real,inner_race,N15_M01_F10,1499.77,cepstrum,6203_PU_2905,13333.3,14666.7,3.7477,normal,0.984,-0.947990609108909,0,-0.02,0.362,0.31664423640575723,1,0.0010000000000000009
N15_M01_F10_KI14_5,KI14,real,inner_race,N15_M01_F10,1499.65,cepstrum,6203_PU_2905,13333.3,14666.7,3.3454,normal,0.776,-0.7752324100359524,0,0.016999999999999998,0.832,-0.8152185521279879,0,-0.008
N15_M01_F10_KI14_6,KI14,real,inner_race,N15_M01_F10,1499.49,cepstrum,6203_PU_2905,13333.3,14666.7,3.6691,normal,0.644,-0.22430739973914335,0,0.02,0.688,-0.4778524294965993,0,-0.011
N15_M01_F10_KI14_7,KI14,real,inner_race,N15_M01_F10,1499.73,cepstrum,6203_PU_2905,13333.3,14666.7,3.6206,normal,0.752,-0.5738295734742357,0,0.009000000000000001,0.748,-0.5680005314375004,1,-0.013000000000000001
N15_M01_F10_KI14_8,KI14,real,inner_race,N15_M01_F10,1499.29,cepstrum,6203_PU_2905,13333.3,14666.7,2.7881,normal,0.6,-0.4931249612546019,0,0.015000000000000003,0.866,-0.6867762049385299,1,-0.005000000000000001
N15_M01_F10_KI14_9,KI14,real,inner_race,N15_M01_F10,1499.61,cepstrum,6203_PU_2905,13333.3,14666.7,3.5688,normal,0.584,-0.148041410480117,0,-0.006,0.494,0.028793714806393193,0,0.019
N15_M01_F10_KI16_1,KI16,real,inner_race,N15_M01_F10,1499.77,cepstrum,6203_PU_2855,8000.0,10666.7,4.5507,inner_race,0.002,3.887151311539751,2,-0.017,0.002,6.34688863682553,7,0.002999999999999999
N15_M01_F10_KI16_10,KI16,real,inner_race,N15_M01_F10,1499.71,cepstrum,6203_PU_2855,8000.0,10666.7,4.1899,inner_race,0.002,13.06701172252677,0,-0.018000000000000002,0.002,3.5241022313962453,8,0.0019999999999999983
N15_M01_F10_KI16_11,KI16,real,inner_race,N15_M01_F10,1499.06,cepstrum,6203_PU_2855,8000.0,10666.7,4.0576,inner_race,0.002,5.307705531132928,1,-0.017,0.002,4.3050625189962055,11,0.004
N15_M01_F10_KI16_12,KI16,real,inner_race,N15_M01_F10,1499.85,cepstrum,6203_PU_2855,8000.0,10666.7,4.6631,outer_race,0.002,5.782665659915624,2,-0.019,0.002,4.383393200434495,13,0.0019999999999999983
N15_M01_F10_KI16_13,KI16,real,inner_race,N15_M01_F10,1499.53,cepstrum,6203_PU_2855,8000.0,10666.7,4.0822,outer_race,0.014,4.827169036795444,2,-0.018000000000000002,0.002,3.8101447424828017,14,0.0019999999999999983
N15_M01_F10_KI16_14,KI16,real,inner_race,N15_M01_F10,1499.67,cepstrum,6203_PU_2855,8000.0,10666.7,3.7259,inner_race,0.002,6.951489649848312,1,-0.02,0.002,3.4753541394086387,5,0.0019999999999999983
N15_M01_F10_KI16_15,KI16,real,inner_race,N15_M01_F10,1499.95,cepstrum,6203_PU_2855,8000.0,10666.7,3.6953,inner_race,0.002,6.422706484886473,0,-0.018000000000000002,0.002,5.213565896818712,10,0.002999999999999999
N15_M01_F10_KI16_16,KI16,real,inner_race,N15_M01_F10,1499.56,cepstrum,6203_PU_2855,8000.0,10666.7,3.3744,inner_race,0.006,5.61785640037707,0,-0.017,0.002,4.35720354836112,6,0.002999999999999999
N15_M01_F10_KI16_17,KI16,real,inner_race,N15_M01_F10,1499.57,cepstrum,6203_PU_2855,8000.0,10666.7,3.784,inner_race,0.002,4.030296134914016,0,-0.018000000000000002,0.002,3.674282537022703,11,0.0019999999999999983
N15_M01_F10_KI16_18,KI16,real,inner_race,N15_M01_F10,1499.55,cepstrum,6203_PU_2855,8000.0,10666.7,3.7577,inner_race,0.002,7.943561126085864,0,-0.018000000000000002,0.002,4.35692044802096,4,0.0019999999999999983
N15_M01_F10_KI16_19,KI16,real,inner_race,N15_M01_F10,1499.94,cepstrum,6203_PU_2855,8000.0,10666.7,5.149,inner_race,0.084,3.2997769625072624,0,-0.02,0.002,4.1023120701180575,4,0.002999999999999999
N15_M01_F10_KI16_2,KI16,real,inner_race,N15_M01_F10,1499.52,cepstrum,6203_PU_2855,8000.0,10666.7,3.505,inner_race,0.002,4.550666781227677,1,-0.019,0.002,3.681676675897424,13,0.0019999999999999983
N15_M01_F10_KI16_20,KI16,real,inner_race,N15_M01_F10,1499.74,cepstrum,6203_PU_2855,8000.0,10666.7,4.0002,outer_race,0.004,6.903509991587673,2,-0.018000000000000002,0.002,3.797112957671591,14,0.002999999999999999
N15_M01_F10_KI16_3,KI16,real,inner_race,N15_M01_F10,1499.78,cepstrum,6203_PU_2855,8000.0,10666.7,4.2673,inner_race,0.002,7.240349918171061,1,-0.02,0.002,3.752589786113385,9,0.0019999999999999983
N15_M01_F10_KI16_4,KI16,real,inner_race,N15_M01_F10,1499.71,cepstrum,6203_PU_2855,8000.0,10666.7,3.967,outer_race,0.002,11.11703712801794,2,-0.018000000000000002,0.002,5.2302315280348495,13,0.0019999999999999983
N15_M01_F10_KI16_5,KI16,real,inner_race,N15_M01_F10,1499.44,cepstrum,6203_PU_2855,8000.0,10666.7,3.8809,outer_race,0.002,6.541266206386113,2,-0.018000000000000002,0.002,4.971481827446682,13,0.0019999999999999983
N15_M01_F10_KI16_6,KI16,real,inner_race,N15_M01_F10,1499.61,cepstrum,6203_PU_2855,8000.0,10666.7,3.9672,inner_race,0.002,4.823988425433693,0,-0.018000000000000002,0.002,5.007365099563584,8,0.0019999999999999983
N15_M01_F10_KI16_7,KI16,real,inner_race,N15_M01_F10,1499.69,cepstrum,6203_PU_2855,8000.0,10666.7,4.2598,inner_race,0.012,5.4721131379228485,0,-0.019,0.002,4.004191511751193,7,0.0019999999999999983
N15_M01_F10_KI16_8,KI16,real,inner_race,N15_M01_F10,1499.52,cepstrum,6203_PU_2855,8000.0,10666.7,4.2635,outer_race,0.002,8.875428575238603,3,-0.018000000000000002,0.002,2.2173228966073477,9,0.0019999999999999983
N15_M01_F10_KI16_9,KI16,real,inner_race,N15_M01_F10,1499.56,cepstrum,6203_PU_2855,8000.0,10666.7,3.8697,outer_race,0.012,7.806254764699023,2,-0.02,0.002,5.1308148075209,8,0.002999999999999999
N15_M01_F10_KI17_1,KI17,real,inner_race,N15_M01_F10,1499.69,cepstrum,6203_PU_2905,10666.7,13333.3,4.722,normal,0.32,0.8528708576561929,0,0.008,0.684,-0.44215346503551023,1,-0.006
N15_M01_F10_KI17_10,KI17,real,inner_race,N15_M01_F10,1499.58,cepstrum,6203_PU_2905,12000.0,14000.0,4.3467,normal,0.96,-1.7536679663172818,0,-0.018000000000000002,0.81,-0.8136892467344489,1,0.014000000000000002
N15_M01_F10_KI17_11,KI17,real,inner_race,N15_M01_F10,1499.02,cepstrum,6203_PU_2905,10000.0,12000.0,5.66,normal,0.496,0.04724915575531864,0,0.016000000000000004,0.002,4.649565960058189,0,0.0
N15_M01_F10_KI17_12,KI17,real,inner_race,N15_M01_F10,1500.13,cepstrum,6203_PU_2905,12000.0,14000.0,4.0977,normal,0.584,-0.2894002960022611,0,0.011,0.216,0.6868629069418615,2,-0.0010000000000000009
N15_M01_F10_KI17_13,KI17,real,inner_race,N15_M01_F10,1500.15,cepstrum,6203_PU_2905,10000.0,12000.0,4.7336,normal,0.826,-0.6668329578235213,0,0.016999999999999998,0.002,2.680746254600244,0,0.0
N15_M01_F10_KI17_14,KI17,real,inner_race,N15_M01_F10,1500.19,cepstrum,6203_PU_2905,12000.0,14000.0,4.5454,normal,0.38,0.34997559796916383,0,-0.005000000000000001,0.336,0.6943345232094489,1,-0.006999999999999999
N15_M01_F10_KI17_15,KI17,real,inner_race,N15_M01_F10,1499.52,cepstrum,6203_PU_2905,10666.7,13333.3,4.7025,normal,0.346,0.3234560555453894,0,0.009999999999999998,0.746,-0.7129530487853716,1,0.0
N15_M01_F10_KI17_16,KI17,real,inner_race,N15_M01_F10,1499.51,cepstrum,6203_PU_2905,12000.0,14000.0,3.8386,normal,0.35,0.4603687872835486,0,-0.015,0.712,-0.6329043144886068,0,0.005000000000000001
N15_M01_F10_KI17_17,KI17,real,inner_race,N15_M01_F10,1500.08,cepstrum,6203_PU_2905,10666.7,13333.3,3.5448,normal,0.486,0.10095503507702394,1,0.016000000000000004,0.148,1.838026410702916,2,-0.0010000000000000009
N15_M01_F10_KI17_18,KI17,real,inner_race,N15_M01_F10,1499.57,cepstrum,6203_PU_2905,12000.0,14000.0,4.1264,normal,0.49,0.07936947976020357,0,0.016999999999999998,0.958,-1.1391763562876136,0,0.0
N15_M01_F10_KI17_19,KI17,real,inner_race,N15_M01_F10,1500.74,cepstrum,6203_PU_2905,12000.0,14000.0,3.9401,normal,0.564,-0.181745140831088,0,0.008,0.992,-1.7573487428020809,1,0.009000000000000001
N15_M01_F10_KI17_2,KI17,real,inner_race,N15_M01_F10,1499.79,cepstrum,6203_PU_2905,12000.0,14000.0,4.5165,normal,0.7,-0.5091917065948972,0,-0.01,0.932,-0.9393814041019414,0,0.006999999999999999
N15_M01_F10_KI17_20,KI17,real,inner_race,N15_M01_F10,1499.5,cepstrum,6203_PU_2905,13333.3,14666.7,4.5085,normal,0.902,-0.9685628728495995,0,0.016999999999999998,0.188,1.3988041299957765,0,0.009000000000000001
N15_M01_F10_KI17_3,KI17,real,inner_race,N15_M01_F10,1499.86,cepstrum,6203_PU_2905,13333.3,14666.7,4.9106,normal,0.884,-1.3363889542545644,0,0.016999999999999998,0.536,-0.09199411647318177,1,-0.006
N15_M01_F10_KI17_4,KI17,real,inner_race,N15_M01_F10,1499.83,cepstrum,6203_PU_2905,12000.0,14000.0,3.8916,normal,0.522,-0.07518385945170813,0,0.016999999999999998,0.59,-0.23615463555448135,1,-0.013000000000000001
N15_M01_F10_KI17_5,KI17,real,inner_race,N15_M01_F10,1499.69,cepstrum,6203_PU_2905,12000.0,14000.0,4.2747,normal,0.638,-0.21930999066229925,0,0.009000000000000001,0.492,0.10785774409320176,0,-0.006999999999999999
N15_M01_F10_KI17_6,KI17,real,inner_race,N15_M01_F10,1499.94,cepstrum,6203_PU_2905,12000.0,14000.0,4.4659,normal,0.418,0.18185450820155868,0,0.016000000000000004,0.588,-0.20099476540025873,0,0.014000000000000002
N15_M01_F10_KI17_7,KI17,real,inner_race,N15_M01_F10,1499.82,cepstrum,6203_PU_2905,12000.0,14000.0,4.5605,normal,0.366,0.36131055046113836,0,0.013000000000000001,0.822,-0.6033239328468472,1,-0.006
N15_M01_F10_KI17_8,KI17,real,inner_race,N15_M01_F10,1499.67,cepstrum,6203_PU_2905,12000.0,14000.0,4.2078,normal,0.5,0.002763429809224209,0,-0.008,0.386,0.24571730131347727,0,0.0
N15_M01_F10_KI17_9,KI17,real,inner_race,N15_M01_F10,1499.97,cepstrum,6203_PU_2905,10000.0,12000.0,4.3174,normal,0.712,-0.6352243168545512,0,0.011,0.002,3.260136156988266,0,0.0
N15_M01_F10_KI18_1,KI18,real,inner_race,N15_M01_F10,1499.68,cepstrum,6203_PU_2905,9333.3,10666.7,8.9141,inner_race,0.524,-0.02806913109145307,1,-0.017,0.002,4.563862866868482,25,0.0010000000000000009
N15_M01_F10_KI18_10,KI18,real,inner_race,N15_M01_F10,1499.59,cepstrum,6203_PU_2905,9333.3,10666.7,8.6902,inner_race,0.952,-1.2678513704924343,1,-0.017,0.002,3.3440589592611256,25,0.0010000000000000009
N15_M01_F10_KI18_11,KI18,real,inner_race,N15_M01_F10,1499.79,cepstrum,6203_PU_2905,9333.3,10666.7,9.2062,inner_race,0.802,-0.7981195317127098,1,-0.019,0.002,3.8410657909288703,25,0.0010000000000000009
N15_M01_F10_KI18_12,KI18,real,inner_race,N15_M01_F10,1499.54,cepstrum,6203_PU_2905,9333.3,10666.7,8.0767,inner_race,0.978,-1.5581493082682132,1,-0.018000000000000002,0.002,3.9293639368128153,25,0.0010000000000000009
N15_M01_F10_KI18_13,KI18,real,inner_race,N15_M01_F10,1499.62,cepstrum,6203_PU_2905,9333.3,10666.7,7.525,inner_race,0.464,0.20782437020040892,0,-0.016,0.002,3.248104240874674,25,0.0010000000000000009
N15_M01_F10_KI18_14,KI18,real,inner_race,N15_M01_F10,1499.5,cepstrum,6203_PU_2905,9333.3,10666.7,8.3273,inner_race,0.95,-1.7433313327636872,1,-0.019,0.002,3.3482269807085707,25,0.0010000000000000009
N15_M01_F10_KI18_15,KI18,real,inner_race,N15_M01_F10,1499.55,cepstrum,6203_PU_2905,9333.3,10666.7,7.7914,inner_race,0.34,0.3335658194355707,1,-0.018000000000000002,0.002,4.337527875269539,25,0.0010000000000000009
N15_M01_F10_KI18_16,KI18,real,inner_race,N15_M01_F10,1499.56,cepstrum,6203_PU_2905,9333.3,10666.7,8.5235,inner_race,0.782,-0.5376461979391604,1,-0.017,0.002,2.5817609674524142,25,0.0010000000000000009
N15_M01_F10_KI18_17,KI18,real,inner_race,N15_M01_F10,1499.47,cepstrum,6203_PU_2905,9333.3,10666.7,8.5108,inner_race,0.942,-1.3214408572416423,1,-0.019,0.002,4.285442394532962,25,0.0010000000000000009
N15_M01_F10_KI18_18,KI18,real,inner_race,N15_M01_F10,1499.66,cepstrum,6203_PU_2905,9333.3,10666.7,10.2028,inner_race,0.882,-1.8636614556320887,1,-0.019,0.002,5.155488534801749,25,0.0010000000000000009
N15_M01_F10_KI18_19,KI18,real,inner_race,N15_M01_F10,1499.59,cepstrum,6203_PU_2905,9333.3,10666.7,8.2371,inner_race,0.456,0.08486663541026956,1,-0.017,0.002,3.048227119503401,25,0.0010000000000000009
N15_M01_F10_KI18_2,KI18,real,inner_race,N15_M01_F10,1499.52,cepstrum,6203_PU_2905,9333.3,10666.7,7.6771,inner_race,0.87,-0.9621670219026253,1,-0.017,0.002,3.64214811790262,25,0.0010000000000000009
N15_M01_F10_KI18_20,KI18,real,inner_race,N15_M01_F10,1499.73,cepstrum,6203_PU_2905,9333.3,10666.7,8.4933,inner_race,0.804,-0.8707877313521443,1,-0.018000000000000002,0.002,3.1463263545277242,25,0.0010000000000000009
N15_M01_F10_KI18_3,KI18,real,inner_race,N15_M01_F10,1499.46,cepstrum,6203_PU_2905,9333.3,10666.7,7.9324,inner_race,0.698,-0.4705882885539491,1,-0.018000000000000002,0.002,3.2718108866331597,25,0.0010000000000000009
N15_M01_F10_KI18_4,KI18,real,inner_race,N15_M01_F10,1499.57,cepstrum,6203_PU_2905,9333.3,10666.7,9.5815,inner_race,0.8,-0.6076045063260079,1,-0.02,0.002,2.495289616432322,25,0.0010000000000000009
N15_M01_F10_KI18_5,KI18,real,inner_race,N15_M01_F10,1499.37,cepstrum,6203_PU_2905,9333.3,10666.7,7.7853,inner_race,0.78,-0.7795003554672959,1,-0.017,0.002,2.7508932912092523,24,0.0010000000000000009
N15_M01_F10_KI18_6,KI18,real,inner_race,N15_M01_F10,1499.46,cepstrum,6203_PU_2905,9333.3,10666.7,7.4848,inner_race,0.824,-0.6003155175617324,1,-0.017,0.002,2.7537017734902003,24,0.0010000000000000009
N15_M01_F10_KI18_7,KI18,real,inner_race,N15_M01_F10,1499.57,cepstrum,6203_PU_2905,9333.3,10666.7,9.1785,inner_race,0.714,-1.298968915777437,1,-0.02,0.002,2.878953461904458,25,0.0010000000000000009
N15_M01_F10_KI18_8,KI18,real,inner_race,N15_M01_F10,1499.86,cepstrum,6203_PU_2905,9333.3,10666.7,7.6773,inner_race,0.252,0.6501837639167243,1,-0.018000000000000002,0.002,4.203000469733927,25,0.0010000000000000009
N15_M01_F10_KI18_9,KI18,real,inner_race,N15_M01_F10,1499.4,cepstrum,6203_PU_2905,9333.3,10666.7,9.2657,inner_race,0.444,0.2505287620906715,1,-0.02,0.002,4.001551677563777,25,0.0010000000000000009
N15_M01_F10_KI21_1,KI21,real,inner_race,N15_M01_F10,1499.72,cepstrum,6203_PU_2855,10666.7,13333.3,4.8639,normal,0.876,-1.3683212065127197,0,-0.015,0.908,-0.8596223852430153,1,0.011
N15_M01_F10_KI21_10,KI21,real,inner_race,N15_M01_F10,1499.71,cepstrum,6203_PU_2855,12000.0,14000.0,4.6156,normal,0.588,-0.13720878342462034,1,0.016000000000000004,0.718,-0.5207168387216732,1,-0.011
N15_M01_F10_KI21_11,KI21,real,inner_race,N15_M01_F10,1499.58,cepstrum,6203_PU_2855,10666.7,13333.3,4.5061,normal,0.404,0.25387659931194545,1,0.016999999999999998,0.768,-0.5371660839189121,1,-0.009000000000000001
N15_M01_F10_KI21_12,KI21,real,inner_race,N15_M01_F10,1499.42,cepstrum,6203_PU_2855,10666.7,13333.3,4.285,normal,0.658,-0.26630152802301515,0,-0.011,0.474,0.05373338621760408,1,-0.01
N15_M01_F10_KI21_13,KI21,real,inner_race,N15_M01_F10,1499.62,cepstrum,6203_PU_2855,10666.7,13333.3,3.9405,normal,0.232,1.013817968876725,0,-0.015,0.442,0.3070662616510735,1,-0.005000000000000001
N15_M01_F10_KI21_14,KI21,real,inner_race,N15_M01_F10,1499.63,cepstrum,6203_PU_2855,10666.7,13333.3,4.4505,normal,0.47,0.048134452421060646,1,0.014000000000000002,0.812,-0.7841398358849261,0,-0.011
N15_M01_F10_KI21_15,KI21,real,inner_race,N15_M01_F10,1499.57,cepstrum,6203_PU_2855,10666.7,13333.3,4.6629,normal,0.714,-0.36779685924155175,0,-0.011,0.236,0.9496169855268902,2,-0.01
N15_M01_F10_KI21_16,KI21,real,inner_race,N15_M01_F10,1499.65,cepstrum,6203_PU_2855,10666.7,13333.3,4.2224,normal,0.776,-0.8391924863032253,0,-0.02,0.846,-1.069080209206836,1,0.011
N15_M01_F10_KI21_17,KI21,real,inner_race,N15_M01_F10,1499.46,cepstrum,6203_PU_2855,10666.7,13333.3,5.3875,normal,0.18,1.0024504638540477,0,0.014000000000000002,0.652,-0.34518506921126796,2,-0.009000000000000001
N15_M01_F10_KI21_18,KI21,real,inner_race,N15_M01_F10,1499.57,cepstrum,6203_PU_2855,10666.7,13333.3,4.2335,normal,0.696,-0.4274564974689314,1,0.015000000000000003,0.634,-0.24793529785802185,2,-0.009000000000000001
N15_M01_F10_KI21_19,KI21,real,inner_race,N15_M01_F10,1499.55,cepstrum,6203_PU_2855,10666.7,13333.3,4.6914,normal,0.676,-0.2568272186560317,0,0.015000000000000003,0.9,-0.8324805209349389,1,-0.009000000000000001
N15_M01_F10_KI21_2,KI21,real,inner_race,N15_M01_F10,1499.52,cepstrum,6203_PU_2855,10666.7,13333.3,4.385,normal,0.818,-0.8687057109960407,0,-0.012,0.966,-1.7266085558008502,2,-0.01
N15_M01_F10_KI21_20,KI21,real,inner_race,N15_M01_F10,1499.56,cepstrum,6203_PU_2855,10666.7,13333.3,4.0686,normal,0.718,-0.4374011631819549,0,0.015000000000000003,0.636,-0.4214553693277368,1,-0.01
N15_M01_F10_KI21_3,KI21,real,inner_race,N15_M01_F10,1499.61,cepstrum,6203_PU_2855,12000.0,14000.0,5.2214,normal,0.578,-0.05396764434417894,0,-0.02,0.396,0.35189086539373204,0,0.009999999999999998
N15_M01_F10_KI21_4,KI21,real,inner_race,N15_M01_F10,1499.61,cepstrum,6203_PU_2855,10666.7,13333.3,4.4798,normal,0.37,0.2560809869850846,0,-0.011,0.524,-0.09485305560665426,2,-0.01
N15_M01_F10_KI21_5,KI21,real,inner_race,N15_M01_F10,1499.74,cepstrum,6203_PU_2855,10666.7,13333.3,4.411,normal,0.542,-0.1279021052786291,1,0.016000000000000004,0.61,-0.4274975062437712,1,-0.009000000000000001
N15_M01_F10_KI21_6,KI21,real,inner_race,N15_M01_F10,1499.62,cepstrum,6203_PU_2855,10666.7,13333.3,4.6832,normal,0.296,0.5415028504809533,1,0.014000000000000002,0.556,-0.05217192598761481,2,-0.01
N15_M01_F10_KI21_7,KI21,real,inner_race,N15_M01_F10,1499.55,cepstrum,6203_PU_2855,10666.7,13333.3,4.527,normal,0.228,1.352043918997059,1,0.015000000000000003,0.868,-0.7514549706231766,1,0.011
N15_M01_F10_KI21_8,KI21,real,inner_race,N15_M01_F10,1499.73,cepstrum,6203_PU_2855,10666.7,13333.3,5.3582,normal,0.834,-1.016220852062313,0,-0.0019999999999999983,0.812,-0.7026885191038863,1,-0.009000000000000001
N15_M01_F10_KI21_9,KI21,real,inner_race,N15_M01_F10,1499.58,cepstrum,6203_PU_2855,10666.7,13333.3,4.5157,normal,0.432,0.12522213451874098,1,0.016999999999999998,0.932,-0.9470806464699139,2,-0.01
N15_M07_F04_K001_1,K001,none,normal,N15_M07_F04,1499.56,cepstrum,6203_PU_2905,13333.3,14666.7,2.3677,normal,0.294,1.0350308634434304,0,-0.006999999999999999,0.098,1.5619543828153695,1,0.013000000000000001
N15_M07_F04_K001_10,K001,none,normal,N15_M07_F04,1499.63,cepstrum,6203_PU_2905,13333.3,14666.7,2.8114,normal,0.75,-1.3116112812364888,1,-0.006999999999999999,0.264,0.5956272515999788,1,0.016000000000000004
N15_M07_F04_K001_11,K001,none,normal,N15_M07_F04,1499.55,cepstrum,6203_PU_2905,12000.0,14000.0,2.285,normal,0.584,-0.2006125913540763,1,-0.004,0.088,1.480410517425523,1,0.014000000000000002
N15_M07_F04_K001_12,K001,none,normal,N15_M07_F04,1499.59,cepstrum,6203_PU_2905,10000.0,12000.0,2.1782,normal,0.22,1.2486133243653528,1,-0.006,0.072,1.6681157448882233,2,0.016000000000000004
N15_M07_F04_K001_13,K001,none,normal,N15_M07_F04,1499.62,cepstrum,6203_PU_2905,10666.7,13333.3,2.6543,normal,0.12,3.7441247948795056,1,-0.006,0.286,0.49951020792165235,2,0.014000000000000002
N15_M07_F04_K001_14,K001,none,normal,N15_M07_F04,1499.57,cepstrum,6203_PU_2905,10666.7,13333.3,2.4464,normal,0.218,1.3769508921508893,1,-0.008,0.05,2.0675560665451087,3,0.014000000000000002
N15_M07_F04_K001_15,K001,none,normal,N15_M07_F04,1499.61,cepstrum,6203_PU_2905,10666.7,13333.3,2.6063,normal,0.788,-0.7052256246382939,1,-0.008,0.086,2.404275402672003,1,0.014000000000000002
N15_M07_F04_K001_16,K001,none,normal,N15_M07_F04,1499.61,cepstrum,6203_PU_2905,12000.0,14000.0,2.6292,normal,0.332,0.3615535118763273,1,-0.008,0.64,-0.32202416639174763,2,0.015000000000000003
N15_M07_F04_K001_17,K001,none,normal,N15_M07_F04,1499.58,cepstrum,6203_PU_2905,10666.7,13333.3,2.5369,normal,0.206,0.8566916983435463,1,-0.008,0.144,0.9847993674904945,2,0.015000000000000003
N15_M07_F04_K001_18,K001,none,normal,N15_M07_F04,1499.6,cepstrum,6203_PU_2905,10000.0,12000.0,2.2518,normal,0.124,1.2275729234315742,0,-0.006,0.034,2.3504347563217176,1,0.014000000000000002
N15_M07_F04_K001_19,K001,none,normal,N15_M07_F04,1499.62,cepstrum,6203_PU_2905,10666.7,13333.3,2.5591,normal,0.26,1.0369836125168397,1,-0.006999999999999999,0.388,0.2552080753879654,2,0.014000000000000002
N15_M07_F04_K001_2,K001,none,normal,N15_M07_F04,1499.55,cepstrum,6203_PU_2905,13333.3,14666.7,2.4692,normal,0.166,1.7675674766893006,0,-0.006999999999999999,0.054,2.5064250296780517,1,0.014000000000000002
N15_M07_F04_K001_20,K001,none,normal,N15_M07_F04,1499.61,cepstrum,6203_PU_2905,12000.0,14000.0,2.5984,normal,0.332,0.4231521470787559,0,-0.006999999999999999,0.026,2.3749319290332074,3,0.014000000000000002
N15_M07_F04_K001_3,K001,none,normal,N15_M07_F04,1499.62,cepstrum,6203_PU_2905,12000.0,14000.0,2.1974,normal,0.428,0.1800118610156288,0,-0.006,0.03,3.2327782843004584,3,0.014000000000000002
N15_M07_F04_K001_4,K001,none,normal,N15_M07_F04,1499.62,cepstrum,6203_PU_2905,10666.7,13333.3,2.4342,normal,0.122,3.4042253573286585,2,-0.006,0.056,1.8975020152765465,3,0.014000000000000002
N15_M07_F04_K001_5,K001,none,normal,N15_M07_F04,1499.59,cepstrum,6203_PU_2905,10666.7,13333.3,2.4453,normal,0.118,2.6351033022487385,1,-0.008,0.424,0.30060178699945256,2,0.015000000000000003
N15_M07_F04_K001_6,K001,none,normal,N15_M07_F04,1499.56,cepstrum,6203_PU_2905,10666.7,13333.3,2.3316,normal,0.954,-0.9680416036029794,1,-0.006999999999999999,0.384,0.3616199464427319,2,0.016000000000000004
N15_M07_F04_K001_7,K001,none,normal,N15_M07_F04,1499.63,cepstrum,6203_PU_2905,10666.7,13333.3,2.3883,normal,0.482,0.1285893434879829,1,-0.005000000000000001,0.26,0.5800148160590838,1,0.014000000000000002
N15_M07_F04_K001_8,K001,none,normal,N15_M07_F04,1499.55,cepstrum,6203_PU_2905,10666.7,13333.3,2.2178,normal,0.432,0.5134972370137869,2,-0.005000000000000001,0.888,-1.2138736359573403,1,-0.008
N15_M07_F04_K001_9,K001,none,normal,N15_M07_F04,1499.64,cepstrum,6203_PU_2905,12000.0,14000.0,2.5944,normal,0.702,-0.2093177828395854,0,-0.006,0.204,0.9703494696864716,2,0.015000000000000003
N15_M07_F04_K002_1,K002,none,normal,N15_M07_F04,1499.46,cepstrum,6203_PU_2905,13333.3,14666.7,5.7582,normal,0.73,-0.5200910845104981,0,0.0010000000000000009,0.554,-0.12717280015613114,0,-0.004
N15_M07_F04_K002_10,K002,none,normal,N15_M07_F04,1499.72,cepstrum,6203_PU_2905,10666.7,13333.3,4.3252,normal,0.152,1.7728199240393334,1,-0.008,0.316,0.38633552612513766,2,0.015000000000000003
N15_M07_F04_K002_11,K002,none,normal,N15_M07_F04,1499.15,cepstrum,6203_PU_2905,10666.7,13333.3,6.5578,normal,0.898,-0.8736434071703478,1,-0.006,0.128,1.5018888665382082,1,-0.011
N15_M07_F04_K002_12,K002,none,normal,N15_M07_F04,1499.65,cepstrum,6203_PU_2905,10666.7,13333.3,7.3124,normal,0.534,-0.10935128366518573,1,-0.006,0.764,-0.7538512215107934,2,0.016000000000000004
N15_M07_F04_K002_13,K002,none,normal,N15_M07_F04,1499.59,cepstrum,6203_PU_2905,12000.0,14000.0,5.8818,normal,0.362,0.5921567439058977,1,-0.006999999999999999,0.75,-0.6621303886846199,0,-0.006
N15_M07_F04_K002_14,K002,none,normal,N15_M07_F04,1499.51,cepstrum,6203_PU_2905,13333.3,14666.7,4.3433,normal,0.416,0.4159448352015671,0,-0.006,0.606,-0.26073714814301896,1,-0.012
N15_M07_F04_K002_15,K002,none,normal,N15_M07_F04,1499.55,cepstrum,6203_PU_2905,12000.0,14000.0,4.9511,normal,0.172,1.0557193915304914,1,-0.006,0.41,0.1394653830003736,1,0.015000000000000003
N15_M07_F04_K002_16,K002,none,normal,N15_M07_F04,1499.48,cepstrum,6203_PU_2905,10666.7,13333.3,5.1719,normal,0.568,-0.21684777086228557,1,-0.008,0.806,-0.6996702496020611,0,-0.006
N15_M07_F04_K002_17,K002,none,normal,N15_M07_F04,1499.29,cepstrum,6203_PU_2905,10666.7,13333.3,6.0432,normal,0.68,-0.43208961318406003,0,0.013000000000000001,0.192,1.376446612173307,2,0.015000000000000003
N15_M07_F04_K002_18,K002,none,normal,N15_M07_F04,1498.8,cepstrum,6203_PU_2905,13333.3,14666.7,4.2659,normal,0.536,-0.08688310367379987,1,-0.006,0.178,1.157755280621852,2,0.016000000000000004
N15_M07_F04_K002_19,K002,none,normal,N15_M07_F04,1500.16,cepstrum,6203_PU_2905,10666.7,13333.3,8.1913,normal,0.286,0.659565694957406,1,-0.008,0.432,0.245266190593881,0,-0.006
N15_M07_F04_K002_2,K002,none,normal,N15_M07_F04,1499.59,cepstrum,6203_PU_2905,10666.7,13333.3,4.8445,normal,0.512,-0.008684452542634235,1,-0.006,0.648,-0.3959603059186956,2,0.011
N15_M07_F04_K002_20,K002,none,normal,N15_M07_F04,1500.35,cepstrum,6203_PU_2905,10666.7,13333.3,4.7416,normal,0.47,0.01030115199273238,0,0.009000000000000001,0.266,0.7803617859945576,2,0.013000000000000001
N15_M07_F04_K002_3,K002,none,normal,N15_M07_F04,1499.49,cepstrum,6203_PU_2905,12000.0,14000.0,5.0673,normal,0.402,0.4156466574008384,1,-0.006999999999999999,0.296,0.6748290576116373,1,0.015000000000000003
N15_M07_F04_K002_4,K002,none,normal,N15_M07_F04,1499.84,cepstrum,6203_PU_2905,12000.0,14000.0,5.1094,normal,0.26,1.1240590211165076,1,-0.008,0.202,1.616120315697216,2,0.014000000000000002
N15_M07_F04_K002_5,K002,none,normal,N15_M07_F04,1499.88,cepstrum,6203_PU_2905,10666.7,13333.3,6.3152,normal,0.796,-0.4947118514785852,0,0.015000000000000003,0.824,-0.800332454810306,1,-0.005000000000000001
N15_M07_F04_K002_6,K002,none,normal,N15_M07_F04,1499.37,cepstrum,6203_PU_2905,10666.7,13333.3,6.8663,normal,0.722,-0.9963086168225754,0,-0.006999999999999999,0.69,-0.5373819800099978,3,0.015000000000000003
N15_M07_F04_K002_7,K002,none,normal,N15_M07_F04,1499.54,cepstrum,6203_PU_2905,13333.3,14666.7,7.8652,normal,0.704,-0.35709754051184356,0,-0.006,0.418,0.18941089356565297,0,-0.006
N15_M07_F04_K002_8,K002,none,normal,N15_M07_F04,1499.54,cepstrum,6203_PU_2905,10666.7,13333.3,5.6833,normal,0.5,0.28765321081095563,1,-0.005000000000000001,0.086,2.2850542329483448,3,0.016000000000000004
N15_M07_F04_K002_9,K002,none,normal,N15_M07_F04,1499.69,cepstrum,6203_PU_2905,8000.0,12000.0,5.6957,normal,0.774,-0.6238263271302311,1,-0.006,0.394,0.3753620325958633,2,0.016000000000000004
N15_M07_F04_K003_1,K003,none,normal,N15_M07_F04,1499.61,cepstrum,6203_PU_2905,12000.0,13333.3,2.7277,normal,0.156,1.9064438629634604,1,-0.006,0.224,0.5644397788708462,2,0.015000000000000003
N15_M07_F04_K003_10,K003,none,normal,N15_M07_F04,1499.59,cepstrum,6203_PU_2905,10666.7,13333.3,2.3139,normal,0.508,-0.004532301791482067,1,-0.006,0.196,0.867187678774564,2,0.014000000000000002
N15_M07_F04_K003_11,K003,none,normal,N15_M07_F04,1499.56,cepstrum,6203_PU_2905,10666.7,13333.3,2.6429,normal,0.124,3.022117334909613,1,-0.006999999999999999,0.336,0.9127709118425819,3,0.014000000000000002
N15_M07_F04_K003_12,K003,none,normal,N15_M07_F04,1499.64,cepstrum,6203_PU_2905,12000.0,14000.0,2.5092,normal,0.36,0.4332234026279792,0,-0.006,0.486,0.06082142107148888,2,0.015000000000000003
N15_M07_F04_K003_13,K003,none,normal,N15_M07_F04,1499.59,cepstrum,6203_PU_2905,13333.3,14666.7,2.6173,normal,0.122,2.029348640791291,2,-0.005000000000000001,0.118,1.5818561027126785,3,0.014000000000000002
N15_M07_F04_K003_14,K003,none,normal,N15_M07_F04,1499.56,cepstrum,6203_PU_2905,12000.0,14000.0,2.9886,normal,0.128,0.9493349608624164,1,-0.006999999999999999,0.026,2.877764334954096,3,0.014000000000000002
N15_M07_F04_K003_15,K003,none,normal,N15_M07_F04,1499.64,cepstrum,6203_PU_2905,10666.7,13333.3,2.5894,normal,0.688,-0.4170167061453028,0,0.009999999999999998,0.266,0.5636891177849448,2,0.014000000000000002
N15_M07_F04_K003_16,K003,none,normal,N15_M07_F04,1499.63,cepstrum,6203_PU_2905,5333.3,10666.7,2.3402,normal,0.546,-0.2062869634873098,1,-0.006999999999999999,0.786,-0.8814195219690633,0,0.0010000000000000009
N15_M07_F04_K003_17,K003,none,normal,N15_M07_F04,1499.5,cepstrum,6203_PU_2905,10666.7,13333.3,2.4709,normal,0.224,3.5289207828579734,1,-0.005000000000000001,0.384,0.382557526494156,3,0.014000000000000002
N15_M07_F04_K003_18,K003,none,normal,N15_M07_F04,1499.63,cepstrum,6203_PU_2905,10666.7,13333.3,2.1614,normal,0.388,0.38597229139490496,1,-0.006,0.172,1.130996005636346,2,0.014000000000000002
N15_M07_F04_K003_19,K003,none,normal,N15_M07_F04,1499.6,cepstrum,6203_PU_2905,10666.7,13333.3,2.6328,normal,0.502,-0.01670884486535274,1,-0.006,0.122,1.4844487135181885,2,0.014000000000000002
N15_M07_F04_K003_2,K003,none,normal,N15_M07_F04,1499.68,cepstrum,6203_PU_2905,5333.3,10666.7,2.3162,normal,0.516,-0.15344620427143546,1,-0.006999999999999999,0.294,0.4628618743371153,4,0.014000000000000002
N15_M07_F04_K003_20,K003,none,normal,N15_M07_F04,1499.63,cepstrum,6203_PU_2905,12000.0,13333.3,2.4637,normal,0.166,2.942817422446381,1,-0.008,0.096,1.8505889301568612,1,0.013000000000000001
N15_M07_F04_K003_3,K003,none,normal,N15_M07_F04,1499.66,cepstrum,6203_PU_2905,10666.7,13333.3,2.2701,normal,0.254,0.9070003826024852,1,-0.006,0.054,1.9720425531648182,3,0.014000000000000002
N15_M07_F04_K003_4,K003,none,normal,N15_M07_F04,1499.57,cepstrum,6203_PU_2905,10000.0,12000.0,2.3736,normal,0.638,-0.3988402151383585,1,-0.006999999999999999,0.16,0.7712336674725884,1,0.019
N15_M07_F04_K003_5,K003,none,normal,N15_M07_F04,1499.59,cepstrum,6203_PU_2905,10666.7,13333.3,2.6434,normal,0.546,-0.12161530486833491,1,-0.006999999999999999,0.056,1.324747405473795,3,0.015000000000000003
N15_M07_F04_K003_6,K003,none,normal,N15_M07_F04,1499.55,cepstrum,6203_PU_2905,10666.7,13333.3,2.1931,normal,0.236,0.7462259713752131,1,-0.006999999999999999,0.236,0.7892045973375694,1,0.015000000000000003
N15_M07_F04_K003_7,K003,none,normal,N15_M07_F04,1499.59,cepstrum,6203_PU_2905,10666.7,13333.3,2.4163,normal,0.218,1.0850216822690504,1,-0.005000000000000001,0.19,0.7698421915504159,1,0.018
N15_M07_F04_K003_8,K003,none,normal,N15_M07_F04,1499.69,cepstrum,6203_PU_2905,10666.7,13333.3,2.4401,normal,0.164,2.243286367406148,1,-0.006999999999999999,0.232,0.8959401200146677,2,0.015000000000000003
N15_M07_F04_K003_9,K003,none,normal,N15_M07_F04,1499.65,cepstrum,6203_PU_2905,8000.0,12000.0,2.4074,normal,0.116,2.044962285001323,1,-0.006999999999999999,0.23,0.7741903091541856,3,0.014000000000000002
N15_M07_F04_K004_1,K004,none,normal,N15_M07_F04,1499.58,cepstrum,6203_PU_2905,12000.0,14000.0,2.3096,normal,0.39,0.12069800696449635,0,-0.006999999999999999,0.232,0.8529806650379365,2,0.014000000000000002
N15_M07_F04_K004_10,K004,none,normal,N15_M07_F04,1499.61,cepstrum,6203_PU_2905,12000.0,14000.0,2.2608,normal,0.26,1.2518583595948642,1,-0.006,0.348,0.3580231932293322,1,0.014000000000000002
N15_M07_F04_K004_11,K004,none,normal,N15_M07_F04,1499.63,cepstrum,6203_PU_2905,12000.0,14000.0,2.8556,normal,0.498,0.019079092307596995,0,0.009000000000000001,0.346,0.42656735644247407,1,0.014000000000000002
N15_M07_F04_K004_12,K004,none,normal,N15_M07_F04,1499.53,cepstrum,6203_PU_2905,12000.0,14000.0,2.3315,normal,0.718,-0.31412952475833306,0,-0.009000000000000001,0.082,1.6469584880704797,2,0.014000000000000002
N15_M07_F04_K004_13,K004,none,normal,N15_M07_F04,1499.53,cepstrum,6203_PU_2905,13333.3,14666.7,2.0427,normal,0.694,-0.722938764870504,0,-0.006,0.292,0.7727343978849095,2,0.015000000000000003
N15_M07_F04_K004_14,K004,none,normal,N15_M07_F04,1499.53,cepstrum,6203_PU_2905,12000.0,14000.0,2.2286,normal,0.204,1.5938782874899873,0,-0.006,0.47,0.08718144080383543,2,0.019
N15_M07_F04_K004_15,K004,none,normal,N15_M07_F04,1499.61,cepstrum,6203_PU_2905,12000.0,14000.0,2.5851,normal,0.254,0.8416676101919686,1,-0.006,0.284,0.4383561138116485,2,0.014000000000000002
N15_M07_F04_K004_16,K004,none,normal,N15_M07_F04,1499.62,cepstrum,6203_PU_2905,12000.0,14000.0,2.0666,normal,0.162,1.2939935067279005,1,-0.009000000000000001,0.174,0.8502399505923746,1,0.014000000000000002
N15_M07_F04_K004_17,K004,none,normal,N15_M07_F04,1499.59,cepstrum,6203_PU_2905,13333.3,14666.7,1.9572,normal,0.41,0.4347948134398955,0,0.015000000000000003,0.002,1.926618606656954,1,0.013000000000000001
N15_M07_F04_K004_18,K004,none,normal,N15_M07_F04,1499.68,cepstrum,6203_PU_2905,12000.0,14000.0,2.1702,normal,0.468,0.19244522179495552,0,-0.006,0.17,0.7395470024710049,1,0.014000000000000002
N15_M07_F04_K004_19,K004,none,normal,N15_M07_F04,1499.57,cepstrum,6203_PU_2905,13333.3,14666.7,2.7014,normal,0.144,1.9075160065177512,0,-0.006999999999999999,0.904,-0.8229488344094247,0,0.009000000000000001
N15_M07_F04_K004_2,K004,none,normal,N15_M07_F04,1499.62,cepstrum,6203_PU_2905,10666.7,13333.3,2.2078,normal,0.332,0.5759288967782152,0,-0.006,0.25,0.5801021986970921,3,0.015000000000000003
N15_M07_F04_K004_20,K004,none,normal,N15_M07_F04,1499.62,cepstrum,6203_PU_2905,12000.0,14000.0,2.5884,normal,0.22,1.9605642631047653,1,-0.006,0.3,0.4994057987863574,2,0.013000000000000001
N15_M07_F04_K004_3,K004,none,normal,N15_M07_F04,1499.58,cepstrum,6203_PU_2905,10666.7,13333.3,1.893,normal,0.73,-0.3921248520615388,0,-0.006,0.414,0.22693452725889154,0,-0.005000000000000001
N15_M07_F04_K004_4,K004,none,normal,N15_M07_F04,1499.6,cepstrum,6203_PU_2905,12000.0,14000.0,2.362,normal,0.33,0.39306799568895723,1,-0.006999999999999999,0.476,0.12158558002806717,3,0.014000000000000002
N15_M07_F04_K004_5,K004,none,normal,N15_M07_F04,1499.61,cepstrum,6203_PU_2905,13333.3,14666.7,2.5164,normal,0.272,0.8279285210065073,0,-0.006999999999999999,0.226,0.9499053515084727,3,0.015000000000000003
N15_M07_F04_K004_6,K004,none,normal,N15_M07_F04,1499.6,cepstrum,6203_PU_2905,12000.0,14000.0,2.1503,normal,0.626,-0.28343678304734593,0,-0.008,0.002,2.9666113060950567,1,0.014000000000000002
N15_M07_F04_K004_7,K004,none,normal,N15_M07_F04,1499.55,cepstrum,6203_PU_2905,10666.7,13333.3,2.2759,normal,0.222,1.7141020745305167,1,-0.006,0.128,1.8273763162539725,1,0.015000000000000003
N15_M07_F04_K004_8,K004,none,normal,N15_M07_F04,1499.61,cepstrum,6203_PU_2905,10666.7,13333.3,1.9245,normal,0.612,-0.4737310572448777,0,-0.006,0.222,1.308412636119102,1,0.014000000000000002
N15_M07_F04_K004_9,K004,none,normal,N15_M07_F04,1499.61,cepstrum,6203_PU_2905,13333.3,14666.7,2.2134,normal,0.186,1.6416633738391317,0,-0.006,0.698,-0.5521889724347251,0,-0.012
N15_M07_F04_K005_1,K005,none,normal,N15_M07_F04,1499.72,cepstrum,6203_PU_2905,12000.0,14000.0,2.3404,normal,0.348,0.494639229241195,0,0.009999999999999998,0.17,0.9512689681450012,1,-0.005000000000000001
N15_M07_F04_K005_10,K005,none,normal,N15_M07_F04,1499.63,cepstrum,6203_PU_2905,12000.0,14000.0,2.0936,normal,0.518,-0.37978465141616297,0,-0.008,0.476,0.05352085964645259,1,-0.008
N15_M07_F04_K005_11,K005,none,normal,N15_M07_F04,1499.59,cepstrum,6203_PU_2905,13333.3,14666.7,1.7853,normal,0.796,-0.5006549151317649,0,0.019,0.744,-0.6501034501101329,0,0.014000000000000002
N15_M07_F04_K005_12,K005,none,normal,N15_M07_F04,1499.6,cepstrum,6203_PU_2905,13333.3,14666.7,0.8261,normal,0.786,-0.8650987022329766,0,0.015000000000000003,0.056,2.761488965494837,0,0.014000000000000002
N15_M07_F04_K005_13,K005,none,normal,N15_M07_F04,1499.61,cepstrum,6203_PU_2905,13333.3,14666.7,1.0273,normal,0.322,0.4162984818109803,0,-0.006,0.896,-1.058328816808927,0,0.014000000000000002
N15_M07_F04_K005_14,K005,none,normal,N15_M07_F04,1499.65,cepstrum,6203_PU_2905,12000.0,14000.0,0.8919,normal,0.318,0.8440614135369157,0,0.015000000000000003,0.762,-0.6047344640812992,0,0.016000000000000004
N15_M07_F04_K005_15,K005,none,normal,N15_M07_F04,1499.61,cepstrum,6203_PU_2905,13333.3,14666.7,1.6901,normal,0.796,-0.6732788890832245,0,-0.006999999999999999,0.876,-0.915727835728872,0,-0.014
N15_M07_F04_K005_16,K005,none,normal,N15_M07_F04,1499.59,cepstrum,6203_PU_2905,12000.0,14000.0,1.1628,normal,1.0,-1.535324243046529,0,0.016999999999999998,0.362,0.3676858285552761,2,0.014000000000000002
N15_M07_F04_K005_17,K005,none,normal,N15_M07_F04,1499.59,cepstrum,6203_PU_2905,13333.3,14666.7,1.1186,normal,0.686,-0.44392792262087605,0,-0.008,0.144,1.0880713019687822,0,0.014000000000000002
N15_M07_F04_K005_18,K005,none,normal,N15_M07_F04,1499.62,cepstrum,6203_PU_2905,13333.3,14666.7,2.4917,normal,0.872,-1.0691942591801156,0,0.019,0.464,0.21197424356822575,0,0.014000000000000002
N15_M07_F04_K005_19,K005,none,normal,N15_M07_F04,1499.64,cepstrum,6203_PU_2905,12000.0,14000.0,1.924,normal,0.228,1.5109550835456234,0,0.004,0.814,-0.8537456863959145,0,-0.006
N15_M07_F04_K005_2,K005,none,normal,N15_M07_F04,1499.62,cepstrum,6203_PU_2905,13333.3,14666.7,2.5413,normal,0.254,1.220968797917701,0,-0.006,0.48,0.038038762546295506,2,0.013000000000000001
N15_M07_F04_K005_20,K005,none,normal,N15_M07_F04,1499.59,cepstrum,6203_PU_2905,13333.3,14666.7,1.8375,normal,1.0,-1.0834112806419782,0,0.0010000000000000009,0.528,-0.056443860900430985,1,-0.014
N15_M07_F04_K005_3,K005,none,normal,N15_M07_F04,1499.56,cepstrum,6203_PU_2905,12000.0,14000.0,2.3674,normal,0.98,-2.0900593970143717,0,-0.005000000000000001,0.152,1.8737823427683933,2,0.013000000000000001
N15_M07_F04_K005_4,K005,none,normal,N15_M07_F04,1499.63,cepstrum,6203_PU_2905,12000.0,14000.0,1.8031,normal,0.264,0.4485790200236213,0,-0.004,0.246,0.7817770401821545,1,0.012
N15_M07_F04_K005_5,K005,none,normal,N15_M07_F04,1499.62,cepstrum,6203_PU_2905,13333.3,14666.7,1.8827,normal,0.872,-2.0029577055897825,0,0.02,0.118,2.4398998354351584,0,0.015000000000000003
N15_M07_F04_K005_6,K005,none,normal,N15_M07_F04,1499.66,cepstrum,6203_PU_2905,12000.0,14000.0,2.0219,normal,0.726,-0.46176429777923683,0,-0.02,0.206,0.7054041402631408,1,0.013000000000000001
N15_M07_F04_K005_7,K005,none,normal,N15_M07_F04,1499.65,cepstrum,6203_PU_2905,13333.3,14666.7,1.7906,normal,0.974,-1.0653706613295604,0,0.0,0.002,3.295753548951723,1,-0.006
N15_M07_F04_K005_8,K005,none,normal,N15_M07_F04,1499.58,cepstrum,6203_PU_2905,12000.0,13333.3,2.1549,normal,0.448,0.2580310300399424,0,-0.005000000000000001,0.49,0.04339678316183856,2,0.014000000000000002
N15_M07_F04_K005_9,K005,none,normal,N15_M07_F04,1499.63,cepstrum,6203_PU_2905,13333.3,14666.7,2.071,inner_race,0.894,-1.6153865556877356,0,-0.006999999999999999,0.012,2.401465096370229,2,0.014000000000000002
N15_M07_F04_K006_1,K006,none,normal,N15_M07_F04,1499.61,cepstrum,6203_PU_2905,10666.7,13333.3,1.6542,normal,0.426,0.019519017583284753,0,-0.004,0.26,0.7385860417261364,1,0.014000000000000002
N15_M07_F04_K006_10,K006,none,normal,N15_M07_F04,1499.69,cepstrum,6203_PU_2905,10666.7,13333.3,2.3617,normal,0.794,-0.5077015283247127,0,0.016000000000000004,0.238,0.6465888400553904,1,0.015000000000000003
N15_M07_F04_K006_11,K006,none,normal,N15_M07_F04,1499.58,cepstrum,6203_PU_2905,10666.7,13333.3,2.371,normal,0.544,-0.17048531933951705,1,-0.006,0.112,2.5605819948065136,2,0.015000000000000003
N15_M07_F04_K006_12,K006,none,normal,N15_M07_F04,1499.57,cepstrum,6203_PU_2905,10666.7,13333.3,2.2465,normal,0.486,0.04469861345691569,0,-0.006999999999999999,0.448,0.2179903681275956,2,0.014000000000000002
N15_M07_F04_K006_13,K006,none,normal,N15_M07_F04,1499.54,cepstrum,6203_PU_2905,10666.7,13333.3,2.1419,normal,0.386,0.30534902034636824,0,0.015000000000000003,0.556,-0.13533362028625537,2,0.014000000000000002
N15_M07_F04_K006_14,K006,none,normal,N15_M07_F04,1499.63,cepstrum,6203_PU_2905,12000.0,14000.0,2.2721,normal,0.226,1.3605567100948128,0,-0.006,0.594,-0.28231896840830584,2,0.015000000000000003
N15_M07_F04_K006_15,K006,none,normal,N15_M07_F04,1499.64,cepstrum,6203_PU_2905,10666.7,13333.3,2.5118,normal,0.206,1.1849836867317454,1,0.011,0.236,0.8869562908526437,1,0.014000000000000002
N15_M07_F04_K006_16,K006,none,normal,N15_M07_F04,1499.57,cepstrum,6203_PU_2905,12000.0,14000.0,2.2101,normal,0.546,-0.04524691382893855,1,-0.006999999999999999,0.368,0.48979158435879455,2,0.014000000000000002
N15_M07_F04_K006_17,K006,none,normal,N15_M07_F04,1499.59,cepstrum,6203_PU_2905,12000.0,13333.3,2.2723,normal,0.138,1.4920775574996263,0,-0.006999999999999999,0.19,0.7553923816644217,2,0.014000000000000002
N15_M07_F04_K006_18,K006,none,normal,N15_M07_F04,1499.62,cepstrum,6203_PU_2905,10666.7,13333.3,2.3285,normal,0.146,1.6421165125921897,0,0.015000000000000003,0.222,0.8954797205606927,0,-0.005000000000000001
N15_M07_F04_K006_19,K006,none,normal,N15_M07_F04,1499.55,cepstrum,6203_PU_2905,12000.0,14000.0,2.4881,normal,0.248,0.5307390315067877,0,-0.008,0.458,0.03244720646936626,1,0.019
N15_M07_F04_K006_2,K006,none,normal,N15_M07_F04,1499.63,cepstrum,6203_PU_2905,13333.3,14666.7,2.1289,normal,0.92,-0.803103083314138,0,0.015000000000000003,0.188,0.9360714333217545,2,0.014000000000000002
N15_M07_F04_K006_20,K006,none,normal,N15_M07_F04,1499.63,cepstrum,6203_PU_2905,8000.0,9333.3,2.3115,normal,0.554,-0.10642438845881182,0,-0.006,0.412,0.23711685739025679,1,0.013000000000000001
N15_M07_F04_K006_3,K006,none,normal,N15_M07_F04,1499.56,cepstrum,6203_PU_2905,10666.7,13333.3,2.474,normal,0.204,1.1797641906238552,0,-0.008,0.684,-0.5090804012409677,3,0.015000000000000003
N15_M07_F04_K006_4,K006,none,normal,N15_M07_F04,1499.61,cepstrum,6203_PU_2905,10666.7,13333.3,2.3059,normal,0.478,0.039337818102360214,1,-0.006999999999999999,0.26,0.6338097428844096,2,0.014000000000000002
N15_M07_F04_K006_5,K006,none,normal,N15_M07_F04,1499.59,cepstrum,6203_PU_2905,10666.7,13333.3,2.408,normal,0.576,-0.22295765716406585,0,-0.008,0.368,0.4333360122145142,2,0.016000000000000004
N15_M07_F04_K006_6,K006,none,normal,N15_M07_F04,1499.63,cepstrum,6203_PU_2905,10666.7,13333.3,2.3591,normal,0.488,0.12255427355434224,1,-0.006,0.07,2.106545003988495,1,0.015000000000000003
N15_M07_F04_K006_7,K006,none,normal,N15_M07_F04,1499.57,cepstrum,6203_PU_2905,10666.7,13333.3,2.3284,normal,0.774,-0.8115537754229692,0,0.009000000000000001,0.664,-0.4015817851556306,2,0.013000000000000001
N15_M07_F04_K006_8,K006,none,normal,N15_M07_F04,1499.61,cepstrum,6203_PU_2905,10666.7,13333.3,2.4703,normal,0.418,0.49056959428685726,0,-0.002999999999999999,0.038,1.2079579648482812,2,0.014000000000000002
N15_M07_F04_K006_9,K006,none,normal,N15_M07_F04,1499.61,cepstrum,6203_PU_2905,10666.7,13333.3,2.393,normal,0.236,0.8870060451049646,1,-0.008,0.878,-0.9261216703196622,1,0.013000000000000001
N15_M07_F04_KA01_1,KA01,artificial,outer_race,N15_M07_F04,1499.52,cepstrum,6203_PU_2905,8000.0,12000.0,13.5512,outer_race,0.002,10.859022983341012,5,-0.002999999999999999,0.832,-0.8023084488382577,2,-0.013000000000000001
N15_M07_F04_KA01_10,KA01,artificial,outer_race,N15_M07_F04,1499.45,cepstrum,6203_PU_2905,10000.0,12000.0,12.1117,outer_race,0.002,19.211598026521354,5,-0.004,0.69,-0.4020804580881898,3,-0.005000000000000001
N15_M07_F04_KA01_11,KA01,artificial,outer_race,N15_M07_F04,1499.57,cepstrum,6203_PU_2905,10000.0,12000.0,11.9138,outer_race,0.002,12.477059009628793,5,-0.002999999999999999,0.542,-0.20330969024483447,2,-0.014
N15_M07_F04_KA01_12,KA01,artificial,outer_race,N15_M07_F04,1499.97,cepstrum,6203_PU_2905,10000.0,12000.0,11.3365,outer_race,0.002,8.036742809472193,5,-0.005000000000000001,0.698,-0.4552811818325712,4,-0.015
N15_M07_F04_KA01_13,KA01,artificial,outer_race,N15_M07_F04,1500.43,cepstrum,6203_PU_2905,10000.0,12000.0,11.7235,outer_race,0.002,10.17909000108028,5,-0.005000000000000001,0.692,-0.5023277271046359,5,-0.014
N15_M07_F04_KA01_14,KA01,artificial,outer_race,N15_M07_F04,1499.54,cepstrum,6203_PU_2905,10000.0,12000.0,11.1935,outer_race,0.002,16.428887645059493,5,-0.004,0.746,-0.653255289384511,2,-0.015
N15_M07_F04_KA01_15,KA01,artificial,outer_race,N15_M07_F04,1499.48,cepstrum,6203_PU_2905,10000.0,12000.0,11.7824,outer_race,0.002,10.1946749414137,5,-0.004,0.798,-0.9482685569775345,3,-0.004
N15_M07_F04_KA01_16,KA01,artificial,outer_race,N15_M07_F04,1499.41,cepstrum,6203_PU_2905,10000.0,12000.0,11.9191,outer_race,0.002,10.97406382053848,5,-0.002999999999999999,0.75,-0.7056285321678606,3,-0.005000000000000001
N15_M07_F04_KA01_17,KA01,artificial,outer_race,N15_M07_F04,1499.67,cepstrum,6203_PU_2905,10000.0,12000.0,12.255,outer_race,0.002,14.242548897942454,5,-0.002999999999999999,0.52,-0.05550194539677874,3,-0.006
N15_M07_F04_KA01_18,KA01,artificial,outer_race,N15_M07_F04,1499.82,cepstrum,6203_PU_2905,10000.0,12000.0,12.2092,outer_race,0.002,15.01354857954664,5,-0.004,0.672,-0.3816784767071963,3,-0.015
N15_M07_F04_KA01_19,KA01,artificial,outer_race,N15_M07_F04,1499.45,cepstrum,6203_PU_2905,10000.0,12000.0,11.7544,outer_race,0.002,10.118632533068476,5,-0.004,0.56,-0.10170414626523668,3,-0.005000000000000001
N15_M07_F04_KA01_2,KA01,artificial,outer_race,N15_M07_F04,1499.96,cepstrum,6203_PU_2905,8000.0,12000.0,12.9724,outer_race,0.002,10.851911920249117,5,-0.004,0.642,-0.49079755754102067,3,-0.005000000000000001
N15_M07_F04_KA01_20,KA01,artificial,outer_race,N15_M07_F04,1499.88,cepstrum,6203_PU_2905,10000.0,12000.0,11.254,outer_race,0.002,9.688762986483946,5,-0.004,0.738,-0.5643849647817583,3,-0.006
N15_M07_F04_KA01_3,KA01,artificial,outer_race,N15_M07_F04,1499.08,cepstrum,6203_PU_2905,8000.0,12000.0,12.1598,outer_race,0.002,14.822907305496798,5,-0.005000000000000001,0.698,-0.6362204247373153,2,-0.006
N15_M07_F04_KA01_4,KA01,artificial,outer_race,N15_M07_F04,1499.31,cepstrum,6203_PU_2905,10000.0,12000.0,12.43,outer_race,0.002,10.794568752272717,5,-0.004,0.824,-0.7317853045700012,3,-0.015
N15_M07_F04_KA01_5,KA01,artificial,outer_race,N15_M07_F04,1499.09,cepstrum,6203_PU_2905,10000.0,12000.0,11.9867,outer_race,0.002,20.378424911797683,5,-0.002999999999999999,0.676,-0.46699423854572447,2,-0.013000000000000001
N15_M07_F04_KA01_6,KA01,artificial,outer_race,N15_M07_F04,1499.32,cepstrum,6203_PU_2905,10000.0,12000.0,10.8332,outer_race,0.002,12.018394453422163,5,-0.004,0.778,-0.4862546495194136,3,-0.015
N15_M07_F04_KA01_7,KA01,artificial,outer_race,N15_M07_F04,1499.68,cepstrum,6203_PU_2905,8000.0,12000.0,11.352,outer_race,0.002,8.627307798540368,5,-0.002999999999999999,0.644,-0.444548695039958,2,-0.015
N15_M07_F04_KA01_8,KA01,artificial,outer_race,N15_M07_F04,1499.65,cepstrum,6203_PU_2905,10000.0,12000.0,11.2295,outer_race,0.002,16.063938221775338,5,-0.002999999999999999,0.722,-0.457324919291528,3,-0.006
N15_M07_F04_KA01_9,KA01,artificial,outer_race,N15_M07_F04,1498.82,cepstrum,6203_PU_2905,10000.0,12000.0,11.4835,outer_race,0.002,14.272723671415314,5,-0.004,0.588,-0.3568480990206357,5,-0.015
N15_M07_F04_KA03_1,KA03,artificial,outer_race,N15_M07_F04,1499.71,cepstrum,6203_PU_2905,12000.0,14000.0,3.0445,normal,0.772,-0.8642016813756214,0,0.011,0.324,0.7207136342869195,1,0.015000000000000003
N15_M07_F04_KA03_10,KA03,artificial,outer_race,N15_M07_F04,1499.35,cepstrum,6203_PU_2905,12000.0,14000.0,3.6389,normal,0.27,0.6116521579810941,0,0.011,0.764,-0.687739450287933,0,0.008
N15_M07_F04_KA03_11,KA03,artificial,outer_race,N15_M07_F04,1499.67,cepstrum,6203_PU_2905,13333.3,14666.7,3.3974,normal,0.394,0.19181897551698673,0,0.008,0.508,-0.019868351496303588,0,0.014000000000000002
N15_M07_F04_KA03_12,KA03,artificial,outer_race,N15_M07_F04,1499.56,cepstrum,6203_PU_2905,13333.3,14666.7,3.2621,normal,0.746,-0.6359869557842521,0,-0.016,0.738,-0.5919248372373195,0,0.014000000000000002
N15_M07_F04_KA03_13,KA03,artificial,outer_race,N15_M07_F04,1500.07,cepstrum,6203_PU_2905,12000.0,14000.0,4.3292,normal,0.812,-0.6696426217941616,0,-0.006999999999999999,0.936,-1.2205748010633883,1,-0.006
N15_M07_F04_KA03_14,KA03,artificial,outer_race,N15_M07_F04,1499.59,cepstrum,6203_PU_2905,12000.0,14000.0,3.6286,normal,0.758,-0.8058874861472785,1,0.016999999999999998,0.462,0.07770701751441023,1,0.018
N15_M07_F04_KA03_15,KA03,artificial,outer_race,N15_M07_F04,1499.88,cepstrum,6203_PU_2905,12000.0,14000.0,3.8562,normal,0.506,-0.004774425962629655,0,-0.004,0.522,-0.040397136741167385,1,0.0010000000000000009
N15_M07_F04_KA03_16,KA03,artificial,outer_race,N15_M07_F04,1499.62,cepstrum,6203_PU_2905,13333.3,14666.7,3.8703,normal,0.414,0.3775833591197488,0,0.008,0.506,-0.016547521243381776,0,0.014000000000000002
N15_M07_F04_KA03_17,KA03,artificial,outer_race,N15_M07_F04,1499.57,cepstrum,6203_PU_2905,12000.0,14000.0,4.5375,normal,0.34,0.5559406045382418,0,0.011,0.944,-0.9608191983418116,1,-0.013000000000000001
N15_M07_F04_KA03_18,KA03,artificial,outer_race,N15_M07_F04,1499.54,cepstrum,6203_PU_2905,13333.3,14666.7,3.8546,normal,0.358,0.23434343887881615,0,0.009999999999999998,0.46,0.0660595595255285,1,-0.013000000000000001
N15_M07_F04_KA03_19,KA03,artificial,outer_race,N15_M07_F04,1499.66,cepstrum,6203_PU_2905,13333.3,14666.7,3.8243,normal,0.492,0.012669839638565468,0,-0.016,0.778,-0.6912667722227678,1,-0.013000000000000001
N15_M07_F04_KA03_2,KA03,artificial,outer_race,N15_M07_F04,1499.66,cepstrum,6203_PU_2905,13333.3,14666.7,3.9646,normal,0.6,-0.20688171986671666,0,0.009999999999999998,0.532,-0.050053344600757735,0,0.011
N15_M07_F04_KA03_20,KA03,artificial,outer_race,N15_M07_F04,1499.79,cepstrum,6203_PU_2905,13333.3,14666.7,4.6871,normal,0.218,0.888676803811367,0,0.006999999999999999,0.532,-0.12084526718443946,0,0.009000000000000001
N15_M07_F04_KA03_3,KA03,artificial,outer_race,N15_M07_F04,1499.64,cepstrum,6203_PU_2905,12000.0,14000.0,4.4594,normal,0.912,-1.170038766850596,0,0.009000000000000001,0.56,-0.18203744248923873,0,0.014000000000000002
N15_M07_F04_KA03_4,KA03,artificial,outer_race,N15_M07_F04,1499.6,cepstrum,6203_PU_2905,13333.3,14666.7,3.767,normal,0.856,-1.0167307429921524,0,-0.02,0.696,-0.40342866457462284,0,-0.009000000000000001
N15_M07_F04_KA03_5,KA03,artificial,outer_race,N15_M07_F04,1499.67,cepstrum,6203_PU_2905,13333.3,14666.7,3.6939,normal,0.486,0.08883000224126301,0,0.009000000000000001,0.638,-0.5464659508136461,1,-0.005000000000000001
N15_M07_F04_KA03_6,KA03,artificial,outer_race,N15_M07_F04,1499.51,cepstrum,6203_PU_2905,12000.0,14000.0,3.508,normal,0.83,-0.6587813836493885,0,0.015000000000000003,0.604,-0.3117431173504033,1,-0.006
N15_M07_F04_KA03_7,KA03,artificial,outer_race,N15_M07_F04,1499.53,cepstrum,6203_PU_2905,12000.0,14000.0,3.6931,normal,0.726,-0.3731934505161049,0,0.009000000000000001,0.558,-0.07461895945158972,1,-0.006
N15_M07_F04_KA03_8,KA03,artificial,outer_race,N15_M07_F04,1499.34,cepstrum,6203_PU_2905,13333.3,14666.7,3.4126,normal,0.642,-0.31205444605158594,0,0.015000000000000003,0.49,0.14751485256568592,0,0.019
N15_M07_F04_KA03_9,KA03,artificial,outer_race,N15_M07_F04,1499.69,cepstrum,6203_PU_2905,12000.0,14000.0,3.6261,normal,0.708,-0.813452839455722,0,0.016000000000000004,0.884,-0.9252369491369486,0,0.015000000000000003
N15_M07_F04_KA04_1,KA04,real,outer_race,N15_M07_F04,1499.57,cepstrum,6203_PU_2855,12000.0,14000.0,3.3044,normal,0.732,-0.7574554483967164,0,0.014000000000000002,0.768,-0.8246354855018438,0,0.011
N15_M07_F04_KA04_10,KA04,real,outer_race,N15_M07_F04,1499.56,cepstrum,6203_PU_2855,12000.0,14000.0,2.5851,normal,0.718,-0.6205047553749948,0,0.015000000000000003,0.96,-1.0677408520818774,1,-0.0019999999999999983
N15_M07_F04_KA04_11,KA04,real,outer_race,N15_M07_F04,1499.6,cepstrum,6203_PU_2855,12000.0,14000.0,2.428,normal,0.506,-0.08139231400012922,0,-0.0010000000000000009,0.784,-0.6727161502004912,0,0.015000000000000003
N15_M07_F04_KA04_12,KA04,real,outer_race,N15_M07_F04,1499.76,cepstrum,6203_PU_2855,12000.0,14000.0,2.4835,normal,0.29,1.0874511044968787,0,0.0010000000000000009,0.492,0.04745315497500528,0,0.009999999999999998
N15_M07_F04_KA04_13,KA04,real,outer_race,N15_M07_F04,1499.55,cepstrum,6203_PU_2855,8000.0,10000.0,2.3405,outer_race,0.002,7.0675759977653625,4,0.0,0.668,-0.6276967802226406,1,-0.02
N15_M07_F04_KA04_14,KA04,real,outer_race,N15_M07_F04,1499.73,cepstrum,6203_PU_2855,12000.0,14000.0,2.3428,normal,0.68,-0.3995486402460463,0,0.0,0.408,0.23726202010352643,0,-0.011
N15_M07_F04_KA04_15,KA04,real,outer_race,N15_M07_F04,1499.64,cepstrum,6203_PU_2855,12000.0,14000.0,2.3901,normal,0.724,-0.6817821432550911,0,0.0010000000000000009,0.616,-0.33175709216933563,1,-0.009000000000000001
N15_M07_F04_KA04_16,KA04,real,outer_race,N15_M07_F04,1499.38,cepstrum,6203_PU_2855,12000.0,14000.0,2.5512,normal,0.684,-0.563233676072968,0,0.005000000000000001,0.73,-0.5801839468938592,1,-0.0019999999999999983
N15_M07_F04_KA04_17,KA04,real,outer_race,N15_M07_F04,1499.69,cepstrum,6203_PU_2855,12000.0,14000.0,3.342,normal,0.61,-0.25552640430526413,0,-0.004,0.782,-0.6014809661625518,0,0.009999999999999998
N15_M07_F04_KA04_18,KA04,real,outer_race,N15_M07_F04,1499.58,cepstrum,6203_PU_2855,12000.0,14000.0,2.3603,normal,0.438,0.32036889151566844,0,0.0010000000000000009,0.214,0.9493273182794943,1,-0.009000000000000001
N15_M07_F04_KA04_19,KA04,real,outer_race,N15_M07_F04,1499.42,cepstrum,6203_PU_2855,12000.0,14000.0,2.3641,normal,0.582,-0.06305506764047959,0,0.0,0.862,-0.915525064472209,0,-0.009000000000000001
N15_M07_F04_KA04_2,KA04,real,outer_race,N15_M07_F04,1499.81,cepstrum,6203_PU_2855,12000.0,14000.0,2.4667,normal,0.474,0.16887878546629878,0,0.015000000000000003,0.808,-0.8009838622035917,0,0.011
N15_M07_F04_KA04_20,KA04,real,outer_race,N15_M07_F04,1499.64,cepstrum,6203_PU_2855,12000.0,14000.0,2.3901,normal,0.724,-0.6817821432550911,0,0.0010000000000000009,0.616,-0.33175709216933563,1,-0.009000000000000001
N15_M07_F04_KA04_3,KA04,real,outer_race,N15_M07_F04,1499.39,cepstrum,6203_PU_2855,0.0,2000.0,2.6298,normal,0.002,6.057631777861357,0,0.0010000000000000009,0.896,-0.9795864738826645,0,-0.016
N15_M07_F04_KA04_4,KA04,real,outer_race,N15_M07_F04,1499.75,cepstrum,6203_PU_2855,12000.0,14000.0,2.2741,normal,0.614,-0.1994726927609468,0,0.006000000000000002,0.794,-0.7981782679958251,1,-0.017
N15_M07_F04_KA04_5,KA04,real,outer_race,N15_M07_F04,1499.42,cepstrum,6203_PU_2855,12000.0,14000.0,2.3641,normal,0.582,-0.06305506764047959,0,0.0,0.862,-0.915525064472209,0,-0.009000000000000001
N15_M07_F04_KA04_6,KA04,real,outer_race,N15_M07_F04,1499.64,cepstrum,6203_PU_2855,12000.0,14000.0,2.3901,normal,0.724,-0.6817821432550911,0,0.0010000000000000009,0.616,-0.33175709216933563,1,-0.009000000000000001
N15_M07_F04_KA04_7,KA04,real,outer_race,N15_M07_F04,1499.51,cepstrum,6203_PU_2855,0.0,2000.0,2.5305,normal,0.908,-1.1147822674651577,0,-0.0019999999999999983,0.3,0.46966857412808,0,0.018
N15_M07_F04_KA04_8,KA04,real,outer_race,N15_M07_F04,1499.6,cepstrum,6203_PU_2855,0.0,2000.0,2.5397,normal,0.002,8.29630981841222,1,0.0,0.246,0.5771961902245651,0,-0.02
N15_M07_F04_KA04_9,KA04,real,outer_race,N15_M07_F04,1499.45,cepstrum,6203_PU_2855,0.0,2000.0,2.377,normal,0.122,1.6347041339240276,0,0.0010000000000000009,0.646,-0.4426620067522386,0,-0.009000000000000001
N15_M07_F04_KA05_1,KA05,artificial,outer_race,N15_M07_F04,1499.32,cepstrum,6203_PU_2905,10666.7,13333.3,7.0026,normal,0.978,-1.4179311015556109,1,-0.005000000000000001,0.614,-0.2789867351118588,1,0.015000000000000003
N15_M07_F04_KA05_10,KA05,artificial,outer_race,N15_M07_F04,1499.44,cepstrum,6203_PU_2905,10666.7,13333.3,3.582,normal,0.728,-0.6712000797487067,0,0.008,0.004,3.777180967209429,1,0.015000000000000003
N15_M07_F04_KA05_11,KA05,artificial,outer_race,N15_M07_F04,1499.64,cepstrum,6203_PU_2905,10666.7,13333.3,3.6247,normal,0.634,-0.10798585124934702,1,0.009000000000000001,0.506,-0.01021407780368358,1,0.019
N15_M07_F04_KA05_12,KA05,artificial,outer_race,N15_M07_F04,1499.65,cepstrum,6203_PU_2905,13333.3,14666.7,3.8523,normal,0.856,-0.8956171611769947,0,0.015000000000000003,0.058,2.362511508206783,1,0.012
N15_M07_F04_KA05_13,KA05,artificial,outer_race,N15_M07_F04,1499.72,cepstrum,6203_PU_2905,10666.7,13333.3,3.9474,normal,0.64,-0.2431331393843733,0,-0.006,0.188,1.2421170325122517,2,0.009999999999999998
N15_M07_F04_KA05_14,KA05,artificial,outer_race,N15_M07_F04,1499.57,cepstrum,6203_PU_2905,12000.0,14000.0,4.8462,normal,0.968,-1.1057591081251201,0,0.015000000000000003,0.476,0.1526407826893214,0,-0.006
N15_M07_F04_KA05_15,KA05,artificial,outer_race,N15_M07_F04,1499.52,cepstrum,6203_PU_2905,10666.7,13333.3,5.0477,normal,0.492,0.008964702907554061,1,-0.008,0.68,-0.28614342074983307,0,-0.006
N15_M07_F04_KA05_16,KA05,artificial,outer_race,N15_M07_F04,1499.71,cepstrum,6203_PU_2905,12000.0,14000.0,5.7019,normal,0.536,-0.12740296096872444,0,-0.006,0.736,-0.5580016737308697,1,-0.013000000000000001
N15_M07_F04_KA05_17,KA05,artificial,outer_race,N15_M07_F04,1499.54,cepstrum,6203_PU_2905,13333.3,14666.7,4.5183,normal,0.798,-1.1012106710644418,0,0.009000000000000001,0.376,0.4945356413839112,1,0.014000000000000002
N15_M07_F04_KA05_18,KA05,artificial,outer_race,N15_M07_F04,1499.54,cepstrum,6203_PU_2905,12000.0,14000.0,5.0795,normal,0.568,-0.12604675176926625,0,-0.006999999999999999,0.48,0.05843508582828048,2,0.016000000000000004
N15_M07_F04_KA05_19,KA05,artificial,outer_race,N15_M07_F04,1499.43,cepstrum,6203_PU_2905,12000.0,14000.0,3.7404,normal,0.512,-0.09210708370779977,0,0.009000000000000001,0.7,-0.5146134349973852,0,-0.006
N15_M07_F04_KA05_2,KA05,artificial,outer_race,N15_M07_F04,1499.38,cepstrum,6203_PU_2905,10666.7,13333.3,3.8844,normal,0.952,-1.037887167462949,0,0.009999999999999998,0.408,0.31798870124732714,1,0.016000000000000004
N15_M07_F04_KA05_20,KA05,artificial,outer_race,N15_M07_F04,1499.71,cepstrum,6203_PU_2905,10666.7,13333.3,4.6815,normal,0.692,-0.3926276070402615,0,-0.006,0.688,-0.4151613281397177,0,0.011
N15_M07_F04_KA05_3,KA05,artificial,outer_race,N15_M07_F04,1499.51,cepstrum,6203_PU_2905,10666.7,13333.3,3.8401,normal,0.77,-0.6607643770503573,0,0.006999999999999999,0.842,-0.8803053508837387,2,0.014000000000000002
N15_M07_F04_KA05_4,KA05,artificial,outer_race,N15_M07_F04,1499.63,cepstrum,6203_PU_2905,13333.3,14666.7,5.4483,normal,0.442,0.028280090742731797,0,-0.008,0.846,-0.8506186656902441,1,0.012
N15_M07_F04_KA05_5,KA05,artificial,outer_race,N15_M07_F04,1499.65,cepstrum,6203_PU_2905,10666.7,13333.3,5.2592,normal,0.32,0.8831393599360486,0,-0.006999999999999999,0.67,-0.34260495756518716,1,0.016000000000000004
N15_M07_F04_KA05_6,KA05,artificial,outer_race,N15_M07_F04,1499.63,cepstrum,6203_PU_2905,10666.7,13333.3,4.2704,normal,0.45,0.17791654486153757,1,0.016000000000000004,0.348,0.4419654501729107,1,0.014000000000000002
N15_M07_F04_KA05_7,KA05,artificial,outer_race,N15_M07_F04,1499.7,cepstrum,6203_PU_2905,10666.7,13333.3,5.4298,normal,0.44,0.1152801202908677,0,-0.008,0.668,-0.41074389993445926,0,0.009999999999999998
N15_M07_F04_KA05_8,KA05,artificial,outer_race,N15_M07_F04,1499.58,cepstrum,6203_PU_2905,10666.7,13333.3,4.8348,normal,0.68,-0.30678661279881725,0,-0.006,0.436,0.1608887934674694,1,0.015000000000000003
N15_M07_F04_KA05_9,KA05,artificial,outer_race,N15_M07_F04,1499.47,cepstrum,6203_PU_2905,10666.7,13333.3,3.8442,normal,0.528,-0.05038444748735593,0,-0.006999999999999999,0.514,-0.05448402656828976,1,0.015000000000000003
N15_M07_F04_KA06_1,KA06,artificial,outer_race,N15_M07_F04,1499.42,cepstrum,6203_PU_2905,12000.0,14000.0,4.4014,normal,0.316,0.87713073280956,0,-0.006999999999999999,0.234,0.6634064839531734,1,0.0019999999999999983
N15_M07_F04_KA06_10,KA06,artificial,outer_race,N15_M07_F04,1499.93,cepstrum,6203_PU_2905,12000.0,14000.0,3.2625,normal,0.442,0.5938068352217979,0,-0.008,0.69,-0.4288471964637785,1,0.019
N15_M07_F04_KA06_11,KA06,artificial,outer_race,N15_M07_F04,1499.75,cepstrum,6203_PU_2905,13333.3,14666.7,5.0104,normal,0.864,-0.8770179729975125,0,-0.008,0.346,0.5039710611021896,1,-0.012
N15_M07_F04_KA06_12,KA06,artificial,outer_race,N15_M07_F04,1499.51,cepstrum,6203_PU_2905,13333.3,14666.7,3.4441,normal,0.688,-0.48153835866238204,0,0.018,0.438,0.2540783723479482,0,0.019
N15_M07_F04_KA06_13,KA06,artificial,outer_race,N15_M07_F04,1499.35,cepstrum,6203_PU_2905,13333.3,14666.7,3.5707,normal,0.54,-0.07887416754335765,0,-0.004,0.474,0.04697030136370696,1,0.016000000000000004
N15_M07_F04_KA06_14,KA06,artificial,outer_race,N15_M07_F04,1499.59,cepstrum,6203_PU_2905,12000.0,14000.0,4.6476,normal,0.518,-0.09460035130440682,1,-0.008,0.322,0.5617215470866416,1,0.013000000000000001
N15_M07_F04_KA06_15,KA06,artificial,outer_race,N15_M07_F04,1499.26,cepstrum,6203_PU_2905,12000.0,14000.0,3.4457,normal,0.79,-0.4846329750733217,0,-0.006999999999999999,0.698,-0.42330983834313024,1,0.016000000000000004
N15_M07_F04_KA06_16,KA06,artificial,outer_race,N15_M07_F04,1499.3,cepstrum,6203_PU_2905,12000.0,14000.0,4.3313,normal,0.934,-1.095847810315949,0,-0.006999999999999999,0.396,0.25810391583101444,1,0.013000000000000001
N15_M07_F04_KA06_17,KA06,artificial,outer_race,N15_M07_F04,1499.63,cepstrum,6203_PU_2905,12000.0,14000.0,3.6611,normal,0.446,0.23198489009980797,0,0.009999999999999998,0.332,0.495324187639032,1,0.016000000000000004
N15_M07_F04_KA06_18,KA06,artificial,outer_race,N15_M07_F04,1499.98,cepstrum,6203_PU_2905,13333.3,14666.7,3.7976,normal,0.972,-1.4433008077767144,0,0.008,0.854,-0.8640052932808066,1,0.014000000000000002
N15_M07_F04_KA06_19,KA06,artificial,outer_race,N15_M07_F04,1499.37,cepstrum,6203_PU_2905,12000.0,14000.0,4.44,normal,0.358,0.12128686064783013,0,-0.005000000000000001,0.596,-0.3147814451720668,1,-0.012
N15_M07_F04_KA06_2,KA06,artificial,outer_race,N15_M07_F04,1499.72,cepstrum,6203_PU_2905,13333.3,14666.7,4.2853,normal,0.974,-1.2214729940791618,0,-0.006,0.182,1.1063138613390928,1,-0.004
N15_M07_F04_KA06_20,KA06,artificial,outer_race,N15_M07_F04,1499.42,cepstrum,6203_PU_2905,12000.0,14000.0,3.9157,normal,0.432,0.12235980655953663,0,-0.008,0.4,0.31066215410681564,1,0.015000000000000003
N15_M07_F04_KA06_3,KA06,artificial,outer_race,N15_M07_F04,1500.04,cepstrum,6203_PU_2905,12000.0,14000.0,3.632,normal,0.218,0.4911664142964907,0,0.011,0.728,-0.7040532195285326,1,-0.011
N15_M07_F04_KA06_4,KA06,artificial,outer_race,N15_M07_F04,1498.88,cepstrum,6203_PU_2905,13333.3,14666.7,2.9183,normal,0.526,-0.1822804186570975,0,0.016000000000000004,0.452,0.1235744184568301,1,0.018
N15_M07_F04_KA06_5,KA06,artificial,outer_race,N15_M07_F04,1500.16,cepstrum,6203_PU_2905,13333.3,14666.7,3.2336,normal,0.604,-0.3057549245286314,0,-0.006,0.284,0.6856106847360361,1,0.016000000000000004
N15_M07_F04_KA06_6,KA06,artificial,outer_race,N15_M07_F04,1499.59,cepstrum,6203_PU_2905,12000.0,14000.0,3.4616,normal,0.724,-0.6078279787924786,0,0.002999999999999999,0.834,-0.8956371565087226,1,0.016000000000000004
N15_M07_F04_KA06_7,KA06,artificial,outer_race,N15_M07_F04,1499.66,cepstrum,6203_PU_2905,12000.0,14000.0,2.8323,normal,0.734,-0.5249400018191054,0,-0.017,0.174,0.9835471989513828,1,0.011
N15_M07_F04_KA06_8,KA06,artificial,outer_race,N15_M07_F04,1499.6,cepstrum,6203_PU_2905,12000.0,14000.0,3.2953,normal,0.154,1.3714679363038158,0,0.009999999999999998,0.762,-0.5144305672141474,1,0.012
N15_M07_F04_KA06_9,KA06,artificial,outer_race,N15_M07_F04,1499.4,cepstrum,6203_PU_2905,12000.0,14000.0,3.2579,normal,0.322,0.39847210286041546,0,0.014000000000000002,0.624,-0.4179008718721494,0,0.009999999999999998
N15_M07_F04_KA07_1,KA07,artificial,outer_race,N15_M07_F04,1499.62,cepstrum,6203_PU_2905,12000.0,14000.0,4.0213,normal,0.408,0.4824612453846196,1,-0.006999999999999999,0.162,0.8976470500908198,1,0.002999999999999999
N15_M07_F04_KA07_10,KA07,artificial,outer_race,N15_M07_F04,1499.77,cepstrum,6203_PU_2905,13333.3,14666.7,4.8142,normal,0.364,0.7674105227341307,1,-0.005000000000000001,0.218,0.8662530865292146,0,0.019
N15_M07_F04_KA07_11,KA07,artificial,outer_race,N15_M07_F04,1499.67,cepstrum,6203_PU_2905,12000.0,14000.0,3.1671,normal,0.716,-0.32740792124794593,0,0.016000000000000004,0.594,-0.2267090874939097,3,0.014000000000000002
N15_M07_F04_KA07_12,KA07,artificial,outer_race,N15_M07_F04,1499.59,cepstrum,6203_PU_2905,12000.0,14000.0,3.7694,normal,0.4,0.4292987296106376,0,0.009999999999999998,0.406,0.1639634632885438,2,0.013000000000000001
N15_M07_F04_KA07_13,KA07,artificial,outer_race,N15_M07_F04,1499.79,cepstrum,6203_PU_2905,13333.3,14666.7,3.6971,normal,0.434,0.062046265324873846,0,0.009000000000000001,0.564,-0.14395206819899453,2,0.012
N15_M07_F04_KA07_14,KA07,artificial,outer_race,N15_M07_F04,1499.43,cepstrum,6203_PU_2905,13333.3,14666.7,3.4453,normal,0.522,-0.10584597327934658,0,0.012,0.746,-0.7036875758885853,1,0.012
N15_M07_F04_KA07_15,KA07,artificial,outer_race,N15_M07_F04,1499.32,cepstrum,6203_PU_2905,12000.0,14000.0,2.81,normal,0.262,1.1962860204467247,0,-0.006,0.294,0.5343827691066714,3,0.014000000000000002
N15_M07_F04_KA07_16,KA07,artificial,outer_race,N15_M07_F04,1499.82,cepstrum,6203_PU_2905,12000.0,14000.0,3.5671,normal,0.754,-0.3915746581313569,1,-0.008,0.29,0.5668062893272404,1,-0.005000000000000001
N15_M07_F04_KA07_17,KA07,artificial,outer_race,N15_M07_F04,1499.51,cepstrum,6203_PU_2905,12000.0,14000.0,3.0718,normal,0.146,1.0050889044487132,1,-0.006999999999999999,0.234,1.1255954363306404,1,0.013000000000000001
N15_M07_F04_KA07_18,KA07,artificial,outer_race,N15_M07_F04,1499.46,cepstrum,6203_PU_2905,12000.0,14000.0,3.9706,normal,0.53,-0.20506699907473305,0,0.009999999999999998,0.266,0.6066966996445142,2,0.015000000000000003
N15_M07_F04_KA07_19,KA07,artificial,outer_race,N15_M07_F04,1499.38,cepstrum,6203_PU_2905,13333.3,14666.7,3.2331,normal,0.678,-0.29003967479208587,1,-0.004,0.322,0.6281865410277844,1,0.014000000000000002
N15_M07_F04_KA07_2,KA07,artificial,outer_race,N15_M07_F04,1499.46,cepstrum,6203_PU_2905,10666.7,13333.3,3.647,normal,0.6,-0.3541388608376759,1,-0.006999999999999999,0.81,-0.7392310320744329,3,0.014000000000000002
N15_M07_F04_KA07_20,KA07,artificial,outer_race,N15_M07_F04,1499.73,cepstrum,6203_PU_2905,12000.0,14000.0,4.8373,normal,0.45,0.08662827249297395,1,-0.005000000000000001,0.588,-0.1341084715200429,1,0.016000000000000004
N15_M07_F04_KA07_3,KA07,artificial,outer_race,N15_M07_F04,1499.44,cepstrum,6203_PU_2905,10666.7,13333.3,2.8459,normal,0.278,0.7205866913211791,1,-0.005000000000000001,0.158,1.6794142157189302,2,0.002999999999999999
N15_M07_F04_KA07_4,KA07,artificial,outer_race,N15_M07_F04,1499.71,cepstrum,6203_PU_2905,10666.7,13333.3,4.3722,normal,0.774,-0.5998017047621103,1,0.009999999999999998,0.332,0.42580902713382174,2,0.016000000000000004
N15_M07_F04_KA07_5,KA07,artificial,outer_race,N15_M07_F04,1499.5,cepstrum,6203_PU_2905,10666.7,13333.3,3.1083,normal,0.528,-0.09227532354181664,0,-0.005000000000000001,0.138,1.5966471910821007,1,0.014000000000000002
N15_M07_F04_KA07_6,KA07,artificial,outer_race,N15_M07_F04,1499.45,cepstrum,6203_PU_2905,12000.0,14000.0,3.3406,normal,0.752,-0.6267620649113524,1,-0.004,0.544,-0.0803427655012268,0,0.011
N15_M07_F04_KA07_7,KA07,artificial,outer_race,N15_M07_F04,1499.61,cepstrum,6203_PU_2905,12000.0,14000.0,3.4269,normal,0.614,-0.19023592435592848,1,-0.006999999999999999,0.88,-1.262057831578715,0,0.009000000000000001
N15_M07_F04_KA07_8,KA07,artificial,outer_race,N15_M07_F04,1499.77,cepstrum,6203_PU_2905,12000.0,14000.0,2.7277,normal,0.952,-1.4320716167100704,1,-0.005000000000000001,0.324,0.7804644220568518,1,0.009999999999999998
N15_M07_F04_KA07_9,KA07,artificial,outer_race,N15_M07_F04,1499.67,cepstrum,6203_PU_2905,12000.0,14000.0,4.0114,normal,0.594,-0.2685536429201331,1,-0.006,0.904,-0.9670141455587514,0,0.019
N15_M07_F04_KA08_1,KA08,artificial,outer_race,N15_M07_F04,1499.38,cepstrum,6203_PU_2905,13333.3,14666.7,2.6551,normal,0.268,1.0475817112138335,0,-0.006999999999999999,0.136,1.3974978105205946,1,0.016999999999999998
N15_M07_F04_KA08_10,KA08,artificial,outer_race,N15_M07_F04,1499.55,cepstrum,6203_PU_2905,12000.0,14000.0,3.1439,normal,0.33,0.6923463762876363,1,-0.005000000000000001,0.378,0.3551791786586217,2,0.012
N15_M07_F04_KA08_11,KA08,artificial,outer_race,N15_M07_F04,1499.37,cepstrum,6203_PU_2905,10666.7,13333.3,3.0743,normal,0.436,0.08763975872881107,1,-0.006,0.592,-0.36130419875686254,1,0.012
N15_M07_F04_KA08_12,KA08,artificial,outer_race,N15_M07_F04,1499.59,cepstrum,6203_PU_2905,12000.0,13333.3,4.6425,normal,0.414,0.46359474449123456,1,-0.006,0.394,0.31033325807347556,2,0.015000000000000003
N15_M07_F04_KA08_13,KA08,artificial,outer_race,N15_M07_F04,1499.74,cepstrum,6203_PU_2905,12000.0,14000.0,3.1578,normal,0.56,-0.13266472435625878,0,-0.006999999999999999,0.182,1.3187106105557436,2,0.012
N15_M07_F04_KA08_14,KA08,artificial,outer_race,N15_M07_F04,1499.64,cepstrum,6203_PU_2905,12000.0,14000.0,2.6085,normal,0.412,0.14113608576526188,1,-0.006,0.158,1.6616253581377818,1,0.002999999999999999
N15_M07_F04_KA08_15,KA08,artificial,outer_race,N15_M07_F04,1499.48,cepstrum,6203_PU_2905,12000.0,14000.0,2.7526,normal,0.578,-0.29744139270248365,0,-0.004,0.062,2.92931878996877,2,0.015000000000000003
N15_M07_F04_KA08_16,KA08,artificial,outer_race,N15_M07_F04,1499.71,cepstrum,6203_PU_2905,12000.0,14000.0,2.6822,normal,0.664,-0.2762870285095863,1,0.004,0.074,2.689235604317828,1,0.013000000000000001
N15_M07_F04_KA08_17,KA08,artificial,outer_race,N15_M07_F04,1499.47,cepstrum,6203_PU_2905,12000.0,14000.0,3.1073,normal,0.634,-0.5697796190136785,1,-0.006,0.22,0.5681473774738924,1,0.013000000000000001
N15_M07_F04_KA08_18,KA08,artificial,outer_race,N15_M07_F04,1499.59,cepstrum,6203_PU_2905,12000.0,14000.0,2.9882,normal,0.512,-0.2089272540724142,0,-0.006999999999999999,0.458,0.13018497367198553,1,-0.011
N15_M07_F04_KA08_19,KA08,artificial,outer_race,N15_M07_F04,1499.66,cepstrum,6203_PU_2905,10666.7,13333.3,3.5664,normal,0.544,-0.26782963964031054,1,-0.006999999999999999,0.156,1.3002384951060115,1,0.012
N15_M07_F04_KA08_2,KA08,artificial,outer_race,N15_M07_F04,1499.53,cepstrum,6203_PU_2905,12000.0,14000.0,3.6574,inner_race,0.89,-0.7757209726588731,1,-0.006999999999999999,0.002,2.9340190841826725,2,0.004
N15_M07_F04_KA08_20,KA08,artificial,outer_race,N15_M07_F04,1499.57,cepstrum,6203_PU_2905,12000.0,14000.0,2.6552,normal,0.39,0.6649511848603978,1,-0.006999999999999999,0.428,0.09066954912605238,1,0.014000000000000002
N15_M07_F04_KA08_3,KA08,artificial,outer_race,N15_M07_F04,1499.68,cepstrum,6203_PU_2905,12000.0,14000.0,4.1446,normal,0.512,-0.040293864446741254,1,-0.006999999999999999,0.518,-0.03882853650668747,2,0.014000000000000002
N15_M07_F04_KA08_4,KA08,artificial,outer_race,N15_M07_F04,1499.63,cepstrum,6203_PU_2905,12000.0,14000.0,3.8334,normal,0.924,-0.892009022192576,1,-0.006,0.23,1.21528372824781,1,0.016999999999999998
N15_M07_F04_KA08_5,KA08,artificial,outer_race,N15_M07_F04,1499.35,cepstrum,6203_PU_2905,12000.0,14000.0,4.3847,normal,0.37,1.0277553360708307,1,-0.006999999999999999,0.456,0.1333085604740449,1,-0.002999999999999999
N15_M07_F04_KA08_6,KA08,artificial,outer_race,N15_M07_F04,1499.56,cepstrum,6203_PU_2905,10666.7,13333.3,3.5396,inner_race,0.352,0.9618006391003786,1,-0.005000000000000001,0.014,2.68118253020034,2,0.012
N15_M07_F04_KA08_7,KA08,artificial,outer_race,N15_M07_F04,1499.45,cepstrum,6203_PU_2905,10666.7,13333.3,3.1403,normal,0.456,0.3602057634572128,1,-0.006999999999999999,0.406,0.2915639665032512,1,0.016999999999999998
N15_M07_F04_KA08_8,KA08,artificial,outer_race,N15_M07_F04,1499.52,cepstrum,6203_PU_2905,12000.0,14000.0,3.7189,normal,0.446,0.061941000699469555,2,-0.006,0.208,0.6485625248285697,2,0.014000000000000002
N15_M07_F04_KA08_9,KA08,artificial,outer_race,N15_M07_F04,1499.54,cepstrum,6203_PU_2905,12000.0,14000.0,3.2835,normal,0.868,-0.6832723806790214,1,-0.006999999999999999,0.402,0.20901377932926843,1,-0.004
N15_M07_F04_KA09_1,KA09,artificial,outer_race,N15_M07_F04,1499.58,cepstrum,6203_PU_2905,12000.0,13333.3,3.722,normal,0.568,-0.2686964703879524,0,-0.008,0.288,0.7338637789322845,1,0.002999999999999999
N15_M07_F04_KA09_10,KA09,artificial,outer_race,N15_M07_F04,1499.17,cepstrum,6203_PU_2905,12000.0,13333.3,4.3326,normal,0.416,0.2660628955537243,1,-0.005000000000000001,0.434,0.15363557915424292,2,0.016000000000000004
N15_M07_F04_KA09_11,KA09,artificial,outer_race,N15_M07_F04,1499.61,cepstrum,6203_PU_2905,12000.0,13333.3,3.2576,normal,0.49,0.04379651545136562,0,0.008,0.124,1.384216712197597,1,0.016000000000000004
N15_M07_F04_KA09_12,KA09,artificial,outer_race,N15_M07_F04,1499.58,cepstrum,6203_PU_2905,12000.0,14000.0,2.7025,normal,0.49,0.017596730669634415,0,-0.006999999999999999,0.056,1.9082073648579978,1,0.016999999999999998
N15_M07_F04_KA09_13,KA09,artificial,outer_race,N15_M07_F04,1499.1,cepstrum,6203_PU_2905,13333.3,14666.7,2.903,normal,0.552,-0.06306296022171146,0,0.004,0.386,0.3133175758645905,1,0.016999999999999998
N15_M07_F04_KA09_14,KA09,artificial,outer_race,N15_M07_F04,1500.05,cepstrum,6203_PU_2905,13333.3,14666.7,2.966,normal,0.224,1.5548970689011044,1,-0.006999999999999999,0.376,0.37603538315212837,1,0.013000000000000001
N15_M07_F04_KA09_15,KA09,artificial,outer_race,N15_M07_F04,1499.53,cepstrum,6203_PU_2905,12000.0,14000.0,2.7678,inner_race,0.272,0.7646069748656408,1,-0.005000000000000001,0.012,2.852364416670619,2,0.016000000000000004
N15_M07_F04_KA09_16,KA09,artificial,outer_race,N15_M07_F04,1499.02,cepstrum,6203_PU_2905,13333.3,14666.7,3.9146,normal,0.788,-0.4919613640762306,0,0.012,0.786,-0.6594489569728479,0,-0.004
N15_M07_F04_KA09_17,KA09,artificial,outer_race,N15_M07_F04,1499.47,cepstrum,6203_PU_2905,12000.0,14000.0,3.8539,normal,0.412,0.3062761757215383,1,-0.006999999999999999,0.446,0.20741274268884166,1,0.016999999999999998
N15_M07_F04_KA09_18,KA09,artificial,outer_race,N15_M07_F04,1499.4,cepstrum,6203_PU_2905,12000.0,14000.0,3.9881,normal,0.422,0.3942132020625398,1,-0.005000000000000001,0.834,-0.8260245520685436,1,0.012
N15_M07_F04_KA09_19,KA09,artificial,outer_race,N15_M07_F04,1499.71,cepstrum,6203_PU_2905,10666.7,13333.3,3.1976,normal,0.434,0.6195982305224351,0,-0.006,0.128,1.3927758125204928,2,0.015000000000000003
N15_M07_F04_KA09_2,KA09,artificial,outer_race,N15_M07_F04,1499.7,cepstrum,6203_PU_2905,12000.0,14000.0,2.7385,normal,0.674,-0.24731460129540234,1,-0.006999999999999999,0.002,2.9686855347290875,1,0.016000000000000004
N15_M07_F04_KA09_20,KA09,artificial,outer_race,N15_M07_F04,1500.13,cepstrum,6203_PU_2905,12000.0,14000.0,3.7023,normal,0.496,0.16238202082724926,0,-0.006999999999999999,0.142,1.4660529219745404,1,0.014000000000000002
N15_M07_F04_KA09_3,KA09,artificial,outer_race,N15_M07_F04,1498.73,cepstrum,6203_PU_2905,13333.3,14666.7,2.8048,normal,0.432,0.11534540472599263,0,-0.006999999999999999,0.188,0.8786565762540611,2,0.016000000000000004
N15_M07_F04_KA09_4,KA09,artificial,outer_race,N15_M07_F04,1499.66,cepstrum,6203_PU_2905,13333.3,14666.7,2.7805,normal,0.316,0.9461136077019013,0,-0.006,0.474,0.17847214655358687,1,0.015000000000000003
N15_M07_F04_KA09_5,KA09,artificial,outer_race,N15_M07_F04,1499.13,cepstrum,6203_PU_2905,12000.0,14000.0,2.8875,normal,0.932,-0.7622629047820754,0,-0.008,0.268,0.7896694037987997,1,0.004
N15_M07_F04_KA09_6,KA09,artificial,outer_race,N15_M07_F04,1499.9,cepstrum,6203_PU_2905,12000.0,14000.0,3.1616,normal,0.304,0.5423411185499714,1,-0.004,0.044,2.449120229214308,2,0.015000000000000003
N15_M07_F04_KA09_7,KA09,artificial,outer_race,N15_M07_F04,1499.42,cepstrum,6203_PU_2905,12000.0,14000.0,3.5032,normal,0.198,1.0520960719441268,0,0.011,0.374,0.31696957078620813,1,0.016999999999999998
N15_M07_F04_KA09_8,KA09,artificial,outer_race,N15_M07_F04,1499.3,cepstrum,6203_PU_2905,12000.0,14000.0,3.2494,normal,0.556,-0.25215654033687396,1,-0.005000000000000001,0.13,2.330957549052353,2,0.016000000000000004
N15_M07_F04_KA09_9,KA09,artificial,outer_race,N15_M07_F04,1499.17,cepstrum,6203_PU_2905,12000.0,14000.0,2.9028,normal,0.496,0.002839191158878735,1,-0.006,0.202,0.9577913411987354,2,0.014000000000000002
N15_M07_F04_KA15_1,KA15,real,outer_race,N15_M07_F04,1499.5,cepstrum,6203_PU_2855,12000.0,14000.0,4.2994,normal,0.54,-0.14619020267184393,0,-0.017,0.604,-0.1902668274017487,1,0.015000000000000003
N15_M07_F04_KA15_10,KA15,real,outer_race,N15_M07_F04,1499.47,cepstrum,6203_PU_2855,12000.0,14000.0,3.5099,normal,0.832,-0.7081235490305356,0,0.02,0.192,0.9734727236064195,1,-0.002999999999999999
N15_M07_F04_KA15_11,KA15,real,outer_race,N15_M07_F04,1499.74,cepstrum,6203_PU_2855,12000.0,14000.0,3.1954,normal,0.81,-0.7583085551347114,0,-0.013000000000000001,0.976,-1.352128828401893,1,0.015000000000000003
N15_M07_F04_KA15_12,KA15,real,outer_race,N15_M07_F04,1499.48,cepstrum,6203_PU_2855,12000.0,14000.0,4.0,normal,0.612,-0.147414900094978,0,0.015000000000000003,0.784,-0.6673833326036334,1,-0.01
N15_M07_F04_KA15_13,KA15,real,outer_race,N15_M07_F04,1499.75,cepstrum,6203_PU_2855,12000.0,14000.0,3.8883,normal,0.704,-0.6174436262114774,0,0.015000000000000003,0.444,0.22562846256885138,1,-0.009000000000000001
N15_M07_F04_KA15_14,KA15,real,outer_race,N15_M07_F04,1499.45,cepstrum,6203_PU_2855,12000.0,14000.0,4.0428,normal,0.272,0.33963680152261083,1,-0.014,0.572,-0.13585818836416524,2,0.015000000000000003
N15_M07_F04_KA15_15,KA15,real,outer_race,N15_M07_F04,1499.36,cepstrum,6203_PU_2855,12000.0,14000.0,4.0181,normal,0.458,0.11382507615243083,0,0.016000000000000004,0.706,-0.4689581347963169,1,-0.015
N15_M07_F04_KA15_16,KA15,real,outer_race,N15_M07_F04,1499.57,cepstrum,6203_PU_2855,12000.0,14000.0,4.6221,normal,0.55,-0.03708216227482842,0,-0.014,0.936,-1.1434247709414107,0,0.016000000000000004
N15_M07_F04_KA15_17,KA15,real,outer_race,N15_M07_F04,1499.63,cepstrum,6203_PU_2855,12000.0,14000.0,3.9415,normal,0.44,0.1326703948352736,1,0.016000000000000004,0.738,-0.7402912632360062,1,-0.009000000000000001
N15_M07_F04_KA15_18,KA15,real,outer_race,N15_M07_F04,1499.61,cepstrum,6203_PU_2855,12000.0,14000.0,4.5896,normal,0.462,0.02626947762214053,0,0.015000000000000003,0.58,-0.26352909841790434,1,0.015000000000000003
N15_M07_F04_KA15_19,KA15,real,outer_race,N15_M07_F04,1499.78,cepstrum,6203_PU_2855,12000.0,14000.0,4.2573,normal,0.658,-0.2892775638580271,0,0.02,0.814,-0.5971682849741972,0,0.011
N15_M07_F04_KA15_2,KA15,real,outer_race,N15_M07_F04,1499.64,cepstrum,6203_PU_2855,12000.0,14000.0,4.0424,normal,0.608,-0.2600963780832474,0,-0.012,0.592,-0.26264438541266044,1,-0.009000000000000001
N15_M07_F04_KA15_20,KA15,real,outer_race,N15_M07_F04,1499.92,cepstrum,6203_PU_2855,12000.0,14000.0,4.1691,normal,0.34,0.5908919983802908,0,-0.0019999999999999983,0.154,1.8429027045854025,1,-0.002999999999999999
N15_M07_F04_KA15_3,KA15,real,outer_race,N15_M07_F04,1499.51,cepstrum,6203_PU_2855,12000.0,14000.0,4.2002,normal,0.792,-0.7504247558465292,0,0.02,0.744,-0.521700249311458,1,-0.009000000000000001
N15_M07_F04_KA15_4,KA15,real,outer_race,N15_M07_F04,1499.64,cepstrum,6203_PU_2855,12000.0,14000.0,3.5316,normal,0.388,0.431562305146321,0,-0.02,0.924,-0.9545407385495769,1,-0.009000000000000001
N15_M07_F04_KA15_5,KA15,real,outer_race,N15_M07_F04,1499.34,cepstrum,6203_PU_2855,12000.0,14000.0,4.0515,normal,0.47,0.14451515481079003,0,0.014000000000000002,0.662,-0.28881361463773675,1,0.006000000000000002
N15_M07_F04_KA15_6,KA15,real,outer_race,N15_M07_F04,1499.68,cepstrum,6203_PU_2855,12000.0,14000.0,3.7434,normal,0.678,-0.32408939151193916,1,0.016000000000000004,0.89,-0.8626215569889616,2,-0.016
N15_M07_F04_KA15_7,KA15,real,outer_race,N15_M07_F04,1499.56,cepstrum,6203_PU_2855,12000.0,14000.0,3.1829,normal,0.73,-0.5810581094710626,0,0.015000000000000003,0.632,-0.485852016669994,0,-0.005000000000000001
N15_M07_F04_KA15_8,KA15,real,outer_race,N15_M07_F04,1499.28,cepstrum,6203_PU_2855,12000.0,14000.0,4.3259,normal,0.63,-0.2449893908085019,0,-0.0019999999999999983,0.876,-0.9644300682010256,1,-0.015
N15_M07_F04_KA15_9,KA15,real,outer_race,N15_M07_F04,1499.73,cepstrum,6203_PU_2855,12000.0,14000.0,4.1848,normal,0.4,0.3588889704875152,0,0.016999999999999998,0.836,-0.7535107918699323,0,0.009999999999999998
N15_M07_F04_KA16_1,KA16,real,outer_race,N15_M07_F04,1499.6,cepstrum,6203_PU_2905,13333.3,14666.7,4.0875,normal,0.616,-0.3679017496777738,0,0.016000000000000004,0.846,-1.0146896486169297,1,-0.012
N15_M07_F04_KA16_10,KA16,real,outer_race,N15_M07_F04,1499.59,cepstrum,6203_PU_2905,12000.0,14000.0,3.9554,normal,0.642,-0.16438746896230155,0,-0.02,0.75,-0.6268415850200235,1,-0.006
N15_M07_F04_KA16_11,KA16,real,outer_race,N15_M07_F04,1499.48,cepstrum,6203_PU_2905,13333.3,14666.7,4.2814,normal,0.602,-0.3940709510108392,0,0.018,0.43,0.18236737063956712,1,-0.006
N15_M07_F04_KA16_12,KA16,real,outer_race,N15_M07_F04,1499.26,cepstrum,6203_PU_2905,13333.3,14666.7,3.7078,normal,0.786,-0.6036714392092064,0,0.002999999999999999,0.52,-0.041667884703028395,1,-0.012
N15_M07_F04_KA16_13,KA16,real,outer_race,N15_M07_F04,1499.75,cepstrum,6203_PU_2905,12000.0,14000.0,3.8124,normal,0.506,-0.04446647364365964,0,0.014000000000000002,0.648,-0.21600166339422008,0,-0.005000000000000001
N15_M07_F04_KA16_14,KA16,real,outer_race,N15_M07_F04,1499.58,cepstrum,6203_PU_2905,13333.3,14666.7,3.3321,normal,0.738,-0.4112169462635883,0,0.014000000000000002,0.804,-0.8145604330868202,1,-0.006999999999999999
N15_M07_F04_KA16_15,KA16,real,outer_race,N15_M07_F04,1499.71,cepstrum,6203_PU_2905,13333.3,14666.7,3.4698,normal,0.768,-0.6917569321357305,0,0.009000000000000001,0.682,-0.37421085612687827,1,-0.012
N15_M07_F04_KA16_16,KA16,real,outer_race,N15_M07_F04,1499.65,cepstrum,6203_PU_2905,12000.0,14000.0,3.2702,normal,0.81,-0.8478165402802794,0,-0.019,0.448,0.20880712440773652,1,0.018
N15_M07_F04_KA16_17,KA16,real,outer_race,N15_M07_F04,1499.66,cepstrum,6203_PU_2905,13333.3,14666.7,3.9348,normal,0.752,-0.7180426492910222,0,0.016000000000000004,0.264,0.8112290961072531,1,-0.012
N15_M07_F04_KA16_18,KA16,real,outer_race,N15_M07_F04,1499.71,cepstrum,6203_PU_2905,13333.3,14666.7,3.8157,normal,0.582,-0.19788671916465272,0,0.009999999999999998,0.332,0.4216723114655401,0,0.014000000000000002
N15_M07_F04_KA16_19,KA16,real,outer_race,N15_M07_F04,1499.59,cepstrum,6203_PU_2905,13333.3,14666.7,3.5352,normal,0.608,-0.17940053083442256,1,0.011,0.954,-1.5485441089026002,2,-0.013000000000000001
N15_M07_F04_KA16_2,KA16,real,outer_race,N15_M07_F04,1499.01,cepstrum,6203_PU_2905,13333.3,14666.7,3.781,normal,0.638,-0.4117380042774464,0,-0.008,0.746,-0.5396861992906825,1,-0.013000000000000001
N15_M07_F04_KA16_20,KA16,real,outer_race,N15_M07_F04,1499.49,cepstrum,6203_PU_2905,13333.3,14666.7,3.8994,normal,0.536,-0.27394605839248776,0,-0.019,0.396,0.3253668655256204,0,-0.014
N15_M07_F04_KA16_3,KA16,real,outer_race,N15_M07_F04,1500.04,cepstrum,6203_PU_2905,13333.3,14666.7,4.109,normal,0.78,-0.729263565682487,0,0.016000000000000004,0.872,-0.7731306296235155,1,-0.006
N15_M07_F04_KA16_4,KA16,real,outer_race,N15_M07_F04,1499.17,cepstrum,6203_PU_2905,12000.0,14000.0,3.7383,normal,0.742,-0.5796699525886418,0,0.016999999999999998,0.542,-0.07193647847138497,1,-0.006
N15_M07_F04_KA16_5,KA16,real,outer_race,N15_M07_F04,1499.89,cepstrum,6203_PU_2905,12000.0,14000.0,3.6802,normal,0.15,1.2629933804754554,0,0.02,0.284,0.4050869157020717,1,-0.014
N15_M07_F04_KA16_6,KA16,real,outer_race,N15_M07_F04,1499.76,cepstrum,6203_PU_2905,13333.3,14666.7,3.7455,normal,0.24,0.8841306318738588,1,0.016999999999999998,0.474,0.08613751156505856,1,-0.006999999999999999
N15_M07_F04_KA16_7,KA16,real,outer_race,N15_M07_F04,1499.2,cepstrum,6203_PU_2905,13333.3,14666.7,3.4641,normal,0.576,-0.037608269237376285,0,0.018,0.664,-0.29504912307088155,1,-0.014
N15_M07_F04_KA16_8,KA16,real,outer_race,N15_M07_F04,1499.55,cepstrum,6203_PU_2905,12000.0,14000.0,3.6052,normal,0.188,1.0307336520473505,1,0.009000000000000001,0.93,-1.703375018291659,1,-0.006999999999999999
N15_M07_F04_KA16_9,KA16,real,outer_race,N15_M07_F04,1499.67,cepstrum,6203_PU_2905,12000.0,14000.0,3.5458,normal,0.98,-1.1269264203742957,0,-0.01,0.516,-0.02989241089590631,1,-0.006999999999999999
N15_M07_F04_KA22_1,KA22,real,outer_race,N15_M07_F04,1499.54,cepstrum,6203_PU_2905,12000.0,14000.0,4.5117,normal,0.538,-0.1797797142968221,0,-0.019,0.548,-0.09229948259101922,1,0.019
N15_M07_F04_KA22_10,KA22,real,outer_race,N15_M07_F04,1499.63,cepstrum,6203_PU_2905,12000.0,14000.0,4.1755,normal,0.848,-0.8547830138449275,0,-0.019,0.9,-0.9697124018764116,1,-0.006999999999999999
N15_M07_F04_KA22_11,KA22,real,outer_race,N15_M07_F04,1499.5,cepstrum,6203_PU_2905,12000.0,14000.0,3.9243,normal,0.39,0.14740233726918087,0,0.009999999999999998,0.716,-0.4649660921776032,1,-0.02
N15_M07_F04_KA22_12,KA22,real,outer_race,N15_M07_F04,1499.47,cepstrum,6203_PU_2905,12000.0,14000.0,4.3858,normal,0.824,-1.1741589294656205,1,0.011,0.508,-0.01697884425347624,0,0.014000000000000002
N15_M07_F04_KA22_13,KA22,real,outer_race,N15_M07_F04,1499.58,cepstrum,6203_PU_2905,10666.7,13333.3,3.9115,normal,0.6,-0.25419439627696766,0,-0.017,0.634,-0.2390890036617512,2,-0.006
N15_M07_F04_KA22_14,KA22,real,outer_race,N15_M07_F04,1499.68,cepstrum,6203_PU_2905,12000.0,14000.0,4.5627,normal,0.21,1.4214009327325214,0,-0.013000000000000001,0.888,-1.1386038191915284,0,0.019
N15_M07_F04_KA22_15,KA22,real,outer_race,N15_M07_F04,1499.69,cepstrum,6203_PU_2905,10666.7,13333.3,4.4774,normal,0.44,0.17655608798300207,0,-0.006,0.92,-1.2072526426412966,1,0.014000000000000002
N15_M07_F04_KA22_16,KA22,real,outer_race,N15_M07_F04,1499.68,cepstrum,6203_PU_2905,12000.0,14000.0,4.3969,normal,0.364,0.36633201924809966,1,0.016999999999999998,0.382,0.3578494787725988,1,-0.0010000000000000009
N15_M07_F04_KA22_17,KA22,real,outer_race,N15_M07_F04,1499.57,cepstrum,6203_PU_2905,10666.7,13333.3,3.9737,normal,0.756,-0.7608375253756805,1,0.016999999999999998,0.694,-0.35322741547542963,2,-0.012
N15_M07_F04_KA22_18,KA22,real,outer_race,N15_M07_F04,1499.61,cepstrum,6203_PU_2905,13333.3,14666.7,4.7214,normal,0.908,-1.1155097444381625,0,0.009000000000000001,0.802,-0.8067406553581211,0,0.009000000000000001
N15_M07_F04_KA22_19,KA22,real,outer_race,N15_M07_F04,1499.56,cepstrum,6203_PU_2905,10666.7,13333.3,3.9543,normal,0.454,0.20984452416017266,0,0.016999999999999998,0.8,-0.7939713949767309,1,-0.006999999999999999
N15_M07_F04_KA22_2,KA22,real,outer_race,N15_M07_F04,1499.68,cepstrum,6203_PU_2905,12000.0,14000.0,4.3117,normal,0.602,-0.06492980820946118,1,0.016000000000000004,0.784,-0.6140243306428139,2,-0.013000000000000001
N15_M07_F04_KA22_20,KA22,real,outer_race,N15_M07_F04,1499.64,cepstrum,6203_PU_2905,10666.7,13333.3,4.2432,normal,0.54,-0.29313517761804736,0,-0.006999999999999999,0.92,-1.16234330101035,1,-0.006
N15_M07_F04_KA22_3,KA22,real,outer_race,N15_M07_F04,1499.64,cepstrum,6203_PU_2905,12000.0,14000.0,4.3706,normal,0.674,-0.5092853838861872,0,0.009000000000000001,0.786,-0.8394863548296755,1,-0.006
N15_M07_F04_KA22_4,KA22,real,outer_race,N15_M07_F04,1499.66,cepstrum,6203_PU_2905,10666.7,13333.3,4.5064,normal,0.734,-0.3978925250785049,0,-0.02,0.364,0.3098848991085518,1,-0.006
N15_M07_F04_KA22_5,KA22,real,outer_race,N15_M07_F04,1499.62,cepstrum,6203_PU_2905,10666.7,13333.3,4.6422,normal,0.338,0.655941092968911,0,0.016000000000000004,0.984,-1.2034784975567336,1,-0.006
N15_M07_F04_KA22_6,KA22,real,outer_race,N15_M07_F04,1499.62,cepstrum,6203_PU_2905,12000.0,14000.0,4.3628,normal,0.254,0.6618213613353789,1,0.016000000000000004,0.894,-0.8490547515437814,2,-0.012
N15_M07_F04_KA22_7,KA22,real,outer_race,N15_M07_F04,1499.61,cepstrum,6203_PU_2905,12000.0,14000.0,3.8596,normal,0.294,0.795196079105555,1,0.016999999999999998,0.958,-1.1322621875777061,0,0.016000000000000004
N15_M07_F04_KA22_8,KA22,real,outer_race,N15_M07_F04,1499.55,cepstrum,6203_PU_2905,10666.7,13333.3,4.5905,normal,0.302,0.6028025921337643,0,-0.019,0.312,0.8326666368792761,1,-0.019
N15_M07_F04_KA22_9,KA22,real,outer_race,N15_M07_F04,1499.6,cepstrum,6203_PU_2905,13333.3,14666.7,4.8821,normal,0.838,-0.8887104763016489,1,0.009000000000000001,0.556,-0.11610350407811441,1,-0.006
N15_M07_F04_KA30_1,KA30,real,outer_race,N15_M07_F04,1499.56,cepstrum,6203_PU_2905,12000.0,14000.0,8.1874,normal,0.748,-0.5879932315158809,0,0.009999999999999998,0.692,-0.5403466475329286,1,-0.004
N15_M07_F04_KA30_10,KA30,real,outer_race,N15_M07_F04,1499.65,cepstrum,6203_PU_2905,12000.0,14000.0,1.4304,normal,0.51,-0.22000429033181634,0,-0.006,0.478,0.13419738109926302,0,0.014000000000000002
N15_M07_F04_KA30_11,KA30,real,outer_race,N15_M07_F04,1499.65,cepstrum,6203_PU_2905,10666.7,13333.3,1.4233,normal,0.138,1.6560120856052187,0,0.009999999999999998,0.284,0.5234683523945559,1,0.015000000000000003
N15_M07_F04_KA30_12,KA30,real,outer_race,N15_M07_F04,1499.83,cepstrum,6203_PU_2905,10666.7,13333.3,4.8324,normal,0.272,1.1503263829539543,2,-0.006,0.112,2.549176543102556,3,0.015000000000000003
N15_M07_F04_KA30_13,KA30,real,outer_race,N15_M07_F04,1499.61,cepstrum,6203_PU_2905,12000.0,14000.0,5.1146,normal,0.334,0.8250606371253247,1,-0.006,0.182,0.8913413499759405,0,0.019
N15_M07_F04_KA30_14,KA30,real,outer_race,N15_M07_F04,1499.6,cepstrum,6203_PU_2905,13333.3,14666.7,4.2448,normal,0.122,2.272830314304569,1,-0.006999999999999999,0.654,-0.33401568096559914,1,0.016000000000000004
N15_M07_F04_KA30_15,KA30,real,outer_race,N15_M07_F04,1499.44,cepstrum,6203_PU_2905,13333.3,14666.7,5.2027,normal,0.158,0.9809097489571905,1,-0.005000000000000001,0.358,0.3527769405595533,1,0.012
N15_M07_F04_KA30_16,KA30,real,outer_race,N15_M07_F04,1499.5,cepstrum,6203_PU_2905,12000.0,14000.0,5.4792,normal,0.286,0.510913897398037,1,-0.005000000000000001,0.714,-0.504715746626759,2,0.016000000000000004
N15_M07_F04_KA30_17,KA30,real,outer_race,N15_M07_F04,1499.4,cepstrum,6203_PU_2905,10666.7,13333.3,4.7635,inner_race,0.46,0.06392630848526414,1,-0.005000000000000001,0.014,2.861850137677415,3,0.015000000000000003
N15_M07_F04_KA30_18,KA30,real,outer_race,N15_M07_F04,1499.55,cepstrum,6203_PU_2905,12000.0,13333.3,5.1905,normal,0.322,0.41037160896088287,0,-0.006,0.094,2.2047710072896494,1,0.016000000000000004
N15_M07_F04_KA30_19,KA30,real,outer_race,N15_M07_F04,1499.43,cepstrum,6203_PU_2905,10666.7,13333.3,3.2222,normal,0.722,-0.6281512707612513,0,0.009999999999999998,0.064,1.5028544893706586,3,0.015000000000000003
N15_M07_F04_KA30_2,KA30,real,outer_race,N15_M07_F04,1499.61,cepstrum,6203_PU_2905,12000.0,13333.3,8.5467,normal,0.768,-0.49607751756572516,0,0.02,0.496,0.01273689422478263,0,-0.019
N15_M07_F04_KA30_20,KA30,real,outer_race,N15_M07_F04,1499.74,cepstrum,6203_PU_2905,13333.3,14666.7,5.012,normal,0.49,0.07110405491563464,0,0.009999999999999998,0.146,2.2483476546139856,2,0.013000000000000001
N15_M07_F04_KA30_3,KA30,real,outer_race,N15_M07_F04,1499.58,cepstrum,6203_PU_2905,13333.3,14666.7,4.8708,normal,0.292,0.238202058470449,1,-0.006,0.762,-0.681849565822203,2,0.015000000000000003
N15_M07_F04_KA30_4,KA30,real,outer_race,N15_M07_F04,1499.56,cepstrum,6203_PU_2905,12000.0,14000.0,4.333,normal,0.448,0.0678066378334896,1,-0.005000000000000001,0.236,0.7356776616367603,2,0.015000000000000003
N15_M07_F04_KA30_5,KA30,real,outer_race,N15_M07_F04,1499.67,cepstrum,6203_PU_2905,12000.0,14000.0,1.5872,normal,0.242,0.8979227287897016,1,-0.006,0.33,0.5310326017015304,0,0.014000000000000002
N15_M07_F04_KA30_6,KA30,real,outer_race,N15_M07_F04,1499.67,cepstrum,6203_PU_2905,12000.0,14000.0,5.8833,normal,0.246,2.4345511586302,1,-0.006999999999999999,0.542,-0.07901617895169707,1,0.016999999999999998
N15_M07_F04_KA30_7,KA30,real,outer_race,N15_M07_F04,1499.52,cepstrum,6203_PU_2905,12000.0,13333.3,1.5279,normal,0.87,-1.463142346588417,0,-0.005000000000000001,0.324,0.50775786281187,0,0.004
N15_M07_F04_KA30_8,KA30,real,outer_race,N15_M07_F04,1499.76,cepstrum,6203_PU_2905,12000.0,14000.0,1.471,normal,0.548,-0.09998625528737617,0,-0.006,0.628,-0.33921887969073045,1,0.0019999999999999983
N15_M07_F04_KA30_9,KA30,real,outer_race,N15_M07_F04,1499.62,cepstrum,6203_PU_2905,13333.3,14666.7,5.7609,normal,0.202,0.8300529098231646,1,-0.006999999999999999,0.418,0.16495771180430768,2,0.015000000000000003
N15_M07_F04_KI01_1,KI01,artificial,inner_race,N15_M07_F04,1499.68,cepstrum,6203_PU_2905,8000.0,10666.7,6.4062,inner_race,0.93,-1.8091628001237374,1,-0.02,0.002,4.002934373326766,23,0.0019999999999999983
N15_M07_F04_KI01_10,KI01,artificial,inner_race,N15_M07_F04,1499.62,cepstrum,6203_PU_2905,9333.3,10666.7,6.9283,inner_race,0.906,-1.8907767019508528,1,-0.017,0.002,3.300205842191976,23,0.0019999999999999983
N15_M07_F04_KI01_11,KI01,artificial,inner_race,N15_M07_F04,1499.61,cepstrum,6203_PU_2905,8000.0,10666.7,6.6242,inner_race,0.952,-1.2098779656580636,1,-0.02,0.002,4.6465839457560785,24,0.0019999999999999983
N15_M07_F04_KI01_12,KI01,artificial,inner_race,N15_M07_F04,1499.6,cepstrum,6203_PU_2905,8000.0,10000.0,5.9149,inner_race,0.962,-1.240369306390026,0,-0.015,0.002,3.7082100537665044,20,0.0019999999999999983
N15_M07_F04_KI01_13,KI01,artificial,inner_race,N15_M07_F04,1499.6,cepstrum,6203_PU_2905,8000.0,10666.7,5.6568,inner_race,0.914,-1.1573836688301458,0,-0.004,0.002,2.938063664165507,24,0.0019999999999999983
N15_M07_F04_KI01_14,KI01,artificial,inner_race,N15_M07_F04,1499.6,cepstrum,6203_PU_2905,8000.0,10666.7,5.6402,inner_race,0.932,-1.361709957186627,1,-0.019,0.002,3.5731643099482917,22,0.0019999999999999983
N15_M07_F04_KI01_15,KI01,artificial,inner_race,N15_M07_F04,1499.66,cepstrum,6203_PU_2905,8000.0,10666.7,5.6047,inner_race,0.734,-0.9243269440322983,0,-0.014,0.002,3.3574356270946373,24,0.0019999999999999983
N15_M07_F04_KI01_16,KI01,artificial,inner_race,N15_M07_F04,1499.62,cepstrum,6203_PU_2905,8000.0,10666.7,6.0291,inner_race,1.0,-2.0830808487759636,0,-0.015,0.002,3.410903181739845,23,0.0019999999999999983
N15_M07_F04_KI01_17,KI01,artificial,inner_race,N15_M07_F04,1499.59,cepstrum,6203_PU_2905,8000.0,10000.0,6.1264,inner_race,0.818,-0.773936352626672,0,-0.008,0.002,4.3988026375514755,19,0.0019999999999999983
N15_M07_F04_KI01_18,KI01,artificial,inner_race,N15_M07_F04,1499.62,cepstrum,6203_PU_2905,8000.0,10666.7,6.0218,inner_race,0.822,-0.6736438007943606,1,-0.02,0.002,3.2729343584657427,23,0.0019999999999999983
N15_M07_F04_KI01_19,KI01,artificial,inner_race,N15_M07_F04,1499.63,cepstrum,6203_PU_2905,8000.0,10000.0,5.2507,inner_race,0.956,-1.088110421846299,1,-0.02,0.002,4.919679696388672,21,0.0019999999999999983
N15_M07_F04_KI01_2,KI01,artificial,inner_race,N15_M07_F04,1499.68,cepstrum,6203_PU_2905,8000.0,10666.7,6.049,inner_race,0.624,-0.46797378028056275,1,-0.019,0.002,4.004659311304019,21,0.0019999999999999983
N15_M07_F04_KI01_20,KI01,artificial,inner_race,N15_M07_F04,1499.62,cepstrum,6203_PU_2905,9333.3,10666.7,6.2279,inner_race,0.9,-0.7036474348581352,1,-0.017,0.002,3.2649764617700296,23,0.0019999999999999983
N15_M07_F04_KI01_3,KI01,artificial,inner_race,N15_M07_F04,1499.56,cepstrum,6203_PU_2905,9333.3,10666.7,6.0661,inner_race,0.42,0.4110008915632817,0,-0.019,0.002,4.10890047176492,23,0.0019999999999999983
N15_M07_F04_KI01_4,KI01,artificial,inner_race,N15_M07_F04,1499.64,cepstrum,6203_PU_2905,8000.0,10666.7,6.2211,inner_race,0.708,-0.4102162124401949,1,-0.02,0.002,3.44619671703942,21,0.0019999999999999983
N15_M07_F04_KI01_5,KI01,artificial,inner_race,N15_M07_F04,1499.57,cepstrum,6203_PU_2905,8000.0,10666.7,6.4695,inner_race,0.89,-1.7062582431671391,1,-0.019,0.002,5.476500436684083,22,0.0019999999999999983
N15_M07_F04_KI01_6,KI01,artificial,inner_race,N15_M07_F04,1499.59,cepstrum,6203_PU_2905,8000.0,10000.0,6.2429,inner_race,0.966,-1.044349955328564,0,-0.005000000000000001,0.002,4.174227203712448,19,0.0019999999999999983
N15_M07_F04_KI01_7,KI01,artificial,inner_race,N15_M07_F04,1499.62,cepstrum,6203_PU_2905,8000.0,10666.7,6.3142,inner_race,0.97,-2.226365411441936,1,-0.017,0.002,3.685750948772889,24,0.0019999999999999983
N15_M07_F04_KI01_8,KI01,artificial,inner_race,N15_M07_F04,1499.63,cepstrum,6203_PU_2905,8000.0,10666.7,5.6169,inner_race,0.828,-1.0905923305731462,1,-0.02,0.002,3.913219385254715,22,0.0019999999999999983
N15_M07_F04_KI01_9,KI01,artificial,inner_race,N15_M07_F04,1499.57,cepstrum,6203_PU_2905,8000.0,10000.0,6.4754,inner_race,0.958,-1.7306286555158898,0,-0.0010000000000000009,0.002,4.26048686018685,18,0.0019999999999999983
N15_M07_F04_KI03_1,KI03,artificial,inner_race,N15_M07_F04,1499.59,cepstrum,6203_PU_2905,13333.3,14666.7,4.1403,normal,0.232,0.7155310830874406,0,0.008,0.474,0.03534378384752964,0,0.014000000000000002
N15_M07_F04_KI03_10,KI03,artificial,inner_race,N15_M07_F04,1499.54,cepstrum,6203_PU_2905,12000.0,14000.0,3.8305,normal,0.288,0.5782536184502967,0,0.016000000000000004,0.586,-0.21502994190570804,0,0.013000000000000001
N15_M07_F04_KI03_11,KI03,artificial,inner_race,N15_M07_F04,1499.66,cepstrum,6203_PU_2905,12000.0,14000.0,3.5043,normal,0.632,-0.19460516494192784,0,0.009000000000000001,0.652,-0.23575738798729717,1,0.0
N15_M07_F04_KI03_12,KI03,artificial,inner_race,N15_M07_F04,1499.69,cepstrum,6203_PU_2905,13333.3,14666.7,3.8819,normal,0.63,-0.4054011504610273,0,0.009999999999999998,0.98,-1.0436726584017655,1,-0.006
N15_M07_F04_KI03_13,KI03,artificial,inner_race,N15_M07_F04,1499.67,cepstrum,6203_PU_2905,13333.3,14666.7,3.2455,normal,0.75,-1.0179146306987856,0,0.009999999999999998,0.434,0.18636859934661743,0,0.014000000000000002
N15_M07_F04_KI03_14,KI03,artificial,inner_race,N15_M07_F04,1499.5,cepstrum,6203_PU_2905,12000.0,14000.0,3.6061,normal,0.418,0.11818827106377487,0,-0.011,0.47,0.09484421080644251,1,0.019
N15_M07_F04_KI03_15,KI03,artificial,inner_race,N15_M07_F04,1499.53,cepstrum,6203_PU_2905,12000.0,14000.0,3.7391,normal,0.368,0.5963137870723519,0,0.009999999999999998,0.364,0.42487566146922606,1,-0.013000000000000001
N15_M07_F04_KI03_16,KI03,artificial,inner_race,N15_M07_F04,1499.61,cepstrum,6203_PU_2905,13333.3,14666.7,3.8273,normal,0.448,0.10494435855797091,0,-0.01,0.864,-0.7750399143334036,0,-0.0010000000000000009
N15_M07_F04_KI03_17,KI03,artificial,inner_race,N15_M07_F04,1499.59,cepstrum,6203_PU_2905,12000.0,14000.0,3.3067,normal,0.17,1.3994516007713276,0,0.009999999999999998,0.874,-0.6942291427821817,0,0.014000000000000002
N15_M07_F04_KI03_18,KI03,artificial,inner_race,N15_M07_F04,1499.57,cepstrum,6203_PU_2905,13333.3,14666.7,3.5711,normal,0.908,-1.0826926426335692,0,0.016999999999999998,0.696,-0.5357913593122218,1,-0.006
N15_M07_F04_KI03_19,KI03,artificial,inner_race,N15_M07_F04,1499.61,cepstrum,6203_PU_2905,12000.0,14000.0,3.6137,normal,0.506,-0.012789557831406048,0,0.016999999999999998,0.694,-0.6525910973679452,0,0.015000000000000003
N15_M07_F04_KI03_2,KI03,artificial,inner_race,N15_M07_F04,1499.61,cepstrum,6203_PU_2905,12000.0,14000.0,4.5717,normal,0.12,2.234144532432554,0,0.009000000000000001,0.636,-0.286289520103405,1,-0.006
N15_M07_F04_KI03_20,KI03,artificial,inner_race,N15_M07_F04,1499.49,cepstrum,6203_PU_2905,12000.0,14000.0,3.5592,normal,0.33,0.397167250131066,0,-0.019,0.772,-0.6898624413645792,0,-0.002999999999999999
N15_M07_F04_KI03_3,KI03,artificial,inner_race,N15_M07_F04,1499.6,cepstrum,6203_PU_2905,12000.0,14000.0,4.0549,normal,0.184,0.8935765570537656,0,0.009000000000000001,0.798,-0.753193088526749,1,-0.012
N15_M07_F04_KI03_4,KI03,artificial,inner_race,N15_M07_F04,1499.52,cepstrum,6203_PU_2905,13333.3,14666.7,3.9106,normal,0.406,0.47646784042506884,0,0.009000000000000001,0.472,0.10031970805208529,0,0.015000000000000003
N15_M07_F04_KI03_5,KI03,artificial,inner_race,N15_M07_F04,1499.55,cepstrum,6203_PU_2905,12000.0,14000.0,3.9958,normal,0.762,-1.1327845158721133,0,0.009000000000000001,0.606,-0.3092640936982535,1,0.014000000000000002
N15_M07_F04_KI03_6,KI03,artificial,inner_race,N15_M07_F04,1499.52,cepstrum,6203_PU_2905,12000.0,14000.0,3.4007,normal,0.45,0.11448544185062855,0,-0.02,0.782,-0.656499653999215,1,-0.006
N15_M07_F04_KI03_7,KI03,artificial,inner_race,N15_M07_F04,1499.58,cepstrum,6203_PU_2905,13333.3,14666.7,3.3451,normal,0.438,0.1552939804272774,0,0.015000000000000003,0.338,0.35097560475580536,0,0.014000000000000002
N15_M07_F04_KI03_8,KI03,artificial,inner_race,N15_M07_F04,1499.71,cepstrum,6203_PU_2905,12000.0,14000.0,4.3612,normal,0.314,0.8524932785291659,0,0.009000000000000001,0.41,0.2633103811168438,1,0.014000000000000002
N15_M07_F04_KI03_9,KI03,artificial,inner_race,N15_M07_F04,1499.54,cepstrum,6203_PU_2905,13333.3,14666.7,3.9606,normal,0.584,-0.2589690543694166,0,0.016999999999999998,0.702,-0.5320725557708731,1,-0.005000000000000001
N15_M07_F04_KI04_1,KI04,real,inner_race,N15_M07_F04,1499.77,cepstrum,6203_PU_2905,12000.0,14000.0,2.9571,normal,0.112,3.0146516102546173,1,-0.008,0.294,0.4504503963440781,0,-0.006
N15_M07_F04_KI04_10,KI04,real,inner_race,N15_M07_F04,1499.91,cepstrum,6203_PU_2905,12000.0,14000.0,2.7343,normal,0.48,0.002487169194734928,1,-0.008,0.598,-0.3278454580653055,2,0.015000000000000003
N15_M07_F04_KI04_11,KI04,real,inner_race,N15_M07_F04,1499.83,cepstrum,6203_PU_2905,12000.0,14000.0,1.9863,normal,0.526,-0.10756792109412903,1,-0.006999999999999999,0.138,1.5158427560804983,2,0.014000000000000002
N15_M07_F04_KI04_12,KI04,real,inner_race,N15_M07_F04,1499.68,cepstrum,6203_PU_2905,13333.3,14666.7,2.9665,normal,0.12,2.2210261997685077,1,-0.008,0.288,0.5284051180059457,1,0.013000000000000001
N15_M07_F04_KI04_13,KI04,real,inner_race,N15_M07_F04,1499.36,cepstrum,6203_PU_2905,13333.3,14666.7,2.4939,normal,0.112,2.594301928954934,2,-0.006999999999999999,0.136,0.8266846730044224,2,0.015000000000000003
N15_M07_F04_KI04_14,KI04,real,inner_race,N15_M07_F04,1499.33,cepstrum,6203_PU_2905,13333.3,14666.7,3.0988,normal,0.116,5.377391006089612,1,-0.006999999999999999,0.1,1.974894069330804,2,0.014000000000000002
N15_M07_F04_KI04_15,KI04,real,inner_race,N15_M07_F04,1499.6,cepstrum,6203_PU_2905,12000.0,14000.0,1.5088,normal,0.542,-0.16579651971322149,0,-0.008,0.918,-1.1498663896744192,0,0.0019999999999999983
N15_M07_F04_KI04_16,KI04,real,inner_race,N15_M07_F04,1499.39,cepstrum,6203_PU_2905,9333.3,10666.7,1.1466,inner_race,0.954,-1.2564396849456454,0,-0.013000000000000001,0.004,7.7623084453663385,6,-0.006
N15_M07_F04_KI04_17,KI04,real,inner_race,N15_M07_F04,1499.73,cepstrum,6203_PU_2905,10666.7,13333.3,1.7028,normal,0.168,4.537754812748861,1,-0.006,0.274,0.6617704393000283,3,0.016000000000000004
N15_M07_F04_KI04_18,KI04,real,inner_race,N15_M07_F04,1499.66,cepstrum,6203_PU_2905,12000.0,14000.0,1.78,normal,0.324,1.234197967832417,0,0.009000000000000001,0.086,0.9771892737441186,2,0.014000000000000002
N15_M07_F04_KI04_19,KI04,real,inner_race,N15_M07_F04,1499.35,cepstrum,6203_PU_2905,12000.0,13333.3,1.4699,normal,0.204,1.3627063524889436,1,-0.006999999999999999,0.394,0.3297014378077662,1,0.014000000000000002
N15_M07_F04_KI04_2,KI04,real,inner_race,N15_M07_F04,1499.61,cepstrum,6203_PU_2905,13333.3,14666.7,2.1758,normal,0.198,1.364563130480271,1,-0.005000000000000001,0.226,0.6479190770556056,1,0.015000000000000003
N15_M07_F04_KI04_20,KI04,real,inner_race,N15_M07_F04,1499.61,cepstrum,6203_PU_2905,13333.3,14666.7,1.8799,normal,0.42,0.31639937618373265,1,-0.004,0.012,2.757303473030297,1,0.013000000000000001
N15_M07_F04_KI04_3,KI04,real,inner_race,N15_M07_F04,1499.67,cepstrum,6203_PU_2905,12000.0,14000.0,2.339,normal,0.35,0.3501393566013053,0,-0.008,0.038,2.453667007683972,2,0.015000000000000003
N15_M07_F04_KI04_4,KI04,real,inner_race,N15_M07_F04,1499.57,cepstrum,6203_PU_2905,12000.0,14000.0,1.9359,normal,0.212,0.977657439490735,1,-0.008,0.322,0.6075193912526423,2,0.014000000000000002
N15_M07_F04_KI04_5,KI04,real,inner_race,N15_M07_F04,1499.39,cepstrum,6203_PU_2905,12000.0,14000.0,2.3532,normal,0.276,0.4454854062658993,1,-0.004,0.238,0.6670087720982036,3,0.014000000000000002
N15_M07_F04_KI04_6,KI04,real,inner_race,N15_M07_F04,1499.52,cepstrum,6203_PU_2905,12000.0,13333.3,1.6386,normal,0.17,0.8688631823635088,0,0.009000000000000001,0.396,0.15953019213037223,1,0.015000000000000003
N15_M07_F04_KI04_7,KI04,real,inner_race,N15_M07_F04,1499.49,cepstrum,6203_PU_2905,12000.0,14000.0,1.5336,normal,0.492,0.005515356760777927,0,-0.008,0.66,-0.2491608617252013,1,0.016000000000000004
N15_M07_F04_KI04_8,KI04,real,inner_race,N15_M07_F04,1499.39,cepstrum,6203_PU_2905,10666.7,13333.3,2.4062,normal,0.172,1.0559009041494056,1,-0.006,0.488,0.04879672338504683,0,-0.006
N15_M07_F04_KI04_9,KI04,real,inner_race,N15_M07_F04,1499.65,cepstrum,6203_PU_2905,12000.0,14000.0,2.0666,normal,0.446,0.3511987451574568,1,-0.008,0.6,-0.27307333802393813,2,0.015000000000000003
N15_M07_F04_KI05_1,KI05,artificial,inner_race,N15_M07_F04,1498.83,cepstrum,6203_PU_2905,10666.7,13333.3,5.6579,normal,0.718,-0.2435519915453538,2,-0.006,0.326,0.34570737413555946,1,0.002999999999999999
N15_M07_F04_KI05_10,KI05,artificial,inner_race,N15_M07_F04,1499.38,cepstrum,6203_PU_2905,12000.0,14000.0,5.4926,normal,0.654,-0.37450106951966294,2,-0.005000000000000001,0.528,-0.06032347303702106,3,0.016000000000000004
N15_M07_F04_KI05_11,KI05,artificial,inner_race,N15_M07_F04,1499.77,cepstrum,6203_PU_2905,10666.7,13333.3,5.1114,normal,0.246,1.3417320201618868,1,-0.006,0.192,1.5009987060096222,2,0.015000000000000003
N15_M07_F04_KI05_12,KI05,artificial,inner_race,N15_M07_F04,1499.77,cepstrum,6203_PU_2905,10666.7,13333.3,6.9695,normal,0.664,-0.306120432887135,2,-0.006,0.708,-0.5368780086241749,1,-0.005000000000000001
N15_M07_F04_KI05_13,KI05,artificial,inner_race,N15_M07_F04,1499.64,cepstrum,6203_PU_2905,12000.0,14000.0,4.9716,normal,0.714,-0.6182889363239457,1,-0.006999999999999999,0.486,0.02872309896332986,2,0.016000000000000004
N15_M07_F04_KI05_14,KI05,artificial,inner_race,N15_M07_F04,1499.25,cepstrum,6203_PU_2905,10666.7,13333.3,4.6904,normal,0.318,0.461970700499138,1,-0.006,0.904,-1.3857362736068113,2,0.016000000000000004
N15_M07_F04_KI05_15,KI05,artificial,inner_race,N15_M07_F04,1499.66,cepstrum,6203_PU_2905,10666.7,13333.3,4.5684,normal,0.56,-0.11215202271736656,1,-0.006,0.354,0.4950301894656022,2,0.015000000000000003
N15_M07_F04_KI05_16,KI05,artificial,inner_race,N15_M07_F04,1499.54,cepstrum,6203_PU_2905,12000.0,14000.0,5.3863,normal,0.352,0.4875121641274949,1,-0.006999999999999999,0.29,0.5257732342151685,2,0.015000000000000003
N15_M07_F04_KI05_17,KI05,artificial,inner_race,N15_M07_F04,1499.58,cepstrum,6203_PU_2905,0.0,1333.3,6.6266,normal,0.248,1.0750028014060773,0,-0.006999999999999999,0.322,0.5262193516724017,0,-0.005000000000000001
N15_M07_F04_KI05_18,KI05,artificial,inner_race,N15_M07_F04,1499.85,cepstrum,6203_PU_2905,10666.7,13333.3,4.4309,normal,0.286,0.8097255538196051,1,-0.006,0.182,0.8883438963781023,2,0.015000000000000003
N15_M07_F04_KI05_19,KI05,artificial,inner_race,N15_M07_F04,1499.63,cepstrum,6203_PU_2905,12000.0,14000.0,6.795,normal,0.212,1.5495123897394723,1,-0.006999999999999999,0.214,0.790443318237899,1,-0.005000000000000001
N15_M07_F04_KI05_2,KI05,artificial,inner_race,N15_M07_F04,1500.39,cepstrum,6203_PU_2905,10666.7,13333.3,4.3894,normal,0.572,-0.2321624382133949,1,-0.006999999999999999,0.156,1.507302956903311,1,0.016000000000000004
N15_M07_F04_KI05_20,KI05,artificial,inner_race,N15_M07_F04,1499.53,cepstrum,6203_PU_2905,10666.7,13333.3,5.3215,normal,0.458,0.06383359576285234,2,-0.005000000000000001,0.306,0.4535943725831919,1,0.002999999999999999
N15_M07_F04_KI05_3,KI05,artificial,inner_race,N15_M07_F04,1500.16,cepstrum,6203_PU_2905,12000.0,14000.0,5.6182,normal,0.386,0.4748637175854143,1,-0.006,0.15,1.4811254855328067,2,0.015000000000000003
N15_M07_F04_KI05_4,KI05,artificial,inner_race,N15_M07_F04,1499.68,cepstrum,6203_PU_2905,12000.0,14000.0,5.2234,normal,0.22,1.3154954076282506,1,-0.006999999999999999,0.192,1.2517731447381717,2,0.016000000000000004
N15_M07_F04_KI05_5,KI05,artificial,inner_race,N15_M07_F04,1500.07,cepstrum,6203_PU_2905,10666.7,13333.3,5.9681,normal,0.162,1.9012864769531073,1,-0.006999999999999999,0.14,1.6120649762431545,2,0.015000000000000003
N15_M07_F04_KI05_6,KI05,artificial,inner_race,N15_M07_F04,1499.58,cepstrum,6203_PU_2905,12000.0,14000.0,5.4335,normal,0.476,0.05075180935019751,2,-0.006,0.342,0.403105403690089,2,0.016000000000000004
N15_M07_F04_KI05_7,KI05,artificial,inner_race,N15_M07_F04,1499.7,cepstrum,6203_PU_2905,12000.0,14000.0,4.7423,normal,0.378,1.1946725343692577,1,-0.006999999999999999,0.49,0.028339755883766776,2,0.016000000000000004
N15_M07_F04_KI05_8,KI05,artificial,inner_race,N15_M07_F04,1499.03,cepstrum,6203_PU_2905,12000.0,14000.0,5.7464,normal,0.322,0.2977119181512598,1,-0.005000000000000001,0.786,-0.7063378381125783,0,-0.019
N15_M07_F04_KI05_9,KI05,artificial,inner_race,N15_M07_F04,1500.14,cepstrum,6203_PU_2905,12000.0,14000.0,6.0407,normal,0.274,0.7525809067951407,1,-0.006999999999999999,0.314,0.45967159852615197,3,0.014000000000000002
N15_M07_F04_KI07_1,KI07,artificial,inner_race,N15_M07_F04,1499.74,cepstrum,6203_PU_2905,12000.0,14000.0,6.4053,normal,0.276,0.9840771830256811,1,-0.006999999999999999,0.172,1.2438859187965388,2,0.016000000000000004
N15_M07_F04_KI07_10,KI07,artificial,inner_race,N15_M07_F04,1499.55,cepstrum,6203_PU_2905,10666.7,13333.3,4.5569,normal,0.25,0.6479579040797129,1,-0.006999999999999999,0.3,0.6402402519503714,2,0.014000000000000002
N15_M07_F04_KI07_11,KI07,artificial,inner_race,N15_M07_F04,1499.52,cepstrum,6203_PU_2905,12000.0,14000.0,3.5611,normal,0.222,1.0585094718978343,1,-0.006999999999999999,0.262,1.357528747468268,1,0.014000000000000002
N15_M07_F04_KI07_12,KI07,artificial,inner_race,N15_M07_F04,1499.52,cepstrum,6203_PU_2905,10666.7,13333.3,4.2916,normal,0.516,-0.02614315187446914,1,-0.008,0.12,1.9624586044693457,1,0.015000000000000003
N15_M07_F04_KI07_13,KI07,artificial,inner_race,N15_M07_F04,1499.54,cepstrum,6203_PU_2905,12000.0,14000.0,4.5896,normal,0.204,1.215739113127953,1,-0.005000000000000001,0.078,1.230800131861296,1,0.014000000000000002
N15_M07_F04_KI07_14,KI07,artificial,inner_race,N15_M07_F04,1499.46,cepstrum,6203_PU_2905,12000.0,13333.3,5.2727,normal,0.684,-0.5816200694683277,0,0.009999999999999998,0.356,0.33340527412640736,1,0.015000000000000003
N15_M07_F04_KI07_15,KI07,artificial,inner_race,N15_M07_F04,1499.35,cepstrum,6203_PU_2905,10666.7,13333.3,5.7269,normal,0.32,1.194092832013944,2,-0.006999999999999999,0.758,-0.6221831880477757,2,0.015000000000000003
N15_M07_F04_KI07_16,KI07,artificial,inner_race,N15_M07_F04,1499.33,cepstrum,6203_PU_2905,10666.7,13333.3,7.0329,normal,0.232,1.781152674562892,1,-0.005000000000000001,0.552,-0.12156733966934198,2,0.016000000000000004
N15_M07_F04_KI07_17,KI07,artificial,inner_race,N15_M07_F04,1499.84,cepstrum,6203_PU_2905,10666.7,13333.3,3.8761,normal,0.444,0.18105926244154352,0,0.009000000000000001,0.334,0.46035488443685096,2,0.014000000000000002
N15_M07_F04_KI07_18,KI07,artificial,inner_race,N15_M07_F04,1499.88,cepstrum,6203_PU_2905,12000.0,14000.0,4.8749,normal,0.218,0.8164365108276868,0,0.009000000000000001,0.68,-0.39487771154222895,2,0.013000000000000001
N15_M07_F04_KI07_19,KI07,artificial,inner_race,N15_M07_F04,1499.34,cepstrum,6203_PU_2905,10666.7,13333.3,5.5842,normal,0.658,-0.25830011330678954,2,0.009000000000000001,0.426,0.23757426198044965,3,0.013000000000000001
N15_M07_F04_KI07_2,KI07,artificial,inner_race,N15_M07_F04,1499.79,cepstrum,6203_PU_2905,12000.0,14000.0,6.36,normal,0.262,1.7056645823540466,0,-0.008,0.732,-0.5732671384519583,1,0.014000000000000002
N15_M07_F04_KI07_20,KI07,artificial,inner_race,N15_M07_F04,1499.47,cepstrum,6203_PU_2905,12000.0,14000.0,4.3564,normal,0.376,0.3899299113562907,1,-0.006999999999999999,0.146,1.7323232816337715,2,0.015000000000000003
N15_M07_F04_KI07_3,KI07,artificial,inner_race,N15_M07_F04,1499.52,cepstrum,6203_PU_2905,13333.3,14666.7,6.4136,normal,0.256,0.8215674795752794,1,-0.005000000000000001,0.126,1.8948415427971943,1,-0.006
N15_M07_F04_KI07_4,KI07,artificial,inner_race,N15_M07_F04,1499.48,cepstrum,6203_PU_2905,12000.0,14000.0,4.9897,normal,0.338,0.8226037760122353,1,0.009000000000000001,0.64,-0.36679059675907233,1,0.015000000000000003
N15_M07_F04_KI07_5,KI07,artificial,inner_race,N15_M07_F04,1499.6,cepstrum,6203_PU_2905,12000.0,14000.0,5.8365,normal,0.184,1.375388541246616,1,-0.006,0.356,0.518026771719605,2,0.015000000000000003
N15_M07_F04_KI07_6,KI07,artificial,inner_race,N15_M07_F04,1499.05,cepstrum,6203_PU_2905,10666.7,13333.3,4.5877,normal,0.19,1.3432425722082642,1,-0.006999999999999999,0.37,0.2574063811898492,1,0.011
N15_M07_F04_KI07_7,KI07,artificial,inner_race,N15_M07_F04,1499.6,cepstrum,6203_PU_2905,13333.3,14666.7,5.936,normal,0.218,0.7240462216876182,1,-0.006999999999999999,0.434,0.18255671235832974,2,0.013000000000000001
N15_M07_F04_KI07_8,KI07,artificial,inner_race,N15_M07_F04,1499.18,cepstrum,6203_PU_2905,12000.0,14000.0,4.0136,normal,0.266,0.8128313997410316,1,-0.005000000000000001,0.204,1.249974866831168,2,0.016000000000000004
N15_M07_F04_KI07_9,KI07,artificial,inner_race,N15_M07_F04,1499.87,cepstrum,6203_PU_2905,10666.7,13333.3,5.5446,normal,0.168,2.246758300066609,1,-0.006,0.832,-0.901219197706852,1,0.014000000000000002
N15_M07_F04_KI08_1,KI08,artificial,inner_race,N15_M07_F04,1499.6,cepstrum,6203_PU_2905,13333.3,14666.7,6.0106,normal,0.756,-0.5921558987747728,0,-0.008,0.366,0.32426097637682344,1,0.015000000000000003
N15_M07_F04_KI08_10,KI08,artificial,inner_race,N15_M07_F04,1499.52,cepstrum,6203_PU_2905,10666.7,13333.3,5.106,normal,0.364,0.4286788727039532,1,0.011,0.834,-0.8256476933993302,1,-0.005000000000000001
N15_M07_F04_KI08_11,KI08,artificial,inner_race,N15_M07_F04,1499.56,cepstrum,6203_PU_2905,10666.7,13333.3,3.4727,normal,0.854,-0.7183086670512128,0,0.011,0.308,0.5244678724098222,0,0.014000000000000002
N15_M07_F04_KI08_12,KI08,artificial,inner_race,N15_M07_F04,1499.39,cepstrum,6203_PU_2905,10666.7,13333.3,5.0459,normal,0.278,0.942884701614324,1,-0.006999999999999999,0.318,0.6518235883287516,1,0.015000000000000003
N15_M07_F04_KI08_13,KI08,artificial,inner_race,N15_M07_F04,1499.65,cepstrum,6203_PU_2905,10666.7,13333.3,4.9152,normal,0.258,0.7485171531139547,1,-0.006999999999999999,0.256,0.7318375097643065,1,0.013000000000000001
N15_M07_F04_KI08_14,KI08,artificial,inner_race,N15_M07_F04,1499.7,cepstrum,6203_PU_2905,12000.0,14000.0,4.718,normal,0.49,0.029582255451862133,0,0.009000000000000001,0.312,0.7343240176378856,1,0.015000000000000003
N15_M07_F04_KI08_15,KI08,artificial,inner_race,N15_M07_F04,1499.38,cepstrum,6203_PU_2905,12000.0,14000.0,3.4526,normal,0.25,1.0047218635316069,0,0.009000000000000001,0.218,0.9661104548227064,2,0.016000000000000004
N15_M07_F04_KI08_16,KI08,artificial,inner_race,N15_M07_F04,1499.74,cepstrum,6203_PU_2905,12000.0,13333.3,4.1949,normal,0.14,1.4281327112177473,1,-0.006999999999999999,0.304,0.666368451461874,1,0.009999999999999998
N15_M07_F04_KI08_17,KI08,artificial,inner_race,N15_M07_F04,1499.52,cepstrum,6203_PU_2905,10666.7,13333.3,5.5793,normal,0.7,-0.3455687709069358,1,-0.005000000000000001,0.198,0.6764631349094549,2,-0.006
N15_M07_F04_KI08_18,KI08,artificial,inner_race,N15_M07_F04,1499.47,cepstrum,6203_PU_2905,12000.0,14000.0,5.5725,normal,0.246,1.1357472144440641,2,0.009000000000000001,0.468,0.11620956362347853,2,0.015000000000000003
N15_M07_F04_KI08_19,KI08,artificial,inner_race,N15_M07_F04,1499.68,cepstrum,6203_PU_2905,12000.0,14000.0,4.9339,normal,0.496,0.1330949596852047,1,-0.006,0.096,0.9486296591998886,2,-0.006
N15_M07_F04_KI08_2,KI08,artificial,inner_race,N15_M07_F04,1499.63,cepstrum,6203_PU_2905,10666.7,13333.3,4.7981,normal,0.384,0.08287878190080504,1,-0.006999999999999999,0.22,1.0043418707044418,0,0.019
N15_M07_F04_KI08_20,KI08,artificial,inner_race,N15_M07_F04,1499.54,cepstrum,6203_PU_2905,12000.0,14000.0,5.4663,normal,0.196,0.8345020543017158,1,-0.006999999999999999,0.23,0.9989258278929732,2,0.016000000000000004
N15_M07_F04_KI08_3,KI08,artificial,inner_race,N15_M07_F04,1499.65,cepstrum,6203_PU_2905,10666.7,13333.3,3.0286,normal,1.0,-2.116768871667788,0,-0.0010000000000000009,0.766,-0.8709276353766933,0,0.0
N15_M07_F04_KI08_4,KI08,artificial,inner_race,N15_M07_F04,1499.89,cepstrum,6203_PU_2905,12000.0,14000.0,4.0087,normal,0.346,0.7161218603272963,1,-0.006999999999999999,0.16,1.7166884099463986,2,0.014000000000000002
N15_M07_F04_KI08_5,KI08,artificial,inner_race,N15_M07_F04,1499.65,cepstrum,6203_PU_2905,12000.0,14000.0,5.867,normal,0.202,0.7977043926146269,1,0.011,0.11,1.2858491940628047,2,0.015000000000000003
N15_M07_F04_KI08_6,KI08,artificial,inner_race,N15_M07_F04,1499.74,cepstrum,6203_PU_2905,12000.0,14000.0,4.6404,normal,0.35,0.6110010531183461,0,0.009000000000000001,0.4,0.21617314045472266,1,0.014000000000000002
N15_M07_F04_KI08_7,KI08,artificial,inner_race,N15_M07_F04,1499.39,cepstrum,6203_PU_2905,12000.0,14000.0,3.8271,normal,0.28,0.45518905428299306,1,-0.006999999999999999,0.056,2.2519498448497335,4,0.015000000000000003
N15_M07_F04_KI08_8,KI08,artificial,inner_race,N15_M07_F04,1499.41,cepstrum,6203_PU_2905,12000.0,14000.0,3.9745,normal,0.212,0.542337637339074,1,-0.006999999999999999,0.03,2.780606332625453,2,0.015000000000000003
N15_M07_F04_KI08_9,KI08,artificial,inner_race,N15_M07_F04,1499.61,cepstrum,6203_PU_2905,10666.7,13333.3,5.8888,normal,0.652,-0.3313033892613874,1,-0.006,0.078,1.2477052666936927,2,-0.006
N15_M07_F04_KI14_1,KI14,real,inner_race,N15_M07_F04,1499.55,cepstrum,6203_PU_2905,12000.0,13333.3,3.8184,normal,0.518,-0.07011206558173373,0,0.011,0.95,-1.0491238851340006,1,-0.005000000000000001
N15_M07_F04_KI14_10,KI14,real,inner_race,N15_M07_F04,1499.67,cepstrum,6203_PU_2905,12000.0,14000.0,3.7715,normal,0.646,-0.35830900639768143,0,0.009999999999999998,0.526,-0.13893250721925235,0,0.015000000000000003
N15_M07_F04_KI14_11,KI14,real,inner_race,N15_M07_F04,1499.62,cepstrum,6203_PU_2905,12000.0,14000.0,3.6538,normal,0.974,-1.0471231972369333,0,0.002999999999999999,0.5,0.0004214617698140517,1,-0.006
N15_M07_F04_KI14_12,KI14,real,inner_race,N15_M07_F04,1499.59,cepstrum,6203_PU_2905,12000.0,14000.0,3.8516,normal,0.58,-0.26739643620335946,0,0.015000000000000003,0.936,-1.169706579416792,0,0.015000000000000003
N15_M07_F04_KI14_13,KI14,real,inner_race,N15_M07_F04,1499.46,cepstrum,6203_PU_2905,12000.0,14000.0,4.0948,normal,0.598,-0.27766477210434837,0,-0.02,0.902,-1.0604380725683924,1,-0.012
N15_M07_F04_KI14_14,KI14,real,inner_race,N15_M07_F04,1499.59,cepstrum,6203_PU_2905,13333.3,14666.7,3.4651,normal,0.986,-1.7434938393479509,0,0.013000000000000001,0.786,-0.6883121635747442,1,-0.006
N15_M07_F04_KI14_15,KI14,real,inner_race,N15_M07_F04,1499.5,cepstrum,6203_PU_2905,12000.0,14000.0,4.1229,normal,0.75,-0.48470085416667874,0,-0.008,0.564,-0.13725381568579664,2,-0.006
N15_M07_F04_KI14_16,KI14,real,inner_race,N15_M07_F04,1499.43,cepstrum,6203_PU_2905,13333.3,14666.7,3.7033,normal,0.33,0.6638087329104216,0,0.015000000000000003,0.666,-0.3907179136267685,0,-0.017
N15_M07_F04_KI14_17,KI14,real,inner_race,N15_M07_F04,1499.59,cepstrum,6203_PU_2905,12000.0,14000.0,3.6232,normal,0.962,-1.7718899675850803,0,-0.017,0.512,-0.019481779042381034,0,0.014000000000000002
N15_M07_F04_KI14_18,KI14,real,inner_race,N15_M07_F04,1499.65,cepstrum,6203_PU_2905,12000.0,14000.0,3.7607,normal,0.712,-0.5296190111046489,0,-0.008,0.766,-0.694029432454974,0,0.004
N15_M07_F04_KI14_19,KI14,real,inner_race,N15_M07_F04,1499.59,cepstrum,6203_PU_2905,12000.0,14000.0,4.3799,normal,0.578,-0.21257823769577167,0,0.011,0.88,-1.1269340463072708,0,-0.006999999999999999
N15_M07_F04_KI14_2,KI14,real,inner_race,N15_M07_F04,1499.58,cepstrum,6203_PU_2905,12000.0,14000.0,3.7523,normal,0.476,0.18726476266031664,0,-0.02,0.692,-0.5233025860395321,1,-0.005000000000000001
N15_M07_F04_KI14_20,KI14,real,inner_race,N15_M07_F04,1499.47,cepstrum,6203_PU_2905,12000.0,14000.0,3.7939,normal,0.784,-0.9265223757926226,0,0.015000000000000003,0.716,-0.5667476642555056,2,-0.006
N15_M07_F04_KI14_3,KI14,real,inner_race,N15_M07_F04,1499.49,cepstrum,6203_PU_2905,13333.3,14666.7,3.8761,normal,0.948,-1.7717694734955995,0,0.009000000000000001,0.542,-0.13140801688408218,1,-0.005000000000000001
N15_M07_F04_KI14_4,KI14,real,inner_race,N15_M07_F04,1499.64,cepstrum,6203_PU_2905,13333.3,14666.7,3.7658,normal,0.624,-0.5350097967619021,0,0.011,0.19,1.243495281483245,0,0.0019999999999999983
N15_M07_F04_KI14_5,KI14,real,inner_race,N15_M07_F04,1499.56,cepstrum,6203_PU_2905,12000.0,14000.0,3.4986,normal,0.354,0.45583933956927103,0,0.018,0.764,-0.8102204818384557,0,0.014000000000000002
N15_M07_F04_KI14_6,KI14,real,inner_race,N15_M07_F04,1499.66,cepstrum,6203_PU_2905,12000.0,14000.0,3.2139,normal,0.644,-0.6250273206048861,0,0.016000000000000004,0.42,0.2206270209192248,0,-0.006999999999999999
N15_M07_F04_KI14_7,KI14,real,inner_race,N15_M07_F04,1499.46,cepstrum,6203_PU_2905,12000.0,14000.0,3.861,normal,0.76,-0.8161048402982137,0,0.016999999999999998,0.956,-1.2711798287267935,0,-0.006999999999999999
N15_M07_F04_KI14_8,KI14,real,inner_race,N15_M07_F04,1499.51,cepstrum,6203_PU_2905,12000.0,14000.0,3.6485,normal,0.38,0.05937852171563455,0,0.009000000000000001,0.794,-0.809201094962266,2,-0.013000000000000001
N15_M07_F04_KI14_9,KI14,real,inner_race,N15_M07_F04,1499.67,cepstrum,6203_PU_2905,13333.3,14666.7,4.1063,normal,0.61,-0.07667966698890112,0,0.016999999999999998,0.628,-0.3014528754140223,1,-0.006
N15_M07_F04_KI16_1,KI16,real,inner_race,N15_M07_F04,1499.68,cepstrum,6203_PU_2855,0.0,2000.0,7.4383,inner_race,0.002,5.386167597723599,0,-0.02,0.002,3.7377207449672345,4,0.004
N15_M07_F04_KI16_10,KI16,real,inner_race,N15_M07_F04,1499.13,cepstrum,6203_PU_2855,0.0,2000.0,8.1133,normal,0.062,2.98225709944867,0,-0.02,0.002,3.297047508911236,0,0.005000000000000001
N15_M07_F04_KI16_11,KI16,real,inner_race,N15_M07_F04,1500.21,cepstrum,6203_PU_2855,0.0,2000.0,3.6799,normal,0.072,1.2345686903379383,0,-0.02,0.002,4.114245625142287,0,0.005000000000000001
N15_M07_F04_KI16_12,KI16,real,inner_race,N15_M07_F04,1499.13,cepstrum,6203_PU_2855,0.0,2000.0,5.1313,normal,0.998,-1.3450191161022298,0,-0.015,0.08,1.1461377151433139,0,0.009000000000000001
N15_M07_F04_KI16_13,KI16,real,inner_race,N15_M07_F04,1499.48,cepstrum,6203_PU_2855,0.0,2000.0,3.7819,normal,0.002,3.781908798874941,0,-0.02,0.002,2.676234837536544,0,0.004
N15_M07_F04_KI16_14,KI16,real,inner_race,N15_M07_F04,1499.33,cepstrum,6203_PU_2855,0.0,2000.0,4.1743,normal,0.152,1.555645244152914,0,-0.02,0.102,1.3773865664064762,0,-0.014
N15_M07_F04_KI16_15,KI16,real,inner_race,N15_M07_F04,1499.93,cepstrum,6203_PU_2855,0.0,2000.0,3.6867,normal,0.892,-1.2502721572875628,0,0.019,0.106,1.9270300239122409,0,0.0010000000000000009
N15_M07_F04_KI16_16,KI16,real,inner_race,N15_M07_F04,1499.63,cepstrum,6203_PU_2855,12000.0,14000.0,3.7632,normal,0.548,-0.17153457566685554,0,-0.016,0.918,-0.9720260322717995,1,-0.01
N15_M07_F04_KI16_17,KI16,real,inner_race,N15_M07_F04,1499.94,cepstrum,6203_PU_2855,12000.0,14000.0,3.2878,normal,0.686,-0.4910222263476223,0,-0.011,0.89,-0.9262513783966259,0,0.016000000000000004
N15_M07_F04_KI16_18,KI16,real,inner_race,N15_M07_F04,1499.9,cepstrum,6203_PU_2855,0.0,2000.0,6.9467,normal,0.564,-0.19789789732980187,0,-0.015,0.002,3.6342811393383285,0,0.005000000000000001
N15_M07_F04_KI16_19,KI16,real,inner_race,N15_M07_F04,1499.45,cepstrum,6203_PU_2855,12000.0,14000.0,3.5838,normal,0.826,-0.647999968037712,0,0.012,0.598,-0.21646607684815192,1,-0.015
N15_M07_F04_KI16_2,KI16,real,inner_race,N15_M07_F04,1499.26,cepstrum,6203_PU_2855,0.0,2000.0,3.7463,normal,0.148,1.0056857979234375,0,-0.014,0.002,4.008148153922026,0,0.005000000000000001
N15_M07_F04_KI16_20,KI16,real,inner_race,N15_M07_F04,1499.74,cepstrum,6203_PU_2855,12000.0,14000.0,3.971,normal,0.884,-1.028830524794816,0,-0.015,0.432,0.13916643386595684,2,-0.009000000000000001
N15_M07_F04_KI16_3,KI16,real,inner_race,N15_M07_F04,1499.19,cepstrum,6203_PU_2855,12000.0,14000.0,3.2935,normal,0.832,-0.84406137943853,0,0.014000000000000002,0.592,-0.20526755207779984,2,-0.01
N15_M07_F04_KI16_4,KI16,real,inner_race,N15_M07_F04,1499.54,cepstrum,6203_PU_2855,12000.0,14000.0,3.5432,normal,0.308,0.7599762899624495,0,0.014000000000000002,0.64,-0.33393444671371514,2,-0.016
N15_M07_F04_KI16_5,KI16,real,inner_race,N15_M07_F04,1499.78,cepstrum,6203_PU_2855,0.0,2000.0,3.9824,normal,0.276,0.7079043355689426,0,0.016000000000000004,0.002,2.8274566493730235,0,0.008
N15_M07_F04_KI16_6,KI16,real,inner_race,N15_M07_F04,1499.72,cepstrum,6203_PU_2855,0.0,2000.0,6.2073,normal,0.36,0.37373570861734556,0,0.013000000000000001,0.852,-0.7824734870990321,0,0.006999999999999999
N15_M07_F04_KI16_7,KI16,real,inner_race,N15_M07_F04,1499.44,cepstrum,6203_PU_2855,0.0,2000.0,3.1482,normal,0.34,0.2954028572674802,0,-0.013000000000000001,0.16,1.8580957631929214,0,0.005000000000000001
N15_M07_F04_KI16_8,KI16,real,inner_race,N15_M07_F04,1499.23,cepstrum,6203_PU_2855,0.0,2000.0,3.689,normal,0.002,5.865084621112113,0,-0.02,0.002,3.545597906417317,0,0.005000000000000001
N15_M07_F04_KI16_9,KI16,real,inner_race,N15_M07_F04,1499.53,cepstrum,6203_PU_2855,12000.0,14000.0,3.6716,normal,0.48,0.016854975126265354,0,0.019,0.752,-0.5687666196264795,1,-0.009000000000000001
N15_M07_F04_KI17_1,KI17,real,inner_race,N15_M07_F04,1499.73,cepstrum,6203_PU_2905,9333.3,10666.7,11.0006,normal,0.426,0.23078285994013897,0,0.009000000000000001,0.428,0.19971145478773056,0,0.009000000000000001
N15_M07_F04_KI17_10,KI17,real,inner_race,N15_M07_F04,1499.61,cepstrum,6203_PU_2905,9333.3,10666.7,24.7347,normal,0.404,0.5624272539797489,0,0.012,0.022,1.5785111327943684,0,0.0010000000000000009
N15_M07_F04_KI17_11,KI17,real,inner_race,N15_M07_F04,1498.92,cepstrum,6203_PU_2905,8000.0,10000.0,8.4149,normal,0.364,0.7603627787887668,0,-0.006999999999999999,0.274,0.5706244733658006,0,-0.0010000000000000009
N15_M07_F04_KI17_12,KI17,real,inner_race,N15_M07_F04,1499.04,cepstrum,6203_PU_2905,9333.3,10666.7,14.8951,normal,0.724,-0.7606967817753415,0,-0.008,0.222,0.7636912386837533,0,0.0010000000000000009
N15_M07_F04_KI17_13,KI17,real,inner_race,N15_M07_F04,1499.6,cepstrum,6203_PU_2905,8000.0,12000.0,6.6778,normal,0.648,-0.32824999486433243,0,-0.006,0.026,1.5504948481610417,0,0.0
N15_M07_F04_KI17_14,KI17,real,inner_race,N15_M07_F04,1500.62,cepstrum,6203_PU_2905,12000.0,14000.0,3.8868,normal,0.278,0.8186452561582211,0,0.011,0.448,0.17603842480418894,1,0.0
N15_M07_F04_KI17_15,KI17,real,inner_race,N15_M07_F04,1499.42,cepstrum,6203_PU_2905,8000.0,10666.7,5.839,normal,0.198,0.785710632218982,0,-0.006,0.002,2.816405562587405,0,0.0
N15_M07_F04_KI17_16,KI17,real,inner_race,N15_M07_F04,1499.04,cepstrum,6203_PU_2905,8000.0,10666.7,7.8114,normal,0.828,-1.1251098361501348,0,-0.006,0.06,3.6526772775920398,0,0.0
N15_M07_F04_KI17_17,KI17,real,inner_race,N15_M07_F04,1499.71,cepstrum,6203_PU_2905,8000.0,12000.0,9.406,normal,0.618,-0.42586559762178955,0,0.004,0.116,1.6426694842065683,0,0.0
N15_M07_F04_KI17_18,KI17,real,inner_race,N15_M07_F04,1499.54,cepstrum,6203_PU_2905,0.0,1333.3,6.3757,normal,0.142,2.213814565564965,0,0.002999999999999999,0.418,0.27106369849309714,0,0.0010000000000000009
N15_M07_F04_KI17_19,KI17,real,inner_race,N15_M07_F04,1501.4,cepstrum,6203_PU_2905,8000.0,12000.0,3.9221,normal,0.708,-0.591221144947053,0,-0.015,0.378,0.42506530538146275,0,-0.0010000000000000009
N15_M07_F04_KI17_2,KI17,real,inner_race,N15_M07_F04,1499.49,cepstrum,6203_PU_2905,8000.0,10000.0,41.3786,normal,0.028,2.320058815734302,0,0.02,0.452,0.0756083919243824,0,-0.008
N15_M07_F04_KI17_20,KI17,real,inner_race,N15_M07_F04,1499.9,cepstrum,6203_PU_2905,8000.0,10000.0,26.2268,normal,0.532,-0.2127501938129827,0,0.0019999999999999983,0.308,0.8344684855801296,0,-0.017
N15_M07_F04_KI17_3,KI17,real,inner_race,N15_M07_F04,1499.82,cepstrum,6203_PU_2905,9333.3,10666.7,12.2728,normal,0.744,-0.49827744428032883,0,0.016999999999999998,0.038,1.8291322517556436,0,0.002999999999999999
N15_M07_F04_KI17_4,KI17,real,inner_race,N15_M07_F04,1499.57,cepstrum,6203_PU_2905,9333.3,10666.7,96.2989,normal,0.894,-1.2053981309379405,0,-0.02,0.576,-0.06954023489896553,0,0.016000000000000004
N15_M07_F04_KI17_5,KI17,real,inner_race,N15_M07_F04,1499.79,cepstrum,6203_PU_2905,9333.3,10666.7,13.0841,normal,0.014,3.3238148831481586,0,0.0,0.002,3.8794004697298976,0,-0.0019999999999999983
N15_M07_F04_KI17_6,KI17,real,inner_race,N15_M07_F04,1499.09,cepstrum,6203_PU_2905,9333.3,10666.7,24.2529,normal,0.464,0.08853060461229215,0,0.004,0.428,0.17935906184881528,0,0.0
N15_M07_F04_KI17_7,KI17,real,inner_race,N15_M07_F04,1499.42,cepstrum,6203_PU_2905,13333.3,14666.7,3.9976,normal,0.75,-0.310751458385304,0,-0.02,0.35,0.45724327072998605,0,0.018
N15_M07_F04_KI17_8,KI17,real,inner_race,N15_M07_F04,1499.57,cepstrum,6203_PU_2905,8000.0,10666.7,10.3701,normal,0.45,0.22960546039401872,0,-0.006999999999999999,0.072,1.3541388562683774,0,0.0
N15_M07_F04_KI17_9,KI17,real,inner_race,N15_M07_F04,1499.09,cepstrum,6203_PU_2905,0.0,1333.3,4.2087,normal,0.256,1.055278405928801,0,0.0,0.638,-0.33591286840428175,0,0.0019999999999999983
N15_M07_F04_KI18_1,KI18,real,inner_race,N15_M07_F04,1499.43,cepstrum,6203_PU_2905,0.0,1333.3,8.9431,normal,0.158,1.9092658942002612,0,-0.015,0.014,1.5966476724968415,0,0.014000000000000002
N15_M07_F04_KI18_10,KI18,real,inner_race,N15_M07_F04,1499.45,cepstrum,6203_PU_2905,0.0,1333.3,4.1629,normal,0.298,0.6498458571037979,0,0.006999999999999999,0.072,2.21202834254889,0,0.0019999999999999983
N15_M07_F04_KI18_11,KI18,real,inner_race,N15_M07_F04,1499.8,cepstrum,6203_PU_2905,13333.3,14666.7,3.5537,normal,0.512,-0.06843548698984203,0,-0.006999999999999999,0.652,-0.2708199282999722,1,-0.006
N15_M07_F04_KI18_12,KI18,real,inner_race,N15_M07_F04,1499.5,cepstrum,6203_PU_2905,12000.0,14000.0,3.5023,normal,0.698,-0.9690796419674677,0,0.016000000000000004,0.884,-0.8973374637849982,1,-0.013000000000000001
N15_M07_F04_KI18_13,KI18,real,inner_race,N15_M07_F04,1499.52,cepstrum,6203_PU_2905,13333.3,14666.7,3.6155,normal,0.282,0.3286445918220954,0,0.009999999999999998,0.55,-0.08854818849604458,1,-0.005000000000000001
N15_M07_F04_KI18_14,KI18,real,inner_race,N15_M07_F04,1499.57,cepstrum,6203_PU_2905,13333.3,14666.7,3.5615,normal,0.862,-1.172262726970617,0,0.008,0.162,1.1726992147691349,1,-0.006
N15_M07_F04_KI18_15,KI18,real,inner_race,N15_M07_F04,1499.56,cepstrum,6203_PU_2905,0.0,1333.3,4.7599,normal,0.228,0.5212484731922153,0,0.006000000000000002,0.054,1.443176794904385,0,0.006999999999999999
N15_M07_F04_KI18_16,KI18,real,inner_race,N15_M07_F04,1499.66,cepstrum,6203_PU_2905,0.0,1333.3,4.1033,normal,0.432,0.20759691384719528,0,-0.02,0.002,3.5428921203780837,0,0.0010000000000000009
N15_M07_F04_KI18_17,KI18,real,inner_race,N15_M07_F04,1499.67,cepstrum,6203_PU_2905,0.0,1333.3,3.9992,normal,0.036,1.7851194849423313,0,-0.018000000000000002,0.002,3.3383789189879165,0,0.0019999999999999983
N15_M07_F04_KI18_18,KI18,real,inner_race,N15_M07_F04,1499.4,cepstrum,6203_PU_2905,12000.0,14000.0,3.669,normal,0.718,-0.44513020730088343,0,0.008,0.444,0.12389566163134567,0,0.009000000000000001
N15_M07_F04_KI18_19,KI18,real,inner_race,N15_M07_F04,1499.61,cepstrum,6203_PU_2905,13333.3,14666.7,4.0015,normal,0.852,-0.9198971855777925,0,-0.006,0.676,-0.469327808655496,1,-0.006999999999999999
N15_M07_F04_KI18_2,KI18,real,inner_race,N15_M07_F04,1499.41,cepstrum,6203_PU_2905,0.0,1333.3,5.2761,normal,0.892,-1.6632810833319533,0,0.009000000000000001,0.05,1.441086709497863,0,-0.014
N15_M07_F04_KI18_20,KI18,real,inner_race,N15_M07_F04,1499.63,cepstrum,6203_PU_2905,12000.0,14000.0,3.7525,normal,0.912,-0.9061957542904173,0,0.016999999999999998,0.382,0.32397202022966903,1,-0.006
N15_M07_F04_KI18_3,KI18,real,inner_race,N15_M07_F04,1499.56,cepstrum,6203_PU_2905,13333.3,14666.7,3.6568,normal,0.846,-1.1219929098166286,0,-0.019,0.156,1.1823019908208199,1,-0.005000000000000001
N15_M07_F04_KI18_4,KI18,real,inner_race,N15_M07_F04,1499.75,cepstrum,6203_PU_2905,13333.3,14666.7,3.6891,normal,0.886,-2.593230358689103,0,-0.019,0.864,-1.325076605460661,0,-0.008
N15_M07_F04_KI18_5,KI18,real,inner_race,N15_M07_F04,1499.89,cepstrum,6203_PU_2905,13333.3,14666.7,3.4064,normal,0.54,-0.105797881362253,0,0.016000000000000004,0.672,-0.3839484166915535,0,0.018
N15_M07_F04_KI18_6,KI18,real,inner_race,N15_M07_F04,1499.73,cepstrum,6203_PU_2905,13333.3,14666.7,4.1092,normal,0.832,-0.8926639604810034,0,-0.02,0.808,-0.7014766217328439,1,-0.005000000000000001
N15_M07_F04_KI18_7,KI18,real,inner_race,N15_M07_F04,1499.68,cepstrum,6203_PU_2905,13333.3,14666.7,3.729,normal,0.326,1.1704487203209215,0,0.016999999999999998,0.144,1.7988443406715626,1,-0.012
N15_M07_F04_KI18_8,KI18,real,inner_race,N15_M07_F04,1499.65,cepstrum,6203_PU_2905,12000.0,14000.0,4.0004,normal,0.464,0.22503458010676522,0,0.016999999999999998,0.764,-0.8006179732983233,1,0.0
N15_M07_F04_KI18_9,KI18,real,inner_race,N15_M07_F04,1499.45,cepstrum,6203_PU_2905,12000.0,14000.0,3.581,normal,0.926,-2.775186842104707,0,-0.018000000000000002,0.762,-0.6388906676739398,1,-0.006
N15_M07_F04_KI21_1,KI21,real,inner_race,N15_M07_F04,1499.6,cepstrum,6203_PU_2855,12000.0,14000.0,2.8211,normal,0.718,-0.43278398690008246,0,0.006000000000000002,0.98,-1.5120900057869695,0,0.018
N15_M07_F04_KI21_10,KI21,real,inner_race,N15_M07_F04,1499.64,cepstrum,6203_PU_2855,12000.0,14000.0,3.3382,normal,0.792,-0.7088085087419002,0,-0.012,0.868,-1.0369174756186914,2,-0.016
N15_M07_F04_KI21_11,KI21,real,inner_race,N15_M07_F04,1499.66,cepstrum,6203_PU_2855,12000.0,14000.0,2.2163,normal,0.856,-0.5730200462881992,0,-0.0019999999999999983,0.988,-1.6196705416198265,0,-0.015
N15_M07_F04_KI21_12,KI21,real,inner_race,N15_M07_F04,1499.46,cepstrum,6203_PU_2855,12000.0,14000.0,2.3148,normal,0.482,0.016537781637468822,1,0.014000000000000002,0.864,-0.8877989638912804,2,-0.016
N15_M07_F04_KI21_13,KI21,real,inner_race,N15_M07_F04,1499.75,cepstrum,6203_PU_2855,12000.0,14000.0,2.5484,normal,0.866,-1.385949551690724,0,0.016999999999999998,0.712,-0.525947609595923,1,-0.004
N15_M07_F04_KI21_14,KI21,real,inner_race,N15_M07_F04,1499.08,cepstrum,6203_PU_2855,12000.0,14000.0,2.861,normal,0.868,-0.9041127414558238,0,-0.014,0.54,-0.1298816420866073,0,0.015000000000000003
N15_M07_F04_KI21_15,KI21,real,inner_race,N15_M07_F04,1498.79,cepstrum,6203_PU_2855,12000.0,14000.0,2.5345,normal,0.872,-1.0977209336766753,0,0.011,0.138,2.261198026745971,1,-0.009000000000000001
N15_M07_F04_KI21_16,KI21,real,inner_race,N15_M07_F04,1499.47,cepstrum,6203_PU_2855,12000.0,14000.0,3.0171,normal,0.546,-0.09248847478979534,0,-0.012,0.858,-0.8164089134215016,1,-0.01
N15_M07_F04_KI21_17,KI21,real,inner_race,N15_M07_F04,1499.7,cepstrum,6203_PU_2855,12000.0,14000.0,2.1906,normal,0.716,-0.49001305102916826,0,0.016000000000000004,0.416,0.22229693165577655,1,-0.009000000000000001
N15_M07_F04_KI21_18,KI21,real,inner_race,N15_M07_F04,1499.79,cepstrum,6203_PU_2855,12000.0,14000.0,2.3379,normal,0.672,-0.2049960698033471,1,0.016000000000000004,0.486,0.06789058155140114,0,0.011
N15_M07_F04_KI21_19,KI21,real,inner_race,N15_M07_F04,1499.71,cepstrum,6203_PU_2855,12000.0,14000.0,3.5041,normal,0.386,0.289536872748247,0,-0.02,0.608,-0.20111351292304183,1,0.015000000000000003
N15_M07_F04_KI21_2,KI21,real,inner_race,N15_M07_F04,1499.77,cepstrum,6203_PU_2855,12000.0,14000.0,3.0719,normal,0.652,-0.4592714407477792,0,-0.011,0.79,-0.7093845122076863,0,0.0010000000000000009
N15_M07_F04_KI21_20,KI21,real,inner_race,N15_M07_F04,1499.6,cepstrum,6203_PU_2855,12000.0,14000.0,2.4833,normal,0.874,-1.0542721122555836,0,0.02,0.616,-0.2794450748171339,1,-0.01
N15_M07_F04_KI21_3,KI21,real,inner_race,N15_M07_F04,1499.65,cepstrum,6203_PU_2855,12000.0,14000.0,2.5443,normal,0.328,0.4485849359206657,1,0.014000000000000002,1.0,-1.2613636492331934,1,-0.0019999999999999983
N15_M07_F04_KI21_4,KI21,real,inner_race,N15_M07_F04,1499.64,cepstrum,6203_PU_2855,12000.0,14000.0,2.694,normal,0.388,0.38829793703634874,0,-0.006999999999999999,0.748,-0.8909962740588158,1,-0.009000000000000001
N15_M07_F04_KI21_5,KI21,real,inner_race,N15_M07_F04,1499.53,cepstrum,6203_PU_2855,12000.0,14000.0,2.9687,normal,0.836,-0.7539350990384011,0,-0.018000000000000002,0.542,-0.1767004072634887,2,-0.009000000000000001
N15_M07_F04_KI21_6,KI21,real,inner_race,N15_M07_F04,1499.54,cepstrum,6203_PU_2855,12000.0,14000.0,3.1022,normal,0.512,-0.021557809517318064,0,0.014000000000000002,0.55,-0.1296979989374109,1,-0.009000000000000001
N15_M07_F04_KI21_7,KI21,real,inner_race,N15_M07_F04,1499.81,cepstrum,6203_PU_2855,12000.0,14000.0,2.8238,normal,0.638,-0.32074966443900205,0,0.016999999999999998,0.504,-0.0032399730502529183,2,-0.016
N15_M07_F04_KI21_8,KI21,real,inner_race,N15_M07_F04,1499.74,cepstrum,6203_PU_2855,12000.0,14000.0,2.857,normal,0.402,0.2520837297464312,0,-0.014,0.63,-0.2999155611594043,2,-0.016
N15_M07_F04_KI21_9,KI21,real,inner_race,N15_M07_F04,1499.72,cepstrum,6203_PU_2855,12000.0,14000.0,2.6931,normal,0.804,-0.7600254592808067,0,0.016000000000000004,0.978,-1.0895274549841338,1,-0.01
N15_M07_F10_K001_1,K001,none,normal,N15_M07_F10,1499.59,cepstrum,6203_PU_2905,12000.0,14000.0,2.2833,normal,0.914,-1.2917222793720693,1,0.015000000000000003,0.6,-0.17289911624346366,0,0.02
N15_M07_F10_K001_10,K001,none,normal,N15_M07_F10,1499.59,cepstrum,6203_PU_2905,10666.7,13333.3,2.6901,normal,0.218,2.08663913553807,1,-0.005000000000000001,0.202,1.4532565709621996,2,0.013000000000000001
N15_M07_F10_K001_11,K001,none,normal,N15_M07_F10,1499.55,cepstrum,6203_PU_2905,10666.7,13333.3,2.3452,normal,0.646,-0.5855644662858333,1,-0.006999999999999999,0.054,2.9733831408937985,2,0.014000000000000002
N15_M07_F10_K001_12,K001,none,normal,N15_M07_F10,1499.59,cepstrum,6203_PU_2905,10666.7,13333.3,2.4158,normal,0.156,1.4704212743270408,2,-0.006999999999999999,0.75,-0.7695286261316878,3,0.013000000000000001
N15_M07_F10_K001_13,K001,none,normal,N15_M07_F10,1499.6,cepstrum,6203_PU_2905,10666.7,13333.3,2.6209,normal,0.278,0.9230757928675477,1,-0.006999999999999999,0.944,-1.1547339245443626,1,0.019
N15_M07_F10_K001_14,K001,none,normal,N15_M07_F10,1499.55,cepstrum,6203_PU_2905,10666.7,13333.3,2.2341,normal,0.196,1.4336778415867981,0,-0.006,0.246,0.7962659538361749,2,0.015000000000000003
N15_M07_F10_K001_15,K001,none,normal,N15_M07_F10,1499.58,cepstrum,6203_PU_2905,10666.7,13333.3,2.8154,normal,0.226,0.9351957667281373,1,-0.006999999999999999,0.254,0.8528259484035552,2,0.015000000000000003
N15_M07_F10_K001_16,K001,none,normal,N15_M07_F10,1499.56,cepstrum,6203_PU_2905,10666.7,13333.3,2.3138,normal,0.232,1.2276251760262362,1,-0.006999999999999999,0.248,0.9621025796913785,1,0.015000000000000003
N15_M07_F10_K001_17,K001,none,normal,N15_M07_F10,1499.63,cepstrum,6203_PU_2905,10666.7,13333.3,2.479,normal,0.362,0.20046792604758643,1,-0.005000000000000001,0.328,0.45612802284987647,2,0.013000000000000001
N15_M07_F10_K001_18,K001,none,normal,N15_M07_F10,1499.61,cepstrum,6203_PU_2905,10666.7,13333.3,2.593,normal,0.156,1.1300183394767183,1,-0.006,0.084,1.5445464308417207,2,0.013000000000000001
N15_M07_F10_K001_19,K001,none,normal,N15_M07_F10,1499.62,cepstrum,6203_PU_2905,10666.7,12000.0,2.3692,normal,0.586,-0.4462524316095158,1,-0.008,0.242,0.8438921298187433,1,0.014000000000000002
N15_M07_F10_K001_2,K001,none,normal,N15_M07_F10,1499.61,cepstrum,6203_PU_2905,0.0,1333.3,2.6137,normal,0.29,1.2526616227158895,0,-0.008,0.812,-0.7315807628661137,0,0.002999999999999999
N15_M07_F10_K001_20,K001,none,normal,N15_M07_F10,1499.61,cepstrum,6203_PU_2905,13333.3,14666.7,2.1091,normal,0.174,0.9430406187480534,0,-0.006999999999999999,0.174,1.89210750651701,1,0.014000000000000002
N15_M07_F10_K001_3,K001,none,normal,N15_M07_F10,1499.63,cepstrum,6203_PU_2905,10666.7,13333.3,2.7164,inner_race,0.172,1.8450981254692131,1,-0.006999999999999999,0.022,1.875387572105806,3,0.014000000000000002
N15_M07_F10_K001_4,K001,none,normal,N15_M07_F10,1499.62,cepstrum,6203_PU_2905,12000.0,14000.0,2.303,normal,0.202,0.4509817976094281,1,-0.006,0.284,0.3584429495971107,3,0.013000000000000001
N15_M07_F10_K001_5,K001,none,normal,N15_M07_F10,1499.62,cepstrum,6203_PU_2905,10666.7,13333.3,2.4926,normal,0.372,0.4476024027345796,1,-0.006999999999999999,0.438,0.11483863478020519,3,0.014000000000000002
N15_M07_F10_K001_6,K001,none,normal,N15_M07_F10,1499.63,cepstrum,6203_PU_2905,10666.7,13333.3,2.4046,normal,0.792,-0.6893063816441491,1,-0.008,0.042,2.018029457539803,2,0.014000000000000002
N15_M07_F10_K001_7,K001,none,normal,N15_M07_F10,1499.56,cepstrum,6203_PU_2905,10666.7,13333.3,2.3627,normal,0.28,1.3136196468510717,0,0.015000000000000003,0.032,2.82259273457283,1,0.014000000000000002
N15_M07_F10_K001_8,K001,none,normal,N15_M07_F10,1499.56,cepstrum,6203_PU_2905,10666.7,13333.3,2.4488,normal,0.69,-0.5660943155695259,0,-0.005000000000000001,0.078,1.1899774586006246,3,0.016000000000000004
N15_M07_F10_K001_9,K001,none,normal,N15_M07_F10,1499.62,cepstrum,6203_PU_2905,12000.0,14000.0,2.2308,normal,0.422,0.12750966745436462,1,-0.006,0.228,1.0235485365468442,1,0.014000000000000002
N15_M07_F10_K002_1,K002,none,normal,N15_M07_F10,1499.67,cepstrum,6203_PU_2905,10666.7,13333.3,5.2644,normal,0.246,0.9002967562152433,1,-0.006,0.368,0.48954890485615155,2,0.016000000000000004
N15_M07_F10_K002_10,K002,none,normal,N15_M07_F10,1499.31,cepstrum,6203_PU_2905,10666.7,13333.3,4.7269,normal,0.536,-0.16104033031479342,1,-0.006999999999999999,0.712,-0.5011023793073176,2,0.004
N15_M07_F10_K002_11,K002,none,normal,N15_M07_F10,1499.5,cepstrum,6203_PU_2905,10666.7,13333.3,5.0906,normal,0.724,-0.6387350946318038,1,-0.005000000000000001,0.254,0.6626736994106067,2,0.016000000000000004
N15_M07_F10_K002_12,K002,none,normal,N15_M07_F10,1499.2,cepstrum,6203_PU_2905,10666.7,13333.3,4.3952,normal,0.42,0.41666812747577914,1,0.009999999999999998,0.342,0.5907871770232391,2,-0.012
N15_M07_F10_K002_13,K002,none,normal,N15_M07_F10,1500.1,cepstrum,6203_PU_2905,10666.7,13333.3,5.0297,normal,0.346,0.3335778461394748,1,0.011,0.806,-0.6889406835177474,1,-0.011
N15_M07_F10_K002_14,K002,none,normal,N15_M07_F10,1499.4,cepstrum,6203_PU_2905,10666.7,13333.3,7.0075,normal,0.462,0.029556061199581995,1,-0.005000000000000001,0.2,1.4623284978836797,2,0.016000000000000004
N15_M07_F10_K002_15,K002,none,normal,N15_M07_F10,1499.93,cepstrum,6203_PU_2905,12000.0,14000.0,7.031,normal,0.402,0.22291718195412025,2,-0.006,0.658,-0.39855301170692475,1,-0.011
N15_M07_F10_K002_16,K002,none,normal,N15_M07_F10,1499.55,cepstrum,6203_PU_2905,12000.0,13333.3,7.2484,normal,0.632,-0.18112436202600898,0,-0.006,0.488,0.024528101364638927,0,0.002999999999999999
N15_M07_F10_K002_17,K002,none,normal,N15_M07_F10,1499.64,cepstrum,6203_PU_2905,10666.7,13333.3,6.2445,normal,0.702,-0.4782999443513245,1,0.011,0.35,0.2984992863550723,2,0.004
N15_M07_F10_K002_18,K002,none,normal,N15_M07_F10,1499.83,cepstrum,6203_PU_2905,10666.7,13333.3,7.2952,normal,0.686,-0.5838146538094945,1,-0.005000000000000001,0.184,1.456244786236472,0,0.009999999999999998
N15_M07_F10_K002_19,K002,none,normal,N15_M07_F10,1499.43,cepstrum,6203_PU_2905,12000.0,14000.0,5.7397,normal,0.79,-0.6845347777819613,0,-0.004,0.672,-0.3675162818525812,1,0.012
N15_M07_F10_K002_2,K002,none,normal,N15_M07_F10,1499.65,cepstrum,6203_PU_2905,10666.7,13333.3,6.0158,normal,0.718,-0.5393399670975944,2,-0.006999999999999999,0.528,-0.06263180211463858,3,0.014000000000000002
N15_M07_F10_K002_20,K002,none,normal,N15_M07_F10,1499.87,cepstrum,6203_PU_2905,10666.7,13333.3,4.8365,normal,0.878,-0.8650934659524568,1,-0.006,0.544,-0.10588051412562192,1,0.014000000000000002
N15_M07_F10_K002_3,K002,none,normal,N15_M07_F10,1499.6,cepstrum,6203_PU_2905,10666.7,13333.3,5.5347,normal,0.656,-0.3673145930006424,1,-0.006,0.586,-0.17402725142901881,0,0.02
N15_M07_F10_K002_4,K002,none,normal,N15_M07_F10,1499.63,cepstrum,6203_PU_2905,10666.7,13333.3,5.5259,normal,0.402,0.559028460622027,2,-0.006999999999999999,0.444,0.1223292822196436,2,0.016000000000000004
N15_M07_F10_K002_5,K002,none,normal,N15_M07_F10,1499.84,cepstrum,6203_PU_2905,10666.7,13333.3,9.4917,normal,0.666,-0.3936829042372806,2,-0.006,0.22,0.8056173153394995,1,-0.004
N15_M07_F10_K002_6,K002,none,normal,N15_M07_F10,1499.85,cepstrum,6203_PU_2905,12000.0,14000.0,5.1106,normal,0.346,0.15483713023427678,2,-0.006,0.558,-0.08768528609833764,1,-0.011
N15_M07_F10_K002_7,K002,none,normal,N15_M07_F10,1499.83,cepstrum,6203_PU_2905,10666.7,13333.3,5.5625,normal,0.518,-0.37470266506181793,1,-0.005000000000000001,0.158,1.3152910759563743,1,0.013000000000000001
N15_M07_F10_K002_8,K002,none,normal,N15_M07_F10,1499.55,cepstrum,6203_PU_2905,12000.0,14000.0,5.312,normal,0.338,0.6722151582834336,0,0.011,0.744,-0.5817181365778633,0,0.02
N15_M07_F10_K002_9,K002,none,normal,N15_M07_F10,1499.63,cepstrum,6203_PU_2905,10666.7,13333.3,4.8136,normal,0.98,-1.224010579433467,1,-0.006999999999999999,0.656,-0.35779115415127144,0,0.009999999999999998
N15_M07_F10_K003_1,K003,none,normal,N15_M07_F10,1499.61,cepstrum,6203_PU_2905,12000.0,14000.0,2.4041,normal,0.188,1.7180003571070122,1,-0.005000000000000001,0.222,0.8457384492826532,3,0.016000000000000004
N15_M07_F10_K003_10,K003,none,normal,N15_M07_F10,1499.56,cepstrum,6203_PU_2905,10666.7,13333.3,2.5907,inner_race,0.614,-0.18894088034043643,0,0.016000000000000004,0.02,2.335210659228907,2,0.014000000000000002
N15_M07_F10_K003_11,K003,none,normal,N15_M07_F10,1499.58,cepstrum,6203_PU_2905,12000.0,14000.0,2.1495,inner_race,0.442,0.15296044464008787,1,-0.008,0.002,1.8744959717480405,2,0.015000000000000003
N15_M07_F10_K003_12,K003,none,normal,N15_M07_F10,1499.55,cepstrum,6203_PU_2905,10666.7,13333.3,2.0552,normal,0.55,-0.08378977184679434,1,-0.008,0.188,0.8874713196188107,1,0.014000000000000002
N15_M07_F10_K003_13,K003,none,normal,N15_M07_F10,1499.6,cepstrum,6203_PU_2905,10666.7,13333.3,2.3923,normal,0.174,0.9413542554809727,1,-0.006,0.926,-2.2567414703412463,1,0.018
N15_M07_F10_K003_14,K003,none,normal,N15_M07_F10,1499.58,cepstrum,6203_PU_2905,8000.0,9333.3,2.781,normal,0.148,1.3773730814873544,1,-0.006,0.172,0.8797389259619534,2,0.015000000000000003
N15_M07_F10_K003_15,K003,none,normal,N15_M07_F10,1499.6,cepstrum,6203_PU_2905,8000.0,10000.0,2.6761,inner_race,0.104,3.6669484853446392,1,-0.006,0.008,2.5035399582269857,2,0.015000000000000003
N15_M07_F10_K003_16,K003,none,normal,N15_M07_F10,1499.58,cepstrum,6203_PU_2905,10666.7,13333.3,2.3629,normal,0.312,0.06945982062287467,1,-0.006,0.114,1.3823087706673567,2,0.013000000000000001
N15_M07_F10_K003_17,K003,none,normal,N15_M07_F10,1499.58,cepstrum,6203_PU_2905,10666.7,13333.3,2.2236,normal,0.758,-0.45983797484028466,1,-0.005000000000000001,0.038,3.958757728951899,2,0.015000000000000003
N15_M07_F10_K003_18,K003,none,normal,N15_M07_F10,1499.53,cepstrum,6203_PU_2905,8000.0,12000.0,2.4202,normal,0.196,1.7718724719704748,1,-0.006999999999999999,0.238,0.8151663752610894,0,0.02
N15_M07_F10_K003_19,K003,none,normal,N15_M07_F10,1499.58,cepstrum,6203_PU_2905,10666.7,13333.3,2.4587,normal,0.878,-1.0429495449850195,1,-0.006,0.494,0.009278066678073052,2,0.016000000000000004
N15_M07_F10_K003_2,K003,none,normal,N15_M07_F10,1499.56,cepstrum,6203_PU_2905,10000.0,12000.0,2.5837,normal,0.208,0.9676499151028944,1,-0.006999999999999999,0.094,1.264880182489123,3,0.016000000000000004
N15_M07_F10_K003_20,K003,none,normal,N15_M07_F10,1499.54,cepstrum,6203_PU_2905,10666.7,13333.3,2.427,normal,0.364,0.33613767733606825,1,-0.006999999999999999,0.392,0.286611722668023,2,0.015000000000000003
N15_M07_F10_K003_3,K003,none,normal,N15_M07_F10,1499.59,cepstrum,6203_PU_2905,10666.7,13333.3,2.9602,normal,0.544,-0.11314894528042617,0,0.011,0.28,0.6081257544649964,2,0.016000000000000004
N15_M07_F10_K003_4,K003,none,normal,N15_M07_F10,1499.58,cepstrum,6203_PU_2905,10000.0,12000.0,2.301,normal,0.626,-0.16726720819920068,1,-0.006999999999999999,0.708,-0.48106191914820484,2,0.015000000000000003
N15_M07_F10_K003_5,K003,none,normal,N15_M07_F10,1499.57,cepstrum,6203_PU_2905,8000.0,12000.0,2.5643,normal,0.214,1.1378308151677252,1,-0.006999999999999999,0.062,2.418765648275294,3,0.014000000000000002
N15_M07_F10_K003_6,K003,none,normal,N15_M07_F10,1499.56,cepstrum,6203_PU_2905,8000.0,12000.0,2.1513,normal,0.298,0.339675271993885,1,0.016000000000000004,0.426,0.24296335069141825,2,0.014000000000000002
N15_M07_F10_K003_7,K003,none,normal,N15_M07_F10,1499.63,cepstrum,6203_PU_2905,8000.0,12000.0,2.5716,normal,0.624,-0.3888779767380627,1,-0.006999999999999999,0.164,1.0347968457887244,2,0.014000000000000002
N15_M07_F10_K003_8,K003,none,normal,N15_M07_F10,1499.62,cepstrum,6203_PU_2905,12000.0,14000.0,2.1812,normal,0.744,-0.24488760637823806,0,0.006999999999999999,0.258,0.7193165991291626,1,0.013000000000000001
N15_M07_F10_K003_9,K003,none,normal,N15_M07_F10,1499.62,cepstrum,6203_PU_2905,10666.7,13333.3,2.3046,normal,0.434,0.08943244327858096,1,-0.005000000000000001,0.268,0.5919665654590689,2,0.015000000000000003
N15_M07_F10_K004_1,K004,none,normal,N15_M07_F10,1500.95,cepstrum,6203_PU_2905,12000.0,14000.0,2.2162,normal,0.328,0.14679432195663403,0,-0.008,0.14,1.9656440309794152,0,0.0010000000000000009
N15_M07_F10_K004_10,K004,none,normal,N15_M07_F10,1499.56,cepstrum,6203_PU_2905,13333.3,14666.7,2.2212,normal,0.868,-0.654123794999506,0,-0.006,0.204,0.5783944740933059,1,-0.006
N15_M07_F10_K004_11,K004,none,normal,N15_M07_F10,1499.54,cepstrum,6203_PU_2905,13333.3,14666.7,1.9171,normal,0.638,-0.5035857135366916,0,-0.009000000000000001,0.772,-0.8263352907882121,0,-0.004
N15_M07_F10_K004_12,K004,none,normal,N15_M07_F10,1499.55,cepstrum,6203_PU_2905,13333.3,14666.7,1.9775,normal,0.36,0.7255016727029604,0,-0.006999999999999999,0.144,1.2473577730854264,1,0.013000000000000001
N15_M07_F10_K004_13,K004,none,normal,N15_M07_F10,1499.63,cepstrum,6203_PU_2905,12000.0,14000.0,1.9421,normal,0.156,1.9852792755262378,0,0.009000000000000001,0.376,0.24646071403865794,2,0.015000000000000003
N15_M07_F10_K004_14,K004,none,normal,N15_M07_F10,1499.61,cepstrum,6203_PU_2905,12000.0,14000.0,2.014,normal,0.304,1.6847043414115273,0,-0.009000000000000001,0.294,0.5248933096936513,1,-0.005000000000000001
N15_M07_F10_K004_15,K004,none,normal,N15_M07_F10,1499.63,cepstrum,6203_PU_2905,13333.3,14666.7,2.0339,normal,0.51,-0.025731358523060945,0,-0.006,0.088,1.8716345808708303,1,0.015000000000000003
N15_M07_F10_K004_16,K004,none,normal,N15_M07_F10,1499.56,cepstrum,6203_PU_2905,13333.3,14666.7,2.1819,normal,0.392,0.23164665398279025,0,-0.006999999999999999,0.544,-0.0797183781839706,1,0.013000000000000001
N15_M07_F10_K004_17,K004,none,normal,N15_M07_F10,1499.59,cepstrum,6203_PU_2905,13333.3,14666.7,1.7466,normal,0.208,2.9627074186782965,0,0.009000000000000001,0.288,0.6767509273073101,0,-0.013000000000000001
N15_M07_F10_K004_18,K004,none,normal,N15_M07_F10,1499.63,cepstrum,6203_PU_2905,12000.0,14000.0,2.2184,normal,0.402,0.5811075477334554,0,-0.006,0.482,0.031641792080828554,1,-0.006
N15_M07_F10_K004_19,K004,none,normal,N15_M07_F10,1499.62,cepstrum,6203_PU_2905,13333.3,14666.7,1.9868,normal,0.142,1.147359417561778,0,-0.008,0.482,0.03980790454547297,0,-0.013000000000000001
N15_M07_F10_K004_2,K004,none,normal,N15_M07_F10,1499.58,cepstrum,6203_PU_2905,13333.3,14666.7,2.2102,normal,0.602,-0.1934476993058825,0,-0.006,0.29,0.4908523583034982,1,0.013000000000000001
N15_M07_F10_K004_20,K004,none,normal,N15_M07_F10,1499.57,cepstrum,6203_PU_2905,12000.0,14000.0,1.6685,normal,0.586,-0.1443464191810809,0,0.009000000000000001,0.578,-0.18115481851771834,1,0.014000000000000002
N15_M07_F10_K004_3,K004,none,normal,N15_M07_F10,1499.55,cepstrum,6203_PU_2905,13333.3,14666.7,1.8467,normal,0.88,-1.6023172221348603,0,0.016000000000000004,0.726,-0.5728309430360298,1,0.015000000000000003
N15_M07_F10_K004_4,K004,none,normal,N15_M07_F10,1499.63,cepstrum,6203_PU_2905,13333.3,14666.7,1.8104,normal,0.316,0.47871461953489186,0,-0.006,0.326,0.4752736482979574,0,0.019
N15_M07_F10_K004_5,K004,none,normal,N15_M07_F10,1499.58,cepstrum,6203_PU_2905,12000.0,14000.0,1.9804,normal,0.538,-0.0726297034703073,0,-0.008,0.072,2.0434804560381603,1,0.014000000000000002
N15_M07_F10_K004_6,K004,none,normal,N15_M07_F10,1499.53,cepstrum,6203_PU_2905,12000.0,14000.0,1.684,normal,0.96,-1.0663471923521242,0,-0.013000000000000001,0.048,1.858603035461361,1,0.014000000000000002
N15_M07_F10_K004_7,K004,none,normal,N15_M07_F10,1499.63,cepstrum,6203_PU_2905,13333.3,14666.7,2.11,normal,0.302,2.1992444771782425,1,-0.008,0.236,0.5590776492160009,2,0.015000000000000003
N15_M07_F10_K004_8,K004,none,normal,N15_M07_F10,1499.56,cepstrum,6203_PU_2905,13333.3,14666.7,2.0455,normal,0.262,0.8901800882546662,0,-0.008,0.74,-0.5028386798059371,1,-0.005000000000000001
N15_M07_F10_K004_9,K004,none,normal,N15_M07_F10,1499.52,cepstrum,6203_PU_2905,12000.0,14000.0,2.0153,normal,0.19,1.2076794680489331,1,-0.006,0.686,-0.4555382076429129,2,0.014000000000000002
N15_M07_F10_K005_1,K005,none,normal,N15_M07_F10,1499.62,cepstrum,6203_PU_2905,12000.0,14000.0,2.1331,normal,0.506,-0.03796912703643535,0,-0.005000000000000001,0.31,0.4828805907745007,1,0.016000000000000004
N15_M07_F10_K005_10,K005,none,normal,N15_M07_F10,1499.63,cepstrum,6203_PU_2905,10666.7,13333.3,2.0328,normal,0.328,0.6991410961949597,1,-0.005000000000000001,0.702,-0.48646100986000307,1,0.02
N15_M07_F10_K005_11,K005,none,normal,N15_M07_F10,1499.57,cepstrum,6203_PU_2905,10666.7,13333.3,1.8164,normal,0.232,1.3224171167910204,0,-0.006999999999999999,0.706,-0.5730020973023422,2,0.014000000000000002
N15_M07_F10_K005_12,K005,none,normal,N15_M07_F10,1499.65,cepstrum,6203_PU_2905,12000.0,13333.3,2.2736,normal,0.162,3.189884548490006,0,-0.006,0.338,0.4110277000389913,1,0.014000000000000002
N15_M07_F10_K005_13,K005,none,normal,N15_M07_F10,1499.55,cepstrum,6203_PU_2905,10666.7,12000.0,2.1015,normal,0.622,-0.3690282127229038,0,-0.005000000000000001,0.084,1.6869345882370663,2,0.016000000000000004
N15_M07_F10_K005_14,K005,none,normal,N15_M07_F10,1499.65,cepstrum,6203_PU_2905,12000.0,14000.0,1.959,normal,0.588,-0.2806617735275852,0,0.008,0.214,0.8128911279424091,1,-0.005000000000000001
N15_M07_F10_K005_15,K005,none,normal,N15_M07_F10,1499.59,cepstrum,6203_PU_2905,13333.3,14666.7,1.8294,normal,0.146,1.1561078525870176,1,-0.006999999999999999,0.792,-0.7682061326265729,0,0.019
N15_M07_F10_K005_16,K005,none,normal,N15_M07_F10,1499.53,cepstrum,6203_PU_2905,10666.7,13333.3,1.8945,normal,0.176,1.2284384307256546,1,-0.005000000000000001,0.612,-0.2923453493220017,2,-0.006
N15_M07_F10_K005_17,K005,none,normal,N15_M07_F10,1499.58,cepstrum,6203_PU_2905,10666.7,13333.3,1.9629,normal,0.286,0.658735072697992,0,-0.006999999999999999,0.416,0.1828347068205493,1,-0.012
N15_M07_F10_K005_18,K005,none,normal,N15_M07_F10,1499.62,cepstrum,6203_PU_2905,10666.7,13333.3,2.2104,normal,0.518,-0.09521416342878015,1,-0.006,0.516,-0.02450979302536783,1,0.016000000000000004
N15_M07_F10_K005_19,K005,none,normal,N15_M07_F10,1499.54,cepstrum,6203_PU_2905,10666.7,13333.3,1.8928,normal,0.25,0.9036749309177508,0,-0.005000000000000001,0.656,-0.5202530508090751,2,0.019
N15_M07_F10_K005_2,K005,none,normal,N15_M07_F10,1499.63,cepstrum,6203_PU_2905,12000.0,14000.0,1.9149,normal,0.396,0.4119020814234294,0,-0.006999999999999999,0.772,-0.8674461160221896,1,-0.006
N15_M07_F10_K005_20,K005,none,normal,N15_M07_F10,1499.57,cepstrum,6203_PU_2905,10666.7,13333.3,2.133,normal,0.242,1.5184143876519565,1,-0.008,0.436,0.08063347754960341,1,0.019
N15_M07_F10_K005_3,K005,none,normal,N15_M07_F10,1499.61,cepstrum,6203_PU_2905,10666.7,13333.3,1.9693,normal,0.376,0.47407189190256366,1,-0.005000000000000001,0.716,-0.6485871966541028,1,0.016000000000000004
N15_M07_F10_K005_4,K005,none,normal,N15_M07_F10,1499.62,cepstrum,6203_PU_2905,10666.7,12000.0,1.6963,normal,0.416,0.35204152819907136,0,-0.006999999999999999,0.082,1.5895785590067546,0,-0.013000000000000001
N15_M07_F10_K005_5,K005,none,normal,N15_M07_F10,1499.57,cepstrum,6203_PU_2905,10666.7,13333.3,2.0362,normal,0.334,1.2176608088865546,0,-0.006999999999999999,0.746,-0.540112069970834,0,-0.009000000000000001
N15_M07_F10_K005_6,K005,none,normal,N15_M07_F10,1499.6,cepstrum,6203_PU_2905,10666.7,13333.3,1.9602,normal,0.734,-0.4295634106192268,1,-0.004,0.492,0.029882406276677133,1,0.016000000000000004
N15_M07_F10_K005_7,K005,none,normal,N15_M07_F10,1499.63,cepstrum,6203_PU_2905,10666.7,13333.3,2.2652,normal,0.426,0.06767863246590715,0,-0.008,0.446,0.1647695944255453,2,0.014000000000000002
N15_M07_F10_K005_8,K005,none,normal,N15_M07_F10,1499.59,cepstrum,6203_PU_2905,10666.7,13333.3,1.9314,normal,0.408,0.1516336313690959,0,-0.004,0.512,-0.012384858406029887,1,0.014000000000000002
N15_M07_F10_K005_9,K005,none,normal,N15_M07_F10,1499.59,cepstrum,6203_PU_2905,10666.7,13333.3,1.9949,normal,0.414,0.18981010949060237,0,-0.005000000000000001,0.336,0.41905369773234824,2,0.014000000000000002
N15_M07_F10_K006_1,K006,none,normal,N15_M07_F10,1499.54,cepstrum,6203_PU_2905,10666.7,13333.3,2.4001,inner_race,0.494,0.0028545347526911253,0,-0.006999999999999999,0.018,3.0718711638082197,2,0.014000000000000002
N15_M07_F10_K006_10,K006,none,normal,N15_M07_F10,1499.59,cepstrum,6203_PU_2905,13333.3,14666.7,2.136,normal,0.954,-1.7423275531258604,0,-0.008,0.056,1.7577241879910765,1,0.014000000000000002
N15_M07_F10_K006_11,K006,none,normal,N15_M07_F10,1499.57,cepstrum,6203_PU_2905,12000.0,14000.0,2.6349,normal,0.226,1.1829514044533274,0,-0.006,0.052,1.7146717300194554,2,0.015000000000000003
N15_M07_F10_K006_12,K006,none,normal,N15_M07_F10,1499.58,cepstrum,6203_PU_2905,10666.7,13333.3,2.5074,normal,0.144,5.369174158597351,0,-0.006999999999999999,0.17,1.4046687967456364,3,0.014000000000000002
N15_M07_F10_K006_13,K006,none,normal,N15_M07_F10,1499.63,cepstrum,6203_PU_2905,12000.0,14000.0,2.3282,normal,0.518,-0.007884589484723793,0,-0.006999999999999999,0.536,-0.08828737300110585,3,0.013000000000000001
N15_M07_F10_K006_14,K006,none,normal,N15_M07_F10,1499.58,cepstrum,6203_PU_2905,10666.7,13333.3,2.274,normal,0.244,1.4110012095609523,0,-0.006999999999999999,0.438,0.08934883719506254,1,-0.013000000000000001
N15_M07_F10_K006_15,K006,none,normal,N15_M07_F10,1499.58,cepstrum,6203_PU_2905,12000.0,14000.0,2.4945,normal,0.234,0.3962489668618452,0,-0.008,0.442,0.1505145631285719,1,0.013000000000000001
N15_M07_F10_K006_16,K006,none,normal,N15_M07_F10,1499.59,cepstrum,6203_PU_2905,0.0,1333.3,2.3658,normal,0.622,-0.23966194708415406,0,-0.01,0.612,-0.39418070479919354,1,0.016999999999999998
N15_M07_F10_K006_17,K006,none,normal,N15_M07_F10,1499.61,cepstrum,6203_PU_2905,10666.7,13333.3,2.4547,normal,0.37,0.3316802095885318,1,-0.006999999999999999,0.124,1.1523656700737293,1,0.014000000000000002
N15_M07_F10_K006_18,K006,none,normal,N15_M07_F10,1499.62,cepstrum,6203_PU_2905,8000.0,9333.3,2.6373,normal,0.198,0.6707838003938533,0,-0.006999999999999999,0.082,1.5757386084978335,1,0.014000000000000002
N15_M07_F10_K006_19,K006,none,normal,N15_M07_F10,1499.53,cepstrum,6203_PU_2905,12000.0,14000.0,2.5491,normal,0.428,0.0739252332474412,0,0.015000000000000003,0.744,-0.6325475108105392,1,0.009999999999999998
N15_M07_F10_K006_2,K006,none,normal,N15_M07_F10,1499.56,cepstrum,6203_PU_2905,10666.7,13333.3,2.0495,normal,0.224,1.8806988920290255,0,0.015000000000000003,0.134,1.2308623227141153,2,0.013000000000000001
N15_M07_F10_K006_20,K006,none,normal,N15_M07_F10,1499.57,cepstrum,6203_PU_2905,10666.7,13333.3,2.2353,normal,0.38,0.050303815237407304,0,-0.008,0.244,0.8446236827531525,3,0.013000000000000001
N15_M07_F10_K006_3,K006,none,normal,N15_M07_F10,1499.59,cepstrum,6203_PU_2905,10666.7,13333.3,2.2441,normal,0.202,0.7403784394002454,1,-0.006,0.168,1.1124305495517768,2,0.014000000000000002
N15_M07_F10_K006_4,K006,none,normal,N15_M07_F10,1499.54,cepstrum,6203_PU_2905,10666.7,13333.3,2.303,normal,0.128,2.023829271950574,0,-0.008,0.248,0.7092151914821128,3,0.014000000000000002
N15_M07_F10_K006_5,K006,none,normal,N15_M07_F10,1499.51,cepstrum,6203_PU_2905,12000.0,14000.0,2.6412,normal,0.62,-0.28866979469633186,0,-0.0019999999999999983,0.062,2.3378090348661207,2,0.015000000000000003
N15_M07_F10_K006_6,K006,none,normal,N15_M07_F10,1499.64,cepstrum,6203_PU_2905,13333.3,14666.7,2.2239,normal,0.174,0.842226720420973,0,-0.008,0.592,-0.2176123141355988,1,0.014000000000000002
N15_M07_F10_K006_7,K006,none,normal,N15_M07_F10,1499.61,cepstrum,6203_PU_2905,10666.7,13333.3,2.1597,normal,0.188,1.4184528216821444,0,-0.006,0.406,0.39534357061179204,2,0.015000000000000003
N15_M07_F10_K006_8,K006,none,normal,N15_M07_F10,1499.61,cepstrum,6203_PU_2905,10666.7,13333.3,2.0021,normal,0.262,1.1130735711082616,0,-0.008,0.082,2.0492038490757976,3,0.014000000000000002
N15_M07_F10_K006_9,K006,none,normal,N15_M07_F10,1499.61,cepstrum,6203_PU_2905,10666.7,13333.3,2.3714,normal,0.562,-0.2526039335611832,0,0.009000000000000001,0.138,1.2383700450732282,1,0.014000000000000002
N15_M07_F10_KA01_1,KA01,artificial,outer_race,N15_M07_F10,1499.6,cepstrum,6203_PU_2905,8000.0,10666.7,7.5096,outer_race,0.002,8.57576521796803,5,-0.004,0.752,-0.5446642174491223,2,-0.018000000000000002
N15_M07_F10_KA01_10,KA01,artificial,outer_race,N15_M07_F10,1499.89,cepstrum,6203_PU_2905,8000.0,10666.7,7.3853,outer_race,0.002,8.39006055778515,5,-0.006,0.758,-0.6958205165428665,2,-0.015
N15_M07_F10_KA01_11,KA01,artificial,outer_race,N15_M07_F10,1499.54,cepstrum,6203_PU_2905,8000.0,10666.7,7.1282,outer_race,0.002,14.00014364051658,5,-0.002999999999999999,0.772,-0.6897705547244659,3,-0.017
N15_M07_F10_KA01_12,KA01,artificial,outer_race,N15_M07_F10,1499.71,cepstrum,6203_PU_2905,8000.0,10666.7,6.7996,outer_race,0.002,8.287080887274888,5,-0.004,0.85,-1.134197054452527,2,-0.006999999999999999
N15_M07_F10_KA01_13,KA01,artificial,outer_race,N15_M07_F10,1499.48,cepstrum,6203_PU_2905,8000.0,10666.7,6.9049,outer_race,0.002,7.572886599962309,5,-0.002999999999999999,0.602,-0.47572962937887525,1,-0.006
N15_M07_F10_KA01_14,KA01,artificial,outer_race,N15_M07_F10,1499.48,cepstrum,6203_PU_2905,8000.0,10666.7,7.0771,outer_race,0.002,7.401775200462912,5,-0.002999999999999999,0.764,-0.6028352899180538,3,-0.016
N15_M07_F10_KA01_15,KA01,artificial,outer_race,N15_M07_F10,1499.47,cepstrum,6203_PU_2905,8000.0,10666.7,7.0984,outer_race,0.002,14.527973884489722,5,-0.002999999999999999,0.68,-0.5693267958968881,1,-0.005000000000000001
N15_M07_F10_KA01_16,KA01,artificial,outer_race,N15_M07_F10,1499.43,cepstrum,6203_PU_2905,8000.0,10666.7,7.2353,outer_race,0.002,11.083130866287496,5,-0.002999999999999999,0.584,-0.2735962053669376,3,-0.016
N15_M07_F10_KA01_17,KA01,artificial,outer_race,N15_M07_F10,1499.87,cepstrum,6203_PU_2905,8000.0,10666.7,7.1186,outer_race,0.002,18.31141121023695,5,-0.004,0.588,-0.327779955408605,3,-0.005000000000000001
N15_M07_F10_KA01_18,KA01,artificial,outer_race,N15_M07_F10,1499.47,cepstrum,6203_PU_2905,8000.0,10666.7,7.3967,outer_race,0.002,9.638289372857564,5,-0.004,0.772,-0.6778898041262684,3,-0.006
N15_M07_F10_KA01_19,KA01,artificial,outer_race,N15_M07_F10,1499.55,cepstrum,6203_PU_2905,2666.7,5333.3,7.1303,outer_race,0.002,15.473494584719793,5,-0.002999999999999999,0.398,0.45277580087230496,0,0.012
N15_M07_F10_KA01_2,KA01,artificial,outer_race,N15_M07_F10,1499.9,cepstrum,6203_PU_2905,8000.0,10666.7,7.077,outer_race,0.002,9.809949880792553,5,-0.002999999999999999,0.712,-0.6891465901168693,4,-0.017
N15_M07_F10_KA01_20,KA01,artificial,outer_race,N15_M07_F10,1499.63,cepstrum,6203_PU_2905,8000.0,10666.7,6.6095,outer_race,0.002,13.557860731914532,5,-0.005000000000000001,0.68,-0.5249623277770504,4,-0.016
N15_M07_F10_KA01_3,KA01,artificial,outer_race,N15_M07_F10,1499.62,cepstrum,6203_PU_2905,2666.7,5333.3,6.8886,outer_race,0.002,10.866532885151889,5,-0.006,0.816,-0.718900630958645,0,-0.02
N15_M07_F10_KA01_4,KA01,artificial,outer_race,N15_M07_F10,1499.37,cepstrum,6203_PU_2905,8000.0,10666.7,7.3022,outer_race,0.002,11.876371992202548,5,-0.002999999999999999,0.704,-0.4874815437366433,3,-0.017
N15_M07_F10_KA01_5,KA01,artificial,outer_race,N15_M07_F10,1499.45,cepstrum,6203_PU_2905,8000.0,10666.7,7.384,outer_race,0.002,6.503329404192883,5,-0.005000000000000001,0.51,-0.005756657653598501,4,-0.016
N15_M07_F10_KA01_6,KA01,artificial,outer_race,N15_M07_F10,1499.78,cepstrum,6203_PU_2905,2666.7,5333.3,6.8769,outer_race,0.002,13.025728447913199,5,-0.004,0.826,-0.7444248126141502,1,-0.015
N15_M07_F10_KA01_7,KA01,artificial,outer_race,N15_M07_F10,1499.46,cepstrum,6203_PU_2905,8000.0,10666.7,6.8744,outer_race,0.002,13.874340665137328,5,-0.002999999999999999,0.662,-0.2912087587241175,2,-0.005000000000000001
N15_M07_F10_KA01_8,KA01,artificial,outer_race,N15_M07_F10,1499.52,cepstrum,6203_PU_2905,8000.0,10666.7,6.9322,outer_race,0.002,7.535368116635995,5,-0.004,0.672,-0.42263998382630746,2,-0.016
N15_M07_F10_KA01_9,KA01,artificial,outer_race,N15_M07_F10,1499.44,cepstrum,6203_PU_2905,8000.0,10666.7,6.6772,outer_race,0.002,10.818838601141316,5,-0.005000000000000001,0.656,-0.540388631636533,3,-0.006
N15_M07_F10_KA03_1,KA03,artificial,outer_race,N15_M07_F10,1499.63,cepstrum,6203_PU_2905,13333.3,14666.7,3.4122,normal,0.706,-0.3906004426913687,0,0.015000000000000003,0.568,-0.186561616010283,0,-0.0019999999999999983
N15_M07_F10_KA03_10,KA03,artificial,outer_race,N15_M07_F10,1499.5,cepstrum,6203_PU_2905,13333.3,14666.7,2.8703,normal,0.74,-0.8646060123009476,1,0.015000000000000003,0.37,0.4360556868873224,0,0.009000000000000001
N15_M07_F10_KA03_11,KA03,artificial,outer_race,N15_M07_F10,1499.61,cepstrum,6203_PU_2905,13333.3,14666.7,2.2373,normal,0.358,0.41875813777595283,0,0.016000000000000004,0.418,0.12609315629464773,0,0.009000000000000001
N15_M07_F10_KA03_12,KA03,artificial,outer_race,N15_M07_F10,1499.61,cepstrum,6203_PU_2905,13333.3,14666.7,2.899,normal,0.396,0.44486396419158925,0,0.009000000000000001,0.694,-0.4308384259699137,0,0.015000000000000003
N15_M07_F10_KA03_13,KA03,artificial,outer_race,N15_M07_F10,1499.66,cepstrum,6203_PU_2905,13333.3,14666.7,3.0473,normal,0.576,-0.14152136827342568,0,0.009999999999999998,0.322,0.6520272903878299,1,-0.005000000000000001
N15_M07_F10_KA03_14,KA03,artificial,outer_race,N15_M07_F10,1499.68,cepstrum,6203_PU_2905,13333.3,14666.7,3.0839,normal,0.724,-0.25242531001158774,1,0.009999999999999998,0.512,-0.007235756903756507,0,0.015000000000000003
N15_M07_F10_KA03_15,KA03,artificial,outer_race,N15_M07_F10,1499.55,cepstrum,6203_PU_2905,13333.3,14666.7,2.8156,normal,0.27,1.2615155520347412,0,0.009000000000000001,0.582,-0.22051731411189462,1,-0.006
N15_M07_F10_KA03_16,KA03,artificial,outer_race,N15_M07_F10,1499.48,cepstrum,6203_PU_2905,13333.3,14666.7,3.2002,normal,0.392,0.15273799846472721,0,0.009000000000000001,0.422,0.10081465653722772,1,0.009000000000000001
N15_M07_F10_KA03_17,KA03,artificial,outer_race,N15_M07_F10,1499.46,cepstrum,6203_PU_2905,13333.3,14666.7,3.2027,normal,0.446,0.08222049130506172,0,0.016000000000000004,0.9,-0.9285260109897118,0,0.014000000000000002
N15_M07_F10_KA03_18,KA03,artificial,outer_race,N15_M07_F10,1499.66,cepstrum,6203_PU_2905,13333.3,14666.7,2.9379,normal,0.562,-0.13343659258422583,0,0.009999999999999998,0.832,-0.6989022081804845,1,-0.006
N15_M07_F10_KA03_19,KA03,artificial,outer_race,N15_M07_F10,1499.64,cepstrum,6203_PU_2905,13333.3,14666.7,2.8113,normal,0.748,-0.4276405369073961,0,0.015000000000000003,0.346,0.493440518032608,0,0.014000000000000002
N15_M07_F10_KA03_2,KA03,artificial,outer_race,N15_M07_F10,1499.58,cepstrum,6203_PU_2905,13333.3,14666.7,3.2774,normal,0.66,-0.6323234135838959,0,0.006999999999999999,0.81,-0.7535192296864297,0,0.004
N15_M07_F10_KA03_20,KA03,artificial,outer_race,N15_M07_F10,1499.56,cepstrum,6203_PU_2905,13333.3,14666.7,3.2441,normal,0.228,2.3961394635483835,0,0.008,0.76,-0.5595491967398003,1,-0.005000000000000001
N15_M07_F10_KA03_3,KA03,artificial,outer_race,N15_M07_F10,1499.63,cepstrum,6203_PU_2905,13333.3,14666.7,3.3722,normal,0.346,0.40910672552928334,0,0.015000000000000003,0.076,2.246615638575232,1,-0.006
N15_M07_F10_KA03_4,KA03,artificial,outer_race,N15_M07_F10,1499.63,cepstrum,6203_PU_2905,13333.3,14666.7,3.2862,normal,0.318,0.6470799702002633,1,0.016000000000000004,0.502,-0.0009213921858511891,1,-0.014
N15_M07_F10_KA03_5,KA03,artificial,outer_race,N15_M07_F10,1499.72,cepstrum,6203_PU_2905,13333.3,14666.7,2.7116,normal,0.25,0.6984678819780712,0,0.015000000000000003,0.872,-0.9232610501518596,1,-0.013000000000000001
N15_M07_F10_KA03_6,KA03,artificial,outer_race,N15_M07_F10,1499.59,cepstrum,6203_PU_2905,13333.3,14666.7,2.6395,normal,0.372,0.343299822296463,0,0.006999999999999999,0.196,1.254591631507844,1,-0.006
N15_M07_F10_KA03_7,KA03,artificial,outer_race,N15_M07_F10,1499.56,cepstrum,6203_PU_2905,13333.3,14666.7,2.9403,normal,0.562,-0.349974581437129,0,0.009000000000000001,0.804,-0.6674675604981603,1,-0.006
N15_M07_F10_KA03_8,KA03,artificial,outer_race,N15_M07_F10,1499.68,cepstrum,6203_PU_2905,13333.3,14666.7,3.3195,normal,0.92,-0.9995305594566875,0,-0.012,0.67,-0.27914649385789264,0,0.002999999999999999
N15_M07_F10_KA03_9,KA03,artificial,outer_race,N15_M07_F10,1499.78,cepstrum,6203_PU_2905,13333.3,14666.7,3.6851,normal,0.278,1.6089448405671847,0,0.015000000000000003,0.94,-1.34069406237495,1,-0.013000000000000001
N15_M07_F10_KA04_1,KA04,real,outer_race,N15_M07_F10,1499.8,cepstrum,6203_PU_2855,0.0,2000.0,3.7546,outer_race,0.002,13.137632087174236,2,-0.0010000000000000009,0.938,-1.0367104270995129,0,-0.015
N15_M07_F10_KA04_10,KA04,real,outer_race,N15_M07_F10,1499.53,cepstrum,6203_PU_2855,0.0,2000.0,3.3988,normal,0.042,2.0495836593631145,0,0.006999999999999999,0.69,-0.7584562577998808,0,-0.012
N15_M07_F10_KA04_11,KA04,real,outer_race,N15_M07_F10,1499.74,cepstrum,6203_PU_2855,0.0,2000.0,3.1443,normal,1.0,-2.369316697657457,0,-0.016,0.252,0.5867376169377062,0,-0.002999999999999999
N15_M07_F10_KA04_12,KA04,real,outer_race,N15_M07_F10,1499.64,cepstrum,6203_PU_2855,0.0,2000.0,4.3268,normal,0.002,4.986913829620092,0,-0.0019999999999999983,0.95,-1.6451779718949906,0,-0.015
N15_M07_F10_KA04_13,KA04,real,outer_race,N15_M07_F10,1499.37,cepstrum,6203_PU_2855,0.0,2000.0,3.3685,normal,0.066,1.1837411273975076,0,-0.0010000000000000009,0.758,-0.6434290791564382,0,0.006000000000000002
N15_M07_F10_KA04_14,KA04,real,outer_race,N15_M07_F10,1499.49,cepstrum,6203_PU_2855,0.0,2000.0,3.1931,outer_race,0.002,18.415998552316204,4,-0.0010000000000000009,0.584,-0.13512134221563366,1,0.02
N15_M07_F10_KA04_15,KA04,real,outer_race,N15_M07_F10,1499.35,cepstrum,6203_PU_2855,0.0,2000.0,3.3853,normal,0.936,-3.0675068613133307,0,-0.0010000000000000009,0.53,-0.101207608977749,0,0.0
N15_M07_F10_KA04_16,KA04,real,outer_race,N15_M07_F10,1499.67,cepstrum,6203_PU_2855,0.0,2000.0,3.1836,normal,0.002,18.433414077178515,1,-0.0010000000000000009,0.698,-0.484724258207903,0,-0.009000000000000001
N15_M07_F10_KA04_17,KA04,real,outer_race,N15_M07_F10,1499.88,cepstrum,6203_PU_2855,0.0,2000.0,3.8775,normal,0.002,3.5081223621170587,0,-0.0019999999999999983,0.348,0.5064530876862181,0,0.0
N15_M07_F10_KA04_18,KA04,real,outer_race,N15_M07_F10,1499.25,cepstrum,6203_PU_2855,0.0,2000.0,3.3597,normal,0.932,-1.638239742271651,0,0.02,0.484,0.031567424871451304,0,0.009999999999999998
N15_M07_F10_KA04_19,KA04,real,outer_race,N15_M07_F10,1499.67,cepstrum,6203_PU_2855,0.0,2000.0,3.4161,normal,0.004,2.2326913752352096,0,-0.0010000000000000009,0.58,-0.20887833561752445,0,-0.012
N15_M07_F10_KA04_2,KA04,real,outer_race,N15_M07_F10,1499.93,cepstrum,6203_PU_2855,0.0,2000.0,3.0722,normal,0.002,5.2775685740305995,0,-0.0019999999999999983,0.79,-0.9451998698293489,0,0.004
N15_M07_F10_KA04_20,KA04,real,outer_race,N15_M07_F10,1499.56,cepstrum,6203_PU_2855,8000.0,10666.7,3.3194,outer_race,0.002,9.555447765087978,5,-0.0010000000000000009,0.68,-0.4471652764718025,3,-0.013000000000000001
N15_M07_F10_KA04_3,KA04,real,outer_race,N15_M07_F10,1499.97,cepstrum,6203_PU_2855,0.0,2000.0,3.0791,normal,1.0,-4.436208438793993,0,-0.017,0.574,-0.1964899112381395,0,0.005000000000000001
N15_M07_F10_KA04_4,KA04,real,outer_race,N15_M07_F10,1499.7,cepstrum,6203_PU_2855,0.0,2000.0,3.9109,normal,0.578,-0.2593359701668541,0,-0.0019999999999999983,1.0,-2.5972442161643667,0,-0.004
N15_M07_F10_KA04_5,KA04,real,outer_race,N15_M07_F10,1499.77,cepstrum,6203_PU_2855,0.0,2000.0,3.2939,normal,0.328,0.6368162367671766,0,0.005000000000000001,0.136,1.2697129061020256,0,-0.01
N15_M07_F10_KA04_6,KA04,real,outer_race,N15_M07_F10,1499.28,cepstrum,6203_PU_2855,0.0,2000.0,3.4224,normal,0.262,0.5873019898628455,0,-0.0010000000000000009,0.846,-0.8380855070812677,0,0.002999999999999999
N15_M07_F10_KA04_7,KA04,real,outer_race,N15_M07_F10,1499.64,cepstrum,6203_PU_2855,0.0,2000.0,3.5703,normal,0.002,3.864612988122496,0,0.0,0.958,-1.2779626743347834,0,-0.009000000000000001
N15_M07_F10_KA04_8,KA04,real,outer_race,N15_M07_F10,1499.49,cepstrum,6203_PU_2855,0.0,2000.0,3.142,normal,0.002,5.211567818816823,0,-0.0010000000000000009,0.964,-1.1762223568902428,0,-0.02
N15_M07_F10_KA04_9,KA04,real,outer_race,N15_M07_F10,1499.76,cepstrum,6203_PU_2855,0.0,2000.0,3.1121,normal,0.002,4.964875427671084,0,0.0,0.284,0.8849938076365573,0,-0.013000000000000001
N15_M07_F10_KA05_1,KA05,artificial,outer_race,N15_M07_F10,1499.71,cepstrum,6203_PU_2905,12000.0,14000.0,4.3392,normal,0.48,0.07148632433299289,1,-0.005000000000000001,0.638,-0.49835917183396994,1,-0.004
N15_M07_F10_KA05_10,KA05,artificial,outer_race,N15_M07_F10,1499.22,cepstrum,6203_PU_2905,12000.0,14000.0,6.3911,normal,0.65,-0.2822387728193237,0,0.013000000000000001,0.632,-0.3501238102472026,2,0.016000000000000004
N15_M07_F10_KA05_11,KA05,artificial,outer_race,N15_M07_F10,1499.35,cepstrum,6203_PU_2905,10666.7,13333.3,3.0675,normal,0.31,0.7654763425473663,1,-0.006999999999999999,0.238,0.995995707436248,1,0.016000000000000004
N15_M07_F10_KA05_12,KA05,artificial,outer_race,N15_M07_F10,1499.53,cepstrum,6203_PU_2905,10666.7,13333.3,4.2628,normal,0.37,0.30881237419947205,1,-0.005000000000000001,0.306,0.41154857270720757,1,0.016000000000000004
N15_M07_F10_KA05_13,KA05,artificial,outer_race,N15_M07_F10,1499.75,cepstrum,6203_PU_2905,12000.0,14000.0,4.8171,normal,0.792,-0.47507487633610773,0,-0.006999999999999999,0.43,0.23780268632958204,1,-0.004
N15_M07_F10_KA05_14,KA05,artificial,outer_race,N15_M07_F10,1499.65,cepstrum,6203_PU_2905,10666.7,13333.3,3.591,normal,0.624,-0.24461395382697682,0,-0.004,0.73,-0.40512220117947473,0,0.019
N15_M07_F10_KA05_15,KA05,artificial,outer_race,N15_M07_F10,1499.5,cepstrum,6203_PU_2905,12000.0,14000.0,3.7979,normal,0.892,-0.7902488947209179,0,0.002999999999999999,0.786,-0.7164596191417058,1,0.002999999999999999
N15_M07_F10_KA05_16,KA05,artificial,outer_race,N15_M07_F10,1499.38,cepstrum,6203_PU_2905,12000.0,14000.0,5.1764,normal,0.55,-0.09406835043445101,0,-0.005000000000000001,0.746,-0.6080687656325167,0,0.019
N15_M07_F10_KA05_17,KA05,artificial,outer_race,N15_M07_F10,1499.83,cepstrum,6203_PU_2905,13333.3,14666.7,5.6139,normal,0.42,0.0925531886916028,0,-0.005000000000000001,0.158,1.4611940300811697,1,0.004
N15_M07_F10_KA05_18,KA05,artificial,outer_race,N15_M07_F10,1499.23,cepstrum,6203_PU_2905,10666.7,12000.0,5.1361,normal,0.796,-0.7734287504759234,0,0.006000000000000002,0.856,-0.9012626937233039,1,0.019
N15_M07_F10_KA05_19,KA05,artificial,outer_race,N15_M07_F10,1499.44,cepstrum,6203_PU_2905,12000.0,14000.0,4.3927,normal,0.294,0.5217342798251359,1,-0.006999999999999999,0.824,-1.159369414043336,0,-0.012
N15_M07_F10_KA05_2,KA05,artificial,outer_race,N15_M07_F10,1499.51,cepstrum,6203_PU_2905,10666.7,13333.3,3.2222,normal,0.564,-0.1419652243850229,0,0.008,0.38,0.31318979144542547,2,0.016999999999999998
N15_M07_F10_KA05_20,KA05,artificial,outer_race,N15_M07_F10,1499.56,cepstrum,6203_PU_2905,10666.7,13333.3,5.5586,normal,0.56,-0.12433690723417587,1,-0.006999999999999999,0.262,0.7127719689580521,3,0.016000000000000004
N15_M07_F10_KA05_3,KA05,artificial,outer_race,N15_M07_F10,1499.71,cepstrum,6203_PU_2905,12000.0,14000.0,4.4349,normal,0.736,-0.5958319818412762,0,0.011,0.206,1.1447831091739025,0,0.02
N15_M07_F10_KA05_4,KA05,artificial,outer_race,N15_M07_F10,1499.43,cepstrum,6203_PU_2905,10000.0,12000.0,4.6207,normal,0.766,-0.324385725402366,0,0.012,0.434,0.15146350190063018,2,0.015000000000000003
N15_M07_F10_KA05_5,KA05,artificial,outer_race,N15_M07_F10,1499.93,cepstrum,6203_PU_2905,10666.7,13333.3,3.9182,normal,0.884,-0.8013548034143121,0,-0.005000000000000001,0.962,-1.0049800564071452,1,0.005000000000000001
N15_M07_F10_KA05_6,KA05,artificial,outer_race,N15_M07_F10,1499.47,cepstrum,6203_PU_2905,10666.7,13333.3,3.5591,normal,0.63,-0.16975004974785687,0,-0.004,0.41,0.3344640805048531,1,0.016999999999999998
N15_M07_F10_KA05_7,KA05,artificial,outer_race,N15_M07_F10,1499.29,cepstrum,6203_PU_2905,10666.7,13333.3,4.1263,normal,0.472,0.026351190749942285,0,-0.006,0.996,-2.5379945025278916,1,0.016999999999999998
N15_M07_F10_KA05_8,KA05,artificial,outer_race,N15_M07_F10,1499.41,cepstrum,6203_PU_2905,10666.7,13333.3,3.2289,normal,0.458,0.10828296103783755,0,0.015000000000000003,0.82,-0.8483786817886858,1,-0.002999999999999999
N15_M07_F10_KA05_9,KA05,artificial,outer_race,N15_M07_F10,1499.84,cepstrum,6203_PU_2905,12000.0,14000.0,4.9207,normal,0.796,-0.9404487949062982,0,0.016000000000000004,0.52,-0.05545302055660539,0,-0.005000000000000001
N15_M07_F10_KA06_1,KA06,artificial,outer_race,N15_M07_F10,1499.73,cepstrum,6203_PU_2905,13333.3,14666.7,2.7822,normal,0.468,0.7092809959978111,0,0.014000000000000002,0.542,-0.08220010011024495,1,0.013000000000000001
N15_M07_F10_KA06_10,KA06,artificial,outer_race,N15_M07_F10,1499.57,cepstrum,6203_PU_2905,13333.3,14666.7,3.231,normal,0.714,-0.5055524042081372,0,-0.005000000000000001,0.804,-0.7736187654264713,0,0.004
N15_M07_F10_KA06_11,KA06,artificial,outer_race,N15_M07_F10,1499.67,cepstrum,6203_PU_2905,13333.3,14666.7,4.4431,normal,0.312,0.3694719337708978,0,-0.006,0.746,-0.5401982894698748,1,0.016999999999999998
N15_M07_F10_KA06_12,KA06,artificial,outer_race,N15_M07_F10,1499.52,cepstrum,6203_PU_2905,12000.0,14000.0,3.6541,normal,0.324,1.0895128930713665,0,-0.006,0.606,-0.26521159288331164,1,-0.011
N15_M07_F10_KA06_13,KA06,artificial,outer_race,N15_M07_F10,1499.74,cepstrum,6203_PU_2905,12000.0,14000.0,3.1578,normal,0.594,-0.2663596700687181,0,-0.006,0.05,2.3513136903616565,1,0.004
N15_M07_F10_KA06_14,KA06,artificial,outer_race,N15_M07_F10,1499.61,cepstrum,6203_PU_2905,12000.0,14000.0,3.233,normal,0.302,3.588222423030243,0,-0.004,0.368,0.5778952721928471,2,0.002999999999999999
N15_M07_F10_KA06_15,KA06,artificial,outer_race,N15_M07_F10,1499.51,cepstrum,6203_PU_2905,13333.3,14666.7,3.2586,normal,0.664,-0.3722027239280826,0,0.015000000000000003,0.46,0.05421476295529462,1,0.004
N15_M07_F10_KA06_16,KA06,artificial,outer_race,N15_M07_F10,1499.78,cepstrum,6203_PU_2905,12000.0,14000.0,4.0767,normal,0.224,1.5940746380756505,1,-0.006,0.26,1.0188365411611897,1,0.002999999999999999
N15_M07_F10_KA06_17,KA06,artificial,outer_race,N15_M07_F10,1499.36,cepstrum,6203_PU_2905,12000.0,14000.0,3.5737,normal,0.85,-0.8195251539758674,0,-0.004,0.688,-0.5036484777580148,1,0.015000000000000003
N15_M07_F10_KA06_18,KA06,artificial,outer_race,N15_M07_F10,1499.37,cepstrum,6203_PU_2905,13333.3,14666.7,3.1368,normal,0.574,-0.01889158895344917,0,0.011,0.452,0.17693953263156864,0,0.011
N15_M07_F10_KA06_19,KA06,artificial,outer_race,N15_M07_F10,1499.41,cepstrum,6203_PU_2905,13333.3,14666.7,3.4888,normal,0.746,-0.4978283923896628,0,-0.005000000000000001,0.886,-1.1394091198772063,1,0.016000000000000004
N15_M07_F10_KA06_2,KA06,artificial,outer_race,N15_M07_F10,1499.8,cepstrum,6203_PU_2905,13333.3,14666.7,3.9042,normal,0.81,-0.7575136814811091,0,0.014000000000000002,0.204,0.7046591134334351,1,0.002999999999999999
N15_M07_F10_KA06_20,KA06,artificial,outer_race,N15_M07_F10,1499.5,cepstrum,6203_PU_2905,12000.0,14000.0,3.3207,normal,0.636,-0.3713919485732053,0,-0.006999999999999999,0.208,0.9878804458731666,1,0.002999999999999999
N15_M07_F10_KA06_3,KA06,artificial,outer_race,N15_M07_F10,1499.77,cepstrum,6203_PU_2905,12000.0,14000.0,3.0952,normal,0.792,-0.6563611826402967,0,0.006000000000000002,0.124,1.6291391040416516,1,0.015000000000000003
N15_M07_F10_KA06_4,KA06,artificial,outer_race,N15_M07_F10,1499.58,cepstrum,6203_PU_2905,12000.0,14000.0,3.5694,normal,0.464,0.039632011183944445,1,-0.004,0.65,-0.48504598477242233,2,0.012
N15_M07_F10_KA06_5,KA06,artificial,outer_race,N15_M07_F10,1499.45,cepstrum,6203_PU_2905,13333.3,14666.7,5.0417,normal,0.848,-0.9030741308559267,0,0.011,0.244,0.9849516871705498,1,-0.011
N15_M07_F10_KA06_6,KA06,artificial,outer_race,N15_M07_F10,1499.74,cepstrum,6203_PU_2905,13333.3,14666.7,3.1895,normal,0.436,0.051770803681645175,0,-0.006,0.562,-0.06670190555609913,1,0.013000000000000001
N15_M07_F10_KA06_7,KA06,artificial,outer_race,N15_M07_F10,1499.58,cepstrum,6203_PU_2905,12000.0,14000.0,4.5613,normal,0.446,0.3580162408377578,0,-0.005000000000000001,0.3,0.6400553109890051,0,0.012
N15_M07_F10_KA06_8,KA06,artificial,outer_race,N15_M07_F10,1499.44,cepstrum,6203_PU_2905,12000.0,14000.0,2.9529,normal,0.946,-0.762134390029717,0,0.006999999999999999,0.568,-0.14902543977160293,1,-0.002999999999999999
N15_M07_F10_KA06_9,KA06,artificial,outer_race,N15_M07_F10,1499.84,cepstrum,6203_PU_2905,12000.0,14000.0,5.315,normal,0.476,0.01337531310491602,0,-0.006,0.338,0.5070023087729871,0,0.002999999999999999
N15_M07_F10_KA07_1,KA07,artificial,outer_race,N15_M07_F10,1499.42,cepstrum,6203_PU_2905,10666.7,13333.3,3.3754,normal,0.528,-0.07855685782564906,1,-0.006999999999999999,0.508,-0.011732435545797719,1,0.016999999999999998
N15_M07_F10_KA07_10,KA07,artificial,outer_race,N15_M07_F10,1499.68,cepstrum,6203_PU_2905,10666.7,13333.3,4.1675,normal,0.874,-0.7897942477998157,1,-0.005000000000000001,0.222,0.9098655575094159,2,0.012
N15_M07_F10_KA07_11,KA07,artificial,outer_race,N15_M07_F10,1499.92,cepstrum,6203_PU_2905,10666.7,13333.3,3.3017,normal,0.38,0.4083288775521564,0,-0.006999999999999999,0.082,1.7752615995061864,1,0.014000000000000002
N15_M07_F10_KA07_12,KA07,artificial,outer_race,N15_M07_F10,1499.79,cepstrum,6203_PU_2905,10666.7,13333.3,3.2916,normal,0.42,0.32828669582366965,1,-0.006999999999999999,0.316,0.5622297081962563,2,0.012
N15_M07_F10_KA07_13,KA07,artificial,outer_race,N15_M07_F10,1499.52,cepstrum,6203_PU_2905,10666.7,13333.3,3.0127,normal,0.754,-0.563019221288255,1,-0.006999999999999999,0.084,2.147928890909229,2,0.015000000000000003
N15_M07_F10_KA07_14,KA07,artificial,outer_race,N15_M07_F10,1499.69,cepstrum,6203_PU_2905,10666.7,13333.3,3.4264,normal,0.43,0.14166677660332602,1,-0.006,0.156,0.9872414602742087,1,0.002999999999999999
N15_M07_F10_KA07_15,KA07,artificial,outer_race,N15_M07_F10,1499.57,cepstrum,6203_PU_2905,10666.7,13333.3,4.1633,normal,0.45,0.2882148253651379,1,-0.006999999999999999,0.224,1.1503953478039373,2,0.016000000000000004
N15_M07_F10_KA07_16,KA07,artificial,outer_race,N15_M07_F10,1499.7,cepstrum,6203_PU_2905,10666.7,13333.3,3.1485,normal,0.612,-0.38326822707017694,0,-0.006,0.418,0.15620609433037683,2,0.014000000000000002
N15_M07_F10_KA07_17,KA07,artificial,outer_race,N15_M07_F10,1499.57,cepstrum,6203_PU_2905,10666.7,13333.3,3.4174,normal,0.358,0.5232368548414459,1,-0.006999999999999999,0.464,0.0466326850112361,2,0.014000000000000002
N15_M07_F10_KA07_18,KA07,artificial,outer_race,N15_M07_F10,1499.48,cepstrum,6203_PU_2905,10666.7,13333.3,3.5035,normal,0.598,-0.3998679050676072,1,-0.005000000000000001,0.186,1.146507892173821,2,0.014000000000000002
N15_M07_F10_KA07_19,KA07,artificial,outer_race,N15_M07_F10,1499.43,cepstrum,6203_PU_2905,10666.7,13333.3,2.974,normal,0.386,0.3453297393232012,1,-0.006,0.206,0.9043923964324198,3,0.015000000000000003
N15_M07_F10_KA07_2,KA07,artificial,outer_race,N15_M07_F10,1499.7,cepstrum,6203_PU_2905,10666.7,13333.3,3.3146,normal,0.652,-0.377280424532776,1,-0.006999999999999999,0.028,1.6421253841021113,2,0.012
N15_M07_F10_KA07_20,KA07,artificial,outer_race,N15_M07_F10,1499.73,cepstrum,6203_PU_2905,10666.7,13333.3,3.9609,normal,0.562,-0.06828575670819305,1,-0.006,0.658,-0.45426488592136743,1,0.004
N15_M07_F10_KA07_3,KA07,artificial,outer_race,N15_M07_F10,1499.58,cepstrum,6203_PU_2905,10666.7,13333.3,3.5178,normal,0.6,-0.19735730658536524,0,-0.006,0.15,1.374035655666598,2,0.016000000000000004
N15_M07_F10_KA07_4,KA07,artificial,outer_race,N15_M07_F10,1499.59,cepstrum,6203_PU_2905,10666.7,13333.3,4.2367,normal,0.682,-0.2191304865932402,2,-0.006,0.166,1.5779169935433872,2,0.004
N15_M07_F10_KA07_5,KA07,artificial,outer_race,N15_M07_F10,1499.71,cepstrum,6203_PU_2905,12000.0,14000.0,5.7696,normal,0.632,-0.2306472683121573,1,-0.006999999999999999,0.338,0.6527904833382786,1,0.002999999999999999
N15_M07_F10_KA07_6,KA07,artificial,outer_race,N15_M07_F10,1499.74,cepstrum,6203_PU_2905,10666.7,13333.3,3.277,normal,0.812,-0.8231724218425822,1,-0.006999999999999999,0.038,2.215280246686532,2,0.014000000000000002
N15_M07_F10_KA07_7,KA07,artificial,outer_race,N15_M07_F10,1499.64,cepstrum,6203_PU_2905,10666.7,13333.3,3.6247,normal,0.552,-0.1813276293923155,1,-0.006,0.39,0.27452555374264176,1,0.016999999999999998
N15_M07_F10_KA07_8,KA07,artificial,outer_race,N15_M07_F10,1499.4,cepstrum,6203_PU_2905,10666.7,13333.3,3.2666,normal,0.374,0.3348431491549944,1,-0.005000000000000001,0.846,-0.9932360419240345,1,0.013000000000000001
N15_M07_F10_KA07_9,KA07,artificial,outer_race,N15_M07_F10,1499.53,cepstrum,6203_PU_2905,10666.7,13333.3,5.3445,normal,0.9,-1.044085122265441,1,-0.005000000000000001,0.334,0.23944391849881097,2,0.002999999999999999
N15_M07_F10_KA08_1,KA08,artificial,outer_race,N15_M07_F10,1499.49,cepstrum,6203_PU_2905,10666.7,13333.3,3.071,normal,0.338,0.06658881148540852,1,-0.006,0.31,0.5627953293448723,2,0.014000000000000002
N15_M07_F10_KA08_10,KA08,artificial,outer_race,N15_M07_F10,1499.66,cepstrum,6203_PU_2905,10666.7,13333.3,3.2389,normal,0.828,-0.5357178182213285,1,-0.006,0.602,-0.2341891225751301,2,0.013000000000000001
N15_M07_F10_KA08_11,KA08,artificial,outer_race,N15_M07_F10,1499.46,cepstrum,6203_PU_2905,10666.7,13333.3,4.0678,normal,0.718,-0.2599180977020273,1,-0.006999999999999999,0.444,0.10063700604190852,3,0.014000000000000002
N15_M07_F10_KA08_12,KA08,artificial,outer_race,N15_M07_F10,1499.57,cepstrum,6203_PU_2905,10666.7,13333.3,4.6525,normal,0.722,-0.4218178005375296,1,-0.005000000000000001,0.116,1.4027693278819593,2,0.004
N15_M07_F10_KA08_13,KA08,artificial,outer_race,N15_M07_F10,1499.48,cepstrum,6203_PU_2905,12000.0,14000.0,3.8316,normal,0.886,-0.7898971113223532,1,-0.006999999999999999,0.668,-0.38941702215807933,1,-0.009000000000000001
N15_M07_F10_KA08_14,KA08,artificial,outer_race,N15_M07_F10,1499.53,cepstrum,6203_PU_2905,10666.7,13333.3,3.5383,normal,0.356,0.23054328122944787,1,-0.006,0.718,-0.6829047084483131,2,0.016000000000000004
N15_M07_F10_KA08_15,KA08,artificial,outer_race,N15_M07_F10,1499.62,cepstrum,6203_PU_2905,10666.7,13333.3,3.1312,normal,0.442,0.12510108489814575,1,-0.004,0.188,1.4861652968918426,2,0.002999999999999999
N15_M07_F10_KA08_16,KA08,artificial,outer_race,N15_M07_F10,1499.54,cepstrum,6203_PU_2905,12000.0,14000.0,2.9971,normal,0.956,-1.20556762803212,1,-0.008,0.232,1.022656255108604,1,0.016999999999999998
N15_M07_F10_KA08_17,KA08,artificial,outer_race,N15_M07_F10,1499.71,cepstrum,6203_PU_2905,13333.3,14666.7,3.8599,normal,0.636,-0.14423689230135708,1,-0.008,0.056,1.4621794756789328,1,0.016999999999999998
N15_M07_F10_KA08_18,KA08,artificial,outer_race,N15_M07_F10,1499.78,cepstrum,6203_PU_2905,10666.7,13333.3,5.9854,normal,0.866,-0.6478463737197253,1,-0.005000000000000001,0.648,-0.2852905222915366,2,0.012
N15_M07_F10_KA08_19,KA08,artificial,outer_race,N15_M07_F10,1499.5,cepstrum,6203_PU_2905,13333.3,14666.7,3.0846,normal,0.368,0.0871723621386587,0,-0.005000000000000001,0.496,0.017649822531494892,2,0.015000000000000003
N15_M07_F10_KA08_2,KA08,artificial,outer_race,N15_M07_F10,1499.61,cepstrum,6203_PU_2905,10666.7,13333.3,3.0166,normal,0.476,0.05444605084406095,1,-0.006,0.816,-0.8317272592195526,1,0.012
N15_M07_F10_KA08_20,KA08,artificial,outer_race,N15_M07_F10,1499.57,cepstrum,6203_PU_2905,12000.0,14000.0,3.4763,normal,0.9,-0.7959138517405501,1,-0.005000000000000001,0.562,-0.15948083139144037,1,0.014000000000000002
N15_M07_F10_KA08_3,KA08,artificial,outer_race,N15_M07_F10,1499.58,cepstrum,6203_PU_2905,10666.7,13333.3,3.7575,normal,0.47,0.17499090298826742,1,-0.006999999999999999,0.628,-0.2854388870152259,2,0.004
N15_M07_F10_KA08_4,KA08,artificial,outer_race,N15_M07_F10,1499.62,cepstrum,6203_PU_2905,10666.7,13333.3,3.3404,normal,0.936,-1.0574239269671766,1,-0.005000000000000001,0.12,2.2360894793546557,2,0.013000000000000001
N15_M07_F10_KA08_5,KA08,artificial,outer_race,N15_M07_F10,1499.46,cepstrum,6203_PU_2905,12000.0,14000.0,3.1019,normal,0.386,0.215062837928677,1,-0.005000000000000001,0.588,-0.21671563906314634,1,0.018
N15_M07_F10_KA08_6,KA08,artificial,outer_race,N15_M07_F10,1499.67,cepstrum,6203_PU_2905,12000.0,13333.3,4.6138,normal,0.504,-0.0014896951920010239,1,-0.006,0.57,-0.2076703970522115,1,0.012
N15_M07_F10_KA08_7,KA08,artificial,outer_race,N15_M07_F10,1499.4,cepstrum,6203_PU_2905,10666.7,13333.3,3.7024,normal,0.304,0.7109922482628054,1,-0.005000000000000001,0.716,-0.6206330846280708,1,0.013000000000000001
N15_M07_F10_KA08_8,KA08,artificial,outer_race,N15_M07_F10,1499.57,cepstrum,6203_PU_2905,10666.7,13333.3,3.1766,normal,0.442,0.35424292132335183,1,-0.006999999999999999,0.134,1.5238965905912236,2,0.015000000000000003
N15_M07_F10_KA08_9,KA08,artificial,outer_race,N15_M07_F10,1499.47,cepstrum,6203_PU_2905,10666.7,13333.3,4.2144,normal,0.62,-0.5951218319874783,1,-0.006,0.286,0.536580970798446,2,0.014000000000000002
N15_M07_F10_KA09_1,KA09,artificial,outer_race,N15_M07_F10,1499.89,cepstrum,6203_PU_2905,10666.7,13333.3,3.6802,normal,0.326,0.7399630603376605,1,-0.006,0.346,0.49984334410820713,3,0.015000000000000003
N15_M07_F10_KA09_10,KA09,artificial,outer_race,N15_M07_F10,1499.1,cepstrum,6203_PU_2905,12000.0,14000.0,3.6496,normal,0.302,1.261062275408381,0,-0.006,0.378,0.6101094591264454,2,0.016000000000000004
N15_M07_F10_KA09_11,KA09,artificial,outer_race,N15_M07_F10,1499.83,cepstrum,6203_PU_2905,12000.0,14000.0,3.5131,normal,0.422,0.12521094684350048,0,-0.006,0.554,-0.20078831902905736,2,0.014000000000000002
N15_M07_F10_KA09_12,KA09,artificial,outer_race,N15_M07_F10,1499.55,cepstrum,6203_PU_2905,10666.7,13333.3,2.9192,normal,0.324,1.181897437423795,1,-0.006999999999999999,0.296,0.49373890492322214,3,0.014000000000000002
N15_M07_F10_KA09_13,KA09,artificial,outer_race,N15_M07_F10,1498.56,cepstrum,6203_PU_2905,10666.7,13333.3,3.8319,normal,0.354,0.5698857877180951,1,-0.005000000000000001,0.418,0.17884561827982093,1,0.016999999999999998
N15_M07_F10_KA09_14,KA09,artificial,outer_race,N15_M07_F10,1500.27,cepstrum,6203_PU_2905,10666.7,13333.3,2.9537,normal,0.19,1.8314349771679737,1,-0.006,0.492,0.08249759438686513,2,0.014000000000000002
N15_M07_F10_KA09_15,KA09,artificial,outer_race,N15_M07_F10,1499.44,cepstrum,6203_PU_2905,10666.7,13333.3,5.0128,normal,0.698,-0.6613720539976412,1,-0.006999999999999999,0.19,0.8786668909051647,1,0.002999999999999999
N15_M07_F10_KA09_16,KA09,artificial,outer_race,N15_M07_F10,1499.83,cepstrum,6203_PU_2905,10666.7,13333.3,3.3041,normal,0.694,-0.38404499569048617,1,-0.005000000000000001,0.906,-0.8635389995016284,1,0.016000000000000004
N15_M07_F10_KA09_17,KA09,artificial,outer_race,N15_M07_F10,1499.54,cepstrum,6203_PU_2905,10666.7,13333.3,3.2829,normal,0.438,0.19350157442736027,1,-0.006999999999999999,0.268,0.6816533825260673,2,0.015000000000000003
N15_M07_F10_KA09_18,KA09,artificial,outer_race,N15_M07_F10,1499.1,cepstrum,6203_PU_2905,10666.7,13333.3,3.383,normal,0.474,0.0579833214432866,0,-0.006,0.498,0.0016560449475093598,1,0.013000000000000001
N15_M07_F10_KA09_19,KA09,artificial,outer_race,N15_M07_F10,1499.63,cepstrum,6203_PU_2905,13333.3,14666.7,4.0453,normal,0.22,1.395329475362825,1,-0.006999999999999999,0.662,-0.37198253209933896,1,0.012
N15_M07_F10_KA09_2,KA09,artificial,outer_race,N15_M07_F10,1499.68,cepstrum,6203_PU_2905,12000.0,14000.0,3.4268,normal,0.938,-0.6420206220203085,0,-0.004,0.194,0.8850213710162665,1,0.015000000000000003
N15_M07_F10_KA09_20,KA09,artificial,outer_race,N15_M07_F10,1499.45,cepstrum,6203_PU_2905,10666.7,13333.3,2.6297,normal,0.682,-0.4700608179580847,0,0.006999999999999999,0.128,1.5812381312932384,1,0.014000000000000002
N15_M07_F10_KA09_3,KA09,artificial,outer_race,N15_M07_F10,1499.8,cepstrum,6203_PU_2905,13333.3,14666.7,3.589,normal,0.9,-0.8552763753987118,0,-0.006999999999999999,0.054,2.6819110167405964,2,0.012
N15_M07_F10_KA09_4,KA09,artificial,outer_race,N15_M07_F10,1500.06,cepstrum,6203_PU_2905,10666.7,13333.3,5.6904,normal,0.81,-0.7060981283475937,1,-0.006,0.296,0.31552141440311604,1,0.002999999999999999
N15_M07_F10_KA09_5,KA09,artificial,outer_race,N15_M07_F10,1499.42,cepstrum,6203_PU_2905,13333.3,14666.7,3.168,normal,0.908,-0.8865058422396912,0,-0.006,0.44,0.23979650098520375,1,0.015000000000000003
N15_M07_F10_KA09_6,KA09,artificial,outer_race,N15_M07_F10,1499.28,cepstrum,6203_PU_2905,10666.7,13333.3,3.9924,normal,0.358,0.4323113652029238,1,-0.006999999999999999,0.31,0.4639818601364546,1,0.016999999999999998
N15_M07_F10_KA09_7,KA09,artificial,outer_race,N15_M07_F10,1498.95,cepstrum,6203_PU_2905,13333.3,14666.7,2.5678,normal,0.304,1.4218088190863756,1,-0.006,0.086,1.1515473895614128,1,0.016000000000000004
N15_M07_F10_KA09_8,KA09,artificial,outer_race,N15_M07_F10,1498.57,cepstrum,6203_PU_2905,12000.0,14000.0,3.2785,normal,0.504,-0.031325802861081206,1,-0.005000000000000001,0.806,-0.6146867016979882,2,0.012
N15_M07_F10_KA09_9,KA09,artificial,outer_race,N15_M07_F10,1499.83,cepstrum,6203_PU_2905,12000.0,14000.0,2.7426,inner_race,0.466,0.08122003600720022,0,-0.006999999999999999,0.024,2.7754068870651376,2,0.014000000000000002
N15_M07_F10_KA15_1,KA15,real,outer_race,N15_M07_F10,1499.65,cepstrum,6203_PU_2855,12000.0,14000.0,3.4042,normal,0.426,0.25994503517101486,0,-0.011,0.93,-1.2099582464259273,0,-0.017
N15_M07_F10_KA15_10,KA15,real,outer_race,N15_M07_F10,1499.59,cepstrum,6203_PU_2855,12000.0,14000.0,3.4404,normal,0.53,-0.09476738692620339,0,-0.02,0.598,-0.34184137526322433,1,0.006000000000000002
N15_M07_F10_KA15_11,KA15,real,outer_race,N15_M07_F10,1499.61,cepstrum,6203_PU_2855,12000.0,14000.0,3.8087,normal,0.952,-1.2442639606247243,0,0.014000000000000002,0.868,-1.1910811435324542,1,0.006000000000000002
N15_M07_F10_KA15_12,KA15,real,outer_race,N15_M07_F10,1499.62,cepstrum,6203_PU_2855,12000.0,14000.0,3.2847,normal,0.956,-1.480533965339051,0,0.02,0.676,-0.37149736700155533,1,-0.015
N15_M07_F10_KA15_13,KA15,real,outer_race,N15_M07_F10,1499.53,cepstrum,6203_PU_2855,12000.0,14000.0,3.9049,normal,0.486,0.02174908972373951,1,0.016000000000000004,0.7,-0.31619335750464894,2,-0.017
N15_M07_F10_KA15_14,KA15,real,outer_race,N15_M07_F10,1499.6,cepstrum,6203_PU_2855,12000.0,14000.0,3.3768,normal,0.372,0.5609760095609352,1,0.015000000000000003,0.642,-0.2654870777685413,2,-0.009000000000000001
N15_M07_F10_KA15_15,KA15,real,outer_race,N15_M07_F10,1499.48,cepstrum,6203_PU_2855,12000.0,14000.0,3.2129,normal,0.988,-1.299118078673956,0,-0.004,0.894,-0.9385293656799165,1,-0.005000000000000001
N15_M07_F10_KA15_16,KA15,real,outer_race,N15_M07_F10,1499.76,cepstrum,6203_PU_2855,12000.0,14000.0,3.3958,normal,0.634,-0.18672979160242345,1,0.014000000000000002,0.666,-0.3602033109522751,1,-0.009000000000000001
N15_M07_F10_KA15_17,KA15,real,outer_race,N15_M07_F10,1499.56,cepstrum,6203_PU_2855,12000.0,14000.0,3.931,normal,0.398,0.45857941952555464,1,0.013000000000000001,0.91,-0.885465400584658,1,0.006000000000000002
N15_M07_F10_KA15_18,KA15,real,outer_race,N15_M07_F10,1499.62,cepstrum,6203_PU_2855,12000.0,14000.0,3.4466,normal,0.656,-0.3092739932085193,0,0.016000000000000004,0.518,-0.059766075874459014,1,-0.009000000000000001
N15_M07_F10_KA15_19,KA15,real,outer_race,N15_M07_F10,1499.62,cepstrum,6203_PU_2855,12000.0,14000.0,3.7936,normal,0.418,0.41003025252861286,0,0.02,0.778,-0.5851922975929751,1,-0.009000000000000001
N15_M07_F10_KA15_2,KA15,real,outer_race,N15_M07_F10,1499.67,cepstrum,6203_PU_2855,12000.0,14000.0,2.6193,normal,0.756,-0.4487144233106648,0,0.02,0.652,-0.3066855975259203,1,-0.009000000000000001
N15_M07_F10_KA15_20,KA15,real,outer_race,N15_M07_F10,1499.64,cepstrum,6203_PU_2855,12000.0,14000.0,3.6994,normal,0.768,-0.6300015210817571,1,0.014000000000000002,0.328,0.47597256375761315,1,-0.01
N15_M07_F10_KA15_3,KA15,real,outer_race,N15_M07_F10,1499.67,cepstrum,6203_PU_2855,12000.0,14000.0,3.0942,normal,0.752,-0.5057950326370964,0,0.016000000000000004,0.846,-0.903686532436522,1,-0.008
N15_M07_F10_KA15_4,KA15,real,outer_race,N15_M07_F10,1499.75,cepstrum,6203_PU_2855,12000.0,14000.0,3.5188,normal,0.422,0.11557861689184652,0,0.013000000000000001,0.924,-1.1159227472591688,1,-0.008
N15_M07_F10_KA15_5,KA15,real,outer_race,N15_M07_F10,1499.65,cepstrum,6203_PU_2855,12000.0,14000.0,3.537,normal,0.604,-0.3892663300723699,0,-0.0019999999999999983,0.804,-0.6690157364789621,1,-0.0010000000000000009
N15_M07_F10_KA15_6,KA15,real,outer_race,N15_M07_F10,1499.43,cepstrum,6203_PU_2855,12000.0,14000.0,3.6806,normal,0.466,0.01996461007755557,0,0.015000000000000003,0.91,-1.2289100994463225,1,-0.016
N15_M07_F10_KA15_7,KA15,real,outer_race,N15_M07_F10,1499.48,cepstrum,6203_PU_2855,12000.0,14000.0,3.0483,normal,0.906,-0.979829178534287,0,0.011,0.67,-0.27091237738857776,1,-0.008
N15_M07_F10_KA15_8,KA15,real,outer_race,N15_M07_F10,1499.54,cepstrum,6203_PU_2855,12000.0,14000.0,3.4394,normal,0.542,-0.23412832210690399,0,0.013000000000000001,0.944,-1.3852969264002781,0,0.013000000000000001
N15_M07_F10_KA15_9,KA15,real,outer_race,N15_M07_F10,1499.5,cepstrum,6203_PU_2855,12000.0,14000.0,3.7753,normal,0.636,-0.25633050799373097,0,0.014000000000000002,0.764,-0.6999756299465643,1,-0.009000000000000001
N15_M07_F10_KA16_1,KA16,real,outer_race,N15_M07_F10,1499.57,cepstrum,6203_PU_2905,8000.0,12000.0,16.3583,outer_race,0.002,9.822678690936291,5,-0.0019999999999999983,0.714,-0.4407157162678893,3,-0.005000000000000001
N15_M07_F10_KA16_10,KA16,real,outer_race,N15_M07_F10,1499.78,cepstrum,6203_PU_2905,10000.0,12000.0,5.2602,outer_race,0.002,9.516662042457265,5,-0.0019999999999999983,0.772,-0.6457421072220492,3,-0.005000000000000001
N15_M07_F10_KA16_11,KA16,real,outer_race,N15_M07_F10,1499.66,cepstrum,6203_PU_2905,10000.0,12000.0,5.3257,outer_race,0.002,10.971311171466485,5,-0.0019999999999999983,0.84,-1.0034004803357597,2,-0.016
N15_M07_F10_KA16_12,KA16,real,outer_race,N15_M07_F10,1500.31,cepstrum,6203_PU_2905,10000.0,12000.0,4.7427,outer_race,0.002,13.730503185007377,4,-0.0010000000000000009,0.65,-0.31652260764849033,2,-0.014
N15_M07_F10_KA16_13,KA16,real,outer_race,N15_M07_F10,1499.6,cepstrum,6203_PU_2905,10000.0,12000.0,4.5938,outer_race,0.002,11.588524375011616,5,-0.002999999999999999,0.594,-0.19781955092517414,3,-0.015
N15_M07_F10_KA16_14,KA16,real,outer_race,N15_M07_F10,1499.7,cepstrum,6203_PU_2905,10000.0,12000.0,4.4905,outer_race,0.002,10.695427150864708,5,-0.002999999999999999,0.812,-0.9431429502350306,1,-0.005000000000000001
N15_M07_F10_KA16_15,KA16,real,outer_race,N15_M07_F10,1499.46,cepstrum,6203_PU_2905,10000.0,12000.0,5.3631,outer_race,0.002,9.416196047567547,5,-0.0019999999999999983,0.68,-0.6081151516509087,1,-0.015
N15_M07_F10_KA16_16,KA16,real,outer_race,N15_M07_F10,1499.46,cepstrum,6203_PU_2905,10000.0,12000.0,4.5452,outer_race,0.002,10.13847074618934,5,-0.0019999999999999983,0.41,0.2927640785631746,3,-0.016
N15_M07_F10_KA16_17,KA16,real,outer_race,N15_M07_F10,1499.65,cepstrum,6203_PU_2905,10000.0,12000.0,4.6784,outer_race,0.002,14.808724230894553,5,-0.0019999999999999983,0.746,-0.5877265848946697,1,-0.005000000000000001
N15_M07_F10_KA16_18,KA16,real,outer_race,N15_M07_F10,1499.43,cepstrum,6203_PU_2905,10000.0,12000.0,4.5495,outer_race,0.002,13.969008331734647,5,-0.0019999999999999983,0.608,-0.31008137999836366,2,-0.015
N15_M07_F10_KA16_19,KA16,real,outer_race,N15_M07_F10,1499.47,cepstrum,6203_PU_2905,10000.0,12000.0,4.6623,outer_race,0.002,14.943672144680146,5,-0.0019999999999999983,0.936,-1.3469136239113522,3,-0.016
N15_M07_F10_KA16_2,KA16,real,outer_race,N15_M07_F10,1499.6,cepstrum,6203_PU_2905,8000.0,12000.0,9.244,outer_race,0.002,6.269983793622424,4,-0.0019999999999999983,0.518,-0.1033095335693352,2,-0.015
N15_M07_F10_KA16_20,KA16,real,outer_race,N15_M07_F10,1499.52,cepstrum,6203_PU_2905,10000.0,12000.0,4.7719,outer_race,0.002,12.973654039710347,5,-0.0019999999999999983,0.834,-0.984011340718452,3,-0.016
N15_M07_F10_KA16_3,KA16,real,outer_race,N15_M07_F10,1499.67,cepstrum,6203_PU_2905,10000.0,12000.0,6.55,outer_race,0.002,10.78517434538748,4,-0.0019999999999999983,0.522,-0.13654173142643466,2,-0.011
N15_M07_F10_KA16_4,KA16,real,outer_race,N15_M07_F10,1499.41,cepstrum,6203_PU_2905,10000.0,12000.0,5.5913,outer_race,0.002,8.488372825556246,4,-0.0010000000000000009,0.794,-0.6976856533783865,2,-0.016
N15_M07_F10_KA16_5,KA16,real,outer_race,N15_M07_F10,1499.67,cepstrum,6203_PU_2905,10000.0,12000.0,6.0173,outer_race,0.002,10.345965897513492,5,-0.0019999999999999983,0.816,-0.7029567304844251,3,-0.016
N15_M07_F10_KA16_6,KA16,real,outer_race,N15_M07_F10,1499.37,cepstrum,6203_PU_2905,8000.0,12000.0,5.849,outer_race,0.002,11.434973585956001,4,0.0,0.794,-0.7853321698496774,2,-0.002999999999999999
N15_M07_F10_KA16_7,KA16,real,outer_race,N15_M07_F10,1499.57,cepstrum,6203_PU_2905,10000.0,12000.0,5.7763,outer_race,0.002,10.374853755754762,5,-0.0010000000000000009,0.974,-1.3582036056850089,3,-0.016
N15_M07_F10_KA16_8,KA16,real,outer_race,N15_M07_F10,1499.6,cepstrum,6203_PU_2905,10000.0,12000.0,5.2421,outer_race,0.002,9.404545052767267,5,-0.0019999999999999983,0.81,-0.6969608868985401,2,-0.016
N15_M07_F10_KA16_9,KA16,real,outer_race,N15_M07_F10,1499.64,cepstrum,6203_PU_2905,10000.0,12000.0,5.3736,outer_race,0.002,10.651536430526038,5,-0.0019999999999999983,0.752,-0.6321881707354898,3,-0.004
N15_M07_F10_KA22_1,KA22,real,outer_race,N15_M07_F10,1499.63,cepstrum,6203_PU_2905,10666.7,13333.3,4.9331,normal,0.306,0.8587736405509345,1,0.009000000000000001,0.636,-0.2325815739330889,2,-0.006
N15_M07_F10_KA22_10,KA22,real,outer_race,N15_M07_F10,1499.58,cepstrum,6203_PU_2905,10666.7,13333.3,4.1646,normal,0.406,0.1944958824467227,0,0.016000000000000004,0.552,-0.08916194380426877,0,0.018
N15_M07_F10_KA22_11,KA22,real,outer_race,N15_M07_F10,1499.48,cepstrum,6203_PU_2905,10666.7,13333.3,4.2504,normal,0.626,-0.32578022603436824,0,0.009000000000000001,0.27,0.658264082041795,1,-0.006
N15_M07_F10_KA22_12,KA22,real,outer_race,N15_M07_F10,1500.3,cepstrum,6203_PU_2905,10666.7,13333.3,3.7236,normal,0.788,-0.8930522864807275,0,0.016999999999999998,0.948,-1.4493354291840808,1,-0.013000000000000001
N15_M07_F10_KA22_13,KA22,real,outer_race,N15_M07_F10,1499.59,cepstrum,6203_PU_2905,10666.7,13333.3,4.1957,normal,0.686,-0.6041427482563121,1,0.016999999999999998,0.654,-0.37537294725901416,1,-0.006999999999999999
N15_M07_F10_KA22_14,KA22,real,outer_race,N15_M07_F10,1499.56,cepstrum,6203_PU_2905,10666.7,13333.3,4.4858,normal,0.698,-0.6372087626057347,0,-0.009000000000000001,0.712,-0.48613055141299366,1,0.0
N15_M07_F10_KA22_15,KA22,real,outer_race,N15_M07_F10,1499.63,cepstrum,6203_PU_2905,12000.0,14000.0,3.97,normal,0.418,0.41814930338421746,0,0.009000000000000001,0.4,0.17818508068770908,2,-0.013000000000000001
N15_M07_F10_KA22_16,KA22,real,outer_race,N15_M07_F10,1499.53,cepstrum,6203_PU_2905,10666.7,13333.3,4.1756,normal,0.75,-0.5060700223613056,1,0.011,0.878,-1.144915696052737,0,0.018
N15_M07_F10_KA22_17,KA22,real,outer_race,N15_M07_F10,1499.61,cepstrum,6203_PU_2905,10666.7,13333.3,3.5548,normal,0.352,0.42702035105590413,1,0.009999999999999998,0.502,-0.001047944767816389,1,0.018
N15_M07_F10_KA22_18,KA22,real,outer_race,N15_M07_F10,1499.58,cepstrum,6203_PU_2905,12000.0,14000.0,4.6203,normal,0.708,-0.7652876054668551,1,0.009000000000000001,0.966,-1.443921942548283,0,0.014000000000000002
N15_M07_F10_KA22_19,KA22,real,outer_race,N15_M07_F10,1498.9,cepstrum,6203_PU_2905,12000.0,14000.0,4.4264,normal,0.47,0.10174606000610821,0,0.009999999999999998,0.492,0.03387572167925418,1,-0.006
N15_M07_F10_KA22_2,KA22,real,outer_race,N15_M07_F10,1499.42,cepstrum,6203_PU_2905,10666.7,13333.3,4.668,normal,0.53,-0.14239969881769965,0,0.011,0.642,-0.3793328256812888,1,-0.006999999999999999
N15_M07_F10_KA22_20,KA22,real,outer_race,N15_M07_F10,1499.51,cepstrum,6203_PU_2905,10666.7,13333.3,3.8844,normal,0.862,-1.1588007788569303,0,0.016999999999999998,0.876,-0.7889862590124622,1,-0.006
N15_M07_F10_KA22_3,KA22,real,outer_race,N15_M07_F10,1499.46,cepstrum,6203_PU_2905,10666.7,13333.3,4.7625,normal,0.642,-0.18002563130450333,0,-0.02,0.38,0.1957013596703348,2,-0.005000000000000001
N15_M07_F10_KA22_4,KA22,real,outer_race,N15_M07_F10,1499.51,cepstrum,6203_PU_2905,10666.7,13333.3,4.0065,normal,0.372,0.5163230033248238,1,0.016999999999999998,0.846,-0.9447615600688241,1,-0.006
N15_M07_F10_KA22_5,KA22,real,outer_race,N15_M07_F10,1499.71,cepstrum,6203_PU_2905,12000.0,14000.0,4.1878,normal,0.258,0.678542464324532,1,0.016000000000000004,0.624,-0.3063656413739128,1,0.018
N15_M07_F10_KA22_6,KA22,real,outer_race,N15_M07_F10,1499.55,cepstrum,6203_PU_2905,10666.7,13333.3,4.3213,normal,0.678,-0.547499239919469,0,-0.018000000000000002,0.974,-1.4423127824600126,1,-0.013000000000000001
N15_M07_F10_KA22_7,KA22,real,outer_race,N15_M07_F10,1499.54,cepstrum,6203_PU_2905,10666.7,13333.3,4.3015,normal,0.718,-0.5842429626424122,1,0.016999999999999998,0.824,-0.7806985962022213,1,0.018
N15_M07_F10_KA22_8,KA22,real,outer_race,N15_M07_F10,1499.57,cepstrum,6203_PU_2905,10666.7,13333.3,4.1856,normal,0.332,0.6100794702231063,1,0.009000000000000001,0.99,-1.4975804301043423,1,-0.006
N15_M07_F10_KA22_9,KA22,real,outer_race,N15_M07_F10,1499.95,cepstrum,6203_PU_2905,10666.7,13333.3,4.5092,normal,0.694,-0.43967043070393824,0,-0.006999999999999999,0.748,-0.6757581943996949,1,-0.006
N15_M07_F10_KA30_1,KA30,real,outer_race,N15_M07_F10,1499.53,cepstrum,6203_PU_2905,13333.3,14666.7,4.5212,normal,0.518,-0.17032750372234234,1,-0.005000000000000001,0.33,0.552815749615044,0,-0.018000000000000002
N15_M07_F10_KA30_10,KA30,real,outer_race,N15_M07_F10,1499.67,cepstrum,6203_PU_2905,12000.0,14000.0,6.4295,normal,0.72,-0.45209634223994694,1,-0.006999999999999999,0.418,0.16742473015581594,1,0.016999999999999998
N15_M07_F10_KA30_11,KA30,real,outer_race,N15_M07_F10,1499.75,cepstrum,6203_PU_2905,12000.0,13333.3,4.5117,normal,0.442,0.27674344915361987,1,-0.006999999999999999,0.314,0.6221703473742088,2,0.012
N15_M07_F10_KA30_12,KA30,real,outer_race,N15_M07_F10,1499.42,cepstrum,6203_PU_2905,10666.7,13333.3,3.9972,normal,0.782,-0.9595378701293089,1,-0.005000000000000001,0.218,1.322963034673952,3,0.014000000000000002
N15_M07_F10_KA30_13,KA30,real,outer_race,N15_M07_F10,1499.65,cepstrum,6203_PU_2905,12000.0,14000.0,7.5444,normal,0.712,-0.5383662207767712,2,-0.006,0.324,0.6119720190938869,1,0.002999999999999999
N15_M07_F10_KA30_14,KA30,real,outer_race,N15_M07_F10,1499.5,cepstrum,6203_PU_2905,10666.7,13333.3,4.0824,normal,0.208,1.0182870929447772,1,-0.006,0.31,0.46666082702249834,3,0.014000000000000002
N15_M07_F10_KA30_15,KA30,real,outer_race,N15_M07_F10,1499.5,cepstrum,6203_PU_2905,13333.3,14666.7,4.0804,normal,0.236,1.064266791385213,1,-0.006,0.27,0.7785615108463049,0,0.004
N15_M07_F10_KA30_16,KA30,real,outer_race,N15_M07_F10,1499.4,cepstrum,6203_PU_2905,10666.7,13333.3,3.9762,normal,0.388,0.6386644780414859,1,-0.005000000000000001,0.286,0.570981156322219,1,0.014000000000000002
N15_M07_F10_KA30_17,KA30,real,outer_race,N15_M07_F10,1499.68,cepstrum,6203_PU_2905,12000.0,14000.0,5.2756,normal,0.628,-0.458404799514214,1,-0.006,0.132,1.1973009580023346,2,0.014000000000000002
N15_M07_F10_KA30_18,KA30,real,outer_race,N15_M07_F10,1499.24,cepstrum,6203_PU_2905,10666.7,13333.3,5.1403,inner_race,0.846,-0.8351612648730534,0,0.013000000000000001,0.02,3.6294340862908236,4,0.016000000000000004
N15_M07_F10_KA30_19,KA30,real,outer_race,N15_M07_F10,1499.73,cepstrum,6203_PU_2905,10666.7,13333.3,5.6134,normal,0.718,-0.5980950525143257,1,-0.006,0.166,1.0607338121084537,2,0.012
N15_M07_F10_KA30_2,KA30,real,outer_race,N15_M07_F10,1499.45,cepstrum,6203_PU_2905,13333.3,14666.7,6.4572,normal,0.824,-0.704989781456585,1,-0.005000000000000001,0.754,-0.5156441027022134,1,-0.011
N15_M07_F10_KA30_20,KA30,real,outer_race,N15_M07_F10,1499.64,cepstrum,6203_PU_2905,13333.3,14666.7,3.9155,normal,0.7,-0.3841668544178042,0,-0.006,0.6,-0.4068759635758088,1,0.016999999999999998
N15_M07_F10_KA30_3,KA30,real,outer_race,N15_M07_F10,1499.53,cepstrum,6203_PU_2905,10666.7,13333.3,4.2824,normal,0.618,-0.22740121227453386,1,-0.005000000000000001,0.264,0.48234696753256606,1,-0.011
N15_M07_F10_KA30_4,KA30,real,outer_race,N15_M07_F10,1499.61,cepstrum,6203_PU_2905,12000.0,13333.3,4.3997,normal,0.888,-0.7941776898546798,0,-0.008,0.138,1.5347154020372218,2,0.016000000000000004
N15_M07_F10_KA30_5,KA30,real,outer_race,N15_M07_F10,1499.59,cepstrum,6203_PU_2905,13333.3,14666.7,7.3259,normal,0.506,-0.10131020612049853,1,-0.006,0.438,0.13801178663680258,1,0.004
N15_M07_F10_KA30_6,KA30,real,outer_race,N15_M07_F10,1499.46,cepstrum,6203_PU_2905,12000.0,14000.0,3.9393,normal,0.742,-0.6734081396311221,1,-0.005000000000000001,0.126,1.7114545146799833,1,0.012
N15_M07_F10_KA30_7,KA30,real,outer_race,N15_M07_F10,1499.57,cepstrum,6203_PU_2905,10666.7,13333.3,4.1107,normal,0.678,-0.44135511205201805,1,-0.006999999999999999,0.404,0.30108097087702757,1,0.014000000000000002
N15_M07_F10_KA30_8,KA30,real,outer_race,N15_M07_F10,1499.51,cepstrum,6203_PU_2905,10666.7,13333.3,3.9555,normal,0.42,0.234087776311184,1,-0.006,0.734,-0.6402729724901122,3,0.014000000000000002
N15_M07_F10_KA30_9,KA30,real,outer_race,N15_M07_F10,1499.9,cepstrum,6203_PU_2905,10666.7,13333.3,4.1874,normal,0.938,-1.2209038436769015,1,-0.006,0.96,-1.2865756135352562,2,0.014000000000000002
N15_M07_F10_KI01_1,KI01,artificial,inner_race,N15_M07_F10,1499.57,cepstrum,6203_PU_2905,9333.3,10666.7,9.5077,normal,1.0,-2.150035824518167,0,-0.002999999999999999,0.028,3.3800463946716337,15,0.0010000000000000009
N15_M07_F10_KI01_10,KI01,artificial,inner_race,N15_M07_F10,1499.57,cepstrum,6203_PU_2905,9333.3,10666.7,11.4092,inner_race,0.97,-1.429888408964485,0,0.016000000000000004,0.002,5.493166420928511,25,0.0010000000000000009
N15_M07_F10_KI01_11,KI01,artificial,inner_race,N15_M07_F10,1499.65,cepstrum,6203_PU_2905,9333.3,10666.7,11.4244,inner_race,0.856,-0.9721981403623863,1,-0.018000000000000002,0.002,4.708754836413573,25,0.0010000000000000009
N15_M07_F10_KI01_12,KI01,artificial,inner_race,N15_M07_F10,1499.58,cepstrum,6203_PU_2905,9333.3,10666.7,13.7978,inner_race,0.802,-1.3261271418822238,0,0.016999999999999998,0.002,4.076885262313702,25,0.0010000000000000009
N15_M07_F10_KI01_13,KI01,artificial,inner_race,N15_M07_F10,1499.64,cepstrum,6203_PU_2905,9333.3,10666.7,12.4098,inner_race,0.766,-0.6792050707594703,1,-0.02,0.002,7.48758982641917,25,0.0010000000000000009
N15_M07_F10_KI01_14,KI01,artificial,inner_race,N15_M07_F10,1499.52,cepstrum,6203_PU_2905,9333.3,10666.7,14.4055,inner_race,0.848,-1.3193218325812317,0,-0.011,0.002,3.4941462572866735,25,0.0010000000000000009
N15_M07_F10_KI01_15,KI01,artificial,inner_race,N15_M07_F10,1499.59,cepstrum,6203_PU_2905,9333.3,10666.7,12.5597,inner_race,0.782,-1.531663630630481,1,-0.019,0.002,4.237250930198157,25,0.0010000000000000009
N15_M07_F10_KI01_16,KI01,artificial,inner_race,N15_M07_F10,1499.59,cepstrum,6203_PU_2905,10000.0,12000.0,10.1886,inner_race,1.0,-3.1605036901610615,0,-0.017,0.002,3.4527069868275917,25,0.0010000000000000009
N15_M07_F10_KI01_17,KI01,artificial,inner_race,N15_M07_F10,1499.53,cepstrum,6203_PU_2905,9333.3,10666.7,12.7018,inner_race,0.702,-0.4913615200754605,1,-0.02,0.002,3.7612357117889217,25,0.0010000000000000009
N15_M07_F10_KI01_18,KI01,artificial,inner_race,N15_M07_F10,1499.54,cepstrum,6203_PU_2905,9333.3,10666.7,11.9654,inner_race,0.486,0.05943115764817862,1,-0.02,0.002,4.07127266914256,25,0.0010000000000000009
N15_M07_F10_KI01_19,KI01,artificial,inner_race,N15_M07_F10,1499.6,cepstrum,6203_PU_2905,9333.3,10666.7,11.4762,inner_race,0.812,-0.8514545166619887,1,-0.018000000000000002,0.002,4.700559085894456,25,0.0010000000000000009
N15_M07_F10_KI01_2,KI01,artificial,inner_race,N15_M07_F10,1499.54,cepstrum,6203_PU_2905,8000.0,12000.0,8.802,inner_race,1.0,-2.905296735413428,1,-0.02,0.002,4.111183657851263,22,0.0010000000000000009
N15_M07_F10_KI01_20,KI01,artificial,inner_race,N15_M07_F10,1499.6,cepstrum,6203_PU_2905,9333.3,10666.7,11.3285,inner_race,0.722,-0.3555452503604261,1,-0.02,0.002,4.599024609856326,25,0.0010000000000000009
N15_M07_F10_KI01_3,KI01,artificial,inner_race,N15_M07_F10,1499.6,cepstrum,6203_PU_2905,8000.0,12000.0,11.9652,inner_race,0.97,-1.700173339644733,0,0.018,0.002,3.3498374846498424,25,0.0010000000000000009
N15_M07_F10_KI01_4,KI01,artificial,inner_race,N15_M07_F10,1499.55,cepstrum,6203_PU_2905,10000.0,12000.0,9.5011,inner_race,0.54,-0.30966739783683755,1,-0.02,0.002,4.033561326817124,25,0.0010000000000000009
N15_M07_F10_KI01_5,KI01,artificial,inner_race,N15_M07_F10,1499.64,cepstrum,6203_PU_2905,9333.3,10666.7,9.2986,inner_race,0.978,-2.2690553094739006,1,-0.02,0.002,7.189595489738757,25,0.0010000000000000009
N15_M07_F10_KI01_6,KI01,artificial,inner_race,N15_M07_F10,1499.59,cepstrum,6203_PU_2905,10000.0,12000.0,9.6925,inner_race,0.928,-1.3334520773973044,1,-0.02,0.002,3.577059506601745,25,0.0010000000000000009
N15_M07_F10_KI01_7,KI01,artificial,inner_race,N15_M07_F10,1499.61,cepstrum,6203_PU_2905,9333.3,10666.7,10.4177,inner_race,0.8,-0.8974650517267863,0,0.016999999999999998,0.002,6.100793144561354,25,0.0010000000000000009
N15_M07_F10_KI01_8,KI01,artificial,inner_race,N15_M07_F10,1499.6,cepstrum,6203_PU_2905,9333.3,10666.7,11.6556,inner_race,0.56,-0.1373077182992287,0,-0.018000000000000002,0.002,6.202845399727518,25,0.0010000000000000009
N15_M07_F10_KI01_9,KI01,artificial,inner_race,N15_M07_F10,1499.67,cepstrum,6203_PU_2905,9333.3,10666.7,13.769,inner_race,0.768,-0.7020016717904215,1,-0.017,0.002,5.3632599415881375,25,0.0010000000000000009
N15_M07_F10_KI03_1,KI03,artificial,inner_race,N15_M07_F10,1499.68,cepstrum,6203_PU_2905,13333.3,14666.7,2.5257,normal,0.948,-1.5039548548056623,0,0.015000000000000003,0.94,-0.8026904104132618,1,0.0019999999999999983
N15_M07_F10_KI03_10,KI03,artificial,inner_race,N15_M07_F10,1499.64,cepstrum,6203_PU_2905,13333.3,14666.7,3.0962,normal,0.836,-0.7488947129187006,0,0.018,0.486,0.01751764684944296,1,-0.006
N15_M07_F10_KI03_11,KI03,artificial,inner_race,N15_M07_F10,1499.79,cepstrum,6203_PU_2905,13333.3,14666.7,2.8065,normal,0.86,-1.1076430777165465,0,0.015000000000000003,0.638,-0.2520761578528025,1,-0.006
N15_M07_F10_KI03_12,KI03,artificial,inner_race,N15_M07_F10,1499.82,cepstrum,6203_PU_2905,12000.0,14000.0,2.3978,normal,0.808,-0.8716966499640532,0,0.009000000000000001,0.676,-0.46432301627709044,1,-0.013000000000000001
N15_M07_F10_KI03_13,KI03,artificial,inner_race,N15_M07_F10,1499.66,cepstrum,6203_PU_2905,13333.3,14666.7,3.9147,normal,0.344,0.4299117051911571,0,0.015000000000000003,0.638,-0.32919038649175514,1,0.0019999999999999983
N15_M07_F10_KI03_14,KI03,artificial,inner_race,N15_M07_F10,1499.63,cepstrum,6203_PU_2905,13333.3,14666.7,3.5966,normal,0.628,-0.493224819442172,0,0.015000000000000003,0.798,-0.6682423958722763,1,-0.005000000000000001
N15_M07_F10_KI03_15,KI03,artificial,inner_race,N15_M07_F10,1499.61,cepstrum,6203_PU_2905,13333.3,14666.7,3.3798,normal,0.704,-0.6084824922079696,0,-0.006,0.99,-1.0842478627550265,1,-0.012
N15_M07_F10_KI03_16,KI03,artificial,inner_race,N15_M07_F10,1499.57,cepstrum,6203_PU_2905,13333.3,14666.7,3.4172,normal,0.24,0.912874101997779,0,0.009000000000000001,0.622,-0.23570215304566972,0,0.009000000000000001
N15_M07_F10_KI03_17,KI03,artificial,inner_race,N15_M07_F10,1499.67,cepstrum,6203_PU_2905,13333.3,14666.7,3.183,normal,0.142,1.596677126105346,0,-0.004,0.726,-0.5983626234022311,1,-0.012
N15_M07_F10_KI03_18,KI03,artificial,inner_race,N15_M07_F10,1499.58,cepstrum,6203_PU_2905,13333.3,14666.7,3.1789,normal,0.322,0.3052227046864006,1,0.016000000000000004,0.77,-0.5648096600407587,0,-0.004
N15_M07_F10_KI03_19,KI03,artificial,inner_race,N15_M07_F10,1499.56,cepstrum,6203_PU_2905,13333.3,14666.7,3.4065,normal,0.66,-0.28408279488864796,0,0.015000000000000003,0.666,-0.378203563449218,0,0.015000000000000003
N15_M07_F10_KI03_2,KI03,artificial,inner_race,N15_M07_F10,1499.5,cepstrum,6203_PU_2905,13333.3,14666.7,3.0647,normal,0.656,-0.5044330461569931,0,0.006999999999999999,0.832,-0.6791365416717139,1,0.002999999999999999
N15_M07_F10_KI03_20,KI03,artificial,inner_race,N15_M07_F10,1499.55,cepstrum,6203_PU_2905,13333.3,14666.7,3.2844,normal,0.97,-1.3840840848786742,0,0.009999999999999998,0.96,-1.3943341840983234,1,-0.012
N15_M07_F10_KI03_3,KI03,artificial,inner_race,N15_M07_F10,1499.6,cepstrum,6203_PU_2905,12000.0,14000.0,3.4735,normal,0.926,-1.18013547731827,0,0.015000000000000003,0.546,-0.12363246396827353,1,0.011
N15_M07_F10_KI03_4,KI03,artificial,inner_race,N15_M07_F10,1499.65,cepstrum,6203_PU_2905,13333.3,14666.7,3.6788,normal,0.676,-0.3173905634339912,0,0.006999999999999999,0.904,-1.030159997873347,0,0.013000000000000001
N15_M07_F10_KI03_5,KI03,artificial,inner_race,N15_M07_F10,1499.65,cepstrum,6203_PU_2905,13333.3,14666.7,2.7558,normal,0.6,-0.1016541546390443,0,0.015000000000000003,0.866,-0.8444628962142122,1,0.0019999999999999983
N15_M07_F10_KI03_6,KI03,artificial,inner_race,N15_M07_F10,1499.57,cepstrum,6203_PU_2905,13333.3,14666.7,3.53,normal,0.42,0.3107300097186955,0,0.016000000000000004,0.68,-0.4971277343889356,0,-0.006
N15_M07_F10_KI03_7,KI03,artificial,inner_race,N15_M07_F10,1499.58,cepstrum,6203_PU_2905,13333.3,14666.7,3.1099,normal,0.996,-2.1421971401760147,0,0.006999999999999999,0.54,-0.20618409154496972,1,-0.012
N15_M07_F10_KI03_8,KI03,artificial,inner_race,N15_M07_F10,1499.54,cepstrum,6203_PU_2905,13333.3,14666.7,3.5321,normal,0.776,-1.0644602347557974,0,0.015000000000000003,0.384,0.25605059840871647,0,-0.005000000000000001
N15_M07_F10_KI03_9,KI03,artificial,inner_race,N15_M07_F10,1499.64,cepstrum,6203_PU_2905,13333.3,14666.7,4.2431,normal,0.406,0.982216596335797,0,0.009000000000000001,0.974,-1.704276204739441,0,-0.011
N15_M07_F10_KI04_1,KI04,real,inner_race,N15_M07_F10,1499.64,cepstrum,6203_PU_2905,10666.7,13333.3,2.4038,normal,0.68,-0.17434158685568563,1,-0.006999999999999999,0.03,1.7956959122612375,0,0.002999999999999999
N15_M07_F10_KI04_10,KI04,real,inner_race,N15_M07_F10,1499.31,cepstrum,6203_PU_2905,10666.7,13333.3,3.1684,normal,0.23,1.3674274075634612,1,-0.005000000000000001,0.284,0.6488085559381185,3,0.015000000000000003
N15_M07_F10_KI04_11,KI04,real,inner_race,N15_M07_F10,1499.5,cepstrum,6203_PU_2905,12000.0,13333.3,2.3272,normal,0.154,1.3458507051192237,1,-0.005000000000000001,0.068,1.4677812066205667,2,0.014000000000000002
N15_M07_F10_KI04_12,KI04,real,inner_race,N15_M07_F10,1499.49,cepstrum,6203_PU_2905,12000.0,14000.0,2.472,normal,0.758,-0.5671806345850618,1,-0.005000000000000001,0.06,1.8906760787782526,1,0.019
N15_M07_F10_KI04_13,KI04,real,inner_race,N15_M07_F10,1499.44,cepstrum,6203_PU_2905,12000.0,14000.0,2.5991,inner_race,0.704,-0.571361556886051,1,-0.005000000000000001,0.002,2.9392319995245306,2,0.019
N15_M07_F10_KI04_14,KI04,real,inner_race,N15_M07_F10,1499.55,cepstrum,6203_PU_2905,10666.7,13333.3,2.8395,normal,0.314,0.942425878184843,1,-0.005000000000000001,0.494,0.009005578387788376,2,0.016000000000000004
N15_M07_F10_KI04_15,KI04,real,inner_race,N15_M07_F10,1499.68,cepstrum,6203_PU_2905,10666.7,13333.3,1.6669,normal,0.342,0.3414677784866781,1,-0.006,0.146,1.1979140183756611,2,0.013000000000000001
N15_M07_F10_KI04_16,KI04,real,inner_race,N15_M07_F10,1499.48,cepstrum,6203_PU_2905,10666.7,13333.3,1.7051,normal,0.756,-0.5992952154328571,1,-0.006999999999999999,0.306,0.7671677734995499,2,0.019
N15_M07_F10_KI04_17,KI04,real,inner_race,N15_M07_F10,1499.84,cepstrum,6203_PU_2905,10666.7,13333.3,1.5294,inner_race,0.282,1.1786962394390688,1,-0.006999999999999999,0.022,1.7436627729223477,3,0.014000000000000002
N15_M07_F10_KI04_18,KI04,real,inner_race,N15_M07_F10,1499.53,cepstrum,6203_PU_2905,12000.0,14000.0,1.5768,normal,0.42,0.25772939040653187,1,-0.005000000000000001,0.81,-1.171322068763043,2,0.014000000000000002
N15_M07_F10_KI04_19,KI04,real,inner_race,N15_M07_F10,1499.87,cepstrum,6203_PU_2905,13333.3,14666.7,1.4919,normal,0.534,-0.04475288020289702,1,-0.006999999999999999,0.444,0.22105925710374652,1,0.014000000000000002
N15_M07_F10_KI04_2,KI04,real,inner_race,N15_M07_F10,1499.7,cepstrum,6203_PU_2905,12000.0,14000.0,2.2212,normal,0.342,0.6340739821646462,1,-0.006999999999999999,0.016,2.1386078639526294,1,0.014000000000000002
N15_M07_F10_KI04_20,KI04,real,inner_race,N15_M07_F10,1499.45,cepstrum,6203_PU_2905,12000.0,14000.0,1.5179,normal,0.404,0.13169028533800645,1,-0.008,0.618,-0.22049250761819295,1,0.015000000000000003
N15_M07_F10_KI04_3,KI04,real,inner_race,N15_M07_F10,1499.63,cepstrum,6203_PU_2905,12000.0,14000.0,1.9553,normal,0.222,0.5426909844415243,1,-0.005000000000000001,0.252,0.6379854432464207,2,0.015000000000000003
N15_M07_F10_KI04_4,KI04,real,inner_race,N15_M07_F10,1499.6,cepstrum,6203_PU_2905,10666.7,13333.3,2.1995,normal,0.832,-1.0278040051519628,1,-0.004,0.928,-1.5752807566802838,0,-0.004
N15_M07_F10_KI04_5,KI04,real,inner_race,N15_M07_F10,1499.75,cepstrum,6203_PU_2905,10666.7,13333.3,2.7971,normal,0.23,1.3254716753607185,2,-0.006999999999999999,0.084,2.0428527619390153,3,0.015000000000000003
N15_M07_F10_KI04_6,KI04,real,inner_race,N15_M07_F10,1499.64,cepstrum,6203_PU_2905,12000.0,14000.0,2.6723,normal,0.7,-0.3745039155389205,1,-0.006999999999999999,0.338,0.674527134139433,0,0.019
N15_M07_F10_KI04_7,KI04,real,inner_race,N15_M07_F10,1499.63,cepstrum,6203_PU_2905,10666.7,13333.3,3.147,normal,0.536,-0.12197338420925251,1,-0.006999999999999999,0.552,-0.08739196291807907,3,0.016000000000000004
N15_M07_F10_KI04_8,KI04,real,inner_race,N15_M07_F10,1499.64,cepstrum,6203_PU_2905,10666.7,13333.3,2.3497,normal,0.348,0.17547632339964295,1,-0.006,0.55,-0.10774214947710824,0,0.009999999999999998
N15_M07_F10_KI04_9,KI04,real,inner_race,N15_M07_F10,1499.61,cepstrum,6203_PU_2905,10666.7,13333.3,2.5228,normal,0.49,0.27296757803416577,2,-0.005000000000000001,0.688,-0.42243370784936124,3,0.016000000000000004
N15_M07_F10_KI05_1,KI05,artificial,inner_race,N15_M07_F10,1499.88,cepstrum,6203_PU_2905,10666.7,13333.3,5.9865,normal,0.156,1.3706970504702976,2,-0.006999999999999999,0.232,1.1072061886174196,2,0.014000000000000002
N15_M07_F10_KI05_10,KI05,artificial,inner_race,N15_M07_F10,1499.6,cepstrum,6203_PU_2905,12000.0,14000.0,3.8571,normal,0.75,-0.36814870578320846,1,-0.006,0.644,-0.4205798681768926,2,0.014000000000000002
N15_M07_F10_KI05_11,KI05,artificial,inner_race,N15_M07_F10,1499.55,cepstrum,6203_PU_2905,10666.7,13333.3,4.8601,normal,0.688,-0.4870538823115064,1,-0.005000000000000001,0.716,-0.4752821255449997,2,0.002999999999999999
N15_M07_F10_KI05_12,KI05,artificial,inner_race,N15_M07_F10,1499.78,cepstrum,6203_PU_2905,12000.0,14000.0,6.0841,normal,0.374,0.32731203682431426,1,-0.006999999999999999,0.28,0.6457722725957624,1,0.016000000000000004
N15_M07_F10_KI05_13,KI05,artificial,inner_race,N15_M07_F10,1499.61,cepstrum,6203_PU_2905,10666.7,13333.3,5.9089,normal,0.79,-0.4380547642168676,0,0.006000000000000002,0.974,-2.2055158765714142,1,-0.014
N15_M07_F10_KI05_14,KI05,artificial,inner_race,N15_M07_F10,1499.67,cepstrum,6203_PU_2905,10666.7,13333.3,4.3902,normal,0.71,-0.5892073269531253,1,-0.006999999999999999,0.402,0.2478777482427278,1,-0.005000000000000001
N15_M07_F10_KI05_15,KI05,artificial,inner_race,N15_M07_F10,1499.52,cepstrum,6203_PU_2905,10666.7,13333.3,4.2191,normal,0.664,-0.49419407503472323,1,-0.006999999999999999,0.156,0.9207373359775285,3,0.015000000000000003
N15_M07_F10_KI05_16,KI05,artificial,inner_race,N15_M07_F10,1499.58,cepstrum,6203_PU_2905,0.0,1333.3,3.7719,normal,0.522,-0.034794204166687964,0,-0.008,0.208,1.2709458721953613,0,0.013000000000000001
N15_M07_F10_KI05_17,KI05,artificial,inner_race,N15_M07_F10,1499.58,cepstrum,6203_PU_2905,10666.7,13333.3,3.6091,normal,0.74,-0.5977545645041081,1,-0.005000000000000001,0.274,0.6986695035194862,1,0.02
N15_M07_F10_KI05_18,KI05,artificial,inner_race,N15_M07_F10,1499.62,cepstrum,6203_PU_2905,10666.7,13333.3,5.3079,normal,0.752,-0.6228801218960159,1,-0.006999999999999999,0.22,0.9176714606961408,2,0.002999999999999999
N15_M07_F10_KI05_19,KI05,artificial,inner_race,N15_M07_F10,1499.6,cepstrum,6203_PU_2905,10666.7,13333.3,4.3417,normal,0.85,-0.8620271525688861,1,-0.006,0.194,0.9201224346979179,3,0.016000000000000004
N15_M07_F10_KI05_2,KI05,artificial,inner_race,N15_M07_F10,1499.63,cepstrum,6203_PU_2905,13333.3,14666.7,5.6032,normal,0.502,-0.08137871478734866,1,-0.006,0.45,0.10386131113035828,1,0.016999999999999998
N15_M07_F10_KI05_20,KI05,artificial,inner_race,N15_M07_F10,1499.51,cepstrum,6203_PU_2905,10666.7,13333.3,5.6525,normal,0.876,-0.8619593425406904,1,-0.006,0.76,-0.6339368716037319,2,0.002999999999999999
N15_M07_F10_KI05_3,KI05,artificial,inner_race,N15_M07_F10,1499.53,cepstrum,6203_PU_2905,12000.0,14000.0,4.9659,normal,0.55,-0.2178790015520628,0,0.009999999999999998,0.144,1.526285526327523,2,0.016000000000000004
N15_M07_F10_KI05_4,KI05,artificial,inner_race,N15_M07_F10,1499.4,cepstrum,6203_PU_2905,10666.7,13333.3,7.0078,normal,0.658,-0.1492245325578489,2,-0.006,0.91,-0.9459598731987409,1,0.002999999999999999
N15_M07_F10_KI05_5,KI05,artificial,inner_race,N15_M07_F10,1499.53,cepstrum,6203_PU_2905,12000.0,14000.0,5.5519,normal,0.502,-0.025085138355244757,2,-0.006,0.264,0.6820686784075201,1,0.004
N15_M07_F10_KI05_6,KI05,artificial,inner_race,N15_M07_F10,1499.56,cepstrum,6203_PU_2905,10666.7,13333.3,4.7684,normal,0.728,-0.4391429532927108,1,-0.006999999999999999,0.35,0.2582706412699639,2,0.015000000000000003
N15_M07_F10_KI05_7,KI05,artificial,inner_race,N15_M07_F10,1499.6,cepstrum,6203_PU_2905,10666.7,13333.3,5.9236,normal,0.494,0.06003672644800776,2,-0.006999999999999999,0.818,-0.7357343426197803,2,0.002999999999999999
N15_M07_F10_KI05_8,KI05,artificial,inner_race,N15_M07_F10,1499.52,cepstrum,6203_PU_2905,10666.7,13333.3,5.1752,normal,0.648,-0.20486174466072948,2,-0.005000000000000001,0.982,-1.7649866679387203,0,-0.0019999999999999983
N15_M07_F10_KI05_9,KI05,artificial,inner_race,N15_M07_F10,1499.63,cepstrum,6203_PU_2905,10666.7,13333.3,4.3362,normal,0.43,0.2542299156899227,1,-0.008,0.926,-1.213777539520301,1,0.009999999999999998
N15_M07_F10_KI07_1,KI07,artificial,inner_race,N15_M07_F10,1499.27,cepstrum,6203_PU_2905,12000.0,14000.0,5.9518,normal,0.438,0.5318576240442074,1,-0.006,0.91,-1.1451554317798576,1,-0.002999999999999999
N15_M07_F10_KI07_10,KI07,artificial,inner_race,N15_M07_F10,1499.5,cepstrum,6203_PU_2905,12000.0,14000.0,4.6944,normal,0.44,0.06298305939297379,1,-0.006999999999999999,0.294,0.5879383274502443,1,0.012
N15_M07_F10_KI07_11,KI07,artificial,inner_race,N15_M07_F10,1499.55,cepstrum,6203_PU_2905,12000.0,14000.0,5.6227,normal,0.648,-0.32011715169120203,1,-0.005000000000000001,0.638,-0.40640317034971735,2,0.016000000000000004
N15_M07_F10_KI07_12,KI07,artificial,inner_race,N15_M07_F10,1499.69,cepstrum,6203_PU_2905,10666.7,13333.3,5.0053,normal,0.76,-0.5350037979704573,1,-0.006999999999999999,0.192,0.8378247026564328,2,0.016000000000000004
N15_M07_F10_KI07_13,KI07,artificial,inner_race,N15_M07_F10,1499.83,cepstrum,6203_PU_2905,10666.7,13333.3,5.2135,normal,0.272,1.1851104584981904,2,-0.006,0.124,1.7870422196664455,1,0.002999999999999999
N15_M07_F10_KI07_14,KI07,artificial,inner_race,N15_M07_F10,1499.32,cepstrum,6203_PU_2905,10666.7,13333.3,4.8481,normal,0.312,1.592627601705276,0,0.009999999999999998,0.81,-0.5964856645020523,0,0.0
N15_M07_F10_KI07_15,KI07,artificial,inner_race,N15_M07_F10,1499.74,cepstrum,6203_PU_2905,12000.0,14000.0,6.1303,normal,0.254,1.7624254375489081,1,-0.006999999999999999,0.688,-0.3565311385137712,2,0.015000000000000003
N15_M07_F10_KI07_16,KI07,artificial,inner_race,N15_M07_F10,1499.41,cepstrum,6203_PU_2905,10666.7,13333.3,5.6661,normal,0.584,-0.06866716997566143,2,-0.006,0.688,-0.5464990749660366,3,0.016000000000000004
N15_M07_F10_KI07_17,KI07,artificial,inner_race,N15_M07_F10,1499.56,cepstrum,6203_PU_2905,10666.7,12000.0,5.1463,normal,0.436,0.15320635278404035,1,-0.006999999999999999,0.22,1.134540677509824,1,-0.005000000000000001
N15_M07_F10_KI07_18,KI07,artificial,inner_race,N15_M07_F10,1499.74,cepstrum,6203_PU_2905,13333.3,14666.7,5.7411,normal,0.506,-0.002900845688667287,1,-0.008,0.406,0.17496546907522395,1,0.0019999999999999983
N15_M07_F10_KI07_19,KI07,artificial,inner_race,N15_M07_F10,1499.49,cepstrum,6203_PU_2905,12000.0,14000.0,4.3403,normal,0.632,-0.055562972155287806,1,-0.008,0.322,0.5462900280195652,1,0.019
N15_M07_F10_KI07_2,KI07,artificial,inner_race,N15_M07_F10,1499.78,cepstrum,6203_PU_2905,10666.7,13333.3,4.5609,normal,0.908,-0.8530454667304628,1,0.014000000000000002,0.332,0.6458920134143327,2,0.002999999999999999
N15_M07_F10_KI07_20,KI07,artificial,inner_race,N15_M07_F10,1498.85,cepstrum,6203_PU_2905,10666.7,13333.3,6.2472,normal,0.294,1.0856446951398153,1,-0.005000000000000001,0.356,0.23948079770206537,2,0.016000000000000004
N15_M07_F10_KI07_3,KI07,artificial,inner_race,N15_M07_F10,1499.59,cepstrum,6203_PU_2905,10666.7,13333.3,5.2244,normal,0.59,-0.08778111093134496,1,-0.006,0.484,0.08079356383143997,2,0.016000000000000004
N15_M07_F10_KI07_4,KI07,artificial,inner_race,N15_M07_F10,1499.4,cepstrum,6203_PU_2905,10666.7,13333.3,4.7807,normal,0.19,2.052409730764097,2,-0.006999999999999999,0.354,0.3817632179891533,3,0.016000000000000004
N15_M07_F10_KI07_5,KI07,artificial,inner_race,N15_M07_F10,1499.49,cepstrum,6203_PU_2905,10666.7,13333.3,3.8802,normal,0.414,0.22022723166644645,1,-0.005000000000000001,0.29,0.9766760412983535,4,0.016000000000000004
N15_M07_F10_KI07_6,KI07,artificial,inner_race,N15_M07_F10,1499.62,cepstrum,6203_PU_2905,12000.0,14000.0,4.813,normal,0.306,0.8416974883148705,1,-0.005000000000000001,0.52,-0.011867367883984457,2,0.016000000000000004
N15_M07_F10_KI07_7,KI07,artificial,inner_race,N15_M07_F10,1499.41,cepstrum,6203_PU_2905,12000.0,14000.0,4.1012,normal,0.174,1.342433489773023,1,-0.005000000000000001,0.52,-0.02069625329311045,2,0.014000000000000002
N15_M07_F10_KI07_8,KI07,artificial,inner_race,N15_M07_F10,1499.52,cepstrum,6203_PU_2905,13333.3,14666.7,8.3891,normal,0.194,1.8503406318711777,1,-0.006999999999999999,0.852,-0.9811637213018157,0,0.02
N15_M07_F10_KI07_9,KI07,artificial,inner_race,N15_M07_F10,1499.54,cepstrum,6203_PU_2905,10666.7,13333.3,4.1828,normal,0.598,-0.1801341021959928,0,0.016000000000000004,0.13,1.4233245241170889,3,0.016000000000000004
N15_M07_F10_KI08_1,KI08,artificial,inner_race,N15_M07_F10,1500.1,cepstrum,6203_PU_2905,10666.7,13333.3,5.7373,normal,0.562,-0.08232180129307887,0,-0.006,0.554,-0.11683169005562027,1,-0.011
N15_M07_F10_KI08_10,KI08,artificial,inner_race,N15_M07_F10,1499.79,cepstrum,6203_PU_2905,12000.0,14000.0,4.7916,normal,0.232,0.8022695845114616,1,-0.006,0.294,0.5860830231742535,3,0.015000000000000003
N15_M07_F10_KI08_11,KI08,artificial,inner_race,N15_M07_F10,1499.64,cepstrum,6203_PU_2905,10666.7,13333.3,4.9649,normal,0.44,0.2017922961286267,0,0.009999999999999998,0.524,-0.05830747415253478,3,0.016000000000000004
N15_M07_F10_KI08_12,KI08,artificial,inner_race,N15_M07_F10,1499.45,cepstrum,6203_PU_2905,10666.7,12000.0,6.9567,normal,0.824,-0.8122907083689492,1,-0.006,0.618,-0.2740203570854519,1,0.002999999999999999
N15_M07_F10_KI08_13,KI08,artificial,inner_race,N15_M07_F10,1499.48,cepstrum,6203_PU_2905,10666.7,13333.3,6.1505,normal,0.438,0.1559968970032388,1,-0.005000000000000001,0.5,0.007958884335263818,1,0.012
N15_M07_F10_KI08_14,KI08,artificial,inner_race,N15_M07_F10,1499.43,cepstrum,6203_PU_2905,10666.7,13333.3,6.3028,normal,0.474,0.09198457610748365,1,-0.005000000000000001,0.388,0.3266496041573944,0,0.004
N15_M07_F10_KI08_15,KI08,artificial,inner_race,N15_M07_F10,1499.47,cepstrum,6203_PU_2905,10666.7,13333.3,4.3405,normal,0.892,-0.7971043771611992,1,-0.006999999999999999,0.058,1.9123723776524617,3,0.016000000000000004
N15_M07_F10_KI08_16,KI08,artificial,inner_race,N15_M07_F10,1499.48,cepstrum,6203_PU_2905,10666.7,13333.3,5.3636,normal,0.886,-1.069572228809792,0,0.006000000000000002,0.466,0.08048147855750876,2,0.015000000000000003
N15_M07_F10_KI08_17,KI08,artificial,inner_race,N15_M07_F10,1499.71,cepstrum,6203_PU_2905,10666.7,13333.3,4.2052,normal,0.57,-0.30143394350956043,1,-0.006,0.17,1.0705757042288016,1,-0.004
N15_M07_F10_KI08_18,KI08,artificial,inner_race,N15_M07_F10,1499.9,cepstrum,6203_PU_2905,12000.0,14000.0,4.392,normal,0.7,-0.4487340312334912,1,-0.008,0.184,1.1363975201358798,2,0.015000000000000003
N15_M07_F10_KI08_19,KI08,artificial,inner_race,N15_M07_F10,1499.61,cepstrum,6203_PU_2905,13333.3,14666.7,5.0399,normal,0.282,0.37796887449339184,0,-0.006999999999999999,0.312,0.5999237369692092,2,0.016000000000000004
N15_M07_F10_KI08_2,KI08,artificial,inner_race,N15_M07_F10,1499.79,cepstrum,6203_PU_2905,10666.7,13333.3,4.1091,normal,0.516,-0.0073855783531042605,1,-0.006999999999999999,0.06,1.281105621599307,2,0.016000000000000004
N15_M07_F10_KI08_20,KI08,artificial,inner_race,N15_M07_F10,1499.54,cepstrum,6203_PU_2905,10666.7,13333.3,5.4142,normal,0.658,-0.25999544433889094,2,-0.005000000000000001,0.878,-1.140726616578615,2,0.016000000000000004
N15_M07_F10_KI08_3,KI08,artificial,inner_race,N15_M07_F10,1499.52,cepstrum,6203_PU_2905,10666.7,13333.3,4.3506,normal,0.876,-0.9055887974099707,1,-0.006999999999999999,0.274,0.7983374693620061,2,0.002999999999999999
N15_M07_F10_KI08_4,KI08,artificial,inner_race,N15_M07_F10,1499.6,cepstrum,6203_PU_2905,10000.0,12000.0,5.034,normal,0.362,0.48920886296717936,1,-0.005000000000000001,0.374,0.47301465427112127,3,0.016000000000000004
N15_M07_F10_KI08_5,KI08,artificial,inner_race,N15_M07_F10,1499.67,cepstrum,6203_PU_2905,10666.7,13333.3,3.7874,normal,0.228,1.1709881617816487,1,-0.006999999999999999,0.116,1.9740886164457228,4,0.014000000000000002
N15_M07_F10_KI08_6,KI08,artificial,inner_race,N15_M07_F10,1499.69,cepstrum,6203_PU_2905,10666.7,13333.3,6.4153,normal,0.914,-0.966604066319822,2,-0.006999999999999999,0.184,1.136547980733622,3,0.016000000000000004
N15_M07_F10_KI08_7,KI08,artificial,inner_race,N15_M07_F10,1499.49,cepstrum,6203_PU_2905,10666.7,13333.3,5.6455,normal,0.666,-0.6103846885396407,1,-0.006,0.176,1.8146544627168213,2,0.016000000000000004
N15_M07_F10_KI08_8,KI08,artificial,inner_race,N15_M07_F10,1499.67,cepstrum,6203_PU_2905,10666.7,13333.3,3.8389,normal,0.416,0.18055627431227372,1,-0.006,0.148,1.3850393400787606,3,0.014000000000000002
N15_M07_F10_KI08_9,KI08,artificial,inner_race,N15_M07_F10,1499.46,cepstrum,6203_PU_2905,10666.7,13333.3,5.5906,normal,0.842,-0.7588025543635599,1,-0.005000000000000001,0.666,-0.4225751271587926,2,0.015000000000000003
N15_M07_F10_KI14_1,KI14,real,inner_race,N15_M07_F10,1499.4,cepstrum,6203_PU_2905,13333.3,14666.7,3.7299,normal,0.98,-1.214987474307213,0,0.006999999999999999,0.696,-0.5904722547395904,0,-0.013000000000000001
N15_M07_F10_KI14_10,KI14,real,inner_race,N15_M07_F10,1499.54,cepstrum,6203_PU_2905,12000.0,14000.0,3.3392,normal,0.738,-0.35324107271646776,0,0.006999999999999999,0.944,-1.120658740983619,1,0.009999999999999998
N15_M07_F10_KI14_11,KI14,real,inner_race,N15_M07_F10,1499.68,cepstrum,6203_PU_2905,13333.3,14666.7,3.2694,normal,0.842,-0.757003437546636,0,-0.006,0.698,-0.4577060104737141,1,-0.006
N15_M07_F10_KI14_12,KI14,real,inner_race,N15_M07_F10,1499.66,cepstrum,6203_PU_2905,12000.0,14000.0,3.5104,normal,0.87,-0.8328443791818678,1,0.009000000000000001,0.898,-1.2101967681627248,1,0.0010000000000000009
N15_M07_F10_KI14_13,KI14,real,inner_race,N15_M07_F10,1499.45,cepstrum,6203_PU_2905,13333.3,14666.7,3.444,normal,0.496,0.04563938738129364,1,0.016000000000000004,0.168,1.5075754764583782,2,-0.012
N15_M07_F10_KI14_14,KI14,real,inner_race,N15_M07_F10,1499.54,cepstrum,6203_PU_2905,13333.3,14666.7,3.6699,normal,0.35,0.509861860509685,0,0.006999999999999999,0.668,-0.402175413580245,1,-0.005000000000000001
N15_M07_F10_KI14_15,KI14,real,inner_race,N15_M07_F10,1499.48,cepstrum,6203_PU_2905,13333.3,14666.7,3.3111,normal,0.498,0.10877539787045215,1,0.016000000000000004,0.272,0.6349343302578732,1,-0.012
N15_M07_F10_KI14_16,KI14,real,inner_race,N15_M07_F10,1499.69,cepstrum,6203_PU_2905,13333.3,14666.7,3.0328,normal,0.422,0.4457058976176612,1,0.016000000000000004,0.672,-0.3851523114962893,1,-0.005000000000000001
N15_M07_F10_KI14_17,KI14,real,inner_race,N15_M07_F10,1499.48,cepstrum,6203_PU_2905,12000.0,14000.0,3.0751,normal,0.36,0.5789047379922013,1,0.015000000000000003,0.67,-0.44526034922798824,1,-0.005000000000000001
N15_M07_F10_KI14_18,KI14,real,inner_race,N15_M07_F10,1499.6,cepstrum,6203_PU_2905,13333.3,14666.7,2.8277,normal,0.63,-0.6201599068851918,0,0.009000000000000001,0.842,-0.7669684175562886,1,-0.013000000000000001
N15_M07_F10_KI14_19,KI14,real,inner_race,N15_M07_F10,1499.66,cepstrum,6203_PU_2905,12000.0,14000.0,3.1665,normal,0.918,-0.9396125059153283,0,0.009999999999999998,0.07,2.977447795958589,1,-0.005000000000000001
N15_M07_F10_KI14_2,KI14,real,inner_race,N15_M07_F10,1499.6,cepstrum,6203_PU_2905,13333.3,14666.7,3.8579,normal,0.946,-1.0556240709522373,0,0.006999999999999999,0.836,-0.7784603193649434,1,-0.004
N15_M07_F10_KI14_20,KI14,real,inner_race,N15_M07_F10,1499.54,cepstrum,6203_PU_2905,12000.0,14000.0,2.6887,normal,0.708,-0.40653253367682396,1,0.016000000000000004,0.272,0.7355745103327264,2,-0.013000000000000001
N15_M07_F10_KI14_3,KI14,real,inner_race,N15_M07_F10,1499.6,cepstrum,6203_PU_2905,13333.3,14666.7,4.2436,normal,0.938,-1.2535834597658755,0,0.009000000000000001,0.546,-0.2851788185537681,1,-0.012
N15_M07_F10_KI14_4,KI14,real,inner_race,N15_M07_F10,1499.73,cepstrum,6203_PU_2905,13333.3,14666.7,3.8478,normal,0.574,-0.16767593653567955,0,0.008,0.504,-0.004891392765858098,1,-0.012
N15_M07_F10_KI14_5,KI14,real,inner_race,N15_M07_F10,1499.76,cepstrum,6203_PU_2905,13333.3,14666.7,4.2073,normal,0.904,-0.3156109402623812,0,-0.005000000000000001,0.756,-0.7895031797940641,0,-0.014
N15_M07_F10_KI14_6,KI14,real,inner_race,N15_M07_F10,1499.75,cepstrum,6203_PU_2905,13333.3,14666.7,3.4034,normal,0.512,-0.013801908844307481,1,0.016000000000000004,0.28,1.1672260377181372,1,-0.004
N15_M07_F10_KI14_7,KI14,real,inner_race,N15_M07_F10,1499.66,cepstrum,6203_PU_2905,13333.3,14666.7,3.5912,normal,0.624,-0.10976799328580031,0,0.006999999999999999,0.818,-0.8982930840301894,1,-0.005000000000000001
N15_M07_F10_KI14_8,KI14,real,inner_race,N15_M07_F10,1499.45,cepstrum,6203_PU_2905,13333.3,14666.7,4.9717,normal,0.946,-1.002489615867916,0,0.006999999999999999,0.322,0.7840983720955728,1,-0.005000000000000001
N15_M07_F10_KI14_9,KI14,real,inner_race,N15_M07_F10,1499.54,cepstrum,6203_PU_2905,13333.3,14666.7,3.7923,normal,0.474,0.011321112662747906,0,0.009000000000000001,0.67,-0.4532978224636412,1,-0.006
N15_M07_F10_KI16_1,KI16,real,inner_race,N15_M07_F10,1499.53,cepstrum,6203_PU_2855,0.0,2000.0,3.8579,normal,0.512,-0.018919736073425657,0,-0.017,0.002,3.304135221132484,0,0.0019999999999999983
N15_M07_F10_KI16_10,KI16,real,inner_race,N15_M07_F10,1499.31,cepstrum,6203_PU_2855,0.0,2000.0,4.1834,normal,0.178,1.0943915954459649,0,0.014000000000000002,0.002,9.665766776792893,0,0.0019999999999999983
N15_M07_F10_KI16_11,KI16,real,inner_race,N15_M07_F10,1499.55,cepstrum,6203_PU_2855,0.0,2000.0,4.1373,normal,0.786,-0.6438522312747585,0,0.009000000000000001,0.002,2.9214676252242016,0,0.0010000000000000009
N15_M07_F10_KI16_12,KI16,real,inner_race,N15_M07_F10,1499.91,cepstrum,6203_PU_2855,0.0,2000.0,4.1979,normal,0.98,-1.4517774356916815,0,-0.005000000000000001,0.002,3.9225658487214057,0,0.0019999999999999983
N15_M07_F10_KI16_13,KI16,real,inner_race,N15_M07_F10,1499.83,cepstrum,6203_PU_2855,0.0,2000.0,3.6103,normal,0.512,-0.011476072100079908,0,-0.02,0.002,3.8156404908451043,0,0.0019999999999999983
N15_M07_F10_KI16_14,KI16,real,inner_race,N15_M07_F10,1499.79,cepstrum,6203_PU_2855,0.0,2000.0,3.874,inner_race,0.606,-0.3551089439449508,0,-0.005000000000000001,0.002,4.823948344069679,17,0.0019999999999999983
N15_M07_F10_KI16_15,KI16,real,inner_race,N15_M07_F10,1499.84,cepstrum,6203_PU_2855,0.0,2000.0,4.4691,inner_race,0.31,0.5331748295908919,0,-0.016,0.002,4.665540636787254,13,0.0019999999999999983
N15_M07_F10_KI16_16,KI16,real,inner_race,N15_M07_F10,1499.5,cepstrum,6203_PU_2855,0.0,2000.0,3.7774,normal,0.002,4.8840921881989585,0,-0.009000000000000001,0.024,1.97385899418541,0,0.019
N15_M07_F10_KI16_17,KI16,real,inner_race,N15_M07_F10,1499.72,cepstrum,6203_PU_2855,0.0,2000.0,3.7154,normal,0.648,-0.2824740005263353,0,0.002999999999999999,0.252,0.6277779180896076,0,0.019
N15_M07_F10_KI16_18,KI16,real,inner_race,N15_M07_F10,1499.41,cepstrum,6203_PU_2855,0.0,2000.0,4.3555,inner_race,0.056,1.2816421891092948,0,-0.016,0.002,2.9409761988616445,7,0.0019999999999999983
N15_M07_F10_KI16_19,KI16,real,inner_race,N15_M07_F10,1499.14,cepstrum,6203_PU_2855,0.0,2000.0,4.503,normal,0.812,-0.7640410659747348,0,0.02,0.914,-1.0374770504985962,0,-0.015
N15_M07_F10_KI16_2,KI16,real,inner_race,N15_M07_F10,1500.08,cepstrum,6203_PU_2855,0.0,2000.0,3.5885,inner_race,0.338,0.39441105301842794,0,-0.019,0.002,6.8888002421255035,9,0.0019999999999999983
N15_M07_F10_KI16_20,KI16,real,inner_race,N15_M07_F10,1499.64,cepstrum,6203_PU_2855,0.0,2000.0,4.8085,normal,0.108,1.9841513239013169,0,-0.015,0.002,3.4169579783959256,0,0.0019999999999999983
N15_M07_F10_KI16_3,KI16,real,inner_race,N15_M07_F10,1499.32,cepstrum,6203_PU_2855,0.0,2000.0,4.6615,normal,0.986,-2.281828660956703,0,-0.013000000000000001,0.002,7.334821564539686,0,0.0019999999999999983
N15_M07_F10_KI16_4,KI16,real,inner_race,N15_M07_F10,1499.5,cepstrum,6203_PU_2855,0.0,2000.0,3.9324,normal,0.432,0.08320127485322323,0,0.0010000000000000009,0.068,1.768595453918919,0,0.0019999999999999983
N15_M07_F10_KI16_5,KI16,real,inner_race,N15_M07_F10,1499.7,cepstrum,6203_PU_2855,0.0,2000.0,4.0732,inner_race,0.878,-0.6043786949073051,0,-0.017,0.002,4.726726112807645,5,0.0019999999999999983
N15_M07_F10_KI16_6,KI16,real,inner_race,N15_M07_F10,1499.47,cepstrum,6203_PU_2855,8000.0,10666.7,3.9842,inner_race,0.002,3.68363433737515,0,-0.019,0.002,3.0382811385068558,8,0.0019999999999999983
N15_M07_F10_KI16_7,KI16,real,inner_race,N15_M07_F10,1499.84,cepstrum,6203_PU_2855,0.0,2000.0,3.757,normal,0.898,-1.1817402696140693,0,0.02,0.408,0.20242861234067255,0,0.004
N15_M07_F10_KI16_8,KI16,real,inner_race,N15_M07_F10,1499.29,cepstrum,6203_PU_2855,0.0,2000.0,4.4614,normal,0.002,5.641161605342024,0,-0.02,0.002,3.9468578742393485,0,0.002999999999999999
N15_M07_F10_KI16_9,KI16,real,inner_race,N15_M07_F10,1499.61,cepstrum,6203_PU_2855,0.0,2000.0,3.8721,normal,0.636,-0.53967638661026,0,-0.02,0.002,5.827495916246025,0,0.0019999999999999983
N15_M07_F10_KI17_1,KI17,real,inner_race,N15_M07_F10,1499.33,cepstrum,6203_PU_2905,8000.0,10666.7,58.381,normal,0.472,0.06805739728289051,0,-0.017,0.648,-0.34886185727834035,0,-0.006
N15_M07_F10_KI17_10,KI17,real,inner_race,N15_M07_F10,1499.62,cepstrum,6203_PU_2905,10000.0,12000.0,11.4397,normal,0.85,-0.6454435741784977,0,-0.006999999999999999,0.108,1.4203770710793153,0,0.0
N15_M07_F10_KI17_11,KI17,real,inner_race,N15_M07_F10,1499.55,cepstrum,6203_PU_2905,9333.3,10666.7,6.1437,normal,0.874,-1.2198669515727938,0,0.002999999999999999,0.784,-0.9196725749329923,0,-0.0010000000000000009
N15_M07_F10_KI17_12,KI17,real,inner_race,N15_M07_F10,1499.52,cepstrum,6203_PU_2905,10666.7,13333.3,4.2357,normal,0.766,-0.6448670920485366,0,-0.017,0.278,0.5775919019350058,1,-0.006
N15_M07_F10_KI17_13,KI17,real,inner_race,N15_M07_F10,1499.66,cepstrum,6203_PU_2905,12000.0,14000.0,3.814,normal,0.75,-0.9208876914117803,0,0.006999999999999999,0.938,-1.1742233451802795,1,-0.012
N15_M07_F10_KI17_14,KI17,real,inner_race,N15_M07_F10,1500.59,cepstrum,6203_PU_2905,9333.3,10666.7,4.0298,normal,0.17,1.2678010911628954,0,-0.008,0.002,7.259226991668558,0,-0.0010000000000000009
N15_M07_F10_KI17_15,KI17,real,inner_race,N15_M07_F10,1499.44,cepstrum,6203_PU_2905,9333.3,10666.7,6.4331,normal,0.892,-1.2369625255096208,0,0.015000000000000003,0.002,4.317402875972112,0,-0.0010000000000000009
N15_M07_F10_KI17_16,KI17,real,inner_race,N15_M07_F10,1499.89,cepstrum,6203_PU_2905,10000.0,12000.0,4.2322,normal,0.708,-0.27151697002525405,0,-0.02,0.002,3.377253017921853,0,0.0
N15_M07_F10_KI17_17,KI17,real,inner_race,N15_M07_F10,1499.57,cepstrum,6203_PU_2905,0.0,1333.3,4.1399,normal,0.948,-1.5922547682083945,0,0.016999999999999998,0.002,2.8653155686828686,0,-0.015
N15_M07_F10_KI17_18,KI17,real,inner_race,N15_M07_F10,1499.65,cepstrum,6203_PU_2905,0.0,1333.3,3.7882,normal,0.416,0.11159712043564131,0,-0.004,0.624,-0.3584601450328982,0,-0.0010000000000000009
N15_M07_F10_KI17_19,KI17,real,inner_race,N15_M07_F10,1499.49,cepstrum,6203_PU_2905,12000.0,14000.0,4.0293,normal,0.702,-0.559542600014004,0,0.016999999999999998,0.634,-0.26136719716799695,0,0.019
N15_M07_F10_KI17_2,KI17,real,inner_race,N15_M07_F10,1499.58,cepstrum,6203_PU_2905,9333.3,10666.7,16.6556,normal,0.984,-1.8197767506295888,0,-0.006,0.658,-0.4722344022936715,0,0.0019999999999999983
N15_M07_F10_KI17_20,KI17,real,inner_race,N15_M07_F10,1499.51,cepstrum,6203_PU_2905,10666.7,13333.3,3.8401,normal,0.34,0.483988212137135,0,0.011,0.438,0.19193430137013545,0,-0.018000000000000002
N15_M07_F10_KI17_3,KI17,real,inner_race,N15_M07_F10,1500.59,cepstrum,6203_PU_2905,9333.3,10666.7,24.5669,normal,0.002,3.2580117014089285,0,0.006000000000000002,0.456,0.06589840559231765,0,-0.02
N15_M07_F10_KI17_4,KI17,real,inner_race,N15_M07_F10,1499.53,cepstrum,6203_PU_2905,9333.3,10666.7,18.5644,normal,0.396,0.4083560110617409,0,-0.009000000000000001,0.908,-1.119647329065637,0,0.013000000000000001
N15_M07_F10_KI17_5,KI17,real,inner_race,N15_M07_F10,1499.51,cepstrum,6203_PU_2905,9333.3,10666.7,19.189,normal,0.63,-0.3411416938168789,0,0.006000000000000002,0.954,-2.05534462023634,0,-0.006
N15_M07_F10_KI17_6,KI17,real,inner_race,N15_M07_F10,1499.57,cepstrum,6203_PU_2905,0.0,1333.3,3.6177,normal,0.092,2.2381189949543323,0,-0.018000000000000002,0.076,2.803527357510779,0,0.02
N15_M07_F10_KI17_7,KI17,real,inner_race,N15_M07_F10,1499.69,cepstrum,6203_PU_2905,0.0,1333.3,4.2231,normal,0.234,1.734585969786687,0,0.006000000000000002,0.738,-0.7079721650574547,0,0.002999999999999999
N15_M07_F10_KI17_8,KI17,real,inner_race,N15_M07_F10,1499.31,cepstrum,6203_PU_2905,10000.0,12000.0,4.5356,normal,0.932,-1.036216595346817,0,-0.017,0.914,-0.8507623897555309,0,0.0010000000000000009
N15_M07_F10_KI17_9,KI17,real,inner_race,N15_M07_F10,1499.54,cepstrum,6203_PU_2905,0.0,1333.3,3.9239,normal,0.864,-1.4343814577349177,0,0.013000000000000001,0.006,2.4483819936473092,0,0.005000000000000001
N15_M07_F10_KI18_1,KI18,real,inner_race,N15_M07_F10,1499.74,cepstrum,6203_PU_2905,9333.3,10666.7,13.8567,inner_race,0.136,1.075471647090685,1,-0.02,0.002,3.551347716330291,25,0.0
N15_M07_F10_KI18_10,KI18,real,inner_race,N15_M07_F10,1499.65,cepstrum,6203_PU_2905,9333.3,10666.7,13.672,inner_race,0.96,-1.2048553169444205,1,-0.02,0.002,3.3677904283221434,25,0.0
N15_M07_F10_KI18_11,KI18,real,inner_race,N15_M07_F10,1499.58,cepstrum,6203_PU_2905,9333.3,10666.7,15.9666,inner_race,0.72,-0.8422854034219799,1,-0.018000000000000002,0.002,3.846121109864726,25,0.0010000000000000009
N15_M07_F10_KI18_12,KI18,real,inner_race,N15_M07_F10,1499.56,cepstrum,6203_PU_2905,9333.3,10666.7,13.6368,inner_race,0.496,0.03582832149522138,1,-0.018000000000000002,0.002,2.9661224580389276,25,0.0010000000000000009
N15_M07_F10_KI18_13,KI18,real,inner_race,N15_M07_F10,1499.64,cepstrum,6203_PU_2905,9333.3,10666.7,13.1592,inner_race,0.77,-0.9017507726635587,1,-0.018000000000000002,0.002,2.331309529917387,25,0.0010000000000000009
N15_M07_F10_KI18_14,KI18,real,inner_race,N15_M07_F10,1499.68,cepstrum,6203_PU_2905,9333.3,10666.7,12.8226,inner_race,0.99,-1.9165818831671095,1,-0.017,0.002,4.087142433886862,25,0.0010000000000000009
N15_M07_F10_KI18_15,KI18,real,inner_race,N15_M07_F10,1499.56,cepstrum,6203_PU_2905,9333.3,10666.7,12.6803,inner_race,0.536,-0.15006776597250784,1,-0.019,0.002,3.165185246385768,25,0.0010000000000000009
N15_M07_F10_KI18_16,KI18,real,inner_race,N15_M07_F10,1499.62,cepstrum,6203_PU_2905,9333.3,10666.7,12.6279,inner_race,0.686,-0.34757342624392634,1,-0.017,0.002,5.027821920009595,25,0.0010000000000000009
N15_M07_F10_KI18_17,KI18,real,inner_race,N15_M07_F10,1499.81,cepstrum,6203_PU_2905,9333.3,10666.7,11.5021,inner_race,0.67,-0.6501740410119925,1,-0.017,0.002,3.007179339278287,25,0.0
N15_M07_F10_KI18_18,KI18,real,inner_race,N15_M07_F10,1499.41,cepstrum,6203_PU_2905,9333.3,10666.7,13.1552,inner_race,0.98,-1.699743103495413,1,-0.018000000000000002,0.002,3.223853937957402,25,0.0
N15_M07_F10_KI18_19,KI18,real,inner_race,N15_M07_F10,1499.72,cepstrum,6203_PU_2905,9333.3,10666.7,13.5093,inner_race,0.68,-0.36838257743046493,1,-0.02,0.002,3.54812781247759,25,0.0
N15_M07_F10_KI18_2,KI18,real,inner_race,N15_M07_F10,1499.33,cepstrum,6203_PU_2905,9333.3,10666.7,15.0262,inner_race,0.318,0.43936634806258823,1,-0.02,0.002,2.675783585692064,25,0.0010000000000000009
N15_M07_F10_KI18_20,KI18,real,inner_race,N15_M07_F10,1499.58,cepstrum,6203_PU_2905,9333.3,10666.7,12.7528,inner_race,0.568,-0.059899716213030245,1,-0.02,0.002,4.324554222622139,25,0.0010000000000000009
N15_M07_F10_KI18_3,KI18,real,inner_race,N15_M07_F10,1499.43,cepstrum,6203_PU_2905,9333.3,10666.7,15.9083,inner_race,0.982,-1.3360722818697084,0,-0.018000000000000002,0.002,2.851936842760778,25,0.0
N15_M07_F10_KI18_4,KI18,real,inner_race,N15_M07_F10,1499.57,cepstrum,6203_PU_2905,9333.3,10666.7,14.5771,inner_race,0.6,-0.13078110857391884,1,-0.02,0.002,3.5672376301655624,25,0.0010000000000000009
N15_M07_F10_KI18_5,KI18,real,inner_race,N15_M07_F10,1499.42,cepstrum,6203_PU_2905,9333.3,10666.7,16.7668,inner_race,0.586,-0.20731275506288976,1,-0.019,0.002,3.479381997183518,25,0.0
N15_M07_F10_KI18_6,KI18,real,inner_race,N15_M07_F10,1499.71,cepstrum,6203_PU_2905,9333.3,10666.7,13.7928,inner_race,1.0,-1.8124792913804884,0,0.0,0.002,3.556746842282165,25,0.0
N15_M07_F10_KI18_7,KI18,real,inner_race,N15_M07_F10,1499.6,cepstrum,6203_PU_2905,9333.3,10666.7,15.2158,inner_race,0.456,0.33662940133163777,1,-0.02,0.002,2.7927319950265796,25,0.0010000000000000009
N15_M07_F10_KI18_8,KI18,real,inner_race,N15_M07_F10,1499.64,cepstrum,6203_PU_2905,9333.3,10666.7,15.1661,inner_race,0.882,-0.7592845486684587,1,-0.02,0.002,2.2839036050201544,25,0.0010000000000000009
N15_M07_F10_KI18_9,KI18,real,inner_race,N15_M07_F10,1499.23,cepstrum,6203_PU_2905,9333.3,10666.7,13.9297,inner_race,0.59,-0.09337004661653345,1,-0.018000000000000002,0.002,2.5843558601341337,25,0.0
N15_M07_F10_KI21_1,KI21,real,inner_race,N15_M07_F10,1499.57,cepstrum,6203_PU_2855,10666.7,13333.3,4.1485,normal,0.688,-0.37369175478559974,0,-0.018000000000000002,0.362,0.2676494778376535,1,-0.01
N15_M07_F10_KI21_10,KI21,real,inner_race,N15_M07_F10,1499.53,cepstrum,6203_PU_2855,10666.7,13333.3,4.3959,normal,0.766,-0.45013125230376844,0,0.014000000000000002,0.882,-1.0016771152246058,1,-0.01
N15_M07_F10_KI21_11,KI21,real,inner_race,N15_M07_F10,1499.47,cepstrum,6203_PU_2855,10666.7,13333.3,4.2811,normal,0.31,0.6550725296226313,0,0.016999999999999998,0.992,-1.175422165192407,1,-0.002999999999999999
N15_M07_F10_KI21_12,KI21,real,inner_race,N15_M07_F10,1499.53,cepstrum,6203_PU_2855,10666.7,13333.3,4.3858,normal,0.47,0.21964820512991654,0,0.014000000000000002,0.934,-1.2265767265865353,0,-0.012
N15_M07_F10_KI21_13,KI21,real,inner_race,N15_M07_F10,1499.52,cepstrum,6203_PU_2855,10666.7,13333.3,4.0965,normal,0.804,-0.89180059694276,0,-0.02,0.624,-0.3539627750570379,2,-0.01
N15_M07_F10_KI21_14,KI21,real,inner_race,N15_M07_F10,1499.68,cepstrum,6203_PU_2855,10666.7,13333.3,4.2126,normal,0.81,-0.9088706459648159,0,-0.014,0.262,0.8241077298475031,1,-0.009000000000000001
N15_M07_F10_KI21_15,KI21,real,inner_race,N15_M07_F10,1499.56,cepstrum,6203_PU_2855,10666.7,13333.3,4.2551,normal,0.39,0.36800054368215607,0,-0.014,0.65,-0.4667310900736201,1,-0.01
N15_M07_F10_KI21_16,KI21,real,inner_race,N15_M07_F10,1499.63,cepstrum,6203_PU_2855,10666.7,13333.3,4.7077,normal,0.378,0.19277028494089202,0,-0.0019999999999999983,0.894,-0.9784293307468557,1,-0.009000000000000001
N15_M07_F10_KI21_17,KI21,real,inner_race,N15_M07_F10,1499.6,cepstrum,6203_PU_2855,10666.7,13333.3,4.5787,normal,0.606,-0.32172031511512833,0,-0.012,0.838,-0.7242107982790446,1,-0.016
N15_M07_F10_KI21_18,KI21,real,inner_race,N15_M07_F10,1499.43,cepstrum,6203_PU_2855,10666.7,13333.3,4.1075,normal,0.484,0.023754783521869903,0,0.014000000000000002,0.552,-0.21115575753817412,1,-0.017
N15_M07_F10_KI21_19,KI21,real,inner_race,N15_M07_F10,1499.63,cepstrum,6203_PU_2855,10666.7,13333.3,4.4083,normal,0.442,0.07084111970418502,0,-0.016,0.916,-0.9788974389472063,0,0.011
N15_M07_F10_KI21_2,KI21,real,inner_race,N15_M07_F10,1499.56,cepstrum,6203_PU_2855,10666.7,13333.3,4.381,normal,0.486,0.16979444337591904,0,0.015000000000000003,0.56,-0.1048850624369487,1,-0.009000000000000001
N15_M07_F10_KI21_20,KI21,real,inner_race,N15_M07_F10,1499.59,cepstrum,6203_PU_2855,10666.7,13333.3,4.5469,normal,0.348,0.6651529477479936,0,-0.011,0.9,-0.8561881258684801,0,0.011
N15_M07_F10_KI21_3,KI21,real,inner_race,N15_M07_F10,1499.63,cepstrum,6203_PU_2855,10666.7,13333.3,4.9419,normal,0.558,-0.14942977286969902,1,0.013000000000000001,0.764,-1.0639063808173814,2,-0.01
N15_M07_F10_KI21_4,KI21,real,inner_race,N15_M07_F10,1499.57,cepstrum,6203_PU_2855,10666.7,13333.3,4.7843,normal,0.588,-0.15700784645949892,0,0.016000000000000004,0.732,-0.6023188457160834,2,-0.01
N15_M07_F10_KI21_5,KI21,real,inner_race,N15_M07_F10,1499.6,cepstrum,6203_PU_2855,10666.7,13333.3,4.289,normal,0.806,-0.47932012420672276,0,0.014000000000000002,0.922,-0.996883529439629,1,0.015000000000000003
N15_M07_F10_KI21_6,KI21,real,inner_race,N15_M07_F10,1499.53,cepstrum,6203_PU_2855,10666.7,13333.3,3.7539,normal,0.736,-0.39619196910954685,0,-0.017,0.744,-0.566644776373894,1,-0.008
N15_M07_F10_KI21_7,KI21,real,inner_race,N15_M07_F10,1499.66,cepstrum,6203_PU_2855,10666.7,13333.3,4.439,normal,0.346,0.30550668645282,1,0.015000000000000003,0.856,-0.6974636681101729,2,-0.009000000000000001
N15_M07_F10_KI21_8,KI21,real,inner_race,N15_M07_F10,1499.5,cepstrum,6203_PU_2855,10666.7,13333.3,4.8698,normal,0.438,0.1199075257765096,1,0.015000000000000003,0.386,0.5337293718438688,2,-0.016
N15_M07_F10_KI21_9,KI21,real,inner_race,N15_M07_F10,1499.53,cepstrum,6203_PU_2855,10666.7,13333.3,4.0248,normal,0.658,-0.46895523943508644,0,-0.0019999999999999983,0.586,-0.21906214393074985,1,-0.009000000000000001
N09_M07_F10_K001_1,K001,none,normal,N09_M07_F10,899.71,none,6203_PU_2905,10000.0,12000.0,4.691,normal,0.748,-0.6998916773604945,0,-0.015,0.118,1.1440569001380336,2,0.015000000000000003
N09_M07_F10_K001_10,K001,none,normal,N09_M07_F10,899.79,none,6203_PU_2905,10666.7,13333.3,4.3778,normal,0.45,0.04699226790216639,0,0.019,0.116,1.3736360351596633,4,0.015000000000000003
N09_M07_F10_K001_11,K001,none,normal,N09_M07_F10,899.79,none,6203_PU_2905,10666.7,13333.3,4.4337,normal,0.804,-0.5832590367478212,0,-0.02,0.118,1.0200740025767014,2,0.015000000000000003
N09_M07_F10_K001_12,K001,none,normal,N09_M07_F10,899.8,none,6203_PU_2905,5333.3,10666.7,4.4322,normal,0.674,-0.25880266856986095,0,-0.011,0.2,1.6621897201437599,8,0.015000000000000003
N09_M07_F10_K001_13,K001,none,normal,N09_M07_F10,899.76,none,6203_PU_2905,8000.0,12000.0,4.4375,normal,0.952,-0.9384111263618934,0,0.0019999999999999983,0.102,2.0105278606691637,5,0.015000000000000003
N09_M07_F10_K001_14,K001,none,normal,N09_M07_F10,899.75,none,6203_PU_2905,10666.7,13333.3,4.8647,normal,0.91,-1.8283402705879235,0,-0.018000000000000002,0.116,1.1655774977989033,4,0.015000000000000003
N09_M07_F10_K001_15,K001,none,normal,N09_M07_F10,899.77,none,6203_PU_2905,5333.3,10666.7,4.5694,normal,1.0,-1.857979949065634,0,-0.012,0.1,2.647747394037133,4,0.015000000000000003
N09_M07_F10_K001_16,K001,none,normal,N09_M07_F10,899.75,none,6203_PU_2905,10666.7,13333.3,4.5439,normal,0.552,-0.21054130498267798,0,0.02,0.116,1.3626198237691671,3,0.015000000000000003
N09_M07_F10_K001_17,K001,none,normal,N09_M07_F10,899.77,none,6203_PU_2905,8000.0,12000.0,4.334,normal,0.92,-1.6771309702709012,0,-0.02,0.116,1.6412171289488713,4,0.015000000000000003
N09_M07_F10_K001_18,K001,none,normal,N09_M07_F10,899.76,none,6203_PU_2905,10666.7,13333.3,4.219,normal,0.898,-0.6979965163566789,0,0.019,0.118,1.507893910011182,3,0.015000000000000003
N09_M07_F10_K001_19,K001,none,normal,N09_M07_F10,899.67,none,6203_PU_2905,10666.7,13333.3,4.6001,normal,0.528,-0.05165490279143602,0,0.016999999999999998,0.114,1.4672676853316864,2,0.015000000000000003
N09_M07_F10_K001_2,K001,none,normal,N09_M07_F10,899.73,none,6203_PU_2905,10000.0,12000.0,4.54,normal,0.804,-0.7564869019734997,0,0.009000000000000001,0.158,1.5656218995153421,2,0.015000000000000003
N09_M07_F10_K001_20,K001,none,normal,N09_M07_F10,899.78,none,6203_PU_2905,8000.0,10000.0,4.7235,normal,0.988,-1.5135878987243558,0,0.016999999999999998,0.262,0.9848522665676658,3,0.015000000000000003
N09_M07_F10_K001_3,K001,none,normal,N09_M07_F10,899.75,none,6203_PU_2905,10666.7,13333.3,4.6853,normal,0.564,-0.11920029863294214,0,0.018,0.168,1.7701233700281964,1,0.014000000000000002
N09_M07_F10_K001_4,K001,none,normal,N09_M07_F10,899.75,none,6203_PU_2905,8000.0,12000.0,4.7175,normal,0.926,-1.2854822205625318,0,0.016999999999999998,0.154,1.3203328010188917,2,0.014000000000000002
N09_M07_F10_K001_5,K001,none,normal,N09_M07_F10,899.71,none,6203_PU_2905,12000.0,14000.0,4.8822,normal,0.884,-0.9105360199970398,0,0.006000000000000002,0.154,1.4487299078519504,2,0.015000000000000003
N09_M07_F10_K001_6,K001,none,normal,N09_M07_F10,899.73,none,6203_PU_2905,10666.7,13333.3,4.7723,normal,0.674,-0.443108185474698,0,0.018,0.112,2.2031737926959627,2,0.015000000000000003
N09_M07_F10_K001_7,K001,none,normal,N09_M07_F10,899.73,none,6203_PU_2905,0.0,2000.0,4.5607,normal,0.81,-1.3048623435215276,0,0.009999999999999998,0.188,0.9437103370703367,2,0.015000000000000003
N09_M07_F10_K001_8,K001,none,normal,N09_M07_F10,899.76,none,6203_PU_2905,10000.0,12000.0,4.6714,normal,0.984,-1.440862107113606,0,0.016999999999999998,0.122,1.1691063194145506,2,0.015000000000000003
N09_M07_F10_K001_9,K001,none,normal,N09_M07_F10,899.79,none,6203_PU_2905,12000.0,14000.0,5.0185,normal,0.87,-0.8769480421838678,0,0.016999999999999998,0.202,1.4443169548682682,2,0.014000000000000002
N09_M07_F10_K002_1,K002,none,normal,N09_M07_F10,899.63,none,6203_PU_2905,10666.7,13333.3,11.7924,normal,1.0,-2.036493468740224,0,0.015000000000000003,0.126,1.4396146304212294,3,0.015000000000000003
N09_M07_F10_K002_10,K002,none,normal,N09_M07_F10,899.46,none,6203_PU_2905,12000.0,14000.0,12.1757,normal,1.0,-1.5986852425496862,0,-0.0010000000000000009,0.708,-0.3158310520753934,3,0.015000000000000003
N09_M07_F10_K002_11,K002,none,normal,N09_M07_F10,899.6,none,6203_PU_2905,8000.0,12000.0,9.693,normal,0.996,-1.2236602873492577,0,-0.017,0.282,0.6225230679295819,3,0.015000000000000003
N09_M07_F10_K002_12,K002,none,normal,N09_M07_F10,899.78,none,6203_PU_2905,13333.3,14666.7,10.1945,normal,0.998,-1.8135108775920636,0,0.016999999999999998,0.648,-0.25921129917772007,1,-0.018000000000000002
N09_M07_F10_K002_13,K002,none,normal,N09_M07_F10,899.89,none,6203_PU_2905,10666.7,13333.3,12.4016,normal,0.996,-2.1448505799599658,0,-0.0010000000000000009,0.218,0.6735208306823147,3,0.015000000000000003
N09_M07_F10_K002_14,K002,none,normal,N09_M07_F10,899.86,none,6203_PU_2905,13000.0,14000.0,10.8002,normal,0.988,-2.0378677258316356,0,0.006000000000000002,0.086,1.7639798467092767,3,0.015000000000000003
N09_M07_F10_K002_15,K002,none,normal,N09_M07_F10,899.81,none,6203_PU_2905,10666.7,13333.3,11.0168,normal,1.0,-1.7805189384288473,0,-0.015,0.396,0.2455028348526719,3,0.015000000000000003
N09_M07_F10_K002_16,K002,none,normal,N09_M07_F10,899.86,none,6203_PU_2905,8000.0,12000.0,11.1991,normal,1.0,-1.2704626287822651,0,-0.02,0.342,0.5003018563475145,3,0.015000000000000003
N09_M07_F10_K002_17,K002,none,normal,N09_M07_F10,899.85,none,6203_PU_2905,8000.0,12000.0,10.8716,normal,0.642,-0.5357484451331036,0,-0.02,0.166,0.9563455294747673,3,0.015000000000000003
N09_M07_F10_K002_18,K002,none,normal,N09_M07_F10,899.69,none,6203_PU_2905,8000.0,10666.7,13.0934,normal,0.98,-1.6394483893580094,0,-0.02,0.316,0.4772669417720947,3,0.015000000000000003
N09_M07_F10_K002_19,K002,none,normal,N09_M07_F10,899.54,none,6203_PU_2905,8000.0,12000.0,9.896,normal,0.92,-1.0399786529198154,0,0.02,0.262,0.7853475394272539,3,0.016000000000000004
N09_M07_F10_K002_2,K002,none,normal,N09_M07_F10,899.8,none,6203_PU_2905,10666.7,13333.3,12.554,normal,1.0,-2.739228666121335,0,-0.02,0.53,-0.199187242182839,2,0.014000000000000002
N09_M07_F10_K002_20,K002,none,normal,N09_M07_F10,899.83,none,6203_PU_2905,12000.0,14000.0,12.9877,normal,0.998,-1.7672773977065808,0,-0.02,0.448,0.1816043242961606,3,0.016999999999999998
N09_M07_F10_K002_3,K002,none,normal,N09_M07_F10,899.73,none,6203_PU_2905,10666.7,13333.3,11.6181,normal,0.99,-2.2070733599252153,0,0.019,0.084,1.2366438318836253,3,0.015000000000000003
N09_M07_F10_K002_4,K002,none,normal,N09_M07_F10,899.64,none,6203_PU_2905,12000.0,14000.0,10.0342,normal,0.998,-2.307698071204424,0,-0.02,0.558,-0.23997722376670952,3,0.015000000000000003
N09_M07_F10_K002_5,K002,none,normal,N09_M07_F10,899.71,none,6203_PU_2905,10666.7,13333.3,11.2652,normal,0.99,-2.2254554975704375,0,-0.0010000000000000009,0.358,0.36268392501643604,3,0.015000000000000003
N09_M07_F10_K002_6,K002,none,normal,N09_M07_F10,899.66,none,6203_PU_2905,10666.7,13333.3,15.5094,normal,0.824,-1.7553471253212283,0,-0.02,0.13,1.1076371816741992,3,0.016999999999999998
N09_M07_F10_K002_7,K002,none,normal,N09_M07_F10,900.07,none,6203_PU_2905,10666.7,13333.3,11.2822,normal,1.0,-1.6763597134082016,0,0.013000000000000001,0.04,1.7328101753672907,3,0.015000000000000003
N09_M07_F10_K002_8,K002,none,normal,N09_M07_F10,899.4,none,6203_PU_2905,12000.0,14000.0,9.4087,normal,0.968,-1.0474795533376366,0,0.018,0.306,0.6531562816266381,2,0.015000000000000003
N09_M07_F10_K002_9,K002,none,normal,N09_M07_F10,899.67,none,6203_PU_2905,8000.0,12000.0,11.8931,normal,1.0,-2.637569107899854,0,-0.0010000000000000009,0.548,-0.08855053322928116,3,0.015000000000000003
N09_M07_F10_K003_1,K003,none,normal,N09_M07_F10,899.75,none,6203_PU_2905,8000.0,10666.7,4.6569,normal,0.866,-0.796887239427745,0,-0.016,0.26,1.3277218594694078,3,0.015000000000000003
N09_M07_F10_K003_10,K003,none,normal,N09_M07_F10,899.75,none,6203_PU_2905,4000.0,5333.3,4.6944,normal,0.818,-1.1246877984729262,0,-0.02,0.084,1.6785131308473147,2,0.015000000000000003
N09_M07_F10_K003_11,K003,none,normal,N09_M07_F10,899.82,none,6203_PU_2905,12000.0,13333.3,5.1299,normal,0.988,-1.6378791370335264,0,0.002999999999999999,0.146,1.3900565957522768,2,0.014000000000000002
N09_M07_F10_K003_12,K003,none,normal,N09_M07_F10,899.7,none,6203_PU_2905,5333.3,10666.7,4.9867,normal,1.0,-1.7330517260121594,0,-0.009000000000000001,0.282,0.5433294851246827,4,0.015000000000000003
N09_M07_F10_K003_13,K003,none,normal,N09_M07_F10,899.75,none,6203_PU_2905,5333.3,10666.7,4.8106,normal,0.966,-1.0201365771154631,0,-0.02,0.088,1.9017231404071622,4,0.015000000000000003
N09_M07_F10_K003_14,K003,none,normal,N09_M07_F10,899.76,none,6203_PU_2905,12000.0,14000.0,5.6256,normal,0.882,-0.8441792083891969,0,0.018,0.138,1.1870936123396734,3,0.015000000000000003
N09_M07_F10_K003_15,K003,none,normal,N09_M07_F10,899.75,none,6203_PU_2905,5333.3,10666.7,5.1746,normal,0.77,-0.7320598730339894,0,-0.016,0.138,1.3457919807374112,3,0.015000000000000003
N09_M07_F10_K003_16,K003,none,normal,N09_M07_F10,899.76,none,6203_PU_2905,10666.7,13333.3,4.6338,normal,0.964,-1.0269986164339562,0,-0.019,0.102,1.6682367732240868,3,0.015000000000000003
N09_M07_F10_K003_17,K003,none,normal,N09_M07_F10,899.72,none,6203_PU_2905,12000.0,14000.0,4.6175,normal,0.988,-2.061278402319654,0,0.016000000000000004,0.236,0.9419122005684968,2,0.015000000000000003
N09_M07_F10_K003_18,K003,none,normal,N09_M07_F10,899.75,none,6203_PU_2905,8000.0,10666.7,5.1328,normal,1.0,-1.8431543677386621,0,-0.02,0.204,1.2742190999809837,3,0.015000000000000003
N09_M07_F10_K003_19,K003,none,normal,N09_M07_F10,899.75,none,6203_PU_2905,12000.0,14000.0,4.9939,normal,0.97,-1.3415161682421577,0,-0.016,0.15,1.1279574025265309,4,0.015000000000000003
N09_M07_F10_K003_2,K003,none,normal,N09_M07_F10,899.82,none,6203_PU_2905,12000.0,14000.0,4.8795,normal,0.94,-1.708848112166667,0,0.008,0.124,1.279345160842496,2,0.015000000000000003
N09_M07_F10_K003_20,K003,none,normal,N09_M07_F10,899.76,none,6203_PU_2905,5333.3,10666.7,5.3223,normal,0.502,-0.11373324253413068,0,0.018,0.114,1.2851631528072727,4,0.015000000000000003
N09_M07_F10_K003_3,K003,none,normal,N09_M07_F10,899.76,none,6203_PU_2905,10666.7,13333.3,5.0653,normal,0.896,-0.7445976031869452,0,0.016000000000000004,0.14,1.3241840166998458,4,0.015000000000000003
N09_M07_F10_K003_4,K003,none,normal,N09_M07_F10,899.73,none,6203_PU_2905,10666.7,13333.3,4.4303,normal,1.0,-1.4296113691821053,0,0.018,0.138,1.7311304800363783,3,0.015000000000000003
N09_M07_F10_K003_5,K003,none,normal,N09_M07_F10,899.75,none,6203_PU_2905,5333.3,10666.7,4.6566,normal,0.892,-1.3233510739497405,0,0.019,0.116,1.6589135468817642,4,0.014000000000000002
N09_M07_F10_K003_6,K003,none,normal,N09_M07_F10,899.74,none,6203_PU_2905,10000.0,12000.0,5.0295,normal,0.958,-2.2123690834036793,0,0.016999999999999998,0.112,1.5697050310836813,3,0.015000000000000003
N09_M07_F10_K003_7,K003,none,normal,N09_M07_F10,899.78,none,6203_PU_2905,8000.0,12000.0,5.0189,normal,0.838,-1.0201341219852553,0,-0.017,0.116,1.6266780877523712,3,0.015000000000000003
N09_M07_F10_K003_8,K003,none,normal,N09_M07_F10,899.72,none,6203_PU_2905,5333.3,10666.7,4.6213,normal,0.996,-1.4497352920180857,0,-0.02,0.148,1.257219916395446,4,0.015000000000000003
N09_M07_F10_K003_9,K003,none,normal,N09_M07_F10,899.75,none,6203_PU_2905,10000.0,12000.0,4.8121,normal,0.932,-1.9273333990278827,0,-0.02,0.1,1.7098560062027037,2,0.014000000000000002
N09_M07_F10_K004_1,K004,none,normal,N09_M07_F10,899.68,none,6203_PU_2905,12000.0,14000.0,4.2782,normal,0.778,-0.7514620874176307,0,-0.02,0.242,0.9793781292347952,2,0.014000000000000002
N09_M07_F10_K004_10,K004,none,normal,N09_M07_F10,899.76,none,6203_PU_2905,10666.7,13333.3,4.7116,normal,1.0,-2.1282107667630896,0,-0.02,0.13,1.6155568368495699,4,0.014000000000000002
N09_M07_F10_K004_11,K004,none,normal,N09_M07_F10,899.72,none,6203_PU_2905,14000.0,15000.0,4.925,normal,0.902,-1.2512688516607458,0,-0.02,0.244,1.56537518826851,2,0.014000000000000002
N09_M07_F10_K004_12,K004,none,normal,N09_M07_F10,899.79,none,6203_PU_2905,10666.7,13333.3,4.7698,normal,0.668,-0.36791662073162124,0,-0.02,0.166,2.3721953438699517,4,0.014000000000000002
N09_M07_F10_K004_13,K004,none,normal,N09_M07_F10,899.75,none,6203_PU_2905,12000.0,14000.0,4.643,normal,1.0,-1.8067687662185512,0,0.009000000000000001,0.136,0.8547335616808832,3,0.014000000000000002
N09_M07_F10_K004_14,K004,none,normal,N09_M07_F10,899.8,none,6203_PU_2905,10666.7,13333.3,4.716,normal,0.578,-0.40983139478401687,0,-0.02,0.122,2.088800515868406,5,0.015000000000000003
N09_M07_F10_K004_15,K004,none,normal,N09_M07_F10,899.65,none,6203_PU_2905,10666.7,13333.3,4.6819,normal,0.896,-1.36363255480986,0,-0.019,0.118,1.530161883585279,5,0.014000000000000002
N09_M07_F10_K004_16,K004,none,normal,N09_M07_F10,899.75,none,6203_PU_2905,10666.7,13333.3,5.2605,normal,0.672,-0.4512463398392433,0,-0.019,0.136,1.7249475739478293,3,0.014000000000000002
N09_M07_F10_K004_17,K004,none,normal,N09_M07_F10,899.77,none,6203_PU_2905,12000.0,13000.0,4.9513,normal,0.99,-1.8028628853069368,0,0.011,0.252,1.0512887458401659,2,0.015000000000000003
N09_M07_F10_K004_18,K004,none,normal,N09_M07_F10,899.71,none,6203_PU_2905,10666.7,13333.3,4.8792,normal,0.386,0.19833557009401795,0,-0.02,0.08,1.514978932154747,4,0.014000000000000002
N09_M07_F10_K004_19,K004,none,normal,N09_M07_F10,899.76,none,6203_PU_2905,12000.0,14000.0,4.9125,normal,0.562,-0.3613816323768012,0,-0.02,0.118,2.0156220897040913,4,0.014000000000000002
N09_M07_F10_K004_2,K004,none,normal,N09_M07_F10,899.7,none,6203_PU_2905,10666.7,13333.3,4.8789,normal,0.266,0.5887137242938494,1,-0.02,0.14,2.384276007750932,6,0.014000000000000002
N09_M07_F10_K004_20,K004,none,normal,N09_M07_F10,899.77,none,6203_PU_2905,12000.0,14000.0,4.8314,normal,0.732,-0.8903638662327443,0,-0.02,0.142,1.3049184445458653,4,0.014000000000000002
N09_M07_F10_K004_3,K004,none,normal,N09_M07_F10,899.72,none,6203_PU_2905,8000.0,9000.0,4.7959,normal,0.804,-0.6688997266675747,0,-0.02,0.114,1.1165622098580188,2,0.014000000000000002
N09_M07_F10_K004_4,K004,none,normal,N09_M07_F10,899.74,none,6203_PU_2905,10666.7,13333.3,4.3069,normal,0.818,-0.8162226166711044,0,-0.019,0.116,2.3897076601240244,4,0.014000000000000002
N09_M07_F10_K004_5,K004,none,normal,N09_M07_F10,899.71,none,6203_PU_2905,10666.7,13333.3,4.2822,normal,0.52,-0.1455838755582988,0,-0.02,0.184,1.2893316877750463,2,0.015000000000000003
N09_M07_F10_K004_6,K004,none,normal,N09_M07_F10,899.73,none,6203_PU_2905,10666.7,13333.3,4.7193,normal,0.788,-0.9119462058506146,0,-0.019,0.118,1.5063220111934288,5,0.015000000000000003
N09_M07_F10_K004_7,K004,none,normal,N09_M07_F10,899.78,none,6203_PU_2905,10666.7,13333.3,4.2611,normal,0.814,-0.8473938264963461,0,-0.02,0.2,1.7969938900614328,4,0.014000000000000002
N09_M07_F10_K004_8,K004,none,normal,N09_M07_F10,899.7,none,6203_PU_2905,12000.0,14000.0,5.5795,normal,0.84,-0.6851552186144334,0,-0.018000000000000002,0.134,1.2680615703614118,3,0.015000000000000003
N09_M07_F10_K004_9,K004,none,normal,N09_M07_F10,899.72,none,6203_PU_2905,10666.7,13333.3,4.9682,normal,0.51,-0.0749700055887878,0,-0.02,0.216,2.0724682285065166,5,0.014000000000000002
N09_M07_F10_K005_1,K005,none,normal,N09_M07_F10,899.78,none,6203_PU_2905,13333.3,14666.7,3.9542,normal,0.994,-1.083847095692805,0,-0.02,0.164,0.9465159867439017,3,0.014000000000000002
N09_M07_F10_K005_10,K005,none,normal,N09_M07_F10,899.76,none,6203_PU_2905,12000.0,14000.0,4.1253,normal,0.928,-0.9619737437138373,0,-0.02,0.244,0.9190526387626202,3,0.015000000000000003
N09_M07_F10_K005_11,K005,none,normal,N09_M07_F10,899.66,none,6203_PU_2905,12000.0,14000.0,3.8541,normal,0.666,-0.41014962700329327,0,-0.02,0.124,2.939333303285441,4,0.014000000000000002
N09_M07_F10_K005_12,K005,none,normal,N09_M07_F10,899.68,none,6203_PU_2905,10666.7,13333.3,4.5691,normal,0.878,-1.0033733387115318,0,0.005000000000000001,0.114,1.5071906634967798,3,0.015000000000000003
N09_M07_F10_K005_13,K005,none,normal,N09_M07_F10,899.77,none,6203_PU_2905,12000.0,13333.3,3.8303,normal,0.934,-1.7100273681014502,0,0.006000000000000002,0.25,0.8895728971416573,3,0.014000000000000002
N09_M07_F10_K005_14,K005,none,normal,N09_M07_F10,899.83,none,6203_PU_2905,12000.0,14000.0,4.8095,normal,0.95,-1.1126791670598284,0,-0.02,0.116,1.8539408261384542,3,0.015000000000000003
N09_M07_F10_K005_15,K005,none,normal,N09_M07_F10,899.77,none,6203_PU_2905,12000.0,14000.0,4.893,normal,0.822,-0.622916541552182,0,-0.02,0.116,2.043789099145703,4,0.015000000000000003
N09_M07_F10_K005_16,K005,none,normal,N09_M07_F10,899.72,none,6203_PU_2905,10666.7,13333.3,4.5827,normal,0.714,-0.32073423803066253,0,-0.02,0.118,1.6381831844598034,3,0.015000000000000003
N09_M07_F10_K005_17,K005,none,normal,N09_M07_F10,899.81,none,6203_PU_2905,10666.7,13333.3,4.4017,normal,0.916,-1.1711474352200169,0,-0.017,0.116,2.3148563531296875,3,0.014000000000000002
N09_M07_F10_K005_18,K005,none,normal,N09_M07_F10,899.78,none,6203_PU_2905,10666.7,13333.3,4.3224,normal,1.0,-1.852267690254546,0,-0.02,0.114,1.338043063141346,4,0.014000000000000002
N09_M07_F10_K005_19,K005,none,normal,N09_M07_F10,899.7,none,6203_PU_2905,10666.7,13333.3,4.6794,normal,0.574,-0.2809494631536945,0,-0.019,0.174,2.1251223768493044,6,0.015000000000000003
N09_M07_F10_K005_2,K005,none,normal,N09_M07_F10,899.66,none,6203_PU_2905,13000.0,14000.0,4.1649,normal,0.908,-1.4421611289929102,0,-0.017,0.166,0.9951311350372292,3,0.015000000000000003
N09_M07_F10_K005_20,K005,none,normal,N09_M07_F10,899.71,none,6203_PU_2905,10666.7,13333.3,3.9621,normal,0.656,-0.5070661074560052,0,-0.019,0.118,0.7066997373189707,4,0.015000000000000003
N09_M07_F10_K005_3,K005,none,normal,N09_M07_F10,899.71,none,6203_PU_2905,10666.7,13333.3,4.4386,normal,0.746,-0.9997480521970563,0,-0.02,0.148,1.952895694906318,4,0.014000000000000002
N09_M07_F10_K005_4,K005,none,normal,N09_M07_F10,899.72,none,6203_PU_2905,12000.0,14000.0,4.2083,normal,0.674,-0.4249454258023683,0,-0.02,0.11,1.257759303048901,4,0.014000000000000002
N09_M07_F10_K005_5,K005,none,normal,N09_M07_F10,899.78,none,6203_PU_2905,10666.7,13333.3,4.0571,normal,0.96,-1.1464693138631497,0,-0.019,0.198,1.2348293225335847,5,0.014000000000000002
N09_M07_F10_K005_6,K005,none,normal,N09_M07_F10,899.75,none,6203_PU_2905,10666.7,13333.3,4.4666,normal,0.952,-1.2801527745841608,0,-0.019,0.116,2.1285564937830976,4,0.014000000000000002
N09_M07_F10_K005_7,K005,none,normal,N09_M07_F10,899.7,none,6203_PU_2905,10666.7,13333.3,4.377,normal,0.904,-1.1664253904188042,0,0.018,0.194,1.57240801114193,3,0.015000000000000003
N09_M07_F10_K005_8,K005,none,normal,N09_M07_F10,899.75,none,6203_PU_2905,12000.0,14000.0,2.0698,normal,0.964,-1.75240181208961,0,0.008,0.104,1.4414330179059185,3,0.014000000000000002
N09_M07_F10_K005_9,K005,none,normal,N09_M07_F10,899.69,none,6203_PU_2905,13333.3,14666.7,4.3976,normal,0.374,0.3744145755812021,0,-0.02,0.118,2.472794914991803,3,0.015000000000000003
N09_M07_F10_K006_1,K006,none,normal,N09_M07_F10,899.36,none,6203_PU_2905,0.0,1000.0,4.6912,normal,0.884,-0.9274744846121598,0,0.0,0.452,0.0727119134005627,1,0.014000000000000002
N09_M07_F10_K006_10,K006,none,normal,N09_M07_F10,899.76,none,6203_PU_2905,8000.0,12000.0,3.4008,normal,0.866,-1.0643513993835525,0,-0.019,0.14,1.0242728535286671,3,0.015000000000000003
N09_M07_F10_K006_11,K006,none,normal,N09_M07_F10,899.77,none,6203_PU_2905,10666.7,13333.3,3.1972,normal,0.748,-0.42181259340291405,0,0.019,0.116,1.288311287844285,3,0.014000000000000002
N09_M07_F10_K006_12,K006,none,normal,N09_M07_F10,899.73,none,6203_PU_2905,13333.3,14666.7,3.6651,normal,0.978,-1.544824893492278,0,0.018,0.128,1.9591760686142219,2,0.015000000000000003
N09_M07_F10_K006_13,K006,none,normal,N09_M07_F10,899.72,none,6203_PU_2905,12000.0,13000.0,3.9797,normal,1.0,-1.3365341966731883,0,0.018,0.194,1.0872527835844321,2,0.014000000000000002
N09_M07_F10_K006_14,K006,none,normal,N09_M07_F10,899.65,none,6203_PU_2905,1333.3,2666.7,4.743,normal,1.0,-2.0610746582111164,0,0.02,0.242,0.7866629647340856,3,0.015000000000000003
N09_M07_F10_K006_15,K006,none,normal,N09_M07_F10,899.73,none,6203_PU_2905,13000.0,14000.0,4.8511,normal,1.0,-1.8444995584888966,0,-0.018000000000000002,0.186,1.0568754079479046,2,0.014000000000000002
N09_M07_F10_K006_16,K006,none,normal,N09_M07_F10,899.78,none,6203_PU_2905,8000.0,9333.3,4.7926,normal,0.918,-1.8144847948310967,0,0.016000000000000004,0.34,1.2904326981443448,2,0.015000000000000003
N09_M07_F10_K006_17,K006,none,normal,N09_M07_F10,899.72,none,6203_PU_2905,10666.7,13333.3,4.4998,normal,1.0,-1.9060465947169913,0,0.016999999999999998,0.098,1.7002787018313863,4,0.015000000000000003
N09_M07_F10_K006_18,K006,none,normal,N09_M07_F10,899.74,none,6203_PU_2905,11000.0,12000.0,3.7142,normal,0.972,-1.2714579187061033,0,-0.019,0.144,1.3805875251366269,2,0.014000000000000002
N09_M07_F10_K006_19,K006,none,normal,N09_M07_F10,899.75,none,6203_PU_2905,12000.0,13333.3,4.1043,normal,0.98,-1.8071772475526557,0,0.002999999999999999,0.122,0.9788628981298086,2,0.014000000000000002
N09_M07_F10_K006_2,K006,none,normal,N09_M07_F10,899.73,none,6203_PU_2905,4000.0,5333.3,4.3631,normal,0.86,-0.99532723958344,0,-0.019,0.338,0.9174137085735696,2,0.014000000000000002
N09_M07_F10_K006_20,K006,none,normal,N09_M07_F10,899.72,none,6203_PU_2905,14000.0,15000.0,4.3167,normal,1.0,-1.2848801878251692,0,-0.006999999999999999,0.108,1.116800065850292,2,0.015000000000000003
N09_M07_F10_K006_3,K006,none,normal,N09_M07_F10,899.71,none,6203_PU_2905,8000.0,12000.0,4.4503,normal,0.712,-0.5012159216849114,0,-0.017,0.112,1.5087664037401398,5,0.014000000000000002
N09_M07_F10_K006_4,K006,none,normal,N09_M07_F10,899.74,none,6203_PU_2905,8000.0,12000.0,4.4322,normal,0.706,-0.29238231209382876,0,-0.02,0.15,1.4860478963450932,4,0.015000000000000003
N09_M07_F10_K006_5,K006,none,normal,N09_M07_F10,899.79,none,6203_PU_2905,0.0,1000.0,4.7728,normal,0.148,1.1274021044270832,0,0.005000000000000001,0.43,0.19229978907485462,0,0.0019999999999999983
N09_M07_F10_K006_6,K006,none,normal,N09_M07_F10,899.72,none,6203_PU_2905,10666.7,13333.3,5.1951,normal,0.922,-1.2845175357759493,0,-0.017,0.116,1.1384428324337483,3,0.014000000000000002
N09_M07_F10_K006_7,K006,none,normal,N09_M07_F10,899.75,none,6203_PU_2905,12000.0,14000.0,4.6834,normal,0.998,-1.3924084111055226,0,0.018,0.094,1.3138351120557064,3,0.015000000000000003
N09_M07_F10_K006_8,K006,none,normal,N09_M07_F10,899.74,none,6203_PU_2905,10666.7,13333.3,3.3288,normal,0.716,-0.2527412905529849,0,-0.02,0.114,1.7829028167155159,3,0.014000000000000002
N09_M07_F10_K006_9,K006,none,normal,N09_M07_F10,899.71,none,6203_PU_2905,11000.0,12000.0,3.4099,normal,0.914,-0.7461044491830608,0,-0.02,0.204,1.3629853909038685,1,0.015000000000000003
N09_M07_F10_KA01_1,KA01,artificial,outer_race,N09_M07_F10,899.7,none,6203_PU_2905,8000.0,10666.7,15.2373,outer_race,0.002,10.423896527891763,5,-0.004,0.622,-0.34648697618986646,0,0.013000000000000001
N09_M07_F10_KA01_10,KA01,artificial,outer_race,N09_M07_F10,899.93,none,6203_PU_2905,8000.0,10666.7,14.897,outer_race,0.002,7.084292520118443,5,-0.006999999999999999,0.658,-0.3613899413157673,1,0.013000000000000001
N09_M07_F10_KA01_11,KA01,artificial,outer_race,N09_M07_F10,899.46,none,6203_PU_2905,8000.0,10666.7,15.0869,outer_race,0.002,8.01566688546306,5,-0.006,0.344,0.2889226610422205,2,0.013000000000000001
N09_M07_F10_KA01_12,KA01,artificial,outer_race,N09_M07_F10,899.8,none,6203_PU_2905,8000.0,10666.7,14.7262,outer_race,0.002,7.59438284856292,5,-0.008,0.652,-0.46615917447784505,1,0.014000000000000002
N09_M07_F10_KA01_13,KA01,artificial,outer_race,N09_M07_F10,899.79,none,6203_PU_2905,8000.0,10666.7,15.624,outer_race,0.002,4.966872223785622,5,-0.006999999999999999,0.66,-0.40534428208448703,3,-0.009000000000000001
N09_M07_F10_KA01_14,KA01,artificial,outer_race,N09_M07_F10,899.52,none,6203_PU_2905,8000.0,10666.7,15.8026,outer_race,0.002,6.56131890387147,5,-0.005000000000000001,0.59,-0.3102760247083228,1,0.016999999999999998
N09_M07_F10_KA01_15,KA01,artificial,outer_race,N09_M07_F10,899.28,none,6203_PU_2905,8000.0,10000.0,15.4593,outer_race,0.002,4.804663832712149,5,-0.006,0.688,-0.48384521295063393,1,0.013000000000000001
N09_M07_F10_KA01_16,KA01,artificial,outer_race,N09_M07_F10,899.5,none,6203_PU_2905,8000.0,10000.0,14.8067,outer_race,0.002,5.616901133770217,5,-0.006999999999999999,0.66,-0.47727371800483365,1,0.016000000000000004
N09_M07_F10_KA01_17,KA01,artificial,outer_race,N09_M07_F10,899.77,none,6203_PU_2905,8000.0,10000.0,15.4853,outer_race,0.002,6.250646057415416,5,-0.008,0.61,-0.4494456345049276,2,0.012
N09_M07_F10_KA01_18,KA01,artificial,outer_race,N09_M07_F10,899.7,none,6203_PU_2905,8000.0,10666.7,15.705,outer_race,0.002,8.046967227593404,5,-0.009000000000000001,0.724,-0.550021594279034,1,0.016000000000000004
N09_M07_F10_KA01_19,KA01,artificial,outer_race,N09_M07_F10,899.78,none,6203_PU_2905,8000.0,10666.7,15.1886,outer_race,0.002,9.416692609323414,5,-0.004,0.652,-0.4536496267209568,0,0.012
N09_M07_F10_KA01_2,KA01,artificial,outer_race,N09_M07_F10,899.54,none,6203_PU_2905,8000.0,10666.7,14.7137,outer_race,0.002,7.914704224704936,5,-0.006,0.732,-0.7769679269354983,2,0.018
N09_M07_F10_KA01_20,KA01,artificial,outer_race,N09_M07_F10,899.68,none,6203_PU_2905,8000.0,10000.0,15.3201,outer_race,0.002,6.892147241722124,5,-0.005000000000000001,0.694,-0.6252508704124918,4,-0.005000000000000001
N09_M07_F10_KA01_3,KA01,artificial,outer_race,N09_M07_F10,899.5,none,6203_PU_2905,8000.0,10666.7,14.6351,outer_race,0.002,6.681180607543446,5,-0.005000000000000001,0.716,-0.695721222514267,4,-0.017
N09_M07_F10_KA01_4,KA01,artificial,outer_race,N09_M07_F10,899.75,none,6203_PU_2905,8000.0,10666.7,16.0328,outer_race,0.002,5.901476874166844,5,-0.006,0.744,-0.5327782743312842,1,0.016000000000000004
N09_M07_F10_KA01_5,KA01,artificial,outer_race,N09_M07_F10,899.7,none,6203_PU_2905,8000.0,10666.7,14.5354,outer_race,0.002,5.757391677298998,5,-0.008,0.668,-0.6330143774986591,4,-0.005000000000000001
N09_M07_F10_KA01_6,KA01,artificial,outer_race,N09_M07_F10,899.67,none,6203_PU_2905,8000.0,10666.7,15.2165,outer_race,0.002,6.0837394596890615,5,-0.005000000000000001,0.7,-0.31999779692573815,1,0.018
N09_M07_F10_KA01_7,KA01,artificial,outer_race,N09_M07_F10,899.81,none,6203_PU_2905,8000.0,10666.7,14.4771,outer_race,0.002,4.970873423906072,5,-0.006,0.674,-0.487438839464213,1,0.015000000000000003
N09_M07_F10_KA01_8,KA01,artificial,outer_race,N09_M07_F10,899.5,none,6203_PU_2905,8000.0,10000.0,14.3118,outer_race,0.002,9.94552443180312,5,-0.006,0.568,-0.17251973781232546,1,0.012
N09_M07_F10_KA01_9,KA01,artificial,outer_race,N09_M07_F10,899.54,none,6203_PU_2905,8000.0,10666.7,15.7376,outer_race,0.002,7.650119861805982,5,-0.006999999999999999,0.706,-0.5270025691801821,2,-0.008
N09_M07_F10_KA03_1,KA03,artificial,outer_race,N09_M07_F10,899.7,none,6203_PU_2905,12000.0,14000.0,6.3053,normal,0.224,1.4513017879304297,1,-0.02,0.116,2.3067024346259557,5,0.014000000000000002
N09_M07_F10_KA03_10,KA03,artificial,outer_race,N09_M07_F10,899.76,none,6203_PU_2905,12000.0,14000.0,8.0695,normal,0.36,0.6051417535981374,0,-0.02,0.082,1.2168758408920934,3,0.015000000000000003
N09_M07_F10_KA03_11,KA03,artificial,outer_race,N09_M07_F10,899.65,none,6203_PU_2905,13333.3,14666.7,7.9128,normal,0.984,-1.145448268668907,0,0.009000000000000001,0.124,0.9086185800537708,3,0.014000000000000002
N09_M07_F10_KA03_12,KA03,artificial,outer_race,N09_M07_F10,899.59,none,6203_PU_2905,13333.3,14666.7,7.6753,normal,0.466,0.1732878346989443,0,-0.019,0.07,1.2202899293258755,3,0.014000000000000002
N09_M07_F10_KA03_13,KA03,artificial,outer_race,N09_M07_F10,899.72,none,6203_PU_2905,14000.0,15000.0,6.8289,normal,0.258,1.3197755365082946,0,-0.02,0.118,1.8669636275928339,3,0.014000000000000002
N09_M07_F10_KA03_14,KA03,artificial,outer_race,N09_M07_F10,899.74,none,6203_PU_2905,13333.3,14666.7,7.991,normal,0.154,1.920945908785942,0,-0.02,0.114,1.6092556241710614,3,0.015000000000000003
N09_M07_F10_KA03_15,KA03,artificial,outer_race,N09_M07_F10,899.8,none,6203_PU_2905,12000.0,14000.0,6.6359,normal,0.688,-0.5076840573979565,0,-0.019,0.164,1.5893243855378112,3,0.015000000000000003
N09_M07_F10_KA03_16,KA03,artificial,outer_race,N09_M07_F10,899.72,none,6203_PU_2905,13333.3,14666.7,7.0366,normal,0.88,-0.9600784252750233,0,-0.012,0.12,1.945965861015931,3,0.014000000000000002
N09_M07_F10_KA03_17,KA03,artificial,outer_race,N09_M07_F10,899.76,none,6203_PU_2905,13333.3,14666.7,6.7919,normal,0.256,0.9796575750088923,0,-0.019,0.052,1.1192176824225473,5,0.014000000000000002
N09_M07_F10_KA03_18,KA03,artificial,outer_race,N09_M07_F10,899.62,none,6203_PU_2905,13333.3,14666.7,6.7249,normal,0.394,0.2691960357742197,0,-0.02,0.096,2.004882645070441,3,0.014000000000000002
N09_M07_F10_KA03_19,KA03,artificial,outer_race,N09_M07_F10,899.86,none,6203_PU_2905,13333.3,14666.7,8.0176,normal,0.492,0.019069355702138014,0,-0.02,0.15,0.897629273320152,3,0.015000000000000003
N09_M07_F10_KA03_2,KA03,artificial,outer_race,N09_M07_F10,899.78,none,6203_PU_2905,12000.0,14000.0,6.9528,normal,0.44,0.15987116068862298,0,-0.02,0.066,2.314402458388498,3,0.014000000000000002
N09_M07_F10_KA03_20,KA03,artificial,outer_race,N09_M07_F10,899.81,none,6203_PU_2905,13333.3,14666.7,7.3996,normal,0.724,-0.3376712710593513,0,-0.019,0.1,0.744440175976727,3,0.015000000000000003
N09_M07_F10_KA03_3,KA03,artificial,outer_race,N09_M07_F10,899.73,none,6203_PU_2905,13333.3,14666.7,6.4168,inner_race,0.636,-0.23224072748621866,0,-0.02,0.018,1.1403937292210318,3,0.015000000000000003
N09_M07_F10_KA03_4,KA03,artificial,outer_race,N09_M07_F10,899.71,none,6203_PU_2905,13333.3,14666.7,6.9603,normal,0.224,1.1260854366317186,0,-0.02,0.18,1.688537360905335,3,0.014000000000000002
N09_M07_F10_KA03_5,KA03,artificial,outer_race,N09_M07_F10,899.68,none,6203_PU_2905,13333.3,14666.7,7.5282,normal,0.768,-0.36174643615201163,0,-0.02,0.138,1.9345714068359083,3,0.015000000000000003
N09_M07_F10_KA03_6,KA03,artificial,outer_race,N09_M07_F10,899.83,none,6203_PU_2905,13333.3,14666.7,7.7228,normal,0.582,-0.35402269351239424,0,-0.02,0.114,1.594243417914883,3,0.015000000000000003
N09_M07_F10_KA03_7,KA03,artificial,outer_race,N09_M07_F10,899.73,none,6203_PU_2905,13333.3,14666.7,6.6098,normal,0.698,-0.2503797858944451,0,-0.02,0.222,1.2030567388833506,3,0.013000000000000001
N09_M07_F10_KA03_8,KA03,artificial,outer_race,N09_M07_F10,899.78,none,6203_PU_2905,13333.3,14666.7,7.2428,normal,0.286,1.0178493448088377,0,-0.019,0.118,1.9045128949612193,3,0.014000000000000002
N09_M07_F10_KA03_9,KA03,artificial,outer_race,N09_M07_F10,899.68,none,6203_PU_2905,12000.0,14000.0,6.2432,normal,0.256,1.530138885931233,1,-0.019,0.198,1.6407640820488936,4,0.014000000000000002
N09_M07_F10_KA04_1,KA04,real,outer_race,N09_M07_F10,899.61,none,6203_PU_2855,9333.3,10666.7,8.0229,outer_race,0.002,13.86428486772933,5,0.0,0.708,-0.5009245182303937,2,-0.01
N09_M07_F10_KA04_10,KA04,real,outer_race,N09_M07_F10,899.85,none,6203_PU_2855,12000.0,14000.0,7.1138,normal,0.192,1.366324190158471,0,-0.019,0.102,2.407628425073099,3,0.009999999999999998
N09_M07_F10_KA04_11,KA04,real,outer_race,N09_M07_F10,899.61,none,6203_PU_2855,9333.3,10666.7,7.5711,outer_race,0.002,13.448248427793628,5,0.0,0.648,-0.34348254312708754,1,-0.018000000000000002
N09_M07_F10_KA04_12,KA04,real,outer_race,N09_M07_F10,899.68,none,6203_PU_2855,0.0,2000.0,7.0006,outer_race,0.002,12.122473723950602,5,-0.0019999999999999983,0.8,-0.8499277543318376,3,-0.01
N09_M07_F10_KA04_13,KA04,real,outer_race,N09_M07_F10,930.93,none,6203_PU_2855,9333.3,10666.7,13.9564,normal,0.618,-0.4473677711941498,0,-0.008,0.07,2.7420768249873744,0,-0.004
N09_M07_F10_KA04_14,KA04,real,outer_race,N09_M07_F10,899.77,none,6203_PU_2855,9333.3,10666.7,8.2902,outer_race,0.002,10.31584916980751,5,0.0,0.69,-0.49900192349641176,2,-0.02
N09_M07_F10_KA04_15,KA04,real,outer_race,N09_M07_F10,899.71,none,6203_PU_2855,8000.0,10666.7,8.1739,outer_race,0.002,13.055644366975061,5,0.0,0.692,-0.4200447440989808,3,-0.02
N09_M07_F10_KA04_16,KA04,real,outer_race,N09_M07_F10,899.71,none,6203_PU_2855,0.0,2666.7,6.2014,outer_race,0.006,6.857122834879881,5,-0.004,0.688,-0.32698293763619773,2,0.02
N09_M07_F10_KA04_17,KA04,real,outer_race,N09_M07_F10,899.59,none,6203_PU_2855,0.0,2000.0,6.0732,outer_race,0.002,5.875103007644928,5,-0.0010000000000000009,0.654,-0.3973043609399163,3,-0.011
N09_M07_F10_KA04_18,KA04,real,outer_race,N09_M07_F10,899.59,none,6203_PU_2855,0.0,2000.0,6.0732,outer_race,0.002,5.875103007644928,5,-0.0010000000000000009,0.654,-0.3973043609399163,3,-0.011
N09_M07_F10_KA04_19,KA04,real,outer_race,N09_M07_F10,899.73,none,6203_PU_2855,13333.3,14666.7,6.9341,normal,0.302,0.4145458408599771,0,-0.012,0.218,1.4730568526453272,3,0.009999999999999998
N09_M07_F10_KA04_2,KA04,real,outer_race,N09_M07_F10,899.73,none,6203_PU_2855,9333.3,10666.7,10.1522,outer_race,0.002,14.608879618355196,5,0.0010000000000000009,0.746,-0.4689481594222053,1,0.02
N09_M07_F10_KA04_20,KA04,real,outer_race,N09_M07_F10,899.97,none,6203_PU_2855,0.0,2666.7,6.0777,normal,0.002,23.732293137846867,0,0.0,0.912,-0.9072678305502805,0,-0.019
N09_M07_F10_KA04_3,KA04,real,outer_race,N09_M07_F10,899.66,none,6203_PU_2855,9333.3,10666.7,8.4821,outer_race,0.002,16.958375332066243,5,0.0,0.384,0.4620010361123554,1,0.02
N09_M07_F10_KA04_4,KA04,real,outer_race,N09_M07_F10,899.83,none,6203_PU_2855,9333.3,10666.7,10.8031,outer_race,0.002,16.557970616671664,5,0.0,0.2,0.9630827871848269,1,0.02
N09_M07_F10_KA04_5,KA04,real,outer_race,N09_M07_F10,899.81,none,6203_PU_2855,9333.3,10666.7,8.9998,outer_race,0.002,18.918229700911873,5,0.0,0.85,-0.7434124027773108,0,-0.008
N09_M07_F10_KA04_6,KA04,real,outer_race,N09_M07_F10,899.57,none,6203_PU_2855,9333.3,10666.7,9.807,outer_race,0.002,10.801492065453894,5,0.0,0.722,-0.3955853144184255,1,0.02
N09_M07_F10_KA04_7,KA04,real,outer_race,N09_M07_F10,899.66,none,6203_PU_2855,9333.3,10666.7,8.905,outer_race,0.002,20.704544414313517,5,0.0,0.512,-0.05902473715354264,1,0.02
N09_M07_F10_KA04_8,KA04,real,outer_race,N09_M07_F10,899.75,none,6203_PU_2855,9333.3,10666.7,8.2138,outer_race,0.002,17.067532608774115,5,0.0,0.376,0.1921276951417425,1,0.02
N09_M07_F10_KA04_9,KA04,real,outer_race,N09_M07_F10,899.63,none,6203_PU_2855,9333.3,10666.7,7.6642,outer_race,0.002,13.164434754046038,5,0.0,0.716,-0.5455795558788106,1,0.015000000000000003
N09_M07_F10_KA05_1,KA05,artificial,outer_race,N09_M07_F10,899.7,none,6203_PU_2905,10666.7,13333.3,8.0916,normal,0.994,-1.843307799988413,0,-0.019,0.408,0.5375446981376555,3,0.016999999999999998
N09_M07_F10_KA05_10,KA05,artificial,outer_race,N09_M07_F10,899.79,none,6203_PU_2905,12000.0,14000.0,7.633,normal,0.704,-0.4730218799734892,0,0.016999999999999998,0.632,-0.2109791098426055,1,0.012
N09_M07_F10_KA05_11,KA05,artificial,outer_race,N09_M07_F10,899.63,none,6203_PU_2905,10666.7,13333.3,8.8421,normal,1.0,-2.600912312594922,0,-0.005000000000000001,0.142,1.2767699798391983,3,0.015000000000000003
N09_M07_F10_KA05_12,KA05,artificial,outer_race,N09_M07_F10,900.0,none,6203_PU_2905,10000.0,12000.0,9.08,normal,0.986,-1.0795345356040373,0,0.016000000000000004,0.268,1.0345297864575909,3,0.015000000000000003
N09_M07_F10_KA05_13,KA05,artificial,outer_race,N09_M07_F10,899.88,none,6203_PU_2905,10666.7,13333.3,7.921,inner_race,0.378,0.1260078192597424,0,-0.018000000000000002,0.016,1.418184136103319,3,0.016000000000000004
N09_M07_F10_KA05_14,KA05,artificial,outer_race,N09_M07_F10,899.81,none,6203_PU_2905,12000.0,14000.0,7.8549,normal,0.388,0.185447173674706,0,0.019,0.234,1.1206110015494888,3,0.015000000000000003
N09_M07_F10_KA05_15,KA05,artificial,outer_race,N09_M07_F10,899.6,none,6203_PU_2905,10666.7,13333.3,9.6519,normal,0.954,-1.1996742886828418,0,-0.01,0.25,0.9913951341998289,3,0.015000000000000003
N09_M07_F10_KA05_16,KA05,artificial,outer_race,N09_M07_F10,899.86,none,6203_PU_2905,10000.0,12000.0,8.918,normal,0.908,-1.1330898117098334,0,-0.004,0.104,1.214569234503264,3,0.015000000000000003
N09_M07_F10_KA05_17,KA05,artificial,outer_race,N09_M07_F10,899.86,none,6203_PU_2905,10666.7,13333.3,8.7983,normal,0.92,-1.1642329245959222,0,0.016999999999999998,0.182,1.0435674667964954,3,0.016000000000000004
N09_M07_F10_KA05_18,KA05,artificial,outer_race,N09_M07_F10,899.72,none,6203_PU_2905,12000.0,13333.3,7.643,normal,0.96,-1.626471202959073,0,0.02,0.396,0.2694381366840334,1,0.014000000000000002
N09_M07_F10_KA05_19,KA05,artificial,outer_race,N09_M07_F10,899.83,none,6203_PU_2905,10666.7,13333.3,8.0823,normal,0.968,-0.9766364121107979,0,0.0,0.222,1.140377006684334,3,0.015000000000000003
N09_M07_F10_KA05_2,KA05,artificial,outer_race,N09_M07_F10,900.0,none,6203_PU_2905,12000.0,14000.0,7.5198,normal,0.688,-0.5181130982255291,0,-0.02,0.252,0.645249354342035,3,0.015000000000000003
N09_M07_F10_KA05_20,KA05,artificial,outer_race,N09_M07_F10,899.81,none,6203_PU_2905,10000.0,12000.0,8.5621,normal,0.948,-1.1909184906201749,0,0.016999999999999998,0.298,1.075225765258104,3,0.015000000000000003
N09_M07_F10_KA05_3,KA05,artificial,outer_race,N09_M07_F10,899.69,none,6203_PU_2905,10666.7,13333.3,10.6341,normal,0.522,-0.3104248613564448,0,-0.02,0.254,1.4416772974055896,3,0.016999999999999998
N09_M07_F10_KA05_4,KA05,artificial,outer_race,N09_M07_F10,899.75,none,6203_PU_2905,10666.7,13333.3,8.9155,normal,0.904,-0.9756882062870088,0,-0.019,0.414,0.4401093303353483,2,0.018
N09_M07_F10_KA05_5,KA05,artificial,outer_race,N09_M07_F10,899.88,none,6203_PU_2905,12000.0,14000.0,8.5762,normal,0.936,-0.9678396559214594,0,-0.018000000000000002,0.418,0.4272714030315131,3,0.015000000000000003
N09_M07_F10_KA05_6,KA05,artificial,outer_race,N09_M07_F10,899.95,none,6203_PU_2905,10666.7,13333.3,8.9601,normal,0.362,0.11261806279611851,0,-0.02,0.2,1.2637116640129955,2,0.016999999999999998
N09_M07_F10_KA05_7,KA05,artificial,outer_race,N09_M07_F10,899.86,none,6203_PU_2905,10666.7,13333.3,8.6636,normal,0.996,-1.4405394908758975,0,-0.0010000000000000009,0.294,0.9216598351581816,3,0.015000000000000003
N09_M07_F10_KA05_8,KA05,artificial,outer_race,N09_M07_F10,899.61,none,6203_PU_2905,12000.0,14000.0,10.146,normal,0.986,-1.1932007136349703,0,0.018,0.21,0.8997575497602622,3,0.015000000000000003
N09_M07_F10_KA05_9,KA05,artificial,outer_race,N09_M07_F10,899.86,none,6203_PU_2905,12000.0,14000.0,9.4358,normal,0.872,-0.8103166241206525,0,0.016999999999999998,0.156,1.135918822416816,3,0.015000000000000003
N09_M07_F10_KA06_1,KA06,artificial,outer_race,N09_M07_F10,900.64,none,6203_PU_2905,10666.7,13333.3,8.6439,normal,1.0,-1.77959942408007,0,0.019,0.438,0.29307640725920703,2,0.014000000000000002
N09_M07_F10_KA06_10,KA06,artificial,outer_race,N09_M07_F10,899.55,none,6203_PU_2905,10666.7,13333.3,7.4145,normal,0.94,-0.9059938744206751,0,-0.02,0.278,1.0347021492598174,3,0.016999999999999998
N09_M07_F10_KA06_11,KA06,artificial,outer_race,N09_M07_F10,899.86,none,6203_PU_2905,10666.7,13333.3,8.214,normal,0.988,-0.8967079130848868,0,-0.017,0.242,0.9588917417212066,3,0.015000000000000003
N09_M07_F10_KA06_12,KA06,artificial,outer_race,N09_M07_F10,899.95,none,6203_PU_2905,10666.7,13333.3,7.9093,normal,0.968,-2.457070534296858,0,-0.02,0.148,1.0947600725060849,1,0.013000000000000001
N09_M07_F10_KA06_13,KA06,artificial,outer_race,N09_M07_F10,899.61,none,6203_PU_2905,10666.7,13333.3,8.4523,normal,0.942,-0.7898624736598361,0,-0.013000000000000001,0.264,0.8338388538122892,3,0.015000000000000003
N09_M07_F10_KA06_14,KA06,artificial,outer_race,N09_M07_F10,899.97,none,6203_PU_2905,10666.7,13333.3,9.5224,normal,0.756,-0.5973738709090567,0,0.016999999999999998,0.132,1.303120963470382,3,0.015000000000000003
N09_M07_F10_KA06_15,KA06,artificial,outer_race,N09_M07_F10,899.87,none,6203_PU_2905,10666.7,13333.3,8.9563,normal,0.912,-0.8607376283447912,0,-0.02,0.248,0.6879806284486831,3,0.015000000000000003
N09_M07_F10_KA06_16,KA06,artificial,outer_race,N09_M07_F10,899.72,none,6203_PU_2905,10666.7,13333.3,8.3735,normal,0.912,-1.679855319723647,0,-0.0019999999999999983,0.266,0.8241159014104739,3,0.015000000000000003
N09_M07_F10_KA06_17,KA06,artificial,outer_race,N09_M07_F10,899.82,none,6203_PU_2905,12000.0,14000.0,9.6248,normal,0.888,-1.1600272688323152,0,-0.0010000000000000009,0.284,0.8161844397918151,3,0.015000000000000003
N09_M07_F10_KA06_18,KA06,artificial,outer_race,N09_M07_F10,899.92,none,6203_PU_2905,8000.0,12000.0,7.2494,normal,0.852,-1.0764777191512787,0,-0.011,0.338,0.36609632534031805,3,0.016000000000000004
N09_M07_F10_KA06_19,KA06,artificial,outer_race,N09_M07_F10,899.99,none,6203_PU_2905,8000.0,12000.0,7.7629,normal,0.948,-1.1595568711835156,0,-0.015,0.4,0.5683026327339831,2,0.014000000000000002
N09_M07_F10_KA06_2,KA06,artificial,outer_race,N09_M07_F10,899.57,none,6203_PU_2905,10666.7,13333.3,8.6191,normal,0.854,-0.917068538575418,0,0.005000000000000001,0.378,0.516518024979456,3,0.016000000000000004
N09_M07_F10_KA06_20,KA06,artificial,outer_race,N09_M07_F10,899.54,none,6203_PU_2905,10666.7,13333.3,8.2454,normal,0.534,-0.12075240011801425,0,-0.005000000000000001,0.27,0.7205153773183475,3,0.015000000000000003
N09_M07_F10_KA06_3,KA06,artificial,outer_race,N09_M07_F10,899.73,none,6203_PU_2905,8000.0,9000.0,7.1406,normal,0.784,-0.5783866819859178,0,-0.016,0.242,0.9573819964682369,2,0.018
N09_M07_F10_KA06_4,KA06,artificial,outer_race,N09_M07_F10,899.98,none,6203_PU_2905,10666.7,13333.3,9.0079,normal,0.952,-1.2703664634789482,0,0.016999999999999998,0.32,0.7678024671015138,2,0.014000000000000002
N09_M07_F10_KA06_5,KA06,artificial,outer_race,N09_M07_F10,899.82,none,6203_PU_2905,13333.3,14666.7,7.1328,normal,0.714,-0.5630323828265272,0,0.019,0.324,0.86017970184252,2,0.014000000000000002
N09_M07_F10_KA06_6,KA06,artificial,outer_race,N09_M07_F10,899.67,none,6203_PU_2905,10666.7,13333.3,9.2177,normal,0.884,-1.2239318746382393,0,-0.0019999999999999983,0.22,1.249759827127812,3,0.016000000000000004
N09_M07_F10_KA06_7,KA06,artificial,outer_race,N09_M07_F10,899.86,none,6203_PU_2905,10666.7,13333.3,8.7937,normal,1.0,-1.6401003119882305,0,-0.0010000000000000009,0.206,0.7908886825341689,2,0.014000000000000002
N09_M07_F10_KA06_8,KA06,artificial,outer_race,N09_M07_F10,899.31,none,6203_PU_2905,10666.7,13333.3,8.4755,normal,0.774,-0.8225270277936229,0,-0.02,0.324,1.1216882503125176,3,0.018
N09_M07_F10_KA06_9,KA06,artificial,outer_race,N09_M07_F10,899.87,none,6203_PU_2905,8000.0,12000.0,8.6584,normal,0.97,-1.2605784480678892,0,-0.017,0.056,1.0012040948022671,3,0.015000000000000003
N09_M07_F10_KA07_1,KA07,artificial,outer_race,N09_M07_F10,899.68,none,6203_PU_2905,10666.7,13333.3,7.662,normal,0.922,-1.9434623448144681,0,-0.02,0.26,1.2767257331525108,3,0.016000000000000004
N09_M07_F10_KA07_10,KA07,artificial,outer_race,N09_M07_F10,900.12,none,6203_PU_2905,10666.7,13333.3,7.6057,normal,0.662,-0.3674475498454789,0,-0.02,0.1,1.419779708346556,3,0.016000000000000004
N09_M07_F10_KA07_11,KA07,artificial,outer_race,N09_M07_F10,899.74,none,6203_PU_2905,12000.0,14000.0,6.8864,normal,1.0,-1.8326691891388727,0,0.005000000000000001,0.032,1.0758385683741274,3,0.015000000000000003
N09_M07_F10_KA07_12,KA07,artificial,outer_race,N09_M07_F10,899.73,none,6203_PU_2905,0.0,1000.0,6.6343,normal,0.9,-1.2883903189622503,0,0.004,0.114,1.5210125133511392,1,0.015000000000000003
N09_M07_F10_KA07_13,KA07,artificial,outer_race,N09_M07_F10,899.73,none,6203_PU_2905,10666.7,13333.3,6.7445,normal,0.81,-0.8506023518832861,0,-0.02,0.296,0.693636218636339,3,0.015000000000000003
N09_M07_F10_KA07_14,KA07,artificial,outer_race,N09_M07_F10,899.96,none,6203_PU_2905,10666.7,13333.3,8.6438,normal,1.0,-1.8380285248376893,0,0.016999999999999998,0.126,1.1255010878289946,2,0.015000000000000003
N09_M07_F10_KA07_15,KA07,artificial,outer_race,N09_M07_F10,899.82,none,6203_PU_2905,10666.7,13333.3,8.5857,normal,1.0,-1.6251258003110147,0,-0.02,0.262,0.3405269830610578,2,0.015000000000000003
N09_M07_F10_KA07_16,KA07,artificial,outer_race,N09_M07_F10,899.68,none,6203_PU_2905,12000.0,14000.0,7.7053,normal,0.688,-0.4893866577086573,0,-0.019,0.198,1.4421497264197833,3,0.015000000000000003
N09_M07_F10_KA07_17,KA07,artificial,outer_race,N09_M07_F10,899.95,none,6203_PU_2905,12000.0,14000.0,8.6786,normal,0.988,-1.1962325010304369,0,-0.014,0.16,0.9673494808365357,3,0.015000000000000003
N09_M07_F10_KA07_18,KA07,artificial,outer_race,N09_M07_F10,899.83,none,6203_PU_2905,10666.7,13333.3,8.4262,normal,1.0,-1.6964113613776104,0,-0.013000000000000001,0.348,0.29542898634495635,3,0.015000000000000003
N09_M07_F10_KA07_19,KA07,artificial,outer_race,N09_M07_F10,899.63,none,6203_PU_2905,10000.0,12000.0,7.2849,normal,1.0,-1.774928809528362,0,-0.0010000000000000009,0.33,0.6303930273330176,3,0.016000000000000004
N09_M07_F10_KA07_2,KA07,artificial,outer_race,N09_M07_F10,899.73,none,6203_PU_2905,12000.0,14000.0,7.8742,normal,1.0,-2.2706800905631246,0,-0.012,0.344,0.5272121517408576,3,0.016000000000000004
N09_M07_F10_KA07_20,KA07,artificial,outer_race,N09_M07_F10,899.68,none,6203_PU_2905,10666.7,13333.3,7.5757,normal,0.998,-2.085028179750068,0,-0.018000000000000002,0.226,1.3952827956916798,3,0.015000000000000003
N09_M07_F10_KA07_3,KA07,artificial,outer_race,N09_M07_F10,899.87,none,6203_PU_2905,10666.7,13333.3,7.4507,normal,0.996,-2.0895584373282494,0,-0.005000000000000001,0.392,0.22566471314869968,2,0.015000000000000003
N09_M07_F10_KA07_4,KA07,artificial,outer_race,N09_M07_F10,899.69,none,6203_PU_2905,10666.7,13333.3,7.2497,normal,0.99,-0.9659778930519595,0,-0.02,0.256,0.6586362240402234,3,0.016000000000000004
N09_M07_F10_KA07_5,KA07,artificial,outer_race,N09_M07_F10,899.93,none,6203_PU_2905,10666.7,13333.3,6.8333,normal,0.99,-1.870197562914819,0,-0.0019999999999999983,0.384,0.43621712788301437,3,0.016000000000000004
N09_M07_F10_KA07_6,KA07,artificial,outer_race,N09_M07_F10,899.88,none,6203_PU_2905,12000.0,14000.0,8.376,normal,0.884,-0.80130317946741,0,0.02,0.354,0.30462636769779305,4,0.016000000000000004
N09_M07_F10_KA07_7,KA07,artificial,outer_race,N09_M07_F10,899.56,none,6203_PU_2905,10666.7,13333.3,7.8338,normal,1.0,-2.151113727607138,0,0.0010000000000000009,0.512,-0.028960025373785253,3,0.016999999999999998
N09_M07_F10_KA07_8,KA07,artificial,outer_race,N09_M07_F10,899.75,none,6203_PU_2905,12000.0,14000.0,8.505,normal,1.0,-1.5822984016677903,0,0.009999999999999998,0.532,-0.054398325142643415,3,0.016000000000000004
N09_M07_F10_KA07_9,KA07,artificial,outer_race,N09_M07_F10,899.81,none,6203_PU_2905,10000.0,12000.0,6.9658,normal,0.99,-1.209959348410909,0,-0.0010000000000000009,0.486,0.07738306684599637,2,0.015000000000000003
N09_M07_F10_KA08_1,KA08,artificial,outer_race,N09_M07_F10,899.75,none,6203_PU_2905,10666.7,13333.3,6.7273,normal,1.0,-1.501296855853583,0,-0.018000000000000002,0.792,-0.7010585827071029,1,-0.002999999999999999
N09_M07_F10_KA08_10,KA08,artificial,outer_race,N09_M07_F10,899.55,none,6203_PU_2905,10666.7,13333.3,7.0629,normal,0.972,-1.6702330425285599,0,0.018,0.8,-0.7334175760474269,1,0.015000000000000003
N09_M07_F10_KA08_11,KA08,artificial,outer_race,N09_M07_F10,900.0,none,6203_PU_2905,10000.0,12000.0,9.738,normal,0.828,-0.536063454079512,0,0.02,0.272,0.7505195211023951,3,0.016999999999999998
N09_M07_F10_KA08_12,KA08,artificial,outer_race,N09_M07_F10,899.75,none,6203_PU_2905,10666.7,13333.3,6.7387,normal,0.692,-0.4500388541042619,0,0.019,0.32,0.343531361090604,1,0.014000000000000002
N09_M07_F10_KA08_13,KA08,artificial,outer_race,N09_M07_F10,899.95,none,6203_PU_2905,10666.7,13333.3,6.5349,normal,0.296,0.3103353373046141,0,0.016999999999999998,0.486,0.09025621773546935,3,0.016000000000000004
N09_M07_F10_KA08_14,KA08,artificial,outer_race,N09_M07_F10,899.83,none,6203_PU_2905,10000.0,11000.0,7.5073,normal,0.988,-1.2292447528261636,0,0.016999999999999998,0.526,-0.0672592181376863,2,0.016999999999999998
N09_M07_F10_KA08_15,KA08,artificial,outer_race,N09_M07_F10,899.84,none,6203_PU_2905,8000.0,12000.0,6.8166,normal,0.888,-1.0131343707056393,0,-0.0019999999999999983,0.516,-0.03248754733631745,3,0.016999999999999998
N09_M07_F10_KA08_16,KA08,artificial,outer_race,N09_M07_F10,899.66,none,6203_PU_2905,13333.3,14666.7,8.3116,normal,1.0,-1.9791837934479444,0,-0.013000000000000001,0.466,0.07502009588354812,3,0.016000000000000004
N09_M07_F10_KA08_17,KA08,artificial,outer_race,N09_M07_F10,899.64,none,6203_PU_2905,10666.7,13333.3,6.878,normal,0.962,-1.6154989449761243,0,0.02,0.4,0.18975572619820527,3,0.018
N09_M07_F10_KA08_18,KA08,artificial,outer_race,N09_M07_F10,899.89,none,6203_PU_2905,14000.0,15000.0,6.9676,normal,0.952,-1.4097410406404403,0,0.016999999999999998,0.322,0.6723459721454483,3,0.016999999999999998
N09_M07_F10_KA08_19,KA08,artificial,outer_race,N09_M07_F10,899.87,none,6203_PU_2905,10666.7,13333.3,7.0189,normal,0.928,-1.252610709429645,0,0.016999999999999998,0.656,-0.2911618470042456,3,0.016999999999999998
N09_M07_F10_KA08_2,KA08,artificial,outer_race,N09_M07_F10,899.75,none,6203_PU_2905,10666.7,13333.3,6.7268,normal,0.494,0.12574411207685715,0,-0.02,0.28,0.7907712732499665,3,0.016999999999999998
N09_M07_F10_KA08_20,KA08,artificial,outer_race,N09_M07_F10,899.75,none,6203_PU_2905,10666.7,13333.3,7.4707,normal,0.976,-1.4531466312734997,0,0.02,0.214,0.9296100676267415,1,0.014000000000000002
N09_M07_F10_KA08_3,KA08,artificial,outer_race,N09_M07_F10,899.65,none,6203_PU_2905,10666.7,13333.3,7.926,normal,1.0,-2.092476885707383,0,0.0,0.304,0.6034654490935046,3,0.016000000000000004
N09_M07_F10_KA08_4,KA08,artificial,outer_race,N09_M07_F10,899.79,none,6203_PU_2905,10666.7,13333.3,7.5734,normal,0.964,-2.3119471024451337,0,0.018,0.424,0.224326443354715,3,0.016999999999999998
N09_M07_F10_KA08_5,KA08,artificial,outer_race,N09_M07_F10,899.76,none,6203_PU_2905,10666.7,13333.3,8.2877,normal,0.806,-1.0888038033706262,0,0.018,0.414,0.30513087652475707,1,0.013000000000000001
N09_M07_F10_KA08_6,KA08,artificial,outer_race,N09_M07_F10,899.78,none,6203_PU_2905,12000.0,14000.0,8.8916,normal,0.99,-1.1143518611725494,0,0.018,0.458,0.2076948437184862,3,0.016000000000000004
N09_M07_F10_KA08_7,KA08,artificial,outer_race,N09_M07_F10,899.71,none,6203_PU_2905,13333.3,14666.7,10.3094,normal,0.906,-1.1767047199973493,0,0.018,0.564,-0.17515454472410785,3,0.016000000000000004
N09_M07_F10_KA08_8,KA08,artificial,outer_race,N09_M07_F10,899.77,none,6203_PU_2905,8000.0,12000.0,6.3747,normal,0.93,-1.4213059496899743,0,0.016999999999999998,0.52,-0.03226780421878994,3,0.016999999999999998
N09_M07_F10_KA08_9,KA08,artificial,outer_race,N09_M07_F10,899.84,none,6203_PU_2905,12000.0,14000.0,8.3148,normal,0.874,-2.592263039271127,0,0.02,0.366,0.5221849816390841,2,0.018
N09_M07_F10_KA09_1,KA09,artificial,outer_race,N09_M07_F10,899.64,none,6203_PU_2905,10000.0,12000.0,7.2763,normal,0.998,-1.2828984305699254,0,-0.0010000000000000009,0.28,0.5982767346516215,2,0.015000000000000003
N09_M07_F10_KA09_10,KA09,artificial,outer_race,N09_M07_F10,900.15,none,6203_PU_2905,10666.7,13333.3,8.1022,normal,0.82,-1.1693337470356986,0,0.015000000000000003,0.228,0.8038875196720296,2,0.014000000000000002
N09_M07_F10_KA09_11,KA09,artificial,outer_race,N09_M07_F10,899.69,none,6203_PU_2905,10666.7,13333.3,7.3626,normal,0.998,-1.079778546465685,0,-0.02,0.25,1.0566622788963542,3,0.016000000000000004
N09_M07_F10_KA09_12,KA09,artificial,outer_race,N09_M07_F10,898.65,none,6203_PU_2905,12000.0,14000.0,6.2656,normal,0.964,-1.7732636753196678,0,0.0010000000000000009,0.282,0.8957080065758172,3,0.016999999999999998
N09_M07_F10_KA09_13,KA09,artificial,outer_race,N09_M07_F10,899.86,none,6203_PU_2905,8000.0,12000.0,6.4393,normal,0.958,-1.9390228167153165,0,-0.013000000000000001,0.186,0.9557278333110103,3,0.016000000000000004
N09_M07_F10_KA09_14,KA09,artificial,outer_race,N09_M07_F10,899.63,none,6203_PU_2905,10666.7,13333.3,7.6018,normal,1.0,-2.05272006793316,0,-0.006999999999999999,0.442,0.5623059035607242,2,0.015000000000000003
N09_M07_F10_KA09_15,KA09,artificial,outer_race,N09_M07_F10,899.65,none,6203_PU_2905,10666.7,13333.3,7.0464,normal,0.96,-1.2898222997877595,0,0.016999999999999998,0.242,1.3578825294132655,2,0.015000000000000003
N09_M07_F10_KA09_16,KA09,artificial,outer_race,N09_M07_F10,899.81,none,6203_PU_2905,10666.7,13333.3,7.486,normal,0.998,-2.023583125105739,0,0.018,0.14,1.4274170981856789,2,0.015000000000000003
N09_M07_F10_KA09_17,KA09,artificial,outer_race,N09_M07_F10,899.85,none,6203_PU_2905,12000.0,14000.0,9.6494,normal,0.898,-1.659484472531939,0,-0.0010000000000000009,0.336,0.3642065998196451,3,0.016999999999999998
N09_M07_F10_KA09_18,KA09,artificial,outer_race,N09_M07_F10,899.67,none,6203_PU_2905,10666.7,13333.3,7.4356,normal,0.478,0.17566339699923011,0,0.02,0.186,0.8085304133414628,2,0.015000000000000003
N09_M07_F10_KA09_19,KA09,artificial,outer_race,N09_M07_F10,899.9,none,6203_PU_2905,10666.7,13333.3,7.8634,normal,1.0,-1.5528108401669756,0,0.019,0.278,0.498303309771154,3,0.016000000000000004
N09_M07_F10_KA09_2,KA09,artificial,outer_race,N09_M07_F10,899.95,none,6203_PU_2905,13333.3,14666.7,7.2818,normal,0.822,-0.8433839794788657,0,-0.011,0.48,0.024216287173304037,3,0.016000000000000004
N09_M07_F10_KA09_20,KA09,artificial,outer_race,N09_M07_F10,899.27,none,6203_PU_2905,10666.7,13333.3,7.6393,normal,0.572,-0.26987589790047906,0,0.018,0.404,0.2409228528467451,3,0.016999999999999998
N09_M07_F10_KA09_3,KA09,artificial,outer_race,N09_M07_F10,899.35,none,6203_PU_2905,12000.0,14000.0,8.2811,normal,0.99,-1.0833101684776851,0,-0.017,0.202,0.7344806881125047,3,0.016999999999999998
N09_M07_F10_KA09_4,KA09,artificial,outer_race,N09_M07_F10,899.92,none,6203_PU_2905,10666.7,13333.3,7.2215,normal,0.772,-0.7853627620110184,0,-0.02,0.408,0.452557810837263,2,0.014000000000000002
N09_M07_F10_KA09_5,KA09,artificial,outer_race,N09_M07_F10,900.16,none,6203_PU_2905,10000.0,12000.0,7.3326,normal,0.786,-0.7480630862681416,0,-0.005000000000000001,0.384,0.5014809923662489,3,0.016000000000000004
N09_M07_F10_KA09_6,KA09,artificial,outer_race,N09_M07_F10,899.67,none,6203_PU_2905,10666.7,13333.3,7.3539,normal,0.868,-0.8125157249094722,0,0.0019999999999999983,0.126,1.4725726361160336,3,0.016000000000000004
N09_M07_F10_KA09_7,KA09,artificial,outer_race,N09_M07_F10,899.54,none,6203_PU_2905,10666.7,13333.3,7.3807,normal,0.996,-1.6053926075784906,0,0.02,0.34,0.24560593905290978,2,0.015000000000000003
N09_M07_F10_KA09_8,KA09,artificial,outer_race,N09_M07_F10,899.97,none,6203_PU_2905,10666.7,13333.3,7.2283,normal,0.718,-0.2926813551462493,0,-0.02,0.354,0.5486643386016447,2,0.015000000000000003
N09_M07_F10_KA09_9,KA09,artificial,outer_race,N09_M07_F10,899.5,none,6203_PU_2905,4000.0,5000.0,8.617,normal,0.916,-1.626857349640522,0,0.016999999999999998,0.32,0.5478669053719873,2,0.016000000000000004
N09_M07_F10_KA15_1,KA15,real,outer_race,N09_M07_F10,899.61,none,6203_PU_2855,10666.7,13333.3,8.1956,normal,0.2,3.318814511710452,0,-0.019,0.102,2.940129676773578,3,0.011
N09_M07_F10_KA15_10,KA15,real,outer_race,N09_M07_F10,899.5,none,6203_PU_2855,12000.0,14000.0,7.8896,normal,0.132,2.537712646900721,0,-0.019,0.184,2.2029609126496914,3,0.011
N09_M07_F10_KA15_11,KA15,real,outer_race,N09_M07_F10,899.83,none,6203_PU_2855,12000.0,13333.3,9.1841,normal,0.134,2.1740595834597976,1,-0.019,0.098,1.7412531648789118,6,0.009999999999999998
N09_M07_F10_KA15_12,KA15,real,outer_race,N09_M07_F10,899.67,none,6203_PU_2855,10666.7,13333.3,8.6092,normal,0.13,3.0689378238299,1,-0.019,0.14,2.3021348827724477,4,0.011
N09_M07_F10_KA15_13,KA15,real,outer_race,N09_M07_F10,899.8,none,6203_PU_2855,12000.0,14000.0,7.3223,normal,0.2,1.4474815440896758,0,-0.019,0.152,2.231024850516786,3,0.012
N09_M07_F10_KA15_14,KA15,real,outer_race,N09_M07_F10,899.82,none,6203_PU_2855,13333.3,14666.7,8.5925,normal,0.216,1.4333003735935694,0,-0.019,0.09,1.862675015904594,3,0.011
N09_M07_F10_KA15_15,KA15,real,outer_race,N09_M07_F10,899.61,none,6203_PU_2855,12000.0,14000.0,8.6646,normal,0.124,2.0055025088384033,2,-0.019,0.1,2.588174129671687,5,0.011
N09_M07_F10_KA15_16,KA15,real,outer_race,N09_M07_F10,899.86,none,6203_PU_2855,12000.0,14000.0,8.1974,normal,0.202,2.6620756343752445,0,-0.017,0.104,1.7510624982316283,3,0.012
N09_M07_F10_KA15_17,KA15,real,outer_race,N09_M07_F10,899.88,none,6203_PU_2855,10666.7,13333.3,8.1498,normal,0.196,2.183729034752793,0,-0.019,0.1,2.4175676869735345,3,0.009999999999999998
N09_M07_F10_KA15_18,KA15,real,outer_race,N09_M07_F10,899.78,none,6203_PU_2855,10666.7,13333.3,7.9272,normal,0.204,3.304927901359457,0,-0.019,0.096,1.8619132199191541,3,0.009999999999999998
N09_M07_F10_KA15_19,KA15,real,outer_race,N09_M07_F10,899.68,none,6203_PU_2855,12000.0,14000.0,8.6326,normal,0.448,0.25448950423848987,0,-0.009000000000000001,0.246,1.2081370360170007,3,0.011
N09_M07_F10_KA15_2,KA15,real,outer_race,N09_M07_F10,899.86,none,6203_PU_2855,13333.3,14666.7,8.0195,normal,0.196,2.312838919504678,0,-0.019,0.108,3.3733614606294333,4,0.011
N09_M07_F10_KA15_20,KA15,real,outer_race,N09_M07_F10,899.85,none,6203_PU_2855,10666.7,13333.3,8.0581,normal,0.19,2.273328424832014,0,-0.017,0.226,0.8159043034994669,3,0.009999999999999998
N09_M07_F10_KA15_3,KA15,real,outer_race,N09_M07_F10,899.72,none,6203_PU_2855,12000.0,14000.0,7.9662,normal,0.118,3.1034056753775743,0,-0.018000000000000002,0.126,2.0349468881539825,3,0.009999999999999998
N09_M07_F10_KA15_4,KA15,real,outer_race,N09_M07_F10,899.66,none,6203_PU_2855,12000.0,14000.0,8.3253,normal,0.124,4.7835925262508106,0,-0.019,0.134,1.2969042893203777,3,0.009999999999999998
N09_M07_F10_KA15_5,KA15,real,outer_race,N09_M07_F10,899.87,none,6203_PU_2855,13333.3,14666.7,8.2223,normal,0.176,3.12236892666842,0,-0.019,0.158,1.6642744629285804,3,0.009999999999999998
N09_M07_F10_KA15_6,KA15,real,outer_race,N09_M07_F10,899.86,none,6203_PU_2855,12000.0,14000.0,9.289,normal,0.15,1.4128234896694607,1,-0.016,0.092,1.9327506298714934,6,0.012
N09_M07_F10_KA15_7,KA15,real,outer_race,N09_M07_F10,900.02,none,6203_PU_2855,10666.7,13333.3,7.9343,normal,0.144,3.19650189473924,0,-0.018000000000000002,0.076,1.7126473855428335,3,0.009999999999999998
N09_M07_F10_KA15_8,KA15,real,outer_race,N09_M07_F10,899.73,none,6203_PU_2855,10666.7,13333.3,8.0265,normal,0.35,0.38886421130509674,0,-0.019,0.28,1.3246313670666678,3,0.012
N09_M07_F10_KA15_9,KA15,real,outer_race,N09_M07_F10,899.84,none,6203_PU_2855,10666.7,13333.3,8.6763,normal,0.128,1.1081270117891553,0,-0.018000000000000002,0.326,1.096354252181173,3,0.011
N09_M07_F10_KA16_1,KA16,real,outer_race,N09_M07_F10,899.68,none,6203_PU_2905,13333.3,14666.7,8.7047,normal,0.27,1.25599347239977,0,-0.02,0.116,1.0339247573767785,3,0.014000000000000002
N09_M07_F10_KA16_10,KA16,real,outer_race,N09_M07_F10,899.68,none,6203_PU_2905,12000.0,14000.0,6.9887,normal,0.59,-0.06942444469394932,0,-0.02,0.138,0.9806475931933007,3,0.014000000000000002
N09_M07_F10_KA16_11,KA16,real,outer_race,N09_M07_F10,899.3,none,6203_PU_2905,12000.0,14000.0,6.8609,normal,0.3,1.5675830768149723,0,-0.02,0.144,1.264860925178091,3,0.016000000000000004
N09_M07_F10_KA16_12,KA16,real,outer_race,N09_M07_F10,899.89,none,6203_PU_2905,12000.0,14000.0,7.1391,normal,0.336,0.536924694312935,0,-0.019,0.116,1.6441229170101528,3,0.014000000000000002
N09_M07_F10_KA16_13,KA16,real,outer_race,N09_M07_F10,899.78,none,6203_PU_2905,13333.3,14666.7,8.2072,normal,0.618,-0.11848839107300739,0,-0.019,0.094,1.4650748764977037,3,0.013000000000000001
N09_M07_F10_KA16_14,KA16,real,outer_race,N09_M07_F10,899.83,none,6203_PU_2905,12000.0,14000.0,7.3359,normal,0.412,0.057881094709941516,1,-0.02,0.052,2.2401864104054705,5,0.014000000000000002
N09_M07_F10_KA16_15,KA16,real,outer_race,N09_M07_F10,899.8,none,6203_PU_2905,12000.0,14000.0,7.2469,normal,0.298,0.39698597380278977,0,0.0010000000000000009,0.072,1.749470044118664,4,0.014000000000000002
N09_M07_F10_KA16_16,KA16,real,outer_race,N09_M07_F10,899.76,none,6203_PU_2905,12000.0,14000.0,7.7181,normal,0.386,0.21461312742788877,0,-0.02,0.142,1.6589802180407751,3,0.014000000000000002
N09_M07_F10_KA16_17,KA16,real,outer_race,N09_M07_F10,899.63,none,6203_PU_2905,12000.0,14000.0,7.7049,normal,0.494,0.10850325508283443,0,-0.02,0.116,1.4017240221541143,3,0.014000000000000002
N09_M07_F10_KA16_18,KA16,real,outer_race,N09_M07_F10,899.66,none,6203_PU_2905,12000.0,14000.0,8.032,normal,0.292,0.7038127138166054,0,-0.02,0.116,2.1202896471568753,4,0.013000000000000001
N09_M07_F10_KA16_19,KA16,real,outer_race,N09_M07_F10,899.53,none,6203_PU_2905,12000.0,14000.0,7.5026,normal,0.43,0.1435039781466511,0,-0.02,0.082,2.0445575247480767,3,0.014000000000000002
N09_M07_F10_KA16_2,KA16,real,outer_race,N09_M07_F10,899.85,none,6203_PU_2905,12000.0,14000.0,7.6825,normal,0.552,-0.2604842046463301,0,-0.02,0.186,1.7058855967512596,3,0.014000000000000002
N09_M07_F10_KA16_20,KA16,real,outer_race,N09_M07_F10,899.88,none,6203_PU_2905,13333.3,14666.7,7.0529,normal,0.45,0.29332826211929774,0,-0.02,0.154,1.0279276032545335,3,0.014000000000000002
N09_M07_F10_KA16_3,KA16,real,outer_race,N09_M07_F10,899.61,none,6203_PU_2905,14000.0,15000.0,7.5908,normal,0.398,0.18712096762168698,0,-0.019,0.168,1.9313860158628482,3,0.014000000000000002
N09_M07_F10_KA16_4,KA16,real,outer_race,N09_M07_F10,899.42,none,6203_PU_2905,12000.0,14000.0,7.0735,normal,0.856,-0.782060968545708,0,-0.02,0.118,1.1660733103751957,3,0.013000000000000001
N09_M07_F10_KA16_5,KA16,real,outer_race,N09_M07_F10,899.79,none,6203_PU_2905,12000.0,14000.0,7.0135,normal,0.244,1.4186048412405299,1,-0.013000000000000001,0.052,1.7048926662506776,5,0.014000000000000002
N09_M07_F10_KA16_6,KA16,real,outer_race,N09_M07_F10,899.99,none,6203_PU_2905,14000.0,15000.0,7.9308,normal,0.912,-0.984615354523285,0,-0.02,0.248,1.262189926843324,3,0.014000000000000002
N09_M07_F10_KA16_7,KA16,real,outer_race,N09_M07_F10,899.37,none,6203_PU_2905,12000.0,14000.0,7.2515,normal,0.748,-0.45814037528298934,1,-0.02,0.116,1.36262668865841,4,0.014000000000000002
N09_M07_F10_KA16_8,KA16,real,outer_race,N09_M07_F10,899.54,none,6203_PU_2905,12000.0,14000.0,7.4636,normal,0.422,0.17191424465329977,0,-0.02,0.118,1.530887063615938,4,0.013000000000000001
N09_M07_F10_KA16_9,KA16,real,outer_race,N09_M07_F10,899.86,none,6203_PU_2905,12000.0,14000.0,7.4305,normal,0.668,-0.5847450332138407,0,-0.02,0.116,1.749856906316454,3,0.014000000000000002
N09_M07_F10_KA22_1,KA22,real,outer_race,N09_M07_F10,899.49,none,6203_PU_2905,10666.7,13333.3,9.1728,normal,0.164,0.9298365131995847,2,-0.02,0.114,1.8107268397850487,8,0.014000000000000002
N09_M07_F10_KA22_10,KA22,real,outer_race,N09_M07_F10,899.8,none,6203_PU_2905,10666.7,13333.3,9.1729,normal,0.62,-0.29386689918252257,1,-0.02,0.054,1.660678486692891,5,0.014000000000000002
N09_M07_F10_KA22_11,KA22,real,outer_race,N09_M07_F10,899.76,none,6203_PU_2905,10666.7,13333.3,9.5636,normal,0.33,0.4995610020606111,0,-0.02,0.148,1.4439060643572827,3,0.015000000000000003
N09_M07_F10_KA22_12,KA22,real,outer_race,N09_M07_F10,899.64,none,6203_PU_2905,10666.7,13333.3,9.2967,normal,0.244,0.45957799614751954,0,-0.02,0.052,2.057080223495949,4,0.015000000000000003
N09_M07_F10_KA22_13,KA22,real,outer_race,N09_M07_F10,899.87,none,6203_PU_2905,10666.7,13333.3,9.5631,normal,0.296,0.8670909704669534,0,-0.02,0.216,1.2426294875513084,3,0.014000000000000002
N09_M07_F10_KA22_14,KA22,real,outer_race,N09_M07_F10,899.7,none,6203_PU_2905,10666.7,13333.3,8.8014,normal,0.642,-0.4458030940178231,0,-0.02,0.116,1.4343079302726347,3,0.015000000000000003
N09_M07_F10_KA22_15,KA22,real,outer_race,N09_M07_F10,899.74,none,6203_PU_2905,10000.0,12000.0,9.7664,normal,0.572,-0.1311081881739507,0,-0.004,0.234,1.65489179295994,3,0.015000000000000003
N09_M07_F10_KA22_16,KA22,real,outer_race,N09_M07_F10,899.99,none,6203_PU_2905,10666.7,13333.3,8.9899,normal,0.812,-0.5502091002937707,0,-0.015,0.118,1.646318453441758,3,0.014000000000000002
N09_M07_F10_KA22_17,KA22,real,outer_race,N09_M07_F10,899.79,none,6203_PU_2905,10666.7,13333.3,8.5974,normal,0.644,-0.4456138472437819,0,-0.019,0.218,0.946021619960582,4,0.015000000000000003
N09_M07_F10_KA22_18,KA22,real,outer_race,N09_M07_F10,899.56,none,6203_PU_2905,10666.7,13333.3,8.9367,normal,0.336,0.6309229799191463,0,-0.02,0.114,2.194216614344832,3,0.015000000000000003
N09_M07_F10_KA22_19,KA22,real,outer_race,N09_M07_F10,899.78,none,6203_PU_2905,12000.0,14000.0,9.1516,normal,0.516,-0.09972834249231197,0,-0.02,0.12,0.8369092675042629,3,0.014000000000000002
N09_M07_F10_KA22_2,KA22,real,outer_race,N09_M07_F10,899.81,none,6203_PU_2905,10666.7,13333.3,8.9543,normal,0.394,0.130964117273598,0,-0.014,0.154,1.9169135970196238,3,0.014000000000000002
N09_M07_F10_KA22_20,KA22,real,outer_race,N09_M07_F10,899.64,none,6203_PU_2905,12000.0,14000.0,8.8384,inner_race,0.234,0.7250707746743877,0,-0.02,0.016,2.2039665068851253,4,0.014000000000000002
N09_M07_F10_KA22_3,KA22,real,outer_race,N09_M07_F10,899.76,none,6203_PU_2905,12000.0,14000.0,8.4454,normal,0.254,1.034753149600082,0,-0.02,0.082,1.7553111383817948,4,0.013000000000000001
N09_M07_F10_KA22_4,KA22,real,outer_race,N09_M07_F10,899.6,none,6203_PU_2905,10666.7,13333.3,9.9162,normal,0.574,-0.18290471910567052,0,-0.02,0.212,0.8920190442398087,4,0.015000000000000003
N09_M07_F10_KA22_5,KA22,real,outer_race,N09_M07_F10,899.56,none,6203_PU_2905,10666.7,13333.3,9.1562,normal,0.904,-1.1645746262659509,0,-0.019,0.114,2.002654017160471,3,0.015000000000000003
N09_M07_F10_KA22_6,KA22,real,outer_race,N09_M07_F10,899.7,none,6203_PU_2905,12000.0,14000.0,9.0812,normal,0.348,0.42355654306480006,0,-0.013000000000000001,0.086,1.1434151934256165,3,0.013000000000000001
N09_M07_F10_KA22_7,KA22,real,outer_race,N09_M07_F10,898.96,none,6203_PU_2905,10666.7,12000.0,8.6631,normal,0.63,-0.4402886287204229,0,-0.018000000000000002,0.19,1.4109407495386543,3,0.014000000000000002
N09_M07_F10_KA22_8,KA22,real,outer_race,N09_M07_F10,899.44,none,6203_PU_2905,10666.7,13333.3,8.6736,normal,0.954,-1.3911446794362259,0,-0.02,0.186,1.5162571672517127,3,0.015000000000000003
N09_M07_F10_KA22_9,KA22,real,outer_race,N09_M07_F10,900.07,none,6203_PU_2905,10666.7,13333.3,8.7349,normal,0.23,0.7788558481330067,0,-0.02,0.12,1.3705247797504878,3,0.014000000000000002
N09_M07_F10_KA30_1,KA30,real,outer_race,N09_M07_F10,899.82,none,6203_PU_2905,10666.7,13333.3,6.2663,normal,0.992,-1.446301239782158,0,-0.011,0.416,0.29625927970505694,3,0.015000000000000003
N09_M07_F10_KA30_10,KA30,real,outer_race,N09_M07_F10,899.84,none,6203_PU_2905,10666.7,13333.3,7.972,normal,0.842,-0.9966508832466734,0,-0.017,0.21,1.031764468692801,3,0.015000000000000003
N09_M07_F10_KA30_11,KA30,real,outer_race,N09_M07_F10,899.7,none,6203_PU_2905,10666.7,13333.3,11.7096,normal,0.902,-1.1744628923182496,0,-0.006999999999999999,0.408,0.2938486010444598,3,0.015000000000000003
N09_M07_F10_KA30_12,KA30,real,outer_race,N09_M07_F10,899.74,none,6203_PU_2905,12000.0,14000.0,11.8088,normal,1.0,-1.208749436211723,0,-0.006,0.466,0.2364821499412301,3,0.015000000000000003
N09_M07_F10_KA30_13,KA30,real,outer_race,N09_M07_F10,899.48,none,6203_PU_2905,10000.0,12000.0,9.8171,normal,1.0,-3.2741578526216513,0,-0.011,0.294,0.5188232880920128,3,0.016000000000000004
N09_M07_F10_KA30_14,KA30,real,outer_race,N09_M07_F10,899.77,none,6203_PU_2905,10666.7,13333.3,12.189,normal,0.812,-1.5488618838851516,0,0.0,0.376,0.2593827912655898,3,0.016000000000000004
N09_M07_F10_KA30_15,KA30,real,outer_race,N09_M07_F10,899.67,none,6203_PU_2905,13333.3,14666.7,9.8069,normal,0.906,-1.0992338014636183,0,-0.018000000000000002,0.304,0.4368510236839414,3,0.015000000000000003
N09_M07_F10_KA30_16,KA30,real,outer_race,N09_M07_F10,899.87,none,6203_PU_2905,8000.0,12000.0,8.8734,normal,1.0,-1.983825231494502,0,-0.0010000000000000009,0.38,0.6552612762839569,3,0.015000000000000003
N09_M07_F10_KA30_17,KA30,real,outer_race,N09_M07_F10,899.74,none,6203_PU_2905,10666.7,13333.3,12.7267,normal,0.962,-0.9975363855723421,0,-0.005000000000000001,0.682,-0.6152396042719752,3,0.015000000000000003
N09_M07_F10_KA30_18,KA30,real,outer_race,N09_M07_F10,899.89,none,6203_PU_2905,10666.7,13333.3,11.0319,normal,0.866,-1.2184829997444886,0,0.016999999999999998,0.362,0.4259038692165678,3,0.015000000000000003
N09_M07_F10_KA30_19,KA30,real,outer_race,N09_M07_F10,899.65,none,6203_PU_2905,10666.7,13333.3,12.4536,normal,1.0,-2.2148495734136717,0,-0.0019999999999999983,0.402,0.29128366058870614,3,0.015000000000000003
N09_M07_F10_KA30_2,KA30,real,outer_race,N09_M07_F10,899.58,none,6203_PU_2905,10666.7,13333.3,2.2454,normal,0.84,-0.6525029756073591,0,-0.0019999999999999983,0.492,0.03826735127177258,1,0.016000000000000004
N09_M07_F10_KA30_20,KA30,real,outer_race,N09_M07_F10,899.72,none,6203_PU_2905,10666.7,13333.3,9.7199,normal,0.936,-1.0978357980872682,0,-0.02,0.284,0.5414354751906801,3,0.016000000000000004
N09_M07_F10_KA30_3,KA30,real,outer_race,N09_M07_F10,899.64,none,6203_PU_2905,10666.7,13333.3,11.2864,normal,0.976,-1.6942586686387837,0,0.018,0.218,1.0370631552199516,3,0.015000000000000003
N09_M07_F10_KA30_4,KA30,real,outer_race,N09_M07_F10,899.88,none,6203_PU_2905,12000.0,14000.0,9.1933,normal,1.0,-1.9700093845663913,0,-0.008,0.414,0.24180717534961832,3,0.016000000000000004
N09_M07_F10_KA30_5,KA30,real,outer_race,N09_M07_F10,899.84,none,6203_PU_2905,10000.0,11000.0,3.647,normal,0.782,-0.8568819921957619,0,-0.005000000000000001,0.792,-0.9239151067969588,1,0.018
N09_M07_F10_KA30_6,KA30,real,outer_race,N09_M07_F10,899.96,none,6203_PU_2905,12000.0,14000.0,11.5681,normal,0.996,-1.8834815378794358,0,-0.009000000000000001,0.252,0.9518339177754018,3,0.015000000000000003
N09_M07_F10_KA30_7,KA30,real,outer_race,N09_M07_F10,899.67,none,6203_PU_2905,12000.0,14000.0,11.1421,normal,0.988,-1.3386714830988324,0,0.019,0.244,0.6431851789333689,3,0.016999999999999998
N09_M07_F10_KA30_8,KA30,real,outer_race,N09_M07_F10,899.84,none,6203_PU_2905,10666.7,13333.3,5.0346,normal,0.78,-0.9267922651355742,0,-0.02,0.264,0.8497018291587681,3,0.015000000000000003
N09_M07_F10_KA30_9,KA30,real,outer_race,N09_M07_F10,899.73,none,6203_PU_2905,13333.3,14666.7,2.7383,normal,0.73,-0.37088564222995,0,-0.01,0.388,0.27249794489001866,1,0.016000000000000004
N09_M07_F10_KI01_1,KI01,artificial,inner_race,N09_M07_F10,899.72,none,6203_PU_2905,9333.3,10666.7,23.1984,inner_race,0.794,-0.8603490644863965,0,-0.012,0.002,3.4794777480299097,23,-0.0010000000000000009
N09_M07_F10_KI01_10,KI01,artificial,inner_race,N09_M07_F10,899.76,none,6203_PU_2905,9333.3,10666.7,24.7833,inner_race,0.616,-0.3656052038048143,1,-0.019,0.002,2.6693240985962916,25,-0.0010000000000000009
N09_M07_F10_KI01_11,KI01,artificial,inner_race,N09_M07_F10,899.72,none,6203_PU_2905,9333.3,10666.7,29.4182,inner_race,0.058,1.4885701263503215,0,-0.019,0.002,3.739988147829824,25,-0.0010000000000000009
N09_M07_F10_KI01_12,KI01,artificial,inner_race,N09_M07_F10,899.68,none,6203_PU_2905,9333.3,10666.7,24.8962,inner_race,0.554,-0.05735451645482498,1,-0.019,0.002,3.447234130281641,25,-0.0010000000000000009
N09_M07_F10_KI01_13,KI01,artificial,inner_race,N09_M07_F10,899.74,none,6203_PU_2905,9333.3,10666.7,29.1413,inner_race,0.274,0.37751471364862493,1,-0.019,0.002,2.855140418986489,22,-0.0010000000000000009
N09_M07_F10_KI01_14,KI01,artificial,inner_race,N09_M07_F10,899.74,none,6203_PU_2905,9333.3,10666.7,32.1954,inner_race,0.06,1.9960566072085977,0,-0.019,0.002,2.506205033915805,24,-0.0010000000000000009
N09_M07_F10_KI01_15,KI01,artificial,inner_race,N09_M07_F10,899.77,none,6203_PU_2905,9333.3,10666.7,30.8894,inner_race,0.052,2.447904933512843,1,-0.019,0.002,2.7949939381382842,25,-0.0010000000000000009
N09_M07_F10_KI01_16,KI01,artificial,inner_race,N09_M07_F10,899.74,none,6203_PU_2905,9333.3,10666.7,29.3065,inner_race,0.048,2.011255800367189,1,-0.019,0.002,2.7884158532888543,25,-0.0010000000000000009
N09_M07_F10_KI01_17,KI01,artificial,inner_race,N09_M07_F10,899.73,none,6203_PU_2905,9333.3,10666.7,27.0036,inner_race,0.05,1.5444290637444644,1,-0.019,0.002,2.900705101685283,25,-0.0010000000000000009
N09_M07_F10_KI01_18,KI01,artificial,inner_race,N09_M07_F10,899.82,none,6203_PU_2905,9333.3,10666.7,29.6478,inner_race,0.606,-0.27882047137697347,1,-0.02,0.002,3.109875509939391,25,-0.0010000000000000009
N09_M07_F10_KI01_19,KI01,artificial,inner_race,N09_M07_F10,899.77,none,6203_PU_2905,9333.3,10666.7,23.3281,inner_race,0.966,-2.511360775157113,1,-0.02,0.002,3.695168514340441,24,-0.0010000000000000009
N09_M07_F10_KI01_2,KI01,artificial,inner_race,N09_M07_F10,899.72,none,6203_PU_2905,9333.3,10666.7,27.1461,inner_race,0.75,-0.6817273743962909,0,-0.019,0.002,3.3471878005645337,23,-0.0010000000000000009
N09_M07_F10_KI01_20,KI01,artificial,inner_race,N09_M07_F10,899.78,none,6203_PU_2905,9333.3,10666.7,28.0111,inner_race,0.046,2.14224461017518,1,-0.019,0.002,3.76657731211217,24,-0.0010000000000000009
N09_M07_F10_KI01_3,KI01,artificial,inner_race,N09_M07_F10,899.73,none,6203_PU_2905,9333.3,10666.7,19.8129,inner_race,0.938,-1.1346718521388222,1,-0.019,0.002,4.072458094403863,24,-0.0010000000000000009
N09_M07_F10_KI01_4,KI01,artificial,inner_race,N09_M07_F10,899.72,none,6203_PU_2905,9333.3,10666.7,28.4838,inner_race,0.656,-0.4306551445977813,0,-0.019,0.002,3.9447000315889262,21,-0.0010000000000000009
N09_M07_F10_KI01_5,KI01,artificial,inner_race,N09_M07_F10,899.74,none,6203_PU_2905,9333.3,10666.7,28.2289,inner_race,0.218,0.5946664012243993,1,-0.019,0.002,2.7041286730960925,22,-0.0010000000000000009
N09_M07_F10_KI01_6,KI01,artificial,inner_race,N09_M07_F10,899.8,none,6203_PU_2905,9333.3,10666.7,24.2517,inner_race,0.926,-1.0511460583291572,0,-0.012,0.002,3.1602688139991075,24,-0.0010000000000000009
N09_M07_F10_KI01_7,KI01,artificial,inner_race,N09_M07_F10,899.69,none,6203_PU_2905,9333.3,10666.7,24.4049,inner_race,0.904,-0.6252882069393697,1,-0.012,0.002,3.755174301021585,23,-0.0010000000000000009
N09_M07_F10_KI01_8,KI01,artificial,inner_race,N09_M07_F10,899.74,none,6203_PU_2905,9333.3,10666.7,28.7478,inner_race,0.186,0.7500564188544151,1,-0.019,0.01,3.2115291970722852,25,-0.0010000000000000009
N09_M07_F10_KI01_9,KI01,artificial,inner_race,N09_M07_F10,899.75,none,6203_PU_2905,9333.3,10666.7,28.4053,inner_race,0.816,-1.185842191524494,1,-0.02,0.002,3.084447273539448,25,-0.0010000000000000009
N09_M07_F10_KI03_1,KI03,artificial,inner_race,N09_M07_F10,899.95,none,6203_PU_2905,13000.0,14000.0,8.1199,normal,0.286,0.6161123981655714,0,-0.019,0.196,1.8623955623941466,3,0.014000000000000002
N09_M07_F10_KI03_10,KI03,artificial,inner_race,N09_M07_F10,899.86,none,6203_PU_2905,13333.3,14666.7,7.2196,normal,0.416,0.13394411644832158,0,-0.02,0.114,1.7643723574866295,3,0.014000000000000002
N09_M07_F10_KI03_11,KI03,artificial,inner_race,N09_M07_F10,899.71,none,6203_PU_2905,13333.3,14666.7,7.4261,normal,0.576,-0.07490084301656899,0,-0.02,0.116,1.4790810299324064,3,0.014000000000000002
N09_M07_F10_KI03_12,KI03,artificial,inner_race,N09_M07_F10,899.73,none,6203_PU_2905,13000.0,14000.0,7.081,normal,0.898,-0.9751046671153756,0,-0.019,0.094,1.1923287764791195,3,0.015000000000000003
N09_M07_F10_KI03_13,KI03,artificial,inner_race,N09_M07_F10,899.81,none,6203_PU_2905,12000.0,14000.0,6.9591,normal,0.338,0.4722608304512816,1,-0.019,0.054,1.3450788389070598,4,0.014000000000000002
N09_M07_F10_KI03_14,KI03,artificial,inner_race,N09_M07_F10,899.67,none,6203_PU_2905,12000.0,14000.0,7.1599,normal,0.312,0.598421364205288,0,-0.02,0.116,1.1473165464986586,3,0.014000000000000002
N09_M07_F10_KI03_15,KI03,artificial,inner_race,N09_M07_F10,899.9,none,6203_PU_2905,12000.0,14000.0,7.7548,normal,0.422,0.222594268645177,0,-0.013000000000000001,0.078,1.4033387795829397,4,0.015000000000000003
N09_M07_F10_KI03_16,KI03,artificial,inner_race,N09_M07_F10,899.91,none,6203_PU_2905,12000.0,14000.0,7.5314,normal,0.286,0.9195474044774796,0,-0.02,0.116,1.399741758769197,3,0.015000000000000003
N09_M07_F10_KI03_17,KI03,artificial,inner_race,N09_M07_F10,899.47,none,6203_PU_2905,14000.0,15000.0,7.4614,normal,0.51,-0.007970728057733675,0,-0.02,0.122,1.9392712975506738,3,0.014000000000000002
N09_M07_F10_KI03_18,KI03,artificial,inner_race,N09_M07_F10,899.71,none,6203_PU_2905,12000.0,14000.0,7.1242,normal,0.23,0.48569042865890566,0,-0.02,0.106,1.5921603607185386,3,0.015000000000000003
N09_M07_F10_KI03_19,KI03,artificial,inner_race,N09_M07_F10,899.64,none,6203_PU_2905,12000.0,14000.0,7.6499,normal,0.474,0.1075406282382497,0,-0.02,0.062,1.3901811793240773,4,0.015000000000000003
N09_M07_F10_KI03_2,KI03,artificial,inner_race,N09_M07_F10,899.79,none,6203_PU_2905,12000.0,14000.0,7.63,normal,0.458,0.1933115413826444,0,-0.02,0.062,1.457646442240954,3,0.014000000000000002
N09_M07_F10_KI03_20,KI03,artificial,inner_race,N09_M07_F10,899.74,none,6203_PU_2905,12000.0,14000.0,7.3274,normal,0.368,0.3871728434325854,0,-0.02,0.236,0.9011659335523681,3,0.013000000000000001
N09_M07_F10_KI03_3,KI03,artificial,inner_race,N09_M07_F10,899.71,none,6203_PU_2905,13333.3,14666.7,7.0429,normal,0.512,-0.11343298732710883,0,-0.02,0.054,1.701160761965142,3,0.014000000000000002
N09_M07_F10_KI03_4,KI03,artificial,inner_race,N09_M07_F10,899.6,none,6203_PU_2905,12000.0,14000.0,6.9823,normal,0.696,-0.4467841020167821,0,-0.02,0.122,1.6024066768768304,3,0.015000000000000003
N09_M07_F10_KI03_5,KI03,artificial,inner_race,N09_M07_F10,899.63,none,6203_PU_2905,12000.0,14000.0,8.3087,normal,0.704,-0.4809216921556649,0,-0.02,0.116,1.3329279955671687,3,0.015000000000000003
N09_M07_F10_KI03_6,KI03,artificial,inner_race,N09_M07_F10,899.65,none,6203_PU_2905,12000.0,14000.0,7.0155,normal,0.42,0.08798344411010342,0,-0.02,0.118,2.1887025340579065,3,0.015000000000000003
N09_M07_F10_KI03_7,KI03,artificial,inner_race,N09_M07_F10,899.84,none,6203_PU_2905,12000.0,14000.0,6.5771,normal,0.634,-0.2687455097180145,0,0.004,0.074,1.052126215964648,3,0.014000000000000002
N09_M07_F10_KI03_8,KI03,artificial,inner_race,N09_M07_F10,899.82,none,6203_PU_2905,12000.0,14000.0,7.5043,normal,0.39,0.4373260073947789,0,-0.019,0.24,1.1707153610050223,3,0.015000000000000003
N09_M07_F10_KI03_9,KI03,artificial,inner_race,N09_M07_F10,899.8,none,6203_PU_2905,12000.0,14000.0,7.1781,normal,0.892,-1.0403117910206712,0,-0.014,0.17,1.3807506874652524,3,0.014000000000000002
N09_M07_F10_KI04_1,KI04,real,inner_race,N09_M07_F10,899.74,none,6203_PU_2905,10666.7,13333.3,5.1784,normal,0.996,-1.246227666603113,0,0.002999999999999999,0.136,1.5930176012416992,3,0.015000000000000003
N09_M07_F10_KI04_10,KI04,real,inner_race,N09_M07_F10,899.77,none,6203_PU_2905,12000.0,14000.0,5.6967,normal,1.0,-1.1447702007368308,0,0.019,0.214,1.1779154713509155,3,0.014000000000000002
N09_M07_F10_KI04_11,KI04,real,inner_race,N09_M07_F10,899.67,none,6203_PU_2905,10666.7,13333.3,4.8755,normal,0.97,-1.7896317609391736,0,-0.019,0.148,1.460353422657366,2,0.015000000000000003
N09_M07_F10_KI04_12,KI04,real,inner_race,N09_M07_F10,899.73,none,6203_PU_2905,10666.7,12000.0,5.2349,normal,0.98,-1.2296446478927305,0,0.016000000000000004,0.038,2.192207250185001,2,0.014000000000000002
N09_M07_F10_KI04_13,KI04,real,inner_race,N09_M07_F10,899.62,none,6203_PU_2905,10666.7,13333.3,5.2421,normal,0.906,-1.22656743093559,0,0.016999999999999998,0.112,1.165939926153559,3,0.014000000000000002
N09_M07_F10_KI04_14,KI04,real,inner_race,N09_M07_F10,899.72,none,6203_PU_2905,10666.7,13333.3,5.6502,normal,0.986,-1.7309383436579158,0,0.006000000000000002,0.088,0.9560787363945833,3,0.014000000000000002
N09_M07_F10_KI04_15,KI04,real,inner_race,N09_M07_F10,899.94,none,6203_PU_2905,12000.0,14000.0,5.8686,normal,1.0,-2.1438881476692213,0,0.013000000000000001,0.162,0.8189521322150528,3,0.014000000000000002
N09_M07_F10_KI04_16,KI04,real,inner_race,N09_M07_F10,899.77,none,6203_PU_2905,12000.0,14000.0,5.195,normal,0.958,-0.8967579366335516,0,-0.013000000000000001,0.192,1.0535064982910791,0,-0.019
N09_M07_F10_KI04_17,KI04,real,inner_race,N09_M07_F10,899.78,none,6203_PU_2905,10666.7,13333.3,5.5265,normal,1.0,-2.869043128187817,0,-0.002999999999999999,0.236,0.6067257560172921,3,0.015000000000000003
N09_M07_F10_KI04_18,KI04,real,inner_race,N09_M07_F10,899.93,none,6203_PU_2905,10666.7,13333.3,4.8931,normal,0.986,-1.1567626606947399,0,-0.018000000000000002,0.118,0.9776357082260978,2,0.015000000000000003
N09_M07_F10_KI04_19,KI04,real,inner_race,N09_M07_F10,899.55,none,6203_PU_2905,10666.7,13333.3,5.9173,normal,1.0,-2.1648922600200513,0,-0.0019999999999999983,0.106,0.9952988607365099,2,0.015000000000000003
N09_M07_F10_KI04_2,KI04,real,inner_race,N09_M07_F10,899.51,none,6203_PU_2905,13333.3,14666.7,5.7454,normal,1.0,-2.0784091549873005,0,-0.0019999999999999983,0.292,0.7069828191590551,3,0.015000000000000003
N09_M07_F10_KI04_20,KI04,real,inner_race,N09_M07_F10,899.62,none,6203_PU_2905,10000.0,12000.0,7.0918,normal,1.0,-1.6915420028617307,0,-0.017,0.2,0.8295638072553082,2,0.014000000000000002
N09_M07_F10_KI04_3,KI04,real,inner_race,N09_M07_F10,899.85,none,6203_PU_2905,10666.7,13333.3,5.0604,normal,1.0,-2.372639376806538,0,0.008,0.224,0.8235045853441688,3,0.015000000000000003
N09_M07_F10_KI04_4,KI04,real,inner_race,N09_M07_F10,899.81,none,6203_PU_2905,13333.3,14666.7,6.1029,normal,1.0,-2.6770122281311926,0,-0.011,0.128,0.7846920211913454,3,0.014000000000000002
N09_M07_F10_KI04_5,KI04,real,inner_race,N09_M07_F10,899.63,none,6203_PU_2905,11000.0,12000.0,5.1368,normal,0.986,-1.1655515443120796,0,-0.006999999999999999,0.286,0.6091408294731359,2,0.015000000000000003
N09_M07_F10_KI04_6,KI04,real,inner_race,N09_M07_F10,899.8,none,6203_PU_2905,10666.7,13333.3,4.8798,normal,0.976,-1.1776023044426005,0,-0.019,0.508,-0.026150303335237407,4,0.014000000000000002
N09_M07_F10_KI04_7,KI04,real,inner_race,N09_M07_F10,899.98,none,6203_PU_2905,10666.7,13333.3,6.8366,normal,1.0,-1.5300421943155247,0,-0.011,0.214,1.0628437793779464,3,0.015000000000000003
N09_M07_F10_KI04_8,KI04,real,inner_race,N09_M07_F10,899.65,none,6203_PU_2905,12000.0,14000.0,5.1001,normal,1.0,-1.4381083203098581,0,-0.02,0.05,1.568647460873222,3,0.015000000000000003
N09_M07_F10_KI04_9,KI04,real,inner_race,N09_M07_F10,899.45,none,6203_PU_2905,10666.7,13333.3,5.5591,normal,1.0,-2.0257905532683815,0,-0.019,0.212,1.0455628717341154,4,0.015000000000000003
N09_M07_F10_KI05_1,KI05,artificial,inner_race,N09_M07_F10,899.54,none,6203_PU_2905,12000.0,14000.0,18.4949,normal,1.0,-2.439569021317785,0,-0.02,0.308,0.7217762449107369,3,0.016999999999999998
N09_M07_F10_KI05_10,KI05,artificial,inner_race,N09_M07_F10,899.7,none,6203_PU_2905,8000.0,10666.7,12.5195,normal,0.896,-0.8888895532384458,0,-0.02,0.328,0.4504755325365615,3,0.016000000000000004
N09_M07_F10_KI05_11,KI05,artificial,inner_race,N09_M07_F10,899.78,none,6203_PU_2905,13333.3,14666.7,10.7661,normal,0.718,-0.4199603478438363,0,-0.02,0.268,0.6765268238666303,3,0.015000000000000003
N09_M07_F10_KI05_12,KI05,artificial,inner_race,N09_M07_F10,899.95,none,6203_PU_2905,10666.7,13333.3,10.5197,normal,1.0,-2.187541283725082,0,-0.018000000000000002,0.698,-0.4146050822385867,3,0.015000000000000003
N09_M07_F10_KI05_13,KI05,artificial,inner_race,N09_M07_F10,900.35,none,6203_PU_2905,8000.0,12000.0,9.6552,normal,1.0,-1.9543081889644047,0,0.018,0.41,0.26345786772119695,3,0.015000000000000003
N09_M07_F10_KI05_14,KI05,artificial,inner_race,N09_M07_F10,900.22,none,6203_PU_2905,10666.7,13333.3,12.3141,normal,1.0,-1.8942107965874004,0,-0.01,0.492,0.048975139741443255,3,0.015000000000000003
N09_M07_F10_KI05_15,KI05,artificial,inner_race,N09_M07_F10,899.78,none,6203_PU_2905,8000.0,12000.0,13.0068,normal,0.884,-1.1930485064089131,0,-0.019,0.442,0.19649253812793388,3,0.015000000000000003
N09_M07_F10_KI05_16,KI05,artificial,inner_race,N09_M07_F10,899.52,none,6203_PU_2905,12000.0,14000.0,13.3038,normal,0.902,-1.1906162431016327,0,-0.02,0.346,0.44823482809323717,3,0.016000000000000004
N09_M07_F10_KI05_17,KI05,artificial,inner_race,N09_M07_F10,899.67,none,6203_PU_2905,8000.0,12000.0,12.0541,normal,0.664,-0.39565970333310396,0,-0.02,0.288,1.0727861465869977,3,0.016000000000000004
N09_M07_F10_KI05_18,KI05,artificial,inner_race,N09_M07_F10,899.55,none,6203_PU_2905,10666.7,13333.3,11.0181,normal,1.0,-3.05316087872194,0,0.009000000000000001,0.518,-0.04287246849291936,1,0.014000000000000002
N09_M07_F10_KI05_19,KI05,artificial,inner_race,N09_M07_F10,899.73,none,6203_PU_2905,12000.0,14000.0,12.1733,normal,0.992,-2.5352412401062474,0,-0.006999999999999999,0.72,-0.4136177793742074,3,0.015000000000000003
N09_M07_F10_KI05_2,KI05,artificial,inner_race,N09_M07_F10,899.83,none,6203_PU_2905,10666.7,12000.0,13.1767,normal,0.792,-0.6016359781729061,0,-0.02,0.256,0.4536066846181354,3,0.015000000000000003
N09_M07_F10_KI05_20,KI05,artificial,inner_race,N09_M07_F10,899.84,none,6203_PU_2905,10000.0,12000.0,12.2916,normal,0.932,-0.9415788552659172,0,-0.019,0.032,1.1635898234987458,3,0.015000000000000003
N09_M07_F10_KI05_3,KI05,artificial,inner_race,N09_M07_F10,899.37,none,6203_PU_2905,10666.7,13333.3,12.026,normal,0.982,-1.3024950750651647,0,-0.006999999999999999,0.324,0.6556378921880679,3,0.016000000000000004
N09_M07_F10_KI05_4,KI05,artificial,inner_race,N09_M07_F10,899.66,none,6203_PU_2905,13333.3,14666.7,12.5923,normal,1.0,-1.6125227839904188,0,-0.014,0.32,0.6889124662131327,3,0.015000000000000003
N09_M07_F10_KI05_5,KI05,artificial,inner_race,N09_M07_F10,900.37,none,6203_PU_2905,8000.0,12000.0,10.204,normal,0.974,-1.3197205979683495,0,-0.005000000000000001,0.288,0.4617336151461988,3,0.014000000000000002
N09_M07_F10_KI05_6,KI05,artificial,inner_race,N09_M07_F10,900.27,none,6203_PU_2905,8000.0,12000.0,10.9593,normal,1.0,-1.33579327546986,0,-0.02,0.284,0.536818617084489,3,0.015000000000000003
N09_M07_F10_KI05_7,KI05,artificial,inner_race,N09_M07_F10,899.68,none,6203_PU_2905,8000.0,12000.0,10.2266,normal,0.766,-0.5386675261438121,0,-0.017,0.584,-0.10577593251474597,3,0.016000000000000004
N09_M07_F10_KI05_8,KI05,artificial,inner_race,N09_M07_F10,899.73,none,6203_PU_2905,8000.0,9333.3,11.9082,normal,0.954,-1.9112003650941354,0,-0.02,0.208,0.9696002567744615,3,0.015000000000000003
N09_M07_F10_KI05_9,KI05,artificial,inner_race,N09_M07_F10,899.8,none,6203_PU_2905,10666.7,13333.3,11.2232,normal,1.0,-2.0403333961465444,0,-0.016,0.332,0.39995210947607823,3,0.015000000000000003
N09_M07_F10_KI07_1,KI07,artificial,inner_race,N09_M07_F10,899.75,none,6203_PU_2905,10666.7,13333.3,10.1705,normal,0.976,-1.5181198603798238,0,-0.02,0.058,0.9051267699404877,3,0.015000000000000003
N09_M07_F10_KI07_10,KI07,artificial,inner_race,N09_M07_F10,899.88,none,6203_PU_2905,12000.0,13333.3,11.7155,normal,0.99,-1.3423885475409343,0,0.016999999999999998,0.238,1.0073664511742062,3,0.015000000000000003
N09_M07_F10_KI07_11,KI07,artificial,inner_race,N09_M07_F10,899.61,none,6203_PU_2905,10666.7,13333.3,12.8336,normal,0.97,-4.045105193563794,0,0.005000000000000001,0.222,0.5310135954606205,3,0.014000000000000002
N09_M07_F10_KI07_12,KI07,artificial,inner_race,N09_M07_F10,899.66,none,6203_PU_2905,12000.0,14000.0,13.1102,normal,0.844,-0.815043637611325,0,-0.013000000000000001,0.164,0.9995076382710784,3,0.015000000000000003
N09_M07_F10_KI07_13,KI07,artificial,inner_race,N09_M07_F10,899.7,none,6203_PU_2905,10666.7,13333.3,12.3615,normal,1.0,-3.0583937928860947,0,0.016999999999999998,0.136,1.474016381864448,3,0.015000000000000003
N09_M07_F10_KI07_14,KI07,artificial,inner_race,N09_M07_F10,899.91,none,6203_PU_2905,10666.7,13333.3,14.2332,normal,0.86,-1.9616982598789139,0,0.02,0.308,0.5656419908384313,3,0.015000000000000003
N09_M07_F10_KI07_15,KI07,artificial,inner_race,N09_M07_F10,899.59,none,6203_PU_2905,10666.7,12000.0,13.3058,normal,1.0,-1.7483889112612767,0,0.012,0.178,0.7110458601482281,3,0.014000000000000002
N09_M07_F10_KI07_16,KI07,artificial,inner_race,N09_M07_F10,899.6,none,6203_PU_2905,10666.7,13333.3,14.7547,normal,0.83,-1.1690221939788203,0,0.016999999999999998,0.216,0.8924841240640273,3,0.015000000000000003
N09_M07_F10_KI07_17,KI07,artificial,inner_race,N09_M07_F10,899.93,none,6203_PU_2905,8000.0,12000.0,11.2514,normal,0.94,-1.0465215757860387,0,-0.02,0.116,1.177152860475341,3,0.015000000000000003
N09_M07_F10_KI07_18,KI07,artificial,inner_race,N09_M07_F10,899.41,none,6203_PU_2905,13333.3,14666.7,10.541,normal,1.0,-1.1903648563749598,0,-0.02,0.202,1.2066166498061415,3,0.015000000000000003
N09_M07_F10_KI07_19,KI07,artificial,inner_race,N09_M07_F10,899.72,none,6203_PU_2905,10000.0,12000.0,9.8221,normal,0.974,-2.6848448609347946,0,-0.0010000000000000009,0.392,0.4614375539535532,3,0.015000000000000003
N09_M07_F10_KI07_2,KI07,artificial,inner_race,N09_M07_F10,900.02,none,6203_PU_2905,12000.0,14000.0,11.7096,normal,1.0,-1.7014031377479668,0,0.009000000000000001,0.304,0.5742160390893087,2,0.014000000000000002
N09_M07_F10_KI07_20,KI07,artificial,inner_race,N09_M07_F10,899.73,none,6203_PU_2905,12000.0,14000.0,14.587,normal,0.994,-1.7805872803056848,0,-0.02,0.398,0.26461049651735297,3,0.014000000000000002
N09_M07_F10_KI07_3,KI07,artificial,inner_race,N09_M07_F10,900.4,none,6203_PU_2905,10666.7,13333.3,11.6576,normal,0.914,-1.2304483915494544,0,-0.02,0.15,0.8577833093734861,3,0.014000000000000002
N09_M07_F10_KI07_4,KI07,artificial,inner_race,N09_M07_F10,899.83,none,6203_PU_2905,10666.7,13333.3,12.0354,normal,0.99,-1.056718711335797,0,-0.02,0.438,0.13167449530712375,3,0.015000000000000003
N09_M07_F10_KI07_5,KI07,artificial,inner_race,N09_M07_F10,899.35,none,6203_PU_2905,10000.0,12000.0,11.2055,normal,1.0,-1.5433401994283094,0,0.018,0.298,0.6494326932314483,3,0.016999999999999998
N09_M07_F10_KI07_6,KI07,artificial,inner_race,N09_M07_F10,900.09,none,6203_PU_2905,13333.3,14666.7,4.6945,normal,0.78,-0.6398350468118627,0,0.019,0.226,0.7275961763695022,2,0.014000000000000002
N09_M07_F10_KI07_7,KI07,artificial,inner_race,N09_M07_F10,899.9,none,6203_PU_2905,10666.7,12000.0,10.6354,normal,1.0,-2.5960524176263866,0,-0.019,0.454,0.13375638427855085,2,0.014000000000000002
N09_M07_F10_KI07_8,KI07,artificial,inner_race,N09_M07_F10,899.61,none,6203_PU_2905,10666.7,13333.3,12.2816,normal,0.924,-1.1586752460114895,0,-0.02,0.342,0.7101637144639746,3,0.015000000000000003
N09_M07_F10_KI07_9,KI07,artificial,inner_race,N09_M07_F10,900.08,none,6203_PU_2905,10000.0,12000.0,10.2336,normal,0.754,-0.371512365509446,0,-0.02,0.328,0.5580852457750993,3,0.014000000000000002
N09_M07_F10_KI08_1,KI08,artificial,inner_race,N09_M07_F10,899.37,none,6203_PU_2905,10666.7,13333.3,9.7201,normal,1.0,-3.271700171512286,0,-0.009000000000000001,0.474,0.01831356788163024,3,0.016000000000000004
N09_M07_F10_KI08_10,KI08,artificial,inner_race,N09_M07_F10,899.93,none,6203_PU_2905,12000.0,14000.0,10.6825,normal,0.768,-0.7300335080828639,0,-0.02,0.304,0.7058389892161746,3,0.016999999999999998
N09_M07_F10_KI08_11,KI08,artificial,inner_race,N09_M07_F10,899.82,none,6203_PU_2905,10666.7,13333.3,10.953,normal,0.798,-0.995415608563748,0,-0.02,0.216,1.0869004909365576,3,0.015000000000000003
N09_M07_F10_KI08_12,KI08,artificial,inner_race,N09_M07_F10,899.28,none,6203_PU_2905,10000.0,12000.0,9.7429,normal,0.914,-1.2170859419098858,0,-0.017,0.212,0.9242221486070327,1,0.014000000000000002
N09_M07_F10_KI08_13,KI08,artificial,inner_race,N09_M07_F10,899.42,none,6203_PU_2905,10000.0,12000.0,12.9758,normal,0.994,-1.349932631932025,0,-0.02,0.138,0.8962472742393098,3,0.016999999999999998
N09_M07_F10_KI08_14,KI08,artificial,inner_race,N09_M07_F10,899.62,none,6203_PU_2905,10666.7,13333.3,10.1188,normal,1.0,-1.8885055652437381,0,-0.018000000000000002,0.368,0.6388415161510612,3,0.015000000000000003
N09_M07_F10_KI08_15,KI08,artificial,inner_race,N09_M07_F10,899.74,none,6203_PU_2905,10666.7,13333.3,12.5103,normal,1.0,-1.7284053089048852,0,-0.018000000000000002,0.46,0.15564597051205392,3,0.015000000000000003
N09_M07_F10_KI08_16,KI08,artificial,inner_race,N09_M07_F10,899.56,none,6203_PU_2905,10666.7,13333.3,11.9368,normal,1.0,-1.6281292160943466,0,-0.018000000000000002,0.49,0.045377184878314,3,0.015000000000000003
N09_M07_F10_KI08_17,KI08,artificial,inner_race,N09_M07_F10,899.47,none,6203_PU_2905,13333.3,14666.7,8.3164,normal,0.998,-1.4400215240097964,0,-0.002999999999999999,0.37,0.19502471081617256,2,0.015000000000000003
N09_M07_F10_KI08_18,KI08,artificial,inner_race,N09_M07_F10,900.01,none,6203_PU_2905,10666.7,13333.3,10.785,normal,0.996,-1.377925104286584,0,-0.02,0.264,0.42213983903943547,3,0.014000000000000002
N09_M07_F10_KI08_19,KI08,artificial,inner_race,N09_M07_F10,899.71,none,6203_PU_2905,14000.0,15000.0,9.6972,normal,1.0,-1.3632369196577765,0,-0.014,0.246,0.578340083737613,2,0.015000000000000003
N09_M07_F10_KI08_2,KI08,artificial,inner_race,N09_M07_F10,899.27,none,6203_PU_2905,10666.7,13333.3,12.755,normal,0.996,-1.7028660243333273,0,0.004,0.442,0.05998338543051718,3,0.016000000000000004
N09_M07_F10_KI08_20,KI08,artificial,inner_race,N09_M07_F10,899.99,none,6203_PU_2905,13333.3,14666.7,8.3044,normal,0.988,-2.669213136980194,0,0.013000000000000001,0.208,1.039465669177229,3,0.015000000000000003
N09_M07_F10_KI08_3,KI08,artificial,inner_race,N09_M07_F10,899.86,none,6203_PU_2905,13333.3,14666.7,11.1581,normal,1.0,-3.0964275427267647,0,-0.017,0.242,0.6614673555692184,3,0.015000000000000003
N09_M07_F10_KI08_4,KI08,artificial,inner_race,N09_M07_F10,899.51,none,6203_PU_2905,12000.0,14000.0,8.6893,normal,0.998,-2.734097343564004,0,0.0010000000000000009,0.584,-0.2051518189046177,2,0.014000000000000002
N09_M07_F10_KI08_5,KI08,artificial,inner_race,N09_M07_F10,899.62,none,6203_PU_2905,10666.7,13333.3,10.4069,normal,0.828,-0.8265701776130107,0,-0.02,0.14,0.9106267566157062,4,0.015000000000000003
N09_M07_F10_KI08_6,KI08,artificial,inner_race,N09_M07_F10,899.67,none,6203_PU_2905,10000.0,12000.0,10.1234,normal,1.0,-1.9741954574427765,0,0.002999999999999999,0.408,0.43816275868663984,3,0.015000000000000003
N09_M07_F10_KI08_7,KI08,artificial,inner_race,N09_M07_F10,899.81,none,6203_PU_2905,10666.7,13333.3,11.3743,normal,0.998,-1.2191142827487018,0,-0.018000000000000002,0.458,0.13674220367032797,3,0.015000000000000003
N09_M07_F10_KI08_8,KI08,artificial,inner_race,N09_M07_F10,899.8,none,6203_PU_2905,10666.7,13333.3,14.0267,normal,0.798,-0.4582600806957597,0,0.019,0.256,0.6868778820104902,3,0.015000000000000003
N09_M07_F10_KI08_9,KI08,artificial,inner_race,N09_M07_F10,899.76,none,6203_PU_2905,10666.7,13333.3,10.3464,normal,1.0,-2.138858682255101,0,-0.02,0.252,0.5321550890009016,3,0.014000000000000002
N09_M07_F10_KI14_1,KI14,real,inner_race,N09_M07_F10,899.68,none,6203_PU_2905,10666.7,13333.3,8.671,normal,0.294,1.4820077593096503,0,-0.02,0.126,1.9467906619158206,3,0.014000000000000002
N09_M07_F10_KI14_10,KI14,real,inner_race,N09_M07_F10,899.71,none,6203_PU_2905,10666.7,13333.3,7.6064,normal,0.304,0.7157395124319363,0,-0.019,0.122,1.1540308903044265,3,0.015000000000000003
N09_M07_F10_KI14_11,KI14,real,inner_race,N09_M07_F10,899.82,none,6203_PU_2905,12000.0,14000.0,7.3331,normal,0.902,-0.934847415003754,0,-0.02,0.132,1.730865044038067,3,0.014000000000000002
N09_M07_F10_KI14_12,KI14,real,inner_race,N09_M07_F10,899.7,none,6203_PU_2905,10666.7,13333.3,7.5377,normal,0.424,0.36436419261855785,1,-0.019,0.088,1.9900402796561891,7,0.014000000000000002
N09_M07_F10_KI14_13,KI14,real,inner_race,N09_M07_F10,899.78,none,6203_PU_2905,12000.0,14000.0,7.8617,normal,0.218,0.9741127875152658,2,-0.02,0.12,1.6217722249540396,6,0.015000000000000003
N09_M07_F10_KI14_14,KI14,real,inner_race,N09_M07_F10,899.64,none,6203_PU_2905,10666.7,12000.0,7.7855,normal,0.5,0.016007520424339533,0,-0.02,0.116,1.461483187561926,4,0.014000000000000002
N09_M07_F10_KI14_15,KI14,real,inner_race,N09_M07_F10,899.65,none,6203_PU_2905,10666.7,13333.3,8.3319,normal,0.52,-0.1093573134196624,0,-0.019,0.13,1.0131377027318769,3,0.015000000000000003
N09_M07_F10_KI14_16,KI14,real,inner_race,N09_M07_F10,899.72,none,6203_PU_2905,10666.7,13333.3,8.3393,normal,0.286,0.4602836133753502,0,-0.019,0.22,1.856660976623384,4,0.014000000000000002
N09_M07_F10_KI14_17,KI14,real,inner_race,N09_M07_F10,899.87,none,6203_PU_2905,12000.0,14000.0,7.2105,normal,0.782,-0.7332463576701465,0,-0.02,0.054,1.8499029234420206,4,0.013000000000000001
N09_M07_F10_KI14_18,KI14,real,inner_race,N09_M07_F10,900.02,none,6203_PU_2905,10666.7,13333.3,7.6747,normal,0.224,0.7273380475863801,1,-0.02,0.118,1.5054513552973148,5,0.015000000000000003
N09_M07_F10_KI14_19,KI14,real,inner_race,N09_M07_F10,899.74,none,6203_PU_2905,10666.7,13333.3,7.0398,normal,0.312,0.7049148803104798,0,-0.02,0.214,2.198278662543279,4,0.015000000000000003
N09_M07_F10_KI14_2,KI14,real,inner_race,N09_M07_F10,899.69,none,6203_PU_2905,13333.3,14666.7,7.8633,normal,0.448,0.19019401405541445,0,-0.02,0.228,1.6646017347208155,3,0.015000000000000003
N09_M07_F10_KI14_20,KI14,real,inner_race,N09_M07_F10,899.68,none,6203_PU_2905,13333.3,14666.7,6.8358,normal,0.448,0.31370203805442415,0,-0.02,0.098,1.4989307808341508,3,0.014000000000000002
N09_M07_F10_KI14_3,KI14,real,inner_race,N09_M07_F10,899.75,none,6203_PU_2905,10666.7,13333.3,7.8924,normal,0.31,1.086950243251915,0,-0.02,0.118,1.6603825976229443,3,0.014000000000000002
N09_M07_F10_KI14_4,KI14,real,inner_race,N09_M07_F10,899.67,none,6203_PU_2905,12000.0,14000.0,7.1802,normal,0.466,0.10425325210780738,0,-0.02,0.122,0.9657905705255394,3,0.014000000000000002
N09_M07_F10_KI14_5,KI14,real,inner_race,N09_M07_F10,899.74,none,6203_PU_2905,10666.7,13333.3,7.0719,normal,0.232,1.0233963181038455,0,-0.02,0.116,1.418304978043287,3,0.014000000000000002
N09_M07_F10_KI14_6,KI14,real,inner_race,N09_M07_F10,899.79,none,6203_PU_2905,10666.7,13333.3,8.4196,normal,0.16,1.4474178489857372,0,-0.02,0.118,1.8876729545485318,5,0.015000000000000003
N09_M07_F10_KI14_7,KI14,real,inner_race,N09_M07_F10,899.61,none,6203_PU_2905,12000.0,14000.0,7.8925,normal,0.188,1.6022642527673185,0,-0.02,0.118,2.016358857271211,3,0.015000000000000003
N09_M07_F10_KI14_8,KI14,real,inner_race,N09_M07_F10,899.7,none,6203_PU_2905,10666.7,13333.3,8.764,normal,0.322,0.8432876104150699,0,-0.02,0.078,2.3346624377174803,4,0.014000000000000002
N09_M07_F10_KI14_9,KI14,real,inner_race,N09_M07_F10,899.63,none,6203_PU_2905,12000.0,14000.0,7.794,normal,0.596,-0.23681983812368385,0,-0.02,0.244,1.403999834248033,3,0.014000000000000002
N09_M07_F10_KI16_1,KI16,real,inner_race,N09_M07_F10,899.82,none,6203_PU_2855,0.0,1000.0,24.7849,inner_race,0.036,3.219431645208653,1,-0.02,0.006,2.478267620627451,25,-0.0010000000000000009
N09_M07_F10_KI16_10,KI16,real,inner_race,N09_M07_F10,899.75,none,6203_PU_2855,0.0,1000.0,24.326,outer_race,0.012,4.7920057577455895,2,-0.02,0.004,2.686543709684825,25,-0.0010000000000000009
N09_M07_F10_KI16_11,KI16,real,inner_race,N09_M07_F10,899.67,none,6203_PU_2855,0.0,1000.0,23.8565,outer_race,0.024,6.794251547917949,2,-0.02,0.008,2.3422677068176028,25,-0.0010000000000000009
N09_M07_F10_KI16_12,KI16,real,inner_race,N09_M07_F10,899.78,none,6203_PU_2855,0.0,1000.0,24.5413,inner_race,0.952,-1.8306564711424833,0,-0.02,0.002,3.107473216638528,10,-0.0010000000000000009
N09_M07_F10_KI16_13,KI16,real,inner_race,N09_M07_F10,899.73,none,6203_PU_2855,0.0,1000.0,23.6632,outer_race,0.022,7.213961521208745,3,-0.02,0.008,2.5755912023234053,25,-0.0010000000000000009
N09_M07_F10_KI16_14,KI16,real,inner_race,N09_M07_F10,899.77,none,6203_PU_2855,0.0,1000.0,22.3809,outer_race,0.024,3.454910488245809,2,-0.02,0.004,2.366507574433315,25,-0.0010000000000000009
N09_M07_F10_KI16_15,KI16,real,inner_race,N09_M07_F10,899.8,none,6203_PU_2855,0.0,1000.0,22.885,inner_race,0.14,1.4881464761056797,0,-0.02,0.002,2.6842595603068524,22,-0.0010000000000000009
N09_M07_F10_KI16_16,KI16,real,inner_race,N09_M07_F10,899.9,none,6203_PU_2855,0.0,1000.0,22.7216,outer_race,0.024,5.898738858592162,2,-0.02,0.006,2.5853154346703797,25,-0.0010000000000000009
N09_M07_F10_KI16_17,KI16,real,inner_race,N09_M07_F10,899.81,none,6203_PU_2855,0.0,1000.0,24.1986,outer_race,0.008,6.564194139769757,2,-0.02,0.008,2.4626978958948866,25,-0.0010000000000000009
N09_M07_F10_KI16_18,KI16,real,inner_race,N09_M07_F10,899.76,none,6203_PU_2855,0.0,1000.0,22.7673,inner_race,0.024,3.9848302762774144,0,-0.02,0.002,3.002681407602668,25,-0.0010000000000000009
N09_M07_F10_KI16_19,KI16,real,inner_race,N09_M07_F10,899.71,none,6203_PU_2855,0.0,1000.0,21.866,inner_race,0.026,5.704630459090304,2,-0.019,0.006,2.9148705017797556,25,-0.0010000000000000009
N09_M07_F10_KI16_2,KI16,real,inner_race,N09_M07_F10,899.79,none,6203_PU_2855,0.0,1000.0,24.2733,outer_race,0.022,4.881705845620255,2,-0.02,0.008,2.5091093147296224,25,-0.0010000000000000009
N09_M07_F10_KI16_20,KI16,real,inner_race,N09_M07_F10,899.69,none,6203_PU_2855,0.0,1000.0,23.7847,inner_race,0.026,5.68141198298556,0,-0.02,0.004,2.6027241246253703,25,-0.0010000000000000009
N09_M07_F10_KI16_3,KI16,real,inner_race,N09_M07_F10,899.76,none,6203_PU_2855,0.0,1000.0,23.3218,inner_race,0.034,2.9598407699544844,2,-0.02,0.006,2.069688317274264,25,0.0
N09_M07_F10_KI16_4,KI16,real,inner_race,N09_M07_F10,899.64,none,6203_PU_2855,0.0,1000.0,23.9501,outer_race,0.022,5.786903895358149,2,-0.02,0.008,2.8530936298137495,25,-0.0010000000000000009
N09_M07_F10_KI16_5,KI16,real,inner_race,N09_M07_F10,899.58,none,6203_PU_2855,0.0,1000.0,25.2027,outer_race,0.018,10.25046255896406,2,-0.02,0.006,2.4443008428137043,25,-0.0019999999999999983
N09_M07_F10_KI16_6,KI16,real,inner_race,N09_M07_F10,899.76,none,6203_PU_2855,0.0,1000.0,25.7907,outer_race,0.012,11.238194873007656,3,-0.02,0.004,2.653122346682244,25,-0.0010000000000000009
N09_M07_F10_KI16_7,KI16,real,inner_race,N09_M07_F10,899.66,none,6203_PU_2855,0.0,1000.0,24.8554,outer_race,0.012,8.084272701849057,2,-0.02,0.004,2.4419917154642126,25,-0.0010000000000000009
N09_M07_F10_KI16_8,KI16,real,inner_race,N09_M07_F10,899.75,none,6203_PU_2855,0.0,1000.0,23.5895,inner_race,0.024,4.0502951120470625,1,-0.02,0.004,2.370785558005092,25,-0.0010000000000000009
N09_M07_F10_KI16_9,KI16,real,inner_race,N09_M07_F10,899.68,none,6203_PU_2855,0.0,1000.0,24.2345,inner_race,0.026,4.744935934065527,1,-0.02,0.002,2.441768435228404,25,-0.0010000000000000009
N09_M07_F10_KI17_1,KI17,real,inner_race,N09_M07_F10,899.69,none,6203_PU_2905,10666.7,13333.3,9.5834,normal,0.438,0.1388990483190143,0,-0.02,0.172,1.662107033063748,4,0.015000000000000003
N09_M07_F10_KI17_10,KI17,real,inner_race,N09_M07_F10,899.21,none,6203_PU_2905,9333.3,10666.7,13.6728,normal,0.966,-0.8440161096986882,0,-0.006999999999999999,0.09,1.2635504960157917,0,0.016000000000000004
N09_M07_F10_KI17_11,KI17,real,inner_race,N09_M07_F10,899.72,none,6203_PU_2905,0.0,1000.0,10.3633,normal,0.704,-0.4428149447090549,0,0.0010000000000000009,0.002,3.7396435893181303,0,0.0
N09_M07_F10_KI17_12,KI17,real,inner_race,N09_M07_F10,899.76,none,6203_PU_2905,0.0,1000.0,9.0802,normal,0.274,0.3890480214519728,0,0.016000000000000004,0.002,3.5016619877662576,0,-0.0010000000000000009
N09_M07_F10_KI17_13,KI17,real,inner_race,N09_M07_F10,899.55,none,6203_PU_2905,12000.0,14000.0,9.2168,normal,0.228,1.7238239995280509,0,-0.019,0.096,2.0743206534895897,5,0.014000000000000002
N09_M07_F10_KI17_14,KI17,real,inner_race,N09_M07_F10,899.87,none,6203_PU_2905,0.0,1000.0,9.5275,inner_race,0.922,-0.7129609766266842,0,-0.0019999999999999983,0.002,3.352259875725306,2,-0.0010000000000000009
N09_M07_F10_KI17_15,KI17,real,inner_race,N09_M07_F10,899.82,none,6203_PU_2905,0.0,1000.0,9.2942,normal,0.626,-0.2557164294127457,0,0.018,0.002,3.9627225811398503,0,0.0010000000000000009
N09_M07_F10_KI17_16,KI17,real,inner_race,N09_M07_F10,899.45,none,6203_PU_2905,0.0,1000.0,9.475,normal,0.948,-1.4205013836403912,0,0.009000000000000001,0.002,3.9709467062472843,0,-0.0010000000000000009
N09_M07_F10_KI17_17,KI17,real,inner_race,N09_M07_F10,899.53,none,6203_PU_2905,10666.7,13333.3,9.0626,normal,0.926,-1.371314933542887,0,-0.02,0.112,1.6274641156485172,3,0.015000000000000003
N09_M07_F10_KI17_18,KI17,real,inner_race,N09_M07_F10,900.03,none,6203_PU_2905,12000.0,14000.0,8.9434,normal,0.804,-0.6383514697765237,0,0.006000000000000002,0.122,1.163343239785486,3,0.014000000000000002
N09_M07_F10_KI17_19,KI17,real,inner_race,N09_M07_F10,899.79,none,6203_PU_2905,10666.7,13333.3,7.987,inner_race,0.562,-0.1602096285124336,0,-0.02,0.02,1.4630411036303435,3,0.014000000000000002
N09_M07_F10_KI17_2,KI17,real,inner_race,N09_M07_F10,899.49,none,6203_PU_2905,12000.0,14000.0,9.1651,normal,0.344,0.399611227904707,0,-0.006999999999999999,0.07,1.1389174302775993,3,0.016000000000000004
N09_M07_F10_KI17_20,KI17,real,inner_race,N09_M07_F10,899.3,none,6203_PU_2905,0.0,1000.0,10.2184,normal,0.99,-3.0559449361868496,0,0.019,0.002,2.869298216237337,1,-0.0010000000000000009
N09_M07_F10_KI17_3,KI17,real,inner_race,N09_M07_F10,899.65,none,6203_PU_2905,0.0,1000.0,9.7472,normal,0.96,-1.1493271300482528,0,0.015000000000000003,0.002,3.279227452757964,1,-0.0010000000000000009
N09_M07_F10_KI17_4,KI17,real,inner_race,N09_M07_F10,899.73,none,6203_PU_2905,13333.3,14666.7,9.6137,normal,0.482,0.12303818729865032,0,-0.02,0.126,1.649551035651376,3,0.015000000000000003
N09_M07_F10_KI17_5,KI17,real,inner_race,N09_M07_F10,899.92,none,6203_PU_2905,0.0,1000.0,11.4662,normal,0.518,-0.058168123282781016,0,0.005000000000000001,0.002,3.512606875278826,0,-0.0019999999999999983
N09_M07_F10_KI17_6,KI17,real,inner_race,N09_M07_F10,899.8,none,6203_PU_2905,10666.7,13333.3,9.0042,normal,0.684,-0.49691435418942187,0,-0.019,0.268,1.3121476331161988,3,0.014000000000000002
N09_M07_F10_KI17_7,KI17,real,inner_race,N09_M07_F10,899.9,none,6203_PU_2905,10666.7,13333.3,9.2713,normal,0.272,0.8682005332173724,0,-0.02,0.052,1.7936568307440361,3,0.015000000000000003
N09_M07_F10_KI17_8,KI17,real,inner_race,N09_M07_F10,899.41,none,6203_PU_2905,10666.7,13333.3,9.3293,normal,0.374,0.3025731563193743,0,-0.02,0.116,1.5652903026818554,3,0.015000000000000003
N09_M07_F10_KI17_9,KI17,real,inner_race,N09_M07_F10,899.77,none,6203_PU_2905,0.0,1000.0,9.9575,normal,0.052,1.655308204122979,0,-0.016,0.45,0.1284698857470795,0,0.005000000000000001
N09_M07_F10_KI18_1,KI18,real,inner_race,N09_M07_F10,899.74,none,6203_PU_2905,0.0,1000.0,15.6418,inner_race,0.048,2.049505853138523,1,-0.019,0.002,3.489287434182953,25,-0.0019999999999999983
N09_M07_F10_KI18_10,KI18,real,inner_race,N09_M07_F10,899.77,none,6203_PU_2905,0.0,1000.0,14.3443,inner_race,0.038,2.653014266091655,1,-0.012,0.006,3.297442877700107,25,-0.0019999999999999983
N09_M07_F10_KI18_11,KI18,real,inner_race,N09_M07_F10,899.75,none,6203_PU_2905,0.0,1000.0,14.6051,inner_race,0.974,-1.5924295917884903,0,0.016000000000000004,0.002,5.5501697787260635,4,-0.0019999999999999983
N09_M07_F10_KI18_12,KI18,real,inner_race,N09_M07_F10,899.67,none,6203_PU_2905,0.0,1000.0,13.0638,inner_race,0.014,3.7801240810857206,1,-0.015,0.002,3.141157147126407,24,-0.0019999999999999983
N09_M07_F10_KI18_13,KI18,real,inner_race,N09_M07_F10,899.78,none,6203_PU_2905,0.0,1000.0,14.2695,inner_race,0.034,3.7024910136530678,1,-0.017,0.002,3.4772332649189996,25,-0.0019999999999999983
N09_M07_F10_KI18_14,KI18,real,inner_race,N09_M07_F10,899.8,none,6203_PU_2905,0.0,1000.0,13.2834,inner_race,0.034,4.831084197237526,1,-0.016,0.002,2.661117528474945,25,-0.0019999999999999983
N09_M07_F10_KI18_15,KI18,real,inner_race,N09_M07_F10,899.68,none,6203_PU_2905,0.0,1000.0,13.4325,inner_race,0.024,1.722129344925376,2,-0.02,0.002,3.462133398870789,24,-0.0019999999999999983
N09_M07_F10_KI18_16,KI18,real,inner_race,N09_M07_F10,899.73,none,6203_PU_2905,0.0,1000.0,13.0692,inner_race,0.028,4.756873115783677,2,-0.02,0.002,2.962674017619532,25,-0.0019999999999999983
N09_M07_F10_KI18_17,KI18,real,inner_race,N09_M07_F10,899.84,none,6203_PU_2905,0.0,1000.0,13.4709,inner_race,0.056,2.538559887540897,2,-0.019,0.002,2.572799704123385,24,-0.0010000000000000009
N09_M07_F10_KI18_18,KI18,real,inner_race,N09_M07_F10,899.81,none,6203_PU_2905,0.0,1000.0,12.8631,inner_race,0.046,1.8655569355060462,1,-0.009000000000000001,0.004,2.0103361493880088,24,-0.0019999999999999983
N09_M07_F10_KI18_19,KI18,real,inner_race,N09_M07_F10,899.73,none,6203_PU_2905,0.0,1000.0,13.0812,inner_race,0.416,0.11817404475842477,2,-0.019,0.002,2.5539250133815554,24,-0.002999999999999999
N09_M07_F10_KI18_2,KI18,real,inner_race,N09_M07_F10,899.58,none,6203_PU_2905,0.0,1000.0,13.9072,inner_race,0.844,-1.387486437740933,0,-0.016,0.002,3.6464265780910887,13,-0.0019999999999999983
N09_M07_F10_KI18_20,KI18,real,inner_race,N09_M07_F10,899.81,none,6203_PU_2905,0.0,1000.0,13.1963,inner_race,0.16,1.4752771573080268,2,-0.019,0.002,3.4921588176896914,25,-0.0019999999999999983
N09_M07_F10_KI18_3,KI18,real,inner_race,N09_M07_F10,899.88,none,6203_PU_2905,0.0,1000.0,14.459,inner_race,0.04,1.816699429335609,2,-0.019,0.004,2.7159897988687267,25,-0.0019999999999999983
N09_M07_F10_KI18_4,KI18,real,inner_race,N09_M07_F10,899.74,none,6203_PU_2905,0.0,1000.0,13.5253,inner_race,0.028,2.4587518536739705,2,-0.019,0.004,2.9309878789212194,25,-0.0019999999999999983
N09_M07_F10_KI18_5,KI18,real,inner_race,N09_M07_F10,899.64,none,6203_PU_2905,0.0,1000.0,13.8864,inner_race,0.214,1.1523474922027797,1,-0.02,0.006,2.986647898035421,24,-0.0019999999999999983
N09_M07_F10_KI18_6,KI18,real,inner_race,N09_M07_F10,899.79,none,6203_PU_2905,0.0,1000.0,15.5058,inner_race,0.224,2.1245891038893645,2,-0.019,0.002,3.7529064133871772,25,-0.0019999999999999983
N09_M07_F10_KI18_7,KI18,real,inner_race,N09_M07_F10,899.78,none,6203_PU_2905,0.0,1000.0,15.1586,inner_race,0.142,2.4376161522019535,0,-0.019,0.002,3.862577097977586,21,-0.0019999999999999983
N09_M07_F10_KI18_8,KI18,real,inner_race,N09_M07_F10,899.91,none,6203_PU_2905,0.0,1000.0,15.0253,inner_race,0.332,0.3235974772411123,0,-0.019,0.002,2.820907143853933,22,-0.0019999999999999983
N09_M07_F10_KI18_9,KI18,real,inner_race,N09_M07_F10,899.81,none,6203_PU_2905,0.0,1000.0,15.0019,inner_race,0.064,1.1614399430371922,1,-0.012,0.004,2.5097727575121422,25,-0.0019999999999999983
N09_M07_F10_KI21_1,KI21,real,inner_race,N09_M07_F10,899.61,none,6203_PU_2855,10666.7,13333.3,9.0246,normal,0.14,1.4742721982243132,1,-0.018000000000000002,0.182,2.670011189166243,6,0.011
N09_M07_F10_KI21_10,KI21,real,inner_race,N09_M07_F10,899.78,none,6203_PU_2855,10666.7,13333.3,8.6314,normal,0.144,2.220390245557069,0,-0.019,0.1,2.24459126933504,4,0.009999999999999998
N09_M07_F10_KI21_11,KI21,real,inner_race,N09_M07_F10,899.64,none,6203_PU_2855,10666.7,13333.3,9.6039,normal,0.138,2.19669407166001,2,-0.019,0.196,1.6880266363436025,7,0.011
N09_M07_F10_KI21_12,KI21,real,inner_race,N09_M07_F10,899.69,none,6203_PU_2855,10666.7,13333.3,8.8432,normal,0.142,2.0845205178889,1,-0.019,0.102,2.197707546882743,6,0.011
N09_M07_F10_KI21_13,KI21,real,inner_race,N09_M07_F10,899.66,none,6203_PU_2855,10666.7,13333.3,9.1908,normal,0.128,3.0478640335290037,0,-0.019,0.134,2.020149099724,4,0.011
N09_M07_F10_KI21_14,KI21,real,inner_race,N09_M07_F10,899.84,none,6203_PU_2855,10666.7,13333.3,9.3863,normal,0.144,2.050177253353083,0,-0.018000000000000002,0.196,1.6601894863391533,4,0.011
N09_M07_F10_KI21_15,KI21,real,inner_race,N09_M07_F10,899.82,none,6203_PU_2855,10666.7,13333.3,9.0759,normal,0.146,2.1689844496502566,0,-0.019,0.1,2.025481936039162,3,0.009999999999999998
N09_M07_F10_KI21_16,KI21,real,inner_race,N09_M07_F10,899.71,none,6203_PU_2855,10666.7,13333.3,8.1919,normal,0.214,2.035656149637583,0,-0.019,0.096,1.6758593189719013,3,0.011
N09_M07_F10_KI21_17,KI21,real,inner_race,N09_M07_F10,899.63,none,6203_PU_2855,10666.7,13333.3,8.9121,normal,0.2,1.4387603519377379,0,-0.018000000000000002,0.194,2.349357393966241,3,0.011
N09_M07_F10_KI21_18,KI21,real,inner_race,N09_M07_F10,899.76,none,6203_PU_2855,10666.7,13333.3,8.6717,normal,0.126,1.6183712439346392,1,-0.017,0.152,1.274331202135386,4,0.011
N09_M07_F10_KI21_19,KI21,real,inner_race,N09_M07_F10,899.8,none,6203_PU_2855,10666.7,13333.3,9.1324,normal,0.124,2.026360652012676,0,-0.019,0.112,2.144614915458951,3,0.009999999999999998
N09_M07_F10_KI21_2,KI21,real,inner_race,N09_M07_F10,899.67,none,6203_PU_2855,10666.7,13333.3,9.4745,normal,0.14,2.395352231540773,2,-0.018000000000000002,0.098,1.7991849274382299,9,0.011
N09_M07_F10_KI21_20,KI21,real,inner_race,N09_M07_F10,899.77,none,6203_PU_2855,10666.7,13333.3,8.3637,normal,0.2,3.282705228982188,0,-0.017,0.102,2.291744969883694,3,0.009999999999999998
N09_M07_F10_KI21_3,KI21,real,inner_race,N09_M07_F10,899.86,none,6203_PU_2855,10666.7,13333.3,9.8557,normal,0.134,3.40323278887406,1,-0.019,0.102,3.434519702994249,6,0.009999999999999998
N09_M07_F10_KI21_4,KI21,real,inner_race,N09_M07_F10,899.75,none,6203_PU_2855,10666.7,13333.3,8.7269,normal,0.142,4.240336372272513,0,-0.017,0.102,1.3667010628066834,3,0.011
N09_M07_F10_KI21_5,KI21,real,inner_race,N09_M07_F10,899.78,none,6203_PU_2855,10666.7,13333.3,9.2553,normal,0.198,2.064767916410747,1,-0.018000000000000002,0.19,1.6074475289247432,6,0.011
N09_M07_F10_KI21_6,KI21,real,inner_race,N09_M07_F10,899.77,none,6203_PU_2855,10666.7,13333.3,9.0017,normal,0.136,2.001102445796066,1,-0.019,0.102,2.864417251812609,7,0.011
N09_M07_F10_KI21_7,KI21,real,inner_race,N09_M07_F10,899.76,none,6203_PU_2855,10666.7,13333.3,8.7415,normal,0.14,2.0722255466413646,1,-0.018000000000000002,0.1,1.7550388857453427,6,0.011
N09_M07_F10_KI21_8,KI21,real,inner_race,N09_M07_F10,899.84,none,6203_PU_2855,12000.0,14000.0,8.9067,normal,0.228,2.0925261019562953,0,-0.019,0.13,1.4797191144946718,3,0.009999999999999998
N09_M07_F10_KI21_9,KI21,real,inner_race,N09_M07_F10,899.79,none,6203_PU_2855,10666.7,13333.3,8.1459,normal,0.208,1.9544846309636812,0,-0.019,0.118,2.1594994358463104,5,0.011
N15_M01_F10_K001_1,K001,none,normal,N15_M01_F10,1499.61,none,6203_PU_2905,10666.7,13333.3,4.7277,normal,0.338,0.4843001204218099,1,-0.006,0.656,-0.5142661670701576,2,0.013000000000000001
N15_M01_F10_K001_10,K001,none,normal,N15_M01_F10,1499.59,none,6203_PU_2905,10666.7,13333.3,4.0189,normal,0.278,0.5650444548657755,1,-0.005000000000000001,0.112,1.3257739264472477,2,0.014000000000000002
N15_M01_F10_K001_11,K001,none,normal,N15_M01_F10,1499.62,none,6203_PU_2905,10666.7,13333.3,3.6161,normal,0.314,0.6576210235399812,1,-0.008,0.314,0.7578503657697827,1,0.014000000000000002
N15_M01_F10_K001_12,K001,none,normal,N15_M01_F10,1499.61,none,6203_PU_2905,12000.0,14000.0,4.2341,normal,0.954,-1.3528157549448148,0,0.015000000000000003,0.618,-0.2506897510245207,1,0.014000000000000002
N15_M01_F10_K001_13,K001,none,normal,N15_M01_F10,1499.65,none,6203_PU_2905,10666.7,13333.3,4.5488,normal,0.586,-0.22036251205569868,0,0.009999999999999998,0.262,0.7861590195426855,3,0.014000000000000002
N15_M01_F10_K001_14,K001,none,normal,N15_M01_F10,1499.56,none,6203_PU_2905,10666.7,13333.3,3.732,normal,0.278,1.1198724963379154,1,-0.008,0.06,1.8227421232578995,3,0.014000000000000002
N15_M01_F10_K001_15,K001,none,normal,N15_M01_F10,1499.62,none,6203_PU_2905,12000.0,14000.0,3.8833,normal,0.442,0.2203572901214596,1,-0.004,0.188,0.8146974034447932,3,0.015000000000000003
N15_M01_F10_K001_16,K001,none,normal,N15_M01_F10,1499.57,none,6203_PU_2905,12000.0,14000.0,3.4163,normal,0.176,0.9654122337831742,1,-0.008,0.466,0.11302275874294626,2,0.012
N15_M01_F10_K001_17,K001,none,normal,N15_M01_F10,1499.5,none,6203_PU_2905,10666.7,13333.3,4.3594,normal,0.664,-0.1825415160247491,1,-0.005000000000000001,0.534,-0.08461017457801943,1,0.016000000000000004
N15_M01_F10_K001_18,K001,none,normal,N15_M01_F10,1499.53,none,6203_PU_2905,12000.0,14000.0,4.4658,normal,0.472,0.0617555124127405,0,-0.006,0.074,2.617254994739874,3,0.015000000000000003
N15_M01_F10_K001_19,K001,none,normal,N15_M01_F10,1499.57,none,6203_PU_2905,10666.7,13333.3,4.3527,normal,0.372,0.4976548963938874,1,-0.008,0.258,0.6846795810544871,2,0.013000000000000001
N15_M01_F10_K001_2,K001,none,normal,N15_M01_F10,1499.6,none,6203_PU_2905,13333.3,14666.7,4.0836,normal,0.19,1.6294311048655834,1,-0.006,0.084,2.4006033929479136,2,0.014000000000000002
N15_M01_F10_K001_20,K001,none,normal,N15_M01_F10,1499.61,none,6203_PU_2905,12000.0,14000.0,3.7967,normal,0.822,-0.8777454987250032,0,0.015000000000000003,0.08,2.4303372385087307,2,0.014000000000000002
N15_M01_F10_K001_3,K001,none,normal,N15_M01_F10,1499.58,none,6203_PU_2905,10666.7,13333.3,3.7882,inner_race,0.256,1.0411760784788833,1,-0.004,0.004,3.950563728292917,2,0.014000000000000002
N15_M01_F10_K001_4,K001,none,normal,N15_M01_F10,1499.6,none,6203_PU_2905,10666.7,13333.3,4.0241,normal,0.352,0.42566680531028467,1,-0.008,0.726,-0.5896394043230246,2,0.015000000000000003
N15_M01_F10_K001_5,K001,none,normal,N15_M01_F10,1499.6,none,6203_PU_2905,10666.7,13333.3,4.0391,normal,0.432,0.29530454039977977,1,-0.006,0.76,-0.6219742473980066,0,-0.011
N15_M01_F10_K001_6,K001,none,normal,N15_M01_F10,1499.61,none,6203_PU_2905,10666.7,13333.3,4.069,normal,0.16,1.6907409998370875,1,-0.006999999999999999,0.058,1.9493348362470315,5,0.014000000000000002
N15_M01_F10_K001_7,K001,none,normal,N15_M01_F10,1499.69,none,6203_PU_2905,10000.0,12000.0,3.6804,inner_race,0.576,-0.03485688917967832,1,-0.006999999999999999,0.018,3.8993668551370453,2,0.013000000000000001
N15_M01_F10_K001_8,K001,none,normal,N15_M01_F10,1499.59,none,6203_PU_2905,10666.7,12000.0,4.5324,normal,0.414,0.14440855581542,1,-0.006,0.484,0.05646870168716898,1,0.016999999999999998
N15_M01_F10_K001_9,K001,none,normal,N15_M01_F10,1499.61,none,6203_PU_2905,10666.7,13333.3,4.1303,normal,0.288,0.954986145435472,1,-0.006999999999999999,0.942,-1.2197524126603556,4,0.013000000000000001
N15_M01_F10_K002_1,K002,none,normal,N15_M01_F10,1499.76,none,6203_PU_2905,10666.7,13333.3,9.8678,normal,0.482,0.03468042638921637,1,-0.006999999999999999,0.912,-0.9924936605221711,3,0.014000000000000002
N15_M01_F10_K002_10,K002,none,normal,N15_M01_F10,1499.42,none,6203_PU_2905,10666.7,13333.3,9.2581,normal,0.622,-0.11029813731322684,1,-0.005000000000000001,0.086,1.4599828318691896,1,0.02
N15_M01_F10_K002_11,K002,none,normal,N15_M01_F10,1499.62,none,6203_PU_2905,12000.0,13333.3,12.6898,normal,0.826,-1.0502390721301043,1,-0.006,0.728,-0.6919944000999033,1,-0.005000000000000001
N15_M01_F10_K002_12,K002,none,normal,N15_M01_F10,1499.56,none,6203_PU_2905,10666.7,13333.3,7.9669,normal,0.744,-0.2098772192014917,1,0.009999999999999998,0.218,1.0071479302339388,2,0.014000000000000002
N15_M01_F10_K002_13,K002,none,normal,N15_M01_F10,1499.44,none,6203_PU_2905,12000.0,14000.0,11.4093,normal,0.694,-0.5218885582299904,1,-0.006999999999999999,0.186,1.203097899378382,1,0.015000000000000003
N15_M01_F10_K002_14,K002,none,normal,N15_M01_F10,1499.19,none,6203_PU_2905,12000.0,14000.0,12.9297,normal,0.832,-1.2276758313738776,0,0.009999999999999998,0.088,1.5260187463714436,3,0.016000000000000004
N15_M01_F10_K002_15,K002,none,normal,N15_M01_F10,1499.75,none,6203_PU_2905,12000.0,14000.0,7.8311,normal,0.82,-0.6191632761408588,1,0.009999999999999998,0.612,-0.20974565264632086,1,0.011
N15_M01_F10_K002_16,K002,none,normal,N15_M01_F10,1499.6,none,6203_PU_2905,13333.3,14666.7,11.4154,normal,0.36,0.5162896812297502,1,-0.005000000000000001,0.678,-0.42509950068434754,1,0.002999999999999999
N15_M01_F10_K002_17,K002,none,normal,N15_M01_F10,1499.48,none,6203_PU_2905,10666.7,13333.3,9.0042,normal,0.624,-0.14274205873029439,0,0.011,0.128,1.2350880806408162,3,0.016000000000000004
N15_M01_F10_K002_18,K002,none,normal,N15_M01_F10,1499.68,none,6203_PU_2905,10666.7,12000.0,8.1107,normal,0.326,0.24545342854269891,1,-0.005000000000000001,0.128,1.1301695118201942,1,0.013000000000000001
N15_M01_F10_K002_19,K002,none,normal,N15_M01_F10,1499.92,none,6203_PU_2905,10666.7,13333.3,11.8679,normal,0.706,-0.5087764886053511,1,-0.006999999999999999,0.756,-0.7538807970827662,2,0.014000000000000002
N15_M01_F10_K002_2,K002,none,normal,N15_M01_F10,1499.24,none,6203_PU_2905,10666.7,13333.3,9.6554,normal,0.696,-0.40570876473858813,1,-0.006999999999999999,0.17,1.0900401320312454,2,0.019
N15_M01_F10_K002_20,K002,none,normal,N15_M01_F10,1499.28,none,6203_PU_2905,12000.0,14000.0,9.2366,normal,0.666,-0.14652744737248155,1,-0.006999999999999999,0.356,0.38671273729711375,2,0.016000000000000004
N15_M01_F10_K002_3,K002,none,normal,N15_M01_F10,1499.92,none,6203_PU_2905,10666.7,13333.3,10.7346,normal,0.408,0.20175599948112385,1,-0.006,0.666,-0.4223405784485507,1,-0.011
N15_M01_F10_K002_4,K002,none,normal,N15_M01_F10,1499.89,none,6203_PU_2905,10666.7,13333.3,8.8385,normal,0.506,-0.15180514439852238,1,0.009999999999999998,0.25,0.9075346265579242,3,0.014000000000000002
N15_M01_F10_K002_5,K002,none,normal,N15_M01_F10,1499.37,none,6203_PU_2905,10666.7,13333.3,8.4568,normal,0.67,-0.5987111440514743,1,-0.006999999999999999,0.176,1.353037153884781,3,0.015000000000000003
N15_M01_F10_K002_6,K002,none,normal,N15_M01_F10,1499.6,none,6203_PU_2905,10666.7,13333.3,8.2826,normal,0.804,-0.4077511149035073,1,-0.008,0.192,0.8977699738566263,2,0.016000000000000004
N15_M01_F10_K002_7,K002,none,normal,N15_M01_F10,1499.61,none,6203_PU_2905,10666.7,13333.3,9.6487,normal,0.844,-0.7296404906419514,1,-0.006999999999999999,0.598,-0.34510002327522876,3,0.016000000000000004
N15_M01_F10_K002_8,K002,none,normal,N15_M01_F10,1499.7,none,6203_PU_2905,10666.7,13333.3,8.3461,normal,0.378,0.2509583157964718,0,0.009999999999999998,0.37,0.43312210282539254,1,0.015000000000000003
N15_M01_F10_K002_9,K002,none,normal,N15_M01_F10,1499.46,none,6203_PU_2905,10666.7,13333.3,14.0662,normal,0.286,1.0615870324829713,1,-0.006,0.29,0.48638755304961523,1,0.002999999999999999
N15_M01_F10_K003_1,K003,none,normal,N15_M01_F10,1499.63,none,6203_PU_2905,10666.7,13333.3,3.9197,normal,0.196,1.3844412942647373,1,-0.006,0.296,0.549622214823665,2,0.016000000000000004
N15_M01_F10_K003_10,K003,none,normal,N15_M01_F10,1499.54,none,6203_PU_2905,10666.7,13333.3,3.9662,normal,0.822,-0.9303232192305315,1,-0.005000000000000001,0.06,2.450711359367305,2,0.014000000000000002
N15_M01_F10_K003_11,K003,none,normal,N15_M01_F10,1499.59,none,6203_PU_2905,10666.7,13333.3,4.218,inner_race,0.278,0.7513501896408767,1,-0.005000000000000001,0.022,2.194610855727867,2,0.014000000000000002
N15_M01_F10_K003_12,K003,none,normal,N15_M01_F10,1499.58,none,6203_PU_2905,10666.7,13333.3,4.1962,normal,0.636,-0.355000084729589,1,-0.006999999999999999,0.062,1.8248857632886142,2,0.014000000000000002
N15_M01_F10_K003_13,K003,none,normal,N15_M01_F10,1499.54,none,6203_PU_2905,8000.0,12000.0,4.3753,normal,0.564,-0.2822178741099996,1,-0.006999999999999999,0.364,0.37543187592833055,2,0.014000000000000002
N15_M01_F10_K003_14,K003,none,normal,N15_M01_F10,1499.6,none,6203_PU_2905,10666.7,13333.3,4.362,normal,0.216,2.0023708154770135,1,-0.006,0.126,1.2673755966122315,3,0.014000000000000002
N15_M01_F10_K003_15,K003,none,normal,N15_M01_F10,1499.62,none,6203_PU_2905,10666.7,13333.3,3.9887,normal,0.76,-0.6837211649784128,0,0.009999999999999998,0.552,-0.11316113660996358,3,0.014000000000000002
N15_M01_F10_K003_16,K003,none,normal,N15_M01_F10,1499.64,none,6203_PU_2905,12000.0,14000.0,4.1984,normal,0.41,0.180263299011514,1,-0.004,0.128,1.0800517463143355,3,0.014000000000000002
N15_M01_F10_K003_17,K003,none,normal,N15_M01_F10,1499.57,none,6203_PU_2905,8000.0,12000.0,3.7121,normal,0.236,1.2682349992205737,2,-0.006,0.046,2.848561077737555,3,0.014000000000000002
N15_M01_F10_K003_18,K003,none,normal,N15_M01_F10,1499.6,none,6203_PU_2905,10666.7,13333.3,4.009,inner_race,0.534,-0.019297010308274572,1,-0.006,0.002,2.4380881189876287,4,0.014000000000000002
N15_M01_F10_K003_19,K003,none,normal,N15_M01_F10,1499.61,none,6203_PU_2905,10666.7,13333.3,4.1401,normal,0.312,0.42454294159058764,2,-0.005000000000000001,0.428,0.2601954146362257,0,0.009999999999999998
N15_M01_F10_K003_2,K003,none,normal,N15_M01_F10,1499.62,none,6203_PU_2905,12000.0,14000.0,4.1219,normal,0.478,0.1368906744751302,1,-0.008,0.676,-0.6164532008294396,0,0.019
N15_M01_F10_K003_20,K003,none,normal,N15_M01_F10,1499.58,none,6203_PU_2905,10666.7,13333.3,4.1577,normal,0.372,0.3740969442366695,1,-0.006999999999999999,0.374,0.44023591274813356,2,0.015000000000000003
N15_M01_F10_K003_3,K003,none,normal,N15_M01_F10,1499.62,none,6203_PU_2905,10666.7,13333.3,4.0979,normal,0.52,-0.04427225590724688,1,-0.006,0.056,1.5867652872468072,3,0.014000000000000002
N15_M01_F10_K003_4,K003,none,normal,N15_M01_F10,1499.59,none,6203_PU_2905,10666.7,13333.3,3.7679,normal,0.51,-0.0038459871507512027,1,-0.008,0.162,1.1078825376438473,3,0.014000000000000002
N15_M01_F10_K003_5,K003,none,normal,N15_M01_F10,1499.64,none,6203_PU_2905,12000.0,14000.0,4.0588,normal,0.54,-0.12934988650731347,1,-0.004,0.002,3.579227010619248,1,0.014000000000000002
N15_M01_F10_K003_6,K003,none,normal,N15_M01_F10,1499.59,none,6203_PU_2905,10666.7,13333.3,4.3489,normal,0.228,1.1365761861834753,2,-0.006,0.722,-0.5310434032580035,3,0.015000000000000003
N15_M01_F10_K003_7,K003,none,normal,N15_M01_F10,1499.65,none,6203_PU_2905,10666.7,13333.3,4.1504,normal,0.284,0.7820533847519021,1,-0.006999999999999999,0.294,0.5817467937769764,3,0.016000000000000004
N15_M01_F10_K003_8,K003,none,normal,N15_M01_F10,1499.64,none,6203_PU_2905,8000.0,9333.3,4.8786,normal,0.564,-0.12607925268117082,1,-0.005000000000000001,0.236,1.1537341628578834,3,0.015000000000000003
N15_M01_F10_K003_9,K003,none,normal,N15_M01_F10,1499.61,none,6203_PU_2905,10666.7,13333.3,4.6999,normal,0.192,2.1451143144075924,2,-0.006,0.47,0.025796050599661068,0,-0.005000000000000001
N15_M01_F10_K004_1,K004,none,normal,N15_M01_F10,1499.69,none,6203_PU_2905,13333.3,14666.7,3.3674,normal,0.416,0.21630121222444804,0,-0.008,0.234,0.7750032803010336,1,0.015000000000000003
N15_M01_F10_K004_10,K004,none,normal,N15_M01_F10,1499.62,none,6203_PU_2905,13333.3,14666.7,3.3547,normal,0.822,-1.2048744431073208,0,-0.006999999999999999,0.404,0.20164594862023888,1,0.015000000000000003
N15_M01_F10_K004_11,K004,none,normal,N15_M01_F10,1499.59,none,6203_PU_2905,12000.0,14000.0,2.6777,normal,0.514,-0.008718096367635748,0,0.009999999999999998,0.61,-0.18045350979036343,0,-0.006
N15_M01_F10_K004_12,K004,none,normal,N15_M01_F10,1499.59,none,6203_PU_2905,10666.7,13333.3,3.1068,normal,0.32,0.5379239593700649,0,-0.008,0.09,1.1405056947240886,2,0.014000000000000002
N15_M01_F10_K004_13,K004,none,normal,N15_M01_F10,1499.6,none,6203_PU_2905,10666.7,13333.3,3.4043,normal,0.93,-2.981697921628323,0,0.008,0.79,-0.6643253640993584,1,0.014000000000000002
N15_M01_F10_K004_14,K004,none,normal,N15_M01_F10,1499.62,none,6203_PU_2905,13333.3,14666.7,2.7562,normal,0.124,1.6523240036436637,1,-0.006,0.076,2.0903587499019416,2,0.015000000000000003
N15_M01_F10_K004_15,K004,none,normal,N15_M01_F10,1499.65,none,6203_PU_2905,13333.3,14666.7,3.353,normal,0.522,-0.14802963269576938,0,-0.006999999999999999,0.328,0.4648819738797955,1,0.014000000000000002
N15_M01_F10_K004_16,K004,none,normal,N15_M01_F10,1499.59,none,6203_PU_2905,13333.3,14666.7,2.9568,normal,0.516,-0.10637291174330037,0,-0.004,0.95,-1.1968763141888918,1,0.014000000000000002
N15_M01_F10_K004_17,K004,none,normal,N15_M01_F10,1499.53,none,6203_PU_2905,12000.0,14000.0,3.307,normal,0.356,0.23924034388823093,0,0.009000000000000001,0.74,-0.5321747130547936,2,0.014000000000000002
N15_M01_F10_K004_18,K004,none,normal,N15_M01_F10,1499.6,none,6203_PU_2905,13333.3,14666.7,3.3454,normal,0.82,-0.6004169458842462,0,-0.004,0.142,1.6312860265224038,1,-0.006999999999999999
N15_M01_F10_K004_19,K004,none,normal,N15_M01_F10,1499.55,none,6203_PU_2905,13333.3,14666.7,3.0452,normal,0.482,0.11730173606087146,0,-0.008,0.218,0.7390686099284831,1,0.013000000000000001
N15_M01_F10_K004_2,K004,none,normal,N15_M01_F10,1499.69,none,6203_PU_2905,12000.0,14000.0,3.853,normal,0.17,1.0000342863254337,1,-0.006,0.942,-1.3190251285177272,2,0.014000000000000002
N15_M01_F10_K004_20,K004,none,normal,N15_M01_F10,1499.68,none,6203_PU_2905,13333.3,14666.7,3.7826,normal,0.508,-0.09214893896423053,0,0.015000000000000003,0.186,0.8902745494719013,1,0.014000000000000002
N15_M01_F10_K004_3,K004,none,normal,N15_M01_F10,1499.64,none,6203_PU_2905,13333.3,14666.7,3.7153,normal,0.954,-2.0138973482212,0,-0.005000000000000001,0.472,0.12683948855638197,1,0.013000000000000001
N15_M01_F10_K004_4,K004,none,normal,N15_M01_F10,1499.65,none,6203_PU_2905,10666.7,13333.3,2.7212,normal,0.248,0.43920150142420566,0,-0.006,0.166,1.0602635122729536,1,0.014000000000000002
N15_M01_F10_K004_5,K004,none,normal,N15_M01_F10,1499.66,none,6203_PU_2905,13333.3,14666.7,3.726,normal,0.218,1.0209323812332605,0,-0.006,0.056,2.833247738788828,1,0.014000000000000002
N15_M01_F10_K004_6,K004,none,normal,N15_M01_F10,1499.58,none,6203_PU_2905,13333.3,14666.7,3.5394,normal,0.194,1.3615186245560358,0,-0.006999999999999999,0.146,1.6575699864424918,2,0.014000000000000002
N15_M01_F10_K004_7,K004,none,normal,N15_M01_F10,1499.59,none,6203_PU_2905,13333.3,14666.7,3.0311,normal,0.232,1.0303486750046629,0,-0.006,0.474,0.1360366031882038,1,-0.006
N15_M01_F10_K004_8,K004,none,normal,N15_M01_F10,1499.55,none,6203_PU_2905,13333.3,14666.7,3.5705,normal,0.278,0.7621720232164559,1,-0.006,0.082,2.2423422021131003,1,0.013000000000000001
N15_M01_F10_K004_9,K004,none,normal,N15_M01_F10,1499.65,none,6203_PU_2905,13333.3,14666.7,3.4195,normal,0.32,0.45261470770047735,0,-0.006,0.904,-1.1469331754392476,1,-0.005000000000000001
N15_M01_F10_K005_1,K005,none,normal,N15_M01_F10,1499.68,none,6203_PU_2905,13333.3,14666.7,3.5505,normal,0.266,0.33158011728661285,0,-0.008,0.202,1.3694572914557923,1,0.013000000000000001
N15_M01_F10_K005_10,K005,none,normal,N15_M01_F10,1499.58,none,6203_PU_2905,10666.7,13333.3,4.0351,normal,0.386,0.14847508013268126,0,-0.006999999999999999,0.564,-0.3151313026041142,1,0.014000000000000002
N15_M01_F10_K005_11,K005,none,normal,N15_M01_F10,1499.62,none,6203_PU_2905,10666.7,13333.3,3.3697,normal,0.426,0.2406955949252286,0,0.011,0.3,0.5118844178726667,1,0.014000000000000002
N15_M01_F10_K005_12,K005,none,normal,N15_M01_F10,1499.57,none,6203_PU_2905,10666.7,13333.3,3.8447,normal,0.458,0.10248426347118993,0,0.019,0.066,2.0466502673184404,1,0.014000000000000002
N15_M01_F10_K005_13,K005,none,normal,N15_M01_F10,1499.59,none,6203_PU_2905,12000.0,14000.0,3.4134,normal,0.252,2.280334475656327,0,-0.006999999999999999,0.146,1.2200857514903711,1,0.014000000000000002
N15_M01_F10_K005_14,K005,none,normal,N15_M01_F10,1499.56,none,6203_PU_2905,10666.7,13333.3,3.4027,normal,0.242,0.8962123913773964,0,-0.004,0.796,-0.588580197722563,0,0.009999999999999998
N15_M01_F10_K005_15,K005,none,normal,N15_M01_F10,1499.6,none,6203_PU_2905,10666.7,13333.3,3.7503,normal,0.436,0.18198734796203844,0,-0.006,0.184,1.1799104177621058,1,0.014000000000000002
N15_M01_F10_K005_16,K005,none,normal,N15_M01_F10,1499.55,none,6203_PU_2905,10666.7,13333.3,3.845,normal,0.21,0.6512446330367944,1,-0.006999999999999999,0.912,-1.217358886906258,2,0.015000000000000003
N15_M01_F10_K005_17,K005,none,normal,N15_M01_F10,1499.6,none,6203_PU_2905,10666.7,13333.3,3.498,normal,0.118,1.4838961039735008,1,-0.006,0.064,1.610835247664195,2,0.014000000000000002
N15_M01_F10_K005_18,K005,none,normal,N15_M01_F10,1499.62,none,6203_PU_2905,10666.7,13333.3,3.3905,normal,0.12,1.9427111326015343,1,-0.006,0.52,-0.04012771120366107,1,0.014000000000000002
N15_M01_F10_K005_19,K005,none,normal,N15_M01_F10,1499.61,none,6203_PU_2905,10666.7,13333.3,1.7097,normal,0.28,1.2497611878206458,0,-0.008,0.702,-0.47084968823484363,1,0.02
N15_M01_F10_K005_2,K005,none,normal,N15_M01_F10,1499.67,none,6203_PU_2905,10666.7,13333.3,3.6466,normal,0.514,-0.04490552501362828,0,-0.008,0.408,0.24538008844351364,2,0.014000000000000002
N15_M01_F10_K005_20,K005,none,normal,N15_M01_F10,1499.55,none,6203_PU_2905,13333.3,14666.7,3.2071,normal,0.27,0.25413968365930684,0,-0.005000000000000001,0.076,2.7755393713937666,1,0.014000000000000002
N15_M01_F10_K005_3,K005,none,normal,N15_M01_F10,1499.6,none,6203_PU_2905,10666.7,13333.3,3.1756,normal,0.38,0.2847072739105822,0,-0.006999999999999999,0.168,0.8120536817692214,2,-0.005000000000000001
N15_M01_F10_K005_4,K005,none,normal,N15_M01_F10,1499.68,none,6203_PU_2905,10666.7,13333.3,3.46,normal,0.124,1.2359118275533059,1,-0.008,0.2,1.131536848708771,2,0.012
N15_M01_F10_K005_5,K005,none,normal,N15_M01_F10,1499.64,none,6203_PU_2905,10666.7,13333.3,3.5372,normal,0.482,0.02868735292279111,0,-0.006,0.342,0.5760186244550248,1,0.015000000000000003
N15_M01_F10_K005_6,K005,none,normal,N15_M01_F10,1499.56,none,6203_PU_2905,10666.7,13333.3,3.4241,normal,0.766,-0.5613529845301172,0,-0.006,0.24,0.9659712766773919,2,0.015000000000000003
N15_M01_F10_K005_7,K005,none,normal,N15_M01_F10,1499.67,none,6203_PU_2905,10666.7,12000.0,3.715,normal,0.48,0.12104749227894152,0,-0.008,0.716,-0.5788249869942766,2,0.014000000000000002
N15_M01_F10_K005_8,K005,none,normal,N15_M01_F10,1499.58,none,6203_PU_2905,10666.7,13333.3,3.5675,normal,0.22,1.171131865375239,0,-0.008,0.462,0.21711359238201836,2,0.015000000000000003
N15_M01_F10_K005_9,K005,none,normal,N15_M01_F10,1499.61,none,6203_PU_2905,10666.7,13333.3,3.7712,normal,0.386,0.18218543300442433,0,0.011,0.658,-0.4626109298245908,2,-0.005000000000000001
N15_M01_F10_K006_1,K006,none,normal,N15_M01_F10,1499.67,none,6203_PU_2905,10666.7,13333.3,3.935,normal,0.388,0.08047488542993761,1,-0.006999999999999999,0.736,-0.5299901411005005,3,0.013000000000000001
N15_M01_F10_K006_10,K006,none,normal,N15_M01_F10,1499.59,none,6203_PU_2905,12000.0,14000.0,3.6726,normal,0.228,1.4052500386546787,1,-0.008,0.082,2.2638784346572636,3,0.014000000000000002
N15_M01_F10_K006_11,K006,none,normal,N15_M01_F10,1499.63,none,6203_PU_2905,10666.7,13333.3,2.4781,normal,0.726,-0.2559800803840213,0,-0.006999999999999999,0.2,1.073941871384499,1,0.014000000000000002
N15_M01_F10_K006_12,K006,none,normal,N15_M01_F10,1499.62,none,6203_PU_2905,8000.0,9333.3,3.0512,normal,0.544,-0.20326665511242564,0,-0.006999999999999999,0.218,1.0578811438729327,1,0.013000000000000001
N15_M01_F10_K006_13,K006,none,normal,N15_M01_F10,1499.57,none,6203_PU_2905,13333.3,14666.7,3.0792,normal,0.528,-0.016445344841057592,0,-0.005000000000000001,0.032,1.487365394095825,3,0.014000000000000002
N15_M01_F10_K006_14,K006,none,normal,N15_M01_F10,1499.59,none,6203_PU_2905,13333.3,14666.7,2.9313,normal,0.282,0.6999701270215216,0,-0.004,0.304,0.4761020229644686,1,0.015000000000000003
N15_M01_F10_K006_15,K006,none,normal,N15_M01_F10,1499.61,none,6203_PU_2905,8000.0,9333.3,2.859,normal,0.194,0.9571769886598595,0,0.011,0.076,2.2560684492293483,1,0.014000000000000002
N15_M01_F10_K006_16,K006,none,normal,N15_M01_F10,1499.57,none,6203_PU_2905,12000.0,14000.0,4.0432,normal,0.338,0.2138848652456126,1,-0.004,0.088,1.6167292328230078,1,0.013000000000000001
N15_M01_F10_K006_17,K006,none,normal,N15_M01_F10,1499.58,none,6203_PU_2905,12000.0,14000.0,4.2995,normal,0.378,0.2176844596706718,1,-0.008,0.422,0.23930315300752597,3,0.013000000000000001
N15_M01_F10_K006_18,K006,none,normal,N15_M01_F10,1499.62,none,6203_PU_2905,13333.3,14666.7,3.8188,normal,0.326,0.27985514585626975,0,0.009000000000000001,0.478,0.01717628524674538,1,0.014000000000000002
N15_M01_F10_K006_19,K006,none,normal,N15_M01_F10,1499.58,none,6203_PU_2905,10666.7,13333.3,3.9029,normal,0.618,-0.28885262006904516,1,-0.008,0.198,0.9006218737311037,2,0.014000000000000002
N15_M01_F10_K006_2,K006,none,normal,N15_M01_F10,1499.62,none,6203_PU_2905,10666.7,12000.0,3.8332,normal,0.528,-0.1807885015137741,0,-0.006,0.072,1.511990564303846,1,0.014000000000000002
N15_M01_F10_K006_20,K006,none,normal,N15_M01_F10,1499.6,none,6203_PU_2905,10666.7,13333.3,4.0662,normal,0.264,1.2475704405655477,1,-0.008,0.066,1.4019499228863725,3,0.014000000000000002
N15_M01_F10_K006_3,K006,none,normal,N15_M01_F10,1499.6,none,6203_PU_2905,10666.7,13333.3,3.3922,normal,0.256,0.8069621745877407,1,-0.006,0.096,2.1309528367471415,3,0.013000000000000001
N15_M01_F10_K006_4,K006,none,normal,N15_M01_F10,1499.63,none,6203_PU_2905,10666.7,13333.3,4.2878,normal,0.138,1.697411668431321,1,-0.006,0.618,-0.26770229192669814,2,0.014000000000000002
N15_M01_F10_K006_5,K006,none,normal,N15_M01_F10,1499.61,none,6203_PU_2905,13333.3,14666.7,3.5035,normal,0.19,1.242558624981959,0,-0.006,0.606,-0.2626454721299983,2,0.014000000000000002
N15_M01_F10_K006_6,K006,none,normal,N15_M01_F10,1499.59,none,6203_PU_2905,12000.0,14000.0,3.1612,normal,0.342,0.34217360433381755,1,-0.006999999999999999,0.082,2.289343080548612,1,0.015000000000000003
N15_M01_F10_K006_7,K006,none,normal,N15_M01_F10,1499.53,none,6203_PU_2905,12000.0,14000.0,4.0099,normal,0.394,0.7978632497360442,1,-0.004,0.15,1.7842397715750729,2,0.014000000000000002
N15_M01_F10_K006_8,K006,none,normal,N15_M01_F10,1499.62,none,6203_PU_2905,12000.0,14000.0,3.8635,inner_race,0.326,0.40619560633004215,1,-0.006999999999999999,0.022,1.6767284259838169,2,0.014000000000000002
N15_M01_F10_K006_9,K006,none,normal,N15_M01_F10,1499.63,none,6203_PU_2905,10666.7,13333.3,4.0493,normal,0.174,2.091009464201595,0,-0.006,0.27,0.5397935187354831,3,0.013000000000000001
N15_M01_F10_KA01_1,KA01,artificial,outer_race,N15_M01_F10,1499.7,none,6203_PU_2905,2666.7,5333.3,8.6567,outer_race,0.002,7.52004435032732,5,-0.006,0.572,-0.23378400642484481,2,-0.005000000000000001
N15_M01_F10_KA01_10,KA01,artificial,outer_race,N15_M01_F10,1499.68,none,6203_PU_2905,8000.0,9333.3,8.8317,outer_race,0.002,21.10844349922398,5,-0.005000000000000001,0.674,-0.5195004566726248,3,-0.006
N15_M01_F10_KA01_11,KA01,artificial,outer_race,N15_M01_F10,1499.48,none,6203_PU_2905,8000.0,10666.7,8.9719,outer_race,0.002,8.015412476348017,5,-0.006999999999999999,0.698,-0.547073906772925,3,-0.005000000000000001
N15_M01_F10_KA01_12,KA01,artificial,outer_race,N15_M01_F10,1500.17,none,6203_PU_2905,2666.7,5333.3,8.8455,outer_race,0.002,5.46555471390254,5,-0.006999999999999999,0.754,-0.5725549787865452,1,0.016000000000000004
N15_M01_F10_KA01_13,KA01,artificial,outer_race,N15_M01_F10,1499.74,none,6203_PU_2905,2666.7,5333.3,8.937,outer_race,0.002,6.911979795763146,5,-0.006,0.48,0.03737896929249839,1,0.014000000000000002
N15_M01_F10_KA01_14,KA01,artificial,outer_race,N15_M01_F10,1499.69,none,6203_PU_2905,8000.0,10666.7,9.3277,outer_race,0.002,12.303805551695369,5,-0.005000000000000001,0.67,-0.5218445390289166,0,0.014000000000000002
N15_M01_F10_KA01_15,KA01,artificial,outer_race,N15_M01_F10,1499.14,none,6203_PU_2905,8000.0,10666.7,9.1037,outer_race,0.002,7.699895873760292,5,-0.005000000000000001,0.744,-0.4388379598032909,0,0.013000000000000001
N15_M01_F10_KA01_16,KA01,artificial,outer_race,N15_M01_F10,1499.48,none,6203_PU_2905,8000.0,10666.7,9.2341,outer_race,0.002,5.532929456953407,5,-0.005000000000000001,0.7,-0.5443851774969577,3,-0.008
N15_M01_F10_KA01_17,KA01,artificial,outer_race,N15_M01_F10,1499.43,none,6203_PU_2905,8000.0,12000.0,8.9599,outer_race,0.002,6.8559042049468255,5,-0.004,0.728,-0.5377204070950165,2,-0.004
N15_M01_F10_KA01_18,KA01,artificial,outer_race,N15_M01_F10,1499.6,none,6203_PU_2905,8000.0,10666.7,9.5474,outer_race,0.002,6.736032408429672,5,-0.004,0.79,-0.6373781972510265,4,-0.006
N15_M01_F10_KA01_19,KA01,artificial,outer_race,N15_M01_F10,1499.74,none,6203_PU_2905,2666.7,5333.3,8.7961,outer_race,0.002,6.651734844890398,5,-0.004,0.43,0.15841142089539015,3,0.013000000000000001
N15_M01_F10_KA01_2,KA01,artificial,outer_race,N15_M01_F10,1499.73,none,6203_PU_2905,2666.7,5333.3,8.6386,outer_race,0.002,5.838646844445027,5,-0.006,0.66,-0.318873492452701,2,0.016000000000000004
N15_M01_F10_KA01_20,KA01,artificial,outer_race,N15_M01_F10,1500.3,none,6203_PU_2905,8000.0,10666.7,8.9007,outer_race,0.002,13.134427420953273,5,-0.006,0.66,-0.46718265141722226,4,-0.015
N15_M01_F10_KA01_3,KA01,artificial,outer_race,N15_M01_F10,1499.46,none,6203_PU_2905,2666.7,5333.3,8.6363,outer_race,0.002,6.121504563825254,5,-0.005000000000000001,0.476,0.19654767665895612,1,0.012
N15_M01_F10_KA01_4,KA01,artificial,outer_race,N15_M01_F10,1499.68,none,6203_PU_2905,8000.0,9333.3,9.1638,outer_race,0.002,7.010283081584501,5,-0.005000000000000001,0.688,-0.507320280952698,1,0.015000000000000003
N15_M01_F10_KA01_5,KA01,artificial,outer_race,N15_M01_F10,1499.89,none,6203_PU_2905,8000.0,9333.3,8.9981,outer_race,0.002,8.278887717072685,5,-0.006999999999999999,0.766,-0.5770837062349541,3,-0.019
N15_M01_F10_KA01_6,KA01,artificial,outer_race,N15_M01_F10,1499.76,none,6203_PU_2905,8000.0,9333.3,9.317,outer_race,0.002,8.134798404855514,5,-0.004,0.642,-0.34443966852109725,3,-0.005000000000000001
N15_M01_F10_KA01_7,KA01,artificial,outer_race,N15_M01_F10,1499.77,none,6203_PU_2905,2666.7,5333.3,8.7213,outer_race,0.002,4.61801771658355,5,-0.006,0.798,-0.5724728590131121,2,0.014000000000000002
N15_M01_F10_KA01_8,KA01,artificial,outer_race,N15_M01_F10,1499.42,none,6203_PU_2905,8000.0,9333.3,9.0192,outer_race,0.002,6.830747509332142,5,-0.004,0.826,-0.9029935704183796,4,-0.016
N15_M01_F10_KA01_9,KA01,artificial,outer_race,N15_M01_F10,1499.13,none,6203_PU_2905,8000.0,9333.3,8.7727,outer_race,0.002,11.01800588896284,5,-0.006,0.716,-0.5849529690111839,2,-0.015
N15_M01_F10_KA03_1,KA03,artificial,outer_race,N15_M01_F10,1499.73,none,6203_PU_2905,13333.3,14666.7,4.9352,normal,0.192,1.4226826410239344,0,0.016999999999999998,0.796,-0.5933125999667093,0,0.015000000000000003
N15_M01_F10_KA03_10,KA03,artificial,outer_race,N15_M01_F10,1499.53,none,6203_PU_2905,13333.3,14666.7,4.7749,normal,0.658,-0.3684502229764693,0,0.016999999999999998,0.732,-0.3234411220080069,1,0.0019999999999999983
N15_M01_F10_KA03_11,KA03,artificial,outer_race,N15_M01_F10,1499.64,none,6203_PU_2905,13333.3,14666.7,4.6944,normal,0.686,-0.524179066261054,0,0.011,0.284,0.5065521831012907,1,-0.012
N15_M01_F10_KA03_12,KA03,artificial,outer_race,N15_M01_F10,1499.67,none,6203_PU_2905,13333.3,14666.7,5.0229,normal,0.822,-0.7028201305893795,0,0.008,0.958,-1.1688432412427465,1,-0.005000000000000001
N15_M01_F10_KA03_13,KA03,artificial,outer_race,N15_M01_F10,1499.6,none,6203_PU_2905,13333.3,14666.7,5.8339,normal,0.76,-0.391130290706221,0,0.016999999999999998,0.334,0.4153611940184196,1,-0.006
N15_M01_F10_KA03_14,KA03,artificial,outer_race,N15_M01_F10,1499.7,none,6203_PU_2905,13333.3,14666.7,5.2254,normal,0.73,-0.7531079204239747,0,0.016999999999999998,0.904,-0.7823330691958924,1,-0.019
N15_M01_F10_KA03_15,KA03,artificial,outer_race,N15_M01_F10,1499.48,none,6203_PU_2905,13333.3,14666.7,6.9291,normal,0.854,-1.1902576141663035,0,-0.016,0.922,-1.3494541632092305,1,-0.005000000000000001
N15_M01_F10_KA03_16,KA03,artificial,outer_race,N15_M01_F10,1499.61,none,6203_PU_2905,13333.3,14666.7,6.4406,normal,0.836,-1.0174351147614875,0,0.009999999999999998,0.486,0.04622429368572474,0,0.015000000000000003
N15_M01_F10_KA03_17,KA03,artificial,outer_race,N15_M01_F10,1499.51,none,6203_PU_2905,13333.3,14666.7,5.5473,normal,0.204,0.8126063148489266,0,0.009000000000000001,0.748,-0.5219717651263692,0,0.015000000000000003
N15_M01_F10_KA03_18,KA03,artificial,outer_race,N15_M01_F10,1499.62,none,6203_PU_2905,13333.3,14666.7,4.8292,normal,0.49,0.006673620948988674,0,0.016000000000000004,0.94,-0.8555917192662328,0,0.013000000000000001
N15_M01_F10_KA03_19,KA03,artificial,outer_race,N15_M01_F10,1499.58,none,6203_PU_2905,13333.3,14666.7,5.4284,normal,0.12,3.363289755414649,1,0.009999999999999998,0.988,-2.5391289931967167,0,0.0
N15_M01_F10_KA03_2,KA03,artificial,outer_race,N15_M01_F10,1499.61,none,6203_PU_2905,13333.3,14666.7,5.3293,normal,0.708,-0.4321060885497394,0,0.008,0.4,0.19309390762490541,0,0.014000000000000002
N15_M01_F10_KA03_20,KA03,artificial,outer_race,N15_M01_F10,1499.64,none,6203_PU_2905,13333.3,14666.7,5.5861,normal,0.766,-0.9921924931375609,0,-0.01,0.712,-0.4436588818049119,0,0.006999999999999999
N15_M01_F10_KA03_3,KA03,artificial,outer_race,N15_M01_F10,1499.71,none,6203_PU_2905,13333.3,14666.7,5.3854,normal,0.978,-1.5422652957658423,0,0.016999999999999998,0.146,1.5189567656769458,0,0.004
N15_M01_F10_KA03_4,KA03,artificial,outer_race,N15_M01_F10,1499.42,none,6203_PU_2905,13333.3,14666.7,5.4914,normal,0.45,0.23562803825297804,0,-0.02,0.604,-0.2537263881671513,1,0.014000000000000002
N15_M01_F10_KA03_5,KA03,artificial,outer_race,N15_M01_F10,1499.58,none,6203_PU_2905,13333.3,14666.7,6.0984,normal,0.878,-1.2747436689292346,0,0.011,0.964,-1.3045165673892574,1,-0.013000000000000001
N15_M01_F10_KA03_6,KA03,artificial,outer_race,N15_M01_F10,1499.63,none,6203_PU_2905,13333.3,14666.7,5.7775,normal,0.834,-0.9897211608263587,0,-0.018000000000000002,0.406,0.35528950584403285,1,0.015000000000000003
N15_M01_F10_KA03_7,KA03,artificial,outer_race,N15_M01_F10,1499.56,none,6203_PU_2905,13333.3,14666.7,5.0151,normal,0.696,-0.7006738792085203,0,0.009999999999999998,0.308,0.6491737574998698,1,-0.005000000000000001
N15_M01_F10_KA03_8,KA03,artificial,outer_race,N15_M01_F10,1499.68,none,6203_PU_2905,13333.3,14666.7,6.2427,normal,0.648,-0.23251015724637772,0,-0.006999999999999999,0.442,0.058325931279913354,0,0.015000000000000003
N15_M01_F10_KA03_9,KA03,artificial,outer_race,N15_M01_F10,1499.59,none,6203_PU_2905,13333.3,14666.7,5.5576,normal,0.296,0.37882502085349745,0,0.016000000000000004,0.502,-0.0005923353090079619,0,0.014000000000000002
N15_M01_F10_KA04_1,KA04,real,outer_race,N15_M01_F10,1499.69,none,6203_PU_2855,8000.0,12000.0,5.9946,outer_race,0.002,11.51891864618444,5,-0.0019999999999999983,0.594,-0.14774447212761452,4,0.02
N15_M01_F10_KA04_10,KA04,real,outer_race,N15_M01_F10,1499.66,none,6203_PU_2855,8000.0,12000.0,6.9105,outer_race,0.002,8.992060227258634,5,-0.0019999999999999983,0.62,-0.11645672578848248,3,0.02
N15_M01_F10_KA04_11,KA04,real,outer_race,N15_M01_F10,1499.66,none,6203_PU_2855,8000.0,12000.0,6.9327,outer_race,0.002,8.777192546707465,5,-0.0019999999999999983,0.602,-0.16537158458776402,2,-0.013000000000000001
N15_M01_F10_KA04_12,KA04,real,outer_race,N15_M01_F10,1499.66,none,6203_PU_2855,8000.0,10666.7,7.0798,outer_race,0.002,11.918582440348985,5,-0.0010000000000000009,0.844,-0.8591555747856883,0,0.015000000000000003
N15_M01_F10_KA04_13,KA04,real,outer_race,N15_M01_F10,1499.6,none,6203_PU_2855,8000.0,10666.7,7.066,outer_race,0.002,11.070760639419108,5,-0.0019999999999999983,0.642,-0.24834857894374004,2,-0.012
N15_M01_F10_KA04_14,KA04,real,outer_race,N15_M01_F10,1499.66,none,6203_PU_2855,8000.0,12000.0,7.0631,outer_race,0.002,8.612908189881095,5,-0.0010000000000000009,0.714,-0.6982386218401934,3,-0.012
N15_M01_F10_KA04_15,KA04,real,outer_race,N15_M01_F10,1499.62,none,6203_PU_2855,8000.0,12000.0,7.6295,outer_race,0.002,12.669195896081614,5,-0.0010000000000000009,0.618,-0.1562926077674437,3,-0.012
N15_M01_F10_KA04_16,KA04,real,outer_race,N15_M01_F10,1499.49,none,6203_PU_2855,8000.0,12000.0,7.4827,outer_race,0.002,9.956457289256974,5,-0.0010000000000000009,0.514,-0.07584424788017351,2,0.02
N15_M01_F10_KA04_17,KA04,real,outer_race,N15_M01_F10,1499.74,none,6203_PU_2855,8000.0,12000.0,7.2069,outer_race,0.002,8.677507575963583,5,-0.0019999999999999983,0.67,-0.4910265171933239,3,0.02
N15_M01_F10_KA04_18,KA04,real,outer_race,N15_M01_F10,1499.66,none,6203_PU_2855,8000.0,12000.0,7.8179,outer_race,0.002,10.61271209118938,5,-0.0010000000000000009,0.67,-0.5055183899841403,4,-0.012
N15_M01_F10_KA04_19,KA04,real,outer_race,N15_M01_F10,1499.62,none,6203_PU_2855,8000.0,12000.0,7.2329,outer_race,0.002,7.606350651128307,5,-0.0019999999999999983,0.598,-0.21552976203683866,2,0.02
N15_M01_F10_KA04_2,KA04,real,outer_race,N15_M01_F10,1499.5,none,6203_PU_2855,8000.0,12000.0,5.9927,outer_race,0.002,13.272359090407603,5,-0.0010000000000000009,0.558,-0.093560366204522,3,-0.013000000000000001
N15_M01_F10_KA04_20,KA04,real,outer_race,N15_M01_F10,1499.74,none,6203_PU_2855,8000.0,12000.0,7.2696,outer_race,0.002,14.579933477115855,5,-0.0019999999999999983,0.718,-0.5987955432170423,3,0.02
N15_M01_F10_KA04_3,KA04,real,outer_race,N15_M01_F10,1499.56,none,6203_PU_2855,8000.0,12000.0,5.9107,outer_race,0.002,12.88042208230826,5,-0.0010000000000000009,0.714,-0.3321889325428718,2,0.02
N15_M01_F10_KA04_4,KA04,real,outer_race,N15_M01_F10,1499.58,none,6203_PU_2855,8000.0,12000.0,6.2411,outer_race,0.002,10.332362892643621,5,-0.0010000000000000009,0.508,-0.009144797966076403,2,0.02
N15_M01_F10_KA04_5,KA04,real,outer_race,N15_M01_F10,1499.63,none,6203_PU_2855,8000.0,12000.0,6.3948,outer_race,0.002,17.188333054712594,5,-0.0010000000000000009,0.582,-0.2827095499567506,2,0.02
N15_M01_F10_KA04_6,KA04,real,outer_race,N15_M01_F10,1499.59,none,6203_PU_2855,8000.0,12000.0,5.7524,outer_race,0.002,14.968357957038435,5,-0.0010000000000000009,0.738,-0.7299096614071792,3,-0.012
N15_M01_F10_KA04_7,KA04,real,outer_race,N15_M01_F10,1499.63,none,6203_PU_2855,8000.0,10666.7,6.2861,outer_race,0.002,5.703766833888026,5,-0.0010000000000000009,0.742,-0.6083373748105536,2,0.02
N15_M01_F10_KA04_8,KA04,real,outer_race,N15_M01_F10,1499.54,none,6203_PU_2855,8000.0,10666.7,6.6185,outer_race,0.002,7.3576697525828845,5,-0.0010000000000000009,0.64,-0.39181436349735893,3,-0.012
N15_M01_F10_KA04_9,KA04,real,outer_race,N15_M01_F10,1499.5,none,6203_PU_2855,8000.0,10666.7,6.4996,outer_race,0.002,6.114398450940677,5,-0.0010000000000000009,0.588,-0.27898547671860496,2,0.019
N15_M01_F10_KA05_1,KA05,artificial,outer_race,N15_M01_F10,1499.67,none,6203_PU_2905,10666.7,13333.3,6.7137,normal,0.31,0.38386995160154747,1,-0.008,0.438,0.12279971006048931,1,0.002999999999999999
N15_M01_F10_KA05_10,KA05,artificial,outer_race,N15_M01_F10,1499.59,none,6203_PU_2905,10666.7,13333.3,6.6881,normal,0.356,0.35982555921704446,0,0.015000000000000003,0.73,-0.5204796257606735,1,-0.005000000000000001
N15_M01_F10_KA05_11,KA05,artificial,outer_race,N15_M01_F10,1499.56,none,6203_PU_2905,13333.3,14666.7,7.9373,normal,0.47,0.07998549757967728,0,-0.006999999999999999,0.632,-0.32586406506270127,1,0.015000000000000003
N15_M01_F10_KA05_12,KA05,artificial,outer_race,N15_M01_F10,1499.4,none,6203_PU_2905,10666.7,13333.3,7.1328,normal,0.872,-0.8671709548679524,0,-0.006999999999999999,0.172,1.5891403423846717,1,0.014000000000000002
N15_M01_F10_KA05_13,KA05,artificial,outer_race,N15_M01_F10,1499.56,none,6203_PU_2905,10666.7,13333.3,10.0274,normal,0.82,-0.7481219040937968,1,-0.008,0.83,-0.9055291752967128,1,0.016000000000000004
N15_M01_F10_KA05_14,KA05,artificial,outer_race,N15_M01_F10,1499.6,none,6203_PU_2905,10666.7,13333.3,6.2625,normal,0.648,-0.2956733572703116,0,0.009000000000000001,0.27,0.6449973935286629,1,0.015000000000000003
N15_M01_F10_KA05_15,KA05,artificial,outer_race,N15_M01_F10,1499.6,none,6203_PU_2905,12000.0,14000.0,10.3045,normal,0.56,-0.179288179034873,0,-0.006,0.256,0.6912702227030275,0,0.009999999999999998
N15_M01_F10_KA05_16,KA05,artificial,outer_race,N15_M01_F10,1499.63,none,6203_PU_2905,10666.7,13333.3,6.2254,normal,0.698,-0.4469770065944217,0,0.016000000000000004,0.298,0.7227495296489886,3,0.016000000000000004
N15_M01_F10_KA05_17,KA05,artificial,outer_race,N15_M01_F10,1499.64,none,6203_PU_2905,12000.0,14000.0,7.7536,normal,0.57,-0.18080950520480987,0,0.011,0.51,-0.028852265647119464,2,0.016000000000000004
N15_M01_F10_KA05_18,KA05,artificial,outer_race,N15_M01_F10,1499.74,none,6203_PU_2905,10666.7,13333.3,6.8132,normal,0.54,-0.16391094247041826,1,-0.006999999999999999,0.21,0.8183893875628989,2,0.016000000000000004
N15_M01_F10_KA05_19,KA05,artificial,outer_race,N15_M01_F10,1499.59,none,6203_PU_2905,10666.7,13333.3,8.3383,normal,0.268,1.2456688917878789,1,-0.006999999999999999,0.856,-0.9011527690264862,0,0.0010000000000000009
N15_M01_F10_KA05_2,KA05,artificial,outer_race,N15_M01_F10,1499.62,none,6203_PU_2905,12000.0,14000.0,7.1057,normal,0.904,-1.063908931289072,0,-0.008,0.986,-1.5628186340749006,0,0.009000000000000001
N15_M01_F10_KA05_20,KA05,artificial,outer_race,N15_M01_F10,1499.6,none,6203_PU_2905,10666.7,13333.3,8.7067,normal,0.976,-1.2551458938073707,0,0.009999999999999998,0.034,2.1342833290895933,2,0.016000000000000004
N15_M01_F10_KA05_3,KA05,artificial,outer_race,N15_M01_F10,1499.49,none,6203_PU_2905,13333.3,14666.7,7.3574,normal,0.516,-0.027955493679924642,1,0.015000000000000003,0.112,1.3892647157409226,2,0.014000000000000002
N15_M01_F10_KA05_4,KA05,artificial,outer_race,N15_M01_F10,1499.54,none,6203_PU_2905,12000.0,14000.0,8.2795,normal,0.854,-1.0676863282016877,0,-0.008,0.274,0.5853838931979259,1,0.002999999999999999
N15_M01_F10_KA05_5,KA05,artificial,outer_race,N15_M01_F10,1499.61,none,6203_PU_2905,10666.7,13333.3,6.4098,normal,0.37,0.7789622876839671,1,-0.006,0.178,1.168622148690715,2,0.009999999999999998
N15_M01_F10_KA05_6,KA05,artificial,outer_race,N15_M01_F10,1499.41,none,6203_PU_2905,10666.7,13333.3,6.3076,normal,0.544,-0.047711858250779914,1,-0.006,0.7,-0.47325083271473734,2,0.014000000000000002
N15_M01_F10_KA05_7,KA05,artificial,outer_race,N15_M01_F10,1499.69,none,6203_PU_2905,10666.7,12000.0,7.1325,normal,0.842,-0.7653691730079665,0,0.011,0.468,0.16276225298237673,1,0.013000000000000001
N15_M01_F10_KA05_8,KA05,artificial,outer_race,N15_M01_F10,1499.51,none,6203_PU_2905,10666.7,13333.3,6.9925,normal,0.426,0.12119075451673571,1,0.016000000000000004,0.21,0.786801840020451,2,0.016000000000000004
N15_M01_F10_KA05_9,KA05,artificial,outer_race,N15_M01_F10,1499.68,none,6203_PU_2905,12000.0,14000.0,6.2648,normal,0.656,-0.30885727520774825,0,0.015000000000000003,0.496,0.005657770306285658,2,0.002999999999999999
N15_M01_F10_KA06_1,KA06,artificial,outer_race,N15_M01_F10,1499.43,none,6203_PU_2905,12000.0,14000.0,7.1571,normal,0.742,-0.4505004489566155,1,-0.006999999999999999,0.782,-0.7138875542392907,1,0.002999999999999999
N15_M01_F10_KA06_10,KA06,artificial,outer_race,N15_M01_F10,1499.37,none,6203_PU_2905,12000.0,14000.0,6.8581,normal,0.588,-0.2611770087966196,0,0.009999999999999998,0.708,-0.46859780975709714,1,0.002999999999999999
N15_M01_F10_KA06_11,KA06,artificial,outer_race,N15_M01_F10,1499.5,none,6203_PU_2905,12000.0,14000.0,5.4562,normal,0.194,1.4411160172814865,0,-0.008,0.182,1.1582652504488216,2,0.016000000000000004
N15_M01_F10_KA06_12,KA06,artificial,outer_race,N15_M01_F10,1499.49,none,6203_PU_2905,12000.0,14000.0,7.2891,normal,0.79,-0.9538493290601214,0,-0.005000000000000001,0.128,1.34957624735363,0,0.008
N15_M01_F10_KA06_13,KA06,artificial,outer_race,N15_M01_F10,1499.89,none,6203_PU_2905,12000.0,14000.0,5.7839,normal,0.422,0.16187532193913398,0,0.009999999999999998,0.58,-0.22176670342061458,2,0.015000000000000003
N15_M01_F10_KA06_14,KA06,artificial,outer_race,N15_M01_F10,1500.03,none,6203_PU_2905,12000.0,14000.0,6.5672,normal,0.326,1.022234250906345,1,-0.006,0.61,-0.2124068302876761,3,0.015000000000000003
N15_M01_F10_KA06_15,KA06,artificial,outer_race,N15_M01_F10,1499.36,none,6203_PU_2905,12000.0,14000.0,6.2473,normal,0.412,0.14370178633705916,0,-0.004,0.844,-0.8616421414632449,1,-0.012
N15_M01_F10_KA06_16,KA06,artificial,outer_race,N15_M01_F10,1500.01,none,6203_PU_2905,10666.7,13333.3,5.8541,normal,0.568,-0.06242362014425203,0,-0.004,0.556,-0.1288618476209597,1,-0.011
N15_M01_F10_KA06_17,KA06,artificial,outer_race,N15_M01_F10,1499.49,none,6203_PU_2905,13333.3,14666.7,5.3637,normal,0.854,-0.6906266571966861,0,-0.006999999999999999,0.688,-0.3877285460323617,2,0.016000000000000004
N15_M01_F10_KA06_18,KA06,artificial,outer_race,N15_M01_F10,1499.29,none,6203_PU_2905,13333.3,14666.7,5.5254,normal,0.628,-0.2535723302009714,0,0.015000000000000003,0.118,1.0685016383076724,1,0.014000000000000002
N15_M01_F10_KA06_19,KA06,artificial,outer_race,N15_M01_F10,1499.8,none,6203_PU_2905,13333.3,14666.7,5.8386,normal,0.326,0.8473847574259898,0,-0.006999999999999999,0.09,2.1042663361599994,2,0.015000000000000003
N15_M01_F10_KA06_2,KA06,artificial,outer_race,N15_M01_F10,1499.95,none,6203_PU_2905,12000.0,14000.0,6.7801,normal,0.334,0.5440314572317719,0,-0.006999999999999999,0.37,0.22866116224127608,1,0.015000000000000003
N15_M01_F10_KA06_20,KA06,artificial,outer_race,N15_M01_F10,1499.62,none,6203_PU_2905,12000.0,14000.0,7.1477,normal,0.638,-0.49588013578816603,1,-0.006,0.856,-1.0329625838475804,2,0.016000000000000004
N15_M01_F10_KA06_3,KA06,artificial,outer_race,N15_M01_F10,1499.65,none,6203_PU_2905,13333.3,14666.7,6.605,normal,0.602,-0.03655147151513889,0,-0.005000000000000001,0.658,-0.4044032702257255,1,-0.012
N15_M01_F10_KA06_4,KA06,artificial,outer_race,N15_M01_F10,1499.67,none,6203_PU_2905,13333.3,14666.7,5.6986,normal,0.444,0.45153909618502325,0,0.011,0.714,-0.5443224584939845,0,0.02
N15_M01_F10_KA06_5,KA06,artificial,outer_race,N15_M01_F10,1499.69,none,6203_PU_2905,12000.0,14000.0,5.8058,normal,0.274,0.921831303509202,1,-0.005000000000000001,0.314,0.47953728453156697,1,0.016000000000000004
N15_M01_F10_KA06_6,KA06,artificial,outer_race,N15_M01_F10,1499.43,none,6203_PU_2905,10666.7,13333.3,5.8918,normal,0.324,1.0914180353863727,0,-0.006,0.572,-0.15667141474461135,2,0.014000000000000002
N15_M01_F10_KA06_7,KA06,artificial,outer_race,N15_M01_F10,1499.5,none,6203_PU_2905,10666.7,13333.3,5.9454,normal,0.458,0.17650682697527786,1,-0.004,0.796,-0.665403584932413,1,0.014000000000000002
N15_M01_F10_KA06_8,KA06,artificial,outer_race,N15_M01_F10,1499.61,none,6203_PU_2905,13333.3,14666.7,7.4087,normal,0.796,-0.5780375544778672,0,0.009999999999999998,0.714,-0.6224804787316294,1,0.014000000000000002
N15_M01_F10_KA06_9,KA06,artificial,outer_race,N15_M01_F10,1499.36,none,6203_PU_2905,13333.3,14666.7,6.0717,normal,0.562,-0.33585190589457053,0,0.009999999999999998,0.694,-0.4825336222541259,1,0.014000000000000002
N15_M01_F10_KA07_1,KA07,artificial,outer_race,N15_M01_F10,1499.22,none,6203_PU_2905,10666.7,13333.3,5.3661,normal,0.44,0.47502268437858697,1,-0.005000000000000001,0.422,0.23480748870503496,1,0.016999999999999998
N15_M01_F10_KA07_10,KA07,artificial,outer_race,N15_M01_F10,1499.58,none,6203_PU_2905,10666.7,13333.3,5.6444,normal,0.85,-0.5601755604134748,1,-0.006,0.302,0.82550000019991,1,0.012
N15_M01_F10_KA07_11,KA07,artificial,outer_race,N15_M01_F10,1499.62,none,6203_PU_2905,10666.7,13333.3,7.1848,normal,0.608,-0.2650031610817557,1,-0.006999999999999999,0.156,1.682358911521695,2,0.016000000000000004
N15_M01_F10_KA07_12,KA07,artificial,outer_race,N15_M01_F10,1499.46,none,6203_PU_2905,10666.7,13333.3,5.9787,normal,0.7,-0.3922706979513094,1,-0.006999999999999999,0.13,1.0578122390055031,3,0.014000000000000002
N15_M01_F10_KA07_13,KA07,artificial,outer_race,N15_M01_F10,1499.86,none,6203_PU_2905,10666.7,13333.3,6.9365,normal,0.93,-1.1308053551111976,1,-0.006999999999999999,0.076,2.118634034876627,2,0.013000000000000001
N15_M01_F10_KA07_14,KA07,artificial,outer_race,N15_M01_F10,1499.56,none,6203_PU_2905,10666.7,13333.3,7.7545,normal,0.42,0.609283815200931,1,-0.006999999999999999,0.056,2.1649888058114413,0,0.02
N15_M01_F10_KA07_15,KA07,artificial,outer_race,N15_M01_F10,1499.63,none,6203_PU_2905,12000.0,14000.0,7.7868,normal,0.324,0.8525991554286951,1,-0.006,0.618,-0.24597121366174704,2,0.014000000000000002
N15_M01_F10_KA07_16,KA07,artificial,outer_race,N15_M01_F10,1499.74,none,6203_PU_2905,10666.7,13333.3,5.7413,normal,0.582,-0.04493796988193399,0,0.016999999999999998,0.202,1.4797046234087452,2,0.014000000000000002
N15_M01_F10_KA07_17,KA07,artificial,outer_race,N15_M01_F10,1499.53,none,6203_PU_2905,10666.7,13333.3,5.6332,normal,0.722,-0.39898490311783663,1,-0.006999999999999999,0.216,0.7135683997609162,0,0.02
N15_M01_F10_KA07_18,KA07,artificial,outer_race,N15_M01_F10,1499.62,none,6203_PU_2905,10666.7,13333.3,6.4123,normal,0.574,-0.10541376813967639,1,-0.006,0.154,1.0097946720105044,2,0.016000000000000004
N15_M01_F10_KA07_19,KA07,artificial,outer_race,N15_M01_F10,1499.48,none,6203_PU_2905,12000.0,14000.0,7.0569,normal,0.532,-0.19220998456556368,1,-0.006999999999999999,0.032,2.588014583202102,1,0.015000000000000003
N15_M01_F10_KA07_2,KA07,artificial,outer_race,N15_M01_F10,1499.65,none,6203_PU_2905,10666.7,13333.3,6.0447,normal,0.522,-0.10961632640188404,1,-0.005000000000000001,0.444,0.10904382306742767,2,0.014000000000000002
N15_M01_F10_KA07_20,KA07,artificial,outer_race,N15_M01_F10,1499.53,none,6203_PU_2905,10666.7,13333.3,7.4473,normal,0.396,0.44597474048914026,2,-0.005000000000000001,0.558,-0.1352103016794905,2,0.014000000000000002
N15_M01_F10_KA07_3,KA07,artificial,outer_race,N15_M01_F10,1499.47,none,6203_PU_2905,10666.7,13333.3,5.753,normal,0.496,0.01271519810756257,1,-0.006999999999999999,0.124,1.4958011900541572,2,0.014000000000000002
N15_M01_F10_KA07_4,KA07,artificial,outer_race,N15_M01_F10,1499.65,none,6203_PU_2905,12000.0,14000.0,9.0418,normal,0.78,-0.7957003183585881,1,-0.005000000000000001,0.452,0.20737060921835826,2,0.016000000000000004
N15_M01_F10_KA07_5,KA07,artificial,outer_race,N15_M01_F10,1499.58,none,6203_PU_2905,10666.7,13333.3,6.7565,normal,0.56,-0.11755068878241061,1,-0.006,0.328,0.3565868458241494,2,0.013000000000000001
N15_M01_F10_KA07_6,KA07,artificial,outer_race,N15_M01_F10,1499.58,none,6203_PU_2905,10666.7,13333.3,7.358,normal,0.65,-0.3150859150410053,1,-0.006999999999999999,0.534,-0.06958812919768326,0,-0.02
N15_M01_F10_KA07_7,KA07,artificial,outer_race,N15_M01_F10,1499.7,none,6203_PU_2905,10666.7,13333.3,6.8328,normal,0.366,0.3227540631954213,1,-0.008,0.188,1.1124226274290958,3,0.014000000000000002
N15_M01_F10_KA07_8,KA07,artificial,outer_race,N15_M01_F10,1499.66,none,6203_PU_2905,10666.7,13333.3,6.7818,normal,0.944,-0.7910369514020023,1,-0.006999999999999999,0.452,0.06469732189874271,1,0.004
N15_M01_F10_KA07_9,KA07,artificial,outer_race,N15_M01_F10,1499.45,none,6203_PU_2905,12000.0,14000.0,7.6101,normal,0.822,-0.630268686756228,1,-0.005000000000000001,0.314,0.5337845481513456,1,-0.012
N15_M01_F10_KA08_1,KA08,artificial,outer_race,N15_M01_F10,1499.65,none,6203_PU_2905,12000.0,14000.0,7.6106,normal,0.754,-0.6265506821076323,1,-0.006999999999999999,0.16,1.0226701878220703,2,0.016999999999999998
N15_M01_F10_KA08_10,KA08,artificial,outer_race,N15_M01_F10,1499.64,none,6203_PU_2905,10666.7,13333.3,6.8844,normal,0.992,-1.0087145164819464,0,0.004,0.402,0.22366146409537158,1,-0.004
N15_M01_F10_KA08_11,KA08,artificial,outer_race,N15_M01_F10,1499.58,none,6203_PU_2905,10666.7,13333.3,6.1383,normal,0.428,0.222359382590222,1,-0.006,0.224,1.1754471054156275,2,0.016999999999999998
N15_M01_F10_KA08_12,KA08,artificial,outer_race,N15_M01_F10,1499.67,none,6203_PU_2905,10666.7,13333.3,5.7126,normal,0.93,-0.7977525368068765,0,0.02,0.332,0.48099075940840036,1,0.004
N15_M01_F10_KA08_13,KA08,artificial,outer_race,N15_M01_F10,1499.54,none,6203_PU_2905,12000.0,14000.0,5.881,normal,0.74,-0.4005700870581525,1,-0.006999999999999999,0.142,2.5950843718141505,2,0.002999999999999999
N15_M01_F10_KA08_14,KA08,artificial,outer_race,N15_M01_F10,1499.57,none,6203_PU_2905,12000.0,14000.0,5.9065,normal,0.672,-0.38522183113333164,1,-0.005000000000000001,0.146,0.9665136016784954,2,0.016999999999999998
N15_M01_F10_KA08_15,KA08,artificial,outer_race,N15_M01_F10,1499.96,none,6203_PU_2905,10666.7,13333.3,5.8298,normal,0.418,0.11886182346303276,1,-0.006,0.288,0.7056902578475756,2,0.012
N15_M01_F10_KA08_16,KA08,artificial,outer_race,N15_M01_F10,1499.51,none,6203_PU_2905,13333.3,14666.7,6.0001,normal,0.376,0.1590445664642414,1,-0.005000000000000001,0.252,0.6619798720703451,0,0.002999999999999999
N15_M01_F10_KA08_17,KA08,artificial,outer_race,N15_M01_F10,1499.53,none,6203_PU_2905,12000.0,14000.0,5.5585,normal,0.71,-0.45884062665999875,1,-0.005000000000000001,0.168,1.3839251385933087,1,0.013000000000000001
N15_M01_F10_KA08_18,KA08,artificial,outer_race,N15_M01_F10,1499.85,none,6203_PU_2905,10666.7,13333.3,7.665,normal,0.714,-0.25380995351176233,1,-0.006,0.238,0.999167592574549,1,0.002999999999999999
N15_M01_F10_KA08_19,KA08,artificial,outer_race,N15_M01_F10,1499.76,none,6203_PU_2905,10666.7,13333.3,6.8561,normal,0.336,0.2747735390797896,1,-0.006,0.72,-0.4231095251266685,2,0.004
N15_M01_F10_KA08_20,KA08,artificial,outer_race,N15_M01_F10,1499.44,none,6203_PU_2905,10666.7,13333.3,5.5364,normal,0.968,-1.209204445661571,1,-0.005000000000000001,0.156,1.198171941803947,1,-0.002999999999999999
N15_M01_F10_KA08_3,KA08,artificial,outer_race,N15_M01_F10,1499.8,none,6203_PU_2905,12000.0,14000.0,7.7513,normal,0.868,-1.0862764212618288,1,-0.006,0.058,1.5551989763338496,2,0.002999999999999999
N15_M01_F10_KA08_4,KA08,artificial,outer_race,N15_M01_F10,1499.64,none,6203_PU_2905,10666.7,13333.3,5.6073,normal,0.554,-0.14386098444760687,1,-0.006,0.172,1.4353369010594346,2,0.012
N15_M01_F10_KA08_5,KA08,artificial,outer_race,N15_M01_F10,1499.49,none,6203_PU_2905,10666.7,13333.3,7.4326,normal,0.51,-0.03729916764603824,1,-0.006999999999999999,0.546,-0.11043348610187759,1,0.004
N15_M01_F10_KA08_6,KA08,artificial,outer_race,N15_M01_F10,1499.64,none,6203_PU_2905,10666.7,13333.3,6.179,normal,0.774,-0.6315544664992476,1,-0.006999999999999999,0.246,0.853961096400902,1,-0.011
N15_M01_F10_KA08_7,KA08,artificial,outer_race,N15_M01_F10,1499.65,none,6203_PU_2905,10666.7,13333.3,6.6121,normal,0.576,-0.13823388146096674,1,-0.006,0.044,1.6727493793344896,2,0.002999999999999999
N15_M01_F10_KA08_8,KA08,artificial,outer_race,N15_M01_F10,1499.56,none,6203_PU_2905,10666.7,13333.3,5.3169,inner_race,0.726,-0.5394558762227495,1,-0.005000000000000001,0.02,3.0449451712990223,3,0.014000000000000002
N15_M01_F10_KA08_9,KA08,artificial,outer_race,N15_M01_F10,1499.51,none,6203_PU_2905,10666.7,13333.3,8.4354,normal,0.672,-0.32156025870283805,1,-0.005000000000000001,0.532,-0.08384238254213927,2,0.015000000000000003
N15_M01_F10_KA09_1,KA09,artificial,outer_race,N15_M01_F10,1499.8,none,6203_PU_2905,13333.3,14666.7,5.7334,normal,0.196,1.4374125616930358,1,-0.006,0.606,-0.3175453697939686,1,0.0019999999999999983
N15_M01_F10_KA09_10,KA09,artificial,outer_race,N15_M01_F10,1499.6,none,6203_PU_2905,12000.0,14000.0,5.1199,inner_race,0.712,-0.6812437802406796,1,-0.004,0.002,3.2334728477021413,4,0.016000000000000004
N15_M01_F10_KA09_11,KA09,artificial,outer_race,N15_M01_F10,1500.29,none,6203_PU_2905,10666.7,13333.3,5.5738,normal,0.384,0.22230236171351145,0,0.011,0.488,0.059973048246319105,2,0.015000000000000003
N15_M01_F10_KA09_12,KA09,artificial,outer_race,N15_M01_F10,1499.13,none,6203_PU_2905,10666.7,13333.3,6.1739,normal,0.5,0.035224337526881054,1,-0.005000000000000001,0.13,1.6570134317681788,3,0.016000000000000004
N15_M01_F10_KA09_13,KA09,artificial,outer_race,N15_M01_F10,1499.47,none,6203_PU_2905,10666.7,13333.3,5.553,normal,0.292,0.945695902089753,1,-0.006999999999999999,0.078,2.430814463719284,2,0.016999999999999998
N15_M01_F10_KA09_14,KA09,artificial,outer_race,N15_M01_F10,1500.81,none,6203_PU_2905,12000.0,14000.0,6.5807,normal,0.946,-1.1567759413583165,1,-0.005000000000000001,0.152,1.1788539811802645,2,0.016000000000000004
N15_M01_F10_KA09_15,KA09,artificial,outer_race,N15_M01_F10,1499.64,none,6203_PU_2905,12000.0,14000.0,6.6622,normal,0.588,-0.5108350743018926,1,-0.006,0.242,0.9224710954613919,3,0.016000000000000004
N15_M01_F10_KA09_16,KA09,artificial,outer_race,N15_M01_F10,1499.12,none,6203_PU_2905,13333.3,14666.7,6.0044,normal,0.24,1.337281059422607,0,-0.005000000000000001,0.082,1.634830324108792,2,0.016999999999999998
N15_M01_F10_KA09_17,KA09,artificial,outer_race,N15_M01_F10,1500.5,none,6203_PU_2905,10666.7,13333.3,5.9006,normal,0.47,0.050954408337951715,1,-0.006999999999999999,0.258,0.6861167774764307,0,0.019
N15_M01_F10_KA09_18,KA09,artificial,outer_race,N15_M01_F10,1499.25,none,6203_PU_2905,10666.7,13333.3,5.6246,normal,0.242,1.2650884997057992,0,0.012,0.214,1.3187509022034434,2,0.016999999999999998
N15_M01_F10_KA09_19,KA09,artificial,outer_race,N15_M01_F10,1500.79,none,6203_PU_2905,13333.3,14666.7,5.8752,inner_race,0.694,-0.29411597461831623,0,0.0,0.002,2.687872542240491,3,0.015000000000000003
N15_M01_F10_KA09_2,KA09,artificial,outer_race,N15_M01_F10,1499.67,none,6203_PU_2905,12000.0,14000.0,5.0972,normal,0.458,0.17472002494673408,1,-0.005000000000000001,0.228,0.8194605013771411,1,-0.011
N15_M01_F10_KA09_20,KA09,artificial,outer_race,N15_M01_F10,1499.69,none,6203_PU_2905,12000.0,14000.0,6.1395,normal,0.378,0.5735449519678134,1,-0.006,0.092,1.477390873281177,3,0.016000000000000004
N15_M01_F10_KA09_3,KA09,artificial,outer_race,N15_M01_F10,1500.78,none,6203_PU_2905,10666.7,13333.3,5.3469,normal,0.126,1.4377211658938178,1,-0.008,0.346,0.4076611600017338,2,0.015000000000000003
N15_M01_F10_KA09_4,KA09,artificial,outer_race,N15_M01_F10,1500.52,none,6203_PU_2905,12000.0,14000.0,6.0644,normal,0.424,0.36544021274841887,1,-0.006999999999999999,0.358,0.4615795268934324,2,0.011
N15_M01_F10_KA09_5,KA09,artificial,outer_race,N15_M01_F10,1499.2,none,6203_PU_2905,13333.3,14666.7,5.5054,normal,0.206,0.9482195676150478,0,-0.006,0.17,1.1051295794268787,2,0.013000000000000001
N15_M01_F10_KA09_6,KA09,artificial,outer_race,N15_M01_F10,1500.37,none,6203_PU_2905,10666.7,13333.3,7.1855,normal,0.318,0.26545277223848707,1,-0.006999999999999999,0.208,1.1349122965400789,1,0.009999999999999998
N15_M01_F10_KA09_7,KA09,artificial,outer_race,N15_M01_F10,1499.75,none,6203_PU_2905,10666.7,13333.3,5.4393,normal,0.354,0.38529302096501694,0,-0.005000000000000001,0.074,2.629570468728791,3,0.016000000000000004
N15_M01_F10_KA09_8,KA09,artificial,outer_race,N15_M01_F10,1499.41,none,6203_PU_2905,12000.0,14000.0,6.3592,normal,0.454,0.03349489866578873,1,-0.005000000000000001,0.268,0.6825456650242151,3,0.016000000000000004
N15_M01_F10_KA09_9,KA09,artificial,outer_race,N15_M01_F10,1499.83,none,6203_PU_2905,10666.7,13333.3,5.4635,normal,0.776,-0.4579275280694775,1,-0.006,0.228,0.8915678170187421,2,0.015000000000000003
N15_M01_F10_KA15_1,KA15,real,outer_race,N15_M01_F10,1499.62,none,6203_PU_2855,12000.0,14000.0,6.3084,normal,0.846,-0.6956531894663311,0,-0.018000000000000002,0.908,-0.8411889045267998,0,0.011
N15_M01_F10_KA15_10,KA15,real,outer_race,N15_M01_F10,1499.5,none,6203_PU_2855,12000.0,14000.0,5.3586,normal,0.654,-0.6543949572727488,0,-0.012,0.92,-1.1059114715313243,1,-0.009000000000000001
N15_M01_F10_KA15_11,KA15,real,outer_race,N15_M01_F10,1499.41,none,6203_PU_2855,12000.0,14000.0,4.6295,normal,0.428,0.20178640890757224,1,0.016999999999999998,0.562,-0.11218401673798763,1,-0.009000000000000001
N15_M01_F10_KA15_12,KA15,real,outer_race,N15_M01_F10,1499.47,none,6203_PU_2855,12000.0,14000.0,5.8095,normal,0.876,-1.240701862862876,0,0.014000000000000002,0.218,0.7658889039754888,2,-0.009000000000000001
N15_M01_F10_KA15_13,KA15,real,outer_race,N15_M01_F10,1499.6,none,6203_PU_2855,12000.0,14000.0,5.7631,normal,0.386,0.49215181294323534,0,0.016000000000000004,0.742,-0.5326461801669816,2,-0.009000000000000001
N15_M01_F10_KA15_14,KA15,real,outer_race,N15_M01_F10,1499.76,none,6203_PU_2855,12000.0,14000.0,5.3399,normal,0.804,-0.7394291060064884,0,-0.014,0.872,-0.7865351857314716,0,0.011
N15_M01_F10_KA15_15,KA15,real,outer_race,N15_M01_F10,1499.67,none,6203_PU_2855,12000.0,14000.0,6.918,normal,0.496,0.16859199328830526,0,-0.012,0.974,-1.6489575383558999,2,-0.009000000000000001
N15_M01_F10_KA15_16,KA15,real,outer_race,N15_M01_F10,1499.6,none,6203_PU_2855,12000.0,14000.0,6.0479,normal,0.316,0.2303996990342521,0,0.02,0.174,1.3355739787707888,1,-0.016
N15_M01_F10_KA15_17,KA15,real,outer_race,N15_M01_F10,1499.53,none,6203_PU_2855,12000.0,14000.0,6.786,normal,0.702,-0.3327857138207458,0,-0.013000000000000001,0.56,-0.16595917358579704,2,-0.01
N15_M01_F10_KA15_18,KA15,real,outer_race,N15_M01_F10,1499.85,none,6203_PU_2855,12000.0,14000.0,5.9176,normal,0.874,-0.875211287084371,0,-0.017,0.692,-0.530415480573419,1,-0.011
N15_M01_F10_KA15_19,KA15,real,outer_race,N15_M01_F10,1499.51,none,6203_PU_2855,12000.0,14000.0,6.6957,normal,0.314,0.5255021468785059,0,-0.0019999999999999983,0.94,-1.1185323772328404,2,-0.01
N15_M01_F10_KA15_2,KA15,real,outer_race,N15_M01_F10,1499.68,none,6203_PU_2855,12000.0,14000.0,5.3369,normal,0.768,-0.6982619038310255,0,0.014000000000000002,0.74,-0.5728602749808899,0,0.015000000000000003
N15_M01_F10_KA15_20,KA15,real,outer_race,N15_M01_F10,1499.6,none,6203_PU_2855,12000.0,14000.0,5.3821,normal,0.708,-0.7259773354858439,0,-0.014,0.828,-0.7846121675024716,0,0.015000000000000003
N15_M01_F10_KA15_3,KA15,real,outer_race,N15_M01_F10,1499.57,none,6203_PU_2855,12000.0,14000.0,5.8375,normal,0.648,-0.12022539330281787,0,-0.0019999999999999983,0.472,0.039931278021344864,2,-0.009000000000000001
N15_M01_F10_KA15_4,KA15,real,outer_race,N15_M01_F10,1499.59,none,6203_PU_2855,12000.0,14000.0,6.0974,normal,0.672,-0.19328059325718958,0,0.015000000000000003,0.56,-0.04703269663755867,2,-0.009000000000000001
N15_M01_F10_KA15_5,KA15,real,outer_race,N15_M01_F10,1499.66,none,6203_PU_2855,12000.0,14000.0,5.404,normal,0.616,-0.3840323082764556,0,-0.012,0.906,-1.0107529708037766,1,-0.009000000000000001
N15_M01_F10_KA15_6,KA15,real,outer_race,N15_M01_F10,1499.47,none,6203_PU_2855,12000.0,14000.0,6.516,normal,0.812,-0.5647767311187937,0,-0.0019999999999999983,0.954,-1.2089679612273925,2,-0.01
N15_M01_F10_KA15_7,KA15,real,outer_race,N15_M01_F10,1499.5,none,6203_PU_2855,12000.0,14000.0,5.0646,normal,0.578,-0.36254128214766873,0,-0.0019999999999999983,0.64,-0.48449668551810887,2,-0.01
N15_M01_F10_KA15_8,KA15,real,outer_race,N15_M01_F10,1499.81,none,6203_PU_2855,12000.0,14000.0,6.6772,normal,0.404,0.1770398731104336,1,0.014000000000000002,0.748,-0.4467499645873722,1,-0.01
N15_M01_F10_KA15_9,KA15,real,outer_race,N15_M01_F10,1499.65,none,6203_PU_2855,12000.0,14000.0,5.505,normal,0.338,0.2667069803289409,0,-0.011,0.956,-1.169493563718045,0,0.016999999999999998
N15_M01_F10_KA16_1,KA16,real,outer_race,N15_M01_F10,1500.06,none,6203_PU_2905,8000.0,12000.0,6.5403,outer_race,0.002,19.918688987271814,5,-0.002999999999999999,0.616,-0.3954376083488905,4,-0.016
N15_M01_F10_KA16_10,KA16,real,outer_race,N15_M01_F10,1499.5,none,6203_PU_2905,8000.0,12000.0,6.5124,outer_race,0.002,9.180207365824836,5,-0.002999999999999999,0.616,-0.23900370486814654,4,-0.016
N15_M01_F10_KA16_11,KA16,real,outer_race,N15_M01_F10,1499.48,none,6203_PU_2905,8000.0,12000.0,6.2723,outer_race,0.002,13.055540474087215,5,-0.002999999999999999,0.662,-0.16335329265409132,3,-0.016
N15_M01_F10_KA16_12,KA16,real,outer_race,N15_M01_F10,1499.7,none,6203_PU_2905,8000.0,12000.0,6.1505,outer_race,0.002,12.293001064841206,5,-0.002999999999999999,0.66,-0.21328167234125298,2,-0.017
N15_M01_F10_KA16_13,KA16,real,outer_race,N15_M01_F10,1499.56,none,6203_PU_2905,8000.0,12000.0,6.0537,outer_race,0.002,7.138137023571767,5,-0.0019999999999999983,0.9,-1.3919863745538508,3,-0.016
N15_M01_F10_KA16_14,KA16,real,outer_race,N15_M01_F10,1499.49,none,6203_PU_2905,8000.0,12000.0,5.6712,outer_race,0.002,11.156531928444787,5,-0.002999999999999999,0.77,-0.5827319334014655,1,-0.015
N15_M01_F10_KA16_15,KA16,real,outer_race,N15_M01_F10,1499.29,none,6203_PU_2905,8000.0,12000.0,5.7658,outer_race,0.002,10.407759122522306,5,-0.002999999999999999,0.454,0.03545922795625448,3,-0.016
N15_M01_F10_KA16_16,KA16,real,outer_race,N15_M01_F10,1499.21,none,6203_PU_2905,8000.0,12000.0,5.6437,outer_race,0.002,15.835705437718984,5,-0.002999999999999999,0.838,-1.0723903869690004,2,-0.016
N15_M01_F10_KA16_17,KA16,real,outer_race,N15_M01_F10,1499.52,none,6203_PU_2905,8000.0,12000.0,4.8385,outer_race,0.002,14.93771899906485,5,-0.002999999999999999,0.668,-0.501458909087255,1,-0.013000000000000001
N15_M01_F10_KA16_18,KA16,real,outer_race,N15_M01_F10,1499.66,none,6203_PU_2905,8000.0,12000.0,5.2817,outer_race,0.002,12.096502546322434,5,-0.002999999999999999,0.858,-0.6193132513782605,2,-0.016
N15_M01_F10_KA16_19,KA16,real,outer_race,N15_M01_F10,1500.03,none,6203_PU_2905,8000.0,12000.0,5.1487,outer_race,0.002,10.373116550944477,5,-0.0019999999999999983,0.78,-0.8136691878898837,2,-0.016
N15_M01_F10_KA16_2,KA16,real,outer_race,N15_M01_F10,1499.55,none,6203_PU_2905,8000.0,12000.0,6.0132,outer_race,0.002,12.708400026347514,5,-0.002999999999999999,0.846,-0.978028361978729,3,-0.016
N15_M01_F10_KA16_20,KA16,real,outer_race,N15_M01_F10,1499.7,none,6203_PU_2905,8000.0,12000.0,4.8422,outer_race,0.002,15.59256313889867,5,-0.002999999999999999,0.7,-0.6078520324939053,2,-0.016
N15_M01_F10_KA16_3,KA16,real,outer_race,N15_M01_F10,1499.62,none,6203_PU_2905,8000.0,12000.0,5.8547,outer_race,0.002,11.087934429692462,5,-0.002999999999999999,0.668,-0.4380019040784945,3,-0.005000000000000001
N15_M01_F10_KA16_4,KA16,real,outer_race,N15_M01_F10,1499.47,none,6203_PU_2905,8000.0,12000.0,6.3255,outer_race,0.002,7.612782757137479,5,-0.002999999999999999,0.79,-0.9204680155228858,1,-0.004
N15_M01_F10_KA16_5,KA16,real,outer_race,N15_M01_F10,1499.63,none,6203_PU_2905,8000.0,12000.0,6.3532,outer_race,0.002,7.419806761643692,5,-0.002999999999999999,0.652,-0.1457063710606189,4,-0.016
N15_M01_F10_KA16_6,KA16,real,outer_race,N15_M01_F10,1499.76,none,6203_PU_2905,8000.0,12000.0,6.2164,outer_race,0.002,9.04335517624635,5,-0.0019999999999999983,0.716,-0.5843614731793823,3,-0.016
N15_M01_F10_KA16_7,KA16,real,outer_race,N15_M01_F10,1499.61,none,6203_PU_2905,8000.0,12000.0,5.9464,outer_race,0.002,13.246069352399727,5,-0.002999999999999999,0.506,-0.03022179136923093,3,-0.004
N15_M01_F10_KA16_8,KA16,real,outer_race,N15_M01_F10,1499.69,none,6203_PU_2905,8000.0,12000.0,5.9397,outer_race,0.002,10.496203050292259,5,-0.002999999999999999,0.776,-0.47887173766900243,2,-0.005000000000000001
N15_M01_F10_KA16_9,KA16,real,outer_race,N15_M01_F10,1499.6,none,6203_PU_2905,8000.0,12000.0,5.9768,outer_race,0.002,11.082557711269054,5,-0.002999999999999999,0.75,-0.5246369222664262,5,-0.015
N15_M01_F10_KA22_1,KA22,real,outer_race,N15_M01_F10,1500.16,none,6203_PU_2905,10666.7,13333.3,7.0815,normal,0.602,-0.15929084762090806,0,0.018,0.688,-0.4434183362533294,1,-0.006
N15_M01_F10_KA22_10,KA22,real,outer_race,N15_M01_F10,1499.54,none,6203_PU_2905,10666.7,13333.3,7.0965,normal,0.632,-0.4011781136839361,1,0.016000000000000004,0.472,0.0883676228163269,2,-0.006
N15_M01_F10_KA22_11,KA22,real,outer_race,N15_M01_F10,1499.64,none,6203_PU_2905,10666.7,13333.3,6.9598,normal,0.598,-0.23179483313948732,0,-0.018000000000000002,0.616,-0.2255292466346759,2,-0.006
N15_M01_F10_KA22_12,KA22,real,outer_race,N15_M01_F10,1499.53,none,6203_PU_2905,10666.7,13333.3,7.041,normal,0.458,0.14412932765976347,1,0.016999999999999998,0.796,-0.5999804755169555,1,-0.006
N15_M01_F10_KA22_13,KA22,real,outer_race,N15_M01_F10,1499.5,none,6203_PU_2905,10666.7,13333.3,7.547,normal,0.622,-0.4100226624560122,0,-0.008,0.568,-0.1744830423532711,2,-0.012
N15_M01_F10_KA22_14,KA22,real,outer_race,N15_M01_F10,1499.74,none,6203_PU_2905,10666.7,13333.3,6.5369,normal,0.582,-0.33303804575600465,0,-0.02,0.38,0.33388499503381547,2,-0.013000000000000001
N15_M01_F10_KA22_15,KA22,real,outer_race,N15_M01_F10,1499.65,none,6203_PU_2905,10666.7,13333.3,7.4925,normal,0.31,0.39792133725468587,0,-0.018000000000000002,0.654,-0.4039041499037577,1,-0.006
N15_M01_F10_KA22_16,KA22,real,outer_race,N15_M01_F10,1499.55,none,6203_PU_2905,10666.7,13333.3,6.6888,normal,0.596,-0.3560053963000346,1,0.009999999999999998,0.61,-0.3154735953682922,1,-0.0010000000000000009
N15_M01_F10_KA22_17,KA22,real,outer_race,N15_M01_F10,1499.68,none,6203_PU_2905,10666.7,13333.3,6.8563,normal,0.942,-1.034702064686965,1,0.009000000000000001,0.67,-0.3390279560432557,1,-0.006999999999999999
N15_M01_F10_KA22_18,KA22,real,outer_race,N15_M01_F10,1499.64,none,6203_PU_2905,12000.0,14000.0,7.3522,normal,0.892,-0.7285539111134964,0,-0.006,0.196,0.9128545729145159,0,0.009999999999999998
N15_M01_F10_KA22_19,KA22,real,outer_race,N15_M01_F10,1499.6,none,6203_PU_2905,10666.7,13333.3,6.3855,normal,0.576,-0.5219420105095213,1,0.009000000000000001,0.894,-1.5281915512465591,1,0.014000000000000002
N15_M01_F10_KA22_2,KA22,real,outer_race,N15_M01_F10,1499.76,none,6203_PU_2905,12000.0,14000.0,7.5839,normal,0.166,1.5829871256331012,0,0.012,0.762,-0.47266367734984643,1,-0.019
N15_M01_F10_KA22_20,KA22,real,outer_race,N15_M01_F10,1499.63,none,6203_PU_2905,12000.0,14000.0,6.8227,normal,0.368,0.15117679275442455,1,0.011,0.754,-0.3732966873250207,1,-0.006
N15_M01_F10_KA22_3,KA22,real,outer_race,N15_M01_F10,1499.68,none,6203_PU_2905,10666.7,13333.3,6.2383,normal,0.798,-0.6557047622764611,0,0.02,0.794,-0.743470846123996,1,-0.006
N15_M01_F10_KA22_4,KA22,real,outer_race,N15_M01_F10,1499.64,none,6203_PU_2905,10666.7,13333.3,6.6272,normal,0.576,-0.25610525923710203,0,-0.014,0.69,-0.4817485272720772,0,0.016000000000000004
N15_M01_F10_KA22_5,KA22,real,outer_race,N15_M01_F10,1499.7,none,6203_PU_2905,12000.0,14000.0,7.9168,normal,0.684,-0.2756727179880469,1,0.016999999999999998,0.484,0.17245891004135736,1,-0.006
N15_M01_F10_KA22_6,KA22,real,outer_race,N15_M01_F10,1499.57,none,6203_PU_2905,10666.7,13333.3,7.4714,normal,0.158,1.9177750602390573,1,0.016999999999999998,0.666,-0.3860003171949536,2,-0.006999999999999999
N15_M01_F10_KA22_7,KA22,real,outer_race,N15_M01_F10,1499.63,none,6203_PU_2905,12000.0,14000.0,7.2676,normal,0.704,-0.7045800092482565,0,0.011,0.438,0.15323603077916603,1,0.014000000000000002
N15_M01_F10_KA22_8,KA22,real,outer_race,N15_M01_F10,1499.57,none,6203_PU_2905,10666.7,13333.3,6.534,normal,0.568,-0.27017325388261126,0,0.009999999999999998,0.132,0.8855183543007412,1,-0.006
N15_M01_F10_KA22_9,KA22,real,outer_race,N15_M01_F10,1499.7,none,6203_PU_2905,10666.7,13333.3,6.6098,normal,0.606,-0.18147272059771377,0,0.009999999999999998,0.966,-1.113364382662518,1,0.018
N15_M01_F10_KA30_1,KA30,real,outer_race,N15_M01_F10,1499.77,none,6203_PU_2905,12000.0,14000.0,7.5747,normal,0.486,0.209281344079506,1,0.009999999999999998,0.198,1.146382961300432,3,0.016000000000000004
N15_M01_F10_KA30_10,KA30,real,outer_race,N15_M01_F10,1499.49,none,6203_PU_2905,13333.3,14666.7,10.5881,normal,0.468,0.06541556519936582,0,-0.006999999999999999,0.592,-0.2220111855625134,1,0.016000000000000004
N15_M01_F10_KA30_11,KA30,real,outer_race,N15_M01_F10,1499.56,none,6203_PU_2905,10666.7,12000.0,10.2947,normal,0.76,-0.5342116365667248,0,-0.008,0.384,0.35367559743637,1,0.016000000000000004
N15_M01_F10_KA30_12,KA30,real,outer_race,N15_M01_F10,1499.56,none,6203_PU_2905,13333.3,14666.7,9.5125,normal,0.404,0.19026872118558077,1,-0.005000000000000001,0.43,0.1571597123585538,1,0.016000000000000004
N15_M01_F10_KA30_13,KA30,real,outer_race,N15_M01_F10,1499.64,none,6203_PU_2905,13333.3,14666.7,8.0107,normal,0.168,1.6213337775217684,1,-0.006,0.18,1.544261443802953,2,0.014000000000000002
N15_M01_F10_KA30_14,KA30,real,outer_race,N15_M01_F10,1499.61,none,6203_PU_2905,10666.7,13333.3,8.0849,normal,0.694,-0.5590928059875274,1,-0.005000000000000001,0.528,-0.10313983224973869,2,0.015000000000000003
N15_M01_F10_KA30_15,KA30,real,outer_race,N15_M01_F10,1499.77,none,6203_PU_2905,10666.7,13333.3,6.3836,normal,0.73,-0.43563157554786414,1,-0.005000000000000001,0.038,4.097919218578499,3,0.015000000000000003
N15_M01_F10_KA30_16,KA30,real,outer_race,N15_M01_F10,1499.46,none,6203_PU_2905,12000.0,14000.0,9.3299,normal,0.634,-0.21785069387597136,1,-0.006999999999999999,0.194,1.1336368422716667,2,0.014000000000000002
N15_M01_F10_KA30_17,KA30,real,outer_race,N15_M01_F10,1499.7,none,6203_PU_2905,12000.0,14000.0,10.8588,normal,0.406,0.15926919397702904,1,-0.006999999999999999,0.496,0.010611034052234833,2,0.016000000000000004
N15_M01_F10_KA30_18,KA30,real,outer_race,N15_M01_F10,1499.62,none,6203_PU_2905,12000.0,14000.0,8.5628,normal,0.728,-0.6829901756023968,1,-0.006999999999999999,0.066,1.7999752728403622,3,0.016000000000000004
N15_M01_F10_KA30_19,KA30,real,outer_race,N15_M01_F10,1499.53,none,6203_PU_2905,13333.3,14666.7,6.8931,normal,0.494,0.1091716082045996,1,-0.005000000000000001,0.736,-0.43017886171455166,1,0.002999999999999999
N15_M01_F10_KA30_2,KA30,real,outer_race,N15_M01_F10,1499.73,none,6203_PU_2905,12000.0,14000.0,7.5625,normal,0.794,-0.7933217267706378,1,-0.006,0.824,-0.8124352720350313,3,0.016000000000000004
N15_M01_F10_KA30_20,KA30,real,outer_race,N15_M01_F10,1499.64,none,6203_PU_2905,10666.7,13333.3,9.5605,normal,0.584,-0.2097576720796584,2,-0.006999999999999999,0.238,0.7131519793118046,3,0.016000000000000004
N15_M01_F10_KA30_3,KA30,real,outer_race,N15_M01_F10,1499.38,none,6203_PU_2905,12000.0,14000.0,10.5667,normal,0.81,-0.6640665722825254,1,-0.006,0.692,-0.33354057729468706,0,0.009999999999999998
N15_M01_F10_KA30_4,KA30,real,outer_race,N15_M01_F10,1499.65,none,6203_PU_2905,12000.0,14000.0,8.4957,normal,0.8,-0.6179040366753246,1,-0.006999999999999999,0.624,-0.2150755541967564,2,0.015000000000000003
N15_M01_F10_KA30_5,KA30,real,outer_race,N15_M01_F10,1499.85,none,6203_PU_2905,12000.0,14000.0,10.3638,normal,0.774,-0.6424515905546566,2,-0.006999999999999999,0.806,-1.0753205624676225,2,-0.005000000000000001
N15_M01_F10_KA30_6,KA30,real,outer_race,N15_M01_F10,1499.59,none,6203_PU_2905,12000.0,14000.0,7.1135,normal,0.456,0.34210103664606895,1,-0.006,0.256,0.6471563097825634,3,0.016000000000000004
N15_M01_F10_KA30_7,KA30,real,outer_race,N15_M01_F10,1499.44,none,6203_PU_2905,10666.7,13333.3,10.0032,normal,0.636,-0.3881472566543957,1,-0.006999999999999999,0.436,0.13558133399500708,3,0.016000000000000004
N15_M01_F10_KA30_8,KA30,real,outer_race,N15_M01_F10,1499.63,none,6203_PU_2905,12000.0,14000.0,9.4607,normal,0.708,-0.4641116270716798,1,-0.005000000000000001,0.234,1.0531096792102634,3,0.016000000000000004
N15_M01_F10_KA30_9,KA30,real,outer_race,N15_M01_F10,1499.55,none,6203_PU_2905,10666.7,13333.3,7.2037,normal,0.76,-0.6127159089997153,1,-0.008,0.42,0.2677667165834115,2,0.014000000000000002
N15_M01_F10_KI01_1,KI01,artificial,inner_race,N15_M01_F10,1499.68,none,6203_PU_2905,8000.0,12000.0,15.8193,inner_race,0.93,-1.0450480560655648,1,-0.019,0.002,5.137810758444919,25,0.0019999999999999983
N15_M01_F10_KI01_10,KI01,artificial,inner_race,N15_M01_F10,1499.49,none,6203_PU_2905,9333.3,10666.7,18.2298,inner_race,0.772,-0.781699465661292,1,-0.018000000000000002,0.002,3.270996684475931,25,0.0010000000000000009
N15_M01_F10_KI01_11,KI01,artificial,inner_race,N15_M01_F10,1499.61,none,6203_PU_2905,9333.3,10666.7,20.7535,inner_race,0.448,0.022323231278291014,0,0.016999999999999998,0.002,5.8410737911406985,25,0.0010000000000000009
N15_M01_F10_KI01_12,KI01,artificial,inner_race,N15_M01_F10,1499.6,none,6203_PU_2905,8000.0,10666.7,19.9104,inner_race,0.976,-2.5878788124461733,1,-0.017,0.002,4.8105357648041975,25,0.0010000000000000009
N15_M01_F10_KI01_13,KI01,artificial,inner_race,N15_M01_F10,1499.56,none,6203_PU_2905,9333.3,10666.7,20.3741,inner_race,0.798,-0.5900641906009643,1,-0.018000000000000002,0.002,3.414275493654821,25,0.0010000000000000009
N15_M01_F10_KI01_14,KI01,artificial,inner_race,N15_M01_F10,1499.6,none,6203_PU_2905,9333.3,10666.7,19.5058,inner_race,0.914,-2.152706552331872,0,0.016999999999999998,0.002,3.812411865702393,25,0.0010000000000000009
N15_M01_F10_KI01_15,KI01,artificial,inner_race,N15_M01_F10,1499.59,none,6203_PU_2905,9333.3,10666.7,19.1001,inner_race,0.884,-2.213164237080005,0,0.016999999999999998,0.002,4.968326280016549,25,0.0010000000000000009
N15_M01_F10_KI01_16,KI01,artificial,inner_race,N15_M01_F10,1499.59,none,6203_PU_2905,8000.0,10666.7,18.6052,inner_race,0.918,-2.69697118677944,0,-0.0010000000000000009,0.002,3.243872799776533,25,0.0010000000000000009
N15_M01_F10_KI01_17,KI01,artificial,inner_race,N15_M01_F10,1499.64,none,6203_PU_2905,8000.0,10666.7,18.5989,inner_race,0.866,-1.1073774034943455,0,0.016000000000000004,0.002,3.4596817489734066,25,0.0010000000000000009
N15_M01_F10_KI01_18,KI01,artificial,inner_race,N15_M01_F10,1499.61,none,6203_PU_2905,9333.3,10666.7,18.6178,inner_race,0.914,-1.4527905356434851,0,0.018,0.002,4.540140681706782,25,0.0010000000000000009
N15_M01_F10_KI01_19,KI01,artificial,inner_race,N15_M01_F10,1499.6,none,6203_PU_2905,9333.3,10666.7,19.2186,inner_race,0.79,-0.8664251783379742,0,-0.015,0.002,3.089527348564528,25,0.0010000000000000009
N15_M01_F10_KI01_2,KI01,artificial,inner_race,N15_M01_F10,1499.62,none,6203_PU_2905,8000.0,10666.7,19.8612,inner_race,0.988,-3.2684023366548987,0,-0.015,0.002,3.3100116524350565,25,0.0010000000000000009
N15_M01_F10_KI01_20,KI01,artificial,inner_race,N15_M01_F10,1499.57,none,6203_PU_2905,9333.3,10666.7,19.9554,inner_race,0.958,-1.783672633750618,0,0.016999999999999998,0.002,4.824053879224749,25,0.0010000000000000009
N15_M01_F10_KI01_3,KI01,artificial,inner_race,N15_M01_F10,1499.64,none,6203_PU_2905,9333.3,10666.7,18.4245,inner_race,0.956,-1.905456166278559,1,-0.018000000000000002,0.002,3.74962881868176,25,0.0010000000000000009
N15_M01_F10_KI01_4,KI01,artificial,inner_race,N15_M01_F10,1499.66,none,6203_PU_2905,9333.3,10666.7,18.0712,inner_race,0.73,-0.6558838184191684,1,-0.017,0.002,2.366440681787428,25,0.0010000000000000009
N15_M01_F10_KI01_5,KI01,artificial,inner_race,N15_M01_F10,1499.55,none,6203_PU_2905,9333.3,10666.7,18.8881,inner_race,0.846,-1.04252151111764,0,0.0,0.002,4.272483917492836,25,0.0010000000000000009
N15_M01_F10_KI01_6,KI01,artificial,inner_race,N15_M01_F10,1499.6,none,6203_PU_2905,9333.3,10666.7,21.0501,inner_race,0.184,0.8924998934040594,0,0.016999999999999998,0.002,4.496348306575198,25,0.0010000000000000009
N15_M01_F10_KI01_7,KI01,artificial,inner_race,N15_M01_F10,1499.6,none,6203_PU_2905,9333.3,10666.7,19.914,inner_race,0.564,-0.23700600276874725,1,-0.018000000000000002,0.002,3.590972374118852,25,0.0010000000000000009
N15_M01_F10_KI01_8,KI01,artificial,inner_race,N15_M01_F10,1499.65,none,6203_PU_2905,9333.3,10666.7,19.4263,inner_race,0.786,-0.6879452831668922,0,0.016999999999999998,0.002,4.260589200359224,25,0.0010000000000000009
N15_M01_F10_KI01_9,KI01,artificial,inner_race,N15_M01_F10,1499.52,none,6203_PU_2905,9333.3,10666.7,19.2506,inner_race,0.83,-0.9690150160796478,1,-0.018000000000000002,0.002,4.799356099474936,25,0.0010000000000000009
N15_M01_F10_KI03_1,KI03,artificial,inner_race,N15_M01_F10,1499.55,none,6203_PU_2905,13333.3,14666.7,5.9291,normal,0.83,-0.9154340679107783,0,-0.012,0.918,-1.0799231922161425,1,-0.006
N15_M01_F10_KI03_10,KI03,artificial,inner_race,N15_M01_F10,1499.68,none,6203_PU_2905,13333.3,14666.7,5.409,normal,0.822,-1.253643777422559,0,-0.013000000000000001,0.444,0.10860630008895078,1,-0.005000000000000001
N15_M01_F10_KI03_11,KI03,artificial,inner_race,N15_M01_F10,1499.64,none,6203_PU_2905,13333.3,14666.7,6.138,normal,0.752,-0.7888250455559951,0,0.009000000000000001,0.592,-0.21690984413640998,0,0.009000000000000001
N15_M01_F10_KI03_12,KI03,artificial,inner_race,N15_M01_F10,1499.63,none,6203_PU_2905,13333.3,14666.7,5.049,normal,0.94,-1.2638880170184081,0,-0.008,0.834,-0.9858048924958737,1,0.0019999999999999983
N15_M01_F10_KI03_13,KI03,artificial,inner_race,N15_M01_F10,1499.79,none,6203_PU_2905,13333.3,14666.7,5.5357,normal,0.798,-0.9183187810940411,0,0.016999999999999998,0.836,-0.720596513182885,1,-0.006999999999999999
N15_M01_F10_KI03_14,KI03,artificial,inner_race,N15_M01_F10,1499.65,none,6203_PU_2905,13333.3,14666.7,5.9477,normal,0.53,-0.3161854376529657,0,0.009999999999999998,0.376,0.3881664538919731,1,-0.006
N15_M01_F10_KI03_15,KI03,artificial,inner_race,N15_M01_F10,1499.58,none,6203_PU_2905,13333.3,14666.7,6.5357,normal,0.506,-0.03045556671862258,0,-0.016,0.49,0.12307191958709272,1,-0.006
N15_M01_F10_KI03_16,KI03,artificial,inner_race,N15_M01_F10,1499.7,none,6203_PU_2905,13333.3,14666.7,6.1035,normal,0.416,0.29775726171543904,0,0.008,0.62,-0.27312414078193753,1,-0.006
N15_M01_F10_KI03_17,KI03,artificial,inner_race,N15_M01_F10,1499.4,none,6203_PU_2905,13333.3,14666.7,5.0431,normal,0.676,-0.2576865364039157,1,0.015000000000000003,0.672,-0.3647760775010482,1,-0.006
N15_M01_F10_KI03_18,KI03,artificial,inner_race,N15_M01_F10,1499.54,none,6203_PU_2905,13333.3,14666.7,5.3293,normal,0.852,-1.1221110639965306,0,-0.005000000000000001,0.786,-0.666639810256135,0,0.009999999999999998
N15_M01_F10_KI03_19,KI03,artificial,inner_race,N15_M01_F10,1499.52,none,6203_PU_2905,13333.3,14666.7,5.7203,normal,0.388,0.06621370743668135,0,0.009000000000000001,0.992,-1.4029937499253018,0,0.015000000000000003
N15_M01_F10_KI03_2,KI03,artificial,inner_race,N15_M01_F10,1499.65,none,6203_PU_2905,13333.3,14666.7,5.5027,normal,0.99,-1.4663481757900343,0,0.014000000000000002,0.486,0.035640597875745,1,-0.006
N15_M01_F10_KI03_20,KI03,artificial,inner_race,N15_M01_F10,1499.59,none,6203_PU_2905,13333.3,14666.7,5.3105,normal,0.28,0.9923542690132182,0,0.015000000000000003,0.448,0.1557007059029231,1,0.014000000000000002
N15_M01_F10_KI03_3,KI03,artificial,inner_race,N15_M01_F10,1499.56,none,6203_PU_2905,13333.3,14666.7,5.73,normal,0.782,-0.7054532704675694,0,0.009999999999999998,0.414,0.3133430920570318,0,0.004
N15_M01_F10_KI03_4,KI03,artificial,inner_race,N15_M01_F10,1499.59,none,6203_PU_2905,13333.3,14666.7,4.9945,normal,0.372,0.328662837011827,0,-0.02,0.334,0.8335535482265034,0,0.015000000000000003
N15_M01_F10_KI03_5,KI03,artificial,inner_race,N15_M01_F10,1499.45,none,6203_PU_2905,13333.3,14666.7,6.2003,normal,0.936,-0.7392370554800509,0,0.015000000000000003,0.552,-0.37684084596846534,1,0.015000000000000003
N15_M01_F10_KI03_6,KI03,artificial,inner_race,N15_M01_F10,1499.61,none,6203_PU_2905,13333.3,14666.7,5.848,normal,0.628,-0.3896955581075479,0,0.011,0.73,-0.44647809222369633,0,0.014000000000000002
N15_M01_F10_KI03_7,KI03,artificial,inner_race,N15_M01_F10,1499.53,none,6203_PU_2905,13333.3,14666.7,5.8993,normal,0.824,-0.6043196171361427,0,-0.006999999999999999,0.838,-0.7267962622723777,0,0.015000000000000003
N15_M01_F10_KI03_8,KI03,artificial,inner_race,N15_M01_F10,1499.6,none,6203_PU_2905,13333.3,14666.7,5.6159,normal,0.712,-0.6180538325196179,0,0.009999999999999998,0.9,-1.0612764314093341,0,-0.014
N15_M01_F10_KI03_9,KI03,artificial,inner_race,N15_M01_F10,1499.59,none,6203_PU_2905,13333.3,14666.7,6.3795,normal,0.78,-0.6489863121024946,0,-0.016,0.274,0.6585658459314442,0,0.014000000000000002
N15_M01_F10_KI04_1,KI04,real,inner_race,N15_M01_F10,1499.92,none,6203_PU_2905,10666.7,13333.3,5.7806,normal,0.414,0.07742291097505194,1,-0.006,0.336,0.23060570911383432,3,0.013000000000000001
N15_M01_F10_KI04_10,KI04,real,inner_race,N15_M01_F10,1499.63,none,6203_PU_2905,10666.7,13333.3,5.1794,normal,0.11,1.720607911448632,1,-0.006,0.088,1.4377621646607288,3,0.014000000000000002
N15_M01_F10_KI04_11,KI04,real,inner_race,N15_M01_F10,1499.42,none,6203_PU_2905,10666.7,13333.3,5.4607,inner_race,0.312,0.7084022352853705,1,-0.004,0.018,3.3860967128727752,3,0.014000000000000002
N15_M01_F10_KI04_12,KI04,real,inner_race,N15_M01_F10,1499.81,none,6203_PU_2905,10666.7,13333.3,4.8548,inner_race,0.178,1.3757199013210921,2,-0.006,0.024,2.2472007312160933,3,0.014000000000000002
N15_M01_F10_KI04_13,KI04,real,inner_race,N15_M01_F10,1499.69,none,6203_PU_2905,12000.0,14000.0,6.5752,normal,0.14,1.6492961444907206,2,-0.008,0.574,-0.16983283332355922,3,0.015000000000000003
N15_M01_F10_KI04_14,KI04,real,inner_race,N15_M01_F10,1499.58,none,6203_PU_2905,10666.7,13333.3,5.1545,inner_race,0.554,-0.07688816657657414,1,-0.008,0.008,3.3722298055936992,2,0.013000000000000001
N15_M01_F10_KI04_15,KI04,real,inner_race,N15_M01_F10,1499.63,none,6203_PU_2905,10666.7,13333.3,7.4842,normal,0.136,1.313658857404995,1,-0.006999999999999999,0.056,1.7584529321316595,3,0.014000000000000002
N15_M01_F10_KI04_16,KI04,real,inner_race,N15_M01_F10,1499.5,none,6203_PU_2905,12000.0,13333.3,5.6245,normal,0.154,1.6690701538711312,1,-0.008,0.704,-0.5432907279200911,3,0.014000000000000002
N15_M01_F10_KI04_17,KI04,real,inner_race,N15_M01_F10,1499.54,none,6203_PU_2905,13333.3,14666.7,5.2859,inner_race,0.412,0.24721360530542388,1,-0.006,0.012,1.7649412937010847,3,0.014000000000000002
N15_M01_F10_KI04_18,KI04,real,inner_race,N15_M01_F10,1499.66,none,6203_PU_2905,12000.0,14000.0,5.1045,normal,0.182,0.9210852303650023,1,-0.01,0.776,-0.5494578433706937,1,0.019
N15_M01_F10_KI04_19,KI04,real,inner_race,N15_M01_F10,1499.92,none,6203_PU_2905,10666.7,13333.3,5.2472,normal,0.212,1.004739883068457,1,-0.008,0.704,-0.4551555936975084,3,0.013000000000000001
N15_M01_F10_KI04_2,KI04,real,inner_race,N15_M01_F10,1499.64,none,6203_PU_2905,10666.7,13333.3,6.0197,normal,0.18,1.9586008157586519,2,-0.006,0.148,1.389336063245589,3,0.014000000000000002
N15_M01_F10_KI04_20,KI04,real,inner_race,N15_M01_F10,1499.58,none,6203_PU_2905,10666.7,13333.3,6.0248,normal,0.436,0.17818645030078156,1,-0.006999999999999999,0.046,1.4366822547834002,3,0.014000000000000002
N15_M01_F10_KI04_3,KI04,real,inner_race,N15_M01_F10,1499.65,none,6203_PU_2905,10666.7,13333.3,4.9566,normal,0.588,-0.10656381889761539,1,-0.01,0.05,1.70146431256028,4,0.013000000000000001
N15_M01_F10_KI04_4,KI04,real,inner_race,N15_M01_F10,1499.56,none,6203_PU_2905,12000.0,14000.0,5.1751,normal,0.344,0.5668838327695914,1,-0.008,0.326,0.48961147628991647,2,0.014000000000000002
N15_M01_F10_KI04_5,KI04,real,inner_race,N15_M01_F10,1499.72,none,6203_PU_2905,10666.7,13333.3,6.9583,normal,0.138,3.8762040850649866,2,-0.008,0.424,0.1183234531353275,3,0.014000000000000002
N15_M01_F10_KI04_6,KI04,real,inner_race,N15_M01_F10,1499.53,none,6203_PU_2905,10666.7,13333.3,5.4783,normal,0.458,0.06003229402265196,0,0.009000000000000001,0.502,-0.011805404147045633,2,0.014000000000000002
N15_M01_F10_KI04_7,KI04,real,inner_race,N15_M01_F10,1499.86,none,6203_PU_2905,13333.3,14666.7,4.7686,normal,0.274,0.4339298158293976,1,-0.006,0.688,-0.35113119356333405,2,0.015000000000000003
N15_M01_F10_KI04_8,KI04,real,inner_race,N15_M01_F10,1499.66,none,6203_PU_2905,13333.3,14666.7,6.2755,normal,0.37,0.33627798739965914,1,-0.006,0.41,0.2934962935014079,2,0.014000000000000002
N15_M01_F10_KI04_9,KI04,real,inner_race,N15_M01_F10,1499.4,none,6203_PU_2905,10666.7,13333.3,6.4955,normal,0.274,0.606863000393254,2,-0.006,0.036,2.4750476386139884,3,0.015000000000000003
N15_M01_F10_KI05_1,KI05,artificial,inner_race,N15_M01_F10,1499.57,none,6203_PU_2905,12000.0,13333.3,12.4529,normal,0.38,0.30006255004261656,1,-0.006999999999999999,0.724,-0.4753290175942567,1,0.002999999999999999
N15_M01_F10_KI05_10,KI05,artificial,inner_race,N15_M01_F10,1499.61,none,6203_PU_2905,12000.0,14000.0,8.5546,normal,0.26,1.7960077208148157,1,-0.006999999999999999,0.21,0.7629005459353493,2,0.015000000000000003
N15_M01_F10_KI05_11,KI05,artificial,inner_race,N15_M01_F10,1499.51,none,6203_PU_2905,10666.7,13333.3,11.7916,normal,0.88,-0.8458449828435615,1,-0.004,0.672,-0.39244794869761246,2,0.016000000000000004
N15_M01_F10_KI05_12,KI05,artificial,inner_race,N15_M01_F10,1499.44,none,6203_PU_2905,10666.7,13333.3,8.8367,normal,0.648,-0.2749457744764956,1,-0.005000000000000001,0.688,-0.355082932721138,3,0.016000000000000004
N15_M01_F10_KI05_13,KI05,artificial,inner_race,N15_M01_F10,1499.59,none,6203_PU_2905,10666.7,13333.3,10.1537,normal,0.404,0.07640718491900221,2,-0.006,0.024,2.4090556012351145,0,0.019
N15_M01_F10_KI05_14,KI05,artificial,inner_race,N15_M01_F10,1499.5,none,6203_PU_2905,10666.7,12000.0,9.6562,normal,0.688,-0.47647399625898496,1,-0.005000000000000001,0.748,-0.5025600412097968,2,0.016000000000000004
N15_M01_F10_KI05_15,KI05,artificial,inner_race,N15_M01_F10,1499.61,none,6203_PU_2905,10666.7,13333.3,7.3869,normal,0.974,-1.1548591876144407,1,-0.008,0.07,1.660511270775759,3,0.016000000000000004
N15_M01_F10_KI05_16,KI05,artificial,inner_race,N15_M01_F10,1499.56,none,6203_PU_2905,12000.0,14000.0,10.7693,normal,0.298,0.4669958693203689,1,-0.006999999999999999,0.33,0.5666566718754011,2,0.016000000000000004
N15_M01_F10_KI05_17,KI05,artificial,inner_race,N15_M01_F10,1499.53,none,6203_PU_2905,13333.3,14666.7,10.0775,normal,0.878,-1.031663214621156,1,-0.008,0.242,0.3780419045006584,1,0.013000000000000001
N15_M01_F10_KI05_18,KI05,artificial,inner_race,N15_M01_F10,1499.67,none,6203_PU_2905,10666.7,13333.3,9.2721,normal,0.66,-0.24528447018668498,1,-0.004,0.948,-1.4070451239529762,1,-0.012
N15_M01_F10_KI05_19,KI05,artificial,inner_race,N15_M01_F10,1499.62,none,6203_PU_2905,10666.7,13333.3,11.0559,normal,0.886,-0.7966786618854522,2,-0.005000000000000001,0.718,-0.5827262745848297,2,0.016000000000000004
N15_M01_F10_KI05_2,KI05,artificial,inner_race,N15_M01_F10,1499.65,none,6203_PU_2905,10666.7,13333.3,10.4862,normal,0.842,-0.33457856308315503,1,-0.006,0.146,1.5733099615743271,3,0.012
N15_M01_F10_KI05_20,KI05,artificial,inner_race,N15_M01_F10,1499.56,none,6203_PU_2905,10666.7,13333.3,11.4787,normal,0.694,-0.42909532544743906,1,-0.005000000000000001,0.05,2.397233813734988,3,0.016000000000000004
N15_M01_F10_KI05_3,KI05,artificial,inner_race,N15_M01_F10,1499.55,none,6203_PU_2905,10666.7,13333.3,9.3327,normal,0.428,0.14924113518893192,2,-0.006999999999999999,0.162,0.8131674408265083,3,0.016000000000000004
N15_M01_F10_KI05_4,KI05,artificial,inner_race,N15_M01_F10,1499.5,none,6203_PU_2905,10666.7,13333.3,9.8256,normal,0.414,0.5815224233523857,1,-0.006999999999999999,0.57,-0.24173284723026262,3,0.016000000000000004
N15_M01_F10_KI05_5,KI05,artificial,inner_race,N15_M01_F10,1499.58,none,6203_PU_2905,10666.7,13333.3,7.9773,normal,0.764,-0.7373938633135128,1,-0.006999999999999999,0.53,-0.10344913936537306,1,-0.005000000000000001
N15_M01_F10_KI05_6,KI05,artificial,inner_race,N15_M01_F10,1499.5,none,6203_PU_2905,13333.3,14666.7,8.8314,normal,0.52,-0.11903452478303192,1,-0.005000000000000001,0.85,-0.771381401128958,1,-0.012
N15_M01_F10_KI05_7,KI05,artificial,inner_race,N15_M01_F10,1499.7,none,6203_PU_2905,10666.7,13333.3,10.5621,normal,0.748,-0.8641278431716707,1,-0.006999999999999999,0.404,0.21374938292745796,4,0.016000000000000004
N15_M01_F10_KI05_8,KI05,artificial,inner_race,N15_M01_F10,1499.67,none,6203_PU_2905,10666.7,13333.3,10.6549,normal,0.88,-0.9246550113132282,0,0.009999999999999998,0.494,0.03634701900210846,2,0.014000000000000002
N15_M01_F10_KI05_9,KI05,artificial,inner_race,N15_M01_F10,1499.66,none,6203_PU_2905,10666.7,13333.3,8.7103,normal,0.816,-0.6164086227765038,1,-0.005000000000000001,0.312,0.46186769051570714,2,0.015000000000000003
N15_M01_F10_KI07_1,KI07,artificial,inner_race,N15_M01_F10,1499.81,none,6203_PU_2905,10666.7,13333.3,11.9262,normal,0.466,0.19570236322480417,0,-0.008,0.81,-0.9533812233215642,2,-0.013000000000000001
N15_M01_F10_KI07_10,KI07,artificial,inner_race,N15_M01_F10,1499.75,none,6203_PU_2905,10666.7,13333.3,7.6583,normal,0.714,-0.71496713570343,1,-0.006,0.24,0.7174767703687709,4,0.015000000000000003
N15_M01_F10_KI07_11,KI07,artificial,inner_race,N15_M01_F10,1499.58,none,6203_PU_2905,10666.7,13333.3,8.6933,normal,0.606,-0.2771742456170339,1,-0.006,0.258,0.577704692770756,3,0.016000000000000004
N15_M01_F10_KI07_12,KI07,artificial,inner_race,N15_M01_F10,1499.49,none,6203_PU_2905,10666.7,13333.3,10.2601,normal,0.47,0.06935410428363459,0,-0.006999999999999999,0.658,-0.44830081744726114,3,0.015000000000000003
N15_M01_F10_KI07_13,KI07,artificial,inner_race,N15_M01_F10,1499.85,none,6203_PU_2905,10666.7,13333.3,7.5798,normal,0.18,0.7876984033610773,1,-0.006999999999999999,0.134,1.5997447010616754,2,0.012
N15_M01_F10_KI07_14,KI07,artificial,inner_race,N15_M01_F10,1499.63,none,6203_PU_2905,13333.3,14666.7,10.5066,normal,0.774,-0.37751283990454465,0,0.009000000000000001,0.402,0.3649125476082251,1,-0.006
N15_M01_F10_KI07_15,KI07,artificial,inner_race,N15_M01_F10,1499.65,none,6203_PU_2905,10666.7,13333.3,7.8177,normal,0.434,0.18666354487366232,1,-0.008,0.166,1.9264851558222709,2,0.015000000000000003
N15_M01_F10_KI07_16,KI07,artificial,inner_race,N15_M01_F10,1499.84,none,6203_PU_2905,12000.0,14000.0,7.0674,inner_race,0.384,0.6380928829820033,1,-0.005000000000000001,0.016,2.232676397608145,3,0.015000000000000003
N15_M01_F10_KI07_17,KI07,artificial,inner_race,N15_M01_F10,1499.48,none,6203_PU_2905,10666.7,13333.3,11.4214,normal,0.904,-1.2395143572607978,0,0.009000000000000001,0.206,0.8389077100241084,4,-0.005000000000000001
N15_M01_F10_KI07_18,KI07,artificial,inner_race,N15_M01_F10,1499.63,none,6203_PU_2905,12000.0,14000.0,8.9029,normal,0.564,-0.09317509261640579,1,-0.006999999999999999,0.316,0.6422110855044162,1,0.015000000000000003
N15_M01_F10_KI07_19,KI07,artificial,inner_race,N15_M01_F10,1499.77,none,6203_PU_2905,10666.7,13333.3,10.4813,normal,0.48,0.05510580286154546,0,0.009000000000000001,0.218,0.9369005734690302,1,0.013000000000000001
N15_M01_F10_KI07_2,KI07,artificial,inner_race,N15_M01_F10,1499.62,none,6203_PU_2905,10666.7,13333.3,8.2644,normal,0.182,2.7038203314884037,0,0.009000000000000001,0.196,0.8790035797463104,3,0.015000000000000003
N15_M01_F10_KI07_20,KI07,artificial,inner_race,N15_M01_F10,1499.69,none,6203_PU_2905,13333.3,14666.7,13.8996,normal,0.688,-0.24805979334451841,1,-0.006,0.062,2.0646090808135953,2,-0.006
N15_M01_F10_KI07_3,KI07,artificial,inner_race,N15_M01_F10,1499.73,none,6203_PU_2905,10666.7,13333.3,9.9927,normal,0.342,0.41733244098331995,1,-0.006999999999999999,0.608,-0.19887903478633118,2,0.015000000000000003
N15_M01_F10_KI07_4,KI07,artificial,inner_race,N15_M01_F10,1500.09,none,6203_PU_2905,12000.0,14000.0,10.6451,normal,0.292,0.7079969583526057,1,-0.006999999999999999,0.448,0.17897021726663348,2,0.014000000000000002
N15_M01_F10_KI07_5,KI07,artificial,inner_race,N15_M01_F10,1499.39,none,6203_PU_2905,12000.0,14000.0,8.9314,inner_race,0.798,-0.43377298237240525,1,-0.006999999999999999,0.02,3.1151185929801857,2,0.016000000000000004
N15_M01_F10_KI07_6,KI07,artificial,inner_race,N15_M01_F10,1499.44,none,6203_PU_2905,10666.7,13333.3,9.0033,normal,0.31,0.5717044868617149,1,-0.005000000000000001,0.086,1.5918463033494241,3,0.015000000000000003
N15_M01_F10_KI07_7,KI07,artificial,inner_race,N15_M01_F10,1499.26,none,6203_PU_2905,10666.7,13333.3,9.0742,normal,0.266,0.8304100803824469,0,0.012,0.318,0.5161067694144065,3,0.016000000000000004
N15_M01_F10_KI07_8,KI07,artificial,inner_race,N15_M01_F10,1499.61,none,6203_PU_2905,10666.7,13333.3,8.532,normal,0.616,-0.43529778558449217,1,-0.006999999999999999,0.55,-0.12852636971901898,3,0.016000000000000004
N15_M01_F10_KI07_9,KI07,artificial,inner_race,N15_M01_F10,1499.83,none,6203_PU_2905,10666.7,13333.3,8.373,normal,0.448,0.09168349843992006,1,-0.006999999999999999,0.178,1.2950700605369982,3,0.015000000000000003
N15_M01_F10_KI08_1,KI08,artificial,inner_race,N15_M01_F10,1499.72,none,6203_PU_2905,10666.7,13333.3,8.568,normal,0.318,1.0326717922333553,0,0.009999999999999998,0.342,0.371203412324773,2,0.015000000000000003
N15_M01_F10_KI08_10,KI08,artificial,inner_race,N15_M01_F10,1499.61,none,6203_PU_2905,10666.7,13333.3,9.332,normal,0.218,1.107534047663323,1,-0.006,0.298,0.656425062623571,4,0.015000000000000003
N15_M01_F10_KI08_11,KI08,artificial,inner_race,N15_M01_F10,1499.39,none,6203_PU_2905,10666.7,13333.3,13.0397,normal,0.516,-0.16475937986891537,1,-0.006999999999999999,0.506,-0.009989969826846728,3,0.015000000000000003
N15_M01_F10_KI08_12,KI08,artificial,inner_race,N15_M01_F10,1499.53,none,6203_PU_2905,10666.7,13333.3,8.3938,normal,0.746,-0.5180536091640758,1,-0.006999999999999999,0.17,1.235637638221118,3,0.015000000000000003
N15_M01_F10_KI08_13,KI08,artificial,inner_race,N15_M01_F10,1499.38,none,6203_PU_2905,12000.0,13333.3,10.2071,inner_race,0.452,0.14983008687598295,0,0.009999999999999998,0.002,2.4647454866544476,2,0.015000000000000003
N15_M01_F10_KI08_14,KI08,artificial,inner_race,N15_M01_F10,1499.36,none,6203_PU_2905,13333.3,14666.7,8.5237,normal,0.52,-0.00580490944239634,1,-0.006999999999999999,0.232,0.8073229001973381,1,0.015000000000000003
N15_M01_F10_KI08_15,KI08,artificial,inner_race,N15_M01_F10,1499.66,none,6203_PU_2905,10666.7,13333.3,9.7072,normal,0.458,0.12397580166413102,1,-0.006999999999999999,0.376,0.301728133539378,3,0.015000000000000003
N15_M01_F10_KI08_16,KI08,artificial,inner_race,N15_M01_F10,1499.69,none,6203_PU_2905,12000.0,14000.0,8.4214,normal,0.856,-0.747914102005469,1,-0.005000000000000001,0.422,0.18459643132827713,3,0.015000000000000003
N15_M01_F10_KI08_17,KI08,artificial,inner_race,N15_M01_F10,1499.32,none,6203_PU_2905,10666.7,12000.0,10.9347,normal,0.524,-0.08869445286077068,1,-0.005000000000000001,0.196,0.8483961439254362,2,0.015000000000000003
N15_M01_F10_KI08_18,KI08,artificial,inner_race,N15_M01_F10,1499.46,none,6203_PU_2905,10666.7,13333.3,10.0135,normal,0.342,0.2998981691672338,1,0.012,0.788,-0.6253635779035107,2,0.015000000000000003
N15_M01_F10_KI08_19,KI08,artificial,inner_race,N15_M01_F10,1499.64,none,6203_PU_2905,10666.7,13333.3,12.617,normal,0.622,-0.2553870485226748,1,-0.006999999999999999,0.3,0.4589082138144288,2,0.015000000000000003
N15_M01_F10_KI08_2,KI08,artificial,inner_race,N15_M01_F10,1499.45,none,6203_PU_2905,12000.0,14000.0,13.8455,normal,0.484,0.16531029958742602,1,-0.005000000000000001,0.176,0.859896153690141,3,0.015000000000000003
N15_M01_F10_KI08_20,KI08,artificial,inner_race,N15_M01_F10,1499.76,none,6203_PU_2905,10666.7,13333.3,9.6362,normal,0.186,1.1411500536649988,1,-0.006999999999999999,0.052,2.7120025694557652,3,0.015000000000000003
N15_M01_F10_KI08_3,KI08,artificial,inner_race,N15_M01_F10,1499.4,none,6203_PU_2905,10666.7,13333.3,13.2839,normal,0.258,1.805489244582227,1,-0.005000000000000001,0.466,0.12954278922205326,3,0.015000000000000003
N15_M01_F10_KI08_4,KI08,artificial,inner_race,N15_M01_F10,1499.97,none,6203_PU_2905,12000.0,14000.0,9.9174,inner_race,0.534,-0.05055097671285428,1,-0.006,0.01,1.3087715790592618,3,0.015000000000000003
N15_M01_F10_KI08_5,KI08,artificial,inner_race,N15_M01_F10,1499.6,none,6203_PU_2905,12000.0,14000.0,8.8301,normal,0.284,0.3883073826582882,1,-0.005000000000000001,0.11,1.4917273751912348,3,0.015000000000000003
N15_M01_F10_KI08_6,KI08,artificial,inner_race,N15_M01_F10,1499.69,none,6203_PU_2905,10666.7,13333.3,9.9748,normal,0.332,1.2311817555268179,1,-0.006,0.422,0.24483778663055486,3,0.015000000000000003
N15_M01_F10_KI08_7,KI08,artificial,inner_race,N15_M01_F10,1499.6,none,6203_PU_2905,10666.7,13333.3,8.7611,normal,0.54,-0.039787563032509486,1,-0.006999999999999999,0.304,0.7779015154220644,3,0.015000000000000003
N15_M01_F10_KI08_8,KI08,artificial,inner_race,N15_M01_F10,1499.77,none,6203_PU_2905,10666.7,13333.3,12.0603,normal,0.312,1.0245577043632716,1,-0.006,0.284,0.4230190091357808,3,0.015000000000000003
N15_M01_F10_KI08_9,KI08,artificial,inner_race,N15_M01_F10,1499.65,none,6203_PU_2905,10666.7,13333.3,9.597,normal,0.53,-0.061761732274526214,1,-0.005000000000000001,0.328,0.4728650224164399,3,0.015000000000000003
N15_M01_F10_KI14_1,KI14,real,inner_race,N15_M01_F10,1499.54,none,6203_PU_2905,13333.3,14666.7,5.1322,normal,0.56,-0.11682230136304111,0,-0.008,0.51,-0.10199122188605919,1,0.004
N15_M01_F10_KI14_10,KI14,real,inner_race,N15_M01_F10,1499.47,none,6203_PU_2905,13333.3,14666.7,5.2151,normal,0.542,-0.19217118676150638,0,0.008,0.462,0.19569894335242832,1,-0.006
N15_M01_F10_KI14_11,KI14,real,inner_race,N15_M01_F10,1499.41,none,6203_PU_2905,13333.3,14666.7,5.1294,normal,0.33,0.507308332412106,0,0.009000000000000001,0.608,-0.2752398432247945,1,-0.006
N15_M01_F10_KI14_12,KI14,real,inner_race,N15_M01_F10,1499.56,none,6203_PU_2905,13333.3,14666.7,5.7198,normal,0.412,0.3052493848676759,1,0.009000000000000001,0.984,-1.8193780456364466,0,0.015000000000000003
N15_M01_F10_KI14_13,KI14,real,inner_race,N15_M01_F10,1499.46,none,6203_PU_2905,13333.3,14666.7,6.3247,normal,0.674,-0.5619416910378624,0,0.011,0.992,-1.5408993744003354,1,-0.006
N15_M01_F10_KI14_14,KI14,real,inner_race,N15_M01_F10,1499.64,none,6203_PU_2905,13333.3,14666.7,5.3164,normal,0.586,-0.24303836799790382,0,0.019,0.296,0.7914663394924809,1,-0.006
N15_M01_F10_KI14_15,KI14,real,inner_race,N15_M01_F10,1499.54,none,6203_PU_2905,13333.3,14666.7,5.862,normal,0.586,-0.4231067108845809,0,0.016000000000000004,0.792,-0.7837128399351906,2,-0.006
N15_M01_F10_KI14_16,KI14,real,inner_race,N15_M01_F10,1499.5,none,6203_PU_2905,13333.3,14666.7,5.0165,normal,0.766,-0.524656262625481,0,-0.006999999999999999,0.51,-0.03984751977209089,0,0.019
N15_M01_F10_KI14_17,KI14,real,inner_race,N15_M01_F10,1499.6,none,6203_PU_2905,13333.3,14666.7,5.6276,normal,0.286,1.1951930217791595,0,0.015000000000000003,0.764,-0.605643366488634,1,-0.013000000000000001
N15_M01_F10_KI14_18,KI14,real,inner_race,N15_M01_F10,1499.75,none,6203_PU_2905,13333.3,14666.7,4.8966,normal,0.64,-0.28563426377013174,0,0.016000000000000004,0.756,-0.5289095964871139,1,-0.006
N15_M01_F10_KI14_19,KI14,real,inner_race,N15_M01_F10,1499.78,none,6203_PU_2905,13333.3,14666.7,4.608,normal,0.916,-1.145171398437161,0,0.009000000000000001,0.296,0.7849592471428866,1,0.0010000000000000009
N15_M01_F10_KI14_2,KI14,real,inner_race,N15_M01_F10,1499.6,none,6203_PU_2905,13333.3,14666.7,5.5818,normal,0.404,0.23605398889832016,0,0.009000000000000001,1.0,-2.0960939285172637,1,-0.005000000000000001
N15_M01_F10_KI14_20,KI14,real,inner_race,N15_M01_F10,1499.6,none,6203_PU_2905,13333.3,14666.7,4.8661,normal,0.828,-0.8491773911775151,0,0.009000000000000001,0.758,-0.7506742090389471,1,-0.005000000000000001
N15_M01_F10_KI14_3,KI14,real,inner_race,N15_M01_F10,1499.63,none,6203_PU_2905,13333.3,14666.7,4.7592,normal,0.648,-0.27424403826571286,0,-0.006,0.858,-0.7858807657127006,1,-0.006
N15_M01_F10_KI14_4,KI14,real,inner_race,N15_M01_F10,1499.77,none,6203_PU_2905,13333.3,14666.7,5.7092,normal,0.86,-0.939509322349154,0,-0.019,0.288,0.6644020453366678,1,-0.006999999999999999
N15_M01_F10_KI14_5,KI14,real,inner_race,N15_M01_F10,1499.65,none,6203_PU_2905,13333.3,14666.7,5.2204,normal,0.642,-0.33624377441712955,0,0.016000000000000004,0.88,-1.0297192604704093,1,-0.006
N15_M01_F10_KI14_6,KI14,real,inner_race,N15_M01_F10,1499.49,none,6203_PU_2905,13333.3,14666.7,5.9374,normal,0.552,-0.08248605009490231,0,-0.02,0.93,-1.2794780892264384,0,-0.011
N15_M01_F10_KI14_7,KI14,real,inner_race,N15_M01_F10,1499.73,none,6203_PU_2905,13333.3,14666.7,5.4354,normal,0.446,0.3171024588514731,0,0.008,0.944,-1.5126406848261538,1,-0.006
N15_M01_F10_KI14_8,KI14,real,inner_race,N15_M01_F10,1499.29,none,6203_PU_2905,13333.3,14666.7,4.2078,normal,0.744,-0.7282949821962297,0,0.015000000000000003,0.982,-1.6142385397202141,1,-0.005000000000000001
N15_M01_F10_KI14_9,KI14,real,inner_race,N15_M01_F10,1499.61,none,6203_PU_2905,13333.3,14666.7,5.3944,normal,0.628,-0.2189622053141316,0,-0.006,0.81,-0.7749596746881501,0,0.019
N15_M01_F10_KI16_1,KI16,real,inner_race,N15_M01_F10,1499.77,none,6203_PU_2855,0.0,2000.0,14.2586,outer_race,0.002,6.46975274463049,2,-0.02,0.002,3.194427005122293,24,0.0019999999999999983
N15_M01_F10_KI16_10,KI16,real,inner_race,N15_M01_F10,1499.71,none,6203_PU_2855,0.0,2000.0,13.9161,inner_race,0.12,1.9876635944597387,0,-0.02,0.002,4.246468813238268,25,0.0019999999999999983
N15_M01_F10_KI16_11,KI16,real,inner_race,N15_M01_F10,1499.06,none,6203_PU_2855,0.0,2000.0,13.8615,outer_race,0.004,8.25537875303607,3,-0.02,0.002,2.5683872260260676,25,0.0019999999999999983
N15_M01_F10_KI16_12,KI16,real,inner_race,N15_M01_F10,1499.85,none,6203_PU_2855,0.0,2000.0,13.8474,outer_race,0.002,5.792572950340691,2,-0.019,0.002,2.9933433833316423,25,0.0019999999999999983
N15_M01_F10_KI16_13,KI16,real,inner_race,N15_M01_F10,1499.53,none,6203_PU_2855,0.0,2000.0,13.9295,outer_race,0.006,6.823961726965068,3,-0.02,0.002,2.69161852281062,25,0.0019999999999999983
N15_M01_F10_KI16_14,KI16,real,inner_race,N15_M01_F10,1499.67,none,6203_PU_2855,0.0,2000.0,13.8657,inner_race,0.002,2.274333212890817,0,-0.02,0.002,3.4268096557319083,17,0.0010000000000000009
N15_M01_F10_KI16_15,KI16,real,inner_race,N15_M01_F10,1499.95,none,6203_PU_2855,0.0,2000.0,13.4271,outer_race,0.002,9.127444543643202,4,-0.02,0.002,2.7427645752278065,25,0.0
N15_M01_F10_KI16_16,KI16,real,inner_race,N15_M01_F10,1499.56,none,6203_PU_2855,0.0,2000.0,14.0961,outer_race,0.006,11.409840142182368,3,-0.02,0.002,2.4924673732333793,25,0.0
N15_M01_F10_KI16_17,KI16,real,inner_race,N15_M01_F10,1499.57,none,6203_PU_2855,0.0,2000.0,14.1955,outer_race,0.002,8.813764278974585,3,-0.02,0.002,3.133892756362146,25,0.0019999999999999983
N15_M01_F10_KI16_18,KI16,real,inner_race,N15_M01_F10,1499.55,none,6203_PU_2855,0.0,2000.0,14.3232,inner_race,0.368,0.3203459439606697,0,-0.019,0.002,2.8896988882637107,8,0.002999999999999999
N15_M01_F10_KI16_19,KI16,real,inner_race,N15_M01_F10,1499.94,none,6203_PU_2855,0.0,2000.0,14.2859,outer_race,0.004,10.792099310586039,4,-0.02,0.002,2.8381991114251344,25,0.0010000000000000009
N15_M01_F10_KI16_2,KI16,real,inner_race,N15_M01_F10,1499.52,none,6203_PU_2855,0.0,2000.0,13.744,outer_race,0.006,6.942102954364411,2,-0.02,0.002,2.8186473471202995,24,0.0010000000000000009
N15_M01_F10_KI16_20,KI16,real,inner_race,N15_M01_F10,1499.74,none,6203_PU_2855,0.0,2000.0,14.2699,outer_race,0.004,9.67054817204458,4,-0.02,0.002,2.5942337060492737,25,0.0010000000000000009
N15_M01_F10_KI16_3,KI16,real,inner_race,N15_M01_F10,1499.78,none,6203_PU_2855,0.0,2000.0,13.9137,inner_race,0.822,-1.448681075920928,0,-0.02,0.002,3.5499804942600606,11,0.0019999999999999983
N15_M01_F10_KI16_4,KI16,real,inner_race,N15_M01_F10,1499.71,none,6203_PU_2855,0.0,2000.0,13.9849,outer_race,0.004,5.679498583940538,3,-0.019,0.002,2.6776816105323307,25,0.0019999999999999983
N15_M01_F10_KI16_5,KI16,real,inner_race,N15_M01_F10,1499.44,none,6203_PU_2855,0.0,2000.0,13.7415,inner_race,0.002,5.111731790309221,1,-0.019,0.002,2.624206333863905,25,0.0010000000000000009
N15_M01_F10_KI16_6,KI16,real,inner_race,N15_M01_F10,1499.61,none,6203_PU_2855,0.0,2000.0,14.267,outer_race,0.006,4.3638302598284335,3,-0.02,0.002,2.3298489371342064,25,0.0010000000000000009
N15_M01_F10_KI16_7,KI16,real,inner_race,N15_M01_F10,1499.69,none,6203_PU_2855,0.0,2000.0,13.913,outer_race,0.004,8.492785585478616,3,-0.02,0.002,3.029742216423269,25,0.002999999999999999
N15_M01_F10_KI16_8,KI16,real,inner_race,N15_M01_F10,1499.52,none,6203_PU_2855,0.0,2000.0,13.5918,outer_race,0.006,4.6126871144367945,2,-0.02,0.002,2.7763952620065897,25,0.0019999999999999983
N15_M01_F10_KI16_9,KI16,real,inner_race,N15_M01_F10,1499.56,none,6203_PU_2855,0.0,2000.0,13.7775,outer_race,0.004,9.96239457232356,4,-0.02,0.002,2.5894116290923392,25,0.0019999999999999983
N15_M01_F10_KI17_1,KI17,real,inner_race,N15_M01_F10,1499.69,none,6203_PU_2905,10666.7,13333.3,6.9558,normal,0.418,0.38704045011433236,0,0.008,0.472,0.03614610390482402,1,-0.006
N15_M01_F10_KI17_10,KI17,real,inner_race,N15_M01_F10,1499.58,none,6203_PU_2905,12000.0,14000.0,6.5964,normal,0.9,-1.5898123038066219,0,0.015000000000000003,0.976,-1.316698375616974,1,0.015000000000000003
N15_M01_F10_KI17_11,KI17,real,inner_race,N15_M01_F10,1499.02,none,6203_PU_2905,10000.0,12000.0,6.7217,normal,0.918,-1.109171393344881,0,-0.01,0.002,4.995608188977704,0,0.0
N15_M01_F10_KI17_12,KI17,real,inner_race,N15_M01_F10,1500.13,none,6203_PU_2905,12000.0,14000.0,6.6181,normal,0.684,-0.4412535435087935,0,0.011,0.294,0.5802306226850437,2,-0.0010000000000000009
N15_M01_F10_KI17_13,KI17,real,inner_race,N15_M01_F10,1500.15,none,6203_PU_2905,12000.0,14000.0,6.9601,normal,0.336,0.5043381849517663,0,0.005000000000000001,0.8,-0.5370922123677047,1,-0.013000000000000001
N15_M01_F10_KI17_14,KI17,real,inner_race,N15_M01_F10,1500.19,none,6203_PU_2905,12000.0,14000.0,6.6397,normal,0.27,0.5025419378787749,0,-0.005000000000000001,0.292,0.6285996135153731,1,-0.006999999999999999
N15_M01_F10_KI17_15,KI17,real,inner_race,N15_M01_F10,1499.52,none,6203_PU_2905,13333.3,14666.7,7.2533,normal,0.586,-0.3652115442112267,0,0.016999999999999998,0.424,0.14973364935203476,1,-0.006
N15_M01_F10_KI17_16,KI17,real,inner_race,N15_M01_F10,1499.51,none,6203_PU_2905,12000.0,14000.0,6.1634,normal,0.282,0.5902316265342205,0,-0.015,0.638,-0.4041041728916016,1,-0.006
N15_M01_F10_KI17_17,KI17,real,inner_race,N15_M01_F10,1500.08,none,6203_PU_2905,12000.0,14000.0,5.9038,normal,0.432,0.3103430698634762,0,-0.006,0.684,-0.31809747221011936,1,0.004
N15_M01_F10_KI17_18,KI17,real,inner_race,N15_M01_F10,1499.57,none,6203_PU_2905,13333.3,14666.7,6.8543,normal,0.3,0.5566404585465771,0,0.011,0.892,-0.7186226285769147,1,-0.012
N15_M01_F10_KI17_19,KI17,real,inner_race,N15_M01_F10,1500.74,none,6203_PU_2905,12000.0,14000.0,6.2289,normal,0.598,-0.4986331400021236,0,0.008,0.794,-0.9432356817198896,1,-0.0010000000000000009
N15_M01_F10_KI17_2,KI17,real,inner_race,N15_M01_F10,1499.79,none,6203_PU_2905,12000.0,14000.0,6.7656,normal,0.684,-0.26501406017815926,0,-0.01,0.958,-0.9546577639870194,1,0.009000000000000001
N15_M01_F10_KI17_20,KI17,real,inner_race,N15_M01_F10,1499.5,none,6203_PU_2905,13333.3,14666.7,7.2677,normal,0.876,-0.8342349827764206,0,0.0019999999999999983,0.602,-0.21460591313020574,1,-0.006
N15_M01_F10_KI17_3,KI17,real,inner_race,N15_M01_F10,1499.86,none,6203_PU_2905,13333.3,14666.7,7.2381,normal,0.78,-0.7459448348777054,0,0.009000000000000001,0.678,-0.3290187435304846,1,-0.006
N15_M01_F10_KI17_4,KI17,real,inner_race,N15_M01_F10,1499.83,none,6203_PU_2905,12000.0,14000.0,6.3119,normal,0.604,-0.1263157928285952,0,0.016999999999999998,0.566,-0.12285190638480752,0,-0.0010000000000000009
N15_M01_F10_KI17_5,KI17,real,inner_race,N15_M01_F10,1499.69,none,6203_PU_2905,12000.0,14000.0,7.5019,normal,0.718,-0.42217080605773516,0,-0.019,0.516,-0.05340865900465811,1,-0.012
N15_M01_F10_KI17_6,KI17,real,inner_race,N15_M01_F10,1499.94,none,6203_PU_2905,12000.0,14000.0,7.0626,normal,0.276,0.6749198821690835,0,0.016000000000000004,0.572,-0.18579034101911845,0,0.014000000000000002
N15_M01_F10_KI17_7,KI17,real,inner_race,N15_M01_F10,1499.82,none,6203_PU_2905,12000.0,14000.0,7.0528,normal,0.356,0.33549693524693464,0,0.014000000000000002,0.516,-0.05403156737139035,1,0.0010000000000000009
N15_M01_F10_KI17_8,KI17,real,inner_race,N15_M01_F10,1499.67,none,6203_PU_2905,12000.0,14000.0,6.7728,normal,0.656,-0.337858799913556,0,-0.008,0.864,-0.6522540116635783,1,0.014000000000000002
N15_M01_F10_KI17_9,KI17,real,inner_race,N15_M01_F10,1499.97,none,6203_PU_2905,12000.0,14000.0,6.7902,normal,0.668,-0.25638237670609537,0,0.016000000000000004,0.946,-1.1998672617033512,0,0.013000000000000001
N15_M01_F10_KI18_1,KI18,real,inner_race,N15_M01_F10,1499.68,none,6203_PU_2905,8000.0,10666.7,15.2175,inner_race,0.552,-0.22262736135742295,1,-0.018000000000000002,0.002,3.385877807450444,25,0.0010000000000000009
N15_M01_F10_KI18_10,KI18,real,inner_race,N15_M01_F10,1499.59,none,6203_PU_2905,8000.0,10666.7,14.5689,inner_race,0.978,-1.9287036830244035,1,-0.02,0.002,4.242350380583976,25,0.0010000000000000009
N15_M01_F10_KI18_11,KI18,real,inner_race,N15_M01_F10,1499.79,none,6203_PU_2905,9333.3,10666.7,14.3814,inner_race,0.882,-0.880857396065882,1,-0.02,0.002,3.8635861358102193,25,0.0010000000000000009
N15_M01_F10_KI18_12,KI18,real,inner_race,N15_M01_F10,1499.54,none,6203_PU_2905,9333.3,10666.7,14.2152,inner_race,0.846,-1.1147347336023603,1,-0.017,0.002,3.1945393072399066,25,0.0010000000000000009
N15_M01_F10_KI18_13,KI18,real,inner_race,N15_M01_F10,1499.62,none,6203_PU_2905,8000.0,10666.7,14.0445,inner_race,0.822,-0.84935898389429,0,-0.013000000000000001,0.002,2.544291537089733,25,0.0010000000000000009
N15_M01_F10_KI18_14,KI18,real,inner_race,N15_M01_F10,1499.5,none,6203_PU_2905,8000.0,10666.7,14.2026,inner_race,0.858,-0.9255314406256904,1,-0.02,0.002,2.923400101065439,25,0.0010000000000000009
N15_M01_F10_KI18_15,KI18,real,inner_race,N15_M01_F10,1499.55,none,6203_PU_2905,8000.0,10666.7,14.148,inner_race,0.514,-0.029406548827979936,1,-0.017,0.002,3.6350433779523907,25,0.0010000000000000009
N15_M01_F10_KI18_16,KI18,real,inner_race,N15_M01_F10,1499.56,none,6203_PU_2905,9333.3,10666.7,14.1335,inner_race,0.896,-1.1538848550201422,1,-0.02,0.002,2.2723194257870007,25,0.0010000000000000009
N15_M01_F10_KI18_17,KI18,real,inner_race,N15_M01_F10,1499.47,none,6203_PU_2905,8000.0,10666.7,14.7203,inner_race,0.724,-0.6178314144518333,0,-0.013000000000000001,0.002,3.495124300153713,25,0.0010000000000000009
N15_M01_F10_KI18_18,KI18,real,inner_race,N15_M01_F10,1499.66,none,6203_PU_2905,9333.3,10666.7,15.7473,inner_race,0.978,-1.647292923029857,1,-0.02,0.002,4.0527877881112735,25,0.0010000000000000009
N15_M01_F10_KI18_19,KI18,real,inner_race,N15_M01_F10,1499.59,none,6203_PU_2905,8000.0,10666.7,14.8179,inner_race,0.326,0.18647196179911996,1,-0.02,0.002,3.2591861704662692,25,0.0010000000000000009
N15_M01_F10_KI18_2,KI18,real,inner_race,N15_M01_F10,1499.52,none,6203_PU_2905,8000.0,10666.7,13.7593,inner_race,0.432,0.13335172929384823,1,-0.017,0.002,3.856372000075835,25,0.0010000000000000009
N15_M01_F10_KI18_20,KI18,real,inner_race,N15_M01_F10,1499.73,none,6203_PU_2905,8000.0,10666.7,13.4926,inner_race,0.752,-1.2205583052657525,1,-0.02,0.002,3.0125598048494946,25,0.0010000000000000009
N15_M01_F10_KI18_3,KI18,real,inner_race,N15_M01_F10,1499.46,none,6203_PU_2905,9333.3,10666.7,14.3764,inner_race,0.76,-0.49785421314402817,1,-0.019,0.002,3.493248258420088,25,0.0010000000000000009
N15_M01_F10_KI18_4,KI18,real,inner_race,N15_M01_F10,1499.57,none,6203_PU_2905,9333.3,10666.7,15.578,inner_race,0.762,-0.5180822055924494,1,-0.019,0.002,2.5088161816751526,25,0.0010000000000000009
N15_M01_F10_KI18_5,KI18,real,inner_race,N15_M01_F10,1499.37,none,6203_PU_2905,8000.0,10666.7,13.7628,inner_race,0.694,-0.255188972476243,1,-0.02,0.002,2.402004612234617,25,0.0
N15_M01_F10_KI18_6,KI18,real,inner_race,N15_M01_F10,1499.46,none,6203_PU_2905,8000.0,10666.7,14.6152,inner_race,0.922,-1.0807163662289812,1,-0.02,0.002,2.5071135582681507,24,0.0010000000000000009
N15_M01_F10_KI18_7,KI18,real,inner_race,N15_M01_F10,1499.57,none,6203_PU_2905,9333.3,10666.7,14.9636,inner_race,0.796,-0.9091153428759848,1,-0.019,0.002,2.501810639476116,25,0.0010000000000000009
N15_M01_F10_KI18_8,KI18,real,inner_race,N15_M01_F10,1499.86,none,6203_PU_2905,8000.0,10666.7,14.4498,inner_race,0.416,0.13298253275089583,1,-0.013000000000000001,0.002,3.9819537572122976,25,0.0010000000000000009
N15_M01_F10_KI18_9,KI18,real,inner_race,N15_M01_F10,1499.4,none,6203_PU_2905,9333.3,10666.7,14.5678,inner_race,0.89,-0.9410655964451078,1,-0.018000000000000002,0.002,4.378989075100459,25,0.0010000000000000009
N15_M01_F10_KI21_1,KI21,real,inner_race,N15_M01_F10,1499.72,none,6203_PU_2855,10666.7,13333.3,7.3939,normal,0.818,-0.8256904264107776,0,0.016999999999999998,0.718,-0.5720250568779272,1,-0.009000000000000001
N15_M01_F10_KI21_10,KI21,real,inner_race,N15_M01_F10,1499.71,none,6203_PU_2855,12000.0,14000.0,6.9178,normal,0.758,-0.6412156809372919,0,-0.012,0.49,0.03306689369519114,2,-0.01
N15_M01_F10_KI21_11,KI21,real,inner_race,N15_M01_F10,1499.58,none,6203_PU_2855,10666.7,13333.3,6.8837,normal,0.388,0.211525190801777,1,0.016999999999999998,0.598,-0.16363141854726013,1,0.011
N15_M01_F10_KI21_12,KI21,real,inner_race,N15_M01_F10,1499.42,none,6203_PU_2855,10666.7,13333.3,6.8105,normal,0.588,-0.08367355921105192,0,-0.011,0.642,-0.39804597381474444,1,-0.01
N15_M01_F10_KI21_13,KI21,real,inner_race,N15_M01_F10,1499.62,none,6203_PU_2855,12000.0,14000.0,6.0073,normal,0.274,0.7362114408835152,1,0.016000000000000004,0.862,-0.821011108040714,1,-0.01
N15_M01_F10_KI21_14,KI21,real,inner_race,N15_M01_F10,1499.63,none,6203_PU_2855,10666.7,13333.3,7.2074,normal,0.892,-1.564766393812682,0,-0.016,0.64,-0.21555772287098923,0,-0.011
N15_M01_F10_KI21_15,KI21,real,inner_race,N15_M01_F10,1499.57,none,6203_PU_2855,10666.7,13333.3,7.3088,normal,0.432,0.39044054036586856,0,-0.011,0.78,-0.6445217026160884,2,-0.01
N15_M01_F10_KI21_16,KI21,real,inner_race,N15_M01_F10,1499.65,none,6203_PU_2855,10666.7,13333.3,6.6972,normal,0.526,-0.1024573185861191,0,-0.011,0.798,-1.0116212868344099,1,0.011
N15_M01_F10_KI21_17,KI21,real,inner_race,N15_M01_F10,1499.46,none,6203_PU_2855,10666.7,13333.3,8.2058,normal,0.44,0.37300138166474134,0,0.014000000000000002,0.482,0.03808068627968146,2,-0.009000000000000001
N15_M01_F10_KI21_18,KI21,real,inner_race,N15_M01_F10,1499.57,none,6203_PU_2855,10666.7,13333.3,6.519,normal,0.698,-0.49106427432498434,1,0.015000000000000003,0.836,-0.9337572890630818,2,-0.009000000000000001
N15_M01_F10_KI21_19,KI21,real,inner_race,N15_M01_F10,1499.55,none,6203_PU_2855,10666.7,13333.3,7.5899,normal,0.454,0.01621096136871321,1,0.014000000000000002,0.866,-0.7642696638776398,1,-0.009000000000000001
N15_M01_F10_KI21_2,KI21,real,inner_race,N15_M01_F10,1499.52,none,6203_PU_2855,10666.7,13333.3,6.9891,normal,0.644,-0.4017879863247889,0,-0.012,0.962,-1.37282296349141,2,-0.009000000000000001
N15_M01_F10_KI21_20,KI21,real,inner_race,N15_M01_F10,1499.56,none,6203_PU_2855,10666.7,13333.3,6.7651,normal,0.668,-0.4535072063644492,0,0.014000000000000002,0.594,-0.29826650192931525,1,-0.009000000000000001
N15_M01_F10_KI21_3,KI21,real,inner_race,N15_M01_F10,1499.61,none,6203_PU_2855,12000.0,14000.0,7.8962,normal,0.602,-0.43730126875666353,1,0.016000000000000004,0.342,0.49171747201566046,1,-0.009000000000000001
N15_M01_F10_KI21_4,KI21,real,inner_race,N15_M01_F10,1499.61,none,6203_PU_2855,10666.7,13333.3,6.6407,normal,0.478,0.0429101095247954,0,-0.012,0.428,0.132378235857978,1,0.011
N15_M01_F10_KI21_5,KI21,real,inner_race,N15_M01_F10,1499.74,none,6203_PU_2855,10666.7,13333.3,6.6789,normal,0.514,-0.10809787764140082,1,0.016000000000000004,0.494,0.013026307722077598,1,-0.01
N15_M01_F10_KI21_6,KI21,real,inner_race,N15_M01_F10,1499.62,none,6203_PU_2855,10666.7,13333.3,7.2549,normal,0.354,0.5354723753047056,1,0.014000000000000002,0.444,0.22069722938462935,1,0.011
N15_M01_F10_KI21_7,KI21,real,inner_race,N15_M01_F10,1499.55,none,6203_PU_2855,10666.7,13333.3,6.822,normal,0.304,0.6452817134352083,1,0.015000000000000003,0.834,-0.9169485358006755,1,-0.008
N15_M01_F10_KI21_8,KI21,real,inner_race,N15_M01_F10,1499.73,none,6203_PU_2855,10666.7,13333.3,8.1072,normal,0.866,-0.998990269587405,0,-0.0019999999999999983,0.654,-0.44761496823232083,1,-0.009000000000000001
N15_M01_F10_KI21_9,KI21,real,inner_race,N15_M01_F10,1499.58,none,6203_PU_2855,10666.7,13333.3,6.9126,normal,0.462,0.20933152987270692,1,0.016999999999999998,0.842,-0.7790670073714719,2,-0.009000000000000001
N15_M07_F04_K001_1,K001,none,normal,N15_M07_F04,1499.56,none,6203_PU_2905,10000.0,12000.0,3.4915,inner_race,0.382,0.4119869609099914,1,-0.005000000000000001,0.002,2.6644843813523162,2,0.013000000000000001
N15_M07_F04_K001_10,K001,none,normal,N15_M07_F04,1499.63,none,6203_PU_2905,10666.7,13333.3,4.1251,normal,0.196,1.4903462362329933,1,-0.006999999999999999,0.182,0.9403486614946791,3,0.016000000000000004
N15_M07_F04_K001_11,K001,none,normal,N15_M07_F04,1499.55,none,6203_PU_2905,12000.0,14000.0,3.4661,normal,0.912,-0.7749660476484943,1,-0.004,0.124,1.1522207798042514,2,0.014000000000000002
N15_M07_F04_K001_12,K001,none,normal,N15_M07_F04,1499.59,none,6203_PU_2905,10000.0,12000.0,3.4765,normal,0.154,2.1848486061085435,1,-0.006,0.562,-0.12068738685464549,2,0.014000000000000002
N15_M07_F04_K001_13,K001,none,normal,N15_M07_F04,1499.62,none,6203_PU_2905,10666.7,13333.3,4.2538,normal,0.208,1.9972705097124412,1,-0.006,0.48,0.13914530170212433,2,0.015000000000000003
N15_M07_F04_K001_14,K001,none,normal,N15_M07_F04,1499.57,none,6203_PU_2905,10666.7,13333.3,3.8279,normal,0.18,0.8420973640739445,1,-0.008,0.046,1.9061646865465809,3,0.014000000000000002
N15_M07_F04_K001_15,K001,none,normal,N15_M07_F04,1499.61,none,6203_PU_2905,10666.7,13333.3,3.8389,normal,0.772,-0.6525615140891569,1,-0.008,0.178,1.3620277923427884,1,0.014000000000000002
N15_M07_F04_K001_16,K001,none,normal,N15_M07_F04,1499.61,none,6203_PU_2905,12000.0,14000.0,4.1194,normal,0.15,0.8943074630160003,1,-0.006,0.992,-1.5342173598439088,2,0.015000000000000003
N15_M07_F04_K001_17,K001,none,normal,N15_M07_F04,1499.58,none,6203_PU_2905,10666.7,13333.3,3.9519,normal,0.162,1.16173539627107,1,-0.006999999999999999,0.398,0.2436387351659656,3,0.015000000000000003
N15_M07_F04_K001_18,K001,none,normal,N15_M07_F04,1499.6,none,6203_PU_2905,10666.7,13333.3,3.4934,inner_race,0.164,0.8825882085041933,1,-0.006,0.004,1.8776524282788603,3,0.014000000000000002
N15_M07_F04_K001_19,K001,none,normal,N15_M07_F04,1499.62,none,6203_PU_2905,10666.7,13333.3,4.0352,normal,0.376,0.5560573571501949,1,-0.006999999999999999,0.618,-0.25960737885657714,3,0.014000000000000002
N15_M07_F04_K001_2,K001,none,normal,N15_M07_F04,1499.55,none,6203_PU_2905,13333.3,14666.7,4.0254,normal,0.188,1.2535513105765543,1,-0.006999999999999999,0.032,1.8786309247741724,2,0.014000000000000002
N15_M07_F04_K001_20,K001,none,normal,N15_M07_F04,1499.61,none,6203_PU_2905,10666.7,13333.3,3.9758,normal,0.266,1.0061980180090178,0,-0.006999999999999999,0.136,1.022044687786882,3,0.014000000000000002
N15_M07_F04_K001_3,K001,none,normal,N15_M07_F04,1499.62,none,6203_PU_2905,10666.7,13333.3,3.4959,normal,0.232,1.5459079218412692,1,-0.006999999999999999,0.118,1.426483888576712,2,0.014000000000000002
N15_M07_F04_K001_4,K001,none,normal,N15_M07_F04,1499.62,none,6203_PU_2905,10000.0,12000.0,3.7881,inner_race,0.152,0.8997039234858447,1,-0.006,0.01,2.4262571103841903,3,0.014000000000000002
N15_M07_F04_K001_5,K001,none,normal,N15_M07_F04,1499.59,none,6203_PU_2905,10666.7,13333.3,3.642,normal,0.146,2.2264136239912875,1,-0.006999999999999999,0.052,1.5315823512173419,3,0.015000000000000003
N15_M07_F04_K001_6,K001,none,normal,N15_M07_F04,1499.56,none,6203_PU_2905,10666.7,13333.3,3.8935,normal,0.512,-0.29027171090589204,1,-0.006999999999999999,0.3,0.47844068292548986,3,0.015000000000000003
N15_M07_F04_K001_7,K001,none,normal,N15_M07_F04,1499.63,none,6203_PU_2905,10666.7,13333.3,3.7487,normal,0.496,0.028822946805686055,1,-0.006999999999999999,0.296,0.7140524070788788,1,0.014000000000000002
N15_M07_F04_K001_8,K001,none,normal,N15_M07_F04,1499.55,none,6203_PU_2905,10666.7,13333.3,3.347,normal,0.398,0.629190670674852,2,-0.006999999999999999,0.984,-1.7866986195159555,1,-0.006999999999999999
N15_M07_F04_K001_9,K001,none,normal,N15_M07_F04,1499.64,none,6203_PU_2905,12000.0,14000.0,3.9561,normal,0.606,-0.2162660256342504,0,-0.006,0.44,0.1963717314349161,3,0.015000000000000003
N15_M07_F04_K002_1,K002,none,normal,N15_M07_F04,1499.46,none,6203_PU_2905,13333.3,14666.7,9.8566,normal,0.772,-0.7327364106886709,0,0.014000000000000002,0.574,-0.17563555656751034,0,-0.004
N15_M07_F04_K002_10,K002,none,normal,N15_M07_F04,1499.72,none,6203_PU_2905,10666.7,13333.3,6.9111,normal,0.148,2.379356550294655,1,-0.008,0.078,1.4324799234547345,2,0.016000000000000004
N15_M07_F04_K002_11,K002,none,normal,N15_M07_F04,1499.15,none,6203_PU_2905,10666.7,13333.3,10.0525,normal,0.912,-1.0133343708001963,1,-0.006,0.18,1.160420746400768,1,-0.011
N15_M07_F04_K002_12,K002,none,normal,N15_M07_F04,1499.65,none,6203_PU_2905,10666.7,13333.3,10.9745,normal,0.696,-0.45575407131096796,1,-0.006999999999999999,0.886,-1.2008641078271982,2,0.016000000000000004
N15_M07_F04_K002_13,K002,none,normal,N15_M07_F04,1499.59,none,6203_PU_2905,12000.0,14000.0,9.4214,normal,0.334,0.8924119275353041,1,-0.006999999999999999,0.834,-1.1007512142273608,0,-0.006
N15_M07_F04_K002_14,K002,none,normal,N15_M07_F04,1499.51,none,6203_PU_2905,13333.3,14666.7,6.4572,normal,0.39,0.5872492468410287,1,-0.006,0.608,-0.26117157786566003,1,-0.012
N15_M07_F04_K002_15,K002,none,normal,N15_M07_F04,1499.55,none,6203_PU_2905,12000.0,14000.0,7.7765,normal,0.244,0.5216016487720355,1,-0.008,0.736,-0.5945803960026215,1,0.015000000000000003
N15_M07_F04_K002_16,K002,none,normal,N15_M07_F04,1499.48,none,6203_PU_2905,12000.0,14000.0,8.2027,normal,0.354,0.2447852055624159,1,-0.006999999999999999,0.732,-0.6095603621349764,2,0.015000000000000003
N15_M07_F04_K002_17,K002,none,normal,N15_M07_F04,1499.29,none,6203_PU_2905,10666.7,13333.3,9.0348,normal,0.46,0.1404562422244881,0,0.009999999999999998,0.146,1.8990874768148536,2,0.015000000000000003
N15_M07_F04_K002_18,K002,none,normal,N15_M07_F04,1498.8,none,6203_PU_2905,13333.3,14666.7,7.1394,normal,0.696,-0.3306166298956461,1,-0.006,0.158,1.1624017170560652,2,0.016000000000000004
N15_M07_F04_K002_19,K002,none,normal,N15_M07_F04,1500.16,none,6203_PU_2905,10666.7,13333.3,13.0296,normal,0.296,0.7198268837036507,1,-0.008,0.704,-0.5001178737639468,3,0.015000000000000003
N15_M07_F04_K002_2,K002,none,normal,N15_M07_F04,1499.59,none,6203_PU_2905,10666.7,13333.3,7.7594,normal,0.39,0.3102825926547194,1,-0.006,0.338,0.36362073592723054,2,0.011
N15_M07_F04_K002_20,K002,none,normal,N15_M07_F04,1500.35,none,6203_PU_2905,10666.7,13333.3,7.3757,normal,0.238,1.6342209094425304,0,0.009000000000000001,0.3,0.6138414977061466,2,0.013000000000000001
N15_M07_F04_K002_3,K002,none,normal,N15_M07_F04,1499.49,none,6203_PU_2905,12000.0,13333.3,8.4591,normal,0.392,0.647416710704831,1,-0.006999999999999999,0.358,0.2807023928417448,1,0.016000000000000004
N15_M07_F04_K002_4,K002,none,normal,N15_M07_F04,1499.84,none,6203_PU_2905,12000.0,14000.0,8.2189,normal,0.272,0.9766510886047046,0,0.009999999999999998,0.186,0.9501720096672579,2,0.012
N15_M07_F04_K002_5,K002,none,normal,N15_M07_F04,1499.88,none,6203_PU_2905,10666.7,13333.3,9.6438,normal,0.806,-0.742781645512325,1,-0.008,0.758,-0.6726344101682515,1,-0.005000000000000001
N15_M07_F04_K002_6,K002,none,normal,N15_M07_F04,1499.37,none,6203_PU_2905,10666.7,13333.3,10.6765,normal,0.702,-0.28706580784141955,1,-0.006999999999999999,0.604,-0.19998352351579823,3,0.015000000000000003
N15_M07_F04_K002_7,K002,none,normal,N15_M07_F04,1499.54,none,6203_PU_2905,13333.3,14666.7,12.0311,normal,0.44,0.08554208608372776,0,-0.005000000000000001,0.172,1.3090794597162412,1,0.015000000000000003
N15_M07_F04_K002_8,K002,none,normal,N15_M07_F04,1499.54,none,6203_PU_2905,10666.7,13333.3,9.2611,normal,0.428,0.21380308500700357,1,-0.005000000000000001,0.074,1.6201255452833394,3,0.016000000000000004
N15_M07_F04_K002_9,K002,none,normal,N15_M07_F04,1499.69,none,6203_PU_2905,10666.7,13333.3,8.7354,normal,0.766,-0.3736742510450064,0,0.009999999999999998,0.704,-0.49943786550123903,1,0.016000000000000004
N15_M07_F04_K003_1,K003,none,normal,N15_M07_F04,1499.61,none,6203_PU_2905,12000.0,13333.3,4.1403,normal,0.188,1.7801741410360339,1,-0.008,0.16,1.3120917412960442,2,0.015000000000000003
N15_M07_F04_K003_10,K003,none,normal,N15_M07_F04,1499.59,none,6203_PU_2905,10666.7,13333.3,3.6538,normal,0.7,-0.5774666272512943,1,-0.005000000000000001,0.084,2.1032651546506065,2,0.014000000000000002
N15_M07_F04_K003_11,K003,none,normal,N15_M07_F04,1499.56,none,6203_PU_2905,10666.7,13333.3,3.9572,normal,0.166,2.217130163828021,1,-0.006999999999999999,0.178,1.2976114727615504,3,0.014000000000000002
N15_M07_F04_K003_12,K003,none,normal,N15_M07_F04,1499.64,none,6203_PU_2905,12000.0,14000.0,3.6791,normal,0.242,1.5417461846302525,0,-0.006,0.544,-0.10366036878804627,2,0.015000000000000003
N15_M07_F04_K003_13,K003,none,normal,N15_M07_F04,1499.59,none,6203_PU_2905,10000.0,12000.0,4.0666,normal,0.146,1.4674455127889872,1,-0.006999999999999999,0.558,-0.10346862902477329,2,0.014000000000000002
N15_M07_F04_K003_14,K003,none,normal,N15_M07_F04,1499.56,none,6203_PU_2905,10666.7,13333.3,4.6601,normal,0.426,0.10365307239914921,2,-0.006,0.078,1.801741674615419,3,0.015000000000000003
N15_M07_F04_K003_15,K003,none,normal,N15_M07_F04,1499.64,none,6203_PU_2905,10666.7,13333.3,4.0941,normal,0.614,-0.23902565427511804,0,0.009999999999999998,0.266,0.6231237369444761,3,0.015000000000000003
N15_M07_F04_K003_16,K003,none,normal,N15_M07_F04,1499.63,none,6203_PU_2905,12000.0,14000.0,3.7704,normal,0.434,0.21606734568882016,1,-0.006999999999999999,0.128,0.8996584608981646,3,0.014000000000000002
N15_M07_F04_K003_17,K003,none,normal,N15_M07_F04,1499.5,none,6203_PU_2905,10666.7,13333.3,3.9118,normal,0.196,3.715221500923884,2,-0.005000000000000001,0.272,0.6097609925828128,3,0.014000000000000002
N15_M07_F04_K003_18,K003,none,normal,N15_M07_F04,1499.63,none,6203_PU_2905,12000.0,14000.0,3.2806,normal,0.556,-0.07962202688827158,1,-0.004,0.094,1.2643348724259516,1,0.014000000000000002
N15_M07_F04_K003_19,K003,none,normal,N15_M07_F04,1499.6,none,6203_PU_2905,10666.7,13333.3,4.0218,normal,0.464,0.5001133084610625,1,-0.006999999999999999,0.038,2.386605843217847,2,0.014000000000000002
N15_M07_F04_K003_2,K003,none,normal,N15_M07_F04,1499.68,none,6203_PU_2905,10666.7,13333.3,3.4417,inner_race,0.868,-0.9934817539242083,1,-0.005000000000000001,0.002,2.0663278894922743,4,0.014000000000000002
N15_M07_F04_K003_20,K003,none,normal,N15_M07_F04,1499.63,none,6203_PU_2905,12000.0,13333.3,3.7434,normal,0.192,1.89739163372161,1,-0.008,0.11,1.6415502218445701,1,0.013000000000000001
N15_M07_F04_K003_3,K003,none,normal,N15_M07_F04,1499.66,none,6203_PU_2905,10666.7,13333.3,3.7026,normal,0.31,0.47589890346962055,1,-0.006,0.302,0.6851398576042657,3,0.014000000000000002
N15_M07_F04_K003_4,K003,none,normal,N15_M07_F04,1499.57,none,6203_PU_2905,10000.0,12000.0,3.4047,normal,0.67,-0.5795323205133476,1,-0.008,0.288,0.48635610144747715,1,0.014000000000000002
N15_M07_F04_K003_5,K003,none,normal,N15_M07_F04,1499.59,none,6203_PU_2905,10666.7,13333.3,3.9332,inner_race,0.86,-0.8116786058066225,1,-0.006999999999999999,0.012,2.2392844385499573,3,0.015000000000000003
N15_M07_F04_K003_6,K003,none,normal,N15_M07_F04,1499.55,none,6203_PU_2905,10666.7,13333.3,3.449,normal,0.376,0.2774150154437046,1,-0.006999999999999999,0.106,1.9728169972448795,1,0.015000000000000003
N15_M07_F04_K003_7,K003,none,normal,N15_M07_F04,1499.59,none,6203_PU_2905,12000.0,14000.0,3.7409,normal,0.252,1.3727483697094431,1,-0.006,0.256,0.8002414816520858,0,0.019
N15_M07_F04_K003_8,K003,none,normal,N15_M07_F04,1499.69,none,6203_PU_2905,10666.7,13333.3,3.8016,normal,0.464,0.10495804769147382,1,-0.006999999999999999,0.444,0.15405490000110594,2,0.014000000000000002
N15_M07_F04_K003_9,K003,none,normal,N15_M07_F04,1499.65,none,6203_PU_2905,10666.7,13333.3,3.4618,normal,0.72,-0.6497817630656797,1,-0.006,0.604,-0.23961335107500265,2,0.013000000000000001
N15_M07_F04_K004_1,K004,none,normal,N15_M07_F04,1499.58,none,6203_PU_2905,12000.0,14000.0,3.5831,normal,0.288,0.34644603379603467,1,-0.006999999999999999,0.348,0.29470157417887577,3,0.014000000000000002
N15_M07_F04_K004_10,K004,none,normal,N15_M07_F04,1499.61,none,6203_PU_2905,12000.0,14000.0,3.769,normal,0.232,1.4577125184872537,1,-0.006,0.112,1.7008892452149218,2,0.014000000000000002
N15_M07_F04_K004_11,K004,none,normal,N15_M07_F04,1499.63,none,6203_PU_2905,12000.0,14000.0,4.6003,normal,0.194,1.0305049249739102,0,0.009000000000000001,0.436,0.1137189075939106,1,0.014000000000000002
N15_M07_F04_K004_12,K004,none,normal,N15_M07_F04,1499.53,none,6203_PU_2905,12000.0,14000.0,3.5491,normal,0.616,-0.254986252182331,0,-0.006999999999999999,0.112,2.1969213319627006,2,0.015000000000000003
N15_M07_F04_K004_13,K004,none,normal,N15_M07_F04,1499.53,none,6203_PU_2905,13333.3,14666.7,3.273,normal,0.548,-0.16356770710147298,0,-0.006,0.454,0.1308720549325724,2,0.015000000000000003
N15_M07_F04_K004_14,K004,none,normal,N15_M07_F04,1499.53,none,6203_PU_2905,12000.0,14000.0,3.4276,normal,0.282,0.6905426758045498,0,-0.006,0.612,-0.3483956530767184,1,0.014000000000000002
N15_M07_F04_K004_15,K004,none,normal,N15_M07_F04,1499.61,none,6203_PU_2905,12000.0,14000.0,3.888,normal,0.202,1.1580080625272495,1,-0.008,0.592,-0.3658755959038679,3,0.014000000000000002
N15_M07_F04_K004_16,K004,none,normal,N15_M07_F04,1499.62,none,6203_PU_2905,12000.0,14000.0,3.3676,normal,0.16,1.7694871570012642,1,-0.006,0.164,1.5081613197619093,1,0.015000000000000003
N15_M07_F04_K004_17,K004,none,normal,N15_M07_F04,1499.59,none,6203_PU_2905,13333.3,14666.7,3.1139,normal,0.196,1.0252369662714753,0,0.015000000000000003,0.024,2.3170721847232714,1,0.014000000000000002
N15_M07_F04_K004_18,K004,none,normal,N15_M07_F04,1499.68,none,6203_PU_2905,13333.3,14666.7,3.4754,normal,0.126,1.240913711581749,0,-0.006,0.158,2.1592294918715536,1,0.014000000000000002
N15_M07_F04_K004_19,K004,none,normal,N15_M07_F04,1499.57,none,6203_PU_2905,13333.3,14666.7,3.893,normal,0.116,2.672990383725636,0,-0.006999999999999999,0.658,-0.3619652130875221,0,0.009000000000000001
N15_M07_F04_K004_2,K004,none,normal,N15_M07_F04,1499.62,none,6203_PU_2905,10666.7,13333.3,3.5503,normal,0.298,0.21747749969320312,0,-0.008,0.326,0.5845165594848744,3,0.015000000000000003
N15_M07_F04_K004_20,K004,none,normal,N15_M07_F04,1499.62,none,6203_PU_2905,12000.0,14000.0,4.2863,normal,0.254,0.810376152617815,1,-0.006,0.318,0.4670977480929842,1,-0.006
N15_M07_F04_K004_3,K004,none,normal,N15_M07_F04,1499.58,none,6203_PU_2905,12000.0,14000.0,2.9064,normal,0.674,-0.5914211295926346,0,-0.01,0.048,2.0631682027395115,1,-0.006
N15_M07_F04_K004_4,K004,none,normal,N15_M07_F04,1499.6,none,6203_PU_2905,13333.3,14666.7,3.6127,normal,0.256,0.5633403052769659,0,-0.006999999999999999,0.336,0.4673983095746313,2,0.014000000000000002
N15_M07_F04_K004_5,K004,none,normal,N15_M07_F04,1499.61,none,6203_PU_2905,13333.3,14666.7,3.5478,normal,0.288,1.1264259882389185,0,-0.008,0.12,1.9685214195802796,3,0.015000000000000003
N15_M07_F04_K004_6,K004,none,normal,N15_M07_F04,1499.6,none,6203_PU_2905,12000.0,14000.0,3.2399,normal,0.812,-0.7768420058310527,0,-0.008,0.042,1.7395209563220626,1,0.014000000000000002
N15_M07_F04_K004_7,K004,none,normal,N15_M07_F04,1499.55,none,6203_PU_2905,10666.7,13333.3,3.5383,normal,0.248,0.5663551541670631,1,-0.008,0.208,0.7062335811093238,1,0.013000000000000001
N15_M07_F04_K004_8,K004,none,normal,N15_M07_F04,1499.61,none,6203_PU_2905,10666.7,13333.3,3.2296,normal,0.714,-0.8219880942264104,0,-0.008,0.236,1.278813873012466,2,0.014000000000000002
N15_M07_F04_K004_9,K004,none,normal,N15_M07_F04,1499.61,none,6203_PU_2905,13333.3,14666.7,3.4316,normal,0.24,0.8265452769510613,0,-0.006,0.49,0.03231430351174777,0,-0.012
N15_M07_F04_K005_1,K005,none,normal,N15_M07_F04,1499.72,none,6203_PU_2905,12000.0,14000.0,3.5604,normal,0.338,0.42814668470926115,1,0.015000000000000003,0.494,0.05912055333279513,1,-0.005000000000000001
N15_M07_F04_K005_10,K005,none,normal,N15_M07_F04,1499.63,none,6203_PU_2905,12000.0,14000.0,3.2748,normal,0.256,0.8106348766790228,0,-0.008,0.67,-0.4985362317624566,2,0.015000000000000003
N15_M07_F04_K005_11,K005,none,normal,N15_M07_F04,1499.59,none,6203_PU_2905,13333.3,14666.7,2.9218,normal,0.746,-0.43556807367787637,0,-0.005000000000000001,0.55,-0.10166350906627795,0,0.014000000000000002
N15_M07_F04_K005_12,K005,none,normal,N15_M07_F04,1499.6,none,6203_PU_2905,13333.3,14666.7,1.4397,normal,0.866,-0.8836584680401846,0,0.019,0.018,3.421762677091028,0,0.014000000000000002
N15_M07_F04_K005_13,K005,none,normal,N15_M07_F04,1499.61,none,6203_PU_2905,13333.3,14666.7,1.5528,normal,0.122,2.126049154777184,0,-0.006,0.818,-0.9400964607385242,0,0.004
N15_M07_F04_K005_14,K005,none,normal,N15_M07_F04,1499.65,none,6203_PU_2905,12000.0,14000.0,1.5244,normal,0.32,0.3902324077209147,0,-0.006,0.494,0.03755045340293863,1,0.004
N15_M07_F04_K005_15,K005,none,normal,N15_M07_F04,1499.61,none,6203_PU_2905,13333.3,14666.7,2.7283,normal,0.976,-1.6879823038254587,0,0.002999999999999999,0.934,-1.6904121384038255,0,0.014000000000000002
N15_M07_F04_K005_16,K005,none,normal,N15_M07_F04,1499.59,none,6203_PU_2905,12000.0,14000.0,1.7906,normal,1.0,-1.3758565008786987,0,-0.004,0.598,-0.23497293086650534,3,0.016000000000000004
N15_M07_F04_K005_17,K005,none,normal,N15_M07_F04,1499.59,none,6203_PU_2905,13333.3,14666.7,1.7195,normal,0.654,-0.48922492603476103,0,-0.004,0.14,1.1521453818472904,0,0.014000000000000002
N15_M07_F04_K005_18,K005,none,normal,N15_M07_F04,1499.62,none,6203_PU_2905,13333.3,14666.7,3.5682,normal,0.904,-1.0518791206885953,0,-0.002999999999999999,0.07,1.6283781441296596,0,0.015000000000000003
N15_M07_F04_K005_19,K005,none,normal,N15_M07_F04,1499.64,none,6203_PU_2905,12000.0,14000.0,3.089,normal,0.448,0.18277054537869739,0,0.004,0.892,-1.0125863108010948,0,-0.006
N15_M07_F04_K005_2,K005,none,normal,N15_M07_F04,1499.62,none,6203_PU_2905,13333.3,14666.7,3.6364,normal,0.218,0.9287694248805917,0,-0.006,0.178,0.8878055185519672,2,-0.006
N15_M07_F04_K005_20,K005,none,normal,N15_M07_F04,1499.59,none,6203_PU_2905,12000.0,14000.0,2.8971,normal,0.938,-0.7137086735172632,0,-0.02,0.826,-0.6477306062216843,1,-0.013000000000000001
N15_M07_F04_K005_3,K005,none,normal,N15_M07_F04,1499.56,none,6203_PU_2905,12000.0,14000.0,3.4105,normal,0.678,-0.36701352807359977,0,-0.005000000000000001,0.146,1.1009258406388531,2,0.013000000000000001
N15_M07_F04_K005_4,K005,none,normal,N15_M07_F04,1499.63,none,6203_PU_2905,12000.0,14000.0,2.8729,normal,0.314,0.27524978340916,0,-0.006,0.738,-0.4309460162257526,0,-0.006
N15_M07_F04_K005_5,K005,none,normal,N15_M07_F04,1499.62,none,6203_PU_2905,13333.3,14666.7,2.9241,normal,1.0,-2.449183877148999,0,-0.018000000000000002,0.486,0.02956881708271881,1,0.015000000000000003
N15_M07_F04_K005_6,K005,none,normal,N15_M07_F04,1499.66,none,6203_PU_2905,12000.0,14000.0,3.0917,normal,0.476,0.07961796985173643,0,-0.006,0.45,0.20091321882961558,1,0.013000000000000001
N15_M07_F04_K005_7,K005,none,normal,N15_M07_F04,1499.65,none,6203_PU_2905,13333.3,14666.7,3.0994,normal,0.912,-0.7447974739781296,0,-0.006999999999999999,0.002,2.3202089719514354,0,-0.006
N15_M07_F04_K005_8,K005,none,normal,N15_M07_F04,1499.58,none,6203_PU_2905,12000.0,14000.0,3.4016,normal,0.384,0.6116531562344495,1,-0.005000000000000001,0.902,-1.0174969610140217,3,0.015000000000000003
N15_M07_F04_K005_9,K005,none,normal,N15_M07_F04,1499.63,none,6203_PU_2905,13333.3,14666.7,3.3022,inner_race,0.696,-0.33735367556467843,0,-0.005000000000000001,0.006,1.842867316845542,2,0.014000000000000002
N15_M07_F04_K006_1,K006,none,normal,N15_M07_F04,1499.61,none,6203_PU_2905,10666.7,13333.3,2.4681,normal,0.35,0.31714280768568426,0,-0.004,0.316,0.7190127675571386,1,0.014000000000000002
N15_M07_F04_K006_10,K006,none,normal,N15_M07_F04,1499.69,none,6203_PU_2905,10666.7,13333.3,3.4729,normal,0.526,-0.08194589951859599,0,-0.006999999999999999,0.074,1.038497939011317,1,0.015000000000000003
N15_M07_F04_K006_11,K006,none,normal,N15_M07_F04,1499.58,none,6203_PU_2905,10666.7,13333.3,3.6743,normal,0.406,0.1941743342105707,1,-0.006,0.192,1.8708757163701397,3,0.015000000000000003
N15_M07_F04_K006_12,K006,none,normal,N15_M07_F04,1499.57,none,6203_PU_2905,12000.0,14000.0,3.7509,normal,0.524,-0.19105110796898497,0,-0.008,0.694,-0.5025037084380208,2,0.014000000000000002
N15_M07_F04_K006_13,K006,none,normal,N15_M07_F04,1499.54,none,6203_PU_2905,10666.7,13333.3,3.3921,normal,0.598,-0.2974977596768522,0,0.016000000000000004,0.724,-0.6059670012049405,2,0.014000000000000002
N15_M07_F04_K006_14,K006,none,normal,N15_M07_F04,1499.63,none,6203_PU_2905,10666.7,13333.3,3.4752,normal,0.342,0.3114716545678397,0,-0.006999999999999999,0.598,-0.35288231042045765,1,0.02
N15_M07_F04_K006_15,K006,none,normal,N15_M07_F04,1499.64,none,6203_PU_2905,12000.0,14000.0,3.9834,normal,0.166,1.5402908432296227,1,0.011,0.186,1.0764238888336655,1,0.014000000000000002
N15_M07_F04_K006_16,K006,none,normal,N15_M07_F04,1499.57,none,6203_PU_2905,12000.0,14000.0,3.5296,normal,0.826,-0.6155953590537253,0,0.009000000000000001,0.41,0.3349790563268554,1,0.016000000000000004
N15_M07_F04_K006_17,K006,none,normal,N15_M07_F04,1499.59,none,6203_PU_2905,10666.7,13333.3,3.615,normal,0.12,2.331664583707852,0,-0.008,0.108,1.8450762901502546,2,0.014000000000000002
N15_M07_F04_K006_18,K006,none,normal,N15_M07_F04,1499.62,none,6203_PU_2905,10666.7,13333.3,3.5408,normal,0.682,-0.3584937980364116,1,0.015000000000000003,0.25,0.9020756154499058,0,-0.005000000000000001
N15_M07_F04_K006_19,K006,none,normal,N15_M07_F04,1499.55,none,6203_PU_2905,12000.0,14000.0,3.8743,normal,0.258,0.5423165671814689,0,-0.008,0.308,0.27618703569308456,1,0.019
N15_M07_F04_K006_2,K006,none,normal,N15_M07_F04,1499.63,none,6203_PU_2905,10666.7,13333.3,3.5316,normal,0.296,0.6258928500735476,1,-0.008,0.4,0.23785517446962698,0,-0.006
N15_M07_F04_K006_20,K006,none,normal,N15_M07_F04,1499.63,none,6203_PU_2905,8000.0,9333.3,3.3211,normal,0.76,-0.6093588111151323,0,0.004,0.872,-1.0293371750545925,1,0.013000000000000001
N15_M07_F04_K006_3,K006,none,normal,N15_M07_F04,1499.56,none,6203_PU_2905,12000.0,13333.3,3.663,normal,0.186,1.2196637440727969,0,-0.008,0.19,0.7561603971836004,1,0.015000000000000003
N15_M07_F04_K006_4,K006,none,normal,N15_M07_F04,1499.61,none,6203_PU_2905,10666.7,13333.3,3.6155,normal,0.496,0.00387389522246057,1,-0.008,0.134,1.0769747557130491,2,0.014000000000000002
N15_M07_F04_K006_5,K006,none,normal,N15_M07_F04,1499.59,none,6203_PU_2905,10666.7,13333.3,3.7368,normal,0.464,0.07279213540436047,0,-0.006,0.574,-0.3142754515678946,2,0.014000000000000002
N15_M07_F04_K006_6,K006,none,normal,N15_M07_F04,1499.63,none,6203_PU_2905,12000.0,14000.0,3.5671,normal,0.78,-0.31142037383460985,1,-0.006,0.48,0.08951604695606251,1,0.012
N15_M07_F04_K006_7,K006,none,normal,N15_M07_F04,1499.57,none,6203_PU_2905,10666.7,13333.3,3.6606,normal,0.794,-0.628020727528246,0,-0.01,0.62,-0.2399459791263132,2,0.013000000000000001
N15_M07_F04_K006_8,K006,none,normal,N15_M07_F04,1499.61,none,6203_PU_2905,10666.7,13333.3,3.656,normal,0.268,0.3078528871294943,0,-0.002999999999999999,0.418,0.18612603750188156,3,0.014000000000000002
N15_M07_F04_K006_9,K006,none,normal,N15_M07_F04,1499.61,none,6203_PU_2905,10666.7,13333.3,3.7736,normal,0.216,0.9427357863062459,1,-0.008,0.94,-1.354923156862042,1,0.014000000000000002
N15_M07_F04_KA01_1,KA01,artificial,outer_race,N15_M07_F04,1499.52,none,6203_PU_2905,8000.0,12000.0,16.8164,outer_race,0.002,10.77936219458144,5,-0.002999999999999999,0.708,-0.43129212045132825,1,0.015000000000000003
N15_M07_F04_KA01_10,KA01,artificial,outer_race,N15_M07_F04,1499.45,none,6203_PU_2905,8000.0,12000.0,12.6582,outer_race,0.002,10.48983435675414,5,-0.006999999999999999,0.81,-0.602892914902781,4,-0.006
N15_M07_F04_KA01_11,KA01,artificial,outer_race,N15_M07_F04,1499.57,none,6203_PU_2905,0.0,10666.7,12.4459,outer_race,0.002,6.5197521876428,5,-0.005000000000000001,0.682,-0.31763806223033325,0,0.014000000000000002
N15_M07_F04_KA01_12,KA01,artificial,outer_race,N15_M07_F04,1499.97,none,6203_PU_2905,8000.0,12000.0,12.767,outer_race,0.002,14.905733663899852,5,-0.006999999999999999,0.694,-0.5169954295755074,3,-0.014
N15_M07_F04_KA01_13,KA01,artificial,outer_race,N15_M07_F04,1500.43,none,6203_PU_2905,8000.0,12000.0,13.0166,outer_race,0.002,9.866527788175825,5,-0.006,0.704,-0.5638146908356536,2,-0.009000000000000001
N15_M07_F04_KA01_14,KA01,artificial,outer_race,N15_M07_F04,1499.54,none,6203_PU_2905,8000.0,12000.0,13.4395,outer_race,0.002,12.27808208964132,5,-0.004,0.63,-0.3479621972560161,3,-0.006
N15_M07_F04_KA01_15,KA01,artificial,outer_race,N15_M07_F04,1499.48,none,6203_PU_2905,8000.0,12000.0,13.3775,outer_race,0.002,17.53769641488153,5,-0.005000000000000001,0.738,-0.5749139763885628,4,-0.005000000000000001
N15_M07_F04_KA01_16,KA01,artificial,outer_race,N15_M07_F04,1499.41,none,6203_PU_2905,8000.0,12000.0,12.6495,outer_race,0.002,28.014430170857956,5,-0.002999999999999999,0.668,-0.5121898967116262,5,-0.005000000000000001
N15_M07_F04_KA01_17,KA01,artificial,outer_race,N15_M07_F04,1499.67,none,6203_PU_2905,0.0,10666.7,12.7051,outer_race,0.002,10.35441688096431,5,-0.005000000000000001,0.7,-0.5272766769793525,3,-0.006
N15_M07_F04_KA01_18,KA01,artificial,outer_race,N15_M07_F04,1499.82,none,6203_PU_2905,8000.0,12000.0,12.5154,outer_race,0.002,6.326642332073343,5,-0.006,0.878,-0.9265883261144051,3,-0.018000000000000002
N15_M07_F04_KA01_19,KA01,artificial,outer_race,N15_M07_F04,1499.45,none,6203_PU_2905,8000.0,12000.0,12.6114,outer_race,0.002,8.478191047975006,5,-0.004,0.678,-0.3932862229790935,4,-0.005000000000000001
N15_M07_F04_KA01_2,KA01,artificial,outer_race,N15_M07_F04,1499.96,none,6203_PU_2905,8000.0,12000.0,15.2083,outer_race,0.002,11.39939658818191,5,-0.004,0.812,-0.7999741799621515,3,-0.013000000000000001
N15_M07_F04_KA01_20,KA01,artificial,outer_race,N15_M07_F04,1499.88,none,6203_PU_2905,8000.0,12000.0,12.6285,outer_race,0.002,8.225805928478618,5,-0.004,0.73,-0.5504359348480964,3,-0.017
N15_M07_F04_KA01_3,KA01,artificial,outer_race,N15_M07_F04,1499.08,none,6203_PU_2905,8000.0,12000.0,14.2204,outer_race,0.002,8.620901418005502,5,-0.005000000000000001,0.818,-0.7361945011081986,2,-0.005000000000000001
N15_M07_F04_KA01_4,KA01,artificial,outer_race,N15_M07_F04,1499.31,none,6203_PU_2905,8000.0,12000.0,13.7189,outer_race,0.002,10.848626552450842,5,-0.006999999999999999,0.744,-0.6753583550039477,3,-0.015
N15_M07_F04_KA01_5,KA01,artificial,outer_race,N15_M07_F04,1499.09,none,6203_PU_2905,8000.0,12000.0,13.6397,outer_race,0.002,13.209024761952003,5,-0.006999999999999999,0.684,-0.5693433816144602,2,-0.013000000000000001
N15_M07_F04_KA01_6,KA01,artificial,outer_race,N15_M07_F04,1499.32,none,6203_PU_2905,8000.0,12000.0,13.319,outer_race,0.002,9.915299717394307,5,-0.006999999999999999,0.778,-0.7156880993199219,3,-0.014
N15_M07_F04_KA01_7,KA01,artificial,outer_race,N15_M07_F04,1499.68,none,6203_PU_2905,8000.0,12000.0,13.1837,outer_race,0.002,9.56431807871797,5,-0.002999999999999999,0.72,-0.574116898672893,1,-0.015
N15_M07_F04_KA01_8,KA01,artificial,outer_race,N15_M07_F04,1499.65,none,6203_PU_2905,8000.0,12000.0,13.1761,outer_race,0.002,13.269640345380074,5,-0.002999999999999999,0.686,-0.4473941756696788,4,-0.005000000000000001
N15_M07_F04_KA01_9,KA01,artificial,outer_race,N15_M07_F04,1498.82,none,6203_PU_2905,8000.0,12000.0,12.9089,outer_race,0.002,20.204512084112277,5,-0.006,0.684,-0.5162418449597701,5,-0.015
N15_M07_F04_KA03_1,KA03,artificial,outer_race,N15_M07_F04,1499.71,none,6203_PU_2905,13333.3,14666.7,4.8833,normal,0.36,0.3497818800025893,0,0.009999999999999998,0.672,-0.530545534728731,2,-0.012
N15_M07_F04_KA03_10,KA03,artificial,outer_race,N15_M07_F04,1499.35,none,6203_PU_2905,12000.0,14000.0,6.0132,normal,0.196,1.0634329400796163,0,0.013000000000000001,0.754,-0.5219211680597461,0,0.008
N15_M07_F04_KA03_11,KA03,artificial,outer_race,N15_M07_F04,1499.67,none,6203_PU_2905,12000.0,14000.0,5.1755,normal,0.756,-0.6499858460532805,0,0.009000000000000001,0.45,0.2293493306545807,1,-0.006
N15_M07_F04_KA03_12,KA03,artificial,outer_race,N15_M07_F04,1499.56,none,6203_PU_2905,13333.3,14666.7,4.8844,normal,0.516,-0.10902989310849788,0,-0.016,0.51,-0.043236997017712865,0,0.015000000000000003
N15_M07_F04_KA03_13,KA03,artificial,outer_race,N15_M07_F04,1500.07,none,6203_PU_2905,12000.0,14000.0,6.6302,normal,0.502,-0.005843003827858771,0,-0.008,0.908,-0.9766876625255885,0,0.014000000000000002
N15_M07_F04_KA03_14,KA03,artificial,outer_race,N15_M07_F04,1499.59,none,6203_PU_2905,12000.0,14000.0,5.9035,normal,0.858,-1.6809235485861391,0,0.009000000000000001,0.278,0.8863551273015021,1,0.018
N15_M07_F04_KA03_15,KA03,artificial,outer_race,N15_M07_F04,1499.88,none,6203_PU_2905,12000.0,14000.0,5.9014,normal,0.392,0.15169927056197816,0,0.009000000000000001,0.408,0.30407702725074864,0,0.0010000000000000009
N15_M07_F04_KA03_16,KA03,artificial,outer_race,N15_M07_F04,1499.62,none,6203_PU_2905,13333.3,14666.7,5.9635,normal,0.584,-0.11804128940959309,0,0.008,0.43,0.23260364547062545,0,0.018
N15_M07_F04_KA03_17,KA03,artificial,outer_race,N15_M07_F04,1499.57,none,6203_PU_2905,12000.0,14000.0,6.9328,normal,0.33,0.380344587775264,0,0.011,0.874,-1.194573613315109,1,0.015000000000000003
N15_M07_F04_KA03_18,KA03,artificial,outer_race,N15_M07_F04,1499.54,none,6203_PU_2905,13333.3,14666.7,6.3424,normal,0.692,-0.8273611553012726,0,0.009000000000000001,0.682,-0.44817044167920117,1,-0.006
N15_M07_F04_KA03_19,KA03,artificial,outer_race,N15_M07_F04,1499.66,none,6203_PU_2905,12000.0,14000.0,5.4644,normal,0.534,-0.03618412796923108,0,-0.0010000000000000009,0.426,0.24164497390383627,1,-0.006
N15_M07_F04_KA03_2,KA03,artificial,outer_race,N15_M07_F04,1499.66,none,6203_PU_2905,13333.3,14666.7,6.0099,normal,0.344,0.2164479994076332,0,0.009000000000000001,0.756,-0.5394738960785733,0,0.011
N15_M07_F04_KA03_20,KA03,artificial,outer_race,N15_M07_F04,1499.79,none,6203_PU_2905,13333.3,14666.7,7.0917,normal,0.222,0.9986041269598839,0,0.016000000000000004,0.808,-0.7280686603850611,0,0.009000000000000001
N15_M07_F04_KA03_3,KA03,artificial,outer_race,N15_M07_F04,1499.64,none,6203_PU_2905,12000.0,14000.0,6.8614,normal,0.874,-1.3183290349424157,0,0.008,0.658,-0.2956545544331728,0,0.014000000000000002
N15_M07_F04_KA03_4,KA03,artificial,outer_race,N15_M07_F04,1499.6,none,6203_PU_2905,13333.3,14666.7,6.3265,normal,0.81,-0.6907322173580515,0,-0.02,0.682,-0.36107776970194777,0,0.019
N15_M07_F04_KA03_5,KA03,artificial,outer_race,N15_M07_F04,1499.67,none,6203_PU_2905,13333.3,14666.7,5.6379,normal,0.496,0.03679668376117628,0,0.009000000000000001,0.54,-0.04860101845244554,1,-0.005000000000000001
N15_M07_F04_KA03_6,KA03,artificial,outer_race,N15_M07_F04,1499.51,none,6203_PU_2905,12000.0,14000.0,5.4268,normal,0.992,-0.8788309370093426,0,0.016999999999999998,0.598,-0.2487105628126562,1,-0.006
N15_M07_F04_KA03_7,KA03,artificial,outer_race,N15_M07_F04,1499.53,none,6203_PU_2905,12000.0,14000.0,5.8709,normal,0.446,0.127642567843683,0,0.009000000000000001,0.372,0.2518699327974583,1,-0.006
N15_M07_F04_KA03_8,KA03,artificial,outer_race,N15_M07_F04,1499.34,none,6203_PU_2905,13333.3,14666.7,5.4266,normal,0.564,-0.3408042468428687,1,0.015000000000000003,0.572,-0.129402314374953,0,0.019
N15_M07_F04_KA03_9,KA03,artificial,outer_race,N15_M07_F04,1499.69,none,6203_PU_2905,12000.0,14000.0,5.4867,normal,0.662,-0.31017509863073317,0,0.016000000000000004,0.894,-0.9023566516921826,1,0.018
N15_M07_F04_KA04_1,KA04,real,outer_race,N15_M07_F04,1499.57,none,6203_PU_2855,12000.0,14000.0,4.4606,normal,0.48,0.01761264685082485,1,0.0010000000000000009,0.926,-1.1711541212183978,0,0.011
N15_M07_F04_KA04_10,KA04,real,outer_race,N15_M07_F04,1499.56,none,6203_PU_2855,12000.0,14000.0,4.0447,normal,0.542,-0.0557660105525544,0,0.015000000000000003,0.852,-0.7907361921132443,1,-0.0019999999999999983
N15_M07_F04_KA04_11,KA04,real,outer_race,N15_M07_F04,1499.6,none,6203_PU_2855,12000.0,14000.0,3.7543,normal,0.55,-0.0630662547983575,0,0.0,0.714,-0.6651662275372527,0,0.011
N15_M07_F04_KA04_12,KA04,real,outer_race,N15_M07_F04,1499.76,none,6203_PU_2855,12000.0,14000.0,3.6581,normal,0.2,1.1457971109728189,0,0.0010000000000000009,0.87,-0.8480983771015543,0,0.011
N15_M07_F04_KA04_13,KA04,real,outer_race,N15_M07_F04,1499.55,none,6203_PU_2855,12000.0,14000.0,3.501,normal,0.134,3.0920300093393616,0,0.0,0.748,-0.5767104905306449,1,-0.016
N15_M07_F04_KA04_14,KA04,real,outer_race,N15_M07_F04,1499.73,none,6203_PU_2855,12000.0,14000.0,3.2529,normal,0.684,-0.3885359980369459,0,0.0,0.544,-0.21696413729311215,0,0.009999999999999998
N15_M07_F04_KA04_15,KA04,real,outer_race,N15_M07_F04,1499.64,none,6203_PU_2855,12000.0,14000.0,3.7172,normal,0.624,-0.30844200996313,0,0.0,0.728,-0.6888643956801948,0,-0.011
N15_M07_F04_KA04_16,KA04,real,outer_race,N15_M07_F04,1499.38,none,6203_PU_2855,12000.0,14000.0,3.7079,normal,0.666,-0.5082614718410144,0,-0.0010000000000000009,0.64,-0.3910535290651364,1,-0.015
N15_M07_F04_KA04_17,KA04,real,outer_race,N15_M07_F04,1499.69,none,6203_PU_2855,12000.0,14000.0,5.037,normal,0.596,-0.3572273572782959,0,0.0,0.536,-0.03353132536047109,0,0.009999999999999998
N15_M07_F04_KA04_18,KA04,real,outer_race,N15_M07_F04,1499.58,none,6203_PU_2855,12000.0,14000.0,3.8061,normal,0.138,1.552532797639647,0,0.0,0.418,0.21435441908999509,1,-0.009000000000000001
N15_M07_F04_KA04_19,KA04,real,outer_race,N15_M07_F04,1499.42,none,6203_PU_2855,12000.0,14000.0,3.7256,normal,0.494,0.06800409793600921,0,0.015000000000000003,0.738,-0.7087744190379636,0,-0.009000000000000001
N15_M07_F04_KA04_2,KA04,real,outer_race,N15_M07_F04,1499.81,none,6203_PU_2855,12000.0,14000.0,3.5938,normal,0.344,0.2843756352634638,0,0.015000000000000003,0.618,-0.29004401825119547,0,0.011
N15_M07_F04_KA04_20,KA04,real,outer_race,N15_M07_F04,1499.64,none,6203_PU_2855,12000.0,14000.0,3.7172,normal,0.624,-0.30844200996313,0,0.0,0.728,-0.6888643956801948,0,-0.011
N15_M07_F04_KA04_3,KA04,real,outer_race,N15_M07_F04,1499.39,none,6203_PU_2855,12000.0,14000.0,3.2933,normal,0.33,0.9801949043385652,0,0.0,0.73,-0.690720511565984,0,0.011
N15_M07_F04_KA04_4,KA04,real,outer_race,N15_M07_F04,1499.75,none,6203_PU_2855,12000.0,14000.0,3.3764,normal,0.418,0.2585917131058962,0,0.015000000000000003,0.91,-0.9663559205234669,1,-0.017
N15_M07_F04_KA04_5,KA04,real,outer_race,N15_M07_F04,1499.42,none,6203_PU_2855,12000.0,14000.0,3.7256,normal,0.494,0.06800409793600921,0,0.015000000000000003,0.738,-0.7087744190379636,0,-0.009000000000000001
N15_M07_F04_KA04_6,KA04,real,outer_race,N15_M07_F04,1499.64,none,6203_PU_2855,12000.0,14000.0,3.7172,normal,0.624,-0.30844200996313,0,0.0,0.728,-0.6888643956801948,0,-0.011
N15_M07_F04_KA04_7,KA04,real,outer_race,N15_M07_F04,1499.51,none,6203_PU_2855,12000.0,14000.0,3.547,normal,0.48,0.14363556082642176,0,-0.016,0.62,-0.5293018297876528,0,0.015000000000000003
N15_M07_F04_KA04_8,KA04,real,outer_race,N15_M07_F04,1499.6,none,6203_PU_2855,12000.0,14000.0,3.2543,normal,0.542,-0.188340232669893,0,0.004,0.792,-0.7214691830328827,0,0.011
N15_M07_F04_KA04_9,KA04,real,outer_race,N15_M07_F04,1499.45,none,6203_PU_2855,12000.0,14000.0,3.5383,normal,0.198,2.502685356199618,0,0.0010000000000000009,0.458,0.13623144036156343,0,0.011
N15_M07_F04_KA05_1,KA05,artificial,outer_race,N15_M07_F04,1499.32,none,6203_PU_2905,10666.7,13333.3,11.2053,normal,1.0,-1.4459862856605745,1,-0.005000000000000001,0.482,0.037550872808615576,1,0.015000000000000003
N15_M07_F04_KA05_10,KA05,artificial,outer_race,N15_M07_F04,1499.44,none,6203_PU_2905,10666.7,13333.3,5.655,normal,0.9,-0.8120160353152347,0,0.008,0.018,4.279189658902369,1,0.015000000000000003
N15_M07_F04_KA05_11,KA05,artificial,outer_race,N15_M07_F04,1499.64,none,6203_PU_2905,10666.7,13333.3,5.7755,normal,0.58,-0.26217695839888455,0,-0.006999999999999999,0.276,0.7060090189697268,1,0.019
N15_M07_F04_KA05_12,KA05,artificial,outer_race,N15_M07_F04,1499.65,none,6203_PU_2905,13333.3,14666.7,5.8899,normal,0.596,-0.485686048633116,0,-0.006999999999999999,0.13,1.4644047555095994,1,0.012
N15_M07_F04_KA05_13,KA05,artificial,outer_race,N15_M07_F04,1499.72,none,6203_PU_2905,10666.7,13333.3,6.3633,normal,0.634,-0.20267013441690626,0,-0.006,0.214,0.9662298529037534,2,0.009999999999999998
N15_M07_F04_KA05_14,KA05,artificial,outer_race,N15_M07_F04,1499.57,none,6203_PU_2905,12000.0,14000.0,8.2186,normal,0.764,-0.649015636443274,0,0.009000000000000001,0.29,0.5678829717488493,0,-0.006
N15_M07_F04_KA05_15,KA05,artificial,outer_race,N15_M07_F04,1499.52,none,6203_PU_2905,10666.7,13333.3,7.7699,normal,0.282,0.816373871781149,1,-0.008,0.692,-0.39822201226627363,0,-0.006
N15_M07_F04_KA05_16,KA05,artificial,outer_race,N15_M07_F04,1499.71,none,6203_PU_2905,12000.0,14000.0,8.3209,normal,0.808,-0.6159451132396198,0,-0.006,0.698,-0.5085176417519425,0,0.009999999999999998
N15_M07_F04_KA05_17,KA05,artificial,outer_race,N15_M07_F04,1499.54,none,6203_PU_2905,13333.3,14666.7,7.4137,normal,0.812,-0.9026292902550078,0,-0.006999999999999999,0.654,-0.3497909488610481,1,0.014000000000000002
N15_M07_F04_KA05_18,KA05,artificial,outer_race,N15_M07_F04,1499.54,none,6203_PU_2905,12000.0,14000.0,7.7031,normal,0.608,-0.11653477904619662,0,0.009000000000000001,0.408,0.35817602427783457,1,0.016000000000000004
N15_M07_F04_KA05_19,KA05,artificial,outer_race,N15_M07_F04,1499.43,none,6203_PU_2905,12000.0,14000.0,5.4562,normal,0.772,-0.686861730828036,0,0.009000000000000001,0.526,-0.05929063328048725,0,-0.006
N15_M07_F04_KA05_2,KA05,artificial,outer_race,N15_M07_F04,1499.38,none,6203_PU_2905,10666.7,13333.3,6.4877,normal,0.862,-0.7815495827152508,1,-0.006999999999999999,0.964,-1.402972082912039,1,0.016000000000000004
N15_M07_F04_KA05_20,KA05,artificial,outer_race,N15_M07_F04,1499.71,none,6203_PU_2905,10666.7,13333.3,7.4041,normal,0.558,-0.23219006936662093,0,-0.008,0.728,-0.5053025521269093,2,0.015000000000000003
N15_M07_F04_KA05_3,KA05,artificial,outer_race,N15_M07_F04,1499.51,none,6203_PU_2905,10666.7,13333.3,6.1151,normal,0.864,-0.7873146627406273,0,0.006999999999999999,0.634,-0.316499766697577,2,0.014000000000000002
N15_M07_F04_KA05_4,KA05,artificial,outer_race,N15_M07_F04,1499.63,none,6203_PU_2905,13333.3,14666.7,8.3396,normal,0.86,-0.692615129543858,0,-0.008,0.988,-1.3179261139461655,1,0.015000000000000003
N15_M07_F04_KA05_5,KA05,artificial,outer_race,N15_M07_F04,1499.65,none,6203_PU_2905,10666.7,13333.3,8.7222,normal,0.382,0.18624763361378976,0,-0.006999999999999999,0.496,0.00778658662150343,1,0.016000000000000004
N15_M07_F04_KA05_6,KA05,artificial,outer_race,N15_M07_F04,1499.63,none,6203_PU_2905,10666.7,13333.3,6.4097,normal,0.444,0.14139922012598555,1,0.009000000000000001,0.602,-0.1854181345605584,0,0.009999999999999998
N15_M07_F04_KA05_7,KA05,artificial,outer_race,N15_M07_F04,1499.7,none,6203_PU_2905,10666.7,13333.3,8.4672,normal,0.488,0.1191362221696842,0,-0.008,0.308,0.5171553567623894,2,0.012
N15_M07_F04_KA05_8,KA05,artificial,outer_race,N15_M07_F04,1499.58,none,6203_PU_2905,10666.7,13333.3,7.3392,normal,0.548,-0.05050485296894669,0,-0.006,0.738,-0.7021724373250328,0,0.009999999999999998
N15_M07_F04_KA05_9,KA05,artificial,outer_race,N15_M07_F04,1499.47,none,6203_PU_2905,10666.7,13333.3,6.0316,normal,0.36,0.24375266871509063,0,-0.006999999999999999,0.132,1.2799514745338636,1,0.014000000000000002
N15_M07_F04_KA06_1,KA06,artificial,outer_race,N15_M07_F04,1499.42,none,6203_PU_2905,12000.0,14000.0,7.0631,normal,0.338,0.7530876399761349,0,-0.006999999999999999,0.27,0.8041540296006332,1,0.0019999999999999983
N15_M07_F04_KA06_10,KA06,artificial,outer_race,N15_M07_F04,1499.93,none,6203_PU_2905,12000.0,14000.0,5.0007,normal,0.344,0.9156136772234,0,-0.008,0.71,-0.3424446948752758,1,0.019
N15_M07_F04_KA06_11,KA06,artificial,outer_race,N15_M07_F04,1499.75,none,6203_PU_2905,13333.3,14666.7,7.5138,normal,0.818,-0.6995819040934217,0,-0.008,0.512,-0.01848595382462196,1,-0.012
N15_M07_F04_KA06_12,KA06,artificial,outer_race,N15_M07_F04,1499.51,none,6203_PU_2905,13333.3,14666.7,5.4541,normal,0.828,-0.7977991125967296,0,-0.008,0.234,0.790398713406561,1,0.015000000000000003
N15_M07_F04_KA06_13,KA06,artificial,outer_race,N15_M07_F04,1499.35,none,6203_PU_2905,13333.3,14666.7,5.4583,normal,0.724,-0.4538220300194623,0,-0.004,0.486,0.02794193227148176,1,0.015000000000000003
N15_M07_F04_KA06_14,KA06,artificial,outer_race,N15_M07_F04,1499.59,none,6203_PU_2905,12000.0,14000.0,6.9631,normal,0.454,0.1432324242310411,1,-0.008,0.378,0.3832351596607114,1,0.013000000000000001
N15_M07_F04_KA06_15,KA06,artificial,outer_race,N15_M07_F04,1499.26,none,6203_PU_2905,12000.0,14000.0,5.5495,normal,0.91,-0.8327619894983785,0,-0.006999999999999999,0.714,-0.5061226984491063,0,0.009999999999999998
N15_M07_F04_KA06_16,KA06,artificial,outer_race,N15_M07_F04,1499.3,none,6203_PU_2905,12000.0,14000.0,6.5361,normal,0.548,-0.2011007930858861,0,-0.006999999999999999,0.54,-0.03338815927782259,1,0.013000000000000001
N15_M07_F04_KA06_17,KA06,artificial,outer_race,N15_M07_F04,1499.63,none,6203_PU_2905,12000.0,14000.0,5.4459,normal,0.362,0.34245830676513606,0,0.009999999999999998,0.454,0.09286385740032428,1,0.016000000000000004
N15_M07_F04_KA06_18,KA06,artificial,outer_race,N15_M07_F04,1499.98,none,6203_PU_2905,13333.3,14666.7,5.7298,normal,1.0,-1.6781530354683332,0,-0.02,0.186,0.892853952863687,1,0.014000000000000002
N15_M07_F04_KA06_19,KA06,artificial,outer_race,N15_M07_F04,1499.37,none,6203_PU_2905,12000.0,14000.0,7.0484,normal,0.324,0.5176043206673828,0,-0.005000000000000001,0.558,-0.13061868730155343,1,0.015000000000000003
N15_M07_F04_KA06_2,KA06,artificial,outer_race,N15_M07_F04,1499.72,none,6203_PU_2905,13333.3,14666.7,6.681,normal,0.856,-0.9369091024700684,0,0.009000000000000001,0.14,1.3713771417611087,1,-0.004
N15_M07_F04_KA06_20,KA06,artificial,outer_race,N15_M07_F04,1499.42,none,6203_PU_2905,12000.0,14000.0,5.935,normal,0.494,0.033419667794730566,0,-0.005000000000000001,0.464,0.10447257539772556,1,0.015000000000000003
N15_M07_F04_KA06_3,KA06,artificial,outer_race,N15_M07_F04,1500.04,none,6203_PU_2905,12000.0,14000.0,5.7031,normal,0.236,0.7355809677996711,0,0.011,0.704,-0.6286386126602916,1,0.015000000000000003
N15_M07_F04_KA06_4,KA06,artificial,outer_race,N15_M07_F04,1498.88,none,6203_PU_2905,13333.3,14666.7,4.6042,normal,0.622,-0.5087085969212489,0,0.016000000000000004,0.726,-0.5595249435499485,1,0.016999999999999998
N15_M07_F04_KA06_5,KA06,artificial,outer_race,N15_M07_F04,1500.16,none,6203_PU_2905,13333.3,14666.7,5.0378,normal,0.53,-0.18348935694769852,0,-0.006,0.58,-0.13128098173703648,0,0.009999999999999998
N15_M07_F04_KA06_6,KA06,artificial,outer_race,N15_M07_F04,1499.59,none,6203_PU_2905,12000.0,14000.0,5.3867,normal,0.44,0.2082381923275988,0,0.002999999999999999,0.89,-1.3690731055317977,1,0.002999999999999999
N15_M07_F04_KA06_7,KA06,artificial,outer_race,N15_M07_F04,1499.66,none,6203_PU_2905,12000.0,14000.0,4.7558,normal,0.72,-0.3174472979856323,0,0.014000000000000002,0.384,0.2948511963620887,1,-0.004
N15_M07_F04_KA06_8,KA06,artificial,outer_race,N15_M07_F04,1499.6,none,6203_PU_2905,12000.0,14000.0,5.1115,normal,0.154,1.5916117649479218,0,0.009999999999999998,0.964,-1.2363584707501485,1,0.012
N15_M07_F04_KA06_9,KA06,artificial,outer_race,N15_M07_F04,1499.4,none,6203_PU_2905,12000.0,14000.0,5.0557,normal,0.704,-0.48129100147261117,0,0.014000000000000002,0.202,0.9335024607663291,1,-0.011
N15_M07_F04_KA07_1,KA07,artificial,outer_race,N15_M07_F04,1499.62,none,6203_PU_2905,12000.0,14000.0,6.4703,normal,0.472,0.15813699721588845,1,-0.006999999999999999,0.234,0.7111228358140438,2,0.002999999999999999
N15_M07_F04_KA07_10,KA07,artificial,outer_race,N15_M07_F04,1499.77,none,6203_PU_2905,13333.3,14666.7,6.7286,normal,0.332,1.0419146476121157,1,-0.008,0.15,1.4688684913686585,0,0.02
N15_M07_F04_KA07_11,KA07,artificial,outer_race,N15_M07_F04,1499.67,none,6203_PU_2905,12000.0,14000.0,4.8649,normal,0.356,0.14893681649630602,0,0.016000000000000004,0.634,-0.3280312735686576,3,0.014000000000000002
N15_M07_F04_KA07_12,KA07,artificial,outer_race,N15_M07_F04,1499.59,none,6203_PU_2905,10666.7,13333.3,6.1203,normal,0.356,0.3446486719694146,1,0.011,0.706,-0.38816658614937066,1,-0.005000000000000001
N15_M07_F04_KA07_13,KA07,artificial,outer_race,N15_M07_F04,1499.79,none,6203_PU_2905,13333.3,14666.7,5.503,normal,0.318,1.222042175289779,0,0.009000000000000001,0.728,-0.5612527710875774,2,0.012
N15_M07_F04_KA07_14,KA07,artificial,outer_race,N15_M07_F04,1499.43,none,6203_PU_2905,13333.3,14666.7,5.6274,normal,0.922,-0.896900417257306,0,0.012,0.706,-0.4289181506454661,1,0.012
N15_M07_F04_KA07_15,KA07,artificial,outer_race,N15_M07_F04,1499.32,none,6203_PU_2905,12000.0,14000.0,4.3709,normal,0.324,0.7355163834503528,1,-0.006999999999999999,0.206,0.8109772256885497,0,0.019
N15_M07_F04_KA07_16,KA07,artificial,outer_race,N15_M07_F04,1499.82,none,6203_PU_2905,12000.0,14000.0,5.6074,normal,0.6,-0.2445812314011505,1,-0.008,0.436,0.1934368731927933,1,-0.005000000000000001
N15_M07_F04_KA07_17,KA07,artificial,outer_race,N15_M07_F04,1499.51,none,6203_PU_2905,12000.0,14000.0,4.5694,normal,0.264,0.9467447245472899,0,-0.006999999999999999,0.22,0.865599771584365,1,0.012
N15_M07_F04_KA07_18,KA07,artificial,outer_race,N15_M07_F04,1499.46,none,6203_PU_2905,12000.0,14000.0,6.1385,normal,0.614,-0.2680321609689733,0,0.009999999999999998,0.316,0.4147972719630901,0,-0.006
N15_M07_F04_KA07_19,KA07,artificial,outer_race,N15_M07_F04,1499.38,none,6203_PU_2905,13333.3,14666.7,5.0535,normal,0.762,-0.615208655203663,1,-0.006,0.172,1.1625125343322085,1,0.015000000000000003
N15_M07_F04_KA07_2,KA07,artificial,outer_race,N15_M07_F04,1499.46,none,6203_PU_2905,10666.7,13333.3,5.5273,normal,0.508,-0.012928178959437433,1,-0.006999999999999999,0.604,-0.25562736892552557,2,0.015000000000000003
N15_M07_F04_KA07_20,KA07,artificial,outer_race,N15_M07_F04,1499.73,none,6203_PU_2905,12000.0,14000.0,7.4549,normal,0.462,0.07298148662097753,1,-0.006,0.788,-0.7505959024532118,2,0.016000000000000004
N15_M07_F04_KA07_3,KA07,artificial,outer_race,N15_M07_F04,1499.44,none,6203_PU_2905,13333.3,14666.7,4.6082,normal,0.608,-0.4306312067982462,0,0.006000000000000002,0.106,2.4490018189825813,1,0.016000000000000004
N15_M07_F04_KA07_4,KA07,artificial,outer_race,N15_M07_F04,1499.71,none,6203_PU_2905,10666.7,13333.3,6.8639,normal,0.672,-0.30105846004576214,1,0.009999999999999998,0.542,-0.0815729992843617,1,0.016000000000000004
N15_M07_F04_KA07_5,KA07,artificial,outer_race,N15_M07_F04,1499.5,none,6203_PU_2905,12000.0,14000.0,4.8682,normal,0.592,-0.2610960458490344,0,0.015000000000000003,0.39,0.27892749358453134,1,0.015000000000000003
N15_M07_F04_KA07_6,KA07,artificial,outer_race,N15_M07_F04,1499.45,none,6203_PU_2905,10666.7,13333.3,5.0014,normal,0.746,-0.7880981779455616,0,-0.01,0.202,0.856368898656586,3,0.014000000000000002
N15_M07_F04_KA07_7,KA07,artificial,outer_race,N15_M07_F04,1499.61,none,6203_PU_2905,12000.0,14000.0,5.3486,normal,0.576,-0.07172164140573224,1,-0.006999999999999999,0.03,2.4846823576282375,2,0.016000000000000004
N15_M07_F04_KA07_8,KA07,artificial,outer_race,N15_M07_F04,1499.77,none,6203_PU_2905,12000.0,14000.0,4.2313,normal,0.956,-1.3545852793648392,1,-0.005000000000000001,0.188,1.6136380311524066,1,0.009999999999999998
N15_M07_F04_KA07_9,KA07,artificial,outer_race,N15_M07_F04,1499.67,none,6203_PU_2905,12000.0,14000.0,6.0415,normal,0.728,-0.48214996870691973,1,-0.006,0.802,-0.5706190345930973,0,0.019
N15_M07_F04_KA08_1,KA08,artificial,outer_race,N15_M07_F04,1499.38,none,6203_PU_2905,10666.7,13333.3,4.0803,normal,0.422,0.04566553562623384,1,-0.006999999999999999,0.42,0.15075614389820022,2,0.004
N15_M07_F04_KA08_10,KA08,artificial,outer_race,N15_M07_F04,1499.55,none,6203_PU_2905,12000.0,14000.0,4.9083,normal,0.36,0.28887271683194543,1,-0.005000000000000001,0.816,-1.0410932944224336,2,0.012
N15_M07_F04_KA08_11,KA08,artificial,outer_race,N15_M07_F04,1499.37,none,6203_PU_2905,10666.7,13333.3,4.9317,normal,0.524,-0.06028474313531192,1,-0.006,0.032,2.2690362680654377,1,0.014000000000000002
N15_M07_F04_KA08_12,KA08,artificial,outer_race,N15_M07_F04,1499.59,none,6203_PU_2905,12000.0,13333.3,7.1789,normal,0.416,0.21570278443877283,1,-0.006,0.178,0.8749134972077298,2,0.015000000000000003
N15_M07_F04_KA08_13,KA08,artificial,outer_race,N15_M07_F04,1499.74,none,6203_PU_2905,13333.3,14666.7,5.1057,normal,0.456,0.12882342830595123,1,-0.006999999999999999,0.028,2.050166557481127,2,0.012
N15_M07_F04_KA08_14,KA08,artificial,outer_race,N15_M07_F04,1499.64,none,6203_PU_2905,12000.0,14000.0,4.0918,normal,0.43,0.09947989017870923,1,-0.006999999999999999,0.116,1.4994565548334384,2,0.002999999999999999
N15_M07_F04_KA08_15,KA08,artificial,outer_race,N15_M07_F04,1499.48,none,6203_PU_2905,12000.0,14000.0,4.3781,normal,0.55,-0.217157992635642,1,-0.004,0.046,3.357990760447876,2,0.015000000000000003
N15_M07_F04_KA08_16,KA08,artificial,outer_race,N15_M07_F04,1499.71,none,6203_PU_2905,13333.3,14666.7,4.3602,normal,0.554,-0.1370466482356732,1,-0.006999999999999999,0.28,0.6456498584035988,1,0.015000000000000003
N15_M07_F04_KA08_17,KA08,artificial,outer_race,N15_M07_F04,1499.47,none,6203_PU_2905,12000.0,14000.0,4.8231,normal,0.654,-0.3872254605258239,1,-0.006,0.122,1.3207528724636508,1,0.015000000000000003
N15_M07_F04_KA08_18,KA08,artificial,outer_race,N15_M07_F04,1499.59,none,6203_PU_2905,12000.0,14000.0,4.802,normal,0.436,0.1128464423850893,0,-0.006999999999999999,0.658,-0.34994752213506364,1,0.016000000000000004
N15_M07_F04_KA08_19,KA08,artificial,outer_race,N15_M07_F04,1499.66,none,6203_PU_2905,13333.3,14666.7,5.7121,normal,0.416,0.11053591100828816,1,-0.006,0.248,1.0087749336624712,1,0.002999999999999999
N15_M07_F04_KA08_2,KA08,artificial,outer_race,N15_M07_F04,1499.53,none,6203_PU_2905,12000.0,14000.0,5.9689,inner_race,0.724,-0.2766898103272392,1,-0.006,0.006,2.318125347313321,2,0.004
N15_M07_F04_KA08_20,KA08,artificial,outer_race,N15_M07_F04,1499.57,none,6203_PU_2905,12000.0,14000.0,4.1181,normal,0.45,0.12337573890849737,1,-0.006999999999999999,0.164,1.6417819178641415,1,0.013000000000000001
N15_M07_F04_KA08_3,KA08,artificial,outer_race,N15_M07_F04,1499.68,none,6203_PU_2905,12000.0,14000.0,6.1687,normal,0.434,0.3250955064509033,1,-0.006999999999999999,0.47,0.07106383512341591,2,0.013000000000000001
N15_M07_F04_KA08_4,KA08,artificial,outer_race,N15_M07_F04,1499.63,none,6203_PU_2905,13333.3,14666.7,5.7619,normal,0.612,-0.1679575400911459,1,-0.004,0.108,1.7546853364547543,1,0.016999999999999998
N15_M07_F04_KA08_5,KA08,artificial,outer_race,N15_M07_F04,1499.35,none,6203_PU_2905,12000.0,14000.0,7.2353,normal,0.414,0.8567624611305923,1,-0.006999999999999999,0.72,-0.493185365446925,1,0.004
N15_M07_F04_KA08_6,KA08,artificial,outer_race,N15_M07_F04,1499.56,none,6203_PU_2905,10666.7,13333.3,5.3957,normal,0.428,0.13266888000613017,0,-0.005000000000000001,0.026,2.8738506378179105,2,0.012
N15_M07_F04_KA08_7,KA08,artificial,outer_race,N15_M07_F04,1499.45,none,6203_PU_2905,10666.7,13333.3,5.2254,normal,0.596,-0.17806006714221276,1,-0.006,0.25,0.753767188380641,1,0.019
N15_M07_F04_KA08_8,KA08,artificial,outer_race,N15_M07_F04,1499.52,none,6203_PU_2905,10666.7,13333.3,5.803,normal,0.72,-0.3559446944879286,1,-0.005000000000000001,0.156,1.1118490240842025,1,0.016999999999999998
N15_M07_F04_KA08_9,KA08,artificial,outer_race,N15_M07_F04,1499.54,none,6203_PU_2905,12000.0,14000.0,5.3251,normal,0.892,-0.7438811385156894,1,-0.005000000000000001,0.648,-0.37155090061638885,0,-0.006
N15_M07_F04_KA09_1,KA09,artificial,outer_race,N15_M07_F04,1499.58,none,6203_PU_2905,12000.0,13333.3,5.6914,normal,0.306,0.3344379499570614,0,-0.006,0.606,-0.239355609602497,1,0.002999999999999999
N15_M07_F04_KA09_10,KA09,artificial,outer_race,N15_M07_F04,1499.17,none,6203_PU_2905,12000.0,14000.0,7.0047,normal,0.388,0.11517788018628876,1,-0.005000000000000001,0.352,0.44321308329499476,2,0.016000000000000004
N15_M07_F04_KA09_11,KA09,artificial,outer_race,N15_M07_F04,1499.61,none,6203_PU_2905,12000.0,13333.3,5.2711,normal,0.674,-0.1804324037220477,0,0.008,0.142,1.0997931702956052,2,0.016000000000000004
N15_M07_F04_KA09_12,KA09,artificial,outer_race,N15_M07_F04,1499.58,none,6203_PU_2905,12000.0,14000.0,4.2859,normal,0.422,0.1400623111816038,0,-0.006999999999999999,0.04,2.3540352622337632,2,0.016999999999999998
N15_M07_F04_KA09_13,KA09,artificial,outer_race,N15_M07_F04,1499.1,none,6203_PU_2905,13333.3,14666.7,4.4646,normal,0.48,0.23925488600811534,1,-0.005000000000000001,0.322,0.5547136563681678,1,-0.004
N15_M07_F04_KA09_14,KA09,artificial,outer_race,N15_M07_F04,1500.05,none,6203_PU_2905,13333.3,14666.7,4.756,normal,0.19,2.5172991432799123,1,-0.006999999999999999,0.562,-0.11991929660117139,1,0.014000000000000002
N15_M07_F04_KA09_15,KA09,artificial,outer_race,N15_M07_F04,1499.53,none,6203_PU_2905,12000.0,14000.0,4.3982,normal,0.354,0.2636371329485627,1,-0.005000000000000001,0.028,2.1377423886529896,2,0.016000000000000004
N15_M07_F04_KA09_16,KA09,artificial,outer_race,N15_M07_F04,1499.02,none,6203_PU_2905,13333.3,14666.7,5.9935,normal,0.75,-0.5051155116813608,0,0.012,0.222,0.9106365576422032,0,0.006000000000000002
N15_M07_F04_KA09_17,KA09,artificial,outer_race,N15_M07_F04,1499.47,none,6203_PU_2905,12000.0,14000.0,6.0865,normal,0.434,0.40528856858506157,1,-0.005000000000000001,0.492,0.0094485187734495,2,0.016999999999999998
N15_M07_F04_KA09_18,KA09,artificial,outer_race,N15_M07_F04,1499.4,none,6203_PU_2905,12000.0,14000.0,6.3179,normal,0.422,0.2939848518024628,1,-0.005000000000000001,0.754,-0.5043826089472421,2,0.016000000000000004
N15_M07_F04_KA09_19,KA09,artificial,outer_race,N15_M07_F04,1499.71,none,6203_PU_2905,12000.0,13333.3,5.0526,normal,0.66,-0.2624530973295031,0,-0.006999999999999999,0.216,1.4079555574673825,1,0.014000000000000002
N15_M07_F04_KA09_2,KA09,artificial,outer_race,N15_M07_F04,1499.7,none,6203_PU_2905,12000.0,14000.0,4.5126,normal,0.546,-0.06538634427862502,1,-0.006999999999999999,0.018,3.263919769851751,1,0.016000000000000004
N15_M07_F04_KA09_20,KA09,artificial,outer_race,N15_M07_F04,1500.13,none,6203_PU_2905,12000.0,14000.0,5.6122,normal,0.598,-0.3464701971323078,0,-0.006999999999999999,0.132,1.5409273687060938,2,0.014000000000000002
N15_M07_F04_KA09_3,KA09,artificial,outer_race,N15_M07_F04,1498.73,none,6203_PU_2905,0.0,1333.3,4.4452,outer_race,0.002,16.548404095067546,5,0.0,0.756,-0.6117447237133448,0,-0.0010000000000000009
N15_M07_F04_KA09_4,KA09,artificial,outer_race,N15_M07_F04,1499.66,none,6203_PU_2905,13333.3,14666.7,4.4572,normal,0.316,0.5774974804264417,0,-0.005000000000000001,0.426,0.23070806098881005,2,0.015000000000000003
N15_M07_F04_KA09_5,KA09,artificial,outer_race,N15_M07_F04,1499.13,none,6203_PU_2905,0.0,1333.3,4.6085,outer_race,0.002,17.452007876048373,3,0.0019999999999999983,0.676,-0.6692633925146287,0,-0.012
N15_M07_F04_KA09_6,KA09,artificial,outer_race,N15_M07_F04,1499.9,none,6203_PU_2905,12000.0,14000.0,4.8367,normal,0.3,0.43801439273589343,1,-0.006999999999999999,0.044,1.934707538396281,2,0.015000000000000003
N15_M07_F04_KA09_7,KA09,artificial,outer_race,N15_M07_F04,1499.42,none,6203_PU_2905,12000.0,14000.0,5.4295,normal,0.132,0.9035023373869675,1,-0.006999999999999999,0.328,0.45371538679511414,1,0.016999999999999998
N15_M07_F04_KA09_8,KA09,artificial,outer_race,N15_M07_F04,1499.3,none,6203_PU_2905,12000.0,14000.0,4.7519,normal,0.548,-0.20594814128449954,1,-0.008,0.134,1.7064146209797044,3,0.016000000000000004
N15_M07_F04_KA09_9,KA09,artificial,outer_race,N15_M07_F04,1499.17,none,6203_PU_2905,12000.0,14000.0,4.7389,normal,0.516,-0.05439393218502605,1,-0.005000000000000001,0.382,0.24989661007610278,2,0.014000000000000002
N15_M07_F04_KA15_1,KA15,real,outer_race,N15_M07_F04,1499.5,none,6203_PU_2855,12000.0,14000.0,6.7716,normal,0.5,0.0005849526026563472,0,-0.017,0.79,-0.6886872896876792,1,0.015000000000000003
N15_M07_F04_KA15_10,KA15,real,outer_race,N15_M07_F04,1499.47,none,6203_PU_2855,12000.0,14000.0,5.4861,normal,0.868,-1.1507027557691405,0,0.02,0.394,0.3091907154820806,1,-0.002999999999999999
N15_M07_F04_KA15_11,KA15,real,outer_race,N15_M07_F04,1499.74,none,6203_PU_2855,12000.0,14000.0,5.0303,normal,0.746,-0.2988783500251831,0,-0.02,0.81,-0.8003831777929911,1,-0.009000000000000001
N15_M07_F04_KA15_12,KA15,real,outer_race,N15_M07_F04,1499.48,none,6203_PU_2855,12000.0,14000.0,6.1615,normal,0.628,-0.41520689796869986,0,0.015000000000000003,0.682,-0.2681508570960951,0,-0.011
N15_M07_F04_KA15_13,KA15,real,outer_race,N15_M07_F04,1499.75,none,6203_PU_2855,12000.0,14000.0,6.0256,normal,0.646,-0.33599818117362706,0,0.014000000000000002,0.48,0.16665909973860815,1,-0.004
N15_M07_F04_KA15_14,KA15,real,outer_race,N15_M07_F04,1499.45,none,6203_PU_2855,12000.0,14000.0,5.9578,normal,0.36,0.638123642896626,1,-0.014,0.754,-0.4779059409736052,2,0.015000000000000003
N15_M07_F04_KA15_15,KA15,real,outer_race,N15_M07_F04,1499.36,none,6203_PU_2855,12000.0,14000.0,6.4577,normal,0.608,-0.09582684054123193,1,0.016000000000000004,0.382,0.36539008799070355,0,-0.014
N15_M07_F04_KA15_16,KA15,real,outer_race,N15_M07_F04,1499.57,none,6203_PU_2855,12000.0,14000.0,7.0613,normal,0.262,0.4529622787251053,0,-0.016,0.844,-0.7520713974197135,0,-0.006
N15_M07_F04_KA15_17,KA15,real,outer_race,N15_M07_F04,1499.63,none,6203_PU_2855,12000.0,14000.0,6.1602,normal,0.396,0.18883439950275704,1,0.016000000000000004,0.932,-1.0278759910443362,2,-0.009000000000000001
N15_M07_F04_KA15_18,KA15,real,outer_race,N15_M07_F04,1499.61,none,6203_PU_2855,12000.0,14000.0,6.8179,normal,0.378,0.25441389232919437,0,0.015000000000000003,0.312,0.8370506036332146,2,-0.016
N15_M07_F04_KA15_19,KA15,real,outer_race,N15_M07_F04,1499.78,none,6203_PU_2855,12000.0,14000.0,6.6275,normal,0.534,-0.022548303693034847,0,0.0,0.924,-0.78679361483264,1,-0.009000000000000001
N15_M07_F04_KA15_2,KA15,real,outer_race,N15_M07_F04,1499.64,none,6203_PU_2855,12000.0,14000.0,6.2712,normal,0.802,-0.6700145234395626,0,-0.017,0.618,-0.2538235481808485,1,-0.009000000000000001
N15_M07_F04_KA15_20,KA15,real,outer_race,N15_M07_F04,1499.92,none,6203_PU_2855,12000.0,14000.0,6.3337,normal,0.61,-0.5129246610279715,0,-0.002999999999999999,0.24,0.8515816713512808,1,-0.002999999999999999
N15_M07_F04_KA15_3,KA15,real,outer_race,N15_M07_F04,1499.51,none,6203_PU_2855,12000.0,14000.0,6.3092,normal,0.664,-0.41838743719717114,0,0.02,0.532,-0.1503562068410024,1,-0.009000000000000001
N15_M07_F04_KA15_4,KA15,real,outer_race,N15_M07_F04,1499.64,none,6203_PU_2855,12000.0,14000.0,5.6013,normal,0.378,0.47179784589017776,0,-0.02,0.71,-0.41603683728872626,1,0.015000000000000003
N15_M07_F04_KA15_5,KA15,real,outer_race,N15_M07_F04,1499.34,none,6203_PU_2855,12000.0,14000.0,6.2772,normal,0.354,0.4492220151926995,0,0.014000000000000002,0.834,-0.8102487446383936,1,-0.01
N15_M07_F04_KA15_6,KA15,real,outer_race,N15_M07_F04,1499.68,none,6203_PU_2855,12000.0,14000.0,5.7981,normal,0.81,-0.9013889195771889,0,-0.016,0.954,-0.9259324193685843,1,-0.0019999999999999983
N15_M07_F04_KA15_7,KA15,real,outer_race,N15_M07_F04,1499.56,none,6203_PU_2855,12000.0,14000.0,5.1759,normal,0.826,-0.656941185198853,0,0.015000000000000003,0.88,-0.8135509303259907,0,0.009999999999999998
N15_M07_F04_KA15_8,KA15,real,outer_race,N15_M07_F04,1499.28,none,6203_PU_2855,12000.0,14000.0,6.4006,normal,0.734,-0.44857695676421483,0,-0.0019999999999999983,0.724,-0.3913692700357942,1,-0.009000000000000001
N15_M07_F04_KA15_9,KA15,real,outer_race,N15_M07_F04,1499.73,none,6203_PU_2855,12000.0,14000.0,6.5741,normal,0.336,0.13324077111803825,0,0.016999999999999998,0.828,-0.7639935042916473,0,0.009999999999999998
N15_M07_F04_KA16_1,KA16,real,outer_race,N15_M07_F04,1499.6,none,6203_PU_2905,13333.3,14666.7,5.9318,normal,0.508,-0.2575835267620888,0,-0.006,0.776,-0.7119383996514641,1,-0.012
N15_M07_F04_KA16_10,KA16,real,outer_race,N15_M07_F04,1499.59,none,6203_PU_2905,12000.0,14000.0,5.9522,normal,0.66,-0.359468270673193,0,-0.02,0.72,-0.6128228502932337,0,-0.005000000000000001
N15_M07_F04_KA16_11,KA16,real,outer_race,N15_M07_F04,1499.48,none,6203_PU_2905,13333.3,14666.7,6.4378,normal,0.516,-0.02242252625487783,1,0.016999999999999998,0.288,0.9291010479911763,1,-0.006
N15_M07_F04_KA16_12,KA16,real,outer_race,N15_M07_F04,1499.26,none,6203_PU_2905,13333.3,14666.7,5.4466,normal,0.756,-0.694204824400597,0,-0.004,0.638,-0.4381890911230044,1,-0.006
N15_M07_F04_KA16_13,KA16,real,outer_race,N15_M07_F04,1499.75,none,6203_PU_2905,12000.0,14000.0,5.8285,normal,0.722,-0.3991241813989697,0,0.014000000000000002,0.656,-0.4602117308583444,1,-0.006
N15_M07_F04_KA16_14,KA16,real,outer_race,N15_M07_F04,1499.58,none,6203_PU_2905,13333.3,14666.7,5.2206,normal,0.456,0.03363711005181291,0,0.016000000000000004,0.982,-1.5254376297252217,1,-0.006
N15_M07_F04_KA16_15,KA16,real,outer_race,N15_M07_F04,1499.71,none,6203_PU_2905,13333.3,14666.7,5.0066,normal,0.618,-0.30313284393963325,0,0.009000000000000001,0.612,-0.4116832782587443,1,0.018
N15_M07_F04_KA16_16,KA16,real,outer_race,N15_M07_F04,1499.65,none,6203_PU_2905,12000.0,14000.0,5.1301,normal,0.794,-0.870292918062648,0,-0.019,0.614,-0.17309257320715266,1,-0.006
N15_M07_F04_KA16_17,KA16,real,outer_race,N15_M07_F04,1499.66,none,6203_PU_2905,13333.3,14666.7,6.0531,normal,0.686,-0.3494499706421075,0,0.016000000000000004,0.336,0.6157912242188908,1,-0.012
N15_M07_F04_KA16_18,KA16,real,outer_race,N15_M07_F04,1499.71,none,6203_PU_2905,13333.3,14666.7,6.1173,normal,0.664,-0.6148784581614936,1,0.009999999999999998,0.71,-0.5210632683630568,0,0.014000000000000002
N15_M07_F04_KA16_19,KA16,real,outer_race,N15_M07_F04,1499.59,none,6203_PU_2905,13333.3,14666.7,5.8344,normal,0.806,-0.7893478198278547,0,0.011,0.924,-1.1462879622537558,1,-0.006999999999999999
N15_M07_F04_KA16_2,KA16,real,outer_race,N15_M07_F04,1499.01,none,6203_PU_2905,13333.3,14666.7,5.489,normal,0.358,0.09551223254376498,0,0.009000000000000001,0.544,-0.21103303072922847,1,-0.013000000000000001
N15_M07_F04_KA16_20,KA16,real,outer_race,N15_M07_F04,1499.49,none,6203_PU_2905,13333.3,14666.7,5.9211,normal,0.584,-0.30706057096677936,0,-0.017,0.82,-0.7973655185026041,0,-0.014
N15_M07_F04_KA16_3,KA16,real,outer_race,N15_M07_F04,1500.04,none,6203_PU_2905,13333.3,14666.7,6.2594,normal,0.86,-0.8100463523455784,0,0.016000000000000004,0.936,-1.1812393337429175,1,-0.006
N15_M07_F04_KA16_4,KA16,real,outer_race,N15_M07_F04,1499.17,none,6203_PU_2905,13333.3,14666.7,5.7973,normal,0.706,-0.573170559672153,0,-0.02,0.584,-0.18000316674439826,1,-0.013000000000000001
N15_M07_F04_KA16_5,KA16,real,outer_race,N15_M07_F04,1499.89,none,6203_PU_2905,12000.0,14000.0,5.6081,normal,0.216,1.2234363213369353,0,0.013000000000000001,0.368,0.31610134389167255,1,-0.014
N15_M07_F04_KA16_6,KA16,real,outer_race,N15_M07_F04,1499.76,none,6203_PU_2905,13333.3,14666.7,5.8012,normal,0.378,0.64369301682763,1,0.016000000000000004,0.31,0.7224601710088027,1,-0.006999999999999999
N15_M07_F04_KA16_7,KA16,real,outer_race,N15_M07_F04,1499.2,none,6203_PU_2905,13333.3,14666.7,5.2753,normal,0.468,0.05250734987687832,0,0.013000000000000001,0.546,-0.1978025815562854,1,-0.013000000000000001
N15_M07_F04_KA16_8,KA16,real,outer_race,N15_M07_F04,1499.55,none,6203_PU_2905,13333.3,14666.7,5.7129,normal,0.268,0.6882612047805252,1,0.016999999999999998,0.36,0.4481682984906284,2,-0.012
N15_M07_F04_KA16_9,KA16,real,outer_race,N15_M07_F04,1499.67,none,6203_PU_2905,13333.3,14666.7,5.8225,normal,0.62,-0.41003827942730536,0,0.009000000000000001,0.818,-0.9494031090731725,1,0.018
N15_M07_F04_KA22_1,KA22,real,outer_race,N15_M07_F04,1499.54,none,6203_PU_2905,10666.7,13333.3,6.916,normal,0.39,0.2830186449842685,1,0.016999999999999998,0.696,-0.5511292217868623,1,0.018
N15_M07_F04_KA22_10,KA22,real,outer_race,N15_M07_F04,1499.63,none,6203_PU_2905,12000.0,14000.0,6.3917,normal,0.516,-0.11590922035771709,0,-0.019,0.912,-1.0569419577435455,1,-0.006999999999999999
N15_M07_F04_KA22_11,KA22,real,outer_race,N15_M07_F04,1499.5,none,6203_PU_2905,12000.0,14000.0,6.6186,normal,0.526,-0.051130921434283584,1,0.009999999999999998,0.694,-0.4219894443488875,0,0.009000000000000001
N15_M07_F04_KA22_12,KA22,real,outer_race,N15_M07_F04,1499.47,none,6203_PU_2905,12000.0,14000.0,6.6948,normal,0.82,-1.1989485459835383,1,0.011,0.816,-0.7345363678700195,1,-0.006999999999999999
N15_M07_F04_KA22_13,KA22,real,outer_race,N15_M07_F04,1499.58,none,6203_PU_2905,10666.7,13333.3,5.9297,normal,0.692,-0.3255359149997083,1,0.009999999999999998,0.368,0.27947970238599,2,-0.006
N15_M07_F04_KA22_14,KA22,real,outer_race,N15_M07_F04,1499.68,none,6203_PU_2905,12000.0,14000.0,7.295,normal,0.204,1.3159105952234191,0,-0.013000000000000001,0.908,-1.3081543211787985,1,-0.006
N15_M07_F04_KA22_15,KA22,real,outer_race,N15_M07_F04,1499.69,none,6203_PU_2905,12000.0,14000.0,6.9402,normal,0.746,-0.8873224678649343,1,0.016000000000000004,0.662,-0.2710184905375351,0,-0.005000000000000001
N15_M07_F04_KA22_16,KA22,real,outer_race,N15_M07_F04,1499.68,none,6203_PU_2905,10666.7,13333.3,6.8253,normal,0.45,0.240271795456157,1,0.009000000000000001,0.624,-0.37407307424201597,1,-0.0010000000000000009
N15_M07_F04_KA22_17,KA22,real,outer_race,N15_M07_F04,1499.57,none,6203_PU_2905,10666.7,13333.3,6.3976,normal,0.732,-0.7314151173645814,1,0.009000000000000001,0.476,0.017027232264247454,2,-0.012
N15_M07_F04_KA22_18,KA22,real,outer_race,N15_M07_F04,1499.61,none,6203_PU_2905,13333.3,14666.7,7.3869,normal,0.746,-0.8421385838692589,0,0.009999999999999998,0.656,-0.31410306278572303,1,-0.006
N15_M07_F04_KA22_19,KA22,real,outer_race,N15_M07_F04,1499.56,none,6203_PU_2905,10666.7,13333.3,6.1269,normal,0.42,0.4438751052204523,1,0.016999999999999998,0.782,-0.5956804729084006,1,-0.006999999999999999
N15_M07_F04_KA22_2,KA22,real,outer_race,N15_M07_F04,1499.68,none,6203_PU_2905,12000.0,14000.0,6.5849,normal,0.618,-0.3347582585303568,1,0.016000000000000004,0.698,-0.39036768847031367,0,0.009000000000000001
N15_M07_F04_KA22_20,KA22,real,outer_race,N15_M07_F04,1499.64,none,6203_PU_2905,13333.3,14666.7,6.4322,normal,0.416,0.20959137523901247,1,0.016999999999999998,0.754,-0.5148515973378804,1,-0.006999999999999999
N15_M07_F04_KA22_3,KA22,real,outer_race,N15_M07_F04,1499.64,none,6203_PU_2905,12000.0,14000.0,6.8983,normal,0.65,-0.553759033300548,0,-0.01,0.79,-0.7926445823219629,1,-0.006
N15_M07_F04_KA22_4,KA22,real,outer_race,N15_M07_F04,1499.66,none,6203_PU_2905,10666.7,13333.3,6.9474,normal,0.964,-1.413122059653407,0,-0.02,0.348,0.34389831472007654,1,-0.006
N15_M07_F04_KA22_5,KA22,real,outer_race,N15_M07_F04,1499.62,none,6203_PU_2905,10666.7,13333.3,6.9518,normal,0.32,0.6898903261626905,0,0.009999999999999998,0.962,-1.127377823926963,1,-0.006
N15_M07_F04_KA22_6,KA22,real,outer_race,N15_M07_F04,1499.62,none,6203_PU_2905,12000.0,14000.0,6.9188,normal,0.398,0.42409252026086763,1,0.016000000000000004,0.708,-0.4076040445290754,1,0.018
N15_M07_F04_KA22_7,KA22,real,outer_race,N15_M07_F04,1499.61,none,6203_PU_2905,12000.0,14000.0,6.0765,normal,0.444,0.04813827879711971,1,0.016999999999999998,0.858,-0.9465454906987787,2,-0.013000000000000001
N15_M07_F04_KA22_8,KA22,real,outer_race,N15_M07_F04,1499.55,none,6203_PU_2905,10666.7,13333.3,7.1786,normal,0.22,0.9782086841835161,0,-0.018000000000000002,0.554,-0.0897673865664485,1,-0.019
N15_M07_F04_KA22_9,KA22,real,outer_race,N15_M07_F04,1499.6,none,6203_PU_2905,13333.3,14666.7,7.5416,normal,0.682,-0.5847976054045951,1,0.009000000000000001,0.582,-0.2042880775446945,1,-0.006
N15_M07_F04_KA30_1,KA30,real,outer_race,N15_M07_F04,1499.56,none,6203_PU_2905,12000.0,14000.0,11.7507,normal,0.714,-0.4880654563398911,1,-0.006,0.618,-0.4101089696501718,1,-0.004
N15_M07_F04_KA30_10,KA30,real,outer_race,N15_M07_F04,1499.65,none,6203_PU_2905,10666.7,13333.3,2.2185,normal,0.478,0.18934406823183259,0,0.011,0.204,0.7291969484395139,1,0.015000000000000003
N15_M07_F04_KA30_11,KA30,real,outer_race,N15_M07_F04,1499.65,none,6203_PU_2905,10666.7,13333.3,2.19,normal,0.136,1.3946191286748522,1,0.011,0.018,2.3068901458022975,1,0.016000000000000004
N15_M07_F04_KA30_12,KA30,real,outer_race,N15_M07_F04,1499.83,none,6203_PU_2905,10666.7,13333.3,7.3305,normal,0.278,1.099391294909188,2,-0.006,0.23,1.0729848897404446,3,0.015000000000000003
N15_M07_F04_KA30_13,KA30,real,outer_race,N15_M07_F04,1499.61,none,6203_PU_2905,12000.0,14000.0,8.2982,normal,0.336,0.744702315996216,1,-0.006,0.078,1.6238348612792863,1,0.019
N15_M07_F04_KA30_14,KA30,real,outer_race,N15_M07_F04,1499.6,none,6203_PU_2905,13333.3,14666.7,6.4246,normal,0.15,2.6015956673438927,1,-0.006999999999999999,0.434,0.1666344033673838,1,0.016000000000000004
N15_M07_F04_KA30_15,KA30,real,outer_race,N15_M07_F04,1499.44,none,6203_PU_2905,13333.3,14666.7,8.089,normal,0.182,1.6604426284180018,2,-0.006999999999999999,0.624,-0.28477466239728544,1,0.012
N15_M07_F04_KA30_16,KA30,real,outer_race,N15_M07_F04,1499.5,none,6203_PU_2905,12000.0,14000.0,8.6754,normal,0.474,0.24290576264848293,1,-0.005000000000000001,0.978,-1.4138223509654815,2,0.016000000000000004
N15_M07_F04_KA30_17,KA30,real,outer_race,N15_M07_F04,1499.4,none,6203_PU_2905,10666.7,13333.3,7.7334,inner_race,0.426,0.23103274761286777,1,-0.005000000000000001,0.002,2.483087144519822,3,0.015000000000000003
N15_M07_F04_KA30_18,KA30,real,outer_race,N15_M07_F04,1499.55,none,6203_PU_2905,12000.0,13333.3,7.5222,normal,0.444,0.0489411014766489,0,-0.006,0.132,1.3048184855489062,2,0.016000000000000004
N15_M07_F04_KA30_19,KA30,real,outer_race,N15_M07_F04,1499.43,none,6203_PU_2905,12000.0,14000.0,5.1422,normal,0.71,-0.39076434447540537,1,-0.004,0.098,1.8080117598709768,3,0.015000000000000003
N15_M07_F04_KA30_2,KA30,real,outer_race,N15_M07_F04,1499.61,none,6203_PU_2905,13333.3,14666.7,14.336,normal,0.67,-0.43309227260811983,0,0.02,0.564,-0.11253243596553242,0,-0.011
N15_M07_F04_KA30_20,KA30,real,outer_race,N15_M07_F04,1499.74,none,6203_PU_2905,13333.3,14666.7,7.6772,normal,0.596,-0.09164159841269044,0,-0.006,0.21,1.1220525002008142,2,0.013000000000000001
N15_M07_F04_KA30_3,KA30,real,outer_race,N15_M07_F04,1499.58,none,6203_PU_2905,13333.3,14666.7,7.9094,normal,0.492,0.022441216239912038,1,-0.005000000000000001,0.804,-0.7617344215915401,2,0.015000000000000003
N15_M07_F04_KA30_4,KA30,real,outer_race,N15_M07_F04,1499.56,none,6203_PU_2905,12000.0,14000.0,6.5887,normal,0.568,-0.07024463811069914,0,0.009999999999999998,0.342,0.28301422727785575,2,0.015000000000000003
N15_M07_F04_KA30_5,KA30,real,outer_race,N15_M07_F04,1499.67,none,6203_PU_2905,13333.3,14666.7,2.4759,normal,0.548,-0.25468920513030024,0,-0.019,0.642,-0.3329649482707994,0,0.016000000000000004
N15_M07_F04_KA30_6,KA30,real,outer_race,N15_M07_F04,1499.67,none,6203_PU_2905,12000.0,14000.0,9.4834,normal,0.302,2.203602831874649,2,-0.006999999999999999,0.246,0.7921373640580726,1,0.016999999999999998
N15_M07_F04_KA30_7,KA30,real,outer_race,N15_M07_F04,1499.52,none,6203_PU_2905,13333.3,14666.7,2.352,normal,0.578,-0.1645986260835106,0,-0.005000000000000001,0.016,2.6544358466072024,0,0.015000000000000003
N15_M07_F04_KA30_8,KA30,real,outer_race,N15_M07_F04,1499.76,none,6203_PU_2905,12000.0,14000.0,2.3718,normal,0.288,0.3974084419740581,1,-0.006,0.698,-0.4906250169197971,1,0.015000000000000003
N15_M07_F04_KA30_9,KA30,real,outer_race,N15_M07_F04,1499.62,none,6203_PU_2905,13333.3,14666.7,8.7416,normal,0.12,1.1798432202730855,1,-0.006999999999999999,0.376,0.371062810069605,2,0.015000000000000003
N15_M07_F04_KI01_1,KI01,artificial,inner_race,N15_M07_F04,1499.68,none,6203_PU_2905,8000.0,10666.7,10.853,inner_race,0.792,-0.7112553580669673,0,0.019,0.002,3.4534711633117325,25,0.0019999999999999983
N15_M07_F04_KI01_10,KI01,artificial,inner_race,N15_M07_F04,1499.62,none,6203_PU_2905,8000.0,10666.7,12.1294,inner_race,0.904,-1.2352206765205473,1,-0.017,0.002,3.5179811855230527,24,0.0019999999999999983
N15_M07_F04_KI01_11,KI01,artificial,inner_race,N15_M07_F04,1499.61,none,6203_PU_2905,8000.0,10666.7,13.2405,inner_race,0.354,0.6301609066988734,1,-0.02,0.002,3.58000925970216,24,0.0019999999999999983
N15_M07_F04_KI01_12,KI01,artificial,inner_race,N15_M07_F04,1499.6,none,6203_PU_2905,8000.0,10666.7,11.0085,inner_race,0.484,0.05735971809376783,1,-0.017,0.002,3.692587465712687,25,0.0019999999999999983
N15_M07_F04_KI01_13,KI01,artificial,inner_race,N15_M07_F04,1499.6,none,6203_PU_2905,8000.0,10666.7,11.708,inner_race,0.868,-0.7042458456889519,1,-0.02,0.002,3.2926395133989916,24,0.0019999999999999983
N15_M07_F04_KI01_14,KI01,artificial,inner_race,N15_M07_F04,1499.6,none,6203_PU_2905,8000.0,10666.7,11.5194,inner_race,0.976,-1.9554704323311305,0,0.02,0.002,4.143285936066803,24,0.0019999999999999983
N15_M07_F04_KI01_15,KI01,artificial,inner_race,N15_M07_F04,1499.66,none,6203_PU_2905,8000.0,10666.7,11.689,inner_race,0.962,-1.8098151947136418,0,0.013000000000000001,0.002,3.033478245274534,24,0.0019999999999999983
N15_M07_F04_KI01_16,KI01,artificial,inner_race,N15_M07_F04,1499.62,none,6203_PU_2905,8000.0,10666.7,11.5099,inner_race,0.938,-1.2844713939816175,1,-0.018000000000000002,0.002,3.112515764089491,24,0.0019999999999999983
N15_M07_F04_KI01_17,KI01,artificial,inner_race,N15_M07_F04,1499.59,none,6203_PU_2905,8000.0,10666.7,12.7327,inner_race,0.842,-0.907384583403373,0,-0.015,0.002,3.4929207609177393,23,0.0019999999999999983
N15_M07_F04_KI01_18,KI01,artificial,inner_race,N15_M07_F04,1499.62,none,6203_PU_2905,8000.0,10666.7,11.8127,inner_race,0.984,-2.23989669608135,0,-0.013000000000000001,0.002,2.6455180987881945,24,0.0019999999999999983
N15_M07_F04_KI01_19,KI01,artificial,inner_race,N15_M07_F04,1499.63,none,6203_PU_2905,8000.0,10666.7,11.3818,inner_race,0.312,0.4617260429937776,1,-0.02,0.002,4.367881817625897,25,0.0019999999999999983
N15_M07_F04_KI01_2,KI01,artificial,inner_race,N15_M07_F04,1499.68,none,6203_PU_2905,8000.0,10666.7,11.9889,inner_race,0.344,0.5748115571218015,1,-0.019,0.002,3.3269769774578637,25,0.0019999999999999983
N15_M07_F04_KI01_20,KI01,artificial,inner_race,N15_M07_F04,1499.62,none,6203_PU_2905,8000.0,10666.7,12.4112,inner_race,0.692,-0.6089722087295797,1,-0.02,0.002,4.0564690569033495,24,0.0019999999999999983
N15_M07_F04_KI01_3,KI01,artificial,inner_race,N15_M07_F04,1499.56,none,6203_PU_2905,8000.0,10666.7,10.7655,inner_race,0.498,0.022247503092477357,1,-0.02,0.002,2.8671636155724385,25,0.0019999999999999983
N15_M07_F04_KI01_4,KI01,artificial,inner_race,N15_M07_F04,1499.64,none,6203_PU_2905,8000.0,10666.7,11.3686,inner_race,0.826,-2.0390459464382875,1,-0.02,0.002,3.891759160922051,25,0.0019999999999999983
N15_M07_F04_KI01_5,KI01,artificial,inner_race,N15_M07_F04,1499.57,none,6203_PU_2905,8000.0,10666.7,12.0587,inner_race,0.818,-1.6322834680099174,1,-0.02,0.002,5.174659337655579,25,0.0019999999999999983
N15_M07_F04_KI01_6,KI01,artificial,inner_race,N15_M07_F04,1499.59,none,6203_PU_2905,8000.0,10666.7,10.5176,inner_race,0.708,-0.3810907960529247,1,-0.02,0.002,3.720442950015153,25,0.0019999999999999983
N15_M07_F04_KI01_7,KI01,artificial,inner_race,N15_M07_F04,1499.62,none,6203_PU_2905,8000.0,10666.7,12.0472,inner_race,0.762,-0.25211803299112234,1,-0.02,0.002,3.5101576704255484,25,0.0019999999999999983
N15_M07_F04_KI01_8,KI01,artificial,inner_race,N15_M07_F04,1499.63,none,6203_PU_2905,8000.0,10666.7,10.4632,inner_race,0.462,0.03319460361485477,0,-0.016,0.002,3.485117038951194,24,0.0019999999999999983
N15_M07_F04_KI01_9,KI01,artificial,inner_race,N15_M07_F04,1499.57,none,6203_PU_2905,8000.0,10666.7,12.1247,inner_race,0.898,-1.1780663569136949,1,-0.017,0.002,3.30455168947187,24,0.0019999999999999983
N15_M07_F04_KI03_1,KI03,artificial,inner_race,N15_M07_F04,1499.59,none,6203_PU_2905,13333.3,14666.7,6.7485,normal,0.204,1.3201179732147474,0,0.009000000000000001,0.314,0.5213559265879744,0,0.014000000000000002
N15_M07_F04_KI03_10,KI03,artificial,inner_race,N15_M07_F04,1499.54,none,6203_PU_2905,13333.3,14666.7,5.6665,normal,0.526,-0.19178955856950367,0,0.008,0.918,-0.9272127514739065,0,0.02
N15_M07_F04_KI03_11,KI03,artificial,inner_race,N15_M07_F04,1499.66,none,6203_PU_2905,12000.0,14000.0,5.0489,normal,0.788,-0.8792670488586468,0,0.012,0.822,-0.7297320633916925,1,0.0
N15_M07_F04_KI03_12,KI03,artificial,inner_race,N15_M07_F04,1499.69,none,6203_PU_2905,13333.3,14666.7,5.8835,normal,0.618,-0.04238752603936886,0,-0.006,0.902,-0.9557146535742177,0,-0.011
N15_M07_F04_KI03_13,KI03,artificial,inner_race,N15_M07_F04,1499.67,none,6203_PU_2905,13333.3,14666.7,5.14,normal,0.53,-0.01691404739255234,0,0.009999999999999998,0.548,-0.18216881832625242,0,0.014000000000000002
N15_M07_F04_KI03_14,KI03,artificial,inner_race,N15_M07_F04,1499.5,none,6203_PU_2905,12000.0,14000.0,5.8052,normal,0.254,1.000334820201626,0,-0.011,0.39,0.6309749921685304,1,0.019
N15_M07_F04_KI03_15,KI03,artificial,inner_race,N15_M07_F04,1499.53,none,6203_PU_2905,12000.0,14000.0,5.8135,normal,0.36,0.36481153844276054,0,0.009999999999999998,0.384,0.4932630422146867,1,-0.013000000000000001
N15_M07_F04_KI03_16,KI03,artificial,inner_race,N15_M07_F04,1499.61,none,6203_PU_2905,13333.3,14666.7,5.3885,normal,0.942,-0.9724724966309533,0,0.009999999999999998,0.956,-1.411430611381161,0,-0.0010000000000000009
N15_M07_F04_KI03_17,KI03,artificial,inner_race,N15_M07_F04,1499.59,none,6203_PU_2905,12000.0,14000.0,5.3457,normal,0.166,1.0348590675376999,0,0.009999999999999998,0.658,-0.33964550392340315,1,-0.006
N15_M07_F04_KI03_18,KI03,artificial,inner_race,N15_M07_F04,1499.57,none,6203_PU_2905,13333.3,14666.7,5.8585,normal,0.722,-0.5224691479145824,0,0.011,0.564,-0.06250779187373638,1,-0.006
N15_M07_F04_KI03_19,KI03,artificial,inner_race,N15_M07_F04,1499.61,none,6203_PU_2905,12000.0,14000.0,5.7658,normal,0.658,-0.4652841502440431,0,0.009000000000000001,0.796,-0.8485519035707245,0,0.014000000000000002
N15_M07_F04_KI03_2,KI03,artificial,inner_race,N15_M07_F04,1499.61,none,6203_PU_2905,12000.0,14000.0,6.776,normal,0.208,2.5079503344946263,0,0.016999999999999998,0.82,-0.47277451329971965,0,0.015000000000000003
N15_M07_F04_KI03_20,KI03,artificial,inner_race,N15_M07_F04,1499.49,none,6203_PU_2905,12000.0,14000.0,5.464,normal,0.656,-0.3928018374471714,0,-0.019,0.754,-0.7760040496243118,1,0.018
N15_M07_F04_KI03_3,KI03,artificial,inner_race,N15_M07_F04,1499.6,none,6203_PU_2905,12000.0,14000.0,6.2488,normal,0.194,1.547110553659929,0,0.009000000000000001,0.932,-1.3438901857963514,1,-0.013000000000000001
N15_M07_F04_KI03_4,KI03,artificial,inner_race,N15_M07_F04,1499.52,none,6203_PU_2905,13333.3,14666.7,6.1632,normal,0.508,-0.02825133910105459,0,0.009000000000000001,0.362,0.4900711217878655,0,0.015000000000000003
N15_M07_F04_KI03_5,KI03,artificial,inner_race,N15_M07_F04,1499.55,none,6203_PU_2905,12000.0,14000.0,6.3951,normal,0.792,-0.9340566458227457,0,0.009000000000000001,0.764,-0.6688812835796359,1,0.019
N15_M07_F04_KI03_6,KI03,artificial,inner_race,N15_M07_F04,1499.52,none,6203_PU_2905,12000.0,14000.0,5.4416,normal,0.39,0.2927517325785689,0,-0.02,0.622,-0.26806206569415353,1,-0.006
N15_M07_F04_KI03_7,KI03,artificial,inner_race,N15_M07_F04,1499.58,none,6203_PU_2905,13333.3,14666.7,5.2851,normal,0.296,0.5571946757731323,1,0.016000000000000004,0.54,-0.12622744054174573,2,-0.013000000000000001
N15_M07_F04_KI03_8,KI03,artificial,inner_race,N15_M07_F04,1499.71,none,6203_PU_2905,12000.0,14000.0,6.597,normal,0.28,0.7418218033653214,1,0.009000000000000001,0.374,0.6173627633887213,1,0.014000000000000002
N15_M07_F04_KI03_9,KI03,artificial,inner_race,N15_M07_F04,1499.54,none,6203_PU_2905,13333.3,14666.7,5.618,normal,0.932,-1.6761470705668724,0,0.011,0.316,0.4334269624566785,1,0.014000000000000002
N15_M07_F04_KI04_1,KI04,real,inner_race,N15_M07_F04,1499.77,none,6203_PU_2905,12000.0,14000.0,4.4451,normal,0.116,2.7810761913339688,1,-0.008,0.502,-0.002962281465502522,0,-0.006
N15_M07_F04_KI04_10,KI04,real,inner_race,N15_M07_F04,1499.91,none,6203_PU_2905,13333.3,14666.7,4.4108,normal,0.144,4.276034058940361,1,-0.008,0.276,0.8217985095228306,2,0.013000000000000001
N15_M07_F04_KI04_11,KI04,real,inner_race,N15_M07_F04,1499.83,none,6203_PU_2905,12000.0,14000.0,3.3487,normal,0.22,0.36660617973047005,1,-0.006,0.194,1.1528717162065307,1,0.019
N15_M07_F04_KI04_12,KI04,real,inner_race,N15_M07_F04,1499.68,none,6203_PU_2905,13333.3,14666.7,4.7317,normal,0.12,1.6723585113139101,1,-0.008,0.32,0.5734386905548146,1,0.014000000000000002
N15_M07_F04_KI04_13,KI04,real,inner_race,N15_M07_F04,1499.36,none,6203_PU_2905,13333.3,14666.7,4.0466,normal,0.118,2.1025637856461747,2,-0.006999999999999999,0.158,1.0592788558856652,2,0.015000000000000003
N15_M07_F04_KI04_14,KI04,real,inner_race,N15_M07_F04,1499.33,none,6203_PU_2905,13333.3,14666.7,4.7719,normal,0.148,3.0231597091730866,1,-0.006999999999999999,0.3,0.5097943878939231,2,0.014000000000000002
N15_M07_F04_KI04_15,KI04,real,inner_race,N15_M07_F04,1499.6,none,6203_PU_2905,12000.0,14000.0,2.3658,normal,0.392,0.4677839995116848,0,0.009000000000000001,0.684,-0.5624548027895697,3,0.014000000000000002
N15_M07_F04_KI04_16,KI04,real,inner_race,N15_M07_F04,1499.39,none,6203_PU_2905,9333.3,10666.7,2.1462,inner_race,0.904,-1.3198550178844886,0,0.016000000000000004,0.004,6.592872695983307,6,-0.006
N15_M07_F04_KI04_17,KI04,real,inner_race,N15_M07_F04,1499.73,none,6203_PU_2905,10666.7,13333.3,2.4646,normal,0.142,2.505728241081692,1,-0.008,0.046,1.6937590220108543,1,-0.006
N15_M07_F04_KI04_18,KI04,real,inner_race,N15_M07_F04,1499.66,none,6203_PU_2905,12000.0,14000.0,2.738,normal,0.262,0.6654479152225107,0,0.009999999999999998,0.318,0.3382778537474549,2,0.014000000000000002
N15_M07_F04_KI04_19,KI04,real,inner_race,N15_M07_F04,1499.35,none,6203_PU_2905,12000.0,13333.3,2.2692,normal,0.196,1.6203091070903497,1,-0.006999999999999999,0.296,0.645407301368148,2,0.016000000000000004
N15_M07_F04_KI04_2,KI04,real,inner_race,N15_M07_F04,1499.61,none,6203_PU_2905,13333.3,14666.7,3.266,normal,0.294,1.0429737306316824,1,-0.005000000000000001,0.592,-0.2667836246471422,0,-0.006
N15_M07_F04_KI04_20,KI04,real,inner_race,N15_M07_F04,1499.61,none,6203_PU_2905,13333.3,14666.7,3.0555,normal,0.6,-0.11368236979120667,0,-0.02,0.026,2.407272711002274,1,0.014000000000000002
N15_M07_F04_KI04_3,KI04,real,inner_race,N15_M07_F04,1499.67,none,6203_PU_2905,12000.0,14000.0,3.856,normal,0.414,0.47102986155514914,1,-0.006999999999999999,0.03,3.441074416193833,2,0.015000000000000003
N15_M07_F04_KI04_4,KI04,real,inner_race,N15_M07_F04,1499.57,none,6203_PU_2905,12000.0,14000.0,3.1482,normal,0.188,1.6413593082276217,1,-0.008,0.342,0.5741385067544511,2,0.013000000000000001
N15_M07_F04_KI04_5,KI04,real,inner_race,N15_M07_F04,1499.39,none,6203_PU_2905,12000.0,14000.0,3.8396,normal,0.184,2.5230528502029803,1,-0.005000000000000001,0.196,0.9328200405802329,3,0.014000000000000002
N15_M07_F04_KI04_6,KI04,real,inner_race,N15_M07_F04,1499.52,none,6203_PU_2905,12000.0,14000.0,2.4467,normal,0.24,1.271547385364809,1,-0.005000000000000001,0.42,0.16213989911055998,3,0.015000000000000003
N15_M07_F04_KI04_7,KI04,real,inner_race,N15_M07_F04,1499.49,none,6203_PU_2905,12000.0,14000.0,2.2413,normal,0.668,-0.41557819829093107,1,-0.008,0.38,0.21294902784396325,0,0.019
N15_M07_F04_KI04_8,KI04,real,inner_race,N15_M07_F04,1499.39,none,6203_PU_2905,10666.7,13333.3,3.6984,normal,0.19,1.5704214193398263,1,-0.006,0.216,0.8280665436408607,0,-0.006
N15_M07_F04_KI04_9,KI04,real,inner_race,N15_M07_F04,1499.65,none,6203_PU_2905,12000.0,14000.0,3.267,normal,0.464,0.059556805218174615,1,-0.008,0.572,-0.18057768551887862,2,-0.006
N15_M07_F04_KI05_1,KI05,artificial,inner_race,N15_M07_F04,1498.83,none,6203_PU_2905,10666.7,13333.3,8.4138,normal,0.68,-0.11245530275974214,2,-0.006,0.046,1.4504500478246818,1,0.002999999999999999
N15_M07_F04_KI05_10,KI05,artificial,inner_race,N15_M07_F04,1499.38,none,6203_PU_2905,12000.0,14000.0,9.233,normal,0.766,-0.6245254745337439,2,-0.005000000000000001,0.704,-0.5717983426562002,3,0.015000000000000003
N15_M07_F04_KI05_11,KI05,artificial,inner_race,N15_M07_F04,1499.77,none,6203_PU_2905,10666.7,13333.3,8.0672,normal,0.344,0.5940113432268499,2,-0.006,0.158,1.586167711821217,3,0.015000000000000003
N15_M07_F04_KI05_12,KI05,artificial,inner_race,N15_M07_F04,1499.77,none,6203_PU_2905,10666.7,13333.3,10.5546,normal,0.646,-0.23646251072099972,2,-0.006,0.566,-0.1946618453232322,1,-0.005000000000000001
N15_M07_F04_KI05_13,KI05,artificial,inner_race,N15_M07_F04,1499.64,none,6203_PU_2905,12000.0,14000.0,7.8337,normal,0.444,0.24179367848547018,1,-0.006999999999999999,0.484,0.03404909783598393,2,0.016000000000000004
N15_M07_F04_KI05_14,KI05,artificial,inner_race,N15_M07_F04,1499.25,none,6203_PU_2905,10666.7,13333.3,7.1069,normal,0.46,0.5857631112743146,1,-0.006,0.472,0.09225806675439466,3,0.016000000000000004
N15_M07_F04_KI05_15,KI05,artificial,inner_race,N15_M07_F04,1499.66,none,6203_PU_2905,10666.7,13333.3,7.1607,normal,0.476,0.2575711171653488,1,-0.006,0.6,-0.1516628960132402,2,0.016000000000000004
N15_M07_F04_KI05_16,KI05,artificial,inner_race,N15_M07_F04,1499.54,none,6203_PU_2905,12000.0,14000.0,9.1378,normal,0.404,1.0286597675802058,1,-0.006999999999999999,0.14,1.2699760161143425,2,0.015000000000000003
N15_M07_F04_KI05_17,KI05,artificial,inner_race,N15_M07_F04,1499.58,none,6203_PU_2905,10666.7,13333.3,8.6457,normal,0.306,0.4606437309960587,2,-0.006999999999999999,0.9,-1.2751716712501733,0,0.0010000000000000009
N15_M07_F04_KI05_18,KI05,artificial,inner_race,N15_M07_F04,1499.85,none,6203_PU_2905,10666.7,13333.3,6.8688,normal,0.202,1.1151027444825996,2,-0.006,0.346,0.5398760328524774,3,0.015000000000000003
N15_M07_F04_KI05_19,KI05,artificial,inner_race,N15_M07_F04,1499.63,none,6203_PU_2905,12000.0,14000.0,10.3742,normal,0.212,1.4268543140350756,1,-0.006999999999999999,0.526,-0.09675702936427345,1,-0.005000000000000001
N15_M07_F04_KI05_2,KI05,artificial,inner_race,N15_M07_F04,1500.39,none,6203_PU_2905,10666.7,13333.3,7.0831,normal,0.442,0.4420328274178184,1,-0.006999999999999999,0.042,1.6140622113430532,1,0.016000000000000004
N15_M07_F04_KI05_20,KI05,artificial,inner_race,N15_M07_F04,1499.53,none,6203_PU_2905,10666.7,13333.3,8.3411,normal,0.582,-0.21419135746536044,2,-0.005000000000000001,0.532,-0.06090454864785077,1,0.002999999999999999
N15_M07_F04_KI05_3,KI05,artificial,inner_race,N15_M07_F04,1500.16,none,6203_PU_2905,12000.0,14000.0,8.6632,normal,0.442,0.036841385528991834,1,-0.006,0.096,1.6680245880027054,2,0.015000000000000003
N15_M07_F04_KI05_4,KI05,artificial,inner_race,N15_M07_F04,1499.68,none,6203_PU_2905,12000.0,14000.0,7.982,normal,0.22,1.4554577558370538,1,-0.006999999999999999,0.042,2.338685272396104,3,0.016000000000000004
N15_M07_F04_KI05_5,KI05,artificial,inner_race,N15_M07_F04,1500.07,none,6203_PU_2905,10666.7,13333.3,9.6561,normal,0.162,3.8780020318540864,2,-0.006999999999999999,0.106,1.2763290523179522,3,0.015000000000000003
N15_M07_F04_KI05_6,KI05,artificial,inner_race,N15_M07_F04,1499.58,none,6203_PU_2905,12000.0,14000.0,8.308,normal,0.54,-0.14270158592558577,2,-0.006,0.296,0.6486760629162213,3,0.016000000000000004
N15_M07_F04_KI05_7,KI05,artificial,inner_race,N15_M07_F04,1499.7,none,6203_PU_2905,12000.0,14000.0,7.4608,normal,0.176,1.2814057488649881,1,-0.006999999999999999,0.482,0.02334952529214146,2,0.016000000000000004
N15_M07_F04_KI05_8,KI05,artificial,inner_race,N15_M07_F04,1499.03,none,6203_PU_2905,12000.0,14000.0,9.0459,normal,0.594,-0.23922262561840468,0,0.005000000000000001,0.578,-0.1747137707098988,1,-0.011
N15_M07_F04_KI05_9,KI05,artificial,inner_race,N15_M07_F04,1500.14,none,6203_PU_2905,12000.0,14000.0,9.7619,normal,0.268,0.8622663396382463,1,-0.006999999999999999,0.844,-0.9370989337475321,2,0.014000000000000002
N15_M07_F04_KI07_1,KI07,artificial,inner_race,N15_M07_F04,1499.74,none,6203_PU_2905,12000.0,14000.0,9.4536,normal,0.274,0.9371002128505276,1,-0.006999999999999999,0.256,0.5950638389273627,2,0.016000000000000004
N15_M07_F04_KI07_10,KI07,artificial,inner_race,N15_M07_F04,1499.55,none,6203_PU_2905,10666.7,13333.3,7.2614,normal,0.432,0.2100956234300749,0,0.009999999999999998,0.206,0.9802712569438178,2,0.015000000000000003
N15_M07_F04_KI07_11,KI07,artificial,inner_race,N15_M07_F04,1499.52,none,6203_PU_2905,12000.0,14000.0,5.565,normal,0.206,1.693901531233994,1,-0.006999999999999999,0.166,1.8319643506423304,2,0.014000000000000002
N15_M07_F04_KI07_12,KI07,artificial,inner_race,N15_M07_F04,1499.52,none,6203_PU_2905,12000.0,14000.0,6.7266,normal,0.564,-0.10321293885262164,1,-0.008,0.278,0.8506754851555944,1,0.015000000000000003
N15_M07_F04_KI07_13,KI07,artificial,inner_race,N15_M07_F04,1499.54,none,6203_PU_2905,10666.7,13333.3,7.0393,normal,0.672,-0.38503103451288123,1,-0.006,0.08,1.7500171226246715,2,0.015000000000000003
N15_M07_F04_KI07_14,KI07,artificial,inner_race,N15_M07_F04,1499.46,none,6203_PU_2905,12000.0,13333.3,8.4303,normal,0.682,-0.21183705264365132,0,0.009999999999999998,0.616,-0.2000017343385057,1,0.015000000000000003
N15_M07_F04_KI07_15,KI07,artificial,inner_race,N15_M07_F04,1499.35,none,6203_PU_2905,10666.7,13333.3,9.5351,normal,0.264,1.91466167365829,2,-0.006999999999999999,0.464,0.18932999025442446,1,-0.006
N15_M07_F04_KI07_16,KI07,artificial,inner_race,N15_M07_F04,1499.33,none,6203_PU_2905,10666.7,13333.3,11.4082,normal,0.224,2.707667797227588,1,-0.006999999999999999,0.452,0.1945836782325615,2,0.016000000000000004
N15_M07_F04_KI07_17,KI07,artificial,inner_race,N15_M07_F04,1499.84,none,6203_PU_2905,10666.7,13333.3,6.4541,normal,0.552,-0.08421996896127225,0,0.009000000000000001,0.566,-0.15094622220193862,2,0.015000000000000003
N15_M07_F04_KI07_18,KI07,artificial,inner_race,N15_M07_F04,1499.88,none,6203_PU_2905,12000.0,14000.0,7.4079,normal,0.284,1.7716810933688851,0,0.009000000000000001,0.866,-0.8687679458616568,2,0.013000000000000001
N15_M07_F04_KI07_19,KI07,artificial,inner_race,N15_M07_F04,1499.34,none,6203_PU_2905,10666.7,13333.3,9.2774,normal,0.28,0.5504673866835151,2,0.009000000000000001,0.424,0.21773687085119203,3,0.013000000000000001
N15_M07_F04_KI07_2,KI07,artificial,inner_race,N15_M07_F04,1499.79,none,6203_PU_2905,12000.0,14000.0,9.1367,normal,0.234,1.9580383777251724,0,-0.008,0.894,-0.8153117063099982,1,0.012
N15_M07_F04_KI07_20,KI07,artificial,inner_race,N15_M07_F04,1499.47,none,6203_PU_2905,12000.0,14000.0,7.181,normal,0.148,0.9360073213833643,0,0.011,0.14,1.8471187571138266,2,0.015000000000000003
N15_M07_F04_KI07_3,KI07,artificial,inner_race,N15_M07_F04,1499.52,none,6203_PU_2905,12000.0,14000.0,9.6837,normal,0.588,-0.22062454314381,1,-0.006999999999999999,0.344,0.4041743008749495,2,0.015000000000000003
N15_M07_F04_KI07_4,KI07,artificial,inner_race,N15_M07_F04,1499.48,none,6203_PU_2905,12000.0,14000.0,7.8692,normal,0.274,0.8887993179615004,1,0.009000000000000001,0.32,0.6635859919928879,1,0.015000000000000003
N15_M07_F04_KI07_5,KI07,artificial,inner_race,N15_M07_F04,1499.6,none,6203_PU_2905,12000.0,14000.0,8.7542,normal,0.234,1.1312218884400358,1,-0.006,0.258,0.8141494091049888,2,0.015000000000000003
N15_M07_F04_KI07_6,KI07,artificial,inner_race,N15_M07_F04,1499.05,none,6203_PU_2905,10666.7,13333.3,7.0138,normal,0.19,1.5846139171303741,1,-0.006999999999999999,0.644,-0.22982067661050154,2,0.015000000000000003
N15_M07_F04_KI07_7,KI07,artificial,inner_race,N15_M07_F04,1499.6,none,6203_PU_2905,13333.3,14666.7,9.2735,normal,0.226,0.7009518358945963,0,0.009999999999999998,0.354,0.4293994423619555,1,-0.006
N15_M07_F04_KI07_8,KI07,artificial,inner_race,N15_M07_F04,1499.18,none,6203_PU_2905,10666.7,13333.3,6.3266,normal,0.336,1.4398803086573428,1,-0.006,0.164,1.208168574199041,2,0.016000000000000004
N15_M07_F04_KI07_9,KI07,artificial,inner_race,N15_M07_F04,1499.87,none,6203_PU_2905,10666.7,13333.3,9.5704,normal,0.21,3.733160529605602,2,-0.006,0.614,-0.31488364360138227,1,0.014000000000000002
N15_M07_F04_KI08_1,KI08,artificial,inner_race,N15_M07_F04,1499.6,none,6203_PU_2905,13333.3,14666.7,9.6647,normal,0.552,-0.01845137525920551,0,-0.008,0.448,0.14594352192569812,1,0.015000000000000003
N15_M07_F04_KI08_10,KI08,artificial,inner_race,N15_M07_F04,1499.52,none,6203_PU_2905,10666.7,13333.3,7.8934,normal,0.596,-0.22040400513294683,1,0.009000000000000001,0.846,-0.9268112488734671,1,-0.006
N15_M07_F04_KI08_11,KI08,artificial,inner_race,N15_M07_F04,1499.56,none,6203_PU_2905,10666.7,13333.3,5.5078,normal,0.778,-0.4933602048610993,0,-0.014,0.486,0.09661862140771399,1,0.015000000000000003
N15_M07_F04_KI08_12,KI08,artificial,inner_race,N15_M07_F04,1499.39,none,6203_PU_2905,10666.7,13333.3,7.8778,normal,0.254,0.9629873842520368,1,-0.006999999999999999,0.178,0.9184200559036902,1,0.015000000000000003
N15_M07_F04_KI08_13,KI08,artificial,inner_race,N15_M07_F04,1499.65,none,6203_PU_2905,10666.7,13333.3,7.9756,normal,0.258,0.9631006747325654,1,-0.006999999999999999,0.278,0.7668561812031396,1,0.013000000000000001
N15_M07_F04_KI08_14,KI08,artificial,inner_race,N15_M07_F04,1499.7,none,6203_PU_2905,12000.0,14000.0,7.1227,normal,0.538,-0.14937965792872687,0,0.009000000000000001,0.464,0.06790595513950187,1,0.015000000000000003
N15_M07_F04_KI08_15,KI08,artificial,inner_race,N15_M07_F04,1499.38,none,6203_PU_2905,12000.0,14000.0,5.6311,normal,0.276,0.5607879070431304,0,0.009000000000000001,0.154,1.238062135794191,3,0.016000000000000004
N15_M07_F04_KI08_16,KI08,artificial,inner_race,N15_M07_F04,1499.74,none,6203_PU_2905,12000.0,13333.3,6.706,normal,0.14,1.1525436399448301,1,-0.006999999999999999,0.674,-0.5019847576064254,0,-0.02
N15_M07_F04_KI08_17,KI08,artificial,inner_race,N15_M07_F04,1499.52,none,6203_PU_2905,10666.7,13333.3,8.9637,normal,0.518,-0.007442336035695888,1,-0.005000000000000001,0.214,0.8837318017488931,2,-0.006
N15_M07_F04_KI08_18,KI08,artificial,inner_race,N15_M07_F04,1499.47,none,6203_PU_2905,10666.7,13333.3,8.9424,inner_race,0.226,1.7100859189668538,1,0.009000000000000001,0.022,2.65932038682364,2,0.015000000000000003
N15_M07_F04_KI08_19,KI08,artificial,inner_race,N15_M07_F04,1499.68,none,6203_PU_2905,12000.0,14000.0,7.7817,normal,0.696,-0.4293506453558074,0,0.009000000000000001,0.116,1.1667495789193938,2,-0.006
N15_M07_F04_KI08_2,KI08,artificial,inner_race,N15_M07_F04,1499.63,none,6203_PU_2905,10666.7,13333.3,6.9366,normal,0.32,0.44231344831093966,1,-0.006999999999999999,0.22,1.059143218346231,3,0.015000000000000003
N15_M07_F04_KI08_20,KI08,artificial,inner_race,N15_M07_F04,1499.54,none,6203_PU_2905,10666.7,13333.3,8.49,normal,0.322,0.2907226587664068,1,-0.006999999999999999,0.28,0.5407995894754145,2,0.016000000000000004
N15_M07_F04_KI08_3,KI08,artificial,inner_race,N15_M07_F04,1499.65,none,6203_PU_2905,10666.7,13333.3,4.9338,normal,1.0,-1.813638443489767,0,-0.014,0.68,-0.3046468286175384,0,-0.011
N15_M07_F04_KI08_4,KI08,artificial,inner_race,N15_M07_F04,1499.89,none,6203_PU_2905,12000.0,14000.0,6.0722,normal,0.368,0.3936392497737334,1,-0.006999999999999999,0.314,0.6409130310052064,1,0.014000000000000002
N15_M07_F04_KI08_5,KI08,artificial,inner_race,N15_M07_F04,1499.65,none,6203_PU_2905,12000.0,14000.0,9.3143,normal,0.156,0.8619302907776005,1,-0.006,0.236,0.7223290848603089,1,0.014000000000000002
N15_M07_F04_KI08_6,KI08,artificial,inner_race,N15_M07_F04,1499.74,none,6203_PU_2905,12000.0,14000.0,7.0001,normal,0.33,0.8052343146325056,0,0.009999999999999998,0.162,1.190762624998927,1,0.014000000000000002
N15_M07_F04_KI08_7,KI08,artificial,inner_race,N15_M07_F04,1499.39,none,6203_PU_2905,12000.0,14000.0,5.9704,normal,0.324,0.48509547792667107,1,-0.006999999999999999,0.036,2.9151567332773505,4,0.015000000000000003
N15_M07_F04_KI08_8,KI08,artificial,inner_race,N15_M07_F04,1499.41,none,6203_PU_2905,12000.0,14000.0,6.2728,inner_race,0.216,0.43603390077228976,1,-0.006999999999999999,0.022,3.5153825638629934,3,0.015000000000000003
N15_M07_F04_KI08_9,KI08,artificial,inner_race,N15_M07_F04,1499.61,none,6203_PU_2905,10666.7,13333.3,9.3733,inner_race,0.786,-0.646710730786936,1,-0.006,0.022,2.26585822246846,3,-0.006
N15_M07_F04_KI14_1,KI14,real,inner_race,N15_M07_F04,1499.55,none,6203_PU_2905,12000.0,14000.0,6.097,normal,0.538,-0.12645815735712132,0,0.011,0.952,-1.6048206323293133,0,0.015000000000000003
N15_M07_F04_KI14_10,KI14,real,inner_race,N15_M07_F04,1499.67,none,6203_PU_2905,12000.0,14000.0,5.7985,normal,0.52,-0.0575351898319118,0,0.009000000000000001,0.762,-0.5373016387243871,0,-0.0010000000000000009
N15_M07_F04_KI14_11,KI14,real,inner_race,N15_M07_F04,1499.62,none,6203_PU_2905,12000.0,14000.0,5.5735,normal,0.882,-0.8437486029271231,0,0.016000000000000004,0.374,0.30973725497607757,1,-0.006
N15_M07_F04_KI14_12,KI14,real,inner_race,N15_M07_F04,1499.59,none,6203_PU_2905,12000.0,14000.0,6.0698,normal,0.59,-0.31464974297178805,0,0.008,0.674,-0.4851131919506941,2,-0.005000000000000001
N15_M07_F04_KI14_13,KI14,real,inner_race,N15_M07_F04,1499.46,none,6203_PU_2905,12000.0,14000.0,6.4918,normal,0.548,-0.027513584526825608,0,-0.006999999999999999,0.634,-0.25642946434387087,2,-0.006
N15_M07_F04_KI14_14,KI14,real,inner_race,N15_M07_F04,1499.59,none,6203_PU_2905,12000.0,14000.0,5.5455,normal,0.766,-0.7019547599301118,0,0.009999999999999998,0.99,-1.3319535365480322,1,-0.008
N15_M07_F04_KI14_15,KI14,real,inner_race,N15_M07_F04,1499.5,none,6203_PU_2905,12000.0,14000.0,6.3026,normal,0.556,-0.1442475616527499,0,-0.008,0.532,-0.09088260839463504,0,0.019
N15_M07_F04_KI14_16,KI14,real,inner_race,N15_M07_F04,1499.43,none,6203_PU_2905,13333.3,14666.7,5.5809,normal,0.186,1.3305613372426803,0,0.015000000000000003,0.592,-0.17650490940235414,1,-0.013000000000000001
N15_M07_F04_KI14_17,KI14,real,inner_race,N15_M07_F04,1499.59,none,6203_PU_2905,12000.0,14000.0,5.5119,normal,0.684,-0.6221935656459481,0,-0.009000000000000001,0.358,0.28232513586952906,0,0.014000000000000002
N15_M07_F04_KI14_18,KI14,real,inner_race,N15_M07_F04,1499.65,none,6203_PU_2905,12000.0,14000.0,6.0042,normal,0.964,-1.5313369680847018,0,-0.02,0.814,-0.696275987224324,0,0.0
N15_M07_F04_KI14_19,KI14,real,inner_race,N15_M07_F04,1499.59,none,6203_PU_2905,13333.3,14666.7,6.8624,normal,0.994,-1.8841051071503843,0,-0.013000000000000001,0.886,-0.9438340511843536,2,-0.006
N15_M07_F04_KI14_2,KI14,real,inner_race,N15_M07_F04,1499.58,none,6203_PU_2905,12000.0,14000.0,5.8974,normal,0.802,-0.6570552915191217,1,0.008,0.708,-0.4072163012149442,1,0.015000000000000003
N15_M07_F04_KI14_20,KI14,real,inner_race,N15_M07_F04,1499.47,none,6203_PU_2905,12000.0,14000.0,5.7758,normal,0.868,-1.270024898357735,0,0.015000000000000003,0.74,-0.6137793575631154,2,-0.006
N15_M07_F04_KI14_3,KI14,real,inner_race,N15_M07_F04,1499.49,none,6203_PU_2905,13333.3,14666.7,6.28,normal,0.62,-0.48278986996676615,0,0.008,0.424,0.2269161942298309,1,-0.005000000000000001
N15_M07_F04_KI14_4,KI14,real,inner_race,N15_M07_F04,1499.64,none,6203_PU_2905,13333.3,14666.7,5.9982,normal,0.58,-0.332381549037044,0,0.011,0.482,0.0954807085451778,0,0.0019999999999999983
N15_M07_F04_KI14_5,KI14,real,inner_race,N15_M07_F04,1499.56,none,6203_PU_2905,12000.0,14000.0,5.5941,normal,0.37,0.6044236432827939,0,0.016000000000000004,0.752,-0.7142575065680764,0,0.014000000000000002
N15_M07_F04_KI14_6,KI14,real,inner_race,N15_M07_F04,1499.66,none,6203_PU_2905,12000.0,14000.0,5.5384,normal,0.834,-0.845771437322979,0,-0.004,0.458,0.01913453701821654,0,-0.006999999999999999
N15_M07_F04_KI14_7,KI14,real,inner_race,N15_M07_F04,1499.46,none,6203_PU_2905,12000.0,14000.0,6.5983,normal,0.704,-0.6093342010113492,0,0.016999999999999998,0.828,-0.8921472783585461,0,-0.006999999999999999
N15_M07_F04_KI14_8,KI14,real,inner_race,N15_M07_F04,1499.51,none,6203_PU_2905,12000.0,14000.0,6.1771,normal,0.62,-0.5328000653158106,1,0.015000000000000003,0.802,-0.69740668948748,0,0.019
N15_M07_F04_KI14_9,KI14,real,inner_race,N15_M07_F04,1499.67,none,6203_PU_2905,12000.0,14000.0,5.9272,normal,0.612,-0.056187912772445524,0,0.011,0.53,-0.13564400554455636,1,-0.006
N15_M07_F04_KI16_1,KI16,real,inner_race,N15_M07_F04,1499.68,none,6203_PU_2855,0.0,2000.0,24.4297,outer_race,0.004,6.242450630937787,4,-0.02,0.002,2.6282468766040994,25,0.004
N15_M07_F04_KI16_10,KI16,real,inner_race,N15_M07_F04,1499.13,none,6203_PU_2855,0.0,2000.0,24.4411,outer_race,0.002,8.091499634598467,2,-0.02,0.002,3.2087666127905052,16,0.005000000000000001
N15_M07_F04_KI16_11,KI16,real,inner_race,N15_M07_F04,1500.21,none,6203_PU_2855,0.0,2000.0,23.8986,outer_race,0.002,6.971357843782304,5,-0.02,0.002,2.7829236318821278,25,0.002999999999999999
N15_M07_F04_KI16_12,KI16,real,inner_race,N15_M07_F04,1499.13,none,6203_PU_2855,0.0,2000.0,23.4919,outer_race,0.002,8.334639109205444,4,-0.02,0.002,2.658003288983705,25,0.004
N15_M07_F04_KI16_13,KI16,real,inner_race,N15_M07_F04,1499.48,none,6203_PU_2855,0.0,2000.0,23.9654,outer_race,0.002,13.009938422910578,5,-0.02,0.002,3.2080103091984205,25,0.004
N15_M07_F04_KI16_14,KI16,real,inner_race,N15_M07_F04,1499.33,none,6203_PU_2855,0.0,2000.0,23.9931,outer_race,0.002,7.265212797930981,5,-0.02,0.002,2.248543653039154,25,0.0019999999999999983
N15_M07_F04_KI16_15,KI16,real,inner_race,N15_M07_F04,1499.93,none,6203_PU_2855,0.0,2000.0,23.7937,outer_race,0.002,10.273720605563135,5,-0.02,0.002,3.145304403595641,25,0.008
N15_M07_F04_KI16_16,KI16,real,inner_race,N15_M07_F04,1499.63,none,6203_PU_2855,0.0,2000.0,23.3291,outer_race,0.004,8.16740071936888,4,-0.02,0.002,2.8651394771363803,25,0.002999999999999999
N15_M07_F04_KI16_17,KI16,real,inner_race,N15_M07_F04,1499.94,none,6203_PU_2855,0.0,2000.0,23.4551,inner_race,0.004,3.4991210395189283,0,-0.019,0.002,3.2700792063445707,11,0.004
N15_M07_F04_KI16_18,KI16,real,inner_race,N15_M07_F04,1499.9,none,6203_PU_2855,0.0,2000.0,22.881,outer_race,0.004,11.844091118407398,4,-0.02,0.002,2.858240864016644,25,0.002999999999999999
N15_M07_F04_KI16_19,KI16,real,inner_race,N15_M07_F04,1499.45,none,6203_PU_2855,0.0,2000.0,23.2056,outer_race,0.006,6.6568439866109035,4,-0.02,0.002,2.644941866812844,25,0.0019999999999999983
N15_M07_F04_KI16_2,KI16,real,inner_race,N15_M07_F04,1499.26,none,6203_PU_2855,0.0,2000.0,24.1554,outer_race,0.002,12.626742089861464,5,-0.02,0.002,2.649464116144545,25,0.002999999999999999
N15_M07_F04_KI16_20,KI16,real,inner_race,N15_M07_F04,1499.74,none,6203_PU_2855,0.0,2000.0,23.1129,outer_race,0.004,8.055885331551195,5,-0.02,0.002,2.3394523342228477,25,0.0019999999999999983
N15_M07_F04_KI16_3,KI16,real,inner_race,N15_M07_F04,1499.19,none,6203_PU_2855,0.0,2000.0,24.3541,outer_race,0.002,6.093744387962911,5,-0.02,0.002,2.7806203719298215,25,0.002999999999999999
N15_M07_F04_KI16_4,KI16,real,inner_race,N15_M07_F04,1499.54,none,6203_PU_2855,0.0,2000.0,24.488,outer_race,0.002,8.348177554643842,5,-0.02,0.002,2.4276437813105924,25,0.002999999999999999
N15_M07_F04_KI16_5,KI16,real,inner_race,N15_M07_F04,1499.78,none,6203_PU_2855,0.0,2000.0,24.8758,outer_race,0.002,8.227908766658437,5,-0.02,0.002,2.4321975740880664,25,0.002999999999999999
N15_M07_F04_KI16_6,KI16,real,inner_race,N15_M07_F04,1499.72,none,6203_PU_2855,0.0,2000.0,25.1399,outer_race,0.004,8.094539119286969,3,-0.02,0.002,2.8017723189299955,24,0.004
N15_M07_F04_KI16_7,KI16,real,inner_race,N15_M07_F04,1499.44,none,6203_PU_2855,0.0,2000.0,24.2311,outer_race,0.002,10.234603735314275,5,-0.02,0.002,2.3727080175673083,25,0.0019999999999999983
N15_M07_F04_KI16_8,KI16,real,inner_race,N15_M07_F04,1499.23,none,6203_PU_2855,0.0,2000.0,24.0786,outer_race,0.002,7.142688716545732,5,-0.02,0.002,2.5284481877254517,25,0.002999999999999999
N15_M07_F04_KI16_9,KI16,real,inner_race,N15_M07_F04,1499.53,none,6203_PU_2855,0.0,2000.0,23.8215,outer_race,0.002,5.747728742925264,5,-0.02,0.002,2.8308942888776025,25,0.002999999999999999
N15_M07_F04_KI17_1,KI17,real,inner_race,N15_M07_F04,1499.73,none,6203_PU_2905,8000.0,12000.0,13.137,normal,0.526,-0.047342182001355156,0,0.009000000000000001,0.534,-0.08646389384823781,0,0.006999999999999999
N15_M07_F04_KI17_10,KI17,real,inner_race,N15_M07_F04,1499.61,none,6203_PU_2905,8000.0,12000.0,30.5657,normal,0.44,0.23801694141045135,0,0.012,0.002,2.8882696294231254,0,0.0010000000000000009
N15_M07_F04_KI17_11,KI17,real,inner_race,N15_M07_F04,1498.92,none,6203_PU_2905,8000.0,12000.0,9.9913,normal,0.224,0.8414270739921188,0,0.0010000000000000009,0.136,0.9399231452710245,0,-0.0010000000000000009
N15_M07_F04_KI17_12,KI17,real,inner_race,N15_M07_F04,1499.04,none,6203_PU_2905,8000.0,12000.0,15.5376,normal,0.804,-0.6133065605412553,0,-0.008,0.112,1.5432720700207043,0,-0.0010000000000000009
N15_M07_F04_KI17_13,KI17,real,inner_race,N15_M07_F04,1499.6,none,6203_PU_2905,8000.0,12000.0,8.3266,normal,0.488,0.02083736102738381,0,-0.006,0.002,2.1617433775766757,0,0.0
N15_M07_F04_KI17_14,KI17,real,inner_race,N15_M07_F04,1500.62,none,6203_PU_2905,12000.0,14000.0,6.0998,normal,0.38,0.287775005753265,0,-0.013000000000000001,0.552,-0.16491519683988975,1,0.0
N15_M07_F04_KI17_15,KI17,real,inner_race,N15_M07_F04,1499.42,none,6203_PU_2905,8000.0,12000.0,8.128,normal,0.44,0.06580674258736245,0,0.009999999999999998,0.002,3.294053812188369,0,0.0
N15_M07_F04_KI17_16,KI17,real,inner_race,N15_M07_F04,1499.04,none,6203_PU_2905,8000.0,10666.7,8.1977,normal,0.9,-1.0277818191690935,0,-0.006,0.06,3.8475287986248663,0,0.0
N15_M07_F04_KI17_17,KI17,real,inner_race,N15_M07_F04,1499.71,none,6203_PU_2905,8000.0,12000.0,13.5426,normal,0.894,-1.3520836222311998,0,0.004,0.222,0.7641296018507401,0,0.0
N15_M07_F04_KI17_18,KI17,real,inner_race,N15_M07_F04,1499.54,none,6203_PU_2905,12000.0,14000.0,6.6341,normal,0.686,-0.7735715042848189,0,0.016999999999999998,0.258,0.8011056692125728,1,-0.013000000000000001
N15_M07_F04_KI17_19,KI17,real,inner_race,N15_M07_F04,1501.4,none,6203_PU_2905,12000.0,14000.0,5.4648,normal,0.16,0.8938995734015255,0,-0.008,0.938,-0.9001335543123961,0,0.015000000000000003
N15_M07_F04_KI17_2,KI17,real,inner_race,N15_M07_F04,1499.49,none,6203_PU_2905,8000.0,10666.7,37.5907,normal,0.024,1.2413776151175475,0,0.008,0.05,1.1909335819634532,0,0.02
N15_M07_F04_KI17_20,KI17,real,inner_race,N15_M07_F04,1499.9,none,6203_PU_2905,8000.0,12000.0,23.233,normal,0.928,-0.6344583392786736,0,0.009999999999999998,0.952,-1.2488721970329113,0,-0.017
N15_M07_F04_KI17_3,KI17,real,inner_race,N15_M07_F04,1499.82,none,6203_PU_2905,8000.0,12000.0,18.5671,normal,0.598,-0.1813843008245949,0,-0.02,0.028,1.4179622713877136,0,0.002999999999999999
N15_M07_F04_KI17_4,KI17,real,inner_race,N15_M07_F04,1499.57,none,6203_PU_2905,8000.0,12000.0,124.5525,normal,0.624,-0.26513166000238697,0,-0.02,0.588,-0.1957419943490979,0,0.016000000000000004
N15_M07_F04_KI17_5,KI17,real,inner_race,N15_M07_F04,1499.79,none,6203_PU_2905,8000.0,12000.0,17.0527,normal,0.07,1.3895566219870767,0,0.0,0.022,3.3806896712060794,0,-0.0019999999999999983
N15_M07_F04_KI17_6,KI17,real,inner_race,N15_M07_F04,1499.09,none,6203_PU_2905,8000.0,10666.7,32.2318,normal,0.854,-1.0985729951750345,0,0.004,0.558,-0.07828197777490778,0,0.0
N15_M07_F04_KI17_7,KI17,real,inner_race,N15_M07_F04,1499.42,none,6203_PU_2905,13333.3,14666.7,6.4565,normal,0.744,-0.8945331151541116,0,-0.02,0.784,-0.3665016597875749,1,-0.005000000000000001
N15_M07_F04_KI17_8,KI17,real,inner_race,N15_M07_F04,1499.57,none,6203_PU_2905,8000.0,10666.7,13.6596,normal,0.698,-0.3076331581403637,0,-0.008,0.07,1.9628769412298617,0,-0.002999999999999999
N15_M07_F04_KI17_9,KI17,real,inner_race,N15_M07_F04,1499.09,none,6203_PU_2905,12000.0,14000.0,5.6266,normal,0.574,-0.41230606824767996,0,0.015000000000000003,0.576,-0.13659535033908987,0,0.0019999999999999983
N15_M07_F04_KI18_1,KI18,real,inner_race,N15_M07_F04,1499.43,none,6203_PU_2905,0.0,1333.3,11.6414,inner_race,0.03,2.215775678686296,2,-0.015,0.002,3.1376492500762225,25,0.0010000000000000009
N15_M07_F04_KI18_10,KI18,real,inner_race,N15_M07_F04,1499.45,none,6203_PU_2905,0.0,1333.3,11.8604,outer_race,0.018,4.238621230265438,2,-0.018000000000000002,0.002,2.914661160330005,25,0.0010000000000000009
N15_M07_F04_KI18_11,KI18,real,inner_race,N15_M07_F04,1499.8,none,6203_PU_2905,0.0,1333.3,11.8246,outer_race,0.012,3.5875855000888004,3,-0.014,0.002,3.0635655969376394,25,0.0010000000000000009
N15_M07_F04_KI18_12,KI18,real,inner_race,N15_M07_F04,1499.5,none,6203_PU_2905,0.0,1333.3,11.5171,outer_race,0.018,8.456684667718601,2,-0.018000000000000002,0.002,2.5822006876019277,23,0.0019999999999999983
N15_M07_F04_KI18_13,KI18,real,inner_race,N15_M07_F04,1499.52,none,6203_PU_2905,0.0,1333.3,11.5044,inner_race,0.028,2.3583608517421277,2,-0.018000000000000002,0.002,2.6113117908405505,25,0.0010000000000000009
N15_M07_F04_KI18_14,KI18,real,inner_race,N15_M07_F04,1499.57,none,6203_PU_2905,0.0,1333.3,11.6587,inner_race,0.746,-0.534607662935642,0,-0.018000000000000002,0.002,3.5228145574716496,24,0.0010000000000000009
N15_M07_F04_KI18_15,KI18,real,inner_race,N15_M07_F04,1499.56,none,6203_PU_2905,0.0,1333.3,11.6927,inner_race,0.07,1.8643576622247642,1,-0.015,0.002,3.3639192585631728,24,0.0010000000000000009
N15_M07_F04_KI18_16,KI18,real,inner_race,N15_M07_F04,1499.66,none,6203_PU_2905,0.0,1333.3,11.6827,inner_race,0.018,3.5087218457842124,1,-0.015,0.002,3.343604376686819,24,0.0019999999999999983
N15_M07_F04_KI18_17,KI18,real,inner_race,N15_M07_F04,1499.67,none,6203_PU_2905,0.0,1333.3,11.5047,inner_race,0.028,5.169549081748186,1,-0.019,0.002,3.161088171521609,25,0.0010000000000000009
N15_M07_F04_KI18_18,KI18,real,inner_race,N15_M07_F04,1499.4,none,6203_PU_2905,0.0,1333.3,11.3697,outer_race,0.002,7.341338231453102,2,-0.018000000000000002,0.002,2.990115048911144,25,0.0019999999999999983
N15_M07_F04_KI18_19,KI18,real,inner_race,N15_M07_F04,1499.61,none,6203_PU_2905,0.0,1333.3,11.6853,inner_race,0.072,3.5077738204388855,3,-0.015,0.002,2.2705506249637,25,0.0010000000000000009
N15_M07_F04_KI18_2,KI18,real,inner_race,N15_M07_F04,1499.41,none,6203_PU_2905,0.0,1333.3,11.7387,inner_race,0.76,-0.8013969424557307,1,-0.02,0.002,3.86070644247621,21,0.0010000000000000009
N15_M07_F04_KI18_20,KI18,real,inner_race,N15_M07_F04,1499.63,none,6203_PU_2905,0.0,1333.3,11.687,inner_race,0.042,1.320540904860137,2,-0.015,0.002,2.4256600999767635,25,0.0010000000000000009
N15_M07_F04_KI18_3,KI18,real,inner_race,N15_M07_F04,1499.56,none,6203_PU_2905,0.0,1333.3,11.4942,inner_race,0.448,0.1389423015417193,0,-0.015,0.002,3.9048085027690775,25,0.0010000000000000009
N15_M07_F04_KI18_4,KI18,real,inner_race,N15_M07_F04,1499.75,none,6203_PU_2905,0.0,1333.3,11.7945,inner_race,0.02,2.1777529680229737,2,-0.014,0.002,2.6963278511217346,25,0.0010000000000000009
N15_M07_F04_KI18_5,KI18,real,inner_race,N15_M07_F04,1499.89,none,6203_PU_2905,0.0,1333.3,11.9223,inner_race,0.09,1.8133989804339299,2,-0.015,0.002,2.3962839192915033,25,0.0010000000000000009
N15_M07_F04_KI18_6,KI18,real,inner_race,N15_M07_F04,1499.73,none,6203_PU_2905,0.0,1333.3,11.7656,inner_race,0.718,-0.7319942433847039,1,-0.02,0.002,2.999776895653044,25,0.0010000000000000009
N15_M07_F04_KI18_7,KI18,real,inner_race,N15_M07_F04,1499.68,none,6203_PU_2905,0.0,1333.3,11.7577,inner_race,0.03,3.277421809443254,3,-0.014,0.002,2.331633228507428,25,0.0010000000000000009
N15_M07_F04_KI18_8,KI18,real,inner_race,N15_M07_F04,1499.65,none,6203_PU_2905,0.0,1333.3,11.3896,outer_race,0.02,4.119887655103184,3,-0.018000000000000002,0.006,2.2178716417881943,22,0.0010000000000000009
N15_M07_F04_KI18_9,KI18,real,inner_race,N15_M07_F04,1499.45,none,6203_PU_2905,0.0,1333.3,11.3815,inner_race,0.026,4.337378453237323,2,-0.018000000000000002,0.002,3.205652530540687,25,0.0010000000000000009
N15_M07_F04_KI21_1,KI21,real,inner_race,N15_M07_F04,1499.6,none,6203_PU_2855,12000.0,14000.0,3.6522,normal,0.768,-0.5998371689938486,0,0.006000000000000002,0.922,-1.293187140001095,1,-0.01
N15_M07_F04_KI21_10,KI21,real,inner_race,N15_M07_F04,1499.64,none,6203_PU_2855,12000.0,14000.0,4.4801,normal,0.492,0.04710911365626531,0,-0.012,0.724,-0.6461806014093227,1,0.015000000000000003
N15_M07_F04_KI21_11,KI21,real,inner_race,N15_M07_F04,1499.66,none,6203_PU_2855,10666.7,13333.3,2.7305,normal,0.824,-0.7359627313135314,0,0.016000000000000004,0.584,-0.17421143167190103,0,-0.012
N15_M07_F04_KI21_12,KI21,real,inner_race,N15_M07_F04,1499.46,none,6203_PU_2855,12000.0,14000.0,3.1173,normal,0.56,-0.05726741419332974,1,0.014000000000000002,0.796,-0.6332240113539225,1,0.015000000000000003
N15_M07_F04_KI21_13,KI21,real,inner_race,N15_M07_F04,1499.75,none,6203_PU_2855,12000.0,14000.0,3.2703,normal,0.548,-0.030442747341675493,0,0.014000000000000002,0.688,-0.38598794008133586,2,-0.016
N15_M07_F04_KI21_14,KI21,real,inner_race,N15_M07_F04,1499.08,none,6203_PU_2855,12000.0,14000.0,3.8592,normal,0.63,-0.4094512745077309,0,0.0,0.678,-0.42569512472803406,0,0.015000000000000003
N15_M07_F04_KI21_15,KI21,real,inner_race,N15_M07_F04,1498.79,none,6203_PU_2855,12000.0,14000.0,3.1386,normal,0.576,-0.20856653918399637,0,0.011,0.142,1.9028274456559555,1,-0.009000000000000001
N15_M07_F04_KI21_16,KI21,real,inner_race,N15_M07_F04,1499.47,none,6203_PU_2855,12000.0,14000.0,4.0139,normal,0.88,-0.7491811597553991,0,-0.018000000000000002,0.944,-1.4895253385447689,0,0.011
N15_M07_F04_KI21_17,KI21,real,inner_race,N15_M07_F04,1499.7,none,6203_PU_2855,12000.0,14000.0,3.0536,normal,0.524,-0.04915682796369406,1,0.016000000000000004,0.442,0.1568529570451945,1,-0.009000000000000001
N15_M07_F04_KI21_18,KI21,real,inner_race,N15_M07_F04,1499.79,none,6203_PU_2855,12000.0,14000.0,3.1839,normal,0.482,0.08121985067078501,0,-0.018000000000000002,0.214,1.1324342595566868,1,0.011
N15_M07_F04_KI21_19,KI21,real,inner_race,N15_M07_F04,1499.71,none,6203_PU_2855,12000.0,14000.0,4.2923,normal,0.484,0.03931234674802702,0,-0.02,0.826,-0.9166180447055,1,0.015000000000000003
N15_M07_F04_KI21_2,KI21,real,inner_race,N15_M07_F04,1499.77,none,6203_PU_2855,12000.0,14000.0,3.8497,normal,0.594,-0.40494096429146664,0,-0.012,0.882,-0.9563279494823027,0,0.0010000000000000009
N15_M07_F04_KI21_20,KI21,real,inner_race,N15_M07_F04,1499.6,none,6203_PU_2855,12000.0,14000.0,3.2341,normal,0.91,-1.9531511058562028,0,-0.0010000000000000009,0.364,0.24385501026878648,1,-0.01
N15_M07_F04_KI21_3,KI21,real,inner_race,N15_M07_F04,1499.65,none,6203_PU_2855,12000.0,14000.0,3.1615,normal,0.442,0.1477013809764793,1,0.014000000000000002,0.9,-0.9189396062457205,0,0.008
N15_M07_F04_KI21_4,KI21,real,inner_race,N15_M07_F04,1499.64,none,6203_PU_2855,12000.0,14000.0,3.682,normal,0.492,0.07078971923079679,0,-0.006999999999999999,0.726,-0.47729555963392406,1,-0.009000000000000001
N15_M07_F04_KI21_5,KI21,real,inner_race,N15_M07_F04,1499.53,none,6203_PU_2855,12000.0,14000.0,4.0863,normal,0.502,-0.00026000537885861457,0,-0.018000000000000002,0.29,0.8513508854972197,2,-0.009000000000000001
N15_M07_F04_KI21_6,KI21,real,inner_race,N15_M07_F04,1499.54,none,6203_PU_2855,12000.0,14000.0,4.1985,normal,0.448,0.3054424529479901,0,0.014000000000000002,0.408,0.23125371847649714,1,-0.009000000000000001
N15_M07_F04_KI21_7,KI21,real,inner_race,N15_M07_F04,1499.81,none,6203_PU_2855,12000.0,14000.0,3.8658,normal,0.536,-0.24644366579070126,0,0.016999999999999998,0.424,0.2867406092095563,2,-0.016
N15_M07_F04_KI21_8,KI21,real,inner_race,N15_M07_F04,1499.74,none,6203_PU_2855,12000.0,14000.0,3.6477,normal,0.366,0.53059917129048,0,-0.014,0.614,-0.34874976532388396,1,-0.009000000000000001
N15_M07_F04_KI21_9,KI21,real,inner_race,N15_M07_F04,1499.72,none,6203_PU_2855,12000.0,14000.0,3.3505,normal,0.788,-0.4851504405865921,1,0.016000000000000004,0.984,-1.1392158618724977,1,-0.01
N15_M07_F10_K001_1,K001,none,normal,N15_M07_F10,1499.59,none,6203_PU_2905,12000.0,14000.0,3.5465,normal,0.836,-1.1144118077677625,1,-0.008,0.278,0.6345735234664281,0,0.02
N15_M07_F10_K001_10,K001,none,normal,N15_M07_F10,1499.59,none,6203_PU_2905,12000.0,14000.0,4.1033,normal,0.514,-0.08355702791168138,1,-0.005000000000000001,0.068,1.8950162646888054,1,0.015000000000000003
N15_M07_F10_K001_11,K001,none,normal,N15_M07_F10,1499.55,none,6203_PU_2905,10666.7,13333.3,3.787,normal,0.83,-1.008562918952747,1,-0.006999999999999999,0.048,3.0456657618513034,2,0.014000000000000002
N15_M07_F10_K001_12,K001,none,normal,N15_M07_F10,1499.59,none,6203_PU_2905,10666.7,13333.3,3.8874,normal,0.294,1.5347933147184725,2,-0.006999999999999999,0.75,-0.6409801137388603,0,0.02
N15_M07_F10_K001_13,K001,none,normal,N15_M07_F10,1499.6,none,6203_PU_2905,10666.7,13333.3,4.0728,normal,0.174,1.6563456234677403,1,-0.006999999999999999,0.274,0.9568336549628225,1,0.019
N15_M07_F10_K001_14,K001,none,normal,N15_M07_F10,1499.55,none,6203_PU_2905,10666.7,13333.3,3.664,normal,0.196,0.6696465044235098,1,-0.006,0.586,-0.17911690141528627,0,-0.011
N15_M07_F10_K001_15,K001,none,normal,N15_M07_F10,1499.58,none,6203_PU_2905,10666.7,13333.3,4.2187,normal,0.298,0.329466397875725,1,-0.006999999999999999,0.116,1.5600802938921794,3,0.014000000000000002
N15_M07_F10_K001_16,K001,none,normal,N15_M07_F10,1499.56,none,6203_PU_2905,10666.7,13333.3,3.6061,normal,0.476,0.02235502831005806,1,-0.006999999999999999,0.39,0.36523922766657035,2,0.015000000000000003
N15_M07_F10_K001_17,K001,none,normal,N15_M07_F10,1499.63,none,6203_PU_2905,12000.0,14000.0,3.7453,normal,0.356,0.39395935385032865,1,-0.006999999999999999,0.132,1.0828181604460232,2,0.014000000000000002
N15_M07_F10_K001_18,K001,none,normal,N15_M07_F10,1499.61,none,6203_PU_2905,10666.7,13333.3,4.2018,normal,0.098,1.3551950229505536,1,-0.006,0.434,0.11851269588301407,3,0.013000000000000001
N15_M07_F10_K001_19,K001,none,normal,N15_M07_F10,1499.62,none,6203_PU_2905,10666.7,12000.0,3.8704,normal,0.302,0.2034916846686791,1,-0.008,0.198,1.160158643558381,1,0.014000000000000002
N15_M07_F10_K001_2,K001,none,normal,N15_M07_F10,1499.61,none,6203_PU_2905,12000.0,14000.0,3.6868,normal,0.264,0.6343917425560724,1,-0.005000000000000001,0.218,0.8210616821395679,2,0.013000000000000001
N15_M07_F10_K001_20,K001,none,normal,N15_M07_F10,1499.61,none,6203_PU_2905,10666.7,12000.0,3.3344,normal,0.32,0.580310679802256,1,-0.006999999999999999,0.048,2.7507297522231524,3,0.014000000000000002
N15_M07_F10_K001_3,K001,none,normal,N15_M07_F10,1499.63,none,6203_PU_2905,10666.7,13333.3,4.3688,normal,0.202,0.6930087929816914,1,-0.006999999999999999,0.102,1.5100083190656444,3,0.014000000000000002
N15_M07_F10_K001_4,K001,none,normal,N15_M07_F10,1499.62,none,6203_PU_2905,12000.0,14000.0,3.5677,normal,0.65,-0.6589532875941055,0,0.015000000000000003,0.144,1.1805150445169033,3,0.013000000000000001
N15_M07_F10_K001_5,K001,none,normal,N15_M07_F10,1499.62,none,6203_PU_2905,10666.7,13333.3,3.6945,normal,0.55,-0.21639930444277006,1,-0.006999999999999999,0.746,-0.6142096671247539,3,0.013000000000000001
N15_M07_F10_K001_6,K001,none,normal,N15_M07_F10,1499.63,none,6203_PU_2905,10666.7,13333.3,3.7368,normal,0.876,-0.8843767414748986,1,-0.008,0.052,1.6386423935513126,2,0.014000000000000002
N15_M07_F10_K001_7,K001,none,normal,N15_M07_F10,1499.56,none,6203_PU_2905,10666.7,13333.3,3.6715,normal,0.398,0.3042965437927847,1,-0.006,0.094,1.168324541645855,2,0.014000000000000002
N15_M07_F10_K001_8,K001,none,normal,N15_M07_F10,1499.56,none,6203_PU_2905,10666.7,13333.3,3.7568,normal,0.674,-0.6286345937271476,1,-0.006,0.092,1.1232161577661557,3,0.016000000000000004
N15_M07_F10_K001_9,K001,none,normal,N15_M07_F10,1499.62,none,6203_PU_2905,10666.7,13333.3,3.4988,normal,0.426,0.1409849099027211,1,-0.005000000000000001,0.048,1.84278075369149,2,0.014000000000000002
N15_M07_F10_K002_1,K002,none,normal,N15_M07_F10,1499.67,none,6203_PU_2905,10666.7,13333.3,8.4611,normal,0.302,0.49760626149749615,1,0.011,0.336,0.4077492407508792,2,0.016000000000000004
N15_M07_F10_K002_10,K002,none,normal,N15_M07_F10,1499.31,none,6203_PU_2905,10666.7,13333.3,7.1675,normal,0.544,-0.21541841961537891,1,-0.006999999999999999,0.584,-0.25838842864436534,1,-0.005000000000000001
N15_M07_F10_K002_11,K002,none,normal,N15_M07_F10,1499.5,none,6203_PU_2905,10666.7,13333.3,8.0006,normal,0.732,-0.6812695521747354,1,-0.006999999999999999,0.39,0.3310722685797204,2,0.016000000000000004
N15_M07_F10_K002_12,K002,none,normal,N15_M07_F10,1499.2,none,6203_PU_2905,10666.7,13333.3,6.8441,normal,0.566,-0.16872229320443255,1,0.009999999999999998,0.57,-0.2008461453464487,2,-0.011
N15_M07_F10_K002_13,K002,none,normal,N15_M07_F10,1500.1,none,6203_PU_2905,10666.7,13333.3,7.9205,normal,0.346,0.7254568341361217,1,0.009999999999999998,0.878,-0.7254687709743094,1,0.002999999999999999
N15_M07_F10_K002_14,K002,none,normal,N15_M07_F10,1499.4,none,6203_PU_2905,10666.7,13333.3,11.3418,normal,0.41,0.12944405566077663,1,-0.005000000000000001,0.13,1.3496668951481485,3,0.016000000000000004
N15_M07_F10_K002_15,K002,none,normal,N15_M07_F10,1499.93,none,6203_PU_2905,12000.0,14000.0,11.7808,normal,0.402,0.3600801480636233,2,-0.006,0.65,-0.4052491152668958,1,-0.011
N15_M07_F10_K002_16,K002,none,normal,N15_M07_F10,1499.55,none,6203_PU_2905,12000.0,13333.3,10.5734,normal,0.48,0.014244075323147731,0,-0.005000000000000001,0.722,-0.44573149831058656,0,0.002999999999999999
N15_M07_F10_K002_17,K002,none,normal,N15_M07_F10,1499.64,none,6203_PU_2905,10666.7,13333.3,10.6118,normal,0.72,-0.5594515520596018,1,0.011,0.82,-0.7698023507763139,2,0.016000000000000004
N15_M07_F10_K002_18,K002,none,normal,N15_M07_F10,1499.83,none,6203_PU_2905,10666.7,13333.3,11.5897,normal,0.716,-0.6674966192374582,1,-0.006,0.16,1.82388748623743,1,0.009999999999999998
N15_M07_F10_K002_19,K002,none,normal,N15_M07_F10,1499.43,none,6203_PU_2905,12000.0,14000.0,8.6809,normal,0.906,-0.8928833508243615,1,-0.004,0.704,-0.47914988356120924,1,0.004
N15_M07_F10_K002_2,K002,none,normal,N15_M07_F10,1499.65,none,6203_PU_2905,10666.7,13333.3,9.5685,normal,0.806,-0.6409760922906212,2,-0.006,0.592,-0.29930793511518766,3,0.014000000000000002
N15_M07_F10_K002_20,K002,none,normal,N15_M07_F10,1499.87,none,6203_PU_2905,10666.7,13333.3,7.7583,normal,0.924,-0.8625882534101097,0,0.008,0.406,0.19684472302664596,1,0.014000000000000002
N15_M07_F10_K002_3,K002,none,normal,N15_M07_F10,1499.6,none,6203_PU_2905,10666.7,13333.3,8.3943,normal,0.682,-0.4091346261679554,1,-0.006,0.352,0.3817703862097338,0,0.02
N15_M07_F10_K002_4,K002,none,normal,N15_M07_F10,1499.63,none,6203_PU_2905,10666.7,13333.3,9.0266,normal,0.484,0.12542055920485606,2,-0.006999999999999999,0.614,-0.22274630812031945,2,0.016000000000000004
N15_M07_F10_K002_5,K002,none,normal,N15_M07_F10,1499.84,none,6203_PU_2905,10666.7,13333.3,14.923,normal,0.732,-0.5517573884251872,2,-0.006,0.266,0.8778643858719528,1,-0.004
N15_M07_F10_K002_6,K002,none,normal,N15_M07_F10,1499.85,none,6203_PU_2905,12000.0,14000.0,8.7961,normal,0.282,0.501369708371015,2,-0.006,0.518,-0.07332718829023542,2,-0.01
N15_M07_F10_K002_7,K002,none,normal,N15_M07_F10,1499.83,none,6203_PU_2905,10666.7,13333.3,8.4933,normal,0.544,-0.5480291722352836,1,-0.005000000000000001,0.36,0.5309195915737267,1,0.002999999999999999
N15_M07_F10_K002_8,K002,none,normal,N15_M07_F10,1499.55,none,6203_PU_2905,12000.0,14000.0,8.4344,normal,0.358,0.9216673094886226,1,-0.008,0.59,-0.1749820089582144,2,0.012
N15_M07_F10_K002_9,K002,none,normal,N15_M07_F10,1499.63,none,6203_PU_2905,10666.7,13333.3,7.5266,normal,0.97,-1.1611235119844123,1,-0.006999999999999999,0.554,-0.08926767908474895,1,0.014000000000000002
N15_M07_F10_K003_1,K003,none,normal,N15_M07_F10,1499.61,none,6203_PU_2905,10666.7,13333.3,3.8009,normal,0.216,1.4059931814284385,2,-0.005000000000000001,0.1,1.3055988716513347,3,0.014000000000000002
N15_M07_F10_K003_10,K003,none,normal,N15_M07_F10,1499.56,none,6203_PU_2905,10666.7,13333.3,3.9876,inner_race,0.31,0.7282209545466709,1,-0.006,0.016,2.3056426038905142,2,0.014000000000000002
N15_M07_F10_K003_11,K003,none,normal,N15_M07_F10,1499.58,none,6203_PU_2905,8000.0,12000.0,3.434,inner_race,0.796,-0.8586004837535703,0,0.011,0.022,2.3911258840299427,4,0.014000000000000002
N15_M07_F10_K003_12,K003,none,normal,N15_M07_F10,1499.55,none,6203_PU_2905,8000.0,12000.0,3.2255,normal,0.414,0.1825531308426973,1,-0.005000000000000001,0.12,1.0356628295727737,1,0.014000000000000002
N15_M07_F10_K003_13,K003,none,normal,N15_M07_F10,1499.6,none,6203_PU_2905,10666.7,13333.3,3.8117,normal,0.146,1.461215577104616,1,-0.006,0.962,-1.3789243746170516,1,0.019
N15_M07_F10_K003_14,K003,none,normal,N15_M07_F10,1499.58,none,6203_PU_2905,8000.0,9333.3,3.7999,normal,0.148,1.3471009399154736,1,-0.006,0.154,0.9952456002446088,2,0.016000000000000004
N15_M07_F10_K003_15,K003,none,normal,N15_M07_F10,1499.6,none,6203_PU_2905,8000.0,10000.0,3.9773,inner_race,0.12,2.117584204988598,1,-0.006,0.016,2.094325530300698,2,0.015000000000000003
N15_M07_F10_K003_16,K003,none,normal,N15_M07_F10,1499.58,none,6203_PU_2905,10666.7,13333.3,3.5613,normal,0.39,0.31418617137275523,1,-0.006,0.166,1.2211848501280753,2,0.013000000000000001
N15_M07_F10_K003_17,K003,none,normal,N15_M07_F10,1499.58,none,6203_PU_2905,8000.0,12000.0,3.336,normal,0.676,-0.5227363015831958,1,-0.006,0.064,1.7450273144817408,3,0.014000000000000002
N15_M07_F10_K003_18,K003,none,normal,N15_M07_F10,1499.53,none,6203_PU_2905,8000.0,12000.0,3.6814,normal,0.174,2.1238337587064686,1,-0.006999999999999999,0.298,0.5875833102928341,2,0.019
N15_M07_F10_K003_19,K003,none,normal,N15_M07_F10,1499.58,none,6203_PU_2905,10666.7,13333.3,3.7789,normal,0.886,-1.9324131668054398,1,-0.004,0.74,-0.7277970699566693,1,-0.0019999999999999983
N15_M07_F10_K003_2,K003,none,normal,N15_M07_F10,1499.56,none,6203_PU_2905,10000.0,12000.0,3.9911,normal,0.162,1.2036180251983517,2,-0.006999999999999999,0.026,1.4787925348378193,3,0.016000000000000004
N15_M07_F10_K003_20,K003,none,normal,N15_M07_F10,1499.54,none,6203_PU_2905,8000.0,10666.7,3.8268,normal,0.328,0.46955731516925786,1,-0.006999999999999999,0.044,3.0359490662332487,3,0.014000000000000002
N15_M07_F10_K003_3,K003,none,normal,N15_M07_F10,1499.59,none,6203_PU_2905,10666.7,13333.3,4.5161,normal,0.54,-0.044753467912588475,0,0.011,0.548,-0.19033573824273425,3,0.016000000000000004
N15_M07_F10_K003_4,K003,none,normal,N15_M07_F10,1499.58,none,6203_PU_2905,10000.0,12000.0,3.6854,normal,0.242,0.3229877026119247,1,-0.006999999999999999,0.71,-0.5018834281502723,2,0.015000000000000003
N15_M07_F10_K003_5,K003,none,normal,N15_M07_F10,1499.57,none,6203_PU_2905,10666.7,13333.3,3.9102,normal,0.162,1.202589090583508,2,-0.006999999999999999,0.048,1.9475535899413046,3,0.015000000000000003
N15_M07_F10_K003_6,K003,none,normal,N15_M07_F10,1499.56,none,6203_PU_2905,8000.0,12000.0,3.522,normal,0.462,0.028348068979407587,1,0.016000000000000004,0.506,-0.011075034383533277,2,0.014000000000000002
N15_M07_F10_K003_7,K003,none,normal,N15_M07_F10,1499.63,none,6203_PU_2905,8000.0,12000.0,3.9059,normal,0.86,-0.6379647504387509,1,-0.006999999999999999,0.074,1.3702225029517623,2,0.014000000000000002
N15_M07_F10_K003_8,K003,none,normal,N15_M07_F10,1499.62,none,6203_PU_2905,12000.0,14000.0,3.3308,normal,0.656,-0.3701349109778304,0,0.006999999999999999,0.208,0.740397017473373,1,0.013000000000000001
N15_M07_F10_K003_9,K003,none,normal,N15_M07_F10,1499.62,none,6203_PU_2905,10666.7,13333.3,3.6061,normal,0.396,0.24683035702321557,1,-0.006,0.214,1.276326130132421,3,0.014000000000000002
N15_M07_F10_K004_1,K004,none,normal,N15_M07_F10,1500.95,none,6203_PU_2905,12000.0,14000.0,3.3626,normal,0.414,0.4281644681350027,0,-0.005000000000000001,0.1,1.7611037346982212,2,0.014000000000000002
N15_M07_F10_K004_10,K004,none,normal,N15_M07_F10,1499.56,none,6203_PU_2905,13333.3,14666.7,3.8752,normal,0.406,0.8512900657326321,0,-0.006,0.624,-0.2973977858046396,2,0.014000000000000002
N15_M07_F10_K004_11,K004,none,normal,N15_M07_F10,1499.54,none,6203_PU_2905,13333.3,14666.7,3.023,normal,0.604,-0.33927704445103274,0,-0.008,0.872,-0.887379268808836,1,0.015000000000000003
N15_M07_F10_K004_12,K004,none,normal,N15_M07_F10,1499.55,none,6203_PU_2905,13333.3,14666.7,3.0966,normal,0.172,1.7684640980680388,0,-0.006999999999999999,0.322,0.3744114841181636,2,0.014000000000000002
N15_M07_F10_K004_13,K004,none,normal,N15_M07_F10,1499.63,none,6203_PU_2905,12000.0,14000.0,3.0167,normal,0.224,1.1167919248161182,0,0.009000000000000001,0.312,0.44595914201419734,2,0.015000000000000003
N15_M07_F10_K004_14,K004,none,normal,N15_M07_F10,1499.61,none,6203_PU_2905,12000.0,14000.0,3.3667,normal,0.202,1.3196397848140593,0,-0.009000000000000001,0.122,1.1742392512108415,2,0.014000000000000002
N15_M07_F10_K004_15,K004,none,normal,N15_M07_F10,1499.63,none,6203_PU_2905,10666.7,13333.3,3.1905,normal,0.334,0.17207740629912496,1,-0.008,0.098,1.1975628720553557,3,0.013000000000000001
N15_M07_F10_K004_16,K004,none,normal,N15_M07_F10,1499.56,none,6203_PU_2905,13333.3,14666.7,3.0612,normal,0.64,-0.47206830893931206,0,-0.008,0.584,-0.18719728480023656,1,0.015000000000000003
N15_M07_F10_K004_17,K004,none,normal,N15_M07_F10,1499.59,none,6203_PU_2905,13333.3,14666.7,2.8444,normal,0.116,2.968510149348082,0,0.009000000000000001,0.414,0.21730611224183216,0,-0.006
N15_M07_F10_K004_18,K004,none,normal,N15_M07_F10,1499.63,none,6203_PU_2905,12000.0,14000.0,3.5997,normal,0.164,1.1580252038176788,0,-0.006,0.446,0.163106800881092,1,-0.006
N15_M07_F10_K004_19,K004,none,normal,N15_M07_F10,1499.62,none,6203_PU_2905,13333.3,14666.7,3.2679,normal,0.244,1.004198454882918,0,-0.008,0.532,-0.13498990187075874,0,-0.013000000000000001
N15_M07_F10_K004_2,K004,none,normal,N15_M07_F10,1499.58,none,6203_PU_2905,13333.3,14666.7,3.7036,normal,0.616,-0.19371246468964803,0,0.008,0.764,-0.7680299744320616,2,0.013000000000000001
N15_M07_F10_K004_20,K004,none,normal,N15_M07_F10,1499.57,none,6203_PU_2905,12000.0,14000.0,2.7076,normal,0.252,0.5291710668554211,0,0.008,0.714,-0.6039652978282991,1,0.014000000000000002
N15_M07_F10_K004_3,K004,none,normal,N15_M07_F10,1499.55,none,6203_PU_2905,13333.3,14666.7,2.9168,normal,0.958,-1.5302666738590818,0,0.016000000000000004,0.724,-0.582241651295901,2,0.015000000000000003
N15_M07_F10_K004_4,K004,none,normal,N15_M07_F10,1499.63,none,6203_PU_2905,13333.3,14666.7,2.9372,normal,0.582,-0.19180495300211337,0,-0.006,0.3,0.4937233420497148,1,0.013000000000000001
N15_M07_F10_K004_5,K004,none,normal,N15_M07_F10,1499.58,none,6203_PU_2905,12000.0,14000.0,3.0649,normal,0.394,0.34619020820468727,0,-0.008,0.06,2.0134220513205645,1,0.014000000000000002
N15_M07_F10_K004_6,K004,none,normal,N15_M07_F10,1499.53,none,6203_PU_2905,12000.0,14000.0,2.9441,normal,0.732,-0.5945282004926431,0,-0.004,0.24,0.8283487654883673,1,0.014000000000000002
N15_M07_F10_K004_7,K004,none,normal,N15_M07_F10,1499.63,none,6203_PU_2905,13333.3,14666.7,3.4633,normal,0.55,-0.13151800807084296,1,-0.006999999999999999,0.112,1.4428371382751382,2,0.015000000000000003
N15_M07_F10_K004_8,K004,none,normal,N15_M07_F10,1499.56,none,6203_PU_2905,13333.3,14666.7,3.2679,normal,0.498,0.012720049924180753,0,-0.006,0.822,-0.9208595080609034,0,0.009999999999999998
N15_M07_F10_K004_9,K004,none,normal,N15_M07_F10,1499.52,none,6203_PU_2905,12000.0,14000.0,3.1661,normal,0.214,1.5644138954350424,1,-0.006,0.848,-0.8639855492365829,2,0.014000000000000002
N15_M07_F10_K005_1,K005,none,normal,N15_M07_F10,1499.62,none,6203_PU_2905,12000.0,14000.0,2.9439,normal,0.54,-0.039239675938348755,0,0.006999999999999999,0.37,0.4899213297120092,0,-0.012
N15_M07_F10_K005_10,K005,none,normal,N15_M07_F10,1499.63,none,6203_PU_2905,10666.7,13333.3,3.2466,normal,0.16,0.8626444561351121,1,-0.006999999999999999,0.392,0.3143420887996784,1,-0.006
N15_M07_F10_K005_11,K005,none,normal,N15_M07_F10,1499.57,none,6203_PU_2905,10666.7,13333.3,2.8667,normal,0.256,1.2925030334459149,1,-0.006999999999999999,0.93,-1.2457337498698975,2,0.014000000000000002
N15_M07_F10_K005_12,K005,none,normal,N15_M07_F10,1499.65,none,6203_PU_2905,10666.7,13333.3,3.2816,normal,0.254,0.7984016514535458,1,-0.006,0.568,-0.12862470413380125,2,0.014000000000000002
N15_M07_F10_K005_13,K005,none,normal,N15_M07_F10,1499.55,none,6203_PU_2905,10666.7,13333.3,3.1898,normal,0.302,0.908735398922574,0,-0.006999999999999999,0.588,-0.16361575994364153,2,-0.006
N15_M07_F10_K005_14,K005,none,normal,N15_M07_F10,1499.65,none,6203_PU_2905,12000.0,14000.0,3.1424,normal,0.374,0.1556928101995985,0,-0.006,0.276,0.7051054409413958,1,0.014000000000000002
N15_M07_F10_K005_15,K005,none,normal,N15_M07_F10,1499.59,none,6203_PU_2905,12000.0,14000.0,2.9694,normal,0.254,1.5556264777171231,0,-0.006999999999999999,0.046,1.7616538188107103,1,0.016000000000000004
N15_M07_F10_K005_16,K005,none,normal,N15_M07_F10,1499.53,none,6203_PU_2905,10666.7,13333.3,2.9642,normal,0.158,1.9718219252436515,1,-0.005000000000000001,0.608,-0.26847053452228176,1,0.015000000000000003
N15_M07_F10_K005_17,K005,none,normal,N15_M07_F10,1499.58,none,6203_PU_2905,10666.7,13333.3,2.9171,normal,0.444,0.18821301205063018,1,-0.006999999999999999,0.438,0.17866259760502884,1,0.019
N15_M07_F10_K005_18,K005,none,normal,N15_M07_F10,1499.62,none,6203_PU_2905,10666.7,13333.3,3.279,normal,0.51,-0.0028551716728532042,1,-0.006,0.652,-0.28271059246034563,1,0.014000000000000002
N15_M07_F10_K005_19,K005,none,normal,N15_M07_F10,1499.54,none,6203_PU_2905,10666.7,13333.3,3.0219,normal,0.262,1.7158245497614906,0,-0.005000000000000001,0.724,-0.6464875629585847,2,0.019
N15_M07_F10_K005_2,K005,none,normal,N15_M07_F10,1499.63,none,6203_PU_2905,10666.7,13333.3,3.0505,normal,0.39,0.15410321371780508,1,-0.006,0.196,1.1079314046129702,2,0.016000000000000004
N15_M07_F10_K005_20,K005,none,normal,N15_M07_F10,1499.57,none,6203_PU_2905,10666.7,13333.3,3.4688,normal,0.172,1.4528579665978865,1,-0.008,0.644,-0.30406251736777856,2,-0.006
N15_M07_F10_K005_3,K005,none,normal,N15_M07_F10,1499.61,none,6203_PU_2905,12000.0,14000.0,3.187,normal,0.22,0.8026453635311551,1,-0.006999999999999999,0.936,-1.2094244869344468,1,0.015000000000000003
N15_M07_F10_K005_4,K005,none,normal,N15_M07_F10,1499.62,none,6203_PU_2905,10666.7,12000.0,2.8654,normal,0.58,-0.3833946747471295,0,-0.006,0.038,1.3581516491257393,0,-0.013000000000000001
N15_M07_F10_K005_5,K005,none,normal,N15_M07_F10,1499.57,none,6203_PU_2905,10666.7,13333.3,3.2687,normal,0.468,0.39910349391435357,1,-0.006999999999999999,0.77,-0.8039631017095116,1,-0.006
N15_M07_F10_K005_6,K005,none,normal,N15_M07_F10,1499.6,none,6203_PU_2905,10666.7,13333.3,2.9477,normal,0.674,-0.638671403623132,1,-0.006,0.7,-0.30737376847628034,1,0.014000000000000002
N15_M07_F10_K005_7,K005,none,normal,N15_M07_F10,1499.63,none,6203_PU_2905,10666.7,13333.3,3.6208,normal,0.514,-0.06216664579340766,0,-0.008,0.378,0.32693436270078013,2,0.014000000000000002
N15_M07_F10_K005_8,K005,none,normal,N15_M07_F10,1499.59,none,6203_PU_2905,10666.7,13333.3,2.8535,normal,0.472,0.038587353848745044,0,-0.004,0.382,0.24837222827904762,1,0.012
N15_M07_F10_K005_9,K005,none,normal,N15_M07_F10,1499.59,none,6203_PU_2905,10666.7,13333.3,3.1302,normal,0.42,0.21798803867708974,0,0.009000000000000001,0.228,0.7516400545914005,1,-0.006
N15_M07_F10_K006_1,K006,none,normal,N15_M07_F10,1499.54,none,6203_PU_2905,10666.7,13333.3,3.5538,inner_race,0.832,-0.74164072287756,0,-0.008,0.014,2.820203244490568,3,0.014000000000000002
N15_M07_F10_K006_10,K006,none,normal,N15_M07_F10,1499.59,none,6203_PU_2905,13333.3,14666.7,3.3648,normal,0.574,-0.3229887589564815,1,-0.006,0.012,3.9891753512334023,1,0.014000000000000002
N15_M07_F10_K006_11,K006,none,normal,N15_M07_F10,1499.57,none,6203_PU_2905,10666.7,13333.3,4.274,normal,0.146,1.376152949774727,2,-0.006,0.372,0.25085590152032355,3,0.015000000000000003
N15_M07_F10_K006_12,K006,none,normal,N15_M07_F10,1499.58,none,6203_PU_2905,10666.7,13333.3,3.9762,normal,0.186,1.9922910374798923,0,-0.008,0.182,1.1986301089037352,3,0.014000000000000002
N15_M07_F10_K006_13,K006,none,normal,N15_M07_F10,1499.63,none,6203_PU_2905,10666.7,13333.3,3.564,normal,0.444,0.4266188213091564,0,-0.006,0.518,-0.04377605978181985,3,0.014000000000000002
N15_M07_F10_K006_14,K006,none,normal,N15_M07_F10,1499.58,none,6203_PU_2905,10666.7,13333.3,3.5513,normal,0.204,0.8425987927372002,1,0.009000000000000001,0.418,0.24032107008948994,1,-0.013000000000000001
N15_M07_F10_K006_15,K006,none,normal,N15_M07_F10,1499.58,none,6203_PU_2905,12000.0,14000.0,4.0911,normal,0.344,0.40520422284738455,0,-0.008,0.512,-0.06341360103144579,2,0.015000000000000003
N15_M07_F10_K006_16,K006,none,normal,N15_M07_F10,1499.59,none,6203_PU_2905,10666.7,13333.3,3.4824,normal,0.12,1.782311277354189,0,-0.006,0.43,0.13169965561736457,3,0.014000000000000002
N15_M07_F10_K006_17,K006,none,normal,N15_M07_F10,1499.61,none,6203_PU_2905,10666.7,13333.3,3.6223,normal,0.192,0.4829123893142904,1,-0.006999999999999999,0.228,0.8123912578239971,3,0.015000000000000003
N15_M07_F10_K006_18,K006,none,normal,N15_M07_F10,1499.62,none,6203_PU_2905,8000.0,9333.3,3.8704,normal,0.202,1.26430025628259,1,-0.006,0.036,1.690340664727248,2,0.014000000000000002
N15_M07_F10_K006_19,K006,none,normal,N15_M07_F10,1499.53,none,6203_PU_2905,12000.0,14000.0,3.8435,normal,0.226,0.831907193190068,0,-0.01,0.486,0.0568703741904524,2,0.013000000000000001
N15_M07_F10_K006_2,K006,none,normal,N15_M07_F10,1499.56,none,6203_PU_2905,10000.0,12000.0,3.1415,normal,0.172,2.6546133944532424,1,-0.006999999999999999,0.274,0.9897954164594264,2,0.014000000000000002
N15_M07_F10_K006_20,K006,none,normal,N15_M07_F10,1499.57,none,6203_PU_2905,10666.7,13333.3,3.5266,normal,0.324,0.539938710758204,0,-0.006999999999999999,0.096,1.23742082427331,3,0.013000000000000001
N15_M07_F10_K006_3,K006,none,normal,N15_M07_F10,1499.59,none,6203_PU_2905,10666.7,13333.3,3.6311,normal,0.312,0.6308793211308549,0,-0.008,0.41,0.21312778264340418,2,0.014000000000000002
N15_M07_F10_K006_4,K006,none,normal,N15_M07_F10,1499.54,none,6203_PU_2905,10666.7,13333.3,3.4648,normal,0.13,2.4260703278822637,0,-0.008,0.102,1.155314192692341,3,0.014000000000000002
N15_M07_F10_K006_5,K006,none,normal,N15_M07_F10,1499.51,none,6203_PU_2905,12000.0,14000.0,3.8456,normal,0.834,-0.7853162454546555,0,-0.004,0.088,2.6568781274560385,2,0.015000000000000003
N15_M07_F10_K006_6,K006,none,normal,N15_M07_F10,1499.64,none,6203_PU_2905,13333.3,14666.7,3.5297,normal,0.206,0.7441450997830303,0,-0.008,0.302,0.7135718931639392,2,0.014000000000000002
N15_M07_F10_K006_7,K006,none,normal,N15_M07_F10,1499.61,none,6203_PU_2905,10666.7,13333.3,3.4064,normal,0.212,2.7118712267748295,0,-0.006,0.52,-0.044557046112558035,1,-0.013000000000000001
N15_M07_F10_K006_8,K006,none,normal,N15_M07_F10,1499.61,none,6203_PU_2905,10666.7,13333.3,3.1116,normal,0.26,1.4303571886375737,0,-0.008,0.16,1.4442190235049488,3,0.014000000000000002
N15_M07_F10_K006_9,K006,none,normal,N15_M07_F10,1499.61,none,6203_PU_2905,10666.7,13333.3,3.6771,normal,0.452,0.032374051804640556,0,0.009000000000000001,0.13,1.480233348312636,1,0.014000000000000002
N15_M07_F10_KA01_1,KA01,artificial,outer_race,N15_M07_F10,1499.6,none,6203_PU_2905,8000.0,10666.7,8.8102,outer_race,0.002,9.581299600807654,5,-0.004,0.696,-0.5455281307692045,3,-0.018000000000000002
N15_M07_F10_KA01_10,KA01,artificial,outer_race,N15_M07_F10,1499.89,none,6203_PU_2905,2666.7,5333.3,8.748,outer_race,0.002,6.218960298379155,5,-0.006,0.348,0.44171229619960883,3,0.013000000000000001
N15_M07_F10_KA01_11,KA01,artificial,outer_race,N15_M07_F10,1499.54,none,6203_PU_2905,2666.7,5333.3,8.7028,outer_race,0.002,6.934525993848712,5,-0.005000000000000001,0.502,-4.531438137999826e-05,2,0.015000000000000003
N15_M07_F10_KA01_12,KA01,artificial,outer_race,N15_M07_F10,1499.71,none,6203_PU_2905,2666.7,5333.3,8.793,outer_race,0.002,7.362329327086724,5,-0.006,0.672,-0.3382430388087549,0,0.014000000000000002
N15_M07_F10_KA01_13,KA01,artificial,outer_race,N15_M07_F10,1499.48,none,6203_PU_2905,2666.7,5333.3,8.5517,outer_race,0.002,6.583326453509214,5,-0.004,0.57,-0.16804447621106797,3,-0.017
N15_M07_F10_KA01_14,KA01,artificial,outer_race,N15_M07_F10,1499.48,none,6203_PU_2905,2666.7,5333.3,8.5252,outer_race,0.002,9.070552678194222,5,-0.005000000000000001,0.318,0.9229186532991981,2,0.015000000000000003
N15_M07_F10_KA01_15,KA01,artificial,outer_race,N15_M07_F10,1499.47,none,6203_PU_2905,8000.0,10666.7,8.7414,outer_race,0.002,9.63430265509851,5,-0.002999999999999999,0.558,-0.3065649894112517,2,-0.005000000000000001
N15_M07_F10_KA01_16,KA01,artificial,outer_race,N15_M07_F10,1499.43,none,6203_PU_2905,2666.7,5333.3,8.4695,outer_race,0.002,6.08608468409225,5,-0.006,0.554,-0.17083335825437912,2,-0.017
N15_M07_F10_KA01_17,KA01,artificial,outer_race,N15_M07_F10,1499.87,none,6203_PU_2905,2666.7,5333.3,8.685,outer_race,0.002,5.2033069645339385,5,-0.005000000000000001,0.494,0.030716945540809715,1,0.013000000000000001
N15_M07_F10_KA01_18,KA01,artificial,outer_race,N15_M07_F10,1499.47,none,6203_PU_2905,2666.7,5333.3,8.7627,outer_race,0.002,6.479322449178158,5,-0.005000000000000001,0.602,-0.3135575482381999,2,0.012
N15_M07_F10_KA01_19,KA01,artificial,outer_race,N15_M07_F10,1499.55,none,6203_PU_2905,2666.7,5333.3,8.675,outer_race,0.002,4.6096696656423735,5,-0.004,0.606,-0.2167965992956767,1,0.016000000000000004
N15_M07_F10_KA01_2,KA01,artificial,outer_race,N15_M07_F10,1499.9,none,6203_PU_2905,2666.7,5333.3,8.807,outer_race,0.002,7.099252410682354,5,-0.006,0.846,-0.6086060525441425,2,0.014000000000000002
N15_M07_F10_KA01_20,KA01,artificial,outer_race,N15_M07_F10,1499.63,none,6203_PU_2905,2666.7,5333.3,8.6191,outer_race,0.002,5.392361323642235,5,-0.006,0.46,0.09756178089394925,1,0.015000000000000003
N15_M07_F10_KA01_3,KA01,artificial,outer_race,N15_M07_F10,1499.62,none,6203_PU_2905,2666.7,5333.3,8.6054,outer_race,0.002,6.807509232200752,5,-0.006,0.368,0.5077272182085407,2,0.014000000000000002
N15_M07_F10_KA01_4,KA01,artificial,outer_race,N15_M07_F10,1499.37,none,6203_PU_2905,2666.7,5333.3,8.6843,outer_race,0.002,8.627358183955756,5,-0.005000000000000001,0.634,-0.4285286260079377,2,0.015000000000000003
N15_M07_F10_KA01_5,KA01,artificial,outer_race,N15_M07_F10,1499.45,none,6203_PU_2905,2666.7,5333.3,8.7381,outer_race,0.002,7.61469455173265,5,-0.005000000000000001,0.574,-0.14649276642086925,0,0.014000000000000002
N15_M07_F10_KA01_6,KA01,artificial,outer_race,N15_M07_F10,1499.78,none,6203_PU_2905,2666.7,5333.3,8.7029,outer_race,0.002,8.26476305328585,5,-0.006,0.438,0.12347789433041753,2,0.013000000000000001
N15_M07_F10_KA01_7,KA01,artificial,outer_race,N15_M07_F10,1499.46,none,6203_PU_2905,2666.7,5333.3,8.6975,outer_race,0.002,5.047175228173754,5,-0.005000000000000001,0.5,0.0017831144482095187,1,0.016000000000000004
N15_M07_F10_KA01_8,KA01,artificial,outer_race,N15_M07_F10,1499.52,none,6203_PU_2905,2666.7,5333.3,8.6811,outer_race,0.002,8.88867886458128,5,-0.005000000000000001,0.464,0.03754094532621692,1,0.013000000000000001
N15_M07_F10_KA01_9,KA01,artificial,outer_race,N15_M07_F10,1499.44,none,6203_PU_2905,2666.7,5333.3,8.6751,outer_race,0.002,6.1847379950885,5,-0.006999999999999999,0.492,0.07325117946428888,1,0.015000000000000003
N15_M07_F10_KA03_1,KA03,artificial,outer_race,N15_M07_F10,1499.63,none,6203_PU_2905,13333.3,14666.7,4.7106,normal,0.644,-0.25300304989961336,0,0.015000000000000003,0.836,-0.6634165852448343,1,-0.011
N15_M07_F10_KA03_10,KA03,artificial,outer_race,N15_M07_F10,1499.5,none,6203_PU_2905,13333.3,14666.7,4.7794,normal,0.662,-0.6336482793796502,1,0.016000000000000004,0.41,0.35478140812203957,0,0.009000000000000001
N15_M07_F10_KA03_11,KA03,artificial,outer_race,N15_M07_F10,1499.61,none,6203_PU_2905,13333.3,14666.7,3.7448,normal,0.24,1.1324508021972104,0,0.016000000000000004,0.428,0.17796576834821012,0,0.009000000000000001
N15_M07_F10_KA03_12,KA03,artificial,outer_race,N15_M07_F10,1499.61,none,6203_PU_2905,13333.3,14666.7,4.2393,normal,0.398,0.33112539834646054,0,0.009000000000000001,0.468,0.0800912579672794,1,-0.005000000000000001
N15_M07_F10_KA03_13,KA03,artificial,outer_race,N15_M07_F10,1499.66,none,6203_PU_2905,13333.3,14666.7,4.7398,normal,0.858,-1.2483152306683172,0,0.009000000000000001,0.332,0.5778401838331851,1,-0.005000000000000001
N15_M07_F10_KA03_14,KA03,artificial,outer_race,N15_M07_F10,1499.68,none,6203_PU_2905,13333.3,14666.7,4.688,normal,0.752,-0.5713402803723483,1,0.009999999999999998,0.22,1.4435376501198969,0,0.015000000000000003
N15_M07_F10_KA03_15,KA03,artificial,outer_race,N15_M07_F10,1499.55,none,6203_PU_2905,13333.3,14666.7,4.4395,normal,0.542,-0.048004005235422705,0,0.009999999999999998,0.562,-0.2792188955679934,1,-0.006
N15_M07_F10_KA03_16,KA03,artificial,outer_race,N15_M07_F10,1499.48,none,6203_PU_2905,13333.3,14666.7,4.786,normal,0.348,0.21992866973514988,0,0.009999999999999998,0.87,-0.7290758453317691,1,0.009000000000000001
N15_M07_F10_KA03_17,KA03,artificial,outer_race,N15_M07_F10,1499.46,none,6203_PU_2905,13333.3,14666.7,4.9949,normal,0.49,0.0460069059086819,0,0.015000000000000003,0.728,-0.39180613445667817,1,-0.006
N15_M07_F10_KA03_18,KA03,artificial,outer_race,N15_M07_F10,1499.66,none,6203_PU_2905,13333.3,14666.7,4.164,normal,0.906,-0.7139040408056089,0,0.016000000000000004,0.652,-0.30879456493321605,1,-0.006
N15_M07_F10_KA03_19,KA03,artificial,outer_race,N15_M07_F10,1499.64,none,6203_PU_2905,13333.3,14666.7,4.5409,normal,0.39,0.21685325820496423,1,0.015000000000000003,0.56,-0.18068469183664457,0,0.014000000000000002
N15_M07_F10_KA03_2,KA03,artificial,outer_race,N15_M07_F10,1499.58,none,6203_PU_2905,13333.3,14666.7,4.9155,normal,0.774,-1.0814827915214447,0,0.016000000000000004,0.716,-0.6193663237530997,0,0.005000000000000001
N15_M07_F10_KA03_20,KA03,artificial,outer_race,N15_M07_F10,1499.56,none,6203_PU_2905,13333.3,14666.7,5.3793,normal,0.182,2.303607919721689,1,0.009000000000000001,0.856,-0.903269846129245,1,-0.005000000000000001
N15_M07_F10_KA03_3,KA03,artificial,outer_race,N15_M07_F10,1499.63,none,6203_PU_2905,13333.3,14666.7,5.045,normal,0.314,0.9058549196817721,0,0.016000000000000004,0.322,0.4797371090627582,1,-0.006
N15_M07_F10_KA03_4,KA03,artificial,outer_race,N15_M07_F10,1499.63,none,6203_PU_2905,13333.3,14666.7,5.1554,normal,0.31,0.49695101258782876,1,0.015000000000000003,0.9,-1.0401739247878825,1,0.009999999999999998
N15_M07_F10_KA03_5,KA03,artificial,outer_race,N15_M07_F10,1499.72,none,6203_PU_2905,13333.3,14666.7,4.1719,normal,0.17,0.9104062385187058,1,0.015000000000000003,0.96,-1.0841199965230646,1,0.009999999999999998
N15_M07_F10_KA03_6,KA03,artificial,outer_race,N15_M07_F10,1499.59,none,6203_PU_2905,13333.3,14666.7,4.1929,normal,0.878,-0.7044273787424342,0,0.006999999999999999,0.61,-0.29344277285688863,1,-0.006
N15_M07_F10_KA03_7,KA03,artificial,outer_race,N15_M07_F10,1499.56,none,6203_PU_2905,13333.3,14666.7,4.9026,normal,0.62,-0.30718311340602966,0,0.009000000000000001,0.644,-0.41049036690678853,1,-0.006
N15_M07_F10_KA03_8,KA03,artificial,outer_race,N15_M07_F10,1499.68,none,6203_PU_2905,13333.3,14666.7,5.2846,normal,0.768,-0.7372336950174241,0,0.009000000000000001,0.66,-0.3357651408404233,1,-0.013000000000000001
N15_M07_F10_KA03_9,KA03,artificial,outer_race,N15_M07_F10,1499.78,none,6203_PU_2905,13333.3,14666.7,5.5135,normal,0.236,1.3537151488370343,0,0.015000000000000003,0.994,-1.3016239086552028,1,-0.006
N15_M07_F10_KA04_1,KA04,real,outer_race,N15_M07_F10,1499.8,none,6203_PU_2855,8000.0,12000.0,5.6505,outer_race,0.002,20.312366052004283,5,-0.0019999999999999983,0.558,-0.15321446545978887,2,0.019
N15_M07_F10_KA04_10,KA04,real,outer_race,N15_M07_F10,1499.53,none,6203_PU_2855,8000.0,12000.0,5.8525,outer_race,0.002,7.404255823419323,5,-0.0010000000000000009,0.528,-0.1354435097902903,2,-0.013000000000000001
N15_M07_F10_KA04_11,KA04,real,outer_race,N15_M07_F10,1499.74,none,6203_PU_2855,8000.0,12000.0,6.4538,outer_race,0.002,9.200732717041031,5,-0.0019999999999999983,0.64,-0.2386713367255557,2,0.019
N15_M07_F10_KA04_12,KA04,real,outer_race,N15_M07_F10,1499.64,none,6203_PU_2855,8000.0,12000.0,5.4087,outer_race,0.002,9.705139578624689,5,-0.0010000000000000009,0.834,-1.0211857572231875,1,0.019
N15_M07_F10_KA04_13,KA04,real,outer_race,N15_M07_F10,1499.37,none,6203_PU_2855,8000.0,12000.0,6.0867,outer_race,0.002,19.395239660183986,5,-0.0010000000000000009,0.596,-0.1377906131069722,2,0.02
N15_M07_F10_KA04_14,KA04,real,outer_race,N15_M07_F10,1499.49,none,6203_PU_2855,8000.0,12000.0,5.4167,outer_race,0.002,8.428146069549879,5,-0.0010000000000000009,0.732,-0.7511893507392092,2,-0.013000000000000001
N15_M07_F10_KA04_15,KA04,real,outer_race,N15_M07_F10,1499.35,none,6203_PU_2855,8000.0,12000.0,6.6024,outer_race,0.002,9.554578136570274,5,-0.0019999999999999983,0.726,-0.5678215675536719,1,0.02
N15_M07_F10_KA04_16,KA04,real,outer_race,N15_M07_F10,1499.67,none,6203_PU_2855,8000.0,12000.0,6.0812,outer_race,0.002,11.757616582503047,5,-0.0019999999999999983,0.558,-0.16461457471354043,2,0.02
N15_M07_F10_KA04_17,KA04,real,outer_race,N15_M07_F10,1499.88,none,6203_PU_2855,8000.0,12000.0,6.3151,outer_race,0.002,14.20471197996532,5,-0.0019999999999999983,0.586,-0.16400445351692322,4,0.02
N15_M07_F10_KA04_18,KA04,real,outer_race,N15_M07_F10,1499.25,none,6203_PU_2855,8000.0,12000.0,6.1395,outer_race,0.002,17.03175305112231,5,-0.0010000000000000009,0.48,0.01563931842462122,3,0.019
N15_M07_F10_KA04_19,KA04,real,outer_race,N15_M07_F10,1499.67,none,6203_PU_2855,8000.0,12000.0,6.0923,outer_race,0.002,15.828260295193514,5,-0.0010000000000000009,0.524,-0.04143302359068521,2,0.02
N15_M07_F10_KA04_2,KA04,real,outer_race,N15_M07_F10,1499.93,none,6203_PU_2855,8000.0,10666.7,5.9718,outer_race,0.002,32.878981045497184,5,-0.0019999999999999983,0.574,-0.11614689353847729,1,-0.013000000000000001
N15_M07_F10_KA04_20,KA04,real,outer_race,N15_M07_F10,1499.56,none,6203_PU_2855,8000.0,12000.0,6.0916,outer_race,0.002,14.51512562558786,5,-0.0010000000000000009,0.686,-0.42134006977858823,2,0.02
N15_M07_F10_KA04_3,KA04,real,outer_race,N15_M07_F10,1499.97,none,6203_PU_2855,8000.0,12000.0,6.0081,outer_race,0.002,20.65830269876641,5,-0.0010000000000000009,0.822,-0.9328131047278251,2,-0.013000000000000001
N15_M07_F10_KA04_4,KA04,real,outer_race,N15_M07_F10,1499.7,none,6203_PU_2855,8000.0,12000.0,6.0975,outer_race,0.002,12.37061440496112,5,-0.0019999999999999983,0.288,0.3880093279631841,2,0.02
N15_M07_F10_KA04_5,KA04,real,outer_race,N15_M07_F10,1499.77,none,6203_PU_2855,8000.0,12000.0,6.0458,outer_race,0.002,13.189687295704589,5,-0.0019999999999999983,0.542,-0.1355645866174499,1,0.019
N15_M07_F10_KA04_6,KA04,real,outer_race,N15_M07_F10,1499.28,none,6203_PU_2855,8000.0,12000.0,5.9298,outer_race,0.002,11.085731615159693,5,-0.0010000000000000009,0.604,-0.28337103889431275,2,0.019
N15_M07_F10_KA04_7,KA04,real,outer_race,N15_M07_F10,1499.64,none,6203_PU_2855,8000.0,12000.0,5.9561,outer_race,0.002,18.06644263578519,5,-0.0019999999999999983,0.592,-0.21250753188078855,2,0.02
N15_M07_F10_KA04_8,KA04,real,outer_race,N15_M07_F10,1499.49,none,6203_PU_2855,8000.0,12000.0,5.384,outer_race,0.002,14.075613444128939,5,-0.0010000000000000009,0.538,-0.060841501838720724,2,0.019
N15_M07_F10_KA04_9,KA04,real,outer_race,N15_M07_F10,1499.76,none,6203_PU_2855,8000.0,12000.0,5.2987,outer_race,0.002,13.067415571984103,5,-0.0019999999999999983,0.532,-0.13801390323485052,2,0.02
N15_M07_F10_KA05_1,KA05,artificial,outer_race,N15_M07_F10,1499.71,none,6203_PU_2905,12000.0,14000.0,6.8963,normal,0.382,0.4017908924333179,1,-0.005000000000000001,0.738,-0.5678044903731333,1,0.004
N15_M07_F10_KA05_10,KA05,artificial,outer_race,N15_M07_F10,1499.22,none,6203_PU_2905,12000.0,14000.0,10.0335,normal,0.572,-0.24670316770617853,0,0.013000000000000001,0.516,-0.045989051279561745,2,0.016000000000000004
N15_M07_F10_KA05_11,KA05,artificial,outer_race,N15_M07_F10,1499.35,none,6203_PU_2905,10666.7,13333.3,4.9022,normal,0.348,0.48699296038293327,1,-0.006,0.198,1.2219630795983163,1,0.016000000000000004
N15_M07_F10_KA05_12,KA05,artificial,outer_race,N15_M07_F10,1499.53,none,6203_PU_2905,10666.7,13333.3,6.3792,normal,0.34,0.5493055948306174,1,-0.006999999999999999,0.374,0.3388598552883236,1,0.016000000000000004
N15_M07_F10_KA05_13,KA05,artificial,outer_race,N15_M07_F10,1499.75,none,6203_PU_2905,12000.0,14000.0,7.4611,normal,0.362,0.7476331454823716,0,-0.006999999999999999,0.412,0.18466946376887403,1,-0.004
N15_M07_F10_KA05_14,KA05,artificial,outer_race,N15_M07_F10,1499.65,none,6203_PU_2905,10666.7,13333.3,5.4596,normal,0.69,-0.14622593334568376,0,-0.004,0.462,0.09259137929628888,1,-0.004
N15_M07_F10_KA05_15,KA05,artificial,outer_race,N15_M07_F10,1499.5,none,6203_PU_2905,10666.7,13333.3,6.0742,normal,0.61,-0.1551074026528393,0,-0.006999999999999999,0.472,0.1150191573339272,1,0.014000000000000002
N15_M07_F10_KA05_16,KA05,artificial,outer_race,N15_M07_F10,1499.38,none,6203_PU_2905,12000.0,14000.0,8.0086,normal,0.502,-0.014995585375859308,0,-0.005000000000000001,0.836,-1.198004233608267,1,0.019
N15_M07_F10_KA05_17,KA05,artificial,outer_race,N15_M07_F10,1499.83,none,6203_PU_2905,13333.3,14666.7,8.8106,normal,0.428,0.08687411874755252,1,-0.005000000000000001,0.146,1.576440605502838,1,0.004
N15_M07_F10_KA05_18,KA05,artificial,outer_race,N15_M07_F10,1499.23,none,6203_PU_2905,10666.7,12000.0,7.7347,normal,0.93,-1.2318233775952423,0,-0.006999999999999999,0.582,-0.31808543969026426,1,0.002999999999999999
N15_M07_F10_KA05_19,KA05,artificial,outer_race,N15_M07_F10,1499.44,none,6203_PU_2905,12000.0,14000.0,7.2726,normal,0.372,0.262375918975332,1,-0.005000000000000001,0.816,-0.9901854982000647,0,-0.012
N15_M07_F10_KA05_2,KA05,artificial,outer_race,N15_M07_F10,1499.51,none,6203_PU_2905,10666.7,13333.3,5.349,normal,0.676,-0.3489338686719344,0,0.006999999999999999,0.388,0.2717977177666475,2,-0.002999999999999999
N15_M07_F10_KA05_20,KA05,artificial,outer_race,N15_M07_F10,1499.56,none,6203_PU_2905,10666.7,13333.3,9.3055,normal,0.568,-0.11328809962703341,1,-0.006999999999999999,0.336,0.34381009832449644,3,0.016000000000000004
N15_M07_F10_KA05_3,KA05,artificial,outer_race,N15_M07_F10,1499.71,none,6203_PU_2905,12000.0,14000.0,7.1312,normal,0.718,-0.4448989779815064,0,0.012,0.288,0.9587038349713981,0,0.02
N15_M07_F10_KA05_4,KA05,artificial,outer_race,N15_M07_F10,1499.43,none,6203_PU_2905,10666.7,13333.3,7.28,normal,0.678,-0.5381724186906929,0,-0.006999999999999999,0.178,1.7831924092544873,0,-0.004
N15_M07_F10_KA05_5,KA05,artificial,outer_race,N15_M07_F10,1499.93,none,6203_PU_2905,10666.7,13333.3,6.1917,normal,0.944,-0.7200071001991694,0,-0.006999999999999999,0.852,-0.8496352396614026,2,0.012
N15_M07_F10_KA05_6,KA05,artificial,outer_race,N15_M07_F10,1499.47,none,6203_PU_2905,10666.7,13333.3,5.626,normal,0.45,0.14294770129693582,1,-0.006,0.262,0.7407526638024807,2,0.016999999999999998
N15_M07_F10_KA05_7,KA05,artificial,outer_race,N15_M07_F10,1499.29,none,6203_PU_2905,12000.0,14000.0,6.6959,normal,0.536,-0.31976668774062206,0,-0.006,0.556,-0.1690171917350442,1,0.016999999999999998
N15_M07_F10_KA05_8,KA05,artificial,outer_race,N15_M07_F10,1499.41,none,6203_PU_2905,10666.7,13333.3,5.2552,normal,0.338,0.5094414257898044,0,-0.006,0.45,0.124010076082457,1,-0.002999999999999999
N15_M07_F10_KA05_9,KA05,artificial,outer_race,N15_M07_F10,1499.84,none,6203_PU_2905,12000.0,14000.0,7.67,normal,0.794,-0.8108484528595611,0,0.012,0.88,-1.4302805922335147,1,0.016000000000000004
N15_M07_F10_KA06_1,KA06,artificial,outer_race,N15_M07_F10,1499.73,none,6203_PU_2905,13333.3,14666.7,4.4092,normal,0.352,0.8456571567631095,0,0.014000000000000002,0.772,-0.6733610095819003,1,0.013000000000000001
N15_M07_F10_KA06_10,KA06,artificial,outer_race,N15_M07_F10,1499.57,none,6203_PU_2905,13333.3,14666.7,5.0196,normal,0.756,-0.47412250297714115,0,0.006000000000000002,0.51,-0.0174790956139659,0,-0.0019999999999999983
N15_M07_F10_KA06_11,KA06,artificial,outer_race,N15_M07_F10,1499.67,none,6203_PU_2905,13333.3,14666.7,7.28,normal,0.552,-0.09957368576667015,1,-0.006,0.34,0.5715122937939046,1,0.016999999999999998
N15_M07_F10_KA06_12,KA06,artificial,outer_race,N15_M07_F10,1499.52,none,6203_PU_2905,12000.0,14000.0,5.7778,normal,0.364,0.596921657956707,0,-0.006999999999999999,0.168,1.5473058493294207,1,0.012
N15_M07_F10_KA06_13,KA06,artificial,outer_race,N15_M07_F10,1499.74,none,6203_PU_2905,12000.0,14000.0,5.2422,normal,0.638,-0.33166815829383384,0,-0.006,0.048,1.9663889158807963,1,0.004
N15_M07_F10_KA06_14,KA06,artificial,outer_race,N15_M07_F10,1499.61,none,6203_PU_2905,12000.0,14000.0,5.1694,normal,0.346,0.5997394355112722,0,-0.004,0.178,0.9760764664449381,1,0.016999999999999998
N15_M07_F10_KA06_15,KA06,artificial,outer_race,N15_M07_F10,1499.51,none,6203_PU_2905,13333.3,14666.7,5.0948,normal,0.598,-0.13843446374825066,0,0.015000000000000003,0.796,-0.8195626032899698,1,0.004
N15_M07_F10_KA06_16,KA06,artificial,outer_race,N15_M07_F10,1499.78,none,6203_PU_2905,12000.0,14000.0,6.3248,normal,0.154,1.1277445092469185,1,-0.006,0.2,1.2715281428270648,1,0.004
N15_M07_F10_KA06_17,KA06,artificial,outer_race,N15_M07_F10,1499.36,none,6203_PU_2905,12000.0,14000.0,5.3012,normal,0.6,-0.4373261667049578,0,-0.004,0.434,0.17238195701121287,1,0.014000000000000002
N15_M07_F10_KA06_18,KA06,artificial,outer_race,N15_M07_F10,1499.37,none,6203_PU_2905,13333.3,14666.7,4.7214,normal,0.604,-0.2862598776847961,0,0.011,0.426,0.2437979134353195,1,0.011
N15_M07_F10_KA06_19,KA06,artificial,outer_race,N15_M07_F10,1499.41,none,6203_PU_2905,13333.3,14666.7,5.7012,normal,0.732,-0.5338997952929793,0,0.004,0.202,1.104019705226282,2,0.012
N15_M07_F10_KA06_2,KA06,artificial,outer_race,N15_M07_F10,1499.8,none,6203_PU_2905,13333.3,14666.7,6.4558,normal,0.9,-0.8123213244242029,0,-0.006999999999999999,0.42,0.2878310621878227,1,0.015000000000000003
N15_M07_F10_KA06_20,KA06,artificial,outer_race,N15_M07_F10,1499.5,none,6203_PU_2905,12000.0,14000.0,5.2911,normal,0.412,0.4757802592330207,0,-0.006999999999999999,0.216,0.9150290642290122,1,0.002999999999999999
N15_M07_F10_KA06_3,KA06,artificial,outer_race,N15_M07_F10,1499.77,none,6203_PU_2905,13333.3,14666.7,5.0744,normal,0.938,-1.6002585085042909,1,-0.005000000000000001,0.958,-1.4964600383012305,1,0.002999999999999999
N15_M07_F10_KA06_4,KA06,artificial,outer_race,N15_M07_F10,1499.58,none,6203_PU_2905,12000.0,14000.0,5.2339,normal,0.424,0.1791398322815859,1,-0.004,0.51,-0.06514109825347791,2,0.012
N15_M07_F10_KA06_5,KA06,artificial,outer_race,N15_M07_F10,1499.45,none,6203_PU_2905,13333.3,14666.7,7.6379,normal,0.834,-1.0377481419547976,0,0.011,0.258,0.9821812318207278,1,-0.011
N15_M07_F10_KA06_6,KA06,artificial,outer_race,N15_M07_F10,1499.74,none,6203_PU_2905,13333.3,14666.7,5.2158,normal,0.406,0.4338596168169373,0,-0.006999999999999999,0.286,0.6177133830407694,0,0.002999999999999999
N15_M07_F10_KA06_7,KA06,artificial,outer_race,N15_M07_F10,1499.58,none,6203_PU_2905,12000.0,14000.0,7.3566,normal,0.464,0.022285749248125823,0,-0.005000000000000001,0.288,0.7960287369228989,1,0.012
N15_M07_F10_KA06_8,KA06,artificial,outer_race,N15_M07_F10,1499.44,none,6203_PU_2905,12000.0,14000.0,4.4387,normal,0.988,-1.224036176684543,0,0.006999999999999999,0.678,-0.36402940963484776,2,0.016999999999999998
N15_M07_F10_KA06_9,KA06,artificial,outer_race,N15_M07_F10,1499.84,none,6203_PU_2905,12000.0,14000.0,7.624,normal,0.428,0.09792727355246256,0,-0.005000000000000001,0.536,-0.10776578230155541,1,0.002999999999999999
N15_M07_F10_KA07_1,KA07,artificial,outer_race,N15_M07_F10,1499.42,none,6203_PU_2905,12000.0,14000.0,5.3846,normal,0.548,-0.049300667306385236,1,-0.005000000000000001,0.264,0.8686691044321421,1,-0.011
N15_M07_F10_KA07_10,KA07,artificial,outer_race,N15_M07_F10,1499.68,none,6203_PU_2905,10666.7,13333.3,6.9568,normal,0.774,-0.6838432575631314,1,-0.005000000000000001,0.3,0.5867536414827997,1,-0.01
N15_M07_F10_KA07_11,KA07,artificial,outer_race,N15_M07_F10,1499.92,none,6203_PU_2905,10666.7,13333.3,5.2871,normal,0.458,0.054410398100963764,0,0.016000000000000004,0.072,2.8989053060493135,2,0.014000000000000002
N15_M07_F10_KA07_12,KA07,artificial,outer_race,N15_M07_F10,1499.79,none,6203_PU_2905,10666.7,13333.3,5.2352,normal,0.46,0.016137552793952955,1,-0.006999999999999999,0.36,0.39450949903625554,2,0.012
N15_M07_F10_KA07_13,KA07,artificial,outer_race,N15_M07_F10,1499.52,none,6203_PU_2905,10666.7,13333.3,4.7918,normal,0.782,-0.5827920674411515,0,0.004,0.418,0.2768389833146808,3,0.015000000000000003
N15_M07_F10_KA07_14,KA07,artificial,outer_race,N15_M07_F10,1499.69,none,6203_PU_2905,10666.7,13333.3,5.5716,normal,0.368,0.48696515537226526,1,-0.006,0.042,1.7972560510388405,1,0.002999999999999999
N15_M07_F10_KA07_15,KA07,artificial,outer_race,N15_M07_F10,1499.57,none,6203_PU_2905,12000.0,14000.0,6.5931,normal,0.428,0.31556513216033333,2,-0.006999999999999999,0.428,0.12382028525020662,2,0.004
N15_M07_F10_KA07_16,KA07,artificial,outer_race,N15_M07_F10,1499.7,none,6203_PU_2905,10666.7,13333.3,5.0949,normal,0.426,0.028859296096076365,1,-0.006,0.832,-0.6853398702014996,1,-0.0019999999999999983
N15_M07_F10_KA07_17,KA07,artificial,outer_race,N15_M07_F10,1499.57,none,6203_PU_2905,10666.7,13333.3,5.2868,normal,0.308,0.759035078136017,1,-0.006999999999999999,0.212,0.817626565125413,2,0.014000000000000002
N15_M07_F10_KA07_18,KA07,artificial,outer_race,N15_M07_F10,1499.48,none,6203_PU_2905,10666.7,13333.3,5.5454,normal,0.524,-0.09156976051530447,1,-0.005000000000000001,0.158,1.3520585253292254,2,0.014000000000000002
N15_M07_F10_KA07_19,KA07,artificial,outer_race,N15_M07_F10,1499.43,none,6203_PU_2905,13333.3,14666.7,4.8822,normal,0.646,-0.4157230416154551,0,-0.005000000000000001,0.212,1.1779788002877942,2,0.015000000000000003
N15_M07_F10_KA07_2,KA07,artificial,outer_race,N15_M07_F10,1499.7,none,6203_PU_2905,10666.7,13333.3,5.1487,normal,0.732,-0.5469173684578275,1,-0.006999999999999999,0.03,2.137768907463624,2,0.012
N15_M07_F10_KA07_20,KA07,artificial,outer_race,N15_M07_F10,1499.73,none,6203_PU_2905,10666.7,13333.3,6.3825,normal,0.708,-0.4847188968685747,1,-0.006,0.374,0.34227230773586975,1,0.02
N15_M07_F10_KA07_3,KA07,artificial,outer_race,N15_M07_F10,1499.58,none,6203_PU_2905,10666.7,13333.3,5.6227,normal,0.614,-0.23612243990866508,0,-0.006999999999999999,0.138,1.224445719119451,3,0.016000000000000004
N15_M07_F10_KA07_4,KA07,artificial,outer_race,N15_M07_F10,1499.59,none,6203_PU_2905,10666.7,13333.3,6.3187,normal,0.682,-0.31098653073663757,2,-0.006999999999999999,0.282,0.7178193540065528,2,0.004
N15_M07_F10_KA07_5,KA07,artificial,outer_race,N15_M07_F10,1499.71,none,6203_PU_2905,12000.0,14000.0,8.6563,normal,0.474,0.32565998998105067,1,-0.006999999999999999,0.34,0.5662749652891179,1,0.015000000000000003
N15_M07_F10_KA07_6,KA07,artificial,outer_race,N15_M07_F10,1499.74,none,6203_PU_2905,10666.7,13333.3,5.1707,normal,0.838,-0.8489648136521386,1,-0.006,0.124,1.4248688602789235,2,0.015000000000000003
N15_M07_F10_KA07_7,KA07,artificial,outer_race,N15_M07_F10,1499.64,none,6203_PU_2905,10666.7,13333.3,5.6736,normal,0.572,-0.3101577648135091,1,-0.006,0.54,-0.1501841654976389,1,0.002999999999999999
N15_M07_F10_KA07_8,KA07,artificial,outer_race,N15_M07_F10,1499.4,none,6203_PU_2905,10666.7,13333.3,5.5161,normal,0.484,0.17825882861064382,1,-0.005000000000000001,0.696,-0.44429497507252685,2,0.014000000000000002
N15_M07_F10_KA07_9,KA07,artificial,outer_race,N15_M07_F10,1499.53,none,6203_PU_2905,10666.7,13333.3,8.0398,normal,0.922,-1.0647624813935774,1,-0.005000000000000001,0.256,0.5669046222126314,2,0.002999999999999999
N15_M07_F10_KA08_1,KA08,artificial,outer_race,N15_M07_F10,1499.49,none,6203_PU_2905,10666.7,13333.3,5.0355,normal,0.61,-0.34426544212866644,1,-0.006,0.262,0.8845062929492623,2,0.014000000000000002
N15_M07_F10_KA08_10,KA08,artificial,outer_race,N15_M07_F10,1499.66,none,6203_PU_2905,10666.7,13333.3,4.9103,normal,0.802,-0.5724483290816019,1,-0.006,0.26,0.9283614444125753,2,0.013000000000000001
N15_M07_F10_KA08_11,KA08,artificial,outer_race,N15_M07_F10,1499.46,none,6203_PU_2905,10666.7,13333.3,6.5675,normal,0.562,-0.013834669327648584,1,-0.006999999999999999,0.5,0.00569930980356622,1,0.004
N15_M07_F10_KA08_12,KA08,artificial,outer_race,N15_M07_F10,1499.57,none,6203_PU_2905,10666.7,13333.3,6.7104,normal,0.76,-0.36564416480434614,1,-0.005000000000000001,0.258,0.6894057391113303,2,0.004
N15_M07_F10_KA08_13,KA08,artificial,outer_race,N15_M07_F10,1499.48,none,6203_PU_2905,12000.0,14000.0,5.8183,normal,0.874,-1.050915896144609,1,-0.006999999999999999,0.614,-0.28941740718048853,2,0.014000000000000002
N15_M07_F10_KA08_14,KA08,artificial,outer_race,N15_M07_F10,1499.53,none,6203_PU_2905,10666.7,13333.3,5.9171,normal,0.51,-0.06585801655152879,1,-0.005000000000000001,0.388,0.33264878942027226,2,0.016000000000000004
N15_M07_F10_KA08_15,KA08,artificial,outer_race,N15_M07_F10,1499.62,none,6203_PU_2905,10666.7,13333.3,4.8678,normal,0.708,-0.4272026546013372,1,-0.004,0.2,1.4398362354854684,3,0.002999999999999999
N15_M07_F10_KA08_16,KA08,artificial,outer_race,N15_M07_F10,1499.54,none,6203_PU_2905,10666.7,13333.3,4.8211,normal,0.458,0.0763741686974103,1,-0.005000000000000001,0.278,0.6338796020010644,1,0.019
N15_M07_F10_KA08_17,KA08,artificial,outer_race,N15_M07_F10,1499.71,none,6203_PU_2905,13333.3,14666.7,5.7475,normal,0.722,-0.1444355750853558,1,-0.006999999999999999,0.04,2.1903117572168824,1,0.016999999999999998
N15_M07_F10_KA08_18,KA08,artificial,outer_race,N15_M07_F10,1499.78,none,6203_PU_2905,10666.7,13333.3,8.8553,normal,0.838,-0.6723794105324197,1,-0.005000000000000001,0.44,0.18703483182500927,1,0.004
N15_M07_F10_KA08_19,KA08,artificial,outer_race,N15_M07_F10,1499.5,none,6203_PU_2905,12000.0,14000.0,4.5372,normal,0.68,-0.27635097513501655,0,-0.005000000000000001,0.04,1.6461876692509614,2,0.012
N15_M07_F10_KA08_2,KA08,artificial,outer_race,N15_M07_F10,1499.61,none,6203_PU_2905,10666.7,13333.3,4.5429,normal,0.4,0.40179520779118466,1,-0.006,0.548,-0.285799560563171,2,0.014000000000000002
N15_M07_F10_KA08_20,KA08,artificial,outer_race,N15_M07_F10,1499.57,none,6203_PU_2905,12000.0,14000.0,5.3605,normal,0.814,-0.6622169520005055,0,0.011,0.484,0.14441306474628918,1,0.015000000000000003
N15_M07_F10_KA08_3,KA08,artificial,outer_race,N15_M07_F10,1499.58,none,6203_PU_2905,10666.7,13333.3,5.9717,normal,0.764,-0.5796179700518614,1,-0.006,0.442,0.20374397617173137,2,0.004
N15_M07_F10_KA08_4,KA08,artificial,outer_race,N15_M07_F10,1499.62,none,6203_PU_2905,10666.7,13333.3,5.4109,normal,0.936,-1.1680386255310677,1,-0.008,0.204,0.939865447295115,0,0.018
N15_M07_F10_KA08_5,KA08,artificial,outer_race,N15_M07_F10,1499.46,none,6203_PU_2905,12000.0,14000.0,4.7889,normal,0.458,0.1851966414108222,1,-0.005000000000000001,0.596,-0.21091326865362278,1,0.012
N15_M07_F10_KA08_6,KA08,artificial,outer_race,N15_M07_F10,1499.67,none,6203_PU_2905,10666.7,13333.3,7.4387,normal,0.682,-0.5207673112016815,1,-0.006,0.924,-1.261616599080129,1,0.012
N15_M07_F10_KA08_7,KA08,artificial,outer_race,N15_M07_F10,1499.4,none,6203_PU_2905,10666.7,13333.3,5.9634,normal,0.362,0.6736309481112407,1,-0.005000000000000001,0.466,0.06844093776521323,1,0.016999999999999998
N15_M07_F10_KA08_8,KA08,artificial,outer_race,N15_M07_F10,1499.57,none,6203_PU_2905,10666.7,13333.3,5.1029,normal,0.528,-0.020232014051462077,1,-0.006999999999999999,0.19,1.3113416704391847,2,0.015000000000000003
N15_M07_F10_KA08_9,KA08,artificial,outer_race,N15_M07_F10,1499.47,none,6203_PU_2905,10666.7,13333.3,6.74,normal,0.728,-0.6614597334987621,1,-0.006,0.636,-0.4022742744826208,1,0.002999999999999999
N15_M07_F10_KA09_1,KA09,artificial,outer_race,N15_M07_F10,1499.89,none,6203_PU_2905,10666.7,13333.3,5.7052,normal,0.348,1.4416546884911043,1,-0.006,0.546,-0.13662584497088254,3,0.015000000000000003
N15_M07_F10_KA09_10,KA09,artificial,outer_race,N15_M07_F10,1499.1,none,6203_PU_2905,12000.0,14000.0,5.6182,normal,0.434,0.33439625694523933,0,-0.006,0.806,-0.826442672124404,1,-0.002999999999999999
N15_M07_F10_KA09_11,KA09,artificial,outer_race,N15_M07_F10,1499.83,none,6203_PU_2905,12000.0,14000.0,5.5066,normal,0.342,0.3703049401691771,0,-0.006,0.26,0.8844182795526682,2,0.014000000000000002
N15_M07_F10_KA09_12,KA09,artificial,outer_race,N15_M07_F10,1499.55,none,6203_PU_2905,10666.7,13333.3,4.5372,normal,0.424,0.2528270982263509,1,-0.006999999999999999,0.326,0.44367899169529734,3,0.014000000000000002
N15_M07_F10_KA09_13,KA09,artificial,outer_race,N15_M07_F10,1498.56,none,6203_PU_2905,10666.7,13333.3,5.9911,normal,0.278,1.3309118080791773,1,-0.005000000000000001,0.222,0.8887306695827724,2,0.016999999999999998
N15_M07_F10_KA09_14,KA09,artificial,outer_race,N15_M07_F10,1500.27,none,6203_PU_2905,10666.7,13333.3,4.8329,normal,0.246,1.196289467626266,1,-0.006,0.468,0.18803441501575036,2,0.014000000000000002
N15_M07_F10_KA09_15,KA09,artificial,outer_race,N15_M07_F10,1499.44,none,6203_PU_2905,10666.7,13333.3,7.6886,normal,0.82,-0.7271333943118591,1,-0.006999999999999999,0.284,0.8257201034415474,1,0.002999999999999999
N15_M07_F10_KA09_16,KA09,artificial,outer_race,N15_M07_F10,1499.83,none,6203_PU_2905,10666.7,13333.3,5.2295,normal,0.77,-0.6500619927315926,1,-0.004,0.802,-0.8601780852768902,1,0.016000000000000004
N15_M07_F10_KA09_17,KA09,artificial,outer_race,N15_M07_F10,1499.54,none,6203_PU_2905,10666.7,13333.3,5.3847,normal,0.352,0.27742217427895693,1,-0.006999999999999999,0.136,1.6627270105387515,2,0.016000000000000004
N15_M07_F10_KA09_18,KA09,artificial,outer_race,N15_M07_F10,1499.1,none,6203_PU_2905,10666.7,13333.3,5.4908,normal,0.476,0.05064043467482416,0,-0.005000000000000001,0.608,-0.17694262888940668,1,0.016999999999999998
N15_M07_F10_KA09_19,KA09,artificial,outer_race,N15_M07_F10,1499.63,none,6203_PU_2905,12000.0,14000.0,6.5806,normal,0.544,-0.46778610968641965,1,-0.006999999999999999,0.17,0.9657727756740082,1,0.012
N15_M07_F10_KA09_2,KA09,artificial,outer_race,N15_M07_F10,1499.68,none,6203_PU_2905,12000.0,14000.0,5.4753,normal,0.974,-1.617384472118893,0,-0.004,0.87,-0.9014805269360405,1,0.015000000000000003
N15_M07_F10_KA09_20,KA09,artificial,outer_race,N15_M07_F10,1499.45,none,6203_PU_2905,10666.7,13333.3,4.118,normal,0.684,-0.2978450216389129,0,0.006999999999999999,0.078,1.7958853080392658,2,0.014000000000000002
N15_M07_F10_KA09_3,KA09,artificial,outer_race,N15_M07_F10,1499.8,none,6203_PU_2905,13333.3,14666.7,5.2793,normal,0.794,-0.5948949674667958,0,-0.016,0.176,1.323017215252056,2,0.012
N15_M07_F10_KA09_4,KA09,artificial,outer_race,N15_M07_F10,1500.06,none,6203_PU_2905,10666.7,13333.3,8.9898,normal,0.812,-0.7003177965973321,1,-0.006,0.258,0.3289126084362174,2,0.012
N15_M07_F10_KA09_5,KA09,artificial,outer_race,N15_M07_F10,1499.42,none,6203_PU_2905,13333.3,14666.7,5.119,normal,0.69,-0.28970408158827493,0,-0.006,0.264,0.9377067519239796,1,0.015000000000000003
N15_M07_F10_KA09_6,KA09,artificial,outer_race,N15_M07_F10,1499.28,none,6203_PU_2905,10666.7,13333.3,6.5443,normal,0.324,0.27713246496473476,1,-0.006999999999999999,0.31,0.5941108461980661,2,0.016999999999999998
N15_M07_F10_KA09_7,KA09,artificial,outer_race,N15_M07_F10,1498.95,none,6203_PU_2905,10666.7,13333.3,4.1061,inner_race,0.168,1.3553194390199417,1,-0.005000000000000001,0.012,2.2868817213280277,3,0.016000000000000004
N15_M07_F10_KA09_8,KA09,artificial,outer_race,N15_M07_F10,1498.57,none,6203_PU_2905,12000.0,14000.0,5.0648,normal,0.462,0.02558530088169398,1,-0.005000000000000001,0.43,0.1964703852205841,2,0.016999999999999998
N15_M07_F10_KA09_9,KA09,artificial,outer_race,N15_M07_F10,1499.83,none,6203_PU_2905,12000.0,14000.0,4.4576,normal,0.586,-0.22601750618456593,0,-0.006999999999999999,0.08,2.575071663810235,2,0.014000000000000002
N15_M07_F10_KA15_1,KA15,real,outer_race,N15_M07_F10,1499.65,none,6203_PU_2855,12000.0,14000.0,5.3178,normal,0.508,-0.0482506643396883,0,0.014000000000000002,0.862,-1.0090742680395388,0,-0.017
N15_M07_F10_KA15_10,KA15,real,outer_race,N15_M07_F10,1499.59,none,6203_PU_2855,12000.0,14000.0,5.4922,normal,0.658,-0.21866669670263497,0,-0.02,0.652,-0.4411668156214989,1,0.015000000000000003
N15_M07_F10_KA15_11,KA15,real,outer_race,N15_M07_F10,1499.61,none,6203_PU_2855,12000.0,14000.0,5.9747,normal,0.866,-0.9383880963039962,0,0.011,0.902,-1.1799420858571499,1,0.006000000000000002
N15_M07_F10_KA15_12,KA15,real,outer_race,N15_M07_F10,1499.62,none,6203_PU_2855,12000.0,14000.0,4.8524,normal,0.642,-0.20167880885592224,0,0.018,0.748,-0.5764437253072148,1,0.011
N15_M07_F10_KA15_13,KA15,real,outer_race,N15_M07_F10,1499.53,none,6203_PU_2855,12000.0,14000.0,5.8675,normal,0.894,-0.7977098813037499,0,0.019,0.776,-0.599162201445457,0,0.011
N15_M07_F10_KA15_14,KA15,real,outer_race,N15_M07_F10,1499.6,none,6203_PU_2855,12000.0,14000.0,5.1669,normal,0.252,1.5706991506049401,1,0.015000000000000003,0.822,-0.6105067814067251,2,-0.01
N15_M07_F10_KA15_15,KA15,real,outer_race,N15_M07_F10,1499.48,none,6203_PU_2855,12000.0,14000.0,5.0128,normal,0.85,-0.8252151610779386,0,0.015000000000000003,0.936,-1.1242022623106924,1,-0.01
N15_M07_F10_KA15_16,KA15,real,outer_race,N15_M07_F10,1499.76,none,6203_PU_2855,12000.0,14000.0,5.2411,normal,0.692,-0.4986455279880354,1,0.015000000000000003,0.502,-0.007239923628870204,1,-0.009000000000000001
N15_M07_F10_KA15_17,KA15,real,outer_race,N15_M07_F10,1499.56,none,6203_PU_2855,12000.0,14000.0,5.819,normal,0.576,-0.17768519597040014,1,0.013000000000000001,0.83,-0.7995748236461743,0,0.0019999999999999983
N15_M07_F10_KA15_18,KA15,real,outer_race,N15_M07_F10,1499.62,none,6203_PU_2855,12000.0,14000.0,5.461,normal,0.642,-0.2610907061973524,0,0.014000000000000002,0.488,0.06745348425762845,1,-0.009000000000000001
N15_M07_F10_KA15_19,KA15,real,outer_race,N15_M07_F10,1499.62,none,6203_PU_2855,12000.0,14000.0,5.6368,normal,0.39,0.40827018473691695,0,0.02,0.83,-0.5160304155595284,1,-0.009000000000000001
N15_M07_F10_KA15_2,KA15,real,outer_race,N15_M07_F10,1499.67,none,6203_PU_2855,12000.0,14000.0,3.9791,normal,0.592,-0.3961658627334766,0,0.02,0.82,-0.7573646057624738,1,-0.0010000000000000009
N15_M07_F10_KA15_20,KA15,real,outer_race,N15_M07_F10,1499.64,none,6203_PU_2855,12000.0,14000.0,5.8226,normal,0.756,-0.6249168731581192,1,0.016000000000000004,0.234,0.9657662980720753,1,-0.01
N15_M07_F10_KA15_3,KA15,real,outer_race,N15_M07_F10,1499.67,none,6203_PU_2855,12000.0,14000.0,4.7969,normal,0.668,-0.3167589864377527,0,0.016000000000000004,0.85,-0.8891056438647964,1,-0.008
N15_M07_F10_KA15_4,KA15,real,outer_race,N15_M07_F10,1499.75,none,6203_PU_2855,12000.0,14000.0,5.3601,normal,0.46,0.14007147062904773,0,0.014000000000000002,0.878,-1.0032280338586885,1,-0.009000000000000001
N15_M07_F10_KA15_5,KA15,real,outer_race,N15_M07_F10,1499.65,none,6203_PU_2855,12000.0,14000.0,5.0614,normal,0.762,-0.6456487394917063,1,0.014000000000000002,0.928,-1.1417750356057046,1,-0.0010000000000000009
N15_M07_F10_KA15_6,KA15,real,outer_race,N15_M07_F10,1499.43,none,6203_PU_2855,12000.0,14000.0,5.5105,normal,0.83,-0.7117280311376627,0,0.015000000000000003,0.884,-1.0819625073144974,1,-0.016
N15_M07_F10_KA15_7,KA15,real,outer_race,N15_M07_F10,1499.48,none,6203_PU_2855,12000.0,14000.0,4.3828,normal,0.856,-0.6435022579243488,0,0.011,0.88,-1.0659068997485346,1,-0.009000000000000001
N15_M07_F10_KA15_8,KA15,real,outer_race,N15_M07_F10,1499.54,none,6203_PU_2855,12000.0,14000.0,5.1993,normal,0.706,-0.11238643924355364,0,0.016999999999999998,0.974,-1.3650893167400513,0,0.006999999999999999
N15_M07_F10_KA15_9,KA15,real,outer_race,N15_M07_F10,1499.5,none,6203_PU_2855,12000.0,14000.0,5.571,normal,0.602,-0.3789919787497998,0,0.014000000000000002,0.848,-0.9657666502070171,1,-0.009000000000000001
N15_M07_F10_KA16_1,KA16,real,outer_race,N15_M07_F10,1499.57,none,6203_PU_2905,8000.0,12000.0,17.7664,outer_race,0.002,10.537167758010229,5,-0.0019999999999999983,0.52,-0.20125753864108364,4,-0.005000000000000001
N15_M07_F10_KA16_10,KA16,real,outer_race,N15_M07_F10,1499.78,none,6203_PU_2905,8000.0,12000.0,5.8693,outer_race,0.002,7.841827358187743,5,-0.0019999999999999983,0.84,-0.9970698473291242,3,-0.016
N15_M07_F10_KA16_11,KA16,real,outer_race,N15_M07_F10,1499.66,none,6203_PU_2905,8000.0,12000.0,5.4764,outer_race,0.002,11.894395418249836,5,-0.0019999999999999983,0.872,-0.8752213915132594,2,-0.013000000000000001
N15_M07_F10_KA16_12,KA16,real,outer_race,N15_M07_F10,1500.31,none,6203_PU_2905,8000.0,12000.0,5.0614,outer_race,0.002,15.18427990064172,4,-0.0010000000000000009,0.716,-0.622862605371259,2,-0.014
N15_M07_F10_KA16_13,KA16,real,outer_race,N15_M07_F10,1499.6,none,6203_PU_2905,8000.0,12000.0,4.9699,outer_race,0.002,8.785279476774443,5,-0.002999999999999999,0.592,-0.1265437165410347,2,-0.016
N15_M07_F10_KA16_14,KA16,real,outer_race,N15_M07_F10,1499.7,none,6203_PU_2905,8000.0,12000.0,5.0866,outer_race,0.002,13.41180808691698,5,-0.002999999999999999,0.746,-0.8074665975417156,1,-0.017
N15_M07_F10_KA16_15,KA16,real,outer_race,N15_M07_F10,1499.46,none,6203_PU_2905,8000.0,12000.0,5.0076,outer_race,0.002,21.992343368556657,5,-0.0019999999999999983,0.626,-0.36641481810677873,2,-0.015
N15_M07_F10_KA16_16,KA16,real,outer_race,N15_M07_F10,1499.46,none,6203_PU_2905,8000.0,12000.0,5.1593,outer_race,0.002,15.9951613024133,5,-0.0019999999999999983,0.786,-0.365075680790531,3,-0.016
N15_M07_F10_KA16_17,KA16,real,outer_race,N15_M07_F10,1499.65,none,6203_PU_2905,8000.0,12000.0,5.3774,outer_race,0.002,11.775217931893929,5,-0.0019999999999999983,0.55,-0.15344761852164324,3,-0.016
N15_M07_F10_KA16_18,KA16,real,outer_race,N15_M07_F10,1499.43,none,6203_PU_2905,8000.0,12000.0,5.7531,outer_race,0.002,11.304957307427514,5,-0.0019999999999999983,0.868,-0.7902691601389006,0,-0.0010000000000000009
N15_M07_F10_KA16_19,KA16,real,outer_race,N15_M07_F10,1499.47,none,6203_PU_2905,8000.0,12000.0,5.4611,outer_race,0.002,8.78612363827258,5,-0.002999999999999999,0.726,-0.5918639849228953,2,-0.016
N15_M07_F10_KA16_2,KA16,real,outer_race,N15_M07_F10,1499.6,none,6203_PU_2905,8000.0,12000.0,11.1082,outer_race,0.002,12.58047901374856,4,-0.0019999999999999983,0.588,-0.3214266111327952,2,-0.005000000000000001
N15_M07_F10_KA16_20,KA16,real,outer_race,N15_M07_F10,1499.52,none,6203_PU_2905,8000.0,12000.0,5.2655,outer_race,0.002,16.04350175283975,5,-0.0019999999999999983,0.388,0.20418381939298708,2,-0.016
N15_M07_F10_KA16_3,KA16,real,outer_race,N15_M07_F10,1499.67,none,6203_PU_2905,8000.0,12000.0,7.5374,outer_race,0.002,8.008957011161755,4,-0.0019999999999999983,0.666,-0.6148796294093638,2,-0.004
N15_M07_F10_KA16_4,KA16,real,outer_race,N15_M07_F10,1499.41,none,6203_PU_2905,8000.0,12000.0,6.19,outer_race,0.002,14.165036610991683,4,-0.0010000000000000009,0.646,-0.3911733555938343,3,-0.016
N15_M07_F10_KA16_5,KA16,real,outer_race,N15_M07_F10,1499.67,none,6203_PU_2905,8000.0,12000.0,5.8938,outer_race,0.002,21.110391140605067,5,-0.0019999999999999983,0.67,-0.49112094618576746,5,-0.016
N15_M07_F10_KA16_6,KA16,real,outer_race,N15_M07_F10,1499.37,none,6203_PU_2905,8000.0,12000.0,6.8013,outer_race,0.002,13.030870227420525,4,0.0,0.642,-0.3302919398210461,2,-0.011
N15_M07_F10_KA16_7,KA16,real,outer_race,N15_M07_F10,1499.57,none,6203_PU_2905,8000.0,12000.0,6.6582,outer_race,0.002,13.814995753709272,5,-0.0010000000000000009,0.82,-0.8041181494313692,1,-0.014
N15_M07_F10_KA16_8,KA16,real,outer_race,N15_M07_F10,1499.6,none,6203_PU_2905,8000.0,12000.0,6.1829,outer_race,0.002,12.153030452106268,5,-0.0019999999999999983,0.752,-0.5273333303229099,0,-0.015
N15_M07_F10_KA16_9,KA16,real,outer_race,N15_M07_F10,1499.64,none,6203_PU_2905,8000.0,12000.0,6.1496,outer_race,0.002,16.065869657895334,5,-0.0019999999999999983,0.7,-0.6608708236151359,3,-0.005000000000000001
N15_M07_F10_KA22_1,KA22,real,outer_race,N15_M07_F10,1499.63,none,6203_PU_2905,10666.7,13333.3,7.6152,normal,0.418,0.02398429504967729,1,0.009000000000000001,0.754,-0.6372107877131803,2,-0.006
N15_M07_F10_KA22_10,KA22,real,outer_race,N15_M07_F10,1499.58,none,6203_PU_2905,10666.7,13333.3,6.274,normal,0.464,0.20173979625215235,1,0.015000000000000003,0.618,-0.22124890919480464,1,0.018
N15_M07_F10_KA22_11,KA22,real,outer_race,N15_M07_F10,1499.48,none,6203_PU_2905,10666.7,13333.3,6.6635,normal,0.728,-0.6904297625701248,0,-0.016,0.47,0.11927303492947847,1,-0.006
N15_M07_F10_KA22_12,KA22,real,outer_race,N15_M07_F10,1500.3,none,6203_PU_2905,10666.7,13333.3,5.8095,normal,0.714,-0.29875358655444284,0,0.016000000000000004,0.986,-2.1322612465211,1,-0.006999999999999999
N15_M07_F10_KA22_13,KA22,real,outer_race,N15_M07_F10,1499.59,none,6203_PU_2905,10666.7,13333.3,6.5707,normal,0.704,-0.614325833850153,1,0.016999999999999998,0.776,-0.5467000571503638,1,-0.006999999999999999
N15_M07_F10_KA22_14,KA22,real,outer_race,N15_M07_F10,1499.56,none,6203_PU_2905,10666.7,13333.3,7.0232,normal,0.764,-0.8365928724211553,1,0.016999999999999998,0.824,-0.5400068812577532,2,-0.013000000000000001
N15_M07_F10_KA22_15,KA22,real,outer_race,N15_M07_F10,1499.63,none,6203_PU_2905,12000.0,14000.0,6.2837,normal,0.572,-0.10799178651888681,0,0.009000000000000001,0.56,-0.11819032078723664,2,-0.013000000000000001
N15_M07_F10_KA22_16,KA22,real,outer_race,N15_M07_F10,1499.53,none,6203_PU_2905,10666.7,13333.3,6.4496,normal,0.63,-0.20890535846271474,1,0.011,0.892,-1.1007029426147152,2,-0.006
N15_M07_F10_KA22_17,KA22,real,outer_race,N15_M07_F10,1499.61,none,6203_PU_2905,10666.7,13333.3,5.6892,normal,0.464,0.04114634964269484,1,0.009999999999999998,0.606,-0.1645346007095742,1,0.018
N15_M07_F10_KA22_18,KA22,real,outer_race,N15_M07_F10,1499.58,none,6203_PU_2905,12000.0,14000.0,7.6501,normal,0.768,-0.7118974100257902,1,0.009000000000000001,0.952,-1.2473485997344325,0,0.014000000000000002
N15_M07_F10_KA22_19,KA22,real,outer_race,N15_M07_F10,1498.9,none,6203_PU_2905,12000.0,14000.0,6.7787,normal,0.402,0.37891238908336694,0,0.009999999999999998,0.398,0.3561972761470969,1,-0.006
N15_M07_F10_KA22_2,KA22,real,outer_race,N15_M07_F10,1499.42,none,6203_PU_2905,10666.7,13333.3,7.351,normal,0.442,0.2079429658966799,0,0.011,0.708,-0.7606754059473738,1,-0.006
N15_M07_F10_KA22_20,KA22,real,outer_race,N15_M07_F10,1499.51,none,6203_PU_2905,10666.7,13333.3,5.9531,normal,0.722,-0.6588548107264577,1,0.009999999999999998,0.908,-1.0557243385829862,2,-0.012
N15_M07_F10_KA22_3,KA22,real,outer_race,N15_M07_F10,1499.46,none,6203_PU_2905,10666.7,13333.3,7.3898,normal,0.812,-0.7418783583074348,0,-0.02,0.586,-0.2415925131079401,2,-0.005000000000000001
N15_M07_F10_KA22_4,KA22,real,outer_race,N15_M07_F10,1499.51,none,6203_PU_2905,10666.7,13333.3,6.1111,normal,0.578,-0.22189932548318556,1,0.016000000000000004,0.822,-0.9588452139028426,2,-0.006
N15_M07_F10_KA22_5,KA22,real,outer_race,N15_M07_F10,1499.71,none,6203_PU_2905,10666.7,13333.3,6.7735,normal,0.412,0.27259072462235817,1,0.009000000000000001,0.536,-0.07153390325841061,1,-0.005000000000000001
N15_M07_F10_KA22_6,KA22,real,outer_race,N15_M07_F10,1499.55,none,6203_PU_2905,10666.7,13333.3,6.8233,normal,0.566,-0.11185679028553368,1,0.016999999999999998,0.95,-1.370122795090239,1,-0.005000000000000001
N15_M07_F10_KA22_7,KA22,real,outer_race,N15_M07_F10,1499.54,none,6203_PU_2905,10666.7,13333.3,6.4797,normal,0.788,-0.8758739416205518,0,-0.019,0.528,-0.08916242650087057,1,0.0
N15_M07_F10_KA22_8,KA22,real,outer_race,N15_M07_F10,1499.57,none,6203_PU_2905,10666.7,13333.3,6.5077,normal,0.288,0.8786139642654943,1,0.009000000000000001,0.934,-0.95344464442789,2,-0.012
N15_M07_F10_KA22_9,KA22,real,outer_race,N15_M07_F10,1499.95,none,6203_PU_2905,10666.7,13333.3,6.6606,normal,0.664,-0.30483609309389376,0,-0.006999999999999999,0.868,-0.9234046168907717,1,-0.006
N15_M07_F10_KA30_1,KA30,real,outer_race,N15_M07_F10,1499.53,none,6203_PU_2905,12000.0,14000.0,6.9191,normal,0.772,-0.5834927509160159,1,-0.006999999999999999,0.234,1.0090975431150162,2,0.014000000000000002
N15_M07_F10_KA30_10,KA30,real,outer_race,N15_M07_F10,1499.67,none,6203_PU_2905,12000.0,14000.0,9.9334,normal,0.562,-0.09280482226309548,1,-0.006999999999999999,0.316,0.5744870260601448,1,0.016999999999999998
N15_M07_F10_KA30_11,KA30,real,outer_race,N15_M07_F10,1499.75,none,6203_PU_2905,12000.0,14000.0,6.9562,normal,0.32,0.8344405904483781,1,-0.006999999999999999,0.19,1.7837132167625442,2,0.012
N15_M07_F10_KA30_12,KA30,real,outer_race,N15_M07_F10,1499.42,none,6203_PU_2905,10666.7,13333.3,6.703,inner_race,0.776,-0.968271386295753,1,-0.006,0.012,2.5942371567229947,3,0.014000000000000002
N15_M07_F10_KA30_13,KA30,real,outer_race,N15_M07_F10,1499.65,none,6203_PU_2905,12000.0,14000.0,11.769,normal,0.692,-0.4808316601158466,2,-0.006,0.22,0.8950272073051881,1,0.002999999999999999
N15_M07_F10_KA30_14,KA30,real,outer_race,N15_M07_F10,1499.5,none,6203_PU_2905,10666.7,13333.3,6.371,normal,0.422,0.28492355225078553,1,-0.006,0.42,0.1532698076537184,3,0.014000000000000002
N15_M07_F10_KA30_15,KA30,real,outer_race,N15_M07_F10,1499.5,none,6203_PU_2905,13333.3,14666.7,6.0626,normal,0.304,0.6547640659650098,1,-0.006,0.218,0.8270866588184507,1,0.004
N15_M07_F10_KA30_16,KA30,real,outer_race,N15_M07_F10,1499.4,none,6203_PU_2905,10666.7,13333.3,6.2846,normal,0.446,0.5820645346213391,1,-0.005000000000000001,0.244,0.737722653119423,1,0.014000000000000002
N15_M07_F10_KA30_17,KA30,real,outer_race,N15_M07_F10,1499.68,none,6203_PU_2905,13333.3,14666.7,8.1903,normal,0.702,-0.2997600311415036,0,0.011,0.132,1.6863906598628475,1,0.015000000000000003
N15_M07_F10_KA30_18,KA30,real,outer_race,N15_M07_F10,1499.24,none,6203_PU_2905,10666.7,13333.3,8.2826,inner_race,0.88,-0.8763726972186415,0,0.013000000000000001,0.008,3.4013321299706973,4,0.016000000000000004
N15_M07_F10_KA30_19,KA30,real,outer_race,N15_M07_F10,1499.73,none,6203_PU_2905,10666.7,13333.3,8.3861,normal,0.666,-0.5578957419754783,1,-0.006,0.174,1.1862422860938655,2,0.012
N15_M07_F10_KA30_2,KA30,real,outer_race,N15_M07_F10,1499.45,none,6203_PU_2905,13333.3,14666.7,9.854,normal,0.718,-0.5649705568383889,2,-0.006,0.602,-0.18833475618451928,1,0.002999999999999999
N15_M07_F10_KA30_20,KA30,real,outer_race,N15_M07_F10,1499.64,none,6203_PU_2905,13333.3,14666.7,6.4715,normal,0.698,-0.5800024828183352,0,-0.006,0.722,-0.507639543939445,1,0.004
N15_M07_F10_KA30_3,KA30,real,outer_race,N15_M07_F10,1499.53,none,6203_PU_2905,10666.7,13333.3,6.7733,normal,0.464,0.042612183929168795,1,-0.005000000000000001,0.47,0.03927469857354987,2,-0.011
N15_M07_F10_KA30_4,KA30,real,outer_race,N15_M07_F10,1499.61,none,6203_PU_2905,13333.3,14666.7,7.0556,normal,0.954,-1.0939045266895424,0,0.015000000000000003,0.054,2.747941378132071,1,0.014000000000000002
N15_M07_F10_KA30_5,KA30,real,outer_race,N15_M07_F10,1499.59,none,6203_PU_2905,13333.3,14666.7,11.2692,normal,0.522,-0.07732147797711486,1,-0.005000000000000001,0.548,-0.17206708582129226,2,0.012
N15_M07_F10_KA30_6,KA30,real,outer_race,N15_M07_F10,1499.46,none,6203_PU_2905,12000.0,14000.0,6.4763,normal,0.882,-0.850380771148191,1,-0.005000000000000001,0.346,0.47036947313167066,1,0.012
N15_M07_F10_KA30_7,KA30,real,outer_race,N15_M07_F10,1499.57,none,6203_PU_2905,10666.7,13333.3,6.2137,normal,0.476,0.015242333620842239,1,-0.005000000000000001,0.324,0.5779481839447832,1,0.014000000000000002
N15_M07_F10_KA30_8,KA30,real,outer_race,N15_M07_F10,1499.51,none,6203_PU_2905,12000.0,14000.0,6.4633,normal,0.516,-0.12100429872304595,1,-0.005000000000000001,0.182,1.0303094787860978,3,0.014000000000000002
N15_M07_F10_KA30_9,KA30,real,outer_race,N15_M07_F10,1499.9,none,6203_PU_2905,10666.7,13333.3,6.5834,normal,0.938,-1.3122875355696493,1,-0.005000000000000001,0.978,-1.379965282527448,0,0.02
N15_M07_F10_KI01_1,KI01,artificial,inner_race,N15_M07_F10,1499.57,none,6203_PU_2905,8000.0,12000.0,15.936,normal,1.0,-3.094186938940804,0,-0.002999999999999999,0.078,3.8513413779916625,17,0.0010000000000000009
N15_M07_F10_KI01_10,KI01,artificial,inner_race,N15_M07_F10,1499.57,none,6203_PU_2905,9333.3,10666.7,17.8627,inner_race,0.91,-1.4851236540805408,1,-0.017,0.002,7.1728390160793705,25,0.0010000000000000009
N15_M07_F10_KI01_11,KI01,artificial,inner_race,N15_M07_F10,1499.65,none,6203_PU_2905,9333.3,10666.7,18.3349,inner_race,0.79,-1.073286391128135,1,-0.017,0.002,4.400056240557467,25,0.0010000000000000009
N15_M07_F10_KI01_12,KI01,artificial,inner_race,N15_M07_F10,1499.58,none,6203_PU_2905,9333.3,10666.7,18.2108,inner_race,0.536,-0.2670700130333223,0,0.016999999999999998,0.002,3.324923172440095,25,0.0010000000000000009
N15_M07_F10_KI01_13,KI01,artificial,inner_race,N15_M07_F10,1499.64,none,6203_PU_2905,9333.3,10666.7,18.0249,inner_race,0.48,0.1728327039111563,0,0.016999999999999998,0.002,5.125008291137096,25,0.0010000000000000009
N15_M07_F10_KI01_14,KI01,artificial,inner_race,N15_M07_F10,1499.52,none,6203_PU_2905,9333.3,10666.7,19.1764,inner_race,0.938,-1.180773769214926,1,-0.018000000000000002,0.002,3.504007621960248,25,0.0010000000000000009
N15_M07_F10_KI01_15,KI01,artificial,inner_race,N15_M07_F10,1499.59,none,6203_PU_2905,9333.3,10666.7,18.9194,inner_race,0.622,-0.3351272124784147,1,-0.018000000000000002,0.002,3.5990641258950964,25,0.0010000000000000009
N15_M07_F10_KI01_16,KI01,artificial,inner_race,N15_M07_F10,1499.59,none,6203_PU_2905,8000.0,12000.0,18.409,inner_race,0.99,-1.5972600631093363,0,-0.014,0.002,4.105508416322643,25,0.0010000000000000009
N15_M07_F10_KI01_17,KI01,artificial,inner_race,N15_M07_F10,1499.53,none,6203_PU_2905,9333.3,10666.7,19.7603,inner_race,0.928,-1.088921888525503,1,-0.02,0.002,4.4472597290459825,25,0.0010000000000000009
N15_M07_F10_KI01_18,KI01,artificial,inner_race,N15_M07_F10,1499.54,none,6203_PU_2905,9333.3,10666.7,18.784,inner_race,0.778,-0.7502584293447505,1,-0.017,0.002,3.4914962467297967,25,0.0010000000000000009
N15_M07_F10_KI01_19,KI01,artificial,inner_race,N15_M07_F10,1499.6,none,6203_PU_2905,9333.3,10666.7,17.4997,inner_race,0.988,-2.1105743580925984,0,-0.0019999999999999983,0.002,3.881613029887634,25,0.0010000000000000009
N15_M07_F10_KI01_2,KI01,artificial,inner_race,N15_M07_F10,1499.54,none,6203_PU_2905,8000.0,12000.0,14.8594,inner_race,0.98,-2.800028455121824,1,-0.02,0.002,4.398366164756104,20,0.0010000000000000009
N15_M07_F10_KI01_20,KI01,artificial,inner_race,N15_M07_F10,1499.6,none,6203_PU_2905,9333.3,10666.7,18.7009,inner_race,0.498,0.030071604733737937,0,-0.015,0.002,3.438476366122028,25,0.0010000000000000009
N15_M07_F10_KI01_3,KI01,artificial,inner_race,N15_M07_F10,1499.6,none,6203_PU_2905,8000.0,12000.0,18.8595,inner_race,0.99,-2.107502970139703,0,0.018,0.002,3.6035472896974405,25,0.0010000000000000009
N15_M07_F10_KI01_4,KI01,artificial,inner_race,N15_M07_F10,1499.55,none,6203_PU_2905,8000.0,12000.0,16.0683,inner_race,0.956,-1.699103369325071,0,-0.013000000000000001,0.002,3.857449113500648,25,0.0010000000000000009
N15_M07_F10_KI01_5,KI01,artificial,inner_race,N15_M07_F10,1499.64,none,6203_PU_2905,8000.0,12000.0,15.5899,inner_race,0.932,-1.3157429010438362,1,-0.018000000000000002,0.002,4.580530532850341,25,0.0010000000000000009
N15_M07_F10_KI01_6,KI01,artificial,inner_race,N15_M07_F10,1499.59,none,6203_PU_2905,8000.0,12000.0,15.1431,inner_race,0.442,0.41488789344074506,1,-0.017,0.002,5.484279803530607,25,0.0010000000000000009
N15_M07_F10_KI01_7,KI01,artificial,inner_race,N15_M07_F10,1499.61,none,6203_PU_2905,9333.3,10666.7,15.9446,inner_race,0.804,-1.1372238439600868,1,-0.02,0.002,4.713317030551785,25,0.0010000000000000009
N15_M07_F10_KI01_8,KI01,artificial,inner_race,N15_M07_F10,1499.6,none,6203_PU_2905,9333.3,10666.7,17.5304,inner_race,0.45,0.20414251950677986,1,-0.018000000000000002,0.002,4.6179996463010236,25,0.0010000000000000009
N15_M07_F10_KI01_9,KI01,artificial,inner_race,N15_M07_F10,1499.67,none,6203_PU_2905,9333.3,10666.7,17.4291,inner_race,0.69,-0.578912891643318,1,-0.017,0.002,6.369843717269268,25,0.0010000000000000009
N15_M07_F10_KI03_1,KI03,artificial,inner_race,N15_M07_F10,1499.68,none,6203_PU_2905,13333.3,14666.7,3.6966,normal,0.928,-1.2529510535541624,0,0.015000000000000003,0.936,-1.1049116041272158,0,0.019
N15_M07_F10_KI03_10,KI03,artificial,inner_race,N15_M07_F10,1499.64,none,6203_PU_2905,13333.3,14666.7,4.7465,normal,0.702,-0.44288534451597095,0,-0.014,0.552,-0.2272959610677197,1,-0.006
N15_M07_F10_KI03_11,KI03,artificial,inner_race,N15_M07_F10,1499.79,none,6203_PU_2905,13333.3,14666.7,4.3813,normal,0.992,-1.2860057483287426,0,0.009000000000000001,0.468,0.030180214064331447,1,-0.006
N15_M07_F10_KI03_12,KI03,artificial,inner_race,N15_M07_F10,1499.82,none,6203_PU_2905,13333.3,14666.7,3.7876,normal,0.28,0.43987260244041393,0,0.009000000000000001,0.814,-0.8828537426608147,0,0.015000000000000003
N15_M07_F10_KI03_13,KI03,artificial,inner_race,N15_M07_F10,1499.66,none,6203_PU_2905,13333.3,14666.7,6.1999,normal,0.344,1.1113283158078306,0,0.015000000000000003,0.578,-0.19150168071111015,1,0.0019999999999999983
N15_M07_F10_KI03_14,KI03,artificial,inner_race,N15_M07_F10,1499.63,none,6203_PU_2905,13333.3,14666.7,5.77,normal,0.598,-0.2612620194365424,0,0.016000000000000004,0.95,-0.9140207618426797,1,-0.005000000000000001
N15_M07_F10_KI03_15,KI03,artificial,inner_race,N15_M07_F10,1499.61,none,6203_PU_2905,13333.3,14666.7,5.3238,normal,0.592,-0.20495115910446668,0,-0.006999999999999999,0.976,-0.9514077422610596,0,0.009999999999999998
N15_M07_F10_KI03_16,KI03,artificial,inner_race,N15_M07_F10,1499.57,none,6203_PU_2905,13333.3,14666.7,5.5728,normal,0.414,0.1839275642402628,0,0.008,0.806,-0.6365562337463687,1,-0.012
N15_M07_F10_KI03_17,KI03,artificial,inner_race,N15_M07_F10,1499.67,none,6203_PU_2905,13333.3,14666.7,5.2848,normal,0.426,0.24389944958551846,0,-0.004,0.518,-0.038326003115140866,1,-0.012
N15_M07_F10_KI03_18,KI03,artificial,inner_race,N15_M07_F10,1499.58,none,6203_PU_2905,13333.3,14666.7,5.4681,normal,0.32,0.7192921151373486,1,0.016000000000000004,0.892,-0.7202541523587123,1,0.015000000000000003
N15_M07_F10_KI03_19,KI03,artificial,inner_race,N15_M07_F10,1499.56,none,6203_PU_2905,13333.3,14666.7,5.2791,normal,0.766,-0.5533153664185129,0,-0.005000000000000001,0.888,-0.7318488709950587,0,0.015000000000000003
N15_M07_F10_KI03_2,KI03,artificial,inner_race,N15_M07_F10,1499.5,none,6203_PU_2905,13333.3,14666.7,4.8112,normal,0.742,-0.39489117824912523,0,0.006000000000000002,0.54,-0.13294695790971822,0,0.019
N15_M07_F10_KI03_20,KI03,artificial,inner_race,N15_M07_F10,1499.55,none,6203_PU_2905,13333.3,14666.7,5.0392,normal,0.972,-1.3625521787578394,0,0.009999999999999998,0.62,-0.48221042631781375,1,-0.013000000000000001
N15_M07_F10_KI03_3,KI03,artificial,inner_race,N15_M07_F10,1499.6,none,6203_PU_2905,13333.3,14666.7,5.0829,normal,0.296,0.9849221403928213,0,0.006999999999999999,0.198,1.0600898345567786,0,0.012
N15_M07_F10_KI03_4,KI03,artificial,inner_race,N15_M07_F10,1499.65,none,6203_PU_2905,13333.3,14666.7,5.7163,normal,0.94,-0.740214021683076,0,0.008,0.946,-1.371194579655115,1,-0.012
N15_M07_F10_KI03_5,KI03,artificial,inner_race,N15_M07_F10,1499.65,none,6203_PU_2905,13333.3,14666.7,4.3701,normal,0.658,-0.2976137294071849,0,0.008,0.756,-0.6125664257676283,0,0.019
N15_M07_F10_KI03_6,KI03,artificial,inner_race,N15_M07_F10,1499.57,none,6203_PU_2905,13333.3,14666.7,5.0729,normal,0.458,0.12140738508013715,0,0.016000000000000004,0.858,-0.8320527132711316,0,-0.006
N15_M07_F10_KI03_7,KI03,artificial,inner_race,N15_M07_F10,1499.58,none,6203_PU_2905,13333.3,14666.7,4.728,normal,0.912,-1.3844038680618231,0,0.006999999999999999,0.688,-0.40451796334440615,0,0.004
N15_M07_F10_KI03_8,KI03,artificial,inner_race,N15_M07_F10,1499.54,none,6203_PU_2905,13333.3,14666.7,5.3478,normal,0.622,-0.13349974189666552,1,0.009000000000000001,0.502,-0.0009501426323047121,0,-0.005000000000000001
N15_M07_F10_KI03_9,KI03,artificial,inner_race,N15_M07_F10,1499.64,none,6203_PU_2905,13333.3,14666.7,5.9428,normal,0.434,0.6057870838279037,0,0.009000000000000001,0.86,-0.8753035719821579,1,-0.013000000000000001
N15_M07_F10_KI04_1,KI04,real,inner_race,N15_M07_F10,1499.64,none,6203_PU_2905,12000.0,14000.0,4.0579,normal,0.584,-0.5439079430782883,1,-0.008,0.208,0.896303466729673,3,0.014000000000000002
N15_M07_F10_KI04_10,KI04,real,inner_race,N15_M07_F10,1499.31,none,6203_PU_2905,10666.7,13333.3,4.5525,normal,0.288,1.1109793409692494,2,-0.006999999999999999,0.236,0.8289468201281794,3,0.015000000000000003
N15_M07_F10_KI04_11,KI04,real,inner_race,N15_M07_F10,1499.5,none,6203_PU_2905,13333.3,14666.7,3.607,normal,0.362,0.15140002884245204,1,-0.006999999999999999,0.456,0.1006200078822512,3,0.014000000000000002
N15_M07_F10_KI04_12,KI04,real,inner_race,N15_M07_F10,1499.49,none,6203_PU_2905,12000.0,14000.0,4.1275,normal,0.952,-1.0677272655866767,1,-0.006999999999999999,0.254,0.8504972892912309,2,0.019
N15_M07_F10_KI04_13,KI04,real,inner_race,N15_M07_F10,1499.44,none,6203_PU_2905,12000.0,14000.0,4.2115,normal,0.728,-0.348370956470784,1,-0.005000000000000001,0.044,2.097416473515012,2,0.019
N15_M07_F10_KI04_14,KI04,real,inner_race,N15_M07_F10,1499.55,none,6203_PU_2905,10666.7,13333.3,4.4369,normal,0.3,0.7057891403075754,1,-0.006,0.646,-0.5551955153849464,2,0.016000000000000004
N15_M07_F10_KI04_15,KI04,real,inner_race,N15_M07_F10,1499.68,none,6203_PU_2905,10666.7,13333.3,2.8854,normal,0.594,-0.24497178829478045,0,0.011,0.362,0.36312515857849176,3,0.015000000000000003
N15_M07_F10_KI04_16,KI04,real,inner_race,N15_M07_F10,1499.48,none,6203_PU_2905,10666.7,13333.3,2.5826,normal,0.564,-0.11143951321958614,1,-0.006999999999999999,0.19,0.8061476680172959,2,0.019
N15_M07_F10_KI04_17,KI04,real,inner_race,N15_M07_F10,1499.84,none,6203_PU_2905,10666.7,13333.3,2.3017,normal,0.194,2.6066177950983036,1,-0.008,0.052,1.4197087924967002,3,0.014000000000000002
N15_M07_F10_KI04_18,KI04,real,inner_race,N15_M07_F10,1499.53,none,6203_PU_2905,10666.7,13333.3,2.5265,normal,0.59,-0.24488583006292297,1,-0.005000000000000001,0.58,-0.14071476992443574,1,-0.011
N15_M07_F10_KI04_19,KI04,real,inner_race,N15_M07_F10,1499.87,none,6203_PU_2905,13333.3,14666.7,2.3371,normal,0.618,-0.1780590649702168,1,-0.006999999999999999,0.638,-0.4339875354697253,1,0.014000000000000002
N15_M07_F10_KI04_2,KI04,real,inner_race,N15_M07_F10,1499.7,none,6203_PU_2905,13333.3,14666.7,3.3771,normal,0.456,0.07440125793669972,1,-0.006999999999999999,0.07,2.5626807346162974,1,0.014000000000000002
N15_M07_F10_KI04_20,KI04,real,inner_race,N15_M07_F10,1499.45,none,6203_PU_2905,12000.0,14000.0,2.3031,normal,0.378,0.2760055399175447,1,-0.006999999999999999,0.286,0.6732999757880744,2,0.016000000000000004
N15_M07_F10_KI04_3,KI04,real,inner_race,N15_M07_F10,1499.63,none,6203_PU_2905,12000.0,14000.0,2.9029,normal,0.414,0.4032147186199238,1,-0.005000000000000001,0.336,0.41810861158655827,2,0.015000000000000003
N15_M07_F10_KI04_4,KI04,real,inner_race,N15_M07_F10,1499.6,none,6203_PU_2905,10666.7,13333.3,3.3662,normal,0.948,-1.295531495726819,1,-0.006,0.554,-0.09559612311455255,2,0.016000000000000004
N15_M07_F10_KI04_5,KI04,real,inner_race,N15_M07_F10,1499.75,none,6203_PU_2905,10666.7,13333.3,4.465,normal,0.21,1.7858683555038688,2,-0.006999999999999999,0.04,1.9352363680710543,3,0.015000000000000003
N15_M07_F10_KI04_6,KI04,real,inner_race,N15_M07_F10,1499.64,none,6203_PU_2905,10666.7,13333.3,4.3745,normal,0.26,0.9180986795151744,1,-0.006999999999999999,0.562,-0.13612283141172604,0,0.002999999999999999
N15_M07_F10_KI04_7,KI04,real,inner_race,N15_M07_F10,1499.63,none,6203_PU_2905,10666.7,13333.3,5.2813,normal,0.624,-0.2872581207498649,1,-0.006999999999999999,0.066,2.6086425650452902,3,0.014000000000000002
N15_M07_F10_KI04_8,KI04,real,inner_race,N15_M07_F10,1499.64,none,6203_PU_2905,10666.7,13333.3,3.5465,normal,0.644,-0.338807793281341,1,-0.006,0.62,-0.3651229345254132,0,0.009999999999999998
N15_M07_F10_KI04_9,KI04,real,inner_race,N15_M07_F10,1499.61,none,6203_PU_2905,10666.7,13333.3,4.1849,normal,0.262,0.36557599307915517,2,-0.005000000000000001,0.976,-1.742651522176216,1,-0.005000000000000001
N15_M07_F10_KI05_1,KI05,artificial,inner_race,N15_M07_F10,1499.88,none,6203_PU_2905,10666.7,13333.3,9.3092,normal,0.136,2.5700346193145642,2,-0.006999999999999999,0.514,-0.1152497635183746,2,0.013000000000000001
N15_M07_F10_KI05_10,KI05,artificial,inner_race,N15_M07_F10,1499.6,none,6203_PU_2905,12000.0,14000.0,6.0514,normal,0.72,-0.18234415212554972,1,-0.006,0.416,0.2237862519610976,2,0.014000000000000002
N15_M07_F10_KI05_11,KI05,artificial,inner_race,N15_M07_F10,1499.55,none,6203_PU_2905,10666.7,13333.3,7.5309,normal,0.738,-0.47500072165563156,1,-0.005000000000000001,0.77,-0.8460174008482831,2,0.012
N15_M07_F10_KI05_12,KI05,artificial,inner_race,N15_M07_F10,1499.78,none,6203_PU_2905,10666.7,13333.3,9.52,normal,0.732,-0.4782963288293355,1,-0.006999999999999999,0.482,0.03347946060364561,1,0.016000000000000004
N15_M07_F10_KI05_13,KI05,artificial,inner_race,N15_M07_F10,1499.61,none,6203_PU_2905,10666.7,13333.3,9.7053,normal,0.784,-0.4954502338551547,1,0.006000000000000002,0.982,-1.8478059368418511,1,0.002999999999999999
N15_M07_F10_KI05_14,KI05,artificial,inner_race,N15_M07_F10,1499.67,none,6203_PU_2905,12000.0,14000.0,7.1412,normal,0.658,-0.43513070743127413,0,-0.006999999999999999,0.454,0.18956169904118322,3,0.016000000000000004
N15_M07_F10_KI05_15,KI05,artificial,inner_race,N15_M07_F10,1499.52,none,6203_PU_2905,12000.0,14000.0,7.0319,normal,0.66,-0.6301027367598337,1,-0.006999999999999999,0.206,1.058064599388735,2,0.014000000000000002
N15_M07_F10_KI05_16,KI05,artificial,inner_race,N15_M07_F10,1499.58,none,6203_PU_2905,12000.0,14000.0,5.833,normal,0.408,0.5165282482180201,1,-0.006,0.182,1.377030315148366,2,0.016000000000000004
N15_M07_F10_KI05_17,KI05,artificial,inner_race,N15_M07_F10,1499.58,none,6203_PU_2905,10666.7,13333.3,5.8355,normal,0.844,-0.8209113779440886,1,0.015000000000000003,0.258,1.1046599196116436,3,0.016000000000000004
N15_M07_F10_KI05_18,KI05,artificial,inner_race,N15_M07_F10,1499.62,none,6203_PU_2905,10666.7,13333.3,8.7493,normal,0.72,-0.5319471919826858,1,-0.006999999999999999,0.206,1.229954743898513,2,-0.005000000000000001
N15_M07_F10_KI05_19,KI05,artificial,inner_race,N15_M07_F10,1499.6,none,6203_PU_2905,10666.7,13333.3,7.054,normal,0.85,-0.8034063295727183,1,-0.006,0.544,-0.20678696349291117,1,0.012
N15_M07_F10_KI05_2,KI05,artificial,inner_race,N15_M07_F10,1499.63,none,6203_PU_2905,13333.3,14666.7,8.9562,normal,0.684,-0.35270946388388724,1,-0.006,0.484,0.04235555910322966,1,0.014000000000000002
N15_M07_F10_KI05_20,KI05,artificial,inner_race,N15_M07_F10,1499.51,none,6203_PU_2905,10666.7,13333.3,8.9466,normal,0.866,-0.7775320757878508,1,-0.006999999999999999,0.67,-0.45961357521522733,1,0.016000000000000004
N15_M07_F10_KI05_3,KI05,artificial,inner_race,N15_M07_F10,1499.53,none,6203_PU_2905,12000.0,14000.0,7.8047,normal,0.614,-0.22179900512506026,0,0.011,0.132,2.108587959091721,3,0.016000000000000004
N15_M07_F10_KI05_4,KI05,artificial,inner_race,N15_M07_F10,1499.4,none,6203_PU_2905,10666.7,13333.3,10.7427,normal,0.678,-0.20792809985729255,2,-0.006,0.624,-0.329781716128936,1,0.002999999999999999
N15_M07_F10_KI05_5,KI05,artificial,inner_race,N15_M07_F10,1499.53,none,6203_PU_2905,12000.0,14000.0,9.2256,normal,0.506,-0.17493240590172623,2,-0.005000000000000001,0.21,1.1480524505121519,2,0.004
N15_M07_F10_KI05_6,KI05,artificial,inner_race,N15_M07_F10,1499.56,none,6203_PU_2905,10666.7,13333.3,7.8502,normal,0.714,-0.46225716308386344,1,-0.006999999999999999,0.266,0.6435709320086456,2,0.016000000000000004
N15_M07_F10_KI05_7,KI05,artificial,inner_race,N15_M07_F10,1499.6,none,6203_PU_2905,10666.7,13333.3,9.2578,normal,0.52,-0.03776465208158067,2,-0.006,0.382,0.3206051680862838,2,0.002999999999999999
N15_M07_F10_KI05_8,KI05,artificial,inner_race,N15_M07_F10,1499.52,none,6203_PU_2905,10666.7,13333.3,8.4795,normal,0.622,-0.18145346931123538,2,-0.006999999999999999,0.692,-0.3902742168961689,2,0.004
N15_M07_F10_KI05_9,KI05,artificial,inner_race,N15_M07_F10,1499.63,none,6203_PU_2905,10666.7,13333.3,7.0523,normal,0.57,-0.21872421943606543,1,-0.008,0.92,-1.022459315361032,2,0.013000000000000001
N15_M07_F10_KI07_1,KI07,artificial,inner_race,N15_M07_F10,1499.27,none,6203_PU_2905,12000.0,14000.0,9.8537,normal,0.444,0.331141144535108,1,-0.006999999999999999,0.988,-1.706418738913264,1,-0.01
N15_M07_F10_KI07_10,KI07,artificial,inner_race,N15_M07_F10,1499.5,none,6203_PU_2905,12000.0,14000.0,7.5733,normal,0.668,-0.4833963885182765,1,-0.006999999999999999,0.346,0.25651985138718036,1,0.009999999999999998
N15_M07_F10_KI07_11,KI07,artificial,inner_race,N15_M07_F10,1499.55,none,6203_PU_2905,12000.0,14000.0,8.7277,normal,0.65,-0.5028114469105052,1,-0.005000000000000001,0.364,0.49060649254803285,2,0.015000000000000003
N15_M07_F10_KI07_12,KI07,artificial,inner_race,N15_M07_F10,1499.69,none,6203_PU_2905,10666.7,13333.3,7.7553,normal,0.712,-0.27898484616723634,1,-0.005000000000000001,0.224,0.7958467134301969,0,0.02
N15_M07_F10_KI07_13,KI07,artificial,inner_race,N15_M07_F10,1499.83,none,6203_PU_2905,12000.0,14000.0,8.3748,normal,0.272,1.161618932993025,2,-0.005000000000000001,0.182,1.2810707965614139,1,0.002999999999999999
N15_M07_F10_KI07_14,KI07,artificial,inner_race,N15_M07_F10,1499.32,none,6203_PU_2905,10666.7,13333.3,7.5582,normal,0.334,1.6864143936718354,0,0.009999999999999998,0.664,-0.39634725863058295,0,0.0
N15_M07_F10_KI07_15,KI07,artificial,inner_race,N15_M07_F10,1499.74,none,6203_PU_2905,10666.7,13333.3,9.1626,normal,0.27,1.3211723527041828,2,-0.006999999999999999,0.12,1.3828567607886955,3,0.016000000000000004
N15_M07_F10_KI07_16,KI07,artificial,inner_race,N15_M07_F10,1499.41,none,6203_PU_2905,10666.7,13333.3,8.7774,normal,0.678,-0.14880364794965156,2,-0.006,0.384,0.2413606784180764,3,0.016000000000000004
N15_M07_F10_KI07_17,KI07,artificial,inner_race,N15_M07_F10,1499.56,none,6203_PU_2905,10666.7,12000.0,8.0923,normal,0.334,0.5388653387461756,1,-0.006999999999999999,0.306,0.6324855503204702,2,0.014000000000000002
N15_M07_F10_KI07_18,KI07,artificial,inner_race,N15_M07_F10,1499.74,none,6203_PU_2905,13333.3,14666.7,9.1491,normal,0.41,0.32565836505151413,1,-0.008,0.158,1.0160727341462723,1,-0.011
N15_M07_F10_KI07_19,KI07,artificial,inner_race,N15_M07_F10,1499.49,none,6203_PU_2905,12000.0,14000.0,6.7403,normal,0.4,0.3113958665802047,1,-0.006999999999999999,0.36,0.5443970114986908,1,0.019
N15_M07_F10_KI07_2,KI07,artificial,inner_race,N15_M07_F10,1499.78,none,6203_PU_2905,10666.7,13333.3,7.8717,normal,0.776,-0.8118277675526344,0,0.014000000000000002,0.442,0.17490252068804296,1,0.002999999999999999
N15_M07_F10_KI07_20,KI07,artificial,inner_race,N15_M07_F10,1498.85,none,6203_PU_2905,10666.7,13333.3,10.2359,normal,0.324,0.8093135342577741,1,-0.006,0.532,-0.07734095336694115,3,0.016000000000000004
N15_M07_F10_KI07_3,KI07,artificial,inner_race,N15_M07_F10,1499.59,none,6203_PU_2905,10666.7,13333.3,8.2344,normal,0.678,-0.1624953456253274,1,-0.006,0.106,1.7213707749474865,2,0.016000000000000004
N15_M07_F10_KI07_4,KI07,artificial,inner_race,N15_M07_F10,1499.4,none,6203_PU_2905,10666.7,13333.3,7.5622,normal,0.19,1.603368529709304,2,-0.006999999999999999,0.316,0.6210796812924569,4,0.016000000000000004
N15_M07_F10_KI07_5,KI07,artificial,inner_race,N15_M07_F10,1499.49,none,6203_PU_2905,10666.7,13333.3,6.3754,normal,0.64,-0.28645249088382063,1,-0.005000000000000001,0.284,0.6493769563021909,4,0.016000000000000004
N15_M07_F10_KI07_6,KI07,artificial,inner_race,N15_M07_F10,1499.62,none,6203_PU_2905,13333.3,14666.7,7.5565,normal,0.972,-1.8768433559289166,1,-0.005000000000000001,0.726,-0.5073129854391758,1,-0.012
N15_M07_F10_KI07_7,KI07,artificial,inner_race,N15_M07_F10,1499.41,none,6203_PU_2905,10666.7,13333.3,6.393,normal,0.358,0.4117274139728802,1,-0.005000000000000001,0.786,-1.002427896118865,3,0.016000000000000004
N15_M07_F10_KI07_8,KI07,artificial,inner_race,N15_M07_F10,1499.52,none,6203_PU_2905,13333.3,14666.7,12.8754,normal,0.162,1.7398591609683414,1,-0.006999999999999999,0.686,-0.3294362822356116,0,0.02
N15_M07_F10_KI07_9,KI07,artificial,inner_race,N15_M07_F10,1499.54,none,6203_PU_2905,10666.7,13333.3,6.6183,normal,0.652,-0.4727368393901473,0,0.016000000000000004,0.126,2.662524263775275,3,0.016000000000000004
N15_M07_F10_KI08_1,KI08,artificial,inner_race,N15_M07_F10,1500.1,none,6203_PU_2905,10666.7,13333.3,9.6264,normal,0.53,-0.0857202085934702,0,-0.006,0.468,0.06215672901823682,1,-0.011
N15_M07_F10_KI08_10,KI08,artificial,inner_race,N15_M07_F10,1499.79,none,6203_PU_2905,12000.0,14000.0,6.9928,normal,0.218,1.158835022739568,1,-0.006,0.316,0.504472980744924,3,0.015000000000000003
N15_M07_F10_KI08_11,KI08,artificial,inner_race,N15_M07_F10,1499.64,none,6203_PU_2905,10666.7,13333.3,7.8081,normal,0.462,0.08596711789461439,1,-0.005000000000000001,0.408,0.34817178957975575,3,0.016000000000000004
N15_M07_F10_KI08_12,KI08,artificial,inner_race,N15_M07_F10,1499.45,none,6203_PU_2905,10666.7,12000.0,11.3309,normal,0.876,-0.7615284295239522,1,-0.005000000000000001,0.564,-0.1035090514079662,2,0.016000000000000004
N15_M07_F10_KI08_13,KI08,artificial,inner_race,N15_M07_F10,1499.48,none,6203_PU_2905,10666.7,13333.3,9.9226,normal,0.344,0.49244917564542745,2,-0.005000000000000001,0.348,0.5491630533101944,2,0.016000000000000004
N15_M07_F10_KI08_14,KI08,artificial,inner_race,N15_M07_F10,1499.43,none,6203_PU_2905,10666.7,13333.3,9.1066,normal,0.434,0.04367878549328394,1,-0.005000000000000001,0.654,-0.5189515472896171,1,0.009999999999999998
N15_M07_F10_KI08_15,KI08,artificial,inner_race,N15_M07_F10,1499.47,none,6203_PU_2905,10666.7,13333.3,6.6052,normal,0.708,-0.5524796317423719,1,-0.008,0.034,1.7992837987241903,4,0.016000000000000004
N15_M07_F10_KI08_16,KI08,artificial,inner_race,N15_M07_F10,1499.48,none,6203_PU_2905,10666.7,13333.3,8.2973,normal,0.658,-0.5697950458752681,0,0.006000000000000002,0.582,-0.14541310804191637,2,0.015000000000000003
N15_M07_F10_KI08_17,KI08,artificial,inner_race,N15_M07_F10,1499.71,none,6203_PU_2905,10666.7,13333.3,6.9039,normal,0.724,-0.6780801709815288,1,-0.006999999999999999,0.18,1.1273045532366381,2,-0.004
N15_M07_F10_KI08_18,KI08,artificial,inner_race,N15_M07_F10,1499.9,none,6203_PU_2905,12000.0,14000.0,7.1842,normal,0.772,-0.6556233641231111,1,-0.006,0.058,1.6869479499469564,2,0.015000000000000003
N15_M07_F10_KI08_19,KI08,artificial,inner_race,N15_M07_F10,1499.61,none,6203_PU_2905,10666.7,13333.3,7.8461,normal,0.486,0.17222080191231098,1,-0.006,0.14,1.322493542986554,4,0.016000000000000004
N15_M07_F10_KI08_2,KI08,artificial,inner_race,N15_M07_F10,1499.79,none,6203_PU_2905,10666.7,13333.3,6.7533,normal,0.488,0.030742154686064817,1,-0.006999999999999999,0.056,2.049747736711788,2,0.014000000000000002
N15_M07_F10_KI08_20,KI08,artificial,inner_race,N15_M07_F10,1499.54,none,6203_PU_2905,10666.7,13333.3,8.8285,normal,0.718,-0.2815996485565505,1,-0.005000000000000001,0.852,-1.1796735526587767,2,0.016000000000000004
N15_M07_F10_KI08_3,KI08,artificial,inner_race,N15_M07_F10,1499.52,none,6203_PU_2905,10666.7,13333.3,6.9644,normal,0.936,-0.7902254396282203,1,-0.006999999999999999,0.336,0.48927054114689617,1,0.019
N15_M07_F10_KI08_4,KI08,artificial,inner_race,N15_M07_F10,1499.6,none,6203_PU_2905,12000.0,14000.0,7.3965,normal,0.646,-0.2755145969481198,1,-0.006999999999999999,0.658,-0.28683478975115617,2,0.016000000000000004
N15_M07_F10_KI08_5,KI08,artificial,inner_race,N15_M07_F10,1499.67,none,6203_PU_2905,10666.7,13333.3,5.9314,normal,0.276,0.5435097608455102,1,-0.006999999999999999,0.104,1.4339245139300407,4,0.014000000000000002
N15_M07_F10_KI08_6,KI08,artificial,inner_race,N15_M07_F10,1499.69,none,6203_PU_2905,10666.7,13333.3,9.4437,normal,0.818,-0.7446482012634636,2,-0.006,0.184,0.9438704986796381,3,0.016000000000000004
N15_M07_F10_KI08_7,KI08,artificial,inner_race,N15_M07_F10,1499.49,none,6203_PU_2905,10666.7,13333.3,9.1914,normal,0.658,-0.5830683435990844,1,-0.005000000000000001,0.222,1.5400698468631888,2,0.016000000000000004
N15_M07_F10_KI08_8,KI08,artificial,inner_race,N15_M07_F10,1499.67,none,6203_PU_2905,10666.7,13333.3,5.9117,normal,0.488,0.011448909255813584,1,-0.005000000000000001,0.194,1.2605779290367003,3,0.014000000000000002
N15_M07_F10_KI08_9,KI08,artificial,inner_race,N15_M07_F10,1499.46,none,6203_PU_2905,10666.7,13333.3,8.598,normal,0.846,-0.9340484738264454,1,-0.006999999999999999,0.954,-1.6539270138385542,1,0.002999999999999999
N15_M07_F10_KI14_1,KI14,real,inner_race,N15_M07_F10,1499.4,none,6203_PU_2905,13333.3,14666.7,6.1722,normal,0.932,-0.9784220689022256,0,-0.006,0.466,0.07133468514560265,1,-0.014
N15_M07_F10_KI14_10,KI14,real,inner_race,N15_M07_F10,1499.54,none,6203_PU_2905,12000.0,14000.0,5.2748,normal,0.628,-0.385804460513965,1,0.015000000000000003,0.93,-1.5346491023477975,1,-0.014
N15_M07_F10_KI14_11,KI14,real,inner_race,N15_M07_F10,1499.68,none,6203_PU_2905,13333.3,14666.7,5.4985,normal,0.934,-0.899646220621037,0,-0.005000000000000001,0.48,0.060748283399616264,1,-0.006
N15_M07_F10_KI14_12,KI14,real,inner_race,N15_M07_F10,1499.66,none,6203_PU_2905,12000.0,14000.0,5.3189,normal,0.74,-0.4810908008416971,1,0.009000000000000001,0.918,-1.2866092985584787,1,0.0019999999999999983
N15_M07_F10_KI14_13,KI14,real,inner_race,N15_M07_F10,1499.45,none,6203_PU_2905,13333.3,14666.7,5.2772,normal,0.55,-0.10135510178315017,1,0.016000000000000004,0.176,1.2254950253092372,2,-0.012
N15_M07_F10_KI14_14,KI14,real,inner_race,N15_M07_F10,1499.54,none,6203_PU_2905,13333.3,14666.7,5.791,normal,0.56,-0.14441286287743524,1,0.006999999999999999,0.788,-0.7553331640099562,2,-0.013000000000000001
N15_M07_F10_KI14_15,KI14,real,inner_race,N15_M07_F10,1499.48,none,6203_PU_2905,13333.3,14666.7,5.1097,normal,0.62,-0.4274512857141168,1,0.015000000000000003,0.762,-0.6098595064223192,1,0.019
N15_M07_F10_KI14_16,KI14,real,inner_race,N15_M07_F10,1499.69,none,6203_PU_2905,13333.3,14666.7,5.1402,normal,0.694,-0.43957745329673176,0,0.009999999999999998,0.926,-0.9052430878860654,1,-0.006
N15_M07_F10_KI14_17,KI14,real,inner_race,N15_M07_F10,1499.48,none,6203_PU_2905,12000.0,14000.0,4.6446,normal,0.41,0.24753895364543047,1,0.015000000000000003,0.716,-0.5716669953979664,1,-0.005000000000000001
N15_M07_F10_KI14_18,KI14,real,inner_race,N15_M07_F10,1499.6,none,6203_PU_2905,13333.3,14666.7,4.5481,normal,0.594,-0.29405146929988274,0,0.009000000000000001,0.698,-0.5029656586139551,1,-0.005000000000000001
N15_M07_F10_KI14_19,KI14,real,inner_race,N15_M07_F10,1499.66,none,6203_PU_2905,13333.3,14666.7,4.917,normal,0.608,-0.3837803478596811,0,0.015000000000000003,0.914,-0.9989185612591415,2,-0.006
N15_M07_F10_KI14_2,KI14,real,inner_race,N15_M07_F10,1499.6,none,6203_PU_2905,13333.3,14666.7,6.0405,normal,0.994,-1.0919279042967247,0,0.008,0.744,-0.5088530514174956,0,-0.014
N15_M07_F10_KI14_20,KI14,real,inner_race,N15_M07_F10,1499.54,none,6203_PU_2905,13333.3,14666.7,4.548,normal,0.412,0.11535130717138889,0,0.009000000000000001,0.492,0.029182505656674136,2,-0.013000000000000001
N15_M07_F10_KI14_3,KI14,real,inner_race,N15_M07_F10,1499.6,none,6203_PU_2905,13333.3,14666.7,6.2488,normal,0.954,-1.2263632500325528,0,0.016000000000000004,0.794,-0.6941117503835311,1,-0.004
N15_M07_F10_KI14_4,KI14,real,inner_race,N15_M07_F10,1499.73,none,6203_PU_2905,13333.3,14666.7,6.0536,normal,0.346,1.3744395684981159,0,0.006999999999999999,0.704,-0.5413088949343774,1,-0.012
N15_M07_F10_KI14_5,KI14,real,inner_race,N15_M07_F10,1499.76,none,6203_PU_2905,13333.3,14666.7,6.1182,normal,0.944,-0.8277241810011796,0,0.006999999999999999,0.748,-0.7134570253446889,0,0.011
N15_M07_F10_KI14_6,KI14,real,inner_race,N15_M07_F10,1499.75,none,6203_PU_2905,13333.3,14666.7,4.9323,normal,0.556,-0.1805569694276455,0,0.006999999999999999,0.344,0.47946256632035794,1,-0.005000000000000001
N15_M07_F10_KI14_7,KI14,real,inner_race,N15_M07_F10,1499.66,none,6203_PU_2905,13333.3,14666.7,5.6205,normal,0.768,-0.5630890866382665,0,0.006999999999999999,0.614,-0.1386201355523644,1,-0.005000000000000001
N15_M07_F10_KI14_8,KI14,real,inner_race,N15_M07_F10,1499.45,none,6203_PU_2905,13333.3,14666.7,6.8741,normal,0.674,-0.22282031274205882,0,0.009000000000000001,0.706,-0.439227808123542,1,-0.005000000000000001
N15_M07_F10_KI14_9,KI14,real,inner_race,N15_M07_F10,1499.54,none,6203_PU_2905,12000.0,14000.0,5.616,normal,0.796,-0.686089873442503,0,0.015000000000000003,0.866,-0.8173856272329858,1,-0.012
N15_M07_F10_KI16_1,KI16,real,inner_race,N15_M07_F10,1499.53,none,6203_PU_2855,0.0,2000.0,14.8165,outer_race,0.002,7.047469547032424,2,-0.02,0.002,2.912106183989857,25,0.0019999999999999983
N15_M07_F10_KI16_10,KI16,real,inner_race,N15_M07_F10,1499.31,none,6203_PU_2855,0.0,2000.0,15.3013,inner_race,0.01,3.8271946434336965,1,-0.02,0.002,3.010607038780399,25,0.0019999999999999983
N15_M07_F10_KI16_11,KI16,real,inner_race,N15_M07_F10,1499.55,none,6203_PU_2855,0.0,2000.0,15.8226,outer_race,0.016,4.356022618876881,2,-0.02,0.002,2.9509978164765474,25,0.0010000000000000009
N15_M07_F10_KI16_12,KI16,real,inner_race,N15_M07_F10,1499.91,none,6203_PU_2855,0.0,2000.0,15.5672,inner_race,0.008,1.992775393827495,0,-0.02,0.002,3.18987407232804,24,0.0019999999999999983
N15_M07_F10_KI16_13,KI16,real,inner_race,N15_M07_F10,1499.83,none,6203_PU_2855,0.0,2000.0,15.1698,outer_race,0.008,9.348260421300129,4,-0.02,0.002,2.7314523511198385,25,0.0010000000000000009
N15_M07_F10_KI16_14,KI16,real,inner_race,N15_M07_F10,1499.79,none,6203_PU_2855,0.0,2000.0,15.5636,outer_race,0.006,5.516556178385646,4,-0.02,0.002,2.5287888967505703,25,0.0019999999999999983
N15_M07_F10_KI16_15,KI16,real,inner_race,N15_M07_F10,1499.84,none,6203_PU_2855,0.0,2000.0,15.6593,outer_race,0.006,5.901076269476393,3,-0.02,0.002,2.837484867940346,25,0.0010000000000000009
N15_M07_F10_KI16_16,KI16,real,inner_race,N15_M07_F10,1499.5,none,6203_PU_2855,0.0,2000.0,15.1481,inner_race,0.002,4.598451482338346,0,-0.02,0.002,3.3954013933118823,24,0.0019999999999999983
N15_M07_F10_KI16_17,KI16,real,inner_race,N15_M07_F10,1499.72,none,6203_PU_2855,0.0,2000.0,15.3691,inner_race,0.72,-0.6091460350177794,0,-0.019,0.002,2.7834482232573974,13,0.0010000000000000009
N15_M07_F10_KI16_18,KI16,real,inner_race,N15_M07_F10,1499.41,none,6203_PU_2855,0.0,2000.0,15.3352,inner_race,0.014,6.727887036766997,1,-0.02,0.002,2.3205564173364754,25,0.0010000000000000009
N15_M07_F10_KI16_19,KI16,real,inner_race,N15_M07_F10,1499.14,none,6203_PU_2855,0.0,2000.0,15.265,inner_race,0.01,2.400077074730579,1,-0.02,0.002,2.4673208748583466,24,0.0019999999999999983
N15_M07_F10_KI16_2,KI16,real,inner_race,N15_M07_F10,1500.08,none,6203_PU_2855,0.0,2000.0,15.0428,outer_race,0.004,5.2020712890032375,3,-0.02,0.002,3.091864335739385,25,0.0010000000000000009
N15_M07_F10_KI16_20,KI16,real,inner_race,N15_M07_F10,1499.64,none,6203_PU_2855,0.0,2000.0,15.4339,outer_race,0.002,8.241033036191734,2,-0.02,0.002,2.912133097896428,25,0.0010000000000000009
N15_M07_F10_KI16_3,KI16,real,inner_race,N15_M07_F10,1499.32,none,6203_PU_2855,0.0,2000.0,15.3996,outer_race,0.02,2.626607208129151,2,-0.018000000000000002,0.002,2.445936860667365,25,0.0019999999999999983
N15_M07_F10_KI16_4,KI16,real,inner_race,N15_M07_F10,1499.5,none,6203_PU_2855,0.0,2000.0,15.6846,inner_race,0.13,1.579002699680528,0,-0.019,0.002,3.038699343443176,25,0.0019999999999999983
N15_M07_F10_KI16_5,KI16,real,inner_race,N15_M07_F10,1499.7,none,6203_PU_2855,0.0,2000.0,15.3937,outer_race,0.006,11.328108685843018,3,-0.02,0.002,2.40272950049023,25,0.0019999999999999983
N15_M07_F10_KI16_6,KI16,real,inner_race,N15_M07_F10,1499.47,none,6203_PU_2855,0.0,2000.0,15.5038,inner_race,0.256,0.5682683177478353,0,-0.02,0.002,3.533688655846401,19,0.0019999999999999983
N15_M07_F10_KI16_7,KI16,real,inner_race,N15_M07_F10,1499.84,none,6203_PU_2855,0.0,2000.0,15.7631,outer_race,0.01,4.262503263288959,3,-0.02,0.002,2.4812473054155824,24,0.002999999999999999
N15_M07_F10_KI16_8,KI16,real,inner_race,N15_M07_F10,1499.29,none,6203_PU_2855,0.0,2000.0,15.3111,outer_race,0.006,7.594085433596312,3,-0.02,0.002,2.1695797063416213,25,0.0
N15_M07_F10_KI16_9,KI16,real,inner_race,N15_M07_F10,1499.61,none,6203_PU_2855,0.0,2000.0,15.6338,outer_race,0.01,3.8335124995818237,3,-0.02,0.002,2.2852738117972566,25,0.0010000000000000009
N15_M07_F10_KI17_1,KI17,real,inner_race,N15_M07_F10,1499.33,none,6203_PU_2905,8000.0,10666.7,85.8863,normal,0.594,-0.21975369951467386,0,-0.017,0.462,0.17951558338426687,0,0.009999999999999998
N15_M07_F10_KI17_10,KI17,real,inner_race,N15_M07_F10,1499.62,none,6203_PU_2905,10000.0,12000.0,15.1624,normal,0.928,-1.2334907739079508,0,0.009000000000000001,0.002,2.729265948674417,0,0.0
N15_M07_F10_KI17_11,KI17,real,inner_race,N15_M07_F10,1499.55,none,6203_PU_2905,9333.3,10666.7,7.029,normal,0.852,-1.1208742569841526,0,0.002999999999999999,0.632,-0.17641760007783908,0,-0.0010000000000000009
N15_M07_F10_KI17_12,KI17,real,inner_race,N15_M07_F10,1499.52,none,6203_PU_2905,10666.7,13333.3,6.3979,normal,0.764,-0.795067720888616,0,-0.017,0.2,1.1147161009442932,1,-0.006
N15_M07_F10_KI17_13,KI17,real,inner_race,N15_M07_F10,1499.66,none,6203_PU_2905,13333.3,14666.7,5.8782,normal,0.716,-0.5520725430749055,0,0.008,0.904,-0.984249161566156,1,-0.012
N15_M07_F10_KI17_14,KI17,real,inner_race,N15_M07_F10,1500.59,none,6203_PU_2905,12000.0,14000.0,5.4383,normal,0.726,-0.9446718376289867,0,0.018,0.572,-0.15493894871028738,1,-0.013000000000000001
N15_M07_F10_KI17_15,KI17,real,inner_race,N15_M07_F10,1499.44,none,6203_PU_2905,10000.0,12000.0,8.0765,normal,0.984,-1.880551381529786,0,-0.019,0.002,4.118848839353011,0,-0.0010000000000000009
N15_M07_F10_KI17_16,KI17,real,inner_race,N15_M07_F10,1499.89,none,6203_PU_2905,12000.0,14000.0,6.4763,normal,0.544,-0.14870755021296708,0,0.016999999999999998,0.62,-0.22185567873344617,1,-0.013000000000000001
N15_M07_F10_KI17_17,KI17,real,inner_race,N15_M07_F10,1499.57,none,6203_PU_2905,12000.0,14000.0,5.6569,normal,0.176,1.2744519256344256,1,0.008,0.376,0.27940926948635486,1,0.014000000000000002
N15_M07_F10_KI17_18,KI17,real,inner_race,N15_M07_F10,1499.65,none,6203_PU_2905,12000.0,14000.0,5.0507,normal,0.446,0.2518883975728544,0,0.009000000000000001,0.73,-0.6172884373376495,0,0.014000000000000002
N15_M07_F10_KI17_19,KI17,real,inner_race,N15_M07_F10,1499.49,none,6203_PU_2905,12000.0,14000.0,6.0162,normal,0.656,-0.5260963827954643,0,0.02,0.496,0.03347363315362868,1,0.019
N15_M07_F10_KI17_2,KI17,real,inner_race,N15_M07_F10,1499.58,none,6203_PU_2905,9333.3,10666.7,20.5512,normal,0.966,-1.0475191816809282,0,-0.005000000000000001,0.388,0.34356011980651907,0,0.0019999999999999983
N15_M07_F10_KI17_20,KI17,real,inner_race,N15_M07_F10,1499.51,none,6203_PU_2905,13333.3,14666.7,5.8304,normal,0.618,-0.4584263320326751,0,0.016000000000000004,0.956,-1.0833633803770988,0,-0.014
N15_M07_F10_KI17_3,KI17,real,inner_race,N15_M07_F10,1500.59,none,6203_PU_2905,10000.0,12000.0,34.2051,normal,0.002,2.3653767851987686,0,0.006000000000000002,0.572,-0.22602590741643955,0,-0.02
N15_M07_F10_KI17_4,KI17,real,inner_race,N15_M07_F10,1499.53,none,6203_PU_2905,10000.0,12000.0,24.462,normal,0.688,-0.7147856459811442,0,-0.02,0.946,-1.1288552768933309,0,0.018
N15_M07_F10_KI17_5,KI17,real,inner_race,N15_M07_F10,1499.51,none,6203_PU_2905,9333.3,10666.7,23.8724,normal,0.534,-0.08196867375733674,0,-0.0019999999999999983,0.746,-0.6394471138337241,0,-0.006
N15_M07_F10_KI17_6,KI17,real,inner_race,N15_M07_F10,1499.57,none,6203_PU_2905,13333.3,14666.7,5.2553,normal,0.192,0.9215126464073236,1,0.008,0.934,-1.0888730648284002,1,-0.012
N15_M07_F10_KI17_7,KI17,real,inner_race,N15_M07_F10,1499.69,none,6203_PU_2905,12000.0,14000.0,5.764,normal,0.5,0.0009129763385906078,0,0.016000000000000004,0.51,-0.004709030786676766,0,0.012
N15_M07_F10_KI17_8,KI17,real,inner_race,N15_M07_F10,1499.31,none,6203_PU_2905,10000.0,12000.0,6.522,normal,0.84,-1.1054968240792518,0,-0.016,0.576,-0.16606969025831989,0,0.02
N15_M07_F10_KI17_9,KI17,real,inner_race,N15_M07_F10,1499.54,none,6203_PU_2905,12000.0,14000.0,6.2205,normal,0.23,0.6552091655678194,0,0.009999999999999998,0.256,1.2683014060618008,1,0.0010000000000000009
N15_M07_F10_KI18_1,KI18,real,inner_race,N15_M07_F10,1499.74,none,6203_PU_2905,9333.3,10666.7,19.9633,inner_race,0.526,-0.03340997912068655,1,-0.02,0.002,2.9626371090116357,25,0.0
N15_M07_F10_KI18_10,KI18,real,inner_race,N15_M07_F10,1499.65,none,6203_PU_2905,9333.3,10666.7,19.9033,inner_race,1.0,-4.282151409658343,0,0.02,0.002,3.9771116338039523,25,0.0
N15_M07_F10_KI18_11,KI18,real,inner_race,N15_M07_F10,1499.58,none,6203_PU_2905,9333.3,10666.7,20.9638,inner_race,0.308,1.0862138121927232,1,-0.019,0.002,3.1081298591125743,25,0.0010000000000000009
N15_M07_F10_KI18_12,KI18,real,inner_race,N15_M07_F10,1499.56,none,6203_PU_2905,9333.3,10666.7,19.3131,inner_race,0.396,0.5045762700787942,1,-0.02,0.002,3.632794606070226,25,0.0010000000000000009
N15_M07_F10_KI18_13,KI18,real,inner_race,N15_M07_F10,1499.64,none,6203_PU_2905,8000.0,10666.7,18.1367,inner_race,0.386,0.6054237687890841,1,-0.019,0.002,2.7130420765420373,25,0.0
N15_M07_F10_KI18_14,KI18,real,inner_race,N15_M07_F10,1499.68,none,6203_PU_2905,8000.0,10666.7,19.2783,inner_race,0.848,-0.6385862104980619,1,-0.02,0.002,2.9057874131343477,25,0.0
N15_M07_F10_KI18_15,KI18,real,inner_race,N15_M07_F10,1499.56,none,6203_PU_2905,9333.3,10666.7,20.1379,inner_race,0.448,0.3389916534577423,0,-0.015,0.002,3.184421721862352,25,0.0010000000000000009
N15_M07_F10_KI18_16,KI18,real,inner_race,N15_M07_F10,1499.62,none,6203_PU_2905,9333.3,10666.7,19.0534,inner_race,0.728,-0.4852320121016365,1,-0.018000000000000002,0.002,2.901731195853737,25,0.0010000000000000009
N15_M07_F10_KI18_17,KI18,real,inner_race,N15_M07_F10,1499.81,none,6203_PU_2905,9333.3,10666.7,18.9137,inner_race,0.974,-2.0625770969717134,1,-0.018000000000000002,0.002,2.7371619151355473,25,0.0
N15_M07_F10_KI18_18,KI18,real,inner_race,N15_M07_F10,1499.41,none,6203_PU_2905,9333.3,10666.7,19.3624,inner_race,0.988,-2.511971024607622,0,0.004,0.002,2.828959833326813,25,0.0
N15_M07_F10_KI18_19,KI18,real,inner_race,N15_M07_F10,1499.72,none,6203_PU_2905,9333.3,10666.7,19.7414,inner_race,0.632,-0.23170553075814931,1,-0.02,0.002,2.5301259227664845,25,0.0
N15_M07_F10_KI18_2,KI18,real,inner_race,N15_M07_F10,1499.33,none,6203_PU_2905,9333.3,10666.7,21.7108,inner_race,0.466,0.1861682543709615,1,-0.02,0.002,3.0722404644380408,25,0.0010000000000000009
N15_M07_F10_KI18_20,KI18,real,inner_race,N15_M07_F10,1499.58,none,6203_PU_2905,9333.3,10666.7,18.8309,inner_race,0.992,-3.0008817349028085,1,-0.019,0.002,4.37025811236961,25,0.0010000000000000009
N15_M07_F10_KI18_3,KI18,real,inner_race,N15_M07_F10,1499.43,none,6203_PU_2905,9333.3,10666.7,21.67,inner_race,0.99,-1.5824932480939222,1,-0.019,0.002,2.4633000197560997,25,0.0
N15_M07_F10_KI18_4,KI18,real,inner_race,N15_M07_F10,1499.57,none,6203_PU_2905,9333.3,10666.7,20.7254,inner_race,0.988,-4.04405510854581,1,-0.019,0.002,3.2417528112153846,25,0.0010000000000000009
N15_M07_F10_KI18_5,KI18,real,inner_race,N15_M07_F10,1499.42,none,6203_PU_2905,9333.3,10666.7,22.5133,inner_race,0.376,0.3027975197151214,1,-0.02,0.002,2.882480560812335,25,0.0
N15_M07_F10_KI18_6,KI18,real,inner_race,N15_M07_F10,1499.71,none,6203_PU_2905,9333.3,10666.7,19.303,inner_race,0.962,-0.9801663480312254,1,-0.019,0.002,2.961296861739326,25,0.0
N15_M07_F10_KI18_7,KI18,real,inner_race,N15_M07_F10,1499.6,none,6203_PU_2905,9333.3,10666.7,19.8642,inner_race,0.814,-0.9158252545538391,0,0.004,0.002,2.0261750390111373,25,0.0
N15_M07_F10_KI18_8,KI18,real,inner_race,N15_M07_F10,1499.64,none,6203_PU_2905,9333.3,10666.7,21.7093,inner_race,0.932,-1.0751907581445799,1,-0.018000000000000002,0.002,2.281832023793573,25,0.0
N15_M07_F10_KI18_9,KI18,real,inner_race,N15_M07_F10,1499.23,none,6203_PU_2905,9333.3,10666.7,20.095,inner_race,0.532,-0.07688325766562515,1,-0.02,0.002,2.5239659618253065,25,0.0
N15_M07_F10_KI21_1,KI21,real,inner_race,N15_M07_F10,1499.57,none,6203_PU_2855,10666.7,13333.3,6.3613,normal,0.676,-0.2815507894676662,0,-0.018000000000000002,0.83,-0.7417523870608609,1,-0.01
N15_M07_F10_KI21_10,KI21,real,inner_race,N15_M07_F10,1499.53,none,6203_PU_2855,10666.7,13333.3,6.7772,normal,0.412,0.1992342287257839,0,0.014000000000000002,0.682,-0.47998228483234795,2,-0.01
N15_M07_F10_KI21_11,KI21,real,inner_race,N15_M07_F10,1499.47,none,6203_PU_2855,10666.7,13333.3,6.7423,normal,0.322,0.5538061401837927,0,0.016000000000000004,0.98,-1.3181616914803067,2,-0.017
N15_M07_F10_KI21_12,KI21,real,inner_race,N15_M07_F10,1499.53,none,6203_PU_2855,10666.7,13333.3,6.9333,normal,0.266,0.4310800903628357,0,0.014000000000000002,0.876,-0.9204146372933286,0,-0.011
N15_M07_F10_KI21_13,KI21,real,inner_race,N15_M07_F10,1499.52,none,6203_PU_2855,10666.7,13333.3,6.126,normal,0.696,-0.6199151503443293,0,-0.02,0.822,-0.6153518421198271,2,-0.01
N15_M07_F10_KI21_14,KI21,real,inner_race,N15_M07_F10,1499.68,none,6203_PU_2855,10666.7,13333.3,6.3325,normal,0.634,-0.5918651413550985,0,-0.013000000000000001,0.422,0.26252446293874926,2,-0.009000000000000001
N15_M07_F10_KI21_15,KI21,real,inner_race,N15_M07_F10,1499.56,none,6203_PU_2855,10666.7,13333.3,6.519,normal,0.414,0.21278395028491195,1,0.014000000000000002,0.704,-0.4419563899408454,2,-0.009000000000000001
N15_M07_F10_KI21_16,KI21,real,inner_race,N15_M07_F10,1499.63,none,6203_PU_2855,10666.7,13333.3,7.1421,normal,0.44,0.16724399745580654,0,-0.0019999999999999983,0.65,-0.5488119113077743,2,0.015000000000000003
N15_M07_F10_KI21_17,KI21,real,inner_race,N15_M07_F10,1499.6,none,6203_PU_2855,10666.7,13333.3,6.7669,normal,0.46,0.2839409966862763,0,-0.012,0.956,-0.9158832127619124,1,0.015000000000000003
N15_M07_F10_KI21_18,KI21,real,inner_race,N15_M07_F10,1499.43,none,6203_PU_2855,10666.7,13333.3,6.6921,normal,0.548,-0.04328477659846539,0,0.014000000000000002,0.712,-0.5328696125443955,1,-0.01
N15_M07_F10_KI21_19,KI21,real,inner_race,N15_M07_F10,1499.63,none,6203_PU_2855,10666.7,13333.3,6.851,normal,0.478,0.057164738474493104,0,-0.016,0.79,-0.7113125693825517,0,0.011
N15_M07_F10_KI21_2,KI21,real,inner_race,N15_M07_F10,1499.56,none,6203_PU_2855,10666.7,13333.3,6.9396,normal,0.64,-0.24426204299512524,0,0.015000000000000003,0.596,-0.19273890709539745,1,-0.01
N15_M07_F10_KI21_20,KI21,real,inner_race,N15_M07_F10,1499.59,none,6203_PU_2855,10666.7,13333.3,6.838,normal,0.406,0.32294496526973904,0,-0.011,0.958,-1.6707163983769622,0,0.011
N15_M07_F10_KI21_3,KI21,real,inner_race,N15_M07_F10,1499.63,none,6203_PU_2855,10666.7,13333.3,7.4463,normal,0.606,-0.3907437815902266,1,0.015000000000000003,0.838,-1.2750992618793913,2,-0.009000000000000001
N15_M07_F10_KI21_4,KI21,real,inner_race,N15_M07_F10,1499.57,none,6203_PU_2855,10666.7,13333.3,7.4532,normal,0.794,-0.2667483150126691,0,0.014000000000000002,0.856,-0.9671009826067999,1,0.015000000000000003
N15_M07_F10_KI21_5,KI21,real,inner_race,N15_M07_F10,1499.6,none,6203_PU_2855,10666.7,13333.3,6.5589,normal,0.808,-0.7657156494016207,0,-0.0010000000000000009,0.82,-0.7729571341644667,1,0.015000000000000003
N15_M07_F10_KI21_6,KI21,real,inner_race,N15_M07_F10,1499.53,none,6203_PU_2855,10666.7,13333.3,5.9569,normal,0.6,-0.4628585904683843,0,-0.018000000000000002,0.818,-0.8541301956711818,2,-0.016
N15_M07_F10_KI21_7,KI21,real,inner_race,N15_M07_F10,1499.66,none,6203_PU_2855,10666.7,13333.3,7.0783,normal,0.53,-0.07076831779424561,1,0.015000000000000003,0.826,-0.7290228795882474,1,0.015000000000000003
N15_M07_F10_KI21_8,KI21,real,inner_race,N15_M07_F10,1499.5,none,6203_PU_2855,10666.7,13333.3,7.3659,normal,0.24,0.8830201716781328,0,0.015000000000000003,0.464,0.07815666292811653,2,-0.016
N15_M07_F10_KI21_9,KI21,real,inner_race,N15_M07_F10,1499.53,none,6203_PU_2855,10666.7,13333.3,6.0299,normal,0.774,-0.8407939538834085,1,0.016999999999999998,0.738,-0.656114154214988,2,-0.016
