record_id,bearing_id,damage_origin,fault_type,condition,rpm,arm,band_lo_hz,band_hi_hz,band_kurtosis,physical_class,p_BPFO,excess_BPFO,lines_BPFO,delta_BPFO,p_BPFI,excess_BPFI,lines_BPFI,delta_BPFI
N09_M07_F10_K001_1,K001,none,normal,N09_M07_F10,899.71,cepstrum,10000.0,12000.0,3.1227,normal,0.826,-1.2334878401558829,0,-0.009000000000000001,0.198,1.09419821790759,2,0.012
N09_M07_F10_K001_10,K001,none,normal,N09_M07_F10,899.79,cepstrum,10666.7,13333.3,2.8379,normal,0.43,0.11691661257851944,0,-0.018000000000000002,0.098,2.7266644318318245,3,0.011
N09_M07_F10_K001_11,K001,none,normal,N09_M07_F10,899.79,cepstrum,10666.7,13333.3,2.9392,normal,0.502,-0.01506562594916287,0,-0.016,0.1,1.131951363902921,2,0.011
N09_M07_F10_K001_12,K001,none,normal,N09_M07_F10,899.8,cepstrum,8000.0,10666.7,2.948,normal,1.0,-1.9339532635667829,0,-0.006,0.108,2.387980692021438,3,0.011
N09_M07_F10_K001_13,K001,none,normal,N09_M07_F10,899.76,cepstrum,10666.7,12000.0,2.9687,normal,0.99,-1.2378000969219882,0,-0.018000000000000002,0.194,0.9162992380988579,2,0.012
N09_M07_F10_K001_14,K001,none,normal,N09_M07_F10,899.75,cepstrum,10666.7,13333.3,3.1707,normal,0.902,-1.2314160248197519,0,-0.016,0.224,0.8186906619554017,3,0.011
N09_M07_F10_K001_15,K001,none,normal,N09_M07_F10,899.77,cepstrum,5333.3,10666.7,3.1121,normal,0.79,-0.642525787461561,0,-0.016,0.09,2.2143464113094704,4,0.012
N09_M07_F10_K001_16,K001,none,normal,N09_M07_F10,899.75,cepstrum,0.0,2000.0,3.1058,normal,0.976,-1.0057705000949289,0,-0.018000000000000002,0.156,1.3699507573477656,2,0.011
N09_M07_F10_K001_17,K001,none,normal,N09_M07_F10,899.77,cepstrum,5333.3,10666.7,2.9061,normal,0.472,0.23528427320532905,0,-0.018000000000000002,0.174,1.6278440361763775,3,0.012
N09_M07_F10_K001_18,K001,none,normal,N09_M07_F10,899.76,cepstrum,10666.7,13333.3,2.7186,normal,0.958,-1.478030583121481,0,-0.018000000000000002,0.122,2.076904491548626,2,0.012
N09_M07_F10_K001_19,K001,none,normal,N09_M07_F10,899.67,cepstrum,10666.7,13333.3,3.0302,normal,0.394,0.06768312383226205,0,-0.017,0.11,2.156530422552795,2,0.012
N09_M07_F10_K001_2,K001,none,normal,N09_M07_F10,899.73,cepstrum,10000.0,12000.0,2.9937,normal,0.706,-0.4001325277209493,0,0.013000000000000001,0.25,0.9127422709278059,2,0.011
N09_M07_F10_K001_20,K001,none,normal,N09_M07_F10,899.78,cepstrum,8000.0,12000.0,3.1859,normal,0.85,-1.7279183458921576,0,-0.016,0.1,1.6251770697511316,3,0.011
N09_M07_F10_K001_3,K001,none,normal,N09_M07_F10,899.75,cepstrum,12000.0,13333.3,3.1149,normal,0.966,-1.2026431799177981,0,-0.018000000000000002,0.114,1.9237036670036045,2,0.011
N09_M07_F10_K001_4,K001,none,normal,N09_M07_F10,899.75,cepstrum,8000.0,12000.0,3.1469,normal,0.344,0.33766506850834,0,-0.018000000000000002,0.16,1.3700248759821732,2,0.011
N09_M07_F10_K001_5,K001,none,normal,N09_M07_F10,899.71,cepstrum,12000.0,14000.0,3.2942,normal,0.838,-0.6802270448025511,0,0.012,0.098,2.7963311531722335,2,0.011
N09_M07_F10_K001_6,K001,none,normal,N09_M07_F10,899.73,cepstrum,10666.7,13333.3,2.9553,normal,0.806,-0.6464006108831338,0,-0.006,0.316,0.41752185926784563,2,0.012
N09_M07_F10_K001_7,K001,none,normal,N09_M07_F10,899.73,cepstrum,0.0,2000.0,3.1677,normal,0.932,-1.9152893365934631,0,-0.017,0.122,1.330877586374107,2,0.012
N09_M07_F10_K001_8,K001,none,normal,N09_M07_F10,899.76,cepstrum,10000.0,12000.0,3.2007,normal,0.626,-0.09808505932300803,0,-0.018000000000000002,0.16,1.2876653875547468,2,0.012
N09_M07_F10_K001_9,K001,none,normal,N09_M07_F10,899.79,cepstrum,12000.0,14000.0,3.0533,normal,0.758,-0.7460503670897803,0,-0.02,0.132,1.3156245014483439,2,0.011
N09_M07_F10_K002_1,K002,none,normal,N09_M07_F10,899.63,cepstrum,10666.7,13333.3,7.6244,normal,0.98,-1.6677922659032565,0,-0.018000000000000002,0.06,1.316204022351147,3,0.012
N09_M07_F10_K002_10,K002,none,normal,N09_M07_F10,899.46,cepstrum,12000.0,14000.0,8.0192,normal,0.69,-0.2970915561307284,0,-0.019,0.6,-0.2673729953595778,1,0.018
N09_M07_F10_K002_11,K002,none,normal,N09_M07_F10,899.6,cepstrum,5333.3,10666.7,6.3198,normal,0.934,-1.6493747723177934,0,-0.02,0.306,0.7324679425225539,2,0.011
N09_M07_F10_K002_12,K002,none,normal,N09_M07_F10,899.78,cepstrum,12000.0,14000.0,6.7481,normal,0.908,-1.1711283543160396,0,-0.02,0.538,-0.049909984035258134,3,0.011
N09_M07_F10_K002_13,K002,none,normal,N09_M07_F10,899.89,cepstrum,10666.7,13333.3,7.6881,normal,0.952,-1.6408304092616128,0,-0.02,0.158,1.1388767521125143,3,0.011
N09_M07_F10_K002_14,K002,none,normal,N09_M07_F10,899.86,cepstrum,13000.0,14000.0,7.3309,inner_race,1.0,-2.3237340755084945,0,0.012,0.016,1.9426313871205405,3,0.012
N09_M07_F10_K002_15,K002,none,normal,N09_M07_F10,899.81,cepstrum,0.0,5333.3,7.3316,normal,0.872,-2.583924708571652,0,-0.018000000000000002,0.394,0.19352533136264646,3,0.012
N09_M07_F10_K002_16,K002,none,normal,N09_M07_F10,899.86,cepstrum,10000.0,11000.0,7.2838,normal,1.0,-2.062454986052473,0,-0.02,0.666,-0.41898370360558834,3,0.013000000000000001
N09_M07_F10_K002_17,K002,none,normal,N09_M07_F10,899.85,cepstrum,8000.0,12000.0,6.6858,normal,0.602,-0.11989625390704738,0,-0.015,0.088,1.3190138553751765,4,0.011
N09_M07_F10_K002_18,K002,none,normal,N09_M07_F10,899.69,cepstrum,8000.0,10666.7,7.9801,normal,0.954,-1.1085815764284377,0,-0.018000000000000002,0.214,0.702785814375723,3,0.013000000000000001
N09_M07_F10_K002_19,K002,none,normal,N09_M07_F10,899.54,cepstrum,5333.3,10666.7,6.7292,normal,0.996,-1.4270078304429206,0,-0.012,0.36,0.43456466855550496,3,0.012
N09_M07_F10_K002_2,K002,none,normal,N09_M07_F10,899.8,cepstrum,10666.7,13333.3,7.8014,normal,1.0,-2.607194877158992,0,0.002999999999999999,0.57,-0.11712545872476951,3,0.011
N09_M07_F10_K002_20,K002,none,normal,N09_M07_F10,899.83,cepstrum,12000.0,14000.0,7.8711,normal,0.984,-1.5455256163484923,0,-0.015,0.398,0.5843503161242789,3,0.013000000000000001
N09_M07_F10_K002_3,K002,none,normal,N09_M07_F10,899.73,cepstrum,10666.7,13333.3,7.227,normal,0.79,-0.7687946718047285,0,-0.019,0.046,1.5609810301528704,2,0.011
N09_M07_F10_K002_4,K002,none,normal,N09_M07_F10,899.64,cepstrum,13333.3,14666.7,6.7182,normal,0.996,-1.3983485944507876,0,-0.02,0.284,0.18320603006335168,3,0.013000000000000001
N09_M07_F10_K002_5,K002,none,normal,N09_M07_F10,899.71,cepstrum,10666.7,13333.3,7.0338,normal,0.87,-0.9095138708062136,0,-0.017,0.458,0.08890964893965582,3,0.012
N09_M07_F10_K002_6,K002,none,normal,N09_M07_F10,899.66,cepstrum,10666.7,13333.3,9.6399,normal,0.698,-1.128979488639245,0,-0.015,0.042,1.46091395682501,3,0.013000000000000001
N09_M07_F10_K002_7,K002,none,normal,N09_M07_F10,900.07,cepstrum,10666.7,13333.3,7.0011,normal,0.786,-0.9914908259725829,0,-0.02,0.15,0.9572898859137215,3,0.011
N09_M07_F10_K002_8,K002,none,normal,N09_M07_F10,899.4,cepstrum,12000.0,14000.0,6.2365,normal,1.0,-2.293724147580375,0,0.012,0.152,1.4697212409561975,3,0.012
N09_M07_F10_K002_9,K002,none,normal,N09_M07_F10,899.67,cepstrum,8000.0,12000.0,7.5188,normal,0.992,-2.5476541531458645,0,0.005000000000000001,0.736,-0.5446755411912756,3,0.012
N09_M07_F10_K003_1,K003,none,normal,N09_M07_F10,899.75,cepstrum,8000.0,10666.7,3.1199,normal,0.986,-1.6763072143487519,0,0.02,0.29,0.9408650647190006,3,0.012
N09_M07_F10_K003_10,K003,none,normal,N09_M07_F10,899.75,cepstrum,4000.0,5333.3,3.2707,normal,0.69,-0.3116861085745114,0,-0.012,0.282,0.7208382612650563,2,0.013000000000000001
N09_M07_F10_K003_11,K003,none,normal,N09_M07_F10,899.82,cepstrum,12000.0,13333.3,3.2283,normal,1.0,-1.5032629291031538,0,0.006999999999999999,0.11,2.0989397312496103,2,0.011
N09_M07_F10_K003_12,K003,none,normal,N09_M07_F10,899.7,cepstrum,5333.3,10666.7,3.3792,normal,0.868,-2.36885024887755,0,-0.018000000000000002,0.218,0.8988178534505268,5,0.012
N09_M07_F10_K003_13,K003,none,normal,N09_M07_F10,899.75,cepstrum,8000.0,12000.0,3.135,normal,0.862,-1.1037264559538462,0,-0.015,0.186,1.52215735306396,4,0.012
N09_M07_F10_K003_14,K003,none,normal,N09_M07_F10,899.76,cepstrum,12000.0,14000.0,3.3903,normal,0.864,-1.3858895260603246,0,-0.018000000000000002,0.228,0.47297426560210726,2,0.011
N09_M07_F10_K003_15,K003,none,normal,N09_M07_F10,899.75,cepstrum,5333.3,10666.7,3.294,normal,0.606,-0.20910366346394013,0,-0.015,0.126,1.6675138780554553,2,0.011
N09_M07_F10_K003_16,K003,none,normal,N09_M07_F10,899.76,cepstrum,10000.0,11000.0,3.219,normal,0.962,-1.2531880100409651,0,-0.018000000000000002,0.394,0.1835122505687695,2,0.011
N09_M07_F10_K003_17,K003,none,normal,N09_M07_F10,899.72,cepstrum,8000.0,9333.3,3.0686,normal,0.95,-1.0860839274558083,0,-0.014,0.152,1.6656945259619778,2,0.012
N09_M07_F10_K003_18,K003,none,normal,N09_M07_F10,899.75,cepstrum,8000.0,10666.7,3.2885,normal,0.864,-1.1668727339492104,0,-0.018000000000000002,0.222,1.1213028887740895,2,0.011
N09_M07_F10_K003_19,K003,none,normal,N09_M07_F10,899.75,cepstrum,12000.0,14000.0,3.235,normal,0.91,-0.8649558200444256,0,-0.018000000000000002,0.124,1.4290240087276367,3,0.012
N09_M07_F10_K003_2,K003,none,normal,N09_M07_F10,899.82,cepstrum,12000.0,14000.0,3.0215,normal,0.806,-0.8143748093578655,0,-0.013000000000000001,0.116,1.7707936691107997,2,0.011
N09_M07_F10_K003_20,K003,none,normal,N09_M07_F10,899.76,cepstrum,5333.3,10666.7,3.5764,normal,0.58,-0.2225378040513232,0,-0.018000000000000002,0.188,1.0187802806386435,3,0.011
N09_M07_F10_K003_3,K003,none,normal,N09_M07_F10,899.76,cepstrum,10666.7,13333.3,3.2385,normal,0.91,-1.0008185785429942,0,-0.013000000000000001,0.164,1.2115784346961593,2,0.011
N09_M07_F10_K003_4,K003,none,normal,N09_M07_F10,899.73,cepstrum,10666.7,13333.3,2.9205,normal,0.886,-1.7331476064896247,0,-0.018000000000000002,0.396,0.47951478594683616,2,0.011
N09_M07_F10_K003_5,K003,none,normal,N09_M07_F10,899.75,cepstrum,5333.3,10666.7,3.1042,normal,0.514,-0.15128334153827674,0,-0.018000000000000002,0.1,1.320563041440189,3,0.011
N09_M07_F10_K003_6,K003,none,normal,N09_M07_F10,899.74,cepstrum,10000.0,12000.0,3.3407,normal,0.864,-0.847629250266256,0,-0.015,0.222,1.0483736903770438,2,0.012
N09_M07_F10_K003_7,K003,none,normal,N09_M07_F10,899.78,cepstrum,5333.3,10666.7,3.2263,normal,0.486,0.06394040073778935,0,-0.016,0.1,1.3311617532583528,2,0.012
N09_M07_F10_K003_8,K003,none,normal,N09_M07_F10,899.72,cepstrum,5333.3,10666.7,3.0769,normal,0.302,0.4027571487246939,0,-0.018000000000000002,0.108,1.5456472987952448,3,0.011
N09_M07_F10_K003_9,K003,none,normal,N09_M07_F10,899.75,cepstrum,14000.0,15000.0,3.1678,normal,0.666,-0.29452192031272906,0,-0.005000000000000001,0.348,0.939960284284783,2,0.012
N09_M07_F10_K004_1,K004,none,normal,N09_M07_F10,899.68,cepstrum,10666.7,13333.3,2.6852,normal,0.546,-0.3755625226659525,0,-0.015,0.29,0.7675333321272193,3,0.011
N09_M07_F10_K004_10,K004,none,normal,N09_M07_F10,899.76,cepstrum,10666.7,13333.3,2.951,normal,0.89,-1.0607040491458013,0,-0.019,0.218,1.9868162523650525,4,0.009999999999999998
N09_M07_F10_K004_11,K004,none,normal,N09_M07_F10,899.72,cepstrum,14000.0,15000.0,3.0891,normal,0.31,0.33912252031323825,0,-0.019,0.258,2.0665837952164092,2,0.009999999999999998
N09_M07_F10_K004_12,K004,none,normal,N09_M07_F10,899.79,cepstrum,10666.7,13333.3,3.0443,normal,0.222,0.6998073961050827,1,-0.019,0.192,2.702244404956276,4,0.011
N09_M07_F10_K004_13,K004,none,normal,N09_M07_F10,899.75,cepstrum,10666.7,13333.3,2.976,normal,0.488,0.08037476124965415,1,-0.017,0.238,1.7706697270986498,4,0.011
N09_M07_F10_K004_14,K004,none,normal,N09_M07_F10,899.8,cepstrum,14000.0,15000.0,3.1378,normal,0.218,0.8836514424424642,0,-0.019,0.128,1.29576784955617,2,0.009999999999999998
N09_M07_F10_K004_15,K004,none,normal,N09_M07_F10,899.65,cepstrum,10666.7,13333.3,3.0637,normal,0.118,2.37015871100461,1,-0.019,0.1,1.9667233174293457,5,0.009999999999999998
N09_M07_F10_K004_16,K004,none,normal,N09_M07_F10,899.75,cepstrum,10666.7,13333.3,3.1078,normal,0.514,-0.016800433091305845,0,-0.019,0.178,1.543096662231709,3,0.011
N09_M07_F10_K004_17,K004,none,normal,N09_M07_F10,899.77,cepstrum,12000.0,13000.0,3.0996,normal,0.216,1.2052868934361984,0,-0.019,0.186,1.3213336421865955,2,0.011
N09_M07_F10_K004_18,K004,none,normal,N09_M07_F10,899.71,cepstrum,10666.7,13333.3,3.2131,normal,0.118,2.0254753672710146,1,-0.017,0.092,1.5693868795673358,4,0.009999999999999998
N09_M07_F10_K004_19,K004,none,normal,N09_M07_F10,899.76,cepstrum,12000.0,14000.0,3.129,normal,0.312,0.44479195108928277,1,-0.019,0.122,2.230596172768273,4,0.011
N09_M07_F10_K004_2,K004,none,normal,N09_M07_F10,899.7,cepstrum,10000.0,12000.0,3.1769,normal,0.51,-0.006045255331326108,0,-0.019,0.112,1.9917149369046026,3,0.009999999999999998
N09_M07_F10_K004_20,K004,none,normal,N09_M07_F10,899.77,cepstrum,13333.3,14666.7,3.0194,normal,0.902,-1.1447749897095374,0,-0.019,0.112,1.2945101717294893,2,0.009999999999999998
N09_M07_F10_K004_3,K004,none,normal,N09_M07_F10,899.72,cepstrum,12000.0,14000.0,3.0316,normal,0.218,0.7591843027031576,0,-0.017,0.196,2.0588447245778574,2,0.009999999999999998
N09_M07_F10_K004_4,K004,none,normal,N09_M07_F10,899.74,cepstrum,10666.7,13333.3,2.8007,normal,0.408,0.42683889110988693,0,-0.017,0.098,2.2349522225282015,4,0.011
N09_M07_F10_K004_5,K004,none,normal,N09_M07_F10,899.71,cepstrum,10666.7,13333.3,2.6756,normal,0.4,0.5798223229458422,0,-0.018000000000000002,0.11,1.5344190488341813,2,0.009999999999999998
N09_M07_F10_K004_6,K004,none,normal,N09_M07_F10,899.73,cepstrum,10666.7,13333.3,2.8902,normal,0.372,0.359369421786509,1,-0.019,0.1,1.5489661385719766,5,0.011
N09_M07_F10_K004_7,K004,none,normal,N09_M07_F10,899.78,cepstrum,14000.0,15000.0,2.7193,normal,0.53,-0.07593098126303137,0,-0.019,0.098,1.9967799775431632,2,0.011
N09_M07_F10_K004_8,K004,none,normal,N09_M07_F10,899.7,cepstrum,12000.0,14000.0,3.4601,normal,0.684,-0.4192290645744026,0,-0.019,0.158,1.3167207876821325,3,0.011
N09_M07_F10_K004_9,K004,none,normal,N09_M07_F10,899.72,cepstrum,10666.7,13333.3,3.1402,normal,0.24,0.8674327645894973,0,-0.016,0.202,2.9412730824557687,3,0.011
N09_M07_F10_K005_1,K005,none,normal,N09_M07_F10,899.78,cepstrum,13333.3,14666.7,2.5104,normal,0.388,0.20914096741804192,0,-0.018000000000000002,0.236,1.049288015034001,2,0.011
N09_M07_F10_K005_10,K005,none,normal,N09_M07_F10,899.76,cepstrum,12000.0,14000.0,2.6888,normal,0.278,0.32375597804932993,0,-0.016,0.214,1.3530472626295882,3,0.012
N09_M07_F10_K005_11,K005,none,normal,N09_M07_F10,899.66,cepstrum,10000.0,12000.0,2.4979,normal,0.55,-0.14658995952037635,0,-0.018000000000000002,0.136,2.2153895668887564,3,0.011
N09_M07_F10_K005_12,K005,none,normal,N09_M07_F10,899.68,cepstrum,10666.7,13333.3,2.9595,normal,0.466,0.04740393084826842,0,-0.017,0.126,1.3813143337851996,4,0.012
N09_M07_F10_K005_13,K005,none,normal,N09_M07_F10,899.77,cepstrum,10666.7,13333.3,2.5457,normal,0.474,0.06412748545203102,0,-0.018000000000000002,0.088,1.8464198443207351,3,0.011
N09_M07_F10_K005_14,K005,none,normal,N09_M07_F10,899.83,cepstrum,12000.0,14000.0,3.144,normal,0.19,0.5696628773648474,0,-0.018000000000000002,0.098,2.0569893207997407,3,0.011
N09_M07_F10_K005_15,K005,none,normal,N09_M07_F10,899.77,cepstrum,12000.0,14000.0,3.0871,normal,0.288,0.6567457125512393,0,-0.017,0.126,2.451920411757462,4,0.011
N09_M07_F10_K005_16,K005,none,normal,N09_M07_F10,899.72,cepstrum,10666.7,13333.3,2.9235,normal,0.228,1.3348286814975092,0,-0.018000000000000002,0.218,1.2394238830422193,3,0.011
N09_M07_F10_K005_17,K005,none,normal,N09_M07_F10,899.81,cepstrum,10666.7,13333.3,2.6869,normal,0.528,-0.035092309099741176,0,-0.018000000000000002,0.224,2.3590655198015122,3,0.011
N09_M07_F10_K005_18,K005,none,normal,N09_M07_F10,899.78,cepstrum,10666.7,13333.3,2.7224,normal,0.308,0.36702424374534953,0,-0.017,0.096,1.506939885341028,4,0.011
N09_M07_F10_K005_19,K005,none,normal,N09_M07_F10,899.7,cepstrum,10666.7,13333.3,2.9801,normal,0.182,1.4792359661621561,1,-0.017,0.186,2.370992949200623,4,0.012
N09_M07_F10_K005_2,K005,none,normal,N09_M07_F10,899.66,cepstrum,13333.3,14666.7,2.8816,normal,0.982,-0.9160273810911876,0,-0.018000000000000002,0.244,2.275275789675029,3,0.011
N09_M07_F10_K005_20,K005,none,normal,N09_M07_F10,899.71,cepstrum,10666.7,13333.3,2.3947,normal,0.474,0.49230029858402385,0,-0.018000000000000002,0.182,1.2410001787533937,4,0.011
N09_M07_F10_K005_3,K005,none,normal,N09_M07_F10,899.71,cepstrum,10666.7,13333.3,2.8577,normal,0.28,0.6634091507813877,0,-0.018000000000000002,0.24,1.7748828775066965,4,0.011
N09_M07_F10_K005_4,K005,none,normal,N09_M07_F10,899.72,cepstrum,12000.0,14000.0,2.8317,normal,0.18,0.787975123174262,0,-0.018000000000000002,0.124,1.7026222039267724,3,0.011
N09_M07_F10_K005_5,K005,none,normal,N09_M07_F10,899.78,cepstrum,10666.7,13333.3,2.6281,normal,0.27,1.1099670394605774,1,-0.018000000000000002,0.192,1.751049966657511,4,0.011
N09_M07_F10_K005_6,K005,none,normal,N09_M07_F10,899.75,cepstrum,10666.7,13333.3,2.9171,normal,0.414,0.21669977186912737,0,-0.018000000000000002,0.098,2.087287807514998,3,0.011
N09_M07_F10_K005_7,K005,none,normal,N09_M07_F10,899.7,cepstrum,10666.7,13333.3,2.8751,normal,0.56,-0.1500589393056574,0,-0.018000000000000002,0.212,1.8839483266386494,3,0.011
N09_M07_F10_K005_8,K005,none,normal,N09_M07_F10,899.75,cepstrum,10666.7,13333.3,1.3417,normal,0.376,0.4260178571635569,0,-0.013000000000000001,0.232,1.5944859700966707,3,0.011
N09_M07_F10_K005_9,K005,none,normal,N09_M07_F10,899.69,cepstrum,13333.3,14666.7,2.9225,normal,0.184,1.3527589515950764,0,-0.016,0.104,2.7619615974283276,3,0.012
N09_M07_F10_K006_1,K006,none,normal,N09_M07_F10,899.36,cepstrum,5333.3,10666.7,3.0738,normal,0.998,-1.6466511714814285,0,0.0010000000000000009,0.196,1.3242444988099895,4,0.011
N09_M07_F10_K006_10,K006,none,normal,N09_M07_F10,899.76,cepstrum,10000.0,12000.0,2.2235,normal,0.876,-0.8578179254596728,0,-0.017,0.348,0.3924361398038531,2,0.011
N09_M07_F10_K006_11,K006,none,normal,N09_M07_F10,899.77,cepstrum,10666.7,12000.0,2.1195,normal,0.646,-0.3143737691707146,0,-0.02,0.216,0.8079208324327294,2,0.011
N09_M07_F10_K006_12,K006,none,normal,N09_M07_F10,899.73,cepstrum,13333.3,14666.7,2.391,normal,0.904,-1.4280056136450887,0,-0.0010000000000000009,0.156,1.0169986839206266,2,0.012
N09_M07_F10_K006_13,K006,none,normal,N09_M07_F10,899.72,cepstrum,5333.3,10666.7,2.4864,normal,0.816,-0.9976586310187743,0,-0.02,0.084,2.9197936160268534,5,0.011
N09_M07_F10_K006_14,K006,none,normal,N09_M07_F10,899.65,cepstrum,0.0,2666.7,2.9299,normal,0.756,-0.3976105686487117,0,-0.02,0.088,2.0090675235236675,2,0.011
N09_M07_F10_K006_15,K006,none,normal,N09_M07_F10,899.73,cepstrum,5333.3,10666.7,2.9612,normal,0.7,-0.39284110335851236,0,-0.017,0.096,2.1595233545909345,5,0.011
N09_M07_F10_K006_16,K006,none,normal,N09_M07_F10,899.78,cepstrum,8000.0,9333.3,3.1737,normal,0.898,-1.4223888769013748,0,-0.018000000000000002,0.346,1.008072328245071,2,0.009999999999999998
N09_M07_F10_K006_17,K006,none,normal,N09_M07_F10,899.72,cepstrum,5333.3,10666.7,2.9499,normal,1.0,-2.1842237120000916,0,-0.016,0.128,1.3184316966918705,3,0.011
N09_M07_F10_K006_18,K006,none,normal,N09_M07_F10,899.74,cepstrum,5333.3,10666.7,2.3645,normal,0.678,-0.5362697136715658,0,-0.019,0.096,2.5204815386520707,2,0.011
N09_M07_F10_K006_19,K006,none,normal,N09_M07_F10,899.75,cepstrum,12000.0,13333.3,2.7675,normal,0.774,-0.8821861582961394,0,-0.012,0.124,1.4894156602469428,2,0.011
N09_M07_F10_K006_2,K006,none,normal,N09_M07_F10,899.73,cepstrum,13333.3,14666.7,2.9547,normal,0.87,-1.0169589003929502,0,-0.018000000000000002,0.124,1.1995805222312153,2,0.011
N09_M07_F10_K006_20,K006,none,normal,N09_M07_F10,899.72,cepstrum,14000.0,15000.0,2.8122,normal,0.778,-0.5302708479702135,0,-0.002999999999999999,0.334,0.4179539985341595,1,0.011
N09_M07_F10_K006_3,K006,none,normal,N09_M07_F10,899.71,cepstrum,8000.0,10000.0,2.9905,normal,0.696,-0.46546812441923213,0,-0.013000000000000001,0.098,1.7437632489589052,2,0.011
N09_M07_F10_K006_4,K006,none,normal,N09_M07_F10,899.74,cepstrum,10666.7,12000.0,2.9311,normal,0.406,0.23481058686291523,0,-0.014,0.236,0.8796967901506126,2,0.011
N09_M07_F10_K006_5,K006,none,normal,N09_M07_F10,899.79,cepstrum,10666.7,13333.3,2.9238,normal,1.0,-2.007770319825388,0,0.02,0.09,1.1615526025677496,2,0.011
N09_M07_F10_K006_6,K006,none,normal,N09_M07_F10,899.72,cepstrum,10666.7,13333.3,3.4774,normal,0.764,-0.803019041696076,0,-0.017,0.1,1.4601867479029185,3,0.011
N09_M07_F10_K006_7,K006,none,normal,N09_M07_F10,899.75,cepstrum,12000.0,14000.0,3.0211,normal,1.0,-1.74478674209618,0,-0.015,0.192,1.152254603495416,3,0.011
N09_M07_F10_K006_8,K006,none,normal,N09_M07_F10,899.74,cepstrum,10666.7,13333.3,2.1538,normal,0.506,-0.006543555300018119,0,-0.016,0.096,2.06577104629529,2,0.011
N09_M07_F10_K006_9,K006,none,normal,N09_M07_F10,899.71,cepstrum,5333.3,10666.7,2.3026,normal,0.784,-0.7918201439885162,0,-0.02,0.098,2.213366101427057,3,0.011
N09_M07_F10_KA01_1,KA01,artificial,outer_race,N09_M07_F10,899.7,cepstrum,8000.0,10000.0,10.5871,outer_race,0.002,7.103341151945873,5,0.0010000000000000009,0.638,-0.3381403599066764,4,-0.019
N09_M07_F10_KA01_10,KA01,artificial,outer_race,N09_M07_F10,899.93,cepstrum,8000.0,10000.0,9.7841,outer_race,0.002,5.2672812551333585,5,-0.0010000000000000009,0.654,-0.4398073671078965,1,0.009000000000000001
N09_M07_F10_KA01_11,KA01,artificial,outer_race,N09_M07_F10,899.46,cepstrum,8000.0,10000.0,9.7611,outer_race,0.002,5.509781938746087,5,-0.0010000000000000009,0.538,-0.0642611367344683,1,0.009999999999999998
N09_M07_F10_KA01_12,KA01,artificial,outer_race,N09_M07_F10,899.8,cepstrum,8000.0,10000.0,10.5619,outer_race,0.002,12.483031157081612,5,-0.0010000000000000009,0.7,-0.5857551053577823,2,0.02
N09_M07_F10_KA01_13,KA01,artificial,outer_race,N09_M07_F10,899.79,cepstrum,8000.0,10000.0,10.3902,outer_race,0.004,8.210812739968231,5,-0.0010000000000000009,0.758,-0.6778644635168827,2,-0.012
N09_M07_F10_KA01_14,KA01,artificial,outer_race,N09_M07_F10,899.52,cepstrum,8000.0,10000.0,11.5401,outer_race,0.002,7.704955984747914,5,0.0019999999999999983,0.738,-0.7003950407295404,3,-0.019
N09_M07_F10_KA01_15,KA01,artificial,outer_race,N09_M07_F10,899.28,cepstrum,8000.0,10000.0,10.3985,outer_race,0.002,6.980494242478695,5,0.0,0.7,-0.533541090462788,5,-0.02
N09_M07_F10_KA01_16,KA01,artificial,outer_race,N09_M07_F10,899.5,cepstrum,8000.0,10000.0,10.1804,outer_race,0.002,6.119065383284871,5,0.0,0.71,-0.6646308141488653,0,0.013000000000000001
N09_M07_F10_KA01_17,KA01,artificial,outer_race,N09_M07_F10,899.77,cepstrum,8000.0,10000.0,10.5435,outer_race,0.002,9.82220805366152,5,0.0,0.714,-0.6517875333807606,0,0.009000000000000001
N09_M07_F10_KA01_18,KA01,artificial,outer_race,N09_M07_F10,899.7,cepstrum,8000.0,10000.0,10.1684,outer_race,0.004,4.6747836744158775,5,-0.002999999999999999,0.748,-0.7153287368114685,3,0.02
N09_M07_F10_KA01_19,KA01,artificial,outer_race,N09_M07_F10,899.78,cepstrum,8000.0,10000.0,10.777,outer_race,0.002,10.00663400361505,5,0.0010000000000000009,0.746,-0.707971144363778,0,0.013000000000000001
N09_M07_F10_KA01_2,KA01,artificial,outer_race,N09_M07_F10,899.54,cepstrum,8000.0,10000.0,10.1033,outer_race,0.002,8.215806763811722,5,0.0,0.726,-0.6780696364875448,4,-0.02
N09_M07_F10_KA01_20,KA01,artificial,outer_race,N09_M07_F10,899.68,cepstrum,8000.0,10000.0,10.4504,outer_race,0.002,6.718180251441323,5,0.0,0.726,-0.6843418446572119,5,-0.019
N09_M07_F10_KA01_3,KA01,artificial,outer_race,N09_M07_F10,899.5,cepstrum,8000.0,10000.0,9.6713,outer_race,0.002,5.451016929496047,5,0.0,0.67,-0.5576847127274676,3,-0.008
N09_M07_F10_KA01_4,KA01,artificial,outer_race,N09_M07_F10,899.75,cepstrum,8000.0,10000.0,10.6909,outer_race,0.002,8.339416683427519,5,0.0,0.754,-0.6843853119993287,2,-0.01
N09_M07_F10_KA01_5,KA01,artificial,outer_race,N09_M07_F10,899.7,cepstrum,8000.0,10000.0,9.409,outer_race,0.004,8.970548086300361,5,-0.0010000000000000009,0.734,-0.6812542081239344,3,-0.009000000000000001
N09_M07_F10_KA01_6,KA01,artificial,outer_race,N09_M07_F10,899.67,cepstrum,8000.0,9333.3,9.8859,outer_race,0.002,6.35672042947827,5,0.0010000000000000009,0.704,-0.5853383640852144,2,-0.008
N09_M07_F10_KA01_7,KA01,artificial,outer_race,N09_M07_F10,899.81,cepstrum,8000.0,10000.0,9.2696,outer_race,0.004,8.465600750177284,5,-0.0010000000000000009,0.68,-0.49218781181933224,2,0.02
N09_M07_F10_KA01_8,KA01,artificial,outer_race,N09_M07_F10,899.5,cepstrum,8000.0,10000.0,9.3024,outer_race,0.002,7.111556130554988,5,-0.0010000000000000009,0.566,-0.18267135845159702,0,0.006999999999999999
N09_M07_F10_KA01_9,KA01,artificial,outer_race,N09_M07_F10,899.54,cepstrum,8000.0,10000.0,10.7448,outer_race,0.002,6.104607714299626,5,0.0019999999999999983,0.694,-0.5060349822525981,3,-0.01
N09_M07_F10_KA03_1,KA03,artificial,outer_race,N09_M07_F10,899.7,cepstrum,12000.0,14000.0,4.1943,normal,0.192,2.9930370626634057,1,-0.017,0.1,2.627591677105399,4,0.011
N09_M07_F10_KA03_10,KA03,artificial,outer_race,N09_M07_F10,899.76,cepstrum,12000.0,14000.0,5.3483,inner_race,0.23,0.9015583787686113,0,-0.02,0.012,1.7712891967071003,3,0.011
N09_M07_F10_KA03_11,KA03,artificial,outer_race,N09_M07_F10,899.65,cepstrum,13333.3,14666.7,4.7954,normal,0.282,0.6644839930190433,0,-0.019,0.164,1.791353308694122,3,0.011
N09_M07_F10_KA03_12,KA03,artificial,outer_race,N09_M07_F10,899.59,cepstrum,13333.3,14666.7,4.7484,normal,0.392,0.323348865330956,0,-0.019,0.052,1.5284803020781408,3,0.011
N09_M07_F10_KA03_13,KA03,artificial,outer_race,N09_M07_F10,899.72,cepstrum,14000.0,15000.0,4.5075,normal,0.186,3.2068643692391383,0,-0.019,0.12,1.9341555022722754,3,0.009999999999999998
N09_M07_F10_KA03_14,KA03,artificial,outer_race,N09_M07_F10,899.74,cepstrum,13333.3,14666.7,5.3883,normal,0.116,3.3955732753121337,0,-0.017,0.098,2.295241096731228,3,0.012
N09_M07_F10_KA03_15,KA03,artificial,outer_race,N09_M07_F10,899.8,cepstrum,13333.3,14666.7,4.301,normal,0.492,0.006220295169238168,0,-0.017,0.206,0.7348408034075353,3,0.011
N09_M07_F10_KA03_16,KA03,artificial,outer_race,N09_M07_F10,899.72,cepstrum,12000.0,14000.0,4.5131,inner_race,0.22,2.1658842714384483,0,-0.016,0.012,1.6427812754526596,3,0.011
N09_M07_F10_KA03_17,KA03,artificial,outer_race,N09_M07_F10,899.76,cepstrum,12000.0,14000.0,4.4578,normal,0.204,1.0344968480398418,0,-0.019,0.058,1.593335311033534,3,0.009999999999999998
N09_M07_F10_KA03_18,KA03,artificial,outer_race,N09_M07_F10,899.62,cepstrum,13333.3,14666.7,3.9525,normal,0.398,0.22951514922483865,0,-0.018000000000000002,0.032,2.2662637431357058,3,0.009999999999999998
N09_M07_F10_KA03_19,KA03,artificial,outer_race,N09_M07_F10,899.86,cepstrum,13333.3,14666.7,5.0345,normal,0.202,1.0246007763122855,0,-0.019,0.04,1.621733176545637,3,0.009999999999999998
N09_M07_F10_KA03_2,KA03,artificial,outer_race,N09_M07_F10,899.78,cepstrum,12000.0,13333.3,4.5834,normal,0.584,-0.2206176698918271,0,-0.02,0.08,2.2702762675354626,3,0.012
N09_M07_F10_KA03_20,KA03,artificial,outer_race,N09_M07_F10,899.81,cepstrum,13333.3,14666.7,4.8583,normal,0.474,0.16646498708623939,0,-0.02,0.082,1.1825797947540357,3,0.009999999999999998
N09_M07_F10_KA03_3,KA03,artificial,outer_race,N09_M07_F10,899.73,cepstrum,14000.0,15000.0,4.298,normal,0.574,-0.24921358135096164,0,-0.013000000000000001,0.192,1.4430149410050415,3,0.011
N09_M07_F10_KA03_4,KA03,artificial,outer_race,N09_M07_F10,899.71,cepstrum,13333.3,14666.7,4.6536,normal,0.188,1.1505385967264417,0,-0.016,0.102,2.9100380977798546,3,0.012
N09_M07_F10_KA03_5,KA03,artificial,outer_race,N09_M07_F10,899.68,cepstrum,13333.3,14666.7,4.8794,normal,0.214,0.8141660781400492,0,-0.018000000000000002,0.124,1.8879253541014773,3,0.011
N09_M07_F10_KA03_6,KA03,artificial,outer_race,N09_M07_F10,899.83,cepstrum,13333.3,14666.7,4.5616,normal,0.248,1.413661865383586,0,-0.019,0.072,2.057809301802606,3,0.011
N09_M07_F10_KA03_7,KA03,artificial,outer_race,N09_M07_F10,899.73,cepstrum,13333.3,14666.7,4.2715,normal,0.398,0.6260140984873962,0,-0.02,0.13,1.7387085877874566,3,0.009999999999999998
N09_M07_F10_KA03_8,KA03,artificial,outer_race,N09_M07_F10,899.78,cepstrum,13333.3,14666.7,4.9991,normal,0.21,2.041884790082316,0,-0.017,0.166,1.532254784273216,3,0.011
N09_M07_F10_KA03_9,KA03,artificial,outer_race,N09_M07_F10,899.68,cepstrum,12000.0,14000.0,4.1544,normal,0.186,2.7431767659802873,0,-0.019,0.1,1.661399635132416,3,0.011
N09_M07_F10_KA04_1,KA04,real,outer_race,N09_M07_F10,899.61,cepstrum,0.0,1000.0,9.4551,normal,0.002,11.199612173953703,1,0.004,0.26,0.726581139876486,0,-0.019
N09_M07_F10_KA04_10,KA04,real,outer_race,N09_M07_F10,899.85,cepstrum,0.0,1000.0,6.8943,normal,0.002,6.223291605294032,0,0.0,0.56,-0.14887625534567708,0,-0.002999999999999999
N09_M07_F10_KA04_11,KA04,real,outer_race,N09_M07_F10,899.61,cepstrum,0.0,1333.3,7.7527,normal,0.002,11.194375562498516,0,0.0010000000000000009,0.116,1.7745311551385594,0,0.018
N09_M07_F10_KA04_12,KA04,real,outer_race,N09_M07_F10,899.68,cepstrum,0.0,1000.0,11.8302,normal,0.002,8.0152594783872,0,0.0010000000000000009,0.728,-0.3185398710903956,0,-0.011
N09_M07_F10_KA04_13,KA04,real,outer_race,N09_M07_F10,930.93,cepstrum,9333.3,10666.7,8.0544,normal,0.538,-0.06515835181652584,0,-0.02,0.058,2.6134208519890962,0,-0.002999999999999999
N09_M07_F10_KA04_14,KA04,real,outer_race,N09_M07_F10,899.77,cepstrum,0.0,1000.0,9.6537,outer_race,0.002,11.705592665418992,2,0.0,0.368,0.6442982514541864,1,0.02
N09_M07_F10_KA04_15,KA04,real,outer_race,N09_M07_F10,899.71,cepstrum,0.0,1333.3,5.7969,outer_race,0.002,8.653766339946134,3,0.0010000000000000009,0.876,-1.31303188827405,1,-0.02
N09_M07_F10_KA04_16,KA04,real,outer_race,N09_M07_F10,899.71,cepstrum,0.0,1000.0,6.2299,normal,0.002,9.680315629126751,1,0.0,0.982,-2.532250891380722,0,-0.011
N09_M07_F10_KA04_17,KA04,real,outer_race,N09_M07_F10,899.59,cepstrum,0.0,1333.3,4.5859,outer_race,0.002,13.183941458727427,2,0.0,0.19,1.342009663851566,1,0.02
N09_M07_F10_KA04_18,KA04,real,outer_race,N09_M07_F10,899.59,cepstrum,0.0,1333.3,4.5859,outer_race,0.002,13.183941458727427,2,0.0,0.19,1.342009663851566,1,0.02
N09_M07_F10_KA04_19,KA04,real,outer_race,N09_M07_F10,899.73,cepstrum,0.0,1333.3,4.9369,outer_race,0.002,11.99834384534948,5,0.0,0.274,0.7320146543526659,1,0.02
N09_M07_F10_KA04_2,KA04,real,outer_race,N09_M07_F10,899.73,cepstrum,0.0,1333.3,6.5882,normal,0.64,-0.37147056895539254,0,0.0,0.664,-0.3926965623302239,0,-0.011
N09_M07_F10_KA04_20,KA04,real,outer_race,N09_M07_F10,899.97,cepstrum,0.0,1000.0,6.1095,normal,0.002,7.624485365478661,0,0.0,0.91,-0.9758810367209124,0,-0.012
N09_M07_F10_KA04_3,KA04,real,outer_race,N09_M07_F10,899.66,cepstrum,0.0,1333.3,8.2409,normal,0.002,13.898215746924404,0,0.0,0.928,-1.2036517447576365,0,-0.019
N09_M07_F10_KA04_4,KA04,real,outer_race,N09_M07_F10,899.83,cepstrum,9333.3,10666.7,6.8291,outer_race,0.002,10.82992619632402,5,0.0,0.196,1.3174780612146468,1,0.02
N09_M07_F10_KA04_5,KA04,real,outer_race,N09_M07_F10,899.81,cepstrum,0.0,1000.0,6.5517,normal,0.002,7.77899774323899,0,0.0,0.892,-1.2058011433847027,0,-0.008
N09_M07_F10_KA04_6,KA04,real,outer_race,N09_M07_F10,899.57,cepstrum,0.0,2000.0,7.3782,normal,0.002,2.7945026544868585,0,0.005000000000000001,0.832,-0.8476686077143037,0,-0.01
N09_M07_F10_KA04_7,KA04,real,outer_race,N09_M07_F10,899.66,cepstrum,0.0,2000.0,6.8526,normal,0.446,0.09884345197507599,0,-0.01,0.186,0.9236427461905664,0,0.0019999999999999983
N09_M07_F10_KA04_8,KA04,real,outer_race,N09_M07_F10,899.75,cepstrum,0.0,1333.3,6.2918,normal,0.002,4.3944831187489415,0,0.0,0.014,1.5821794339326833,0,0.02
N09_M07_F10_KA04_9,KA04,real,outer_race,N09_M07_F10,899.63,cepstrum,0.0,2000.0,6.5224,normal,0.002,9.15713594600863,1,0.0,0.712,-0.81889152133202,0,-0.02
N09_M07_F10_KA05_1,KA05,artificial,outer_race,N09_M07_F10,899.7,cepstrum,10666.7,13333.3,5.2653,normal,0.99,-1.273246135124226,0,-0.011,0.352,0.4676570766886432,2,0.014000000000000002
N09_M07_F10_KA05_10,KA05,artificial,outer_race,N09_M07_F10,899.79,cepstrum,10666.7,13333.3,4.8812,normal,1.0,-1.6902105702297308,0,0.02,0.368,0.402491233752435,3,0.011
N09_M07_F10_KA05_11,KA05,artificial,outer_race,N09_M07_F10,899.63,cepstrum,10666.7,13333.3,5.738,normal,0.924,-1.3859660253417223,0,-0.02,0.196,0.773101125245873,2,0.011
N09_M07_F10_KA05_12,KA05,artificial,outer_race,N09_M07_F10,900.0,cepstrum,10000.0,12000.0,5.9323,normal,0.99,-1.3722305071979266,0,0.009999999999999998,0.142,1.5055420138346034,3,0.011
N09_M07_F10_KA05_13,KA05,artificial,outer_race,N09_M07_F10,899.88,cepstrum,10666.7,13333.3,4.9859,normal,0.66,-0.3972031081844026,0,-0.018000000000000002,0.026,1.9402665146067501,3,0.012
N09_M07_F10_KA05_14,KA05,artificial,outer_race,N09_M07_F10,899.81,cepstrum,12000.0,14000.0,4.9346,normal,0.922,-1.2956178411430994,0,-0.008,0.15,1.1028195543904216,3,0.011
N09_M07_F10_KA05_15,KA05,artificial,outer_race,N09_M07_F10,899.6,cepstrum,10666.7,13333.3,6.3539,normal,0.946,-1.4701193208522825,0,-0.004,0.228,1.267648686482437,2,0.011
N09_M07_F10_KA05_16,KA05,artificial,outer_race,N09_M07_F10,899.86,cepstrum,10666.7,13333.3,5.8468,normal,0.44,0.16679945206378263,0,-0.018000000000000002,0.042,1.4511914671286665,3,0.011
N09_M07_F10_KA05_17,KA05,artificial,outer_race,N09_M07_F10,899.86,cepstrum,10666.7,13333.3,5.6532,normal,0.818,-0.8884758483854349,0,-0.016,0.178,1.1910881081395805,3,0.013000000000000001
N09_M07_F10_KA05_18,KA05,artificial,outer_race,N09_M07_F10,899.72,cepstrum,10666.7,13333.3,4.7194,normal,0.964,-2.0484093669526047,0,-0.018000000000000002,0.464,0.22543506117147677,2,0.011
N09_M07_F10_KA05_19,KA05,artificial,outer_race,N09_M07_F10,899.83,cepstrum,10666.7,13333.3,5.1225,normal,0.506,-0.11285657840947111,0,-0.018000000000000002,0.212,1.021165452479642,3,0.013000000000000001
N09_M07_F10_KA05_2,KA05,artificial,outer_race,N09_M07_F10,900.0,cepstrum,12000.0,14000.0,4.7581,normal,0.856,-0.770700552359156,0,0.012,0.304,0.28537455571359166,3,0.011
N09_M07_F10_KA05_20,KA05,artificial,outer_race,N09_M07_F10,899.81,cepstrum,10000.0,12000.0,5.5438,normal,0.874,-0.9508939787128504,0,-0.018000000000000002,0.266,1.027532024619277,3,0.011
N09_M07_F10_KA05_3,KA05,artificial,outer_race,N09_M07_F10,899.69,cepstrum,10666.7,13333.3,6.9943,normal,0.514,-0.006081545589546657,0,-0.017,0.23,1.2075369466843344,3,0.013000000000000001
N09_M07_F10_KA05_4,KA05,artificial,outer_race,N09_M07_F10,899.75,cepstrum,10666.7,13333.3,5.536,normal,0.81,-1.2531803255389948,0,0.009000000000000001,0.306,0.7373258663498501,1,0.015000000000000003
N09_M07_F10_KA05_5,KA05,artificial,outer_race,N09_M07_F10,899.88,cepstrum,12000.0,14000.0,5.2773,normal,0.856,-0.7553553607302225,0,-0.015,0.35,0.6630677040849705,3,0.013000000000000001
N09_M07_F10_KA05_6,KA05,artificial,outer_race,N09_M07_F10,899.95,cepstrum,10666.7,13333.3,6.0368,normal,0.374,0.38981791264108656,0,-0.016,0.136,1.655458488011876,3,0.013000000000000001
N09_M07_F10_KA05_7,KA05,artificial,outer_race,N09_M07_F10,899.86,cepstrum,10666.7,13333.3,5.5587,normal,0.766,-0.6442494287742403,0,-0.016,0.28,0.656806845307415,3,0.011
N09_M07_F10_KA05_8,KA05,artificial,outer_race,N09_M07_F10,899.61,cepstrum,10666.7,13333.3,6.3832,normal,0.872,-1.029808835773515,0,-0.018000000000000002,0.198,1.004148755035673,3,0.012
N09_M07_F10_KA05_9,KA05,artificial,outer_race,N09_M07_F10,899.86,cepstrum,12000.0,14000.0,6.0508,normal,0.85,-0.7283127152206518,0,-0.017,0.104,1.6248008673618333,3,0.011
N09_M07_F10_KA06_1,KA06,artificial,outer_race,N09_M07_F10,900.64,cepstrum,10666.7,13333.3,5.3835,normal,1.0,-1.59154947163536,0,-0.006999999999999999,0.454,0.18686727614780657,2,0.009999999999999998
N09_M07_F10_KA06_10,KA06,artificial,outer_race,N09_M07_F10,899.55,cepstrum,10666.7,13333.3,4.7598,normal,0.37,0.2517454244253997,0,-0.018000000000000002,0.188,1.351143496448601,3,0.013000000000000001
N09_M07_F10_KA06_11,KA06,artificial,outer_race,N09_M07_F10,899.86,cepstrum,8000.0,12000.0,5.3974,normal,0.764,-0.6372001422944975,0,-0.018000000000000002,0.102,1.4152779908035837,3,0.012
N09_M07_F10_KA06_12,KA06,artificial,outer_race,N09_M07_F10,899.95,cepstrum,10000.0,12000.0,5.3944,normal,0.992,-1.1864301830830077,0,-0.016,0.278,0.7204711858502055,3,0.013000000000000001
N09_M07_F10_KA06_13,KA06,artificial,outer_race,N09_M07_F10,899.61,cepstrum,10666.7,13333.3,5.4038,normal,0.652,-0.06439288634113334,0,-0.018000000000000002,0.226,1.2740132441069785,3,0.012
N09_M07_F10_KA06_14,KA06,artificial,outer_race,N09_M07_F10,899.97,cepstrum,10666.7,13333.3,5.9463,normal,0.49,0.021692971944670514,0,-0.018000000000000002,0.234,1.117811067335143,3,0.011
N09_M07_F10_KA06_15,KA06,artificial,outer_race,N09_M07_F10,899.87,cepstrum,10666.7,13333.3,5.7021,normal,0.866,-0.9685584398854934,0,-0.017,0.212,0.9388981881413143,3,0.011
N09_M07_F10_KA06_16,KA06,artificial,outer_race,N09_M07_F10,899.72,cepstrum,10666.7,13333.3,5.6008,normal,0.914,-1.3050588205166087,0,-0.016,0.32,0.6526090998685974,2,0.011
N09_M07_F10_KA06_17,KA06,artificial,outer_race,N09_M07_F10,899.82,cepstrum,12000.0,14000.0,6.2951,normal,0.304,0.29622713114057625,0,-0.018000000000000002,0.294,1.021833198267175,3,0.011
N09_M07_F10_KA06_18,KA06,artificial,outer_race,N09_M07_F10,899.92,cepstrum,8000.0,12000.0,4.9783,normal,0.946,-1.0000866582600487,0,-0.016,0.266,0.7464480471158565,3,0.013000000000000001
N09_M07_F10_KA06_19,KA06,artificial,outer_race,N09_M07_F10,899.99,cepstrum,8000.0,12000.0,5.2069,normal,0.478,0.04231962869948823,0,-0.018000000000000002,0.366,0.47601464219375267,3,0.011
N09_M07_F10_KA06_2,KA06,artificial,outer_race,N09_M07_F10,899.57,cepstrum,10666.7,13333.3,5.7365,normal,0.78,-0.7340440408630725,0,0.0010000000000000009,0.378,0.32268285962796933,2,0.012
N09_M07_F10_KA06_20,KA06,artificial,outer_race,N09_M07_F10,899.54,cepstrum,10000.0,12000.0,5.7651,normal,0.928,-0.6603387162989118,0,0.0019999999999999983,0.224,0.7661333338159421,3,0.012
N09_M07_F10_KA06_3,KA06,artificial,outer_race,N09_M07_F10,899.73,cepstrum,10000.0,12000.0,4.4354,normal,0.92,-0.8683395418857257,0,0.006999999999999999,0.244,0.8817834653738253,1,0.008
N09_M07_F10_KA06_4,KA06,artificial,outer_race,N09_M07_F10,899.98,cepstrum,10666.7,13333.3,5.4881,normal,0.796,-0.722118133386761,0,-0.02,0.274,0.7701043732789633,3,0.011
N09_M07_F10_KA06_5,KA06,artificial,outer_race,N09_M07_F10,899.82,cepstrum,8000.0,12000.0,4.6708,normal,0.284,2.123926061564986,0,-0.018000000000000002,0.302,1.036688490059097,4,0.011
N09_M07_F10_KA06_6,KA06,artificial,outer_race,N09_M07_F10,899.67,cepstrum,10666.7,13333.3,5.9083,normal,0.386,0.18883791979610756,0,-0.017,0.1,2.5320156488599976,3,0.013000000000000001
N09_M07_F10_KA06_7,KA06,artificial,outer_race,N09_M07_F10,899.86,cepstrum,10666.7,13333.3,5.724,normal,0.71,-0.48799426372164134,0,0.005000000000000001,0.148,1.0327796349701384,3,0.011
N09_M07_F10_KA06_8,KA06,artificial,outer_race,N09_M07_F10,899.31,cepstrum,12000.0,14000.0,5.1292,normal,0.98,-1.160985113941598,0,-0.018000000000000002,0.21,1.4455543117892784,2,0.011
N09_M07_F10_KA06_9,KA06,artificial,outer_race,N09_M07_F10,899.87,cepstrum,8000.0,12000.0,5.6556,normal,0.964,-1.3929990776648635,0,-0.02,0.076,1.2104238441518653,3,0.011
N09_M07_F10_KA07_1,KA07,artificial,outer_race,N09_M07_F10,899.68,cepstrum,10666.7,13333.3,4.9482,normal,0.982,-2.342300403103262,0,-0.011,0.174,1.5462838671948367,3,0.012
N09_M07_F10_KA07_10,KA07,artificial,outer_race,N09_M07_F10,900.12,cepstrum,10666.7,13333.3,4.5804,normal,0.562,-0.2694022737527124,0,-0.016,0.092,1.2005900523109359,3,0.012
N09_M07_F10_KA07_11,KA07,artificial,outer_race,N09_M07_F10,899.74,cepstrum,12000.0,14000.0,4.5143,normal,1.0,-1.7525873044859055,0,-0.02,0.172,0.8246961185655706,3,0.012
N09_M07_F10_KA07_12,KA07,artificial,outer_race,N09_M07_F10,899.73,cepstrum,12000.0,14000.0,4.2623,normal,0.846,-1.1366448592332599,0,-0.02,0.474,0.1894463294224569,3,0.012
N09_M07_F10_KA07_13,KA07,artificial,outer_race,N09_M07_F10,899.73,cepstrum,12000.0,14000.0,4.2833,normal,0.684,-0.40972493819956324,0,-0.015,0.11,1.5735230412241592,3,0.013000000000000001
N09_M07_F10_KA07_14,KA07,artificial,outer_race,N09_M07_F10,899.96,cepstrum,10666.7,13333.3,5.2051,normal,0.958,-0.9788991777217867,0,-0.018000000000000002,0.264,0.9695943411395582,2,0.011
N09_M07_F10_KA07_15,KA07,artificial,outer_race,N09_M07_F10,899.82,cepstrum,10666.7,13333.3,5.7181,normal,0.852,-0.8919909849126423,0,-0.018000000000000002,0.214,0.7760153767046464,2,0.011
N09_M07_F10_KA07_16,KA07,artificial,outer_race,N09_M07_F10,899.68,cepstrum,12000.0,13333.3,5.1888,normal,0.9,-1.1596731981363024,0,-0.02,0.248,0.7937029867730329,3,0.012
N09_M07_F10_KA07_17,KA07,artificial,outer_race,N09_M07_F10,899.95,cepstrum,12000.0,14000.0,5.7625,normal,0.708,-0.5047537488358605,0,-0.018000000000000002,0.112,1.100315719684549,2,0.011
N09_M07_F10_KA07_18,KA07,artificial,outer_race,N09_M07_F10,899.83,cepstrum,10666.7,13333.3,5.6114,normal,1.0,-2.1208725505701924,0,0.009999999999999998,0.246,0.73162172631042,2,0.012
N09_M07_F10_KA07_19,KA07,artificial,outer_race,N09_M07_F10,899.63,cepstrum,10000.0,12000.0,4.9099,normal,0.922,-1.4779168762394121,0,-0.015,0.326,0.4524222345124436,3,0.013000000000000001
N09_M07_F10_KA07_2,KA07,artificial,outer_race,N09_M07_F10,899.73,cepstrum,12000.0,14000.0,5.356,normal,0.848,-1.1337737122747196,0,-0.004,0.306,0.6200082400390061,3,0.012
N09_M07_F10_KA07_20,KA07,artificial,outer_race,N09_M07_F10,899.68,cepstrum,10666.7,13333.3,4.8223,normal,0.978,-1.7021653399526038,0,-0.013000000000000001,0.134,1.230419337183991,3,0.012
N09_M07_F10_KA07_3,KA07,artificial,outer_race,N09_M07_F10,899.87,cepstrum,10666.7,13333.3,5.0496,normal,0.886,-1.3620750638303423,0,0.005000000000000001,0.246,1.0946981417105026,2,0.011
N09_M07_F10_KA07_4,KA07,artificial,outer_race,N09_M07_F10,899.69,cepstrum,10666.7,13333.3,4.5376,normal,0.932,-0.8678556609148733,0,-0.014,0.198,1.1279002797975954,3,0.013000000000000001
N09_M07_F10_KA07_5,KA07,artificial,outer_race,N09_M07_F10,899.93,cepstrum,10000.0,12000.0,4.2799,normal,0.938,-2.080038000734548,0,-0.013000000000000001,0.61,-0.3953489691076015,3,0.014000000000000002
N09_M07_F10_KA07_6,KA07,artificial,outer_race,N09_M07_F10,899.88,cepstrum,12000.0,14000.0,5.5733,normal,0.98,-1.2857544803559307,0,-0.018000000000000002,0.338,0.5059420265419816,4,0.012
N09_M07_F10_KA07_7,KA07,artificial,outer_race,N09_M07_F10,899.56,cepstrum,10666.7,13333.3,4.6844,normal,1.0,-2.10813440325651,0,0.006999999999999999,0.178,1.0391891726457168,3,0.013000000000000001
N09_M07_F10_KA07_8,KA07,artificial,outer_race,N09_M07_F10,899.75,cepstrum,12000.0,14000.0,5.5305,normal,1.0,-1.5389722244738564,0,-0.004,0.306,0.293218664833442,3,0.012
N09_M07_F10_KA07_9,KA07,artificial,outer_race,N09_M07_F10,899.81,cepstrum,10000.0,12000.0,4.5787,normal,0.998,-1.484642060502591,0,0.0,0.45,0.13300516047290897,3,0.013000000000000001
N09_M07_F10_KA08_1,KA08,artificial,outer_race,N09_M07_F10,899.75,cepstrum,10666.7,13333.3,4.1929,normal,0.86,-1.0420458041572358,0,-0.008,0.508,-0.006603372785808446,3,0.012
N09_M07_F10_KA08_10,KA08,artificial,outer_race,N09_M07_F10,899.55,cepstrum,10666.7,13333.3,4.5669,normal,1.0,-2.5042568038413284,0,-0.002999999999999999,0.668,-0.3596336504469416,2,0.012
N09_M07_F10_KA08_11,KA08,artificial,outer_race,N09_M07_F10,900.0,cepstrum,10000.0,12000.0,6.3517,normal,0.742,-0.4882098504475671,0,-0.015,0.32,0.35455035658096307,3,0.014000000000000002
N09_M07_F10_KA08_12,KA08,artificial,outer_race,N09_M07_F10,899.75,cepstrum,8000.0,12000.0,4.1864,normal,1.0,-2.4131445058354672,0,-0.008,0.646,-0.29400467111998985,1,0.009000000000000001
N09_M07_F10_KA08_13,KA08,artificial,outer_race,N09_M07_F10,899.95,cepstrum,14000.0,15000.0,4.1923,normal,0.998,-1.5505153454499747,0,0.012,0.302,0.9571253331928852,3,0.013000000000000001
N09_M07_F10_KA08_14,KA08,artificial,outer_race,N09_M07_F10,899.83,cepstrum,13333.3,14666.7,4.6028,normal,0.992,-1.9382542850077602,0,0.005000000000000001,0.286,0.8052661410252143,3,0.013000000000000001
N09_M07_F10_KA08_15,KA08,artificial,outer_race,N09_M07_F10,899.84,cepstrum,8000.0,12000.0,4.363,normal,0.906,-1.075401663475399,0,-0.014,0.392,0.2882589019632383,3,0.012
N09_M07_F10_KA08_16,KA08,artificial,outer_race,N09_M07_F10,899.66,cepstrum,14000.0,15000.0,5.1878,normal,0.944,-1.8180712811836817,0,0.009999999999999998,0.592,-0.2310472941313853,2,0.014000000000000002
N09_M07_F10_KA08_17,KA08,artificial,outer_race,N09_M07_F10,899.64,cepstrum,10666.7,13333.3,4.4146,normal,0.96,-1.5611191007074645,0,-0.015,0.412,0.14917970293785363,3,0.013000000000000001
N09_M07_F10_KA08_18,KA08,artificial,outer_race,N09_M07_F10,899.89,cepstrum,14000.0,15000.0,4.2766,normal,0.954,-1.8561748969739682,0,-0.01,0.256,0.8059096465699668,3,0.014000000000000002
N09_M07_F10_KA08_19,KA08,artificial,outer_race,N09_M07_F10,899.87,cepstrum,10666.7,13333.3,4.4005,normal,0.97,-1.335274277121217,0,0.006999999999999999,0.752,-0.7123403776522603,3,0.012
N09_M07_F10_KA08_2,KA08,artificial,outer_race,N09_M07_F10,899.75,cepstrum,10666.7,13333.3,4.1726,normal,0.856,-0.7090086439321518,0,-0.015,0.412,0.2005547553720608,3,0.013000000000000001
N09_M07_F10_KA08_20,KA08,artificial,outer_race,N09_M07_F10,899.75,cepstrum,10666.7,13333.3,4.8182,normal,0.948,-1.3728095915668652,0,-0.005000000000000001,0.36,0.6186206278676037,1,0.019
N09_M07_F10_KA08_3,KA08,artificial,outer_race,N09_M07_F10,899.65,cepstrum,10666.7,13333.3,5.0946,normal,0.992,-2.2942027053543628,0,-0.018000000000000002,0.384,0.4024972499144319,1,-0.012
N09_M07_F10_KA08_4,KA08,artificial,outer_race,N09_M07_F10,899.79,cepstrum,10666.7,13333.3,4.897,normal,0.954,-1.7148064710139874,0,-0.019,0.206,0.7790009016822353,3,0.012
N09_M07_F10_KA08_5,KA08,artificial,outer_race,N09_M07_F10,899.76,cepstrum,10666.7,13333.3,5.1782,normal,0.976,-1.794844261067964,0,0.016999999999999998,0.232,0.8632167012026707,3,0.012
N09_M07_F10_KA08_6,KA08,artificial,outer_race,N09_M07_F10,899.78,cepstrum,12000.0,14000.0,5.5583,normal,1.0,-3.131731024242599,0,-0.017,0.57,-0.11116530500659727,3,0.014000000000000002
N09_M07_F10_KA08_7,KA08,artificial,outer_race,N09_M07_F10,899.71,cepstrum,13333.3,14666.7,6.004,normal,0.974,-1.7810299363218733,0,-0.005000000000000001,0.726,-0.6244876103003032,2,0.014000000000000002
N09_M07_F10_KA08_8,KA08,artificial,outer_race,N09_M07_F10,899.77,cepstrum,8000.0,12000.0,4.1138,normal,1.0,-2.5321735671714354,0,-0.009000000000000001,0.466,0.15513510919634513,0,-0.015
N09_M07_F10_KA08_9,KA08,artificial,outer_race,N09_M07_F10,899.84,cepstrum,12000.0,14000.0,5.3428,normal,1.0,-3.995069440287591,0,-0.005000000000000001,0.428,0.21662770599430856,3,0.014000000000000002
N09_M07_F10_KA09_1,KA09,artificial,outer_race,N09_M07_F10,899.64,cepstrum,10000.0,12000.0,4.8222,normal,0.53,-0.18452614366722836,0,-0.019,0.21,0.9235350719154938,2,0.011
N09_M07_F10_KA09_10,KA09,artificial,outer_race,N09_M07_F10,900.15,cepstrum,10666.7,13333.3,4.9954,normal,0.91,-1.0333610365595929,0,-0.018000000000000002,0.25,0.7021586287715531,3,0.014000000000000002
N09_M07_F10_KA09_11,KA09,artificial,outer_race,N09_M07_F10,899.69,cepstrum,10666.7,13333.3,4.7404,normal,0.99,-1.2475593954291113,0,-0.015,0.218,1.158353576388045,3,0.012
N09_M07_F10_KA09_12,KA09,artificial,outer_race,N09_M07_F10,898.65,cepstrum,8000.0,9333.3,3.9675,normal,0.99,-1.4446449669856907,0,-0.015,0.352,0.39558278885654685,3,0.014000000000000002
N09_M07_F10_KA09_13,KA09,artificial,outer_race,N09_M07_F10,899.86,cepstrum,5333.3,10666.7,4.1578,normal,0.864,-1.2412366425695693,0,-0.008,0.084,2.049091866208747,3,0.012
N09_M07_F10_KA09_14,KA09,artificial,outer_race,N09_M07_F10,899.63,cepstrum,10666.7,13333.3,4.7241,normal,0.99,-1.8864412800583135,0,-0.004,0.438,0.32861263746216723,2,0.012
N09_M07_F10_KA09_15,KA09,artificial,outer_race,N09_M07_F10,899.65,cepstrum,8000.0,10666.7,4.4878,normal,0.808,-0.61186460833044,0,-0.011,0.27,0.4489907403586212,3,0.013000000000000001
N09_M07_F10_KA09_16,KA09,artificial,outer_race,N09_M07_F10,899.81,cepstrum,10666.7,13333.3,4.8069,normal,0.978,-2.5863037012941157,0,-0.008,0.084,2.204805797920842,2,0.011
N09_M07_F10_KA09_17,KA09,artificial,outer_race,N09_M07_F10,899.85,cepstrum,12000.0,14000.0,5.9872,normal,0.972,-1.3280578260596063,0,0.005000000000000001,0.324,0.42354810472893395,3,0.013000000000000001
N09_M07_F10_KA09_18,KA09,artificial,outer_race,N09_M07_F10,899.67,cepstrum,10666.7,13333.3,4.6803,normal,0.756,-0.5709368336571108,0,-0.015,0.344,0.5712051391036062,3,0.012
N09_M07_F10_KA09_19,KA09,artificial,outer_race,N09_M07_F10,899.9,cepstrum,10666.7,13333.3,4.7649,normal,1.0,-1.0877145120804546,0,0.0019999999999999983,0.182,1.0854858625594042,3,0.013000000000000001
N09_M07_F10_KA09_2,KA09,artificial,outer_race,N09_M07_F10,899.95,cepstrum,13333.3,14666.7,4.63,normal,0.812,-0.7339171554030419,0,0.0,0.444,0.13533836622315665,3,0.012
N09_M07_F10_KA09_20,KA09,artificial,outer_race,N09_M07_F10,899.27,cepstrum,10666.7,13333.3,4.8882,normal,0.906,-1.3246678349694907,0,-0.011,0.34,0.5549111133822124,3,0.014000000000000002
N09_M07_F10_KA09_3,KA09,artificial,outer_race,N09_M07_F10,899.35,cepstrum,12000.0,14000.0,5.7048,normal,0.946,-1.196437731104532,0,-0.013000000000000001,0.21,0.6940702834453298,1,0.011
N09_M07_F10_KA09_4,KA09,artificial,outer_race,N09_M07_F10,899.92,cepstrum,10666.7,13333.3,4.6954,normal,0.99,-1.5396653464982086,0,-0.008,0.364,0.6007977583769323,3,0.012
N09_M07_F10_KA09_5,KA09,artificial,outer_race,N09_M07_F10,900.16,cepstrum,10000.0,12000.0,5.4719,normal,0.892,-0.8820189681252601,0,-0.02,0.374,0.4480939633149271,2,0.009999999999999998
N09_M07_F10_KA09_6,KA09,artificial,outer_race,N09_M07_F10,899.67,cepstrum,10666.7,13333.3,4.5096,normal,0.802,-0.7579058599461903,0,0.006999999999999999,0.07,2.068381435258713,3,0.012
N09_M07_F10_KA09_7,KA09,artificial,outer_race,N09_M07_F10,899.54,cepstrum,12000.0,14000.0,4.7576,normal,0.882,-1.507740245672194,0,-0.018000000000000002,0.284,0.3817463830383301,2,0.012
N09_M07_F10_KA09_8,KA09,artificial,outer_race,N09_M07_F10,899.97,cepstrum,10666.7,13333.3,4.7596,normal,0.682,-0.5305383723466047,0,-0.015,0.29,0.7879703425404978,3,0.012
N09_M07_F10_KA09_9,KA09,artificial,outer_race,N09_M07_F10,899.5,cepstrum,4000.0,5000.0,5.5055,normal,0.93,-2.7610512515099193,0,-0.02,0.372,0.24532244315476592,1,0.012
N09_M07_F10_KA15_1,KA15,real,outer_race,N09_M07_F10,899.61,cepstrum,10666.7,13333.3,5.2769,normal,0.204,3.6802370443386323,0,-0.018000000000000002,0.102,2.645978358424355,3,0.012
N09_M07_F10_KA15_10,KA15,real,outer_race,N09_M07_F10,899.5,cepstrum,12000.0,14000.0,5.0452,normal,0.198,1.8377708794459253,0,-0.018000000000000002,0.202,2.007743798888851,3,0.011
N09_M07_F10_KA15_11,KA15,real,outer_race,N09_M07_F10,899.83,cepstrum,10666.7,13333.3,5.718,normal,0.136,1.967867244005728,2,-0.019,0.098,1.8668599598051459,9,0.009999999999999998
N09_M07_F10_KA15_12,KA15,real,outer_race,N09_M07_F10,899.67,cepstrum,10666.7,13333.3,5.7027,normal,0.13,1.521326739546173,0,-0.018000000000000002,0.076,2.2606645339556035,3,0.009999999999999998
N09_M07_F10_KA15_13,KA15,real,outer_race,N09_M07_F10,899.8,cepstrum,10666.7,13333.3,4.8186,normal,0.178,1.1580783683559865,0,-0.019,0.102,2.2341667690225764,3,0.009999999999999998
N09_M07_F10_KA15_14,KA15,real,outer_race,N09_M07_F10,899.82,cepstrum,10666.7,13333.3,5.1871,normal,0.23,1.240851568662568,0,-0.017,0.098,1.7227217674720188,3,0.011
N09_M07_F10_KA15_15,KA15,real,outer_race,N09_M07_F10,899.61,cepstrum,12000.0,14000.0,5.7934,normal,0.122,1.9319660325720764,1,-0.019,0.098,2.350799497414805,4,0.011
N09_M07_F10_KA15_16,KA15,real,outer_race,N09_M07_F10,899.86,cepstrum,12000.0,14000.0,5.4004,normal,0.204,1.2766647141048368,0,-0.017,0.132,2.1276683963141467,3,0.009999999999999998
N09_M07_F10_KA15_17,KA15,real,outer_race,N09_M07_F10,899.88,cepstrum,12000.0,14000.0,5.1481,normal,0.184,3.1410647682883517,0,-0.019,0.036,1.9152345061226503,4,0.011
N09_M07_F10_KA15_18,KA15,real,outer_race,N09_M07_F10,899.78,cepstrum,10666.7,13333.3,5.2118,normal,0.204,2.6946726623723793,0,-0.019,0.08,1.7938153992590655,3,0.009999999999999998
N09_M07_F10_KA15_19,KA15,real,outer_race,N09_M07_F10,899.68,cepstrum,12000.0,14000.0,5.6281,normal,0.334,0.6386003504625575,0,-0.009000000000000001,0.132,0.897150953651434,3,0.009999999999999998
N09_M07_F10_KA15_2,KA15,real,outer_race,N09_M07_F10,899.86,cepstrum,13333.3,14666.7,5.1777,normal,0.228,1.5374039425078165,0,-0.018000000000000002,0.104,1.4809995743162359,2,0.012
N09_M07_F10_KA15_20,KA15,real,outer_race,N09_M07_F10,899.85,cepstrum,10666.7,13333.3,5.1064,normal,0.186,2.398130894412419,0,-0.017,0.1,1.1499913200121015,3,0.011
N09_M07_F10_KA15_3,KA15,real,outer_race,N09_M07_F10,899.72,cepstrum,12000.0,14000.0,5.2314,normal,0.12,3.5159372354746905,0,-0.019,0.118,2.127006910390646,3,0.009999999999999998
N09_M07_F10_KA15_4,KA15,real,outer_race,N09_M07_F10,899.66,cepstrum,12000.0,14000.0,5.5995,normal,0.182,4.604738887220898,0,-0.018000000000000002,0.156,1.5783245987128516,3,0.009999999999999998
N09_M07_F10_KA15_5,KA15,real,outer_race,N09_M07_F10,899.87,cepstrum,13333.3,14666.7,5.6872,normal,0.19,3.862574357504028,0,-0.019,0.1,2.01679969316058,3,0.009999999999999998
N09_M07_F10_KA15_6,KA15,real,outer_race,N09_M07_F10,899.86,cepstrum,12000.0,14000.0,6.1009,normal,0.148,1.6105024771908973,1,-0.016,0.066,2.080272392835173,6,0.012
N09_M07_F10_KA15_7,KA15,real,outer_race,N09_M07_F10,900.02,cepstrum,10666.7,13333.3,5.5234,normal,0.14,3.696138965055388,0,-0.018000000000000002,0.122,1.5449657848340979,3,0.009999999999999998
N09_M07_F10_KA15_8,KA15,real,outer_race,N09_M07_F10,899.73,cepstrum,10666.7,13333.3,5.041,normal,0.254,0.5930539003667096,0,-0.019,0.244,1.4847505088960264,3,0.009999999999999998
N09_M07_F10_KA15_9,KA15,real,outer_race,N09_M07_F10,899.84,cepstrum,10666.7,13333.3,5.663,normal,0.2,0.6484799007490268,0,-0.019,0.27,1.1665200912857883,3,0.011
N09_M07_F10_KA16_1,KA16,real,outer_race,N09_M07_F10,899.68,cepstrum,13333.3,14666.7,5.2637,normal,0.202,2.559755188851377,0,-0.018000000000000002,0.098,1.2444609373071802,3,0.009999999999999998
N09_M07_F10_KA16_10,KA16,real,outer_race,N09_M07_F10,899.68,cepstrum,12000.0,14000.0,4.4706,normal,0.212,1.6609469965138095,0,-0.019,0.124,1.3380133847384454,3,0.009999999999999998
N09_M07_F10_KA16_11,KA16,real,outer_race,N09_M07_F10,899.3,cepstrum,12000.0,14000.0,4.8514,normal,0.254,1.7933232249200601,0,-0.018000000000000002,0.146,1.2296214736051498,3,0.009999999999999998
N09_M07_F10_KA16_12,KA16,real,outer_race,N09_M07_F10,899.89,cepstrum,10666.7,13333.3,4.5976,normal,0.144,2.6600922213627043,0,-0.019,0.102,1.9964326876964464,3,0.011
N09_M07_F10_KA16_13,KA16,real,outer_race,N09_M07_F10,899.78,cepstrum,13333.3,14666.7,5.3549,normal,0.188,1.2519108472573095,0,-0.019,0.124,2.097944379978577,3,0.009999999999999998
N09_M07_F10_KA16_14,KA16,real,outer_race,N09_M07_F10,899.83,cepstrum,14000.0,15000.0,4.7648,normal,0.134,3.090130819354331,0,-0.019,0.1,2.6274871498306007,2,0.009000000000000001
N09_M07_F10_KA16_15,KA16,real,outer_race,N09_M07_F10,899.8,cepstrum,12000.0,14000.0,4.9035,normal,0.252,0.9403359012719321,0,-0.019,0.124,1.982179162300455,3,0.009999999999999998
N09_M07_F10_KA16_16,KA16,real,outer_race,N09_M07_F10,899.76,cepstrum,12000.0,14000.0,5.0192,normal,0.138,2.3607843709114777,0,-0.019,0.1,2.685725794831735,3,0.009999999999999998
N09_M07_F10_KA16_17,KA16,real,outer_race,N09_M07_F10,899.63,cepstrum,12000.0,14000.0,5.2682,normal,0.46,0.23097755135892906,0,-0.019,0.096,2.0185587133540075,3,0.009999999999999998
N09_M07_F10_KA16_18,KA16,real,outer_race,N09_M07_F10,899.66,cepstrum,14000.0,15000.0,5.266,normal,0.51,-0.07476609141729457,0,-0.018000000000000002,0.112,1.352626693253067,3,0.011
N09_M07_F10_KA16_19,KA16,real,outer_race,N09_M07_F10,899.53,cepstrum,12000.0,14000.0,4.7425,normal,0.188,1.2564022780860844,0,-0.018000000000000002,0.09,2.4907644081065854,3,0.009999999999999998
N09_M07_F10_KA16_2,KA16,real,outer_race,N09_M07_F10,899.85,cepstrum,12000.0,14000.0,5.1625,normal,0.198,1.1372477616402559,0,-0.019,0.098,2.0488112670161476,3,0.009999999999999998
N09_M07_F10_KA16_20,KA16,real,outer_race,N09_M07_F10,899.88,cepstrum,12000.0,14000.0,4.8319,normal,0.136,2.5362475231397346,0,-0.019,0.104,1.5718364901040307,3,0.009999999999999998
N09_M07_F10_KA16_3,KA16,real,outer_race,N09_M07_F10,899.61,cepstrum,14000.0,15000.0,4.796,normal,0.208,1.7661248497878224,0,-0.017,0.126,1.8219673802398337,3,0.011
N09_M07_F10_KA16_4,KA16,real,outer_race,N09_M07_F10,899.42,cepstrum,10666.7,13333.3,4.4745,normal,0.214,1.3302899195398925,0,0.006999999999999999,0.154,1.8362899424497365,3,0.009999999999999998
N09_M07_F10_KA16_5,KA16,real,outer_race,N09_M07_F10,899.79,cepstrum,10666.7,13333.3,4.3784,normal,0.184,3.621038575888377,0,0.005000000000000001,0.038,2.193597140769977,3,0.009999999999999998
N09_M07_F10_KA16_6,KA16,real,outer_race,N09_M07_F10,899.99,cepstrum,14000.0,15000.0,5.3298,normal,0.444,0.18200091025437096,0,-0.019,0.1,1.5444300544581977,3,0.009999999999999998
N09_M07_F10_KA16_7,KA16,real,outer_race,N09_M07_F10,899.37,cepstrum,12000.0,14000.0,4.7859,normal,0.176,2.8050004841895926,0,-0.018000000000000002,0.098,2.3109991201800333,3,0.011
N09_M07_F10_KA16_8,KA16,real,outer_race,N09_M07_F10,899.54,cepstrum,12000.0,14000.0,4.5952,normal,0.138,1.8182810210727418,1,-0.017,0.098,2.78213002679775,4,0.011
N09_M07_F10_KA16_9,KA16,real,outer_race,N09_M07_F10,899.86,cepstrum,14000.0,15000.0,4.6067,normal,0.826,-0.6175532124990535,0,-0.019,0.09,1.250477423238203,3,0.011
N09_M07_F10_KA22_1,KA22,real,outer_race,N09_M07_F10,899.49,cepstrum,10666.7,13333.3,5.8656,normal,0.12,2.230412570724381,1,-0.019,0.098,1.9910107638020151,7,0.011
N09_M07_F10_KA22_10,KA22,real,outer_race,N09_M07_F10,899.8,cepstrum,10666.7,13333.3,5.7076,normal,0.14,1.6971145009628386,1,-0.019,0.038,2.234136116111861,5,0.009999999999999998
N09_M07_F10_KA22_11,KA22,real,outer_race,N09_M07_F10,899.76,cepstrum,10666.7,13333.3,6.0692,normal,0.14,2.50744335671852,0,-0.019,0.11,2.4277537433566865,3,0.009000000000000001
N09_M07_F10_KA22_12,KA22,real,outer_race,N09_M07_F10,899.64,cepstrum,10666.7,13333.3,5.9819,normal,0.212,1.3584920880136797,1,-0.016,0.036,2.779607767961735,5,0.011
N09_M07_F10_KA22_13,KA22,real,outer_race,N09_M07_F10,899.87,cepstrum,10666.7,13333.3,5.9494,normal,0.202,2.321605187121704,0,-0.017,0.11,1.9043075204682292,3,0.011
N09_M07_F10_KA22_14,KA22,real,outer_race,N09_M07_F10,899.7,cepstrum,10666.7,13333.3,6.0293,normal,0.196,1.5352110744160892,0,-0.016,0.098,1.753054223036822,3,0.011
N09_M07_F10_KA22_15,KA22,real,outer_race,N09_M07_F10,899.74,cepstrum,10000.0,12000.0,6.551,normal,0.198,1.3478305355660147,0,-0.017,0.172,2.027804334856278,3,0.011
N09_M07_F10_KA22_16,KA22,real,outer_race,N09_M07_F10,899.99,cepstrum,10666.7,13333.3,5.7943,normal,0.146,2.2932983254898485,0,-0.019,0.1,3.006358512169626,3,0.009999999999999998
N09_M07_F10_KA22_17,KA22,real,outer_race,N09_M07_F10,899.79,cepstrum,10666.7,13333.3,5.4317,normal,0.144,2.3828607343455164,1,-0.019,0.1,1.372572001321384,4,0.011
N09_M07_F10_KA22_18,KA22,real,outer_race,N09_M07_F10,899.56,cepstrum,10666.7,13333.3,5.5633,normal,0.178,1.669934933889845,0,-0.016,0.094,2.7441071179298255,3,0.011
N09_M07_F10_KA22_19,KA22,real,outer_race,N09_M07_F10,899.78,cepstrum,12000.0,14000.0,6.1857,normal,0.214,1.4674665735814543,0,-0.019,0.214,1.009738927924639,3,0.009999999999999998
N09_M07_F10_KA22_2,KA22,real,outer_race,N09_M07_F10,899.81,cepstrum,10666.7,13333.3,5.899,normal,0.164,2.4772623344765865,0,-0.017,0.138,2.776144086237349,3,0.011
N09_M07_F10_KA22_20,KA22,real,outer_race,N09_M07_F10,899.64,cepstrum,10666.7,13333.3,5.8445,normal,0.142,2.957367757281639,0,-0.016,0.128,1.6133415322672093,4,0.011
N09_M07_F10_KA22_3,KA22,real,outer_race,N09_M07_F10,899.76,cepstrum,12000.0,14000.0,5.715,normal,0.16,3.059113109673224,0,-0.018000000000000002,0.102,2.5532308692935364,4,0.009999999999999998
N09_M07_F10_KA22_4,KA22,real,outer_race,N09_M07_F10,899.6,cepstrum,10666.7,13333.3,6.3009,normal,0.202,1.5867445677769794,0,-0.019,0.22,0.876883968186707,4,0.011
N09_M07_F10_KA22_5,KA22,real,outer_race,N09_M07_F10,899.56,cepstrum,10666.7,13333.3,6.2409,normal,0.148,1.5960085169240636,0,-0.019,0.098,1.8566835610937473,4,0.009999999999999998
N09_M07_F10_KA22_6,KA22,real,outer_race,N09_M07_F10,899.7,cepstrum,12000.0,14000.0,5.7112,normal,0.218,1.3876966829608637,0,-0.006999999999999999,0.08,1.9167504126942152,3,0.009999999999999998
N09_M07_F10_KA22_7,KA22,real,outer_race,N09_M07_F10,898.96,cepstrum,10666.7,12000.0,5.4948,normal,0.956,-0.9641981800303492,0,-0.018000000000000002,0.258,1.174892939490015,2,0.009999999999999998
N09_M07_F10_KA22_8,KA22,real,outer_race,N09_M07_F10,899.44,cepstrum,10666.7,13333.3,5.5662,normal,0.954,-1.15464590405924,0,-0.015,0.064,1.8643624494967888,3,0.012
N09_M07_F10_KA22_9,KA22,real,outer_race,N09_M07_F10,900.07,cepstrum,10666.7,12000.0,5.5995,normal,0.24,0.6773516680458398,0,-0.019,0.178,1.2698717594774294,3,0.009999999999999998
N09_M07_F10_KA30_1,KA30,real,outer_race,N09_M07_F10,899.82,cepstrum,10666.7,13333.3,3.9187,normal,0.988,-1.9227733938315736,0,-0.009000000000000001,0.212,0.7939675042137782,3,0.011
N09_M07_F10_KA30_10,KA30,real,outer_race,N09_M07_F10,899.84,cepstrum,10666.7,13333.3,5.0557,normal,0.722,-0.6911576574431681,0,-0.018000000000000002,0.184,1.382193003972496,3,0.011
N09_M07_F10_KA30_11,KA30,real,outer_race,N09_M07_F10,899.7,cepstrum,10666.7,13333.3,7.4188,normal,0.914,-1.1809795161770178,0,-0.018000000000000002,0.498,0.034547541122457025,3,0.012
N09_M07_F10_KA30_12,KA30,real,outer_race,N09_M07_F10,899.74,cepstrum,12000.0,14000.0,7.9711,normal,0.782,-0.8718449843275298,0,-0.018000000000000002,0.44,0.13679492828767487,3,0.012
N09_M07_F10_KA30_13,KA30,real,outer_race,N09_M07_F10,899.48,cepstrum,10000.0,12000.0,6.7513,normal,0.96,-3.114686840559883,0,-0.005000000000000001,0.358,0.2385512067694731,3,0.012
N09_M07_F10_KA30_14,KA30,real,outer_race,N09_M07_F10,899.77,cepstrum,10666.7,13333.3,7.7007,normal,0.844,-1.0183453369484758,0,0.006000000000000002,0.326,0.6559716449752394,3,0.013000000000000001
N09_M07_F10_KA30_15,KA30,real,outer_race,N09_M07_F10,899.67,cepstrum,13333.3,14666.7,6.2394,normal,0.522,-0.05786816716085554,0,-0.017,0.342,0.20192368931287116,3,0.012
N09_M07_F10_KA30_16,KA30,real,outer_race,N09_M07_F10,899.87,cepstrum,8000.0,12000.0,6.2244,normal,0.75,-0.5825060215554633,0,-0.016,0.288,0.8555370191280217,3,0.012
N09_M07_F10_KA30_17,KA30,real,outer_race,N09_M07_F10,899.74,cepstrum,10666.7,13333.3,8.6782,normal,0.994,-1.1649250563447024,0,0.0,0.862,-1.3705890240293188,2,-0.012
N09_M07_F10_KA30_18,KA30,real,outer_race,N09_M07_F10,899.89,cepstrum,10666.7,13333.3,7.2943,normal,0.902,-1.4522546237505622,0,-0.017,0.324,0.6630560012086573,3,0.011
N09_M07_F10_KA30_19,KA30,real,outer_race,N09_M07_F10,899.65,cepstrum,10666.7,13333.3,7.7548,normal,0.904,-1.1191859757174996,0,-0.018000000000000002,0.366,0.31219338751529996,3,0.012
N09_M07_F10_KA30_2,KA30,real,outer_race,N09_M07_F10,899.58,cepstrum,5333.3,10666.7,1.4935,normal,0.782,-0.6024454186396703,0,-0.016,0.216,0.8801767813977287,2,0.012
N09_M07_F10_KA30_20,KA30,real,outer_race,N09_M07_F10,899.72,cepstrum,10666.7,13333.3,6.1407,normal,0.958,-1.2054465188936563,0,-0.017,0.446,0.12818868158830105,3,0.012
N09_M07_F10_KA30_3,KA30,real,outer_race,N09_M07_F10,899.64,cepstrum,10666.7,13333.3,7.0186,normal,0.978,-1.6610312935485765,0,-0.006999999999999999,0.202,1.0723466782474262,2,0.011
N09_M07_F10_KA30_4,KA30,real,outer_race,N09_M07_F10,899.88,cepstrum,12000.0,14000.0,6.2586,normal,0.914,-1.7846446333100479,0,-0.019,0.33,0.38864879478132935,3,0.012
N09_M07_F10_KA30_5,KA30,real,outer_race,N09_M07_F10,899.84,cepstrum,10000.0,11000.0,2.2259,normal,0.644,-0.3076431586495591,0,0.0010000000000000009,0.582,-0.28087862608160885,1,-0.018000000000000002
N09_M07_F10_KA30_6,KA30,real,outer_race,N09_M07_F10,899.96,cepstrum,12000.0,14000.0,7.2652,normal,0.762,-0.47980165904703204,0,-0.018000000000000002,0.344,0.7509434585871472,3,0.011
N09_M07_F10_KA30_7,KA30,real,outer_race,N09_M07_F10,899.67,cepstrum,12000.0,14000.0,7.2676,normal,0.972,-1.1730786542212477,0,-0.014,0.242,0.6536702638334239,3,0.013000000000000001
N09_M07_F10_KA30_8,KA30,real,outer_race,N09_M07_F10,899.84,cepstrum,10666.7,13333.3,3.062,normal,0.85,-0.7170764390625949,0,-0.016,0.188,0.7556665690264657,3,0.012
N09_M07_F10_KA30_9,KA30,real,outer_race,N09_M07_F10,899.73,cepstrum,13333.3,14666.7,1.5546,normal,0.71,-0.5609766584063315,0,0.013000000000000001,0.296,0.39742864705765024,1,0.013000000000000001
N09_M07_F10_KI01_1,KI01,artificial,inner_race,N09_M07_F10,899.72,cepstrum,9333.3,10666.7,12.3983,inner_race,0.506,-0.018096917121507,1,-0.019,0.002,3.9486941165521747,25,-0.005000000000000001
N09_M07_F10_KI01_10,KI01,artificial,inner_race,N09_M07_F10,899.76,cepstrum,9000.0,10000.0,12.1866,inner_race,0.184,1.44208186359141,1,-0.019,0.004,3.2647502781170723,25,-0.005000000000000001
N09_M07_F10_KI01_11,KI01,artificial,inner_race,N09_M07_F10,899.72,cepstrum,9333.3,10666.7,13.9431,inner_race,0.174,2.3897161511928875,1,-0.019,0.002,5.251170784555918,24,-0.005000000000000001
N09_M07_F10_KI01_12,KI01,artificial,inner_race,N09_M07_F10,899.68,cepstrum,9333.3,10666.7,13.9135,inner_race,0.23,1.1399709387169696,1,-0.018000000000000002,0.006,3.615527379671031,25,-0.004
N09_M07_F10_KI01_13,KI01,artificial,inner_race,N09_M07_F10,899.74,cepstrum,9333.3,10666.7,13.6074,inner_race,0.232,2.5617695524653943,1,-0.019,0.002,4.2616756749021905,21,-0.005000000000000001
N09_M07_F10_KI01_14,KI01,artificial,inner_race,N09_M07_F10,899.74,cepstrum,9333.3,10666.7,18.5078,inner_race,0.068,2.6744831820319988,0,-0.019,0.002,4.358811107304549,24,-0.004
N09_M07_F10_KI01_15,KI01,artificial,inner_race,N09_M07_F10,899.77,cepstrum,9333.3,10666.7,14.3022,inner_race,0.044,4.9531723262267775,1,-0.019,0.004,3.9611710860956992,24,-0.004
N09_M07_F10_KI01_16,KI01,artificial,inner_race,N09_M07_F10,899.74,cepstrum,9333.3,10666.7,13.9415,inner_race,0.08,1.9475182584433852,1,-0.018000000000000002,0.004,4.272493000817187,25,-0.005000000000000001
N09_M07_F10_KI01_17,KI01,artificial,inner_race,N09_M07_F10,899.73,cepstrum,9333.3,10666.7,11.5276,inner_race,0.044,1.483770624512344,1,-0.018000000000000002,0.002,3.579773617973598,24,-0.004
N09_M07_F10_KI01_18,KI01,artificial,inner_race,N09_M07_F10,899.82,cepstrum,9333.3,10666.7,14.8532,inner_race,0.056,2.1336813185690198,1,-0.018000000000000002,0.004,3.939011025969561,25,-0.004
N09_M07_F10_KI01_19,KI01,artificial,inner_race,N09_M07_F10,899.77,cepstrum,9333.3,10666.7,12.6754,inner_race,0.582,-0.07889472353228669,1,-0.016,0.004,3.618758917988106,25,-0.004
N09_M07_F10_KI01_2,KI01,artificial,inner_race,N09_M07_F10,899.72,cepstrum,9333.3,10666.7,14.0217,inner_race,0.096,1.9995690796485805,1,-0.019,0.002,3.708299355475272,23,-0.005000000000000001
N09_M07_F10_KI01_20,KI01,artificial,inner_race,N09_M07_F10,899.78,cepstrum,9333.3,10666.7,13.4383,inner_race,0.044,2.148226574651612,1,-0.019,0.002,4.1760727834514935,22,-0.004
N09_M07_F10_KI01_3,KI01,artificial,inner_race,N09_M07_F10,899.73,cepstrum,9333.3,10666.7,10.4971,inner_race,0.424,0.184242958680211,0,-0.019,0.002,4.724838305264003,23,-0.005000000000000001
N09_M07_F10_KI01_4,KI01,artificial,inner_race,N09_M07_F10,899.72,cepstrum,9333.3,10666.7,14.963,inner_race,0.194,0.9597834132248312,0,-0.019,0.002,4.4113237861979755,25,-0.005000000000000001
N09_M07_F10_KI01_5,KI01,artificial,inner_race,N09_M07_F10,899.74,cepstrum,9333.3,10666.7,13.1562,inner_race,0.134,1.5346266758675513,1,-0.019,0.002,3.286465695339148,22,-0.004
N09_M07_F10_KI01_6,KI01,artificial,inner_race,N09_M07_F10,899.8,cepstrum,9333.3,10666.7,13.3313,inner_race,0.232,1.0541867046460183,1,-0.019,0.004,4.444692500045028,24,-0.005000000000000001
N09_M07_F10_KI01_7,KI01,artificial,inner_race,N09_M07_F10,899.69,cepstrum,9333.3,10666.7,11.3642,inner_race,0.302,1.4385768302931226,1,-0.019,0.002,4.245813609006378,24,-0.005000000000000001
N09_M07_F10_KI01_8,KI01,artificial,inner_race,N09_M07_F10,899.74,cepstrum,9333.3,10666.7,16.4471,inner_race,0.048,2.8798416382505927,1,-0.019,0.008,3.6341256641646256,25,-0.005000000000000001
N09_M07_F10_KI01_9,KI01,artificial,inner_race,N09_M07_F10,899.75,cepstrum,9333.3,10666.7,13.1346,inner_race,0.048,3.7218563321135307,1,-0.016,0.002,3.287091627211116,24,-0.004
N09_M07_F10_KI03_1,KI03,artificial,inner_race,N09_M07_F10,899.95,cepstrum,13000.0,14000.0,5.2899,normal,0.398,0.4514156085656533,0,-0.016,0.084,2.6044709787404527,3,0.012
N09_M07_F10_KI03_10,KI03,artificial,inner_race,N09_M07_F10,899.86,cepstrum,13333.3,14666.7,4.8995,normal,0.556,-0.21006419264456036,0,-0.017,0.122,1.5760184518158211,3,0.012
N09_M07_F10_KI03_11,KI03,artificial,inner_race,N09_M07_F10,899.71,cepstrum,13333.3,14666.7,4.9029,normal,0.296,0.7686090735169294,0,-0.014,0.1,1.6721637766317186,3,0.011
N09_M07_F10_KI03_12,KI03,artificial,inner_race,N09_M07_F10,899.73,cepstrum,12000.0,14000.0,4.3751,normal,0.21,0.8863500378813115,0,-0.019,0.128,1.7436284847262278,3,0.012
N09_M07_F10_KI03_13,KI03,artificial,inner_race,N09_M07_F10,899.81,cepstrum,12000.0,14000.0,4.4472,normal,0.218,1.6708579776396226,0,-0.019,0.046,2.069476652934256,3,0.009999999999999998
N09_M07_F10_KI03_14,KI03,artificial,inner_race,N09_M07_F10,899.67,cepstrum,12000.0,14000.0,4.5993,normal,0.282,0.7225271882915079,0,-0.019,0.09,1.7286234605819932,3,0.009999999999999998
N09_M07_F10_KI03_15,KI03,artificial,inner_race,N09_M07_F10,899.9,cepstrum,12000.0,14000.0,5.0079,normal,0.444,0.033480348676967635,0,-0.008,0.102,1.6263595366892487,3,0.012
N09_M07_F10_KI03_16,KI03,artificial,inner_race,N09_M07_F10,899.91,cepstrum,12000.0,14000.0,4.9752,normal,0.168,2.1973179694848888,0,-0.019,0.118,1.7435841212640102,3,0.011
N09_M07_F10_KI03_17,KI03,artificial,inner_race,N09_M07_F10,899.47,cepstrum,14000.0,15000.0,5.2629,normal,0.236,1.3422404632226521,0,-0.019,0.1,1.659248541638382,3,0.009999999999999998
N09_M07_F10_KI03_18,KI03,artificial,inner_race,N09_M07_F10,899.71,cepstrum,12000.0,14000.0,4.4307,normal,0.218,1.7717347787299886,0,-0.017,0.072,1.8980815247153644,3,0.011
N09_M07_F10_KI03_19,KI03,artificial,inner_race,N09_M07_F10,899.64,cepstrum,12000.0,14000.0,5.0056,normal,0.266,1.0573866355917918,0,-0.016,0.04,1.7664168962269913,4,0.011
N09_M07_F10_KI03_2,KI03,artificial,inner_race,N09_M07_F10,899.79,cepstrum,12000.0,14000.0,4.9906,normal,0.26,0.4390826816771701,0,-0.02,0.112,1.3033405557971367,3,0.009999999999999998
N09_M07_F10_KI03_20,KI03,artificial,inner_race,N09_M07_F10,899.74,cepstrum,12000.0,14000.0,4.7626,normal,0.226,1.3846684383387093,0,-0.02,0.23,1.2645449059546736,3,0.009999999999999998
N09_M07_F10_KI03_3,KI03,artificial,inner_race,N09_M07_F10,899.71,cepstrum,12000.0,14000.0,4.4602,normal,0.25,1.873105244884736,0,-0.018000000000000002,0.1,1.9097593265406234,3,0.011
N09_M07_F10_KI03_4,KI03,artificial,inner_race,N09_M07_F10,899.6,cepstrum,12000.0,14000.0,4.5061,normal,0.572,-0.3151239613262068,0,-0.015,0.146,1.0300098785396574,3,0.011
N09_M07_F10_KI03_5,KI03,artificial,inner_race,N09_M07_F10,899.63,cepstrum,12000.0,14000.0,5.198,normal,0.202,1.4954386648949,0,-0.016,0.076,2.210443275642645,3,0.012
N09_M07_F10_KI03_6,KI03,artificial,inner_race,N09_M07_F10,899.65,cepstrum,12000.0,14000.0,4.4971,normal,0.206,1.263840935941084,0,-0.018000000000000002,0.1,2.6069616542469,3,0.012
N09_M07_F10_KI03_7,KI03,artificial,inner_race,N09_M07_F10,899.84,cepstrum,12000.0,14000.0,4.0079,normal,0.704,-0.2026750525257451,0,0.009999999999999998,0.144,1.1070774071576994,3,0.009999999999999998
N09_M07_F10_KI03_8,KI03,artificial,inner_race,N09_M07_F10,899.82,cepstrum,12000.0,14000.0,4.6167,normal,0.664,-0.4496823982641632,0,-0.017,0.23,1.2735842859526956,3,0.012
N09_M07_F10_KI03_9,KI03,artificial,inner_race,N09_M07_F10,899.8,cepstrum,12000.0,14000.0,4.5894,normal,0.308,0.7328144431383636,0,-0.017,0.186,1.7969307792369242,3,0.009999999999999998
N09_M07_F10_KI04_1,KI04,real,inner_race,N09_M07_F10,899.74,cepstrum,10666.7,13333.3,3.4046,normal,0.92,-1.2484762791708475,0,-0.0019999999999999983,0.354,0.5099151676706489,3,0.011
N09_M07_F10_KI04_10,KI04,real,inner_race,N09_M07_F10,899.77,cepstrum,10666.7,13333.3,3.6962,normal,0.866,-1.0424877165573412,0,-0.018000000000000002,0.154,1.0075429089978762,4,0.011
N09_M07_F10_KI04_11,KI04,real,inner_race,N09_M07_F10,899.67,cepstrum,10666.7,13333.3,3.0176,normal,0.966,-1.6118526854354596,0,-0.013000000000000001,0.188,1.3209498697304602,2,0.011
N09_M07_F10_KI04_12,KI04,real,inner_race,N09_M07_F10,899.73,cepstrum,10666.7,12000.0,3.1794,normal,1.0,-1.5022248648788088,0,-0.013000000000000001,0.1,1.1536399636151953,1,0.011
N09_M07_F10_KI04_13,KI04,real,inner_race,N09_M07_F10,899.62,cepstrum,10666.7,13333.3,3.371,normal,0.598,-0.5763407601536341,0,-0.017,0.146,1.040198682452594,3,0.011
N09_M07_F10_KI04_14,KI04,real,inner_race,N09_M07_F10,899.72,cepstrum,10666.7,13333.3,3.6762,inner_race,0.97,-2.069299640427104,0,-0.017,0.002,1.2211250020293007,3,0.011
N09_M07_F10_KI04_15,KI04,real,inner_race,N09_M07_F10,899.94,cepstrum,12000.0,14000.0,3.711,normal,0.992,-1.826284286695184,0,-0.013000000000000001,0.038,1.5480070035005884,3,0.011
N09_M07_F10_KI04_16,KI04,real,inner_race,N09_M07_F10,899.77,cepstrum,12000.0,14000.0,3.2702,normal,0.978,-1.0494471545913633,0,-0.011,0.22,0.9406780068554966,2,0.012
N09_M07_F10_KI04_17,KI04,real,inner_race,N09_M07_F10,899.78,cepstrum,10666.7,13333.3,3.4523,normal,1.0,-1.8572974885904816,0,0.02,0.19,0.5854198868523866,3,0.011
N09_M07_F10_KI04_18,KI04,real,inner_race,N09_M07_F10,899.93,cepstrum,13333.3,14666.7,3.1344,normal,0.806,-1.2993236500420298,0,0.011,0.484,0.09330292899530385,2,0.011
N09_M07_F10_KI04_19,KI04,real,inner_race,N09_M07_F10,899.55,cepstrum,10666.7,13333.3,3.681,normal,0.866,-0.9944564939541072,0,-0.016,0.2,0.8656820649252829,2,0.011
N09_M07_F10_KI04_2,KI04,real,inner_race,N09_M07_F10,899.51,cepstrum,10666.7,13333.3,3.7038,normal,0.844,-1.2615504985321784,0,-0.017,0.182,1.9475376102846815,3,0.012
N09_M07_F10_KI04_20,KI04,real,inner_race,N09_M07_F10,899.62,cepstrum,10000.0,12000.0,4.6222,normal,1.0,-1.385825541932933,0,-0.009000000000000001,0.57,-0.11658594808866572,2,0.009999999999999998
N09_M07_F10_KI04_3,KI04,real,inner_race,N09_M07_F10,899.85,cepstrum,12000.0,13333.3,2.9979,normal,0.978,-1.081669657606946,0,0.009000000000000001,0.172,1.5339186149512332,1,0.011
N09_M07_F10_KI04_4,KI04,real,inner_race,N09_M07_F10,899.81,cepstrum,12000.0,14000.0,3.6906,normal,1.0,-1.5119926940748587,0,-0.016,0.086,1.1117251089549882,2,0.011
N09_M07_F10_KI04_5,KI04,real,inner_race,N09_M07_F10,899.63,cepstrum,11000.0,12000.0,3.3892,normal,0.98,-1.4939310172212554,0,-0.016,0.078,2.2372779870919577,1,0.012
N09_M07_F10_KI04_6,KI04,real,inner_race,N09_M07_F10,899.8,cepstrum,14000.0,15000.0,3.2134,normal,1.0,-1.8807302380610564,0,-0.015,0.204,0.5987956205558281,1,0.012
N09_M07_F10_KI04_7,KI04,real,inner_race,N09_M07_F10,899.98,cepstrum,10666.7,13333.3,4.2831,normal,1.0,-1.9042937728524139,0,-0.019,0.072,1.0342896760230869,3,0.011
N09_M07_F10_KI04_8,KI04,real,inner_race,N09_M07_F10,899.65,cepstrum,12000.0,14000.0,3.3555,normal,0.464,0.18316392835646128,0,-0.018000000000000002,0.088,1.8005379867062057,2,0.011
N09_M07_F10_KI04_9,KI04,real,inner_race,N09_M07_F10,899.45,cepstrum,12000.0,14000.0,3.5611,normal,0.89,-0.888055837297734,0,-0.02,0.196,1.017958142951351,4,0.011
N09_M07_F10_KI05_1,KI05,artificial,inner_race,N09_M07_F10,899.54,cepstrum,12000.0,14000.0,11.2721,normal,0.998,-2.037055217093952,0,-0.02,0.428,0.3253146607321155,3,0.012
N09_M07_F10_KI05_10,KI05,artificial,inner_race,N09_M07_F10,899.7,cepstrum,2666.7,5333.3,8.0469,normal,0.802,-0.8232832139403596,0,-0.017,0.136,1.2045336111264189,3,0.012
N09_M07_F10_KI05_11,KI05,artificial,inner_race,N09_M07_F10,899.78,cepstrum,13333.3,14666.7,6.682,normal,0.864,-1.178524937732416,0,-0.016,0.252,0.7122849747915733,3,0.013000000000000001
N09_M07_F10_KI05_12,KI05,artificial,inner_race,N09_M07_F10,899.95,cepstrum,5333.3,10666.7,6.6666,normal,0.862,-0.9880495232153252,0,-0.019,0.556,-0.05851907568967832,3,0.013000000000000001
N09_M07_F10_KI05_13,KI05,artificial,inner_race,N09_M07_F10,900.35,cepstrum,10666.7,13333.3,6.3899,normal,1.0,-1.987769712165119,0,-0.017,0.656,-0.39890567127248605,3,0.011
N09_M07_F10_KI05_14,KI05,artificial,inner_race,N09_M07_F10,900.22,cepstrum,10666.7,13333.3,8.1683,normal,0.51,-0.17516601597219247,0,-0.02,0.476,0.08621193913279386,3,0.011
N09_M07_F10_KI05_15,KI05,artificial,inner_race,N09_M07_F10,899.78,cepstrum,8000.0,12000.0,8.5571,normal,0.738,-0.6604973120059562,0,-0.018000000000000002,0.318,0.6937638427397601,3,0.012
N09_M07_F10_KI05_16,KI05,artificial,inner_race,N09_M07_F10,899.52,cepstrum,12000.0,14000.0,8.5589,normal,0.756,-0.7499054900665437,0,-0.017,0.398,0.286115249212212,3,0.012
N09_M07_F10_KI05_17,KI05,artificial,inner_race,N09_M07_F10,899.67,cepstrum,8000.0,12000.0,7.8565,normal,0.58,-0.25035797054483827,0,-0.017,0.24,0.9670383357763921,3,0.012
N09_M07_F10_KI05_18,KI05,artificial,inner_race,N09_M07_F10,899.55,cepstrum,5333.3,10666.7,7.3767,normal,0.894,-1.092061963862438,0,-0.017,0.396,0.2407067514346832,2,0.011
N09_M07_F10_KI05_19,KI05,artificial,inner_race,N09_M07_F10,899.73,cepstrum,12000.0,14000.0,7.7648,normal,1.0,-2.360527861241748,0,0.0010000000000000009,0.828,-0.5937307282379345,1,-0.012
N09_M07_F10_KI05_2,KI05,artificial,inner_race,N09_M07_F10,899.83,cepstrum,10666.7,12000.0,8.0752,normal,0.642,-0.5553659802637088,0,-0.016,0.298,0.5394308543752463,3,0.012
N09_M07_F10_KI05_20,KI05,artificial,inner_race,N09_M07_F10,899.84,cepstrum,10000.0,12000.0,7.6852,normal,0.86,-0.915909002312816,0,-0.018000000000000002,0.118,1.103282161474041,3,0.012
N09_M07_F10_KI05_3,KI05,artificial,inner_race,N09_M07_F10,899.37,cepstrum,10666.7,13333.3,7.6481,normal,0.86,-0.8550440902090407,0,-0.017,0.298,0.6440624653712711,3,0.012
N09_M07_F10_KI05_4,KI05,artificial,inner_race,N09_M07_F10,899.66,cepstrum,10666.7,13333.3,7.804,normal,0.878,-0.9303823557166996,0,-0.018000000000000002,0.736,-0.5166148958187642,3,0.012
N09_M07_F10_KI05_5,KI05,artificial,inner_race,N09_M07_F10,900.37,cepstrum,8000.0,12000.0,6.4588,normal,0.966,-1.176626094531984,0,0.005000000000000001,0.57,-0.17409601562683893,3,0.011
N09_M07_F10_KI05_6,KI05,artificial,inner_race,N09_M07_F10,900.27,cepstrum,5333.3,10666.7,7.4476,normal,1.0,-1.2345959582412729,0,-0.015,0.298,0.737866142574093,3,0.011
N09_M07_F10_KI05_7,KI05,artificial,inner_race,N09_M07_F10,899.68,cepstrum,8000.0,12000.0,6.3994,normal,0.742,-0.7044643900832888,0,-0.011,0.598,-0.3564656193735166,3,0.013000000000000001
N09_M07_F10_KI05_8,KI05,artificial,inner_race,N09_M07_F10,899.73,cepstrum,8000.0,9333.3,7.7153,normal,0.57,-0.24477390936667448,0,-0.018000000000000002,0.198,1.3114338813558442,3,0.012
N09_M07_F10_KI05_9,KI05,artificial,inner_race,N09_M07_F10,899.8,cepstrum,10666.7,13333.3,7.2978,normal,0.856,-1.2300434159215903,0,-0.018000000000000002,0.304,0.3693936531529758,3,0.011
N09_M07_F10_KI07_1,KI07,artificial,inner_race,N09_M07_F10,899.75,cepstrum,10666.7,13333.3,6.7445,normal,0.816,-1.0044421728141955,0,-0.018000000000000002,0.238,0.627321016174072,3,0.011
N09_M07_F10_KI07_10,KI07,artificial,inner_race,N09_M07_F10,899.88,cepstrum,12000.0,13333.3,7.0535,normal,0.764,-0.837197727098183,0,-0.018000000000000002,0.17,1.1200767428194476,3,0.011
N09_M07_F10_KI07_11,KI07,artificial,inner_race,N09_M07_F10,899.61,cepstrum,10666.7,13333.3,7.9949,normal,0.644,-0.15413786877884747,0,-0.018000000000000002,0.194,0.6893834884655985,3,0.011
N09_M07_F10_KI07_12,KI07,artificial,inner_race,N09_M07_F10,899.66,cepstrum,10666.7,13333.3,8.1415,normal,0.896,-1.0038501514198104,0,-0.016,0.184,0.7773186122105739,3,0.012
N09_M07_F10_KI07_13,KI07,artificial,inner_race,N09_M07_F10,899.7,cepstrum,10666.7,13333.3,7.5811,normal,0.79,-0.7734662666395457,0,-0.016,0.124,1.3258868999099154,3,0.012
N09_M07_F10_KI07_14,KI07,artificial,inner_race,N09_M07_F10,899.91,cepstrum,12000.0,14000.0,9.1564,normal,0.778,-1.040955591480038,0,-0.018000000000000002,0.372,0.6585356602117308,3,0.009999999999999998
N09_M07_F10_KI07_15,KI07,artificial,inner_race,N09_M07_F10,899.59,cepstrum,10666.7,12000.0,8.6239,normal,0.832,-2.2664023831847864,0,-0.02,0.236,0.72548454020374,3,0.011
N09_M07_F10_KI07_16,KI07,artificial,inner_race,N09_M07_F10,899.6,cepstrum,10666.7,13333.3,9.5999,normal,0.876,-1.4238335857197963,0,-0.016,0.324,0.6495307531963002,3,0.011
N09_M07_F10_KI07_17,KI07,artificial,inner_race,N09_M07_F10,899.93,cepstrum,8000.0,12000.0,7.4646,normal,0.558,-0.19073084675380894,0,-0.018000000000000002,0.07,1.3149424059487622,3,0.011
N09_M07_F10_KI07_18,KI07,artificial,inner_race,N09_M07_F10,899.41,cepstrum,13333.3,14666.7,6.5811,normal,0.984,-1.4559084332241456,0,-0.016,0.26,1.2258007389392023,3,0.011
N09_M07_F10_KI07_19,KI07,artificial,inner_race,N09_M07_F10,899.72,cepstrum,10000.0,12000.0,6.3092,normal,0.734,-0.4913303882649993,0,-0.02,0.416,0.12999781857333467,3,0.011
N09_M07_F10_KI07_2,KI07,artificial,inner_race,N09_M07_F10,900.02,cepstrum,10666.7,13333.3,7.5419,normal,0.976,-1.7717963190040622,0,-0.017,0.114,1.1254745969589623,3,0.011
N09_M07_F10_KI07_20,KI07,artificial,inner_race,N09_M07_F10,899.73,cepstrum,12000.0,14000.0,9.1419,normal,0.802,-0.8358432295359369,0,-0.017,0.546,-0.03413383238772623,3,0.011
N09_M07_F10_KI07_3,KI07,artificial,inner_race,N09_M07_F10,900.4,cepstrum,10666.7,13333.3,7.1376,normal,0.766,-0.6764526787099993,0,-0.018000000000000002,0.376,0.3553308691922074,3,0.012
N09_M07_F10_KI07_4,KI07,artificial,inner_race,N09_M07_F10,899.83,cepstrum,10666.7,13333.3,7.7006,normal,0.24,1.038961856407879,0,-0.018000000000000002,0.618,-0.2015247291488096,3,0.012
N09_M07_F10_KI07_5,KI07,artificial,inner_race,N09_M07_F10,899.35,cepstrum,10000.0,12000.0,6.7455,normal,0.95,-1.788012483758368,0,-0.016,0.308,0.41634574654631495,3,0.012
N09_M07_F10_KI07_6,KI07,artificial,inner_race,N09_M07_F10,900.09,cepstrum,5333.3,10666.7,2.8243,normal,0.986,-0.8874765843084068,0,-0.018000000000000002,0.398,0.21621294553447498,2,0.011
N09_M07_F10_KI07_7,KI07,artificial,inner_race,N09_M07_F10,899.9,cepstrum,10666.7,12000.0,6.7792,normal,1.0,-2.270740362425753,0,-0.013000000000000001,0.374,0.4633280970989051,3,0.011
N09_M07_F10_KI07_8,KI07,artificial,inner_race,N09_M07_F10,899.61,cepstrum,10666.7,13333.3,7.8879,normal,0.344,0.4617571286412419,0,-0.016,0.286,0.841142958447159,3,0.011
N09_M07_F10_KI07_9,KI07,artificial,inner_race,N09_M07_F10,900.08,cepstrum,10000.0,12000.0,6.7893,normal,0.684,-0.35513314414790664,0,-0.016,0.328,0.6908193953656265,3,0.009999999999999998
N09_M07_F10_KI08_1,KI08,artificial,inner_race,N09_M07_F10,899.37,cepstrum,10666.7,13333.3,6.2553,normal,0.982,-1.474202885394229,0,-0.018000000000000002,0.374,0.26014024298576477,2,0.011
N09_M07_F10_KI08_10,KI08,artificial,inner_race,N09_M07_F10,899.93,cepstrum,10000.0,12000.0,7.429,normal,0.678,-0.3726371785468225,0,-0.02,0.076,1.131746787381816,3,0.011
N09_M07_F10_KI08_11,KI08,artificial,inner_race,N09_M07_F10,899.82,cepstrum,10666.7,13333.3,6.8389,normal,0.642,-0.37219770488822473,0,-0.015,0.206,1.182526421303022,3,0.011
N09_M07_F10_KI08_12,KI08,artificial,inner_race,N09_M07_F10,899.28,cepstrum,10666.7,13333.3,6.4611,normal,0.912,-0.9302964490538128,0,-0.018000000000000002,0.228,0.6259006589049755,3,0.011
N09_M07_F10_KI08_13,KI08,artificial,inner_race,N09_M07_F10,899.42,cepstrum,10000.0,12000.0,8.287,normal,0.662,-0.49665732896382875,0,-0.016,0.174,1.0472938911357985,3,0.013000000000000001
N09_M07_F10_KI08_14,KI08,artificial,inner_race,N09_M07_F10,899.62,cepstrum,10666.7,13333.3,6.5995,normal,0.8,-0.48406187120202604,0,-0.018000000000000002,0.216,1.0315677325862658,3,0.012
N09_M07_F10_KI08_15,KI08,artificial,inner_race,N09_M07_F10,899.74,cepstrum,10666.7,13333.3,7.9524,normal,0.992,-1.9693136012130112,0,-0.019,0.062,1.1086904604380674,3,0.012
N09_M07_F10_KI08_16,KI08,artificial,inner_race,N09_M07_F10,899.56,cepstrum,10666.7,13333.3,7.4182,normal,0.852,-0.9728897788286364,0,-0.018000000000000002,0.302,0.4531081122368248,3,0.011
N09_M07_F10_KI08_17,KI08,artificial,inner_race,N09_M07_F10,899.47,cepstrum,10000.0,12000.0,5.5139,normal,0.858,-1.365921498133975,0,-0.017,0.28,0.7009686668503429,3,0.011
N09_M07_F10_KI08_18,KI08,artificial,inner_race,N09_M07_F10,900.01,cepstrum,10666.7,13333.3,6.7391,normal,1.0,-1.5843058369381222,0,-0.02,0.084,0.7320563796323107,3,0.011
N09_M07_F10_KI08_19,KI08,artificial,inner_race,N09_M07_F10,899.71,cepstrum,14000.0,15000.0,6.6958,normal,0.682,-0.6412513765591498,0,-0.018000000000000002,0.318,0.4395584608301303,2,0.013000000000000001
N09_M07_F10_KI08_2,KI08,artificial,inner_race,N09_M07_F10,899.27,cepstrum,10666.7,13333.3,7.5731,normal,0.994,-1.5569522248478758,0,-0.02,0.392,0.22119123880982766,3,0.012
N09_M07_F10_KI08_20,KI08,artificial,inner_race,N09_M07_F10,899.99,cepstrum,13333.3,14666.7,5.5352,normal,0.846,-1.5787454657774154,0,-0.018000000000000002,0.312,0.8447258316387252,3,0.011
N09_M07_F10_KI08_3,KI08,artificial,inner_race,N09_M07_F10,899.86,cepstrum,13333.3,14666.7,7.0653,normal,1.0,-2.164108412379852,0,-0.018000000000000002,0.444,0.3178025368444625,3,0.011
N09_M07_F10_KI08_4,KI08,artificial,inner_race,N09_M07_F10,899.51,cepstrum,8000.0,12000.0,5.6253,normal,0.902,-1.7877448673491612,0,-0.017,0.394,0.375282605019887,3,0.012
N09_M07_F10_KI08_5,KI08,artificial,inner_race,N09_M07_F10,899.62,cepstrum,10666.7,13333.3,5.9118,normal,0.69,-0.2696580275493943,0,-0.018000000000000002,0.112,0.7376920945621972,3,0.012
N09_M07_F10_KI08_6,KI08,artificial,inner_race,N09_M07_F10,899.67,cepstrum,10000.0,12000.0,6.7637,normal,1.0,-1.8161804216859951,0,0.009000000000000001,0.36,0.4667091394116494,3,0.012
N09_M07_F10_KI08_7,KI08,artificial,inner_race,N09_M07_F10,899.81,cepstrum,10666.7,13333.3,7.4681,normal,0.582,-0.3008003264759842,0,-0.02,0.382,0.5636168604519258,3,0.012
N09_M07_F10_KI08_8,KI08,artificial,inner_race,N09_M07_F10,899.8,cepstrum,10666.7,13333.3,8.693,normal,0.9,-0.9948990216668554,0,-0.018000000000000002,0.184,0.9071126637388676,3,0.011
N09_M07_F10_KI08_9,KI08,artificial,inner_race,N09_M07_F10,899.76,cepstrum,10666.7,13333.3,6.8443,normal,0.914,-1.5830161513843597,0,-0.02,0.522,-0.045902602870811146,3,0.013000000000000001
N09_M07_F10_KI14_1,KI14,real,inner_race,N09_M07_F10,899.68,cepstrum,10666.7,13333.3,5.3582,normal,0.122,2.15524028025623,0,-0.017,0.108,2.4791010931658595,3,0.009999999999999998
N09_M07_F10_KI14_10,KI14,real,inner_race,N09_M07_F10,899.71,cepstrum,11000.0,12000.0,4.9065,normal,0.212,1.72323550471695,0,-0.019,0.23,1.1559032690708504,3,0.011
N09_M07_F10_KI14_11,KI14,real,inner_race,N09_M07_F10,899.82,cepstrum,12000.0,14000.0,4.7317,normal,0.256,1.3138748436599992,0,-0.019,0.098,2.543533649348132,3,0.011
N09_M07_F10_KI14_12,KI14,real,inner_race,N09_M07_F10,899.7,cepstrum,10666.7,13333.3,4.8397,normal,0.182,2.792563559221219,0,-0.019,0.038,2.62699254525102,3,0.011
N09_M07_F10_KI14_13,KI14,real,inner_race,N09_M07_F10,899.78,cepstrum,12000.0,14000.0,5.2055,normal,0.138,2.1419574176880394,2,-0.017,0.098,1.643732229565762,6,0.011
N09_M07_F10_KI14_14,KI14,real,inner_race,N09_M07_F10,899.64,cepstrum,10666.7,13333.3,5.1385,normal,0.118,3.356040690191772,2,-0.019,0.098,2.074833258414412,5,0.009999999999999998
N09_M07_F10_KI14_15,KI14,real,inner_race,N09_M07_F10,899.65,cepstrum,12000.0,14000.0,5.3069,normal,0.234,1.2608206742709944,0,-0.019,0.122,2.552247993476446,3,0.012
N09_M07_F10_KI14_16,KI14,real,inner_race,N09_M07_F10,899.72,cepstrum,10666.7,13333.3,5.3041,normal,0.122,1.9670096143453029,1,-0.019,0.196,2.3806840171306254,4,0.009999999999999998
N09_M07_F10_KI14_17,KI14,real,inner_race,N09_M07_F10,899.87,cepstrum,12000.0,14000.0,4.6036,normal,0.258,0.7760660484040692,0,-0.019,0.036,2.3051113896544395,4,0.009999999999999998
N09_M07_F10_KI14_18,KI14,real,inner_race,N09_M07_F10,900.02,cepstrum,10666.7,13333.3,4.8295,normal,0.142,2.092883112224372,1,-0.019,0.102,2.0106078859089496,5,0.011
N09_M07_F10_KI14_19,KI14,real,inner_race,N09_M07_F10,899.74,cepstrum,10666.7,13333.3,4.5914,normal,0.204,1.645596038054009,1,-0.016,0.192,1.8579417458204839,4,0.009999999999999998
N09_M07_F10_KI14_2,KI14,real,inner_race,N09_M07_F10,899.69,cepstrum,13333.3,14666.7,5.5334,normal,0.242,1.5429241872179058,0,-0.019,0.156,1.2689571210124635,3,0.012
N09_M07_F10_KI14_20,KI14,real,inner_race,N09_M07_F10,899.68,cepstrum,13333.3,14666.7,4.4333,normal,0.198,1.8469912676286104,0,-0.019,0.11,1.6522837106817896,3,0.009999999999999998
N09_M07_F10_KI14_3,KI14,real,inner_race,N09_M07_F10,899.75,cepstrum,12000.0,13000.0,5.2859,normal,0.388,0.32610055271454225,0,-0.018000000000000002,0.178,0.7202699669650137,2,0.009999999999999998
N09_M07_F10_KI14_4,KI14,real,inner_race,N09_M07_F10,899.67,cepstrum,10666.7,13333.3,4.6698,normal,0.218,1.009380182678345,0,-0.016,0.104,1.7875305055396242,3,0.011
N09_M07_F10_KI14_5,KI14,real,inner_race,N09_M07_F10,899.74,cepstrum,10666.7,13333.3,4.6368,normal,0.132,1.7585883023016355,0,-0.017,0.13,2.021553634327045,3,0.011
N09_M07_F10_KI14_6,KI14,real,inner_race,N09_M07_F10,899.79,cepstrum,10666.7,13333.3,5.3736,normal,0.146,1.778603678367025,0,-0.019,0.064,2.1983895406911276,4,0.012
N09_M07_F10_KI14_7,KI14,real,inner_race,N09_M07_F10,899.61,cepstrum,10666.7,13333.3,4.8128,normal,0.138,2.751957212302461,1,-0.019,0.096,3.1466751327784874,4,0.011
N09_M07_F10_KI14_8,KI14,real,inner_race,N09_M07_F10,899.7,cepstrum,12000.0,14000.0,5.1921,normal,0.124,2.372352846295812,0,-0.019,0.164,2.727080010104041,3,0.011
N09_M07_F10_KI14_9,KI14,real,inner_race,N09_M07_F10,899.63,cepstrum,12000.0,14000.0,4.9946,normal,0.292,0.630402231675315,0,-0.019,0.226,1.3990265197789815,3,0.011
N09_M07_F10_KI16_1,KI16,real,inner_race,N09_M07_F10,899.82,cepstrum,0.0,1000.0,8.3364,inner_race,0.084,0.9410687721599339,0,-0.016,0.002,3.334418348285248,5,0.0
N09_M07_F10_KI16_10,KI16,real,inner_race,N09_M07_F10,899.75,cepstrum,0.0,1000.0,6.272,inner_race,0.412,0.8614705729471226,0,-0.018000000000000002,0.002,2.920606875051817,16,-0.0010000000000000009
N09_M07_F10_KI16_11,KI16,real,inner_race,N09_M07_F10,899.67,cepstrum,9333.3,10666.7,5.1843,inner_race,0.424,0.08092198789500932,0,-0.02,0.002,4.273347843941126,13,-0.0010000000000000009
N09_M07_F10_KI16_12,KI16,real,inner_race,N09_M07_F10,899.78,cepstrum,0.0,1000.0,6.1684,normal,0.428,0.45173482449766417,0,-0.006999999999999999,0.002,5.263181477753709,0,0.0
N09_M07_F10_KI16_13,KI16,real,inner_race,N09_M07_F10,899.73,cepstrum,0.0,1000.0,7.3788,inner_race,0.35,0.44122289276977433,0,-0.02,0.002,3.229753287853274,11,0.0
N09_M07_F10_KI16_14,KI16,real,inner_race,N09_M07_F10,899.77,cepstrum,0.0,1333.3,7.7325,normal,0.968,-1.8058446392964662,0,0.019,0.002,4.815035037058776,0,0.0
N09_M07_F10_KI16_15,KI16,real,inner_race,N09_M07_F10,899.8,cepstrum,9333.3,10666.7,10.2949,inner_race,0.252,1.0407603450072969,0,-0.019,0.002,3.700461956931459,12,0.0
N09_M07_F10_KI16_16,KI16,real,inner_race,N09_M07_F10,899.9,cepstrum,0.0,1000.0,5.5234,inner_race,0.536,-0.04747271183845335,0,-0.02,0.002,3.3904880748272412,14,-0.0010000000000000009
N09_M07_F10_KI16_17,KI16,real,inner_race,N09_M07_F10,899.81,cepstrum,0.0,1000.0,7.4919,inner_race,0.006,2.285798117231515,1,-0.019,0.002,2.4783579164900202,17,-0.0010000000000000009
N09_M07_F10_KI16_18,KI16,real,inner_race,N09_M07_F10,899.76,cepstrum,9333.3,10666.7,6.026,inner_race,0.622,-0.31239199889030916,0,-0.012,0.002,4.379267142824844,12,-0.0010000000000000009
N09_M07_F10_KI16_19,KI16,real,inner_race,N09_M07_F10,899.71,cepstrum,0.0,1000.0,5.8002,normal,0.98,-3.1781196371739666,0,-0.013000000000000001,0.002,3.641413066873914,0,0.0
N09_M07_F10_KI16_2,KI16,real,inner_race,N09_M07_F10,899.79,cepstrum,0.0,1000.0,8.5006,normal,0.47,0.12190196993449046,0,-0.02,0.002,1.9509323891280121,1,-0.0010000000000000009
N09_M07_F10_KI16_20,KI16,real,inner_race,N09_M07_F10,899.69,cepstrum,9333.3,10666.7,6.8387,inner_race,0.224,1.1612772660965152,0,-0.019,0.002,3.7548392561255204,18,-0.0010000000000000009
N09_M07_F10_KI16_3,KI16,real,inner_race,N09_M07_F10,899.76,cepstrum,0.0,1000.0,7.072,normal,0.49,0.1674447045029708,0,-0.017,0.002,4.7073408867122675,1,0.0
N09_M07_F10_KI16_4,KI16,real,inner_race,N09_M07_F10,899.64,cepstrum,0.0,1333.3,6.9632,inner_race,0.138,2.043830495635884,0,-0.02,0.002,3.3138267332949995,20,-0.0010000000000000009
N09_M07_F10_KI16_5,KI16,real,inner_race,N09_M07_F10,899.58,cepstrum,0.0,1000.0,7.9608,inner_race,0.294,0.6716329180765963,0,-0.02,0.002,3.8128467233091166,3,0.0
N09_M07_F10_KI16_6,KI16,real,inner_race,N09_M07_F10,899.76,cepstrum,0.0,1000.0,8.5931,normal,0.21,0.702628113071337,0,-0.02,0.036,1.7405480229887254,0,0.0
N09_M07_F10_KI16_7,KI16,real,inner_race,N09_M07_F10,899.66,cepstrum,0.0,1000.0,9.4281,normal,0.422,0.24005928595587717,0,0.006000000000000002,0.002,3.1180035710330793,0,0.0
N09_M07_F10_KI16_8,KI16,real,inner_race,N09_M07_F10,899.75,cepstrum,9333.3,10666.7,7.7265,inner_race,0.97,-1.3837390749503071,0,-0.006999999999999999,0.002,4.288873183911759,3,-0.0010000000000000009
N09_M07_F10_KI16_9,KI16,real,inner_race,N09_M07_F10,899.68,cepstrum,0.0,1000.0,7.5821,normal,0.618,-0.38449730131783927,0,-0.018000000000000002,0.002,3.4070266570858783,0,-0.0010000000000000009
N09_M07_F10_KI17_1,KI17,real,inner_race,N09_M07_F10,899.69,cepstrum,10666.7,13333.3,5.8125,normal,0.314,0.9145892281729606,0,-0.019,0.134,1.474766926866525,4,0.012
N09_M07_F10_KI17_10,KI17,real,inner_race,N09_M07_F10,899.21,cepstrum,9333.3,10666.7,7.7327,normal,0.72,-0.46089807681327427,0,0.013000000000000001,0.082,1.7500837561463198,0,0.012
N09_M07_F10_KI17_11,KI17,real,inner_race,N09_M07_F10,899.72,cepstrum,0.0,1000.0,6.1227,normal,0.392,0.49659991851515156,0,-0.0019999999999999983,0.226,0.7178342499765475,0,-0.016
N09_M07_F10_KI17_12,KI17,real,inner_race,N09_M07_F10,899.76,cepstrum,12000.0,14000.0,5.4334,normal,0.296,0.9022897376412522,0,-0.019,0.06,1.7541791161981994,3,0.011
N09_M07_F10_KI17_13,KI17,real,inner_race,N09_M07_F10,899.55,cepstrum,0.0,1000.0,6.0671,normal,0.522,-0.08538496831639171,0,0.014000000000000002,0.986,-2.247746254513675,0,0.014000000000000002
N09_M07_F10_KI17_14,KI17,real,inner_race,N09_M07_F10,899.87,cepstrum,0.0,1000.0,5.6256,normal,0.252,0.6037344464641162,0,0.009999999999999998,0.2,0.9802811950374131,0,-0.005000000000000001
N09_M07_F10_KI17_15,KI17,real,inner_race,N09_M07_F10,899.82,cepstrum,12000.0,14000.0,5.4662,normal,0.56,-0.5089196858006214,0,-0.017,0.262,0.7491842185124579,2,0.012
N09_M07_F10_KI17_16,KI17,real,inner_race,N09_M07_F10,899.45,cepstrum,10666.7,13333.3,6.1425,normal,0.556,-0.09322739180500263,0,-0.016,0.156,1.8517907060247527,3,0.012
N09_M07_F10_KI17_17,KI17,real,inner_race,N09_M07_F10,899.53,cepstrum,10666.7,13333.3,5.8769,normal,0.456,0.02114247271592914,0,-0.018000000000000002,0.058,2.033851618737004,4,0.011
N09_M07_F10_KI17_18,KI17,real,inner_race,N09_M07_F10,900.03,cepstrum,10666.7,13333.3,5.6387,normal,0.724,-0.37389078633743467,0,-0.015,0.064,1.5180151813949614,3,0.009999999999999998
N09_M07_F10_KI17_19,KI17,real,inner_race,N09_M07_F10,899.79,cepstrum,10666.7,13333.3,5.2841,inner_race,0.462,0.10361590444409757,0,-0.017,0.012,1.7577104672924386,3,0.011
N09_M07_F10_KI17_2,KI17,real,inner_race,N09_M07_F10,899.49,cepstrum,12000.0,14000.0,6.0896,normal,0.278,0.6788646590134739,0,-0.002999999999999999,0.11,1.471163095895601,3,0.013000000000000001
N09_M07_F10_KI17_20,KI17,real,inner_race,N09_M07_F10,899.3,cepstrum,10000.0,11000.0,6.9232,normal,0.782,-0.6272842986244853,0,-0.016,0.284,1.365274519468126,3,0.012
N09_M07_F10_KI17_3,KI17,real,inner_race,N09_M07_F10,899.65,cepstrum,0.0,1000.0,5.7169,normal,0.928,-0.8215808585253573,0,0.004,0.002,4.060831363233782,0,-0.004
N09_M07_F10_KI17_4,KI17,real,inner_race,N09_M07_F10,899.73,cepstrum,13000.0,14000.0,6.2691,normal,0.598,-0.3148245617447369,0,-0.015,0.088,1.7099740896138058,3,0.011
N09_M07_F10_KI17_5,KI17,real,inner_race,N09_M07_F10,899.92,cepstrum,0.0,1000.0,7.1081,normal,0.002,1.5620767294325988,0,0.02,0.058,1.6750162857359692,0,0.002999999999999999
N09_M07_F10_KI17_6,KI17,real,inner_race,N09_M07_F10,899.8,cepstrum,12000.0,14000.0,5.6625,normal,0.63,-0.5215908736204407,0,-0.019,0.086,2.2518178150913006,3,0.011
N09_M07_F10_KI17_7,KI17,real,inner_race,N09_M07_F10,899.9,cepstrum,10666.7,13333.3,6.075,normal,0.23,0.9316494190316703,0,-0.017,0.036,2.1638611585705414,3,0.009999999999999998
N09_M07_F10_KI17_8,KI17,real,inner_race,N09_M07_F10,899.41,cepstrum,10666.7,13333.3,6.4017,normal,0.314,1.11375735646942,0,-0.018000000000000002,0.098,1.5557452003287155,3,0.011
N09_M07_F10_KI17_9,KI17,real,inner_race,N09_M07_F10,899.77,cepstrum,0.0,1000.0,6.1071,normal,0.004,2.326377986539234,0,0.009000000000000001,0.358,0.4434517232777331,0,0.0010000000000000009
N09_M07_F10_KI18_1,KI18,real,inner_race,N09_M07_F10,899.74,cepstrum,0.0,1000.0,4.7508,normal,0.972,-5.98684648450169,0,-0.02,0.026,2.3380642813941677,0,-0.005000000000000001
N09_M07_F10_KI18_10,KI18,real,inner_race,N09_M07_F10,899.77,cepstrum,0.0,1000.0,5.4408,normal,0.04,1.7306699522372775,0,-0.02,0.004,2.7153977740502353,0,-0.002999999999999999
N09_M07_F10_KI18_11,KI18,real,inner_race,N09_M07_F10,899.75,cepstrum,12000.0,14000.0,4.7984,normal,0.2,1.4812836513026981,0,-0.019,0.082,2.8665782269975897,5,0.011
N09_M07_F10_KI18_12,KI18,real,inner_race,N09_M07_F10,899.67,cepstrum,12000.0,14000.0,4.3999,normal,0.218,1.318929559652713,0,-0.019,0.1,2.1976058258094153,3,0.011
N09_M07_F10_KI18_13,KI18,real,inner_race,N09_M07_F10,899.78,cepstrum,13333.3,14666.7,5.0418,normal,0.138,2.4946320346676063,0,-0.019,0.13,1.8320769515509485,4,0.009999999999999998
N09_M07_F10_KI18_14,KI18,real,inner_race,N09_M07_F10,899.8,cepstrum,13333.3,14666.7,4.8822,normal,0.12,2.330899578806272,1,-0.019,0.098,2.2942031236787117,4,0.009999999999999998
N09_M07_F10_KI18_15,KI18,real,inner_race,N09_M07_F10,899.68,cepstrum,13333.3,14666.7,4.5429,normal,0.18,1.4536843466613893,0,-0.019,0.126,1.7775999368378532,3,0.009999999999999998
N09_M07_F10_KI18_16,KI18,real,inner_race,N09_M07_F10,899.73,cepstrum,12000.0,14000.0,4.4607,normal,0.21,1.2734964041632864,0,-0.019,0.094,2.222794807489613,3,0.009999999999999998
N09_M07_F10_KI18_17,KI18,real,inner_race,N09_M07_F10,899.84,cepstrum,13333.3,14666.7,4.4954,normal,0.19,1.8956896814123116,0,-0.017,0.084,2.0156694729723688,3,0.011
N09_M07_F10_KI18_18,KI18,real,inner_race,N09_M07_F10,899.81,cepstrum,13333.3,14666.7,4.6996,normal,0.186,1.1983000232103622,0,-0.017,0.104,2.023320489704724,3,0.011
N09_M07_F10_KI18_19,KI18,real,inner_race,N09_M07_F10,899.73,cepstrum,12000.0,14000.0,4.8649,normal,0.208,1.71586703858772,0,-0.019,0.034,2.4152718310597803,5,0.011
N09_M07_F10_KI18_2,KI18,real,inner_race,N09_M07_F10,899.58,cepstrum,12000.0,14000.0,4.5303,normal,0.194,2.554079320337544,0,-0.016,0.12,1.8562627355831711,3,0.009999999999999998
N09_M07_F10_KI18_20,KI18,real,inner_race,N09_M07_F10,899.81,cepstrum,9333.3,10666.7,5.4522,inner_race,0.202,3.33488437674743,0,-0.02,0.002,5.790608767830096,8,-0.005000000000000001
N09_M07_F10_KI18_3,KI18,real,inner_race,N09_M07_F10,899.88,cepstrum,12000.0,14000.0,5.0844,normal,0.216,1.671712572607055,0,-0.017,0.098,2.6238265658071986,3,0.009999999999999998
N09_M07_F10_KI18_4,KI18,real,inner_race,N09_M07_F10,899.74,cepstrum,14000.0,15000.0,4.9067,normal,0.192,1.7624372780072508,1,-0.018000000000000002,0.11,2.00463217503711,4,0.009999999999999998
N09_M07_F10_KI18_5,KI18,real,inner_race,N09_M07_F10,899.64,cepstrum,12000.0,14000.0,4.2413,normal,0.172,1.823027128612154,0,-0.019,0.098,1.8062111478397025,3,0.011
N09_M07_F10_KI18_6,KI18,real,inner_race,N09_M07_F10,899.79,cepstrum,0.0,1000.0,5.1461,inner_race,0.194,0.9258843444676067,0,-0.017,0.002,3.705667456446147,2,-0.005000000000000001
N09_M07_F10_KI18_7,KI18,real,inner_race,N09_M07_F10,899.78,cepstrum,0.0,1333.3,5.8824,normal,0.976,-1.0756921042453664,0,-0.018000000000000002,0.002,5.864087865812346,0,-0.004
N09_M07_F10_KI18_8,KI18,real,inner_race,N09_M07_F10,899.91,cepstrum,0.0,1000.0,4.8477,normal,0.276,0.4859267406698035,0,0.006000000000000002,0.002,4.735518880715879,0,-0.004
N09_M07_F10_KI18_9,KI18,real,inner_race,N09_M07_F10,899.81,cepstrum,0.0,1000.0,5.6369,normal,0.796,-1.0177663727960298,0,0.008,0.114,1.0292280581620241,0,0.0
N09_M07_F10_KI21_1,KI21,real,inner_race,N09_M07_F10,899.61,cepstrum,10666.7,13333.3,5.6187,normal,0.138,2.3437643826138532,0,-0.016,0.12,3.255740793688962,4,0.011
N09_M07_F10_KI21_10,KI21,real,inner_race,N09_M07_F10,899.78,cepstrum,10666.7,13333.3,5.5994,normal,0.142,2.1270906873396207,0,-0.019,0.1,2.088813953723802,4,0.009999999999999998
N09_M07_F10_KI21_11,KI21,real,inner_race,N09_M07_F10,899.64,cepstrum,10666.7,13333.3,6.1211,normal,0.138,2.0329184652908645,1,-0.018000000000000002,0.186,1.7935604488977663,5,0.011
N09_M07_F10_KI21_12,KI21,real,inner_race,N09_M07_F10,899.69,cepstrum,10666.7,13333.3,5.5536,normal,0.142,2.4964772442592964,1,-0.019,0.154,2.33433446700289,5,0.011
N09_M07_F10_KI21_13,KI21,real,inner_race,N09_M07_F10,899.66,cepstrum,10666.7,13333.3,5.9553,normal,0.152,1.9542638077757655,0,-0.019,0.186,2.155922235457179,4,0.011
N09_M07_F10_KI21_14,KI21,real,inner_race,N09_M07_F10,899.84,cepstrum,10666.7,13333.3,5.8462,normal,0.142,1.9764249549196655,0,-0.019,0.194,1.6435385668804658,4,0.009999999999999998
N09_M07_F10_KI21_15,KI21,real,inner_race,N09_M07_F10,899.82,cepstrum,10666.7,13333.3,5.8718,normal,0.142,2.7241865118836133,0,-0.019,0.1,1.6407243083767145,3,0.011
N09_M07_F10_KI21_16,KI21,real,inner_race,N09_M07_F10,899.71,cepstrum,10666.7,13333.3,4.9927,normal,0.22,1.2154929189567314,0,-0.019,0.11,1.6355566680404954,3,0.011
N09_M07_F10_KI21_17,KI21,real,inner_race,N09_M07_F10,899.63,cepstrum,10666.7,13333.3,5.6655,normal,0.21,1.4437477008848967,0,-0.017,0.074,2.130990814856211,3,0.011
N09_M07_F10_KI21_18,KI21,real,inner_race,N09_M07_F10,899.76,cepstrum,10666.7,13333.3,5.4865,normal,0.126,1.4686330779262362,0,-0.017,0.1,1.805138687677458,4,0.009999999999999998
N09_M07_F10_KI21_19,KI21,real,inner_race,N09_M07_F10,899.8,cepstrum,10666.7,13333.3,5.7227,normal,0.194,2.3591233900690747,0,-0.019,0.104,2.844636580876211,3,0.009999999999999998
N09_M07_F10_KI21_2,KI21,real,inner_race,N09_M07_F10,899.67,cepstrum,10666.7,13333.3,6.1508,normal,0.134,2.22736283716329,2,-0.018000000000000002,0.098,1.652768987705553,9,0.011
N09_M07_F10_KI21_20,KI21,real,inner_race,N09_M07_F10,899.77,cepstrum,10666.7,13333.3,5.2881,normal,0.204,2.310369243023644,0,-0.019,0.1,2.081108848221694,3,0.009999999999999998
N09_M07_F10_KI21_3,KI21,real,inner_race,N09_M07_F10,899.86,cepstrum,10666.7,13333.3,6.3169,normal,0.134,3.003935516998521,1,-0.019,0.098,2.8183904776945257,6,0.009999999999999998
N09_M07_F10_KI21_4,KI21,real,inner_race,N09_M07_F10,899.75,cepstrum,10666.7,13333.3,5.579,normal,0.142,3.426635169392254,0,-0.017,0.1,1.433865249863098,3,0.011
N09_M07_F10_KI21_5,KI21,real,inner_race,N09_M07_F10,899.78,cepstrum,12000.0,14000.0,6.2818,normal,0.142,2.8439178978890243,0,-0.019,0.1,2.6231026141226805,3,0.009999999999999998
N09_M07_F10_KI21_6,KI21,real,inner_race,N09_M07_F10,899.77,cepstrum,10666.7,13333.3,5.692,normal,0.134,2.200052565735811,0,-0.019,0.098,2.549341690463284,5,0.009999999999999998
N09_M07_F10_KI21_7,KI21,real,inner_race,N09_M07_F10,899.76,cepstrum,10666.7,13333.3,5.7747,normal,0.2,1.8073519625215666,1,-0.017,0.098,1.6521452942850636,6,0.011
N09_M07_F10_KI21_8,KI21,real,inner_race,N09_M07_F10,899.84,cepstrum,12000.0,14000.0,5.6412,normal,0.196,2.3140794311217063,0,-0.019,0.114,1.5445387924440757,3,0.009999999999999998
N09_M07_F10_KI21_9,KI21,real,inner_race,N09_M07_F10,899.79,cepstrum,10666.7,13333.3,5.3599,normal,0.216,1.0999682002572766,0,-0.017,0.148,2.180873736154868,4,0.011
N15_M01_F10_K001_1,K001,none,normal,N15_M01_F10,1499.61,cepstrum,10666.7,13333.3,2.9395,normal,0.638,-0.3147646745322621,1,0.0,0.26,0.6876626403014383,0,0.006999999999999999
N15_M01_F10_K001_10,K001,none,normal,N15_M01_F10,1499.59,cepstrum,10666.7,13333.3,2.4562,normal,0.308,0.5993508759933801,1,-0.0010000000000000009,0.096,1.946499654987245,2,0.009999999999999998
N15_M01_F10_K001_11,K001,none,normal,N15_M01_F10,1499.62,cepstrum,12000.0,14000.0,2.3839,normal,0.304,1.1138096602116925,1,0.0,0.242,1.012089441598751,1,0.009000000000000001
N15_M01_F10_K001_12,K001,none,normal,N15_M01_F10,1499.61,cepstrum,12000.0,14000.0,2.9085,normal,0.794,-0.38215076085346944,1,-0.0019999999999999983,0.836,-0.8648175167515889,1,0.009000000000000001
N15_M01_F10_K001_13,K001,none,normal,N15_M01_F10,1499.65,cepstrum,10666.7,13333.3,2.9891,normal,0.602,-0.3042017134862001,1,-0.017,0.294,0.9853443232816114,3,0.011
N15_M01_F10_K001_14,K001,none,normal,N15_M01_F10,1499.56,cepstrum,10666.7,13333.3,2.4363,normal,0.298,0.2041903374153896,1,0.0,0.026,2.5824829142090864,2,0.011
N15_M01_F10_K001_15,K001,none,normal,N15_M01_F10,1499.62,cepstrum,10666.7,13333.3,2.4461,normal,0.744,-0.27447951585454056,1,-0.0010000000000000009,0.118,0.9876440759315956,3,0.009999999999999998
N15_M01_F10_K001_16,K001,none,normal,N15_M01_F10,1499.57,cepstrum,12000.0,14000.0,2.2452,normal,0.338,0.6419491354946201,0,-0.0019999999999999983,0.754,-0.5274192840202382,0,-0.009000000000000001
N15_M01_F10_K001_17,K001,none,normal,N15_M01_F10,1499.5,cepstrum,10666.7,13333.3,2.7968,normal,0.654,-0.5669760842744794,1,-0.0019999999999999983,0.756,-0.6513727429507917,1,0.015000000000000003
N15_M01_F10_K001_18,K001,none,normal,N15_M01_F10,1499.53,cepstrum,12000.0,14000.0,2.9834,normal,0.436,0.31721780490691454,0,0.0,0.404,0.32716832544441066,2,0.011
N15_M01_F10_K001_19,K001,none,normal,N15_M01_F10,1499.57,cepstrum,10666.7,13333.3,2.7826,normal,0.354,0.39724309175595046,1,-0.0010000000000000009,0.132,1.761767545770219,2,0.009999999999999998
N15_M01_F10_K001_2,K001,none,normal,N15_M01_F10,1499.6,cepstrum,10000.0,12000.0,2.5863,normal,0.588,-0.2590707259081618,1,-0.0019999999999999983,0.186,0.9181176598107895,1,0.009999999999999998
N15_M01_F10_K001_20,K001,none,normal,N15_M01_F10,1499.61,cepstrum,12000.0,14000.0,2.4148,normal,0.794,-0.6069637578960485,1,0.0019999999999999983,0.266,0.5998697028911636,2,0.011
N15_M01_F10_K001_3,K001,none,normal,N15_M01_F10,1499.58,cepstrum,10666.7,13333.3,2.428,inner_race,0.31,0.7100967473551658,1,-0.0010000000000000009,0.004,2.7519444824279633,2,0.009999999999999998
N15_M01_F10_K001_4,K001,none,normal,N15_M01_F10,1499.6,cepstrum,10666.7,13333.3,2.5338,normal,0.314,0.42515133874344135,1,0.0,0.566,-0.16827446762226644,1,0.012
N15_M01_F10_K001_5,K001,none,normal,N15_M01_F10,1499.6,cepstrum,10666.7,13333.3,2.5581,normal,0.268,0.6414709797003475,1,0.0,0.366,0.3876216818483146,2,0.011
N15_M01_F10_K001_6,K001,none,normal,N15_M01_F10,1499.61,cepstrum,10666.7,13333.3,2.5516,normal,0.174,1.7318314724109014,1,-0.0010000000000000009,0.032,2.0396598027052297,5,0.009999999999999998
N15_M01_F10_K001_7,K001,none,normal,N15_M01_F10,1499.69,cepstrum,10000.0,12000.0,2.4857,normal,0.294,0.2925539741652827,1,0.0010000000000000009,0.038,2.085121221908431,2,0.009999999999999998
N15_M01_F10_K001_8,K001,none,normal,N15_M01_F10,1499.59,cepstrum,12000.0,14000.0,2.7287,normal,0.414,0.3463930060169124,1,-0.0010000000000000009,0.966,-2.025345542895231,2,0.009999999999999998
N15_M01_F10_K001_9,K001,none,normal,N15_M01_F10,1499.61,cepstrum,10666.7,13333.3,2.6099,normal,0.384,0.11041841341775858,1,-0.0010000000000000009,0.674,-0.5557820412316162,4,0.011
N15_M01_F10_K002_1,K002,none,normal,N15_M01_F10,1499.76,cepstrum,10666.7,13333.3,5.9731,normal,0.352,0.7368606534456719,1,-0.0010000000000000009,0.744,-0.6019272776530094,2,0.009999999999999998
N15_M01_F10_K002_10,K002,none,normal,N15_M01_F10,1499.42,cepstrum,12000.0,14000.0,6.0717,normal,0.752,-0.45230764396591916,0,0.016999999999999998,0.22,0.8246803046082205,2,0.012
N15_M01_F10_K002_11,K002,none,normal,N15_M01_F10,1499.62,cepstrum,10666.7,13333.3,6.4795,normal,0.756,-0.5189532395470995,1,0.0,0.306,0.43629790988712686,3,0.012
N15_M01_F10_K002_12,K002,none,normal,N15_M01_F10,1499.56,cepstrum,10666.7,13333.3,5.2237,normal,0.658,-0.11668910972633215,0,0.016000000000000004,0.164,1.1787357266628602,2,0.009999999999999998
N15_M01_F10_K002_13,K002,none,normal,N15_M01_F10,1499.44,cepstrum,12000.0,14000.0,7.295,normal,0.722,-0.5812734068662961,1,0.0,0.07,1.8041720968300234,1,-0.0010000000000000009
N15_M01_F10_K002_14,K002,none,normal,N15_M01_F10,1499.19,cepstrum,12000.0,14000.0,8.6376,inner_race,0.84,-1.035908784028064,0,0.016000000000000004,0.016,2.3778945401993252,3,0.012
N15_M01_F10_K002_15,K002,none,normal,N15_M01_F10,1499.75,cepstrum,12000.0,14000.0,5.0538,normal,0.738,-0.41401822007929373,0,0.016000000000000004,0.79,-0.8623967731838674,1,0.006999999999999999
N15_M01_F10_K002_16,K002,none,normal,N15_M01_F10,1499.6,cepstrum,10666.7,13333.3,6.5658,normal,0.412,0.13508446463216187,1,0.0,0.772,-0.657394656967518,1,0.013000000000000001
N15_M01_F10_K002_17,K002,none,normal,N15_M01_F10,1499.48,cepstrum,10666.7,13333.3,5.7746,normal,0.532,-0.050547351018295494,0,0.016999999999999998,0.172,1.23207980502459,3,0.012
N15_M01_F10_K002_18,K002,none,normal,N15_M01_F10,1499.68,cepstrum,10666.7,13333.3,5.1831,normal,0.698,-0.5926518254264543,1,0.0019999999999999983,0.128,1.8504213407186505,2,0.009999999999999998
N15_M01_F10_K002_19,K002,none,normal,N15_M01_F10,1499.92,cepstrum,10666.7,13333.3,7.5756,normal,0.8,-0.7448979172789086,1,-0.0010000000000000009,0.736,-0.6884678342602563,3,0.012
N15_M01_F10_K002_2,K002,none,normal,N15_M01_F10,1499.24,cepstrum,10666.7,13333.3,6.0956,normal,0.65,-0.41928782941546644,1,-0.0010000000000000009,0.152,1.5061429649841467,0,0.016000000000000004
N15_M01_F10_K002_20,K002,none,normal,N15_M01_F10,1499.28,cepstrum,12000.0,14000.0,5.7482,normal,0.368,0.15024566892154995,1,0.0010000000000000009,0.502,-0.008047075209337768,2,0.012
N15_M01_F10_K002_3,K002,none,normal,N15_M01_F10,1499.92,cepstrum,10666.7,13333.3,6.7274,normal,0.358,0.44444374898553285,1,-0.0010000000000000009,0.55,-0.16321631258566924,1,-0.015
N15_M01_F10_K002_4,K002,none,normal,N15_M01_F10,1499.89,cepstrum,10666.7,13333.3,5.6332,normal,0.696,-0.33090492078723377,0,-0.018000000000000002,0.12,2.177385360472286,2,0.011
N15_M01_F10_K002_5,K002,none,normal,N15_M01_F10,1499.37,cepstrum,10666.7,13333.3,5.2628,normal,0.612,-0.43248670346011925,1,-0.019,0.152,1.1444355725088546,3,0.009999999999999998
N15_M01_F10_K002_6,K002,none,normal,N15_M01_F10,1499.6,cepstrum,10666.7,13333.3,5.2406,normal,0.652,-0.32938807458637637,1,-0.0019999999999999983,0.724,-0.6280956248180415,2,0.013000000000000001
N15_M01_F10_K002_7,K002,none,normal,N15_M01_F10,1499.61,cepstrum,10666.7,13333.3,5.9629,normal,0.596,-0.3645768363655186,1,-0.0010000000000000009,0.612,-0.292242183782482,3,0.012
N15_M01_F10_K002_8,K002,none,normal,N15_M01_F10,1499.7,cepstrum,10666.7,13333.3,5.3171,normal,0.224,1.1212573905595,0,-0.018000000000000002,0.43,0.15094240148770016,1,0.012
N15_M01_F10_K002_9,K002,none,normal,N15_M01_F10,1499.46,cepstrum,10666.7,13333.3,8.8855,normal,0.37,0.4379535929842868,1,-0.0010000000000000009,0.506,-0.04668980335774521,1,0.0
N15_M01_F10_K003_1,K003,none,normal,N15_M01_F10,1499.63,cepstrum,10000.0,12000.0,2.6838,normal,0.148,2.382852816288952,1,-0.0010000000000000009,0.248,0.8658078161356012,2,0.009999999999999998
N15_M01_F10_K003_10,K003,none,normal,N15_M01_F10,1499.54,cepstrum,10666.7,13333.3,2.588,normal,0.884,-1.3573455964282886,1,0.0,0.092,1.6580986034610952,2,0.009999999999999998
N15_M01_F10_K003_11,K003,none,normal,N15_M01_F10,1499.59,cepstrum,12000.0,14000.0,2.7915,normal,0.684,-0.42908081618856675,1,0.0019999999999999983,0.212,0.8016394155308322,2,0.012
N15_M01_F10_K003_12,K003,none,normal,N15_M01_F10,1499.58,cepstrum,10666.7,13333.3,2.7947,inner_race,0.526,-0.12677660102350194,1,0.0019999999999999983,0.018,1.8061726108540155,2,0.011
N15_M01_F10_K003_13,K003,none,normal,N15_M01_F10,1499.54,cepstrum,8000.0,12000.0,2.9463,normal,0.628,-0.5074988235951345,1,0.0,0.166,1.0932452787030136,2,0.011
N15_M01_F10_K003_14,K003,none,normal,N15_M01_F10,1499.6,cepstrum,8000.0,12000.0,2.7889,normal,0.434,0.2076504669771209,0,0.016000000000000004,0.88,-1.2334706392009338,2,-0.009000000000000001
N15_M01_F10_K003_15,K003,none,normal,N15_M01_F10,1499.62,cepstrum,10666.7,13333.3,2.4606,normal,0.59,-0.2559654469549763,1,-0.0019999999999999983,0.742,-0.3853586896021678,2,0.011
N15_M01_F10_K003_16,K003,none,normal,N15_M01_F10,1499.64,cepstrum,8000.0,12000.0,2.5864,normal,0.402,0.5572854415618571,1,-0.0010000000000000009,0.232,0.6325121925103924,3,0.011
N15_M01_F10_K003_17,K003,none,normal,N15_M01_F10,1499.57,cepstrum,8000.0,12000.0,2.3875,normal,0.308,0.7340146198106945,1,0.0,0.078,2.9615492201620097,2,0.011
N15_M01_F10_K003_18,K003,none,normal,N15_M01_F10,1499.6,cepstrum,10666.7,13333.3,2.5918,inner_race,0.518,-0.033525259261987794,1,-0.018000000000000002,0.014,1.929385793149858,4,0.009999999999999998
N15_M01_F10_K003_19,K003,none,normal,N15_M01_F10,1499.61,cepstrum,10666.7,13333.3,2.6196,normal,0.332,0.6346749776978478,1,0.0,0.43,0.17804483107794628,3,0.011
N15_M01_F10_K003_2,K003,none,normal,N15_M01_F10,1499.62,cepstrum,12000.0,14000.0,2.7411,normal,0.722,-0.32757850416723194,1,-0.0019999999999999983,0.368,0.3152612856448369,0,0.015000000000000003
N15_M01_F10_K003_20,K003,none,normal,N15_M01_F10,1499.58,cepstrum,10666.7,13333.3,2.6488,normal,0.516,-0.2185941981818289,1,-0.0010000000000000009,0.396,0.3028372317762565,2,0.011
N15_M01_F10_K003_3,K003,none,normal,N15_M01_F10,1499.62,cepstrum,8000.0,12000.0,2.6158,normal,0.67,-0.3898732727966301,1,-0.0010000000000000009,0.168,0.7346293716485645,2,0.011
N15_M01_F10_K003_4,K003,none,normal,N15_M01_F10,1499.59,cepstrum,10666.7,13333.3,2.5281,normal,0.35,0.24576806126307443,1,0.0,0.108,1.2620477259377982,2,0.009999999999999998
N15_M01_F10_K003_5,K003,none,normal,N15_M01_F10,1499.64,cepstrum,10666.7,13333.3,2.5075,normal,0.746,-0.5935896876474973,1,0.0019999999999999983,0.086,1.8781243555021612,3,0.011
N15_M01_F10_K003_6,K003,none,normal,N15_M01_F10,1499.59,cepstrum,10666.7,13333.3,2.8193,normal,0.282,0.7097523109810197,2,0.0,0.364,0.27752610796889066,3,0.011
N15_M01_F10_K003_7,K003,none,normal,N15_M01_F10,1499.65,cepstrum,12000.0,14000.0,2.7825,normal,0.316,0.5672162652301539,1,0.0,0.204,0.7351460433204325,3,0.011
N15_M01_F10_K003_8,K003,none,normal,N15_M01_F10,1499.64,cepstrum,10666.7,13333.3,2.8412,normal,0.178,0.8702880165431942,1,-0.0010000000000000009,0.042,1.9049828127327202,3,0.011
N15_M01_F10_K003_9,K003,none,normal,N15_M01_F10,1499.61,cepstrum,10666.7,13333.3,2.9791,normal,0.248,1.7396116223712421,1,0.0,0.648,-0.3283944991563488,3,0.012
N15_M01_F10_K004_1,K004,none,normal,N15_M01_F10,1499.69,cepstrum,12000.0,14000.0,1.9441,normal,0.684,-0.3886889808595147,0,-0.0010000000000000009,0.08,1.5444143818510794,1,0.011
N15_M01_F10_K004_10,K004,none,normal,N15_M01_F10,1499.62,cepstrum,12000.0,14000.0,1.7844,normal,0.82,-0.7389807689350433,0,-0.0010000000000000009,0.432,0.24863237091454457,0,-0.016
N15_M01_F10_K004_11,K004,none,normal,N15_M01_F10,1499.59,cepstrum,10666.7,13333.3,1.7018,normal,0.696,-0.6076891407538146,0,0.015000000000000003,0.93,-1.3298052948035102,0,-0.017
N15_M01_F10_K004_12,K004,none,normal,N15_M01_F10,1499.59,cepstrum,10666.7,13333.3,1.9101,normal,0.422,0.44200779012489216,0,-0.0010000000000000009,0.222,0.75668943571374,2,0.009999999999999998
N15_M01_F10_K004_13,K004,none,normal,N15_M01_F10,1499.6,cepstrum,10666.7,13333.3,1.9974,normal,0.944,-1.0603371351753292,0,0.014000000000000002,0.858,-1.008305246924507,1,0.009999999999999998
N15_M01_F10_K004_14,K004,none,normal,N15_M01_F10,1499.62,cepstrum,12000.0,14000.0,1.5513,normal,0.228,1.620445228482109,0,0.0,0.29,0.6735251553011105,2,0.009999999999999998
N15_M01_F10_K004_15,K004,none,normal,N15_M01_F10,1499.65,cepstrum,10666.7,13333.3,1.7643,normal,0.33,0.9195804226435471,1,-0.0019999999999999983,0.168,1.498665808135436,2,0.009999999999999998
N15_M01_F10_K004_16,K004,none,normal,N15_M01_F10,1499.59,cepstrum,10666.7,13333.3,1.8173,normal,0.726,-0.920072879739372,0,-0.0019999999999999983,0.446,0.34198837697942325,1,0.015000000000000003
N15_M01_F10_K004_17,K004,none,normal,N15_M01_F10,1499.53,cepstrum,12000.0,14000.0,2.1539,normal,0.744,-0.4716052785379342,1,-0.0010000000000000009,0.632,-0.3109945338199942,2,0.011
N15_M01_F10_K004_18,K004,none,normal,N15_M01_F10,1499.6,cepstrum,12000.0,14000.0,1.8473,normal,0.326,0.33935540659132485,0,0.016000000000000004,0.374,0.30300399863313765,1,0.011
N15_M01_F10_K004_19,K004,none,normal,N15_M01_F10,1499.55,cepstrum,12000.0,14000.0,1.9243,normal,0.344,0.3974099469824901,0,-0.0010000000000000009,0.558,-0.11802650380138627,1,0.009999999999999998
N15_M01_F10_K004_2,K004,none,normal,N15_M01_F10,1499.69,cepstrum,12000.0,14000.0,2.668,normal,0.228,1.1150851433567521,2,0.0,0.884,-1.2828656524813091,2,0.011
N15_M01_F10_K004_20,K004,none,normal,N15_M01_F10,1499.68,cepstrum,12000.0,14000.0,2.13,normal,0.932,-1.8106281056947926,0,-0.004,0.718,-0.4820385437968055,0,0.004
N15_M01_F10_K004_3,K004,none,normal,N15_M01_F10,1499.64,cepstrum,12000.0,14000.0,2.2392,normal,0.286,1.5848550907809646,0,-0.0019999999999999983,0.212,0.915490917268948,2,0.009999999999999998
N15_M01_F10_K004_4,K004,none,normal,N15_M01_F10,1499.65,cepstrum,10666.7,13333.3,1.7382,normal,0.696,-0.6496690984278525,0,0.0,0.234,0.7867150992249178,1,0.011
N15_M01_F10_K004_5,K004,none,normal,N15_M01_F10,1499.66,cepstrum,12000.0,14000.0,1.7585,normal,0.204,1.5154120088965009,0,-0.0010000000000000009,0.188,1.0135246862829723,2,0.011
N15_M01_F10_K004_6,K004,none,normal,N15_M01_F10,1499.58,cepstrum,12000.0,14000.0,2.1393,normal,0.82,-0.7471158044040481,0,0.0,0.188,0.9725838711799029,2,0.011
N15_M01_F10_K004_7,K004,none,normal,N15_M01_F10,1499.59,cepstrum,12000.0,14000.0,1.9331,normal,0.466,0.25438078562870603,0,0.0,0.51,-0.04167186431183991,1,0.011
N15_M01_F10_K004_8,K004,none,normal,N15_M01_F10,1499.55,cepstrum,12000.0,14000.0,2.024,normal,0.306,1.0208878626625948,0,0.0,0.13,1.2739765957719722,1,-0.01
N15_M01_F10_K004_9,K004,none,normal,N15_M01_F10,1499.65,cepstrum,10666.7,13333.3,1.9357,normal,0.156,1.751151028780194,1,0.0,0.922,-0.9922406195673187,2,0.012
N15_M01_F10_K005_1,K005,none,normal,N15_M01_F10,1499.68,cepstrum,12000.0,14000.0,2.1859,normal,0.442,0.21274020895636245,0,0.0010000000000000009,0.262,0.764569947772302,0,0.005000000000000001
N15_M01_F10_K005_10,K005,none,normal,N15_M01_F10,1499.58,cepstrum,10666.7,13333.3,2.6762,normal,0.418,0.2633394185243772,0,-0.0010000000000000009,0.402,0.2744889046345838,2,-0.016
N15_M01_F10_K005_11,K005,none,normal,N15_M01_F10,1499.62,cepstrum,10666.7,13333.3,2.1343,normal,0.528,-0.10282569238404236,0,0.016000000000000004,0.69,-0.37548229042220604,1,0.009999999999999998
N15_M01_F10_K005_12,K005,none,normal,N15_M01_F10,1499.57,cepstrum,10666.7,13333.3,2.467,normal,0.688,-0.42231418270907684,0,-0.017,0.096,1.6561582433097133,1,0.011
N15_M01_F10_K005_13,K005,none,normal,N15_M01_F10,1499.59,cepstrum,10666.7,13333.3,2.0682,normal,0.31,0.5822658514039573,0,-0.0010000000000000009,0.344,0.5261393183441658,1,0.011
N15_M01_F10_K005_14,K005,none,normal,N15_M01_F10,1499.56,cepstrum,10666.7,13333.3,2.0863,normal,0.544,-0.04120450345458729,0,0.015000000000000003,0.778,-0.7821684054670774,1,0.009999999999999998
N15_M01_F10_K005_15,K005,none,normal,N15_M01_F10,1499.6,cepstrum,10666.7,13333.3,2.3074,normal,0.432,0.24623153354792526,0,-0.018000000000000002,0.044,2.1146367461873714,1,0.011
N15_M01_F10_K005_16,K005,none,normal,N15_M01_F10,1499.55,cepstrum,10666.7,13333.3,2.452,normal,0.23,0.7022076710980826,1,-0.0019999999999999983,0.854,-0.7758447894934534,2,0.012
N15_M01_F10_K005_17,K005,none,normal,N15_M01_F10,1499.6,cepstrum,10666.7,13333.3,2.2934,inner_race,0.2,1.0499253407047335,1,-0.0010000000000000009,0.014,2.24702441386433,2,0.011
N15_M01_F10_K005_18,K005,none,normal,N15_M01_F10,1499.62,cepstrum,10666.7,13333.3,2.0886,normal,0.18,1.355445244164204,1,0.0,0.566,-0.35325992221574415,1,0.011
N15_M01_F10_K005_19,K005,none,normal,N15_M01_F10,1499.61,cepstrum,10666.7,13333.3,1.1253,normal,0.396,0.9849812052061303,0,-0.0019999999999999983,0.772,-0.5451670919794989,0,0.011
N15_M01_F10_K005_2,K005,none,normal,N15_M01_F10,1499.67,cepstrum,10666.7,13333.3,2.3421,normal,0.406,0.1393118024373604,0,0.015000000000000003,0.808,-0.8306326143557755,2,0.011
N15_M01_F10_K005_20,K005,none,normal,N15_M01_F10,1499.55,cepstrum,10666.7,13333.3,1.9962,normal,0.75,-0.828938206314926,0,-0.02,0.09,2.3230020951618147,1,0.009999999999999998
N15_M01_F10_K005_3,K005,none,normal,N15_M01_F10,1499.6,cepstrum,10666.7,13333.3,2.0661,normal,0.624,-0.39791544471334006,0,-0.016,0.318,0.5245738870724121,2,-0.009000000000000001
N15_M01_F10_K005_4,K005,none,normal,N15_M01_F10,1499.68,cepstrum,10666.7,13333.3,2.3127,normal,0.166,0.7839910523814564,1,-0.0019999999999999983,0.574,-0.14855898906504728,1,0.009000000000000001
N15_M01_F10_K005_5,K005,none,normal,N15_M01_F10,1499.64,cepstrum,10666.7,13333.3,2.2387,normal,0.508,-0.030632903720799718,0,-0.004,0.054,1.4685434030143265,1,0.011
N15_M01_F10_K005_6,K005,none,normal,N15_M01_F10,1499.56,cepstrum,10666.7,13333.3,2.1678,normal,0.426,0.5273131186265624,0,-0.017,0.068,2.016338138507845,1,0.011
N15_M01_F10_K005_7,K005,none,normal,N15_M01_F10,1499.67,cepstrum,10666.7,13333.3,2.344,normal,0.442,0.21794416310278833,1,-0.0019999999999999983,0.562,-0.1999659417080819,2,0.011
N15_M01_F10_K005_8,K005,none,normal,N15_M01_F10,1499.58,cepstrum,10666.7,13333.3,2.2194,normal,0.448,0.42812048602668684,0,-0.0019999999999999983,0.524,-0.04079353253271712,1,0.011
N15_M01_F10_K005_9,K005,none,normal,N15_M01_F10,1499.61,cepstrum,10666.7,13333.3,2.3588,normal,0.446,0.42802100554480926,0,-0.0010000000000000009,0.152,1.2182231111481374,2,0.011
N15_M01_F10_K006_1,K006,none,normal,N15_M01_F10,1499.67,cepstrum,10666.7,13333.3,2.5135,normal,0.404,0.1191202247939952,1,-0.0019999999999999983,0.386,0.3847358452953018,3,0.009999999999999998
N15_M01_F10_K006_10,K006,none,normal,N15_M01_F10,1499.59,cepstrum,12000.0,14000.0,2.3689,normal,0.26,1.0378174404839824,1,-0.0019999999999999983,0.254,0.6529725677071178,3,0.009999999999999998
N15_M01_F10_K006_11,K006,none,normal,N15_M01_F10,1499.63,cepstrum,10000.0,12000.0,1.5122,normal,0.678,-0.3302286357035788,0,-0.0019999999999999983,0.1,1.362268308668547,2,0.011
N15_M01_F10_K006_12,K006,none,normal,N15_M01_F10,1499.62,cepstrum,10666.7,13333.3,2.0219,normal,0.234,1.2920877396171893,0,-0.0019999999999999983,0.196,1.2294056364782584,1,-0.016
N15_M01_F10_K006_13,K006,none,normal,N15_M01_F10,1499.57,cepstrum,12000.0,14000.0,1.6065,normal,0.142,1.6990438180106606,0,0.0,0.48,0.0846703844139678,3,0.009000000000000001
N15_M01_F10_K006_14,K006,none,normal,N15_M01_F10,1499.59,cepstrum,0.0,2666.7,1.7995,normal,0.432,0.16372300079163318,0,0.011,0.048,2.1954367100447993,0,0.015000000000000003
N15_M01_F10_K006_15,K006,none,normal,N15_M01_F10,1499.61,cepstrum,10666.7,13333.3,1.78,normal,0.606,-0.12185818673096777,0,0.005000000000000001,0.148,1.5984759409468596,1,0.011
N15_M01_F10_K006_16,K006,none,normal,N15_M01_F10,1499.57,cepstrum,12000.0,14000.0,2.8145,normal,0.368,0.39993683332574,1,0.0,0.33,0.669600491554305,1,0.009000000000000001
N15_M01_F10_K006_17,K006,none,normal,N15_M01_F10,1499.58,cepstrum,12000.0,14000.0,2.6797,normal,0.43,0.2991586203673359,0,0.0,0.084,1.8740893498186955,3,0.011
N15_M01_F10_K006_18,K006,none,normal,N15_M01_F10,1499.62,cepstrum,12000.0,14000.0,2.4584,normal,0.518,-0.16425656527489174,1,0.0,0.206,1.028674875115721,1,0.011
N15_M01_F10_K006_19,K006,none,normal,N15_M01_F10,1499.58,cepstrum,10666.7,13333.3,2.4124,normal,0.756,-0.7393354795604161,1,0.0,0.234,1.0048623716131895,1,0.009999999999999998
N15_M01_F10_K006_2,K006,none,normal,N15_M01_F10,1499.62,cepstrum,10666.7,13333.3,2.3763,normal,0.7,-0.5245471272895305,1,0.0,0.506,-0.014230169416927112,1,0.009999999999999998
N15_M01_F10_K006_20,K006,none,normal,N15_M01_F10,1499.6,cepstrum,10666.7,13333.3,2.6291,normal,0.25,1.5265412550930908,1,-0.0010000000000000009,0.22,1.022896602978922,3,0.011
N15_M01_F10_K006_3,K006,none,normal,N15_M01_F10,1499.6,cepstrum,10666.7,13333.3,2.2892,normal,0.424,0.18476660192558486,1,0.0,0.142,1.7430256677569447,3,0.011
N15_M01_F10_K006_4,K006,none,normal,N15_M01_F10,1499.63,cepstrum,10666.7,13333.3,2.7145,normal,0.19,1.078096388630605,1,0.0,0.842,-0.8353308134317082,2,0.009999999999999998
N15_M01_F10_K006_5,K006,none,normal,N15_M01_F10,1499.61,cepstrum,10666.7,13333.3,2.0327,normal,0.67,-0.32694797479418003,1,-0.0010000000000000009,0.144,1.5542494507465927,2,0.009999999999999998
N15_M01_F10_K006_6,K006,none,normal,N15_M01_F10,1499.59,cepstrum,12000.0,14000.0,1.974,normal,0.412,0.1544752587117508,0,-0.017,0.002,3.314332287591135,1,0.011
N15_M01_F10_K006_7,K006,none,normal,N15_M01_F10,1499.53,cepstrum,12000.0,14000.0,2.4255,normal,0.364,0.5534077907279761,1,-0.0019999999999999983,0.144,1.2725832405487567,2,0.011
N15_M01_F10_K006_8,K006,none,normal,N15_M01_F10,1499.62,cepstrum,12000.0,14000.0,2.4782,normal,0.36,0.2866342871008953,1,-0.0010000000000000009,0.044,1.7696381159498997,2,0.009999999999999998
N15_M01_F10_K006_9,K006,none,normal,N15_M01_F10,1499.63,cepstrum,12000.0,14000.0,2.4735,normal,0.3,0.49840693251758117,0,0.0,0.172,0.8399756839920247,3,0.011
N15_M01_F10_KA01_1,KA01,artificial,outer_race,N15_M01_F10,1499.7,cepstrum,8000.0,10666.7,7.2466,outer_race,0.002,10.722945487923036,5,0.0010000000000000009,0.674,-0.49878258469597725,3,-0.02
N15_M01_F10_KA01_10,KA01,artificial,outer_race,N15_M01_F10,1499.68,cepstrum,8000.0,10666.7,6.9996,outer_race,0.002,10.271478643911609,5,0.0010000000000000009,0.56,-0.32333622834125847,3,-0.009000000000000001
N15_M01_F10_KA01_11,KA01,artificial,outer_race,N15_M01_F10,1499.48,cepstrum,8000.0,10666.7,7.7691,outer_race,0.002,5.307778133521714,5,0.0010000000000000009,0.708,-0.5786215811361352,3,-0.009000000000000001
N15_M01_F10_KA01_12,KA01,artificial,outer_race,N15_M01_F10,1500.17,cepstrum,8000.0,10666.7,7.1699,outer_race,0.002,7.088732819455284,5,0.0010000000000000009,0.812,-0.8651161336213166,3,-0.02
N15_M01_F10_KA01_13,KA01,artificial,outer_race,N15_M01_F10,1499.74,cepstrum,2666.7,5333.3,7.4687,outer_race,0.002,9.131969656751881,5,0.002999999999999999,0.93,-0.999768981790872,2,-0.019
N15_M01_F10_KA01_14,KA01,artificial,outer_race,N15_M01_F10,1499.69,cepstrum,8000.0,10666.7,7.9153,outer_race,0.002,10.394934927537566,5,0.0010000000000000009,0.538,-0.1773823361992444,3,-0.019
N15_M01_F10_KA01_15,KA01,artificial,outer_race,N15_M01_F10,1499.14,cepstrum,8000.0,10666.7,7.6729,outer_race,0.002,13.44196407925305,5,0.0019999999999999983,0.808,-0.7455616613932091,2,-0.01
N15_M01_F10_KA01_16,KA01,artificial,outer_race,N15_M01_F10,1499.48,cepstrum,8000.0,10666.7,7.2676,outer_race,0.002,7.189537249080774,5,0.0,0.84,-0.8126402324496024,3,-0.019
N15_M01_F10_KA01_17,KA01,artificial,outer_race,N15_M01_F10,1499.43,cepstrum,8000.0,10666.7,7.3884,outer_race,0.002,7.962971235334968,5,0.0019999999999999983,0.816,-0.8407856032068539,3,-0.02
N15_M01_F10_KA01_18,KA01,artificial,outer_race,N15_M01_F10,1499.6,cepstrum,8000.0,10666.7,8.2554,outer_race,0.002,11.48432333765548,5,0.0019999999999999983,0.662,-0.48426896657695245,2,-0.008
N15_M01_F10_KA01_19,KA01,artificial,outer_race,N15_M01_F10,1499.74,cepstrum,8000.0,10666.7,7.3086,outer_race,0.002,4.500298207573622,5,0.0019999999999999983,0.616,-0.4288425809273192,3,-0.009000000000000001
N15_M01_F10_KA01_2,KA01,artificial,outer_race,N15_M01_F10,1499.73,cepstrum,8000.0,10666.7,7.1078,outer_race,0.002,13.719322288027211,5,0.0010000000000000009,0.782,-0.700725922395475,0,-0.008
N15_M01_F10_KA01_20,KA01,artificial,outer_race,N15_M01_F10,1500.3,cepstrum,8000.0,10666.7,7.0748,outer_race,0.002,5.0124880072730695,5,0.0010000000000000009,0.702,-0.4770070856529939,3,-0.02
N15_M01_F10_KA01_3,KA01,artificial,outer_race,N15_M01_F10,1499.46,cepstrum,8000.0,10666.7,7.6432,outer_race,0.002,15.761432441319105,5,0.0019999999999999983,0.686,-0.6320139779720093,0,0.008
N15_M01_F10_KA01_4,KA01,artificial,outer_race,N15_M01_F10,1499.68,cepstrum,8000.0,10666.7,7.0453,outer_race,0.002,7.218642740440096,5,0.0010000000000000009,0.806,-0.8203698389500943,3,-0.019
N15_M01_F10_KA01_5,KA01,artificial,outer_race,N15_M01_F10,1499.89,cepstrum,8000.0,10666.7,6.9558,outer_race,0.002,11.231865983896366,5,-0.0010000000000000009,0.704,-0.45822051182043516,1,-0.008
N15_M01_F10_KA01_6,KA01,artificial,outer_race,N15_M01_F10,1499.76,cepstrum,8000.0,10666.7,7.0819,outer_race,0.002,11.069066904143249,5,0.0010000000000000009,0.688,-0.597525910568475,3,-0.009000000000000001
N15_M01_F10_KA01_7,KA01,artificial,outer_race,N15_M01_F10,1499.77,cepstrum,8000.0,10666.7,6.9806,outer_race,0.002,14.395190940436148,5,0.0,0.788,-0.7175965210141728,3,-0.009000000000000001
N15_M01_F10_KA01_8,KA01,artificial,outer_race,N15_M01_F10,1499.42,cepstrum,8000.0,10666.7,7.775,outer_race,0.002,5.984560430766895,5,0.0019999999999999983,0.826,-0.880971325789818,2,-0.019
N15_M01_F10_KA01_9,KA01,artificial,outer_race,N15_M01_F10,1499.13,cepstrum,8000.0,10666.7,7.1431,outer_race,0.002,10.304161146527635,5,0.0,0.768,-0.7399349221632088,0,0.012
N15_M01_F10_KA03_1,KA03,artificial,outer_race,N15_M01_F10,1499.73,cepstrum,12000.0,14000.0,2.0001,normal,0.678,-0.3996735697471138,0,-0.008,0.402,0.41280716096457765,0,0.009999999999999998
N15_M01_F10_KA03_10,KA03,artificial,outer_race,N15_M01_F10,1499.53,cepstrum,12000.0,14000.0,2.1057,normal,0.55,-0.1250824561792432,0,0.006999999999999999,0.766,-0.5518972888955151,1,-0.002999999999999999
N15_M01_F10_KA03_11,KA03,artificial,outer_race,N15_M01_F10,1499.64,cepstrum,12000.0,14000.0,2.1498,normal,0.57,-0.13022391078610493,0,0.015000000000000003,0.624,-0.3181028860308559,0,-0.005000000000000001
N15_M01_F10_KA03_12,KA03,artificial,outer_race,N15_M01_F10,1499.67,cepstrum,12000.0,14000.0,2.2449,normal,0.808,-0.7362211048517033,0,-0.004,0.472,0.11520260735139701,0,0.005000000000000001
N15_M01_F10_KA03_13,KA03,artificial,outer_race,N15_M01_F10,1499.6,cepstrum,12000.0,14000.0,1.9262,normal,0.78,-1.0111057727772448,0,-0.018000000000000002,0.63,-0.38059578055503274,0,0.009999999999999998
N15_M01_F10_KA03_14,KA03,artificial,outer_race,N15_M01_F10,1499.7,cepstrum,12000.0,14000.0,2.1482,normal,0.714,-0.6061611199959456,0,-0.017,0.474,0.10648220713467096,0,0.009999999999999998
N15_M01_F10_KA03_15,KA03,artificial,outer_race,N15_M01_F10,1499.48,cepstrum,12000.0,14000.0,2.7728,normal,0.588,-0.2681922859100858,0,-0.019,0.906,-1.1380954241503871,0,0.011
N15_M01_F10_KA03_16,KA03,artificial,outer_race,N15_M01_F10,1499.61,cepstrum,12000.0,14000.0,2.2752,normal,0.87,-0.9638849976743628,0,0.015000000000000003,0.942,-1.271143140346907,1,0.009999999999999998
N15_M01_F10_KA03_17,KA03,artificial,outer_race,N15_M01_F10,1499.51,cepstrum,12000.0,14000.0,1.9448,normal,0.674,-0.34078173253687283,0,0.008,0.924,-1.2189879876799001,1,-0.01
N15_M01_F10_KA03_18,KA03,artificial,outer_race,N15_M01_F10,1499.62,cepstrum,12000.0,14000.0,2.172,normal,0.806,-0.7509272756480535,0,0.0,0.5,0.007618477812537648,0,0.009999999999999998
N15_M01_F10_KA03_19,KA03,artificial,outer_race,N15_M01_F10,1499.58,cepstrum,12000.0,14000.0,2.4497,normal,0.334,0.46634652883572353,0,0.016000000000000004,0.974,-1.2227462424101299,0,0.009999999999999998
N15_M01_F10_KA03_2,KA03,artificial,outer_race,N15_M01_F10,1499.61,cepstrum,12000.0,14000.0,1.9444,normal,0.592,-0.3211703283732692,0,-0.018000000000000002,0.524,-0.09751184358685576,1,-0.016
N15_M01_F10_KA03_20,KA03,artificial,outer_race,N15_M01_F10,1499.64,cepstrum,12000.0,14000.0,2.1229,normal,0.862,-1.015024277512332,0,-0.0019999999999999983,0.594,-0.31841780886903165,0,0.011
N15_M01_F10_KA03_3,KA03,artificial,outer_race,N15_M01_F10,1499.71,cepstrum,12000.0,14000.0,2.2692,normal,0.76,-0.37400073269441153,0,0.0010000000000000009,0.584,-0.21569321963599938,0,0.011
N15_M01_F10_KA03_4,KA03,artificial,outer_race,N15_M01_F10,1499.42,cepstrum,12000.0,14000.0,1.8111,normal,0.584,-0.13200277503107494,0,-0.008,0.56,-0.13808769888362182,0,0.0
N15_M01_F10_KA03_5,KA03,artificial,outer_race,N15_M01_F10,1499.58,cepstrum,12000.0,14000.0,2.3766,normal,0.694,-0.8731569080650915,0,0.016000000000000004,0.772,-0.7445116415496843,1,-0.0019999999999999983
N15_M01_F10_KA03_6,KA03,artificial,outer_race,N15_M01_F10,1499.63,cepstrum,12000.0,14000.0,2.0784,normal,0.908,-1.1835161193101944,0,-0.017,0.61,-0.41785281881033415,1,-0.009000000000000001
N15_M01_F10_KA03_7,KA03,artificial,outer_race,N15_M01_F10,1499.56,cepstrum,12000.0,14000.0,1.6432,normal,0.424,0.157121956927704,0,-0.018000000000000002,0.488,0.007829060773927195,0,0.012
N15_M01_F10_KA03_8,KA03,artificial,outer_race,N15_M01_F10,1499.68,cepstrum,12000.0,14000.0,2.0569,normal,0.84,-1.2800430530603097,0,0.016000000000000004,0.506,-0.03358722213293425,0,0.009999999999999998
N15_M01_F10_KA03_9,KA03,artificial,outer_race,N15_M01_F10,1499.59,cepstrum,12000.0,14000.0,1.9282,normal,0.316,0.2437070093327453,0,-0.0010000000000000009,0.714,-0.5245509398876249,1,-0.009000000000000001
N15_M01_F10_KA04_1,KA04,real,outer_race,N15_M01_F10,1499.69,cepstrum,8000.0,10666.7,3.2264,outer_race,0.002,14.302924970714056,5,-0.0019999999999999983,0.63,-0.4096718230717983,1,0.02
N15_M01_F10_KA04_10,KA04,real,outer_race,N15_M01_F10,1499.66,cepstrum,8000.0,10666.7,4.4232,outer_race,0.002,6.026249687918551,5,-0.0010000000000000009,0.586,-0.0911009058332569,2,0.02
N15_M01_F10_KA04_11,KA04,real,outer_race,N15_M01_F10,1499.66,cepstrum,8000.0,10666.7,4.366,outer_race,0.002,10.446099755460343,5,-0.0010000000000000009,0.65,-0.3056665672822134,1,-0.013000000000000001
N15_M01_F10_KA04_12,KA04,real,outer_race,N15_M01_F10,1499.66,cepstrum,8000.0,10666.7,4.8082,outer_race,0.002,15.93498820936773,5,0.0,0.81,-0.5185154840312821,3,0.02
N15_M01_F10_KA04_13,KA04,real,outer_race,N15_M01_F10,1499.6,cepstrum,8000.0,10666.7,4.5311,outer_race,0.002,8.38379678210497,5,-0.0019999999999999983,0.632,-0.20898439768196306,2,0.019
N15_M01_F10_KA04_14,KA04,real,outer_race,N15_M01_F10,1499.66,cepstrum,8000.0,10666.7,4.7254,outer_race,0.002,7.596294756279423,5,-0.0010000000000000009,0.602,-0.26056664341299535,3,-0.012
N15_M01_F10_KA04_15,KA04,real,outer_race,N15_M01_F10,1499.62,cepstrum,8000.0,10666.7,5.105,outer_race,0.002,12.27517028671976,5,-0.0010000000000000009,0.65,-0.4539187200185484,2,-0.013000000000000001
N15_M01_F10_KA04_16,KA04,real,outer_race,N15_M01_F10,1499.49,cepstrum,8000.0,10666.7,5.0354,outer_race,0.002,14.232159897364724,5,-0.0010000000000000009,0.522,-0.035662484783072004,3,0.02
N15_M01_F10_KA04_17,KA04,real,outer_race,N15_M01_F10,1499.74,cepstrum,8000.0,10666.7,4.7123,outer_race,0.002,18.192973444275083,5,-0.0010000000000000009,0.682,-0.5561491030505773,3,-0.013000000000000001
N15_M01_F10_KA04_18,KA04,real,outer_race,N15_M01_F10,1499.66,cepstrum,8000.0,10666.7,5.1131,outer_race,0.002,11.796246309859807,5,-0.0010000000000000009,0.604,-0.3496634841866344,2,0.02
N15_M01_F10_KA04_19,KA04,real,outer_race,N15_M01_F10,1499.62,cepstrum,8000.0,10666.7,4.7712,outer_race,0.002,9.792039347615745,5,-0.0010000000000000009,0.488,0.1497758307777284,2,0.02
N15_M01_F10_KA04_2,KA04,real,outer_race,N15_M01_F10,1499.5,cepstrum,8000.0,10666.7,3.3766,outer_race,0.002,8.00874160488573,5,-0.0010000000000000009,0.66,-0.5234489330234551,2,-0.013000000000000001
N15_M01_F10_KA04_20,KA04,real,outer_race,N15_M01_F10,1499.74,cepstrum,8000.0,10666.7,4.2939,outer_race,0.002,10.816749907768859,5,-0.0010000000000000009,0.726,-0.5430208787640287,3,0.02
N15_M01_F10_KA04_3,KA04,real,outer_race,N15_M01_F10,1499.56,cepstrum,8000.0,10666.7,3.0939,outer_race,0.002,12.37742931171039,5,-0.0010000000000000009,0.766,-0.6761191962467691,2,-0.013000000000000001
N15_M01_F10_KA04_4,KA04,real,outer_race,N15_M01_F10,1499.58,cepstrum,8000.0,10666.7,3.5902,outer_race,0.002,9.257575300694475,5,-0.0010000000000000009,0.632,-0.280556794756996,2,0.02
N15_M01_F10_KA04_5,KA04,real,outer_race,N15_M01_F10,1499.63,cepstrum,8000.0,10666.7,4.1279,outer_race,0.002,14.710426141195054,5,-0.0010000000000000009,0.646,-0.39512634654887707,4,-0.012
N15_M01_F10_KA04_6,KA04,real,outer_race,N15_M01_F10,1499.59,cepstrum,8000.0,10666.7,3.3543,outer_race,0.002,20.042137293191665,5,-0.0010000000000000009,0.666,-0.345485696312337,1,0.02
N15_M01_F10_KA04_7,KA04,real,outer_race,N15_M01_F10,1499.63,cepstrum,8000.0,10666.7,4.4201,outer_race,0.002,5.9502157645498235,5,0.0,0.8,-0.6354275319509874,4,-0.012
N15_M01_F10_KA04_8,KA04,real,outer_race,N15_M01_F10,1499.54,cepstrum,0.0,2000.0,4.6136,normal,0.006,1.9503736785872046,0,0.006000000000000002,0.912,-1.185631344479335,0,0.0010000000000000009
N15_M01_F10_KA04_9,KA04,real,outer_race,N15_M01_F10,1499.5,cepstrum,8000.0,10666.7,4.4927,outer_race,0.002,9.711601173174953,5,-0.0010000000000000009,0.648,-0.5322844733369939,2,0.019
N15_M01_F10_KA05_1,KA05,artificial,outer_race,N15_M01_F10,1499.67,cepstrum,10666.7,13333.3,4.4327,normal,0.238,0.7661404756687669,1,-0.0019999999999999983,0.258,0.8815648396753626,1,-0.0010000000000000009
N15_M01_F10_KA05_10,KA05,artificial,outer_race,N15_M01_F10,1499.59,cepstrum,10666.7,13333.3,4.489,normal,0.592,-0.07812357780912252,0,-0.0019999999999999983,0.408,0.22719413072268752,1,0.012
N15_M01_F10_KA05_11,KA05,artificial,outer_race,N15_M01_F10,1499.56,cepstrum,12000.0,14000.0,4.2378,normal,0.76,-0.5329783161034614,0,0.015000000000000003,0.414,0.2917702147146591,1,0.008
N15_M01_F10_KA05_12,KA05,artificial,outer_race,N15_M01_F10,1499.4,cepstrum,10666.7,13333.3,4.6053,normal,0.558,-0.2242874403695481,0,0.02,0.394,0.42588915032580327,1,-0.008
N15_M01_F10_KA05_13,KA05,artificial,outer_race,N15_M01_F10,1499.56,cepstrum,10666.7,13333.3,6.6768,normal,0.748,-0.638987731510444,1,-0.0019999999999999983,0.89,-1.5100527621598137,0,0.002999999999999999
N15_M01_F10_KA05_14,KA05,artificial,outer_race,N15_M01_F10,1499.6,cepstrum,10666.7,13333.3,4.0994,normal,0.928,-0.8785574397015414,0,0.015000000000000003,0.37,0.5119031159850401,2,0.012
N15_M01_F10_KA05_15,KA05,artificial,outer_race,N15_M01_F10,1499.6,cepstrum,12000.0,14000.0,6.925,normal,0.53,-0.0908774447123962,1,-0.0010000000000000009,0.818,-0.7959635737627467,1,0.012
N15_M01_F10_KA05_16,KA05,artificial,outer_race,N15_M01_F10,1499.63,cepstrum,10666.7,13333.3,4.0448,normal,0.79,-0.7094354850459574,1,-0.0010000000000000009,0.25,0.7075959335321235,2,0.012
N15_M01_F10_KA05_17,KA05,artificial,outer_race,N15_M01_F10,1499.64,cepstrum,10666.7,13333.3,4.6494,normal,0.368,0.13383888106109043,0,0.015000000000000003,0.688,-0.4566273247466245,2,0.012
N15_M01_F10_KA05_18,KA05,artificial,outer_race,N15_M01_F10,1499.74,cepstrum,10666.7,13333.3,4.1186,normal,0.616,-0.24412100932952094,0,-0.0010000000000000009,0.052,2.3275258222368946,2,0.012
N15_M01_F10_KA05_19,KA05,artificial,outer_race,N15_M01_F10,1499.59,cepstrum,10666.7,13333.3,5.3411,normal,0.334,0.7162715366109815,1,-0.0010000000000000009,0.97,-1.7188945206857298,0,0.0019999999999999983
N15_M01_F10_KA05_2,KA05,artificial,outer_race,N15_M01_F10,1499.62,cepstrum,10000.0,12000.0,4.8033,normal,0.95,-1.0849614140522181,0,0.0,0.866,-0.7892802879098076,2,0.011
N15_M01_F10_KA05_20,KA05,artificial,outer_race,N15_M01_F10,1499.6,cepstrum,10666.7,13333.3,5.6687,normal,0.924,-1.1487431897076334,1,-0.0010000000000000009,0.228,0.550239365748561,2,0.013000000000000001
N15_M01_F10_KA05_3,KA05,artificial,outer_race,N15_M01_F10,1499.49,cepstrum,10666.7,13333.3,4.1936,normal,0.546,-0.12235301873375541,1,0.0010000000000000009,0.198,1.193302109664943,1,0.006000000000000002
N15_M01_F10_KA05_4,KA05,artificial,outer_race,N15_M01_F10,1499.54,cepstrum,10666.7,13333.3,5.3336,normal,0.622,-0.17649398435753824,0,0.0,0.052,1.261431321549313,2,0.009000000000000001
N15_M01_F10_KA05_5,KA05,artificial,outer_race,N15_M01_F10,1499.61,cepstrum,10666.7,13333.3,4.1595,normal,0.376,0.8809830948327283,0,0.0,0.416,0.2940100918248071,2,0.012
N15_M01_F10_KA05_6,KA05,artificial,outer_race,N15_M01_F10,1499.41,cepstrum,10666.7,13333.3,4.0862,normal,0.422,0.3987295332483828,0,0.013000000000000001,0.402,0.37158299921711274,2,0.0
N15_M01_F10_KA05_7,KA05,artificial,outer_race,N15_M01_F10,1499.69,cepstrum,12000.0,14000.0,4.4477,normal,0.782,-0.6272110052214462,0,-0.018000000000000002,0.456,0.18622675405053657,2,0.013000000000000001
N15_M01_F10_KA05_8,KA05,artificial,outer_race,N15_M01_F10,1499.51,cepstrum,10666.7,13333.3,4.6642,normal,0.51,-0.008409353650090127,1,0.02,0.402,0.22350625117976972,2,0.013000000000000001
N15_M01_F10_KA05_9,KA05,artificial,outer_race,N15_M01_F10,1499.68,cepstrum,12000.0,14000.0,4.07,normal,0.84,-0.6149921259658954,0,0.02,0.422,0.17608915441171782,1,0.0
N15_M01_F10_KA06_1,KA06,artificial,outer_race,N15_M01_F10,1499.43,cepstrum,12000.0,14000.0,4.9086,normal,0.738,-0.5128563152055086,1,-0.0019999999999999983,0.288,0.9824462210260995,1,0.0
N15_M01_F10_KA06_10,KA06,artificial,outer_race,N15_M01_F10,1499.37,cepstrum,12000.0,14000.0,4.5638,normal,0.71,-0.41829435217022204,0,0.016000000000000004,0.544,-0.14835330970835653,1,0.012
N15_M01_F10_KA06_11,KA06,artificial,outer_race,N15_M01_F10,1499.5,cepstrum,12000.0,14000.0,3.5709,normal,0.328,0.48674030067915064,0,-0.0010000000000000009,0.382,0.40015631854568656,1,-0.0019999999999999983
N15_M01_F10_KA06_12,KA06,artificial,outer_race,N15_M01_F10,1499.49,cepstrum,12000.0,14000.0,4.8495,normal,0.848,-1.1820682066422523,0,0.02,0.312,0.642556272277327,0,0.005000000000000001
N15_M01_F10_KA06_13,KA06,artificial,outer_race,N15_M01_F10,1499.89,cepstrum,12000.0,14000.0,4.1061,normal,0.458,0.0810713922587267,0,-0.002999999999999999,0.474,0.03685936820009222,2,0.012
N15_M01_F10_KA06_14,KA06,artificial,outer_race,N15_M01_F10,1500.03,cepstrum,12000.0,14000.0,4.4146,normal,0.286,1.2369309110980669,1,0.0,0.636,-0.40006297274877184,1,-0.0010000000000000009
N15_M01_F10_KA06_15,KA06,artificial,outer_race,N15_M01_F10,1499.36,cepstrum,12000.0,14000.0,4.0073,normal,0.372,0.17015765149804252,0,0.016000000000000004,0.852,-0.9833445774594922,2,0.012
N15_M01_F10_KA06_16,KA06,artificial,outer_race,N15_M01_F10,1500.01,cepstrum,10666.7,13333.3,3.8571,normal,0.488,0.08523813765050878,0,0.0,0.372,0.5502772028812484,2,0.012
N15_M01_F10_KA06_17,KA06,artificial,outer_race,N15_M01_F10,1499.49,cepstrum,12000.0,14000.0,3.3893,normal,0.824,-0.5633120341172636,0,-0.018000000000000002,0.36,0.45021902212918297,2,0.012
N15_M01_F10_KA06_18,KA06,artificial,outer_race,N15_M01_F10,1499.29,cepstrum,10666.7,13333.3,3.2958,normal,0.484,0.10536982556219118,0,0.0,0.344,0.2579824227795509,0,0.016000000000000004
N15_M01_F10_KA06_19,KA06,artificial,outer_race,N15_M01_F10,1499.8,cepstrum,10666.7,13333.3,3.2364,normal,0.272,0.8589255458719312,0,0.0019999999999999983,0.33,0.6374055380101002,2,0.012
N15_M01_F10_KA06_2,KA06,artificial,outer_race,N15_M01_F10,1499.95,cepstrum,10666.7,13333.3,4.4194,normal,0.236,0.9405415269995688,0,-0.0010000000000000009,0.88,-0.8803178409527245,1,0.012
N15_M01_F10_KA06_20,KA06,artificial,outer_race,N15_M01_F10,1499.62,cepstrum,12000.0,14000.0,4.7483,normal,0.598,-0.1362276494402056,0,0.02,0.936,-1.1173871168593816,1,0.012
N15_M01_F10_KA06_3,KA06,artificial,outer_race,N15_M01_F10,1499.65,cepstrum,12000.0,14000.0,3.5074,normal,0.38,0.29566562430424975,0,0.0010000000000000009,0.692,-0.5024782568456424,1,-0.009000000000000001
N15_M01_F10_KA06_4,KA06,artificial,outer_race,N15_M01_F10,1499.67,cepstrum,12000.0,14000.0,3.3333,normal,0.728,-0.68049108877101,0,-0.0010000000000000009,0.61,-0.17961074973232233,0,-0.006
N15_M01_F10_KA06_5,KA06,artificial,outer_race,N15_M01_F10,1499.69,cepstrum,12000.0,14000.0,3.7539,normal,0.31,0.6513659321252141,1,-0.0010000000000000009,0.216,1.7140530465059267,1,0.012
N15_M01_F10_KA06_6,KA06,artificial,outer_race,N15_M01_F10,1499.43,cepstrum,10666.7,13333.3,3.8814,normal,0.378,1.1952870625532046,0,0.0010000000000000009,0.662,-0.43887133899651515,3,0.012
N15_M01_F10_KA06_7,KA06,artificial,outer_race,N15_M01_F10,1499.5,cepstrum,10666.7,13333.3,3.6165,normal,0.506,-0.009876400047206607,1,0.0019999999999999983,0.906,-1.0466411563157036,2,0.013000000000000001
N15_M01_F10_KA06_8,KA06,artificial,outer_race,N15_M01_F10,1499.61,cepstrum,10666.7,13333.3,4.8106,normal,0.4,0.4942166819543173,1,0.0,0.534,-0.04338521512787126,2,0.012
N15_M01_F10_KA06_9,KA06,artificial,outer_race,N15_M01_F10,1499.36,cepstrum,12000.0,14000.0,3.6443,normal,0.846,-0.7080293414651191,0,0.0,0.52,-0.029285227392061807,1,-0.008
N15_M01_F10_KA07_1,KA07,artificial,outer_race,N15_M01_F10,1499.22,cepstrum,10666.7,13333.3,3.4939,normal,0.648,-0.16306172072893035,1,0.0,0.282,1.2603776578957588,0,0.015000000000000003
N15_M01_F10_KA07_10,KA07,artificial,outer_race,N15_M01_F10,1499.58,cepstrum,10666.7,13333.3,3.6708,normal,0.636,-0.29559545603317516,1,0.0,0.332,0.6612304959265881,2,0.014000000000000002
N15_M01_F10_KA07_11,KA07,artificial,outer_race,N15_M01_F10,1499.62,cepstrum,10666.7,13333.3,4.5093,normal,0.528,-0.09721149603880537,1,-0.0010000000000000009,0.054,3.0688558172907605,1,0.011
N15_M01_F10_KA07_12,KA07,artificial,outer_race,N15_M01_F10,1499.46,cepstrum,10666.7,13333.3,3.7831,normal,0.768,-0.24537599353282985,1,0.0019999999999999983,0.476,0.04444220327260613,1,0.012
N15_M01_F10_KA07_13,KA07,artificial,outer_race,N15_M01_F10,1499.86,cepstrum,10666.7,13333.3,4.5547,normal,0.784,-0.6238824202801159,0,-0.018000000000000002,0.178,1.0118561530070003,1,0.009999999999999998
N15_M01_F10_KA07_14,KA07,artificial,outer_race,N15_M01_F10,1499.56,cepstrum,10666.7,13333.3,5.0178,normal,0.504,-0.0034874016118165347,1,-0.0010000000000000009,0.536,-0.08307698176103127,1,0.008
N15_M01_F10_KA07_15,KA07,artificial,outer_race,N15_M01_F10,1499.63,cepstrum,12000.0,14000.0,4.7462,normal,0.388,0.8378398582142346,1,-0.0010000000000000009,0.53,-0.12086646128520397,2,0.012
N15_M01_F10_KA07_16,KA07,artificial,outer_race,N15_M01_F10,1499.74,cepstrum,10666.7,13333.3,3.5558,normal,0.708,-0.413780751147379,0,0.015000000000000003,0.29,1.1678794541645456,2,0.012
N15_M01_F10_KA07_17,KA07,artificial,outer_race,N15_M01_F10,1499.53,cepstrum,10666.7,13333.3,3.505,normal,0.742,-0.43019164829578765,1,0.0,0.156,1.417511849224309,2,0.009999999999999998
N15_M01_F10_KA07_18,KA07,artificial,outer_race,N15_M01_F10,1499.62,cepstrum,10666.7,13333.3,4.2439,normal,0.694,-0.3282150357272589,1,0.0,0.032,2.3726284668700766,2,0.012
N15_M01_F10_KA07_19,KA07,artificial,outer_race,N15_M01_F10,1499.48,cepstrum,12000.0,14000.0,4.33,normal,0.642,-0.22057228306558851,1,0.0010000000000000009,0.038,2.5628152593815146,1,0.011
N15_M01_F10_KA07_2,KA07,artificial,outer_race,N15_M01_F10,1499.65,cepstrum,10666.7,13333.3,3.8901,normal,0.464,0.2472514814874521,1,0.0010000000000000009,0.196,0.8799499587825638,2,0.011
N15_M01_F10_KA07_20,KA07,artificial,outer_race,N15_M01_F10,1499.53,cepstrum,10666.7,13333.3,4.8785,normal,0.342,0.7190761206216986,2,0.0,0.642,-0.3627431286782663,2,0.011
N15_M01_F10_KA07_3,KA07,artificial,outer_race,N15_M01_F10,1499.47,cepstrum,10666.7,13333.3,3.5255,inner_race,0.32,0.30507500446352354,1,0.0,0.01,1.70645415849208,2,0.011
N15_M01_F10_KA07_4,KA07,artificial,outer_race,N15_M01_F10,1499.65,cepstrum,12000.0,14000.0,5.8551,normal,0.826,-0.7423131936809195,1,0.0,0.672,-0.5454909290769265,1,-0.0010000000000000009
N15_M01_F10_KA07_5,KA07,artificial,outer_race,N15_M01_F10,1499.58,cepstrum,10666.7,13333.3,4.2476,normal,0.568,-0.3580162387804189,1,-0.0019999999999999983,0.264,0.723430911636619,2,0.009000000000000001
N15_M01_F10_KA07_6,KA07,artificial,outer_race,N15_M01_F10,1499.58,cepstrum,10666.7,13333.3,4.6827,normal,0.612,-0.37795916836217475,1,-0.0010000000000000009,0.494,0.013577545667085815,1,0.009999999999999998
N15_M01_F10_KA07_7,KA07,artificial,outer_race,N15_M01_F10,1499.7,cepstrum,10666.7,13333.3,4.4757,normal,0.386,0.3364651752971884,1,-0.0019999999999999983,0.522,-0.05302325324189771,2,0.009999999999999998
N15_M01_F10_KA07_8,KA07,artificial,outer_race,N15_M01_F10,1499.66,cepstrum,10666.7,13333.3,4.2301,normal,0.83,-0.7362702004034611,1,-0.019,0.794,-0.6133701314106142,1,-0.016
N15_M01_F10_KA07_9,KA07,artificial,outer_race,N15_M01_F10,1499.45,cepstrum,12000.0,14000.0,4.7509,normal,0.812,-0.6083493961987084,1,-0.0010000000000000009,0.302,0.630305473629749,1,0.011
N15_M01_F10_KA08_1,KA08,artificial,outer_race,N15_M01_F10,1499.65,cepstrum,12000.0,14000.0,4.7031,normal,0.714,-0.433913282614835,1,-0.0010000000000000009,0.536,-0.06917768731103349,1,-0.005000000000000001
N15_M01_F10_KA08_10,KA08,artificial,outer_race,N15_M01_F10,1499.64,cepstrum,10666.7,13333.3,4.3478,normal,0.934,-0.9784057415606273,0,0.0,0.538,-0.1464617225881826,1,-0.006
N15_M01_F10_KA08_11,KA08,artificial,outer_race,N15_M01_F10,1499.58,cepstrum,10666.7,13333.3,3.7151,normal,0.352,0.231808407311341,1,-0.0010000000000000009,0.474,0.1297074787389784,2,0.013000000000000001
N15_M01_F10_KA08_12,KA08,artificial,outer_race,N15_M01_F10,1499.67,cepstrum,10666.7,13333.3,3.5432,normal,0.92,-0.9943184668937177,1,0.0019999999999999983,0.384,0.26676757830719067,1,0.0010000000000000009
N15_M01_F10_KA08_13,KA08,artificial,outer_race,N15_M01_F10,1499.54,cepstrum,12000.0,14000.0,3.4758,normal,0.572,-0.03987763650665254,1,0.0,0.37,0.4436911365230051,1,0.0
N15_M01_F10_KA08_14,KA08,artificial,outer_race,N15_M01_F10,1499.57,cepstrum,10666.7,13333.3,3.6708,normal,0.896,-0.8533203034162086,1,-0.0010000000000000009,0.174,0.9761667019855079,1,0.011
N15_M01_F10_KA08_15,KA08,artificial,outer_race,N15_M01_F10,1499.96,cepstrum,10666.7,13333.3,3.7195,normal,0.42,0.24680202959309905,1,0.0,0.452,0.30621044919830936,1,-0.014
N15_M01_F10_KA08_16,KA08,artificial,outer_race,N15_M01_F10,1499.51,cepstrum,12000.0,14000.0,3.7944,normal,0.702,-0.31466197801928436,0,-0.018000000000000002,0.25,0.8534883185806369,1,0.0
N15_M01_F10_KA08_17,KA08,artificial,outer_race,N15_M01_F10,1499.53,cepstrum,12000.0,14000.0,3.5703,normal,0.758,-0.6059580844011601,1,0.0,0.234,1.3202019481855147,0,-0.01
N15_M01_F10_KA08_18,KA08,artificial,outer_race,N15_M01_F10,1499.85,cepstrum,10666.7,13333.3,4.9002,normal,0.512,-0.11160154055921424,1,0.0,0.512,-0.006487702442802552,1,0.0
N15_M01_F10_KA08_19,KA08,artificial,outer_race,N15_M01_F10,1499.76,cepstrum,10666.7,13333.3,4.261,normal,0.354,0.19280162416885216,1,0.0,0.408,0.22248314300142538,2,0.0
N15_M01_F10_KA08_20,KA08,artificial,outer_race,N15_M01_F10,1499.44,cepstrum,10666.7,13333.3,3.4201,normal,0.88,-0.681432331974511,1,0.0010000000000000009,0.236,1.1300832388104507,2,0.014000000000000002
N15_M01_F10_KA08_3,KA08,artificial,outer_race,N15_M01_F10,1499.8,cepstrum,12000.0,14000.0,4.7869,normal,0.786,-1.1699127210617208,1,0.0,0.182,0.699050084805135,2,0.0
N15_M01_F10_KA08_4,KA08,artificial,outer_race,N15_M01_F10,1499.64,cepstrum,10666.7,13333.3,3.4563,normal,0.542,-0.12074603684910128,1,0.0019999999999999983,0.152,1.8895177723743353,2,0.008
N15_M01_F10_KA08_5,KA08,artificial,outer_race,N15_M01_F10,1499.49,cepstrum,10666.7,13333.3,5.019,normal,0.71,-0.4759588226434892,1,-0.0010000000000000009,0.184,1.0231503545346465,1,0.0
N15_M01_F10_KA08_6,KA08,artificial,outer_race,N15_M01_F10,1499.64,cepstrum,10666.7,13333.3,3.6155,normal,0.938,-1.0941442302256714,1,0.0,0.186,1.290672157888054,2,0.0
N15_M01_F10_KA08_7,KA08,artificial,outer_race,N15_M01_F10,1499.65,cepstrum,10666.7,13333.3,4.3357,normal,0.496,0.004098008880462624,1,0.0,0.178,1.1053523425186016,2,0.0
N15_M01_F10_KA08_8,KA08,artificial,outer_race,N15_M01_F10,1499.56,cepstrum,10666.7,13333.3,3.3995,inner_race,0.664,-0.24812679425517414,0,-0.018000000000000002,0.002,4.193184482327933,2,0.009999999999999998
N15_M01_F10_KA08_9,KA08,artificial,outer_race,N15_M01_F10,1499.51,cepstrum,10666.7,13333.3,5.3087,normal,0.79,-0.5084644736827955,1,0.0,0.742,-0.650489891997167,1,0.0
N15_M01_F10_KA09_1,KA09,artificial,outer_race,N15_M01_F10,1499.8,cepstrum,10666.7,13333.3,3.2892,normal,0.47,0.08103717092958834,1,-0.0010000000000000009,0.286,0.7801667310209237,3,0.012
N15_M01_F10_KA09_10,KA09,artificial,outer_race,N15_M01_F10,1499.6,cepstrum,12000.0,14000.0,3.2377,normal,0.548,-0.47210574455208865,1,0.0,0.102,2.0588982400903744,3,0.011
N15_M01_F10_KA09_11,KA09,artificial,outer_race,N15_M01_F10,1500.29,cepstrum,10666.7,13333.3,3.5196,normal,0.55,-0.06542628917780717,0,0.016999999999999998,0.11,1.8438550698475988,3,0.012
N15_M01_F10_KA09_12,KA09,artificial,outer_race,N15_M01_F10,1499.13,cepstrum,10666.7,13333.3,4.0906,normal,0.552,-0.029231016223205314,1,0.0,0.252,0.7844871773516195,2,0.013000000000000001
N15_M01_F10_KA09_13,KA09,artificial,outer_race,N15_M01_F10,1499.47,cepstrum,10666.7,13333.3,3.6398,normal,0.302,0.4572175529226364,1,-0.0010000000000000009,0.226,1.0802794688689341,2,0.012
N15_M01_F10_KA09_14,KA09,artificial,outer_race,N15_M01_F10,1500.81,cepstrum,12000.0,14000.0,3.8232,normal,0.636,-0.33597365728965944,1,-0.002999999999999999,0.262,0.8918062013277384,2,0.012
N15_M01_F10_KA09_15,KA09,artificial,outer_race,N15_M01_F10,1499.64,cepstrum,12000.0,14000.0,4.6833,normal,0.592,-0.5141195295194515,1,0.0,0.588,-0.2604769501268262,2,0.011
N15_M01_F10_KA09_16,KA09,artificial,outer_race,N15_M01_F10,1499.12,cepstrum,12000.0,14000.0,3.5949,normal,0.342,0.8696321090260035,0,-0.016,0.136,0.9637050248543075,1,0.013000000000000001
N15_M01_F10_KA09_17,KA09,artificial,outer_race,N15_M01_F10,1500.5,cepstrum,10666.7,13333.3,3.8441,normal,0.42,0.10877113810836289,1,-0.0019999999999999983,0.444,0.11553534155298878,2,0.012
N15_M01_F10_KA09_18,KA09,artificial,outer_race,N15_M01_F10,1499.25,cepstrum,10666.7,13333.3,3.7263,normal,0.318,0.4558111944042563,1,0.0,0.214,1.3879595735199945,2,0.013000000000000001
N15_M01_F10_KA09_19,KA09,artificial,outer_race,N15_M01_F10,1500.79,cepstrum,12000.0,14000.0,3.0672,normal,0.478,0.006946115976555422,1,0.0010000000000000009,0.048,1.4188855666196094,2,0.012
N15_M01_F10_KA09_2,KA09,artificial,outer_race,N15_M01_F10,1499.67,cepstrum,12000.0,14000.0,3.2718,normal,0.612,-0.27270778266138035,1,-0.0010000000000000009,0.722,-0.6412250791228371,1,0.009000000000000001
N15_M01_F10_KA09_20,KA09,artificial,outer_race,N15_M01_F10,1499.69,cepstrum,12000.0,14000.0,4.0838,normal,0.43,0.05283592730330698,0,0.0,0.126,1.0743331401813985,2,0.013000000000000001
N15_M01_F10_KA09_3,KA09,artificial,outer_race,N15_M01_F10,1500.78,cepstrum,10666.7,13333.3,3.3846,normal,0.146,1.3630971300060348,1,-0.0019999999999999983,0.214,0.8824745943296133,0,0.02
N15_M01_F10_KA09_4,KA09,artificial,outer_race,N15_M01_F10,1500.52,cepstrum,12000.0,14000.0,3.9961,normal,0.468,0.47475825555956186,1,0.0,0.502,-0.00540683729442378,3,0.012
N15_M01_F10_KA09_5,KA09,artificial,outer_race,N15_M01_F10,1499.2,cepstrum,10666.7,13333.3,3.3947,normal,0.486,0.19316267747204474,0,0.016000000000000004,0.17,1.1862284383031603,2,0.009000000000000001
N15_M01_F10_KA09_6,KA09,artificial,outer_race,N15_M01_F10,1500.37,cepstrum,10666.7,13333.3,4.6433,normal,0.356,0.39739684554776256,1,-0.0010000000000000009,0.392,0.44983984108600883,0,0.006000000000000002
N15_M01_F10_KA09_7,KA09,artificial,outer_race,N15_M01_F10,1499.75,cepstrum,10666.7,13333.3,3.6443,normal,0.58,-0.10462394773469652,0,0.0,0.55,-0.07896912011862382,3,0.012
N15_M01_F10_KA09_8,KA09,artificial,outer_race,N15_M01_F10,1499.41,cepstrum,12000.0,14000.0,4.0264,normal,0.56,-0.10286131432708112,1,0.0010000000000000009,0.454,0.1607992287962052,2,0.012
N15_M01_F10_KA09_9,KA09,artificial,outer_race,N15_M01_F10,1499.83,cepstrum,10666.7,13333.3,3.5623,normal,0.834,-0.5500794708732009,1,0.0,0.438,0.1377649271177085,3,0.012
N15_M01_F10_KA15_1,KA15,real,outer_race,N15_M01_F10,1499.62,cepstrum,12000.0,14000.0,4.1957,normal,0.626,-0.21599796459863757,0,-0.0019999999999999983,0.81,-0.8080630061496545,0,0.009999999999999998
N15_M01_F10_KA15_10,KA15,real,outer_race,N15_M01_F10,1499.5,cepstrum,12000.0,14000.0,3.4977,normal,0.824,-1.1148159088398994,0,0.016000000000000004,0.504,-0.024492994478094318,1,-0.004
N15_M01_F10_KA15_11,KA15,real,outer_race,N15_M01_F10,1499.41,cepstrum,12000.0,14000.0,3.2278,normal,0.378,0.18139488448063204,1,0.016000000000000004,0.338,0.5079891023618127,1,-0.01
N15_M01_F10_KA15_12,KA15,real,outer_race,N15_M01_F10,1499.47,cepstrum,12000.0,14000.0,3.9104,normal,0.842,-1.572776381354432,0,0.019,0.496,0.006255839745673783,2,-0.009000000000000001
N15_M01_F10_KA15_13,KA15,real,outer_race,N15_M01_F10,1499.6,cepstrum,12000.0,14000.0,3.5849,normal,0.478,0.1785765906886585,0,0.016000000000000004,0.498,0.023584105624041927,1,-0.009000000000000001
N15_M01_F10_KA15_14,KA15,real,outer_race,N15_M01_F10,1499.76,cepstrum,12000.0,14000.0,3.4873,normal,0.876,-1.0650359873319295,0,-0.0010000000000000009,0.95,-1.179625447253289,2,-0.01
N15_M01_F10_KA15_15,KA15,real,outer_race,N15_M01_F10,1499.67,cepstrum,12000.0,14000.0,4.7591,normal,0.328,0.19907378195490297,0,-0.011,0.962,-1.2642713024184002,2,-0.01
N15_M01_F10_KA15_16,KA15,real,outer_race,N15_M01_F10,1499.6,cepstrum,12000.0,14000.0,4.1404,normal,0.64,-0.394616432628465,0,0.02,0.264,0.9742626469774166,1,-0.017
N15_M01_F10_KA15_17,KA15,real,outer_race,N15_M01_F10,1499.53,cepstrum,12000.0,14000.0,4.1482,normal,0.758,-0.44129587975422707,0,-0.0019999999999999983,0.428,0.23599395590732497,2,-0.011
N15_M01_F10_KA15_18,KA15,real,outer_race,N15_M01_F10,1499.85,cepstrum,12000.0,14000.0,3.9725,normal,0.792,-0.6702403053351337,0,-0.0010000000000000009,0.748,-0.4140514772512962,1,-0.011
N15_M01_F10_KA15_19,KA15,real,outer_race,N15_M01_F10,1499.51,cepstrum,12000.0,14000.0,4.351,normal,0.662,-0.2895250762809262,0,-0.0019999999999999983,0.698,-0.3526342755915085,0,0.015000000000000003
N15_M01_F10_KA15_2,KA15,real,outer_race,N15_M01_F10,1499.68,cepstrum,12000.0,14000.0,3.6871,normal,0.844,-0.9386768839902632,0,0.009999999999999998,0.48,0.022625033862708588,1,-0.002999999999999999
N15_M01_F10_KA15_20,KA15,real,outer_race,N15_M01_F10,1499.6,cepstrum,12000.0,14000.0,3.6305,normal,0.612,-0.4556838035093801,0,-0.0019999999999999983,0.3,0.6427603983666805,0,0.015000000000000003
N15_M01_F10_KA15_3,KA15,real,outer_race,N15_M01_F10,1499.57,cepstrum,12000.0,14000.0,3.9806,normal,0.394,0.23039542577449718,0,-0.0019999999999999983,0.774,-0.5791564023478639,2,-0.009000000000000001
N15_M01_F10_KA15_4,KA15,real,outer_race,N15_M01_F10,1499.59,cepstrum,12000.0,14000.0,3.8386,normal,0.518,-0.2685830981231537,0,-0.011,0.368,0.19551600187618481,2,-0.01
N15_M01_F10_KA15_5,KA15,real,outer_race,N15_M01_F10,1499.66,cepstrum,12000.0,14000.0,3.2647,normal,0.592,-0.49785695668796753,0,-0.011,0.862,-0.944007613645607,1,-0.01
N15_M01_F10_KA15_6,KA15,real,outer_race,N15_M01_F10,1499.47,cepstrum,12000.0,14000.0,3.9601,normal,0.628,-0.23041148006400866,0,0.0,0.834,-0.8266324997596125,1,0.006000000000000002
N15_M01_F10_KA15_7,KA15,real,outer_race,N15_M01_F10,1499.5,cepstrum,12000.0,14000.0,3.3267,normal,0.842,-0.7938152617514188,0,-0.0019999999999999983,0.842,-0.8769169742106128,0,0.019
N15_M01_F10_KA15_8,KA15,real,outer_race,N15_M01_F10,1499.81,cepstrum,12000.0,14000.0,4.2508,normal,0.768,-0.5164967584158154,1,0.015000000000000003,0.394,0.28252956239056104,1,-0.01
N15_M01_F10_KA15_9,KA15,real,outer_race,N15_M01_F10,1499.65,cepstrum,12000.0,14000.0,3.8552,normal,0.186,1.5762319573001833,0,-0.011,1.0,-1.1802303043918225,0,0.011
N15_M01_F10_KA16_1,KA16,real,outer_race,N15_M01_F10,1500.06,cepstrum,10000.0,12000.0,5.8709,outer_race,0.002,10.917239276110713,5,0.002999999999999999,0.662,-0.46631638523651453,2,-0.02
N15_M01_F10_KA16_10,KA16,real,outer_race,N15_M01_F10,1499.5,cepstrum,10000.0,12000.0,5.4168,outer_race,0.002,16.325742641178163,5,0.002999999999999999,0.508,-0.013812355289721029,3,-0.02
N15_M01_F10_KA16_11,KA16,real,outer_race,N15_M01_F10,1499.48,cepstrum,10000.0,12000.0,5.8073,outer_race,0.002,10.144037969149219,5,0.002999999999999999,0.35,0.3525248689747672,3,-0.019
N15_M01_F10_KA16_12,KA16,real,outer_race,N15_M01_F10,1499.7,cepstrum,10000.0,12000.0,5.9057,outer_race,0.002,7.593210194730792,5,0.002999999999999999,0.75,-0.7180069486873472,2,-0.02
N15_M01_F10_KA16_13,KA16,real,outer_race,N15_M01_F10,1499.56,cepstrum,10000.0,12000.0,5.8347,outer_race,0.002,7.518868116873911,5,0.004,0.66,-0.39184076272214663,1,-0.008
N15_M01_F10_KA16_14,KA16,real,outer_race,N15_M01_F10,1499.49,cepstrum,10000.0,12000.0,5.0932,outer_race,0.002,7.872407700409986,5,0.002999999999999999,0.732,-0.38141401398133,1,-0.008
N15_M01_F10_KA16_15,KA16,real,outer_race,N15_M01_F10,1499.29,cepstrum,10000.0,12000.0,5.8003,outer_race,0.002,9.91894081459392,5,0.004,0.52,-0.10940825481360536,3,-0.019
N15_M01_F10_KA16_16,KA16,real,outer_race,N15_M01_F10,1499.21,cepstrum,10000.0,12000.0,4.6205,outer_race,0.006,8.388221032938846,5,0.002999999999999999,0.496,0.01783177762857386,2,-0.019
N15_M01_F10_KA16_17,KA16,real,outer_race,N15_M01_F10,1499.52,cepstrum,10000.0,12000.0,4.7886,outer_race,0.002,8.65773481567085,5,0.002999999999999999,0.736,-0.46768492177897636,2,-0.017
N15_M01_F10_KA16_18,KA16,real,outer_race,N15_M01_F10,1499.66,cepstrum,10000.0,12000.0,4.6596,outer_race,0.002,12.16630022525679,5,0.002999999999999999,0.754,-0.7671208461114669,1,-0.009000000000000001
N15_M01_F10_KA16_19,KA16,real,outer_race,N15_M01_F10,1500.03,cepstrum,10000.0,12000.0,4.7672,outer_race,0.002,7.652792851383918,5,0.004,0.906,-1.1215046721854836,3,-0.02
N15_M01_F10_KA16_2,KA16,real,outer_race,N15_M01_F10,1499.55,cepstrum,10000.0,12000.0,5.5815,outer_race,0.002,10.773681060958351,5,0.0019999999999999983,0.704,-0.30134464998082944,0,-0.018000000000000002
N15_M01_F10_KA16_20,KA16,real,outer_race,N15_M01_F10,1499.7,cepstrum,10000.0,12000.0,4.598,outer_race,0.002,16.444792567210442,5,0.002999999999999999,0.656,-0.539121417423435,3,-0.019
N15_M01_F10_KA16_3,KA16,real,outer_race,N15_M01_F10,1499.62,cepstrum,10000.0,12000.0,5.316,outer_race,0.002,9.54318926471148,5,0.004,0.71,-0.48264220835838345,2,-0.008
N15_M01_F10_KA16_4,KA16,real,outer_race,N15_M01_F10,1499.47,cepstrum,10000.0,12000.0,5.4177,outer_race,0.004,10.274440924667605,5,0.002999999999999999,0.706,-0.5713308926642123,3,-0.02
N15_M01_F10_KA16_5,KA16,real,outer_race,N15_M01_F10,1499.63,cepstrum,10000.0,12000.0,5.4501,outer_race,0.002,8.547901518060812,5,0.0019999999999999983,0.754,-0.7578324310190854,2,-0.018000000000000002
N15_M01_F10_KA16_6,KA16,real,outer_race,N15_M01_F10,1499.76,cepstrum,10000.0,12000.0,5.4906,outer_race,0.002,8.632785168465304,5,0.004,0.824,-0.9224392181149608,2,-0.008
N15_M01_F10_KA16_7,KA16,real,outer_race,N15_M01_F10,1499.61,cepstrum,10000.0,12000.0,5.2161,outer_race,0.002,10.822255309046314,5,0.004,0.634,-0.435058240290639,3,-0.019
N15_M01_F10_KA16_8,KA16,real,outer_race,N15_M01_F10,1499.69,cepstrum,10000.0,12000.0,5.638,outer_race,0.002,7.5696397212594615,5,0.002999999999999999,0.632,-0.32874343623712515,1,-0.008
N15_M01_F10_KA16_9,KA16,real,outer_race,N15_M01_F10,1499.6,cepstrum,10000.0,12000.0,5.4642,outer_race,0.002,9.492172604052664,5,0.002999999999999999,0.656,-0.2532985286827893,3,-0.019
N15_M01_F10_KA22_1,KA22,real,outer_race,N15_M01_F10,1500.16,cepstrum,10666.7,13333.3,4.5133,normal,0.78,-0.5096507505540928,0,0.018,0.894,-0.7112992532001898,1,-0.017
N15_M01_F10_KA22_10,KA22,real,outer_race,N15_M01_F10,1499.54,cepstrum,10666.7,13333.3,4.6019,normal,0.47,0.10794425952444768,0,0.015000000000000003,0.266,0.7691715758789965,1,-0.011
N15_M01_F10_KA22_11,KA22,real,outer_race,N15_M01_F10,1499.64,cepstrum,10666.7,13333.3,4.6452,normal,0.724,-0.4797239250053969,0,-0.015,0.418,0.32754348745057754,1,0.015000000000000003
N15_M01_F10_KA22_12,KA22,real,outer_race,N15_M01_F10,1499.53,cepstrum,10666.7,13333.3,4.4413,normal,0.366,0.6360437570698976,0,0.015000000000000003,0.424,0.33627381862258054,1,-0.011
N15_M01_F10_KA22_13,KA22,real,outer_race,N15_M01_F10,1499.5,cepstrum,10666.7,13333.3,4.9231,normal,0.816,-0.6533703268021837,0,-0.004,0.85,-0.9211452576788359,0,0.019
N15_M01_F10_KA22_14,KA22,real,outer_race,N15_M01_F10,1499.74,cepstrum,10666.7,13333.3,4.5661,normal,0.708,-0.5440301280297486,0,-0.014,0.226,0.8752175902038057,1,-0.016
N15_M01_F10_KA22_15,KA22,real,outer_race,N15_M01_F10,1499.65,cepstrum,10666.7,13333.3,4.659,normal,0.24,0.7554480400236585,0,-0.012,0.868,-0.7236088029928223,2,-0.017
N15_M01_F10_KA22_16,KA22,real,outer_race,N15_M01_F10,1499.55,cepstrum,10666.7,13333.3,4.4101,normal,0.798,-0.46063688676064907,0,-0.02,0.918,-1.2977806191925694,2,-0.004
N15_M01_F10_KA22_17,KA22,real,outer_race,N15_M01_F10,1499.68,cepstrum,12000.0,14000.0,4.4952,normal,0.206,0.9770401922802844,0,0.015000000000000003,0.932,-0.8304269001557305,0,0.015000000000000003
N15_M01_F10_KA22_18,KA22,real,outer_race,N15_M01_F10,1499.64,cepstrum,12000.0,14000.0,4.4716,normal,0.74,-0.5599038369353495,0,0.015000000000000003,0.252,0.7171840368866194,2,-0.017
N15_M01_F10_KA22_19,KA22,real,outer_race,N15_M01_F10,1499.6,cepstrum,10666.7,13333.3,4.1058,normal,0.758,-0.9928824154116912,1,0.015000000000000003,0.87,-1.0211400429057393,1,0.009999999999999998
N15_M01_F10_KA22_2,KA22,real,outer_race,N15_M01_F10,1499.76,cepstrum,12000.0,14000.0,4.9428,normal,0.292,0.7351370124125894,0,0.018,0.91,-0.7152225051416623,2,-0.016
N15_M01_F10_KA22_20,KA22,real,outer_race,N15_M01_F10,1499.63,cepstrum,12000.0,14000.0,4.1868,normal,0.476,0.186385161976043,1,0.016999999999999998,0.984,-1.4163084718450525,1,0.009999999999999998
N15_M01_F10_KA22_3,KA22,real,outer_race,N15_M01_F10,1499.68,cepstrum,10666.7,13333.3,3.9932,normal,0.578,-0.16249346851496893,0,0.0,0.764,-0.6525405016561546,1,-0.017
N15_M01_F10_KA22_4,KA22,real,outer_race,N15_M01_F10,1499.64,cepstrum,10666.7,13333.3,4.3353,normal,0.304,0.35900497248074054,0,-0.008,0.912,-1.1224107894330337,0,0.012
N15_M01_F10_KA22_5,KA22,real,outer_race,N15_M01_F10,1499.7,cepstrum,12000.0,14000.0,5.4066,normal,0.86,-0.9523169316795806,0,-0.018000000000000002,0.196,1.1962124556732645,1,-0.01
N15_M01_F10_KA22_6,KA22,real,outer_race,N15_M01_F10,1499.57,cepstrum,10666.7,13333.3,4.787,normal,0.288,0.5695682532391328,1,0.016000000000000004,0.724,-0.5806423672618101,1,-0.01
N15_M01_F10_KA22_7,KA22,real,outer_race,N15_M01_F10,1499.63,cepstrum,10666.7,13333.3,4.5308,normal,0.836,-1.4069292620827598,0,-0.017,0.116,2.4894383851331017,1,0.009999999999999998
N15_M01_F10_KA22_8,KA22,real,outer_race,N15_M01_F10,1499.57,cepstrum,10666.7,13333.3,4.3743,normal,0.814,-0.9021183042246036,0,-0.017,0.18,1.1610414214018496,1,-0.01
N15_M01_F10_KA22_9,KA22,real,outer_race,N15_M01_F10,1499.7,cepstrum,10666.7,13333.3,4.177,normal,0.74,-0.6167065082914508,0,0.016999999999999998,0.842,-0.6894168731895312,0,-0.009000000000000001
N15_M01_F10_KA30_1,KA30,real,outer_race,N15_M01_F10,1499.77,cepstrum,12000.0,14000.0,4.4027,normal,0.51,-0.0020606064251833265,1,0.016000000000000004,0.508,-0.037981216504347146,3,0.012
N15_M01_F10_KA30_10,KA30,real,outer_race,N15_M01_F10,1499.49,cepstrum,10666.7,13333.3,5.2189,normal,0.676,-0.27389288222328967,1,-0.0019999999999999983,0.2,0.7854352541010361,2,0.013000000000000001
N15_M01_F10_KA30_11,KA30,real,outer_race,N15_M01_F10,1499.56,cepstrum,10666.7,13333.3,5.3576,normal,0.844,-1.1880153613123559,1,-0.0010000000000000009,0.298,0.6799041348913061,3,0.012
N15_M01_F10_KA30_12,KA30,real,outer_race,N15_M01_F10,1499.56,cepstrum,12000.0,14000.0,5.5239,normal,0.612,-0.5353281676929413,1,-0.0010000000000000009,0.408,0.35897980459429973,1,-0.0010000000000000009
N15_M01_F10_KA30_13,KA30,real,outer_race,N15_M01_F10,1499.64,cepstrum,10666.7,13333.3,4.415,normal,0.554,-0.1715057478018117,1,0.0019999999999999983,0.154,1.008978530358104,1,-0.015
N15_M01_F10_KA30_14,KA30,real,outer_race,N15_M01_F10,1499.61,cepstrum,10666.7,13333.3,5.0963,normal,0.74,-0.9540266873776836,1,0.016000000000000004,0.232,0.6946693514392647,2,0.011
N15_M01_F10_KA30_15,KA30,real,outer_race,N15_M01_F10,1499.77,cepstrum,10666.7,13333.3,3.9688,normal,0.784,-0.7341972344763812,1,0.0,0.136,1.4415139132431736,4,0.012
N15_M01_F10_KA30_16,KA30,real,outer_race,N15_M01_F10,1499.46,cepstrum,12000.0,14000.0,5.9842,normal,0.408,0.16598113130280281,1,0.0,0.216,1.1348528098045825,3,0.012
N15_M01_F10_KA30_17,KA30,real,outer_race,N15_M01_F10,1499.7,cepstrum,12000.0,14000.0,6.9596,normal,0.634,-0.19110963811643347,1,-0.0010000000000000009,0.604,-0.38735143354842355,2,0.012
N15_M01_F10_KA30_18,KA30,real,outer_race,N15_M01_F10,1499.62,cepstrum,12000.0,14000.0,5.1073,normal,0.77,-0.7334780405686774,1,-0.0019999999999999983,0.318,0.5117773612202681,3,0.012
N15_M01_F10_KA30_19,KA30,real,outer_race,N15_M01_F10,1499.53,cepstrum,10666.7,13333.3,4.3015,normal,0.626,-0.2870336094561276,1,-0.0010000000000000009,0.624,-0.3340921530323734,2,0.011
N15_M01_F10_KA30_2,KA30,real,outer_race,N15_M01_F10,1499.73,cepstrum,12000.0,14000.0,4.8143,normal,0.768,-0.6610914750370077,1,0.0,0.774,-0.6638955012977674,2,0.009999999999999998
N15_M01_F10_KA30_20,KA30,real,outer_race,N15_M01_F10,1499.64,cepstrum,10666.7,13333.3,6.5523,normal,0.614,-0.24858512621227943,2,0.0,0.3,0.7231974546551213,3,0.012
N15_M01_F10_KA30_3,KA30,real,outer_race,N15_M01_F10,1499.38,cepstrum,12000.0,14000.0,7.0222,normal,0.796,-0.438791299762752,1,0.0,0.458,0.12028572927807164,0,0.006000000000000002
N15_M01_F10_KA30_4,KA30,real,outer_race,N15_M01_F10,1499.65,cepstrum,12000.0,14000.0,5.4239,normal,0.566,-0.18421848293000564,1,-0.016,0.518,-0.03874483932938624,3,0.012
N15_M01_F10_KA30_5,KA30,real,outer_race,N15_M01_F10,1499.85,cepstrum,10666.7,13333.3,6.7102,normal,0.926,-0.8880527898849799,2,0.0,0.94,-1.515842827717262,2,-0.009000000000000001
N15_M01_F10_KA30_6,KA30,real,outer_race,N15_M01_F10,1499.59,cepstrum,12000.0,14000.0,4.5243,normal,0.394,0.23346857362210943,1,0.0,0.274,0.7234580933960103,3,0.012
N15_M01_F10_KA30_7,KA30,real,outer_race,N15_M01_F10,1499.44,cepstrum,10666.7,13333.3,6.4893,normal,0.664,-0.501726110532998,1,-0.0019999999999999983,0.384,0.33799608568317413,1,0.016000000000000004
N15_M01_F10_KA30_8,KA30,real,outer_race,N15_M01_F10,1499.63,cepstrum,10666.7,13333.3,6.3507,normal,0.63,-0.1360177472983405,1,-0.0010000000000000009,0.264,0.7964761331395506,3,0.012
N15_M01_F10_KA30_9,KA30,real,outer_race,N15_M01_F10,1499.55,cepstrum,10666.7,13333.3,4.5104,normal,0.706,-0.3129358433037874,0,0.016000000000000004,0.292,0.26528473831429683,3,0.012
N15_M01_F10_KI01_1,KI01,artificial,inner_race,N15_M01_F10,1499.68,cepstrum,10000.0,12000.0,7.9177,inner_race,0.182,0.785634680269287,1,-0.019,0.002,3.72659453587593,25,-0.0019999999999999983
N15_M01_F10_KI01_10,KI01,artificial,inner_race,N15_M01_F10,1499.49,cepstrum,10000.0,12000.0,8.0636,inner_race,0.066,2.6633322171431657,1,-0.018000000000000002,0.002,5.273642808463287,25,-0.0019999999999999983
N15_M01_F10_KI01_11,KI01,artificial,inner_race,N15_M01_F10,1499.61,cepstrum,10000.0,12000.0,8.1309,inner_race,0.392,0.5351791701735512,1,-0.017,0.002,3.377615818092011,25,-0.0019999999999999983
N15_M01_F10_KI01_12,KI01,artificial,inner_race,N15_M01_F10,1499.6,cepstrum,8000.0,12000.0,7.4637,inner_race,0.798,-0.6459105177362995,1,-0.018000000000000002,0.002,7.534614854996985,25,-0.0019999999999999983
N15_M01_F10_KI01_13,KI01,artificial,inner_race,N15_M01_F10,1499.56,cepstrum,10000.0,12000.0,7.801,inner_race,0.186,2.966009903410645,1,-0.018000000000000002,0.002,6.192647080024313,25,-0.0019999999999999983
N15_M01_F10_KI01_14,KI01,artificial,inner_race,N15_M01_F10,1499.6,cepstrum,10000.0,12000.0,8.3378,inner_race,0.14,0.7741965600642058,1,-0.018000000000000002,0.002,6.563417832469292,25,-0.0019999999999999983
N15_M01_F10_KI01_15,KI01,artificial,inner_race,N15_M01_F10,1499.59,cepstrum,8000.0,12000.0,7.4863,inner_race,0.182,2.1199679628280244,1,-0.018000000000000002,0.002,5.2968399034865,25,-0.0019999999999999983
N15_M01_F10_KI01_16,KI01,artificial,inner_race,N15_M01_F10,1499.59,cepstrum,8000.0,12000.0,7.4361,inner_race,0.182,1.4587585417575804,1,-0.018000000000000002,0.002,4.480323210130085,25,-0.0019999999999999983
N15_M01_F10_KI01_17,KI01,artificial,inner_race,N15_M01_F10,1499.64,cepstrum,10000.0,12000.0,8.4582,inner_race,0.306,0.53555828930573,1,-0.02,0.002,4.539187134866367,25,-0.002999999999999999
N15_M01_F10_KI01_18,KI01,artificial,inner_race,N15_M01_F10,1499.61,cepstrum,10000.0,12000.0,8.3032,inner_race,0.118,1.4573176198481241,1,-0.017,0.002,4.751387163481218,25,-0.0019999999999999983
N15_M01_F10_KI01_19,KI01,artificial,inner_race,N15_M01_F10,1499.6,cepstrum,8000.0,12000.0,7.2352,inner_race,0.092,3.505913732862859,1,-0.019,0.002,4.345302154847228,25,-0.0019999999999999983
N15_M01_F10_KI01_2,KI01,artificial,inner_race,N15_M01_F10,1499.62,cepstrum,8000.0,12000.0,8.8691,inner_race,0.222,2.312211015181148,1,-0.018000000000000002,0.002,5.509312966081699,25,-0.0019999999999999983
N15_M01_F10_KI01_20,KI01,artificial,inner_race,N15_M01_F10,1499.57,cepstrum,10000.0,12000.0,8.208,inner_race,0.266,0.41542121644693164,1,-0.019,0.002,4.328309484899105,25,-0.0019999999999999983
N15_M01_F10_KI01_3,KI01,artificial,inner_race,N15_M01_F10,1499.64,cepstrum,10000.0,12000.0,9.0148,inner_race,0.232,1.8747289816250774,1,-0.018000000000000002,0.002,3.9893024340122865,25,-0.0019999999999999983
N15_M01_F10_KI01_4,KI01,artificial,inner_race,N15_M01_F10,1499.66,cepstrum,10000.0,12000.0,8.7406,inner_race,0.212,1.24395817135023,1,-0.018000000000000002,0.002,4.145979091844733,25,-0.0019999999999999983
N15_M01_F10_KI01_5,KI01,artificial,inner_race,N15_M01_F10,1499.55,cepstrum,10000.0,12000.0,8.8824,inner_race,0.186,2.406743076095493,1,-0.018000000000000002,0.002,5.042034005022427,25,-0.0019999999999999983
N15_M01_F10_KI01_6,KI01,artificial,inner_race,N15_M01_F10,1499.6,cepstrum,10000.0,12000.0,10.2677,inner_race,0.248,0.6985677615767187,1,-0.019,0.004,3.7197898809265655,25,-0.0019999999999999983
N15_M01_F10_KI01_7,KI01,artificial,inner_race,N15_M01_F10,1499.6,cepstrum,10000.0,12000.0,9.3715,inner_race,0.178,1.2969627703650013,1,-0.018000000000000002,0.002,5.857602699582267,25,-0.0019999999999999983
N15_M01_F10_KI01_8,KI01,artificial,inner_race,N15_M01_F10,1499.65,cepstrum,10000.0,12000.0,8.6065,inner_race,0.378,0.43208290188027315,1,-0.017,0.002,4.918040635771303,25,-0.0019999999999999983
N15_M01_F10_KI01_9,KI01,artificial,inner_race,N15_M01_F10,1499.52,cepstrum,8000.0,12000.0,8.2274,inner_race,0.244,0.955669654450857,1,-0.018000000000000002,0.002,6.069239067370891,25,-0.002999999999999999
N15_M01_F10_KI03_1,KI03,artificial,inner_race,N15_M01_F10,1499.55,cepstrum,12000.0,14000.0,2.9667,normal,0.672,-0.2312158331831185,0,0.015000000000000003,0.646,-0.41888395376663595,1,-0.0019999999999999983
N15_M01_F10_KI03_10,KI03,artificial,inner_race,N15_M01_F10,1499.68,cepstrum,12000.0,14000.0,3.2762,normal,0.75,-1.316966957106263,0,0.014000000000000002,0.446,0.3491112849469576,0,0.015000000000000003
N15_M01_F10_KI03_11,KI03,artificial,inner_race,N15_M01_F10,1499.64,cepstrum,12000.0,14000.0,3.1524,normal,0.64,-0.3160074472773461,0,0.015000000000000003,0.706,-0.6628506393970354,0,0.011
N15_M01_F10_KI03_12,KI03,artificial,inner_race,N15_M01_F10,1499.63,cepstrum,12000.0,14000.0,3.1385,normal,0.834,-0.8631238483861661,0,-0.017,0.752,-0.607729435246014,1,-0.009000000000000001
N15_M01_F10_KI03_13,KI03,artificial,inner_race,N15_M01_F10,1499.79,cepstrum,12000.0,14000.0,2.5287,normal,0.876,-0.9202259923551049,0,-0.016,0.712,-0.5365176651630026,2,-0.016
N15_M01_F10_KI03_14,KI03,artificial,inner_race,N15_M01_F10,1499.65,cepstrum,12000.0,14000.0,2.8418,normal,0.474,0.02628774874419451,0,0.016000000000000004,0.614,-0.21439343465556612,1,-0.016
N15_M01_F10_KI03_15,KI03,artificial,inner_race,N15_M01_F10,1499.58,cepstrum,12000.0,14000.0,2.9934,normal,0.534,-0.42075030173567946,0,0.015000000000000003,0.866,-0.932194868428582,1,-0.009000000000000001
N15_M01_F10_KI03_16,KI03,artificial,inner_race,N15_M01_F10,1499.7,cepstrum,12000.0,14000.0,3.1389,normal,0.484,0.025804905708621352,0,0.016000000000000004,0.598,-0.33421528988960864,0,0.009999999999999998
N15_M01_F10_KI03_17,KI03,artificial,inner_race,N15_M01_F10,1499.4,cepstrum,12000.0,14000.0,2.7564,normal,0.93,-0.8531447791044904,1,0.016000000000000004,0.698,-0.6099832292891009,0,0.0010000000000000009
N15_M01_F10_KI03_18,KI03,artificial,inner_race,N15_M01_F10,1499.54,cepstrum,12000.0,14000.0,3.068,normal,0.834,-0.7742643502091524,0,0.011,0.74,-0.5133426014989989,1,-0.01
N15_M01_F10_KI03_19,KI03,artificial,inner_race,N15_M01_F10,1499.52,cepstrum,12000.0,14000.0,2.7449,normal,0.58,-0.32215903291968906,0,-0.0010000000000000009,0.442,0.1460863339349667,1,0.011
N15_M01_F10_KI03_2,KI03,artificial,inner_race,N15_M01_F10,1499.65,cepstrum,12000.0,14000.0,2.85,normal,0.684,-0.4242485694794444,0,-0.0010000000000000009,0.82,-0.8258108040006286,1,-0.01
N15_M01_F10_KI03_20,KI03,artificial,inner_race,N15_M01_F10,1499.59,cepstrum,12000.0,14000.0,2.5745,normal,0.318,0.6013991148095282,0,0.016000000000000004,0.674,-0.5654872939487531,0,0.009999999999999998
N15_M01_F10_KI03_3,KI03,artificial,inner_race,N15_M01_F10,1499.56,cepstrum,12000.0,14000.0,2.943,normal,0.856,-0.7047764257005837,0,0.015000000000000003,0.604,-0.37043772195497593,1,-0.009000000000000001
N15_M01_F10_KI03_4,KI03,artificial,inner_race,N15_M01_F10,1499.59,cepstrum,12000.0,14000.0,2.6193,normal,0.608,-0.30655740448533864,0,0.016000000000000004,0.39,0.20308541313528874,0,0.015000000000000003
N15_M01_F10_KI03_5,KI03,artificial,inner_race,N15_M01_F10,1499.45,cepstrum,12000.0,14000.0,3.518,normal,0.364,0.3580820234369936,0,-0.02,0.562,-0.18906032848103901,1,0.015000000000000003
N15_M01_F10_KI03_6,KI03,artificial,inner_race,N15_M01_F10,1499.61,cepstrum,12000.0,14000.0,2.8137,normal,0.404,0.22438555286087875,0,0.016000000000000004,0.534,-0.12466325359931843,1,0.011
N15_M01_F10_KI03_7,KI03,artificial,inner_race,N15_M01_F10,1499.53,cepstrum,12000.0,14000.0,2.5529,normal,0.784,-0.7508899314040683,0,-0.019,0.304,0.8503991338305474,1,-0.009000000000000001
N15_M01_F10_KI03_8,KI03,artificial,inner_race,N15_M01_F10,1499.6,cepstrum,12000.0,14000.0,2.6844,normal,0.9,-1.3032702035525936,0,-0.018000000000000002,0.67,-0.3317794994165632,1,0.009999999999999998
N15_M01_F10_KI03_9,KI03,artificial,inner_race,N15_M01_F10,1499.59,cepstrum,12000.0,14000.0,2.8133,normal,0.9,-1.1301016360785097,0,0.015000000000000003,0.812,-0.8441610487840824,1,-0.01
N15_M01_F10_KI04_1,KI04,real,inner_race,N15_M01_F10,1499.92,cepstrum,10666.7,13333.3,3.7202,normal,0.3,0.8401583217042592,1,-0.002999999999999999,0.034,1.7884871548742625,2,0.016000000000000004
N15_M01_F10_KI04_10,KI04,real,inner_race,N15_M01_F10,1499.63,cepstrum,10666.7,13333.3,3.2441,normal,0.138,1.3762248872418845,1,0.0,0.078,1.8262744989366415,3,0.011
N15_M01_F10_KI04_11,KI04,real,inner_race,N15_M01_F10,1499.42,cepstrum,10666.7,13333.3,3.4124,normal,0.286,0.8019412515502379,1,0.0,0.054,2.697695411494342,3,0.011
N15_M01_F10_KI04_12,KI04,real,inner_race,N15_M01_F10,1499.81,cepstrum,12000.0,14000.0,2.9036,normal,0.172,1.5090236153301884,1,-0.0019999999999999983,0.214,0.7094142946382247,3,0.011
N15_M01_F10_KI04_13,KI04,real,inner_race,N15_M01_F10,1499.69,cepstrum,12000.0,14000.0,4.2841,normal,0.196,2.207565147640436,2,-0.0019999999999999983,0.752,-0.607184409631399,3,0.009999999999999998
N15_M01_F10_KI04_14,KI04,real,inner_race,N15_M01_F10,1499.58,cepstrum,10666.7,13333.3,3.3688,normal,0.458,0.17172396185750613,1,0.0,0.058,1.9409060749936933,2,0.011
N15_M01_F10_KI04_15,KI04,real,inner_race,N15_M01_F10,1499.63,cepstrum,10666.7,13333.3,4.6211,normal,0.17,1.2940032954401024,1,-0.0010000000000000009,0.166,1.136673653354889,2,0.011
N15_M01_F10_KI04_16,KI04,real,inner_race,N15_M01_F10,1499.5,cepstrum,12000.0,14000.0,3.6405,normal,0.236,0.7696576542950687,1,-0.0019999999999999983,0.914,-1.152338927146891,3,0.011
N15_M01_F10_KI04_17,KI04,real,inner_race,N15_M01_F10,1499.54,cepstrum,10666.7,13333.3,2.7494,normal,0.356,0.22361285344130155,0,0.0010000000000000009,0.086,2.2462896504062875,1,0.009999999999999998
N15_M01_F10_KI04_18,KI04,real,inner_race,N15_M01_F10,1499.66,cepstrum,12000.0,14000.0,2.9486,normal,0.234,0.7404861088466355,1,-0.002999999999999999,0.618,-0.21610318658191427,2,0.009999999999999998
N15_M01_F10_KI04_19,KI04,real,inner_race,N15_M01_F10,1499.92,cepstrum,10666.7,13333.3,3.3866,normal,0.598,-0.3769278613516333,1,-0.017,0.478,0.03431398219355013,3,0.009999999999999998
N15_M01_F10_KI04_2,KI04,real,inner_race,N15_M01_F10,1499.64,cepstrum,10666.7,13333.3,3.805,normal,0.17,2.4165796803486095,2,0.0,0.094,1.7635318775973514,3,0.009999999999999998
N15_M01_F10_KI04_20,KI04,real,inner_race,N15_M01_F10,1499.58,cepstrum,10666.7,13333.3,3.8065,normal,0.262,0.9600232251820174,1,-0.004,0.282,0.5558249585095129,3,0.012
N15_M01_F10_KI04_3,KI04,real,inner_race,N15_M01_F10,1499.65,cepstrum,10666.7,13333.3,3.1673,inner_race,0.188,1.5224695995026134,1,-0.017,0.022,3.0756153948350975,4,0.009999999999999998
N15_M01_F10_KI04_4,KI04,real,inner_race,N15_M01_F10,1499.56,cepstrum,12000.0,14000.0,3.1605,normal,0.256,0.47272629277649186,0,0.016000000000000004,0.026,1.1304433333945882,2,0.009999999999999998
N15_M01_F10_KI04_5,KI04,real,inner_race,N15_M01_F10,1499.72,cepstrum,10666.7,13333.3,4.4594,normal,0.198,1.3120043864863917,2,-0.0019999999999999983,0.398,0.1556371724293671,3,0.009999999999999998
N15_M01_F10_KI04_6,KI04,real,inner_race,N15_M01_F10,1499.53,cepstrum,10666.7,13333.3,3.3873,normal,0.492,0.030178084503781885,1,-0.0010000000000000009,0.228,0.8784841422634512,3,0.011
N15_M01_F10_KI04_7,KI04,real,inner_race,N15_M01_F10,1499.86,cepstrum,10666.7,13333.3,2.8544,normal,0.21,0.7597333319363917,1,-0.004,0.102,1.2446628733299516,3,0.009999999999999998
N15_M01_F10_KI04_8,KI04,real,inner_race,N15_M01_F10,1499.66,cepstrum,12000.0,14000.0,3.5901,inner_race,0.266,1.031646431914289,1,-0.016,0.002,3.391198297682511,3,0.012
N15_M01_F10_KI04_9,KI04,real,inner_race,N15_M01_F10,1499.4,cepstrum,10666.7,13333.3,3.9816,inner_race,0.228,0.7435068850935774,1,0.0,0.018,2.3284897979526744,3,0.011
N15_M01_F10_KI05_1,KI05,artificial,inner_race,N15_M01_F10,1499.57,cepstrum,10666.7,13333.3,7.2933,normal,0.656,-0.34244673163719946,1,-0.0010000000000000009,0.582,-0.12980108557973902,1,-0.014
N15_M01_F10_KI05_10,KI05,artificial,inner_race,N15_M01_F10,1499.61,cepstrum,12000.0,14000.0,5.3382,normal,0.376,0.36150603540748444,1,-0.0010000000000000009,0.166,1.5099277209986737,3,0.012
N15_M01_F10_KI05_11,KI05,artificial,inner_race,N15_M01_F10,1499.51,cepstrum,10666.7,13333.3,7.2038,normal,0.794,-0.8733047824670916,1,0.0019999999999999983,0.678,-0.30708000994224416,3,0.012
N15_M01_F10_KI05_12,KI05,artificial,inner_race,N15_M01_F10,1499.44,cepstrum,10666.7,13333.3,5.8733,normal,0.402,0.2187853658944635,1,0.0,0.724,-0.6174993976382085,3,0.012
N15_M01_F10_KI05_13,KI05,artificial,inner_race,N15_M01_F10,1499.59,cepstrum,10666.7,13333.3,6.5873,normal,0.442,0.2819877906249809,2,-0.0010000000000000009,0.014,3.795668018766565,0,0.016000000000000004
N15_M01_F10_KI05_14,KI05,artificial,inner_race,N15_M01_F10,1499.5,cepstrum,10666.7,13333.3,5.6234,normal,0.918,-1.2006508278657588,1,-0.0010000000000000009,0.496,0.003259296817883274,3,0.012
N15_M01_F10_KI05_15,KI05,artificial,inner_race,N15_M01_F10,1499.61,cepstrum,10666.7,13333.3,5.0926,inner_race,0.948,-0.9333880217296141,0,-0.018000000000000002,0.012,2.8917893787778772,3,0.012
N15_M01_F10_KI05_16,KI05,artificial,inner_race,N15_M01_F10,1499.56,cepstrum,12000.0,14000.0,6.9567,normal,0.336,0.33566137660803513,1,-0.0010000000000000009,0.28,0.5339516694341371,2,0.011
N15_M01_F10_KI05_17,KI05,artificial,inner_race,N15_M01_F10,1499.53,cepstrum,10666.7,13333.3,5.3749,normal,0.966,-1.0167146110242504,0,0.02,0.876,-1.17038962762827,3,0.012
N15_M01_F10_KI05_18,KI05,artificial,inner_race,N15_M01_F10,1499.67,cepstrum,10666.7,13333.3,5.5329,normal,0.674,-0.32334506344546254,1,0.0010000000000000009,0.916,-0.9455596122256748,0,0.016000000000000004
N15_M01_F10_KI05_19,KI05,artificial,inner_race,N15_M01_F10,1499.62,cepstrum,10666.7,13333.3,6.9539,normal,0.894,-0.8737368688524086,2,-0.0010000000000000009,0.806,-0.775921990594906,2,-0.009000000000000001
N15_M01_F10_KI05_2,KI05,artificial,inner_race,N15_M01_F10,1499.65,cepstrum,10666.7,13333.3,6.781,normal,0.838,-0.5772690595713869,1,-0.019,0.184,1.0351388921514395,3,0.009999999999999998
N15_M01_F10_KI05_20,KI05,artificial,inner_race,N15_M01_F10,1499.56,cepstrum,10666.7,13333.3,6.9423,normal,0.6,-0.28538348781156514,1,-0.0010000000000000009,0.058,1.2508973479223862,3,0.012
N15_M01_F10_KI05_3,KI05,artificial,inner_race,N15_M01_F10,1499.55,cepstrum,12000.0,14000.0,5.9041,normal,0.372,0.526718720669602,1,-0.0010000000000000009,0.478,0.09873398357468138,1,-0.008
N15_M01_F10_KI05_4,KI05,artificial,inner_race,N15_M01_F10,1499.5,cepstrum,10666.7,13333.3,5.9803,normal,0.53,-0.03831279039983986,1,-0.0010000000000000009,0.79,-0.8946642612231358,3,0.012
N15_M01_F10_KI05_5,KI05,artificial,inner_race,N15_M01_F10,1499.58,cepstrum,10666.7,13333.3,4.9269,normal,0.568,-0.4988193810761678,0,0.016000000000000004,0.464,0.10130650995325703,1,-0.0019999999999999983
N15_M01_F10_KI05_6,KI05,artificial,inner_race,N15_M01_F10,1499.5,cepstrum,12000.0,14000.0,5.0802,normal,0.712,-0.4303366488522634,1,0.0,0.142,1.8541823001528415,3,0.012
N15_M01_F10_KI05_7,KI05,artificial,inner_race,N15_M01_F10,1499.7,cepstrum,10666.7,13333.3,7.0255,normal,0.752,-0.6285004994621018,1,-0.0010000000000000009,0.316,0.5159200242584207,3,0.012
N15_M01_F10_KI05_8,KI05,artificial,inner_race,N15_M01_F10,1499.67,cepstrum,10666.7,13333.3,6.6264,normal,0.812,-0.7638137707902536,1,-0.0010000000000000009,0.504,-0.012814431130087662,2,0.012
N15_M01_F10_KI05_9,KI05,artificial,inner_race,N15_M01_F10,1499.66,cepstrum,10666.7,13333.3,5.2171,normal,0.862,-0.9780330973488109,1,0.014000000000000002,0.346,0.26511653528132684,2,0.011
N15_M01_F10_KI07_1,KI07,artificial,inner_race,N15_M01_F10,1499.81,cepstrum,10666.7,13333.3,7.662,normal,0.346,0.29186158124665607,0,-0.0019999999999999983,0.606,-0.34951485532831805,0,0.016000000000000004
N15_M01_F10_KI07_10,KI07,artificial,inner_race,N15_M01_F10,1499.75,cepstrum,10666.7,13333.3,5.0525,normal,0.69,-0.19883526694472425,1,-0.018000000000000002,0.218,0.9707523472162165,4,0.011
N15_M01_F10_KI07_11,KI07,artificial,inner_race,N15_M01_F10,1499.58,cepstrum,10666.7,13333.3,5.435,normal,0.688,-0.39477448186882197,1,-0.0019999999999999983,0.52,-0.04329221750981621,1,0.006000000000000002
N15_M01_F10_KI07_12,KI07,artificial,inner_race,N15_M01_F10,1499.49,cepstrum,10666.7,13333.3,6.4854,normal,0.504,-0.07589458805853101,1,-0.0010000000000000009,0.398,0.29347102386236223,1,0.006999999999999999
N15_M01_F10_KI07_13,KI07,artificial,inner_race,N15_M01_F10,1499.85,cepstrum,10666.7,13333.3,4.6789,normal,0.308,1.1194724746092495,1,-0.0019999999999999983,0.138,1.5537518048249253,3,0.011
N15_M01_F10_KI07_14,KI07,artificial,inner_race,N15_M01_F10,1499.63,cepstrum,12000.0,14000.0,5.648,normal,0.518,-0.12742487232973712,1,0.0,0.616,-0.34079825300540867,1,-0.009000000000000001
N15_M01_F10_KI07_15,KI07,artificial,inner_race,N15_M01_F10,1499.65,cepstrum,10666.7,13333.3,4.9295,normal,0.628,-0.34900250546857287,1,-0.0019999999999999983,0.594,-0.242967328768773,1,-0.009000000000000001
N15_M01_F10_KI07_16,KI07,artificial,inner_race,N15_M01_F10,1499.84,cepstrum,12000.0,14000.0,4.6051,inner_race,0.586,-0.17978249537689944,1,0.0,0.006,2.9841255402856395,3,0.011
N15_M01_F10_KI07_17,KI07,artificial,inner_race,N15_M01_F10,1499.48,cepstrum,10666.7,13333.3,7.3919,normal,0.886,-1.1578812543963821,0,-0.017,0.28,0.49808703639975854,2,-0.009000000000000001
N15_M01_F10_KI07_18,KI07,artificial,inner_race,N15_M01_F10,1499.63,cepstrum,12000.0,14000.0,5.4877,normal,0.638,-0.2744991012509886,0,-0.019,0.128,1.5559024724024104,0,0.015000000000000003
N15_M01_F10_KI07_19,KI07,artificial,inner_race,N15_M01_F10,1499.77,cepstrum,10666.7,13333.3,6.335,normal,0.504,-0.0023459538355668132,0,-0.018000000000000002,0.366,0.44987896079758705,2,0.011
N15_M01_F10_KI07_2,KI07,artificial,inner_race,N15_M01_F10,1499.62,cepstrum,10666.7,13333.3,5.1603,normal,0.244,0.7247261386972959,0,0.016000000000000004,0.308,0.5045841768385254,2,0.011
N15_M01_F10_KI07_20,KI07,artificial,inner_race,N15_M01_F10,1499.69,cepstrum,12000.0,14000.0,6.999,inner_race,0.692,-0.3546561153008649,1,0.0,0.008,3.0053933591264403,3,0.011
N15_M01_F10_KI07_3,KI07,artificial,inner_race,N15_M01_F10,1499.73,cepstrum,10666.7,13333.3,6.2681,normal,0.642,-0.215667897405451,1,-0.0019999999999999983,0.51,-0.010707631903804348,2,0.012
N15_M01_F10_KI07_4,KI07,artificial,inner_race,N15_M01_F10,1500.09,cepstrum,12000.0,14000.0,6.5673,normal,0.31,0.6564143662548491,1,-0.0010000000000000009,0.072,2.3360502806857077,2,0.011
N15_M01_F10_KI07_5,KI07,artificial,inner_race,N15_M01_F10,1499.39,cepstrum,12000.0,14000.0,5.565,normal,0.818,-0.5439394969699194,0,0.016999999999999998,0.242,0.8791624792537259,2,0.012
N15_M01_F10_KI07_6,KI07,artificial,inner_race,N15_M01_F10,1499.44,cepstrum,10666.7,13333.3,5.7296,normal,0.31,0.41087829710863216,1,0.0010000000000000009,0.194,0.7069594767104752,2,0.012
N15_M01_F10_KI07_7,KI07,artificial,inner_race,N15_M01_F10,1499.26,cepstrum,10666.7,13333.3,5.527,normal,0.432,0.3830792257129618,0,0.013000000000000001,0.634,-0.35611534974517856,3,0.012
N15_M01_F10_KI07_8,KI07,artificial,inner_race,N15_M01_F10,1499.61,cepstrum,10666.7,13333.3,5.6324,normal,0.7,-0.6459742155022112,1,0.0,0.94,-1.7227608991026193,1,0.006000000000000002
N15_M01_F10_KI07_9,KI07,artificial,inner_race,N15_M01_F10,1499.83,cepstrum,10666.7,13333.3,5.3846,normal,0.55,-0.09442907608118353,1,-0.0010000000000000009,0.158,1.008678524663854,2,0.012
N15_M01_F10_KI08_1,KI08,artificial,inner_race,N15_M01_F10,1499.72,cepstrum,10666.7,13333.3,5.4002,normal,0.348,0.244503658414708,0,0.016999999999999998,0.488,0.05621235604916154,2,0.011
N15_M01_F10_KI08_10,KI08,artificial,inner_race,N15_M01_F10,1499.61,cepstrum,10666.7,13333.3,5.7815,normal,0.314,0.7096808999932556,1,-0.0010000000000000009,0.498,0.007766622859785202,4,0.012
N15_M01_F10_KI08_11,KI08,artificial,inner_race,N15_M01_F10,1499.39,cepstrum,10666.7,13333.3,8.2617,normal,0.562,-0.43116480593581163,1,-0.0010000000000000009,0.248,0.7241216955178708,3,0.012
N15_M01_F10_KI08_12,KI08,artificial,inner_race,N15_M01_F10,1499.53,cepstrum,10666.7,13333.3,5.5108,normal,0.722,-0.45921237157733236,1,0.0,0.574,-0.17519659303752672,2,0.012
N15_M01_F10_KI08_13,KI08,artificial,inner_race,N15_M01_F10,1499.38,cepstrum,10666.7,13333.3,5.9273,normal,0.312,0.8917251170521626,0,0.016000000000000004,0.462,0.14075106619394467,3,0.012
N15_M01_F10_KI08_14,KI08,artificial,inner_race,N15_M01_F10,1499.36,cepstrum,10666.7,13333.3,5.6522,normal,0.78,-0.5125773532937115,1,-0.0010000000000000009,0.184,0.7414016028894528,4,0.012
N15_M01_F10_KI08_15,KI08,artificial,inner_race,N15_M01_F10,1499.66,cepstrum,10666.7,13333.3,5.9158,normal,0.694,-0.432983401928815,0,0.016000000000000004,0.274,0.7618082744221621,3,0.011
N15_M01_F10_KI08_16,KI08,artificial,inner_race,N15_M01_F10,1499.69,cepstrum,12000.0,14000.0,5.2568,normal,0.922,-1.0490720665332045,1,0.0,0.424,0.15236803984409714,2,0.012
N15_M01_F10_KI08_17,KI08,artificial,inner_race,N15_M01_F10,1499.32,cepstrum,10666.7,13333.3,7.3638,normal,0.692,-0.40473719206574804,0,0.016999999999999998,0.614,-0.22234377983882792,3,0.012
N15_M01_F10_KI08_18,KI08,artificial,inner_race,N15_M01_F10,1499.46,cepstrum,10666.7,13333.3,6.5346,normal,0.346,0.4394612247464421,1,0.0010000000000000009,0.52,-0.07870379213477878,1,-0.009000000000000001
N15_M01_F10_KI08_19,KI08,artificial,inner_race,N15_M01_F10,1499.64,cepstrum,10666.7,13333.3,7.685,normal,0.658,-0.37709818595611155,1,-0.0010000000000000009,0.374,0.23328509450075202,1,-0.009000000000000001
N15_M01_F10_KI08_2,KI08,artificial,inner_race,N15_M01_F10,1499.45,cepstrum,12000.0,14000.0,8.4051,normal,0.544,-0.19483617110389867,1,0.0010000000000000009,0.32,0.3434653531980924,3,0.012
N15_M01_F10_KI08_20,KI08,artificial,inner_race,N15_M01_F10,1499.76,cepstrum,10666.7,13333.3,5.913,normal,0.236,0.711361703169024,1,-0.0010000000000000009,0.088,2.3746696242977197,3,0.011
N15_M01_F10_KI08_3,KI08,artificial,inner_race,N15_M01_F10,1499.4,cepstrum,10666.7,13333.3,8.7679,normal,0.274,2.0834687269830336,1,0.0010000000000000009,0.812,-0.7552736737213578,1,-0.014
N15_M01_F10_KI08_4,KI08,artificial,inner_race,N15_M01_F10,1499.97,cepstrum,12000.0,14000.0,6.6612,inner_race,0.508,-0.09173266413105213,1,-0.0010000000000000009,0.002,2.1253215683734226,3,0.011
N15_M01_F10_KI08_5,KI08,artificial,inner_race,N15_M01_F10,1499.6,cepstrum,12000.0,14000.0,5.6739,normal,0.388,0.2980809724768135,1,-0.0010000000000000009,0.542,-0.13869558214968025,2,0.009999999999999998
N15_M01_F10_KI08_6,KI08,artificial,inner_race,N15_M01_F10,1499.69,cepstrum,10666.7,13333.3,6.411,normal,0.376,0.8740383181548094,1,0.0,0.508,-0.027593325743681136,3,0.012
N15_M01_F10_KI08_7,KI08,artificial,inner_race,N15_M01_F10,1499.6,cepstrum,10666.7,13333.3,5.6311,normal,0.452,0.08350518740311615,1,-0.0010000000000000009,0.472,0.07447887162680926,3,0.012
N15_M01_F10_KI08_8,KI08,artificial,inner_race,N15_M01_F10,1499.77,cepstrum,10666.7,13333.3,7.9441,normal,0.488,0.1827519269960235,1,0.0,0.544,-0.1429906204370341,3,0.011
N15_M01_F10_KI08_9,KI08,artificial,inner_race,N15_M01_F10,1499.65,cepstrum,10666.7,13333.3,6.3195,normal,0.576,-0.3601039248325479,1,0.0,0.34,0.4370050010024118,3,0.012
N15_M01_F10_KI14_1,KI14,real,inner_race,N15_M01_F10,1499.54,cepstrum,12000.0,14000.0,2.7197,normal,0.78,-1.132045167154729,0,-0.0010000000000000009,0.89,-0.9146583899162489,2,-0.01
N15_M01_F10_KI14_10,KI14,real,inner_race,N15_M01_F10,1499.47,cepstrum,12000.0,14000.0,2.728,normal,0.698,-0.5645300913581225,0,0.0,0.76,-0.5815715913992819,2,-0.017
N15_M01_F10_KI14_11,KI14,real,inner_race,N15_M01_F10,1499.41,cepstrum,12000.0,14000.0,3.1711,normal,0.462,0.02675804221405704,0,0.0,0.726,-0.6569605358541941,0,0.011
N15_M01_F10_KI14_12,KI14,real,inner_race,N15_M01_F10,1499.56,cepstrum,12000.0,14000.0,2.9064,normal,0.402,0.11662226259983223,1,0.016000000000000004,0.98,-1.275757075206715,1,-0.01
N15_M01_F10_KI14_13,KI14,real,inner_race,N15_M01_F10,1499.46,cepstrum,12000.0,14000.0,3.1629,normal,0.764,-0.9795774259632922,0,-0.013000000000000001,0.826,-0.8724065814151858,0,0.005000000000000001
N15_M01_F10_KI14_14,KI14,real,inner_race,N15_M01_F10,1499.64,cepstrum,12000.0,14000.0,2.8281,normal,0.256,0.8011898178514537,0,0.015000000000000003,0.866,-1.3087945054735854,0,0.015000000000000003
N15_M01_F10_KI14_15,KI14,real,inner_race,N15_M01_F10,1499.54,cepstrum,12000.0,14000.0,3.3394,normal,0.762,-0.6793481864885907,0,-0.0019999999999999983,0.88,-1.1260980123528752,1,-0.009000000000000001
N15_M01_F10_KI14_16,KI14,real,inner_race,N15_M01_F10,1499.5,cepstrum,12000.0,14000.0,3.511,normal,0.778,-0.6800442166007974,0,0.014000000000000002,0.89,-0.8135941550708738,1,-0.01
N15_M01_F10_KI14_17,KI14,real,inner_race,N15_M01_F10,1499.6,cepstrum,12000.0,14000.0,3.6094,normal,0.65,-0.36796822345337027,0,0.0,0.278,0.7112016169861504,1,-0.017
N15_M01_F10_KI14_18,KI14,real,inner_race,N15_M01_F10,1499.75,cepstrum,12000.0,14000.0,2.727,normal,0.868,-0.7979814769447496,0,-0.014,0.542,-0.21578881066497874,1,-0.01
N15_M01_F10_KI14_19,KI14,real,inner_race,N15_M01_F10,1499.78,cepstrum,12000.0,14000.0,2.7871,normal,0.764,-0.4707782023734049,0,-0.008,0.538,-0.04238951950717517,1,-0.002999999999999999
N15_M01_F10_KI14_2,KI14,real,inner_race,N15_M01_F10,1499.6,cepstrum,12000.0,14000.0,2.8483,normal,0.15,1.2112309503410683,0,-0.018000000000000002,0.496,0.022293761208786976,2,-0.016
N15_M01_F10_KI14_20,KI14,real,inner_race,N15_M01_F10,1499.6,cepstrum,12000.0,14000.0,2.9945,normal,0.96,-0.9762791736539436,0,0.016000000000000004,0.952,-0.9498075332573135,1,-0.017
N15_M01_F10_KI14_3,KI14,real,inner_race,N15_M01_F10,1499.63,cepstrum,12000.0,14000.0,2.6821,normal,0.954,-2.0491710128163243,0,0.014000000000000002,0.912,-0.7529787935159179,1,-0.01
N15_M01_F10_KI14_4,KI14,real,inner_race,N15_M01_F10,1499.77,cepstrum,12000.0,14000.0,2.946,normal,0.876,-0.937012870096999,0,0.018,0.642,-0.4504674515015291,1,-0.009000000000000001
N15_M01_F10_KI14_5,KI14,real,inner_race,N15_M01_F10,1499.65,cepstrum,12000.0,14000.0,2.4701,normal,0.65,-0.4758015548399073,0,0.015000000000000003,0.818,-0.7693539198467713,0,0.011
N15_M01_F10_KI14_6,KI14,real,inner_race,N15_M01_F10,1499.49,cepstrum,12000.0,14000.0,2.6666,normal,0.77,-0.48433806628505294,0,-0.017,0.588,-0.24443078327444567,1,-0.009000000000000001
N15_M01_F10_KI14_7,KI14,real,inner_race,N15_M01_F10,1499.73,cepstrum,12000.0,14000.0,3.0515,normal,1.0,-1.3615327760285734,0,0.016000000000000004,0.916,-1.3744249161694528,1,-0.009000000000000001
N15_M01_F10_KI14_8,KI14,real,inner_race,N15_M01_F10,1499.29,cepstrum,12000.0,14000.0,2.5505,normal,0.962,-1.46102345175565,0,-0.018000000000000002,0.886,-0.9926578669082625,1,-0.01
N15_M01_F10_KI14_9,KI14,real,inner_race,N15_M01_F10,1499.61,cepstrum,12000.0,14000.0,3.1713,normal,0.306,1.2107356682677501,0,0.015000000000000003,0.41,0.3659607987824922,1,-0.009000000000000001
N15_M01_F10_KI16_1,KI16,real,inner_race,N15_M01_F10,1499.77,cepstrum,8000.0,10666.7,4.5507,inner_race,0.002,4.347007736561722,2,-0.017,0.002,6.0141345863864535,7,0.002999999999999999
N15_M01_F10_KI16_10,KI16,real,inner_race,N15_M01_F10,1499.71,cepstrum,8000.0,10666.7,4.1899,inner_race,0.002,10.74733769589495,0,-0.017,0.002,3.5154285372149188,8,0.0019999999999999983
N15_M01_F10_KI16_11,KI16,real,inner_race,N15_M01_F10,1499.06,cepstrum,8000.0,10666.7,4.0576,inner_race,0.002,5.792595855594425,1,-0.016,0.002,4.164699864751943,8,0.0010000000000000009
N15_M01_F10_KI16_12,KI16,real,inner_race,N15_M01_F10,1499.85,cepstrum,8000.0,10666.7,4.6631,outer_race,0.012,5.020798139131308,2,-0.018000000000000002,0.002,4.454588109942063,13,0.0019999999999999983
N15_M01_F10_KI16_13,KI16,real,inner_race,N15_M01_F10,1499.53,cepstrum,8000.0,10666.7,4.0822,outer_race,0.014,6.303520598385061,2,-0.018000000000000002,0.002,4.128911234475862,14,0.0019999999999999983
N15_M01_F10_KI16_14,KI16,real,inner_race,N15_M01_F10,1499.67,cepstrum,8000.0,10666.7,3.7259,inner_race,0.002,6.294903121945559,1,-0.019,0.002,3.4651623748226594,5,0.0019999999999999983
N15_M01_F10_KI16_15,KI16,real,inner_race,N15_M01_F10,1499.95,cepstrum,8000.0,10666.7,3.6953,inner_race,0.002,6.102387836159444,0,-0.018000000000000002,0.002,4.7987884603537525,10,0.002999999999999999
N15_M01_F10_KI16_16,KI16,real,inner_race,N15_M01_F10,1499.56,cepstrum,8000.0,10666.7,3.3744,inner_race,0.006,5.289710945981677,0,-0.016,0.002,4.20816902898607,6,0.002999999999999999
N15_M01_F10_KI16_17,KI16,real,inner_race,N15_M01_F10,1499.57,cepstrum,8000.0,10666.7,3.784,inner_race,0.002,4.234843425143921,0,-0.018000000000000002,0.002,3.6429265908548536,11,0.0019999999999999983
N15_M01_F10_KI16_18,KI16,real,inner_race,N15_M01_F10,1499.55,cepstrum,8000.0,10666.7,3.7577,inner_race,0.002,7.589145955866332,0,-0.017,0.002,4.326723119669566,4,0.0019999999999999983
N15_M01_F10_KI16_19,KI16,real,inner_race,N15_M01_F10,1499.94,cepstrum,8000.0,10666.7,5.149,inner_race,0.14,1.8315795438480726,0,-0.011,0.002,3.99090799387195,4,0.002999999999999999
N15_M01_F10_KI16_2,KI16,real,inner_race,N15_M01_F10,1499.52,cepstrum,8000.0,10666.7,3.505,inner_race,0.002,4.388289621056298,1,-0.019,0.002,3.735008678206002,13,0.0019999999999999983
N15_M01_F10_KI16_20,KI16,real,inner_race,N15_M01_F10,1499.74,cepstrum,8000.0,10666.7,4.0002,outer_race,0.004,6.721344413823187,2,-0.017,0.002,3.8196943648134667,14,0.002999999999999999
N15_M01_F10_KI16_3,KI16,real,inner_race,N15_M01_F10,1499.78,cepstrum,8000.0,10666.7,4.2673,inner_race,0.002,6.749672944708875,1,-0.018000000000000002,0.002,3.737828633215698,10,0.0019999999999999983
N15_M01_F10_KI16_4,KI16,real,inner_race,N15_M01_F10,1499.71,cepstrum,8000.0,10666.7,3.967,outer_race,0.002,11.139170279313998,2,-0.018000000000000002,0.002,5.281312749307868,13,0.0019999999999999983
N15_M01_F10_KI16_5,KI16,real,inner_race,N15_M01_F10,1499.44,cepstrum,8000.0,10666.7,3.8809,outer_race,0.002,6.408410672482601,2,-0.018000000000000002,0.002,5.161108202664194,13,0.0019999999999999983
N15_M01_F10_KI16_6,KI16,real,inner_race,N15_M01_F10,1499.61,cepstrum,8000.0,10666.7,3.9672,inner_race,0.002,4.7783746199670665,0,-0.018000000000000002,0.002,4.89379567386094,8,0.0019999999999999983
N15_M01_F10_KI16_7,KI16,real,inner_race,N15_M01_F10,1499.69,cepstrum,8000.0,10666.7,4.2598,inner_race,0.002,5.76232639081948,0,-0.018000000000000002,0.002,3.888887512722414,7,0.0019999999999999983
N15_M01_F10_KI16_8,KI16,real,inner_race,N15_M01_F10,1499.52,cepstrum,8000.0,10666.7,4.2635,outer_race,0.002,9.097183382953586,3,-0.018000000000000002,0.002,2.244292063099617,9,0.0019999999999999983
N15_M01_F10_KI16_9,KI16,real,inner_race,N15_M01_F10,1499.56,cepstrum,8000.0,10666.7,3.8697,outer_race,0.02,6.244298595975915,2,-0.019,0.002,4.759968480932302,8,0.0019999999999999983
N15_M01_F10_KI17_1,KI17,real,inner_race,N15_M01_F10,1499.69,cepstrum,10666.7,13333.3,4.722,normal,0.378,0.3586412001958642,0,0.014000000000000002,0.392,0.24926784114115172,1,-0.01
N15_M01_F10_KI17_10,KI17,real,inner_race,N15_M01_F10,1499.58,cepstrum,12000.0,14000.0,4.3467,normal,0.934,-1.506416704924608,0,-0.012,0.818,-0.800130069177475,1,0.011
N15_M01_F10_KI17_11,KI17,real,inner_race,N15_M01_F10,1499.02,cepstrum,10000.0,12000.0,5.66,normal,0.926,-0.9124603263761208,0,0.02,0.002,4.438008683337725,0,-0.002999999999999999
N15_M01_F10_KI17_12,KI17,real,inner_race,N15_M01_F10,1500.13,cepstrum,12000.0,14000.0,4.0977,normal,0.592,-0.39703963342058496,0,0.016999999999999998,0.484,0.06302819940159923,2,-0.004
N15_M01_F10_KI17_13,KI17,real,inner_race,N15_M01_F10,1500.15,cepstrum,10000.0,12000.0,4.7336,normal,0.998,-1.1238463523678597,0,0.019,0.002,2.937124190437458,0,-0.002999999999999999
N15_M01_F10_KI17_14,KI17,real,inner_race,N15_M01_F10,1500.19,cepstrum,12000.0,14000.0,4.5454,normal,0.438,0.39453278909487915,0,0.0,0.96,-0.9065025870062258,1,-0.004
N15_M01_F10_KI17_15,KI17,real,inner_race,N15_M01_F10,1499.52,cepstrum,10666.7,13333.3,4.7025,normal,0.392,0.27888970137921,0,0.016000000000000004,0.562,-0.174317801589323,1,-0.004
N15_M01_F10_KI17_16,KI17,real,inner_race,N15_M01_F10,1499.51,cepstrum,12000.0,14000.0,3.8386,normal,0.57,-0.1700811026694951,0,-0.009000000000000001,0.818,-0.8170450644732947,1,-0.009000000000000001
N15_M01_F10_KI17_17,KI17,real,inner_race,N15_M01_F10,1500.08,cepstrum,10666.7,13333.3,3.5448,normal,0.842,-0.6670617391900048,0,0.02,0.238,0.8768538131014696,1,-0.002999999999999999
N15_M01_F10_KI17_18,KI17,real,inner_race,N15_M01_F10,1499.57,cepstrum,12000.0,14000.0,4.1264,normal,0.628,-0.3127906656591231,0,-0.015,0.948,-1.016038095200533,1,-0.002999999999999999
N15_M01_F10_KI17_19,KI17,real,inner_race,N15_M01_F10,1500.74,cepstrum,12000.0,14000.0,3.9401,normal,0.602,-0.22661924401106756,0,0.015000000000000003,0.926,-1.196208714354832,1,-0.005000000000000001
N15_M01_F10_KI17_2,KI17,real,inner_race,N15_M01_F10,1499.79,cepstrum,12000.0,14000.0,4.5165,normal,0.722,-0.4653954005455734,0,-0.004,0.736,-0.5383577044837998,0,0.008
N15_M01_F10_KI17_20,KI17,real,inner_race,N15_M01_F10,1499.5,cepstrum,12000.0,14000.0,3.8293,normal,0.862,-1.6852757891458396,0,0.02,0.878,-0.7744089141774109,1,-0.01
N15_M01_F10_KI17_3,KI17,real,inner_race,N15_M01_F10,1499.86,cepstrum,10666.7,13333.3,4.4838,normal,0.428,0.2218368825252177,0,0.018,0.698,-0.39479947854844577,1,-0.009000000000000001
N15_M01_F10_KI17_4,KI17,real,inner_race,N15_M01_F10,1499.83,cepstrum,12000.0,14000.0,3.8916,normal,0.84,-1.028474920286551,0,0.02,0.464,0.1891542216500667,1,-0.004
N15_M01_F10_KI17_5,KI17,real,inner_race,N15_M01_F10,1499.69,cepstrum,12000.0,14000.0,4.2747,normal,0.614,-0.24717473294807027,0,0.016000000000000004,0.66,-0.3761166225104594,1,-0.01
N15_M01_F10_KI17_6,KI17,real,inner_race,N15_M01_F10,1499.94,cepstrum,12000.0,14000.0,4.4659,normal,0.646,-0.3596664334088763,0,0.016000000000000004,0.454,0.16811087193531102,0,0.011
N15_M01_F10_KI17_7,KI17,real,inner_race,N15_M01_F10,1499.82,cepstrum,12000.0,14000.0,4.5605,normal,0.412,0.23301956049184497,0,0.019,0.672,-0.38083283670967866,1,-0.01
N15_M01_F10_KI17_8,KI17,real,inner_race,N15_M01_F10,1499.67,cepstrum,12000.0,14000.0,4.2078,normal,0.482,0.00883318685824534,0,-0.002999999999999999,0.736,-0.6176066701621655,0,-0.004
N15_M01_F10_KI17_9,KI17,real,inner_race,N15_M01_F10,1499.97,cepstrum,10000.0,12000.0,4.3174,normal,0.722,-0.5318688861240307,0,0.016000000000000004,0.002,3.6761513712671916,0,-0.002999999999999999
N15_M01_F10_KI18_1,KI18,real,inner_race,N15_M01_F10,1499.68,cepstrum,8000.0,10666.7,4.7002,inner_race,0.03,5.23129743010231,1,-0.019,0.002,5.514070762226545,23,-0.002999999999999999
N15_M01_F10_KI18_10,KI18,real,inner_race,N15_M01_F10,1499.59,cepstrum,8000.0,10666.7,4.3059,inner_race,0.404,0.31699969991557336,1,-0.015,0.002,4.715792484982102,24,-0.002999999999999999
N15_M01_F10_KI18_11,KI18,real,inner_race,N15_M01_F10,1499.79,cepstrum,8000.0,10666.7,4.4154,inner_race,0.254,0.8589998134969751,1,-0.011,0.002,4.329592763556777,22,-0.002999999999999999
N15_M01_F10_KI18_12,KI18,real,inner_race,N15_M01_F10,1499.54,cepstrum,8000.0,10666.7,4.3583,inner_race,0.744,-0.5839960169268659,1,-0.016,0.002,4.853278008810151,24,-0.002999999999999999
N15_M01_F10_KI18_13,KI18,real,inner_race,N15_M01_F10,1499.62,cepstrum,8000.0,10666.7,4.4087,inner_race,0.056,1.247458921314013,1,-0.019,0.002,3.6947878057471675,23,-0.0019999999999999983
N15_M01_F10_KI18_14,KI18,real,inner_race,N15_M01_F10,1499.5,cepstrum,8000.0,10666.7,4.4175,inner_race,0.06,1.2873025848369999,1,-0.017,0.002,5.939932370144916,24,-0.002999999999999999
N15_M01_F10_KI18_15,KI18,real,inner_race,N15_M01_F10,1499.55,cepstrum,8000.0,10666.7,4.6407,inner_race,0.08,1.134707407516418,1,-0.017,0.002,5.012288836103532,22,-0.002999999999999999
N15_M01_F10_KI18_16,KI18,real,inner_race,N15_M01_F10,1499.56,cepstrum,8000.0,10666.7,4.2215,inner_race,0.126,1.062329025334381,1,-0.017,0.002,3.807106393465409,24,-0.002999999999999999
N15_M01_F10_KI18_17,KI18,real,inner_race,N15_M01_F10,1499.47,cepstrum,8000.0,10666.7,4.5814,inner_race,0.6,-0.25476475763805206,1,-0.015,0.002,4.127670475679926,23,-0.002999999999999999
N15_M01_F10_KI18_18,KI18,real,inner_race,N15_M01_F10,1499.66,cepstrum,8000.0,10666.7,4.8375,inner_race,0.034,2.5942392686755893,1,-0.018000000000000002,0.002,4.4661419285025135,24,-0.002999999999999999
N15_M01_F10_KI18_19,KI18,real,inner_race,N15_M01_F10,1499.59,cepstrum,8000.0,10666.7,4.2865,inner_race,0.214,0.6668272205145728,1,-0.019,0.002,3.769206615421019,23,-0.002999999999999999
N15_M01_F10_KI18_2,KI18,real,inner_race,N15_M01_F10,1499.52,cepstrum,8000.0,10666.7,4.174,inner_race,0.558,-0.07483318531500949,1,-0.019,0.002,4.480406001759886,22,-0.002999999999999999
N15_M01_F10_KI18_20,KI18,real,inner_race,N15_M01_F10,1499.73,cepstrum,8000.0,10666.7,4.3516,inner_race,0.032,2.824307422913534,1,-0.019,0.002,4.190459139177333,18,-0.002999999999999999
N15_M01_F10_KI18_3,KI18,real,inner_race,N15_M01_F10,1499.46,cepstrum,8000.0,10666.7,4.2881,inner_race,0.258,0.594826435917689,1,-0.019,0.002,3.8540200821288346,21,-0.002999999999999999
N15_M01_F10_KI18_4,KI18,real,inner_race,N15_M01_F10,1499.57,cepstrum,8000.0,10666.7,4.7689,inner_race,0.252,1.0931782065077569,1,-0.018000000000000002,0.002,3.0346975017428726,24,-0.002999999999999999
N15_M01_F10_KI18_5,KI18,real,inner_race,N15_M01_F10,1499.37,cepstrum,8000.0,10666.7,4.1352,inner_race,0.286,0.47445509859321194,1,-0.018000000000000002,0.002,3.836625226172078,22,-0.002999999999999999
N15_M01_F10_KI18_6,KI18,real,inner_race,N15_M01_F10,1499.46,cepstrum,8000.0,10666.7,4.1708,inner_race,0.048,1.6988981500990672,1,-0.019,0.002,3.089291356829328,20,-0.0019999999999999983
N15_M01_F10_KI18_7,KI18,real,inner_race,N15_M01_F10,1499.57,cepstrum,8000.0,10666.7,4.2443,inner_race,0.046,2.6790817316871185,1,-0.016,0.002,5.648119833136327,24,-0.002999999999999999
N15_M01_F10_KI18_8,KI18,real,inner_race,N15_M01_F10,1499.86,cepstrum,8000.0,10666.7,4.1734,inner_race,0.122,0.7566548269170035,1,-0.019,0.002,4.101915936817367,24,-0.002999999999999999
N15_M01_F10_KI18_9,KI18,real,inner_race,N15_M01_F10,1499.4,cepstrum,8000.0,10666.7,4.4081,inner_race,0.316,0.8191797480970504,1,-0.02,0.002,5.958550736413141,24,-0.002999999999999999
N15_M01_F10_KI21_1,KI21,real,inner_race,N15_M01_F10,1499.72,cepstrum,10666.7,13333.3,4.8639,normal,0.858,-1.1756116954323463,0,-0.012,0.9,-0.9032643936191649,1,-0.01
N15_M01_F10_KI21_10,KI21,real,inner_race,N15_M01_F10,1499.71,cepstrum,12000.0,14000.0,4.6156,normal,0.596,-0.2459984935766426,0,0.0,0.478,0.1584919173494273,2,-0.011
N15_M01_F10_KI21_11,KI21,real,inner_race,N15_M01_F10,1499.58,cepstrum,10666.7,13333.3,4.5061,normal,0.422,0.13577926079742134,1,0.016999999999999998,0.754,-0.47949207731819365,1,-0.009000000000000001
N15_M01_F10_KI21_12,KI21,real,inner_race,N15_M01_F10,1499.42,cepstrum,10666.7,13333.3,4.285,normal,0.642,-0.2583653123459651,0,-0.011,0.482,0.06553041127514209,1,-0.01
N15_M01_F10_KI21_13,KI21,real,inner_race,N15_M01_F10,1499.62,cepstrum,10666.7,13333.3,3.9405,normal,0.31,0.6825901985343081,0,-0.015,0.362,0.6156024660700636,0,-0.009000000000000001
N15_M01_F10_KI21_14,KI21,real,inner_race,N15_M01_F10,1499.63,cepstrum,10666.7,13333.3,4.4505,normal,0.448,0.07094889841873868,1,0.015000000000000003,0.798,-0.7383529839627122,1,-0.004
N15_M01_F10_KI21_15,KI21,real,inner_race,N15_M01_F10,1499.57,cepstrum,10666.7,13333.3,4.6629,normal,0.702,-0.2634652027079238,0,-0.011,0.314,0.7209703682603764,1,0.015000000000000003
N15_M01_F10_KI21_16,KI21,real,inner_race,N15_M01_F10,1499.65,cepstrum,10666.7,13333.3,4.2224,normal,0.774,-0.8265273899781211,0,-0.019,0.688,-0.45395261220042854,0,0.015000000000000003
N15_M01_F10_KI21_17,KI21,real,inner_race,N15_M01_F10,1499.46,cepstrum,10666.7,13333.3,5.3875,normal,0.494,0.05135216619791433,0,0.014000000000000002,0.51,-0.037219917560697306,2,-0.009000000000000001
N15_M01_F10_KI21_18,KI21,real,inner_race,N15_M01_F10,1499.57,cepstrum,10666.7,13333.3,4.2335,normal,0.696,-0.42840040599846224,1,0.015000000000000003,0.618,-0.26205774216302946,1,0.009999999999999998
N15_M01_F10_KI21_19,KI21,real,inner_race,N15_M01_F10,1499.55,cepstrum,10666.7,13333.3,4.6914,normal,0.81,-0.3235313454824808,0,0.016000000000000004,0.548,-0.08196905673172715,1,-0.01
N15_M01_F10_KI21_2,KI21,real,inner_race,N15_M01_F10,1499.52,cepstrum,10666.7,13333.3,4.385,normal,0.822,-0.8335732667221801,0,-0.012,0.892,-1.217111853599252,2,-0.011
N15_M01_F10_KI21_20,KI21,real,inner_race,N15_M01_F10,1499.56,cepstrum,10666.7,13333.3,4.0686,normal,0.706,-0.38430097004518654,0,0.016999999999999998,0.704,-0.4689646452930267,0,0.019
N15_M01_F10_KI21_3,KI21,real,inner_race,N15_M01_F10,1499.61,cepstrum,12000.0,14000.0,5.2214,normal,0.64,-0.18686107514193362,0,-0.004,0.488,0.1420495657432909,0,0.015000000000000003
N15_M01_F10_KI21_4,KI21,real,inner_race,N15_M01_F10,1499.61,cepstrum,10666.7,13333.3,4.4798,normal,0.506,-0.0068853372783334735,0,-0.011,0.656,-0.38432061265120415,1,0.015000000000000003
N15_M01_F10_KI21_5,KI21,real,inner_race,N15_M01_F10,1499.74,cepstrum,10666.7,13333.3,4.411,normal,0.546,-0.1399286835638257,1,0.016000000000000004,0.662,-0.548185605384016,1,-0.01
N15_M01_F10_KI21_6,KI21,real,inner_race,N15_M01_F10,1499.62,cepstrum,10666.7,13333.3,4.6832,normal,0.382,0.086075220718961,1,0.015000000000000003,0.406,0.32046067996729594,2,0.015000000000000003
N15_M01_F10_KI21_7,KI21,real,inner_race,N15_M01_F10,1499.55,cepstrum,10666.7,13333.3,4.527,normal,0.232,1.1660931577229496,1,0.016000000000000004,0.674,-0.3097912648835057,1,0.005000000000000001
N15_M01_F10_KI21_8,KI21,real,inner_race,N15_M01_F10,1499.73,cepstrum,10666.7,13333.3,5.3582,normal,0.836,-0.9998881482220962,0,-0.0019999999999999983,0.39,0.2199410498804971,1,-0.01
N15_M01_F10_KI21_9,KI21,real,inner_race,N15_M01_F10,1499.58,cepstrum,10666.7,13333.3,4.5157,normal,0.456,0.06162597334336905,1,0.016999999999999998,0.826,-0.6691102247583818,2,-0.01
N15_M07_F04_K001_1,K001,none,normal,N15_M07_F04,1499.56,cepstrum,10000.0,12000.0,2.2511,inner_race,0.57,-0.1667739098985863,1,0.0019999999999999983,0.002,2.7791376556155565,2,0.009999999999999998
N15_M07_F04_K001_10,K001,none,normal,N15_M07_F04,1499.63,cepstrum,10666.7,13333.3,2.6518,normal,0.436,0.4571887520387896,1,-0.0010000000000000009,0.248,0.6270092500709059,3,0.012
N15_M07_F04_K001_11,K001,none,normal,N15_M07_F04,1499.55,cepstrum,12000.0,14000.0,2.285,normal,0.658,-0.43627443780153374,1,0.0019999999999999983,0.006,2.391093846014638,1,0.011
N15_M07_F04_K001_12,K001,none,normal,N15_M07_F04,1499.59,cepstrum,10000.0,12000.0,2.1782,normal,0.226,0.8390710896824821,1,0.0,0.196,0.8038477694255747,2,0.012
N15_M07_F04_K001_13,K001,none,normal,N15_M07_F04,1499.62,cepstrum,10666.7,13333.3,2.6543,normal,0.144,3.022749574083428,1,-0.0010000000000000009,0.07,1.740277244261358,2,0.011
N15_M07_F04_K001_14,K001,none,normal,N15_M07_F04,1499.57,cepstrum,10666.7,13333.3,2.4464,normal,0.27,0.7575971226473787,1,-0.0019999999999999983,0.074,1.8856045475887708,3,0.011
N15_M07_F04_K001_15,K001,none,normal,N15_M07_F04,1499.61,cepstrum,10666.7,13333.3,2.6063,normal,0.824,-0.6914432415388576,1,-0.0019999999999999983,0.082,2.0062527131812202,1,0.009999999999999998
N15_M07_F04_K001_16,K001,none,normal,N15_M07_F04,1499.61,cepstrum,12000.0,14000.0,2.6292,normal,0.426,0.38367407905844364,1,-0.0019999999999999983,0.622,-0.3044437622437269,2,0.012
N15_M07_F04_K001_17,K001,none,normal,N15_M07_F04,1499.58,cepstrum,10666.7,13333.3,2.5369,normal,0.214,0.8370025471683523,1,-0.0019999999999999983,0.25,0.7172530225749718,2,0.009999999999999998
N15_M07_F04_K001_18,K001,none,normal,N15_M07_F04,1499.6,cepstrum,10000.0,12000.0,2.2518,normal,0.148,1.1286904459685478,0,0.0,0.066,2.2400397756582127,1,0.009999999999999998
N15_M07_F04_K001_19,K001,none,normal,N15_M07_F04,1499.62,cepstrum,10666.7,13333.3,2.5591,normal,0.4,0.5259842944513166,1,-0.0010000000000000009,0.328,0.5201249548213179,2,0.011
N15_M07_F04_K001_2,K001,none,normal,N15_M07_F04,1499.55,cepstrum,8000.0,12000.0,2.1149,inner_race,0.432,0.14482788549269718,1,0.0,0.022,2.862845323261368,4,0.009999999999999998
N15_M07_F04_K001_20,K001,none,normal,N15_M07_F04,1499.61,cepstrum,12000.0,14000.0,2.5984,inner_race,0.368,0.42822542715983686,0,-0.0010000000000000009,0.018,2.2589567818203005,3,0.011
N15_M07_F04_K001_3,K001,none,normal,N15_M07_F04,1499.62,cepstrum,12000.0,14000.0,2.1974,normal,0.466,0.17977699423370244,0,-0.0010000000000000009,0.068,2.05540163179579,3,0.009999999999999998
N15_M07_F04_K001_4,K001,none,normal,N15_M07_F04,1499.62,cepstrum,10666.7,13333.3,2.4342,inner_race,0.144,3.2619496373708414,2,0.0,0.018,2.617279094258749,3,0.009999999999999998
N15_M07_F04_K001_5,K001,none,normal,N15_M07_F04,1499.59,cepstrum,10666.7,13333.3,2.4453,normal,0.14,2.1954265994172144,1,-0.0010000000000000009,0.392,0.30685380443390753,2,0.011
N15_M07_F04_K001_6,K001,none,normal,N15_M07_F04,1499.56,cepstrum,10666.7,13333.3,2.3316,normal,0.526,-0.015991231756980084,0,-0.017,0.24,0.8861446836169051,2,0.012
N15_M07_F04_K001_7,K001,none,normal,N15_M07_F04,1499.63,cepstrum,10666.7,13333.3,2.3883,normal,0.526,-0.13315923384404454,1,-0.0010000000000000009,0.248,0.8335285579815629,1,0.011
N15_M07_F04_K001_8,K001,none,normal,N15_M07_F04,1499.55,cepstrum,10666.7,13333.3,2.2178,normal,0.462,0.08365713514455275,2,-0.0010000000000000009,0.872,-1.1384563219384296,1,-0.01
N15_M07_F04_K001_9,K001,none,normal,N15_M07_F04,1499.64,cepstrum,12000.0,14000.0,2.5944,normal,0.398,0.7773446040319524,0,-0.019,0.166,1.2525576581785574,2,0.012
N15_M07_F04_K002_1,K002,none,normal,N15_M07_F04,1499.46,cepstrum,12000.0,14000.0,5.1716,normal,0.556,-0.2630665169410461,0,0.015000000000000003,0.56,-0.11991596434191697,2,0.011
N15_M07_F04_K002_10,K002,none,normal,N15_M07_F04,1499.72,cepstrum,10666.7,13333.3,4.3252,normal,0.192,1.4344032275243856,1,-0.0019999999999999983,0.188,0.9130601248241931,2,0.012
N15_M07_F04_K002_11,K002,none,normal,N15_M07_F04,1499.15,cepstrum,10666.7,13333.3,6.5578,normal,0.922,-0.9624085432826145,1,0.0,0.192,1.0511384523341811,1,-0.014
N15_M07_F04_K002_12,K002,none,normal,N15_M07_F04,1499.65,cepstrum,10666.7,13333.3,7.3124,normal,0.574,-0.35801459291986293,1,0.0,0.684,-0.3633214838040711,2,0.012
N15_M07_F04_K002_13,K002,none,normal,N15_M07_F04,1499.59,cepstrum,12000.0,14000.0,5.8818,normal,0.456,0.06376161966882105,1,-0.0010000000000000009,0.804,-0.8074852234064348,1,0.008
N15_M07_F04_K002_14,K002,none,normal,N15_M07_F04,1499.51,cepstrum,12000.0,14000.0,4.0166,normal,0.482,0.12909391434688666,1,-0.0019999999999999983,0.228,1.1159195397888353,0,0.016000000000000004
N15_M07_F04_K002_15,K002,none,normal,N15_M07_F04,1499.55,cepstrum,12000.0,14000.0,4.9511,normal,0.218,1.0286274296698887,1,0.0,0.436,0.14470922296630384,1,0.006999999999999999
N15_M07_F04_K002_16,K002,none,normal,N15_M07_F04,1499.48,cepstrum,10666.7,13333.3,5.1719,normal,0.584,-0.21296325395461876,1,-0.0019999999999999983,0.962,-1.2272969598527497,0,-0.009000000000000001
N15_M07_F04_K002_17,K002,none,normal,N15_M07_F04,1499.29,cepstrum,10666.7,13333.3,6.0432,normal,0.742,-0.47019531056375236,0,0.016000000000000004,0.294,0.5598355363592755,0,0.016000000000000004
N15_M07_F04_K002_18,K002,none,normal,N15_M07_F04,1498.8,cepstrum,12000.0,14000.0,4.252,normal,0.62,-0.13738980140857956,0,0.018,0.318,0.7937825798724304,3,0.012
N15_M07_F04_K002_19,K002,none,normal,N15_M07_F04,1500.16,cepstrum,10666.7,13333.3,8.1913,normal,0.326,0.4304351665293887,1,-0.0019999999999999983,0.6,-0.21740684953964823,3,0.011
N15_M07_F04_K002_2,K002,none,normal,N15_M07_F04,1499.59,cepstrum,10666.7,13333.3,4.8445,normal,0.526,-0.017699917318447736,1,0.0,0.426,0.19092209941302135,3,0.009999999999999998
N15_M07_F04_K002_20,K002,none,normal,N15_M07_F04,1500.35,cepstrum,10666.7,13333.3,4.7416,normal,0.526,-0.009095756016074269,0,0.015000000000000003,0.43,0.1580168662890072,2,0.009999999999999998
N15_M07_F04_K002_3,K002,none,normal,N15_M07_F04,1499.49,cepstrum,12000.0,14000.0,5.0673,normal,0.444,0.27779575505458237,1,-0.0010000000000000009,0.362,0.40553940255282483,1,0.012
N15_M07_F04_K002_4,K002,none,normal,N15_M07_F04,1499.84,cepstrum,12000.0,14000.0,5.1094,normal,0.288,0.7040155686796717,1,-0.0019999999999999983,0.192,2.3670851407476676,2,0.011
N15_M07_F04_K002_5,K002,none,normal,N15_M07_F04,1499.88,cepstrum,10666.7,13333.3,6.3152,normal,0.63,-0.26089495606765856,0,0.016999999999999998,0.486,0.03900250176601152,1,0.012
N15_M07_F04_K002_6,K002,none,normal,N15_M07_F04,1499.37,cepstrum,10666.7,13333.3,6.8663,normal,0.75,-0.6004062191621398,0,-0.0019999999999999983,0.238,0.8717527685550851,1,0.012
N15_M07_F04_K002_7,K002,none,normal,N15_M07_F04,1499.54,cepstrum,10666.7,13333.3,7.0371,normal,0.416,0.3413000704073585,0,0.015000000000000003,0.664,-0.4352087066099825,1,0.011
N15_M07_F04_K002_8,K002,none,normal,N15_M07_F04,1499.54,cepstrum,10666.7,13333.3,5.6833,normal,0.55,-0.026017572686703256,1,0.0,0.134,1.5920028815009162,3,0.012
N15_M07_F04_K002_9,K002,none,normal,N15_M07_F04,1499.69,cepstrum,8000.0,12000.0,5.6957,normal,0.782,-0.6898839777394786,1,0.0,0.786,-0.6150504922789777,2,0.012
N15_M07_F04_K003_1,K003,none,normal,N15_M07_F04,1499.61,cepstrum,10666.7,13333.3,2.603,normal,0.298,0.46813659309403194,1,-0.0019999999999999983,0.14,1.0722039605699993,3,0.011
N15_M07_F04_K003_10,K003,none,normal,N15_M07_F04,1499.59,cepstrum,10666.7,13333.3,2.3139,normal,0.512,-0.0031462789128209336,0,-0.018000000000000002,0.224,0.864073680199032,2,0.009999999999999998
N15_M07_F04_K003_11,K003,none,normal,N15_M07_F04,1499.56,cepstrum,10666.7,13333.3,2.6429,normal,0.144,2.5750236489897267,1,-0.0010000000000000009,0.338,0.9220958455969706,3,0.009999999999999998
N15_M07_F04_K003_12,K003,none,normal,N15_M07_F04,1499.64,cepstrum,12000.0,14000.0,2.5092,normal,0.404,0.2689921843337234,0,-0.0010000000000000009,0.308,0.38922409736239133,0,-0.016
N15_M07_F04_K003_13,K003,none,normal,N15_M07_F04,1499.59,cepstrum,10000.0,12000.0,2.5614,normal,0.198,1.2004995526498345,1,-0.0010000000000000009,0.238,0.7797337318277515,2,0.011
N15_M07_F04_K003_14,K003,none,normal,N15_M07_F04,1499.56,cepstrum,12000.0,14000.0,2.9886,inner_race,0.152,0.7737981742591657,1,-0.0010000000000000009,0.024,2.84426292476215,3,0.011
N15_M07_F04_K003_15,K003,none,normal,N15_M07_F04,1499.64,cepstrum,10666.7,13333.3,2.5894,normal,0.722,-0.4205320251300311,0,0.016000000000000004,0.088,1.161681375095841,2,0.011
N15_M07_F04_K003_16,K003,none,normal,N15_M07_F04,1499.63,cepstrum,5333.3,10666.7,2.3402,normal,0.594,-0.19406461015266258,1,-0.018000000000000002,0.88,-1.1005656711244463,0,-0.015
N15_M07_F04_K003_17,K003,none,normal,N15_M07_F04,1499.5,cepstrum,10666.7,13333.3,2.4709,normal,0.302,1.148631854325118,1,0.0,0.26,0.6836495109583942,3,0.011
N15_M07_F04_K003_18,K003,none,normal,N15_M07_F04,1499.63,cepstrum,10666.7,13333.3,2.1614,normal,0.444,0.2966393583816011,1,0.0,0.082,1.560787604546177,2,0.011
N15_M07_F04_K003_19,K003,none,normal,N15_M07_F04,1499.6,cepstrum,10666.7,13333.3,2.6328,normal,0.538,-0.23794807305366059,1,0.0,0.114,1.7231151843131238,2,0.009999999999999998
N15_M07_F04_K003_2,K003,none,normal,N15_M07_F04,1499.68,cepstrum,5333.3,10666.7,2.3162,normal,0.552,-0.18425930823906891,1,-0.0010000000000000009,0.168,1.019526781940046,4,0.009999999999999998
N15_M07_F04_K003_20,K003,none,normal,N15_M07_F04,1499.63,cepstrum,10666.7,13333.3,2.3065,normal,0.292,0.790021719253535,1,0.0,0.442,0.10596545073100495,1,0.011
N15_M07_F04_K003_3,K003,none,normal,N15_M07_F04,1499.66,cepstrum,10666.7,13333.3,2.2701,normal,0.27,0.5655700943768649,1,0.0,0.028,2.3242225975391686,3,0.011
N15_M07_F04_K003_4,K003,none,normal,N15_M07_F04,1499.57,cepstrum,10000.0,12000.0,2.3736,normal,0.634,-0.47349749580762973,1,-0.0010000000000000009,0.076,1.3887710939926166,2,0.015000000000000003
N15_M07_F04_K003_5,K003,none,normal,N15_M07_F04,1499.59,cepstrum,10666.7,13333.3,2.6434,normal,0.572,-0.09113026125401615,1,-0.0010000000000000009,0.124,1.097833176103841,3,0.011
N15_M07_F04_K003_6,K003,none,normal,N15_M07_F04,1499.55,cepstrum,10666.7,13333.3,2.1931,normal,0.284,0.7122908872537514,1,-0.0010000000000000009,0.406,0.1737600756529871,1,0.011
N15_M07_F04_K003_7,K003,none,normal,N15_M07_F04,1499.59,cepstrum,10666.7,13333.3,2.4163,normal,0.264,0.8006664567947667,1,-0.0010000000000000009,0.286,0.4524548820005778,1,0.014000000000000002
N15_M07_F04_K003_8,K003,none,normal,N15_M07_F04,1499.69,cepstrum,10666.7,13333.3,2.4401,normal,0.206,2.0929223473346985,1,-0.0010000000000000009,0.276,0.6209018745143294,2,0.011
N15_M07_F04_K003_9,K003,none,normal,N15_M07_F04,1499.65,cepstrum,8000.0,12000.0,2.4074,normal,0.14,2.04726166377813,1,-0.0010000000000000009,0.068,1.44512380088102,3,0.009999999999999998
N15_M07_F04_K004_1,K004,none,normal,N15_M07_F04,1499.58,cepstrum,12000.0,14000.0,2.3096,normal,0.45,0.06215877508241482,0,-0.0010000000000000009,0.282,0.6900408897579944,2,0.011
N15_M07_F04_K004_10,K004,none,normal,N15_M07_F04,1499.61,cepstrum,12000.0,14000.0,2.2608,normal,0.304,0.7498455694188308,1,0.0,0.328,0.44404252771893155,1,0.011
N15_M07_F04_K004_11,K004,none,normal,N15_M07_F04,1499.63,cepstrum,12000.0,14000.0,2.8556,normal,0.28,0.448762110122504,0,-0.018000000000000002,0.284,0.5938879550939212,1,-0.009000000000000001
N15_M07_F04_K004_12,K004,none,normal,N15_M07_F04,1499.53,cepstrum,12000.0,14000.0,2.3315,normal,0.782,-0.7479846541085473,0,0.0,0.116,1.5241935732734244,2,0.011
N15_M07_F04_K004_13,K004,none,normal,N15_M07_F04,1499.53,cepstrum,10666.7,13333.3,1.9139,normal,0.312,0.2808111514829372,1,-0.0010000000000000009,0.368,0.45366254794278693,2,0.011
N15_M07_F04_K004_14,K004,none,normal,N15_M07_F04,1499.53,cepstrum,12000.0,14000.0,2.2286,normal,0.318,1.0363558083001536,0,-0.0019999999999999983,0.488,0.08525963507926738,2,-0.009000000000000001
N15_M07_F04_K004_15,K004,none,normal,N15_M07_F04,1499.61,cepstrum,12000.0,14000.0,2.5851,normal,0.308,0.8940376739808846,1,0.0,0.104,1.0316850911204012,2,-0.01
N15_M07_F04_K004_16,K004,none,normal,N15_M07_F04,1499.62,cepstrum,12000.0,14000.0,2.0666,normal,0.306,0.8135230419834109,1,-0.004,0.16,1.1122860273924093,1,0.011
N15_M07_F04_K004_17,K004,none,normal,N15_M07_F04,1499.59,cepstrum,10666.7,13333.3,1.8976,normal,0.284,0.834955091763478,0,0.0,0.578,-0.13456913898517583,2,0.011
N15_M07_F04_K004_18,K004,none,normal,N15_M07_F04,1499.68,cepstrum,12000.0,14000.0,2.1702,normal,0.312,0.5049163382614029,0,-0.018000000000000002,0.268,0.6394731722490424,1,0.009999999999999998
N15_M07_F04_K004_19,K004,none,normal,N15_M07_F04,1499.57,cepstrum,12000.0,14000.0,2.1574,normal,0.178,1.0353865670704765,1,-0.0010000000000000009,0.55,-0.15289133214458037,2,0.011
N15_M07_F04_K004_2,K004,none,normal,N15_M07_F04,1499.62,cepstrum,10666.7,13333.3,2.2078,normal,0.264,0.9069122049901991,1,-0.017,0.104,0.9014788936783172,3,0.011
N15_M07_F04_K004_20,K004,none,normal,N15_M07_F04,1499.62,cepstrum,12000.0,14000.0,2.5884,normal,0.25,1.6780883424254538,1,0.0,0.242,0.9140782947905245,2,0.009999999999999998
N15_M07_F04_K004_3,K004,none,normal,N15_M07_F04,1499.58,cepstrum,10666.7,13333.3,1.893,normal,0.704,-0.6910981054706643,0,0.016000000000000004,0.428,0.21102626746661277,0,-0.01
N15_M07_F04_K004_4,K004,none,normal,N15_M07_F04,1499.6,cepstrum,12000.0,14000.0,2.362,normal,0.466,0.13271135570889678,1,0.0,0.264,0.5925303367409925,2,0.009000000000000001
N15_M07_F04_K004_5,K004,none,normal,N15_M07_F04,1499.61,cepstrum,10666.7,13333.3,2.1846,normal,0.156,1.4068194190310597,1,-0.018000000000000002,0.224,1.1756282773096074,3,0.011
N15_M07_F04_K004_6,K004,none,normal,N15_M07_F04,1499.6,cepstrum,12000.0,14000.0,2.1503,normal,0.372,0.22284580527626754,0,-0.018000000000000002,0.008,2.749955192758445,1,0.011
N15_M07_F04_K004_7,K004,none,normal,N15_M07_F04,1499.55,cepstrum,10666.7,13333.3,2.2759,normal,0.34,1.1358684304927529,1,0.0,0.124,1.4946050587902904,1,0.011
N15_M07_F04_K004_8,K004,none,normal,N15_M07_F04,1499.61,cepstrum,10666.7,13333.3,1.9245,normal,0.57,-0.024380291885957,0,-0.018000000000000002,0.322,0.7885158900638553,1,0.011
N15_M07_F04_K004_9,K004,none,normal,N15_M07_F04,1499.61,cepstrum,10666.7,13333.3,2.1462,normal,0.274,0.700016688417826,1,-0.0019999999999999983,0.534,-0.11237528224892397,2,0.011
N15_M07_F04_K005_1,K005,none,normal,N15_M07_F04,1499.72,cepstrum,12000.0,14000.0,2.3404,normal,0.394,0.4441168513702416,0,0.016000000000000004,0.692,-0.4869067724550782,3,0.009999999999999998
N15_M07_F04_K005_10,K005,none,normal,N15_M07_F04,1499.63,cepstrum,12000.0,14000.0,2.0936,normal,0.64,-0.5095482561040243,0,-0.0019999999999999983,0.76,-0.6553723688491582,1,0.014000000000000002
N15_M07_F04_K005_11,K005,none,normal,N15_M07_F04,1499.59,cepstrum,12000.0,14000.0,1.4125,normal,0.178,1.7820387399469,0,-0.0019999999999999983,0.442,0.1676881646956113,0,-0.012
N15_M07_F04_K005_12,K005,none,normal,N15_M07_F04,1499.6,cepstrum,12000.0,14000.0,0.7984,normal,0.868,-0.9703213532501965,0,-0.017,0.248,0.7010153947959195,0,0.009999999999999998
N15_M07_F04_K005_13,K005,none,normal,N15_M07_F04,1499.61,cepstrum,12000.0,14000.0,0.8686,normal,0.886,-0.8548078306548547,0,0.0,0.684,-0.4361972959168987,0,-0.005000000000000001
N15_M07_F04_K005_14,K005,none,normal,N15_M07_F04,1499.65,cepstrum,12000.0,14000.0,0.8919,normal,0.404,0.6567183569691265,0,0.0,0.71,-0.4293228286580871,0,0.013000000000000001
N15_M07_F04_K005_15,K005,none,normal,N15_M07_F04,1499.61,cepstrum,12000.0,14000.0,1.598,normal,0.466,0.2513394854116616,0,0.0,0.696,-0.43521021537770066,0,0.009999999999999998
N15_M07_F04_K005_16,K005,none,normal,N15_M07_F04,1499.59,cepstrum,12000.0,14000.0,1.1628,normal,0.804,-0.6575468616510683,1,-0.018000000000000002,0.248,0.6463430468930172,2,0.011
N15_M07_F04_K005_17,K005,none,normal,N15_M07_F04,1499.59,cepstrum,12000.0,14000.0,0.9454,normal,0.636,-0.2380089680717079,0,-0.0019999999999999983,0.362,0.35566297043844813,0,-0.01
N15_M07_F04_K005_18,K005,none,normal,N15_M07_F04,1499.62,cepstrum,12000.0,14000.0,1.9275,normal,0.858,-0.7642295816139123,0,0.0,0.956,-1.277780206982877,1,0.015000000000000003
N15_M07_F04_K005_19,K005,none,normal,N15_M07_F04,1499.64,cepstrum,12000.0,14000.0,1.924,normal,0.262,0.9728199762445925,0,0.009999999999999998,0.796,-0.8402334659624072,0,0.019
N15_M07_F04_K005_2,K005,none,normal,N15_M07_F04,1499.62,cepstrum,12000.0,14000.0,2.0089,normal,0.454,0.24986288150221594,0,-0.0010000000000000009,0.888,-1.0829733291767245,1,-0.008
N15_M07_F04_K005_20,K005,none,normal,N15_M07_F04,1499.59,cepstrum,12000.0,14000.0,1.835,normal,0.542,-0.04954598658524225,0,-0.017,0.79,-0.6514822670922122,1,0.015000000000000003
N15_M07_F04_K005_3,K005,none,normal,N15_M07_F04,1499.56,cepstrum,12000.0,14000.0,2.3674,normal,0.962,-1.4249382151083632,0,-0.018000000000000002,0.566,-0.1612302334503382,2,0.009999999999999998
N15_M07_F04_K005_4,K005,none,normal,N15_M07_F04,1499.63,cepstrum,12000.0,14000.0,1.8031,normal,0.544,-0.027174713569104978,0,0.0010000000000000009,0.26,0.7414574520313699,1,0.009999999999999998
N15_M07_F04_K005_5,K005,none,normal,N15_M07_F04,1499.62,cepstrum,12000.0,14000.0,1.7288,normal,0.59,-0.23014135434188787,0,0.015000000000000003,0.394,0.35290497509963903,1,0.011
N15_M07_F04_K005_6,K005,none,normal,N15_M07_F04,1499.66,cepstrum,12000.0,14000.0,2.0219,normal,0.628,-0.2722361547632157,0,-0.015,0.086,2.193268120154441,1,0.015000000000000003
N15_M07_F04_K005_7,K005,none,normal,N15_M07_F04,1499.65,cepstrum,12000.0,14000.0,1.6557,normal,0.536,-0.011115786766463458,0,-0.018000000000000002,0.106,1.0486981819716465,1,0.009999999999999998
N15_M07_F04_K005_8,K005,none,normal,N15_M07_F04,1499.58,cepstrum,12000.0,14000.0,2.0831,normal,0.342,0.5948936371509713,1,0.0,0.692,-0.515819150028285,3,0.011
N15_M07_F04_K005_9,K005,none,normal,N15_M07_F04,1499.63,cepstrum,12000.0,14000.0,1.9252,normal,0.588,-0.04870050770111673,0,0.0,0.144,1.117903523929125,2,0.009999999999999998
N15_M07_F04_K006_1,K006,none,normal,N15_M07_F04,1499.61,cepstrum,10666.7,13333.3,1.6542,normal,0.556,-0.16415436900402625,0,-0.0010000000000000009,0.366,0.39391237258155565,1,0.015000000000000003
N15_M07_F04_K006_10,K006,none,normal,N15_M07_F04,1499.69,cepstrum,10666.7,13333.3,2.3617,normal,0.886,-0.7942660468635905,0,-0.017,0.138,0.9258875945425387,1,0.011
N15_M07_F04_K006_11,K006,none,normal,N15_M07_F04,1499.58,cepstrum,10666.7,13333.3,2.371,normal,0.566,-0.33232608084585963,1,0.0,0.116,2.4862792098102626,2,0.012
N15_M07_F04_K006_12,K006,none,normal,N15_M07_F04,1499.57,cepstrum,10666.7,13333.3,2.2465,normal,0.512,-0.05857725161714157,0,-0.0010000000000000009,0.378,0.2485479673904543,2,0.009999999999999998
N15_M07_F04_K006_13,K006,none,normal,N15_M07_F04,1499.54,cepstrum,10666.7,13333.3,2.1419,normal,0.57,-0.13776102671534932,1,-0.0019999999999999983,0.552,-0.15201227685132457,2,0.011
N15_M07_F04_K006_14,K006,none,normal,N15_M07_F04,1499.63,cepstrum,12000.0,14000.0,2.2721,normal,0.272,1.1770538138119586,0,0.0,0.352,0.3337010447989259,2,0.011
N15_M07_F04_K006_15,K006,none,normal,N15_M07_F04,1499.64,cepstrum,10666.7,13333.3,2.5118,normal,0.29,0.8838406979130754,1,0.015000000000000003,0.334,0.460957797597836,1,0.009999999999999998
N15_M07_F04_K006_16,K006,none,normal,N15_M07_F04,1499.57,cepstrum,12000.0,14000.0,2.2101,normal,0.59,-0.07536866646500956,1,-0.0019999999999999983,0.398,0.35597930797848204,2,0.011
N15_M07_F04_K006_17,K006,none,normal,N15_M07_F04,1499.59,cepstrum,12000.0,14000.0,2.1982,normal,0.224,1.2363164151382025,0,-0.0010000000000000009,0.792,-0.7701271451834113,2,0.012
N15_M07_F04_K006_18,K006,none,normal,N15_M07_F04,1499.62,cepstrum,10666.7,13333.3,2.3285,normal,0.414,0.22190985320900583,1,0.0,0.288,0.6991637777888736,0,-0.009000000000000001
N15_M07_F04_K006_19,K006,none,normal,N15_M07_F04,1499.55,cepstrum,12000.0,14000.0,2.4881,normal,0.288,0.6026703822878157,0,-0.0019999999999999983,0.342,0.4461474893755055,1,0.015000000000000003
N15_M07_F04_K006_2,K006,none,normal,N15_M07_F04,1499.63,cepstrum,10666.7,13333.3,2.1239,normal,0.342,0.5421229037208265,1,-0.0019999999999999983,0.334,0.6781424003144519,3,0.009999999999999998
N15_M07_F04_K006_20,K006,none,normal,N15_M07_F04,1499.63,cepstrum,12000.0,14000.0,1.9932,normal,0.848,-0.5501332606522086,1,-0.0019999999999999983,0.622,-0.22251143903599926,1,0.014000000000000002
N15_M07_F04_K006_3,K006,none,normal,N15_M07_F04,1499.56,cepstrum,10666.7,13333.3,2.474,normal,0.264,0.8690998401454479,0,-0.0019999999999999983,0.352,0.5366441193728038,3,0.011
N15_M07_F04_K006_4,K006,none,normal,N15_M07_F04,1499.61,cepstrum,10666.7,13333.3,2.3059,normal,0.492,0.010151044568777544,1,-0.0010000000000000009,0.258,0.6629256294346736,2,0.011
N15_M07_F04_K006_5,K006,none,normal,N15_M07_F04,1499.59,cepstrum,10666.7,13333.3,2.408,normal,0.602,-0.24939757007172977,0,-0.0019999999999999983,0.952,-1.605254122019006,2,0.009999999999999998
N15_M07_F04_K006_6,K006,none,normal,N15_M07_F04,1499.63,cepstrum,10666.7,13333.3,2.3591,normal,0.536,-0.08109057953342505,0,-0.011,0.132,1.8490025670411965,1,0.012
N15_M07_F04_K006_7,K006,none,normal,N15_M07_F04,1499.57,cepstrum,10666.7,13333.3,2.3284,normal,0.79,-0.819138257334766,0,0.015000000000000003,0.634,-0.2807439168220054,2,0.009999999999999998
N15_M07_F04_K006_8,K006,none,normal,N15_M07_F04,1499.61,cepstrum,10666.7,13333.3,2.4703,normal,0.266,0.7098827725407949,0,0.0019999999999999983,0.3,0.49046100988285696,2,0.009999999999999998
N15_M07_F04_K006_9,K006,none,normal,N15_M07_F04,1499.61,cepstrum,10666.7,13333.3,2.393,normal,0.292,0.2659761402507274,1,-0.0019999999999999983,0.644,-0.4137471319608407,1,0.011
N15_M07_F04_KA01_1,KA01,artificial,outer_race,N15_M07_F04,1499.52,cepstrum,8000.0,12000.0,13.5512,outer_race,0.002,11.288016181918648,5,0.0019999999999999983,0.754,-0.7025267807464946,2,-0.017
N15_M07_F04_KA01_10,KA01,artificial,outer_race,N15_M07_F04,1499.45,cepstrum,10000.0,12000.0,12.1117,outer_race,0.002,17.234927312077822,5,0.0019999999999999983,0.758,-0.5434378964199196,3,-0.009000000000000001
N15_M07_F04_KA01_11,KA01,artificial,outer_race,N15_M07_F04,1499.57,cepstrum,10000.0,12000.0,11.9138,outer_race,0.002,12.034943703149825,5,0.0019999999999999983,0.612,-0.298568895453476,2,-0.018000000000000002
N15_M07_F04_KA01_12,KA01,artificial,outer_race,N15_M07_F04,1499.97,cepstrum,10000.0,12000.0,11.3365,outer_race,0.002,7.405342504285074,5,0.0010000000000000009,0.784,-0.651198735911591,3,-0.009000000000000001
N15_M07_F04_KA01_13,KA01,artificial,outer_race,N15_M07_F04,1500.43,cepstrum,10000.0,12000.0,11.7235,outer_race,0.002,9.78568227021008,5,0.0,0.712,-0.5991441015868542,5,-0.02
N15_M07_F04_KA01_14,KA01,artificial,outer_race,N15_M07_F04,1499.54,cepstrum,10000.0,12000.0,11.1935,outer_race,0.002,12.679322531159917,5,0.0019999999999999983,0.686,-0.5230382415108537,2,-0.018000000000000002
N15_M07_F04_KA01_15,KA01,artificial,outer_race,N15_M07_F04,1499.48,cepstrum,10000.0,12000.0,11.7824,outer_race,0.002,9.395411768822294,5,0.0019999999999999983,0.818,-0.9051281914016976,4,-0.008
N15_M07_F04_KA01_16,KA01,artificial,outer_race,N15_M07_F04,1499.41,cepstrum,10000.0,12000.0,11.9191,outer_race,0.002,10.43342834334621,5,0.0019999999999999983,0.738,-0.6768406558163249,3,-0.02
N15_M07_F04_KA01_17,KA01,artificial,outer_race,N15_M07_F04,1499.67,cepstrum,10000.0,12000.0,12.255,outer_race,0.002,12.952262958785349,5,0.0019999999999999983,0.624,-0.2947571734341229,3,-0.009000000000000001
N15_M07_F04_KA01_18,KA01,artificial,outer_race,N15_M07_F04,1499.82,cepstrum,10000.0,12000.0,12.2092,outer_race,0.002,10.968475026343238,5,0.0010000000000000009,0.636,-0.4667861014123146,3,-0.02
N15_M07_F04_KA01_19,KA01,artificial,outer_race,N15_M07_F04,1499.45,cepstrum,10000.0,12000.0,11.7544,outer_race,0.002,11.213428925419198,5,0.0019999999999999983,0.644,-0.3302503325830507,3,-0.009000000000000001
N15_M07_F04_KA01_2,KA01,artificial,outer_race,N15_M07_F04,1499.96,cepstrum,8000.0,12000.0,12.9724,outer_race,0.002,9.7894032629555,5,0.0019999999999999983,0.602,-0.5809793313600766,4,-0.008
N15_M07_F04_KA01_20,KA01,artificial,outer_race,N15_M07_F04,1499.88,cepstrum,10000.0,12000.0,11.254,outer_race,0.002,8.60563581496031,5,0.0010000000000000009,0.748,-0.6948825766404566,3,-0.009000000000000001
N15_M07_F04_KA01_3,KA01,artificial,outer_race,N15_M07_F04,1499.08,cepstrum,8000.0,12000.0,12.1598,outer_race,0.004,13.75830968902974,5,0.0010000000000000009,0.712,-0.6655024511708575,4,-0.01
N15_M07_F04_KA01_4,KA01,artificial,outer_race,N15_M07_F04,1499.31,cepstrum,10000.0,12000.0,12.43,outer_race,0.002,9.251140819193283,5,0.0019999999999999983,0.888,-0.9365475726067737,2,-0.018000000000000002
N15_M07_F04_KA01_5,KA01,artificial,outer_race,N15_M07_F04,1499.09,cepstrum,10000.0,12000.0,11.9867,outer_race,0.002,21.839623806143212,5,0.002999999999999999,0.722,-0.6483719298311605,0,0.009999999999999998
N15_M07_F04_KA01_6,KA01,artificial,outer_race,N15_M07_F04,1499.32,cepstrum,10000.0,12000.0,10.8332,outer_race,0.002,12.301794075624462,5,0.0019999999999999983,0.662,-0.5442587117717752,4,-0.019
N15_M07_F04_KA01_7,KA01,artificial,outer_race,N15_M07_F04,1499.68,cepstrum,8000.0,12000.0,11.352,outer_race,0.002,7.266904293842247,5,0.0019999999999999983,0.706,-0.5023976760125407,2,-0.019
N15_M07_F04_KA01_8,KA01,artificial,outer_race,N15_M07_F04,1499.65,cepstrum,10000.0,12000.0,11.2295,outer_race,0.002,12.51949971815006,5,0.002999999999999999,0.774,-0.7657770270006632,3,-0.009000000000000001
N15_M07_F04_KA01_9,KA01,artificial,outer_race,N15_M07_F04,1498.82,cepstrum,10000.0,12000.0,11.4835,outer_race,0.002,17.720879107862093,5,0.0019999999999999983,0.584,-0.3864788759320624,5,-0.019
N15_M07_F04_KA03_1,KA03,artificial,outer_race,N15_M07_F04,1499.71,cepstrum,12000.0,14000.0,3.0445,normal,0.78,-0.8422756928501685,0,0.016000000000000004,0.376,0.3102966739842302,1,0.015000000000000003
N15_M07_F04_KA03_10,KA03,artificial,outer_race,N15_M07_F04,1499.35,cepstrum,12000.0,14000.0,3.6389,normal,0.352,0.3542342692309771,0,0.018,0.786,-0.6860455361297157,0,0.005000000000000001
N15_M07_F04_KA03_11,KA03,artificial,outer_race,N15_M07_F04,1499.67,cepstrum,12000.0,14000.0,3.3234,normal,0.812,-0.7572160571098779,0,-0.01,0.502,-3.116245034018546e-05,1,-0.01
N15_M07_F04_KA03_12,KA03,artificial,outer_race,N15_M07_F04,1499.56,cepstrum,12000.0,14000.0,3.0937,normal,0.458,0.07018588858161916,0,-0.008,0.892,-0.9818577183638592,1,-0.004
N15_M07_F04_KA03_13,KA03,artificial,outer_race,N15_M07_F04,1500.07,cepstrum,12000.0,14000.0,4.3292,normal,0.854,-0.6329769430600973,0,-0.0019999999999999983,0.906,-1.0653855806247585,0,0.015000000000000003
N15_M07_F04_KA03_14,KA03,artificial,outer_race,N15_M07_F04,1499.59,cepstrum,12000.0,14000.0,3.6286,normal,0.928,-1.3399574580867157,0,0.016000000000000004,0.454,0.07809189161002511,1,0.015000000000000003
N15_M07_F04_KA03_15,KA03,artificial,outer_race,N15_M07_F04,1499.88,cepstrum,12000.0,14000.0,3.8562,normal,0.554,-0.11272198314414034,0,0.0019999999999999983,0.606,-0.2358295802918439,1,-0.0019999999999999983
N15_M07_F04_KA03_16,KA03,artificial,outer_race,N15_M07_F04,1499.62,cepstrum,12000.0,14000.0,3.5096,normal,0.75,-0.903279647160843,0,0.015000000000000003,0.638,-0.3960277961643082,0,0.009999999999999998
N15_M07_F04_KA03_17,KA03,artificial,outer_race,N15_M07_F04,1499.57,cepstrum,12000.0,14000.0,4.5375,normal,0.372,0.4572565606047927,0,0.016000000000000004,0.648,-0.2784476781133912,0,0.011
N15_M07_F04_KA03_18,KA03,artificial,outer_race,N15_M07_F04,1499.54,cepstrum,12000.0,14000.0,3.8261,normal,0.396,0.1693481245474144,0,0.015000000000000003,0.628,-0.2660686301201951,1,-0.01
N15_M07_F04_KA03_19,KA03,artificial,outer_race,N15_M07_F04,1499.66,cepstrum,12000.0,14000.0,3.6575,normal,0.564,-0.09670576311029261,0,0.019,0.786,-0.5324311278483649,1,-0.01
N15_M07_F04_KA03_2,KA03,artificial,outer_race,N15_M07_F04,1499.66,cepstrum,12000.0,14000.0,3.5038,normal,0.326,0.7302436610690624,0,0.016000000000000004,0.624,-0.19915893394547254,0,0.011
N15_M07_F04_KA03_20,KA03,artificial,outer_race,N15_M07_F04,1499.79,cepstrum,12000.0,14000.0,3.4416,normal,0.434,0.4439659100243972,0,0.02,0.794,-0.5378252783800279,0,-0.004
N15_M07_F04_KA03_3,KA03,artificial,outer_race,N15_M07_F04,1499.64,cepstrum,12000.0,14000.0,4.4594,normal,0.868,-1.0200841439734256,0,-0.018000000000000002,0.802,-0.5618661323609841,0,0.011
N15_M07_F04_KA03_4,KA03,artificial,outer_race,N15_M07_F04,1499.6,cepstrum,12000.0,14000.0,3.0811,normal,0.474,0.028790059006570924,0,0.02,0.522,-0.03928742553975727,1,-0.01
N15_M07_F04_KA03_5,KA03,artificial,outer_race,N15_M07_F04,1499.67,cepstrum,12000.0,14000.0,3.231,normal,0.77,-0.6337721652659227,0,-0.016,0.484,0.04690225861546227,0,0.009999999999999998
N15_M07_F04_KA03_6,KA03,artificial,outer_race,N15_M07_F04,1499.51,cepstrum,12000.0,14000.0,3.508,normal,0.638,-0.22019752668406184,0,-0.02,0.622,-0.2679418968971809,1,-0.01
N15_M07_F04_KA03_7,KA03,artificial,outer_race,N15_M07_F04,1499.53,cepstrum,12000.0,14000.0,3.6931,normal,0.764,-0.5385857775545437,0,0.015000000000000003,0.786,-0.6314300218123196,1,-0.009000000000000001
N15_M07_F04_KA03_8,KA03,artificial,outer_race,N15_M07_F04,1499.34,cepstrum,12000.0,14000.0,3.3356,normal,0.43,0.19055199161128208,0,-0.017,0.638,-0.2849031819732129,0,0.011
N15_M07_F04_KA03_9,KA03,artificial,outer_race,N15_M07_F04,1499.69,cepstrum,12000.0,14000.0,3.6261,normal,0.802,-0.912332404438174,0,0.016000000000000004,0.898,-1.2090286901622882,1,-0.017
N15_M07_F04_KA04_1,KA04,real,outer_race,N15_M07_F04,1499.57,cepstrum,12000.0,14000.0,3.3044,normal,0.764,-0.9369293082139178,0,0.0010000000000000009,0.798,-0.9858872615242017,0,0.011
N15_M07_F04_KA04_10,KA04,real,outer_race,N15_M07_F04,1499.56,cepstrum,12000.0,14000.0,2.5851,normal,0.71,-0.6034226480022955,0,0.016000000000000004,0.996,-1.3693772816950787,0,0.015000000000000003
N15_M07_F04_KA04_11,KA04,real,outer_race,N15_M07_F04,1499.6,cepstrum,12000.0,14000.0,2.428,normal,0.508,-0.005991918801487046,0,0.0,0.448,0.12859498331509325,0,0.015000000000000003
N15_M07_F04_KA04_12,KA04,real,outer_race,N15_M07_F04,1499.76,cepstrum,12000.0,14000.0,2.4835,normal,0.288,1.0292331251558084,0,0.0010000000000000009,0.328,0.6186210021740005,0,0.009999999999999998
N15_M07_F04_KA04_13,KA04,real,outer_race,N15_M07_F04,1499.55,cepstrum,8000.0,10000.0,2.3405,outer_race,0.002,6.249759857283666,4,0.0,0.792,-0.7680391561000176,1,-0.02
N15_M07_F04_KA04_14,KA04,real,outer_race,N15_M07_F04,1499.73,cepstrum,12000.0,14000.0,2.3428,normal,0.664,-0.3924278411210312,0,0.0010000000000000009,0.28,0.8951614896147869,1,-0.011
N15_M07_F04_KA04_15,KA04,real,outer_race,N15_M07_F04,1499.64,cepstrum,12000.0,14000.0,2.3901,normal,0.734,-0.7239892015322408,0,0.0010000000000000009,0.746,-0.736813922790915,1,-0.004
N15_M07_F04_KA04_16,KA04,real,outer_race,N15_M07_F04,1499.38,cepstrum,12000.0,14000.0,2.5512,normal,0.66,-0.39164466463382264,0,0.016000000000000004,0.786,-0.6965087007991467,1,-0.0019999999999999983
N15_M07_F04_KA04_17,KA04,real,outer_race,N15_M07_F04,1499.69,cepstrum,12000.0,14000.0,3.342,normal,0.538,-0.04373935542521722,0,0.0,0.724,-0.42775138412042835,0,0.009999999999999998
N15_M07_F04_KA04_18,KA04,real,outer_race,N15_M07_F04,1499.58,cepstrum,12000.0,14000.0,2.3603,normal,0.436,0.274464703240854,0,0.0019999999999999983,0.188,1.4835030203256785,0,-0.009000000000000001
N15_M07_F04_KA04_19,KA04,real,outer_race,N15_M07_F04,1499.42,cepstrum,12000.0,14000.0,2.3641,normal,0.574,-0.05736932672999292,0,0.0,0.778,-0.8150910217652381,0,-0.009000000000000001
N15_M07_F04_KA04_2,KA04,real,outer_race,N15_M07_F04,1499.81,cepstrum,12000.0,14000.0,2.4667,normal,0.472,0.13345800613098036,0,0.016000000000000004,0.738,-0.5496493517389366,0,0.009999999999999998
N15_M07_F04_KA04_20,KA04,real,outer_race,N15_M07_F04,1499.64,cepstrum,12000.0,14000.0,2.3901,normal,0.734,-0.7239892015322408,0,0.0010000000000000009,0.746,-0.736813922790915,1,-0.004
N15_M07_F04_KA04_3,KA04,real,outer_race,N15_M07_F04,1499.39,cepstrum,0.0,2000.0,2.6298,normal,0.002,5.938123562891503,0,0.0010000000000000009,0.932,-1.3440366278089921,0,-0.016
N15_M07_F04_KA04_4,KA04,real,outer_race,N15_M07_F04,1499.75,cepstrum,12000.0,14000.0,2.2741,normal,0.602,-0.2582388492656662,0,0.006999999999999999,0.77,-0.6683685121016855,0,-0.018000000000000002
N15_M07_F04_KA04_5,KA04,real,outer_race,N15_M07_F04,1499.42,cepstrum,12000.0,14000.0,2.3641,normal,0.574,-0.05736932672999292,0,0.0,0.778,-0.8150910217652381,0,-0.009000000000000001
N15_M07_F04_KA04_6,KA04,real,outer_race,N15_M07_F04,1499.64,cepstrum,12000.0,14000.0,2.3901,normal,0.734,-0.7239892015322408,0,0.0010000000000000009,0.746,-0.736813922790915,1,-0.004
N15_M07_F04_KA04_7,KA04,real,outer_race,N15_M07_F04,1499.51,cepstrum,0.0,2000.0,2.5305,normal,0.908,-1.0980475778298133,0,-0.0019999999999999983,0.24,0.6642559476736283,0,0.019
N15_M07_F04_KA04_8,KA04,real,outer_race,N15_M07_F04,1499.6,cepstrum,0.0,2000.0,2.5397,normal,0.002,7.9494314628541884,1,0.0010000000000000009,0.542,-0.10464030005717875,0,-0.02
N15_M07_F04_KA04_9,KA04,real,outer_race,N15_M07_F04,1499.45,cepstrum,0.0,2000.0,2.377,normal,0.118,1.608209148560718,0,0.0010000000000000009,0.824,-0.9491815296305172,0,-0.009000000000000001
N15_M07_F04_KA05_1,KA05,artificial,outer_race,N15_M07_F04,1499.32,cepstrum,10666.7,13333.3,7.0026,normal,0.872,-0.9885816314285868,0,-0.016,0.544,-0.10513232254393069,1,0.012
N15_M07_F04_KA05_10,KA05,artificial,outer_race,N15_M07_F04,1499.44,cepstrum,10666.7,13333.3,3.582,normal,0.564,-0.2507882656278001,0,-0.017,0.166,1.1587894413712025,1,0.012
N15_M07_F04_KA05_11,KA05,artificial,outer_race,N15_M07_F04,1499.64,cepstrum,10666.7,13333.3,3.6247,normal,0.6,-0.15245565381150825,1,0.015000000000000003,0.56,-0.1563403263076724,1,0.009999999999999998
N15_M07_F04_KA05_12,KA05,artificial,outer_race,N15_M07_F04,1499.65,cepstrum,12000.0,14000.0,3.3993,normal,0.734,-0.5881287335562191,0,0.015000000000000003,0.67,-0.3158210499675656,0,0.006000000000000002
N15_M07_F04_KA05_13,KA05,artificial,outer_race,N15_M07_F04,1499.72,cepstrum,10666.7,13333.3,3.9474,normal,0.662,-0.19414763431076038,0,-0.0010000000000000009,0.19,1.2915746346861958,2,0.006000000000000002
N15_M07_F04_KA05_14,KA05,artificial,outer_race,N15_M07_F04,1499.57,cepstrum,12000.0,14000.0,4.8462,normal,0.972,-1.0727317484318561,0,0.013000000000000001,0.618,-0.2779290496199922,1,0.009999999999999998
N15_M07_F04_KA05_15,KA05,artificial,outer_race,N15_M07_F04,1499.52,cepstrum,10666.7,13333.3,5.0477,normal,0.356,0.5739445805349289,1,0.0,0.804,-0.7599884629108141,0,-0.016
N15_M07_F04_KA05_16,KA05,artificial,outer_race,N15_M07_F04,1499.71,cepstrum,12000.0,14000.0,5.7019,normal,0.61,-0.16285637305035072,0,0.0,0.17,1.185084386783238,0,0.006000000000000002
N15_M07_F04_KA05_17,KA05,artificial,outer_race,N15_M07_F04,1499.54,cepstrum,10666.7,13333.3,3.4215,normal,0.324,0.3926347607876425,1,0.0,0.64,-0.23685979646537994,1,0.011
N15_M07_F04_KA05_18,KA05,artificial,outer_race,N15_M07_F04,1499.54,cepstrum,12000.0,14000.0,5.0795,normal,0.666,-0.14374362168949273,0,-0.0010000000000000009,0.658,-0.39982976262612047,0,0.006000000000000002
N15_M07_F04_KA05_19,KA05,artificial,outer_race,N15_M07_F04,1499.43,cepstrum,12000.0,14000.0,3.7404,normal,0.556,-0.09738740486985249,0,0.015000000000000003,0.62,-0.32714722781864986,0,-0.009000000000000001
N15_M07_F04_KA05_2,KA05,artificial,outer_race,N15_M07_F04,1499.38,cepstrum,10666.7,13333.3,3.8844,normal,0.962,-0.8498223817902105,0,0.016000000000000004,0.318,0.46814526086317,1,0.012
N15_M07_F04_KA05_20,KA05,artificial,outer_race,N15_M07_F04,1499.71,cepstrum,10666.7,13333.3,4.6815,normal,0.71,-0.3683976015881452,0,0.0,0.196,0.8701740615407686,2,0.011
N15_M07_F04_KA05_3,KA05,artificial,outer_race,N15_M07_F04,1499.51,cepstrum,10666.7,13333.3,3.8401,normal,0.788,-0.7856112251175335,0,0.013000000000000001,0.822,-0.784611946028992,1,0.0
N15_M07_F04_KA05_4,KA05,artificial,outer_race,N15_M07_F04,1499.63,cepstrum,10666.7,13333.3,5.0421,normal,0.296,0.8563422124698948,1,-0.0010000000000000009,0.634,-0.2619937031575632,1,-0.0010000000000000009
N15_M07_F04_KA05_5,KA05,artificial,outer_race,N15_M07_F04,1499.65,cepstrum,10666.7,13333.3,5.2592,normal,0.354,0.4204532375155366,0,-0.0010000000000000009,0.464,0.21670625322187512,1,0.012
N15_M07_F04_KA05_6,KA05,artificial,outer_race,N15_M07_F04,1499.63,cepstrum,10666.7,13333.3,4.2704,normal,0.648,-0.5454535355811146,1,0.015000000000000003,0.258,1.3507136466423224,1,0.009999999999999998
N15_M07_F04_KA05_7,KA05,artificial,outer_race,N15_M07_F04,1499.7,cepstrum,10666.7,13333.3,5.4298,normal,0.446,0.036790125161312,0,-0.0019999999999999983,0.264,0.7188130444863945,0,0.006000000000000002
N15_M07_F04_KA05_8,KA05,artificial,outer_race,N15_M07_F04,1499.58,cepstrum,10666.7,13333.3,4.8348,normal,0.706,-0.3657270632599645,0,0.0,0.432,0.1448060888933307,0,0.006000000000000002
N15_M07_F04_KA05_9,KA05,artificial,outer_race,N15_M07_F04,1499.47,cepstrum,10666.7,13333.3,3.8442,normal,0.552,-0.07503043019942555,0,-0.0019999999999999983,0.532,-0.07282556731332251,1,0.011
N15_M07_F04_KA06_1,KA06,artificial,outer_race,N15_M07_F04,1499.42,cepstrum,12000.0,14000.0,4.4014,normal,0.366,0.47464946792515467,0,-0.0010000000000000009,0.252,0.6466827731564511,2,0.012
N15_M07_F04_KA06_10,KA06,artificial,outer_race,N15_M07_F04,1499.93,cepstrum,12000.0,14000.0,3.2625,normal,0.488,0.21420758057323838,0,-0.0019999999999999983,0.864,-1.1897341654706644,0,0.009999999999999998
N15_M07_F04_KA06_11,KA06,artificial,outer_race,N15_M07_F04,1499.75,cepstrum,12000.0,14000.0,4.3756,normal,0.884,-0.9533043054640091,0,-0.0019999999999999983,0.788,-0.6921595047486564,1,-0.016
N15_M07_F04_KA06_12,KA06,artificial,outer_race,N15_M07_F04,1499.51,cepstrum,12000.0,14000.0,3.0505,normal,0.734,-0.313814928870021,0,-0.0019999999999999983,0.372,0.3191681198443836,0,0.016000000000000004
N15_M07_F04_KA06_13,KA06,artificial,outer_race,N15_M07_F04,1499.35,cepstrum,12000.0,14000.0,3.2688,normal,0.37,0.297668978051006,0,0.0,0.484,0.02943266834140672,1,0.009999999999999998
N15_M07_F04_KA06_14,KA06,artificial,outer_race,N15_M07_F04,1499.59,cepstrum,12000.0,14000.0,4.6476,normal,0.556,-0.12601511533148413,1,-0.0019999999999999983,0.806,-0.6788929841535793,1,0.012
N15_M07_F04_KA06_15,KA06,artificial,outer_race,N15_M07_F04,1499.26,cepstrum,12000.0,14000.0,3.4457,normal,0.824,-0.5229692043249161,0,-0.0019999999999999983,0.736,-0.4913356120138953,1,0.012
N15_M07_F04_KA06_16,KA06,artificial,outer_race,N15_M07_F04,1499.3,cepstrum,12000.0,14000.0,4.3313,normal,0.932,-1.036417132554939,0,-0.0019999999999999983,0.282,0.5814675434818104,1,0.009000000000000001
N15_M07_F04_KA06_17,KA06,artificial,outer_race,N15_M07_F04,1499.63,cepstrum,12000.0,14000.0,3.6611,normal,0.512,-0.03548669641026892,0,0.016000000000000004,0.97,-1.0955341901147668,1,0.012
N15_M07_F04_KA06_18,KA06,artificial,outer_race,N15_M07_F04,1499.98,cepstrum,12000.0,14000.0,3.4325,normal,0.928,-0.762096557827438,0,-0.004,0.528,-0.17434701253078486,1,0.011
N15_M07_F04_KA06_19,KA06,artificial,outer_race,N15_M07_F04,1499.37,cepstrum,12000.0,14000.0,4.44,normal,0.388,0.22479167128950503,0,0.016000000000000004,0.498,0.004216369199887511,1,-0.015
N15_M07_F04_KA06_2,KA06,artificial,outer_race,N15_M07_F04,1499.72,cepstrum,12000.0,14000.0,3.4549,normal,0.598,-0.05392460541828089,0,0.0,0.308,0.5713652776622687,1,0.009999999999999998
N15_M07_F04_KA06_20,KA06,artificial,outer_race,N15_M07_F04,1499.42,cepstrum,12000.0,14000.0,3.9157,normal,0.524,-0.06253035556365921,0,-0.0019999999999999983,0.376,0.44462854636392424,1,0.006999999999999999
N15_M07_F04_KA06_3,KA06,artificial,outer_race,N15_M07_F04,1500.04,cepstrum,12000.0,14000.0,3.632,normal,0.254,0.38139224169361974,0,0.016999999999999998,0.858,-1.218810084478806,0,0.016000000000000004
N15_M07_F04_KA06_4,KA06,artificial,outer_race,N15_M07_F04,1498.88,cepstrum,12000.0,14000.0,2.8922,normal,0.52,-0.06873936677237864,0,-0.018000000000000002,0.394,0.5036083663074499,0,0.016000000000000004
N15_M07_F04_KA06_5,KA06,artificial,outer_race,N15_M07_F04,1500.16,cepstrum,12000.0,14000.0,2.9733,normal,0.476,0.026979646161916154,0,0.019,0.568,-0.21980956080823902,0,-0.02
N15_M07_F04_KA06_6,KA06,artificial,outer_race,N15_M07_F04,1499.59,cepstrum,12000.0,14000.0,3.4616,normal,0.668,-0.6031254335385545,0,0.008,0.662,-0.3840587445332991,1,0.009999999999999998
N15_M07_F04_KA06_7,KA06,artificial,outer_race,N15_M07_F04,1499.66,cepstrum,12000.0,14000.0,2.8323,normal,0.76,-0.47105208974873575,0,-0.011,0.334,0.5052662953999748,1,-0.016
N15_M07_F04_KA06_8,KA06,artificial,outer_race,N15_M07_F04,1499.6,cepstrum,12000.0,14000.0,3.2953,normal,0.192,1.2670545673402294,0,0.016000000000000004,0.954,-1.351445448021537,1,0.008
N15_M07_F04_KA06_9,KA06,artificial,outer_race,N15_M07_F04,1499.4,cepstrum,12000.0,14000.0,3.2579,normal,0.358,0.6570677524925779,0,0.02,0.508,-0.02504620893112231,1,0.0
N15_M07_F04_KA07_1,KA07,artificial,outer_race,N15_M07_F04,1499.62,cepstrum,12000.0,14000.0,4.0213,normal,0.432,0.46982073969975247,1,-0.0010000000000000009,0.472,0.015428808943112927,1,0.0
N15_M07_F04_KA07_10,KA07,artificial,outer_race,N15_M07_F04,1499.77,cepstrum,10666.7,13333.3,3.4105,normal,0.394,0.42572256710411527,0,0.02,0.202,1.6263648839090772,3,0.009999999999999998
N15_M07_F04_KA07_11,KA07,artificial,outer_race,N15_M07_F04,1499.67,cepstrum,12000.0,14000.0,3.1671,normal,0.422,0.09646702570509563,1,-0.018000000000000002,0.312,0.5064718902072719,3,0.011
N15_M07_F04_KA07_12,KA07,artificial,outer_race,N15_M07_F04,1499.59,cepstrum,12000.0,14000.0,3.7694,normal,0.47,0.3710830789465911,0,0.016000000000000004,0.592,-0.19572803607373998,2,0.009000000000000001
N15_M07_F04_KA07_13,KA07,artificial,outer_race,N15_M07_F04,1499.79,cepstrum,12000.0,14000.0,3.1815,normal,0.582,-0.1242645118001723,0,0.014000000000000002,0.392,0.278332360786058,2,0.009999999999999998
N15_M07_F04_KA07_14,KA07,artificial,outer_race,N15_M07_F04,1499.43,cepstrum,12000.0,14000.0,3.0303,inner_race,0.362,0.27022568502590744,1,0.0010000000000000009,0.024,1.88136384267241,2,0.009000000000000001
N15_M07_F04_KA07_15,KA07,artificial,outer_race,N15_M07_F04,1499.32,cepstrum,12000.0,14000.0,2.81,normal,0.274,0.7010620454334787,0,0.0,0.54,-0.07174787903147857,3,0.009000000000000001
N15_M07_F04_KA07_16,KA07,artificial,outer_race,N15_M07_F04,1499.82,cepstrum,12000.0,14000.0,3.5671,normal,0.78,-0.376569847535064,1,-0.0019999999999999983,0.46,0.05696240993796079,1,-0.009000000000000001
N15_M07_F04_KA07_17,KA07,artificial,outer_race,N15_M07_F04,1499.51,cepstrum,12000.0,14000.0,3.0718,normal,0.19,0.912511532851895,1,-0.0019999999999999983,0.124,1.7468823112388232,1,0.009000000000000001
N15_M07_F04_KA07_18,KA07,artificial,outer_race,N15_M07_F04,1499.46,cepstrum,12000.0,14000.0,3.9706,normal,0.59,-0.23888273290893372,0,0.016000000000000004,0.256,0.614108274295401,2,0.012
N15_M07_F04_KA07_19,KA07,artificial,outer_race,N15_M07_F04,1499.38,cepstrum,12000.0,14000.0,3.0125,normal,0.696,-0.2850121080268659,1,0.0,0.678,-0.5446249137811737,2,0.011
N15_M07_F04_KA07_2,KA07,artificial,outer_race,N15_M07_F04,1499.46,cepstrum,10666.7,13333.3,3.647,normal,0.61,-0.34720643408770974,1,-0.0010000000000000009,0.532,-0.07511737581980944,3,0.009999999999999998
N15_M07_F04_KA07_20,KA07,artificial,outer_race,N15_M07_F04,1499.73,cepstrum,12000.0,14000.0,4.8373,normal,0.524,-0.04332019853062797,1,-0.0010000000000000009,0.256,0.5915067079328142,1,0.012
N15_M07_F04_KA07_3,KA07,artificial,outer_race,N15_M07_F04,1499.44,cepstrum,10666.7,13333.3,2.8459,normal,0.21,0.9953896930690866,1,0.0,0.168,1.5499340125655265,2,0.0
N15_M07_F04_KA07_4,KA07,artificial,outer_race,N15_M07_F04,1499.71,cepstrum,10666.7,13333.3,4.3722,normal,0.784,-0.613305193955163,1,0.016000000000000004,0.756,-0.7066265575923819,3,0.011
N15_M07_F04_KA07_5,KA07,artificial,outer_race,N15_M07_F04,1499.5,cepstrum,10666.7,13333.3,3.1083,normal,0.63,-0.3274744280150606,0,0.0010000000000000009,0.036,2.189147772249746,1,0.009999999999999998
N15_M07_F04_KA07_6,KA07,artificial,outer_race,N15_M07_F04,1499.45,cepstrum,12000.0,14000.0,3.3406,normal,0.77,-0.5577172622680189,1,0.0019999999999999983,0.298,0.4676818475269906,1,0.0
N15_M07_F04_KA07_7,KA07,artificial,outer_race,N15_M07_F04,1499.61,cepstrum,12000.0,14000.0,3.4269,normal,0.656,-0.18608860865455482,1,-0.0010000000000000009,0.824,-0.892470213594136,1,0.015000000000000003
N15_M07_F04_KA07_8,KA07,artificial,outer_race,N15_M07_F04,1499.77,cepstrum,12000.0,14000.0,2.7277,normal,0.95,-1.0946868221031518,1,0.0,0.444,0.21555879576687506,0,0.006000000000000002
N15_M07_F04_KA07_9,KA07,artificial,outer_race,N15_M07_F04,1499.67,cepstrum,12000.0,14000.0,4.0114,normal,0.628,-0.36943830656803117,1,0.0,0.666,-0.3992636648360562,1,0.012
N15_M07_F04_KA08_1,KA08,artificial,outer_race,N15_M07_F04,1499.38,cepstrum,10666.7,13333.3,2.5242,normal,0.67,-0.28670658157506446,1,-0.0010000000000000009,0.104,1.5729638751053878,0,-0.0010000000000000009
N15_M07_F04_KA08_10,KA08,artificial,outer_race,N15_M07_F04,1499.55,cepstrum,12000.0,14000.0,3.1439,normal,0.374,0.12107857127921894,1,0.0,0.792,-0.6354242735013689,2,0.008
N15_M07_F04_KA08_11,KA08,artificial,outer_race,N15_M07_F04,1499.37,cepstrum,10666.7,13333.3,3.0743,normal,0.472,0.09617765870747302,1,-0.0010000000000000009,0.384,0.3959018245635185,1,0.013000000000000001
N15_M07_F04_KA08_12,KA08,artificial,outer_race,N15_M07_F04,1499.59,cepstrum,12000.0,14000.0,3.994,normal,0.464,0.2085802445108136,1,0.0,0.234,0.6198682321579023,3,0.012
N15_M07_F04_KA08_13,KA08,artificial,outer_race,N15_M07_F04,1499.74,cepstrum,12000.0,14000.0,3.1578,normal,0.598,-0.06571396615029489,0,-0.0010000000000000009,0.436,0.12789124561079013,2,0.009000000000000001
N15_M07_F04_KA08_14,KA08,artificial,outer_race,N15_M07_F04,1499.64,cepstrum,12000.0,14000.0,2.6085,normal,0.43,0.07255715741729621,1,0.0,0.414,0.33342152428223676,1,0.0
N15_M07_F04_KA08_15,KA08,artificial,outer_race,N15_M07_F04,1499.48,cepstrum,12000.0,14000.0,2.7526,normal,0.63,-0.32011688398601335,0,0.0019999999999999983,0.228,1.0228365117536538,2,0.012
N15_M07_F04_KA08_16,KA08,artificial,outer_race,N15_M07_F04,1499.71,cepstrum,12000.0,14000.0,2.6822,normal,0.69,-0.5709451114153208,1,0.009999999999999998,0.158,1.9854836935986984,1,0.009000000000000001
N15_M07_F04_KA08_17,KA08,artificial,outer_race,N15_M07_F04,1499.47,cepstrum,12000.0,14000.0,3.1073,normal,0.782,-0.7318195932751622,1,-0.0010000000000000009,0.698,-0.5494919786676566,1,0.009999999999999998
N15_M07_F04_KA08_18,KA08,artificial,outer_race,N15_M07_F04,1499.59,cepstrum,12000.0,14000.0,2.9882,normal,0.566,-0.3592737099848073,0,-0.0010000000000000009,0.122,1.2788812240197134,1,0.014000000000000002
N15_M07_F04_KA08_19,KA08,artificial,outer_race,N15_M07_F04,1499.66,cepstrum,10666.7,13333.3,3.5664,normal,0.59,-0.2836692477436991,1,-0.0010000000000000009,0.522,-0.1616858455810334,1,0.008
N15_M07_F04_KA08_2,KA08,artificial,outer_race,N15_M07_F04,1499.53,cepstrum,12000.0,14000.0,3.6574,normal,0.886,-0.8265404034702143,1,-0.0010000000000000009,0.052,1.7374292001082001,2,0.0
N15_M07_F04_KA08_20,KA08,artificial,outer_race,N15_M07_F04,1499.57,cepstrum,12000.0,14000.0,2.6552,normal,0.462,0.27506886724678203,1,-0.0010000000000000009,0.524,-0.06588762151475115,1,0.011
N15_M07_F04_KA08_3,KA08,artificial,outer_race,N15_M07_F04,1499.68,cepstrum,12000.0,14000.0,4.1446,normal,0.562,-0.08644701554201542,1,-0.0010000000000000009,0.054,1.4352471987512558,2,0.009999999999999998
N15_M07_F04_KA08_4,KA08,artificial,outer_race,N15_M07_F04,1499.63,cepstrum,12000.0,14000.0,3.8334,normal,0.926,-0.8985465888487065,1,0.0,0.296,0.9261965651814259,1,0.014000000000000002
N15_M07_F04_KA08_5,KA08,artificial,outer_race,N15_M07_F04,1499.35,cepstrum,12000.0,14000.0,4.3847,normal,0.384,0.48906281065249835,1,-0.0010000000000000009,0.784,-0.6440932895008878,1,0.0
N15_M07_F04_KA08_6,KA08,artificial,outer_race,N15_M07_F04,1499.56,cepstrum,10666.7,13333.3,3.5396,normal,0.404,0.47091192536724896,1,0.0,0.114,1.3709719179707105,2,0.008
N15_M07_F04_KA08_7,KA08,artificial,outer_race,N15_M07_F04,1499.45,cepstrum,10666.7,13333.3,3.1403,normal,0.508,-0.07894185819432731,1,-0.0010000000000000009,0.04,2.472083892458334,2,0.016999999999999998
N15_M07_F04_KA08_8,KA08,artificial,outer_race,N15_M07_F04,1499.52,cepstrum,12000.0,14000.0,3.7189,normal,0.606,-0.1427519221150121,2,-0.0010000000000000009,0.48,0.06417622042982955,2,0.011
N15_M07_F04_KA08_9,KA08,artificial,outer_race,N15_M07_F04,1499.54,cepstrum,12000.0,14000.0,3.2835,normal,0.882,-0.7835711599386789,1,-0.0010000000000000009,0.702,-0.43696056670403394,2,0.011
N15_M07_F04_KA09_1,KA09,artificial,outer_race,N15_M07_F04,1499.58,cepstrum,10666.7,13333.3,3.1938,normal,0.448,0.22726570578044528,0,-0.0010000000000000009,0.848,-1.045299006071937,1,0.013000000000000001
N15_M07_F04_KA09_10,KA09,artificial,outer_race,N15_M07_F04,1499.17,cepstrum,12000.0,14000.0,4.1924,normal,0.364,0.7194221659971142,1,0.0,0.562,-0.09617281543246974,1,-0.006999999999999999
N15_M07_F04_KA09_11,KA09,artificial,outer_race,N15_M07_F04,1499.61,cepstrum,12000.0,14000.0,3.1835,normal,0.762,-0.5041907192492793,0,-0.016,0.278,0.5990644478032343,2,0.009999999999999998
N15_M07_F04_KA09_12,KA09,artificial,outer_race,N15_M07_F04,1499.58,cepstrum,12000.0,14000.0,2.7025,normal,0.532,-0.11905053430151148,0,-0.0010000000000000009,0.674,-0.3678553993480313,1,0.014000000000000002
N15_M07_F04_KA09_13,KA09,artificial,outer_race,N15_M07_F04,1499.1,cepstrum,12000.0,14000.0,2.8291,normal,0.48,0.3596561520691392,1,-0.0010000000000000009,0.822,-0.7774826179407252,0,-0.005000000000000001
N15_M07_F04_KA09_14,KA09,artificial,outer_race,N15_M07_F04,1500.05,cepstrum,12000.0,14000.0,2.9245,normal,0.35,0.5762843704103675,0,-0.0010000000000000009,0.306,0.5780529019148225,2,0.009999999999999998
N15_M07_F04_KA09_15,KA09,artificial,outer_race,N15_M07_F04,1499.53,cepstrum,12000.0,14000.0,2.7678,normal,0.32,0.8451113165646044,1,0.0,0.028,2.342883882790276,2,0.012
N15_M07_F04_KA09_16,KA09,artificial,outer_race,N15_M07_F04,1499.02,cepstrum,10666.7,13333.3,3.2843,normal,0.492,0.24438675366036017,1,0.0010000000000000009,0.016,1.8627327646728535,1,0.009999999999999998
N15_M07_F04_KA09_17,KA09,artificial,outer_race,N15_M07_F04,1499.47,cepstrum,12000.0,14000.0,3.8539,normal,0.46,0.29414166092506006,1,-0.0010000000000000009,0.432,0.21937077510273703,1,0.013000000000000001
N15_M07_F04_KA09_18,KA09,artificial,outer_race,N15_M07_F04,1499.4,cepstrum,12000.0,14000.0,3.9881,normal,0.472,0.1993269669017435,1,0.0,0.97,-1.6350972543987183,1,-0.014
N15_M07_F04_KA09_19,KA09,artificial,outer_race,N15_M07_F04,1499.71,cepstrum,10666.7,13333.3,3.1976,normal,0.474,0.21154266121581553,0,0.0,0.26,0.6566382209133421,2,0.011
N15_M07_F04_KA09_2,KA09,artificial,outer_race,N15_M07_F04,1499.7,cepstrum,12000.0,14000.0,2.7385,normal,0.736,-0.2045254083798066,0,-0.016,0.002,3.1889456749952574,1,0.012
N15_M07_F04_KA09_20,KA09,artificial,outer_race,N15_M07_F04,1500.13,cepstrum,12000.0,14000.0,3.7023,normal,0.566,-0.37521690949016,0,-0.0010000000000000009,0.172,1.1933586259317839,1,0.011
N15_M07_F04_KA09_3,KA09,artificial,outer_race,N15_M07_F04,1498.73,cepstrum,12000.0,14000.0,2.7061,normal,0.608,-0.17841669897164503,1,0.0,0.356,0.2734466400188656,1,0.014000000000000002
N15_M07_F04_KA09_4,KA09,artificial,outer_race,N15_M07_F04,1499.66,cepstrum,12000.0,14000.0,2.6188,normal,0.496,0.0032322216058643643,0,0.0,0.196,1.6233795697188602,2,0.012
N15_M07_F04_KA09_5,KA09,artificial,outer_race,N15_M07_F04,1499.13,cepstrum,12000.0,14000.0,2.8875,normal,0.952,-1.06281776483818,0,0.0,0.324,0.5177489468699761,1,0.0
N15_M07_F04_KA09_6,KA09,artificial,outer_race,N15_M07_F04,1499.9,cepstrum,12000.0,14000.0,3.1616,inner_race,0.354,0.4940587558974539,1,0.0010000000000000009,0.02,2.717960895650061,2,0.012
N15_M07_F04_KA09_7,KA09,artificial,outer_race,N15_M07_F04,1499.42,cepstrum,12000.0,14000.0,3.5032,normal,0.256,1.0829737850356618,0,0.016000000000000004,0.192,0.8475026802995774,1,0.013000000000000001
N15_M07_F04_KA09_8,KA09,artificial,outer_race,N15_M07_F04,1499.3,cepstrum,12000.0,14000.0,3.2494,normal,0.588,-0.2947734291766018,1,0.0,0.214,1.1561394073693219,2,0.012
N15_M07_F04_KA09_9,KA09,artificial,outer_race,N15_M07_F04,1499.17,cepstrum,12000.0,14000.0,2.9028,normal,0.542,-0.021687765247257705,1,-0.0010000000000000009,0.558,-0.060817402406677275,2,0.011
N15_M07_F04_KA15_1,KA15,real,outer_race,N15_M07_F04,1499.5,cepstrum,12000.0,14000.0,4.2994,normal,0.674,-0.41682493930719766,0,-0.016,0.552,-0.09451644977955045,1,-0.009000000000000001
N15_M07_F04_KA15_10,KA15,real,outer_race,N15_M07_F04,1499.47,cepstrum,12000.0,14000.0,3.5099,normal,0.85,-0.7778481960786648,0,0.02,0.28,0.5640863367081717,1,-0.002999999999999999
N15_M07_F04_KA15_11,KA15,real,outer_race,N15_M07_F04,1499.74,cepstrum,12000.0,14000.0,3.1954,normal,0.818,-0.717293474457839,0,-0.013000000000000001,0.57,-0.2649612416475824,1,-0.01
N15_M07_F04_KA15_12,KA15,real,outer_race,N15_M07_F04,1499.48,cepstrum,12000.0,14000.0,4.0,normal,0.658,-0.14463837445880687,0,0.016000000000000004,0.438,0.2560407628043221,1,-0.011
N15_M07_F04_KA15_13,KA15,real,outer_race,N15_M07_F04,1499.75,cepstrum,12000.0,14000.0,3.8883,normal,0.71,-0.5789276558249625,0,0.016000000000000004,0.39,0.35341108158419465,0,0.015000000000000003
N15_M07_F04_KA15_14,KA15,real,outer_race,N15_M07_F04,1499.45,cepstrum,12000.0,14000.0,4.0428,normal,0.286,0.3372088486585169,1,-0.013000000000000001,0.414,0.4020367576309866,2,0.015000000000000003
N15_M07_F04_KA15_15,KA15,real,outer_race,N15_M07_F04,1499.36,cepstrum,12000.0,14000.0,4.0181,normal,0.862,-0.9568746592188022,0,0.016000000000000004,0.792,-0.6958927377034955,0,-0.012
N15_M07_F04_KA15_16,KA15,real,outer_race,N15_M07_F04,1499.57,cepstrum,12000.0,14000.0,4.6221,normal,0.548,-0.039937988898191557,0,-0.013000000000000001,0.514,-0.044287768108171706,1,-0.009000000000000001
N15_M07_F04_KA15_17,KA15,real,outer_race,N15_M07_F04,1499.63,cepstrum,12000.0,14000.0,3.9415,normal,0.444,0.13960781581658177,1,0.016999999999999998,0.66,-0.41604433063276447,1,-0.004
N15_M07_F04_KA15_18,KA15,real,outer_race,N15_M07_F04,1499.61,cepstrum,12000.0,14000.0,4.5896,normal,0.442,0.038689805501249466,0,0.015000000000000003,0.216,1.3116155612210247,1,0.015000000000000003
N15_M07_F04_KA15_19,KA15,real,outer_race,N15_M07_F04,1499.78,cepstrum,12000.0,14000.0,4.2573,normal,0.69,-0.4051412015503427,0,-0.02,0.824,-0.5925957836871208,1,-0.009000000000000001
N15_M07_F04_KA15_2,KA15,real,outer_race,N15_M07_F04,1499.64,cepstrum,12000.0,14000.0,4.0424,normal,0.61,-0.25925163531821516,0,-0.011,0.612,-0.37673139225479635,1,-0.009000000000000001
N15_M07_F04_KA15_20,KA15,real,outer_race,N15_M07_F04,1499.92,cepstrum,12000.0,14000.0,4.1691,normal,0.334,0.5431175966610557,0,-0.0010000000000000009,0.17,1.5908088722889582,1,-0.002999999999999999
N15_M07_F04_KA15_3,KA15,real,outer_race,N15_M07_F04,1499.51,cepstrum,12000.0,14000.0,4.2002,normal,0.77,-0.8894986241957116,0,0.02,0.786,-0.5917751818969217,1,-0.009000000000000001
N15_M07_F04_KA15_4,KA15,real,outer_race,N15_M07_F04,1499.64,cepstrum,12000.0,14000.0,3.5316,normal,0.39,0.42628858367439254,0,-0.019,0.966,-1.0396758439734721,0,0.0
N15_M07_F04_KA15_5,KA15,real,outer_race,N15_M07_F04,1499.34,cepstrum,12000.0,14000.0,4.0515,normal,0.422,0.2963527137770901,0,0.019,0.676,-0.3232312854571175,1,0.006000000000000002
N15_M07_F04_KA15_6,KA15,real,outer_race,N15_M07_F04,1499.68,cepstrum,12000.0,14000.0,3.7434,normal,0.682,-0.3095452764381528,1,0.016000000000000004,0.832,-0.6497934027063414,2,-0.016
N15_M07_F04_KA15_7,KA15,real,outer_race,N15_M07_F04,1499.56,cepstrum,12000.0,14000.0,3.1829,normal,0.682,-0.39516372754536444,0,0.015000000000000003,0.568,-0.3195670043283027,1,0.015000000000000003
N15_M07_F04_KA15_8,KA15,real,outer_race,N15_M07_F04,1499.28,cepstrum,12000.0,14000.0,4.3259,normal,0.648,-0.23494075467237982,0,-0.0019999999999999983,0.758,-0.6800766133418491,1,0.005000000000000001
N15_M07_F04_KA15_9,KA15,real,outer_race,N15_M07_F04,1499.73,cepstrum,12000.0,14000.0,4.1848,normal,0.438,0.08877899995290306,0,-0.0019999999999999983,0.922,-0.9440831784090482,2,-0.017
N15_M07_F04_KA16_1,KA16,real,outer_race,N15_M07_F04,1499.6,cepstrum,12000.0,14000.0,3.6775,normal,0.818,-0.7113679760420244,0,-0.015,0.7,-0.5386247601327021,1,-0.01
N15_M07_F04_KA16_10,KA16,real,outer_race,N15_M07_F04,1499.59,cepstrum,12000.0,14000.0,3.9554,normal,0.652,-0.2903867099992822,0,-0.015,0.566,-0.32261521429966716,1,-0.011
N15_M07_F04_KA16_11,KA16,real,outer_race,N15_M07_F04,1499.48,cepstrum,12000.0,14000.0,3.4819,normal,0.76,-0.4582711795098443,0,-0.018000000000000002,0.658,-0.36183174765798154,1,-0.009000000000000001
N15_M07_F04_KA16_12,KA16,real,outer_race,N15_M07_F04,1499.26,cepstrum,12000.0,14000.0,2.9848,normal,0.812,-0.7776776970010585,0,0.011,0.688,-0.6453852734113877,1,-0.009000000000000001
N15_M07_F04_KA16_13,KA16,real,outer_race,N15_M07_F04,1499.75,cepstrum,12000.0,14000.0,3.8124,normal,0.586,-0.18785178936256414,0,0.02,0.618,-0.27666461532235426,1,-0.011
N15_M07_F04_KA16_14,KA16,real,outer_race,N15_M07_F04,1499.58,cepstrum,12000.0,14000.0,3.3116,normal,0.742,-0.5759320761349302,0,0.0019999999999999983,0.63,-0.2636333127325286,1,-0.016
N15_M07_F04_KA16_15,KA16,real,outer_race,N15_M07_F04,1499.71,cepstrum,12000.0,14000.0,2.9738,normal,0.562,-0.11180861916802085,1,0.016000000000000004,0.332,0.9032502972621467,1,-0.01
N15_M07_F04_KA16_16,KA16,real,outer_race,N15_M07_F04,1499.65,cepstrum,12000.0,14000.0,3.2702,normal,0.834,-0.8581681448557642,0,-0.014,0.368,0.5355424407053652,1,0.015000000000000003
N15_M07_F04_KA16_17,KA16,real,outer_race,N15_M07_F04,1499.66,cepstrum,12000.0,14000.0,3.3117,normal,0.734,-0.5504562067685097,0,0.016999999999999998,0.428,0.3243018462833577,0,0.015000000000000003
N15_M07_F04_KA16_18,KA16,real,outer_race,N15_M07_F04,1499.71,cepstrum,12000.0,14000.0,3.342,normal,0.81,-0.46235298681997533,0,0.0,0.844,-0.6892190878846394,1,-0.016
N15_M07_F04_KA16_19,KA16,real,outer_race,N15_M07_F04,1499.59,cepstrum,12000.0,14000.0,3.0996,normal,0.408,0.1289610667905266,0,0.016999999999999998,0.89,-0.8332120571069574,1,-0.01
N15_M07_F04_KA16_2,KA16,real,outer_race,N15_M07_F04,1499.01,cepstrum,12000.0,14000.0,3.4463,normal,0.514,-0.03909664571419236,0,0.014000000000000002,0.944,-1.0654395438386952,0,0.014000000000000002
N15_M07_F04_KA16_20,KA16,real,outer_race,N15_M07_F04,1499.49,cepstrum,12000.0,14000.0,3.1052,normal,0.738,-0.2511028365892026,0,-0.011,0.64,-0.3085129529597294,1,-0.017
N15_M07_F04_KA16_3,KA16,real,outer_race,N15_M07_F04,1500.04,cepstrum,12000.0,14000.0,3.1175,normal,0.842,-0.6505676885273541,0,0.019,0.82,-0.7881996940393601,1,-0.004
N15_M07_F04_KA16_4,KA16,real,outer_race,N15_M07_F04,1499.17,cepstrum,12000.0,14000.0,3.7383,normal,0.86,-1.031738724492487,0,0.015000000000000003,0.526,-0.12196738544071908,1,-0.01
N15_M07_F04_KA16_5,KA16,real,outer_race,N15_M07_F04,1499.89,cepstrum,12000.0,14000.0,3.6802,normal,0.382,0.43912257637726976,0,0.016999999999999998,0.704,-0.4466358022099345,1,-0.017
N15_M07_F04_KA16_6,KA16,real,outer_race,N15_M07_F04,1499.76,cepstrum,12000.0,14000.0,3.5581,normal,0.598,-0.22964259156728753,0,0.015000000000000003,0.87,-0.7829293939810423,2,-0.016
N15_M07_F04_KA16_7,KA16,real,outer_race,N15_M07_F04,1499.2,cepstrum,12000.0,14000.0,3.3593,normal,0.64,-0.26158829654634896,0,0.013000000000000001,0.722,-0.5419483167265018,0,-0.005000000000000001
N15_M07_F04_KA16_8,KA16,real,outer_race,N15_M07_F04,1499.55,cepstrum,12000.0,14000.0,3.6052,normal,0.23,0.7532921818794213,1,0.015000000000000003,0.914,-1.0770047321436023,1,-0.01
N15_M07_F04_KA16_9,KA16,real,outer_race,N15_M07_F04,1499.67,cepstrum,12000.0,14000.0,3.5458,normal,0.95,-1.0646544475372053,0,-0.005000000000000001,0.83,-0.6835042490625196,1,-0.01
N15_M07_F04_KA22_1,KA22,real,outer_race,N15_M07_F04,1499.54,cepstrum,12000.0,14000.0,4.5117,normal,0.436,0.05542963745022007,0,-0.019,0.344,0.4486052934730355,1,0.015000000000000003
N15_M07_F04_KA22_10,KA22,real,outer_race,N15_M07_F04,1499.63,cepstrum,12000.0,14000.0,4.1755,normal,0.878,-0.8308588782072015,0,-0.019,0.922,-0.9756410541853674,1,0.015000000000000003
N15_M07_F04_KA22_11,KA22,real,outer_race,N15_M07_F04,1499.5,cepstrum,12000.0,14000.0,3.9243,normal,0.432,0.14916451057264052,0,0.016000000000000004,0.846,-0.6480785238556379,1,-0.009000000000000001
N15_M07_F04_KA22_12,KA22,real,outer_race,N15_M07_F04,1499.47,cepstrum,12000.0,14000.0,4.3858,normal,0.844,-1.1170247760090495,1,0.016999999999999998,0.646,-0.25486929614237575,1,-0.01
N15_M07_F04_KA22_13,KA22,real,outer_race,N15_M07_F04,1499.58,cepstrum,10666.7,13333.3,3.9115,normal,0.374,0.28441658475844905,0,-0.018000000000000002,0.686,-0.3921081709257096,2,-0.01
N15_M07_F04_KA22_14,KA22,real,outer_race,N15_M07_F04,1499.68,cepstrum,12000.0,14000.0,4.5627,normal,0.212,1.0834367770376785,0,-0.008,0.82,-0.8507895023945217,0,0.016000000000000004
N15_M07_F04_KA22_15,KA22,real,outer_race,N15_M07_F04,1499.69,cepstrum,10666.7,13333.3,4.4774,normal,0.454,0.02384013631870146,0,0.0,0.846,-0.8392506900270147,1,0.009999999999999998
N15_M07_F04_KA22_16,KA22,real,outer_race,N15_M07_F04,1499.68,cepstrum,12000.0,14000.0,4.3969,normal,0.77,-0.649489579102656,0,0.015000000000000003,0.902,-0.903052188874922,2,-0.004
N15_M07_F04_KA22_17,KA22,real,outer_race,N15_M07_F04,1499.57,cepstrum,10666.7,13333.3,3.9737,normal,0.886,-1.2276297765867705,1,0.015000000000000003,0.532,-0.036239257054632636,1,-0.01
N15_M07_F04_KA22_18,KA22,real,outer_race,N15_M07_F04,1499.61,cepstrum,12000.0,14000.0,4.344,normal,0.268,0.9026051741070831,0,0.015000000000000003,0.4,0.39851864320279223,1,0.015000000000000003
N15_M07_F04_KA22_19,KA22,real,outer_race,N15_M07_F04,1499.56,cepstrum,10666.7,13333.3,3.9543,normal,0.66,-0.4583143569761823,0,0.016000000000000004,0.796,-0.8221812455508206,0,-0.015
N15_M07_F04_KA22_2,KA22,real,outer_race,N15_M07_F04,1499.68,cepstrum,12000.0,14000.0,4.3117,normal,0.692,-0.30914675500066263,0,0.015000000000000003,0.462,0.15445252724580275,2,-0.017
N15_M07_F04_KA22_20,KA22,real,outer_race,N15_M07_F04,1499.64,cepstrum,10666.7,13333.3,4.2432,normal,0.55,-0.2829033538140521,0,-0.017,0.68,-0.4420239783339374,2,0.015000000000000003
N15_M07_F04_KA22_3,KA22,real,outer_race,N15_M07_F04,1499.64,cepstrum,12000.0,14000.0,4.3706,normal,0.706,-0.5361585602288685,0,0.015000000000000003,0.75,-0.6696799001398934,1,0.015000000000000003
N15_M07_F04_KA22_4,KA22,real,outer_race,N15_M07_F04,1499.66,cepstrum,10666.7,13333.3,4.5064,normal,0.636,-0.3037078213539497,0,-0.016,0.496,0.007582291758029856,1,-0.01
N15_M07_F04_KA22_5,KA22,real,outer_race,N15_M07_F04,1499.62,cepstrum,10666.7,13333.3,4.6422,normal,0.34,0.5977467574808895,0,0.016999999999999998,0.996,-1.6052961472420653,1,-0.01
N15_M07_F04_KA22_6,KA22,real,outer_race,N15_M07_F04,1499.62,cepstrum,12000.0,14000.0,4.3628,normal,0.43,0.04866373897761265,1,0.016000000000000004,0.9,-0.9829018818537593,1,0.015000000000000003
N15_M07_F04_KA22_7,KA22,real,outer_race,N15_M07_F04,1499.61,cepstrum,12000.0,14000.0,3.8596,normal,0.786,-0.7992227217850605,0,-0.019,0.77,-0.6161892212003235,1,0.015000000000000003
N15_M07_F04_KA22_8,KA22,real,outer_race,N15_M07_F04,1499.55,cepstrum,10666.7,13333.3,4.5905,normal,0.352,0.42846023925460763,0,-0.014,0.414,0.13604094471514389,1,0.015000000000000003
N15_M07_F04_KA22_9,KA22,real,outer_race,N15_M07_F04,1499.6,cepstrum,12000.0,14000.0,4.4864,normal,0.844,-1.0599780059707127,1,0.016999999999999998,0.434,0.12422638183245668,0,0.011
N15_M07_F04_KA30_1,KA30,real,outer_race,N15_M07_F04,1499.56,cepstrum,12000.0,14000.0,8.1874,normal,0.758,-0.6092641615525812,0,0.016000000000000004,0.834,-0.86701256604054,1,-0.01
N15_M07_F04_KA30_10,KA30,real,outer_race,N15_M07_F04,1499.65,cepstrum,12000.0,14000.0,1.4304,normal,0.574,-0.27645893540103367,0,0.0,0.544,-0.13734544324564335,0,0.009999999999999998
N15_M07_F04_KA30_11,KA30,real,outer_race,N15_M07_F04,1499.65,cepstrum,10666.7,13333.3,1.4233,normal,0.16,1.015643649360264,0,0.016000000000000004,0.13,1.1429925658264901,1,-0.0010000000000000009
N15_M07_F04_KA30_12,KA30,real,outer_race,N15_M07_F04,1499.83,cepstrum,10666.7,13333.3,4.8324,normal,0.33,0.9631594166499453,2,-0.0010000000000000009,0.142,2.6933000209189126,3,0.011
N15_M07_F04_KA30_13,KA30,real,outer_race,N15_M07_F04,1499.61,cepstrum,12000.0,14000.0,5.1146,normal,0.394,0.6900750626859714,1,0.0,0.314,0.5636916180265071,0,0.016000000000000004
N15_M07_F04_KA30_14,KA30,real,outer_race,N15_M07_F04,1499.6,cepstrum,12000.0,14000.0,3.7921,normal,0.366,0.5233999870179052,1,-0.0010000000000000009,0.124,1.4235929459712922,2,0.012
N15_M07_F04_KA30_15,KA30,real,outer_race,N15_M07_F04,1499.44,cepstrum,12000.0,14000.0,4.7386,normal,0.87,-0.8622794104188887,0,-0.016,0.406,0.31397969967033595,2,0.012
N15_M07_F04_KA30_16,KA30,real,outer_race,N15_M07_F04,1499.5,cepstrum,12000.0,14000.0,5.4792,normal,0.37,0.1860878830877589,1,-0.0010000000000000009,0.864,-0.844044497386086,2,0.011
N15_M07_F04_KA30_17,KA30,real,outer_race,N15_M07_F04,1499.4,cepstrum,10666.7,13333.3,4.7635,normal,0.39,0.2248440821408585,1,0.0010000000000000009,0.198,1.0956996866039037,2,0.011
N15_M07_F04_KA30_18,KA30,real,outer_race,N15_M07_F04,1499.55,cepstrum,10666.7,13333.3,5.1434,normal,0.73,-0.3034615622307867,1,0.0,0.282,0.6431132455631011,3,0.009999999999999998
N15_M07_F04_KA30_19,KA30,real,outer_race,N15_M07_F04,1499.43,cepstrum,10666.7,13333.3,3.2222,normal,0.698,-0.6168925828639377,0,0.016000000000000004,0.032,1.7810053733291518,3,0.012
N15_M07_F04_KA30_2,KA30,real,outer_race,N15_M07_F04,1499.61,cepstrum,12000.0,14000.0,8.1902,normal,0.646,-0.31018644631221437,0,-0.016,0.646,-0.27169444284333044,0,-0.009000000000000001
N15_M07_F04_KA30_20,KA30,real,outer_race,N15_M07_F04,1499.74,cepstrum,12000.0,14000.0,3.8069,normal,0.526,-0.03234396437303873,0,0.016000000000000004,0.396,0.25177896836536673,2,0.011
N15_M07_F04_KA30_3,KA30,real,outer_race,N15_M07_F04,1499.58,cepstrum,12000.0,14000.0,4.5604,normal,0.338,0.8855520329565081,2,0.0,0.618,-0.26852588716990494,3,0.012
N15_M07_F04_KA30_4,KA30,real,outer_race,N15_M07_F04,1499.56,cepstrum,12000.0,14000.0,4.333,normal,0.734,-0.5531175814942695,1,-0.0010000000000000009,0.184,1.6420852403637567,2,0.012
N15_M07_F04_KA30_5,KA30,real,outer_race,N15_M07_F04,1499.67,cepstrum,12000.0,14000.0,1.5872,normal,0.27,0.797201240391059,1,0.0,0.33,0.9166424433939241,0,0.011
N15_M07_F04_KA30_6,KA30,real,outer_race,N15_M07_F04,1499.67,cepstrum,12000.0,14000.0,5.8833,normal,0.294,1.9239986767506398,1,-0.0010000000000000009,0.812,-0.721006607761867,0,0.005000000000000001
N15_M07_F04_KA30_7,KA30,real,outer_race,N15_M07_F04,1499.52,cepstrum,12000.0,14000.0,1.4721,normal,0.41,0.3925288179824032,0,0.0,0.258,0.6380132726683538,0,0.0
N15_M07_F04_KA30_8,KA30,real,outer_race,N15_M07_F04,1499.76,cepstrum,12000.0,14000.0,1.471,normal,0.574,-0.0880183260468233,0,-0.0010000000000000009,0.814,-0.8908385496162617,1,-0.0019999999999999983
N15_M07_F04_KA30_9,KA30,real,outer_race,N15_M07_F04,1499.62,cepstrum,12000.0,14000.0,4.4911,normal,0.244,1.060424974813227,2,-0.0010000000000000009,0.694,-0.635452331651667,2,0.012
N15_M07_F04_KI01_1,KI01,artificial,inner_race,N15_M07_F04,1499.68,cepstrum,8000.0,10666.7,6.4062,inner_race,0.084,2.6410748448316115,1,-0.018000000000000002,0.002,3.763113408928439,23,-0.0010000000000000009
N15_M07_F04_KI01_10,KI01,artificial,inner_race,N15_M07_F04,1499.62,cepstrum,8000.0,10000.0,5.9446,inner_race,0.088,1.6688566694541274,1,-0.019,0.002,4.33904292898362,19,-0.0019999999999999983
N15_M07_F04_KI01_11,KI01,artificial,inner_race,N15_M07_F04,1499.61,cepstrum,8000.0,10666.7,6.6242,inner_race,0.124,1.2636770825250847,1,-0.019,0.002,4.416993320178716,24,-0.0019999999999999983
N15_M07_F04_KI01_12,KI01,artificial,inner_race,N15_M07_F04,1499.6,cepstrum,8000.0,10000.0,5.9149,inner_race,0.478,0.04478697201657646,1,-0.019,0.002,3.623185070911918,20,-0.0019999999999999983
N15_M07_F04_KI01_13,KI01,artificial,inner_race,N15_M07_F04,1499.6,cepstrum,8000.0,10666.7,5.6568,inner_race,0.498,0.011753178234983848,1,-0.019,0.002,2.830032537479931,24,-0.0019999999999999983
N15_M07_F04_KI01_14,KI01,artificial,inner_race,N15_M07_F04,1499.6,cepstrum,8000.0,10666.7,5.6402,inner_race,0.238,0.8985079278741321,1,-0.015,0.002,4.279716366027062,22,-0.0010000000000000009
N15_M07_F04_KI01_15,KI01,artificial,inner_race,N15_M07_F04,1499.66,cepstrum,8000.0,10666.7,5.6047,inner_race,0.066,0.945848909140108,1,-0.017,0.002,3.310423122457399,24,-0.0019999999999999983
N15_M07_F04_KI01_16,KI01,artificial,inner_race,N15_M07_F04,1499.62,cepstrum,8000.0,10666.7,6.0291,inner_race,0.336,0.6393217804018324,1,-0.016,0.002,3.8322462346739936,23,-0.0019999999999999983
N15_M07_F04_KI01_17,KI01,artificial,inner_race,N15_M07_F04,1499.59,cepstrum,8000.0,10000.0,6.1264,inner_race,0.278,0.5229431884336435,1,-0.019,0.002,4.533596044575147,19,-0.0010000000000000009
N15_M07_F04_KI01_18,KI01,artificial,inner_race,N15_M07_F04,1499.62,cepstrum,8000.0,10666.7,6.0218,inner_race,0.276,0.7748048282510659,1,-0.019,0.002,3.8390686870294553,23,-0.0019999999999999983
N15_M07_F04_KI01_19,KI01,artificial,inner_race,N15_M07_F04,1499.63,cepstrum,8000.0,10000.0,5.2507,inner_race,0.236,1.8067517300463543,1,-0.018000000000000002,0.002,5.290739629417946,21,-0.0010000000000000009
N15_M07_F04_KI01_2,KI01,artificial,inner_race,N15_M07_F04,1499.68,cepstrum,8000.0,10666.7,6.049,inner_race,0.436,0.2311876470430742,1,-0.016,0.002,4.022797985062975,21,-0.0010000000000000009
N15_M07_F04_KI01_20,KI01,artificial,inner_race,N15_M07_F04,1499.62,cepstrum,8000.0,10666.7,5.4348,inner_race,0.256,0.8075700324986141,1,-0.019,0.002,3.834189273933699,23,-0.0010000000000000009
N15_M07_F04_KI01_3,KI01,artificial,inner_race,N15_M07_F04,1499.56,cepstrum,8000.0,10666.7,5.3839,inner_race,0.126,1.104685252701998,1,-0.011,0.002,4.189616537211635,20,-0.0010000000000000009
N15_M07_F04_KI01_4,KI01,artificial,inner_race,N15_M07_F04,1499.64,cepstrum,8000.0,10666.7,6.2211,inner_race,0.204,1.9298757728516958,1,-0.018000000000000002,0.002,4.259828073474287,21,-0.0010000000000000009
N15_M07_F04_KI01_5,KI01,artificial,inner_race,N15_M07_F04,1499.57,cepstrum,8000.0,10666.7,6.4695,inner_race,0.16,0.8197531622238213,1,-0.019,0.002,5.447915060845745,22,-0.0010000000000000009
N15_M07_F04_KI01_6,KI01,artificial,inner_race,N15_M07_F04,1499.59,cepstrum,8000.0,10000.0,6.2429,inner_race,0.038,2.7574060152675286,1,-0.018000000000000002,0.002,4.442119873786799,19,-0.0010000000000000009
N15_M07_F04_KI01_7,KI01,artificial,inner_race,N15_M07_F04,1499.62,cepstrum,8000.0,10666.7,6.3142,inner_race,0.07,2.6448037712029366,1,-0.018000000000000002,0.002,3.858808276397261,24,-0.0010000000000000009
N15_M07_F04_KI01_8,KI01,artificial,inner_race,N15_M07_F04,1499.63,cepstrum,8000.0,10666.7,5.6169,inner_race,0.172,0.5015633184538486,1,-0.019,0.002,3.9000936276005627,22,-0.0019999999999999983
N15_M07_F04_KI01_9,KI01,artificial,inner_race,N15_M07_F04,1499.57,cepstrum,8000.0,10000.0,6.4754,inner_race,0.024,2.557491445705161,1,-0.016,0.002,4.692953984274431,18,-0.0019999999999999983
N15_M07_F04_KI03_1,KI03,artificial,inner_race,N15_M07_F04,1499.59,cepstrum,12000.0,14000.0,3.2079,normal,0.42,0.2638968835990324,0,0.016000000000000004,0.414,0.42681529506610527,0,0.012
N15_M07_F04_KI03_10,KI03,artificial,inner_race,N15_M07_F04,1499.54,cepstrum,12000.0,14000.0,3.8305,normal,0.422,0.3127860163418235,0,0.015000000000000003,0.662,-0.4506523080950511,0,0.009999999999999998
N15_M07_F04_KI03_11,KI03,artificial,inner_race,N15_M07_F04,1499.66,cepstrum,12000.0,14000.0,3.5043,normal,0.73,-0.3339888275686023,0,0.015000000000000003,0.698,-0.29218626030445216,0,0.013000000000000001
N15_M07_F04_KI03_12,KI03,artificial,inner_race,N15_M07_F04,1499.69,cepstrum,12000.0,14000.0,3.7215,normal,0.542,-0.1623931440069622,0,0.016000000000000004,0.838,-0.9597468341812047,0,0.014000000000000002
N15_M07_F04_KI03_13,KI03,artificial,inner_race,N15_M07_F04,1499.67,cepstrum,12000.0,14000.0,2.9863,normal,0.646,-0.5236010628018563,0,0.016999999999999998,0.55,-0.15142979271507948,1,-0.009000000000000001
N15_M07_F04_KI03_14,KI03,artificial,inner_race,N15_M07_F04,1499.5,cepstrum,12000.0,14000.0,3.6061,normal,0.448,0.0738946112932637,0,-0.005000000000000001,0.556,-0.12194631454546517,1,-0.002999999999999999
N15_M07_F04_KI03_15,KI03,artificial,inner_race,N15_M07_F04,1499.53,cepstrum,12000.0,14000.0,3.7391,normal,0.41,0.2865225237797588,0,0.016999999999999998,0.382,0.39217948336293873,1,-0.016
N15_M07_F04_KI03_16,KI03,artificial,inner_race,N15_M07_F04,1499.61,cepstrum,12000.0,14000.0,3.0094,normal,0.426,0.22861879819766404,0,-0.013000000000000001,0.752,-0.42161019841048275,1,0.009999999999999998
N15_M07_F04_KI03_17,KI03,artificial,inner_race,N15_M07_F04,1499.59,cepstrum,12000.0,14000.0,3.3067,normal,0.148,1.5372771513388492,0,0.016000000000000004,0.908,-0.6988048106060719,0,0.011
N15_M07_F04_KI03_18,KI03,artificial,inner_race,N15_M07_F04,1499.57,cepstrum,12000.0,14000.0,3.4759,normal,0.748,-0.7911462517020422,0,0.015000000000000003,0.856,-0.6800141346366505,1,-0.016
N15_M07_F04_KI03_19,KI03,artificial,inner_race,N15_M07_F04,1499.61,cepstrum,12000.0,14000.0,3.6137,normal,0.41,0.2515832604944782,0,-0.015,0.392,0.2812801061906359,1,0.015000000000000003
N15_M07_F04_KI03_2,KI03,artificial,inner_race,N15_M07_F04,1499.61,cepstrum,12000.0,14000.0,4.5717,normal,0.142,1.4019681349743056,0,0.015000000000000003,0.77,-0.39513997281077723,0,0.011
N15_M07_F04_KI03_20,KI03,artificial,inner_race,N15_M07_F04,1499.49,cepstrum,12000.0,14000.0,3.5592,normal,0.696,-0.3821168142380441,0,0.015000000000000003,0.742,-0.6269724662524647,1,0.015000000000000003
N15_M07_F04_KI03_3,KI03,artificial,inner_race,N15_M07_F04,1499.6,cepstrum,12000.0,14000.0,4.0549,normal,0.244,0.7233702802530372,0,0.015000000000000003,0.68,-0.3777584699392466,1,-0.017
N15_M07_F04_KI03_4,KI03,artificial,inner_race,N15_M07_F04,1499.52,cepstrum,12000.0,14000.0,3.3434,normal,0.5,0.0010732572796561157,0,0.015000000000000003,0.206,1.6725163709262314,1,-0.016
N15_M07_F04_KI03_5,KI03,artificial,inner_race,N15_M07_F04,1499.55,cepstrum,12000.0,14000.0,3.9958,normal,0.746,-0.9409289124319391,0,0.015000000000000003,0.572,-0.19842908301036125,1,0.015000000000000003
N15_M07_F04_KI03_6,KI03,artificial,inner_race,N15_M07_F04,1499.52,cepstrum,12000.0,14000.0,3.4007,normal,0.436,0.10181916567263871,0,-0.016,0.54,-0.10204962539942222,1,-0.01
N15_M07_F04_KI03_7,KI03,artificial,inner_race,N15_M07_F04,1499.58,cepstrum,12000.0,14000.0,3.3362,normal,0.788,-0.3819228072793269,0,-0.016,0.448,0.19681568888222845,0,0.008
N15_M07_F04_KI03_8,KI03,artificial,inner_race,N15_M07_F04,1499.71,cepstrum,12000.0,14000.0,4.3612,normal,0.336,0.6059213282356041,0,0.015000000000000003,0.74,-0.42078867521472735,1,-0.01
N15_M07_F04_KI03_9,KI03,artificial,inner_race,N15_M07_F04,1499.54,cepstrum,12000.0,14000.0,3.3927,normal,0.9,-1.1335171881745882,0,0.016999999999999998,0.69,-0.7032680096559678,1,-0.009000000000000001
N15_M07_F04_KI04_1,KI04,real,inner_race,N15_M07_F04,1499.77,cepstrum,12000.0,14000.0,2.9571,normal,0.136,2.6980516924959876,1,-0.0019999999999999983,0.22,0.9076033378549824,0,-0.009000000000000001
N15_M07_F04_KI04_10,KI04,real,inner_race,N15_M07_F04,1499.91,cepstrum,12000.0,14000.0,2.7343,normal,0.474,0.008314842933806235,1,-0.0019999999999999983,0.89,-1.3887148122195432,0,-0.01
N15_M07_F04_KI04_11,KI04,real,inner_race,N15_M07_F04,1499.83,cepstrum,12000.0,14000.0,1.9863,normal,0.57,-0.1782746541696543,1,-0.0019999999999999983,0.176,1.0049850656779076,2,0.011
N15_M07_F04_KI04_12,KI04,real,inner_race,N15_M07_F04,1499.68,cepstrum,12000.0,14000.0,2.8592,normal,0.14,1.8078832930574558,1,-0.0019999999999999983,0.786,-0.8425552555746685,1,0.011
N15_M07_F04_KI04_13,KI04,real,inner_race,N15_M07_F04,1499.36,cepstrum,12000.0,14000.0,2.449,normal,0.144,1.9998932990010938,1,-0.0019999999999999983,0.202,1.4536774861732014,2,0.011
N15_M07_F04_KI04_14,KI04,real,inner_race,N15_M07_F04,1499.33,cepstrum,12000.0,14000.0,2.4423,normal,0.47,0.051933394572074194,1,-0.0019999999999999983,0.114,1.445542045337456,2,0.011
N15_M07_F04_KI04_15,KI04,real,inner_race,N15_M07_F04,1499.6,cepstrum,12000.0,14000.0,1.5088,normal,0.558,-0.2061889524363385,0,-0.0019999999999999983,0.99,-1.758732327727504,1,0.009999999999999998
N15_M07_F04_KI04_16,KI04,real,inner_race,N15_M07_F04,1499.39,cepstrum,10666.7,13333.3,1.1447,normal,0.404,0.1547892126001679,0,-0.019,0.188,1.2209607847120159,1,-0.01
N15_M07_F04_KI04_17,KI04,real,inner_race,N15_M07_F04,1499.73,cepstrum,10666.7,13333.3,1.7028,normal,0.2,2.773192003525064,1,0.0,0.442,0.13792317370970605,1,-0.009000000000000001
N15_M07_F04_KI04_18,KI04,real,inner_race,N15_M07_F04,1499.66,cepstrum,12000.0,14000.0,1.78,normal,0.374,0.9994283875211549,0,0.015000000000000003,0.12,0.8224884313242196,2,0.009999999999999998
N15_M07_F04_KI04_19,KI04,real,inner_race,N15_M07_F04,1499.35,cepstrum,10666.7,13333.3,1.3337,normal,0.272,0.6644500407344974,1,-0.0019999999999999983,0.212,1.2527165394164337,2,0.012
N15_M07_F04_KI04_2,KI04,real,inner_race,N15_M07_F04,1499.61,cepstrum,10666.7,13333.3,2.1527,normal,0.41,0.1526269235102907,1,0.0010000000000000009,0.138,1.3885921502107408,2,0.009999999999999998
N15_M07_F04_KI04_20,KI04,real,inner_race,N15_M07_F04,1499.61,cepstrum,12000.0,14000.0,1.7654,normal,0.3,1.2898601765907414,1,0.0,0.122,1.835490064772634,1,0.011
N15_M07_F04_KI04_3,KI04,real,inner_race,N15_M07_F04,1499.67,cepstrum,12000.0,14000.0,2.339,inner_race,0.376,0.24715287903619776,0,-0.0019999999999999983,0.022,3.067846483455541,2,0.011
N15_M07_F04_KI04_4,KI04,real,inner_race,N15_M07_F04,1499.57,cepstrum,12000.0,14000.0,1.9359,normal,0.234,0.9030914027794176,1,0.0,0.186,1.190810582647879,2,0.011
N15_M07_F04_KI04_5,KI04,real,inner_race,N15_M07_F04,1499.39,cepstrum,12000.0,14000.0,2.3532,normal,0.28,0.40979152880130554,1,0.0010000000000000009,0.342,0.4992781659911735,3,0.011
N15_M07_F04_KI04_6,KI04,real,inner_race,N15_M07_F04,1499.52,cepstrum,12000.0,14000.0,1.5965,normal,0.366,0.24819827042279013,1,0.0,0.15,1.4497902079948366,2,0.012
N15_M07_F04_KI04_7,KI04,real,inner_race,N15_M07_F04,1499.49,cepstrum,12000.0,14000.0,1.5336,normal,0.354,0.3565653458406834,0,0.0,0.474,0.08174857394414854,1,0.011
N15_M07_F04_KI04_8,KI04,real,inner_race,N15_M07_F04,1499.39,cepstrum,10666.7,13333.3,2.4062,normal,0.212,0.9481116722334777,1,-0.0010000000000000009,0.32,0.5399561580686391,0,-0.009000000000000001
N15_M07_F04_KI04_9,KI04,real,inner_race,N15_M07_F04,1499.65,cepstrum,12000.0,14000.0,2.0666,normal,0.482,0.15103634969542115,1,-0.0019999999999999983,0.658,-0.4328557319848961,2,0.012
N15_M07_F04_KI05_1,KI05,artificial,inner_race,N15_M07_F04,1498.83,cepstrum,10666.7,13333.3,5.6579,normal,0.578,-0.5162204777362216,2,0.0010000000000000009,0.398,0.18141803270829332,1,0.0
N15_M07_F04_KI05_10,KI05,artificial,inner_race,N15_M07_F04,1499.38,cepstrum,12000.0,14000.0,5.4926,normal,0.67,-0.49219293931610075,2,0.0010000000000000009,0.25,0.642409005734182,3,0.012
N15_M07_F04_KI05_11,KI05,artificial,inner_race,N15_M07_F04,1499.77,cepstrum,10666.7,13333.3,5.1114,normal,0.288,1.0688244605895176,1,-0.0010000000000000009,0.274,0.9723132107603849,2,0.011
N15_M07_F04_KI05_12,KI05,artificial,inner_race,N15_M07_F04,1499.77,cepstrum,10666.7,13333.3,6.9695,normal,0.706,-0.34118077260677304,2,0.0,0.858,-1.191223944807247,2,0.012
N15_M07_F04_KI05_13,KI05,artificial,inner_race,N15_M07_F04,1499.64,cepstrum,12000.0,14000.0,4.9716,normal,0.772,-0.6934370859703228,1,-0.0010000000000000009,0.878,-1.0717914534038635,2,0.012
N15_M07_F04_KI05_14,KI05,artificial,inner_race,N15_M07_F04,1499.25,cepstrum,10666.7,13333.3,4.6904,normal,0.39,0.3691151556360709,1,0.0,0.678,-0.42744134446147286,2,0.011
N15_M07_F04_KI05_15,KI05,artificial,inner_race,N15_M07_F04,1499.66,cepstrum,10666.7,13333.3,4.5684,normal,0.582,-0.1993823321820362,1,-0.0010000000000000009,0.258,0.8347448094925212,2,0.012
N15_M07_F04_KI05_16,KI05,artificial,inner_race,N15_M07_F04,1499.54,cepstrum,12000.0,14000.0,5.3863,normal,0.396,0.19761647045824374,1,-0.0010000000000000009,0.3,0.5622486830482002,1,-0.009000000000000001
N15_M07_F04_KI05_17,KI05,artificial,inner_race,N15_M07_F04,1499.58,cepstrum,12000.0,14000.0,5.4549,normal,0.584,-0.4013744577132679,1,-0.0010000000000000009,0.636,-0.398980522446645,0,0.006000000000000002
N15_M07_F04_KI05_18,KI05,artificial,inner_race,N15_M07_F04,1499.85,cepstrum,10666.7,13333.3,4.4309,normal,0.34,0.6584982757269798,1,0.0,0.332,0.49805494327922556,2,0.011
N15_M07_F04_KI05_19,KI05,artificial,inner_race,N15_M07_F04,1499.63,cepstrum,12000.0,14000.0,6.795,normal,0.242,0.9508710418119007,1,-0.0010000000000000009,0.504,-0.00969790471639846,1,-0.009000000000000001
N15_M07_F04_KI05_2,KI05,artificial,inner_race,N15_M07_F04,1500.39,cepstrum,10666.7,13333.3,4.3894,normal,0.636,-0.27582605178369557,1,-0.0019999999999999983,0.14,1.6137212872073683,2,0.012
N15_M07_F04_KI05_20,KI05,artificial,inner_race,N15_M07_F04,1499.53,cepstrum,10666.7,13333.3,5.3215,normal,0.516,-0.028193578316341738,2,0.0,0.684,-0.4698397145252933,1,0.0
N15_M07_F04_KI05_3,KI05,artificial,inner_race,N15_M07_F04,1500.16,cepstrum,12000.0,14000.0,5.6182,normal,0.442,0.290325798003643,1,0.0,0.292,0.7132987786365848,2,0.012
N15_M07_F04_KI05_4,KI05,artificial,inner_race,N15_M07_F04,1499.68,cepstrum,12000.0,14000.0,5.2234,normal,0.252,1.1314539927986238,1,-0.0010000000000000009,0.206,1.2016606949307007,2,0.012
N15_M07_F04_KI05_5,KI05,artificial,inner_race,N15_M07_F04,1500.07,cepstrum,10666.7,13333.3,5.9681,normal,0.312,0.9026762189817392,1,-0.0019999999999999983,0.318,0.4588463257840098,2,0.011
N15_M07_F04_KI05_6,KI05,artificial,inner_race,N15_M07_F04,1499.58,cepstrum,12000.0,14000.0,5.4335,normal,0.526,-0.052062551863953116,2,0.0,0.096,1.4140174848694016,2,0.012
N15_M07_F04_KI05_7,KI05,artificial,inner_race,N15_M07_F04,1499.7,cepstrum,12000.0,14000.0,4.7423,normal,0.406,0.7493408314599737,1,-0.0010000000000000009,0.854,-1.124468267673886,1,0.014000000000000002
N15_M07_F04_KI05_8,KI05,artificial,inner_race,N15_M07_F04,1499.03,cepstrum,12000.0,14000.0,5.7464,normal,0.37,0.2812166544228786,1,0.0010000000000000009,0.392,0.25238296546023375,1,-0.014
N15_M07_F04_KI05_9,KI05,artificial,inner_race,N15_M07_F04,1500.14,cepstrum,12000.0,14000.0,6.0407,normal,0.302,0.5908247735973319,1,-0.0010000000000000009,0.384,0.17992860303570124,3,0.009999999999999998
N15_M07_F04_KI07_1,KI07,artificial,inner_race,N15_M07_F04,1499.74,cepstrum,12000.0,14000.0,6.4053,normal,0.312,0.7930090611019297,1,-0.0010000000000000009,0.21,0.9935518597740381,2,0.012
N15_M07_F04_KI07_10,KI07,artificial,inner_race,N15_M07_F04,1499.55,cepstrum,10666.7,13333.3,4.5569,normal,0.302,0.4804337665963347,1,-0.0010000000000000009,0.158,1.219565844189381,2,0.011
N15_M07_F04_KI07_11,KI07,artificial,inner_race,N15_M07_F04,1499.52,cepstrum,12000.0,14000.0,3.5611,normal,0.29,0.951683326593,1,-0.0010000000000000009,0.34,0.7002696592013566,1,0.009999999999999998
N15_M07_F04_KI07_12,KI07,artificial,inner_race,N15_M07_F04,1499.52,cepstrum,10666.7,13333.3,4.2916,normal,0.554,-0.24589698180138878,1,-0.0019999999999999983,0.2,0.965712883156586,1,0.012
N15_M07_F04_KI07_13,KI07,artificial,inner_race,N15_M07_F04,1499.54,cepstrum,12000.0,14000.0,4.5896,normal,0.258,1.3092132403199777,1,0.0,0.11,1.2156091237826159,1,0.011
N15_M07_F04_KI07_14,KI07,artificial,inner_race,N15_M07_F04,1499.46,cepstrum,10666.7,13333.3,4.9242,normal,0.626,-0.331216849656426,0,0.016000000000000004,0.682,-0.5472224914033935,1,-0.009000000000000001
N15_M07_F04_KI07_15,KI07,artificial,inner_race,N15_M07_F04,1499.35,cepstrum,10666.7,13333.3,5.7269,normal,0.364,0.9066589064939208,2,-0.0010000000000000009,0.478,0.028878225211733256,2,0.011
N15_M07_F04_KI07_16,KI07,artificial,inner_race,N15_M07_F04,1499.33,cepstrum,10666.7,13333.3,7.0329,normal,0.266,1.1929434599899962,1,0.0,0.71,-0.47055890541068995,2,0.012
N15_M07_F04_KI07_17,KI07,artificial,inner_race,N15_M07_F04,1499.84,cepstrum,10666.7,13333.3,3.8761,normal,0.42,0.35726915543483745,0,-0.018000000000000002,0.262,0.6222004002847695,2,0.011
N15_M07_F04_KI07_18,KI07,artificial,inner_race,N15_M07_F04,1499.88,cepstrum,12000.0,14000.0,4.8749,normal,0.288,0.6028753704692965,0,0.015000000000000003,0.612,-0.3074842864234682,2,0.011
N15_M07_F04_KI07_19,KI07,artificial,inner_race,N15_M07_F04,1499.34,cepstrum,10666.7,13333.3,5.5842,normal,0.246,1.240405939659816,1,-0.019,0.386,0.40245379183415775,3,0.009000000000000001
N15_M07_F04_KI07_2,KI07,artificial,inner_race,N15_M07_F04,1499.79,cepstrum,12000.0,14000.0,6.36,normal,0.312,1.3993483720985889,0,-0.0019999999999999983,0.638,-0.2607924077320945,1,0.009999999999999998
N15_M07_F04_KI07_20,KI07,artificial,inner_race,N15_M07_F04,1499.47,cepstrum,12000.0,14000.0,4.3564,normal,0.348,0.5715391674545753,0,-0.018000000000000002,0.208,1.22433292040052,2,0.012
N15_M07_F04_KI07_3,KI07,artificial,inner_race,N15_M07_F04,1499.52,cepstrum,12000.0,14000.0,6.2271,normal,0.446,0.44998723163004783,1,0.0,0.686,-0.4499059643918092,2,0.012
N15_M07_F04_KI07_4,KI07,artificial,inner_race,N15_M07_F04,1499.48,cepstrum,12000.0,14000.0,4.9897,normal,0.386,0.6875464542106848,1,0.015000000000000003,0.576,-0.12447910312549162,1,0.011
N15_M07_F04_KI07_5,KI07,artificial,inner_race,N15_M07_F04,1499.6,cepstrum,12000.0,14000.0,5.8365,normal,0.236,1.126297041735725,1,0.0,0.358,0.46124484956408734,2,0.011
N15_M07_F04_KI07_6,KI07,artificial,inner_race,N15_M07_F04,1499.05,cepstrum,10666.7,13333.3,4.5877,normal,0.256,0.8815417959036407,1,-0.0010000000000000009,0.62,-0.22246190251964962,1,0.009000000000000001
N15_M07_F04_KI07_7,KI07,artificial,inner_race,N15_M07_F04,1499.6,cepstrum,12000.0,14000.0,4.4501,normal,0.322,0.40630166641196525,0,-0.016,0.75,-0.6152145048473926,2,0.012
N15_M07_F04_KI07_8,KI07,artificial,inner_race,N15_M07_F04,1499.18,cepstrum,12000.0,14000.0,4.0136,normal,0.322,0.2824309809171908,1,0.0,0.23,1.2261502870405911,2,0.012
N15_M07_F04_KI07_9,KI07,artificial,inner_race,N15_M07_F04,1499.87,cepstrum,10666.7,13333.3,5.5446,normal,0.344,0.768584398400338,1,-0.0019999999999999983,0.416,0.15491990556737575,1,0.011
N15_M07_F04_KI08_1,KI08,artificial,inner_race,N15_M07_F04,1499.6,cepstrum,12000.0,14000.0,5.6464,normal,0.864,-0.8196063610111629,0,-0.0019999999999999983,0.48,0.048997900101897834,1,0.006000000000000002
N15_M07_F04_KI08_10,KI08,artificial,inner_race,N15_M07_F04,1499.52,cepstrum,10666.7,13333.3,5.106,normal,0.398,0.1810231764193025,1,0.016000000000000004,0.824,-0.8269890391546689,1,-0.009000000000000001
N15_M07_F04_KI08_11,KI08,artificial,inner_race,N15_M07_F04,1499.56,cepstrum,10666.7,13333.3,3.4727,normal,0.632,-0.3565049317577371,0,0.016999999999999998,0.38,0.3477673180096333,0,0.014000000000000002
N15_M07_F04_KI08_12,KI08,artificial,inner_race,N15_M07_F04,1499.39,cepstrum,10666.7,13333.3,5.0459,normal,0.33,0.7458735877708186,1,-0.0010000000000000009,0.722,-0.42718715142311925,1,0.011
N15_M07_F04_KI08_13,KI08,artificial,inner_race,N15_M07_F04,1499.65,cepstrum,10666.7,13333.3,4.9152,normal,0.312,0.5855543400037174,1,-0.0010000000000000009,0.352,0.4330604808549018,1,0.011
N15_M07_F04_KI08_14,KI08,artificial,inner_race,N15_M07_F04,1499.7,cepstrum,12000.0,14000.0,4.718,normal,0.524,-0.08279868332517969,0,0.015000000000000003,0.236,1.220606471649659,1,0.011
N15_M07_F04_KI08_15,KI08,artificial,inner_race,N15_M07_F04,1499.38,cepstrum,12000.0,14000.0,3.4526,normal,0.294,0.9725067864473972,0,0.015000000000000003,0.212,1.0618761204436915,2,0.012
N15_M07_F04_KI08_16,KI08,artificial,inner_race,N15_M07_F04,1499.74,cepstrum,10666.7,13333.3,4.0724,normal,0.538,-0.28885976062250485,2,-0.0010000000000000009,0.642,-0.3381598781731619,3,0.011
N15_M07_F04_KI08_17,KI08,artificial,inner_race,N15_M07_F04,1499.52,cepstrum,10666.7,13333.3,5.5793,normal,0.654,-0.25596352467564176,1,0.0,0.238,0.6421641215875046,2,-0.009000000000000001
N15_M07_F04_KI08_18,KI08,artificial,inner_race,N15_M07_F04,1499.47,cepstrum,12000.0,14000.0,5.5725,normal,0.272,0.9339328140484663,2,0.015000000000000003,0.258,0.8589890952861794,2,0.012
N15_M07_F04_KI08_19,KI08,artificial,inner_race,N15_M07_F04,1499.68,cepstrum,12000.0,14000.0,4.9339,normal,0.416,0.06502659609129972,0,-0.017,0.328,0.37038552968522176,2,-0.009000000000000001
N15_M07_F04_KI08_2,KI08,artificial,inner_race,N15_M07_F04,1499.63,cepstrum,10666.7,13333.3,4.7981,normal,0.67,-0.3836709316817966,1,0.0,0.268,0.6840200942111918,2,0.011
N15_M07_F04_KI08_20,KI08,artificial,inner_race,N15_M07_F04,1499.54,cepstrum,12000.0,14000.0,5.4663,normal,0.26,0.7440174967426122,1,-0.0019999999999999983,0.274,0.5802515832286822,2,0.012
N15_M07_F04_KI08_3,KI08,artificial,inner_race,N15_M07_F04,1499.65,cepstrum,10666.7,13333.3,3.0286,normal,1.0,-1.8443592397081916,0,0.005000000000000001,0.89,-1.4320208264488234,0,0.011
N15_M07_F04_KI08_4,KI08,artificial,inner_race,N15_M07_F04,1499.89,cepstrum,12000.0,14000.0,4.0087,normal,0.416,0.6247596266613628,1,-0.0010000000000000009,0.136,2.467695287774233,2,0.009999999999999998
N15_M07_F04_KI08_5,KI08,artificial,inner_race,N15_M07_F04,1499.65,cepstrum,12000.0,14000.0,5.867,normal,0.362,0.32046994910863696,1,-0.0019999999999999983,0.244,0.7801061017632619,2,0.011
N15_M07_F04_KI08_6,KI08,artificial,inner_race,N15_M07_F04,1499.74,cepstrum,12000.0,14000.0,4.6404,normal,0.414,0.26409555781290683,0,0.015000000000000003,0.348,0.4137634306242302,1,0.011
N15_M07_F04_KI08_7,KI08,artificial,inner_race,N15_M07_F04,1499.39,cepstrum,12000.0,14000.0,3.8271,normal,0.346,0.4101570175348825,1,-0.0010000000000000009,0.394,0.1870688444854631,1,-0.009000000000000001
N15_M07_F04_KI08_8,KI08,artificial,inner_race,N15_M07_F04,1499.41,cepstrum,12000.0,14000.0,3.9745,normal,0.284,0.39109721817544807,1,-0.0010000000000000009,0.096,1.8173157214323157,2,0.012
N15_M07_F04_KI08_9,KI08,artificial,inner_race,N15_M07_F04,1499.61,cepstrum,10666.7,13333.3,5.8888,normal,0.692,-0.2863443618337099,1,0.0,0.152,0.8926529200055983,2,-0.009000000000000001
N15_M07_F04_KI14_1,KI14,real,inner_race,N15_M07_F04,1499.55,cepstrum,12000.0,14000.0,3.6395,normal,0.734,-0.49761951851686786,0,-0.0019999999999999983,0.834,-0.9231033413912997,0,-0.004
N15_M07_F04_KI14_10,KI14,real,inner_race,N15_M07_F04,1499.67,cepstrum,12000.0,14000.0,3.7715,normal,0.742,-0.5960374274867343,0,0.016000000000000004,0.406,0.4701903495438968,0,0.011
N15_M07_F04_KI14_11,KI14,real,inner_race,N15_M07_F04,1499.62,cepstrum,12000.0,14000.0,3.6538,normal,0.99,-1.2650581034031083,0,-0.012,0.85,-0.6543153233816364,1,-0.009000000000000001
N15_M07_F04_KI14_12,KI14,real,inner_race,N15_M07_F04,1499.59,cepstrum,12000.0,14000.0,3.8516,normal,0.784,-0.663213793029541,0,0.015000000000000003,0.918,-1.0777523908443147,2,-0.01
N15_M07_F04_KI14_13,KI14,real,inner_race,N15_M07_F04,1499.46,cepstrum,12000.0,14000.0,4.0948,normal,0.668,-0.5167505020925103,0,-0.015,0.644,-0.31769582913764555,2,-0.009000000000000001
N15_M07_F04_KI14_14,KI14,real,inner_race,N15_M07_F04,1499.59,cepstrum,12000.0,14000.0,3.4324,normal,0.778,-0.46858337317452997,0,-0.013000000000000001,0.972,-1.214074579065118,1,0.015000000000000003
N15_M07_F04_KI14_15,KI14,real,inner_race,N15_M07_F04,1499.5,cepstrum,12000.0,14000.0,4.1229,normal,0.828,-0.7835927164283488,0,-0.0019999999999999983,0.604,-0.337954053708304,0,0.015000000000000003
N15_M07_F04_KI14_16,KI14,real,inner_race,N15_M07_F04,1499.43,cepstrum,12000.0,14000.0,3.4697,normal,0.834,-0.9087988073707832,0,0.015000000000000003,0.772,-0.5728864994672024,1,-0.01
N15_M07_F04_KI14_17,KI14,real,inner_race,N15_M07_F04,1499.59,cepstrum,12000.0,14000.0,3.6232,normal,0.854,-1.4750203267687556,0,0.016000000000000004,0.42,0.28090756165719694,0,-0.004
N15_M07_F04_KI14_18,KI14,real,inner_race,N15_M07_F04,1499.65,cepstrum,12000.0,14000.0,3.7607,normal,0.722,-0.5731265495935496,0,-0.0019999999999999983,0.734,-0.5603962554240111,1,-0.006999999999999999
N15_M07_F04_KI14_19,KI14,real,inner_race,N15_M07_F04,1499.59,cepstrum,12000.0,14000.0,4.3799,normal,0.574,-0.17460833514432683,0,0.016000000000000004,0.774,-0.6843477500004455,1,-0.017
N15_M07_F04_KI14_2,KI14,real,inner_race,N15_M07_F04,1499.58,cepstrum,12000.0,14000.0,3.7523,normal,0.402,0.16581959812106345,0,-0.015,0.696,-0.5385273897760366,1,0.011
N15_M07_F04_KI14_20,KI14,real,inner_race,N15_M07_F04,1499.47,cepstrum,12000.0,14000.0,3.7939,normal,0.984,-1.48462139602612,0,0.0,0.818,-0.8597379895265388,2,-0.01
N15_M07_F04_KI14_3,KI14,real,inner_race,N15_M07_F04,1499.49,cepstrum,12000.0,14000.0,2.849,normal,0.682,-0.645072524891775,0,0.015000000000000003,0.292,0.6818919775587449,2,-0.009000000000000001
N15_M07_F04_KI14_4,KI14,real,inner_race,N15_M07_F04,1499.64,cepstrum,12000.0,14000.0,3.3565,normal,0.982,-1.046071078570418,0,0.019,0.524,-0.09045522463391817,1,-0.01
N15_M07_F04_KI14_5,KI14,real,inner_race,N15_M07_F04,1499.56,cepstrum,12000.0,14000.0,3.4986,normal,0.664,-0.40045326924172203,0,0.015000000000000003,0.72,-0.697038732076202,2,-0.01
N15_M07_F04_KI14_6,KI14,real,inner_race,N15_M07_F04,1499.66,cepstrum,12000.0,14000.0,3.2139,normal,0.612,-0.3787265076069154,0,-0.017,0.262,0.7188681872083446,0,-0.011
N15_M07_F04_KI14_7,KI14,real,inner_race,N15_M07_F04,1499.46,cepstrum,12000.0,14000.0,3.861,normal,0.744,-0.5396808917571706,0,-0.019,0.842,-0.8924335191911957,1,-0.01
N15_M07_F04_KI14_8,KI14,real,inner_race,N15_M07_F04,1499.51,cepstrum,12000.0,14000.0,3.6485,normal,0.46,0.09958111491597213,0,-0.015,0.728,-0.6208552394059563,2,-0.016
N15_M07_F04_KI14_9,KI14,real,inner_race,N15_M07_F04,1499.67,cepstrum,12000.0,14000.0,3.7464,normal,0.348,0.8414290223733164,0,-0.019,0.666,-0.39083588874464054,1,-0.01
N15_M07_F04_KI16_1,KI16,real,inner_race,N15_M07_F04,1499.68,cepstrum,0.0,2000.0,7.4383,inner_race,0.002,5.6890903219135485,0,-0.02,0.002,3.9573518584286944,5,0.004
N15_M07_F04_KI16_10,KI16,real,inner_race,N15_M07_F04,1499.13,cepstrum,0.0,2000.0,8.1133,normal,0.056,3.2390831891534266,0,-0.02,0.002,3.2369663898916268,0,0.005000000000000001
N15_M07_F04_KI16_11,KI16,real,inner_race,N15_M07_F04,1500.21,cepstrum,0.0,2000.0,3.6799,normal,0.068,1.3508106106371236,0,-0.019,0.002,4.257213114692591,0,0.005000000000000001
N15_M07_F04_KI16_12,KI16,real,inner_race,N15_M07_F04,1499.13,cepstrum,0.0,2000.0,5.1313,normal,0.998,-1.3665247431831637,0,-0.015,0.078,1.0553619049723557,0,0.006000000000000002
N15_M07_F04_KI16_13,KI16,real,inner_race,N15_M07_F04,1499.48,cepstrum,0.0,2000.0,3.7819,normal,0.002,3.6357385468840997,0,-0.02,0.002,2.750251360662373,0,0.004
N15_M07_F04_KI16_14,KI16,real,inner_race,N15_M07_F04,1499.33,cepstrum,0.0,2000.0,4.1743,normal,0.154,1.5299101188764617,0,-0.02,0.24,0.7455522206310317,0,-0.014
N15_M07_F04_KI16_15,KI16,real,inner_race,N15_M07_F04,1499.93,cepstrum,0.0,2000.0,3.6867,normal,0.346,0.3993912780299552,0,0.019,0.02,3.526969171657305,0,0.0010000000000000009
N15_M07_F04_KI16_16,KI16,real,inner_race,N15_M07_F04,1499.63,cepstrum,12000.0,14000.0,3.7632,normal,0.632,-0.29343115724459473,0,-0.017,0.738,-0.4732895890416337,1,-0.011
N15_M07_F04_KI16_17,KI16,real,inner_race,N15_M07_F04,1499.94,cepstrum,12000.0,14000.0,3.2878,normal,0.688,-0.49625311371638986,0,-0.011,0.93,-0.9889691407641396,1,-0.011
N15_M07_F04_KI16_18,KI16,real,inner_race,N15_M07_F04,1499.9,cepstrum,0.0,2000.0,6.9467,normal,0.598,-0.2976050721037058,0,-0.02,0.002,3.635744867136549,0,0.006000000000000002
N15_M07_F04_KI16_19,KI16,real,inner_race,N15_M07_F04,1499.45,cepstrum,12000.0,14000.0,3.5838,normal,0.918,-0.9448626862108594,0,0.0,0.592,-0.2284660458123938,1,-0.016
N15_M07_F04_KI16_2,KI16,real,inner_race,N15_M07_F04,1499.26,cepstrum,0.0,2000.0,3.7463,normal,0.148,0.9988558801164513,0,-0.014,0.002,3.9529040373447466,0,0.005000000000000001
N15_M07_F04_KI16_20,KI16,real,inner_race,N15_M07_F04,1499.74,cepstrum,12000.0,14000.0,3.971,normal,0.88,-1.1159891623817262,0,-0.014,0.626,-0.2990526718274017,2,-0.01
N15_M07_F04_KI16_3,KI16,real,inner_race,N15_M07_F04,1499.19,cepstrum,12000.0,14000.0,3.2935,normal,0.808,-0.7197193427741196,0,-0.015,0.636,-0.27091034340635045,2,-0.01
N15_M07_F04_KI16_4,KI16,real,inner_race,N15_M07_F04,1499.54,cepstrum,12000.0,14000.0,3.5432,normal,0.31,0.7221722580106571,0,0.015000000000000003,0.786,-0.5336998933647543,2,-0.016
N15_M07_F04_KI16_5,KI16,real,inner_race,N15_M07_F04,1499.78,cepstrum,0.0,2000.0,3.9824,normal,0.236,0.8974886716438581,0,-0.013000000000000001,0.012,2.384972704909276,0,0.008
N15_M07_F04_KI16_6,KI16,real,inner_race,N15_M07_F04,1499.72,cepstrum,0.0,2000.0,6.2073,normal,0.388,0.2585947745068694,0,0.013000000000000001,0.872,-0.8412279801341028,0,0.006999999999999999
N15_M07_F04_KI16_7,KI16,real,inner_race,N15_M07_F04,1499.44,cepstrum,0.0,2000.0,3.1482,normal,0.344,0.3122781405341985,0,-0.013000000000000001,0.196,1.739660106002545,0,0.004
N15_M07_F04_KI16_8,KI16,real,inner_race,N15_M07_F04,1499.23,cepstrum,0.0,2000.0,3.689,normal,0.002,5.824557294361774,0,-0.02,0.002,3.5401818506691534,0,0.005000000000000001
N15_M07_F04_KI16_9,KI16,real,inner_race,N15_M07_F04,1499.53,cepstrum,12000.0,14000.0,3.6716,normal,0.482,0.013933517171668722,0,0.02,0.93,-1.0302920743134687,1,-0.004
N15_M07_F04_KI17_1,KI17,real,inner_race,N15_M07_F04,1499.73,cepstrum,8000.0,12000.0,10.5784,normal,0.808,-0.7353408092110951,0,0.006999999999999999,0.504,-0.008782918887091927,0,0.002999999999999999
N15_M07_F04_KI17_10,KI17,real,inner_race,N15_M07_F04,1499.61,cepstrum,8000.0,12000.0,24.477,normal,0.518,-0.025568017030870152,0,-0.006999999999999999,0.002,2.7093925404101777,0,-0.0019999999999999983
N15_M07_F04_KI17_11,KI17,real,inner_race,N15_M07_F04,1498.92,cepstrum,8000.0,10000.0,8.4149,normal,0.332,0.6755418179694982,0,-0.002999999999999999,0.118,1.206022953050801,0,-0.005000000000000001
N15_M07_F04_KI17_12,KI17,real,inner_race,N15_M07_F04,1499.04,cepstrum,8000.0,10666.7,12.1419,normal,0.146,0.9158166710050988,0,-0.0019999999999999983,0.002,2.355410143330654,0,-0.005000000000000001
N15_M07_F04_KI17_13,KI17,real,inner_race,N15_M07_F04,1499.6,cepstrum,8000.0,12000.0,6.6778,normal,0.63,-0.26387153117611306,0,0.0,0.018,1.9568558214452525,0,-0.002999999999999999
N15_M07_F04_KI17_14,KI17,real,inner_race,N15_M07_F04,1500.62,cepstrum,12000.0,14000.0,3.8868,normal,0.332,0.5639350624308923,0,0.016000000000000004,0.522,-0.043617746533342876,1,-0.004
N15_M07_F04_KI17_15,KI17,real,inner_race,N15_M07_F04,1499.42,cepstrum,8000.0,10666.7,5.839,normal,0.576,-0.340465054050356,0,-0.0019999999999999983,0.002,2.3421126849095204,0,-0.004
N15_M07_F04_KI17_16,KI17,real,inner_race,N15_M07_F04,1499.04,cepstrum,8000.0,10666.7,7.8114,normal,0.612,-0.35626208246247093,0,-0.0010000000000000009,0.058,2.6416783148859033,0,-0.002999999999999999
N15_M07_F04_KI17_17,KI17,real,inner_race,N15_M07_F04,1499.71,cepstrum,8000.0,12000.0,9.406,normal,0.636,-0.3506060894857096,0,0.009999999999999998,0.142,1.6382748593875658,0,-0.002999999999999999
N15_M07_F04_KI17_18,KI17,real,inner_race,N15_M07_F04,1499.54,cepstrum,8000.0,10666.7,6.3394,normal,0.708,-0.2727960006347953,0,-0.015,0.002,5.2879648625814575,0,-0.002999999999999999
N15_M07_F04_KI17_19,KI17,real,inner_race,N15_M07_F04,1501.4,cepstrum,8000.0,12000.0,3.9221,normal,0.744,-0.542806156369182,0,-0.017,0.3,0.6384280243134444,0,-0.004
N15_M07_F04_KI17_2,KI17,real,inner_race,N15_M07_F04,1499.49,cepstrum,8000.0,10000.0,41.3786,normal,0.684,-0.6016174072634919,0,-0.009000000000000001,0.592,-0.2735960777757781,0,-0.012
N15_M07_F04_KI17_20,KI17,real,inner_race,N15_M07_F04,1499.9,cepstrum,8000.0,10000.0,26.2268,normal,0.544,-0.2523049667070777,0,0.008,0.434,0.22971186980544478,0,-0.02
N15_M07_F04_KI17_3,KI17,real,inner_race,N15_M07_F04,1499.82,cepstrum,8000.0,10666.7,12.2362,normal,0.002,1.8731949796251486,0,-0.015,0.06,1.18256709710072,0,0.0
N15_M07_F04_KI17_4,KI17,real,inner_race,N15_M07_F04,1499.57,cepstrum,8000.0,10666.7,73.4711,normal,0.39,0.3507173477263831,0,-0.015,0.45,0.2825381062440777,0,-0.002999999999999999
N15_M07_F04_KI17_5,KI17,real,inner_race,N15_M07_F04,1499.79,cepstrum,8000.0,10666.7,11.6401,normal,0.056,3.000260201890077,0,0.006000000000000002,0.032,1.6557735052396276,0,-0.006
N15_M07_F04_KI17_6,KI17,real,inner_race,N15_M07_F04,1499.09,cepstrum,8000.0,10666.7,23.0044,normal,0.728,-0.7590100271439136,0,0.009999999999999998,0.286,0.551881188376869,0,0.004
N15_M07_F04_KI17_7,KI17,real,inner_race,N15_M07_F04,1499.42,cepstrum,12000.0,14000.0,3.8569,normal,0.218,0.6686804757745026,0,-0.014,0.722,-0.6735784566644339,1,-0.002999999999999999
N15_M07_F04_KI17_8,KI17,real,inner_race,N15_M07_F04,1499.57,cepstrum,8000.0,10666.7,10.3701,normal,0.112,0.9426443731022638,0,-0.018000000000000002,0.042,1.8532823504917244,0,-0.002999999999999999
N15_M07_F04_KI17_9,KI17,real,inner_race,N15_M07_F04,1499.09,cepstrum,12000.0,14000.0,3.3563,normal,0.938,-1.557348353133741,0,0.013000000000000001,0.726,-0.4655105861832674,1,-0.017
N15_M07_F04_KI18_1,KI18,real,inner_race,N15_M07_F04,1499.43,cepstrum,0.0,2000.0,5.1698,normal,0.116,2.40211970852088,0,0.014000000000000002,0.042,1.946885570405698,0,0.011
N15_M07_F04_KI18_10,KI18,real,inner_race,N15_M07_F04,1499.45,cepstrum,8000.0,10000.0,3.5786,inner_race,0.152,1.2157689147092416,1,-0.018000000000000002,0.002,4.2111646531214895,21,-0.0019999999999999983
N15_M07_F04_KI18_11,KI18,real,inner_race,N15_M07_F04,1499.8,cepstrum,12000.0,14000.0,3.2958,normal,0.542,-0.2484510268862983,0,-0.02,0.83,-0.7874347093683686,2,-0.01
N15_M07_F04_KI18_12,KI18,real,inner_race,N15_M07_F04,1499.5,cepstrum,12000.0,14000.0,3.5023,normal,0.834,-2.148825314188793,0,-0.011,0.784,-0.6221780140565287,1,-0.016
N15_M07_F04_KI18_13,KI18,real,inner_race,N15_M07_F04,1499.52,cepstrum,12000.0,14000.0,3.146,normal,0.238,0.6289942972329279,0,0.016000000000000004,0.564,-0.1592696053580085,1,-0.016
N15_M07_F04_KI18_14,KI18,real,inner_race,N15_M07_F04,1499.57,cepstrum,12000.0,14000.0,3.5603,normal,0.91,-1.4963004572116623,0,-0.017,0.864,-1.0417466099558632,0,0.011
N15_M07_F04_KI18_15,KI18,real,inner_race,N15_M07_F04,1499.56,cepstrum,12000.0,14000.0,3.3604,normal,0.768,-0.6372276053780765,0,0.015000000000000003,0.964,-1.2987388633065993,0,0.006000000000000002
N15_M07_F04_KI18_16,KI18,real,inner_race,N15_M07_F04,1499.66,cepstrum,12000.0,14000.0,3.8547,normal,0.37,0.561437774916154,0,0.016000000000000004,0.644,-0.3053347199997495,2,-0.01
N15_M07_F04_KI18_17,KI18,real,inner_race,N15_M07_F04,1499.67,cepstrum,12000.0,14000.0,3.7758,normal,0.662,-0.3495531913874831,0,-0.005000000000000001,0.37,0.3501285035721535,0,0.009999999999999998
N15_M07_F04_KI18_18,KI18,real,inner_race,N15_M07_F04,1499.4,cepstrum,12000.0,14000.0,3.669,normal,0.732,-0.33050662875284037,0,0.014000000000000002,0.582,-0.1738757269323557,0,0.006000000000000002
N15_M07_F04_KI18_19,KI18,real,inner_race,N15_M07_F04,1499.61,cepstrum,12000.0,14000.0,3.6816,normal,0.382,0.2689103229533844,0,-0.017,0.36,0.28879219713626375,2,-0.009000000000000001
N15_M07_F04_KI18_2,KI18,real,inner_race,N15_M07_F04,1499.41,cepstrum,8000.0,10000.0,3.3029,inner_race,0.028,2.8519515359664243,1,-0.018000000000000002,0.002,4.022089535036757,18,-0.0019999999999999983
N15_M07_F04_KI18_20,KI18,real,inner_race,N15_M07_F04,1499.63,cepstrum,12000.0,14000.0,3.7525,normal,0.49,0.03650249092034164,0,-0.02,0.452,0.09443657372617353,1,-0.009000000000000001
N15_M07_F04_KI18_3,KI18,real,inner_race,N15_M07_F04,1499.56,cepstrum,8000.0,10000.0,3.3855,inner_race,0.44,0.31225211456973856,1,-0.019,0.002,4.386090031248291,19,-0.0019999999999999983
N15_M07_F04_KI18_4,KI18,real,inner_race,N15_M07_F04,1499.75,cepstrum,12000.0,14000.0,3.6568,normal,0.742,-0.444904639160132,0,0.016999999999999998,0.532,-0.04041381089932359,1,-0.011
N15_M07_F04_KI18_5,KI18,real,inner_race,N15_M07_F04,1499.89,cepstrum,8000.0,10000.0,3.336,inner_race,0.074,1.7223483268533049,1,-0.019,0.002,3.6816300520404535,22,-0.0019999999999999983
N15_M07_F04_KI18_6,KI18,real,inner_race,N15_M07_F04,1499.73,cepstrum,12000.0,14000.0,3.79,normal,0.742,-0.5464965174328829,0,-0.016,0.834,-0.7664850817717274,1,-0.009000000000000001
N15_M07_F04_KI18_7,KI18,real,inner_race,N15_M07_F04,1499.68,cepstrum,12000.0,14000.0,3.3432,normal,0.742,-0.4713151761576953,0,0.016000000000000004,0.904,-1.3785951438725004,1,-0.016
N15_M07_F04_KI18_8,KI18,real,inner_race,N15_M07_F04,1499.65,cepstrum,12000.0,14000.0,4.0004,normal,0.524,-0.21911228987588915,0,-0.012,0.936,-1.2818993770128755,0,0.011
N15_M07_F04_KI18_9,KI18,real,inner_race,N15_M07_F04,1499.45,cepstrum,12000.0,14000.0,3.581,normal,0.922,-2.376342894457829,0,-0.013000000000000001,0.588,-0.21832155300137995,1,-0.01
N15_M07_F04_KI21_1,KI21,real,inner_race,N15_M07_F04,1499.6,cepstrum,12000.0,14000.0,2.8211,normal,0.722,-0.43283457150589405,0,0.006999999999999999,0.96,-1.2763967679800579,1,-0.016
N15_M07_F04_KI21_10,KI21,real,inner_race,N15_M07_F04,1499.64,cepstrum,12000.0,14000.0,3.3382,normal,0.798,-0.7440927612586857,0,-0.012,0.858,-1.1282183347109593,0,0.0010000000000000009
N15_M07_F04_KI21_11,KI21,real,inner_race,N15_M07_F04,1499.66,cepstrum,12000.0,14000.0,2.2163,normal,0.878,-0.6543563192285335,0,-0.006,0.974,-1.2733984189848073,1,-0.011
N15_M07_F04_KI21_12,KI21,real,inner_race,N15_M07_F04,1499.46,cepstrum,12000.0,14000.0,2.3148,normal,0.87,-0.4773568269557713,0,-0.016,0.98,-1.3649262626332883,1,-0.009000000000000001
N15_M07_F04_KI21_13,KI21,real,inner_race,N15_M07_F04,1499.75,cepstrum,12000.0,14000.0,2.5484,normal,0.954,-1.8630785206389784,0,0.015000000000000003,0.626,-0.2494534989507216,1,-0.01
N15_M07_F04_KI21_14,KI21,real,inner_race,N15_M07_F04,1499.08,cepstrum,12000.0,14000.0,2.861,normal,0.866,-0.8122974634386008,0,-0.014,0.454,0.1555328515420198,0,0.015000000000000003
N15_M07_F04_KI21_15,KI21,real,inner_race,N15_M07_F04,1498.79,cepstrum,12000.0,14000.0,2.5345,normal,0.87,-1.0678921590465784,0,0.0010000000000000009,0.148,2.210503910313634,1,-0.009000000000000001
N15_M07_F04_KI21_16,KI21,real,inner_race,N15_M07_F04,1499.47,cepstrum,12000.0,14000.0,3.0171,normal,0.488,0.020220403463059543,0,-0.012,0.434,0.08156439118972889,1,-0.01
N15_M07_F04_KI21_17,KI21,real,inner_race,N15_M07_F04,1499.7,cepstrum,12000.0,14000.0,2.1906,normal,0.716,-0.49023672238705257,0,0.016000000000000004,0.78,-0.688270985630084,0,-0.009000000000000001
N15_M07_F04_KI21_18,KI21,real,inner_race,N15_M07_F04,1499.79,cepstrum,12000.0,14000.0,2.3379,normal,0.668,-0.13526916011106885,1,0.016999999999999998,0.484,0.1228035827050852,0,0.0010000000000000009
N15_M07_F04_KI21_19,KI21,real,inner_race,N15_M07_F04,1499.71,cepstrum,12000.0,14000.0,3.5041,normal,0.348,0.5444946909948252,0,-0.02,0.246,0.7464108513150006,1,0.015000000000000003
N15_M07_F04_KI21_2,KI21,real,inner_race,N15_M07_F04,1499.77,cepstrum,12000.0,14000.0,3.0719,normal,0.626,-0.5062045464338708,0,-0.012,0.602,-0.2506856385210525,0,0.0
N15_M07_F04_KI21_20,KI21,real,inner_race,N15_M07_F04,1499.6,cepstrum,12000.0,14000.0,2.4833,normal,0.876,-1.0446994580747093,0,0.02,0.566,-0.25550925456769785,1,-0.01
N15_M07_F04_KI21_3,KI21,real,inner_race,N15_M07_F04,1499.65,cepstrum,12000.0,14000.0,2.5443,normal,0.328,0.4708429145269438,1,0.015000000000000003,0.99,-1.3159706725916107,0,0.006999999999999999
N15_M07_F04_KI21_4,KI21,real,inner_race,N15_M07_F04,1499.64,cepstrum,12000.0,14000.0,2.694,normal,0.39,0.36573490416446547,0,-0.006999999999999999,0.784,-1.1055794844491265,1,-0.01
N15_M07_F04_KI21_5,KI21,real,inner_race,N15_M07_F04,1499.53,cepstrum,12000.0,14000.0,2.9687,normal,0.802,-0.7034960624710402,0,-0.016,0.562,-0.25382436597529956,2,-0.01
N15_M07_F04_KI21_6,KI21,real,inner_race,N15_M07_F04,1499.54,cepstrum,12000.0,14000.0,3.1022,normal,0.516,-0.11386707633677103,0,0.015000000000000003,0.372,0.30890304995236,1,-0.016
N15_M07_F04_KI21_7,KI21,real,inner_race,N15_M07_F04,1499.81,cepstrum,12000.0,14000.0,2.8238,normal,0.872,-1.027955672063921,0,-0.011,0.55,-0.0734607083367262,2,-0.016
N15_M07_F04_KI21_8,KI21,real,inner_race,N15_M07_F04,1499.74,cepstrum,12000.0,14000.0,2.857,normal,0.404,0.2527513883871365,0,-0.013000000000000001,0.576,-0.17698572385814232,0,0.015000000000000003
N15_M07_F04_KI21_9,KI21,real,inner_race,N15_M07_F04,1499.72,cepstrum,12000.0,14000.0,2.6931,normal,0.81,-0.7895235125128167,0,0.016999999999999998,0.692,-0.3637800153917983,1,-0.017
N15_M07_F10_K001_1,K001,none,normal,N15_M07_F10,1499.59,cepstrum,12000.0,14000.0,2.2833,normal,0.918,-1.4556634423858696,1,0.02,0.914,-1.0549766949263197,0,0.006000000000000002
N15_M07_F10_K001_10,K001,none,normal,N15_M07_F10,1499.59,cepstrum,10666.7,13333.3,2.6901,normal,0.256,1.9733721430315359,1,0.0010000000000000009,0.108,2.3564119053032213,2,0.009999999999999998
N15_M07_F10_K001_11,K001,none,normal,N15_M07_F10,1499.55,cepstrum,10666.7,13333.3,2.3452,normal,0.68,-0.5904364643184791,1,-0.0010000000000000009,0.038,2.515331298531716,2,0.011
N15_M07_F10_K001_12,K001,none,normal,N15_M07_F10,1499.59,cepstrum,10666.7,13333.3,2.4158,normal,0.702,-0.0986404844102983,2,-0.0010000000000000009,0.868,-1.110666453795327,0,-0.008
N15_M07_F10_K001_13,K001,none,normal,N15_M07_F10,1499.6,cepstrum,10666.7,13333.3,2.6209,normal,0.326,0.8111363428229391,1,-0.0010000000000000009,0.558,-0.1658610177790838,0,0.006000000000000002
N15_M07_F10_K001_14,K001,none,normal,N15_M07_F10,1499.55,cepstrum,10666.7,13333.3,2.2341,normal,0.252,1.2666795306909882,0,0.0,0.436,0.19343377303371523,0,0.016000000000000004
N15_M07_F10_K001_15,K001,none,normal,N15_M07_F10,1499.58,cepstrum,10666.7,13333.3,2.8154,normal,0.282,0.5313067162325978,1,-0.0010000000000000009,0.038,3.0672814417927294,2,0.011
N15_M07_F10_K001_16,K001,none,normal,N15_M07_F10,1499.56,cepstrum,10666.7,13333.3,2.3138,normal,0.294,0.7944190880690457,1,-0.0010000000000000009,0.564,-0.1567964353064643,1,0.011
N15_M07_F10_K001_17,K001,none,normal,N15_M07_F10,1499.63,cepstrum,10666.7,13333.3,2.479,normal,0.49,0.07967800593831426,1,0.0,0.47,0.07681110553571428,2,0.009999999999999998
N15_M07_F10_K001_18,K001,none,normal,N15_M07_F10,1499.61,cepstrum,10666.7,13333.3,2.593,normal,0.19,0.7420109065514761,1,-0.0010000000000000009,0.06,1.9261953273756374,2,0.009999999999999998
N15_M07_F10_K001_19,K001,none,normal,N15_M07_F10,1499.62,cepstrum,12000.0,14000.0,2.3687,normal,0.454,0.028894665703000748,0,0.0,0.382,0.2254441483121251,0,-0.006999999999999999
N15_M07_F10_K001_2,K001,none,normal,N15_M07_F10,1499.61,cepstrum,10666.7,13333.3,2.3844,normal,0.462,0.14605293081848542,1,0.0,0.2,1.264285502492038,3,0.011
N15_M07_F10_K001_20,K001,none,normal,N15_M07_F10,1499.61,cepstrum,10666.7,13333.3,2.0347,normal,0.322,0.3344626282387906,0,-0.017,0.046,2.1164016148862976,3,0.009999999999999998
N15_M07_F10_K001_3,K001,none,normal,N15_M07_F10,1499.63,cepstrum,10666.7,13333.3,2.7164,inner_race,0.214,1.1754602424118108,1,-0.0010000000000000009,0.002,2.3461485383778076,3,0.009999999999999998
N15_M07_F10_K001_4,K001,none,normal,N15_M07_F10,1499.62,cepstrum,12000.0,14000.0,2.303,normal,0.254,0.28425340766840357,1,0.0,0.544,-0.14817145096450662,3,0.011
N15_M07_F10_K001_5,K001,none,normal,N15_M07_F10,1499.62,cepstrum,10666.7,13333.3,2.4926,normal,0.72,-0.3528034501725422,1,-0.0019999999999999983,0.56,-0.1486105094711418,3,0.009999999999999998
N15_M07_F10_K001_6,K001,none,normal,N15_M07_F10,1499.63,cepstrum,10666.7,13333.3,2.4046,normal,0.782,-0.5485194342674707,1,-0.0019999999999999983,0.098,1.4464977376735475,2,0.009999999999999998
N15_M07_F10_K001_7,K001,none,normal,N15_M07_F10,1499.56,cepstrum,10666.7,13333.3,2.3627,normal,0.326,1.2987749210087176,0,0.02,0.032,2.528939143170978,1,0.011
N15_M07_F10_K001_8,K001,none,normal,N15_M07_F10,1499.56,cepstrum,10666.7,13333.3,2.4488,normal,0.496,0.08097916049846579,1,-0.018000000000000002,0.16,0.7456507199728395,3,0.012
N15_M07_F10_K001_9,K001,none,normal,N15_M07_F10,1499.62,cepstrum,12000.0,14000.0,2.2308,normal,0.452,0.12374185832013801,1,0.0,0.302,0.5203366040876206,1,0.009999999999999998
N15_M07_F10_K002_1,K002,none,normal,N15_M07_F10,1499.67,cepstrum,10666.7,13333.3,5.2644,normal,0.292,0.44231519756064835,1,0.0,0.518,-0.0702287815411142,2,0.013000000000000001
N15_M07_F10_K002_10,K002,none,normal,N15_M07_F10,1499.31,cepstrum,10666.7,13333.3,4.7269,normal,0.57,-0.16021303889328153,1,-0.0010000000000000009,0.528,-0.06057130878360662,2,0.0
N15_M07_F10_K002_11,K002,none,normal,N15_M07_F10,1499.5,cepstrum,10666.7,13333.3,5.0906,normal,0.75,-0.6220726614808306,1,0.0,0.514,-0.029379418214538672,1,0.006999999999999999
N15_M07_F10_K002_12,K002,none,normal,N15_M07_F10,1499.2,cepstrum,10666.7,13333.3,4.3952,normal,0.504,-0.1085288160606866,1,-0.0010000000000000009,0.202,1.5337474323280178,2,-0.015
N15_M07_F10_K002_13,K002,none,normal,N15_M07_F10,1500.1,cepstrum,10666.7,13333.3,5.0297,normal,0.518,-0.04516665208646616,1,0.016000000000000004,0.99,-1.3396943647751054,1,-0.0010000000000000009
N15_M07_F10_K002_14,K002,none,normal,N15_M07_F10,1499.4,cepstrum,10666.7,13333.3,7.0075,normal,0.552,-0.02669571403412819,1,0.0,0.448,0.1771573316744382,1,0.013000000000000001
N15_M07_F10_K002_15,K002,none,normal,N15_M07_F10,1499.93,cepstrum,12000.0,14000.0,7.031,normal,0.458,0.22747941103222696,2,0.0,0.488,0.06152150207072847,2,0.012
N15_M07_F10_K002_16,K002,none,normal,N15_M07_F10,1499.55,cepstrum,12000.0,14000.0,6.3863,normal,0.514,-0.022402437492215082,0,0.016000000000000004,0.426,0.32128907167060283,2,0.009999999999999998
N15_M07_F10_K002_17,K002,none,normal,N15_M07_F10,1499.64,cepstrum,10666.7,13333.3,6.2445,normal,0.732,-0.8103480002867591,1,0.016999999999999998,0.34,0.3463896673879132,1,-0.014
N15_M07_F10_K002_18,K002,none,normal,N15_M07_F10,1499.83,cepstrum,10666.7,13333.3,7.2952,normal,0.8,-0.7469988978424479,1,0.0,0.538,-0.055167040452631884,0,0.0
N15_M07_F10_K002_19,K002,none,normal,N15_M07_F10,1499.43,cepstrum,12000.0,14000.0,5.7397,normal,0.81,-0.7648806920490336,0,0.0019999999999999983,0.146,1.8842431706806637,1,-0.014
N15_M07_F10_K002_2,K002,none,normal,N15_M07_F10,1499.65,cepstrum,10666.7,13333.3,6.0158,normal,0.75,-0.48385406327986197,2,-0.0010000000000000009,0.52,-0.04488836576516356,3,0.011
N15_M07_F10_K002_20,K002,none,normal,N15_M07_F10,1499.87,cepstrum,10666.7,13333.3,4.8365,normal,0.736,-0.5762703974822128,1,-0.0010000000000000009,0.226,0.9061520906958139,2,0.012
N15_M07_F10_K002_3,K002,none,normal,N15_M07_F10,1499.6,cepstrum,10666.7,13333.3,5.5347,normal,0.702,-0.3869974803707881,1,0.0,0.526,-0.05312531383679,2,0.009000000000000001
N15_M07_F10_K002_4,K002,none,normal,N15_M07_F10,1499.63,cepstrum,10666.7,13333.3,5.5259,normal,0.456,0.4108953668553748,2,-0.0010000000000000009,0.654,-0.46231468254529334,0,-0.009000000000000001
N15_M07_F10_K002_5,K002,none,normal,N15_M07_F10,1499.84,cepstrum,10666.7,13333.3,9.4917,normal,0.692,-0.9087968507215214,2,0.0,0.388,0.23167367793540955,3,0.012
N15_M07_F10_K002_6,K002,none,normal,N15_M07_F10,1499.85,cepstrum,12000.0,14000.0,5.1106,normal,0.372,0.212382882220555,2,-0.0010000000000000009,0.344,0.3862116317468865,2,0.012
N15_M07_F10_K002_7,K002,none,normal,N15_M07_F10,1499.83,cepstrum,10666.7,13333.3,5.5625,normal,0.568,-0.465766499717597,1,-0.0010000000000000009,0.108,1.8889233023100367,1,-0.0010000000000000009
N15_M07_F10_K002_8,K002,none,normal,N15_M07_F10,1499.55,cepstrum,12000.0,14000.0,5.312,normal,0.378,0.6292189588030631,0,0.016999999999999998,0.788,-0.7217239061903725,1,-0.014
N15_M07_F10_K002_9,K002,none,normal,N15_M07_F10,1499.63,cepstrum,10666.7,13333.3,4.8136,normal,0.934,-0.9046307397576345,1,0.0010000000000000009,0.43,0.09038755849499908,1,0.015000000000000003
N15_M07_F10_K003_1,K003,none,normal,N15_M07_F10,1499.61,cepstrum,12000.0,14000.0,2.4041,normal,0.29,0.9745496019979164,1,0.0,0.394,0.3335123818691922,3,0.012
N15_M07_F10_K003_10,K003,none,normal,N15_M07_F10,1499.56,cepstrum,10666.7,13333.3,2.5907,normal,0.632,-0.20258932280683012,0,0.02,0.036,2.1474979167393324,2,0.009999999999999998
N15_M07_F10_K003_11,K003,none,normal,N15_M07_F10,1499.58,cepstrum,12000.0,14000.0,2.1495,normal,0.474,0.044010114806553424,1,-0.0019999999999999983,0.046,1.3555056785635913,2,0.012
N15_M07_F10_K003_12,K003,none,normal,N15_M07_F10,1499.55,cepstrum,10666.7,13333.3,2.0552,normal,0.896,-0.7899863563094156,1,0.0010000000000000009,0.128,1.2391878340356839,1,0.011
N15_M07_F10_K003_13,K003,none,normal,N15_M07_F10,1499.6,cepstrum,10666.7,13333.3,2.3923,normal,0.202,0.9131354194553205,1,-0.0010000000000000009,0.822,-1.3143547029921414,1,0.014000000000000002
N15_M07_F10_K003_14,K003,none,normal,N15_M07_F10,1499.58,cepstrum,8000.0,12000.0,2.4317,normal,0.26,1.2609844309671188,1,0.0,0.49,0.03658928586915011,2,0.009999999999999998
N15_M07_F10_K003_15,K003,none,normal,N15_M07_F10,1499.6,cepstrum,8000.0,10000.0,2.6761,inner_race,0.122,2.5482674060542627,1,0.0,0.01,2.5933318708785684,2,0.011
N15_M07_F10_K003_16,K003,none,normal,N15_M07_F10,1499.58,cepstrum,10666.7,13333.3,2.3629,normal,0.406,0.0889773881817911,1,0.0,0.18,1.0801108651192755,2,0.009999999999999998
N15_M07_F10_K003_17,K003,none,normal,N15_M07_F10,1499.58,cepstrum,10666.7,13333.3,2.2236,inner_race,0.768,-0.46332888869210226,1,0.0010000000000000009,0.022,3.1202564811365163,2,0.011
N15_M07_F10_K003_18,K003,none,normal,N15_M07_F10,1499.53,cepstrum,8000.0,12000.0,2.4202,normal,0.232,1.6395736101956897,1,-0.0010000000000000009,0.4,0.3081008301200683,1,0.015000000000000003
N15_M07_F10_K003_19,K003,none,normal,N15_M07_F10,1499.58,cepstrum,10666.7,13333.3,2.4587,normal,0.854,-1.1039248089635827,1,0.0,0.942,-1.5045305993921136,2,0.011
N15_M07_F10_K003_2,K003,none,normal,N15_M07_F10,1499.56,cepstrum,10000.0,12000.0,2.5837,inner_race,0.264,0.9263004495707327,1,-0.0010000000000000009,0.012,1.5688390302375108,3,0.012
N15_M07_F10_K003_20,K003,none,normal,N15_M07_F10,1499.54,cepstrum,10666.7,13333.3,2.427,normal,0.45,0.25572626031335827,1,-0.0010000000000000009,0.426,0.1407960004687332,2,0.011
N15_M07_F10_K003_3,K003,none,normal,N15_M07_F10,1499.59,cepstrum,10666.7,13333.3,2.9602,normal,0.582,-0.1735886269683248,0,0.016999999999999998,0.258,0.7158463217465925,2,0.012
N15_M07_F10_K003_4,K003,none,normal,N15_M07_F10,1499.58,cepstrum,10000.0,12000.0,2.301,normal,0.65,-0.15478666124527643,1,-0.0010000000000000009,0.64,-0.39857691431511955,2,0.011
N15_M07_F10_K003_5,K003,none,normal,N15_M07_F10,1499.57,cepstrum,8000.0,12000.0,2.5643,normal,0.244,0.9761405888481332,1,-0.0010000000000000009,0.052,3.1397770392912854,3,0.009999999999999998
N15_M07_F10_K003_6,K003,none,normal,N15_M07_F10,1499.56,cepstrum,8000.0,12000.0,2.1513,normal,0.62,-0.415586769752774,1,-0.0010000000000000009,0.212,0.8422346789784023,2,0.009999999999999998
N15_M07_F10_K003_7,K003,none,normal,N15_M07_F10,1499.63,cepstrum,8000.0,12000.0,2.5716,normal,0.644,-0.48786105357329207,1,-0.0010000000000000009,0.278,0.5987521261978157,1,0.015000000000000003
N15_M07_F10_K003_8,K003,none,normal,N15_M07_F10,1499.62,cepstrum,12000.0,14000.0,2.1812,normal,0.738,-0.25414144861497256,0,0.013000000000000001,0.288,0.6032554744071603,1,0.009999999999999998
N15_M07_F10_K003_9,K003,none,normal,N15_M07_F10,1499.62,cepstrum,10666.7,13333.3,2.3046,normal,0.47,0.15164986661995822,0,-0.017,0.052,2.032809819447827,2,0.011
N15_M07_F10_K004_1,K004,none,normal,N15_M07_F10,1500.95,cepstrum,12000.0,14000.0,2.2162,normal,0.386,0.13760969221799427,0,-0.0010000000000000009,0.362,0.4057407191174983,1,0.011
N15_M07_F10_K004_10,K004,none,normal,N15_M07_F10,1499.56,cepstrum,12000.0,14000.0,1.9719,normal,0.356,0.313589699893601,0,0.0,0.518,-0.042448093129984356,2,0.011
N15_M07_F10_K004_11,K004,none,normal,N15_M07_F10,1499.54,cepstrum,10666.7,13333.3,1.8682,normal,0.704,-0.23076254866768128,0,0.0019999999999999983,0.446,0.212278036141071,1,0.011
N15_M07_F10_K004_12,K004,none,normal,N15_M07_F10,1499.55,cepstrum,10666.7,13333.3,1.7769,normal,0.168,1.0758834791962841,0,0.016000000000000004,0.338,0.4516371948622574,2,0.011
N15_M07_F10_K004_13,K004,none,normal,N15_M07_F10,1499.63,cepstrum,12000.0,14000.0,1.9421,normal,0.172,1.886667915744794,0,0.015000000000000003,0.278,0.5545322969665077,2,0.011
N15_M07_F10_K004_14,K004,none,normal,N15_M07_F10,1499.61,cepstrum,12000.0,14000.0,2.014,normal,0.378,0.5613805990545262,0,-0.0010000000000000009,0.034,1.266223938627773,1,0.011
N15_M07_F10_K004_15,K004,none,normal,N15_M07_F10,1499.63,cepstrum,10666.7,13333.3,1.9082,normal,0.422,0.2666834759863075,0,-0.0019999999999999983,0.328,0.47219197291251314,1,0.009000000000000001
N15_M07_F10_K004_16,K004,none,normal,N15_M07_F10,1499.56,cepstrum,10666.7,13333.3,1.7332,normal,0.402,0.1428732144685189,0,0.015000000000000003,0.442,0.09641975182717903,1,0.015000000000000003
N15_M07_F10_K004_17,K004,none,normal,N15_M07_F10,1499.59,cepstrum,12000.0,14000.0,1.5778,normal,0.31,0.30406818841712846,0,-0.0019999999999999983,0.448,0.08970489197686593,0,-0.01
N15_M07_F10_K004_18,K004,none,normal,N15_M07_F10,1499.63,cepstrum,12000.0,14000.0,2.2184,normal,0.424,0.3773336002777957,0,0.0,0.612,-0.16881553264580157,1,-0.009000000000000001
N15_M07_F10_K004_19,K004,none,normal,N15_M07_F10,1499.62,cepstrum,10666.7,13333.3,1.7496,normal,0.316,0.9269752038900924,0,0.016000000000000004,0.618,-0.32452291783441944,1,0.009999999999999998
N15_M07_F10_K004_2,K004,none,normal,N15_M07_F10,1499.58,cepstrum,12000.0,14000.0,1.9387,normal,0.3,0.21012167048674285,0,0.0,0.766,-0.5089740805795242,1,0.009000000000000001
N15_M07_F10_K004_20,K004,none,normal,N15_M07_F10,1499.57,cepstrum,12000.0,14000.0,1.6685,normal,0.63,-0.14967735300890053,0,0.015000000000000003,0.644,-0.40802475608417477,1,0.009999999999999998
N15_M07_F10_K004_3,K004,none,normal,N15_M07_F10,1499.55,cepstrum,12000.0,14000.0,1.8419,normal,0.244,0.5189039582855609,0,-0.018000000000000002,0.54,-0.09469254423929716,1,-0.01
N15_M07_F10_K004_4,K004,none,normal,N15_M07_F10,1499.63,cepstrum,12000.0,14000.0,1.6111,normal,0.39,0.12256312160798602,0,0.0,0.41,0.22746627969116134,1,0.011
N15_M07_F10_K004_5,K004,none,normal,N15_M07_F10,1499.58,cepstrum,12000.0,14000.0,1.9804,normal,0.33,0.4873480012002871,0,-0.018000000000000002,0.012,2.977530176491288,1,0.011
N15_M07_F10_K004_6,K004,none,normal,N15_M07_F10,1499.53,cepstrum,12000.0,14000.0,1.684,normal,0.396,0.21598276448936304,0,-0.018000000000000002,0.146,0.9783245799357323,1,0.011
N15_M07_F10_K004_7,K004,none,normal,N15_M07_F10,1499.63,cepstrum,12000.0,14000.0,2.0714,normal,0.396,0.5766477692071159,0,-0.0010000000000000009,0.874,-1.3681613705269644,2,0.011
N15_M07_F10_K004_8,K004,none,normal,N15_M07_F10,1499.56,cepstrum,12000.0,14000.0,1.8834,normal,0.858,-0.9166533279662489,0,0.015000000000000003,0.678,-0.4140793055932532,2,0.011
N15_M07_F10_K004_9,K004,none,normal,N15_M07_F10,1499.52,cepstrum,12000.0,14000.0,2.0153,normal,0.202,1.509521273716785,1,0.0,0.546,-0.10560597355117324,1,-0.009000000000000001
N15_M07_F10_K005_1,K005,none,normal,N15_M07_F10,1499.62,cepstrum,12000.0,14000.0,2.1331,normal,0.576,-0.23580928870183782,0,-0.0019999999999999983,0.308,0.48062526475752804,1,-0.015
N15_M07_F10_K005_10,K005,none,normal,N15_M07_F10,1499.63,cepstrum,10666.7,13333.3,2.0328,normal,0.388,0.4736576875206654,1,0.0,0.776,-0.7057909927234919,1,0.009999999999999998
N15_M07_F10_K005_11,K005,none,normal,N15_M07_F10,1499.57,cepstrum,10666.7,13333.3,1.8164,normal,0.206,1.2832824771956308,0,0.0,0.594,-0.2029845134483013,2,0.009999999999999998
N15_M07_F10_K005_12,K005,none,normal,N15_M07_F10,1499.65,cepstrum,10666.7,13333.3,2.0969,normal,0.164,1.3237912363201387,1,-0.0010000000000000009,0.484,0.03761357708092085,2,0.009999999999999998
N15_M07_F10_K005_13,K005,none,normal,N15_M07_F10,1499.55,cepstrum,10666.7,13333.3,2.0579,normal,0.458,0.30415546943327926,0,0.0,0.148,1.0969344094060185,2,0.009999999999999998
N15_M07_F10_K005_14,K005,none,normal,N15_M07_F10,1499.65,cepstrum,12000.0,14000.0,1.959,normal,0.622,-0.23408826174308583,0,-0.0010000000000000009,0.606,-0.2778883387977574,1,-0.009000000000000001
N15_M07_F10_K005_15,K005,none,normal,N15_M07_F10,1499.59,cepstrum,12000.0,14000.0,1.8136,normal,0.458,0.08080136489692924,0,-0.0019999999999999983,0.836,-0.8038133099473406,1,0.012
N15_M07_F10_K005_16,K005,none,normal,N15_M07_F10,1499.53,cepstrum,10666.7,13333.3,1.8945,normal,0.21,1.114053406394624,1,-0.0010000000000000009,0.706,-0.4950364281666108,1,0.012
N15_M07_F10_K005_17,K005,none,normal,N15_M07_F10,1499.58,cepstrum,10666.7,13333.3,1.9629,normal,0.344,0.2523006827861811,0,-0.0010000000000000009,0.794,-0.7053301554198156,1,0.012
N15_M07_F10_K005_18,K005,none,normal,N15_M07_F10,1499.62,cepstrum,10666.7,13333.3,2.2104,normal,0.57,-0.1427556938183491,1,0.0,0.72,-0.49258793277027046,1,0.011
N15_M07_F10_K005_19,K005,none,normal,N15_M07_F10,1499.54,cepstrum,10666.7,13333.3,1.8928,normal,0.284,0.813699969818335,0,0.0,0.822,-1.101588139374679,2,0.015000000000000003
N15_M07_F10_K005_2,K005,none,normal,N15_M07_F10,1499.63,cepstrum,12000.0,14000.0,1.9149,normal,0.454,0.4031634338999221,0,-0.0010000000000000009,0.74,-0.5858345016758593,1,-0.009000000000000001
N15_M07_F10_K005_20,K005,none,normal,N15_M07_F10,1499.57,cepstrum,10666.7,13333.3,2.133,normal,0.29,1.1222898129651866,1,-0.0019999999999999983,0.604,-0.19540855115150746,1,-0.008
N15_M07_F10_K005_3,K005,none,normal,N15_M07_F10,1499.61,cepstrum,10666.7,13333.3,1.9693,normal,0.438,0.3026357187550653,1,-0.0010000000000000009,0.96,-1.3551819268563203,0,0.006999999999999999
N15_M07_F10_K005_4,K005,none,normal,N15_M07_F10,1499.62,cepstrum,10000.0,12000.0,1.6871,normal,0.864,-0.6723822875747497,0,0.0010000000000000009,0.718,-0.4797816504245513,0,-0.017
N15_M07_F10_K005_5,K005,none,normal,N15_M07_F10,1499.57,cepstrum,10666.7,13333.3,2.0362,normal,0.368,0.719336933746248,0,-0.0010000000000000009,0.768,-0.6278601232060766,1,-0.009000000000000001
N15_M07_F10_K005_6,K005,none,normal,N15_M07_F10,1499.6,cepstrum,10666.7,13333.3,1.9602,normal,0.568,-0.25603534204336914,1,0.0010000000000000009,0.668,-0.352681642087621,0,-0.0010000000000000009
N15_M07_F10_K005_7,K005,none,normal,N15_M07_F10,1499.63,cepstrum,10666.7,13333.3,2.2652,normal,0.456,0.029171665859142038,0,-0.0019999999999999983,0.312,0.39093260964718196,2,0.009999999999999998
N15_M07_F10_K005_8,K005,none,normal,N15_M07_F10,1499.59,cepstrum,10666.7,13333.3,1.9314,normal,0.446,0.09548560845816714,0,0.0019999999999999983,0.38,0.32523408920872043,1,0.009999999999999998
N15_M07_F10_K005_9,K005,none,normal,N15_M07_F10,1499.59,cepstrum,10666.7,13333.3,1.9949,normal,0.594,-0.10580336263666747,0,0.0019999999999999983,0.434,0.13266253202928385,2,0.011
N15_M07_F10_K006_1,K006,none,normal,N15_M07_F10,1499.54,cepstrum,10666.7,13333.3,2.4001,normal,0.526,-0.05497844259474824,0,-0.0010000000000000009,0.08,1.9991515714377703,2,0.009999999999999998
N15_M07_F10_K006_10,K006,none,normal,N15_M07_F10,1499.59,cepstrum,12000.0,14000.0,2.0386,normal,0.452,0.1646114958094545,0,-0.017,0.104,1.340302859588814,1,0.011
N15_M07_F10_K006_11,K006,none,normal,N15_M07_F10,1499.57,cepstrum,12000.0,14000.0,2.6349,normal,0.272,1.0573562497651594,0,0.0,0.098,1.2892334105271068,2,0.011
N15_M07_F10_K006_12,K006,none,normal,N15_M07_F10,1499.58,cepstrum,10666.7,13333.3,2.5074,normal,0.164,3.273544171901159,0,-0.0010000000000000009,0.214,1.051980532801544,3,0.009999999999999998
N15_M07_F10_K006_13,K006,none,normal,N15_M07_F10,1499.63,cepstrum,12000.0,14000.0,2.3282,normal,0.506,-0.16107916525933616,0,-0.0010000000000000009,0.454,0.22909622383678402,3,0.009999999999999998
N15_M07_F10_K006_14,K006,none,normal,N15_M07_F10,1499.58,cepstrum,10666.7,13333.3,2.274,normal,0.252,1.2791367150403747,0,-0.0010000000000000009,0.42,0.1214021783693173,1,-0.016
N15_M07_F10_K006_15,K006,none,normal,N15_M07_F10,1499.58,cepstrum,12000.0,14000.0,2.4945,normal,0.292,0.36482402548008913,0,-0.0019999999999999983,0.702,-0.6107063402517307,1,0.009000000000000001
N15_M07_F10_K006_16,K006,none,normal,N15_M07_F10,1499.59,cepstrum,10666.7,13333.3,2.2602,normal,0.164,1.3289607658626343,0,-0.0010000000000000009,0.222,0.979617553334941,3,0.011
N15_M07_F10_K006_17,K006,none,normal,N15_M07_F10,1499.61,cepstrum,10666.7,13333.3,2.4547,normal,0.408,0.2527370786773783,1,-0.0010000000000000009,0.226,1.0603340236739822,1,0.011
N15_M07_F10_K006_18,K006,none,normal,N15_M07_F10,1499.62,cepstrum,12000.0,14000.0,2.3697,normal,0.212,0.6483787206448478,1,-0.0010000000000000009,0.63,-0.46179775108894566,1,0.012
N15_M07_F10_K006_19,K006,none,normal,N15_M07_F10,1499.53,cepstrum,12000.0,14000.0,2.5491,normal,0.466,0.06937857337216857,0,-0.004,0.726,-0.635236781876234,1,0.006000000000000002
N15_M07_F10_K006_2,K006,none,normal,N15_M07_F10,1499.56,cepstrum,10666.7,13333.3,2.0495,normal,0.236,2.420365406918161,0,-0.017,0.198,0.9944021282598839,2,0.009999999999999998
N15_M07_F10_K006_20,K006,none,normal,N15_M07_F10,1499.57,cepstrum,10666.7,13333.3,2.2353,normal,0.422,0.02089999857316895,0,-0.0019999999999999983,0.2,1.0144791424174378,3,0.009999999999999998
N15_M07_F10_K006_3,K006,none,normal,N15_M07_F10,1499.59,cepstrum,10666.7,13333.3,2.2441,normal,0.248,0.6675845483075346,1,0.0,0.206,0.9217322386197783,2,0.009999999999999998
N15_M07_F10_K006_4,K006,none,normal,N15_M07_F10,1499.54,cepstrum,10666.7,13333.3,2.303,normal,0.15,1.5241800234150615,0,-0.0019999999999999983,0.22,1.0449956344121374,3,0.011
N15_M07_F10_K006_5,K006,none,normal,N15_M07_F10,1499.51,cepstrum,12000.0,14000.0,2.6412,normal,0.58,-0.1257121135016992,0,0.0019999999999999983,0.184,1.1719420137339895,2,0.011
N15_M07_F10_K006_6,K006,none,normal,N15_M07_F10,1499.64,cepstrum,12000.0,14000.0,2.1885,normal,0.358,0.4406047779949307,0,0.0,0.324,0.5587329488803404,2,0.011
N15_M07_F10_K006_7,K006,none,normal,N15_M07_F10,1499.61,cepstrum,10666.7,13333.3,2.1597,normal,0.226,0.9812015470239495,0,0.0,0.294,0.6614336979400346,2,0.009999999999999998
N15_M07_F10_K006_8,K006,none,normal,N15_M07_F10,1499.61,cepstrum,10666.7,13333.3,2.0021,normal,0.236,1.052137094921056,0,-0.0010000000000000009,0.16,1.1428116928536174,3,0.009999999999999998
N15_M07_F10_K006_9,K006,none,normal,N15_M07_F10,1499.61,cepstrum,10666.7,13333.3,2.3714,normal,0.584,-0.25577719480277195,0,0.015000000000000003,0.24,0.911494346652109,1,0.011
N15_M07_F10_KA01_1,KA01,artificial,outer_race,N15_M07_F10,1499.6,cepstrum,8000.0,10666.7,7.5096,outer_race,0.004,7.992243799381082,5,0.0019999999999999983,0.726,-0.6443913778933755,3,-0.02
N15_M07_F10_KA01_10,KA01,artificial,outer_race,N15_M07_F10,1499.89,cepstrum,8000.0,10666.7,7.3853,outer_race,0.002,6.619923803206549,5,0.0,0.676,-0.4873973626979336,4,-0.019
N15_M07_F10_KA01_11,KA01,artificial,outer_race,N15_M07_F10,1499.54,cepstrum,8000.0,10666.7,7.1282,outer_race,0.002,14.49340110518433,5,0.0019999999999999983,0.79,-0.7297460361786757,3,-0.009000000000000001
N15_M07_F10_KA01_12,KA01,artificial,outer_race,N15_M07_F10,1499.71,cepstrum,8000.0,10666.7,6.7996,outer_race,0.002,6.069810915266501,5,0.0010000000000000009,0.808,-1.0449843416592537,2,-0.01
N15_M07_F10_KA01_13,KA01,artificial,outer_race,N15_M07_F10,1499.48,cepstrum,8000.0,10666.7,6.9049,outer_race,0.002,7.235967352834217,5,0.0019999999999999983,0.538,-0.03693776253034345,3,-0.009000000000000001
N15_M07_F10_KA01_14,KA01,artificial,outer_race,N15_M07_F10,1499.48,cepstrum,8000.0,10666.7,7.0771,outer_race,0.002,7.970356943289315,5,0.0019999999999999983,0.758,-0.6148124412898772,1,0.008
N15_M07_F10_KA01_15,KA01,artificial,outer_race,N15_M07_F10,1499.47,cepstrum,8000.0,10666.7,7.0984,outer_race,0.002,13.716698423991605,5,0.0019999999999999983,0.852,-0.8017423420874772,0,0.009999999999999998
N15_M07_F10_KA01_16,KA01,artificial,outer_race,N15_M07_F10,1499.43,cepstrum,8000.0,10666.7,7.2353,outer_race,0.002,9.404984873686683,5,0.002999999999999999,0.656,-0.3718976626697913,3,-0.02
N15_M07_F10_KA01_17,KA01,artificial,outer_race,N15_M07_F10,1499.87,cepstrum,8000.0,10666.7,7.1186,outer_race,0.002,11.271163180694456,5,0.0010000000000000009,0.676,-0.5463296465926188,1,-0.008
N15_M07_F10_KA01_18,KA01,artificial,outer_race,N15_M07_F10,1499.47,cepstrum,8000.0,10666.7,7.3967,outer_race,0.002,9.272049776213114,5,0.0010000000000000009,0.764,-0.7755189569419793,3,-0.02
N15_M07_F10_KA01_19,KA01,artificial,outer_race,N15_M07_F10,1499.55,cepstrum,2666.7,5333.3,7.1303,outer_race,0.002,15.387550570603816,5,0.0019999999999999983,0.496,0.018017744740787135,0,0.008
N15_M07_F10_KA01_2,KA01,artificial,outer_race,N15_M07_F10,1499.9,cepstrum,8000.0,10666.7,7.077,outer_race,0.002,8.266876941688583,5,0.002999999999999999,0.736,-0.6905661250035202,4,-0.02
N15_M07_F10_KA01_20,KA01,artificial,outer_race,N15_M07_F10,1499.63,cepstrum,8000.0,10666.7,6.6095,outer_race,0.002,12.944399060629253,5,0.0010000000000000009,0.694,-0.562693358313603,5,-0.02
N15_M07_F10_KA01_3,KA01,artificial,outer_race,N15_M07_F10,1499.62,cepstrum,2666.7,5333.3,6.8886,outer_race,0.002,9.845448127184836,5,0.0,0.856,-0.8824045967555463,2,-0.019
N15_M07_F10_KA01_4,KA01,artificial,outer_race,N15_M07_F10,1499.37,cepstrum,8000.0,10666.7,7.3022,outer_race,0.002,12.00039756783802,5,0.0019999999999999983,0.67,-0.4207790556207035,3,-0.009000000000000001
N15_M07_F10_KA01_5,KA01,artificial,outer_race,N15_M07_F10,1499.45,cepstrum,8000.0,10666.7,7.384,outer_race,0.002,6.574597833471899,5,0.0010000000000000009,0.692,-0.3782219747187377,3,-0.02
N15_M07_F10_KA01_6,KA01,artificial,outer_race,N15_M07_F10,1499.78,cepstrum,2666.7,5333.3,6.8769,outer_race,0.002,12.235407462763806,5,0.0019999999999999983,0.914,-0.9294449210973371,1,-0.018000000000000002
N15_M07_F10_KA01_7,KA01,artificial,outer_race,N15_M07_F10,1499.46,cepstrum,8000.0,10666.7,6.8744,outer_race,0.002,10.874563337617273,5,0.0019999999999999983,0.7,-0.4366424672971365,1,-0.008
N15_M07_F10_KA01_8,KA01,artificial,outer_race,N15_M07_F10,1499.52,cepstrum,8000.0,10666.7,6.9322,outer_race,0.002,7.0165866004660264,5,0.0019999999999999983,0.694,-0.4698408143457844,3,-0.008
N15_M07_F10_KA01_9,KA01,artificial,outer_race,N15_M07_F10,1499.44,cepstrum,8000.0,10666.7,6.6772,outer_race,0.002,10.451906068897106,5,0.0010000000000000009,0.752,-0.7542101301610907,3,-0.009000000000000001
N15_M07_F10_KA03_1,KA03,artificial,outer_race,N15_M07_F10,1499.63,cepstrum,12000.0,14000.0,1.8234,normal,0.748,-0.6102012076513084,0,-0.0019999999999999983,0.894,-1.184454303676514,1,-0.008
N15_M07_F10_KA03_10,KA03,artificial,outer_race,N15_M07_F10,1499.5,cepstrum,12000.0,14000.0,1.8432,normal,0.954,-0.9315747969681629,0,-0.019,0.994,-1.8570854227920173,1,-0.0010000000000000009
N15_M07_F10_KA03_11,KA03,artificial,outer_race,N15_M07_F10,1499.61,cepstrum,12000.0,14000.0,1.4348,normal,0.81,-0.6549372380043028,0,-0.02,0.378,0.32280771761205523,0,0.006000000000000002
N15_M07_F10_KA03_12,KA03,artificial,outer_race,N15_M07_F10,1499.61,cepstrum,12000.0,14000.0,1.9578,normal,0.604,-0.2251898079388587,0,0.016000000000000004,0.96,-1.2788401779402374,2,-0.016
N15_M07_F10_KA03_13,KA03,artificial,outer_race,N15_M07_F10,1499.66,cepstrum,12000.0,14000.0,1.7391,normal,0.79,-0.5089395145248455,0,0.0010000000000000009,0.614,-0.24298147481071664,1,-0.016
N15_M07_F10_KA03_14,KA03,artificial,outer_race,N15_M07_F10,1499.68,cepstrum,12000.0,14000.0,1.7925,normal,0.844,-1.0061143416658427,0,0.006000000000000002,0.99,-1.2586741652777946,2,-0.016
N15_M07_F10_KA03_15,KA03,artificial,outer_race,N15_M07_F10,1499.55,cepstrum,12000.0,14000.0,1.9321,normal,0.492,0.007362652478478317,0,-0.01,0.392,0.4634732884602356,1,0.015000000000000003
N15_M07_F10_KA03_16,KA03,artificial,outer_race,N15_M07_F10,1499.48,cepstrum,12000.0,14000.0,2.0425,normal,0.596,-0.36479431219512465,0,-0.018000000000000002,0.77,-0.718097469637203,1,-0.015
N15_M07_F10_KA03_17,KA03,artificial,outer_race,N15_M07_F10,1499.46,cepstrum,12000.0,14000.0,1.9424,normal,0.828,-0.5011481332244664,0,0.013000000000000001,0.702,-0.521923702189873,0,-0.017
N15_M07_F10_KA03_18,KA03,artificial,outer_race,N15_M07_F10,1499.66,cepstrum,12000.0,14000.0,2.0608,normal,0.866,-0.7772579713594148,0,-0.019,0.824,-0.6320072953717577,0,0.011
N15_M07_F10_KA03_19,KA03,artificial,outer_race,N15_M07_F10,1499.64,cepstrum,12000.0,14000.0,1.6446,normal,0.184,0.8040971848052977,0,0.014000000000000002,0.188,1.1549584255374117,1,0.015000000000000003
N15_M07_F10_KA03_2,KA03,artificial,outer_race,N15_M07_F10,1499.58,cepstrum,12000.0,14000.0,1.9963,normal,0.356,0.3111026127724194,0,0.015000000000000003,0.986,-1.636649195722137,1,-0.009000000000000001
N15_M07_F10_KA03_20,KA03,artificial,outer_race,N15_M07_F10,1499.56,cepstrum,12000.0,14000.0,1.9851,normal,0.666,-0.32866660902085243,0,0.016000000000000004,0.74,-0.606006719505956,1,-0.017
N15_M07_F10_KA03_3,KA03,artificial,outer_race,N15_M07_F10,1499.63,cepstrum,12000.0,14000.0,1.7618,normal,0.528,-0.23270936705471623,1,0.015000000000000003,0.88,-0.8033520494719996,2,-0.016
N15_M07_F10_KA03_4,KA03,artificial,outer_race,N15_M07_F10,1499.63,cepstrum,12000.0,14000.0,1.7206,normal,0.694,-0.4826555188721317,0,0.012,0.39,0.2959208351278346,1,-0.016
N15_M07_F10_KA03_5,KA03,artificial,outer_race,N15_M07_F10,1499.72,cepstrum,12000.0,14000.0,1.691,normal,0.836,-0.8652564778673857,0,-0.018000000000000002,0.494,0.02992311884034603,1,-0.009000000000000001
N15_M07_F10_KA03_6,KA03,artificial,outer_race,N15_M07_F10,1499.59,cepstrum,12000.0,14000.0,1.4997,normal,0.432,0.035396709698335506,0,0.012,0.926,-0.9063287374311206,0,0.004
N15_M07_F10_KA03_7,KA03,artificial,outer_race,N15_M07_F10,1499.56,cepstrum,12000.0,14000.0,2.0924,normal,0.626,-0.2770391572936484,0,0.016999999999999998,0.772,-0.6713654016503268,1,-0.008
N15_M07_F10_KA03_8,KA03,artificial,outer_race,N15_M07_F10,1499.68,cepstrum,12000.0,14000.0,1.7547,normal,0.702,-0.40448236056024406,0,-0.008,0.726,-0.5033120888098775,1,-0.008
N15_M07_F10_KA03_9,KA03,artificial,outer_race,N15_M07_F10,1499.78,cepstrum,12000.0,14000.0,2.1373,normal,0.326,0.5439956125466803,1,0.016000000000000004,0.942,-1.1769242899339447,0,0.009999999999999998
N15_M07_F10_KA04_1,KA04,real,outer_race,N15_M07_F10,1499.8,cepstrum,0.0,2000.0,3.7546,outer_race,0.002,13.691018028392179,2,-0.0010000000000000009,0.936,-1.0540430724512047,0,0.02
N15_M07_F10_KA04_10,KA04,real,outer_race,N15_M07_F10,1499.53,cepstrum,0.0,2000.0,3.3988,normal,0.042,2.2383820152265343,0,0.006999999999999999,0.628,-0.5803856448650792,0,-0.013000000000000001
N15_M07_F10_KA04_11,KA04,real,outer_race,N15_M07_F10,1499.74,cepstrum,0.0,2000.0,3.1443,normal,1.0,-2.252894477007256,0,-0.016,0.578,-0.16601818834127688,0,0.004
N15_M07_F10_KA04_12,KA04,real,outer_race,N15_M07_F10,1499.64,cepstrum,0.0,2000.0,4.3268,normal,0.172,0.6871931479123646,0,-0.0019999999999999983,0.922,-1.5093739372417319,0,0.0019999999999999983
N15_M07_F10_KA04_13,KA04,real,outer_race,N15_M07_F10,1499.37,cepstrum,0.0,2000.0,3.3685,normal,0.046,1.1783546341672293,0,-0.0010000000000000009,0.648,-0.3234346503841774,0,-0.011
N15_M07_F10_KA04_14,KA04,real,outer_race,N15_M07_F10,1499.49,cepstrum,0.0,2000.0,3.1931,outer_race,0.002,17.845119951012666,4,-0.0010000000000000009,0.516,-0.03492073585292105,1,0.02
N15_M07_F10_KA04_15,KA04,real,outer_race,N15_M07_F10,1499.35,cepstrum,0.0,2000.0,3.3853,normal,0.998,-5.909315937595377,0,-0.0010000000000000009,0.542,-0.16829548452296245,0,0.0010000000000000009
N15_M07_F10_KA04_16,KA04,real,outer_race,N15_M07_F10,1499.67,cepstrum,0.0,2000.0,3.1836,normal,0.002,23.45044963532071,1,-0.0010000000000000009,0.656,-0.337514811036286,0,-0.013000000000000001
N15_M07_F10_KA04_17,KA04,real,outer_race,N15_M07_F10,1499.88,cepstrum,0.0,2000.0,3.8775,normal,0.002,3.6751716855706387,0,-0.0010000000000000009,0.368,0.4280148362683026,0,0.0
N15_M07_F10_KA04_18,KA04,real,outer_race,N15_M07_F10,1499.25,cepstrum,0.0,2000.0,3.3597,normal,0.934,-1.6134114881367534,0,0.02,0.278,0.47215770278475844,0,0.019
N15_M07_F10_KA04_19,KA04,real,outer_race,N15_M07_F10,1499.67,cepstrum,0.0,2000.0,3.4161,normal,0.006,2.3698036202071786,0,0.0,0.578,-0.2207571642357908,0,-0.002999999999999999
N15_M07_F10_KA04_2,KA04,real,outer_race,N15_M07_F10,1499.93,cepstrum,0.0,2000.0,3.0722,normal,0.002,5.382688991464268,0,-0.0010000000000000009,0.8,-1.11816203465392,0,0.004
N15_M07_F10_KA04_20,KA04,real,outer_race,N15_M07_F10,1499.56,cepstrum,8000.0,10666.7,3.3194,outer_race,0.002,11.983871802563137,5,-0.0010000000000000009,0.524,-0.03468005704369045,2,0.02
N15_M07_F10_KA04_3,KA04,real,outer_race,N15_M07_F10,1499.97,cepstrum,0.0,2000.0,3.0791,normal,1.0,-4.086796999611723,0,-0.017,0.622,-0.3867964720268049,0,0.004
N15_M07_F10_KA04_4,KA04,real,outer_race,N15_M07_F10,1499.7,cepstrum,0.0,2000.0,3.9109,normal,0.602,-0.23634333488839807,0,-0.0019999999999999983,0.942,-1.6629074106039072,0,-0.004
N15_M07_F10_KA04_5,KA04,real,outer_race,N15_M07_F10,1499.77,cepstrum,0.0,2000.0,3.2939,normal,0.248,0.7827116722421406,0,0.006000000000000002,0.132,1.3679342357629978,0,-0.01
N15_M07_F10_KA04_6,KA04,real,outer_race,N15_M07_F10,1499.28,cepstrum,0.0,2000.0,3.4224,normal,0.306,0.5109089258382173,0,-0.0010000000000000009,0.958,-1.44930067273072,0,0.002999999999999999
N15_M07_F10_KA04_7,KA04,real,outer_race,N15_M07_F10,1499.64,cepstrum,0.0,2000.0,3.5703,normal,0.002,3.7947917172752637,0,0.0010000000000000009,0.94,-1.1434390266610004,0,-0.01
N15_M07_F10_KA04_8,KA04,real,outer_race,N15_M07_F10,1499.49,cepstrum,0.0,2000.0,3.142,normal,0.002,5.1513248929041975,0,0.0,0.794,-0.782120779569187,0,-0.02
N15_M07_F10_KA04_9,KA04,real,outer_race,N15_M07_F10,1499.76,cepstrum,0.0,2000.0,3.1121,normal,0.002,4.729725312587272,0,0.0,0.328,0.5622452712367068,0,-0.012
N15_M07_F10_KA05_1,KA05,artificial,outer_race,N15_M07_F10,1499.71,cepstrum,12000.0,14000.0,4.3392,normal,0.434,0.08912447205823196,1,0.0019999999999999983,0.868,-0.9925421995126956,1,0.0010000000000000009
N15_M07_F10_KA05_10,KA05,artificial,outer_race,N15_M07_F10,1499.22,cepstrum,12000.0,14000.0,6.3911,normal,0.816,-0.5695482723294785,0,0.018,0.7,-0.49669932650543686,1,-0.008
N15_M07_F10_KA05_11,KA05,artificial,outer_race,N15_M07_F10,1499.35,cepstrum,10666.7,13333.3,3.0675,normal,0.366,0.6483081651937982,1,-0.0010000000000000009,0.386,0.4203367571598577,0,0.016999999999999998
N15_M07_F10_KA05_12,KA05,artificial,outer_race,N15_M07_F10,1499.53,cepstrum,10666.7,13333.3,4.2628,normal,0.396,0.21962807376776994,1,0.0,0.65,-0.5066388570470448,1,0.012
N15_M07_F10_KA05_13,KA05,artificial,outer_race,N15_M07_F10,1499.75,cepstrum,12000.0,14000.0,4.8171,normal,0.808,-0.6748189331680446,0,-0.0010000000000000009,0.32,0.5409006296218599,1,-0.006999999999999999
N15_M07_F10_KA05_14,KA05,artificial,outer_race,N15_M07_F10,1499.65,cepstrum,10666.7,13333.3,3.591,normal,0.626,-0.20583069961856718,0,0.0010000000000000009,0.77,-0.5890133216392104,0,-0.002999999999999999
N15_M07_F10_KA05_15,KA05,artificial,outer_race,N15_M07_F10,1499.5,cepstrum,12000.0,14000.0,3.7979,normal,0.898,-0.7449660189593271,0,0.009000000000000001,0.842,-0.9121675959772036,0,-0.009000000000000001
N15_M07_F10_KA05_16,KA05,artificial,outer_race,N15_M07_F10,1499.38,cepstrum,12000.0,14000.0,5.1764,normal,0.614,-0.13556531953920173,0,0.0,0.79,-0.7678917090990927,0,-0.016
N15_M07_F10_KA05_17,KA05,artificial,outer_race,N15_M07_F10,1499.83,cepstrum,10666.7,13333.3,5.1279,normal,0.562,-0.042352491777618205,1,0.0,0.524,-0.11003292075090022,1,0.0
N15_M07_F10_KA05_18,KA05,artificial,outer_race,N15_M07_F10,1499.23,cepstrum,10666.7,13333.3,4.5689,normal,0.938,-1.5092984013949486,0,-0.0010000000000000009,0.574,-0.19711737062876294,1,0.009999999999999998
N15_M07_F10_KA05_19,KA05,artificial,outer_race,N15_M07_F10,1499.44,cepstrum,12000.0,14000.0,4.3927,normal,0.274,0.8048686010168595,1,0.0010000000000000009,0.69,-0.5802653288306052,2,0.008
N15_M07_F10_KA05_2,KA05,artificial,outer_race,N15_M07_F10,1499.51,cepstrum,10666.7,13333.3,3.2222,normal,0.594,-0.06119899015138902,0,0.014000000000000002,0.482,0.11079920316900106,1,0.0010000000000000009
N15_M07_F10_KA05_20,KA05,artificial,outer_race,N15_M07_F10,1499.56,cepstrum,10666.7,13333.3,5.5586,normal,0.606,-0.2300896372441948,1,-0.0010000000000000009,0.356,0.40000622108718137,2,0.013000000000000001
N15_M07_F10_KA05_3,KA05,artificial,outer_race,N15_M07_F10,1499.71,cepstrum,12000.0,14000.0,4.4349,normal,0.794,-0.688189942467159,0,0.016999999999999998,0.152,1.8685533620199137,0,0.012
N15_M07_F10_KA05_4,KA05,artificial,outer_race,N15_M07_F10,1499.43,cepstrum,10000.0,12000.0,4.6207,normal,0.764,-0.41238000940832553,0,0.018,0.298,0.85830093268837,1,0.014000000000000002
N15_M07_F10_KA05_5,KA05,artificial,outer_race,N15_M07_F10,1499.93,cepstrum,10666.7,13333.3,3.9182,normal,0.926,-0.8065209619246263,0,0.0,0.9,-0.7969086227147735,2,0.0010000000000000009
N15_M07_F10_KA05_6,KA05,artificial,outer_race,N15_M07_F10,1499.47,cepstrum,10666.7,13333.3,3.5591,normal,0.644,-0.2772394916661344,0,0.0010000000000000009,0.536,-0.09622193064396621,0,0.015000000000000003
N15_M07_F10_KA05_7,KA05,artificial,outer_race,N15_M07_F10,1499.29,cepstrum,10666.7,13333.3,4.1263,normal,0.594,-0.12712111128055087,0,-0.0010000000000000009,0.906,-1.358447994898335,1,0.014000000000000002
N15_M07_F10_KA05_8,KA05,artificial,outer_race,N15_M07_F10,1499.41,cepstrum,10666.7,13333.3,3.2289,normal,0.778,-0.6570248617208796,0,0.016000000000000004,0.86,-0.8294721399804827,1,-0.006999999999999999
N15_M07_F10_KA05_9,KA05,artificial,outer_race,N15_M07_F10,1499.84,cepstrum,12000.0,14000.0,4.9207,normal,0.946,-1.1781662462141063,0,0.0010000000000000009,0.508,-0.04431671595750053,1,-0.008
N15_M07_F10_KA06_1,KA06,artificial,outer_race,N15_M07_F10,1499.73,cepstrum,12000.0,14000.0,2.6062,normal,0.334,0.6223168331096955,1,0.02,0.338,0.5833104551118928,1,-0.013000000000000001
N15_M07_F10_KA06_10,KA06,artificial,outer_race,N15_M07_F10,1499.57,cepstrum,12000.0,14000.0,3.0996,normal,0.514,-0.15963959756740437,0,0.009999999999999998,0.066,3.169088444525037,1,0.0
N15_M07_F10_KA06_11,KA06,artificial,outer_race,N15_M07_F10,1499.67,cepstrum,12000.0,14000.0,3.1535,normal,0.444,0.42576464329694136,0,0.0,0.404,0.15128674974886924,1,0.008
N15_M07_F10_KA06_12,KA06,artificial,outer_race,N15_M07_F10,1499.52,cepstrum,12000.0,14000.0,3.6541,normal,0.382,0.7905282092752458,0,0.0,0.576,-0.2427582475658565,1,-0.014
N15_M07_F10_KA06_13,KA06,artificial,outer_race,N15_M07_F10,1499.74,cepstrum,12000.0,14000.0,3.1578,normal,0.544,-0.021645037316831383,0,0.0019999999999999983,0.24,1.041190605299464,1,0.0
N15_M07_F10_KA06_14,KA06,artificial,outer_race,N15_M07_F10,1499.61,cepstrum,12000.0,14000.0,3.233,normal,0.284,2.424779792323865,0,0.0019999999999999983,0.422,0.4269678668439094,2,0.0
N15_M07_F10_KA06_15,KA06,artificial,outer_race,N15_M07_F10,1499.51,cepstrum,12000.0,14000.0,2.9907,normal,0.782,-0.46027149249959864,0,0.013000000000000001,0.756,-0.6331297539143865,2,0.008
N15_M07_F10_KA06_16,KA06,artificial,outer_race,N15_M07_F10,1499.78,cepstrum,12000.0,14000.0,4.0767,normal,0.272,1.218922326190448,1,0.0,0.414,0.23468578676796947,1,0.0
N15_M07_F10_KA06_17,KA06,artificial,outer_race,N15_M07_F10,1499.36,cepstrum,12000.0,14000.0,3.5737,normal,0.848,-0.7125831246929264,0,0.0010000000000000009,0.714,-0.6443194496252349,1,0.0
N15_M07_F10_KA06_18,KA06,artificial,outer_race,N15_M07_F10,1499.37,cepstrum,12000.0,14000.0,2.8257,normal,0.362,0.4279181377283965,0,-0.0010000000000000009,0.128,1.1793199690287202,1,0.011
N15_M07_F10_KA06_19,KA06,artificial,outer_race,N15_M07_F10,1499.41,cepstrum,12000.0,14000.0,3.3636,normal,0.648,-0.5515784163221623,0,0.0010000000000000009,0.672,-0.3330884391164783,1,-0.0010000000000000009
N15_M07_F10_KA06_2,KA06,artificial,outer_race,N15_M07_F10,1499.8,cepstrum,12000.0,14000.0,2.8366,normal,0.492,0.04821067155424017,0,0.0,0.444,0.21964598366541632,1,-0.006
N15_M07_F10_KA06_20,KA06,artificial,outer_race,N15_M07_F10,1499.5,cepstrum,12000.0,14000.0,3.3207,normal,0.662,-0.4620212568935222,0,-0.0010000000000000009,0.222,1.149767416832198,1,-0.0010000000000000009
N15_M07_F10_KA06_3,KA06,artificial,outer_race,N15_M07_F10,1499.77,cepstrum,12000.0,14000.0,3.0952,normal,0.706,-0.5368266413807711,0,0.0019999999999999983,0.186,1.4208528016761137,1,0.011
N15_M07_F10_KA06_4,KA06,artificial,outer_race,N15_M07_F10,1499.58,cepstrum,12000.0,14000.0,3.5694,normal,0.622,-0.2142207877455218,1,0.0,0.8,-0.9563199712911041,1,-0.014
N15_M07_F10_KA06_5,KA06,artificial,outer_race,N15_M07_F10,1499.45,cepstrum,12000.0,14000.0,3.2745,normal,0.568,-0.3859519361223611,0,0.0,0.646,-0.20749850191468783,1,0.009999999999999998
N15_M07_F10_KA06_6,KA06,artificial,outer_race,N15_M07_F10,1499.74,cepstrum,10666.7,13333.3,3.0192,normal,0.33,0.27331353790190593,1,0.0,0.682,-0.3987254180728577,1,0.0
N15_M07_F10_KA06_7,KA06,artificial,outer_race,N15_M07_F10,1499.58,cepstrum,12000.0,14000.0,4.5613,normal,0.506,-0.05720162858397845,0,0.0,0.394,0.24472814382251726,0,0.008
N15_M07_F10_KA06_8,KA06,artificial,outer_race,N15_M07_F10,1499.44,cepstrum,12000.0,14000.0,2.9529,normal,0.952,-0.9778728496059567,0,0.009999999999999998,0.242,0.7202246474850224,2,0.009000000000000001
N15_M07_F10_KA06_9,KA06,artificial,outer_race,N15_M07_F10,1499.84,cepstrum,12000.0,14000.0,5.315,normal,0.498,0.012584243706088159,0,0.0,0.216,0.8300556880211315,0,0.0
N15_M07_F10_KA07_1,KA07,artificial,outer_race,N15_M07_F10,1499.42,cepstrum,10666.7,13333.3,3.3754,normal,0.574,-0.15974859753663495,1,-0.0010000000000000009,0.214,1.0906030804990268,1,0.009999999999999998
N15_M07_F10_KA07_10,KA07,artificial,outer_race,N15_M07_F10,1499.68,cepstrum,10666.7,13333.3,4.1675,normal,0.964,-1.6084307002890863,1,0.0,0.754,-0.5821049474542597,1,0.009000000000000001
N15_M07_F10_KA07_11,KA07,artificial,outer_race,N15_M07_F10,1499.92,cepstrum,10666.7,13333.3,3.3017,normal,0.422,0.05374159772954322,0,-0.0010000000000000009,0.246,0.6731086129524961,1,0.009000000000000001
N15_M07_F10_KA07_12,KA07,artificial,outer_race,N15_M07_F10,1499.79,cepstrum,10666.7,13333.3,3.2916,normal,0.55,-0.019545506055538165,1,0.0,0.832,-0.7563158584731995,2,0.008
N15_M07_F10_KA07_13,KA07,artificial,outer_race,N15_M07_F10,1499.52,cepstrum,10666.7,13333.3,3.0127,normal,0.752,-0.4201780644875575,0,-0.017,0.036,2.484575817160591,2,0.011
N15_M07_F10_KA07_14,KA07,artificial,outer_race,N15_M07_F10,1499.69,cepstrum,10666.7,13333.3,3.4264,normal,0.478,0.0923350658245507,1,0.0,0.374,0.4027189857323011,1,0.0
N15_M07_F10_KA07_15,KA07,artificial,outer_race,N15_M07_F10,1499.57,cepstrum,10666.7,13333.3,4.1633,normal,0.506,-0.16410631639573944,1,-0.0010000000000000009,0.072,2.125897330339306,2,0.012
N15_M07_F10_KA07_16,KA07,artificial,outer_race,N15_M07_F10,1499.7,cepstrum,10666.7,13333.3,3.1485,normal,0.624,-0.4050880337851661,0,-0.0010000000000000009,0.458,0.04110175920155954,2,0.009999999999999998
N15_M07_F10_KA07_17,KA07,artificial,outer_race,N15_M07_F10,1499.57,cepstrum,10666.7,13333.3,3.4174,normal,0.402,0.45974455217457816,1,-0.0010000000000000009,0.034,1.9834887632228462,2,0.009999999999999998
N15_M07_F10_KA07_18,KA07,artificial,outer_race,N15_M07_F10,1499.48,cepstrum,10666.7,13333.3,3.5035,normal,0.65,-0.4991367050633382,1,0.0,0.288,0.714849725071805,2,0.011
N15_M07_F10_KA07_19,KA07,artificial,outer_race,N15_M07_F10,1499.43,cepstrum,10666.7,13333.3,2.974,normal,0.45,0.2784900880654785,1,0.0,0.218,0.8143058619829567,3,0.011
N15_M07_F10_KA07_2,KA07,artificial,outer_race,N15_M07_F10,1499.7,cepstrum,10666.7,13333.3,3.3146,normal,0.666,-0.38384981780879557,1,-0.0010000000000000009,0.54,-0.06187966049362959,1,0.009000000000000001
N15_M07_F10_KA07_20,KA07,artificial,outer_race,N15_M07_F10,1499.73,cepstrum,10666.7,13333.3,3.9609,normal,0.52,-0.19278001536433753,1,0.0,0.374,0.20440369336934666,2,0.008
N15_M07_F10_KA07_3,KA07,artificial,outer_race,N15_M07_F10,1499.58,cepstrum,10666.7,13333.3,3.5178,normal,0.608,-0.482581905548488,0,0.0,0.336,0.43918705288542575,2,0.011
N15_M07_F10_KA07_4,KA07,artificial,outer_race,N15_M07_F10,1499.59,cepstrum,10666.7,13333.3,4.2367,normal,0.722,-0.22403652433031473,2,0.0,0.444,0.15312296157854022,2,0.0
N15_M07_F10_KA07_5,KA07,artificial,outer_race,N15_M07_F10,1499.71,cepstrum,12000.0,14000.0,5.7696,normal,0.674,-0.3123056473278721,1,-0.0010000000000000009,0.422,0.2670872130343953,1,0.011
N15_M07_F10_KA07_6,KA07,artificial,outer_race,N15_M07_F10,1499.74,cepstrum,10666.7,13333.3,3.277,inner_race,0.794,-0.8004808115626562,1,-0.0010000000000000009,0.02,2.616028483986775,2,0.011
N15_M07_F10_KA07_7,KA07,artificial,outer_race,N15_M07_F10,1499.64,cepstrum,10666.7,13333.3,3.6247,normal,0.616,-0.20507205015381286,1,0.0,0.166,1.0027261044818496,1,0.0010000000000000009
N15_M07_F10_KA07_8,KA07,artificial,outer_race,N15_M07_F10,1499.4,cepstrum,10666.7,13333.3,3.2666,normal,0.404,0.2078542828583395,1,0.0010000000000000009,0.392,0.33605241242827444,1,0.009000000000000001
N15_M07_F10_KA07_9,KA07,artificial,outer_race,N15_M07_F10,1499.53,cepstrum,10666.7,13333.3,5.3445,normal,0.924,-1.1165113720572624,1,0.0,0.312,0.3149250786086957,2,0.0
N15_M07_F10_KA08_1,KA08,artificial,outer_race,N15_M07_F10,1499.49,cepstrum,10666.7,13333.3,3.071,normal,0.696,-0.23386120634954122,1,-0.0010000000000000009,0.472,0.07374311941029334,2,0.011
N15_M07_F10_KA08_10,KA08,artificial,outer_race,N15_M07_F10,1499.66,cepstrum,10666.7,13333.3,3.2389,normal,0.804,-0.5759225637428664,0,-0.018000000000000002,0.452,0.08442893823431204,2,0.012
N15_M07_F10_KA08_11,KA08,artificial,outer_race,N15_M07_F10,1499.46,cepstrum,10666.7,13333.3,4.0678,normal,0.544,-0.024422795206076958,0,0.018,0.526,-0.13261013788332499,3,0.009999999999999998
N15_M07_F10_KA08_12,KA08,artificial,outer_race,N15_M07_F10,1499.57,cepstrum,10666.7,13333.3,4.6525,normal,0.74,-0.5876866591401084,1,0.0,0.626,-0.2902988389282496,1,0.0010000000000000009
N15_M07_F10_KA08_13,KA08,artificial,outer_race,N15_M07_F10,1499.48,cepstrum,12000.0,14000.0,3.8316,normal,0.92,-0.7719690019990201,1,-0.0010000000000000009,0.454,0.08197106740289714,2,0.011
N15_M07_F10_KA08_14,KA08,artificial,outer_race,N15_M07_F10,1499.53,cepstrum,10666.7,13333.3,3.5383,normal,0.5,0.0008632114398307056,1,-0.0010000000000000009,0.762,-0.8595662969641198,0,0.019
N15_M07_F10_KA08_15,KA08,artificial,outer_race,N15_M07_F10,1499.62,cepstrum,10666.7,13333.3,3.1312,normal,0.506,-0.010244727833223647,1,0.0010000000000000009,0.374,0.3438133123352272,2,0.0
N15_M07_F10_KA08_16,KA08,artificial,outer_race,N15_M07_F10,1499.54,cepstrum,12000.0,14000.0,2.9971,normal,0.98,-1.162919288684117,0,-0.018000000000000002,0.352,0.38771887827524737,2,0.011
N15_M07_F10_KA08_17,KA08,artificial,outer_race,N15_M07_F10,1499.71,cepstrum,12000.0,14000.0,3.7063,normal,0.87,-0.8802661983254216,1,0.0,0.462,0.08377524106532253,2,0.0
N15_M07_F10_KA08_18,KA08,artificial,outer_race,N15_M07_F10,1499.78,cepstrum,10666.7,13333.3,5.9854,normal,0.984,-1.023812235173682,1,-0.0010000000000000009,0.924,-1.4267476868215385,2,0.008
N15_M07_F10_KA08_19,KA08,artificial,outer_race,N15_M07_F10,1499.5,cepstrum,12000.0,14000.0,2.9353,normal,0.764,-0.4664068365498261,0,0.0,0.206,1.4776039342118361,2,0.011
N15_M07_F10_KA08_2,KA08,artificial,outer_race,N15_M07_F10,1499.61,cepstrum,10666.7,13333.3,3.0166,normal,0.414,0.1838178072807681,1,-0.0010000000000000009,0.372,0.39965855158733754,1,0.018
N15_M07_F10_KA08_20,KA08,artificial,outer_race,N15_M07_F10,1499.57,cepstrum,12000.0,14000.0,3.4763,normal,0.918,-0.8207213459747089,1,0.0019999999999999983,0.606,-0.4008906272201708,0,0.006000000000000002
N15_M07_F10_KA08_3,KA08,artificial,outer_race,N15_M07_F10,1499.58,cepstrum,10666.7,13333.3,3.7575,normal,0.53,-0.08995538257639897,1,-0.0010000000000000009,0.656,-0.2949729114342643,1,0.011
N15_M07_F10_KA08_4,KA08,artificial,outer_race,N15_M07_F10,1499.62,cepstrum,10666.7,13333.3,3.3404,normal,0.96,-1.208205596968667,1,-0.0010000000000000009,0.134,2.0647375920282944,2,0.009000000000000001
N15_M07_F10_KA08_5,KA08,artificial,outer_race,N15_M07_F10,1499.46,cepstrum,12000.0,14000.0,3.1019,normal,0.444,0.06547915911703522,1,0.0010000000000000009,0.448,0.18334869562920836,1,0.009000000000000001
N15_M07_F10_KA08_6,KA08,artificial,outer_race,N15_M07_F10,1499.67,cepstrum,10666.7,13333.3,4.4956,normal,0.768,-0.5505696316333695,1,0.0,0.61,-0.30435806358747647,1,0.0010000000000000009
N15_M07_F10_KA08_7,KA08,artificial,outer_race,N15_M07_F10,1499.4,cepstrum,10666.7,13333.3,3.7024,normal,0.354,0.19030209248902635,1,0.0,0.218,0.8126069751881216,1,0.009000000000000001
N15_M07_F10_KA08_8,KA08,artificial,outer_race,N15_M07_F10,1499.57,cepstrum,10666.7,13333.3,3.1766,normal,0.484,0.30020305957304605,1,-0.0010000000000000009,0.168,1.2067562231165012,2,0.011
N15_M07_F10_KA08_9,KA08,artificial,outer_race,N15_M07_F10,1499.47,cepstrum,10666.7,13333.3,4.2144,normal,0.71,-0.6077800614508749,1,0.0,0.202,0.8159804499879333,2,0.011
N15_M07_F10_KA09_1,KA09,artificial,outer_race,N15_M07_F10,1499.89,cepstrum,10666.7,13333.3,3.6802,normal,0.364,0.6140023665115535,1,0.0,0.206,1.1234805256193017,3,0.012
N15_M07_F10_KA09_10,KA09,artificial,outer_race,N15_M07_F10,1499.1,cepstrum,12000.0,14000.0,3.6496,normal,0.324,0.588266149589374,0,-0.0010000000000000009,0.258,0.9478678420169678,1,-0.008
N15_M07_F10_KA09_11,KA09,artificial,outer_race,N15_M07_F10,1499.83,cepstrum,12000.0,14000.0,3.5131,normal,0.488,0.003719162233252198,0,0.0,0.522,-0.09344507920055364,1,0.013000000000000001
N15_M07_F10_KA09_12,KA09,artificial,outer_race,N15_M07_F10,1499.55,cepstrum,10666.7,13333.3,2.9192,normal,0.36,0.5828116931177835,1,-0.0010000000000000009,0.378,0.4359639690767618,3,0.011
N15_M07_F10_KA09_13,KA09,artificial,outer_race,N15_M07_F10,1498.56,cepstrum,10666.7,13333.3,3.8319,normal,0.398,0.40505557971272294,1,0.0010000000000000009,0.402,0.2205173810742704,2,0.009000000000000001
N15_M07_F10_KA09_14,KA09,artificial,outer_race,N15_M07_F10,1500.27,cepstrum,10666.7,13333.3,2.9537,normal,0.244,1.3380199790569072,1,-0.0019999999999999983,0.584,-0.26276813510362135,2,0.011
N15_M07_F10_KA09_15,KA09,artificial,outer_race,N15_M07_F10,1499.44,cepstrum,10666.7,13333.3,5.0128,normal,0.698,-0.6542959084895472,1,-0.0010000000000000009,0.464,0.17325569693193713,1,0.0
N15_M07_F10_KA09_16,KA09,artificial,outer_race,N15_M07_F10,1499.83,cepstrum,10666.7,13333.3,3.3041,normal,0.744,-0.5045086054676646,0,-0.016,0.3,0.4441455543522966,2,0.012
N15_M07_F10_KA09_17,KA09,artificial,outer_race,N15_M07_F10,1499.54,cepstrum,10666.7,13333.3,3.2829,normal,0.474,0.14492515017052454,1,-0.0010000000000000009,0.298,0.5546076491470064,2,0.008
N15_M07_F10_KA09_18,KA09,artificial,outer_race,N15_M07_F10,1499.1,cepstrum,10666.7,13333.3,3.383,normal,0.502,-0.002049981939362294,0,-0.0010000000000000009,0.388,0.36685035072086913,1,0.009000000000000001
N15_M07_F10_KA09_19,KA09,artificial,outer_race,N15_M07_F10,1499.63,cepstrum,12000.0,14000.0,4.0339,normal,0.668,-0.3751980400619513,1,-0.0010000000000000009,0.072,2.1470681262368316,2,0.008
N15_M07_F10_KA09_2,KA09,artificial,outer_race,N15_M07_F10,1499.68,cepstrum,12000.0,14000.0,3.4268,normal,0.922,-0.8167424946222589,0,0.0010000000000000009,0.294,0.6558192429890407,1,0.013000000000000001
N15_M07_F10_KA09_20,KA09,artificial,outer_race,N15_M07_F10,1499.45,cepstrum,10666.7,13333.3,2.6297,normal,0.69,-0.4518246995202458,0,0.013000000000000001,0.178,1.0566862822537173,1,0.011
N15_M07_F10_KA09_3,KA09,artificial,outer_race,N15_M07_F10,1499.8,cepstrum,12000.0,14000.0,3.1384,normal,0.478,0.3912401373009613,1,0.0,0.366,0.4013770490969047,2,0.013000000000000001
N15_M07_F10_KA09_4,KA09,artificial,outer_race,N15_M07_F10,1500.06,cepstrum,10666.7,13333.3,5.6904,normal,0.828,-0.8995232851493453,1,0.0,0.116,1.1278454669910938,1,0.0
N15_M07_F10_KA09_5,KA09,artificial,outer_race,N15_M07_F10,1499.42,cepstrum,10666.7,13333.3,2.6729,normal,0.736,-0.5745025455728254,0,0.016000000000000004,0.112,1.5636753403026629,2,0.012
N15_M07_F10_KA09_6,KA09,artificial,outer_race,N15_M07_F10,1499.28,cepstrum,10666.7,13333.3,3.9924,normal,0.414,0.27060574642459384,1,-0.0010000000000000009,0.57,-0.23398929226069548,1,0.013000000000000001
N15_M07_F10_KA09_7,KA09,artificial,outer_race,N15_M07_F10,1498.95,cepstrum,10666.7,13333.3,2.5494,normal,0.28,0.6352568572483571,1,-0.0010000000000000009,0.12,1.3425822061870278,3,0.012
N15_M07_F10_KA09_8,KA09,artificial,outer_race,N15_M07_F10,1498.57,cepstrum,12000.0,14000.0,3.2785,normal,0.54,-0.03790827165856337,1,0.0010000000000000009,0.356,0.4075002920223773,2,0.013000000000000001
N15_M07_F10_KA09_9,KA09,artificial,outer_race,N15_M07_F10,1499.83,cepstrum,12000.0,14000.0,2.7426,inner_race,0.5,0.008186684980434004,0,-0.0010000000000000009,0.004,3.4216535697103447,2,0.009999999999999998
N15_M07_F10_KA15_1,KA15,real,outer_race,N15_M07_F10,1499.65,cepstrum,12000.0,14000.0,3.4042,normal,0.436,0.2546364417692021,0,-0.011,0.804,-0.6447503444680518,0,0.011
N15_M07_F10_KA15_10,KA15,real,outer_race,N15_M07_F10,1499.59,cepstrum,12000.0,14000.0,3.4404,normal,0.534,-0.09534276568531831,0,-0.02,0.612,-0.35425470751765115,1,0.015000000000000003
N15_M07_F10_KA15_11,KA15,real,outer_race,N15_M07_F10,1499.61,cepstrum,12000.0,14000.0,3.8087,normal,0.998,-1.425209853437219,0,-0.0019999999999999983,0.836,-1.0037146834868373,1,0.006000000000000002
N15_M07_F10_KA15_12,KA15,real,outer_race,N15_M07_F10,1499.62,cepstrum,12000.0,14000.0,3.2847,normal,0.924,-1.038252529838788,0,0.02,0.578,-0.1998385847503885,1,-0.015
N15_M07_F10_KA15_13,KA15,real,outer_race,N15_M07_F10,1499.53,cepstrum,12000.0,14000.0,3.9049,normal,0.414,0.18754378853193998,1,0.016000000000000004,0.83,-0.5618535294499121,0,0.011
N15_M07_F10_KA15_14,KA15,real,outer_race,N15_M07_F10,1499.6,cepstrum,12000.0,14000.0,3.3768,normal,0.394,0.5396363277675649,1,0.015000000000000003,0.614,-0.2216639776977988,2,-0.009000000000000001
N15_M07_F10_KA15_15,KA15,real,outer_race,N15_M07_F10,1499.48,cepstrum,12000.0,14000.0,3.2129,normal,0.986,-1.3011565751786136,0,-0.004,0.964,-1.3907364351547389,1,-0.005000000000000001
N15_M07_F10_KA15_16,KA15,real,outer_race,N15_M07_F10,1499.76,cepstrum,12000.0,14000.0,3.3958,normal,0.646,-0.19543083865918992,1,0.015000000000000003,0.684,-0.4208888196611833,1,-0.01
N15_M07_F10_KA15_17,KA15,real,outer_race,N15_M07_F10,1499.56,cepstrum,12000.0,14000.0,3.931,normal,0.468,0.4015159813308165,1,0.014000000000000002,0.832,-0.6879884866228587,1,-0.01
N15_M07_F10_KA15_18,KA15,real,outer_race,N15_M07_F10,1499.62,cepstrum,12000.0,14000.0,3.4466,normal,0.65,-0.30370927661426395,0,0.016000000000000004,0.572,-0.20309837176882725,1,0.015000000000000003
N15_M07_F10_KA15_19,KA15,real,outer_race,N15_M07_F10,1499.62,cepstrum,12000.0,14000.0,3.7936,normal,0.424,0.550647068343633,0,0.02,0.658,-0.4019768352940059,1,-0.009000000000000001
N15_M07_F10_KA15_2,KA15,real,outer_race,N15_M07_F10,1499.67,cepstrum,12000.0,14000.0,2.6193,normal,0.78,-0.4643970021497406,0,0.02,0.64,-0.20591462212620135,1,-0.0010000000000000009
N15_M07_F10_KA15_20,KA15,real,outer_race,N15_M07_F10,1499.64,cepstrum,12000.0,14000.0,3.6994,normal,0.77,-0.6243012956622446,1,0.015000000000000003,0.336,0.5880834606435934,1,-0.01
N15_M07_F10_KA15_3,KA15,real,outer_race,N15_M07_F10,1499.67,cepstrum,12000.0,14000.0,3.0942,normal,0.76,-0.5201415575788129,0,0.016000000000000004,0.732,-0.5895170338603328,1,-0.008
N15_M07_F10_KA15_4,KA15,real,outer_race,N15_M07_F10,1499.75,cepstrum,12000.0,14000.0,3.5188,normal,0.438,0.06729152589574643,0,0.015000000000000003,0.838,-0.6716798006364535,1,-0.008
N15_M07_F10_KA15_5,KA15,real,outer_race,N15_M07_F10,1499.65,cepstrum,12000.0,14000.0,3.537,normal,0.602,-0.3937947315845574,0,-0.0019999999999999983,0.828,-0.7041643913879453,1,-0.0010000000000000009
N15_M07_F10_KA15_6,KA15,real,outer_race,N15_M07_F10,1499.43,cepstrum,12000.0,14000.0,3.6806,normal,0.57,-0.2414773776925089,0,0.015000000000000003,0.852,-1.0456893377679684,1,-0.016
N15_M07_F10_KA15_7,KA15,real,outer_race,N15_M07_F10,1499.48,cepstrum,12000.0,14000.0,3.0483,normal,0.796,-0.5494733680603656,0,0.012,0.744,-0.4345746994648906,1,-0.009000000000000001
N15_M07_F10_KA15_8,KA15,real,outer_race,N15_M07_F10,1499.54,cepstrum,12000.0,14000.0,3.4394,normal,0.526,-0.2164401966830929,0,0.013000000000000001,0.904,-0.9932991428848027,2,-0.016
N15_M07_F10_KA15_9,KA15,real,outer_race,N15_M07_F10,1499.5,cepstrum,12000.0,14000.0,3.7753,normal,0.632,-0.25473060619796395,0,0.014000000000000002,0.732,-0.5881473111449292,1,-0.009000000000000001
N15_M07_F10_KA16_1,KA16,real,outer_race,N15_M07_F10,1499.57,cepstrum,8000.0,12000.0,16.3583,outer_race,0.002,9.12983203840614,5,0.004,0.758,-0.4877684238523723,1,-0.01
N15_M07_F10_KA16_10,KA16,real,outer_race,N15_M07_F10,1499.78,cepstrum,10000.0,12000.0,5.2602,outer_race,0.002,7.357735155071215,5,0.004,0.772,-0.6285051079420308,2,-0.019
N15_M07_F10_KA16_11,KA16,real,outer_race,N15_M07_F10,1499.66,cepstrum,10000.0,12000.0,5.3257,outer_race,0.002,12.875627106014404,5,0.002999999999999999,0.878,-1.0393313098523076,2,-0.019
N15_M07_F10_KA16_12,KA16,real,outer_race,N15_M07_F10,1500.31,cepstrum,10000.0,12000.0,4.7427,outer_race,0.002,10.746915020307313,4,0.004,0.794,-0.6777784715579254,2,-0.017
N15_M07_F10_KA16_13,KA16,real,outer_race,N15_M07_F10,1499.6,cepstrum,10000.0,12000.0,4.5938,outer_race,0.002,11.314444567300486,5,0.002999999999999999,0.616,-0.22653401398131406,4,-0.018000000000000002
N15_M07_F10_KA16_14,KA16,real,outer_race,N15_M07_F10,1499.7,cepstrum,10000.0,12000.0,4.4905,outer_race,0.002,10.930933211266318,5,0.002999999999999999,0.826,-0.7963450645601823,3,-0.018000000000000002
N15_M07_F10_KA16_15,KA16,real,outer_race,N15_M07_F10,1499.46,cepstrum,10000.0,12000.0,5.3631,outer_race,0.002,9.319813007778606,5,0.004,0.624,-0.47725335070875785,2,-0.018000000000000002
N15_M07_F10_KA16_16,KA16,real,outer_race,N15_M07_F10,1499.46,cepstrum,10000.0,12000.0,4.5452,outer_race,0.002,9.101695605192273,5,0.004,0.374,0.3237425097905481,3,-0.019
N15_M07_F10_KA16_17,KA16,real,outer_race,N15_M07_F10,1499.65,cepstrum,10000.0,12000.0,4.6784,outer_race,0.002,15.719728098069398,5,0.002999999999999999,0.89,-0.9293499976134456,1,-0.008
N15_M07_F10_KA16_18,KA16,real,outer_race,N15_M07_F10,1499.43,cepstrum,10000.0,12000.0,4.5495,outer_race,0.006,11.573789608061732,5,0.004,0.714,-0.5260722650446562,3,-0.019
N15_M07_F10_KA16_19,KA16,real,outer_race,N15_M07_F10,1499.47,cepstrum,10000.0,12000.0,4.6623,outer_race,0.002,17.307687095796226,5,0.004,0.898,-1.1000756804048644,3,-0.02
N15_M07_F10_KA16_2,KA16,real,outer_race,N15_M07_F10,1499.6,cepstrum,8000.0,12000.0,9.244,outer_race,0.002,5.427995421601751,4,0.004,0.518,-0.06805650541136483,3,-0.019
N15_M07_F10_KA16_20,KA16,real,outer_race,N15_M07_F10,1499.52,cepstrum,10000.0,12000.0,4.7719,outer_race,0.002,13.699247685887313,5,0.004,0.66,-0.3781151110878091,2,-0.019
N15_M07_F10_KA16_3,KA16,real,outer_race,N15_M07_F10,1499.67,cepstrum,10000.0,12000.0,6.55,outer_race,0.002,12.1957006512466,4,0.004,0.738,-0.5906123920142082,1,-0.008
N15_M07_F10_KA16_4,KA16,real,outer_race,N15_M07_F10,1499.41,cepstrum,10000.0,12000.0,5.5913,outer_race,0.004,7.84518346683229,4,0.004,0.832,-0.8056730660455728,2,-0.019
N15_M07_F10_KA16_5,KA16,real,outer_race,N15_M07_F10,1499.67,cepstrum,10000.0,12000.0,6.0173,outer_race,0.002,10.64028334701708,5,0.004,0.848,-0.9792081389380579,3,-0.008
N15_M07_F10_KA16_6,KA16,real,outer_race,N15_M07_F10,1499.37,cepstrum,8000.0,12000.0,5.849,outer_race,0.002,10.423907732832319,4,0.002999999999999999,0.802,-0.7442516658248732,3,-0.018000000000000002
N15_M07_F10_KA16_7,KA16,real,outer_race,N15_M07_F10,1499.57,cepstrum,10000.0,12000.0,5.7763,outer_race,0.002,9.004186747804935,5,0.004,0.938,-1.1724158626155996,1,-0.005000000000000001
N15_M07_F10_KA16_8,KA16,real,outer_race,N15_M07_F10,1499.6,cepstrum,10000.0,12000.0,5.2421,outer_race,0.002,11.13675145153459,5,0.004,0.698,-0.36144565658821304,2,-0.019
N15_M07_F10_KA16_9,KA16,real,outer_race,N15_M07_F10,1499.64,cepstrum,10000.0,12000.0,5.3736,outer_race,0.002,9.622708815480753,5,0.004,0.718,-0.5706498870642509,2,-0.006999999999999999
N15_M07_F10_KA22_1,KA22,real,outer_race,N15_M07_F10,1499.63,cepstrum,10666.7,13333.3,4.9331,normal,0.366,0.15793596524585798,1,0.015000000000000003,0.712,-0.4007267740392784,2,-0.009000000000000001
N15_M07_F10_KA22_10,KA22,real,outer_race,N15_M07_F10,1499.58,cepstrum,10666.7,13333.3,4.1646,normal,0.524,-0.10097490495553009,0,0.02,0.432,0.1650260650714513,0,0.015000000000000003
N15_M07_F10_KA22_11,KA22,real,outer_race,N15_M07_F10,1499.48,cepstrum,10666.7,13333.3,4.2504,normal,0.68,-0.472354651533312,0,0.015000000000000003,0.146,1.0708194902792696,1,-0.009000000000000001
N15_M07_F10_KA22_12,KA22,real,outer_race,N15_M07_F10,1500.3,cepstrum,10666.7,13333.3,3.7236,normal,0.824,-0.9172392688098427,0,0.015000000000000003,0.92,-1.3342856335691293,1,-0.009000000000000001
N15_M07_F10_KA22_13,KA22,real,outer_race,N15_M07_F10,1499.59,cepstrum,10666.7,13333.3,4.1957,normal,0.818,-0.7798932830761145,0,-0.016,0.628,-0.3437408396167997,0,-0.009000000000000001
N15_M07_F10_KA22_14,KA22,real,outer_race,N15_M07_F10,1499.56,cepstrum,10666.7,13333.3,4.4858,normal,0.742,-0.6609858107192716,0,-0.002999999999999999,0.82,-0.6741466932613895,2,0.015000000000000003
N15_M07_F10_KA22_15,KA22,real,outer_race,N15_M07_F10,1499.63,cepstrum,12000.0,14000.0,3.97,normal,0.456,0.038489492083809494,0,0.016000000000000004,0.672,-0.32512511605873934,2,-0.016
N15_M07_F10_KA22_16,KA22,real,outer_race,N15_M07_F10,1499.53,cepstrum,10666.7,13333.3,4.1756,normal,0.734,-0.47774084823186885,1,0.016999999999999998,0.836,-0.7017412797375241,1,-0.01
N15_M07_F10_KA22_17,KA22,real,outer_race,N15_M07_F10,1499.61,cepstrum,10666.7,13333.3,3.5548,normal,0.396,0.35336820342437797,1,0.016000000000000004,0.542,-0.061203645313384986,0,0.014000000000000002
N15_M07_F10_KA22_18,KA22,real,outer_race,N15_M07_F10,1499.58,cepstrum,12000.0,14000.0,4.6203,normal,0.422,0.23323694876192613,0,-0.016,0.998,-1.895859920736569,0,0.018
N15_M07_F10_KA22_19,KA22,real,outer_race,N15_M07_F10,1498.9,cepstrum,12000.0,14000.0,4.4264,normal,0.566,-0.08694186932949385,0,0.015000000000000003,0.698,-0.4360250193137613,1,-0.009000000000000001
N15_M07_F10_KA22_2,KA22,real,outer_race,N15_M07_F10,1499.42,cepstrum,10666.7,13333.3,4.668,normal,0.546,-0.04517719825535548,0,0.016999999999999998,0.808,-0.6633296584776851,1,-0.01
N15_M07_F10_KA22_20,KA22,real,outer_race,N15_M07_F10,1499.51,cepstrum,10666.7,13333.3,3.8844,normal,0.69,-0.251216516429596,0,-0.018000000000000002,0.834,-0.7266912933654077,1,0.009999999999999998
N15_M07_F10_KA22_3,KA22,real,outer_race,N15_M07_F10,1499.46,cepstrum,10666.7,13333.3,4.7625,normal,0.69,-0.1683637240786877,0,-0.015,0.602,-0.11780439832238167,2,-0.009000000000000001
N15_M07_F10_KA22_4,KA22,real,outer_race,N15_M07_F10,1499.51,cepstrum,10666.7,13333.3,4.0065,normal,0.876,-1.1190483534812357,0,0.02,0.674,-0.5421837662660759,1,-0.01
N15_M07_F10_KA22_5,KA22,real,outer_race,N15_M07_F10,1499.71,cepstrum,12000.0,14000.0,4.1878,normal,0.306,0.43052027750652244,1,0.016000000000000004,0.546,-0.18755735569140308,1,0.006000000000000002
N15_M07_F10_KA22_6,KA22,real,outer_race,N15_M07_F10,1499.55,cepstrum,10666.7,13333.3,4.3213,normal,0.772,-0.5236113233282371,0,-0.012,0.938,-1.0150544624048015,0,-0.018000000000000002
N15_M07_F10_KA22_7,KA22,real,outer_race,N15_M07_F10,1499.54,cepstrum,10666.7,13333.3,4.3015,normal,0.822,-0.9067003483447956,0,-0.02,0.894,-1.0447864563516287,1,0.015000000000000003
N15_M07_F10_KA22_8,KA22,real,outer_race,N15_M07_F10,1499.57,cepstrum,10666.7,13333.3,4.1856,normal,0.41,0.4609549811665845,1,0.015000000000000003,0.982,-1.3414352245712344,0,0.018
N15_M07_F10_KA22_9,KA22,real,outer_race,N15_M07_F10,1499.95,cepstrum,10666.7,13333.3,4.5092,normal,0.812,-0.887022344790513,0,-0.011,0.738,-0.6808767592371071,1,-0.01
N15_M07_F10_KA30_1,KA30,real,outer_race,N15_M07_F10,1499.53,cepstrum,12000.0,14000.0,4.4295,normal,0.768,-0.386610945268602,1,-0.0010000000000000009,0.256,0.6304881088116905,2,0.0
N15_M07_F10_KA30_10,KA30,real,outer_race,N15_M07_F10,1499.67,cepstrum,12000.0,14000.0,6.4295,normal,0.882,-0.6949881677889894,1,-0.0010000000000000009,0.354,0.42057983452744524,0,0.0
N15_M07_F10_KA30_11,KA30,real,outer_race,N15_M07_F10,1499.75,cepstrum,12000.0,14000.0,4.3952,normal,0.35,1.0675128994577987,1,-0.0010000000000000009,0.552,-0.15020739323486568,1,0.009000000000000001
N15_M07_F10_KA30_12,KA30,real,outer_race,N15_M07_F10,1499.42,cepstrum,10666.7,13333.3,3.9972,normal,0.768,-0.8494624653209666,1,0.0,0.244,0.9214492186375541,3,0.009999999999999998
N15_M07_F10_KA30_13,KA30,real,outer_race,N15_M07_F10,1499.65,cepstrum,12000.0,14000.0,7.5444,normal,0.74,-0.8568483167895445,2,0.0,0.22,0.9668882729649028,1,0.0
N15_M07_F10_KA30_14,KA30,real,outer_race,N15_M07_F10,1499.5,cepstrum,10666.7,13333.3,4.0824,normal,0.336,0.3325590923941906,1,0.0,0.724,-0.5445195376873934,3,0.011
N15_M07_F10_KA30_15,KA30,real,outer_race,N15_M07_F10,1499.5,cepstrum,10666.7,13333.3,3.6062,normal,0.262,0.9036006922054884,1,0.0,0.344,0.6860247444745934,2,0.011
N15_M07_F10_KA30_16,KA30,real,outer_race,N15_M07_F10,1499.4,cepstrum,10666.7,13333.3,3.9762,normal,0.392,0.440470703236269,1,0.0010000000000000009,0.2,0.9967778001985853,1,0.009999999999999998
N15_M07_F10_KA30_17,KA30,real,outer_race,N15_M07_F10,1499.68,cepstrum,12000.0,14000.0,5.2756,normal,0.652,-0.43507651569568606,1,0.0,0.124,1.290674778664014,2,0.009999999999999998
N15_M07_F10_KA30_18,KA30,real,outer_race,N15_M07_F10,1499.24,cepstrum,10666.7,13333.3,5.1403,normal,0.884,-0.9951507681530883,1,-0.018000000000000002,0.358,0.5669367434276877,1,-0.008
N15_M07_F10_KA30_19,KA30,real,outer_race,N15_M07_F10,1499.73,cepstrum,10666.7,13333.3,5.6134,normal,0.744,-0.6333915086009586,1,0.0,0.21,1.0424947585928996,2,0.008
N15_M07_F10_KA30_2,KA30,real,outer_race,N15_M07_F10,1499.45,cepstrum,12000.0,14000.0,5.6307,normal,0.554,-0.09990310750945416,1,-0.0010000000000000009,0.316,0.594361522816125,1,0.009000000000000001
N15_M07_F10_KA30_20,KA30,real,outer_race,N15_M07_F10,1499.64,cepstrum,10666.7,13333.3,3.9144,normal,0.808,-0.682337050721809,1,0.016999999999999998,0.774,-0.6513039958054337,2,0.0
N15_M07_F10_KA30_3,KA30,real,outer_race,N15_M07_F10,1499.53,cepstrum,10666.7,13333.3,4.2824,normal,0.702,-0.5920701467769126,1,0.0,0.224,0.6818931332259677,1,-0.015
N15_M07_F10_KA30_4,KA30,real,outer_race,N15_M07_F10,1499.61,cepstrum,10666.7,13333.3,4.3322,normal,0.962,-1.0538306560830062,0,-0.0019999999999999983,0.516,-0.018527804923699463,3,0.011
N15_M07_F10_KA30_5,KA30,real,outer_race,N15_M07_F10,1499.59,cepstrum,12000.0,14000.0,5.3657,normal,0.868,-0.6109327582239609,1,0.0010000000000000009,0.116,1.7864451949359623,2,0.009000000000000001
N15_M07_F10_KA30_6,KA30,real,outer_race,N15_M07_F10,1499.46,cepstrum,12000.0,14000.0,3.9393,normal,0.7,-0.6077070729152522,1,0.0010000000000000009,0.178,1.3606892239269244,1,0.008
N15_M07_F10_KA30_7,KA30,real,outer_race,N15_M07_F10,1499.57,cepstrum,10666.7,13333.3,4.1107,normal,0.698,-0.3296492870556475,1,0.0019999999999999983,0.472,0.07316344340993719,2,0.008
N15_M07_F10_KA30_8,KA30,real,outer_race,N15_M07_F10,1499.51,cepstrum,10666.7,13333.3,3.9555,normal,0.466,0.1182122292444601,1,0.0,0.514,-0.010315532808841966,3,0.009999999999999998
N15_M07_F10_KA30_9,KA30,real,outer_race,N15_M07_F10,1499.9,cepstrum,10666.7,13333.3,4.1874,normal,0.944,-1.2075568626521056,1,0.0,0.774,-0.6589948847869199,2,-0.015
N15_M07_F10_KI01_1,KI01,artificial,inner_race,N15_M07_F10,1499.57,cepstrum,8000.0,12000.0,8.8084,normal,0.03,5.051080324492992,1,-0.018000000000000002,0.064,4.667470039088429,16,-0.0019999999999999983
N15_M07_F10_KI01_10,KI01,artificial,inner_race,N15_M07_F10,1499.57,cepstrum,10000.0,12000.0,9.7974,inner_race,0.174,1.0860063431085438,1,-0.017,0.002,5.403945475589178,25,-0.0019999999999999983
N15_M07_F10_KI01_11,KI01,artificial,inner_race,N15_M07_F10,1499.65,cepstrum,10000.0,12000.0,11.3472,inner_race,0.08,2.399429474234818,1,-0.016,0.002,4.010285916929974,25,-0.002999999999999999
N15_M07_F10_KI01_12,KI01,artificial,inner_race,N15_M07_F10,1499.58,cepstrum,10000.0,12000.0,10.2786,inner_race,0.364,0.3149701019804397,1,-0.017,0.002,4.115871945979324,25,-0.002999999999999999
N15_M07_F10_KI01_13,KI01,artificial,inner_race,N15_M07_F10,1499.64,cepstrum,10000.0,12000.0,8.8326,inner_race,0.186,0.7992091851279306,2,-0.017,0.002,3.6129111747134335,25,-0.0019999999999999983
N15_M07_F10_KI01_14,KI01,artificial,inner_race,N15_M07_F10,1499.52,cepstrum,10000.0,12000.0,9.1797,inner_race,0.084,2.04579272457473,2,-0.016,0.002,4.052822293099965,25,-0.0019999999999999983
N15_M07_F10_KI01_15,KI01,artificial,inner_race,N15_M07_F10,1499.59,cepstrum,10000.0,12000.0,9.8239,inner_race,0.17,1.4355997663360107,1,-0.018000000000000002,0.002,3.9191340901621867,25,-0.002999999999999999
N15_M07_F10_KI01_16,KI01,artificial,inner_race,N15_M07_F10,1499.59,cepstrum,10000.0,12000.0,10.1886,inner_race,0.17,3.6351694659331346,1,-0.017,0.002,4.694189555681575,25,-0.0019999999999999983
N15_M07_F10_KI01_17,KI01,artificial,inner_race,N15_M07_F10,1499.53,cepstrum,10000.0,12000.0,11.5512,inner_race,0.248,0.634160238130903,1,-0.019,0.002,4.178711556537289,25,-0.002999999999999999
N15_M07_F10_KI01_18,KI01,artificial,inner_race,N15_M07_F10,1499.54,cepstrum,10000.0,12000.0,9.9425,inner_race,0.228,2.7671662690805348,2,-0.017,0.002,4.549419755284739,25,-0.002999999999999999
N15_M07_F10_KI01_19,KI01,artificial,inner_race,N15_M07_F10,1499.6,cepstrum,10000.0,12000.0,10.1634,inner_race,0.082,2.296513785707035,1,-0.018000000000000002,0.004,3.697499934617566,25,-0.0019999999999999983
N15_M07_F10_KI01_2,KI01,artificial,inner_race,N15_M07_F10,1499.54,cepstrum,8000.0,12000.0,8.802,inner_race,0.006,7.252482661720175,1,-0.018000000000000002,0.002,4.627760632139278,22,-0.0019999999999999983
N15_M07_F10_KI01_20,KI01,artificial,inner_race,N15_M07_F10,1499.6,cepstrum,10000.0,12000.0,9.0494,inner_race,0.08,1.8335625540704585,1,-0.018000000000000002,0.002,5.210981710181114,25,-0.0019999999999999983
N15_M07_F10_KI01_3,KI01,artificial,inner_race,N15_M07_F10,1499.6,cepstrum,8000.0,12000.0,11.9652,inner_race,0.104,2.7524003711634433,1,-0.018000000000000002,0.002,3.432910728974779,25,-0.0019999999999999983
N15_M07_F10_KI01_4,KI01,artificial,inner_race,N15_M07_F10,1499.55,cepstrum,10000.0,12000.0,9.5011,inner_race,0.032,4.26838930653333,1,-0.017,0.002,4.411382869978964,25,-0.0019999999999999983
N15_M07_F10_KI01_5,KI01,artificial,inner_race,N15_M07_F10,1499.64,cepstrum,8000.0,12000.0,9.076,inner_race,0.094,1.8358482255318471,1,-0.018000000000000002,0.002,6.14089164417268,25,-0.0019999999999999983
N15_M07_F10_KI01_6,KI01,artificial,inner_race,N15_M07_F10,1499.59,cepstrum,10000.0,12000.0,9.6925,inner_race,0.08,2.451095529418719,1,-0.018000000000000002,0.002,3.9847973256838474,25,-0.0019999999999999983
N15_M07_F10_KI01_7,KI01,artificial,inner_race,N15_M07_F10,1499.61,cepstrum,10000.0,12000.0,8.9113,inner_race,0.146,1.483085964547815,1,-0.018000000000000002,0.002,4.997209567303871,25,-0.0019999999999999983
N15_M07_F10_KI01_8,KI01,artificial,inner_race,N15_M07_F10,1499.6,cepstrum,10000.0,12000.0,11.2162,inner_race,0.218,1.372226762749383,1,-0.017,0.002,4.869849891204105,25,-0.0019999999999999983
N15_M07_F10_KI01_9,KI01,artificial,inner_race,N15_M07_F10,1499.67,cepstrum,10000.0,12000.0,11.0281,inner_race,0.098,1.0891442430420446,1,-0.018000000000000002,0.002,4.410711789830116,25,-0.0019999999999999983
N15_M07_F10_KI03_1,KI03,artificial,inner_race,N15_M07_F10,1499.68,cepstrum,12000.0,14000.0,2.4076,normal,0.976,-1.239816897290353,0,0.006999999999999999,0.88,-1.1221293424991565,0,-0.017
N15_M07_F10_KI03_10,KI03,artificial,inner_race,N15_M07_F10,1499.64,cepstrum,12000.0,14000.0,2.9519,normal,0.644,-0.39181971369078866,0,0.014000000000000002,0.99,-1.0310561087711319,1,-0.0010000000000000009
N15_M07_F10_KI03_11,KI03,artificial,inner_race,N15_M07_F10,1499.79,cepstrum,12000.0,14000.0,2.5257,normal,0.818,-0.7190191246340277,0,0.019,0.962,-1.461585377910651,0,0.02
N15_M07_F10_KI03_12,KI03,artificial,inner_race,N15_M07_F10,1499.82,cepstrum,12000.0,14000.0,2.3978,normal,0.834,-0.8289830713427676,0,0.015000000000000003,0.91,-1.5309989003566804,1,0.011
N15_M07_F10_KI03_13,KI03,artificial,inner_race,N15_M07_F10,1499.66,cepstrum,12000.0,14000.0,3.1051,normal,0.904,-1.0227342634096088,0,-0.018000000000000002,0.272,0.656620293986603,1,-0.009000000000000001
N15_M07_F10_KI03_14,KI03,artificial,inner_race,N15_M07_F10,1499.63,cepstrum,12000.0,14000.0,3.2293,normal,0.734,-0.5753030170699678,0,0.02,1.0,-2.147883099215216,1,-0.009000000000000001
N15_M07_F10_KI03_15,KI03,artificial,inner_race,N15_M07_F10,1499.61,cepstrum,12000.0,14000.0,3.1509,normal,0.806,-0.972878230348993,0,0.015000000000000003,0.898,-0.9767466507333014,2,-0.016
N15_M07_F10_KI03_16,KI03,artificial,inner_race,N15_M07_F10,1499.57,cepstrum,12000.0,14000.0,2.8384,normal,0.2,2.062944144533547,0,0.016000000000000004,0.792,-0.6730590656654969,0,0.006999999999999999
N15_M07_F10_KI03_17,KI03,artificial,inner_race,N15_M07_F10,1499.67,cepstrum,12000.0,14000.0,2.9152,normal,0.396,0.33974767795432786,0,0.0019999999999999983,0.662,-0.4096775938639536,0,0.005000000000000001
N15_M07_F10_KI03_18,KI03,artificial,inner_race,N15_M07_F10,1499.58,cepstrum,12000.0,14000.0,2.7659,normal,0.824,-0.4508809752859222,0,0.016000000000000004,0.876,-0.7047243860561904,1,-0.008
N15_M07_F10_KI03_19,KI03,artificial,inner_race,N15_M07_F10,1499.56,cepstrum,12000.0,14000.0,2.8924,normal,0.934,-0.9365316359308832,0,0.016000000000000004,0.7,-0.4684126768021218,1,-0.009000000000000001
N15_M07_F10_KI03_2,KI03,artificial,inner_race,N15_M07_F10,1499.5,cepstrum,12000.0,14000.0,2.641,normal,0.506,-0.07235534848879734,0,0.012,0.73,-0.5375865475309856,0,-0.018000000000000002
N15_M07_F10_KI03_20,KI03,artificial,inner_race,N15_M07_F10,1499.55,cepstrum,12000.0,14000.0,2.5893,normal,0.822,-0.9826933122027842,0,0.011,0.41,0.26267068526621495,0,0.011
N15_M07_F10_KI03_3,KI03,artificial,inner_race,N15_M07_F10,1499.6,cepstrum,12000.0,14000.0,3.4735,normal,0.904,-1.7768704615273279,0,-0.02,0.674,-0.3884693495890399,0,0.008
N15_M07_F10_KI03_4,KI03,artificial,inner_race,N15_M07_F10,1499.65,cepstrum,12000.0,14000.0,3.211,normal,0.562,-0.16226609107545206,0,0.015000000000000003,0.824,-0.6695819336420025,1,-0.008
N15_M07_F10_KI03_5,KI03,artificial,inner_race,N15_M07_F10,1499.65,cepstrum,12000.0,14000.0,2.6,normal,0.948,-1.0125050886508258,0,0.008,0.27,0.6666736620841098,1,-0.009000000000000001
N15_M07_F10_KI03_6,KI03,artificial,inner_race,N15_M07_F10,1499.57,cepstrum,12000.0,14000.0,2.5209,normal,0.628,-0.38124162604693324,0,0.013000000000000001,0.932,-1.057977067824305,1,-0.008
N15_M07_F10_KI03_7,KI03,artificial,inner_race,N15_M07_F10,1499.58,cepstrum,12000.0,14000.0,2.4655,normal,0.858,-0.9863087349262947,0,0.016000000000000004,0.738,-0.43524364364394,0,0.012
N15_M07_F10_KI03_8,KI03,artificial,inner_race,N15_M07_F10,1499.54,cepstrum,12000.0,14000.0,2.77,normal,0.862,-1.909369278692765,0,0.015000000000000003,0.85,-0.9637737094625718,0,0.006999999999999999
N15_M07_F10_KI03_9,KI03,artificial,inner_race,N15_M07_F10,1499.64,cepstrum,12000.0,14000.0,2.8309,normal,0.938,-1.166458268645939,0,-0.013000000000000001,0.42,0.32505922525563724,1,-0.014
N15_M07_F10_KI04_1,KI04,real,inner_race,N15_M07_F10,1499.64,cepstrum,10666.7,13333.3,2.4038,normal,0.708,-0.1762326884869701,1,-0.0010000000000000009,0.286,0.6509712839711438,3,0.011
N15_M07_F10_KI04_10,KI04,real,inner_race,N15_M07_F10,1499.31,cepstrum,10666.7,13333.3,3.1684,normal,0.276,1.2338337381564775,1,0.0,0.202,1.0357178598687564,3,0.011
N15_M07_F10_KI04_11,KI04,real,inner_race,N15_M07_F10,1499.5,cepstrum,10666.7,13333.3,2.2155,normal,0.26,2.0888663536671093,1,0.0,0.106,1.020150799881573,2,0.009999999999999998
N15_M07_F10_KI04_12,KI04,real,inner_race,N15_M07_F10,1499.49,cepstrum,12000.0,14000.0,2.472,normal,0.772,-0.5784026969935488,1,0.0010000000000000009,0.194,1.2085138081772882,2,0.009999999999999998
N15_M07_F10_KI04_13,KI04,real,inner_race,N15_M07_F10,1499.44,cepstrum,12000.0,14000.0,2.5991,normal,0.696,-0.5764749396452707,1,0.0,0.6,-0.3044926463841584,1,0.016000000000000004
N15_M07_F10_KI04_14,KI04,real,inner_race,N15_M07_F10,1499.55,cepstrum,10666.7,13333.3,2.8395,normal,0.4,0.47303292410698866,1,0.0,0.586,-0.14917350709808758,2,0.012
N15_M07_F10_KI04_15,KI04,real,inner_race,N15_M07_F10,1499.68,cepstrum,10666.7,13333.3,1.6669,normal,0.208,0.8559872386022144,1,-0.018000000000000002,0.248,0.8060705590443392,3,0.009999999999999998
N15_M07_F10_KI04_16,KI04,real,inner_race,N15_M07_F10,1499.48,cepstrum,10666.7,13333.3,1.7051,normal,0.452,0.10597392666644015,1,0.0,0.41,0.32465945557548187,3,0.011
N15_M07_F10_KI04_17,KI04,real,inner_race,N15_M07_F10,1499.84,cepstrum,10666.7,13333.3,1.5294,inner_race,0.268,1.2669339853653436,1,-0.002999999999999999,0.002,2.675662263615345,3,0.011
N15_M07_F10_KI04_18,KI04,real,inner_race,N15_M07_F10,1499.53,cepstrum,12000.0,14000.0,1.5768,normal,0.5,0.0007746363044139901,1,0.0,0.766,-0.9191831422165808,2,0.009999999999999998
N15_M07_F10_KI04_19,KI04,real,inner_race,N15_M07_F10,1499.87,cepstrum,10666.7,13333.3,1.4592,normal,0.498,0.06251778966039075,1,0.0010000000000000009,0.194,1.0465966407574796,1,0.011
N15_M07_F10_KI04_2,KI04,real,inner_race,N15_M07_F10,1499.7,cepstrum,12000.0,14000.0,2.2212,normal,0.378,0.5498894435189008,1,0.0,0.07,1.6221779482983476,1,0.009999999999999998
N15_M07_F10_KI04_20,KI04,real,inner_race,N15_M07_F10,1499.45,cepstrum,12000.0,14000.0,1.5179,normal,0.402,0.20737105758268987,1,0.0,0.378,0.36548155073436783,1,0.012
N15_M07_F10_KI04_3,KI04,real,inner_race,N15_M07_F10,1499.63,cepstrum,12000.0,14000.0,1.9553,normal,0.624,-0.41622303250539755,1,0.0,0.234,0.6701770835073424,2,0.011
N15_M07_F10_KI04_4,KI04,real,inner_race,N15_M07_F10,1499.6,cepstrum,10666.7,13333.3,2.1995,normal,0.836,-0.961288862776248,1,0.0010000000000000009,0.678,-0.3994124794651673,2,0.012
N15_M07_F10_KI04_5,KI04,real,inner_race,N15_M07_F10,1499.75,cepstrum,10666.7,13333.3,2.7971,normal,0.284,1.009043372899548,2,-0.0010000000000000009,0.188,1.1270904448790826,3,0.011
N15_M07_F10_KI04_6,KI04,real,inner_race,N15_M07_F10,1499.64,cepstrum,12000.0,14000.0,2.6723,normal,0.728,-0.2730493257248228,1,-0.0010000000000000009,0.794,-0.6286757676563343,0,0.016000000000000004
N15_M07_F10_KI04_7,KI04,real,inner_race,N15_M07_F10,1499.63,cepstrum,10666.7,13333.3,3.147,normal,0.562,-0.11217029116487683,1,-0.0010000000000000009,0.056,1.9701306619865246,3,0.009999999999999998
N15_M07_F10_KI04_8,KI04,real,inner_race,N15_M07_F10,1499.64,cepstrum,10666.7,13333.3,2.3497,normal,0.394,0.12319054233490309,1,0.0,0.806,-0.8008529626207591,0,0.006000000000000002
N15_M07_F10_KI04_9,KI04,real,inner_race,N15_M07_F10,1499.61,cepstrum,10666.7,13333.3,2.5228,normal,0.514,-0.06741742097265112,2,0.0,0.864,-1.1843229447932861,3,0.009999999999999998
N15_M07_F10_KI05_1,KI05,artificial,inner_race,N15_M07_F10,1499.88,cepstrum,10666.7,13333.3,5.9865,normal,0.294,0.6663575896833548,2,-0.0010000000000000009,0.798,-0.6577278615363986,2,-0.015
N15_M07_F10_KI05_10,KI05,artificial,inner_race,N15_M07_F10,1499.6,cepstrum,12000.0,14000.0,3.8571,normal,0.776,-0.2652815855659053,1,0.0,0.37,0.2554115780591797,2,0.011
N15_M07_F10_KI05_11,KI05,artificial,inner_race,N15_M07_F10,1499.55,cepstrum,10666.7,13333.3,4.8601,normal,0.812,-0.6691591304571257,1,0.0019999999999999983,0.522,-0.10769088781420795,2,0.0
N15_M07_F10_KI05_12,KI05,artificial,inner_race,N15_M07_F10,1499.78,cepstrum,12000.0,14000.0,6.0841,normal,0.442,0.16456290857379785,1,-0.0010000000000000009,0.318,0.5611769658667278,2,0.012
N15_M07_F10_KI05_13,KI05,artificial,inner_race,N15_M07_F10,1499.61,cepstrum,10666.7,13333.3,5.9089,normal,0.81,-0.4311155721226941,0,0.011,0.894,-1.2918623388493744,1,-0.018000000000000002
N15_M07_F10_KI05_14,KI05,artificial,inner_race,N15_M07_F10,1499.67,cepstrum,10666.7,13333.3,4.3902,normal,0.734,-0.5796584011650958,1,-0.0010000000000000009,0.498,0.005511910785977,1,-0.01
N15_M07_F10_KI05_15,KI05,artificial,inner_race,N15_M07_F10,1499.52,cepstrum,10666.7,13333.3,4.2191,normal,0.64,-0.46758636966648043,1,0.0,0.026,1.9350215967388773,3,0.012
N15_M07_F10_KI05_16,KI05,artificial,inner_race,N15_M07_F10,1499.58,cepstrum,10666.7,13333.3,3.7258,normal,0.656,-0.3757658919491882,1,-0.0010000000000000009,0.8,-0.7524554966075969,1,0.006999999999999999
N15_M07_F10_KI05_17,KI05,artificial,inner_race,N15_M07_F10,1499.58,cepstrum,10666.7,13333.3,3.6091,normal,0.804,-0.6882877121511828,1,-0.0010000000000000009,0.392,0.2764362448304052,2,0.012
N15_M07_F10_KI05_18,KI05,artificial,inner_race,N15_M07_F10,1499.62,cepstrum,10666.7,13333.3,5.3079,normal,0.774,-0.6347102447091308,1,-0.0010000000000000009,0.454,0.07398640289405992,2,0.0
N15_M07_F10_KI05_19,KI05,artificial,inner_race,N15_M07_F10,1499.6,cepstrum,10666.7,13333.3,4.3417,normal,0.846,-0.8611333913650059,1,0.0,0.244,0.8486427460915981,2,0.008
N15_M07_F10_KI05_2,KI05,artificial,inner_race,N15_M07_F10,1499.63,cepstrum,12000.0,14000.0,4.9595,normal,0.762,-0.7647278081811085,0,0.0019999999999999983,0.104,1.8191572005831729,2,0.011
N15_M07_F10_KI05_20,KI05,artificial,inner_race,N15_M07_F10,1499.51,cepstrum,10666.7,13333.3,5.6525,normal,0.882,-0.9191852840514861,1,0.0,0.766,-0.6867730123629784,2,0.0
N15_M07_F10_KI05_3,KI05,artificial,inner_race,N15_M07_F10,1499.53,cepstrum,12000.0,14000.0,4.9659,normal,0.592,-0.37968967979954765,0,0.016000000000000004,0.282,0.7172195412892822,1,0.012
N15_M07_F10_KI05_4,KI05,artificial,inner_race,N15_M07_F10,1499.4,cepstrum,10666.7,13333.3,7.0078,normal,0.704,-0.22059851225162994,2,-0.0010000000000000009,0.698,-0.4502714188780583,1,0.0
N15_M07_F10_KI05_5,KI05,artificial,inner_race,N15_M07_F10,1499.53,cepstrum,12000.0,14000.0,5.5519,normal,0.556,-0.1617306184153038,2,0.0,0.228,1.1778304287449555,1,0.0
N15_M07_F10_KI05_6,KI05,artificial,inner_race,N15_M07_F10,1499.56,cepstrum,10666.7,13333.3,4.7684,normal,0.75,-0.46609718922698307,1,-0.0010000000000000009,0.7,-0.5170562533633609,2,0.011
N15_M07_F10_KI05_7,KI05,artificial,inner_race,N15_M07_F10,1499.6,cepstrum,10666.7,13333.3,5.9236,normal,0.548,-0.08594145322779573,2,-0.0010000000000000009,0.348,0.2989715015710152,1,-0.015
N15_M07_F10_KI05_8,KI05,artificial,inner_race,N15_M07_F10,1499.52,cepstrum,10666.7,13333.3,5.1752,normal,0.672,-0.2313329616353118,2,0.0,0.852,-0.7913711054887118,1,-0.015
N15_M07_F10_KI05_9,KI05,artificial,inner_race,N15_M07_F10,1499.63,cepstrum,10666.7,13333.3,4.3362,normal,0.486,0.1367153385733893,1,-0.0019999999999999983,0.604,-0.29412516837236613,2,-0.014
N15_M07_F10_KI07_1,KI07,artificial,inner_race,N15_M07_F10,1499.27,cepstrum,12000.0,14000.0,5.9518,normal,0.494,0.2869589583844922,1,-0.0010000000000000009,0.802,-0.7516828422565256,1,-0.006999999999999999
N15_M07_F10_KI07_10,KI07,artificial,inner_race,N15_M07_F10,1499.5,cepstrum,12000.0,14000.0,4.6944,normal,0.502,-0.030680018123746003,1,-0.0010000000000000009,0.818,-0.81507961265209,1,0.006999999999999999
N15_M07_F10_KI07_11,KI07,artificial,inner_race,N15_M07_F10,1499.55,cepstrum,12000.0,14000.0,5.6227,normal,0.692,-0.601718663966062,1,0.0,0.94,-1.5445315512747984,1,0.013000000000000001
N15_M07_F10_KI07_12,KI07,artificial,inner_race,N15_M07_F10,1499.69,cepstrum,10666.7,13333.3,5.0053,normal,0.8,-0.5636434043234549,1,-0.0010000000000000009,0.178,0.9720506200435968,0,0.016999999999999998
N15_M07_F10_KI07_13,KI07,artificial,inner_race,N15_M07_F10,1499.83,cepstrum,10666.7,13333.3,5.2135,normal,0.272,1.1903839124454925,2,0.0,0.29,0.9225350194125282,1,0.016000000000000004
N15_M07_F10_KI07_14,KI07,artificial,inner_race,N15_M07_F10,1499.32,cepstrum,10666.7,13333.3,4.8481,normal,0.342,0.5959754379240363,0,0.016000000000000004,0.434,0.21558806452341414,1,-0.015
N15_M07_F10_KI07_15,KI07,artificial,inner_race,N15_M07_F10,1499.74,cepstrum,12000.0,14000.0,6.1303,normal,0.296,1.5607083526601988,1,-0.0010000000000000009,0.506,-0.0016212570461893135,2,0.011
N15_M07_F10_KI07_16,KI07,artificial,inner_race,N15_M07_F10,1499.41,cepstrum,10666.7,13333.3,5.6661,normal,0.584,-0.13880534332971992,2,0.0010000000000000009,0.682,-0.5292119753099868,1,-0.008
N15_M07_F10_KI07_17,KI07,artificial,inner_race,N15_M07_F10,1499.56,cepstrum,10666.7,13333.3,4.928,normal,0.502,-0.05086123323308075,1,0.0,0.754,-0.6025865975454808,1,0.013000000000000001
N15_M07_F10_KI07_18,KI07,artificial,inner_race,N15_M07_F10,1499.74,cepstrum,10000.0,12000.0,5.6075,normal,0.294,0.4934689922676304,1,-0.0019999999999999983,0.852,-0.9369497214155456,1,-0.0019999999999999983
N15_M07_F10_KI07_19,KI07,artificial,inner_race,N15_M07_F10,1499.49,cepstrum,12000.0,14000.0,4.3403,normal,0.668,-0.2667449835226892,1,-0.0019999999999999983,0.55,-0.1261820662129409,0,0.016000000000000004
N15_M07_F10_KI07_2,KI07,artificial,inner_race,N15_M07_F10,1499.78,cepstrum,10666.7,13333.3,4.5609,normal,0.918,-0.8124025033860549,1,0.02,0.38,0.30412536530966444,1,-0.015
N15_M07_F10_KI07_20,KI07,artificial,inner_race,N15_M07_F10,1498.85,cepstrum,10666.7,13333.3,6.2472,normal,0.308,0.6907119273748299,1,0.0010000000000000009,0.926,-1.1724131936957707,1,0.013000000000000001
N15_M07_F10_KI07_3,KI07,artificial,inner_race,N15_M07_F10,1499.59,cepstrum,10666.7,13333.3,5.2244,normal,0.632,-0.20200597015879582,1,0.0,0.484,0.0950803985444195,0,0.016000000000000004
N15_M07_F10_KI07_4,KI07,artificial,inner_race,N15_M07_F10,1499.4,cepstrum,10666.7,13333.3,4.7807,normal,0.216,1.2777319070097555,2,0.0010000000000000009,0.124,1.2517623519340277,3,0.012
N15_M07_F10_KI07_5,KI07,artificial,inner_race,N15_M07_F10,1499.49,cepstrum,10666.7,13333.3,3.8802,normal,0.458,0.05039844757147681,1,0.0,0.27,1.1337716283623362,3,0.013000000000000001
N15_M07_F10_KI07_6,KI07,artificial,inner_race,N15_M07_F10,1499.62,cepstrum,12000.0,14000.0,4.813,normal,0.376,0.5241944816115841,1,0.016000000000000004,0.296,0.41409455878085627,2,0.012
N15_M07_F10_KI07_7,KI07,artificial,inner_race,N15_M07_F10,1499.41,cepstrum,12000.0,14000.0,4.1012,normal,0.232,1.085749357368766,1,0.016000000000000004,0.57,-0.15183376204319263,2,0.011
N15_M07_F10_KI07_8,KI07,artificial,inner_race,N15_M07_F10,1499.52,cepstrum,12000.0,14000.0,6.1984,normal,0.332,0.22323412684609995,1,-0.0010000000000000009,0.112,1.0112552346905281,2,0.012
N15_M07_F10_KI07_9,KI07,artificial,inner_race,N15_M07_F10,1499.54,cepstrum,10666.7,13333.3,4.1828,normal,0.678,-0.42202605863524834,1,-0.0010000000000000009,0.386,0.3114994355223678,0,-0.01
N15_M07_F10_KI08_1,KI08,artificial,inner_race,N15_M07_F10,1500.1,cepstrum,10666.7,13333.3,5.7373,normal,0.632,-0.12825086980800096,0,0.0,0.948,-1.3272056411163067,1,-0.014
N15_M07_F10_KI08_10,KI08,artificial,inner_race,N15_M07_F10,1499.79,cepstrum,12000.0,14000.0,4.7916,normal,0.246,0.6369937235366032,1,0.0,0.332,0.43713689131813827,3,0.012
N15_M07_F10_KI08_11,KI08,artificial,inner_race,N15_M07_F10,1499.64,cepstrum,10666.7,13333.3,4.9649,normal,0.498,0.10253487410048419,0,0.016000000000000004,0.526,-0.07530992195268442,1,0.014000000000000002
N15_M07_F10_KI08_12,KI08,artificial,inner_race,N15_M07_F10,1499.45,cepstrum,10666.7,13333.3,6.6579,normal,0.878,-0.8675761630464603,2,0.0010000000000000009,0.436,0.11592927008976876,4,0.012
N15_M07_F10_KI08_13,KI08,artificial,inner_race,N15_M07_F10,1499.48,cepstrum,10666.7,13333.3,6.1505,normal,0.5,0.014949888011326634,1,0.0010000000000000009,0.672,-0.39188092435554894,1,0.008
N15_M07_F10_KI08_14,KI08,artificial,inner_race,N15_M07_F10,1499.43,cepstrum,10666.7,13333.3,6.3028,normal,0.522,-0.08971223940124097,1,0.0,0.548,-0.08966785298494594,1,0.0
N15_M07_F10_KI08_15,KI08,artificial,inner_race,N15_M07_F10,1499.47,cepstrum,10666.7,13333.3,4.3405,normal,0.9,-0.7509204406002765,1,-0.0010000000000000009,0.088,1.549553663704067,3,0.012
N15_M07_F10_KI08_16,KI08,artificial,inner_race,N15_M07_F10,1499.48,cepstrum,10666.7,13333.3,5.3636,normal,0.846,-0.8510279434699743,0,-0.017,0.368,0.4695419307028613,2,0.012
N15_M07_F10_KI08_17,KI08,artificial,inner_race,N15_M07_F10,1499.71,cepstrum,10666.7,13333.3,4.2052,normal,0.604,-0.3072019698235281,1,0.0,0.088,1.6504331335838953,1,-0.014
N15_M07_F10_KI08_18,KI08,artificial,inner_race,N15_M07_F10,1499.9,cepstrum,12000.0,14000.0,4.392,normal,0.708,-0.4419924779462547,0,-0.017,0.632,-0.2681947011042794,2,0.012
N15_M07_F10_KI08_19,KI08,artificial,inner_race,N15_M07_F10,1499.61,cepstrum,10666.7,13333.3,4.9984,normal,0.546,-0.07964790831641543,1,-0.0010000000000000009,0.036,2.873230749516753,4,0.012
N15_M07_F10_KI08_2,KI08,artificial,inner_race,N15_M07_F10,1499.79,cepstrum,10666.7,13333.3,4.1091,normal,0.532,-0.16394714822449888,1,-0.0010000000000000009,0.058,1.2687626315861193,3,0.012
N15_M07_F10_KI08_20,KI08,artificial,inner_race,N15_M07_F10,1499.54,cepstrum,10666.7,13333.3,5.4142,normal,0.818,-0.5650156552052602,2,0.0,0.888,-1.3292279285925392,2,0.011
N15_M07_F10_KI08_3,KI08,artificial,inner_race,N15_M07_F10,1499.52,cepstrum,10666.7,13333.3,4.3506,normal,0.876,-0.8100360272261969,1,-0.0010000000000000009,0.346,0.43271164604788637,1,0.015000000000000003
N15_M07_F10_KI08_4,KI08,artificial,inner_race,N15_M07_F10,1499.6,cepstrum,10000.0,12000.0,5.034,normal,0.492,0.04645099667108195,1,-0.0010000000000000009,0.502,-0.003780551916577756,3,0.012
N15_M07_F10_KI08_5,KI08,artificial,inner_race,N15_M07_F10,1499.67,cepstrum,10666.7,13333.3,3.7874,normal,0.284,1.0841369111205408,1,-0.0010000000000000009,0.288,0.6506009249841075,4,0.011
N15_M07_F10_KI08_6,KI08,artificial,inner_race,N15_M07_F10,1499.69,cepstrum,10666.7,13333.3,6.4153,normal,0.792,-0.6446273371841915,0,-0.018000000000000002,0.08,1.789863160818073,3,0.012
N15_M07_F10_KI08_7,KI08,artificial,inner_race,N15_M07_F10,1499.49,cepstrum,10666.7,13333.3,5.6455,normal,0.708,-0.7411494176109805,1,0.0,0.21,1.5156502406321306,2,0.012
N15_M07_F10_KI08_8,KI08,artificial,inner_race,N15_M07_F10,1499.67,cepstrum,10666.7,13333.3,3.8389,normal,0.458,0.15821188291429425,1,-0.0010000000000000009,0.032,2.4173428676095727,3,0.011
N15_M07_F10_KI08_9,KI08,artificial,inner_race,N15_M07_F10,1499.46,cepstrum,10666.7,13333.3,5.5906,normal,0.848,-0.6878472680151416,1,0.0,0.686,-0.49913559100194127,1,0.0
N15_M07_F10_KI14_1,KI14,real,inner_race,N15_M07_F10,1499.4,cepstrum,12000.0,14000.0,3.3925,normal,0.746,-0.37555871618288256,0,0.013000000000000001,0.906,-1.1530545908690621,1,-0.018000000000000002
N15_M07_F10_KI14_10,KI14,real,inner_race,N15_M07_F10,1499.54,cepstrum,12000.0,14000.0,3.3392,normal,0.744,-0.4679143831567046,0,0.013000000000000001,0.926,-1.049964999898942,0,0.02
N15_M07_F10_KI14_11,KI14,real,inner_race,N15_M07_F10,1499.68,cepstrum,12000.0,14000.0,3.1615,normal,0.85,-0.4748875483362169,0,0.016000000000000004,0.686,-0.4650958048680448,1,-0.016
N15_M07_F10_KI14_12,KI14,real,inner_race,N15_M07_F10,1499.66,cepstrum,12000.0,14000.0,3.5104,normal,0.872,-0.8216029851907666,1,0.015000000000000003,0.922,-1.107036702103568,1,-0.0019999999999999983
N15_M07_F10_KI14_13,KI14,real,inner_race,N15_M07_F10,1499.45,cepstrum,12000.0,14000.0,2.5741,normal,0.952,-1.5926214462875172,0,0.015000000000000003,0.848,-0.7820164941006301,0,-0.01
N15_M07_F10_KI14_14,KI14,real,inner_race,N15_M07_F10,1499.54,cepstrum,12000.0,14000.0,3.0483,normal,0.546,-0.17729480966453415,0,0.015000000000000003,0.804,-0.5899744969865436,2,-0.016
N15_M07_F10_KI14_15,KI14,real,inner_race,N15_M07_F10,1499.48,cepstrum,12000.0,14000.0,3.1266,normal,0.67,-0.5633068773636035,0,-0.0019999999999999983,0.822,-0.9221413251402379,0,0.015000000000000003
N15_M07_F10_KI14_16,KI14,real,inner_race,N15_M07_F10,1499.69,cepstrum,12000.0,14000.0,2.5947,normal,0.786,-0.4831151710253069,0,-0.02,0.332,0.584486628130612,0,0.006000000000000002
N15_M07_F10_KI14_17,KI14,real,inner_race,N15_M07_F10,1499.48,cepstrum,12000.0,14000.0,3.0751,normal,0.696,-0.26667081253268565,0,0.02,0.932,-0.9455990361456954,0,0.02
N15_M07_F10_KI14_18,KI14,real,inner_race,N15_M07_F10,1499.6,cepstrum,12000.0,14000.0,2.6563,normal,0.518,-0.034773293330793965,0,0.015000000000000003,0.296,0.5758338969971207,2,-0.016
N15_M07_F10_KI14_19,KI14,real,inner_race,N15_M07_F10,1499.66,cepstrum,12000.0,14000.0,3.1665,normal,0.916,-1.0151757459880133,0,0.016000000000000004,0.246,1.0284599229924811,1,-0.009000000000000001
N15_M07_F10_KI14_2,KI14,real,inner_race,N15_M07_F10,1499.6,cepstrum,12000.0,14000.0,2.9698,normal,0.842,-0.7018267162323828,0,0.012,0.59,-0.17585158664894301,1,-0.006999999999999999
N15_M07_F10_KI14_20,KI14,real,inner_race,N15_M07_F10,1499.54,cepstrum,12000.0,14000.0,2.6887,normal,0.636,-0.3800562969684512,0,-0.019,0.682,-0.545608195483669,0,0.006000000000000002
N15_M07_F10_KI14_3,KI14,real,inner_race,N15_M07_F10,1499.6,cepstrum,12000.0,14000.0,3.3173,normal,0.988,-1.255659453990225,0,0.02,0.83,-0.767652258579287,1,-0.008
N15_M07_F10_KI14_4,KI14,real,inner_race,N15_M07_F10,1499.73,cepstrum,12000.0,14000.0,3.0534,normal,0.716,-0.5548365919624059,0,0.02,0.784,-0.6365501091131045,1,-0.016
N15_M07_F10_KI14_5,KI14,real,inner_race,N15_M07_F10,1499.76,cepstrum,12000.0,14000.0,3.5474,normal,0.944,-0.9577557210472035,0,0.015000000000000003,0.914,-0.9883930636312519,1,-0.012
N15_M07_F10_KI14_6,KI14,real,inner_race,N15_M07_F10,1499.75,cepstrum,12000.0,14000.0,2.9414,normal,0.634,-0.12098462902362707,0,0.009999999999999998,0.706,-0.48701238503007827,0,-0.01
N15_M07_F10_KI14_7,KI14,real,inner_race,N15_M07_F10,1499.66,cepstrum,12000.0,14000.0,3.3677,normal,0.83,-0.8247696161301769,1,0.012,0.586,-0.2057823298437509,1,-0.016
N15_M07_F10_KI14_8,KI14,real,inner_race,N15_M07_F10,1499.45,cepstrum,12000.0,14000.0,3.125,normal,0.7,-0.8332069715987168,0,0.018,0.602,-0.31555140025960177,1,-0.008
N15_M07_F10_KI14_9,KI14,real,inner_race,N15_M07_F10,1499.54,cepstrum,12000.0,14000.0,3.6793,normal,0.768,-0.6900833429486147,0,0.0,0.65,-0.3034463564422313,1,-0.016
N15_M07_F10_KI16_1,KI16,real,inner_race,N15_M07_F10,1499.53,cepstrum,0.0,2000.0,3.8579,normal,0.516,-0.015968690207081707,0,-0.017,0.002,3.3436115970113955,0,0.0019999999999999983
N15_M07_F10_KI16_10,KI16,real,inner_race,N15_M07_F10,1499.31,cepstrum,0.0,2000.0,4.1834,normal,0.182,1.1120649825090327,0,0.014000000000000002,0.002,6.894572569382795,0,0.0019999999999999983
N15_M07_F10_KI16_11,KI16,real,inner_race,N15_M07_F10,1499.55,cepstrum,0.0,2000.0,4.1373,normal,0.778,-0.6427168896024031,0,0.009000000000000001,0.012,2.332010372290456,0,0.0010000000000000009
N15_M07_F10_KI16_12,KI16,real,inner_race,N15_M07_F10,1499.91,cepstrum,0.0,2000.0,4.1979,normal,0.98,-1.5199064072195347,0,0.012,0.002,4.195928285928375,0,0.0010000000000000009
N15_M07_F10_KI16_13,KI16,real,inner_race,N15_M07_F10,1499.83,cepstrum,0.0,2000.0,3.6103,normal,0.504,-0.0023460612312334404,0,-0.02,0.002,3.4445868911689326,0,0.0019999999999999983
N15_M07_F10_KI16_14,KI16,real,inner_race,N15_M07_F10,1499.79,cepstrum,0.0,2000.0,3.874,inner_race,0.608,-0.37426099865956225,0,-0.004,0.002,4.584913841456019,17,0.0019999999999999983
N15_M07_F10_KI16_15,KI16,real,inner_race,N15_M07_F10,1499.84,cepstrum,0.0,2000.0,4.4691,inner_race,0.302,0.5246729868473702,0,-0.018000000000000002,0.002,4.667993563925862,13,0.0010000000000000009
N15_M07_F10_KI16_16,KI16,real,inner_race,N15_M07_F10,1499.5,cepstrum,0.0,2000.0,3.7774,normal,0.002,4.86200337709656,0,-0.009000000000000001,0.026,2.034951793446855,0,0.018
N15_M07_F10_KI16_17,KI16,real,inner_race,N15_M07_F10,1499.72,cepstrum,0.0,2000.0,3.7154,normal,0.664,-0.48547695551612374,0,0.0,0.14,1.7454879358248658,0,0.0010000000000000009
N15_M07_F10_KI16_18,KI16,real,inner_race,N15_M07_F10,1499.41,cepstrum,0.0,2000.0,4.3555,inner_race,0.058,1.3502603546657796,0,-0.015,0.002,3.022346610025414,7,0.0019999999999999983
N15_M07_F10_KI16_19,KI16,real,inner_race,N15_M07_F10,1499.14,cepstrum,0.0,2000.0,4.503,normal,0.792,-0.661971586422507,0,-0.018000000000000002,0.976,-1.512425045132549,0,-0.016
N15_M07_F10_KI16_2,KI16,real,inner_race,N15_M07_F10,1500.08,cepstrum,0.0,2000.0,3.5885,inner_race,0.434,0.10231567744465982,0,-0.0010000000000000009,0.002,6.921039192556681,9,0.0019999999999999983
N15_M07_F10_KI16_20,KI16,real,inner_race,N15_M07_F10,1499.64,cepstrum,0.0,2000.0,4.8085,normal,0.104,1.9824910710371604,0,-0.014,0.002,3.8158968669795303,0,0.0019999999999999983
N15_M07_F10_KI16_3,KI16,real,inner_race,N15_M07_F10,1499.32,cepstrum,0.0,2000.0,4.6615,normal,0.98,-2.5507925310371906,0,-0.012,0.002,7.227875097464394,0,0.0019999999999999983
N15_M07_F10_KI16_4,KI16,real,inner_race,N15_M07_F10,1499.5,cepstrum,0.0,2000.0,3.9324,normal,0.546,-0.15555872772420434,0,0.0019999999999999983,0.082,1.3914504363201925,0,0.0019999999999999983
N15_M07_F10_KI16_5,KI16,real,inner_race,N15_M07_F10,1499.7,cepstrum,0.0,2000.0,4.0732,inner_race,0.748,-0.6848510834158117,0,-0.017,0.002,4.82899026124319,5,0.0019999999999999983
N15_M07_F10_KI16_6,KI16,real,inner_race,N15_M07_F10,1499.47,cepstrum,8000.0,10666.7,3.9842,inner_race,0.002,4.467069851309855,0,-0.02,0.002,2.920994542491784,8,0.0019999999999999983
N15_M07_F10_KI16_7,KI16,real,inner_race,N15_M07_F10,1499.84,cepstrum,0.0,2000.0,3.757,normal,1.0,-1.7426187880742678,0,0.019,0.124,1.1196775956920322,0,0.002999999999999999
N15_M07_F10_KI16_8,KI16,real,inner_race,N15_M07_F10,1499.29,cepstrum,0.0,2000.0,4.4614,normal,0.002,5.843408477361519,0,-0.02,0.002,2.7928821088494153,0,0.0019999999999999983
N15_M07_F10_KI16_9,KI16,real,inner_race,N15_M07_F10,1499.61,cepstrum,0.0,2000.0,3.8721,normal,0.628,-0.5293658656376325,0,-0.017,0.002,5.267463419776386,0,0.0010000000000000009
N15_M07_F10_KI17_1,KI17,real,inner_race,N15_M07_F10,1499.33,cepstrum,8000.0,10666.7,58.381,normal,0.534,-0.014031597942047305,0,-0.012,0.718,-0.39861078247687676,0,-0.01
N15_M07_F10_KI17_10,KI17,real,inner_race,N15_M07_F10,1499.62,cepstrum,10000.0,12000.0,11.4397,normal,0.834,-0.8991112750878167,0,0.014000000000000002,0.122,1.2692096951470155,0,-0.004
N15_M07_F10_KI17_11,KI17,real,inner_race,N15_M07_F10,1499.55,cepstrum,10000.0,12000.0,3.8119,normal,0.994,-1.5089632930323666,0,-0.015,0.15,1.5551639685320713,0,-0.002999999999999999
N15_M07_F10_KI17_12,KI17,real,inner_race,N15_M07_F10,1499.52,cepstrum,10666.7,13333.3,4.2357,normal,0.494,0.0780682593088547,0,-0.02,0.516,-0.03891356805054788,1,-0.01
N15_M07_F10_KI17_13,KI17,real,inner_race,N15_M07_F10,1499.66,cepstrum,12000.0,14000.0,3.814,normal,0.71,-1.0088110422989967,0,0.013000000000000001,0.832,-0.7315784235849889,1,0.005000000000000001
N15_M07_F10_KI17_14,KI17,real,inner_race,N15_M07_F10,1500.59,cepstrum,10666.7,13333.3,3.671,normal,0.642,-0.43029593564807245,0,0.018,0.244,1.1405672784551666,1,-0.004
N15_M07_F10_KI17_15,KI17,real,inner_race,N15_M07_F10,1499.44,cepstrum,10000.0,12000.0,6.0944,normal,0.836,-0.6714179482303382,0,0.019,0.17,1.4044516692557454,0,-0.002999999999999999
N15_M07_F10_KI17_16,KI17,real,inner_race,N15_M07_F10,1499.89,cepstrum,10000.0,12000.0,4.2322,normal,0.496,0.12377074677390966,0,-0.015,0.002,2.9703323686982785,0,-0.004
N15_M07_F10_KI17_17,KI17,real,inner_race,N15_M07_F10,1499.57,cepstrum,12000.0,14000.0,3.6993,normal,0.42,0.16784583245174364,0,0.015000000000000003,0.624,-0.22821348958901644,0,0.011
N15_M07_F10_KI17_18,KI17,real,inner_race,N15_M07_F10,1499.65,cepstrum,12000.0,14000.0,3.2843,normal,0.806,-0.7669941738284693,0,0.015000000000000003,0.9,-1.0196099382479935,0,0.009999999999999998
N15_M07_F10_KI17_19,KI17,real,inner_race,N15_M07_F10,1499.49,cepstrum,12000.0,14000.0,4.0293,normal,0.662,-0.501289232294714,0,-0.017,0.466,0.054723793568051016,1,0.005000000000000001
N15_M07_F10_KI17_2,KI17,real,inner_race,N15_M07_F10,1499.58,cepstrum,10000.0,12000.0,11.2149,normal,0.826,-0.4257324523238486,0,0.0010000000000000009,0.732,-0.553028805768564,0,0.006000000000000002
N15_M07_F10_KI17_20,KI17,real,inner_race,N15_M07_F10,1499.51,cepstrum,10666.7,13333.3,3.8401,normal,0.452,0.1169638914683191,0,0.016000000000000004,0.562,-0.23316812222985506,0,-0.004
N15_M07_F10_KI17_3,KI17,real,inner_race,N15_M07_F10,1500.59,cepstrum,10000.0,12000.0,21.4495,normal,0.214,0.8134597494368407,0,0.012,0.376,0.30628538603583283,0,-0.019
N15_M07_F10_KI17_4,KI17,real,inner_race,N15_M07_F10,1499.53,cepstrum,10000.0,12000.0,16.9798,normal,0.242,1.1653890481569855,0,-0.02,0.964,-1.6156730795645802,0,0.009000000000000001
N15_M07_F10_KI17_5,KI17,real,inner_race,N15_M07_F10,1499.51,cepstrum,10000.0,12000.0,11.5614,normal,0.82,-1.2463986048625524,0,-0.019,1.0,-1.591501185456716,0,-0.019
N15_M07_F10_KI17_6,KI17,real,inner_race,N15_M07_F10,1499.57,cepstrum,10000.0,12000.0,3.3994,normal,0.648,-0.3526450941486775,0,0.016000000000000004,0.034,3.5693494357888995,0,-0.004
N15_M07_F10_KI17_7,KI17,real,inner_race,N15_M07_F10,1499.69,cepstrum,12000.0,14000.0,3.6131,normal,0.842,-0.8207268532929227,0,-0.02,0.468,0.056246760583044265,1,-0.01
N15_M07_F10_KI17_8,KI17,real,inner_race,N15_M07_F10,1499.31,cepstrum,10000.0,12000.0,4.5356,normal,0.9,-0.8812633119946496,0,-0.012,0.834,-0.7989425332695332,0,-0.002999999999999999
N15_M07_F10_KI17_9,KI17,real,inner_race,N15_M07_F10,1499.54,cepstrum,12000.0,14000.0,3.8572,normal,0.532,-0.04211743039299859,0,0.018,0.502,-8.297158572509897e-05,1,-0.002999999999999999
N15_M07_F10_KI18_1,KI18,real,inner_race,N15_M07_F10,1499.74,cepstrum,8000.0,10666.7,6.5632,inner_race,0.052,2.1747341752470493,1,-0.015,0.006,3.4267152500839573,25,-0.002999999999999999
N15_M07_F10_KI18_10,KI18,real,inner_race,N15_M07_F10,1499.65,cepstrum,8000.0,10666.7,5.6854,inner_race,0.46,0.35544907726462494,1,-0.016,0.002,3.7313595690618673,25,-0.002999999999999999
N15_M07_F10_KI18_11,KI18,real,inner_race,N15_M07_F10,1499.58,cepstrum,8000.0,10666.7,6.0768,inner_race,0.04,2.469901696124882,1,-0.019,0.002,3.8620577845030204,25,-0.002999999999999999
N15_M07_F10_KI18_12,KI18,real,inner_race,N15_M07_F10,1499.56,cepstrum,8000.0,10666.7,6.2849,inner_race,0.128,2.1538176356259218,1,-0.017,0.002,5.221655898027185,25,-0.002999999999999999
N15_M07_F10_KI18_13,KI18,real,inner_race,N15_M07_F10,1499.64,cepstrum,8000.0,10666.7,5.6202,inner_race,0.232,1.2188293335857103,1,-0.015,0.002,3.8636339244927846,25,-0.002999999999999999
N15_M07_F10_KI18_14,KI18,real,inner_race,N15_M07_F10,1499.68,cepstrum,8000.0,10666.7,6.417,inner_race,0.146,1.6564283271552416,1,-0.015,0.002,4.098908952468798,25,-0.002999999999999999
N15_M07_F10_KI18_15,KI18,real,inner_race,N15_M07_F10,1499.56,cepstrum,8000.0,10666.7,6.0891,inner_race,0.05,2.3897188458172547,1,-0.019,0.002,4.600949244836252,25,-0.002999999999999999
N15_M07_F10_KI18_16,KI18,real,inner_race,N15_M07_F10,1499.62,cepstrum,8000.0,10666.7,5.761,inner_race,0.304,0.7995814349890904,1,-0.019,0.002,4.164716698341334,25,-0.002999999999999999
N15_M07_F10_KI18_17,KI18,real,inner_race,N15_M07_F10,1499.81,cepstrum,8000.0,10666.7,5.6428,inner_race,0.558,-0.1434929506819284,1,-0.018000000000000002,0.002,4.5313620570608055,25,-0.002999999999999999
N15_M07_F10_KI18_18,KI18,real,inner_race,N15_M07_F10,1499.41,cepstrum,8000.0,10666.7,5.9495,inner_race,0.05,2.8870568016142455,1,-0.019,0.002,4.747017572871768,23,-0.002999999999999999
N15_M07_F10_KI18_19,KI18,real,inner_race,N15_M07_F10,1499.72,cepstrum,8000.0,10666.7,6.1643,inner_race,0.162,2.1233376383732567,1,-0.015,0.002,4.21510630607969,25,-0.002999999999999999
N15_M07_F10_KI18_2,KI18,real,inner_race,N15_M07_F10,1499.33,cepstrum,8000.0,10666.7,6.7077,inner_race,0.262,1.1286716357771112,2,-0.016,0.002,2.943274442138311,25,-0.002999999999999999
N15_M07_F10_KI18_20,KI18,real,inner_race,N15_M07_F10,1499.58,cepstrum,8000.0,10666.7,5.6669,inner_race,0.316,0.8977500569462191,1,-0.019,0.002,5.127118763179759,25,-0.002999999999999999
N15_M07_F10_KI18_3,KI18,real,inner_race,N15_M07_F10,1499.43,cepstrum,8000.0,10666.7,6.5093,inner_race,0.698,-0.322213792324612,1,-0.015,0.002,3.7183840127687438,25,-0.002999999999999999
N15_M07_F10_KI18_4,KI18,real,inner_race,N15_M07_F10,1499.57,cepstrum,8000.0,10666.7,5.9701,inner_race,0.052,2.111397530433941,1,-0.017,0.002,4.262862977869648,25,-0.002999999999999999
N15_M07_F10_KI18_5,KI18,real,inner_race,N15_M07_F10,1499.42,cepstrum,8000.0,10666.7,6.3945,inner_race,0.164,1.578833089955236,1,-0.019,0.004,4.182079453917525,25,-0.002999999999999999
N15_M07_F10_KI18_6,KI18,real,inner_race,N15_M07_F10,1499.71,cepstrum,8000.0,10666.7,5.9146,inner_race,0.038,2.165229159992181,2,-0.017,0.002,3.3186879848804938,25,-0.002999999999999999
N15_M07_F10_KI18_7,KI18,real,inner_race,N15_M07_F10,1499.6,cepstrum,8000.0,10666.7,6.1108,inner_race,0.214,1.4722094777127108,2,-0.019,0.002,2.9638433988281956,23,-0.002999999999999999
N15_M07_F10_KI18_8,KI18,real,inner_race,N15_M07_F10,1499.64,cepstrum,8000.0,10666.7,6.8959,inner_race,0.052,2.478097360452862,2,-0.015,0.004,3.0152937935727637,25,-0.002999999999999999
N15_M07_F10_KI18_9,KI18,real,inner_race,N15_M07_F10,1499.23,cepstrum,8000.0,10666.7,5.5895,inner_race,0.278,0.7444695723657359,1,-0.018000000000000002,0.002,3.74739693350513,22,-0.002999999999999999
N15_M07_F10_KI21_1,KI21,real,inner_race,N15_M07_F10,1499.57,cepstrum,10666.7,13333.3,4.1485,normal,0.738,-0.5366980416887484,0,0.015000000000000003,0.592,-0.1846980678094128,1,-0.01
N15_M07_F10_KI21_10,KI21,real,inner_race,N15_M07_F10,1499.53,cepstrum,10666.7,13333.3,4.3959,normal,0.75,-0.24219340443083864,0,0.016000000000000004,0.782,-0.5822179069556448,1,-0.01
N15_M07_F10_KI21_11,KI21,real,inner_race,N15_M07_F10,1499.47,cepstrum,10666.7,13333.3,4.2811,normal,0.27,0.6943835928499155,0,0.016000000000000004,0.96,-0.999428413111033,2,-0.004
N15_M07_F10_KI21_12,KI21,real,inner_race,N15_M07_F10,1499.53,cepstrum,10666.7,13333.3,4.3858,normal,0.476,0.05691563768769247,0,0.015000000000000003,0.874,-0.9807678982623704,0,-0.012
N15_M07_F10_KI21_13,KI21,real,inner_race,N15_M07_F10,1499.52,cepstrum,10666.7,13333.3,4.0965,normal,0.804,-0.8909910426740304,0,-0.02,0.414,0.31494778865419587,1,0.015000000000000003
N15_M07_F10_KI21_14,KI21,real,inner_race,N15_M07_F10,1499.68,cepstrum,10666.7,13333.3,4.2126,normal,0.822,-0.9061477807261473,0,-0.014,0.37,0.5121933435141605,1,-0.01
N15_M07_F10_KI21_15,KI21,real,inner_race,N15_M07_F10,1499.56,cepstrum,10666.7,13333.3,4.2551,normal,0.486,0.07555997521735609,0,-0.014,0.512,-0.01592215214021786,1,-0.009000000000000001
N15_M07_F10_KI21_16,KI21,real,inner_race,N15_M07_F10,1499.63,cepstrum,10666.7,13333.3,4.7077,normal,0.378,0.17099751297950994,0,-0.0019999999999999983,0.568,-0.204977605588833,1,0.015000000000000003
N15_M07_F10_KI21_17,KI21,real,inner_race,N15_M07_F10,1499.6,cepstrum,10666.7,13333.3,4.5787,normal,0.618,-0.3204768166843799,0,-0.011,0.708,-0.4424836573815866,1,-0.016
N15_M07_F10_KI21_18,KI21,real,inner_race,N15_M07_F10,1499.43,cepstrum,10666.7,13333.3,4.1075,normal,0.458,0.05359918398814409,0,0.015000000000000003,0.51,-0.03625985993407078,1,-0.017
N15_M07_F10_KI21_19,KI21,real,inner_race,N15_M07_F10,1499.63,cepstrum,10666.7,13333.3,4.4083,normal,0.43,0.06311576005286855,0,-0.016,0.94,-1.045404431788523,0,0.009999999999999998
N15_M07_F10_KI21_2,KI21,real,inner_race,N15_M07_F10,1499.56,cepstrum,10666.7,13333.3,4.381,normal,0.486,0.23332293447731403,0,0.015000000000000003,0.468,0.10071582118518035,1,-0.01
N15_M07_F10_KI21_20,KI21,real,inner_race,N15_M07_F10,1499.59,cepstrum,10666.7,13333.3,4.5469,normal,0.344,0.6671166491058963,0,-0.011,0.806,-0.6792588093476234,0,0.019
N15_M07_F10_KI21_3,KI21,real,inner_race,N15_M07_F10,1499.63,cepstrum,10666.7,13333.3,4.9419,normal,0.56,-0.18838628780573863,1,0.016000000000000004,0.742,-0.9583424034154803,2,-0.01
N15_M07_F10_KI21_4,KI21,real,inner_race,N15_M07_F10,1499.57,cepstrum,10666.7,13333.3,4.7843,normal,0.58,-0.16076131425883952,0,0.016000000000000004,0.704,-0.38126104862914445,2,-0.01
N15_M07_F10_KI21_5,KI21,real,inner_race,N15_M07_F10,1499.6,cepstrum,10666.7,13333.3,4.289,normal,0.772,-0.5638273019221665,0,-0.0019999999999999983,0.778,-0.6391535083052207,1,-0.009000000000000001
N15_M07_F10_KI21_6,KI21,real,inner_race,N15_M07_F10,1499.53,cepstrum,10666.7,13333.3,3.7539,normal,0.698,-0.4330628009219295,0,0.0,0.442,0.1703501171916618,2,-0.016
N15_M07_F10_KI21_7,KI21,real,inner_race,N15_M07_F10,1499.66,cepstrum,10666.7,13333.3,4.439,normal,0.342,0.2939506598179114,1,0.015000000000000003,0.61,-0.2736633561919668,1,0.015000000000000003
N15_M07_F10_KI21_8,KI21,real,inner_race,N15_M07_F10,1499.5,cepstrum,10666.7,13333.3,4.8698,normal,0.434,0.10583326937873785,1,0.015000000000000003,0.282,0.9760071744596713,2,-0.017
N15_M07_F10_KI21_9,KI21,real,inner_race,N15_M07_F10,1499.53,cepstrum,10666.7,13333.3,4.0248,normal,0.758,-0.6843233118014466,1,0.015000000000000003,0.568,-0.1723072600795546,1,-0.01
N09_M07_F10_K001_1,K001,none,normal,N09_M07_F10,899.71,none,10000.0,12000.0,4.691,normal,0.772,-0.7327883579914899,0,-0.009000000000000001,0.1,1.218219256821619,2,0.012
N09_M07_F10_K001_10,K001,none,normal,N09_M07_F10,899.79,none,10666.7,13333.3,4.3778,normal,0.576,-0.1060960320389371,0,-0.018000000000000002,0.098,2.077070781018004,4,0.011
N09_M07_F10_K001_11,K001,none,normal,N09_M07_F10,899.79,none,10666.7,13333.3,4.4337,normal,0.338,0.27833996551295676,0,-0.016,0.1,1.2435765691476903,2,0.011
N09_M07_F10_K001_12,K001,none,normal,N09_M07_F10,899.8,none,5333.3,10666.7,4.4322,normal,0.69,-0.27467549941502967,0,-0.005000000000000001,0.176,2.459292128498749,8,0.011
N09_M07_F10_K001_13,K001,none,normal,N09_M07_F10,899.76,none,8000.0,12000.0,4.4375,normal,0.376,0.4734490674328276,0,-0.018000000000000002,0.174,1.643425039780515,5,0.012
N09_M07_F10_K001_14,K001,none,normal,N09_M07_F10,899.75,none,10666.7,13333.3,4.8647,normal,0.71,-0.2680259616826,0,-0.018000000000000002,0.16,0.9137882977997924,3,0.011
N09_M07_F10_K001_15,K001,none,normal,N09_M07_F10,899.77,none,5333.3,10666.7,4.5694,normal,0.836,-1.0258443201709189,0,-0.018000000000000002,0.088,2.69565445343796,4,0.012
N09_M07_F10_K001_16,K001,none,normal,N09_M07_F10,899.75,none,10666.7,13333.3,4.5439,normal,0.98,-2.6593410394177157,0,-0.006999999999999999,0.262,0.7924527646281899,3,0.012
N09_M07_F10_K001_17,K001,none,normal,N09_M07_F10,899.77,none,8000.0,12000.0,4.334,normal,0.846,-1.3319157858059376,0,-0.017,0.136,1.9189816707751302,4,0.012
N09_M07_F10_K001_18,K001,none,normal,N09_M07_F10,899.76,none,10666.7,13333.3,4.219,normal,0.844,-0.46177153152523376,0,-0.018000000000000002,0.108,1.7859675348548887,2,0.011
N09_M07_F10_K001_19,K001,none,normal,N09_M07_F10,899.67,none,10666.7,13333.3,4.6001,normal,0.648,-0.3258675227708122,0,-0.017,0.102,1.3836385382789733,2,0.012
N09_M07_F10_K001_2,K001,none,normal,N09_M07_F10,899.73,none,10000.0,12000.0,4.54,normal,0.576,-0.32057560566807247,0,-0.017,0.218,1.3052591677858072,2,0.012
N09_M07_F10_K001_20,K001,none,normal,N09_M07_F10,899.78,none,8000.0,10000.0,4.7235,normal,0.678,-0.5277876682659896,0,-0.017,0.18,1.392905474406751,3,0.011
N09_M07_F10_K001_3,K001,none,normal,N09_M07_F10,899.75,none,10666.7,13333.3,4.6853,normal,0.938,-1.0003764265316033,0,0.02,0.134,2.447290652044107,2,0.011
N09_M07_F10_K001_4,K001,none,normal,N09_M07_F10,899.75,none,8000.0,12000.0,4.7175,normal,0.62,-0.2616500301398445,0,-0.018000000000000002,0.13,1.4398536911108606,2,0.011
N09_M07_F10_K001_5,K001,none,normal,N09_M07_F10,899.71,none,12000.0,14000.0,4.8822,normal,0.864,-0.8940517491058664,0,0.012,0.112,1.9151798167479712,2,0.011
N09_M07_F10_K001_6,K001,none,normal,N09_M07_F10,899.73,none,10666.7,13333.3,4.7723,normal,0.956,-1.0941469321244757,0,0.004,0.23,1.0946338835188043,2,0.011
N09_M07_F10_K001_7,K001,none,normal,N09_M07_F10,899.73,none,0.0,2000.0,4.5607,normal,0.788,-1.291077094567331,0,0.016000000000000004,0.258,0.7925529049700069,2,0.011
N09_M07_F10_K001_8,K001,none,normal,N09_M07_F10,899.76,none,10000.0,12000.0,4.6714,normal,0.606,-0.3660701762187927,0,-0.018000000000000002,0.114,1.3520789698176148,2,0.012
N09_M07_F10_K001_9,K001,none,normal,N09_M07_F10,899.79,none,12000.0,14000.0,5.0185,normal,0.598,-0.3838673336689335,0,-0.02,0.16,1.7209228793212736,2,0.011
N09_M07_F10_K002_1,K002,none,normal,N09_M07_F10,899.63,none,10666.7,13333.3,11.7924,normal,0.972,-1.5640372192530594,0,-0.019,0.116,1.4531894727503984,3,0.012
N09_M07_F10_K002_10,K002,none,normal,N09_M07_F10,899.46,none,12000.0,14000.0,12.1757,normal,0.524,-0.03670701533268839,0,-0.019,0.628,-0.23600456859521465,2,0.011
N09_M07_F10_K002_11,K002,none,normal,N09_M07_F10,899.6,none,8000.0,12000.0,9.693,normal,0.828,-0.627185916448528,0,-0.02,0.2,0.7935458060773773,1,0.008
N09_M07_F10_K002_12,K002,none,normal,N09_M07_F10,899.78,none,13333.3,14666.7,10.1945,normal,0.792,-0.74647857189378,0,-0.02,0.592,-0.1707455723098332,3,0.011
N09_M07_F10_K002_13,K002,none,normal,N09_M07_F10,899.89,none,10666.7,13333.3,12.4016,normal,0.776,-1.0397188841021645,0,-0.018000000000000002,0.106,1.3411273575410045,3,0.011
N09_M07_F10_K002_14,K002,none,normal,N09_M07_F10,899.86,none,13000.0,14000.0,10.8002,inner_race,1.0,-2.9303427431485995,0,0.012,0.002,2.210321204077314,3,0.012
N09_M07_F10_K002_15,K002,none,normal,N09_M07_F10,899.81,none,10666.7,13333.3,11.0168,normal,0.844,-1.390983830974202,0,-0.018000000000000002,0.47,0.07587526561625905,3,0.011
N09_M07_F10_K002_16,K002,none,normal,N09_M07_F10,899.86,none,8000.0,12000.0,11.1991,normal,0.328,0.42546381194977834,0,-0.018000000000000002,0.298,0.623986477800839,3,0.011
N09_M07_F10_K002_17,K002,none,normal,N09_M07_F10,899.85,none,8000.0,12000.0,10.8716,normal,0.548,-0.07305790040222349,0,-0.018000000000000002,0.106,1.3155738979095575,4,0.011
N09_M07_F10_K002_18,K002,none,normal,N09_M07_F10,899.69,none,8000.0,10666.7,13.0934,normal,0.872,-1.0654920154288472,0,-0.018000000000000002,0.198,0.7331426932571637,3,0.013000000000000001
N09_M07_F10_K002_19,K002,none,normal,N09_M07_F10,899.54,none,8000.0,12000.0,9.896,normal,0.92,-1.2456226008384328,0,-0.012,0.228,0.8701678975629908,3,0.012
N09_M07_F10_K002_2,K002,none,normal,N09_M07_F10,899.8,none,10666.7,13333.3,12.554,normal,1.0,-2.3269589116684823,0,-0.015,0.454,0.1647208741913369,3,0.011
N09_M07_F10_K002_20,K002,none,normal,N09_M07_F10,899.83,none,12000.0,14000.0,12.9877,normal,1.0,-1.55500588236567,0,-0.015,0.37,0.2900679298736924,3,0.013000000000000001
N09_M07_F10_K002_3,K002,none,normal,N09_M07_F10,899.73,none,10666.7,13333.3,11.6181,normal,0.932,-1.8204935863121052,0,-0.02,0.052,1.5453616063967082,2,0.011
N09_M07_F10_K002_4,K002,none,normal,N09_M07_F10,899.64,none,12000.0,14000.0,10.0342,normal,1.0,-2.270214291527575,0,-0.015,0.508,-0.07170117143595528,3,0.012
N09_M07_F10_K002_5,K002,none,normal,N09_M07_F10,899.71,none,10666.7,13333.3,11.2652,normal,0.896,-1.7571315876862303,0,-0.018000000000000002,0.548,-0.16011032101363742,3,0.012
N09_M07_F10_K002_6,K002,none,normal,N09_M07_F10,899.66,none,10666.7,13333.3,15.5094,normal,0.7,-1.1495120357916042,0,-0.015,0.106,1.3767371334434086,3,0.013000000000000001
N09_M07_F10_K002_7,K002,none,normal,N09_M07_F10,900.07,none,10666.7,13333.3,11.2822,normal,0.762,-0.6179128583035821,0,-0.02,0.078,1.500798231357228,3,0.011
N09_M07_F10_K002_8,K002,none,normal,N09_M07_F10,899.4,none,12000.0,14000.0,9.4087,normal,1.0,-1.6496497666102228,0,0.011,0.132,1.3011929079284938,2,0.011
N09_M07_F10_K002_9,K002,none,normal,N09_M07_F10,899.67,none,8000.0,12000.0,11.8931,normal,0.962,-2.118243479090446,0,-0.02,0.572,-0.1903214348611982,3,0.012
N09_M07_F10_K003_1,K003,none,normal,N09_M07_F10,899.75,none,8000.0,10666.7,4.6569,normal,0.966,-1.4341196067491189,0,-0.0010000000000000009,0.23,1.5902910661005092,3,0.012
N09_M07_F10_K003_10,K003,none,normal,N09_M07_F10,899.75,none,4000.0,5333.3,4.6944,normal,0.78,-0.7245240294465756,0,-0.012,0.1,2.044572187639086,2,0.013000000000000001
N09_M07_F10_K003_11,K003,none,normal,N09_M07_F10,899.82,none,12000.0,13333.3,5.1299,normal,0.984,-1.6106911121152911,0,0.009000000000000001,0.146,1.534543978656006,2,0.011
N09_M07_F10_K003_12,K003,none,normal,N09_M07_F10,899.7,none,5333.3,10666.7,4.9867,normal,0.99,-1.3045172717803064,0,-0.018000000000000002,0.282,0.455980806120428,4,0.012
N09_M07_F10_K003_13,K003,none,normal,N09_M07_F10,899.75,none,5333.3,10666.7,4.8106,normal,0.724,-0.646680719409979,0,-0.015,0.182,1.5735412009027525,4,0.012
N09_M07_F10_K003_14,K003,none,normal,N09_M07_F10,899.76,none,12000.0,14000.0,5.6256,normal,0.984,-1.3324562831204505,0,0.02,0.292,0.3414017811160183,3,0.012
N09_M07_F10_K003_15,K003,none,normal,N09_M07_F10,899.75,none,5333.3,10666.7,5.1746,normal,0.638,-0.3215517464450394,0,-0.017,0.126,1.473969650589053,2,0.011
N09_M07_F10_K003_16,K003,none,normal,N09_M07_F10,899.76,none,10666.7,13333.3,4.6338,normal,0.464,0.03737925889533056,0,-0.018000000000000002,0.114,1.4002356205252509,2,0.011
N09_M07_F10_K003_17,K003,none,normal,N09_M07_F10,899.72,none,12000.0,14000.0,4.6175,normal,0.478,0.03449077613237235,0,-0.018000000000000002,0.23,0.9334810382658673,2,0.011
N09_M07_F10_K003_18,K003,none,normal,N09_M07_F10,899.75,none,8000.0,10666.7,5.1328,normal,0.76,-0.3661868530960533,0,-0.018000000000000002,0.184,1.5954309498028996,3,0.011
N09_M07_F10_K003_19,K003,none,normal,N09_M07_F10,899.75,none,12000.0,14000.0,4.9939,normal,0.886,-1.037505988054188,0,-0.018000000000000002,0.232,1.066828833856636,4,0.012
N09_M07_F10_K003_2,K003,none,normal,N09_M07_F10,899.82,none,12000.0,14000.0,4.8795,normal,0.868,-1.5274372281085924,0,-0.018000000000000002,0.104,1.9442967920812668,2,0.011
N09_M07_F10_K003_20,K003,none,normal,N09_M07_F10,899.76,none,5333.3,10666.7,5.3223,normal,0.524,-0.20411461656949123,0,-0.018000000000000002,0.224,1.2200152776386592,3,0.011
N09_M07_F10_K003_3,K003,none,normal,N09_M07_F10,899.76,none,10666.7,13333.3,5.0653,normal,0.908,-0.9716687816452039,0,-0.018000000000000002,0.158,1.228636496919911,3,0.011
N09_M07_F10_K003_4,K003,none,normal,N09_M07_F10,899.73,none,10666.7,13333.3,4.4303,normal,0.836,-0.7986185351214224,0,-0.018000000000000002,0.138,1.4865407577661693,3,0.012
N09_M07_F10_K003_5,K003,none,normal,N09_M07_F10,899.75,none,5333.3,10666.7,4.6566,normal,0.692,-0.27618891089774616,0,-0.018000000000000002,0.118,1.5824352440849518,4,0.011
N09_M07_F10_K003_6,K003,none,normal,N09_M07_F10,899.74,none,10000.0,12000.0,5.0295,normal,0.916,-1.585682891182674,0,-0.015,0.136,1.6269900757564806,3,0.012
N09_M07_F10_K003_7,K003,none,normal,N09_M07_F10,899.78,none,8000.0,12000.0,5.0189,normal,0.242,0.6016598929828456,0,-0.018000000000000002,0.136,1.4481322097750498,3,0.012
N09_M07_F10_K003_8,K003,none,normal,N09_M07_F10,899.72,none,5333.3,10666.7,4.6213,normal,0.456,0.09697318566911985,0,-0.018000000000000002,0.12,1.5700084125627336,3,0.011
N09_M07_F10_K003_9,K003,none,normal,N09_M07_F10,899.75,none,10000.0,12000.0,4.8121,normal,0.762,-1.0201612225287884,0,-0.018000000000000002,0.146,1.37981204834008,2,0.011
N09_M07_F10_K004_1,K004,none,normal,N09_M07_F10,899.68,none,12000.0,14000.0,4.2782,normal,0.272,0.6229615099151676,0,-0.019,0.22,0.9894573130788522,2,0.009999999999999998
N09_M07_F10_K004_10,K004,none,normal,N09_M07_F10,899.76,none,10666.7,13333.3,4.7116,normal,0.478,0.07257459850383084,0,-0.019,0.118,2.1326945709422467,4,0.009999999999999998
N09_M07_F10_K004_11,K004,none,normal,N09_M07_F10,899.72,none,14000.0,15000.0,4.925,normal,0.468,0.08278863048730822,0,-0.019,0.184,1.7712254374582899,2,0.009999999999999998
N09_M07_F10_K004_12,K004,none,normal,N09_M07_F10,899.79,none,10666.7,13333.3,4.7698,normal,0.278,0.7739922116518629,1,-0.017,0.098,2.947191170957834,4,0.011
N09_M07_F10_K004_13,K004,none,normal,N09_M07_F10,899.75,none,12000.0,14000.0,4.643,normal,0.524,-0.06828077231531769,0,-0.019,0.144,0.7621220580513111,3,0.009999999999999998
N09_M07_F10_K004_14,K004,none,normal,N09_M07_F10,899.8,none,10666.7,13333.3,4.716,normal,0.262,1.0155980955089545,0,-0.017,0.106,2.6226168065279745,5,0.011
N09_M07_F10_K004_15,K004,none,normal,N09_M07_F10,899.65,none,10666.7,13333.3,4.6819,normal,0.12,2.3697065050970494,1,-0.019,0.1,1.7751220421384537,5,0.009999999999999998
N09_M07_F10_K004_16,K004,none,normal,N09_M07_F10,899.75,none,10666.7,13333.3,5.2605,normal,0.262,0.6630983927792701,0,-0.019,0.118,1.8023487102431524,3,0.011
N09_M07_F10_K004_17,K004,none,normal,N09_M07_F10,899.77,none,12000.0,13000.0,4.9513,normal,0.192,1.7428157101183643,0,-0.019,0.176,1.2286703375142314,2,0.011
N09_M07_F10_K004_18,K004,none,normal,N09_M07_F10,899.71,none,10666.7,13333.3,4.8792,normal,0.152,1.9257160036182515,1,-0.017,0.09,1.7284554278437243,4,0.011
N09_M07_F10_K004_19,K004,none,normal,N09_M07_F10,899.76,none,12000.0,14000.0,4.9125,normal,0.308,0.4764024640108694,1,-0.019,0.098,1.9622712133438478,4,0.011
N09_M07_F10_K004_2,K004,none,normal,N09_M07_F10,899.7,none,10666.7,13333.3,4.8789,normal,0.118,1.5474440265242588,2,-0.019,0.098,3.0685476921052537,6,0.009999999999999998
N09_M07_F10_K004_20,K004,none,normal,N09_M07_F10,899.77,none,12000.0,14000.0,4.8314,normal,0.452,0.28643210387056095,0,-0.019,0.112,1.4706491430456898,4,0.009999999999999998
N09_M07_F10_K004_3,K004,none,normal,N09_M07_F10,899.72,none,8000.0,9000.0,4.7959,normal,0.312,0.48251711911367046,0,-0.017,0.098,1.3428724598885116,2,0.009999999999999998
N09_M07_F10_K004_4,K004,none,normal,N09_M07_F10,899.74,none,10666.7,13333.3,4.3069,normal,0.264,0.7858511640711084,0,-0.019,0.098,2.6042289215650944,4,0.011
N09_M07_F10_K004_5,K004,none,normal,N09_M07_F10,899.71,none,10666.7,13333.3,4.2822,normal,0.366,0.9293965553230739,0,-0.018000000000000002,0.13,1.5926275278553026,2,0.009999999999999998
N09_M07_F10_K004_6,K004,none,normal,N09_M07_F10,899.73,none,10666.7,13333.3,4.7193,normal,0.256,0.5964385824276788,1,-0.019,0.11,2.0786609341372126,5,0.011
N09_M07_F10_K004_7,K004,none,normal,N09_M07_F10,899.78,none,10666.7,13333.3,4.2611,normal,0.22,1.1499022357466289,1,-0.019,0.146,1.9639983047691518,4,0.009999999999999998
N09_M07_F10_K004_8,K004,none,normal,N09_M07_F10,899.7,none,12000.0,14000.0,5.5795,normal,0.356,0.5180138861974227,0,-0.019,0.126,1.2307011542944102,3,0.011
N09_M07_F10_K004_9,K004,none,normal,N09_M07_F10,899.72,none,10666.7,13333.3,4.9682,normal,0.144,1.1298839281008441,0,-0.016,0.196,2.5654372875845053,5,0.011
N09_M07_F10_K005_1,K005,none,normal,N09_M07_F10,899.78,none,13333.3,14666.7,3.9542,normal,0.522,-0.009667726223810017,0,-0.018000000000000002,0.118,1.16481840769849,3,0.011
N09_M07_F10_K005_10,K005,none,normal,N09_M07_F10,899.76,none,12000.0,14000.0,4.1253,normal,0.374,0.6118056986398145,0,-0.016,0.202,1.4789073176131347,3,0.012
N09_M07_F10_K005_11,K005,none,normal,N09_M07_F10,899.66,none,12000.0,14000.0,3.8541,normal,0.362,0.4555567692414068,0,-0.017,0.13,2.7608455554263163,4,0.011
N09_M07_F10_K005_12,K005,none,normal,N09_M07_F10,899.68,none,10666.7,13333.3,4.5691,normal,0.476,0.015798274388776026,0,-0.017,0.12,1.7311351619303124,3,0.011
N09_M07_F10_K005_13,K005,none,normal,N09_M07_F10,899.77,none,12000.0,13333.3,3.8303,normal,0.748,-0.805325488751153,0,-0.018000000000000002,0.242,1.1929382126929189,3,0.011
N09_M07_F10_K005_14,K005,none,normal,N09_M07_F10,899.83,none,12000.0,14000.0,4.8095,normal,0.384,0.5488782995157646,0,-0.018000000000000002,0.098,1.8663884443099705,3,0.011
N09_M07_F10_K005_15,K005,none,normal,N09_M07_F10,899.77,none,12000.0,14000.0,4.893,normal,0.212,1.1114583770451432,0,-0.017,0.116,2.5395402771936713,4,0.012
N09_M07_F10_K005_16,K005,none,normal,N09_M07_F10,899.72,none,10666.7,13333.3,4.5827,normal,0.122,1.5395054434053677,0,-0.018000000000000002,0.104,1.9759494663574029,3,0.012
N09_M07_F10_K005_17,K005,none,normal,N09_M07_F10,899.81,none,10666.7,13333.3,4.4017,normal,0.454,0.2694684435912893,0,-0.018000000000000002,0.17,1.9062046298127104,2,0.009999999999999998
N09_M07_F10_K005_18,K005,none,normal,N09_M07_F10,899.78,none,10666.7,13333.3,4.3224,normal,0.34,0.49394181227982153,0,-0.019,0.098,1.4499658685796775,4,0.011
N09_M07_F10_K005_19,K005,none,normal,N09_M07_F10,899.7,none,10666.7,13333.3,4.6794,normal,0.262,1.0089733022711196,1,-0.018000000000000002,0.154,2.5329263415314154,6,0.012
N09_M07_F10_K005_2,K005,none,normal,N09_M07_F10,899.66,none,13000.0,14000.0,4.1649,normal,0.91,-1.305755857938718,0,-0.012,0.16,1.0563295851685095,3,0.011
N09_M07_F10_K005_20,K005,none,normal,N09_M07_F10,899.71,none,10666.7,13333.3,3.9621,normal,0.46,0.40187756196860674,0,-0.018000000000000002,0.1,1.1391991099370187,4,0.011
N09_M07_F10_K005_3,K005,none,normal,N09_M07_F10,899.71,none,10666.7,13333.3,4.4386,normal,0.148,0.9392562756357888,0,-0.018000000000000002,0.204,1.7990590426937487,4,0.011
N09_M07_F10_K005_4,K005,none,normal,N09_M07_F10,899.72,none,12000.0,14000.0,4.2083,normal,0.276,0.61432479636129,1,-0.018000000000000002,0.08,1.8342835909782784,4,0.011
N09_M07_F10_K005_5,K005,none,normal,N09_M07_F10,899.78,none,10666.7,13333.3,4.0571,normal,0.382,0.40847276506759866,1,-0.018000000000000002,0.312,1.1433491150408583,5,0.011
N09_M07_F10_K005_6,K005,none,normal,N09_M07_F10,899.75,none,10666.7,13333.3,4.4666,normal,0.48,0.26253709917188295,0,-0.018000000000000002,0.098,2.3990052760835847,4,0.011
N09_M07_F10_K005_7,K005,none,normal,N09_M07_F10,899.7,none,10666.7,13333.3,4.377,normal,0.43,0.27413015303614974,0,-0.018000000000000002,0.214,1.450544198773003,3,0.011
N09_M07_F10_K005_8,K005,none,normal,N09_M07_F10,899.75,none,12000.0,14000.0,2.0698,normal,0.664,-0.33134279780795267,0,-0.015,0.166,1.5821786333542143,3,0.011
N09_M07_F10_K005_9,K005,none,normal,N09_M07_F10,899.69,none,13333.3,14666.7,4.3976,normal,0.212,1.0364498507239617,0,-0.016,0.13,2.5424358145970745,3,0.012
N09_M07_F10_K006_1,K006,none,normal,N09_M07_F10,899.36,none,0.0,1000.0,4.6912,normal,0.884,-1.1123219930047912,0,0.006000000000000002,0.438,0.20326551564378265,1,0.011
N09_M07_F10_K006_10,K006,none,normal,N09_M07_F10,899.76,none,8000.0,12000.0,3.4008,normal,0.434,0.2224597999811107,0,-0.019,0.09,1.4860757225688148,3,0.011
N09_M07_F10_K006_11,K006,none,normal,N09_M07_F10,899.77,none,10666.7,13333.3,3.1972,normal,0.682,-0.7664056344795663,0,-0.02,0.098,1.1873393504646463,3,0.011
N09_M07_F10_K006_12,K006,none,normal,N09_M07_F10,899.73,none,13333.3,14666.7,3.6651,normal,1.0,-1.985693588994742,0,-0.004,0.126,1.7089044331347072,2,0.011
N09_M07_F10_K006_13,K006,none,normal,N09_M07_F10,899.72,none,12000.0,13000.0,3.9797,normal,0.798,-0.41188753134229944,0,-0.019,0.124,1.2263274276337988,2,0.011
N09_M07_F10_K006_14,K006,none,normal,N09_M07_F10,899.65,none,1333.3,2666.7,4.743,normal,1.0,-2.292915829821502,0,-0.017,0.192,1.0086059955906324,3,0.012
N09_M07_F10_K006_15,K006,none,normal,N09_M07_F10,899.73,none,13000.0,14000.0,4.8511,normal,1.0,-2.000218491101283,0,0.006000000000000002,0.21,0.7863332619927682,2,0.011
N09_M07_F10_K006_16,K006,none,normal,N09_M07_F10,899.78,none,8000.0,9333.3,4.7926,normal,0.868,-1.4176522114262382,0,-0.017,0.304,1.3267323570631742,2,0.011
N09_M07_F10_K006_17,K006,none,normal,N09_M07_F10,899.72,none,10666.7,13333.3,4.4998,normal,1.0,-1.7119841723667497,0,-0.018000000000000002,0.104,1.9628831293266593,4,0.011
N09_M07_F10_K006_18,K006,none,normal,N09_M07_F10,899.74,none,11000.0,12000.0,3.7142,normal,0.652,-0.6258303089376829,0,-0.018000000000000002,0.132,1.2966074586842489,2,0.009999999999999998
N09_M07_F10_K006_19,K006,none,normal,N09_M07_F10,899.75,none,12000.0,13333.3,4.1043,normal,0.954,-1.9315487572364924,0,-0.008,0.208,1.0495565033811243,2,0.011
N09_M07_F10_K006_2,K006,none,normal,N09_M07_F10,899.73,none,4000.0,5333.3,4.3631,normal,0.842,-1.0523287971997342,0,-0.016,0.272,1.1661997070498384,2,0.011
N09_M07_F10_K006_20,K006,none,normal,N09_M07_F10,899.72,none,14000.0,15000.0,4.3167,normal,1.0,-1.22563015365363,0,-0.017,0.384,0.4086125470477538,2,0.011
N09_M07_F10_K006_3,K006,none,normal,N09_M07_F10,899.71,none,8000.0,12000.0,4.4503,normal,0.724,-0.6291270301821273,0,-0.011,0.096,1.439518766273868,5,0.011
N09_M07_F10_K006_4,K006,none,normal,N09_M07_F10,899.74,none,8000.0,12000.0,4.4322,normal,0.564,-0.1086956770808782,0,-0.013000000000000001,0.122,1.4764384399844548,4,0.011
N09_M07_F10_K006_5,K006,none,normal,N09_M07_F10,899.79,none,0.0,1000.0,4.7728,normal,0.264,0.81491417019023,0,0.009999999999999998,0.848,-0.8636293542796157,0,-0.008
N09_M07_F10_K006_6,K006,none,normal,N09_M07_F10,899.72,none,10666.7,13333.3,5.1951,normal,0.922,-1.225637939643332,0,-0.011,0.098,1.4047822771367755,3,0.011
N09_M07_F10_K006_7,K006,none,normal,N09_M07_F10,899.75,none,12000.0,14000.0,4.6834,normal,0.912,-1.3464888653559435,0,-0.016,0.096,1.3246644861468215,3,0.011
N09_M07_F10_K006_8,K006,none,normal,N09_M07_F10,899.74,none,10666.7,13333.3,3.3288,normal,0.314,0.718614511950379,0,-0.016,0.098,2.006847509178234,3,0.011
N09_M07_F10_K006_9,K006,none,normal,N09_M07_F10,899.71,none,11000.0,12000.0,3.4099,normal,0.89,-0.692196430097446,0,-0.014,0.252,1.3084333114628586,1,0.011
N09_M07_F10_KA01_1,KA01,artificial,outer_race,N09_M07_F10,899.7,none,8000.0,10666.7,15.2373,outer_race,0.004,9.790672647588401,5,0.0010000000000000009,0.6,-0.3195421451444596,0,0.009999999999999998
N09_M07_F10_KA01_10,KA01,artificial,outer_race,N09_M07_F10,899.93,none,8000.0,10666.7,14.897,outer_race,0.002,6.064090295232851,5,-0.0010000000000000009,0.674,-0.47302025346645304,1,0.009000000000000001
N09_M07_F10_KA01_11,KA01,artificial,outer_race,N09_M07_F10,899.46,none,8000.0,10666.7,15.0869,outer_race,0.002,6.689838472777144,5,-0.0010000000000000009,0.41,0.1752105473765952,2,0.009999999999999998
N09_M07_F10_KA01_12,KA01,artificial,outer_race,N09_M07_F10,899.8,none,8000.0,10666.7,14.7262,outer_race,0.002,5.490441828091113,5,-0.0019999999999999983,0.572,-0.3020103226197745,3,0.02
N09_M07_F10_KA01_13,KA01,artificial,outer_race,N09_M07_F10,899.79,none,8000.0,10666.7,15.624,outer_race,0.004,5.97515293960569,5,-0.0010000000000000009,0.73,-0.53220744105263,1,0.014000000000000002
N09_M07_F10_KA01_14,KA01,artificial,outer_race,N09_M07_F10,899.52,none,8000.0,10666.7,15.8026,outer_race,0.002,5.602412211051612,5,0.0,0.646,-0.41547927500861004,1,0.013000000000000001
N09_M07_F10_KA01_15,KA01,artificial,outer_race,N09_M07_F10,899.28,none,8000.0,10000.0,15.4593,outer_race,0.008,5.035359649216445,5,0.0,0.65,-0.38566012369675834,1,0.015000000000000003
N09_M07_F10_KA01_16,KA01,artificial,outer_race,N09_M07_F10,899.5,none,8000.0,10000.0,14.8067,outer_race,0.002,7.000408560017133,5,-0.0019999999999999983,0.668,-0.4595208823796555,2,0.013000000000000001
N09_M07_F10_KA01_17,KA01,artificial,outer_race,N09_M07_F10,899.77,none,8000.0,10000.0,15.4853,outer_race,0.002,6.270099021453938,5,-0.0019999999999999983,0.63,-0.46441011256701703,2,0.009000000000000001
N09_M07_F10_KA01_18,KA01,artificial,outer_race,N09_M07_F10,899.7,none,8000.0,10666.7,15.705,outer_race,0.004,6.517966201824977,5,-0.002999999999999999,0.67,-0.49102918231321385,4,0.02
N09_M07_F10_KA01_19,KA01,artificial,outer_race,N09_M07_F10,899.78,none,8000.0,10666.7,15.1886,outer_race,0.004,7.206935940992653,5,0.0010000000000000009,0.652,-0.42719744631335443,1,0.012
N09_M07_F10_KA01_2,KA01,artificial,outer_race,N09_M07_F10,899.54,none,8000.0,10666.7,14.7137,outer_race,0.002,6.1645358859528105,5,-0.0010000000000000009,0.748,-0.7699030250917486,2,0.015000000000000003
N09_M07_F10_KA01_20,KA01,artificial,outer_race,N09_M07_F10,899.68,none,8000.0,10000.0,15.3201,outer_race,0.006,6.773894576167225,5,0.0,0.664,-0.505039888086808,4,-0.011
N09_M07_F10_KA01_3,KA01,artificial,outer_race,N09_M07_F10,899.5,none,8000.0,10666.7,14.6351,outer_race,0.004,6.429024724908377,5,0.0,0.73,-0.6146701877207503,4,-0.02
N09_M07_F10_KA01_4,KA01,artificial,outer_race,N09_M07_F10,899.75,none,8000.0,10666.7,16.0328,outer_race,0.004,4.246069675090096,5,0.0,0.728,-0.5016236851536086,1,0.013000000000000001
N09_M07_F10_KA01_5,KA01,artificial,outer_race,N09_M07_F10,899.7,none,8000.0,10666.7,14.5354,outer_race,0.004,4.626529357761624,5,-0.0019999999999999983,0.714,-0.6571978069475576,4,-0.008
N09_M07_F10_KA01_6,KA01,artificial,outer_race,N09_M07_F10,899.67,none,8000.0,10666.7,15.2165,outer_race,0.002,5.870647554457194,5,0.0,0.704,-0.49885085918811745,1,0.012
N09_M07_F10_KA01_7,KA01,artificial,outer_race,N09_M07_F10,899.81,none,8000.0,10666.7,14.4771,outer_race,0.006,4.724124342813619,5,-0.0010000000000000009,0.634,-0.35808203646580117,4,0.02
N09_M07_F10_KA01_8,KA01,artificial,outer_race,N09_M07_F10,899.5,none,8000.0,10000.0,14.3118,outer_race,0.004,8.582494251168857,5,-0.0010000000000000009,0.604,-0.3828856392541712,1,0.009000000000000001
N09_M07_F10_KA01_9,KA01,artificial,outer_race,N09_M07_F10,899.54,none,8000.0,10666.7,15.7376,outer_race,0.006,6.595919998935194,5,-0.0019999999999999983,0.718,-0.5964125913590215,3,-0.009000000000000001
N09_M07_F10_KA03_1,KA03,artificial,outer_race,N09_M07_F10,899.7,none,12000.0,14000.0,6.3053,normal,0.136,2.462105721278673,1,-0.017,0.1,2.4833270354080534,5,0.009999999999999998
N09_M07_F10_KA03_10,KA03,artificial,outer_race,N09_M07_F10,899.76,none,12000.0,14000.0,8.0695,normal,0.23,1.5826661684524552,0,-0.02,0.064,1.4048839648810243,3,0.011
N09_M07_F10_KA03_11,KA03,artificial,outer_race,N09_M07_F10,899.65,none,13333.3,14666.7,7.9128,normal,0.424,0.3126945629249896,0,-0.019,0.112,1.907972069593409,3,0.011
N09_M07_F10_KA03_12,KA03,artificial,outer_race,N09_M07_F10,899.59,none,13333.3,14666.7,7.6753,normal,0.344,1.1664459436398138,0,-0.013000000000000001,0.06,1.3347361465299863,3,0.011
N09_M07_F10_KA03_13,KA03,artificial,outer_race,N09_M07_F10,899.72,none,14000.0,15000.0,6.8289,normal,0.208,2.3166209624859166,0,-0.019,0.102,1.800606440696761,3,0.009999999999999998
N09_M07_F10_KA03_14,KA03,artificial,outer_race,N09_M07_F10,899.74,none,13333.3,14666.7,7.991,normal,0.118,2.7913936196335443,0,-0.017,0.098,2.3728194413136645,3,0.012
N09_M07_F10_KA03_15,KA03,artificial,outer_race,N09_M07_F10,899.8,none,12000.0,14000.0,6.6359,normal,0.452,0.3405237336289467,0,-0.017,0.082,1.8471827986083966,3,0.011
N09_M07_F10_KA03_16,KA03,artificial,outer_race,N09_M07_F10,899.72,none,13333.3,14666.7,7.0366,normal,0.248,0.9778545818325826,0,-0.019,0.066,2.274192588553678,3,0.009999999999999998
N09_M07_F10_KA03_17,KA03,artificial,outer_race,N09_M07_F10,899.76,none,13333.3,14666.7,6.7919,normal,0.208,1.0316801636821604,0,-0.019,0.036,1.4147281804102438,5,0.009999999999999998
N09_M07_F10_KA03_18,KA03,artificial,outer_race,N09_M07_F10,899.62,none,13333.3,14666.7,6.7249,normal,0.306,0.7369399672690132,0,-0.016,0.04,2.3749618859096797,3,0.009999999999999998
N09_M07_F10_KA03_19,KA03,artificial,outer_race,N09_M07_F10,899.86,none,13333.3,14666.7,8.0176,normal,0.28,0.8555044453797468,0,-0.019,0.068,1.24914914229662,3,0.009999999999999998
N09_M07_F10_KA03_2,KA03,artificial,outer_race,N09_M07_F10,899.78,none,12000.0,14000.0,6.9528,normal,0.334,0.45697507644447105,0,-0.02,0.06,2.1485425753461507,3,0.012
N09_M07_F10_KA03_20,KA03,artificial,outer_race,N09_M07_F10,899.81,none,13333.3,14666.7,7.3996,normal,0.502,-0.012186300995793738,0,-0.02,0.09,1.0566789635332812,3,0.011
N09_M07_F10_KA03_3,KA03,artificial,outer_race,N09_M07_F10,899.73,none,13333.3,14666.7,6.4168,normal,0.332,0.3070835386353448,0,-0.02,0.038,1.3640471671448315,3,0.011
N09_M07_F10_KA03_4,KA03,artificial,outer_race,N09_M07_F10,899.71,none,13333.3,14666.7,6.9603,normal,0.186,2.0617673634296056,0,-0.016,0.11,2.62481311419565,3,0.012
N09_M07_F10_KA03_5,KA03,artificial,outer_race,N09_M07_F10,899.68,none,13333.3,14666.7,7.5282,normal,0.206,1.8933796835768608,0,-0.018000000000000002,0.126,2.660215575395492,3,0.009999999999999998
N09_M07_F10_KA03_6,KA03,artificial,outer_race,N09_M07_F10,899.83,none,13333.3,14666.7,7.7228,normal,0.4,0.15316281841359364,0,-0.019,0.096,1.7692732083344616,3,0.011
N09_M07_F10_KA03_7,KA03,artificial,outer_race,N09_M07_F10,899.73,none,13333.3,14666.7,6.6098,normal,0.356,0.7380416918304114,0,-0.02,0.062,1.9166862593606129,3,0.009999999999999998
N09_M07_F10_KA03_8,KA03,artificial,outer_race,N09_M07_F10,899.78,none,13333.3,14666.7,7.2428,normal,0.216,1.8607605879812006,0,-0.017,0.1,1.8327804748085257,3,0.009999999999999998
N09_M07_F10_KA03_9,KA03,artificial,outer_race,N09_M07_F10,899.68,none,12000.0,14000.0,6.2432,normal,0.128,3.6303208090457737,1,-0.019,0.084,1.7330687743166024,4,0.011
N09_M07_F10_KA04_1,KA04,real,outer_race,N09_M07_F10,899.61,none,9333.3,10666.7,8.0229,outer_race,0.002,13.98147020944999,5,0.0,0.72,-0.5346881980383609,2,-0.01
N09_M07_F10_KA04_10,KA04,real,outer_race,N09_M07_F10,899.85,none,12000.0,14000.0,7.1138,normal,0.192,1.2892219204321744,0,-0.019,0.1,2.494672801838257,3,0.009999999999999998
N09_M07_F10_KA04_11,KA04,real,outer_race,N09_M07_F10,899.61,none,9333.3,10666.7,7.5711,outer_race,0.002,15.037128802421128,5,0.0,0.636,-0.34128983287710074,1,-0.01
N09_M07_F10_KA04_12,KA04,real,outer_race,N09_M07_F10,899.68,none,0.0,2000.0,7.0006,outer_race,0.002,11.945621657699835,5,-0.0019999999999999983,0.804,-0.8812134003134442,3,-0.01
N09_M07_F10_KA04_13,KA04,real,outer_race,N09_M07_F10,930.93,none,9333.3,10666.7,13.9564,normal,0.616,-0.3478233519488869,0,-0.02,0.062,2.799115636376226,0,-0.004
N09_M07_F10_KA04_14,KA04,real,outer_race,N09_M07_F10,899.77,none,9333.3,10666.7,8.2902,outer_race,0.002,10.416557781657458,5,0.0,0.682,-0.45179368315413543,3,-0.02
N09_M07_F10_KA04_15,KA04,real,outer_race,N09_M07_F10,899.71,none,8000.0,10666.7,8.1739,outer_race,0.002,13.551285143834027,5,0.0,0.69,-0.3854027858188609,2,-0.02
N09_M07_F10_KA04_16,KA04,real,outer_race,N09_M07_F10,899.71,none,0.0,2666.7,6.2014,outer_race,0.006,7.134365819779217,5,-0.002999999999999999,0.668,-0.2468184622621014,3,0.02
N09_M07_F10_KA04_17,KA04,real,outer_race,N09_M07_F10,899.59,none,0.0,2000.0,6.0732,outer_race,0.002,5.902771708899616,5,-0.0010000000000000009,0.676,-0.4292208552234468,4,0.02
N09_M07_F10_KA04_18,KA04,real,outer_race,N09_M07_F10,899.59,none,0.0,2000.0,6.0732,outer_race,0.002,5.902771708899616,5,-0.0010000000000000009,0.676,-0.4292208552234468,4,0.02
N09_M07_F10_KA04_19,KA04,real,outer_race,N09_M07_F10,899.73,none,13333.3,14666.7,6.9341,normal,0.282,0.45233452968189897,0,-0.01,0.218,1.5262106297073101,3,0.009999999999999998
N09_M07_F10_KA04_2,KA04,real,outer_race,N09_M07_F10,899.73,none,9333.3,10666.7,10.1522,outer_race,0.002,14.211158001083911,5,0.0010000000000000009,0.758,-0.4733460895119583,1,0.02
N09_M07_F10_KA04_20,KA04,real,outer_race,N09_M07_F10,899.97,none,0.0,2666.7,6.0777,normal,0.002,23.69640620764342,0,0.0,0.918,-0.9267345959957468,0,-0.019
N09_M07_F10_KA04_3,KA04,real,outer_race,N09_M07_F10,899.66,none,9333.3,10666.7,8.4821,outer_race,0.002,16.962789230899197,5,0.0,0.396,0.3726972470928316,1,0.019
N09_M07_F10_KA04_4,KA04,real,outer_race,N09_M07_F10,899.83,none,9333.3,10666.7,10.8031,outer_race,0.002,16.789513282188977,5,0.0010000000000000009,0.206,0.9532540774034923,1,0.02
N09_M07_F10_KA04_5,KA04,real,outer_race,N09_M07_F10,899.81,none,9333.3,10666.7,8.9998,outer_race,0.002,18.111990357867555,5,0.0,0.874,-0.7877800109276939,0,-0.008
N09_M07_F10_KA04_6,KA04,real,outer_race,N09_M07_F10,899.57,none,9333.3,10666.7,9.807,outer_race,0.002,10.523276835841644,5,0.0,0.696,-0.38978645753297597,1,0.02
N09_M07_F10_KA04_7,KA04,real,outer_race,N09_M07_F10,899.66,none,9333.3,10666.7,8.905,outer_race,0.002,20.132715866400268,5,0.0,0.564,-0.17010034056954176,1,-0.019
N09_M07_F10_KA04_8,KA04,real,outer_race,N09_M07_F10,899.75,none,9333.3,10666.7,8.2138,outer_race,0.002,15.887784827271174,5,0.0,0.358,0.24185710432453544,1,0.018
N09_M07_F10_KA04_9,KA04,real,outer_race,N09_M07_F10,899.63,none,9333.3,10666.7,7.6642,outer_race,0.002,13.464505365343976,5,0.0,0.722,-0.5441862026839299,0,0.014000000000000002
N09_M07_F10_KA05_1,KA05,artificial,outer_race,N09_M07_F10,899.7,none,10666.7,13333.3,8.0916,normal,0.982,-1.541581859120665,0,-0.018000000000000002,0.362,0.5518659885775433,2,0.014000000000000002
N09_M07_F10_KA05_10,KA05,artificial,outer_race,N09_M07_F10,899.79,none,12000.0,14000.0,7.633,normal,0.976,-0.9345903561075971,0,0.02,0.738,-0.5022836843120195,3,0.012
N09_M07_F10_KA05_11,KA05,artificial,outer_race,N09_M07_F10,899.63,none,10666.7,13333.3,8.8421,normal,1.0,-2.0959926536701263,0,-0.018000000000000002,0.202,1.2768810075625034,2,0.011
N09_M07_F10_KA05_12,KA05,artificial,outer_race,N09_M07_F10,900.0,none,10000.0,12000.0,9.08,normal,1.0,-1.4618238633252496,0,-0.017,0.242,1.0845959846242264,3,0.011
N09_M07_F10_KA05_13,KA05,artificial,outer_race,N09_M07_F10,899.88,none,10666.7,13333.3,7.921,inner_race,0.368,0.11360076907479469,0,-0.012,0.012,1.5871064914725315,3,0.012
N09_M07_F10_KA05_14,KA05,artificial,outer_race,N09_M07_F10,899.81,none,12000.0,14000.0,7.8549,normal,0.796,-1.0110593736936113,0,-0.017,0.148,1.4348729118668668,3,0.011
N09_M07_F10_KA05_15,KA05,artificial,outer_race,N09_M07_F10,899.6,none,10666.7,13333.3,9.6519,normal,0.954,-1.2137745035995122,0,-0.004,0.256,1.0981109828334328,2,0.011
N09_M07_F10_KA05_16,KA05,artificial,outer_race,N09_M07_F10,899.86,none,10000.0,12000.0,8.918,normal,0.846,-0.7961533695488665,0,-0.02,0.076,1.431012839525016,3,0.011
N09_M07_F10_KA05_17,KA05,artificial,outer_race,N09_M07_F10,899.86,none,10666.7,13333.3,8.7983,normal,0.684,-0.5235883733872423,0,-0.016,0.166,1.026534931849589,3,0.013000000000000001
N09_M07_F10_KA05_18,KA05,artificial,outer_race,N09_M07_F10,899.72,none,12000.0,13333.3,7.643,normal,0.966,-1.5328070409288892,0,-0.018000000000000002,0.354,0.46743536884388825,2,0.011
N09_M07_F10_KA05_19,KA05,artificial,outer_race,N09_M07_F10,899.83,none,10666.7,13333.3,8.0823,normal,0.29,0.8093399657666819,0,-0.018000000000000002,0.2,1.2399793150554241,3,0.011
N09_M07_F10_KA05_2,KA05,artificial,outer_race,N09_M07_F10,900.0,none,12000.0,14000.0,7.5198,normal,0.694,-0.5373217049187746,0,-0.018000000000000002,0.276,0.4675912351175252,3,0.012
N09_M07_F10_KA05_20,KA05,artificial,outer_race,N09_M07_F10,899.81,none,10000.0,12000.0,8.5621,normal,0.896,-0.953797658155926,0,-0.017,0.176,1.3723125516740668,3,0.011
N09_M07_F10_KA05_3,KA05,artificial,outer_race,N09_M07_F10,899.69,none,10666.7,13333.3,10.6341,normal,0.466,0.18476051512627012,0,-0.017,0.234,1.4971422589599879,3,0.013000000000000001
N09_M07_F10_KA05_4,KA05,artificial,outer_race,N09_M07_F10,899.75,none,10666.7,13333.3,8.9155,normal,0.886,-0.9863034825937951,0,-0.013000000000000001,0.246,0.9963598882861342,1,0.015000000000000003
N09_M07_F10_KA05_5,KA05,artificial,outer_race,N09_M07_F10,899.88,none,12000.0,14000.0,8.5762,normal,0.938,-1.023103894366247,0,-0.012,0.37,0.595271550137341,3,0.011
N09_M07_F10_KA05_6,KA05,artificial,outer_race,N09_M07_F10,899.95,none,10666.7,13333.3,8.9601,normal,0.304,0.31938489607653026,0,-0.016,0.126,1.3416610121797146,3,0.013000000000000001
N09_M07_F10_KA05_7,KA05,artificial,outer_race,N09_M07_F10,899.86,none,10666.7,13333.3,8.6636,normal,0.914,-0.8364630032094283,0,-0.017,0.318,1.0262525846183967,3,0.011
N09_M07_F10_KA05_8,KA05,artificial,outer_race,N09_M07_F10,899.61,none,12000.0,14000.0,10.146,normal,0.572,-0.1439025876544601,0,-0.017,0.122,1.0423400570130823,3,0.012
N09_M07_F10_KA05_9,KA05,artificial,outer_race,N09_M07_F10,899.86,none,12000.0,14000.0,9.4358,normal,0.866,-0.9344915555124697,0,-0.018000000000000002,0.106,1.8090764686981686,3,0.011
N09_M07_F10_KA06_1,KA06,artificial,outer_race,N09_M07_F10,900.64,none,10666.7,13333.3,8.6439,normal,1.0,-1.9338224202411125,0,-0.006999999999999999,0.224,1.5630770605212927,1,0.009000000000000001
N09_M07_F10_KA06_10,KA06,artificial,outer_race,N09_M07_F10,899.55,none,10666.7,13333.3,7.4145,normal,0.612,-0.0679437305972331,0,-0.02,0.288,0.9090237193791528,3,0.013000000000000001
N09_M07_F10_KA06_11,KA06,artificial,outer_race,N09_M07_F10,899.86,none,10666.7,13333.3,8.214,normal,0.836,-0.7902015082105499,0,-0.017,0.306,0.9296858461575876,3,0.012
N09_M07_F10_KA06_12,KA06,artificial,outer_race,N09_M07_F10,899.95,none,10666.7,13333.3,7.9093,normal,0.34,0.5252557446178229,0,-0.02,0.108,1.460007430175425,1,0.009000000000000001
N09_M07_F10_KA06_13,KA06,artificial,outer_race,N09_M07_F10,899.61,none,10666.7,13333.3,8.4523,normal,0.506,-0.005329187517577814,0,-0.018000000000000002,0.186,1.2065730894871092,3,0.012
N09_M07_F10_KA06_14,KA06,artificial,outer_race,N09_M07_F10,899.97,none,10666.7,13333.3,9.5224,normal,0.552,-0.03081860330968857,0,-0.019,0.204,1.1257647313600814,3,0.011
N09_M07_F10_KA06_15,KA06,artificial,outer_race,N09_M07_F10,899.87,none,10666.7,13333.3,8.9563,normal,0.528,-0.034834476166715096,0,-0.017,0.16,1.1019253004660017,3,0.011
N09_M07_F10_KA06_16,KA06,artificial,outer_race,N09_M07_F10,899.72,none,10666.7,13333.3,8.3735,normal,0.886,-1.2795468416384181,0,-0.016,0.252,0.8232542581741548,2,0.011
N09_M07_F10_KA06_17,KA06,artificial,outer_race,N09_M07_F10,899.82,none,12000.0,14000.0,9.6248,normal,0.25,0.49699827415082953,0,-0.018000000000000002,0.27,0.9450594046388586,3,0.011
N09_M07_F10_KA06_18,KA06,artificial,outer_race,N09_M07_F10,899.92,none,8000.0,12000.0,7.2494,normal,0.708,-0.6504076845201289,0,-0.016,0.256,0.9808157884096468,3,0.013000000000000001
N09_M07_F10_KA06_19,KA06,artificial,outer_race,N09_M07_F10,899.99,none,8000.0,12000.0,7.7629,normal,0.612,-0.13996399137813234,0,-0.018000000000000002,0.366,0.6509140621653414,3,0.011
N09_M07_F10_KA06_2,KA06,artificial,outer_race,N09_M07_F10,899.57,none,10666.7,13333.3,8.6191,normal,0.834,-0.8347280266962713,0,0.0,0.41,0.4358449433038574,2,0.012
N09_M07_F10_KA06_20,KA06,artificial,outer_race,N09_M07_F10,899.54,none,10666.7,13333.3,8.2454,normal,0.582,-0.11592383189386059,0,0.0,0.324,0.625542414278586,3,0.012
N09_M07_F10_KA06_3,KA06,artificial,outer_race,N09_M07_F10,899.73,none,8000.0,9000.0,7.1406,normal,0.834,-0.7048415228395288,0,-0.013000000000000001,0.248,0.9785093534730099,2,0.014000000000000002
N09_M07_F10_KA06_4,KA06,artificial,outer_race,N09_M07_F10,899.98,none,10666.7,13333.3,9.0079,normal,0.714,-0.5782923707273082,0,-0.02,0.3,0.6825591824247077,3,0.011
N09_M07_F10_KA06_5,KA06,artificial,outer_race,N09_M07_F10,899.82,none,13333.3,14666.7,7.1328,normal,0.992,-1.1977833159539903,0,-0.01,0.382,0.47785870763249816,2,0.011
N09_M07_F10_KA06_6,KA06,artificial,outer_race,N09_M07_F10,899.67,none,10666.7,13333.3,9.2177,normal,0.51,-0.0690671270373649,0,-0.017,0.138,1.6654429933287476,3,0.012
N09_M07_F10_KA06_7,KA06,artificial,outer_race,N09_M07_F10,899.86,none,10666.7,13333.3,8.7937,normal,0.922,-1.2731292669429006,0,-0.02,0.19,0.7417609279087295,3,0.011
N09_M07_F10_KA06_8,KA06,artificial,outer_race,N09_M07_F10,899.31,none,10666.7,13333.3,8.4755,normal,0.74,-0.7741053002818231,0,-0.014,0.232,1.841007025761839,3,0.015000000000000003
N09_M07_F10_KA06_9,KA06,artificial,outer_race,N09_M07_F10,899.87,none,8000.0,12000.0,8.6584,normal,0.648,-0.5616841387124752,0,-0.018000000000000002,0.026,1.56776925877356,3,0.011
N09_M07_F10_KA07_1,KA07,artificial,outer_race,N09_M07_F10,899.68,none,10666.7,13333.3,7.662,normal,0.922,-1.8056162391011248,0,-0.017,0.048,2.2302372684194176,3,0.012
N09_M07_F10_KA07_10,KA07,artificial,outer_race,N09_M07_F10,900.12,none,10666.7,13333.3,7.6057,normal,0.608,-0.19426954641432936,0,-0.016,0.132,1.7104965201489584,3,0.012
N09_M07_F10_KA07_11,KA07,artificial,outer_race,N09_M07_F10,899.74,none,12000.0,14000.0,6.8864,normal,1.0,-1.6044750311618583,0,-0.019,0.19,0.7368924017879599,2,0.011
N09_M07_F10_KA07_12,KA07,artificial,outer_race,N09_M07_F10,899.73,none,0.0,1000.0,6.6343,normal,0.874,-1.0541626070286192,0,-0.017,0.266,0.8365779241806399,1,0.012
N09_M07_F10_KA07_13,KA07,artificial,outer_race,N09_M07_F10,899.73,none,10666.7,13333.3,6.7445,normal,0.806,-0.659860537124925,0,-0.018000000000000002,0.232,0.8618293961092662,3,0.012
N09_M07_F10_KA07_14,KA07,artificial,outer_race,N09_M07_F10,899.96,none,10666.7,13333.3,8.6438,normal,0.976,-1.2176504430893904,0,-0.018000000000000002,0.204,0.9953188801890029,2,0.011
N09_M07_F10_KA07_15,KA07,artificial,outer_race,N09_M07_F10,899.82,none,10666.7,13333.3,8.5857,normal,1.0,-1.390383800112533,0,-0.018000000000000002,0.258,0.399971830876644,2,0.011
N09_M07_F10_KA07_16,KA07,artificial,outer_race,N09_M07_F10,899.68,none,12000.0,14000.0,7.7053,normal,0.678,-0.5209158669010806,0,-0.02,0.212,1.2947152155700266,3,0.012
N09_M07_F10_KA07_17,KA07,artificial,outer_race,N09_M07_F10,899.95,none,12000.0,14000.0,8.6786,normal,0.634,-0.4840313867513615,0,-0.018000000000000002,0.1,1.1621099354331126,3,0.011
N09_M07_F10_KA07_18,KA07,artificial,outer_race,N09_M07_F10,899.83,none,10666.7,13333.3,8.4262,normal,1.0,-1.8232140536448556,0,-0.006999999999999999,0.112,1.0351228282202205,3,0.012
N09_M07_F10_KA07_19,KA07,artificial,outer_race,N09_M07_F10,899.63,none,10000.0,12000.0,7.2849,normal,0.972,-1.2975554101023818,0,-0.015,0.31,0.6149555062675368,3,0.013000000000000001
N09_M07_F10_KA07_2,KA07,artificial,outer_race,N09_M07_F10,899.73,none,12000.0,14000.0,7.8742,normal,0.85,-1.8125863445161612,0,-0.016,0.288,0.8677692409026193,3,0.012
N09_M07_F10_KA07_20,KA07,artificial,outer_race,N09_M07_F10,899.68,none,10666.7,13333.3,7.5757,normal,0.996,-1.859202291883116,0,-0.013000000000000001,0.238,1.4500402317317478,3,0.012
N09_M07_F10_KA07_3,KA07,artificial,outer_race,N09_M07_F10,899.87,none,10666.7,13333.3,7.4507,normal,0.996,-2.1425790145216554,0,0.0010000000000000009,0.214,0.9640791338856618,2,0.011
N09_M07_F10_KA07_4,KA07,artificial,outer_race,N09_M07_F10,899.69,none,10666.7,13333.3,7.2497,normal,0.972,-1.036682830058453,0,-0.014,0.166,1.1365257829052893,3,0.013000000000000001
N09_M07_F10_KA07_5,KA07,artificial,outer_race,N09_M07_F10,899.93,none,10666.7,13333.3,6.8333,normal,0.98,-1.9716823050107302,0,-0.02,0.368,0.5346970336662972,3,0.013000000000000001
N09_M07_F10_KA07_6,KA07,artificial,outer_race,N09_M07_F10,899.88,none,12000.0,14000.0,8.376,normal,0.932,-1.0957583636573376,0,-0.018000000000000002,0.416,0.10421906274850845,4,0.012
N09_M07_F10_KA07_7,KA07,artificial,outer_race,N09_M07_F10,899.56,none,10666.7,13333.3,7.8338,normal,1.0,-2.2960643283044986,0,0.006999999999999999,0.23,0.8033741398430749,3,0.013000000000000001
N09_M07_F10_KA07_8,KA07,artificial,outer_race,N09_M07_F10,899.75,none,12000.0,14000.0,8.505,normal,1.0,-1.7686966600897054,0,0.008,0.438,0.23528188763008567,3,0.012
N09_M07_F10_KA07_9,KA07,artificial,outer_race,N09_M07_F10,899.81,none,10000.0,12000.0,6.9658,normal,1.0,-1.1099755094493082,0,0.005000000000000001,0.45,0.09987222775967028,3,0.012
N09_M07_F10_KA08_1,KA08,artificial,outer_race,N09_M07_F10,899.75,none,10666.7,13333.3,6.7273,normal,1.0,-1.5667948498330126,0,-0.013000000000000001,0.582,-0.1739570523884408,1,-0.006
N09_M07_F10_KA08_10,KA08,artificial,outer_race,N09_M07_F10,899.55,none,10666.7,13333.3,7.0629,normal,1.0,-3.066342731581462,0,-0.002999999999999999,0.77,-0.6513005648094521,1,0.011
N09_M07_F10_KA08_11,KA08,artificial,outer_race,N09_M07_F10,900.0,none,10000.0,12000.0,9.738,normal,0.98,-1.303833624007573,0,-0.012,0.372,0.26003775993894146,3,0.014000000000000002
N09_M07_F10_KA08_12,KA08,artificial,outer_race,N09_M07_F10,899.75,none,10666.7,13333.3,6.7387,normal,0.862,-0.8736529631680646,0,-0.012,0.34,0.4627363829736598,1,0.009999999999999998
N09_M07_F10_KA08_13,KA08,artificial,outer_race,N09_M07_F10,899.95,none,10666.7,13333.3,6.5349,normal,1.0,-1.8439173106999798,0,0.008,0.372,0.6805443942929355,3,0.013000000000000001
N09_M07_F10_KA08_14,KA08,artificial,outer_race,N09_M07_F10,899.83,none,10000.0,11000.0,7.5073,normal,1.0,-1.4506197364684605,0,0.0019999999999999983,0.584,-0.159743457226908,2,0.014000000000000002
N09_M07_F10_KA08_15,KA08,artificial,outer_race,N09_M07_F10,899.84,none,8000.0,12000.0,6.8166,normal,0.914,-1.153849358814361,0,-0.015,0.356,0.6987424200565726,3,0.012
N09_M07_F10_KA08_16,KA08,artificial,outer_race,N09_M07_F10,899.66,none,13333.3,14666.7,8.3116,normal,1.0,-2.067565868288422,0,0.009999999999999998,0.898,-1.5492802914973207,1,-0.012
N09_M07_F10_KA08_17,KA08,artificial,outer_race,N09_M07_F10,899.64,none,10666.7,13333.3,6.878,normal,0.964,-1.6425862445845967,0,-0.015,0.46,0.08346751869718244,3,0.014000000000000002
N09_M07_F10_KA08_18,KA08,artificial,outer_race,N09_M07_F10,899.89,none,14000.0,15000.0,6.9676,normal,0.994,-1.9417497433270632,0,-0.01,0.204,1.3274554221635775,3,0.012
N09_M07_F10_KA08_19,KA08,artificial,outer_race,N09_M07_F10,899.87,none,10666.7,13333.3,7.0189,normal,0.976,-1.532026462480591,0,-0.02,0.66,-0.3318552230568137,1,0.008
N09_M07_F10_KA08_2,KA08,artificial,outer_race,N09_M07_F10,899.75,none,10666.7,13333.3,6.7268,normal,0.456,0.2116889353363862,0,-0.015,0.36,0.33532119713038,3,0.013000000000000001
N09_M07_F10_KA08_20,KA08,artificial,outer_race,N09_M07_F10,899.75,none,10666.7,13333.3,7.4707,normal,1.0,-3.1612145397979954,0,-0.015,0.392,0.47845269830729054,1,0.011
N09_M07_F10_KA08_3,KA08,artificial,outer_race,N09_M07_F10,899.65,none,10666.7,13333.3,7.926,normal,1.0,-1.8814826950603603,0,0.006000000000000002,0.518,-0.04801451539587589,2,0.012
N09_M07_F10_KA08_4,KA08,artificial,outer_race,N09_M07_F10,899.79,none,10666.7,13333.3,7.5734,normal,0.954,-2.200005979800664,0,-0.019,0.24,0.9396656685172253,3,0.012
N09_M07_F10_KA08_5,KA08,artificial,outer_race,N09_M07_F10,899.76,none,10666.7,13333.3,8.2877,normal,0.968,-2.1826776021990355,0,0.016999999999999998,0.242,0.961674001493739,3,0.012
N09_M07_F10_KA08_6,KA08,artificial,outer_race,N09_M07_F10,899.78,none,12000.0,14000.0,8.8916,normal,1.0,-3.0495183280115694,0,-0.017,0.606,-0.2983349195187228,3,0.012
N09_M07_F10_KA08_7,KA08,artificial,outer_race,N09_M07_F10,899.71,none,13333.3,14666.7,10.3094,normal,0.94,-1.3616350887711077,0,-0.006,0.696,-0.4886128725528206,3,0.013000000000000001
N09_M07_F10_KA08_8,KA08,artificial,outer_race,N09_M07_F10,899.77,none,8000.0,12000.0,6.3747,normal,1.0,-2.8521214125822585,0,0.012,0.38,0.3351471571804202,3,0.012
N09_M07_F10_KA08_9,KA08,artificial,outer_race,N09_M07_F10,899.84,none,12000.0,14000.0,8.3148,normal,1.0,-3.8167618099448584,0,-0.0019999999999999983,0.314,1.0993909783483458,1,0.009999999999999998
N09_M07_F10_KA09_1,KA09,artificial,outer_race,N09_M07_F10,899.64,none,10000.0,12000.0,7.2763,normal,0.612,-0.17327619668700617,0,-0.018000000000000002,0.178,1.0030822359902871,2,0.011
N09_M07_F10_KA09_10,KA09,artificial,outer_race,N09_M07_F10,900.15,none,10666.7,13333.3,8.1022,normal,0.786,-0.8974395429015792,0,-0.018000000000000002,0.202,1.051178381769431,3,0.014000000000000002
N09_M07_F10_KA09_11,KA09,artificial,outer_race,N09_M07_F10,899.69,none,10666.7,13333.3,7.3626,normal,0.79,-0.4032099202104072,0,-0.018000000000000002,0.234,0.9865584004654905,3,0.012
N09_M07_F10_KA09_12,KA09,artificial,outer_race,N09_M07_F10,898.65,none,12000.0,14000.0,6.2656,normal,0.964,-1.7960638036607268,0,0.006000000000000002,0.3,1.0191499619348294,3,0.015000000000000003
N09_M07_F10_KA09_13,KA09,artificial,outer_race,N09_M07_F10,899.86,none,8000.0,12000.0,6.4393,normal,0.842,-0.959586252965802,0,-0.017,0.146,1.0204897208744705,3,0.012
N09_M07_F10_KA09_14,KA09,artificial,outer_race,N09_M07_F10,899.63,none,10666.7,13333.3,7.6018,normal,0.998,-2.130194651515216,0,-0.0019999999999999983,0.426,0.5556134247755369,2,0.012
N09_M07_F10_KA09_15,KA09,artificial,outer_race,N09_M07_F10,899.65,none,10666.7,13333.3,7.0464,normal,0.718,-0.5405143448665919,0,-0.018000000000000002,0.212,1.2648311063095243,2,0.012
N09_M07_F10_KA09_16,KA09,artificial,outer_race,N09_M07_F10,899.81,none,10666.7,13333.3,7.486,normal,0.978,-2.0315611869541748,0,-0.018000000000000002,0.118,1.8165312687606225,2,0.011
N09_M07_F10_KA09_17,KA09,artificial,outer_race,N09_M07_F10,899.85,none,12000.0,14000.0,9.6494,normal,0.912,-1.5494807510378867,0,0.005000000000000001,0.346,0.3124366746539136,3,0.013000000000000001
N09_M07_F10_KA09_18,KA09,artificial,outer_race,N09_M07_F10,899.67,none,10666.7,13333.3,7.4356,normal,0.522,-0.07704070436690616,0,-0.015,0.254,0.7500225334204312,3,0.012
N09_M07_F10_KA09_19,KA09,artificial,outer_race,N09_M07_F10,899.9,none,10666.7,13333.3,7.8634,normal,0.942,-1.391201577411785,0,-0.016,0.2,0.9637986100860989,3,0.013000000000000001
N09_M07_F10_KA09_2,KA09,artificial,outer_race,N09_M07_F10,899.95,none,13333.3,14666.7,7.2818,normal,0.898,-1.6445194197758013,0,-0.005000000000000001,0.218,0.5044464282747663,3,0.012
N09_M07_F10_KA09_20,KA09,artificial,outer_race,N09_M07_F10,899.27,none,10666.7,13333.3,7.6393,normal,0.846,-1.249440124937754,0,-0.017,0.322,0.4924776551586374,3,0.013000000000000001
N09_M07_F10_KA09_3,KA09,artificial,outer_race,N09_M07_F10,899.35,none,12000.0,14000.0,8.2811,normal,0.772,-0.7112232805608742,0,-0.013000000000000001,0.29,0.6732777867378389,3,0.014000000000000002
N09_M07_F10_KA09_4,KA09,artificial,outer_race,N09_M07_F10,899.92,none,10666.7,13333.3,7.2215,normal,0.762,-0.811211275023781,0,-0.015,0.38,0.4931024017923679,2,0.011
N09_M07_F10_KA09_5,KA09,artificial,outer_race,N09_M07_F10,900.16,none,10000.0,12000.0,7.3326,normal,0.734,-0.9169811690691164,0,0.0010000000000000009,0.37,0.5548075677829767,3,0.014000000000000002
N09_M07_F10_KA09_6,KA09,artificial,outer_race,N09_M07_F10,899.67,none,10666.7,13333.3,7.3539,normal,0.796,-0.8107646623777787,0,0.006999999999999999,0.072,1.8783092519803093,3,0.012
N09_M07_F10_KA09_7,KA09,artificial,outer_race,N09_M07_F10,899.54,none,10666.7,13333.3,7.3807,normal,1.0,-1.8671469655237358,0,0.016999999999999998,0.176,1.0272332548718657,2,0.011
N09_M07_F10_KA09_8,KA09,artificial,outer_race,N09_M07_F10,899.97,none,10666.7,13333.3,7.2283,normal,0.71,-0.3517675824625016,0,-0.015,0.144,1.1175172630707946,3,0.012
N09_M07_F10_KA09_9,KA09,artificial,outer_race,N09_M07_F10,899.5,none,4000.0,5000.0,8.617,normal,1.0,-2.9662742100068793,0,-0.012,0.44,0.12199515881057844,1,0.012
N09_M07_F10_KA15_1,KA15,real,outer_race,N09_M07_F10,899.61,none,10666.7,13333.3,8.1956,normal,0.2,3.278447434652985,0,-0.018000000000000002,0.102,2.685501016981401,3,0.011
N09_M07_F10_KA15_10,KA15,real,outer_race,N09_M07_F10,899.5,none,12000.0,14000.0,7.8896,normal,0.134,2.4849667993040336,0,-0.018000000000000002,0.188,2.2171435773369828,3,0.011
N09_M07_F10_KA15_11,KA15,real,outer_race,N09_M07_F10,899.83,none,12000.0,13333.3,9.1841,normal,0.132,2.1762144504536605,1,-0.019,0.098,1.6096274726694693,6,0.009999999999999998
N09_M07_F10_KA15_12,KA15,real,outer_race,N09_M07_F10,899.67,none,10666.7,13333.3,8.6092,normal,0.128,2.861886974094407,1,-0.018000000000000002,0.076,2.6954634526874792,4,0.009999999999999998
N09_M07_F10_KA15_13,KA15,real,outer_race,N09_M07_F10,899.8,none,12000.0,14000.0,7.3223,normal,0.198,1.994360779525325,0,-0.019,0.14,2.38841204714315,3,0.011
N09_M07_F10_KA15_14,KA15,real,outer_race,N09_M07_F10,899.82,none,13333.3,14666.7,8.5925,normal,0.21,1.4322736051035498,0,-0.019,0.088,1.8941088960948027,3,0.011
N09_M07_F10_KA15_15,KA15,real,outer_race,N09_M07_F10,899.61,none,12000.0,14000.0,8.6646,normal,0.122,2.0302952921514352,2,-0.019,0.098,2.4827785745790933,5,0.011
N09_M07_F10_KA15_16,KA15,real,outer_race,N09_M07_F10,899.86,none,12000.0,14000.0,8.1974,normal,0.202,2.8364899748356445,0,-0.017,0.11,1.7411626118617354,3,0.009999999999999998
N09_M07_F10_KA15_17,KA15,real,outer_race,N09_M07_F10,899.88,none,10666.7,13333.3,8.1498,normal,0.194,2.1897430516093097,0,-0.019,0.096,2.1071936986019395,3,0.009999999999999998
N09_M07_F10_KA15_18,KA15,real,outer_race,N09_M07_F10,899.78,none,10666.7,13333.3,7.9272,normal,0.202,3.3272911709585347,0,-0.019,0.098,1.8461321120558594,3,0.009999999999999998
N09_M07_F10_KA15_19,KA15,real,outer_race,N09_M07_F10,899.68,none,12000.0,14000.0,8.6326,normal,0.448,0.2557629017588584,0,-0.009000000000000001,0.136,1.3732905323493092,3,0.009999999999999998
N09_M07_F10_KA15_2,KA15,real,outer_race,N09_M07_F10,899.86,none,13333.3,14666.7,8.0195,normal,0.198,1.9622385964812887,0,-0.019,0.104,3.206719651962345,4,0.009999999999999998
N09_M07_F10_KA15_20,KA15,real,outer_race,N09_M07_F10,899.85,none,10666.7,13333.3,8.0581,normal,0.19,2.2701812640667005,0,-0.017,0.12,1.1258300722581354,3,0.011
N09_M07_F10_KA15_3,KA15,real,outer_race,N09_M07_F10,899.72,none,12000.0,14000.0,7.9662,normal,0.118,2.9398043979508297,0,-0.019,0.126,2.256030336264586,3,0.009999999999999998
N09_M07_F10_KA15_4,KA15,real,outer_race,N09_M07_F10,899.66,none,12000.0,14000.0,8.3253,normal,0.124,4.766441161352714,0,-0.018000000000000002,0.116,1.435181351720174,3,0.009999999999999998
N09_M07_F10_KA15_5,KA15,real,outer_race,N09_M07_F10,899.87,none,13333.3,14666.7,8.2223,normal,0.176,3.2355157898649862,0,-0.019,0.104,1.7603699688548977,3,0.009999999999999998
N09_M07_F10_KA15_6,KA15,real,outer_race,N09_M07_F10,899.86,none,12000.0,14000.0,9.289,normal,0.15,1.3934757086159308,1,-0.016,0.066,2.10813194039655,6,0.012
N09_M07_F10_KA15_7,KA15,real,outer_race,N09_M07_F10,900.02,none,10666.7,13333.3,7.9343,normal,0.144,3.186906901246448,0,-0.018000000000000002,0.076,1.7115972063254807,3,0.009999999999999998
N09_M07_F10_KA15_8,KA15,real,outer_race,N09_M07_F10,899.73,none,10666.7,13333.3,8.0265,normal,0.228,1.0560728966223927,0,-0.019,0.214,1.4810658764895641,3,0.009999999999999998
N09_M07_F10_KA15_9,KA15,real,outer_race,N09_M07_F10,899.84,none,10666.7,13333.3,8.6763,normal,0.142,0.9389837444537393,0,-0.017,0.33,1.3932493386940321,3,0.011
N09_M07_F10_KA16_1,KA16,real,outer_race,N09_M07_F10,899.68,none,13333.3,14666.7,8.7047,normal,0.142,3.005059592918041,0,-0.017,0.098,1.1338610353902905,3,0.009999999999999998
N09_M07_F10_KA16_10,KA16,real,outer_race,N09_M07_F10,899.68,none,12000.0,14000.0,6.9887,normal,0.212,1.2834801458460938,0,-0.017,0.124,1.1914889115677536,3,0.009999999999999998
N09_M07_F10_KA16_11,KA16,real,outer_race,N09_M07_F10,899.3,none,12000.0,14000.0,6.8609,normal,0.282,1.786125403191877,0,-0.016,0.116,1.3377149562956514,3,0.009999999999999998
N09_M07_F10_KA16_12,KA16,real,outer_race,N09_M07_F10,899.89,none,12000.0,14000.0,7.1391,normal,0.21,1.8530041916894762,0,-0.019,0.102,1.8649469349071248,3,0.011
N09_M07_F10_KA16_13,KA16,real,outer_race,N09_M07_F10,899.78,none,13333.3,14666.7,8.2072,normal,0.188,1.8156124179705495,0,-0.019,0.11,2.0039724067540594,3,0.009999999999999998
N09_M07_F10_KA16_14,KA16,real,outer_race,N09_M07_F10,899.83,none,12000.0,14000.0,7.3359,normal,0.148,1.5020917380628527,1,-0.019,0.056,2.387511164473515,5,0.011
N09_M07_F10_KA16_15,KA16,real,outer_race,N09_M07_F10,899.8,none,12000.0,14000.0,7.2469,normal,0.236,0.8283957682106478,0,-0.019,0.062,2.08096969740678,4,0.009999999999999998
N09_M07_F10_KA16_16,KA16,real,outer_race,N09_M07_F10,899.76,none,12000.0,14000.0,7.7181,normal,0.138,2.1473887738203574,0,-0.019,0.166,2.1019857001823143,3,0.009999999999999998
N09_M07_F10_KA16_17,KA16,real,outer_race,N09_M07_F10,899.63,none,12000.0,14000.0,7.7049,normal,0.214,1.2407012675824307,0,-0.019,0.098,1.8060579369324499,3,0.011
N09_M07_F10_KA16_18,KA16,real,outer_race,N09_M07_F10,899.66,none,12000.0,14000.0,8.032,normal,0.134,2.8346638789941205,0,-0.019,0.096,2.355023172801631,4,0.011
N09_M07_F10_KA16_19,KA16,real,outer_race,N09_M07_F10,899.53,none,12000.0,14000.0,7.5026,normal,0.128,1.2581856558257456,0,-0.018000000000000002,0.098,2.4025534527671426,3,0.009999999999999998
N09_M07_F10_KA16_2,KA16,real,outer_race,N09_M07_F10,899.85,none,12000.0,14000.0,7.6825,normal,0.206,1.140758083250329,0,-0.019,0.116,2.2424878872680654,3,0.009999999999999998
N09_M07_F10_KA16_20,KA16,real,outer_race,N09_M07_F10,899.88,none,13333.3,14666.7,7.0529,normal,0.216,1.4077241267869818,0,-0.019,0.16,1.1214353634407097,3,0.009999999999999998
N09_M07_F10_KA16_3,KA16,real,outer_race,N09_M07_F10,899.61,none,14000.0,15000.0,7.5908,normal,0.204,1.847714078068153,0,-0.019,0.1,2.147943105232522,3,0.009999999999999998
N09_M07_F10_KA16_4,KA16,real,outer_race,N09_M07_F10,899.42,none,12000.0,14000.0,7.0735,normal,0.142,1.8408340399235408,0,-0.019,0.104,1.285730219471477,3,0.009999999999999998
N09_M07_F10_KA16_5,KA16,real,outer_race,N09_M07_F10,899.79,none,12000.0,14000.0,7.0135,normal,0.224,1.4902051661823248,1,-0.019,0.052,2.0919691919684285,5,0.009999999999999998
N09_M07_F10_KA16_6,KA16,real,outer_race,N09_M07_F10,899.99,none,14000.0,15000.0,7.9308,normal,0.418,0.34237707592233574,0,-0.019,0.122,1.6929106064699868,3,0.009999999999999998
N09_M07_F10_KA16_7,KA16,real,outer_race,N09_M07_F10,899.37,none,12000.0,14000.0,7.2515,normal,0.198,1.894644284730808,1,-0.018000000000000002,0.1,2.367865135245067,4,0.009999999999999998
N09_M07_F10_KA16_8,KA16,real,outer_race,N09_M07_F10,899.54,none,12000.0,14000.0,7.4636,normal,0.138,1.7770824865907269,1,-0.017,0.098,2.5295900128420366,4,0.011
N09_M07_F10_KA16_9,KA16,real,outer_race,N09_M07_F10,899.86,none,12000.0,14000.0,7.4305,normal,0.22,1.1416488790723218,0,-0.019,0.1,2.202673162105177,3,0.009999999999999998
N09_M07_F10_KA22_1,KA22,real,outer_race,N09_M07_F10,899.49,none,10666.7,13333.3,9.1728,normal,0.138,1.94580683235121,2,-0.017,0.098,2.456282957246701,8,0.011
N09_M07_F10_KA22_10,KA22,real,outer_race,N09_M07_F10,899.8,none,10666.7,13333.3,9.1729,normal,0.198,1.7033460571669947,1,-0.019,0.038,1.9733656513632922,5,0.009999999999999998
N09_M07_F10_KA22_11,KA22,real,outer_race,N09_M07_F10,899.76,none,10666.7,13333.3,9.5636,normal,0.138,2.8159381776597674,0,-0.019,0.138,2.08542060989146,3,0.009000000000000001
N09_M07_F10_KA22_12,KA22,real,outer_race,N09_M07_F10,899.64,none,10666.7,13333.3,9.2967,normal,0.164,1.4527750770403014,0,-0.016,0.036,2.8797280338480884,4,0.011
N09_M07_F10_KA22_13,KA22,real,outer_race,N09_M07_F10,899.87,none,10666.7,13333.3,9.5631,normal,0.13,2.9160533313342922,0,-0.017,0.146,1.688842691001799,3,0.011
N09_M07_F10_KA22_14,KA22,real,outer_race,N09_M07_F10,899.7,none,10666.7,13333.3,8.8014,normal,0.146,1.486429374494699,0,-0.016,0.1,1.5895665314018002,3,0.011
N09_M07_F10_KA22_15,KA22,real,outer_race,N09_M07_F10,899.74,none,10000.0,12000.0,9.7664,normal,0.158,1.223946782672016,0,-0.017,0.196,1.8964540119277613,3,0.011
N09_M07_F10_KA22_16,KA22,real,outer_race,N09_M07_F10,899.99,none,10666.7,13333.3,8.9899,normal,0.146,1.8774799727705254,0,-0.019,0.1,2.8868306104134556,3,0.011
N09_M07_F10_KA22_17,KA22,real,outer_race,N09_M07_F10,899.79,none,10666.7,13333.3,8.5974,normal,0.144,1.368094805689398,1,-0.019,0.2,1.1265193904461361,4,0.011
N09_M07_F10_KA22_18,KA22,real,outer_race,N09_M07_F10,899.56,none,10666.7,13333.3,8.9367,normal,0.148,1.8800511239930595,0,-0.016,0.096,2.907666701200302,3,0.011
N09_M07_F10_KA22_19,KA22,real,outer_race,N09_M07_F10,899.78,none,12000.0,14000.0,9.1516,normal,0.246,1.6089369133710194,0,-0.019,0.114,1.0980809006659724,3,0.009999999999999998
N09_M07_F10_KA22_2,KA22,real,outer_race,N09_M07_F10,899.81,none,10666.7,13333.3,8.9543,normal,0.144,2.866480486244603,0,-0.017,0.116,2.9606621319596673,3,0.011
N09_M07_F10_KA22_20,KA22,real,outer_race,N09_M07_F10,899.64,none,12000.0,14000.0,8.8384,inner_race,0.144,2.8258637550669197,0,-0.019,0.012,2.313621177663458,4,0.011
N09_M07_F10_KA22_3,KA22,real,outer_race,N09_M07_F10,899.76,none,12000.0,14000.0,8.4454,normal,0.138,3.284828243169838,0,-0.018000000000000002,0.076,2.421079608591879,4,0.009999999999999998
N09_M07_F10_KA22_4,KA22,real,outer_race,N09_M07_F10,899.6,none,10666.7,13333.3,9.9162,normal,0.204,1.6610434750475647,0,-0.019,0.192,1.0353978193616202,4,0.011
N09_M07_F10_KA22_5,KA22,real,outer_race,N09_M07_F10,899.56,none,10666.7,13333.3,9.1562,normal,0.246,1.2426891338471928,0,-0.019,0.098,2.034493510615894,3,0.011
N09_M07_F10_KA22_6,KA22,real,outer_race,N09_M07_F10,899.7,none,12000.0,14000.0,9.0812,normal,0.214,1.0391552289669486,0,-0.017,0.082,1.4492234583798702,3,0.011
N09_M07_F10_KA22_7,KA22,real,outer_race,N09_M07_F10,898.96,none,10666.7,12000.0,8.6631,normal,0.548,-0.2875024211318008,0,-0.018000000000000002,0.174,1.7126649981910755,2,0.009999999999999998
N09_M07_F10_KA22_8,KA22,real,outer_race,N09_M07_F10,899.44,none,10666.7,13333.3,8.6736,normal,0.842,-1.675495010130541,0,-0.016,0.09,2.0016396753027714,3,0.012
N09_M07_F10_KA22_9,KA22,real,outer_race,N09_M07_F10,900.07,none,10666.7,13333.3,8.7349,normal,0.122,2.260468819849206,0,-0.019,0.102,1.7787723943280562,3,0.009999999999999998
N09_M07_F10_KA30_1,KA30,real,outer_race,N09_M07_F10,899.82,none,10666.7,13333.3,6.2663,normal,1.0,-1.747730003240542,0,0.008,0.44,0.26790844245180867,3,0.011
N09_M07_F10_KA30_10,KA30,real,outer_race,N09_M07_F10,899.84,none,10666.7,13333.3,7.972,normal,0.768,-0.7807652349745718,0,-0.018000000000000002,0.196,1.12008214217711,3,0.011
N09_M07_F10_KA30_11,KA30,real,outer_race,N09_M07_F10,899.7,none,10666.7,13333.3,11.7096,normal,0.884,-1.1889206506502505,0,-0.018000000000000002,0.428,0.3024466416447234,3,0.012
N09_M07_F10_KA30_12,KA30,real,outer_race,N09_M07_F10,899.74,none,12000.0,14000.0,11.8088,normal,0.792,-0.79437499436959,0,-0.018000000000000002,0.306,0.5882745110120885,3,0.012
N09_M07_F10_KA30_13,KA30,real,outer_race,N09_M07_F10,899.48,none,10000.0,12000.0,9.8171,normal,0.98,-3.56215649111162,0,-0.016,0.218,0.6640246738107872,3,0.012
N09_M07_F10_KA30_14,KA30,real,outer_race,N09_M07_F10,899.77,none,10666.7,13333.3,12.189,normal,0.838,-1.6126422504822746,0,0.006000000000000002,0.352,0.4452499866139807,3,0.012
N09_M07_F10_KA30_15,KA30,real,outer_race,N09_M07_F10,899.67,none,13333.3,14666.7,9.8069,normal,0.228,0.37260390562066303,0,-0.017,0.298,0.4013460952873881,3,0.012
N09_M07_F10_KA30_16,KA30,real,outer_race,N09_M07_F10,899.87,none,8000.0,12000.0,8.8734,normal,0.768,-0.4512294886225911,0,-0.016,0.208,1.1720056861093266,3,0.012
N09_M07_F10_KA30_17,KA30,real,outer_race,N09_M07_F10,899.74,none,10666.7,13333.3,12.7267,normal,0.976,-1.0587528613555526,0,0.0,0.894,-1.1835336096847822,3,0.012
N09_M07_F10_KA30_18,KA30,real,outer_race,N09_M07_F10,899.89,none,10666.7,13333.3,11.0319,normal,0.664,-0.4087348883822583,0,-0.017,0.326,0.8391053494863286,3,0.011
N09_M07_F10_KA30_19,KA30,real,outer_race,N09_M07_F10,899.65,none,10666.7,13333.3,12.4536,normal,1.0,-1.949729854662963,0,-0.02,0.392,0.27764743746568105,3,0.012
N09_M07_F10_KA30_2,KA30,real,outer_race,N09_M07_F10,899.58,none,10666.7,13333.3,2.2454,normal,0.806,-0.5823299209787631,0,0.005000000000000001,0.37,0.48202205281752314,1,0.013000000000000001
N09_M07_F10_KA30_20,KA30,real,outer_race,N09_M07_F10,899.72,none,10666.7,13333.3,9.7199,normal,0.926,-1.0541915648706546,0,-0.017,0.26,0.7226898747921415,3,0.012
N09_M07_F10_KA30_3,KA30,real,outer_race,N09_M07_F10,899.64,none,10666.7,13333.3,11.2864,normal,0.976,-1.797989398052794,0,-0.006999999999999999,0.192,1.1436422707295806,2,0.011
N09_M07_F10_KA30_4,KA30,real,outer_race,N09_M07_F10,899.88,none,12000.0,14000.0,9.1933,normal,0.946,-1.750249719054932,0,-0.016,0.546,-0.09864117508732842,3,0.011
N09_M07_F10_KA30_5,KA30,real,outer_race,N09_M07_F10,899.84,none,10000.0,11000.0,3.647,normal,0.77,-0.9264514761359778,0,0.0010000000000000009,0.882,-1.436032214380628,1,-0.018000000000000002
N09_M07_F10_KA30_6,KA30,real,outer_race,N09_M07_F10,899.96,none,12000.0,14000.0,11.5681,normal,0.952,-1.0988359822295812,0,-0.018000000000000002,0.31,0.8096153666738678,3,0.011
N09_M07_F10_KA30_7,KA30,real,outer_race,N09_M07_F10,899.67,none,12000.0,14000.0,11.1421,normal,0.99,-1.2993080017141545,0,0.005000000000000001,0.278,0.5243964696328486,3,0.013000000000000001
N09_M07_F10_KA30_8,KA30,real,outer_race,N09_M07_F10,899.84,none,10666.7,13333.3,5.0346,normal,0.78,-0.7127219214460726,0,-0.017,0.204,1.0121432236172287,3,0.012
N09_M07_F10_KA30_9,KA30,real,outer_race,N09_M07_F10,899.73,none,13333.3,14666.7,2.7383,normal,0.684,-0.27323134826458745,0,-0.015,0.232,0.6365956413318157,1,0.013000000000000001
N09_M07_F10_KI01_1,KI01,artificial,inner_race,N09_M07_F10,899.72,none,9333.3,10666.7,23.1984,inner_race,0.594,-0.22597536954964983,1,-0.019,0.002,4.333503704401301,23,-0.005000000000000001
N09_M07_F10_KI01_10,KI01,artificial,inner_race,N09_M07_F10,899.76,none,9333.3,10666.7,24.7833,inner_race,0.234,0.8304198346400478,1,-0.019,0.004,2.839646615378307,25,-0.005000000000000001
N09_M07_F10_KI01_11,KI01,artificial,inner_race,N09_M07_F10,899.72,none,9333.3,10666.7,29.4182,inner_race,0.07,3.1631076041787844,0,-0.018000000000000002,0.002,4.865852155184936,25,-0.005000000000000001
N09_M07_F10_KI01_12,KI01,artificial,inner_race,N09_M07_F10,899.68,none,9333.3,10666.7,24.8962,inner_race,0.066,1.652323842754672,1,-0.018000000000000002,0.006,4.524113793361277,25,-0.004
N09_M07_F10_KI01_13,KI01,artificial,inner_race,N09_M07_F10,899.74,none,9333.3,10666.7,29.1413,inner_race,0.044,5.379876086863557,1,-0.019,0.002,4.067592089525298,22,-0.005000000000000001
N09_M07_F10_KI01_14,KI01,artificial,inner_race,N09_M07_F10,899.74,none,9333.3,10666.7,32.1954,inner_race,0.05,4.7404897193999584,0,-0.019,0.004,3.049449077890337,24,-0.004
N09_M07_F10_KI01_15,KI01,artificial,inner_race,N09_M07_F10,899.77,none,9333.3,10666.7,30.8894,inner_race,0.044,5.061499732077953,1,-0.019,0.006,3.63149412231863,25,-0.004
N09_M07_F10_KI01_16,KI01,artificial,inner_race,N09_M07_F10,899.74,none,9333.3,10666.7,29.3065,inner_race,0.048,4.598539581496165,1,-0.018000000000000002,0.002,3.833421398558038,25,-0.005000000000000001
N09_M07_F10_KI01_17,KI01,artificial,inner_race,N09_M07_F10,899.73,none,9333.3,10666.7,27.0036,inner_race,0.04,3.801815180917549,1,-0.019,0.002,3.6750292721491,25,-0.004
N09_M07_F10_KI01_18,KI01,artificial,inner_race,N09_M07_F10,899.82,none,9333.3,10666.7,29.6478,inner_race,0.044,3.0692145811070084,1,-0.018000000000000002,0.004,3.70592006779439,25,-0.004
N09_M07_F10_KI01_19,KI01,artificial,inner_race,N09_M07_F10,899.77,none,9333.3,10666.7,23.3281,inner_race,0.202,1.743265753020446,1,-0.018000000000000002,0.004,3.651631694295793,24,-0.004
N09_M07_F10_KI01_2,KI01,artificial,inner_race,N09_M07_F10,899.72,none,9333.3,10666.7,27.1461,inner_race,0.098,3.0865719027784237,0,-0.019,0.002,3.734819692610248,23,-0.005000000000000001
N09_M07_F10_KI01_20,KI01,artificial,inner_race,N09_M07_F10,899.78,none,9333.3,10666.7,28.0111,inner_race,0.044,4.057781094031912,1,-0.019,0.002,4.551708539030612,24,-0.004
N09_M07_F10_KI01_3,KI01,artificial,inner_race,N09_M07_F10,899.73,none,9333.3,10666.7,19.8129,inner_race,0.56,-0.1060298030177235,1,-0.019,0.002,3.929724735618347,24,-0.005000000000000001
N09_M07_F10_KI01_4,KI01,artificial,inner_race,N09_M07_F10,899.72,none,9333.3,10666.7,28.4838,inner_race,0.112,1.1475597610849588,0,-0.019,0.002,4.835229445851887,21,-0.005000000000000001
N09_M07_F10_KI01_5,KI01,artificial,inner_race,N09_M07_F10,899.74,none,9333.3,10666.7,28.2289,inner_race,0.074,2.4558237365358813,1,-0.019,0.004,3.506642687599906,22,-0.004
N09_M07_F10_KI01_6,KI01,artificial,inner_race,N09_M07_F10,899.8,none,9333.3,10666.7,24.2517,inner_race,0.05,1.568701191728211,1,-0.019,0.004,3.4889196616058733,24,-0.005000000000000001
N09_M07_F10_KI01_7,KI01,artificial,inner_race,N09_M07_F10,899.69,none,9333.3,10666.7,24.4049,inner_race,0.074,2.257672125011532,1,-0.018000000000000002,0.004,3.830174440016727,23,-0.004
N09_M07_F10_KI01_8,KI01,artificial,inner_race,N09_M07_F10,899.74,none,9333.3,10666.7,28.7478,inner_race,0.048,4.685723363313198,1,-0.019,0.008,3.5812808956037805,25,-0.005000000000000001
N09_M07_F10_KI01_9,KI01,artificial,inner_race,N09_M07_F10,899.75,none,9333.3,10666.7,28.4053,inner_race,0.046,3.444170131526388,1,-0.018000000000000002,0.002,3.676547528856273,25,-0.004
N09_M07_F10_KI03_1,KI03,artificial,inner_race,N09_M07_F10,899.95,none,13000.0,14000.0,8.1199,normal,0.28,0.4841843312656678,0,-0.016,0.1,2.1058691916133823,3,0.011
N09_M07_F10_KI03_10,KI03,artificial,inner_race,N09_M07_F10,899.86,none,13333.3,14666.7,7.2196,normal,0.392,0.125901065949754,0,-0.015,0.09,1.9918107763631574,3,0.009999999999999998
N09_M07_F10_KI03_11,KI03,artificial,inner_race,N09_M07_F10,899.71,none,13333.3,14666.7,7.4261,normal,0.294,0.6570215373485035,0,-0.019,0.098,1.7667526164407283,3,0.009999999999999998
N09_M07_F10_KI03_12,KI03,artificial,inner_race,N09_M07_F10,899.73,none,13000.0,14000.0,7.081,normal,0.258,1.2233827051123705,0,-0.02,0.14,1.158323029772677,3,0.009999999999999998
N09_M07_F10_KI03_13,KI03,artificial,inner_race,N09_M07_F10,899.81,none,12000.0,14000.0,6.9591,normal,0.322,0.4937273401164669,1,-0.013000000000000001,0.044,1.8010996274137998,4,0.011
N09_M07_F10_KI03_14,KI03,artificial,inner_race,N09_M07_F10,899.67,none,12000.0,14000.0,7.1599,normal,0.282,0.7732873790578825,0,-0.016,0.08,1.830732346705423,3,0.009999999999999998
N09_M07_F10_KI03_15,KI03,artificial,inner_race,N09_M07_F10,899.9,none,12000.0,14000.0,7.7548,normal,0.418,0.20643346933737636,0,-0.008,0.088,1.5832578641305313,4,0.011
N09_M07_F10_KI03_16,KI03,artificial,inner_race,N09_M07_F10,899.91,none,12000.0,14000.0,7.5314,normal,0.172,2.75340999206861,0,-0.017,0.1,1.5278192336349088,3,0.011
N09_M07_F10_KI03_17,KI03,artificial,inner_race,N09_M07_F10,899.47,none,14000.0,15000.0,7.4614,normal,0.238,0.9539915361453389,0,-0.016,0.102,2.2111598091423708,3,0.009999999999999998
N09_M07_F10_KI03_18,KI03,artificial,inner_race,N09_M07_F10,899.71,none,12000.0,14000.0,7.1242,normal,0.22,0.7270611634879367,0,-0.017,0.122,2.0369431876763526,3,0.011
N09_M07_F10_KI03_19,KI03,artificial,inner_race,N09_M07_F10,899.64,none,12000.0,14000.0,7.6499,normal,0.314,0.6133967842892029,0,-0.017,0.026,1.899412309469907,4,0.011
N09_M07_F10_KI03_2,KI03,artificial,inner_race,N09_M07_F10,899.79,none,12000.0,14000.0,7.63,normal,0.224,0.9945759352286109,0,-0.02,0.05,1.4952092178111012,3,0.009999999999999998
N09_M07_F10_KI03_20,KI03,artificial,inner_race,N09_M07_F10,899.74,none,12000.0,14000.0,7.3274,normal,0.264,1.0918912518478845,0,-0.02,0.198,1.2947405059260004,3,0.011
N09_M07_F10_KI03_3,KI03,artificial,inner_race,N09_M07_F10,899.71,none,13333.3,14666.7,7.0429,normal,0.248,1.0198935995684153,0,-0.019,0.038,1.8550635126345898,3,0.011
N09_M07_F10_KI03_4,KI03,artificial,inner_race,N09_M07_F10,899.6,none,12000.0,14000.0,6.9823,normal,0.634,-0.2748094989378359,0,-0.016,0.06,1.9915725047405062,3,0.011
N09_M07_F10_KI03_5,KI03,artificial,inner_race,N09_M07_F10,899.63,none,12000.0,14000.0,8.3087,normal,0.252,1.2144930979178536,0,-0.016,0.1,1.5903775235933184,3,0.012
N09_M07_F10_KI03_6,KI03,artificial,inner_race,N09_M07_F10,899.65,none,12000.0,14000.0,7.0155,normal,0.192,1.2068693734017866,0,-0.018000000000000002,0.118,2.498766567567383,3,0.012
N09_M07_F10_KI03_7,KI03,artificial,inner_race,N09_M07_F10,899.84,none,12000.0,14000.0,6.5771,normal,0.622,-0.22707277326092323,0,0.009999999999999998,0.048,1.4512950584240563,3,0.009999999999999998
N09_M07_F10_KI03_8,KI03,artificial,inner_race,N09_M07_F10,899.82,none,12000.0,14000.0,7.5043,normal,0.374,0.5447758142159492,0,-0.013000000000000001,0.218,1.369713365241971,3,0.012
N09_M07_F10_KI03_9,KI03,artificial,inner_race,N09_M07_F10,899.8,none,12000.0,14000.0,7.1781,normal,0.404,0.11453029555422192,0,-0.017,0.216,1.3680520696185985,3,0.009999999999999998
N09_M07_F10_KI04_1,KI04,real,inner_race,N09_M07_F10,899.74,none,10666.7,13333.3,5.1784,normal,0.778,-0.7648422401049485,0,-0.016,0.244,0.8898802624556309,3,0.011
N09_M07_F10_KI04_10,KI04,real,inner_race,N09_M07_F10,899.77,none,12000.0,14000.0,5.6967,normal,0.976,-1.3453607597328168,0,0.009999999999999998,0.238,1.2200438832608727,2,0.009999999999999998
N09_M07_F10_KI04_11,KI04,real,inner_race,N09_M07_F10,899.67,none,10666.7,13333.3,4.8755,normal,0.962,-1.676795762220759,0,-0.013000000000000001,0.12,1.5849013662037112,2,0.011
N09_M07_F10_KI04_12,KI04,real,inner_race,N09_M07_F10,899.73,none,10666.7,12000.0,5.2349,normal,0.962,-1.6152850531117113,0,-0.02,0.05,1.6043403137399823,2,0.011
N09_M07_F10_KI04_13,KI04,real,inner_race,N09_M07_F10,899.62,none,10666.7,13333.3,5.2421,normal,0.582,-0.18487676713969622,0,-0.017,0.114,0.9137564222678256,3,0.011
N09_M07_F10_KI04_14,KI04,real,inner_race,N09_M07_F10,899.72,none,10666.7,13333.3,5.6502,normal,0.984,-2.216446467459945,0,0.011,0.092,0.9806784248519834,3,0.011
N09_M07_F10_KI04_15,KI04,real,inner_race,N09_M07_F10,899.94,none,12000.0,14000.0,5.8686,normal,0.998,-2.358957800185488,0,0.019,0.116,1.4004877286414223,3,0.011
N09_M07_F10_KI04_16,KI04,real,inner_race,N09_M07_F10,899.77,none,12000.0,14000.0,5.195,normal,0.976,-1.1793130457351442,0,-0.006999999999999999,0.336,0.4253972728269593,3,0.011
N09_M07_F10_KI04_17,KI04,real,inner_race,N09_M07_F10,899.78,none,10666.7,13333.3,5.5265,normal,1.0,-2.9194414406554374,0,0.02,0.226,0.6905802005496107,3,0.011
N09_M07_F10_KI04_18,KI04,real,inner_race,N09_M07_F10,899.93,none,10666.7,13333.3,4.8931,normal,0.47,0.07788489625179114,0,-0.018000000000000002,0.188,0.7475327675956368,2,0.011
N09_M07_F10_KI04_19,KI04,real,inner_race,N09_M07_F10,899.55,none,10666.7,13333.3,5.9173,normal,0.95,-2.0255023952246796,0,-0.016,0.146,1.00491368335406,2,0.011
N09_M07_F10_KI04_2,KI04,real,inner_race,N09_M07_F10,899.51,none,13333.3,14666.7,5.7454,normal,0.934,-1.522358011097311,0,-0.017,0.29,0.6657840466235218,3,0.012
N09_M07_F10_KI04_20,KI04,real,inner_race,N09_M07_F10,899.62,none,10000.0,12000.0,7.0918,normal,1.0,-1.5280366608989655,0,-0.02,0.184,0.8349555179549851,2,0.011
N09_M07_F10_KI04_3,KI04,real,inner_race,N09_M07_F10,899.85,none,10666.7,13333.3,5.0604,normal,0.998,-2.843059651694114,0,0.014000000000000002,0.21,0.8622381178776527,3,0.011
N09_M07_F10_KI04_4,KI04,real,inner_race,N09_M07_F10,899.81,none,13333.3,14666.7,6.1029,normal,1.0,-2.6851102422067608,0,-0.005000000000000001,0.166,0.9913839876988264,3,0.011
N09_M07_F10_KI04_5,KI04,real,inner_race,N09_M07_F10,899.63,none,11000.0,12000.0,5.1368,normal,0.9,-0.8757704575551842,0,-0.02,0.1,1.668366722797744,2,0.012
N09_M07_F10_KI04_6,KI04,real,inner_race,N09_M07_F10,899.8,none,10666.7,13333.3,4.8798,normal,0.958,-1.0171312419754792,0,-0.015,0.488,0.06102683073666434,4,0.011
N09_M07_F10_KI04_7,KI04,real,inner_race,N09_M07_F10,899.98,none,10666.7,13333.3,6.8366,normal,0.998,-1.7808885960926601,0,-0.018000000000000002,0.218,1.196191679994973,3,0.011
N09_M07_F10_KI04_8,KI04,real,inner_race,N09_M07_F10,899.65,none,12000.0,14000.0,5.1001,normal,0.526,-0.08462911958163585,0,-0.018000000000000002,0.154,1.2086524638716978,3,0.012
N09_M07_F10_KI04_9,KI04,real,inner_race,N09_M07_F10,899.45,none,10666.7,13333.3,5.5591,normal,0.784,-1.1223757714003628,0,-0.017,0.332,0.8187415071374273,4,0.011
N09_M07_F10_KI05_1,KI05,artificial,inner_race,N09_M07_F10,899.54,none,12000.0,14000.0,18.4949,normal,1.0,-2.2404539364975924,0,-0.02,0.262,0.7090261939144125,3,0.012
N09_M07_F10_KI05_10,KI05,artificial,inner_race,N09_M07_F10,899.7,none,8000.0,10666.7,12.5195,normal,0.412,0.25781833109214225,0,-0.017,0.336,0.48114431015426457,3,0.012
N09_M07_F10_KI05_11,KI05,artificial,inner_race,N09_M07_F10,899.78,none,13333.3,14666.7,10.7661,normal,0.618,-0.17856667954149777,0,-0.016,0.218,0.7305318679690512,3,0.013000000000000001
N09_M07_F10_KI05_12,KI05,artificial,inner_race,N09_M07_F10,899.95,none,10666.7,13333.3,10.5197,normal,0.766,-0.5497396788496419,0,-0.018000000000000002,0.5,0.027294155635527034,3,0.011
N09_M07_F10_KI05_13,KI05,artificial,inner_race,N09_M07_F10,900.35,none,8000.0,12000.0,9.6552,normal,1.0,-2.091023457468464,0,-0.017,0.526,-0.20265056702767698,3,0.011
N09_M07_F10_KI05_14,KI05,artificial,inner_race,N09_M07_F10,900.22,none,10666.7,13333.3,12.3141,normal,0.596,-0.21278647360862826,0,-0.02,0.438,0.18552545186813604,3,0.011
N09_M07_F10_KI05_15,KI05,artificial,inner_race,N09_M07_F10,899.78,none,8000.0,12000.0,13.0068,normal,0.676,-0.5081988020975818,0,-0.018000000000000002,0.256,0.6729171508015215,3,0.012
N09_M07_F10_KI05_16,KI05,artificial,inner_race,N09_M07_F10,899.52,none,12000.0,14000.0,13.3038,normal,0.598,-0.3868752057240358,0,-0.017,0.384,0.39675305036529457,3,0.012
N09_M07_F10_KI05_17,KI05,artificial,inner_race,N09_M07_F10,899.67,none,8000.0,12000.0,12.0541,normal,0.406,0.34501525459149923,0,-0.017,0.25,1.0652656903879856,3,0.012
N09_M07_F10_KI05_18,KI05,artificial,inner_race,N09_M07_F10,899.55,none,10666.7,13333.3,11.0181,normal,0.744,-0.9991804456879722,0,-0.018000000000000002,0.204,0.9262442369089585,2,0.011
N09_M07_F10_KI05_19,KI05,artificial,inner_race,N09_M07_F10,899.73,none,12000.0,14000.0,12.1733,normal,1.0,-2.208569765300838,0,-0.0010000000000000009,0.938,-1.123148103344806,2,0.011
N09_M07_F10_KI05_2,KI05,artificial,inner_race,N09_M07_F10,899.83,none,10666.7,12000.0,13.1767,normal,0.636,-0.4921950069952704,0,-0.016,0.182,0.6389617886785219,3,0.012
N09_M07_F10_KI05_20,KI05,artificial,inner_race,N09_M07_F10,899.84,none,10000.0,12000.0,12.2916,normal,0.822,-0.8744040610751327,0,-0.018000000000000002,0.142,1.0114315163687728,3,0.012
N09_M07_F10_KI05_3,KI05,artificial,inner_race,N09_M07_F10,899.37,none,10666.7,13333.3,12.026,normal,0.87,-1.1591961335046397,0,-0.017,0.268,0.9092491858485707,3,0.012
N09_M07_F10_KI05_4,KI05,artificial,inner_race,N09_M07_F10,899.66,none,13333.3,14666.7,12.5923,normal,0.828,-1.1725527181132647,0,-0.018000000000000002,0.356,0.5750872579308884,3,0.012
N09_M07_F10_KI05_5,KI05,artificial,inner_race,N09_M07_F10,900.37,none,8000.0,12000.0,10.204,normal,0.976,-1.4300719875282668,0,0.0010000000000000009,0.454,0.07986595833639829,3,0.011
N09_M07_F10_KI05_6,KI05,artificial,inner_race,N09_M07_F10,900.27,none,8000.0,12000.0,10.9593,normal,0.948,-1.191977903925508,0,-0.017,0.38,0.2586227752164339,3,0.011
N09_M07_F10_KI05_7,KI05,artificial,inner_race,N09_M07_F10,899.68,none,8000.0,12000.0,10.2266,normal,0.766,-0.590740970850389,0,-0.011,0.494,0.018007696581569987,3,0.013000000000000001
N09_M07_F10_KI05_8,KI05,artificial,inner_race,N09_M07_F10,899.73,none,8000.0,9333.3,11.9082,normal,0.348,0.26398875618001566,0,-0.018000000000000002,0.06,1.3825122824276221,3,0.012
N09_M07_F10_KI05_9,KI05,artificial,inner_race,N09_M07_F10,899.8,none,10666.7,13333.3,11.2232,normal,0.916,-1.8431039081545177,0,-0.018000000000000002,0.318,0.49599791541375715,3,0.011
N09_M07_F10_KI07_1,KI07,artificial,inner_race,N09_M07_F10,899.75,none,10666.7,13333.3,10.1705,normal,0.796,-0.6931798399531308,0,-0.018000000000000002,0.236,0.5712051657153944,3,0.012
N09_M07_F10_KI07_10,KI07,artificial,inner_race,N09_M07_F10,899.88,none,12000.0,13333.3,11.7155,normal,0.708,-0.4773377697966515,0,-0.018000000000000002,0.12,1.2676393746103085,3,0.011
N09_M07_F10_KI07_11,KI07,artificial,inner_race,N09_M07_F10,899.61,none,10666.7,13333.3,12.8336,normal,0.744,-0.8070005892478577,0,-0.018000000000000002,0.154,0.7331585544055464,3,0.011
N09_M07_F10_KI07_12,KI07,artificial,inner_race,N09_M07_F10,899.66,none,12000.0,14000.0,13.1102,normal,0.746,-0.6800100526137312,0,-0.017,0.344,0.7378380323155578,3,0.012
N09_M07_F10_KI07_13,KI07,artificial,inner_race,N09_M07_F10,899.7,none,10666.7,13333.3,12.3615,normal,0.85,-1.1543856452109318,0,-0.016,0.19,1.1080482526021138,3,0.012
N09_M07_F10_KI07_14,KI07,artificial,inner_race,N09_M07_F10,899.91,none,10666.7,13333.3,14.2332,normal,0.758,-0.33164451098994613,0,-0.018000000000000002,0.294,0.5320593389466923,3,0.011
N09_M07_F10_KI07_15,KI07,artificial,inner_race,N09_M07_F10,899.59,none,10666.7,12000.0,13.3058,normal,0.968,-2.5393665109143146,0,-0.02,0.188,0.6958946826376134,3,0.011
N09_M07_F10_KI07_16,KI07,artificial,inner_race,N09_M07_F10,899.6,none,10666.7,13333.3,14.7547,normal,0.858,-1.084165338550792,0,-0.016,0.156,1.1164499601362057,3,0.011
N09_M07_F10_KI07_17,KI07,artificial,inner_race,N09_M07_F10,899.93,none,8000.0,12000.0,11.2514,normal,0.624,-0.5624121241783957,0,-0.018000000000000002,0.086,1.3760592079593936,3,0.011
N09_M07_F10_KI07_18,KI07,artificial,inner_race,N09_M07_F10,899.41,none,13333.3,14666.7,10.541,normal,1.0,-1.1850389324057353,0,-0.016,0.236,1.3622031987482754,3,0.011
N09_M07_F10_KI07_19,KI07,artificial,inner_race,N09_M07_F10,899.72,none,10000.0,12000.0,9.8221,normal,0.744,-0.9287674104481224,0,-0.02,0.404,0.2618866231678428,3,0.011
N09_M07_F10_KI07_2,KI07,artificial,inner_race,N09_M07_F10,900.02,none,12000.0,14000.0,11.7096,normal,0.678,-0.5279142326003361,0,-0.018000000000000002,0.154,0.8738991990053239,3,0.011
N09_M07_F10_KI07_20,KI07,artificial,inner_race,N09_M07_F10,899.73,none,12000.0,14000.0,14.587,normal,0.78,-0.6243617637128542,0,-0.018000000000000002,0.48,0.10144571389004543,3,0.011
N09_M07_F10_KI07_3,KI07,artificial,inner_race,N09_M07_F10,900.4,none,10666.7,13333.3,11.6576,normal,0.756,-0.69277594214865,0,-0.018000000000000002,0.33,0.5001988369637289,3,0.011
N09_M07_F10_KI07_4,KI07,artificial,inner_race,N09_M07_F10,899.83,none,10666.7,13333.3,12.0354,normal,0.216,0.8397423910118501,0,-0.018000000000000002,0.494,0.04519891567382578,3,0.013000000000000001
N09_M07_F10_KI07_5,KI07,artificial,inner_race,N09_M07_F10,899.35,none,10000.0,12000.0,11.2055,normal,1.0,-1.5229109575665125,0,-0.016,0.264,0.6455672990235108,3,0.014000000000000002
N09_M07_F10_KI07_6,KI07,artificial,inner_race,N09_M07_F10,900.09,none,13333.3,14666.7,4.6945,normal,1.0,-1.6245121578860104,0,-0.004,0.124,1.0673254379580477,2,0.009999999999999998
N09_M07_F10_KI07_7,KI07,artificial,inner_race,N09_M07_F10,899.9,none,10666.7,12000.0,10.6354,normal,1.0,-2.398875029192165,0,-0.013000000000000001,0.418,0.1751407287589939,3,0.011
N09_M07_F10_KI07_8,KI07,artificial,inner_race,N09_M07_F10,899.61,none,10666.7,13333.3,12.2816,normal,0.42,0.16098784303661323,0,-0.016,0.332,0.7037599248496987,3,0.011
N09_M07_F10_KI07_9,KI07,artificial,inner_race,N09_M07_F10,900.08,none,10000.0,12000.0,10.2336,normal,0.448,0.13734759577465117,0,-0.018000000000000002,0.326,0.7618800083787083,3,0.009999999999999998
N09_M07_F10_KI08_1,KI08,artificial,inner_race,N09_M07_F10,899.37,none,10666.7,13333.3,9.7201,normal,1.0,-1.6671164854004226,0,-0.018000000000000002,0.39,0.4405055241446587,3,0.012
N09_M07_F10_KI08_10,KI08,artificial,inner_race,N09_M07_F10,899.93,none,12000.0,14000.0,10.6825,normal,0.796,-0.9824856004135235,0,-0.015,0.266,0.7712694080986962,3,0.013000000000000001
N09_M07_F10_KI08_11,KI08,artificial,inner_race,N09_M07_F10,899.82,none,10666.7,13333.3,10.953,normal,0.564,-0.19496045141281207,0,-0.018000000000000002,0.19,1.206570951279624,3,0.011
N09_M07_F10_KI08_12,KI08,artificial,inner_race,N09_M07_F10,899.28,none,10000.0,12000.0,9.7429,normal,0.426,0.18038249079936383,0,-0.018000000000000002,0.232,0.924545077962382,3,0.011
N09_M07_F10_KI08_13,KI08,artificial,inner_race,N09_M07_F10,899.42,none,10000.0,12000.0,12.9758,normal,0.764,-0.7117053632494493,0,-0.016,0.188,0.7865578297768369,3,0.014000000000000002
N09_M07_F10_KI08_14,KI08,artificial,inner_race,N09_M07_F10,899.62,none,10666.7,13333.3,10.1188,normal,0.606,-0.4362638852029945,0,-0.02,0.332,0.8662910538948918,3,0.012
N09_M07_F10_KI08_15,KI08,artificial,inner_race,N09_M07_F10,899.74,none,10666.7,13333.3,12.5103,normal,0.848,-1.0908188221998079,0,-0.02,0.054,1.588864088419962,3,0.012
N09_M07_F10_KI08_16,KI08,artificial,inner_race,N09_M07_F10,899.56,none,10666.7,13333.3,11.9368,normal,0.804,-0.8947322713726658,0,-0.018000000000000002,0.43,0.26163457873904195,2,0.011
N09_M07_F10_KI08_17,KI08,artificial,inner_race,N09_M07_F10,899.47,none,13333.3,14666.7,8.3164,normal,0.748,-0.658783385658726,0,-0.017,0.362,0.29668207733773944,2,0.011
N09_M07_F10_KI08_18,KI08,artificial,inner_race,N09_M07_F10,900.01,none,10666.7,13333.3,10.785,normal,0.932,-1.0168242491888386,0,-0.017,0.14,0.7669822551400587,3,0.011
N09_M07_F10_KI08_19,KI08,artificial,inner_race,N09_M07_F10,899.71,none,14000.0,15000.0,9.6972,normal,0.674,-0.6520060991081779,0,-0.02,0.384,0.29959879267166356,2,0.013000000000000001
N09_M07_F10_KI08_2,KI08,artificial,inner_race,N09_M07_F10,899.27,none,10666.7,13333.3,12.755,normal,0.986,-1.2051304547724648,0,-0.02,0.376,0.25708425210655167,3,0.012
N09_M07_F10_KI08_20,KI08,artificial,inner_race,N09_M07_F10,899.99,none,13333.3,14666.7,8.3044,normal,0.958,-2.7057518410652817,0,-0.018000000000000002,0.206,0.9822510235880652,3,0.011
N09_M07_F10_KI08_3,KI08,artificial,inner_race,N09_M07_F10,899.86,none,13333.3,14666.7,11.1581,normal,1.0,-1.9294526237736351,0,-0.018000000000000002,0.236,0.6513324859882733,3,0.011
N09_M07_F10_KI08_4,KI08,artificial,inner_race,N09_M07_F10,899.51,none,12000.0,14000.0,8.6893,normal,0.996,-2.8347819504181566,0,0.006999999999999999,0.322,0.40628762199564367,2,0.009999999999999998
N09_M07_F10_KI08_5,KI08,artificial,inner_race,N09_M07_F10,899.62,none,10666.7,13333.3,10.4069,normal,0.6,-0.20093933668903535,0,-0.015,0.152,0.9107888238616588,4,0.012
N09_M07_F10_KI08_6,KI08,artificial,inner_race,N09_M07_F10,899.67,none,10000.0,12000.0,10.1234,normal,1.0,-1.8337616594857153,0,0.009000000000000001,0.36,0.520600815269324,3,0.012
N09_M07_F10_KI08_7,KI08,artificial,inner_race,N09_M07_F10,899.81,none,10666.7,13333.3,11.3743,normal,0.874,-0.8188129688648661,0,-0.018000000000000002,0.358,0.7194140336020339,3,0.012
N09_M07_F10_KI08_8,KI08,artificial,inner_race,N09_M07_F10,899.8,none,10666.7,13333.3,14.0267,normal,0.846,-0.6334349596912568,0,-0.017,0.232,0.7966134996387714,3,0.011
N09_M07_F10_KI08_9,KI08,artificial,inner_race,N09_M07_F10,899.76,none,10666.7,13333.3,10.3464,normal,0.8,-1.2404592706823556,0,-0.019,0.424,0.305267591062391,3,0.011
N09_M07_F10_KI14_1,KI14,real,inner_race,N09_M07_F10,899.68,none,10666.7,13333.3,8.671,normal,0.12,3.5706007569297675,0,-0.017,0.102,2.3047927532802,3,0.011
N09_M07_F10_KI14_10,KI14,real,inner_race,N09_M07_F10,899.71,none,10666.7,13333.3,7.6064,normal,0.204,2.4454394145703704,0,-0.019,0.102,1.3077221838996205,3,0.011
N09_M07_F10_KI14_11,KI14,real,inner_race,N09_M07_F10,899.82,none,12000.0,14000.0,7.3331,normal,0.254,1.3498566406254224,0,-0.019,0.108,2.2714035018816827,3,0.011
N09_M07_F10_KI14_12,KI14,real,inner_race,N09_M07_F10,899.7,none,10666.7,13333.3,7.5377,normal,0.18,2.4988008162285738,2,-0.019,0.092,2.790565541496206,7,0.011
N09_M07_F10_KI14_13,KI14,real,inner_race,N09_M07_F10,899.78,none,12000.0,14000.0,7.8617,normal,0.138,2.410677661108511,2,-0.017,0.098,1.926401709129096,6,0.011
N09_M07_F10_KI14_14,KI14,real,inner_race,N09_M07_F10,899.64,none,10666.7,12000.0,7.7855,normal,0.122,1.891373131090283,1,-0.016,0.098,1.6165644140968538,4,0.011
N09_M07_F10_KI14_15,KI14,real,inner_race,N09_M07_F10,899.65,none,10666.7,13333.3,8.3319,normal,0.188,1.4635887380653865,0,-0.017,0.122,1.3398503936649933,3,0.012
N09_M07_F10_KI14_16,KI14,real,inner_race,N09_M07_F10,899.72,none,10666.7,13333.3,8.3393,normal,0.118,2.60975515437749,1,-0.019,0.196,2.4651867110141152,4,0.011
N09_M07_F10_KI14_17,KI14,real,inner_race,N09_M07_F10,899.87,none,12000.0,14000.0,7.2105,normal,0.318,0.5040774187120611,0,-0.019,0.03,2.5040061618540714,4,0.009999999999999998
N09_M07_F10_KI14_18,KI14,real,inner_race,N09_M07_F10,900.02,none,10666.7,13333.3,7.6747,normal,0.14,1.6837686165252892,1,-0.019,0.1,2.064521185728106,5,0.011
N09_M07_F10_KI14_19,KI14,real,inner_race,N09_M07_F10,899.74,none,10666.7,13333.3,7.0398,normal,0.164,2.3866191845755647,1,-0.019,0.192,2.5385398638877805,4,0.009999999999999998
N09_M07_F10_KI14_2,KI14,real,inner_race,N09_M07_F10,899.69,none,13333.3,14666.7,7.8633,normal,0.202,1.5943458575949159,0,-0.019,0.198,2.459048191652539,3,0.011
N09_M07_F10_KI14_20,KI14,real,inner_race,N09_M07_F10,899.68,none,13333.3,14666.7,6.8358,normal,0.194,2.391939455859773,0,-0.019,0.076,2.2329511251554743,3,0.009999999999999998
N09_M07_F10_KI14_3,KI14,real,inner_race,N09_M07_F10,899.75,none,10666.7,13333.3,7.8924,normal,0.222,2.2072641486177744,0,-0.017,0.102,1.6801312200974663,3,0.011
N09_M07_F10_KI14_4,KI14,real,inner_race,N09_M07_F10,899.67,none,12000.0,14000.0,7.1802,normal,0.192,1.827559972199941,0,-0.02,0.1,1.1276627801817072,2,0.009999999999999998
N09_M07_F10_KI14_5,KI14,real,inner_race,N09_M07_F10,899.74,none,10666.7,13333.3,7.0719,normal,0.12,2.9307929770989634,0,-0.017,0.094,2.4413496922125315,3,0.009999999999999998
N09_M07_F10_KI14_6,KI14,real,inner_race,N09_M07_F10,899.79,none,10666.7,13333.3,8.4196,normal,0.146,2.213436496903467,0,-0.019,0.096,2.5409077048114717,5,0.012
N09_M07_F10_KI14_7,KI14,real,inner_race,N09_M07_F10,899.61,none,12000.0,14000.0,7.8925,normal,0.176,2.1291838510320136,0,-0.014,0.1,2.7243342413785356,3,0.011
N09_M07_F10_KI14_8,KI14,real,inner_race,N09_M07_F10,899.7,none,10666.7,13333.3,8.764,normal,0.12,4.223340345140536,1,-0.019,0.074,3.086012061912303,4,0.011
N09_M07_F10_KI14_9,KI14,real,inner_race,N09_M07_F10,899.63,none,12000.0,14000.0,7.794,normal,0.204,0.6792537705843835,0,-0.017,0.226,1.8093994233180508,3,0.011
N09_M07_F10_KI16_1,KI16,real,inner_race,N09_M07_F10,899.82,none,0.0,1000.0,24.7849,inner_race,0.036,3.245298677420091,1,-0.02,0.008,2.4818233636963374,25,-0.0019999999999999983
N09_M07_F10_KI16_10,KI16,real,inner_race,N09_M07_F10,899.75,none,0.0,1000.0,24.326,outer_race,0.012,4.322903222004485,2,-0.02,0.004,2.7484365520222633,25,-0.0010000000000000009
N09_M07_F10_KI16_11,KI16,real,inner_race,N09_M07_F10,899.67,none,0.0,1000.0,23.8565,outer_race,0.024,6.74837122966491,2,-0.02,0.008,2.336665149407104,25,-0.0010000000000000009
N09_M07_F10_KI16_12,KI16,real,inner_race,N09_M07_F10,899.78,none,0.0,1000.0,24.5413,inner_race,0.95,-1.844234921698278,0,-0.02,0.002,3.127806315611166,10,-0.0010000000000000009
N09_M07_F10_KI16_13,KI16,real,inner_race,N09_M07_F10,899.73,none,0.0,1000.0,23.6632,outer_race,0.024,7.504297897823746,3,-0.02,0.008,2.5896607540129306,25,-0.0010000000000000009
N09_M07_F10_KI16_14,KI16,real,inner_race,N09_M07_F10,899.77,none,0.0,1000.0,22.3809,outer_race,0.024,3.424250080086745,2,-0.02,0.004,2.3761459563109346,25,-0.0010000000000000009
N09_M07_F10_KI16_15,KI16,real,inner_race,N09_M07_F10,899.8,none,0.0,1000.0,22.885,inner_race,0.138,1.4812976640546827,0,-0.02,0.002,2.672940400415768,22,-0.0010000000000000009
N09_M07_F10_KI16_16,KI16,real,inner_race,N09_M07_F10,899.9,none,0.0,1000.0,22.7216,outer_race,0.024,5.992926770290766,2,-0.02,0.008,2.587940797025883,25,-0.0010000000000000009
N09_M07_F10_KI16_17,KI16,real,inner_race,N09_M07_F10,899.81,none,0.0,1000.0,24.1986,outer_race,0.006,6.022682434809087,2,-0.02,0.008,2.3957318036499515,25,-0.0010000000000000009
N09_M07_F10_KI16_18,KI16,real,inner_race,N09_M07_F10,899.76,none,0.0,1000.0,22.7673,inner_race,0.024,4.053864194510953,0,-0.02,0.002,2.9751383550635757,25,-0.0010000000000000009
N09_M07_F10_KI16_19,KI16,real,inner_race,N09_M07_F10,899.71,none,0.0,1000.0,21.866,inner_race,0.028,5.651028758571847,2,-0.019,0.006,2.8769060981407026,25,-0.0010000000000000009
N09_M07_F10_KI16_2,KI16,real,inner_race,N09_M07_F10,899.79,none,0.0,1000.0,24.2733,outer_race,0.024,4.923967942716226,2,-0.02,0.008,2.4911141008209197,25,-0.0019999999999999983
N09_M07_F10_KI16_20,KI16,real,inner_race,N09_M07_F10,899.69,none,0.0,1000.0,23.7847,inner_race,0.028,5.764844442941447,0,-0.02,0.004,2.481569715709556,25,-0.0010000000000000009
N09_M07_F10_KI16_3,KI16,real,inner_race,N09_M07_F10,899.76,none,0.0,1000.0,23.3218,inner_race,0.034,2.9755655179890708,2,-0.02,0.008,2.1613383280141374,25,-0.0010000000000000009
N09_M07_F10_KI16_4,KI16,real,inner_race,N09_M07_F10,899.64,none,0.0,1000.0,23.9501,outer_race,0.024,5.696240081113654,2,-0.02,0.008,2.8893739707974397,25,-0.0010000000000000009
N09_M07_F10_KI16_5,KI16,real,inner_race,N09_M07_F10,899.58,none,0.0,1000.0,25.2027,outer_race,0.018,10.31323831648666,2,-0.02,0.006,2.4772302807619266,25,-0.0019999999999999983
N09_M07_F10_KI16_6,KI16,real,inner_race,N09_M07_F10,899.76,none,0.0,1000.0,25.7907,outer_race,0.012,11.855424054798723,3,-0.02,0.004,2.653961373583155,25,-0.0010000000000000009
N09_M07_F10_KI16_7,KI16,real,inner_race,N09_M07_F10,899.66,none,0.0,1000.0,24.8554,outer_race,0.012,8.03250101843101,2,-0.02,0.006,2.4580853240273894,25,-0.0010000000000000009
N09_M07_F10_KI16_8,KI16,real,inner_race,N09_M07_F10,899.75,none,0.0,1000.0,23.5895,inner_race,0.024,3.8982809636647002,1,-0.02,0.004,2.320982195658463,25,-0.0010000000000000009
N09_M07_F10_KI16_9,KI16,real,inner_race,N09_M07_F10,899.68,none,0.0,1000.0,24.2345,inner_race,0.028,5.0062429107172965,1,-0.02,0.002,2.468064438953618,25,-0.0010000000000000009
N09_M07_F10_KI17_1,KI17,real,inner_race,N09_M07_F10,899.69,none,10666.7,13333.3,9.5834,normal,0.306,0.9429910358783481,0,-0.019,0.14,2.096943842172029,4,0.012
N09_M07_F10_KI17_10,KI17,real,inner_race,N09_M07_F10,899.21,none,9333.3,10666.7,13.6728,normal,0.97,-0.9457558910915699,0,-0.0010000000000000009,0.084,1.4344315283687292,0,0.012
N09_M07_F10_KI17_11,KI17,real,inner_race,N09_M07_F10,899.72,none,0.0,1000.0,10.3633,normal,0.704,-0.5416919326358809,0,0.006999999999999999,0.036,3.1552966713694945,0,-0.005000000000000001
N09_M07_F10_KI17_12,KI17,real,inner_race,N09_M07_F10,899.76,none,0.0,1000.0,9.0802,normal,0.66,-0.3277967170787036,0,0.012,0.002,3.8571998800365326,0,-0.005000000000000001
N09_M07_F10_KI17_13,KI17,real,inner_race,N09_M07_F10,899.55,none,12000.0,14000.0,9.2168,normal,0.214,1.9538356132419155,0,-0.013000000000000001,0.036,2.8600147835218515,5,0.009999999999999998
N09_M07_F10_KI17_14,KI17,real,inner_race,N09_M07_F10,899.87,none,0.0,1000.0,9.5275,inner_race,0.958,-0.9013320828617539,0,-0.015,0.002,3.4930666288646135,2,-0.004
N09_M07_F10_KI17_15,KI17,real,inner_race,N09_M07_F10,899.82,none,0.0,1000.0,9.2942,normal,0.8,-0.7751361072865403,0,-0.02,0.006,4.093335796583156,0,-0.006
N09_M07_F10_KI17_16,KI17,real,inner_race,N09_M07_F10,899.45,none,0.0,1000.0,9.475,normal,0.944,-1.2386664262032132,0,0.015000000000000003,0.002,3.923996118679274,0,-0.005000000000000001
N09_M07_F10_KI17_17,KI17,real,inner_race,N09_M07_F10,899.53,none,10666.7,13333.3,9.0626,normal,0.376,0.20718730891801487,0,-0.018000000000000002,0.042,2.1973285268718503,3,0.011
N09_M07_F10_KI17_18,KI17,real,inner_race,N09_M07_F10,900.03,none,12000.0,14000.0,8.9434,normal,0.408,0.12824295310828415,0,-0.019,0.054,1.501009507760075,3,0.009999999999999998
N09_M07_F10_KI17_19,KI17,real,inner_race,N09_M07_F10,899.79,none,10666.7,13333.3,7.987,inner_race,0.308,0.6877474528547669,0,-0.017,0.012,1.5161649913369737,3,0.011
N09_M07_F10_KI17_2,KI17,real,inner_race,N09_M07_F10,899.49,none,12000.0,14000.0,9.1651,normal,0.328,0.5661351396068562,0,-0.0010000000000000009,0.04,2.0342111202280604,3,0.013000000000000001
N09_M07_F10_KI17_20,KI17,real,inner_race,N09_M07_F10,899.3,none,0.0,1000.0,10.2184,normal,0.95,-2.134935960793982,0,0.009999999999999998,0.002,3.0354827415743784,1,-0.005000000000000001
N09_M07_F10_KI17_3,KI17,real,inner_race,N09_M07_F10,899.65,none,0.0,1000.0,9.7472,normal,0.996,-1.6705081586554789,0,0.019,0.002,3.7892091275449005,1,-0.004
N09_M07_F10_KI17_4,KI17,real,inner_race,N09_M07_F10,899.73,none,13333.3,14666.7,9.6137,normal,0.208,1.4155360801647763,0,-0.016,0.102,2.7113802587905873,3,0.011
N09_M07_F10_KI17_5,KI17,real,inner_race,N09_M07_F10,899.92,none,0.0,1000.0,11.4662,normal,0.534,-0.16604032443118608,0,0.011,0.002,3.8297151156705387,0,-0.005000000000000001
N09_M07_F10_KI17_6,KI17,real,inner_race,N09_M07_F10,899.8,none,10666.7,13333.3,9.0042,normal,0.286,0.8015377854354939,0,-0.019,0.246,1.7817707093928168,3,0.009999999999999998
N09_M07_F10_KI17_7,KI17,real,inner_race,N09_M07_F10,899.9,none,10666.7,13333.3,9.2713,normal,0.214,1.2495166554063017,0,-0.02,0.036,2.1619702895910775,3,0.011
N09_M07_F10_KI17_8,KI17,real,inner_race,N09_M07_F10,899.41,none,10666.7,13333.3,9.3293,normal,0.242,1.2460275397578127,0,-0.018000000000000002,0.098,2.025606694928985,3,0.011
N09_M07_F10_KI17_9,KI17,real,inner_race,N09_M07_F10,899.77,none,0.0,1000.0,9.9575,normal,0.054,1.9153174153190224,0,-0.01,0.254,0.8041002065470106,0,0.0
N09_M07_F10_KI18_1,KI18,real,inner_race,N09_M07_F10,899.74,none,0.0,1000.0,15.6418,inner_race,0.042,2.915936221700281,1,-0.018000000000000002,0.006,4.142538105215217,25,-0.005000000000000001
N09_M07_F10_KI18_10,KI18,real,inner_race,N09_M07_F10,899.77,none,0.0,1000.0,14.3443,outer_race,0.024,7.873250336261559,3,-0.019,0.01,4.003502745601132,25,-0.005000000000000001
N09_M07_F10_KI18_11,KI18,real,inner_race,N09_M07_F10,899.75,none,0.0,1000.0,14.6051,inner_race,0.946,-1.4597230873121354,0,-0.018000000000000002,0.002,6.279450425182321,4,-0.005000000000000001
N09_M07_F10_KI18_12,KI18,real,inner_race,N09_M07_F10,899.67,none,0.0,1000.0,13.0638,outer_race,0.024,5.7587537680498935,3,-0.019,0.006,3.446199714560481,24,-0.005000000000000001
N09_M07_F10_KI18_13,KI18,real,inner_race,N09_M07_F10,899.78,none,0.0,1000.0,14.2695,outer_race,0.024,5.3146347480341,2,-0.019,0.006,3.7948194106251885,25,-0.005000000000000001
N09_M07_F10_KI18_14,KI18,real,inner_race,N09_M07_F10,899.8,none,0.0,1000.0,13.2834,outer_race,0.012,12.508468831551586,2,-0.019,0.006,3.3086864106041824,25,-0.005000000000000001
N09_M07_F10_KI18_15,KI18,real,inner_race,N09_M07_F10,899.68,none,0.0,1000.0,13.4325,inner_race,0.026,3.032391201671645,2,-0.019,0.012,3.9230182445410167,24,-0.006
N09_M07_F10_KI18_16,KI18,real,inner_race,N09_M07_F10,899.73,none,0.0,1000.0,13.0692,outer_race,0.024,7.377497970549145,2,-0.017,0.006,3.387265440711288,25,-0.005000000000000001
N09_M07_F10_KI18_17,KI18,real,inner_race,N09_M07_F10,899.84,none,0.0,1000.0,13.4709,inner_race,0.038,5.414143355767582,2,-0.016,0.004,3.223544436782522,24,-0.005000000000000001
N09_M07_F10_KI18_18,KI18,real,inner_race,N09_M07_F10,899.81,none,0.0,1000.0,12.8631,inner_race,0.044,2.2800142741547265,2,-0.019,0.01,2.375245785009524,24,-0.005000000000000001
N09_M07_F10_KI18_19,KI18,real,inner_race,N09_M07_F10,899.73,none,0.0,1000.0,13.0812,inner_race,0.046,1.8381229315370362,2,-0.02,0.006,3.096814365914346,24,-0.006
N09_M07_F10_KI18_2,KI18,real,inner_race,N09_M07_F10,899.58,none,0.0,1000.0,13.9072,inner_race,0.714,-0.4715586611233213,0,-0.019,0.004,3.299374605930311,12,-0.006
N09_M07_F10_KI18_20,KI18,real,inner_race,N09_M07_F10,899.81,none,0.0,1000.0,13.1963,inner_race,0.038,4.518672422365501,2,-0.018000000000000002,0.006,3.7663112881814604,25,-0.005000000000000001
N09_M07_F10_KI18_3,KI18,real,inner_race,N09_M07_F10,899.88,none,0.0,1000.0,14.459,inner_race,0.036,4.051975622037176,2,-0.019,0.01,2.96169755521388,25,-0.006
N09_M07_F10_KI18_4,KI18,real,inner_race,N09_M07_F10,899.74,none,0.0,1000.0,13.5253,inner_race,0.028,3.9697290396648603,2,-0.019,0.01,3.729352718118977,25,-0.006
N09_M07_F10_KI18_5,KI18,real,inner_race,N09_M07_F10,899.64,none,0.0,1000.0,13.8864,inner_race,0.038,2.8939393585648494,1,-0.019,0.01,3.220513840511322,24,-0.006
N09_M07_F10_KI18_6,KI18,real,inner_race,N09_M07_F10,899.79,none,0.0,1000.0,15.5058,outer_race,0.02,6.84121852944502,2,-0.019,0.004,4.357184982058852,25,-0.005000000000000001
N09_M07_F10_KI18_7,KI18,real,inner_race,N09_M07_F10,899.78,none,0.0,1000.0,15.1586,inner_race,0.016,5.023667526809318,0,-0.018000000000000002,0.004,4.162031638547758,21,-0.006
N09_M07_F10_KI18_8,KI18,real,inner_race,N09_M07_F10,899.91,none,0.0,1000.0,15.0253,inner_race,0.044,3.588917811040124,0,-0.019,0.004,3.0585315285147057,22,-0.005000000000000001
N09_M07_F10_KI18_9,KI18,real,inner_race,N09_M07_F10,899.81,none,0.0,1000.0,15.0019,inner_race,0.026,7.290631598012926,2,-0.019,0.01,3.151056993811442,25,-0.006
N09_M07_F10_KI21_1,KI21,real,inner_race,N09_M07_F10,899.61,none,10666.7,13333.3,9.0246,normal,0.138,1.6426643850308686,1,-0.016,0.184,2.6197593444494665,6,0.009999999999999998
N09_M07_F10_KI21_10,KI21,real,inner_race,N09_M07_F10,899.78,none,10666.7,13333.3,8.6314,normal,0.142,2.5034641764275536,0,-0.019,0.098,2.211959648298114,4,0.009999999999999998
N09_M07_F10_KI21_11,KI21,real,inner_race,N09_M07_F10,899.64,none,10666.7,13333.3,9.6039,normal,0.138,2.2247819617825795,2,-0.019,0.194,1.6711121252285763,7,0.009999999999999998
N09_M07_F10_KI21_12,KI21,real,inner_race,N09_M07_F10,899.69,none,10666.7,13333.3,8.8432,normal,0.142,2.009737018183611,1,-0.018000000000000002,0.098,2.2057924615306335,6,0.011
N09_M07_F10_KI21_13,KI21,real,inner_race,N09_M07_F10,899.66,none,10666.7,13333.3,9.1908,normal,0.122,3.4581899809256447,0,-0.019,0.13,2.1224856984892746,4,0.011
N09_M07_F10_KI21_14,KI21,real,inner_race,N09_M07_F10,899.84,none,10666.7,13333.3,9.3863,normal,0.142,1.9146237874075323,0,-0.017,0.192,1.7421492888226786,4,0.011
N09_M07_F10_KI21_15,KI21,real,inner_race,N09_M07_F10,899.82,none,10666.7,13333.3,9.0759,normal,0.142,2.191445644418336,0,-0.019,0.102,1.6013363032572177,3,0.009999999999999998
N09_M07_F10_KI21_16,KI21,real,inner_race,N09_M07_F10,899.71,none,10666.7,13333.3,8.1919,normal,0.212,2.058370044334864,0,-0.018000000000000002,0.094,1.7001868456553713,3,0.011
N09_M07_F10_KI21_17,KI21,real,inner_race,N09_M07_F10,899.63,none,10666.7,13333.3,8.9121,normal,0.2,1.810046930287321,0,-0.017,0.192,2.3259774486604337,3,0.011
N09_M07_F10_KI21_18,KI21,real,inner_race,N09_M07_F10,899.76,none,10666.7,13333.3,8.6717,normal,0.126,1.6045354186666878,1,-0.017,0.1,1.3783419038153564,4,0.011
N09_M07_F10_KI21_19,KI21,real,inner_race,N09_M07_F10,899.8,none,10666.7,13333.3,9.1324,normal,0.124,2.0289293528230803,0,-0.019,0.102,2.19100135671212,3,0.009999999999999998
N09_M07_F10_KI21_2,KI21,real,inner_race,N09_M07_F10,899.67,none,10666.7,13333.3,9.4745,normal,0.138,2.417016413783252,2,-0.017,0.098,1.806818956826483,9,0.011
N09_M07_F10_KI21_20,KI21,real,inner_race,N09_M07_F10,899.77,none,10666.7,13333.3,8.3637,normal,0.198,3.230147940538306,0,-0.017,0.1,2.2590233268539532,3,0.011
N09_M07_F10_KI21_3,KI21,real,inner_race,N09_M07_F10,899.86,none,10666.7,13333.3,9.8557,normal,0.132,3.4369621179037235,1,-0.019,0.1,3.10960936267933,6,0.009999999999999998
N09_M07_F10_KI21_4,KI21,real,inner_race,N09_M07_F10,899.75,none,10666.7,13333.3,8.7269,normal,0.142,3.858394783326578,0,-0.017,0.1,1.532349293981238,3,0.011
N09_M07_F10_KI21_5,KI21,real,inner_race,N09_M07_F10,899.78,none,10666.7,13333.3,9.2553,normal,0.2,2.0281658007352332,1,-0.017,0.192,1.6006769522570083,6,0.011
N09_M07_F10_KI21_6,KI21,real,inner_race,N09_M07_F10,899.77,none,10666.7,13333.3,9.0017,normal,0.134,1.9825530782972363,1,-0.019,0.098,3.0243279194584503,7,0.009999999999999998
N09_M07_F10_KI21_7,KI21,real,inner_race,N09_M07_F10,899.76,none,10666.7,13333.3,8.7415,normal,0.14,2.0789274981539507,1,-0.017,0.1,1.7566352123366475,6,0.011
N09_M07_F10_KI21_8,KI21,real,inner_race,N09_M07_F10,899.84,none,12000.0,14000.0,8.9067,normal,0.226,2.076201760643757,0,-0.019,0.126,1.7309960723414437,3,0.009999999999999998
N09_M07_F10_KI21_9,KI21,real,inner_race,N09_M07_F10,899.79,none,10666.7,13333.3,8.1459,normal,0.208,1.9104896074402022,0,-0.019,0.102,2.324687225030858,5,0.011
N15_M01_F10_K001_1,K001,none,normal,N15_M01_F10,1499.61,none,10666.7,13333.3,4.7277,normal,0.394,0.3151488151504386,1,0.0,0.592,-0.23540518429839127,1,0.006999999999999999
N15_M01_F10_K001_10,K001,none,normal,N15_M01_F10,1499.59,none,10666.7,13333.3,4.0189,normal,0.306,0.8545514993821043,1,-0.0010000000000000009,0.07,1.944822921015955,2,0.009999999999999998
N15_M01_F10_K001_11,K001,none,normal,N15_M01_F10,1499.62,none,10666.7,13333.3,3.6161,normal,0.356,0.2755662522658936,1,-0.0019999999999999983,0.21,1.1363403027969559,1,0.011
N15_M01_F10_K001_12,K001,none,normal,N15_M01_F10,1499.61,none,12000.0,14000.0,4.2341,normal,0.962,-1.2247349894991264,1,-0.0010000000000000009,0.574,-0.11466873753664375,1,0.009999999999999998
N15_M01_F10_K001_13,K001,none,normal,N15_M01_F10,1499.65,none,10666.7,13333.3,4.5488,normal,0.606,-0.17627533668492845,0,0.016000000000000004,0.522,-0.03689485438480336,3,0.011
N15_M01_F10_K001_14,K001,none,normal,N15_M01_F10,1499.56,none,10666.7,13333.3,3.732,normal,0.334,0.6457149934911243,1,-0.0019999999999999983,0.088,1.8083627634055732,3,0.011
N15_M01_F10_K001_15,K001,none,normal,N15_M01_F10,1499.62,none,12000.0,14000.0,3.8833,normal,0.476,0.13539229234721822,1,0.0010000000000000009,0.262,0.7065289303622048,3,0.011
N15_M01_F10_K001_16,K001,none,normal,N15_M01_F10,1499.57,none,12000.0,14000.0,3.4163,normal,0.216,0.9738941534700882,1,-0.0019999999999999983,0.64,-0.2292291402844105,2,0.011
N15_M01_F10_K001_17,K001,none,normal,N15_M01_F10,1499.5,none,10666.7,13333.3,4.3594,normal,0.558,-0.08715933294422777,1,-0.017,0.29,0.46864641477636215,1,0.012
N15_M01_F10_K001_18,K001,none,normal,N15_M01_F10,1499.53,none,12000.0,14000.0,4.4658,normal,0.516,-0.15939462280571584,0,0.0,0.238,0.9914523623027767,3,0.011
N15_M01_F10_K001_19,K001,none,normal,N15_M01_F10,1499.57,none,10666.7,13333.3,4.3527,normal,0.436,0.3915854173994301,1,-0.0019999999999999983,0.15,0.9354921492074659,2,0.009999999999999998
N15_M01_F10_K001_2,K001,none,normal,N15_M01_F10,1499.6,none,10666.7,13333.3,3.9902,inner_race,0.492,0.02911870097462308,1,-0.0010000000000000009,0.018,1.8459999845623571,3,0.011
N15_M01_F10_K001_20,K001,none,normal,N15_M01_F10,1499.61,none,12000.0,14000.0,3.7967,normal,0.85,-0.8193504140694291,0,0.02,0.042,2.6034557448959794,2,0.009999999999999998
N15_M01_F10_K001_3,K001,none,normal,N15_M01_F10,1499.58,none,10666.7,13333.3,3.7882,inner_race,0.482,0.3984639960377405,1,0.0010000000000000009,0.002,4.330102489467614,2,0.009999999999999998
N15_M01_F10_K001_4,K001,none,normal,N15_M01_F10,1499.6,none,10666.7,13333.3,4.0241,normal,0.392,0.3417221688368391,1,-0.0019999999999999983,0.564,-0.18441469851579054,1,0.015000000000000003
N15_M01_F10_K001_5,K001,none,normal,N15_M01_F10,1499.6,none,10666.7,13333.3,4.0391,normal,0.456,0.16554559034348254,1,0.0,0.776,-0.7113303947657397,2,0.006000000000000002
N15_M01_F10_K001_6,K001,none,normal,N15_M01_F10,1499.61,none,10666.7,13333.3,4.069,normal,0.174,1.282478331329562,1,-0.0010000000000000009,0.04,2.026910497005441,5,0.009999999999999998
N15_M01_F10_K001_7,K001,none,normal,N15_M01_F10,1499.69,none,10000.0,12000.0,3.6804,normal,0.656,-0.09434675170647377,1,-0.0010000000000000009,0.026,3.6472604353309124,2,0.009999999999999998
N15_M01_F10_K001_8,K001,none,normal,N15_M01_F10,1499.59,none,10666.7,13333.3,4.2529,normal,0.6,-0.3604464519743516,1,-0.0010000000000000009,0.134,1.8733999583147645,2,0.011
N15_M01_F10_K001_9,K001,none,normal,N15_M01_F10,1499.61,none,10666.7,13333.3,4.1303,normal,0.326,0.7546130726131617,1,-0.0010000000000000009,0.514,-0.030969754355113555,4,0.011
N15_M01_F10_K002_1,K002,none,normal,N15_M01_F10,1499.76,none,10666.7,13333.3,9.8678,normal,0.546,-0.1320943339153952,1,-0.0010000000000000009,0.752,-0.529195572346729,3,0.009999999999999998
N15_M01_F10_K002_10,K002,none,normal,N15_M01_F10,1499.42,none,10666.7,13333.3,9.2581,normal,0.664,-0.594464580024705,1,0.0,0.224,1.0266867892905176,1,0.016000000000000004
N15_M01_F10_K002_11,K002,none,normal,N15_M01_F10,1499.62,none,10666.7,13333.3,10.5746,normal,0.836,-0.8970335188658323,1,0.0,0.538,-0.06551556377816245,3,0.012
N15_M01_F10_K002_12,K002,none,normal,N15_M01_F10,1499.56,none,10666.7,13333.3,7.9669,normal,0.82,-0.37027093511151143,1,0.016000000000000004,0.19,1.2992376568588424,2,0.009999999999999998
N15_M01_F10_K002_13,K002,none,normal,N15_M01_F10,1499.44,none,12000.0,14000.0,11.4093,normal,0.644,-0.30358007252329444,1,0.0,0.362,0.5266153167762337,1,-0.0010000000000000009
N15_M01_F10_K002_14,K002,none,normal,N15_M01_F10,1499.19,none,12000.0,14000.0,12.9297,normal,0.848,-1.149184694904102,0,0.016000000000000004,0.042,1.9300337445501392,3,0.012
N15_M01_F10_K002_15,K002,none,normal,N15_M01_F10,1499.75,none,12000.0,14000.0,7.8311,normal,0.836,-0.4911234563948575,1,0.016000000000000004,0.658,-0.35291572384013675,1,0.006999999999999999
N15_M01_F10_K002_16,K002,none,normal,N15_M01_F10,1499.6,none,10666.7,13333.3,9.9882,normal,0.466,0.02974986881351194,1,0.0,0.918,-1.1649435567667175,2,0.009000000000000001
N15_M01_F10_K002_17,K002,none,normal,N15_M01_F10,1499.48,none,10666.7,13333.3,9.0042,normal,0.642,-0.15359365832914176,0,0.016999999999999998,0.238,0.7830759742009008,3,0.012
N15_M01_F10_K002_18,K002,none,normal,N15_M01_F10,1499.68,none,10666.7,13333.3,7.9475,normal,0.836,-0.7663912109673598,1,-0.0010000000000000009,0.186,0.9470112723946877,2,0.009999999999999998
N15_M01_F10_K002_19,K002,none,normal,N15_M01_F10,1499.92,none,10666.7,13333.3,11.8679,normal,0.732,-0.6004819062240958,1,-0.0010000000000000009,0.83,-0.9818089444922619,3,0.012
N15_M01_F10_K002_2,K002,none,normal,N15_M01_F10,1499.24,none,10666.7,13333.3,9.6554,normal,0.724,-0.42320470772165686,1,-0.0010000000000000009,0.13,1.6193932032408014,2,0.016000000000000004
N15_M01_F10_K002_20,K002,none,normal,N15_M01_F10,1499.28,none,12000.0,14000.0,9.2366,normal,0.482,0.014681920274979715,1,0.0010000000000000009,0.57,-0.15687741231884827,2,0.012
N15_M01_F10_K002_3,K002,none,normal,N15_M01_F10,1499.92,none,10666.7,13333.3,10.7346,normal,0.414,0.06021634298968481,1,-0.0010000000000000009,0.638,-0.3885772672957525,1,0.012
N15_M01_F10_K002_4,K002,none,normal,N15_M01_F10,1499.89,none,10666.7,13333.3,8.8385,normal,0.54,-0.2053039951539002,1,0.016000000000000004,0.11,1.3596499610217445,3,0.011
N15_M01_F10_K002_5,K002,none,normal,N15_M01_F10,1499.37,none,10666.7,13333.3,8.4568,normal,0.58,-0.37770025871288176,1,-0.019,0.128,1.7845342693880155,3,0.011
N15_M01_F10_K002_6,K002,none,normal,N15_M01_F10,1499.6,none,10666.7,13333.3,8.2826,normal,0.816,-0.3995010295152812,1,-0.0019999999999999983,0.884,-1.28905745445245,2,0.013000000000000001
N15_M01_F10_K002_7,K002,none,normal,N15_M01_F10,1499.61,none,10666.7,13333.3,9.6487,normal,0.838,-0.7103258973174522,1,-0.0010000000000000009,0.792,-0.7279056430355609,3,0.012
N15_M01_F10_K002_8,K002,none,normal,N15_M01_F10,1499.7,none,10666.7,13333.3,8.3461,normal,0.196,0.8923038909777443,0,-0.018000000000000002,0.438,0.24262221771781584,2,0.009999999999999998
N15_M01_F10_K002_9,K002,none,normal,N15_M01_F10,1499.46,none,10666.7,13333.3,14.0662,normal,0.332,0.6659776320376984,1,-0.0010000000000000009,0.232,0.7443340173199489,2,0.012
N15_M01_F10_K003_1,K003,none,normal,N15_M01_F10,1499.63,none,10666.7,13333.3,3.9197,normal,0.214,1.2800433773327669,1,0.0,0.21,0.7538864926964275,2,0.011
N15_M01_F10_K003_10,K003,none,normal,N15_M01_F10,1499.54,none,10666.7,13333.3,3.9662,normal,0.794,-0.8961323791065828,1,0.0,0.106,1.835556653982307,2,0.011
N15_M01_F10_K003_11,K003,none,normal,N15_M01_F10,1499.59,none,10666.7,13333.3,4.218,normal,0.676,-0.2536034617512726,1,-0.0010000000000000009,0.264,0.6553521698461365,2,0.011
N15_M01_F10_K003_12,K003,none,normal,N15_M01_F10,1499.58,none,10666.7,13333.3,4.1962,normal,0.68,-0.43095106408699885,1,-0.0010000000000000009,0.052,2.0892868919078245,2,0.009999999999999998
N15_M01_F10_K003_13,K003,none,normal,N15_M01_F10,1499.54,none,8000.0,12000.0,4.3753,normal,0.594,-0.3142660782825042,1,-0.0010000000000000009,0.162,1.0585860177194621,2,0.011
N15_M01_F10_K003_14,K003,none,normal,N15_M01_F10,1499.6,none,10666.7,13333.3,4.362,normal,0.246,1.26500895225504,1,0.0,0.074,1.723694077053793,3,0.009999999999999998
N15_M01_F10_K003_15,K003,none,normal,N15_M01_F10,1499.62,none,10666.7,13333.3,3.9887,normal,0.82,-0.7997618674970366,1,-0.0010000000000000009,0.728,-0.5830094972215728,3,0.011
N15_M01_F10_K003_16,K003,none,normal,N15_M01_F10,1499.64,none,12000.0,14000.0,4.1984,normal,0.444,0.17168284323859348,1,0.0010000000000000009,0.168,0.8381388991360115,3,0.009999999999999998
N15_M01_F10_K003_17,K003,none,normal,N15_M01_F10,1499.57,none,8000.0,12000.0,3.7121,normal,0.32,0.8817148497575797,2,0.0,0.042,2.4788868997750804,3,0.011
N15_M01_F10_K003_18,K003,none,normal,N15_M01_F10,1499.6,none,10666.7,13333.3,4.009,inner_race,0.548,-0.09714769055837504,1,0.0,0.002,2.493907877208477,4,0.009999999999999998
N15_M01_F10_K003_19,K003,none,normal,N15_M01_F10,1499.61,none,10666.7,13333.3,4.1401,normal,0.38,0.15693163456292092,2,0.0,0.478,0.09222086001846931,1,-0.014
N15_M01_F10_K003_2,K003,none,normal,N15_M01_F10,1499.62,none,12000.0,14000.0,4.1219,normal,0.498,0.006267570964377217,1,-0.0019999999999999983,0.524,-0.08373761290235567,1,0.015000000000000003
N15_M01_F10_K003_20,K003,none,normal,N15_M01_F10,1499.58,none,10666.7,13333.3,4.1577,normal,0.39,0.23561377746860124,1,-0.0010000000000000009,0.156,1.066385209200261,2,0.011
N15_M01_F10_K003_3,K003,none,normal,N15_M01_F10,1499.62,none,10666.7,13333.3,4.0979,normal,0.528,-0.048656402563082894,1,0.0,0.01,1.6938556902715953,1,-0.009000000000000001
N15_M01_F10_K003_4,K003,none,normal,N15_M01_F10,1499.59,none,10666.7,13333.3,3.7679,normal,0.508,-0.0031044898881056097,1,-0.0019999999999999983,0.368,0.2744226365727437,3,0.011
N15_M01_F10_K003_5,K003,none,normal,N15_M01_F10,1499.64,none,12000.0,14000.0,4.0588,normal,0.502,-0.003691972224400768,1,0.0010000000000000009,0.01,3.2018757967999845,1,0.011
N15_M01_F10_K003_6,K003,none,normal,N15_M01_F10,1499.59,none,10666.7,13333.3,4.3489,normal,0.276,1.0320840576515382,2,0.0,0.478,0.05987561148929274,3,0.011
N15_M01_F10_K003_7,K003,none,normal,N15_M01_F10,1499.65,none,10666.7,13333.3,4.1504,normal,0.35,0.5582304553028298,1,-0.0010000000000000009,0.464,0.2132960294719799,3,0.011
N15_M01_F10_K003_8,K003,none,normal,N15_M01_F10,1499.64,none,10666.7,13333.3,4.3545,normal,0.282,1.2975104656374004,1,-0.0010000000000000009,0.042,1.502240925129133,3,0.011
N15_M01_F10_K003_9,K003,none,normal,N15_M01_F10,1499.61,none,10666.7,13333.3,4.6999,normal,0.224,1.7205890615744839,2,0.0,0.714,-0.6574267080392592,0,-0.009000000000000001
N15_M01_F10_K004_1,K004,none,normal,N15_M01_F10,1499.69,none,12000.0,14000.0,3.2717,inner_race,0.42,0.14918559897105993,0,-0.0019999999999999983,0.006,1.5008031694132045,2,0.011
N15_M01_F10_K004_10,K004,none,normal,N15_M01_F10,1499.62,none,12000.0,14000.0,2.7764,normal,0.392,0.34266638990256076,0,-0.0010000000000000009,0.632,-0.4125682281690591,1,-0.016
N15_M01_F10_K004_11,K004,none,normal,N15_M01_F10,1499.59,none,12000.0,14000.0,2.6777,normal,0.534,-0.06344495709162103,0,0.016000000000000004,0.316,0.6217351912970384,0,-0.0019999999999999983
N15_M01_F10_K004_12,K004,none,normal,N15_M01_F10,1499.59,none,10666.7,13333.3,3.1068,normal,0.358,0.5482945200346084,0,-0.0019999999999999983,0.058,1.4214207314375098,2,0.009999999999999998
N15_M01_F10_K004_13,K004,none,normal,N15_M01_F10,1499.6,none,10666.7,13333.3,3.4043,normal,0.896,-1.0305980102585166,0,-0.019,0.788,-0.6671428483091474,2,-0.01
N15_M01_F10_K004_14,K004,none,normal,N15_M01_F10,1499.62,none,12000.0,14000.0,2.5524,normal,0.228,1.0748898269143519,1,0.0,0.13,2.004533709907022,2,0.011
N15_M01_F10_K004_15,K004,none,normal,N15_M01_F10,1499.65,none,12000.0,14000.0,2.6771,normal,0.15,1.6068022118095284,0,-0.0010000000000000009,0.448,0.10815197435521991,2,0.009999999999999998
N15_M01_F10_K004_16,K004,none,normal,N15_M01_F10,1499.59,none,10666.7,13333.3,2.8032,normal,0.688,-0.575062104222799,0,-0.0019999999999999983,0.732,-0.3283067922956922,1,0.015000000000000003
N15_M01_F10_K004_17,K004,none,normal,N15_M01_F10,1499.53,none,12000.0,14000.0,3.307,normal,0.402,0.17230812841982648,0,0.015000000000000003,0.384,0.33407877106997774,2,0.011
N15_M01_F10_K004_18,K004,none,normal,N15_M01_F10,1499.6,none,12000.0,14000.0,2.7732,normal,0.428,0.2407149152829378,0,0.016000000000000004,0.406,0.2790282638242731,1,0.011
N15_M01_F10_K004_19,K004,none,normal,N15_M01_F10,1499.55,none,12000.0,14000.0,2.953,normal,0.344,0.3886550157511707,0,-0.0010000000000000009,0.388,0.2937541203822718,2,0.009999999999999998
N15_M01_F10_K004_2,K004,none,normal,N15_M01_F10,1499.69,none,12000.0,14000.0,3.853,normal,0.212,0.8324457714004357,1,0.0,0.968,-1.8765502734018789,2,0.009999999999999998
N15_M01_F10_K004_20,K004,none,normal,N15_M01_F10,1499.68,none,12000.0,14000.0,3.3443,normal,0.962,-1.4571911789503293,0,0.014000000000000002,0.196,1.6169046032193923,1,0.011
N15_M01_F10_K004_3,K004,none,normal,N15_M01_F10,1499.64,none,12000.0,14000.0,3.6215,normal,0.216,2.31270667055795,0,-0.0010000000000000009,0.232,0.7960189655732891,2,0.009999999999999998
N15_M01_F10_K004_4,K004,none,normal,N15_M01_F10,1499.65,none,10666.7,13333.3,2.7212,normal,0.26,0.371467735679941,0,0.0,0.282,0.6507697794723704,1,0.011
N15_M01_F10_K004_5,K004,none,normal,N15_M01_F10,1499.66,none,12000.0,14000.0,3.0456,normal,0.228,1.439413185137619,0,0.0,0.242,0.7270252435872975,2,0.011
N15_M01_F10_K004_6,K004,none,normal,N15_M01_F10,1499.58,none,12000.0,14000.0,3.3901,normal,0.624,-0.05675311706403228,0,-0.0019999999999999983,0.482,0.043881308145777065,2,0.011
N15_M01_F10_K004_7,K004,none,normal,N15_M01_F10,1499.59,none,12000.0,14000.0,2.9901,normal,0.388,0.2949244969603102,0,-0.0010000000000000009,0.584,-0.30488553666881846,2,0.009999999999999998
N15_M01_F10_K004_8,K004,none,normal,N15_M01_F10,1499.55,none,12000.0,14000.0,3.2877,normal,0.258,0.7175485079722155,1,0.0,0.26,0.7670857610503137,2,-0.01
N15_M01_F10_K004_9,K004,none,normal,N15_M01_F10,1499.65,none,10666.7,13333.3,3.0523,normal,0.14,2.0560498767337907,2,-0.0019999999999999983,0.5,0.05464994355821891,2,0.012
N15_M01_F10_K005_1,K005,none,normal,N15_M01_F10,1499.68,none,12000.0,14000.0,3.5086,normal,0.782,-0.44917177665371155,0,-0.018000000000000002,0.142,1.248744548740415,2,0.011
N15_M01_F10_K005_10,K005,none,normal,N15_M01_F10,1499.58,none,10666.7,13333.3,4.0351,normal,0.444,0.09589683247106888,0,-0.0010000000000000009,0.54,-0.17031235848570656,2,0.011
N15_M01_F10_K005_11,K005,none,normal,N15_M01_F10,1499.62,none,10666.7,13333.3,3.3697,normal,0.516,-0.06967543390613672,0,0.015000000000000003,0.312,0.5226087466435629,1,0.011
N15_M01_F10_K005_12,K005,none,normal,N15_M01_F10,1499.57,none,10666.7,13333.3,3.8447,normal,0.876,-0.7448116039505709,0,-0.002999999999999999,0.044,2.43249513088308,1,0.009999999999999998
N15_M01_F10_K005_13,K005,none,normal,N15_M01_F10,1499.59,none,12000.0,14000.0,3.4134,normal,0.31,0.9221292584044307,0,-0.0010000000000000009,0.168,1.3702217081183463,1,0.011
N15_M01_F10_K005_14,K005,none,normal,N15_M01_F10,1499.56,none,10666.7,13333.3,3.4027,normal,0.316,0.5873117267822923,0,0.0019999999999999983,0.63,-0.3834982484618725,1,0.009999999999999998
N15_M01_F10_K005_15,K005,none,normal,N15_M01_F10,1499.6,none,10666.7,13333.3,3.7503,normal,0.448,0.31182616441696,0,-0.019,0.05,2.6895831331048776,1,0.011
N15_M01_F10_K005_16,K005,none,normal,N15_M01_F10,1499.55,none,10666.7,13333.3,3.845,normal,0.23,0.6740605721937829,1,-0.0010000000000000009,0.848,-0.9461992592138657,2,0.011
N15_M01_F10_K005_17,K005,none,normal,N15_M01_F10,1499.6,none,10666.7,13333.3,3.498,inner_race,0.178,1.4466791125064742,1,-0.0010000000000000009,0.004,2.1993511848256455,2,0.011
N15_M01_F10_K005_18,K005,none,normal,N15_M01_F10,1499.62,none,10666.7,13333.3,3.3905,normal,0.142,1.8254243846822826,1,-0.0010000000000000009,0.262,0.5913734982639912,1,0.011
N15_M01_F10_K005_19,K005,none,normal,N15_M01_F10,1499.61,none,10666.7,13333.3,1.7097,normal,0.32,0.8037194623159274,0,-0.0019999999999999983,0.79,-0.6823934905055394,0,0.011
N15_M01_F10_K005_2,K005,none,normal,N15_M01_F10,1499.67,none,10666.7,13333.3,3.6466,normal,0.534,-0.10681819735760349,0,-0.0019999999999999983,0.664,-0.33093387277897807,2,0.011
N15_M01_F10_K005_20,K005,none,normal,N15_M01_F10,1499.55,none,10666.7,13333.3,3.1477,normal,0.416,0.27545431889973937,1,-0.018000000000000002,0.028,1.9187807004050068,2,0.009999999999999998
N15_M01_F10_K005_3,K005,none,normal,N15_M01_F10,1499.6,none,10666.7,13333.3,3.1756,normal,0.41,0.29204610169495454,0,-0.0010000000000000009,0.206,0.7305070428825352,1,0.011
N15_M01_F10_K005_4,K005,none,normal,N15_M01_F10,1499.68,none,10666.7,13333.3,3.46,normal,0.146,1.0221175259694084,1,-0.0019999999999999983,0.048,2.8257124303527736,2,0.009000000000000001
N15_M01_F10_K005_5,K005,none,normal,N15_M01_F10,1499.64,none,10666.7,13333.3,3.5372,normal,0.532,-0.11941720039218082,0,0.0,0.068,1.099999115692,1,0.011
N15_M01_F10_K005_6,K005,none,normal,N15_M01_F10,1499.56,none,10666.7,13333.3,3.4241,normal,0.472,0.16152734623165982,0,0.0,0.148,1.3735823345992326,2,0.011
N15_M01_F10_K005_7,K005,none,normal,N15_M01_F10,1499.67,none,10666.7,13333.3,3.6273,normal,0.386,0.5646964257982084,2,0.0,0.254,0.5983460941701181,2,0.011
N15_M01_F10_K005_8,K005,none,normal,N15_M01_F10,1499.58,none,10666.7,13333.3,3.5675,normal,0.26,0.9493073085315571,0,-0.0019999999999999983,0.338,0.41803377146578735,2,0.011
N15_M01_F10_K005_9,K005,none,normal,N15_M01_F10,1499.61,none,10666.7,13333.3,3.7712,normal,0.568,-0.06587793067497755,0,-0.0019999999999999983,0.186,0.8774927824120664,2,0.011
N15_M01_F10_K006_1,K006,none,normal,N15_M01_F10,1499.67,none,10666.7,13333.3,3.935,normal,0.43,0.07073116842462518,1,-0.0010000000000000009,0.254,0.8513740302326714,3,0.011
N15_M01_F10_K006_10,K006,none,normal,N15_M01_F10,1499.59,none,12000.0,14000.0,3.6726,normal,0.264,1.0968632794260362,1,-0.0019999999999999983,0.126,1.8600122748163772,3,0.009999999999999998
N15_M01_F10_K006_11,K006,none,normal,N15_M01_F10,1499.63,none,10666.7,13333.3,2.4781,normal,0.504,-0.004716705860002756,0,-0.017,0.272,0.862163774403268,1,0.011
N15_M01_F10_K006_12,K006,none,normal,N15_M01_F10,1499.62,none,10666.7,13333.3,3.0466,normal,0.612,-0.06090130952651998,0,-0.0019999999999999983,0.172,1.2492768819879803,1,-0.016
N15_M01_F10_K006_13,K006,none,normal,N15_M01_F10,1499.57,none,12000.0,14000.0,2.6047,normal,0.142,2.8725639724718954,1,0.0,0.45,0.09629798699614632,2,0.012
N15_M01_F10_K006_14,K006,none,normal,N15_M01_F10,1499.59,none,10666.7,13333.3,2.7639,normal,0.212,1.7904293413454662,0,0.0,0.104,2.033129924412881,1,0.009999999999999998
N15_M01_F10_K006_15,K006,none,normal,N15_M01_F10,1499.61,none,10666.7,13333.3,2.8128,normal,0.31,0.678646411903437,1,0.016000000000000004,0.18,1.0953983963456277,1,0.009999999999999998
N15_M01_F10_K006_16,K006,none,normal,N15_M01_F10,1499.57,none,12000.0,14000.0,4.0432,normal,0.402,0.17907693042741515,1,0.0019999999999999983,0.232,1.1647737410697814,1,0.011
N15_M01_F10_K006_17,K006,none,normal,N15_M01_F10,1499.58,none,12000.0,14000.0,4.2995,normal,0.426,0.13110658533071476,1,-0.0019999999999999983,0.09,1.0715017016697848,3,0.011
N15_M01_F10_K006_18,K006,none,normal,N15_M01_F10,1499.62,none,12000.0,14000.0,3.7302,normal,0.506,-0.0208635520942596,1,-0.0019999999999999983,0.138,0.804833994669807,2,0.011
N15_M01_F10_K006_19,K006,none,normal,N15_M01_F10,1499.58,none,10666.7,13333.3,3.9029,normal,0.626,-0.37280311458992427,1,-0.0019999999999999983,0.156,1.1284967425838814,2,0.009999999999999998
N15_M01_F10_K006_2,K006,none,normal,N15_M01_F10,1499.62,none,10666.7,13333.3,3.7884,normal,0.582,-0.10143584324783576,1,0.0,0.298,0.6046731573731225,2,0.009999999999999998
N15_M01_F10_K006_20,K006,none,normal,N15_M01_F10,1499.6,none,10666.7,13333.3,4.0662,normal,0.308,0.6537461901117622,1,-0.0019999999999999983,0.09,1.2471906367237555,3,0.011
N15_M01_F10_K006_3,K006,none,normal,N15_M01_F10,1499.6,none,10666.7,13333.3,3.3922,normal,0.298,0.7329221062259692,1,0.0,0.174,1.2388358830157329,3,0.009999999999999998
N15_M01_F10_K006_4,K006,none,normal,N15_M01_F10,1499.63,none,10666.7,13333.3,4.2878,normal,0.168,1.5213983947869558,1,0.0,0.618,-0.219006901739998,2,0.009999999999999998
N15_M01_F10_K006_5,K006,none,normal,N15_M01_F10,1499.61,none,10666.7,13333.3,3.164,normal,0.666,-0.2091300813199811,1,0.0,0.27,1.0726481658608542,2,0.009999999999999998
N15_M01_F10_K006_6,K006,none,normal,N15_M01_F10,1499.59,none,12000.0,14000.0,3.1612,normal,0.384,0.20565426469845863,1,0.0010000000000000009,0.098,2.2778459951788066,1,0.011
N15_M01_F10_K006_7,K006,none,normal,N15_M01_F10,1499.53,none,12000.0,14000.0,4.0099,normal,0.432,0.33514250768167586,1,0.0019999999999999983,0.208,1.0424888484412373,2,0.011
N15_M01_F10_K006_8,K006,none,normal,N15_M01_F10,1499.62,none,12000.0,14000.0,3.8635,normal,0.378,0.25632247098077926,1,-0.0010000000000000009,0.168,0.7520912914394331,2,0.011
N15_M01_F10_K006_9,K006,none,normal,N15_M01_F10,1499.63,none,10666.7,13333.3,4.0493,normal,0.204,2.1127760474026567,0,-0.0010000000000000009,0.328,0.45539814778489685,3,0.009999999999999998
N15_M01_F10_KA01_1,KA01,artificial,outer_race,N15_M01_F10,1499.7,none,2666.7,5333.3,8.6567,outer_race,0.002,5.906850430280015,5,0.0,0.528,-0.2760714377454786,2,-0.009000000000000001
N15_M01_F10_KA01_10,KA01,artificial,outer_race,N15_M01_F10,1499.68,none,2666.7,5333.3,8.5617,outer_race,0.002,6.39128135991942,5,0.0010000000000000009,0.574,-0.22346867417619515,2,-0.02
N15_M01_F10_KA01_11,KA01,artificial,outer_race,N15_M01_F10,1499.48,none,8000.0,10666.7,8.9719,outer_race,0.002,7.20672596606668,5,-0.0019999999999999983,0.772,-0.6813146698814468,4,-0.02
N15_M01_F10_KA01_12,KA01,artificial,outer_race,N15_M01_F10,1500.17,none,2666.7,5333.3,8.8455,outer_race,0.002,5.4732197316861875,5,-0.0010000000000000009,0.614,-0.3565267855387933,2,0.013000000000000001
N15_M01_F10_KA01_13,KA01,artificial,outer_race,N15_M01_F10,1499.74,none,2666.7,5333.3,8.937,outer_race,0.002,6.982235365518627,5,0.0,0.608,-0.0883955948191052,2,0.011
N15_M01_F10_KA01_14,KA01,artificial,outer_race,N15_M01_F10,1499.69,none,8000.0,10666.7,9.3277,outer_race,0.002,9.540264486836712,5,0.0010000000000000009,0.618,-0.4509256417111314,4,-0.019
N15_M01_F10_KA01_15,KA01,artificial,outer_race,N15_M01_F10,1499.14,none,8000.0,10666.7,9.1037,outer_race,0.004,7.542820638763763,5,0.0,0.806,-0.6232748225943912,0,0.009999999999999998
N15_M01_F10_KA01_16,KA01,artificial,outer_race,N15_M01_F10,1499.48,none,8000.0,10666.7,9.2341,outer_race,0.008,4.365780068330746,5,0.0,0.7,-0.48081530036088654,3,-0.01
N15_M01_F10_KA01_17,KA01,artificial,outer_race,N15_M01_F10,1499.43,none,8000.0,12000.0,8.9599,outer_race,0.002,7.532217954599711,5,0.0019999999999999983,0.744,-0.5658006399892009,4,-0.009000000000000001
N15_M01_F10_KA01_18,KA01,artificial,outer_race,N15_M01_F10,1499.6,none,8000.0,10666.7,9.5474,outer_race,0.002,6.881576329572058,5,0.0019999999999999983,0.766,-0.5933788232497693,4,-0.008
N15_M01_F10_KA01_19,KA01,artificial,outer_race,N15_M01_F10,1499.74,none,2666.7,5333.3,8.7961,outer_race,0.002,6.643583447494824,5,0.0019999999999999983,0.56,-0.15265461946291162,2,0.009999999999999998
N15_M01_F10_KA01_2,KA01,artificial,outer_race,N15_M01_F10,1499.73,none,2666.7,5333.3,8.6386,outer_race,0.002,5.556756601089541,5,-0.0010000000000000009,0.702,-0.47516931141572744,2,0.009999999999999998
N15_M01_F10_KA01_20,KA01,artificial,outer_race,N15_M01_F10,1500.3,none,8000.0,10666.7,8.9007,outer_race,0.004,11.805522837813179,5,0.0,0.722,-0.5599911562400401,3,-0.009000000000000001
N15_M01_F10_KA01_3,KA01,artificial,outer_race,N15_M01_F10,1499.46,none,2666.7,5333.3,8.6363,outer_race,0.002,6.12620264487838,5,0.0010000000000000009,0.434,0.2621620657457409,2,0.009000000000000001
N15_M01_F10_KA01_4,KA01,artificial,outer_race,N15_M01_F10,1499.68,none,2666.7,5333.3,8.6194,outer_race,0.002,5.444963869591913,5,0.0,0.832,-0.7483654013500215,0,0.006999999999999999
N15_M01_F10_KA01_5,KA01,artificial,outer_race,N15_M01_F10,1499.89,none,2666.7,5333.3,8.8823,outer_race,0.002,4.2491891360604175,5,-0.0010000000000000009,0.598,-0.261004327663526,2,-0.02
N15_M01_F10_KA01_6,KA01,artificial,outer_race,N15_M01_F10,1499.76,none,2666.7,5333.3,8.6391,outer_race,0.002,5.572822709857879,5,0.0010000000000000009,0.53,-0.14751562411836305,1,0.012
N15_M01_F10_KA01_7,KA01,artificial,outer_race,N15_M01_F10,1499.77,none,2666.7,5333.3,8.7213,outer_race,0.002,4.8771505316564925,5,0.0,0.648,-0.23206777654176547,2,0.009000000000000001
N15_M01_F10_KA01_8,KA01,artificial,outer_race,N15_M01_F10,1499.42,none,2666.7,5333.3,8.7964,outer_race,0.002,7.512604153816729,5,0.0010000000000000009,0.654,-0.2406270237357922,3,0.009999999999999998
N15_M01_F10_KA01_9,KA01,artificial,outer_race,N15_M01_F10,1499.13,none,2666.7,5333.3,8.7577,outer_race,0.002,7.845614022551462,5,0.0,0.788,-0.603315733726113,0,0.006999999999999999
N15_M01_F10_KA03_1,KA03,artificial,outer_race,N15_M01_F10,1499.73,none,12000.0,14000.0,2.5247,normal,0.426,0.3985444706985528,0,0.009000000000000001,0.474,0.09382557106221116,0,0.009999999999999998
N15_M01_F10_KA03_10,KA03,artificial,outer_race,N15_M01_F10,1499.53,none,12000.0,14000.0,2.3437,normal,0.374,0.07819556563431364,0,0.004,0.554,-0.03787659517377348,1,-0.01
N15_M01_F10_KA03_11,KA03,artificial,outer_race,N15_M01_F10,1499.64,none,12000.0,14000.0,2.5154,normal,0.54,-0.07322013987268818,0,0.015000000000000003,0.638,-0.45453236654594975,0,-0.005000000000000001
N15_M01_F10_KA03_12,KA03,artificial,outer_race,N15_M01_F10,1499.67,none,12000.0,14000.0,2.4822,normal,0.832,-0.7564651782595172,0,0.005000000000000001,0.364,0.2813510546020962,2,-0.017
N15_M01_F10_KA03_13,KA03,artificial,outer_race,N15_M01_F10,1499.6,none,12000.0,14000.0,2.0881,normal,0.504,-0.05871936846042473,0,0.006000000000000002,0.468,0.13890288340977025,1,0.009999999999999998
N15_M01_F10_KA03_14,KA03,artificial,outer_race,N15_M01_F10,1499.7,none,12000.0,14000.0,2.4141,normal,0.722,-0.5374200416977649,0,-0.0019999999999999983,0.658,-0.2739841962367551,1,-0.016
N15_M01_F10_KA03_15,KA03,artificial,outer_race,N15_M01_F10,1499.48,none,12000.0,14000.0,3.2664,normal,0.476,0.1757682368104056,0,0.006999999999999999,0.782,-0.5128153410495063,1,0.005000000000000001
N15_M01_F10_KA03_16,KA03,artificial,outer_race,N15_M01_F10,1499.61,none,12000.0,14000.0,2.596,normal,0.782,-0.7544526833790814,0,-0.016,0.728,-0.39476039808101804,1,-0.01
N15_M01_F10_KA03_17,KA03,artificial,outer_race,N15_M01_F10,1499.51,none,12000.0,14000.0,2.338,normal,0.594,-0.1634744062393273,0,0.008,0.638,-0.3704213899752932,0,0.011
N15_M01_F10_KA03_18,KA03,artificial,outer_race,N15_M01_F10,1499.62,none,12000.0,14000.0,2.4844,normal,0.64,-0.18313148094937165,0,0.0,0.656,-0.5527828316220209,0,0.011
N15_M01_F10_KA03_19,KA03,artificial,outer_race,N15_M01_F10,1499.58,none,12000.0,14000.0,2.9898,normal,0.398,0.33063090822699354,0,0.016000000000000004,0.774,-0.6676707440934596,0,0.009999999999999998
N15_M01_F10_KA03_2,KA03,artificial,outer_race,N15_M01_F10,1499.61,none,12000.0,14000.0,2.2924,normal,0.684,-0.764666723602841,0,-0.018000000000000002,0.708,-0.4578492528222296,0,0.009999999999999998
N15_M01_F10_KA03_20,KA03,artificial,outer_race,N15_M01_F10,1499.64,none,12000.0,14000.0,2.5554,normal,0.456,0.031282662088680746,0,0.005000000000000001,0.624,-0.25326970385476355,1,0.009999999999999998
N15_M01_F10_KA03_3,KA03,artificial,outer_race,N15_M01_F10,1499.71,none,12000.0,14000.0,2.4764,normal,0.354,0.34909457482823397,0,0.0010000000000000009,0.66,-0.37976698917482743,0,0.009999999999999998
N15_M01_F10_KA03_4,KA03,artificial,outer_race,N15_M01_F10,1499.42,none,12000.0,14000.0,1.9945,normal,0.59,-0.32105061726816486,0,0.004,0.894,-0.8226267835102459,1,0.011
N15_M01_F10_KA03_5,KA03,artificial,outer_race,N15_M01_F10,1499.58,none,12000.0,14000.0,2.782,normal,0.548,-0.18791074027182722,0,0.0019999999999999983,0.954,-0.9764475411938046,1,-0.0019999999999999983
N15_M01_F10_KA03_6,KA03,artificial,outer_race,N15_M01_F10,1499.63,none,12000.0,14000.0,2.3807,normal,0.918,-0.9853382849352251,0,0.016999999999999998,0.692,-0.4490975983790863,1,-0.009000000000000001
N15_M01_F10_KA03_7,KA03,artificial,outer_race,N15_M01_F10,1499.56,none,12000.0,14000.0,1.9934,normal,0.312,0.7012569891427172,0,0.006999999999999999,0.452,0.18834201574069134,0,0.015000000000000003
N15_M01_F10_KA03_8,KA03,artificial,outer_race,N15_M01_F10,1499.68,none,12000.0,14000.0,2.402,normal,0.226,0.7253135160761889,0,0.006999999999999999,0.628,-0.40012788051942544,0,0.009999999999999998
N15_M01_F10_KA03_9,KA03,artificial,outer_race,N15_M01_F10,1499.59,none,12000.0,14000.0,2.1743,normal,0.302,0.7878404722170882,0,0.0,0.6,-0.20535803013057569,0,0.009999999999999998
N15_M01_F10_KA04_1,KA04,real,outer_race,N15_M01_F10,1499.69,none,8000.0,12000.0,5.9946,outer_race,0.002,11.47420886958758,5,-0.0019999999999999983,0.59,-0.14053374791361656,4,0.02
N15_M01_F10_KA04_10,KA04,real,outer_race,N15_M01_F10,1499.66,none,8000.0,12000.0,6.9105,outer_race,0.002,9.016174635862477,5,-0.0010000000000000009,0.348,0.3936552630254684,3,0.02
N15_M01_F10_KA04_11,KA04,real,outer_race,N15_M01_F10,1499.66,none,8000.0,12000.0,6.9327,outer_race,0.002,8.86909476383106,5,-0.0010000000000000009,0.626,-0.27835481236048365,1,-0.013000000000000001
N15_M01_F10_KA04_12,KA04,real,outer_race,N15_M01_F10,1499.66,none,8000.0,10666.7,7.0798,outer_race,0.002,12.548050507628174,5,0.0,0.826,-0.7970576847133365,2,-0.014
N15_M01_F10_KA04_13,KA04,real,outer_race,N15_M01_F10,1499.6,none,8000.0,10666.7,7.066,outer_race,0.002,11.268547140681903,5,-0.0010000000000000009,0.626,-0.19997920131266356,2,-0.012
N15_M01_F10_KA04_14,KA04,real,outer_race,N15_M01_F10,1499.66,none,8000.0,12000.0,7.0631,outer_race,0.002,9.969345457691723,5,-0.0010000000000000009,0.718,-0.7040436743317019,3,-0.012
N15_M01_F10_KA04_15,KA04,real,outer_race,N15_M01_F10,1499.62,none,8000.0,12000.0,7.6295,outer_race,0.002,11.675821563790457,5,-0.0010000000000000009,0.614,-0.2071497890865265,2,-0.012
N15_M01_F10_KA04_16,KA04,real,outer_race,N15_M01_F10,1499.49,none,8000.0,12000.0,7.4827,outer_race,0.002,9.736998937890567,5,-0.0010000000000000009,0.23,0.5560294072999672,3,0.02
N15_M01_F10_KA04_17,KA04,real,outer_race,N15_M01_F10,1499.74,none,8000.0,12000.0,7.2069,outer_race,0.002,8.964533202095929,5,-0.0010000000000000009,0.66,-0.4252380950661045,3,0.02
N15_M01_F10_KA04_18,KA04,real,outer_race,N15_M01_F10,1499.66,none,8000.0,12000.0,7.8179,outer_race,0.002,11.124247543558159,5,-0.0010000000000000009,0.644,-0.45420719242231083,4,0.02
N15_M01_F10_KA04_19,KA04,real,outer_race,N15_M01_F10,1499.62,none,8000.0,12000.0,7.2329,outer_race,0.002,7.667207861051308,5,-0.0010000000000000009,0.576,-0.09678285338433143,2,0.02
N15_M01_F10_KA04_2,KA04,real,outer_race,N15_M01_F10,1499.5,none,8000.0,12000.0,5.9927,outer_race,0.002,14.435726149196535,5,-0.0010000000000000009,0.706,-0.3889918813812352,3,-0.013000000000000001
N15_M01_F10_KA04_20,KA04,real,outer_race,N15_M01_F10,1499.74,none,8000.0,12000.0,7.2696,outer_race,0.002,12.940124601282502,5,-0.0010000000000000009,0.698,-0.5532767001779423,3,0.02
N15_M01_F10_KA04_3,KA04,real,outer_race,N15_M01_F10,1499.56,none,8000.0,12000.0,5.9107,outer_race,0.002,12.160371184038402,5,-0.0010000000000000009,0.528,-0.11931831142053734,3,0.02
N15_M01_F10_KA04_4,KA04,real,outer_race,N15_M01_F10,1499.58,none,8000.0,12000.0,6.2411,outer_race,0.002,8.813129360784862,5,-0.0010000000000000009,0.43,0.058537456583268074,3,0.02
N15_M01_F10_KA04_5,KA04,real,outer_race,N15_M01_F10,1499.63,none,8000.0,12000.0,6.3948,outer_race,0.002,10.374945551203698,5,-0.0010000000000000009,0.576,-0.2642683876096616,2,0.02
N15_M01_F10_KA04_6,KA04,real,outer_race,N15_M01_F10,1499.59,none,8000.0,12000.0,5.7524,outer_race,0.002,12.830210120959588,5,-0.0010000000000000009,0.718,-0.6781639306726777,3,-0.012
N15_M01_F10_KA04_7,KA04,real,outer_race,N15_M01_F10,1499.63,none,8000.0,10666.7,6.2861,outer_race,0.002,5.692109054314479,5,0.0,0.672,-0.49905336284724117,2,0.02
N15_M01_F10_KA04_8,KA04,real,outer_race,N15_M01_F10,1499.54,none,8000.0,10666.7,6.6185,outer_race,0.002,6.958401078883106,5,0.0,0.608,-0.3408175910748186,3,0.02
N15_M01_F10_KA04_9,KA04,real,outer_race,N15_M01_F10,1499.5,none,8000.0,10666.7,6.4996,outer_race,0.002,6.084477158122747,5,0.0,0.584,-0.24561292059758255,2,0.02
N15_M01_F10_KA05_1,KA05,artificial,outer_race,N15_M01_F10,1499.67,none,10666.7,13333.3,6.7137,normal,0.332,0.29816212004665493,1,-0.0019999999999999983,0.272,0.7739896598655807,1,-0.0010000000000000009
N15_M01_F10_KA05_10,KA05,artificial,outer_race,N15_M01_F10,1499.59,none,10666.7,13333.3,6.6881,normal,0.808,-0.5504940343501218,0,-0.0019999999999999983,0.44,0.2948145176069384,2,0.012
N15_M01_F10_KA05_11,KA05,artificial,outer_race,N15_M01_F10,1499.56,none,12000.0,14000.0,6.2343,normal,0.704,-0.34296332992398154,0,-0.006,0.462,0.13589344234068076,1,0.008
N15_M01_F10_KA05_12,KA05,artificial,outer_race,N15_M01_F10,1499.4,none,10666.7,13333.3,7.1328,normal,0.806,-0.6728534931003952,0,-0.019,0.24,1.4005939269217813,1,0.009999999999999998
N15_M01_F10_KA05_13,KA05,artificial,outer_race,N15_M01_F10,1499.56,none,10666.7,13333.3,10.0274,normal,0.83,-0.7502048455921473,1,-0.0019999999999999983,0.888,-1.4420969833775454,1,0.013000000000000001
N15_M01_F10_KA05_14,KA05,artificial,outer_race,N15_M01_F10,1499.6,none,10666.7,13333.3,6.2625,normal,0.662,-0.2438567213068221,0,0.015000000000000003,0.198,1.4484653399478784,2,0.012
N15_M01_F10_KA05_15,KA05,artificial,outer_race,N15_M01_F10,1499.6,none,12000.0,14000.0,10.3045,normal,0.608,-0.4207950016923432,0,-0.0010000000000000009,0.77,-0.7443537641489265,1,0.012
N15_M01_F10_KA05_16,KA05,artificial,outer_race,N15_M01_F10,1499.63,none,10666.7,13333.3,6.2254,normal,0.728,-0.7060852156004476,1,-0.0010000000000000009,0.172,1.6559482043912128,3,0.012
N15_M01_F10_KA05_17,KA05,artificial,outer_race,N15_M01_F10,1499.64,none,12000.0,14000.0,7.7536,normal,0.586,-0.10161413818794163,0,0.012,0.198,1.2461088836513525,2,0.012
N15_M01_F10_KA05_18,KA05,artificial,outer_race,N15_M01_F10,1499.74,none,10666.7,13333.3,6.8132,normal,0.588,-0.19374890938577247,1,-0.0010000000000000009,0.128,1.1841525621846853,2,0.012
N15_M01_F10_KA05_19,KA05,artificial,outer_race,N15_M01_F10,1499.59,none,10666.7,13333.3,8.3383,normal,0.286,0.9539647328410636,1,-0.0010000000000000009,0.89,-0.9682388586433747,1,-0.0019999999999999983
N15_M01_F10_KA05_2,KA05,artificial,outer_race,N15_M01_F10,1499.62,none,12000.0,14000.0,7.1057,normal,0.92,-0.8939919006697715,0,-0.0019999999999999983,0.984,-1.3752455197909477,0,0.006000000000000002
N15_M01_F10_KA05_20,KA05,artificial,outer_race,N15_M01_F10,1499.6,none,10666.7,13333.3,8.7067,normal,0.97,-1.2032174047010022,0,0.016000000000000004,0.22,0.7360087356419612,2,0.012
N15_M01_F10_KA05_3,KA05,artificial,outer_race,N15_M01_F10,1499.49,none,10666.7,13333.3,6.1742,normal,0.492,0.00878548973155802,0,-0.004,0.22,0.8196760456562048,1,0.006000000000000002
N15_M01_F10_KA05_4,KA05,artificial,outer_race,N15_M01_F10,1499.54,none,12000.0,14000.0,8.2795,normal,0.868,-0.9161560122583214,0,-0.0019999999999999983,0.102,1.5656487729071062,1,0.0
N15_M01_F10_KA05_5,KA05,artificial,outer_race,N15_M01_F10,1499.61,none,10666.7,13333.3,6.4098,normal,0.41,0.845780383597168,1,0.0,0.634,-0.33792015410390164,2,0.006999999999999999
N15_M01_F10_KA05_6,KA05,artificial,outer_race,N15_M01_F10,1499.41,none,10666.7,13333.3,6.3076,normal,0.44,0.17506233437255211,1,0.0,0.122,1.3098564403620776,2,0.0
N15_M01_F10_KA05_7,KA05,artificial,outer_race,N15_M01_F10,1499.69,none,12000.0,14000.0,6.5747,normal,0.598,-0.07914716228751738,0,-0.018000000000000002,0.44,0.27489667088805386,2,0.013000000000000001
N15_M01_F10_KA05_8,KA05,artificial,outer_race,N15_M01_F10,1499.51,none,10666.7,13333.3,6.9925,normal,0.7,-0.3608799309488681,0,-0.0019999999999999983,0.724,-0.5439548724116758,2,0.013000000000000001
N15_M01_F10_KA05_9,KA05,artificial,outer_race,N15_M01_F10,1499.68,none,12000.0,14000.0,6.2648,normal,0.692,-0.33052423232477074,0,0.02,0.478,0.03535019378252556,1,0.006999999999999999
N15_M01_F10_KA06_1,KA06,artificial,outer_race,N15_M01_F10,1499.43,none,12000.0,14000.0,7.1571,normal,0.73,-0.4198536636332047,1,-0.0019999999999999983,0.412,0.30678109264945663,1,0.0
N15_M01_F10_KA06_10,KA06,artificial,outer_race,N15_M01_F10,1499.37,none,12000.0,14000.0,6.8581,normal,0.634,-0.36390540829023693,0,0.016000000000000004,0.84,-0.8188752484322813,1,0.0
N15_M01_F10_KA06_11,KA06,artificial,outer_race,N15_M01_F10,1499.5,none,12000.0,14000.0,5.4562,normal,0.234,1.113013278108631,0,-0.0019999999999999983,0.352,0.47214603410619527,1,-0.006999999999999999
N15_M01_F10_KA06_12,KA06,artificial,outer_race,N15_M01_F10,1499.49,none,12000.0,14000.0,7.2891,normal,0.89,-1.2516124825467412,0,0.0019999999999999983,0.214,0.9282011529542791,0,0.005000000000000001
N15_M01_F10_KA06_13,KA06,artificial,outer_race,N15_M01_F10,1499.89,none,12000.0,14000.0,5.7839,normal,0.522,-0.032005110982591435,0,0.016000000000000004,0.528,-0.07568662750499398,2,0.012
N15_M01_F10_KA06_14,KA06,artificial,outer_race,N15_M01_F10,1500.03,none,12000.0,14000.0,6.5672,normal,0.376,0.48837670884625894,1,0.0,0.846,-0.8043674487583309,1,-0.0010000000000000009
N15_M01_F10_KA06_15,KA06,artificial,outer_race,N15_M01_F10,1499.36,none,12000.0,14000.0,6.2473,normal,0.472,0.03391204453872941,0,0.0019999999999999983,0.794,-0.7216087633990814,0,0.0019999999999999983
N15_M01_F10_KA06_16,KA06,artificial,outer_race,N15_M01_F10,1500.01,none,10666.7,13333.3,5.8541,normal,0.674,-0.19162529469852985,0,-0.019,0.486,0.06648564703594011,1,-0.004
N15_M01_F10_KA06_17,KA06,artificial,outer_race,N15_M01_F10,1499.49,none,12000.0,14000.0,5.3221,normal,0.78,-0.45805961574712134,0,-0.018000000000000002,0.162,1.2649825273208428,2,0.012
N15_M01_F10_KA06_18,KA06,artificial,outer_race,N15_M01_F10,1499.29,none,10666.7,13333.3,5.2194,normal,0.428,0.295799611301591,0,0.0,0.644,-0.3691646703867302,1,0.008
N15_M01_F10_KA06_19,KA06,artificial,outer_race,N15_M01_F10,1499.8,none,12000.0,14000.0,5.167,normal,0.396,0.10581182807596434,0,-0.0010000000000000009,0.358,0.38334194486178225,2,0.012
N15_M01_F10_KA06_2,KA06,artificial,outer_race,N15_M01_F10,1499.95,none,12000.0,14000.0,6.7801,normal,0.386,0.3010485533035126,0,-0.0010000000000000009,0.528,-0.05301533765041063,1,-0.009000000000000001
N15_M01_F10_KA06_20,KA06,artificial,outer_race,N15_M01_F10,1499.62,none,12000.0,14000.0,7.1477,normal,0.68,-0.4975514756869963,1,0.0,0.478,0.017613937491538313,2,0.012
N15_M01_F10_KA06_3,KA06,artificial,outer_race,N15_M01_F10,1499.65,none,12000.0,14000.0,5.7307,normal,0.492,0.041097489932620065,0,0.0010000000000000009,0.696,-0.5176938497370867,1,0.012
N15_M01_F10_KA06_4,KA06,artificial,outer_race,N15_M01_F10,1499.67,none,12000.0,14000.0,5.2971,normal,0.766,-0.5696644801109014,0,0.011,0.484,0.05906879471049891,1,-0.015
N15_M01_F10_KA06_5,KA06,artificial,outer_race,N15_M01_F10,1499.69,none,12000.0,14000.0,5.8058,normal,0.328,0.6357774203638503,1,0.0010000000000000009,0.248,0.9265911865054767,1,0.012
N15_M01_F10_KA06_6,KA06,artificial,outer_race,N15_M01_F10,1499.43,none,10666.7,13333.3,5.8918,normal,0.376,0.8056972243811344,0,-0.0010000000000000009,0.682,-0.45232089047728774,2,0.009999999999999998
N15_M01_F10_KA06_7,KA06,artificial,outer_race,N15_M01_F10,1499.5,none,10666.7,13333.3,5.9454,normal,0.514,-0.28364729904415475,1,0.0019999999999999983,0.968,-1.2024241738097892,2,0.012
N15_M01_F10_KA06_8,KA06,artificial,outer_race,N15_M01_F10,1499.61,none,10666.7,13333.3,7.2794,normal,0.57,-0.2434030623147783,1,0.0,0.622,-0.2495950135974849,2,0.012
N15_M01_F10_KA06_9,KA06,artificial,outer_race,N15_M01_F10,1499.36,none,12000.0,14000.0,5.5099,normal,0.606,-0.2766284634000035,0,0.0,0.226,1.1733558960345782,1,-0.006999999999999999
N15_M01_F10_KA07_1,KA07,artificial,outer_race,N15_M01_F10,1499.22,none,10666.7,13333.3,5.3661,normal,0.48,0.4184019681461944,1,0.0010000000000000009,0.306,0.7203014015084159,2,0.011
N15_M01_F10_KA07_10,KA07,artificial,outer_race,N15_M01_F10,1499.58,none,10666.7,13333.3,5.6444,normal,0.862,-0.6508876822101946,1,0.0,0.852,-0.7486667736992098,1,-0.015
N15_M01_F10_KA07_11,KA07,artificial,outer_race,N15_M01_F10,1499.62,none,10666.7,13333.3,7.1848,normal,0.646,-0.45931179405977723,1,-0.0010000000000000009,0.184,1.4048617559677208,2,0.011
N15_M01_F10_KA07_12,KA07,artificial,outer_race,N15_M01_F10,1499.46,none,10666.7,13333.3,5.9787,normal,0.748,-0.3883276909355722,1,-0.0010000000000000009,0.38,0.3476017667917102,1,0.012
N15_M01_F10_KA07_13,KA07,artificial,outer_race,N15_M01_F10,1499.86,none,10666.7,13333.3,6.9365,normal,0.736,-0.5763139003843364,0,-0.018000000000000002,0.132,1.4175159038447682,2,0.009999999999999998
N15_M01_F10_KA07_14,KA07,artificial,outer_race,N15_M01_F10,1499.56,none,10666.7,13333.3,7.7545,normal,0.47,0.3270921215801754,1,-0.0010000000000000009,0.108,1.5983163004884913,0,0.016000000000000004
N15_M01_F10_KA07_15,KA07,artificial,outer_race,N15_M01_F10,1499.63,none,12000.0,14000.0,7.7868,normal,0.37,0.7686264710099294,1,-0.0010000000000000009,0.408,0.1794419349565644,0,0.0
N15_M01_F10_KA07_16,KA07,artificial,outer_race,N15_M01_F10,1499.74,none,10666.7,13333.3,5.7413,normal,0.748,-0.2886210306378835,0,0.016000000000000004,0.218,1.4099644241700042,2,0.012
N15_M01_F10_KA07_17,KA07,artificial,outer_race,N15_M01_F10,1499.53,none,10666.7,13333.3,5.6332,normal,0.688,-0.24977394122899874,1,0.0,0.174,0.9113739173545651,0,0.016000000000000004
N15_M01_F10_KA07_18,KA07,artificial,outer_race,N15_M01_F10,1499.62,none,10666.7,13333.3,6.4123,normal,0.628,-0.1440197402473667,1,0.0,0.064,1.8150650155844723,2,0.012
N15_M01_F10_KA07_19,KA07,artificial,outer_race,N15_M01_F10,1499.48,none,12000.0,14000.0,7.0569,normal,0.494,0.11035339906854434,1,0.0010000000000000009,0.046,2.4201446829232154,1,0.011
N15_M01_F10_KA07_2,KA07,artificial,outer_race,N15_M01_F10,1499.65,none,10666.7,13333.3,6.0447,normal,0.578,-0.14822992071171873,1,-0.0010000000000000009,0.386,0.2773700717563989,2,0.009999999999999998
N15_M01_F10_KA07_20,KA07,artificial,outer_race,N15_M01_F10,1499.53,none,10666.7,13333.3,7.4473,normal,0.452,0.2039021767828628,2,0.0,0.51,-0.03082224493900696,2,0.011
N15_M01_F10_KA07_3,KA07,artificial,outer_race,N15_M01_F10,1499.47,none,10666.7,13333.3,5.753,normal,0.478,0.08529960108745673,1,0.0,0.146,1.5230455196323764,2,0.011
N15_M01_F10_KA07_4,KA07,artificial,outer_race,N15_M01_F10,1499.65,none,12000.0,14000.0,9.0418,normal,0.8,-0.877967607574579,1,0.0,0.476,0.1127803344087717,1,-0.0010000000000000009
N15_M01_F10_KA07_5,KA07,artificial,outer_race,N15_M01_F10,1499.58,none,10666.7,13333.3,6.7565,normal,0.6,-0.1560012850036349,1,0.0,0.642,-0.20557257042582688,2,0.009999999999999998
N15_M01_F10_KA07_6,KA07,artificial,outer_race,N15_M01_F10,1499.58,none,10666.7,13333.3,7.358,normal,0.678,-0.5120955028955118,1,-0.0010000000000000009,0.634,-0.3389204897708689,1,0.009999999999999998
N15_M01_F10_KA07_7,KA07,artificial,outer_race,N15_M01_F10,1499.7,none,10666.7,13333.3,6.8328,normal,0.41,0.30485397853058605,1,-0.0019999999999999983,0.248,0.9151468760905693,3,0.009999999999999998
N15_M01_F10_KA07_8,KA07,artificial,outer_race,N15_M01_F10,1499.66,none,10666.7,13333.3,6.7818,normal,0.914,-0.8578665436074772,1,-0.019,0.858,-0.8815043227925083,3,0.011
N15_M01_F10_KA07_9,KA07,artificial,outer_race,N15_M01_F10,1499.45,none,12000.0,14000.0,7.6101,normal,0.842,-0.758053131823565,1,0.0,0.314,0.522606987622691,1,0.011
N15_M01_F10_KA08_1,KA08,artificial,outer_race,N15_M01_F10,1499.65,none,12000.0,14000.0,7.6106,normal,0.772,-0.6490203930993417,1,0.0,0.504,-0.002825454274951126,1,-0.005000000000000001
N15_M01_F10_KA08_10,KA08,artificial,outer_race,N15_M01_F10,1499.64,none,10666.7,13333.3,6.8844,normal,0.992,-1.3325653095697425,0,0.009999999999999998,0.296,0.45592233730530646,1,0.0010000000000000009
N15_M01_F10_KA08_11,KA08,artificial,outer_race,N15_M01_F10,1499.58,none,10666.7,13333.3,6.1383,normal,0.478,0.1210599280210731,1,0.0,0.318,0.59700543506633,2,0.014000000000000002
N15_M01_F10_KA08_12,KA08,artificial,outer_race,N15_M01_F10,1499.67,none,10666.7,13333.3,5.7126,normal,0.93,-1.0646792798716023,0,0.012,0.21,0.7889531510932182,1,0.0010000000000000009
N15_M01_F10_KA08_13,KA08,artificial,outer_race,N15_M01_F10,1499.54,none,12000.0,14000.0,5.881,normal,0.638,-0.2104170203365333,1,0.0,0.122,2.8188857655800814,2,0.0
N15_M01_F10_KA08_14,KA08,artificial,outer_race,N15_M01_F10,1499.57,none,12000.0,14000.0,5.9065,normal,0.732,-0.6852137723440634,1,0.0,0.478,0.07239453786483147,2,0.013000000000000001
N15_M01_F10_KA08_15,KA08,artificial,outer_race,N15_M01_F10,1499.96,none,10666.7,13333.3,5.8298,normal,0.468,0.04911683191833517,1,0.0,0.548,-0.16128118146716175,2,0.008
N15_M01_F10_KA08_16,KA08,artificial,outer_race,N15_M01_F10,1499.51,none,12000.0,14000.0,5.8306,normal,0.528,-0.3353517569425506,0,-0.018000000000000002,0.152,1.8536148843970377,2,0.011
N15_M01_F10_KA08_17,KA08,artificial,outer_race,N15_M01_F10,1499.53,none,12000.0,14000.0,5.5585,normal,0.898,-0.787692542972406,1,0.0,0.236,0.8499451494297805,0,-0.01
N15_M01_F10_KA08_18,KA08,artificial,outer_race,N15_M01_F10,1499.85,none,10666.7,13333.3,7.665,normal,0.708,-0.28635631481951634,1,0.0,0.264,0.7542254835530148,1,0.0
N15_M01_F10_KA08_19,KA08,artificial,outer_race,N15_M01_F10,1499.76,none,10666.7,13333.3,6.8561,normal,0.384,0.16129873554012458,1,0.0,0.914,-1.1792910783200214,2,0.0
N15_M01_F10_KA08_20,KA08,artificial,outer_race,N15_M01_F10,1499.44,none,10666.7,13333.3,5.5364,normal,0.89,-0.6705889718261715,1,0.0010000000000000009,0.21,0.7317081406802547,2,0.014000000000000002
N15_M01_F10_KA08_3,KA08,artificial,outer_race,N15_M01_F10,1499.8,none,12000.0,14000.0,7.7513,normal,0.872,-1.0956866688446631,1,0.0,0.198,1.006808620259417,2,0.0
N15_M01_F10_KA08_4,KA08,artificial,outer_race,N15_M01_F10,1499.64,none,10666.7,13333.3,5.6073,normal,0.464,0.20981164364713425,1,0.0019999999999999983,0.186,1.6030256507237572,2,0.008
N15_M01_F10_KA08_5,KA08,artificial,outer_race,N15_M01_F10,1499.49,none,10666.7,13333.3,7.4326,normal,0.55,-0.13378519937620476,1,-0.0010000000000000009,0.558,-0.15657684623880277,1,0.0
N15_M01_F10_KA08_6,KA08,artificial,outer_race,N15_M01_F10,1499.64,none,10666.7,13333.3,6.179,normal,0.828,-0.7802384005601694,1,0.0,0.29,0.6398963827132822,2,0.0
N15_M01_F10_KA08_7,KA08,artificial,outer_race,N15_M01_F10,1499.65,none,10666.7,13333.3,6.6121,normal,0.608,-0.13813040359703846,1,0.0,0.062,1.4618240375417981,2,0.0
N15_M01_F10_KA08_8,KA08,artificial,outer_race,N15_M01_F10,1499.56,none,10666.7,13333.3,5.3169,inner_race,0.722,-0.23283821693785767,1,-0.018000000000000002,0.024,2.649854483155477,3,0.009999999999999998
N15_M01_F10_KA08_9,KA08,artificial,outer_race,N15_M01_F10,1499.51,none,10666.7,13333.3,8.4354,normal,0.802,-0.4452716584390007,1,0.0,0.782,-0.7554474718375033,0,0.016999999999999998
N15_M01_F10_KA09_1,KA09,artificial,outer_race,N15_M01_F10,1499.8,none,10666.7,13333.3,5.1212,normal,0.41,0.17947460854053773,1,0.0,0.194,2.00079233261481,3,0.012
N15_M01_F10_KA09_10,KA09,artificial,outer_race,N15_M01_F10,1499.6,none,12000.0,14000.0,5.1199,inner_race,0.606,-0.5948705709447308,1,-0.017,0.014,1.9359640429102007,3,0.012
N15_M01_F10_KA09_11,KA09,artificial,outer_race,N15_M01_F10,1500.29,none,10666.7,13333.3,5.5738,normal,0.416,0.09852816957208196,0,0.016999999999999998,0.116,1.4644175889594102,3,0.012
N15_M01_F10_KA09_12,KA09,artificial,outer_race,N15_M01_F10,1499.13,none,10666.7,13333.3,6.1739,normal,0.548,-0.14481598916987728,1,0.0,0.156,1.3914164976787178,2,0.013000000000000001
N15_M01_F10_KA09_13,KA09,artificial,outer_race,N15_M01_F10,1499.47,none,10666.7,13333.3,5.553,normal,0.332,0.1831734429972638,1,-0.0010000000000000009,0.244,0.9394916503272157,2,0.012
N15_M01_F10_KA09_14,KA09,artificial,outer_race,N15_M01_F10,1500.81,none,12000.0,14000.0,6.5807,normal,0.972,-0.9234077808586216,1,0.0,0.186,1.0756216559902252,2,0.012
N15_M01_F10_KA09_15,KA09,artificial,outer_race,N15_M01_F10,1499.64,none,12000.0,14000.0,6.6622,normal,0.656,-0.5931958833172137,1,-0.0010000000000000009,0.614,-0.26100648640956425,2,0.012
N15_M01_F10_KA09_16,KA09,artificial,outer_race,N15_M01_F10,1499.12,none,12000.0,14000.0,5.9137,normal,0.41,0.366871102137774,0,-0.016,0.172,1.010745083101544,1,0.013000000000000001
N15_M01_F10_KA09_17,KA09,artificial,outer_race,N15_M01_F10,1500.5,none,10666.7,13333.3,5.9006,normal,0.514,-0.21075114811646642,1,-0.0019999999999999983,0.352,0.33527569020186093,2,0.009999999999999998
N15_M01_F10_KA09_18,KA09,artificial,outer_race,N15_M01_F10,1499.25,none,10666.7,13333.3,5.6246,normal,0.43,0.2227339215902119,1,0.0,0.212,1.7020043578484105,2,0.013000000000000001
N15_M01_F10_KA09_19,KA09,artificial,outer_race,N15_M01_F10,1500.79,none,12000.0,14000.0,4.9407,normal,0.62,-0.1248162027513008,0,0.016999999999999998,0.066,2.4971958465520654,2,0.012
N15_M01_F10_KA09_2,KA09,artificial,outer_race,N15_M01_F10,1499.67,none,12000.0,14000.0,5.0972,normal,0.616,-0.20646480540915924,1,-0.0010000000000000009,0.494,0.015807389009575425,1,-0.014
N15_M01_F10_KA09_20,KA09,artificial,outer_race,N15_M01_F10,1499.69,none,12000.0,14000.0,6.1395,normal,0.424,0.43667284753987706,1,0.0,0.104,1.3855992348596164,3,0.013000000000000001
N15_M01_F10_KA09_3,KA09,artificial,outer_race,N15_M01_F10,1500.78,none,10666.7,13333.3,5.3469,normal,0.146,1.253492391014497,1,-0.0019999999999999983,0.31,0.47806460020401637,0,0.02
N15_M01_F10_KA09_4,KA09,artificial,outer_race,N15_M01_F10,1500.52,none,12000.0,14000.0,6.0644,normal,0.472,0.19346166907684076,1,-0.0010000000000000009,0.354,0.4184268660946895,2,0.012
N15_M01_F10_KA09_5,KA09,artificial,outer_race,N15_M01_F10,1499.2,none,10666.7,13333.3,5.2812,normal,0.39,0.09161635540557965,1,0.0,0.216,1.0347560414664896,2,0.009000000000000001
N15_M01_F10_KA09_6,KA09,artificial,outer_race,N15_M01_F10,1500.37,none,10666.7,13333.3,7.1855,normal,0.36,0.23390395372242428,1,-0.0010000000000000009,0.666,-0.3550668807814171,1,0.006999999999999999
N15_M01_F10_KA09_7,KA09,artificial,outer_race,N15_M01_F10,1499.75,none,10666.7,13333.3,5.4393,normal,0.558,-0.1511764148169106,0,0.0,0.364,0.4336841159409036,3,0.012
N15_M01_F10_KA09_8,KA09,artificial,outer_race,N15_M01_F10,1499.41,none,12000.0,14000.0,6.3592,normal,0.516,-0.07607363758235756,1,-0.0010000000000000009,0.682,-0.3291927895754695,2,0.013000000000000001
N15_M01_F10_KA09_9,KA09,artificial,outer_race,N15_M01_F10,1499.83,none,10666.7,13333.3,5.4635,normal,0.77,-0.30602007304949075,1,0.0,0.632,-0.2751889625894743,0,0.0019999999999999983
N15_M01_F10_KA15_1,KA15,real,outer_race,N15_M01_F10,1499.62,none,12000.0,14000.0,6.3084,normal,0.71,-0.5472355185317166,0,-0.018000000000000002,0.746,-0.5886320714494414,0,0.009999999999999998
N15_M01_F10_KA15_10,KA15,real,outer_race,N15_M01_F10,1499.5,none,12000.0,14000.0,5.3586,normal,0.818,-1.0422399821287396,0,-0.0019999999999999983,0.566,-0.11506495075820344,1,-0.009000000000000001
N15_M01_F10_KA15_11,KA15,real,outer_race,N15_M01_F10,1499.41,none,12000.0,14000.0,4.6295,normal,0.47,0.06309236129426632,1,0.016000000000000004,0.474,0.09257823197809519,1,-0.01
N15_M01_F10_KA15_12,KA15,real,outer_race,N15_M01_F10,1499.47,none,12000.0,14000.0,5.8095,normal,0.85,-1.0854727025870816,0,-0.0010000000000000009,0.542,-0.09021072832094625,2,-0.009000000000000001
N15_M01_F10_KA15_13,KA15,real,outer_race,N15_M01_F10,1499.6,none,12000.0,14000.0,5.7631,normal,0.404,0.4638055973781562,0,0.016000000000000004,0.47,0.14445391527032214,2,-0.009000000000000001
N15_M01_F10_KA15_14,KA15,real,outer_race,N15_M01_F10,1499.76,none,12000.0,14000.0,5.3399,normal,0.814,-0.7729676922051743,0,-0.014,0.96,-1.1239996602155864,1,-0.004
N15_M01_F10_KA15_15,KA15,real,outer_race,N15_M01_F10,1499.67,none,12000.0,14000.0,6.918,normal,0.498,0.061296180424927946,0,-0.011,0.934,-1.2924230520663862,2,-0.01
N15_M01_F10_KA15_16,KA15,real,outer_race,N15_M01_F10,1499.6,none,12000.0,14000.0,6.0479,normal,0.326,0.2386071686947831,0,0.02,0.18,1.05099905378517,1,-0.017
N15_M01_F10_KA15_17,KA15,real,outer_race,N15_M01_F10,1499.53,none,12000.0,14000.0,6.786,normal,0.742,-0.4334075774426332,0,-0.011,0.216,0.6776930993727256,2,-0.011
N15_M01_F10_KA15_18,KA15,real,outer_race,N15_M01_F10,1499.85,none,12000.0,14000.0,5.9176,normal,0.928,-0.9896026464347271,0,-0.018000000000000002,0.864,-0.8232833429497417,0,-0.012
N15_M01_F10_KA15_19,KA15,real,outer_race,N15_M01_F10,1499.51,none,12000.0,14000.0,6.6957,normal,0.33,0.5155303940048244,0,-0.0019999999999999983,0.716,-0.5843431300933731,0,0.015000000000000003
N15_M01_F10_KA15_2,KA15,real,outer_race,N15_M01_F10,1499.68,none,12000.0,14000.0,5.3369,normal,0.854,-0.8529078583462683,0,0.016999999999999998,0.61,-0.34639748212217564,0,0.015000000000000003
N15_M01_F10_KA15_20,KA15,real,outer_race,N15_M01_F10,1499.6,none,12000.0,14000.0,5.3821,normal,0.678,-0.49130533731468945,0,-0.012,0.612,-0.33522934785083547,0,0.015000000000000003
N15_M01_F10_KA15_3,KA15,real,outer_race,N15_M01_F10,1499.57,none,12000.0,14000.0,5.8375,normal,0.482,0.04065762625881367,0,-0.011,0.434,0.1316628076293278,2,-0.009000000000000001
N15_M01_F10_KA15_4,KA15,real,outer_race,N15_M01_F10,1499.59,none,12000.0,14000.0,6.0974,normal,0.684,-0.19218240511321194,0,-0.016,0.384,0.547008550624417,2,-0.01
N15_M01_F10_KA15_5,KA15,real,outer_race,N15_M01_F10,1499.66,none,12000.0,14000.0,5.404,normal,0.636,-0.42871292304729053,0,-0.012,0.934,-1.0335708528826861,1,-0.01
N15_M01_F10_KA15_6,KA15,real,outer_race,N15_M01_F10,1499.47,none,12000.0,14000.0,6.516,normal,0.532,-0.06279723203454898,0,0.0,0.732,-0.6019143760224225,2,-0.01
N15_M01_F10_KA15_7,KA15,real,outer_race,N15_M01_F10,1499.5,none,12000.0,14000.0,5.0646,normal,0.57,-0.29515771480797487,0,-0.0019999999999999983,0.77,-0.7216205079670945,2,-0.01
N15_M01_F10_KA15_8,KA15,real,outer_race,N15_M01_F10,1499.81,none,12000.0,14000.0,6.6772,normal,0.55,-0.04420210693946915,1,0.015000000000000003,0.576,-0.1482299469789833,1,-0.01
N15_M01_F10_KA15_9,KA15,real,outer_race,N15_M01_F10,1499.65,none,12000.0,14000.0,5.505,normal,0.156,0.9531843442921164,0,-0.011,0.848,-0.6295323886382909,1,-0.009000000000000001
N15_M01_F10_KA16_1,KA16,real,outer_race,N15_M01_F10,1500.06,none,8000.0,12000.0,6.5403,outer_race,0.002,19.230879929413344,5,0.0019999999999999983,0.762,-0.7153265680602859,3,-0.019
N15_M01_F10_KA16_10,KA16,real,outer_race,N15_M01_F10,1499.5,none,8000.0,12000.0,6.5124,outer_race,0.002,8.770705437739835,5,0.002999999999999999,0.378,0.19808366302502578,4,-0.02
N15_M01_F10_KA16_11,KA16,real,outer_race,N15_M01_F10,1499.48,none,8000.0,12000.0,6.2723,outer_race,0.002,10.680686976234393,5,0.002999999999999999,0.536,-0.06516533197594267,3,-0.019
N15_M01_F10_KA16_12,KA16,real,outer_race,N15_M01_F10,1499.7,none,8000.0,12000.0,6.1505,outer_race,0.002,8.804093691155984,5,0.002999999999999999,0.72,-0.3765526281502426,3,-0.02
N15_M01_F10_KA16_13,KA16,real,outer_race,N15_M01_F10,1499.56,none,8000.0,12000.0,6.0537,outer_race,0.002,6.421328626469297,5,0.004,0.856,-0.8641981525167356,3,-0.019
N15_M01_F10_KA16_14,KA16,real,outer_race,N15_M01_F10,1499.49,none,8000.0,12000.0,5.6712,outer_race,0.002,8.641550374767839,5,0.0019999999999999983,0.782,-0.6260256523656921,2,-0.019
N15_M01_F10_KA16_15,KA16,real,outer_race,N15_M01_F10,1499.29,none,8000.0,12000.0,5.7658,outer_race,0.002,10.309299826422018,5,0.002999999999999999,0.372,0.12957976807316754,3,-0.019
N15_M01_F10_KA16_16,KA16,real,outer_race,N15_M01_F10,1499.21,none,8000.0,12000.0,5.6437,outer_race,0.002,13.326579812125466,5,0.002999999999999999,0.578,-0.2472376315790937,2,-0.019
N15_M01_F10_KA16_17,KA16,real,outer_race,N15_M01_F10,1499.52,none,8000.0,12000.0,4.8385,outer_race,0.002,13.182405081343171,5,0.002999999999999999,0.636,-0.4461122325873257,2,-0.017
N15_M01_F10_KA16_18,KA16,real,outer_race,N15_M01_F10,1499.66,none,8000.0,12000.0,5.2817,outer_race,0.006,9.601142508134352,5,0.0019999999999999983,0.834,-0.6782418168115152,2,-0.019
N15_M01_F10_KA16_19,KA16,real,outer_race,N15_M01_F10,1500.03,none,8000.0,12000.0,5.1487,outer_race,0.004,10.078657189661701,5,0.004,0.844,-1.0482458019435925,2,-0.02
N15_M01_F10_KA16_2,KA16,real,outer_race,N15_M01_F10,1499.55,none,8000.0,12000.0,6.0132,outer_race,0.008,10.281966539855793,5,0.0019999999999999983,0.864,-1.0486450541955759,3,-0.019
N15_M01_F10_KA16_20,KA16,real,outer_race,N15_M01_F10,1499.7,none,8000.0,12000.0,4.8422,outer_race,0.002,11.666830304262577,5,0.002999999999999999,0.704,-0.5919609266630088,2,-0.02
N15_M01_F10_KA16_3,KA16,real,outer_race,N15_M01_F10,1499.62,none,8000.0,12000.0,5.8547,outer_race,0.002,9.062603039372123,5,0.002999999999999999,0.644,-0.35687329211801183,3,-0.008
N15_M01_F10_KA16_4,KA16,real,outer_race,N15_M01_F10,1499.47,none,8000.0,12000.0,6.3255,outer_race,0.004,8.415338636471223,5,0.002999999999999999,0.786,-0.6601470398003243,1,-0.008
N15_M01_F10_KA16_5,KA16,real,outer_race,N15_M01_F10,1499.63,none,8000.0,12000.0,6.3532,outer_race,0.002,8.01817774041772,5,0.0019999999999999983,0.742,-0.32205476314401227,3,-0.019
N15_M01_F10_KA16_6,KA16,real,outer_race,N15_M01_F10,1499.76,none,8000.0,12000.0,6.2164,outer_race,0.002,9.743424362935327,5,0.002999999999999999,0.788,-1.0393803505999866,2,-0.018000000000000002
N15_M01_F10_KA16_7,KA16,real,outer_race,N15_M01_F10,1499.61,none,8000.0,12000.0,5.9464,outer_race,0.002,11.630041488295335,5,0.002999999999999999,0.628,-0.3140255588129772,4,-0.019
N15_M01_F10_KA16_8,KA16,real,outer_race,N15_M01_F10,1499.69,none,8000.0,12000.0,5.9397,outer_race,0.002,9.314303260265689,5,0.002999999999999999,0.8,-0.8873375097416208,2,-0.008
N15_M01_F10_KA16_9,KA16,real,outer_race,N15_M01_F10,1499.6,none,8000.0,12000.0,5.9768,outer_race,0.002,11.913312263512617,5,0.002999999999999999,0.668,-0.3225864510084264,5,-0.019
N15_M01_F10_KA22_1,KA22,real,outer_race,N15_M01_F10,1500.16,none,10666.7,13333.3,7.0815,normal,0.748,-0.34409613460017313,0,0.013000000000000001,0.724,-0.49290925180971307,1,-0.01
N15_M01_F10_KA22_10,KA22,real,outer_race,N15_M01_F10,1499.54,none,10666.7,13333.3,7.0965,normal,0.742,-0.49293492324642796,0,0.015000000000000003,0.29,0.786274634543002,2,-0.01
N15_M01_F10_KA22_11,KA22,real,outer_race,N15_M01_F10,1499.64,none,10666.7,13333.3,6.9598,normal,0.606,-0.1506473573237862,0,-0.012,0.764,-0.6440957631346454,2,-0.004
N15_M01_F10_KA22_12,KA22,real,outer_race,N15_M01_F10,1499.53,none,10666.7,13333.3,7.041,normal,0.504,-0.017544185393229994,0,0.015000000000000003,0.836,-0.6428558258536116,1,-0.011
N15_M01_F10_KA22_13,KA22,real,outer_race,N15_M01_F10,1499.5,none,10666.7,13333.3,7.547,normal,0.688,-0.46391623243712093,1,0.015000000000000003,0.764,-0.5378816998751447,1,-0.015
N15_M01_F10_KA22_14,KA22,real,outer_race,N15_M01_F10,1499.74,none,10666.7,13333.3,6.5369,normal,0.622,-0.3944455451716968,0,-0.014,0.508,-0.016697314609562825,1,0.015000000000000003
N15_M01_F10_KA22_15,KA22,real,outer_race,N15_M01_F10,1499.65,none,10666.7,13333.3,7.4925,normal,0.396,0.21297137201692873,0,-0.012,0.694,-0.5315606629643227,1,-0.01
N15_M01_F10_KA22_16,KA22,real,outer_race,N15_M01_F10,1499.55,none,10666.7,13333.3,6.6888,normal,0.62,-0.25238140324600605,0,-0.02,0.716,-0.5145587348244189,2,-0.004
N15_M01_F10_KA22_17,KA22,real,outer_race,N15_M01_F10,1499.68,none,10666.7,13333.3,6.8563,normal,0.89,-0.990445355640392,0,0.009000000000000001,0.69,-0.33498125185288546,1,0.009999999999999998
N15_M01_F10_KA22_18,KA22,real,outer_race,N15_M01_F10,1499.64,none,12000.0,14000.0,7.3522,normal,0.834,-0.7006653809293654,0,0.0,0.34,0.3945085113254465,2,-0.017
N15_M01_F10_KA22_19,KA22,real,outer_race,N15_M01_F10,1499.6,none,10666.7,13333.3,6.3855,normal,0.524,-0.1876546114951765,0,-0.018000000000000002,0.914,-1.3168652793528384,1,0.009999999999999998
N15_M01_F10_KA22_2,KA22,real,outer_race,N15_M01_F10,1499.76,none,12000.0,14000.0,7.5839,normal,0.19,1.3303823415958376,0,0.018,0.992,-1.210727623765775,0,0.0010000000000000009
N15_M01_F10_KA22_20,KA22,real,outer_race,N15_M01_F10,1499.63,none,12000.0,14000.0,6.8227,normal,0.448,0.17738757683636425,1,0.016999999999999998,0.928,-0.9019538718083298,0,-0.009000000000000001
N15_M01_F10_KA22_3,KA22,real,outer_race,N15_M01_F10,1499.68,none,10666.7,13333.3,6.2383,normal,0.876,-0.7227757158048029,0,-0.019,0.922,-1.1279075203353026,2,-0.016
N15_M01_F10_KA22_4,KA22,real,outer_race,N15_M01_F10,1499.64,none,10666.7,13333.3,6.6272,normal,0.682,-0.23590326335705514,0,-0.009000000000000001,0.772,-0.6721613330958853,0,0.012
N15_M01_F10_KA22_5,KA22,real,outer_race,N15_M01_F10,1499.7,none,12000.0,14000.0,7.9168,normal,0.918,-1.2176170182238373,0,-0.018000000000000002,0.37,0.3644366783270264,1,-0.01
N15_M01_F10_KA22_6,KA22,real,outer_race,N15_M01_F10,1499.57,none,10666.7,13333.3,7.4714,normal,0.294,0.6581583348347227,1,0.016000000000000004,0.676,-0.3539568281970163,2,-0.01
N15_M01_F10_KA22_7,KA22,real,outer_race,N15_M01_F10,1499.63,none,12000.0,14000.0,7.2676,normal,0.724,-0.5680072747610814,0,0.016999999999999998,0.258,0.7015561027549704,1,0.009999999999999998
N15_M01_F10_KA22_8,KA22,real,outer_race,N15_M01_F10,1499.57,none,10666.7,13333.3,6.534,normal,0.676,-0.6550044976458678,0,0.016000000000000004,0.222,0.6354309053470922,1,-0.01
N15_M01_F10_KA22_9,KA22,real,outer_race,N15_M01_F10,1499.7,none,10666.7,13333.3,6.6098,normal,0.638,-0.15980158833712121,0,0.016999999999999998,0.952,-0.9890270136322658,0,-0.009000000000000001
N15_M01_F10_KA30_1,KA30,real,outer_race,N15_M01_F10,1499.77,none,12000.0,14000.0,7.5747,normal,0.522,-0.08732619526779599,1,0.016000000000000004,0.576,-0.19962273401241487,3,0.012
N15_M01_F10_KA30_10,KA30,real,outer_race,N15_M01_F10,1499.49,none,10666.7,13333.3,8.1615,normal,0.772,-0.4871157203859338,1,-0.0019999999999999983,0.654,-0.4148771050206891,2,0.013000000000000001
N15_M01_F10_KA30_11,KA30,real,outer_race,N15_M01_F10,1499.56,none,10666.7,13333.3,8.6996,normal,0.812,-1.0931640517407015,1,-0.0010000000000000009,0.16,1.2476171659118072,3,0.012
N15_M01_F10_KA30_12,KA30,real,outer_race,N15_M01_F10,1499.56,none,12000.0,14000.0,8.9089,normal,0.826,-0.724947642396293,1,-0.0010000000000000009,0.17,0.7626919342064069,2,0.012
N15_M01_F10_KA30_13,KA30,real,outer_race,N15_M01_F10,1499.64,none,10666.7,13333.3,7.5287,normal,0.478,0.052722299390447654,1,-0.0010000000000000009,0.438,0.1522138971602012,1,-0.015
N15_M01_F10_KA30_14,KA30,real,outer_race,N15_M01_F10,1499.61,none,10666.7,13333.3,8.0849,normal,0.838,-0.9430295520344556,1,0.016000000000000004,0.388,0.4504871089722061,2,0.0019999999999999983
N15_M01_F10_KA30_15,KA30,real,outer_race,N15_M01_F10,1499.77,none,10666.7,13333.3,6.3836,normal,0.762,-0.5368123889303129,1,-0.0010000000000000009,0.372,0.30882366508168235,3,0.012
N15_M01_F10_KA30_16,KA30,real,outer_race,N15_M01_F10,1499.46,none,12000.0,14000.0,9.3299,normal,0.676,-0.2798666025526186,1,-0.0010000000000000009,0.18,1.6926907705729968,3,0.012
N15_M01_F10_KA30_17,KA30,real,outer_race,N15_M01_F10,1499.7,none,12000.0,14000.0,10.8588,normal,0.46,0.11434567585854534,1,-0.0010000000000000009,0.662,-0.5016433889955201,2,0.012
N15_M01_F10_KA30_18,KA30,real,outer_race,N15_M01_F10,1499.62,none,12000.0,14000.0,8.5628,normal,0.598,-0.3272645386203957,1,-0.0010000000000000009,0.322,0.3842862527227177,3,0.012
N15_M01_F10_KA30_19,KA30,real,outer_race,N15_M01_F10,1499.53,none,12000.0,14000.0,6.545,normal,0.524,-0.020398665522504585,1,-0.0010000000000000009,0.368,0.31605443562845303,3,0.012
N15_M01_F10_KA30_2,KA30,real,outer_race,N15_M01_F10,1499.73,none,12000.0,14000.0,7.5625,normal,0.8,-0.7698757309854114,1,0.0,0.908,-1.2367354116877296,2,0.009999999999999998
N15_M01_F10_KA30_20,KA30,real,outer_race,N15_M01_F10,1499.64,none,10666.7,13333.3,9.5605,normal,0.756,-0.5490320829896632,2,-0.0010000000000000009,0.3,0.5591022987533095,3,0.012
N15_M01_F10_KA30_3,KA30,real,outer_race,N15_M01_F10,1499.38,none,12000.0,14000.0,10.5667,normal,0.798,-0.5377963592670543,1,0.0,0.374,0.4114620423695627,0,0.006000000000000002
N15_M01_F10_KA30_4,KA30,real,outer_race,N15_M01_F10,1499.65,none,12000.0,14000.0,8.4957,normal,0.696,-0.5879543600602399,0,-0.016,0.37,0.2813037773959334,2,0.011
N15_M01_F10_KA30_5,KA30,real,outer_race,N15_M01_F10,1499.85,none,12000.0,14000.0,10.3638,normal,0.786,-0.945083826890953,2,-0.0010000000000000009,0.52,-0.0412659480842532,3,0.012
N15_M01_F10_KA30_6,KA30,real,outer_race,N15_M01_F10,1499.59,none,12000.0,14000.0,7.1135,normal,0.54,-0.09132405092279651,1,0.0,0.442,0.20993678881335623,3,0.012
N15_M01_F10_KA30_7,KA30,real,outer_race,N15_M01_F10,1499.44,none,10666.7,13333.3,10.0032,normal,0.624,-0.575367864126918,1,-0.0010000000000000009,0.21,0.9298846494144071,2,0.016000000000000004
N15_M01_F10_KA30_8,KA30,real,outer_race,N15_M01_F10,1499.63,none,12000.0,14000.0,9.4607,normal,0.79,-0.5814855589297528,1,0.0,0.202,1.3750090834363504,3,0.012
N15_M01_F10_KA30_9,KA30,real,outer_race,N15_M01_F10,1499.55,none,10666.7,13333.3,7.2037,normal,0.572,-0.13554084664340893,0,0.016000000000000004,0.32,0.662223049349529,1,0.0
N15_M01_F10_KI01_1,KI01,artificial,inner_race,N15_M01_F10,1499.68,none,8000.0,12000.0,15.8193,inner_race,0.226,1.8089881832748624,1,-0.019,0.002,4.981493028773484,25,-0.0019999999999999983
N15_M01_F10_KI01_10,KI01,artificial,inner_race,N15_M01_F10,1499.49,none,8000.0,10666.7,18.0728,inner_race,0.046,1.5800929995243824,1,-0.018000000000000002,0.002,4.442327326601265,25,-0.0019999999999999983
N15_M01_F10_KI01_11,KI01,artificial,inner_race,N15_M01_F10,1499.61,none,8000.0,10666.7,19.6774,inner_race,0.048,2.806766738764651,1,-0.018000000000000002,0.002,5.300990572270991,25,-0.0019999999999999983
N15_M01_F10_KI01_12,KI01,artificial,inner_race,N15_M01_F10,1499.6,none,8000.0,10666.7,19.9104,inner_race,0.046,1.9912993563969543,1,-0.018000000000000002,0.002,6.2450601851307574,25,-0.0019999999999999983
N15_M01_F10_KI01_13,KI01,artificial,inner_race,N15_M01_F10,1499.56,none,8000.0,10666.7,20.0936,inner_race,0.048,1.4110138168146222,1,-0.018000000000000002,0.002,3.6551697721492196,25,-0.0019999999999999983
N15_M01_F10_KI01_14,KI01,artificial,inner_race,N15_M01_F10,1499.6,none,8000.0,10666.7,18.6304,inner_race,0.256,0.6197617961438855,1,-0.018000000000000002,0.002,4.094164415296933,25,-0.0019999999999999983
N15_M01_F10_KI01_15,KI01,artificial,inner_race,N15_M01_F10,1499.59,none,8000.0,10666.7,18.776,inner_race,0.046,2.9176437673089484,1,-0.017,0.002,6.728835798482576,25,-0.0019999999999999983
N15_M01_F10_KI01_16,KI01,artificial,inner_race,N15_M01_F10,1499.59,none,8000.0,10666.7,18.6052,inner_race,0.042,4.045650304094426,1,-0.018000000000000002,0.002,3.811257351505717,25,-0.0019999999999999983
N15_M01_F10_KI01_17,KI01,artificial,inner_race,N15_M01_F10,1499.64,none,8000.0,10666.7,18.5989,inner_race,0.054,2.8924035905943124,1,-0.018000000000000002,0.002,4.162799579086154,25,-0.0019999999999999983
N15_M01_F10_KI01_18,KI01,artificial,inner_race,N15_M01_F10,1499.61,none,8000.0,10666.7,18.4271,inner_race,0.372,0.3421633346692648,1,-0.018000000000000002,0.002,5.9422938592488075,25,-0.0019999999999999983
N15_M01_F10_KI01_19,KI01,artificial,inner_race,N15_M01_F10,1499.6,none,8000.0,10666.7,19.1339,inner_race,0.042,2.35627197392339,1,-0.018000000000000002,0.002,3.906168519801672,25,-0.0019999999999999983
N15_M01_F10_KI01_2,KI01,artificial,inner_race,N15_M01_F10,1499.62,none,8000.0,10666.7,19.8612,inner_race,0.188,0.612118211799153,1,-0.018000000000000002,0.002,4.139009083396751,25,-0.0019999999999999983
N15_M01_F10_KI01_20,KI01,artificial,inner_race,N15_M01_F10,1499.57,none,8000.0,10666.7,19.4278,inner_race,0.138,1.5178614420580085,1,-0.017,0.002,5.89947119975342,25,-0.0019999999999999983
N15_M01_F10_KI01_3,KI01,artificial,inner_race,N15_M01_F10,1499.64,none,8000.0,12000.0,18.3886,inner_race,0.308,0.6536743025943091,1,-0.018000000000000002,0.002,4.485217100866252,25,-0.0019999999999999983
N15_M01_F10_KI01_4,KI01,artificial,inner_race,N15_M01_F10,1499.66,none,8000.0,12000.0,17.5885,inner_race,0.026,1.561164251312778,2,-0.017,0.002,2.489246261059471,25,-0.0019999999999999983
N15_M01_F10_KI01_5,KI01,artificial,inner_race,N15_M01_F10,1499.55,none,8000.0,10666.7,18.2566,inner_race,0.046,2.3513753459725266,1,-0.017,0.002,4.111820101779402,25,-0.0019999999999999983
N15_M01_F10_KI01_6,KI01,artificial,inner_race,N15_M01_F10,1499.6,none,8000.0,10666.7,19.3413,inner_race,0.228,0.9283383416825752,1,-0.019,0.002,5.027326681768761,25,-0.0019999999999999983
N15_M01_F10_KI01_7,KI01,artificial,inner_race,N15_M01_F10,1499.6,none,8000.0,10666.7,19.3137,inner_race,0.212,0.7817060060560758,1,-0.018000000000000002,0.002,3.8248109468211773,25,-0.0019999999999999983
N15_M01_F10_KI01_8,KI01,artificial,inner_race,N15_M01_F10,1499.65,none,8000.0,10666.7,18.9858,inner_race,0.154,1.3817311218831212,1,-0.018000000000000002,0.002,5.1209817499397765,25,-0.0019999999999999983
N15_M01_F10_KI01_9,KI01,artificial,inner_race,N15_M01_F10,1499.52,none,8000.0,10666.7,19.1372,inner_race,0.056,1.963705689972214,1,-0.018000000000000002,0.002,4.348715279381716,25,-0.002999999999999999
N15_M01_F10_KI03_1,KI03,artificial,inner_race,N15_M01_F10,1499.55,none,12000.0,14000.0,4.1611,normal,0.842,-0.6327979960835682,0,0.015000000000000003,0.558,-0.1920762427166326,0,0.0010000000000000009
N15_M01_F10_KI03_10,KI03,artificial,inner_race,N15_M01_F10,1499.68,none,12000.0,14000.0,4.6988,normal,0.72,-0.586722743299204,0,-0.02,0.658,-0.27469671622745173,1,0.011
N15_M01_F10_KI03_11,KI03,artificial,inner_race,N15_M01_F10,1499.64,none,12000.0,14000.0,4.2566,normal,0.256,0.622744930813529,0,0.015000000000000003,0.566,-0.2109219001100092,1,0.011
N15_M01_F10_KI03_12,KI03,artificial,inner_race,N15_M01_F10,1499.63,none,12000.0,14000.0,4.1413,normal,0.504,-0.011030559649980558,0,-0.0019999999999999983,0.796,-1.0189445529020331,1,-0.009000000000000001
N15_M01_F10_KI03_13,KI03,artificial,inner_race,N15_M01_F10,1499.79,none,12000.0,14000.0,3.6424,normal,0.764,-0.6148668675382828,0,-0.014,0.776,-0.6588391695127402,1,-0.009000000000000001
N15_M01_F10_KI03_14,KI03,artificial,inner_race,N15_M01_F10,1499.65,none,12000.0,14000.0,3.8204,normal,0.428,0.23523229744555532,0,0.016000000000000004,0.808,-0.4505481284926244,2,-0.016
N15_M01_F10_KI03_15,KI03,artificial,inner_race,N15_M01_F10,1499.58,none,12000.0,14000.0,4.1268,normal,0.544,-0.029184374894822247,0,-0.02,0.902,-0.94817292918499,0,0.011
N15_M01_F10_KI03_16,KI03,artificial,inner_race,N15_M01_F10,1499.7,none,12000.0,14000.0,4.3953,normal,0.392,0.23393782966338852,0,0.016000000000000004,0.608,-0.29873198492493724,1,-0.01
N15_M01_F10_KI03_17,KI03,artificial,inner_race,N15_M01_F10,1499.4,none,12000.0,14000.0,4.039,normal,0.604,-0.41156320344326286,0,-0.019,0.752,-0.541561357733727,1,-0.01
N15_M01_F10_KI03_18,KI03,artificial,inner_race,N15_M01_F10,1499.54,none,12000.0,14000.0,4.2689,normal,0.77,-0.767068303499448,0,-0.017,0.774,-0.5691371399971037,1,-0.0019999999999999983
N15_M01_F10_KI03_19,KI03,artificial,inner_race,N15_M01_F10,1499.52,none,12000.0,14000.0,3.751,normal,0.768,-0.6237159717608136,0,-0.016,0.722,-0.5327514531659029,1,0.011
N15_M01_F10_KI03_2,KI03,artificial,inner_race,N15_M01_F10,1499.65,none,12000.0,14000.0,3.9065,normal,0.462,0.046457545964643285,0,-0.0010000000000000009,0.648,-0.5809523372767382,1,-0.002999999999999999
N15_M01_F10_KI03_20,KI03,artificial,inner_race,N15_M01_F10,1499.59,none,12000.0,14000.0,3.663,normal,0.458,0.08514709904036957,0,0.015000000000000003,0.594,-0.23251340549101732,0,0.009999999999999998
N15_M01_F10_KI03_3,KI03,artificial,inner_race,N15_M01_F10,1499.56,none,12000.0,14000.0,3.9599,normal,0.874,-1.1290127936073653,0,0.015000000000000003,0.682,-0.6046685705129059,1,-0.009000000000000001
N15_M01_F10_KI03_4,KI03,artificial,inner_race,N15_M01_F10,1499.59,none,12000.0,14000.0,3.746,normal,0.804,-0.9580719736191163,0,-0.02,0.422,0.2937501266075008,0,0.015000000000000003
N15_M01_F10_KI03_5,KI03,artificial,inner_race,N15_M01_F10,1499.45,none,12000.0,14000.0,4.9579,normal,0.452,0.08660480233115084,0,-0.02,0.678,-0.40289279114628745,1,-0.017
N15_M01_F10_KI03_6,KI03,artificial,inner_race,N15_M01_F10,1499.61,none,12000.0,14000.0,3.6847,normal,0.292,0.4891674319044284,0,0.016000000000000004,0.464,0.15363559962308432,1,-0.009000000000000001
N15_M01_F10_KI03_7,KI03,artificial,inner_race,N15_M01_F10,1499.53,none,12000.0,14000.0,3.4727,normal,0.56,-0.2056447979130319,0,0.014000000000000002,0.554,-0.07876540926234464,1,-0.009000000000000001
N15_M01_F10_KI03_8,KI03,artificial,inner_race,N15_M01_F10,1499.6,none,12000.0,14000.0,3.9437,normal,0.846,-1.1477606102730256,0,0.015000000000000003,0.778,-0.7412792280589009,1,0.009999999999999998
N15_M01_F10_KI03_9,KI03,artificial,inner_race,N15_M01_F10,1499.59,none,12000.0,14000.0,3.8588,normal,0.832,-1.133905084873441,1,0.016000000000000004,0.688,-0.33587015092564493,1,0.011
N15_M01_F10_KI04_1,KI04,real,inner_race,N15_M01_F10,1499.92,none,10666.7,13333.3,5.7806,normal,0.44,0.13855961992569368,1,0.0,0.178,0.791259101811036,3,0.015000000000000003
N15_M01_F10_KI04_10,KI04,real,inner_race,N15_M01_F10,1499.63,none,10666.7,13333.3,5.1794,normal,0.132,1.554202422863663,1,0.0,0.07,1.8190366420807993,3,0.011
N15_M01_F10_KI04_11,KI04,real,inner_race,N15_M01_F10,1499.42,none,10666.7,13333.3,5.4607,inner_race,0.238,0.9627748798747883,1,0.0,0.002,5.024810316729624,3,0.011
N15_M01_F10_KI04_12,KI04,real,inner_race,N15_M01_F10,1499.81,none,10666.7,13333.3,4.8548,normal,0.242,0.8830220993226251,1,-0.017,0.056,1.4475450904308735,3,0.011
N15_M01_F10_KI04_13,KI04,real,inner_race,N15_M01_F10,1499.69,none,12000.0,14000.0,6.5752,normal,0.17,1.6489979756864326,2,-0.0019999999999999983,0.982,-1.6256810108964288,1,-0.01
N15_M01_F10_KI04_14,KI04,real,inner_race,N15_M01_F10,1499.58,none,10666.7,13333.3,5.1545,normal,0.576,-0.11217466606937926,1,-0.0019999999999999983,0.032,2.6800661733952316,2,0.009000000000000001
N15_M01_F10_KI04_15,KI04,real,inner_race,N15_M01_F10,1499.63,none,10666.7,13333.3,7.4842,normal,0.17,1.3280768735190347,1,-0.0010000000000000009,0.192,0.9545676793601662,3,0.011
N15_M01_F10_KI04_16,KI04,real,inner_race,N15_M01_F10,1499.5,none,12000.0,14000.0,5.6028,normal,0.236,0.7753787367757664,1,0.0,0.592,-0.2239485238828538,3,0.011
N15_M01_F10_KI04_17,KI04,real,inner_race,N15_M01_F10,1499.54,none,12000.0,14000.0,4.4095,normal,0.754,-0.5716507717815751,1,-0.019,0.088,1.469278290995406,3,0.009999999999999998
N15_M01_F10_KI04_18,KI04,real,inner_race,N15_M01_F10,1499.66,none,12000.0,14000.0,5.1045,normal,0.25,0.3044148919141315,1,-0.002999999999999999,0.692,-0.4404596553016099,2,0.009999999999999998
N15_M01_F10_KI04_19,KI04,real,inner_race,N15_M01_F10,1499.92,none,10666.7,13333.3,5.2472,normal,0.264,0.6865166485069285,1,-0.0019999999999999983,0.374,0.28383565376307446,3,0.009999999999999998
N15_M01_F10_KI04_2,KI04,real,inner_race,N15_M01_F10,1499.64,none,10666.7,13333.3,6.0197,normal,0.234,1.6835813947662204,2,0.0,0.098,1.7068137945392647,3,0.009999999999999998
N15_M01_F10_KI04_20,KI04,real,inner_race,N15_M01_F10,1499.58,none,10666.7,13333.3,6.0248,normal,0.45,0.1116433863964286,1,-0.004,0.286,0.4659613275654557,3,0.009999999999999998
N15_M01_F10_KI04_3,KI04,real,inner_race,N15_M01_F10,1499.65,none,10666.7,13333.3,4.9566,normal,0.188,1.405295508706185,1,-0.017,0.032,1.70061835681332,4,0.009999999999999998
N15_M01_F10_KI04_4,KI04,real,inner_race,N15_M01_F10,1499.56,none,12000.0,14000.0,5.1751,normal,0.38,0.4703864586618454,1,-0.0019999999999999983,0.242,0.7345086729884425,2,0.009999999999999998
N15_M01_F10_KI04_5,KI04,real,inner_race,N15_M01_F10,1499.72,none,10666.7,13333.3,6.9583,normal,0.172,2.2413027710669864,2,-0.0019999999999999983,0.244,0.9914074981984445,3,0.009999999999999998
N15_M01_F10_KI04_6,KI04,real,inner_race,N15_M01_F10,1499.53,none,10666.7,13333.3,5.4783,normal,0.522,-0.26485683287247164,0,0.015000000000000003,0.192,0.858082378345584,2,0.011
N15_M01_F10_KI04_7,KI04,real,inner_race,N15_M01_F10,1499.86,none,10666.7,13333.3,4.473,normal,0.178,1.2721077709109696,1,-0.004,0.116,1.1763534339928265,3,0.009999999999999998
N15_M01_F10_KI04_8,KI04,real,inner_race,N15_M01_F10,1499.66,none,10666.7,13333.3,5.8061,normal,0.316,1.4969499832293376,2,0.0,0.228,1.1580299270678103,3,0.009999999999999998
N15_M01_F10_KI04_9,KI04,real,inner_race,N15_M01_F10,1499.4,none,10666.7,13333.3,6.4955,inner_race,0.198,0.8368345190621618,2,0.0,0.024,2.4555966484356513,3,0.011
N15_M01_F10_KI05_1,KI05,artificial,inner_race,N15_M01_F10,1499.57,none,10666.7,13333.3,12.1577,normal,0.808,-0.8824965812194133,1,0.0,0.344,0.34538112991130027,1,-0.014
N15_M01_F10_KI05_10,KI05,artificial,inner_race,N15_M01_F10,1499.61,none,12000.0,14000.0,8.5546,normal,0.308,1.0624570544990148,1,-0.0010000000000000009,0.08,2.4706692166012756,3,0.012
N15_M01_F10_KI05_11,KI05,artificial,inner_race,N15_M01_F10,1499.51,none,10666.7,13333.3,11.7916,normal,0.882,-0.7911000458773133,1,0.0019999999999999983,0.422,0.21442897742354164,2,0.012
N15_M01_F10_KI05_12,KI05,artificial,inner_race,N15_M01_F10,1499.44,none,10666.7,13333.3,8.8367,normal,0.688,-0.2774654642283134,1,0.0,0.404,0.33890056190672463,3,0.012
N15_M01_F10_KI05_13,KI05,artificial,inner_race,N15_M01_F10,1499.59,none,10666.7,13333.3,10.1537,normal,0.454,0.05906243442847708,2,0.0,0.012,2.997077086708426,0,0.016000000000000004
N15_M01_F10_KI05_14,KI05,artificial,inner_race,N15_M01_F10,1499.5,none,10666.7,13333.3,9.083,normal,0.9,-0.9451146449768549,0,0.013000000000000001,0.564,-0.13347987487168259,4,0.012
N15_M01_F10_KI05_15,KI05,artificial,inner_race,N15_M01_F10,1499.61,none,10666.7,13333.3,7.3869,inner_race,0.838,-0.8230393453597642,0,-0.018000000000000002,0.02,2.981088957831799,3,0.012
N15_M01_F10_KI05_16,KI05,artificial,inner_race,N15_M01_F10,1499.56,none,12000.0,14000.0,10.7693,normal,0.358,0.38978978359591115,1,-0.0010000000000000009,0.474,0.09588684266470984,2,0.012
N15_M01_F10_KI05_17,KI05,artificial,inner_race,N15_M01_F10,1499.53,none,10666.7,13333.3,8.5903,normal,0.962,-1.1597605186678337,0,0.02,0.742,-0.593060797918817,3,0.012
N15_M01_F10_KI05_18,KI05,artificial,inner_race,N15_M01_F10,1499.67,none,10666.7,13333.3,9.2721,normal,0.668,-0.28540512327035533,1,0.0010000000000000009,0.74,-0.5435542371509102,1,0.016000000000000004
N15_M01_F10_KI05_19,KI05,artificial,inner_race,N15_M01_F10,1499.62,none,10666.7,13333.3,11.0559,normal,0.896,-0.8387661903156522,2,-0.0010000000000000009,0.732,-0.6539428714636549,2,0.012
N15_M01_F10_KI05_2,KI05,artificial,inner_race,N15_M01_F10,1499.65,none,10666.7,13333.3,10.4862,normal,0.718,-0.13033412849670897,1,-0.019,0.4,0.2665347456956807,3,0.009999999999999998
N15_M01_F10_KI05_20,KI05,artificial,inner_race,N15_M01_F10,1499.56,none,10666.7,13333.3,11.4787,normal,0.718,-0.4982886757156277,1,0.0,0.066,1.6650859531850468,3,0.012
N15_M01_F10_KI05_3,KI05,artificial,inner_race,N15_M01_F10,1499.55,none,10666.7,13333.3,9.3327,normal,0.476,0.10370443678476354,2,-0.0010000000000000009,0.154,0.9618608836942236,2,0.013000000000000001
N15_M01_F10_KI05_4,KI05,artificial,inner_race,N15_M01_F10,1499.5,none,10666.7,13333.3,9.8256,normal,0.478,0.4524026041210377,1,-0.0010000000000000009,0.824,-1.0053067677681295,3,0.012
N15_M01_F10_KI05_5,KI05,artificial,inner_race,N15_M01_F10,1499.58,none,10666.7,13333.3,7.9773,normal,0.784,-0.7601224723699401,1,-0.0010000000000000009,0.516,-0.05618305786098086,1,-0.0019999999999999983
N15_M01_F10_KI05_6,KI05,artificial,inner_race,N15_M01_F10,1499.5,none,10666.7,13333.3,8.0055,normal,0.536,-0.035529715717913024,1,0.0,0.042,2.394244707913296,4,0.012
N15_M01_F10_KI05_7,KI05,artificial,inner_race,N15_M01_F10,1499.7,none,10666.7,13333.3,10.5621,normal,0.76,-0.7301232565673487,1,-0.0010000000000000009,0.376,0.38221327839402625,4,0.012
N15_M01_F10_KI05_8,KI05,artificial,inner_race,N15_M01_F10,1499.67,none,10666.7,13333.3,10.6549,normal,0.88,-0.8799004641693349,0,0.016000000000000004,0.378,0.3731540898200715,2,0.009999999999999998
N15_M01_F10_KI05_9,KI05,artificial,inner_race,N15_M01_F10,1499.66,none,10666.7,13333.3,8.7103,normal,0.852,-0.7460932571640578,1,0.0,0.564,-0.18171718789737856,2,0.011
N15_M01_F10_KI07_1,KI07,artificial,inner_race,N15_M01_F10,1499.81,none,10666.7,13333.3,11.9262,normal,0.5,0.1388956597291787,0,-0.0019999999999999983,0.658,-0.5104254541758311,1,-0.009000000000000001
N15_M01_F10_KI07_10,KI07,artificial,inner_race,N15_M01_F10,1499.75,none,10666.7,13333.3,7.6583,normal,0.64,-0.3822473029006196,1,-0.018000000000000002,0.11,1.0492760696764267,4,0.011
N15_M01_F10_KI07_11,KI07,artificial,inner_race,N15_M01_F10,1499.58,none,10666.7,13333.3,8.6933,normal,0.734,-0.518892533633313,1,-0.0019999999999999983,0.27,0.5332025096959033,3,0.012
N15_M01_F10_KI07_12,KI07,artificial,inner_race,N15_M01_F10,1499.49,none,10666.7,13333.3,10.2601,normal,0.546,-0.18997063018197508,0,-0.0010000000000000009,0.518,-0.021661979920234144,1,0.006999999999999999
N15_M01_F10_KI07_13,KI07,artificial,inner_race,N15_M01_F10,1499.85,none,10666.7,13333.3,7.5798,normal,0.234,0.4864817936847764,1,-0.0010000000000000009,0.202,1.2937557710716032,2,0.009000000000000001
N15_M01_F10_KI07_14,KI07,artificial,inner_race,N15_M01_F10,1499.63,none,12000.0,14000.0,8.4901,normal,0.694,-0.3463772617705001,1,0.0,0.456,0.09525599666951344,1,-0.009000000000000001
N15_M01_F10_KI07_15,KI07,artificial,inner_race,N15_M01_F10,1499.65,none,10666.7,13333.3,7.8177,normal,0.48,0.018286486538610668,1,-0.0019999999999999983,0.476,0.028593725188780564,2,0.012
N15_M01_F10_KI07_16,KI07,artificial,inner_race,N15_M01_F10,1499.84,none,12000.0,14000.0,7.0674,inner_race,0.44,0.35087923300404206,1,0.0,0.002,3.304619048353978,3,0.011
N15_M01_F10_KI07_17,KI07,artificial,inner_race,N15_M01_F10,1499.48,none,10666.7,13333.3,11.4214,normal,0.912,-1.110202580082618,0,0.015000000000000003,0.282,0.5691499910399881,4,-0.009000000000000001
N15_M01_F10_KI07_18,KI07,artificial,inner_race,N15_M01_F10,1499.63,none,12000.0,14000.0,8.9029,normal,0.592,-0.24772861162314466,1,-0.0010000000000000009,0.118,1.5459446787114013,0,0.015000000000000003
N15_M01_F10_KI07_19,KI07,artificial,inner_race,N15_M01_F10,1499.77,none,10666.7,13333.3,10.4813,normal,0.328,0.613494604593096,0,-0.018000000000000002,0.192,1.0286098267768777,1,0.009999999999999998
N15_M01_F10_KI07_2,KI07,artificial,inner_race,N15_M01_F10,1499.62,none,10666.7,13333.3,8.2644,normal,0.198,1.5357144910151437,0,0.016000000000000004,0.446,0.19308298488517883,2,0.011
N15_M01_F10_KI07_20,KI07,artificial,inner_race,N15_M01_F10,1499.69,none,12000.0,14000.0,11.0673,inner_race,0.902,-0.8981877486702781,1,0.0,0.002,3.3419241560882176,3,0.011
N15_M01_F10_KI07_3,KI07,artificial,inner_race,N15_M01_F10,1499.73,none,10666.7,13333.3,9.9927,normal,0.458,0.09070930125463138,1,-0.0019999999999999983,0.734,-0.44187739777228097,2,0.012
N15_M01_F10_KI07_4,KI07,artificial,inner_race,N15_M01_F10,1500.09,none,12000.0,14000.0,10.6451,normal,0.346,0.6168574537370145,1,-0.0010000000000000009,0.058,2.280371362437383,2,0.011
N15_M01_F10_KI07_5,KI07,artificial,inner_race,N15_M01_F10,1499.39,none,12000.0,14000.0,8.9314,normal,0.83,-0.5321842708843187,1,-0.0019999999999999983,0.098,1.556122153025005,2,0.012
N15_M01_F10_KI07_6,KI07,artificial,inner_race,N15_M01_F10,1499.44,none,10666.7,13333.3,9.0033,normal,0.354,0.5273097155822225,1,0.0010000000000000009,0.118,1.243246851702171,3,0.012
N15_M01_F10_KI07_7,KI07,artificial,inner_race,N15_M01_F10,1499.26,none,10666.7,13333.3,9.0742,normal,0.384,0.2921951616980356,0,0.016000000000000004,0.548,-0.07392266714044647,3,0.012
N15_M01_F10_KI07_8,KI07,artificial,inner_race,N15_M01_F10,1499.61,none,10666.7,13333.3,8.532,normal,0.606,-0.40647555426482823,1,-0.0010000000000000009,0.95,-1.351215904736909,3,0.012
N15_M01_F10_KI07_9,KI07,artificial,inner_race,N15_M01_F10,1499.83,none,10666.7,13333.3,8.373,normal,0.504,-0.002398101734804852,1,-0.0010000000000000009,0.222,1.0437283413518492,3,0.012
N15_M01_F10_KI08_1,KI08,artificial,inner_race,N15_M01_F10,1499.72,none,10666.7,13333.3,8.568,normal,0.412,0.7645459960602125,0,0.016000000000000004,0.546,-0.09653962859320112,1,-0.009000000000000001
N15_M01_F10_KI08_10,KI08,artificial,inner_race,N15_M01_F10,1499.61,none,10666.7,13333.3,9.332,normal,0.266,1.1008631727339322,1,-0.0010000000000000009,0.898,-1.0600789016760426,4,0.012
N15_M01_F10_KI08_11,KI08,artificial,inner_race,N15_M01_F10,1499.39,none,10666.7,13333.3,13.0397,normal,0.528,-0.17174001437927194,1,-0.0010000000000000009,0.416,0.17941801027532633,3,0.012
N15_M01_F10_KI08_12,KI08,artificial,inner_race,N15_M01_F10,1499.53,none,10666.7,13333.3,8.3938,normal,0.742,-0.5016147959948699,1,-0.0010000000000000009,0.458,0.11761606556268075,3,0.012
N15_M01_F10_KI08_13,KI08,artificial,inner_race,N15_M01_F10,1499.38,none,10666.7,13333.3,9.253,normal,0.366,0.3419304586072063,1,0.0010000000000000009,0.34,0.500087434182486,3,0.012
N15_M01_F10_KI08_14,KI08,artificial,inner_race,N15_M01_F10,1499.36,none,10666.7,13333.3,8.4873,normal,0.758,-0.7663409463055503,1,-0.0010000000000000009,0.254,0.7290151491379468,4,0.012
N15_M01_F10_KI08_15,KI08,artificial,inner_race,N15_M01_F10,1499.66,none,10666.7,13333.3,9.7072,normal,0.536,-0.05240084712336289,1,-0.0010000000000000009,0.222,0.870600925211068,3,0.011
N15_M01_F10_KI08_16,KI08,artificial,inner_race,N15_M01_F10,1499.69,none,12000.0,14000.0,8.4214,normal,0.912,-0.722527663303645,1,0.0,0.534,-0.023289148655396316,3,0.012
N15_M01_F10_KI08_17,KI08,artificial,inner_race,N15_M01_F10,1499.32,none,10666.7,13333.3,10.7618,normal,0.792,-0.6256829178468464,2,0.0010000000000000009,0.486,0.06740633986361746,2,-0.009000000000000001
N15_M01_F10_KI08_18,KI08,artificial,inner_race,N15_M01_F10,1499.46,none,10666.7,13333.3,10.0135,normal,0.352,0.39385259661787336,1,0.0010000000000000009,0.712,-0.35623473330130473,2,-0.008
N15_M01_F10_KI08_19,KI08,artificial,inner_race,N15_M01_F10,1499.64,none,10666.7,13333.3,12.617,normal,0.658,-0.3240097716740807,1,-0.0010000000000000009,0.354,0.41780517804004796,2,0.012
N15_M01_F10_KI08_2,KI08,artificial,inner_race,N15_M01_F10,1499.45,none,12000.0,14000.0,13.8455,normal,0.528,-0.17392217665603113,1,0.0010000000000000009,0.146,0.9385310359539043,3,0.012
N15_M01_F10_KI08_20,KI08,artificial,inner_race,N15_M01_F10,1499.76,none,10666.7,13333.3,9.6362,normal,0.266,0.812128767797447,1,-0.0010000000000000009,0.062,2.4284854770811237,3,0.011
N15_M01_F10_KI08_3,KI08,artificial,inner_race,N15_M01_F10,1499.4,none,10666.7,13333.3,13.2839,normal,0.276,1.9292243767999608,1,0.0010000000000000009,0.924,-0.9992924839959831,3,0.012
N15_M01_F10_KI08_4,KI08,artificial,inner_race,N15_M01_F10,1499.97,none,12000.0,14000.0,9.9174,inner_race,0.558,-0.15570936660906853,1,0.0,0.002,1.7279256788593786,3,0.011
N15_M01_F10_KI08_5,KI08,artificial,inner_race,N15_M01_F10,1499.6,none,12000.0,14000.0,8.8301,normal,0.328,0.2367365141948081,1,-0.0010000000000000009,0.384,0.4040881608024032,3,0.012
N15_M01_F10_KI08_6,KI08,artificial,inner_race,N15_M01_F10,1499.69,none,10666.7,13333.3,9.9748,normal,0.382,0.9098690671402875,1,0.0,0.38,0.47825564181915137,3,0.012
N15_M01_F10_KI08_7,KI08,artificial,inner_race,N15_M01_F10,1499.6,none,10666.7,13333.3,8.7611,normal,0.596,-0.11067629582588713,1,-0.0010000000000000009,0.494,0.03666940194326183,3,0.012
N15_M01_F10_KI08_8,KI08,artificial,inner_race,N15_M01_F10,1499.77,none,10666.7,13333.3,12.0603,normal,0.356,0.5187563340409246,1,0.0,0.386,0.16679692121036316,3,0.011
N15_M01_F10_KI08_9,KI08,artificial,inner_race,N15_M01_F10,1499.65,none,10666.7,13333.3,9.597,normal,0.622,-0.5011075076603654,1,0.0,0.284,0.6653206684904114,3,0.012
N15_M01_F10_KI14_1,KI14,real,inner_race,N15_M01_F10,1499.54,none,12000.0,14000.0,3.8273,normal,0.914,-0.7977972100826686,1,-0.0019999999999999983,0.914,-1.2540881186976813,0,0.011
N15_M01_F10_KI14_10,KI14,real,inner_race,N15_M01_F10,1499.47,none,12000.0,14000.0,4.2049,normal,0.67,-0.4750702470308264,0,-0.02,0.766,-0.5971122555945593,2,-0.01
N15_M01_F10_KI14_11,KI14,real,inner_race,N15_M01_F10,1499.41,none,12000.0,14000.0,4.5997,normal,0.54,-0.03812723741973945,0,-0.014,0.702,-0.5561377081486688,1,-0.002999999999999999
N15_M01_F10_KI14_12,KI14,real,inner_race,N15_M01_F10,1499.56,none,12000.0,14000.0,4.3235,normal,0.426,0.19312451023998736,0,-0.018000000000000002,0.95,-0.982690871701375,2,-0.01
N15_M01_F10_KI14_13,KI14,real,inner_race,N15_M01_F10,1499.46,none,12000.0,14000.0,4.5684,normal,0.686,-0.44862421878159764,0,-0.013000000000000001,0.462,0.1009109455715696,0,0.015000000000000003
N15_M01_F10_KI14_14,KI14,real,inner_race,N15_M01_F10,1499.64,none,12000.0,14000.0,4.4426,normal,0.592,-0.342322233871269,0,0.015000000000000003,0.708,-0.5281966804283709,1,-0.017
N15_M01_F10_KI14_15,KI14,real,inner_race,N15_M01_F10,1499.54,none,12000.0,14000.0,4.8574,normal,0.848,-0.9069542037332677,0,-0.0019999999999999983,0.47,0.07736149212631557,1,-0.009000000000000001
N15_M01_F10_KI14_16,KI14,real,inner_race,N15_M01_F10,1499.5,none,12000.0,14000.0,4.9501,normal,0.594,-0.2877125256079734,0,0.014000000000000002,0.88,-1.135471946523419,2,-0.009000000000000001
N15_M01_F10_KI14_17,KI14,real,inner_race,N15_M01_F10,1499.6,none,12000.0,14000.0,5.4717,normal,0.972,-1.0701657962555389,0,-0.02,0.562,-0.23379934719309217,2,-0.017
N15_M01_F10_KI14_18,KI14,real,inner_race,N15_M01_F10,1499.75,none,12000.0,14000.0,4.1953,normal,0.784,-0.5458296110358526,0,0.015000000000000003,0.606,-0.25001170013145974,0,0.005000000000000001
N15_M01_F10_KI14_19,KI14,real,inner_race,N15_M01_F10,1499.78,none,12000.0,14000.0,4.0968,normal,0.676,-0.2880249626118025,0,-0.012,0.556,-0.047842364097260365,1,-0.002999999999999999
N15_M01_F10_KI14_2,KI14,real,inner_race,N15_M01_F10,1499.6,none,12000.0,14000.0,4.0943,normal,0.292,0.28521920188147504,0,-0.018000000000000002,0.954,-1.2450139199741812,2,-0.016
N15_M01_F10_KI14_20,KI14,real,inner_race,N15_M01_F10,1499.6,none,12000.0,14000.0,4.4967,normal,0.76,-0.5873554080130328,1,0.016000000000000004,0.674,-0.444038700497618,0,0.012
N15_M01_F10_KI14_3,KI14,real,inner_race,N15_M01_F10,1499.63,none,12000.0,14000.0,4.247,normal,0.698,-0.4182266343104762,0,0.014000000000000002,0.382,0.587289630359355,1,-0.01
N15_M01_F10_KI14_4,KI14,real,inner_race,N15_M01_F10,1499.77,none,12000.0,14000.0,4.5098,normal,0.952,-1.5571655326620895,0,0.013000000000000001,0.574,-0.290818742986113,2,-0.009000000000000001
N15_M01_F10_KI14_5,KI14,real,inner_race,N15_M01_F10,1499.65,none,12000.0,14000.0,3.7367,normal,0.418,0.5148897169179785,0,0.015000000000000003,0.894,-0.9165284272136685,1,-0.009000000000000001
N15_M01_F10_KI14_6,KI14,real,inner_race,N15_M01_F10,1499.49,none,12000.0,14000.0,4.1525,normal,0.738,-0.41846625183642167,0,-0.017,0.368,0.3384918892265582,2,-0.009000000000000001
N15_M01_F10_KI14_7,KI14,real,inner_race,N15_M01_F10,1499.73,none,12000.0,14000.0,4.6357,normal,1.0,-2.190361477854542,0,0.014000000000000002,0.906,-1.3367581333179055,1,-0.009000000000000001
N15_M01_F10_KI14_8,KI14,real,inner_race,N15_M01_F10,1499.29,none,12000.0,14000.0,4.073,normal,0.774,-0.8154124870539252,0,-0.009000000000000001,0.66,-0.7263097479275709,1,-0.01
N15_M01_F10_KI14_9,KI14,real,inner_race,N15_M01_F10,1499.61,none,12000.0,14000.0,4.6222,normal,0.346,0.8614772662400288,0,0.015000000000000003,0.308,0.4656169903956126,1,-0.009000000000000001
N15_M01_F10_KI16_1,KI16,real,inner_race,N15_M01_F10,1499.77,none,0.0,2000.0,14.2586,outer_race,0.002,7.110541183067645,2,-0.02,0.002,3.448453298089948,24,0.0019999999999999983
N15_M01_F10_KI16_10,KI16,real,inner_race,N15_M01_F10,1499.71,none,0.0,2000.0,13.9161,inner_race,0.136,1.6723775121898414,0,-0.019,0.002,4.073470059548032,25,0.0010000000000000009
N15_M01_F10_KI16_11,KI16,real,inner_race,N15_M01_F10,1499.06,none,0.0,2000.0,13.8615,outer_race,0.002,8.302746162559423,3,-0.02,0.002,2.5813491969202604,25,0.0010000000000000009
N15_M01_F10_KI16_12,KI16,real,inner_race,N15_M01_F10,1499.85,none,0.0,2000.0,13.8474,outer_race,0.002,5.45115087975674,2,-0.019,0.002,2.9825404381831824,25,0.0010000000000000009
N15_M01_F10_KI16_13,KI16,real,inner_race,N15_M01_F10,1499.53,none,0.0,2000.0,13.9295,outer_race,0.006,6.834176141429624,3,-0.02,0.002,2.7606643677832916,25,0.0019999999999999983
N15_M01_F10_KI16_14,KI16,real,inner_race,N15_M01_F10,1499.67,none,0.0,2000.0,13.8657,inner_race,0.002,1.9420532274837785,0,-0.02,0.002,3.2076985820439736,18,0.0010000000000000009
N15_M01_F10_KI16_15,KI16,real,inner_race,N15_M01_F10,1499.95,none,0.0,2000.0,13.4271,outer_race,0.002,8.508862519103836,4,-0.02,0.002,2.7249206145056224,25,0.0
N15_M01_F10_KI16_16,KI16,real,inner_race,N15_M01_F10,1499.56,none,0.0,2000.0,14.0961,outer_race,0.006,12.06165384711304,3,-0.02,0.002,2.5570182220562914,25,0.0
N15_M01_F10_KI16_17,KI16,real,inner_race,N15_M01_F10,1499.57,none,0.0,2000.0,14.1955,outer_race,0.002,8.926966274241925,3,-0.02,0.002,3.3005138023129836,25,0.0019999999999999983
N15_M01_F10_KI16_18,KI16,real,inner_race,N15_M01_F10,1499.55,none,0.0,2000.0,14.3232,inner_race,0.348,0.5569567576904676,0,-0.02,0.002,3.278008945504908,8,0.0019999999999999983
N15_M01_F10_KI16_19,KI16,real,inner_race,N15_M01_F10,1499.94,none,0.0,2000.0,14.2859,outer_race,0.004,10.137928487745825,4,-0.02,0.002,2.702015032182887,25,0.0010000000000000009
N15_M01_F10_KI16_2,KI16,real,inner_race,N15_M01_F10,1499.52,none,0.0,2000.0,13.744,outer_race,0.004,7.627615847379823,2,-0.02,0.002,3.0012972186755023,24,0.0019999999999999983
N15_M01_F10_KI16_20,KI16,real,inner_race,N15_M01_F10,1499.74,none,0.0,2000.0,14.2699,outer_race,0.004,9.55351478555571,4,-0.02,0.002,2.9301686550457693,25,0.0010000000000000009
N15_M01_F10_KI16_3,KI16,real,inner_race,N15_M01_F10,1499.78,none,0.0,2000.0,13.9137,inner_race,0.824,-1.4101815047237152,0,-0.02,0.002,3.5503448095381906,11,0.0019999999999999983
N15_M01_F10_KI16_4,KI16,real,inner_race,N15_M01_F10,1499.71,none,0.0,2000.0,13.9849,outer_race,0.004,5.8083991817561005,3,-0.019,0.002,2.6983639683618463,25,0.0019999999999999983
N15_M01_F10_KI16_5,KI16,real,inner_race,N15_M01_F10,1499.44,none,0.0,2000.0,13.7415,inner_race,0.002,5.001418449044115,1,-0.019,0.002,3.0474564978534917,25,0.0010000000000000009
N15_M01_F10_KI16_6,KI16,real,inner_race,N15_M01_F10,1499.61,none,0.0,2000.0,14.267,outer_race,0.006,4.5511512353171915,3,-0.02,0.002,2.3716691968824595,25,0.0010000000000000009
N15_M01_F10_KI16_7,KI16,real,inner_race,N15_M01_F10,1499.69,none,0.0,2000.0,13.913,outer_race,0.004,8.376233704284466,3,-0.019,0.002,3.0799440927183976,25,0.0019999999999999983
N15_M01_F10_KI16_8,KI16,real,inner_race,N15_M01_F10,1499.52,none,0.0,2000.0,13.5918,outer_race,0.006,4.6751407225086865,2,-0.02,0.002,2.8055627877364717,25,0.0010000000000000009
N15_M01_F10_KI16_9,KI16,real,inner_race,N15_M01_F10,1499.56,none,0.0,2000.0,13.7775,outer_race,0.004,9.37937020045414,3,-0.019,0.002,2.588328237909718,25,0.0019999999999999983
N15_M01_F10_KI17_1,KI17,real,inner_race,N15_M01_F10,1499.69,none,10666.7,13333.3,6.9558,normal,0.462,0.20595164807746774,0,-0.018000000000000002,0.41,0.30860303900175506,1,-0.01
N15_M01_F10_KI17_10,KI17,real,inner_race,N15_M01_F10,1499.58,none,12000.0,14000.0,6.5964,normal,0.898,-1.7267112828278792,0,-0.018000000000000002,0.916,-0.9843765600867179,1,0.011
N15_M01_F10_KI17_11,KI17,real,inner_race,N15_M01_F10,1499.02,none,10000.0,12000.0,6.7217,normal,0.93,-1.153917910200495,0,-0.004,0.002,4.613857156159135,0,-0.002999999999999999
N15_M01_F10_KI17_12,KI17,real,inner_race,N15_M01_F10,1500.13,none,12000.0,14000.0,6.6181,normal,0.712,-0.4690504701755002,0,-0.016,0.514,-0.022118737183543912,2,-0.004
N15_M01_F10_KI17_13,KI17,real,inner_race,N15_M01_F10,1500.15,none,12000.0,14000.0,6.9601,normal,0.428,0.35275481037413026,0,0.011,0.888,-0.7275347005522025,1,-0.016
N15_M01_F10_KI17_14,KI17,real,inner_race,N15_M01_F10,1500.19,none,12000.0,14000.0,6.6397,normal,0.304,0.26519689269108154,0,0.0,0.648,-0.3254630111610237,1,-0.01
N15_M01_F10_KI17_15,KI17,real,inner_race,N15_M01_F10,1499.52,none,12000.0,14000.0,6.993,normal,0.438,0.04304811205386714,0,-0.017,0.428,0.21868817341129515,1,-0.009000000000000001
N15_M01_F10_KI17_16,KI17,real,inner_race,N15_M01_F10,1499.51,none,12000.0,14000.0,6.1634,normal,0.36,0.3477441643667839,0,-0.009000000000000001,0.43,0.32509310445004636,1,-0.009000000000000001
N15_M01_F10_KI17_17,KI17,real,inner_race,N15_M01_F10,1500.08,none,12000.0,14000.0,5.9038,normal,0.478,0.10326854826385898,0,-0.0010000000000000009,0.726,-0.45147068419260056,1,-0.017
N15_M01_F10_KI17_18,KI17,real,inner_race,N15_M01_F10,1499.57,none,12000.0,14000.0,6.6191,normal,0.89,-0.8469943899265165,0,-0.017,0.882,-0.9458940593768931,0,0.015000000000000003
N15_M01_F10_KI17_19,KI17,real,inner_race,N15_M01_F10,1500.74,none,12000.0,14000.0,6.2289,normal,0.622,-0.43688935455556677,0,0.015000000000000003,0.626,-0.3510083241022544,1,-0.005000000000000001
N15_M01_F10_KI17_2,KI17,real,inner_race,N15_M01_F10,1499.79,none,12000.0,14000.0,6.7656,normal,0.574,-0.2797082673417973,0,-0.004,0.878,-1.0420677065630106,0,0.008
N15_M01_F10_KI17_20,KI17,real,inner_race,N15_M01_F10,1499.5,none,12000.0,14000.0,6.0104,normal,0.908,-1.3651676760547422,0,-0.018000000000000002,0.536,-0.043253609776547824,1,-0.01
N15_M01_F10_KI17_3,KI17,real,inner_race,N15_M01_F10,1499.86,none,12000.0,14000.0,6.6836,normal,0.68,-0.3894488333042724,0,0.012,0.948,-0.8363077427801187,1,-0.009000000000000001
N15_M01_F10_KI17_4,KI17,real,inner_race,N15_M01_F10,1499.83,none,12000.0,14000.0,6.3119,normal,0.804,-1.1500602996063902,0,0.015000000000000003,0.508,-0.013617920059295926,1,-0.004
N15_M01_F10_KI17_5,KI17,real,inner_race,N15_M01_F10,1499.69,none,12000.0,14000.0,7.5019,normal,0.706,-0.5368408536578541,0,-0.017,0.736,-0.3664638671419885,1,0.011
N15_M01_F10_KI17_6,KI17,real,inner_race,N15_M01_F10,1499.94,none,12000.0,14000.0,7.0626,normal,0.542,-0.17082285749455212,0,0.016000000000000004,0.374,0.43974798390310293,0,0.011
N15_M01_F10_KI17_7,KI17,real,inner_race,N15_M01_F10,1499.82,none,12000.0,14000.0,7.0528,normal,0.412,0.2569029026194392,0,0.02,0.64,-0.390111681087766,1,-0.01
N15_M01_F10_KI17_8,KI17,real,inner_race,N15_M01_F10,1499.67,none,12000.0,14000.0,6.7728,normal,0.672,-0.24071787277200068,0,-0.002999999999999999,0.552,-0.07990352644825041,1,-0.004
N15_M01_F10_KI17_9,KI17,real,inner_race,N15_M01_F10,1499.97,none,12000.0,14000.0,6.7902,normal,0.762,-0.5758133357967831,0,-0.0010000000000000009,0.882,-0.9734478187649453,0,0.009999999999999998
N15_M01_F10_KI18_1,KI18,real,inner_race,N15_M01_F10,1499.68,none,8000.0,10666.7,15.2175,inner_race,0.032,2.5876293695802888,1,-0.017,0.002,3.8100944204633023,25,-0.002999999999999999
N15_M01_F10_KI18_10,KI18,real,inner_race,N15_M01_F10,1499.59,none,8000.0,10666.7,14.5689,inner_race,0.084,1.610883094639739,1,-0.015,0.002,4.264753818376254,25,-0.002999999999999999
N15_M01_F10_KI18_11,KI18,real,inner_race,N15_M01_F10,1499.79,none,8000.0,10666.7,13.9401,inner_race,0.052,2.1401796883275077,1,-0.019,0.002,4.201265771600228,25,-0.002999999999999999
N15_M01_F10_KI18_12,KI18,real,inner_race,N15_M01_F10,1499.54,none,8000.0,10666.7,13.9359,inner_race,0.14,1.4397845152465658,1,-0.017,0.002,3.48972454300114,25,-0.002999999999999999
N15_M01_F10_KI18_13,KI18,real,inner_race,N15_M01_F10,1499.62,none,8000.0,10666.7,14.0445,inner_race,0.17,2.1301575650184468,2,-0.017,0.004,3.046616288002703,25,-0.002999999999999999
N15_M01_F10_KI18_14,KI18,real,inner_race,N15_M01_F10,1499.5,none,8000.0,10666.7,14.2026,inner_race,0.26,0.7620671244922017,1,-0.015,0.002,3.9290211887480058,25,-0.002999999999999999
N15_M01_F10_KI18_15,KI18,real,inner_race,N15_M01_F10,1499.55,none,8000.0,10666.7,14.148,inner_race,0.044,2.432827570330545,1,-0.015,0.002,4.062861552710642,25,-0.002999999999999999
N15_M01_F10_KI18_16,KI18,real,inner_race,N15_M01_F10,1499.56,none,8000.0,10666.7,13.9241,inner_race,0.512,-0.007090633392865699,1,-0.015,0.002,2.4058579179832615,25,-0.002999999999999999
N15_M01_F10_KI18_17,KI18,real,inner_race,N15_M01_F10,1499.47,none,8000.0,10666.7,14.7203,inner_race,0.154,1.0740536732190815,1,-0.019,0.004,3.665825989153503,25,-0.002999999999999999
N15_M01_F10_KI18_18,KI18,real,inner_race,N15_M01_F10,1499.66,none,8000.0,10666.7,15.3851,inner_race,0.05,1.9267217562849237,1,-0.018000000000000002,0.002,4.578974558717404,25,-0.002999999999999999
N15_M01_F10_KI18_19,KI18,real,inner_race,N15_M01_F10,1499.59,none,8000.0,10666.7,14.8179,inner_race,0.032,2.151878156676346,2,-0.019,0.002,3.8427095181103104,25,-0.002999999999999999
N15_M01_F10_KI18_2,KI18,real,inner_race,N15_M01_F10,1499.52,none,8000.0,10666.7,13.7593,inner_race,0.076,2.823360031710434,1,-0.018000000000000002,0.002,4.445805771549023,25,-0.002999999999999999
N15_M01_F10_KI18_20,KI18,real,inner_race,N15_M01_F10,1499.73,none,8000.0,10666.7,13.4926,inner_race,0.246,0.5317012414352794,1,-0.015,0.002,2.9965057496057566,25,-0.002999999999999999
N15_M01_F10_KI18_3,KI18,real,inner_race,N15_M01_F10,1499.46,none,8000.0,10666.7,14.2959,inner_race,0.214,1.592376048773726,1,-0.019,0.002,4.020013245927617,25,-0.0019999999999999983
N15_M01_F10_KI18_4,KI18,real,inner_race,N15_M01_F10,1499.57,none,8000.0,10666.7,15.2608,inner_race,0.244,1.2450621242318352,2,-0.019,0.004,2.409574585947946,25,-0.002999999999999999
N15_M01_F10_KI18_5,KI18,real,inner_race,N15_M01_F10,1499.37,none,8000.0,10666.7,13.7628,inner_race,0.284,0.7632036124069513,1,-0.015,0.002,3.0800756243219314,25,-0.002999999999999999
N15_M01_F10_KI18_6,KI18,real,inner_race,N15_M01_F10,1499.46,none,8000.0,10666.7,14.6152,inner_race,0.04,3.3007854068471234,2,-0.019,0.006,3.1378347502279262,24,-0.0019999999999999983
N15_M01_F10_KI18_7,KI18,real,inner_race,N15_M01_F10,1499.57,none,8000.0,10666.7,14.7612,inner_race,0.142,1.0069082364746,1,-0.015,0.002,3.3479859149603315,25,-0.002999999999999999
N15_M01_F10_KI18_8,KI18,real,inner_race,N15_M01_F10,1499.86,none,8000.0,10666.7,14.4498,inner_race,0.046,2.404997787433415,2,-0.019,0.002,3.958380527990525,25,-0.002999999999999999
N15_M01_F10_KI18_9,KI18,real,inner_race,N15_M01_F10,1499.4,none,8000.0,10666.7,14.1382,inner_race,0.16,2.487154161128353,1,-0.02,0.002,4.840512798892287,25,-0.002999999999999999
N15_M01_F10_KI21_1,KI21,real,inner_race,N15_M01_F10,1499.72,none,10666.7,13333.3,7.3939,normal,0.826,-0.8197051339797562,0,0.016999999999999998,0.702,-0.5000948708549268,0,-0.009000000000000001
N15_M01_F10_KI21_10,KI21,real,inner_race,N15_M01_F10,1499.71,none,12000.0,14000.0,6.9178,normal,0.632,-0.4736686526042594,0,0.0,0.38,0.4006424782984044,2,-0.011
N15_M01_F10_KI21_11,KI21,real,inner_race,N15_M01_F10,1499.58,none,10666.7,13333.3,6.8837,normal,0.45,0.2606505782974703,0,-0.0019999999999999983,0.648,-0.2858068885724032,0,-0.009000000000000001
N15_M01_F10_KI21_12,KI21,real,inner_race,N15_M01_F10,1499.42,none,10666.7,13333.3,6.8105,normal,0.586,-0.06499648923066832,0,-0.011,0.548,-0.0746753871437946,1,-0.01
N15_M01_F10_KI21_13,KI21,real,inner_race,N15_M01_F10,1499.62,none,12000.0,14000.0,6.0073,normal,0.272,0.6936901684753224,1,0.016000000000000004,0.672,-0.4666794743115037,1,-0.011
N15_M01_F10_KI21_14,KI21,real,inner_race,N15_M01_F10,1499.63,none,10666.7,13333.3,7.2074,normal,0.896,-1.5286485119358268,0,-0.015,0.816,-0.5896876213969855,1,-0.011
N15_M01_F10_KI21_15,KI21,real,inner_race,N15_M01_F10,1499.57,none,10666.7,13333.3,7.3088,normal,0.432,0.39179119684032737,0,-0.011,0.326,0.5475394007190105,2,0.015000000000000003
N15_M01_F10_KI21_16,KI21,real,inner_race,N15_M01_F10,1499.65,none,10666.7,13333.3,6.6972,normal,0.506,-0.01577706716799459,0,-0.013000000000000001,0.694,-0.38330096033806155,0,0.015000000000000003
N15_M01_F10_KI21_17,KI21,real,inner_race,N15_M01_F10,1499.46,none,10666.7,13333.3,8.2058,normal,0.632,-0.40610341998053895,0,0.015000000000000003,0.366,0.26065152314294815,2,-0.009000000000000001
N15_M01_F10_KI21_18,KI21,real,inner_race,N15_M01_F10,1499.57,none,10666.7,13333.3,6.519,normal,0.622,-0.4150118335040051,0,-0.0019999999999999983,0.644,-0.42774903087491356,1,0.009999999999999998
N15_M01_F10_KI21_19,KI21,real,inner_race,N15_M01_F10,1499.55,none,10666.7,13333.3,7.5899,normal,0.602,-0.06769707860949586,1,0.016000000000000004,0.488,0.02051250078549277,1,-0.01
N15_M01_F10_KI21_2,KI21,real,inner_race,N15_M01_F10,1499.52,none,10666.7,13333.3,6.9891,normal,0.648,-0.25988550048019793,0,-0.012,0.908,-1.1115150597791275,0,0.011
N15_M01_F10_KI21_20,KI21,real,inner_race,N15_M01_F10,1499.56,none,10666.7,13333.3,6.7651,normal,0.83,-0.7067735366248943,0,0.016999999999999998,0.756,-0.6258513634620688,1,-0.011
N15_M01_F10_KI21_3,KI21,real,inner_race,N15_M01_F10,1499.61,none,12000.0,14000.0,7.8962,normal,0.608,-0.42957415456676695,1,0.016000000000000004,0.276,0.7706795244600566,0,0.015000000000000003
N15_M01_F10_KI21_4,KI21,real,inner_race,N15_M01_F10,1499.61,none,10666.7,13333.3,6.6407,normal,0.484,0.0441521496191237,0,-0.011,0.522,-0.013789612407825402,1,0.009999999999999998
N15_M01_F10_KI21_5,KI21,real,inner_race,N15_M01_F10,1499.74,none,10666.7,13333.3,6.6789,normal,0.51,-0.10589726961774862,1,0.016999999999999998,0.424,0.15093289729773057,1,-0.01
N15_M01_F10_KI21_6,KI21,real,inner_race,N15_M01_F10,1499.62,none,10666.7,13333.3,7.2549,normal,0.462,0.19609832988589906,0,-0.012,0.678,-0.38447494553129663,1,0.011
N15_M01_F10_KI21_7,KI21,real,inner_race,N15_M01_F10,1499.55,none,10666.7,13333.3,6.822,normal,0.312,0.6249101979962168,1,0.016000000000000004,0.774,-0.6502653260250861,2,0.015000000000000003
N15_M01_F10_KI21_8,KI21,real,inner_race,N15_M01_F10,1499.73,none,10666.7,13333.3,8.1072,normal,0.868,-1.0025740715396234,0,-0.0019999999999999983,0.508,-0.017220616898600688,1,-0.01
N15_M01_F10_KI21_9,KI21,real,inner_race,N15_M01_F10,1499.58,none,10666.7,13333.3,6.9126,normal,0.482,0.020627181089955673,1,0.016999999999999998,0.854,-0.8267979156286638,1,-0.009000000000000001
N15_M07_F04_K001_1,K001,none,normal,N15_M07_F04,1499.56,none,10000.0,12000.0,3.4915,inner_race,0.508,-0.0132312587179373,1,0.0019999999999999983,0.002,3.082989852541545,2,0.009999999999999998
N15_M07_F04_K001_10,K001,none,normal,N15_M07_F04,1499.63,none,10666.7,13333.3,4.1251,normal,0.25,1.2530663573563878,1,-0.0010000000000000009,0.192,0.8841208965984854,3,0.012
N15_M07_F04_K001_11,K001,none,normal,N15_M07_F04,1499.55,none,12000.0,14000.0,3.4661,inner_race,0.814,-0.8022984349308941,1,0.0019999999999999983,0.008,1.8193819046023483,2,0.011
N15_M07_F04_K001_12,K001,none,normal,N15_M07_F04,1499.59,none,10000.0,12000.0,3.4765,normal,0.192,2.4501361927510277,1,0.0,0.678,-0.32063845716214767,2,0.009999999999999998
N15_M07_F04_K001_13,K001,none,normal,N15_M07_F04,1499.62,none,10666.7,13333.3,4.2538,normal,0.226,1.5460400767746483,1,-0.0010000000000000009,0.042,2.0062425268091992,2,0.011
N15_M07_F04_K001_14,K001,none,normal,N15_M07_F04,1499.57,none,10666.7,13333.3,3.8279,normal,0.21,0.6910764700272592,1,-0.0019999999999999983,0.046,1.8043860594845615,3,0.011
N15_M07_F04_K001_15,K001,none,normal,N15_M07_F04,1499.61,none,10666.7,13333.3,3.8389,normal,0.812,-0.8730793851418498,1,-0.0019999999999999983,0.188,1.4050001344101375,1,0.009999999999999998
N15_M07_F04_K001_16,K001,none,normal,N15_M07_F04,1499.61,none,12000.0,14000.0,4.1194,normal,0.184,0.9037670409203472,1,-0.0010000000000000009,0.92,-1.2226532227213616,1,0.015000000000000003
N15_M07_F04_K001_17,K001,none,normal,N15_M07_F04,1499.58,none,10666.7,13333.3,3.9519,normal,0.204,1.0905315398368671,1,-0.0010000000000000009,0.328,0.36519774408063543,3,0.012
N15_M07_F04_K001_18,K001,none,normal,N15_M07_F04,1499.6,none,10666.7,13333.3,3.4934,inner_race,0.198,0.8421342015937606,1,-0.0010000000000000009,0.002,2.1140240584122827,3,0.009999999999999998
N15_M07_F04_K001_19,K001,none,normal,N15_M07_F04,1499.62,none,10666.7,13333.3,4.0352,normal,0.588,-0.18244761743038984,1,-0.0010000000000000009,0.336,0.29339213770310707,3,0.011
N15_M07_F04_K001_2,K001,none,normal,N15_M07_F04,1499.55,none,10666.7,13333.3,3.336,normal,0.248,0.7526879229383022,1,-0.0010000000000000009,0.084,1.7988930905203198,4,0.009999999999999998
N15_M07_F04_K001_20,K001,none,normal,N15_M07_F04,1499.61,none,10666.7,13333.3,3.9758,inner_race,0.268,0.6346911944820858,0,-0.0010000000000000009,0.024,1.526043432019826,3,0.011
N15_M07_F04_K001_3,K001,none,normal,N15_M07_F04,1499.62,none,10666.7,13333.3,3.4959,normal,0.258,1.5586253790702778,1,-0.0010000000000000009,0.068,1.7253291673592286,2,0.009999999999999998
N15_M07_F04_K001_4,K001,none,normal,N15_M07_F04,1499.62,none,10000.0,12000.0,3.7881,normal,0.186,0.8956052043410683,1,0.0,0.042,1.8675448736081712,3,0.011
N15_M07_F04_K001_5,K001,none,normal,N15_M07_F04,1499.59,none,10666.7,13333.3,3.642,normal,0.182,1.3973649981042622,1,-0.0010000000000000009,0.29,0.5915885789935118,3,0.011
N15_M07_F04_K001_6,K001,none,normal,N15_M07_F04,1499.56,none,10666.7,13333.3,3.8935,normal,0.536,-0.43925229300208046,1,-0.0010000000000000009,0.142,1.091133784255572,3,0.012
N15_M07_F04_K001_7,K001,none,normal,N15_M07_F04,1499.63,none,10666.7,13333.3,3.7487,normal,0.522,-0.019527738135091018,1,-0.0010000000000000009,0.098,1.9180306502785094,1,0.009999999999999998
N15_M07_F04_K001_8,K001,none,normal,N15_M07_F04,1499.55,none,10666.7,13333.3,3.347,normal,0.412,0.4460899858287588,2,-0.0010000000000000009,0.876,-1.0360485742441352,1,-0.011
N15_M07_F04_K001_9,K001,none,normal,N15_M07_F04,1499.64,none,12000.0,14000.0,3.9561,normal,0.404,0.20131292182673802,1,-0.019,0.44,0.0903605133154067,3,0.011
N15_M07_F04_K002_1,K002,none,normal,N15_M07_F04,1499.46,none,12000.0,14000.0,8.491,normal,0.758,-0.5645882693954135,0,0.016000000000000004,0.338,0.42466898516762625,2,0.009999999999999998
N15_M07_F04_K002_10,K002,none,normal,N15_M07_F04,1499.72,none,10666.7,13333.3,6.9111,normal,0.182,1.5847887463335664,1,-0.0019999999999999983,0.05,1.7079775644081934,2,0.012
N15_M07_F04_K002_11,K002,none,normal,N15_M07_F04,1499.15,none,10666.7,13333.3,10.0525,normal,0.938,-1.0452274317494288,1,0.0,0.16,1.293651843613827,1,-0.015
N15_M07_F04_K002_12,K002,none,normal,N15_M07_F04,1499.65,none,10666.7,13333.3,10.9745,normal,0.736,-0.5438077590867434,1,-0.0010000000000000009,0.748,-0.5883717455061303,2,0.012
N15_M07_F04_K002_13,K002,none,normal,N15_M07_F04,1499.59,none,12000.0,14000.0,9.4214,normal,0.452,0.17542351764614827,1,-0.0010000000000000009,0.836,-0.9499548282860291,1,0.008
N15_M07_F04_K002_14,K002,none,normal,N15_M07_F04,1499.51,none,12000.0,14000.0,6.2134,normal,0.448,0.2760983579531221,1,-0.0019999999999999983,0.252,1.2720657889660545,0,0.016000000000000004
N15_M07_F04_K002_15,K002,none,normal,N15_M07_F04,1499.55,none,12000.0,14000.0,7.7765,normal,0.274,0.4713743897243848,1,-0.0019999999999999983,0.892,-0.8869402784323118,1,0.006999999999999999
N15_M07_F04_K002_16,K002,none,normal,N15_M07_F04,1499.48,none,12000.0,14000.0,8.2027,normal,0.258,0.46644142116286114,1,0.0,0.97,-1.6973176443171032,2,0.012
N15_M07_F04_K002_17,K002,none,normal,N15_M07_F04,1499.29,none,10666.7,13333.3,9.0348,normal,0.47,0.05558712572063989,0,0.016000000000000004,0.592,-0.15433330782001028,0,0.016000000000000004
N15_M07_F04_K002_18,K002,none,normal,N15_M07_F04,1498.8,none,12000.0,14000.0,6.8081,normal,0.54,-0.1399717045131981,1,-0.0019999999999999983,0.588,-0.12257016498557509,3,0.012
N15_M07_F04_K002_19,K002,none,normal,N15_M07_F04,1500.16,none,10666.7,13333.3,13.0296,normal,0.33,0.6464112453064094,1,-0.0019999999999999983,0.762,-0.6014091269562003,3,0.011
N15_M07_F04_K002_2,K002,none,normal,N15_M07_F04,1499.59,none,10666.7,13333.3,7.7594,normal,0.42,0.24418532931126516,1,0.0,0.344,0.3161688316033095,2,0.006999999999999999
N15_M07_F04_K002_20,K002,none,normal,N15_M07_F04,1500.35,none,10666.7,13333.3,7.3757,normal,0.294,0.964985895971561,0,0.015000000000000003,0.248,0.5726386431203021,2,0.009999999999999998
N15_M07_F04_K002_3,K002,none,normal,N15_M07_F04,1499.49,none,12000.0,14000.0,8.2755,normal,0.508,-0.024519727678041624,1,-0.0010000000000000009,0.236,0.7975113089586457,2,0.012
N15_M07_F04_K002_4,K002,none,normal,N15_M07_F04,1499.84,none,12000.0,14000.0,8.2189,normal,0.324,0.732374879504155,0,0.016000000000000004,0.21,1.2792319651933821,2,0.011
N15_M07_F04_K002_5,K002,none,normal,N15_M07_F04,1499.88,none,10666.7,13333.3,9.6438,normal,0.534,-0.040273865670261665,0,0.016999999999999998,0.486,0.06211224926021472,1,0.012
N15_M07_F04_K002_6,K002,none,normal,N15_M07_F04,1499.37,none,10666.7,13333.3,10.6765,normal,0.728,-0.28449934627701795,1,-0.0019999999999999983,0.198,0.8797198054643658,1,0.012
N15_M07_F04_K002_7,K002,none,normal,N15_M07_F04,1499.54,none,10666.7,13333.3,10.8596,normal,0.624,-0.06330381513053783,1,0.0,0.904,-1.1732044614837385,1,0.011
N15_M07_F04_K002_8,K002,none,normal,N15_M07_F04,1499.54,none,10666.7,13333.3,9.2611,normal,0.486,0.14808297000432194,1,0.0,0.142,1.243862769865869,3,0.012
N15_M07_F04_K002_9,K002,none,normal,N15_M07_F04,1499.69,none,10666.7,13333.3,8.7354,normal,0.776,-0.4172901966209569,0,0.016000000000000004,0.458,0.11011015787381079,1,0.011
N15_M07_F04_K003_1,K003,none,normal,N15_M07_F04,1499.61,none,10666.7,13333.3,3.9596,normal,0.378,0.4078743695321236,1,0.0,0.148,0.9695538705672221,3,0.011
N15_M07_F04_K003_10,K003,none,normal,N15_M07_F04,1499.59,none,10666.7,13333.3,3.6538,normal,0.716,-0.560344139274286,0,-0.018000000000000002,0.07,2.105503073908396,2,0.009999999999999998
N15_M07_F04_K003_11,K003,none,normal,N15_M07_F04,1499.56,none,10666.7,13333.3,3.9572,normal,0.206,1.707803462111082,1,-0.0010000000000000009,0.21,1.0463814898183028,3,0.009999999999999998
N15_M07_F04_K003_12,K003,none,normal,N15_M07_F04,1499.64,none,12000.0,14000.0,3.6791,normal,0.26,1.2239325254712117,0,0.0,0.028,1.7314251713996054,0,-0.016
N15_M07_F04_K003_13,K003,none,normal,N15_M07_F04,1499.59,none,10000.0,12000.0,4.0666,normal,0.162,1.352430254783087,1,-0.0010000000000000009,0.322,0.5942620416113432,2,0.009999999999999998
N15_M07_F04_K003_14,K003,none,normal,N15_M07_F04,1499.56,none,10666.7,13333.3,4.6601,normal,0.438,0.10874530527658208,2,0.0,0.054,1.7445209723983792,3,0.011
N15_M07_F04_K003_15,K003,none,normal,N15_M07_F04,1499.64,none,10666.7,13333.3,4.0941,normal,0.64,-0.26813487589676815,0,0.016000000000000004,0.124,1.1497653849152232,3,0.011
N15_M07_F04_K003_16,K003,none,normal,N15_M07_F04,1499.63,none,12000.0,14000.0,3.7704,normal,0.624,-0.1875332550468617,1,-0.0010000000000000009,0.148,0.7911135292644983,3,0.009999999999999998
N15_M07_F04_K003_17,K003,none,normal,N15_M07_F04,1499.5,none,10666.7,13333.3,3.9118,normal,0.306,2.510963699278128,2,0.0,0.21,0.8046156381756597,3,0.009999999999999998
N15_M07_F04_K003_18,K003,none,normal,N15_M07_F04,1499.63,none,12000.0,14000.0,3.2806,normal,0.616,-0.09385540160466739,1,0.0010000000000000009,0.28,0.6737518360389962,1,0.009999999999999998
N15_M07_F04_K003_19,K003,none,normal,N15_M07_F04,1499.6,none,10666.7,13333.3,4.0218,normal,0.512,-0.006802433286905056,1,-0.0010000000000000009,0.034,2.5980824698422356,2,0.009999999999999998
N15_M07_F04_K003_2,K003,none,normal,N15_M07_F04,1499.68,none,10666.7,13333.3,3.4417,inner_race,0.312,0.5090058740650353,1,-0.016,0.014,1.7745366774593314,4,0.009999999999999998
N15_M07_F04_K003_20,K003,none,normal,N15_M07_F04,1499.63,none,10666.7,13333.3,3.5296,normal,0.412,0.24885460997039474,1,-0.0019999999999999983,0.232,0.8585256827524755,2,0.011
N15_M07_F04_K003_3,K003,none,normal,N15_M07_F04,1499.66,none,10666.7,13333.3,3.7026,normal,0.322,0.4849869883692067,1,0.0,0.04,1.456782701920349,3,0.011
N15_M07_F04_K003_4,K003,none,normal,N15_M07_F04,1499.57,none,10000.0,12000.0,3.4047,normal,0.684,-0.584964144033315,1,-0.0019999999999999983,0.118,1.208223665006024,2,0.015000000000000003
N15_M07_F04_K003_5,K003,none,normal,N15_M07_F04,1499.59,none,10666.7,13333.3,3.9332,normal,0.868,-0.7703574381984256,1,-0.0010000000000000009,0.026,1.9345507551328156,3,0.011
N15_M07_F04_K003_6,K003,none,normal,N15_M07_F04,1499.55,none,10666.7,13333.3,3.449,normal,0.422,0.22507981638726565,1,-0.0010000000000000009,0.12,1.652489155538282,1,0.012
N15_M07_F04_K003_7,K003,none,normal,N15_M07_F04,1499.59,none,12000.0,14000.0,3.7409,normal,0.262,1.2041470510818326,1,0.0,0.174,1.6139879582778378,2,0.011
N15_M07_F04_K003_8,K003,none,normal,N15_M07_F04,1499.69,none,10666.7,13333.3,3.8016,normal,0.488,0.10643947234719092,1,-0.0010000000000000009,0.41,0.17656771412728292,2,0.009999999999999998
N15_M07_F04_K003_9,K003,none,normal,N15_M07_F04,1499.65,none,10666.7,13333.3,3.4618,normal,0.748,-0.6502835138180351,1,-0.0010000000000000009,0.696,-0.5951872748730873,1,0.0010000000000000009
N15_M07_F04_K004_1,K004,none,normal,N15_M07_F04,1499.58,none,12000.0,14000.0,3.5831,normal,0.348,0.2690668956365507,1,-0.0010000000000000009,0.55,-0.049063577347589746,3,0.009999999999999998
N15_M07_F04_K004_10,K004,none,normal,N15_M07_F04,1499.61,none,12000.0,14000.0,3.769,normal,0.27,1.0830321149076725,1,0.0,0.05,2.306859076321294,2,0.011
N15_M07_F04_K004_11,K004,none,normal,N15_M07_F04,1499.63,none,12000.0,14000.0,4.6003,normal,0.242,0.9420943132144564,0,0.015000000000000003,0.462,0.1417218688585315,1,0.009999999999999998
N15_M07_F04_K004_12,K004,none,normal,N15_M07_F04,1499.53,none,12000.0,14000.0,3.5491,normal,0.422,0.23135416770487005,0,0.0,0.226,1.0270611789920159,2,0.011
N15_M07_F04_K004_13,K004,none,normal,N15_M07_F04,1499.53,none,12000.0,14000.0,3.0131,normal,0.168,1.1148933131972012,0,0.0,0.134,1.643335526591582,2,0.011
N15_M07_F04_K004_14,K004,none,normal,N15_M07_F04,1499.53,none,12000.0,14000.0,3.4276,normal,0.394,0.23126343868923027,0,-0.0019999999999999983,0.566,-0.19732786782042877,1,0.009000000000000001
N15_M07_F04_K004_15,K004,none,normal,N15_M07_F04,1499.61,none,12000.0,14000.0,3.888,normal,0.218,1.0763214114815016,1,-0.0019999999999999983,0.354,0.3433620846197318,2,-0.01
N15_M07_F04_K004_16,K004,none,normal,N15_M07_F04,1499.62,none,12000.0,14000.0,3.3676,normal,0.196,1.6815752171672294,1,0.0,0.112,2.4049938834824816,1,0.009999999999999998
N15_M07_F04_K004_17,K004,none,normal,N15_M07_F04,1499.59,none,12000.0,14000.0,3.04,normal,0.314,0.4580324485740251,1,-0.017,0.556,-0.1633943485515197,2,0.011
N15_M07_F04_K004_18,K004,none,normal,N15_M07_F04,1499.68,none,12000.0,14000.0,3.4108,normal,0.256,0.6766335478044538,0,-0.017,0.286,0.7560880048986118,1,0.009999999999999998
N15_M07_F04_K004_19,K004,none,normal,N15_M07_F04,1499.57,none,10666.7,13333.3,3.18,normal,0.346,0.27942983360379164,1,-0.0019999999999999983,0.27,0.656996274040645,3,0.011
N15_M07_F04_K004_2,K004,none,normal,N15_M07_F04,1499.62,none,10666.7,13333.3,3.5503,normal,0.306,0.6385898386626635,1,-0.017,0.266,0.8914280633925552,3,0.011
N15_M07_F04_K004_20,K004,none,normal,N15_M07_F04,1499.62,none,12000.0,14000.0,4.2863,normal,0.272,0.6800204703337943,1,0.0,0.32,0.46873560296320943,3,0.009999999999999998
N15_M07_F04_K004_3,K004,none,normal,N15_M07_F04,1499.58,none,12000.0,14000.0,2.9064,normal,0.746,-0.6040279156904272,0,-0.004,0.134,1.2106723245638293,1,-0.009000000000000001
N15_M07_F04_K004_4,K004,none,normal,N15_M07_F04,1499.6,none,12000.0,14000.0,3.5778,normal,0.544,-0.15332375156243577,1,-0.0019999999999999983,0.314,0.7352628098627615,3,0.009000000000000001
N15_M07_F04_K004_5,K004,none,normal,N15_M07_F04,1499.61,none,10666.7,13333.3,3.4145,normal,0.154,2.1444127794041035,1,-0.018000000000000002,0.234,0.9766978308544015,3,0.011
N15_M07_F04_K004_6,K004,none,normal,N15_M07_F04,1499.6,none,12000.0,14000.0,3.2399,normal,0.366,0.21579692164896674,0,-0.018000000000000002,0.012,1.8602815812935236,1,0.011
N15_M07_F04_K004_7,K004,none,normal,N15_M07_F04,1499.55,none,10666.7,13333.3,3.5383,normal,0.32,0.46345729638208466,1,-0.0019999999999999983,0.26,0.5830200117530981,1,0.011
N15_M07_F04_K004_8,K004,none,normal,N15_M07_F04,1499.61,none,10666.7,13333.3,3.2296,normal,0.542,-0.3259535658794065,0,-0.017,0.37,0.4169588339744463,2,0.009999999999999998
N15_M07_F04_K004_9,K004,none,normal,N15_M07_F04,1499.61,none,12000.0,14000.0,3.4189,normal,0.274,1.3435984186540804,0,-0.0010000000000000009,0.46,0.10348269825827608,1,0.011
N15_M07_F04_K005_1,K005,none,normal,N15_M07_F04,1499.72,none,12000.0,14000.0,3.5604,normal,0.38,0.3046328053841987,0,0.016000000000000004,0.694,-0.5027313774126027,1,-0.008
N15_M07_F04_K005_10,K005,none,normal,N15_M07_F04,1499.63,none,12000.0,14000.0,3.2748,normal,0.298,0.605929644640582,0,-0.0019999999999999983,0.728,-0.6415444020958689,1,0.015000000000000003
N15_M07_F04_K005_11,K005,none,normal,N15_M07_F04,1499.59,none,12000.0,14000.0,2.2586,normal,0.264,0.7368316747160712,0,-0.0019999999999999983,0.406,0.23297189768667662,0,-0.012
N15_M07_F04_K005_12,K005,none,normal,N15_M07_F04,1499.6,none,12000.0,14000.0,1.4379,normal,0.336,0.37794922519733964,0,-0.017,0.058,1.8952420958000242,0,0.012
N15_M07_F04_K005_13,K005,none,normal,N15_M07_F04,1499.61,none,12000.0,14000.0,1.5409,normal,0.784,-0.5144380243539619,0,0.015000000000000003,0.556,-0.12295252197120515,1,-0.016
N15_M07_F04_K005_14,K005,none,normal,N15_M07_F04,1499.65,none,12000.0,14000.0,1.5244,normal,0.37,0.2308175183746388,0,0.0,0.484,0.0571415391491285,1,0.0010000000000000009
N15_M07_F04_K005_15,K005,none,normal,N15_M07_F04,1499.61,none,12000.0,14000.0,2.6195,normal,0.544,-0.11750745521957127,0,0.0,0.578,-0.25548792051358993,0,0.009999999999999998
N15_M07_F04_K005_16,K005,none,normal,N15_M07_F04,1499.59,none,12000.0,14000.0,1.7906,normal,0.992,-1.2035230026879495,1,-0.018000000000000002,0.6,-0.2910319180309005,3,0.011
N15_M07_F04_K005_17,K005,none,normal,N15_M07_F04,1499.59,none,12000.0,14000.0,1.4667,normal,0.634,-0.3390878773951179,0,0.016999999999999998,0.158,1.1502941587446436,1,-0.01
N15_M07_F04_K005_18,K005,none,normal,N15_M07_F04,1499.62,none,12000.0,14000.0,3.1526,normal,0.832,-0.9171167569910098,0,0.006000000000000002,0.428,0.1803971949224089,0,-0.01
N15_M07_F04_K005_19,K005,none,normal,N15_M07_F04,1499.64,none,12000.0,14000.0,3.089,normal,0.49,0.1580665476576195,0,0.009999999999999998,0.9,-0.9465191763400391,0,0.019
N15_M07_F04_K005_2,K005,none,normal,N15_M07_F04,1499.62,none,12000.0,14000.0,3.1487,normal,0.454,0.37891551642265,0,0.0,0.366,0.3589209575710391,2,0.009999999999999998
N15_M07_F04_K005_20,K005,none,normal,N15_M07_F04,1499.59,none,12000.0,14000.0,2.8971,normal,0.538,-0.03633301291081294,0,-0.017,0.96,-1.147723748462779,1,-0.016
N15_M07_F04_K005_3,K005,none,normal,N15_M07_F04,1499.56,none,12000.0,14000.0,3.4105,normal,0.694,-0.5166722293602597,0,0.0,0.482,0.06376117389918613,1,0.009000000000000001
N15_M07_F04_K005_4,K005,none,normal,N15_M07_F04,1499.63,none,12000.0,14000.0,2.8729,normal,0.368,0.27343373846899727,0,0.0,0.49,0.03811539847448577,1,0.008
N15_M07_F04_K005_5,K005,none,normal,N15_M07_F04,1499.62,none,12000.0,14000.0,2.7359,normal,0.326,0.16104817929930443,0,0.015000000000000003,0.234,0.7583798787305132,1,0.011
N15_M07_F04_K005_6,K005,none,normal,N15_M07_F04,1499.66,none,12000.0,14000.0,3.0917,normal,0.52,-0.05256435392878731,0,0.0,0.216,1.0287672877118608,1,0.009999999999999998
N15_M07_F04_K005_7,K005,none,normal,N15_M07_F04,1499.65,none,12000.0,14000.0,2.5889,normal,0.424,0.2282658952158177,0,-0.018000000000000002,0.01,1.8030470491050632,1,0.009999999999999998
N15_M07_F04_K005_8,K005,none,normal,N15_M07_F04,1499.58,none,12000.0,14000.0,3.4016,normal,0.392,0.660472823311448,1,0.0,0.854,-0.8540723019658246,3,0.011
N15_M07_F04_K005_9,K005,none,normal,N15_M07_F04,1499.63,none,12000.0,14000.0,3.1224,normal,0.438,0.05169148710501861,0,0.0,0.16,1.1312128700426793,2,0.009999999999999998
N15_M07_F04_K006_1,K006,none,normal,N15_M07_F04,1499.61,none,10666.7,13333.3,2.4681,normal,0.376,0.14885178406934993,0,-0.0010000000000000009,0.576,-0.08127253551130012,1,0.009999999999999998
N15_M07_F04_K006_10,K006,none,normal,N15_M07_F04,1499.69,none,10666.7,13333.3,3.4729,normal,0.554,-0.29227144629392493,0,-0.0010000000000000009,0.066,1.3377898613979515,1,0.011
N15_M07_F04_K006_11,K006,none,normal,N15_M07_F04,1499.58,none,10666.7,13333.3,3.6743,normal,0.486,0.03779320097018717,1,0.0,0.216,2.3221685461456887,3,0.012
N15_M07_F04_K006_12,K006,none,normal,N15_M07_F04,1499.57,none,12000.0,14000.0,3.7509,normal,0.544,-0.1494065191595876,0,0.0,0.674,-0.39835634372521184,2,0.009999999999999998
N15_M07_F04_K006_13,K006,none,normal,N15_M07_F04,1499.54,none,10666.7,13333.3,3.3921,normal,0.728,-0.6936549219262863,0,-0.0019999999999999983,0.672,-0.4330327510108386,2,0.011
N15_M07_F04_K006_14,K006,none,normal,N15_M07_F04,1499.63,none,10666.7,13333.3,3.4752,normal,0.382,0.430300428626891,0,-0.0010000000000000009,0.668,-0.616646122061807,0,-0.006999999999999999
N15_M07_F04_K006_15,K006,none,normal,N15_M07_F04,1499.64,none,12000.0,14000.0,3.9834,normal,0.24,0.7821203516344736,1,0.016000000000000004,0.276,0.7503924671173858,1,0.009999999999999998
N15_M07_F04_K006_16,K006,none,normal,N15_M07_F04,1499.57,none,12000.0,14000.0,3.5296,normal,0.846,-0.6226440679438501,0,0.015000000000000003,0.334,0.49544391387244113,1,0.009999999999999998
N15_M07_F04_K006_17,K006,none,normal,N15_M07_F04,1499.59,none,10666.7,13333.3,3.615,normal,0.142,1.7718480481465484,0,-0.0019999999999999983,0.124,1.6333969243215887,2,0.011
N15_M07_F04_K006_18,K006,none,normal,N15_M07_F04,1499.62,none,10666.7,13333.3,3.5408,normal,0.754,-0.5766790080774328,1,0.0,0.3,0.5828199972868068,0,-0.008
N15_M07_F04_K006_19,K006,none,normal,N15_M07_F04,1499.55,none,12000.0,14000.0,3.8743,normal,0.328,0.3223345534041425,0,0.0,0.73,-0.6697355593268701,0,-0.006
N15_M07_F04_K006_2,K006,none,normal,N15_M07_F04,1499.63,none,10666.7,13333.3,3.5316,normal,0.312,0.6200539830486093,1,-0.0019999999999999983,0.468,0.07248234317522063,0,-0.009000000000000001
N15_M07_F04_K006_20,K006,none,normal,N15_M07_F04,1499.63,none,12000.0,14000.0,3.2296,normal,0.94,-1.4519831837954564,0,-0.017,0.396,0.21627793809092974,1,0.009999999999999998
N15_M07_F04_K006_3,K006,none,normal,N15_M07_F04,1499.56,none,10666.7,13333.3,3.6384,normal,0.232,0.8292772912286607,0,-0.0019999999999999983,0.396,0.2049075082371072,4,0.011
N15_M07_F04_K006_4,K006,none,normal,N15_M07_F04,1499.61,none,10666.7,13333.3,3.6155,normal,0.482,0.013345328907915848,1,-0.0019999999999999983,0.158,1.1603867827215948,2,0.011
N15_M07_F04_K006_5,K006,none,normal,N15_M07_F04,1499.59,none,10666.7,13333.3,3.7368,normal,0.496,0.061064120538133454,0,0.0,0.636,-0.38438693883673086,2,0.009999999999999998
N15_M07_F04_K006_6,K006,none,normal,N15_M07_F04,1499.63,none,12000.0,14000.0,3.5671,normal,0.778,-0.6173498466726729,1,0.0,0.848,-0.897915082094603,1,0.009000000000000001
N15_M07_F04_K006_7,K006,none,normal,N15_M07_F04,1499.57,none,10666.7,13333.3,3.6606,normal,0.808,-0.8658157388984908,0,-0.004,0.742,-0.648969742840265,2,0.009999999999999998
N15_M07_F04_K006_8,K006,none,normal,N15_M07_F04,1499.61,none,10666.7,13333.3,3.656,normal,0.206,0.7907303263803994,0,0.0019999999999999983,0.244,0.6364659223377893,3,0.011
N15_M07_F04_K006_9,K006,none,normal,N15_M07_F04,1499.61,none,10666.7,13333.3,3.7736,normal,0.27,0.5263330871645109,1,-0.0019999999999999983,0.814,-0.8352978784192971,1,0.011
N15_M07_F04_KA01_1,KA01,artificial,outer_race,N15_M07_F04,1499.52,none,8000.0,12000.0,16.8164,outer_race,0.004,8.762140685515003,5,0.0019999999999999983,0.728,-0.6400898608777038,1,0.011
N15_M07_F04_KA01_10,KA01,artificial,outer_race,N15_M07_F04,1499.45,none,8000.0,12000.0,12.6582,outer_race,0.004,8.20501865960704,5,-0.0010000000000000009,0.84,-0.8994430417715119,4,-0.009000000000000001
N15_M07_F04_KA01_11,KA01,artificial,outer_race,N15_M07_F04,1499.57,none,0.0,10666.7,12.4459,outer_race,0.002,6.035204545717543,5,0.0,0.72,-0.5069231544463932,2,-0.019
N15_M07_F04_KA01_12,KA01,artificial,outer_race,N15_M07_F04,1499.97,none,8000.0,12000.0,12.767,outer_race,0.002,10.794651590522651,5,-0.0010000000000000009,0.686,-0.501104737210897,3,-0.018000000000000002
N15_M07_F04_KA01_13,KA01,artificial,outer_race,N15_M07_F04,1500.43,none,8000.0,12000.0,13.0166,outer_race,0.002,10.046349453152057,5,-0.0010000000000000009,0.73,-0.6445396627587866,3,-0.006999999999999999
N15_M07_F04_KA01_14,KA01,artificial,outer_race,N15_M07_F04,1499.54,none,8000.0,12000.0,13.4395,outer_race,0.002,11.765043977677395,5,0.0010000000000000009,0.684,-0.5661260302916998,3,-0.01
N15_M07_F04_KA01_15,KA01,artificial,outer_race,N15_M07_F04,1499.48,none,8000.0,12000.0,13.3775,outer_race,0.002,13.12682741636441,5,0.0010000000000000009,0.734,-0.6915763843795634,4,-0.008
N15_M07_F04_KA01_16,KA01,artificial,outer_race,N15_M07_F04,1499.41,none,8000.0,12000.0,12.6495,outer_race,0.004,16.968578353197824,5,0.002999999999999999,0.798,-0.70516791842389,5,-0.009000000000000001
N15_M07_F04_KA01_17,KA01,artificial,outer_race,N15_M07_F04,1499.67,none,0.0,10666.7,12.7051,outer_race,0.002,10.216114450941825,5,0.0010000000000000009,0.726,-0.5180779748911606,3,-0.009000000000000001
N15_M07_F04_KA01_18,KA01,artificial,outer_race,N15_M07_F04,1499.82,none,8000.0,12000.0,12.5154,outer_race,0.004,6.351330974591043,5,0.0,0.906,-1.0533852918674549,2,-0.017
N15_M07_F04_KA01_19,KA01,artificial,outer_race,N15_M07_F04,1499.45,none,8000.0,12000.0,12.6114,outer_race,0.002,8.224030437691368,5,0.0019999999999999983,0.75,-0.5920890346798952,4,-0.009000000000000001
N15_M07_F04_KA01_2,KA01,artificial,outer_race,N15_M07_F04,1499.96,none,8000.0,12000.0,15.2083,outer_race,0.004,11.26136829675031,5,0.0019999999999999983,0.802,-0.801889372597073,3,-0.01
N15_M07_F04_KA01_20,KA01,artificial,outer_race,N15_M07_F04,1499.88,none,8000.0,12000.0,12.6285,outer_race,0.004,8.169159793873272,5,0.0010000000000000009,0.716,-0.5908381364372383,4,-0.009000000000000001
N15_M07_F04_KA01_3,KA01,artificial,outer_race,N15_M07_F04,1499.08,none,8000.0,12000.0,14.2204,outer_race,0.004,8.528133431998707,5,0.0010000000000000009,0.874,-0.9587709874930859,4,-0.008
N15_M07_F04_KA01_4,KA01,artificial,outer_race,N15_M07_F04,1499.31,none,8000.0,12000.0,13.7189,outer_race,0.002,10.045247770390928,5,0.0,0.732,-0.6790501568009613,2,-0.018000000000000002
N15_M07_F04_KA01_5,KA01,artificial,outer_race,N15_M07_F04,1499.09,none,8000.0,12000.0,13.6397,outer_race,0.002,11.558787299997293,5,-0.0010000000000000009,0.71,-0.6271585106693817,1,0.019
N15_M07_F04_KA01_6,KA01,artificial,outer_race,N15_M07_F04,1499.32,none,8000.0,12000.0,13.319,outer_race,0.004,8.390748559977157,5,0.0010000000000000009,0.796,-0.7723309268914349,3,-0.018000000000000002
N15_M07_F04_KA01_7,KA01,artificial,outer_race,N15_M07_F04,1499.68,none,8000.0,12000.0,13.1837,outer_race,0.002,10.039758486404278,5,0.0019999999999999983,0.686,-0.5512728028956801,3,-0.019
N15_M07_F04_KA01_8,KA01,artificial,outer_race,N15_M07_F04,1499.65,none,8000.0,12000.0,13.1761,outer_race,0.002,12.821881947677452,5,0.002999999999999999,0.724,-0.5435098744429117,4,-0.009000000000000001
N15_M07_F04_KA01_9,KA01,artificial,outer_race,N15_M07_F04,1498.82,none,8000.0,12000.0,12.9089,outer_race,0.002,19.85260865092456,5,-0.0010000000000000009,0.702,-0.5544752661404231,2,0.02
N15_M07_F04_KA03_1,KA03,artificial,outer_race,N15_M07_F04,1499.71,none,12000.0,14000.0,4.7455,normal,0.608,-0.15529576598358055,0,0.016000000000000004,0.496,0.041971580878019096,1,0.009999999999999998
N15_M07_F04_KA03_10,KA03,artificial,outer_race,N15_M07_F04,1499.35,none,12000.0,14000.0,6.0132,normal,0.24,0.9015133973903943,0,0.016000000000000004,0.802,-0.5276674209632684,1,0.005000000000000001
N15_M07_F04_KA03_11,KA03,artificial,outer_race,N15_M07_F04,1499.67,none,12000.0,14000.0,5.1755,normal,0.69,-0.4795735952429813,0,-0.017,0.456,0.20244712979428103,1,-0.01
N15_M07_F04_KA03_12,KA03,artificial,outer_race,N15_M07_F04,1499.56,none,12000.0,14000.0,4.8842,normal,0.328,0.4545923410189123,0,0.016000000000000004,0.846,-0.6943935023877802,0,-0.015
N15_M07_F04_KA03_13,KA03,artificial,outer_race,N15_M07_F04,1500.07,none,12000.0,14000.0,6.6302,normal,0.58,-0.14961396058008086,0,-0.0019999999999999983,0.918,-0.8507409730791119,0,-0.013000000000000001
N15_M07_F04_KA03_14,KA03,artificial,outer_race,N15_M07_F04,1499.59,none,12000.0,14000.0,5.9035,normal,0.906,-1.8207259518150687,0,0.015000000000000003,0.264,0.9698327604544035,1,0.015000000000000003
N15_M07_F04_KA03_15,KA03,artificial,outer_race,N15_M07_F04,1499.88,none,12000.0,14000.0,5.9014,normal,0.348,0.5492669552647913,0,0.0,0.592,-0.16329461188513023,0,0.0
N15_M07_F04_KA03_16,KA03,artificial,outer_race,N15_M07_F04,1499.62,none,12000.0,14000.0,5.6789,normal,0.814,-0.6944758525293827,0,0.015000000000000003,0.69,-0.37979145676350795,0,0.019
N15_M07_F04_KA03_17,KA03,artificial,outer_race,N15_M07_F04,1499.57,none,12000.0,14000.0,6.9328,normal,0.39,0.17146241268355378,0,0.016000000000000004,0.628,-0.23782293148520453,1,0.011
N15_M07_F04_KA03_18,KA03,artificial,outer_race,N15_M07_F04,1499.54,none,12000.0,14000.0,5.9724,normal,0.428,0.26083092748859604,0,0.015000000000000003,0.446,0.10087852652945382,1,-0.01
N15_M07_F04_KA03_19,KA03,artificial,outer_race,N15_M07_F04,1499.66,none,12000.0,14000.0,5.4644,normal,0.59,-0.30999151959530385,0,0.005000000000000001,0.61,-0.23030731608397162,1,-0.01
N15_M07_F04_KA03_2,KA03,artificial,outer_race,N15_M07_F04,1499.66,none,12000.0,14000.0,5.6111,normal,0.398,0.5290829975672456,1,0.016000000000000004,0.628,-0.10771443679031355,1,0.011
N15_M07_F04_KA03_20,KA03,artificial,outer_race,N15_M07_F04,1499.79,none,12000.0,14000.0,5.4269,normal,0.394,0.5211078560849327,0,0.02,0.676,-0.3581231714872446,1,-0.01
N15_M07_F04_KA03_3,KA03,artificial,outer_race,N15_M07_F04,1499.64,none,12000.0,14000.0,6.8614,normal,0.88,-1.111632684622774,0,-0.016,0.82,-0.5178472750101455,1,-0.009000000000000001
N15_M07_F04_KA03_4,KA03,artificial,outer_race,N15_M07_F04,1499.6,none,12000.0,14000.0,4.8541,normal,0.36,0.4502514265197006,1,0.016000000000000004,0.654,-0.312804527663823,1,0.015000000000000003
N15_M07_F04_KA03_5,KA03,artificial,outer_race,N15_M07_F04,1499.67,none,12000.0,14000.0,5.2699,normal,0.678,-0.3135748348007212,0,-0.016,0.448,0.17827775714042526,1,-0.01
N15_M07_F04_KA03_6,KA03,artificial,outer_race,N15_M07_F04,1499.51,none,12000.0,14000.0,5.4268,normal,0.838,-0.88169774615719,0,-0.02,0.58,-0.17573221305713566,1,-0.009000000000000001
N15_M07_F04_KA03_7,KA03,artificial,outer_race,N15_M07_F04,1499.53,none,12000.0,14000.0,5.8709,normal,0.498,0.06270553724727805,0,0.015000000000000003,0.344,0.41719556427317334,1,-0.009000000000000001
N15_M07_F04_KA03_8,KA03,artificial,outer_race,N15_M07_F04,1499.34,none,12000.0,14000.0,5.0437,normal,0.424,0.14628558974807376,1,-0.017,0.682,-0.5016247453762324,1,0.011
N15_M07_F04_KA03_9,KA03,artificial,outer_race,N15_M07_F04,1499.69,none,12000.0,14000.0,5.4867,normal,0.834,-0.8543389120637637,0,0.016000000000000004,0.822,-0.7580784086029546,0,0.014000000000000002
N15_M07_F04_KA04_1,KA04,real,outer_race,N15_M07_F04,1499.57,none,12000.0,14000.0,4.4606,normal,0.658,-0.18292095898471714,1,0.0,0.932,-1.1029862896496632,0,-0.009000000000000001
N15_M07_F04_KA04_10,KA04,real,outer_race,N15_M07_F04,1499.56,none,12000.0,14000.0,4.0447,normal,0.554,-0.053222257061999685,0,0.016000000000000004,0.79,-0.7392720937813401,0,0.015000000000000003
N15_M07_F04_KA04_11,KA04,real,outer_race,N15_M07_F04,1499.6,none,12000.0,14000.0,3.7543,normal,0.542,-0.052806142391647916,0,0.0,0.514,-0.084028956405549,1,0.015000000000000003
N15_M07_F04_KA04_12,KA04,real,outer_race,N15_M07_F04,1499.76,none,12000.0,14000.0,3.6581,normal,0.204,1.1733292963145343,0,0.0010000000000000009,0.6,-0.2154273703546803,0,0.009999999999999998
N15_M07_F04_KA04_13,KA04,real,outer_race,N15_M07_F04,1499.55,none,12000.0,14000.0,3.501,normal,0.136,2.9727754280985943,0,0.0,0.814,-0.8458546086817177,1,-0.016
N15_M07_F04_KA04_14,KA04,real,outer_race,N15_M07_F04,1499.73,none,12000.0,14000.0,3.2529,normal,0.698,-0.3810965879718976,0,0.0010000000000000009,0.318,0.5152975271422018,1,-0.011
N15_M07_F04_KA04_15,KA04,real,outer_race,N15_M07_F04,1499.64,none,12000.0,14000.0,3.7172,normal,0.638,-0.30667617717037216,0,0.0,0.642,-0.3425987209269586,1,-0.004
N15_M07_F04_KA04_16,KA04,real,outer_race,N15_M07_F04,1499.38,none,12000.0,14000.0,3.7079,normal,0.578,-0.2212864777982121,0,0.016000000000000004,0.67,-0.37216606617226267,1,-0.016
N15_M07_F04_KA04_17,KA04,real,outer_race,N15_M07_F04,1499.69,none,12000.0,14000.0,5.037,normal,0.554,-0.08663393913844857,0,0.0,0.7,-0.40293877544242446,0,0.009999999999999998
N15_M07_F04_KA04_18,KA04,real,outer_race,N15_M07_F04,1499.58,none,12000.0,14000.0,3.8061,normal,0.14,1.636352450550854,0,0.0,0.53,-0.09600441809986984,0,-0.009000000000000001
N15_M07_F04_KA04_19,KA04,real,outer_race,N15_M07_F04,1499.42,none,12000.0,14000.0,3.7256,normal,0.494,0.06424138571033776,0,0.016000000000000004,0.898,-1.0775425517368433,0,-0.009000000000000001
N15_M07_F04_KA04_2,KA04,real,outer_race,N15_M07_F04,1499.81,none,12000.0,14000.0,3.5938,normal,0.35,0.256130538896034,0,0.015000000000000003,0.698,-0.48812990520850175,0,0.009999999999999998
N15_M07_F04_KA04_20,KA04,real,outer_race,N15_M07_F04,1499.64,none,12000.0,14000.0,3.7172,normal,0.638,-0.30667617717037216,0,0.0,0.642,-0.3425987209269586,1,-0.004
N15_M07_F04_KA04_3,KA04,real,outer_race,N15_M07_F04,1499.39,none,12000.0,14000.0,3.2933,normal,0.328,0.9459268953418618,0,0.0,0.814,-0.9117552772351852,0,0.009000000000000001
N15_M07_F04_KA04_4,KA04,real,outer_race,N15_M07_F04,1499.75,none,12000.0,14000.0,3.3764,normal,0.438,0.1597671050279373,0,0.015000000000000003,0.904,-0.9908080013818196,1,0.015000000000000003
N15_M07_F04_KA04_5,KA04,real,outer_race,N15_M07_F04,1499.42,none,12000.0,14000.0,3.7256,normal,0.494,0.06424138571033776,0,0.016000000000000004,0.898,-1.0775425517368433,0,-0.009000000000000001
N15_M07_F04_KA04_6,KA04,real,outer_race,N15_M07_F04,1499.64,none,12000.0,14000.0,3.7172,normal,0.638,-0.30667617717037216,0,0.0,0.642,-0.3425987209269586,1,-0.004
N15_M07_F04_KA04_7,KA04,real,outer_race,N15_M07_F04,1499.51,none,12000.0,14000.0,3.547,normal,0.48,0.18340237194014244,0,0.016000000000000004,0.6,-0.42350612753328537,0,0.011
N15_M07_F04_KA04_8,KA04,real,outer_race,N15_M07_F04,1499.6,none,12000.0,14000.0,3.2543,normal,0.55,-0.20309377662676914,0,0.002999999999999999,0.68,-0.5680736129459591,0,0.009999999999999998
N15_M07_F04_KA04_9,KA04,real,outer_race,N15_M07_F04,1499.45,none,12000.0,14000.0,3.5383,normal,0.2,2.389104114619585,0,0.016000000000000004,0.592,-0.20433467352362158,0,0.009999999999999998
N15_M07_F04_KA05_1,KA05,artificial,outer_race,N15_M07_F04,1499.32,none,10666.7,13333.3,11.2053,normal,0.944,-1.2086324448316528,0,-0.016,0.782,-0.7106142839540761,1,0.012
N15_M07_F04_KA05_10,KA05,artificial,outer_race,N15_M07_F04,1499.44,none,10666.7,13333.3,5.655,normal,0.796,-0.7343026419258614,0,-0.017,0.184,1.0219217653871642,1,0.011
N15_M07_F04_KA05_11,KA05,artificial,outer_race,N15_M07_F04,1499.64,none,10666.7,13333.3,5.7755,normal,0.582,-0.20286533773928828,0,-0.0010000000000000009,0.4,0.3367900299983273,1,0.015000000000000003
N15_M07_F04_KA05_12,KA05,artificial,outer_race,N15_M07_F04,1499.65,none,12000.0,14000.0,5.4993,normal,0.584,-0.5314077182356854,0,0.015000000000000003,0.872,-0.939914064064441,1,0.011
N15_M07_F04_KA05_13,KA05,artificial,outer_race,N15_M07_F04,1499.72,none,10666.7,13333.3,6.3633,normal,0.64,-0.13806331049839135,0,-0.0010000000000000009,0.168,1.2286276497855446,2,0.006000000000000002
N15_M07_F04_KA05_14,KA05,artificial,outer_race,N15_M07_F04,1499.57,none,12000.0,14000.0,8.2186,normal,0.804,-0.6701787088562402,0,0.015000000000000003,0.83,-0.9551697580719284,0,-0.009000000000000001
N15_M07_F04_KA05_15,KA05,artificial,outer_race,N15_M07_F04,1499.52,none,10666.7,13333.3,7.7699,normal,0.27,0.7808413343246235,1,0.0,0.614,-0.18051782033442468,0,-0.016
N15_M07_F04_KA05_16,KA05,artificial,outer_race,N15_M07_F04,1499.71,none,12000.0,14000.0,8.3209,normal,0.822,-0.6004279222199681,1,0.012,0.164,1.0791838229179456,0,0.006000000000000002
N15_M07_F04_KA05_17,KA05,artificial,outer_race,N15_M07_F04,1499.54,none,10666.7,13333.3,5.4103,normal,0.37,0.36854657424003584,1,0.0,0.492,0.11713087102066483,1,-0.016
N15_M07_F04_KA05_18,KA05,artificial,outer_race,N15_M07_F04,1499.54,none,12000.0,14000.0,7.7031,normal,0.582,-0.12711451560623874,0,0.015000000000000003,0.588,-0.17440364266803451,1,0.012
N15_M07_F04_KA05_19,KA05,artificial,outer_race,N15_M07_F04,1499.43,none,12000.0,14000.0,5.4562,normal,0.768,-0.5876372019191137,0,0.015000000000000003,0.532,-0.04028078585004922,0,-0.009000000000000001
N15_M07_F04_KA05_2,KA05,artificial,outer_race,N15_M07_F04,1499.38,none,10666.7,13333.3,6.4877,normal,0.876,-0.6974426690532627,1,-0.0010000000000000009,0.888,-1.0361959260829405,2,0.0
N15_M07_F04_KA05_20,KA05,artificial,outer_race,N15_M07_F04,1499.71,none,10666.7,13333.3,7.4041,normal,0.596,-0.3815728888832711,0,-0.0019999999999999983,0.098,1.7164158900767692,2,0.011
N15_M07_F04_KA05_3,KA05,artificial,outer_race,N15_M07_F04,1499.51,none,10666.7,13333.3,6.1151,normal,0.87,-0.8093104114027155,0,0.013000000000000001,0.436,0.11858596540755519,1,0.0
N15_M07_F04_KA05_4,KA05,artificial,outer_race,N15_M07_F04,1499.63,none,10666.7,13333.3,7.7879,normal,0.3,0.6681909759032405,1,-0.0010000000000000009,0.832,-0.8227095505824781,2,-0.016
N15_M07_F04_KA05_5,KA05,artificial,outer_race,N15_M07_F04,1499.65,none,10666.7,13333.3,8.7222,normal,0.418,0.19711177122525728,0,-0.0010000000000000009,0.628,-0.29780401836182796,1,0.012
N15_M07_F04_KA05_6,KA05,artificial,outer_race,N15_M07_F04,1499.63,none,10666.7,13333.3,6.4097,normal,0.48,0.08923185603128986,1,0.015000000000000003,0.304,0.7173271698387172,1,0.009999999999999998
N15_M07_F04_KA05_7,KA05,artificial,outer_race,N15_M07_F04,1499.7,none,10666.7,13333.3,8.4672,normal,0.562,-0.09666656864402834,0,-0.0019999999999999983,0.134,1.5949397607977995,1,0.006000000000000002
N15_M07_F04_KA05_8,KA05,artificial,outer_race,N15_M07_F04,1499.58,none,10666.7,13333.3,7.3392,normal,0.448,0.06518255533468836,0,0.0,0.566,-0.16661641769315086,0,0.006000000000000002
N15_M07_F04_KA05_9,KA05,artificial,outer_race,N15_M07_F04,1499.47,none,10666.7,13333.3,6.0316,normal,0.348,0.19471571278659836,0,-0.0019999999999999983,0.476,0.03286556582490545,1,0.011
N15_M07_F04_KA06_1,KA06,artificial,outer_race,N15_M07_F04,1499.42,none,12000.0,14000.0,7.0631,normal,0.454,0.7002863194020903,0,-0.0010000000000000009,0.262,0.942170488690214,2,0.012
N15_M07_F04_KA06_10,KA06,artificial,outer_race,N15_M07_F04,1499.93,none,12000.0,14000.0,5.0007,normal,0.396,0.5927158515359515,0,-0.0019999999999999983,0.752,-0.6387298834941509,0,0.0
N15_M07_F04_KA06_11,KA06,artificial,outer_race,N15_M07_F04,1499.75,none,12000.0,14000.0,6.6903,normal,0.456,0.05170829981660172,0,-0.0010000000000000009,0.642,-0.4012164575563221,1,-0.0019999999999999983
N15_M07_F04_KA06_12,KA06,artificial,outer_race,N15_M07_F04,1499.51,none,12000.0,14000.0,4.7322,normal,0.476,0.06168449915706756,0,0.02,0.398,0.26930114041437186,1,0.012
N15_M07_F04_KA06_13,KA06,artificial,outer_race,N15_M07_F04,1499.35,none,12000.0,14000.0,4.7882,normal,0.436,0.15027129679739532,0,-0.017,0.646,-0.39249962115165027,1,0.009999999999999998
N15_M07_F04_KA06_14,KA06,artificial,outer_race,N15_M07_F04,1499.59,none,12000.0,14000.0,6.9631,normal,0.496,0.0013817392730589681,1,-0.0019999999999999983,0.544,-0.207375276743975,1,0.014000000000000002
N15_M07_F04_KA06_15,KA06,artificial,outer_race,N15_M07_F04,1499.26,none,12000.0,14000.0,5.5495,normal,0.916,-0.8804199690956864,0,-0.0019999999999999983,0.682,-0.44171059687548375,1,-0.014
N15_M07_F04_KA06_16,KA06,artificial,outer_race,N15_M07_F04,1499.3,none,12000.0,14000.0,6.5361,normal,0.624,-0.1751071044567039,0,-0.0019999999999999983,0.316,0.5629401589061632,1,0.009000000000000001
N15_M07_F04_KA06_17,KA06,artificial,outer_race,N15_M07_F04,1499.63,none,12000.0,14000.0,5.4459,normal,0.442,0.10684019077830496,0,0.016000000000000004,0.836,-0.7917693766926738,2,0.014000000000000002
N15_M07_F04_KA06_18,KA06,artificial,outer_race,N15_M07_F04,1499.98,none,12000.0,14000.0,5.0805,normal,0.944,-1.3631092233168143,0,0.019,0.238,1.1387870292985758,1,0.011
N15_M07_F04_KA06_19,KA06,artificial,outer_race,N15_M07_F04,1499.37,none,12000.0,14000.0,7.0484,normal,0.372,0.5305626898559246,0,0.0010000000000000009,0.77,-0.6442792969478635,1,-0.015
N15_M07_F04_KA06_2,KA06,artificial,outer_race,N15_M07_F04,1499.72,none,12000.0,14000.0,5.2921,normal,0.77,-0.5053624363778534,0,0.013000000000000001,0.296,0.6730706892333106,1,0.009999999999999998
N15_M07_F04_KA06_20,KA06,artificial,outer_race,N15_M07_F04,1499.42,none,12000.0,14000.0,5.935,normal,0.588,-0.29611569205840926,0,0.0,0.328,0.5609251672720805,1,0.008
N15_M07_F04_KA06_3,KA06,artificial,outer_race,N15_M07_F04,1500.04,none,12000.0,14000.0,5.7031,normal,0.278,0.41054938384333367,0,0.016999999999999998,0.812,-1.0833100337581314,1,0.011
N15_M07_F04_KA06_4,KA06,artificial,outer_race,N15_M07_F04,1498.88,none,12000.0,14000.0,4.529,normal,0.538,-0.07992423819815654,0,0.012,0.376,0.45351138999915175,0,0.016000000000000004
N15_M07_F04_KA06_5,KA06,artificial,outer_race,N15_M07_F04,1500.16,none,12000.0,14000.0,4.4698,normal,0.442,0.3436892684164078,0,0.019,0.322,0.5026179546276891,1,-0.0010000000000000009
N15_M07_F04_KA06_6,KA06,artificial,outer_race,N15_M07_F04,1499.59,none,12000.0,14000.0,5.3867,normal,0.508,-0.022398715749824907,0,0.008,0.866,-1.1852061444462592,1,0.009999999999999998
N15_M07_F04_KA06_7,KA06,artificial,outer_race,N15_M07_F04,1499.66,none,12000.0,14000.0,4.7558,normal,0.766,-0.34701528687353156,0,0.02,0.228,1.313556210927219,1,0.013000000000000001
N15_M07_F04_KA06_8,KA06,artificial,outer_race,N15_M07_F04,1499.6,none,12000.0,14000.0,5.1115,normal,0.178,1.4350086476782267,0,0.016000000000000004,0.938,-1.156456172882029,1,0.008
N15_M07_F04_KA06_9,KA06,artificial,outer_race,N15_M07_F04,1499.4,none,12000.0,14000.0,5.0557,normal,0.674,-0.2754578108414212,0,0.02,0.676,-0.44456336941266766,1,0.0
N15_M07_F04_KA07_1,KA07,artificial,outer_race,N15_M07_F04,1499.62,none,12000.0,14000.0,6.4703,normal,0.512,-0.023249343286137186,1,-0.0010000000000000009,0.438,0.11071722707614923,2,0.009999999999999998
N15_M07_F04_KA07_10,KA07,artificial,outer_race,N15_M07_F04,1499.77,none,12000.0,14000.0,5.2928,normal,0.424,0.2791381930224262,1,-0.0010000000000000009,0.296,0.8128240626224267,3,0.009999999999999998
N15_M07_F04_KA07_11,KA07,artificial,outer_race,N15_M07_F04,1499.67,none,12000.0,14000.0,4.8649,normal,0.512,-0.003344564102315543,1,-0.018000000000000002,0.586,-0.20018329129710694,3,0.011
N15_M07_F04_KA07_12,KA07,artificial,outer_race,N15_M07_F04,1499.59,none,10666.7,13333.3,6.1203,normal,0.442,0.1422396226954775,1,0.016999999999999998,0.724,-0.35740924104577654,1,-0.009000000000000001
N15_M07_F04_KA07_13,KA07,artificial,outer_race,N15_M07_F04,1499.79,none,12000.0,14000.0,4.9142,normal,0.428,0.24498693184431267,0,0.014000000000000002,0.328,0.48008656525104343,2,0.006999999999999999
N15_M07_F04_KA07_14,KA07,artificial,outer_race,N15_M07_F04,1499.43,none,10666.7,13333.3,4.7059,normal,0.778,-0.5532185241612794,1,-0.017,0.214,0.7416773151116627,2,0.012
N15_M07_F04_KA07_15,KA07,artificial,outer_race,N15_M07_F04,1499.32,none,12000.0,14000.0,4.3709,normal,0.362,0.6323657492435234,1,-0.0010000000000000009,0.432,0.17503817180569667,2,0.009000000000000001
N15_M07_F04_KA07_16,KA07,artificial,outer_race,N15_M07_F04,1499.82,none,12000.0,14000.0,5.6074,normal,0.654,-0.2951076656254357,1,-0.0019999999999999983,0.434,0.20275414087196958,1,-0.009000000000000001
N15_M07_F04_KA07_17,KA07,artificial,outer_race,N15_M07_F04,1499.51,none,12000.0,14000.0,4.5694,normal,0.246,0.7240854785064522,0,-0.0019999999999999983,0.166,1.4503334400568373,1,-0.0010000000000000009
N15_M07_F04_KA07_18,KA07,artificial,outer_race,N15_M07_F04,1499.46,none,12000.0,14000.0,6.1385,normal,0.654,-0.2590182256887507,0,0.016000000000000004,0.346,0.335832808169367,0,-0.009000000000000001
N15_M07_F04_KA07_19,KA07,artificial,outer_race,N15_M07_F04,1499.38,none,12000.0,14000.0,4.6351,normal,0.582,-0.19253600953635727,1,-0.0019999999999999983,0.24,0.9620111334069487,2,0.009999999999999998
N15_M07_F04_KA07_2,KA07,artificial,outer_race,N15_M07_F04,1499.46,none,10666.7,13333.3,5.5273,normal,0.552,-0.039266661019569556,1,-0.0010000000000000009,0.61,-0.28380779840468523,2,0.009999999999999998
N15_M07_F04_KA07_20,KA07,artificial,outer_race,N15_M07_F04,1499.73,none,12000.0,14000.0,7.4549,normal,0.496,0.009543954160819624,1,0.0,0.538,-0.12950229020626075,2,0.012
N15_M07_F04_KA07_3,KA07,artificial,outer_race,N15_M07_F04,1499.44,none,10666.7,13333.3,4.5946,normal,0.528,-0.05890853009934843,1,0.0,0.274,0.6496632441405856,2,0.011
N15_M07_F04_KA07_4,KA07,artificial,outer_race,N15_M07_F04,1499.71,none,10666.7,13333.3,6.8639,normal,0.704,-0.30133186769039144,1,0.016000000000000004,0.724,-0.5342575130645452,3,0.011
N15_M07_F04_KA07_5,KA07,artificial,outer_race,N15_M07_F04,1499.5,none,12000.0,14000.0,4.8682,normal,0.596,-0.19762126777831085,0,0.02,0.006,2.388812606628118,1,0.011
N15_M07_F04_KA07_6,KA07,artificial,outer_race,N15_M07_F04,1499.45,none,10666.7,13333.3,5.0014,inner_race,0.736,-0.6230243112342928,1,-0.019,0.024,3.2586762177826394,3,0.009999999999999998
N15_M07_F04_KA07_7,KA07,artificial,outer_race,N15_M07_F04,1499.61,none,12000.0,14000.0,5.3486,normal,0.626,-0.3549479822433494,1,-0.0010000000000000009,0.228,0.6565074701993848,2,0.012
N15_M07_F04_KA07_8,KA07,artificial,outer_race,N15_M07_F04,1499.77,none,12000.0,14000.0,4.2313,normal,0.95,-1.245801854897345,1,0.0,0.24,1.2565004037920264,1,0.011
N15_M07_F04_KA07_9,KA07,artificial,outer_race,N15_M07_F04,1499.67,none,12000.0,14000.0,6.0415,normal,0.748,-0.45448517946540723,1,0.0,0.732,-0.33022454297257475,0,0.016000000000000004
N15_M07_F04_KA08_1,KA08,artificial,outer_race,N15_M07_F04,1499.38,none,10666.7,13333.3,4.0803,normal,0.686,-0.22443661357542677,1,0.0,0.344,0.49688748058187165,0,-0.0010000000000000009
N15_M07_F04_KA08_10,KA08,artificial,outer_race,N15_M07_F04,1499.55,none,12000.0,14000.0,4.9083,normal,0.388,0.25469960950682763,1,0.0,0.716,-0.48167688325601943,2,0.0
N15_M07_F04_KA08_11,KA08,artificial,outer_race,N15_M07_F04,1499.37,none,10666.7,13333.3,4.9317,normal,0.548,-0.044427060785305915,1,0.0010000000000000009,0.374,0.35733139052051655,2,0.009000000000000001
N15_M07_F04_KA08_12,KA08,artificial,outer_race,N15_M07_F04,1499.59,none,12000.0,14000.0,6.3364,normal,0.552,-0.24858164807487734,1,0.0,0.1,1.189456368927576,3,0.012
N15_M07_F04_KA08_13,KA08,artificial,outer_race,N15_M07_F04,1499.74,none,12000.0,14000.0,5.0688,normal,0.516,-0.08104908926652644,1,-0.0010000000000000009,0.658,-0.3795333322773492,1,-0.014
N15_M07_F04_KA08_14,KA08,artificial,outer_race,N15_M07_F04,1499.64,none,12000.0,14000.0,4.0918,normal,0.496,0.001322841632163749,1,-0.0010000000000000009,0.392,0.3921563017098536,2,0.0
N15_M07_F04_KA08_15,KA08,artificial,outer_race,N15_M07_F04,1499.48,none,12000.0,14000.0,4.3781,normal,0.582,-0.25950921250134384,1,0.0019999999999999983,0.164,1.9429125299319456,2,0.009999999999999998
N15_M07_F04_KA08_16,KA08,artificial,outer_race,N15_M07_F04,1499.71,none,10666.7,13333.3,4.2272,normal,0.584,-0.48176015789240606,0,0.009999999999999998,0.22,0.9949845265993112,0,0.005000000000000001
N15_M07_F04_KA08_17,KA08,artificial,outer_race,N15_M07_F04,1499.47,none,12000.0,14000.0,4.8231,normal,0.726,-0.5722728538406844,1,-0.0010000000000000009,0.404,0.3080489960428732,1,0.009999999999999998
N15_M07_F04_KA08_18,KA08,artificial,outer_race,N15_M07_F04,1499.59,none,12000.0,14000.0,4.802,normal,0.468,0.1514638082498726,0,-0.0010000000000000009,0.156,1.0463558705520617,2,0.014000000000000002
N15_M07_F04_KA08_19,KA08,artificial,outer_race,N15_M07_F04,1499.66,none,10666.7,13333.3,5.6592,normal,0.858,-0.6886017792364604,1,-0.0010000000000000009,0.594,-0.3474908588945295,1,0.008
N15_M07_F04_KA08_2,KA08,artificial,outer_race,N15_M07_F04,1499.53,none,12000.0,14000.0,5.9689,inner_race,0.76,-0.4716983599481776,1,0.0,0.018,1.9462053544415037,2,0.0
N15_M07_F04_KA08_20,KA08,artificial,outer_race,N15_M07_F04,1499.57,none,12000.0,14000.0,4.1181,normal,0.504,-0.0012425603225032177,1,-0.0010000000000000009,0.43,0.21981629323651386,1,0.009999999999999998
N15_M07_F04_KA08_3,KA08,artificial,outer_race,N15_M07_F04,1499.68,none,12000.0,14000.0,6.1687,normal,0.48,0.24309670629266997,1,-0.0010000000000000009,0.04,1.7859747138996864,2,0.009999999999999998
N15_M07_F04_KA08_4,KA08,artificial,outer_race,N15_M07_F04,1499.63,none,12000.0,14000.0,5.6353,normal,0.924,-1.033259607894997,1,0.0,0.174,1.1473719451093611,1,0.014000000000000002
N15_M07_F04_KA08_5,KA08,artificial,outer_race,N15_M07_F04,1499.35,none,12000.0,14000.0,7.2353,normal,0.464,0.5630406646643589,1,-0.0010000000000000009,0.604,-0.22403202132749,1,0.0
N15_M07_F04_KA08_6,KA08,artificial,outer_race,N15_M07_F04,1499.56,none,10666.7,13333.3,5.3957,normal,0.506,-0.018270700320569044,0,0.0,0.112,1.5851194245630473,2,0.008
N15_M07_F04_KA08_7,KA08,artificial,outer_race,N15_M07_F04,1499.45,none,10666.7,13333.3,5.2254,normal,0.614,-0.337087584247893,1,0.0,0.138,1.5613319922503663,2,0.016999999999999998
N15_M07_F04_KA08_8,KA08,artificial,outer_race,N15_M07_F04,1499.52,none,10666.7,13333.3,5.803,normal,0.758,-0.7718486933360204,1,-0.0010000000000000009,0.13,1.1590250745626267,1,0.015000000000000003
N15_M07_F04_KA08_9,KA08,artificial,outer_race,N15_M07_F04,1499.54,none,12000.0,14000.0,5.3251,normal,0.914,-0.7527160871322297,1,-0.0010000000000000009,0.6,-0.23047391479731236,2,0.009999999999999998
N15_M07_F04_KA09_1,KA09,artificial,outer_race,N15_M07_F04,1499.58,none,12000.0,14000.0,4.9558,normal,0.71,-0.7639148824826262,0,0.016000000000000004,0.626,-0.29660248062022837,2,0.013000000000000001
N15_M07_F04_KA09_10,KA09,artificial,outer_race,N15_M07_F04,1499.17,none,12000.0,14000.0,7.0047,normal,0.452,0.037500470174621804,1,0.0,0.142,0.9623929549237399,1,-0.006999999999999999
N15_M07_F04_KA09_11,KA09,artificial,outer_race,N15_M07_F04,1499.61,none,12000.0,14000.0,5.1249,normal,0.782,-0.28928845004317294,0,0.0,0.096,1.4273602046162834,2,0.009999999999999998
N15_M07_F04_KA09_12,KA09,artificial,outer_race,N15_M07_F04,1499.58,none,12000.0,14000.0,4.2859,normal,0.482,0.017459494042023148,0,-0.0010000000000000009,0.446,0.1251373653379166,2,0.013000000000000001
N15_M07_F04_KA09_13,KA09,artificial,outer_race,N15_M07_F04,1499.1,none,12000.0,14000.0,4.3193,normal,0.578,-0.14968891683031343,1,-0.0010000000000000009,0.838,-0.9067068569102569,0,0.0
N15_M07_F04_KA09_14,KA09,artificial,outer_race,N15_M07_F04,1500.05,none,12000.0,14000.0,4.5442,normal,0.31,0.5450431048766925,0,-0.0010000000000000009,0.662,-0.39062994810055984,0,-0.011
N15_M07_F04_KA09_15,KA09,artificial,outer_race,N15_M07_F04,1499.53,none,12000.0,14000.0,4.3982,normal,0.402,0.16900489010011635,1,0.0,0.056,1.6206221287918967,2,0.012
N15_M07_F04_KA09_16,KA09,artificial,outer_race,N15_M07_F04,1499.02,none,12000.0,14000.0,4.8373,normal,0.7,-0.4661388648213155,1,0.0,0.258,0.7508791337500087,1,0.009999999999999998
N15_M07_F04_KA09_17,KA09,artificial,outer_race,N15_M07_F04,1499.47,none,12000.0,14000.0,6.0865,normal,0.492,0.2865959199861654,1,0.0,0.57,-0.13296008071999932,2,0.013000000000000001
N15_M07_F04_KA09_18,KA09,artificial,outer_race,N15_M07_F04,1499.4,none,12000.0,14000.0,6.3179,normal,0.466,0.1620268158512447,1,0.0,0.938,-1.028636259259009,2,0.012
N15_M07_F04_KA09_19,KA09,artificial,outer_race,N15_M07_F04,1499.71,none,12000.0,14000.0,5.0086,normal,0.516,-0.0562251136031869,0,0.0010000000000000009,0.22,1.2316494788551389,1,0.009999999999999998
N15_M07_F04_KA09_2,KA09,artificial,outer_race,N15_M07_F04,1499.7,none,12000.0,14000.0,4.5126,normal,0.568,-0.13680931459993498,1,-0.0010000000000000009,0.012,3.7190693029756927,1,0.012
N15_M07_F04_KA09_20,KA09,artificial,outer_race,N15_M07_F04,1500.13,none,12000.0,14000.0,5.6122,normal,0.656,-0.34891929387468995,0,-0.0010000000000000009,0.298,0.694308075729008,2,0.011
N15_M07_F04_KA09_3,KA09,artificial,outer_race,N15_M07_F04,1498.73,none,12000.0,14000.0,4.2544,normal,0.512,-0.010323721618991283,1,0.0010000000000000009,0.356,0.3229561254303606,1,0.013000000000000001
N15_M07_F04_KA09_4,KA09,artificial,outer_race,N15_M07_F04,1499.66,none,12000.0,14000.0,4.2376,normal,0.596,-0.13163128650196831,0,0.016999999999999998,0.2,1.5929102777507023,2,0.012
N15_M07_F04_KA09_5,KA09,artificial,outer_race,N15_M07_F04,1499.13,none,12000.0,14000.0,4.499,normal,0.904,-0.7681368453611246,0,0.0,0.406,0.24596026236556348,1,0.013000000000000001
N15_M07_F04_KA09_6,KA09,artificial,outer_race,N15_M07_F04,1499.9,none,12000.0,14000.0,4.8367,inner_race,0.432,0.18099057392113013,1,0.0010000000000000009,0.022,2.113156518094935,2,0.012
N15_M07_F04_KA09_7,KA09,artificial,outer_race,N15_M07_F04,1499.42,none,12000.0,14000.0,5.4295,normal,0.188,0.9533876084364206,1,0.0,0.192,1.0880861406701887,1,0.013000000000000001
N15_M07_F04_KA09_8,KA09,artificial,outer_race,N15_M07_F04,1499.3,none,12000.0,14000.0,4.7519,normal,0.56,-0.10836612200973052,1,-0.0019999999999999983,0.31,0.5836953577453785,2,0.012
N15_M07_F04_KA09_9,KA09,artificial,outer_race,N15_M07_F04,1499.17,none,12000.0,14000.0,4.7389,normal,0.556,-0.06060354239129488,1,-0.0010000000000000009,0.508,-0.010790935871562143,2,0.009999999999999998
N15_M07_F04_KA15_1,KA15,real,outer_race,N15_M07_F04,1499.5,none,12000.0,14000.0,6.7716,normal,0.618,-0.2531686576194611,0,-0.017,0.754,-0.5897214012929488,1,-0.009000000000000001
N15_M07_F04_KA15_10,KA15,real,outer_race,N15_M07_F04,1499.47,none,12000.0,14000.0,5.4861,normal,0.866,-1.1195235573489506,0,0.016999999999999998,0.348,0.4436150942788408,1,-0.004
N15_M07_F04_KA15_11,KA15,real,outer_race,N15_M07_F04,1499.74,none,12000.0,14000.0,5.0303,normal,0.628,-0.13166305121427946,0,-0.015,0.472,0.05558864300041445,1,0.015000000000000003
N15_M07_F04_KA15_12,KA15,real,outer_race,N15_M07_F04,1499.48,none,12000.0,14000.0,6.1615,normal,0.666,-0.48438586823553864,0,0.016000000000000004,0.36,0.4144841784824329,1,-0.011
N15_M07_F04_KA15_13,KA15,real,outer_race,N15_M07_F04,1499.75,none,12000.0,14000.0,6.0256,normal,0.64,-0.3446992164001382,0,0.015000000000000003,0.37,0.6376740598866425,0,0.015000000000000003
N15_M07_F04_KA15_14,KA15,real,outer_race,N15_M07_F04,1499.45,none,12000.0,14000.0,5.9578,normal,0.37,0.5726548209069351,1,-0.013000000000000001,0.47,0.049937433343060035,2,0.015000000000000003
N15_M07_F04_KA15_15,KA15,real,outer_race,N15_M07_F04,1499.36,none,12000.0,14000.0,6.4577,normal,0.814,-0.6395017360492019,0,-0.014,0.376,0.3569203521989057,0,-0.014
N15_M07_F04_KA15_16,KA15,real,outer_race,N15_M07_F04,1499.57,none,12000.0,14000.0,7.0613,normal,0.276,0.4273269992897911,0,-0.015,0.692,-0.274691813411257,0,0.015000000000000003
N15_M07_F04_KA15_17,KA15,real,outer_race,N15_M07_F04,1499.63,none,12000.0,14000.0,6.1602,normal,0.394,0.1740541835437244,1,0.016999999999999998,0.648,-0.5255299426385268,1,-0.004
N15_M07_F04_KA15_18,KA15,real,outer_race,N15_M07_F04,1499.61,none,12000.0,14000.0,6.8179,normal,0.374,0.2594705037429419,0,0.015000000000000003,0.35,0.7606620861277171,1,0.015000000000000003
N15_M07_F04_KA15_19,KA15,real,outer_race,N15_M07_F04,1499.78,none,12000.0,14000.0,6.6275,normal,0.54,-0.01639234329638732,0,0.0,0.758,-0.4808698233738837,0,0.014000000000000002
N15_M07_F04_KA15_2,KA15,real,outer_race,N15_M07_F04,1499.64,none,12000.0,14000.0,6.2712,normal,0.808,-0.681043656021106,0,-0.017,0.56,-0.06185736324082541,1,0.015000000000000003
N15_M07_F04_KA15_20,KA15,real,outer_race,N15_M07_F04,1499.92,none,12000.0,14000.0,6.3337,normal,0.766,-0.6640014527783903,0,-0.0010000000000000009,0.346,0.49089624494403133,1,-0.002999999999999999
N15_M07_F04_KA15_3,KA15,real,outer_race,N15_M07_F04,1499.51,none,12000.0,14000.0,6.3092,normal,0.666,-0.3967453863942979,0,0.02,0.596,-0.3437623831052258,1,-0.009000000000000001
N15_M07_F04_KA15_4,KA15,real,outer_race,N15_M07_F04,1499.64,none,12000.0,14000.0,5.6013,normal,0.374,0.5313694374763409,0,-0.019,0.826,-0.5323214125193646,1,0.015000000000000003
N15_M07_F04_KA15_5,KA15,real,outer_race,N15_M07_F04,1499.34,none,12000.0,14000.0,6.2772,normal,0.438,0.2460210089429128,0,0.016000000000000004,0.586,-0.14745749996157714,1,-0.01
N15_M07_F04_KA15_6,KA15,real,outer_race,N15_M07_F04,1499.68,none,12000.0,14000.0,5.7981,normal,0.808,-1.069142500862283,0,-0.015,0.858,-0.6922066835999204,1,0.015000000000000003
N15_M07_F04_KA15_7,KA15,real,outer_race,N15_M07_F04,1499.56,none,12000.0,14000.0,5.1759,normal,0.682,-0.400051778438807,0,0.015000000000000003,0.586,-0.32570787861307876,1,0.015000000000000003
N15_M07_F04_KA15_8,KA15,real,outer_race,N15_M07_F04,1499.28,none,12000.0,14000.0,6.4006,normal,0.73,-0.4851694817506752,0,-0.0019999999999999983,0.574,-0.10609776018574266,1,0.005000000000000001
N15_M07_F04_KA15_9,KA15,real,outer_race,N15_M07_F04,1499.73,none,12000.0,14000.0,6.5741,normal,0.676,-0.21272561763878112,0,0.015000000000000003,0.796,-0.6465124673485304,0,0.009999999999999998
N15_M07_F04_KA16_1,KA16,real,outer_race,N15_M07_F04,1499.6,none,12000.0,14000.0,5.6306,normal,0.812,-0.8840133708799028,1,0.016000000000000004,0.876,-0.9146859022281799,1,-0.01
N15_M07_F04_KA16_10,KA16,real,outer_race,N15_M07_F04,1499.59,none,12000.0,14000.0,5.9522,normal,0.682,-0.36014350856447097,0,-0.014,0.888,-0.8224513298512097,1,-0.011
N15_M07_F04_KA16_11,KA16,real,outer_race,N15_M07_F04,1499.48,none,12000.0,14000.0,5.3496,normal,0.724,-0.48356162399851127,0,-0.017,0.776,-0.47996910589883457,1,-0.009000000000000001
N15_M07_F04_KA16_12,KA16,real,outer_race,N15_M07_F04,1499.26,none,12000.0,14000.0,4.6336,normal,0.894,-1.3017118854590728,0,0.005000000000000001,0.766,-0.7110593814815128,1,-0.009000000000000001
N15_M07_F04_KA16_13,KA16,real,outer_race,N15_M07_F04,1499.75,none,12000.0,14000.0,5.8285,normal,0.66,-0.36523610077222446,0,-0.02,0.72,-0.5839483289039096,1,-0.01
N15_M07_F04_KA16_14,KA16,real,outer_race,N15_M07_F04,1499.58,none,12000.0,14000.0,5.1163,normal,0.856,-0.8714392851143425,0,0.0010000000000000009,0.744,-0.6194200277220486,1,-0.016
N15_M07_F04_KA16_15,KA16,real,outer_race,N15_M07_F04,1499.71,none,12000.0,14000.0,4.8035,normal,0.56,-0.23074946941285948,1,0.015000000000000003,0.416,0.27512837299995857,1,-0.01
N15_M07_F04_KA16_16,KA16,real,outer_race,N15_M07_F04,1499.65,none,12000.0,14000.0,5.1301,normal,0.854,-0.9450445172185775,0,-0.014,0.526,-0.1457599661684361,1,0.015000000000000003
N15_M07_F04_KA16_17,KA16,real,outer_race,N15_M07_F04,1499.66,none,12000.0,14000.0,4.9946,normal,0.55,-0.18902197041219135,0,0.016999999999999998,0.586,-0.23062407649171449,0,0.015000000000000003
N15_M07_F04_KA16_18,KA16,real,outer_race,N15_M07_F04,1499.71,none,12000.0,14000.0,5.1372,normal,0.742,-0.6971787104802727,0,0.015000000000000003,0.596,-0.3148918328931075,1,0.015000000000000003
N15_M07_F04_KA16_19,KA16,real,outer_race,N15_M07_F04,1499.59,none,12000.0,14000.0,4.9152,normal,0.646,-0.5841062364964187,0,0.016999999999999998,0.944,-0.8738741247014287,0,0.005000000000000001
N15_M07_F04_KA16_2,KA16,real,outer_race,N15_M07_F04,1499.01,none,12000.0,14000.0,5.1824,normal,0.524,-0.021103265338895415,0,0.014000000000000002,1.0,-1.842147533913133,0,0.011
N15_M07_F04_KA16_20,KA16,real,outer_race,N15_M07_F04,1499.49,none,12000.0,14000.0,4.5361,normal,0.584,-0.35631016011680444,1,0.016999999999999998,0.7,-0.35546941023550715,0,0.011
N15_M07_F04_KA16_3,KA16,real,outer_race,N15_M07_F04,1500.04,none,12000.0,14000.0,4.6347,normal,0.658,-0.26037798022553926,0,0.018,0.582,-0.16690526818400564,0,-0.013000000000000001
N15_M07_F04_KA16_4,KA16,real,outer_race,N15_M07_F04,1499.17,none,12000.0,14000.0,5.3522,normal,0.644,-0.3526087334288626,0,-0.013000000000000001,0.654,-0.3523485011874325,1,-0.01
N15_M07_F04_KA16_5,KA16,real,outer_race,N15_M07_F04,1499.89,none,12000.0,14000.0,5.6081,normal,0.258,0.7471391405141369,0,0.019,0.8,-0.6987485358503592,0,-0.008
N15_M07_F04_KA16_6,KA16,real,outer_race,N15_M07_F04,1499.76,none,12000.0,14000.0,5.5451,normal,0.536,-0.3692894323204878,0,0.015000000000000003,0.794,-0.6251471158335234,0,0.0
N15_M07_F04_KA16_7,KA16,real,outer_race,N15_M07_F04,1499.2,none,12000.0,14000.0,5.26,normal,0.724,-0.6663682224227139,0,0.012,0.352,0.4274383743526729,0,-0.005000000000000001
N15_M07_F04_KA16_8,KA16,real,outer_race,N15_M07_F04,1499.55,none,12000.0,14000.0,5.3259,normal,0.452,0.28755204979643034,1,0.015000000000000003,0.95,-1.6744456180649188,1,-0.01
N15_M07_F04_KA16_9,KA16,real,outer_race,N15_M07_F04,1499.67,none,12000.0,14000.0,5.711,normal,1.0,-1.815256124468065,0,-0.01,0.91,-0.8083386755234699,1,-0.01
N15_M07_F04_KA22_1,KA22,real,outer_race,N15_M07_F04,1499.54,none,10666.7,13333.3,6.916,normal,0.832,-0.6323183952445061,0,-0.019,0.322,0.4972853949238857,1,0.015000000000000003
N15_M07_F04_KA22_10,KA22,real,outer_race,N15_M07_F04,1499.63,none,12000.0,14000.0,6.3917,normal,0.612,-0.37782909521878305,0,-0.013000000000000001,0.56,-0.17490523157224894,1,0.015000000000000003
N15_M07_F04_KA22_11,KA22,real,outer_race,N15_M07_F04,1499.5,none,12000.0,14000.0,6.6186,normal,0.562,-0.178818337524572,1,0.016000000000000004,0.852,-0.6751381183594738,1,-0.017
N15_M07_F04_KA22_12,KA22,real,outer_race,N15_M07_F04,1499.47,none,12000.0,14000.0,6.6948,normal,0.588,-0.2861249312537864,0,-0.017,0.674,-0.359837957212306,1,-0.01
N15_M07_F04_KA22_13,KA22,real,outer_race,N15_M07_F04,1499.58,none,10666.7,13333.3,5.9297,normal,0.414,0.19929943683778117,0,-0.018000000000000002,0.586,-0.19604907743383115,2,-0.01
N15_M07_F04_KA22_14,KA22,real,outer_race,N15_M07_F04,1499.68,none,12000.0,14000.0,7.295,normal,0.212,0.8811889707913807,0,-0.008,0.846,-0.8714070873240819,1,-0.01
N15_M07_F04_KA22_15,KA22,real,outer_race,N15_M07_F04,1499.69,none,12000.0,14000.0,6.9402,normal,0.744,-0.5791065751998729,0,-0.015,0.816,-0.6594111125630038,0,-0.008
N15_M07_F04_KA22_16,KA22,real,outer_race,N15_M07_F04,1499.68,none,10666.7,13333.3,6.8253,normal,0.478,0.14777178937254193,1,0.015000000000000003,0.72,-0.7146846740661591,2,-0.004
N15_M07_F04_KA22_17,KA22,real,outer_race,N15_M07_F04,1499.57,none,10666.7,13333.3,6.3976,normal,0.8,-0.8057322225699923,1,0.015000000000000003,0.674,-0.42196420044721555,1,-0.01
N15_M07_F04_KA22_18,KA22,real,outer_race,N15_M07_F04,1499.61,none,12000.0,14000.0,6.8877,normal,0.296,1.098893026063259,0,0.015000000000000003,0.734,-0.5674304771765657,0,0.009999999999999998
N15_M07_F04_KA22_19,KA22,real,outer_race,N15_M07_F04,1499.56,none,10666.7,13333.3,6.1269,normal,0.838,-0.6394432563392689,0,-0.013000000000000001,0.83,-0.7023931881793588,1,0.015000000000000003
N15_M07_F04_KA22_2,KA22,real,outer_race,N15_M07_F04,1499.68,none,12000.0,14000.0,6.5849,normal,0.718,-0.529333729539777,0,-0.004,0.558,-0.16424803999826504,2,-0.017
N15_M07_F04_KA22_20,KA22,real,outer_race,N15_M07_F04,1499.64,none,10666.7,13333.3,6.3501,normal,0.366,0.32861220823424964,0,0.0,0.586,-0.32093136367229896,2,0.015000000000000003
N15_M07_F04_KA22_3,KA22,real,outer_race,N15_M07_F04,1499.64,none,12000.0,14000.0,6.8983,normal,0.678,-0.47634343592437695,0,-0.004,0.63,-0.4925026077059223,0,-0.009000000000000001
N15_M07_F04_KA22_4,KA22,real,outer_race,N15_M07_F04,1499.66,none,10666.7,13333.3,6.9474,normal,0.714,-0.35603654560812814,0,-0.016,0.356,0.33937110853954594,1,-0.01
N15_M07_F04_KA22_5,KA22,real,outer_race,N15_M07_F04,1499.62,none,10666.7,13333.3,6.9518,normal,0.4,0.22392922489627423,0,0.016999999999999998,0.976,-1.0774339757829816,0,0.014000000000000002
N15_M07_F04_KA22_6,KA22,real,outer_race,N15_M07_F04,1499.62,none,12000.0,14000.0,6.9188,normal,0.508,-0.028303170182203595,1,0.016000000000000004,0.816,-0.6956872835234957,0,0.013000000000000001
N15_M07_F04_KA22_7,KA22,real,outer_race,N15_M07_F04,1499.61,none,12000.0,14000.0,6.0765,normal,0.846,-1.428459142077536,0,-0.012,0.734,-0.6261301093257293,1,0.015000000000000003
N15_M07_F04_KA22_8,KA22,real,outer_race,N15_M07_F04,1499.55,none,10666.7,13333.3,7.1786,normal,0.248,0.6985708842604506,0,-0.013000000000000001,0.774,-0.8768623060945435,1,0.015000000000000003
N15_M07_F04_KA22_9,KA22,real,outer_race,N15_M07_F04,1499.6,none,12000.0,14000.0,7.198,normal,0.352,0.4901462832259352,1,0.016999999999999998,0.528,-0.08184404308155092,0,0.011
N15_M07_F04_KA30_1,KA30,real,outer_race,N15_M07_F04,1499.56,none,12000.0,14000.0,11.7507,normal,0.736,-0.5869672786954756,1,0.0,0.782,-0.6974303494744502,1,-0.011
N15_M07_F04_KA30_10,KA30,real,outer_race,N15_M07_F04,1499.65,none,10666.7,13333.3,2.2185,normal,0.432,0.061889622871827386,1,-0.0010000000000000009,0.354,0.32462794752003343,1,0.011
N15_M07_F04_KA30_11,KA30,real,outer_race,N15_M07_F04,1499.65,none,10666.7,13333.3,2.19,normal,0.158,1.4764362178015946,1,0.016999999999999998,0.006,3.1774506701283785,1,0.012
N15_M07_F04_KA30_12,KA30,real,outer_race,N15_M07_F04,1499.83,none,10666.7,13333.3,7.3305,normal,0.34,1.2201120047473264,2,-0.0010000000000000009,0.29,0.6644697567472178,3,0.011
N15_M07_F04_KA30_13,KA30,real,outer_race,N15_M07_F04,1499.61,none,12000.0,14000.0,8.2982,normal,0.382,0.6925083556470889,1,0.0,0.156,1.037520921881409,1,0.016000000000000004
N15_M07_F04_KA30_14,KA30,real,outer_race,N15_M07_F04,1499.6,none,12000.0,14000.0,5.9029,normal,0.452,0.14791786997113082,1,0.0,0.172,0.9188514139011875,2,0.012
N15_M07_F04_KA30_15,KA30,real,outer_race,N15_M07_F04,1499.44,none,12000.0,14000.0,7.6097,normal,0.664,-0.2722182818423019,1,0.0,0.414,0.2264365893970004,2,0.012
N15_M07_F04_KA30_16,KA30,real,outer_race,N15_M07_F04,1499.5,none,12000.0,14000.0,8.6754,normal,0.514,-0.1224366398287288,1,-0.0010000000000000009,0.792,-0.6938169578170691,2,0.009999999999999998
N15_M07_F04_KA30_17,KA30,real,outer_race,N15_M07_F04,1499.4,none,10666.7,13333.3,7.7334,normal,0.456,0.3284055504515849,1,0.0010000000000000009,0.4,0.37534485363825454,2,0.011
N15_M07_F04_KA30_18,KA30,real,outer_race,N15_M07_F04,1499.55,none,10666.7,13333.3,7.5217,normal,0.744,-0.3625983318073509,1,0.0,0.26,0.480614708682847,3,0.012
N15_M07_F04_KA30_19,KA30,real,outer_race,N15_M07_F04,1499.43,none,12000.0,14000.0,5.1422,normal,0.772,-0.41624179535918826,1,0.0019999999999999983,0.102,1.404839020554973,3,0.012
N15_M07_F04_KA30_2,KA30,real,outer_race,N15_M07_F04,1499.61,none,12000.0,14000.0,12.2884,normal,0.604,-0.129196855321945,0,-0.016,0.686,-0.5124944282910641,0,-0.009000000000000001
N15_M07_F04_KA30_20,KA30,real,outer_race,N15_M07_F04,1499.74,none,12000.0,14000.0,6.0776,normal,0.4,0.5089812583865966,0,0.016000000000000004,0.462,0.08505495028212981,2,0.011
N15_M07_F04_KA30_3,KA30,real,outer_race,N15_M07_F04,1499.58,none,12000.0,14000.0,6.7293,normal,0.336,0.7176385843329068,1,0.0,0.536,-0.0454762805906441,3,0.012
N15_M07_F04_KA30_4,KA30,real,outer_race,N15_M07_F04,1499.56,none,12000.0,14000.0,6.5887,normal,0.62,-0.15502709458362324,0,0.016000000000000004,0.21,0.8438200110354883,2,0.012
N15_M07_F04_KA30_5,KA30,real,outer_race,N15_M07_F04,1499.67,none,12000.0,14000.0,2.4601,normal,0.276,0.7395526176254866,1,0.0,0.42,0.32989467350440943,1,0.011
N15_M07_F04_KA30_6,KA30,real,outer_race,N15_M07_F04,1499.67,none,12000.0,14000.0,9.4834,normal,0.338,1.8263812671768056,2,-0.0010000000000000009,0.466,0.08967432264523002,1,-0.009000000000000001
N15_M07_F04_KA30_7,KA30,real,outer_race,N15_M07_F04,1499.52,none,12000.0,14000.0,2.2775,normal,0.58,-0.22786577326258226,0,0.0,0.568,-0.15813429689773945,1,0.0
N15_M07_F04_KA30_8,KA30,real,outer_race,N15_M07_F04,1499.76,none,12000.0,14000.0,2.3718,normal,0.308,0.35153668554892187,1,0.0,0.822,-0.9544892686803897,1,0.011
N15_M07_F04_KA30_9,KA30,real,outer_race,N15_M07_F04,1499.62,none,12000.0,14000.0,7.241,normal,0.182,2.0533268507597606,1,-0.0010000000000000009,0.822,-0.7628173579912763,2,0.012
N15_M07_F04_KI01_1,KI01,artificial,inner_race,N15_M07_F04,1499.68,none,8000.0,10666.7,10.853,inner_race,0.036,2.7810579066494543,1,-0.018000000000000002,0.002,3.737250938433363,25,-0.0010000000000000009
N15_M07_F04_KI01_10,KI01,artificial,inner_race,N15_M07_F04,1499.62,none,8000.0,10666.7,12.1294,inner_race,0.04,4.207366193965672,2,-0.018000000000000002,0.002,4.747386259593958,24,-0.0019999999999999983
N15_M07_F04_KI01_11,KI01,artificial,inner_race,N15_M07_F04,1499.61,none,8000.0,10666.7,13.2405,inner_race,0.04,3.485200873454235,2,-0.016,0.002,3.8143953502014023,24,-0.0010000000000000009
N15_M07_F04_KI01_12,KI01,artificial,inner_race,N15_M07_F04,1499.6,none,8000.0,10666.7,11.0085,inner_race,0.024,3.4200421415331816,2,-0.016,0.002,4.103498749921186,25,-0.0019999999999999983
N15_M07_F04_KI01_13,KI01,artificial,inner_race,N15_M07_F04,1499.6,none,8000.0,10666.7,11.708,inner_race,0.04,2.247194057339832,1,-0.017,0.002,3.3341527876164343,24,-0.0019999999999999983
N15_M07_F04_KI01_14,KI01,artificial,inner_race,N15_M07_F04,1499.6,none,8000.0,10666.7,11.5194,inner_race,0.144,1.776565918437961,2,-0.015,0.002,4.658059623177167,24,-0.0010000000000000009
N15_M07_F04_KI01_15,KI01,artificial,inner_race,N15_M07_F04,1499.66,none,8000.0,10666.7,11.689,inner_race,0.146,1.9628539292307134,2,-0.017,0.002,3.413674261447723,23,-0.0010000000000000009
N15_M07_F04_KI01_16,KI01,artificial,inner_race,N15_M07_F04,1499.62,none,8000.0,10666.7,11.5099,inner_race,0.132,1.6214924943391595,2,-0.017,0.002,3.973308575524618,24,-0.0010000000000000009
N15_M07_F04_KI01_17,KI01,artificial,inner_race,N15_M07_F04,1499.59,none,8000.0,10666.7,12.7327,inner_race,0.04,1.7763221374515208,1,-0.018000000000000002,0.002,4.460765430575658,23,-0.0019999999999999983
N15_M07_F04_KI01_18,KI01,artificial,inner_race,N15_M07_F04,1499.62,none,8000.0,10666.7,11.8127,inner_race,0.038,2.0364727995880134,1,-0.019,0.002,3.3703664857831486,24,-0.0019999999999999983
N15_M07_F04_KI01_19,KI01,artificial,inner_race,N15_M07_F04,1499.63,none,8000.0,10666.7,11.3818,inner_race,0.038,2.0530075308251003,2,-0.016,0.002,5.125784670931993,25,-0.0010000000000000009
N15_M07_F04_KI01_2,KI01,artificial,inner_race,N15_M07_F04,1499.68,none,8000.0,10666.7,11.9889,inner_race,0.02,2.6481505443827174,1,-0.015,0.002,3.2421343243487364,25,-0.0010000000000000009
N15_M07_F04_KI01_20,KI01,artificial,inner_race,N15_M07_F04,1499.62,none,8000.0,10666.7,12.4112,inner_race,0.04,3.0685890665915116,2,-0.016,0.002,4.581032529817005,24,-0.0010000000000000009
N15_M07_F04_KI01_3,KI01,artificial,inner_race,N15_M07_F04,1499.56,none,8000.0,10666.7,10.7655,inner_race,0.018,2.6476428905280844,2,-0.015,0.002,3.2256192307262066,25,-0.0010000000000000009
N15_M07_F04_KI01_4,KI01,artificial,inner_race,N15_M07_F04,1499.64,none,8000.0,10666.7,11.3686,inner_race,0.02,3.2095897728056237,2,-0.017,0.002,4.122683068205867,25,-0.0010000000000000009
N15_M07_F04_KI01_5,KI01,artificial,inner_race,N15_M07_F04,1499.57,none,8000.0,10666.7,12.0587,inner_race,0.044,1.5610435419136244,2,-0.019,0.002,5.318332665077944,25,-0.0010000000000000009
N15_M07_F04_KI01_6,KI01,artificial,inner_race,N15_M07_F04,1499.59,none,8000.0,10666.7,10.5176,inner_race,0.04,2.83042405536967,2,-0.015,0.002,4.332096498962275,25,-0.0010000000000000009
N15_M07_F04_KI01_7,KI01,artificial,inner_race,N15_M07_F04,1499.62,none,8000.0,10666.7,12.0472,inner_race,0.04,2.399644854319476,1,-0.016,0.002,4.090843307342553,25,-0.0010000000000000009
N15_M07_F04_KI01_8,KI01,artificial,inner_race,N15_M07_F04,1499.63,none,8000.0,10666.7,10.4632,inner_race,0.038,5.016998736565415,2,-0.019,0.002,4.4506487589639585,24,-0.0019999999999999983
N15_M07_F04_KI01_9,KI01,artificial,inner_race,N15_M07_F04,1499.57,none,8000.0,10666.7,12.1247,inner_race,0.044,1.6572162019387322,2,-0.016,0.002,3.578297250016834,24,-0.0019999999999999983
N15_M07_F04_KI03_1,KI03,artificial,inner_race,N15_M07_F04,1499.59,none,12000.0,14000.0,4.916,normal,0.242,0.8372312933064534,1,0.016000000000000004,0.556,-0.14418522889380797,0,0.011
N15_M07_F04_KI03_10,KI03,artificial,inner_race,N15_M07_F04,1499.54,none,12000.0,14000.0,5.6316,normal,0.544,-0.0985294994209683,0,0.015000000000000003,0.586,-0.14113378357145925,1,-0.01
N15_M07_F04_KI03_11,KI03,artificial,inner_race,N15_M07_F04,1499.66,none,12000.0,14000.0,5.0489,normal,0.822,-0.8634509563797682,0,0.018,0.564,-0.12761267518104782,0,0.013000000000000001
N15_M07_F04_KI03_12,KI03,artificial,inner_race,N15_M07_F04,1499.69,none,12000.0,14000.0,5.6267,normal,0.576,-0.03541971273152233,0,0.0010000000000000009,0.992,-1.5084701866167236,1,-0.009000000000000001
N15_M07_F04_KI03_13,KI03,artificial,inner_race,N15_M07_F04,1499.67,none,12000.0,14000.0,4.7765,normal,0.846,-0.8804203764398744,0,0.016999999999999998,0.516,-0.0764232725076356,1,-0.01
N15_M07_F04_KI03_14,KI03,artificial,inner_race,N15_M07_F04,1499.5,none,12000.0,14000.0,5.8052,normal,0.26,0.8124100245341432,0,-0.005000000000000001,0.46,0.11671245759910341,1,-0.004
N15_M07_F04_KI03_15,KI03,artificial,inner_race,N15_M07_F04,1499.53,none,12000.0,14000.0,5.8135,normal,0.406,0.34459312254307295,0,0.016000000000000004,0.412,0.4011544107183125,1,-0.016
N15_M07_F04_KI03_16,KI03,artificial,inner_race,N15_M07_F04,1499.61,none,12000.0,14000.0,4.7001,normal,0.692,-0.4978784562042766,0,-0.012,0.504,-0.03901197003100236,1,0.009999999999999998
N15_M07_F04_KI03_17,KI03,artificial,inner_race,N15_M07_F04,1499.59,none,12000.0,14000.0,5.3457,normal,0.236,1.0098699555425634,0,0.016000000000000004,0.712,-0.38057871559620265,1,-0.009000000000000001
N15_M07_F04_KI03_18,KI03,artificial,inner_race,N15_M07_F04,1499.57,none,12000.0,14000.0,5.7317,normal,0.698,-0.4683573861655209,0,-0.011,0.672,-0.3701953227633285,2,-0.016
N15_M07_F04_KI03_19,KI03,artificial,inner_race,N15_M07_F04,1499.61,none,12000.0,14000.0,5.7658,normal,0.644,-0.3611452449751935,0,-0.02,0.642,-0.4063469474867007,1,0.015000000000000003
N15_M07_F04_KI03_2,KI03,artificial,inner_race,N15_M07_F04,1499.61,none,12000.0,14000.0,6.776,normal,0.248,1.6136757925917842,0,0.016000000000000004,0.864,-0.5575473080388069,0,0.011
N15_M07_F04_KI03_20,KI03,artificial,inner_race,N15_M07_F04,1499.49,none,12000.0,14000.0,5.464,normal,0.756,-0.6924991279301663,0,0.015000000000000003,0.768,-0.8902845367849674,1,0.015000000000000003
N15_M07_F04_KI03_3,KI03,artificial,inner_race,N15_M07_F04,1499.6,none,12000.0,14000.0,6.2488,normal,0.262,1.1752194861225405,0,0.015000000000000003,0.27,0.7884081202960815,1,-0.017
N15_M07_F04_KI03_4,KI03,artificial,inner_race,N15_M07_F04,1499.52,none,12000.0,14000.0,5.2058,normal,0.434,0.15321550975237205,0,0.015000000000000003,0.572,-0.17597189344690944,1,-0.016
N15_M07_F04_KI03_5,KI03,artificial,inner_race,N15_M07_F04,1499.55,none,12000.0,14000.0,6.3951,normal,0.776,-0.8551970485576181,0,0.015000000000000003,0.722,-0.6798663757190654,1,0.015000000000000003
N15_M07_F04_KI03_6,KI03,artificial,inner_race,N15_M07_F04,1499.52,none,12000.0,14000.0,5.4416,normal,0.422,0.2342492663119143,0,-0.016,0.51,-0.022934644473793748,1,-0.01
N15_M07_F04_KI03_7,KI03,artificial,inner_race,N15_M07_F04,1499.58,none,12000.0,14000.0,5.0864,normal,0.514,-0.018652238689887288,0,-0.019,0.45,0.14523710089209443,1,-0.017
N15_M07_F04_KI03_8,KI03,artificial,inner_race,N15_M07_F04,1499.71,none,12000.0,14000.0,6.597,normal,0.304,0.4202798886203482,1,0.015000000000000003,0.49,0.01653324153398981,1,0.011
N15_M07_F04_KI03_9,KI03,artificial,inner_race,N15_M07_F04,1499.54,none,12000.0,14000.0,5.2528,normal,0.932,-0.9453776144679795,0,0.02,0.824,-0.8247903212213754,1,-0.016
N15_M07_F04_KI04_1,KI04,real,inner_race,N15_M07_F04,1499.77,none,12000.0,14000.0,4.4451,normal,0.138,2.4046407966702508,1,-0.0019999999999999983,0.354,0.6632348698678782,0,-0.009000000000000001
N15_M07_F04_KI04_10,KI04,real,inner_race,N15_M07_F04,1499.91,none,12000.0,14000.0,4.3163,normal,0.436,0.1435926608031189,1,-0.018000000000000002,0.588,-0.21470096406070963,3,0.009999999999999998
N15_M07_F04_KI04_11,KI04,real,inner_race,N15_M07_F04,1499.83,none,12000.0,14000.0,3.3487,normal,0.55,-0.3346667566849786,1,-0.0019999999999999983,0.184,1.4581301090484526,1,0.015000000000000003
N15_M07_F04_KI04_12,KI04,real,inner_race,N15_M07_F04,1499.68,none,12000.0,14000.0,4.2853,normal,0.14,2.133814633588253,2,-0.0019999999999999983,0.754,-0.6098400758531335,0,0.016000000000000004
N15_M07_F04_KI04_13,KI04,real,inner_race,N15_M07_F04,1499.36,none,12000.0,14000.0,3.8217,normal,0.21,0.8656165122986343,2,0.0,0.124,1.946363823494429,2,0.011
N15_M07_F04_KI04_14,KI04,real,inner_race,N15_M07_F04,1499.33,none,12000.0,14000.0,3.7383,normal,0.314,0.3428579433360586,1,-0.0019999999999999983,0.124,1.2689642051398855,2,0.011
N15_M07_F04_KI04_15,KI04,real,inner_race,N15_M07_F04,1499.6,none,12000.0,14000.0,2.3658,normal,0.428,0.3841940272025487,0,0.015000000000000003,0.692,-0.4390527435385539,3,0.009999999999999998
N15_M07_F04_KI04_16,KI04,real,inner_race,N15_M07_F04,1499.39,none,8000.0,10666.7,2.0583,inner_race,0.882,-1.8745797685113363,0,-0.02,0.01,6.532629744599979,11,-0.009000000000000001
N15_M07_F04_KI04_17,KI04,real,inner_race,N15_M07_F04,1499.73,none,10666.7,13333.3,2.4646,normal,0.176,2.1514319314425197,1,-0.0019999999999999983,0.076,1.6212208262410206,1,-0.01
N15_M07_F04_KI04_18,KI04,real,inner_race,N15_M07_F04,1499.66,none,12000.0,14000.0,2.738,normal,0.304,0.5345913254049763,0,0.016000000000000004,0.522,-0.08530716095238627,2,0.009999999999999998
N15_M07_F04_KI04_19,KI04,real,inner_race,N15_M07_F04,1499.35,none,8000.0,10666.7,2.2223,inner_race,0.778,-0.7208826553351446,0,-0.019,0.012,7.503786506982392,7,-0.009000000000000001
N15_M07_F04_KI04_2,KI04,real,inner_race,N15_M07_F04,1499.61,none,10666.7,13333.3,3.2122,normal,0.296,0.6049139329022429,0,-0.016,0.162,0.918711662401061,2,0.011
N15_M07_F04_KI04_20,KI04,real,inner_race,N15_M07_F04,1499.61,none,12000.0,14000.0,2.7961,normal,0.502,-0.0118846989970363,1,0.0019999999999999983,0.076,2.2454926999169498,3,0.011
N15_M07_F04_KI04_3,KI04,real,inner_race,N15_M07_F04,1499.67,none,12000.0,14000.0,3.856,inner_race,0.454,0.3380267755723028,1,-0.0010000000000000009,0.022,3.226791122636819,2,0.011
N15_M07_F04_KI04_4,KI04,real,inner_race,N15_M07_F04,1499.57,none,12000.0,14000.0,3.1482,normal,0.242,1.5376686269502717,1,0.0,0.24,0.8654024375297603,2,0.009999999999999998
N15_M07_F04_KI04_5,KI04,real,inner_race,N15_M07_F04,1499.39,none,12000.0,14000.0,3.8396,normal,0.2,1.9415925877327633,1,0.0010000000000000009,0.19,1.0455633906620119,3,0.012
N15_M07_F04_KI04_6,KI04,real,inner_race,N15_M07_F04,1499.52,none,12000.0,14000.0,2.4467,normal,0.282,0.9785557408149734,1,0.0,0.38,0.35243963421504065,3,0.012
N15_M07_F04_KI04_7,KI04,real,inner_race,N15_M07_F04,1499.49,none,12000.0,14000.0,2.2413,normal,0.254,0.787158395967971,1,0.0,0.396,0.15574500124742008,2,0.009999999999999998
N15_M07_F04_KI04_8,KI04,real,inner_race,N15_M07_F04,1499.39,none,10666.7,13333.3,3.6984,normal,0.246,1.4939981280289365,1,-0.0010000000000000009,0.04,1.6091703237526747,0,-0.009000000000000001
N15_M07_F04_KI04_9,KI04,real,inner_race,N15_M07_F04,1499.65,none,12000.0,14000.0,3.267,normal,0.464,0.026665211212732923,1,-0.0019999999999999983,0.71,-0.4722583076585172,2,-0.009000000000000001
N15_M07_F04_KI05_1,KI05,artificial,inner_race,N15_M07_F04,1498.83,none,10666.7,13333.3,8.4138,normal,0.756,-0.6894371568905757,2,-0.0010000000000000009,0.072,1.1561843028652072,1,0.0
N15_M07_F04_KI05_10,KI05,artificial,inner_race,N15_M07_F04,1499.38,none,12000.0,14000.0,9.233,normal,0.678,-0.471085073441931,2,0.0010000000000000009,0.394,0.24541740337983262,3,0.012
N15_M07_F04_KI05_11,KI05,artificial,inner_race,N15_M07_F04,1499.77,none,10666.7,13333.3,8.0672,normal,0.392,0.4599012879481561,2,-0.0010000000000000009,0.176,1.506674443219414,3,0.011
N15_M07_F04_KI05_12,KI05,artificial,inner_race,N15_M07_F04,1499.77,none,10666.7,13333.3,10.5546,normal,0.672,-0.43069331304976355,2,0.0,0.85,-0.9769396078280203,0,-0.01
N15_M07_F04_KI05_13,KI05,artificial,inner_race,N15_M07_F04,1499.64,none,12000.0,14000.0,7.8337,normal,0.51,-0.10787494072465732,1,0.0,0.83,-0.7554796296998063,2,0.012
N15_M07_F04_KI05_14,KI05,artificial,inner_race,N15_M07_F04,1499.25,none,10666.7,13333.3,7.1069,normal,0.48,0.1455920972341151,1,0.0,0.672,-0.3064306412016388,3,0.012
N15_M07_F04_KI05_15,KI05,artificial,inner_race,N15_M07_F04,1499.66,none,10666.7,13333.3,7.1607,normal,0.498,0.2625184300686407,1,-0.0010000000000000009,0.446,0.1480637569174737,2,-0.009000000000000001
N15_M07_F04_KI05_16,KI05,artificial,inner_race,N15_M07_F04,1499.54,none,12000.0,14000.0,9.1378,normal,0.45,0.5881976415529351,1,-0.0010000000000000009,0.076,1.3509666304611014,2,0.012
N15_M07_F04_KI05_17,KI05,artificial,inner_race,N15_M07_F04,1499.58,none,10666.7,13333.3,8.6457,normal,0.376,0.11406772135328018,2,-0.0010000000000000009,0.928,-1.556539437953992,2,-0.009000000000000001
N15_M07_F04_KI05_18,KI05,artificial,inner_race,N15_M07_F04,1499.85,none,10666.7,13333.3,6.8688,normal,0.258,1.0060017375547123,2,0.0,0.276,0.7691031584821778,3,0.012
N15_M07_F04_KI05_19,KI05,artificial,inner_race,N15_M07_F04,1499.63,none,12000.0,14000.0,10.3742,normal,0.242,0.8621614243258274,1,-0.0010000000000000009,0.57,-0.2008483367613375,2,0.012
N15_M07_F04_KI05_2,KI05,artificial,inner_race,N15_M07_F04,1500.39,none,10666.7,13333.3,7.0831,normal,0.476,0.032810961605469015,1,-0.0019999999999999983,0.17,1.0653547866821989,2,0.012
N15_M07_F04_KI05_20,KI05,artificial,inner_race,N15_M07_F04,1499.53,none,10666.7,13333.3,8.3411,normal,0.632,-0.24772103158723868,2,0.0,0.564,-0.1589450592750226,0,-0.009000000000000001
N15_M07_F04_KI05_3,KI05,artificial,inner_race,N15_M07_F04,1500.16,none,12000.0,14000.0,8.6632,normal,0.57,-0.04901955055443405,1,0.0,0.166,0.943493870937439,2,0.012
N15_M07_F04_KI05_4,KI05,artificial,inner_race,N15_M07_F04,1499.68,none,12000.0,14000.0,7.982,normal,0.252,1.4195035125965167,1,-0.0010000000000000009,0.156,1.1204096640412653,3,0.012
N15_M07_F04_KI05_5,KI05,artificial,inner_race,N15_M07_F04,1500.07,none,10666.7,13333.3,9.6561,normal,0.228,2.9109260856274783,1,-0.0019999999999999983,0.472,0.06648600436229805,3,0.011
N15_M07_F04_KI05_6,KI05,artificial,inner_race,N15_M07_F04,1499.58,none,12000.0,14000.0,8.308,normal,0.576,-0.1714056210003084,2,0.0,0.118,1.1816491900974067,3,0.012
N15_M07_F04_KI05_7,KI05,artificial,inner_race,N15_M07_F04,1499.7,none,12000.0,14000.0,7.4608,normal,0.204,1.18216544948589,1,-0.0010000000000000009,0.886,-1.334562259530784,2,0.012
N15_M07_F04_KI05_8,KI05,artificial,inner_race,N15_M07_F04,1499.03,none,12000.0,14000.0,9.0459,normal,0.634,-0.1733856373342098,1,0.0010000000000000009,0.288,0.6848730210625184,1,-0.014
N15_M07_F04_KI05_9,KI05,artificial,inner_race,N15_M07_F04,1500.14,none,12000.0,14000.0,9.7619,normal,0.298,0.5048682837223406,1,-0.0010000000000000009,0.642,-0.3542326410610741,2,0.012
N15_M07_F04_KI07_1,KI07,artificial,inner_race,N15_M07_F04,1499.74,none,12000.0,14000.0,9.4536,normal,0.312,0.6261903274567632,1,-0.0010000000000000009,0.268,0.5803053500801374,2,0.012
N15_M07_F04_KI07_10,KI07,artificial,inner_race,N15_M07_F04,1499.55,none,10666.7,13333.3,7.2614,normal,0.468,0.17618713868310446,0,0.016000000000000004,0.146,2.1103876403000283,2,0.011
N15_M07_F04_KI07_11,KI07,artificial,inner_race,N15_M07_F04,1499.52,none,12000.0,14000.0,5.565,normal,0.244,1.779107013858447,1,0.0,0.32,0.5198402908770613,2,0.009999999999999998
N15_M07_F04_KI07_12,KI07,artificial,inner_race,N15_M07_F04,1499.52,none,12000.0,14000.0,6.7266,normal,0.644,-0.2683117007848532,1,-0.0019999999999999983,0.284,0.7366731669668821,1,0.012
N15_M07_F04_KI07_13,KI07,artificial,inner_race,N15_M07_F04,1499.54,none,10666.7,13333.3,7.0393,inner_race,0.686,-0.38361750433317543,0,-0.017,0.022,3.27543287653167,2,0.011
N15_M07_F04_KI07_14,KI07,artificial,inner_race,N15_M07_F04,1499.46,none,10666.7,13333.3,8.3558,normal,0.708,-0.4274682051466976,1,0.016000000000000004,0.264,0.8487895643001787,1,0.012
N15_M07_F04_KI07_15,KI07,artificial,inner_race,N15_M07_F04,1499.35,none,10666.7,13333.3,9.5351,normal,0.306,1.012619155915914,2,-0.0010000000000000009,0.44,0.07633131190092304,2,0.011
N15_M07_F04_KI07_16,KI07,artificial,inner_race,N15_M07_F04,1499.33,none,10666.7,13333.3,11.4082,normal,0.26,2.3227385810208827,1,-0.0010000000000000009,0.5,0.007418769681370056,2,0.012
N15_M07_F04_KI07_17,KI07,artificial,inner_race,N15_M07_F04,1499.84,none,10666.7,13333.3,6.4541,normal,0.324,0.3024572960324662,0,-0.018000000000000002,0.274,0.45791314975346126,2,0.011
N15_M07_F04_KI07_18,KI07,artificial,inner_race,N15_M07_F04,1499.88,none,12000.0,14000.0,7.4079,normal,0.316,1.4618019504362065,0,0.015000000000000003,0.964,-1.500586952201747,2,0.011
N15_M07_F04_KI07_19,KI07,artificial,inner_race,N15_M07_F04,1499.34,none,10666.7,13333.3,9.2774,normal,0.288,0.5682505115340837,1,-0.019,0.296,0.5198283552083999,3,0.009000000000000001
N15_M07_F04_KI07_2,KI07,artificial,inner_race,N15_M07_F04,1499.79,none,12000.0,14000.0,9.1367,normal,0.272,1.6261665222264279,0,-0.0019999999999999983,0.794,-0.61307109757621,1,0.011
N15_M07_F04_KI07_20,KI07,artificial,inner_race,N15_M07_F04,1499.47,none,12000.0,14000.0,7.181,normal,0.186,0.8106187355354484,0,-0.018000000000000002,0.09,2.5380959632132205,2,0.011
N15_M07_F04_KI07_3,KI07,artificial,inner_race,N15_M07_F04,1499.52,none,12000.0,14000.0,9.6837,normal,0.626,-0.1929812248798844,1,-0.0010000000000000009,0.838,-1.3587784073247655,2,0.012
N15_M07_F04_KI07_4,KI07,artificial,inner_race,N15_M07_F04,1499.48,none,12000.0,14000.0,7.8692,normal,0.346,0.6601709767034848,1,0.015000000000000003,0.314,0.7019257769544346,1,0.012
N15_M07_F04_KI07_5,KI07,artificial,inner_race,N15_M07_F04,1499.6,none,12000.0,14000.0,8.7542,normal,0.286,1.0870763866492577,1,0.0,0.276,0.9924300338769333,2,0.011
N15_M07_F04_KI07_6,KI07,artificial,inner_race,N15_M07_F04,1499.05,none,10666.7,13333.3,7.0138,normal,0.242,1.349314890541099,1,-0.0010000000000000009,0.474,0.1294632157568579,2,0.011
N15_M07_F04_KI07_7,KI07,artificial,inner_race,N15_M07_F04,1499.6,none,12000.0,14000.0,7.0028,normal,0.328,0.641003924988148,1,0.015000000000000003,0.48,0.03977519463199033,2,0.012
N15_M07_F04_KI07_8,KI07,artificial,inner_race,N15_M07_F04,1499.18,none,10666.7,13333.3,6.3266,normal,0.384,0.5149243682989133,1,0.0,0.286,0.6777738762604497,2,0.012
N15_M07_F04_KI07_9,KI07,artificial,inner_race,N15_M07_F04,1499.87,none,10666.7,13333.3,9.5704,normal,0.344,1.502442365575223,2,-0.0019999999999999983,0.624,-0.38092385083976066,1,0.011
N15_M07_F04_KI08_1,KI08,artificial,inner_race,N15_M07_F04,1499.6,none,12000.0,14000.0,9.098,normal,0.658,-0.25131995470779567,0,-0.019,0.788,-0.5458019390424852,1,0.012
N15_M07_F04_KI08_10,KI08,artificial,inner_race,N15_M07_F04,1499.52,none,10666.7,13333.3,7.8934,normal,0.614,-0.20286312019278996,1,0.015000000000000003,0.954,-1.595639485726909,1,-0.009000000000000001
N15_M07_F04_KI08_11,KI08,artificial,inner_race,N15_M07_F04,1499.56,none,10666.7,13333.3,5.5078,normal,0.718,-0.35137721775839675,0,0.016999999999999998,0.156,1.173784425695757,1,-0.0010000000000000009
N15_M07_F04_KI08_12,KI08,artificial,inner_race,N15_M07_F04,1499.39,none,10666.7,13333.3,7.8778,normal,0.296,0.8656187847637267,1,-0.0010000000000000009,0.55,-0.12087993648255595,1,0.011
N15_M07_F04_KI08_13,KI08,artificial,inner_race,N15_M07_F04,1499.65,none,10666.7,13333.3,7.9756,normal,0.308,0.8565452239128313,1,-0.0010000000000000009,0.594,-0.2851517959954717,1,0.011
N15_M07_F04_KI08_14,KI08,artificial,inner_race,N15_M07_F04,1499.7,none,12000.0,14000.0,7.1227,normal,0.564,-0.18261557781390578,0,0.015000000000000003,0.266,0.9215369089554397,1,0.011
N15_M07_F04_KI08_15,KI08,artificial,inner_race,N15_M07_F04,1499.38,none,12000.0,14000.0,5.6311,normal,0.334,0.11959529363235717,0,0.015000000000000003,0.176,1.5591887081280564,3,0.012
N15_M07_F04_KI08_16,KI08,artificial,inner_race,N15_M07_F04,1499.74,none,12000.0,14000.0,6.6154,normal,0.224,0.8874131652950543,2,-0.0010000000000000009,0.16,1.0486198078363425,2,0.011
N15_M07_F04_KI08_17,KI08,artificial,inner_race,N15_M07_F04,1499.52,none,10666.7,13333.3,8.9637,normal,0.518,-0.04345416500804057,1,0.0,0.15,1.2478578963827578,2,-0.009000000000000001
N15_M07_F04_KI08_18,KI08,artificial,inner_race,N15_M07_F04,1499.47,none,10666.7,13333.3,8.9424,normal,0.258,1.2343530075480649,1,0.015000000000000003,0.144,1.3510582421343957,2,0.012
N15_M07_F04_KI08_19,KI08,artificial,inner_race,N15_M07_F04,1499.68,none,12000.0,14000.0,7.7817,normal,0.618,-0.10259868588358789,0,-0.017,0.142,1.1530747250975881,2,0.011
N15_M07_F04_KI08_2,KI08,artificial,inner_race,N15_M07_F04,1499.63,none,10666.7,13333.3,6.9366,normal,0.452,0.06470851931855598,1,0.0,0.168,1.3095794959612972,3,0.011
N15_M07_F04_KI08_20,KI08,artificial,inner_race,N15_M07_F04,1499.54,none,10666.7,13333.3,8.49,normal,0.39,0.21765635121759191,1,-0.0010000000000000009,0.214,0.6644922899424737,2,0.012
N15_M07_F04_KI08_3,KI08,artificial,inner_race,N15_M07_F04,1499.65,none,10666.7,13333.3,4.9338,normal,1.0,-2.2474058099219256,0,-0.01,0.914,-1.2637126367272402,0,0.011
N15_M07_F04_KI08_4,KI08,artificial,inner_race,N15_M07_F04,1499.89,none,12000.0,14000.0,6.0722,normal,0.432,0.2435916497416783,1,-0.0010000000000000009,0.366,0.4411175437477227,1,0.009999999999999998
N15_M07_F04_KI08_5,KI08,artificial,inner_race,N15_M07_F04,1499.65,none,12000.0,14000.0,9.3143,normal,0.202,0.8598999098982204,1,0.0,0.262,0.6831541988144958,1,0.009999999999999998
N15_M07_F04_KI08_6,KI08,artificial,inner_race,N15_M07_F04,1499.74,none,12000.0,14000.0,7.0001,normal,0.398,0.27575093163132697,0,0.016000000000000004,0.156,1.5382117336794443,1,0.011
N15_M07_F04_KI08_7,KI08,artificial,inner_race,N15_M07_F04,1499.39,none,12000.0,14000.0,5.9704,normal,0.38,0.420791275035554,1,-0.0010000000000000009,0.192,0.992440518301662,4,0.012
N15_M07_F04_KI08_8,KI08,artificial,inner_race,N15_M07_F04,1499.41,none,12000.0,14000.0,6.2728,normal,0.29,0.27541705627458435,1,-0.0010000000000000009,0.054,2.774682910828091,3,0.012
N15_M07_F04_KI08_9,KI08,artificial,inner_race,N15_M07_F04,1499.61,none,10666.7,13333.3,9.3733,normal,0.816,-0.6267119448518378,1,0.0,0.268,0.7300338596371764,3,-0.009000000000000001
N15_M07_F04_KI14_1,KI14,real,inner_race,N15_M07_F04,1499.55,none,12000.0,14000.0,6.097,normal,0.636,-0.3698057792145343,0,0.016000000000000004,0.862,-1.31454510173029,1,-0.004
N15_M07_F04_KI14_10,KI14,real,inner_race,N15_M07_F04,1499.67,none,12000.0,14000.0,5.7985,normal,0.604,-0.23588300027678877,0,0.015000000000000003,0.652,-0.3637821403365218,0,-0.004
N15_M07_F04_KI14_11,KI14,real,inner_race,N15_M07_F04,1499.62,none,12000.0,14000.0,5.5735,normal,0.9,-0.8822405484320284,0,0.015000000000000003,0.608,-0.2141788977572969,1,-0.009000000000000001
N15_M07_F04_KI14_12,KI14,real,inner_race,N15_M07_F04,1499.59,none,12000.0,14000.0,6.0698,normal,0.734,-0.45625448386596346,0,0.016000000000000004,0.952,-1.2210371472214177,2,-0.01
N15_M07_F04_KI14_13,KI14,real,inner_race,N15_M07_F04,1499.46,none,12000.0,14000.0,6.4918,normal,0.52,-0.08772843909014232,0,-0.0010000000000000009,0.508,-0.004496185676078785,2,-0.017
N15_M07_F04_KI14_14,KI14,real,inner_race,N15_M07_F04,1499.59,none,12000.0,14000.0,5.5455,normal,0.74,-0.6148974726825543,0,-0.013000000000000001,0.592,-0.346938136799982,1,0.015000000000000003
N15_M07_F04_KI14_15,KI14,real,inner_race,N15_M07_F04,1499.5,none,12000.0,14000.0,6.3026,normal,0.568,-0.3005631971396468,0,-0.0019999999999999983,0.456,0.0987110593616505,0,0.015000000000000003
N15_M07_F04_KI14_16,KI14,real,inner_race,N15_M07_F04,1499.43,none,12000.0,14000.0,5.3811,normal,0.854,-0.7241461356883155,0,0.015000000000000003,0.964,-1.1482255105559682,1,-0.017
N15_M07_F04_KI14_17,KI14,real,inner_race,N15_M07_F04,1499.59,none,12000.0,14000.0,5.5119,normal,0.726,-0.7302183375652526,0,0.016000000000000004,0.33,0.605794822514214,1,-0.01
N15_M07_F04_KI14_18,KI14,real,inner_race,N15_M07_F04,1499.65,none,12000.0,14000.0,6.0042,normal,0.964,-1.2299865619942918,0,-0.011,0.82,-0.8011547502410126,1,-0.006999999999999999
N15_M07_F04_KI14_19,KI14,real,inner_race,N15_M07_F04,1499.59,none,12000.0,14000.0,6.4131,normal,0.512,-0.08218011517370992,0,0.016000000000000004,0.782,-0.8109969822367528,1,-0.016
N15_M07_F04_KI14_2,KI14,real,inner_race,N15_M07_F04,1499.58,none,12000.0,14000.0,5.8974,normal,0.774,-0.7696491291873865,0,-0.015,0.592,-0.15000129417169147,1,0.011
N15_M07_F04_KI14_20,KI14,real,inner_race,N15_M07_F04,1499.47,none,12000.0,14000.0,5.7758,normal,0.944,-1.490478167475131,0,0.0,0.692,-0.4273906931099985,2,-0.01
N15_M07_F04_KI14_3,KI14,real,inner_race,N15_M07_F04,1499.49,none,12000.0,14000.0,4.6939,normal,0.41,0.04866959618419116,0,0.015000000000000003,0.412,0.08097086568066113,1,-0.009000000000000001
N15_M07_F04_KI14_4,KI14,real,inner_race,N15_M07_F04,1499.64,none,12000.0,14000.0,5.1011,normal,0.988,-1.3139953922196252,0,-0.0019999999999999983,0.41,0.29584938586689913,2,-0.01
N15_M07_F04_KI14_5,KI14,real,inner_race,N15_M07_F04,1499.56,none,12000.0,14000.0,5.5941,normal,0.576,-0.10900562628558447,0,0.015000000000000003,0.728,-0.7348918436492371,2,-0.01
N15_M07_F04_KI14_6,KI14,real,inner_race,N15_M07_F04,1499.66,none,12000.0,14000.0,5.5384,normal,0.782,-0.5448547308499545,0,-0.019,0.286,0.6967039201025756,1,-0.01
N15_M07_F04_KI14_7,KI14,real,inner_race,N15_M07_F04,1499.46,none,12000.0,14000.0,6.5983,normal,0.632,-0.3371782519664162,0,-0.018000000000000002,0.802,-0.8391624839607703,1,-0.01
N15_M07_F04_KI14_8,KI14,real,inner_race,N15_M07_F04,1499.51,none,12000.0,14000.0,6.1771,normal,0.622,-0.4132181324383415,0,-0.02,0.92,-0.8846152384042428,1,-0.0019999999999999983
N15_M07_F04_KI14_9,KI14,real,inner_race,N15_M07_F04,1499.67,none,12000.0,14000.0,5.9272,normal,0.492,0.09113114302361065,0,-0.019,0.728,-0.46588141940339106,1,-0.009000000000000001
N15_M07_F04_KI16_1,KI16,real,inner_race,N15_M07_F04,1499.68,none,0.0,2000.0,24.4297,outer_race,0.002,7.859088161737186,5,-0.02,0.002,2.5511031977340957,25,0.004
N15_M07_F04_KI16_10,KI16,real,inner_race,N15_M07_F04,1499.13,none,0.0,2000.0,24.4411,outer_race,0.002,8.462662061709228,2,-0.02,0.002,3.2235991459788034,16,0.004
N15_M07_F04_KI16_11,KI16,real,inner_race,N15_M07_F04,1500.21,none,0.0,2000.0,23.8986,outer_race,0.002,7.067691661294947,5,-0.02,0.002,2.8088056841136035,25,0.002999999999999999
N15_M07_F04_KI16_12,KI16,real,inner_race,N15_M07_F04,1499.13,none,0.0,2000.0,23.4919,outer_race,0.002,8.471591674424252,4,-0.02,0.002,2.6553946253057523,25,0.002999999999999999
N15_M07_F04_KI16_13,KI16,real,inner_race,N15_M07_F04,1499.48,none,0.0,2000.0,23.9654,outer_race,0.002,13.305101258289758,5,-0.02,0.002,3.2500783862268623,25,0.002999999999999999
N15_M07_F04_KI16_14,KI16,real,inner_race,N15_M07_F04,1499.33,none,0.0,2000.0,23.9931,outer_race,0.002,7.365062453015053,5,-0.02,0.002,2.298922871016978,25,0.0019999999999999983
N15_M07_F04_KI16_15,KI16,real,inner_race,N15_M07_F04,1499.93,none,0.0,2000.0,23.7937,outer_race,0.002,9.94167653190647,5,-0.02,0.002,3.280172383814969,25,0.008
N15_M07_F04_KI16_16,KI16,real,inner_race,N15_M07_F04,1499.63,none,0.0,2000.0,23.3291,outer_race,0.002,8.550039829762321,5,-0.02,0.002,2.8324924271046172,25,0.0019999999999999983
N15_M07_F04_KI16_17,KI16,real,inner_race,N15_M07_F04,1499.94,none,0.0,2000.0,23.4551,inner_race,0.002,4.505451738160319,0,-0.02,0.002,3.354170385382979,13,0.004
N15_M07_F04_KI16_18,KI16,real,inner_race,N15_M07_F04,1499.9,none,0.0,2000.0,22.881,outer_race,0.004,11.857848477104154,4,-0.02,0.002,2.8592136048173966,25,0.002999999999999999
N15_M07_F04_KI16_19,KI16,real,inner_race,N15_M07_F04,1499.45,none,0.0,2000.0,23.2056,outer_race,0.002,7.248719243486966,5,-0.02,0.002,2.613612004787449,25,0.0010000000000000009
N15_M07_F04_KI16_2,KI16,real,inner_race,N15_M07_F04,1499.26,none,0.0,2000.0,24.1554,outer_race,0.002,11.071228107059326,5,-0.02,0.002,2.7896571506903003,25,0.002999999999999999
N15_M07_F04_KI16_20,KI16,real,inner_race,N15_M07_F04,1499.74,none,0.0,2000.0,23.1129,outer_race,0.004,7.571868900765539,5,-0.02,0.002,2.3361353576751744,25,0.0019999999999999983
N15_M07_F04_KI16_3,KI16,real,inner_race,N15_M07_F04,1499.19,none,0.0,2000.0,24.3541,outer_race,0.002,5.682677465612445,5,-0.02,0.002,2.906728138406634,25,0.0019999999999999983
N15_M07_F04_KI16_4,KI16,real,inner_race,N15_M07_F04,1499.54,none,0.0,2000.0,24.488,outer_race,0.002,8.394759820524747,5,-0.02,0.002,2.464740956925863,25,0.002999999999999999
N15_M07_F04_KI16_5,KI16,real,inner_race,N15_M07_F04,1499.78,none,0.0,2000.0,24.8758,outer_race,0.002,7.799723561246179,5,-0.02,0.002,2.4044764969534818,25,0.0019999999999999983
N15_M07_F04_KI16_6,KI16,real,inner_race,N15_M07_F04,1499.72,none,0.0,2000.0,25.1399,outer_race,0.004,8.62231574754008,3,-0.02,0.002,2.8311131454226053,23,0.002999999999999999
N15_M07_F04_KI16_7,KI16,real,inner_race,N15_M07_F04,1499.44,none,0.0,2000.0,24.2311,outer_race,0.002,10.538388368136799,5,-0.02,0.004,2.42383780221319,25,0.0019999999999999983
N15_M07_F04_KI16_8,KI16,real,inner_race,N15_M07_F04,1499.23,none,0.0,2000.0,24.0786,outer_race,0.002,7.176196113871604,5,-0.02,0.002,2.6096198180939423,25,0.002999999999999999
N15_M07_F04_KI16_9,KI16,real,inner_race,N15_M07_F04,1499.53,none,0.0,2000.0,23.8215,outer_race,0.002,6.183680010689476,5,-0.02,0.002,2.9877872844730304,25,0.0019999999999999983
N15_M07_F04_KI17_1,KI17,real,inner_race,N15_M07_F04,1499.73,none,8000.0,12000.0,13.137,normal,0.554,-0.03499200873402415,0,0.015000000000000003,0.466,0.11128739388592057,0,0.002999999999999999
N15_M07_F04_KI17_10,KI17,real,inner_race,N15_M07_F04,1499.61,none,8000.0,12000.0,30.5657,normal,0.386,0.5968045362778651,0,0.018,0.002,3.1423596006472163,0,-0.0019999999999999983
N15_M07_F04_KI17_11,KI17,real,inner_race,N15_M07_F04,1498.92,none,8000.0,12000.0,9.9913,normal,0.228,0.8207947017934059,0,0.006000000000000002,0.174,0.7768953969456571,0,-0.005000000000000001
N15_M07_F04_KI17_12,KI17,real,inner_race,N15_M07_F04,1499.04,none,8000.0,12000.0,15.5376,normal,0.116,1.5376209201272097,0,-0.019,0.046,2.008457900587329,0,-0.005000000000000001
N15_M07_F04_KI17_13,KI17,real,inner_race,N15_M07_F04,1499.6,none,8000.0,12000.0,8.3266,normal,0.458,0.046886552058507766,0,0.0,0.002,2.7568239537545325,0,-0.002999999999999999
N15_M07_F04_KI17_14,KI17,real,inner_race,N15_M07_F04,1500.62,none,12000.0,14000.0,6.0998,normal,0.43,0.14258540395782449,0,-0.006999999999999999,0.546,-0.11879352359841802,1,-0.004
N15_M07_F04_KI17_15,KI17,real,inner_race,N15_M07_F04,1499.42,none,8000.0,12000.0,8.128,normal,0.334,0.16929332928293123,0,0.016000000000000004,0.002,2.1533687241446646,0,-0.004
N15_M07_F04_KI17_16,KI17,real,inner_race,N15_M07_F04,1499.04,none,8000.0,10666.7,8.1977,normal,0.672,-0.18627256809429524,0,-0.0010000000000000009,0.048,3.800862794540709,0,-0.002999999999999999
N15_M07_F04_KI17_17,KI17,real,inner_race,N15_M07_F04,1499.71,none,8000.0,12000.0,13.5426,normal,0.858,-1.1932081993613777,0,0.009999999999999998,0.32,0.49902448128480564,0,-0.002999999999999999
N15_M07_F04_KI17_18,KI17,real,inner_race,N15_M07_F04,1499.54,none,12000.0,14000.0,6.6341,normal,0.8,-1.0337810387548951,0,0.016000000000000004,0.37,0.3240028139318708,0,0.011
N15_M07_F04_KI17_19,KI17,real,inner_race,N15_M07_F04,1501.4,none,12000.0,14000.0,5.4648,normal,0.326,0.7476007805485684,0,0.0,0.716,-0.38106470797060776,0,0.009000000000000001
N15_M07_F04_KI17_2,KI17,real,inner_race,N15_M07_F04,1499.49,none,8000.0,10666.7,37.5907,normal,0.208,0.6955066754188372,0,0.013000000000000001,0.136,0.8153508894224322,0,0.016999999999999998
N15_M07_F04_KI17_20,KI17,real,inner_race,N15_M07_F04,1499.9,none,8000.0,12000.0,23.233,normal,0.912,-0.6784107747638639,0,0.016000000000000004,0.99,-2.145456047474762,0,0.004
N15_M07_F04_KI17_3,KI17,real,inner_race,N15_M07_F04,1499.82,none,8000.0,12000.0,18.5671,normal,0.186,1.0569460423601211,0,-0.015,0.02,1.602255945430921,0,0.0
N15_M07_F04_KI17_4,KI17,real,inner_race,N15_M07_F04,1499.57,none,8000.0,12000.0,124.5525,normal,0.158,0.9480426761882751,0,-0.016,0.45,0.14165142727449762,0,-0.002999999999999999
N15_M07_F04_KI17_5,KI17,real,inner_race,N15_M07_F04,1499.79,none,8000.0,12000.0,17.0527,normal,0.014,2.4713138967709525,0,-0.019,0.006,3.778792009902198,0,-0.006
N15_M07_F04_KI17_6,KI17,real,inner_race,N15_M07_F04,1499.09,none,8000.0,10666.7,32.2318,normal,0.69,-0.7307896403261918,0,-0.006,0.402,0.15554216053298134,0,-0.002999999999999999
N15_M07_F04_KI17_7,KI17,real,inner_race,N15_M07_F04,1499.42,none,12000.0,14000.0,5.8517,normal,0.328,0.32225856519133866,0,-0.014,0.786,-0.6244143683220886,1,-0.009000000000000001
N15_M07_F04_KI17_8,KI17,real,inner_race,N15_M07_F04,1499.57,none,8000.0,10666.7,13.6596,normal,0.34,0.565582314983328,0,-0.018000000000000002,0.048,2.3140093538966493,0,-0.006999999999999999
N15_M07_F04_KI17_9,KI17,real,inner_race,N15_M07_F04,1499.09,none,12000.0,14000.0,5.6266,normal,0.958,-1.8088317390404904,0,-0.002999999999999999,0.578,-0.15680952188081873,1,-0.016
N15_M07_F04_KI18_1,KI18,real,inner_race,N15_M07_F04,1499.43,none,0.0,2000.0,10.1639,outer_race,0.01,4.548538827120565,2,-0.018000000000000002,0.004,3.624364552788594,23,-0.0019999999999999983
N15_M07_F04_KI18_10,KI18,real,inner_race,N15_M07_F04,1499.45,none,0.0,2000.0,10.3355,outer_race,0.002,6.890000605261809,3,-0.018000000000000002,0.002,3.2836510365306344,25,-0.0019999999999999983
N15_M07_F04_KI18_11,KI18,real,inner_race,N15_M07_F04,1499.8,none,0.0,2000.0,10.1618,outer_race,0.002,5.35730035487157,4,-0.018000000000000002,0.004,3.502511687291184,25,-0.0019999999999999983
N15_M07_F04_KI18_12,KI18,real,inner_race,N15_M07_F04,1499.5,none,0.0,2000.0,9.9783,outer_race,0.002,12.7770934110201,4,-0.018000000000000002,0.004,2.8054754261012493,22,-0.0019999999999999983
N15_M07_F04_KI18_13,KI18,real,inner_race,N15_M07_F04,1499.52,none,0.0,2000.0,9.9963,outer_race,0.012,7.969284377715181,3,-0.018000000000000002,0.004,3.019351227897755,25,-0.0019999999999999983
N15_M07_F04_KI18_14,KI18,real,inner_race,N15_M07_F04,1499.57,none,0.0,2000.0,10.0443,inner_race,0.022,4.526431741372556,1,-0.018000000000000002,0.002,3.439022935817075,24,-0.0019999999999999983
N15_M07_F04_KI18_15,KI18,real,inner_race,N15_M07_F04,1499.56,none,0.0,2000.0,10.1978,outer_race,0.014,4.6046052624482305,2,-0.018000000000000002,0.002,4.039786388373782,23,-0.0019999999999999983
N15_M07_F04_KI18_16,KI18,real,inner_race,N15_M07_F04,1499.66,none,0.0,2000.0,10.0702,outer_race,0.002,8.170452055653882,5,-0.018000000000000002,0.002,3.8922043536577715,24,-0.0019999999999999983
N15_M07_F04_KI18_17,KI18,real,inner_race,N15_M07_F04,1499.67,none,0.0,2000.0,10.0204,outer_race,0.002,11.729745491909084,4,-0.018000000000000002,0.002,3.4903509914599056,25,-0.0019999999999999983
N15_M07_F04_KI18_18,KI18,real,inner_race,N15_M07_F04,1499.4,none,0.0,2000.0,9.8608,outer_race,0.002,9.559003099933745,4,-0.018000000000000002,0.002,3.316878089318609,24,-0.0019999999999999983
N15_M07_F04_KI18_19,KI18,real,inner_race,N15_M07_F04,1499.61,none,0.0,2000.0,10.1752,outer_race,0.01,11.072732939032786,3,-0.018000000000000002,0.004,2.625147496272279,25,-0.0019999999999999983
N15_M07_F04_KI18_2,KI18,real,inner_race,N15_M07_F04,1499.41,none,0.0,2000.0,10.247,inner_race,0.026,3.8721850426830904,1,-0.018000000000000002,0.002,4.612722842202973,21,-0.0019999999999999983
N15_M07_F04_KI18_20,KI18,real,inner_race,N15_M07_F04,1499.63,none,0.0,2000.0,10.0562,outer_race,0.014,4.7274759193927265,3,-0.018000000000000002,0.004,2.7996741804659706,25,-0.002999999999999999
N15_M07_F04_KI18_3,KI18,real,inner_race,N15_M07_F04,1499.56,none,0.0,2000.0,10.0498,inner_race,0.018,5.296679115075802,1,-0.018000000000000002,0.002,4.279464901710905,23,-0.002999999999999999
N15_M07_F04_KI18_4,KI18,real,inner_race,N15_M07_F04,1499.75,none,0.0,2000.0,10.2449,outer_race,0.018,6.34374202807759,3,-0.018000000000000002,0.004,3.0251289959183194,25,-0.0019999999999999983
N15_M07_F04_KI18_5,KI18,real,inner_race,N15_M07_F04,1499.89,none,0.0,2000.0,10.1513,outer_race,0.012,5.930338247760172,4,-0.018000000000000002,0.004,2.902822222610639,25,-0.0019999999999999983
N15_M07_F04_KI18_6,KI18,real,inner_race,N15_M07_F04,1499.73,none,0.0,2000.0,10.1345,inner_race,0.026,4.1258414686850164,1,-0.019,0.002,3.281908992077131,25,-0.0019999999999999983
N15_M07_F04_KI18_7,KI18,real,inner_race,N15_M07_F04,1499.68,none,0.0,2000.0,10.1717,outer_race,0.02,4.856716685327983,3,-0.018000000000000002,0.004,2.478353299998165,25,-0.0019999999999999983
N15_M07_F04_KI18_8,KI18,real,inner_race,N15_M07_F04,1499.65,none,0.0,2000.0,9.9814,outer_race,0.002,9.944669602588858,5,-0.018000000000000002,0.01,2.4759833235587103,21,-0.0019999999999999983
N15_M07_F04_KI18_9,KI18,real,inner_race,N15_M07_F04,1499.45,none,0.0,2000.0,9.9708,outer_race,0.012,10.04224046247345,3,-0.018000000000000002,0.002,3.67275426251424,25,-0.0019999999999999983
N15_M07_F04_KI21_1,KI21,real,inner_race,N15_M07_F04,1499.6,none,12000.0,14000.0,3.6522,normal,0.776,-0.5991888374870842,0,0.006999999999999999,0.842,-0.8507823710206639,0,-0.009000000000000001
N15_M07_F04_KI21_10,KI21,real,inner_race,N15_M07_F04,1499.64,none,12000.0,14000.0,4.4801,normal,0.5,0.04144176020159553,0,-0.012,0.662,-0.48606063282038703,1,0.015000000000000003
N15_M07_F04_KI21_11,KI21,real,inner_race,N15_M07_F04,1499.66,none,10666.7,13333.3,2.7305,normal,0.828,-0.8800917725472501,0,0.016000000000000004,0.804,-0.834371036789352,0,-0.012
N15_M07_F04_KI21_12,KI21,real,inner_race,N15_M07_F04,1499.46,none,12000.0,14000.0,3.1173,normal,0.678,-0.2393232288613702,0,-0.016,0.85,-0.8508817326525383,1,0.015000000000000003
N15_M07_F04_KI21_13,KI21,real,inner_race,N15_M07_F04,1499.75,none,12000.0,14000.0,3.2703,normal,0.55,-0.034535004654227444,0,0.015000000000000003,0.406,0.200626041293514,0,0.005000000000000001
N15_M07_F04_KI21_14,KI21,real,inner_race,N15_M07_F04,1499.08,none,12000.0,14000.0,3.8592,normal,0.692,-0.5910276942011575,0,-0.0019999999999999983,0.508,-0.00426742572712842,0,0.015000000000000003
N15_M07_F04_KI21_15,KI21,real,inner_race,N15_M07_F04,1498.79,none,12000.0,14000.0,3.1386,normal,0.69,-0.456813111965192,0,0.009999999999999998,0.22,1.3740272381794476,1,-0.009000000000000001
N15_M07_F04_KI21_16,KI21,real,inner_race,N15_M07_F04,1499.47,none,12000.0,14000.0,4.0139,normal,0.73,-0.5173684418961313,0,-0.012,0.608,-0.37387103147215506,0,0.011
N15_M07_F04_KI21_17,KI21,real,inner_race,N15_M07_F04,1499.7,none,12000.0,14000.0,3.0536,normal,0.528,-0.05805743592304008,1,0.016000000000000004,0.8,-0.7303254106483373,1,0.015000000000000003
N15_M07_F04_KI21_18,KI21,real,inner_race,N15_M07_F04,1499.79,none,12000.0,14000.0,3.1839,normal,0.484,0.08168429345200176,0,-0.017,0.296,0.8614719325930523,0,0.011
N15_M07_F04_KI21_19,KI21,real,inner_race,N15_M07_F04,1499.71,none,12000.0,14000.0,4.2923,normal,0.258,1.0036795095246944,0,-0.02,0.294,0.4398970324759047,1,0.015000000000000003
N15_M07_F04_KI21_2,KI21,real,inner_race,N15_M07_F04,1499.77,none,12000.0,14000.0,3.8497,normal,0.518,-0.04931219531866088,0,-0.012,0.764,-0.6696029855062822,1,-0.018000000000000002
N15_M07_F04_KI21_20,KI21,real,inner_race,N15_M07_F04,1499.6,none,12000.0,14000.0,3.2341,normal,0.916,-1.9515129521713532,0,-0.0010000000000000009,0.49,0.028822512220335085,1,-0.01
N15_M07_F04_KI21_3,KI21,real,inner_race,N15_M07_F04,1499.65,none,12000.0,14000.0,3.1615,normal,0.412,0.1495396030711474,1,0.015000000000000003,0.898,-0.8337920914182204,0,0.008
N15_M07_F04_KI21_4,KI21,real,inner_race,N15_M07_F04,1499.64,none,12000.0,14000.0,3.682,normal,0.486,0.20551097879639899,0,-0.006999999999999999,0.736,-0.4974918770128164,0,-0.009000000000000001
N15_M07_F04_KI21_5,KI21,real,inner_race,N15_M07_F04,1499.53,none,12000.0,14000.0,4.0863,normal,0.492,0.17846274970845294,0,-0.018000000000000002,0.312,0.7977517989280904,2,-0.009000000000000001
N15_M07_F04_KI21_6,KI21,real,inner_race,N15_M07_F04,1499.54,none,12000.0,14000.0,4.1985,normal,0.456,0.2761731731899612,0,0.015000000000000003,0.844,-0.8293470905321343,0,-0.009000000000000001
N15_M07_F04_KI21_7,KI21,real,inner_race,N15_M07_F04,1499.81,none,12000.0,14000.0,3.8658,normal,0.81,-0.822965533879125,0,-0.012,0.396,0.23224487993085957,2,-0.016
N15_M07_F04_KI21_8,KI21,real,inner_race,N15_M07_F04,1499.74,none,12000.0,14000.0,3.6477,normal,0.37,0.5323651478269661,0,-0.013000000000000001,0.556,-0.23452019057245535,2,-0.004
N15_M07_F04_KI21_9,KI21,real,inner_race,N15_M07_F04,1499.72,none,12000.0,14000.0,3.3505,normal,0.67,-0.2586539780841275,1,0.016000000000000004,0.6,-0.35292900961332313,2,-0.017
N15_M07_F10_K001_1,K001,none,normal,N15_M07_F10,1499.59,none,12000.0,14000.0,3.5465,normal,0.86,-1.074062911741672,1,-0.0019999999999999983,0.74,-0.47678570087295924,0,0.005000000000000001
N15_M07_F10_K001_10,K001,none,normal,N15_M07_F10,1499.59,none,12000.0,14000.0,4.1033,normal,0.54,-0.11955755564447913,1,0.0010000000000000009,0.056,1.7243002478787677,1,0.011
N15_M07_F10_K001_11,K001,none,normal,N15_M07_F10,1499.55,none,10666.7,13333.3,3.787,normal,0.784,-0.5472077336311234,1,-0.0019999999999999983,0.03,2.8197447515784795,2,0.011
N15_M07_F10_K001_12,K001,none,normal,N15_M07_F10,1499.59,none,10666.7,13333.3,3.8874,normal,0.87,-0.6814113569516066,2,-0.0010000000000000009,0.886,-1.0061020435635823,3,0.011
N15_M07_F10_K001_13,K001,none,normal,N15_M07_F10,1499.6,none,10666.7,13333.3,4.0728,normal,0.216,0.8948885959805285,1,-0.0010000000000000009,0.572,-0.17133031481392968,2,0.011
N15_M07_F10_K001_14,K001,none,normal,N15_M07_F10,1499.55,none,10666.7,13333.3,3.664,normal,0.226,0.7402984690915543,1,0.0,0.698,-0.3392537914266799,0,-0.014
N15_M07_F10_K001_15,K001,none,normal,N15_M07_F10,1499.58,none,10666.7,13333.3,4.2187,inner_race,0.314,0.1887724212499851,1,-0.0010000000000000009,0.002,2.7451266553231766,3,0.011
N15_M07_F10_K001_16,K001,none,normal,N15_M07_F10,1499.56,none,10666.7,13333.3,3.6061,normal,0.57,-0.12138264971001031,1,-0.0010000000000000009,0.506,-0.022884833313796288,2,0.012
N15_M07_F10_K001_17,K001,none,normal,N15_M07_F10,1499.63,none,12000.0,14000.0,3.7453,normal,0.63,-0.2150882151626355,1,0.0,0.114,1.14991511158841,2,0.009999999999999998
N15_M07_F10_K001_18,K001,none,normal,N15_M07_F10,1499.61,none,10666.7,13333.3,4.2018,normal,0.142,1.308732086069207,1,-0.0010000000000000009,0.346,0.4063841609516031,3,0.011
N15_M07_F10_K001_19,K001,none,normal,N15_M07_F10,1499.62,none,12000.0,14000.0,3.6981,normal,0.252,0.6687705873052486,1,0.0,0.378,0.34237269031313533,0,-0.006999999999999999
N15_M07_F10_K001_2,K001,none,normal,N15_M07_F10,1499.61,none,12000.0,14000.0,3.6868,normal,0.318,0.23698337080226625,1,-0.0010000000000000009,0.164,0.9933454758158411,3,0.009999999999999998
N15_M07_F10_K001_20,K001,none,normal,N15_M07_F10,1499.61,none,10666.7,13333.3,3.3026,normal,0.602,-0.04833998007472901,1,-0.017,0.048,1.928606591871049,4,0.009999999999999998
N15_M07_F10_K001_3,K001,none,normal,N15_M07_F10,1499.63,none,10666.7,13333.3,4.3688,inner_race,0.25,0.5559793428525084,1,-0.0010000000000000009,0.01,1.9672651599931634,3,0.009999999999999998
N15_M07_F10_K001_4,K001,none,normal,N15_M07_F10,1499.62,none,12000.0,14000.0,3.5677,normal,0.79,-0.8026400233746768,1,-0.0010000000000000009,0.188,0.9245393054710186,3,0.011
N15_M07_F10_K001_5,K001,none,normal,N15_M07_F10,1499.62,none,10666.7,13333.3,3.6945,normal,0.636,-0.3035657040455231,1,-0.0010000000000000009,0.46,0.09748462870227954,3,0.011
N15_M07_F10_K001_6,K001,none,normal,N15_M07_F10,1499.63,none,10666.7,13333.3,3.7368,inner_race,0.756,-0.6479326143371265,0,-0.019,0.012,2.1806889944747287,2,0.009999999999999998
N15_M07_F10_K001_7,K001,none,normal,N15_M07_F10,1499.56,none,10666.7,13333.3,3.6715,normal,0.452,0.25058333266414323,1,0.0,0.058,1.6185510438822037,2,0.011
N15_M07_F10_K001_8,K001,none,normal,N15_M07_F10,1499.56,none,10666.7,13333.3,3.7568,normal,0.67,-0.6360277819217792,1,0.0,0.106,0.9725472793966191,3,0.012
N15_M07_F10_K001_9,K001,none,normal,N15_M07_F10,1499.62,none,10666.7,13333.3,3.4988,normal,0.568,-0.02144752930068834,1,0.0,0.036,1.756281863051903,2,0.009999999999999998
N15_M07_F10_K002_1,K002,none,normal,N15_M07_F10,1499.67,none,10666.7,13333.3,8.4611,normal,0.342,0.3919866936661863,1,0.016999999999999998,0.686,-0.3952558725896885,2,0.013000000000000001
N15_M07_F10_K002_10,K002,none,normal,N15_M07_F10,1499.31,none,10666.7,13333.3,7.1675,normal,0.568,-0.2179149933535536,1,-0.0010000000000000009,0.59,-0.27644613130912704,2,0.0
N15_M07_F10_K002_11,K002,none,normal,N15_M07_F10,1499.5,none,10666.7,13333.3,8.0006,normal,0.736,-0.6514434105866332,1,-0.0010000000000000009,0.424,0.23708731188805848,1,0.006999999999999999
N15_M07_F10_K002_12,K002,none,normal,N15_M07_F10,1499.2,none,10666.7,13333.3,6.8441,normal,0.61,-0.3322589038370534,1,0.016000000000000004,0.236,1.008348045803387,2,-0.015
N15_M07_F10_K002_13,K002,none,normal,N15_M07_F10,1500.1,none,10666.7,13333.3,7.9205,normal,0.408,0.3430002793409878,1,0.016000000000000004,0.702,-0.4253733348509346,1,-0.0010000000000000009
N15_M07_F10_K002_14,K002,none,normal,N15_M07_F10,1499.4,none,10666.7,13333.3,11.3418,normal,0.486,0.07838053058764768,1,0.0,0.34,0.2809109437327925,2,0.012
N15_M07_F10_K002_15,K002,none,normal,N15_M07_F10,1499.93,none,12000.0,14000.0,11.7808,normal,0.458,0.3146322072998731,2,0.0,0.436,0.23368337011932447,3,0.012
N15_M07_F10_K002_16,K002,none,normal,N15_M07_F10,1499.55,none,12000.0,14000.0,10.1381,normal,0.518,-0.009264932632650233,0,0.016000000000000004,0.526,-0.05261089249888566,1,0.008
N15_M07_F10_K002_17,K002,none,normal,N15_M07_F10,1499.64,none,10666.7,13333.3,10.6118,normal,0.746,-0.9814203236228055,1,0.016999999999999998,0.666,-0.2807697020995769,1,-0.014
N15_M07_F10_K002_18,K002,none,normal,N15_M07_F10,1499.83,none,10666.7,13333.3,11.5897,normal,0.734,-0.7416499840712593,1,0.0,0.406,0.2474796993960986,1,-0.009000000000000001
N15_M07_F10_K002_19,K002,none,normal,N15_M07_F10,1499.43,none,12000.0,14000.0,8.6809,normal,0.702,-0.6341992753562442,1,0.0010000000000000009,0.144,2.360253444595985,1,-0.014
N15_M07_F10_K002_2,K002,none,normal,N15_M07_F10,1499.65,none,10666.7,13333.3,9.5685,normal,0.828,-0.6259961046786875,2,0.0,0.564,-0.19144357107170087,3,0.011
N15_M07_F10_K002_20,K002,none,normal,N15_M07_F10,1499.87,none,10666.7,13333.3,7.7583,normal,0.934,-0.9899715025005301,1,-0.0010000000000000009,0.108,1.9707300972871553,2,0.012
N15_M07_F10_K002_3,K002,none,normal,N15_M07_F10,1499.6,none,10666.7,13333.3,8.3943,normal,0.72,-0.4173392809934388,1,0.0,0.354,0.5391281516337502,2,0.0
N15_M07_F10_K002_4,K002,none,normal,N15_M07_F10,1499.63,none,10666.7,13333.3,9.0266,normal,0.55,-0.12874640695213424,2,-0.0010000000000000009,0.85,-0.8383043473477466,0,-0.009000000000000001
N15_M07_F10_K002_5,K002,none,normal,N15_M07_F10,1499.84,none,10666.7,13333.3,14.923,normal,0.756,-0.9983725511312441,2,0.0,0.22,1.0996748253574138,2,0.012
N15_M07_F10_K002_6,K002,none,normal,N15_M07_F10,1499.85,none,12000.0,14000.0,8.7961,normal,0.338,0.2515146944018256,2,-0.0010000000000000009,0.186,1.033008792243379,2,-0.014
N15_M07_F10_K002_7,K002,none,normal,N15_M07_F10,1499.83,none,10666.7,13333.3,8.4933,normal,0.604,-0.5785105065590663,1,-0.0010000000000000009,0.1,2.348080937814115,1,-0.0010000000000000009
N15_M07_F10_K002_8,K002,none,normal,N15_M07_F10,1499.55,none,12000.0,14000.0,8.4344,normal,0.48,0.22754563918059842,1,-0.0010000000000000009,0.636,-0.2703618066657828,0,0.016999999999999998
N15_M07_F10_K002_9,K002,none,normal,N15_M07_F10,1499.63,none,10666.7,13333.3,7.5266,normal,0.922,-0.9140652446344776,1,0.0010000000000000009,0.432,0.15001404705918644,1,0.015000000000000003
N15_M07_F10_K003_1,K003,none,normal,N15_M07_F10,1499.61,none,10666.7,13333.3,3.8009,normal,0.338,0.560956879277447,2,0.0,0.092,1.3781094546162824,3,0.011
N15_M07_F10_K003_10,K003,none,normal,N15_M07_F10,1499.56,none,10666.7,13333.3,3.9876,normal,0.37,0.5011846610146267,1,-0.0010000000000000009,0.098,1.3194688648528732,2,0.011
N15_M07_F10_K003_11,K003,none,normal,N15_M07_F10,1499.58,none,8000.0,12000.0,3.434,inner_race,0.746,-0.6734974283861264,1,-0.018000000000000002,0.006,2.5216588511631395,4,0.009999999999999998
N15_M07_F10_K003_12,K003,none,normal,N15_M07_F10,1499.55,none,8000.0,12000.0,3.2255,normal,0.458,0.15416839925567496,1,0.0,0.016,2.1478073654156895,1,0.011
N15_M07_F10_K003_13,K003,none,normal,N15_M07_F10,1499.6,none,10666.7,13333.3,3.8117,normal,0.18,1.2528792052671778,1,-0.0010000000000000009,0.992,-2.0066671130779703,1,0.015000000000000003
N15_M07_F10_K003_14,K003,none,normal,N15_M07_F10,1499.58,none,8000.0,12000.0,3.7103,normal,0.422,0.30562648140421106,2,0.0,0.144,2.253927235120208,3,0.009999999999999998
N15_M07_F10_K003_15,K003,none,normal,N15_M07_F10,1499.6,none,8000.0,10000.0,3.9773,normal,0.142,1.6949827105348536,1,0.0,0.042,1.7769544575873006,2,0.011
N15_M07_F10_K003_16,K003,none,normal,N15_M07_F10,1499.58,none,10666.7,13333.3,3.5613,normal,0.408,0.2981363370355108,1,0.0,0.366,0.4060214143659267,2,0.009999999999999998
N15_M07_F10_K003_17,K003,none,normal,N15_M07_F10,1499.58,none,8000.0,12000.0,3.336,normal,0.53,-0.019918127904634216,0,-0.017,0.158,1.1953549434060733,3,0.012
N15_M07_F10_K003_18,K003,none,normal,N15_M07_F10,1499.53,none,8000.0,12000.0,3.6814,normal,0.256,1.4642667070229207,1,-0.0010000000000000009,0.326,0.4032116959845625,2,0.015000000000000003
N15_M07_F10_K003_19,K003,none,normal,N15_M07_F10,1499.58,none,10666.7,13333.3,3.7789,normal,0.782,-1.4249306689704175,1,0.0019999999999999983,0.798,-0.8744048701487005,2,0.009999999999999998
N15_M07_F10_K003_2,K003,none,normal,N15_M07_F10,1499.56,none,10000.0,12000.0,3.9911,inner_race,0.2,0.9894112535941381,2,-0.0010000000000000009,0.014,1.567898557325987,3,0.012
N15_M07_F10_K003_20,K003,none,normal,N15_M07_F10,1499.54,none,8000.0,10666.7,3.8268,inner_race,0.366,0.28541904401791973,1,-0.0010000000000000009,0.008,3.947653560416912,3,0.011
N15_M07_F10_K003_3,K003,none,normal,N15_M07_F10,1499.59,none,10666.7,13333.3,4.5161,normal,0.56,-0.04461840377952688,0,0.016999999999999998,0.458,0.20376588795732456,3,0.009999999999999998
N15_M07_F10_K003_4,K003,none,normal,N15_M07_F10,1499.58,none,10000.0,12000.0,3.6854,normal,0.246,0.12416508614067656,1,-0.0010000000000000009,0.488,0.10180756683701687,2,0.011
N15_M07_F10_K003_5,K003,none,normal,N15_M07_F10,1499.57,none,10666.7,13333.3,3.9102,normal,0.176,1.1100169064425809,2,-0.0010000000000000009,0.042,1.861082868451601,3,0.011
N15_M07_F10_K003_6,K003,none,normal,N15_M07_F10,1499.56,none,8000.0,12000.0,3.522,normal,0.576,-0.13254710284177296,1,0.0019999999999999983,0.24,0.5549617548735042,2,0.012
N15_M07_F10_K003_7,K003,none,normal,N15_M07_F10,1499.63,none,8000.0,12000.0,3.9059,normal,0.83,-0.6034670075908934,1,-0.0010000000000000009,0.062,1.3670345942067126,2,0.009999999999999998
N15_M07_F10_K003_8,K003,none,normal,N15_M07_F10,1499.62,none,12000.0,14000.0,3.3308,normal,0.678,-0.31307211585343536,0,0.013000000000000001,0.16,1.0063347085647327,1,0.009999999999999998
N15_M07_F10_K003_9,K003,none,normal,N15_M07_F10,1499.62,none,10666.7,13333.3,3.6061,inner_race,0.39,0.2238848203086745,1,-0.017,0.008,2.8845096652505555,3,0.011
N15_M07_F10_K004_1,K004,none,normal,N15_M07_F10,1500.95,none,12000.0,14000.0,3.3626,normal,0.462,0.2703795785461805,0,-0.0010000000000000009,0.248,0.7475099795943521,2,0.011
N15_M07_F10_K004_10,K004,none,normal,N15_M07_F10,1499.56,none,12000.0,14000.0,3.0536,normal,0.232,0.6588510895241863,1,-0.0019999999999999983,0.736,-0.6535066725436227,3,0.011
N15_M07_F10_K004_11,K004,none,normal,N15_M07_F10,1499.54,none,12000.0,14000.0,2.9257,normal,0.512,-0.1849784812724434,0,-0.0019999999999999983,0.806,-0.7024603455796282,2,-0.009000000000000001
N15_M07_F10_K004_12,K004,none,normal,N15_M07_F10,1499.55,none,10666.7,13333.3,2.8554,normal,0.168,1.6636351107214953,0,0.016000000000000004,0.474,0.07371674275332551,2,0.009000000000000001
N15_M07_F10_K004_13,K004,none,normal,N15_M07_F10,1499.63,none,12000.0,14000.0,3.0167,normal,0.258,0.8399430655292359,0,0.015000000000000003,0.27,0.6405994804246784,2,0.011
N15_M07_F10_K004_14,K004,none,normal,N15_M07_F10,1499.61,none,12000.0,14000.0,3.3667,normal,0.342,0.651750349569991,0,-0.0010000000000000009,0.08,1.3010688938041142,2,0.011
N15_M07_F10_K004_15,K004,none,normal,N15_M07_F10,1499.63,none,10666.7,13333.3,3.1905,normal,0.37,0.12854925747616572,1,-0.019,0.076,1.3188288750748662,3,0.009999999999999998
N15_M07_F10_K004_16,K004,none,normal,N15_M07_F10,1499.56,none,12000.0,14000.0,2.8307,normal,0.314,0.6062650024854978,0,-0.0019999999999999983,0.344,0.39933986906433283,1,0.011
N15_M07_F10_K004_17,K004,none,normal,N15_M07_F10,1499.59,none,12000.0,14000.0,2.6947,normal,0.308,0.39978305995536983,0,-0.0019999999999999983,0.534,-0.09132481890090778,1,-0.01
N15_M07_F10_K004_18,K004,none,normal,N15_M07_F10,1499.63,none,12000.0,14000.0,3.5997,normal,0.194,1.0446563307298,0,0.0,0.472,0.16398656742321532,2,0.009999999999999998
N15_M07_F10_K004_19,K004,none,normal,N15_M07_F10,1499.62,none,10666.7,13333.3,2.8166,normal,0.356,0.6028418730581105,0,0.016000000000000004,0.572,-0.1458077140048411,2,-0.01
N15_M07_F10_K004_2,K004,none,normal,N15_M07_F10,1499.58,none,12000.0,14000.0,3.1248,normal,0.294,1.025288275550895,0,0.0,0.682,-0.3380954890980764,1,0.012
N15_M07_F10_K004_20,K004,none,normal,N15_M07_F10,1499.57,none,12000.0,14000.0,2.7076,normal,0.39,0.30860056293723404,0,0.015000000000000003,0.808,-0.8303376817536119,1,-0.01
N15_M07_F10_K004_3,K004,none,normal,N15_M07_F10,1499.55,none,12000.0,14000.0,2.8294,normal,0.492,0.03510325040227886,0,-0.018000000000000002,0.728,-0.522167765067983,1,0.011
N15_M07_F10_K004_4,K004,none,normal,N15_M07_F10,1499.63,none,12000.0,14000.0,2.5624,normal,0.224,0.6800435283512891,0,-0.0019999999999999983,0.402,0.34499457914544335,1,0.012
N15_M07_F10_K004_5,K004,none,normal,N15_M07_F10,1499.58,none,12000.0,14000.0,3.0649,normal,0.408,0.5573340363714426,0,-0.017,0.002,2.574555716243489,1,0.011
N15_M07_F10_K004_6,K004,none,normal,N15_M07_F10,1499.53,none,12000.0,14000.0,2.9441,normal,0.334,0.4375870998837853,0,-0.018000000000000002,0.27,0.6394607289506193,1,0.011
N15_M07_F10_K004_7,K004,none,normal,N15_M07_F10,1499.63,none,12000.0,14000.0,3.2916,normal,0.25,0.4683819130450764,0,-0.0010000000000000009,0.954,-1.9439049171861233,2,0.011
N15_M07_F10_K004_8,K004,none,normal,N15_M07_F10,1499.56,none,12000.0,14000.0,2.8862,normal,0.708,-0.5050469924308539,0,0.0,0.824,-0.8315936383116109,2,0.011
N15_M07_F10_K004_9,K004,none,normal,N15_M07_F10,1499.52,none,12000.0,14000.0,3.1661,normal,0.24,1.7367149775509851,1,0.0,0.714,-0.3997220791246232,2,0.011
N15_M07_F10_K005_1,K005,none,normal,N15_M07_F10,1499.62,none,12000.0,14000.0,2.9439,normal,0.564,-0.15292798599668425,0,0.013000000000000001,0.426,0.34238083568965183,0,-0.015
N15_M07_F10_K005_10,K005,none,normal,N15_M07_F10,1499.63,none,10666.7,13333.3,3.2466,normal,0.172,0.8869306141985008,1,-0.0010000000000000009,0.422,0.2409115360137561,1,0.011
N15_M07_F10_K005_11,K005,none,normal,N15_M07_F10,1499.57,none,10666.7,13333.3,2.8667,normal,0.298,1.32846055474017,1,0.0,0.728,-0.5366143446226881,2,-0.009000000000000001
N15_M07_F10_K005_12,K005,none,normal,N15_M07_F10,1499.65,none,10666.7,13333.3,3.2816,normal,0.298,0.7597058779871536,1,0.0,0.792,-0.68752295172955,2,0.009999999999999998
N15_M07_F10_K005_13,K005,none,normal,N15_M07_F10,1499.55,none,10666.7,13333.3,3.1898,normal,0.33,0.8192282560723596,0,-0.0010000000000000009,0.516,-0.05996218374837011,2,0.009999999999999998
N15_M07_F10_K005_14,K005,none,normal,N15_M07_F10,1499.65,none,12000.0,14000.0,3.1424,normal,0.43,0.10116016275046533,0,-0.0010000000000000009,0.26,0.8033207818204996,1,0.009999999999999998
N15_M07_F10_K005_15,K005,none,normal,N15_M07_F10,1499.59,none,12000.0,14000.0,2.9694,normal,0.332,0.955562413122402,0,-0.0010000000000000009,0.496,0.02013480100057094,1,0.012
N15_M07_F10_K005_16,K005,none,normal,N15_M07_F10,1499.53,none,10666.7,13333.3,2.9642,normal,0.18,1.6387913373038332,1,0.0,0.474,0.12652774793124064,1,0.012
N15_M07_F10_K005_17,K005,none,normal,N15_M07_F10,1499.58,none,10666.7,13333.3,2.9171,normal,0.492,0.13044147350667362,1,-0.0010000000000000009,0.356,0.5451045103335265,1,0.016000000000000004
N15_M07_F10_K005_18,K005,none,normal,N15_M07_F10,1499.62,none,10666.7,13333.3,3.279,normal,0.552,-0.05179383108681593,1,0.0,0.426,0.28359661705911343,1,0.011
N15_M07_F10_K005_19,K005,none,normal,N15_M07_F10,1499.54,none,10666.7,13333.3,3.0219,normal,0.256,1.2921889240661941,0,0.0,0.786,-0.9568801912177434,2,0.015000000000000003
N15_M07_F10_K005_2,K005,none,normal,N15_M07_F10,1499.63,none,10666.7,13333.3,3.0505,normal,0.442,0.05355122476292166,1,0.0,0.224,0.9934331780652109,2,0.012
N15_M07_F10_K005_20,K005,none,normal,N15_M07_F10,1499.57,none,10666.7,13333.3,3.4688,normal,0.23,1.1170190357243461,1,-0.0019999999999999983,0.822,-0.6914816762178273,2,-0.009000000000000001
N15_M07_F10_K005_3,K005,none,normal,N15_M07_F10,1499.61,none,12000.0,14000.0,3.187,normal,0.292,0.4596515706412295,1,-0.0010000000000000009,0.926,-1.2497714728697316,1,0.015000000000000003
N15_M07_F10_K005_4,K005,none,normal,N15_M07_F10,1499.62,none,10666.7,13333.3,2.6737,normal,0.282,1.1275161887835223,1,0.0,0.9,-0.7603264573985687,1,-0.016
N15_M07_F10_K005_5,K005,none,normal,N15_M07_F10,1499.57,none,10666.7,13333.3,3.2687,normal,0.53,-0.07343616216761144,1,-0.0010000000000000009,0.598,-0.31649866772698665,1,-0.0019999999999999983
N15_M07_F10_K005_6,K005,none,normal,N15_M07_F10,1499.6,none,10666.7,13333.3,2.9477,normal,0.714,-0.5667661887373097,1,0.0,0.276,1.1063295093880303,1,0.009999999999999998
N15_M07_F10_K005_7,K005,none,normal,N15_M07_F10,1499.63,none,10666.7,13333.3,3.6208,normal,0.44,0.14870830391536605,0,-0.017,0.334,0.4297535305015455,2,0.011
N15_M07_F10_K005_8,K005,none,normal,N15_M07_F10,1499.59,none,10666.7,13333.3,2.8535,normal,0.476,0.02361403666875039,0,0.0019999999999999983,0.332,0.45682708423351054,1,0.009999999999999998
N15_M07_F10_K005_9,K005,none,normal,N15_M07_F10,1499.59,none,10666.7,13333.3,3.1302,normal,0.366,0.5948798477607641,0,-0.017,0.252,0.726403941884776,1,-0.009000000000000001
N15_M07_F10_K006_1,K006,none,normal,N15_M07_F10,1499.54,none,10666.7,13333.3,3.5538,normal,0.84,-0.6848347923744044,0,-0.0019999999999999983,0.042,2.1458524669568417,3,0.009999999999999998
N15_M07_F10_K006_10,K006,none,normal,N15_M07_F10,1499.59,none,12000.0,14000.0,3.2756,normal,0.442,0.3674678570930629,0,0.0019999999999999983,0.086,2.093619116253635,1,0.011
N15_M07_F10_K006_11,K006,none,normal,N15_M07_F10,1499.57,none,10666.7,13333.3,4.274,normal,0.18,1.2840366515420005,2,0.0,0.248,0.7250029627916379,3,0.009999999999999998
N15_M07_F10_K006_12,K006,none,normal,N15_M07_F10,1499.58,none,10666.7,13333.3,3.9762,normal,0.198,1.8299149841584317,0,-0.0019999999999999983,0.184,1.2408926697913505,3,0.011
N15_M07_F10_K006_13,K006,none,normal,N15_M07_F10,1499.63,none,10666.7,13333.3,3.564,normal,0.448,0.18994523717684095,0,0.0,0.692,-0.5075909533862312,3,0.009999999999999998
N15_M07_F10_K006_14,K006,none,normal,N15_M07_F10,1499.58,none,10666.7,13333.3,3.5513,normal,0.25,0.597483011102077,1,0.015000000000000003,0.406,0.35470839553316924,1,-0.016
N15_M07_F10_K006_15,K006,none,normal,N15_M07_F10,1499.58,none,12000.0,14000.0,4.0911,normal,0.404,0.3563660742235466,0,-0.0019999999999999983,0.518,-0.08744798683534273,2,0.011
N15_M07_F10_K006_16,K006,none,normal,N15_M07_F10,1499.59,none,10666.7,13333.3,3.4824,normal,0.142,1.6971093231623116,0,0.0,0.192,1.280893302602225,0,0.016000000000000004
N15_M07_F10_K006_17,K006,none,normal,N15_M07_F10,1499.61,none,10666.7,13333.3,3.6223,normal,0.248,0.4041598761857524,1,-0.0010000000000000009,0.242,0.735085354835412,3,0.011
N15_M07_F10_K006_18,K006,none,normal,N15_M07_F10,1499.62,none,12000.0,14000.0,3.7017,normal,0.19,1.200564378658535,1,-0.0019999999999999983,0.458,0.07353220275994692,2,0.011
N15_M07_F10_K006_19,K006,none,normal,N15_M07_F10,1499.53,none,12000.0,14000.0,3.8435,normal,0.244,0.7121760467648178,0,-0.004,0.186,0.8672578261719863,1,0.012
N15_M07_F10_K006_2,K006,none,normal,N15_M07_F10,1499.56,none,10000.0,12000.0,3.1415,normal,0.212,2.394706804851659,1,-0.0019999999999999983,0.244,1.365603286784889,2,0.009999999999999998
N15_M07_F10_K006_20,K006,none,normal,N15_M07_F10,1499.57,none,10666.7,13333.3,3.5266,normal,0.324,0.412920254271335,0,0.0,0.052,1.8468288612840869,3,0.009999999999999998
N15_M07_F10_K006_3,K006,none,normal,N15_M07_F10,1499.59,none,10666.7,13333.3,3.6311,normal,0.358,0.52077859310586,0,-0.0019999999999999983,0.384,0.193867925538971,2,0.011
N15_M07_F10_K006_4,K006,none,normal,N15_M07_F10,1499.54,none,10666.7,13333.3,3.4648,normal,0.246,0.8021130283075785,0,-0.0019999999999999983,0.126,1.172551278288441,3,0.011
N15_M07_F10_K006_5,K006,none,normal,N15_M07_F10,1499.51,none,12000.0,14000.0,3.8456,normal,0.846,-0.7454088813370414,0,0.0010000000000000009,0.244,0.823687425615015,2,0.011
N15_M07_F10_K006_6,K006,none,normal,N15_M07_F10,1499.64,none,10666.7,13333.3,3.4283,normal,0.532,-0.020947475526079385,1,-0.018000000000000002,0.108,1.8432730059985858,3,0.009999999999999998
N15_M07_F10_K006_7,K006,none,normal,N15_M07_F10,1499.61,none,10666.7,13333.3,3.4064,normal,0.264,2.8488565324292447,0,0.0,0.392,0.474438598767278,2,0.009999999999999998
N15_M07_F10_K006_8,K006,none,normal,N15_M07_F10,1499.61,none,10666.7,13333.3,3.1116,normal,0.3,1.1065145242849892,0,-0.0010000000000000009,0.216,0.8498122532718587,3,0.009999999999999998
N15_M07_F10_K006_9,K006,none,normal,N15_M07_F10,1499.61,none,10666.7,13333.3,3.6771,normal,0.486,0.023683076854976566,0,0.015000000000000003,0.23,0.930473941915083,1,0.011
N15_M07_F10_KA01_1,KA01,artificial,outer_race,N15_M07_F10,1499.6,none,8000.0,10666.7,8.8102,outer_race,0.004,8.294331752263467,5,0.0019999999999999983,0.732,-0.6128160376297842,4,-0.02
N15_M07_F10_KA01_10,KA01,artificial,outer_race,N15_M07_F10,1499.89,none,2666.7,5333.3,8.748,outer_race,0.002,5.756038089366665,5,-0.0010000000000000009,0.472,0.057552179203706914,2,0.009000000000000001
N15_M07_F10_KA01_11,KA01,artificial,outer_race,N15_M07_F10,1499.54,none,2666.7,5333.3,8.7028,outer_race,0.002,6.285380311815075,5,0.0010000000000000009,0.752,-0.48883500837701505,1,0.011
N15_M07_F10_KA01_12,KA01,artificial,outer_race,N15_M07_F10,1499.71,none,2666.7,5333.3,8.793,outer_race,0.002,7.314477884514428,5,0.0,0.584,-0.2725063446345482,1,0.009999999999999998
N15_M07_F10_KA01_13,KA01,artificial,outer_race,N15_M07_F10,1499.48,none,2666.7,5333.3,8.5517,outer_race,0.002,6.301786135545668,5,0.0019999999999999983,0.662,-0.4142542510112771,2,-0.009000000000000001
N15_M07_F10_KA01_14,KA01,artificial,outer_race,N15_M07_F10,1499.48,none,2666.7,5333.3,8.5252,outer_race,0.002,6.374678545329494,5,0.0010000000000000009,0.352,0.6738481617682048,2,0.011
N15_M07_F10_KA01_15,KA01,artificial,outer_race,N15_M07_F10,1499.47,none,8000.0,10666.7,8.7414,outer_race,0.004,8.342452573844547,5,0.0019999999999999983,0.77,-0.7045614391949792,2,-0.008
N15_M07_F10_KA01_16,KA01,artificial,outer_race,N15_M07_F10,1499.43,none,2666.7,5333.3,8.4695,outer_race,0.002,7.022586504752778,5,0.0,0.564,-0.1690243730530572,1,0.013000000000000001
N15_M07_F10_KA01_17,KA01,artificial,outer_race,N15_M07_F10,1499.87,none,2666.7,5333.3,8.685,outer_race,0.002,5.246045517237653,5,0.0010000000000000009,0.536,-0.11567083461352824,2,0.009000000000000001
N15_M07_F10_KA01_18,KA01,artificial,outer_race,N15_M07_F10,1499.47,none,2666.7,5333.3,8.7627,outer_race,0.002,6.000930976504968,5,0.0,0.636,-0.389003416643681,2,0.008
N15_M07_F10_KA01_19,KA01,artificial,outer_race,N15_M07_F10,1499.55,none,2666.7,5333.3,8.675,outer_race,0.002,4.27166001477106,5,0.0019999999999999983,0.606,-0.2025892042332977,1,0.013000000000000001
N15_M07_F10_KA01_2,KA01,artificial,outer_race,N15_M07_F10,1499.9,none,2666.7,5333.3,8.807,outer_race,0.002,7.0392634452705005,5,-0.0010000000000000009,0.826,-0.6141579533187672,3,0.011
N15_M07_F10_KA01_20,KA01,artificial,outer_race,N15_M07_F10,1499.63,none,2666.7,5333.3,8.6191,outer_race,0.002,5.554384052562217,5,0.0,0.52,-0.02797987692774774,1,0.011
N15_M07_F10_KA01_3,KA01,artificial,outer_race,N15_M07_F10,1499.62,none,2666.7,5333.3,8.6054,outer_race,0.002,6.480504192049093,5,0.0,0.446,0.14514616378162337,1,0.011
N15_M07_F10_KA01_4,KA01,artificial,outer_race,N15_M07_F10,1499.37,none,2666.7,5333.3,8.6843,outer_race,0.002,8.759843414959924,5,0.0,0.678,-0.5416676648349684,2,0.009999999999999998
N15_M07_F10_KA01_5,KA01,artificial,outer_race,N15_M07_F10,1499.45,none,2666.7,5333.3,8.7381,outer_race,0.002,8.063412236688874,5,0.0010000000000000009,0.762,-0.4826715677686913,0,0.009999999999999998
N15_M07_F10_KA01_6,KA01,artificial,outer_race,N15_M07_F10,1499.78,none,2666.7,5333.3,8.7029,outer_race,0.002,6.735942818437435,5,0.0,0.516,-0.07792521247943636,1,0.011
N15_M07_F10_KA01_7,KA01,artificial,outer_race,N15_M07_F10,1499.46,none,2666.7,5333.3,8.6975,outer_race,0.002,5.066369901380302,5,0.0010000000000000009,0.536,-0.15711356664174533,1,0.013000000000000001
N15_M07_F10_KA01_8,KA01,artificial,outer_race,N15_M07_F10,1499.52,none,2666.7,5333.3,8.6811,outer_race,0.002,7.2388718781594195,5,0.0010000000000000009,0.568,-0.09150271404297078,1,0.009000000000000001
N15_M07_F10_KA01_9,KA01,artificial,outer_race,N15_M07_F10,1499.44,none,2666.7,5333.3,8.6751,outer_race,0.002,6.078191817961786,5,-0.0010000000000000009,0.508,-0.0738802616871827,1,0.011
N15_M07_F10_KA03_1,KA03,artificial,outer_race,N15_M07_F10,1499.63,none,12000.0,14000.0,2.1605,normal,0.264,0.9625758668875106,0,-0.0010000000000000009,0.94,-1.6335594846925159,0,0.008
N15_M07_F10_KA03_10,KA03,artificial,outer_race,N15_M07_F10,1499.5,none,12000.0,14000.0,2.0845,normal,0.464,0.04509993582489239,0,0.004,0.898,-0.9090451505210912,0,0.02
N15_M07_F10_KA03_11,KA03,artificial,outer_race,N15_M07_F10,1499.61,none,12000.0,14000.0,1.6899,normal,0.686,-0.3962391317046233,0,0.004,0.234,1.0888767169908382,0,0.006000000000000002
N15_M07_F10_KA03_12,KA03,artificial,outer_race,N15_M07_F10,1499.61,none,12000.0,14000.0,2.0852,normal,0.238,0.734137192692525,0,0.0010000000000000009,0.838,-0.8036730736750584,1,-0.009000000000000001
N15_M07_F10_KA03_13,KA03,artificial,outer_race,N15_M07_F10,1499.66,none,12000.0,14000.0,2.027,normal,0.362,0.7407848798201687,0,0.0010000000000000009,0.726,-0.6593624272928695,1,-0.016
N15_M07_F10_KA03_14,KA03,artificial,outer_race,N15_M07_F10,1499.68,none,12000.0,14000.0,2.0038,normal,0.762,-0.8304230696108343,0,0.006000000000000002,0.99,-1.5418155623949206,0,-0.0010000000000000009
N15_M07_F10_KA03_15,KA03,artificial,outer_race,N15_M07_F10,1499.55,none,12000.0,14000.0,2.1175,normal,0.678,-0.21229559758249242,0,0.006000000000000002,0.458,0.0736471113171208,1,-0.015
N15_M07_F10_KA03_16,KA03,artificial,outer_race,N15_M07_F10,1499.48,none,12000.0,14000.0,2.2649,normal,0.478,0.11629256281633381,0,-0.018000000000000002,0.42,0.3759335924368772,0,0.009000000000000001
N15_M07_F10_KA03_17,KA03,artificial,outer_race,N15_M07_F10,1499.46,none,12000.0,14000.0,2.1626,normal,0.626,-0.2580701907512564,0,0.0,0.632,-0.3545023458347643,1,-0.01
N15_M07_F10_KA03_18,KA03,artificial,outer_race,N15_M07_F10,1499.66,none,12000.0,14000.0,2.268,normal,0.856,-0.7588353992153531,0,-0.019,0.966,-0.9492038781871495,0,0.012
N15_M07_F10_KA03_19,KA03,artificial,outer_race,N15_M07_F10,1499.64,none,12000.0,14000.0,1.9467,normal,0.356,0.3211993047273349,0,0.014000000000000002,0.64,-0.394022393538545,1,0.015000000000000003
N15_M07_F10_KA03_2,KA03,artificial,outer_race,N15_M07_F10,1499.58,none,12000.0,14000.0,2.2449,normal,0.344,0.34776702214371674,0,0.0019999999999999983,0.892,-1.2356045294838647,0,0.012
N15_M07_F10_KA03_20,KA03,artificial,outer_race,N15_M07_F10,1499.56,none,12000.0,14000.0,2.4563,normal,0.53,-0.0629635121797628,0,0.006000000000000002,0.692,-0.42290144867808027,0,-0.008
N15_M07_F10_KA03_3,KA03,artificial,outer_race,N15_M07_F10,1499.63,none,12000.0,14000.0,2.216,normal,0.36,0.605313181564794,1,0.015000000000000003,0.702,-0.4585018997738207,1,-0.009000000000000001
N15_M07_F10_KA03_4,KA03,artificial,outer_race,N15_M07_F10,1499.63,none,12000.0,14000.0,2.125,normal,0.718,-0.5089511605027489,0,0.005000000000000001,0.324,0.47021643772522265,1,-0.016
N15_M07_F10_KA03_5,KA03,artificial,outer_race,N15_M07_F10,1499.72,none,12000.0,14000.0,1.8865,normal,0.42,0.22303327713061538,0,0.002999999999999999,0.732,-0.6250047505989446,1,-0.009000000000000001
N15_M07_F10_KA03_6,KA03,artificial,outer_race,N15_M07_F10,1499.59,none,12000.0,14000.0,1.5564,normal,0.296,0.6806640146153753,0,0.006000000000000002,0.904,-0.7539695272083019,0,0.011
N15_M07_F10_KA03_7,KA03,artificial,outer_race,N15_M07_F10,1499.56,none,12000.0,14000.0,2.5273,normal,0.45,0.4634371851565795,0,0.004,0.676,-0.35158338410760615,1,-0.009000000000000001
N15_M07_F10_KA03_8,KA03,artificial,outer_race,N15_M07_F10,1499.68,none,12000.0,14000.0,2.0282,normal,0.786,-0.7845463185035167,0,0.016999999999999998,0.73,-0.5558152990127171,0,0.015000000000000003
N15_M07_F10_KA03_9,KA03,artificial,outer_race,N15_M07_F10,1499.78,none,12000.0,14000.0,2.425,normal,0.388,0.14166853509647442,0,0.016000000000000004,0.938,-1.1494699416257734,0,0.009999999999999998
N15_M07_F10_KA04_1,KA04,real,outer_race,N15_M07_F10,1499.8,none,8000.0,12000.0,5.6505,outer_race,0.002,19.601856792511423,5,-0.0010000000000000009,0.566,-0.1813727373741064,1,-0.012
N15_M07_F10_KA04_10,KA04,real,outer_race,N15_M07_F10,1499.53,none,8000.0,12000.0,5.8525,outer_race,0.002,7.332796345124214,5,-0.0010000000000000009,0.338,0.20783427776422264,2,-0.013000000000000001
N15_M07_F10_KA04_11,KA04,real,outer_race,N15_M07_F10,1499.74,none,8000.0,12000.0,6.4538,outer_race,0.002,9.441234159665353,5,-0.0019999999999999983,0.476,0.06628146799871942,3,0.02
N15_M07_F10_KA04_12,KA04,real,outer_race,N15_M07_F10,1499.64,none,8000.0,12000.0,5.4087,outer_race,0.002,9.786361449602113,5,-0.0010000000000000009,0.85,-1.1491513026253606,1,0.02
N15_M07_F10_KA04_13,KA04,real,outer_race,N15_M07_F10,1499.37,none,8000.0,12000.0,6.0867,outer_race,0.002,19.59721282507352,5,-0.0010000000000000009,0.338,0.6615334004943513,2,0.02
N15_M07_F10_KA04_14,KA04,real,outer_race,N15_M07_F10,1499.49,none,8000.0,12000.0,5.4167,outer_race,0.002,8.748089317044252,5,-0.0010000000000000009,0.778,-0.8912872241478907,1,0.02
N15_M07_F10_KA04_15,KA04,real,outer_race,N15_M07_F10,1499.35,none,8000.0,12000.0,6.6024,outer_race,0.002,9.732869605076257,5,-0.0019999999999999983,0.514,-0.022431674541884966,1,0.02
N15_M07_F10_KA04_16,KA04,real,outer_race,N15_M07_F10,1499.67,none,8000.0,12000.0,6.0812,outer_race,0.002,12.065533636302275,5,-0.0010000000000000009,0.434,0.18178799670499957,2,0.02
N15_M07_F10_KA04_17,KA04,real,outer_race,N15_M07_F10,1499.88,none,8000.0,12000.0,6.3151,outer_race,0.002,14.69521407112173,5,-0.0010000000000000009,0.412,0.17542173184873014,4,0.02
N15_M07_F10_KA04_18,KA04,real,outer_race,N15_M07_F10,1499.25,none,8000.0,12000.0,6.1395,outer_race,0.002,17.074593883049484,5,-0.0010000000000000009,0.448,0.10915967139178344,4,0.02
N15_M07_F10_KA04_19,KA04,real,outer_race,N15_M07_F10,1499.67,none,8000.0,12000.0,6.0923,outer_race,0.002,15.23340890459333,5,-0.0010000000000000009,0.596,-0.18950522874858178,2,0.02
N15_M07_F10_KA04_2,KA04,real,outer_race,N15_M07_F10,1499.93,none,8000.0,10666.7,5.9718,outer_race,0.002,39.1408807179331,5,-0.0010000000000000009,0.64,-0.21324880106988,1,-0.013000000000000001
N15_M07_F10_KA04_20,KA04,real,outer_race,N15_M07_F10,1499.56,none,8000.0,12000.0,6.0916,outer_race,0.002,14.771514403163659,5,-0.0010000000000000009,0.284,0.3914685249470958,2,0.02
N15_M07_F10_KA04_3,KA04,real,outer_race,N15_M07_F10,1499.97,none,8000.0,12000.0,6.0081,outer_race,0.002,19.186621921202455,5,-0.0010000000000000009,0.794,-0.8592125982849307,1,0.016000000000000004
N15_M07_F10_KA04_4,KA04,real,outer_race,N15_M07_F10,1499.7,none,8000.0,12000.0,6.0975,outer_race,0.002,12.477508243068701,5,-0.0010000000000000009,0.388,0.28310416646187225,2,0.02
N15_M07_F10_KA04_5,KA04,real,outer_race,N15_M07_F10,1499.77,none,8000.0,12000.0,6.0458,outer_race,0.002,13.20804425354563,5,-0.0010000000000000009,0.526,-0.08080633599945158,1,0.019
N15_M07_F10_KA04_6,KA04,real,outer_race,N15_M07_F10,1499.28,none,8000.0,12000.0,5.9298,outer_race,0.002,11.492659510911942,5,-0.0010000000000000009,0.494,0.05421059015812747,2,0.02
N15_M07_F10_KA04_7,KA04,real,outer_race,N15_M07_F10,1499.64,none,8000.0,12000.0,5.9561,outer_race,0.002,18.217930236471002,5,-0.0010000000000000009,0.488,0.04947019160623353,2,0.02
N15_M07_F10_KA04_8,KA04,real,outer_race,N15_M07_F10,1499.49,none,8000.0,12000.0,5.384,outer_race,0.002,13.492076582309311,5,-0.0010000000000000009,0.632,-0.2216017932830313,3,0.02
N15_M07_F10_KA04_9,KA04,real,outer_race,N15_M07_F10,1499.76,none,8000.0,12000.0,5.2987,outer_race,0.002,13.050178062329286,5,-0.0010000000000000009,0.484,0.09898923235727737,2,0.02
N15_M07_F10_KA05_1,KA05,artificial,outer_race,N15_M07_F10,1499.71,none,12000.0,14000.0,6.8963,normal,0.35,0.6734270435142344,1,0.0019999999999999983,0.738,-0.48779582133876076,1,0.0010000000000000009
N15_M07_F10_KA05_10,KA05,artificial,outer_race,N15_M07_F10,1499.22,none,12000.0,14000.0,10.0335,normal,0.772,-0.5249245306332069,0,0.018,0.674,-0.6315977724096679,1,-0.008
N15_M07_F10_KA05_11,KA05,artificial,outer_race,N15_M07_F10,1499.35,none,10666.7,13333.3,4.9022,normal,0.38,0.3080786258470084,1,-0.0010000000000000009,0.182,1.4994311410929075,0,0.016999999999999998
N15_M07_F10_KA05_12,KA05,artificial,outer_race,N15_M07_F10,1499.53,none,10666.7,13333.3,6.3792,normal,0.382,0.23287120946685527,1,-0.0010000000000000009,0.632,-0.3126737358018899,1,0.012
N15_M07_F10_KA05_13,KA05,artificial,outer_race,N15_M07_F10,1499.75,none,12000.0,14000.0,7.4611,normal,0.398,0.22649116375955788,0,-0.0010000000000000009,0.278,0.580767698969978,1,0.013000000000000001
N15_M07_F10_KA05_14,KA05,artificial,outer_race,N15_M07_F10,1499.65,none,10666.7,13333.3,5.4596,normal,0.708,-0.1611957324142964,0,0.0010000000000000009,0.656,-0.4629244967241629,1,0.009999999999999998
N15_M07_F10_KA05_15,KA05,artificial,outer_race,N15_M07_F10,1499.5,none,10666.7,13333.3,6.0742,normal,0.644,-0.40176120147161626,0,-0.0010000000000000009,0.45,0.14216694487246057,1,0.009999999999999998
N15_M07_F10_KA05_16,KA05,artificial,outer_race,N15_M07_F10,1499.38,none,12000.0,14000.0,8.0086,normal,0.576,-0.03503338010061804,0,0.0,0.974,-1.9997494169541126,1,0.013000000000000001
N15_M07_F10_KA05_17,KA05,artificial,outer_race,N15_M07_F10,1499.83,none,10666.7,13333.3,8.2229,normal,0.478,0.018585401525021403,1,0.0,0.108,1.5808965872328795,1,0.0
N15_M07_F10_KA05_18,KA05,artificial,outer_race,N15_M07_F10,1499.23,none,10666.7,13333.3,7.6003,normal,0.934,-1.3821666863005615,0,-0.0010000000000000009,0.648,-0.45184539375927035,2,0.009999999999999998
N15_M07_F10_KA05_19,KA05,artificial,outer_race,N15_M07_F10,1499.44,none,12000.0,14000.0,7.2726,normal,0.364,0.6692287295026957,1,0.0010000000000000009,0.896,-1.2869042285322032,2,0.008
N15_M07_F10_KA05_2,KA05,artificial,outer_race,N15_M07_F10,1499.51,none,10666.7,13333.3,5.349,normal,0.7,-0.24071249881073814,0,0.014000000000000002,0.27,0.6835043919576056,2,-0.006999999999999999
N15_M07_F10_KA05_20,KA05,artificial,outer_race,N15_M07_F10,1499.56,none,10666.7,13333.3,9.3055,normal,0.616,-0.17275568590359522,1,-0.0010000000000000009,0.26,0.6215950558981298,2,0.013000000000000001
N15_M07_F10_KA05_3,KA05,artificial,outer_race,N15_M07_F10,1499.71,none,12000.0,14000.0,7.1312,normal,0.76,-0.4441877359992493,0,0.018,0.228,1.2040908601524556,1,0.012
N15_M07_F10_KA05_4,KA05,artificial,outer_race,N15_M07_F10,1499.43,none,10666.7,13333.3,7.28,normal,0.714,-0.5473770025767403,0,-0.0010000000000000009,0.324,0.624947792446579,0,-0.006999999999999999
N15_M07_F10_KA05_5,KA05,artificial,outer_race,N15_M07_F10,1499.93,none,10666.7,13333.3,6.1917,normal,0.888,-0.6448163217511157,0,-0.0010000000000000009,0.956,-1.1571394161186477,2,0.008
N15_M07_F10_KA05_6,KA05,artificial,outer_race,N15_M07_F10,1499.47,none,10666.7,13333.3,5.626,normal,0.726,-0.46883856421451986,1,0.0010000000000000009,0.56,-0.11949760605835835,1,0.015000000000000003
N15_M07_F10_KA05_7,KA05,artificial,outer_race,N15_M07_F10,1499.29,none,12000.0,14000.0,6.6959,normal,0.636,-0.5249950392322733,0,-0.0019999999999999983,0.158,1.9176340883414136,1,0.014000000000000002
N15_M07_F10_KA05_8,KA05,artificial,outer_race,N15_M07_F10,1499.41,none,10666.7,13333.3,5.2552,normal,0.412,0.4125292656189481,0,0.0,0.396,0.2157604259323474,2,0.012
N15_M07_F10_KA05_9,KA05,artificial,outer_race,N15_M07_F10,1499.84,none,12000.0,14000.0,7.67,normal,0.818,-0.8233677588586611,0,0.016999999999999998,0.3,0.4642618530613383,2,0.012
N15_M07_F10_KA06_1,KA06,artificial,outer_race,N15_M07_F10,1499.73,none,12000.0,14000.0,3.8662,normal,0.344,0.43083515288542873,1,0.02,0.25,0.7506509215415709,1,-0.013000000000000001
N15_M07_F10_KA06_10,KA06,artificial,outer_race,N15_M07_F10,1499.57,none,12000.0,14000.0,4.8387,normal,0.592,-0.3839370515213606,1,0.013000000000000001,0.24,1.0573733449616551,2,0.0
N15_M07_F10_KA06_11,KA06,artificial,outer_race,N15_M07_F10,1499.67,none,12000.0,14000.0,5.0289,normal,0.322,0.6780001200904741,0,0.0019999999999999983,0.6,-0.26751035237803816,1,0.0
N15_M07_F10_KA06_12,KA06,artificial,outer_race,N15_M07_F10,1499.52,none,12000.0,14000.0,5.7778,normal,0.408,0.5027431015647433,0,-0.0010000000000000009,0.228,1.1425559380645745,1,0.009000000000000001
N15_M07_F10_KA06_13,KA06,artificial,outer_race,N15_M07_F10,1499.74,none,12000.0,14000.0,5.2422,normal,0.548,-0.1240828502315949,0,0.0019999999999999983,0.248,0.8975879314236844,1,0.0
N15_M07_F10_KA06_14,KA06,artificial,outer_race,N15_M07_F10,1499.61,none,12000.0,14000.0,5.1694,normal,0.284,1.3434730744983303,0,0.0019999999999999983,0.56,-0.17210873117725886,2,0.0
N15_M07_F10_KA06_15,KA06,artificial,outer_race,N15_M07_F10,1499.51,none,12000.0,14000.0,4.7801,normal,0.79,-0.48752554203948384,0,0.013000000000000001,0.62,-0.28191834210089106,2,0.008
N15_M07_F10_KA06_16,KA06,artificial,outer_race,N15_M07_F10,1499.78,none,12000.0,14000.0,6.3248,normal,0.198,1.1154599936770906,1,0.0,0.402,0.25515671126437217,1,0.0
N15_M07_F10_KA06_17,KA06,artificial,outer_race,N15_M07_F10,1499.36,none,12000.0,14000.0,5.3012,normal,0.634,-0.4632701330387503,0,0.0010000000000000009,0.498,0.008733355071233961,1,0.011
N15_M07_F10_KA06_18,KA06,artificial,outer_race,N15_M07_F10,1499.37,none,12000.0,14000.0,4.493,normal,0.338,0.7637774932744739,0,0.0010000000000000009,0.282,0.6667399390106503,1,0.011
N15_M07_F10_KA06_19,KA06,artificial,outer_race,N15_M07_F10,1499.41,none,12000.0,14000.0,5.0718,normal,0.72,-0.2988835294961975,0,-0.0010000000000000009,0.366,0.43671825948911913,1,0.009999999999999998
N15_M07_F10_KA06_2,KA06,artificial,outer_race,N15_M07_F10,1499.8,none,12000.0,14000.0,4.3326,normal,0.792,-0.39426241631985404,0,0.0,0.28,0.4964726290449705,2,0.009999999999999998
N15_M07_F10_KA06_20,KA06,artificial,outer_race,N15_M07_F10,1499.5,none,12000.0,14000.0,5.2911,normal,0.452,0.13605286279760517,0,-0.0010000000000000009,0.19,1.133537504728679,1,0.009999999999999998
N15_M07_F10_KA06_3,KA06,artificial,outer_race,N15_M07_F10,1499.77,none,12000.0,14000.0,4.9061,normal,0.556,-0.07883519936278273,0,0.0019999999999999983,0.214,1.21585345341917,1,0.0
N15_M07_F10_KA06_4,KA06,artificial,outer_race,N15_M07_F10,1499.58,none,12000.0,14000.0,5.2339,normal,0.488,0.03489722178180054,1,0.0,0.544,-0.1232334142785146,1,-0.014
N15_M07_F10_KA06_5,KA06,artificial,outer_race,N15_M07_F10,1499.45,none,12000.0,14000.0,4.8289,normal,0.82,-0.6466123326634042,0,0.0,0.356,0.5223355219554775,0,0.016999999999999998
N15_M07_F10_KA06_6,KA06,artificial,outer_race,N15_M07_F10,1499.74,none,10666.7,13333.3,4.8568,normal,0.286,0.4963485738686643,1,0.0,0.7,-0.6058120501865583,0,0.016999999999999998
N15_M07_F10_KA06_7,KA06,artificial,outer_race,N15_M07_F10,1499.58,none,12000.0,14000.0,7.3566,normal,0.682,-0.24468761984064477,0,0.0,0.358,0.601583605010548,1,0.0
N15_M07_F10_KA06_8,KA06,artificial,outer_race,N15_M07_F10,1499.44,none,12000.0,14000.0,4.4387,normal,0.916,-1.0285649829182577,0,0.009999999999999998,0.752,-0.5745147947509347,2,0.009000000000000001
N15_M07_F10_KA06_9,KA06,artificial,outer_race,N15_M07_F10,1499.84,none,12000.0,14000.0,7.624,normal,0.47,0.10629700090922385,0,0.0,0.462,0.14846286693588476,1,0.0
N15_M07_F10_KA07_1,KA07,artificial,outer_race,N15_M07_F10,1499.42,none,12000.0,14000.0,5.3846,normal,0.578,-0.1654362093981643,1,0.0,0.23,0.9456589743606899,0,0.016000000000000004
N15_M07_F10_KA07_10,KA07,artificial,outer_race,N15_M07_F10,1499.68,none,10666.7,13333.3,6.9568,normal,0.91,-1.7190728624590712,1,0.0,0.452,0.09835619875582442,1,0.011
N15_M07_F10_KA07_11,KA07,artificial,outer_race,N15_M07_F10,1499.92,none,10666.7,13333.3,5.2871,normal,0.586,-0.190424848497033,0,-0.0010000000000000009,0.274,0.9859773682340441,2,0.011
N15_M07_F10_KA07_12,KA07,artificial,outer_race,N15_M07_F10,1499.79,none,10666.7,13333.3,5.2352,normal,0.678,-0.0969159767366886,1,-0.0010000000000000009,0.34,0.43296130151232054,1,0.011
N15_M07_F10_KA07_13,KA07,artificial,outer_race,N15_M07_F10,1499.52,none,10666.7,13333.3,4.7918,normal,0.76,-0.41477562246943195,1,0.0019999999999999983,0.474,0.034428999685351555,3,0.012
N15_M07_F10_KA07_14,KA07,artificial,outer_race,N15_M07_F10,1499.69,none,10666.7,13333.3,5.5716,normal,0.422,0.42760291012388585,1,0.0,0.266,0.7908297178440992,1,0.0
N15_M07_F10_KA07_15,KA07,artificial,outer_race,N15_M07_F10,1499.57,none,12000.0,14000.0,6.5931,normal,0.466,0.3021989884423556,2,-0.0010000000000000009,0.246,0.5670888519505516,0,0.016999999999999998
N15_M07_F10_KA07_16,KA07,artificial,outer_race,N15_M07_F10,1499.7,none,10666.7,13333.3,5.0949,normal,0.472,0.0317592536238521,1,0.0,0.622,-0.1846121414671867,1,0.014000000000000002
N15_M07_F10_KA07_17,KA07,artificial,outer_race,N15_M07_F10,1499.57,none,10666.7,13333.3,5.2868,normal,0.356,0.7184429066953335,1,-0.0010000000000000009,0.026,3.576019895870153,2,0.009999999999999998
N15_M07_F10_KA07_18,KA07,artificial,outer_race,N15_M07_F10,1499.48,none,10666.7,13333.3,5.5454,normal,0.59,-0.09941744228130606,1,0.0,0.208,0.9866885436461229,2,0.011
N15_M07_F10_KA07_19,KA07,artificial,outer_race,N15_M07_F10,1499.43,none,10666.7,13333.3,4.7986,normal,0.422,0.14254867831624451,0,0.0,0.25,0.9161835792902504,3,0.011
N15_M07_F10_KA07_2,KA07,artificial,outer_race,N15_M07_F10,1499.7,none,10666.7,13333.3,5.1487,normal,0.768,-0.5203913087861389,1,-0.0010000000000000009,0.352,0.6103132074940151,1,0.009000000000000001
N15_M07_F10_KA07_20,KA07,artificial,outer_race,N15_M07_F10,1499.73,none,10666.7,13333.3,6.3825,normal,0.726,-0.5060590568522301,1,0.0,0.384,0.4547335795291433,2,0.008
N15_M07_F10_KA07_3,KA07,artificial,outer_race,N15_M07_F10,1499.58,none,10666.7,13333.3,5.6227,normal,0.612,-0.06591009193507534,1,-0.018000000000000002,0.312,0.33040438275924516,3,0.011
N15_M07_F10_KA07_4,KA07,artificial,outer_race,N15_M07_F10,1499.59,none,10666.7,13333.3,6.3187,normal,0.724,-0.320396495687568,2,-0.0010000000000000009,0.37,0.3731894917804386,2,0.0
N15_M07_F10_KA07_5,KA07,artificial,outer_race,N15_M07_F10,1499.71,none,12000.0,14000.0,8.6563,normal,0.544,-0.37283755552109493,1,0.0,0.236,1.0498354210692966,1,0.011
N15_M07_F10_KA07_6,KA07,artificial,outer_race,N15_M07_F10,1499.74,none,10666.7,13333.3,5.1707,normal,0.758,-0.3992411006178164,1,-0.0010000000000000009,0.028,2.0541793241383033,2,0.011
N15_M07_F10_KA07_7,KA07,artificial,outer_race,N15_M07_F10,1499.64,none,10666.7,13333.3,5.6736,normal,0.628,-0.5063788842267286,1,0.0,0.314,0.5784738376588335,1,0.0010000000000000009
N15_M07_F10_KA07_8,KA07,artificial,outer_race,N15_M07_F10,1499.4,none,10666.7,13333.3,5.5161,normal,0.492,0.004062590142833215,1,0.0010000000000000009,0.702,-0.41515279302519753,2,0.009000000000000001
N15_M07_F10_KA07_9,KA07,artificial,outer_race,N15_M07_F10,1499.53,none,10666.7,13333.3,8.0398,normal,0.922,-1.2520565214232837,1,0.0,0.34,0.37139464251233734,2,0.0
N15_M07_F10_KA08_1,KA08,artificial,outer_race,N15_M07_F10,1499.49,none,10666.7,13333.3,5.0355,normal,0.778,-0.6153969687930808,1,0.0,0.35,0.6076464195060673,2,0.009999999999999998
N15_M07_F10_KA08_10,KA08,artificial,outer_race,N15_M07_F10,1499.66,none,10666.7,13333.3,4.9103,normal,0.81,-0.5609940801719129,1,0.0,0.288,0.7953372587350678,2,0.009999999999999998
N15_M07_F10_KA08_11,KA08,artificial,outer_race,N15_M07_F10,1499.46,none,10666.7,13333.3,6.5675,normal,0.48,0.2153565931378946,0,0.018,0.582,-0.31476005549391844,3,0.009999999999999998
N15_M07_F10_KA08_12,KA08,artificial,outer_race,N15_M07_F10,1499.57,none,10666.7,13333.3,6.7104,normal,0.786,-0.6546948009822423,1,0.0,0.496,0.03251078611524677,1,0.0010000000000000009
N15_M07_F10_KA08_13,KA08,artificial,outer_race,N15_M07_F10,1499.48,none,12000.0,14000.0,5.8183,normal,0.9,-1.021041145107049,1,-0.0010000000000000009,0.5,0.0024836275538211118,1,0.0
N15_M07_F10_KA08_14,KA08,artificial,outer_race,N15_M07_F10,1499.53,none,10666.7,13333.3,5.9171,normal,0.544,-0.12636915434205168,1,0.0010000000000000009,0.814,-0.7071807736527957,1,0.0
N15_M07_F10_KA08_15,KA08,artificial,outer_race,N15_M07_F10,1499.62,none,10666.7,13333.3,4.8678,normal,0.772,-0.4204160255070018,1,0.0010000000000000009,0.478,0.12618453380559277,3,0.0
N15_M07_F10_KA08_16,KA08,artificial,outer_race,N15_M07_F10,1499.54,none,10666.7,13333.3,4.8211,normal,0.51,-0.029977040089780884,1,0.0,0.158,1.1557982404530867,1,0.015000000000000003
N15_M07_F10_KA08_17,KA08,artificial,outer_race,N15_M07_F10,1499.71,none,12000.0,14000.0,5.6058,normal,0.796,-0.7342632207761678,1,-0.0010000000000000009,0.476,0.08740102341475467,2,0.0
N15_M07_F10_KA08_18,KA08,artificial,outer_race,N15_M07_F10,1499.78,none,10666.7,13333.3,8.8553,normal,0.988,-1.1964445536226596,1,0.0019999999999999983,0.878,-0.9160787741691284,1,0.0
N15_M07_F10_KA08_19,KA08,artificial,outer_race,N15_M07_F10,1499.5,none,12000.0,14000.0,4.5372,normal,0.7,-0.3295140784150669,0,0.0,0.034,1.8324363680907814,2,0.011
N15_M07_F10_KA08_2,KA08,artificial,outer_race,N15_M07_F10,1499.61,none,10666.7,13333.3,4.5429,normal,0.41,0.6259139899547163,1,-0.0010000000000000009,0.104,1.0851499781064846,1,0.018
N15_M07_F10_KA08_20,KA08,artificial,outer_race,N15_M07_F10,1499.57,none,12000.0,14000.0,5.3605,normal,0.806,-0.6439770327737269,0,0.016999999999999998,0.85,-0.8409923931680822,1,0.011
N15_M07_F10_KA08_3,KA08,artificial,outer_race,N15_M07_F10,1499.58,none,10666.7,13333.3,5.9717,normal,0.768,-0.7420129081463386,1,0.0,0.822,-0.6227259027190037,1,0.009999999999999998
N15_M07_F10_KA08_4,KA08,artificial,outer_race,N15_M07_F10,1499.62,none,10666.7,13333.3,5.4109,normal,0.932,-0.9830449701472999,1,-0.0010000000000000009,0.376,0.3507417221745159,1,0.009000000000000001
N15_M07_F10_KA08_5,KA08,artificial,outer_race,N15_M07_F10,1499.46,none,12000.0,14000.0,4.7889,normal,0.536,-0.1367511479005412,1,0.0010000000000000009,0.284,0.7092849098334801,1,0.009000000000000001
N15_M07_F10_KA08_6,KA08,artificial,outer_race,N15_M07_F10,1499.67,none,10666.7,13333.3,7.4387,normal,0.72,-0.5668639979257145,1,0.0,0.678,-0.46483030605055714,2,0.012
N15_M07_F10_KA08_7,KA08,artificial,outer_race,N15_M07_F10,1499.4,none,10666.7,13333.3,5.9634,normal,0.402,0.4082276685300895,1,0.0,0.236,0.5901085215267493,2,0.014000000000000002
N15_M07_F10_KA08_8,KA08,artificial,outer_race,N15_M07_F10,1499.57,none,10666.7,13333.3,5.1029,normal,0.592,-0.04913018873658822,1,-0.0010000000000000009,0.216,1.0343451310253065,2,0.011
N15_M07_F10_KA08_9,KA08,artificial,outer_race,N15_M07_F10,1499.47,none,10666.7,13333.3,6.74,normal,0.748,-0.7586558850376606,1,0.0,0.374,0.27857825527567553,2,0.016999999999999998
N15_M07_F10_KA09_1,KA09,artificial,outer_race,N15_M07_F10,1499.89,none,10666.7,13333.3,5.7052,normal,0.392,1.0358239302235677,1,0.0,0.316,0.5108534925092603,3,0.012
N15_M07_F10_KA09_10,KA09,artificial,outer_race,N15_M07_F10,1499.1,none,12000.0,14000.0,5.6182,normal,0.384,0.37478708977209596,0,-0.0010000000000000009,0.622,-0.2053039886049064,2,0.012
N15_M07_F10_KA09_11,KA09,artificial,outer_race,N15_M07_F10,1499.83,none,12000.0,14000.0,5.5066,normal,0.386,0.2203311440925546,0,0.0,0.316,0.7127572999552194,1,0.013000000000000001
N15_M07_F10_KA09_12,KA09,artificial,outer_race,N15_M07_F10,1499.55,none,10666.7,13333.3,4.5372,normal,0.458,0.32093599026964986,1,0.0,0.344,0.42237032676022895,3,0.009999999999999998
N15_M07_F10_KA09_13,KA09,artificial,outer_race,N15_M07_F10,1498.56,none,10666.7,13333.3,5.9911,normal,0.354,1.0180939297885925,1,0.0010000000000000009,0.21,0.881782582638474,2,0.013000000000000001
N15_M07_F10_KA09_14,KA09,artificial,outer_race,N15_M07_F10,1500.27,none,10666.7,13333.3,4.8329,normal,0.306,0.9331943772529526,1,0.0,0.414,0.4012743006427298,2,0.011
N15_M07_F10_KA09_15,KA09,artificial,outer_race,N15_M07_F10,1499.44,none,10666.7,13333.3,7.6886,normal,0.84,-0.71349990058473,1,-0.0010000000000000009,0.398,0.2024493935683671,1,0.0
N15_M07_F10_KA09_16,KA09,artificial,outer_race,N15_M07_F10,1499.83,none,10666.7,13333.3,5.2295,normal,0.636,-0.3425721382840092,1,0.0019999999999999983,0.22,0.9365480380130569,2,0.012
N15_M07_F10_KA09_17,KA09,artificial,outer_race,N15_M07_F10,1499.54,none,10666.7,13333.3,5.3847,normal,0.414,0.1792062539883199,1,-0.0010000000000000009,0.286,0.5925956789695221,2,0.012
N15_M07_F10_KA09_18,KA09,artificial,outer_race,N15_M07_F10,1499.1,none,10666.7,13333.3,5.4908,normal,0.508,-0.028613740355003577,0,0.0,0.244,0.6946498088062085,1,0.0
N15_M07_F10_KA09_19,KA09,artificial,outer_race,N15_M07_F10,1499.63,none,12000.0,14000.0,6.5806,normal,0.608,-0.578888681614474,1,-0.0010000000000000009,0.03,2.544237974664776,2,0.008
N15_M07_F10_KA09_2,KA09,artificial,outer_race,N15_M07_F10,1499.68,none,12000.0,14000.0,5.4753,normal,0.982,-1.4451990234948269,0,0.0010000000000000009,0.398,0.34985126379982195,1,0.013000000000000001
N15_M07_F10_KA09_20,KA09,artificial,outer_race,N15_M07_F10,1499.45,none,10666.7,13333.3,4.118,normal,0.698,-0.29755792629595107,0,0.013000000000000001,0.216,0.7658007769995484,2,0.011
N15_M07_F10_KA09_3,KA09,artificial,outer_race,N15_M07_F10,1499.8,none,12000.0,14000.0,4.8274,normal,0.298,0.8202995396895544,1,-0.0010000000000000009,0.218,1.1007886619388518,2,0.013000000000000001
N15_M07_F10_KA09_4,KA09,artificial,outer_race,N15_M07_F10,1500.06,none,10666.7,13333.3,8.9898,normal,0.83,-0.769540415094189,1,0.0,0.322,0.3390600522807116,1,0.0
N15_M07_F10_KA09_5,KA09,artificial,outer_race,N15_M07_F10,1499.42,none,12000.0,14000.0,4.2656,normal,0.496,0.07468184850140282,1,-0.0010000000000000009,0.048,1.2382620858293227,2,0.009999999999999998
N15_M07_F10_KA09_6,KA09,artificial,outer_race,N15_M07_F10,1499.28,none,10666.7,13333.3,6.5443,normal,0.392,0.15193942892234757,1,-0.0010000000000000009,0.382,0.3091512488426375,2,0.014000000000000002
N15_M07_F10_KA09_7,KA09,artificial,outer_race,N15_M07_F10,1498.95,none,10666.7,13333.3,4.1061,normal,0.196,1.2193090424526252,1,-0.0010000000000000009,0.136,1.0783334396023039,3,0.012
N15_M07_F10_KA09_8,KA09,artificial,outer_race,N15_M07_F10,1498.57,none,12000.0,14000.0,5.0648,normal,0.488,0.021873301355213332,1,0.0010000000000000009,0.114,1.7330181573430563,3,0.013000000000000001
N15_M07_F10_KA09_9,KA09,artificial,outer_race,N15_M07_F10,1499.83,none,12000.0,14000.0,4.4576,inner_race,0.636,-0.2275778964093748,0,-0.0010000000000000009,0.002,3.342149178796521,2,0.009999999999999998
N15_M07_F10_KA15_1,KA15,real,outer_race,N15_M07_F10,1499.65,none,12000.0,14000.0,5.3178,normal,0.418,0.40290095918030944,0,0.015000000000000003,0.926,-1.2890834106428934,0,-0.017
N15_M07_F10_KA15_10,KA15,real,outer_race,N15_M07_F10,1499.59,none,12000.0,14000.0,5.4922,normal,0.658,-0.2457214978944347,0,-0.02,0.65,-0.3589359728746499,2,-0.008
N15_M07_F10_KA15_11,KA15,real,outer_race,N15_M07_F10,1499.61,none,12000.0,14000.0,5.9747,normal,0.92,-1.1540971319385052,0,-0.0019999999999999983,0.902,-1.1326051313630208,1,0.006000000000000002
N15_M07_F10_KA15_12,KA15,real,outer_race,N15_M07_F10,1499.62,none,12000.0,14000.0,4.8524,normal,0.664,-0.20647597619241373,0,0.018,0.918,-0.9736644805322272,1,0.011
N15_M07_F10_KA15_13,KA15,real,outer_race,N15_M07_F10,1499.53,none,12000.0,14000.0,5.8675,normal,0.904,-0.8200473067022664,0,0.02,0.65,-0.332650680545061,1,-0.009000000000000001
N15_M07_F10_KA15_14,KA15,real,outer_race,N15_M07_F10,1499.6,none,12000.0,14000.0,5.1669,normal,0.254,1.5175005757360156,1,0.015000000000000003,0.892,-0.7121891988463875,2,-0.009000000000000001
N15_M07_F10_KA15_15,KA15,real,outer_race,N15_M07_F10,1499.48,none,12000.0,14000.0,5.0128,normal,0.778,-0.6890192251855195,0,0.015000000000000003,0.878,-0.9187882440909138,0,0.0
N15_M07_F10_KA15_16,KA15,real,outer_race,N15_M07_F10,1499.76,none,12000.0,14000.0,5.2411,normal,0.7,-0.4333597001124829,1,0.016000000000000004,0.626,-0.2444242786489267,1,-0.009000000000000001
N15_M07_F10_KA15_17,KA15,real,outer_race,N15_M07_F10,1499.56,none,12000.0,14000.0,5.819,normal,0.588,-0.18963925249940086,1,0.014000000000000002,0.644,-0.4048139138709683,1,-0.01
N15_M07_F10_KA15_18,KA15,real,outer_race,N15_M07_F10,1499.62,none,12000.0,14000.0,5.461,normal,0.662,-0.3140025518432973,0,0.015000000000000003,0.338,0.31778280920107677,1,-0.009000000000000001
N15_M07_F10_KA15_19,KA15,real,outer_race,N15_M07_F10,1499.62,none,12000.0,14000.0,5.6368,normal,0.394,0.41738638660421484,0,0.02,0.806,-0.4257303931216644,1,-0.009000000000000001
N15_M07_F10_KA15_2,KA15,real,outer_race,N15_M07_F10,1499.67,none,12000.0,14000.0,3.9791,normal,0.608,-0.40445571022039717,0,0.02,0.738,-0.5237426450419413,1,-0.0010000000000000009
N15_M07_F10_KA15_20,KA15,real,outer_race,N15_M07_F10,1499.64,none,12000.0,14000.0,5.8226,normal,0.766,-0.6468151879636957,1,0.016000000000000004,0.27,0.9667179199860544,1,-0.01
N15_M07_F10_KA15_3,KA15,real,outer_race,N15_M07_F10,1499.67,none,12000.0,14000.0,4.7969,normal,0.672,-0.2666586429624388,0,0.016000000000000004,0.798,-0.7952933116146895,1,-0.008
N15_M07_F10_KA15_4,KA15,real,outer_race,N15_M07_F10,1499.75,none,12000.0,14000.0,5.3601,normal,0.464,0.14721677875453298,0,0.015000000000000003,0.6,-0.26013430366592355,1,-0.009000000000000001
N15_M07_F10_KA15_5,KA15,real,outer_race,N15_M07_F10,1499.65,none,12000.0,14000.0,5.0614,normal,0.77,-0.638031345847625,1,0.014000000000000002,0.938,-1.101803082575956,1,-0.0019999999999999983
N15_M07_F10_KA15_6,KA15,real,outer_race,N15_M07_F10,1499.43,none,12000.0,14000.0,5.5105,normal,0.854,-0.7803847360347851,0,0.015000000000000003,0.926,-1.0941427058913156,1,-0.016
N15_M07_F10_KA15_7,KA15,real,outer_race,N15_M07_F10,1499.48,none,12000.0,14000.0,4.3828,normal,0.79,-0.3808662108093928,0,0.011,0.778,-0.6657624240754592,1,0.015000000000000003
N15_M07_F10_KA15_8,KA15,real,outer_race,N15_M07_F10,1499.54,none,12000.0,14000.0,5.1993,normal,0.724,-0.2939350182141217,0,0.016000000000000004,0.926,-1.107146300874557,1,-0.008
N15_M07_F10_KA15_9,KA15,real,outer_race,N15_M07_F10,1499.5,none,12000.0,14000.0,5.571,normal,0.6,-0.3242608030218563,0,0.014000000000000002,0.7,-0.43455948136256567,1,-0.009000000000000001
N15_M07_F10_KA16_1,KA16,real,outer_race,N15_M07_F10,1499.57,none,8000.0,12000.0,17.7664,outer_race,0.002,13.235285228280537,5,0.004,0.684,-0.43084819015397097,4,-0.008
N15_M07_F10_KA16_10,KA16,real,outer_race,N15_M07_F10,1499.78,none,8000.0,12000.0,5.8693,outer_race,0.002,7.757733400450227,5,0.004,0.794,-0.8464531618107636,2,-0.011
N15_M07_F10_KA16_11,KA16,real,outer_race,N15_M07_F10,1499.66,none,8000.0,12000.0,5.4764,outer_race,0.002,10.64580575326371,5,0.002999999999999999,0.702,-0.5180008721606498,2,-0.017
N15_M07_F10_KA16_12,KA16,real,outer_race,N15_M07_F10,1500.31,none,8000.0,12000.0,5.0614,outer_race,0.002,14.652855717218392,4,0.004,0.712,-0.5432582952413084,2,-0.008
N15_M07_F10_KA16_13,KA16,real,outer_race,N15_M07_F10,1499.6,none,8000.0,12000.0,4.9699,outer_race,0.002,8.014389159485546,5,0.002999999999999999,0.652,-0.2864227623856536,3,-0.019
N15_M07_F10_KA16_14,KA16,real,outer_race,N15_M07_F10,1499.7,none,8000.0,12000.0,5.0866,outer_race,0.002,14.034386005134712,5,0.002999999999999999,0.828,-0.8703003274975071,3,-0.018000000000000002
N15_M07_F10_KA16_15,KA16,real,outer_race,N15_M07_F10,1499.46,none,8000.0,12000.0,5.0076,outer_race,0.002,19.761050425245102,5,0.004,0.472,0.11479396366417084,3,-0.019
N15_M07_F10_KA16_16,KA16,real,outer_race,N15_M07_F10,1499.46,none,8000.0,12000.0,5.1593,outer_race,0.002,12.154820916636963,5,0.004,0.622,-0.22329654327413495,3,-0.019
N15_M07_F10_KA16_17,KA16,real,outer_race,N15_M07_F10,1499.65,none,8000.0,12000.0,5.3774,outer_race,0.002,8.555347036678905,5,0.002999999999999999,0.446,0.13735640759138315,3,-0.019
N15_M07_F10_KA16_18,KA16,real,outer_race,N15_M07_F10,1499.43,none,8000.0,12000.0,5.7531,outer_race,0.002,9.989998505035551,5,0.004,0.864,-0.7694854734133985,1,-0.008
N15_M07_F10_KA16_19,KA16,real,outer_race,N15_M07_F10,1499.47,none,8000.0,12000.0,5.4611,outer_race,0.002,7.231786076434837,5,0.002999999999999999,0.664,-0.4675358354116381,2,-0.019
N15_M07_F10_KA16_2,KA16,real,outer_race,N15_M07_F10,1499.6,none,8000.0,12000.0,11.1082,outer_race,0.002,11.298034148982609,4,0.004,0.554,-0.295088765295312,4,-0.008
N15_M07_F10_KA16_20,KA16,real,outer_race,N15_M07_F10,1499.52,none,8000.0,12000.0,5.2655,outer_race,0.002,14.92133672251761,5,0.004,0.35,0.4634779421652384,2,-0.019
N15_M07_F10_KA16_3,KA16,real,outer_race,N15_M07_F10,1499.67,none,8000.0,12000.0,7.5374,outer_race,0.002,7.028827146247713,4,0.004,0.594,-0.5068877480386061,1,-0.019
N15_M07_F10_KA16_4,KA16,real,outer_race,N15_M07_F10,1499.41,none,8000.0,12000.0,6.19,outer_race,0.002,10.885105913182029,4,0.004,0.77,-0.7547305845310525,3,-0.019
N15_M07_F10_KA16_5,KA16,real,outer_race,N15_M07_F10,1499.67,none,8000.0,12000.0,5.8938,outer_race,0.002,25.509225338262628,5,0.004,0.866,-1.0345508605160054,3,-0.008
N15_M07_F10_KA16_6,KA16,real,outer_race,N15_M07_F10,1499.37,none,8000.0,12000.0,6.8013,outer_race,0.002,9.224908996105432,4,0.002999999999999999,0.698,-0.4425021334607119,2,-0.015
N15_M07_F10_KA16_7,KA16,real,outer_race,N15_M07_F10,1499.57,none,8000.0,12000.0,6.6582,outer_race,0.002,10.978823378546153,5,0.004,0.814,-0.7697241213039945,3,-0.019
N15_M07_F10_KA16_8,KA16,real,outer_race,N15_M07_F10,1499.6,none,8000.0,12000.0,6.1829,outer_race,0.002,8.351472735612983,5,0.004,0.51,-0.036712463432792775,3,-0.019
N15_M07_F10_KA16_9,KA16,real,outer_race,N15_M07_F10,1499.64,none,8000.0,12000.0,6.1496,outer_race,0.002,13.674935318879845,5,0.004,0.662,-0.609761586674991,4,-0.008
N15_M07_F10_KA22_1,KA22,real,outer_race,N15_M07_F10,1499.63,none,10666.7,13333.3,7.6152,normal,0.568,-0.04057304427498244,1,0.015000000000000003,0.736,-0.5949017963291253,2,-0.009000000000000001
N15_M07_F10_KA22_10,KA22,real,outer_race,N15_M07_F10,1499.58,none,10666.7,13333.3,6.274,normal,0.546,-0.20806640182871433,1,0.02,0.408,0.4800875345700054,1,0.014000000000000002
N15_M07_F10_KA22_11,KA22,real,outer_race,N15_M07_F10,1499.48,none,10666.7,13333.3,6.6635,normal,0.804,-0.8258066692417655,1,0.015000000000000003,0.326,0.5074284745342188,1,-0.009000000000000001
N15_M07_F10_KA22_12,KA22,real,outer_race,N15_M07_F10,1500.3,none,10666.7,13333.3,5.8095,normal,0.688,-0.3413484771461786,0,0.015000000000000003,0.976,-1.8354919820597448,1,-0.016
N15_M07_F10_KA22_13,KA22,real,outer_race,N15_M07_F10,1499.59,none,10666.7,13333.3,6.5707,normal,0.588,-0.39731663219451324,0,-0.016,0.758,-0.4811920683164043,1,-0.009000000000000001
N15_M07_F10_KA22_14,KA22,real,outer_race,N15_M07_F10,1499.56,none,10666.7,13333.3,7.0232,normal,0.846,-1.1212267487713605,0,-0.002999999999999999,0.774,-0.42784506307444586,2,-0.016
N15_M07_F10_KA22_15,KA22,real,outer_race,N15_M07_F10,1499.63,none,12000.0,14000.0,6.2837,normal,0.506,-0.060982995667906194,0,0.016000000000000004,0.408,0.22743027651173203,2,-0.016
N15_M07_F10_KA22_16,KA22,real,outer_race,N15_M07_F10,1499.53,none,10666.7,13333.3,6.4496,normal,0.64,-0.2618484315316801,1,0.016999999999999998,0.866,-0.8555572062854718,2,-0.01
N15_M07_F10_KA22_17,KA22,real,outer_race,N15_M07_F10,1499.61,none,10666.7,13333.3,5.6892,normal,0.496,0.0015117868311729096,1,0.016000000000000004,0.668,-0.3605499888332471,0,0.014000000000000002
N15_M07_F10_KA22_18,KA22,real,outer_race,N15_M07_F10,1499.58,none,12000.0,14000.0,7.6501,normal,0.7,-0.3004959910899991,0,-0.016,0.926,-0.889268935280953,1,0.0
N15_M07_F10_KA22_19,KA22,real,outer_race,N15_M07_F10,1498.9,none,12000.0,14000.0,6.7787,normal,0.486,0.06755573885778446,0,0.015000000000000003,0.64,-0.3826227600498237,1,-0.01
N15_M07_F10_KA22_2,KA22,real,outer_race,N15_M07_F10,1499.42,none,10666.7,13333.3,7.351,normal,0.482,0.17934320106932566,0,0.016999999999999998,0.86,-1.2752677852505843,1,-0.01
N15_M07_F10_KA22_20,KA22,real,outer_race,N15_M07_F10,1499.51,none,10666.7,13333.3,5.9531,normal,0.706,-0.6274725910929666,0,-0.018000000000000002,0.894,-0.9753978489186946,2,-0.009000000000000001
N15_M07_F10_KA22_3,KA22,real,outer_race,N15_M07_F10,1499.46,none,10666.7,13333.3,7.3898,normal,0.77,-0.4980503587491003,0,-0.015,0.608,-0.5269021252003325,2,-0.009000000000000001
N15_M07_F10_KA22_4,KA22,real,outer_race,N15_M07_F10,1499.51,none,10666.7,13333.3,6.1111,normal,0.736,-0.6053485487356411,0,-0.011,0.682,-0.5905713114816924,2,-0.01
N15_M07_F10_KA22_5,KA22,real,outer_race,N15_M07_F10,1499.71,none,10666.7,13333.3,6.7735,normal,0.47,0.27852780453752785,1,0.015000000000000003,0.538,-0.06544046303389242,1,-0.009000000000000001
N15_M07_F10_KA22_6,KA22,real,outer_race,N15_M07_F10,1499.55,none,10666.7,13333.3,6.8233,normal,0.708,-0.49634345542442626,1,0.016999999999999998,0.962,-1.2996405117200702,1,-0.011
N15_M07_F10_KA22_7,KA22,real,outer_race,N15_M07_F10,1499.54,none,10666.7,13333.3,6.4797,normal,0.816,-0.9559903701384352,0,-0.015,0.92,-1.0504415959200872,1,0.015000000000000003
N15_M07_F10_KA22_8,KA22,real,outer_race,N15_M07_F10,1499.57,none,10666.7,13333.3,6.5077,normal,0.33,0.7798696012220231,1,0.015000000000000003,0.912,-0.8592136428929416,1,0.015000000000000003
N15_M07_F10_KA22_9,KA22,real,outer_race,N15_M07_F10,1499.95,none,10666.7,13333.3,6.6606,normal,0.826,-0.9948860292799935,0,-0.011,0.85,-1.018070384385469,1,-0.01
N15_M07_F10_KA30_1,KA30,real,outer_race,N15_M07_F10,1499.53,none,12000.0,14000.0,6.9191,normal,0.792,-0.6508653444210319,1,-0.0010000000000000009,0.33,0.6035336221675568,2,0.011
N15_M07_F10_KA30_10,KA30,real,outer_race,N15_M07_F10,1499.67,none,12000.0,14000.0,9.9334,normal,0.776,-0.5278557142432191,1,-0.0010000000000000009,0.166,1.4018155316934275,0,0.0
N15_M07_F10_KA30_11,KA30,real,outer_race,N15_M07_F10,1499.75,none,12000.0,14000.0,6.9562,normal,0.376,0.6698564394770429,1,-0.0010000000000000009,0.408,0.29224204409402404,1,0.009000000000000001
N15_M07_F10_KA30_12,KA30,real,outer_race,N15_M07_F10,1499.42,none,10666.7,13333.3,6.703,normal,0.772,-0.7295606900992121,1,-0.018000000000000002,0.072,1.8492430513950135,3,0.009999999999999998
N15_M07_F10_KA30_13,KA30,real,outer_race,N15_M07_F10,1499.65,none,12000.0,14000.0,11.769,normal,0.716,-0.6963269682109616,2,0.0,0.254,0.6058839131682415,1,0.0
N15_M07_F10_KA30_14,KA30,real,outer_race,N15_M07_F10,1499.5,none,10666.7,13333.3,6.371,normal,0.642,-0.3413422507854976,1,0.0,0.326,0.5674341934297632,2,0.008
N15_M07_F10_KA30_15,KA30,real,outer_race,N15_M07_F10,1499.5,none,10666.7,13333.3,5.8796,normal,0.312,0.8450851225107048,1,-0.0010000000000000009,0.316,0.8727252504577295,2,0.011
N15_M07_F10_KA30_16,KA30,real,outer_race,N15_M07_F10,1499.4,none,10666.7,13333.3,6.2846,normal,0.452,0.15651659105983076,1,0.0010000000000000009,0.182,1.196874225740291,1,0.009999999999999998
N15_M07_F10_KA30_17,KA30,real,outer_race,N15_M07_F10,1499.68,none,12000.0,14000.0,8.001,normal,0.604,-0.385126501554306,1,-0.0010000000000000009,0.166,0.925092544292543,2,0.009999999999999998
N15_M07_F10_KA30_18,KA30,real,outer_race,N15_M07_F10,1499.24,none,10666.7,13333.3,8.2826,normal,0.924,-0.9452294234868771,0,0.009999999999999998,0.536,-0.1048614898885832,1,-0.008
N15_M07_F10_KA30_19,KA30,real,outer_race,N15_M07_F10,1499.73,none,10666.7,13333.3,8.3861,normal,0.698,-0.6611806238993073,1,0.0,0.252,0.892768212430161,2,0.008
N15_M07_F10_KA30_2,KA30,real,outer_race,N15_M07_F10,1499.45,none,12000.0,14000.0,8.8167,normal,0.584,-0.22520894289343976,2,-0.0010000000000000009,0.652,-0.34130917926937854,2,0.012
N15_M07_F10_KA30_20,KA30,real,outer_race,N15_M07_F10,1499.64,none,12000.0,14000.0,6.2958,normal,0.93,-0.8492610285809903,1,0.0010000000000000009,0.738,-0.6890162944173494,2,0.0
N15_M07_F10_KA30_3,KA30,real,outer_race,N15_M07_F10,1499.53,none,10666.7,13333.3,6.7733,normal,0.66,-0.19481933714375496,1,0.0,0.42,0.14594752305440675,2,-0.015
N15_M07_F10_KA30_4,KA30,real,outer_race,N15_M07_F10,1499.61,none,10666.7,13333.3,6.7477,normal,0.946,-1.087793683721873,0,-0.0019999999999999983,0.276,0.5615217898310365,3,0.009999999999999998
N15_M07_F10_KA30_5,KA30,real,outer_race,N15_M07_F10,1499.59,none,12000.0,14000.0,9.0247,normal,0.856,-0.5054798421275453,2,-0.0010000000000000009,0.164,1.3200279647401096,1,0.009000000000000001
N15_M07_F10_KA30_6,KA30,real,outer_race,N15_M07_F10,1499.46,none,12000.0,14000.0,6.4763,normal,0.88,-0.7560703094555465,1,0.0010000000000000009,0.348,0.5754743783394076,1,0.008
N15_M07_F10_KA30_7,KA30,real,outer_race,N15_M07_F10,1499.57,none,10666.7,13333.3,6.2137,normal,0.614,-0.09710317827483005,1,-0.0010000000000000009,0.358,0.49805635621611805,1,0.011
N15_M07_F10_KA30_8,KA30,real,outer_race,N15_M07_F10,1499.51,none,12000.0,14000.0,6.4633,normal,0.578,-0.1254846796865377,1,0.0,0.278,0.7727932289539233,3,0.011
N15_M07_F10_KA30_9,KA30,real,outer_race,N15_M07_F10,1499.9,none,10666.7,13333.3,6.5834,normal,0.942,-1.3160521981467186,1,0.0,0.83,-0.7350237324267505,2,-0.015
N15_M07_F10_KI01_1,KI01,artificial,inner_race,N15_M07_F10,1499.57,none,8000.0,12000.0,15.936,normal,0.042,4.214372742920176,1,-0.018000000000000002,0.062,4.399545064812287,17,-0.0019999999999999983
N15_M07_F10_KI01_10,KI01,artificial,inner_race,N15_M07_F10,1499.57,none,8000.0,12000.0,17.2181,inner_race,0.096,1.8395288468162556,1,-0.017,0.002,10.063624590054049,25,-0.002999999999999999
N15_M07_F10_KI01_11,KI01,artificial,inner_race,N15_M07_F10,1499.65,none,8000.0,12000.0,18.0606,inner_race,0.048,4.243568681840502,1,-0.018000000000000002,0.002,4.951214803823118,25,-0.002999999999999999
N15_M07_F10_KI01_12,KI01,artificial,inner_race,N15_M07_F10,1499.58,none,8000.0,12000.0,17.1069,inner_race,0.054,1.3249297448477184,1,-0.018000000000000002,0.002,3.565935854483625,25,-0.0019999999999999983
N15_M07_F10_KI01_13,KI01,artificial,inner_race,N15_M07_F10,1499.64,none,8000.0,10666.7,16.6756,inner_race,0.046,4.304969943272096,1,-0.017,0.002,5.201731122444133,25,-0.0019999999999999983
N15_M07_F10_KI01_14,KI01,artificial,inner_race,N15_M07_F10,1499.52,none,8000.0,12000.0,17.6659,inner_race,0.116,1.2130438485187045,1,-0.017,0.002,3.996272761818179,25,-0.0019999999999999983
N15_M07_F10_KI01_15,KI01,artificial,inner_race,N15_M07_F10,1499.59,none,8000.0,10666.7,18.4871,inner_race,0.044,1.7871354432347175,1,-0.018000000000000002,0.002,4.363859835585536,25,-0.002999999999999999
N15_M07_F10_KI01_16,KI01,artificial,inner_race,N15_M07_F10,1499.59,none,8000.0,12000.0,18.409,inner_race,0.044,2.1323801888248144,1,-0.017,0.002,4.822991716948418,25,-0.0019999999999999983
N15_M07_F10_KI01_17,KI01,artificial,inner_race,N15_M07_F10,1499.53,none,8000.0,12000.0,18.8459,inner_race,0.048,2.2825058826066615,1,-0.018000000000000002,0.002,5.619398725768539,25,-0.0019999999999999983
N15_M07_F10_KI01_18,KI01,artificial,inner_race,N15_M07_F10,1499.54,none,8000.0,12000.0,18.5028,inner_race,0.046,2.7660861157931915,1,-0.018000000000000002,0.002,4.13465913461392,25,-0.002999999999999999
N15_M07_F10_KI01_19,KI01,artificial,inner_race,N15_M07_F10,1499.6,none,8000.0,12000.0,17.3596,inner_race,0.134,2.0843139390303995,1,-0.016,0.002,3.852584819004483,25,-0.0019999999999999983
N15_M07_F10_KI01_2,KI01,artificial,inner_race,N15_M07_F10,1499.54,none,8000.0,12000.0,14.8594,inner_race,0.014,11.636183552334124,1,-0.018000000000000002,0.002,4.715813441801878,20,-0.0019999999999999983
N15_M07_F10_KI01_20,KI01,artificial,inner_race,N15_M07_F10,1499.6,none,8000.0,12000.0,18.537,inner_race,0.046,6.237027621175708,1,-0.018000000000000002,0.002,3.6863355914318063,25,-0.0019999999999999983
N15_M07_F10_KI01_3,KI01,artificial,inner_race,N15_M07_F10,1499.6,none,8000.0,12000.0,18.8595,inner_race,0.05,1.2612514544282933,1,-0.018000000000000002,0.002,3.5847530056816286,25,-0.0019999999999999983
N15_M07_F10_KI01_4,KI01,artificial,inner_race,N15_M07_F10,1499.55,none,8000.0,12000.0,16.0683,inner_race,0.05,0.8995507200853327,1,-0.018000000000000002,0.002,3.947135524368207,25,-0.0019999999999999983
N15_M07_F10_KI01_5,KI01,artificial,inner_race,N15_M07_F10,1499.64,none,8000.0,12000.0,15.5899,inner_race,0.054,1.319534614811174,1,-0.018000000000000002,0.002,6.388787077985959,25,-0.0019999999999999983
N15_M07_F10_KI01_6,KI01,artificial,inner_race,N15_M07_F10,1499.59,none,8000.0,12000.0,15.1431,inner_race,0.208,1.645069576277732,1,-0.017,0.002,5.034071522811205,25,-0.0019999999999999983
N15_M07_F10_KI01_7,KI01,artificial,inner_race,N15_M07_F10,1499.61,none,8000.0,12000.0,15.2632,inner_race,0.048,1.6472361416088424,1,-0.018000000000000002,0.002,6.310008603785399,25,-0.0019999999999999983
N15_M07_F10_KI01_8,KI01,artificial,inner_race,N15_M07_F10,1499.6,none,8000.0,12000.0,16.8449,inner_race,0.054,1.4853875132056613,1,-0.017,0.002,4.667669612753495,25,-0.0019999999999999983
N15_M07_F10_KI01_9,KI01,artificial,inner_race,N15_M07_F10,1499.67,none,8000.0,12000.0,16.8891,inner_race,0.15,1.21577441757723,1,-0.018000000000000002,0.002,7.337063570780502,25,-0.0019999999999999983
N15_M07_F10_KI03_1,KI03,artificial,inner_race,N15_M07_F10,1499.68,none,12000.0,14000.0,3.3045,normal,0.966,-1.3649545330955681,0,0.02,0.842,-0.8731519144479817,0,0.016000000000000004
N15_M07_F10_KI03_10,KI03,artificial,inner_race,N15_M07_F10,1499.64,none,12000.0,14000.0,4.2232,normal,0.636,-0.2770586850635341,0,0.014000000000000002,0.842,-0.8330203400437846,1,-0.0010000000000000009
N15_M07_F10_KI03_11,KI03,artificial,inner_race,N15_M07_F10,1499.79,none,12000.0,14000.0,3.5514,normal,0.838,-0.7753463860948948,0,-0.006999999999999999,0.994,-1.2678151421206572,1,0.011
N15_M07_F10_KI03_12,KI03,artificial,inner_race,N15_M07_F10,1499.82,none,12000.0,14000.0,3.6048,normal,0.458,0.057478855633121426,0,0.016000000000000004,0.956,-1.0712416708203263,1,0.006000000000000002
N15_M07_F10_KI03_13,KI03,artificial,inner_race,N15_M07_F10,1499.66,none,12000.0,14000.0,4.6369,normal,0.64,-0.5866092579489628,0,-0.0010000000000000009,0.388,0.2697819756137336,1,-0.009000000000000001
N15_M07_F10_KI03_14,KI03,artificial,inner_race,N15_M07_F10,1499.63,none,12000.0,14000.0,4.4921,normal,0.72,-0.6304724904327753,0,0.015000000000000003,0.998,-1.432463908160749,1,-0.009000000000000001
N15_M07_F10_KI03_15,KI03,artificial,inner_race,N15_M07_F10,1499.61,none,12000.0,14000.0,4.505,normal,0.854,-1.0143356595591542,0,0.012,0.658,-0.5431132919498497,0,0.006000000000000002
N15_M07_F10_KI03_16,KI03,artificial,inner_race,N15_M07_F10,1499.57,none,12000.0,14000.0,4.3102,normal,0.304,0.6166879289216474,0,0.016000000000000004,0.724,-0.4369233583615456,0,0.005000000000000001
N15_M07_F10_KI03_17,KI03,artificial,inner_race,N15_M07_F10,1499.67,none,12000.0,14000.0,4.4181,normal,0.382,0.5586475593340284,0,0.016000000000000004,0.526,-0.10107888355497929,0,0.005000000000000001
N15_M07_F10_KI03_18,KI03,artificial,inner_race,N15_M07_F10,1499.58,none,12000.0,14000.0,4.1791,normal,0.8,-0.5181900025492495,0,0.015000000000000003,0.654,-0.4120814647697089,0,0.012
N15_M07_F10_KI03_19,KI03,artificial,inner_race,N15_M07_F10,1499.56,none,12000.0,14000.0,4.4547,normal,0.788,-0.5653885437878846,0,-0.019,0.484,0.06098814711092507,1,-0.01
N15_M07_F10_KI03_2,KI03,artificial,inner_race,N15_M07_F10,1499.5,none,12000.0,14000.0,3.9727,normal,0.418,0.09407714184001764,0,0.012,0.424,0.10480436517954982,1,-0.018000000000000002
N15_M07_F10_KI03_20,KI03,artificial,inner_race,N15_M07_F10,1499.55,none,12000.0,14000.0,3.7872,normal,0.39,0.07594587162298708,0,0.011,0.592,-0.2822273339287509,0,0.011
N15_M07_F10_KI03_3,KI03,artificial,inner_race,N15_M07_F10,1499.6,none,12000.0,14000.0,4.8185,normal,0.934,-1.7146092793893917,0,0.016000000000000004,0.93,-1.1511819006180721,0,0.008
N15_M07_F10_KI03_4,KI03,artificial,inner_race,N15_M07_F10,1499.65,none,12000.0,14000.0,4.6672,normal,0.406,0.28051852695042245,0,0.015000000000000003,0.626,-0.2698811924140219,1,-0.008
N15_M07_F10_KI03_5,KI03,artificial,inner_race,N15_M07_F10,1499.65,none,12000.0,14000.0,3.5702,normal,0.794,-1.2272493955280641,0,0.013000000000000001,0.542,-0.10226397733232065,1,-0.009000000000000001
N15_M07_F10_KI03_6,KI03,artificial,inner_race,N15_M07_F10,1499.57,none,12000.0,14000.0,3.4931,normal,0.5,0.07432816765524129,0,0.013000000000000001,0.396,0.3290077369845067,1,0.006000000000000002
N15_M07_F10_KI03_7,KI03,artificial,inner_race,N15_M07_F10,1499.58,none,12000.0,14000.0,3.5517,normal,0.872,-0.7686506146473926,0,0.016000000000000004,0.908,-0.875027396946759,0,0.0
N15_M07_F10_KI03_8,KI03,artificial,inner_race,N15_M07_F10,1499.54,none,12000.0,14000.0,3.9709,normal,0.784,-1.2708297270302258,0,0.02,0.932,-1.1767515176031027,0,0.016000000000000004
N15_M07_F10_KI03_9,KI03,artificial,inner_race,N15_M07_F10,1499.64,none,12000.0,14000.0,3.9173,normal,0.964,-0.8739071793091393,0,0.0010000000000000009,0.664,-0.4494803030214343,1,0.006000000000000002
N15_M07_F10_KI04_1,KI04,real,inner_race,N15_M07_F10,1499.64,none,12000.0,14000.0,4.0579,normal,0.632,-0.5251242851156466,1,-0.017,0.246,0.7145572834826791,3,0.011
N15_M07_F10_KI04_10,KI04,real,inner_race,N15_M07_F10,1499.31,none,10666.7,13333.3,4.5525,normal,0.354,0.9089609017722463,2,-0.0010000000000000009,0.216,1.0101024141111294,3,0.011
N15_M07_F10_KI04_11,KI04,real,inner_race,N15_M07_F10,1499.5,none,12000.0,14000.0,3.53,normal,0.156,2.5628086968285055,1,-0.0010000000000000009,0.556,-0.24338051411948725,3,0.012
N15_M07_F10_KI04_12,KI04,real,inner_race,N15_M07_F10,1499.49,none,12000.0,14000.0,4.1275,normal,0.938,-0.9225802263288816,0,-0.016,0.048,2.5070575855761703,2,0.009999999999999998
N15_M07_F10_KI04_13,KI04,real,inner_race,N15_M07_F10,1499.44,none,12000.0,14000.0,4.2115,normal,0.748,-0.30268358020702235,1,0.0,0.422,0.19201899609196932,1,0.016000000000000004
N15_M07_F10_KI04_14,KI04,real,inner_race,N15_M07_F10,1499.55,none,10666.7,13333.3,4.4369,normal,0.372,0.6159671435443556,1,0.0,0.62,-0.3999702776087976,2,0.011
N15_M07_F10_KI04_15,KI04,real,inner_race,N15_M07_F10,1499.68,none,10666.7,13333.3,2.8854,normal,0.238,0.6297549597586607,1,-0.018000000000000002,0.322,0.42570984613264745,3,0.011
N15_M07_F10_KI04_16,KI04,real,inner_race,N15_M07_F10,1499.48,none,10666.7,13333.3,2.5826,normal,0.448,0.0772299574583577,1,0.0,0.562,-0.14111475377160615,1,0.015000000000000003
N15_M07_F10_KI04_17,KI04,real,inner_race,N15_M07_F10,1499.84,none,10666.7,13333.3,2.3017,inner_race,0.21,2.335468606649112,1,-0.0019999999999999983,0.016,2.085568153184514,3,0.011
N15_M07_F10_KI04_18,KI04,real,inner_race,N15_M07_F10,1499.53,none,10666.7,13333.3,2.5265,normal,0.596,-0.3117010054458879,1,0.0,0.86,-1.2609472861491482,1,-0.015
N15_M07_F10_KI04_19,KI04,real,inner_race,N15_M07_F10,1499.87,none,10666.7,13333.3,2.3259,normal,0.344,0.3040369925723873,1,-0.0010000000000000009,0.098,1.3493491078982707,2,0.011
N15_M07_F10_KI04_2,KI04,real,inner_race,N15_M07_F10,1499.7,none,12000.0,14000.0,3.3253,normal,0.216,0.5920152274427897,1,0.0,0.144,1.2994437419946296,1,0.009999999999999998
N15_M07_F10_KI04_20,KI04,real,inner_race,N15_M07_F10,1499.45,none,12000.0,14000.0,2.3031,normal,0.434,0.10050214168217848,1,-0.0010000000000000009,0.22,0.833198467792249,2,0.012
N15_M07_F10_KI04_3,KI04,real,inner_race,N15_M07_F10,1499.63,none,12000.0,14000.0,2.9029,normal,0.478,0.0672376061733421,1,-0.0010000000000000009,0.458,0.150952139801673,2,0.009999999999999998
N15_M07_F10_KI04_4,KI04,real,inner_race,N15_M07_F10,1499.6,none,10666.7,13333.3,3.3662,normal,0.95,-1.255276796018949,1,0.0,0.47,0.05400702930700716,2,0.012
N15_M07_F10_KI04_5,KI04,real,inner_race,N15_M07_F10,1499.75,none,10666.7,13333.3,4.465,normal,0.238,1.4116795375044673,2,-0.0010000000000000009,0.384,0.2163621958039825,3,0.012
N15_M07_F10_KI04_6,KI04,real,inner_race,N15_M07_F10,1499.64,none,10666.7,13333.3,4.3745,normal,0.316,0.7337921872634182,1,-0.0010000000000000009,0.522,-0.019856150483083958,0,-0.0010000000000000009
N15_M07_F10_KI04_7,KI04,real,inner_race,N15_M07_F10,1499.63,none,10666.7,13333.3,5.2813,inner_race,0.634,-0.25093909076463466,1,-0.0010000000000000009,0.008,4.183915877408471,3,0.009999999999999998
N15_M07_F10_KI04_8,KI04,real,inner_race,N15_M07_F10,1499.64,none,10666.7,13333.3,3.5465,normal,0.65,-0.43684885965985265,1,0.0,0.636,-0.41713914034612937,3,0.012
N15_M07_F10_KI04_9,KI04,real,inner_race,N15_M07_F10,1499.61,none,10666.7,13333.3,4.1849,normal,0.43,0.06719068289330747,2,0.0,0.874,-0.9332882432454916,3,0.009999999999999998
N15_M07_F10_KI05_1,KI05,artificial,inner_race,N15_M07_F10,1499.88,none,10666.7,13333.3,9.3092,normal,0.306,0.9412891209700511,2,-0.0010000000000000009,0.454,0.08214709868862603,2,-0.014
N15_M07_F10_KI05_10,KI05,artificial,inner_race,N15_M07_F10,1499.6,none,12000.0,14000.0,6.0514,normal,0.746,-0.19116110273440773,1,0.0,0.364,0.4705847203561004,2,0.011
N15_M07_F10_KI05_11,KI05,artificial,inner_race,N15_M07_F10,1499.55,none,10666.7,13333.3,7.5309,normal,0.826,-0.7526568820725162,1,-0.0019999999999999983,0.636,-0.4356254282495902,2,0.0
N15_M07_F10_KI05_12,KI05,artificial,inner_race,N15_M07_F10,1499.78,none,10666.7,13333.3,9.52,normal,0.698,-0.4432639336458135,1,-0.0010000000000000009,0.546,-0.12409835088238579,2,0.012
N15_M07_F10_KI05_13,KI05,artificial,inner_race,N15_M07_F10,1499.61,none,10666.7,13333.3,9.7053,normal,0.82,-0.5596722222419934,1,0.011,0.89,-1.1116879562226638,1,-0.018000000000000002
N15_M07_F10_KI05_14,KI05,artificial,inner_race,N15_M07_F10,1499.67,none,12000.0,14000.0,7.1412,normal,0.83,-0.7248562350263782,0,-0.0010000000000000009,0.492,0.06042337684372167,2,0.012
N15_M07_F10_KI05_15,KI05,artificial,inner_race,N15_M07_F10,1499.52,none,12000.0,14000.0,7.0319,normal,0.632,-0.6353863433881564,1,-0.0010000000000000009,0.406,0.33667181508030947,1,-0.014
N15_M07_F10_KI05_16,KI05,artificial,inner_race,N15_M07_F10,1499.58,none,12000.0,14000.0,5.833,normal,0.438,0.17887699832595888,1,0.0,0.768,-0.5551463047714793,1,0.014000000000000002
N15_M07_F10_KI05_17,KI05,artificial,inner_race,N15_M07_F10,1499.58,none,10666.7,13333.3,5.8355,normal,0.778,-0.6985916830564813,0,-0.017,0.248,1.4025412609237502,2,0.012
N15_M07_F10_KI05_18,KI05,artificial,inner_race,N15_M07_F10,1499.62,none,10666.7,13333.3,8.7493,normal,0.72,-0.5850664620395721,1,-0.0010000000000000009,0.504,-0.0038525299434283558,2,0.0
N15_M07_F10_KI05_19,KI05,artificial,inner_race,N15_M07_F10,1499.6,none,10666.7,13333.3,7.054,normal,0.834,-0.8454555748012506,1,0.0,0.504,-0.04653964645963205,1,0.0
N15_M07_F10_KI05_2,KI05,artificial,inner_race,N15_M07_F10,1499.63,none,12000.0,14000.0,7.8241,normal,0.876,-1.0946648983276037,1,-0.0019999999999999983,0.05,2.6295280961237495,2,0.011
N15_M07_F10_KI05_20,KI05,artificial,inner_race,N15_M07_F10,1499.51,none,10666.7,13333.3,8.9466,normal,0.882,-0.7098147043621319,1,-0.0010000000000000009,0.866,-0.993296131841322,1,0.013000000000000001
N15_M07_F10_KI05_3,KI05,artificial,inner_race,N15_M07_F10,1499.53,none,12000.0,14000.0,7.8047,normal,0.638,-0.28648476548121177,0,0.016000000000000004,0.37,0.3673166165652472,2,0.012
N15_M07_F10_KI05_4,KI05,artificial,inner_race,N15_M07_F10,1499.4,none,10666.7,13333.3,10.7427,normal,0.716,-0.19889906487640857,2,-0.0010000000000000009,0.748,-0.6562213503462591,1,0.0
N15_M07_F10_KI05_5,KI05,artificial,inner_race,N15_M07_F10,1499.53,none,12000.0,14000.0,9.2256,normal,0.562,-0.3115374789198924,2,0.0,0.21,1.533186905899346,2,0.0
N15_M07_F10_KI05_6,KI05,artificial,inner_race,N15_M07_F10,1499.56,none,10666.7,13333.3,7.8502,normal,0.698,-0.5235987085513012,1,-0.0010000000000000009,0.588,-0.2858493664008477,2,0.012
N15_M07_F10_KI05_7,KI05,artificial,inner_race,N15_M07_F10,1499.6,none,10666.7,13333.3,9.2578,normal,0.576,-0.08808941919565842,2,-0.0010000000000000009,0.59,-0.2178983465533096,1,-0.015
N15_M07_F10_KI05_8,KI05,artificial,inner_race,N15_M07_F10,1499.52,none,10666.7,13333.3,8.4795,normal,0.654,-0.17072463881729502,2,-0.0010000000000000009,0.448,0.14835736999384896,2,0.0
N15_M07_F10_KI05_9,KI05,artificial,inner_race,N15_M07_F10,1499.63,none,10666.7,13333.3,7.0523,normal,0.612,-0.3597294190385635,1,-0.0019999999999999983,0.592,-0.30974769581801637,2,0.009999999999999998
N15_M07_F10_KI07_1,KI07,artificial,inner_race,N15_M07_F10,1499.27,none,12000.0,14000.0,9.8537,normal,0.496,0.08584641387010622,1,-0.0010000000000000009,0.96,-1.4115915575989948,1,-0.014
N15_M07_F10_KI07_10,KI07,artificial,inner_race,N15_M07_F10,1499.5,none,12000.0,14000.0,7.5733,normal,0.682,-0.4163210086044068,1,-0.0010000000000000009,0.68,-0.678804802389485,0,0.006000000000000002
N15_M07_F10_KI07_11,KI07,artificial,inner_race,N15_M07_F10,1499.55,none,12000.0,14000.0,8.7277,normal,0.702,-0.6125489351499802,1,0.0,0.456,0.0674038693732218,2,0.012
N15_M07_F10_KI07_12,KI07,artificial,inner_race,N15_M07_F10,1499.69,none,10666.7,13333.3,7.7553,normal,0.784,-0.34710551583969224,1,-0.0010000000000000009,0.192,0.9845688157565463,0,0.016000000000000004
N15_M07_F10_KI07_13,KI07,artificial,inner_race,N15_M07_F10,1499.83,none,12000.0,14000.0,8.3748,normal,0.284,0.5728345150185,2,-0.0010000000000000009,0.4,0.3483556549238519,1,-0.0010000000000000009
N15_M07_F10_KI07_14,KI07,artificial,inner_race,N15_M07_F10,1499.32,none,10666.7,13333.3,7.5582,normal,0.342,1.1378752313448934,0,0.016000000000000004,0.648,-0.34138709323569677,1,-0.015
N15_M07_F10_KI07_15,KI07,artificial,inner_race,N15_M07_F10,1499.74,none,10666.7,13333.3,9.1626,normal,0.278,1.1801564449422337,2,-0.0010000000000000009,0.18,1.083522550780013,3,0.012
N15_M07_F10_KI07_16,KI07,artificial,inner_race,N15_M07_F10,1499.41,none,10666.7,13333.3,8.7774,normal,0.734,-0.363906817142702,2,-0.0010000000000000009,0.73,-0.7268868296090533,1,-0.008
N15_M07_F10_KI07_17,KI07,artificial,inner_race,N15_M07_F10,1499.56,none,10666.7,13333.3,7.8523,normal,0.498,0.088272833763638,1,0.016999999999999998,0.776,-0.7411458315547135,2,0.011
N15_M07_F10_KI07_18,KI07,artificial,inner_race,N15_M07_F10,1499.74,none,10666.7,13333.3,8.5848,normal,0.368,0.37366100784109785,2,-0.0019999999999999983,0.604,-0.19823046394313962,2,0.011
N15_M07_F10_KI07_19,KI07,artificial,inner_race,N15_M07_F10,1499.49,none,12000.0,14000.0,6.7403,normal,0.436,0.2645798881511743,1,-0.0010000000000000009,0.572,-0.11834132919166925,1,0.0019999999999999983
N15_M07_F10_KI07_2,KI07,artificial,inner_race,N15_M07_F10,1499.78,none,10666.7,13333.3,7.8717,normal,0.802,-0.702223016587253,0,0.02,0.404,0.41827279070353374,1,-0.015
N15_M07_F10_KI07_20,KI07,artificial,inner_race,N15_M07_F10,1498.85,none,10666.7,13333.3,10.2359,normal,0.348,0.7889444095991098,1,0.0,0.938,-1.2347265835668997,2,0.013000000000000001
N15_M07_F10_KI07_3,KI07,artificial,inner_race,N15_M07_F10,1499.59,none,10666.7,13333.3,8.2344,normal,0.676,-0.1749283797183002,1,0.0,0.192,1.159023479122891,2,0.012
N15_M07_F10_KI07_4,KI07,artificial,inner_race,N15_M07_F10,1499.4,none,10666.7,13333.3,7.5622,normal,0.218,1.0146173189682284,2,0.0010000000000000009,0.22,0.9246121386156559,4,0.012
N15_M07_F10_KI07_5,KI07,artificial,inner_race,N15_M07_F10,1499.49,none,10666.7,13333.3,6.3754,normal,0.678,-0.258754974596387,1,0.0,0.372,0.3480929048815898,3,0.013000000000000001
N15_M07_F10_KI07_6,KI07,artificial,inner_race,N15_M07_F10,1499.62,none,12000.0,14000.0,7.2906,normal,0.372,0.48960778033532376,1,0.016000000000000004,0.42,0.13443814269534146,2,0.012
N15_M07_F10_KI07_7,KI07,artificial,inner_race,N15_M07_F10,1499.41,none,10666.7,13333.3,6.393,normal,0.406,0.3927538881350393,1,0.0,0.704,-0.4207923974054416,3,0.012
N15_M07_F10_KI07_8,KI07,artificial,inner_race,N15_M07_F10,1499.52,none,12000.0,14000.0,9.738,normal,0.244,0.3833659186215886,1,-0.0010000000000000009,0.52,-0.03419462003335191,2,0.012
N15_M07_F10_KI07_9,KI07,artificial,inner_race,N15_M07_F10,1499.54,none,10666.7,13333.3,6.6183,normal,0.766,-0.7664080182908354,1,-0.0010000000000000009,0.224,0.9655299966338832,1,-0.01
N15_M07_F10_KI08_1,KI08,artificial,inner_race,N15_M07_F10,1500.1,none,10666.7,13333.3,9.6264,normal,0.506,-0.04914386361233761,0,0.0,0.836,-0.8064989676816651,1,-0.015
N15_M07_F10_KI08_10,KI08,artificial,inner_race,N15_M07_F10,1499.79,none,12000.0,14000.0,6.9928,normal,0.236,0.7730805502705355,1,0.0,0.632,-0.24389712977775707,3,0.012
N15_M07_F10_KI08_11,KI08,artificial,inner_race,N15_M07_F10,1499.64,none,10666.7,13333.3,7.8081,normal,0.588,-0.1376460599676077,0,0.016000000000000004,0.68,-0.4743910842271161,1,-0.014
N15_M07_F10_KI08_12,KI08,artificial,inner_race,N15_M07_F10,1499.45,none,10666.7,13333.3,10.2558,normal,0.908,-0.9612416516569331,2,0.0010000000000000009,0.36,0.2869240758773702,3,0.012
N15_M07_F10_KI08_13,KI08,artificial,inner_race,N15_M07_F10,1499.48,none,10666.7,13333.3,9.9226,normal,0.404,0.12770736562362822,2,0.0010000000000000009,0.63,-0.30958125737950876,1,0.008
N15_M07_F10_KI08_14,KI08,artificial,inner_race,N15_M07_F10,1499.43,none,10666.7,13333.3,9.1066,normal,0.5,0.00032862884728373094,1,0.0,0.666,-0.42776034610675306,0,0.006000000000000002
N15_M07_F10_KI08_15,KI08,artificial,inner_race,N15_M07_F10,1499.47,none,10666.7,13333.3,6.6052,normal,0.712,-0.3885700154113493,1,-0.0019999999999999983,0.056,1.730777536284439,4,0.012
N15_M07_F10_KI08_16,KI08,artificial,inner_race,N15_M07_F10,1499.48,none,10666.7,13333.3,8.2973,normal,0.704,-0.48232909118859596,0,0.011,0.432,0.3142127411056872,2,0.012
N15_M07_F10_KI08_17,KI08,artificial,inner_race,N15_M07_F10,1499.71,none,10666.7,13333.3,6.9039,normal,0.732,-0.4893052374194598,0,-0.018000000000000002,0.302,0.4732260023989657,1,-0.014
N15_M07_F10_KI08_18,KI08,artificial,inner_race,N15_M07_F10,1499.9,none,12000.0,14000.0,7.1842,normal,0.714,-0.5053973111292938,0,-0.017,0.294,0.5366561949083836,2,0.012
N15_M07_F10_KI08_19,KI08,artificial,inner_race,N15_M07_F10,1499.61,none,10666.7,13333.3,7.8461,normal,0.54,-0.06656179527454276,1,-0.0010000000000000009,0.262,0.547192449168215,4,0.012
N15_M07_F10_KI08_2,KI08,artificial,inner_race,N15_M07_F10,1499.79,none,10666.7,13333.3,6.7533,normal,0.52,-0.11885270547582269,1,-0.0010000000000000009,0.07,1.5138859798366888,2,0.009999999999999998
N15_M07_F10_KI08_20,KI08,artificial,inner_race,N15_M07_F10,1499.54,none,10666.7,13333.3,8.8285,normal,0.776,-0.5128213816523713,1,-0.0010000000000000009,0.99,-2.1016638740096325,2,-0.006999999999999999
N15_M07_F10_KI08_3,KI08,artificial,inner_race,N15_M07_F10,1499.52,none,10666.7,13333.3,6.9644,normal,0.896,-0.840467054011829,1,-0.0010000000000000009,0.174,0.8949017988777489,1,0.015000000000000003
N15_M07_F10_KI08_4,KI08,artificial,inner_race,N15_M07_F10,1499.6,none,12000.0,14000.0,7.3965,normal,0.67,-0.35402792458130505,1,-0.0010000000000000009,0.868,-1.0593683071597997,2,0.011
N15_M07_F10_KI08_5,KI08,artificial,inner_race,N15_M07_F10,1499.67,none,10666.7,13333.3,5.9314,normal,0.334,0.47055635512259963,1,-0.0010000000000000009,0.324,0.5467132940964615,4,0.011
N15_M07_F10_KI08_6,KI08,artificial,inner_race,N15_M07_F10,1499.69,none,10666.7,13333.3,9.4437,normal,0.684,-0.33816571683417135,0,-0.018000000000000002,0.094,1.350340242339307,3,0.012
N15_M07_F10_KI08_7,KI08,artificial,inner_race,N15_M07_F10,1499.49,none,10666.7,13333.3,9.1914,normal,0.698,-0.6556885814967449,1,0.0,0.242,1.5021822186674698,2,0.012
N15_M07_F10_KI08_8,KI08,artificial,inner_race,N15_M07_F10,1499.67,none,10666.7,13333.3,5.9117,normal,0.524,-0.02048260783821199,1,-0.0010000000000000009,0.128,2.224375971297048,3,0.011
N15_M07_F10_KI08_9,KI08,artificial,inner_race,N15_M07_F10,1499.46,none,10666.7,13333.3,8.598,normal,0.846,-0.8530622984514985,1,-0.0010000000000000009,0.96,-1.6859760961996262,1,0.0
N15_M07_F10_KI14_1,KI14,real,inner_race,N15_M07_F10,1499.4,none,10666.7,13333.3,5.017,normal,0.948,-0.7274650009123883,1,0.013000000000000001,0.612,-0.18728825470573612,1,-0.015
N15_M07_F10_KI14_10,KI14,real,inner_race,N15_M07_F10,1499.54,none,12000.0,14000.0,5.2748,normal,0.68,-0.46555587866001313,0,0.015000000000000003,0.972,-1.6167556613031553,1,0.006000000000000002
N15_M07_F10_KI14_11,KI14,real,inner_race,N15_M07_F10,1499.68,none,12000.0,14000.0,4.9299,normal,0.872,-0.76678309484696,0,0.015000000000000003,0.644,-0.34427647681953777,2,-0.016
N15_M07_F10_KI14_12,KI14,real,inner_race,N15_M07_F10,1499.66,none,12000.0,14000.0,5.3189,normal,0.756,-0.3783345479889086,1,0.015000000000000003,0.92,-1.2412165646224398,1,-0.0019999999999999983
N15_M07_F10_KI14_13,KI14,real,inner_race,N15_M07_F10,1499.45,none,12000.0,14000.0,4.065,normal,0.912,-1.0260127698904566,0,-0.014,0.888,-0.9107928489477513,2,-0.016
N15_M07_F10_KI14_14,KI14,real,inner_race,N15_M07_F10,1499.54,none,12000.0,14000.0,4.7821,normal,0.68,-0.36773903460932045,0,0.015000000000000003,0.894,-0.9878027616144277,0,0.006999999999999999
N15_M07_F10_KI14_15,KI14,real,inner_race,N15_M07_F10,1499.48,none,12000.0,14000.0,4.4713,normal,0.658,-0.37825364027172637,0,0.013000000000000001,0.914,-1.1926912247878947,1,0.015000000000000003
N15_M07_F10_KI14_16,KI14,real,inner_race,N15_M07_F10,1499.69,none,12000.0,14000.0,4.0446,normal,0.592,-0.11316859783289483,0,-0.02,0.338,0.5400250881986683,1,-0.0019999999999999983
N15_M07_F10_KI14_17,KI14,real,inner_race,N15_M07_F10,1499.48,none,12000.0,14000.0,4.6446,normal,0.81,-0.545469193718327,0,0.02,0.748,-0.7587929803086984,0,0.02
N15_M07_F10_KI14_18,KI14,real,inner_race,N15_M07_F10,1499.6,none,12000.0,14000.0,4.2294,normal,0.72,-0.48826319184669137,0,-0.02,0.372,0.44732962486406447,0,0.006000000000000002
N15_M07_F10_KI14_19,KI14,real,inner_race,N15_M07_F10,1499.66,none,12000.0,14000.0,4.6001,normal,0.87,-0.8085635823958791,0,0.016000000000000004,0.318,0.688664740022415,2,-0.009000000000000001
N15_M07_F10_KI14_2,KI14,real,inner_race,N15_M07_F10,1499.6,none,10666.7,13333.3,4.6903,normal,0.852,-0.7176578529406771,1,0.014000000000000002,0.786,-0.6524874475171513,2,-0.008
N15_M07_F10_KI14_20,KI14,real,inner_race,N15_M07_F10,1499.54,none,12000.0,14000.0,4.3808,normal,0.608,-0.3319997719576374,0,-0.019,0.686,-0.49468802618959357,0,0.006000000000000002
N15_M07_F10_KI14_3,KI14,real,inner_race,N15_M07_F10,1499.6,none,12000.0,14000.0,5.1725,normal,0.99,-1.4318840177444594,0,0.02,0.73,-0.47116953666559597,1,-0.008
N15_M07_F10_KI14_4,KI14,real,inner_race,N15_M07_F10,1499.73,none,12000.0,14000.0,4.5405,normal,0.784,-0.4922588465135551,0,0.015000000000000003,0.174,1.2597378984963696,1,-0.016
N15_M07_F10_KI14_5,KI14,real,inner_race,N15_M07_F10,1499.76,none,12000.0,14000.0,5.3003,normal,0.906,-0.8754783247415117,0,0.012,0.988,-1.6795662546778134,1,-0.012
N15_M07_F10_KI14_6,KI14,real,inner_race,N15_M07_F10,1499.75,none,12000.0,14000.0,4.3458,normal,0.468,0.03919982255779713,0,0.014000000000000002,0.754,-0.6699537208646132,0,-0.006999999999999999
N15_M07_F10_KI14_7,KI14,real,inner_race,N15_M07_F10,1499.66,none,12000.0,14000.0,5.0937,normal,0.842,-0.8078045494034262,0,0.0010000000000000009,0.384,0.22092510489526818,1,-0.015
N15_M07_F10_KI14_8,KI14,real,inner_race,N15_M07_F10,1499.45,none,12000.0,14000.0,4.5906,normal,0.78,-0.9553596690112008,0,0.018,0.456,0.17666739272640586,1,-0.008
N15_M07_F10_KI14_9,KI14,real,inner_race,N15_M07_F10,1499.54,none,12000.0,14000.0,5.616,normal,0.836,-0.7753089738811344,0,-0.018000000000000002,0.576,-0.25933342578401447,0,0.016000000000000004
N15_M07_F10_KI16_1,KI16,real,inner_race,N15_M07_F10,1499.53,none,0.0,2000.0,14.8165,outer_race,0.004,6.286183271102465,2,-0.02,0.002,2.9959441365628314,25,0.0019999999999999983
N15_M07_F10_KI16_10,KI16,real,inner_race,N15_M07_F10,1499.31,none,0.0,2000.0,15.3013,inner_race,0.012,3.8097303081953435,1,-0.02,0.002,3.0739410703964536,25,0.0010000000000000009
N15_M07_F10_KI16_11,KI16,real,inner_race,N15_M07_F10,1499.55,none,0.0,2000.0,15.8226,outer_race,0.012,4.346945244855381,2,-0.02,0.004,3.1380401023025124,25,0.0010000000000000009
N15_M07_F10_KI16_12,KI16,real,inner_race,N15_M07_F10,1499.91,none,0.0,2000.0,15.5672,inner_race,0.008,2.524847824179558,0,-0.02,0.002,3.1282166300368353,25,0.0010000000000000009
N15_M07_F10_KI16_13,KI16,real,inner_race,N15_M07_F10,1499.83,none,0.0,2000.0,15.1698,outer_race,0.006,10.052387846589172,4,-0.02,0.002,2.6773334872014476,25,0.0010000000000000009
N15_M07_F10_KI16_14,KI16,real,inner_race,N15_M07_F10,1499.79,none,0.0,2000.0,15.5636,outer_race,0.006,5.692844759873107,4,-0.02,0.002,2.5935597263035026,25,0.0
N15_M07_F10_KI16_15,KI16,real,inner_race,N15_M07_F10,1499.84,none,0.0,2000.0,15.6593,outer_race,0.008,5.944775320978014,3,-0.02,0.002,2.99312707413769,25,0.0010000000000000009
N15_M07_F10_KI16_16,KI16,real,inner_race,N15_M07_F10,1499.5,none,0.0,2000.0,15.1481,inner_race,0.002,5.962025053897158,0,-0.02,0.002,3.6384636644328316,25,0.0019999999999999983
N15_M07_F10_KI16_17,KI16,real,inner_race,N15_M07_F10,1499.72,none,0.0,2000.0,15.3691,inner_race,0.716,-0.6074368989526755,0,-0.019,0.002,2.873989386043353,15,0.0019999999999999983
N15_M07_F10_KI16_18,KI16,real,inner_race,N15_M07_F10,1499.41,none,0.0,2000.0,15.3352,outer_race,0.008,7.463968595707635,2,-0.02,0.004,2.4043657086367882,25,0.0010000000000000009
N15_M07_F10_KI16_19,KI16,real,inner_race,N15_M07_F10,1499.14,none,0.0,2000.0,15.265,inner_race,0.004,3.865466853294894,1,-0.02,0.002,2.610863323415915,24,0.0019999999999999983
N15_M07_F10_KI16_2,KI16,real,inner_race,N15_M07_F10,1500.08,none,0.0,2000.0,15.0428,outer_race,0.004,5.33508529228418,3,-0.02,0.002,2.9525432552996467,25,0.0010000000000000009
N15_M07_F10_KI16_20,KI16,real,inner_race,N15_M07_F10,1499.64,none,0.0,2000.0,15.4339,outer_race,0.002,8.428789116716503,2,-0.02,0.002,2.965045841153729,25,0.0010000000000000009
N15_M07_F10_KI16_3,KI16,real,inner_race,N15_M07_F10,1499.32,none,0.0,2000.0,15.3996,inner_race,0.02,2.8940133511449067,1,-0.02,0.002,2.3913120052603367,25,0.0010000000000000009
N15_M07_F10_KI16_4,KI16,real,inner_race,N15_M07_F10,1499.5,none,0.0,2000.0,15.6846,inner_race,0.128,1.6136982141100757,0,-0.019,0.002,2.8142981311451836,25,0.0019999999999999983
N15_M07_F10_KI16_5,KI16,real,inner_race,N15_M07_F10,1499.7,none,0.0,2000.0,15.3937,outer_race,0.006,12.036683636683781,3,-0.02,0.002,2.3077208069123776,25,0.0010000000000000009
N15_M07_F10_KI16_6,KI16,real,inner_race,N15_M07_F10,1499.47,none,0.0,2000.0,15.5038,inner_race,0.006,1.3623477525392638,0,-0.02,0.002,3.6465690489592646,19,0.0019999999999999983
N15_M07_F10_KI16_7,KI16,real,inner_race,N15_M07_F10,1499.84,none,0.0,2000.0,15.7631,outer_race,0.006,5.529396475872337,3,-0.02,0.004,2.874966696242213,25,0.0010000000000000009
N15_M07_F10_KI16_8,KI16,real,inner_race,N15_M07_F10,1499.29,none,0.0,2000.0,15.3111,outer_race,0.006,7.724616583688586,3,-0.02,0.002,2.2016538159239816,25,0.0
N15_M07_F10_KI16_9,KI16,real,inner_race,N15_M07_F10,1499.61,none,0.0,2000.0,15.6338,outer_race,0.008,4.861124284809612,3,-0.02,0.002,2.2217400443576776,25,0.0010000000000000009
N15_M07_F10_KI17_1,KI17,real,inner_race,N15_M07_F10,1499.33,none,8000.0,10666.7,85.8863,normal,0.538,-0.037421829269897185,0,-0.011,0.544,-0.21388870306611904,0,0.006000000000000002
N15_M07_F10_KI17_10,KI17,real,inner_race,N15_M07_F10,1499.62,none,10000.0,12000.0,15.1624,normal,0.596,-0.2852773799055717,0,-0.017,0.002,2.3766825048304203,0,-0.004
N15_M07_F10_KI17_11,KI17,real,inner_race,N15_M07_F10,1499.55,none,12000.0,14000.0,5.6126,normal,0.722,-0.6384778849400347,0,0.011,0.938,-0.9581198700459505,1,0.011
N15_M07_F10_KI17_12,KI17,real,inner_race,N15_M07_F10,1499.52,none,10666.7,13333.3,6.3979,normal,0.562,-0.17376676319297416,0,-0.02,0.392,0.32238440419195,1,-0.01
N15_M07_F10_KI17_13,KI17,real,inner_race,N15_M07_F10,1499.66,none,12000.0,14000.0,5.7038,normal,0.836,-0.8447966612912413,0,0.013000000000000001,0.856,-0.9042352158430571,1,0.011
N15_M07_F10_KI17_14,KI17,real,inner_race,N15_M07_F10,1500.59,none,12000.0,14000.0,5.4383,normal,0.744,-0.7024122878559685,0,-0.017,0.836,-0.7434638381154399,1,-0.017
N15_M07_F10_KI17_15,KI17,real,inner_race,N15_M07_F10,1499.44,none,10000.0,12000.0,8.0765,normal,0.948,-1.368417158244915,0,-0.013000000000000001,0.002,5.113049099359737,0,-0.005000000000000001
N15_M07_F10_KI17_16,KI17,real,inner_race,N15_M07_F10,1499.89,none,12000.0,14000.0,6.4763,normal,0.682,-0.5093001165060751,0,0.016999999999999998,0.43,0.09048609109023022,1,-0.017
N15_M07_F10_KI17_17,KI17,real,inner_race,N15_M07_F10,1499.57,none,12000.0,14000.0,5.6569,normal,0.218,0.9109434875105002,1,0.016000000000000004,0.644,-0.252056665544758,1,0.011
N15_M07_F10_KI17_18,KI17,real,inner_race,N15_M07_F10,1499.65,none,12000.0,14000.0,5.0507,normal,0.45,0.22377500126084152,0,0.015000000000000003,0.826,-0.8613885199429614,0,0.009999999999999998
N15_M07_F10_KI17_19,KI17,real,inner_race,N15_M07_F10,1499.49,none,12000.0,14000.0,6.0162,normal,0.608,-0.352721344806444,0,-0.017,0.44,0.16762087877108392,1,0.005000000000000001
N15_M07_F10_KI17_2,KI17,real,inner_race,N15_M07_F10,1499.58,none,10000.0,12000.0,18.8612,normal,0.412,0.283567660690737,0,0.0,0.798,-0.6838300604153492,0,0.0
N15_M07_F10_KI17_20,KI17,real,inner_race,N15_M07_F10,1499.51,none,12000.0,14000.0,5.7481,normal,0.362,0.4220409265465223,1,0.016999999999999998,0.782,-0.5783502377154858,1,-0.017
N15_M07_F10_KI17_3,KI17,real,inner_race,N15_M07_F10,1500.59,none,10000.0,12000.0,34.2051,normal,0.002,2.437794807276658,0,0.012,0.272,0.6885352756542896,0,-0.019
N15_M07_F10_KI17_4,KI17,real,inner_race,N15_M07_F10,1499.53,none,10000.0,12000.0,24.462,normal,0.144,0.8066057356265892,0,-0.019,0.974,-1.4673280173428447,0,0.009000000000000001
N15_M07_F10_KI17_5,KI17,real,inner_race,N15_M07_F10,1499.51,none,10000.0,12000.0,22.1174,normal,0.398,0.19670021302615065,0,0.009999999999999998,0.944,-1.87302475888369,0,-0.01
N15_M07_F10_KI17_6,KI17,real,inner_race,N15_M07_F10,1499.57,none,10666.7,13333.3,5.1201,normal,0.31,0.42837145412984357,0,0.016000000000000004,0.48,0.060510629953267975,0,-0.004
N15_M07_F10_KI17_7,KI17,real,inner_race,N15_M07_F10,1499.69,none,12000.0,14000.0,5.764,normal,0.622,-0.22210031162108215,0,-0.02,0.408,0.2637533510358598,1,0.015000000000000003
N15_M07_F10_KI17_8,KI17,real,inner_race,N15_M07_F10,1499.31,none,10000.0,12000.0,6.522,normal,0.842,-1.299690088296471,0,-0.012,0.606,-0.3591400502490386,0,0.016999999999999998
N15_M07_F10_KI17_9,KI17,real,inner_race,N15_M07_F10,1499.54,none,12000.0,14000.0,6.2205,normal,0.44,0.235844244338657,0,-0.009000000000000001,0.346,0.6304204286760666,1,-0.002999999999999999
N15_M07_F10_KI18_1,KI18,real,inner_race,N15_M07_F10,1499.74,none,8000.0,10666.7,19.7849,inner_race,0.052,2.0102407541806886,2,-0.018000000000000002,0.006,3.112525376029602,25,-0.002999999999999999
N15_M07_F10_KI18_10,KI18,real,inner_race,N15_M07_F10,1499.65,none,8000.0,10666.7,18.8254,inner_race,0.246,1.001868695093312,1,-0.018000000000000002,0.002,3.858873954167081,25,-0.002999999999999999
N15_M07_F10_KI18_11,KI18,real,inner_race,N15_M07_F10,1499.58,none,8000.0,10666.7,19.577,inner_race,0.036,3.6396929524925636,1,-0.019,0.002,3.517045851753803,25,-0.002999999999999999
N15_M07_F10_KI18_12,KI18,real,inner_race,N15_M07_F10,1499.56,none,8000.0,10666.7,18.7085,inner_race,0.052,3.124243916232659,1,-0.017,0.002,3.9051001662481437,25,-0.002999999999999999
N15_M07_F10_KI18_13,KI18,real,inner_race,N15_M07_F10,1499.64,none,8000.0,10666.7,18.1367,inner_race,0.05,2.0429328443040067,1,-0.015,0.002,3.755730395781728,25,-0.002999999999999999
N15_M07_F10_KI18_14,KI18,real,inner_race,N15_M07_F10,1499.68,none,8000.0,10666.7,19.2783,inner_race,0.038,3.2537286218559065,2,-0.019,0.006,3.5386751155978406,25,-0.002999999999999999
N15_M07_F10_KI18_15,KI18,real,inner_race,N15_M07_F10,1499.56,none,8000.0,10666.7,19.5311,inner_race,0.034,5.617904562562924,2,-0.019,0.002,3.517964189151063,25,-0.002999999999999999
N15_M07_F10_KI18_16,KI18,real,inner_race,N15_M07_F10,1499.62,none,8000.0,10666.7,18.4725,inner_race,0.238,1.036542649108381,1,-0.019,0.002,3.091348551933611,25,-0.002999999999999999
N15_M07_F10_KI18_17,KI18,real,inner_race,N15_M07_F10,1499.81,none,8000.0,10666.7,18.6032,inner_race,0.274,0.6421850618486014,2,-0.018000000000000002,0.002,3.744258522580421,25,-0.002999999999999999
N15_M07_F10_KI18_18,KI18,real,inner_race,N15_M07_F10,1499.41,none,8000.0,10666.7,19.1987,inner_race,0.044,3.2664696362771455,1,-0.017,0.004,3.130453084057551,25,-0.002999999999999999
N15_M07_F10_KI18_19,KI18,real,inner_race,N15_M07_F10,1499.72,none,8000.0,10666.7,19.0047,inner_race,0.038,1.6471597052068034,2,-0.016,0.002,3.071766400960742,25,-0.002999999999999999
N15_M07_F10_KI18_2,KI18,real,inner_race,N15_M07_F10,1499.33,none,8000.0,10666.7,21.1561,inner_race,0.054,3.387397206862541,2,-0.016,0.004,3.5445228700662392,25,-0.002999999999999999
N15_M07_F10_KI18_20,KI18,real,inner_race,N15_M07_F10,1499.58,none,8000.0,10666.7,18.3792,inner_race,0.058,2.0501934159837454,1,-0.018000000000000002,0.002,4.288366787406993,25,-0.002999999999999999
N15_M07_F10_KI18_3,KI18,real,inner_race,N15_M07_F10,1499.43,none,8000.0,10666.7,20.5639,inner_race,0.324,0.7774933550140805,1,-0.015,0.002,2.6607641570254645,25,-0.002999999999999999
N15_M07_F10_KI18_4,KI18,real,inner_race,N15_M07_F10,1499.57,none,8000.0,10666.7,19.2874,inner_race,0.054,3.51648272524305,2,-0.018000000000000002,0.002,3.6683949797470325,25,-0.002999999999999999
N15_M07_F10_KI18_5,KI18,real,inner_race,N15_M07_F10,1499.42,none,8000.0,10666.7,21.1784,inner_race,0.092,1.974330227279446,1,-0.019,0.002,3.6221550960489703,25,-0.002999999999999999
N15_M07_F10_KI18_6,KI18,real,inner_race,N15_M07_F10,1499.71,none,8000.0,10666.7,18.4783,inner_race,0.346,0.9797729365602986,2,-0.017,0.004,3.3849988588741553,25,-0.002999999999999999
N15_M07_F10_KI18_7,KI18,real,inner_race,N15_M07_F10,1499.6,none,8000.0,10666.7,19.1045,inner_race,0.108,0.9281478189228058,2,-0.019,0.006,2.6661817928221243,25,-0.004
N15_M07_F10_KI18_8,KI18,real,inner_race,N15_M07_F10,1499.64,none,8000.0,10666.7,21.4389,inner_race,0.16,1.5023261599281394,2,-0.019,0.006,2.9687752974413297,25,-0.002999999999999999
N15_M07_F10_KI18_9,KI18,real,inner_race,N15_M07_F10,1499.23,none,8000.0,10666.7,18.9815,inner_race,0.19,0.8965414840464421,1,-0.02,0.006,2.948258601149147,25,-0.002999999999999999
N15_M07_F10_KI21_1,KI21,real,inner_race,N15_M07_F10,1499.57,none,10666.7,13333.3,6.3613,normal,0.684,-0.3800224741310498,0,0.015000000000000003,0.846,-0.7868269811436996,1,-0.01
N15_M07_F10_KI21_10,KI21,real,inner_race,N15_M07_F10,1499.53,none,10666.7,13333.3,6.7772,normal,0.378,0.42824900568725144,0,0.016000000000000004,0.452,0.1826534485879055,2,-0.01
N15_M07_F10_KI21_11,KI21,real,inner_race,N15_M07_F10,1499.47,none,10666.7,13333.3,6.7423,normal,0.328,0.5598501413360308,0,0.016000000000000004,0.986,-1.4893831520576881,1,0.015000000000000003
N15_M07_F10_KI21_12,KI21,real,inner_race,N15_M07_F10,1499.53,none,10666.7,13333.3,6.9333,normal,0.27,0.3768605022506561,0,0.015000000000000003,0.852,-0.8706444321101762,1,-0.011
N15_M07_F10_KI21_13,KI21,real,inner_race,N15_M07_F10,1499.52,none,10666.7,13333.3,6.126,normal,0.708,-0.6342575271760362,0,-0.02,0.442,0.4107802999222744,1,0.015000000000000003
N15_M07_F10_KI21_14,KI21,real,inner_race,N15_M07_F10,1499.68,none,10666.7,13333.3,6.3325,normal,0.756,-0.7903288608183658,0,-0.009000000000000001,0.428,0.2401766391109527,2,-0.01
N15_M07_F10_KI21_15,KI21,real,inner_race,N15_M07_F10,1499.56,none,10666.7,13333.3,6.519,normal,0.432,0.0907508021616893,1,0.015000000000000003,0.63,-0.3189358279511613,2,-0.009000000000000001
N15_M07_F10_KI21_16,KI21,real,inner_race,N15_M07_F10,1499.63,none,10666.7,13333.3,7.1421,normal,0.46,0.23109231541598857,0,-0.0019999999999999983,0.438,0.26704699773935675,2,0.015000000000000003
N15_M07_F10_KI21_17,KI21,real,inner_race,N15_M07_F10,1499.6,none,10666.7,13333.3,6.7669,normal,0.464,0.23347951144930185,0,-0.011,0.654,-0.46255070584127167,1,0.015000000000000003
N15_M07_F10_KI21_18,KI21,real,inner_race,N15_M07_F10,1499.43,none,10666.7,13333.3,6.6921,normal,0.512,-0.047417560346436925,0,0.015000000000000003,0.612,-0.23891192637851844,1,-0.011
N15_M07_F10_KI21_19,KI21,real,inner_race,N15_M07_F10,1499.63,none,10666.7,13333.3,6.851,normal,0.478,0.04490866616864643,0,-0.016,0.946,-0.9976621117842047,0,0.009999999999999998
N15_M07_F10_KI21_2,KI21,real,inner_race,N15_M07_F10,1499.56,none,10666.7,13333.3,6.9396,normal,0.672,-0.2054150861329273,0,0.015000000000000003,0.44,0.17116540043808573,1,-0.01
N15_M07_F10_KI21_20,KI21,real,inner_race,N15_M07_F10,1499.59,none,10666.7,13333.3,6.838,normal,0.416,0.31573797754964,0,-0.011,0.928,-1.340206614072825,1,0.015000000000000003
N15_M07_F10_KI21_3,KI21,real,inner_race,N15_M07_F10,1499.63,none,10666.7,13333.3,7.4463,normal,0.606,-0.38131309933625107,0,0.0,0.836,-1.2755173691321375,2,-0.01
N15_M07_F10_KI21_4,KI21,real,inner_race,N15_M07_F10,1499.57,none,10666.7,13333.3,7.4532,normal,0.802,-0.255415910149078,0,0.015000000000000003,0.72,-0.614279904751848,1,0.015000000000000003
N15_M07_F10_KI21_5,KI21,real,inner_race,N15_M07_F10,1499.6,none,10666.7,13333.3,6.5589,normal,0.728,-0.6049326315402664,0,-0.0019999999999999983,0.59,-0.2198970519127025,1,0.015000000000000003
N15_M07_F10_KI21_6,KI21,real,inner_race,N15_M07_F10,1499.53,none,10666.7,13333.3,5.9569,normal,0.532,-0.25222708447479447,0,0.0,0.614,-0.24548826266276935,2,-0.016
N15_M07_F10_KI21_7,KI21,real,inner_race,N15_M07_F10,1499.66,none,10666.7,13333.3,7.0783,normal,0.536,-0.08135154652341849,1,0.015000000000000003,0.52,-0.05629786207039545,1,0.015000000000000003
N15_M07_F10_KI21_8,KI21,real,inner_race,N15_M07_F10,1499.5,none,10666.7,13333.3,7.3659,normal,0.244,0.8111149331925428,0,0.015000000000000003,0.482,0.03928033663770588,2,-0.017
N15_M07_F10_KI21_9,KI21,real,inner_race,N15_M07_F10,1499.53,none,10666.7,13333.3,6.0299,normal,0.776,-0.8826696584667507,1,0.015000000000000003,0.634,-0.2870838070944644,1,-0.01
