[{"stream_name":"stdout","time":6.23674024,"data":"{'device': 'Tesla T4', 'capability': [7, 5], 'group': 'g4'}\n"}
,{"stream_name":"stdout","time":6.236823066,"data":"RUN /usr/bin/python3 -u /kaggle/input/datasets/rafiurrahman01/physgate-m0-code/sdalr_runner.py --sdalr /kaggle/input/datasets/rafiurrahman01/physgate-m0-code --m0 /kaggle/input/physgate-k10-g4 --dataset PU_M1 --src-fold S08 --tgt-fold S08 --variant final_checkpoint --work /kaggle/working/k10/S08 --seed 2024 --gate none --gate-verdicts /kaggle/input/datasets/rafiurrahman01/physgate-m0-code/gate_verdicts.json\n"}
,{"stream_name":"stdout","time":19.869011976,"data":"\n"}
,{"stream_name":"stdout","time":19.869051582,"data":"\n"}
,{"stream_name":"stdout","time":19.869058795,"data":"现在开始拿源域训练集：(B1)N15_M01_F10 进行训练\n"}
,{"stream_name":"stdout","time":19.869065142,"data":"源域读取路径：/kaggle/working/k10/S08/sdalr_PU_final_checkpoint/DATA_foldS08/PU_M1_L3/N15_M01_F10_label.txt\n"}
,{"stream_name":"stdout","time":19.869070574,"data":"excel输出位置：/kaggle/working/k10/S08/weight_src_PU_M1_FS08_s2024/NEW_PU/Source-源域\n"}
,{"stream_name":"stdout","time":19.869075647,"data":"log\u0026pt输出位置：/kaggle/working/k10/S08/weight_src_PU_M1_FS08_s2024/NEW_PU/Source-源域/log\u0026pt/(B1)N15_M01_F10\n"}
,{"stream_name":"stdout","time":19.869518872,"data":"特征图片输出位置：/kaggle/working/k10/S08/weight_src_PU_M1_FS08_s2024/NEW_PU/Picture-特征图/2026年09月19日08时15分/(B1)N15_M01_F10\n"}
,{"stream_name":"stderr","time":19.870826167,"data":"sh: 1: Syntax error: word unexpected (expecting \")\")\n"}
,{"stream_name":"stdout","time":19.871341975,"data":"源域训练开始\n"}
,{"stream_name":"stderr","time":21.972689864,"data":"/usr/local/lib/python3.12/dist-packages/torch/nn/utils/weight_norm.py:144: FutureWarning: `torch.nn.utils.weight_norm` is deprecated in favor of `torch.nn.utils.parametrizations.weight_norm`.\n"}
,{"stream_name":"stderr","time":21.972747943999998,"data":"  WeightNorm.apply(module, name, dim)\n"}
,{"stream_name":"stdout","time":30.955838092,"data":"轮次:··1/·10 || loss:0.119 || 耗时：8.92s\n"}
,{"stream_name":"stdout","time":38.95454261,"data":"轮次:··2/·10 || loss:0.015 || 耗时：7.94s\n"}
,{"stream_name":"stdout","time":46.971279384,"data":"轮次:··3/·10 || loss:0.007 || 耗时：7.96s\n"}
,{"stream_name":"stdout","time":55.129662362,"data":"轮次:··4/·10 || loss:0.024 || 耗时：8.10s\n"}
,{"stream_name":"stdout","time":63.431174016,"data":"轮次:··5/·10 || loss:0.029 || 耗时：8.24s\n"}
,{"stream_name":"stdout","time":64.044981874,"data":"任务: (B1)N15_M01_F10; mix批次:····0; 批次:··330/··660; 总正确率 = 97.70%\n"}
,{"stream_name":"stdout","time":64.04501283,"data":"类型1 正确率： 100.00% -\u003e 1  100.00%, 2    0.00%, 3    0.00%\n"}
,{"stream_name":"stdout","time":64.045019511,"data":"类型2 正确率：  93.00% -\u003e 1    0.00%, 2   93.09%, 3    6.91%\n"}
,{"stream_name":"stdout","time":64.045024213,"data":"类型3 正确率： 100.00% -\u003e 1    0.00%, 2    0.00%, 3  100.00%\n"}
,{"stream_name":"stdout","time":64.04503507,"data":"\n"}
,{"stream_name":"stdout","time":64.045038352,"data":"\n"}
,{"stream_name":"stdout","time":72.522948743,"data":"轮次:··6/·10 || loss:0.008 || 耗时：8.37s\n"}
,{"stream_name":"stdout","time":81.110858897,"data":"轮次:··7/·10 || loss:0.071 || 耗时：8.52s\n"}
,{"stream_name":"stdout","time":89.832368127,"data":"轮次:··8/·10 || loss:0.004 || 耗时：8.66s\n"}
,{"stream_name":"stdout","time":98.691635268,"data":"轮次:··9/·10 || loss:0.001 || 耗时：8.79s\n"}
,{"stream_name":"stdout","time":107.691459475,"data":"轮次:·10/·10 || loss:0.002 || 耗时：8.93s\n"}
,{"stream_name":"stdout","time":108.298020605,"data":"任务: (B1)N15_M01_F10; mix批次:····0; 批次:··660/··660; 总正确率 = 98.76%\n"}
,{"stream_name":"stdout","time":108.298047908,"data":"类型1 正确率： 100.00% -\u003e 1  100.00%, 2    0.00%, 3    0.00%\n"}
,{"stream_name":"stdout","time":108.29805234,"data":"类型2 正确率：  96.00% -\u003e 1    0.00%, 2   96.28%, 3    3.72%\n"}
,{"stream_name":"stdout","time":108.298055803,"data":"类型3 正确率： 100.00% -\u003e 1    0.00%, 2    0.00%, 3  100.00%\n"}
,{"stream_name":"stdout","time":108.298059129,"data":"\n"}
,{"stream_name":"stdout","time":108.298061902,"data":"\n"}
,{"stream_name":"stdout","time":109.580463105,"data":"测试集任务: (B1)N15_M01_F10; 总正确率 = 98.64%\n"}
,{"stream_name":"stdout","time":109.580492206,"data":"类型1 正确率： 100.00% -\u003e 1  100.00%, 2    0.00%, 3    0.00%\n"}
,{"stream_name":"stdout","time":109.580496428,"data":"类型2 正确率：  96.00% -\u003e 1    0.00%, 2   96.15%, 3    3.85%\n"}
,{"stream_name":"stdout","time":109.58049994,"data":"类型3 正确率： 100.00% -\u003e 1    0.00%, 2    0.24%, 3   99.76%\n"}
,{"stream_name":"stdout","time":109.580503328,"data":"\n"}
,{"stream_name":"stdout","time":109.580506192,"data":"\n"}
,{"stream_name":"stdout","time":109.593749335,"data":"源域训练结束\n"}
,{"stream_name":"stdout","time":109.593768307,"data":"\n"}
,{"stream_name":"stdout","time":109.593772639,"data":"训练好之后，测试目标域\n"}
,{"stream_name":"stdout","time":109.593776288,"data":"目标域路径：/kaggle/working/k10/S08/sdalr_PU_final_checkpoint/DATA_foldS08/PU_M1_L3/N15_M07_F10_label.txt\n"}
,{"stream_name":"stderr","time":109.962067596,"data":"/usr/local/lib/python3.12/dist-packages/torch/nn/utils/weight_norm.py:144: FutureWarning: `torch.nn.utils.weight_norm` is deprecated in favor of `torch.nn.utils.parametrizations.weight_norm`.\n"}
,{"stream_name":"stderr","time":109.962124196,"data":"  WeightNorm.apply(module, name, dim)\n"}
,{"stream_name":"stdout","time":111.212533047,"data":"测试目标数据集结果如下：\n"}
,{"stream_name":"stdout","time":111.212553291,"data":"任务: (B1)N15_M01_F10→(B2)N15_M07_F10, 正确率 = 99.75%\n"}
,{"stream_name":"stdout","time":111.212567952,"data":"类型1 正确率： 100.00% -\u003e 1  100.00%, 2    0.00%, 3    0.00%\n"}
,{"stream_name":"stdout","time":111.212571526,"data":"类型2 正确率： 100.00% -\u003e 1    0.00%, 2   99.74%, 3    0.26%\n"}
,{"stream_name":"stdout","time":111.212574751,"data":"类型3 正确率： 100.00% -\u003e 1    0.00%, 2    0.49%, 3   99.51%\n"}
,{"stream_name":"stdout","time":111.212578054,"data":"\n"}
,{"stream_name":"stdout","time":111.212959145,"data":"目标域路径：/kaggle/working/k10/S08/sdalr_PU_final_checkpoint/DATA_foldS08/PU_M1_L3/N15_M07_F04_label.txt\n"}
,{"stream_name":"stderr","time":111.568576415,"data":"/usr/local/lib/python3.12/dist-packages/torch/nn/utils/weight_norm.py:144: FutureWarning: `torch.nn.utils.weight_norm` is deprecated in favor of `torch.nn.utils.parametrizations.weight_norm`.\n"}
,{"stream_name":"stderr","time":111.568613903,"data":"  WeightNorm.apply(module, name, dim)\n"}
,{"stream_name":"stdout","time":112.815128819,"data":"测试目标数据集结果如下：\n"}
,{"stream_name":"stdout","time":112.815166674,"data":"任务: (B1)N15_M01_F10→(B3)N15_M07_F04, 正确率 = 89.57%\n"}
,{"stream_name":"stdout","time":112.81517333,"data":"类型1 正确率： 100.00% -\u003e 1  100.00%, 2    0.00%, 3    0.00%\n"}
,{"stream_name":"stdout","time":112.815178464,"data":"类型2 正确率：  73.00% -\u003e 1    0.49%, 2   73.15%, 3   26.35%\n"}
,{"stream_name":"stdout","time":112.815198374,"data":"类型3 正确率：  96.00% -\u003e 1    1.57%, 2    2.87%, 3   95.56%\n"}
,{"stream_name":"stdout","time":112.815203478,"data":"\n"}
,{"stream_name":"stdout","time":112.815625753,"data":"\n"}
,{"stream_name":"stdout","time":112.815638518,"data":"\n"}
,{"stream_name":"stdout","time":112.815642136,"data":"现在开始拿源域训练集：(B2)N15_M07_F10 进行训练\n"}
,{"stream_name":"stdout","time":112.815646162,"data":"源域读取路径：/kaggle/working/k10/S08/sdalr_PU_final_checkpoint/DATA_foldS08/PU_M1_L3/N15_M07_F10_label.txt\n"}
,{"stream_name":"stdout","time":112.815650116,"data":"excel输出位置：/kaggle/working/k10/S08/weight_src_PU_M1_FS08_s2024/NEW_PU/Source-源域\n"}
,{"stream_name":"stdout","time":112.815654342,"data":"log\u0026pt输出位置：/kaggle/working/k10/S08/weight_src_PU_M1_FS08_s2024/NEW_PU/Source-源域/log\u0026pt/(B2)N15_M07_F10\n"}
,{"stream_name":"stdout","time":112.815906511,"data":"特征图片输出位置：/kaggle/working/k10/S08/weight_src_PU_M1_FS08_s2024/NEW_PU/Picture-特征图/2026年09月19日08时15分/(B2)N15_M07_F10\n"}
,{"stream_name":"stderr","time":112.81739901,"data":"sh: 1: Syntax error: word unexpected (expecting \")\")\n"}
,{"stream_name":"stdout","time":112.817932636,"data":"源域训练开始\n"}
,{"stream_name":"stderr","time":114.532181088,"data":"/usr/local/lib/python3.12/dist-packages/torch/nn/utils/weight_norm.py:144: FutureWarning: `torch.nn.utils.weight_norm` is deprecated in favor of `torch.nn.utils.parametrizations.weight_norm`.\n"}
,{"stream_name":"stderr","time":114.532214844,"data":"  WeightNorm.apply(module, name, dim)\n"}
,{"stream_name":"stdout","time":123.743975828,"data":"轮次:··1/·10 || loss:0.066 || 耗时：9.14s\n"}
,{"stream_name":"stdout","time":132.969377192,"data":"轮次:··2/·10 || loss:0.059 || 耗时：9.16s\n"}
,{"stream_name":"stdout","time":142.037282212,"data":"轮次:··3/·10 || loss:0.001 || 耗时：9.00s\n"}
,{"stream_name":"stdout","time":151.003830945,"data":"轮次:··4/·10 || loss:0.003 || 耗时：8.90s\n"}
,{"stream_name":"stdout","time":159.900456254,"data":"轮次:··5/·10 || loss:0.014 || 耗时：8.83s\n"}
,{"stream_name":"stdout","time":160.485699972,"data":"任务: (B2)N15_M07_F10; mix批次:····0; 批次:··330/··660; 总正确率 = 100.00%\n"}
,{"stream_name":"stdout","time":160.485736317,"data":"类型1 正确率： 100.00% -\u003e 1  100.00%, 2    0.00%, 3    0.00%\n"}
,{"stream_name":"stdout","time":160.485746659,"data":"类型2 正确率： 100.00% -\u003e 1    0.00%, 2  100.00%, 3    0.00%\n"}
,{"stream_name":"stdout","time":160.485750587,"data":"类型3 正确率： 100.00% -\u003e 1    0.00%, 2    0.00%, 3  100.00%\n"}
,{"stream_name":"stdout","time":160.485754397,"data":"\n"}
,{"stream_name":"stdout","time":160.485778918,"data":"\n"}
,{"stream_name":"stdout","time":169.367205922,"data":"轮次:··6/·10 || loss:0.001 || 耗时：8.78s\n"}
,{"stream_name":"stdout","time":178.204121122,"data":"轮次:··7/·10 || loss:0.002 || 耗时：8.77s\n"}
,{"stream_name":"stdout","time":187.050278992,"data":"轮次:··8/·10 || loss:0.001 || 耗时：8.78s\n"}
,{"stream_name":"stdout","time":195.930559045,"data":"轮次:··9/·10 || loss:0.003 || 耗时：8.81s\n"}
,{"stream_name":"stdout","time":204.848509349,"data":"轮次:·10/·10 || loss:0.000 || 耗时：8.85s\n"}
,{"stream_name":"stdout","time":205.439473663,"data":"任务: (B2)N15_M07_F10; mix批次:····0; 批次:··660/··660; 总正确率 = 100.00%\n"}
,{"stream_name":"stdout","time":205.439503087,"data":"类型1 正确率： 100.00% -\u003e 1  100.00%, 2    0.00%, 3    0.00%\n"}
,{"stream_name":"stdout","time":205.439509439,"data":"类型2 正确率： 100.00% -\u003e 1    0.00%, 2  100.00%, 3    0.00%\n"}
,{"stream_name":"stdout","time":205.439529784,"data":"类型3 正确率： 100.00% -\u003e 1    0.00%, 2    0.00%, 3  100.00%\n"}
,{"stream_name":"stdout","time":205.439534209,"data":"\n"}
,{"stream_name":"stdout","time":205.439537592,"data":"\n"}
,{"stream_name":"stdout","time":206.695314291,"data":"测试集任务: (B2)N15_M07_F10; 总正确率 = 100.00%\n"}
,{"stream_name":"stdout","time":206.695342656,"data":"类型1 正确率： 100.00% -\u003e 1  100.00%, 2    0.00%, 3    0.00%\n"}
,{"stream_name":"stdout","time":206.695348141,"data":"类型2 正确率： 100.00% -\u003e 1    0.00%, 2  100.00%, 3    0.00%\n"}
,{"stream_name":"stdout","time":206.69535297,"data":"类型3 正确率： 100.00% -\u003e 1    0.00%, 2    0.00%, 3  100.00%\n"}
,{"stream_name":"stdout","time":206.695357448,"data":"\n"}
,{"stream_name":"stdout","time":206.695361574,"data":"\n"}
,{"stream_name":"stdout","time":206.703124941,"data":"源域训练结束\n"}
,{"stream_name":"stdout","time":206.703146532,"data":"\n"}
,{"stream_name":"stdout","time":206.703151016,"data":"训练好之后，测试目标域\n"}
,{"stream_name":"stdout","time":206.703155097,"data":"目标域路径：/kaggle/working/k10/S08/sdalr_PU_final_checkpoint/DATA_foldS08/PU_M1_L3/N15_M01_F10_label.txt\n"}
,{"stream_name":"stderr","time":207.065720481,"data":"/usr/local/lib/python3.12/dist-packages/torch/nn/utils/weight_norm.py:144: FutureWarning: `torch.nn.utils.weight_norm` is deprecated in favor of `torch.nn.utils.parametrizations.weight_norm`.\n"}
,{"stream_name":"stderr","time":207.065770657,"data":"  WeightNorm.apply(module, name, dim)\n"}
,{"stream_name":"stdout","time":208.28021806,"data":"测试目标数据集结果如下：\n"}
,{"stream_name":"stdout","time":208.2802438,"data":"任务: (B2)N15_M07_F10→(B1)N15_M01_F10, 正确率 = 94.13%\n"}
,{"stream_name":"stdout","time":208.28024816,"data":"类型1 正确率： 100.00% -\u003e 1  100.00%, 2    0.00%, 3    0.00%\n"}
,{"stream_name":"stdout","time":208.280251784,"data":"类型2 正确率：  82.00% -\u003e 1    0.50%, 2   82.38%, 3   17.12%\n"}
,{"stream_name":"stdout","time":208.280255103,"data":"类型3 正确率： 100.00% -\u003e 1    0.00%, 2    0.00%, 3  100.00%\n"}
,{"stream_name":"stdout","time":208.280258237,"data":"\n"}
,{"stream_name":"stdout","time":208.280595817,"data":"目标域路径：/kaggle/working/k10/S08/sdalr_PU_final_checkpoint/DATA_foldS08/PU_M1_L3/N15_M07_F04_label.txt\n"}
,{"stream_name":"stderr","time":208.626178555,"data":"/usr/local/lib/python3.12/dist-packages/torch/nn/utils/weight_norm.py:144: FutureWarning: `torch.nn.utils.weight_norm` is deprecated in favor of `torch.nn.utils.parametrizations.weight_norm`.\n"}
,{"stream_name":"stderr","time":208.626211904,"data":"  WeightNorm.apply(module, name, dim)\n"}
,{"stream_name":"stdout","time":209.834611126,"data":"测试目标数据集结果如下：\n"}
,{"stream_name":"stdout","time":209.834636091,"data":"任务: (B2)N15_M07_F10→(B3)N15_M07_F04, 正确率 = 94.39%\n"}
,{"stream_name":"stdout","time":209.834640469,"data":"类型1 正确率： 100.00% -\u003e 1  100.00%, 2    0.00%, 3    0.00%\n"}
,{"stream_name":"stdout","time":209.83464428,"data":"类型2 正确率：  90.00% -\u003e 1    0.00%, 2   90.07%, 3    9.93%\n"}
,{"stream_name":"stdout","time":209.834648181,"data":"类型3 正确率：  93.00% -\u003e 1    1.33%, 2    5.59%, 3   93.09%\n"}
,{"stream_name":"stdout","time":209.834651524,"data":"\n"}
,{"stream_name":"stdout","time":209.834974719,"data":"\n"}
,{"stream_name":"stdout","time":209.834988544,"data":"\n"}
,{"stream_name":"stdout","time":209.835146539,"data":"现在开始拿源域训练集：(B3)N15_M07_F04 进行训练\n"}
,{"stream_name":"stdout","time":209.835174393,"data":"源域读取路径：/kaggle/working/k10/S08/sdalr_PU_final_checkpoint/DATA_foldS08/PU_M1_L3/N15_M07_F04_label.txt\n"}
,{"stream_name":"stdout","time":209.835177992,"data":"excel输出位置：/kaggle/working/k10/S08/weight_src_PU_M1_FS08_s2024/NEW_PU/Source-源域\n"}
,{"stream_name":"stdout","time":209.835181015,"data":"log\u0026pt输出位置：/kaggle/working/k10/S08/weight_src_PU_M1_FS08_s2024/NEW_PU/Source-源域/log\u0026pt/(B3)N15_M07_F04\n"}
,{"stream_name":"stdout","time":209.83526342,"data":"特征图片输出位置：/kaggle/working/k10/S08/weight_src_PU_M1_FS08_s2024/NEW_PU/Picture-特征图/2026年09月19日08时15分/(B3)N15_M07_F04\n"}
,{"stream_name":"stderr","time":209.836809717,"data":"sh: 1: Syntax error: word unexpected (expecting \")\")\n"}
,{"stream_name":"stdout","time":209.837330688,"data":"源域训练开始\n"}
,{"stream_name":"stderr","time":211.588229999,"data":"/usr/local/lib/python3.12/dist-packages/torch/nn/utils/weight_norm.py:144: FutureWarning: `torch.nn.utils.weight_norm` is deprecated in favor of `torch.nn.utils.parametrizations.weight_norm`.\n"}
,{"stream_name":"stderr","time":211.588275964,"data":"  WeightNorm.apply(module, name, dim)\n"}
,{"stream_name":"stdout","time":220.533746247,"data":"轮次:··1/·10 || loss:0.026 || 耗时：8.88s\n"}
,{"stream_name":"stdout","time":229.522006833,"data":"轮次:··2/·10 || loss:0.005 || 耗时：8.92s\n"}
,{"stream_name":"stdout","time":238.521544801,"data":"轮次:··3/·10 || loss:0.014 || 耗时：8.93s\n"}
,{"stream_name":"stdout","time":247.491055482,"data":"轮次:··4/·10 || loss:0.002 || 耗时：8.90s\n"}
,{"stream_name":"stdout","time":256.430619433,"data":"轮次:··5/·10 || loss:0.019 || 耗时：8.87s\n"}
,{"stream_name":"stdout","time":257.024179498,"data":"任务: (B3)N15_M07_F04; mix批次:····0; 批次:··330/··660; 总正确率 = 99.48%\n"}
,{"stream_name":"stdout","time":257.02421861,"data":"类型1 正确率： 100.00% -\u003e 1  100.00%, 2    0.00%, 3    0.00%\n"}
,{"stream_name":"stdout","time":257.024224533,"data":"类型2 正确率： 100.00% -\u003e 1    0.00%, 2  100.00%, 3    0.00%\n"}
,{"stream_name":"stdout","time":257.024228473,"data":"类型3 正确率：  98.00% -\u003e 1    0.00%, 2    1.55%, 3   98.45%\n"}
,{"stream_name":"stdout","time":257.024232196,"data":"\n"}
,{"stream_name":"stdout","time":257.024235679,"data":"\n"}
,{"stream_name":"stdout","time":265.955497774,"data":"轮次:··6/·10 || loss:0.010 || 耗时：8.83s\n"}
,{"stream_name":"stdout","time":274.849556687,"data":"轮次:··7/·10 || loss:0.001 || 耗时：8.83s\n"}
,{"stream_name":"stdout","time":283.732973799,"data":"轮次:··8/·10 || loss:0.018 || 耗时：8.82s\n"}
,{"stream_name":"stdout","time":292.616282188,"data":"轮次:··9/·10 || loss:0.002 || 耗时：8.82s\n"}
,{"stream_name":"stdout","time":301.538988827,"data":"轮次:·10/·10 || loss:0.003 || 耗时：8.86s\n"}
,{"stream_name":"stdout","time":302.131200703,"data":"任务: (B3)N15_M07_F04; mix批次:····0; 批次:··660/··660; 总正确率 = 99.48%\n"}
,{"stream_name":"stdout","time":302.13123212,"data":"类型1 正确率： 100.00% -\u003e 1  100.00%, 2    0.00%, 3    0.00%\n"}
,{"stream_name":"stdout","time":302.131238076,"data":"类型2 正确率： 100.00% -\u003e 1    0.00%, 2  100.00%, 3    0.00%\n"}
,{"stream_name":"stdout","time":302.131242832,"data":"类型3 正确率：  98.00% -\u003e 1    0.00%, 2    1.55%, 3   98.45%\n"}
,{"stream_name":"stdout","time":302.131247532,"data":"\n"}
,{"stream_name":"stdout","time":302.131251586,"data":"\n"}
,{"stream_name":"stdout","time":303.392463131,"data":"测试集任务: (B3)N15_M07_F04; 总正确率 = 99.21%\n"}
,{"stream_name":"stdout","time":303.392488036,"data":"类型1 正确率： 100.00% -\u003e 1  100.00%, 2    0.00%, 3    0.00%\n"}
,{"stream_name":"stdout","time":303.39249354,"data":"类型2 正确率：  98.00% -\u003e 1    0.00%, 2   98.10%, 3    1.90%\n"}
,{"stream_name":"stdout","time":303.392497934,"data":"类型3 正确率： 100.00% -\u003e 1    0.00%, 2    0.46%, 3   99.54%\n"}
,{"stream_name":"stdout","time":303.392502274,"data":"\n"}
,{"stream_name":"stdout","time":303.392506008,"data":"\n"}
,{"stream_name":"stdout","time":303.39973746,"data":"源域训练结束\n"}
,{"stream_name":"stdout","time":303.399759154,"data":"\n"}
,{"stream_name":"stdout","time":303.39976867,"data":"训练好之后，测试目标域\n"}
,{"stream_name":"stdout","time":303.399784335,"data":"目标域路径：/kaggle/working/k10/S08/sdalr_PU_final_checkpoint/DATA_foldS08/PU_M1_L3/N15_M01_F10_label.txt\n"}
,{"stream_name":"stderr","time":303.754565308,"data":"/usr/local/lib/python3.12/dist-packages/torch/nn/utils/weight_norm.py:144: FutureWarning: `torch.nn.utils.weight_norm` is deprecated in favor of `torch.nn.utils.parametrizations.weight_norm`.\n"}
,{"stream_name":"stderr","time":303.754603716,"data":"  WeightNorm.apply(module, name, dim)\n"}
,{"stream_name":"stdout","time":304.966427795,"data":"测试目标数据集结果如下：\n"}
,{"stream_name":"stdout","time":304.96645116,"data":"任务: (B3)N15_M07_F04→(B1)N15_M01_F10, 正确率 = 95.50%\n"}
,{"stream_name":"stdout","time":304.966455511,"data":"类型1 正确率： 100.00% -\u003e 1  100.00%, 2    0.00%, 3    0.00%\n"}
,{"stream_name":"stdout","time":304.966459543,"data":"类型2 正确率：  88.00% -\u003e 1    0.00%, 2   88.39%, 3   11.61%\n"}
,{"stream_name":"stdout","time":304.966463493,"data":"类型3 正确率：  98.00% -\u003e 1    0.00%, 2    1.90%, 3   98.10%\n"}
,{"stream_name":"stdout","time":304.966467398,"data":"\n"}
,{"stream_name":"stdout","time":304.96679461,"data":"目标域路径：/kaggle/working/k10/S08/sdalr_PU_final_checkpoint/DATA_foldS08/PU_M1_L3/N15_M07_F10_label.txt\n"}
,{"stream_name":"stderr","time":305.319878397,"data":"/usr/local/lib/python3.12/dist-packages/torch/nn/utils/weight_norm.py:144: FutureWarning: `torch.nn.utils.weight_norm` is deprecated in favor of `torch.nn.utils.parametrizations.weight_norm`.\n"}
,{"stream_name":"stderr","time":305.319918611,"data":"  WeightNorm.apply(module, name, dim)\n"}
,{"stream_name":"stdout","time":306.524022261,"data":"测试目标数据集结果如下：\n"}
,{"stream_name":"stdout","time":306.524046774,"data":"任务: (B3)N15_M07_F04→(B2)N15_M07_F10, 正确率 = 99.67%\n"}
,{"stream_name":"stdout","time":306.524051384,"data":"类型1 正确率： 100.00% -\u003e 1   99.75%, 2    0.25%, 3    0.00%\n"}
,{"stream_name":"stdout","time":306.524055456,"data":"类型2 正确率： 100.00% -\u003e 1    0.00%, 2  100.00%, 3    0.00%\n"}
,{"stream_name":"stdout","time":306.524059066,"data":"类型3 正确率：  99.00% -\u003e 1    0.00%, 2    0.73%, 3   99.27%\n"}
,{"stream_name":"stdout","time":306.524071963,"data":"\n"}
,{"stream_name":"stdout","time":306.531404074,"data":"[src_pretrain_RES_PU.py --folder_root /kaggle/working/k10/S08/sdalr_PU_final_checkpoint/DATA_foldS08 --seed 2024 --class_num 3 --data_name PU_M1_L3 --output /kaggle/working/k10/S08/weight_src_PU_M1_FS08_s2024] 287s\n"}
,{"stream_name":"stdout","time":306.574214078,"data":"读取源域路径：/kaggle/working/k10/S08/weight_PU_M1_final_checkpoint_FS08toS08_s2024/NEW_PU/Source-源域/log\u0026pt/(B1)N15_M01_F10\n"}
,{"stream_name":"stdout","time":306.57423929,"data":"excel输出位置：/kaggle/working/k10/S08/weight_PU_M1_final_checkpoint_FS08toS08_s2024/NEW_PU/Target-目标域\n"}
,{"stream_name":"stdout","time":306.574257732,"data":"特征图片输出位置：/kaggle/working/k10/S08/weight_PU_M1_final_checkpoint_FS08toS08_s2024/NEW_PU/Picture-特征图/2026年09月19日08时19分/(B1)N15_M01_F10\n"}
,{"stream_name":"stderr","time":306.607484407,"data":"/usr/local/lib/python3.12/dist-packages/torch/nn/utils/weight_norm.py:144: FutureWarning: `torch.nn.utils.weight_norm` is deprecated in favor of `torch.nn.utils.parametrizations.weight_norm`.\n"}
,{"stream_name":"stderr","time":306.607504669,"data":"  WeightNorm.apply(module, name, dim)\n"}
,{"stream_name":"stdout","time":306.641848067,"data":"现在选取:(B1)N15_M01_F10 进行训练的源模型\n"}
,{"stream_name":"stdout","time":306.641870012,"data":"现在进行：(B1)N15_M01_F10→(B2)N15_M07_F10 的迁移任务\n"}
,{"stream_name":"stdout","time":306.641875773,"data":"log\u0026pt输出位置：/kaggle/working/k10/S08/weight_PU_M1_final_checkpoint_FS08toS08_s2024/NEW_PU/Target-目标域/log\u0026pt/(B1)N15_M01_F10→(B2)N15_M07_F10\n"}
,{"stream_name":"stderr","time":306.643121958,"data":"sh: 1: Syntax error: word unexpected (expecting \")\")\n"}
,{"stream_name":"stdout","time":317.558154073,"data":"任务: (B1)N15_M01_F10→(B2)N15_M07_F10; 批次:····0/·1880;  总正确率: 99.53%\n"}
,{"stream_name":"stdout","time":317.558192623,"data":"类型1 正确率： 100.00% -\u003e 1  100.00%, 2    0.00%, 3    0.00%\n"}
,{"stream_name":"stdout","time":317.558199067,"data":"类型2 正确率： 100.00% -\u003e 1    0.05%, 2   99.65%, 3    0.30%\n"}
,{"stream_name":"stdout","time":317.558208845,"data":"类型3 正确率：  99.00% -\u003e 1    0.00%, 2    1.05%, 3   98.95%\n"}
,{"stream_name":"stdout","time":317.558212633,"data":"\n"}
,{"stream_name":"stdout","time":317.558215505,"data":"\n"}
,{"stream_name":"stdout","time":317.558781435,"data":"样本变换：reverse\n"}
,{"stream_name":"stdout","time":320.86112469,"data":"样本变换：mask\n"}
,{"stream_name":"stdout","time":324.126159231,"data":"样本变换：shift\n"}
,{"stream_name":"stdout","time":327.399165152,"data":"样本变换：none\n"}
,{"stream_name":"stdout","time":332.04857306,"data":"未过滤\t未用伪标签：99.53% -\u003e 使用伪标签：99.18%\n"}
,{"stream_name":"stdout","time":332.048615902,"data":"已过滤\t未用伪标签：99.66% -\u003e 使用伪标签：99.75%\n"}
,{"stream_name":"stdout","time":332.04862337,"data":"排除样本：34|6000\t剩余：2002, 2002, 1962\n"}
,{"stream_name":"stdout","time":332.048628567,"data":"增添样本：40\t\t细则：0, 0, 40\t正确率估算：100.00%\n"}
,{"stream_name":"stdout","time":332.048633309,"data":"类型1 正确率： 100.00% -\u003e 1  100.00%, 2    0.00%, 3    0.00%\n"}
,{"stream_name":"stdout","time":332.048638032,"data":"类型2 正确率： 100.00% -\u003e 1    0.10%, 2   99.80%, 3    0.10%\n"}
,{"stream_name":"stdout","time":332.04864263,"data":"类型3 正确率：  99.00% -\u003e 1    0.00%, 2    0.56%, 3   99.44%\n"}
,{"stream_name":"stdout","time":332.048647123,"data":"\n"}
,{"stream_name":"stdout","time":332.048651682,"data":"被排除样本 正确率：76.47%\n"}
,{"stream_name":"stdout","time":332.048661484,"data":"类型1 正确率：  80.00% -\u003e 1   80.00%, 2   20.00%\n"}
,{"stream_name":"stdout","time":332.048665349,"data":"类型2 正确率：  76.00% -\u003e 1   24.14%, 2   75.86%\n"}
,{"stream_name":"stdout","time":332.048668516,"data":"\n"}
,{"stream_name":"stdout","time":332.048671369,"data":"\n"}
,{"stream_name":"stdout","time":345.661789277,"data":"轮次:··1/·20 || c_Loss:0.625 || e_Loss:-1.038 || Aad_Loss:-26.119 || 耗时：34.02s\n"}
,{"stream_name":"stdout","time":358.831658753,"data":"轮次:··2/·20 || c_Loss:0.463 || e_Loss:-0.929 || Aad_Loss:-26.421 || 耗时：13.17s\n"}
,{"stream_name":"stdout","time":371.840427004,"data":"轮次:··3/·20 || c_Loss:0.394 || e_Loss:-0.971 || Aad_Loss:-29.596 || 耗时：13.01s\n"}
,{"stream_name":"stdout","time":384.781959343,"data":"轮次:··4/·20 || c_Loss:0.391 || e_Loss:-0.949 || Aad_Loss:-28.865 || 耗时：12.94s\n"}
,{"stream_name":"stdout","time":397.653759376,"data":"轮次:··5/·20 || c_Loss:0.392 || e_Loss:-0.876 || Aad_Loss:-28.028 || 耗时：12.87s\n"}
,{"stream_name":"stdout","time":403.648637095,"data":"任务: (B1)N15_M01_F10→(B2)N15_M07_F10; mix批次:····0; 批次:··470/·1880;  总正确率: 99.83%\n"}
,{"stream_name":"stdout","time":403.648674355,"data":"类型1 正确率： 100.00% -\u003e 1  100.00%, 2    0.00%, 3    0.00%\n"}
,{"stream_name":"stdout","time":403.648681229,"data":"类型2 正确率： 100.00% -\u003e 1    0.10%, 2   99.50%, 3    0.40%\n"}
,{"stream_name":"stdout","time":403.6486869,"data":"类型3 正确率： 100.00% -\u003e 1    0.00%, 2    0.00%, 3  100.00%\n"}
,{"stream_name":"stdout","time":403.648692163,"data":"\n"}
,{"stream_name":"stdout","time":403.64869636,"data":"\n"}
,{"stream_name":"stdout","time":403.681520102,"data":"样本变换：reverse\n"}
,{"stream_name":"stdout","time":406.903140868,"data":"样本变换：mask\n"}
,{"stream_name":"stdout","time":410.160155656,"data":"样本变换：shift\n"}
,{"stream_name":"stdout","time":413.419128128,"data":"样本变换：none\n"}
,{"stream_name":"stderr","time":417.913650048,"data":"/usr/local/lib/python3.12/dist-packages/sklearn/metrics/_classification.py:407: UserWarning: A single label was found in 'y_true' and 'y_pred'. For the confusion matrix to have the correct shape, use the 'labels' parameter to pass all known labels.\n"}
,{"stream_name":"stderr","time":417.913687165,"data":"  warnings.warn(\n"}
,{"stream_name":"stdout","time":417.913719841,"data":"未过滤\t未用伪标签：99.83% -\u003e 使用伪标签：99.57%\n"}
,{"stream_name":"stdout","time":417.913728338,"data":"已过滤\t未用伪标签：99.83% -\u003e 使用伪标签：99.77%\n"}
,{"stream_name":"stdout","time":417.913733928,"data":"排除样本：12|6000\t剩余：2003, 1974, 2011\n"}
,{"stream_name":"stdout","time":417.913739259,"data":"增添样本：45\t\t细则：8, 37, 0\t正确率估算：100.00%\n"}
,{"stream_name":"stdout","time":417.913744703,"data":"类型1 正确率： 100.00% -\u003e 1  100.00%, 2    0.00%, 3    0.00%\n"}
,{"stream_name":"stdout","time":417.913749453,"data":"类型2 正确率：  99.00% -\u003e 1    0.15%, 2   99.30%, 3    0.55%\n"}
,{"stream_name":"stdout","time":417.913754018,"data":"类型3 正确率： 100.00% -\u003e 1    0.00%, 2    0.00%, 3  100.00%\n"}
,{"stream_name":"stdout","time":417.913758443,"data":"\n"}
,{"stream_name":"stdout","time":417.91377128,"data":"被排除样本 正确率：100.00%\n"}
,{"stream_name":"stdout","time":417.913778464,"data":"类型1 正确率： 100.00% -\u003e 1  100.00%\n"}
,{"stream_name":"stdout","time":417.913781646,"data":"\n"}
,{"stream_name":"stdout","time":417.913784503,"data":"\n"}
,{"stream_name":"stdout","time":430.795304107,"data":"轮次:··6/·20 || c_Loss:0.390 || e_Loss:-0.976 || Aad_Loss:-30.152 || 耗时：33.14s\n"}
,{"stream_name":"stdout","time":443.768954053,"data":"轮次:··7/·20 || c_Loss:0.395 || e_Loss:-0.969 || Aad_Loss:-29.957 || 耗时：12.97s\n"}
,{"stream_name":"stdout","time":456.742432515,"data":"轮次:··8/·20 || c_Loss:0.388 || e_Loss:-0.963 || Aad_Loss:-30.772 || 耗时：12.97s\n"}
,{"stream_name":"stdout","time":469.744798406,"data":"轮次:··9/·20 || c_Loss:0.382 || e_Loss:-0.952 || Aad_Loss:-31.618 || 耗时：13.00s\n"}
,{"stream_name":"stdout","time":482.750071986,"data":"轮次:·10/·20 || c_Loss:0.386 || e_Loss:-0.963 || Aad_Loss:-30.761 || 耗时：13.01s\n"}
,{"stream_name":"stdout","time":488.781005849,"data":"任务: (B1)N15_M01_F10→(B2)N15_M07_F10; mix批次:····0; 批次:··940/·1880;  总正确率: 99.87%\n"}
,{"stream_name":"stdout","time":488.781040332,"data":"类型1 正确率： 100.00% -\u003e 1  100.00%, 2    0.00%, 3    0.00%\n"}
,{"stream_name":"stdout","time":488.781046252,"data":"类型2 正确率： 100.00% -\u003e 1    0.10%, 2   99.60%, 3    0.30%\n"}
,{"stream_name":"stdout","time":488.781051048,"data":"类型3 正确率： 100.00% -\u003e 1    0.00%, 2    0.00%, 3  100.00%\n"}
,{"stream_name":"stdout","time":488.781055765,"data":"\n"}
,{"stream_name":"stdout","time":488.781060183,"data":"\n"}
,{"stream_name":"stdout","time":488.824405574,"data":"样本变换：reverse\n"}
,{"stream_name":"stdout","time":492.091178261,"data":"样本变换：mask\n"}
,{"stream_name":"stdout","time":495.367160045,"data":"样本变换：shift\n"}
,{"stream_name":"stdout","time":498.60821725,"data":"样本变换：none\n"}
,{"stream_name":"stdout","time":503.128764493,"data":"未过滤\t未用伪标签：99.87% -\u003e 使用伪标签：99.88%\n"}
,{"stream_name":"stdout","time":503.128803681,"data":"已过滤\t未用伪标签：99.90% -\u003e 使用伪标签：99.95%\n"}
,{"stream_name":"stdout","time":503.128810597,"data":"排除样本：4|6000\t剩余：2002, 1995, 1999\n"}
,{"stream_name":"stdout","time":503.128815217,"data":"增添样本：10\t\t细则：0, 7, 3\t正确率估算：100.00%\n"}
,{"stream_name":"stdout","time":503.128823526,"data":"类型1 正确率： 100.00% -\u003e 1  100.00%, 2    0.00%, 3    0.00%\n"}
,{"stream_name":"stdout","time":503.128827509,"data":"类型2 正确率： 100.00% -\u003e 1    0.10%, 2   99.85%, 3    0.05%\n"}
,{"stream_name":"stdout","time":503.128830678,"data":"类型3 正确率： 100.00% -\u003e 1    0.00%, 2    0.00%, 3  100.00%\n"}
,{"stream_name":"stdout","time":503.128833697,"data":"\n"}
,{"stream_name":"stdout","time":503.128836491,"data":"被排除样本 正确率：50.00%\n"}
,{"stream_name":"stdout","time":503.128839367,"data":"类型1 正确率：   0.00% -\u003e 1    0.00%, 2  100.00%\n"}
,{"stream_name":"stdout","time":503.128842383,"data":"类型2 正确率： 100.00% -\u003e 1    0.00%, 2  100.00%\n"}
,{"stream_name":"stdout","time":503.128845352,"data":"\n"}
,{"stream_name":"stdout","time":503.128848535,"data":"\n"}
,{"stream_name":"stdout","time":515.989167547,"data":"轮次:·11/·20 || c_Loss:0.389 || e_Loss:-0.978 || Aad_Loss:-27.709 || 耗时：33.24s\n"}
,{"stream_name":"stdout","time":528.960526903,"data":"轮次:·12/·20 || c_Loss:0.381 || e_Loss:-0.987 || Aad_Loss:-28.194 || 耗时：12.97s\n"}
,{"stream_name":"stdout","time":541.94061011,"data":"轮次:·13/·20 || c_Loss:0.399 || e_Loss:-0.950 || Aad_Loss:-27.576 || 耗时：12.98s\n"}
,{"stream_name":"stdout","time":554.920816551,"data":"轮次:·14/·20 || c_Loss:0.384 || e_Loss:-0.998 || Aad_Loss:-27.669 || 耗时：12.98s\n"}
,{"stream_name":"stdout","time":567.90418334,"data":"轮次:·15/·20 || c_Loss:0.389 || e_Loss:-0.991 || Aad_Loss:-27.400 || 耗时：12.98s\n"}
,{"stream_name":"stdout","time":573.896544147,"data":"任务: (B1)N15_M01_F10→(B2)N15_M07_F10; mix批次:····0; 批次:·1410/·1880;  总正确率: 99.95%\n"}
,{"stream_name":"stdout","time":573.896580656,"data":"类型1 正确率： 100.00% -\u003e 1  100.00%, 2    0.00%, 3    0.00%\n"}
,{"stream_name":"stdout","time":573.896600587,"data":"类型2 正确率： 100.00% -\u003e 1    0.10%, 2   99.85%, 3    0.05%\n"}
,{"stream_name":"stdout","time":573.896603542,"data":"类型3 正确率： 100.00% -\u003e 1    0.00%, 2    0.00%, 3  100.00%\n"}
,{"stream_name":"stdout","time":573.896605837,"data":"\n"}
,{"stream_name":"stdout","time":573.896608051,"data":"\n"}
,{"stream_name":"stdout","time":573.937347797,"data":"样本变换：reverse\n"}
,{"stream_name":"stdout","time":577.160149551,"data":"样本变换：mask\n"}
,{"stream_name":"stdout","time":580.400770139,"data":"样本变换：shift\n"}
,{"stream_name":"stdout","time":583.64314468,"data":"样本变换：none\n"}
,{"stream_name":"stderr","time":588.170257851,"data":"/usr/local/lib/python3.12/dist-packages/numpy/_core/fromnumeric.py:3596: RuntimeWarning: Mean of empty slice.\n"}
,{"stream_name":"stderr","time":588.170315513,"data":"  return _methods._mean(a, axis=axis, dtype=dtype,\n"}
,{"stream_name":"stderr","time":588.170838777,"data":"/usr/local/lib/python3.12/dist-packages/numpy/_core/_methods.py:138: RuntimeWarning: invalid value encountered in scalar divide\n"}
,{"stream_name":"stderr","time":588.170850724,"data":"  ret = ret.dtype.type(ret / rcount)\n"}
,{"stream_name":"stderr","time":588.171945011,"data":"/kaggle/working/k10/S08/sdalr_PU_final_checkpoint/tools.py:414: RuntimeWarning: Mean of empty slice.\n"}
,{"stream_name":"stderr","time":588.171957161,"data":"  overall_acc = round(per_class_acc.mean(), 2)\n"}
,{"stream_name":"stderr","time":588.171962616,"data":"/usr/local/lib/python3.12/dist-packages/numpy/_core/_methods.py:138: RuntimeWarning: invalid value encountered in scalar divide\n"}
,{"stream_name":"stderr","time":588.17196728,"data":"  ret = ret.dtype.type(ret / rcount)\n"}
,{"stream_name":"stdout","time":588.172161664,"data":"未过滤\t未用伪标签：99.95% -\u003e 使用伪标签：99.95%\n"}
,{"stream_name":"stdout","time":588.172184558,"data":"已过滤\t未用伪标签：99.95% -\u003e 使用伪标签：99.95%\n"}
,{"stream_name":"stdout","time":588.172190319,"data":"排除样本：2002|6000\t剩余：1997, 2001\n"}
,{"stream_name":"stdout","time":588.172194692,"data":"增添样本：6\t\t细则：0, 5, 1\t正确率估算：100.00%\n"}
,{"stream_name":"stdout","time":588.172199249,"data":"类型1 正确率： 100.00% -\u003e 1  100.00%, 2    0.00%, 3    0.00%\n"}
,{"stream_name":"stdout","time":588.172203655,"data":"类型2 正确率： 100.00% -\u003e 1    0.10%, 2   99.85%, 3    0.05%\n"}
,{"stream_name":"stdout","time":588.172207958,"data":"类型3 正确率： 100.00% -\u003e 1    0.00%, 2    0.00%, 3  100.00%\n"}
,{"stream_name":"stdout","time":588.172212099,"data":"\n"}
,{"stream_name":"stdout","time":588.172215863,"data":"被排除样本 正确率：nan%\n"}
,{"stream_name":"stdout","time":588.172220818,"data":"\n"}
,{"stream_name":"stdout","time":588.172226187,"data":"\n"}
,{"stream_name":"stdout","time":601.057958288,"data":"轮次:·16/·20 || c_Loss:0.398 || e_Loss:-0.976 || Aad_Loss:-25.570 || 耗时：33.15s\n"}
,{"stream_name":"stdout","time":614.062982334,"data":"轮次:·17/·20 || c_Loss:0.394 || e_Loss:-0.932 || Aad_Loss:-26.338 || 耗时：13.00s\n"}
,{"stream_name":"stdout","time":627.087018502,"data":"轮次:·18/·20 || c_Loss:0.388 || e_Loss:-0.991 || Aad_Loss:-25.948 || 耗时：13.02s\n"}
,{"stream_name":"stdout","time":640.098630333,"data":"轮次:·19/·20 || c_Loss:0.386 || e_Loss:-0.946 || Aad_Loss:-27.522 || 耗时：13.01s\n"}
,{"stream_name":"stdout","time":653.121150819,"data":"轮次:·20/·20 || c_Loss:0.394 || e_Loss:-0.942 || Aad_Loss:-27.239 || 耗时：13.02s\n"}
,{"stream_name":"stdout","time":659.135630753,"data":"任务: (B1)N15_M01_F10→(B2)N15_M07_F10; mix批次:····0; 批次:·1880/·1880;  总正确率: 99.95%\n"}
,{"stream_name":"stdout","time":659.135657305,"data":"类型1 正确率： 100.00% -\u003e 1  100.00%, 2    0.00%, 3    0.00%\n"}
,{"stream_name":"stdout","time":659.135661869,"data":"类型2 正确率： 100.00% -\u003e 1    0.10%, 2   99.85%, 3    0.05%\n"}
,{"stream_name":"stdout","time":659.135665432,"data":"类型3 正确率： 100.00% -\u003e 1    0.00%, 2    0.00%, 3  100.00%\n"}
,{"stream_name":"stdout","time":659.135668541,"data":"\n"}
,{"stream_name":"stdout","time":659.135671677,"data":"\n"}
,{"stream_name":"stdout","time":665.123703696,"data":"测试集任务: (B1)N15_M01_F10→(B2)N15_M07_F10; 总正确率 = 99.95%\n"}
,{"stream_name":"stdout","time":665.123738701,"data":"类型1 正确率： 100.00% -\u003e 1  100.00%, 2    0.00%, 3    0.00%\n"}
,{"stream_name":"stdout","time":665.123745688,"data":"类型2 正确率： 100.00% -\u003e 1    0.10%, 2   99.85%, 3    0.05%\n"}
,{"stream_name":"stdout","time":665.123750843,"data":"类型3 正确率： 100.00% -\u003e 1    0.00%, 2    0.00%, 3  100.00%\n"}
,{"stream_name":"stdout","time":665.123756402,"data":"\n"}
,{"stream_name":"stdout","time":665.123761506,"data":"\n"}
,{"stream_name":"stdout","time":665.144516182,"data":"[tar_adaptation_RES_PU.py --folder_root /kaggle/working/k10/S08/sdalr_PU_final_checkpoint/DATA_foldS08 --seed 2024 --class_num 3 --data_name PU_M1_L3 --output /kaggle/working/k10/S08/weight_PU_M1_final_checkpoint_FS08toS08_s2024 --s 0 --t 1 --lr 0.0005 --threshold 0.4 --K 0.6] 359s\n"}
,{"stream_name":"stdout","time":665.171359749,"data":"读取源域路径：/kaggle/working/k10/S08/weight_PU_M1_final_checkpoint_FS08toS08_s2024/NEW_PU/Source-源域/log\u0026pt/(B1)N15_M01_F10\n"}
,{"stream_name":"stdout","time":665.171380483,"data":"excel输出位置：/kaggle/working/k10/S08/weight_PU_M1_final_checkpoint_FS08toS08_s2024/NEW_PU/Target-目标域\n"}
,{"stream_name":"stdout","time":665.171427439,"data":"特征图片输出位置：/kaggle/working/k10/S08/weight_PU_M1_final_checkpoint_FS08toS08_s2024/NEW_PU/Picture-特征图/2026年09月19日08时25分/(B1)N15_M01_F10\n"}
,{"stream_name":"stderr","time":665.209863147,"data":"/usr/local/lib/python3.12/dist-packages/torch/nn/utils/weight_norm.py:144: FutureWarning: `torch.nn.utils.weight_norm` is deprecated in favor of `torch.nn.utils.parametrizations.weight_norm`.\n"}
,{"stream_name":"stderr","time":665.209890025,"data":"  WeightNorm.apply(module, name, dim)\n"}
,{"stream_name":"stdout","time":665.249306765,"data":"现在选取:(B1)N15_M01_F10 进行训练的源模型\n"}
,{"stream_name":"stdout","time":665.249341369,"data":"现在进行：(B1)N15_M01_F10→(B3)N15_M07_F04 的迁移任务\n"}
,{"stream_name":"stdout","time":665.24934792,"data":"log\u0026pt输出位置：/kaggle/working/k10/S08/weight_PU_M1_final_checkpoint_FS08toS08_s2024/NEW_PU/Target-目标域/log\u0026pt/(B1)N15_M01_F10→(B3)N15_M07_F04\n"}
,{"stream_name":"stderr","time":665.250681506,"data":"sh: 1: Syntax error: word unexpected (expecting \")\")\n"}
,{"stream_name":"stdout","time":676.123981309,"data":"任务: (B1)N15_M01_F10→(B3)N15_M07_F04; 批次:····0/·1880;  总正确率: 89.43%\n"}
,{"stream_name":"stdout","time":676.124018229,"data":"类型1 正确率： 100.00% -\u003e 1  100.00%, 2    0.00%, 3    0.00%\n"}
,{"stream_name":"stdout","time":676.124022926,"data":"类型2 正确率：  74.00% -\u003e 1    0.50%, 2   73.90%, 3   25.60%\n"}
,{"stream_name":"stdout","time":676.124026343,"data":"类型3 正确率：  94.00% -\u003e 1    2.60%, 2    3.00%, 3   94.40%\n"}
,{"stream_name":"stdout","time":676.124029614,"data":"\n"}
,{"stream_name":"stdout","time":676.124043844,"data":"\n"}
,{"stream_name":"stdout","time":676.124758079,"data":"样本变换：reverse\n"}
,{"stream_name":"stdout","time":679.33918625,"data":"样本变换：mask\n"}
,{"stream_name":"stdout","time":682.606131995,"data":"样本变换：shift\n"}
,{"stream_name":"stdout","time":685.883194536,"data":"样本变换：none\n"}
,{"stream_name":"stderr","time":690.79450969,"data":"/kaggle/working/k10/S08/sdalr_PU_final_checkpoint/tools.py:413: RuntimeWarning: invalid value encountered in divide\n"}
,{"stream_name":"stderr","time":690.794546037,"data":"  per_class_acc = conf_matrix.diagonal() / conf_matrix.sum(axis=1) * 100\n"}
,{"stream_name":"stdout","time":690.794686841,"data":"未过滤\t未用伪标签：89.43% -\u003e 使用伪标签：88.65%\n"}
,{"stream_name":"stdout","time":690.794713152,"data":"已过滤\t未用伪标签：90.93% -\u003e 使用伪标签：92.38%\n"}
,{"stream_name":"stdout","time":690.79471994,"data":"排除样本：242|6000\t剩余：2062, 1574, 2122\n"}
,{"stream_name":"stdout","time":690.79472511,"data":"增添样本：608\t\t细则：60, 548, 0\t正确率估算：92.76%\n"}
,{"stream_name":"stdout","time":690.794730217,"data":"类型1 正确率： 100.00% -\u003e 1  100.00%, 2    0.00%, 3    0.00%\n"}
,{"stream_name":"stdout","time":690.794735253,"data":"类型2 正确率：  82.00% -\u003e 1    0.33%, 2   82.42%, 3   17.26%\n"}
,{"stream_name":"stdout","time":690.794740601,"data":"类型3 正确率：  94.00% -\u003e 1    2.92%, 2    3.12%, 3   93.96%\n"}
,{"stream_name":"stdout","time":690.794745289,"data":"\n"}
,{"stream_name":"stdout","time":690.794749939,"data":"被排除样本 正确率：53.72%\n"}
,{"stream_name":"stdout","time":690.794755043,"data":"类型1 没有样本或未被分类。\n"}
,{"stream_name":"stdout","time":690.794759857,"data":"类型2 正确率：  46.00% -\u003e 1    4.29%, 2   46.01%, 3   49.69%\n"}
,{"stream_name":"stdout","time":690.794764572,"data":"类型3 正确率：  70.00% -\u003e 1   10.13%, 2   20.25%, 3   69.62%\n"}
,{"stream_name":"stdout","time":690.794770455,"data":"\n"}
,{"stream_name":"stdout","time":690.794776454,"data":"\n"}
,{"stream_name":"stdout","time":703.996918499,"data":"轮次:··1/·20 || c_Loss:0.539 || e_Loss:-1.268 || Aad_Loss:-26.315 || 耗时：33.76s\n"}
,{"stream_name":"stdout","time":717.224764036,"data":"轮次:··2/·20 || c_Loss:0.385 || e_Loss:-0.963 || Aad_Loss:-26.335 || 耗时：13.23s\n"}
,{"stream_name":"stdout","time":730.315682887,"data":"轮次:··3/·20 || c_Loss:0.359 || e_Loss:-1.508 || Aad_Loss:-26.260 || 耗时：13.09s\n"}
,{"stream_name":"stdout","time":743.304230718,"data":"轮次:··4/·20 || c_Loss:0.369 || e_Loss:-1.434 || Aad_Loss:-24.819 || 耗时：12.99s\n"}
,{"stream_name":"stdout","time":756.237813677,"data":"轮次:··5/·20 || c_Loss:0.346 || e_Loss:-1.509 || Aad_Loss:-28.010 || 耗时：12.93s\n"}
,{"stream_name":"stdout","time":762.22919167,"data":"任务: (B1)N15_M01_F10→(B3)N15_M07_F04; mix批次:····0; 批次:··470/·1880;  总正确率: 91.87%\n"}
,{"stream_name":"stdout","time":762.229221796,"data":"类型1 正确率： 100.00% -\u003e 1  100.00%, 2    0.00%, 3    0.00%\n"}
,{"stream_name":"stdout","time":762.229228306,"data":"类型2 正确率：  82.00% -\u003e 1    0.00%, 2   82.45%, 3   17.55%\n"}
,{"stream_name":"stdout","time":762.229233666,"data":"类型3 正确率：  93.00% -\u003e 1    3.80%, 2    3.05%, 3   93.15%\n"}
,{"stream_name":"stdout","time":762.229239064,"data":"\n"}
,{"stream_name":"stdout","time":762.229243971,"data":"\n"}
,{"stream_name":"stdout","time":762.260057271,"data":"样本变换：reverse\n"}
,{"stream_name":"stdout","time":765.46944845,"data":"样本变换：mask\n"}
,{"stream_name":"stdout","time":768.71814925,"data":"样本变换：shift\n"}
,{"stream_name":"stdout","time":771.965175094,"data":"样本变换：none\n"}
,{"stream_name":"stderr","time":776.695886669,"data":"/kaggle/working/k10/S08/sdalr_PU_final_checkpoint/tools.py:413: RuntimeWarning: invalid value encountered in divide\n"}
,{"stream_name":"stderr","time":776.695943949,"data":"  per_class_acc = conf_matrix.diagonal() / conf_matrix.sum(axis=1) * 100\n"}
,{"stream_name":"stdout","time":776.696070164,"data":"未过滤\t未用伪标签：91.87% -\u003e 使用伪标签：91.43%\n"}
,{"stream_name":"stdout","time":776.696109849,"data":"已过滤\t未用伪标签：92.42% -\u003e 使用伪标签：92.45%\n"}
,{"stream_name":"stdout","time":776.696116275,"data":"排除样本：66|6000\t剩余：2088, 1708, 2138\n"}
,{"stream_name":"stdout","time":776.696121689,"data":"增添样本：480\t\t细则：50, 430, 0\t正确率估算：99.17%\n"}
,{"stream_name":"stdout","time":776.696127182,"data":"类型1 正确率： 100.00% -\u003e 1  100.00%, 2    0.00%, 3    0.00%\n"}
,{"stream_name":"stdout","time":776.696131869,"data":"类型2 正确率：  84.00% -\u003e 1    0.00%, 2   84.25%, 3   15.75%\n"}
,{"stream_name":"stdout","time":776.696136495,"data":"类型3 正确率：  93.00% -\u003e 1    4.48%, 2    2.54%, 3   92.98%\n"}
,{"stream_name":"stdout","time":776.69614094,"data":"\n"}
,{"stream_name":"stdout","time":776.696145178,"data":"被排除样本 正确率：42.42%\n"}
,{"stream_name":"stdout","time":776.696149751,"data":"类型1 没有样本或未被分类。\n"}
,{"stream_name":"stdout","time":776.696154081,"data":"类型2 正确率：  25.00% -\u003e 1    0.00%, 2   25.00%, 3   75.00%\n"}
,{"stream_name":"stdout","time":776.696158565,"data":"类型3 正确率：  59.00% -\u003e 1    2.94%, 2   38.24%, 3   58.82%\n"}
,{"stream_name":"stdout","time":776.696163034,"data":"\n"}
,{"stream_name":"stdout","time":776.696167198,"data":"\n"}
,{"stream_name":"stdout","time":789.552899341,"data":"轮次:··6/·20 || c_Loss:0.363 || e_Loss:-1.868 || Aad_Loss:-28.757 || 耗时：33.31s\n"}
,{"stream_name":"stdout","time":802.517764661,"data":"轮次:··7/·20 || c_Loss:0.387 || e_Loss:-0.849 || Aad_Loss:-26.507 || 耗时：12.96s\n"}
,{"stream_name":"stdout","time":815.553410956,"data":"轮次:··8/·20 || c_Loss:0.359 || e_Loss:-0.907 || Aad_Loss:-31.780 || 耗时：13.04s\n"}
,{"stream_name":"stdout","time":828.592348031,"data":"轮次:··9/·20 || c_Loss:0.379 || e_Loss:-0.898 || Aad_Loss:-31.028 || 耗时：13.04s\n"}
,{"stream_name":"stdout","time":841.598763318,"data":"轮次:·10/·20 || c_Loss:0.396 || e_Loss:-1.492 || Aad_Loss:-28.803 || 耗时：13.01s\n"}
,{"stream_name":"stdout","time":847.633515154,"data":"任务: (B1)N15_M01_F10→(B3)N15_M07_F04; mix批次:····0; 批次:··940/·1880;  总正确率: 92.20%\n"}
,{"stream_name":"stdout","time":847.63355779,"data":"类型1 正确率： 100.00% -\u003e 1  100.00%, 2    0.00%, 3    0.00%\n"}
,{"stream_name":"stdout","time":847.633563554,"data":"类型2 正确率：  84.00% -\u003e 1    0.00%, 2   84.00%, 3   16.00%\n"}
,{"stream_name":"stdout","time":847.633568043,"data":"类型3 正确率：  93.00% -\u003e 1    4.50%, 2    2.90%, 3   92.60%\n"}
,{"stream_name":"stdout","time":847.633571949,"data":"\n"}
,{"stream_name":"stdout","time":847.633575403,"data":"\n"}
,{"stream_name":"stdout","time":847.679595157,"data":"样本变换：reverse\n"}
,{"stream_name":"stdout","time":850.950174749,"data":"样本变换：mask\n"}
,{"stream_name":"stdout","time":854.254042146,"data":"样本变换：shift\n"}
,{"stream_name":"stdout","time":857.533161943,"data":"样本变换：none\n"}
,{"stream_name":"stdout","time":862.308483866,"data":"未过滤\t未用伪标签：92.20% -\u003e 使用伪标签：91.82%\n"}
,{"stream_name":"stdout","time":862.308517791,"data":"已过滤\t未用伪标签：92.47% -\u003e 使用伪标签：92.42%\n"}
,{"stream_name":"stdout","time":862.308523845,"data":"排除样本：39|6000\t剩余：2105, 1714, 2142\n"}
,{"stream_name":"stdout","time":862.308533869,"data":"增添样本：465\t\t细则：37, 428, 0\t正确率估算：99.14%\n"}
,{"stream_name":"stdout","time":862.308537497,"data":"类型1 正确率： 100.00% -\u003e 1  100.00%, 2    0.00%, 3    0.00%\n"}
,{"stream_name":"stdout","time":862.308540669,"data":"类型2 正确率：  85.00% -\u003e 1    0.00%, 2   84.54%, 3   15.46%\n"}
,{"stream_name":"stdout","time":862.308543843,"data":"类型3 正确率：  93.00% -\u003e 1    5.30%, 2    2.07%, 3   92.63%\n"}
,{"stream_name":"stdout","time":862.308547193,"data":"\n"}
,{"stream_name":"stdout","time":862.308550644,"data":"被排除样本 正确率：51.28%\n"}
,{"stream_name":"stdout","time":862.308553747,"data":"类型1 正确率：  38.00% -\u003e 1   38.10%, 2   61.90%\n"}
,{"stream_name":"stdout","time":862.308556768,"data":"类型2 正确率：  67.00% -\u003e 1   33.33%, 2   66.67%\n"}
,{"stream_name":"stdout","time":862.308559722,"data":"\n"}
,{"stream_name":"stdout","time":862.308562577,"data":"\n"}
,{"stream_name":"stdout","time":875.235148452,"data":"轮次:·11/·20 || c_Loss:0.371 || e_Loss:-0.938 || Aad_Loss:-29.607 || 耗时：33.64s\n"}
,{"stream_name":"stdout","time":888.268852513,"data":"轮次:·12/·20 || c_Loss:0.393 || e_Loss:-1.748 || Aad_Loss:-27.503 || 耗时：13.03s\n"}
,{"stream_name":"stdout","time":901.321834452,"data":"轮次:·13/·20 || c_Loss:0.392 || e_Loss:-1.722 || Aad_Loss:-29.870 || 耗时：13.05s\n"}
,{"stream_name":"stdout","time":914.362223493,"data":"轮次:·14/·20 || c_Loss:0.391 || e_Loss:-1.889 || Aad_Loss:-27.798 || 耗时：13.04s\n"}
,{"stream_name":"stdout","time":927.428775768,"data":"轮次:·15/·20 || c_Loss:0.398 || e_Loss:-0.953 || Aad_Loss:-30.510 || 耗时：13.07s\n"}
,{"stream_name":"stdout","time":933.443214223,"data":"任务: (B1)N15_M01_F10→(B3)N15_M07_F04; mix批次:····0; 批次:·1410/·1880;  总正确率: 92.15%\n"}
,{"stream_name":"stdout","time":933.443251366,"data":"类型1 正确率： 100.00% -\u003e 1  100.00%, 2    0.00%, 3    0.00%\n"}
,{"stream_name":"stdout","time":933.443261345,"data":"类型2 正确率：  84.00% -\u003e 1    0.00%, 2   84.05%, 3   15.95%\n"}
,{"stream_name":"stdout","time":933.443264915,"data":"类型3 正确率：  92.00% -\u003e 1    5.35%, 2    2.25%, 3   92.40%\n"}
,{"stream_name":"stdout","time":933.443268117,"data":"\n"}
,{"stream_name":"stdout","time":933.443271124,"data":"\n"}
,{"stream_name":"stdout","time":933.48520739,"data":"样本变换：reverse\n"}
,{"stream_name":"stdout","time":936.732240646,"data":"样本变换：mask\n"}
,{"stream_name":"stdout","time":940.022160428,"data":"样本变换：shift\n"}
,{"stream_name":"stdout","time":943.299150736,"data":"样本变换：none\n"}
,{"stream_name":"stderr","time":947.992983458,"data":"/kaggle/working/k10/S08/sdalr_PU_final_checkpoint/tools.py:413: RuntimeWarning: invalid value encountered in divide\n"}
,{"stream_name":"stderr","time":947.993022509,"data":"  per_class_acc = conf_matrix.diagonal() / conf_matrix.sum(axis=1) * 100\n"}
,{"stream_name":"stdout","time":947.993141506,"data":"未过滤\t未用伪标签：92.15% -\u003e 使用伪标签：91.98%\n"}
,{"stream_name":"stdout","time":947.993166623,"data":"已过滤\t未用伪标签：92.46% -\u003e 使用伪标签：92.45%\n"}
,{"stream_name":"stdout","time":947.993191153,"data":"排除样本：30|6000\t剩余：2111, 1713, 2146\n"}
,{"stream_name":"stdout","time":947.993195611,"data":"增添样本：468\t\t细则：35, 433, 0\t正确率估算：99.79%\n"}
,{"stream_name":"stdout","time":947.993199503,"data":"类型1 正确率： 100.00% -\u003e 1  100.00%, 2    0.00%, 3    0.00%\n"}
,{"stream_name":"stdout","time":947.993203265,"data":"类型2 正确率：  85.00% -\u003e 1    0.00%, 2   84.62%, 3   15.38%\n"}
,{"stream_name":"stdout","time":947.993207084,"data":"类型3 正确率：  93.00% -\u003e 1    5.59%, 2    1.76%, 3   92.65%\n"}
,{"stream_name":"stdout","time":947.993211553,"data":"\n"}
,{"stream_name":"stdout","time":947.993214877,"data":"被排除样本 正确率：30.00%\n"}
,{"stream_name":"stdout","time":947.993218591,"data":"类型1 没有样本或未被分类。\n"}
,{"stream_name":"stdout","time":947.993222251,"data":"类型2 正确率：  24.00% -\u003e 1    0.00%, 2   23.53%, 3   76.47%\n"}
,{"stream_name":"stdout","time":947.993225853,"data":"类型3 正确率：  38.00% -\u003e 1    7.69%, 2   53.85%, 3   38.46%\n"}
,{"stream_name":"stdout","time":947.993229256,"data":"\n"}
,{"stream_name":"stdout","time":947.99323441,"data":"\n"}
,{"stream_name":"stdout","time":960.93418792,"data":"轮次:·16/·20 || c_Loss:0.368 || e_Loss:-1.921 || Aad_Loss:-30.282 || 耗时：33.51s\n"}
,{"stream_name":"stdout","time":973.890269948,"data":"轮次:·17/·20 || c_Loss:0.386 || e_Loss:-0.921 || Aad_Loss:-29.753 || 耗时：12.96s\n"}
,{"stream_name":"stdout","time":986.814026649,"data":"轮次:·18/·20 || c_Loss:0.371 || e_Loss:-0.988 || Aad_Loss:-30.122 || 耗时：12.92s\n"}
,{"stream_name":"stdout","time":999.746066684,"data":"轮次:·19/·20 || c_Loss:0.385 || e_Loss:-0.975 || Aad_Loss:-30.451 || 耗时：12.93s\n"}
,{"stream_name":"stdout","time":1012.719739217,"data":"轮次:·20/·20 || c_Loss:0.386 || e_Loss:-0.859 || Aad_Loss:-28.581 || 耗时：12.97s\n"}
,{"stream_name":"stdout","time":1018.734542583,"data":"任务: (B1)N15_M01_F10→(B3)N15_M07_F04; mix批次:····0; 批次:·1880/·1880;  总正确率: 92.33%\n"}
,{"stream_name":"stdout","time":1018.734573527,"data":"类型1 正确率： 100.00% -\u003e 1  100.00%, 2    0.00%, 3    0.00%\n"}
,{"stream_name":"stdout","time":1018.734580191,"data":"类型2 正确率：  84.00% -\u003e 1    0.00%, 2   84.40%, 3   15.60%\n"}
,{"stream_name":"stdout","time":1018.734585548,"data":"类型3 正确率：  93.00% -\u003e 1    5.60%, 2    1.80%, 3   92.60%\n"}
,{"stream_name":"stdout","time":1018.734590714,"data":"\n"}
,{"stream_name":"stdout","time":1018.734595659,"data":"\n"}
,{"stream_name":"stdout","time":1024.741718849,"data":"测试集任务: (B1)N15_M01_F10→(B3)N15_M07_F04; 总正确率 = 92.33%\n"}
,{"stream_name":"stdout","time":1024.741751589,"data":"类型1 正确率： 100.00% -\u003e 1  100.00%, 2    0.00%, 3    0.00%\n"}
,{"stream_name":"stdout","time":1024.741758927,"data":"类型2 正确率：  84.00% -\u003e 1    0.00%, 2   84.40%, 3   15.60%\n"}
,{"stream_name":"stdout","time":1024.74176373,"data":"类型3 正确率：  93.00% -\u003e 1    5.60%, 2    1.80%, 3   92.60%\n"}
,{"stream_name":"stdout","time":1024.74177153,"data":"\n"}
,{"stream_name":"stdout","time":1024.741775139,"data":"\n"}
,{"stream_name":"stdout","time":1024.765050103,"data":"[tar_adaptation_RES_PU.py --folder_root /kaggle/working/k10/S08/sdalr_PU_final_checkpoint/DATA_foldS08 --seed 2024 --class_num 3 --data_name PU_M1_L3 --output /kaggle/working/k10/S08/weight_PU_M1_final_checkpoint_FS08toS08_s2024 --s 0 --t 2 --lr 0.0005 --threshold 0.4 --K 0.6] 360s\n"}
,{"stream_name":"stdout","time":1024.790177243,"data":"读取源域路径：/kaggle/working/k10/S08/weight_PU_M1_final_checkpoint_FS08toS08_s2024/NEW_PU/Source-源域/log\u0026pt/(B2)N15_M07_F10\n"}
,{"stream_name":"stdout","time":1024.790196433,"data":"excel输出位置：/kaggle/working/k10/S08/weight_PU_M1_final_checkpoint_FS08toS08_s2024/NEW_PU/Target-目标域\n"}
,{"stream_name":"stdout","time":1024.790308363,"data":"特征图片输出位置：/kaggle/working/k10/S08/weight_PU_M1_final_checkpoint_FS08toS08_s2024/NEW_PU/Picture-特征图/2026年09月19日08时31分/(B2)N15_M07_F10\n"}
,{"stream_name":"stderr","time":1024.824496212,"data":"/usr/local/lib/python3.12/dist-packages/torch/nn/utils/weight_norm.py:144: FutureWarning: `torch.nn.utils.weight_norm` is deprecated in favor of `torch.nn.utils.parametrizations.weight_norm`.\n"}
,{"stream_name":"stderr","time":1024.82451745,"data":"  WeightNorm.apply(module, name, dim)\n"}
,{"stream_name":"stdout","time":1024.860679508,"data":"现在选取:(B2)N15_M07_F10 进行训练的源模型\n"}
,{"stream_name":"stdout","time":1024.860698702,"data":"现在进行：(B2)N15_M07_F10→(B1)N15_M01_F10 的迁移任务\n"}
,{"stream_name":"stdout","time":1024.860704067,"data":"log\u0026pt输出位置：/kaggle/working/k10/S08/weight_PU_M1_final_checkpoint_FS08toS08_s2024/NEW_PU/Target-目标域/log\u0026pt/(B2)N15_M07_F10→(B1)N15_M01_F10\n"}
,{"stream_name":"stderr","time":1024.861976678,"data":"sh: 1: Syntax error: word unexpected (expecting \")\")\n"}
,{"stream_name":"stdout","time":1035.856020097,"data":"任务: (B2)N15_M07_F10→(B1)N15_M01_F10; 批次:····0/·1880;  总正确率: 94.52%\n"}
,{"stream_name":"stdout","time":1035.85605814,"data":"类型1 正确率： 100.00% -\u003e 1   99.95%, 2    0.00%, 3    0.05%\n"}
,{"stream_name":"stdout","time":1035.856062845,"data":"类型2 正确率：  84.00% -\u003e 1    0.35%, 2   83.60%, 3   16.05%\n"}
,{"stream_name":"stdout","time":1035.856066245,"data":"类型3 正确率： 100.00% -\u003e 1    0.00%, 2    0.00%, 3  100.00%\n"}
,{"stream_name":"stdout","time":1035.856069419,"data":"\n"}
,{"stream_name":"stdout","time":1035.856072483,"data":"\n"}
,{"stream_name":"stdout","time":1035.856605202,"data":"样本变换：reverse\n"}
,{"stream_name":"stdout","time":1039.088143244,"data":"样本变换：mask\n"}
,{"stream_name":"stdout","time":1042.368205988,"data":"样本变换：shift\n"}
,{"stream_name":"stdout","time":1045.64408826,"data":"样本变换：none\n"}
,{"stream_name":"stderr","time":1050.559895783,"data":"/kaggle/working/k10/S08/sdalr_PU_final_checkpoint/tools.py:413: RuntimeWarning: invalid value encountered in divide\n"}
,{"stream_name":"stderr","time":1050.55994751,"data":"  per_class_acc = conf_matrix.diagonal() / conf_matrix.sum(axis=1) * 100\n"}
,{"stream_name":"stdout","time":1050.560028153,"data":"未过滤\t未用伪标签：94.52% -\u003e 使用伪标签：94.75%\n"}
,{"stream_name":"stdout","time":1050.560041202,"data":"已过滤\t未用伪标签：95.60% -\u003e 使用伪标签：96.24%\n"}
,{"stream_name":"stdout","time":1050.560046364,"data":"排除样本：93|6000\t剩余：2002, 1686, 2219\n"}
,{"stream_name":"stdout","time":1050.560064852,"data":"增添样本：750\t\t细则：217, 533, 0\t正确率估算：98.67%\n"}
,{"stream_name":"stdout","time":1050.560068678,"data":"类型1 正确率： 100.00% -\u003e 1  100.00%, 2    0.00%, 3    0.00%\n"}
,{"stream_name":"stdout","time":1050.560071923,"data":"类型2 正确率：  88.00% -\u003e 1    0.10%, 2   88.36%, 3   11.53%\n"}
,{"stream_name":"stdout","time":1050.560102223,"data":"类型3 正确率： 100.00% -\u003e 1    0.00%, 2    0.00%, 3  100.00%\n"}
,{"stream_name":"stdout","time":1050.56010948,"data":"\n"}
,{"stream_name":"stdout","time":1050.560130388,"data":"被排除样本 正确率：25.81%\n"}
,{"stream_name":"stdout","time":1050.560134079,"data":"类型1 没有样本或未被分类。\n"}
,{"stream_name":"stdout","time":1050.56013918,"data":"类型2 正确率：  25.00% -\u003e 1    3.26%, 2   25.00%, 3   71.74%\n"}
,{"stream_name":"stdout","time":1050.560152177,"data":"类型3 正确率： 100.00% -\u003e 1    0.00%, 2    0.00%, 3  100.00%\n"}
,{"stream_name":"stdout","time":1050.560154739,"data":"\n"}
,{"stream_name":"stdout","time":1050.560156885,"data":"\n"}
,{"stream_name":"stdout","time":1063.779133348,"data":"轮次:··1/·20 || c_Loss:0.568 || e_Loss:-0.965 || Aad_Loss:-24.651 || 耗时：33.83s\n"}
,{"stream_name":"stdout","time":1077.012792921,"data":"轮次:··2/·20 || c_Loss:0.406 || e_Loss:-0.952 || Aad_Loss:-28.409 || 耗时：13.23s\n"}
,{"stream_name":"stdout","time":1090.093789402,"data":"轮次:··3/·20 || c_Loss:0.400 || e_Loss:-0.886 || Aad_Loss:-27.850 || 耗时：13.08s\n"}
,{"stream_name":"stdout","time":1103.073544868,"data":"轮次:··4/·20 || c_Loss:0.387 || e_Loss:-1.645 || Aad_Loss:-27.529 || 耗时：12.98s\n"}
,{"stream_name":"stdout","time":1115.99194047,"data":"轮次:··5/·20 || c_Loss:0.386 || e_Loss:-0.866 || Aad_Loss:-27.821 || 耗时：12.92s\n"}
,{"stream_name":"stdout","time":1122.142954964,"data":"任务: (B2)N15_M07_F10→(B1)N15_M01_F10; mix批次:····0; 批次:··470/·1880;  总正确率: 94.22%\n"}
,{"stream_name":"stdout","time":1122.142990932,"data":"类型1 正确率： 100.00% -\u003e 1   99.95%, 2    0.00%, 3    0.05%\n"}
,{"stream_name":"stdout","time":1122.142997504,"data":"类型2 正确率：  83.00% -\u003e 1    0.25%, 2   82.70%, 3   17.05%\n"}
,{"stream_name":"stdout","time":1122.143007944,"data":"类型3 正确率： 100.00% -\u003e 1    0.00%, 2    0.00%, 3  100.00%\n"}
,{"stream_name":"stdout","time":1122.143012198,"data":"\n"}
,{"stream_name":"stdout","time":1122.143015363,"data":"\n"}
,{"stream_name":"stdout","time":1122.172921318,"data":"样本变换：reverse\n"}
,{"stream_name":"stdout","time":1125.416159892,"data":"样本变换：mask\n"}
,{"stream_name":"stdout","time":1128.682174893,"data":"样本变换：shift\n"}
,{"stream_name":"stdout","time":1131.945125174,"data":"样本变换：none\n"}
,{"stream_name":"stderr","time":1136.810161891,"data":"/kaggle/working/k10/S08/sdalr_PU_final_checkpoint/tools.py:413: RuntimeWarning: invalid value encountered in divide\n"}
,{"stream_name":"stderr","time":1136.810217565,"data":"  per_class_acc = conf_matrix.diagonal() / conf_matrix.sum(axis=1) * 100\n"}
,{"stream_name":"stdout","time":1136.810371257,"data":"未过滤\t未用伪标签：94.22% -\u003e 使用伪标签：94.72%\n"}
,{"stream_name":"stdout","time":1136.810384085,"data":"已过滤\t未用伪标签：94.86% -\u003e 使用伪标签：95.51%\n"}
,{"stream_name":"stdout","time":1136.810389467,"data":"排除样本：50|6000\t剩余：2002, 1684, 2264\n"}
,{"stream_name":"stdout","time":1136.810394575,"data":"增添样本：842\t\t细则：262, 580, 0\t正确率估算：98.57%\n"}
,{"stream_name":"stdout","time":1136.810400197,"data":"类型1 正确率： 100.00% -\u003e 1  100.00%, 2    0.00%, 3    0.00%\n"}
,{"stream_name":"stdout","time":1136.810405455,"data":"类型2 正确率：  86.00% -\u003e 1    0.10%, 2   86.31%, 3   13.58%\n"}
,{"stream_name":"stdout","time":1136.81041067,"data":"类型3 正确率： 100.00% -\u003e 1    0.00%, 2    0.00%, 3  100.00%\n"}
,{"stream_name":"stdout","time":1136.810415272,"data":"\n"}
,{"stream_name":"stdout","time":1136.810419384,"data":"被排除样本 正确率：18.00%\n"}
,{"stream_name":"stdout","time":1136.81042378,"data":"类型1 没有样本或未被分类。\n"}
,{"stream_name":"stdout","time":1136.810441927,"data":"类型2 正确率：  16.00% -\u003e 1    6.12%, 2   16.33%, 3   77.55%\n"}
,{"stream_name":"stdout","time":1136.810445585,"data":"类型3 正确率： 100.00% -\u003e 1    0.00%, 2    0.00%, 3  100.00%\n"}
,{"stream_name":"stdout","time":1136.810449113,"data":"\n"}
,{"stream_name":"stdout","time":1136.810452407,"data":"\n"}
,{"stream_name":"stdout","time":1149.729786649,"data":"轮次:··6/·20 || c_Loss:0.371 || e_Loss:-0.936 || Aad_Loss:-30.199 || 耗时：33.74s\n"}
,{"stream_name":"stdout","time":1162.788738622,"data":"轮次:··7/·20 || c_Loss:0.397 || e_Loss:-1.724 || Aad_Loss:-29.644 || 耗时：13.06s\n"}
,{"stream_name":"stdout","time":1175.881346051,"data":"轮次:··8/·20 || c_Loss:0.389 || e_Loss:-1.830 || Aad_Loss:-29.610 || 耗时：13.09s\n"}
,{"stream_name":"stdout","time":1188.977442782,"data":"轮次:··9/·20 || c_Loss:0.398 || e_Loss:-1.789 || Aad_Loss:-28.062 || 耗时：13.10s\n"}
,{"stream_name":"stdout","time":1202.071457765,"data":"轮次:·10/·20 || c_Loss:0.391 || e_Loss:-1.860 || Aad_Loss:-28.192 || 耗时：13.09s\n"}
,{"stream_name":"stdout","time":1208.103107213,"data":"任务: (B2)N15_M07_F10→(B1)N15_M01_F10; mix批次:····0; 批次:··940/·1880;  总正确率: 94.82%\n"}
,{"stream_name":"stdout","time":1208.10314299,"data":"类型1 正确率： 100.00% -\u003e 1  100.00%, 2    0.00%, 3    0.00%\n"}
,{"stream_name":"stdout","time":1208.103149391,"data":"类型2 正确率：  84.00% -\u003e 1    0.20%, 2   84.45%, 3   15.35%\n"}
,{"stream_name":"stdout","time":1208.103154153,"data":"类型3 正确率： 100.00% -\u003e 1    0.00%, 2    0.00%, 3  100.00%\n"}
,{"stream_name":"stdout","time":1208.103161834,"data":"\n"}
,{"stream_name":"stdout","time":1208.1031649,"data":"\n"}
,{"stream_name":"stdout","time":1208.146315534,"data":"样本变换：reverse\n"}
,{"stream_name":"stdout","time":1211.421150889,"data":"样本变换：mask\n"}
,{"stream_name":"stdout","time":1214.712171578,"data":"样本变换：shift\n"}
,{"stream_name":"stdout","time":1217.996139068,"data":"样本变换：none\n"}
,{"stream_name":"stderr","time":1222.970178993,"data":"/kaggle/working/k10/S08/sdalr_PU_final_checkpoint/tools.py:413: RuntimeWarning: invalid value encountered in divide\n"}
,{"stream_name":"stderr","time":1222.970220443,"data":"  per_class_acc = conf_matrix.diagonal() / conf_matrix.sum(axis=1) * 100\n"}
,{"stream_name":"stdout","time":1222.970417672,"data":"未过滤\t未用伪标签：94.82% -\u003e 使用伪标签：94.90%\n"}
,{"stream_name":"stdout","time":1222.970434421,"data":"已过滤\t未用伪标签：95.25% -\u003e 使用伪标签：95.47%\n"}
,{"stream_name":"stdout","time":1222.970443014,"data":"排除样本：36|6000\t剩余：2002, 1695, 2267\n"}
,{"stream_name":"stdout","time":1222.970446686,"data":"增添样本：837\t\t细则：265, 572, 0\t正确率估算：97.61%\n"}
,{"stream_name":"stdout","time":1222.970450151,"data":"类型1 正确率： 100.00% -\u003e 1  100.00%, 2    0.00%, 3    0.00%\n"}
,{"stream_name":"stdout","time":1222.970453605,"data":"类型2 正确率：  86.00% -\u003e 1    0.10%, 2   86.26%, 3   13.64%\n"}
,{"stream_name":"stdout","time":1222.970457159,"data":"类型3 正确率： 100.00% -\u003e 1    0.00%, 2    0.00%, 3  100.00%\n"}
,{"stream_name":"stdout","time":1222.970460705,"data":"\n"}
,{"stream_name":"stdout","time":1222.970464941,"data":"被排除样本 正确率：22.22%\n"}
,{"stream_name":"stdout","time":1222.970483159,"data":"类型1 没有样本或未被分类。\n"}
,{"stream_name":"stdout","time":1222.970489058,"data":"类型2 正确率：  20.00% -\u003e 1    5.71%, 2   20.00%, 3   74.29%\n"}
,{"stream_name":"stdout","time":1222.970510733,"data":"类型3 正确率： 100.00% -\u003e 1    0.00%, 2    0.00%, 3  100.00%\n"}
,{"stream_name":"stdout","time":1222.970515338,"data":"\n"}
,{"stream_name":"stdout","time":1222.970518786,"data":"\n"}
,{"stream_name":"stdout","time":1235.880774023,"data":"轮次:·11/·20 || c_Loss:0.391 || e_Loss:-0.903 || Aad_Loss:-31.550 || 耗时：33.81s\n"}
,{"stream_name":"stdout","time":1248.884385133,"data":"轮次:·12/·20 || c_Loss:0.385 || e_Loss:-0.938 || Aad_Loss:-29.181 || 耗时：13.00s\n"}
,{"stream_name":"stdout","time":1261.910851464,"data":"轮次:·13/·20 || c_Loss:0.391 || e_Loss:-1.789 || Aad_Loss:-30.453 || 耗时：13.03s\n"}
,{"stream_name":"stdout","time":1274.930961377,"data":"轮次:·14/·20 || c_Loss:0.392 || e_Loss:-0.954 || Aad_Loss:-30.042 || 耗时：13.02s\n"}
,{"stream_name":"stdout","time":1287.948882407,"data":"轮次:·15/·20 || c_Loss:0.415 || e_Loss:-0.890 || Aad_Loss:-31.302 || 耗时：13.02s\n"}
,{"stream_name":"stdout","time":1293.964495582,"data":"任务: (B2)N15_M07_F10→(B1)N15_M01_F10; mix批次:····0; 批次:·1410/·1880;  总正确率: 95.05%\n"}
,{"stream_name":"stdout","time":1293.964522782,"data":"类型1 正确率： 100.00% -\u003e 1  100.00%, 2    0.00%, 3    0.00%\n"}
,{"stream_name":"stdout","time":1293.964528565,"data":"类型2 正确率：  85.00% -\u003e 1    0.10%, 2   85.15%, 3   14.75%\n"}
,{"stream_name":"stdout","time":1293.964533356,"data":"类型3 正确率： 100.00% -\u003e 1    0.00%, 2    0.00%, 3  100.00%\n"}
,{"stream_name":"stdout","time":1293.964537975,"data":"\n"}
,{"stream_name":"stdout","time":1293.964542138,"data":"\n"}
,{"stream_name":"stdout","time":1294.003329656,"data":"样本变换：reverse\n"}
,{"stream_name":"stdout","time":1297.251137604,"data":"样本变换：mask\n"}
,{"stream_name":"stdout","time":1300.517127469,"data":"样本变换：shift\n"}
,{"stream_name":"stdout","time":1303.783155283,"data":"样本变换：none\n"}
,{"stream_name":"stderr","time":1308.651664536,"data":"/kaggle/working/k10/S08/sdalr_PU_final_checkpoint/tools.py:413: RuntimeWarning: invalid value encountered in divide\n"}
,{"stream_name":"stderr","time":1308.651702853,"data":"  per_class_acc = conf_matrix.diagonal() / conf_matrix.sum(axis=1) * 100\n"}
,{"stream_name":"stdout","time":1308.651805324,"data":"未过滤\t未用伪标签：95.05% -\u003e 使用伪标签：95.13%\n"}
,{"stream_name":"stdout","time":1308.651828719,"data":"已过滤\t未用伪标签：95.44% -\u003e 使用伪标签：95.63%\n"}
,{"stream_name":"stdout","time":1308.65183486,"data":"排除样本：31|6000\t剩余：2001, 1711, 2257\n"}
,{"stream_name":"stdout","time":1308.651839829,"data":"增添样本：802\t\t细则：256, 546, 0\t正确率估算：98.88%\n"}
,{"stream_name":"stdout","time":1308.651845101,"data":"类型1 正确率： 100.00% -\u003e 1  100.00%, 2    0.00%, 3    0.00%\n"}
,{"stream_name":"stdout","time":1308.651850441,"data":"类型2 正确率：  87.00% -\u003e 1    0.05%, 2   86.80%, 3   13.15%\n"}
,{"stream_name":"stdout","time":1308.651855285,"data":"类型3 正确率： 100.00% -\u003e 1    0.00%, 2    0.05%, 3   99.95%\n"}
,{"stream_name":"stdout","time":1308.651860056,"data":"\n"}
,{"stream_name":"stdout","time":1308.651864497,"data":"被排除样本 正确率：19.35%\n"}
,{"stream_name":"stdout","time":1308.651869063,"data":"类型1 没有样本或未被分类。\n"}
,{"stream_name":"stdout","time":1308.651873954,"data":"类型2 正确率：  17.00% -\u003e 1    3.33%, 2   16.67%, 3   80.00%\n"}
,{"stream_name":"stdout","time":1308.651878403,"data":"类型3 正确率： 100.00% -\u003e 1    0.00%, 2    0.00%, 3  100.00%\n"}
,{"stream_name":"stdout","time":1308.651899827,"data":"\n"}
,{"stream_name":"stdout","time":1308.651903465,"data":"\n"}
,{"stream_name":"stdout","time":1321.595966807,"data":"轮次:·16/·20 || c_Loss:0.397 || e_Loss:-1.952 || Aad_Loss:-28.809 || 耗时：33.65s\n"}
,{"stream_name":"stdout","time":1334.552281141,"data":"轮次:·17/·20 || c_Loss:0.391 || e_Loss:-1.813 || Aad_Loss:-30.457 || 耗时：12.96s\n"}
,{"stream_name":"stdout","time":1347.550785534,"data":"轮次:·18/·20 || c_Loss:0.388 || e_Loss:-0.973 || Aad_Loss:-30.225 || 耗时：13.00s\n"}
,{"stream_name":"stdout","time":1360.5408223,"data":"轮次:·19/·20 || c_Loss:0.404 || e_Loss:-0.936 || Aad_Loss:-30.111 || 耗时：12.99s\n"}
,{"stream_name":"stdout","time":1373.538158714,"data":"轮次:·20/·20 || c_Loss:0.385 || e_Loss:-0.975 || Aad_Loss:-30.278 || 耗时：13.00s\n"}
,{"stream_name":"stdout","time":1379.57395635,"data":"任务: (B2)N15_M07_F10→(B1)N15_M01_F10; mix批次:····0; 批次:·1880/·1880;  总正确率: 95.25%\n"}
,{"stream_name":"stdout","time":1379.573991218,"data":"类型1 正确率： 100.00% -\u003e 1  100.00%, 2    0.00%, 3    0.00%\n"}
,{"stream_name":"stdout","time":1379.574001977,"data":"类型2 正确率：  86.00% -\u003e 1    0.10%, 2   85.80%, 3   14.10%\n"}
,{"stream_name":"stdout","time":1379.574005516,"data":"类型3 正确率： 100.00% -\u003e 1    0.00%, 2    0.05%, 3   99.95%\n"}
,{"stream_name":"stdout","time":1379.574008734,"data":"\n"}
,{"stream_name":"stdout","time":1379.574011695,"data":"\n"}
,{"stream_name":"stdout","time":1385.589601986,"data":"测试集任务: (B2)N15_M07_F10→(B1)N15_M01_F10; 总正确率 = 95.25%\n"}
,{"stream_name":"stdout","time":1385.58963678,"data":"类型1 正确率： 100.00% -\u003e 1  100.00%, 2    0.00%, 3    0.00%\n"}
,{"stream_name":"stdout","time":1385.589646209,"data":"类型2 正确率：  86.00% -\u003e 1    0.10%, 2   85.80%, 3   14.10%\n"}
,{"stream_name":"stdout","time":1385.589649519,"data":"类型3 正确率： 100.00% -\u003e 1    0.00%, 2    0.05%, 3   99.95%\n"}
,{"stream_name":"stdout","time":1385.589652882,"data":"\n"}
,{"stream_name":"stdout","time":1385.58965603,"data":"\n"}
,{"stream_name":"stdout","time":1385.613814932,"data":"[tar_adaptation_RES_PU.py --folder_root /kaggle/working/k10/S08/sdalr_PU_final_checkpoint/DATA_foldS08 --seed 2024 --class_num 3 --data_name PU_M1_L3 --output /kaggle/working/k10/S08/weight_PU_M1_final_checkpoint_FS08toS08_s2024 --s 1 --t 0 --lr 0.0005 --threshold 0.4 --K 0.6] 361s\n"}
,{"stream_name":"stdout","time":1385.63907561,"data":"读取源域路径：/kaggle/working/k10/S08/weight_PU_M1_final_checkpoint_FS08toS08_s2024/NEW_PU/Source-源域/log\u0026pt/(B2)N15_M07_F10\n"}
,{"stream_name":"stdout","time":1385.639114588,"data":"excel输出位置：/kaggle/working/k10/S08/weight_PU_M1_final_checkpoint_FS08toS08_s2024/NEW_PU/Target-目标域\n"}
,{"stream_name":"stdout","time":1385.639201692,"data":"特征图片输出位置：/kaggle/working/k10/S08/weight_PU_M1_final_checkpoint_FS08toS08_s2024/NEW_PU/Picture-特征图/2026年09月19日08时37分/(B2)N15_M07_F10\n"}
,{"stream_name":"stderr","time":1385.672921919,"data":"/usr/local/lib/python3.12/dist-packages/torch/nn/utils/weight_norm.py:144: FutureWarning: `torch.nn.utils.weight_norm` is deprecated in favor of `torch.nn.utils.parametrizations.weight_norm`.\n"}
,{"stream_name":"stderr","time":1385.672944032,"data":"  WeightNorm.apply(module, name, dim)\n"}
,{"stream_name":"stdout","time":1385.710942508,"data":"现在选取:(B2)N15_M07_F10 进行训练的源模型\n"}
,{"stream_name":"stdout","time":1385.7109626,"data":"现在进行：(B2)N15_M07_F10→(B3)N15_M07_F04 的迁移任务\n"}
,{"stream_name":"stdout","time":1385.710968275,"data":"log\u0026pt输出位置：/kaggle/working/k10/S08/weight_PU_M1_final_checkpoint_FS08toS08_s2024/NEW_PU/Target-目标域/log\u0026pt/(B2)N15_M07_F10→(B3)N15_M07_F04\n"}
,{"stream_name":"stderr","time":1385.712260548,"data":"sh: 1: Syntax error: word unexpected (expecting \")\")\n"}
,{"stream_name":"stdout","time":1396.61161785,"data":"任务: (B2)N15_M07_F10→(B3)N15_M07_F04; 批次:····0/·1880;  总正确率: 94.10%\n"}
,{"stream_name":"stdout","time":1396.611673678,"data":"类型1 正确率： 100.00% -\u003e 1  100.00%, 2    0.00%, 3    0.00%\n"}
,{"stream_name":"stdout","time":1396.611680881,"data":"类型2 正确率：  91.00% -\u003e 1    0.05%, 2   90.70%, 3    9.25%\n"}
,{"stream_name":"stdout","time":1396.6116858,"data":"类型3 正确率：  92.00% -\u003e 1    1.35%, 2    7.05%, 3   91.60%\n"}
,{"stream_name":"stdout","time":1396.611690234,"data":"\n"}
,{"stream_name":"stdout","time":1396.61170347,"data":"\n"}
,{"stream_name":"stdout","time":1396.612341747,"data":"样本变换：reverse\n"}
,{"stream_name":"stdout","time":1399.836149579,"data":"样本变换：mask\n"}
,{"stream_name":"stdout","time":1403.09314549,"data":"样本变换：shift\n"}
,{"stream_name":"stdout","time":1406.352144948,"data":"样本变换：none\n"}
,{"stream_name":"stderr","time":1410.939252909,"data":"/kaggle/working/k10/S08/sdalr_PU_final_checkpoint/tools.py:413: RuntimeWarning: invalid value encountered in divide\n"}
,{"stream_name":"stderr","time":1410.939292827,"data":"  per_class_acc = conf_matrix.diagonal() / conf_matrix.sum(axis=1) * 100\n"}
,{"stream_name":"stdout","time":1410.939516489,"data":"未过滤\t未用伪标签：94.10% -\u003e 使用伪标签：93.58%\n"}
,{"stream_name":"stdout","time":1410.939524511,"data":"已过滤\t未用伪标签：95.23% -\u003e 使用伪标签：96.03%\n"}
,{"stream_name":"stdout","time":1410.939527246,"data":"排除样本：153|6000\t剩余：2032, 2057, 1758\n"}
,{"stream_name":"stdout","time":1410.939529907,"data":"增添样本：324\t\t细则：25, 0, 299\t正确率估算：100.00%\n"}
,{"stream_name":"stdout","time":1410.939532426,"data":"类型1 正确率： 100.00% -\u003e 1  100.00%, 2    0.00%, 3    0.00%\n"}
,{"stream_name":"stdout","time":1410.939534899,"data":"类型2 正确率：  98.00% -\u003e 1    0.10%, 2   97.69%, 3    2.21%\n"}
,{"stream_name":"stdout","time":1410.939537241,"data":"类型3 正确率：  90.00% -\u003e 1    1.58%, 2    8.25%, 3   90.17%\n"}
,{"stream_name":"stdout","time":1410.939539602,"data":"\n"}
,{"stream_name":"stdout","time":1410.939541812,"data":"被排除样本 正确率：50.98%\n"}
,{"stream_name":"stdout","time":1410.939544087,"data":"类型1 没有样本或未被分类。\n"}
,{"stream_name":"stdout","time":1410.939546381,"data":"类型2 正确率：  29.00% -\u003e 1    0.00%, 2   29.09%, 3   70.91%\n"}
,{"stream_name":"stdout","time":1410.939548669,"data":"类型3 正确率：  63.00% -\u003e 1    6.12%, 2   30.61%, 3   63.27%\n"}
,{"stream_name":"stdout","time":1410.939550955,"data":"\n"}
,{"stream_name":"stdout","time":1410.939553376,"data":"\n"}
,{"stream_name":"stdout","time":1424.059319136,"data":"轮次:··1/·20 || c_Loss:0.544 || e_Loss:-1.755 || Aad_Loss:-23.080 || 耗时：33.34s\n"}
,{"stream_name":"stdout","time":1437.193143891,"data":"轮次:··2/·20 || c_Loss:0.450 || e_Loss:-0.880 || Aad_Loss:-27.459 || 耗时：13.13s\n"}
,{"stream_name":"stdout","time":1450.256057046,"data":"轮次:··3/·20 || c_Loss:0.344 || e_Loss:-0.879 || Aad_Loss:-29.412 || 耗时：13.06s\n"}
,{"stream_name":"stdout","time":1463.264746315,"data":"轮次:··4/·20 || c_Loss:0.366 || e_Loss:-0.859 || Aad_Loss:-29.063 || 耗时：13.01s\n"}
,{"stream_name":"stdout","time":1476.256888911,"data":"轮次:··5/·20 || c_Loss:0.355 || e_Loss:-1.659 || Aad_Loss:-27.262 || 耗时：12.99s\n"}
,{"stream_name":"stdout","time":1482.250239014,"data":"任务: (B2)N15_M07_F10→(B3)N15_M07_F04; mix批次:····0; 批次:··470/·1880;  总正确率: 97.40%\n"}
,{"stream_name":"stdout","time":1482.25027197,"data":"类型1 正确率： 100.00% -\u003e 1  100.00%, 2    0.00%, 3    0.00%\n"}
,{"stream_name":"stdout","time":1482.250277374,"data":"类型2 正确率：  99.00% -\u003e 1    0.00%, 2   98.65%, 3    1.35%\n"}
,{"stream_name":"stdout","time":1482.250281289,"data":"类型3 正确率：  94.00% -\u003e 1    2.10%, 2    4.35%, 3   93.55%\n"}
,{"stream_name":"stdout","time":1482.250285622,"data":"\n"}
,{"stream_name":"stdout","time":1482.250289155,"data":"\n"}
,{"stream_name":"stdout","time":1482.281070093,"data":"样本变换：reverse\n"}
,{"stream_name":"stdout","time":1485.515171706,"data":"样本变换：mask\n"}
,{"stream_name":"stdout","time":1488.778138115,"data":"样本变换：shift\n"}
,{"stream_name":"stdout","time":1492.039137409,"data":"样本变换：none\n"}
,{"stream_name":"stderr","time":1496.61767899,"data":"/kaggle/working/k10/S08/sdalr_PU_final_checkpoint/tools.py:413: RuntimeWarning: invalid value encountered in divide\n"}
,{"stream_name":"stderr","time":1496.617719557,"data":"  per_class_acc = conf_matrix.diagonal() / conf_matrix.sum(axis=1) * 100\n"}
,{"stream_name":"stdout","time":1496.617841706,"data":"未过滤\t未用伪标签：97.40% -\u003e 使用伪标签：97.15%\n"}
,{"stream_name":"stdout","time":1496.617853805,"data":"已过滤\t未用伪标签：97.93% -\u003e 使用伪标签：98.10%\n"}
,{"stream_name":"stdout","time":1496.617859391,"data":"排除样本：58|6000\t剩余：2037, 2064, 1841\n"}
,{"stream_name":"stdout","time":1496.617863935,"data":"增添样本：250\t\t细则：27, 0, 223\t正确率估算：100.00%\n"}
,{"stream_name":"stdout","time":1496.617868748,"data":"类型1 正确率： 100.00% -\u003e 1  100.00%, 2    0.00%, 3    0.00%\n"}
,{"stream_name":"stdout","time":1496.617873334,"data":"类型2 正确率： 100.00% -\u003e 1    0.00%, 2   99.90%, 3    0.10%\n"}
,{"stream_name":"stdout","time":1496.617879565,"data":"类型3 正确率：  94.00% -\u003e 1    1.90%, 2    3.79%, 3   94.31%\n"}
,{"stream_name":"stdout","time":1496.617887066,"data":"\n"}
,{"stream_name":"stdout","time":1496.617890016,"data":"被排除样本 正确率：43.10%\n"}
,{"stream_name":"stdout","time":1496.617893203,"data":"类型1 没有样本或未被分类。\n"}
,{"stream_name":"stdout","time":1496.617896258,"data":"类型2 正确率：  12.00% -\u003e 1    0.00%, 2   12.50%, 3   87.50%\n"}
,{"stream_name":"stdout","time":1496.617899316,"data":"类型3 正确率：  48.00% -\u003e 1   16.00%, 2   36.00%, 3   48.00%\n"}
,{"stream_name":"stdout","time":1496.617902328,"data":"\n"}
,{"stream_name":"stdout","time":1496.617905113,"data":"\n"}
,{"stream_name":"stdout","time":1509.495531933,"data":"轮次:··6/·20 || c_Loss:0.357 || e_Loss:-1.773 || Aad_Loss:-29.357 || 耗时：33.24s\n"}
,{"stream_name":"stdout","time":1522.478552317,"data":"轮次:··7/·20 || c_Loss:0.381 || e_Loss:-0.888 || Aad_Loss:-27.431 || 耗时：12.98s\n"}
,{"stream_name":"stdout","time":1535.521391593,"data":"轮次:··8/·20 || c_Loss:0.365 || e_Loss:-0.949 || Aad_Loss:-30.789 || 耗时：13.04s\n"}
,{"stream_name":"stdout","time":1548.588731656,"data":"轮次:··9/·20 || c_Loss:0.368 || e_Loss:-1.446 || Aad_Loss:-28.082 || 耗时：13.07s\n"}
,{"stream_name":"stdout","time":1561.662624026,"data":"轮次:·10/·20 || c_Loss:0.364 || e_Loss:-0.928 || Aad_Loss:-28.772 || 耗时：13.07s\n"}
,{"stream_name":"stdout","time":1567.715507879,"data":"任务: (B2)N15_M07_F10→(B3)N15_M07_F04; mix批次:····0; 批次:··940/·1880;  总正确率: 97.63%\n"}
,{"stream_name":"stdout","time":1567.715552866,"data":"类型1 正确率： 100.00% -\u003e 1  100.00%, 2    0.00%, 3    0.00%\n"}
,{"stream_name":"stdout","time":1567.715557371,"data":"类型2 正确率： 100.00% -\u003e 1    0.00%, 2   99.95%, 3    0.05%\n"}
,{"stream_name":"stdout","time":1567.715559885,"data":"类型3 正确率：  93.00% -\u003e 1    2.10%, 2    4.95%, 3   92.95%\n"}
,{"stream_name":"stdout","time":1567.715562281,"data":"\n"}
,{"stream_name":"stdout","time":1567.715564411,"data":"\n"}
,{"stream_name":"stdout","time":1567.755469859,"data":"样本变换：reverse\n"}
,{"stream_name":"stdout","time":1571.01816142,"data":"样本变换：mask\n"}
,{"stream_name":"stdout","time":1574.296197994,"data":"样本变换：shift\n"}
,{"stream_name":"stdout","time":1577.543148264,"data":"样本变换：none\n"}
,{"stream_name":"stderr","time":1582.189301821,"data":"/kaggle/working/k10/S08/sdalr_PU_final_checkpoint/tools.py:413: RuntimeWarning: invalid value encountered in divide\n"}
,{"stream_name":"stderr","time":1582.189336949,"data":"  per_class_acc = conf_matrix.diagonal() / conf_matrix.sum(axis=1) * 100\n"}
,{"stream_name":"stdout","time":1582.189406854,"data":"未过滤\t未用伪标签：97.63% -\u003e 使用伪标签：97.28%\n"}
,{"stream_name":"stdout","time":1582.189416549,"data":"已过滤\t未用伪标签：97.94% -\u003e 使用伪标签：97.94%\n"}
,{"stream_name":"stdout","time":1582.189420897,"data":"排除样本：40|6000\t剩余：2040, 2082, 1838\n"}
,{"stream_name":"stdout","time":1582.189424734,"data":"增添样本：286\t\t细则：42, 0, 244\t正确率估算：100.00%\n"}
,{"stream_name":"stdout","time":1582.189428559,"data":"类型1 正确率： 100.00% -\u003e 1  100.00%, 2    0.00%, 3    0.00%\n"}
,{"stream_name":"stdout","time":1582.189432311,"data":"类型2 正确率： 100.00% -\u003e 1    0.00%, 2  100.00%, 3    0.00%\n"}
,{"stream_name":"stdout","time":1582.189438837,"data":"类型3 正确率：  94.00% -\u003e 1    2.04%, 2    4.23%, 3   93.73%\n"}
,{"stream_name":"stdout","time":1582.189441267,"data":"\n"}
,{"stream_name":"stdout","time":1582.189443482,"data":"被排除样本 正确率：52.50%\n"}
,{"stream_name":"stdout","time":1582.189445796,"data":"类型1 没有样本或未被分类。\n"}
,{"stream_name":"stdout","time":1582.189448411,"data":"类型2 正确率： 100.00% -\u003e 1    0.00%, 2  100.00%, 3    0.00%\n"}
,{"stream_name":"stdout","time":1582.189450742,"data":"类型3 正确率：  51.00% -\u003e 1   17.95%, 2   30.77%, 3   51.28%\n"}
,{"stream_name":"stdout","time":1582.189453018,"data":"\n"}
,{"stream_name":"stdout","time":1582.189455116,"data":"\n"}
,{"stream_name":"stdout","time":1595.078067213,"data":"轮次:·11/·20 || c_Loss:0.401 || e_Loss:-1.831 || Aad_Loss:-27.060 || 耗时：33.42s\n"}
,{"stream_name":"stdout","time":1607.968805845,"data":"轮次:·12/·20 || c_Loss:0.377 || e_Loss:-0.963 || Aad_Loss:-29.510 || 耗时：12.89s\n"}
,{"stream_name":"stdout","time":1620.858946596,"data":"轮次:·13/·20 || c_Loss:0.379 || e_Loss:-0.913 || Aad_Loss:-29.121 || 耗时：12.89s\n"}
,{"stream_name":"stdout","time":1633.74040147,"data":"轮次:·14/·20 || c_Loss:0.372 || e_Loss:-1.843 || Aad_Loss:-29.815 || 耗时：12.88s\n"}
,{"stream_name":"stdout","time":1646.624589836,"data":"轮次:·15/·20 || c_Loss:0.374 || e_Loss:-1.949 || Aad_Loss:-29.149 || 耗时：12.88s\n"}
,{"stream_name":"stdout","time":1652.613498794,"data":"任务: (B2)N15_M07_F10→(B3)N15_M07_F04; mix批次:····0; 批次:·1410/·1880;  总正确率: 97.77%\n"}
,{"stream_name":"stdout","time":1652.613531235,"data":"类型1 正确率： 100.00% -\u003e 1  100.00%, 2    0.00%, 3    0.00%\n"}
,{"stream_name":"stdout","time":1652.613552202,"data":"类型2 正确率： 100.00% -\u003e 1    0.00%, 2   99.70%, 3    0.30%\n"}
,{"stream_name":"stdout","time":1652.613555259,"data":"类型3 正确率：  94.00% -\u003e 1    1.85%, 2    4.55%, 3   93.60%\n"}
,{"stream_name":"stdout","time":1652.613557711,"data":"\n"}
,{"stream_name":"stdout","time":1652.613560021,"data":"\n"}
,{"stream_name":"stdout","time":1652.655746135,"data":"样本变换：reverse\n"}
,{"stream_name":"stdout","time":1655.887152284,"data":"样本变换：mask\n"}
,{"stream_name":"stdout","time":1659.142105185,"data":"样本变换：shift\n"}
,{"stream_name":"stdout","time":1662.370866208,"data":"样本变换：none\n"}
,{"stream_name":"stderr","time":1666.915011896,"data":"/kaggle/working/k10/S08/sdalr_PU_final_checkpoint/tools.py:413: RuntimeWarning: invalid value encountered in divide\n"}
,{"stream_name":"stderr","time":1666.915047784,"data":"  per_class_acc = conf_matrix.diagonal() / conf_matrix.sum(axis=1) * 100\n"}
,{"stream_name":"stdout","time":1666.915125978,"data":"未过滤\t未用伪标签：97.77% -\u003e 使用伪标签：97.58%\n"}
,{"stream_name":"stdout","time":1666.915135917,"data":"已过滤\t未用伪标签：98.12% -\u003e 使用伪标签：98.14%\n"}
,{"stream_name":"stdout","time":1666.915140012,"data":"排除样本：34|6000\t剩余：2036, 2072, 1858\n"}
,{"stream_name":"stdout","time":1666.915143793,"data":"增添样本：250\t\t细则：36, 0, 214\t正确率估算：100.00%\n"}
,{"stream_name":"stdout","time":1666.91514773,"data":"类型1 正确率： 100.00% -\u003e 1  100.00%, 2    0.00%, 3    0.00%\n"}
,{"stream_name":"stdout","time":1666.915151364,"data":"类型2 正确率： 100.00% -\u003e 1    0.00%, 2  100.00%, 3    0.00%\n"}
,{"stream_name":"stdout","time":1666.915158257,"data":"类型3 正确率：  94.00% -\u003e 1    1.83%, 2    3.81%, 3   94.36%\n"}
,{"stream_name":"stdout","time":1666.91516089,"data":"\n"}
,{"stream_name":"stdout","time":1666.915163068,"data":"被排除样本 正确率：35.29%\n"}
,{"stream_name":"stdout","time":1666.915165457,"data":"类型1 没有样本或未被分类。\n"}
,{"stream_name":"stdout","time":1666.915167929,"data":"类型2 正确率：  33.00% -\u003e 1    0.00%, 2   33.33%, 3   66.67%\n"}
,{"stream_name":"stdout","time":1666.91517028,"data":"类型3 正确率：  35.00% -\u003e 1   25.81%, 2   38.71%, 3   35.48%\n"}
,{"stream_name":"stdout","time":1666.915172586,"data":"\n"}
,{"stream_name":"stdout","time":1666.915174835,"data":"\n"}
,{"stream_name":"stdout","time":1679.806515515,"data":"轮次:·16/·20 || c_Loss:0.375 || e_Loss:-0.940 || Aad_Loss:-30.348 || 耗时：33.18s\n"}
,{"stream_name":"stdout","time":1692.828247578,"data":"轮次:·17/·20 || c_Loss:0.373 || e_Loss:-2.009 || Aad_Loss:-29.044 || 耗时：13.02s\n"}
,{"stream_name":"stdout","time":1705.895297607,"data":"轮次:·18/·20 || c_Loss:0.376 || e_Loss:-0.962 || Aad_Loss:-31.865 || 耗时：13.07s\n"}
,{"stream_name":"stdout","time":1718.983742826,"data":"轮次:·19/·20 || c_Loss:0.377 || e_Loss:-0.952 || Aad_Loss:-29.337 || 耗时：13.09s\n"}
,{"stream_name":"stdout","time":1732.020948264,"data":"轮次:·20/·20 || c_Loss:0.373 || e_Loss:-0.971 || Aad_Loss:-29.752 || 耗时：13.04s\n"}
,{"stream_name":"stdout","time":1738.05037463,"data":"任务: (B2)N15_M07_F10→(B3)N15_M07_F04; mix批次:····0; 批次:·1880/·1880;  总正确率: 97.68%\n"}
,{"stream_name":"stdout","time":1738.050409043,"data":"类型1 正确率： 100.00% -\u003e 1  100.00%, 2    0.00%, 3    0.00%\n"}
,{"stream_name":"stdout","time":1738.050415344,"data":"类型2 正确率： 100.00% -\u003e 1    0.00%, 2  100.00%, 3    0.00%\n"}
,{"stream_name":"stdout","time":1738.050437347,"data":"类型3 正确率：  93.00% -\u003e 1    1.70%, 2    5.25%, 3   93.05%\n"}
,{"stream_name":"stdout","time":1738.050442004,"data":"\n"}
,{"stream_name":"stdout","time":1738.050445808,"data":"\n"}
,{"stream_name":"stdout","time":1744.049812562,"data":"测试集任务: (B2)N15_M07_F10→(B3)N15_M07_F04; 总正确率 = 97.68%\n"}
,{"stream_name":"stdout","time":1744.049847151,"data":"类型1 正确率： 100.00% -\u003e 1  100.00%, 2    0.00%, 3    0.00%\n"}
,{"stream_name":"stdout","time":1744.049851007,"data":"类型2 正确率： 100.00% -\u003e 1    0.00%, 2  100.00%, 3    0.00%\n"}
,{"stream_name":"stdout","time":1744.049853741,"data":"类型3 正确率：  93.00% -\u003e 1    1.70%, 2    5.25%, 3   93.05%\n"}
,{"stream_name":"stdout","time":1744.049856378,"data":"\n"}
,{"stream_name":"stdout","time":1744.04985852,"data":"\n"}
,{"stream_name":"stdout","time":1744.074120308,"data":"[tar_adaptation_RES_PU.py --folder_root /kaggle/working/k10/S08/sdalr_PU_final_checkpoint/DATA_foldS08 --seed 2024 --class_num 3 --data_name PU_M1_L3 --output /kaggle/working/k10/S08/weight_PU_M1_final_checkpoint_FS08toS08_s2024 --s 1 --t 2 --lr 0.0005 --threshold 0.4 --K 0.6] 358s\n"}
,{"stream_name":"stdout","time":1744.098041947,"data":"读取源域路径：/kaggle/working/k10/S08/weight_PU_M1_final_checkpoint_FS08toS08_s2024/NEW_PU/Source-源域/log\u0026pt/(B3)N15_M07_F04\n"}
,{"stream_name":"stdout","time":1744.098076279,"data":"excel输出位置：/kaggle/working/k10/S08/weight_PU_M1_final_checkpoint_FS08toS08_s2024/NEW_PU/Target-目标域\n"}
,{"stream_name":"stdout","time":1744.098081969,"data":"特征图片输出位置：/kaggle/working/k10/S08/weight_PU_M1_final_checkpoint_FS08toS08_s2024/NEW_PU/Picture-特征图/2026年09月19日08时43分/(B3)N15_M07_F04\n"}
,{"stream_name":"stderr","time":1744.131132433,"data":"/usr/local/lib/python3.12/dist-packages/torch/nn/utils/weight_norm.py:144: FutureWarning: `torch.nn.utils.weight_norm` is deprecated in favor of `torch.nn.utils.parametrizations.weight_norm`.\n"}
,{"stream_name":"stderr","time":1744.131151503,"data":"  WeightNorm.apply(module, name, dim)\n"}
,{"stream_name":"stdout","time":1744.166596209,"data":"现在选取:(B3)N15_M07_F04 进行训练的源模型\n"}
,{"stream_name":"stdout","time":1744.166619302,"data":"现在进行：(B3)N15_M07_F04→(B1)N15_M01_F10 的迁移任务\n"}
,{"stream_name":"stdout","time":1744.166637845,"data":"log\u0026pt输出位置：/kaggle/working/k10/S08/weight_PU_M1_final_checkpoint_FS08toS08_s2024/NEW_PU/Target-目标域/log\u0026pt/(B3)N15_M07_F04→(B1)N15_M01_F10\n"}
,{"stream_name":"stderr","time":1744.168184833,"data":"sh: 1: Syntax error: word unexpected (expecting \")\")\n"}
,{"stream_name":"stdout","time":1755.075531159,"data":"任务: (B3)N15_M07_F04→(B1)N15_M01_F10; 批次:····0/·1880;  总正确率: 95.00%\n"}
,{"stream_name":"stdout","time":1755.075562445,"data":"类型1 正确率： 100.00% -\u003e 1   99.80%, 2    0.00%, 3    0.20%\n"}
,{"stream_name":"stdout","time":1755.075569079,"data":"类型2 正确率：  87.00% -\u003e 1    0.00%, 2   86.60%, 3   13.40%\n"}
,{"stream_name":"stdout","time":1755.075574149,"data":"类型3 正确率：  99.00% -\u003e 1    0.00%, 2    1.40%, 3   98.60%\n"}
,{"stream_name":"stdout","time":1755.075581224,"data":"\n"}
,{"stream_name":"stdout","time":1755.075584214,"data":"\n"}
,{"stream_name":"stdout","time":1755.07613071,"data":"样本变换：reverse\n"}
,{"stream_name":"stdout","time":1758.283152968,"data":"样本变换：mask\n"}
,{"stream_name":"stdout","time":1761.536600589,"data":"样本变换：shift\n"}
,{"stream_name":"stdout","time":1764.79815274,"data":"样本变换：none\n"}
,{"stream_name":"stdout","time":1769.645239192,"data":"未过滤\t未用伪标签：95.00% -\u003e 使用伪标签：94.08%\n"}
,{"stream_name":"stdout","time":1769.645274797,"data":"已过滤\t未用伪标签：95.96% -\u003e 使用伪标签：96.28%\n"}
,{"stream_name":"stdout","time":1769.645280827,"data":"排除样本：137|6000\t剩余：2000, 1686, 2177\n"}
,{"stream_name":"stdout","time":1769.64528569,"data":"增添样本：668\t\t细则：177, 491, 0\t正确率估算：98.65%\n"}
,{"stream_name":"stdout","time":1769.645290304,"data":"类型1 正确率： 100.00% -\u003e 1  100.00%, 2    0.00%, 3    0.00%\n"}
,{"stream_name":"stdout","time":1769.645294843,"data":"类型2 正确率：  89.00% -\u003e 1    0.00%, 2   89.00%, 3   11.00%\n"}
,{"stream_name":"stdout","time":1769.645299367,"data":"类型3 正确率：  99.00% -\u003e 1    0.00%, 2    0.56%, 3   99.44%\n"}
,{"stream_name":"stdout","time":1769.645303371,"data":"\n"}
,{"stream_name":"stdout","time":1769.645306841,"data":"被排除样本 正确率：54.01%\n"}
,{"stream_name":"stdout","time":1769.64531085,"data":"类型1 正确率：  56.00% -\u003e 1   55.93%, 2   44.07%\n"}
,{"stream_name":"stdout","time":1769.645314688,"data":"类型2 正确率：  42.00% -\u003e 1   57.89%, 2   42.11%\n"}
,{"stream_name":"stdout","time":1769.645319984,"data":"\n"}
,{"stream_name":"stdout","time":1769.645328058,"data":"\n"}
,{"stream_name":"stdout","time":1782.850330527,"data":"轮次:··1/·20 || c_Loss:0.519 || e_Loss:-1.688 || Aad_Loss:-25.979 || 耗时：33.67s\n"}
,{"stream_name":"stdout","time":1796.014951781,"data":"轮次:··2/·20 || c_Loss:0.390 || e_Loss:-1.739 || Aad_Loss:-25.903 || 耗时：13.16s\n"}
,{"stream_name":"stdout","time":1809.018933079,"data":"轮次:··3/·20 || c_Loss:0.389 || e_Loss:-1.828 || Aad_Loss:-27.129 || 耗时：13.00s\n"}
,{"stream_name":"stdout","time":1821.9418288,"data":"轮次:··4/·20 || c_Loss:0.416 || e_Loss:-0.842 || Aad_Loss:-25.018 || 耗时：12.92s\n"}
,{"stream_name":"stdout","time":1834.818792258,"data":"轮次:··5/·20 || c_Loss:0.385 || e_Loss:-1.814 || Aad_Loss:-27.178 || 耗时：12.88s\n"}
,{"stream_name":"stdout","time":1840.787720198,"data":"任务: (B3)N15_M07_F04→(B1)N15_M01_F10; mix批次:····0; 批次:··470/·1880;  总正确率: 93.63%\n"}
,{"stream_name":"stdout","time":1840.787755956,"data":"类型1 正确率： 100.00% -\u003e 1   99.95%, 2    0.00%, 3    0.05%\n"}
,{"stream_name":"stdout","time":1840.78776508,"data":"类型2 正确率：  81.00% -\u003e 1    0.00%, 2   80.95%, 3   19.05%\n"}
,{"stream_name":"stdout","time":1840.78776851,"data":"类型3 正确率： 100.00% -\u003e 1    0.00%, 2    0.00%, 3  100.00%\n"}
,{"stream_name":"stdout","time":1840.78777199,"data":"\n"}
,{"stream_name":"stdout","time":1840.78777493,"data":"\n"}
,{"stream_name":"stdout","time":1840.817741431,"data":"样本变换：reverse\n"}
,{"stream_name":"stdout","time":1844.043671998,"data":"样本变换：mask\n"}
,{"stream_name":"stdout","time":1847.285177779,"data":"样本变换：shift\n"}
,{"stream_name":"stdout","time":1850.523895049,"data":"样本变换：none\n"}
,{"stream_name":"stdout","time":1855.440806696,"data":"未过滤\t未用伪标签：93.63% -\u003e 使用伪标签：94.08%\n"}
,{"stream_name":"stdout","time":1855.440845526,"data":"已过滤\t未用伪标签：94.31% -\u003e 使用伪标签：95.10%\n"}
,{"stream_name":"stdout","time":1855.440850598,"data":"排除样本：64|6000\t剩余：2001, 1647, 2288\n"}
,{"stream_name":"stdout","time":1855.440869607,"data":"增添样本：928\t\t细则：287, 641, 0\t正确率估算：98.06%\n"}
,{"stream_name":"stdout","time":1855.440875344,"data":"类型1 正确率： 100.00% -\u003e 1  100.00%, 2    0.00%, 3    0.00%\n"}
,{"stream_name":"stdout","time":1855.44089515,"data":"类型2 正确率：  85.00% -\u003e 1    0.05%, 2   84.98%, 3   14.96%\n"}
,{"stream_name":"stdout","time":1855.440899117,"data":"类型3 正确率： 100.00% -\u003e 1    0.00%, 2    0.00%, 3  100.00%\n"}
,{"stream_name":"stdout","time":1855.440902663,"data":"\n"}
,{"stream_name":"stdout","time":1855.440905879,"data":"被排除样本 正确率：31.25%\n"}
,{"stream_name":"stdout","time":1855.440910835,"data":"类型1 正确率：  29.00% -\u003e 1   29.03%, 2   70.97%\n"}
,{"stream_name":"stdout","time":1855.440917749,"data":"类型2 正确率： 100.00% -\u003e 1    0.00%, 2  100.00%\n"}
,{"stream_name":"stdout","time":1855.440920327,"data":"\n"}
,{"stream_name":"stdout","time":1855.440922443,"data":"\n"}
,{"stream_name":"stdout","time":1868.336649641,"data":"轮次:··6/·20 || c_Loss:0.366 || e_Loss:-0.939 || Aad_Loss:-30.345 || 耗时：33.52s\n"}
,{"stream_name":"stdout","time":1881.308153989,"data":"轮次:··7/·20 || c_Loss:0.405 || e_Loss:-1.774 || Aad_Loss:-28.623 || 耗时：12.97s\n"}
,{"stream_name":"stdout","time":1894.326892417,"data":"轮次:··8/·20 || c_Loss:0.391 || e_Loss:-1.657 || Aad_Loss:-30.464 || 耗时：13.02s\n"}
,{"stream_name":"stdout","time":1907.327995123,"data":"轮次:··9/·20 || c_Loss:0.405 || e_Loss:-0.893 || Aad_Loss:-30.345 || 耗时：13.00s\n"}
,{"stream_name":"stdout","time":1920.324438719,"data":"轮次:·10/·20 || c_Loss:0.385 || e_Loss:-0.881 || Aad_Loss:-30.903 || 耗时：13.00s\n"}
,{"stream_name":"stdout","time":1926.355260125,"data":"任务: (B3)N15_M07_F04→(B1)N15_M01_F10; mix批次:····0; 批次:··940/·1880;  总正确率: 93.97%\n"}
,{"stream_name":"stdout","time":1926.355295376,"data":"类型1 正确率： 100.00% -\u003e 1  100.00%, 2    0.00%, 3    0.00%\n"}
,{"stream_name":"stdout","time":1926.355301564,"data":"类型2 正确率：  82.00% -\u003e 1    0.00%, 2   81.90%, 3   18.10%\n"}
,{"stream_name":"stdout","time":1926.355306702,"data":"类型3 正确率： 100.00% -\u003e 1    0.00%, 2    0.00%, 3  100.00%\n"}
,{"stream_name":"stdout","time":1926.355315584,"data":"\n"}
,{"stream_name":"stdout","time":1926.355320335,"data":"\n"}
,{"stream_name":"stdout","time":1926.399292763,"data":"样本变换：reverse\n"}
,{"stream_name":"stdout","time":1929.632189828,"data":"样本变换：mask\n"}
,{"stream_name":"stdout","time":1932.924163738,"data":"样本变换：shift\n"}
,{"stream_name":"stdout","time":1936.221158041,"data":"样本变换：none\n"}
,{"stream_name":"stdout","time":1941.166458347,"data":"未过滤\t未用伪标签：93.97% -\u003e 使用伪标签：94.55%\n"}
,{"stream_name":"stdout","time":1941.166491214,"data":"已过滤\t未用伪标签：94.54% -\u003e 使用伪标签：95.33%\n"}
,{"stream_name":"stdout","time":1941.166520431,"data":"排除样本：49|6000\t剩余：2001, 1674, 2276\n"}
,{"stream_name":"stdout","time":1941.166526171,"data":"增添样本：877\t\t细则：275, 602, 0\t正确率估算：98.06%\n"}
,{"stream_name":"stdout","time":1941.166531375,"data":"类型1 正确率： 100.00% -\u003e 1  100.00%, 2    0.00%, 3    0.00%\n"}
,{"stream_name":"stdout","time":1941.166536503,"data":"类型2 正确率：  86.00% -\u003e 1    0.05%, 2   85.76%, 3   14.19%\n"}
,{"stream_name":"stdout","time":1941.166541413,"data":"类型3 正确率： 100.00% -\u003e 1    0.00%, 2    0.00%, 3  100.00%\n"}
,{"stream_name":"stdout","time":1941.166546257,"data":"\n"}
,{"stream_name":"stdout","time":1941.166551371,"data":"被排除样本 正确率：24.49%\n"}
,{"stream_name":"stdout","time":1941.166556137,"data":"类型1 正确率：  23.00% -\u003e 1   22.92%, 2   77.08%\n"}
,{"stream_name":"stdout","time":1941.166573701,"data":"类型2 正确率： 100.00% -\u003e 1    0.00%, 2  100.00%\n"}
,{"stream_name":"stdout","time":1941.166578324,"data":"\n"}
,{"stream_name":"stdout","time":1941.166582372,"data":"\n"}
,{"stream_name":"stdout","time":1954.079905334,"data":"轮次:·11/·20 || c_Loss:0.404 || e_Loss:-0.914 || Aad_Loss:-28.636 || 耗时：33.76s\n"}
,{"stream_name":"stdout","time":1967.048198998,"data":"轮次:·12/·20 || c_Loss:0.380 || e_Loss:-1.715 || Aad_Loss:-28.727 || 耗时：12.97s\n"}
,{"stream_name":"stdout","time":1980.032069459,"data":"轮次:·13/·20 || c_Loss:0.402 || e_Loss:-1.743 || Aad_Loss:-28.597 || 耗时：12.98s\n"}
,{"stream_name":"stdout","time":1993.021784978,"data":"轮次:·14/·20 || c_Loss:0.402 || e_Loss:-1.766 || Aad_Loss:-28.888 || 耗时：12.99s\n"}
,{"stream_name":"stdout","time":2006.012015383,"data":"轮次:·15/·20 || c_Loss:0.383 || e_Loss:-0.920 || Aad_Loss:-30.241 || 耗时：12.99s\n"}
,{"stream_name":"stdout","time":2012.045677745,"data":"任务: (B3)N15_M07_F04→(B1)N15_M01_F10; mix批次:····0; 批次:·1410/·1880;  总正确率: 95.72%\n"}
,{"stream_name":"stdout","time":2012.045730169,"data":"类型1 正确率： 100.00% -\u003e 1  100.00%, 2    0.00%, 3    0.00%\n"}
,{"stream_name":"stdout","time":2012.045737378,"data":"类型2 正确率：  87.00% -\u003e 1    0.05%, 2   87.20%, 3   12.75%\n"}
,{"stream_name":"stdout","time":2012.045742648,"data":"类型3 正确率： 100.00% -\u003e 1    0.00%, 2    0.05%, 3   99.95%\n"}
,{"stream_name":"stdout","time":2012.045747594,"data":"\n"}
,{"stream_name":"stdout","time":2012.045753889,"data":"\n"}
,{"stream_name":"stdout","time":2012.089493928,"data":"样本变换：reverse\n"}
,{"stream_name":"stdout","time":2015.328218728,"data":"样本变换：mask\n"}
,{"stream_name":"stdout","time":2018.594142117,"data":"样本变换：shift\n"}
,{"stream_name":"stdout","time":2021.833660241,"data":"样本变换：none\n"}
,{"stream_name":"stdout","time":2026.549057831,"data":"未过滤\t未用伪标签：95.72% -\u003e 使用伪标签：96.10%\n"}
,{"stream_name":"stdout","time":2026.549121746,"data":"已过滤\t未用伪标签：96.44% -\u003e 使用伪标签：96.96%\n"}
,{"stream_name":"stdout","time":2026.549129317,"data":"排除样本：53|6000\t剩余：2001, 1769, 2177\n"}
,{"stream_name":"stdout","time":2026.549134215,"data":"增添样本：584\t\t细则：176, 408, 0\t正确率估算：99.14%\n"}
,{"stream_name":"stdout","time":2026.549138989,"data":"类型1 正确率： 100.00% -\u003e 1  100.00%, 2    0.00%, 3    0.00%\n"}
,{"stream_name":"stdout","time":2026.549143621,"data":"类型2 正确率：  91.00% -\u003e 1    0.05%, 2   90.72%, 3    9.23%\n"}
,{"stream_name":"stdout","time":2026.549148065,"data":"类型3 正确率： 100.00% -\u003e 1    0.00%, 2    0.00%, 3  100.00%\n"}
,{"stream_name":"stdout","time":2026.549155939,"data":"\n"}
,{"stream_name":"stdout","time":2026.549159001,"data":"被排除样本 正确率：15.09%\n"}
,{"stream_name":"stdout","time":2026.549161985,"data":"类型1 正确率：  12.00% -\u003e 1   12.00%, 2   88.00%\n"}
,{"stream_name":"stdout","time":2026.549165087,"data":"类型2 正确率：  67.00% -\u003e 1   33.33%, 2   66.67%\n"}
,{"stream_name":"stdout","time":2026.549168188,"data":"\n"}
,{"stream_name":"stdout","time":2026.549171051,"data":"\n"}
,{"stream_name":"stdout","time":2039.489879623,"data":"轮次:·16/·20 || c_Loss:0.388 || e_Loss:-1.860 || Aad_Loss:-30.036 || 耗时：33.48s\n"}
,{"stream_name":"stdout","time":2052.547463837,"data":"轮次:·17/·20 || c_Loss:0.384 || e_Loss:-0.893 || Aad_Loss:-29.329 || 耗时：13.06s\n"}
,{"stream_name":"stdout","time":2065.615678044,"data":"轮次:·18/·20 || c_Loss:0.377 || e_Loss:-1.977 || Aad_Loss:-30.261 || 耗时：13.07s\n"}
,{"stream_name":"stdout","time":2078.681135888,"data":"轮次:·19/·20 || c_Loss:0.383 || e_Loss:-1.994 || Aad_Loss:-28.650 || 耗时：13.07s\n"}
,{"stream_name":"stdout","time":2091.742252365,"data":"轮次:·20/·20 || c_Loss:0.391 || e_Loss:-0.902 || Aad_Loss:-31.365 || 耗时：13.06s\n"}
,{"stream_name":"stdout","time":2097.763446071,"data":"任务: (B3)N15_M07_F04→(B1)N15_M01_F10; mix批次:····0; 批次:·1880/·1880;  总正确率: 97.23%\n"}
,{"stream_name":"stdout","time":2097.763481107,"data":"类型1 正确率： 100.00% -\u003e 1  100.00%, 2    0.00%, 3    0.00%\n"}
,{"stream_name":"stdout","time":2097.763488095,"data":"类型2 正确率：  92.00% -\u003e 1    0.05%, 2   91.90%, 3    8.05%\n"}
,{"stream_name":"stdout","time":2097.763492884,"data":"类型3 正确率： 100.00% -\u003e 1    0.00%, 2    0.20%, 3   99.80%\n"}
,{"stream_name":"stdout","time":2097.763497503,"data":"\n"}
,{"stream_name":"stdout","time":2097.763505701,"data":"\n"}
,{"stream_name":"stdout","time":2103.755502897,"data":"测试集任务: (B3)N15_M07_F04→(B1)N15_M01_F10; 总正确率 = 97.23%\n"}
,{"stream_name":"stdout","time":2103.755548047,"data":"类型1 正确率： 100.00% -\u003e 1  100.00%, 2    0.00%, 3    0.00%\n"}
,{"stream_name":"stdout","time":2103.755555762,"data":"类型2 正确率：  92.00% -\u003e 1    0.05%, 2   91.90%, 3    8.05%\n"}
,{"stream_name":"stdout","time":2103.755561146,"data":"类型3 正确率： 100.00% -\u003e 1    0.00%, 2    0.20%, 3   99.80%\n"}
,{"stream_name":"stdout","time":2103.755565764,"data":"\n"}
,{"stream_name":"stdout","time":2103.75557,"data":"\n"}
,{"stream_name":"stdout","time":2103.781672999,"data":"[tar_adaptation_RES_PU.py --folder_root /kaggle/working/k10/S08/sdalr_PU_final_checkpoint/DATA_foldS08 --seed 2024 --class_num 3 --data_name PU_M1_L3 --output /kaggle/working/k10/S08/weight_PU_M1_final_checkpoint_FS08toS08_s2024 --s 2 --t 0 --lr 0.0005 --threshold 0.4 --K 0.6] 360s\n"}
,{"stream_name":"stdout","time":2103.805893727,"data":"读取源域路径：/kaggle/working/k10/S08/weight_PU_M1_final_checkpoint_FS08toS08_s2024/NEW_PU/Source-源域/log\u0026pt/(B3)N15_M07_F04\n"}
,{"stream_name":"stdout","time":2103.805912862,"data":"excel输出位置：/kaggle/working/k10/S08/weight_PU_M1_final_checkpoint_FS08toS08_s2024/NEW_PU/Target-目标域\n"}
,{"stream_name":"stdout","time":2103.806019104,"data":"特征图片输出位置：/kaggle/working/k10/S08/weight_PU_M1_final_checkpoint_FS08toS08_s2024/NEW_PU/Picture-特征图/2026年09月19日08时49分/(B3)N15_M07_F04\n"}
,{"stream_name":"stderr","time":2103.840550346,"data":"/usr/local/lib/python3.12/dist-packages/torch/nn/utils/weight_norm.py:144: FutureWarning: `torch.nn.utils.weight_norm` is deprecated in favor of `torch.nn.utils.parametrizations.weight_norm`.\n"}
,{"stream_name":"stderr","time":2103.840571422,"data":"  WeightNorm.apply(module, name, dim)\n"}
,{"stream_name":"stdout","time":2103.87779268,"data":"现在选取:(B3)N15_M07_F04 进行训练的源模型\n"}
,{"stream_name":"stdout","time":2103.8778133,"data":"现在进行：(B3)N15_M07_F04→(B2)N15_M07_F10 的迁移任务\n"}
,{"stream_name":"stdout","time":2103.877819546,"data":"log\u0026pt输出位置：/kaggle/working/k10/S08/weight_PU_M1_final_checkpoint_FS08toS08_s2024/NEW_PU/Target-目标域/log\u0026pt/(B3)N15_M07_F04→(B2)N15_M07_F10\n"}
,{"stream_name":"stderr","time":2103.879181398,"data":"sh: 1: Syntax error: word unexpected (expecting \")\")\n"}
,{"stream_name":"stdout","time":2114.806001278,"data":"任务: (B3)N15_M07_F04→(B2)N15_M07_F10; 批次:····0/·1880;  总正确率: 99.47%\n"}
,{"stream_name":"stdout","time":2114.806052586,"data":"类型1 正确率： 100.00% -\u003e 1   99.85%, 2    0.10%, 3    0.05%\n"}
,{"stream_name":"stdout","time":2114.806058989,"data":"类型2 正确率： 100.00% -\u003e 1    0.00%, 2   99.90%, 3    0.10%\n"}
,{"stream_name":"stdout","time":2114.806067275,"data":"类型3 正确率：  99.00% -\u003e 1    0.00%, 2    1.35%, 3   98.65%\n"}
,{"stream_name":"stdout","time":2114.806070739,"data":"\n"}
,{"stream_name":"stdout","time":2114.806073281,"data":"\n"}
,{"stream_name":"stdout","time":2114.806707276,"data":"样本变换：reverse\n"}
,{"stream_name":"stdout","time":2118.029160555,"data":"样本变换：mask\n"}
,{"stream_name":"stdout","time":2121.284182139,"data":"样本变换：shift\n"}
,{"stream_name":"stdout","time":2124.54612968,"data":"样本变换：none\n"}
,{"stream_name":"stdout","time":2129.040977944,"data":"未过滤\t未用伪标签：99.47% -\u003e 使用伪标签：99.37%\n"}
,{"stream_name":"stdout","time":2129.041020747,"data":"已过滤\t未用伪标签：99.63% -\u003e 使用伪标签：99.68%\n"}
,{"stream_name":"stdout","time":2129.041028466,"data":"排除样本：19|6000\t剩余：1998, 2017, 1966\n"}
,{"stream_name":"stdout","time":2129.041034804,"data":"增添样本：70\t\t细则：19, 0, 51\t正确率估算：100.00%\n"}
,{"stream_name":"stdout","time":2129.041041044,"data":"类型1 正确率： 100.00% -\u003e 1   99.95%, 2    0.05%, 3    0.00%\n"}
,{"stream_name":"stdout","time":2129.041046443,"data":"类型2 正确率： 100.00% -\u003e 1    0.00%, 2  100.00%, 3    0.00%\n"}
,{"stream_name":"stdout","time":2129.041051727,"data":"类型3 正确率：  99.00% -\u003e 1    0.00%, 2    0.91%, 3   99.09%\n"}
,{"stream_name":"stdout","time":2129.041057211,"data":"\n"}
,{"stream_name":"stdout","time":2129.041068025,"data":"被排除样本 正确率：47.37%\n"}
,{"stream_name":"stdout","time":2129.041072127,"data":"类型1 正确率：   0.00% -\u003e 1    0.00%, 2    0.00%, 3  100.00%\n"}
,{"stream_name":"stdout","time":2129.041110207,"data":"类型2 正确率：  50.00% -\u003e 1    0.00%, 2   50.00%, 3   50.00%\n"}
,{"stream_name":"stdout","time":2129.041119401,"data":"类型3 正确率：  50.00% -\u003e 1    0.00%, 2   50.00%, 3   50.00%\n"}
,{"stream_name":"stdout","time":2129.041124856,"data":"\n"}
,{"stream_name":"stdout","time":2129.04112967,"data":"\n"}
,{"stream_name":"stdout","time":2142.169036647,"data":"轮次:··1/·20 || c_Loss:0.561 || e_Loss:-1.043 || Aad_Loss:-27.352 || 耗时：33.24s\n"}
,{"stream_name":"stdout","time":2155.358937366,"data":"轮次:··2/·20 || c_Loss:0.440 || e_Loss:-0.974 || Aad_Loss:-27.332 || 耗时：13.19s\n"}
,{"stream_name":"stdout","time":2168.442185736,"data":"轮次:··3/·20 || c_Loss:0.394 || e_Loss:-0.967 || Aad_Loss:-30.284 || 耗时：13.08s\n"}
,{"stream_name":"stdout","time":2181.440280581,"data":"轮次:··4/·20 || c_Loss:0.431 || e_Loss:-0.833 || Aad_Loss:-30.488 || 耗时：13.00s\n"}
,{"stream_name":"stdout","time":2194.370550802,"data":"轮次:··5/·20 || c_Loss:0.380 || e_Loss:-0.937 || Aad_Loss:-30.323 || 耗时：12.93s\n"}
,{"stream_name":"stdout","time":2200.35358088,"data":"任务: (B3)N15_M07_F04→(B2)N15_M07_F10; mix批次:····0; 批次:··470/·1880;  总正确率: 99.92%\n"}
,{"stream_name":"stdout","time":2200.353625668,"data":"类型1 正确率： 100.00% -\u003e 1  100.00%, 2    0.00%, 3    0.00%\n"}
,{"stream_name":"stdout","time":2200.353636705,"data":"类型2 正确率： 100.00% -\u003e 1    0.05%, 2   99.75%, 3    0.20%\n"}
,{"stream_name":"stdout","time":2200.353641798,"data":"类型3 正确率： 100.00% -\u003e 1    0.00%, 2    0.00%, 3  100.00%\n"}
,{"stream_name":"stdout","time":2200.353646765,"data":"\n"}
,{"stream_name":"stdout","time":2200.353662344,"data":"\n"}
,{"stream_name":"stdout","time":2200.384791049,"data":"样本变换：reverse\n"}
,{"stream_name":"stdout","time":2203.621087893,"data":"样本变换：mask\n"}
,{"stream_name":"stdout","time":2206.870559607,"data":"样本变换：shift\n"}
,{"stream_name":"stdout","time":2210.100223904,"data":"样本变换：none\n"}
,{"stream_name":"stderr","time":2214.569238141,"data":"/usr/local/lib/python3.12/dist-packages/sklearn/metrics/_classification.py:407: UserWarning: A single label was found in 'y_true' and 'y_pred'. For the confusion matrix to have the correct shape, use the 'labels' parameter to pass all known labels.\n"}
,{"stream_name":"stderr","time":2214.569277107,"data":"  warnings.warn(\n"}
,{"stream_name":"stdout","time":2214.569314018,"data":"未过滤\t未用伪标签：99.92% -\u003e 使用伪标签：99.92%\n"}
,{"stream_name":"stdout","time":2214.569321571,"data":"已过滤\t未用伪标签：99.92% -\u003e 使用伪标签：99.95%\n"}
,{"stream_name":"stdout","time":2214.569324376,"data":"排除样本：2|6000\t剩余：2002, 1995, 2001\n"}
,{"stream_name":"stdout","time":2214.569326837,"data":"增添样本：8\t\t细则：0, 7, 1\t正确率估算：100.00%\n"}
,{"stream_name":"stdout","time":2214.569329505,"data":"类型1 正确率： 100.00% -\u003e 1  100.00%, 2    0.00%, 3    0.00%\n"}
,{"stream_name":"stdout","time":2214.569332165,"data":"类型2 正确率： 100.00% -\u003e 1    0.10%, 2   99.85%, 3    0.05%\n"}
,{"stream_name":"stdout","time":2214.569372778,"data":"类型3 正确率： 100.00% -\u003e 1    0.00%, 2    0.00%, 3  100.00%\n"}
,{"stream_name":"stdout","time":2214.569377705,"data":"\n"}
,{"stream_name":"stdout","time":2214.569381177,"data":"被排除样本 正确率：100.00%\n"}
,{"stream_name":"stdout","time":2214.569384621,"data":"类型1 正确率： 100.00% -\u003e 1  100.00%\n"}
,{"stream_name":"stdout","time":2214.569388209,"data":"\n"}
,{"stream_name":"stdout","time":2214.569393632,"data":"\n"}
,{"stream_name":"stdout","time":2227.414599113,"data":"轮次:··6/·20 || c_Loss:0.389 || e_Loss:-1.719 || Aad_Loss:-26.382 || 耗时：33.04s\n"}
,{"stream_name":"stdout","time":2240.4434827,"data":"轮次:··7/·20 || c_Loss:0.393 || e_Loss:-0.933 || Aad_Loss:-27.801 || 耗时：13.03s\n"}
,{"stream_name":"stdout","time":2253.488360246,"data":"轮次:··8/·20 || c_Loss:0.392 || e_Loss:-0.980 || Aad_Loss:-26.964 || 耗时：13.04s\n"}
,{"stream_name":"stdout","time":2266.553180452,"data":"轮次:··9/·20 || c_Loss:0.389 || e_Loss:-0.994 || Aad_Loss:-26.229 || 耗时：13.06s\n"}
,{"stream_name":"stdout","time":2279.616825211,"data":"轮次:·10/·20 || c_Loss:0.388 || e_Loss:-0.972 || Aad_Loss:-27.208 || 耗时：13.06s\n"}
,{"stream_name":"stdout","time":2285.634452259,"data":"任务: (B3)N15_M07_F04→(B2)N15_M07_F10; mix批次:····0; 批次:··940/·1880;  总正确率: 99.97%\n"}
,{"stream_name":"stdout","time":2285.634488766,"data":"类型1 正确率： 100.00% -\u003e 1  100.00%, 2    0.00%, 3    0.00%\n"}
,{"stream_name":"stdout","time":2285.634493352,"data":"类型2 正确率： 100.00% -\u003e 1    0.05%, 2   99.90%, 3    0.05%\n"}
,{"stream_name":"stdout","time":2285.634496765,"data":"类型3 正确率： 100.00% -\u003e 1    0.00%, 2    0.00%, 3  100.00%\n"}
,{"stream_name":"stdout","time":2285.634500071,"data":"\n"}
,{"stream_name":"stdout","time":2285.634502896,"data":"\n"}
,{"stream_name":"stdout","time":2285.674745709,"data":"样本变换：reverse\n"}
,{"stream_name":"stdout","time":2288.902172992,"data":"样本变换：mask\n"}
,{"stream_name":"stdout","time":2292.185168138,"data":"样本变换：shift\n"}
,{"stream_name":"stdout","time":2295.418723788,"data":"样本变换：none\n"}
,{"stream_name":"stderr","time":2299.884975316,"data":"/usr/local/lib/python3.12/dist-packages/numpy/_core/fromnumeric.py:3596: RuntimeWarning: Mean of empty slice.\n"}
,{"stream_name":"stderr","time":2299.885016698,"data":"  return _methods._mean(a, axis=axis, dtype=dtype,\n"}
,{"stream_name":"stderr","time":2299.885021737,"data":"/usr/local/lib/python3.12/dist-packages/numpy/_core/_methods.py:138: RuntimeWarning: invalid value encountered in scalar divide\n"}
,{"stream_name":"stderr","time":2299.885025247,"data":"  ret = ret.dtype.type(ret / rcount)\n"}
,{"stream_name":"stderr","time":2299.885736437,"data":"/kaggle/working/k10/S08/sdalr_PU_final_checkpoint/tools.py:414: RuntimeWarning: Mean of empty slice.\n"}
,{"stream_name":"stderr","time":2299.885758877,"data":"  overall_acc = round(per_class_acc.mean(), 2)\n"}
,{"stream_name":"stderr","time":2299.885772825,"data":"/usr/local/lib/python3.12/dist-packages/numpy/_core/_methods.py:138: RuntimeWarning: invalid value encountered in scalar divide\n"}
,{"stream_name":"stderr","time":2299.885778594,"data":"  ret = ret.dtype.type(ret / rcount)\n"}
,{"stream_name":"stdout","time":2299.885946116,"data":"未过滤\t未用伪标签：99.97% -\u003e 使用伪标签：99.95%\n"}
,{"stream_name":"stdout","time":2299.885957226,"data":"已过滤\t未用伪标签：99.97% -\u003e 使用伪标签：99.95%\n"}
,{"stream_name":"stdout","time":2299.885962492,"data":"排除样本：2002|6000\t剩余：1997, 2001\n"}
,{"stream_name":"stdout","time":2299.885967111,"data":"增添样本：6\t\t细则：0, 5, 1\t正确率估算：100.00%\n"}
,{"stream_name":"stdout","time":2299.88597194,"data":"类型1 正确率： 100.00% -\u003e 1  100.00%, 2    0.00%, 3    0.00%\n"}
,{"stream_name":"stdout","time":2299.885976445,"data":"类型2 正确率： 100.00% -\u003e 1    0.10%, 2   99.85%, 3    0.05%\n"}
,{"stream_name":"stdout","time":2299.885981359,"data":"类型3 正确率： 100.00% -\u003e 1    0.00%, 2    0.00%, 3  100.00%\n"}
,{"stream_name":"stdout","time":2299.885986609,"data":"\n"}
,{"stream_name":"stdout","time":2299.885990982,"data":"被排除样本 正确率：nan%\n"}
,{"stream_name":"stdout","time":2299.885996665,"data":"\n"}
,{"stream_name":"stdout","time":2299.886001339,"data":"\n"}
,{"stream_name":"stdout","time":2312.751696484,"data":"轮次:·11/·20 || c_Loss:0.410 || e_Loss:-0.984 || Aad_Loss:-25.388 || 耗时：33.13s\n"}
,{"stream_name":"stdout","time":2325.734037404,"data":"轮次:·12/·20 || c_Loss:0.392 || e_Loss:-0.948 || Aad_Loss:-26.448 || 耗时：12.98s\n"}
,{"stream_name":"stdout","time":2338.710262421,"data":"轮次:·13/·20 || c_Loss:0.391 || e_Loss:-0.981 || Aad_Loss:-25.382 || 耗时：12.98s\n"}
,{"stream_name":"stdout","time":2351.670646856,"data":"轮次:·14/·20 || c_Loss:0.390 || e_Loss:-0.948 || Aad_Loss:-27.199 || 耗时：12.96s\n"}
,{"stream_name":"stdout","time":2364.630085162,"data":"轮次:·15/·20 || c_Loss:0.395 || e_Loss:-0.947 || Aad_Loss:-27.159 || 耗时：12.96s\n"}
,{"stream_name":"stdout","time":2370.611422883,"data":"任务: (B3)N15_M07_F04→(B2)N15_M07_F10; mix批次:····0; 批次:·1410/·1880;  总正确率: 99.97%\n"}
,{"stream_name":"stdout","time":2370.611477018,"data":"类型1 正确率： 100.00% -\u003e 1  100.00%, 2    0.00%, 3    0.00%\n"}
,{"stream_name":"stdout","time":2370.611484694,"data":"类型2 正确率： 100.00% -\u003e 1    0.05%, 2   99.90%, 3    0.05%\n"}
,{"stream_name":"stdout","time":2370.611490048,"data":"类型3 正确率： 100.00% -\u003e 1    0.00%, 2    0.00%, 3  100.00%\n"}
,{"stream_name":"stdout","time":2370.611495533,"data":"\n"}
,{"stream_name":"stdout","time":2370.611500547,"data":"\n"}
,{"stream_name":"stdout","time":2370.65178918,"data":"样本变换：reverse\n"}
,{"stream_name":"stdout","time":2373.902761455,"data":"样本变换：mask\n"}
,{"stream_name":"stdout","time":2377.193295182,"data":"样本变换：shift\n"}
,{"stream_name":"stdout","time":2380.428451626,"data":"样本变换：none\n"}
,{"stream_name":"stderr","time":2384.906435458,"data":"/kaggle/working/k10/S08/sdalr_PU_final_checkpoint/tools.py:413: RuntimeWarning: invalid value encountered in divide\n"}
,{"stream_name":"stderr","time":2384.906469032,"data":"  per_class_acc = conf_matrix.diagonal() / conf_matrix.sum(axis=1) * 100\n"}
,{"stream_name":"stdout","time":2384.906477182,"data":"未过滤\t未用伪标签：99.97% -\u003e 使用伪标签：99.95%\n"}
,{"stream_name":"stdout","time":2384.906486905,"data":"已过滤\t未用伪标签：99.98% -\u003e 使用伪标签：99.98%\n"}
,{"stream_name":"stdout","time":2384.906491468,"data":"排除样本：2|6000\t剩余：2000, 1997, 2001\n"}
,{"stream_name":"stdout","time":2384.906495947,"data":"增添样本：5\t\t细则：1, 4, 0\t正确率估算：100.00%\n"}
,{"stream_name":"stdout","time":2384.906500625,"data":"类型1 正确率： 100.00% -\u003e 1  100.00%, 2    0.00%, 3    0.00%\n"}
,{"stream_name":"stdout","time":2384.906505917,"data":"类型2 正确率： 100.00% -\u003e 1    0.00%, 2   99.95%, 3    0.05%\n"}
,{"stream_name":"stdout","time":2384.906513144,"data":"类型3 正确率： 100.00% -\u003e 1    0.00%, 2    0.00%, 3  100.00%\n"}
,{"stream_name":"stdout","time":2384.906516159,"data":"\n"}
,{"stream_name":"stdout","time":2384.906518449,"data":"被排除样本 正确率：50.00%\n"}
,{"stream_name":"stdout","time":2384.906520753,"data":"类型1 没有样本或未被分类。\n"}
,{"stream_name":"stdout","time":2384.906523178,"data":"类型2 正确率：  50.00% -\u003e 1   50.00%, 2   50.00%\n"}
,{"stream_name":"stdout","time":2384.906525512,"data":"\n"}
,{"stream_name":"stdout","time":2384.906527708,"data":"\n"}
,{"stream_name":"stdout","time":2397.767708693,"data":"轮次:·16/·20 || c_Loss:0.390 || e_Loss:-0.989 || Aad_Loss:-25.777 || 耗时：33.14s\n"}
,{"stream_name":"stdout","time":2410.770034907,"data":"轮次:·17/·20 || c_Loss:0.390 || e_Loss:-0.964 || Aad_Loss:-26.136 || 耗时：13.00s\n"}
,{"stream_name":"stdout","time":2423.82203224,"data":"轮次:·18/·20 || c_Loss:0.384 || e_Loss:-0.982 || Aad_Loss:-26.142 || 耗时：13.05s\n"}
,{"stream_name":"stdout","time":2436.898159623,"data":"轮次:·19/·20 || c_Loss:0.384 || e_Loss:-0.933 || Aad_Loss:-27.276 || 耗时：13.08s\n"}
,{"stream_name":"stdout","time":2449.957716113,"data":"轮次:·20/·20 || c_Loss:0.388 || e_Loss:-0.977 || Aad_Loss:-25.772 || 耗时：13.06s\n"}
,{"stream_name":"stdout","time":2455.9598896,"data":"任务: (B3)N15_M07_F04→(B2)N15_M07_F10; mix批次:····0; 批次:·1880/·1880;  总正确率: 99.97%\n"}
,{"stream_name":"stdout","time":2455.95993347,"data":"类型1 正确率： 100.00% -\u003e 1  100.00%, 2    0.00%, 3    0.00%\n"}
,{"stream_name":"stdout","time":2455.959941524,"data":"类型2 正确率： 100.00% -\u003e 1    0.05%, 2   99.90%, 3    0.05%\n"}
,{"stream_name":"stdout","time":2455.959952061,"data":"类型3 正确率： 100.00% -\u003e 1    0.00%, 2    0.00%, 3  100.00%\n"}
,{"stream_name":"stdout","time":2455.959957611,"data":"\n"}
,{"stream_name":"stdout","time":2455.959961885,"data":"\n"}
,{"stream_name":"stdout","time":2461.944384721,"data":"测试集任务: (B3)N15_M07_F04→(B2)N15_M07_F10; 总正确率 = 99.97%\n"}
,{"stream_name":"stdout","time":2461.944416283,"data":"类型1 正确率： 100.00% -\u003e 1  100.00%, 2    0.00%, 3    0.00%\n"}
,{"stream_name":"stdout","time":2461.94443985,"data":"类型2 正确率： 100.00% -\u003e 1    0.05%, 2   99.90%, 3    0.05%\n"}
,{"stream_name":"stdout","time":2461.944445801,"data":"类型3 正确率： 100.00% -\u003e 1    0.00%, 2    0.00%, 3  100.00%\n"}
,{"stream_name":"stdout","time":2461.944448401,"data":"\n"}
,{"stream_name":"stdout","time":2461.944450615,"data":"\n"}
,{"stream_name":"stdout","time":2461.967374042,"data":"[tar_adaptation_RES_PU.py --folder_root /kaggle/working/k10/S08/sdalr_PU_final_checkpoint/DATA_foldS08 --seed 2024 --class_num 3 --data_name PU_M1_L3 --output /kaggle/working/k10/S08/weight_PU_M1_final_checkpoint_FS08toS08_s2024 --s 2 --t 1 --lr 0.0005 --threshold 0.4 --K 0.6] 358s\n"}
,{"stream_name":"stdout","time":2461.985005464,"data":"{\n"}
,{"stream_name":"stdout","time":2461.985020629,"data":"  \"dataset\": \"PU_M1\",\n"}
,{"stream_name":"stdout","time":2461.985025649,"data":"  \"variant\": \"final_checkpoint\",\n"}
,{"stream_name":"stdout","time":2461.985030284,"data":"  \"seed\": 2024,\n"}
,{"stream_name":"stdout","time":2461.985033776,"data":"  \"smoke\": false,\n"}
,{"stream_name":"stdout","time":2461.985037129,"data":"  \"src_fold\": \"S08\",\n"}
,{"stream_name":"stdout","time":2461.985040582,"data":"  \"tgt_fold\": \"S08\",\n"}
,{"stream_name":"stdout","time":2461.985043917,"data":"  \"leaky\": true,\n"}
,{"stream_name":"stdout","time":2461.985047242,"data":"  \"hyperparameters\": {\n"}
,{"stream_name":"stdout","time":2461.985050741,"data":"    \"lr\": \"0.0005\",\n"}
,{"stream_name":"stdout","time":2461.985054152,"data":"    \"threshold\": \"0.4\",\n"}
,{"stream_name":"stdout","time":2461.985057517,"data":"    \"K\": \"0.6\"\n"}
,{"stream_name":"stdout","time":2461.985060869,"data":"  },\n"}
,{"stream_name":"stdout","time":2461.985064041,"data":"  \"adapters\": [\n"}
,{"stream_name":"stdout","time":2461.985067387,"data":"    \"npz_io\",\n"}
,{"stream_name":"stdout","time":2461.985070664,"data":"    \"tsne_stub\",\n"}
,{"stream_name":"stdout","time":2461.985074137,"data":"    \"final_checkpoint_patch\"\n"}
,{"stream_name":"stdout","time":2461.98507915,"data":"  ],\n"}
,{"stream_name":"stdout","time":2461.985098697,"data":"  \"source_only\": {\n"}
,{"stream_name":"stdout","time":2461.985105806,"data":"    \"A1-\u003eA3\": 99.75,\n"}
,{"stream_name":"stdout","time":2461.985109935,"data":"    \"A1-\u003eA2\": 89.57,\n"}
,{"stream_name":"stdout","time":2461.985113704,"data":"    \"A3-\u003eA1\": 94.13,\n"}
,{"stream_name":"stdout","time":2461.985117664,"data":"    \"A3-\u003eA2\": 94.39,\n"}
,{"stream_name":"stdout","time":2461.985121428,"data":"    \"A2-\u003eA1\": 95.5,\n"}
,{"stream_name":"stdout","time":2461.985125009,"data":"    \"A2-\u003eA3\": 99.67\n"}
,{"stream_name":"stdout","time":2461.985128787,"data":"  },\n"}
,{"stream_name":"stdout","time":2461.985132482,"data":"  \"adapted\": {\n"}
,{"stream_name":"stdout","time":2461.985136137,"data":"    \"A1-\u003eA3\": 99.95,\n"}
,{"stream_name":"stdout","time":2461.985139857,"data":"    \"A1-\u003eA2\": 92.33,\n"}
,{"stream_name":"stdout","time":2461.985143644,"data":"    \"A3-\u003eA1\": 95.25,\n"}
,{"stream_name":"stdout","time":2461.985147457,"data":"    \"A3-\u003eA2\": 97.68,\n"}
,{"stream_name":"stdout","time":2461.985151258,"data":"    \"A2-\u003eA1\": 97.23,\n"}
,{"stream_name":"stdout","time":2461.985154556,"data":"    \"A2-\u003eA3\": 99.97\n"}
,{"stream_name":"stdout","time":2461.985158027,"data":"  },\n"}
,{"stream_name":"stdout","time":2461.985161237,"data":"  \"seconds\": {\n"}
,{"stream_name":"stdout","time":2461.985164506,"data":"    \"pretrain\": 287,\n"}
,{"stream_name":"stdout","time":2461.985174402,"data":"    \"A1-\u003eA3\": 359,\n"}
,{"stream_name":"stdout","time":2461.985177753,"data":"    \"A1-\u003eA2\": 360,\n"}
,{"stream_name":"stdout","time":2461.98518108,"data":"    \"A3-\u003eA1\": 361,\n"}
,{"stream_name":"stdout","time":2461.985184403,"data":"    \"A3-\u003eA2\": 358,\n"}
,{"stream_name":"stdout","time":2461.985187712,"data":"    \"A2-\u003eA1\": 360,\n"}
,{"stream_name":"stdout","time":2461.985191238,"data":"    \"A2-\u003eA3\": 358\n"}
,{"stream_name":"stdout","time":2461.985194609,"data":"  },\n"}
,{"stream_name":"stdout","time":2461.985197795,"data":"  \"gate_log\": {\n"}
,{"stream_name":"stdout","time":2461.985201172,"data":"    \"A1-\u003eA3\": [],\n"}
,{"stream_name":"stdout","time":2461.985206311,"data":"    \"A1-\u003eA2\": [],\n"}
,{"stream_name":"stdout","time":2461.985212979,"data":"    \"A3-\u003eA1\": [],\n"}
,{"stream_name":"stdout","time":2461.985215375,"data":"    \"A3-\u003eA2\": [],\n"}
,{"stream_name":"stdout","time":2461.985217617,"data":"    \"A2-\u003eA1\": [],\n"}
,{"stream_name":"stdout","time":2461.98521987,"data":"    \"A2-\u003eA3\": []\n"}
,{"stream_name":"stdout","time":2461.985222105,"data":"  },\n"}
,{"stream_name":"stdout","time":2461.985224322,"data":"  \"gate\": \"none\"\n"}
,{"stream_name":"stdout","time":2461.985226581,"data":"}\n"}
,{"stream_name":"stdout","time":2464.473485318,"data":"RUN /usr/bin/python3 -u /kaggle/input/datasets/rafiurrahman01/physgate-m0-code/sdalr_runner.py --sdalr /kaggle/input/datasets/rafiurrahman01/physgate-m0-code --m0 /kaggle/input/physgate-k10-g4 --dataset PU_M1 --src-fold S08 --tgt-fold S08c --variant final_checkpoint --work /kaggle/working/k10/S08 --seed 2024 --gate none --gate-verdicts /kaggle/input/datasets/rafiurrahman01/physgate-m0-code/gate_verdicts.json --skip-pretrain\n"}
,{"stream_name":"stdout","time":2470.655412323,"data":"读取源域路径：/kaggle/working/k10/S08/weight_PU_M1_final_checkpoint_FS08toS08c_s2024/NEW_PU/Source-源域/log\u0026pt/(B1)N15_M01_F10\n"}
,{"stream_name":"stdout","time":2470.655439765,"data":"excel输出位置：/kaggle/working/k10/S08/weight_PU_M1_final_checkpoint_FS08toS08c_s2024/NEW_PU/Target-目标域\n"}
,{"stream_name":"stdout","time":2470.655919146,"data":"特征图片输出位置：/kaggle/working/k10/S08/weight_PU_M1_final_checkpoint_FS08toS08c_s2024/NEW_PU/Picture-特征图/2026年09月19日08时55分/(B1)N15_M01_F10\n"}
,{"stream_name":"stderr","time":2471.009402266,"data":"/usr/local/lib/python3.12/dist-packages/torch/nn/utils/weight_norm.py:144: FutureWarning: `torch.nn.utils.weight_norm` is deprecated in favor of `torch.nn.utils.parametrizations.weight_norm`.\n"}
,{"stream_name":"stderr","time":2471.009433261,"data":"  WeightNorm.apply(module, name, dim)\n"}
,{"stream_name":"stdout","time":2471.053561042,"data":"现在选取:(B1)N15_M01_F10 进行训练的源模型\n"}
,{"stream_name":"stdout","time":2471.053588594,"data":"现在进行：(B1)N15_M01_F10→(B2)N15_M07_F10 的迁移任务\n"}
,{"stream_name":"stdout","time":2471.05359201,"data":"log\u0026pt输出位置：/kaggle/working/k10/S08/weight_PU_M1_final_checkpoint_FS08toS08c_s2024/NEW_PU/Target-目标域/log\u0026pt/(B1)N15_M01_F10→(B2)N15_M07_F10\n"}
,{"stream_name":"stderr","time":2471.054874448,"data":"sh: 1: Syntax error: word unexpected (expecting \")\")\n"}
,{"stream_name":"stdout","time":2482.215498174,"data":"任务: (B1)N15_M01_F10→(B2)N15_M07_F10; 批次:····0/·1880;  总正确率: 36.93%\n"}
,{"stream_name":"stdout","time":2482.215545215,"data":"类型1 正确率： 100.00% -\u003e 1  100.00%, 2    0.00%, 3    0.00%\n"}
,{"stream_name":"stdout","time":2482.215552404,"data":"类型2 正确率：  11.00% -\u003e 1    0.00%, 2   10.80%, 3   89.20%\n"}
,{"stream_name":"stdout","time":2482.215570266,"data":"类型3 正确率：   0.00% -\u003e 1    0.00%, 2  100.00%, 3    0.00%\n"}
,{"stream_name":"stdout","time":2482.215574146,"data":"\n"}
,{"stream_name":"stdout","time":2482.215577814,"data":"\n"}
,{"stream_name":"stdout","time":2482.216093017,"data":"样本变换：reverse\n"}
,{"stream_name":"stdout","time":2485.485221119,"data":"样本变换：mask\n"}
,{"stream_name":"stdout","time":2488.753126844,"data":"样本变换：shift\n"}
,{"stream_name":"stdout","time":2492.007159171,"data":"样本变换：none\n"}
,{"stream_name":"stderr","time":2496.830074079,"data":"/kaggle/working/k10/S08/sdalr_PU_final_checkpoint/tools.py:413: RuntimeWarning: invalid value encountered in divide\n"}
,{"stream_name":"stderr","time":2496.830118848,"data":"  per_class_acc = conf_matrix.diagonal() / conf_matrix.sum(axis=1) * 100\n"}
,{"stream_name":"stdout","time":2496.830323124,"data":"未过滤\t未用伪标签：36.93% -\u003e 使用伪标签：36.00%\n"}
,{"stream_name":"stdout","time":2496.830333749,"data":"已过滤\t未用伪标签：36.72% -\u003e 使用伪标签：36.41%\n"}
,{"stream_name":"stdout","time":2496.830338387,"data":"排除样本：68|6000\t剩余：2000, 2160, 1772\n"}
,{"stream_name":"stdout","time":2496.830342824,"data":"增添样本：548\t\t细则：160, 0, 388\t正确率估算：97.26%\n"}
,{"stream_name":"stdout","time":2496.830347463,"data":"类型1 正确率： 100.00% -\u003e 1  100.00%, 2    0.00%, 3    0.00%\n"}
,{"stream_name":"stdout","time":2496.830353938,"data":"类型2 正确率：   8.00% -\u003e 1    0.00%, 2    8.28%, 3   91.72%\n"}
,{"stream_name":"stdout","time":2496.830361918,"data":"类型3 正确率：   0.00% -\u003e 1    0.00%, 2  100.00%, 3    0.00%\n"}
,{"stream_name":"stdout","time":2496.830364734,"data":"\n"}
,{"stream_name":"stdout","time":2496.830367568,"data":"被排除样本 正确率：55.88%\n"}
,{"stream_name":"stdout","time":2496.830370284,"data":"类型1 正确率：  56.00% -\u003e 1   55.88%, 2   44.12%\n"}
,{"stream_name":"stdout","time":2496.830373025,"data":"类型2 没有样本或未被分类。\n"}
,{"stream_name":"stdout","time":2496.830375773,"data":"\n"}
,{"stream_name":"stdout","time":2496.830378367,"data":"\n"}
,{"stream_name":"stdout","time":2510.33071087,"data":"轮次:··1/·20 || c_Loss:0.587 || e_Loss:-1.686 || Aad_Loss:-26.117 || 耗时：34.25s\n"}
,{"stream_name":"stdout","time":2523.623742616,"data":"轮次:··2/·20 || c_Loss:0.431 || e_Loss:-1.674 || Aad_Loss:-28.788 || 耗时：13.29s\n"}
,{"stream_name":"stdout","time":2536.819951117,"data":"轮次:··3/·20 || c_Loss:0.417 || e_Loss:-0.881 || Aad_Loss:-29.222 || 耗时：13.20s\n"}
,{"stream_name":"stdout","time":2549.722690443,"data":"轮次:··4/·20 || c_Loss:0.403 || e_Loss:-0.885 || Aad_Loss:-27.201 || 耗时：12.90s\n"}
,{"stream_name":"stdout","time":2562.521424056,"data":"轮次:··5/·20 || c_Loss:0.399 || e_Loss:-1.799 || Aad_Loss:-28.437 || 耗时：12.80s\n"}
,{"stream_name":"stdout","time":2568.463139537,"data":"任务: (B1)N15_M01_F10→(B2)N15_M07_F10; mix批次:····0; 批次:··470/·1880;  总正确率: 34.95%\n"}
,{"stream_name":"stdout","time":2568.463179007,"data":"类型1 正确率： 100.00% -\u003e 1  100.00%, 2    0.00%, 3    0.00%\n"}
,{"stream_name":"stdout","time":2568.463183583,"data":"类型2 正确率：   5.00% -\u003e 1    0.00%, 2    4.85%, 3   95.15%\n"}
,{"stream_name":"stdout","time":2568.463187277,"data":"类型3 正确率：   0.00% -\u003e 1    0.00%, 2  100.00%, 3    0.00%\n"}
,{"stream_name":"stdout","time":2568.463190727,"data":"\n"}
,{"stream_name":"stdout","time":2568.463205977,"data":"\n"}
,{"stream_name":"stdout","time":2568.497145487,"data":"样本变换：reverse\n"}
,{"stream_name":"stdout","time":2571.733125266,"data":"样本变换：mask\n"}
,{"stream_name":"stdout","time":2574.957317471,"data":"样本变换：shift\n"}
,{"stream_name":"stdout","time":2578.167161977,"data":"样本变换：none\n"}
,{"stream_name":"stderr","time":2582.676152837,"data":"/usr/local/lib/python3.12/dist-packages/sklearn/metrics/_classification.py:407: UserWarning: A single label was found in 'y_true' and 'y_pred'. For the confusion matrix to have the correct shape, use the 'labels' parameter to pass all known labels.\n"}
,{"stream_name":"stderr","time":2582.676189202,"data":"  warnings.warn(\n"}
,{"stream_name":"stdout","time":2582.676337312,"data":"未过滤\t未用伪标签：34.95% -\u003e 使用伪标签：33.50%\n"}
,{"stream_name":"stdout","time":2582.676355835,"data":"已过滤\t未用伪标签：34.90% -\u003e 使用伪标签：33.53%\n"}
,{"stream_name":"stdout","time":2582.676361122,"data":"排除样本：5|6000\t剩余：2000, 2010, 1985\n"}
,{"stream_name":"stdout","time":2582.676365956,"data":"增添样本：35\t\t细则：10, 0, 25\t正确率估算：97.14%\n"}
,{"stream_name":"stdout","time":2582.676370849,"data":"类型1 正确率： 100.00% -\u003e 1  100.00%, 2    0.00%, 3    0.00%\n"}
,{"stream_name":"stdout","time":2582.676375419,"data":"类型2 正确率：   1.00% -\u003e 1    0.00%, 2    0.50%, 3   99.50%\n"}
,{"stream_name":"stdout","time":2582.676379856,"data":"类型3 正确率：   0.00% -\u003e 1    0.00%, 2  100.00%, 3    0.00%\n"}
,{"stream_name":"stdout","time":2582.676384742,"data":"\n"}
,{"stream_name":"stdout","time":2582.676389141,"data":"被排除样本 正确率：100.00%\n"}
,{"stream_name":"stdout","time":2582.676393371,"data":"类型1 正确率： 100.00% -\u003e 1  100.00%\n"}
,{"stream_name":"stdout","time":2582.676398022,"data":"\n"}
,{"stream_name":"stdout","time":2582.676403182,"data":"\n"}
,{"stream_name":"stdout","time":2595.552243043,"data":"轮次:··6/·20 || c_Loss:0.368 || e_Loss:-0.967 || Aad_Loss:-31.179 || 耗时：33.03s\n"}
,{"stream_name":"stdout","time":2608.590546472,"data":"轮次:··7/·20 || c_Loss:0.378 || e_Loss:-1.006 || Aad_Loss:-30.868 || 耗时：13.04s\n"}
,{"stream_name":"stdout","time":2621.616629045,"data":"轮次:··8/·20 || c_Loss:0.370 || e_Loss:-1.004 || Aad_Loss:-30.932 || 耗时：13.03s\n"}
,{"stream_name":"stdout","time":2634.59679397,"data":"轮次:··9/·20 || c_Loss:0.380 || e_Loss:-0.973 || Aad_Loss:-31.738 || 耗时：12.98s\n"}
,{"stream_name":"stdout","time":2647.525732862,"data":"轮次:·10/·20 || c_Loss:0.383 || e_Loss:-0.987 || Aad_Loss:-30.787 || 耗时：12.93s\n"}
,{"stream_name":"stdout","time":2653.506859605,"data":"任务: (B1)N15_M01_F10→(B2)N15_M07_F10; mix批次:····0; 批次:··940/·1880;  总正确率: 33.33%\n"}
,{"stream_name":"stdout","time":2653.506919692,"data":"类型1 正确率： 100.00% -\u003e 1  100.00%, 2    0.00%, 3    0.00%\n"}
,{"stream_name":"stdout","time":2653.507793415,"data":"类型2 正确率：   0.00% -\u003e 1    0.00%, 2    0.00%, 3  100.00%\n"}
,{"stream_name":"stdout","time":2653.507806756,"data":"类型3 正确率：   0.00% -\u003e 1    0.00%, 2  100.00%, 3    0.00%\n"}
,{"stream_name":"stdout","time":2653.507812238,"data":"\n"}
,{"stream_name":"stdout","time":2653.507816996,"data":"\n"}
,{"stream_name":"stdout","time":2653.549762437,"data":"样本变换：reverse\n"}
,{"stream_name":"stdout","time":2656.779200023,"data":"样本变换：mask\n"}
,{"stream_name":"stdout","time":2660.033481602,"data":"样本变换：shift\n"}
,{"stream_name":"stdout","time":2663.288088046,"data":"样本变换：none\n"}
,{"stream_name":"stderr","time":2667.72559591,"data":"/usr/local/lib/python3.12/dist-packages/numpy/_core/fromnumeric.py:3596: RuntimeWarning: Mean of empty slice.\n"}
,{"stream_name":"stderr","time":2667.725652774,"data":"  return _methods._mean(a, axis=axis, dtype=dtype,\n"}
,{"stream_name":"stderr","time":2667.725715212,"data":"/usr/local/lib/python3.12/dist-packages/numpy/_core/_methods.py:138: RuntimeWarning: invalid value encountered in scalar divide\n"}
,{"stream_name":"stderr","time":2667.725723861,"data":"  ret = ret.dtype.type(ret / rcount)\n"}
,{"stream_name":"stderr","time":2667.72663057,"data":"/kaggle/working/k10/S08/sdalr_PU_final_checkpoint/tools.py:414: RuntimeWarning: Mean of empty slice.\n"}
,{"stream_name":"stderr","time":2667.726643307,"data":"  overall_acc = round(per_class_acc.mean(), 2)\n"}
,{"stream_name":"stderr","time":2667.726647233,"data":"/usr/local/lib/python3.12/dist-packages/numpy/_core/_methods.py:138: RuntimeWarning: invalid value encountered in scalar divide\n"}
,{"stream_name":"stderr","time":2667.72665088,"data":"  ret = ret.dtype.type(ret / rcount)\n"}
,{"stream_name":"stdout","time":2667.726805564,"data":"未过滤\t未用伪标签：33.33% -\u003e 使用伪标签：33.33%\n"}
,{"stream_name":"stdout","time":2667.726814074,"data":"已过滤\t未用伪标签：33.33% -\u003e 使用伪标签：33.33%\n"}
,{"stream_name":"stdout","time":2667.726818571,"data":"排除样本：2000|6000\t剩余：2000, 2000\n"}
,{"stream_name":"stdout","time":2667.726822279,"data":"增添样本：0\t\t细则：0, 0, 0类型1 正确率： 100.00% -\u003e 1  100.00%, 2    0.00%, 3    0.00%\n"}
,{"stream_name":"stdout","time":2667.726826328,"data":"类型2 正确率：   0.00% -\u003e 1    0.00%, 2    0.00%, 3  100.00%\n"}
,{"stream_name":"stdout","time":2667.726830358,"data":"类型3 正确率：   0.00% -\u003e 1    0.00%, 2  100.00%, 3    0.00%\n"}
,{"stream_name":"stdout","time":2667.726834098,"data":"\n"}
,{"stream_name":"stdout","time":2667.72683799,"data":"被排除样本 正确率：nan%\n"}
,{"stream_name":"stdout","time":2667.726842196,"data":"\n"}
,{"stream_name":"stdout","time":2667.726846135,"data":"\n"}
,{"stream_name":"stdout","time":2680.566394504,"data":"轮次:·11/·20 || c_Loss:0.386 || e_Loss:-0.997 || Aad_Loss:-23.360 || 耗时：33.04s\n"}
,{"stream_name":"stdout","time":2693.589730303,"data":"轮次:·12/·20 || c_Loss:0.381 || e_Loss:-0.977 || Aad_Loss:-23.961 || 耗时：13.02s\n"}
,{"stream_name":"stdout","time":2706.643002793,"data":"轮次:·13/·20 || c_Loss:0.388 || e_Loss:-1.018 || Aad_Loss:-23.199 || 耗时：13.05s\n"}
,{"stream_name":"stdout","time":2719.674974029,"data":"轮次:·14/·20 || c_Loss:0.386 || e_Loss:-0.977 || Aad_Loss:-23.055 || 耗时：13.03s\n"}
,{"stream_name":"stdout","time":2732.672389763,"data":"轮次:·15/·20 || c_Loss:0.386 || e_Loss:-0.959 || Aad_Loss:-23.095 || 耗时：13.00s\n"}
,{"stream_name":"stdout","time":2738.652162153,"data":"任务: (B1)N15_M01_F10→(B2)N15_M07_F10; mix批次:····0; 批次:·1410/·1880;  总正确率: 33.33%\n"}
,{"stream_name":"stdout","time":2738.652195187,"data":"类型1 正确率： 100.00% -\u003e 1  100.00%, 2    0.00%, 3    0.00%\n"}
,{"stream_name":"stdout","time":2738.652201162,"data":"类型2 正确率：   0.00% -\u003e 1    0.00%, 2    0.00%, 3  100.00%\n"}
,{"stream_name":"stdout","time":2738.652205964,"data":"类型3 正确率：   0.00% -\u003e 1    0.00%, 2  100.00%, 3    0.00%\n"}
,{"stream_name":"stdout","time":2738.652210754,"data":"\n"}
,{"stream_name":"stdout","time":2738.652215419,"data":"\n"}
,{"stream_name":"stdout","time":2738.698212438,"data":"样本变换：reverse\n"}
,{"stream_name":"stdout","time":2741.981452065,"data":"样本变换：mask\n"}
,{"stream_name":"stdout","time":2745.257148242,"data":"样本变换：shift\n"}
,{"stream_name":"stdout","time":2748.527004947,"data":"样本变换：none\n"}
,{"stream_name":"stderr","time":2753.04001557,"data":"/usr/local/lib/python3.12/dist-packages/numpy/_core/fromnumeric.py:3596: RuntimeWarning: Mean of empty slice.\n"}
,{"stream_name":"stderr","time":2753.04007243,"data":"  return _methods._mean(a, axis=axis, dtype=dtype,\n"}
,{"stream_name":"stderr","time":2753.040079041,"data":"/usr/local/lib/python3.12/dist-packages/numpy/_core/_methods.py:138: RuntimeWarning: invalid value encountered in scalar divide\n"}
,{"stream_name":"stderr","time":2753.040108486,"data":"  ret = ret.dtype.type(ret / rcount)\n"}
,{"stream_name":"stderr","time":2753.040716275,"data":"/kaggle/working/k10/S08/sdalr_PU_final_checkpoint/tools.py:414: RuntimeWarning: Mean of empty slice.\n"}
,{"stream_name":"stderr","time":2753.040738753,"data":"  overall_acc = round(per_class_acc.mean(), 2)\n"}
,{"stream_name":"stderr","time":2753.040745538,"data":"/usr/local/lib/python3.12/dist-packages/numpy/_core/_methods.py:138: RuntimeWarning: invalid value encountered in scalar divide\n"}
,{"stream_name":"stderr","time":2753.040751172,"data":"  ret = ret.dtype.type(ret / rcount)\n"}
,{"stream_name":"stdout","time":2753.040858496,"data":"未过滤\t未用伪标签：33.33% -\u003e 使用伪标签：33.33%\n"}
,{"stream_name":"stdout","time":2753.040884063,"data":"已过滤\t未用伪标签：33.33% -\u003e 使用伪标签：33.33%\n"}
,{"stream_name":"stdout","time":2753.040890356,"data":"排除样本：2000|6000\t剩余：2000, 2000\n"}
,{"stream_name":"stdout","time":2753.040906708,"data":"增添样本：0\t\t细则：0, 0, 0类型1 正确率： 100.00% -\u003e 1  100.00%, 2    0.00%, 3    0.00%\n"}
,{"stream_name":"stdout","time":2753.040912906,"data":"类型2 正确率：   0.00% -\u003e 1    0.00%, 2    0.00%, 3  100.00%\n"}
,{"stream_name":"stdout","time":2753.040917916,"data":"类型3 正确率：   0.00% -\u003e 1    0.00%, 2  100.00%, 3    0.00%\n"}
,{"stream_name":"stdout","time":2753.040923062,"data":"\n"}
,{"stream_name":"stdout","time":2753.040927417,"data":"被排除样本 正确率：nan%\n"}
,{"stream_name":"stdout","time":2753.04093187,"data":"\n"}
,{"stream_name":"stdout","time":2753.040935991,"data":"\n"}
,{"stream_name":"stdout","time":2765.892368943,"data":"轮次:·16/·20 || c_Loss:0.387 || e_Loss:-1.003 || Aad_Loss:-23.518 || 耗时：33.22s\n"}
,{"stream_name":"stdout","time":2778.870220726,"data":"轮次:·17/·20 || c_Loss:0.382 || e_Loss:-0.979 || Aad_Loss:-24.050 || 耗时：12.98s\n"}
,{"stream_name":"stdout","time":2791.880050959,"data":"轮次:·18/·20 || c_Loss:0.388 || e_Loss:-1.019 || Aad_Loss:-23.342 || 耗时：13.01s\n"}
,{"stream_name":"stdout","time":2804.895641267,"data":"轮次:·19/·20 || c_Loss:0.386 || e_Loss:-0.980 || Aad_Loss:-23.241 || 耗时：13.02s\n"}
,{"stream_name":"stdout","time":2817.918744731,"data":"轮次:·20/·20 || c_Loss:0.386 || e_Loss:-0.961 || Aad_Loss:-23.302 || 耗时：13.02s\n"}
,{"stream_name":"stdout","time":2823.901801248,"data":"任务: (B1)N15_M01_F10→(B2)N15_M07_F10; mix批次:····0; 批次:·1880/·1880;  总正确率: 33.33%\n"}
,{"stream_name":"stdout","time":2823.90183994,"data":"类型1 正确率： 100.00% -\u003e 1  100.00%, 2    0.00%, 3    0.00%\n"}
,{"stream_name":"stdout","time":2823.901845038,"data":"类型2 正确率：   0.00% -\u003e 1    0.00%, 2    0.00%, 3  100.00%\n"}
,{"stream_name":"stdout","time":2823.901848835,"data":"类型3 正确率：   0.00% -\u003e 1    0.00%, 2  100.00%, 3    0.00%\n"}
,{"stream_name":"stdout","time":2823.901852059,"data":"\n"}
,{"stream_name":"stdout","time":2823.901854935,"data":"\n"}
,{"stream_name":"stdout","time":2829.884003949,"data":"测试集任务: (B1)N15_M01_F10→(B2)N15_M07_F10; 总正确率 = 33.33%\n"}
,{"stream_name":"stdout","time":2829.884034153,"data":"类型1 正确率： 100.00% -\u003e 1  100.00%, 2    0.00%, 3    0.00%\n"}
,{"stream_name":"stdout","time":2829.884040339,"data":"类型2 正确率：   0.00% -\u003e 1    0.00%, 2    0.00%, 3  100.00%\n"}
,{"stream_name":"stdout","time":2829.884045254,"data":"类型3 正确率：   0.00% -\u003e 1    0.00%, 2  100.00%, 3    0.00%\n"}
,{"stream_name":"stdout","time":2829.884050075,"data":"\n"}
,{"stream_name":"stdout","time":2829.884054457,"data":"\n"}
,{"stream_name":"stdout","time":2829.90338218,"data":"[tar_adaptation_RES_PU.py --folder_root /kaggle/working/k10/S08/sdalr_PU_final_checkpoint/DATA_foldS08c --seed 2024 --class_num 3 --data_name PU_M1_L3 --output /kaggle/working/k10/S08/weight_PU_M1_final_checkpoint_FS08toS08c_s2024 --s 0 --t 1 --lr 0.0005 --threshold 0.4 --K 0.6] 359s\n"}
,{"stream_name":"stdout","time":2829.928123882,"data":"读取源域路径：/kaggle/working/k10/S08/weight_PU_M1_final_checkpoint_FS08toS08c_s2024/NEW_PU/Source-源域/log\u0026pt/(B1)N15_M01_F10\n"}
,{"stream_name":"stdout","time":2829.928160635,"data":"excel输出位置：/kaggle/working/k10/S08/weight_PU_M1_final_checkpoint_FS08toS08c_s2024/NEW_PU/Target-目标域\n"}
,{"stream_name":"stdout","time":2829.929223479,"data":"特征图片输出位置：/kaggle/working/k10/S08/weight_PU_M1_final_checkpoint_FS08toS08c_s2024/NEW_PU/Picture-特征图/2026年09月19日09时01分/(B1)N15_M01_F10\n"}
,{"stream_name":"stderr","time":2829.964576237,"data":"/usr/local/lib/python3.12/dist-packages/torch/nn/utils/weight_norm.py:144: FutureWarning: `torch.nn.utils.weight_norm` is deprecated in favor of `torch.nn.utils.parametrizations.weight_norm`.\n"}
,{"stream_name":"stderr","time":2829.964594079,"data":"  WeightNorm.apply(module, name, dim)\n"}
,{"stream_name":"stdout","time":2830.005114861,"data":"现在选取:(B1)N15_M01_F10 进行训练的源模型\n"}
,{"stream_name":"stdout","time":2830.005135162,"data":"现在进行：(B1)N15_M01_F10→(B3)N15_M07_F04 的迁移任务\n"}
,{"stream_name":"stdout","time":2830.005147115,"data":"log\u0026pt输出位置：/kaggle/working/k10/S08/weight_PU_M1_final_checkpoint_FS08toS08c_s2024/NEW_PU/Target-目标域/log\u0026pt/(B1)N15_M01_F10→(B3)N15_M07_F04\n"}
,{"stream_name":"stderr","time":2830.006612551,"data":"sh: 1: Syntax error: word unexpected (expecting \")\")\n"}
,{"stream_name":"stdout","time":2841.059099118,"data":"任务: (B1)N15_M01_F10→(B3)N15_M07_F04; 批次:····0/·1880;  总正确率: 40.92%\n"}
,{"stream_name":"stdout","time":2841.05916383,"data":"类型1 正确率： 100.00% -\u003e 1  100.00%, 2    0.00%, 3    0.00%\n"}
,{"stream_name":"stdout","time":2841.05917371,"data":"类型2 正确率：   7.00% -\u003e 1    3.60%, 2    7.15%, 3   89.25%\n"}
,{"stream_name":"stdout","time":2841.059180104,"data":"类型3 正确率：  16.00% -\u003e 1    6.80%, 2   77.60%, 3   15.60%\n"}
,{"stream_name":"stdout","time":2841.059186445,"data":"\n"}
,{"stream_name":"stdout","time":2841.059192176,"data":"\n"}
,{"stream_name":"stdout","time":2841.059815868,"data":"样本变换：reverse\n"}
,{"stream_name":"stdout","time":2844.298189186,"data":"样本变换：mask\n"}
,{"stream_name":"stdout","time":2847.558215397,"data":"样本变换：shift\n"}
,{"stream_name":"stdout","time":2850.829182956,"data":"样本变换：none\n"}
,{"stream_name":"stderr","time":2855.943188163,"data":"/kaggle/working/k10/S08/sdalr_PU_final_checkpoint/tools.py:413: RuntimeWarning: invalid value encountered in divide\n"}
,{"stream_name":"stderr","time":2855.943229671,"data":"  per_class_acc = conf_matrix.diagonal() / conf_matrix.sum(axis=1) * 100\n"}
,{"stream_name":"stdout","time":2855.943292409,"data":"未过滤\t未用伪标签：40.92% -\u003e 使用伪标签：39.05%\n"}
,{"stream_name":"stdout","time":2855.943304284,"data":"已过滤\t未用伪标签：40.88% -\u003e 使用伪标签：39.33%\n"}
,{"stream_name":"stdout","time":2855.943309134,"data":"排除样本：43|6000\t剩余：2000, 2342, 1615\n"}
,{"stream_name":"stdout","time":2855.943313414,"data":"增添样本：1069\t\t细则：342, 0, 727\t正确率估算：99.81%\n"}
,{"stream_name":"stdout","time":2855.943318074,"data":"类型1 正确率： 100.00% -\u003e 1  100.00%, 2    0.00%, 3    0.00%\n"}
,{"stream_name":"stdout","time":2855.94332188,"data":"类型2 正确率：  18.00% -\u003e 1    0.00%, 2   17.52%, 3   82.48%\n"}
,{"stream_name":"stdout","time":2855.943325505,"data":"类型3 正确率：   0.00% -\u003e 1    0.00%, 2  100.00%, 3    0.00%\n"}
,{"stream_name":"stdout","time":2855.943329212,"data":"\n"}
,{"stream_name":"stdout","time":2855.943334279,"data":"被排除样本 正确率：46.51%\n"}
,{"stream_name":"stdout","time":2855.943341224,"data":"类型1 没有样本或未被分类。\n"}
,{"stream_name":"stdout","time":2855.94334362,"data":"类型2 正确率：  45.00% -\u003e 1    4.76%, 2   45.24%, 3   50.00%\n"}
,{"stream_name":"stdout","time":2855.943345984,"data":"类型3 正确率： 100.00% -\u003e 1    0.00%, 2    0.00%, 3  100.00%\n"}
,{"stream_name":"stdout","time":2855.943348412,"data":"\n"}
,{"stream_name":"stdout","time":2855.943350499,"data":"\n"}
,{"stream_name":"stdout","time":2869.123467362,"data":"轮次:··1/·20 || c_Loss:0.569 || e_Loss:-1.062 || Aad_Loss:-28.435 || 耗时：33.98s\n"}
,{"stream_name":"stdout","time":2882.248277107,"data":"轮次:··2/·20 || c_Loss:0.420 || e_Loss:-0.976 || Aad_Loss:-28.463 || 耗时：13.12s\n"}
,{"stream_name":"stdout","time":2895.266333687,"data":"轮次:··3/·20 || c_Loss:0.366 || e_Loss:-1.747 || Aad_Loss:-29.091 || 耗时：13.02s\n"}
,{"stream_name":"stdout","time":2908.206073947,"data":"轮次:··4/·20 || c_Loss:0.356 || e_Loss:-0.964 || Aad_Loss:-30.550 || 耗时：12.94s\n"}
,{"stream_name":"stdout","time":2921.094580887,"data":"轮次:··5/·20 || c_Loss:0.385 || e_Loss:-1.715 || Aad_Loss:-28.177 || 耗时：12.89s\n"}
,{"stream_name":"stdout","time":2927.076932609,"data":"任务: (B1)N15_M01_F10→(B3)N15_M07_F04; mix批次:····0; 批次:··470/·1880;  总正确率: 38.97%\n"}
,{"stream_name":"stdout","time":2927.076973958,"data":"类型1 正确率： 100.00% -\u003e 1  100.00%, 2    0.00%, 3    0.00%\n"}
,{"stream_name":"stdout","time":2927.076981593,"data":"类型2 正确率：  17.00% -\u003e 1    0.00%, 2   16.90%, 3   83.10%\n"}
,{"stream_name":"stdout","time":2927.07698746,"data":"类型3 正确率：   0.00% -\u003e 1    0.00%, 2  100.00%, 3    0.00%\n"}
,{"stream_name":"stdout","time":2927.076993299,"data":"\n"}
,{"stream_name":"stdout","time":2927.076998313,"data":"\n"}
,{"stream_name":"stdout","time":2927.110535402,"data":"样本变换：reverse\n"}
,{"stream_name":"stdout","time":2930.343138691,"data":"样本变换：mask\n"}
,{"stream_name":"stdout","time":2933.593145807,"data":"样本变换：shift\n"}
,{"stream_name":"stdout","time":2936.847209294,"data":"样本变换：none\n"}
,{"stream_name":"stderr","time":2941.845217548,"data":"/kaggle/working/k10/S08/sdalr_PU_final_checkpoint/tools.py:413: RuntimeWarning: invalid value encountered in divide\n"}
,{"stream_name":"stderr","time":2941.84525172,"data":"  per_class_acc = conf_matrix.diagonal() / conf_matrix.sum(axis=1) * 100\n"}
,{"stream_name":"stdout","time":2941.845281289,"data":"未过滤\t未用伪标签：38.97% -\u003e 使用伪标签：38.63%\n"}
,{"stream_name":"stdout","time":2941.845301348,"data":"已过滤\t未用伪标签：38.94% -\u003e 使用伪标签：38.69%\n"}
,{"stream_name":"stdout","time":2941.845305416,"data":"排除样本：9|6000\t剩余：2000, 2318, 1673\n"}
,{"stream_name":"stdout","time":2941.845308698,"data":"增添样本：963\t\t细则：318, 0, 645\t正确率估算：99.69%\n"}
,{"stream_name":"stdout","time":2941.845312207,"data":"类型1 正确率： 100.00% -\u003e 1  100.00%, 2    0.00%, 3    0.00%\n"}
,{"stream_name":"stdout","time":2941.845315345,"data":"类型2 正确率：  16.00% -\u003e 1    0.00%, 2   15.97%, 3   84.03%\n"}
,{"stream_name":"stdout","time":2941.845318855,"data":"类型3 正确率：   0.00% -\u003e 1    0.00%, 2  100.00%, 3    0.00%\n"}
,{"stream_name":"stdout","time":2941.845323457,"data":"\n"}
,{"stream_name":"stdout","time":2941.845327231,"data":"被排除样本 正确率：55.56%\n"}
,{"stream_name":"stdout","time":2941.845331096,"data":"类型1 正确率：  56.00% -\u003e 1   55.56%, 2   44.44%\n"}
,{"stream_name":"stdout","time":2941.84533436,"data":"类型2 没有样本或未被分类。\n"}
,{"stream_name":"stdout","time":2941.845337665,"data":"\n"}
,{"stream_name":"stdout","time":2941.845340735,"data":"\n"}
,{"stream_name":"stdout","time":2954.727808647,"data":"轮次:··6/·20 || c_Loss:0.402 || e_Loss:-0.928 || Aad_Loss:-28.202 || 耗时：33.63s\n"}
,{"stream_name":"stdout","time":2967.742224271,"data":"轮次:··7/·20 || c_Loss:0.417 || e_Loss:-0.787 || Aad_Loss:-33.702 || 耗时：13.01s\n"}
,{"stream_name":"stdout","time":2980.776817058,"data":"轮次:··8/·20 || c_Loss:0.385 || e_Loss:-0.973 || Aad_Loss:-30.830 || 耗时：13.03s\n"}
,{"stream_name":"stdout","time":2993.854308567,"data":"轮次:··9/·20 || c_Loss:0.375 || e_Loss:-0.974 || Aad_Loss:-31.858 || 耗时：13.08s\n"}
,{"stream_name":"stdout","time":3006.88639998,"data":"轮次:·10/·20 || c_Loss:0.376 || e_Loss:-0.989 || Aad_Loss:-30.601 || 耗时：13.03s\n"}
,{"stream_name":"stdout","time":3012.902844619,"data":"任务: (B1)N15_M01_F10→(B3)N15_M07_F04; mix批次:····0; 批次:··940/·1880;  总正确率: 38.32%\n"}
,{"stream_name":"stdout","time":3012.902879142,"data":"类型1 正确率： 100.00% -\u003e 1  100.00%, 2    0.00%, 3    0.00%\n"}
,{"stream_name":"stdout","time":3012.902886763,"data":"类型2 正确率：  15.00% -\u003e 1    0.00%, 2   14.95%, 3   85.05%\n"}
,{"stream_name":"stdout","time":3012.902892729,"data":"类型3 正确率：   0.00% -\u003e 1    0.00%, 2  100.00%, 3    0.00%\n"}
,{"stream_name":"stdout","time":3012.902898171,"data":"\n"}
,{"stream_name":"stdout","time":3012.902903279,"data":"\n"}
,{"stream_name":"stdout","time":3012.945092181,"data":"样本变换：reverse\n"}
,{"stream_name":"stdout","time":3016.183191829,"data":"样本变换：mask\n"}
,{"stream_name":"stdout","time":3019.448130931,"data":"样本变换：shift\n"}
,{"stream_name":"stdout","time":3022.712335137,"data":"样本变换：none\n"}
,{"stream_name":"stderr","time":3027.655626343,"data":"/kaggle/working/k10/S08/sdalr_PU_final_checkpoint/tools.py:413: RuntimeWarning: invalid value encountered in divide\n"}
,{"stream_name":"stderr","time":3027.655664318,"data":"  per_class_acc = conf_matrix.diagonal() / conf_matrix.sum(axis=1) * 100\n"}
,{"stream_name":"stdout","time":3027.655701489,"data":"未过滤\t未用伪标签：38.32% -\u003e 使用伪标签：38.18%\n"}
,{"stream_name":"stdout","time":3027.655724853,"data":"已过滤\t未用伪标签：38.27% -\u003e 使用伪标签：38.23%\n"}
,{"stream_name":"stdout","time":3027.655730572,"data":"排除样本：8|6000\t剩余：2000, 2289, 1703\n"}
,{"stream_name":"stdout","time":3027.655735187,"data":"增添样本：875\t\t细则：289, 0, 586\t正确率估算：99.89%\n"}
,{"stream_name":"stdout","time":3027.655755592,"data":"类型1 正确率： 100.00% -\u003e 1  100.00%, 2    0.00%, 3    0.00%\n"}
,{"stream_name":"stdout","time":3027.655759792,"data":"类型2 正确率：  15.00% -\u003e 1    0.00%, 2   14.56%, 3   85.44%\n"}
,{"stream_name":"stdout","time":3027.655763322,"data":"类型3 正确率：   0.00% -\u003e 1    0.00%, 2   99.95%, 3    0.05%\n"}
,{"stream_name":"stdout","time":3027.655766657,"data":"\n"}
,{"stream_name":"stdout","time":3027.655770052,"data":"被排除样本 正确率：75.00%\n"}
,{"stream_name":"stdout","time":3027.655773963,"data":"类型1 正确率：  75.00% -\u003e 1   75.00%, 2   25.00%\n"}
,{"stream_name":"stdout","time":3027.655777264,"data":"类型2 没有样本或未被分类。\n"}
,{"stream_name":"stdout","time":3027.655780579,"data":"\n"}
,{"stream_name":"stdout","time":3027.6557835,"data":"\n"}
,{"stream_name":"stdout","time":3040.528425416,"data":"轮次:·11/·20 || c_Loss:0.392 || e_Loss:-0.987 || Aad_Loss:-29.777 || 耗时：33.64s\n"}
,{"stream_name":"stdout","time":3053.460401148,"data":"轮次:·12/·20 || c_Loss:0.389 || e_Loss:-0.971 || Aad_Loss:-30.401 || 耗时：12.93s\n"}
,{"stream_name":"stdout","time":3066.371313156,"data":"轮次:·13/·20 || c_Loss:0.387 || e_Loss:-0.951 || Aad_Loss:-29.312 || 耗时：12.91s\n"}
,{"stream_name":"stdout","time":3079.279912285,"data":"轮次:·14/·20 || c_Loss:0.386 || e_Loss:-0.980 || Aad_Loss:-30.549 || 耗时：12.91s\n"}
,{"stream_name":"stdout","time":3092.217444078,"data":"轮次:·15/·20 || c_Loss:0.387 || e_Loss:-0.989 || Aad_Loss:-29.950 || 耗时：12.94s\n"}
,{"stream_name":"stdout","time":3098.222534811,"data":"任务: (B1)N15_M01_F10→(B3)N15_M07_F04; mix批次:····0; 批次:·1410/·1880;  总正确率: 37.88%\n"}
,{"stream_name":"stdout","time":3098.222574622,"data":"类型1 正确率： 100.00% -\u003e 1  100.00%, 2    0.00%, 3    0.00%\n"}
,{"stream_name":"stdout","time":3098.222581511,"data":"类型2 正确率：  14.00% -\u003e 1    0.00%, 2   13.60%, 3   86.40%\n"}
,{"stream_name":"stdout","time":3098.22260451,"data":"类型3 正确率：   0.00% -\u003e 1    0.00%, 2   99.95%, 3    0.05%\n"}
,{"stream_name":"stdout","time":3098.222620906,"data":"\n"}
,{"stream_name":"stdout","time":3098.222625408,"data":"\n"}
,{"stream_name":"stdout","time":3098.266308279,"data":"样本变换：reverse\n"}
,{"stream_name":"stdout","time":3101.530206896,"data":"样本变换：mask\n"}
,{"stream_name":"stdout","time":3104.79813516,"data":"样本变换：shift\n"}
,{"stream_name":"stdout","time":3108.058155644,"data":"样本变换：none\n"}
,{"stream_name":"stdout","time":3113.000199369,"data":"未过滤\t未用伪标签：37.88% -\u003e 使用伪标签：37.98%\n"}
,{"stream_name":"stdout","time":3113.000243443,"data":"已过滤\t未用伪标签：37.88% -\u003e 使用伪标签：38.03%\n"}
,{"stream_name":"stdout","time":3113.000251645,"data":"排除样本：7|6000\t剩余：2000, 2276, 1717\n"}
,{"stream_name":"stdout","time":3113.000257726,"data":"增添样本：835\t\t细则：276, 0, 559\t正确率估算：100.00%\n"}
,{"stream_name":"stdout","time":3113.000263913,"data":"类型1 正确率： 100.00% -\u003e 1  100.00%, 2    0.00%, 3    0.00%\n"}
,{"stream_name":"stdout","time":3113.000270215,"data":"类型2 正确率：  14.00% -\u003e 1    0.00%, 2   13.94%, 3   86.06%\n"}
,{"stream_name":"stdout","time":3113.000276367,"data":"类型3 正确率：   0.00% -\u003e 1    0.00%, 2   99.95%, 3    0.05%\n"}
,{"stream_name":"stdout","time":3113.000282183,"data":"\n"}
,{"stream_name":"stdout","time":3113.00028758,"data":"被排除样本 正确率：42.86%\n"}
,{"stream_name":"stdout","time":3113.00031173,"data":"类型1 正确率：  50.00% -\u003e 1   50.00%, 2   50.00%\n"}
,{"stream_name":"stdout","time":3113.000316952,"data":"类型2 正确率：   0.00% -\u003e 1  100.00%, 2    0.00%\n"}
,{"stream_name":"stdout","time":3113.000321579,"data":"\n"}
,{"stream_name":"stdout","time":3113.000325882,"data":"\n"}
,{"stream_name":"stdout","time":3125.901860584,"data":"轮次:·16/·20 || c_Loss:0.385 || e_Loss:-0.978 || Aad_Loss:-30.898 || 耗时：33.68s\n"}
,{"stream_name":"stdout","time":3138.910199424,"data":"轮次:·17/·20 || c_Loss:0.386 || e_Loss:-0.977 || Aad_Loss:-30.345 || 耗时：13.01s\n"}
,{"stream_name":"stdout","time":3151.924686076,"data":"轮次:·18/·20 || c_Loss:0.392 || e_Loss:-0.981 || Aad_Loss:-30.049 || 耗时：13.01s\n"}
,{"stream_name":"stdout","time":3164.955480798,"data":"轮次:·19/·20 || c_Loss:0.389 || e_Loss:-0.994 || Aad_Loss:-30.383 || 耗时：13.03s\n"}
,{"stream_name":"stdout","time":3177.989930051,"data":"轮次:·20/·20 || c_Loss:0.374 || e_Loss:-0.955 || Aad_Loss:-32.534 || 耗时：13.03s\n"}
,{"stream_name":"stdout","time":3183.990637735,"data":"任务: (B1)N15_M01_F10→(B3)N15_M07_F04; mix批次:····0; 批次:·1880/·1880;  总正确率: 37.88%\n"}
,{"stream_name":"stdout","time":3183.990676872,"data":"类型1 正确率： 100.00% -\u003e 1  100.00%, 2    0.00%, 3    0.00%\n"}
,{"stream_name":"stdout","time":3183.990681881,"data":"类型2 正确率：  14.00% -\u003e 1    0.00%, 2   13.60%, 3   86.40%\n"}
,{"stream_name":"stdout","time":3183.990698677,"data":"类型3 正确率：   0.00% -\u003e 1    0.00%, 2   99.95%, 3    0.05%\n"}
,{"stream_name":"stdout","time":3183.990713189,"data":"\n"}
,{"stream_name":"stdout","time":3183.9907184,"data":"\n"}
,{"stream_name":"stdout","time":3189.967923206,"data":"测试集任务: (B1)N15_M01_F10→(B3)N15_M07_F04; 总正确率 = 37.88%\n"}
,{"stream_name":"stdout","time":3189.967962863,"data":"类型1 正确率： 100.00% -\u003e 1  100.00%, 2    0.00%, 3    0.00%\n"}
,{"stream_name":"stdout","time":3189.967968287,"data":"类型2 正确率：  14.00% -\u003e 1    0.00%, 2   13.60%, 3   86.40%\n"}
,{"stream_name":"stdout","time":3189.967971854,"data":"类型3 正确率：   0.00% -\u003e 1    0.00%, 2   99.95%, 3    0.05%\n"}
,{"stream_name":"stdout","time":3189.967990683,"data":"\n"}
,{"stream_name":"stdout","time":3189.967996494,"data":"\n"}
,{"stream_name":"stdout","time":3189.993246782,"data":"[tar_adaptation_RES_PU.py --folder_root /kaggle/working/k10/S08/sdalr_PU_final_checkpoint/DATA_foldS08c --seed 2024 --class_num 3 --data_name PU_M1_L3 --output /kaggle/working/k10/S08/weight_PU_M1_final_checkpoint_FS08toS08c_s2024 --s 0 --t 2 --lr 0.0005 --threshold 0.4 --K 0.6] 360s\n"}
,{"stream_name":"stdout","time":3190.019205246,"data":"读取源域路径：/kaggle/working/k10/S08/weight_PU_M1_final_checkpoint_FS08toS08c_s2024/NEW_PU/Source-源域/log\u0026pt/(B2)N15_M07_F10\n"}
,{"stream_name":"stdout","time":3190.019226352,"data":"excel输出位置：/kaggle/working/k10/S08/weight_PU_M1_final_checkpoint_FS08toS08c_s2024/NEW_PU/Target-目标域\n"}
,{"stream_name":"stdout","time":3190.01932055,"data":"特征图片输出位置：/kaggle/working/k10/S08/weight_PU_M1_final_checkpoint_FS08toS08c_s2024/NEW_PU/Picture-特征图/2026年09月19日09时07分/(B2)N15_M07_F10\n"}
,{"stream_name":"stderr","time":3190.053775226,"data":"/usr/local/lib/python3.12/dist-packages/torch/nn/utils/weight_norm.py:144: FutureWarning: `torch.nn.utils.weight_norm` is deprecated in favor of `torch.nn.utils.parametrizations.weight_norm`.\n"}
,{"stream_name":"stderr","time":3190.053807706,"data":"  WeightNorm.apply(module, name, dim)\n"}
,{"stream_name":"stdout","time":3190.09196409,"data":"现在选取:(B2)N15_M07_F10 进行训练的源模型\n"}
,{"stream_name":"stdout","time":3190.092019446,"data":"现在进行：(B2)N15_M07_F10→(B1)N15_M01_F10 的迁移任务\n"}
,{"stream_name":"stdout","time":3190.092025303,"data":"log\u0026pt输出位置：/kaggle/working/k10/S08/weight_PU_M1_final_checkpoint_FS08toS08c_s2024/NEW_PU/Target-目标域/log\u0026pt/(B2)N15_M07_F10→(B1)N15_M01_F10\n"}
,{"stream_name":"stderr","time":3190.09325341,"data":"sh: 1: Syntax error: word unexpected (expecting \")\")\n"}
,{"stream_name":"stdout","time":3201.207439436,"data":"任务: (B2)N15_M07_F10→(B1)N15_M01_F10; 批次:····0/·1880;  总正确率: 38.72%\n"}
,{"stream_name":"stdout","time":3201.207468563,"data":"类型1 正确率： 100.00% -\u003e 1  100.00%, 2    0.00%, 3    0.00%\n"}
,{"stream_name":"stdout","time":3201.207474519,"data":"类型2 正确率：  16.00% -\u003e 1    2.25%, 2   16.15%, 3   81.60%\n"}
,{"stream_name":"stdout","time":3201.207479301,"data":"类型3 正确率：   0.00% -\u003e 1    0.00%, 2  100.00%, 3    0.00%\n"}
,{"stream_name":"stdout","time":3201.207484011,"data":"\n"}
,{"stream_name":"stdout","time":3201.207488252,"data":"\n"}
,{"stream_name":"stdout","time":3201.207996123,"data":"样本变换：reverse\n"}
,{"stream_name":"stdout","time":3204.435153427,"data":"样本变换：mask\n"}
,{"stream_name":"stdout","time":3207.680811573,"data":"样本变换：shift\n"}
,{"stream_name":"stdout","time":3210.9281453,"data":"样本变换：none\n"}
,{"stream_name":"stderr","time":3216.100149658,"data":"/kaggle/working/k10/S08/sdalr_PU_final_checkpoint/tools.py:413: RuntimeWarning: invalid value encountered in divide\n"}
,{"stream_name":"stdout","time":3216.100183421,"data":"未过滤\t未用伪标签：38.72% -\u003e 使用伪标签：40.03%\n"}
,{"stream_name":"stdout","time":3216.100201979,"data":"已过滤\t未用伪标签：38.93% -\u003e 使用伪标签：40.27%\n"}
,{"stream_name":"stdout","time":3216.100208265,"data":"排除样本：36|6000\t剩余：2002, 2402, 1560\n"}
,{"stream_name":"stdout","time":3216.100213959,"data":"增添样本：1242\t\t细则：400, 0, 842\t正确率估算：99.36%\n"}
,{"stream_name":"stdout","time":3216.100219373,"data":"类型1 正确率： 100.00% -\u003e 1  100.00%, 2    0.00%, 3    0.00%\n"}
,{"stream_name":"stdout","time":3216.100225292,"data":"类型2 正确率：  20.00% -\u003e 1    0.10%, 2   20.47%, 3   79.43%\n"}
,{"stream_name":"stderr","time":3216.100189359,"data":"  per_class_acc = conf_matrix.diagonal() / conf_matrix.sum(axis=1) * 100\n"}
,{"stream_name":"stdout","time":3216.10023065,"data":"类型3 正确率：   0.00% -\u003e 1    0.00%, 2  100.00%, 3    0.00%\n"}
,{"stream_name":"stdout","time":3216.100240909,"data":"\n"}
,{"stream_name":"stdout","time":3216.100246066,"data":"被排除样本 正确率：2.78%\n"}
,{"stream_name":"stdout","time":3216.100251099,"data":"类型1 没有样本或未被分类。\n"}
,{"stream_name":"stdout","time":3216.100255286,"data":"类型2 正确率：   3.00% -\u003e 1   16.67%, 2    2.78%, 3   80.56%\n"}
,{"stream_name":"stdout","time":3216.100265178,"data":"类型3 没有样本或未被分类。\n"}
,{"stream_name":"stdout","time":3216.100269385,"data":"\n"}
,{"stream_name":"stdout","time":3216.100272297,"data":"\n"}
,{"stream_name":"stdout","time":3229.289333799,"data":"轮次:··1/·20 || c_Loss:0.572 || e_Loss:-1.482 || Aad_Loss:-27.758 || 耗时：33.96s\n"}
,{"stream_name":"stdout","time":3242.425692949,"data":"轮次:··2/·20 || c_Loss:0.410 || e_Loss:-1.749 || Aad_Loss:-29.600 || 耗时：13.14s\n"}
,{"stream_name":"stdout","time":3255.422028214,"data":"轮次:··3/·20 || c_Loss:0.439 || e_Loss:-0.942 || Aad_Loss:-28.901 || 耗时：13.00s\n"}
,{"stream_name":"stdout","time":3268.315171403,"data":"轮次:··4/·20 || c_Loss:0.388 || e_Loss:-0.950 || Aad_Loss:-28.127 || 耗时：12.89s\n"}
,{"stream_name":"stdout","time":3281.158350796,"data":"轮次:··5/·20 || c_Loss:0.387 || e_Loss:-0.955 || Aad_Loss:-29.069 || 耗时：12.84s\n"}
,{"stream_name":"stdout","time":3287.146715755,"data":"任务: (B2)N15_M07_F10→(B1)N15_M01_F10; mix批次:····0; 批次:··470/·1880;  总正确率: 39.92%\n"}
,{"stream_name":"stdout","time":3287.146769628,"data":"类型1 正确率： 100.00% -\u003e 1  100.00%, 2    0.00%, 3    0.00%\n"}
,{"stream_name":"stdout","time":3287.146777955,"data":"类型2 正确率：  20.00% -\u003e 1    0.00%, 2   19.75%, 3   80.25%\n"}
,{"stream_name":"stdout","time":3287.146782682,"data":"类型3 正确率：   0.00% -\u003e 1    0.00%, 2  100.00%, 3    0.00%\n"}
,{"stream_name":"stdout","time":3287.146787632,"data":"\n"}
,{"stream_name":"stdout","time":3287.146792263,"data":"\n"}
,{"stream_name":"stdout","time":3287.179574676,"data":"样本变换：reverse\n"}
,{"stream_name":"stdout","time":3290.414125237,"data":"样本变换：mask\n"}
,{"stream_name":"stdout","time":3293.657227955,"data":"样本变换：shift\n"}
,{"stream_name":"stdout","time":3296.888262529,"data":"样本变换：none\n"}
,{"stream_name":"stderr","time":3302.042464108,"data":"/kaggle/working/k10/S08/sdalr_PU_final_checkpoint/tools.py:413: RuntimeWarning: invalid value encountered in divide\n"}
,{"stream_name":"stderr","time":3302.042494438,"data":"  per_class_acc = conf_matrix.diagonal() / conf_matrix.sum(axis=1) * 100\n"}
,{"stream_name":"stdout","time":3302.042599887,"data":"未过滤\t未用伪标签：39.92% -\u003e 使用伪标签：40.43%\n"}
,{"stream_name":"stdout","time":3302.04261192,"data":"已过滤\t未用伪标签：39.99% -\u003e 使用伪标签：40.56%\n"}
,{"stream_name":"stdout","time":3302.042617228,"data":"排除样本：19|6000\t剩余：2000, 2426, 1555\n"}
,{"stream_name":"stdout","time":3302.042622164,"data":"增添样本：1297\t\t细则：426, 0, 871\t正确率估算：100.00%\n"}
,{"stream_name":"stdout","time":3302.042627422,"data":"类型1 正确率： 100.00% -\u003e 1  100.00%, 2    0.00%, 3    0.00%\n"}
,{"stream_name":"stdout","time":3302.04263249,"data":"类型2 正确率：  22.00% -\u003e 1    0.00%, 2   21.50%, 3   78.50%\n"}
,{"stream_name":"stdout","time":3302.042637326,"data":"类型3 正确率：   0.00% -\u003e 1    0.00%, 2  100.00%, 3    0.00%\n"}
,{"stream_name":"stdout","time":3302.042642386,"data":"\n"}
,{"stream_name":"stdout","time":3302.042647162,"data":"被排除样本 正确率：15.79%\n"}
,{"stream_name":"stdout","time":3302.042652114,"data":"类型1 正确率：  16.00% -\u003e 1   15.79%, 2   84.21%\n"}
,{"stream_name":"stdout","time":3302.042657296,"data":"类型2 没有样本或未被分类。\n"}
,{"stream_name":"stdout","time":3302.042662764,"data":"\n"}
,{"stream_name":"stdout","time":3302.042667373,"data":"\n"}
,{"stream_name":"stdout","time":3314.910359628,"data":"轮次:··6/·20 || c_Loss:0.378 || e_Loss:-0.933 || Aad_Loss:-31.533 || 耗时：33.75s\n"}
,{"stream_name":"stdout","time":3327.90571885,"data":"轮次:··7/·20 || c_Loss:0.406 || e_Loss:-0.937 || Aad_Loss:-28.737 || 耗时：13.00s\n"}
,{"stream_name":"stdout","time":3340.926625996,"data":"轮次:··8/·20 || c_Loss:0.383 || e_Loss:-0.973 || Aad_Loss:-31.112 || 耗时：13.02s\n"}
,{"stream_name":"stdout","time":3353.949150062,"data":"轮次:··9/·20 || c_Loss:0.374 || e_Loss:-0.988 || Aad_Loss:-30.243 || 耗时：13.02s\n"}
,{"stream_name":"stdout","time":3366.998186186,"data":"轮次:·10/·20 || c_Loss:0.391 || e_Loss:-0.970 || Aad_Loss:-29.804 || 耗时：13.05s\n"}
,{"stream_name":"stdout","time":3373.024924453,"data":"任务: (B2)N15_M07_F10→(B1)N15_M01_F10; mix批次:····0; 批次:··940/·1880;  总正确率: 40.35%\n"}
,{"stream_name":"stdout","time":3373.024985255,"data":"类型1 正确率： 100.00% -\u003e 1  100.00%, 2    0.00%, 3    0.00%\n"}
,{"stream_name":"stdout","time":3373.024994421,"data":"类型2 正确率：  21.00% -\u003e 1    0.00%, 2   21.05%, 3   78.95%\n"}
,{"stream_name":"stdout","time":3373.025012687,"data":"类型3 正确率：   0.00% -\u003e 1    0.00%, 2  100.00%, 3    0.00%\n"}
,{"stream_name":"stdout","time":3373.025017449,"data":"\n"}
,{"stream_name":"stdout","time":3373.025021889,"data":"\n"}
,{"stream_name":"stdout","time":3373.066734843,"data":"样本变换：reverse\n"}
,{"stream_name":"stdout","time":3376.299123081,"data":"样本变换：mask\n"}
,{"stream_name":"stdout","time":3379.588152453,"data":"样本变换：shift\n"}
,{"stream_name":"stdout","time":3382.83415186,"data":"样本变换：none\n"}
,{"stream_name":"stderr","time":3387.969067613,"data":"/kaggle/working/k10/S08/sdalr_PU_final_checkpoint/tools.py:413: RuntimeWarning: invalid value encountered in divide\n"}
,{"stream_name":"stderr","time":3387.96912147,"data":"  per_class_acc = conf_matrix.diagonal() / conf_matrix.sum(axis=1) * 100\n"}
,{"stream_name":"stdout","time":3387.969180448,"data":"未过滤\t未用伪标签：40.35% -\u003e 使用伪标签：40.88%\n"}
,{"stream_name":"stdout","time":3387.96919384,"data":"已过滤\t未用伪标签：40.41% -\u003e 使用伪标签：40.96%\n"}
,{"stream_name":"stdout","time":3387.969198959,"data":"排除样本：11|6000\t剩余：2000, 2453, 1536\n"}
,{"stream_name":"stdout","time":3387.969203617,"data":"增添样本：1370\t\t细则：453, 0, 917\t正确率估算：100.00%\n"}
,{"stream_name":"stdout","time":3387.969212378,"data":"类型1 正确率： 100.00% -\u003e 1  100.00%, 2    0.00%, 3    0.00%\n"}
,{"stream_name":"stdout","time":3387.969216194,"data":"类型2 正确率：  23.00% -\u003e 1    0.00%, 2   22.78%, 3   77.22%\n"}
,{"stream_name":"stdout","time":3387.969219536,"data":"类型3 正确率：   0.00% -\u003e 1    0.00%, 2  100.00%, 3    0.00%\n"}
,{"stream_name":"stdout","time":3387.969222806,"data":"\n"}
,{"stream_name":"stdout","time":3387.969225641,"data":"被排除样本 正确率：9.09%\n"}
,{"stream_name":"stdout","time":3387.969228631,"data":"类型1 正确率：   9.00% -\u003e 1    9.09%, 2   90.91%\n"}
,{"stream_name":"stdout","time":3387.969231629,"data":"类型2 没有样本或未被分类。\n"}
,{"stream_name":"stdout","time":3387.969234639,"data":"\n"}
,{"stream_name":"stdout","time":3387.969237538,"data":"\n"}
,{"stream_name":"stdout","time":3400.847780864,"data":"轮次:·11/·20 || c_Loss:0.389 || e_Loss:-0.968 || Aad_Loss:-29.376 || 耗时：33.85s\n"}
,{"stream_name":"stdout","time":3413.722147866,"data":"轮次:·12/·20 || c_Loss:0.391 || e_Loss:-0.985 || Aad_Loss:-30.391 || 耗时：12.87s\n"}
,{"stream_name":"stdout","time":3426.621042838,"data":"轮次:·13/·20 || c_Loss:0.384 || e_Loss:-0.956 || Aad_Loss:-31.737 || 耗时：12.90s\n"}
,{"stream_name":"stdout","time":3439.523328476,"data":"轮次:·14/·20 || c_Loss:0.389 || e_Loss:-0.980 || Aad_Loss:-29.801 || 耗时：12.90s\n"}
,{"stream_name":"stdout","time":3452.418514548,"data":"轮次:·15/·20 || c_Loss:0.412 || e_Loss:-0.916 || Aad_Loss:-28.745 || 耗时：12.90s\n"}
,{"stream_name":"stdout","time":3458.415934332,"data":"任务: (B2)N15_M07_F10→(B1)N15_M01_F10; mix批次:····0; 批次:·1410/·1880;  总正确率: 40.87%\n"}
,{"stream_name":"stdout","time":3458.415975612,"data":"类型1 正确率： 100.00% -\u003e 1  100.00%, 2    0.00%, 3    0.00%\n"}
,{"stream_name":"stdout","time":3458.415994105,"data":"类型2 正确率：  23.00% -\u003e 1    0.00%, 2   22.60%, 3   77.40%\n"}
,{"stream_name":"stdout","time":3458.415996924,"data":"类型3 正确率：   0.00% -\u003e 1    0.00%, 2  100.00%, 3    0.00%\n"}
,{"stream_name":"stdout","time":3458.415999399,"data":"\n"}
,{"stream_name":"stdout","time":3458.416001578,"data":"\n"}
,{"stream_name":"stdout","time":3458.456767566,"data":"样本变换：reverse\n"}
,{"stream_name":"stdout","time":3461.705221725,"data":"样本变换：mask\n"}
,{"stream_name":"stdout","time":3464.965193196,"data":"样本变换：shift\n"}
,{"stream_name":"stdout","time":3468.228131913,"data":"样本变换：none\n"}
,{"stream_name":"stderr","time":3473.642157332,"data":"/kaggle/working/k10/S08/sdalr_PU_final_checkpoint/tools.py:413: RuntimeWarning: invalid value encountered in divide\n"}
,{"stream_name":"stderr","time":3473.642200657,"data":"  per_class_acc = conf_matrix.diagonal() / conf_matrix.sum(axis=1) * 100\n"}
,{"stream_name":"stdout","time":3473.642288681,"data":"未过滤\t未用伪标签：40.87% -\u003e 使用伪标签：41.03%\n"}
,{"stream_name":"stdout","time":3473.642311444,"data":"已过滤\t未用伪标签：40.93% -\u003e 使用伪标签：41.12%\n"}
,{"stream_name":"stdout","time":3473.642316949,"data":"排除样本：12|6000\t剩余：2000, 2462, 1526\n"}
,{"stream_name":"stdout","time":3473.642321467,"data":"增添样本：1398\t\t细则：462, 0, 936\t正确率估算：100.00%\n"}
,{"stream_name":"stdout","time":3473.64232587,"data":"类型1 正确率： 100.00% -\u003e 1  100.00%, 2    0.00%, 3    0.00%\n"}
,{"stream_name":"stdout","time":3473.642330009,"data":"类型2 正确率：  23.00% -\u003e 1    0.00%, 2   23.24%, 3   76.76%\n"}
,{"stream_name":"stdout","time":3473.642334072,"data":"类型3 正确率：   0.00% -\u003e 1    0.00%, 2  100.00%, 3    0.00%\n"}
,{"stream_name":"stdout","time":3473.64233916,"data":"\n"}
,{"stream_name":"stdout","time":3473.642343276,"data":"被排除样本 正确率：8.33%\n"}
,{"stream_name":"stdout","time":3473.642347619,"data":"类型1 正确率：   8.00% -\u003e 1    8.33%, 2   91.67%\n"}
,{"stream_name":"stdout","time":3473.642351991,"data":"类型2 没有样本或未被分类。\n"}
,{"stream_name":"stdout","time":3473.642356392,"data":"\n"}
,{"stream_name":"stdout","time":3473.642360136,"data":"\n"}
,{"stream_name":"stdout","time":3486.542532472,"data":"轮次:·16/·20 || c_Loss:0.390 || e_Loss:-0.968 || Aad_Loss:-30.056 || 耗时：34.12s\n"}
,{"stream_name":"stdout","time":3499.532736841,"data":"轮次:·17/·20 || c_Loss:0.405 || e_Loss:-0.965 || Aad_Loss:-30.467 || 耗时：12.99s\n"}
,{"stream_name":"stdout","time":3512.550167804,"data":"轮次:·18/·20 || c_Loss:0.395 || e_Loss:-0.968 || Aad_Loss:-29.570 || 耗时：13.02s\n"}
,{"stream_name":"stdout","time":3525.575139799,"data":"轮次:·19/·20 || c_Loss:0.379 || e_Loss:-0.956 || Aad_Loss:-32.867 || 耗时：13.02s\n"}
,{"stream_name":"stdout","time":3538.598475491,"data":"轮次:·20/·20 || c_Loss:0.398 || e_Loss:-0.957 || Aad_Loss:-30.900 || 耗时：13.02s\n"}
,{"stream_name":"stdout","time":3544.635580774,"data":"任务: (B2)N15_M07_F10→(B1)N15_M01_F10; mix批次:····0; 批次:·1880/·1880;  总正确率: 40.98%\n"}
,{"stream_name":"stdout","time":3544.635615074,"data":"类型1 正确率： 100.00% -\u003e 1  100.00%, 2    0.00%, 3    0.00%\n"}
,{"stream_name":"stdout","time":3544.635621263,"data":"类型2 正确率：  23.00% -\u003e 1    0.00%, 2   22.95%, 3   77.05%\n"}
,{"stream_name":"stdout","time":3544.635631987,"data":"类型3 正确率：   0.00% -\u003e 1    0.00%, 2  100.00%, 3    0.00%\n"}
,{"stream_name":"stdout","time":3544.635644852,"data":"\n"}
,{"stream_name":"stdout","time":3544.635647271,"data":"\n"}
,{"stream_name":"stdout","time":3550.62565062,"data":"测试集任务: (B2)N15_M07_F10→(B1)N15_M01_F10; 总正确率 = 40.98%\n"}
,{"stream_name":"stdout","time":3550.625682737,"data":"类型1 正确率： 100.00% -\u003e 1  100.00%, 2    0.00%, 3    0.00%\n"}
,{"stream_name":"stdout","time":3550.625689943,"data":"类型2 正确率：  23.00% -\u003e 1    0.00%, 2   22.95%, 3   77.05%\n"}
,{"stream_name":"stdout","time":3550.625695773,"data":"类型3 正确率：   0.00% -\u003e 1    0.00%, 2  100.00%, 3    0.00%\n"}
,{"stream_name":"stdout","time":3550.625700527,"data":"\n"}
,{"stream_name":"stdout","time":3550.625704854,"data":"\n"}
,{"stream_name":"stdout","time":3550.649744164,"data":"[tar_adaptation_RES_PU.py --folder_root /kaggle/working/k10/S08/sdalr_PU_final_checkpoint/DATA_foldS08c --seed 2024 --class_num 3 --data_name PU_M1_L3 --output /kaggle/working/k10/S08/weight_PU_M1_final_checkpoint_FS08toS08c_s2024 --s 1 --t 0 --lr 0.0005 --threshold 0.4 --K 0.6] 361s\n"}
,{"stream_name":"stdout","time":3550.673798886,"data":"读取源域路径：/kaggle/working/k10/S08/weight_PU_M1_final_checkpoint_FS08toS08c_s2024/NEW_PU/Source-源域/log\u0026pt/(B2)N15_M07_F10\n"}
,{"stream_name":"stdout","time":3550.673818939,"data":"excel输出位置：/kaggle/working/k10/S08/weight_PU_M1_final_checkpoint_FS08toS08c_s2024/NEW_PU/Target-目标域\n"}
,{"stream_name":"stdout","time":3550.673913982,"data":"特征图片输出位置：/kaggle/working/k10/S08/weight_PU_M1_final_checkpoint_FS08toS08c_s2024/NEW_PU/Picture-特征图/2026年09月19日09时13分/(B2)N15_M07_F10\n"}
,{"stream_name":"stderr","time":3550.707350388,"data":"/usr/local/lib/python3.12/dist-packages/torch/nn/utils/weight_norm.py:144: FutureWarning: `torch.nn.utils.weight_norm` is deprecated in favor of `torch.nn.utils.parametrizations.weight_norm`.\n"}
,{"stream_name":"stderr","time":3550.707372733,"data":"  WeightNorm.apply(module, name, dim)\n"}
,{"stream_name":"stdout","time":3550.746852997,"data":"现在选取:(B2)N15_M07_F10 进行训练的源模型\n"}
,{"stream_name":"stdout","time":3550.746889174,"data":"现在进行：(B2)N15_M07_F10→(B3)N15_M07_F04 的迁移任务\n"}
,{"stream_name":"stdout","time":3550.746896056,"data":"log\u0026pt输出位置：/kaggle/working/k10/S08/weight_PU_M1_final_checkpoint_FS08toS08c_s2024/NEW_PU/Target-目标域/log\u0026pt/(B2)N15_M07_F10→(B3)N15_M07_F04\n"}
,{"stream_name":"stderr","time":3550.748240491,"data":"sh: 1: Syntax error: word unexpected (expecting \")\")\n"}
,{"stream_name":"stdout","time":3561.724903423,"data":"任务: (B2)N15_M07_F10→(B3)N15_M07_F04; 批次:····0/·1880;  总正确率: 38.50%\n"}
,{"stream_name":"stdout","time":3561.724938797,"data":"类型1 正确率： 100.00% -\u003e 1  100.00%, 2    0.00%, 3    0.00%\n"}
,{"stream_name":"stdout","time":3561.724945014,"data":"类型2 正确率：  15.00% -\u003e 1    1.30%, 2   15.15%, 3   83.55%\n"}
,{"stream_name":"stdout","time":3561.724954854,"data":"类型3 正确率：   0.00% -\u003e 1    0.00%, 2   99.65%, 3    0.35%\n"}
,{"stream_name":"stdout","time":3561.724970588,"data":"\n"}
,{"stream_name":"stdout","time":3561.724973568,"data":"\n"}
,{"stream_name":"stdout","time":3561.72558681,"data":"样本变换：reverse\n"}
,{"stream_name":"stdout","time":3564.955148864,"data":"样本变换：mask\n"}
,{"stream_name":"stdout","time":3568.214022834,"data":"样本变换：shift\n"}
,{"stream_name":"stdout","time":3571.47778451,"data":"样本变换：none\n"}
,{"stream_name":"stderr","time":3576.576099649,"data":"/kaggle/working/k10/S08/sdalr_PU_final_checkpoint/tools.py:413: RuntimeWarning: invalid value encountered in divide\n"}
,{"stream_name":"stderr","time":3576.576157194,"data":"  per_class_acc = conf_matrix.diagonal() / conf_matrix.sum(axis=1) * 100\n"}
,{"stream_name":"stdout","time":3576.576270189,"data":"未过滤\t未用伪标签：38.50% -\u003e 使用伪标签：39.85%\n"}
,{"stream_name":"stdout","time":3576.576279744,"data":"已过滤\t未用伪标签：38.67% -\u003e 使用伪标签：40.10%\n"}
,{"stream_name":"stdout","time":3576.576284154,"data":"排除样本：37|6000\t剩余：2000, 2391, 1572\n"}
,{"stream_name":"stdout","time":3576.576287844,"data":"增添样本：1210\t\t细则：391, 0, 819\t正确率估算：100.00%\n"}
,{"stream_name":"stdout","time":3576.576291515,"data":"类型1 正确率： 100.00% -\u003e 1  100.00%, 2    0.00%, 3    0.00%\n"}
,{"stream_name":"stdout","time":3576.576295081,"data":"类型2 正确率：  20.00% -\u003e 1    0.00%, 2   19.92%, 3   80.08%\n"}
,{"stream_name":"stdout","time":3576.576298772,"data":"类型3 正确率：   0.00% -\u003e 1    0.00%, 2  100.00%, 3    0.00%\n"}
,{"stream_name":"stdout","time":3576.576302321,"data":"\n"}
,{"stream_name":"stdout","time":3576.57630571,"data":"被排除样本 正确率：10.81%\n"}
,{"stream_name":"stdout","time":3576.576312354,"data":"类型1 没有样本或未被分类。\n"}
,{"stream_name":"stdout","time":3576.576314942,"data":"类型2 正确率：  11.00% -\u003e 1    5.41%, 2   10.81%, 3   83.78%\n"}
,{"stream_name":"stdout","time":3576.576317392,"data":"类型3 没有样本或未被分类。\n"}
,{"stream_name":"stdout","time":3576.57631973,"data":"\n"}
,{"stream_name":"stdout","time":3576.57632214,"data":"\n"}
,{"stream_name":"stdout","time":3589.663672216,"data":"轮次:··1/·20 || c_Loss:0.551 || e_Loss:-1.067 || Aad_Loss:-28.570 || 耗时：33.84s\n"}
,{"stream_name":"stdout","time":3602.774042043,"data":"轮次:··2/·20 || c_Loss:0.428 || e_Loss:-1.008 || Aad_Loss:-28.440 || 耗时：13.11s\n"}
,{"stream_name":"stdout","time":3615.820452075,"data":"轮次:··3/·20 || c_Loss:0.388 || e_Loss:-0.927 || Aad_Loss:-32.113 || 耗时：13.05s\n"}
,{"stream_name":"stdout","time":3628.797952348,"data":"轮次:··4/·20 || c_Loss:0.372 || e_Loss:-0.988 || Aad_Loss:-30.338 || 耗时：12.98s\n"}
,{"stream_name":"stdout","time":3641.760297801,"data":"轮次:··5/·20 || c_Loss:0.380 || e_Loss:-0.939 || Aad_Loss:-28.195 || 耗时：12.96s\n"}
,{"stream_name":"stdout","time":3647.734582217,"data":"任务: (B2)N15_M07_F10→(B3)N15_M07_F04; mix批次:····0; 批次:··470/·1880;  总正确率: 39.05%\n"}
,{"stream_name":"stdout","time":3647.734615356,"data":"类型1 正确率： 100.00% -\u003e 1  100.00%, 2    0.00%, 3    0.00%\n"}
,{"stream_name":"stdout","time":3647.734623222,"data":"类型2 正确率：  17.00% -\u003e 1    0.00%, 2   17.15%, 3   82.85%\n"}
,{"stream_name":"stdout","time":3647.734628751,"data":"类型3 正确率：   0.00% -\u003e 1    0.00%, 2  100.00%, 3    0.00%\n"}
,{"stream_name":"stdout","time":3647.734633973,"data":"\n"}
,{"stream_name":"stdout","time":3647.734638431,"data":"\n"}
,{"stream_name":"stdout","time":3647.76630295,"data":"样本变换：reverse\n"}
,{"stream_name":"stdout","time":3651.003182319,"data":"样本变换：mask\n"}
,{"stream_name":"stdout","time":3654.278144222,"data":"样本变换：shift\n"}
,{"stream_name":"stdout","time":3657.500144176,"data":"样本变换：none\n"}
,{"stream_name":"stderr","time":3662.58622975,"data":"/kaggle/working/k10/S08/sdalr_PU_final_checkpoint/tools.py:413: RuntimeWarning: invalid value encountered in divide\n"}
,{"stream_name":"stderr","time":3662.58626305,"data":"  per_class_acc = conf_matrix.diagonal() / conf_matrix.sum(axis=1) * 100\n"}
,{"stream_name":"stdout","time":3662.586314058,"data":"未过滤\t未用伪标签：39.05% -\u003e 使用伪标签：38.88%\n"}
,{"stream_name":"stdout","time":3662.586352096,"data":"已过滤\t未用伪标签：38.96% -\u003e 使用伪标签：38.95%\n"}
,{"stream_name":"stdout","time":3662.586355855,"data":"排除样本：10|6000\t剩余：2000, 2333, 1657\n"}
,{"stream_name":"stdout","time":3662.586358499,"data":"增添样本：1009\t\t细则：333, 0, 676\t正确率估算：99.50%\n"}
,{"stream_name":"stdout","time":3662.586360934,"data":"类型1 正确率： 100.00% -\u003e 1  100.00%, 2    0.00%, 3    0.00%\n"}
,{"stream_name":"stdout","time":3662.586363524,"data":"类型2 正确率：  17.00% -\u003e 1    0.00%, 2   16.73%, 3   83.27%\n"}
,{"stream_name":"stdout","time":3662.586365947,"data":"类型3 正确率：   0.00% -\u003e 1    0.00%, 2  100.00%, 3    0.00%\n"}
,{"stream_name":"stdout","time":3662.586368265,"data":"\n"}
,{"stream_name":"stdout","time":3662.586370394,"data":"被排除样本 正确率：90.00%\n"}
,{"stream_name":"stdout","time":3662.586372692,"data":"类型1 正确率：  90.00% -\u003e 1   90.00%, 2   10.00%\n"}
,{"stream_name":"stdout","time":3662.58639587,"data":"类型2 没有样本或未被分类。\n"}
,{"stream_name":"stdout","time":3662.58640172,"data":"\n"}
,{"stream_name":"stdout","time":3662.586405798,"data":"\n"}
,{"stream_name":"stdout","time":3675.433219562,"data":"轮次:··6/·20 || c_Loss:0.384 || e_Loss:-0.965 || Aad_Loss:-31.679 || 耗时：33.67s\n"}
,{"stream_name":"stdout","time":3688.387308187,"data":"轮次:··7/·20 || c_Loss:0.386 || e_Loss:-0.967 || Aad_Loss:-29.428 || 耗时：12.95s\n"}
,{"stream_name":"stdout","time":3701.394146081,"data":"轮次:··8/·20 || c_Loss:0.399 || e_Loss:-0.974 || Aad_Loss:-29.154 || 耗时：13.01s\n"}
,{"stream_name":"stdout","time":3714.425861758,"data":"轮次:··9/·20 || c_Loss:0.397 || e_Loss:-1.691 || Aad_Loss:-29.336 || 耗时：13.03s\n"}
,{"stream_name":"stdout","time":3727.439146958,"data":"轮次:·10/·20 || c_Loss:0.378 || e_Loss:-0.999 || Aad_Loss:-30.982 || 耗时：13.01s\n"}
,{"stream_name":"stdout","time":3733.458970852,"data":"任务: (B2)N15_M07_F10→(B3)N15_M07_F04; mix批次:····0; 批次:··940/·1880;  总正确率: 38.48%\n"}
,{"stream_name":"stdout","time":3733.45901302,"data":"类型1 正确率： 100.00% -\u003e 1  100.00%, 2    0.00%, 3    0.00%\n"}
,{"stream_name":"stdout","time":3733.459019342,"data":"类型2 正确率：  15.00% -\u003e 1    0.00%, 2   15.45%, 3   84.55%\n"}
,{"stream_name":"stdout","time":3733.459024085,"data":"类型3 正确率：   0.00% -\u003e 1    0.00%, 2  100.00%, 3    0.00%\n"}
,{"stream_name":"stdout","time":3733.459030417,"data":"\n"}
,{"stream_name":"stdout","time":3733.459037715,"data":"\n"}
,{"stream_name":"stdout","time":3733.499982857,"data":"样本变换：reverse\n"}
,{"stream_name":"stdout","time":3736.752184255,"data":"样本变换：mask\n"}
,{"stream_name":"stdout","time":3740.042162592,"data":"样本变换：shift\n"}
,{"stream_name":"stdout","time":3743.337737315,"data":"样本变换：none\n"}
,{"stream_name":"stderr","time":3748.260516437,"data":"/kaggle/working/k10/S08/sdalr_PU_final_checkpoint/tools.py:413: RuntimeWarning: invalid value encountered in divide\n"}
,{"stream_name":"stderr","time":3748.260557557,"data":"  per_class_acc = conf_matrix.diagonal() / conf_matrix.sum(axis=1) * 100\n"}
,{"stream_name":"stdout","time":3748.260590556,"data":"未过滤\t未用伪标签：38.48% -\u003e 使用伪标签：38.40%\n"}
,{"stream_name":"stdout","time":3748.260605724,"data":"已过滤\t未用伪标签：38.47% -\u003e 使用伪标签：38.46%\n"}
,{"stream_name":"stdout","time":3748.260611564,"data":"排除样本：9|6000\t剩余：2000, 2304, 1687\n"}
,{"stream_name":"stdout","time":3748.260653519,"data":"增添样本：921\t\t细则：304, 0, 617\t正确率估算：100.00%\n"}
,{"stream_name":"stdout","time":3748.260657861,"data":"类型1 正确率： 100.00% -\u003e 1  100.00%, 2    0.00%, 3    0.00%\n"}
,{"stream_name":"stdout","time":3748.260660304,"data":"类型2 正确率：  15.00% -\u003e 1    0.00%, 2   15.27%, 3   84.73%\n"}
,{"stream_name":"stdout","time":3748.260662608,"data":"类型3 正确率：   0.00% -\u003e 1    0.00%, 2  100.00%, 3    0.00%\n"}
,{"stream_name":"stdout","time":3748.260664976,"data":"\n"}
,{"stream_name":"stdout","time":3748.260667109,"data":"被排除样本 正确率：44.44%\n"}
,{"stream_name":"stdout","time":3748.260669422,"data":"类型1 正确率：  44.00% -\u003e 1   44.44%, 2   55.56%\n"}
,{"stream_name":"stdout","time":3748.260671784,"data":"类型2 没有样本或未被分类。\n"}
,{"stream_name":"stdout","time":3748.260674124,"data":"\n"}
,{"stream_name":"stdout","time":3748.260676361,"data":"\n"}
,{"stream_name":"stdout","time":3761.152532125,"data":"轮次:·11/·20 || c_Loss:0.379 || e_Loss:-1.000 || Aad_Loss:-30.397 || 耗时：33.71s\n"}
,{"stream_name":"stdout","time":3774.038011153,"data":"轮次:·12/·20 || c_Loss:0.375 || e_Loss:-0.941 || Aad_Loss:-31.666 || 耗时：12.89s\n"}
,{"stream_name":"stdout","time":3786.895476875,"data":"轮次:·13/·20 || c_Loss:0.384 || e_Loss:-0.966 || Aad_Loss:-31.515 || 耗时：12.86s\n"}
,{"stream_name":"stdout","time":3799.755555854,"data":"轮次:·14/·20 || c_Loss:0.409 || e_Loss:-0.976 || Aad_Loss:-30.654 || 耗时：12.86s\n"}
,{"stream_name":"stdout","time":3812.619239622,"data":"轮次:·15/·20 || c_Loss:0.376 || e_Loss:-1.022 || Aad_Loss:-30.882 || 耗时：12.86s\n"}
,{"stream_name":"stdout","time":3818.604128795,"data":"任务: (B2)N15_M07_F10→(B3)N15_M07_F04; mix批次:····0; 批次:·1410/·1880;  总正确率: 38.42%\n"}
,{"stream_name":"stdout","time":3818.604165304,"data":"类型1 正确率： 100.00% -\u003e 1  100.00%, 2    0.00%, 3    0.00%\n"}
,{"stream_name":"stdout","time":3818.604170062,"data":"类型2 正确率：  15.00% -\u003e 1    0.00%, 2   15.25%, 3   84.75%\n"}
,{"stream_name":"stdout","time":3818.604173572,"data":"类型3 正确率：   0.00% -\u003e 1    0.00%, 2  100.00%, 3    0.00%\n"}
,{"stream_name":"stdout","time":3818.604176921,"data":"\n"}
,{"stream_name":"stdout","time":3818.604179862,"data":"\n"}
,{"stream_name":"stdout","time":3818.646595598,"data":"样本变换：reverse\n"}
,{"stream_name":"stdout","time":3821.879119801,"data":"样本变换：mask\n"}
,{"stream_name":"stdout","time":3825.141166206,"data":"样本变换：shift\n"}
,{"stream_name":"stdout","time":3828.366148802,"data":"样本变换：none\n"}
,{"stream_name":"stderr","time":3833.364502355,"data":"/kaggle/working/k10/S08/sdalr_PU_final_checkpoint/tools.py:413: RuntimeWarning: invalid value encountered in divide\n"}
,{"stream_name":"stderr","time":3833.364538109,"data":"  per_class_acc = conf_matrix.diagonal() / conf_matrix.sum(axis=1) * 100\n"}
,{"stream_name":"stdout","time":3833.364627388,"data":"未过滤\t未用伪标签：38.42% -\u003e 使用伪标签：38.38%\n"}
,{"stream_name":"stdout","time":3833.364641242,"data":"已过滤\t未用伪标签：38.44% -\u003e 使用伪标签：38.46%\n"}
,{"stream_name":"stdout","time":3833.36464724,"data":"排除样本：12|6000\t剩余：2000, 2303, 1685\n"}
,{"stream_name":"stdout","time":3833.364652953,"data":"增添样本：921\t\t细则：303, 0, 618\t正确率估算：100.00%\n"}
,{"stream_name":"stdout","time":3833.364659093,"data":"类型1 正确率： 100.00% -\u003e 1  100.00%, 2    0.00%, 3    0.00%\n"}
,{"stream_name":"stdout","time":3833.364699096,"data":"类型2 正确率：  15.00% -\u003e 1    0.00%, 2   15.24%, 3   84.76%\n"}
,{"stream_name":"stdout","time":3833.364705115,"data":"类型3 正确率：   0.00% -\u003e 1    0.00%, 2  100.00%, 3    0.00%\n"}
,{"stream_name":"stdout","time":3833.364710294,"data":"\n"}
,{"stream_name":"stdout","time":3833.364714654,"data":"被排除样本 正确率：25.00%\n"}
,{"stream_name":"stdout","time":3833.364719074,"data":"类型1 正确率：  25.00% -\u003e 1   25.00%, 2   75.00%\n"}
,{"stream_name":"stdout","time":3833.364723335,"data":"类型2 没有样本或未被分类。\n"}
,{"stream_name":"stdout","time":3833.364727631,"data":"\n"}
,{"stream_name":"stdout","time":3833.364731758,"data":"\n"}
,{"stream_name":"stdout","time":3846.222369802,"data":"轮次:·16/·20 || c_Loss:0.379 || e_Loss:-1.002 || Aad_Loss:-30.673 || 耗时：33.60s\n"}
,{"stream_name":"stdout","time":3859.140522917,"data":"轮次:·17/·20 || c_Loss:0.374 || e_Loss:-0.942 || Aad_Loss:-31.856 || 耗时：12.92s\n"}
,{"stream_name":"stdout","time":3872.089115701,"data":"轮次:·18/·20 || c_Loss:0.383 || e_Loss:-0.967 || Aad_Loss:-31.741 || 耗时：12.95s\n"}
,{"stream_name":"stdout","time":3885.060960649,"data":"轮次:·19/·20 || c_Loss:0.408 || e_Loss:-0.974 || Aad_Loss:-30.675 || 耗时：12.97s\n"}
,{"stream_name":"stdout","time":3898.034551567,"data":"轮次:·20/·20 || c_Loss:0.374 || e_Loss:-1.013 || Aad_Loss:-30.651 || 耗时：12.97s\n"}
,{"stream_name":"stdout","time":3904.07931732,"data":"任务: (B2)N15_M07_F10→(B3)N15_M07_F04; mix批次:····0; 批次:·1880/·1880;  总正确率: 38.47%\n"}
,{"stream_name":"stdout","time":3904.079355769,"data":"类型1 正确率： 100.00% -\u003e 1  100.00%, 2    0.00%, 3    0.00%\n"}
,{"stream_name":"stdout","time":3904.079360572,"data":"类型2 正确率：  15.00% -\u003e 1    0.00%, 2   15.40%, 3   84.60%\n"}
,{"stream_name":"stdout","time":3904.079363944,"data":"类型3 正确率：   0.00% -\u003e 1    0.00%, 2  100.00%, 3    0.00%\n"}
,{"stream_name":"stdout","time":3904.079367431,"data":"\n"}
,{"stream_name":"stdout","time":3904.079370789,"data":"\n"}
,{"stream_name":"stdout","time":3910.062316468,"data":"测试集任务: (B2)N15_M07_F10→(B3)N15_M07_F04; 总正确率 = 38.47%\n"}
,{"stream_name":"stdout","time":3910.06234821,"data":"类型1 正确率： 100.00% -\u003e 1  100.00%, 2    0.00%, 3    0.00%\n"}
,{"stream_name":"stdout","time":3910.062354313,"data":"类型2 正确率：  15.00% -\u003e 1    0.00%, 2   15.40%, 3   84.60%\n"}
,{"stream_name":"stdout","time":3910.062359141,"data":"类型3 正确率：   0.00% -\u003e 1    0.00%, 2  100.00%, 3    0.00%\n"}
,{"stream_name":"stdout","time":3910.062363829,"data":"\n"}
,{"stream_name":"stdout","time":3910.062368496,"data":"\n"}
,{"stream_name":"stdout","time":3910.086041839,"data":"[tar_adaptation_RES_PU.py --folder_root /kaggle/working/k10/S08/sdalr_PU_final_checkpoint/DATA_foldS08c --seed 2024 --class_num 3 --data_name PU_M1_L3 --output /kaggle/working/k10/S08/weight_PU_M1_final_checkpoint_FS08toS08c_s2024 --s 1 --t 2 --lr 0.0005 --threshold 0.4 --K 0.6] 359s\n"}
,{"stream_name":"stdout","time":3910.110173616,"data":"读取源域路径：/kaggle/working/k10/S08/weight_PU_M1_final_checkpoint_FS08toS08c_s2024/NEW_PU/Source-源域/log\u0026pt/(B3)N15_M07_F04\n"}
,{"stream_name":"stdout","time":3910.110194921,"data":"excel输出位置：/kaggle/working/k10/S08/weight_PU_M1_final_checkpoint_FS08toS08c_s2024/NEW_PU/Target-目标域\n"}
,{"stream_name":"stdout","time":3910.11031163,"data":"特征图片输出位置：/kaggle/working/k10/S08/weight_PU_M1_final_checkpoint_FS08toS08c_s2024/NEW_PU/Picture-特征图/2026年09月19日09时19分/(B3)N15_M07_F04\n"}
,{"stream_name":"stderr","time":3910.144280911,"data":"/usr/local/lib/python3.12/dist-packages/torch/nn/utils/weight_norm.py:144: FutureWarning: `torch.nn.utils.weight_norm` is deprecated in favor of `torch.nn.utils.parametrizations.weight_norm`.\n"}
,{"stream_name":"stderr","time":3910.144305643,"data":"  WeightNorm.apply(module, name, dim)\n"}
,{"stream_name":"stdout","time":3910.181755694,"data":"现在选取:(B3)N15_M07_F04 进行训练的源模型\n"}
,{"stream_name":"stdout","time":3910.18177488,"data":"现在进行：(B3)N15_M07_F04→(B1)N15_M01_F10 的迁移任务\n"}
,{"stream_name":"stdout","time":3910.181780239,"data":"log\u0026pt输出位置：/kaggle/working/k10/S08/weight_PU_M1_final_checkpoint_FS08toS08c_s2024/NEW_PU/Target-目标域/log\u0026pt/(B3)N15_M07_F04→(B1)N15_M01_F10\n"}
,{"stream_name":"stderr","time":3910.183102355,"data":"sh: 1: Syntax error: word unexpected (expecting \")\")\n"}
,{"stream_name":"stdout","time":3921.129048257,"data":"任务: (B3)N15_M07_F04→(B1)N15_M01_F10; 批次:····0/·1880;  总正确率: 44.18%\n"}
,{"stream_name":"stdout","time":3921.129130601,"data":"类型1 正确率： 100.00% -\u003e 1  100.00%, 2    0.00%, 3    0.00%\n"}
,{"stream_name":"stdout","time":3921.129140724,"data":"类型2 正确率：  33.00% -\u003e 1    0.35%, 2   32.55%, 3   67.10%\n"}
,{"stream_name":"stdout","time":3921.129146953,"data":"类型3 正确率：   0.00% -\u003e 1    0.00%, 2  100.00%, 3    0.00%\n"}
,{"stream_name":"stdout","time":3921.129152371,"data":"\n"}
,{"stream_name":"stdout","time":3921.129158271,"data":"\n"}
,{"stream_name":"stdout","time":3921.129733514,"data":"样本变换：reverse\n"}
,{"stream_name":"stdout","time":3924.369139416,"data":"样本变换：mask\n"}
,{"stream_name":"stdout","time":3927.6232374,"data":"样本变换：shift\n"}
,{"stream_name":"stdout","time":3930.860188615,"data":"样本变换：none\n"}
,{"stream_name":"stderr","time":3936.329925444,"data":"/kaggle/working/k10/S08/sdalr_PU_final_checkpoint/tools.py:413: RuntimeWarning: invalid value encountered in divide\n"}
,{"stream_name":"stderr","time":3936.329965702,"data":"  per_class_acc = conf_matrix.diagonal() / conf_matrix.sum(axis=1) * 100\n"}
,{"stream_name":"stdout","time":3936.329985585,"data":"未过滤\t未用伪标签：44.18% -\u003e 使用伪标签：44.20%\n"}
,{"stream_name":"stdout","time":3936.330014131,"data":"已过滤\t未用伪标签：44.20% -\u003e 使用伪标签：44.42%\n"}
,{"stream_name":"stdout","time":3936.330020558,"data":"排除样本：30|6000\t剩余：2000, 2652, 1318\n"}
,{"stream_name":"stdout","time":3936.330025791,"data":"增添样本：1986\t\t细则：652, 0, 1334\t正确率估算：99.70%\n"}
,{"stream_name":"stdout","time":3936.330031357,"data":"类型1 正确率： 100.00% -\u003e 1  100.00%, 2    0.00%, 3    0.00%\n"}
,{"stream_name":"stdout","time":3936.330036506,"data":"类型2 正确率：  33.00% -\u003e 1    0.00%, 2   33.10%, 3   66.90%\n"}
,{"stream_name":"stdout","time":3936.330041433,"data":"类型3 正确率：   0.00% -\u003e 1    0.00%, 2  100.00%, 3    0.00%\n"}
,{"stream_name":"stdout","time":3936.33004669,"data":"\n"}
,{"stream_name":"stdout","time":3936.330051395,"data":"被排除样本 正确率：40.00%\n"}
,{"stream_name":"stdout","time":3936.330056185,"data":"类型1 没有样本或未被分类。\n"}
,{"stream_name":"stdout","time":3936.330060437,"data":"类型2 正确率：  40.00% -\u003e 1    3.33%, 2   40.00%, 3   56.67%\n"}
,{"stream_name":"stdout","time":3936.330064909,"data":"类型3 没有样本或未被分类。\n"}
,{"stream_name":"stdout","time":3936.33007365,"data":"\n"}
,{"stream_name":"stdout","time":3936.330106252,"data":"\n"}
,{"stream_name":"stdout","time":3949.44457729,"data":"轮次:··1/·20 || c_Loss:0.600 || e_Loss:-1.002 || Aad_Loss:-25.894 || 耗时：34.23s\n"}
,{"stream_name":"stdout","time":3962.573160418,"data":"轮次:··2/·20 || c_Loss:0.456 || e_Loss:-0.904 || Aad_Loss:-30.564 || 耗时：13.13s\n"}
,{"stream_name":"stdout","time":3975.586816029,"data":"轮次:··3/·20 || c_Loss:0.388 || e_Loss:-0.971 || Aad_Loss:-29.543 || 耗时：13.01s\n"}
,{"stream_name":"stdout","time":3988.542640797,"data":"轮次:··4/·20 || c_Loss:0.390 || e_Loss:-0.986 || Aad_Loss:-29.093 || 耗时：12.96s\n"}
,{"stream_name":"stdout","time":4001.506119655,"data":"轮次:··5/·20 || c_Loss:0.390 || e_Loss:-1.797 || Aad_Loss:-29.079 || 耗时：12.96s\n"}
,{"stream_name":"stdout","time":4007.469483838,"data":"任务: (B3)N15_M07_F04→(B1)N15_M01_F10; mix批次:····0; 批次:··470/·1880;  总正确率: 43.38%\n"}
,{"stream_name":"stdout","time":4007.469538282,"data":"类型1 正确率： 100.00% -\u003e 1  100.00%, 2    0.00%, 3    0.00%\n"}
,{"stream_name":"stdout","time":4007.469547984,"data":"类型2 正确率：  30.00% -\u003e 1    0.00%, 2   30.15%, 3   69.85%\n"}
,{"stream_name":"stdout","time":4007.469554649,"data":"类型3 正确率：   0.00% -\u003e 1    0.00%, 2  100.00%, 3    0.00%\n"}
,{"stream_name":"stdout","time":4007.469561391,"data":"\n"}
,{"stream_name":"stdout","time":4007.469567186,"data":"\n"}
,{"stream_name":"stdout","time":4007.499768124,"data":"样本变换：reverse\n"}
,{"stream_name":"stdout","time":4010.728148952,"data":"样本变换：mask\n"}
,{"stream_name":"stdout","time":4013.990096077,"data":"样本变换：shift\n"}
,{"stream_name":"stdout","time":4017.224778145,"data":"样本变换：none\n"}
,{"stream_name":"stderr","time":4022.61530238,"data":"/kaggle/working/k10/S08/sdalr_PU_final_checkpoint/tools.py:413: RuntimeWarning: invalid value encountered in divide\n"}
,{"stream_name":"stderr","time":4022.615341126,"data":"  per_class_acc = conf_matrix.diagonal() / conf_matrix.sum(axis=1) * 100\n"}
,{"stream_name":"stdout","time":4022.61537346,"data":"未过滤\t未用伪标签：43.38% -\u003e 使用伪标签：43.08%\n"}
,{"stream_name":"stdout","time":4022.615396221,"data":"已过滤\t未用伪标签：43.28% -\u003e 使用伪标签：43.24%\n"}
,{"stream_name":"stdout","time":4022.61540232,"data":"排除样本：22|6000\t剩余：2000, 2585, 1393\n"}
,{"stream_name":"stdout","time":4022.615406983,"data":"增添样本：1777\t\t细则：585, 0, 1192\t正确率估算：99.83%\n"}
,{"stream_name":"stdout","time":4022.615411909,"data":"类型1 正确率： 100.00% -\u003e 1  100.00%, 2    0.00%, 3    0.00%\n"}
,{"stream_name":"stdout","time":4022.615416742,"data":"类型2 正确率：  30.00% -\u003e 1    0.00%, 2   29.58%, 3   70.42%\n"}
,{"stream_name":"stdout","time":4022.615421354,"data":"类型3 正确率：   0.00% -\u003e 1    0.00%, 2  100.00%, 3    0.00%\n"}
,{"stream_name":"stdout","time":4022.615426104,"data":"\n"}
,{"stream_name":"stdout","time":4022.615430339,"data":"被排除样本 正确率：72.73%\n"}
,{"stream_name":"stdout","time":4022.615435117,"data":"类型1 正确率：  73.00% -\u003e 1   72.73%, 2   27.27%\n"}
,{"stream_name":"stdout","time":4022.615439888,"data":"类型2 没有样本或未被分类。\n"}
,{"stream_name":"stdout","time":4022.615444219,"data":"\n"}
,{"stream_name":"stdout","time":4022.61544835,"data":"\n"}
,{"stream_name":"stdout","time":4035.492881397,"data":"轮次:··6/·20 || c_Loss:0.385 || e_Loss:-0.968 || Aad_Loss:-29.260 || 耗时：33.99s\n"}
,{"stream_name":"stdout","time":4048.491786776,"data":"轮次:··7/·20 || c_Loss:0.387 || e_Loss:-0.970 || Aad_Loss:-29.988 || 耗时：13.00s\n"}
,{"stream_name":"stdout","time":4061.503191003,"data":"轮次:··8/·20 || c_Loss:0.397 || e_Loss:-0.948 || Aad_Loss:-29.330 || 耗时：13.01s\n"}
,{"stream_name":"stdout","time":4074.543474992,"data":"轮次:··9/·20 || c_Loss:0.381 || e_Loss:-0.931 || Aad_Loss:-30.408 || 耗时：13.04s\n"}
,{"stream_name":"stdout","time":4087.65192961,"data":"轮次:·10/·20 || c_Loss:0.409 || e_Loss:-0.914 || Aad_Loss:-31.446 || 耗时：13.11s\n"}
,{"stream_name":"stdout","time":4093.677984988,"data":"任务: (B3)N15_M07_F04→(B1)N15_M01_F10; mix批次:····0; 批次:··940/·1880;  总正确率: 42.63%\n"}
,{"stream_name":"stdout","time":4093.678013713,"data":"类型1 正确率： 100.00% -\u003e 1  100.00%, 2    0.00%, 3    0.00%\n"}
,{"stream_name":"stdout","time":4093.678019388,"data":"类型2 正确率：  28.00% -\u003e 1    0.00%, 2   27.90%, 3   72.10%\n"}
,{"stream_name":"stdout","time":4093.678039515,"data":"类型3 正确率：   0.00% -\u003e 1    0.00%, 2  100.00%, 3    0.00%\n"}
,{"stream_name":"stdout","time":4093.678045882,"data":"\n"}
,{"stream_name":"stdout","time":4093.678051026,"data":"\n"}
,{"stream_name":"stdout","time":4093.719057965,"data":"样本变换：reverse\n"}
,{"stream_name":"stdout","time":4096.937176084,"data":"样本变换：mask\n"}
,{"stream_name":"stdout","time":4100.219268665,"data":"样本变换：shift\n"}
,{"stream_name":"stdout","time":4103.502095901,"data":"样本变换：none\n"}
,{"stream_name":"stderr","time":4108.868591744,"data":"/kaggle/working/k10/S08/sdalr_PU_final_checkpoint/tools.py:413: RuntimeWarning: invalid value encountered in divide\n"}
,{"stream_name":"stderr","time":4108.868648278,"data":"  per_class_acc = conf_matrix.diagonal() / conf_matrix.sum(axis=1) * 100\n"}
,{"stream_name":"stdout","time":4108.868660984,"data":"未过滤\t未用伪标签：42.63% -\u003e 使用伪标签：42.70%\n"}
,{"stream_name":"stdout","time":4108.868703319,"data":"已过滤\t未用伪标签：42.64% -\u003e 使用伪标签：42.82%\n"}
,{"stream_name":"stdout","time":4108.868709708,"data":"排除样本：17|6000\t剩余：2000, 2562, 1421\n"}
,{"stream_name":"stdout","time":4108.868716268,"data":"增添样本：1703\t\t细则：562, 0, 1141\t正确率估算：99.82%\n"}
,{"stream_name":"stdout","time":4108.868721893,"data":"类型1 正确率： 100.00% -\u003e 1  100.00%, 2    0.00%, 3    0.00%\n"}
,{"stream_name":"stdout","time":4108.868727507,"data":"类型2 正确率：  28.00% -\u003e 1    0.00%, 2   28.34%, 3   71.66%\n"}
,{"stream_name":"stdout","time":4108.868736789,"data":"类型3 正确率：   0.00% -\u003e 1    0.00%, 2  100.00%, 3    0.00%\n"}
,{"stream_name":"stdout","time":4108.868740551,"data":"\n"}
,{"stream_name":"stdout","time":4108.868744044,"data":"被排除样本 正确率：41.18%\n"}
,{"stream_name":"stdout","time":4108.868747555,"data":"类型1 正确率：  41.00% -\u003e 1   41.18%, 2   58.82%\n"}
,{"stream_name":"stdout","time":4108.868751185,"data":"类型2 没有样本或未被分类。\n"}
,{"stream_name":"stdout","time":4108.868754812,"data":"\n"}
,{"stream_name":"stdout","time":4108.868758119,"data":"\n"}
,{"stream_name":"stdout","time":4121.770789935,"data":"轮次:·11/·20 || c_Loss:0.377 || e_Loss:-0.994 || Aad_Loss:-30.186 || 耗时：34.12s\n"}
,{"stream_name":"stdout","time":4134.703551297,"data":"轮次:·12/·20 || c_Loss:0.412 || e_Loss:-0.933 || Aad_Loss:-28.301 || 耗时：12.93s\n"}
,{"stream_name":"stdout","time":4147.629597425,"data":"轮次:·13/·20 || c_Loss:0.379 || e_Loss:-0.978 || Aad_Loss:-30.568 || 耗时：12.93s\n"}
,{"stream_name":"stdout","time":4160.563895148,"data":"轮次:·14/·20 || c_Loss:0.400 || e_Loss:-0.953 || Aad_Loss:-29.461 || 耗时：12.93s\n"}
,{"stream_name":"stdout","time":4173.580013201,"data":"轮次:·15/·20 || c_Loss:0.396 || e_Loss:-1.817 || Aad_Loss:-28.923 || 耗时：13.02s\n"}
,{"stream_name":"stdout","time":4179.586238869,"data":"任务: (B3)N15_M07_F04→(B1)N15_M01_F10; mix批次:····0; 批次:·1410/·1880;  总正确率: 42.30%\n"}
,{"stream_name":"stdout","time":4179.586273919,"data":"类型1 正确率： 100.00% -\u003e 1  100.00%, 2    0.00%, 3    0.00%\n"}
,{"stream_name":"stdout","time":4179.586287169,"data":"类型2 正确率：  27.00% -\u003e 1    0.00%, 2   26.90%, 3   73.10%\n"}
,{"stream_name":"stdout","time":4179.586291209,"data":"类型3 正确率：   0.00% -\u003e 1    0.00%, 2  100.00%, 3    0.00%\n"}
,{"stream_name":"stdout","time":4179.586294942,"data":"\n"}
,{"stream_name":"stdout","time":4179.586298274,"data":"\n"}
,{"stream_name":"stdout","time":4179.629356092,"data":"样本变换：reverse\n"}
,{"stream_name":"stdout","time":4182.865514078,"data":"样本变换：mask\n"}
,{"stream_name":"stdout","time":4186.120186241,"data":"样本变换：shift\n"}
,{"stream_name":"stdout","time":4189.366138016,"data":"样本变换：none\n"}
,{"stream_name":"stdout","time":4194.6171748,"data":"未过滤\t未用伪标签：42.30% -\u003e 使用伪标签：42.07%\n"}
,{"stream_name":"stdout","time":4194.617217742,"data":"已过滤\t未用伪标签：42.23% -\u003e 使用伪标签：42.21%\n"}
,{"stream_name":"stdout","time":4194.617227112,"data":"排除样本：21|6000\t剩余：2000, 2524, 1455\n"}
,{"stream_name":"stdout","time":4194.617233654,"data":"增添样本：1593\t\t细则：524, 0, 1069\t正确率估算：99.75%\n"}
,{"stream_name":"stdout","time":4194.617239016,"data":"类型1 正确率： 100.00% -\u003e 1  100.00%, 2    0.00%, 3    0.00%\n"}
,{"stream_name":"stdout","time":4194.617244516,"data":"类型2 正确率：  26.00% -\u003e 1    0.00%, 2   26.48%, 3   73.52%\n"}
,{"stream_name":"stdout","time":4194.617249702,"data":"类型3 正确率：   0.00% -\u003e 1    0.00%, 2  100.00%, 3    0.00%\n"}
,{"stream_name":"stdout","time":4194.61725515,"data":"\n"}
,{"stream_name":"stdout","time":4194.61726011,"data":"被排除样本 正确率：61.90%\n"}
,{"stream_name":"stderr","time":4194.617178714,"data":"/kaggle/working/k10/S08/sdalr_PU_final_checkpoint/tools.py:413: RuntimeWarning: invalid value encountered in divide\n"}
,{"stream_name":"stderr","time":4194.61727681,"data":"  per_class_acc = conf_matrix.diagonal() / conf_matrix.sum(axis=1) * 100\n"}
,{"stream_name":"stdout","time":4194.617265202,"data":"类型1 正确率：  62.00% -\u003e 1   61.90%, 2   38.10%\n"}
,{"stream_name":"stdout","time":4194.617299647,"data":"类型2 没有样本或未被分类。\n"}
,{"stream_name":"stdout","time":4194.617303671,"data":"\n"}
,{"stream_name":"stdout","time":4194.617306573,"data":"\n"}
,{"stream_name":"stdout","time":4207.525763667,"data":"轮次:·16/·20 || c_Loss:0.388 || e_Loss:-0.971 || Aad_Loss:-31.018 || 耗时：33.95s\n"}
,{"stream_name":"stdout","time":4220.521393144,"data":"轮次:·17/·20 || c_Loss:0.376 || e_Loss:-0.978 || Aad_Loss:-30.965 || 耗时：13.00s\n"}
,{"stream_name":"stdout","time":4233.522651835,"data":"轮次:·18/·20 || c_Loss:0.385 || e_Loss:-0.978 || Aad_Loss:-31.090 || 耗时：13.00s\n"}
,{"stream_name":"stdout","time":4246.533407893,"data":"轮次:·19/·20 || c_Loss:0.409 || e_Loss:-1.184 || Aad_Loss:-30.632 || 耗时：13.01s\n"}
,{"stream_name":"stdout","time":4259.58704097,"data":"轮次:·20/·20 || c_Loss:0.371 || e_Loss:-1.013 || Aad_Loss:-31.035 || 耗时：13.05s\n"}
,{"stream_name":"stdout","time":4265.589657548,"data":"任务: (B3)N15_M07_F04→(B1)N15_M01_F10; mix批次:····0; 批次:·1880/·1880;  总正确率: 41.73%\n"}
,{"stream_name":"stdout","time":4265.589719138,"data":"类型1 正确率： 100.00% -\u003e 1  100.00%, 2    0.00%, 3    0.00%\n"}
,{"stream_name":"stdout","time":4265.589726093,"data":"类型2 正确率：  25.00% -\u003e 1    0.00%, 2   25.20%, 3   74.80%\n"}
,{"stream_name":"stdout","time":4265.589729825,"data":"类型3 正确率：   0.00% -\u003e 1    0.00%, 2  100.00%, 3    0.00%\n"}
,{"stream_name":"stdout","time":4265.589733413,"data":"\n"}
,{"stream_name":"stdout","time":4265.589736678,"data":"\n"}
,{"stream_name":"stdout","time":4271.584711932,"data":"测试集任务: (B3)N15_M07_F04→(B1)N15_M01_F10; 总正确率 = 41.73%\n"}
,{"stream_name":"stdout","time":4271.584739833,"data":"类型1 正确率： 100.00% -\u003e 1  100.00%, 2    0.00%, 3    0.00%\n"}
,{"stream_name":"stdout","time":4271.584746134,"data":"类型2 正确率：  25.00% -\u003e 1    0.00%, 2   25.20%, 3   74.80%\n"}
,{"stream_name":"stdout","time":4271.584751217,"data":"类型3 正确率：   0.00% -\u003e 1    0.00%, 2  100.00%, 3    0.00%\n"}
,{"stream_name":"stdout","time":4271.58475602,"data":"\n"}
,{"stream_name":"stdout","time":4271.584760223,"data":"\n"}
,{"stream_name":"stdout","time":4271.611159694,"data":"[tar_adaptation_RES_PU.py --folder_root /kaggle/working/k10/S08/sdalr_PU_final_checkpoint/DATA_foldS08c --seed 2024 --class_num 3 --data_name PU_M1_L3 --output /kaggle/working/k10/S08/weight_PU_M1_final_checkpoint_FS08toS08c_s2024 --s 2 --t 0 --lr 0.0005 --threshold 0.4 --K 0.6] 362s\n"}
,{"stream_name":"stdout","time":4271.636124174,"data":"读取源域路径：/kaggle/working/k10/S08/weight_PU_M1_final_checkpoint_FS08toS08c_s2024/NEW_PU/Source-源域/log\u0026pt/(B3)N15_M07_F04\n"}
,{"stream_name":"stdout","time":4271.636142527,"data":"excel输出位置：/kaggle/working/k10/S08/weight_PU_M1_final_checkpoint_FS08toS08c_s2024/NEW_PU/Target-目标域\n"}
,{"stream_name":"stdout","time":4271.636253034,"data":"特征图片输出位置：/kaggle/working/k10/S08/weight_PU_M1_final_checkpoint_FS08toS08c_s2024/NEW_PU/Picture-特征图/2026年09月19日09时25分/(B3)N15_M07_F04\n"}
,{"stream_name":"stderr","time":4271.670051251,"data":"/usr/local/lib/python3.12/dist-packages/torch/nn/utils/weight_norm.py:144: FutureWarning: `torch.nn.utils.weight_norm` is deprecated in favor of `torch.nn.utils.parametrizations.weight_norm`.\n"}
,{"stream_name":"stderr","time":4271.670071107,"data":"  WeightNorm.apply(module, name, dim)\n"}
,{"stream_name":"stdout","time":4271.709020794,"data":"现在选取:(B3)N15_M07_F04 进行训练的源模型\n"}
,{"stream_name":"stdout","time":4271.709040441,"data":"现在进行：(B3)N15_M07_F04→(B2)N15_M07_F10 的迁移任务\n"}
,{"stream_name":"stdout","time":4271.709046587,"data":"log\u0026pt输出位置：/kaggle/working/k10/S08/weight_PU_M1_final_checkpoint_FS08toS08c_s2024/NEW_PU/Target-目标域/log\u0026pt/(B3)N15_M07_F04→(B2)N15_M07_F10\n"}
,{"stream_name":"stderr","time":4271.710323993,"data":"sh: 1: Syntax error: word unexpected (expecting \")\")\n"}
,{"stream_name":"stdout","time":4282.659767721,"data":"任务: (B3)N15_M07_F04→(B2)N15_M07_F10; 批次:····0/·1880;  总正确率: 42.55%\n"}
,{"stream_name":"stdout","time":4282.65980191,"data":"类型1 正确率： 100.00% -\u003e 1  100.00%, 2    0.00%, 3    0.00%\n"}
,{"stream_name":"stdout","time":4282.659808653,"data":"类型2 正确率：  28.00% -\u003e 1    0.00%, 2   27.65%, 3   72.35%\n"}
,{"stream_name":"stdout","time":4282.659813319,"data":"类型3 正确率：   0.00% -\u003e 1    0.00%, 2  100.00%, 3    0.00%\n"}
,{"stream_name":"stdout","time":4282.659819528,"data":"\n"}
,{"stream_name":"stdout","time":4282.659827045,"data":"\n"}
,{"stream_name":"stdout","time":4282.660452243,"data":"样本变换：reverse\n"}
,{"stream_name":"stdout","time":4285.900148619,"data":"样本变换：mask\n"}
,{"stream_name":"stdout","time":4289.172156134,"data":"样本变换：shift\n"}
,{"stream_name":"stdout","time":4292.456145133,"data":"样本变换：none\n"}
,{"stream_name":"stderr","time":4297.849889511,"data":"/kaggle/working/k10/S08/sdalr_PU_final_checkpoint/tools.py:413: RuntimeWarning: invalid value encountered in divide\n"}
,{"stream_name":"stderr","time":4297.849937039,"data":"  per_class_acc = conf_matrix.diagonal() / conf_matrix.sum(axis=1) * 100\n"}
,{"stream_name":"stdout","time":4297.850014733,"data":"未过滤\t未用伪标签：42.55% -\u003e 使用伪标签：42.12%\n"}
,{"stream_name":"stdout","time":4297.850027464,"data":"已过滤\t未用伪标签：42.55% -\u003e 使用伪标签：42.57%\n"}
,{"stream_name":"stdout","time":4297.850032689,"data":"排除样本：64|6000\t剩余：2000, 2527, 1409\n"}
,{"stream_name":"stdout","time":4297.850037521,"data":"增添样本：1645\t\t细则：527, 0, 1118\t正确率估算：98.66%\n"}
,{"stream_name":"stdout","time":4297.850048529,"data":"类型1 正确率： 100.00% -\u003e 1  100.00%, 2    0.00%, 3    0.00%\n"}
,{"stream_name":"stdout","time":4297.850055908,"data":"类型2 正确率：  27.00% -\u003e 1    0.00%, 2   27.22%, 3   72.78%\n"}
,{"stream_name":"stdout","time":4297.850059112,"data":"类型3 正确率：   0.00% -\u003e 1    0.00%, 2  100.00%, 3    0.00%\n"}
,{"stream_name":"stdout","time":4297.850062266,"data":"\n"}
,{"stream_name":"stdout","time":4297.850065159,"data":"被排除样本 正确率：42.19%\n"}
,{"stream_name":"stdout","time":4297.850068144,"data":"类型1 正确率：  42.00% -\u003e 1   42.19%, 2   57.81%\n"}
,{"stream_name":"stdout","time":4297.850074588,"data":"类型2 没有样本或未被分类。\n"}
,{"stream_name":"stdout","time":4297.850109725,"data":"\n"}
,{"stream_name":"stdout","time":4297.850114905,"data":"\n"}
,{"stream_name":"stdout","time":4311.038325238,"data":"轮次:··1/·20 || c_Loss:0.555 || e_Loss:-1.498 || Aad_Loss:-27.483 || 耗时：34.30s\n"}
,{"stream_name":"stdout","time":4324.153266285,"data":"轮次:··2/·20 || c_Loss:0.456 || e_Loss:-0.884 || Aad_Loss:-29.837 || 耗时：13.11s\n"}
,{"stream_name":"stdout","time":4337.18256532,"data":"轮次:··3/·20 || c_Loss:0.407 || e_Loss:-1.744 || Aad_Loss:-27.471 || 耗时：13.03s\n"}
,{"stream_name":"stdout","time":4350.1300305,"data":"轮次:··4/·20 || c_Loss:0.407 || e_Loss:-0.865 || Aad_Loss:-28.219 || 耗时：12.95s\n"}
,{"stream_name":"stdout","time":4363.099930936,"data":"轮次:··5/·20 || c_Loss:0.434 || e_Loss:-1.644 || Aad_Loss:-28.611 || 耗时：12.97s\n"}
,{"stream_name":"stdout","time":4369.095701482,"data":"任务: (B3)N15_M07_F04→(B2)N15_M07_F10; mix批次:····0; 批次:··470/·1880;  总正确率: 39.73%\n"}
,{"stream_name":"stdout","time":4369.095746544,"data":"类型1 正确率： 100.00% -\u003e 1  100.00%, 2    0.00%, 3    0.00%\n"}
,{"stream_name":"stdout","time":4369.095752957,"data":"类型2 正确率：  19.00% -\u003e 1    0.00%, 2   19.20%, 3   80.80%\n"}
,{"stream_name":"stdout","time":4369.095763034,"data":"类型3 正确率：   0.00% -\u003e 1    0.00%, 2  100.00%, 3    0.00%\n"}
,{"stream_name":"stdout","time":4369.095766578,"data":"\n"}
,{"stream_name":"stdout","time":4369.095769801,"data":"\n"}
,{"stream_name":"stdout","time":4369.12710927,"data":"样本变换：reverse\n"}
,{"stream_name":"stdout","time":4372.385590039,"data":"样本变换：mask\n"}
,{"stream_name":"stdout","time":4375.643139058,"data":"样本变换：shift\n"}
,{"stream_name":"stdout","time":4378.931180886,"data":"样本变换：none\n"}
,{"stream_name":"stderr","time":4383.798067429,"data":"/kaggle/working/k10/S08/sdalr_PU_final_checkpoint/tools.py:413: RuntimeWarning: invalid value encountered in divide\n"}
,{"stream_name":"stderr","time":4383.798135335,"data":"  per_class_acc = conf_matrix.diagonal() / conf_matrix.sum(axis=1) * 100\n"}
,{"stream_name":"stdout","time":4383.798165556,"data":"未过滤\t未用伪标签：39.73% -\u003e 使用伪标签：36.93%\n"}
,{"stream_name":"stdout","time":4383.798172875,"data":"已过滤\t未用伪标签：39.41% -\u003e 使用伪标签：37.14%\n"}
,{"stream_name":"stdout","time":4383.798176562,"data":"排除样本：34|6000\t剩余：2000, 2216, 1750\n"}
,{"stream_name":"stdout","time":4383.79818025,"data":"增添样本：682\t\t细则：216, 0, 466\t正确率估算：95.60%\n"}
,{"stream_name":"stdout","time":4383.798184193,"data":"类型1 正确率： 100.00% -\u003e 1  100.00%, 2    0.00%, 3    0.00%\n"}
,{"stream_name":"stdout","time":4383.798188416,"data":"类型2 正确率：  11.00% -\u003e 1    0.00%, 2   10.99%, 3   89.01%\n"}
,{"stream_name":"stdout","time":4383.798192098,"data":"类型3 正确率：   0.00% -\u003e 1    0.00%, 2  100.00%, 3    0.00%\n"}
,{"stream_name":"stdout","time":4383.798195822,"data":"\n"}
,{"stream_name":"stdout","time":4383.798199631,"data":"被排除样本 正确率：97.06%\n"}
,{"stream_name":"stdout","time":4383.798203246,"data":"类型1 正确率：  97.00% -\u003e 1   97.06%, 2    2.94%\n"}
,{"stream_name":"stdout","time":4383.798206861,"data":"类型2 没有样本或未被分类。\n"}
,{"stream_name":"stdout","time":4383.798210814,"data":"\n"}
,{"stream_name":"stdout","time":4383.798223566,"data":"\n"}
,{"stream_name":"stdout","time":4396.725365047,"data":"轮次:··6/·20 || c_Loss:0.360 || e_Loss:-0.917 || Aad_Loss:-30.091 || 耗时：33.63s\n"}
,{"stream_name":"stdout","time":4409.764679295,"data":"轮次:··7/·20 || c_Loss:0.401 || e_Loss:-0.892 || Aad_Loss:-28.879 || 耗时：13.04s\n"}
,{"stream_name":"stdout","time":4422.80590032,"data":"轮次:··8/·20 || c_Loss:0.378 || e_Loss:-0.955 || Aad_Loss:-29.602 || 耗时：13.04s\n"}
,{"stream_name":"stdout","time":4435.811010498,"data":"轮次:··9/·20 || c_Loss:0.368 || e_Loss:-0.944 || Aad_Loss:-30.856 || 耗时：13.00s\n"}
,{"stream_name":"stdout","time":4448.837639503,"data":"轮次:·10/·20 || c_Loss:0.392 || e_Loss:-0.951 || Aad_Loss:-28.579 || 耗时：13.03s\n"}
,{"stream_name":"stdout","time":4454.855423989,"data":"任务: (B3)N15_M07_F04→(B2)N15_M07_F10; mix批次:····0; 批次:··940/·1880;  总正确率: 35.45%\n"}
,{"stream_name":"stdout","time":4454.855449769,"data":"类型1 正确率： 100.00% -\u003e 1  100.00%, 2    0.00%, 3    0.00%\n"}
,{"stream_name":"stdout","time":4454.855454398,"data":"类型2 正确率：   6.00% -\u003e 1    0.00%, 2    6.35%, 3   93.65%\n"}
,{"stream_name":"stdout","time":4454.855457755,"data":"类型3 正确率：   0.00% -\u003e 1    0.00%, 2  100.00%, 3    0.00%\n"}
,{"stream_name":"stdout","time":4454.855475169,"data":"\n"}
,{"stream_name":"stdout","time":4454.855480467,"data":"\n"}
,{"stream_name":"stdout","time":4454.897038121,"data":"样本变换：reverse\n"}
,{"stream_name":"stdout","time":4458.136091454,"data":"样本变换：mask\n"}
,{"stream_name":"stdout","time":4461.40913128,"data":"样本变换：shift\n"}
,{"stream_name":"stdout","time":4464.683119082,"data":"样本变换：none\n"}
,{"stream_name":"stderr","time":4469.26923537,"data":"/usr/local/lib/python3.12/dist-packages/sklearn/metrics/_classification.py:407: UserWarning: A single label was found in 'y_true' and 'y_pred'. For the confusion matrix to have the correct shape, use the 'labels' parameter to pass all known labels.\n"}
,{"stream_name":"stderr","time":4469.269298235,"data":"  warnings.warn(\n"}
,{"stream_name":"stdout","time":4469.269490378,"data":"未过滤\t未用伪标签：35.45% -\u003e 使用伪标签：34.50%\n"}
,{"stream_name":"stdout","time":4469.269509088,"data":"已过滤\t未用伪标签：35.31% -\u003e 使用伪标签：34.57%\n"}
,{"stream_name":"stdout","time":4469.269514985,"data":"排除样本：13|6000\t剩余：2000, 2070, 1917\n"}
,{"stream_name":"stdout","time":4469.269519697,"data":"增添样本：223\t\t细则：70, 0, 153\t正确率估算：97.76%\n"}
,{"stream_name":"stdout","time":4469.269524288,"data":"类型1 正确率： 100.00% -\u003e 1  100.00%, 2    0.00%, 3    0.00%\n"}
,{"stream_name":"stdout","time":4469.269528624,"data":"类型2 正确率：   4.00% -\u003e 1    0.00%, 2    3.52%, 3   96.48%\n"}
,{"stream_name":"stdout","time":4469.269533069,"data":"类型3 正确率：   0.00% -\u003e 1    0.00%, 2  100.00%, 3    0.00%\n"}
,{"stream_name":"stdout","time":4469.269537781,"data":"\n"}
,{"stream_name":"stdout","time":4469.269542097,"data":"被排除样本 正确率：100.00%\n"}
,{"stream_name":"stdout","time":4469.2695462,"data":"类型1 正确率： 100.00% -\u003e 1  100.00%\n"}
,{"stream_name":"stdout","time":4469.269550479,"data":"\n"}
,{"stream_name":"stdout","time":4469.269554404,"data":"\n"}
,{"stream_name":"stdout","time":4482.180947018,"data":"轮次:·11/·20 || c_Loss:0.370 || e_Loss:-0.959 || Aad_Loss:-31.087 || 耗时：33.34s\n"}
,{"stream_name":"stdout","time":4495.141158447,"data":"轮次:·12/·20 || c_Loss:0.393 || e_Loss:-0.975 || Aad_Loss:-30.584 || 耗时：12.96s\n"}
,{"stream_name":"stdout","time":4508.128032874,"data":"轮次:·13/·20 || c_Loss:0.381 || e_Loss:-0.983 || Aad_Loss:-30.492 || 耗时：12.99s\n"}
,{"stream_name":"stdout","time":4521.109064298,"data":"轮次:·14/·20 || c_Loss:0.369 || e_Loss:-1.004 || Aad_Loss:-30.134 || 耗时：12.98s\n"}
,{"stream_name":"stdout","time":4534.086610484,"data":"轮次:·15/·20 || c_Loss:0.386 || e_Loss:-0.964 || Aad_Loss:-30.783 || 耗时：12.98s\n"}
,{"stream_name":"stdout","time":4540.118075657,"data":"任务: (B3)N15_M07_F04→(B2)N15_M07_F10; mix批次:····0; 批次:·1410/·1880;  总正确率: 33.95%\n"}
,{"stream_name":"stdout","time":4540.118120059,"data":"类型1 正确率： 100.00% -\u003e 1  100.00%, 2    0.00%, 3    0.00%\n"}
,{"stream_name":"stdout","time":4540.118128268,"data":"类型2 正确率：   2.00% -\u003e 1    0.00%, 2    1.85%, 3   98.15%\n"}
,{"stream_name":"stdout","time":4540.118134073,"data":"类型3 正确率：   0.00% -\u003e 1    0.00%, 2  100.00%, 3    0.00%\n"}
,{"stream_name":"stdout","time":4540.11813957,"data":"\n"}
,{"stream_name":"stdout","time":4540.118144398,"data":"\n"}
,{"stream_name":"stdout","time":4540.157750695,"data":"样本变换：reverse\n"}
,{"stream_name":"stdout","time":4543.417193883,"data":"样本变换：mask\n"}
,{"stream_name":"stdout","time":4546.68623207,"data":"样本变换：shift\n"}
,{"stream_name":"stdout","time":4549.954184071,"data":"样本变换：none\n"}
,{"stream_name":"stderr","time":4554.523019556,"data":"/usr/local/lib/python3.12/dist-packages/sklearn/metrics/_classification.py:407: UserWarning: A single label was found in 'y_true' and 'y_pred'. For the confusion matrix to have the correct shape, use the 'labels' parameter to pass all known labels.\n"}
,{"stream_name":"stderr","time":4554.523064915,"data":"  warnings.warn(\n"}
,{"stream_name":"stdout","time":4554.52311112,"data":"未过滤\t未用伪标签：33.95% -\u003e 使用伪标签：33.80%\n"}
,{"stream_name":"stdout","time":4554.523125434,"data":"已过滤\t未用伪标签：33.91% -\u003e 使用伪标签：33.82%\n"}
,{"stream_name":"stdout","time":4554.523131342,"data":"排除样本：4|6000\t剩余：2000, 2028, 1968\n"}
,{"stream_name":"stdout","time":4554.523152312,"data":"增添样本：88\t\t细则：28, 0, 60\t正确率估算：100.00%\n"}
,{"stream_name":"stdout","time":4554.523156733,"data":"类型1 正确率： 100.00% -\u003e 1  100.00%, 2    0.00%, 3    0.00%\n"}
,{"stream_name":"stdout","time":4554.523160377,"data":"类型2 正确率：   1.00% -\u003e 1    0.00%, 2    1.40%, 3   98.60%\n"}
,{"stream_name":"stdout","time":4554.523163948,"data":"类型3 正确率：   0.00% -\u003e 1    0.00%, 2  100.00%, 3    0.00%\n"}
,{"stream_name":"stdout","time":4554.523169076,"data":"\n"}
,{"stream_name":"stdout","time":4554.523176,"data":"被排除样本 正确率：100.00%\n"}
,{"stream_name":"stdout","time":4554.523178488,"data":"类型1 正确率： 100.00% -\u003e 1  100.00%\n"}
,{"stream_name":"stdout","time":4554.523180926,"data":"\n"}
,{"stream_name":"stdout","time":4554.523184637,"data":"\n"}
,{"stream_name":"stdout","time":4567.448422559,"data":"轮次:·16/·20 || c_Loss:0.381 || e_Loss:-0.935 || Aad_Loss:-32.534 || 耗时：33.36s\n"}
,{"stream_name":"stdout","time":4580.403752909,"data":"轮次:·17/·20 || c_Loss:0.372 || e_Loss:-0.992 || Aad_Loss:-31.518 || 耗时：12.96s\n"}
,{"stream_name":"stdout","time":4593.387012664,"data":"轮次:·18/·20 || c_Loss:0.380 || e_Loss:-0.967 || Aad_Loss:-31.880 || 耗时：12.98s\n"}
,{"stream_name":"stdout","time":4606.349828067,"data":"轮次:·19/·20 || c_Loss:0.379 || e_Loss:-1.003 || Aad_Loss:-30.310 || 耗时：12.96s\n"}
,{"stream_name":"stdout","time":4619.301038681,"data":"轮次:·20/·20 || c_Loss:0.395 || e_Loss:-0.986 || Aad_Loss:-29.973 || 耗时：12.95s\n"}
,{"stream_name":"stdout","time":4625.308895921,"data":"任务: (B3)N15_M07_F04→(B2)N15_M07_F10; mix批次:····0; 批次:·1880/·1880;  总正确率: 33.47%\n"}
,{"stream_name":"stdout","time":4625.308932865,"data":"类型1 正确率： 100.00% -\u003e 1  100.00%, 2    0.00%, 3    0.00%\n"}
,{"stream_name":"stdout","time":4625.308940042,"data":"类型2 正确率：   0.00% -\u003e 1    0.00%, 2    0.40%, 3   99.60%\n"}
,{"stream_name":"stdout","time":4625.308952117,"data":"类型3 正确率：   0.00% -\u003e 1    0.00%, 2  100.00%, 3    0.00%\n"}
,{"stream_name":"stdout","time":4625.308957322,"data":"\n"}
,{"stream_name":"stdout","time":4625.308960815,"data":"\n"}
,{"stream_name":"stdout","time":4631.29584759,"data":"测试集任务: (B3)N15_M07_F04→(B2)N15_M07_F10; 总正确率 = 33.47%\n"}
,{"stream_name":"stdout","time":4631.295906363,"data":"类型1 正确率： 100.00% -\u003e 1  100.00%, 2    0.00%, 3    0.00%\n"}
,{"stream_name":"stdout","time":4631.295916724,"data":"类型2 正确率：   0.00% -\u003e 1    0.00%, 2    0.40%, 3   99.60%\n"}
,{"stream_name":"stdout","time":4631.295921895,"data":"类型3 正确率：   0.00% -\u003e 1    0.00%, 2  100.00%, 3    0.00%\n"}
,{"stream_name":"stdout","time":4631.295927342,"data":"\n"}
,{"stream_name":"stdout","time":4631.295932758,"data":"\n"}
,{"stream_name":"stdout","time":4631.322506358,"data":"[tar_adaptation_RES_PU.py --folder_root /kaggle/working/k10/S08/sdalr_PU_final_checkpoint/DATA_foldS08c --seed 2024 --class_num 3 --data_name PU_M1_L3 --output /kaggle/working/k10/S08/weight_PU_M1_final_checkpoint_FS08toS08c_s2024 --s 2 --t 1 --lr 0.0005 --threshold 0.4 --K 0.6] 360s\n"}
,{"stream_name":"stdout","time":4631.339775717,"data":"{\n"}
,{"stream_name":"stdout","time":4631.339793025,"data":"  \"dataset\": \"PU_M1\",\n"}
,{"stream_name":"stdout","time":4631.339798419,"data":"  \"variant\": \"final_checkpoint\",\n"}
,{"stream_name":"stdout","time":4631.339803279,"data":"  \"seed\": 2024,\n"}
,{"stream_name":"stdout","time":4631.3398077,"data":"  \"smoke\": false,\n"}
,{"stream_name":"stdout","time":4631.339820775,"data":"  \"src_fold\": \"S08\",\n"}
,{"stream_name":"stdout","time":4631.339824457,"data":"  \"tgt_fold\": \"S08c\",\n"}
,{"stream_name":"stdout","time":4631.339827838,"data":"  \"leaky\": false,\n"}
,{"stream_name":"stdout","time":4631.339831184,"data":"  \"hyperparameters\": {\n"}
,{"stream_name":"stdout","time":4631.339834844,"data":"    \"lr\": \"0.0005\",\n"}
,{"stream_name":"stdout","time":4631.339838292,"data":"    \"threshold\": \"0.4\",\n"}
,{"stream_name":"stdout","time":4631.339842063,"data":"    \"K\": \"0.6\"\n"}
,{"stream_name":"stdout","time":4631.33984557,"data":"  },\n"}
,{"stream_name":"stdout","time":4631.339848921,"data":"  \"adapters\": [\n"}
,{"stream_name":"stdout","time":4631.339852249,"data":"    \"npz_io\",\n"}
,{"stream_name":"stdout","time":4631.339855747,"data":"    \"tsne_stub\",\n"}
,{"stream_name":"stdout","time":4631.339859293,"data":"    \"final_checkpoint_patch\"\n"}
,{"stream_name":"stdout","time":4631.339863064,"data":"  ],\n"}
,{"stream_name":"stdout","time":4631.339866609,"data":"  \"source_only\": {},\n"}
,{"stream_name":"stdout","time":4631.339870046,"data":"  \"adapted\": {\n"}
,{"stream_name":"stdout","time":4631.339873454,"data":"    \"A1-\u003eA3\": 33.33,\n"}
,{"stream_name":"stdout","time":4631.339877571,"data":"    \"A1-\u003eA2\": 37.88,\n"}
,{"stream_name":"stdout","time":4631.339881033,"data":"    \"A3-\u003eA1\": 40.98,\n"}
,{"stream_name":"stdout","time":4631.339884509,"data":"    \"A3-\u003eA2\": 38.47,\n"}
,{"stream_name":"stdout","time":4631.339887742,"data":"    \"A2-\u003eA1\": 41.73,\n"}
,{"stream_name":"stdout","time":4631.339891174,"data":"    \"A2-\u003eA3\": 33.47\n"}
,{"stream_name":"stdout","time":4631.339894692,"data":"  },\n"}
,{"stream_name":"stdout","time":4631.3398981,"data":"  \"seconds\": {\n"}
,{"stream_name":"stdout","time":4631.339901513,"data":"    \"A1-\u003eA3\": 359,\n"}
,{"stream_name":"stdout","time":4631.339904972,"data":"    \"A1-\u003eA2\": 360,\n"}
,{"stream_name":"stdout","time":4631.339908447,"data":"    \"A3-\u003eA1\": 361,\n"}
,{"stream_name":"stdout","time":4631.339911993,"data":"    \"A3-\u003eA2\": 359,\n"}
,{"stream_name":"stdout","time":4631.33991534,"data":"    \"A2-\u003eA1\": 362,\n"}
,{"stream_name":"stdout","time":4631.339918518,"data":"    \"A2-\u003eA3\": 360\n"}
,{"stream_name":"stdout","time":4631.339922157,"data":"  },\n"}
,{"stream_name":"stdout","time":4631.339925324,"data":"  \"gate_log\": {\n"}
,{"stream_name":"stdout","time":4631.339935459,"data":"    \"A1-\u003eA3\": [],\n"}
,{"stream_name":"stdout","time":4631.339938985,"data":"    \"A1-\u003eA2\": [],\n"}
,{"stream_name":"stdout","time":4631.339942454,"data":"    \"A3-\u003eA1\": [],\n"}
,{"stream_name":"stdout","time":4631.339945978,"data":"    \"A3-\u003eA2\": [],\n"}
,{"stream_name":"stdout","time":4631.339949322,"data":"    \"A2-\u003eA1\": [],\n"}
,{"stream_name":"stdout","time":4631.339953033,"data":"    \"A2-\u003eA3\": []\n"}
,{"stream_name":"stdout","time":4631.339956681,"data":"  },\n"}
,{"stream_name":"stdout","time":4631.33996,"data":"  \"gate\": \"none\"\n"}
,{"stream_name":"stdout","time":4631.339963951,"data":"}\n"}
,{"stream_name":"stdout","time":4632.45115558,"data":"RUN /usr/bin/python3 -u /kaggle/input/datasets/rafiurrahman01/physgate-m0-code/sdalr_runner.py --sdalr /kaggle/input/datasets/rafiurrahman01/physgate-m0-code --m0 /kaggle/input/physgate-k10-g4 --dataset PU_M1 --src-fold S08 --tgt-fold S08c --variant final_checkpoint --work /kaggle/working/k10/S08 --seed 2024 --gate pcv --gate-verdicts /kaggle/input/datasets/rafiurrahman01/physgate-m0-code/gate_verdicts.json --skip-pretrain\n"}
,{"stream_name":"stdout","time":4637.756673551,"data":"读取源域路径：/kaggle/working/k10/S08/weight_PU_M1_final_checkpoint_FS08toS08c_gatepcv_s2024/NEW_PU/Source-源域/log\u0026pt/(B1)N15_M01_F10\n"}
,{"stream_name":"stdout","time":4637.75670664,"data":"excel输出位置：/kaggle/working/k10/S08/weight_PU_M1_final_checkpoint_FS08toS08c_gatepcv_s2024/NEW_PU/Target-目标域\n"}
,{"stream_name":"stdout","time":4637.757162266,"data":"特征图片输出位置：/kaggle/working/k10/S08/weight_PU_M1_final_checkpoint_FS08toS08c_gatepcv_s2024/NEW_PU/Picture-特征图/2026年09月19日09时32分/(B1)N15_M01_F10\n"}
,{"stream_name":"stderr","time":4638.08449331,"data":"/usr/local/lib/python3.12/dist-packages/torch/nn/utils/weight_norm.py:144: FutureWarning: `torch.nn.utils.weight_norm` is deprecated in favor of `torch.nn.utils.parametrizations.weight_norm`.\n"}
,{"stream_name":"stderr","time":4638.084547804,"data":"  WeightNorm.apply(module, name, dim)\n"}
,{"stream_name":"stdout","time":4638.125701257,"data":"现在选取:(B1)N15_M01_F10 进行训练的源模型\n"}
,{"stream_name":"stdout","time":4638.125739487,"data":"现在进行：(B1)N15_M01_F10→(B2)N15_M07_F10 的迁移任务\n"}
,{"stream_name":"stdout","time":4638.125744376,"data":"log\u0026pt输出位置：/kaggle/working/k10/S08/weight_PU_M1_final_checkpoint_FS08toS08c_gatepcv_s2024/NEW_PU/Target-目标域/log\u0026pt/(B1)N15_M01_F10→(B2)N15_M07_F10\n"}
,{"stream_name":"stderr","time":4638.126977762,"data":"sh: 1: Syntax error: word unexpected (expecting \")\")\n"}
,{"stream_name":"stdout","time":4649.301953359,"data":"任务: (B1)N15_M01_F10→(B2)N15_M07_F10; 批次:····0/·1880;  总正确率: 36.93%\n"}
,{"stream_name":"stdout","time":4649.301996033,"data":"类型1 正确率： 100.00% -\u003e 1  100.00%, 2    0.00%, 3    0.00%\n"}
,{"stream_name":"stdout","time":4649.302001436,"data":"类型2 正确率：  11.00% -\u003e 1    0.00%, 2   10.80%, 3   89.20%\n"}
,{"stream_name":"stdout","time":4649.302005148,"data":"类型3 正确率：   0.00% -\u003e 1    0.00%, 2  100.00%, 3    0.00%\n"}
,{"stream_name":"stdout","time":4649.302008359,"data":"\n"}
,{"stream_name":"stdout","time":4649.302011691,"data":"\n"}
,{"stream_name":"stdout","time":4649.302620498,"data":"样本变换：reverse\n"}
,{"stream_name":"stdout","time":4652.610119451,"data":"样本变换：mask\n"}
,{"stream_name":"stdout","time":4655.859150642,"data":"样本变换：shift\n"}
,{"stream_name":"stdout","time":4659.14316138,"data":"样本变换：none\n"}
,{"stream_name":"stderr","time":4664.16197856,"data":"/kaggle/working/k10/S08/sdalr_PU_final_checkpoint/tools.py:413: RuntimeWarning: invalid value encountered in divide\n"}
,{"stream_name":"stderr","time":4664.162020451,"data":"  per_class_acc = conf_matrix.diagonal() / conf_matrix.sum(axis=1) * 100\n"}
,{"stream_name":"stdout","time":4664.162061274,"data":"未过滤\t未用伪标签：36.93% -\u003e 使用伪标签：36.00%\n"}
,{"stream_name":"stdout","time":4664.162069969,"data":"已过滤\t未用伪标签：36.72% -\u003e 使用伪标签：36.41%\n"}
,{"stream_name":"stdout","time":4664.162093821,"data":"排除样本：68|6000\t剩余：2000, 2160, 1772\n"}
,{"stream_name":"stdout","time":4664.162100496,"data":"增添样本：2567\t\t细则：0, 1840, 727\t正确率估算：93.35%\n"}
,{"stream_name":"stdout","time":4664.162105292,"data":"类型1 正确率： 100.00% -\u003e 1  100.00%, 2    0.00%, 3    0.00%\n"}
,{"stream_name":"stdout","time":4664.162109821,"data":"类型2 正确率：   8.00% -\u003e 1    0.00%, 2    8.28%, 3   91.72%\n"}
,{"stream_name":"stdout","time":4664.162114301,"data":"类型3 正确率：   0.00% -\u003e 1    0.00%, 2  100.00%, 3    0.00%\n"}
,{"stream_name":"stdout","time":4664.162135704,"data":"\n"}
,{"stream_name":"stdout","time":4664.162149619,"data":"被排除样本 正确率：55.88%\n"}
,{"stream_name":"stdout","time":4664.162153624,"data":"类型1 正确率：  56.00% -\u003e 1   55.88%, 2   44.12%\n"}
,{"stream_name":"stdout","time":4664.162157966,"data":"类型2 没有样本或未被分类。\n"}
,{"stream_name":"stdout","time":4664.162162008,"data":"\n"}
,{"stream_name":"stdout","time":4664.162165628,"data":"\n"}
,{"stream_name":"stdout","time":4677.666965318,"data":"轮次:··1/·20 || c_Loss:0.393 || e_Loss:-1.493 || Aad_Loss:-23.310 || 耗时：34.50s\n"}
,{"stream_name":"stdout","time":4690.966517201,"data":"轮次:··2/·20 || c_Loss:0.528 || e_Loss:-1.571 || Aad_Loss:-15.222 || 耗时：13.30s\n"}
,{"stream_name":"stdout","time":4704.099617931,"data":"轮次:··3/·20 || c_Loss:0.403 || e_Loss:-1.441 || Aad_Loss:-21.000 || 耗时：13.13s\n"}
,{"stream_name":"stdout","time":4716.987412551,"data":"轮次:··4/·20 || c_Loss:0.398 || e_Loss:-1.464 || Aad_Loss:-23.666 || 耗时：12.89s\n"}
,{"stream_name":"stdout","time":4729.816432851,"data":"轮次:··5/·20 || c_Loss:0.352 || e_Loss:-1.490 || Aad_Loss:-32.215 || 耗时：12.83s\n"}
,{"stream_name":"stdout","time":4735.769730158,"data":"任务: (B1)N15_M01_F10→(B2)N15_M07_F10; mix批次:····0; 批次:··470/·1880;  总正确率: 54.33%\n"}
,{"stream_name":"stdout","time":4735.769760823,"data":"类型1 正确率： 100.00% -\u003e 1  100.00%, 2    0.00%, 3    0.00%\n"}
,{"stream_name":"stdout","time":4735.769767967,"data":"类型2 正确率：  15.00% -\u003e 1    0.00%, 2   15.30%, 3   84.70%\n"}
,{"stream_name":"stdout","time":4735.769773629,"data":"类型3 正确率：  48.00% -\u003e 1   15.60%, 2   36.70%, 3   47.70%\n"}
,{"stream_name":"stdout","time":4735.769778985,"data":"\n"}
,{"stream_name":"stdout","time":4735.76978379,"data":"\n"}
,{"stream_name":"stdout","time":4735.800186967,"data":"样本变换：reverse\n"}
,{"stream_name":"stdout","time":4739.022171828,"data":"样本变换：mask\n"}
,{"stream_name":"stdout","time":4742.291150699,"data":"样本变换：shift\n"}
,{"stream_name":"stdout","time":4745.577166954,"data":"样本变换：none\n"}
,{"stream_name":"stderr","time":4750.202487274,"data":"/kaggle/working/k10/S08/sdalr_PU_final_checkpoint/tools.py:413: RuntimeWarning: invalid value encountered in divide\n"}
,{"stream_name":"stderr","time":4750.202528397,"data":"  per_class_acc = conf_matrix.diagonal() / conf_matrix.sum(axis=1) * 100\n"}
,{"stream_name":"stdout","time":4750.202686004,"data":"未过滤\t未用伪标签：54.33% -\u003e 使用伪标签：49.92%\n"}
,{"stream_name":"stdout","time":4750.202700926,"data":"已过滤\t未用伪标签：54.34% -\u003e 使用伪标签：50.23%\n"}
,{"stream_name":"stdout","time":4750.202706248,"data":"排除样本：37|6000\t剩余：2016, 996, 2951\n"}
,{"stream_name":"stdout","time":4750.202711295,"data":"增添样本：2611\t\t细则：315, 2296, 0\t正确率估算：100.00%\n"}
,{"stream_name":"stdout","time":4750.202721021,"data":"类型1 正确率： 100.00% -\u003e 1  100.00%, 2    0.00%, 3    0.00%\n"}
,{"stream_name":"stdout","time":4750.202724883,"data":"类型2 正确率：   1.00% -\u003e 1    0.00%, 2    0.95%, 3   99.05%\n"}
,{"stream_name":"stdout","time":4750.202728018,"data":"类型3 正确率：  50.00% -\u003e 1    0.81%, 2   49.62%, 3   49.57%\n"}
,{"stream_name":"stdout","time":4750.202731247,"data":"\n"}
,{"stream_name":"stdout","time":4750.202734294,"data":"被排除样本 正确率：54.05%\n"}
,{"stream_name":"stdout","time":4750.202737304,"data":"类型1 没有样本或未被分类。\n"}
,{"stream_name":"stdout","time":4750.202773169,"data":"类型2 正确率： 100.00% -\u003e 1    0.00%, 2  100.00%, 3    0.00%\n"}
,{"stream_name":"stdout","time":4750.202778291,"data":"类型3 正确率：  45.00% -\u003e 1    3.23%, 2   51.61%, 3   45.16%\n"}
,{"stream_name":"stdout","time":4750.202781989,"data":"\n"}
,{"stream_name":"stdout","time":4750.202785192,"data":"\n"}
,{"stream_name":"stdout","time":4763.187002005,"data":"轮次:··6/·20 || c_Loss:0.402 || e_Loss:-1.401 || Aad_Loss:-36.659 || 耗时：33.37s\n"}
,{"stream_name":"stdout","time":4776.391193254,"data":"轮次:··7/·20 || c_Loss:0.385 || e_Loss:-1.429 || Aad_Loss:-32.436 || 耗时：13.20s\n"}
,{"stream_name":"stdout","time":4789.532665662,"data":"轮次:··8/·20 || c_Loss:0.364 || e_Loss:-1.463 || Aad_Loss:-34.764 || 耗时：13.14s\n"}
,{"stream_name":"stdout","time":4802.606588581,"data":"轮次:··9/·20 || c_Loss:0.388 || e_Loss:-1.445 || Aad_Loss:-35.611 || 耗时：13.07s\n"}
,{"stream_name":"stdout","time":4815.644877821,"data":"轮次:·10/·20 || c_Loss:0.366 || e_Loss:-1.394 || Aad_Loss:-32.704 || 耗时：13.04s\n"}
,{"stream_name":"stdout","time":4821.635044362,"data":"任务: (B1)N15_M01_F10→(B2)N15_M07_F10; mix批次:····0; 批次:··940/·1880;  总正确率: 64.02%\n"}
,{"stream_name":"stdout","time":4821.635105535,"data":"类型1 正确率： 100.00% -\u003e 1  100.00%, 2    0.00%, 3    0.00%\n"}
,{"stream_name":"stdout","time":4821.635114885,"data":"类型2 正确率：   6.00% -\u003e 1    0.00%, 2    6.45%, 3   93.55%\n"}
,{"stream_name":"stdout","time":4821.63511981,"data":"类型3 正确率：  86.00% -\u003e 1    1.40%, 2   13.00%, 3   85.60%\n"}
,{"stream_name":"stdout","time":4821.635124339,"data":"\n"}
,{"stream_name":"stdout","time":4821.635128528,"data":"\n"}
,{"stream_name":"stdout","time":4821.676855232,"data":"样本变换：reverse\n"}
,{"stream_name":"stdout","time":4824.906134889,"data":"样本变换：mask\n"}
,{"stream_name":"stdout","time":4828.147214392,"data":"样本变换：shift\n"}
,{"stream_name":"stdout","time":4831.417208853,"data":"样本变换：none\n"}
,{"stream_name":"stderr","time":4836.268445906,"data":"/kaggle/working/k10/S08/sdalr_PU_final_checkpoint/tools.py:413: RuntimeWarning: invalid value encountered in divide\n"}
,{"stream_name":"stderr","time":4836.268489093,"data":"  per_class_acc = conf_matrix.diagonal() / conf_matrix.sum(axis=1) * 100\n"}
,{"stream_name":"stdout","time":4836.268560761,"data":"未过滤\t未用伪标签：64.02% -\u003e 使用伪标签：56.75%\n"}
,{"stream_name":"stdout","time":4836.2685757,"data":"已过滤\t未用伪标签：63.81% -\u003e 使用伪标签：57.39%\n"}
,{"stream_name":"stdout","time":4836.268584489,"data":"排除样本：67|6000\t剩余：2000, 851, 3082\n"}
,{"stream_name":"stdout","time":4836.268594829,"data":"增添样本：3026\t\t细则：590, 2436, 0\t正确率估算：93.68%\n"}
,{"stream_name":"stdout","time":4836.268598493,"data":"类型1 正确率： 100.00% -\u003e 1  100.00%, 2    0.00%, 3    0.00%\n"}
,{"stream_name":"stdout","time":4836.268601846,"data":"类型2 正确率：   8.00% -\u003e 1    0.00%, 2    7.76%, 3   92.24%\n"}
,{"stream_name":"stdout","time":4836.268604886,"data":"类型3 正确率：  64.00% -\u003e 1    0.00%, 2   35.78%, 3   64.22%\n"}
,{"stream_name":"stdout","time":4836.268608094,"data":"\n"}
,{"stream_name":"stdout","time":4836.26861104,"data":"被排除样本 正确率：82.09%\n"}
,{"stream_name":"stdout","time":4836.268614006,"data":"类型1 没有样本或未被分类。\n"}
,{"stream_name":"stdout","time":4836.268616961,"data":"类型2 正确率：  27.00% -\u003e 1    0.00%, 2   26.67%, 3   73.33%\n"}
,{"stream_name":"stdout","time":4836.268684974,"data":"类型3 正确率：  98.00% -\u003e 1    1.92%, 2    0.00%, 3   98.08%\n"}
,{"stream_name":"stdout","time":4836.268690362,"data":"\n"}
,{"stream_name":"stdout","time":4836.268694857,"data":"\n"}
,{"stream_name":"stdout","time":4849.07063071,"data":"轮次:·11/·20 || c_Loss:0.378 || e_Loss:-1.484 || Aad_Loss:-38.349 || 耗时：33.43s\n"}
,{"stream_name":"stdout","time":4861.961478274,"data":"轮次:·12/·20 || c_Loss:0.379 || e_Loss:-1.417 || Aad_Loss:-36.141 || 耗时：12.89s\n"}
,{"stream_name":"stdout","time":4874.974138921,"data":"轮次:·13/·20 || c_Loss:0.381 || e_Loss:-1.367 || Aad_Loss:-36.224 || 耗时：13.01s\n"}
,{"stream_name":"stdout","time":4888.153134413,"data":"轮次:·14/·20 || c_Loss:0.421 || e_Loss:-1.460 || Aad_Loss:-32.955 || 耗时：13.18s\n"}
,{"stream_name":"stdout","time":4901.342903037,"data":"轮次:·15/·20 || c_Loss:0.362 || e_Loss:-1.367 || Aad_Loss:-37.693 || 耗时：13.19s\n"}
,{"stream_name":"stdout","time":4907.401837369,"data":"任务: (B1)N15_M01_F10→(B2)N15_M07_F10; mix批次:····0; 批次:·1410/·1880;  总正确率: 66.13%\n"}
,{"stream_name":"stdout","time":4907.401884776,"data":"类型1 正确率： 100.00% -\u003e 1  100.00%, 2    0.00%, 3    0.00%\n"}
,{"stream_name":"stdout","time":4907.401891961,"data":"类型2 正确率：  13.00% -\u003e 1    0.00%, 2   12.65%, 3   87.35%\n"}
,{"stream_name":"stdout","time":4907.401897596,"data":"类型3 正确率：  86.00% -\u003e 1    1.05%, 2   13.20%, 3   85.75%\n"}
,{"stream_name":"stdout","time":4907.401903046,"data":"\n"}
,{"stream_name":"stdout","time":4907.401908121,"data":"\n"}
,{"stream_name":"stdout","time":4907.44244928,"data":"样本变换：reverse\n"}
,{"stream_name":"stdout","time":4910.674148652,"data":"样本变换：mask\n"}
,{"stream_name":"stdout","time":4913.934160887,"data":"样本变换：shift\n"}
,{"stream_name":"stdout","time":4917.17315417,"data":"样本变换：none\n"}
,{"stream_name":"stdout","time":4922.184097773,"data":"未过滤\t未用伪标签：66.13% -\u003e 使用伪标签：59.73%\n"}
,{"stream_name":"stdout","time":4922.184142719,"data":"已过滤\t未用伪标签：65.87% -\u003e 使用伪标签：60.41%\n"}
,{"stream_name":"stdout","time":4922.184147828,"data":"排除样本：67|6000\t剩余：2000, 830, 3103\n"}
,{"stream_name":"stdout","time":4922.184151223,"data":"增添样本：3153\t\t细则：692, 2461, 0\t正确率估算：98.27%\n"}
,{"stream_name":"stdout","time":4922.184154702,"data":"类型1 正确率： 100.00% -\u003e 1  100.00%, 2    0.00%, 3    0.00%\n"}
,{"stream_name":"stdout","time":4922.184157962,"data":"类型2 正确率：  12.00% -\u003e 1    0.00%, 2   11.66%, 3   88.34%\n"}
,{"stream_name":"stdout","time":4922.184161336,"data":"类型3 正确率：  69.00% -\u003e 1    0.00%, 2   30.69%, 3   69.31%\n"}
,{"stream_name":"stdout","time":4922.184164401,"data":"\n"}
,{"stream_name":"stdout","time":4922.184167384,"data":"被排除样本 正确率：89.55%\n"}
,{"stream_name":"stdout","time":4922.184170736,"data":"类型1 正确率：  63.00% -\u003e 1   63.16%, 2   36.84%\n"}
,{"stream_name":"stdout","time":4922.184190416,"data":"类型2 正确率： 100.00% -\u003e 1    0.00%, 2  100.00%\n"}
,{"stream_name":"stdout","time":4922.184195522,"data":"\n"}
,{"stream_name":"stdout","time":4922.184200284,"data":"\n"}
,{"stream_name":"stdout","time":4935.018228654,"data":"轮次:·16/·20 || c_Loss:0.400 || e_Loss:-1.444 || Aad_Loss:-33.608 || 耗时：33.68s\n"}
,{"stream_name":"stdout","time":4947.86288197,"data":"轮次:·17/·20 || c_Loss:0.391 || e_Loss:-1.443 || Aad_Loss:-36.152 || 耗时：12.84s\n"}
,{"stream_name":"stdout","time":4960.754636857,"data":"轮次:·18/·20 || c_Loss:0.388 || e_Loss:-1.461 || Aad_Loss:-39.361 || 耗时：12.89s\n"}
,{"stream_name":"stdout","time":4973.770510899,"data":"轮次:·19/·20 || c_Loss:0.351 || e_Loss:-1.411 || Aad_Loss:-37.572 || 耗时：13.02s\n"}
,{"stream_name":"stdout","time":4986.858485102,"data":"轮次:·20/·20 || c_Loss:0.396 || e_Loss:-1.414 || Aad_Loss:-35.259 || 耗时：13.09s\n"}
,{"stream_name":"stdout","time":4992.895183795,"data":"任务: (B1)N15_M01_F10→(B2)N15_M07_F10; mix批次:····0; 批次:·1880/·1880;  总正确率: 67.38%\n"}
,{"stream_name":"stdout","time":4992.895215378,"data":"类型1 正确率： 100.00% -\u003e 1  100.00%, 2    0.00%, 3    0.00%\n"}
,{"stream_name":"stdout","time":4992.895222511,"data":"类型2 正确率：  17.00% -\u003e 1    0.00%, 2   16.55%, 3   83.45%\n"}
,{"stream_name":"stdout","time":4992.895228352,"data":"类型3 正确率：  86.00% -\u003e 1    1.00%, 2   13.40%, 3   85.60%\n"}
,{"stream_name":"stdout","time":4992.895236869,"data":"\n"}
,{"stream_name":"stdout","time":4992.895242183,"data":"\n"}
,{"stream_name":"stdout","time":4998.868732242,"data":"测试集任务: (B1)N15_M01_F10→(B2)N15_M07_F10; 总正确率 = 67.38%\n"}
,{"stream_name":"stdout","time":4998.868768864,"data":"类型1 正确率： 100.00% -\u003e 1  100.00%, 2    0.00%, 3    0.00%\n"}
,{"stream_name":"stdout","time":4998.868782755,"data":"类型2 正确率：  17.00% -\u003e 1    0.00%, 2   16.55%, 3   83.45%\n"}
,{"stream_name":"stdout","time":4998.868786872,"data":"类型3 正确率：  86.00% -\u003e 1    1.00%, 2   13.40%, 3   85.60%\n"}
,{"stream_name":"stdout","time":4998.868790675,"data":"\n"}
,{"stream_name":"stdout","time":4998.868794098,"data":"\n"}
,{"stream_name":"stdout","time":4998.888803789,"data":"[tar_adaptation_RES_PU.py --folder_root /kaggle/working/k10/S08/sdalr_PU_final_checkpoint/DATA_foldS08c --seed 2024 --class_num 3 --data_name PU_M1_L3 --output /kaggle/working/k10/S08/weight_PU_M1_final_checkpoint_FS08toS08c_gatepcv_s2024 --s 0 --t 1 --lr 0.0005 --threshold 0.4 --K 0.6] 361s\n"}
,{"stream_name":"stdout","time":4998.924471511,"data":"读取源域路径：/kaggle/working/k10/S08/weight_PU_M1_final_checkpoint_FS08toS08c_gatepcv_s2024/NEW_PU/Source-源域/log\u0026pt/(B1)N15_M01_F10\n"}
,{"stream_name":"stdout","time":4998.92449066,"data":"excel输出位置：/kaggle/working/k10/S08/weight_PU_M1_final_checkpoint_FS08toS08c_gatepcv_s2024/NEW_PU/Target-目标域\n"}
,{"stream_name":"stdout","time":4998.924606257,"data":"特征图片输出位置：/kaggle/working/k10/S08/weight_PU_M1_final_checkpoint_FS08toS08c_gatepcv_s2024/NEW_PU/Picture-特征图/2026年09月19日09时38分/(B1)N15_M01_F10\n"}
,{"stream_name":"stderr","time":4998.958577761,"data":"/usr/local/lib/python3.12/dist-packages/torch/nn/utils/weight_norm.py:144: FutureWarning: `torch.nn.utils.weight_norm` is deprecated in favor of `torch.nn.utils.parametrizations.weight_norm`.\n"}
,{"stream_name":"stderr","time":4998.95860052,"data":"  WeightNorm.apply(module, name, dim)\n"}
,{"stream_name":"stdout","time":4998.996017538,"data":"现在选取:(B1)N15_M01_F10 进行训练的源模型\n"}
,{"stream_name":"stdout","time":4998.99603788,"data":"现在进行：(B1)N15_M01_F10→(B3)N15_M07_F04 的迁移任务\n"}
,{"stream_name":"stdout","time":4998.996043767,"data":"log\u0026pt输出位置：/kaggle/working/k10/S08/weight_PU_M1_final_checkpoint_FS08toS08c_gatepcv_s2024/NEW_PU/Target-目标域/log\u0026pt/(B1)N15_M01_F10→(B3)N15_M07_F04\n"}
,{"stream_name":"stderr","time":4998.99743643,"data":"sh: 1: Syntax error: word unexpected (expecting \")\")\n"}
,{"stream_name":"stdout","time":5009.929138455,"data":"任务: (B1)N15_M01_F10→(B3)N15_M07_F04; 批次:····0/·1880;  总正确率: 40.92%\n"}
,{"stream_name":"stdout","time":5009.929184081,"data":"类型1 正确率： 100.00% -\u003e 1  100.00%, 2    0.00%, 3    0.00%\n"}
,{"stream_name":"stdout","time":5009.929189387,"data":"类型2 正确率：   7.00% -\u003e 1    3.60%, 2    7.15%, 3   89.25%\n"}
,{"stream_name":"stdout","time":5009.929193337,"data":"类型3 正确率：  16.00% -\u003e 1    6.80%, 2   77.60%, 3   15.60%\n"}
,{"stream_name":"stdout","time":5009.929197159,"data":"\n"}
,{"stream_name":"stdout","time":5009.929200661,"data":"\n"}
,{"stream_name":"stdout","time":5009.929672539,"data":"样本变换：reverse\n"}
,{"stream_name":"stdout","time":5013.132221882,"data":"样本变换：mask\n"}
,{"stream_name":"stdout","time":5016.370176015,"data":"样本变换：shift\n"}
,{"stream_name":"stdout","time":5019.603149383,"data":"样本变换：none\n"}
,{"stream_name":"stderr","time":5024.638663112,"data":"/kaggle/working/k10/S08/sdalr_PU_final_checkpoint/tools.py:413: RuntimeWarning: invalid value encountered in divide\n"}
,{"stream_name":"stderr","time":5024.638697493,"data":"  per_class_acc = conf_matrix.diagonal() / conf_matrix.sum(axis=1) * 100\n"}
,{"stream_name":"stdout","time":5024.638881313,"data":"未过滤\t未用伪标签：40.92% -\u003e 使用伪标签：39.05%\n"}
,{"stream_name":"stdout","time":5024.638898402,"data":"已过滤\t未用伪标签：40.88% -\u003e 使用伪标签：39.33%\n"}
,{"stream_name":"stdout","time":5024.638903896,"data":"排除样本：43|6000\t剩余：2000, 2342, 1615\n"}
,{"stream_name":"stdout","time":5024.638908793,"data":"增添样本：1060\t\t细则：292, 0, 768\t正确率估算：99.72%\n"}
,{"stream_name":"stdout","time":5024.638915347,"data":"类型1 正确率： 100.00% -\u003e 1  100.00%, 2    0.00%, 3    0.00%\n"}
,{"stream_name":"stdout","time":5024.638922072,"data":"类型2 正确率：  18.00% -\u003e 1    0.00%, 2   17.52%, 3   82.48%\n"}
,{"stream_name":"stdout","time":5024.638926865,"data":"类型3 正确率：   0.00% -\u003e 1    0.00%, 2  100.00%, 3    0.00%\n"}
,{"stream_name":"stdout","time":5024.638931969,"data":"\n"}
,{"stream_name":"stdout","time":5024.638936367,"data":"被排除样本 正确率：46.51%\n"}
,{"stream_name":"stdout","time":5024.638941251,"data":"类型1 没有样本或未被分类。\n"}
,{"stream_name":"stdout","time":5024.638945901,"data":"类型2 正确率：  45.00% -\u003e 1    4.76%, 2   45.24%, 3   50.00%\n"}
,{"stream_name":"stdout","time":5024.638950245,"data":"类型3 正确率： 100.00% -\u003e 1    0.00%, 2    0.00%, 3  100.00%\n"}
,{"stream_name":"stdout","time":5024.638954965,"data":"\n"}
,{"stream_name":"stdout","time":5024.63895935,"data":"\n"}
,{"stream_name":"stdout","time":5037.802330534,"data":"轮次:··1/·20 || c_Loss:0.576 || e_Loss:-1.029 || Aad_Loss:-29.469 || 耗时：33.73s\n"}
,{"stream_name":"stdout","time":5051.023310051,"data":"轮次:··2/·20 || c_Loss:0.377 || e_Loss:-1.593 || Aad_Loss:-29.609 || 耗时：13.22s\n"}
,{"stream_name":"stdout","time":5064.12341857,"data":"轮次:··3/·20 || c_Loss:0.330 || e_Loss:-1.601 || Aad_Loss:-29.661 || 耗时：13.10s\n"}
,{"stream_name":"stdout","time":5077.087555086,"data":"轮次:··4/·20 || c_Loss:0.351 || e_Loss:-0.872 || Aad_Loss:-29.283 || 耗时：12.96s\n"}
,{"stream_name":"stdout","time":5089.97922143,"data":"轮次:··5/·20 || c_Loss:0.367 || e_Loss:-1.452 || Aad_Loss:-29.817 || 耗时：12.89s\n"}
,{"stream_name":"stdout","time":5095.946184985,"data":"任务: (B1)N15_M01_F10→(B3)N15_M07_F04; mix批次:····0; 批次:··470/·1880;  总正确率: 39.43%\n"}
,{"stream_name":"stdout","time":5095.946215116,"data":"类型1 正确率： 100.00% -\u003e 1  100.00%, 2    0.00%, 3    0.00%\n"}
,{"stream_name":"stdout","time":5095.946221015,"data":"类型2 正确率：  18.00% -\u003e 1    0.00%, 2   18.30%, 3   81.70%\n"}
,{"stream_name":"stdout","time":5095.946237567,"data":"类型3 正确率：   0.00% -\u003e 1    0.00%, 2  100.00%, 3    0.00%\n"}
,{"stream_name":"stdout","time":5095.946241354,"data":"\n"}
,{"stream_name":"stdout","time":5095.946244694,"data":"\n"}
,{"stream_name":"stdout","time":5095.976365844,"data":"样本变换：reverse\n"}
,{"stream_name":"stdout","time":5099.196144686,"data":"样本变换：mask\n"}
,{"stream_name":"stdout","time":5102.438169138,"data":"样本变换：shift\n"}
,{"stream_name":"stdout","time":5105.66816911,"data":"样本变换：none\n"}
,{"stream_name":"stderr","time":5110.59245548,"data":"/kaggle/working/k10/S08/sdalr_PU_final_checkpoint/tools.py:413: RuntimeWarning: invalid value encountered in divide\n"}
,{"stream_name":"stderr","time":5110.592490989,"data":"  per_class_acc = conf_matrix.diagonal() / conf_matrix.sum(axis=1) * 100\n"}
,{"stream_name":"stdout","time":5110.592641803,"data":"未过滤\t未用伪标签：39.43% -\u003e 使用伪标签：38.63%\n"}
,{"stream_name":"stdout","time":5110.592656249,"data":"已过滤\t未用伪标签：39.35% -\u003e 使用伪标签：38.70%\n"}
,{"stream_name":"stdout","time":5110.592661359,"data":"排除样本：10|6000\t剩余：2000, 2318, 1672\n"}
,{"stream_name":"stdout","time":5110.592668062,"data":"增添样本：953\t\t细则：268, 0, 685\t正确率估算：98.85%\n"}
,{"stream_name":"stdout","time":5110.592675172,"data":"类型1 正确率： 100.00% -\u003e 1  100.00%, 2    0.00%, 3    0.00%\n"}
,{"stream_name":"stdout","time":5110.592678518,"data":"类型2 正确率：  16.00% -\u003e 1    0.00%, 2   15.98%, 3   84.02%\n"}
,{"stream_name":"stdout","time":5110.592681569,"data":"类型3 正确率：   0.00% -\u003e 1    0.00%, 2  100.00%, 3    0.00%\n"}
,{"stream_name":"stdout","time":5110.592684787,"data":"\n"}
,{"stream_name":"stdout","time":5110.592687724,"data":"被排除样本 正确率：90.00%\n"}
,{"stream_name":"stdout","time":5110.592690829,"data":"类型1 正确率：  90.00% -\u003e 1   90.00%, 2   10.00%\n"}
,{"stream_name":"stdout","time":5110.592707441,"data":"类型2 没有样本或未被分类。\n"}
,{"stream_name":"stdout","time":5110.592712956,"data":"\n"}
,{"stream_name":"stdout","time":5110.592717884,"data":"\n"}
,{"stream_name":"stdout","time":5123.50967263,"data":"轮次:··6/·20 || c_Loss:0.336 || e_Loss:-1.455 || Aad_Loss:-29.111 || 耗时：33.53s\n"}
,{"stream_name":"stdout","time":5136.617589143,"data":"轮次:··7/·20 || c_Loss:0.349 || e_Loss:-1.561 || Aad_Loss:-29.572 || 耗时：13.11s\n"}
,{"stream_name":"stdout","time":5149.69078393,"data":"轮次:··8/·20 || c_Loss:0.350 || e_Loss:-1.574 || Aad_Loss:-28.167 || 耗时：13.07s\n"}
,{"stream_name":"stdout","time":5162.731428619,"data":"轮次:··9/·20 || c_Loss:0.340 || e_Loss:-1.532 || Aad_Loss:-29.443 || 耗时：13.04s\n"}
,{"stream_name":"stdout","time":5175.739557612,"data":"轮次:·10/·20 || c_Loss:0.353 || e_Loss:-1.098 || Aad_Loss:-29.266 || 耗时：13.01s\n"}
,{"stream_name":"stdout","time":5181.741115861,"data":"任务: (B1)N15_M01_F10→(B3)N15_M07_F04; mix批次:····0; 批次:··940/·1880;  总正确率: 38.77%\n"}
,{"stream_name":"stdout","time":5181.741157944,"data":"类型1 正确率： 100.00% -\u003e 1  100.00%, 2    0.00%, 3    0.00%\n"}
,{"stream_name":"stdout","time":5181.741167023,"data":"类型2 正确率：  16.00% -\u003e 1    0.00%, 2   16.30%, 3   83.70%\n"}
,{"stream_name":"stdout","time":5181.741172617,"data":"类型3 正确率：   0.00% -\u003e 1    0.00%, 2  100.00%, 3    0.00%\n"}
,{"stream_name":"stdout","time":5181.741178003,"data":"\n"}
,{"stream_name":"stdout","time":5181.741195986,"data":"\n"}
,{"stream_name":"stdout","time":5181.782174086,"data":"样本变换：reverse\n"}
,{"stream_name":"stdout","time":5185.012133332,"data":"样本变换：mask\n"}
,{"stream_name":"stdout","time":5188.275774104,"data":"样本变换：shift\n"}
,{"stream_name":"stdout","time":5191.539091493,"data":"样本变换：none\n"}
,{"stream_name":"stderr","time":5196.475795529,"data":"/kaggle/working/k10/S08/sdalr_PU_final_checkpoint/tools.py:413: RuntimeWarning: invalid value encountered in divide\n"}
,{"stream_name":"stderr","time":5196.475832806,"data":"  per_class_acc = conf_matrix.diagonal() / conf_matrix.sum(axis=1) * 100\n"}
,{"stream_name":"stdout","time":5196.475815532,"data":"未过滤\t未用伪标签：38.77% -\u003e 使用伪标签：38.38%\n"}
,{"stream_name":"stdout","time":5196.475847086,"data":"已过滤\t未用伪标签：38.71% -\u003e 使用伪标签：38.43%\n"}
,{"stream_name":"stdout","time":5196.475853951,"data":"排除样本：7|6000\t剩余：2000, 2301, 1692\n"}
,{"stream_name":"stdout","time":5196.475858712,"data":"增添样本：897\t\t细则：251, 0, 646\t正确率估算：99.22%\n"}
,{"stream_name":"stdout","time":5196.475865201,"data":"类型1 正确率： 100.00% -\u003e 1  100.00%, 2    0.00%, 3    0.00%\n"}
,{"stream_name":"stdout","time":5196.475870239,"data":"类型2 正确率：  15.00% -\u003e 1    0.00%, 2   15.15%, 3   84.85%\n"}
,{"stream_name":"stdout","time":5196.475875418,"data":"类型3 正确率：   0.00% -\u003e 1    0.00%, 2   99.95%, 3    0.05%\n"}
,{"stream_name":"stdout","time":5196.475881175,"data":"\n"}
,{"stream_name":"stdout","time":5196.475886697,"data":"被排除样本 正确率：85.71%\n"}
,{"stream_name":"stdout","time":5196.475891727,"data":"类型1 正确率：  86.00% -\u003e 1   85.71%, 2   14.29%\n"}
,{"stream_name":"stdout","time":5196.475897044,"data":"类型2 没有样本或未被分类。\n"}
,{"stream_name":"stdout","time":5196.475902688,"data":"\n"}
,{"stream_name":"stdout","time":5196.475906921,"data":"\n"}
,{"stream_name":"stdout","time":5209.367421276,"data":"轮次:·11/·20 || c_Loss:0.339 || e_Loss:-1.135 || Aad_Loss:-29.439 || 耗时：33.63s\n"}
,{"stream_name":"stdout","time":5222.359995143,"data":"轮次:·12/·20 || c_Loss:0.343 || e_Loss:-1.231 || Aad_Loss:-28.954 || 耗时：12.99s\n"}
,{"stream_name":"stdout","time":5235.367677487,"data":"轮次:·13/·20 || c_Loss:0.326 || e_Loss:-1.220 || Aad_Loss:-30.623 || 耗时：13.01s\n"}
,{"stream_name":"stdout","time":5248.371841478,"data":"轮次:·14/·20 || c_Loss:0.326 || e_Loss:-0.841 || Aad_Loss:-32.962 || 耗时：13.00s\n"}
,{"stream_name":"stdout","time":5261.387363418,"data":"轮次:·15/·20 || c_Loss:0.330 || e_Loss:-1.782 || Aad_Loss:-30.551 || 耗时：13.02s\n"}
,{"stream_name":"stdout","time":5267.373743066,"data":"任务: (B1)N15_M01_F10→(B3)N15_M07_F04; mix批次:····0; 批次:·1410/·1880;  总正确率: 38.77%\n"}
,{"stream_name":"stdout","time":5267.373776802,"data":"类型1 正确率： 100.00% -\u003e 1  100.00%, 2    0.00%, 3    0.00%\n"}
,{"stream_name":"stdout","time":5267.373782199,"data":"类型2 正确率：  16.00% -\u003e 1    0.00%, 2   16.30%, 3   83.70%\n"}
,{"stream_name":"stdout","time":5267.373785463,"data":"类型3 正确率：   0.00% -\u003e 1    0.00%, 2  100.00%, 3    0.00%\n"}
,{"stream_name":"stdout","time":5267.373788607,"data":"\n"}
,{"stream_name":"stdout","time":5267.373791443,"data":"\n"}
,{"stream_name":"stdout","time":5267.413899333,"data":"样本变换：reverse\n"}
,{"stream_name":"stdout","time":5270.627645414,"data":"样本变换：mask\n"}
,{"stream_name":"stdout","time":5273.871613377,"data":"样本变换：shift\n"}
,{"stream_name":"stdout","time":5277.098136249,"data":"样本变换：none\n"}
,{"stream_name":"stderr","time":5282.078266196,"data":"/kaggle/working/k10/S08/sdalr_PU_final_checkpoint/tools.py:413: RuntimeWarning: invalid value encountered in divide\n"}
,{"stream_name":"stderr","time":5282.078331883,"data":"  per_class_acc = conf_matrix.diagonal() / conf_matrix.sum(axis=1) * 100\n"}
,{"stream_name":"stdout","time":5282.078495961,"data":"未过滤\t未用伪标签：38.77% -\u003e 使用伪标签：38.40%\n"}
,{"stream_name":"stdout","time":5282.078519769,"data":"已过滤\t未用伪标签：38.69% -\u003e 使用伪标签：38.46%\n"}
,{"stream_name":"stdout","time":5282.07852657,"data":"排除样本：9|6000\t剩余：2000, 2302, 1689\n"}
,{"stream_name":"stdout","time":5282.078532075,"data":"增添样本：901\t\t细则：252, 0, 649\t正确率估算：99.11%\n"}
,{"stream_name":"stdout","time":5282.078537581,"data":"类型1 正确率： 100.00% -\u003e 1  100.00%, 2    0.00%, 3    0.00%\n"}
,{"stream_name":"stdout","time":5282.078542199,"data":"类型2 正确率：  15.00% -\u003e 1    0.00%, 2   15.22%, 3   84.78%\n"}
,{"stream_name":"stdout","time":5282.078548288,"data":"类型3 正确率：   0.00% -\u003e 1    0.00%, 2   99.95%, 3    0.05%\n"}
,{"stream_name":"stdout","time":5282.078554564,"data":"\n"}
,{"stream_name":"stdout","time":5282.078559119,"data":"被排除样本 正确率：88.89%\n"}
,{"stream_name":"stdout","time":5282.078563878,"data":"类型1 正确率：  89.00% -\u003e 1   88.89%, 2   11.11%\n"}
,{"stream_name":"stdout","time":5282.078568503,"data":"类型2 没有样本或未被分类。\n"}
,{"stream_name":"stdout","time":5282.07857338,"data":"\n"}
,{"stream_name":"stdout","time":5282.078578388,"data":"\n"}
,{"stream_name":"stdout","time":5294.99505526,"data":"轮次:·16/·20 || c_Loss:0.339 || e_Loss:-0.852 || Aad_Loss:-30.397 || 耗时：33.61s\n"}
,{"stream_name":"stdout","time":5308.031963716,"data":"轮次:·17/·20 || c_Loss:0.374 || e_Loss:-1.125 || Aad_Loss:-30.494 || 耗时：13.04s\n"}
,{"stream_name":"stdout","time":5321.084274436,"data":"轮次:·18/·20 || c_Loss:0.323 || e_Loss:-1.566 || Aad_Loss:-30.495 || 耗时：13.05s\n"}
,{"stream_name":"stdout","time":5334.164290275,"data":"轮次:·19/·20 || c_Loss:0.335 || e_Loss:-0.974 || Aad_Loss:-29.995 || 耗时：13.08s\n"}
,{"stream_name":"stdout","time":5347.254539303,"data":"轮次:·20/·20 || c_Loss:0.321 || e_Loss:-1.321 || Aad_Loss:-31.381 || 耗时：13.09s\n"}
,{"stream_name":"stdout","time":5353.278852039,"data":"任务: (B1)N15_M01_F10→(B3)N15_M07_F04; mix批次:····0; 批次:·1880/·1880;  总正确率: 38.85%\n"}
,{"stream_name":"stdout","time":5353.278907664,"data":"类型1 正确率： 100.00% -\u003e 1  100.00%, 2    0.00%, 3    0.00%\n"}
,{"stream_name":"stdout","time":5353.27892425,"data":"类型2 正确率：  17.00% -\u003e 1    0.00%, 2   16.55%, 3   83.45%\n"}
,{"stream_name":"stdout","time":5353.278929967,"data":"类型3 正确率：   0.00% -\u003e 1    0.00%, 2  100.00%, 3    0.00%\n"}
,{"stream_name":"stdout","time":5353.278935283,"data":"\n"}
,{"stream_name":"stdout","time":5353.278940052,"data":"\n"}
,{"stream_name":"stdout","time":5359.268575712,"data":"测试集任务: (B1)N15_M01_F10→(B3)N15_M07_F04; 总正确率 = 38.85%\n"}
,{"stream_name":"stdout","time":5359.268723308,"data":"类型1 正确率： 100.00% -\u003e 1  100.00%, 2    0.00%, 3    0.00%\n"}
,{"stream_name":"stdout","time":5359.269578467,"data":"类型2 正确率：  17.00% -\u003e 1    0.00%, 2   16.55%, 3   83.45%\n"}
,{"stream_name":"stdout","time":5359.26959412,"data":"类型3 正确率：   0.00% -\u003e 1    0.00%, 2  100.00%, 3    0.00%\n"}
,{"stream_name":"stdout","time":5359.269609993,"data":"\n"}
,{"stream_name":"stdout","time":5359.269614874,"data":"\n"}
,{"stream_name":"stdout","time":5359.325480783,"data":"[tar_adaptation_RES_PU.py --folder_root /kaggle/working/k10/S08/sdalr_PU_final_checkpoint/DATA_foldS08c --seed 2024 --class_num 3 --data_name PU_M1_L3 --output /kaggle/working/k10/S08/weight_PU_M1_final_checkpoint_FS08toS08c_gatepcv_s2024 --s 0 --t 2 --lr 0.0005 --threshold 0.4 --K 0.6] 360s\n"}
,{"stream_name":"stdout","time":5359.360054709,"data":"读取源域路径：/kaggle/working/k10/S08/weight_PU_M1_final_checkpoint_FS08toS08c_gatepcv_s2024/NEW_PU/Source-源域/log\u0026pt/(B2)N15_M07_F10\n"}
,{"stream_name":"stdout","time":5359.360093976,"data":"excel输出位置：/kaggle/working/k10/S08/weight_PU_M1_final_checkpoint_FS08toS08c_gatepcv_s2024/NEW_PU/Target-目标域\n"}
,{"stream_name":"stdout","time":5359.360147717,"data":"特征图片输出位置：/kaggle/working/k10/S08/weight_PU_M1_final_checkpoint_FS08toS08c_gatepcv_s2024/NEW_PU/Picture-特征图/2026年09月19日09时44分/(B2)N15_M07_F10\n"}
,{"stream_name":"stderr","time":5359.39348122,"data":"/usr/local/lib/python3.12/dist-packages/torch/nn/utils/weight_norm.py:144: FutureWarning: `torch.nn.utils.weight_norm` is deprecated in favor of `torch.nn.utils.parametrizations.weight_norm`.\n"}
,{"stream_name":"stderr","time":5359.393508086,"data":"  WeightNorm.apply(module, name, dim)\n"}
,{"stream_name":"stdout","time":5359.430049109,"data":"现在选取:(B2)N15_M07_F10 进行训练的源模型\n"}
,{"stream_name":"stdout","time":5359.430074379,"data":"现在进行：(B2)N15_M07_F10→(B1)N15_M01_F10 的迁移任务\n"}
,{"stream_name":"stdout","time":5359.430094978,"data":"log\u0026pt输出位置：/kaggle/working/k10/S08/weight_PU_M1_final_checkpoint_FS08toS08c_gatepcv_s2024/NEW_PU/Target-目标域/log\u0026pt/(B2)N15_M07_F10→(B1)N15_M01_F10\n"}
,{"stream_name":"stderr","time":5359.431467929,"data":"sh: 1: Syntax error: word unexpected (expecting \")\")\n"}
,{"stream_name":"stdout","time":5370.342098313,"data":"任务: (B2)N15_M07_F10→(B1)N15_M01_F10; 批次:····0/·1880;  总正确率: 38.72%\n"}
,{"stream_name":"stdout","time":5370.342145786,"data":"类型1 正确率： 100.00% -\u003e 1  100.00%, 2    0.00%, 3    0.00%\n"}
,{"stream_name":"stdout","time":5370.342154034,"data":"类型2 正确率：  16.00% -\u003e 1    2.25%, 2   16.15%, 3   81.60%\n"}
,{"stream_name":"stdout","time":5370.342160179,"data":"类型3 正确率：   0.00% -\u003e 1    0.00%, 2  100.00%, 3    0.00%\n"}
,{"stream_name":"stdout","time":5370.342165818,"data":"\n"}
,{"stream_name":"stdout","time":5370.342171268,"data":"\n"}
,{"stream_name":"stdout","time":5370.342825992,"data":"样本变换：reverse\n"}
,{"stream_name":"stdout","time":5373.563146762,"data":"样本变换：mask\n"}
,{"stream_name":"stdout","time":5376.790817101,"data":"样本变换：shift\n"}
,{"stream_name":"stdout","time":5380.011315675,"data":"样本变换：none\n"}
,{"stream_name":"stderr","time":5385.04872809,"data":"/kaggle/working/k10/S08/sdalr_PU_final_checkpoint/tools.py:413: RuntimeWarning: invalid value encountered in divide\n"}
,{"stream_name":"stderr","time":5385.048797099,"data":"  per_class_acc = conf_matrix.diagonal() / conf_matrix.sum(axis=1) * 100\n"}
,{"stream_name":"stdout","time":5385.048869642,"data":"未过滤\t未用伪标签：38.72% -\u003e 使用伪标签：40.03%\n"}
,{"stream_name":"stdout","time":5385.048883135,"data":"已过滤\t未用伪标签：38.93% -\u003e 使用伪标签：40.27%\n"}
,{"stream_name":"stdout","time":5385.04888848,"data":"排除样本：36|6000\t剩余：2002, 2402, 1560\n"}
,{"stream_name":"stdout","time":5385.048893497,"data":"增添样本：2275\t\t细则：0, 1599, 676\t正确率估算：91.56%\n"}
,{"stream_name":"stdout","time":5385.048914547,"data":"类型1 正确率： 100.00% -\u003e 1  100.00%, 2    0.00%, 3    0.00%\n"}
,{"stream_name":"stdout","time":5385.048918701,"data":"类型2 正确率：  20.00% -\u003e 1    0.10%, 2   20.47%, 3   79.43%\n"}
,{"stream_name":"stdout","time":5385.048922715,"data":"类型3 正确率：   0.00% -\u003e 1    0.00%, 2  100.00%, 3    0.00%\n"}
,{"stream_name":"stdout","time":5385.048926371,"data":"\n"}
,{"stream_name":"stdout","time":5385.048929609,"data":"被排除样本 正确率：2.78%\n"}
,{"stream_name":"stdout","time":5385.048933228,"data":"类型1 没有样本或未被分类。\n"}
,{"stream_name":"stdout","time":5385.04893644,"data":"类型2 正确率：   3.00% -\u003e 1   16.67%, 2    2.78%, 3   80.56%\n"}
,{"stream_name":"stdout","time":5385.048939954,"data":"类型3 没有样本或未被分类。\n"}
,{"stream_name":"stdout","time":5385.048943691,"data":"\n"}
,{"stream_name":"stdout","time":5385.048947394,"data":"\n"}
,{"stream_name":"stdout","time":5398.269117387,"data":"轮次:··1/·20 || c_Loss:0.492 || e_Loss:-1.060 || Aad_Loss:-21.613 || 耗时：33.81s\n"}
,{"stream_name":"stdout","time":5411.47687011,"data":"轮次:··2/·20 || c_Loss:0.372 || e_Loss:-1.609 || Aad_Loss:-19.379 || 耗时：13.21s\n"}
,{"stream_name":"stdout","time":5424.574937537,"data":"轮次:··3/·20 || c_Loss:0.404 || e_Loss:-1.624 || Aad_Loss:-24.084 || 耗时：13.10s\n"}
,{"stream_name":"stdout","time":5437.593121311,"data":"轮次:··4/·20 || c_Loss:0.366 || e_Loss:-1.641 || Aad_Loss:-25.919 || 耗时：13.02s\n"}
,{"stream_name":"stdout","time":5450.525828286,"data":"轮次:··5/·20 || c_Loss:0.355 || e_Loss:-1.703 || Aad_Loss:-21.165 || 耗时：12.93s\n"}
,{"stream_name":"stdout","time":5456.502745585,"data":"任务: (B2)N15_M07_F10→(B1)N15_M01_F10; mix批次:····0; 批次:··470/·1880;  总正确率: 54.52%\n"}
,{"stream_name":"stdout","time":5456.502783121,"data":"类型1 正确率： 100.00% -\u003e 1  100.00%, 2    0.00%, 3    0.00%\n"}
,{"stream_name":"stdout","time":5456.502787838,"data":"类型2 正确率：  29.00% -\u003e 1    0.00%, 2   29.40%, 3   70.60%\n"}
,{"stream_name":"stdout","time":5456.502791148,"data":"类型3 正确率：  34.00% -\u003e 1    5.75%, 2   60.10%, 3   34.15%\n"}
,{"stream_name":"stdout","time":5456.502794363,"data":"\n"}
,{"stream_name":"stdout","time":5456.502797321,"data":"\n"}
,{"stream_name":"stdout","time":5456.532429314,"data":"样本变换：reverse\n"}
,{"stream_name":"stdout","time":5459.742724115,"data":"样本变换：mask\n"}
,{"stream_name":"stdout","time":5463.036133729,"data":"样本变换：shift\n"}
,{"stream_name":"stdout","time":5466.28514485,"data":"样本变换：none\n"}
,{"stream_name":"stdout","time":5471.233384865,"data":"未过滤\t未用伪标签：54.52% -\u003e 使用伪标签：45.17%\n"}
,{"stream_name":"stdout","time":5471.233451757,"data":"已过滤\t未用伪标签：54.04% -\u003e 使用伪标签：45.71%\n"}
,{"stream_name":"stdout","time":5471.233460754,"data":"排除样本：71|6000\t剩余：2000, 2259, 1670\n"}
,{"stream_name":"stdout","time":5471.233467332,"data":"增添样本：1950\t\t细则：0, 1486, 464\t正确率估算：99.80%\n"}
,{"stream_name":"stdout","time":5471.233473795,"data":"类型1 正确率： 100.00% -\u003e 1  100.00%, 2    0.00%, 3    0.00%\n"}
,{"stream_name":"stdout","time":5471.233479888,"data":"类型2 正确率：  26.00% -\u003e 1    0.00%, 2   25.86%, 3   74.14%\n"}
,{"stream_name":"stdout","time":5471.233486357,"data":"类型3 正确率：  10.00% -\u003e 1    0.00%, 2   89.90%, 3   10.10%\n"}
,{"stream_name":"stdout","time":5471.233492711,"data":"\n"}
,{"stream_name":"stdout","time":5471.233512632,"data":"被排除样本 正确率：94.37%\n"}
,{"stream_name":"stdout","time":5471.233516849,"data":"类型1 正确率：  83.00% -\u003e 1   83.33%, 2   16.67%\n"}
,{"stream_name":"stdout","time":5471.233522705,"data":"类型2 正确率：  97.00% -\u003e 1    3.39%, 2   96.61%\n"}
,{"stream_name":"stdout","time":5471.233530178,"data":"\n"}
,{"stream_name":"stdout","time":5471.233532809,"data":"\n"}
,{"stream_name":"stdout","time":5484.148156944,"data":"轮次:··6/·20 || c_Loss:0.371 || e_Loss:-1.623 || Aad_Loss:-23.552 || 耗时：33.62s\n"}
,{"stream_name":"stdout","time":5497.142879557,"data":"轮次:··7/·20 || c_Loss:0.336 || e_Loss:-1.749 || Aad_Loss:-24.305 || 耗时：12.99s\n"}
,{"stream_name":"stdout","time":5510.164154142,"data":"轮次:··8/·20 || c_Loss:0.364 || e_Loss:-1.564 || Aad_Loss:-30.375 || 耗时：13.02s\n"}
,{"stream_name":"stdout","time":5523.176221264,"data":"轮次:··9/·20 || c_Loss:0.361 || e_Loss:-1.691 || Aad_Loss:-21.229 || 耗时：13.01s\n"}
,{"stream_name":"stdout","time":5536.158373683,"data":"轮次:·10/·20 || c_Loss:0.353 || e_Loss:-1.644 || Aad_Loss:-23.506 || 耗时：12.98s\n"}
,{"stream_name":"stdout","time":5542.169661188,"data":"任务: (B2)N15_M07_F10→(B1)N15_M01_F10; mix批次:····0; 批次:··940/·1880;  总正确率: 60.12%\n"}
,{"stream_name":"stdout","time":5542.169701762,"data":"类型1 正确率： 100.00% -\u003e 1  100.00%, 2    0.00%, 3    0.00%\n"}
,{"stream_name":"stdout","time":5542.169708369,"data":"类型2 正确率：  31.00% -\u003e 1    0.00%, 2   30.90%, 3   69.10%\n"}
,{"stream_name":"stdout","time":5542.169713395,"data":"类型3 正确率：  49.00% -\u003e 1    1.35%, 2   49.20%, 3   49.45%\n"}
,{"stream_name":"stdout","time":5542.169718254,"data":"\n"}
,{"stream_name":"stdout","time":5542.169722989,"data":"\n"}
,{"stream_name":"stdout","time":5542.21185608,"data":"样本变换：reverse\n"}
,{"stream_name":"stdout","time":5545.422139429,"data":"样本变换：mask\n"}
,{"stream_name":"stdout","time":5548.655785068,"data":"样本变换：shift\n"}
,{"stream_name":"stdout","time":5551.904522773,"data":"样本变换：none\n"}
,{"stream_name":"stdout","time":5556.677163616,"data":"未过滤\t未用伪标签：60.12% -\u003e 使用伪标签：52.47%\n"}
,{"stream_name":"stdout","time":5556.677222594,"data":"已过滤\t未用伪标签：59.33% -\u003e 使用伪标签：53.79%\n"}
,{"stream_name":"stdout","time":5556.677230535,"data":"排除样本：148|6000\t剩余：2000, 1900, 1952\n"}
,{"stream_name":"stdout","time":5556.677236567,"data":"增添样本：1512\t\t细则：0, 1409, 103\t正确率估算：100.00%\n"}
,{"stream_name":"stdout","time":5556.67724226,"data":"类型1 正确率： 100.00% -\u003e 1  100.00%, 2    0.00%, 3    0.00%\n"}
,{"stream_name":"stdout","time":5556.677247745,"data":"类型2 正确率：  30.00% -\u003e 1    0.00%, 2   29.76%, 3   70.24%\n"}
,{"stream_name":"stdout","time":5556.677252947,"data":"类型3 正确率：  30.00% -\u003e 1    0.00%, 2   70.15%, 3   29.85%\n"}
,{"stream_name":"stdout","time":5556.677257557,"data":"\n"}
,{"stream_name":"stdout","time":5556.677261773,"data":"被排除样本 正确率：91.22%\n"}
,{"stream_name":"stdout","time":5556.677266232,"data":"类型1 正确率：  71.00% -\u003e 1   71.43%, 2   28.57%\n"}
,{"stream_name":"stdout","time":5556.677270617,"data":"类型2 正确率：  93.00% -\u003e 1    6.72%, 2   93.28%\n"}
,{"stream_name":"stdout","time":5556.677275134,"data":"\n"}
,{"stream_name":"stdout","time":5556.677284746,"data":"\n"}
,{"stream_name":"stdout","time":5569.602839633,"data":"轮次:·11/·20 || c_Loss:0.361 || e_Loss:-1.608 || Aad_Loss:-25.390 || 耗时：33.44s\n"}
,{"stream_name":"stdout","time":5582.58442659,"data":"轮次:·12/·20 || c_Loss:0.337 || e_Loss:-1.633 || Aad_Loss:-23.980 || 耗时：12.98s\n"}
,{"stream_name":"stdout","time":5595.594037869,"data":"轮次:·13/·20 || c_Loss:0.330 || e_Loss:-1.767 || Aad_Loss:-24.964 || 耗时：13.01s\n"}
,{"stream_name":"stdout","time":5608.590812173,"data":"轮次:·14/·20 || c_Loss:0.323 || e_Loss:-1.712 || Aad_Loss:-24.107 || 耗时：13.00s\n"}
,{"stream_name":"stdout","time":5621.576467475,"data":"轮次:·15/·20 || c_Loss:0.368 || e_Loss:-1.679 || Aad_Loss:-23.204 || 耗时：12.99s\n"}
,{"stream_name":"stdout","time":5627.572008734,"data":"任务: (B2)N15_M07_F10→(B1)N15_M01_F10; mix批次:····0; 批次:·1410/·1880;  总正确率: 67.22%\n"}
,{"stream_name":"stdout","time":5627.572051438,"data":"类型1 正确率： 100.00% -\u003e 1  100.00%, 2    0.00%, 3    0.00%\n"}
,{"stream_name":"stdout","time":5627.572063295,"data":"类型2 正确率：  32.00% -\u003e 1    0.00%, 2   31.85%, 3   68.15%\n"}
,{"stream_name":"stdout","time":5627.57206732,"data":"类型3 正确率：  70.00% -\u003e 1    0.65%, 2   29.55%, 3   69.80%\n"}
,{"stream_name":"stdout","time":5627.572071335,"data":"\n"}
,{"stream_name":"stdout","time":5627.572108042,"data":"\n"}
,{"stream_name":"stdout","time":5627.613757599,"data":"样本变换：reverse\n"}
,{"stream_name":"stdout","time":5630.840144055,"data":"样本变换：mask\n"}
,{"stream_name":"stdout","time":5634.106145004,"data":"样本变换：shift\n"}
,{"stream_name":"stdout","time":5637.354134961,"data":"样本变换：none\n"}
,{"stream_name":"stdout","time":5642.559264279,"data":"未过滤\t未用伪标签：67.22% -\u003e 使用伪标签：60.82%\n"}
,{"stream_name":"stdout","time":5642.55931059,"data":"已过滤\t未用伪标签：66.43% -\u003e 使用伪标签：62.70%\n"}
,{"stream_name":"stdout","time":5642.559330048,"data":"排除样本：180|6000\t剩余：2000, 1431, 2389\n"}
,{"stream_name":"stdout","time":5642.5593359,"data":"增添样本：2098\t\t细则：361, 1737, 0\t正确率估算：99.90%\n"}
,{"stream_name":"stdout","time":5642.559341231,"data":"类型1 正确率： 100.00% -\u003e 1  100.00%, 2    0.00%, 3    0.00%\n"}
,{"stream_name":"stdout","time":5642.55934673,"data":"类型2 正确率：  31.00% -\u003e 1    0.00%, 2   31.39%, 3   68.61%\n"}
,{"stream_name":"stdout","time":5642.559351273,"data":"类型3 正确率：  56.00% -\u003e 1    0.00%, 2   44.05%, 3   55.95%\n"}
,{"stream_name":"stdout","time":5642.559355736,"data":"\n"}
,{"stream_name":"stdout","time":5642.559359826,"data":"被排除样本 正确率：92.78%\n"}
,{"stream_name":"stdout","time":5642.55936418,"data":"类型1 正确率：  58.00% -\u003e 1   58.33%, 2   41.67%\n"}
,{"stream_name":"stdout","time":5642.559368858,"data":"类型2 正确率：  95.00% -\u003e 1    4.76%, 2   95.24%\n"}
,{"stream_name":"stdout","time":5642.559376426,"data":"\n"}
,{"stream_name":"stdout","time":5642.559379365,"data":"\n"}
,{"stream_name":"stdout","time":5655.485759737,"data":"轮次:·16/·20 || c_Loss:0.332 || e_Loss:-1.626 || Aad_Loss:-24.898 || 耗时：33.91s\n"}
,{"stream_name":"stdout","time":5668.45948666,"data":"轮次:·17/·20 || c_Loss:0.347 || e_Loss:-1.633 || Aad_Loss:-26.640 || 耗时：12.97s\n"}
,{"stream_name":"stdout","time":5681.478025545,"data":"轮次:·18/·20 || c_Loss:0.377 || e_Loss:-1.464 || Aad_Loss:-30.838 || 耗时：13.02s\n"}
,{"stream_name":"stdout","time":5694.496535444,"data":"轮次:·19/·20 || c_Loss:0.331 || e_Loss:-1.628 || Aad_Loss:-31.345 || 耗时：13.02s\n"}
,{"stream_name":"stdout","time":5707.469851364,"data":"轮次:·20/·20 || c_Loss:0.349 || e_Loss:-1.418 || Aad_Loss:-32.840 || 耗时：12.97s\n"}
,{"stream_name":"stdout","time":5713.473563853,"data":"任务: (B2)N15_M07_F10→(B1)N15_M01_F10; mix批次:····0; 批次:·1880/·1880;  总正确率: 72.47%\n"}
,{"stream_name":"stdout","time":5713.47359738,"data":"类型1 正确率： 100.00% -\u003e 1  100.00%, 2    0.00%, 3    0.00%\n"}
,{"stream_name":"stdout","time":5713.473604363,"data":"类型2 正确率：  34.00% -\u003e 1    0.00%, 2   34.05%, 3   65.95%\n"}
,{"stream_name":"stdout","time":5713.473609729,"data":"类型3 正确率：  83.00% -\u003e 1    0.15%, 2   16.50%, 3   83.35%\n"}
,{"stream_name":"stdout","time":5713.47361505,"data":"\n"}
,{"stream_name":"stdout","time":5713.473619957,"data":"\n"}
,{"stream_name":"stdout","time":5719.447044748,"data":"测试集任务: (B2)N15_M07_F10→(B1)N15_M01_F10; 总正确率 = 72.47%\n"}
,{"stream_name":"stdout","time":5719.447113184,"data":"类型1 正确率： 100.00% -\u003e 1  100.00%, 2    0.00%, 3    0.00%\n"}
,{"stream_name":"stdout","time":5719.447121767,"data":"类型2 正确率：  34.00% -\u003e 1    0.00%, 2   34.05%, 3   65.95%\n"}
,{"stream_name":"stdout","time":5719.447126876,"data":"类型3 正确率：  83.00% -\u003e 1    0.15%, 2   16.50%, 3   83.35%\n"}
,{"stream_name":"stdout","time":5719.447133376,"data":"\n"}
,{"stream_name":"stdout","time":5719.447155667,"data":"\n"}
,{"stream_name":"stdout","time":5719.471882631,"data":"[tar_adaptation_RES_PU.py --folder_root /kaggle/working/k10/S08/sdalr_PU_final_checkpoint/DATA_foldS08c --seed 2024 --class_num 3 --data_name PU_M1_L3 --output /kaggle/working/k10/S08/weight_PU_M1_final_checkpoint_FS08toS08c_gatepcv_s2024 --s 1 --t 0 --lr 0.0005 --threshold 0.4 --K 0.6] 360s\n"}
,{"stream_name":"stdout","time":5719.506226704,"data":"读取源域路径：/kaggle/working/k10/S08/weight_PU_M1_final_checkpoint_FS08toS08c_gatepcv_s2024/NEW_PU/Source-源域/log\u0026pt/(B2)N15_M07_F10\n"}
,{"stream_name":"stdout","time":5719.50626733,"data":"excel输出位置：/kaggle/working/k10/S08/weight_PU_M1_final_checkpoint_FS08toS08c_gatepcv_s2024/NEW_PU/Target-目标域\n"}
,{"stream_name":"stdout","time":5719.506312051,"data":"特征图片输出位置：/kaggle/working/k10/S08/weight_PU_M1_final_checkpoint_FS08toS08c_gatepcv_s2024/NEW_PU/Picture-特征图/2026年09月19日09时50分/(B2)N15_M07_F10\n"}
,{"stream_name":"stderr","time":5719.54137146,"data":"/usr/local/lib/python3.12/dist-packages/torch/nn/utils/weight_norm.py:144: FutureWarning: `torch.nn.utils.weight_norm` is deprecated in favor of `torch.nn.utils.parametrizations.weight_norm`.\n"}
,{"stream_name":"stderr","time":5719.54139977,"data":"  WeightNorm.apply(module, name, dim)\n"}
,{"stream_name":"stdout","time":5719.578573839,"data":"现在选取:(B2)N15_M07_F10 进行训练的源模型\n"}
,{"stream_name":"stdout","time":5719.578599173,"data":"现在进行：(B2)N15_M07_F10→(B3)N15_M07_F04 的迁移任务\n"}
,{"stream_name":"stdout","time":5719.578605864,"data":"log\u0026pt输出位置：/kaggle/working/k10/S08/weight_PU_M1_final_checkpoint_FS08toS08c_gatepcv_s2024/NEW_PU/Target-目标域/log\u0026pt/(B2)N15_M07_F10→(B3)N15_M07_F04\n"}
,{"stream_name":"stderr","time":5719.580047376,"data":"sh: 1: Syntax error: word unexpected (expecting \")\")\n"}
,{"stream_name":"stdout","time":5730.456315031,"data":"任务: (B2)N15_M07_F10→(B3)N15_M07_F04; 批次:····0/·1880;  总正确率: 38.50%\n"}
,{"stream_name":"stdout","time":5730.456376711,"data":"类型1 正确率： 100.00% -\u003e 1  100.00%, 2    0.00%, 3    0.00%\n"}
,{"stream_name":"stdout","time":5730.456385519,"data":"类型2 正确率：  15.00% -\u003e 1    1.30%, 2   15.15%, 3   83.55%\n"}
,{"stream_name":"stdout","time":5730.456390936,"data":"类型3 正确率：   0.00% -\u003e 1    0.00%, 2   99.65%, 3    0.35%\n"}
,{"stream_name":"stdout","time":5730.456411579,"data":"\n"}
,{"stream_name":"stdout","time":5730.456418224,"data":"\n"}
,{"stream_name":"stdout","time":5730.457209886,"data":"样本变换：reverse\n"}
,{"stream_name":"stdout","time":5733.682151083,"data":"样本变换：mask\n"}
,{"stream_name":"stdout","time":5736.946118,"data":"样本变换：shift\n"}
,{"stream_name":"stdout","time":5740.217155696,"data":"样本变换：none\n"}
,{"stream_name":"stderr","time":5745.503296623,"data":"/kaggle/working/k10/S08/sdalr_PU_final_checkpoint/tools.py:413: RuntimeWarning: invalid value encountered in divide\n"}
,{"stream_name":"stdout","time":5745.503325032,"data":"未过滤\t未用伪标签：38.50% -\u003e 使用伪标签：39.85%\n"}
,{"stream_name":"stdout","time":5745.503341338,"data":"已过滤\t未用伪标签：38.67% -\u003e 使用伪标签：40.10%\n"}
,{"stream_name":"stdout","time":5745.503346566,"data":"排除样本：37|6000\t剩余：2000, 2391, 1572\n"}
,{"stream_name":"stdout","time":5745.503351071,"data":"增添样本：1187\t\t细则：341, 0, 846\t正确率估算：99.75%\n"}
,{"stream_name":"stdout","time":5745.503355619,"data":"类型1 正确率： 100.00% -\u003e 1  100.00%, 2    0.00%, 3    0.00%\n"}
,{"stream_name":"stdout","time":5745.503360618,"data":"类型2 正确率：  20.00% -\u003e 1    0.00%, 2   19.92%, 3   80.08%\n"}
,{"stream_name":"stdout","time":5745.503365003,"data":"类型3 正确率：   0.00% -\u003e 1    0.00%, 2  100.00%, 3    0.00%\n"}
,{"stream_name":"stdout","time":5745.503369112,"data":"\n"}
,{"stream_name":"stdout","time":5745.50337313,"data":"被排除样本 正确率：10.81%\n"}
,{"stream_name":"stdout","time":5745.503377188,"data":"类型1 没有样本或未被分类。\n"}
,{"stream_name":"stdout","time":5745.503381758,"data":"类型2 正确率：  11.00% -\u003e 1    5.41%, 2   10.81%, 3   83.78%\n"}
,{"stream_name":"stdout","time":5745.503386083,"data":"类型3 没有样本或未被分类。\n"}
,{"stream_name":"stdout","time":5745.5033901,"data":"\n"}
,{"stream_name":"stdout","time":5745.503394413,"data":"\n"}
,{"stream_name":"stderr","time":5745.503332962,"data":"  per_class_acc = conf_matrix.diagonal() / conf_matrix.sum(axis=1) * 100\n"}
,{"stream_name":"stdout","time":5758.721351398,"data":"轮次:··1/·20 || c_Loss:0.545 || e_Loss:-1.022 || Aad_Loss:-28.161 || 耗时：34.14s\n"}
,{"stream_name":"stdout","time":5771.870851482,"data":"轮次:··2/·20 || c_Loss:0.374 || e_Loss:-1.292 || Aad_Loss:-28.668 || 耗时：13.15s\n"}
,{"stream_name":"stdout","time":5784.89317356,"data":"轮次:··3/·20 || c_Loss:0.357 || e_Loss:-1.641 || Aad_Loss:-28.850 || 耗时：13.02s\n"}
,{"stream_name":"stdout","time":5797.815403308,"data":"轮次:··4/·20 || c_Loss:0.337 || e_Loss:-1.586 || Aad_Loss:-31.111 || 耗时：12.92s\n"}
,{"stream_name":"stdout","time":5810.710598353,"data":"轮次:··5/·20 || c_Loss:0.352 || e_Loss:-1.166 || Aad_Loss:-27.768 || 耗时：12.90s\n"}
,{"stream_name":"stdout","time":5816.71198956,"data":"任务: (B2)N15_M07_F10→(B3)N15_M07_F04; mix批次:····0; 批次:··470/·1880;  总正确率: 39.22%\n"}
,{"stream_name":"stdout","time":5816.712056987,"data":"类型1 正确率： 100.00% -\u003e 1  100.00%, 2    0.00%, 3    0.00%\n"}
,{"stream_name":"stdout","time":5816.712065214,"data":"类型2 正确率：  18.00% -\u003e 1    0.00%, 2   17.65%, 3   82.35%\n"}
,{"stream_name":"stdout","time":5816.712070158,"data":"类型3 正确率：   0.00% -\u003e 1    0.00%, 2  100.00%, 3    0.00%\n"}
,{"stream_name":"stdout","time":5816.712092818,"data":"\n"}
,{"stream_name":"stdout","time":5816.712100242,"data":"\n"}
,{"stream_name":"stdout","time":5816.742833533,"data":"样本变换：reverse\n"}
,{"stream_name":"stdout","time":5819.970181074,"data":"样本变换：mask\n"}
,{"stream_name":"stdout","time":5823.219883029,"data":"样本变换：shift\n"}
,{"stream_name":"stdout","time":5826.47623523,"data":"样本变换：none\n"}
,{"stream_name":"stderr","time":5831.4265681,"data":"/usr/local/lib/python3.12/dist-packages/sklearn/metrics/_classification.py:407: UserWarning: A single label was found in 'y_true' and 'y_pred'. For the confusion matrix to have the correct shape, use the 'labels' parameter to pass all known labels.\n"}
,{"stream_name":"stderr","time":5831.426615863,"data":"  warnings.warn(\n"}
,{"stream_name":"stdout","time":5831.426665474,"data":"未过滤\t未用伪标签：39.22% -\u003e 使用伪标签：38.98%\n"}
,{"stream_name":"stdout","time":5831.426691222,"data":"已过滤\t未用伪标签：39.15% -\u003e 使用伪标签：39.03%\n"}
,{"stream_name":"stdout","time":5831.426698048,"data":"排除样本：7|6000\t剩余：2000, 2339, 1654\n"}
,{"stream_name":"stdout","time":5831.426702889,"data":"增添样本：1005\t\t细则：289, 0, 716\t正确率估算：99.50%\n"}
,{"stream_name":"stdout","time":5831.426708424,"data":"类型1 正确率： 100.00% -\u003e 1  100.00%, 2    0.00%, 3    0.00%\n"}
,{"stream_name":"stdout","time":5831.426713383,"data":"类型2 正确率：  17.00% -\u003e 1    0.00%, 2   17.01%, 3   82.99%\n"}
,{"stream_name":"stdout","time":5831.426717841,"data":"类型3 正确率：   0.00% -\u003e 1    0.00%, 2  100.00%, 3    0.00%\n"}
,{"stream_name":"stdout","time":5831.426722329,"data":"\n"}
,{"stream_name":"stdout","time":5831.426726768,"data":"被排除样本 正确率：100.00%\n"}
,{"stream_name":"stdout","time":5831.426732347,"data":"类型1 正确率： 100.00% -\u003e 1  100.00%\n"}
,{"stream_name":"stdout","time":5831.426737204,"data":"\n"}
,{"stream_name":"stdout","time":5831.426741435,"data":"\n"}
,{"stream_name":"stdout","time":5844.343410997,"data":"轮次:··6/·20 || c_Loss:0.386 || e_Loss:-0.818 || Aad_Loss:-29.302 || 耗时：33.63s\n"}
,{"stream_name":"stdout","time":5857.343316126,"data":"轮次:··7/·20 || c_Loss:0.336 || e_Loss:-1.281 || Aad_Loss:-29.348 || 耗时：13.00s\n"}
,{"stream_name":"stdout","time":5870.389466279,"data":"轮次:··8/·20 || c_Loss:0.340 || e_Loss:-1.785 || Aad_Loss:-29.435 || 耗时：13.05s\n"}
,{"stream_name":"stdout","time":5883.44331792,"data":"轮次:··9/·20 || c_Loss:0.327 || e_Loss:-1.212 || Aad_Loss:-29.742 || 耗时：13.05s\n"}
,{"stream_name":"stdout","time":5896.495740762,"data":"轮次:·10/·20 || c_Loss:0.324 || e_Loss:-1.130 || Aad_Loss:-30.392 || 耗时：13.05s\n"}
,{"stream_name":"stdout","time":5902.520064115,"data":"任务: (B2)N15_M07_F10→(B3)N15_M07_F04; mix批次:····0; 批次:··940/·1880;  总正确率: 39.07%\n"}
,{"stream_name":"stdout","time":5902.520117068,"data":"类型1 正确率： 100.00% -\u003e 1  100.00%, 2    0.00%, 3    0.00%\n"}
,{"stream_name":"stdout","time":5902.520126591,"data":"类型2 正确率：  17.00% -\u003e 1    0.00%, 2   17.20%, 3   82.80%\n"}
,{"stream_name":"stdout","time":5902.520132053,"data":"类型3 正确率：   0.00% -\u003e 1    0.00%, 2  100.00%, 3    0.00%\n"}
,{"stream_name":"stdout","time":5902.520136902,"data":"\n"}
,{"stream_name":"stdout","time":5902.520144167,"data":"\n"}
,{"stream_name":"stdout","time":5902.562634225,"data":"样本变换：reverse\n"}
,{"stream_name":"stdout","time":5905.796601116,"data":"样本变换：mask\n"}
,{"stream_name":"stdout","time":5909.067161608,"data":"样本变换：shift\n"}
,{"stream_name":"stdout","time":5912.329471831,"data":"样本变换：none\n"}
,{"stream_name":"stderr","time":5917.266457678,"data":"/usr/local/lib/python3.12/dist-packages/sklearn/metrics/_classification.py:407: UserWarning: A single label was found in 'y_true' and 'y_pred'. For the confusion matrix to have the correct shape, use the 'labels' parameter to pass all known labels.\n"}
,{"stream_name":"stdout","time":5917.266492764,"data":"未过滤\t未用伪标签：39.07% -\u003e 使用伪标签：38.83%\n"}
,{"stream_name":"stdout","time":5917.266508591,"data":"已过滤\t未用伪标签：39.04% -\u003e 使用伪标签：38.85%\n"}
,{"stream_name":"stdout","time":5917.26651342,"data":"排除样本：3|6000\t剩余：2000, 2330, 1667\n"}
,{"stream_name":"stdout","time":5917.266517643,"data":"增添样本：978\t\t细则：280, 0, 698\t正确率估算：99.69%\n"}
,{"stream_name":"stdout","time":5917.266522568,"data":"类型1 正确率： 100.00% -\u003e 1  100.00%, 2    0.00%, 3    0.00%\n"}
,{"stream_name":"stdout","time":5917.266527455,"data":"类型2 正确率：  17.00% -\u003e 1    0.00%, 2   16.52%, 3   83.48%\n"}
,{"stream_name":"stdout","time":5917.266531802,"data":"类型3 正确率：   0.00% -\u003e 1    0.00%, 2  100.00%, 3    0.00%\n"}
,{"stream_name":"stdout","time":5917.26653629,"data":"\n"}
,{"stream_name":"stdout","time":5917.266540137,"data":"被排除样本 正确率：100.00%\n"}
,{"stream_name":"stdout","time":5917.266550504,"data":"类型1 正确率： 100.00% -\u003e 1  100.00%\n"}
,{"stream_name":"stdout","time":5917.266554676,"data":"\n"}
,{"stream_name":"stdout","time":5917.266558624,"data":"\n"}
,{"stream_name":"stderr","time":5917.266499014,"data":"  warnings.warn(\n"}
,{"stream_name":"stdout","time":5930.165218026,"data":"轮次:·11/·20 || c_Loss:0.340 || e_Loss:-0.814 || Aad_Loss:-30.305 || 耗时：33.67s\n"}
,{"stream_name":"stdout","time":5943.045180104,"data":"轮次:·12/·20 || c_Loss:0.325 || e_Loss:-1.231 || Aad_Loss:-29.630 || 耗时：12.88s\n"}
,{"stream_name":"stdout","time":5955.921373646,"data":"轮次:·13/·20 || c_Loss:0.329 || e_Loss:-0.852 || Aad_Loss:-32.482 || 耗时：12.88s\n"}
,{"stream_name":"stdout","time":5968.797250682,"data":"轮次:·14/·20 || c_Loss:0.340 || e_Loss:-0.845 || Aad_Loss:-29.784 || 耗时：12.88s\n"}
,{"stream_name":"stdout","time":5981.685748194,"data":"轮次:·15/·20 || c_Loss:0.337 || e_Loss:-0.865 || Aad_Loss:-30.048 || 耗时：12.89s\n"}
,{"stream_name":"stdout","time":5987.679896655,"data":"任务: (B2)N15_M07_F10→(B3)N15_M07_F04; mix批次:····0; 批次:·1410/·1880;  总正确率: 38.95%\n"}
,{"stream_name":"stdout","time":5987.679939464,"data":"类型1 正确率： 100.00% -\u003e 1  100.00%, 2    0.00%, 3    0.00%\n"}
,{"stream_name":"stdout","time":5987.679946669,"data":"类型2 正确率：  17.00% -\u003e 1    0.00%, 2   16.85%, 3   83.15%\n"}
,{"stream_name":"stdout","time":5987.67995225,"data":"类型3 正确率：   0.00% -\u003e 1    0.00%, 2  100.00%, 3    0.00%\n"}
,{"stream_name":"stdout","time":5987.679957564,"data":"\n"}
,{"stream_name":"stdout","time":5987.679962364,"data":"\n"}
,{"stream_name":"stdout","time":5987.722067401,"data":"样本变换：reverse\n"}
,{"stream_name":"stdout","time":5990.97719673,"data":"样本变换：mask\n"}
,{"stream_name":"stdout","time":5994.222100388,"data":"样本变换：shift\n"}
,{"stream_name":"stdout","time":5997.473190975,"data":"样本变换：none\n"}
,{"stream_name":"stderr","time":6002.479348232,"data":"/kaggle/working/k10/S08/sdalr_PU_final_checkpoint/tools.py:413: RuntimeWarning: invalid value encountered in divide\n"}
,{"stream_name":"stderr","time":6002.479399995,"data":"  per_class_acc = conf_matrix.diagonal() / conf_matrix.sum(axis=1) * 100\n"}
,{"stream_name":"stdout","time":6002.479476868,"data":"未过滤\t未用伪标签：38.95% -\u003e 使用伪标签：38.75%\n"}
,{"stream_name":"stdout","time":6002.479504757,"data":"已过滤\t未用伪标签：38.91% -\u003e 使用伪标签：38.80%\n"}
,{"stream_name":"stdout","time":6002.479510174,"data":"排除样本：7|6000\t剩余：2000, 2325, 1668\n"}
,{"stream_name":"stdout","time":6002.479514024,"data":"增添样本：967\t\t细则：275, 0, 692\t正确率估算：99.69%\n"}
,{"stream_name":"stdout","time":6002.479517568,"data":"类型1 正确率： 100.00% -\u003e 1  100.00%, 2    0.00%, 3    0.00%\n"}
,{"stream_name":"stdout","time":6002.479521139,"data":"类型2 正确率：  16.00% -\u003e 1    0.00%, 2   16.31%, 3   83.69%\n"}
,{"stream_name":"stdout","time":6002.479524246,"data":"类型3 正确率：   0.00% -\u003e 1    0.00%, 2  100.00%, 3    0.00%\n"}
,{"stream_name":"stdout","time":6002.47952757,"data":"\n"}
,{"stream_name":"stdout","time":6002.479531001,"data":"被排除样本 正确率：71.43%\n"}
,{"stream_name":"stdout","time":6002.479534549,"data":"类型1 正确率：  71.00% -\u003e 1   71.43%, 2   28.57%\n"}
,{"stream_name":"stdout","time":6002.479538279,"data":"类型2 没有样本或未被分类。\n"}
,{"stream_name":"stdout","time":6002.479541983,"data":"\n"}
,{"stream_name":"stdout","time":6002.479545343,"data":"\n"}
,{"stream_name":"stdout","time":6015.360240374,"data":"轮次:·16/·20 || c_Loss:0.339 || e_Loss:-1.562 || Aad_Loss:-28.780 || 耗时：33.67s\n"}
,{"stream_name":"stdout","time":6028.377225293,"data":"轮次:·17/·20 || c_Loss:0.321 || e_Loss:-1.276 || Aad_Loss:-31.253 || 耗时：13.02s\n"}
,{"stream_name":"stdout","time":6041.426113766,"data":"轮次:·18/·20 || c_Loss:0.330 || e_Loss:-1.147 || Aad_Loss:-29.846 || 耗时：13.05s\n"}
,{"stream_name":"stdout","time":6054.49712505,"data":"轮次:·19/·20 || c_Loss:0.330 || e_Loss:-0.865 || Aad_Loss:-30.516 || 耗时：13.07s\n"}
,{"stream_name":"stdout","time":6067.600972613,"data":"轮次:·20/·20 || c_Loss:0.335 || e_Loss:-1.419 || Aad_Loss:-29.486 || 耗时：13.10s\n"}
,{"stream_name":"stdout","time":6073.644503518,"data":"任务: (B2)N15_M07_F10→(B3)N15_M07_F04; mix批次:····0; 批次:·1880/·1880;  总正确率: 38.82%\n"}
,{"stream_name":"stdout","time":6073.644546061,"data":"类型1 正确率： 100.00% -\u003e 1  100.00%, 2    0.00%, 3    0.00%\n"}
,{"stream_name":"stdout","time":6073.644554476,"data":"类型2 正确率：  16.00% -\u003e 1    0.00%, 2   16.45%, 3   83.55%\n"}
,{"stream_name":"stdout","time":6073.644560303,"data":"类型3 正确率：   0.00% -\u003e 1    0.00%, 2  100.00%, 3    0.00%\n"}
,{"stream_name":"stdout","time":6073.644565496,"data":"\n"}
,{"stream_name":"stdout","time":6073.644570134,"data":"\n"}
,{"stream_name":"stdout","time":6079.635937564,"data":"测试集任务: (B2)N15_M07_F10→(B3)N15_M07_F04; 总正确率 = 38.82%\n"}
,{"stream_name":"stdout","time":6079.635989398,"data":"类型1 正确率： 100.00% -\u003e 1  100.00%, 2    0.00%, 3    0.00%\n"}
,{"stream_name":"stdout","time":6079.635997527,"data":"类型2 正确率：  16.00% -\u003e 1    0.00%, 2   16.45%, 3   83.55%\n"}
,{"stream_name":"stdout","time":6079.63600314,"data":"类型3 正确率：   0.00% -\u003e 1    0.00%, 2  100.00%, 3    0.00%\n"}
,{"stream_name":"stdout","time":6079.636008415,"data":"\n"}
,{"stream_name":"stdout","time":6079.636013302,"data":"\n"}
,{"stream_name":"stdout","time":6079.659948126,"data":"[tar_adaptation_RES_PU.py --folder_root /kaggle/working/k10/S08/sdalr_PU_final_checkpoint/DATA_foldS08c --seed 2024 --class_num 3 --data_name PU_M1_L3 --output /kaggle/working/k10/S08/weight_PU_M1_final_checkpoint_FS08toS08c_gatepcv_s2024 --s 1 --t 2 --lr 0.0005 --threshold 0.4 --K 0.6] 360s\n"}
,{"stream_name":"stdout","time":6079.695614648,"data":"读取源域路径：/kaggle/working/k10/S08/weight_PU_M1_final_checkpoint_FS08toS08c_gatepcv_s2024/NEW_PU/Source-源域/log\u0026pt/(B3)N15_M07_F04\n"}
,{"stream_name":"stdout","time":6079.695641499,"data":"excel输出位置：/kaggle/working/k10/S08/weight_PU_M1_final_checkpoint_FS08toS08c_gatepcv_s2024/NEW_PU/Target-目标域\n"}
,{"stream_name":"stdout","time":6079.695741706,"data":"特征图片输出位置：/kaggle/working/k10/S08/weight_PU_M1_final_checkpoint_FS08toS08c_gatepcv_s2024/NEW_PU/Picture-特征图/2026年09月19日09时56分/(B3)N15_M07_F04\n"}
,{"stream_name":"stderr","time":6079.729342842,"data":"/usr/local/lib/python3.12/dist-packages/torch/nn/utils/weight_norm.py:144: FutureWarning: `torch.nn.utils.weight_norm` is deprecated in favor of `torch.nn.utils.parametrizations.weight_norm`.\n"}
,{"stream_name":"stderr","time":6079.729370161,"data":"  WeightNorm.apply(module, name, dim)\n"}
,{"stream_name":"stdout","time":6079.765069798,"data":"现在选取:(B3)N15_M07_F04 进行训练的源模型\n"}
,{"stream_name":"stdout","time":6079.765111527,"data":"现在进行：(B3)N15_M07_F04→(B1)N15_M01_F10 的迁移任务\n"}
,{"stream_name":"stdout","time":6079.765118475,"data":"log\u0026pt输出位置：/kaggle/working/k10/S08/weight_PU_M1_final_checkpoint_FS08toS08c_gatepcv_s2024/NEW_PU/Target-目标域/log\u0026pt/(B3)N15_M07_F04→(B1)N15_M01_F10\n"}
,{"stream_name":"stderr","time":6079.766519494,"data":"sh: 1: Syntax error: word unexpected (expecting \")\")\n"}
,{"stream_name":"stdout","time":6090.644978187,"data":"任务: (B3)N15_M07_F04→(B1)N15_M01_F10; 批次:····0/·1880;  总正确率: 44.18%\n"}
,{"stream_name":"stdout","time":6090.645035284,"data":"类型1 正确率： 100.00% -\u003e 1  100.00%, 2    0.00%, 3    0.00%\n"}
,{"stream_name":"stdout","time":6090.645043884,"data":"类型2 正确率：  33.00% -\u003e 1    0.35%, 2   32.55%, 3   67.10%\n"}
,{"stream_name":"stdout","time":6090.645048988,"data":"类型3 正确率：   0.00% -\u003e 1    0.00%, 2  100.00%, 3    0.00%\n"}
,{"stream_name":"stdout","time":6090.645053684,"data":"\n"}
,{"stream_name":"stdout","time":6090.645063373,"data":"\n"}
,{"stream_name":"stdout","time":6090.645688745,"data":"样本变换：reverse\n"}
,{"stream_name":"stdout","time":6093.866131516,"data":"样本变换：mask\n"}
,{"stream_name":"stdout","time":6097.109039566,"data":"样本变换：shift\n"}
,{"stream_name":"stdout","time":6100.370154072,"data":"样本变换：none\n"}
,{"stream_name":"stderr","time":6105.622070749,"data":"/kaggle/working/k10/S08/sdalr_PU_final_checkpoint/tools.py:413: RuntimeWarning: invalid value encountered in divide\n"}
,{"stream_name":"stderr","time":6105.62212435,"data":"  per_class_acc = conf_matrix.diagonal() / conf_matrix.sum(axis=1) * 100\n"}
,{"stream_name":"stdout","time":6105.622146043,"data":"未过滤\t未用伪标签：44.18% -\u003e 使用伪标签：44.20%\n"}
,{"stream_name":"stdout","time":6105.622171918,"data":"已过滤\t未用伪标签：44.20% -\u003e 使用伪标签：44.42%\n"}
,{"stream_name":"stdout","time":6105.622177483,"data":"排除样本：30|6000\t剩余：2000, 2652, 1318\n"}
,{"stream_name":"stdout","time":6105.622182454,"data":"增添样本：2180\t\t细则：0, 1348, 832\t正确率估算：98.11%\n"}
,{"stream_name":"stdout","time":6105.622323447,"data":"类型1 正确率： 100.00% -\u003e 1  100.00%, 2    0.00%, 3    0.00%\n"}
,{"stream_name":"stdout","time":6105.622332725,"data":"类型2 正确率：  33.00% -\u003e 1    0.00%, 2   33.10%, 3   66.90%\n"}
,{"stream_name":"stdout","time":6105.622337397,"data":"类型3 正确率：   0.00% -\u003e 1    0.00%, 2  100.00%, 3    0.00%\n"}
,{"stream_name":"stdout","time":6105.62234191,"data":"\n"}
,{"stream_name":"stdout","time":6105.622386682,"data":"被排除样本 正确率：40.00%\n"}
,{"stream_name":"stdout","time":6105.622391153,"data":"类型1 没有样本或未被分类。\n"}
,{"stream_name":"stdout","time":6105.622394828,"data":"类型2 正确率：  40.00% -\u003e 1    3.33%, 2   40.00%, 3   56.67%\n"}
,{"stream_name":"stdout","time":6105.622398739,"data":"类型3 没有样本或未被分类。\n"}
,{"stream_name":"stdout","time":6105.622402547,"data":"\n"}
,{"stream_name":"stdout","time":6105.622406247,"data":"\n"}
,{"stream_name":"stdout","time":6118.830381788,"data":"轮次:··1/·20 || c_Loss:0.481 || e_Loss:-1.199 || Aad_Loss:-24.101 || 耗时：34.10s\n"}
,{"stream_name":"stdout","time":6132.089849068,"data":"轮次:··2/·20 || c_Loss:0.381 || e_Loss:-1.516 || Aad_Loss:-21.242 || 耗时：13.26s\n"}
,{"stream_name":"stdout","time":6145.1951335,"data":"轮次:··3/·20 || c_Loss:0.343 || e_Loss:-1.720 || Aad_Loss:-22.501 || 耗时：13.11s\n"}
,{"stream_name":"stdout","time":6158.254627923,"data":"轮次:··4/·20 || c_Loss:0.341 || e_Loss:-1.629 || Aad_Loss:-21.889 || 耗时：13.06s\n"}
,{"stream_name":"stdout","time":6171.283332864,"data":"轮次:··5/·20 || c_Loss:0.385 || e_Loss:-1.741 || Aad_Loss:-16.717 || 耗时：13.03s\n"}
,{"stream_name":"stdout","time":6177.263591567,"data":"任务: (B3)N15_M07_F04→(B1)N15_M01_F10; mix批次:····0; 批次:··470/·1880;  总正确率: 63.28%\n"}
,{"stream_name":"stdout","time":6177.263631259,"data":"类型1 正确率： 100.00% -\u003e 1  100.00%, 2    0.00%, 3    0.00%\n"}
,{"stream_name":"stdout","time":6177.263642252,"data":"类型2 正确率：  37.00% -\u003e 1    0.00%, 2   36.80%, 3   63.20%\n"}
,{"stream_name":"stdout","time":6177.263647667,"data":"类型3 正确率：  53.00% -\u003e 1    8.85%, 2   38.10%, 3   53.05%\n"}
,{"stream_name":"stdout","time":6177.263652532,"data":"\n"}
,{"stream_name":"stdout","time":6177.263656951,"data":"\n"}
,{"stream_name":"stdout","time":6177.294894741,"data":"样本变换：reverse\n"}
,{"stream_name":"stdout","time":6180.515132514,"data":"样本变换：mask\n"}
,{"stream_name":"stdout","time":6183.764156055,"data":"样本变换：shift\n"}
,{"stream_name":"stdout","time":6187.002481625,"data":"样本变换：none\n"}
,{"stream_name":"stdout","time":6192.135950377,"data":"未过滤\t未用伪标签：63.28% -\u003e 使用伪标签：49.23%\n"}
,{"stream_name":"stdout","time":6192.136015404,"data":"已过滤\t未用伪标签：61.91% -\u003e 使用伪标签：51.14%\n"}
,{"stream_name":"stdout","time":6192.136027686,"data":"排除样本：224|6000\t剩余：2000, 2207, 1569\n"}
,{"stream_name":"stdout","time":6192.136031337,"data":"增添样本：1841\t\t细则：0, 1316, 525\t正确率估算：98.92%\n"}
,{"stream_name":"stdout","time":6192.136034791,"data":"类型1 正确率： 100.00% -\u003e 1  100.00%, 2    0.00%, 3    0.00%\n"}
,{"stream_name":"stdout","time":6192.136037982,"data":"类型2 正确率：  34.00% -\u003e 1    0.00%, 2   34.49%, 3   65.51%\n"}
,{"stream_name":"stdout","time":6192.136041104,"data":"类型3 正确率：  15.00% -\u003e 1    0.00%, 2   84.94%, 3   15.06%\n"}
,{"stream_name":"stdout","time":6192.136044229,"data":"\n"}
,{"stream_name":"stdout","time":6192.136047144,"data":"被排除样本 正确率：98.66%\n"}
,{"stream_name":"stdout","time":6192.136050171,"data":"类型1 正确率：  82.00% -\u003e 1   82.35%, 2   17.65%\n"}
,{"stream_name":"stdout","time":6192.136056714,"data":"类型2 正确率： 100.00% -\u003e 1    0.00%, 2  100.00%\n"}
,{"stream_name":"stdout","time":6192.136059768,"data":"\n"}
,{"stream_name":"stdout","time":6192.136062647,"data":"\n"}
,{"stream_name":"stdout","time":6205.031619871,"data":"轮次:··6/·20 || c_Loss:0.360 || e_Loss:-1.708 || Aad_Loss:-21.610 || 耗时：33.75s\n"}
,{"stream_name":"stdout","time":6218.057459298,"data":"轮次:··7/·20 || c_Loss:0.351 || e_Loss:-1.629 || Aad_Loss:-26.593 || 耗时：13.03s\n"}
,{"stream_name":"stdout","time":6231.135111313,"data":"轮次:··8/·20 || c_Loss:0.343 || e_Loss:-1.680 || Aad_Loss:-22.788 || 耗时：13.08s\n"}
,{"stream_name":"stdout","time":6244.275707276,"data":"轮次:··9/·20 || c_Loss:0.339 || e_Loss:-1.680 || Aad_Loss:-23.450 || 耗时：13.14s\n"}
,{"stream_name":"stdout","time":6257.37450717,"data":"轮次:·10/·20 || c_Loss:0.369 || e_Loss:-1.644 || Aad_Loss:-21.146 || 耗时：13.10s\n"}
,{"stream_name":"stdout","time":6263.412355047,"data":"任务: (B3)N15_M07_F04→(B1)N15_M01_F10; mix批次:····0; 批次:··940/·1880;  总正确率: 69.00%\n"}
,{"stream_name":"stdout","time":6263.412394456,"data":"类型1 正确率： 100.00% -\u003e 1  100.00%, 2    0.00%, 3    0.00%\n"}
,{"stream_name":"stdout","time":6263.412401914,"data":"类型2 正确率：  36.00% -\u003e 1    0.00%, 2   35.50%, 3   64.50%\n"}
,{"stream_name":"stdout","time":6263.412407572,"data":"类型3 正确率：  72.00% -\u003e 1    0.60%, 2   27.90%, 3   71.50%\n"}
,{"stream_name":"stdout","time":6263.41241284,"data":"\n"}
,{"stream_name":"stdout","time":6263.412417667,"data":"\n"}
,{"stream_name":"stdout","time":6263.455941221,"data":"样本变换：reverse\n"}
,{"stream_name":"stdout","time":6266.681204841,"data":"样本变换：mask\n"}
,{"stream_name":"stdout","time":6269.931641066,"data":"样本变换：shift\n"}
,{"stream_name":"stdout","time":6273.195207257,"data":"样本变换：none\n"}
,{"stream_name":"stdout","time":6278.069056239,"data":"未过滤\t未用伪标签：69.00% -\u003e 使用伪标签：58.62%\n"}
,{"stream_name":"stdout","time":6278.069133446,"data":"已过滤\t未用伪标签：67.40% -\u003e 使用伪标签：61.84%\n"}
,{"stream_name":"stdout","time":6278.069145246,"data":"排除样本：313|6000\t剩余：2000, 1592, 2095\n"}
,{"stream_name":"stdout","time":6278.069155759,"data":"增添样本：1362\t\t细则：32, 1330, 0\t正确率估算：99.59%\n"}
,{"stream_name":"stdout","time":6278.06916163,"data":"类型1 正确率： 100.00% -\u003e 1  100.00%, 2    0.00%, 3    0.00%\n"}
,{"stream_name":"stdout","time":6278.069167668,"data":"类型2 正确率：  35.00% -\u003e 1    0.00%, 2   35.42%, 3   64.58%\n"}
,{"stream_name":"stdout","time":6278.069173509,"data":"类型3 正确率：  48.00% -\u003e 1    0.00%, 2   52.20%, 3   47.80%\n"}
,{"stream_name":"stdout","time":6278.069178915,"data":"\n"}
,{"stream_name":"stdout","time":6278.069183611,"data":"被排除样本 正确率：98.08%\n"}
,{"stream_name":"stdout","time":6278.06918867,"data":"类型1 正确率：  72.00% -\u003e 1   72.22%, 2   27.78%\n"}
,{"stream_name":"stdout","time":6278.069194034,"data":"类型2 正确率： 100.00% -\u003e 1    0.34%, 2   99.66%\n"}
,{"stream_name":"stdout","time":6278.069199239,"data":"\n"}
,{"stream_name":"stdout","time":6278.069203931,"data":"\n"}
,{"stream_name":"stdout","time":6291.000167947,"data":"轮次:·11/·20 || c_Loss:0.327 || e_Loss:-1.613 || Aad_Loss:-23.284 || 耗时：33.63s\n"}
,{"stream_name":"stdout","time":6303.930792482,"data":"轮次:·12/·20 || c_Loss:0.332 || e_Loss:-1.663 || Aad_Loss:-21.517 || 耗时：12.93s\n"}
,{"stream_name":"stdout","time":6316.857952579,"data":"轮次:·13/·20 || c_Loss:0.333 || e_Loss:-1.693 || Aad_Loss:-22.443 || 耗时：12.93s\n"}
,{"stream_name":"stdout","time":6329.789402966,"data":"轮次:·14/·20 || c_Loss:0.359 || e_Loss:-1.675 || Aad_Loss:-22.313 || 耗时：12.93s\n"}
,{"stream_name":"stdout","time":6342.702744504,"data":"轮次:·15/·20 || c_Loss:0.351 || e_Loss:-1.625 || Aad_Loss:-21.894 || 耗时：12.91s\n"}
,{"stream_name":"stdout","time":6348.70396937,"data":"任务: (B3)N15_M07_F04→(B1)N15_M01_F10; mix批次:····0; 批次:·1410/·1880;  总正确率: 66.73%\n"}
,{"stream_name":"stdout","time":6348.704013329,"data":"类型1 正确率： 100.00% -\u003e 1  100.00%, 2    0.00%, 3    0.00%\n"}
,{"stream_name":"stdout","time":6348.7040213,"data":"类型2 正确率：  40.00% -\u003e 1    0.00%, 2   39.80%, 3   60.20%\n"}
,{"stream_name":"stdout","time":6348.70402698,"data":"类型3 正确率：  60.00% -\u003e 1    0.00%, 2   39.60%, 3   60.40%\n"}
,{"stream_name":"stdout","time":6348.704031704,"data":"\n"}
,{"stream_name":"stdout","time":6348.704035986,"data":"\n"}
,{"stream_name":"stdout","time":6348.742741043,"data":"样本变换：reverse\n"}
,{"stream_name":"stdout","time":6351.976022599,"data":"样本变换：mask\n"}
,{"stream_name":"stdout","time":6355.236357244,"data":"样本变换：shift\n"}
,{"stream_name":"stdout","time":6358.495094427,"data":"样本变换：none\n"}
,{"stream_name":"stdout","time":6363.373501462,"data":"未过滤\t未用伪标签：66.73% -\u003e 使用伪标签：60.23%\n"}
,{"stream_name":"stdout","time":6363.373550205,"data":"已过滤\t未用伪标签：65.40% -\u003e 使用伪标签：63.76%\n"}
,{"stream_name":"stdout","time":6363.373555789,"data":"排除样本：332|6000\t剩余：2000, 1577, 2091\n"}
,{"stream_name":"stdout","time":6363.373559411,"data":"增添样本：1362\t\t细则：59, 1303, 0\t正确率估算：100.00%\n"}
,{"stream_name":"stdout","time":6363.373562781,"data":"类型1 正确率： 100.00% -\u003e 1  100.00%, 2    0.00%, 3    0.00%\n"}
,{"stream_name":"stdout","time":6363.373566173,"data":"类型2 正确率：  38.00% -\u003e 1    0.00%, 2   38.01%, 3   61.99%\n"}
,{"stream_name":"stdout","time":6363.373569377,"data":"类型3 正确率：  51.00% -\u003e 1    0.00%, 2   48.90%, 3   51.10%\n"}
,{"stream_name":"stdout","time":6363.373572559,"data":"\n"}
,{"stream_name":"stdout","time":6363.373575476,"data":"被排除样本 正确率：89.46%\n"}
,{"stream_name":"stdout","time":6363.373594516,"data":"类型1 正确率： 100.00% -\u003e 1  100.00%, 2    0.00%\n"}
,{"stream_name":"stdout","time":6363.373599435,"data":"类型2 正确率：  89.00% -\u003e 1   10.90%, 2   89.10%\n"}
,{"stream_name":"stdout","time":6363.373604254,"data":"\n"}
,{"stream_name":"stdout","time":6363.373609345,"data":"\n"}
,{"stream_name":"stdout","time":6376.327391027,"data":"轮次:·16/·20 || c_Loss:0.363 || e_Loss:-1.662 || Aad_Loss:-21.943 || 耗时：33.62s\n"}
,{"stream_name":"stdout","time":6389.364139422,"data":"轮次:·17/·20 || c_Loss:0.347 || e_Loss:-1.571 || Aad_Loss:-25.242 || 耗时：13.04s\n"}
,{"stream_name":"stdout","time":6402.414032923,"data":"轮次:·18/·20 || c_Loss:0.344 || e_Loss:-1.509 || Aad_Loss:-30.616 || 耗时：13.05s\n"}
,{"stream_name":"stdout","time":6415.494211464,"data":"轮次:·19/·20 || c_Loss:0.340 || e_Loss:-1.759 || Aad_Loss:-24.210 || 耗时：13.08s\n"}
,{"stream_name":"stdout","time":6428.536790396,"data":"轮次:·20/·20 || c_Loss:0.359 || e_Loss:-1.677 || Aad_Loss:-26.506 || 耗时：13.04s\n"}
,{"stream_name":"stdout","time":6434.549744411,"data":"任务: (B3)N15_M07_F04→(B1)N15_M01_F10; mix批次:····0; 批次:·1880/·1880;  总正确率: 72.25%\n"}
,{"stream_name":"stdout","time":6434.549790212,"data":"类型1 正确率： 100.00% -\u003e 1  100.00%, 2    0.00%, 3    0.00%\n"}
,{"stream_name":"stdout","time":6434.549799492,"data":"类型2 正确率：  40.00% -\u003e 1    0.00%, 2   40.05%, 3   59.95%\n"}
,{"stream_name":"stdout","time":6434.54981743,"data":"类型3 正确率：  77.00% -\u003e 1    0.25%, 2   23.05%, 3   76.70%\n"}
,{"stream_name":"stdout","time":6434.549821662,"data":"\n"}
,{"stream_name":"stdout","time":6434.549825017,"data":"\n"}
,{"stream_name":"stdout","time":6440.524827796,"data":"测试集任务: (B3)N15_M07_F04→(B1)N15_M01_F10; 总正确率 = 72.25%\n"}
,{"stream_name":"stdout","time":6440.52488081,"data":"类型1 正确率： 100.00% -\u003e 1  100.00%, 2    0.00%, 3    0.00%\n"}
,{"stream_name":"stdout","time":6440.524888487,"data":"类型2 正确率：  40.00% -\u003e 1    0.00%, 2   40.05%, 3   59.95%\n"}
,{"stream_name":"stdout","time":6440.524893987,"data":"类型3 正确率：  77.00% -\u003e 1    0.25%, 2   23.05%, 3   76.70%\n"}
,{"stream_name":"stdout","time":6440.524899254,"data":"\n"}
,{"stream_name":"stdout","time":6440.524904663,"data":"\n"}
,{"stream_name":"stdout","time":6440.547779092,"data":"[tar_adaptation_RES_PU.py --folder_root /kaggle/working/k10/S08/sdalr_PU_final_checkpoint/DATA_foldS08c --seed 2024 --class_num 3 --data_name PU_M1_L3 --output /kaggle/working/k10/S08/weight_PU_M1_final_checkpoint_FS08toS08c_gatepcv_s2024 --s 2 --t 0 --lr 0.0005 --threshold 0.4 --K 0.6] 361s\n"}
,{"stream_name":"stdout","time":6440.582210163,"data":"读取源域路径：/kaggle/working/k10/S08/weight_PU_M1_final_checkpoint_FS08toS08c_gatepcv_s2024/NEW_PU/Source-源域/log\u0026pt/(B3)N15_M07_F04\n"}
,{"stream_name":"stdout","time":6440.582254172,"data":"excel输出位置：/kaggle/working/k10/S08/weight_PU_M1_final_checkpoint_FS08toS08c_gatepcv_s2024/NEW_PU/Target-目标域\n"}
,{"stream_name":"stdout","time":6440.582294924,"data":"特征图片输出位置：/kaggle/working/k10/S08/weight_PU_M1_final_checkpoint_FS08toS08c_gatepcv_s2024/NEW_PU/Picture-特征图/2026年09月19日10时02分/(B3)N15_M07_F04\n"}
,{"stream_name":"stderr","time":6440.615287314,"data":"/usr/local/lib/python3.12/dist-packages/torch/nn/utils/weight_norm.py:144: FutureWarning: `torch.nn.utils.weight_norm` is deprecated in favor of `torch.nn.utils.parametrizations.weight_norm`.\n"}
,{"stream_name":"stderr","time":6440.61530888,"data":"  WeightNorm.apply(module, name, dim)\n"}
,{"stream_name":"stdout","time":6440.652742492,"data":"现在选取:(B3)N15_M07_F04 进行训练的源模型\n"}
,{"stream_name":"stdout","time":6440.652764924,"data":"现在进行：(B3)N15_M07_F04→(B2)N15_M07_F10 的迁移任务\n"}
,{"stream_name":"stdout","time":6440.65277234,"data":"log\u0026pt输出位置：/kaggle/working/k10/S08/weight_PU_M1_final_checkpoint_FS08toS08c_gatepcv_s2024/NEW_PU/Target-目标域/log\u0026pt/(B3)N15_M07_F04→(B2)N15_M07_F10\n"}
,{"stream_name":"stderr","time":6440.654124723,"data":"sh: 1: Syntax error: word unexpected (expecting \")\")\n"}
,{"stream_name":"stdout","time":6451.602931142,"data":"任务: (B3)N15_M07_F04→(B2)N15_M07_F10; 批次:····0/·1880;  总正确率: 42.55%\n"}
,{"stream_name":"stdout","time":6451.602978977,"data":"类型1 正确率： 100.00% -\u003e 1  100.00%, 2    0.00%, 3    0.00%\n"}
,{"stream_name":"stdout","time":6451.602987085,"data":"类型2 正确率：  28.00% -\u003e 1    0.00%, 2   27.65%, 3   72.35%\n"}
,{"stream_name":"stdout","time":6451.602992765,"data":"类型3 正确率：   0.00% -\u003e 1    0.00%, 2  100.00%, 3    0.00%\n"}
,{"stream_name":"stdout","time":6451.602997688,"data":"\n"}
,{"stream_name":"stdout","time":6451.603002417,"data":"\n"}
,{"stream_name":"stdout","time":6451.603752851,"data":"样本变换：reverse\n"}
,{"stream_name":"stdout","time":6454.828107968,"data":"样本变换：mask\n"}
,{"stream_name":"stdout","time":6458.11418412,"data":"样本变换：shift\n"}
,{"stream_name":"stdout","time":6461.393143192,"data":"样本变换：none\n"}
,{"stream_name":"stderr","time":6466.624132443,"data":"/kaggle/working/k10/S08/sdalr_PU_final_checkpoint/tools.py:413: RuntimeWarning: invalid value encountered in divide\n"}
,{"stream_name":"stderr","time":6466.624182049,"data":"  per_class_acc = conf_matrix.diagonal() / conf_matrix.sum(axis=1) * 100\n"}
,{"stream_name":"stdout","time":6466.624236884,"data":"未过滤\t未用伪标签：42.55% -\u003e 使用伪标签：42.12%\n"}
,{"stream_name":"stdout","time":6466.624263589,"data":"已过滤\t未用伪标签：42.55% -\u003e 使用伪标签：42.57%\n"}
,{"stream_name":"stdout","time":6466.624318901,"data":"排除样本：64|6000\t剩余：2000, 2527, 1409\n"}
,{"stream_name":"stdout","time":6466.624387851,"data":"增添样本：2360\t\t细则：0, 1473, 887\t正确率估算：97.81%\n"}
,{"stream_name":"stdout","time":6466.624451684,"data":"类型1 正确率： 100.00% -\u003e 1  100.00%, 2    0.00%, 3    0.00%\n"}
,{"stream_name":"stdout","time":6466.624511733,"data":"类型2 正确率：  27.00% -\u003e 1    0.00%, 2   27.22%, 3   72.78%\n"}
,{"stream_name":"stdout","time":6466.62453884,"data":"类型3 正确率：   0.00% -\u003e 1    0.00%, 2  100.00%, 3    0.00%\n"}
,{"stream_name":"stdout","time":6466.624594605,"data":"\n"}
,{"stream_name":"stdout","time":6466.624652801,"data":"被排除样本 正确率：42.19%\n"}
,{"stream_name":"stdout","time":6466.624774629,"data":"类型1 正确率：  42.00% -\u003e 1   42.19%, 2   57.81%\n"}
,{"stream_name":"stdout","time":6466.624852862,"data":"类型2 没有样本或未被分类。\n"}
,{"stream_name":"stdout","time":6466.624921846,"data":"\n"}
,{"stream_name":"stdout","time":6466.624977122,"data":"\n"}
,{"stream_name":"stdout","time":6479.844962193,"data":"轮次:··1/·20 || c_Loss:0.484 || e_Loss:-1.311 || Aad_Loss:-21.139 || 耗时：34.16s\n"}
,{"stream_name":"stdout","time":6493.085791945,"data":"轮次:··2/·20 || c_Loss:0.377 || e_Loss:-1.574 || Aad_Loss:-19.759 || 耗时：13.24s\n"}
,{"stream_name":"stdout","time":6506.177508687,"data":"轮次:··3/·20 || c_Loss:0.354 || e_Loss:-1.465 || Aad_Loss:-26.327 || 耗时：13.09s\n"}
,{"stream_name":"stdout","time":6519.159428791,"data":"轮次:··4/·20 || c_Loss:0.368 || e_Loss:-1.569 || Aad_Loss:-20.494 || 耗时：12.98s\n"}
,{"stream_name":"stdout","time":6532.116690243,"data":"轮次:··5/·20 || c_Loss:0.390 || e_Loss:-1.548 || Aad_Loss:-21.514 || 耗时：12.96s\n"}
,{"stream_name":"stdout","time":6538.103909753,"data":"任务: (B3)N15_M07_F04→(B2)N15_M07_F10; mix批次:····0; 批次:··470/·1880;  总正确率: 57.80%\n"}
,{"stream_name":"stdout","time":6538.103966595,"data":"类型1 正确率： 100.00% -\u003e 1  100.00%, 2    0.00%, 3    0.00%\n"}
,{"stream_name":"stdout","time":6538.103979328,"data":"类型2 正确率：  32.00% -\u003e 1    0.00%, 2   31.50%, 3   68.50%\n"}
,{"stream_name":"stdout","time":6538.103984873,"data":"类型3 正确率：  42.00% -\u003e 1    9.50%, 2   48.60%, 3   41.90%\n"}
,{"stream_name":"stdout","time":6538.103989154,"data":"\n"}
,{"stream_name":"stdout","time":6538.103993387,"data":"\n"}
,{"stream_name":"stdout","time":6538.134833985,"data":"样本变换：reverse\n"}
,{"stream_name":"stdout","time":6541.354814513,"data":"样本变换：mask\n"}
,{"stream_name":"stdout","time":6544.602135837,"data":"样本变换：shift\n"}
,{"stream_name":"stdout","time":6547.856125518,"data":"样本变换：none\n"}
,{"stream_name":"stdout","time":6552.483453356,"data":"未过滤\t未用伪标签：57.80% -\u003e 使用伪标签：48.90%\n"}
,{"stream_name":"stdout","time":6552.483493464,"data":"已过滤\t未用伪标签：57.59% -\u003e 使用伪标签：50.11%\n"}
,{"stream_name":"stdout","time":6552.483514429,"data":"排除样本：145|6000\t剩余：2000, 1431, 2424\n"}
,{"stream_name":"stdout","time":6552.483518908,"data":"增添样本：1777\t\t细则：0, 1768, 9\t正确率估算：100.00%\n"}
,{"stream_name":"stdout","time":6552.48352298,"data":"类型1 正确率： 100.00% -\u003e 1  100.00%, 2    0.00%, 3    0.00%\n"}
,{"stream_name":"stdout","time":6552.483526746,"data":"类型2 正确率：  12.00% -\u003e 1    0.00%, 2   11.87%, 3   88.13%\n"}
,{"stream_name":"stdout","time":6552.483530605,"data":"类型3 正确率：  37.00% -\u003e 1    0.00%, 2   63.07%, 3   36.93%\n"}
,{"stream_name":"stdout","time":6552.483534323,"data":"\n"}
,{"stream_name":"stdout","time":6552.483537725,"data":"被排除样本 正确率：66.21%\n"}
,{"stream_name":"stdout","time":6552.483541098,"data":"类型1 正确率： 100.00% -\u003e 1  100.00%, 2    0.00%\n"}
,{"stream_name":"stdout","time":6552.483544835,"data":"类型2 正确率：  51.00% -\u003e 1   49.49%, 2   50.51%\n"}
,{"stream_name":"stdout","time":6552.483548633,"data":"\n"}
,{"stream_name":"stdout","time":6552.483552029,"data":"\n"}
,{"stream_name":"stdout","time":6565.431960149,"data":"轮次:··6/·20 || c_Loss:0.352 || e_Loss:-1.514 || Aad_Loss:-24.994 || 耗时：33.32s\n"}
,{"stream_name":"stdout","time":6578.49665304,"data":"轮次:··7/·20 || c_Loss:0.355 || e_Loss:-1.534 || Aad_Loss:-22.486 || 耗时：13.06s\n"}
,{"stream_name":"stdout","time":6591.614781693,"data":"轮次:··8/·20 || c_Loss:0.339 || e_Loss:-1.361 || Aad_Loss:-31.040 || 耗时：13.12s\n"}
,{"stream_name":"stdout","time":6604.689294476,"data":"轮次:··9/·20 || c_Loss:0.367 || e_Loss:-1.555 || Aad_Loss:-27.108 || 耗时：13.07s\n"}
,{"stream_name":"stdout","time":6617.717739001,"data":"轮次:·10/·20 || c_Loss:0.346 || e_Loss:-1.460 || Aad_Loss:-24.605 || 耗时：13.03s\n"}
,{"stream_name":"stdout","time":6623.723244699,"data":"任务: (B3)N15_M07_F04→(B2)N15_M07_F10; mix批次:····0; 批次:··940/·1880;  总正确率: 65.05%\n"}
,{"stream_name":"stdout","time":6623.723303749,"data":"类型1 正确率： 100.00% -\u003e 1  100.00%, 2    0.00%, 3    0.00%\n"}
,{"stream_name":"stdout","time":6623.723327773,"data":"类型2 正确率：  22.00% -\u003e 1    0.00%, 2   22.20%, 3   77.80%\n"}
,{"stream_name":"stdout","time":6623.723334311,"data":"类型3 正确率：  73.00% -\u003e 1    0.50%, 2   26.55%, 3   72.95%\n"}
,{"stream_name":"stdout","time":6623.723340723,"data":"\n"}
,{"stream_name":"stdout","time":6623.723346448,"data":"\n"}
,{"stream_name":"stdout","time":6623.765989919,"data":"样本变换：reverse\n"}
,{"stream_name":"stdout","time":6626.992161063,"data":"样本变换：mask\n"}
,{"stream_name":"stdout","time":6630.252132334,"data":"样本变换：shift\n"}
,{"stream_name":"stdout","time":6633.489869253,"data":"样本变换：none\n"}
,{"stream_name":"stdout","time":6638.365111826,"data":"未过滤\t未用伪标签：65.05% -\u003e 使用伪标签：58.92%\n"}
,{"stream_name":"stdout","time":6638.365177528,"data":"已过滤\t未用伪标签：64.58% -\u003e 使用伪标签：59.87%\n"}
,{"stream_name":"stdout","time":6638.365185241,"data":"排除样本：96|6000\t剩余：2000, 1208, 2696\n"}
,{"stream_name":"stdout","time":6638.365190783,"data":"增添样本：2508\t\t细则：458, 2050, 0\t正确率估算：99.77%\n"}
,{"stream_name":"stdout","time":6638.365195966,"data":"类型1 正确率： 100.00% -\u003e 1  100.00%, 2    0.00%, 3    0.00%\n"}
,{"stream_name":"stdout","time":6638.365200701,"data":"类型2 正确率：  21.00% -\u003e 1    0.00%, 2   20.64%, 3   79.36%\n"}
,{"stream_name":"stdout","time":6638.365204741,"data":"类型3 正确率：  58.00% -\u003e 1    0.00%, 2   41.52%, 3   58.48%\n"}
,{"stream_name":"stdout","time":6638.365221619,"data":"\n"}
,{"stream_name":"stdout","time":6638.365224987,"data":"被排除样本 正确率：93.75%\n"}
,{"stream_name":"stdout","time":6638.365228128,"data":"类型1 正确率：  78.00% -\u003e 1   78.26%, 2   21.74%\n"}
,{"stream_name":"stdout","time":6638.365231756,"data":"类型2 正确率：  99.00% -\u003e 1    1.37%, 2   98.63%\n"}
,{"stream_name":"stdout","time":6638.36523505,"data":"\n"}
,{"stream_name":"stdout","time":6638.365238173,"data":"\n"}
,{"stream_name":"stdout","time":6651.280004616,"data":"轮次:·11/·20 || c_Loss:0.344 || e_Loss:-1.537 || Aad_Loss:-31.131 || 耗时：33.56s\n"}
,{"stream_name":"stdout","time":6664.22547428,"data":"轮次:·12/·20 || c_Loss:0.338 || e_Loss:-1.625 || Aad_Loss:-30.360 || 耗时：12.95s\n"}
,{"stream_name":"stdout","time":6677.185845095,"data":"轮次:·13/·20 || c_Loss:0.349 || e_Loss:-1.642 || Aad_Loss:-30.671 || 耗时：12.96s\n"}
,{"stream_name":"stdout","time":6690.155717532,"data":"轮次:·14/·20 || c_Loss:0.367 || e_Loss:-1.510 || Aad_Loss:-32.214 || 耗时：12.97s\n"}
,{"stream_name":"stdout","time":6703.150697548,"data":"轮次:·15/·20 || c_Loss:0.346 || e_Loss:-1.619 || Aad_Loss:-25.328 || 耗时：12.99s\n"}
,{"stream_name":"stdout","time":6709.172945948,"data":"任务: (B3)N15_M07_F04→(B2)N15_M07_F10; mix批次:····0; 批次:·1410/·1880;  总正确率: 68.00%\n"}
,{"stream_name":"stdout","time":6709.17301625,"data":"类型1 正确率： 100.00% -\u003e 1  100.00%, 2    0.00%, 3    0.00%\n"}
,{"stream_name":"stdout","time":6709.173987801,"data":"类型2 正确率：  25.00% -\u003e 1    0.00%, 2   25.25%, 3   74.75%\n"}
,{"stream_name":"stdout","time":6709.174001686,"data":"类型3 正确率：  79.00% -\u003e 1    0.50%, 2   20.75%, 3   78.75%\n"}
,{"stream_name":"stdout","time":6709.174006777,"data":"\n"}
,{"stream_name":"stdout","time":6709.174011254,"data":"\n"}
,{"stream_name":"stdout","time":6709.216679398,"data":"样本变换：reverse\n"}
,{"stream_name":"stdout","time":6712.50420293,"data":"样本变换：mask\n"}
,{"stream_name":"stdout","time":6715.781443372,"data":"样本变换：shift\n"}
,{"stream_name":"stdout","time":6719.048147017,"data":"样本变换：none\n"}
,{"stream_name":"stdout","time":6724.120784368,"data":"未过滤\t未用伪标签：68.00% -\u003e 使用伪标签：63.72%\n"}
,{"stream_name":"stdout","time":6724.120839987,"data":"已过滤\t未用伪标签：67.70% -\u003e 使用伪标签：64.54%\n"}
,{"stream_name":"stdout","time":6724.120845526,"data":"排除样本：77|6000\t剩余：2000, 1072, 2851\n"}
,{"stream_name":"stdout","time":6724.120849008,"data":"增添样本：2888\t\t细则：683, 2205, 0\t正确率估算：99.40%\n"}
,{"stream_name":"stdout","time":6724.120866551,"data":"类型1 正确率： 100.00% -\u003e 1  100.00%, 2    0.00%, 3    0.00%\n"}
,{"stream_name":"stdout","time":6724.120872265,"data":"类型2 正确率：  24.00% -\u003e 1    0.00%, 2   24.09%, 3   75.91%\n"}
,{"stream_name":"stdout","time":6724.120877685,"data":"类型3 正确率：  69.00% -\u003e 1    0.00%, 2   30.63%, 3   69.37%\n"}
,{"stream_name":"stdout","time":6724.12088309,"data":"\n"}
,{"stream_name":"stdout","time":6724.120894531,"data":"被排除样本 正确率：90.91%\n"}
,{"stream_name":"stdout","time":6724.120899457,"data":"类型1 正确率：  75.00% -\u003e 1   75.00%, 2   25.00%\n"}
,{"stream_name":"stdout","time":6724.120904494,"data":"类型2 正确率：  95.00% -\u003e 1    4.92%, 2   95.08%\n"}
,{"stream_name":"stdout","time":6724.120909056,"data":"\n"}
,{"stream_name":"stdout","time":6724.120929706,"data":"\n"}
,{"stream_name":"stdout","time":6737.048713246,"data":"轮次:·16/·20 || c_Loss:0.359 || e_Loss:-1.552 || Aad_Loss:-27.348 || 耗时：33.90s\n"}
,{"stream_name":"stdout","time":6750.051020484,"data":"轮次:·17/·20 || c_Loss:0.326 || e_Loss:-1.718 || Aad_Loss:-34.825 || 耗时：13.00s\n"}
,{"stream_name":"stdout","time":6763.076139062,"data":"轮次:·18/·20 || c_Loss:0.325 || e_Loss:-1.698 || Aad_Loss:-31.430 || 耗时：13.02s\n"}
,{"stream_name":"stdout","time":6776.097021945,"data":"轮次:·19/·20 || c_Loss:0.330 || e_Loss:-1.670 || Aad_Loss:-32.731 || 耗时：13.02s\n"}
,{"stream_name":"stdout","time":6789.113453431,"data":"轮次:·20/·20 || c_Loss:0.323 || e_Loss:-1.607 || Aad_Loss:-33.894 || 耗时：13.02s\n"}
,{"stream_name":"stdout","time":6795.105532715,"data":"任务: (B3)N15_M07_F04→(B2)N15_M07_F10; mix批次:····0; 批次:·1880/·1880;  总正确率: 70.05%\n"}
,{"stream_name":"stdout","time":6795.105577034,"data":"类型1 正确率： 100.00% -\u003e 1  100.00%, 2    0.00%, 3    0.00%\n"}
,{"stream_name":"stdout","time":6795.105588284,"data":"类型2 正确率：  27.00% -\u003e 1    0.00%, 2   26.75%, 3   73.25%\n"}
,{"stream_name":"stdout","time":6795.105594115,"data":"类型3 正确率：  83.00% -\u003e 1    0.95%, 2   15.65%, 3   83.40%\n"}
,{"stream_name":"stdout","time":6795.105599577,"data":"\n"}
,{"stream_name":"stdout","time":6795.105605059,"data":"\n"}
,{"stream_name":"stdout","time":6801.059283787,"data":"测试集任务: (B3)N15_M07_F04→(B2)N15_M07_F10; 总正确率 = 70.05%\n"}
,{"stream_name":"stdout","time":6801.059327214,"data":"类型1 正确率： 100.00% -\u003e 1  100.00%, 2    0.00%, 3    0.00%\n"}
,{"stream_name":"stdout","time":6801.059335009,"data":"类型2 正确率：  27.00% -\u003e 1    0.00%, 2   26.75%, 3   73.25%\n"}
,{"stream_name":"stdout","time":6801.059340394,"data":"类型3 正确率：  83.00% -\u003e 1    0.95%, 2   15.65%, 3   83.40%\n"}
,{"stream_name":"stdout","time":6801.059345184,"data":"\n"}
,{"stream_name":"stdout","time":6801.059349382,"data":"\n"}
,{"stream_name":"stdout","time":6801.08420469,"data":"[tar_adaptation_RES_PU.py --folder_root /kaggle/working/k10/S08/sdalr_PU_final_checkpoint/DATA_foldS08c --seed 2024 --class_num 3 --data_name PU_M1_L3 --output /kaggle/working/k10/S08/weight_PU_M1_final_checkpoint_FS08toS08c_gatepcv_s2024 --s 2 --t 1 --lr 0.0005 --threshold 0.4 --K 0.6] 361s\n"}
,{"stream_name":"stdout","time":6801.121221924,"data":"{\n"}
,{"stream_name":"stdout","time":6801.121246094,"data":"  \"dataset\": \"PU_M1\",\n"}
,{"stream_name":"stdout","time":6801.12125195,"data":"  \"variant\": \"final_checkpoint\",\n"}
,{"stream_name":"stdout","time":6801.121256543,"data":"  \"seed\": 2024,\n"}
,{"stream_name":"stdout","time":6801.121260556,"data":"  \"smoke\": false,\n"}
,{"stream_name":"stdout","time":6801.12126493,"data":"  \"src_fold\": \"S08\",\n"}
,{"stream_name":"stdout","time":6801.121269257,"data":"  \"tgt_fold\": \"S08c\",\n"}
,{"stream_name":"stdout","time":6801.12127349,"data":"  \"leaky\": false,\n"}
,{"stream_name":"stdout","time":6801.121277582,"data":"  \"hyperparameters\": {\n"}
,{"stream_name":"stdout","time":6801.121281806,"data":"    \"lr\": \"0.0005\",\n"}
,{"stream_name":"stdout","time":6801.121286403,"data":"    \"threshold\": \"0.4\",\n"}
,{"stream_name":"stdout","time":6801.121290787,"data":"    \"K\": \"0.6\"\n"}
,{"stream_name":"stdout","time":6801.121295151,"data":"  },\n"}
,{"stream_name":"stdout","time":6801.121299364,"data":"  \"adapters\": [\n"}
,{"stream_name":"stdout","time":6801.121303594,"data":"    \"npz_io\",\n"}
,{"stream_name":"stdout","time":6801.121307716,"data":"    \"tsne_stub\",\n"}
,{"stream_name":"stdout","time":6801.121321701,"data":"    \"final_checkpoint_patch\"\n"}
,{"stream_name":"stdout","time":6801.121325288,"data":"  ],\n"}
,{"stream_name":"stdout","time":6801.121328633,"data":"  \"source_only\": {},\n"}
,{"stream_name":"stdout","time":6801.121332037,"data":"  \"adapted\": {\n"}
,{"stream_name":"stdout","time":6801.121335552,"data":"    \"A1-\u003eA3\": 67.38,\n"}
,{"stream_name":"stdout","time":6801.121339037,"data":"    \"A1-\u003eA2\": 38.85,\n"}
,{"stream_name":"stdout","time":6801.121342284,"data":"    \"A3-\u003eA1\": 72.47,\n"}
,{"stream_name":"stdout","time":6801.121345644,"data":"    \"A3-\u003eA2\": 38.82,\n"}
,{"stream_name":"stdout","time":6801.121348777,"data":"    \"A2-\u003eA1\": 72.25,\n"}
,{"stream_name":"stdout","time":6801.121352094,"data":"    \"A2-\u003eA3\": 70.05\n"}
,{"stream_name":"stdout","time":6801.12135538,"data":"  },\n"}
,{"stream_name":"stdout","time":6801.121358686,"data":"  \"seconds\": {\n"}
,{"stream_name":"stdout","time":6801.121361999,"data":"    \"A1-\u003eA3\": 361,\n"}
,{"stream_name":"stdout","time":6801.121365352,"data":"    \"A1-\u003eA2\": 360,\n"}
,{"stream_name":"stdout","time":6801.121368654,"data":"    \"A3-\u003eA1\": 360,\n"}
,{"stream_name":"stdout","time":6801.121372128,"data":"    \"A3-\u003eA2\": 360,\n"}
,{"stream_name":"stdout","time":6801.121375338,"data":"    \"A2-\u003eA1\": 361,\n"}
,{"stream_name":"stdout","time":6801.121378659,"data":"    \"A2-\u003eA3\": 361\n"}
,{"stream_name":"stdout","time":6801.121382118,"data":"  },\n"}
,{"stream_name":"stdout","time":6801.121385266,"data":"  \"gate_log\": {\n"}
,{"stream_name":"stdout","time":6801.121388645,"data":"    \"A1-\u003eA3\": [\n"}
,{"stream_name":"stdout","time":6801.121391947,"data":"      {\n"}
,{"stream_name":"stdout","time":6801.121395538,"data":"        \"sdalr_rejected\": 68,\n"}
,{"stream_name":"stdout","time":6801.121398775,"data":"        \"hook_rejected\": 2499,\n"}
,{"stream_name":"stdout","time":6801.121402038,"data":"        \"precision_before\": 0.3641267700606878,\n"}
,{"stream_name":"stdout","time":6801.121405588,"data":"        \"precision_after\": 0.6291872997378386,\n"}
,{"stream_name":"stdout","time":6801.121408757,"data":"        \"n\": 6000\n"}
,{"stream_name":"stdout","time":6801.121411771,"data":"      },\n"}
,{"stream_name":"stdout","time":6801.121414914,"data":"      {\n"}
,{"stream_name":"stdout","time":6801.121418096,"data":"        \"sdalr_rejected\": 37,\n"}
,{"stream_name":"stdout","time":6801.121421276,"data":"        \"hook_rejected\": 1629,\n"}
,{"stream_name":"stdout","time":6801.121424609,"data":"        \"precision_before\": 0.5022639610934093,\n"}
,{"stream_name":"stdout","time":6801.121427986,"data":"        \"precision_after\": 0.691047531149054,\n"}
,{"stream_name":"stdout","time":6801.121431156,"data":"        \"n\": 6000\n"}
,{"stream_name":"stdout","time":6801.121434308,"data":"      },\n"}
,{"stream_name":"stdout","time":6801.121437221,"data":"      {\n"}
,{"stream_name":"stdout","time":6801.121440429,"data":"        \"sdalr_rejected\": 67,\n"}
,{"stream_name":"stdout","time":6801.121443925,"data":"        \"hook_rejected\": 1189,\n"}
,{"stream_name":"stdout","time":6801.121447421,"data":"        \"precision_before\": 0.5739086465531772,\n"}
,{"stream_name":"stdout","time":6801.121450759,"data":"        \"precision_after\": 0.7177487352445194,\n"}
,{"stream_name":"stdout","time":6801.121454234,"data":"        \"n\": 6000\n"}
,{"stream_name":"stdout","time":6801.121457468,"data":"      },\n"}
,{"stream_name":"stdout","time":6801.121460739,"data":"      {\n"}
,{"stream_name":"stdout","time":6801.121467491,"data":"        \"sdalr_rejected\": 67,\n"}
,{"stream_name":"stdout","time":6801.121470914,"data":"        \"hook_rejected\": 1010,\n"}
,{"stream_name":"stdout","time":6801.121474553,"data":"        \"precision_before\": 0.604078880836002,\n"}
,{"stream_name":"stdout","time":6801.121477963,"data":"        \"precision_after\": 0.7280113751777372,\n"}
,{"stream_name":"stdout","time":6801.121481155,"data":"        \"n\": 6000\n"}
,{"stream_name":"stdout","time":6801.1214844,"data":"      }\n"}
,{"stream_name":"stdout","time":6801.12148769,"data":"    ],\n"}
,{"stream_name":"stdout","time":6801.121490984,"data":"    \"A1-\u003eA2\": [\n"}
,{"stream_name":"stdout","time":6801.121494155,"data":"      {\n"}
,{"stream_name":"stdout","time":6801.12149715,"data":"        \"sdalr_rejected\": 43,\n"}
,{"stream_name":"stdout","time":6801.12150054,"data":"        \"hook_rejected\": 141,\n"}
,{"stream_name":"stdout","time":6801.121503891,"data":"        \"precision_before\": 0.39331878462313247,\n"}
,{"stream_name":"stdout","time":6801.121507153,"data":"        \"precision_after\": 0.40285419532324623,\n"}
,{"stream_name":"stdout","time":6801.121510894,"data":"        \"n\": 6000\n"}
,{"stream_name":"stdout","time":6801.121514568,"data":"      },\n"}
,{"stream_name":"stdout","time":6801.1215183,"data":"      {\n"}
,{"stream_name":"stdout","time":6801.121521718,"data":"        \"sdalr_rejected\": 10,\n"}
,{"stream_name":"stdout","time":6801.121525301,"data":"        \"hook_rejected\": 139,\n"}
,{"stream_name":"stdout","time":6801.121529109,"data":"        \"precision_before\": 0.38697829716193655,\n"}
,{"stream_name":"stdout","time":6801.121532903,"data":"        \"precision_after\": 0.3961715945992138,\n"}
,{"stream_name":"stdout","time":6801.121536802,"data":"        \"n\": 6000\n"}
,{"stream_name":"stdout","time":6801.121540548,"data":"      },\n"}
,{"stream_name":"stdout","time":6801.121544144,"data":"      {\n"}
,{"stream_name":"stdout","time":6801.121547563,"data":"        \"sdalr_rejected\": 7,\n"}
,{"stream_name":"stdout","time":6801.121551468,"data":"        \"hook_rejected\": 137,\n"}
,{"stream_name":"stdout","time":6801.121555106,"data":"        \"precision_before\": 0.38428166193892876,\n"}
,{"stream_name":"stdout","time":6801.121558385,"data":"        \"precision_after\": 0.3932718579234973,\n"}
,{"stream_name":"stdout","time":6801.121562171,"data":"        \"n\": 6000\n"}
,{"stream_name":"stdout","time":6801.121565603,"data":"      },\n"}
,{"stream_name":"stdout","time":6801.121569296,"data":"      {\n"}
,{"stream_name":"stdout","time":6801.121572712,"data":"        \"sdalr_rejected\": 9,\n"}
,{"stream_name":"stdout","time":6801.121577304,"data":"        \"hook_rejected\": 136,\n"}
,{"stream_name":"stdout","time":6801.121580574,"data":"        \"precision_before\": 0.38457686529794693,\n"}
,{"stream_name":"stdout","time":6801.121584029,"data":"        \"precision_after\": 0.39350982066609735,\n"}
,{"stream_name":"stdout","time":6801.121587429,"data":"        \"n\": 6000\n"}
,{"stream_name":"stdout","time":6801.121590929,"data":"      }\n"}
,{"stream_name":"stdout","time":6801.121593956,"data":"    ],\n"}
,{"stream_name":"stdout","time":6801.121597219,"data":"    \"A3-\u003eA1\": [\n"}
,{"stream_name":"stdout","time":6801.121600768,"data":"      {\n"}
,{"stream_name":"stdout","time":6801.121603934,"data":"        \"sdalr_rejected\": 36,\n"}
,{"stream_name":"stdout","time":6801.121607138,"data":"        \"hook_rejected\": 2236,\n"}
,{"stream_name":"stdout","time":6801.121610343,"data":"        \"precision_before\": 0.4027498323272971,\n"}
,{"stream_name":"stdout","time":6801.121617888,"data":"        \"precision_after\": 0.64431330472103,\n"}
,{"stream_name":"stdout","time":6801.12162145,"data":"        \"n\": 6000\n"}
,{"stream_name":"stdout","time":6801.121624451,"data":"      },\n"}
,{"stream_name":"stdout","time":6801.121627525,"data":"      {\n"}
,{"stream_name":"stdout","time":6801.121630491,"data":"        \"sdalr_rejected\": 71,\n"}
,{"stream_name":"stdout","time":6801.121633698,"data":"        \"hook_rejected\": 1879,\n"}
,{"stream_name":"stdout","time":6801.121636953,"data":"        \"precision_before\": 0.4570753921403272,\n"}
,{"stream_name":"stdout","time":6801.121640465,"data":"        \"precision_after\": 0.6691358024691358,\n"}
,{"stream_name":"stdout","time":6801.121643837,"data":"        \"n\": 6000\n"}
,{"stream_name":"stdout","time":6801.121647124,"data":"      },\n"}
,{"stream_name":"stdout","time":6801.121650361,"data":"      {\n"}
,{"stream_name":"stdout","time":6801.121653448,"data":"        \"sdalr_rejected\": 148,\n"}
,{"stream_name":"stdout","time":6801.121656667,"data":"        \"hook_rejected\": 1364,\n"}
,{"stream_name":"stdout","time":6801.121659768,"data":"        \"precision_before\": 0.5379357484620643,\n"}
,{"stream_name":"stdout","time":6801.121663163,"data":"        \"precision_after\": 0.7014260249554367,\n"}
,{"stream_name":"stdout","time":6801.121666619,"data":"        \"n\": 6000\n"}
,{"stream_name":"stdout","time":6801.121669713,"data":"      },\n"}
,{"stream_name":"stdout","time":6801.121673006,"data":"      {\n"}
,{"stream_name":"stdout","time":6801.121676277,"data":"        \"sdalr_rejected\": 180,\n"}
,{"stream_name":"stdout","time":6801.121679625,"data":"        \"hook_rejected\": 835,\n"}
,{"stream_name":"stdout","time":6801.12168285,"data":"        \"precision_before\": 0.6269759450171821,\n"}
,{"stream_name":"stdout","time":6801.121693811,"data":"        \"precision_after\": 0.7319959879638916,\n"}
,{"stream_name":"stdout","time":6801.121697523,"data":"        \"n\": 6000\n"}
,{"stream_name":"stdout","time":6801.121700896,"data":"      }\n"}
,{"stream_name":"stdout","time":6801.12170406,"data":"    ],\n"}
,{"stream_name":"stdout","time":6801.121707159,"data":"    \"A3-\u003eA2\": [\n"}
,{"stream_name":"stdout","time":6801.121710141,"data":"      {\n"}
,{"stream_name":"stdout","time":6801.121713151,"data":"        \"sdalr_rejected\": 37,\n"}
,{"stream_name":"stdout","time":6801.121716672,"data":"        \"hook_rejected\": 127,\n"}
,{"stream_name":"stdout","time":6801.121719908,"data":"        \"precision_before\": 0.40097266476605736,\n"}
,{"stream_name":"stdout","time":6801.121723298,"data":"        \"precision_after\": 0.409698423577793,\n"}
,{"stream_name":"stdout","time":6801.121726698,"data":"        \"n\": 6000\n"}
,{"stream_name":"stdout","time":6801.121729943,"data":"      },\n"}
,{"stream_name":"stdout","time":6801.121756618,"data":"      {\n"}
,{"stream_name":"stdout","time":6801.121760468,"data":"        \"sdalr_rejected\": 7,\n"}
,{"stream_name":"stdout","time":6801.121763693,"data":"        \"hook_rejected\": 131,\n"}
,{"stream_name":"stdout","time":6801.121766929,"data":"        \"precision_before\": 0.39028867011513435,\n"}
,{"stream_name":"stdout","time":6801.121770339,"data":"        \"precision_after\": 0.39901057659501876,\n"}
,{"stream_name":"stdout","time":6801.121776301,"data":"        \"n\": 6000\n"}
,{"stream_name":"stdout","time":6801.121779671,"data":"      },\n"}
,{"stream_name":"stdout","time":6801.121782839,"data":"      {\n"}
,{"stream_name":"stdout","time":6801.121786022,"data":"        \"sdalr_rejected\": 3,\n"}
,{"stream_name":"stdout","time":6801.121792423,"data":"        \"hook_rejected\": 135,\n"}
,{"stream_name":"stdout","time":6801.121796164,"data":"        \"precision_before\": 0.38852759713189927,\n"}
,{"stream_name":"stdout","time":6801.121799514,"data":"        \"precision_after\": 0.39747526441487546,\n"}
,{"stream_name":"stdout","time":6801.121802908,"data":"        \"n\": 6000\n"}
,{"stream_name":"stdout","time":6801.121806091,"data":"      },\n"}
,{"stream_name":"stdout","time":6801.121809206,"data":"      {\n"}
,{"stream_name":"stdout","time":6801.121812261,"data":"        \"sdalr_rejected\": 7,\n"}
,{"stream_name":"stdout","time":6801.121815623,"data":"        \"hook_rejected\": 135,\n"}
,{"stream_name":"stdout","time":6801.121818863,"data":"        \"precision_before\": 0.38795261137994325,\n"}
,{"stream_name":"stdout","time":6801.121822201,"data":"        \"precision_after\": 0.396893137589621,\n"}
,{"stream_name":"stdout","time":6801.121825471,"data":"        \"n\": 6000\n"}
,{"stream_name":"stdout","time":6801.121828693,"data":"      }\n"}
,{"stream_name":"stdout","time":6801.121831794,"data":"    ],\n"}
,{"stream_name":"stdout","time":6801.121835241,"data":"    \"A2-\u003eA1\": [\n"}
,{"stream_name":"stdout","time":6801.121838505,"data":"      {\n"}
,{"stream_name":"stdout","time":6801.121841596,"data":"        \"sdalr_rejected\": 30,\n"}
,{"stream_name":"stdout","time":6801.121845129,"data":"        \"hook_rejected\": 2150,\n"}
,{"stream_name":"stdout","time":6801.121848443,"data":"        \"precision_before\": 0.4442211055276382,\n"}
,{"stream_name":"stdout","time":6801.121851761,"data":"        \"precision_after\": 0.694240837696335,\n"}
,{"stream_name":"stdout","time":6801.121855132,"data":"        \"n\": 6000\n"}
,{"stream_name":"stdout","time":6801.121858411,"data":"      },\n"}
,{"stream_name":"stdout","time":6801.122017097,"data":"      {\n"}
,{"stream_name":"stdout","time":6801.122182623,"data":"        \"sdalr_rejected\": 224,\n"}
,{"stream_name":"stdout","time":6801.122211524,"data":"        \"hook_rejected\": 1617,\n"}
,{"stream_name":"stdout","time":6801.122230717,"data":"        \"precision_before\": 0.5114265927977839,\n"}
,{"stream_name":"stdout","time":6801.12225558,"data":"        \"precision_after\": 0.7102668910795864,\n"}
,{"stream_name":"stdout","time":6801.122289758,"data":"        \"n\": 6000\n"}
,{"stream_name":"stdout","time":6801.122305976,"data":"      },\n"}
,{"stream_name":"stdout","time":6801.122321672,"data":"      {\n"}
,{"stream_name":"stdout","time":6801.122338249,"data":"        \"sdalr_rejected\": 313,\n"}
,{"stream_name":"stdout","time":6801.122355757,"data":"        \"hook_rejected\": 953,\n"}
,{"stream_name":"stdout","time":6801.122376766,"data":"        \"precision_before\": 0.6184279936697732,\n"}
,{"stream_name":"stdout","time":6801.122392397,"data":"        \"precision_after\": 0.742923531896916,\n"}
,{"stream_name":"stdout","time":6801.122410476,"data":"        \"n\": 6000\n"}
,{"stream_name":"stdout","time":6801.122426061,"data":"      },\n"}
,{"stream_name":"stdout","time":6801.122447055,"data":"      {\n"}
,{"stream_name":"stdout","time":6801.122462468,"data":"        \"sdalr_rejected\": 332,\n"}
,{"stream_name":"stdout","time":6801.122477986,"data":"        \"hook_rejected\": 853,\n"}
,{"stream_name":"stdout","time":6801.122494008,"data":"        \"precision_before\": 0.6376146788990825,\n"}
,{"stream_name":"stdout","time":6801.122511591,"data":"        \"precision_after\": 0.750571131879543,\n"}
,{"stream_name":"stdout","time":6801.122528594,"data":"        \"n\": 6000\n"}
,{"stream_name":"stdout","time":6801.122547234,"data":"      }\n"}
,{"stream_name":"stdout","time":6801.122572975,"data":"    ],\n"}
,{"stream_name":"stdout","time":6801.122590132,"data":"    \"A2-\u003eA3\": [\n"}
,{"stream_name":"stdout","time":6801.122605539,"data":"      {\n"}
,{"stream_name":"stdout","time":6801.122631245,"data":"        \"sdalr_rejected\": 64,\n"}
,{"stream_name":"stdout","time":6801.122781779,"data":"        \"hook_rejected\": 2296,\n"}
,{"stream_name":"stdout","time":6801.122810648,"data":"        \"precision_before\": 0.4257075471698113,\n"}
,{"stream_name":"stdout","time":6801.122840565,"data":"        \"precision_after\": 0.6942307692307692,\n"}
,{"stream_name":"stdout","time":6801.122868154,"data":"        \"n\": 6000\n"}
,{"stream_name":"stdout","time":6801.12289624,"data":"      },\n"}
,{"stream_name":"stdout","time":6801.122922814,"data":"      {\n"}
,{"stream_name":"stdout","time":6801.12294764,"data":"        \"sdalr_rejected\": 145,\n"}
,{"stream_name":"stdout","time":6801.122977964,"data":"        \"hook_rejected\": 1632,\n"}
,{"stream_name":"stdout","time":6801.123006617,"data":"        \"precision_before\": 0.5011101622544833,\n"}
,{"stream_name":"stdout","time":6801.123033722,"data":"        \"precision_after\": 0.6947667534927776,\n"}
,{"stream_name":"stdout","time":6801.123062526,"data":"        \"n\": 6000\n"}
,{"stream_name":"stdout","time":6801.123117379,"data":"      },\n"}
,{"stream_name":"stdout","time":6801.123145376,"data":"      {\n"}
,{"stream_name":"stdout","time":6801.123165998,"data":"        \"sdalr_rejected\": 96,\n"}
,{"stream_name":"stdout","time":6801.123188802,"data":"        \"hook_rejected\": 1038,\n"}
,{"stream_name":"stdout","time":6801.123209859,"data":"        \"precision_before\": 0.5987466124661247,\n"}
,{"stream_name":"stdout","time":6801.123231089,"data":"        \"precision_after\": 0.7264693793670366,\n"}
,{"stream_name":"stdout","time":6801.123255489,"data":"        \"n\": 6000\n"}
,{"stream_name":"stdout","time":6801.123277715,"data":"      },\n"}
,{"stream_name":"stdout","time":6801.12330125,"data":"      {\n"}
,{"stream_name":"stdout","time":6801.12332243,"data":"        \"sdalr_rejected\": 77,\n"}
,{"stream_name":"stdout","time":6801.123342554,"data":"        \"hook_rejected\": 762,\n"}
,{"stream_name":"stdout","time":6801.123364925,"data":"        \"precision_before\": 0.6454499409083235,\n"}
,{"stream_name":"stdout","time":6801.123387492,"data":"        \"precision_after\": 0.7407479170703352,\n"}
,{"stream_name":"stdout","time":6801.123412196,"data":"        \"n\": 6000\n"}
,{"stream_name":"stdout","time":6801.123435692,"data":"      }\n"}
,{"stream_name":"stdout","time":6801.12346004,"data":"    ]\n"}
,{"stream_name":"stdout","time":6801.123481497,"data":"  },\n"}
,{"stream_name":"stdout","time":6801.123501885,"data":"  \"gate\": \"pcv\"\n"}
,{"stream_name":"stdout","time":6801.123523342,"data":"}\n"}
,{"stream_name":"stdout","time":6802.221063045,"data":"RUN /usr/bin/python3 -u /kaggle/input/datasets/rafiurrahman01/physgate-m0-code/sdalr_runner.py --sdalr /kaggle/input/datasets/rafiurrahman01/physgate-m0-code --m0 /kaggle/input/physgate-k10-g4 --dataset PU_M1 --src-fold S08 --tgt-fold S08c --variant final_checkpoint --work /kaggle/working/k10/S08 --seed 2024 --gate oracle --gate-verdicts /kaggle/input/datasets/rafiurrahman01/physgate-m0-code/gate_verdicts.json --skip-pretrain\n"}
,{"stream_name":"stdout","time":6807.492335252,"data":"读取源域路径：/kaggle/working/k10/S08/weight_PU_M1_final_checkpoint_FS08toS08c_gateoracle_s2024/NEW_PU/Source-源域/log\u0026pt/(B1)N15_M01_F10\n"}
,{"stream_name":"stdout","time":6807.492378727,"data":"excel输出位置：/kaggle/working/k10/S08/weight_PU_M1_final_checkpoint_FS08toS08c_gateoracle_s2024/NEW_PU/Target-目标域\n"}
,{"stream_name":"stdout","time":6807.492940281,"data":"特征图片输出位置：/kaggle/working/k10/S08/weight_PU_M1_final_checkpoint_FS08toS08c_gateoracle_s2024/NEW_PU/Picture-特征图/2026年09月19日10时08分/(B1)N15_M01_F10\n"}
,{"stream_name":"stderr","time":6807.811251049,"data":"/usr/local/lib/python3.12/dist-packages/torch/nn/utils/weight_norm.py:144: FutureWarning: `torch.nn.utils.weight_norm` is deprecated in favor of `torch.nn.utils.parametrizations.weight_norm`.\n"}
,{"stream_name":"stderr","time":6807.811297838,"data":"  WeightNorm.apply(module, name, dim)\n"}
,{"stream_name":"stdout","time":6807.85593631,"data":"现在选取:(B1)N15_M01_F10 进行训练的源模型\n"}
,{"stream_name":"stdout","time":6807.855968769,"data":"现在进行：(B1)N15_M01_F10→(B2)N15_M07_F10 的迁移任务\n"}
,{"stream_name":"stdout","time":6807.855974987,"data":"log\u0026pt输出位置：/kaggle/working/k10/S08/weight_PU_M1_final_checkpoint_FS08toS08c_gateoracle_s2024/NEW_PU/Target-目标域/log\u0026pt/(B1)N15_M01_F10→(B2)N15_M07_F10\n"}
,{"stream_name":"stderr","time":6807.857345173,"data":"sh: 1: Syntax error: word unexpected (expecting \")\")\n"}
,{"stream_name":"stdout","time":6818.977291219,"data":"任务: (B1)N15_M01_F10→(B2)N15_M07_F10; 批次:····0/·1880;  总正确率: 36.93%\n"}
,{"stream_name":"stdout","time":6818.977337762,"data":"类型1 正确率： 100.00% -\u003e 1  100.00%, 2    0.00%, 3    0.00%\n"}
,{"stream_name":"stdout","time":6818.977345775,"data":"类型2 正确率：  11.00% -\u003e 1    0.00%, 2   10.80%, 3   89.20%\n"}
,{"stream_name":"stdout","time":6818.977351419,"data":"类型3 正确率：   0.00% -\u003e 1    0.00%, 2  100.00%, 3    0.00%\n"}
,{"stream_name":"stdout","time":6818.977355882,"data":"\n"}
,{"stream_name":"stdout","time":6818.977359884,"data":"\n"}
,{"stream_name":"stdout","time":6818.978166084,"data":"样本变换：reverse\n"}
,{"stream_name":"stdout","time":6822.248142817,"data":"样本变换：mask\n"}
,{"stream_name":"stdout","time":6825.493792399,"data":"样本变换：shift\n"}
,{"stream_name":"stdout","time":6828.732144854,"data":"样本变换：none\n"}
,{"stream_name":"stderr","time":6833.306390104,"data":"/kaggle/working/k10/S08/sdalr_PU_final_checkpoint/tools.py:413: RuntimeWarning: invalid value encountered in divide\n"}
,{"stream_name":"stderr","time":6833.30645625,"data":"  per_class_acc = conf_matrix.diagonal() / conf_matrix.sum(axis=1) * 100\n"}
,{"stream_name":"stdout","time":6833.30670438,"data":"未过滤\t未用伪标签：36.93% -\u003e 使用伪标签：36.00%\n"}
,{"stream_name":"stdout","time":6833.306750387,"data":"已过滤\t未用伪标签：36.72% -\u003e 使用伪标签：36.41%\n"}
,{"stream_name":"stdout","time":6833.306757519,"data":"排除样本：68|6000\t剩余：2000, 2160, 1772\n"}
,{"stream_name":"stdout","time":6833.30676263,"data":"增添样本：1840\t\t细则：0, 1840\t正确率估算：75.00%\n"}
,{"stream_name":"stdout","time":6833.306768287,"data":"类型1 正确率： 100.00% -\u003e 1  100.00%, 2    0.00%, 3    0.00%\n"}
,{"stream_name":"stdout","time":6833.306773157,"data":"类型2 正确率：   8.00% -\u003e 1    0.00%, 2    8.28%, 3   91.72%\n"}
,{"stream_name":"stdout","time":6833.306778129,"data":"类型3 正确率：   0.00% -\u003e 1    0.00%, 2  100.00%, 3    0.00%\n"}
,{"stream_name":"stdout","time":6833.306782772,"data":"\n"}
,{"stream_name":"stdout","time":6833.30678734,"data":"被排除样本 正确率：55.88%\n"}
,{"stream_name":"stdout","time":6833.306791665,"data":"类型1 正确率：  56.00% -\u003e 1   55.88%, 2   44.12%\n"}
,{"stream_name":"stdout","time":6833.306795804,"data":"类型2 没有样本或未被分类。\n"}
,{"stream_name":"stdout","time":6833.3068161,"data":"\n"}
,{"stream_name":"stdout","time":6833.306820598,"data":"\n"}
,{"stream_name":"stdout","time":6846.812561679,"data":"轮次:··1/·20 || c_Loss:0.504 || e_Loss:-0.626 || Aad_Loss:-16.403 || 耗时：33.95s\n"}
,{"stream_name":"stdout","time":6860.07105139,"data":"轮次:··2/·20 || c_Loss:0.339 || e_Loss:-0.737 || Aad_Loss:-20.747 || 耗时：13.26s\n"}
,{"stream_name":"stdout","time":6873.205145845,"data":"轮次:··3/·20 || c_Loss:0.307 || e_Loss:-0.918 || Aad_Loss:-22.465 || 耗时：13.13s\n"}
,{"stream_name":"stdout","time":6886.075754849,"data":"轮次:··4/·20 || c_Loss:0.318 || e_Loss:-1.162 || Aad_Loss:-20.745 || 耗时：12.87s\n"}
,{"stream_name":"stdout","time":6898.839713262,"data":"轮次:··5/·20 || c_Loss:0.380 || e_Loss:-1.313 || Aad_Loss:-16.331 || 耗时：12.76s\n"}
,{"stream_name":"stdout","time":6904.769916398,"data":"任务: (B1)N15_M01_F10→(B2)N15_M07_F10; mix批次:····0; 批次:··470/·1880;  总正确率: 65.22%\n"}
,{"stream_name":"stdout","time":6904.769956203,"data":"类型1 正确率： 100.00% -\u003e 1  100.00%, 2    0.00%, 3    0.00%\n"}
,{"stream_name":"stdout","time":6904.769962838,"data":"类型2 正确率：  65.00% -\u003e 1    0.00%, 2   65.15%, 3   34.85%\n"}
,{"stream_name":"stdout","time":6904.769967755,"data":"类型3 正确率：  30.00% -\u003e 1    9.50%, 2   60.00%, 3   30.50%\n"}
,{"stream_name":"stdout","time":6904.76997262,"data":"\n"}
,{"stream_name":"stdout","time":6904.769977065,"data":"\n"}
,{"stream_name":"stdout","time":6904.802503994,"data":"样本变换：reverse\n"}
,{"stream_name":"stdout","time":6908.029160044,"data":"样本变换：mask\n"}
,{"stream_name":"stdout","time":6911.266578688,"data":"样本变换：shift\n"}
,{"stream_name":"stdout","time":6914.483159463,"data":"样本变换：none\n"}
,{"stream_name":"stderr","time":6919.106406795,"data":"/usr/local/lib/python3.12/dist-packages/sklearn/metrics/_classification.py:407: UserWarning: A single label was found in 'y_true' and 'y_pred'. For the confusion matrix to have the correct shape, use the 'labels' parameter to pass all known labels.\n"}
,{"stream_name":"stderr","time":6919.106478724,"data":"  warnings.warn(\n"}
,{"stream_name":"stdout","time":6919.106580489,"data":"未过滤\t未用伪标签：65.22% -\u003e 使用伪标签：37.83%\n"}
,{"stream_name":"stdout","time":6919.106595299,"data":"已过滤\t未用伪标签：64.84% -\u003e 使用伪标签：38.24%\n"}
,{"stream_name":"stdout","time":6919.106601164,"data":"排除样本：64|6000\t剩余：2000, 2270, 1666\n"}
,{"stream_name":"stdout","time":6919.106606313,"data":"增添样本：1730\t\t细则：0, 1730\t正确率估算：100.00%\n"}
,{"stream_name":"stdout","time":6919.106611365,"data":"类型1 正确率： 100.00% -\u003e 1  100.00%, 2    0.00%, 3    0.00%\n"}
,{"stream_name":"stdout","time":6919.106616249,"data":"类型2 正确率：  14.00% -\u003e 1    0.00%, 2   13.95%, 3   86.05%\n"}
,{"stream_name":"stdout","time":6919.106621396,"data":"类型3 正确率：   0.00% -\u003e 1    0.00%, 2  100.00%, 3    0.00%\n"}
,{"stream_name":"stdout","time":6919.106626487,"data":"\n"}
,{"stream_name":"stdout","time":6919.106631034,"data":"被排除样本 正确率：100.00%\n"}
,{"stream_name":"stdout","time":6919.106636087,"data":"类型1 正确率： 100.00% -\u003e 1  100.00%\n"}
,{"stream_name":"stdout","time":6919.106648334,"data":"\n"}
,{"stream_name":"stdout","time":6919.106653876,"data":"\n"}
,{"stream_name":"stdout","time":6931.941887087,"data":"轮次:··6/·20 || c_Loss:0.332 || e_Loss:-1.251 || Aad_Loss:-17.288 || 耗时：33.10s\n"}
,{"stream_name":"stdout","time":6945.070902153,"data":"轮次:··7/·20 || c_Loss:0.333 || e_Loss:-1.363 || Aad_Loss:-20.372 || 耗时：13.13s\n"}
,{"stream_name":"stdout","time":6958.273402507,"data":"轮次:··8/·20 || c_Loss:0.385 || e_Loss:-1.224 || Aad_Loss:-12.667 || 耗时：13.20s\n"}
,{"stream_name":"stdout","time":6971.421926258,"data":"轮次:··9/·20 || c_Loss:0.350 || e_Loss:-1.402 || Aad_Loss:-19.088 || 耗时：13.15s\n"}
,{"stream_name":"stdout","time":6984.486961825,"data":"轮次:·10/·20 || c_Loss:0.367 || e_Loss:-1.319 || Aad_Loss:-15.386 || 耗时：13.06s\n"}
,{"stream_name":"stdout","time":6990.477140284,"data":"任务: (B1)N15_M01_F10→(B2)N15_M07_F10; mix批次:····0; 批次:··940/·1880;  总正确率: 71.47%\n"}
,{"stream_name":"stdout","time":6990.477172897,"data":"类型1 正确率： 100.00% -\u003e 1  100.00%, 2    0.00%, 3    0.00%\n"}
,{"stream_name":"stdout","time":6990.477179019,"data":"类型2 正确率：  78.00% -\u003e 1    0.00%, 2   78.00%, 3   22.00%\n"}
,{"stream_name":"stdout","time":6990.477183889,"data":"类型3 正确率：  36.00% -\u003e 1   10.70%, 2   52.90%, 3   36.40%\n"}
,{"stream_name":"stdout","time":6990.477188684,"data":"\n"}
,{"stream_name":"stdout","time":6990.477193124,"data":"\n"}
,{"stream_name":"stdout","time":6990.518546473,"data":"样本变换：reverse\n"}
,{"stream_name":"stdout","time":6993.739129312,"data":"样本变换：mask\n"}
,{"stream_name":"stdout","time":6996.979470297,"data":"样本变换：shift\n"}
,{"stream_name":"stdout","time":7000.208162702,"data":"样本变换：none\n"}
,{"stream_name":"stderr","time":7004.866660284,"data":"/kaggle/working/k10/S08/sdalr_PU_final_checkpoint/tools.py:413: RuntimeWarning: invalid value encountered in divide\n"}
,{"stream_name":"stderr","time":7004.86672616,"data":"  per_class_acc = conf_matrix.diagonal() / conf_matrix.sum(axis=1) * 100\n"}
,{"stream_name":"stdout","time":7004.866981427,"data":"未过滤\t未用伪标签：71.47% -\u003e 使用伪标签：41.80%\n"}
,{"stream_name":"stdout","time":7004.867002598,"data":"已过滤\t未用伪标签：98.55% -\u003e 使用伪标签：98.28%\n"}
,{"stream_name":"stdout","time":7004.867009459,"data":"排除样本：3448|6000\t剩余：2000, 552\n"}
,{"stream_name":"stdout","time":7004.867014799,"data":"增添样本：1492\t\t细则：0, 1492\t正确率估算：99.61%\n"}
,{"stream_name":"stdout","time":7004.867019449,"data":"类型1 正确率： 100.00% -\u003e 1  100.00%, 2    0.00%, 3    0.00%\n"}
,{"stream_name":"stdout","time":7004.867024247,"data":"类型2 正确率： 100.00% -\u003e 1    0.00%, 2  100.00%, 3    0.00%\n"}
,{"stream_name":"stdout","time":7004.867028868,"data":"类型3 正确率：   0.00% -\u003e 1    0.00%, 2  100.00%, 3    0.00%\n"}
,{"stream_name":"stdout","time":7004.867033119,"data":"\n"}
,{"stream_name":"stdout","time":7004.867037591,"data":"被排除样本 正确率：51.42%\n"}
,{"stream_name":"stdout","time":7004.867041835,"data":"类型1 没有样本或未被分类。\n"}
,{"stream_name":"stdout","time":7004.867046671,"data":"类型2 正确率：  71.00% -\u003e 1    0.00%, 2   70.58%, 3   29.42%\n"}
,{"stream_name":"stdout","time":7004.867051458,"data":"类型3 正确率：  37.00% -\u003e 1   10.94%, 2   52.25%, 3   36.81%\n"}
,{"stream_name":"stdout","time":7004.867055768,"data":"\n"}
,{"stream_name":"stdout","time":7004.867059994,"data":"\n"}
,{"stream_name":"stdout","time":7017.695695956,"data":"轮次:·11/·20 || c_Loss:0.400 || e_Loss:-1.472 || Aad_Loss:-22.412 || 耗时：33.21s\n"}
,{"stream_name":"stdout","time":7030.715389167,"data":"轮次:·12/·20 || c_Loss:0.374 || e_Loss:-1.422 || Aad_Loss:-15.382 || 耗时：13.02s\n"}
,{"stream_name":"stdout","time":7043.778710585,"data":"轮次:·13/·20 || c_Loss:0.391 || e_Loss:-1.537 || Aad_Loss:-20.161 || 耗时：13.06s\n"}
,{"stream_name":"stdout","time":7056.847721371,"data":"轮次:·14/·20 || c_Loss:0.380 || e_Loss:-1.539 || Aad_Loss:-24.992 || 耗时：13.07s\n"}
,{"stream_name":"stdout","time":7069.862403913,"data":"轮次:·15/·20 || c_Loss:0.343 || e_Loss:-1.466 || Aad_Loss:-22.347 || 耗时：13.01s\n"}
,{"stream_name":"stdout","time":7075.858127055,"data":"任务: (B1)N15_M01_F10→(B2)N15_M07_F10; mix批次:····0; 批次:·1410/·1880;  总正确率: 76.68%\n"}
,{"stream_name":"stdout","time":7075.858171584,"data":"类型1 正确率： 100.00% -\u003e 1  100.00%, 2    0.00%, 3    0.00%\n"}
,{"stream_name":"stdout","time":7075.858193838,"data":"类型2 正确率：  93.00% -\u003e 1    0.00%, 2   93.05%, 3    6.95%\n"}
,{"stream_name":"stdout","time":7075.858199954,"data":"类型3 正确率：  37.00% -\u003e 1   13.45%, 2   49.55%, 3   37.00%\n"}
,{"stream_name":"stdout","time":7075.858205571,"data":"\n"}
,{"stream_name":"stdout","time":7075.858210703,"data":"\n"}
,{"stream_name":"stdout","time":7075.901129127,"data":"样本变换：reverse\n"}
,{"stream_name":"stdout","time":7079.131144905,"data":"样本变换：mask\n"}
,{"stream_name":"stdout","time":7082.371710395,"data":"样本变换：shift\n"}
,{"stream_name":"stdout","time":7085.601149397,"data":"样本变换：none\n"}
,{"stream_name":"stdout","time":7090.045038128,"data":"未过滤\t未用伪标签：76.68% -\u003e 使用伪标签：98.68%\n"}
,{"stream_name":"stdout","time":7090.045100712,"data":"已过滤\t未用伪标签：77.00% -\u003e 使用伪标签：99.48%\n"}
,{"stream_name":"stdout","time":7090.045110534,"data":"排除样本：48|6000\t剩余：2000, 1999, 1953\n"}
,{"stream_name":"stdout","time":7090.045116199,"data":"增添样本：79\t\t细则：0, 22, 57\t正确率估算：48.10%\n"}
,{"stream_name":"stdout","time":7090.045121672,"data":"类型1 正确率： 100.00% -\u003e 1  100.00%, 2    0.00%, 3    0.00%\n"}
,{"stream_name":"stdout","time":7090.045127158,"data":"类型2 正确率：  99.00% -\u003e 1    0.00%, 2   99.50%, 3    0.50%\n"}
,{"stream_name":"stdout","time":7090.045132423,"data":"类型3 正确率：  99.00% -\u003e 1    0.00%, 2    1.07%, 3   98.93%\n"}
,{"stream_name":"stdout","time":7090.045137592,"data":"\n"}
,{"stream_name":"stdout","time":7090.045142646,"data":"被排除样本 正确率：37.50%\n"}
,{"stream_name":"stdout","time":7090.045147821,"data":"类型1 正确率： 100.00% -\u003e 1  100.00%, 2    0.00%\n"}
,{"stream_name":"stdout","time":7090.045153004,"data":"类型2 正确率：  17.00% -\u003e 1   83.33%, 2   16.67%\n"}
,{"stream_name":"stdout","time":7090.045158367,"data":"\n"}
,{"stream_name":"stdout","time":7090.045163025,"data":"\n"}
,{"stream_name":"stdout","time":7102.936118879,"data":"轮次:·16/·20 || c_Loss:0.480 || e_Loss:-0.533 || Aad_Loss:-26.273 || 耗时：33.07s\n"}
,{"stream_name":"stdout","time":7116.021539537,"data":"轮次:·17/·20 || c_Loss:0.370 || e_Loss:-0.750 || Aad_Loss:-29.531 || 耗时：13.09s\n"}
,{"stream_name":"stdout","time":7129.089023926,"data":"轮次:·18/·20 || c_Loss:0.347 || e_Loss:-1.556 || Aad_Loss:-32.322 || 耗时：13.07s\n"}
,{"stream_name":"stdout","time":7142.190080687,"data":"轮次:·19/·20 || c_Loss:0.347 || e_Loss:-1.682 || Aad_Loss:-27.977 || 耗时：13.10s\n"}
,{"stream_name":"stdout","time":7155.312600635,"data":"轮次:·20/·20 || c_Loss:0.363 || e_Loss:-1.615 || Aad_Loss:-27.012 || 耗时：13.12s\n"}
,{"stream_name":"stdout","time":7161.348544181,"data":"任务: (B1)N15_M01_F10→(B2)N15_M07_F10; mix批次:····0; 批次:·1880/·1880;  总正确率: 99.85%\n"}
,{"stream_name":"stdout","time":7161.348619296,"data":"类型1 正确率： 100.00% -\u003e 1  100.00%, 2    0.00%, 3    0.00%\n"}
,{"stream_name":"stdout","time":7161.348626887,"data":"类型2 正确率： 100.00% -\u003e 1    0.00%, 2  100.00%, 3    0.00%\n"}
,{"stream_name":"stdout","time":7161.348630719,"data":"类型3 正确率： 100.00% -\u003e 1    0.00%, 2    0.45%, 3   99.55%\n"}
,{"stream_name":"stdout","time":7161.348634329,"data":"\n"}
,{"stream_name":"stdout","time":7161.34863766,"data":"\n"}
,{"stream_name":"stdout","time":7167.33810489,"data":"测试集任务: (B1)N15_M01_F10→(B2)N15_M07_F10; 总正确率 = 99.85%\n"}
,{"stream_name":"stdout","time":7167.338160977,"data":"类型1 正确率： 100.00% -\u003e 1  100.00%, 2    0.00%, 3    0.00%\n"}
,{"stream_name":"stdout","time":7167.338168297,"data":"类型2 正确率： 100.00% -\u003e 1    0.00%, 2  100.00%, 3    0.00%\n"}
,{"stream_name":"stdout","time":7167.33817307,"data":"类型3 正确率： 100.00% -\u003e 1    0.00%, 2    0.45%, 3   99.55%\n"}
,{"stream_name":"stdout","time":7167.338177689,"data":"\n"}
,{"stream_name":"stdout","time":7167.338181962,"data":"\n"}
,{"stream_name":"stdout","time":7167.358391579,"data":"[tar_adaptation_RES_PU.py --folder_root /kaggle/working/k10/S08/sdalr_PU_final_checkpoint/DATA_foldS08c --seed 2024 --class_num 3 --data_name PU_M1_L3 --output /kaggle/working/k10/S08/weight_PU_M1_final_checkpoint_FS08toS08c_gateoracle_s2024 --s 0 --t 1 --lr 0.0005 --threshold 0.4 --K 0.6] 360s\n"}
,{"stream_name":"stdout","time":7167.395588002,"data":"读取源域路径：/kaggle/working/k10/S08/weight_PU_M1_final_checkpoint_FS08toS08c_gateoracle_s2024/NEW_PU/Source-源域/log\u0026pt/(B1)N15_M01_F10\n"}
,{"stream_name":"stdout","time":7167.395611598,"data":"excel输出位置：/kaggle/working/k10/S08/weight_PU_M1_final_checkpoint_FS08toS08c_gateoracle_s2024/NEW_PU/Target-目标域\n"}
,{"stream_name":"stdout","time":7167.395745317,"data":"特征图片输出位置：/kaggle/working/k10/S08/weight_PU_M1_final_checkpoint_FS08toS08c_gateoracle_s2024/NEW_PU/Picture-特征图/2026年09月19日10时14分/(B1)N15_M01_F10\n"}
,{"stream_name":"stderr","time":7167.428740833,"data":"/usr/local/lib/python3.12/dist-packages/torch/nn/utils/weight_norm.py:144: FutureWarning: `torch.nn.utils.weight_norm` is deprecated in favor of `torch.nn.utils.parametrizations.weight_norm`.\n"}
,{"stream_name":"stderr","time":7167.428770367,"data":"  WeightNorm.apply(module, name, dim)\n"}
,{"stream_name":"stdout","time":7167.465965299,"data":"现在选取:(B1)N15_M01_F10 进行训练的源模型\n"}
,{"stream_name":"stdout","time":7167.465997081,"data":"现在进行：(B1)N15_M01_F10→(B3)N15_M07_F04 的迁移任务\n"}
,{"stream_name":"stdout","time":7167.466004366,"data":"log\u0026pt输出位置：/kaggle/working/k10/S08/weight_PU_M1_final_checkpoint_FS08toS08c_gateoracle_s2024/NEW_PU/Target-目标域/log\u0026pt/(B1)N15_M01_F10→(B3)N15_M07_F04\n"}
,{"stream_name":"stderr","time":7167.467315548,"data":"sh: 1: Syntax error: word unexpected (expecting \")\")\n"}
,{"stream_name":"stdout","time":7178.392002558,"data":"任务: (B1)N15_M01_F10→(B3)N15_M07_F04; 批次:····0/·1880;  总正确率: 40.92%\n"}
,{"stream_name":"stdout","time":7178.39206435,"data":"类型1 正确率： 100.00% -\u003e 1  100.00%, 2    0.00%, 3    0.00%\n"}
,{"stream_name":"stdout","time":7178.392070421,"data":"类型2 正确率：   7.00% -\u003e 1    3.60%, 2    7.15%, 3   89.25%\n"}
,{"stream_name":"stdout","time":7178.392098062,"data":"类型3 正确率：  16.00% -\u003e 1    6.80%, 2   77.60%, 3   15.60%\n"}
,{"stream_name":"stdout","time":7178.392106354,"data":"\n"}
,{"stream_name":"stdout","time":7178.392111245,"data":"\n"}
,{"stream_name":"stdout","time":7178.392786004,"data":"样本变换：reverse\n"}
,{"stream_name":"stdout","time":7181.622122611,"data":"样本变换：mask\n"}
,{"stream_name":"stdout","time":7184.916149942,"data":"样本变换：shift\n"}
,{"stream_name":"stdout","time":7188.20778979,"data":"样本变换：none\n"}
,{"stream_name":"stderr","time":7192.993779191,"data":"/kaggle/working/k10/S08/sdalr_PU_final_checkpoint/tools.py:413: RuntimeWarning: invalid value encountered in divide\n"}
,{"stream_name":"stderr","time":7192.993845049,"data":"  per_class_acc = conf_matrix.diagonal() / conf_matrix.sum(axis=1) * 100\n"}
,{"stream_name":"stdout","time":7192.993959681,"data":"未过滤\t未用伪标签：40.92% -\u003e 使用伪标签：39.05%\n"}
,{"stream_name":"stdout","time":7192.99398493,"data":"已过滤\t未用伪标签：40.88% -\u003e 使用伪标签：39.33%\n"}
,{"stream_name":"stdout","time":7192.993991155,"data":"排除样本：43|6000\t剩余：2000, 2342, 1615\n"}
,{"stream_name":"stdout","time":7192.994054822,"data":"增添样本：1657\t\t细则：0, 1657\t正确率估算：33.24%\n"}
,{"stream_name":"stdout","time":7192.994060257,"data":"类型1 正确率： 100.00% -\u003e 1  100.00%, 2    0.00%, 3    0.00%\n"}
,{"stream_name":"stdout","time":7192.994064993,"data":"类型2 正确率：  18.00% -\u003e 1    0.00%, 2   17.52%, 3   82.48%\n"}
,{"stream_name":"stdout","time":7192.994069805,"data":"类型3 正确率：   0.00% -\u003e 1    0.00%, 2  100.00%, 3    0.00%\n"}
,{"stream_name":"stdout","time":7192.994115171,"data":"\n"}
,{"stream_name":"stdout","time":7192.994124208,"data":"被排除样本 正确率：46.51%\n"}
,{"stream_name":"stdout","time":7192.994129659,"data":"类型1 没有样本或未被分类。\n"}
,{"stream_name":"stdout","time":7192.994244572,"data":"类型2 正确率：  45.00% -\u003e 1    4.76%, 2   45.24%, 3   50.00%\n"}
,{"stream_name":"stdout","time":7192.994367551,"data":"类型3 正确率： 100.00% -\u003e 1    0.00%, 2    0.00%, 3  100.00%\n"}
,{"stream_name":"stdout","time":7192.994416386,"data":"\n"}
,{"stream_name":"stdout","time":7192.994453983,"data":"\n"}
,{"stream_name":"stdout","time":7206.230368203,"data":"轮次:··1/·20 || c_Loss:0.369 || e_Loss:-0.862 || Aad_Loss:-21.127 || 耗时：33.72s\n"}
,{"stream_name":"stdout","time":7219.419995323,"data":"轮次:··2/·20 || c_Loss:0.352 || e_Loss:-1.193 || Aad_Loss:-17.953 || 耗时：13.19s\n"}
,{"stream_name":"stdout","time":7232.400640865,"data":"轮次:··3/·20 || c_Loss:0.397 || e_Loss:-1.395 || Aad_Loss:-16.631 || 耗时：12.98s\n"}
,{"stream_name":"stdout","time":7245.303092229,"data":"轮次:··4/·20 || c_Loss:0.338 || e_Loss:-1.348 || Aad_Loss:-26.434 || 耗时：12.90s\n"}
,{"stream_name":"stdout","time":7258.148146843,"data":"轮次:··5/·20 || c_Loss:0.379 || e_Loss:-1.397 || Aad_Loss:-18.012 || 耗时：12.84s\n"}
,{"stream_name":"stdout","time":7264.137999277,"data":"任务: (B1)N15_M01_F10→(B3)N15_M07_F04; mix批次:····0; 批次:··470/·1880;  总正确率: 66.10%\n"}
,{"stream_name":"stdout","time":7264.138068131,"data":"类型1 正确率： 100.00% -\u003e 1  100.00%, 2    0.00%, 3    0.00%\n"}
,{"stream_name":"stdout","time":7264.138080869,"data":"类型2 正确率：  73.00% -\u003e 1    0.00%, 2   72.90%, 3   27.10%\n"}
,{"stream_name":"stdout","time":7264.138096894,"data":"类型3 正确率：  25.00% -\u003e 1   10.65%, 2   63.95%, 3   25.40%\n"}
,{"stream_name":"stdout","time":7264.138103885,"data":"\n"}
,{"stream_name":"stdout","time":7264.138108124,"data":"\n"}
,{"stream_name":"stdout","time":7264.171741394,"data":"样本变换：reverse\n"}
,{"stream_name":"stdout","time":7267.423168449,"data":"样本变换：mask\n"}
,{"stream_name":"stdout","time":7270.711172569,"data":"样本变换：shift\n"}
,{"stream_name":"stdout","time":7273.955213374,"data":"样本变换：none\n"}
,{"stream_name":"stderr","time":7278.627742431,"data":"/kaggle/working/k10/S08/sdalr_PU_final_checkpoint/tools.py:413: RuntimeWarning: invalid value encountered in divide\n"}
,{"stream_name":"stderr","time":7278.627818404,"data":"  per_class_acc = conf_matrix.diagonal() / conf_matrix.sum(axis=1) * 100\n"}
,{"stream_name":"stdout","time":7278.627937105,"data":"未过滤\t未用伪标签：66.10% -\u003e 使用伪标签：39.48%\n"}
,{"stream_name":"stdout","time":7278.627966867,"data":"已过滤\t未用伪标签：72.30% -\u003e 使用伪标签：70.63%\n"}
,{"stream_name":"stdout","time":7278.627973984,"data":"排除样本：2646|6000\t剩余：2000, 1351, 3\n"}
,{"stream_name":"stdout","time":7278.627979229,"data":"增添样本：3631\t\t细则：0, 1634, 1997\t正确率估算：99.73%\n"}
,{"stream_name":"stdout","time":7278.627984254,"data":"类型1 正确率： 100.00% -\u003e 1  100.00%, 2    0.00%, 3    0.00%\n"}
,{"stream_name":"stdout","time":7278.627989335,"data":"类型2 正确率： 100.00% -\u003e 1    0.00%, 2  100.00%, 3    0.00%\n"}
,{"stream_name":"stdout","time":7278.627994526,"data":"类型3 正确率：   0.00% -\u003e 1    0.00%, 2   99.70%, 3    0.30%\n"}
,{"stream_name":"stdout","time":7278.627999581,"data":"\n"}
,{"stream_name":"stdout","time":7278.628004547,"data":"被排除样本 正确率：58.24%\n"}
,{"stream_name":"stdout","time":7278.628010597,"data":"类型1 没有样本或未被分类。\n"}
,{"stream_name":"stdout","time":7278.628016357,"data":"类型2 正确率：  67.00% -\u003e 1    0.00%, 2   66.89%, 3   33.11%\n"}
,{"stream_name":"stdout","time":7278.628021906,"data":"类型3 正确率：  44.00% -\u003e 1   21.05%, 2   34.68%, 3   44.27%\n"}
,{"stream_name":"stdout","time":7278.628027239,"data":"\n"}
,{"stream_name":"stdout","time":7278.628036301,"data":"\n"}
,{"stream_name":"stdout","time":7291.525587398,"data":"轮次:··6/·20 || c_Loss:0.331 || e_Loss:-1.323 || Aad_Loss:-19.067 || 耗时：33.38s\n"}
,{"stream_name":"stdout","time":7304.561345834,"data":"轮次:··7/·20 || c_Loss:0.359 || e_Loss:-1.374 || Aad_Loss:-20.197 || 耗时：13.04s\n"}
,{"stream_name":"stdout","time":7317.605783351,"data":"轮次:··8/·20 || c_Loss:0.351 || e_Loss:-1.448 || Aad_Loss:-24.879 || 耗时：13.04s\n"}
,{"stream_name":"stdout","time":7330.644709035,"data":"轮次:··9/·20 || c_Loss:0.317 || e_Loss:-1.062 || Aad_Loss:-26.696 || 耗时：13.04s\n"}
,{"stream_name":"stdout","time":7343.70800488,"data":"轮次:·10/·20 || c_Loss:0.322 || e_Loss:-1.365 || Aad_Loss:-23.096 || 耗时：13.06s\n"}
,{"stream_name":"stdout","time":7349.741596037,"data":"任务: (B1)N15_M01_F10→(B3)N15_M07_F04; mix批次:····0; 批次:··940/·1880;  总正确率: 69.55%\n"}
,{"stream_name":"stdout","time":7349.741664107,"data":"类型1 正确率： 100.00% -\u003e 1  100.00%, 2    0.00%, 3    0.00%\n"}
,{"stream_name":"stdout","time":7349.741672895,"data":"类型2 正确率：  81.00% -\u003e 1    0.00%, 2   80.75%, 3   19.25%\n"}
,{"stream_name":"stdout","time":7349.741678424,"data":"类型3 正确率：  28.00% -\u003e 1    4.60%, 2   67.50%, 3   27.90%\n"}
,{"stream_name":"stdout","time":7349.741682733,"data":"\n"}
,{"stream_name":"stdout","time":7349.741686974,"data":"\n"}
,{"stream_name":"stdout","time":7349.785352045,"data":"样本变换：reverse\n"}
,{"stream_name":"stdout","time":7353.032139721,"data":"样本变换：mask\n"}
,{"stream_name":"stdout","time":7356.293205923,"data":"样本变换：shift\n"}
,{"stream_name":"stdout","time":7359.550200574,"data":"样本变换：none\n"}
,{"stream_name":"stderr","time":7364.52595649,"data":"/kaggle/working/k10/S08/sdalr_PU_final_checkpoint/tools.py:413: RuntimeWarning: invalid value encountered in divide\n"}
,{"stream_name":"stderr","time":7364.526036405,"data":"  per_class_acc = conf_matrix.diagonal() / conf_matrix.sum(axis=1) * 100\n"}
,{"stream_name":"stdout","time":7364.526125508,"data":"未过滤\t未用伪标签：69.55% -\u003e 使用伪标签：83.12%\n"}
,{"stream_name":"stdout","time":7364.526150497,"data":"已过滤\t未用伪标签：69.55% -\u003e 使用伪标签：83.26%\n"}
,{"stream_name":"stdout","time":7364.526155165,"data":"排除样本：10|6000\t剩余：2000, 3003, 987\n"}
,{"stream_name":"stdout","time":7364.526158562,"data":"增添样本：1013\t\t细则：0, 0, 1013\t正确率估算：39.92%\n"}
,{"stream_name":"stdout","time":7364.52616216,"data":"类型1 正确率： 100.00% -\u003e 1  100.00%, 2    0.00%, 3    0.00%\n"}
,{"stream_name":"stdout","time":7364.526165528,"data":"类型2 正确率： 100.00% -\u003e 1    0.00%, 2  100.00%, 3    0.00%\n"}
,{"stream_name":"stdout","time":7364.526169013,"data":"类型3 正确率：  50.00% -\u003e 1    0.00%, 2   50.40%, 3   49.60%\n"}
,{"stream_name":"stdout","time":7364.526172323,"data":"\n"}
,{"stream_name":"stdout","time":7364.526175549,"data":"被排除样本 正确率：70.00%\n"}
,{"stream_name":"stdout","time":7364.526178828,"data":"类型1 没有样本或未被分类。\n"}
,{"stream_name":"stdout","time":7364.526182152,"data":"类型2 正确率：  70.00% -\u003e 1   30.00%, 2   70.00%\n"}
,{"stream_name":"stdout","time":7364.526185288,"data":"\n"}
,{"stream_name":"stdout","time":7364.526188365,"data":"\n"}
,{"stream_name":"stdout","time":7377.438799566,"data":"轮次:·11/·20 || c_Loss:0.398 || e_Loss:-1.421 || Aad_Loss:-22.213 || 耗时：33.73s\n"}
,{"stream_name":"stdout","time":7390.364629357,"data":"轮次:·12/·20 || c_Loss:0.317 || e_Loss:-1.614 || Aad_Loss:-25.658 || 耗时：12.93s\n"}
,{"stream_name":"stdout","time":7403.287887781,"data":"轮次:·13/·20 || c_Loss:0.354 || e_Loss:-1.621 || Aad_Loss:-25.706 || 耗时：12.92s\n"}
,{"stream_name":"stdout","time":7416.179308079,"data":"轮次:·14/·20 || c_Loss:0.314 || e_Loss:-1.678 || Aad_Loss:-24.911 || 耗时：12.89s\n"}
,{"stream_name":"stdout","time":7429.096045668,"data":"轮次:·15/·20 || c_Loss:0.331 || e_Loss:-1.667 || Aad_Loss:-28.364 || 耗时：12.92s\n"}
,{"stream_name":"stdout","time":7435.093596584,"data":"任务: (B1)N15_M01_F10→(B3)N15_M07_F04; mix批次:····0; 批次:·1410/·1880;  总正确率: 89.98%\n"}
,{"stream_name":"stdout","time":7435.093641529,"data":"类型1 正确率： 100.00% -\u003e 1  100.00%, 2    0.00%, 3    0.00%\n"}
,{"stream_name":"stdout","time":7435.093655298,"data":"类型2 正确率： 100.00% -\u003e 1    0.00%, 2  100.00%, 3    0.00%\n"}
,{"stream_name":"stdout","time":7435.093660173,"data":"类型3 正确率：  70.00% -\u003e 1    0.00%, 2   30.05%, 3   69.95%\n"}
,{"stream_name":"stdout","time":7435.09366454,"data":"\n"}
,{"stream_name":"stdout","time":7435.093668807,"data":"\n"}
,{"stream_name":"stdout","time":7435.136635456,"data":"样本变换：reverse\n"}
,{"stream_name":"stdout","time":7438.353161298,"data":"样本变换：mask\n"}
,{"stream_name":"stdout","time":7441.628371393,"data":"样本变换：shift\n"}
,{"stream_name":"stdout","time":7444.860124021,"data":"样本变换：none\n"}
,{"stream_name":"stdout","time":7449.792756284,"data":"未过滤\t未用伪标签：89.98% -\u003e 使用伪标签：83.97%\n"}
,{"stream_name":"stdout","time":7449.792794343,"data":"已过滤\t未用伪标签：89.95% -\u003e 使用伪标签：84.23%\n"}
,{"stream_name":"stdout","time":7449.792802096,"data":"排除样本：19|6000\t剩余：2000, 2943, 1038\n"}
,{"stream_name":"stdout","time":7449.792820358,"data":"增添样本：962\t\t细则：0, 0, 962\t正确率估算：100.00%\n"}
,{"stream_name":"stdout","time":7449.79282425,"data":"类型1 正确率： 100.00% -\u003e 1  100.00%, 2    0.00%, 3    0.00%\n"}
,{"stream_name":"stdout","time":7449.792827742,"data":"类型2 正确率： 100.00% -\u003e 1    0.00%, 2  100.00%, 3    0.00%\n"}
,{"stream_name":"stdout","time":7449.792831736,"data":"类型3 正确率：  52.00% -\u003e 1    0.00%, 2   47.60%, 3   52.40%\n"}
,{"stream_name":"stdout","time":7449.792835898,"data":"\n"}
,{"stream_name":"stdout","time":7449.792839696,"data":"被排除样本 正确率：100.00%\n"}
,{"stream_name":"stdout","time":7449.79284289,"data":"类型1 正确率： 100.00% -\u003e 1  100.00%\n"}
,{"stream_name":"stdout","time":7449.792846533,"data":"\n"}
,{"stream_name":"stdout","time":7449.792849456,"data":"\n"}
,{"stream_name":"stderr","time":7449.792743445,"data":"/usr/local/lib/python3.12/dist-packages/sklearn/metrics/_classification.py:407: UserWarning: A single label was found in 'y_true' and 'y_pred'. For the confusion matrix to have the correct shape, use the 'labels' parameter to pass all known labels.\n"}
,{"stream_name":"stderr","time":7449.792858502,"data":"  warnings.warn(\n"}
,{"stream_name":"stdout","time":7462.667365602,"data":"轮次:·16/·20 || c_Loss:0.331 || e_Loss:-1.781 || Aad_Loss:-24.684 || 耗时：33.57s\n"}
,{"stream_name":"stdout","time":7475.681864176,"data":"轮次:·17/·20 || c_Loss:0.345 || e_Loss:-1.601 || Aad_Loss:-24.022 || 耗时：13.01s\n"}
,{"stream_name":"stdout","time":7488.713639064,"data":"轮次:·18/·20 || c_Loss:0.350 || e_Loss:-1.797 || Aad_Loss:-25.308 || 耗时：13.03s\n"}
,{"stream_name":"stdout","time":7501.758249385,"data":"轮次:·19/·20 || c_Loss:0.336 || e_Loss:-1.732 || Aad_Loss:-24.529 || 耗时：13.04s\n"}
,{"stream_name":"stdout","time":7514.812676173,"data":"轮次:·20/·20 || c_Loss:0.340 || e_Loss:-1.793 || Aad_Loss:-25.280 || 耗时：13.05s\n"}
,{"stream_name":"stdout","time":7520.834158254,"data":"任务: (B1)N15_M01_F10→(B3)N15_M07_F04; mix批次:····0; 批次:·1880/·1880;  总正确率: 89.73%\n"}
,{"stream_name":"stdout","time":7520.834196983,"data":"类型1 正确率： 100.00% -\u003e 1  100.00%, 2    0.00%, 3    0.00%\n"}
,{"stream_name":"stdout","time":7520.834203702,"data":"类型2 正确率： 100.00% -\u003e 1    0.00%, 2  100.00%, 3    0.00%\n"}
,{"stream_name":"stdout","time":7520.83420856,"data":"类型3 正确率：  69.00% -\u003e 1    0.00%, 2   30.80%, 3   69.20%\n"}
,{"stream_name":"stdout","time":7520.834213291,"data":"\n"}
,{"stream_name":"stdout","time":7520.834217865,"data":"\n"}
,{"stream_name":"stdout","time":7526.841490127,"data":"测试集任务: (B1)N15_M01_F10→(B3)N15_M07_F04; 总正确率 = 89.73%\n"}
,{"stream_name":"stdout","time":7526.841529719,"data":"类型1 正确率： 100.00% -\u003e 1  100.00%, 2    0.00%, 3    0.00%\n"}
,{"stream_name":"stdout","time":7526.841535931,"data":"类型2 正确率： 100.00% -\u003e 1    0.00%, 2  100.00%, 3    0.00%\n"}
,{"stream_name":"stdout","time":7526.841540562,"data":"类型3 正确率：  69.00% -\u003e 1    0.00%, 2   30.80%, 3   69.20%\n"}
,{"stream_name":"stdout","time":7526.841545376,"data":"\n"}
,{"stream_name":"stdout","time":7526.841549794,"data":"\n"}
,{"stream_name":"stdout","time":7526.866264722,"data":"[tar_adaptation_RES_PU.py --folder_root /kaggle/working/k10/S08/sdalr_PU_final_checkpoint/DATA_foldS08c --seed 2024 --class_num 3 --data_name PU_M1_L3 --output /kaggle/working/k10/S08/weight_PU_M1_final_checkpoint_FS08toS08c_gateoracle_s2024 --s 0 --t 2 --lr 0.0005 --threshold 0.4 --K 0.6] 359s\n"}
,{"stream_name":"stdout","time":7526.902595171,"data":"读取源域路径：/kaggle/working/k10/S08/weight_PU_M1_final_checkpoint_FS08toS08c_gateoracle_s2024/NEW_PU/Source-源域/log\u0026pt/(B2)N15_M07_F10\n"}
,{"stream_name":"stdout","time":7526.902614434,"data":"excel输出位置：/kaggle/working/k10/S08/weight_PU_M1_final_checkpoint_FS08toS08c_gateoracle_s2024/NEW_PU/Target-目标域\n"}
,{"stream_name":"stdout","time":7526.902619266,"data":"特征图片输出位置：/kaggle/working/k10/S08/weight_PU_M1_final_checkpoint_FS08toS08c_gateoracle_s2024/NEW_PU/Picture-特征图/2026年09月19日10时20分/(B2)N15_M07_F10\n"}
,{"stream_name":"stderr","time":7526.93678593,"data":"/usr/local/lib/python3.12/dist-packages/torch/nn/utils/weight_norm.py:144: FutureWarning: `torch.nn.utils.weight_norm` is deprecated in favor of `torch.nn.utils.parametrizations.weight_norm`.\n"}
,{"stream_name":"stderr","time":7526.936803777,"data":"  WeightNorm.apply(module, name, dim)\n"}
,{"stream_name":"stdout","time":7526.973455639,"data":"现在选取:(B2)N15_M07_F10 进行训练的源模型\n"}
,{"stream_name":"stdout","time":7526.973484285,"data":"现在进行：(B2)N15_M07_F10→(B1)N15_M01_F10 的迁移任务\n"}
,{"stream_name":"stdout","time":7526.973490471,"data":"log\u0026pt输出位置：/kaggle/working/k10/S08/weight_PU_M1_final_checkpoint_FS08toS08c_gateoracle_s2024/NEW_PU/Target-目标域/log\u0026pt/(B2)N15_M07_F10→(B1)N15_M01_F10\n"}
,{"stream_name":"stderr","time":7526.974814764,"data":"sh: 1: Syntax error: word unexpected (expecting \")\")\n"}
,{"stream_name":"stdout","time":7537.886225686,"data":"任务: (B2)N15_M07_F10→(B1)N15_M01_F10; 批次:····0/·1880;  总正确率: 38.72%\n"}
,{"stream_name":"stdout","time":7537.886288925,"data":"类型1 正确率： 100.00% -\u003e 1  100.00%, 2    0.00%, 3    0.00%\n"}
,{"stream_name":"stdout","time":7537.886297682,"data":"类型2 正确率：  16.00% -\u003e 1    2.25%, 2   16.15%, 3   81.60%\n"}
,{"stream_name":"stdout","time":7537.886302596,"data":"类型3 正确率：   0.00% -\u003e 1    0.00%, 2  100.00%, 3    0.00%\n"}
,{"stream_name":"stdout","time":7537.886306682,"data":"\n"}
,{"stream_name":"stdout","time":7537.886316638,"data":"\n"}
,{"stream_name":"stdout","time":7537.887012234,"data":"样本变换：reverse\n"}
,{"stream_name":"stdout","time":7541.088123226,"data":"样本变换：mask\n"}
,{"stream_name":"stdout","time":7544.339179796,"data":"样本变换：shift\n"}
,{"stream_name":"stdout","time":7547.57910084,"data":"样本变换：none\n"}
,{"stream_name":"stderr","time":7552.289467455,"data":"/kaggle/working/k10/S08/sdalr_PU_final_checkpoint/tools.py:413: RuntimeWarning: invalid value encountered in divide\n"}
,{"stream_name":"stderr","time":7552.28951656,"data":"  per_class_acc = conf_matrix.diagonal() / conf_matrix.sum(axis=1) * 100\n"}
,{"stream_name":"stdout","time":7552.289536843,"data":"未过滤\t未用伪标签：38.72% -\u003e 使用伪标签：40.03%\n"}
,{"stream_name":"stdout","time":7552.289551719,"data":"已过滤\t未用伪标签：38.93% -\u003e 使用伪标签：40.27%\n"}
,{"stream_name":"stdout","time":7552.289557143,"data":"排除样本：36|6000\t剩余：2002, 2402, 1560\n"}
,{"stream_name":"stdout","time":7552.289561568,"data":"增添样本：1598\t\t细则：0, 1598\t正确率估算：79.35%\n"}
,{"stream_name":"stdout","time":7552.289566126,"data":"类型1 正确率： 100.00% -\u003e 1  100.00%, 2    0.00%, 3    0.00%\n"}
,{"stream_name":"stdout","time":7552.28957097,"data":"类型2 正确率：  20.00% -\u003e 1    0.10%, 2   20.47%, 3   79.43%\n"}
,{"stream_name":"stdout","time":7552.289575475,"data":"类型3 正确率：   0.00% -\u003e 1    0.00%, 2  100.00%, 3    0.00%\n"}
,{"stream_name":"stdout","time":7552.289595462,"data":"\n"}
,{"stream_name":"stdout","time":7552.289599328,"data":"被排除样本 正确率：2.78%\n"}
,{"stream_name":"stdout","time":7552.289603003,"data":"类型1 没有样本或未被分类。\n"}
,{"stream_name":"stdout","time":7552.28960634,"data":"类型2 正确率：   3.00% -\u003e 1   16.67%, 2    2.78%, 3   80.56%\n"}
,{"stream_name":"stdout","time":7552.289610085,"data":"类型3 没有样本或未被分类。\n"}
,{"stream_name":"stdout","time":7552.289613677,"data":"\n"}
,{"stream_name":"stdout","time":7552.28961768,"data":"\n"}
,{"stream_name":"stdout","time":7565.462119111,"data":"轮次:··1/·20 || c_Loss:0.496 || e_Loss:-0.754 || Aad_Loss:-22.178 || 耗时：33.45s\n"}
,{"stream_name":"stdout","time":7578.624402638,"data":"轮次:··2/·20 || c_Loss:0.391 || e_Loss:-0.975 || Aad_Loss:-24.430 || 耗时：13.16s\n"}
,{"stream_name":"stdout","time":7591.631794406,"data":"轮次:··3/·20 || c_Loss:0.399 || e_Loss:-1.238 || Aad_Loss:-14.956 || 耗时：13.01s\n"}
,{"stream_name":"stdout","time":7604.556221681,"data":"轮次:··4/·20 || c_Loss:0.470 || e_Loss:-1.416 || Aad_Loss:-14.104 || 耗时：12.92s\n"}
,{"stream_name":"stdout","time":7617.415343626,"data":"轮次:··5/·20 || c_Loss:0.405 || e_Loss:-1.358 || Aad_Loss:-23.465 || 耗时：12.86s\n"}
,{"stream_name":"stdout","time":7623.390271106,"data":"任务: (B2)N15_M07_F10→(B1)N15_M01_F10; mix批次:····0; 批次:··470/·1880;  总正确率: 62.48%\n"}
,{"stream_name":"stdout","time":7623.390337254,"data":"类型1 正确率： 100.00% -\u003e 1  100.00%, 2    0.00%, 3    0.00%\n"}
,{"stream_name":"stdout","time":7623.390346178,"data":"类型2 正确率：  86.00% -\u003e 1    0.00%, 2   85.65%, 3   14.35%\n"}
,{"stream_name":"stdout","time":7623.390351175,"data":"类型3 正确率：   2.00% -\u003e 1    0.20%, 2   98.00%, 3    1.80%\n"}
,{"stream_name":"stdout","time":7623.39035594,"data":"\n"}
,{"stream_name":"stdout","time":7623.390360118,"data":"\n"}
,{"stream_name":"stdout","time":7623.421634828,"data":"样本变换：reverse\n"}
,{"stream_name":"stdout","time":7626.65714579,"data":"样本变换：mask\n"}
,{"stream_name":"stdout","time":7629.892089429,"data":"样本变换：shift\n"}
,{"stream_name":"stdout","time":7633.132148235,"data":"样本变换：none\n"}
,{"stream_name":"stderr","time":7637.862826495,"data":"/usr/local/lib/python3.12/dist-packages/sklearn/metrics/_classification.py:407: UserWarning: A single label was found in 'y_true' and 'y_pred'. For the confusion matrix to have the correct shape, use the 'labels' parameter to pass all known labels.\n"}
,{"stream_name":"stderr","time":7637.862894456,"data":"  warnings.warn(\n"}
,{"stream_name":"stdout","time":7637.863099884,"data":"未过滤\t未用伪标签：62.48% -\u003e 使用伪标签：41.95%\n"}
,{"stream_name":"stdout","time":7637.863132618,"data":"已过滤\t未用伪标签：62.35% -\u003e 使用伪标签：42.10%\n"}
,{"stream_name":"stdout","time":7637.863139897,"data":"排除样本：22|6000\t剩余：2000, 2517, 1461\n"}
,{"stream_name":"stdout","time":7637.863144544,"data":"增添样本：1483\t\t细则：0, 1483\t正确率估算：100.00%\n"}
,{"stream_name":"stdout","time":7637.863150147,"data":"类型1 正确率： 100.00% -\u003e 1  100.00%, 2    0.00%, 3    0.00%\n"}
,{"stream_name":"stdout","time":7637.863155484,"data":"类型2 正确率：  26.00% -\u003e 1    0.00%, 2   26.14%, 3   73.86%\n"}
,{"stream_name":"stdout","time":7637.863160052,"data":"类型3 正确率：   0.00% -\u003e 1    0.00%, 2  100.00%, 3    0.00%\n"}
,{"stream_name":"stdout","time":7637.863164333,"data":"\n"}
,{"stream_name":"stdout","time":7637.863168522,"data":"被排除样本 正确率：100.00%\n"}
,{"stream_name":"stdout","time":7637.86318814,"data":"类型1 正确率： 100.00% -\u003e 1  100.00%\n"}
,{"stream_name":"stdout","time":7637.863192324,"data":"\n"}
,{"stream_name":"stdout","time":7637.863195709,"data":"\n"}
,{"stream_name":"stdout","time":7650.746420878,"data":"轮次:··6/·20 || c_Loss:0.394 || e_Loss:-1.348 || Aad_Loss:-22.443 || 耗时：33.33s\n"}
,{"stream_name":"stdout","time":7663.78296377,"data":"轮次:··7/·20 || c_Loss:0.385 || e_Loss:-1.359 || Aad_Loss:-26.095 || 耗时：13.04s\n"}
,{"stream_name":"stdout","time":7676.871506039,"data":"轮次:··8/·20 || c_Loss:0.375 || e_Loss:-1.286 || Aad_Loss:-18.782 || 耗时：13.09s\n"}
,{"stream_name":"stdout","time":7689.978441808,"data":"轮次:··9/·20 || c_Loss:0.395 || e_Loss:-1.367 || Aad_Loss:-18.883 || 耗时：13.11s\n"}
,{"stream_name":"stdout","time":7703.068660208,"data":"轮次:·10/·20 || c_Loss:0.372 || e_Loss:-1.347 || Aad_Loss:-24.101 || 耗时：13.09s\n"}
,{"stream_name":"stdout","time":7709.0951244,"data":"任务: (B2)N15_M07_F10→(B1)N15_M01_F10; mix批次:····0; 批次:··940/·1880;  总正确率: 65.02%\n"}
,{"stream_name":"stdout","time":7709.095186681,"data":"类型1 正确率： 100.00% -\u003e 1  100.00%, 2    0.00%, 3    0.00%\n"}
,{"stream_name":"stdout","time":7709.095194424,"data":"类型2 正确率：  94.00% -\u003e 1    0.00%, 2   94.50%, 3    5.50%\n"}
,{"stream_name":"stdout","time":7709.095200237,"data":"类型3 正确率：   1.00% -\u003e 1    0.85%, 2   98.60%, 3    0.55%\n"}
,{"stream_name":"stdout","time":7709.095204588,"data":"\n"}
,{"stream_name":"stdout","time":7709.095210289,"data":"\n"}
,{"stream_name":"stdout","time":7709.135339029,"data":"样本变换：reverse\n"}
,{"stream_name":"stdout","time":7712.400159975,"data":"样本变换：mask\n"}
,{"stream_name":"stdout","time":7715.66714764,"data":"样本变换：shift\n"}
,{"stream_name":"stdout","time":7718.906829773,"data":"样本变换：none\n"}
,{"stream_name":"stderr","time":7723.61197401,"data":"/usr/local/lib/python3.12/dist-packages/sklearn/metrics/_classification.py:407: UserWarning: A single label was found in 'y_true' and 'y_pred'. For the confusion matrix to have the correct shape, use the 'labels' parameter to pass all known labels.\n"}
,{"stream_name":"stderr","time":7723.612016089,"data":"  warnings.warn(\n"}
,{"stream_name":"stdout","time":7723.612014749,"data":"未过滤\t未用伪标签：65.02% -\u003e 使用伪标签：42.97%\n"}
,{"stream_name":"stdout","time":7723.612030225,"data":"已过滤\t未用伪标签：64.91% -\u003e 使用伪标签：43.10%\n"}
,{"stream_name":"stdout","time":7723.61203543,"data":"排除样本：18|6000\t剩余：2000, 2578, 1404\n"}
,{"stream_name":"stdout","time":7723.61203974,"data":"增添样本：1422\t\t细则：0, 1422\t正确率估算：100.00%\n"}
,{"stream_name":"stdout","time":7723.612045019,"data":"类型1 正确率： 100.00% -\u003e 1  100.00%, 2    0.00%, 3    0.00%\n"}
,{"stream_name":"stdout","time":7723.612050328,"data":"类型2 正确率：  29.00% -\u003e 1    0.00%, 2   29.16%, 3   70.84%\n"}
,{"stream_name":"stdout","time":7723.612054732,"data":"类型3 正确率：   0.00% -\u003e 1    0.00%, 2  100.00%, 3    0.00%\n"}
,{"stream_name":"stdout","time":7723.612059172,"data":"\n"}
,{"stream_name":"stdout","time":7723.612063415,"data":"被排除样本 正确率：100.00%\n"}
,{"stream_name":"stdout","time":7723.61206756,"data":"类型1 正确率： 100.00% -\u003e 1  100.00%\n"}
,{"stream_name":"stdout","time":7723.61207166,"data":"\n"}
,{"stream_name":"stdout","time":7723.612091577,"data":"\n"}
,{"stream_name":"stdout","time":7736.492860161,"data":"轮次:·11/·20 || c_Loss:0.379 || e_Loss:-1.339 || Aad_Loss:-24.204 || 耗时：33.42s\n"}
,{"stream_name":"stdout","time":7749.478885543,"data":"轮次:·12/·20 || c_Loss:0.386 || e_Loss:-1.359 || Aad_Loss:-21.895 || 耗时：12.99s\n"}
,{"stream_name":"stdout","time":7762.463594549,"data":"轮次:·13/·20 || c_Loss:0.358 || e_Loss:-1.254 || Aad_Loss:-24.881 || 耗时：12.98s\n"}
,{"stream_name":"stdout","time":7775.461856594,"data":"轮次:·14/·20 || c_Loss:0.408 || e_Loss:-1.417 || Aad_Loss:-22.837 || 耗时：13.00s\n"}
,{"stream_name":"stdout","time":7788.47902276,"data":"轮次:·15/·20 || c_Loss:0.412 || e_Loss:-1.465 || Aad_Loss:-26.304 || 耗时：13.02s\n"}
,{"stream_name":"stdout","time":7794.478294866,"data":"任务: (B2)N15_M07_F10→(B1)N15_M01_F10; mix批次:····0; 批次:·1410/·1880;  总正确率: 65.23%\n"}
,{"stream_name":"stdout","time":7794.478375783,"data":"类型1 正确率： 100.00% -\u003e 1  100.00%, 2    0.00%, 3    0.00%\n"}
,{"stream_name":"stdout","time":7794.478384024,"data":"类型2 正确率：  95.00% -\u003e 1    0.00%, 2   95.00%, 3    5.00%\n"}
,{"stream_name":"stdout","time":7794.478389005,"data":"类型3 正确率：   1.00% -\u003e 1    2.20%, 2   97.10%, 3    0.70%\n"}
,{"stream_name":"stdout","time":7794.478393675,"data":"\n"}
,{"stream_name":"stdout","time":7794.478398366,"data":"\n"}
,{"stream_name":"stdout","time":7794.52061658,"data":"样本变换：reverse\n"}
,{"stream_name":"stdout","time":7797.752133187,"data":"样本变换：mask\n"}
,{"stream_name":"stdout","time":7801.028915325,"data":"样本变换：shift\n"}
,{"stream_name":"stdout","time":7804.312175139,"data":"样本变换：none\n"}
,{"stream_name":"stderr","time":7809.267410776,"data":"/usr/local/lib/python3.12/dist-packages/sklearn/metrics/_classification.py:407: UserWarning: A single label was found in 'y_true' and 'y_pred'. For the confusion matrix to have the correct shape, use the 'labels' parameter to pass all known labels.\n"}
,{"stream_name":"stderr","time":7809.267467719,"data":"  warnings.warn(\n"}
,{"stream_name":"stdout","time":7809.267579438,"data":"未过滤\t未用伪标签：65.23% -\u003e 使用伪标签：44.05%\n"}
,{"stream_name":"stdout","time":7809.267602176,"data":"已过滤\t未用伪标签：65.08% -\u003e 使用伪标签：44.24%\n"}
,{"stream_name":"stdout","time":7809.267608005,"data":"排除样本：26|6000\t剩余：2000, 2643, 1331\n"}
,{"stream_name":"stdout","time":7809.267612561,"data":"增添样本：1357\t\t细则：0, 1357\t正确率估算：100.00%\n"}
,{"stream_name":"stdout","time":7809.267617483,"data":"类型1 正确率： 100.00% -\u003e 1  100.00%, 2    0.00%, 3    0.00%\n"}
,{"stream_name":"stdout","time":7809.267622003,"data":"类型2 正确率：  33.00% -\u003e 1    0.00%, 2   32.57%, 3   67.43%\n"}
,{"stream_name":"stdout","time":7809.267626044,"data":"类型3 正确率：   0.00% -\u003e 1    0.00%, 2  100.00%, 3    0.00%\n"}
,{"stream_name":"stdout","time":7809.267630363,"data":"\n"}
,{"stream_name":"stdout","time":7809.267634251,"data":"被排除样本 正确率：100.00%\n"}
,{"stream_name":"stdout","time":7809.267638412,"data":"类型1 正确率： 100.00% -\u003e 1  100.00%\n"}
,{"stream_name":"stdout","time":7809.267642621,"data":"\n"}
,{"stream_name":"stdout","time":7809.267646477,"data":"\n"}
,{"stream_name":"stdout","time":7822.1763963,"data":"轮次:·16/·20 || c_Loss:0.386 || e_Loss:-1.446 || Aad_Loss:-26.563 || 耗时：33.70s\n"}
,{"stream_name":"stdout","time":7835.192668886,"data":"轮次:·17/·20 || c_Loss:0.359 || e_Loss:-1.320 || Aad_Loss:-23.279 || 耗时：13.02s\n"}
,{"stream_name":"stdout","time":7848.253258479,"data":"轮次:·18/·20 || c_Loss:0.356 || e_Loss:-1.397 || Aad_Loss:-27.689 || 耗时：13.06s\n"}
,{"stream_name":"stdout","time":7861.311750986,"data":"轮次:·19/·20 || c_Loss:0.360 || e_Loss:-1.376 || Aad_Loss:-24.226 || 耗时：13.06s\n"}
,{"stream_name":"stdout","time":7874.367038857,"data":"轮次:·20/·20 || c_Loss:0.365 || e_Loss:-1.433 || Aad_Loss:-23.839 || 耗时：13.06s\n"}
,{"stream_name":"stdout","time":7880.384288209,"data":"任务: (B2)N15_M07_F10→(B1)N15_M01_F10; mix批次:····0; 批次:·1880/·1880;  总正确率: 65.37%\n"}
,{"stream_name":"stdout","time":7880.384351227,"data":"类型1 正确率： 100.00% -\u003e 1  100.00%, 2    0.00%, 3    0.00%\n"}
,{"stream_name":"stdout","time":7880.384524595,"data":"类型2 正确率：  94.00% -\u003e 1    0.00%, 2   93.65%, 3    6.35%\n"}
,{"stream_name":"stdout","time":7880.384534148,"data":"类型3 正确率：   2.00% -\u003e 1    2.80%, 2   94.75%, 3    2.45%\n"}
,{"stream_name":"stdout","time":7880.384540901,"data":"\n"}
,{"stream_name":"stdout","time":7880.384546873,"data":"\n"}
,{"stream_name":"stdout","time":7886.378100199,"data":"测试集任务: (B2)N15_M07_F10→(B1)N15_M01_F10; 总正确率 = 65.37%\n"}
,{"stream_name":"stdout","time":7886.378136468,"data":"类型1 正确率： 100.00% -\u003e 1  100.00%, 2    0.00%, 3    0.00%\n"}
,{"stream_name":"stdout","time":7886.378143424,"data":"类型2 正确率：  94.00% -\u003e 1    0.00%, 2   93.65%, 3    6.35%\n"}
,{"stream_name":"stdout","time":7886.378148986,"data":"类型3 正确率：   2.00% -\u003e 1    2.80%, 2   94.75%, 3    2.45%\n"}
,{"stream_name":"stdout","time":7886.378154626,"data":"\n"}
,{"stream_name":"stdout","time":7886.378159485,"data":"\n"}
,{"stream_name":"stdout","time":7886.403055615,"data":"[tar_adaptation_RES_PU.py --folder_root /kaggle/working/k10/S08/sdalr_PU_final_checkpoint/DATA_foldS08c --seed 2024 --class_num 3 --data_name PU_M1_L3 --output /kaggle/working/k10/S08/weight_PU_M1_final_checkpoint_FS08toS08c_gateoracle_s2024 --s 1 --t 0 --lr 0.0005 --threshold 0.4 --K 0.6] 360s\n"}
,{"stream_name":"stdout","time":7886.440359509,"data":"读取源域路径：/kaggle/working/k10/S08/weight_PU_M1_final_checkpoint_FS08toS08c_gateoracle_s2024/NEW_PU/Source-源域/log\u0026pt/(B2)N15_M07_F10\n"}
,{"stream_name":"stdout","time":7886.440388545,"data":"excel输出位置：/kaggle/working/k10/S08/weight_PU_M1_final_checkpoint_FS08toS08c_gateoracle_s2024/NEW_PU/Target-目标域\n"}
,{"stream_name":"stdout","time":7886.440395095,"data":"特征图片输出位置：/kaggle/working/k10/S08/weight_PU_M1_final_checkpoint_FS08toS08c_gateoracle_s2024/NEW_PU/Picture-特征图/2026年09月19日10时26分/(B2)N15_M07_F10\n"}
,{"stream_name":"stderr","time":7886.477659402,"data":"/usr/local/lib/python3.12/dist-packages/torch/nn/utils/weight_norm.py:144: FutureWarning: `torch.nn.utils.weight_norm` is deprecated in favor of `torch.nn.utils.parametrizations.weight_norm`.\n"}
,{"stream_name":"stderr","time":7886.477710188,"data":"  WeightNorm.apply(module, name, dim)\n"}
,{"stream_name":"stdout","time":7886.518628882,"data":"现在选取:(B2)N15_M07_F10 进行训练的源模型\n"}
,{"stream_name":"stdout","time":7886.518670608,"data":"现在进行：(B2)N15_M07_F10→(B3)N15_M07_F04 的迁移任务\n"}
,{"stream_name":"stdout","time":7886.518678679,"data":"log\u0026pt输出位置：/kaggle/working/k10/S08/weight_PU_M1_final_checkpoint_FS08toS08c_gateoracle_s2024/NEW_PU/Target-目标域/log\u0026pt/(B2)N15_M07_F10→(B3)N15_M07_F04\n"}
,{"stream_name":"stderr","time":7886.520170334,"data":"sh: 1: Syntax error: word unexpected (expecting \")\")\n"}
,{"stream_name":"stdout","time":7897.357474556,"data":"任务: (B2)N15_M07_F10→(B3)N15_M07_F04; 批次:····0/·1880;  总正确率: 38.50%\n"}
,{"stream_name":"stdout","time":7897.357535235,"data":"类型1 正确率： 100.00% -\u003e 1  100.00%, 2    0.00%, 3    0.00%\n"}
,{"stream_name":"stdout","time":7897.357555549,"data":"类型2 正确率：  15.00% -\u003e 1    1.30%, 2   15.15%, 3   83.55%\n"}
,{"stream_name":"stdout","time":7897.357565215,"data":"类型3 正确率：   0.00% -\u003e 1    0.00%, 2   99.65%, 3    0.35%\n"}
,{"stream_name":"stdout","time":7897.35756802,"data":"\n"}
,{"stream_name":"stdout","time":7897.357570412,"data":"\n"}
,{"stream_name":"stdout","time":7897.358316458,"data":"样本变换：reverse\n"}
,{"stream_name":"stdout","time":7900.579133024,"data":"样本变换：mask\n"}
,{"stream_name":"stdout","time":7903.845146598,"data":"样本变换：shift\n"}
,{"stream_name":"stdout","time":7907.089562249,"data":"样本变换：none\n"}
,{"stream_name":"stderr","time":7911.793577825,"data":"/kaggle/working/k10/S08/sdalr_PU_final_checkpoint/tools.py:413: RuntimeWarning: invalid value encountered in divide\n"}
,{"stream_name":"stderr","time":7911.793631909,"data":"  per_class_acc = conf_matrix.diagonal() / conf_matrix.sum(axis=1) * 100\n"}
,{"stream_name":"stdout","time":7911.793776336,"data":"未过滤\t未用伪标签：38.50% -\u003e 使用伪标签：39.85%\n"}
,{"stream_name":"stdout","time":7911.793791879,"data":"已过滤\t未用伪标签：38.67% -\u003e 使用伪标签：40.10%\n"}
,{"stream_name":"stdout","time":7911.793797487,"data":"排除样本：37|6000\t剩余：2000, 2391, 1572\n"}
,{"stream_name":"stdout","time":7911.793803227,"data":"增添样本：1609\t\t细则：0, 1609\t正确率估算：78.52%\n"}
,{"stream_name":"stdout","time":7911.793809069,"data":"类型1 正确率： 100.00% -\u003e 1  100.00%, 2    0.00%, 3    0.00%\n"}
,{"stream_name":"stdout","time":7911.793814594,"data":"类型2 正确率：  20.00% -\u003e 1    0.00%, 2   19.92%, 3   80.08%\n"}
,{"stream_name":"stdout","time":7911.793819379,"data":"类型3 正确率：   0.00% -\u003e 1    0.00%, 2  100.00%, 3    0.00%\n"}
,{"stream_name":"stdout","time":7911.79382418,"data":"\n"}
,{"stream_name":"stdout","time":7911.793828662,"data":"被排除样本 正确率：10.81%\n"}
,{"stream_name":"stdout","time":7911.793835102,"data":"类型1 没有样本或未被分类。\n"}
,{"stream_name":"stdout","time":7911.793954751,"data":"类型2 正确率：  11.00% -\u003e 1    5.41%, 2   10.81%, 3   83.78%\n"}
,{"stream_name":"stdout","time":7911.794018402,"data":"类型3 没有样本或未被分类。\n"}
,{"stream_name":"stdout","time":7911.794044817,"data":"\n"}
,{"stream_name":"stdout","time":7911.794104893,"data":"\n"}
,{"stream_name":"stdout","time":7925.012601225,"data":"轮次:··1/·20 || c_Loss:0.527 || e_Loss:-0.810 || Aad_Loss:-23.404 || 耗时：33.52s\n"}
,{"stream_name":"stdout","time":7938.268954558,"data":"轮次:··2/·20 || c_Loss:0.405 || e_Loss:-1.113 || Aad_Loss:-17.006 || 耗时：13.26s\n"}
,{"stream_name":"stdout","time":7951.403228064,"data":"轮次:··3/·20 || c_Loss:0.433 || e_Loss:-1.364 || Aad_Loss:-20.362 || 耗时：13.13s\n"}
,{"stream_name":"stdout","time":7964.415445077,"data":"轮次:··4/·20 || c_Loss:0.421 || e_Loss:-1.349 || Aad_Loss:-22.952 || 耗时：13.01s\n"}
,{"stream_name":"stdout","time":7977.385180325,"data":"轮次:··5/·20 || c_Loss:0.369 || e_Loss:-1.264 || Aad_Loss:-21.294 || 耗时：12.97s\n"}
,{"stream_name":"stdout","time":7983.364514573,"data":"任务: (B2)N15_M07_F10→(B3)N15_M07_F04; mix批次:····0; 批次:··470/·1880;  总正确率: 68.93%\n"}
,{"stream_name":"stdout","time":7983.364614015,"data":"类型1 正确率： 100.00% -\u003e 1  100.00%, 2    0.00%, 3    0.00%\n"}
,{"stream_name":"stdout","time":7983.364623521,"data":"类型2 正确率：  82.00% -\u003e 1    0.00%, 2   82.40%, 3   17.60%\n"}
,{"stream_name":"stdout","time":7983.364640411,"data":"类型3 正确率：  24.00% -\u003e 1    0.00%, 2   75.60%, 3   24.40%\n"}
,{"stream_name":"stdout","time":7983.364645276,"data":"\n"}
,{"stream_name":"stdout","time":7983.364648661,"data":"\n"}
,{"stream_name":"stdout","time":7983.395705069,"data":"样本变换：reverse\n"}
,{"stream_name":"stdout","time":7986.613144018,"data":"样本变换：mask\n"}
,{"stream_name":"stdout","time":7989.865141641,"data":"样本变换：shift\n"}
,{"stream_name":"stdout","time":7993.111304959,"data":"样本变换：none\n"}
,{"stream_name":"stdout","time":7997.739116083,"data":"未过滤\t未用伪标签：68.93% -\u003e 使用伪标签：40.35%\n"}
,{"stream_name":"stdout","time":7997.739163449,"data":"已过滤\t未用伪标签：68.65% -\u003e 使用伪标签：40.72%\n"}
,{"stream_name":"stdout","time":7997.739170092,"data":"排除样本：54|6000\t剩余：2000, 2408, 1538\n"}
,{"stream_name":"stdout","time":7997.739175122,"data":"增添样本：3579\t\t细则：0, 1582, 1997\t正确率估算：100.00%\n"}
,{"stream_name":"stdout","time":7997.739180133,"data":"类型1 正确率： 100.00% -\u003e 1  100.00%, 2    0.00%, 3    0.00%\n"}
,{"stream_name":"stdout","time":7997.739185092,"data":"类型2 正确率：  21.00% -\u003e 1    0.00%, 2   21.40%, 3   78.60%\n"}
,{"stream_name":"stdout","time":7997.739189838,"data":"类型3 正确率：   0.00% -\u003e 1    0.00%, 2   99.85%, 3    0.15%\n"}
,{"stream_name":"stdout","time":7997.73919458,"data":"\n"}
,{"stream_name":"stdout","time":7997.739199048,"data":"被排除样本 正确率：100.00%\n"}
,{"stream_name":"stdout","time":7997.7392036,"data":"类型1 正确率： 100.00% -\u003e 1  100.00%, 2    0.00%\n"}
,{"stream_name":"stdout","time":7997.739208226,"data":"类型2 正确率： 100.00% -\u003e 1    0.00%, 2  100.00%\n"}
,{"stream_name":"stdout","time":7997.739213008,"data":"\n"}
,{"stream_name":"stdout","time":7997.739217307,"data":"\n"}
,{"stream_name":"stdout","time":8010.610379273,"data":"轮次:··6/·20 || c_Loss:0.348 || e_Loss:-1.250 || Aad_Loss:-23.694 || 耗时：33.22s\n"}
,{"stream_name":"stdout","time":8023.596979854,"data":"轮次:··7/·20 || c_Loss:0.340 || e_Loss:-1.197 || Aad_Loss:-25.177 || 耗时：12.99s\n"}
,{"stream_name":"stdout","time":8036.613107427,"data":"轮次:··8/·20 || c_Loss:0.350 || e_Loss:-1.206 || Aad_Loss:-27.524 || 耗时：13.02s\n"}
,{"stream_name":"stdout","time":8049.629146983,"data":"轮次:··9/·20 || c_Loss:0.471 || e_Loss:-1.452 || Aad_Loss:-19.097 || 耗时：13.02s\n"}
,{"stream_name":"stdout","time":8062.578407735,"data":"轮次:·10/·20 || c_Loss:0.398 || e_Loss:-1.384 || Aad_Loss:-19.963 || 耗时：12.95s\n"}
,{"stream_name":"stdout","time":8068.575745834,"data":"任务: (B2)N15_M07_F10→(B3)N15_M07_F04; mix批次:····0; 批次:··940/·1880;  总正确率: 72.30%\n"}
,{"stream_name":"stdout","time":8068.575807569,"data":"类型1 正确率： 100.00% -\u003e 1  100.00%, 2    0.00%, 3    0.00%\n"}
,{"stream_name":"stdout","time":8068.57581569,"data":"类型2 正确率：  95.00% -\u003e 1    0.00%, 2   94.65%, 3    5.35%\n"}
,{"stream_name":"stdout","time":8068.575821238,"data":"类型3 正确率：  22.00% -\u003e 1    0.00%, 2   77.75%, 3   22.25%\n"}
,{"stream_name":"stdout","time":8068.57582678,"data":"\n"}
,{"stream_name":"stdout","time":8068.575831257,"data":"\n"}
,{"stream_name":"stdout","time":8068.616507058,"data":"样本变换：reverse\n"}
,{"stream_name":"stdout","time":8071.864756103,"data":"样本变换：mask\n"}
,{"stream_name":"stdout","time":8075.117039749,"data":"样本变换：shift\n"}
,{"stream_name":"stdout","time":8078.354142985,"data":"样本变换：none\n"}
,{"stream_name":"stdout","time":8083.210233932,"data":"未过滤\t未用伪标签：72.30% -\u003e 使用伪标签：45.22%\n"}
,{"stream_name":"stdout","time":8083.210300547,"data":"已过滤\t未用伪标签：72.14% -\u003e 使用伪标签：46.38%\n"}
,{"stream_name":"stdout","time":8083.21030584,"data":"排除样本：150|6000\t剩余：2000, 2242, 1608\n"}
,{"stream_name":"stdout","time":8083.210309777,"data":"增添样本：3287\t\t细则：0, 1474, 1813\t正确率估算：97.90%\n"}
,{"stream_name":"stdout","time":8083.210326931,"data":"类型1 正确率： 100.00% -\u003e 1  100.00%, 2    0.00%, 3    0.00%\n"}
,{"stream_name":"stdout","time":8083.21033025,"data":"类型2 正确率：  27.00% -\u003e 1    0.00%, 2   27.02%, 3   72.98%\n"}
,{"stream_name":"stdout","time":8083.210333341,"data":"类型3 正确率：  10.00% -\u003e 1    0.00%, 2   90.17%, 3    9.83%\n"}
,{"stream_name":"stdout","time":8083.210351853,"data":"\n"}
,{"stream_name":"stdout","time":8083.210356715,"data":"被排除样本 正确率：78.67%\n"}
,{"stream_name":"stdout","time":8083.210361717,"data":"类型1 正确率： 100.00% -\u003e 1  100.00%, 2    0.00%\n"}
,{"stream_name":"stdout","time":8083.210366234,"data":"类型2 正确率：  67.00% -\u003e 1   32.99%, 2   67.01%\n"}
,{"stream_name":"stdout","time":8083.21037114,"data":"\n"}
,{"stream_name":"stdout","time":8083.210375931,"data":"\n"}
,{"stream_name":"stdout","time":8096.091714961,"data":"轮次:·11/·20 || c_Loss:0.370 || e_Loss:-1.215 || Aad_Loss:-25.578 || 耗时：33.51s\n"}
,{"stream_name":"stdout","time":8109.157825348,"data":"轮次:·12/·20 || c_Loss:0.369 || e_Loss:-1.377 || Aad_Loss:-22.338 || 耗时：13.07s\n"}
,{"stream_name":"stdout","time":8122.276111191,"data":"轮次:·13/·20 || c_Loss:0.369 || e_Loss:-1.314 || Aad_Loss:-24.035 || 耗时：13.12s\n"}
,{"stream_name":"stdout","time":8135.356396838,"data":"轮次:·14/·20 || c_Loss:0.413 || e_Loss:-1.439 || Aad_Loss:-23.899 || 耗时：13.08s\n"}
,{"stream_name":"stdout","time":8148.421638714,"data":"轮次:·15/·20 || c_Loss:0.390 || e_Loss:-1.432 || Aad_Loss:-20.066 || 耗时：13.07s\n"}
,{"stream_name":"stdout","time":8154.444675804,"data":"任务: (B2)N15_M07_F10→(B3)N15_M07_F04; mix批次:····0; 批次:·1410/·1880;  总正确率: 81.67%\n"}
,{"stream_name":"stdout","time":8154.444742553,"data":"类型1 正确率： 100.00% -\u003e 1  100.00%, 2    0.00%, 3    0.00%\n"}
,{"stream_name":"stdout","time":8154.444776769,"data":"类型2 正确率：  96.00% -\u003e 1    0.00%, 2   96.00%, 3    4.00%\n"}
,{"stream_name":"stdout","time":8154.44478304,"data":"类型3 正确率：  49.00% -\u003e 1    0.00%, 2   51.00%, 3   49.00%\n"}
,{"stream_name":"stdout","time":8154.444787637,"data":"\n"}
,{"stream_name":"stdout","time":8154.444791589,"data":"\n"}
,{"stream_name":"stdout","time":8154.487028452,"data":"样本变换：reverse\n"}
,{"stream_name":"stdout","time":8157.735206187,"data":"样本变换：mask\n"}
,{"stream_name":"stdout","time":8161.006169072,"data":"样本变换：shift\n"}
,{"stream_name":"stdout","time":8164.278942361,"data":"样本变换：none\n"}
,{"stream_name":"stdout","time":8169.218336523,"data":"未过滤\t未用伪标签：81.67% -\u003e 使用伪标签：83.78%\n"}
,{"stream_name":"stdout","time":8169.218391531,"data":"已过滤\t未用伪标签：82.46% -\u003e 使用伪标签：84.63%\n"}
,{"stream_name":"stdout","time":8169.218397528,"data":"排除样本：60|6000\t剩余：2000, 2912, 1028\n"}
,{"stream_name":"stdout","time":8169.218401438,"data":"增添样本：973\t\t细则：0, 1, 972\t正确率估算：93.94%\n"}
,{"stream_name":"stdout","time":8169.218405804,"data":"类型1 正确率： 100.00% -\u003e 1  100.00%, 2    0.00%, 3    0.00%\n"}
,{"stream_name":"stdout","time":8169.218441713,"data":"类型2 正确率： 100.00% -\u003e 1    0.00%, 2  100.00%, 3    0.00%\n"}
,{"stream_name":"stdout","time":8169.218447133,"data":"类型3 正确率：  53.00% -\u003e 1    0.00%, 2   47.04%, 3   52.96%\n"}
,{"stream_name":"stdout","time":8169.218451974,"data":"\n"}
,{"stream_name":"stdout","time":8169.218456622,"data":"被排除样本 正确率：3.33%\n"}
,{"stream_name":"stdout","time":8169.218461322,"data":"类型1 正确率：   0.00% -\u003e 1    0.00%, 2  100.00%\n"}
,{"stream_name":"stdout","time":8169.218465554,"data":"类型2 正确率：   3.00% -\u003e 1   96.61%, 2    3.39%\n"}
,{"stream_name":"stdout","time":8169.218470479,"data":"\n"}
,{"stream_name":"stdout","time":8169.218474857,"data":"\n"}
,{"stream_name":"stdout","time":8182.156918233,"data":"轮次:·16/·20 || c_Loss:0.317 || e_Loss:-1.592 || Aad_Loss:-25.092 || 耗时：33.74s\n"}
,{"stream_name":"stdout","time":8195.193827356,"data":"轮次:·17/·20 || c_Loss:0.335 || e_Loss:-1.581 || Aad_Loss:-24.721 || 耗时：13.04s\n"}
,{"stream_name":"stdout","time":8208.196848076,"data":"轮次:·18/·20 || c_Loss:0.346 || e_Loss:-1.701 || Aad_Loss:-22.754 || 耗时：13.00s\n"}
,{"stream_name":"stdout","time":8221.220832738,"data":"轮次:·19/·20 || c_Loss:0.333 || e_Loss:-1.709 || Aad_Loss:-23.839 || 耗时：13.02s\n"}
,{"stream_name":"stdout","time":8234.264567772,"data":"轮次:·20/·20 || c_Loss:0.336 || e_Loss:-1.680 || Aad_Loss:-23.470 || 耗时：13.04s\n"}
,{"stream_name":"stdout","time":8240.319318469,"data":"任务: (B2)N15_M07_F10→(B3)N15_M07_F04; mix批次:····0; 批次:·1880/·1880;  总正确率: 92.12%\n"}
,{"stream_name":"stdout","time":8240.319402939,"data":"类型1 正确率： 100.00% -\u003e 1  100.00%, 2    0.00%, 3    0.00%\n"}
,{"stream_name":"stdout","time":8240.319433007,"data":"类型2 正确率： 100.00% -\u003e 1    0.00%, 2  100.00%, 3    0.00%\n"}
,{"stream_name":"stdout","time":8240.319439369,"data":"类型3 正确率：  76.00% -\u003e 1    0.00%, 2   23.65%, 3   76.35%\n"}
,{"stream_name":"stdout","time":8240.319445153,"data":"\n"}
,{"stream_name":"stdout","time":8240.319450727,"data":"\n"}
,{"stream_name":"stdout","time":8246.333219462,"data":"测试集任务: (B2)N15_M07_F10→(B3)N15_M07_F04; 总正确率 = 92.12%\n"}
,{"stream_name":"stdout","time":8246.333275807,"data":"类型1 正确率： 100.00% -\u003e 1  100.00%, 2    0.00%, 3    0.00%\n"}
,{"stream_name":"stdout","time":8246.333284884,"data":"类型2 正确率： 100.00% -\u003e 1    0.00%, 2  100.00%, 3    0.00%\n"}
,{"stream_name":"stdout","time":8246.333291509,"data":"类型3 正确率：  76.00% -\u003e 1    0.00%, 2   23.65%, 3   76.35%\n"}
,{"stream_name":"stdout","time":8246.333297749,"data":"\n"}
,{"stream_name":"stdout","time":8246.33330836,"data":"\n"}
,{"stream_name":"stdout","time":8246.363422329,"data":"[tar_adaptation_RES_PU.py --folder_root /kaggle/working/k10/S08/sdalr_PU_final_checkpoint/DATA_foldS08c --seed 2024 --class_num 3 --data_name PU_M1_L3 --output /kaggle/working/k10/S08/weight_PU_M1_final_checkpoint_FS08toS08c_gateoracle_s2024 --s 1 --t 2 --lr 0.0005 --threshold 0.4 --K 0.6] 360s\n"}
,{"stream_name":"stdout","time":8246.406144546,"data":"读取源域路径：/kaggle/working/k10/S08/weight_PU_M1_final_checkpoint_FS08toS08c_gateoracle_s2024/NEW_PU/Source-源域/log\u0026pt/(B3)N15_M07_F04\n"}
,{"stream_name":"stdout","time":8246.406171513,"data":"excel输出位置：/kaggle/working/k10/S08/weight_PU_M1_final_checkpoint_FS08toS08c_gateoracle_s2024/NEW_PU/Target-目标域\n"}
,{"stream_name":"stdout","time":8246.406339797,"data":"特征图片输出位置：/kaggle/working/k10/S08/weight_PU_M1_final_checkpoint_FS08toS08c_gateoracle_s2024/NEW_PU/Picture-特征图/2026年09月19日10时32分/(B3)N15_M07_F04\n"}
,{"stream_name":"stderr","time":8246.442341893,"data":"/usr/local/lib/python3.12/dist-packages/torch/nn/utils/weight_norm.py:144: FutureWarning: `torch.nn.utils.weight_norm` is deprecated in favor of `torch.nn.utils.parametrizations.weight_norm`.\n"}
,{"stream_name":"stderr","time":8246.442366673,"data":"  WeightNorm.apply(module, name, dim)\n"}
,{"stream_name":"stdout","time":8246.482456562,"data":"现在选取:(B3)N15_M07_F04 进行训练的源模型\n"}
,{"stream_name":"stdout","time":8246.482489285,"data":"现在进行：(B3)N15_M07_F04→(B1)N15_M01_F10 的迁移任务\n"}
,{"stream_name":"stdout","time":8246.482496486,"data":"log\u0026pt输出位置：/kaggle/working/k10/S08/weight_PU_M1_final_checkpoint_FS08toS08c_gateoracle_s2024/NEW_PU/Target-目标域/log\u0026pt/(B3)N15_M07_F04→(B1)N15_M01_F10\n"}
,{"stream_name":"stderr","time":8246.484302652,"data":"sh: 1: Syntax error: word unexpected (expecting \")\")\n"}
,{"stream_name":"stdout","time":8257.815696943,"data":"任务: (B3)N15_M07_F04→(B1)N15_M01_F10; 批次:····0/·1880;  总正确率: 44.18%\n"}
,{"stream_name":"stdout","time":8257.815760788,"data":"类型1 正确率： 100.00% -\u003e 1  100.00%, 2    0.00%, 3    0.00%\n"}
,{"stream_name":"stdout","time":8257.815770713,"data":"类型2 正确率：  33.00% -\u003e 1    0.35%, 2   32.55%, 3   67.10%\n"}
,{"stream_name":"stdout","time":8257.815776899,"data":"类型3 正确率：   0.00% -\u003e 1    0.00%, 2  100.00%, 3    0.00%\n"}
,{"stream_name":"stdout","time":8257.815782088,"data":"\n"}
,{"stream_name":"stdout","time":8257.815786865,"data":"\n"}
,{"stream_name":"stdout","time":8257.81665748,"data":"样本变换：reverse\n"}
,{"stream_name":"stdout","time":8261.070732407,"data":"样本变换：mask\n"}
,{"stream_name":"stdout","time":8264.394136855,"data":"样本变换：shift\n"}
,{"stream_name":"stdout","time":8267.726226171,"data":"样本变换：none\n"}
,{"stream_name":"stderr","time":8272.673832,"data":"/kaggle/working/k10/S08/sdalr_PU_final_checkpoint/tools.py:413: RuntimeWarning: invalid value encountered in divide\n"}
,{"stream_name":"stderr","time":8272.673887552,"data":"  per_class_acc = conf_matrix.diagonal() / conf_matrix.sum(axis=1) * 100\n"}
,{"stream_name":"stdout","time":8272.674025152,"data":"未过滤\t未用伪标签：44.18% -\u003e 使用伪标签：44.20%\n"}
,{"stream_name":"stdout","time":8272.674040409,"data":"已过滤\t未用伪标签：44.20% -\u003e 使用伪标签：44.42%\n"}
,{"stream_name":"stdout","time":8272.674046232,"data":"排除样本：30|6000\t剩余：2000, 2652, 1318\n"}
,{"stream_name":"stdout","time":8272.674051182,"data":"增添样本：1348\t\t细则：0, 1348\t正确率估算：96.32%\n"}
,{"stream_name":"stdout","time":8272.674057494,"data":"类型1 正确率： 100.00% -\u003e 1  100.00%, 2    0.00%, 3    0.00%\n"}
,{"stream_name":"stdout","time":8272.674062951,"data":"类型2 正确率：  33.00% -\u003e 1    0.00%, 2   33.10%, 3   66.90%\n"}
,{"stream_name":"stdout","time":8272.674068223,"data":"类型3 正确率：   0.00% -\u003e 1    0.00%, 2  100.00%, 3    0.00%\n"}
,{"stream_name":"stdout","time":8272.674072747,"data":"\n"}
,{"stream_name":"stdout","time":8272.674114595,"data":"被排除样本 正确率：40.00%\n"}
,{"stream_name":"stdout","time":8272.674119843,"data":"类型1 没有样本或未被分类。\n"}
,{"stream_name":"stdout","time":8272.674124973,"data":"类型2 正确率：  40.00% -\u003e 1    3.33%, 2   40.00%, 3   56.67%\n"}
,{"stream_name":"stdout","time":8272.674130053,"data":"类型3 没有样本或未被分类。\n"}
,{"stream_name":"stdout","time":8272.674149836,"data":"\n"}
,{"stream_name":"stdout","time":8272.67415507,"data":"\n"}
,{"stream_name":"stdout","time":8285.914955639,"data":"轮次:··1/·20 || c_Loss:0.499 || e_Loss:-0.906 || Aad_Loss:-25.016 || 耗时：34.03s\n"}
,{"stream_name":"stdout","time":8299.233620177,"data":"轮次:··2/·20 || c_Loss:0.414 || e_Loss:-1.182 || Aad_Loss:-24.767 || 耗时：13.32s\n"}
,{"stream_name":"stdout","time":8312.424305039,"data":"轮次:··3/·20 || c_Loss:0.462 || e_Loss:-1.419 || Aad_Loss:-24.206 || 耗时：13.19s\n"}
,{"stream_name":"stdout","time":8325.472402097,"data":"轮次:··4/·20 || c_Loss:0.474 || e_Loss:-1.463 || Aad_Loss:-19.740 || 耗时：13.05s\n"}
,{"stream_name":"stdout","time":8338.421133432,"data":"轮次:··5/·20 || c_Loss:0.402 || e_Loss:-1.403 || Aad_Loss:-24.570 || 耗时：12.95s\n"}
,{"stream_name":"stdout","time":8344.417487221,"data":"任务: (B3)N15_M07_F04→(B1)N15_M01_F10; mix批次:····0; 批次:··470/·1880;  总正确率: 70.85%\n"}
,{"stream_name":"stdout","time":8344.417531716,"data":"类型1 正确率： 100.00% -\u003e 1  100.00%, 2    0.00%, 3    0.00%\n"}
,{"stream_name":"stdout","time":8344.417537354,"data":"类型2 正确率：  99.00% -\u003e 1    0.00%, 2   98.65%, 3    1.35%\n"}
,{"stream_name":"stdout","time":8344.417540676,"data":"类型3 正确率：  14.00% -\u003e 1    0.00%, 2   86.10%, 3   13.90%\n"}
,{"stream_name":"stdout","time":8344.4175439,"data":"\n"}
,{"stream_name":"stdout","time":8344.417546817,"data":"\n"}
,{"stream_name":"stdout","time":8344.448117828,"data":"样本变换：reverse\n"}
,{"stream_name":"stdout","time":8347.677156608,"data":"样本变换：mask\n"}
,{"stream_name":"stdout","time":8350.951853636,"data":"样本变换：shift\n"}
,{"stream_name":"stdout","time":8354.22314739,"data":"样本变换：none\n"}
,{"stream_name":"stdout","time":8358.814631603,"data":"未过滤\t未用伪标签：70.85% -\u003e 使用伪标签：98.02%\n"}
,{"stream_name":"stdout","time":8358.814712558,"data":"已过滤\t未用伪标签：70.87% -\u003e 使用伪标签：99.32%\n"}
,{"stream_name":"stdout","time":8358.814723407,"data":"排除样本：79|6000\t剩余：2000, 1931, 1990\n"}
,{"stream_name":"stdout","time":8358.814731047,"data":"增添样本：119\t\t细则：0, 78, 41\t正确率估算：71.43%\n"}
,{"stream_name":"stdout","time":8358.814736379,"data":"类型1 正确率： 100.00% -\u003e 1  100.00%, 2    0.00%, 3    0.00%\n"}
,{"stream_name":"stdout","time":8358.814742203,"data":"类型2 正确率：  98.00% -\u003e 1    0.00%, 2   98.41%, 3    1.59%\n"}
,{"stream_name":"stdout","time":8358.814747229,"data":"类型3 正确率： 100.00% -\u003e 1    0.00%, 2    0.46%, 3   99.54%\n"}
,{"stream_name":"stdout","time":8358.814756967,"data":"\n"}
,{"stream_name":"stdout","time":8358.814762443,"data":"被排除样本 正确率：69.62%\n"}
,{"stream_name":"stdout","time":8358.814768224,"data":"类型1 正确率： 100.00% -\u003e 1  100.00%, 2    0.00%\n"}
,{"stream_name":"stdout","time":8358.814773706,"data":"类型2 正确率：  25.00% -\u003e 1   75.00%, 2   25.00%\n"}
,{"stream_name":"stdout","time":8358.814778724,"data":"\n"}
,{"stream_name":"stdout","time":8358.81478354,"data":"\n"}
,{"stream_name":"stdout","time":8371.728217361,"data":"轮次:··6/·20 || c_Loss:0.446 || e_Loss:-1.427 || Aad_Loss:-27.355 || 耗时：33.31s\n"}
,{"stream_name":"stdout","time":8384.775574378,"data":"轮次:··7/·20 || c_Loss:0.369 || e_Loss:-1.579 || Aad_Loss:-29.028 || 耗时：13.05s\n"}
,{"stream_name":"stdout","time":8397.880585701,"data":"轮次:··8/·20 || c_Loss:0.353 || e_Loss:-1.381 || Aad_Loss:-29.863 || 耗时：13.10s\n"}
,{"stream_name":"stdout","time":8410.9718502,"data":"轮次:··9/·20 || c_Loss:0.345 || e_Loss:-0.829 || Aad_Loss:-32.381 || 耗时：13.09s\n"}
,{"stream_name":"stdout","time":8424.051674707,"data":"轮次:·10/·20 || c_Loss:0.344 || e_Loss:-1.617 || Aad_Loss:-28.253 || 耗时：13.08s\n"}
,{"stream_name":"stdout","time":8430.073494982,"data":"任务: (B3)N15_M07_F04→(B1)N15_M01_F10; mix批次:····0; 批次:··940/·1880;  总正确率: 99.45%\n"}
,{"stream_name":"stdout","time":8430.073534331,"data":"类型1 正确率： 100.00% -\u003e 1  100.00%, 2    0.00%, 3    0.00%\n"}
,{"stream_name":"stdout","time":8430.073541938,"data":"类型2 正确率：  98.00% -\u003e 1    0.00%, 2   98.35%, 3    1.65%\n"}
,{"stream_name":"stdout","time":8430.073547369,"data":"类型3 正确率： 100.00% -\u003e 1    0.00%, 2    0.00%, 3  100.00%\n"}
,{"stream_name":"stdout","time":8430.07355279,"data":"\n"}
,{"stream_name":"stdout","time":8430.073558038,"data":"\n"}
,{"stream_name":"stdout","time":8430.115815784,"data":"样本变换：reverse\n"}
,{"stream_name":"stdout","time":8433.373172307,"data":"样本变换：mask\n"}
,{"stream_name":"stdout","time":8436.662133661,"data":"样本变换：shift\n"}
,{"stream_name":"stdout","time":8439.936137451,"data":"样本变换：none\n"}
,{"stream_name":"stderr","time":8444.570582617,"data":"/usr/local/lib/python3.12/dist-packages/sklearn/metrics/_classification.py:407: UserWarning: A single label was found in 'y_true' and 'y_pred'. For the confusion matrix to have the correct shape, use the 'labels' parameter to pass all known labels.\n"}
,{"stream_name":"stderr","time":8444.570626391,"data":"  warnings.warn(\n"}
,{"stream_name":"stdout","time":8444.570888226,"data":"未过滤\t未用伪标签：99.45% -\u003e 使用伪标签：98.63%\n"}
,{"stream_name":"stdout","time":8444.57092071,"data":"已过滤\t未用伪标签：99.45% -\u003e 使用伪标签：98.78%\n"}
,{"stream_name":"stdout","time":8444.570936422,"data":"排除样本：9|6000\t剩余：2000, 1918, 2073\n"}
,{"stream_name":"stdout","time":8444.570942049,"data":"增添样本：82\t\t细则：0, 82, 0\t正确率估算：100.00%\n"}
,{"stream_name":"stdout","time":8444.570947921,"data":"类型1 正确率： 100.00% -\u003e 1  100.00%, 2    0.00%, 3    0.00%\n"}
,{"stream_name":"stdout","time":8444.570953395,"data":"类型2 正确率：  96.00% -\u003e 1    0.00%, 2   96.33%, 3    3.67%\n"}
,{"stream_name":"stdout","time":8444.570958653,"data":"类型3 正确率： 100.00% -\u003e 1    0.00%, 2    0.00%, 3  100.00%\n"}
,{"stream_name":"stdout","time":8444.57096405,"data":"\n"}
,{"stream_name":"stdout","time":8444.570969039,"data":"被排除样本 正确率：100.00%\n"}
,{"stream_name":"stdout","time":8444.570974419,"data":"类型1 正确率： 100.00% -\u003e 1  100.00%\n"}
,{"stream_name":"stdout","time":8444.57097975,"data":"\n"}
,{"stream_name":"stdout","time":8444.57098466,"data":"\n"}
,{"stream_name":"stdout","time":8457.602559892,"data":"轮次:·11/·20 || c_Loss:0.358 || e_Loss:-0.907 || Aad_Loss:-28.638 || 耗时：33.55s\n"}
,{"stream_name":"stdout","time":8470.626441029,"data":"轮次:·12/·20 || c_Loss:0.361 || e_Loss:-0.935 || Aad_Loss:-27.646 || 耗时：13.02s\n"}
,{"stream_name":"stdout","time":8483.649788618,"data":"轮次:·13/·20 || c_Loss:0.372 || e_Loss:-1.735 || Aad_Loss:-26.234 || 耗时：13.02s\n"}
,{"stream_name":"stdout","time":8496.653717808,"data":"轮次:·14/·20 || c_Loss:0.375 || e_Loss:-1.723 || Aad_Loss:-24.147 || 耗时：13.00s\n"}
,{"stream_name":"stdout","time":8509.675697025,"data":"轮次:·15/·20 || c_Loss:0.349 || e_Loss:-1.748 || Aad_Loss:-30.606 || 耗时：13.02s\n"}
,{"stream_name":"stdout","time":8515.72869503,"data":"任务: (B3)N15_M07_F04→(B1)N15_M01_F10; mix批次:····0; 批次:·1410/·1880;  总正确率: 99.45%\n"}
,{"stream_name":"stdout","time":8515.7287885,"data":"类型1 正确率： 100.00% -\u003e 1  100.00%, 2    0.00%, 3    0.00%\n"}
,{"stream_name":"stdout","time":8515.728795939,"data":"类型2 正确率：  98.00% -\u003e 1    0.00%, 2   98.35%, 3    1.65%\n"}
,{"stream_name":"stdout","time":8515.728800459,"data":"类型3 正确率： 100.00% -\u003e 1    0.00%, 2    0.00%, 3  100.00%\n"}
,{"stream_name":"stdout","time":8515.728810508,"data":"\n"}
,{"stream_name":"stdout","time":8515.728813405,"data":"\n"}
,{"stream_name":"stdout","time":8515.772752094,"data":"样本变换：reverse\n"}
,{"stream_name":"stdout","time":8519.057975239,"data":"样本变换：mask\n"}
,{"stream_name":"stdout","time":8522.370195757,"data":"样本变换：shift\n"}
,{"stream_name":"stdout","time":8525.682758677,"data":"样本变换：none\n"}
,{"stream_name":"stderr","time":8530.282379775,"data":"/usr/local/lib/python3.12/dist-packages/sklearn/metrics/_classification.py:407: UserWarning: A single label was found in 'y_true' and 'y_pred'. For the confusion matrix to have the correct shape, use the 'labels' parameter to pass all known labels.\n"}
,{"stream_name":"stderr","time":8530.282439986,"data":"  warnings.warn(\n"}
,{"stream_name":"stdout","time":8530.282686055,"data":"未过滤\t未用伪标签：99.45% -\u003e 使用伪标签：98.63%\n"}
,{"stream_name":"stdout","time":8530.282704637,"data":"已过滤\t未用伪标签：99.45% -\u003e 使用伪标签：98.75%\n"}
,{"stream_name":"stdout","time":8530.282711043,"data":"排除样本：7|6000\t剩余：2000, 1918, 2075\n"}
,{"stream_name":"stdout","time":8530.282716479,"data":"增添样本：82\t\t细则：0, 82, 0\t正确率估算：100.00%\n"}
,{"stream_name":"stdout","time":8530.28272264,"data":"类型1 正确率： 100.00% -\u003e 1  100.00%, 2    0.00%, 3    0.00%\n"}
,{"stream_name":"stdout","time":8530.282727452,"data":"类型2 正确率：  96.00% -\u003e 1    0.00%, 2   96.24%, 3    3.76%\n"}
,{"stream_name":"stdout","time":8530.282732433,"data":"类型3 正确率： 100.00% -\u003e 1    0.00%, 2    0.00%, 3  100.00%\n"}
,{"stream_name":"stdout","time":8530.282736985,"data":"\n"}
,{"stream_name":"stdout","time":8530.282741621,"data":"被排除样本 正确率：100.00%\n"}
,{"stream_name":"stdout","time":8530.282746495,"data":"类型1 正确率： 100.00% -\u003e 1  100.00%\n"}
,{"stream_name":"stdout","time":8530.28275149,"data":"\n"}
,{"stream_name":"stdout","time":8530.282756113,"data":"\n"}
,{"stream_name":"stdout","time":8543.295400768,"data":"轮次:·16/·20 || c_Loss:0.363 || e_Loss:-0.938 || Aad_Loss:-29.248 || 耗时：33.62s\n"}
,{"stream_name":"stdout","time":8556.372062559,"data":"轮次:·17/·20 || c_Loss:0.354 || e_Loss:-1.885 || Aad_Loss:-28.070 || 耗时：13.08s\n"}
,{"stream_name":"stdout","time":8569.461858104,"data":"轮次:·18/·20 || c_Loss:0.369 || e_Loss:-1.766 || Aad_Loss:-26.722 || 耗时：13.09s\n"}
,{"stream_name":"stdout","time":8582.621824153,"data":"轮次:·19/·20 || c_Loss:0.367 || e_Loss:-1.739 || Aad_Loss:-25.283 || 耗时：13.16s\n"}
,{"stream_name":"stdout","time":8595.715973893,"data":"轮次:·20/·20 || c_Loss:0.349 || e_Loss:-1.772 || Aad_Loss:-30.882 || 耗时：13.09s\n"}
,{"stream_name":"stdout","time":8601.75147804,"data":"任务: (B3)N15_M07_F04→(B1)N15_M01_F10; mix批次:····0; 批次:·1880/·1880;  总正确率: 99.45%\n"}
,{"stream_name":"stdout","time":8601.751540407,"data":"类型1 正确率： 100.00% -\u003e 1  100.00%, 2    0.00%, 3    0.00%\n"}
,{"stream_name":"stdout","time":8601.751548948,"data":"类型2 正确率：  98.00% -\u003e 1    0.00%, 2   98.35%, 3    1.65%\n"}
,{"stream_name":"stdout","time":8601.751570867,"data":"类型3 正确率： 100.00% -\u003e 1    0.00%, 2    0.00%, 3  100.00%\n"}
,{"stream_name":"stdout","time":8601.751574778,"data":"\n"}
,{"stream_name":"stdout","time":8601.751578203,"data":"\n"}
,{"stream_name":"stdout","time":8607.777980526,"data":"测试集任务: (B3)N15_M07_F04→(B1)N15_M01_F10; 总正确率 = 99.45%\n"}
,{"stream_name":"stdout","time":8607.778048319,"data":"类型1 正确率： 100.00% -\u003e 1  100.00%, 2    0.00%, 3    0.00%\n"}
,{"stream_name":"stdout","time":8607.778056256,"data":"类型2 正确率：  98.00% -\u003e 1    0.00%, 2   98.35%, 3    1.65%\n"}
,{"stream_name":"stdout","time":8607.778061306,"data":"类型3 正确率： 100.00% -\u003e 1    0.00%, 2    0.00%, 3  100.00%\n"}
,{"stream_name":"stdout","time":8607.778066474,"data":"\n"}
,{"stream_name":"stdout","time":8607.778071486,"data":"\n"}
,{"stream_name":"stdout","time":8607.804348302,"data":"[tar_adaptation_RES_PU.py --folder_root /kaggle/working/k10/S08/sdalr_PU_final_checkpoint/DATA_foldS08c --seed 2024 --class_num 3 --data_name PU_M1_L3 --output /kaggle/working/k10/S08/weight_PU_M1_final_checkpoint_FS08toS08c_gateoracle_s2024 --s 2 --t 0 --lr 0.0005 --threshold 0.4 --K 0.6] 361s\n"}
,{"stream_name":"stdout","time":8607.844626842,"data":"读取源域路径：/kaggle/working/k10/S08/weight_PU_M1_final_checkpoint_FS08toS08c_gateoracle_s2024/NEW_PU/Source-源域/log\u0026pt/(B3)N15_M07_F04\n"}
,{"stream_name":"stdout","time":8607.84467779,"data":"excel输出位置：/kaggle/working/k10/S08/weight_PU_M1_final_checkpoint_FS08toS08c_gateoracle_s2024/NEW_PU/Target-目标域\n"}
,{"stream_name":"stdout","time":8607.844842454,"data":"特征图片输出位置：/kaggle/working/k10/S08/weight_PU_M1_final_checkpoint_FS08toS08c_gateoracle_s2024/NEW_PU/Picture-特征图/2026年09月19日10时38分/(B3)N15_M07_F04\n"}
,{"stream_name":"stderr","time":8607.880892439,"data":"/usr/local/lib/python3.12/dist-packages/torch/nn/utils/weight_norm.py:144: FutureWarning: `torch.nn.utils.weight_norm` is deprecated in favor of `torch.nn.utils.parametrizations.weight_norm`.\n"}
,{"stream_name":"stderr","time":8607.880925285,"data":"  WeightNorm.apply(module, name, dim)\n"}
,{"stream_name":"stdout","time":8607.921761863,"data":"现在选取:(B3)N15_M07_F04 进行训练的源模型\n"}
,{"stream_name":"stdout","time":8607.921796818,"data":"现在进行：(B3)N15_M07_F04→(B2)N15_M07_F10 的迁移任务\n"}
,{"stream_name":"stdout","time":8607.921803805,"data":"log\u0026pt输出位置：/kaggle/working/k10/S08/weight_PU_M1_final_checkpoint_FS08toS08c_gateoracle_s2024/NEW_PU/Target-目标域/log\u0026pt/(B3)N15_M07_F04→(B2)N15_M07_F10\n"}
,{"stream_name":"stderr","time":8607.923440646,"data":"sh: 1: Syntax error: word unexpected (expecting \")\")\n"}
,{"stream_name":"stdout","time":8618.920958796,"data":"任务: (B3)N15_M07_F04→(B2)N15_M07_F10; 批次:····0/·1880;  总正确率: 42.55%\n"}
,{"stream_name":"stdout","time":8618.921018095,"data":"类型1 正确率： 100.00% -\u003e 1  100.00%, 2    0.00%, 3    0.00%\n"}
,{"stream_name":"stdout","time":8618.921025428,"data":"类型2 正确率：  28.00% -\u003e 1    0.00%, 2   27.65%, 3   72.35%\n"}
,{"stream_name":"stdout","time":8618.921030458,"data":"类型3 正确率：   0.00% -\u003e 1    0.00%, 2  100.00%, 3    0.00%\n"}
,{"stream_name":"stdout","time":8618.921036334,"data":"\n"}
,{"stream_name":"stdout","time":8618.921040503,"data":"\n"}
,{"stream_name":"stdout","time":8618.921836025,"data":"样本变换：reverse\n"}
,{"stream_name":"stdout","time":8622.174162133,"data":"样本变换：mask\n"}
,{"stream_name":"stdout","time":8625.459180934,"data":"样本变换：shift\n"}
,{"stream_name":"stdout","time":8628.753158025,"data":"样本变换：none\n"}
,{"stream_name":"stderr","time":8633.580042638,"data":"/kaggle/working/k10/S08/sdalr_PU_final_checkpoint/tools.py:413: RuntimeWarning: invalid value encountered in divide\n"}
,{"stream_name":"stderr","time":8633.580111027,"data":"  per_class_acc = conf_matrix.diagonal() / conf_matrix.sum(axis=1) * 100\n"}
,{"stream_name":"stdout","time":8633.58033894,"data":"未过滤\t未用伪标签：42.55% -\u003e 使用伪标签：42.12%\n"}
,{"stream_name":"stdout","time":8633.580366499,"data":"已过滤\t未用伪标签：42.55% -\u003e 使用伪标签：42.57%\n"}
,{"stream_name":"stdout","time":8633.580371808,"data":"排除样本：64|6000\t剩余：2000, 2527, 1409\n"}
,{"stream_name":"stdout","time":8633.580376077,"data":"增添样本：1473\t\t细则：0, 1473\t正确率估算：95.45%\n"}
,{"stream_name":"stdout","time":8633.580394892,"data":"类型1 正确率： 100.00% -\u003e 1  100.00%, 2    0.00%, 3    0.00%\n"}
,{"stream_name":"stdout","time":8633.580401152,"data":"类型2 正确率：  27.00% -\u003e 1    0.00%, 2   27.22%, 3   72.78%\n"}
,{"stream_name":"stdout","time":8633.58040703,"data":"类型3 正确率：   0.00% -\u003e 1    0.00%, 2  100.00%, 3    0.00%\n"}
,{"stream_name":"stdout","time":8633.580412624,"data":"\n"}
,{"stream_name":"stdout","time":8633.58041718,"data":"被排除样本 正确率：42.19%\n"}
,{"stream_name":"stdout","time":8633.580421787,"data":"类型1 正确率：  42.00% -\u003e 1   42.19%, 2   57.81%\n"}
,{"stream_name":"stdout","time":8633.58042646,"data":"类型2 没有样本或未被分类。\n"}
,{"stream_name":"stdout","time":8633.580431579,"data":"\n"}
,{"stream_name":"stdout","time":8633.580436041,"data":"\n"}
,{"stream_name":"stdout","time":8646.793162377,"data":"轮次:··1/·20 || c_Loss:0.539 || e_Loss:-0.888 || Aad_Loss:-16.033 || 耗时：33.77s\n"}
,{"stream_name":"stdout","time":8660.119293502,"data":"轮次:··2/·20 || c_Loss:0.423 || e_Loss:-1.339 || Aad_Loss:-19.331 || 耗时：13.33s\n"}
,{"stream_name":"stdout","time":8673.422760161,"data":"轮次:··3/·20 || c_Loss:0.394 || e_Loss:-1.383 || Aad_Loss:-21.130 || 耗时：13.30s\n"}
,{"stream_name":"stdout","time":8686.622019078,"data":"轮次:··4/·20 || c_Loss:0.373 || e_Loss:-1.278 || Aad_Loss:-27.401 || 耗时：13.20s\n"}
,{"stream_name":"stdout","time":8699.772108447,"data":"轮次:··5/·20 || c_Loss:0.381 || e_Loss:-1.376 || Aad_Loss:-20.831 || 耗时：13.15s\n"}
,{"stream_name":"stdout","time":8705.816722514,"data":"任务: (B3)N15_M07_F04→(B2)N15_M07_F10; mix批次:····0; 批次:··470/·1880;  总正确率: 73.23%\n"}
,{"stream_name":"stdout","time":8705.816768356,"data":"类型1 正确率： 100.00% -\u003e 1  100.00%, 2    0.00%, 3    0.00%\n"}
,{"stream_name":"stdout","time":8705.816775892,"data":"类型2 正确率： 100.00% -\u003e 1    0.00%, 2   99.50%, 3    0.50%\n"}
,{"stream_name":"stdout","time":8705.816781286,"data":"类型3 正确率：  20.00% -\u003e 1    0.95%, 2   78.85%, 3   20.20%\n"}
,{"stream_name":"stdout","time":8705.81678726,"data":"\n"}
,{"stream_name":"stdout","time":8705.816792134,"data":"\n"}
,{"stream_name":"stdout","time":8705.850218799,"data":"样本变换：reverse\n"}
,{"stream_name":"stdout","time":8709.138171716,"data":"样本变换：mask\n"}
,{"stream_name":"stdout","time":8712.484186063,"data":"样本变换：shift\n"}
,{"stream_name":"stdout","time":8715.795199997,"data":"样本变换：none\n"}
,{"stream_name":"stdout","time":8720.431771148,"data":"未过滤\t未用伪标签：73.23% -\u003e 使用伪标签：98.20%\n"}
,{"stream_name":"stdout","time":8720.431827168,"data":"已过滤\t未用伪标签：73.67% -\u003e 使用伪标签：98.99%\n"}
,{"stream_name":"stdout","time":8720.431846563,"data":"排除样本：48|6000\t剩余：2000, 2053, 1899\n"}
,{"stream_name":"stdout","time":8720.43184976,"data":"增添样本：108\t\t细则：0, 5, 103\t正确率估算：32.41%\n"}
,{"stream_name":"stdout","time":8720.431852469,"data":"类型1 正确率： 100.00% -\u003e 1  100.00%, 2    0.00%, 3    0.00%\n"}
,{"stream_name":"stdout","time":8720.431855312,"data":"类型2 正确率： 100.00% -\u003e 1    0.00%, 2   99.90%, 3    0.10%\n"}
,{"stream_name":"stdout","time":8720.431876109,"data":"类型3 正确率：  97.00% -\u003e 1    0.00%, 2    2.97%, 3   97.03%\n"}
,{"stream_name":"stdout","time":8720.431880619,"data":"\n"}
,{"stream_name":"stdout","time":8720.431884577,"data":"被排除样本 正确率：18.75%\n"}
,{"stream_name":"stdout","time":8720.431888113,"data":"类型1 正确率： 100.00% -\u003e 1  100.00%, 2    0.00%\n"}
,{"stream_name":"stdout","time":8720.431892147,"data":"类型2 正确率：  13.00% -\u003e 1   86.67%, 2   13.33%\n"}
,{"stream_name":"stdout","time":8720.431896661,"data":"\n"}
,{"stream_name":"stdout","time":8720.431900596,"data":"\n"}
,{"stream_name":"stdout","time":8733.442235129,"data":"轮次:··6/·20 || c_Loss:0.381 || e_Loss:-0.700 || Aad_Loss:-31.887 || 耗时：33.67s\n"}
,{"stream_name":"stdout","time":8746.585683403,"data":"轮次:··7/·20 || c_Loss:0.360 || e_Loss:-1.515 || Aad_Loss:-27.906 || 耗时：13.14s\n"}
,{"stream_name":"stdout","time":8759.78297864,"data":"轮次:··8/·20 || c_Loss:0.350 || e_Loss:-1.589 || Aad_Loss:-26.276 || 耗时：13.20s\n"}
,{"stream_name":"stdout","time":8773.039265178,"data":"轮次:··9/·20 || c_Loss:0.349 || e_Loss:-1.691 || Aad_Loss:-26.248 || 耗时：13.26s\n"}
,{"stream_name":"stdout","time":8786.266115258,"data":"轮次:·10/·20 || c_Loss:0.358 || e_Loss:-1.587 || Aad_Loss:-26.645 || 耗时：13.23s\n"}
,{"stream_name":"stdout","time":8792.358944915,"data":"任务: (B3)N15_M07_F04→(B2)N15_M07_F10; mix批次:····0; 批次:··940/·1880;  总正确率: 99.42%\n"}
,{"stream_name":"stdout","time":8792.359028807,"data":"类型1 正确率： 100.00% -\u003e 1  100.00%, 2    0.00%, 3    0.00%\n"}
,{"stream_name":"stdout","time":8792.359038004,"data":"类型2 正确率： 100.00% -\u003e 1    0.00%, 2  100.00%, 3    0.00%\n"}
,{"stream_name":"stdout","time":8792.359043297,"data":"类型3 正确率：  98.00% -\u003e 1    0.00%, 2    1.75%, 3   98.25%\n"}
,{"stream_name":"stdout","time":8792.359048427,"data":"\n"}
,{"stream_name":"stdout","time":8792.359053091,"data":"\n"}
,{"stream_name":"stdout","time":8792.406621953,"data":"样本变换：reverse\n"}
,{"stream_name":"stdout","time":8795.701232242,"data":"样本变换：mask\n"}
,{"stream_name":"stdout","time":8799.038417413,"data":"样本变换：shift\n"}
,{"stream_name":"stdout","time":8802.367165349,"data":"样本变换：none\n"}
,{"stream_name":"stderr","time":8806.935824117,"data":"/usr/local/lib/python3.12/dist-packages/numpy/_core/fromnumeric.py:3596: RuntimeWarning: Mean of empty slice.\n"}
,{"stream_name":"stderr","time":8806.935899184,"data":"  return _methods._mean(a, axis=axis, dtype=dtype,\n"}
,{"stream_name":"stderr","time":8806.93591786,"data":"/usr/local/lib/python3.12/dist-packages/numpy/_core/_methods.py:138: RuntimeWarning: invalid value encountered in scalar divide\n"}
,{"stream_name":"stderr","time":8806.935929942,"data":"  ret = ret.dtype.type(ret / rcount)\n"}
,{"stream_name":"stderr","time":8806.937045595,"data":"/kaggle/working/k10/S08/sdalr_PU_final_checkpoint/tools.py:414: RuntimeWarning: Mean of empty slice.\n"}
,{"stream_name":"stderr","time":8806.937073383,"data":"  overall_acc = round(per_class_acc.mean(), 2)\n"}
,{"stream_name":"stderr","time":8806.937112108,"data":"/usr/local/lib/python3.12/dist-packages/numpy/_core/_methods.py:138: RuntimeWarning: invalid value encountered in scalar divide\n"}
,{"stream_name":"stderr","time":8806.937118785,"data":"  ret = ret.dtype.type(ret / rcount)\n"}
,{"stream_name":"stdout","time":8806.93726593,"data":"未过滤\t未用伪标签：99.42% -\u003e 使用伪标签：100.00%\n"}
,{"stream_name":"stdout","time":8806.937278012,"data":"已过滤\t未用伪标签：99.42% -\u003e 使用伪标签：100.00%\n"}
,{"stream_name":"stdout","time":8806.937283007,"data":"排除样本：2000|6000\t剩余：2000, 2000\n"}
,{"stream_name":"stdout","time":8806.937287229,"data":"增添样本：0\t\t细则：0, 0, 0类型1 正确率： 100.00% -\u003e 1  100.00%, 2    0.00%, 3    0.00%\n"}
,{"stream_name":"stdout","time":8806.937307838,"data":"类型2 正确率： 100.00% -\u003e 1    0.00%, 2  100.00%, 3    0.00%\n"}
,{"stream_name":"stdout","time":8806.937311255,"data":"类型3 正确率： 100.00% -\u003e 1    0.00%, 2    0.00%, 3  100.00%\n"}
,{"stream_name":"stdout","time":8806.937313733,"data":"\n"}
,{"stream_name":"stdout","time":8806.937316037,"data":"被排除样本 正确率：nan%\n"}
,{"stream_name":"stdout","time":8806.937318552,"data":"\n"}
,{"stream_name":"stdout","time":8806.937320825,"data":"\n"}
,{"stream_name":"stdout","time":8819.993250386,"data":"轮次:·11/·20 || c_Loss:0.379 || e_Loss:-0.991 || Aad_Loss:-23.117 || 耗时：33.73s\n"}
,{"stream_name":"stdout","time":8833.132573689,"data":"轮次:·12/·20 || c_Loss:0.390 || e_Loss:-0.962 || Aad_Loss:-24.020 || 耗时：13.14s\n"}
,{"stream_name":"stdout","time":8846.272149457,"data":"轮次:·13/·20 || c_Loss:0.397 || e_Loss:-1.021 || Aad_Loss:-21.915 || 耗时：13.14s\n"}
,{"stream_name":"stdout","time":8859.417977676,"data":"轮次:·14/·20 || c_Loss:0.411 || e_Loss:-0.965 || Aad_Loss:-21.327 || 耗时：13.15s\n"}
,{"stream_name":"stdout","time":8872.536188722,"data":"轮次:·15/·20 || c_Loss:0.404 || e_Loss:-0.960 || Aad_Loss:-20.389 || 耗时：13.12s\n"}
,{"stream_name":"stdout","time":8878.593324134,"data":"任务: (B3)N15_M07_F04→(B2)N15_M07_F10; mix批次:····0; 批次:·1410/·1880;  总正确率: 100.00%\n"}
,{"stream_name":"stdout","time":8878.593374577,"data":"类型1 正确率： 100.00% -\u003e 1  100.00%, 2    0.00%, 3    0.00%\n"}
,{"stream_name":"stdout","time":8878.593382498,"data":"类型2 正确率： 100.00% -\u003e 1    0.00%, 2  100.00%, 3    0.00%\n"}
,{"stream_name":"stdout","time":8878.59338829,"data":"类型3 正确率： 100.00% -\u003e 1    0.00%, 2    0.00%, 3  100.00%\n"}
,{"stream_name":"stdout","time":8878.593393893,"data":"\n"}
,{"stream_name":"stdout","time":8878.593399394,"data":"\n"}
,{"stream_name":"stdout","time":8878.642043739,"data":"样本变换：reverse\n"}
,{"stream_name":"stdout","time":8881.96521054,"data":"样本变换：mask\n"}
,{"stream_name":"stdout","time":8885.312801152,"data":"样本变换：shift\n"}
,{"stream_name":"stdout","time":8888.645256364,"data":"样本变换：none\n"}
,{"stream_name":"stderr","time":8893.251873068,"data":"/usr/local/lib/python3.12/dist-packages/sklearn/metrics/_classification.py:407: UserWarning: A single label was found in 'y_true' and 'y_pred'. For the confusion matrix to have the correct shape, use the 'labels' parameter to pass all known labels.\n"}
,{"stream_name":"stderr","time":8893.251937407,"data":"  warnings.warn(\n"}
,{"stream_name":"stdout","time":8893.25205789,"data":"未过滤\t未用伪标签：100.00% -\u003e 使用伪标签：99.97%\n"}
,{"stream_name":"stdout","time":8893.252104512,"data":"已过滤\t未用伪标签：100.00% -\u003e 使用伪标签：100.00%\n"}
,{"stream_name":"stdout","time":8893.252131348,"data":"排除样本：2|6000\t剩余：2000, 1998, 2000\n"}
,{"stream_name":"stdout","time":8893.252135895,"data":"增添样本：2\t\t细则：0, 2, 0\t正确率估算：100.00%\n"}
,{"stream_name":"stdout","time":8893.252140028,"data":"类型1 正确率： 100.00% -\u003e 1  100.00%, 2    0.00%, 3    0.00%\n"}
,{"stream_name":"stdout","time":8893.252143777,"data":"类型2 正确率： 100.00% -\u003e 1    0.00%, 2  100.00%, 3    0.00%\n"}
,{"stream_name":"stdout","time":8893.252147451,"data":"类型3 正确率： 100.00% -\u003e 1    0.00%, 2    0.00%, 3  100.00%\n"}
,{"stream_name":"stdout","time":8893.252151388,"data":"\n"}
,{"stream_name":"stdout","time":8893.252154651,"data":"被排除样本 正确率：100.00%\n"}
,{"stream_name":"stdout","time":8893.252158089,"data":"类型1 正确率： 100.00% -\u003e 1  100.00%\n"}
,{"stream_name":"stdout","time":8893.252161679,"data":"\n"}
,{"stream_name":"stdout","time":8893.252165019,"data":"\n"}
,{"stream_name":"stdout","time":8906.241944931,"data":"轮次:·16/·20 || c_Loss:0.405 || e_Loss:-0.986 || Aad_Loss:-24.756 || 耗时：33.71s\n"}
,{"stream_name":"stdout","time":8919.314225957,"data":"轮次:·17/·20 || c_Loss:0.401 || e_Loss:-1.012 || Aad_Loss:-22.750 || 耗时：13.07s\n"}
,{"stream_name":"stdout","time":8932.449270659,"data":"轮次:·18/·20 || c_Loss:0.389 || e_Loss:-0.974 || Aad_Loss:-21.708 || 耗时：13.13s\n"}
,{"stream_name":"stdout","time":8945.569528467,"data":"轮次:·19/·20 || c_Loss:0.393 || e_Loss:-1.005 || Aad_Loss:-23.322 || 耗时：13.12s\n"}
,{"stream_name":"stdout","time":8958.726484093,"data":"轮次:·20/·20 || c_Loss:0.397 || e_Loss:-0.999 || Aad_Loss:-24.422 || 耗时：13.16s\n"}
,{"stream_name":"stdout","time":8964.784469142,"data":"任务: (B3)N15_M07_F04→(B2)N15_M07_F10; mix批次:····0; 批次:·1880/·1880;  总正确率: 99.98%\n"}
,{"stream_name":"stdout","time":8964.7845072,"data":"类型1 正确率： 100.00% -\u003e 1  100.00%, 2    0.00%, 3    0.00%\n"}
,{"stream_name":"stdout","time":8964.784513759,"data":"类型2 正确率： 100.00% -\u003e 1    0.00%, 2  100.00%, 3    0.00%\n"}
,{"stream_name":"stdout","time":8964.78451917,"data":"类型3 正确率： 100.00% -\u003e 1    0.00%, 2    0.05%, 3   99.95%\n"}
,{"stream_name":"stdout","time":8964.78452465,"data":"\n"}
,{"stream_name":"stdout","time":8964.78452971,"data":"\n"}
,{"stream_name":"stdout","time":8970.830943329,"data":"测试集任务: (B3)N15_M07_F04→(B2)N15_M07_F10; 总正确率 = 99.98%\n"}
,{"stream_name":"stdout","time":8970.831009752,"data":"类型1 正确率： 100.00% -\u003e 1  100.00%, 2    0.00%, 3    0.00%\n"}
,{"stream_name":"stdout","time":8970.831018078,"data":"类型2 正确率： 100.00% -\u003e 1    0.00%, 2  100.00%, 3    0.00%\n"}
,{"stream_name":"stdout","time":8970.831022994,"data":"类型3 正确率： 100.00% -\u003e 1    0.00%, 2    0.05%, 3   99.95%\n"}
,{"stream_name":"stdout","time":8970.831028407,"data":"\n"}
,{"stream_name":"stdout","time":8970.831032322,"data":"\n"}
,{"stream_name":"stdout","time":8970.854851878,"data":"[tar_adaptation_RES_PU.py --folder_root /kaggle/working/k10/S08/sdalr_PU_final_checkpoint/DATA_foldS08c --seed 2024 --class_num 3 --data_name PU_M1_L3 --output /kaggle/working/k10/S08/weight_PU_M1_final_checkpoint_FS08toS08c_gateoracle_s2024 --s 2 --t 1 --lr 0.0005 --threshold 0.4 --K 0.6] 363s\n"}
,{"stream_name":"stdout","time":8970.887240888,"data":"{\n"}
,{"stream_name":"stdout","time":8970.88727315,"data":"  \"dataset\": \"PU_M1\",\n"}
,{"stream_name":"stdout","time":8970.887277924,"data":"  \"variant\": \"final_checkpoint\",\n"}
,{"stream_name":"stdout","time":8970.887281438,"data":"  \"seed\": 2024,\n"}
,{"stream_name":"stdout","time":8970.887306247,"data":"  \"smoke\": false,\n"}
,{"stream_name":"stdout","time":8970.887310606,"data":"  \"src_fold\": \"S08\",\n"}
,{"stream_name":"stdout","time":8970.887314586,"data":"  \"tgt_fold\": \"S08c\",\n"}
,{"stream_name":"stdout","time":8970.887318323,"data":"  \"leaky\": false,\n"}
,{"stream_name":"stdout","time":8970.887321374,"data":"  \"hyperparameters\": {\n"}
,{"stream_name":"stdout","time":8970.887324916,"data":"    \"lr\": \"0.0005\",\n"}
,{"stream_name":"stdout","time":8970.887328828,"data":"    \"threshold\": \"0.4\",\n"}
,{"stream_name":"stdout","time":8970.887332171,"data":"    \"K\": \"0.6\"\n"}
,{"stream_name":"stdout","time":8970.887336075,"data":"  },\n"}
,{"stream_name":"stdout","time":8970.887339315,"data":"  \"adapters\": [\n"}
,{"stream_name":"stdout","time":8970.887342611,"data":"    \"npz_io\",\n"}
,{"stream_name":"stdout","time":8970.887345876,"data":"    \"tsne_stub\",\n"}
,{"stream_name":"stdout","time":8970.887349534,"data":"    \"final_checkpoint_patch\"\n"}
,{"stream_name":"stdout","time":8970.887352911,"data":"  ],\n"}
,{"stream_name":"stdout","time":8970.887356326,"data":"  \"source_only\": {},\n"}
,{"stream_name":"stdout","time":8970.887359623,"data":"  \"adapted\": {\n"}
,{"stream_name":"stdout","time":8970.887363417,"data":"    \"A1-\u003eA3\": 99.85,\n"}
,{"stream_name":"stdout","time":8970.88736728,"data":"    \"A1-\u003eA2\": 89.73,\n"}
,{"stream_name":"stdout","time":8970.887370829,"data":"    \"A3-\u003eA1\": 65.37,\n"}
,{"stream_name":"stdout","time":8970.887374412,"data":"    \"A3-\u003eA2\": 92.12,\n"}
,{"stream_name":"stdout","time":8970.887377802,"data":"    \"A2-\u003eA1\": 99.45,\n"}
,{"stream_name":"stdout","time":8970.887381087,"data":"    \"A2-\u003eA3\": 99.98\n"}
,{"stream_name":"stdout","time":8970.887384779,"data":"  },\n"}
,{"stream_name":"stdout","time":8970.887388199,"data":"  \"seconds\": {\n"}
,{"stream_name":"stdout","time":8970.887394422,"data":"    \"A1-\u003eA3\": 360,\n"}
,{"stream_name":"stdout","time":8970.887398032,"data":"    \"A1-\u003eA2\": 360,\n"}
,{"stream_name":"stdout","time":8970.887401667,"data":"    \"A3-\u003eA1\": 360,\n"}
,{"stream_name":"stdout","time":8970.887405636,"data":"    \"A3-\u003eA2\": 360,\n"}
,{"stream_name":"stdout","time":8970.8874092,"data":"    \"A2-\u003eA1\": 361,\n"}
,{"stream_name":"stdout","time":8970.887412679,"data":"    \"A2-\u003eA3\": 363\n"}
,{"stream_name":"stdout","time":8970.887416191,"data":"  },\n"}
,{"stream_name":"stdout","time":8970.887419545,"data":"  \"gate_log\": {\n"}
,{"stream_name":"stdout","time":8970.88742353,"data":"    \"A1-\u003eA3\": [\n"}
,{"stream_name":"stdout","time":8970.887427308,"data":"      {\n"}
,{"stream_name":"stdout","time":8970.887430744,"data":"        \"sdalr_rejected\": 68,\n"}
,{"stream_name":"stdout","time":8970.887434374,"data":"        \"hook_rejected\": 3772,\n"}
,{"stream_name":"stdout","time":8970.887438067,"data":"        \"precision_before\": 0.3641267700606878,\n"}
,{"stream_name":"stdout","time":8970.887441744,"data":"        \"precision_after\": 1.0,\n"}
,{"stream_name":"stdout","time":8970.887445284,"data":"        \"n\": 6000\n"}
,{"stream_name":"stdout","time":8970.887448999,"data":"      },\n"}
,{"stream_name":"stdout","time":8970.887452464,"data":"      {\n"}
,{"stream_name":"stdout","time":8970.887455799,"data":"        \"sdalr_rejected\": 64,\n"}
,{"stream_name":"stdout","time":8970.887459269,"data":"        \"hook_rejected\": 3666,\n"}
,{"stream_name":"stdout","time":8970.887462754,"data":"        \"precision_before\": 0.3824123989218329,\n"}
,{"stream_name":"stdout","time":8970.887470624,"data":"        \"precision_after\": 1.0,\n"}
,{"stream_name":"stdout","time":8970.887474623,"data":"        \"n\": 6000\n"}
,{"stream_name":"stdout","time":8970.88747857,"data":"      },\n"}
,{"stream_name":"stdout","time":8970.887481913,"data":"      {\n"}
,{"stream_name":"stdout","time":8970.887485497,"data":"        \"sdalr_rejected\": 3448,\n"}
,{"stream_name":"stdout","time":8970.887489245,"data":"        \"hook_rejected\": 44,\n"}
,{"stream_name":"stdout","time":8970.887492834,"data":"        \"precision_before\": 0.9827586206896551,\n"}
,{"stream_name":"stdout","time":8970.8874964,"data":"        \"precision_after\": 1.0,\n"}
,{"stream_name":"stdout","time":8970.887499937,"data":"        \"n\": 6000\n"}
,{"stream_name":"stdout","time":8970.887503352,"data":"      },\n"}
,{"stream_name":"stdout","time":8970.887506728,"data":"      {\n"}
,{"stream_name":"stdout","time":8970.887510165,"data":"        \"sdalr_rejected\": 48,\n"}
,{"stream_name":"stdout","time":8970.887513689,"data":"        \"hook_rejected\": 31,\n"}
,{"stream_name":"stdout","time":8970.887517355,"data":"        \"precision_before\": 0.9947916666666666,\n"}
,{"stream_name":"stdout","time":8970.887521022,"data":"        \"precision_after\": 1.0,\n"}
,{"stream_name":"stdout","time":8970.887524582,"data":"        \"n\": 6000\n"}
,{"stream_name":"stdout","time":8970.887528024,"data":"      }\n"}
,{"stream_name":"stdout","time":8970.887531407,"data":"    ],\n"}
,{"stream_name":"stdout","time":8970.887535605,"data":"    \"A1-\u003eA2\": [\n"}
,{"stream_name":"stdout","time":8970.887539142,"data":"      {\n"}
,{"stream_name":"stdout","time":8970.887542505,"data":"        \"sdalr_rejected\": 43,\n"}
,{"stream_name":"stdout","time":8970.887546754,"data":"        \"hook_rejected\": 3614,\n"}
,{"stream_name":"stdout","time":8970.88755057,"data":"        \"precision_before\": 0.39331878462313247,\n"}
,{"stream_name":"stdout","time":8970.88755438,"data":"        \"precision_after\": 1.0,\n"}
,{"stream_name":"stdout","time":8970.887557829,"data":"        \"n\": 6000\n"}
,{"stream_name":"stdout","time":8970.887561325,"data":"      },\n"}
,{"stream_name":"stdout","time":8970.887564961,"data":"      {\n"}
,{"stream_name":"stdout","time":8970.887568258,"data":"        \"sdalr_rejected\": 2646,\n"}
,{"stream_name":"stdout","time":8970.887571844,"data":"        \"hook_rejected\": 985,\n"}
,{"stream_name":"stdout","time":8970.887575342,"data":"        \"precision_before\": 0.7063208109719737,\n"}
,{"stream_name":"stdout","time":8970.88757891,"data":"        \"precision_after\": 1.0,\n"}
,{"stream_name":"stdout","time":8970.887582433,"data":"        \"n\": 6000\n"}
,{"stream_name":"stdout","time":8970.887586224,"data":"      },\n"}
,{"stream_name":"stdout","time":8970.887590635,"data":"      {\n"}
,{"stream_name":"stdout","time":8970.887593894,"data":"        \"sdalr_rejected\": 10,\n"}
,{"stream_name":"stdout","time":8970.887597804,"data":"        \"hook_rejected\": 1003,\n"}
,{"stream_name":"stdout","time":8970.887601413,"data":"        \"precision_before\": 0.8325542570951586,\n"}
,{"stream_name":"stdout","time":8970.887605181,"data":"        \"precision_after\": 1.0,\n"}
,{"stream_name":"stdout","time":8970.887608905,"data":"        \"n\": 6000\n"}
,{"stream_name":"stdout","time":8970.887612456,"data":"      },\n"}
,{"stream_name":"stdout","time":8970.887615875,"data":"      {\n"}
,{"stream_name":"stdout","time":8970.887619166,"data":"        \"sdalr_rejected\": 19,\n"}
,{"stream_name":"stdout","time":8970.887622588,"data":"        \"hook_rejected\": 943,\n"}
,{"stream_name":"stdout","time":8970.887629265,"data":"        \"precision_before\": 0.8423340578498579,\n"}
,{"stream_name":"stdout","time":8970.88763437,"data":"        \"precision_after\": 1.0,\n"}
,{"stream_name":"stdout","time":8970.88763794,"data":"        \"n\": 6000\n"}
,{"stream_name":"stdout","time":8970.887641348,"data":"      }\n"}
,{"stream_name":"stdout","time":8970.887644683,"data":"    ],\n"}
,{"stream_name":"stdout","time":8970.887648129,"data":"    \"A3-\u003eA1\": [\n"}
,{"stream_name":"stdout","time":8970.887651707,"data":"      {\n"}
,{"stream_name":"stdout","time":8970.887655085,"data":"        \"sdalr_rejected\": 36,\n"}
,{"stream_name":"stdout","time":8970.887658706,"data":"        \"hook_rejected\": 3562,\n"}
,{"stream_name":"stdout","time":8970.887662454,"data":"        \"precision_before\": 0.4027498323272971,\n"}
,{"stream_name":"stdout","time":8970.887666057,"data":"        \"precision_after\": 1.0,\n"}
,{"stream_name":"stdout","time":8970.887669267,"data":"        \"n\": 6000\n"}
,{"stream_name":"stdout","time":8970.887672777,"data":"      },\n"}
,{"stream_name":"stdout","time":8970.8876761,"data":"      {\n"}
,{"stream_name":"stdout","time":8970.887679751,"data":"        \"sdalr_rejected\": 22,\n"}
,{"stream_name":"stdout","time":8970.887684373,"data":"        \"hook_rejected\": 3461,\n"}
,{"stream_name":"stdout","time":8970.887687994,"data":"        \"precision_before\": 0.4210438273670124,\n"}
,{"stream_name":"stdout","time":8970.88769149,"data":"        \"precision_after\": 1.0,\n"}
,{"stream_name":"stdout","time":8970.887695117,"data":"        \"n\": 6000\n"}
,{"stream_name":"stdout","time":8970.88769857,"data":"      },\n"}
,{"stream_name":"stdout","time":8970.887702065,"data":"      {\n"}
,{"stream_name":"stdout","time":8970.887705472,"data":"        \"sdalr_rejected\": 18,\n"}
,{"stream_name":"stdout","time":8970.887708874,"data":"        \"hook_rejected\": 3404,\n"}
,{"stream_name":"stdout","time":8970.887712819,"data":"        \"precision_before\": 0.4309595453025744,\n"}
,{"stream_name":"stdout","time":8970.887716282,"data":"        \"precision_after\": 1.0,\n"}
,{"stream_name":"stdout","time":8970.887719777,"data":"        \"n\": 6000\n"}
,{"stream_name":"stdout","time":8970.887723268,"data":"      },\n"}
,{"stream_name":"stdout","time":8970.887726485,"data":"      {\n"}
,{"stream_name":"stdout","time":8970.887729836,"data":"        \"sdalr_rejected\": 26,\n"}
,{"stream_name":"stdout","time":8970.88773331,"data":"        \"hook_rejected\": 3331,\n"}
,{"stream_name":"stdout","time":8970.88773673,"data":"        \"precision_before\": 0.44241714094409107,\n"}
,{"stream_name":"stdout","time":8970.887740413,"data":"        \"precision_after\": 1.0,\n"}
,{"stream_name":"stdout","time":8970.887744328,"data":"        \"n\": 6000\n"}
,{"stream_name":"stdout","time":8970.88774759,"data":"      }\n"}
,{"stream_name":"stdout","time":8970.887750625,"data":"    ],\n"}
,{"stream_name":"stdout","time":8970.88775385,"data":"    \"A3-\u003eA2\": [\n"}
,{"stream_name":"stdout","time":8970.887757722,"data":"      {\n"}
,{"stream_name":"stdout","time":8970.88776094,"data":"        \"sdalr_rejected\": 37,\n"}
,{"stream_name":"stdout","time":8970.887764694,"data":"        \"hook_rejected\": 3572,\n"}
,{"stream_name":"stdout","time":8970.887768326,"data":"        \"precision_before\": 0.40097266476605736,\n"}
,{"stream_name":"stdout","time":8970.887771869,"data":"        \"precision_after\": 1.0,\n"}
,{"stream_name":"stdout","time":8970.887775342,"data":"        \"n\": 6000\n"}
,{"stream_name":"stdout","time":8970.887778967,"data":"      },\n"}
,{"stream_name":"stdout","time":8970.887786034,"data":"      {\n"}
,{"stream_name":"stdout","time":8970.887789459,"data":"        \"sdalr_rejected\": 54,\n"}
,{"stream_name":"stdout","time":8970.887792927,"data":"        \"hook_rejected\": 3525,\n"}
,{"stream_name":"stdout","time":8970.887796395,"data":"        \"precision_before\": 0.40716448032290614,\n"}
,{"stream_name":"stdout","time":8970.887799888,"data":"        \"precision_after\": 1.0,\n"}
,{"stream_name":"stdout","time":8970.887877254,"data":"        \"n\": 6000\n"}
,{"stream_name":"stdout","time":8970.88790755,"data":"      },\n"}
,{"stream_name":"stdout","time":8970.887923552,"data":"      {\n"}
,{"stream_name":"stdout","time":8970.888039663,"data":"        \"sdalr_rejected\": 150,\n"}
,{"stream_name":"stdout","time":8970.888058094,"data":"        \"hook_rejected\": 3137,\n"}
,{"stream_name":"stdout","time":8970.888109925,"data":"        \"precision_before\": 0.46376068376068375,\n"}
,{"stream_name":"stdout","time":8970.888149255,"data":"        \"precision_after\": 1.0,\n"}
,{"stream_name":"stdout","time":8970.888170872,"data":"        \"n\": 6000\n"}
,{"stream_name":"stdout","time":8970.888185733,"data":"      },\n"}
,{"stream_name":"stdout","time":8970.888203714,"data":"      {\n"}
,{"stream_name":"stdout","time":8970.888219387,"data":"        \"sdalr_rejected\": 60,\n"}
,{"stream_name":"stdout","time":8970.888237308,"data":"        \"hook_rejected\": 913,\n"}
,{"stream_name":"stdout","time":8970.888252491,"data":"        \"precision_before\": 0.8462962962962963,\n"}
,{"stream_name":"stdout","time":8970.888270594,"data":"        \"precision_after\": 1.0,\n"}
,{"stream_name":"stdout","time":8970.888288067,"data":"        \"n\": 6000\n"}
,{"stream_name":"stdout","time":8970.888302494,"data":"      }\n"}
,{"stream_name":"stdout","time":8970.888317649,"data":"    ],\n"}
,{"stream_name":"stdout","time":8970.888334735,"data":"    \"A2-\u003eA1\": [\n"}
,{"stream_name":"stdout","time":8970.888349528,"data":"      {\n"}
,{"stream_name":"stdout","time":8970.888365392,"data":"        \"sdalr_rejected\": 30,\n"}
,{"stream_name":"stdout","time":8970.888379198,"data":"        \"hook_rejected\": 3318,\n"}
,{"stream_name":"stdout","time":8970.888395835,"data":"        \"precision_before\": 0.4442211055276382,\n"}
,{"stream_name":"stdout","time":8970.888411595,"data":"        \"precision_after\": 1.0,\n"}
,{"stream_name":"stdout","time":8970.888428184,"data":"        \"n\": 6000\n"}
,{"stream_name":"stdout","time":8970.888443179,"data":"      },\n"}
,{"stream_name":"stdout","time":8970.88845793,"data":"      {\n"}
,{"stream_name":"stdout","time":8970.888472077,"data":"        \"sdalr_rejected\": 79,\n"}
,{"stream_name":"stdout","time":8970.88855937,"data":"        \"hook_rejected\": 40,\n"}
,{"stream_name":"stdout","time":8970.888587993,"data":"        \"precision_before\": 0.993244384394528,\n"}
,{"stream_name":"stdout","time":8970.888613537,"data":"        \"precision_after\": 1.0,\n"}
,{"stream_name":"stdout","time":8970.888641031,"data":"        \"n\": 6000\n"}
,{"stream_name":"stdout","time":8970.888676895,"data":"      },\n"}
,{"stream_name":"stdout","time":8970.88870968,"data":"      {\n"}
,{"stream_name":"stdout","time":8970.888733817,"data":"        \"sdalr_rejected\": 9,\n"}
,{"stream_name":"stdout","time":8970.888760892,"data":"        \"hook_rejected\": 73,\n"}
,{"stream_name":"stdout","time":8970.888785673,"data":"        \"precision_before\": 0.9878150559172092,\n"}
,{"stream_name":"stdout","time":8970.888814012,"data":"        \"precision_after\": 1.0,\n"}
,{"stream_name":"stdout","time":8970.888849487,"data":"        \"n\": 6000\n"}
,{"stream_name":"stdout","time":8970.888873061,"data":"      },\n"}
,{"stream_name":"stdout","time":8970.888898057,"data":"      {\n"}
,{"stream_name":"stdout","time":8970.888929552,"data":"        \"sdalr_rejected\": 7,\n"}
,{"stream_name":"stdout","time":8970.888953665,"data":"        \"hook_rejected\": 75,\n"}
,{"stream_name":"stdout","time":8970.888985225,"data":"        \"precision_before\": 0.987485399632905,\n"}
,{"stream_name":"stdout","time":8970.889019585,"data":"        \"precision_after\": 1.0,\n"}
,{"stream_name":"stdout","time":8970.88912543,"data":"        \"n\": 6000\n"}
,{"stream_name":"stdout","time":8970.889168122,"data":"      }\n"}
,{"stream_name":"stdout","time":8970.889208481,"data":"    ],\n"}
,{"stream_name":"stdout","time":8970.889282523,"data":"    \"A2-\u003eA3\": [\n"}
,{"stream_name":"stdout","time":8970.889330937,"data":"      {\n"}
,{"stream_name":"stdout","time":8970.88935758,"data":"        \"sdalr_rejected\": 64,\n"}
,{"stream_name":"stdout","time":8970.889408267,"data":"        \"hook_rejected\": 3409,\n"}
,{"stream_name":"stdout","time":8970.889452183,"data":"        \"precision_before\": 0.4257075471698113,\n"}
,{"stream_name":"stdout","time":8970.889491969,"data":"        \"precision_after\": 1.0,\n"}
,{"stream_name":"stdout","time":8970.889535794,"data":"        \"n\": 6000\n"}
,{"stream_name":"stdout","time":8970.889597104,"data":"      },\n"}
,{"stream_name":"stdout","time":8970.889621947,"data":"      {\n"}
,{"stream_name":"stdout","time":8970.889652347,"data":"        \"sdalr_rejected\": 48,\n"}
,{"stream_name":"stdout","time":8970.88967534,"data":"        \"hook_rejected\": 60,\n"}
,{"stream_name":"stdout","time":8970.889728317,"data":"        \"precision_before\": 0.9899193548387096,\n"}
,{"stream_name":"stdout","time":8970.889771055,"data":"        \"precision_after\": 1.0,\n"}
,{"stream_name":"stdout","time":8970.889796509,"data":"        \"n\": 6000\n"}
,{"stream_name":"stdout","time":8970.889826588,"data":"      },\n"}
,{"stream_name":"stdout","time":8970.889887285,"data":"      {\n"}
,{"stream_name":"stdout","time":8970.889924684,"data":"        \"sdalr_rejected\": 0,\n"}
,{"stream_name":"stdout","time":8970.889961916,"data":"        \"hook_rejected\": 0,\n"}
,{"stream_name":"stdout","time":8970.890013054,"data":"        \"precision_before\": 1.0,\n"}
,{"stream_name":"stdout","time":8970.890046088,"data":"        \"precision_after\": 1.0,\n"}
,{"stream_name":"stdout","time":8970.890109686,"data":"        \"n\": 6000\n"}
,{"stream_name":"stdout","time":8970.890162968,"data":"      },\n"}
,{"stream_name":"stdout","time":8970.890196742,"data":"      {\n"}
,{"stream_name":"stdout","time":8970.890252973,"data":"        \"sdalr_rejected\": 2,\n"}
,{"stream_name":"stdout","time":8970.890324121,"data":"        \"hook_rejected\": 0,\n"}
,{"stream_name":"stdout","time":8970.890375913,"data":"        \"precision_before\": 1.0,\n"}
,{"stream_name":"stdout","time":8970.890425833,"data":"        \"precision_after\": 1.0,\n"}
,{"stream_name":"stdout","time":8970.890485604,"data":"        \"n\": 6000\n"}
,{"stream_name":"stdout","time":8970.890538645,"data":"      }\n"}
,{"stream_name":"stdout","time":8970.890600569,"data":"    ]\n"}
,{"stream_name":"stdout","time":8970.890638282,"data":"  },\n"}
,{"stream_name":"stdout","time":8970.890685094,"data":"  \"gate\": \"oracle\"\n"}
,{"stream_name":"stdout","time":8970.890756481,"data":"}\n"}
,{"stream_name":"stdout","time":8972.352774444,"data":"RUN /usr/bin/python3 -u /kaggle/input/datasets/rafiurrahman01/physgate-m0-code/sdalr_runner.py --sdalr /kaggle/input/datasets/rafiurrahman01/physgate-m0-code --m0 /kaggle/input/physgate-k10-g4 --dataset PU_M1 --src-fold S09 --tgt-fold S09 --variant final_checkpoint --work /kaggle/working/k10/S09 --seed 2024 --gate none --gate-verdicts /kaggle/input/datasets/rafiurrahman01/physgate-m0-code/gate_verdicts.json\n"}
,{"stream_name":"stdout","time":8979.532339784,"data":"\n"}
,{"stream_name":"stdout","time":8979.53238917,"data":"\n"}
,{"stream_name":"stdout","time":8979.532396482,"data":"现在开始拿源域训练集：(B1)N15_M01_F10 进行训练\n"}
,{"stream_name":"stdout","time":8979.53240256,"data":"源域读取路径：/kaggle/working/k10/S09/sdalr_PU_final_checkpoint/DATA_foldS09/PU_M1_L3/N15_M01_F10_label.txt\n"}
,{"stream_name":"stdout","time":8979.532407416,"data":"excel输出位置：/kaggle/working/k10/S09/weight_src_PU_M1_FS09_s2024/NEW_PU/Source-源域\n"}
,{"stream_name":"stdout","time":8979.53241209,"data":"log\u0026pt输出位置：/kaggle/working/k10/S09/weight_src_PU_M1_FS09_s2024/NEW_PU/Source-源域/log\u0026pt/(B1)N15_M01_F10\n"}
,{"stream_name":"stdout","time":8979.533321928,"data":"特征图片输出位置：/kaggle/working/k10/S09/weight_src_PU_M1_FS09_s2024/NEW_PU/Picture-特征图/2026年09月19日10时44分/(B1)N15_M01_F10\n"}
,{"stream_name":"stderr","time":8979.53575517,"data":"sh: 1: Syntax error: word unexpected (expecting \")\")\n"}
,{"stream_name":"stdout","time":8979.536460079,"data":"源域训练开始\n"}
,{"stream_name":"stderr","time":8981.618589395,"data":"/usr/local/lib/python3.12/dist-packages/torch/nn/utils/weight_norm.py:144: FutureWarning: `torch.nn.utils.weight_norm` is deprecated in favor of `torch.nn.utils.parametrizations.weight_norm`.\n"}
,{"stream_name":"stderr","time":8981.618644239,"data":"  WeightNorm.apply(module, name, dim)\n"}
,{"stream_name":"stdout","time":8990.817472767,"data":"轮次:··1/·10 || loss:0.005 || 耗时：9.15s\n"}
,{"stream_name":"stdout","time":8999.739504986,"data":"轮次:··2/·10 || loss:0.008 || 耗时：8.86s\n"}
,{"stream_name":"stdout","time":9008.853595392,"data":"轮次:··3/·10 || loss:0.006 || 耗时：9.05s\n"}
,{"stream_name":"stdout","time":9018.17083008,"data":"轮次:··4/·10 || loss:0.003 || 耗时：9.25s\n"}
,{"stream_name":"stdout","time":9027.502370786,"data":"轮次:··5/·10 || loss:0.015 || 耗时：9.27s\n"}
,{"stream_name":"stdout","time":9028.132064855,"data":"任务: (B1)N15_M01_F10; mix批次:····0; 批次:··330/··660; 总正确率 = 100.00%\n"}
,{"stream_name":"stdout","time":9028.132146711,"data":"类型1 正确率： 100.00% -\u003e 1  100.00%, 2    0.00%, 3    0.00%\n"}
,{"stream_name":"stdout","time":9028.132155446,"data":"类型2 正确率： 100.00% -\u003e 1    0.00%, 2  100.00%, 3    0.00%\n"}
,{"stream_name":"stdout","time":9028.132160922,"data":"类型3 正确率： 100.00% -\u003e 1    0.00%, 2    0.00%, 3  100.00%\n"}
,{"stream_name":"stdout","time":9028.13216625,"data":"\n"}
,{"stream_name":"stdout","time":9028.132171526,"data":"\n"}
,{"stream_name":"stdout","time":9037.272129846,"data":"轮次:··6/·10 || loss:0.006 || 耗时：9.03s\n"}
,{"stream_name":"stdout","time":9046.224849605,"data":"轮次:··7/·10 || loss:0.063 || 耗时：8.89s\n"}
,{"stream_name":"stdout","time":9055.098562118,"data":"轮次:··8/·10 || loss:0.012 || 耗时：8.81s\n"}
,{"stream_name":"stdout","time":9063.931699908,"data":"轮次:··9/·10 || loss:0.009 || 耗时：8.77s\n"}
,{"stream_name":"stdout","time":9072.773861423,"data":"轮次:·10/·10 || loss:0.003 || 耗时：8.78s\n"}
,{"stream_name":"stdout","time":9073.367277584,"data":"任务: (B1)N15_M01_F10; mix批次:····0; 批次:··660/··660; 总正确率 = 100.00%\n"}
,{"stream_name":"stdout","time":9073.36732334,"data":"类型1 正确率： 100.00% -\u003e 1  100.00%, 2    0.00%, 3    0.00%\n"}
,{"stream_name":"stdout","time":9073.367353007,"data":"类型2 正确率： 100.00% -\u003e 1    0.00%, 2  100.00%, 3    0.00%\n"}
,{"stream_name":"stdout","time":9073.367358187,"data":"类型3 正确率： 100.00% -\u003e 1    0.00%, 2    0.00%, 3  100.00%\n"}
,{"stream_name":"stdout","time":9073.367362445,"data":"\n"}
,{"stream_name":"stdout","time":9073.367366237,"data":"\n"}
,{"stream_name":"stdout","time":9074.62253533,"data":"测试集任务: (B1)N15_M01_F10; 总正确率 = 100.00%\n"}
,{"stream_name":"stdout","time":9074.622571052,"data":"类型1 正确率： 100.00% -\u003e 1  100.00%, 2    0.00%, 3    0.00%\n"}
,{"stream_name":"stdout","time":9074.622576778,"data":"类型2 正确率： 100.00% -\u003e 1    0.00%, 2  100.00%, 3    0.00%\n"}
,{"stream_name":"stdout","time":9074.622580995,"data":"类型3 正确率： 100.00% -\u003e 1    0.00%, 2    0.00%, 3  100.00%\n"}
,{"stream_name":"stdout","time":9074.622585142,"data":"\n"}
,{"stream_name":"stdout","time":9074.622588991,"data":"\n"}
,{"stream_name":"stdout","time":9074.632691975,"data":"源域训练结束\n"}
,{"stream_name":"stdout","time":9074.632724388,"data":"\n"}
,{"stream_name":"stdout","time":9074.632734862,"data":"训练好之后，测试目标域\n"}
,{"stream_name":"stdout","time":9074.633169943,"data":"目标域路径：/kaggle/working/k10/S09/sdalr_PU_final_checkpoint/DATA_foldS09/PU_M1_L3/N15_M07_F10_label.txt\n"}
,{"stream_name":"stderr","time":9075.035923014,"data":"/usr/local/lib/python3.12/dist-packages/torch/nn/utils/weight_norm.py:144: FutureWarning: `torch.nn.utils.weight_norm` is deprecated in favor of `torch.nn.utils.parametrizations.weight_norm`.\n"}
,{"stream_name":"stderr","time":9075.03600713,"data":"  WeightNorm.apply(module, name, dim)\n"}
,{"stream_name":"stdout","time":9076.249232573,"data":"测试目标数据集结果如下：\n"}
,{"stream_name":"stdout","time":9076.249272312,"data":"任务: (B1)N15_M01_F10→(B2)N15_M07_F10, 正确率 = 98.38%\n"}
,{"stream_name":"stdout","time":9076.249277444,"data":"类型1 正确率： 100.00% -\u003e 1  100.00%, 2    0.00%, 3    0.00%\n"}
,{"stream_name":"stdout","time":9076.249282329,"data":"类型2 正确率： 100.00% -\u003e 1    0.00%, 2  100.00%, 3    0.00%\n"}
,{"stream_name":"stdout","time":9076.249286809,"data":"类型3 正确率：  95.00% -\u003e 1    0.00%, 2    4.85%, 3   95.15%\n"}
,{"stream_name":"stdout","time":9076.249290987,"data":"\n"}
,{"stream_name":"stdout","time":9076.249822111,"data":"目标域路径：/kaggle/working/k10/S09/sdalr_PU_final_checkpoint/DATA_foldS09/PU_M1_L3/N15_M07_F04_label.txt\n"}
,{"stream_name":"stderr","time":9076.641140892,"data":"/usr/local/lib/python3.12/dist-packages/torch/nn/utils/weight_norm.py:144: FutureWarning: `torch.nn.utils.weight_norm` is deprecated in favor of `torch.nn.utils.parametrizations.weight_norm`.\n"}
,{"stream_name":"stderr","time":9076.641190815,"data":"  WeightNorm.apply(module, name, dim)\n"}
,{"stream_name":"stdout","time":9077.855426057,"data":"测试目标数据集结果如下：\n"}
,{"stream_name":"stdout","time":9077.855622037,"data":"任务: (B1)N15_M01_F10→(B3)N15_M07_F04, 正确率 = 85.85%\n"}
,{"stream_name":"stdout","time":9077.856737853,"data":"类型1 正确率： 100.00% -\u003e 1  100.00%, 2    0.00%, 3    0.00%\n"}
,{"stream_name":"stdout","time":9077.856749794,"data":"类型2 正确率：  94.00% -\u003e 1    0.00%, 2   93.60%, 3    6.40%\n"}
,{"stream_name":"stdout","time":9077.85675445,"data":"类型3 正确率：  64.00% -\u003e 1    0.00%, 2   36.03%, 3   63.97%\n"}
,{"stream_name":"stdout","time":9077.856758776,"data":"\n"}
,{"stream_name":"stdout","time":9077.856776858,"data":"\n"}
,{"stream_name":"stdout","time":9077.856790405,"data":"\n"}
,{"stream_name":"stdout","time":9077.856793711,"data":"现在开始拿源域训练集：(B2)N15_M07_F10 进行训练\n"}
,{"stream_name":"stdout","time":9077.856796963,"data":"源域读取路径：/kaggle/working/k10/S09/sdalr_PU_final_checkpoint/DATA_foldS09/PU_M1_L3/N15_M07_F10_label.txt\n"}
,{"stream_name":"stdout","time":9077.856800492,"data":"excel输出位置：/kaggle/working/k10/S09/weight_src_PU_M1_FS09_s2024/NEW_PU/Source-源域\n"}
,{"stream_name":"stdout","time":9077.856803876,"data":"log\u0026pt输出位置：/kaggle/working/k10/S09/weight_src_PU_M1_FS09_s2024/NEW_PU/Source-源域/log\u0026pt/(B2)N15_M07_F10\n"}
,{"stream_name":"stdout","time":9077.856807611,"data":"特征图片输出位置：/kaggle/working/k10/S09/weight_src_PU_M1_FS09_s2024/NEW_PU/Picture-特征图/2026年09月19日10时44分/(B2)N15_M07_F10\n"}
,{"stream_name":"stderr","time":9077.858447457,"data":"sh: 1: Syntax error: word unexpected (expecting \")\")\n"}
,{"stream_name":"stdout","time":9077.859018735,"data":"源域训练开始\n"}
,{"stream_name":"stderr","time":9079.761875094,"data":"/usr/local/lib/python3.12/dist-packages/torch/nn/utils/weight_norm.py:144: FutureWarning: `torch.nn.utils.weight_norm` is deprecated in favor of `torch.nn.utils.parametrizations.weight_norm`.\n"}
,{"stream_name":"stderr","time":9079.761943837,"data":"  WeightNorm.apply(module, name, dim)\n"}
,{"stream_name":"stdout","time":9088.711047367,"data":"轮次:··1/·10 || loss:0.018 || 耗时：8.88s\n"}
,{"stream_name":"stdout","time":9097.660730408,"data":"轮次:··2/·10 || loss:0.026 || 耗时：8.89s\n"}
,{"stream_name":"stdout","time":9106.738883602,"data":"轮次:··3/·10 || loss:0.006 || 耗时：9.01s\n"}
,{"stream_name":"stdout","time":9115.835380435,"data":"轮次:··4/·10 || loss:0.014 || 耗时：9.03s\n"}
,{"stream_name":"stdout","time":9124.866599825,"data":"轮次:··5/·10 || loss:0.007 || 耗时：8.97s\n"}
,{"stream_name":"stdout","time":9125.471685608,"data":"任务: (B2)N15_M07_F10; mix批次:····0; 批次:··330/··660; 总正确率 = 100.00%\n"}
,{"stream_name":"stdout","time":9125.471729226,"data":"类型1 正确率： 100.00% -\u003e 1  100.00%, 2    0.00%, 3    0.00%\n"}
,{"stream_name":"stdout","time":9125.471735473,"data":"类型2 正确率： 100.00% -\u003e 1    0.00%, 2  100.00%, 3    0.00%\n"}
,{"stream_name":"stdout","time":9125.471740002,"data":"类型3 正确率： 100.00% -\u003e 1    0.00%, 2    0.00%, 3  100.00%\n"}
,{"stream_name":"stdout","time":9125.471744456,"data":"\n"}
,{"stream_name":"stdout","time":9125.471748708,"data":"\n"}
,{"stream_name":"stdout","time":9134.455424858,"data":"轮次:··6/·10 || loss:0.005 || 耗时：8.89s\n"}
,{"stream_name":"stdout","time":9143.360123264,"data":"轮次:··7/·10 || loss:0.002 || 耗时：8.84s\n"}
,{"stream_name":"stdout","time":9152.234757573,"data":"轮次:··8/·10 || loss:0.001 || 耗时：8.81s\n"}
,{"stream_name":"stdout","time":9161.119217545,"data":"轮次:··9/·10 || loss:0.003 || 耗时：8.82s\n"}
,{"stream_name":"stdout","time":9170.020828054,"data":"轮次:·10/·10 || loss:0.000 || 耗时：8.84s\n"}
,{"stream_name":"stdout","time":9170.615121951,"data":"任务: (B2)N15_M07_F10; mix批次:····0; 批次:··660/··660; 总正确率 = 100.00%\n"}
,{"stream_name":"stdout","time":9170.615163168,"data":"类型1 正确率： 100.00% -\u003e 1  100.00%, 2    0.00%, 3    0.00%\n"}
,{"stream_name":"stdout","time":9170.615168979,"data":"类型2 正确率： 100.00% -\u003e 1    0.00%, 2  100.00%, 3    0.00%\n"}
,{"stream_name":"stdout","time":9170.615173054,"data":"类型3 正确率： 100.00% -\u003e 1    0.00%, 2    0.00%, 3  100.00%\n"}
,{"stream_name":"stdout","time":9170.615193189,"data":"\n"}
,{"stream_name":"stdout","time":9170.615196374,"data":"\n"}
,{"stream_name":"stdout","time":9171.868263179,"data":"测试集任务: (B2)N15_M07_F10; 总正确率 = 99.75%\n"}
,{"stream_name":"stdout","time":9171.868297986,"data":"类型1 正确率： 100.00% -\u003e 1  100.00%, 2    0.00%, 3    0.00%\n"}
,{"stream_name":"stdout","time":9171.868303753,"data":"类型2 正确率： 100.00% -\u003e 1    0.00%, 2   99.50%, 3    0.50%\n"}
,{"stream_name":"stdout","time":9171.868308063,"data":"类型3 正确率： 100.00% -\u003e 1    0.00%, 2    0.24%, 3   99.76%\n"}
,{"stream_name":"stdout","time":9171.868312131,"data":"\n"}
,{"stream_name":"stdout","time":9171.868315972,"data":"\n"}
,{"stream_name":"stdout","time":9171.877374632,"data":"源域训练结束\n"}
,{"stream_name":"stdout","time":9171.877398711,"data":"\n"}
,{"stream_name":"stdout","time":9171.8774035,"data":"训练好之后，测试目标域\n"}
,{"stream_name":"stdout","time":9171.877422417,"data":"目标域路径：/kaggle/working/k10/S09/sdalr_PU_final_checkpoint/DATA_foldS09/PU_M1_L3/N15_M01_F10_label.txt\n"}
,{"stream_name":"stderr","time":9172.245518157,"data":"/usr/local/lib/python3.12/dist-packages/torch/nn/utils/weight_norm.py:144: FutureWarning: `torch.nn.utils.weight_norm` is deprecated in favor of `torch.nn.utils.parametrizations.weight_norm`.\n"}
,{"stream_name":"stderr","time":9172.245568342,"data":"  WeightNorm.apply(module, name, dim)\n"}
,{"stream_name":"stdout","time":9173.459424721,"data":"测试目标数据集结果如下：\n"}
,{"stream_name":"stdout","time":9173.459468543,"data":"任务: (B2)N15_M07_F10→(B1)N15_M01_F10, 正确率 = 99.92%\n"}
,{"stream_name":"stdout","time":9173.459473337,"data":"类型1 正确率： 100.00% -\u003e 1  100.00%, 2    0.00%, 3    0.00%\n"}
,{"stream_name":"stdout","time":9173.459477245,"data":"类型2 正确率： 100.00% -\u003e 1    0.00%, 2  100.00%, 3    0.00%\n"}
,{"stream_name":"stdout","time":9173.459480629,"data":"类型3 正确率： 100.00% -\u003e 1    0.00%, 2    0.25%, 3   99.75%\n"}
,{"stream_name":"stdout","time":9173.459484543,"data":"\n"}
,{"stream_name":"stdout","time":9173.459880748,"data":"目标域路径：/kaggle/working/k10/S09/sdalr_PU_final_checkpoint/DATA_foldS09/PU_M1_L3/N15_M07_F04_label.txt\n"}
,{"stream_name":"stderr","time":9173.82118816,"data":"/usr/local/lib/python3.12/dist-packages/torch/nn/utils/weight_norm.py:144: FutureWarning: `torch.nn.utils.weight_norm` is deprecated in favor of `torch.nn.utils.parametrizations.weight_norm`.\n"}
,{"stream_name":"stderr","time":9173.821235472,"data":"  WeightNorm.apply(module, name, dim)\n"}
,{"stream_name":"stdout","time":9175.023893792,"data":"测试目标数据集结果如下：\n"}
,{"stream_name":"stdout","time":9175.023957036,"data":"任务: (B2)N15_M07_F10→(B3)N15_M07_F04, 正确率 = 86.69%\n"}
,{"stream_name":"stdout","time":9175.02542719,"data":"类型1 正确率： 100.00% -\u003e 1  100.00%, 2    0.00%, 3    0.00%\n"}
,{"stream_name":"stdout","time":9175.025441539,"data":"类型2 正确率：  94.00% -\u003e 1    0.00%, 2   93.85%, 3    6.15%\n"}
,{"stream_name":"stdout","time":9175.025447639,"data":"类型3 正确率：  66.00% -\u003e 1    0.00%, 2   33.78%, 3   66.22%\n"}
,{"stream_name":"stdout","time":9175.025459417,"data":"\n"}
,{"stream_name":"stdout","time":9175.025472399,"data":"\n"}
,{"stream_name":"stdout","time":9175.025478014,"data":"\n"}
,{"stream_name":"stdout","time":9175.025482968,"data":"现在开始拿源域训练集：(B3)N15_M07_F04 进行训练\n"}
,{"stream_name":"stdout","time":9175.025488438,"data":"源域读取路径：/kaggle/working/k10/S09/sdalr_PU_final_checkpoint/DATA_foldS09/PU_M1_L3/N15_M07_F04_label.txt\n"}
,{"stream_name":"stdout","time":9175.025503141,"data":"excel输出位置：/kaggle/working/k10/S09/weight_src_PU_M1_FS09_s2024/NEW_PU/Source-源域\n"}
,{"stream_name":"stdout","time":9175.025507995,"data":"log\u0026pt输出位置：/kaggle/working/k10/S09/weight_src_PU_M1_FS09_s2024/NEW_PU/Source-源域/log\u0026pt/(B3)N15_M07_F04\n"}
,{"stream_name":"stdout","time":9175.025512953,"data":"特征图片输出位置：/kaggle/working/k10/S09/weight_src_PU_M1_FS09_s2024/NEW_PU/Picture-特征图/2026年09月19日10时44分/(B3)N15_M07_F04\n"}
,{"stream_name":"stderr","time":9175.026224777,"data":"sh: 1: Syntax error: word unexpected (expecting \")\")\n"}
,{"stream_name":"stdout","time":9175.02681229,"data":"源域训练开始\n"}
,{"stream_name":"stderr","time":9176.774603111,"data":"/usr/local/lib/python3.12/dist-packages/torch/nn/utils/weight_norm.py:144: FutureWarning: `torch.nn.utils.weight_norm` is deprecated in favor of `torch.nn.utils.parametrizations.weight_norm`.\n"}
,{"stream_name":"stderr","time":9176.774653568,"data":"  WeightNorm.apply(module, name, dim)\n"}
,{"stream_name":"stdout","time":9185.73450134,"data":"轮次:··1/·10 || loss:0.014 || 耗时：8.89s\n"}
,{"stream_name":"stdout","time":9194.687548063,"data":"轮次:··2/·10 || loss:0.002 || 耗时：8.89s\n"}
,{"stream_name":"stdout","time":9203.665024478,"data":"轮次:··3/·10 || loss:0.016 || 耗时：8.91s\n"}
,{"stream_name":"stdout","time":9212.638321606,"data":"轮次:··4/·10 || loss:0.001 || 耗时：8.91s\n"}
,{"stream_name":"stdout","time":9221.593673947,"data":"轮次:··5/·10 || loss:0.004 || 耗时：8.89s\n"}
,{"stream_name":"stdout","time":9222.193172855,"data":"任务: (B3)N15_M07_F04; mix批次:····0; 批次:··330/··660; 总正确率 = 99.65%\n"}
,{"stream_name":"stdout","time":9222.193217631,"data":"类型1 正确率： 100.00% -\u003e 1  100.00%, 2    0.00%, 3    0.00%\n"}
,{"stream_name":"stdout","time":9222.193225856,"data":"类型2 正确率： 100.00% -\u003e 1    0.00%, 2  100.00%, 3    0.00%\n"}
,{"stream_name":"stdout","time":9222.193231043,"data":"类型3 正确率：  99.00% -\u003e 1    0.00%, 2    1.04%, 3   98.96%\n"}
,{"stream_name":"stdout","time":9222.193236505,"data":"\n"}
,{"stream_name":"stdout","time":9222.193241211,"data":"\n"}
,{"stream_name":"stdout","time":9231.140326222,"data":"轮次:··6/·10 || loss:0.003 || 耗时：8.85s\n"}
,{"stream_name":"stdout","time":9240.052165024,"data":"轮次:··7/·10 || loss:0.001 || 耗时：8.85s\n"}
,{"stream_name":"stdout","time":9248.959706146,"data":"轮次:··8/·10 || loss:0.004 || 耗时：8.84s\n"}
,{"stream_name":"stdout","time":9257.843336782,"data":"轮次:··9/·10 || loss:0.009 || 耗时：8.82s\n"}
,{"stream_name":"stdout","time":9266.738317512,"data":"轮次:·10/·10 || loss:0.001 || 耗时：8.83s\n"}
,{"stream_name":"stdout","time":9267.330797987,"data":"任务: (B3)N15_M07_F04; mix批次:····0; 批次:··660/··660; 总正确率 = 99.65%\n"}
,{"stream_name":"stdout","time":9267.330834372,"data":"类型1 正确率： 100.00% -\u003e 1  100.00%, 2    0.00%, 3    0.00%\n"}
,{"stream_name":"stdout","time":9267.330840191,"data":"类型2 正确率： 100.00% -\u003e 1    0.00%, 2  100.00%, 3    0.00%\n"}
,{"stream_name":"stdout","time":9267.330844537,"data":"类型3 正确率：  99.00% -\u003e 1    0.00%, 2    1.04%, 3   98.96%\n"}
,{"stream_name":"stdout","time":9267.33084892,"data":"\n"}
,{"stream_name":"stdout","time":9267.330852871,"data":"\n"}
,{"stream_name":"stdout","time":9268.587056533,"data":"测试集任务: (B3)N15_M07_F04; 总正确率 = 99.57%\n"}
,{"stream_name":"stdout","time":9268.587112572,"data":"类型1 正确率： 100.00% -\u003e 1  100.00%, 2    0.00%, 3    0.00%\n"}
,{"stream_name":"stdout","time":9268.587140199,"data":"类型2 正确率：  99.00% -\u003e 1    0.00%, 2   99.19%, 3    0.81%\n"}
,{"stream_name":"stdout","time":9268.587147057,"data":"类型3 正确率： 100.00% -\u003e 1    0.00%, 2    0.46%, 3   99.54%\n"}
,{"stream_name":"stdout","time":9268.587151594,"data":"\n"}
,{"stream_name":"stdout","time":9268.587155897,"data":"\n"}
,{"stream_name":"stdout","time":9268.596299762,"data":"源域训练结束\n"}
,{"stream_name":"stdout","time":9268.596327257,"data":"\n"}
,{"stream_name":"stdout","time":9268.596332802,"data":"训练好之后，测试目标域\n"}
,{"stream_name":"stdout","time":9268.596508559,"data":"目标域路径：/kaggle/working/k10/S09/sdalr_PU_final_checkpoint/DATA_foldS09/PU_M1_L3/N15_M01_F10_label.txt\n"}
,{"stream_name":"stderr","time":9268.997052385,"data":"/usr/local/lib/python3.12/dist-packages/torch/nn/utils/weight_norm.py:144: FutureWarning: `torch.nn.utils.weight_norm` is deprecated in favor of `torch.nn.utils.parametrizations.weight_norm`.\n"}
,{"stream_name":"stderr","time":9268.99714241,"data":"  WeightNorm.apply(module, name, dim)\n"}
,{"stream_name":"stdout","time":9270.207719523,"data":"测试目标数据集结果如下：\n"}
,{"stream_name":"stdout","time":9270.207751492,"data":"任务: (B3)N15_M07_F04→(B1)N15_M01_F10, 正确率 = 77.08%\n"}
,{"stream_name":"stdout","time":9270.207755502,"data":"类型1 正确率： 100.00% -\u003e 1  100.00%, 2    0.00%, 3    0.00%\n"}
,{"stream_name":"stdout","time":9270.207759645,"data":"类型2 正确率： 100.00% -\u003e 1    0.00%, 2   99.74%, 3    0.26%\n"}
,{"stream_name":"stdout","time":9270.207763188,"data":"类型3 正确率：  32.00% -\u003e 1    0.00%, 2   68.48%, 3   31.52%\n"}
,{"stream_name":"stdout","time":9270.207766299,"data":"\n"}
,{"stream_name":"stdout","time":9270.209230271,"data":"目标域路径：/kaggle/working/k10/S09/sdalr_PU_final_checkpoint/DATA_foldS09/PU_M1_L3/N15_M07_F10_label.txt\n"}
,{"stream_name":"stderr","time":9270.595377695,"data":"/usr/local/lib/python3.12/dist-packages/torch/nn/utils/weight_norm.py:144: FutureWarning: `torch.nn.utils.weight_norm` is deprecated in favor of `torch.nn.utils.parametrizations.weight_norm`.\n"}
,{"stream_name":"stderr","time":9270.595419753,"data":"  WeightNorm.apply(module, name, dim)\n"}
,{"stream_name":"stdout","time":9271.812212927,"data":"测试目标数据集结果如下：\n"}
,{"stream_name":"stdout","time":9271.812253456,"data":"任务: (B3)N15_M07_F04→(B2)N15_M07_F10, 正确率 = 77.56%\n"}
,{"stream_name":"stdout","time":9271.812259089,"data":"类型1 正确率： 100.00% -\u003e 1  100.00%, 2    0.00%, 3    0.00%\n"}
,{"stream_name":"stdout","time":9271.812264148,"data":"类型2 正确率： 100.00% -\u003e 1    0.00%, 2  100.00%, 3    0.00%\n"}
,{"stream_name":"stdout","time":9271.812268733,"data":"类型3 正确率：  33.00% -\u003e 1    0.00%, 2   67.31%, 3   32.69%\n"}
,{"stream_name":"stdout","time":9271.812272657,"data":"\n"}
,{"stream_name":"stdout","time":9271.820932761,"data":"[src_pretrain_RES_PU.py --folder_root /kaggle/working/k10/S09/sdalr_PU_final_checkpoint/DATA_foldS09 --seed 2024 --class_num 3 --data_name PU_M1_L3 --output /kaggle/working/k10/S09/weight_src_PU_M1_FS09_s2024] 292s\n"}
,{"stream_name":"stdout","time":9271.868620162,"data":"读取源域路径：/kaggle/working/k10/S09/weight_PU_M1_final_checkpoint_FS09toS09_s2024/NEW_PU/Source-源域/log\u0026pt/(B1)N15_M01_F10\n"}
,{"stream_name":"stdout","time":9271.868677313,"data":"excel输出位置：/kaggle/working/k10/S09/weight_PU_M1_final_checkpoint_FS09toS09_s2024/NEW_PU/Target-目标域\n"}
,{"stream_name":"stdout","time":9271.868684362,"data":"特征图片输出位置：/kaggle/working/k10/S09/weight_PU_M1_final_checkpoint_FS09toS09_s2024/NEW_PU/Picture-特征图/2026年09月19日10时49分/(B1)N15_M01_F10\n"}
,{"stream_name":"stderr","time":9271.906693466,"data":"/usr/local/lib/python3.12/dist-packages/torch/nn/utils/weight_norm.py:144: FutureWarning: `torch.nn.utils.weight_norm` is deprecated in favor of `torch.nn.utils.parametrizations.weight_norm`.\n"}
,{"stream_name":"stderr","time":9271.906737153,"data":"  WeightNorm.apply(module, name, dim)\n"}
,{"stream_name":"stdout","time":9271.947325311,"data":"现在选取:(B1)N15_M01_F10 进行训练的源模型\n"}
,{"stream_name":"stdout","time":9271.947366922,"data":"现在进行：(B1)N15_M01_F10→(B2)N15_M07_F10 的迁移任务\n"}
,{"stream_name":"stdout","time":9271.947374617,"data":"log\u0026pt输出位置：/kaggle/working/k10/S09/weight_PU_M1_final_checkpoint_FS09toS09_s2024/NEW_PU/Target-目标域/log\u0026pt/(B1)N15_M01_F10→(B2)N15_M07_F10\n"}
,{"stream_name":"stderr","time":9271.94887288,"data":"sh: 1: Syntax error: word unexpected (expecting \")\")\n"}
,{"stream_name":"stdout","time":9283.039223008,"data":"任务: (B1)N15_M01_F10→(B2)N15_M07_F10; 批次:····0/·1880;  总正确率: 98.17%\n"}
,{"stream_name":"stdout","time":9283.039291483,"data":"类型1 正确率： 100.00% -\u003e 1  100.00%, 2    0.00%, 3    0.00%\n"}
,{"stream_name":"stdout","time":9283.039299707,"data":"类型2 正确率： 100.00% -\u003e 1    0.00%, 2   99.95%, 3    0.05%\n"}
,{"stream_name":"stdout","time":9283.039304868,"data":"类型3 正确率：  95.00% -\u003e 1    0.00%, 2    5.45%, 3   94.55%\n"}
,{"stream_name":"stdout","time":9283.039309539,"data":"\n"}
,{"stream_name":"stdout","time":9283.039313744,"data":"\n"}
,{"stream_name":"stdout","time":9283.040008747,"data":"样本变换：reverse\n"}
,{"stream_name":"stdout","time":9286.331227646,"data":"样本变换：mask\n"}
,{"stream_name":"stdout","time":9289.649134801,"data":"样本变换：shift\n"}
,{"stream_name":"stdout","time":9292.949126668,"data":"样本变换：none\n"}
,{"stream_name":"stdout","time":9297.727578157,"data":"未过滤\t未用伪标签：98.17% -\u003e 使用伪标签：98.35%\n"}
,{"stream_name":"stdout","time":9297.727628734,"data":"已过滤\t未用伪标签：98.46% -\u003e 使用伪标签：98.79%\n"}
,{"stream_name":"stdout","time":9297.727634361,"data":"排除样本：27|6000\t剩余：2000, 2069, 1904\n"}
,{"stream_name":"stdout","time":9297.727638113,"data":"增添样本：234\t\t细则：69, 0, 165\t正确率估算：99.15%\n"}
,{"stream_name":"stdout","time":9297.727641793,"data":"类型1 正确率： 100.00% -\u003e 1  100.00%, 2    0.00%, 3    0.00%\n"}
,{"stream_name":"stdout","time":9297.727645224,"data":"类型2 正确率： 100.00% -\u003e 1    0.00%, 2   99.95%, 3    0.05%\n"}
,{"stream_name":"stdout","time":9297.727668217,"data":"类型3 正确率：  96.00% -\u003e 1    0.00%, 2    3.60%, 3   96.40%\n"}
,{"stream_name":"stdout","time":9297.727673853,"data":"\n"}
,{"stream_name":"stdout","time":9297.727678372,"data":"被排除样本 正确率：33.33%\n"}
,{"stream_name":"stdout","time":9297.727683837,"data":"类型1 正确率： 100.00% -\u003e 1  100.00%, 2    0.00%\n"}
,{"stream_name":"stdout","time":9297.727689368,"data":"类型2 正确率：  31.00% -\u003e 1   69.23%, 2   30.77%\n"}
,{"stream_name":"stdout","time":9297.727694388,"data":"\n"}
,{"stream_name":"stdout","time":9297.727698733,"data":"\n"}
,{"stream_name":"stdout","time":9311.189922941,"data":"轮次:··1/·20 || c_Loss:0.561 || e_Loss:-1.037 || Aad_Loss:-26.892 || 耗时：34.07s\n"}
,{"stream_name":"stdout","time":9324.44065444,"data":"轮次:··2/·20 || c_Loss:0.435 || e_Loss:-0.935 || Aad_Loss:-29.311 || 耗时：13.25s\n"}
,{"stream_name":"stdout","time":9337.646071474,"data":"轮次:··3/·20 || c_Loss:0.418 || e_Loss:-0.921 || Aad_Loss:-28.634 || 耗时：13.21s\n"}
,{"stream_name":"stdout","time":9350.693008725,"data":"轮次:··4/·20 || c_Loss:0.394 || e_Loss:-0.969 || Aad_Loss:-28.563 || 耗时：13.05s\n"}
,{"stream_name":"stdout","time":9363.683151629,"data":"轮次:··5/·20 || c_Loss:0.398 || e_Loss:-0.918 || Aad_Loss:-31.447 || 耗时：12.99s\n"}
,{"stream_name":"stdout","time":9369.757403458,"data":"任务: (B1)N15_M01_F10→(B2)N15_M07_F10; mix批次:····0; 批次:··470/·1880;  总正确率: 99.32%\n"}
,{"stream_name":"stdout","time":9369.757452784,"data":"类型1 正确率： 100.00% -\u003e 1  100.00%, 2    0.00%, 3    0.00%\n"}
,{"stream_name":"stdout","time":9369.757461175,"data":"类型2 正确率： 100.00% -\u003e 1    0.00%, 2   99.95%, 3    0.05%\n"}
,{"stream_name":"stdout","time":9369.757466825,"data":"类型3 正确率：  98.00% -\u003e 1    0.00%, 2    2.00%, 3   98.00%\n"}
,{"stream_name":"stdout","time":9369.757472594,"data":"\n"}
,{"stream_name":"stdout","time":9369.757477763,"data":"\n"}
,{"stream_name":"stdout","time":9369.793193583,"data":"样本变换：reverse\n"}
,{"stream_name":"stdout","time":9373.119163872,"data":"样本变换：mask\n"}
,{"stream_name":"stdout","time":9376.452950082,"data":"样本变换：shift\n"}
,{"stream_name":"stdout","time":9379.76014648,"data":"样本变换：none\n"}
,{"stream_name":"stdout","time":9384.483253552,"data":"未过滤\t未用伪标签：99.32% -\u003e 使用伪标签：99.52%\n"}
,{"stream_name":"stdout","time":9384.483320545,"data":"已过滤\t未用伪标签：99.45% -\u003e 使用伪标签：99.68%\n"}
,{"stream_name":"stdout","time":9384.483329081,"data":"排除样本：10|6000\t剩余：2000, 2012, 1978\n"}
,{"stream_name":"stdout","time":9384.483334246,"data":"增添样本：46\t\t细则：12, 0, 34\t正确率估算：100.00%\n"}
,{"stream_name":"stdout","time":9384.483339871,"data":"类型1 正确率： 100.00% -\u003e 1  100.00%, 2    0.00%, 3    0.00%\n"}
,{"stream_name":"stdout","time":9384.483344391,"data":"类型2 正确率： 100.00% -\u003e 1    0.00%, 2   99.85%, 3    0.15%\n"}
,{"stream_name":"stdout","time":9384.483348755,"data":"类型3 正确率：  99.00% -\u003e 1    0.00%, 2    0.80%, 3   99.20%\n"}
,{"stream_name":"stdout","time":9384.483352993,"data":"\n"}
,{"stream_name":"stdout","time":9384.483356948,"data":"被排除样本 正确率：20.00%\n"}
,{"stream_name":"stdout","time":9384.483361438,"data":"类型1 正确率： 100.00% -\u003e 1  100.00%, 2    0.00%\n"}
,{"stream_name":"stdout","time":9384.483366693,"data":"类型2 正确率：  11.00% -\u003e 1   88.89%, 2   11.11%\n"}
,{"stream_name":"stdout","time":9384.483371643,"data":"\n"}
,{"stream_name":"stdout","time":9384.483375845,"data":"\n"}
,{"stream_name":"stdout","time":9397.506399385,"data":"轮次:··6/·20 || c_Loss:0.479 || e_Loss:-0.868 || Aad_Loss:-29.590 || 耗时：33.82s\n"}
,{"stream_name":"stdout","time":9410.67082035,"data":"轮次:··7/·20 || c_Loss:0.488 || e_Loss:-1.388 || Aad_Loss:-27.760 || 耗时：13.16s\n"}
,{"stream_name":"stdout","time":9423.92534886,"data":"轮次:··8/·20 || c_Loss:0.386 || e_Loss:-1.620 || Aad_Loss:-29.958 || 耗时：13.25s\n"}
,{"stream_name":"stdout","time":9437.141487521,"data":"轮次:··9/·20 || c_Loss:0.387 || e_Loss:-0.947 || Aad_Loss:-32.265 || 耗时：13.22s\n"}
,{"stream_name":"stdout","time":9450.314665864,"data":"轮次:·10/·20 || c_Loss:0.389 || e_Loss:-0.983 || Aad_Loss:-30.315 || 耗时：13.17s\n"}
,{"stream_name":"stdout","time":9456.406359058,"data":"任务: (B1)N15_M01_F10→(B2)N15_M07_F10; mix批次:····0; 批次:··940/·1880;  总正确率: 99.87%\n"}
,{"stream_name":"stdout","time":9456.406426529,"data":"类型1 正确率： 100.00% -\u003e 1  100.00%, 2    0.00%, 3    0.00%\n"}
,{"stream_name":"stdout","time":9456.406432871,"data":"类型2 正确率： 100.00% -\u003e 1    0.00%, 2  100.00%, 3    0.00%\n"}
,{"stream_name":"stdout","time":9456.406436901,"data":"类型3 正确率： 100.00% -\u003e 1    0.00%, 2    0.40%, 3   99.60%\n"}
,{"stream_name":"stdout","time":9456.406440866,"data":"\n"}
,{"stream_name":"stdout","time":9456.406444576,"data":"\n"}
,{"stream_name":"stdout","time":9456.453988332,"data":"样本变换：reverse\n"}
,{"stream_name":"stdout","time":9459.774109284,"data":"样本变换：mask\n"}
,{"stream_name":"stdout","time":9463.113702119,"data":"样本变换：shift\n"}
,{"stream_name":"stdout","time":9466.428155363,"data":"样本变换：none\n"}
,{"stream_name":"stdout","time":9471.125529658,"data":"未过滤\t未用伪标签：99.87% -\u003e 使用伪标签：99.85%\n"}
,{"stream_name":"stdout","time":9471.125572461,"data":"已过滤\t未用伪标签：99.90% -\u003e 使用伪标签：99.90%\n"}
,{"stream_name":"stdout","time":9471.12558053,"data":"排除样本：3|6000\t剩余：2000, 2001, 1996\n"}
,{"stream_name":"stdout","time":9471.125598252,"data":"增添样本：6\t\t细则：1, 0, 5\t正确率估算：100.00%\n"}
,{"stream_name":"stdout","time":9471.125603807,"data":"类型1 正确率： 100.00% -\u003e 1  100.00%, 2    0.00%, 3    0.00%\n"}
,{"stream_name":"stdout","time":9471.12560844,"data":"类型2 正确率： 100.00% -\u003e 1    0.00%, 2   99.90%, 3    0.10%\n"}
,{"stream_name":"stdout","time":9471.12561325,"data":"类型3 正确率： 100.00% -\u003e 1    0.00%, 2    0.20%, 3   99.80%\n"}
,{"stream_name":"stdout","time":9471.125618482,"data":"\n"}
,{"stream_name":"stdout","time":9471.12562327,"data":"被排除样本 正确率：33.33%\n"}
,{"stream_name":"stdout","time":9471.125627753,"data":"类型1 正确率： 100.00% -\u003e 1  100.00%, 2    0.00%\n"}
,{"stream_name":"stdout","time":9471.125632373,"data":"类型2 正确率：   0.00% -\u003e 1  100.00%, 2    0.00%\n"}
,{"stream_name":"stdout","time":9471.125637139,"data":"\n"}
,{"stream_name":"stdout","time":9471.125641461,"data":"\n"}
,{"stream_name":"stdout","time":9484.190207082,"data":"轮次:·11/·20 || c_Loss:0.391 || e_Loss:-0.977 || Aad_Loss:-25.274 || 耗时：33.88s\n"}
,{"stream_name":"stdout","time":9497.332191736,"data":"轮次:·12/·20 || c_Loss:0.392 || e_Loss:-0.957 || Aad_Loss:-26.079 || 耗时：13.14s\n"}
,{"stream_name":"stdout","time":9510.518199107,"data":"轮次:·13/·20 || c_Loss:0.391 || e_Loss:-0.985 || Aad_Loss:-24.696 || 耗时：13.19s\n"}
,{"stream_name":"stdout","time":9523.738629418,"data":"轮次:·14/·20 || c_Loss:0.416 || e_Loss:-0.929 || Aad_Loss:-26.717 || 耗时：13.22s\n"}
,{"stream_name":"stdout","time":9536.964847685,"data":"轮次:·15/·20 || c_Loss:0.384 || e_Loss:-0.936 || Aad_Loss:-27.566 || 耗时：13.23s\n"}
,{"stream_name":"stdout","time":9543.029266539,"data":"任务: (B1)N15_M01_F10→(B2)N15_M07_F10; mix批次:····0; 批次:·1410/·1880;  总正确率: 99.90%\n"}
,{"stream_name":"stdout","time":9543.029331004,"data":"类型1 正确率： 100.00% -\u003e 1  100.00%, 2    0.00%, 3    0.00%\n"}
,{"stream_name":"stdout","time":9543.029339715,"data":"类型2 正确率： 100.00% -\u003e 1    0.00%, 2   99.95%, 3    0.05%\n"}
,{"stream_name":"stdout","time":9543.029344859,"data":"类型3 正确率： 100.00% -\u003e 1    0.00%, 2    0.25%, 3   99.75%\n"}
,{"stream_name":"stdout","time":9543.029350342,"data":"\n"}
,{"stream_name":"stdout","time":9543.029354697,"data":"\n"}
,{"stream_name":"stdout","time":9543.073720572,"data":"样本变换：reverse\n"}
,{"stream_name":"stdout","time":9546.38115846,"data":"样本变换：mask\n"}
,{"stream_name":"stdout","time":9549.685196138,"data":"样本变换：shift\n"}
,{"stream_name":"stdout","time":9552.977121801,"data":"样本变换：none\n"}
,{"stream_name":"stdout","time":9557.609993425,"data":"未过滤\t未用伪标签：99.90% -\u003e 使用伪标签：99.87%\n"}
,{"stream_name":"stdout","time":9557.6100335,"data":"已过滤\t未用伪标签：99.93% -\u003e 使用伪标签：99.92%\n"}
,{"stream_name":"stdout","time":9557.610040743,"data":"排除样本：3|6000\t剩余：2000, 2000, 1997\n"}
,{"stream_name":"stdout","time":9557.610046873,"data":"增添样本：3\t\t细则：0, 0, 3\t正确率估算：100.00%\n"}
,{"stream_name":"stdout","time":9557.610052934,"data":"类型1 正确率： 100.00% -\u003e 1  100.00%, 2    0.00%, 3    0.00%\n"}
,{"stream_name":"stdout","time":9557.610058742,"data":"类型2 正确率： 100.00% -\u003e 1    0.00%, 2   99.90%, 3    0.10%\n"}
,{"stream_name":"stdout","time":9557.610064488,"data":"类型3 正确率： 100.00% -\u003e 1    0.00%, 2    0.15%, 3   99.85%\n"}
,{"stream_name":"stdout","time":9557.610070054,"data":"\n"}
,{"stream_name":"stdout","time":9557.610093297,"data":"被排除样本 正确率：33.33%\n"}
,{"stream_name":"stdout","time":9557.610098986,"data":"类型1 正确率： 100.00% -\u003e 1  100.00%, 2    0.00%\n"}
,{"stream_name":"stdout","time":9557.610105132,"data":"类型2 正确率：   0.00% -\u003e 1  100.00%, 2    0.00%\n"}
,{"stream_name":"stdout","time":9557.610113063,"data":"\n"}
,{"stream_name":"stdout","time":9557.610118933,"data":"\n"}
,{"stream_name":"stdout","time":9570.601049044,"data":"轮次:·16/·20 || c_Loss:0.393 || e_Loss:-0.992 || Aad_Loss:-24.643 || 耗时：33.64s\n"}
,{"stream_name":"stdout","time":9583.70273919,"data":"轮次:·17/·20 || c_Loss:0.409 || e_Loss:-0.949 || Aad_Loss:-25.875 || 耗时：13.10s\n"}
,{"stream_name":"stdout","time":9596.792318387,"data":"轮次:·18/·20 || c_Loss:0.400 || e_Loss:-0.889 || Aad_Loss:-24.684 || 耗时：13.09s\n"}
,{"stream_name":"stdout","time":9609.894031287,"data":"轮次:·19/·20 || c_Loss:0.429 || e_Loss:-0.971 || Aad_Loss:-22.831 || 耗时：13.10s\n"}
,{"stream_name":"stdout","time":9623.021994279,"data":"轮次:·20/·20 || c_Loss:0.405 || e_Loss:-0.901 || Aad_Loss:-27.091 || 耗时：13.13s\n"}
,{"stream_name":"stdout","time":9629.028919345,"data":"任务: (B1)N15_M01_F10→(B2)N15_M07_F10; mix批次:····0; 批次:·1880/·1880;  总正确率: 99.93%\n"}
,{"stream_name":"stdout","time":9629.029120217,"data":"类型1 正确率： 100.00% -\u003e 1  100.00%, 2    0.00%, 3    0.00%\n"}
,{"stream_name":"stdout","time":9629.029149133,"data":"类型2 正确率： 100.00% -\u003e 1    0.00%, 2  100.00%, 3    0.00%\n"}
,{"stream_name":"stdout","time":9629.029155285,"data":"类型3 正确率： 100.00% -\u003e 1    0.00%, 2    0.20%, 3   99.80%\n"}
,{"stream_name":"stdout","time":9629.029161129,"data":"\n"}
,{"stream_name":"stdout","time":9629.029165665,"data":"\n"}
,{"stream_name":"stdout","time":9635.059521035,"data":"测试集任务: (B1)N15_M01_F10→(B2)N15_M07_F10; 总正确率 = 99.93%\n"}
,{"stream_name":"stdout","time":9635.059577634,"data":"类型1 正确率： 100.00% -\u003e 1  100.00%, 2    0.00%, 3    0.00%\n"}
,{"stream_name":"stdout","time":9635.059583938,"data":"类型2 正确率： 100.00% -\u003e 1    0.00%, 2  100.00%, 3    0.00%\n"}
,{"stream_name":"stdout","time":9635.05958749,"data":"类型3 正确率： 100.00% -\u003e 1    0.00%, 2    0.20%, 3   99.80%\n"}
,{"stream_name":"stdout","time":9635.059590931,"data":"\n"}
,{"stream_name":"stdout","time":9635.059593992,"data":"\n"}
,{"stream_name":"stdout","time":9635.080457314,"data":"[tar_adaptation_RES_PU.py --folder_root /kaggle/working/k10/S09/sdalr_PU_final_checkpoint/DATA_foldS09 --seed 2024 --class_num 3 --data_name PU_M1_L3 --output /kaggle/working/k10/S09/weight_PU_M1_final_checkpoint_FS09toS09_s2024 --s 0 --t 1 --lr 0.0005 --threshold 0.4 --K 0.6] 363s\n"}
,{"stream_name":"stdout","time":9635.107947473,"data":"读取源域路径：/kaggle/working/k10/S09/weight_PU_M1_final_checkpoint_FS09toS09_s2024/NEW_PU/Source-源域/log\u0026pt/(B1)N15_M01_F10\n"}
,{"stream_name":"stdout","time":9635.10797736,"data":"excel输出位置：/kaggle/working/k10/S09/weight_PU_M1_final_checkpoint_FS09toS09_s2024/NEW_PU/Target-目标域\n"}
,{"stream_name":"stdout","time":9635.108257336,"data":"特征图片输出位置：/kaggle/working/k10/S09/weight_PU_M1_final_checkpoint_FS09toS09_s2024/NEW_PU/Picture-特征图/2026年09月19日10时55分/(B1)N15_M01_F10\n"}
,{"stream_name":"stderr","time":9635.148236946,"data":"/usr/local/lib/python3.12/dist-packages/torch/nn/utils/weight_norm.py:144: FutureWarning: `torch.nn.utils.weight_norm` is deprecated in favor of `torch.nn.utils.parametrizations.weight_norm`.\n"}
,{"stream_name":"stderr","time":9635.148272362,"data":"  WeightNorm.apply(module, name, dim)\n"}
,{"stream_name":"stdout","time":9635.18828732,"data":"现在选取:(B1)N15_M01_F10 进行训练的源模型\n"}
,{"stream_name":"stdout","time":9635.18832093,"data":"现在进行：(B1)N15_M01_F10→(B3)N15_M07_F04 的迁移任务\n"}
,{"stream_name":"stdout","time":9635.18832619,"data":"log\u0026pt输出位置：/kaggle/working/k10/S09/weight_PU_M1_final_checkpoint_FS09toS09_s2024/NEW_PU/Target-目标域/log\u0026pt/(B1)N15_M01_F10→(B3)N15_M07_F04\n"}
,{"stream_name":"stderr","time":9635.189986301,"data":"sh: 1: Syntax error: word unexpected (expecting \")\")\n"}
,{"stream_name":"stdout","time":9646.218604223,"data":"任务: (B1)N15_M01_F10→(B3)N15_M07_F04; 批次:····0/·1880;  总正确率: 86.07%\n"}
,{"stream_name":"stdout","time":9646.218674685,"data":"类型1 正确率： 100.00% -\u003e 1  100.00%, 2    0.00%, 3    0.00%\n"}
,{"stream_name":"stdout","time":9646.218684063,"data":"类型2 正确率：  93.00% -\u003e 1    0.00%, 2   92.55%, 3    7.45%\n"}
,{"stream_name":"stdout","time":9646.218690109,"data":"类型3 正确率：  66.00% -\u003e 1    0.00%, 2   34.35%, 3   65.65%\n"}
,{"stream_name":"stdout","time":9646.218694975,"data":"\n"}
,{"stream_name":"stdout","time":9646.218699333,"data":"\n"}
,{"stream_name":"stdout","time":9646.21954044,"data":"样本变换：reverse\n"}
,{"stream_name":"stdout","time":9649.474262827,"data":"样本变换：mask\n"}
,{"stream_name":"stdout","time":9652.789228367,"data":"样本变换：shift\n"}
,{"stream_name":"stdout","time":9656.073173881,"data":"样本变换：none\n"}
,{"stream_name":"stdout","time":9661.597818378,"data":"未过滤\t未用伪标签：86.07% -\u003e 使用伪标签：84.52%\n"}
,{"stream_name":"stdout","time":9661.597863483,"data":"已过滤\t未用伪标签：86.36% -\u003e 使用伪标签：84.98%\n"}
,{"stream_name":"stdout","time":9661.597871042,"data":"排除样本：33|6000\t剩余：2000, 2555, 1412\n"}
,{"stream_name":"stdout","time":9661.597876462,"data":"增添样本：1698\t\t细则：555, 0, 1143\t正确率估算：88.75%\n"}
,{"stream_name":"stdout","time":9661.597881043,"data":"类型1 正确率： 100.00% -\u003e 1  100.00%, 2    0.00%, 3    0.00%\n"}
,{"stream_name":"stdout","time":9661.597885543,"data":"类型2 正确率：  92.00% -\u003e 1    0.00%, 2   91.70%, 3    8.30%\n"}
,{"stream_name":"stdout","time":9661.597890207,"data":"类型3 正确率：  63.00% -\u003e 1    0.00%, 2   36.96%, 3   63.04%\n"}
,{"stream_name":"stdout","time":9661.597919499,"data":"\n"}
,{"stream_name":"stdout","time":9661.597923495,"data":"被排除样本 正确率：33.33%\n"}
,{"stream_name":"stdout","time":9661.59792683,"data":"类型1 正确率： 100.00% -\u003e 1  100.00%, 2    0.00%\n"}
,{"stream_name":"stdout","time":9661.597930672,"data":"类型2 正确率：   0.00% -\u003e 1  100.00%, 2    0.00%\n"}
,{"stream_name":"stdout","time":9661.597934371,"data":"\n"}
,{"stream_name":"stdout","time":9661.597937638,"data":"\n"}
,{"stream_name":"stdout","time":9674.813739953,"data":"轮次:··1/·20 || c_Loss:0.544 || e_Loss:-1.017 || Aad_Loss:-28.418 || 耗时：34.52s\n"}
,{"stream_name":"stdout","time":9688.006294478,"data":"轮次:··2/·20 || c_Loss:0.408 || e_Loss:-1.006 || Aad_Loss:-29.008 || 耗时：13.19s\n"}
,{"stream_name":"stdout","time":9701.083230732,"data":"轮次:··3/·20 || c_Loss:0.370 || e_Loss:-0.984 || Aad_Loss:-29.776 || 耗时：13.08s\n"}
,{"stream_name":"stdout","time":9714.080478178,"data":"轮次:··4/·20 || c_Loss:0.382 || e_Loss:-0.956 || Aad_Loss:-28.447 || 耗时：13.00s\n"}
,{"stream_name":"stdout","time":9727.107015814,"data":"轮次:··5/·20 || c_Loss:0.351 || e_Loss:-0.986 || Aad_Loss:-30.930 || 耗时：13.03s\n"}
,{"stream_name":"stdout","time":9733.104585956,"data":"任务: (B1)N15_M01_F10→(B3)N15_M07_F04; mix批次:····0; 批次:··470/·1880;  总正确率: 85.65%\n"}
,{"stream_name":"stdout","time":9733.104656474,"data":"类型1 正确率： 100.00% -\u003e 1  100.00%, 2    0.00%, 3    0.00%\n"}
,{"stream_name":"stdout","time":9733.104665361,"data":"类型2 正确率：  91.00% -\u003e 1    0.00%, 2   90.95%, 3    9.05%\n"}
,{"stream_name":"stdout","time":9733.104670794,"data":"类型3 正确率：  66.00% -\u003e 1    0.00%, 2   34.00%, 3   66.00%\n"}
,{"stream_name":"stdout","time":9733.104676476,"data":"\n"}
,{"stream_name":"stdout","time":9733.104680903,"data":"\n"}
,{"stream_name":"stdout","time":9733.137172631,"data":"样本变换：reverse\n"}
,{"stream_name":"stdout","time":9736.375169252,"data":"样本变换：mask\n"}
,{"stream_name":"stdout","time":9739.648122784,"data":"样本变换：shift\n"}
,{"stream_name":"stdout","time":9742.91978716,"data":"样本变换：none\n"}
,{"stream_name":"stdout","time":9748.159023493,"data":"未过滤\t未用伪标签：85.65% -\u003e 使用伪标签：85.27%\n"}
,{"stream_name":"stdout","time":9748.159102459,"data":"已过滤\t未用伪标签：85.66% -\u003e 使用伪标签：85.30%\n"}
,{"stream_name":"stdout","time":9748.159113746,"data":"排除样本：2|6000\t剩余：2000, 2447, 1551\n"}
,{"stream_name":"stdout","time":9748.159118853,"data":"增添样本：1343\t\t细则：447, 0, 896\t正确率估算：97.62%\n"}
,{"stream_name":"stdout","time":9748.159123654,"data":"类型1 正确率： 100.00% -\u003e 1  100.00%, 2    0.00%, 3    0.00%\n"}
,{"stream_name":"stdout","time":9748.159128334,"data":"类型2 正确率：  89.00% -\u003e 1    0.00%, 2   89.14%, 3   10.86%\n"}
,{"stream_name":"stdout","time":9748.159132814,"data":"类型3 正确率：  67.00% -\u003e 1    0.00%, 2   33.27%, 3   66.73%\n"}
,{"stream_name":"stdout","time":9748.159137862,"data":"\n"}
,{"stream_name":"stdout","time":9748.159142605,"data":"被排除样本 正确率：50.00%\n"}
,{"stream_name":"stdout","time":9748.159147271,"data":"类型1 正确率： 100.00% -\u003e 1  100.00%, 2    0.00%\n"}
,{"stream_name":"stdout","time":9748.159152054,"data":"类型2 正确率：   0.00% -\u003e 1  100.00%, 2    0.00%\n"}
,{"stream_name":"stdout","time":9748.159157231,"data":"\n"}
,{"stream_name":"stdout","time":9748.159161159,"data":"\n"}
,{"stream_name":"stdout","time":9761.087143955,"data":"轮次:··6/·20 || c_Loss:0.406 || e_Loss:-0.970 || Aad_Loss:-29.029 || 耗时：33.98s\n"}
,{"stream_name":"stdout","time":9774.167870735,"data":"轮次:··7/·20 || c_Loss:0.380 || e_Loss:-1.000 || Aad_Loss:-30.561 || 耗时：13.08s\n"}
,{"stream_name":"stdout","time":9787.28344483,"data":"轮次:··8/·20 || c_Loss:0.381 || e_Loss:-0.990 || Aad_Loss:-31.943 || 耗时：13.12s\n"}
,{"stream_name":"stdout","time":9800.436882744,"data":"轮次:··9/·20 || c_Loss:0.398 || e_Loss:-0.977 || Aad_Loss:-30.238 || 耗时：13.15s\n"}
,{"stream_name":"stdout","time":9813.526971417,"data":"轮次:·10/·20 || c_Loss:0.393 || e_Loss:-0.994 || Aad_Loss:-30.008 || 耗时：13.09s\n"}
,{"stream_name":"stdout","time":9819.542258315,"data":"任务: (B1)N15_M01_F10→(B3)N15_M07_F04; mix批次:····0; 批次:··940/·1880;  总正确率: 85.48%\n"}
,{"stream_name":"stdout","time":9819.542320723,"data":"类型1 正确率： 100.00% -\u003e 1  100.00%, 2    0.00%, 3    0.00%\n"}
,{"stream_name":"stdout","time":9819.54232959,"data":"类型2 正确率：  90.00% -\u003e 1    0.00%, 2   89.65%, 3   10.35%\n"}
,{"stream_name":"stdout","time":9819.542334892,"data":"类型3 正确率：  67.00% -\u003e 1    0.00%, 2   33.20%, 3   66.80%\n"}
,{"stream_name":"stdout","time":9819.542339383,"data":"\n"}
,{"stream_name":"stdout","time":9819.542344137,"data":"\n"}
,{"stream_name":"stdout","time":9819.586937791,"data":"样本变换：reverse\n"}
,{"stream_name":"stdout","time":9822.841158292,"data":"样本变换：mask\n"}
,{"stream_name":"stdout","time":9826.102418671,"data":"样本变换：shift\n"}
,{"stream_name":"stdout","time":9829.380159258,"data":"样本变换：none\n"}
,{"stream_name":"stdout","time":9834.562757301,"data":"未过滤\t未用伪标签：85.48% -\u003e 使用伪标签：85.18%\n"}
,{"stream_name":"stdout","time":9834.562826123,"data":"已过滤\t未用伪标签：85.50% -\u003e 使用伪标签：85.28%\n"}
,{"stream_name":"stdout","time":9834.562834638,"data":"排除样本：7|6000\t剩余：2000, 2434, 1559\n"}
,{"stream_name":"stdout","time":9834.562839988,"data":"增添样本：1309\t\t细则：434, 0, 875\t正确率估算：99.39%\n"}
,{"stream_name":"stdout","time":9834.562845169,"data":"类型1 正确率： 100.00% -\u003e 1  100.00%, 2    0.00%, 3    0.00%\n"}
,{"stream_name":"stdout","time":9834.562849381,"data":"类型2 正确率：  89.00% -\u003e 1    0.00%, 2   88.92%, 3   11.08%\n"}
,{"stream_name":"stdout","time":9834.562853669,"data":"类型3 正确率：  67.00% -\u003e 1    0.00%, 2   33.07%, 3   66.93%\n"}
,{"stream_name":"stdout","time":9834.562857974,"data":"\n"}
,{"stream_name":"stdout","time":9834.562862351,"data":"被排除样本 正确率：71.43%\n"}
,{"stream_name":"stdout","time":9834.562866812,"data":"类型1 正确率：  83.00% -\u003e 1   83.33%, 2   16.67%\n"}
,{"stream_name":"stdout","time":9834.56287166,"data":"类型2 正确率：   0.00% -\u003e 1  100.00%, 2    0.00%\n"}
,{"stream_name":"stdout","time":9834.562875831,"data":"\n"}
,{"stream_name":"stdout","time":9834.562879846,"data":"\n"}
,{"stream_name":"stdout","time":9847.570159223,"data":"轮次:·11/·20 || c_Loss:0.389 || e_Loss:-0.977 || Aad_Loss:-30.312 || 耗时：34.04s\n"}
,{"stream_name":"stdout","time":9860.628912966,"data":"轮次:·12/·20 || c_Loss:0.393 || e_Loss:-0.935 || Aad_Loss:-32.494 || 耗时：13.06s\n"}
,{"stream_name":"stdout","time":9873.652107641,"data":"轮次:·13/·20 || c_Loss:0.396 || e_Loss:-0.890 || Aad_Loss:-31.214 || 耗时：13.02s\n"}
,{"stream_name":"stdout","time":9886.680910105,"data":"轮次:·14/·20 || c_Loss:0.385 || e_Loss:-0.965 || Aad_Loss:-32.121 || 耗时：13.03s\n"}
,{"stream_name":"stdout","time":9899.699700942,"data":"轮次:·15/·20 || c_Loss:0.376 || e_Loss:-1.010 || Aad_Loss:-30.778 || 耗时：13.02s\n"}
,{"stream_name":"stdout","time":9905.739864841,"data":"任务: (B1)N15_M01_F10→(B3)N15_M07_F04; mix批次:····0; 批次:·1410/·1880;  总正确率: 85.23%\n"}
,{"stream_name":"stdout","time":9905.739932854,"data":"类型1 正确率： 100.00% -\u003e 1  100.00%, 2    0.00%, 3    0.00%\n"}
,{"stream_name":"stdout","time":9905.739939588,"data":"类型2 正确率：  89.00% -\u003e 1    0.00%, 2   88.75%, 3   11.25%\n"}
,{"stream_name":"stdout","time":9905.739943565,"data":"类型3 正确率：  67.00% -\u003e 1    0.00%, 2   33.05%, 3   66.95%\n"}
,{"stream_name":"stdout","time":9905.739947355,"data":"\n"}
,{"stream_name":"stdout","time":9905.739950811,"data":"\n"}
,{"stream_name":"stdout","time":9905.784964423,"data":"样本变换：reverse\n"}
,{"stream_name":"stdout","time":9909.078149182,"data":"样本变换：mask\n"}
,{"stream_name":"stdout","time":9912.402116811,"data":"样本变换：shift\n"}
,{"stream_name":"stdout","time":9915.697177286,"data":"样本变换：none\n"}
,{"stream_name":"stdout","time":9920.931002553,"data":"未过滤\t未用伪标签：85.23% -\u003e 使用伪标签：85.05%\n"}
,{"stream_name":"stdout","time":9920.931049345,"data":"已过滤\t未用伪标签：85.23% -\u003e 使用伪标签：85.15%\n"}
,{"stream_name":"stdout","time":9920.931055918,"data":"排除样本：7|6000\t剩余：2000, 2425, 1568\n"}
,{"stream_name":"stdout","time":9920.931061013,"data":"增添样本：1282\t\t细则：425, 0, 857\t正确率估算：99.92%\n"}
,{"stream_name":"stdout","time":9920.931066273,"data":"类型1 正确率： 100.00% -\u003e 1  100.00%, 2    0.00%, 3    0.00%\n"}
,{"stream_name":"stdout","time":9920.931071302,"data":"类型2 正确率：  89.00% -\u003e 1    0.00%, 2   88.51%, 3   11.49%\n"}
,{"stream_name":"stdout","time":9920.931095525,"data":"类型3 正确率：  67.00% -\u003e 1    0.00%, 2   33.05%, 3   66.95%\n"}
,{"stream_name":"stdout","time":9920.931101068,"data":"\n"}
,{"stream_name":"stdout","time":9920.931107611,"data":"被排除样本 正确率：85.71%\n"}
,{"stream_name":"stdout","time":9920.931113175,"data":"类型1 正确率：  86.00% -\u003e 1   85.71%, 2   14.29%\n"}
,{"stream_name":"stdout","time":9920.931117691,"data":"类型2 没有样本或未被分类。\n"}
,{"stream_name":"stdout","time":9920.931122678,"data":"\n"}
,{"stream_name":"stdout","time":9920.931126861,"data":"\n"}
,{"stream_name":"stderr","time":9920.931001812,"data":"/kaggle/working/k10/S09/sdalr_PU_final_checkpoint/tools.py:413: RuntimeWarning: invalid value encountered in divide\n"}
,{"stream_name":"stderr","time":9920.931139437,"data":"  per_class_acc = conf_matrix.diagonal() / conf_matrix.sum(axis=1) * 100\n"}
,{"stream_name":"stdout","time":9933.904818656,"data":"轮次:·16/·20 || c_Loss:0.382 || e_Loss:-0.999 || Aad_Loss:-30.732 || 耗时：34.20s\n"}
,{"stream_name":"stdout","time":9946.963937943,"data":"轮次:·17/·20 || c_Loss:0.374 || e_Loss:-0.959 || Aad_Loss:-32.869 || 耗时：13.06s\n"}
,{"stream_name":"stdout","time":9960.048162685,"data":"轮次:·18/·20 || c_Loss:0.378 || e_Loss:-1.008 || Aad_Loss:-30.873 || 耗时：13.08s\n"}
,{"stream_name":"stdout","time":9973.183613567,"data":"轮次:·19/·20 || c_Loss:0.378 || e_Loss:-1.007 || Aad_Loss:-31.230 || 耗时：13.14s\n"}
,{"stream_name":"stdout","time":9986.262473936,"data":"轮次:·20/·20 || c_Loss:0.377 || e_Loss:-0.955 || Aad_Loss:-31.224 || 耗时：13.08s\n"}
,{"stream_name":"stdout","time":9992.301748589,"data":"任务: (B1)N15_M01_F10→(B3)N15_M07_F04; mix批次:····0; 批次:·1880/·1880;  总正确率: 85.23%\n"}
,{"stream_name":"stdout","time":9992.301805622,"data":"类型1 正确率： 100.00% -\u003e 1  100.00%, 2    0.00%, 3    0.00%\n"}
,{"stream_name":"stdout","time":9992.301834914,"data":"类型2 正确率：  89.00% -\u003e 1    0.00%, 2   88.75%, 3   11.25%\n"}
,{"stream_name":"stdout","time":9992.301840044,"data":"类型3 正确率：  67.00% -\u003e 1    0.00%, 2   33.05%, 3   66.95%\n"}
,{"stream_name":"stdout","time":9992.301843753,"data":"\n"}
,{"stream_name":"stdout","time":9992.301846937,"data":"\n"}
,{"stream_name":"stdout","time":9998.292102405,"data":"测试集任务: (B1)N15_M01_F10→(B3)N15_M07_F04; 总正确率 = 85.23%\n"}
,{"stream_name":"stdout","time":9998.292142043,"data":"类型1 正确率： 100.00% -\u003e 1  100.00%, 2    0.00%, 3    0.00%\n"}
,{"stream_name":"stdout","time":9998.292148268,"data":"类型2 正确率：  89.00% -\u003e 1    0.00%, 2   88.75%, 3   11.25%\n"}
,{"stream_name":"stdout","time":9998.292153168,"data":"类型3 正确率：  67.00% -\u003e 1    0.00%, 2   33.05%, 3   66.95%\n"}
,{"stream_name":"stdout","time":9998.292158056,"data":"\n"}
,{"stream_name":"stdout","time":9998.292162453,"data":"\n"}
,{"stream_name":"stdout","time":9998.316626244,"data":"[tar_adaptation_RES_PU.py --folder_root /kaggle/working/k10/S09/sdalr_PU_final_checkpoint/DATA_foldS09 --seed 2024 --class_num 3 --data_name PU_M1_L3 --output /kaggle/working/k10/S09/weight_PU_M1_final_checkpoint_FS09toS09_s2024 --s 0 --t 2 --lr 0.0005 --threshold 0.4 --K 0.6] 363s\n"}
,{"stream_name":"stdout","time":9998.342300791,"data":"读取源域路径：/kaggle/working/k10/S09/weight_PU_M1_final_checkpoint_FS09toS09_s2024/NEW_PU/Source-源域/log\u0026pt/(B2)N15_M07_F10\n"}
,{"stream_name":"stdout","time":9998.34232548,"data":"excel输出位置：/kaggle/working/k10/S09/weight_PU_M1_final_checkpoint_FS09toS09_s2024/NEW_PU/Target-目标域\n"}
,{"stream_name":"stdout","time":9998.342331217,"data":"特征图片输出位置：/kaggle/working/k10/S09/weight_PU_M1_final_checkpoint_FS09toS09_s2024/NEW_PU/Picture-特征图/2026年09月19日11时01分/(B2)N15_M07_F10\n"}
,{"stream_name":"stderr","time":9998.375797208,"data":"/usr/local/lib/python3.12/dist-packages/torch/nn/utils/weight_norm.py:144: FutureWarning: `torch.nn.utils.weight_norm` is deprecated in favor of `torch.nn.utils.parametrizations.weight_norm`.\n"}
,{"stream_name":"stderr","time":9998.375829315,"data":"  WeightNorm.apply(module, name, dim)\n"}
,{"stream_name":"stdout","time":9998.41355969,"data":"现在选取:(B2)N15_M07_F10 进行训练的源模型\n"}
,{"stream_name":"stdout","time":9998.413596991,"data":"现在进行：(B2)N15_M07_F10→(B1)N15_M01_F10 的迁移任务\n"}
,{"stream_name":"stdout","time":9998.4136042,"data":"log\u0026pt输出位置：/kaggle/working/k10/S09/weight_PU_M1_final_checkpoint_FS09toS09_s2024/NEW_PU/Target-目标域/log\u0026pt/(B2)N15_M07_F10→(B1)N15_M01_F10\n"}
,{"stream_name":"stderr","time":9998.415042411,"data":"sh: 1: Syntax error: word unexpected (expecting \")\")\n"}
,{"stream_name":"stdout","time":10009.443762288,"data":"任务: (B2)N15_M07_F10→(B1)N15_M01_F10; 批次:····0/·1880;  总正确率: 99.73%\n"}
,{"stream_name":"stdout","time":10009.443814294,"data":"类型1 正确率： 100.00% -\u003e 1  100.00%, 2    0.00%, 3    0.00%\n"}
,{"stream_name":"stdout","time":10009.443820114,"data":"类型2 正确率：  99.00% -\u003e 1    0.00%, 2   99.35%, 3    0.65%\n"}
,{"stream_name":"stdout","time":10009.443823426,"data":"类型3 正确率： 100.00% -\u003e 1    0.00%, 2    0.15%, 3   99.85%\n"}
,{"stream_name":"stdout","time":10009.443845293,"data":"\n"}
,{"stream_name":"stdout","time":10009.443850118,"data":"\n"}
,{"stream_name":"stdout","time":10009.444646437,"data":"样本变换：reverse\n"}
,{"stream_name":"stdout","time":10012.706153837,"data":"样本变换：mask\n"}
,{"stream_name":"stdout","time":10015.989875823,"data":"样本变换：shift\n"}
,{"stream_name":"stdout","time":10019.254158833,"data":"样本变换：none\n"}
,{"stream_name":"stderr","time":10023.977111314,"data":"/kaggle/working/k10/S09/sdalr_PU_final_checkpoint/tools.py:413: RuntimeWarning: invalid value encountered in divide\n"}
,{"stream_name":"stderr","time":10023.977155008,"data":"  per_class_acc = conf_matrix.diagonal() / conf_matrix.sum(axis=1) * 100\n"}
,{"stream_name":"stdout","time":10023.977117034,"data":"未过滤\t未用伪标签：99.73% -\u003e 使用伪标签：99.93%\n"}
,{"stream_name":"stdout","time":10023.977165858,"data":"已过滤\t未用伪标签：99.78% -\u003e 使用伪标签：99.98%\n"}
,{"stream_name":"stdout","time":10023.977170153,"data":"排除样本：3|6000\t剩余：2000, 1998, 1999\n"}
,{"stream_name":"stdout","time":10023.977190437,"data":"增添样本：3\t\t细则：0, 2, 1\t正确率估算：100.00%\n"}
,{"stream_name":"stdout","time":10023.977196274,"data":"类型1 正确率： 100.00% -\u003e 1  100.00%, 2    0.00%, 3    0.00%\n"}
,{"stream_name":"stdout","time":10023.977201563,"data":"类型2 正确率： 100.00% -\u003e 1    0.00%, 2  100.00%, 3    0.00%\n"}
,{"stream_name":"stdout","time":10023.977207087,"data":"类型3 正确率： 100.00% -\u003e 1    0.00%, 2    0.05%, 3   99.95%\n"}
,{"stream_name":"stdout","time":10023.977212265,"data":"\n"}
,{"stream_name":"stdout","time":10023.977216494,"data":"被排除样本 正确率：0.00%\n"}
,{"stream_name":"stdout","time":10023.977220905,"data":"类型1 正确率：   0.00% -\u003e 1    0.00%, 2  100.00%\n"}
,{"stream_name":"stdout","time":10023.977230146,"data":"类型2 没有样本或未被分类。\n"}
,{"stream_name":"stdout","time":10023.977233824,"data":"\n"}
,{"stream_name":"stdout","time":10023.977236736,"data":"\n"}
,{"stream_name":"stdout","time":10037.210913647,"data":"轮次:··1/·20 || c_Loss:0.583 || e_Loss:-1.057 || Aad_Loss:-22.512 || 耗时：33.68s\n"}
,{"stream_name":"stdout","time":10050.530282879,"data":"轮次:··2/·20 || c_Loss:0.462 || e_Loss:-0.953 || Aad_Loss:-24.290 || 耗时：13.32s\n"}
,{"stream_name":"stdout","time":10063.744925246,"data":"轮次:··3/·20 || c_Loss:0.415 || e_Loss:-0.887 || Aad_Loss:-21.887 || 耗时：13.21s\n"}
,{"stream_name":"stdout","time":10076.86277955,"data":"轮次:··4/·20 || c_Loss:0.414 || e_Loss:-0.969 || Aad_Loss:-22.281 || 耗时：13.12s\n"}
,{"stream_name":"stdout","time":10089.925361295,"data":"轮次:··5/·20 || c_Loss:0.441 || e_Loss:-0.875 || Aad_Loss:-25.736 || 耗时：13.06s\n"}
,{"stream_name":"stdout","time":10095.984956394,"data":"任务: (B2)N15_M07_F10→(B1)N15_M01_F10; mix批次:····0; 批次:··470/·1880;  总正确率: 99.97%\n"}
,{"stream_name":"stdout","time":10095.985011083,"data":"类型1 正确率： 100.00% -\u003e 1  100.00%, 2    0.00%, 3    0.00%\n"}
,{"stream_name":"stdout","time":10095.985033025,"data":"类型2 正确率： 100.00% -\u003e 1    0.00%, 2   99.95%, 3    0.05%\n"}
,{"stream_name":"stdout","time":10095.98503849,"data":"类型3 正确率： 100.00% -\u003e 1    0.00%, 2    0.05%, 3   99.95%\n"}
,{"stream_name":"stdout","time":10095.985043356,"data":"\n"}
,{"stream_name":"stdout","time":10095.985048283,"data":"\n"}
,{"stream_name":"stdout","time":10096.018987423,"data":"样本变换：reverse\n"}
,{"stream_name":"stdout","time":10099.334181101,"data":"样本变换：mask\n"}
,{"stream_name":"stdout","time":10102.689170498,"data":"样本变换：shift\n"}
,{"stream_name":"stdout","time":10106.018495408,"data":"样本变换：none\n"}
,{"stream_name":"stderr","time":10110.693455132,"data":"/usr/local/lib/python3.12/dist-packages/numpy/_core/fromnumeric.py:3596: RuntimeWarning: Mean of empty slice.\n"}
,{"stream_name":"stderr","time":10110.693559283,"data":"  return _methods._mean(a, axis=axis, dtype=dtype,\n"}
,{"stream_name":"stderr","time":10110.693745315,"data":"/usr/local/lib/python3.12/dist-packages/numpy/_core/_methods.py:138: RuntimeWarning: invalid value encountered in scalar divide\n"}
,{"stream_name":"stderr","time":10110.693761265,"data":"  ret = ret.dtype.type(ret / rcount)\n"}
,{"stream_name":"stderr","time":10110.69467774,"data":"/kaggle/working/k10/S09/sdalr_PU_final_checkpoint/tools.py:414: RuntimeWarning: Mean of empty slice.\n"}
,{"stream_name":"stderr","time":10110.69470571,"data":"  overall_acc = round(per_class_acc.mean(), 2)\n"}
,{"stream_name":"stderr","time":10110.69471129,"data":"/usr/local/lib/python3.12/dist-packages/numpy/_core/_methods.py:138: RuntimeWarning: invalid value encountered in scalar divide\n"}
,{"stream_name":"stderr","time":10110.694715746,"data":"  ret = ret.dtype.type(ret / rcount)\n"}
,{"stream_name":"stdout","time":10110.694968354,"data":"未过滤\t未用伪标签：99.97% -\u003e 使用伪标签：99.98%\n"}
,{"stream_name":"stdout","time":10110.694982621,"data":"已过滤\t未用伪标签：99.97% -\u003e 使用伪标签：99.98%\n"}
,{"stream_name":"stdout","time":10110.694987685,"data":"排除样本：2000|6000\t剩余：1999, 2001\n"}
,{"stream_name":"stdout","time":10110.694992399,"data":"增添样本：3\t\t细则：1, 2, 0\t正确率估算：100.00%\n"}
,{"stream_name":"stdout","time":10110.694996199,"data":"类型1 正确率： 100.00% -\u003e 1  100.00%, 2    0.00%, 3    0.00%\n"}
,{"stream_name":"stdout","time":10110.695000423,"data":"类型2 正确率： 100.00% -\u003e 1    0.00%, 2   99.95%, 3    0.05%\n"}
,{"stream_name":"stdout","time":10110.69502134,"data":"类型3 正确率： 100.00% -\u003e 1    0.00%, 2    0.00%, 3  100.00%\n"}
,{"stream_name":"stdout","time":10110.6950261,"data":"\n"}
,{"stream_name":"stdout","time":10110.695029646,"data":"被排除样本 正确率：nan%\n"}
,{"stream_name":"stdout","time":10110.69503379,"data":"\n"}
,{"stream_name":"stdout","time":10110.69503716,"data":"\n"}
,{"stream_name":"stdout","time":10123.738394681,"data":"轮次:··6/·20 || c_Loss:0.395 || e_Loss:-0.990 || Aad_Loss:-24.161 || 耗时：33.81s\n"}
,{"stream_name":"stdout","time":10136.923430716,"data":"轮次:··7/·20 || c_Loss:0.404 || e_Loss:-0.934 || Aad_Loss:-25.313 || 耗时：13.18s\n"}
,{"stream_name":"stdout","time":10150.152791277,"data":"轮次:··8/·20 || c_Loss:0.398 || e_Loss:-0.873 || Aad_Loss:-23.593 || 耗时：13.23s\n"}
,{"stream_name":"stdout","time":10163.44363994,"data":"轮次:··9/·20 || c_Loss:0.409 || e_Loss:-0.963 || Aad_Loss:-22.975 || 耗时：13.29s\n"}
,{"stream_name":"stdout","time":10176.744223809,"data":"轮次:·10/·20 || c_Loss:0.422 || e_Loss:-0.878 || Aad_Loss:-26.270 || 耗时：13.30s\n"}
,{"stream_name":"stdout","time":10182.84058567,"data":"任务: (B2)N15_M07_F10→(B1)N15_M01_F10; mix批次:····0; 批次:··940/·1880;  总正确率: 99.98%\n"}
,{"stream_name":"stdout","time":10182.840655661,"data":"类型1 正确率： 100.00% -\u003e 1  100.00%, 2    0.00%, 3    0.00%\n"}
,{"stream_name":"stdout","time":10182.840664481,"data":"类型2 正确率： 100.00% -\u003e 1    0.00%, 2  100.00%, 3    0.00%\n"}
,{"stream_name":"stdout","time":10182.840682575,"data":"类型3 正确率： 100.00% -\u003e 1    0.00%, 2    0.05%, 3   99.95%\n"}
,{"stream_name":"stdout","time":10182.840687458,"data":"\n"}
,{"stream_name":"stdout","time":10182.84069203,"data":"\n"}
,{"stream_name":"stdout","time":10182.887183557,"data":"样本变换：reverse\n"}
,{"stream_name":"stdout","time":10186.197187556,"data":"样本变换：mask\n"}
,{"stream_name":"stdout","time":10189.546146005,"data":"样本变换：shift\n"}
,{"stream_name":"stdout","time":10192.886149468,"data":"样本变换：none\n"}
,{"stream_name":"stderr","time":10197.777862902,"data":"/usr/local/lib/python3.12/dist-packages/numpy/_core/fromnumeric.py:3596: RuntimeWarning: Mean of empty slice.\n"}
,{"stream_name":"stderr","time":10197.777937198,"data":"  return _methods._mean(a, axis=axis, dtype=dtype,\n"}
,{"stream_name":"stderr","time":10197.777944889,"data":"/usr/local/lib/python3.12/dist-packages/numpy/_core/_methods.py:138: RuntimeWarning: invalid value encountered in scalar divide\n"}
,{"stream_name":"stderr","time":10197.777950247,"data":"  ret = ret.dtype.type(ret / rcount)\n"}
,{"stream_name":"stderr","time":10197.778944361,"data":"/kaggle/working/k10/S09/sdalr_PU_final_checkpoint/tools.py:414: RuntimeWarning: Mean of empty slice.\n"}
,{"stream_name":"stderr","time":10197.77896094,"data":"  overall_acc = round(per_class_acc.mean(), 2)\n"}
,{"stream_name":"stderr","time":10197.778964571,"data":"/usr/local/lib/python3.12/dist-packages/numpy/_core/_methods.py:138: RuntimeWarning: invalid value encountered in scalar divide\n"}
,{"stream_name":"stderr","time":10197.778968282,"data":"  ret = ret.dtype.type(ret / rcount)\n"}
,{"stream_name":"stdout","time":10197.779170502,"data":"未过滤\t未用伪标签：99.98% -\u003e 使用伪标签：99.98%\n"}
,{"stream_name":"stdout","time":10197.779190046,"data":"已过滤\t未用伪标签：99.98% -\u003e 使用伪标签：99.98%\n"}
,{"stream_name":"stdout","time":10197.779197084,"data":"排除样本：2000|6000\t剩余：1999, 2001\n"}
,{"stream_name":"stdout","time":10197.779202798,"data":"增添样本：3\t\t细则：1, 2, 0\t正确率估算：100.00%\n"}
,{"stream_name":"stdout","time":10197.779209193,"data":"类型1 正确率： 100.00% -\u003e 1  100.00%, 2    0.00%, 3    0.00%\n"}
,{"stream_name":"stdout","time":10197.779215188,"data":"类型2 正确率： 100.00% -\u003e 1    0.00%, 2   99.95%, 3    0.05%\n"}
,{"stream_name":"stdout","time":10197.779221736,"data":"类型3 正确率： 100.00% -\u003e 1    0.00%, 2    0.00%, 3  100.00%\n"}
,{"stream_name":"stdout","time":10197.779226625,"data":"\n"}
,{"stream_name":"stdout","time":10197.779231143,"data":"被排除样本 正确率：nan%\n"}
,{"stream_name":"stdout","time":10197.77923577,"data":"\n"}
,{"stream_name":"stdout","time":10197.779240354,"data":"\n"}
,{"stream_name":"stdout","time":10210.837874208,"data":"轮次:·11/·20 || c_Loss:0.391 || e_Loss:-0.992 || Aad_Loss:-24.463 || 耗时：34.09s\n"}
,{"stream_name":"stdout","time":10224.037259464,"data":"轮次:·12/·20 || c_Loss:0.398 || e_Loss:-0.938 || Aad_Loss:-25.640 || 耗时：13.20s\n"}
,{"stream_name":"stdout","time":10237.294978177,"data":"轮次:·13/·20 || c_Loss:0.395 || e_Loss:-0.876 || Aad_Loss:-24.322 || 耗时：13.26s\n"}
,{"stream_name":"stdout","time":10250.511882306,"data":"轮次:·14/·20 || c_Loss:0.407 || e_Loss:-0.964 || Aad_Loss:-23.326 || 耗时：13.22s\n"}
,{"stream_name":"stdout","time":10263.733883997,"data":"轮次:·15/·20 || c_Loss:0.412 || e_Loss:-0.880 || Aad_Loss:-26.539 || 耗时：13.22s\n"}
,{"stream_name":"stdout","time":10269.781322131,"data":"任务: (B2)N15_M07_F10→(B1)N15_M01_F10; mix批次:····0; 批次:·1410/·1880;  总正确率: 99.98%\n"}
,{"stream_name":"stdout","time":10269.781386851,"data":"类型1 正确率： 100.00% -\u003e 1  100.00%, 2    0.00%, 3    0.00%\n"}
,{"stream_name":"stdout","time":10269.781396017,"data":"类型2 正确率： 100.00% -\u003e 1    0.00%, 2  100.00%, 3    0.00%\n"}
,{"stream_name":"stdout","time":10269.781400988,"data":"类型3 正确率： 100.00% -\u003e 1    0.00%, 2    0.05%, 3   99.95%\n"}
,{"stream_name":"stdout","time":10269.781429478,"data":"\n"}
,{"stream_name":"stdout","time":10269.781432158,"data":"\n"}
,{"stream_name":"stdout","time":10269.826874196,"data":"样本变换：reverse\n"}
,{"stream_name":"stdout","time":10273.138200592,"data":"样本变换：mask\n"}
,{"stream_name":"stdout","time":10276.468156157,"data":"样本变换：shift\n"}
,{"stream_name":"stdout","time":10279.755133539,"data":"样本变换：none\n"}
,{"stream_name":"stderr","time":10284.363188544,"data":"/usr/local/lib/python3.12/dist-packages/sklearn/metrics/_classification.py:407: UserWarning: A single label was found in 'y_true' and 'y_pred'. For the confusion matrix to have the correct shape, use the 'labels' parameter to pass all known labels.\n"}
,{"stream_name":"stderr","time":10284.363258551,"data":"  warnings.warn(\n"}
,{"stream_name":"stdout","time":10284.363376878,"data":"未过滤\t未用伪标签：99.98% -\u003e 使用伪标签：99.98%\n"}
,{"stream_name":"stdout","time":10284.363391337,"data":"已过滤\t未用伪标签：99.98% -\u003e 使用伪标签：100.00%\n"}
,{"stream_name":"stdout","time":10284.363396746,"data":"排除样本：1|6000\t剩余：2000, 1999, 2000\n"}
,{"stream_name":"stdout","time":10284.363401473,"data":"增添样本：1\t\t细则：0, 1, 0\t正确率估算：100.00%\n"}
,{"stream_name":"stdout","time":10284.363459732,"data":"类型1 正确率： 100.00% -\u003e 1  100.00%, 2    0.00%, 3    0.00%\n"}
,{"stream_name":"stdout","time":10284.363468387,"data":"类型2 正确率： 100.00% -\u003e 1    0.00%, 2  100.00%, 3    0.00%\n"}
,{"stream_name":"stdout","time":10284.363474209,"data":"类型3 正确率： 100.00% -\u003e 1    0.00%, 2    0.00%, 3  100.00%\n"}
,{"stream_name":"stdout","time":10284.363478789,"data":"\n"}
,{"stream_name":"stdout","time":10284.363483235,"data":"被排除样本 正确率：100.00%\n"}
,{"stream_name":"stdout","time":10284.363488149,"data":"类型1 正确率： 100.00% -\u003e 1  100.00%\n"}
,{"stream_name":"stdout","time":10284.363492927,"data":"\n"}
,{"stream_name":"stdout","time":10284.363497231,"data":"\n"}
,{"stream_name":"stdout","time":10297.346512912,"data":"轮次:·16/·20 || c_Loss:0.389 || e_Loss:-0.997 || Aad_Loss:-23.171 || 耗时：33.61s\n"}
,{"stream_name":"stdout","time":10310.439982906,"data":"轮次:·17/·20 || c_Loss:0.390 || e_Loss:-1.014 || Aad_Loss:-23.031 || 耗时：13.09s\n"}
,{"stream_name":"stdout","time":10323.556157138,"data":"轮次:·18/·20 || c_Loss:0.395 || e_Loss:-0.916 || Aad_Loss:-24.808 || 耗时：13.12s\n"}
,{"stream_name":"stdout","time":10336.657918118,"data":"轮次:·19/·20 || c_Loss:0.397 || e_Loss:-1.000 || Aad_Loss:-23.235 || 耗时：13.10s\n"}
,{"stream_name":"stdout","time":10349.741719183,"data":"轮次:·20/·20 || c_Loss:0.388 || e_Loss:-1.006 || Aad_Loss:-23.213 || 耗时：13.08s\n"}
,{"stream_name":"stdout","time":10355.776698378,"data":"任务: (B2)N15_M07_F10→(B1)N15_M01_F10; mix批次:····0; 批次:·1880/·1880;  总正确率: 99.98%\n"}
,{"stream_name":"stdout","time":10355.776752726,"data":"类型1 正确率： 100.00% -\u003e 1  100.00%, 2    0.00%, 3    0.00%\n"}
,{"stream_name":"stdout","time":10355.776760269,"data":"类型2 正确率： 100.00% -\u003e 1    0.00%, 2   99.95%, 3    0.05%\n"}
,{"stream_name":"stdout","time":10355.776766032,"data":"类型3 正确率： 100.00% -\u003e 1    0.00%, 2    0.00%, 3  100.00%\n"}
,{"stream_name":"stdout","time":10355.776770788,"data":"\n"}
,{"stream_name":"stdout","time":10355.776774976,"data":"\n"}
,{"stream_name":"stdout","time":10361.806130035,"data":"测试集任务: (B2)N15_M07_F10→(B1)N15_M01_F10; 总正确率 = 99.98%\n"}
,{"stream_name":"stdout","time":10361.806171035,"data":"类型1 正确率： 100.00% -\u003e 1  100.00%, 2    0.00%, 3    0.00%\n"}
,{"stream_name":"stdout","time":10361.806196937,"data":"类型2 正确率： 100.00% -\u003e 1    0.00%, 2   99.95%, 3    0.05%\n"}
,{"stream_name":"stdout","time":10361.806201409,"data":"类型3 正确率： 100.00% -\u003e 1    0.00%, 2    0.00%, 3  100.00%\n"}
,{"stream_name":"stdout","time":10361.806205991,"data":"\n"}
,{"stream_name":"stdout","time":10361.80620967,"data":"\n"}
,{"stream_name":"stdout","time":10361.831587252,"data":"[tar_adaptation_RES_PU.py --folder_root /kaggle/working/k10/S09/sdalr_PU_final_checkpoint/DATA_foldS09 --seed 2024 --class_num 3 --data_name PU_M1_L3 --output /kaggle/working/k10/S09/weight_PU_M1_final_checkpoint_FS09toS09_s2024 --s 1 --t 0 --lr 0.0005 --threshold 0.4 --K 0.6] 363s\n"}
,{"stream_name":"stdout","time":10361.858807394,"data":"读取源域路径：/kaggle/working/k10/S09/weight_PU_M1_final_checkpoint_FS09toS09_s2024/NEW_PU/Source-源域/log\u0026pt/(B2)N15_M07_F10\n"}
,{"stream_name":"stdout","time":10361.858834259,"data":"excel输出位置：/kaggle/working/k10/S09/weight_PU_M1_final_checkpoint_FS09toS09_s2024/NEW_PU/Target-目标域\n"}
,{"stream_name":"stdout","time":10361.858840043,"data":"特征图片输出位置：/kaggle/working/k10/S09/weight_PU_M1_final_checkpoint_FS09toS09_s2024/NEW_PU/Picture-特征图/2026年09月19日11时07分/(B2)N15_M07_F10\n"}
,{"stream_name":"stderr","time":10361.895624899,"data":"/usr/local/lib/python3.12/dist-packages/torch/nn/utils/weight_norm.py:144: FutureWarning: `torch.nn.utils.weight_norm` is deprecated in favor of `torch.nn.utils.parametrizations.weight_norm`.\n"}
,{"stream_name":"stderr","time":10361.895670808,"data":"  WeightNorm.apply(module, name, dim)\n"}
,{"stream_name":"stdout","time":10361.934373588,"data":"现在选取:(B2)N15_M07_F10 进行训练的源模型\n"}
,{"stream_name":"stdout","time":10361.934440333,"data":"现在进行：(B2)N15_M07_F10→(B3)N15_M07_F04 的迁移任务\n"}
,{"stream_name":"stdout","time":10361.934446456,"data":"log\u0026pt输出位置：/kaggle/working/k10/S09/weight_PU_M1_final_checkpoint_FS09toS09_s2024/NEW_PU/Target-目标域/log\u0026pt/(B2)N15_M07_F10→(B3)N15_M07_F04\n"}
,{"stream_name":"stderr","time":10361.935703024,"data":"sh: 1: Syntax error: word unexpected (expecting \")\")\n"}
,{"stream_name":"stdout","time":10372.994277148,"data":"任务: (B2)N15_M07_F10→(B3)N15_M07_F04; 批次:····0/·1880;  总正确率: 87.08%\n"}
,{"stream_name":"stdout","time":10372.994331079,"data":"类型1 正确率： 100.00% -\u003e 1  100.00%, 2    0.00%, 3    0.00%\n"}
,{"stream_name":"stdout","time":10372.994339204,"data":"类型2 正确率：  92.00% -\u003e 1    0.00%, 2   92.05%, 3    7.95%\n"}
,{"stream_name":"stdout","time":10372.994345077,"data":"类型3 正确率：  69.00% -\u003e 1    0.00%, 2   30.80%, 3   69.20%\n"}
,{"stream_name":"stdout","time":10372.994350704,"data":"\n"}
,{"stream_name":"stdout","time":10372.994356011,"data":"\n"}
,{"stream_name":"stdout","time":10372.995155692,"data":"样本变换：reverse\n"}
,{"stream_name":"stdout","time":10376.274117101,"data":"样本变换：mask\n"}
,{"stream_name":"stdout","time":10379.573122537,"data":"样本变换：shift\n"}
,{"stream_name":"stdout","time":10382.89914627,"data":"样本变换：none\n"}
,{"stream_name":"stdout","time":10388.388224949,"data":"未过滤\t未用伪标签：87.08% -\u003e 使用伪标签：85.53%\n"}
,{"stream_name":"stdout","time":10388.388292072,"data":"已过滤\t未用伪标签：87.25% -\u003e 使用伪标签：85.79%\n"}
,{"stream_name":"stdout","time":10388.388300609,"data":"排除样本：18|6000\t剩余：2000, 2506, 1476\n"}
,{"stream_name":"stdout","time":10388.388305659,"data":"增添样本：1536\t\t细则：506, 0, 1030\t正确率估算：92.06%\n"}
,{"stream_name":"stdout","time":10388.388328041,"data":"类型1 正确率： 100.00% -\u003e 1  100.00%, 2    0.00%, 3    0.00%\n"}
,{"stream_name":"stdout","time":10388.388332604,"data":"类型2 正确率：  92.00% -\u003e 1    0.00%, 2   91.57%, 3    8.43%\n"}
,{"stream_name":"stdout","time":10388.388336576,"data":"类型3 正确率：  66.00% -\u003e 1    0.00%, 2   34.27%, 3   65.73%\n"}
,{"stream_name":"stdout","time":10388.388340152,"data":"\n"}
,{"stream_name":"stdout","time":10388.388343347,"data":"被排除样本 正确率：33.33%\n"}
,{"stream_name":"stdout","time":10388.388346785,"data":"类型1 正确率：  75.00% -\u003e 1   75.00%, 2   25.00%\n"}
,{"stream_name":"stdout","time":10388.388350361,"data":"类型2 正确率：   0.00% -\u003e 1  100.00%, 2    0.00%\n"}
,{"stream_name":"stdout","time":10388.388353814,"data":"\n"}
,{"stream_name":"stdout","time":10388.388357111,"data":"\n"}
,{"stream_name":"stdout","time":10401.607671636,"data":"轮次:··1/·20 || c_Loss:0.570 || e_Loss:-1.044 || Aad_Loss:-28.391 || 耗时：34.57s\n"}
,{"stream_name":"stdout","time":10414.900003749,"data":"轮次:··2/·20 || c_Loss:0.413 || e_Loss:-0.965 || Aad_Loss:-28.961 || 耗时：13.29s\n"}
,{"stream_name":"stdout","time":10428.137752029,"data":"轮次:··3/·20 || c_Loss:0.393 || e_Loss:-0.956 || Aad_Loss:-30.071 || 耗时：13.24s\n"}
,{"stream_name":"stdout","time":10441.238359894,"data":"轮次:··4/·20 || c_Loss:0.403 || e_Loss:-0.913 || Aad_Loss:-29.122 || 耗时：13.10s\n"}
,{"stream_name":"stdout","time":10454.317867748,"data":"轮次:··5/·20 || c_Loss:0.367 || e_Loss:-1.013 || Aad_Loss:-30.362 || 耗时：13.08s\n"}
,{"stream_name":"stdout","time":10460.352801297,"data":"任务: (B2)N15_M07_F10→(B3)N15_M07_F04; mix批次:····0; 批次:··470/·1880;  总正确率: 85.75%\n"}
,{"stream_name":"stdout","time":10460.352890764,"data":"类型1 正确率： 100.00% -\u003e 1  100.00%, 2    0.00%, 3    0.00%\n"}
,{"stream_name":"stdout","time":10460.352899846,"data":"类型2 正确率：  90.00% -\u003e 1    0.00%, 2   90.45%, 3    9.55%\n"}
,{"stream_name":"stdout","time":10460.352905681,"data":"类型3 正确率：  67.00% -\u003e 1    0.00%, 2   33.20%, 3   66.80%\n"}
,{"stream_name":"stdout","time":10460.35291141,"data":"\n"}
,{"stream_name":"stdout","time":10460.35291637,"data":"\n"}
,{"stream_name":"stdout","time":10460.386816686,"data":"样本变换：reverse\n"}
,{"stream_name":"stdout","time":10463.693139307,"data":"样本变换：mask\n"}
,{"stream_name":"stdout","time":10467.025172643,"data":"样本变换：shift\n"}
,{"stream_name":"stdout","time":10470.375108852,"data":"样本变换：none\n"}
,{"stream_name":"stdout","time":10475.620062857,"data":"未过滤\t未用伪标签：85.75% -\u003e 使用伪标签：85.28%\n"}
,{"stream_name":"stdout","time":10475.620131024,"data":"已过滤\t未用伪标签：85.74% -\u003e 使用伪标签：85.35%\n"}
,{"stream_name":"stdout","time":10475.620138266,"data":"排除样本：5|6000\t剩余：2000, 2439, 1556\n"}
,{"stream_name":"stdout","time":10475.620143835,"data":"增添样本：1322\t\t细则：439, 0, 883\t正确率估算：98.41%\n"}
,{"stream_name":"stdout","time":10475.620148637,"data":"类型1 正确率： 100.00% -\u003e 1  100.00%, 2    0.00%, 3    0.00%\n"}
,{"stream_name":"stdout","time":10475.620153672,"data":"类型2 正确率：  89.00% -\u003e 1    0.00%, 2   89.12%, 3   10.88%\n"}
,{"stream_name":"stdout","time":10475.620158605,"data":"类型3 正确率：  67.00% -\u003e 1    0.00%, 2   33.05%, 3   66.95%\n"}
,{"stream_name":"stdout","time":10475.620163518,"data":"\n"}
,{"stream_name":"stdout","time":10475.620168064,"data":"被排除样本 正确率：100.00%\n"}
,{"stream_name":"stdout","time":10475.620173174,"data":"类型1 正确率： 100.00% -\u003e 1  100.00%\n"}
,{"stream_name":"stdout","time":10475.62019397,"data":"\n"}
,{"stream_name":"stdout","time":10475.620198273,"data":"\n"}
,{"stream_name":"stderr","time":10475.620492179,"data":"/usr/local/lib/python3.12/dist-packages/sklearn/metrics/_classification.py:407: UserWarning: A single label was found in 'y_true' and 'y_pred'. For the confusion matrix to have the correct shape, use the 'labels' parameter to pass all known labels.\n"}
,{"stream_name":"stderr","time":10475.62050624,"data":"  warnings.warn(\n"}
,{"stream_name":"stdout","time":10488.660903009,"data":"轮次:··6/·20 || c_Loss:0.385 || e_Loss:-1.006 || Aad_Loss:-30.299 || 耗时：34.34s\n"}
,{"stream_name":"stdout","time":10501.798035247,"data":"轮次:··7/·20 || c_Loss:0.395 || e_Loss:-0.984 || Aad_Loss:-29.918 || 耗时：13.14s\n"}
,{"stream_name":"stdout","time":10514.969975168,"data":"轮次:··8/·20 || c_Loss:0.378 || e_Loss:-0.985 || Aad_Loss:-30.052 || 耗时：13.17s\n"}
,{"stream_name":"stdout","time":10528.169950603,"data":"轮次:··9/·20 || c_Loss:0.409 || e_Loss:-0.961 || Aad_Loss:-30.778 || 耗时：13.20s\n"}
,{"stream_name":"stdout","time":10541.356099164,"data":"轮次:·10/·20 || c_Loss:0.406 || e_Loss:-0.961 || Aad_Loss:-30.450 || 耗时：13.19s\n"}
,{"stream_name":"stdout","time":10547.434010823,"data":"任务: (B2)N15_M07_F10→(B3)N15_M07_F04; mix批次:····0; 批次:··940/·1880;  总正确率: 85.38%\n"}
,{"stream_name":"stdout","time":10547.434064844,"data":"类型1 正确率： 100.00% -\u003e 1  100.00%, 2    0.00%, 3    0.00%\n"}
,{"stream_name":"stdout","time":10547.434103115,"data":"类型2 正确率：  89.00% -\u003e 1    0.00%, 2   89.20%, 3   10.80%\n"}
,{"stream_name":"stdout","time":10547.434109957,"data":"类型3 正确率：  67.00% -\u003e 1    0.00%, 2   33.05%, 3   66.95%\n"}
,{"stream_name":"stdout","time":10547.434115271,"data":"\n"}
,{"stream_name":"stdout","time":10547.434120502,"data":"\n"}
,{"stream_name":"stdout","time":10547.479362415,"data":"样本变换：reverse\n"}
,{"stream_name":"stdout","time":10550.769192584,"data":"样本变换：mask\n"}
,{"stream_name":"stdout","time":10554.077163299,"data":"样本变换：shift\n"}
,{"stream_name":"stdout","time":10557.38415369,"data":"样本变换：none\n"}
,{"stream_name":"stderr","time":10562.703052839,"data":"/usr/local/lib/python3.12/dist-packages/sklearn/metrics/_classification.py:407: UserWarning: A single label was found in 'y_true' and 'y_pred'. For the confusion matrix to have the correct shape, use the 'labels' parameter to pass all known labels.\n"}
,{"stream_name":"stderr","time":10562.70312636,"data":"  warnings.warn(\n"}
,{"stream_name":"stdout","time":10562.703237885,"data":"未过滤\t未用伪标签：85.38% -\u003e 使用伪标签：85.17%\n"}
,{"stream_name":"stdout","time":10562.70325272,"data":"已过滤\t未用伪标签：85.37% -\u003e 使用伪标签：85.25%\n"}
,{"stream_name":"stdout","time":10562.703258214,"data":"排除样本：6|6000\t剩余：2000, 2432, 1562\n"}
,{"stream_name":"stdout","time":10562.70326326,"data":"增添样本：1302\t\t细则：432, 0, 870\t正确率估算：99.69%\n"}
,{"stream_name":"stdout","time":10562.703268523,"data":"类型1 正确率： 100.00% -\u003e 1  100.00%, 2    0.00%, 3    0.00%\n"}
,{"stream_name":"stdout","time":10562.703273186,"data":"类型2 正确率：  89.00% -\u003e 1    0.00%, 2   88.82%, 3   11.18%\n"}
,{"stream_name":"stdout","time":10562.703296098,"data":"类型3 正确率：  67.00% -\u003e 1    0.00%, 2   33.05%, 3   66.95%\n"}
,{"stream_name":"stdout","time":10562.703302044,"data":"\n"}
,{"stream_name":"stdout","time":10562.703306838,"data":"被排除样本 正确率：100.00%\n"}
,{"stream_name":"stdout","time":10562.703330144,"data":"类型1 正确率： 100.00% -\u003e 1  100.00%\n"}
,{"stream_name":"stdout","time":10562.703347899,"data":"\n"}
,{"stream_name":"stdout","time":10562.703351744,"data":"\n"}
,{"stream_name":"stdout","time":10575.769684361,"data":"轮次:·11/·20 || c_Loss:0.380 || e_Loss:-1.004 || Aad_Loss:-30.770 || 耗时：34.41s\n"}
,{"stream_name":"stdout","time":10588.843673014,"data":"轮次:·12/·20 || c_Loss:0.389 || e_Loss:-0.963 || Aad_Loss:-30.330 || 耗时：13.07s\n"}
,{"stream_name":"stdout","time":10601.901769735,"data":"轮次:·13/·20 || c_Loss:0.398 || e_Loss:-0.976 || Aad_Loss:-30.614 || 耗时：13.06s\n"}
,{"stream_name":"stdout","time":10614.969195269,"data":"轮次:·14/·20 || c_Loss:0.377 || e_Loss:-0.945 || Aad_Loss:-32.406 || 耗时：13.07s\n"}
,{"stream_name":"stdout","time":10628.088181258,"data":"轮次:·15/·20 || c_Loss:0.389 || e_Loss:-0.959 || Aad_Loss:-30.757 || 耗时：13.12s\n"}
,{"stream_name":"stdout","time":10634.159142534,"data":"任务: (B2)N15_M07_F10→(B3)N15_M07_F04; mix批次:····0; 批次:·1410/·1880;  总正确率: 85.28%\n"}
,{"stream_name":"stdout","time":10634.159181118,"data":"类型1 正确率： 100.00% -\u003e 1  100.00%, 2    0.00%, 3    0.00%\n"}
,{"stream_name":"stdout","time":10634.159188822,"data":"类型2 正确率：  89.00% -\u003e 1    0.00%, 2   88.90%, 3   11.10%\n"}
,{"stream_name":"stdout","time":10634.159194626,"data":"类型3 正确率：  67.00% -\u003e 1    0.00%, 2   33.05%, 3   66.95%\n"}
,{"stream_name":"stdout","time":10634.159200079,"data":"\n"}
,{"stream_name":"stdout","time":10634.159205148,"data":"\n"}
,{"stream_name":"stdout","time":10634.20303557,"data":"样本变换：reverse\n"}
,{"stream_name":"stdout","time":10637.490119716,"data":"样本变换：mask\n"}
,{"stream_name":"stdout","time":10640.812836499,"data":"样本变换：shift\n"}
,{"stream_name":"stdout","time":10644.145165638,"data":"样本变换：none\n"}
,{"stream_name":"stderr","time":10649.395867388,"data":"/kaggle/working/k10/S09/sdalr_PU_final_checkpoint/tools.py:413: RuntimeWarning: invalid value encountered in divide\n"}
,{"stream_name":"stderr","time":10649.395922126,"data":"  per_class_acc = conf_matrix.diagonal() / conf_matrix.sum(axis=1) * 100\n"}
,{"stream_name":"stdout","time":10649.395871431,"data":"未过滤\t未用伪标签：85.28% -\u003e 使用伪标签：85.13%\n"}
,{"stream_name":"stdout","time":10649.395940685,"data":"已过滤\t未用伪标签：85.28% -\u003e 使用伪标签：85.23%\n"}
,{"stream_name":"stdout","time":10649.395945013,"data":"排除样本：7|6000\t剩余：2000, 2430, 1563\n"}
,{"stream_name":"stdout","time":10649.395948195,"data":"增添样本：1297\t\t细则：430, 0, 867\t正确率估算：99.69%\n"}
,{"stream_name":"stdout","time":10649.395951908,"data":"类型1 正确率： 100.00% -\u003e 1  100.00%, 2    0.00%, 3    0.00%\n"}
,{"stream_name":"stdout","time":10649.395955617,"data":"类型2 正确率：  89.00% -\u003e 1    0.00%, 2   88.76%, 3   11.24%\n"}
,{"stream_name":"stdout","time":10649.395976405,"data":"类型3 正确率：  67.00% -\u003e 1    0.00%, 2   33.05%, 3   66.95%\n"}
,{"stream_name":"stdout","time":10649.395982263,"data":"\n"}
,{"stream_name":"stdout","time":10649.395987107,"data":"被排除样本 正确率：85.71%\n"}
,{"stream_name":"stdout","time":10649.395992306,"data":"类型1 正确率：  86.00% -\u003e 1   85.71%, 2   14.29%\n"}
,{"stream_name":"stdout","time":10649.395997364,"data":"类型2 没有样本或未被分类。\n"}
,{"stream_name":"stdout","time":10649.396001806,"data":"\n"}
,{"stream_name":"stdout","time":10649.396006184,"data":"\n"}
,{"stream_name":"stdout","time":10662.475790444,"data":"轮次:·16/·20 || c_Loss:0.369 || e_Loss:-0.986 || Aad_Loss:-31.765 || 耗时：34.39s\n"}
,{"stream_name":"stdout","time":10675.645574537,"data":"轮次:·17/·20 || c_Loss:0.378 || e_Loss:-1.006 || Aad_Loss:-30.809 || 耗时：13.17s\n"}
,{"stream_name":"stdout","time":10688.86806418,"data":"轮次:·18/·20 || c_Loss:0.380 || e_Loss:-0.995 || Aad_Loss:-31.126 || 耗时：13.22s\n"}
,{"stream_name":"stdout","time":10702.111899426,"data":"轮次:·19/·20 || c_Loss:0.384 || e_Loss:-0.996 || Aad_Loss:-30.693 || 耗时：13.24s\n"}
,{"stream_name":"stdout","time":10715.328977777,"data":"轮次:·20/·20 || c_Loss:0.379 || e_Loss:-1.006 || Aad_Loss:-30.753 || 耗时：13.22s\n"}
,{"stream_name":"stdout","time":10721.418278447,"data":"任务: (B2)N15_M07_F10→(B3)N15_M07_F04; mix批次:····0; 批次:·1880/·1880;  总正确率: 85.27%\n"}
,{"stream_name":"stdout","time":10721.418345479,"data":"类型1 正确率： 100.00% -\u003e 1  100.00%, 2    0.00%, 3    0.00%\n"}
,{"stream_name":"stdout","time":10721.418354061,"data":"类型2 正确率：  89.00% -\u003e 1    0.00%, 2   88.85%, 3   11.15%\n"}
,{"stream_name":"stdout","time":10721.418359798,"data":"类型3 正确率：  67.00% -\u003e 1    0.00%, 2   33.05%, 3   66.95%\n"}
,{"stream_name":"stdout","time":10721.418365135,"data":"\n"}
,{"stream_name":"stdout","time":10721.41836944,"data":"\n"}
,{"stream_name":"stdout","time":10727.464581075,"data":"测试集任务: (B2)N15_M07_F10→(B3)N15_M07_F04; 总正确率 = 85.27%\n"}
,{"stream_name":"stdout","time":10727.464643679,"data":"类型1 正确率： 100.00% -\u003e 1  100.00%, 2    0.00%, 3    0.00%\n"}
,{"stream_name":"stdout","time":10727.464664969,"data":"类型2 正确率：  89.00% -\u003e 1    0.00%, 2   88.85%, 3   11.15%\n"}
,{"stream_name":"stdout","time":10727.464669837,"data":"类型3 正确率：  67.00% -\u003e 1    0.00%, 2   33.05%, 3   66.95%\n"}
,{"stream_name":"stdout","time":10727.46467625,"data":"\n"}
,{"stream_name":"stdout","time":10727.464696729,"data":"\n"}
,{"stream_name":"stdout","time":10727.489901107,"data":"[tar_adaptation_RES_PU.py --folder_root /kaggle/working/k10/S09/sdalr_PU_final_checkpoint/DATA_foldS09 --seed 2024 --class_num 3 --data_name PU_M1_L3 --output /kaggle/working/k10/S09/weight_PU_M1_final_checkpoint_FS09toS09_s2024 --s 1 --t 2 --lr 0.0005 --threshold 0.4 --K 0.6] 366s\n"}
,{"stream_name":"stdout","time":10727.516267386,"data":"读取源域路径：/kaggle/working/k10/S09/weight_PU_M1_final_checkpoint_FS09toS09_s2024/NEW_PU/Source-源域/log\u0026pt/(B3)N15_M07_F04\n"}
,{"stream_name":"stdout","time":10727.516304309,"data":"excel输出位置：/kaggle/working/k10/S09/weight_PU_M1_final_checkpoint_FS09toS09_s2024/NEW_PU/Target-目标域\n"}
,{"stream_name":"stdout","time":10727.516310635,"data":"特征图片输出位置：/kaggle/working/k10/S09/weight_PU_M1_final_checkpoint_FS09toS09_s2024/NEW_PU/Picture-特征图/2026年09月19日11时13分/(B3)N15_M07_F04\n"}
,{"stream_name":"stderr","time":10727.552609362,"data":"/usr/local/lib/python3.12/dist-packages/torch/nn/utils/weight_norm.py:144: FutureWarning: `torch.nn.utils.weight_norm` is deprecated in favor of `torch.nn.utils.parametrizations.weight_norm`.\n"}
,{"stream_name":"stderr","time":10727.552661704,"data":"  WeightNorm.apply(module, name, dim)\n"}
,{"stream_name":"stdout","time":10727.592328316,"data":"现在选取:(B3)N15_M07_F04 进行训练的源模型\n"}
,{"stream_name":"stdout","time":10727.592383481,"data":"现在进行：(B3)N15_M07_F04→(B1)N15_M01_F10 的迁移任务\n"}
,{"stream_name":"stdout","time":10727.592394033,"data":"log\u0026pt输出位置：/kaggle/working/k10/S09/weight_PU_M1_final_checkpoint_FS09toS09_s2024/NEW_PU/Target-目标域/log\u0026pt/(B3)N15_M07_F04→(B1)N15_M01_F10\n"}
,{"stream_name":"stderr","time":10727.593734963,"data":"sh: 1: Syntax error: word unexpected (expecting \")\")\n"}
,{"stream_name":"stdout","time":10738.787753477,"data":"任务: (B3)N15_M07_F04→(B1)N15_M01_F10; 批次:····0/·1880;  总正确率: 78.18%\n"}
,{"stream_name":"stdout","time":10738.787816203,"data":"类型1 正确率： 100.00% -\u003e 1  100.00%, 2    0.00%, 3    0.00%\n"}
,{"stream_name":"stdout","time":10738.787824048,"data":"类型2 正确率： 100.00% -\u003e 1    0.00%, 2   99.85%, 3    0.15%\n"}
,{"stream_name":"stdout","time":10738.787829486,"data":"类型3 正确率：  35.00% -\u003e 1    0.00%, 2   65.30%, 3   34.70%\n"}
,{"stream_name":"stdout","time":10738.787834781,"data":"\n"}
,{"stream_name":"stdout","time":10738.787838943,"data":"\n"}
,{"stream_name":"stdout","time":10738.788601202,"data":"样本变换：reverse\n"}
,{"stream_name":"stdout","time":10742.102724268,"data":"样本变换：mask\n"}
,{"stream_name":"stdout","time":10745.431152472,"data":"样本变换：shift\n"}
,{"stream_name":"stdout","time":10748.768174788,"data":"样本变换：none\n"}
,{"stream_name":"stderr","time":10754.459421897,"data":"/kaggle/working/k10/S09/sdalr_PU_final_checkpoint/tools.py:413: RuntimeWarning: invalid value encountered in divide\n"}
,{"stream_name":"stderr","time":10754.459463919,"data":"  per_class_acc = conf_matrix.diagonal() / conf_matrix.sum(axis=1) * 100\n"}
,{"stream_name":"stdout","time":10754.459598549,"data":"未过滤\t未用伪标签：78.18% -\u003e 使用伪标签：83.35%\n"}
,{"stream_name":"stdout","time":10754.459611582,"data":"已过滤\t未用伪标签：79.09% -\u003e 使用伪标签：84.32%\n"}
,{"stream_name":"stdout","time":10754.459617022,"data":"排除样本：69|6000\t剩余：2000, 2930, 1001\n"}
,{"stream_name":"stdout","time":10754.459621662,"data":"增添样本：2859\t\t细则：930, 0, 1929\t正确率估算：78.46%\n"}
,{"stream_name":"stdout","time":10754.459626931,"data":"类型1 正确率： 100.00% -\u003e 1  100.00%, 2    0.00%, 3    0.00%\n"}
,{"stream_name":"stdout","time":10754.45963236,"data":"类型2 正确率： 100.00% -\u003e 1    0.00%, 2  100.00%, 3    0.00%\n"}
,{"stream_name":"stdout","time":10754.459637339,"data":"类型3 正确率：  52.00% -\u003e 1    0.00%, 2   48.16%, 3   51.84%\n"}
,{"stream_name":"stdout","time":10754.459642722,"data":"\n"}
,{"stream_name":"stdout","time":10754.459647063,"data":"被排除样本 正确率：0.00%\n"}
,{"stream_name":"stdout","time":10754.459651562,"data":"类型1 没有样本或未被分类。\n"}
,{"stream_name":"stdout","time":10754.459655848,"data":"类型2 正确率：   0.00% -\u003e 1  100.00%, 2    0.00%\n"}
,{"stream_name":"stdout","time":10754.459660239,"data":"\n"}
,{"stream_name":"stdout","time":10754.459664062,"data":"\n"}
,{"stream_name":"stdout","time":10767.673755463,"data":"轮次:··1/·20 || c_Loss:0.487 || e_Loss:-1.001 || Aad_Loss:-29.740 || 耗时：34.87s\n"}
,{"stream_name":"stdout","time":10780.978531259,"data":"轮次:··2/·20 || c_Loss:0.406 || e_Loss:-1.628 || Aad_Loss:-26.565 || 耗时：13.30s\n"}
,{"stream_name":"stdout","time":10794.147682318,"data":"轮次:··3/·20 || c_Loss:0.367 || e_Loss:-0.939 || Aad_Loss:-30.465 || 耗时：13.17s\n"}
,{"stream_name":"stdout","time":10807.25235404,"data":"轮次:··4/·20 || c_Loss:0.411 || e_Loss:-0.853 || Aad_Loss:-28.072 || 耗时：13.10s\n"}
,{"stream_name":"stdout","time":10820.357820202,"data":"轮次:··5/·20 || c_Loss:0.375 || e_Loss:-0.903 || Aad_Loss:-29.384 || 耗时：13.11s\n"}
,{"stream_name":"stdout","time":10826.387500451,"data":"任务: (B3)N15_M07_F04→(B1)N15_M01_F10; mix批次:····0; 批次:··470/·1880;  总正确率: 84.22%\n"}
,{"stream_name":"stdout","time":10826.387552227,"data":"类型1 正确率： 100.00% -\u003e 1  100.00%, 2    0.00%, 3    0.00%\n"}
,{"stream_name":"stdout","time":10826.387572876,"data":"类型2 正确率： 100.00% -\u003e 1    0.00%, 2  100.00%, 3    0.00%\n"}
,{"stream_name":"stdout","time":10826.387577303,"data":"类型3 正确率：  53.00% -\u003e 1    0.00%, 2   47.35%, 3   52.65%\n"}
,{"stream_name":"stdout","time":10826.387581365,"data":"\n"}
,{"stream_name":"stdout","time":10826.387585079,"data":"\n"}
,{"stream_name":"stdout","time":10826.419747732,"data":"样本变换：reverse\n"}
,{"stream_name":"stdout","time":10829.703174114,"data":"样本变换：mask\n"}
,{"stream_name":"stdout","time":10833.030158955,"data":"样本变换：shift\n"}
,{"stream_name":"stdout","time":10836.323160997,"data":"样本变换：none\n"}
,{"stream_name":"stderr","time":10841.952533572,"data":"/kaggle/working/k10/S09/sdalr_PU_final_checkpoint/tools.py:413: RuntimeWarning: invalid value encountered in divide\n"}
,{"stream_name":"stdout","time":10841.952564405,"data":"未过滤\t未用伪标签：84.22% -\u003e 使用伪标签：86.12%\n"}
,{"stream_name":"stderr","time":10841.952573928,"data":"  per_class_acc = conf_matrix.diagonal() / conf_matrix.sum(axis=1) * 100\n"}
,{"stream_name":"stdout","time":10841.952580886,"data":"已过滤\t未用伪标签：84.77% -\u003e 使用伪标签：86.68%\n"}
,{"stream_name":"stdout","time":10841.95258976,"data":"排除样本：39|6000\t剩余：2000, 2792, 1169\n"}
,{"stream_name":"stdout","time":10841.952594929,"data":"增添样本：2415\t\t细则：792, 0, 1623\t正确率估算：95.92%\n"}
,{"stream_name":"stdout","time":10841.952600844,"data":"类型1 正确率： 100.00% -\u003e 1  100.00%, 2    0.00%, 3    0.00%\n"}
,{"stream_name":"stdout","time":10841.952606172,"data":"类型2 正确率： 100.00% -\u003e 1    0.00%, 2   99.95%, 3    0.05%\n"}
,{"stream_name":"stdout","time":10841.95261145,"data":"类型3 正确率：  60.00% -\u003e 1    0.00%, 2   40.44%, 3   59.56%\n"}
,{"stream_name":"stdout","time":10841.952616551,"data":"\n"}
,{"stream_name":"stdout","time":10841.952626604,"data":"被排除样本 正确率：0.00%\n"}
,{"stream_name":"stdout","time":10841.952630456,"data":"类型1 没有样本或未被分类。\n"}
,{"stream_name":"stdout","time":10841.952633555,"data":"类型2 正确率：   0.00% -\u003e 1  100.00%, 2    0.00%\n"}
,{"stream_name":"stdout","time":10841.9526367,"data":"\n"}
,{"stream_name":"stdout","time":10841.952639681,"data":"\n"}
,{"stream_name":"stdout","time":10854.978121885,"data":"轮次:··6/·20 || c_Loss:0.415 || e_Loss:-0.935 || Aad_Loss:-29.010 || 耗时：34.62s\n"}
,{"stream_name":"stdout","time":10868.079100566,"data":"轮次:··7/·20 || c_Loss:0.381 || e_Loss:-0.895 || Aad_Loss:-28.010 || 耗时：13.10s\n"}
,{"stream_name":"stdout","time":10881.259593798,"data":"轮次:··8/·20 || c_Loss:0.391 || e_Loss:-1.700 || Aad_Loss:-27.642 || 耗时：13.18s\n"}
,{"stream_name":"stdout","time":10894.41849269,"data":"轮次:··9/·20 || c_Loss:0.407 || e_Loss:-0.950 || Aad_Loss:-31.700 || 耗时：13.16s\n"}
,{"stream_name":"stdout","time":10907.698484151,"data":"轮次:·10/·20 || c_Loss:0.377 || e_Loss:-0.945 || Aad_Loss:-29.820 || 耗时：13.28s\n"}
,{"stream_name":"stdout","time":10913.778392756,"data":"任务: (B3)N15_M07_F04→(B1)N15_M01_F10; mix批次:····0; 批次:··940/·1880;  总正确率: 87.07%\n"}
,{"stream_name":"stdout","time":10913.778432865,"data":"类型1 正确率： 100.00% -\u003e 1  100.00%, 2    0.00%, 3    0.00%\n"}
,{"stream_name":"stdout","time":10913.778452178,"data":"类型2 正确率： 100.00% -\u003e 1    0.00%, 2   99.95%, 3    0.05%\n"}
,{"stream_name":"stdout","time":10913.778458066,"data":"类型3 正确率：  61.00% -\u003e 1    0.00%, 2   38.75%, 3   61.25%\n"}
,{"stream_name":"stdout","time":10913.778472661,"data":"\n"}
,{"stream_name":"stdout","time":10913.778475959,"data":"\n"}
,{"stream_name":"stdout","time":10913.824798535,"data":"样本变换：reverse\n"}
,{"stream_name":"stdout","time":10917.117154803,"data":"样本变换：mask\n"}
,{"stream_name":"stdout","time":10920.414165943,"data":"样本变换：shift\n"}
,{"stream_name":"stdout","time":10923.721156721,"data":"样本变换：none\n"}
,{"stream_name":"stdout","time":10929.291553463,"data":"未过滤\t未用伪标签：87.07% -\u003e 使用伪标签：88.18%\n"}
,{"stream_name":"stdout","time":10929.29158945,"data":"已过滤\t未用伪标签：87.28% -\u003e 使用伪标签：88.42%\n"}
,{"stream_name":"stdout","time":10929.291609896,"data":"排除样本：16|6000\t剩余：2000, 2690, 1294\n"}
,{"stream_name":"stdout","time":10929.291615563,"data":"增添样本：2086\t\t细则：690, 0, 1396\t正确率估算：97.43%\n"}
,{"stream_name":"stdout","time":10929.291621178,"data":"类型1 正确率： 100.00% -\u003e 1  100.00%, 2    0.00%, 3    0.00%\n"}
,{"stream_name":"stdout","time":10929.291626932,"data":"类型2 正确率： 100.00% -\u003e 1    0.00%, 2   99.95%, 3    0.05%\n"}
,{"stream_name":"stdout","time":10929.291632735,"data":"类型3 正确率：  65.00% -\u003e 1    0.00%, 2   34.86%, 3   65.14%\n"}
,{"stream_name":"stdout","time":10929.291638004,"data":"\n"}
,{"stream_name":"stdout","time":10929.291643107,"data":"被排除样本 正确率：6.25%\n"}
,{"stream_name":"stdout","time":10929.291648471,"data":"类型1 正确率： 100.00% -\u003e 1  100.00%, 2    0.00%\n"}
,{"stream_name":"stdout","time":10929.291653928,"data":"类型2 正确率：   0.00% -\u003e 1  100.00%, 2    0.00%\n"}
,{"stream_name":"stdout","time":10929.291666876,"data":"\n"}
,{"stream_name":"stdout","time":10929.29167184,"data":"\n"}
,{"stream_name":"stdout","time":10942.302089191,"data":"轮次:·11/·20 || c_Loss:0.373 || e_Loss:-0.965 || Aad_Loss:-29.195 || 耗时：34.60s\n"}
,{"stream_name":"stdout","time":10955.389495991,"data":"轮次:·12/·20 || c_Loss:0.374 || e_Loss:-1.795 || Aad_Loss:-29.669 || 耗时：13.09s\n"}
,{"stream_name":"stdout","time":10968.444143295,"data":"轮次:·13/·20 || c_Loss:0.372 || e_Loss:-0.999 || Aad_Loss:-30.446 || 耗时：13.05s\n"}
,{"stream_name":"stdout","time":10981.481070854,"data":"轮次:·14/·20 || c_Loss:0.374 || e_Loss:-0.992 || Aad_Loss:-30.738 || 耗时：13.04s\n"}
,{"stream_name":"stdout","time":10994.557257201,"data":"轮次:·15/·20 || c_Loss:0.378 || e_Loss:-0.969 || Aad_Loss:-31.872 || 耗时：13.08s\n"}
,{"stream_name":"stdout","time":11000.571726395,"data":"任务: (B3)N15_M07_F04→(B1)N15_M01_F10; mix批次:····0; 批次:·1410/·1880;  总正确率: 88.92%\n"}
,{"stream_name":"stdout","time":11000.571790347,"data":"类型1 正确率： 100.00% -\u003e 1  100.00%, 2    0.00%, 3    0.00%\n"}
,{"stream_name":"stdout","time":11000.571799108,"data":"类型2 正确率： 100.00% -\u003e 1    0.00%, 2   99.95%, 3    0.05%\n"}
,{"stream_name":"stdout","time":11000.571805082,"data":"类型3 正确率：  67.00% -\u003e 1    0.00%, 2   33.20%, 3   66.80%\n"}
,{"stream_name":"stdout","time":11000.571809837,"data":"\n"}
,{"stream_name":"stdout","time":11000.571814189,"data":"\n"}
,{"stream_name":"stdout","time":11000.615548403,"data":"样本变换：reverse\n"}
,{"stream_name":"stdout","time":11003.863231368,"data":"样本变换：mask\n"}
,{"stream_name":"stdout","time":11007.154172381,"data":"样本变换：shift\n"}
,{"stream_name":"stdout","time":11010.453153495,"data":"样本变换：none\n"}
,{"stream_name":"stderr","time":11016.05289901,"data":"/usr/local/lib/python3.12/dist-packages/numpy/_core/fromnumeric.py:3596: RuntimeWarning: Mean of empty slice.\n"}
,{"stream_name":"stderr","time":11016.052976581,"data":"  return _methods._mean(a, axis=axis, dtype=dtype,\n"}
,{"stream_name":"stderr","time":11016.05298209,"data":"/usr/local/lib/python3.12/dist-packages/numpy/_core/_methods.py:138: RuntimeWarning: invalid value encountered in scalar divide\n"}
,{"stream_name":"stderr","time":11016.052984678,"data":"  ret = ret.dtype.type(ret / rcount)\n"}
,{"stream_name":"stderr","time":11016.053761481,"data":"/kaggle/working/k10/S09/sdalr_PU_final_checkpoint/tools.py:414: RuntimeWarning: Mean of empty slice.\n"}
,{"stream_name":"stderr","time":11016.0537799,"data":"  overall_acc = round(per_class_acc.mean(), 2)\n"}
,{"stream_name":"stderr","time":11016.053795763,"data":"/usr/local/lib/python3.12/dist-packages/numpy/_core/_methods.py:138: RuntimeWarning: invalid value encountered in scalar divide\n"}
,{"stream_name":"stderr","time":11016.053800108,"data":"  ret = ret.dtype.type(ret / rcount)\n"}
,{"stream_name":"stdout","time":11016.053955575,"data":"未过滤\t未用伪标签：88.92% -\u003e 使用伪标签：88.97%\n"}
,{"stream_name":"stdout","time":11016.053963283,"data":"已过滤\t未用伪标签：88.92% -\u003e 使用伪标签：88.97%\n"}
,{"stream_name":"stdout","time":11016.05396726,"data":"排除样本：2000|6000\t剩余：2660, 1340\n"}
,{"stream_name":"stdout","time":11016.053970876,"data":"增添样本：1980\t\t细则：660, 0, 1320\t正确率估算：99.95%\n"}
,{"stream_name":"stdout","time":11016.053974823,"data":"类型1 正确率： 100.00% -\u003e 1  100.00%, 2    0.00%, 3    0.00%\n"}
,{"stream_name":"stdout","time":11016.053978417,"data":"类型2 正确率： 100.00% -\u003e 1    0.00%, 2   99.95%, 3    0.05%\n"}
,{"stream_name":"stdout","time":11016.053981916,"data":"类型3 正确率：  67.00% -\u003e 1    0.00%, 2   33.05%, 3   66.95%\n"}
,{"stream_name":"stdout","time":11016.053985385,"data":"\n"}
,{"stream_name":"stdout","time":11016.053988671,"data":"被排除样本 正确率：nan%\n"}
,{"stream_name":"stdout","time":11016.053992086,"data":"\n"}
,{"stream_name":"stdout","time":11016.05399535,"data":"\n"}
,{"stream_name":"stdout","time":11029.000873374,"data":"轮次:·16/·20 || c_Loss:0.384 || e_Loss:-0.983 || Aad_Loss:-31.105 || 耗时：34.44s\n"}
,{"stream_name":"stdout","time":11042.073689507,"data":"轮次:·17/·20 || c_Loss:0.385 || e_Loss:-1.010 || Aad_Loss:-30.195 || 耗时：13.07s\n"}
,{"stream_name":"stdout","time":11055.172692257,"data":"轮次:·18/·20 || c_Loss:0.385 || e_Loss:-1.013 || Aad_Loss:-31.272 || 耗时：13.10s\n"}
,{"stream_name":"stdout","time":11068.32075061,"data":"轮次:·19/·20 || c_Loss:0.388 || e_Loss:-0.994 || Aad_Loss:-30.478 || 耗时：13.15s\n"}
,{"stream_name":"stdout","time":11081.537228277,"data":"轮次:·20/·20 || c_Loss:0.384 || e_Loss:-1.001 || Aad_Loss:-30.720 || 耗时：13.22s\n"}
,{"stream_name":"stdout","time":11087.591861933,"data":"任务: (B3)N15_M07_F04→(B1)N15_M01_F10; mix批次:····0; 批次:·1880/·1880;  总正确率: 89.00%\n"}
,{"stream_name":"stdout","time":11087.591914502,"data":"类型1 正确率： 100.00% -\u003e 1  100.00%, 2    0.00%, 3    0.00%\n"}
,{"stream_name":"stdout","time":11087.591920045,"data":"类型2 正确率： 100.00% -\u003e 1    0.00%, 2  100.00%, 3    0.00%\n"}
,{"stream_name":"stdout","time":11087.591923543,"data":"类型3 正确率：  67.00% -\u003e 1    0.00%, 2   33.00%, 3   67.00%\n"}
,{"stream_name":"stdout","time":11087.59192679,"data":"\n"}
,{"stream_name":"stdout","time":11087.591944013,"data":"\n"}
,{"stream_name":"stdout","time":11093.616058642,"data":"测试集任务: (B3)N15_M07_F04→(B1)N15_M01_F10; 总正确率 = 89.00%\n"}
,{"stream_name":"stdout","time":11093.616149549,"data":"类型1 正确率： 100.00% -\u003e 1  100.00%, 2    0.00%, 3    0.00%\n"}
,{"stream_name":"stdout","time":11093.616159548,"data":"类型2 正确率： 100.00% -\u003e 1    0.00%, 2  100.00%, 3    0.00%\n"}
,{"stream_name":"stdout","time":11093.616163683,"data":"类型3 正确率：  67.00% -\u003e 1    0.00%, 2   33.00%, 3   67.00%\n"}
,{"stream_name":"stdout","time":11093.61616769,"data":"\n"}
,{"stream_name":"stdout","time":11093.616170668,"data":"\n"}
,{"stream_name":"stdout","time":11093.643115279,"data":"[tar_adaptation_RES_PU.py --folder_root /kaggle/working/k10/S09/sdalr_PU_final_checkpoint/DATA_foldS09 --seed 2024 --class_num 3 --data_name PU_M1_L3 --output /kaggle/working/k10/S09/weight_PU_M1_final_checkpoint_FS09toS09_s2024 --s 2 --t 0 --lr 0.0005 --threshold 0.4 --K 0.6] 366s\n"}
,{"stream_name":"stdout","time":11093.669997012,"data":"读取源域路径：/kaggle/working/k10/S09/weight_PU_M1_final_checkpoint_FS09toS09_s2024/NEW_PU/Source-源域/log\u0026pt/(B3)N15_M07_F04\n"}
,{"stream_name":"stdout","time":11093.670032858,"data":"excel输出位置：/kaggle/working/k10/S09/weight_PU_M1_final_checkpoint_FS09toS09_s2024/NEW_PU/Target-目标域\n"}
,{"stream_name":"stdout","time":11093.670037395,"data":"特征图片输出位置：/kaggle/working/k10/S09/weight_PU_M1_final_checkpoint_FS09toS09_s2024/NEW_PU/Picture-特征图/2026年09月19日11时19分/(B3)N15_M07_F04\n"}
,{"stream_name":"stderr","time":11093.706227707,"data":"/usr/local/lib/python3.12/dist-packages/torch/nn/utils/weight_norm.py:144: FutureWarning: `torch.nn.utils.weight_norm` is deprecated in favor of `torch.nn.utils.parametrizations.weight_norm`.\n"}
,{"stream_name":"stderr","time":11093.706269965,"data":"  WeightNorm.apply(module, name, dim)\n"}
,{"stream_name":"stdout","time":11093.746301576,"data":"现在选取:(B3)N15_M07_F04 进行训练的源模型\n"}
,{"stream_name":"stdout","time":11093.746350698,"data":"现在进行：(B3)N15_M07_F04→(B2)N15_M07_F10 的迁移任务\n"}
,{"stream_name":"stdout","time":11093.746356935,"data":"log\u0026pt输出位置：/kaggle/working/k10/S09/weight_PU_M1_final_checkpoint_FS09toS09_s2024/NEW_PU/Target-目标域/log\u0026pt/(B3)N15_M07_F04→(B2)N15_M07_F10\n"}
,{"stream_name":"stderr","time":11093.747799236,"data":"sh: 1: Syntax error: word unexpected (expecting \")\")\n"}
,{"stream_name":"stdout","time":11104.921590476,"data":"任务: (B3)N15_M07_F04→(B2)N15_M07_F10; 批次:····0/·1880;  总正确率: 77.33%\n"}
,{"stream_name":"stdout","time":11104.921638389,"data":"类型1 正确率： 100.00% -\u003e 1  100.00%, 2    0.00%, 3    0.00%\n"}
,{"stream_name":"stdout","time":11104.921646867,"data":"类型2 正确率： 100.00% -\u003e 1    0.00%, 2   99.85%, 3    0.15%\n"}
,{"stream_name":"stdout","time":11104.921653167,"data":"类型3 正确率：  32.00% -\u003e 1    0.00%, 2   67.85%, 3   32.15%\n"}
,{"stream_name":"stdout","time":11104.921659504,"data":"\n"}
,{"stream_name":"stdout","time":11104.921665317,"data":"\n"}
,{"stream_name":"stdout","time":11104.922524817,"data":"样本变换：reverse\n"}
,{"stream_name":"stdout","time":11108.17015751,"data":"样本变换：mask\n"}
,{"stream_name":"stdout","time":11111.471166422,"data":"样本变换：shift\n"}
,{"stream_name":"stdout","time":11114.757118237,"data":"样本变换：none\n"}
,{"stream_name":"stderr","time":11120.340628544,"data":"/kaggle/working/k10/S09/sdalr_PU_final_checkpoint/tools.py:413: RuntimeWarning: invalid value encountered in divide\n"}
,{"stream_name":"stderr","time":11120.340689134,"data":"  per_class_acc = conf_matrix.diagonal() / conf_matrix.sum(axis=1) * 100\n"}
,{"stream_name":"stdout","time":11120.340694199,"data":"未过滤\t未用伪标签：77.33% -\u003e 使用伪标签：80.58%\n"}
,{"stream_name":"stdout","time":11120.340725081,"data":"已过滤\t未用伪标签：77.94% -\u003e 使用伪标签：81.25%\n"}
,{"stream_name":"stdout","time":11120.340729354,"data":"排除样本：49|6000\t剩余：2000, 3116, 835\n"}
,{"stream_name":"stdout","time":11120.340732906,"data":"增添样本：3397\t\t细则：1116, 0, 2281\t正确率估算：87.24%\n"}
,{"stream_name":"stdout","time":11120.340736641,"data":"类型1 正确率： 100.00% -\u003e 1  100.00%, 2    0.00%, 3    0.00%\n"}
,{"stream_name":"stdout","time":11120.340739985,"data":"类型2 正确率： 100.00% -\u003e 1    0.00%, 2  100.00%, 3    0.00%\n"}
,{"stream_name":"stdout","time":11120.340743181,"data":"类型3 正确率：  43.00% -\u003e 1    0.00%, 2   57.20%, 3   42.80%\n"}
,{"stream_name":"stdout","time":11120.340746924,"data":"\n"}
,{"stream_name":"stdout","time":11120.340750805,"data":"被排除样本 正确率：4.08%\n"}
,{"stream_name":"stdout","time":11120.340754105,"data":"类型1 没有样本或未被分类。\n"}
,{"stream_name":"stdout","time":11120.340757944,"data":"类型2 正确率：   4.00% -\u003e 1   95.92%, 2    4.08%\n"}
,{"stream_name":"stdout","time":11120.340761968,"data":"\n"}
,{"stream_name":"stdout","time":11120.340765376,"data":"\n"}
,{"stream_name":"stdout","time":11133.550932947,"data":"轮次:··1/·20 || c_Loss:0.480 || e_Loss:-0.984 || Aad_Loss:-28.397 || 耗时：34.53s\n"}
,{"stream_name":"stdout","time":11146.782350754,"data":"轮次:··2/·20 || c_Loss:0.411 || e_Loss:-0.835 || Aad_Loss:-31.879 || 耗时：13.23s\n"}
,{"stream_name":"stdout","time":11159.889608938,"data":"轮次:··3/·20 || c_Loss:0.397 || e_Loss:-0.927 || Aad_Loss:-29.819 || 耗时：13.11s\n"}
,{"stream_name":"stdout","time":11172.896050448,"data":"轮次:··4/·20 || c_Loss:0.454 || e_Loss:-1.362 || Aad_Loss:-36.456 || 耗时：13.01s\n"}
,{"stream_name":"stdout","time":11185.933657645,"data":"轮次:··5/·20 || c_Loss:0.402 || e_Loss:-1.261 || Aad_Loss:-37.368 || 耗时：13.04s\n"}
,{"stream_name":"stdout","time":11191.94092161,"data":"任务: (B3)N15_M07_F04→(B2)N15_M07_F10; mix批次:····0; 批次:··470/·1880;  总正确率: 80.38%\n"}
,{"stream_name":"stdout","time":11191.941002257,"data":"类型1 正确率： 100.00% -\u003e 1  100.00%, 2    0.00%, 3    0.00%\n"}
,{"stream_name":"stdout","time":11191.941011642,"data":"类型2 正确率： 100.00% -\u003e 1    0.00%, 2  100.00%, 3    0.00%\n"}
,{"stream_name":"stdout","time":11191.941016374,"data":"类型3 正确率：  41.00% -\u003e 1    0.00%, 2   58.85%, 3   41.15%\n"}
,{"stream_name":"stdout","time":11191.941021403,"data":"\n"}
,{"stream_name":"stdout","time":11191.941026159,"data":"\n"}
,{"stream_name":"stdout","time":11191.972856966,"data":"样本变换：reverse\n"}
,{"stream_name":"stdout","time":11195.226171075,"data":"样本变换：mask\n"}
,{"stream_name":"stdout","time":11198.495183037,"data":"样本变换：shift\n"}
,{"stream_name":"stdout","time":11201.77118051,"data":"样本变换：none\n"}
,{"stream_name":"stderr","time":11207.319279841,"data":"/kaggle/working/k10/S09/sdalr_PU_final_checkpoint/tools.py:413: RuntimeWarning: invalid value encountered in divide\n"}
,{"stream_name":"stderr","time":11207.319344517,"data":"  per_class_acc = conf_matrix.diagonal() / conf_matrix.sum(axis=1) * 100\n"}
,{"stream_name":"stdout","time":11207.319426552,"data":"未过滤\t未用伪标签：80.38% -\u003e 使用伪标签：79.07%\n"}
,{"stream_name":"stdout","time":11207.319451358,"data":"已过滤\t未用伪标签：80.36% -\u003e 使用伪标签：79.44%\n"}
,{"stream_name":"stdout","time":11207.319457454,"data":"排除样本：28|6000\t剩余：2000, 3228, 744\n"}
,{"stream_name":"stdout","time":11207.319462436,"data":"增添样本：3712\t\t细则：1228, 0, 2484\t正确率估算：100.00%\n"}
,{"stream_name":"stdout","time":11207.319482684,"data":"类型1 正确率： 100.00% -\u003e 1  100.00%, 2    0.00%, 3    0.00%\n"}
,{"stream_name":"stdout","time":11207.319486828,"data":"类型2 正确率： 100.00% -\u003e 1    0.00%, 2  100.00%, 3    0.00%\n"}
,{"stream_name":"stdout","time":11207.319490313,"data":"类型3 正确率：  38.00% -\u003e 1    0.00%, 2   62.27%, 3   37.73%\n"}
,{"stream_name":"stdout","time":11207.319493932,"data":"\n"}
,{"stream_name":"stdout","time":11207.319498328,"data":"被排除样本 正确率：85.71%\n"}
,{"stream_name":"stdout","time":11207.319502372,"data":"类型1 没有样本或未被分类。\n"}
,{"stream_name":"stdout","time":11207.319506655,"data":"类型2 正确率：  86.00% -\u003e 1   14.29%, 2   85.71%\n"}
,{"stream_name":"stdout","time":11207.319510512,"data":"\n"}
,{"stream_name":"stdout","time":11207.319514102,"data":"\n"}
,{"stream_name":"stdout","time":11220.290417234,"data":"轮次:··6/·20 || c_Loss:0.366 || e_Loss:-0.882 || Aad_Loss:-35.867 || 耗时：34.36s\n"}
,{"stream_name":"stdout","time":11233.399043399,"data":"轮次:··7/·20 || c_Loss:0.393 || e_Loss:-0.846 || Aad_Loss:-37.874 || 耗时：13.11s\n"}
,{"stream_name":"stdout","time":11246.588143146,"data":"轮次:··8/·20 || c_Loss:0.382 || e_Loss:-1.699 || Aad_Loss:-32.970 || 耗时：13.19s\n"}
,{"stream_name":"stdout","time":11259.738572174,"data":"轮次:··9/·20 || c_Loss:0.371 || e_Loss:-0.889 || Aad_Loss:-34.958 || 耗时：13.15s\n"}
,{"stream_name":"stdout","time":11272.910808888,"data":"轮次:·10/·20 || c_Loss:0.363 || e_Loss:-1.581 || Aad_Loss:-35.176 || 耗时：13.17s\n"}
,{"stream_name":"stdout","time":11278.942202667,"data":"任务: (B3)N15_M07_F04→(B2)N15_M07_F10; mix批次:····0; 批次:··940/·1880;  总正确率: 78.50%\n"}
,{"stream_name":"stdout","time":11278.942248961,"data":"类型1 正确率： 100.00% -\u003e 1  100.00%, 2    0.00%, 3    0.00%\n"}
,{"stream_name":"stdout","time":11278.942254589,"data":"类型2 正确率： 100.00% -\u003e 1    0.00%, 2  100.00%, 3    0.00%\n"}
,{"stream_name":"stdout","time":11278.942257993,"data":"类型3 正确率：  36.00% -\u003e 1    0.00%, 2   64.50%, 3   35.50%\n"}
,{"stream_name":"stdout","time":11278.942261204,"data":"\n"}
,{"stream_name":"stdout","time":11278.942264415,"data":"\n"}
,{"stream_name":"stdout","time":11278.989044053,"data":"样本变换：reverse\n"}
,{"stream_name":"stdout","time":11282.288149764,"data":"样本变换：mask\n"}
,{"stream_name":"stdout","time":11285.615226116,"data":"样本变换：shift\n"}
,{"stream_name":"stdout","time":11288.920151109,"data":"样本变换：none\n"}
,{"stream_name":"stderr","time":11294.55255922,"data":"/usr/local/lib/python3.12/dist-packages/sklearn/metrics/_classification.py:407: UserWarning: A single label was found in 'y_true' and 'y_pred'. For the confusion matrix to have the correct shape, use the 'labels' parameter to pass all known labels.\n"}
,{"stream_name":"stderr","time":11294.552612235,"data":"  warnings.warn(\n"}
,{"stream_name":"stdout","time":11294.552597982,"data":"未过滤\t未用伪标签：78.50% -\u003e 使用伪标签：77.78%\n"}
,{"stream_name":"stdout","time":11294.552627287,"data":"已过滤\t未用伪标签：78.48% -\u003e 使用伪标签：77.86%\n"}
,{"stream_name":"stdout","time":11294.552633296,"data":"排除样本：6|6000\t剩余：2000, 3327, 667\n"}
,{"stream_name":"stdout","time":11294.552639072,"data":"增添样本：3987\t\t细则：1327, 0, 2660\t正确率估算：100.00%\n"}
,{"stream_name":"stdout","time":11294.552656725,"data":"类型1 正确率： 100.00% -\u003e 1  100.00%, 2    0.00%, 3    0.00%\n"}
,{"stream_name":"stdout","time":11294.552696217,"data":"类型2 正确率： 100.00% -\u003e 1    0.00%, 2  100.00%, 3    0.00%\n"}
,{"stream_name":"stdout","time":11294.552701411,"data":"类型3 正确率：  33.00% -\u003e 1    0.00%, 2   66.55%, 3   33.45%\n"}
,{"stream_name":"stdout","time":11294.552705734,"data":"\n"}
,{"stream_name":"stdout","time":11294.55270985,"data":"被排除样本 正确率：100.00%\n"}
,{"stream_name":"stdout","time":11294.552713849,"data":"类型1 正确率： 100.00% -\u003e 1  100.00%\n"}
,{"stream_name":"stdout","time":11294.552717517,"data":"\n"}
,{"stream_name":"stdout","time":11294.552722157,"data":"\n"}
,{"stream_name":"stdout","time":11307.552130472,"data":"轮次:·11/·20 || c_Loss:0.378 || e_Loss:-0.899 || Aad_Loss:-36.861 || 耗时：34.64s\n"}
,{"stream_name":"stdout","time":11320.633491666,"data":"轮次:·12/·20 || c_Loss:0.377 || e_Loss:-0.965 || Aad_Loss:-32.197 || 耗时：13.08s\n"}
,{"stream_name":"stdout","time":11333.740854768,"data":"轮次:·13/·20 || c_Loss:0.374 || e_Loss:-0.947 || Aad_Loss:-35.366 || 耗时：13.11s\n"}
,{"stream_name":"stdout","time":11346.850460466,"data":"轮次:·14/·20 || c_Loss:0.375 || e_Loss:-0.876 || Aad_Loss:-37.717 || 耗时：13.11s\n"}
,{"stream_name":"stdout","time":11360.026892938,"data":"轮次:·15/·20 || c_Loss:0.371 || e_Loss:-0.940 || Aad_Loss:-34.995 || 耗时：13.18s\n"}
,{"stream_name":"stdout","time":11366.074063886,"data":"任务: (B3)N15_M07_F04→(B2)N15_M07_F10; mix批次:····0; 批次:·1410/·1880;  总正确率: 77.77%\n"}
,{"stream_name":"stdout","time":11366.074133309,"data":"类型1 正确率： 100.00% -\u003e 1  100.00%, 2    0.00%, 3    0.00%\n"}
,{"stream_name":"stdout","time":11366.074142068,"data":"类型2 正确率： 100.00% -\u003e 1    0.00%, 2  100.00%, 3    0.00%\n"}
,{"stream_name":"stdout","time":11366.07414763,"data":"类型3 正确率：  33.00% -\u003e 1    0.00%, 2   66.70%, 3   33.30%\n"}
,{"stream_name":"stdout","time":11366.074152901,"data":"\n"}
,{"stream_name":"stdout","time":11366.074157918,"data":"\n"}
,{"stream_name":"stdout","time":11366.116276403,"data":"样本变换：reverse\n"}
,{"stream_name":"stdout","time":11369.383181882,"data":"样本变换：mask\n"}
,{"stream_name":"stdout","time":11372.694703582,"data":"样本变换：shift\n"}
,{"stream_name":"stdout","time":11375.97011612,"data":"样本变换：none\n"}
,{"stream_name":"stderr","time":11381.541092962,"data":"/kaggle/working/k10/S09/sdalr_PU_final_checkpoint/tools.py:413: RuntimeWarning: invalid value encountered in divide\n"}
,{"stream_name":"stderr","time":11381.541137925,"data":"  per_class_acc = conf_matrix.diagonal() / conf_matrix.sum(axis=1) * 100\n"}
,{"stream_name":"stdout","time":11381.541213184,"data":"未过滤\t未用伪标签：77.77% -\u003e 使用伪标签：77.67%\n"}
,{"stream_name":"stdout","time":11381.541285602,"data":"已过滤\t未用伪标签：77.78% -\u003e 使用伪标签：77.68%\n"}
,{"stream_name":"stdout","time":11381.54129274,"data":"排除样本：1|6000\t剩余：2000, 3339, 660\n"}
,{"stream_name":"stdout","time":11381.541297704,"data":"增添样本：4018\t\t细则：1339, 0, 2679\t正确率估算：100.00%\n"}
,{"stream_name":"stdout","time":11381.541307854,"data":"类型1 正确率： 100.00% -\u003e 1  100.00%, 2    0.00%, 3    0.00%\n"}
,{"stream_name":"stdout","time":11381.54131169,"data":"类型2 正确率： 100.00% -\u003e 1    0.00%, 2  100.00%, 3    0.00%\n"}
,{"stream_name":"stdout","time":11381.54131493,"data":"类型3 正确率：  33.00% -\u003e 1    0.00%, 2   66.98%, 3   33.02%\n"}
,{"stream_name":"stdout","time":11381.541341859,"data":"\n"}
,{"stream_name":"stdout","time":11381.541347568,"data":"被排除样本 正确率：0.00%\n"}
,{"stream_name":"stdout","time":11381.541370618,"data":"类型1 没有样本或未被分类。\n"}
,{"stream_name":"stdout","time":11381.541374514,"data":"类型2 正确率：   0.00% -\u003e 1  100.00%, 2    0.00%\n"}
,{"stream_name":"stdout","time":11381.54137816,"data":"\n"}
,{"stream_name":"stdout","time":11381.541381552,"data":"\n"}
,{"stream_name":"stdout","time":11394.527184526,"data":"轮次:·16/·20 || c_Loss:0.379 || e_Loss:-0.947 || Aad_Loss:-32.706 || 耗时：34.50s\n"}
,{"stream_name":"stdout","time":11407.653491235,"data":"轮次:·17/·20 || c_Loss:0.385 || e_Loss:-0.851 || Aad_Loss:-38.338 || 耗时：13.13s\n"}
,{"stream_name":"stdout","time":11420.833801138,"data":"轮次:·18/·20 || c_Loss:0.378 || e_Loss:-0.942 || Aad_Loss:-34.643 || 耗时：13.18s\n"}
,{"stream_name":"stdout","time":11434.03057386,"data":"轮次:·19/·20 || c_Loss:0.378 || e_Loss:-0.944 || Aad_Loss:-33.827 || 耗时：13.20s\n"}
,{"stream_name":"stdout","time":11447.2362055,"data":"轮次:·20/·20 || c_Loss:0.377 || e_Loss:-0.920 || Aad_Loss:-37.238 || 耗时：13.21s\n"}
,{"stream_name":"stdout","time":11453.317780741,"data":"任务: (B3)N15_M07_F04→(B2)N15_M07_F10; mix批次:····0; 批次:·1880/·1880;  总正确率: 77.68%\n"}
,{"stream_name":"stdout","time":11453.317826225,"data":"类型1 正确率： 100.00% -\u003e 1  100.00%, 2    0.00%, 3    0.00%\n"}
,{"stream_name":"stdout","time":11453.317833605,"data":"类型2 正确率： 100.00% -\u003e 1    0.00%, 2  100.00%, 3    0.00%\n"}
,{"stream_name":"stdout","time":11453.317838991,"data":"类型3 正确率：  33.00% -\u003e 1    0.00%, 2   66.95%, 3   33.05%\n"}
,{"stream_name":"stdout","time":11453.317844063,"data":"\n"}
,{"stream_name":"stdout","time":11453.317849223,"data":"\n"}
,{"stream_name":"stdout","time":11459.381250359,"data":"测试集任务: (B3)N15_M07_F04→(B2)N15_M07_F10; 总正确率 = 77.68%\n"}
,{"stream_name":"stdout","time":11459.381296809,"data":"类型1 正确率： 100.00% -\u003e 1  100.00%, 2    0.00%, 3    0.00%\n"}
,{"stream_name":"stdout","time":11459.38132198,"data":"类型2 正确率： 100.00% -\u003e 1    0.00%, 2  100.00%, 3    0.00%\n"}
,{"stream_name":"stdout","time":11459.382171499,"data":"类型3 正确率：  33.00% -\u003e 1    0.00%, 2   66.95%, 3   33.05%\n"}
,{"stream_name":"stdout","time":11459.382187013,"data":"\n"}
,{"stream_name":"stdout","time":11459.382192468,"data":"\n"}
,{"stream_name":"stdout","time":11459.410859427,"data":"[tar_adaptation_RES_PU.py --folder_root /kaggle/working/k10/S09/sdalr_PU_final_checkpoint/DATA_foldS09 --seed 2024 --class_num 3 --data_name PU_M1_L3 --output /kaggle/working/k10/S09/weight_PU_M1_final_checkpoint_FS09toS09_s2024 --s 2 --t 1 --lr 0.0005 --threshold 0.4 --K 0.6] 366s\n"}
,{"stream_name":"stdout","time":11459.430046299,"data":"{\n"}
,{"stream_name":"stdout","time":11459.430097404,"data":"  \"dataset\": \"PU_M1\",\n"}
,{"stream_name":"stdout","time":11459.430106083,"data":"  \"variant\": \"final_checkpoint\",\n"}
,{"stream_name":"stdout","time":11459.430111608,"data":"  \"seed\": 2024,\n"}
,{"stream_name":"stdout","time":11459.430116079,"data":"  \"smoke\": false,\n"}
,{"stream_name":"stdout","time":11459.43012013,"data":"  \"src_fold\": \"S09\",\n"}
,{"stream_name":"stdout","time":11459.430124383,"data":"  \"tgt_fold\": \"S09\",\n"}
,{"stream_name":"stdout","time":11459.430128555,"data":"  \"leaky\": true,\n"}
,{"stream_name":"stdout","time":11459.430132812,"data":"  \"hyperparameters\": {\n"}
,{"stream_name":"stdout","time":11459.430137808,"data":"    \"lr\": \"0.0005\",\n"}
,{"stream_name":"stdout","time":11459.430141936,"data":"    \"threshold\": \"0.4\",\n"}
,{"stream_name":"stdout","time":11459.430146405,"data":"    \"K\": \"0.6\"\n"}
,{"stream_name":"stdout","time":11459.430162784,"data":"  },\n"}
,{"stream_name":"stdout","time":11459.430166817,"data":"  \"adapters\": [\n"}
,{"stream_name":"stdout","time":11459.430169984,"data":"    \"npz_io\",\n"}
,{"stream_name":"stdout","time":11459.430173545,"data":"    \"tsne_stub\",\n"}
,{"stream_name":"stdout","time":11459.430177251,"data":"    \"final_checkpoint_patch\"\n"}
,{"stream_name":"stdout","time":11459.430180675,"data":"  ],\n"}
,{"stream_name":"stdout","time":11459.430183936,"data":"  \"source_only\": {\n"}
,{"stream_name":"stdout","time":11459.430187511,"data":"    \"A1-\u003eA3\": 98.38,\n"}
,{"stream_name":"stdout","time":11459.43019192,"data":"    \"A1-\u003eA2\": 85.85,\n"}
,{"stream_name":"stdout","time":11459.43019554,"data":"    \"A3-\u003eA1\": 99.92,\n"}
,{"stream_name":"stdout","time":11459.43019908,"data":"    \"A3-\u003eA2\": 86.69,\n"}
,{"stream_name":"stdout","time":11459.430202709,"data":"    \"A2-\u003eA1\": 77.08,\n"}
,{"stream_name":"stdout","time":11459.430206258,"data":"    \"A2-\u003eA3\": 77.56\n"}
,{"stream_name":"stdout","time":11459.430210012,"data":"  },\n"}
,{"stream_name":"stdout","time":11459.43021359,"data":"  \"adapted\": {\n"}
,{"stream_name":"stdout","time":11459.430217079,"data":"    \"A1-\u003eA3\": 99.93,\n"}
,{"stream_name":"stdout","time":11459.430220453,"data":"    \"A1-\u003eA2\": 85.23,\n"}
,{"stream_name":"stdout","time":11459.430224059,"data":"    \"A3-\u003eA1\": 99.98,\n"}
,{"stream_name":"stdout","time":11459.430227591,"data":"    \"A3-\u003eA2\": 85.27,\n"}
,{"stream_name":"stdout","time":11459.430231134,"data":"    \"A2-\u003eA1\": 89.0,\n"}
,{"stream_name":"stdout","time":11459.430234584,"data":"    \"A2-\u003eA3\": 77.68\n"}
,{"stream_name":"stdout","time":11459.430238229,"data":"  },\n"}
,{"stream_name":"stdout","time":11459.430241293,"data":"  \"seconds\": {\n"}
,{"stream_name":"stdout","time":11459.430244801,"data":"    \"pretrain\": 292,\n"}
,{"stream_name":"stdout","time":11459.430248357,"data":"    \"A1-\u003eA3\": 363,\n"}
,{"stream_name":"stdout","time":11459.430252291,"data":"    \"A1-\u003eA2\": 363,\n"}
,{"stream_name":"stdout","time":11459.430256153,"data":"    \"A3-\u003eA1\": 364,\n"}
,{"stream_name":"stdout","time":11459.430259631,"data":"    \"A3-\u003eA2\": 366,\n"}
,{"stream_name":"stdout","time":11459.430263231,"data":"    \"A2-\u003eA1\": 366,\n"}
,{"stream_name":"stdout","time":11459.430266767,"data":"    \"A2-\u003eA3\": 366\n"}
,{"stream_name":"stdout","time":11459.430270315,"data":"  },\n"}
,{"stream_name":"stdout","time":11459.430273706,"data":"  \"gate_log\": {\n"}
,{"stream_name":"stdout","time":11459.430277195,"data":"    \"A1-\u003eA3\": [],\n"}
,{"stream_name":"stdout","time":11459.430281101,"data":"    \"A1-\u003eA2\": [],\n"}
,{"stream_name":"stdout","time":11459.430284531,"data":"    \"A3-\u003eA1\": [],\n"}
,{"stream_name":"stdout","time":11459.430288104,"data":"    \"A3-\u003eA2\": [],\n"}
,{"stream_name":"stdout","time":11459.430291699,"data":"    \"A2-\u003eA1\": [],\n"}
,{"stream_name":"stdout","time":11459.430295251,"data":"    \"A2-\u003eA3\": []\n"}
,{"stream_name":"stdout","time":11459.430298797,"data":"  },\n"}
,{"stream_name":"stdout","time":11459.430302173,"data":"  \"gate\": \"none\"\n"}
,{"stream_name":"stdout","time":11459.430305806,"data":"}\n"}
,{"stream_name":"stdout","time":11460.814581846,"data":"RUN /usr/bin/python3 -u /kaggle/input/datasets/rafiurrahman01/physgate-m0-code/sdalr_runner.py --sdalr /kaggle/input/datasets/rafiurrahman01/physgate-m0-code --m0 /kaggle/input/physgate-k10-g4 --dataset PU_M1 --src-fold S09 --tgt-fold S09c --variant final_checkpoint --work /kaggle/working/k10/S09 --seed 2024 --gate none --gate-verdicts /kaggle/input/datasets/rafiurrahman01/physgate-m0-code/gate_verdicts.json --skip-pretrain\n"}
,{"stream_name":"stdout","time":11468.755907943,"data":"读取源域路径：/kaggle/working/k10/S09/weight_PU_M1_final_checkpoint_FS09toS09c_s2024/NEW_PU/Source-源域/log\u0026pt/(B1)N15_M01_F10\n"}
,{"stream_name":"stdout","time":11468.755966942,"data":"excel输出位置：/kaggle/working/k10/S09/weight_PU_M1_final_checkpoint_FS09toS09c_s2024/NEW_PU/Target-目标域\n"}
,{"stream_name":"stdout","time":11468.756520356,"data":"特征图片输出位置：/kaggle/working/k10/S09/weight_PU_M1_final_checkpoint_FS09toS09c_s2024/NEW_PU/Picture-特征图/2026年09月19日11时25分/(B1)N15_M01_F10\n"}
,{"stream_name":"stderr","time":11469.105954945,"data":"/usr/local/lib/python3.12/dist-packages/torch/nn/utils/weight_norm.py:144: FutureWarning: `torch.nn.utils.weight_norm` is deprecated in favor of `torch.nn.utils.parametrizations.weight_norm`.\n"}
,{"stream_name":"stderr","time":11469.105999842,"data":"  WeightNorm.apply(module, name, dim)\n"}
,{"stream_name":"stdout","time":11469.152059812,"data":"现在选取:(B1)N15_M01_F10 进行训练的源模型\n"}
,{"stream_name":"stdout","time":11469.152116269,"data":"现在进行：(B1)N15_M01_F10→(B2)N15_M07_F10 的迁移任务\n"}
,{"stream_name":"stdout","time":11469.152123679,"data":"log\u0026pt输出位置：/kaggle/working/k10/S09/weight_PU_M1_final_checkpoint_FS09toS09c_s2024/NEW_PU/Target-目标域/log\u0026pt/(B1)N15_M01_F10→(B2)N15_M07_F10\n"}
,{"stream_name":"stderr","time":11469.153611751,"data":"sh: 1: Syntax error: word unexpected (expecting \")\")\n"}
,{"stream_name":"stdout","time":11480.460585795,"data":"任务: (B1)N15_M01_F10→(B2)N15_M07_F10; 批次:····0/·1880;  总正确率: 64.48%\n"}
,{"stream_name":"stdout","time":11480.460630581,"data":"类型1 正确率： 100.00% -\u003e 1   99.85%, 2    0.15%, 3    0.00%\n"}
,{"stream_name":"stdout","time":11480.460636135,"data":"类型2 正确率：  90.00% -\u003e 1    0.05%, 2   90.50%, 3    9.45%\n"}
,{"stream_name":"stdout","time":11480.460639377,"data":"类型3 正确率：   3.00% -\u003e 1    0.00%, 2   96.90%, 3    3.10%\n"}
,{"stream_name":"stdout","time":11480.460642955,"data":"\n"}
,{"stream_name":"stdout","time":11480.460646257,"data":"\n"}
,{"stream_name":"stdout","time":11480.461508612,"data":"样本变换：reverse\n"}
,{"stream_name":"stdout","time":11483.804223069,"data":"样本变换：mask\n"}
,{"stream_name":"stdout","time":11487.116152544,"data":"样本变换：shift\n"}
,{"stream_name":"stdout","time":11490.43003343,"data":"样本变换：none\n"}
,{"stream_name":"stdout","time":11495.348925526,"data":"未过滤\t未用伪标签：64.48% -\u003e 使用伪标签：62.53%\n"}
,{"stream_name":"stdout","time":11495.348975553,"data":"已过滤\t未用伪标签：64.31% -\u003e 使用伪标签：62.98%\n"}
,{"stream_name":"stdout","time":11495.348980583,"data":"排除样本：43|6000\t剩余：1995, 1817, 2145\n"}
,{"stream_name":"stdout","time":11495.348984547,"data":"增添样本：478\t\t细则：150, 328, 0\t正确率估算：100.00%\n"}
,{"stream_name":"stdout","time":11495.349001532,"data":"类型1 正确率： 100.00% -\u003e 1   99.85%, 2    0.15%, 3    0.00%\n"}
,{"stream_name":"stdout","time":11495.349007811,"data":"类型2 正确率：  40.00% -\u003e 1    0.00%, 2   40.12%, 3   59.88%\n"}
,{"stream_name":"stdout","time":11495.349013312,"data":"类型3 正确率：  49.00% -\u003e 1    0.00%, 2   51.43%, 3   48.57%\n"}
,{"stream_name":"stdout","time":11495.349018625,"data":"\n"}
,{"stream_name":"stdout","time":11495.349022952,"data":"被排除样本 正确率：88.37%\n"}
,{"stream_name":"stdout","time":11495.349027378,"data":"类型1 正确率： 100.00% -\u003e 1  100.00%, 2    0.00%, 3    0.00%\n"}
,{"stream_name":"stdout","time":11495.349050252,"data":"类型2 正确率： 100.00% -\u003e 1    0.00%, 2  100.00%, 3    0.00%\n"}
,{"stream_name":"stdout","time":11495.34905314,"data":"类型3 正确率：   0.00% -\u003e 1    0.00%, 2  100.00%, 3    0.00%\n"}
,{"stream_name":"stdout","time":11495.349055555,"data":"\n"}
,{"stream_name":"stdout","time":11495.349057717,"data":"\n"}
,{"stream_name":"stdout","time":11508.845973146,"data":"轮次:··1/·20 || c_Loss:0.565 || e_Loss:-1.017 || Aad_Loss:-27.685 || 耗时：34.59s\n"}
,{"stream_name":"stdout","time":11522.188410107,"data":"轮次:··2/·20 || c_Loss:0.455 || e_Loss:-0.984 || Aad_Loss:-28.842 || 耗时：13.34s\n"}
,{"stream_name":"stdout","time":11535.430425625,"data":"轮次:··3/·20 || c_Loss:0.405 || e_Loss:-0.886 || Aad_Loss:-30.065 || 耗时：13.24s\n"}
,{"stream_name":"stdout","time":11548.428633897,"data":"轮次:··4/·20 || c_Loss:0.399 || e_Loss:-1.681 || Aad_Loss:-27.584 || 耗时：13.00s\n"}
,{"stream_name":"stdout","time":11561.277366556,"data":"轮次:··5/·20 || c_Loss:0.384 || e_Loss:-0.957 || Aad_Loss:-28.804 || 耗时：12.85s\n"}
,{"stream_name":"stdout","time":11567.285916262,"data":"任务: (B1)N15_M01_F10→(B2)N15_M07_F10; mix批次:····0; 批次:··470/·1880;  总正确率: 62.15%\n"}
,{"stream_name":"stdout","time":11567.285966527,"data":"类型1 正确率： 100.00% -\u003e 1  100.00%, 2    0.00%, 3    0.00%\n"}
,{"stream_name":"stdout","time":11567.285979911,"data":"类型2 正确率：  36.00% -\u003e 1    0.00%, 2   36.45%, 3   63.55%\n"}
,{"stream_name":"stdout","time":11567.28598572,"data":"类型3 正确率：  50.00% -\u003e 1    0.00%, 2   50.00%, 3   50.00%\n"}
,{"stream_name":"stdout","time":11567.285990824,"data":"\n"}
,{"stream_name":"stdout","time":11567.285995587,"data":"\n"}
,{"stream_name":"stdout","time":11567.32666351,"data":"样本变换：reverse\n"}
,{"stream_name":"stdout","time":11570.592152144,"data":"样本变换：mask\n"}
,{"stream_name":"stdout","time":11573.928035444,"data":"样本变换：shift\n"}
,{"stream_name":"stdout","time":11577.237139439,"data":"样本变换：none\n"}
,{"stream_name":"stderr","time":11582.399150372,"data":"/usr/local/lib/python3.12/dist-packages/numpy/_core/fromnumeric.py:3596: RuntimeWarning: Mean of empty slice.\n"}
,{"stream_name":"stderr","time":11582.399225166,"data":"  return _methods._mean(a, axis=axis, dtype=dtype,\n"}
,{"stream_name":"stderr","time":11582.399237141,"data":"/usr/local/lib/python3.12/dist-packages/numpy/_core/_methods.py:138: RuntimeWarning: invalid value encountered in scalar divide\n"}
,{"stream_name":"stderr","time":11582.399242687,"data":"  ret = ret.dtype.type(ret / rcount)\n"}
,{"stream_name":"stderr","time":11582.400688051,"data":"/kaggle/working/k10/S09/sdalr_PU_final_checkpoint/tools.py:414: RuntimeWarning: Mean of empty slice.\n"}
,{"stream_name":"stderr","time":11582.400713408,"data":"  overall_acc = round(per_class_acc.mean(), 2)\n"}
,{"stream_name":"stderr","time":11582.400719714,"data":"/usr/local/lib/python3.12/dist-packages/numpy/_core/_methods.py:138: RuntimeWarning: invalid value encountered in scalar divide\n"}
,{"stream_name":"stderr","time":11582.400725708,"data":"  ret = ret.dtype.type(ret / rcount)\n"}
,{"stream_name":"stdout","time":11582.400957067,"data":"未过滤\t未用伪标签：62.15% -\u003e 使用伪标签：61.38%\n"}
,{"stream_name":"stdout","time":11582.40096947,"data":"已过滤\t未用伪标签：62.15% -\u003e 使用伪标签：61.38%\n"}
,{"stream_name":"stdout","time":11582.400974287,"data":"排除样本：2000|6000\t剩余：1683, 2317\n"}
,{"stream_name":"stdout","time":11582.400978903,"data":"增添样本：951\t\t细则：317, 634, 0\t正确率估算：100.00%\n"}
,{"stream_name":"stdout","time":11582.401000576,"data":"类型1 正确率： 100.00% -\u003e 1  100.00%, 2    0.00%, 3    0.00%\n"}
,{"stream_name":"stdout","time":11582.40100548,"data":"类型2 正确率：  34.00% -\u003e 1    0.00%, 2   34.15%, 3   65.85%\n"}
,{"stream_name":"stdout","time":11582.401009087,"data":"类型3 正确率：  50.00% -\u003e 1    0.00%, 2   50.00%, 3   50.00%\n"}
,{"stream_name":"stdout","time":11582.40101254,"data":"\n"}
,{"stream_name":"stdout","time":11582.40101638,"data":"被排除样本 正确率：nan%\n"}
,{"stream_name":"stdout","time":11582.401020279,"data":"\n"}
,{"stream_name":"stdout","time":11582.401024077,"data":"\n"}
,{"stream_name":"stdout","time":11595.487388744,"data":"轮次:··6/·20 || c_Loss:0.375 || e_Loss:-1.002 || Aad_Loss:-31.204 || 耗时：34.21s\n"}
,{"stream_name":"stdout","time":11608.765852805,"data":"轮次:··7/·20 || c_Loss:0.376 || e_Loss:-1.016 || Aad_Loss:-31.109 || 耗时：13.28s\n"}
,{"stream_name":"stdout","time":11622.014274936,"data":"轮次:··8/·20 || c_Loss:0.376 || e_Loss:-0.986 || Aad_Loss:-31.408 || 耗时：13.25s\n"}
,{"stream_name":"stdout","time":11635.081267484,"data":"轮次:··9/·20 || c_Loss:0.374 || e_Loss:-1.022 || Aad_Loss:-31.608 || 耗时：13.07s\n"}
,{"stream_name":"stdout","time":11648.136530442,"data":"轮次:·10/·20 || c_Loss:0.379 || e_Loss:-0.976 || Aad_Loss:-31.796 || 耗时：13.06s\n"}
,{"stream_name":"stdout","time":11654.164659306,"data":"任务: (B1)N15_M01_F10→(B2)N15_M07_F10; mix批次:····0; 批次:··940/·1880;  总正确率: 61.33%\n"}
,{"stream_name":"stdout","time":11654.164744137,"data":"类型1 正确率： 100.00% -\u003e 1  100.00%, 2    0.00%, 3    0.00%\n"}
,{"stream_name":"stdout","time":11654.165528381,"data":"类型2 正确率：  34.00% -\u003e 1    0.00%, 2   34.00%, 3   66.00%\n"}
,{"stream_name":"stdout","time":11654.165549149,"data":"类型3 正确率：  50.00% -\u003e 1    0.00%, 2   50.00%, 3   50.00%\n"}
,{"stream_name":"stdout","time":11654.16555629,"data":"\n"}
,{"stream_name":"stdout","time":11654.165562165,"data":"\n"}
,{"stream_name":"stdout","time":11654.213498026,"data":"样本变换：reverse\n"}
,{"stream_name":"stdout","time":11657.499173133,"data":"样本变换：mask\n"}
,{"stream_name":"stdout","time":11660.809150002,"data":"样本变换：shift\n"}
,{"stream_name":"stdout","time":11664.138196264,"data":"样本变换：none\n"}
,{"stream_name":"stderr","time":11669.150046747,"data":"/usr/local/lib/python3.12/dist-packages/numpy/_core/fromnumeric.py:3596: RuntimeWarning: Mean of empty slice.\n"}
,{"stream_name":"stderr","time":11669.150128436,"data":"  return _methods._mean(a, axis=axis, dtype=dtype,\n"}
,{"stream_name":"stderr","time":11669.150136474,"data":"/usr/local/lib/python3.12/dist-packages/numpy/_core/_methods.py:138: RuntimeWarning: invalid value encountered in scalar divide\n"}
,{"stream_name":"stderr","time":11669.150146458,"data":"  ret = ret.dtype.type(ret / rcount)\n"}
,{"stream_name":"stderr","time":11669.150938734,"data":"/kaggle/working/k10/S09/sdalr_PU_final_checkpoint/tools.py:414: RuntimeWarning: Mean of empty slice.\n"}
,{"stream_name":"stderr","time":11669.150956763,"data":"  overall_acc = round(per_class_acc.mean(), 2)\n"}
,{"stream_name":"stderr","time":11669.150961013,"data":"/usr/local/lib/python3.12/dist-packages/numpy/_core/_methods.py:138: RuntimeWarning: invalid value encountered in scalar divide\n"}
,{"stream_name":"stderr","time":11669.150964406,"data":"  ret = ret.dtype.type(ret / rcount)\n"}
,{"stream_name":"stdout","time":11669.151164705,"data":"未过滤\t未用伪标签：61.33% -\u003e 使用伪标签：61.33%\n"}
,{"stream_name":"stdout","time":11669.151196663,"data":"已过滤\t未用伪标签：61.33% -\u003e 使用伪标签：61.33%\n"}
,{"stream_name":"stdout","time":11669.151200878,"data":"排除样本：2000|6000\t剩余：1680, 2320\n"}
,{"stream_name":"stdout","time":11669.151218679,"data":"增添样本：960\t\t细则：320, 640, 0\t正确率估算：100.00%\n"}
,{"stream_name":"stdout","time":11669.151223193,"data":"类型1 正确率： 100.00% -\u003e 1  100.00%, 2    0.00%, 3    0.00%\n"}
,{"stream_name":"stdout","time":11669.15122737,"data":"类型2 正确率：  34.00% -\u003e 1    0.00%, 2   34.00%, 3   66.00%\n"}
,{"stream_name":"stdout","time":11669.151231499,"data":"类型3 正确率：  50.00% -\u003e 1    0.00%, 2   50.00%, 3   50.00%\n"}
,{"stream_name":"stdout","time":11669.151235676,"data":"\n"}
,{"stream_name":"stdout","time":11669.151239024,"data":"被排除样本 正确率：nan%\n"}
,{"stream_name":"stdout","time":11669.151242463,"data":"\n"}
,{"stream_name":"stdout","time":11669.151245718,"data":"\n"}
,{"stream_name":"stdout","time":11682.114878811,"data":"轮次:·11/·20 || c_Loss:0.372 || e_Loss:-1.020 || Aad_Loss:-31.106 || 耗时：33.98s\n"}
,{"stream_name":"stdout","time":11695.344456361,"data":"轮次:·12/·20 || c_Loss:0.375 || e_Loss:-1.024 || Aad_Loss:-31.530 || 耗时：13.23s\n"}
,{"stream_name":"stdout","time":11708.636768058,"data":"轮次:·13/·20 || c_Loss:0.375 || e_Loss:-1.020 || Aad_Loss:-31.330 || 耗时：13.29s\n"}
,{"stream_name":"stdout","time":11721.908024306,"data":"轮次:·14/·20 || c_Loss:0.374 || e_Loss:-0.972 || Aad_Loss:-32.645 || 耗时：13.27s\n"}
,{"stream_name":"stdout","time":11735.089942099,"data":"轮次:·15/·20 || c_Loss:0.372 || e_Loss:-1.019 || Aad_Loss:-31.717 || 耗时：13.18s\n"}
,{"stream_name":"stdout","time":11741.176351191,"data":"任务: (B1)N15_M01_F10→(B2)N15_M07_F10; mix批次:····0; 批次:·1410/·1880;  总正确率: 61.33%\n"}
,{"stream_name":"stdout","time":11741.176400238,"data":"类型1 正确率： 100.00% -\u003e 1  100.00%, 2    0.00%, 3    0.00%\n"}
,{"stream_name":"stdout","time":11741.176408126,"data":"类型2 正确率：  34.00% -\u003e 1    0.00%, 2   34.00%, 3   66.00%\n"}
,{"stream_name":"stdout","time":11741.176413918,"data":"类型3 正确率：  50.00% -\u003e 1    0.00%, 2   50.00%, 3   50.00%\n"}
,{"stream_name":"stdout","time":11741.176419764,"data":"\n"}
,{"stream_name":"stdout","time":11741.176425015,"data":"\n"}
,{"stream_name":"stdout","time":11741.221261272,"data":"样本变换：reverse\n"}
,{"stream_name":"stdout","time":11744.524164627,"data":"样本变换：mask\n"}
,{"stream_name":"stdout","time":11747.87123696,"data":"样本变换：shift\n"}
,{"stream_name":"stdout","time":11751.190151559,"data":"样本变换：none\n"}
,{"stream_name":"stderr","time":11756.286988043,"data":"/usr/local/lib/python3.12/dist-packages/numpy/_core/fromnumeric.py:3596: RuntimeWarning: Mean of empty slice.\n"}
,{"stream_name":"stderr","time":11756.287030668,"data":"  return _methods._mean(a, axis=axis, dtype=dtype,\n"}
,{"stream_name":"stderr","time":11756.287050839,"data":"/usr/local/lib/python3.12/dist-packages/numpy/_core/_methods.py:138: RuntimeWarning: invalid value encountered in scalar divide\n"}
,{"stream_name":"stderr","time":11756.287056794,"data":"  ret = ret.dtype.type(ret / rcount)\n"}
,{"stream_name":"stderr","time":11756.287802175,"data":"/kaggle/working/k10/S09/sdalr_PU_final_checkpoint/tools.py:414: RuntimeWarning: Mean of empty slice.\n"}
,{"stream_name":"stderr","time":11756.287819938,"data":"  overall_acc = round(per_class_acc.mean(), 2)\n"}
,{"stream_name":"stderr","time":11756.287823334,"data":"/usr/local/lib/python3.12/dist-packages/numpy/_core/_methods.py:138: RuntimeWarning: invalid value encountered in scalar divide\n"}
,{"stream_name":"stderr","time":11756.287841003,"data":"  ret = ret.dtype.type(ret / rcount)\n"}
,{"stream_name":"stdout","time":11756.288019359,"data":"未过滤\t未用伪标签：61.33% -\u003e 使用伪标签：61.33%\n"}
,{"stream_name":"stdout","time":11756.288027696,"data":"已过滤\t未用伪标签：61.33% -\u003e 使用伪标签：61.33%\n"}
,{"stream_name":"stdout","time":11756.288033007,"data":"排除样本：2000|6000\t剩余：1680, 2320\n"}
,{"stream_name":"stdout","time":11756.288040081,"data":"增添样本：960\t\t细则：320, 640, 0\t正确率估算：100.00%\n"}
,{"stream_name":"stdout","time":11756.288042899,"data":"类型1 正确率： 100.00% -\u003e 1  100.00%, 2    0.00%, 3    0.00%\n"}
,{"stream_name":"stdout","time":11756.288045255,"data":"类型2 正确率：  34.00% -\u003e 1    0.00%, 2   34.00%, 3   66.00%\n"}
,{"stream_name":"stdout","time":11756.288047525,"data":"类型3 正确率：  50.00% -\u003e 1    0.00%, 2   50.00%, 3   50.00%\n"}
,{"stream_name":"stdout","time":11756.288049863,"data":"\n"}
,{"stream_name":"stdout","time":11756.288052182,"data":"被排除样本 正确率：nan%\n"}
,{"stream_name":"stdout","time":11756.288054424,"data":"\n"}
,{"stream_name":"stdout","time":11756.288056572,"data":"\n"}
,{"stream_name":"stdout","time":11769.307462537,"data":"轮次:·16/·20 || c_Loss:0.372 || e_Loss:-1.020 || Aad_Loss:-31.317 || 耗时：34.22s\n"}
,{"stream_name":"stdout","time":11782.427520861,"data":"轮次:·17/·20 || c_Loss:0.374 || e_Loss:-1.023 || Aad_Loss:-31.671 || 耗时：13.12s\n"}
,{"stream_name":"stdout","time":11795.546116424,"data":"轮次:·18/·20 || c_Loss:0.374 || e_Loss:-1.019 || Aad_Loss:-31.485 || 耗时：13.12s\n"}
,{"stream_name":"stdout","time":11808.696490412,"data":"轮次:·19/·20 || c_Loss:0.374 || e_Loss:-0.973 || Aad_Loss:-32.777 || 耗时：13.15s\n"}
,{"stream_name":"stdout","time":11821.900695266,"data":"轮次:·20/·20 || c_Loss:0.372 || e_Loss:-1.020 || Aad_Loss:-31.846 || 耗时：13.20s\n"}
,{"stream_name":"stdout","time":11827.979596746,"data":"任务: (B1)N15_M01_F10→(B2)N15_M07_F10; mix批次:····0; 批次:·1880/·1880;  总正确率: 61.33%\n"}
,{"stream_name":"stdout","time":11827.979668814,"data":"类型1 正确率： 100.00% -\u003e 1  100.00%, 2    0.00%, 3    0.00%\n"}
,{"stream_name":"stdout","time":11827.979677811,"data":"类型2 正确率：  34.00% -\u003e 1    0.00%, 2   34.00%, 3   66.00%\n"}
,{"stream_name":"stdout","time":11827.979682704,"data":"类型3 正确率：  50.00% -\u003e 1    0.00%, 2   50.00%, 3   50.00%\n"}
,{"stream_name":"stdout","time":11827.979687263,"data":"\n"}
,{"stream_name":"stdout","time":11827.979691399,"data":"\n"}
,{"stream_name":"stdout","time":11834.016942801,"data":"测试集任务: (B1)N15_M01_F10→(B2)N15_M07_F10; 总正确率 = 61.33%\n"}
,{"stream_name":"stdout","time":11834.016991914,"data":"类型1 正确率： 100.00% -\u003e 1  100.00%, 2    0.00%, 3    0.00%\n"}
,{"stream_name":"stdout","time":11834.016999896,"data":"类型2 正确率：  34.00% -\u003e 1    0.00%, 2   34.00%, 3   66.00%\n"}
,{"stream_name":"stdout","time":11834.01700546,"data":"类型3 正确率：  50.00% -\u003e 1    0.00%, 2   50.00%, 3   50.00%\n"}
,{"stream_name":"stdout","time":11834.017010494,"data":"\n"}
,{"stream_name":"stdout","time":11834.017015253,"data":"\n"}
,{"stream_name":"stdout","time":11834.039136614,"data":"[tar_adaptation_RES_PU.py --folder_root /kaggle/working/k10/S09/sdalr_PU_final_checkpoint/DATA_foldS09c --seed 2024 --class_num 3 --data_name PU_M1_L3 --output /kaggle/working/k10/S09/weight_PU_M1_final_checkpoint_FS09toS09c_s2024 --s 0 --t 1 --lr 0.0005 --threshold 0.4 --K 0.6] 365s\n"}
,{"stream_name":"stdout","time":11834.067527926,"data":"读取源域路径：/kaggle/working/k10/S09/weight_PU_M1_final_checkpoint_FS09toS09c_s2024/NEW_PU/Source-源域/log\u0026pt/(B1)N15_M01_F10\n"}
,{"stream_name":"stdout","time":11834.067570737,"data":"excel输出位置：/kaggle/working/k10/S09/weight_PU_M1_final_checkpoint_FS09toS09c_s2024/NEW_PU/Target-目标域\n"}
,{"stream_name":"stdout","time":11834.067575633,"data":"特征图片输出位置：/kaggle/working/k10/S09/weight_PU_M1_final_checkpoint_FS09toS09c_s2024/NEW_PU/Picture-特征图/2026年09月19日11时32分/(B1)N15_M01_F10\n"}
,{"stream_name":"stderr","time":11834.101977539,"data":"/usr/local/lib/python3.12/dist-packages/torch/nn/utils/weight_norm.py:144: FutureWarning: `torch.nn.utils.weight_norm` is deprecated in favor of `torch.nn.utils.parametrizations.weight_norm`.\n"}
,{"stream_name":"stderr","time":11834.10202169,"data":"  WeightNorm.apply(module, name, dim)\n"}
,{"stream_name":"stdout","time":11834.142400435,"data":"现在选取:(B1)N15_M01_F10 进行训练的源模型\n"}
,{"stream_name":"stdout","time":11834.142438182,"data":"现在进行：(B1)N15_M01_F10→(B3)N15_M07_F04 的迁移任务\n"}
,{"stream_name":"stdout","time":11834.142442061,"data":"log\u0026pt输出位置：/kaggle/working/k10/S09/weight_PU_M1_final_checkpoint_FS09toS09c_s2024/NEW_PU/Target-目标域/log\u0026pt/(B1)N15_M01_F10→(B3)N15_M07_F04\n"}
,{"stream_name":"stderr","time":11834.143709093,"data":"sh: 1: Syntax error: word unexpected (expecting \")\")\n"}
,{"stream_name":"stdout","time":11845.149913631,"data":"任务: (B1)N15_M01_F10→(B3)N15_M07_F04; 批次:····0/·1880;  总正确率: 63.45%\n"}
,{"stream_name":"stdout","time":11845.149993655,"data":"类型1 正确率： 100.00% -\u003e 1  100.00%, 2    0.00%, 3    0.00%\n"}
,{"stream_name":"stdout","time":11845.150001501,"data":"类型2 正确率：  54.00% -\u003e 1    0.00%, 2   53.55%, 3   46.45%\n"}
,{"stream_name":"stdout","time":11845.150006617,"data":"类型3 正确率：  37.00% -\u003e 1    3.10%, 2   60.10%, 3   36.80%\n"}
,{"stream_name":"stdout","time":11845.150013405,"data":"\n"}
,{"stream_name":"stdout","time":11845.150021111,"data":"\n"}
,{"stream_name":"stdout","time":11845.150935037,"data":"样本变换：reverse\n"}
,{"stream_name":"stdout","time":11848.435222121,"data":"样本变换：mask\n"}
,{"stream_name":"stdout","time":11851.778132454,"data":"样本变换：shift\n"}
,{"stream_name":"stdout","time":11855.080148794,"data":"样本变换：none\n"}
,{"stream_name":"stdout","time":11860.040896938,"data":"未过滤\t未用伪标签：63.45% -\u003e 使用伪标签：62.15%\n"}
,{"stream_name":"stdout","time":11860.040963448,"data":"已过滤\t未用伪标签：63.40% -\u003e 使用伪标签：62.44%\n"}
,{"stream_name":"stdout","time":11860.040972393,"data":"排除样本：28|6000\t剩余：2011, 1712, 2249\n"}
,{"stream_name":"stdout","time":11860.040977974,"data":"增添样本：775\t\t细则：238, 537, 0\t正确率估算：97.94%\n"}
,{"stream_name":"stdout","time":11860.040983748,"data":"类型1 正确率： 100.00% -\u003e 1   99.95%, 2    0.05%, 3    0.00%\n"}
,{"stream_name":"stdout","time":11860.040989242,"data":"类型2 正确率：  37.00% -\u003e 1    0.00%, 2   36.92%, 3   63.08%\n"}
,{"stream_name":"stdout","time":11860.040994029,"data":"类型3 正确率：  50.00% -\u003e 1    0.65%, 2   49.17%, 3   50.18%\n"}
,{"stream_name":"stdout","time":11860.040998621,"data":"\n"}
,{"stream_name":"stdout","time":11860.041002814,"data":"被排除样本 正确率：75.00%\n"}
,{"stream_name":"stdout","time":11860.041007333,"data":"类型1 正确率： 100.00% -\u003e 1  100.00%, 2    0.00%, 3    0.00%\n"}
,{"stream_name":"stdout","time":11860.041011749,"data":"类型2 正确率： 100.00% -\u003e 1    0.00%, 2  100.00%, 3    0.00%\n"}
,{"stream_name":"stdout","time":11860.041050979,"data":"类型3 正确率：   0.00% -\u003e 1  100.00%, 2    0.00%, 3    0.00%\n"}
,{"stream_name":"stdout","time":11860.041055972,"data":"\n"}
,{"stream_name":"stdout","time":11860.041059417,"data":"\n"}
,{"stream_name":"stdout","time":11873.27439527,"data":"轮次:··1/·20 || c_Loss:0.652 || e_Loss:-1.020 || Aad_Loss:-28.751 || 耗时：34.07s\n"}
,{"stream_name":"stdout","time":11886.500681665,"data":"轮次:··2/·20 || c_Loss:0.431 || e_Loss:-1.018 || Aad_Loss:-30.169 || 耗时：13.23s\n"}
,{"stream_name":"stdout","time":11899.646186371,"data":"轮次:··3/·20 || c_Loss:0.385 || e_Loss:-0.980 || Aad_Loss:-30.040 || 耗时：13.15s\n"}
,{"stream_name":"stdout","time":11912.715250308,"data":"轮次:··4/·20 || c_Loss:0.412 || e_Loss:-0.988 || Aad_Loss:-30.141 || 耗时：13.07s\n"}
,{"stream_name":"stdout","time":11925.772509085,"data":"轮次:··5/·20 || c_Loss:0.372 || e_Loss:-0.967 || Aad_Loss:-30.552 || 耗时：13.06s\n"}
,{"stream_name":"stdout","time":11931.839281509,"data":"任务: (B1)N15_M01_F10→(B3)N15_M07_F04; mix批次:····0; 批次:··470/·1880;  总正确率: 61.55%\n"}
,{"stream_name":"stdout","time":11931.83932804,"data":"类型1 正确率： 100.00% -\u003e 1  100.00%, 2    0.00%, 3    0.00%\n"}
,{"stream_name":"stdout","time":11931.83933458,"data":"类型2 正确率：  35.00% -\u003e 1    0.00%, 2   34.65%, 3   65.35%\n"}
,{"stream_name":"stdout","time":11931.839344034,"data":"类型3 正确率：  50.00% -\u003e 1    0.35%, 2   49.65%, 3   50.00%\n"}
,{"stream_name":"stdout","time":11931.839348586,"data":"\n"}
,{"stream_name":"stdout","time":11931.839352918,"data":"\n"}
,{"stream_name":"stdout","time":11931.873220161,"data":"样本变换：reverse\n"}
,{"stream_name":"stdout","time":11935.188135761,"data":"样本变换：mask\n"}
,{"stream_name":"stdout","time":11938.514246261,"data":"样本变换：shift\n"}
,{"stream_name":"stdout","time":11941.823116733,"data":"样本变换：none\n"}
,{"stream_name":"stderr","time":11946.884172838,"data":"/usr/local/lib/python3.12/dist-packages/numpy/_core/fromnumeric.py:3596: RuntimeWarning: Mean of empty slice.\n"}
,{"stream_name":"stderr","time":11946.884232401,"data":"  return _methods._mean(a, axis=axis, dtype=dtype,\n"}
,{"stream_name":"stderr","time":11946.884239754,"data":"/usr/local/lib/python3.12/dist-packages/numpy/_core/_methods.py:138: RuntimeWarning: invalid value encountered in scalar divide\n"}
,{"stream_name":"stderr","time":11946.884244958,"data":"  ret = ret.dtype.type(ret / rcount)\n"}
,{"stream_name":"stderr","time":11946.885030239,"data":"/kaggle/working/k10/S09/sdalr_PU_final_checkpoint/tools.py:414: RuntimeWarning: Mean of empty slice.\n"}
,{"stream_name":"stderr","time":11946.885064405,"data":"  overall_acc = round(per_class_acc.mean(), 2)\n"}
,{"stream_name":"stderr","time":11946.885071997,"data":"/usr/local/lib/python3.12/dist-packages/numpy/_core/_methods.py:138: RuntimeWarning: invalid value encountered in scalar divide\n"}
,{"stream_name":"stderr","time":11946.885097842,"data":"  ret = ret.dtype.type(ret / rcount)\n"}
,{"stream_name":"stdout","time":11946.885207345,"data":"未过滤\t未用伪标签：61.55% -\u003e 使用伪标签：61.33%\n"}
,{"stream_name":"stdout","time":11946.885227168,"data":"已过滤\t未用伪标签：61.55% -\u003e 使用伪标签：61.33%\n"}
,{"stream_name":"stdout","time":11946.885232892,"data":"排除样本：2007|6000\t剩余：1673, 2320\n"}
,{"stream_name":"stdout","time":11946.885238447,"data":"增添样本：960\t\t细则：313, 647, 0\t正确率估算：100.00%\n"}
,{"stream_name":"stdout","time":11946.885243476,"data":"类型1 正确率： 100.00% -\u003e 1  100.00%, 2    0.00%, 3    0.00%\n"}
,{"stream_name":"stdout","time":11946.885266512,"data":"类型2 正确率：  34.00% -\u003e 1    0.00%, 2   34.00%, 3   66.00%\n"}
,{"stream_name":"stdout","time":11946.885271778,"data":"类型3 正确率：  50.00% -\u003e 1    0.35%, 2   49.65%, 3   50.00%\n"}
,{"stream_name":"stdout","time":11946.885275891,"data":"\n"}
,{"stream_name":"stdout","time":11946.885279818,"data":"被排除样本 正确率：nan%\n"}
,{"stream_name":"stdout","time":11946.88528403,"data":"\n"}
,{"stream_name":"stdout","time":11946.885287471,"data":"\n"}
,{"stream_name":"stdout","time":11959.998702872,"data":"轮次:··6/·20 || c_Loss:0.378 || e_Loss:-1.018 || Aad_Loss:-30.832 || 耗时：34.23s\n"}
,{"stream_name":"stdout","time":11973.268340929,"data":"轮次:··7/·20 || c_Loss:0.383 || e_Loss:-1.006 || Aad_Loss:-30.821 || 耗时：13.27s\n"}
,{"stream_name":"stdout","time":11986.557401392,"data":"轮次:··8/·20 || c_Loss:0.381 || e_Loss:-1.011 || Aad_Loss:-30.634 || 耗时：13.29s\n"}
,{"stream_name":"stdout","time":11999.774246945,"data":"轮次:··9/·20 || c_Loss:0.382 || e_Loss:-0.975 || Aad_Loss:-32.115 || 耗时：13.22s\n"}
,{"stream_name":"stdout","time":12013.025558447,"data":"轮次:·10/·20 || c_Loss:0.377 || e_Loss:-1.013 || Aad_Loss:-31.479 || 耗时：13.25s\n"}
,{"stream_name":"stdout","time":12019.12904397,"data":"任务: (B1)N15_M01_F10→(B3)N15_M07_F04; mix批次:····0; 批次:··940/·1880;  总正确率: 61.33%\n"}
,{"stream_name":"stdout","time":12019.129109936,"data":"类型1 正确率： 100.00% -\u003e 1  100.00%, 2    0.00%, 3    0.00%\n"}
,{"stream_name":"stdout","time":12019.129118819,"data":"类型2 正确率：  34.00% -\u003e 1    0.00%, 2   34.00%, 3   66.00%\n"}
,{"stream_name":"stdout","time":12019.129127083,"data":"类型3 正确率：  50.00% -\u003e 1    0.30%, 2   49.70%, 3   50.00%\n"}
,{"stream_name":"stdout","time":12019.129131112,"data":"\n"}
,{"stream_name":"stdout","time":12019.129134109,"data":"\n"}
,{"stream_name":"stdout","time":12019.173941183,"data":"样本变换：reverse\n"}
,{"stream_name":"stdout","time":12022.479288679,"data":"样本变换：mask\n"}
,{"stream_name":"stdout","time":12025.80316965,"data":"样本变换：shift\n"}
,{"stream_name":"stdout","time":12029.13652136,"data":"样本变换：none\n"}
,{"stream_name":"stderr","time":12034.273841057,"data":"/usr/local/lib/python3.12/dist-packages/numpy/_core/fromnumeric.py:3596: RuntimeWarning: Mean of empty slice.\n"}
,{"stream_name":"stderr","time":12034.273921676,"data":"  return _methods._mean(a, axis=axis, dtype=dtype,\n"}
,{"stream_name":"stderr","time":12034.27392967,"data":"/usr/local/lib/python3.12/dist-packages/numpy/_core/_methods.py:138: RuntimeWarning: invalid value encountered in scalar divide\n"}
,{"stream_name":"stderr","time":12034.273935585,"data":"  ret = ret.dtype.type(ret / rcount)\n"}
,{"stream_name":"stderr","time":12034.274851299,"data":"/kaggle/working/k10/S09/sdalr_PU_final_checkpoint/tools.py:414: RuntimeWarning: Mean of empty slice.\n"}
,{"stream_name":"stderr","time":12034.274875587,"data":"  overall_acc = round(per_class_acc.mean(), 2)\n"}
,{"stream_name":"stderr","time":12034.274881121,"data":"/usr/local/lib/python3.12/dist-packages/numpy/_core/_methods.py:138: RuntimeWarning: invalid value encountered in scalar divide\n"}
,{"stream_name":"stderr","time":12034.274886812,"data":"  ret = ret.dtype.type(ret / rcount)\n"}
,{"stream_name":"stdout","time":12034.275072892,"data":"未过滤\t未用伪标签：61.33% -\u003e 使用伪标签：61.33%\n"}
,{"stream_name":"stdout","time":12034.275125655,"data":"已过滤\t未用伪标签：61.33% -\u003e 使用伪标签：61.33%\n"}
,{"stream_name":"stdout","time":12034.275131814,"data":"排除样本：2006|6000\t剩余：1674, 2320\n"}
,{"stream_name":"stdout","time":12034.27515394,"data":"增添样本：960\t\t细则：314, 646, 0\t正确率估算：99.90%\n"}
,{"stream_name":"stdout","time":12034.275157775,"data":"类型1 正确率： 100.00% -\u003e 1  100.00%, 2    0.00%, 3    0.00%\n"}
,{"stream_name":"stdout","time":12034.275161256,"data":"类型2 正确率：  34.00% -\u003e 1    0.00%, 2   34.00%, 3   66.00%\n"}
,{"stream_name":"stdout","time":12034.275164428,"data":"类型3 正确率：  50.00% -\u003e 1    0.30%, 2   49.70%, 3   50.00%\n"}
,{"stream_name":"stdout","time":12034.275168835,"data":"\n"}
,{"stream_name":"stdout","time":12034.275183866,"data":"被排除样本 正确率：nan%\n"}
,{"stream_name":"stdout","time":12034.275187336,"data":"\n"}
,{"stream_name":"stdout","time":12034.275190444,"data":"\n"}
,{"stream_name":"stdout","time":12047.321836165,"data":"轮次:·11/·20 || c_Loss:0.377 || e_Loss:-1.021 || Aad_Loss:-31.222 || 耗时：34.30s\n"}
,{"stream_name":"stdout","time":12060.450497395,"data":"轮次:·12/·20 || c_Loss:0.380 || e_Loss:-1.008 || Aad_Loss:-31.142 || 耗时：13.13s\n"}
,{"stream_name":"stdout","time":12073.628790675,"data":"轮次:·13/·20 || c_Loss:0.381 || e_Loss:-1.011 || Aad_Loss:-30.834 || 耗时：13.18s\n"}
,{"stream_name":"stdout","time":12086.77055365,"data":"轮次:·14/·20 || c_Loss:0.379 || e_Loss:-0.975 || Aad_Loss:-32.380 || 耗时：13.14s\n"}
,{"stream_name":"stdout","time":12099.949259414,"data":"轮次:·15/·20 || c_Loss:0.376 || e_Loss:-1.013 || Aad_Loss:-31.657 || 耗时：13.18s\n"}
,{"stream_name":"stdout","time":12106.042654306,"data":"任务: (B1)N15_M01_F10→(B3)N15_M07_F04; mix批次:····0; 批次:·1410/·1880;  总正确率: 61.33%\n"}
,{"stream_name":"stdout","time":12106.042703669,"data":"类型1 正确率： 100.00% -\u003e 1  100.00%, 2    0.00%, 3    0.00%\n"}
,{"stream_name":"stdout","time":12106.042708684,"data":"类型2 正确率：  34.00% -\u003e 1    0.00%, 2   34.00%, 3   66.00%\n"}
,{"stream_name":"stdout","time":12106.042712131,"data":"类型3 正确率：  50.00% -\u003e 1    0.30%, 2   49.70%, 3   50.00%\n"}
,{"stream_name":"stdout","time":12106.042715528,"data":"\n"}
,{"stream_name":"stdout","time":12106.042732423,"data":"\n"}
,{"stream_name":"stdout","time":12106.087048419,"data":"样本变换：reverse\n"}
,{"stream_name":"stdout","time":12109.408117522,"data":"样本变换：mask\n"}
,{"stream_name":"stdout","time":12112.771153507,"data":"样本变换：shift\n"}
,{"stream_name":"stdout","time":12116.099189978,"data":"样本变换：none\n"}
,{"stream_name":"stderr","time":12121.229658089,"data":"/usr/local/lib/python3.12/dist-packages/numpy/_core/fromnumeric.py:3596: RuntimeWarning: Mean of empty slice.\n"}
,{"stream_name":"stderr","time":12121.229719041,"data":"  return _methods._mean(a, axis=axis, dtype=dtype,\n"}
,{"stream_name":"stderr","time":12121.229724729,"data":"/usr/local/lib/python3.12/dist-packages/numpy/_core/_methods.py:138: RuntimeWarning: invalid value encountered in scalar divide\n"}
,{"stream_name":"stderr","time":12121.22972863,"data":"  ret = ret.dtype.type(ret / rcount)\n"}
,{"stream_name":"stderr","time":12121.23066654,"data":"/kaggle/working/k10/S09/sdalr_PU_final_checkpoint/tools.py:414: RuntimeWarning: Mean of empty slice.\n"}
,{"stream_name":"stderr","time":12121.230693041,"data":"  overall_acc = round(per_class_acc.mean(), 2)\n"}
,{"stream_name":"stderr","time":12121.230698379,"data":"/usr/local/lib/python3.12/dist-packages/numpy/_core/_methods.py:138: RuntimeWarning: invalid value encountered in scalar divide\n"}
,{"stream_name":"stderr","time":12121.230705108,"data":"  ret = ret.dtype.type(ret / rcount)\n"}
,{"stream_name":"stdout","time":12121.230883446,"data":"未过滤\t未用伪标签：61.33% -\u003e 使用伪标签：61.33%\n"}
,{"stream_name":"stdout","time":12121.230937043,"data":"已过滤\t未用伪标签：61.33% -\u003e 使用伪标签：61.33%\n"}
,{"stream_name":"stdout","time":12121.230943124,"data":"排除样本：2006|6000\t剩余：1674, 2320\n"}
,{"stream_name":"stdout","time":12121.230950861,"data":"增添样本：960\t\t细则：314, 646, 0\t正确率估算：99.90%\n"}
,{"stream_name":"stdout","time":12121.230955676,"data":"类型1 正确率： 100.00% -\u003e 1  100.00%, 2    0.00%, 3    0.00%\n"}
,{"stream_name":"stdout","time":12121.230959978,"data":"类型2 正确率：  34.00% -\u003e 1    0.00%, 2   34.00%, 3   66.00%\n"}
,{"stream_name":"stdout","time":12121.230963687,"data":"类型3 正确率：  50.00% -\u003e 1    0.30%, 2   49.70%, 3   50.00%\n"}
,{"stream_name":"stdout","time":12121.230967249,"data":"\n"}
,{"stream_name":"stdout","time":12121.23097054,"data":"被排除样本 正确率：nan%\n"}
,{"stream_name":"stdout","time":12121.230973935,"data":"\n"}
,{"stream_name":"stdout","time":12121.230977114,"data":"\n"}
,{"stream_name":"stdout","time":12134.256173876,"data":"轮次:·16/·20 || c_Loss:0.376 || e_Loss:-1.022 || Aad_Loss:-31.421 || 耗时：34.31s\n"}
,{"stream_name":"stdout","time":12147.414561845,"data":"轮次:·17/·20 || c_Loss:0.379 || e_Loss:-1.009 || Aad_Loss:-31.331 || 耗时：13.16s\n"}
,{"stream_name":"stdout","time":12160.632742727,"data":"轮次:·18/·20 || c_Loss:0.381 || e_Loss:-1.011 || Aad_Loss:-30.967 || 耗时：13.22s\n"}
,{"stream_name":"stdout","time":12173.827918198,"data":"轮次:·19/·20 || c_Loss:0.379 || e_Loss:-0.975 || Aad_Loss:-32.554 || 耗时：13.20s\n"}
,{"stream_name":"stdout","time":12187.048389707,"data":"轮次:·20/·20 || c_Loss:0.375 || e_Loss:-1.014 || Aad_Loss:-31.785 || 耗时：13.22s\n"}
,{"stream_name":"stdout","time":12193.148472949,"data":"任务: (B1)N15_M01_F10→(B3)N15_M07_F04; mix批次:····0; 批次:·1880/·1880;  总正确率: 61.33%\n"}
,{"stream_name":"stdout","time":12193.148524082,"data":"类型1 正确率： 100.00% -\u003e 1  100.00%, 2    0.00%, 3    0.00%\n"}
,{"stream_name":"stdout","time":12193.14852948,"data":"类型2 正确率：  34.00% -\u003e 1    0.00%, 2   34.00%, 3   66.00%\n"}
,{"stream_name":"stdout","time":12193.148532916,"data":"类型3 正确率：  50.00% -\u003e 1    0.30%, 2   49.70%, 3   50.00%\n"}
,{"stream_name":"stdout","time":12193.148536338,"data":"\n"}
,{"stream_name":"stdout","time":12193.148540167,"data":"\n"}
,{"stream_name":"stdout","time":12199.211062462,"data":"测试集任务: (B1)N15_M01_F10→(B3)N15_M07_F04; 总正确率 = 61.33%\n"}
,{"stream_name":"stdout","time":12199.21112257,"data":"类型1 正确率： 100.00% -\u003e 1  100.00%, 2    0.00%, 3    0.00%\n"}
,{"stream_name":"stdout","time":12199.211130383,"data":"类型2 正确率：  34.00% -\u003e 1    0.00%, 2   34.00%, 3   66.00%\n"}
,{"stream_name":"stdout","time":12199.211135619,"data":"类型3 正确率：  50.00% -\u003e 1    0.30%, 2   49.70%, 3   50.00%\n"}
,{"stream_name":"stdout","time":12199.211140737,"data":"\n"}
,{"stream_name":"stdout","time":12199.211145317,"data":"\n"}
,{"stream_name":"stdout","time":12199.252547101,"data":"[tar_adaptation_RES_PU.py --folder_root /kaggle/working/k10/S09/sdalr_PU_final_checkpoint/DATA_foldS09c --seed 2024 --class_num 3 --data_name PU_M1_L3 --output /kaggle/working/k10/S09/weight_PU_M1_final_checkpoint_FS09toS09c_s2024 --s 0 --t 2 --lr 0.0005 --threshold 0.4 --K 0.6] 365s\n"}
,{"stream_name":"stdout","time":12199.278188613,"data":"读取源域路径：/kaggle/working/k10/S09/weight_PU_M1_final_checkpoint_FS09toS09c_s2024/NEW_PU/Source-源域/log\u0026pt/(B2)N15_M07_F10\n"}
,{"stream_name":"stdout","time":12199.278230098,"data":"excel输出位置：/kaggle/working/k10/S09/weight_PU_M1_final_checkpoint_FS09toS09c_s2024/NEW_PU/Target-目标域\n"}
,{"stream_name":"stdout","time":12199.278441485,"data":"特征图片输出位置：/kaggle/working/k10/S09/weight_PU_M1_final_checkpoint_FS09toS09c_s2024/NEW_PU/Picture-特征图/2026年09月19日11时38分/(B2)N15_M07_F10\n"}
,{"stream_name":"stderr","time":12199.312354208,"data":"/usr/local/lib/python3.12/dist-packages/torch/nn/utils/weight_norm.py:144: FutureWarning: `torch.nn.utils.weight_norm` is deprecated in favor of `torch.nn.utils.parametrizations.weight_norm`.\n"}
,{"stream_name":"stderr","time":12199.31239697,"data":"  WeightNorm.apply(module, name, dim)\n"}
,{"stream_name":"stdout","time":12199.351311684,"data":"现在选取:(B2)N15_M07_F10 进行训练的源模型\n"}
,{"stream_name":"stdout","time":12199.351353247,"data":"现在进行：(B2)N15_M07_F10→(B1)N15_M01_F10 的迁移任务\n"}
,{"stream_name":"stdout","time":12199.351357407,"data":"log\u0026pt输出位置：/kaggle/working/k10/S09/weight_PU_M1_final_checkpoint_FS09toS09c_s2024/NEW_PU/Target-目标域/log\u0026pt/(B2)N15_M07_F10→(B1)N15_M01_F10\n"}
,{"stream_name":"stderr","time":12199.352694846,"data":"sh: 1: Syntax error: word unexpected (expecting \")\")\n"}
,{"stream_name":"stdout","time":12210.424971174,"data":"任务: (B2)N15_M07_F10→(B1)N15_M01_F10; 批次:····0/·1880;  总正确率: 60.43%\n"}
,{"stream_name":"stdout","time":12210.425032972,"data":"类型1 正确率： 100.00% -\u003e 1  100.00%, 2    0.00%, 3    0.00%\n"}
,{"stream_name":"stdout","time":12210.425041418,"data":"类型2 正确率：  66.00% -\u003e 1    0.10%, 2   65.95%, 3   33.95%\n"}
,{"stream_name":"stdout","time":12210.42504684,"data":"类型3 正确率：  15.00% -\u003e 1    0.00%, 2   84.65%, 3   15.35%\n"}
,{"stream_name":"stdout","time":12210.42505183,"data":"\n"}
,{"stream_name":"stdout","time":12210.425056148,"data":"\n"}
,{"stream_name":"stdout","time":12210.425713492,"data":"样本变换：reverse\n"}
,{"stream_name":"stdout","time":12213.726160546,"data":"样本变换：mask\n"}
,{"stream_name":"stdout","time":12217.084217801,"data":"样本变换：shift\n"}
,{"stream_name":"stdout","time":12220.414200555,"data":"样本变换：none\n"}
,{"stream_name":"stdout","time":12225.470942662,"data":"未过滤\t未用伪标签：60.43% -\u003e 使用伪标签：60.58%\n"}
,{"stream_name":"stdout","time":12225.470996287,"data":"已过滤\t未用伪标签：60.57% -\u003e 使用伪标签：60.81%\n"}
,{"stream_name":"stdout","time":12225.471002085,"data":"排除样本：22|6000\t剩余：1996, 1712, 2270\n"}
,{"stream_name":"stdout","time":12225.471006045,"data":"增添样本：832\t\t细则：274, 558, 0\t正确率估算：99.76%\n"}
,{"stream_name":"stdout","time":12225.471009987,"data":"类型1 正确率： 100.00% -\u003e 1  100.00%, 2    0.00%, 3    0.00%\n"}
,{"stream_name":"stdout","time":12225.471014122,"data":"类型2 正确率：  34.00% -\u003e 1    0.00%, 2   34.22%, 3   65.78%\n"}
,{"stream_name":"stdout","time":12225.471018246,"data":"类型3 正确率：  48.00% -\u003e 1    0.00%, 2   51.84%, 3   48.16%\n"}
,{"stream_name":"stdout","time":12225.471037403,"data":"\n"}
,{"stream_name":"stdout","time":12225.471042831,"data":"被排除样本 正确率：22.73%\n"}
,{"stream_name":"stdout","time":12225.471048375,"data":"类型1 正确率： 100.00% -\u003e 1  100.00%, 2    0.00%, 3    0.00%\n"}
,{"stream_name":"stdout","time":12225.47105445,"data":"类型2 正确率： 100.00% -\u003e 1    0.00%, 2  100.00%, 3    0.00%\n"}
,{"stream_name":"stdout","time":12225.471059825,"data":"类型3 正确率：   0.00% -\u003e 1    0.00%, 2  100.00%, 3    0.00%\n"}
,{"stream_name":"stdout","time":12225.471065062,"data":"\n"}
,{"stream_name":"stdout","time":12225.471107284,"data":"\n"}
,{"stream_name":"stdout","time":12238.686591316,"data":"轮次:··1/·20 || c_Loss:0.576 || e_Loss:-0.998 || Aad_Loss:-29.498 || 耗时：34.25s\n"}
,{"stream_name":"stdout","time":12251.976340612,"data":"轮次:··2/·20 || c_Loss:0.508 || e_Loss:-0.998 || Aad_Loss:-29.001 || 耗时：13.29s\n"}
,{"stream_name":"stdout","time":12265.150689382,"data":"轮次:··3/·20 || c_Loss:0.448 || e_Loss:-0.973 || Aad_Loss:-29.632 || 耗时：13.17s\n"}
,{"stream_name":"stdout","time":12278.240775204,"data":"轮次:··4/·20 || c_Loss:0.414 || e_Loss:-0.945 || Aad_Loss:-29.622 || 耗时：13.09s\n"}
,{"stream_name":"stdout","time":12291.326707007,"data":"轮次:··5/·20 || c_Loss:0.382 || e_Loss:-0.991 || Aad_Loss:-31.044 || 耗时：13.09s\n"}
,{"stream_name":"stdout","time":12297.412232143,"data":"任务: (B2)N15_M07_F10→(B1)N15_M01_F10; mix批次:····0; 批次:··470/·1880;  总正确率: 61.32%\n"}
,{"stream_name":"stdout","time":12297.41228584,"data":"类型1 正确率： 100.00% -\u003e 1  100.00%, 2    0.00%, 3    0.00%\n"}
,{"stream_name":"stdout","time":12297.412293265,"data":"类型2 正确率：  34.00% -\u003e 1    0.00%, 2   34.00%, 3   66.00%\n"}
,{"stream_name":"stdout","time":12297.412298736,"data":"类型3 正确率：  50.00% -\u003e 1    0.00%, 2   50.05%, 3   49.95%\n"}
,{"stream_name":"stdout","time":12297.412304284,"data":"\n"}
,{"stream_name":"stdout","time":12297.412329835,"data":"\n"}
,{"stream_name":"stdout","time":12297.446498751,"data":"样本变换：reverse\n"}
,{"stream_name":"stdout","time":12300.772154402,"data":"样本变换：mask\n"}
,{"stream_name":"stdout","time":12304.133167412,"data":"样本变换：shift\n"}
,{"stream_name":"stdout","time":12307.46213504,"data":"样本变换：none\n"}
,{"stream_name":"stderr","time":12312.64446577,"data":"/usr/local/lib/python3.12/dist-packages/numpy/_core/fromnumeric.py:3596: RuntimeWarning: Mean of empty slice.\n"}
,{"stream_name":"stderr","time":12312.644525036,"data":"  return _methods._mean(a, axis=axis, dtype=dtype,\n"}
,{"stream_name":"stderr","time":12312.644531745,"data":"/usr/local/lib/python3.12/dist-packages/numpy/_core/_methods.py:138: RuntimeWarning: invalid value encountered in scalar divide\n"}
,{"stream_name":"stderr","time":12312.64453581,"data":"  ret = ret.dtype.type(ret / rcount)\n"}
,{"stream_name":"stderr","time":12312.645454131,"data":"/kaggle/working/k10/S09/sdalr_PU_final_checkpoint/tools.py:414: RuntimeWarning: Mean of empty slice.\n"}
,{"stream_name":"stderr","time":12312.645475811,"data":"  overall_acc = round(per_class_acc.mean(), 2)\n"}
,{"stream_name":"stderr","time":12312.645479763,"data":"/usr/local/lib/python3.12/dist-packages/numpy/_core/_methods.py:138: RuntimeWarning: invalid value encountered in scalar divide\n"}
,{"stream_name":"stderr","time":12312.645484131,"data":"  ret = ret.dtype.type(ret / rcount)\n"}
,{"stream_name":"stdout","time":12312.645807395,"data":"未过滤\t未用伪标签：61.32% -\u003e 使用伪标签：61.33%\n"}
,{"stream_name":"stdout","time":12312.645832354,"data":"已过滤\t未用伪标签：61.32% -\u003e 使用伪标签：61.33%\n"}
,{"stream_name":"stdout","time":12312.64584008,"data":"排除样本：2000|6000\t剩余：1680, 2320\n"}
,{"stream_name":"stdout","time":12312.645846374,"data":"增添样本：960\t\t细则：320, 640, 0\t正确率估算：100.00%\n"}
,{"stream_name":"stdout","time":12312.645871851,"data":"类型1 正确率： 100.00% -\u003e 1  100.00%, 2    0.00%, 3    0.00%\n"}
,{"stream_name":"stdout","time":12312.645878329,"data":"类型2 正确率：  34.00% -\u003e 1    0.00%, 2   34.00%, 3   66.00%\n"}
,{"stream_name":"stdout","time":12312.645884,"data":"类型3 正确率：  50.00% -\u003e 1    0.00%, 2   50.00%, 3   50.00%\n"}
,{"stream_name":"stdout","time":12312.645904772,"data":"\n"}
,{"stream_name":"stdout","time":12312.645908861,"data":"被排除样本 正确率：nan%\n"}
,{"stream_name":"stdout","time":12312.645912759,"data":"\n"}
,{"stream_name":"stdout","time":12312.645916311,"data":"\n"}
,{"stream_name":"stdout","time":12325.723917936,"data":"轮次:··6/·20 || c_Loss:0.380 || e_Loss:-1.022 || Aad_Loss:-30.963 || 耗时：34.40s\n"}
,{"stream_name":"stdout","time":12338.965250504,"data":"轮次:··7/·20 || c_Loss:0.382 || e_Loss:-1.018 || Aad_Loss:-31.009 || 耗时：13.24s\n"}
,{"stream_name":"stdout","time":12352.255537613,"data":"轮次:··8/·20 || c_Loss:0.377 || e_Loss:-1.023 || Aad_Loss:-31.095 || 耗时：13.29s\n"}
,{"stream_name":"stdout","time":12365.52403752,"data":"轮次:··9/·20 || c_Loss:0.376 || e_Loss:-0.976 || Aad_Loss:-32.387 || 耗时：13.27s\n"}
,{"stream_name":"stdout","time":12378.811126095,"data":"轮次:·10/·20 || c_Loss:0.373 || e_Loss:-1.017 || Aad_Loss:-31.559 || 耗时：13.29s\n"}
,{"stream_name":"stdout","time":12384.911556194,"data":"任务: (B2)N15_M07_F10→(B1)N15_M01_F10; mix批次:····0; 批次:··940/·1880;  总正确率: 61.33%\n"}
,{"stream_name":"stdout","time":12384.911604359,"data":"类型1 正确率： 100.00% -\u003e 1  100.00%, 2    0.00%, 3    0.00%\n"}
,{"stream_name":"stdout","time":12384.91161347,"data":"类型2 正确率：  34.00% -\u003e 1    0.00%, 2   34.00%, 3   66.00%\n"}
,{"stream_name":"stdout","time":12384.911619022,"data":"类型3 正确率：  50.00% -\u003e 1    0.00%, 2   50.00%, 3   50.00%\n"}
,{"stream_name":"stdout","time":12384.911623987,"data":"\n"}
,{"stream_name":"stdout","time":12384.91162904,"data":"\n"}
,{"stream_name":"stdout","time":12384.957106288,"data":"样本变换：reverse\n"}
,{"stream_name":"stdout","time":12388.267263573,"data":"样本变换：mask\n"}
,{"stream_name":"stdout","time":12391.622238069,"data":"样本变换：shift\n"}
,{"stream_name":"stdout","time":12394.969130997,"data":"样本变换：none\n"}
,{"stream_name":"stderr","time":12400.02463038,"data":"/usr/local/lib/python3.12/dist-packages/numpy/_core/fromnumeric.py:3596: RuntimeWarning: Mean of empty slice.\n"}
,{"stream_name":"stderr","time":12400.024708715,"data":"  return _methods._mean(a, axis=axis, dtype=dtype,\n"}
,{"stream_name":"stderr","time":12400.024716773,"data":"/usr/local/lib/python3.12/dist-packages/numpy/_core/_methods.py:138: RuntimeWarning: invalid value encountered in scalar divide\n"}
,{"stream_name":"stderr","time":12400.024722359,"data":"  ret = ret.dtype.type(ret / rcount)\n"}
,{"stream_name":"stderr","time":12400.025648553,"data":"/kaggle/working/k10/S09/sdalr_PU_final_checkpoint/tools.py:414: RuntimeWarning: Mean of empty slice.\n"}
,{"stream_name":"stderr","time":12400.025681441,"data":"  overall_acc = round(per_class_acc.mean(), 2)\n"}
,{"stream_name":"stderr","time":12400.025686482,"data":"/usr/local/lib/python3.12/dist-packages/numpy/_core/_methods.py:138: RuntimeWarning: invalid value encountered in scalar divide\n"}
,{"stream_name":"stderr","time":12400.025693102,"data":"  ret = ret.dtype.type(ret / rcount)\n"}
,{"stream_name":"stdout","time":12400.025843645,"data":"未过滤\t未用伪标签：61.33% -\u003e 使用伪标签：61.33%\n"}
,{"stream_name":"stdout","time":12400.025855637,"data":"已过滤\t未用伪标签：61.33% -\u003e 使用伪标签：61.33%\n"}
,{"stream_name":"stdout","time":12400.025860678,"data":"排除样本：2000|6000\t剩余：1680, 2320\n"}
,{"stream_name":"stdout","time":12400.025865283,"data":"增添样本：960\t\t细则：320, 640, 0\t正确率估算：100.00%\n"}
,{"stream_name":"stdout","time":12400.025870129,"data":"类型1 正确率： 100.00% -\u003e 1  100.00%, 2    0.00%, 3    0.00%\n"}
,{"stream_name":"stdout","time":12400.025896733,"data":"类型2 正确率：  34.00% -\u003e 1    0.00%, 2   34.00%, 3   66.00%\n"}
,{"stream_name":"stdout","time":12400.025899814,"data":"类型3 正确率：  50.00% -\u003e 1    0.00%, 2   50.00%, 3   50.00%\n"}
,{"stream_name":"stdout","time":12400.025902283,"data":"\n"}
,{"stream_name":"stdout","time":12400.025904429,"data":"被排除样本 正确率：nan%\n"}
,{"stream_name":"stdout","time":12400.025906748,"data":"\n"}
,{"stream_name":"stdout","time":12400.025908857,"data":"\n"}
,{"stream_name":"stdout","time":12413.035607956,"data":"轮次:·11/·20 || c_Loss:0.372 || e_Loss:-1.017 || Aad_Loss:-31.289 || 耗时：34.22s\n"}
,{"stream_name":"stdout","time":12426.161339018,"data":"轮次:·12/·20 || c_Loss:0.376 || e_Loss:-1.014 || Aad_Loss:-31.289 || 耗时：13.13s\n"}
,{"stream_name":"stdout","time":12439.258550835,"data":"轮次:·13/·20 || c_Loss:0.374 || e_Loss:-1.021 || Aad_Loss:-31.333 || 耗时：13.10s\n"}
,{"stream_name":"stdout","time":12452.359552171,"data":"轮次:·14/·20 || c_Loss:0.374 || e_Loss:-0.975 || Aad_Loss:-32.610 || 耗时：13.10s\n"}
,{"stream_name":"stdout","time":12465.47080528,"data":"轮次:·15/·20 || c_Loss:0.372 || e_Loss:-1.017 || Aad_Loss:-31.735 || 耗时：13.11s\n"}
,{"stream_name":"stdout","time":12471.536600191,"data":"任务: (B2)N15_M07_F10→(B1)N15_M01_F10; mix批次:····0; 批次:·1410/·1880;  总正确率: 61.33%\n"}
,{"stream_name":"stdout","time":12471.536656904,"data":"类型1 正确率： 100.00% -\u003e 1  100.00%, 2    0.00%, 3    0.00%\n"}
,{"stream_name":"stdout","time":12471.536664609,"data":"类型2 正确率：  34.00% -\u003e 1    0.00%, 2   34.00%, 3   66.00%\n"}
,{"stream_name":"stdout","time":12471.536669658,"data":"类型3 正确率：  50.00% -\u003e 1    0.00%, 2   50.00%, 3   50.00%\n"}
,{"stream_name":"stdout","time":12471.536674762,"data":"\n"}
,{"stream_name":"stdout","time":12471.536679402,"data":"\n"}
,{"stream_name":"stdout","time":12471.581008996,"data":"样本变换：reverse\n"}
,{"stream_name":"stdout","time":12474.897156008,"data":"样本变换：mask\n"}
,{"stream_name":"stdout","time":12478.248122822,"data":"样本变换：shift\n"}
,{"stream_name":"stdout","time":12481.562129878,"data":"样本变换：none\n"}
,{"stream_name":"stderr","time":12486.875056057,"data":"/usr/local/lib/python3.12/dist-packages/numpy/_core/fromnumeric.py:3596: RuntimeWarning: Mean of empty slice.\n"}
,{"stream_name":"stderr","time":12486.875124478,"data":"  return _methods._mean(a, axis=axis, dtype=dtype,\n"}
,{"stream_name":"stderr","time":12486.87513807,"data":"/usr/local/lib/python3.12/dist-packages/numpy/_core/_methods.py:138: RuntimeWarning: invalid value encountered in scalar divide\n"}
,{"stream_name":"stderr","time":12486.875142121,"data":"  ret = ret.dtype.type(ret / rcount)\n"}
,{"stream_name":"stderr","time":12486.876069422,"data":"/kaggle/working/k10/S09/sdalr_PU_final_checkpoint/tools.py:414: RuntimeWarning: Mean of empty slice.\n"}
,{"stream_name":"stderr","time":12486.876115782,"data":"  overall_acc = round(per_class_acc.mean(), 2)\n"}
,{"stream_name":"stderr","time":12486.876123278,"data":"/usr/local/lib/python3.12/dist-packages/numpy/_core/_methods.py:138: RuntimeWarning: invalid value encountered in scalar divide\n"}
,{"stream_name":"stderr","time":12486.876130232,"data":"  ret = ret.dtype.type(ret / rcount)\n"}
,{"stream_name":"stdout","time":12486.876298721,"data":"未过滤\t未用伪标签：61.33% -\u003e 使用伪标签：61.33%\n"}
,{"stream_name":"stdout","time":12486.876311457,"data":"已过滤\t未用伪标签：61.33% -\u003e 使用伪标签：61.33%\n"}
,{"stream_name":"stdout","time":12486.876339803,"data":"排除样本：2000|6000\t剩余：1680, 2320\n"}
,{"stream_name":"stdout","time":12486.876343819,"data":"增添样本：960\t\t细则：320, 640, 0\t正确率估算：100.00%\n"}
,{"stream_name":"stdout","time":12486.876346504,"data":"类型1 正确率： 100.00% -\u003e 1  100.00%, 2    0.00%, 3    0.00%\n"}
,{"stream_name":"stdout","time":12486.876349197,"data":"类型2 正确率：  34.00% -\u003e 1    0.00%, 2   34.00%, 3   66.00%\n"}
,{"stream_name":"stdout","time":12486.876351672,"data":"类型3 正确率：  50.00% -\u003e 1    0.00%, 2   50.00%, 3   50.00%\n"}
,{"stream_name":"stdout","time":12486.876354313,"data":"\n"}
,{"stream_name":"stdout","time":12486.876356709,"data":"被排除样本 正确率：nan%\n"}
,{"stream_name":"stdout","time":12486.876359169,"data":"\n"}
,{"stream_name":"stdout","time":12486.876361499,"data":"\n"}
,{"stream_name":"stdout","time":12499.877145389,"data":"轮次:·16/·20 || c_Loss:0.372 || e_Loss:-1.017 || Aad_Loss:-31.462 || 耗时：34.41s\n"}
,{"stream_name":"stdout","time":12513.062807012,"data":"轮次:·17/·20 || c_Loss:0.375 || e_Loss:-1.014 || Aad_Loss:-31.443 || 耗时：13.19s\n"}
,{"stream_name":"stdout","time":12526.336498241,"data":"轮次:·18/·20 || c_Loss:0.373 || e_Loss:-1.020 || Aad_Loss:-31.468 || 耗时：13.27s\n"}
,{"stream_name":"stdout","time":12539.621212954,"data":"轮次:·19/·20 || c_Loss:0.374 || e_Loss:-0.975 || Aad_Loss:-32.747 || 耗时：13.28s\n"}
,{"stream_name":"stdout","time":12552.881053806,"data":"轮次:·20/·20 || c_Loss:0.372 || e_Loss:-1.017 || Aad_Loss:-31.843 || 耗时：13.26s\n"}
,{"stream_name":"stdout","time":12558.979519769,"data":"任务: (B2)N15_M07_F10→(B1)N15_M01_F10; mix批次:····0; 批次:·1880/·1880;  总正确率: 61.33%\n"}
,{"stream_name":"stdout","time":12558.979573808,"data":"类型1 正确率： 100.00% -\u003e 1  100.00%, 2    0.00%, 3    0.00%\n"}
,{"stream_name":"stdout","time":12558.979580234,"data":"类型2 正确率：  34.00% -\u003e 1    0.00%, 2   34.00%, 3   66.00%\n"}
,{"stream_name":"stdout","time":12558.979583739,"data":"类型3 正确率：  50.00% -\u003e 1    0.00%, 2   50.00%, 3   50.00%\n"}
,{"stream_name":"stdout","time":12558.97958685,"data":"\n"}
,{"stream_name":"stdout","time":12558.979589718,"data":"\n"}
,{"stream_name":"stdout","time":12565.035136319,"data":"测试集任务: (B2)N15_M07_F10→(B1)N15_M01_F10; 总正确率 = 61.33%\n"}
,{"stream_name":"stdout","time":12565.035200246,"data":"类型1 正确率： 100.00% -\u003e 1  100.00%, 2    0.00%, 3    0.00%\n"}
,{"stream_name":"stdout","time":12565.035207857,"data":"类型2 正确率：  34.00% -\u003e 1    0.00%, 2   34.00%, 3   66.00%\n"}
,{"stream_name":"stdout","time":12565.035212641,"data":"类型3 正确率：  50.00% -\u003e 1    0.00%, 2   50.00%, 3   50.00%\n"}
,{"stream_name":"stdout","time":12565.035217488,"data":"\n"}
,{"stream_name":"stdout","time":12565.035222391,"data":"\n"}
,{"stream_name":"stdout","time":12565.059667917,"data":"[tar_adaptation_RES_PU.py --folder_root /kaggle/working/k10/S09/sdalr_PU_final_checkpoint/DATA_foldS09c --seed 2024 --class_num 3 --data_name PU_M1_L3 --output /kaggle/working/k10/S09/weight_PU_M1_final_checkpoint_FS09toS09c_s2024 --s 1 --t 0 --lr 0.0005 --threshold 0.4 --K 0.6] 366s\n"}
,{"stream_name":"stdout","time":12565.086603924,"data":"读取源域路径：/kaggle/working/k10/S09/weight_PU_M1_final_checkpoint_FS09toS09c_s2024/NEW_PU/Source-源域/log\u0026pt/(B2)N15_M07_F10\n"}
,{"stream_name":"stdout","time":12565.086659371,"data":"excel输出位置：/kaggle/working/k10/S09/weight_PU_M1_final_checkpoint_FS09toS09c_s2024/NEW_PU/Target-目标域\n"}
,{"stream_name":"stdout","time":12565.086666953,"data":"特征图片输出位置：/kaggle/working/k10/S09/weight_PU_M1_final_checkpoint_FS09toS09c_s2024/NEW_PU/Picture-特征图/2026年09月19日11时44分/(B2)N15_M07_F10\n"}
,{"stream_name":"stderr","time":12565.124257959,"data":"/usr/local/lib/python3.12/dist-packages/torch/nn/utils/weight_norm.py:144: FutureWarning: `torch.nn.utils.weight_norm` is deprecated in favor of `torch.nn.utils.parametrizations.weight_norm`.\n"}
,{"stream_name":"stderr","time":12565.124311702,"data":"  WeightNorm.apply(module, name, dim)\n"}
,{"stream_name":"stdout","time":12565.166846397,"data":"现在选取:(B2)N15_M07_F10 进行训练的源模型\n"}
,{"stream_name":"stdout","time":12565.166906982,"data":"现在进行：(B2)N15_M07_F10→(B3)N15_M07_F04 的迁移任务\n"}
,{"stream_name":"stdout","time":12565.166913195,"data":"log\u0026pt输出位置：/kaggle/working/k10/S09/weight_PU_M1_final_checkpoint_FS09toS09c_s2024/NEW_PU/Target-目标域/log\u0026pt/(B2)N15_M07_F10→(B3)N15_M07_F04\n"}
,{"stream_name":"stderr","time":12565.168711958,"data":"sh: 1: Syntax error: word unexpected (expecting \")\")\n"}
,{"stream_name":"stdout","time":12576.212220161,"data":"任务: (B2)N15_M07_F10→(B3)N15_M07_F04; 批次:····0/·1880;  总正确率: 65.13%\n"}
,{"stream_name":"stdout","time":12576.212263411,"data":"类型1 正确率： 100.00% -\u003e 1  100.00%, 2    0.00%, 3    0.00%\n"}
,{"stream_name":"stdout","time":12576.212271565,"data":"类型2 正确率：  47.00% -\u003e 1    0.05%, 2   47.20%, 3   52.75%\n"}
,{"stream_name":"stdout","time":12576.212276888,"data":"类型3 正确率：  48.00% -\u003e 1    6.30%, 2   45.50%, 3   48.20%\n"}
,{"stream_name":"stdout","time":12576.212282068,"data":"\n"}
,{"stream_name":"stdout","time":12576.212286866,"data":"\n"}
,{"stream_name":"stdout","time":12576.213130054,"data":"样本变换：reverse\n"}
,{"stream_name":"stdout","time":12579.506157766,"data":"样本变换：mask\n"}
,{"stream_name":"stdout","time":12582.869241924,"data":"样本变换：shift\n"}
,{"stream_name":"stdout","time":12586.198175704,"data":"样本变换：none\n"}
,{"stream_name":"stdout","time":12591.345807217,"data":"未过滤\t未用伪标签：65.13% -\u003e 使用伪标签：61.37%\n"}
,{"stream_name":"stdout","time":12591.345867173,"data":"已过滤\t未用伪标签：65.45% -\u003e 使用伪标签：61.73%\n"}
,{"stream_name":"stdout","time":12591.345875073,"data":"排除样本：35|6000\t剩余：2025, 1626, 2314\n"}
,{"stream_name":"stdout","time":12591.345880183,"data":"增添样本：977\t\t细则：289, 688, 0\t正确率估算：96.83%\n"}
,{"stream_name":"stdout","time":12591.345885628,"data":"类型1 正确率： 100.00% -\u003e 1  100.00%, 2    0.00%, 3    0.00%\n"}
,{"stream_name":"stdout","time":12591.345890348,"data":"类型2 正确率：  34.00% -\u003e 1    0.00%, 2   34.20%, 3   65.80%\n"}
,{"stream_name":"stdout","time":12591.345902133,"data":"类型3 正确率：  51.00% -\u003e 1    1.32%, 2   47.89%, 3   50.79%\n"}
,{"stream_name":"stdout","time":12591.345906762,"data":"\n"}
,{"stream_name":"stdout","time":12591.345914217,"data":"被排除样本 正确率：11.43%\n"}
,{"stream_name":"stdout","time":12591.345918037,"data":"类型1 正确率： 100.00% -\u003e 1  100.00%, 2    0.00%, 3    0.00%\n"}
,{"stream_name":"stdout","time":12591.34592115,"data":"类型2 正确率： 100.00% -\u003e 1    0.00%, 2  100.00%, 3    0.00%\n"}
,{"stream_name":"stdout","time":12591.345924202,"data":"类型3 正确率：   0.00% -\u003e 1   93.55%, 2    6.45%, 3    0.00%\n"}
,{"stream_name":"stdout","time":12591.34592755,"data":"\n"}
,{"stream_name":"stdout","time":12591.345930487,"data":"\n"}
,{"stream_name":"stdout","time":12604.566738836,"data":"轮次:··1/·20 || c_Loss:0.604 || e_Loss:-1.026 || Aad_Loss:-28.808 || 耗时：34.33s\n"}
,{"stream_name":"stdout","time":12617.909164206,"data":"轮次:··2/·20 || c_Loss:0.467 || e_Loss:-0.981 || Aad_Loss:-30.457 || 耗时：13.34s\n"}
,{"stream_name":"stdout","time":12631.237040706,"data":"轮次:··3/·20 || c_Loss:0.405 || e_Loss:-1.804 || Aad_Loss:-30.046 || 耗时：13.33s\n"}
,{"stream_name":"stdout","time":12644.423288359,"data":"轮次:··4/·20 || c_Loss:0.375 || e_Loss:-1.209 || Aad_Loss:-30.180 || 耗时：13.19s\n"}
,{"stream_name":"stdout","time":12657.547932701,"data":"轮次:··5/·20 || c_Loss:0.357 || e_Loss:-0.956 || Aad_Loss:-31.834 || 耗时：13.12s\n"}
,{"stream_name":"stdout","time":12663.586696089,"data":"任务: (B2)N15_M07_F10→(B3)N15_M07_F04; mix批次:····0; 批次:··470/·1880;  总正确率: 61.33%\n"}
,{"stream_name":"stdout","time":12663.586764911,"data":"类型1 正确率： 100.00% -\u003e 1  100.00%, 2    0.00%, 3    0.00%\n"}
,{"stream_name":"stdout","time":12663.586773471,"data":"类型2 正确率：  34.00% -\u003e 1    0.00%, 2   34.00%, 3   66.00%\n"}
,{"stream_name":"stdout","time":12663.586778431,"data":"类型3 正确率：  50.00% -\u003e 1    1.55%, 2   48.45%, 3   50.00%\n"}
,{"stream_name":"stdout","time":12663.586783111,"data":"\n"}
,{"stream_name":"stdout","time":12663.586787384,"data":"\n"}
,{"stream_name":"stdout","time":12663.619349619,"data":"样本变换：reverse\n"}
,{"stream_name":"stdout","time":12666.922130656,"data":"样本变换：mask\n"}
,{"stream_name":"stdout","time":12670.251153467,"data":"样本变换：shift\n"}
,{"stream_name":"stdout","time":12673.589149177,"data":"样本变换：none\n"}
,{"stream_name":"stderr","time":12678.685150099,"data":"/kaggle/working/k10/S09/sdalr_PU_final_checkpoint/tools.py:413: RuntimeWarning: invalid value encountered in divide\n"}
,{"stream_name":"stderr","time":12678.68519544,"data":"  per_class_acc = conf_matrix.diagonal() / conf_matrix.sum(axis=1) * 100\n"}
,{"stream_name":"stdout","time":12678.685293461,"data":"未过滤\t未用伪标签：61.33% -\u003e 使用伪标签：61.33%\n"}
,{"stream_name":"stdout","time":12678.68530826,"data":"已过滤\t未用伪标签：61.37% -\u003e 使用伪标签：61.37%\n"}
,{"stream_name":"stdout","time":12678.685313491,"data":"排除样本：4|6000\t剩余：2021, 1655, 2320\n"}
,{"stream_name":"stdout","time":12678.685328755,"data":"增添样本：964\t\t细则：299, 665, 0\t正确率估算：99.27%\n"}
,{"stream_name":"stdout","time":12678.685334485,"data":"类型1 正确率： 100.00% -\u003e 1  100.00%, 2    0.00%, 3    0.00%\n"}
,{"stream_name":"stdout","time":12678.685339497,"data":"类型2 正确率：  34.00% -\u003e 1    0.00%, 2   34.00%, 3   66.00%\n"}
,{"stream_name":"stdout","time":12678.685344573,"data":"类型3 正确率：  50.00% -\u003e 1    1.05%, 2   48.85%, 3   50.10%\n"}
,{"stream_name":"stdout","time":12678.68534896,"data":"\n"}
,{"stream_name":"stdout","time":12678.6853536,"data":"被排除样本 正确率：0.00%\n"}
,{"stream_name":"stdout","time":12678.685358097,"data":"类型1 没有样本或未被分类。\n"}
,{"stream_name":"stdout","time":12678.685362813,"data":"类型2 正确率：   0.00% -\u003e 1  100.00%, 2    0.00%\n"}
,{"stream_name":"stdout","time":12678.685367927,"data":"\n"}
,{"stream_name":"stdout","time":12678.68538248,"data":"\n"}
,{"stream_name":"stdout","time":12691.699154483,"data":"轮次:··6/·20 || c_Loss:0.366 || e_Loss:-0.981 || Aad_Loss:-31.898 || 耗时：34.15s\n"}
,{"stream_name":"stdout","time":12704.949675432,"data":"轮次:··7/·20 || c_Loss:0.372 || e_Loss:-1.002 || Aad_Loss:-31.874 || 耗时：13.25s\n"}
,{"stream_name":"stdout","time":12718.219994244,"data":"轮次:··8/·20 || c_Loss:0.369 || e_Loss:-0.991 || Aad_Loss:-31.871 || 耗时：13.27s\n"}
,{"stream_name":"stdout","time":12731.511542145,"data":"轮次:··9/·20 || c_Loss:0.372 || e_Loss:-0.957 || Aad_Loss:-32.189 || 耗时：13.29s\n"}
,{"stream_name":"stdout","time":12744.776175447,"data":"轮次:·10/·20 || c_Loss:0.368 || e_Loss:-1.017 || Aad_Loss:-31.416 || 耗时：13.26s\n"}
,{"stream_name":"stdout","time":12750.892027291,"data":"任务: (B2)N15_M07_F10→(B3)N15_M07_F04; mix批次:····0; 批次:··940/·1880;  总正确率: 61.33%\n"}
,{"stream_name":"stdout","time":12750.892097121,"data":"类型1 正确率： 100.00% -\u003e 1  100.00%, 2    0.00%, 3    0.00%\n"}
,{"stream_name":"stdout","time":12750.892108414,"data":"类型2 正确率：  34.00% -\u003e 1    0.00%, 2   34.00%, 3   66.00%\n"}
,{"stream_name":"stdout","time":12750.892114074,"data":"类型3 正确率：  50.00% -\u003e 1    0.60%, 2   49.40%, 3   50.00%\n"}
,{"stream_name":"stdout","time":12750.892119257,"data":"\n"}
,{"stream_name":"stdout","time":12750.892124281,"data":"\n"}
,{"stream_name":"stdout","time":12750.93600519,"data":"样本变换：reverse\n"}
,{"stream_name":"stdout","time":12754.263207813,"data":"样本变换：mask\n"}
,{"stream_name":"stdout","time":12757.589167413,"data":"样本变换：shift\n"}
,{"stream_name":"stdout","time":12760.903166622,"data":"样本变换：none\n"}
,{"stream_name":"stdout","time":12765.984033442,"data":"未过滤\t未用伪标签：61.33% -\u003e 使用伪标签：61.33%\n"}
,{"stream_name":"stdout","time":12765.984112243,"data":"已过滤\t未用伪标签：61.37% -\u003e 使用伪标签：61.37%\n"}
,{"stream_name":"stdout","time":12765.984122457,"data":"排除样本：4|6000\t剩余：2010, 1666, 2320\n"}
,{"stream_name":"stdout","time":12765.984128015,"data":"增添样本：964\t\t细则：310, 654, 0\t正确率估算：99.90%\n"}
,{"stream_name":"stdout","time":12765.984135042,"data":"类型1 正确率： 100.00% -\u003e 1  100.00%, 2    0.00%, 3    0.00%\n"}
,{"stream_name":"stdout","time":12765.984140445,"data":"类型2 正确率：  34.00% -\u003e 1    0.00%, 2   34.00%, 3   66.00%\n"}
,{"stream_name":"stdout","time":12765.984145265,"data":"类型3 正确率：  50.00% -\u003e 1    0.50%, 2   49.40%, 3   50.10%\n"}
,{"stream_name":"stderr","time":12765.984033198,"data":"/kaggle/working/k10/S09/sdalr_PU_final_checkpoint/tools.py:413: RuntimeWarning: invalid value encountered in divide\n"}
,{"stream_name":"stderr","time":12765.98416242,"data":"  per_class_acc = conf_matrix.diagonal() / conf_matrix.sum(axis=1) * 100\n"}
,{"stream_name":"stdout","time":12765.984149827,"data":"\n"}
,{"stream_name":"stdout","time":12765.98417574,"data":"被排除样本 正确率：0.00%\n"}
,{"stream_name":"stdout","time":12765.984180744,"data":"类型1 没有样本或未被分类。\n"}
,{"stream_name":"stdout","time":12765.984186017,"data":"类型2 没有样本或未被分类。\n"}
,{"stream_name":"stdout","time":12765.984190689,"data":"类型3 正确率：   0.00% -\u003e 1   75.00%, 2   25.00%, 3    0.00%\n"}
,{"stream_name":"stdout","time":12765.984196917,"data":"\n"}
,{"stream_name":"stdout","time":12765.984204475,"data":"\n"}
,{"stream_name":"stdout","time":12778.999714371,"data":"轮次:·11/·20 || c_Loss:0.369 || e_Loss:-0.985 || Aad_Loss:-32.253 || 耗时：34.22s\n"}
,{"stream_name":"stdout","time":12792.081361234,"data":"轮次:·12/·20 || c_Loss:0.371 || e_Loss:-1.002 || Aad_Loss:-32.123 || 耗时：13.08s\n"}
,{"stream_name":"stdout","time":12805.234819083,"data":"轮次:·13/·20 || c_Loss:0.369 || e_Loss:-0.993 || Aad_Loss:-32.094 || 耗时：13.15s\n"}
,{"stream_name":"stdout","time":12818.412109275,"data":"轮次:·14/·20 || c_Loss:0.372 || e_Loss:-0.963 || Aad_Loss:-32.525 || 耗时：13.18s\n"}
,{"stream_name":"stdout","time":12831.580397882,"data":"轮次:·15/·20 || c_Loss:0.370 || e_Loss:-1.013 || Aad_Loss:-31.616 || 耗时：13.17s\n"}
,{"stream_name":"stdout","time":12837.667114372,"data":"任务: (B2)N15_M07_F10→(B3)N15_M07_F04; mix批次:····0; 批次:·1410/·1880;  总正确率: 61.33%\n"}
,{"stream_name":"stdout","time":12837.667180423,"data":"类型1 正确率： 100.00% -\u003e 1  100.00%, 2    0.00%, 3    0.00%\n"}
,{"stream_name":"stdout","time":12837.667189601,"data":"类型2 正确率：  34.00% -\u003e 1    0.00%, 2   34.00%, 3   66.00%\n"}
,{"stream_name":"stdout","time":12837.667195863,"data":"类型3 正确率：  50.00% -\u003e 1    0.35%, 2   49.65%, 3   50.00%\n"}
,{"stream_name":"stdout","time":12837.667201253,"data":"\n"}
,{"stream_name":"stdout","time":12837.667206787,"data":"\n"}
,{"stream_name":"stdout","time":12837.710639677,"data":"样本变换：reverse\n"}
,{"stream_name":"stdout","time":12841.011148548,"data":"样本变换：mask\n"}
,{"stream_name":"stdout","time":12844.361231778,"data":"样本变换：shift\n"}
,{"stream_name":"stdout","time":12847.699117853,"data":"样本变换：none\n"}
,{"stream_name":"stderr","time":12852.824979947,"data":"/usr/local/lib/python3.12/dist-packages/numpy/_core/fromnumeric.py:3596: RuntimeWarning: Mean of empty slice.\n"}
,{"stream_name":"stderr","time":12852.82503847,"data":"  return _methods._mean(a, axis=axis, dtype=dtype,\n"}
,{"stream_name":"stderr","time":12852.825059894,"data":"/usr/local/lib/python3.12/dist-packages/numpy/_core/_methods.py:138: RuntimeWarning: invalid value encountered in scalar divide\n"}
,{"stream_name":"stderr","time":12852.825065865,"data":"  ret = ret.dtype.type(ret / rcount)\n"}
,{"stream_name":"stderr","time":12852.825887557,"data":"/kaggle/working/k10/S09/sdalr_PU_final_checkpoint/tools.py:414: RuntimeWarning: Mean of empty slice.\n"}
,{"stream_name":"stderr","time":12852.825913901,"data":"  overall_acc = round(per_class_acc.mean(), 2)\n"}
,{"stream_name":"stderr","time":12852.825922006,"data":"/usr/local/lib/python3.12/dist-packages/numpy/_core/_methods.py:138: RuntimeWarning: invalid value encountered in scalar divide\n"}
,{"stream_name":"stderr","time":12852.825927703,"data":"  ret = ret.dtype.type(ret / rcount)\n"}
,{"stream_name":"stdout","time":12852.826158347,"data":"未过滤\t未用伪标签：61.33% -\u003e 使用伪标签：61.33%\n"}
,{"stream_name":"stdout","time":12852.826171866,"data":"已过滤\t未用伪标签：61.33% -\u003e 使用伪标签：61.33%\n"}
,{"stream_name":"stdout","time":12852.826275193,"data":"排除样本：2007|6000\t剩余：1673, 2320\n"}
,{"stream_name":"stdout","time":12852.826280281,"data":"增添样本：960\t\t细则：313, 647, 0\t正确率估算：99.90%\n"}
,{"stream_name":"stdout","time":12852.826284246,"data":"类型1 正确率： 100.00% -\u003e 1  100.00%, 2    0.00%, 3    0.00%\n"}
,{"stream_name":"stdout","time":12852.826304349,"data":"类型2 正确率：  34.00% -\u003e 1    0.00%, 2   34.00%, 3   66.00%\n"}
,{"stream_name":"stdout","time":12852.826310847,"data":"类型3 正确率：  50.00% -\u003e 1    0.35%, 2   49.65%, 3   50.00%\n"}
,{"stream_name":"stdout","time":12852.826316684,"data":"\n"}
,{"stream_name":"stdout","time":12852.826322032,"data":"被排除样本 正确率：nan%\n"}
,{"stream_name":"stdout","time":12852.82632721,"data":"\n"}
,{"stream_name":"stdout","time":12852.826331641,"data":"\n"}
,{"stream_name":"stdout","time":12865.936406696,"data":"轮次:·16/·20 || c_Loss:0.373 || e_Loss:-1.021 || Aad_Loss:-31.534 || 耗时：34.36s\n"}
,{"stream_name":"stdout","time":12879.132078094,"data":"轮次:·17/·20 || c_Loss:0.377 || e_Loss:-1.007 || Aad_Loss:-31.322 || 耗时：13.20s\n"}
,{"stream_name":"stdout","time":12892.326712924,"data":"轮次:·18/·20 || c_Loss:0.376 || e_Loss:-1.013 || Aad_Loss:-31.054 || 耗时：13.19s\n"}
,{"stream_name":"stdout","time":12905.513405013,"data":"轮次:·19/·20 || c_Loss:0.374 || e_Loss:-0.972 || Aad_Loss:-32.351 || 耗时：13.19s\n"}
,{"stream_name":"stdout","time":12918.756715069,"data":"轮次:·20/·20 || c_Loss:0.373 || e_Loss:-1.018 || Aad_Loss:-31.863 || 耗时：13.24s\n"}
,{"stream_name":"stdout","time":12924.849020787,"data":"任务: (B2)N15_M07_F10→(B3)N15_M07_F04; mix批次:····0; 批次:·1880/·1880;  总正确率: 61.33%\n"}
,{"stream_name":"stdout","time":12924.849108654,"data":"类型1 正确率： 100.00% -\u003e 1  100.00%, 2    0.00%, 3    0.00%\n"}
,{"stream_name":"stdout","time":12924.849119255,"data":"类型2 正确率：  34.00% -\u003e 1    0.00%, 2   34.00%, 3   66.00%\n"}
,{"stream_name":"stdout","time":12924.849125006,"data":"类型3 正确率：  50.00% -\u003e 1    0.30%, 2   49.70%, 3   50.00%\n"}
,{"stream_name":"stdout","time":12924.84912976,"data":"\n"}
,{"stream_name":"stdout","time":12924.849134383,"data":"\n"}
,{"stream_name":"stdout","time":12930.92598774,"data":"测试集任务: (B2)N15_M07_F10→(B3)N15_M07_F04; 总正确率 = 61.33%\n"}
,{"stream_name":"stdout","time":12930.92605059,"data":"类型1 正确率： 100.00% -\u003e 1  100.00%, 2    0.00%, 3    0.00%\n"}
,{"stream_name":"stdout","time":12930.926058439,"data":"类型2 正确率：  34.00% -\u003e 1    0.00%, 2   34.00%, 3   66.00%\n"}
,{"stream_name":"stdout","time":12930.926063297,"data":"类型3 正确率：  50.00% -\u003e 1    0.30%, 2   49.70%, 3   50.00%\n"}
,{"stream_name":"stdout","time":12930.92606799,"data":"\n"}
,{"stream_name":"stdout","time":12930.926100691,"data":"\n"}
,{"stream_name":"stdout","time":12930.95316621,"data":"[tar_adaptation_RES_PU.py --folder_root /kaggle/working/k10/S09/sdalr_PU_final_checkpoint/DATA_foldS09c --seed 2024 --class_num 3 --data_name PU_M1_L3 --output /kaggle/working/k10/S09/weight_PU_M1_final_checkpoint_FS09toS09c_s2024 --s 1 --t 2 --lr 0.0005 --threshold 0.4 --K 0.6] 366s\n"}
,{"stream_name":"stdout","time":12930.98022256,"data":"读取源域路径：/kaggle/working/k10/S09/weight_PU_M1_final_checkpoint_FS09toS09c_s2024/NEW_PU/Source-源域/log\u0026pt/(B3)N15_M07_F04\n"}
,{"stream_name":"stdout","time":12930.980253131,"data":"excel输出位置：/kaggle/working/k10/S09/weight_PU_M1_final_checkpoint_FS09toS09c_s2024/NEW_PU/Target-目标域\n"}
,{"stream_name":"stdout","time":12930.980450801,"data":"特征图片输出位置：/kaggle/working/k10/S09/weight_PU_M1_final_checkpoint_FS09toS09c_s2024/NEW_PU/Picture-特征图/2026年09月19日11时50分/(B3)N15_M07_F04\n"}
,{"stream_name":"stderr","time":12931.018196464,"data":"/usr/local/lib/python3.12/dist-packages/torch/nn/utils/weight_norm.py:144: FutureWarning: `torch.nn.utils.weight_norm` is deprecated in favor of `torch.nn.utils.parametrizations.weight_norm`.\n"}
,{"stream_name":"stderr","time":12931.018246428,"data":"  WeightNorm.apply(module, name, dim)\n"}
,{"stream_name":"stdout","time":12931.060029611,"data":"现在选取:(B3)N15_M07_F04 进行训练的源模型\n"}
,{"stream_name":"stdout","time":12931.060072709,"data":"现在进行：(B3)N15_M07_F04→(B1)N15_M01_F10 的迁移任务\n"}
,{"stream_name":"stdout","time":12931.060106685,"data":"log\u0026pt输出位置：/kaggle/working/k10/S09/weight_PU_M1_final_checkpoint_FS09toS09c_s2024/NEW_PU/Target-目标域/log\u0026pt/(B3)N15_M07_F04→(B1)N15_M01_F10\n"}
,{"stream_name":"stderr","time":12931.061622152,"data":"sh: 1: Syntax error: word unexpected (expecting \")\")\n"}
,{"stream_name":"stdout","time":12942.135832791,"data":"任务: (B3)N15_M07_F04→(B1)N15_M01_F10; 批次:····0/·1880;  总正确率: 62.67%\n"}
,{"stream_name":"stdout","time":12942.13591051,"data":"类型1 正确率：  99.00% -\u003e 1   98.95%, 2    1.05%, 3    0.00%\n"}
,{"stream_name":"stdout","time":12942.135954637,"data":"类型2 正确率：  89.00% -\u003e 1    0.00%, 2   89.05%, 3   10.95%\n"}
,{"stream_name":"stdout","time":12942.135959835,"data":"类型3 正确率：   0.00% -\u003e 1    0.00%, 2  100.00%, 3    0.00%\n"}
,{"stream_name":"stdout","time":12942.135963515,"data":"\n"}
,{"stream_name":"stdout","time":12942.135967225,"data":"\n"}
,{"stream_name":"stdout","time":12942.136652152,"data":"样本变换：reverse\n"}
,{"stream_name":"stdout","time":12945.428138366,"data":"样本变换：mask\n"}
,{"stream_name":"stdout","time":12948.75315684,"data":"样本变换：shift\n"}
,{"stream_name":"stdout","time":12952.106161324,"data":"样本变换：none\n"}
,{"stream_name":"stderr","time":12957.716527478,"data":"/usr/local/lib/python3.12/dist-packages/sklearn/metrics/_classification.py:407: UserWarning: A single label was found in 'y_true' and 'y_pred'. For the confusion matrix to have the correct shape, use the 'labels' parameter to pass all known labels.\n"}
,{"stream_name":"stderr","time":12957.716579995,"data":"  warnings.warn(\n"}
,{"stream_name":"stdout","time":12957.716598563,"data":"未过滤\t未用伪标签：62.67% -\u003e 使用伪标签：54.52%\n"}
,{"stream_name":"stdout","time":12957.716612499,"data":"已过滤\t未用伪标签：62.14% -\u003e 使用伪标签：55.29%\n"}
,{"stream_name":"stdout","time":12957.71661777,"data":"排除样本：84|6000\t剩余：1998, 3275, 643\n"}
,{"stream_name":"stdout","time":12957.716622638,"data":"增添样本：3909\t\t细则：1277, 0, 2632\t正确率估算：77.55%\n"}
,{"stream_name":"stdout","time":12957.716627322,"data":"类型1 正确率： 100.00% -\u003e 1   99.90%, 2    0.10%, 3    0.00%\n"}
,{"stream_name":"stdout","time":12957.716631536,"data":"类型2 正确率：  66.00% -\u003e 1    0.00%, 2   66.44%, 3   33.56%\n"}
,{"stream_name":"stdout","time":12957.716635901,"data":"类型3 正确率：   0.00% -\u003e 1    0.00%, 2  100.00%, 3    0.00%\n"}
,{"stream_name":"stdout","time":12957.716640174,"data":"\n"}
,{"stream_name":"stdout","time":12957.716644276,"data":"被排除样本 正确率：100.00%\n"}
,{"stream_name":"stdout","time":12957.716648362,"data":"类型1 正确率： 100.00% -\u003e 1  100.00%\n"}
,{"stream_name":"stdout","time":12957.716652707,"data":"\n"}
,{"stream_name":"stdout","time":12957.716656716,"data":"\n"}
,{"stream_name":"stdout","time":12970.928005555,"data":"轮次:··1/·20 || c_Loss:0.452 || e_Loss:-0.873 || Aad_Loss:-30.180 || 耗时：34.77s\n"}
,{"stream_name":"stdout","time":12984.215688332,"data":"轮次:··2/·20 || c_Loss:0.389 || e_Loss:-1.480 || Aad_Loss:-34.677 || 耗时：13.29s\n"}
,{"stream_name":"stdout","time":12997.465795405,"data":"轮次:··3/·20 || c_Loss:0.403 || e_Loss:-0.839 || Aad_Loss:-32.583 || 耗时：13.25s\n"}
,{"stream_name":"stdout","time":13010.615207131,"data":"轮次:··4/·20 || c_Loss:0.384 || e_Loss:-1.653 || Aad_Loss:-33.345 || 耗时：13.15s\n"}
,{"stream_name":"stdout","time":13023.730024656,"data":"轮次:··5/·20 || c_Loss:0.376 || e_Loss:-0.756 || Aad_Loss:-39.098 || 耗时：13.11s\n"}
,{"stream_name":"stdout","time":13029.803051432,"data":"任务: (B3)N15_M07_F04→(B1)N15_M01_F10; mix批次:····0; 批次:··470/·1880;  总正确率: 55.97%\n"}
,{"stream_name":"stdout","time":13029.803109364,"data":"类型1 正确率： 100.00% -\u003e 1  100.00%, 2    0.00%, 3    0.00%\n"}
,{"stream_name":"stdout","time":13029.803119199,"data":"类型2 正确率：  68.00% -\u003e 1    0.00%, 2   67.90%, 3   32.10%\n"}
,{"stream_name":"stdout","time":13029.803124452,"data":"类型3 正确率：   0.00% -\u003e 1    0.00%, 2  100.00%, 3    0.00%\n"}
,{"stream_name":"stdout","time":13029.803147592,"data":"\n"}
,{"stream_name":"stdout","time":13029.803151624,"data":"\n"}
,{"stream_name":"stdout","time":13029.835182695,"data":"样本变换：reverse\n"}
,{"stream_name":"stdout","time":13033.143211325,"data":"样本变换：mask\n"}
,{"stream_name":"stdout","time":13036.477234197,"data":"样本变换：shift\n"}
,{"stream_name":"stdout","time":13039.814147362,"data":"样本变换：none\n"}
,{"stream_name":"stderr","time":13045.439195268,"data":"/kaggle/working/k10/S09/sdalr_PU_final_checkpoint/tools.py:413: RuntimeWarning: invalid value encountered in divide\n"}
,{"stream_name":"stderr","time":13045.439250414,"data":"  per_class_acc = conf_matrix.diagonal() / conf_matrix.sum(axis=1) * 100\n"}
,{"stream_name":"stdout","time":13045.439421469,"data":"未过滤\t未用伪标签：55.97% -\u003e 使用伪标签：57.35%\n"}
,{"stream_name":"stdout","time":13045.4394333,"data":"已过滤\t未用伪标签：56.02% -\u003e 使用伪标签：57.43%\n"}
,{"stream_name":"stdout","time":13045.439439414,"data":"排除样本：8|6000\t剩余：2000, 3441, 551\n"}
,{"stream_name":"stdout","time":13045.439444792,"data":"增添样本：4331\t\t细则：1441, 0, 2890\t正确率估算：100.00%\n"}
,{"stream_name":"stdout","time":13045.439449976,"data":"类型1 正确率： 100.00% -\u003e 1  100.00%, 2    0.00%, 3    0.00%\n"}
,{"stream_name":"stdout","time":13045.439454877,"data":"类型2 正确率：  72.00% -\u003e 1    0.00%, 2   72.34%, 3   27.66%\n"}
,{"stream_name":"stdout","time":13045.439459306,"data":"类型3 正确率：   0.00% -\u003e 1    0.00%, 2  100.00%, 3    0.00%\n"}
,{"stream_name":"stdout","time":13045.43946376,"data":"\n"}
,{"stream_name":"stdout","time":13045.43946784,"data":"被排除样本 正确率：12.50%\n"}
,{"stream_name":"stdout","time":13045.439472205,"data":"类型1 正确率：  12.00% -\u003e 1   12.50%, 2   87.50%\n"}
,{"stream_name":"stdout","time":13045.439477112,"data":"类型2 没有样本或未被分类。\n"}
,{"stream_name":"stdout","time":13045.439481577,"data":"\n"}
,{"stream_name":"stdout","time":13045.439485615,"data":"\n"}
,{"stream_name":"stdout","time":13058.478807323,"data":"轮次:··6/·20 || c_Loss:0.368 || e_Loss:-0.862 || Aad_Loss:-37.088 || 耗时：34.75s\n"}
,{"stream_name":"stdout","time":13071.680718546,"data":"轮次:··7/·20 || c_Loss:0.377 || e_Loss:-0.925 || Aad_Loss:-33.864 || 耗时：13.20s\n"}
,{"stream_name":"stdout","time":13084.892449675,"data":"轮次:··8/·20 || c_Loss:0.383 || e_Loss:-1.096 || Aad_Loss:-37.278 || 耗时：13.21s\n"}
,{"stream_name":"stdout","time":13098.133764397,"data":"轮次:··9/·20 || c_Loss:0.405 || e_Loss:-0.744 || Aad_Loss:-42.888 || 耗时：13.24s\n"}
,{"stream_name":"stdout","time":13111.393753337,"data":"轮次:·10/·20 || c_Loss:0.382 || e_Loss:-0.911 || Aad_Loss:-36.805 || 耗时：13.26s\n"}
,{"stream_name":"stdout","time":13117.476829816,"data":"任务: (B3)N15_M07_F04→(B1)N15_M01_F10; mix批次:····0; 批次:··940/·1880;  总正确率: 57.23%\n"}
,{"stream_name":"stdout","time":13117.476884409,"data":"类型1 正确率： 100.00% -\u003e 1  100.00%, 2    0.00%, 3    0.00%\n"}
,{"stream_name":"stdout","time":13117.47690766,"data":"类型2 正确率：  72.00% -\u003e 1    0.00%, 2   71.70%, 3   28.30%\n"}
,{"stream_name":"stdout","time":13117.476913592,"data":"类型3 正确率：   0.00% -\u003e 1    0.00%, 2  100.00%, 3    0.00%\n"}
,{"stream_name":"stdout","time":13117.476919049,"data":"\n"}
,{"stream_name":"stdout","time":13117.47692391,"data":"\n"}
,{"stream_name":"stdout","time":13117.522744709,"data":"样本变换：reverse\n"}
,{"stream_name":"stdout","time":13120.790161084,"data":"样本变换：mask\n"}
,{"stream_name":"stdout","time":13124.117120863,"data":"样本变换：shift\n"}
,{"stream_name":"stdout","time":13127.412505363,"data":"样本变换：none\n"}
,{"stream_name":"stderr","time":13133.032220257,"data":"/kaggle/working/k10/S09/sdalr_PU_final_checkpoint/tools.py:413: RuntimeWarning: invalid value encountered in divide\n"}
,{"stream_name":"stderr","time":13133.032261652,"data":"  per_class_acc = conf_matrix.diagonal() / conf_matrix.sum(axis=1) * 100\n"}
,{"stream_name":"stdout","time":13133.032326261,"data":"未过滤\t未用伪标签：57.23% -\u003e 使用伪标签：57.60%\n"}
,{"stream_name":"stdout","time":13133.03235141,"data":"已过滤\t未用伪标签：57.30% -\u003e 使用伪标签：57.67%\n"}
,{"stream_name":"stdout","time":13133.032356526,"data":"排除样本：7|6000\t剩余：2000, 3456, 537\n"}
,{"stream_name":"stdout","time":13133.032361095,"data":"增添样本：4375\t\t细则：1456, 0, 2919\t正确率估算：100.00%\n"}
,{"stream_name":"stdout","time":13133.032365568,"data":"类型1 正确率： 100.00% -\u003e 1  100.00%, 2    0.00%, 3    0.00%\n"}
,{"stream_name":"stdout","time":13133.032369846,"data":"类型2 正确率：  73.00% -\u003e 1    0.00%, 2   73.06%, 3   26.94%\n"}
,{"stream_name":"stdout","time":13133.03237382,"data":"类型3 正确率：   0.00% -\u003e 1    0.00%, 2  100.00%, 3    0.00%\n"}
,{"stream_name":"stdout","time":13133.03237809,"data":"\n"}
,{"stream_name":"stdout","time":13133.032382139,"data":"被排除样本 正确率：0.00%\n"}
,{"stream_name":"stdout","time":13133.032385928,"data":"类型1 正确率：   0.00% -\u003e 1    0.00%, 2  100.00%\n"}
,{"stream_name":"stdout","time":13133.032390055,"data":"类型2 没有样本或未被分类。\n"}
,{"stream_name":"stdout","time":13133.032394287,"data":"\n"}
,{"stream_name":"stdout","time":13133.032398647,"data":"\n"}
,{"stream_name":"stdout","time":13146.050748125,"data":"轮次:·11/·20 || c_Loss:0.382 || e_Loss:-0.867 || Aad_Loss:-38.885 || 耗时：34.66s\n"}
,{"stream_name":"stdout","time":13159.144281358,"data":"轮次:·12/·20 || c_Loss:0.391 || e_Loss:-0.910 || Aad_Loss:-33.284 || 耗时：13.09s\n"}
,{"stream_name":"stdout","time":13172.227154509,"data":"轮次:·13/·20 || c_Loss:0.390 || e_Loss:-0.893 || Aad_Loss:-35.653 || 耗时：13.08s\n"}
,{"stream_name":"stdout","time":13185.287875945,"data":"轮次:·14/·20 || c_Loss:0.389 || e_Loss:-0.910 || Aad_Loss:-36.764 || 耗时：13.06s\n"}
,{"stream_name":"stdout","time":13198.366252105,"data":"轮次:·15/·20 || c_Loss:0.396 || e_Loss:-0.884 || Aad_Loss:-31.700 || 耗时：13.08s\n"}
,{"stream_name":"stdout","time":13204.393721131,"data":"任务: (B3)N15_M07_F04→(B1)N15_M01_F10; mix批次:····0; 批次:·1410/·1880;  总正确率: 57.43%\n"}
,{"stream_name":"stdout","time":13204.393769202,"data":"类型1 正确率： 100.00% -\u003e 1  100.00%, 2    0.00%, 3    0.00%\n"}
,{"stream_name":"stdout","time":13204.393775059,"data":"类型2 正确率：  72.00% -\u003e 1    0.00%, 2   72.30%, 3   27.70%\n"}
,{"stream_name":"stdout","time":13204.393778455,"data":"类型3 正确率：   0.00% -\u003e 1    0.00%, 2  100.00%, 3    0.00%\n"}
,{"stream_name":"stdout","time":13204.393798318,"data":"\n"}
,{"stream_name":"stdout","time":13204.393803671,"data":"\n"}
,{"stream_name":"stdout","time":13204.435792588,"data":"样本变换：reverse\n"}
,{"stream_name":"stdout","time":13207.697172925,"data":"样本变换：mask\n"}
,{"stream_name":"stdout","time":13210.991175454,"data":"样本变换：shift\n"}
,{"stream_name":"stdout","time":13214.304346254,"data":"样本变换：none\n"}
,{"stream_name":"stderr","time":13219.886262061,"data":"/kaggle/working/k10/S09/sdalr_PU_final_checkpoint/tools.py:413: RuntimeWarning: invalid value encountered in divide\n"}
,{"stream_name":"stderr","time":13219.886326219,"data":"  per_class_acc = conf_matrix.diagonal() / conf_matrix.sum(axis=1) * 100\n"}
,{"stream_name":"stdout","time":13219.88629014,"data":"未过滤\t未用伪标签：57.43% -\u003e 使用伪标签：57.72%\n"}
,{"stream_name":"stdout","time":13219.886338809,"data":"已过滤\t未用伪标签：57.46% -\u003e 使用伪标签：57.75%\n"}
,{"stream_name":"stdout","time":13219.886343004,"data":"排除样本：3|6000\t剩余：2000, 3463, 534\n"}
,{"stream_name":"stdout","time":13219.886346854,"data":"增添样本：4392\t\t细则：1463, 0, 2929\t正确率估算：100.00%\n"}
,{"stream_name":"stdout","time":13219.886350032,"data":"类型1 正确率： 100.00% -\u003e 1  100.00%, 2    0.00%, 3    0.00%\n"}
,{"stream_name":"stdout","time":13219.886370621,"data":"类型2 正确率：  73.00% -\u003e 1    0.00%, 2   73.26%, 3   26.74%\n"}
,{"stream_name":"stdout","time":13219.886374415,"data":"类型3 正确率：   0.00% -\u003e 1    0.00%, 2  100.00%, 3    0.00%\n"}
,{"stream_name":"stdout","time":13219.886378125,"data":"\n"}
,{"stream_name":"stdout","time":13219.886381698,"data":"被排除样本 正确率：0.00%\n"}
,{"stream_name":"stdout","time":13219.88638569,"data":"类型1 正确率：   0.00% -\u003e 1    0.00%, 2  100.00%\n"}
,{"stream_name":"stdout","time":13219.886389999,"data":"类型2 没有样本或未被分类。\n"}
,{"stream_name":"stdout","time":13219.886393925,"data":"\n"}
,{"stream_name":"stdout","time":13219.88639705,"data":"\n"}
,{"stream_name":"stdout","time":13232.850863397,"data":"轮次:·16/·20 || c_Loss:0.383 || e_Loss:-0.908 || Aad_Loss:-37.077 || 耗时：34.48s\n"}
,{"stream_name":"stdout","time":13245.93069212,"data":"轮次:·17/·20 || c_Loss:0.390 || e_Loss:-0.837 || Aad_Loss:-37.823 || 耗时：13.08s\n"}
,{"stream_name":"stdout","time":13259.020072121,"data":"轮次:·18/·20 || c_Loss:0.384 || e_Loss:-0.881 || Aad_Loss:-38.883 || 耗时：13.09s\n"}
,{"stream_name":"stdout","time":13272.134300312,"data":"轮次:·19/·20 || c_Loss:0.381 || e_Loss:-0.932 || Aad_Loss:-35.998 || 耗时：13.11s\n"}
,{"stream_name":"stdout","time":13285.223140267,"data":"轮次:·20/·20 || c_Loss:0.408 || e_Loss:-0.921 || Aad_Loss:-35.553 || 耗时：13.09s\n"}
,{"stream_name":"stdout","time":13291.267556438,"data":"任务: (B3)N15_M07_F04→(B1)N15_M01_F10; mix批次:····0; 批次:·1880/·1880;  总正确率: 57.35%\n"}
,{"stream_name":"stdout","time":13291.267638719,"data":"类型1 正确率： 100.00% -\u003e 1  100.00%, 2    0.00%, 3    0.00%\n"}
,{"stream_name":"stdout","time":13291.267651842,"data":"类型2 正确率：  72.00% -\u003e 1    0.00%, 2   72.05%, 3   27.95%\n"}
,{"stream_name":"stdout","time":13291.267657407,"data":"类型3 正确率：   0.00% -\u003e 1    0.00%, 2  100.00%, 3    0.00%\n"}
,{"stream_name":"stdout","time":13291.26766234,"data":"\n"}
,{"stream_name":"stdout","time":13291.267670119,"data":"\n"}
,{"stream_name":"stdout","time":13297.271059543,"data":"测试集任务: (B3)N15_M07_F04→(B1)N15_M01_F10; 总正确率 = 57.35%\n"}
,{"stream_name":"stdout","time":13297.27112166,"data":"类型1 正确率： 100.00% -\u003e 1  100.00%, 2    0.00%, 3    0.00%\n"}
,{"stream_name":"stdout","time":13297.271131179,"data":"类型2 正确率：  72.00% -\u003e 1    0.00%, 2   72.05%, 3   27.95%\n"}
,{"stream_name":"stdout","time":13297.27113742,"data":"类型3 正确率：   0.00% -\u003e 1    0.00%, 2  100.00%, 3    0.00%\n"}
,{"stream_name":"stdout","time":13297.271143778,"data":"\n"}
,{"stream_name":"stdout","time":13297.271149383,"data":"\n"}
,{"stream_name":"stdout","time":13297.297950348,"data":"[tar_adaptation_RES_PU.py --folder_root /kaggle/working/k10/S09/sdalr_PU_final_checkpoint/DATA_foldS09c --seed 2024 --class_num 3 --data_name PU_M1_L3 --output /kaggle/working/k10/S09/weight_PU_M1_final_checkpoint_FS09toS09c_s2024 --s 2 --t 0 --lr 0.0005 --threshold 0.4 --K 0.6] 366s\n"}
,{"stream_name":"stdout","time":13297.322098293,"data":"读取源域路径：/kaggle/working/k10/S09/weight_PU_M1_final_checkpoint_FS09toS09c_s2024/NEW_PU/Source-源域/log\u0026pt/(B3)N15_M07_F04\n"}
,{"stream_name":"stdout","time":13297.322129421,"data":"excel输出位置：/kaggle/working/k10/S09/weight_PU_M1_final_checkpoint_FS09toS09c_s2024/NEW_PU/Target-目标域\n"}
,{"stream_name":"stdout","time":13297.322145637,"data":"特征图片输出位置：/kaggle/working/k10/S09/weight_PU_M1_final_checkpoint_FS09toS09c_s2024/NEW_PU/Picture-特征图/2026年09月19日11时56分/(B3)N15_M07_F04\n"}
,{"stream_name":"stderr","time":13297.356461415,"data":"/usr/local/lib/python3.12/dist-packages/torch/nn/utils/weight_norm.py:144: FutureWarning: `torch.nn.utils.weight_norm` is deprecated in favor of `torch.nn.utils.parametrizations.weight_norm`.\n"}
,{"stream_name":"stderr","time":13297.356509287,"data":"  WeightNorm.apply(module, name, dim)\n"}
,{"stream_name":"stdout","time":13297.394419635,"data":"现在选取:(B3)N15_M07_F04 进行训练的源模型\n"}
,{"stream_name":"stdout","time":13297.394459421,"data":"现在进行：(B3)N15_M07_F04→(B2)N15_M07_F10 的迁移任务\n"}
,{"stream_name":"stdout","time":13297.394469778,"data":"log\u0026pt输出位置：/kaggle/working/k10/S09/weight_PU_M1_final_checkpoint_FS09toS09c_s2024/NEW_PU/Target-目标域/log\u0026pt/(B3)N15_M07_F04→(B2)N15_M07_F10\n"}
,{"stream_name":"stderr","time":13297.395851312,"data":"sh: 1: Syntax error: word unexpected (expecting \")\")\n"}
,{"stream_name":"stdout","time":13308.425405808,"data":"任务: (B3)N15_M07_F04→(B2)N15_M07_F10; 批次:····0/·1880;  总正确率: 64.23%\n"}
,{"stream_name":"stdout","time":13308.425467495,"data":"类型1 正确率：  97.00% -\u003e 1   97.30%, 2    2.70%, 3    0.00%\n"}
,{"stream_name":"stdout","time":13308.42547643,"data":"类型2 正确率：  95.00% -\u003e 1    0.10%, 2   95.40%, 3    4.50%\n"}
,{"stream_name":"stdout","time":13308.425481505,"data":"类型3 正确率：   0.00% -\u003e 1    0.00%, 2  100.00%, 3    0.00%\n"}
,{"stream_name":"stdout","time":13308.425486087,"data":"\n"}
,{"stream_name":"stdout","time":13308.425490315,"data":"\n"}
,{"stream_name":"stdout","time":13308.426210738,"data":"样本变换：reverse\n"}
,{"stream_name":"stdout","time":13311.673150788,"data":"样本变换：mask\n"}
,{"stream_name":"stdout","time":13314.938159602,"data":"样本变换：shift\n"}
,{"stream_name":"stdout","time":13318.230713051,"data":"样本变换：none\n"}
,{"stream_name":"stdout","time":13323.788536417,"data":"未过滤\t未用伪标签：64.23% -\u003e 使用伪标签：54.92%\n"}
,{"stream_name":"stdout","time":13323.788596261,"data":"已过滤\t未用伪标签：63.65% -\u003e 使用伪标签：55.89%\n"}
,{"stream_name":"stdout","time":13323.788604242,"data":"排除样本：104|6000\t剩余：1995, 3309, 592\n"}
,{"stream_name":"stdout","time":13323.788609411,"data":"增添样本：4031\t\t细则：1314, 0, 2717\t正确率估算：72.04%\n"}
,{"stream_name":"stdout","time":13323.788615174,"data":"类型1 正确率： 100.00% -\u003e 1   99.70%, 2    0.30%, 3    0.00%\n"}
,{"stream_name":"stdout","time":13323.788620065,"data":"类型2 正确率：  69.00% -\u003e 1    0.16%, 2   68.65%, 3   31.19%\n"}
,{"stream_name":"stdout","time":13323.788624535,"data":"类型3 正确率：   0.00% -\u003e 1    0.00%, 2  100.00%, 3    0.00%\n"}
,{"stream_name":"stdout","time":13323.788629042,"data":"\n"}
,{"stream_name":"stdout","time":13323.788633153,"data":"被排除样本 正确率：97.12%\n"}
,{"stream_name":"stdout","time":13323.788674739,"data":"类型1 正确率：   0.00% -\u003e 1    0.00%, 2  100.00%\n"}
,{"stream_name":"stdout","time":13323.788679797,"data":"类型2 正确率：  99.00% -\u003e 1    0.98%, 2   99.02%\n"}
,{"stream_name":"stdout","time":13323.788683907,"data":"\n"}
,{"stream_name":"stdout","time":13323.78868767,"data":"\n"}
,{"stream_name":"stdout","time":13337.006655211,"data":"轮次:··1/·20 || c_Loss:0.574 || e_Loss:-1.462 || Aad_Loss:-37.676 || 耗时：34.51s\n"}
,{"stream_name":"stdout","time":13350.286664948,"data":"轮次:··2/·20 || c_Loss:0.430 || e_Loss:-1.246 || Aad_Loss:-33.490 || 耗时：13.28s\n"}
,{"stream_name":"stdout","time":13363.420056597,"data":"轮次:··3/·20 || c_Loss:0.378 || e_Loss:-1.431 || Aad_Loss:-37.307 || 耗时：13.13s\n"}
,{"stream_name":"stdout","time":13376.440378908,"data":"轮次:··4/·20 || c_Loss:0.390 || e_Loss:-0.722 || Aad_Loss:-38.201 || 耗时：13.02s\n"}
,{"stream_name":"stdout","time":13389.547838489,"data":"轮次:··5/·20 || c_Loss:0.403 || e_Loss:-0.731 || Aad_Loss:-35.297 || 耗时：13.11s\n"}
,{"stream_name":"stdout","time":13395.606629044,"data":"任务: (B3)N15_M07_F04→(B2)N15_M07_F10; mix批次:····0; 批次:··470/·1880;  总正确率: 55.92%\n"}
,{"stream_name":"stdout","time":13395.606683624,"data":"类型1 正确率： 100.00% -\u003e 1  100.00%, 2    0.00%, 3    0.00%\n"}
,{"stream_name":"stdout","time":13395.606703785,"data":"类型2 正确率：  68.00% -\u003e 1    0.05%, 2   67.75%, 3   32.20%\n"}
,{"stream_name":"stdout","time":13395.606709804,"data":"类型3 正确率：   0.00% -\u003e 1    0.00%, 2  100.00%, 3    0.00%\n"}
,{"stream_name":"stdout","time":13395.606715044,"data":"\n"}
,{"stream_name":"stdout","time":13395.606720202,"data":"\n"}
,{"stream_name":"stdout","time":13395.638634962,"data":"样本变换：reverse\n"}
,{"stream_name":"stdout","time":13398.927164448,"data":"样本变换：mask\n"}
,{"stream_name":"stdout","time":13402.2301328,"data":"样本变换：shift\n"}
,{"stream_name":"stdout","time":13405.512231253,"data":"样本变换：none\n"}
,{"stream_name":"stderr","time":13411.067806571,"data":"/kaggle/working/k10/S09/sdalr_PU_final_checkpoint/tools.py:413: RuntimeWarning: invalid value encountered in divide\n"}
,{"stream_name":"stderr","time":13411.067850973,"data":"  per_class_acc = conf_matrix.diagonal() / conf_matrix.sum(axis=1) * 100\n"}
,{"stream_name":"stdout","time":13411.067871781,"data":"未过滤\t未用伪标签：55.92% -\u003e 使用伪标签：55.82%\n"}
,{"stream_name":"stdout","time":13411.067904066,"data":"已过滤\t未用伪标签：55.99% -\u003e 使用伪标签：56.11%\n"}
,{"stream_name":"stdout","time":13411.067912625,"data":"排除样本：31|6000\t剩余：2001, 3349, 619\n"}
,{"stream_name":"stdout","time":13411.067918112,"data":"增添样本：4078\t\t细则：1348, 0, 2730\t正确率估算：98.73%\n"}
,{"stream_name":"stdout","time":13411.067922947,"data":"类型1 正确率： 100.00% -\u003e 1  100.00%, 2    0.00%, 3    0.00%\n"}
,{"stream_name":"stdout","time":13411.067927781,"data":"类型2 正确率：  69.00% -\u003e 1    0.05%, 2   68.51%, 3   31.44%\n"}
,{"stream_name":"stdout","time":13411.067932582,"data":"类型3 正确率：   0.00% -\u003e 1    0.00%, 2  100.00%, 3    0.00%\n"}
,{"stream_name":"stdout","time":13411.067936918,"data":"\n"}
,{"stream_name":"stdout","time":13411.067941262,"data":"被排除样本 正确率：41.94%\n"}
,{"stream_name":"stdout","time":13411.067946141,"data":"类型1 正确率：  42.00% -\u003e 1   41.94%, 2   58.06%\n"}
,{"stream_name":"stdout","time":13411.067950568,"data":"类型2 没有样本或未被分类。\n"}
,{"stream_name":"stdout","time":13411.067971884,"data":"\n"}
,{"stream_name":"stdout","time":13411.067975744,"data":"\n"}
,{"stream_name":"stdout","time":13424.227411979,"data":"轮次:··6/·20 || c_Loss:0.415 || e_Loss:-1.443 || Aad_Loss:-38.818 || 耗时：34.68s\n"}
,{"stream_name":"stdout","time":13437.47021676,"data":"轮次:··7/·20 || c_Loss:0.395 || e_Loss:-0.818 || Aad_Loss:-32.404 || 耗时：13.24s\n"}
,{"stream_name":"stdout","time":13450.691196301,"data":"轮次:··8/·20 || c_Loss:0.391 || e_Loss:-0.825 || Aad_Loss:-35.938 || 耗时：13.22s\n"}
,{"stream_name":"stdout","time":13463.91616236,"data":"轮次:··9/·20 || c_Loss:0.390 || e_Loss:-0.756 || Aad_Loss:-42.104 || 耗时：13.22s\n"}
,{"stream_name":"stdout","time":13477.099116156,"data":"轮次:·10/·20 || c_Loss:0.431 || e_Loss:-0.746 || Aad_Loss:-35.975 || 耗时：13.18s\n"}
,{"stream_name":"stdout","time":13483.146762542,"data":"任务: (B3)N15_M07_F04→(B2)N15_M07_F10; mix批次:····0; 批次:··940/·1880;  总正确率: 56.32%\n"}
,{"stream_name":"stdout","time":13483.146828287,"data":"类型1 正确率： 100.00% -\u003e 1  100.00%, 2    0.00%, 3    0.00%\n"}
,{"stream_name":"stdout","time":13483.146837273,"data":"类型2 正确率：  69.00% -\u003e 1    0.05%, 2   68.95%, 3   31.00%\n"}
,{"stream_name":"stdout","time":13483.146843065,"data":"类型3 正确率：   0.00% -\u003e 1    0.00%, 2  100.00%, 3    0.00%\n"}
,{"stream_name":"stdout","time":13483.146848459,"data":"\n"}
,{"stream_name":"stdout","time":13483.146852667,"data":"\n"}
,{"stream_name":"stdout","time":13483.192235613,"data":"样本变换：reverse\n"}
,{"stream_name":"stdout","time":13486.483222236,"data":"样本变换：mask\n"}
,{"stream_name":"stdout","time":13489.784046557,"data":"样本变换：shift\n"}
,{"stream_name":"stdout","time":13493.104156676,"data":"样本变换：none\n"}
,{"stream_name":"stderr","time":13498.737548947,"data":"/kaggle/working/k10/S09/sdalr_PU_final_checkpoint/tools.py:413: RuntimeWarning: invalid value encountered in divide\n"}
,{"stream_name":"stderr","time":13498.737603223,"data":"  per_class_acc = conf_matrix.diagonal() / conf_matrix.sum(axis=1) * 100\n"}
,{"stream_name":"stdout","time":13498.737644445,"data":"未过滤\t未用伪标签：56.32% -\u003e 使用伪标签：57.58%\n"}
,{"stream_name":"stdout","time":13498.737671699,"data":"已过滤\t未用伪标签：56.41% -\u003e 使用伪标签：57.72%\n"}
,{"stream_name":"stdout","time":13498.737677982,"data":"排除样本：14|6000\t剩余：2000, 3455, 531\n"}
,{"stream_name":"stdout","time":13498.737683114,"data":"增添样本：4379\t\t细则：1455, 0, 2924\t正确率估算：100.00%\n"}
,{"stream_name":"stdout","time":13498.737688003,"data":"类型1 正确率： 100.00% -\u003e 1  100.00%, 2    0.00%, 3    0.00%\n"}
,{"stream_name":"stdout","time":13498.737692818,"data":"类型2 正确率：  73.00% -\u003e 1    0.00%, 2   73.26%, 3   26.74%\n"}
,{"stream_name":"stdout","time":13498.737697409,"data":"类型3 正确率：   0.00% -\u003e 1    0.00%, 2  100.00%, 3    0.00%\n"}
,{"stream_name":"stdout","time":13498.737701637,"data":"\n"}
,{"stream_name":"stdout","time":13498.737705901,"data":"被排除样本 正确率：14.29%\n"}
,{"stream_name":"stdout","time":13498.737710658,"data":"类型1 没有样本或未被分类。\n"}
,{"stream_name":"stdout","time":13498.737715228,"data":"类型2 正确率：  14.00% -\u003e 1    7.14%, 2   14.29%, 3   78.57%\n"}
,{"stream_name":"stdout","time":13498.737720069,"data":"类型3 没有样本或未被分类。\n"}
,{"stream_name":"stdout","time":13498.737724705,"data":"\n"}
,{"stream_name":"stdout","time":13498.737729379,"data":"\n"}
,{"stream_name":"stdout","time":13511.76639254,"data":"轮次:·11/·20 || c_Loss:0.376 || e_Loss:-0.829 || Aad_Loss:-36.803 || 耗时：34.67s\n"}
,{"stream_name":"stdout","time":13524.894692819,"data":"轮次:·12/·20 || c_Loss:0.402 || e_Loss:-0.804 || Aad_Loss:-36.514 || 耗时：13.13s\n"}
,{"stream_name":"stdout","time":13538.01551508,"data":"轮次:·13/·20 || c_Loss:0.389 || e_Loss:-0.834 || Aad_Loss:-38.559 || 耗时：13.12s\n"}
,{"stream_name":"stdout","time":13551.134601797,"data":"轮次:·14/·20 || c_Loss:0.378 || e_Loss:-1.563 || Aad_Loss:-38.991 || 耗时：13.12s\n"}
,{"stream_name":"stdout","time":13564.290216963,"data":"轮次:·15/·20 || c_Loss:0.374 || e_Loss:-0.864 || Aad_Loss:-36.319 || 耗时：13.16s\n"}
,{"stream_name":"stdout","time":13570.362858974,"data":"任务: (B3)N15_M07_F04→(B2)N15_M07_F10; mix批次:····0; 批次:·1410/·1880;  总正确率: 57.80%\n"}
,{"stream_name":"stdout","time":13570.362921121,"data":"类型1 正确率： 100.00% -\u003e 1  100.00%, 2    0.00%, 3    0.00%\n"}
,{"stream_name":"stdout","time":13570.362928856,"data":"类型2 正确率：  73.00% -\u003e 1    0.05%, 2   73.40%, 3   26.55%\n"}
,{"stream_name":"stdout","time":13570.362933957,"data":"类型3 正确率：   0.00% -\u003e 1    0.00%, 2  100.00%, 3    0.00%\n"}
,{"stream_name":"stdout","time":13570.362938962,"data":"\n"}
,{"stream_name":"stdout","time":13570.36294379,"data":"\n"}
,{"stream_name":"stdout","time":13570.404934068,"data":"样本变换：reverse\n"}
,{"stream_name":"stdout","time":13573.705196349,"data":"样本变换：mask\n"}
,{"stream_name":"stdout","time":13577.025143615,"data":"样本变换：shift\n"}
,{"stream_name":"stdout","time":13580.327172025,"data":"样本变换：none\n"}
,{"stream_name":"stderr","time":13585.917713869,"data":"/kaggle/working/k10/S09/sdalr_PU_final_checkpoint/tools.py:413: RuntimeWarning: invalid value encountered in divide\n"}
,{"stream_name":"stderr","time":13585.917787824,"data":"  per_class_acc = conf_matrix.diagonal() / conf_matrix.sum(axis=1) * 100\n"}
,{"stream_name":"stdout","time":13585.917864271,"data":"未过滤\t未用伪标签：57.80% -\u003e 使用伪标签：58.13%\n"}
,{"stream_name":"stdout","time":13585.917879457,"data":"已过滤\t未用伪标签：57.82% -\u003e 使用伪标签：58.19%\n"}
,{"stream_name":"stdout","time":13585.917884332,"data":"排除样本：6|6000\t剩余：2000, 3488, 506\n"}
,{"stream_name":"stdout","time":13585.9178889,"data":"增添样本：4470\t\t细则：1488, 0, 2982\t正确率估算：100.00%\n"}
,{"stream_name":"stdout","time":13585.91789453,"data":"类型1 正确率： 100.00% -\u003e 1  100.00%, 2    0.00%, 3    0.00%\n"}
,{"stream_name":"stdout","time":13585.91789915,"data":"类型2 正确率：  75.00% -\u003e 1    0.00%, 2   74.62%, 3   25.38%\n"}
,{"stream_name":"stdout","time":13585.917903683,"data":"类型3 正确率：   0.00% -\u003e 1    0.00%, 2  100.00%, 3    0.00%\n"}
,{"stream_name":"stdout","time":13585.917908604,"data":"\n"}
,{"stream_name":"stdout","time":13585.91791287,"data":"被排除样本 正确率：33.33%\n"}
,{"stream_name":"stdout","time":13585.917917964,"data":"类型1 没有样本或未被分类。\n"}
,{"stream_name":"stdout","time":13585.917922572,"data":"类型2 正确率：  33.00% -\u003e 1   16.67%, 2   33.33%, 3   50.00%\n"}
,{"stream_name":"stdout","time":13585.917927505,"data":"类型3 没有样本或未被分类。\n"}
,{"stream_name":"stdout","time":13585.917932226,"data":"\n"}
,{"stream_name":"stdout","time":13585.917936619,"data":"\n"}
,{"stream_name":"stdout","time":13598.961236191,"data":"轮次:·16/·20 || c_Loss:0.395 || e_Loss:-0.792 || Aad_Loss:-42.369 || 耗时：34.67s\n"}
,{"stream_name":"stdout","time":13612.13242111,"data":"轮次:·17/·20 || c_Loss:0.374 || e_Loss:-0.869 || Aad_Loss:-37.528 || 耗时：13.17s\n"}
,{"stream_name":"stdout","time":13625.281065742,"data":"轮次:·18/·20 || c_Loss:0.384 || e_Loss:-1.886 || Aad_Loss:-34.682 || 耗时：13.15s\n"}
,{"stream_name":"stdout","time":13638.450759277,"data":"轮次:·19/·20 || c_Loss:0.375 || e_Loss:-0.845 || Aad_Loss:-39.870 || 耗时：13.17s\n"}
,{"stream_name":"stdout","time":13651.625698315,"data":"轮次:·20/·20 || c_Loss:0.384 || e_Loss:-0.859 || Aad_Loss:-38.562 || 耗时：13.17s\n"}
,{"stream_name":"stdout","time":13657.694992688,"data":"任务: (B3)N15_M07_F04→(B2)N15_M07_F10; mix批次:····0; 批次:·1880/·1880;  总正确率: 57.83%\n"}
,{"stream_name":"stdout","time":13657.695057341,"data":"类型1 正确率： 100.00% -\u003e 1  100.00%, 2    0.00%, 3    0.00%\n"}
,{"stream_name":"stdout","time":13657.695065763,"data":"类型2 正确率：  74.00% -\u003e 1    0.05%, 2   73.50%, 3   26.45%\n"}
,{"stream_name":"stdout","time":13657.695070865,"data":"类型3 正确率：   0.00% -\u003e 1    0.00%, 2  100.00%, 3    0.00%\n"}
,{"stream_name":"stdout","time":13657.695076345,"data":"\n"}
,{"stream_name":"stdout","time":13657.695080841,"data":"\n"}
,{"stream_name":"stdout","time":13663.740103836,"data":"测试集任务: (B3)N15_M07_F04→(B2)N15_M07_F10; 总正确率 = 57.83%\n"}
,{"stream_name":"stdout","time":13663.740154871,"data":"类型1 正确率： 100.00% -\u003e 1  100.00%, 2    0.00%, 3    0.00%\n"}
,{"stream_name":"stdout","time":13663.740161217,"data":"类型2 正确率：  74.00% -\u003e 1    0.05%, 2   73.50%, 3   26.45%\n"}
,{"stream_name":"stdout","time":13663.740164694,"data":"类型3 正确率：   0.00% -\u003e 1    0.00%, 2  100.00%, 3    0.00%\n"}
,{"stream_name":"stdout","time":13663.740167962,"data":"\n"}
,{"stream_name":"stdout","time":13663.740170946,"data":"\n"}
,{"stream_name":"stdout","time":13663.765642348,"data":"[tar_adaptation_RES_PU.py --folder_root /kaggle/working/k10/S09/sdalr_PU_final_checkpoint/DATA_foldS09c --seed 2024 --class_num 3 --data_name PU_M1_L3 --output /kaggle/working/k10/S09/weight_PU_M1_final_checkpoint_FS09toS09c_s2024 --s 2 --t 1 --lr 0.0005 --threshold 0.4 --K 0.6] 366s\n"}
,{"stream_name":"stdout","time":13663.783600242,"data":"{\n"}
,{"stream_name":"stdout","time":13663.783634667,"data":"  \"dataset\": \"PU_M1\",\n"}
,{"stream_name":"stdout","time":13663.78364171,"data":"  \"variant\": \"final_checkpoint\",\n"}
,{"stream_name":"stdout","time":13663.783657807,"data":"  \"seed\": 2024,\n"}
,{"stream_name":"stdout","time":13663.783662436,"data":"  \"smoke\": false,\n"}
,{"stream_name":"stdout","time":13663.783668899,"data":"  \"src_fold\": \"S09\",\n"}
,{"stream_name":"stdout","time":13663.783676481,"data":"  \"tgt_fold\": \"S09c\",\n"}
,{"stream_name":"stdout","time":13663.783679659,"data":"  \"leaky\": false,\n"}
,{"stream_name":"stdout","time":13663.783682683,"data":"  \"hyperparameters\": {\n"}
,{"stream_name":"stdout","time":13663.783685679,"data":"    \"lr\": \"0.0005\",\n"}
,{"stream_name":"stdout","time":13663.78368881,"data":"    \"threshold\": \"0.4\",\n"}
,{"stream_name":"stdout","time":13663.783691921,"data":"    \"K\": \"0.6\"\n"}
,{"stream_name":"stdout","time":13663.783694949,"data":"  },\n"}
,{"stream_name":"stdout","time":13663.783698164,"data":"  \"adapters\": [\n"}
,{"stream_name":"stdout","time":13663.783719686,"data":"    \"npz_io\",\n"}
,{"stream_name":"stdout","time":13663.783724697,"data":"    \"tsne_stub\",\n"}
,{"stream_name":"stdout","time":13663.783730246,"data":"    \"final_checkpoint_patch\"\n"}
,{"stream_name":"stdout","time":13663.783736373,"data":"  ],\n"}
,{"stream_name":"stdout","time":13663.783741182,"data":"  \"source_only\": {},\n"}
,{"stream_name":"stdout","time":13663.783745856,"data":"  \"adapted\": {\n"}
,{"stream_name":"stdout","time":13663.783761974,"data":"    \"A1-\u003eA3\": 61.33,\n"}
,{"stream_name":"stdout","time":13663.783766906,"data":"    \"A1-\u003eA2\": 61.33,\n"}
,{"stream_name":"stdout","time":13663.783770178,"data":"    \"A3-\u003eA1\": 61.33,\n"}
,{"stream_name":"stdout","time":13663.783773368,"data":"    \"A3-\u003eA2\": 61.33,\n"}
,{"stream_name":"stdout","time":13663.783776612,"data":"    \"A2-\u003eA1\": 57.35,\n"}
,{"stream_name":"stdout","time":13663.783779685,"data":"    \"A2-\u003eA3\": 57.83\n"}
,{"stream_name":"stdout","time":13663.783782649,"data":"  },\n"}
,{"stream_name":"stdout","time":13663.78378584,"data":"  \"seconds\": {\n"}
,{"stream_name":"stdout","time":13663.783788917,"data":"    \"A1-\u003eA3\": 365,\n"}
,{"stream_name":"stdout","time":13663.78379219,"data":"    \"A1-\u003eA2\": 365,\n"}
,{"stream_name":"stdout","time":13663.783795863,"data":"    \"A3-\u003eA1\": 366,\n"}
,{"stream_name":"stdout","time":13663.783800008,"data":"    \"A3-\u003eA2\": 366,\n"}
,{"stream_name":"stdout","time":13663.783803175,"data":"    \"A2-\u003eA1\": 366,\n"}
,{"stream_name":"stdout","time":13663.78381355,"data":"    \"A2-\u003eA3\": 366\n"}
,{"stream_name":"stdout","time":13663.783817493,"data":"  },\n"}
,{"stream_name":"stdout","time":13663.78382066,"data":"  \"gate_log\": {\n"}
,{"stream_name":"stdout","time":13663.783824029,"data":"    \"A1-\u003eA3\": [],\n"}
,{"stream_name":"stdout","time":13663.783827462,"data":"    \"A1-\u003eA2\": [],\n"}
,{"stream_name":"stdout","time":13663.783831191,"data":"    \"A3-\u003eA1\": [],\n"}
,{"stream_name":"stdout","time":13663.783834777,"data":"    \"A3-\u003eA2\": [],\n"}
,{"stream_name":"stdout","time":13663.783838344,"data":"    \"A2-\u003eA1\": [],\n"}
,{"stream_name":"stdout","time":13663.783841991,"data":"    \"A2-\u003eA3\": []\n"}
,{"stream_name":"stdout","time":13663.783845844,"data":"  },\n"}
,{"stream_name":"stdout","time":13663.783849203,"data":"  \"gate\": \"none\"\n"}
,{"stream_name":"stdout","time":13663.783852889,"data":"}\n"}
,{"stream_name":"stdout","time":13665.087771097,"data":"RUN /usr/bin/python3 -u /kaggle/input/datasets/rafiurrahman01/physgate-m0-code/sdalr_runner.py --sdalr /kaggle/input/datasets/rafiurrahman01/physgate-m0-code --m0 /kaggle/input/physgate-k10-g4 --dataset PU_M1 --src-fold S09 --tgt-fold S09c --variant final_checkpoint --work /kaggle/working/k10/S09 --seed 2024 --gate pcv --gate-verdicts /kaggle/input/datasets/rafiurrahman01/physgate-m0-code/gate_verdicts.json --skip-pretrain\n"}
,{"stream_name":"stdout","time":13670.806620478,"data":"读取源域路径：/kaggle/working/k10/S09/weight_PU_M1_final_checkpoint_FS09toS09c_gatepcv_s2024/NEW_PU/Source-源域/log\u0026pt/(B1)N15_M01_F10\n"}
,{"stream_name":"stdout","time":13670.806657618,"data":"excel输出位置：/kaggle/working/k10/S09/weight_PU_M1_final_checkpoint_FS09toS09c_gatepcv_s2024/NEW_PU/Target-目标域\n"}
,{"stream_name":"stdout","time":13670.807172805,"data":"特征图片输出位置：/kaggle/working/k10/S09/weight_PU_M1_final_checkpoint_FS09toS09c_gatepcv_s2024/NEW_PU/Picture-特征图/2026年09月19日12时02分/(B1)N15_M01_F10\n"}
,{"stream_name":"stderr","time":13671.174191626,"data":"/usr/local/lib/python3.12/dist-packages/torch/nn/utils/weight_norm.py:144: FutureWarning: `torch.nn.utils.weight_norm` is deprecated in favor of `torch.nn.utils.parametrizations.weight_norm`.\n"}
,{"stream_name":"stderr","time":13671.174240296,"data":"  WeightNorm.apply(module, name, dim)\n"}
,{"stream_name":"stdout","time":13671.218559339,"data":"现在选取:(B1)N15_M01_F10 进行训练的源模型\n"}
,{"stream_name":"stdout","time":13671.218612488,"data":"现在进行：(B1)N15_M01_F10→(B2)N15_M07_F10 的迁移任务\n"}
,{"stream_name":"stdout","time":13671.218637704,"data":"log\u0026pt输出位置：/kaggle/working/k10/S09/weight_PU_M1_final_checkpoint_FS09toS09c_gatepcv_s2024/NEW_PU/Target-目标域/log\u0026pt/(B1)N15_M01_F10→(B2)N15_M07_F10\n"}
,{"stream_name":"stderr","time":13671.21990866,"data":"sh: 1: Syntax error: word unexpected (expecting \")\")\n"}
,{"stream_name":"stdout","time":13682.613987493,"data":"任务: (B1)N15_M01_F10→(B2)N15_M07_F10; 批次:····0/·1880;  总正确率: 64.48%\n"}
,{"stream_name":"stdout","time":13682.614063197,"data":"类型1 正确率： 100.00% -\u003e 1   99.85%, 2    0.15%, 3    0.00%\n"}
,{"stream_name":"stdout","time":13682.614071145,"data":"类型2 正确率：  90.00% -\u003e 1    0.05%, 2   90.50%, 3    9.45%\n"}
,{"stream_name":"stdout","time":13682.614091759,"data":"类型3 正确率：   3.00% -\u003e 1    0.00%, 2   96.90%, 3    3.10%\n"}
,{"stream_name":"stdout","time":13682.614097638,"data":"\n"}
,{"stream_name":"stdout","time":13682.614102851,"data":"\n"}
,{"stream_name":"stdout","time":13682.614689554,"data":"样本变换：reverse\n"}
,{"stream_name":"stdout","time":13685.945179299,"data":"样本变换：mask\n"}
,{"stream_name":"stdout","time":13689.239137488,"data":"样本变换：shift\n"}
,{"stream_name":"stdout","time":13692.587120092,"data":"样本变换：none\n"}
,{"stream_name":"stdout","time":13697.623450988,"data":"未过滤\t未用伪标签：64.48% -\u003e 使用伪标签：62.53%\n"}
,{"stream_name":"stdout","time":13697.623506769,"data":"已过滤\t未用伪标签：64.31% -\u003e 使用伪标签：62.98%\n"}
,{"stream_name":"stdout","time":13697.623515226,"data":"排除样本：43|6000\t剩余：1995, 1817, 2145\n"}
,{"stream_name":"stdout","time":13697.623521543,"data":"增添样本：547\t\t细则：0, 178, 369\t正确率估算：36.20%\n"}
,{"stream_name":"stdout","time":13697.623527901,"data":"类型1 正确率： 100.00% -\u003e 1   99.85%, 2    0.15%, 3    0.00%\n"}
,{"stream_name":"stdout","time":13697.623533856,"data":"类型2 正确率：  40.00% -\u003e 1    0.00%, 2   40.12%, 3   59.88%\n"}
,{"stream_name":"stdout","time":13697.623539309,"data":"类型3 正确率：  49.00% -\u003e 1    0.00%, 2   51.43%, 3   48.57%\n"}
,{"stream_name":"stdout","time":13697.623544929,"data":"\n"}
,{"stream_name":"stdout","time":13697.623550477,"data":"被排除样本 正确率：88.37%\n"}
,{"stream_name":"stdout","time":13697.623556138,"data":"类型1 正确率： 100.00% -\u003e 1  100.00%, 2    0.00%, 3    0.00%\n"}
,{"stream_name":"stdout","time":13697.623561731,"data":"类型2 正确率： 100.00% -\u003e 1    0.00%, 2  100.00%, 3    0.00%\n"}
,{"stream_name":"stdout","time":13697.623567993,"data":"类型3 正确率：   0.00% -\u003e 1    0.00%, 2  100.00%, 3    0.00%\n"}
,{"stream_name":"stdout","time":13697.623574117,"data":"\n"}
,{"stream_name":"stdout","time":13697.62357949,"data":"\n"}
,{"stream_name":"stdout","time":13711.143154531,"data":"轮次:··1/·20 || c_Loss:0.544 || e_Loss:-1.597 || Aad_Loss:-25.516 || 耗时：34.72s\n"}
,{"stream_name":"stdout","time":13724.409912895,"data":"轮次:··2/·20 || c_Loss:0.375 || e_Loss:-1.745 || Aad_Loss:-26.170 || 耗时：13.27s\n"}
,{"stream_name":"stdout","time":13737.545117348,"data":"轮次:··3/·20 || c_Loss:0.368 || e_Loss:-1.773 || Aad_Loss:-26.480 || 耗时：13.14s\n"}
,{"stream_name":"stdout","time":13750.430554002,"data":"轮次:··4/·20 || c_Loss:0.332 || e_Loss:-1.867 || Aad_Loss:-25.066 || 耗时：12.89s\n"}
,{"stream_name":"stdout","time":13763.260294827,"data":"轮次:··5/·20 || c_Loss:0.320 || e_Loss:-1.801 || Aad_Loss:-28.257 || 耗时：12.83s\n"}
,{"stream_name":"stdout","time":13769.231371204,"data":"任务: (B1)N15_M01_F10→(B2)N15_M07_F10; mix批次:····0; 批次:··470/·1880;  总正确率: 67.23%\n"}
,{"stream_name":"stdout","time":13769.231445992,"data":"类型1 正确率： 100.00% -\u003e 1  100.00%, 2    0.00%, 3    0.00%\n"}
,{"stream_name":"stdout","time":13769.231454292,"data":"类型2 正确率：  52.00% -\u003e 1    2.10%, 2   51.70%, 3   46.20%\n"}
,{"stream_name":"stdout","time":13769.231459747,"data":"类型3 正确率：  50.00% -\u003e 1    0.00%, 2   50.00%, 3   50.00%\n"}
,{"stream_name":"stdout","time":13769.23146447,"data":"\n"}
,{"stream_name":"stdout","time":13769.231468494,"data":"\n"}
,{"stream_name":"stdout","time":13769.271699791,"data":"样本变换：reverse\n"}
,{"stream_name":"stdout","time":13772.50815553,"data":"样本变换：mask\n"}
,{"stream_name":"stdout","time":13775.785969933,"data":"样本变换：shift\n"}
,{"stream_name":"stdout","time":13779.049289114,"data":"样本变换：none\n"}
,{"stream_name":"stderr","time":13783.924122661,"data":"/kaggle/working/k10/S09/sdalr_PU_final_checkpoint/tools.py:413: RuntimeWarning: invalid value encountered in divide\n"}
,{"stream_name":"stderr","time":13783.924171294,"data":"  per_class_acc = conf_matrix.diagonal() / conf_matrix.sum(axis=1) * 100\n"}
,{"stream_name":"stdout","time":13783.924256607,"data":"未过滤\t未用伪标签：67.23% -\u003e 使用伪标签：67.77%\n"}
,{"stream_name":"stdout","time":13783.92428686,"data":"已过滤\t未用伪标签：67.49% -\u003e 使用伪标签：68.13%\n"}
,{"stream_name":"stdout","time":13783.924292838,"data":"排除样本：32|6000\t剩余：2003, 2066, 1899\n"}
,{"stream_name":"stdout","time":13783.924297146,"data":"增添样本：472\t\t细则：66, 0, 406\t正确率估算：100.00%\n"}
,{"stream_name":"stdout","time":13783.924301445,"data":"类型1 正确率： 100.00% -\u003e 1  100.00%, 2    0.00%, 3    0.00%\n"}
,{"stream_name":"stdout","time":13783.924305579,"data":"类型2 正确率：  54.00% -\u003e 1    0.15%, 2   54.17%, 3   45.68%\n"}
,{"stream_name":"stdout","time":13783.924309716,"data":"类型3 正确率：  50.00% -\u003e 1    0.00%, 2   50.00%, 3   50.00%\n"}
,{"stream_name":"stdout","time":13783.924313706,"data":"\n"}
,{"stream_name":"stdout","time":13783.924317798,"data":"被排除样本 正确率：18.75%\n"}
,{"stream_name":"stdout","time":13783.924322173,"data":"类型1 没有样本或未被分类。\n"}
,{"stream_name":"stdout","time":13783.924326605,"data":"类型2 正确率：  19.00% -\u003e 1   21.88%, 2   18.75%, 3   59.38%\n"}
,{"stream_name":"stdout","time":13783.924330695,"data":"类型3 没有样本或未被分类。\n"}
,{"stream_name":"stdout","time":13783.924334831,"data":"\n"}
,{"stream_name":"stdout","time":13783.924338658,"data":"\n"}
,{"stream_name":"stdout","time":13796.979744536,"data":"轮次:··6/·20 || c_Loss:0.336 || e_Loss:-1.759 || Aad_Loss:-29.039 || 耗时：33.72s\n"}
,{"stream_name":"stdout","time":13810.193996768,"data":"轮次:··7/·20 || c_Loss:0.325 || e_Loss:-1.736 || Aad_Loss:-30.635 || 耗时：13.21s\n"}
,{"stream_name":"stdout","time":13823.33079694,"data":"轮次:··8/·20 || c_Loss:0.337 || e_Loss:-1.574 || Aad_Loss:-29.980 || 耗时：13.14s\n"}
,{"stream_name":"stdout","time":13836.341227975,"data":"轮次:··9/·20 || c_Loss:0.344 || e_Loss:-1.552 || Aad_Loss:-29.777 || 耗时：13.01s\n"}
,{"stream_name":"stdout","time":13849.319721933,"data":"轮次:·10/·20 || c_Loss:0.328 || e_Loss:-1.842 || Aad_Loss:-29.638 || 耗时：12.98s\n"}
,{"stream_name":"stdout","time":13855.330731508,"data":"任务: (B1)N15_M01_F10→(B2)N15_M07_F10; mix批次:····0; 批次:··940/·1880;  总正确率: 70.10%\n"}
,{"stream_name":"stdout","time":13855.33081719,"data":"类型1 正确率： 100.00% -\u003e 1  100.00%, 2    0.00%, 3    0.00%\n"}
,{"stream_name":"stdout","time":13855.331734753,"data":"类型2 正确率：  60.00% -\u003e 1    0.65%, 2   60.30%, 3   39.05%\n"}
,{"stream_name":"stdout","time":13855.331751442,"data":"类型3 正确率：  50.00% -\u003e 1    0.00%, 2   50.00%, 3   50.00%\n"}
,{"stream_name":"stdout","time":13855.331757295,"data":"\n"}
,{"stream_name":"stdout","time":13855.331761768,"data":"\n"}
,{"stream_name":"stdout","time":13855.376821421,"data":"样本变换：reverse\n"}
,{"stream_name":"stdout","time":13858.649159492,"data":"样本变换：mask\n"}
,{"stream_name":"stdout","time":13861.957172789,"data":"样本变换：shift\n"}
,{"stream_name":"stdout","time":13865.234648398,"data":"样本变换：none\n"}
,{"stream_name":"stderr","time":13870.268394353,"data":"/kaggle/working/k10/S09/sdalr_PU_final_checkpoint/tools.py:413: RuntimeWarning: invalid value encountered in divide\n"}
,{"stream_name":"stderr","time":13870.268438445,"data":"  per_class_acc = conf_matrix.diagonal() / conf_matrix.sum(axis=1) * 100\n"}
,{"stream_name":"stdout","time":13870.268393097,"data":"未过滤\t未用伪标签：70.10% -\u003e 使用伪标签：70.72%\n"}
,{"stream_name":"stdout","time":13870.268449921,"data":"已过滤\t未用伪标签：70.16% -\u003e 使用伪标签：70.82%\n"}
,{"stream_name":"stdout","time":13870.26845468,"data":"排除样本：9|6000\t剩余：2000, 2243, 1748\n"}
,{"stream_name":"stdout","time":13870.268458185,"data":"增添样本：826\t\t细则：243, 0, 583\t正确率估算：100.00%\n"}
,{"stream_name":"stdout","time":13870.268461766,"data":"类型1 正确率： 100.00% -\u003e 1  100.00%, 2    0.00%, 3    0.00%\n"}
,{"stream_name":"stdout","time":13870.268465166,"data":"类型2 正确率：  62.00% -\u003e 1    0.00%, 2   62.43%, 3   37.57%\n"}
,{"stream_name":"stdout","time":13870.268468424,"data":"类型3 正确率：  50.00% -\u003e 1    0.00%, 2   50.00%, 3   50.00%\n"}
,{"stream_name":"stdout","time":13870.268471652,"data":"\n"}
,{"stream_name":"stdout","time":13870.268474696,"data":"被排除样本 正确率：33.33%\n"}
,{"stream_name":"stdout","time":13870.268477884,"data":"类型1 正确率：  33.00% -\u003e 1   33.33%, 2   66.67%\n"}
,{"stream_name":"stdout","time":13870.268481129,"data":"类型2 没有样本或未被分类。\n"}
,{"stream_name":"stdout","time":13870.26848439,"data":"\n"}
,{"stream_name":"stdout","time":13870.26848737,"data":"\n"}
,{"stream_name":"stdout","time":13883.183884256,"data":"轮次:·11/·20 || c_Loss:0.335 || e_Loss:-0.918 || Aad_Loss:-31.092 || 耗时：33.86s\n"}
,{"stream_name":"stdout","time":13896.247017936,"data":"轮次:·12/·20 || c_Loss:0.343 || e_Loss:-1.632 || Aad_Loss:-30.759 || 耗时：13.06s\n"}
,{"stream_name":"stdout","time":13909.354897374,"data":"轮次:·13/·20 || c_Loss:0.352 || e_Loss:-1.702 || Aad_Loss:-31.209 || 耗时：13.11s\n"}
,{"stream_name":"stdout","time":13922.556856044,"data":"轮次:·14/·20 || c_Loss:0.354 || e_Loss:-1.836 || Aad_Loss:-30.650 || 耗时：13.20s\n"}
,{"stream_name":"stdout","time":13935.690053607,"data":"轮次:·15/·20 || c_Loss:0.344 || e_Loss:-1.816 || Aad_Loss:-30.817 || 耗时：13.13s\n"}
,{"stream_name":"stdout","time":13941.745295357,"data":"任务: (B1)N15_M01_F10→(B2)N15_M07_F10; mix批次:····0; 批次:·1410/·1880;  总正确率: 71.78%\n"}
,{"stream_name":"stdout","time":13941.745364859,"data":"类型1 正确率： 100.00% -\u003e 1  100.00%, 2    0.00%, 3    0.00%\n"}
,{"stream_name":"stdout","time":13941.745373639,"data":"类型2 正确率：  65.00% -\u003e 1    0.00%, 2   65.35%, 3   34.65%\n"}
,{"stream_name":"stdout","time":13941.745378769,"data":"类型3 正确率：  50.00% -\u003e 1    0.00%, 2   50.00%, 3   50.00%\n"}
,{"stream_name":"stdout","time":13941.745419349,"data":"\n"}
,{"stream_name":"stdout","time":13941.745424459,"data":"\n"}
,{"stream_name":"stdout","time":13941.786536041,"data":"样本变换：reverse\n"}
,{"stream_name":"stdout","time":13945.084215917,"data":"样本变换：mask\n"}
,{"stream_name":"stdout","time":13948.3943451,"data":"样本变换：shift\n"}
,{"stream_name":"stdout","time":13951.716130047,"data":"样本变换：none\n"}
,{"stream_name":"stderr","time":13956.860935599,"data":"/usr/local/lib/python3.12/dist-packages/sklearn/metrics/_classification.py:407: UserWarning: A single label was found in 'y_true' and 'y_pred'. For the confusion matrix to have the correct shape, use the 'labels' parameter to pass all known labels.\n"}
,{"stream_name":"stderr","time":13956.860984014,"data":"  warnings.warn(\n"}
,{"stream_name":"stdout","time":13956.861017876,"data":"未过滤\t未用伪标签：71.78% -\u003e 使用伪标签：71.58%\n"}
,{"stream_name":"stdout","time":13956.861031974,"data":"已过滤\t未用伪标签：71.77% -\u003e 使用伪标签：71.62%\n"}
,{"stream_name":"stdout","time":13956.861037061,"data":"排除样本：3|6000\t剩余：2000, 2295, 1702\n"}
,{"stream_name":"stdout","time":13956.861041619,"data":"增添样本：930\t\t细则：295, 0, 635\t正确率估算：100.00%\n"}
,{"stream_name":"stdout","time":13956.861046704,"data":"类型1 正确率： 100.00% -\u003e 1  100.00%, 2    0.00%, 3    0.00%\n"}
,{"stream_name":"stdout","time":13956.861051218,"data":"类型2 正确率：  65.00% -\u003e 1    0.00%, 2   64.85%, 3   35.15%\n"}
,{"stream_name":"stdout","time":13956.861055817,"data":"类型3 正确率：  50.00% -\u003e 1    0.00%, 2   50.00%, 3   50.00%\n"}
,{"stream_name":"stdout","time":13956.861061138,"data":"\n"}
,{"stream_name":"stdout","time":13956.861065354,"data":"被排除样本 正确率：100.00%\n"}
,{"stream_name":"stdout","time":13956.861069734,"data":"类型1 正确率： 100.00% -\u003e 1  100.00%\n"}
,{"stream_name":"stdout","time":13956.861089677,"data":"\n"}
,{"stream_name":"stdout","time":13956.862185695,"data":"\n"}
,{"stream_name":"stdout","time":13969.785251468,"data":"轮次:·16/·20 || c_Loss:0.358 || e_Loss:-0.914 || Aad_Loss:-31.360 || 耗时：34.09s\n"}
,{"stream_name":"stdout","time":13982.75514338,"data":"轮次:·17/·20 || c_Loss:0.353 || e_Loss:-0.969 || Aad_Loss:-31.652 || 耗时：12.97s\n"}
,{"stream_name":"stdout","time":13995.694155681,"data":"轮次:·18/·20 || c_Loss:0.374 || e_Loss:-1.688 || Aad_Loss:-31.126 || 耗时：12.94s\n"}
,{"stream_name":"stdout","time":14008.650845194,"data":"轮次:·19/·20 || c_Loss:0.360 || e_Loss:-1.843 || Aad_Loss:-30.705 || 耗时：12.96s\n"}
,{"stream_name":"stdout","time":14021.623272163,"data":"轮次:·20/·20 || c_Loss:0.373 || e_Loss:-0.937 || Aad_Loss:-30.863 || 耗时：12.97s\n"}
,{"stream_name":"stdout","time":14027.641626479,"data":"任务: (B1)N15_M01_F10→(B2)N15_M07_F10; mix批次:····0; 批次:·1880/·1880;  总正确率: 71.87%\n"}
,{"stream_name":"stdout","time":14027.641688485,"data":"类型1 正确率： 100.00% -\u003e 1  100.00%, 2    0.00%, 3    0.00%\n"}
,{"stream_name":"stdout","time":14027.64169651,"data":"类型2 正确率：  66.00% -\u003e 1    0.00%, 2   65.60%, 3   34.40%\n"}
,{"stream_name":"stdout","time":14027.641702264,"data":"类型3 正确率：  50.00% -\u003e 1    0.00%, 2   50.00%, 3   50.00%\n"}
,{"stream_name":"stdout","time":14027.641707658,"data":"\n"}
,{"stream_name":"stdout","time":14027.641712015,"data":"\n"}
,{"stream_name":"stdout","time":14033.64731483,"data":"测试集任务: (B1)N15_M01_F10→(B2)N15_M07_F10; 总正确率 = 71.87%\n"}
,{"stream_name":"stdout","time":14033.647355846,"data":"类型1 正确率： 100.00% -\u003e 1  100.00%, 2    0.00%, 3    0.00%\n"}
,{"stream_name":"stdout","time":14033.647378605,"data":"类型2 正确率：  66.00% -\u003e 1    0.00%, 2   65.60%, 3   34.40%\n"}
,{"stream_name":"stdout","time":14033.64738363,"data":"类型3 正确率：  50.00% -\u003e 1    0.00%, 2   50.00%, 3   50.00%\n"}
,{"stream_name":"stdout","time":14033.647387908,"data":"\n"}
,{"stream_name":"stdout","time":14033.647391621,"data":"\n"}
,{"stream_name":"stdout","time":14033.668767689,"data":"[tar_adaptation_RES_PU.py --folder_root /kaggle/working/k10/S09/sdalr_PU_final_checkpoint/DATA_foldS09c --seed 2024 --class_num 3 --data_name PU_M1_L3 --output /kaggle/working/k10/S09/weight_PU_M1_final_checkpoint_FS09toS09c_gatepcv_s2024 --s 0 --t 1 --lr 0.0005 --threshold 0.4 --K 0.6] 363s\n"}
,{"stream_name":"stdout","time":14033.707230226,"data":"读取源域路径：/kaggle/working/k10/S09/weight_PU_M1_final_checkpoint_FS09toS09c_gatepcv_s2024/NEW_PU/Source-源域/log\u0026pt/(B1)N15_M01_F10\n"}
,{"stream_name":"stdout","time":14033.707257792,"data":"excel输出位置：/kaggle/working/k10/S09/weight_PU_M1_final_checkpoint_FS09toS09c_gatepcv_s2024/NEW_PU/Target-目标域\n"}
,{"stream_name":"stdout","time":14033.707417899,"data":"特征图片输出位置：/kaggle/working/k10/S09/weight_PU_M1_final_checkpoint_FS09toS09c_gatepcv_s2024/NEW_PU/Picture-特征图/2026年09月19日12时08分/(B1)N15_M01_F10\n"}
,{"stream_name":"stderr","time":14033.742963772,"data":"/usr/local/lib/python3.12/dist-packages/torch/nn/utils/weight_norm.py:144: FutureWarning: `torch.nn.utils.weight_norm` is deprecated in favor of `torch.nn.utils.parametrizations.weight_norm`.\n"}
,{"stream_name":"stderr","time":14033.743000687,"data":"  WeightNorm.apply(module, name, dim)\n"}
,{"stream_name":"stdout","time":14033.784055893,"data":"现在选取:(B1)N15_M01_F10 进行训练的源模型\n"}
,{"stream_name":"stdout","time":14033.784118964,"data":"现在进行：(B1)N15_M01_F10→(B3)N15_M07_F04 的迁移任务\n"}
,{"stream_name":"stdout","time":14033.784129514,"data":"log\u0026pt输出位置：/kaggle/working/k10/S09/weight_PU_M1_final_checkpoint_FS09toS09c_gatepcv_s2024/NEW_PU/Target-目标域/log\u0026pt/(B1)N15_M01_F10→(B3)N15_M07_F04\n"}
,{"stream_name":"stderr","time":14033.785534034,"data":"sh: 1: Syntax error: word unexpected (expecting \")\")\n"}
,{"stream_name":"stdout","time":14044.785432579,"data":"任务: (B1)N15_M01_F10→(B3)N15_M07_F04; 批次:····0/·1880;  总正确率: 63.45%\n"}
,{"stream_name":"stdout","time":14044.78547348,"data":"类型1 正确率： 100.00% -\u003e 1  100.00%, 2    0.00%, 3    0.00%\n"}
,{"stream_name":"stdout","time":14044.785480518,"data":"类型2 正确率：  54.00% -\u003e 1    0.00%, 2   53.55%, 3   46.45%\n"}
,{"stream_name":"stdout","time":14044.7854859,"data":"类型3 正确率：  37.00% -\u003e 1    3.10%, 2   60.10%, 3   36.80%\n"}
,{"stream_name":"stdout","time":14044.785491104,"data":"\n"}
,{"stream_name":"stdout","time":14044.785496027,"data":"\n"}
,{"stream_name":"stdout","time":14044.786142082,"data":"样本变换：reverse\n"}
,{"stream_name":"stdout","time":14048.056128413,"data":"样本变换：mask\n"}
,{"stream_name":"stdout","time":14051.387158794,"data":"样本变换：shift\n"}
,{"stream_name":"stdout","time":14054.685160154,"data":"样本变换：none\n"}
,{"stream_name":"stdout","time":14059.49461615,"data":"未过滤\t未用伪标签：63.45% -\u003e 使用伪标签：62.15%\n"}
,{"stream_name":"stdout","time":14059.494688008,"data":"已过滤\t未用伪标签：63.40% -\u003e 使用伪标签：62.44%\n"}
,{"stream_name":"stdout","time":14059.494696937,"data":"排除样本：28|6000\t剩余：2011, 1712, 2249\n"}
,{"stream_name":"stdout","time":14059.494702629,"data":"增添样本：538\t\t细则：96, 442, 0\t正确率估算：97.96%\n"}
,{"stream_name":"stdout","time":14059.494724329,"data":"类型1 正确率： 100.00% -\u003e 1   99.95%, 2    0.05%, 3    0.00%\n"}
,{"stream_name":"stdout","time":14059.494728435,"data":"类型2 正确率：  37.00% -\u003e 1    0.00%, 2   36.92%, 3   63.08%\n"}
,{"stream_name":"stdout","time":14059.494733479,"data":"类型3 正确率：  50.00% -\u003e 1    0.65%, 2   49.17%, 3   50.18%\n"}
,{"stream_name":"stdout","time":14059.494740333,"data":"\n"}
,{"stream_name":"stdout","time":14059.494742665,"data":"被排除样本 正确率：75.00%\n"}
,{"stream_name":"stdout","time":14059.494744907,"data":"类型1 正确率： 100.00% -\u003e 1  100.00%, 2    0.00%, 3    0.00%\n"}
,{"stream_name":"stdout","time":14059.494747205,"data":"类型2 正确率： 100.00% -\u003e 1    0.00%, 2  100.00%, 3    0.00%\n"}
,{"stream_name":"stdout","time":14059.494749503,"data":"类型3 正确率：   0.00% -\u003e 1  100.00%, 2    0.00%, 3    0.00%\n"}
,{"stream_name":"stdout","time":14059.494751943,"data":"\n"}
,{"stream_name":"stdout","time":14059.494754616,"data":"\n"}
,{"stream_name":"stdout","time":14072.711700281,"data":"轮次:··1/·20 || c_Loss:0.584 || e_Loss:-1.496 || Aad_Loss:-27.596 || 耗时：33.85s\n"}
,{"stream_name":"stdout","time":14085.913835165,"data":"轮次:··2/·20 || c_Loss:0.413 || e_Loss:-0.973 || Aad_Loss:-29.179 || 耗时：13.20s\n"}
,{"stream_name":"stdout","time":14098.938508937,"data":"轮次:··3/·20 || c_Loss:0.382 || e_Loss:-0.901 || Aad_Loss:-29.191 || 耗时：13.02s\n"}
,{"stream_name":"stdout","time":14111.882492566,"data":"轮次:··4/·20 || c_Loss:0.349 || e_Loss:-1.010 || Aad_Loss:-29.305 || 耗时：12.94s\n"}
,{"stream_name":"stdout","time":14124.834468855,"data":"轮次:··5/·20 || c_Loss:0.355 || e_Loss:-1.533 || Aad_Loss:-29.032 || 耗时：12.95s\n"}
,{"stream_name":"stdout","time":14130.832324889,"data":"任务: (B1)N15_M01_F10→(B3)N15_M07_F04; mix批次:····0; 批次:··470/·1880;  总正确率: 62.57%\n"}
,{"stream_name":"stdout","time":14130.832388729,"data":"类型1 正确率： 100.00% -\u003e 1  100.00%, 2    0.00%, 3    0.00%\n"}
,{"stream_name":"stdout","time":14130.832396791,"data":"类型2 正确率：  38.00% -\u003e 1    0.00%, 2   37.70%, 3   62.30%\n"}
,{"stream_name":"stdout","time":14130.832401513,"data":"类型3 正确率：  50.00% -\u003e 1    0.55%, 2   49.45%, 3   50.00%\n"}
,{"stream_name":"stdout","time":14130.832406119,"data":"\n"}
,{"stream_name":"stdout","time":14130.832410335,"data":"\n"}
,{"stream_name":"stdout","time":14130.867409247,"data":"样本变换：reverse\n"}
,{"stream_name":"stdout","time":14134.124231971,"data":"样本变换：mask\n"}
,{"stream_name":"stdout","time":14137.423181878,"data":"样本变换：shift\n"}
,{"stream_name":"stdout","time":14140.715181757,"data":"样本变换：none\n"}
,{"stream_name":"stderr","time":14145.669791867,"data":"/kaggle/working/k10/S09/sdalr_PU_final_checkpoint/tools.py:413: RuntimeWarning: invalid value encountered in divide\n"}
,{"stream_name":"stderr","time":14145.669833948,"data":"  per_class_acc = conf_matrix.diagonal() / conf_matrix.sum(axis=1) * 100\n"}
,{"stream_name":"stdout","time":14145.669890702,"data":"未过滤\t未用伪标签：62.57% -\u003e 使用伪标签：61.33%\n"}
,{"stream_name":"stdout","time":14145.669937221,"data":"已过滤\t未用伪标签：62.59% -\u003e 使用伪标签：61.35%\n"}
,{"stream_name":"stdout","time":14145.670054303,"data":"排除样本：2|6000\t剩余：2007, 1671, 2320\n"}
,{"stream_name":"stdout","time":14145.670115793,"data":"增添样本：682\t\t细则：148, 534, 0\t正确率估算：100.00%\n"}
,{"stream_name":"stdout","time":14145.670142614,"data":"类型1 正确率： 100.00% -\u003e 1  100.00%, 2    0.00%, 3    0.00%\n"}
,{"stream_name":"stdout","time":14145.670179246,"data":"类型2 正确率：  34.00% -\u003e 1    0.00%, 2   34.00%, 3   66.00%\n"}
,{"stream_name":"stdout","time":14145.670197386,"data":"类型3 正确率：  50.00% -\u003e 1    0.35%, 2   49.60%, 3   50.05%\n"}
,{"stream_name":"stdout","time":14145.670226151,"data":"\n"}
,{"stream_name":"stdout","time":14145.670260722,"data":"被排除样本 正确率：0.00%\n"}
,{"stream_name":"stdout","time":14145.670278138,"data":"类型1 没有样本或未被分类。\n"}
,{"stream_name":"stdout","time":14145.67029711,"data":"类型2 正确率：   0.00% -\u003e 1  100.00%, 2    0.00%\n"}
,{"stream_name":"stdout","time":14145.670319581,"data":"\n"}
,{"stream_name":"stdout","time":14145.670352871,"data":"\n"}
,{"stream_name":"stdout","time":14158.673891885,"data":"轮次:··6/·20 || c_Loss:0.332 || e_Loss:-1.266 || Aad_Loss:-29.734 || 耗时：33.84s\n"}
,{"stream_name":"stdout","time":14171.799146586,"data":"轮次:··7/·20 || c_Loss:0.379 || e_Loss:-1.621 || Aad_Loss:-30.760 || 耗时：13.12s\n"}
,{"stream_name":"stdout","time":14184.943376784,"data":"轮次:··8/·20 || c_Loss:0.356 || e_Loss:-1.631 || Aad_Loss:-30.095 || 耗时：13.14s\n"}
,{"stream_name":"stdout","time":14198.034194055,"data":"轮次:··9/·20 || c_Loss:0.369 || e_Loss:-1.579 || Aad_Loss:-30.879 || 耗时：13.09s\n"}
,{"stream_name":"stdout","time":14211.088490607,"data":"轮次:·10/·20 || c_Loss:0.362 || e_Loss:-1.345 || Aad_Loss:-28.349 || 耗时：13.05s\n"}
,{"stream_name":"stdout","time":14217.119519287,"data":"任务: (B1)N15_M01_F10→(B3)N15_M07_F04; mix批次:····0; 批次:··940/·1880;  总正确率: 61.38%\n"}
,{"stream_name":"stdout","time":14217.11956534,"data":"类型1 正确率： 100.00% -\u003e 1  100.00%, 2    0.00%, 3    0.00%\n"}
,{"stream_name":"stdout","time":14217.119572541,"data":"类型2 正确率：  34.00% -\u003e 1    0.00%, 2   34.15%, 3   65.85%\n"}
,{"stream_name":"stdout","time":14217.119577833,"data":"类型3 正确率：  50.00% -\u003e 1    0.30%, 2   49.70%, 3   50.00%\n"}
,{"stream_name":"stdout","time":14217.119583018,"data":"\n"}
,{"stream_name":"stdout","time":14217.119587888,"data":"\n"}
,{"stream_name":"stdout","time":14217.165100037,"data":"样本变换：reverse\n"}
,{"stream_name":"stdout","time":14220.441152293,"data":"样本变换：mask\n"}
,{"stream_name":"stdout","time":14223.742104184,"data":"样本变换：shift\n"}
,{"stream_name":"stdout","time":14227.026133093,"data":"样本变换：none\n"}
,{"stream_name":"stderr","time":14232.051853653,"data":"/kaggle/working/k10/S09/sdalr_PU_final_checkpoint/tools.py:413: RuntimeWarning: invalid value encountered in divide\n"}
,{"stream_name":"stderr","time":14232.051919039,"data":"  per_class_acc = conf_matrix.diagonal() / conf_matrix.sum(axis=1) * 100\n"}
,{"stream_name":"stdout","time":14232.052013987,"data":"未过滤\t未用伪标签：61.38% -\u003e 使用伪标签：61.33%\n"}
,{"stream_name":"stdout","time":14232.052029021,"data":"已过滤\t未用伪标签：61.39% -\u003e 使用伪标签：61.34%\n"}
,{"stream_name":"stdout","time":14232.052034464,"data":"排除样本：1|6000\t剩余：2005, 1674, 2320\n"}
,{"stream_name":"stdout","time":14232.052039003,"data":"增添样本：681\t\t细则：150, 531, 0\t正确率估算：99.85%\n"}
,{"stream_name":"stdout","time":14232.052043489,"data":"类型1 正确率： 100.00% -\u003e 1  100.00%, 2    0.00%, 3    0.00%\n"}
,{"stream_name":"stdout","time":14232.052048364,"data":"类型2 正确率：  34.00% -\u003e 1    0.00%, 2   34.00%, 3   66.00%\n"}
,{"stream_name":"stdout","time":14232.05205364,"data":"类型3 正确率：  50.00% -\u003e 1    0.25%, 2   49.72%, 3   50.03%\n"}
,{"stream_name":"stdout","time":14232.052073219,"data":"\n"}
,{"stream_name":"stdout","time":14232.052104795,"data":"被排除样本 正确率：0.00%\n"}
,{"stream_name":"stdout","time":14232.052108812,"data":"类型1 没有样本或未被分类。\n"}
,{"stream_name":"stdout","time":14232.052112858,"data":"类型2 正确率：   0.00% -\u003e 1  100.00%, 2    0.00%\n"}
,{"stream_name":"stdout","time":14232.052116579,"data":"\n"}
,{"stream_name":"stdout","time":14232.052120166,"data":"\n"}
,{"stream_name":"stdout","time":14245.113102842,"data":"轮次:·11/·20 || c_Loss:0.342 || e_Loss:-1.420 || Aad_Loss:-31.352 || 耗时：34.02s\n"}
,{"stream_name":"stdout","time":14258.207475682,"data":"轮次:·12/·20 || c_Loss:0.350 || e_Loss:-1.682 || Aad_Loss:-29.778 || 耗时：13.09s\n"}
,{"stream_name":"stdout","time":14271.329425941,"data":"轮次:·13/·20 || c_Loss:0.337 || e_Loss:-1.554 || Aad_Loss:-30.290 || 耗时：13.12s\n"}
,{"stream_name":"stdout","time":14284.457317735,"data":"轮次:·14/·20 || c_Loss:0.350 || e_Loss:-1.594 || Aad_Loss:-30.504 || 耗时：13.13s\n"}
,{"stream_name":"stdout","time":14297.554640087,"data":"轮次:·15/·20 || c_Loss:0.358 || e_Loss:-1.020 || Aad_Loss:-30.842 || 耗时：13.10s\n"}
,{"stream_name":"stdout","time":14303.578496554,"data":"任务: (B1)N15_M01_F10→(B3)N15_M07_F04; mix批次:····0; 批次:·1410/·1880;  总正确率: 61.33%\n"}
,{"stream_name":"stdout","time":14303.57852997,"data":"类型1 正确率： 100.00% -\u003e 1  100.00%, 2    0.00%, 3    0.00%\n"}
,{"stream_name":"stdout","time":14303.57853637,"data":"类型2 正确率：  34.00% -\u003e 1    0.65%, 2   34.00%, 3   65.35%\n"}
,{"stream_name":"stdout","time":14303.578541333,"data":"类型3 正确率：  50.00% -\u003e 1    0.30%, 2   49.70%, 3   50.00%\n"}
,{"stream_name":"stdout","time":14303.578546086,"data":"\n"}
,{"stream_name":"stdout","time":14303.578550448,"data":"\n"}
,{"stream_name":"stdout","time":14303.621533577,"data":"样本变换：reverse\n"}
,{"stream_name":"stdout","time":14306.891224753,"data":"样本变换：mask\n"}
,{"stream_name":"stdout","time":14310.163160132,"data":"样本变换：shift\n"}
,{"stream_name":"stdout","time":14313.448229174,"data":"样本变换：none\n"}
,{"stream_name":"stderr","time":14318.376020407,"data":"/kaggle/working/k10/S09/sdalr_PU_final_checkpoint/tools.py:413: RuntimeWarning: invalid value encountered in divide\n"}
,{"stream_name":"stderr","time":14318.376062824,"data":"  per_class_acc = conf_matrix.diagonal() / conf_matrix.sum(axis=1) * 100\n"}
,{"stream_name":"stdout","time":14318.3760615,"data":"未过滤\t未用伪标签：61.33% -\u003e 使用伪标签：61.33%\n"}
,{"stream_name":"stdout","time":14318.376107857,"data":"已过滤\t未用伪标签：61.34% -\u003e 使用伪标签：61.34%\n"}
,{"stream_name":"stdout","time":14318.376116763,"data":"排除样本：1|6000\t剩余：2005, 1674, 2320\n"}
,{"stream_name":"stdout","time":14318.376121879,"data":"增添样本：681\t\t细则：150, 531, 0\t正确率估算：99.85%\n"}
,{"stream_name":"stdout","time":14318.376131129,"data":"类型1 正确率： 100.00% -\u003e 1  100.00%, 2    0.00%, 3    0.00%\n"}
,{"stream_name":"stdout","time":14318.376135129,"data":"类型2 正确率：  34.00% -\u003e 1    0.00%, 2   34.00%, 3   66.00%\n"}
,{"stream_name":"stdout","time":14318.37613845,"data":"类型3 正确率：  50.00% -\u003e 1    0.25%, 2   49.72%, 3   50.03%\n"}
,{"stream_name":"stdout","time":14318.376141793,"data":"\n"}
,{"stream_name":"stdout","time":14318.37614491,"data":"被排除样本 正确率：0.00%\n"}
,{"stream_name":"stdout","time":14318.376148645,"data":"类型1 没有样本或未被分类。\n"}
,{"stream_name":"stdout","time":14318.376163129,"data":"类型2 正确率：   0.00% -\u003e 1  100.00%, 2    0.00%\n"}
,{"stream_name":"stdout","time":14318.376165892,"data":"\n"}
,{"stream_name":"stdout","time":14318.376168167,"data":"\n"}
,{"stream_name":"stdout","time":14331.380022651,"data":"轮次:·16/·20 || c_Loss:0.342 || e_Loss:-1.398 || Aad_Loss:-31.581 || 耗时：33.83s\n"}
,{"stream_name":"stdout","time":14344.410828344,"data":"轮次:·17/·20 || c_Loss:0.348 || e_Loss:-1.746 || Aad_Loss:-29.926 || 耗时：13.03s\n"}
,{"stream_name":"stdout","time":14357.504416833,"data":"轮次:·18/·20 || c_Loss:0.334 || e_Loss:-1.613 || Aad_Loss:-30.441 || 耗时：13.09s\n"}
,{"stream_name":"stdout","time":14370.601164753,"data":"轮次:·19/·20 || c_Loss:0.349 || e_Loss:-1.592 || Aad_Loss:-30.665 || 耗时：13.10s\n"}
,{"stream_name":"stdout","time":14383.663424526,"data":"轮次:·20/·20 || c_Loss:0.355 || e_Loss:-1.032 || Aad_Loss:-30.957 || 耗时：13.06s\n"}
,{"stream_name":"stdout","time":14389.709171549,"data":"任务: (B1)N15_M01_F10→(B3)N15_M07_F04; mix批次:····0; 批次:·1880/·1880;  总正确率: 61.33%\n"}
,{"stream_name":"stdout","time":14389.70922289,"data":"类型1 正确率： 100.00% -\u003e 1  100.00%, 2    0.00%, 3    0.00%\n"}
,{"stream_name":"stdout","time":14389.709231014,"data":"类型2 正确率：  34.00% -\u003e 1    1.75%, 2   34.00%, 3   64.25%\n"}
,{"stream_name":"stdout","time":14389.709235841,"data":"类型3 正确率：  50.00% -\u003e 1    0.30%, 2   49.70%, 3   50.00%\n"}
,{"stream_name":"stdout","time":14389.709241272,"data":"\n"}
,{"stream_name":"stdout","time":14389.709246901,"data":"\n"}
,{"stream_name":"stdout","time":14395.736819951,"data":"测试集任务: (B1)N15_M01_F10→(B3)N15_M07_F04; 总正确率 = 61.33%\n"}
,{"stream_name":"stdout","time":14395.73686864,"data":"类型1 正确率： 100.00% -\u003e 1  100.00%, 2    0.00%, 3    0.00%\n"}
,{"stream_name":"stdout","time":14395.736876117,"data":"类型2 正确率：  34.00% -\u003e 1    1.75%, 2   34.00%, 3   64.25%\n"}
,{"stream_name":"stdout","time":14395.736881443,"data":"类型3 正确率：  50.00% -\u003e 1    0.30%, 2   49.70%, 3   50.00%\n"}
,{"stream_name":"stdout","time":14395.736886867,"data":"\n"}
,{"stream_name":"stdout","time":14395.736891585,"data":"\n"}
,{"stream_name":"stdout","time":14395.760002829,"data":"[tar_adaptation_RES_PU.py --folder_root /kaggle/working/k10/S09/sdalr_PU_final_checkpoint/DATA_foldS09c --seed 2024 --class_num 3 --data_name PU_M1_L3 --output /kaggle/working/k10/S09/weight_PU_M1_final_checkpoint_FS09toS09c_gatepcv_s2024 --s 0 --t 2 --lr 0.0005 --threshold 0.4 --K 0.6] 362s\n"}
,{"stream_name":"stdout","time":14395.794863219,"data":"读取源域路径：/kaggle/working/k10/S09/weight_PU_M1_final_checkpoint_FS09toS09c_gatepcv_s2024/NEW_PU/Source-源域/log\u0026pt/(B2)N15_M07_F10\n"}
,{"stream_name":"stdout","time":14395.794889998,"data":"excel输出位置：/kaggle/working/k10/S09/weight_PU_M1_final_checkpoint_FS09toS09c_gatepcv_s2024/NEW_PU/Target-目标域\n"}
,{"stream_name":"stdout","time":14395.794900058,"data":"特征图片输出位置：/kaggle/working/k10/S09/weight_PU_M1_final_checkpoint_FS09toS09c_gatepcv_s2024/NEW_PU/Picture-特征图/2026年09月19日12时14分/(B2)N15_M07_F10\n"}
,{"stream_name":"stderr","time":14395.829249034,"data":"/usr/local/lib/python3.12/dist-packages/torch/nn/utils/weight_norm.py:144: FutureWarning: `torch.nn.utils.weight_norm` is deprecated in favor of `torch.nn.utils.parametrizations.weight_norm`.\n"}
,{"stream_name":"stderr","time":14395.829280686,"data":"  WeightNorm.apply(module, name, dim)\n"}
,{"stream_name":"stdout","time":14395.867273762,"data":"现在选取:(B2)N15_M07_F10 进行训练的源模型\n"}
,{"stream_name":"stdout","time":14395.86729817,"data":"现在进行：(B2)N15_M07_F10→(B1)N15_M01_F10 的迁移任务\n"}
,{"stream_name":"stdout","time":14395.867346035,"data":"log\u0026pt输出位置：/kaggle/working/k10/S09/weight_PU_M1_final_checkpoint_FS09toS09c_gatepcv_s2024/NEW_PU/Target-目标域/log\u0026pt/(B2)N15_M07_F10→(B1)N15_M01_F10\n"}
,{"stream_name":"stderr","time":14395.868669078,"data":"sh: 1: Syntax error: word unexpected (expecting \")\")\n"}
,{"stream_name":"stdout","time":14406.888414992,"data":"任务: (B2)N15_M07_F10→(B1)N15_M01_F10; 批次:····0/·1880;  总正确率: 60.43%\n"}
,{"stream_name":"stdout","time":14406.888472987,"data":"类型1 正确率： 100.00% -\u003e 1  100.00%, 2    0.00%, 3    0.00%\n"}
,{"stream_name":"stdout","time":14406.888481306,"data":"类型2 正确率：  66.00% -\u003e 1    0.10%, 2   65.95%, 3   33.95%\n"}
,{"stream_name":"stdout","time":14406.888486972,"data":"类型3 正确率：  15.00% -\u003e 1    0.00%, 2   84.65%, 3   15.35%\n"}
,{"stream_name":"stdout","time":14406.888492307,"data":"\n"}
,{"stream_name":"stdout","time":14406.888496625,"data":"\n"}
,{"stream_name":"stdout","time":14406.889143605,"data":"样本变换：reverse\n"}
,{"stream_name":"stdout","time":14410.13317568,"data":"样本变换：mask\n"}
,{"stream_name":"stdout","time":14413.435155318,"data":"样本变换：shift\n"}
,{"stream_name":"stdout","time":14416.728237571,"data":"样本变换：none\n"}
,{"stream_name":"stdout","time":14421.659557607,"data":"未过滤\t未用伪标签：60.43% -\u003e 使用伪标签：60.58%\n"}
,{"stream_name":"stdout","time":14421.659623866,"data":"已过滤\t未用伪标签：60.57% -\u003e 使用伪标签：60.81%\n"}
,{"stream_name":"stdout","time":14421.659631442,"data":"排除样本：22|6000\t剩余：1996, 1712, 2270\n"}
,{"stream_name":"stdout","time":14421.659636631,"data":"增添样本：665\t\t细则：0, 284, 381\t正确率估算：62.41%\n"}
,{"stream_name":"stdout","time":14421.659641611,"data":"类型1 正确率： 100.00% -\u003e 1  100.00%, 2    0.00%, 3    0.00%\n"}
,{"stream_name":"stdout","time":14421.659646516,"data":"类型2 正确率：  34.00% -\u003e 1    0.00%, 2   34.22%, 3   65.78%\n"}
,{"stream_name":"stdout","time":14421.659651051,"data":"类型3 正确率：  48.00% -\u003e 1    0.00%, 2   51.84%, 3   48.16%\n"}
,{"stream_name":"stdout","time":14421.659655584,"data":"\n"}
,{"stream_name":"stdout","time":14421.659660076,"data":"被排除样本 正确率：22.73%\n"}
,{"stream_name":"stdout","time":14421.659664587,"data":"类型1 正确率： 100.00% -\u003e 1  100.00%, 2    0.00%, 3    0.00%\n"}
,{"stream_name":"stdout","time":14421.659669825,"data":"类型2 正确率： 100.00% -\u003e 1    0.00%, 2  100.00%, 3    0.00%\n"}
,{"stream_name":"stdout","time":14421.65967433,"data":"类型3 正确率：   0.00% -\u003e 1    0.00%, 2  100.00%, 3    0.00%\n"}
,{"stream_name":"stdout","time":14421.65967896,"data":"\n"}
,{"stream_name":"stdout","time":14421.6596832,"data":"\n"}
,{"stream_name":"stdout","time":14434.883216644,"data":"轮次:··1/·20 || c_Loss:0.570 || e_Loss:-1.614 || Aad_Loss:-25.490 || 耗时：33.89s\n"}
,{"stream_name":"stdout","time":14448.096126594,"data":"轮次:··2/·20 || c_Loss:0.402 || e_Loss:-1.783 || Aad_Loss:-27.401 || 耗时：13.21s\n"}
,{"stream_name":"stdout","time":14461.184135511,"data":"轮次:··3/·20 || c_Loss:0.340 || e_Loss:-1.920 || Aad_Loss:-27.742 || 耗时：13.09s\n"}
,{"stream_name":"stdout","time":14474.160549873,"data":"轮次:··4/·20 || c_Loss:0.339 || e_Loss:-1.719 || Aad_Loss:-28.107 || 耗时：12.98s\n"}
,{"stream_name":"stdout","time":14487.105872076,"data":"轮次:··5/·20 || c_Loss:0.331 || e_Loss:-1.936 || Aad_Loss:-28.082 || 耗时：12.95s\n"}
,{"stream_name":"stdout","time":14493.11510501,"data":"任务: (B2)N15_M07_F10→(B1)N15_M01_F10; mix批次:····0; 批次:··470/·1880;  总正确率: 63.45%\n"}
,{"stream_name":"stdout","time":14493.115171846,"data":"类型1 正确率： 100.00% -\u003e 1  100.00%, 2    0.00%, 3    0.00%\n"}
,{"stream_name":"stdout","time":14493.115179813,"data":"类型2 正确率：  40.00% -\u003e 1    9.20%, 2   40.35%, 3   50.45%\n"}
,{"stream_name":"stdout","time":14493.115184895,"data":"类型3 正确率：  50.00% -\u003e 1    0.00%, 2   50.00%, 3   50.00%\n"}
,{"stream_name":"stdout","time":14493.115190197,"data":"\n"}
,{"stream_name":"stdout","time":14493.115194567,"data":"\n"}
,{"stream_name":"stdout","time":14493.148557642,"data":"样本变换：reverse\n"}
,{"stream_name":"stdout","time":14496.414200778,"data":"样本变换：mask\n"}
,{"stream_name":"stdout","time":14499.684174238,"data":"样本变换：shift\n"}
,{"stream_name":"stdout","time":14502.965152923,"data":"样本变换：none\n"}
,{"stream_name":"stderr","time":14507.843364375,"data":"/kaggle/working/k10/S09/sdalr_PU_final_checkpoint/tools.py:413: RuntimeWarning: invalid value encountered in divide\n"}
,{"stream_name":"stderr","time":14507.843416133,"data":"  per_class_acc = conf_matrix.diagonal() / conf_matrix.sum(axis=1) * 100\n"}
,{"stream_name":"stdout","time":14507.843550774,"data":"未过滤\t未用伪标签：63.45% -\u003e 使用伪标签：62.48%\n"}
,{"stream_name":"stdout","time":14507.843564322,"data":"已过滤\t未用伪标签：63.55% -\u003e 使用伪标签：62.77%\n"}
,{"stream_name":"stdout","time":14507.843569997,"data":"排除样本：27|6000\t剩余：2000, 1749, 2224\n"}
,{"stream_name":"stdout","time":14507.843575006,"data":"增添样本：591\t\t细则：0, 251, 340\t正确率估算：99.83%\n"}
,{"stream_name":"stdout","time":14507.843580406,"data":"类型1 正确率： 100.00% -\u003e 1  100.00%, 2    0.00%, 3    0.00%\n"}
,{"stream_name":"stdout","time":14507.843585262,"data":"类型2 正确率：  38.00% -\u003e 1    0.00%, 2   37.96%, 3   62.04%\n"}
,{"stream_name":"stdout","time":14507.843589903,"data":"类型3 正确率：  50.00% -\u003e 1    0.00%, 2   50.00%, 3   50.00%\n"}
,{"stream_name":"stdout","time":14507.843595039,"data":"\n"}
,{"stream_name":"stdout","time":14507.843599904,"data":"被排除样本 正确率：40.74%\n"}
,{"stream_name":"stdout","time":14507.843604523,"data":"类型1 没有样本或未被分类。\n"}
,{"stream_name":"stdout","time":14507.843609064,"data":"类型2 正确率：  41.00% -\u003e 1   59.26%, 2   40.74%\n"}
,{"stream_name":"stdout","time":14507.843613789,"data":"\n"}
,{"stream_name":"stdout","time":14507.843618379,"data":"\n"}
,{"stream_name":"stdout","time":14520.821659206,"data":"轮次:··6/·20 || c_Loss:0.336 || e_Loss:-1.760 || Aad_Loss:-28.209 || 耗时：33.72s\n"}
,{"stream_name":"stdout","time":14533.95386579,"data":"轮次:··7/·20 || c_Loss:0.336 || e_Loss:-1.981 || Aad_Loss:-28.940 || 耗时：13.13s\n"}
,{"stream_name":"stdout","time":14547.095255529,"data":"轮次:··8/·20 || c_Loss:0.327 || e_Loss:-1.805 || Aad_Loss:-27.579 || 耗时：13.14s\n"}
,{"stream_name":"stdout","time":14560.300214222,"data":"轮次:··9/·20 || c_Loss:0.336 || e_Loss:-1.745 || Aad_Loss:-30.829 || 耗时：13.20s\n"}
,{"stream_name":"stdout","time":14573.513318205,"data":"轮次:·10/·20 || c_Loss:0.332 || e_Loss:-1.899 || Aad_Loss:-27.143 || 耗时：13.21s\n"}
,{"stream_name":"stdout","time":14579.548399595,"data":"任务: (B2)N15_M07_F10→(B1)N15_M01_F10; mix批次:····0; 批次:··940/·1880;  总正确率: 67.58%\n"}
,{"stream_name":"stdout","time":14579.548439815,"data":"类型1 正确率： 100.00% -\u003e 1  100.00%, 2    0.00%, 3    0.00%\n"}
,{"stream_name":"stdout","time":14579.548459338,"data":"类型2 正确率：  53.00% -\u003e 1    2.80%, 2   52.75%, 3   44.45%\n"}
,{"stream_name":"stdout","time":14579.548464365,"data":"类型3 正确率：  50.00% -\u003e 1    0.00%, 2   50.00%, 3   50.00%\n"}
,{"stream_name":"stdout","time":14579.548468265,"data":"\n"}
,{"stream_name":"stdout","time":14579.548472375,"data":"\n"}
,{"stream_name":"stdout","time":14579.592614661,"data":"样本变换：reverse\n"}
,{"stream_name":"stdout","time":14582.890287004,"data":"样本变换：mask\n"}
,{"stream_name":"stdout","time":14586.192144376,"data":"样本变换：shift\n"}
,{"stream_name":"stdout","time":14589.475163554,"data":"样本变换：none\n"}
,{"stream_name":"stderr","time":14594.34927954,"data":"/kaggle/working/k10/S09/sdalr_PU_final_checkpoint/tools.py:413: RuntimeWarning: invalid value encountered in divide\n"}
,{"stream_name":"stderr","time":14594.349344654,"data":"  per_class_acc = conf_matrix.diagonal() / conf_matrix.sum(axis=1) * 100\n"}
,{"stream_name":"stdout","time":14594.349443036,"data":"未过滤\t未用伪标签：67.58% -\u003e 使用伪标签：68.52%\n"}
,{"stream_name":"stdout","time":14594.34945695,"data":"已过滤\t未用伪标签：67.68% -\u003e 使用伪标签：68.67%\n"}
,{"stream_name":"stdout","time":14594.349462564,"data":"排除样本：13|6000\t剩余：2000, 2111, 1876\n"}
,{"stream_name":"stdout","time":14594.349467425,"data":"增添样本：562\t\t细则：111, 0, 451\t正确率估算：100.00%\n"}
,{"stream_name":"stdout","time":14594.349508872,"data":"类型1 正确率： 100.00% -\u003e 1  100.00%, 2    0.00%, 3    0.00%\n"}
,{"stream_name":"stdout","time":14594.349514895,"data":"类型2 正确率：  56.00% -\u003e 1    0.00%, 2   55.91%, 3   44.09%\n"}
,{"stream_name":"stdout","time":14594.349520261,"data":"类型3 正确率：  50.00% -\u003e 1    0.00%, 2   50.00%, 3   50.00%\n"}
,{"stream_name":"stdout","time":14594.349525544,"data":"\n"}
,{"stream_name":"stdout","time":14594.349529979,"data":"被排除样本 正确率：23.08%\n"}
,{"stream_name":"stdout","time":14594.349537859,"data":"类型1 没有样本或未被分类。\n"}
,{"stream_name":"stdout","time":14594.349541537,"data":"类型2 正确率：  23.00% -\u003e 1   15.38%, 2   23.08%, 3   61.54%\n"}
,{"stream_name":"stdout","time":14594.349544762,"data":"类型3 没有样本或未被分类。\n"}
,{"stream_name":"stdout","time":14594.349575397,"data":"\n"}
,{"stream_name":"stdout","time":14594.34958098,"data":"\n"}
,{"stream_name":"stdout","time":14607.300758977,"data":"轮次:·11/·20 || c_Loss:0.331 || e_Loss:-1.876 || Aad_Loss:-29.592 || 耗时：33.79s\n"}
,{"stream_name":"stdout","time":14620.311320637,"data":"轮次:·12/·20 || c_Loss:0.330 || e_Loss:-1.690 || Aad_Loss:-30.534 || 耗时：13.01s\n"}
,{"stream_name":"stdout","time":14633.335467131,"data":"轮次:·13/·20 || c_Loss:0.330 || e_Loss:-1.746 || Aad_Loss:-29.648 || 耗时：13.02s\n"}
,{"stream_name":"stdout","time":14646.416044192,"data":"轮次:·14/·20 || c_Loss:0.331 || e_Loss:-1.867 || Aad_Loss:-27.533 || 耗时：13.08s\n"}
,{"stream_name":"stdout","time":14659.535400171,"data":"轮次:·15/·20 || c_Loss:0.328 || e_Loss:-1.884 || Aad_Loss:-30.413 || 耗时：13.12s\n"}
,{"stream_name":"stdout","time":14665.587167938,"data":"任务: (B2)N15_M07_F10→(B1)N15_M01_F10; mix批次:····0; 批次:·1410/·1880;  总正确率: 71.05%\n"}
,{"stream_name":"stdout","time":14665.587239342,"data":"类型1 正确率： 100.00% -\u003e 1  100.00%, 2    0.00%, 3    0.00%\n"}
,{"stream_name":"stdout","time":14665.587247436,"data":"类型2 正确率：  63.00% -\u003e 1    0.05%, 2   63.15%, 3   36.80%\n"}
,{"stream_name":"stdout","time":14665.587252633,"data":"类型3 正确率：  50.00% -\u003e 1    0.00%, 2   50.00%, 3   50.00%\n"}
,{"stream_name":"stdout","time":14665.587270582,"data":"\n"}
,{"stream_name":"stdout","time":14665.58727422,"data":"\n"}
,{"stream_name":"stdout","time":14665.629897656,"data":"样本变换：reverse\n"}
,{"stream_name":"stdout","time":14668.911149195,"data":"样本变换：mask\n"}
,{"stream_name":"stdout","time":14672.240046431,"data":"样本变换：shift\n"}
,{"stream_name":"stdout","time":14675.567255317,"data":"样本变换：none\n"}
,{"stream_name":"stderr","time":14680.8314802,"data":"/kaggle/working/k10/S09/sdalr_PU_final_checkpoint/tools.py:413: RuntimeWarning: invalid value encountered in divide\n"}
,{"stream_name":"stderr","time":14680.831536315,"data":"  per_class_acc = conf_matrix.diagonal() / conf_matrix.sum(axis=1) * 100\n"}
,{"stream_name":"stdout","time":14680.831663768,"data":"未过滤\t未用伪标签：71.05% -\u003e 使用伪标签：71.32%\n"}
,{"stream_name":"stdout","time":14680.83168771,"data":"已过滤\t未用伪标签：71.16% -\u003e 使用伪标签：71.42%\n"}
,{"stream_name":"stdout","time":14680.831693133,"data":"排除样本：9|6000\t剩余：2000, 2279, 1712\n"}
,{"stream_name":"stdout","time":14680.831698052,"data":"增添样本：898\t\t细则：279, 0, 619\t正确率估算：100.00%\n"}
,{"stream_name":"stdout","time":14680.831703083,"data":"类型1 正确率： 100.00% -\u003e 1  100.00%, 2    0.00%, 3    0.00%\n"}
,{"stream_name":"stdout","time":14680.831708405,"data":"类型2 正确率：  64.00% -\u003e 1    0.00%, 2   64.24%, 3   35.76%\n"}
,{"stream_name":"stdout","time":14680.831713708,"data":"类型3 正确率：  50.00% -\u003e 1    0.00%, 2   50.00%, 3   50.00%\n"}
,{"stream_name":"stdout","time":14680.83171827,"data":"\n"}
,{"stream_name":"stdout","time":14680.831722786,"data":"被排除样本 正确率：0.00%\n"}
,{"stream_name":"stdout","time":14680.831727393,"data":"类型1 正确率：   0.00% -\u003e 1    0.00%, 2  100.00%\n"}
,{"stream_name":"stdout","time":14680.831732031,"data":"类型2 没有样本或未被分类。\n"}
,{"stream_name":"stdout","time":14680.831736773,"data":"\n"}
,{"stream_name":"stdout","time":14680.831740801,"data":"\n"}
,{"stream_name":"stdout","time":14693.832254853,"data":"轮次:·16/·20 || c_Loss:0.352 || e_Loss:-1.218 || Aad_Loss:-31.821 || 耗时：34.30s\n"}
,{"stream_name":"stdout","time":14706.977488545,"data":"轮次:·17/·20 || c_Loss:0.345 || e_Loss:-1.812 || Aad_Loss:-30.705 || 耗时：13.15s\n"}
,{"stream_name":"stdout","time":14720.134610799,"data":"轮次:·18/·20 || c_Loss:0.357 || e_Loss:-0.880 || Aad_Loss:-33.061 || 耗时：13.16s\n"}
,{"stream_name":"stdout","time":14733.33710118,"data":"轮次:·19/·20 || c_Loss:0.346 || e_Loss:-0.951 || Aad_Loss:-31.464 || 耗时：13.20s\n"}
,{"stream_name":"stdout","time":14746.579069757,"data":"轮次:·20/·20 || c_Loss:0.354 || e_Loss:-0.901 || Aad_Loss:-32.803 || 耗时：13.24s\n"}
,{"stream_name":"stdout","time":14752.630730985,"data":"任务: (B2)N15_M07_F10→(B1)N15_M01_F10; mix批次:····0; 批次:·1880/·1880;  总正确率: 71.73%\n"}
,{"stream_name":"stdout","time":14752.630762607,"data":"类型1 正确率： 100.00% -\u003e 1  100.00%, 2    0.00%, 3    0.00%\n"}
,{"stream_name":"stdout","time":14752.630768801,"data":"类型2 正确率：  65.00% -\u003e 1    0.00%, 2   65.20%, 3   34.80%\n"}
,{"stream_name":"stdout","time":14752.630773691,"data":"类型3 正确率：  50.00% -\u003e 1    0.00%, 2   50.00%, 3   50.00%\n"}
,{"stream_name":"stdout","time":14752.630778486,"data":"\n"}
,{"stream_name":"stdout","time":14752.630782906,"data":"\n"}
,{"stream_name":"stdout","time":14758.647885418,"data":"测试集任务: (B2)N15_M07_F10→(B1)N15_M01_F10; 总正确率 = 71.73%\n"}
,{"stream_name":"stdout","time":14758.647953676,"data":"类型1 正确率： 100.00% -\u003e 1  100.00%, 2    0.00%, 3    0.00%\n"}
,{"stream_name":"stdout","time":14758.647960188,"data":"类型2 正确率：  65.00% -\u003e 1    0.00%, 2   65.20%, 3   34.80%\n"}
,{"stream_name":"stdout","time":14758.647964511,"data":"类型3 正确率：  50.00% -\u003e 1    0.00%, 2   50.00%, 3   50.00%\n"}
,{"stream_name":"stdout","time":14758.647968588,"data":"\n"}
,{"stream_name":"stdout","time":14758.647972403,"data":"\n"}
,{"stream_name":"stdout","time":14758.67160626,"data":"[tar_adaptation_RES_PU.py --folder_root /kaggle/working/k10/S09/sdalr_PU_final_checkpoint/DATA_foldS09c --seed 2024 --class_num 3 --data_name PU_M1_L3 --output /kaggle/working/k10/S09/weight_PU_M1_final_checkpoint_FS09toS09c_gatepcv_s2024 --s 1 --t 0 --lr 0.0005 --threshold 0.4 --K 0.6] 363s\n"}
,{"stream_name":"stdout","time":14758.709907671,"data":"读取源域路径：/kaggle/working/k10/S09/weight_PU_M1_final_checkpoint_FS09toS09c_gatepcv_s2024/NEW_PU/Source-源域/log\u0026pt/(B2)N15_M07_F10\n"}
,{"stream_name":"stdout","time":14758.709939544,"data":"excel输出位置：/kaggle/working/k10/S09/weight_PU_M1_final_checkpoint_FS09toS09c_gatepcv_s2024/NEW_PU/Target-目标域\n"}
,{"stream_name":"stdout","time":14758.709952197,"data":"特征图片输出位置：/kaggle/working/k10/S09/weight_PU_M1_final_checkpoint_FS09toS09c_gatepcv_s2024/NEW_PU/Picture-特征图/2026年09月19日12时20分/(B2)N15_M07_F10\n"}
,{"stream_name":"stderr","time":14758.745297908,"data":"/usr/local/lib/python3.12/dist-packages/torch/nn/utils/weight_norm.py:144: FutureWarning: `torch.nn.utils.weight_norm` is deprecated in favor of `torch.nn.utils.parametrizations.weight_norm`.\n"}
,{"stream_name":"stderr","time":14758.745323411,"data":"  WeightNorm.apply(module, name, dim)\n"}
,{"stream_name":"stdout","time":14758.785042304,"data":"现在选取:(B2)N15_M07_F10 进行训练的源模型\n"}
,{"stream_name":"stdout","time":14758.785101328,"data":"现在进行：(B2)N15_M07_F10→(B3)N15_M07_F04 的迁移任务\n"}
,{"stream_name":"stdout","time":14758.785111441,"data":"log\u0026pt输出位置：/kaggle/working/k10/S09/weight_PU_M1_final_checkpoint_FS09toS09c_gatepcv_s2024/NEW_PU/Target-目标域/log\u0026pt/(B2)N15_M07_F10→(B3)N15_M07_F04\n"}
,{"stream_name":"stderr","time":14758.786483429,"data":"sh: 1: Syntax error: word unexpected (expecting \")\")\n"}
,{"stream_name":"stdout","time":14770.136023962,"data":"任务: (B2)N15_M07_F10→(B3)N15_M07_F04; 批次:····0/·1880;  总正确率: 65.13%\n"}
,{"stream_name":"stdout","time":14770.136080597,"data":"类型1 正确率： 100.00% -\u003e 1  100.00%, 2    0.00%, 3    0.00%\n"}
,{"stream_name":"stdout","time":14770.136103865,"data":"类型2 正确率：  47.00% -\u003e 1    0.05%, 2   47.20%, 3   52.75%\n"}
,{"stream_name":"stdout","time":14770.136109455,"data":"类型3 正确率：  48.00% -\u003e 1    6.30%, 2   45.50%, 3   48.20%\n"}
,{"stream_name":"stdout","time":14770.136114515,"data":"\n"}
,{"stream_name":"stdout","time":14770.136119187,"data":"\n"}
,{"stream_name":"stdout","time":14770.137132178,"data":"样本变换：reverse\n"}
,{"stream_name":"stdout","time":14773.408556474,"data":"样本变换：mask\n"}
,{"stream_name":"stdout","time":14776.75805522,"data":"样本变换：shift\n"}
,{"stream_name":"stdout","time":14780.109141307,"data":"样本变换：none\n"}
,{"stream_name":"stdout","time":14785.170062708,"data":"未过滤\t未用伪标签：65.13% -\u003e 使用伪标签：61.37%\n"}
,{"stream_name":"stdout","time":14785.170122705,"data":"已过滤\t未用伪标签：65.45% -\u003e 使用伪标签：61.73%\n"}
,{"stream_name":"stdout","time":14785.170133698,"data":"排除样本：35|6000\t剩余：2025, 1626, 2314\n"}
,{"stream_name":"stdout","time":14785.170155842,"data":"增添样本：692\t\t细则：127, 565, 0\t正确率估算：97.83%\n"}
,{"stream_name":"stdout","time":14785.17015885,"data":"类型1 正确率： 100.00% -\u003e 1  100.00%, 2    0.00%, 3    0.00%\n"}
,{"stream_name":"stdout","time":14785.170162133,"data":"类型2 正确率：  34.00% -\u003e 1    0.00%, 2   34.20%, 3   65.80%\n"}
,{"stream_name":"stdout","time":14785.170164493,"data":"类型3 正确率：  51.00% -\u003e 1    1.32%, 2   47.89%, 3   50.79%\n"}
,{"stream_name":"stdout","time":14785.17016681,"data":"\n"}
,{"stream_name":"stdout","time":14785.17016906,"data":"被排除样本 正确率：11.43%\n"}
,{"stream_name":"stdout","time":14785.170171338,"data":"类型1 正确率： 100.00% -\u003e 1  100.00%, 2    0.00%, 3    0.00%\n"}
,{"stream_name":"stdout","time":14785.170173687,"data":"类型2 正确率： 100.00% -\u003e 1    0.00%, 2  100.00%, 3    0.00%\n"}
,{"stream_name":"stdout","time":14785.170175996,"data":"类型3 正确率：   0.00% -\u003e 1   93.55%, 2    6.45%, 3    0.00%\n"}
,{"stream_name":"stdout","time":14785.170178355,"data":"\n"}
,{"stream_name":"stdout","time":14785.170180495,"data":"\n"}
,{"stream_name":"stdout","time":14798.366164053,"data":"轮次:··1/·20 || c_Loss:0.543 || e_Loss:-1.012 || Aad_Loss:-29.131 || 耗时：34.16s\n"}
,{"stream_name":"stdout","time":14811.636704227,"data":"轮次:··2/·20 || c_Loss:0.440 || e_Loss:-1.276 || Aad_Loss:-29.294 || 耗时：13.27s\n"}
,{"stream_name":"stdout","time":14824.898446123,"data":"轮次:··3/·20 || c_Loss:0.432 || e_Loss:-1.193 || Aad_Loss:-30.387 || 耗时：13.26s\n"}
,{"stream_name":"stdout","time":14838.058708506,"data":"轮次:··4/·20 || c_Loss:0.338 || e_Loss:-1.299 || Aad_Loss:-29.326 || 耗时：13.16s\n"}
,{"stream_name":"stdout","time":14851.176099604,"data":"轮次:··5/·20 || c_Loss:0.334 || e_Loss:-1.260 || Aad_Loss:-30.593 || 耗时：13.12s\n"}
,{"stream_name":"stdout","time":14857.246304936,"data":"任务: (B2)N15_M07_F10→(B3)N15_M07_F04; mix批次:····0; 批次:··470/·1880;  总正确率: 61.42%\n"}
,{"stream_name":"stdout","time":14857.246346978,"data":"类型1 正确率： 100.00% -\u003e 1  100.00%, 2    0.00%, 3    0.00%\n"}
,{"stream_name":"stdout","time":14857.246358854,"data":"类型2 正确率：  34.00% -\u003e 1    0.00%, 2   34.25%, 3   65.75%\n"}
,{"stream_name":"stdout","time":14857.246363957,"data":"类型3 正确率：  50.00% -\u003e 1    1.70%, 2   48.30%, 3   50.00%\n"}
,{"stream_name":"stdout","time":14857.246369301,"data":"\n"}
,{"stream_name":"stdout","time":14857.246373535,"data":"\n"}
,{"stream_name":"stdout","time":14857.280369672,"data":"样本变换：reverse\n"}
,{"stream_name":"stdout","time":14860.584144224,"data":"样本变换：mask\n"}
,{"stream_name":"stdout","time":14863.921123963,"data":"样本变换：shift\n"}
,{"stream_name":"stdout","time":14867.23313512,"data":"样本变换：none\n"}
,{"stream_name":"stderr","time":14872.297177249,"data":"/kaggle/working/k10/S09/sdalr_PU_final_checkpoint/tools.py:413: RuntimeWarning: invalid value encountered in divide\n"}
,{"stream_name":"stderr","time":14872.297231172,"data":"  per_class_acc = conf_matrix.diagonal() / conf_matrix.sum(axis=1) * 100\n"}
,{"stream_name":"stdout","time":14872.29740446,"data":"未过滤\t未用伪标签：61.42% -\u003e 使用伪标签：61.33%\n"}
,{"stream_name":"stdout","time":14872.29741823,"data":"已过滤\t未用伪标签：61.48% -\u003e 使用伪标签：61.39%\n"}
,{"stream_name":"stdout","time":14872.297423394,"data":"排除样本：6|6000\t剩余：2023, 1651, 2320\n"}
,{"stream_name":"stdout","time":14872.297429907,"data":"增添样本：685\t\t细则：136, 549, 0\t正确率估算：99.71%\n"}
,{"stream_name":"stdout","time":14872.297466461,"data":"类型1 正确率： 100.00% -\u003e 1  100.00%, 2    0.00%, 3    0.00%\n"}
,{"stream_name":"stdout","time":14872.297471686,"data":"类型2 正确率：  34.00% -\u003e 1    0.00%, 2   34.00%, 3   66.00%\n"}
,{"stream_name":"stdout","time":14872.297475776,"data":"类型3 正确率：  50.00% -\u003e 1    1.15%, 2   48.70%, 3   50.15%\n"}
,{"stream_name":"stdout","time":14872.297480041,"data":"\n"}
,{"stream_name":"stdout","time":14872.297483805,"data":"被排除样本 正确率：0.00%\n"}
,{"stream_name":"stdout","time":14872.297487193,"data":"类型1 没有样本或未被分类。\n"}
,{"stream_name":"stdout","time":14872.297490573,"data":"类型2 没有样本或未被分类。\n"}
,{"stream_name":"stdout","time":14872.297494195,"data":"类型3 正确率：   0.00% -\u003e 1   83.33%, 2   16.67%, 3    0.00%\n"}
,{"stream_name":"stdout","time":14872.297497717,"data":"\n"}
,{"stream_name":"stdout","time":14872.297500922,"data":"\n"}
,{"stream_name":"stdout","time":14885.377536222,"data":"轮次:··6/·20 || c_Loss:0.383 || e_Loss:-1.598 || Aad_Loss:-30.491 || 耗时：34.20s\n"}
,{"stream_name":"stdout","time":14898.595349198,"data":"轮次:··7/·20 || c_Loss:0.372 || e_Loss:-1.106 || Aad_Loss:-29.818 || 耗时：13.22s\n"}
,{"stream_name":"stdout","time":14911.831292324,"data":"轮次:··8/·20 || c_Loss:0.371 || e_Loss:-1.502 || Aad_Loss:-29.359 || 耗时：13.24s\n"}
,{"stream_name":"stdout","time":14925.072998549,"data":"轮次:··9/·20 || c_Loss:0.350 || e_Loss:-1.538 || Aad_Loss:-30.160 || 耗时：13.24s\n"}
,{"stream_name":"stdout","time":14938.319515518,"data":"轮次:·10/·20 || c_Loss:0.327 || e_Loss:-0.828 || Aad_Loss:-31.699 || 耗时：13.25s\n"}
,{"stream_name":"stdout","time":14944.442952399,"data":"任务: (B2)N15_M07_F10→(B3)N15_M07_F04; mix批次:····0; 批次:··940/·1880;  总正确率: 61.33%\n"}
,{"stream_name":"stdout","time":14944.4429984,"data":"类型1 正确率： 100.00% -\u003e 1  100.00%, 2    0.00%, 3    0.00%\n"}
,{"stream_name":"stdout","time":14944.443011401,"data":"类型2 正确率：  34.00% -\u003e 1    0.00%, 2   34.00%, 3   66.00%\n"}
,{"stream_name":"stdout","time":14944.443016617,"data":"类型3 正确率：  50.00% -\u003e 1    0.55%, 2   49.45%, 3   50.00%\n"}
,{"stream_name":"stdout","time":14944.443021356,"data":"\n"}
,{"stream_name":"stdout","time":14944.443025738,"data":"\n"}
,{"stream_name":"stdout","time":14944.488313111,"data":"样本变换：reverse\n"}
,{"stream_name":"stdout","time":14947.798194852,"data":"样本变换：mask\n"}
,{"stream_name":"stdout","time":14951.153012216,"data":"样本变换：shift\n"}
,{"stream_name":"stdout","time":14954.503159865,"data":"样本变换：none\n"}
,{"stream_name":"stderr","time":14959.47001471,"data":"/kaggle/working/k10/S09/sdalr_PU_final_checkpoint/tools.py:413: RuntimeWarning: invalid value encountered in divide\n"}
,{"stream_name":"stderr","time":14959.470062938,"data":"  per_class_acc = conf_matrix.diagonal() / conf_matrix.sum(axis=1) * 100\n"}
,{"stream_name":"stdout","time":14959.47021403,"data":"未过滤\t未用伪标签：61.33% -\u003e 使用伪标签：61.33%\n"}
,{"stream_name":"stdout","time":14959.470226806,"data":"已过滤\t未用伪标签：61.36% -\u003e 使用伪标签：61.36%\n"}
,{"stream_name":"stdout","time":14959.470231691,"data":"排除样本：3|6000\t剩余：2007, 1670, 2320\n"}
,{"stream_name":"stdout","time":14959.470236252,"data":"增添样本：682\t\t细则：148, 534, 0\t正确率估算：100.00%\n"}
,{"stream_name":"stdout","time":14959.470241016,"data":"类型1 正确率： 100.00% -\u003e 1  100.00%, 2    0.00%, 3    0.00%\n"}
,{"stream_name":"stdout","time":14959.470265465,"data":"类型2 正确率：  34.00% -\u003e 1    0.00%, 2   34.00%, 3   66.00%\n"}
,{"stream_name":"stdout","time":14959.470268353,"data":"类型3 正确率：  50.00% -\u003e 1    0.35%, 2   49.57%, 3   50.08%\n"}
,{"stream_name":"stdout","time":14959.470271249,"data":"\n"}
,{"stream_name":"stdout","time":14959.470285084,"data":"被排除样本 正确率：0.00%\n"}
,{"stream_name":"stdout","time":14959.470289118,"data":"类型1 没有样本或未被分类。\n"}
,{"stream_name":"stdout","time":14959.47029319,"data":"类型2 没有样本或未被分类。\n"}
,{"stream_name":"stdout","time":14959.470296778,"data":"类型3 正确率：   0.00% -\u003e 1   66.67%, 2   33.33%, 3    0.00%\n"}
,{"stream_name":"stdout","time":14959.470301088,"data":"\n"}
,{"stream_name":"stdout","time":14959.470304459,"data":"\n"}
,{"stream_name":"stdout","time":14972.54756624,"data":"轮次:·11/·20 || c_Loss:0.343 || e_Loss:-1.689 || Aad_Loss:-30.143 || 耗时：34.23s\n"}
,{"stream_name":"stdout","time":14985.714741402,"data":"轮次:·12/·20 || c_Loss:0.383 || e_Loss:-1.711 || Aad_Loss:-31.370 || 耗时：13.17s\n"}
,{"stream_name":"stdout","time":14998.895041774,"data":"轮次:·13/·20 || c_Loss:0.357 || e_Loss:-1.799 || Aad_Loss:-30.517 || 耗时：13.18s\n"}
,{"stream_name":"stdout","time":15012.038251936,"data":"轮次:·14/·20 || c_Loss:0.364 || e_Loss:-1.754 || Aad_Loss:-31.147 || 耗时：13.14s\n"}
,{"stream_name":"stdout","time":15025.180166624,"data":"轮次:·15/·20 || c_Loss:0.360 || e_Loss:-1.349 || Aad_Loss:-28.598 || 耗时：13.14s\n"}
,{"stream_name":"stdout","time":15031.263980436,"data":"任务: (B2)N15_M07_F10→(B3)N15_M07_F04; mix批次:····0; 批次:·1410/·1880;  总正确率: 61.33%\n"}
,{"stream_name":"stdout","time":15031.264029572,"data":"类型1 正确率： 100.00% -\u003e 1  100.00%, 2    0.00%, 3    0.00%\n"}
,{"stream_name":"stdout","time":15031.264035499,"data":"类型2 正确率：  34.00% -\u003e 1    0.00%, 2   34.00%, 3   66.00%\n"}
,{"stream_name":"stdout","time":15031.264039465,"data":"类型3 正确率：  50.00% -\u003e 1    0.30%, 2   49.70%, 3   50.00%\n"}
,{"stream_name":"stdout","time":15031.264043332,"data":"\n"}
,{"stream_name":"stdout","time":15031.264046777,"data":"\n"}
,{"stream_name":"stdout","time":15031.308450374,"data":"样本变换：reverse\n"}
,{"stream_name":"stdout","time":15034.65919575,"data":"样本变换：mask\n"}
,{"stream_name":"stdout","time":15038.015161125,"data":"样本变换：shift\n"}
,{"stream_name":"stdout","time":15041.345825035,"data":"样本变换：none\n"}
,{"stream_name":"stderr","time":15046.327641307,"data":"/kaggle/working/k10/S09/sdalr_PU_final_checkpoint/tools.py:413: RuntimeWarning: invalid value encountered in divide\n"}
,{"stream_name":"stderr","time":15046.327687823,"data":"  per_class_acc = conf_matrix.diagonal() / conf_matrix.sum(axis=1) * 100\n"}
,{"stream_name":"stdout","time":15046.327834746,"data":"未过滤\t未用伪标签：61.33% -\u003e 使用伪标签：61.33%\n"}
,{"stream_name":"stdout","time":15046.327850302,"data":"已过滤\t未用伪标签：61.35% -\u003e 使用伪标签：61.35%\n"}
,{"stream_name":"stdout","time":15046.327856631,"data":"排除样本：2|6000\t剩余：2004, 1674, 2320\n"}
,{"stream_name":"stdout","time":15046.327862713,"data":"增添样本：682\t\t细则：151, 531, 0\t正确率估算：99.85%\n"}
,{"stream_name":"stdout","time":15046.327869463,"data":"类型1 正确率： 100.00% -\u003e 1  100.00%, 2    0.00%, 3    0.00%\n"}
,{"stream_name":"stdout","time":15046.327876018,"data":"类型2 正确率：  34.00% -\u003e 1    0.00%, 2   34.00%, 3   66.00%\n"}
,{"stream_name":"stdout","time":15046.327882034,"data":"类型3 正确率：  50.00% -\u003e 1    0.20%, 2   49.75%, 3   50.05%\n"}
,{"stream_name":"stdout","time":15046.32791509,"data":"\n"}
,{"stream_name":"stdout","time":15046.327918598,"data":"被排除样本 正确率：0.00%\n"}
,{"stream_name":"stdout","time":15046.327922155,"data":"类型1 没有样本或未被分类。\n"}
,{"stream_name":"stdout","time":15046.327933225,"data":"类型2 正确率：   0.00% -\u003e 1  100.00%, 2    0.00%\n"}
,{"stream_name":"stdout","time":15046.32793573,"data":"\n"}
,{"stream_name":"stdout","time":15046.327937933,"data":"\n"}
,{"stream_name":"stdout","time":15059.416135413,"data":"轮次:·16/·20 || c_Loss:0.339 || e_Loss:-1.764 || Aad_Loss:-30.318 || 耗时：34.24s\n"}
,{"stream_name":"stdout","time":15072.543689984,"data":"轮次:·17/·20 || c_Loss:0.386 || e_Loss:-1.740 || Aad_Loss:-31.495 || 耗时：13.13s\n"}
,{"stream_name":"stdout","time":15085.727392075,"data":"轮次:·18/·20 || c_Loss:0.357 || e_Loss:-1.784 || Aad_Loss:-30.581 || 耗时：13.18s\n"}
,{"stream_name":"stdout","time":15098.920008305,"data":"轮次:·19/·20 || c_Loss:0.363 || e_Loss:-1.790 || Aad_Loss:-31.259 || 耗时：13.19s\n"}
,{"stream_name":"stdout","time":15112.137451299,"data":"轮次:·20/·20 || c_Loss:0.360 || e_Loss:-1.360 || Aad_Loss:-28.808 || 耗时：13.22s\n"}
,{"stream_name":"stdout","time":15118.224635603,"data":"任务: (B2)N15_M07_F10→(B3)N15_M07_F04; mix批次:····0; 批次:·1880/·1880;  总正确率: 61.35%\n"}
,{"stream_name":"stdout","time":15118.224714053,"data":"类型1 正确率： 100.00% -\u003e 1  100.00%, 2    0.00%, 3    0.00%\n"}
,{"stream_name":"stdout","time":15118.224721663,"data":"类型2 正确率：  34.00% -\u003e 1    0.00%, 2   34.05%, 3   65.95%\n"}
,{"stream_name":"stdout","time":15118.224726356,"data":"类型3 正确率：  50.00% -\u003e 1    0.25%, 2   49.75%, 3   50.00%\n"}
,{"stream_name":"stdout","time":15118.224730904,"data":"\n"}
,{"stream_name":"stdout","time":15118.22474119,"data":"\n"}
,{"stream_name":"stdout","time":15124.222799033,"data":"测试集任务: (B2)N15_M07_F10→(B3)N15_M07_F04; 总正确率 = 61.35%\n"}
,{"stream_name":"stdout","time":15124.222908386,"data":"类型1 正确率： 100.00% -\u003e 1  100.00%, 2    0.00%, 3    0.00%\n"}
,{"stream_name":"stdout","time":15124.223642294,"data":"类型2 正确率：  34.00% -\u003e 1    0.00%, 2   34.05%, 3   65.95%\n"}
,{"stream_name":"stdout","time":15124.223663431,"data":"类型3 正确率：  50.00% -\u003e 1    0.25%, 2   49.75%, 3   50.00%\n"}
,{"stream_name":"stdout","time":15124.223668762,"data":"\n"}
,{"stream_name":"stdout","time":15124.223673023,"data":"\n"}
,{"stream_name":"stdout","time":15124.26100556,"data":"[tar_adaptation_RES_PU.py --folder_root /kaggle/working/k10/S09/sdalr_PU_final_checkpoint/DATA_foldS09c --seed 2024 --class_num 3 --data_name PU_M1_L3 --output /kaggle/working/k10/S09/weight_PU_M1_final_checkpoint_FS09toS09c_gatepcv_s2024 --s 1 --t 2 --lr 0.0005 --threshold 0.4 --K 0.6] 366s\n"}
,{"stream_name":"stdout","time":15124.298146401,"data":"读取源域路径：/kaggle/working/k10/S09/weight_PU_M1_final_checkpoint_FS09toS09c_gatepcv_s2024/NEW_PU/Source-源域/log\u0026pt/(B3)N15_M07_F04\n"}
,{"stream_name":"stdout","time":15124.298174682,"data":"excel输出位置：/kaggle/working/k10/S09/weight_PU_M1_final_checkpoint_FS09toS09c_gatepcv_s2024/NEW_PU/Target-目标域\n"}
,{"stream_name":"stdout","time":15124.298298886,"data":"特征图片输出位置：/kaggle/working/k10/S09/weight_PU_M1_final_checkpoint_FS09toS09c_gatepcv_s2024/NEW_PU/Picture-特征图/2026年09月19日12时26分/(B3)N15_M07_F04\n"}
,{"stream_name":"stderr","time":15124.331972864,"data":"/usr/local/lib/python3.12/dist-packages/torch/nn/utils/weight_norm.py:144: FutureWarning: `torch.nn.utils.weight_norm` is deprecated in favor of `torch.nn.utils.parametrizations.weight_norm`.\n"}
,{"stream_name":"stderr","time":15124.332019255,"data":"  WeightNorm.apply(module, name, dim)\n"}
,{"stream_name":"stdout","time":15124.368892974,"data":"现在选取:(B3)N15_M07_F04 进行训练的源模型\n"}
,{"stream_name":"stdout","time":15124.368933227,"data":"现在进行：(B3)N15_M07_F04→(B1)N15_M01_F10 的迁移任务\n"}
,{"stream_name":"stdout","time":15124.368938936,"data":"log\u0026pt输出位置：/kaggle/working/k10/S09/weight_PU_M1_final_checkpoint_FS09toS09c_gatepcv_s2024/NEW_PU/Target-目标域/log\u0026pt/(B3)N15_M07_F04→(B1)N15_M01_F10\n"}
,{"stream_name":"stderr","time":15124.370179854,"data":"sh: 1: Syntax error: word unexpected (expecting \")\")\n"}
,{"stream_name":"stdout","time":15135.427173935,"data":"任务: (B3)N15_M07_F04→(B1)N15_M01_F10; 批次:····0/·1880;  总正确率: 62.67%\n"}
,{"stream_name":"stdout","time":15135.427218298,"data":"类型1 正确率：  99.00% -\u003e 1   98.95%, 2    1.05%, 3    0.00%\n"}
,{"stream_name":"stdout","time":15135.427224139,"data":"类型2 正确率：  89.00% -\u003e 1    0.00%, 2   89.05%, 3   10.95%\n"}
,{"stream_name":"stdout","time":15135.427227726,"data":"类型3 正确率：   0.00% -\u003e 1    0.00%, 2  100.00%, 3    0.00%\n"}
,{"stream_name":"stdout","time":15135.427231228,"data":"\n"}
,{"stream_name":"stdout","time":15135.427234556,"data":"\n"}
,{"stream_name":"stdout","time":15135.427835494,"data":"样本变换：reverse\n"}
,{"stream_name":"stdout","time":15138.725131783,"data":"样本变换：mask\n"}
,{"stream_name":"stdout","time":15142.095130349,"data":"样本变换：shift\n"}
,{"stream_name":"stdout","time":15145.470149525,"data":"样本变换：none\n"}
,{"stream_name":"stderr","time":15151.156229776,"data":"/usr/local/lib/python3.12/dist-packages/sklearn/metrics/_classification.py:407: UserWarning: A single label was found in 'y_true' and 'y_pred'. For the confusion matrix to have the correct shape, use the 'labels' parameter to pass all known labels.\n"}
,{"stream_name":"stderr","time":15151.156265236,"data":"  warnings.warn(\n"}
,{"stream_name":"stdout","time":15151.156513762,"data":"未过滤\t未用伪标签：62.67% -\u003e 使用伪标签：54.52%\n"}
,{"stream_name":"stdout","time":15151.156538958,"data":"已过滤\t未用伪标签：62.14% -\u003e 使用伪标签：55.29%\n"}
,{"stream_name":"stdout","time":15151.156546362,"data":"排除样本：84|6000\t剩余：1998, 3275, 643\n"}
,{"stream_name":"stdout","time":15151.156552004,"data":"增添样本：4410\t\t细则：1277, 0, 3133\t正确率估算：92.39%\n"}
,{"stream_name":"stdout","time":15151.156557772,"data":"类型1 正确率： 100.00% -\u003e 1   99.90%, 2    0.10%, 3    0.00%\n"}
,{"stream_name":"stdout","time":15151.156563929,"data":"类型2 正确率：  66.00% -\u003e 1    0.00%, 2   66.44%, 3   33.56%\n"}
,{"stream_name":"stdout","time":15151.156569065,"data":"类型3 正确率：   0.00% -\u003e 1    0.00%, 2  100.00%, 3    0.00%\n"}
,{"stream_name":"stdout","time":15151.156574558,"data":"\n"}
,{"stream_name":"stdout","time":15151.156579702,"data":"被排除样本 正确率：100.00%\n"}
,{"stream_name":"stdout","time":15151.156585077,"data":"类型1 正确率： 100.00% -\u003e 1  100.00%\n"}
,{"stream_name":"stdout","time":15151.156591259,"data":"\n"}
,{"stream_name":"stdout","time":15151.15659618,"data":"\n"}
,{"stream_name":"stdout","time":15164.379172175,"data":"轮次:··1/·20 || c_Loss:0.436 || e_Loss:-1.215 || Aad_Loss:-39.564 || 耗时：34.90s\n"}
,{"stream_name":"stdout","time":15177.702061268,"data":"轮次:··2/·20 || c_Loss:0.418 || e_Loss:-1.324 || Aad_Loss:-41.641 || 耗时：13.32s\n"}
,{"stream_name":"stdout","time":15190.921592394,"data":"轮次:··3/·20 || c_Loss:0.375 || e_Loss:-1.216 || Aad_Loss:-42.403 || 耗时：13.22s\n"}
,{"stream_name":"stdout","time":15204.045356536,"data":"轮次:··4/·20 || c_Loss:0.406 || e_Loss:-1.357 || Aad_Loss:-45.055 || 耗时：13.12s\n"}
,{"stream_name":"stdout","time":15217.211414441,"data":"轮次:··5/·20 || c_Loss:0.451 || e_Loss:-1.407 || Aad_Loss:-37.956 || 耗时：13.17s\n"}
,{"stream_name":"stdout","time":15223.271716907,"data":"任务: (B3)N15_M07_F04→(B1)N15_M01_F10; mix批次:····0; 批次:··470/·1880;  总正确率: 63.12%\n"}
,{"stream_name":"stdout","time":15223.271770688,"data":"类型1 正确率： 100.00% -\u003e 1  100.00%, 2    0.00%, 3    0.00%\n"}
,{"stream_name":"stdout","time":15223.271776627,"data":"类型2 正确率：  89.00% -\u003e 1    0.00%, 2   89.35%, 3   10.65%\n"}
,{"stream_name":"stdout","time":15223.271780643,"data":"类型3 正确率：   0.00% -\u003e 1    0.00%, 2  100.00%, 3    0.00%\n"}
,{"stream_name":"stdout","time":15223.271784461,"data":"\n"}
,{"stream_name":"stdout","time":15223.271787925,"data":"\n"}
,{"stream_name":"stdout","time":15223.304342015,"data":"样本变换：reverse\n"}
,{"stream_name":"stdout","time":15226.58614924,"data":"样本变换：mask\n"}
,{"stream_name":"stdout","time":15229.9101036,"data":"样本变换：shift\n"}
,{"stream_name":"stdout","time":15233.21614359,"data":"样本变换：none\n"}
,{"stream_name":"stderr","time":15238.571601577,"data":"/usr/local/lib/python3.12/dist-packages/sklearn/metrics/_classification.py:407: UserWarning: A single label was found in 'y_true' and 'y_pred'. For the confusion matrix to have the correct shape, use the 'labels' parameter to pass all known labels.\n"}
,{"stream_name":"stderr","time":15238.571644572,"data":"  warnings.warn(\n"}
,{"stream_name":"stdout","time":15238.571749729,"data":"未过滤\t未用伪标签：63.12% -\u003e 使用伪标签：58.37%\n"}
,{"stream_name":"stdout","time":15238.571764608,"data":"已过滤\t未用伪标签：63.01% -\u003e 使用伪标签：58.54%\n"}
,{"stream_name":"stdout","time":15238.571769727,"data":"排除样本：18|6000\t剩余：2000, 3502, 480\n"}
,{"stream_name":"stdout","time":15238.57177674,"data":"增添样本：1502\t\t细则：1502, 0\t正确率估算：100.00%\n"}
,{"stream_name":"stdout","time":15238.571784491,"data":"类型1 正确率： 100.00% -\u003e 1  100.00%, 2    0.00%, 3    0.00%\n"}
,{"stream_name":"stdout","time":15238.571787892,"data":"类型2 正确率：  76.00% -\u003e 1    0.00%, 2   75.78%, 3   24.22%\n"}
,{"stream_name":"stdout","time":15238.571791099,"data":"类型3 正确率：   0.00% -\u003e 1    0.00%, 2  100.00%, 3    0.00%\n"}
,{"stream_name":"stdout","time":15238.571794346,"data":"\n"}
,{"stream_name":"stdout","time":15238.571797341,"data":"被排除样本 正确率：100.00%\n"}
,{"stream_name":"stdout","time":15238.571800272,"data":"类型1 正确率： 100.00% -\u003e 1  100.00%\n"}
,{"stream_name":"stdout","time":15238.571803275,"data":"\n"}
,{"stream_name":"stdout","time":15238.571806078,"data":"\n"}
,{"stream_name":"stdout","time":15251.732019299,"data":"轮次:··6/·20 || c_Loss:0.359 || e_Loss:-1.308 || Aad_Loss:-46.059 || 耗时：34.52s\n"}
,{"stream_name":"stdout","time":15264.938649525,"data":"轮次:··7/·20 || c_Loss:0.354 || e_Loss:-1.385 || Aad_Loss:-46.073 || 耗时：13.21s\n"}
,{"stream_name":"stdout","time":15278.163627043,"data":"轮次:··8/·20 || c_Loss:0.340 || e_Loss:-1.434 || Aad_Loss:-44.982 || 耗时：13.22s\n"}
,{"stream_name":"stdout","time":15291.394462029,"data":"轮次:··9/·20 || c_Loss:0.346 || e_Loss:-1.473 || Aad_Loss:-44.847 || 耗时：13.23s\n"}
,{"stream_name":"stdout","time":15304.712867699,"data":"轮次:·10/·20 || c_Loss:0.344 || e_Loss:-1.442 || Aad_Loss:-43.347 || 耗时：13.32s\n"}
,{"stream_name":"stdout","time":15310.816672251,"data":"任务: (B3)N15_M07_F04→(B1)N15_M01_F10; mix批次:····0; 批次:··940/·1880;  总正确率: 64.02%\n"}
,{"stream_name":"stdout","time":15310.816713032,"data":"类型1 正确率： 100.00% -\u003e 1  100.00%, 2    0.00%, 3    0.00%\n"}
,{"stream_name":"stdout","time":15310.816717862,"data":"类型2 正确率：  92.00% -\u003e 1    0.05%, 2   92.05%, 3    7.90%\n"}
,{"stream_name":"stdout","time":15310.816721139,"data":"类型3 正确率：   0.00% -\u003e 1    0.00%, 2  100.00%, 3    0.00%\n"}
,{"stream_name":"stdout","time":15310.81672443,"data":"\n"}
,{"stream_name":"stdout","time":15310.816727352,"data":"\n"}
,{"stream_name":"stdout","time":15310.860066997,"data":"样本变换：reverse\n"}
,{"stream_name":"stdout","time":15314.172256388,"data":"样本变换：mask\n"}
,{"stream_name":"stdout","time":15317.502769564,"data":"样本变换：shift\n"}
,{"stream_name":"stdout","time":15320.807173149,"data":"样本变换：none\n"}
,{"stream_name":"stdout","time":15326.352588925,"data":"未过滤\t未用伪标签：64.02% -\u003e 使用伪标签：63.47%\n"}
,{"stream_name":"stdout","time":15326.352629358,"data":"已过滤\t未用伪标签：64.08% -\u003e 使用伪标签：63.71%\n"}
,{"stream_name":"stdout","time":15326.352636646,"data":"排除样本：23|6000\t剩余：2000, 3808, 169\n"}
,{"stream_name":"stdout","time":15326.35264209,"data":"增添样本：1808\t\t细则：1808, 0\t正确率估算：100.00%\n"}
,{"stream_name":"stdout","time":15326.35264699,"data":"类型1 正确率： 100.00% -\u003e 1  100.00%, 2    0.00%, 3    0.00%\n"}
,{"stream_name":"stdout","time":15326.352651976,"data":"类型2 正确率：  91.00% -\u003e 1    0.00%, 2   91.45%, 3    8.55%\n"}
,{"stream_name":"stdout","time":15326.352656756,"data":"类型3 正确率：   0.00% -\u003e 1    0.00%, 2  100.00%, 3    0.00%\n"}
,{"stream_name":"stdout","time":15326.35266595,"data":"\n"}
,{"stream_name":"stdout","time":15326.352669286,"data":"被排除样本 正确率：47.83%\n"}
,{"stream_name":"stdout","time":15326.352682621,"data":"类型1 正确率：  48.00% -\u003e 1   47.83%, 2   52.17%\n"}
,{"stream_name":"stdout","time":15326.352686458,"data":"类型2 没有样本或未被分类。\n"}
,{"stream_name":"stdout","time":15326.352706138,"data":"\n"}
,{"stream_name":"stdout","time":15326.352711171,"data":"\n"}
,{"stream_name":"stderr","time":15326.352588933,"data":"/kaggle/working/k10/S09/sdalr_PU_final_checkpoint/tools.py:413: RuntimeWarning: invalid value encountered in divide\n"}
,{"stream_name":"stderr","time":15326.352726325,"data":"  per_class_acc = conf_matrix.diagonal() / conf_matrix.sum(axis=1) * 100\n"}
,{"stream_name":"stdout","time":15339.445374995,"data":"轮次:·11/·20 || c_Loss:0.352 || e_Loss:-1.594 || Aad_Loss:-47.345 || 耗时：34.73s\n"}
,{"stream_name":"stdout","time":15352.630046397,"data":"轮次:·12/·20 || c_Loss:0.347 || e_Loss:-1.639 || Aad_Loss:-46.664 || 耗时：13.18s\n"}
,{"stream_name":"stdout","time":15365.792013318,"data":"轮次:·13/·20 || c_Loss:0.339 || e_Loss:-1.461 || Aad_Loss:-46.676 || 耗时：13.16s\n"}
,{"stream_name":"stdout","time":15378.935315421,"data":"轮次:·14/·20 || c_Loss:0.343 || e_Loss:-1.540 || Aad_Loss:-46.546 || 耗时：13.14s\n"}
,{"stream_name":"stdout","time":15392.00497815,"data":"轮次:·15/·20 || c_Loss:0.350 || e_Loss:-1.684 || Aad_Loss:-47.494 || 耗时：13.07s\n"}
,{"stream_name":"stdout","time":15398.008909837,"data":"任务: (B3)N15_M07_F04→(B1)N15_M01_F10; mix批次:····0; 批次:·1410/·1880;  总正确率: 65.73%\n"}
,{"stream_name":"stdout","time":15398.008967486,"data":"类型1 正确率： 100.00% -\u003e 1  100.00%, 2    0.00%, 3    0.00%\n"}
,{"stream_name":"stdout","time":15398.008989521,"data":"类型2 正确率：  97.00% -\u003e 1    0.15%, 2   97.20%, 3    2.65%\n"}
,{"stream_name":"stdout","time":15398.008993786,"data":"类型3 正确率：   0.00% -\u003e 1    0.00%, 2  100.00%, 3    0.00%\n"}
,{"stream_name":"stdout","time":15398.008997475,"data":"\n"}
,{"stream_name":"stdout","time":15398.00900068,"data":"\n"}
,{"stream_name":"stdout","time":15398.054238416,"data":"样本变换：reverse\n"}
,{"stream_name":"stdout","time":15401.325167482,"data":"样本变换：mask\n"}
,{"stream_name":"stdout","time":15404.615110483,"data":"样本变换：shift\n"}
,{"stream_name":"stdout","time":15407.90514529,"data":"样本变换：none\n"}
,{"stream_name":"stderr","time":15413.457959902,"data":"/kaggle/working/k10/S09/sdalr_PU_final_checkpoint/tools.py:413: RuntimeWarning: invalid value encountered in divide\n"}
,{"stream_name":"stderr","time":15413.458005939,"data":"  per_class_acc = conf_matrix.diagonal() / conf_matrix.sum(axis=1) * 100\n"}
,{"stream_name":"stdout","time":15413.458063913,"data":"未过滤\t未用伪标签：65.73% -\u003e 使用伪标签：65.27%\n"}
,{"stream_name":"stdout","time":15413.458077979,"data":"已过滤\t未用伪标签：65.72% -\u003e 使用伪标签：65.47%\n"}
,{"stream_name":"stdout","time":15413.458099887,"data":"排除样本：19|6000\t剩余：2000, 3916, 65\n"}
,{"stream_name":"stdout","time":15413.458105353,"data":"增添样本：1916\t\t细则：1916, 0\t正确率估算：100.00%\n"}
,{"stream_name":"stdout","time":15413.458110159,"data":"类型1 正确率： 100.00% -\u003e 1  100.00%, 2    0.00%, 3    0.00%\n"}
,{"stream_name":"stdout","time":15413.458118871,"data":"类型2 正确率：  97.00% -\u003e 1    0.00%, 2   96.72%, 3    3.28%\n"}
,{"stream_name":"stdout","time":15413.458122375,"data":"类型3 正确率：   0.00% -\u003e 1    0.00%, 2  100.00%, 3    0.00%\n"}
,{"stream_name":"stdout","time":15413.45812545,"data":"\n"}
,{"stream_name":"stdout","time":15413.458128319,"data":"被排除样本 正确率：68.42%\n"}
,{"stream_name":"stdout","time":15413.45813128,"data":"类型1 正确率：  68.00% -\u003e 1   68.42%, 2   31.58%\n"}
,{"stream_name":"stdout","time":15413.458134249,"data":"类型2 没有样本或未被分类。\n"}
,{"stream_name":"stdout","time":15413.458137525,"data":"\n"}
,{"stream_name":"stdout","time":15413.458140295,"data":"\n"}
,{"stream_name":"stdout","time":15426.540015403,"data":"轮次:·16/·20 || c_Loss:0.351 || e_Loss:-0.571 || Aad_Loss:-47.966 || 耗时：34.53s\n"}
,{"stream_name":"stdout","time":15439.727267597,"data":"轮次:·17/·20 || c_Loss:0.360 || e_Loss:-0.595 || Aad_Loss:-48.380 || 耗时：13.19s\n"}
,{"stream_name":"stdout","time":15452.928039525,"data":"轮次:·18/·20 || c_Loss:0.347 || e_Loss:-1.597 || Aad_Loss:-47.590 || 耗时：13.20s\n"}
,{"stream_name":"stdout","time":15466.193018514,"data":"轮次:·19/·20 || c_Loss:0.340 || e_Loss:-0.603 || Aad_Loss:-48.228 || 耗时：13.26s\n"}
,{"stream_name":"stdout","time":15479.494425641,"data":"轮次:·20/·20 || c_Loss:0.347 || e_Loss:-1.651 || Aad_Loss:-47.569 || 耗时：13.30s\n"}
,{"stream_name":"stdout","time":15485.570733877,"data":"任务: (B3)N15_M07_F04→(B1)N15_M01_F10; mix批次:····0; 批次:·1880/·1880;  总正确率: 66.33%\n"}
,{"stream_name":"stdout","time":15485.570809248,"data":"类型1 正确率： 100.00% -\u003e 1  100.00%, 2    0.00%, 3    0.00%\n"}
,{"stream_name":"stdout","time":15485.570817983,"data":"类型2 正确率：  99.00% -\u003e 1    0.10%, 2   99.00%, 3    0.90%\n"}
,{"stream_name":"stdout","time":15485.57082351,"data":"类型3 正确率：   0.00% -\u003e 1    0.00%, 2  100.00%, 3    0.00%\n"}
,{"stream_name":"stdout","time":15485.570844881,"data":"\n"}
,{"stream_name":"stdout","time":15485.570853715,"data":"\n"}
,{"stream_name":"stdout","time":15491.6362391,"data":"测试集任务: (B3)N15_M07_F04→(B1)N15_M01_F10; 总正确率 = 66.33%\n"}
,{"stream_name":"stdout","time":15491.636278632,"data":"类型1 正确率： 100.00% -\u003e 1  100.00%, 2    0.00%, 3    0.00%\n"}
,{"stream_name":"stdout","time":15491.636283556,"data":"类型2 正确率：  99.00% -\u003e 1    0.10%, 2   99.00%, 3    0.90%\n"}
,{"stream_name":"stdout","time":15491.636286983,"data":"类型3 正确率：   0.00% -\u003e 1    0.00%, 2  100.00%, 3    0.00%\n"}
,{"stream_name":"stdout","time":15491.636290201,"data":"\n"}
,{"stream_name":"stdout","time":15491.636293155,"data":"\n"}
,{"stream_name":"stdout","time":15491.662579829,"data":"[tar_adaptation_RES_PU.py --folder_root /kaggle/working/k10/S09/sdalr_PU_final_checkpoint/DATA_foldS09c --seed 2024 --class_num 3 --data_name PU_M1_L3 --output /kaggle/working/k10/S09/weight_PU_M1_final_checkpoint_FS09toS09c_gatepcv_s2024 --s 2 --t 0 --lr 0.0005 --threshold 0.4 --K 0.6] 367s\n"}
,{"stream_name":"stdout","time":15491.706698896,"data":"读取源域路径：/kaggle/working/k10/S09/weight_PU_M1_final_checkpoint_FS09toS09c_gatepcv_s2024/NEW_PU/Source-源域/log\u0026pt/(B3)N15_M07_F04\n"}
,{"stream_name":"stdout","time":15491.706731939,"data":"excel输出位置：/kaggle/working/k10/S09/weight_PU_M1_final_checkpoint_FS09toS09c_gatepcv_s2024/NEW_PU/Target-目标域\n"}
,{"stream_name":"stdout","time":15491.70674958,"data":"特征图片输出位置：/kaggle/working/k10/S09/weight_PU_M1_final_checkpoint_FS09toS09c_gatepcv_s2024/NEW_PU/Picture-特征图/2026年09月19日12时32分/(B3)N15_M07_F04\n"}
,{"stream_name":"stderr","time":15491.741169009,"data":"/usr/local/lib/python3.12/dist-packages/torch/nn/utils/weight_norm.py:144: FutureWarning: `torch.nn.utils.weight_norm` is deprecated in favor of `torch.nn.utils.parametrizations.weight_norm`.\n"}
,{"stream_name":"stderr","time":15491.741207832,"data":"  WeightNorm.apply(module, name, dim)\n"}
,{"stream_name":"stdout","time":15491.779627842,"data":"现在选取:(B3)N15_M07_F04 进行训练的源模型\n"}
,{"stream_name":"stdout","time":15491.779661052,"data":"现在进行：(B3)N15_M07_F04→(B2)N15_M07_F10 的迁移任务\n"}
,{"stream_name":"stdout","time":15491.779667986,"data":"log\u0026pt输出位置：/kaggle/working/k10/S09/weight_PU_M1_final_checkpoint_FS09toS09c_gatepcv_s2024/NEW_PU/Target-目标域/log\u0026pt/(B3)N15_M07_F04→(B2)N15_M07_F10\n"}
,{"stream_name":"stderr","time":15491.781040861,"data":"sh: 1: Syntax error: word unexpected (expecting \")\")\n"}
,{"stream_name":"stdout","time":15502.814623569,"data":"任务: (B3)N15_M07_F04→(B2)N15_M07_F10; 批次:····0/·1880;  总正确率: 64.23%\n"}
,{"stream_name":"stdout","time":15502.814665641,"data":"类型1 正确率：  97.00% -\u003e 1   97.30%, 2    2.70%, 3    0.00%\n"}
,{"stream_name":"stdout","time":15502.814672251,"data":"类型2 正确率：  95.00% -\u003e 1    0.10%, 2   95.40%, 3    4.50%\n"}
,{"stream_name":"stdout","time":15502.814675716,"data":"类型3 正确率：   0.00% -\u003e 1    0.00%, 2  100.00%, 3    0.00%\n"}
,{"stream_name":"stdout","time":15502.81467894,"data":"\n"}
,{"stream_name":"stdout","time":15502.814681852,"data":"\n"}
,{"stream_name":"stdout","time":15502.815275928,"data":"样本变换：reverse\n"}
,{"stream_name":"stdout","time":15506.092328686,"data":"样本变换：mask\n"}
,{"stream_name":"stdout","time":15509.418211968,"data":"样本变换：shift\n"}
,{"stream_name":"stdout","time":15512.748237522,"data":"样本变换：none\n"}
,{"stream_name":"stdout","time":15518.167851567,"data":"未过滤\t未用伪标签：64.23% -\u003e 使用伪标签：54.92%\n"}
,{"stream_name":"stdout","time":15518.167915628,"data":"已过滤\t未用伪标签：63.65% -\u003e 使用伪标签：55.89%\n"}
,{"stream_name":"stdout","time":15518.167920046,"data":"排除样本：104|6000\t剩余：1995, 3309, 592\n"}
,{"stream_name":"stdout","time":15518.167922871,"data":"增添样本：4453\t\t细则：1314, 0, 3139\t正确率估算：87.47%\n"}
,{"stream_name":"stdout","time":15518.167925572,"data":"类型1 正确率： 100.00% -\u003e 1   99.70%, 2    0.30%, 3    0.00%\n"}
,{"stream_name":"stdout","time":15518.16792816,"data":"类型2 正确率：  69.00% -\u003e 1    0.16%, 2   68.65%, 3   31.19%\n"}
,{"stream_name":"stdout","time":15518.167930704,"data":"类型3 正确率：   0.00% -\u003e 1    0.00%, 2  100.00%, 3    0.00%\n"}
,{"stream_name":"stdout","time":15518.167933243,"data":"\n"}
,{"stream_name":"stdout","time":15518.16793554,"data":"被排除样本 正确率：97.12%\n"}
,{"stream_name":"stdout","time":15518.167937981,"data":"类型1 正确率：   0.00% -\u003e 1    0.00%, 2  100.00%\n"}
,{"stream_name":"stdout","time":15518.167940488,"data":"类型2 正确率：  99.00% -\u003e 1    0.98%, 2   99.02%\n"}
,{"stream_name":"stdout","time":15518.167943018,"data":"\n"}
,{"stream_name":"stdout","time":15518.167945262,"data":"\n"}
,{"stream_name":"stdout","time":15531.384936662,"data":"轮次:··1/·20 || c_Loss:0.482 || e_Loss:-1.356 || Aad_Loss:-36.868 || 耗时：34.51s\n"}
,{"stream_name":"stdout","time":15544.695363634,"data":"轮次:··2/·20 || c_Loss:0.463 || e_Loss:-1.353 || Aad_Loss:-38.449 || 耗时：13.31s\n"}
,{"stream_name":"stdout","time":15557.979737831,"data":"轮次:··3/·20 || c_Loss:0.415 || e_Loss:-1.251 || Aad_Loss:-43.094 || 耗时：13.28s\n"}
,{"stream_name":"stdout","time":15571.134650917,"data":"轮次:··4/·20 || c_Loss:0.449 || e_Loss:-1.324 || Aad_Loss:-38.990 || 耗时：13.15s\n"}
,{"stream_name":"stdout","time":15584.206942228,"data":"轮次:··5/·20 || c_Loss:0.432 || e_Loss:-1.355 || Aad_Loss:-43.583 || 耗时：13.07s\n"}
,{"stream_name":"stdout","time":15590.226844744,"data":"任务: (B3)N15_M07_F04→(B2)N15_M07_F10; mix批次:····0; 批次:··470/·1880;  总正确率: 62.45%\n"}
,{"stream_name":"stdout","time":15590.226889101,"data":"类型1 正确率： 100.00% -\u003e 1  100.00%, 2    0.00%, 3    0.00%\n"}
,{"stream_name":"stdout","time":15590.226898099,"data":"类型2 正确率：  87.00% -\u003e 1    0.00%, 2   87.35%, 3   12.65%\n"}
,{"stream_name":"stdout","time":15590.226901725,"data":"类型3 正确率：   0.00% -\u003e 1    0.00%, 2  100.00%, 3    0.00%\n"}
,{"stream_name":"stdout","time":15590.22690561,"data":"\n"}
,{"stream_name":"stdout","time":15590.22691004,"data":"\n"}
,{"stream_name":"stdout","time":15590.259254196,"data":"样本变换：reverse\n"}
,{"stream_name":"stdout","time":15593.537165116,"data":"样本变换：mask\n"}
,{"stream_name":"stdout","time":15596.827875791,"data":"样本变换：shift\n"}
,{"stream_name":"stdout","time":15600.09616726,"data":"样本变换：none\n"}
,{"stream_name":"stderr","time":15605.40289584,"data":"/kaggle/working/k10/S09/sdalr_PU_final_checkpoint/tools.py:413: RuntimeWarning: invalid value encountered in divide\n"}
,{"stream_name":"stderr","time":15605.402952968,"data":"  per_class_acc = conf_matrix.diagonal() / conf_matrix.sum(axis=1) * 100\n"}
,{"stream_name":"stdout","time":15605.403007375,"data":"未过滤\t未用伪标签：62.45% -\u003e 使用伪标签：51.07%\n"}
,{"stream_name":"stdout","time":15605.403033577,"data":"已过滤\t未用伪标签：61.89% -\u003e 使用伪标签：51.85%\n"}
,{"stream_name":"stdout","time":15605.403040195,"data":"排除样本：91|6000\t剩余：2000, 3062, 847\n"}
,{"stream_name":"stdout","time":15605.403065133,"data":"增添样本：3795\t\t细则：1062, 0, 2733\t正确率估算：79.37%\n"}
,{"stream_name":"stdout","time":15605.403069799,"data":"类型1 正确率： 100.00% -\u003e 1  100.00%, 2    0.00%, 3    0.00%\n"}
,{"stream_name":"stdout","time":15605.403074156,"data":"类型2 正确率：  56.00% -\u003e 1    0.00%, 2   55.68%, 3   44.32%\n"}
,{"stream_name":"stdout","time":15605.403104754,"data":"类型3 正确率：   0.00% -\u003e 1    0.00%, 2   99.95%, 3    0.05%\n"}
,{"stream_name":"stdout","time":15605.403109836,"data":"\n"}
,{"stream_name":"stdout","time":15605.403114895,"data":"被排除样本 正确率：98.90%\n"}
,{"stream_name":"stdout","time":15605.403119166,"data":"类型1 正确率：  99.00% -\u003e 1   98.90%, 2    1.10%\n"}
,{"stream_name":"stdout","time":15605.403123225,"data":"类型2 没有样本或未被分类。\n"}
,{"stream_name":"stdout","time":15605.403127455,"data":"\n"}
,{"stream_name":"stdout","time":15605.403131061,"data":"\n"}
,{"stream_name":"stdout","time":15618.448311349,"data":"轮次:··6/·20 || c_Loss:0.494 || e_Loss:-1.357 || Aad_Loss:-32.549 || 耗时：34.24s\n"}
,{"stream_name":"stdout","time":15631.550685418,"data":"轮次:··7/·20 || c_Loss:0.458 || e_Loss:-1.353 || Aad_Loss:-33.016 || 耗时：13.10s\n"}
,{"stream_name":"stdout","time":15644.686462925,"data":"轮次:··8/·20 || c_Loss:0.520 || e_Loss:-1.379 || Aad_Loss:-24.876 || 耗时：13.14s\n"}
,{"stream_name":"stdout","time":15657.860558143,"data":"轮次:··9/·20 || c_Loss:0.415 || e_Loss:-1.429 || Aad_Loss:-33.703 || 耗时：13.17s\n"}
,{"stream_name":"stdout","time":15671.109161085,"data":"轮次:·10/·20 || c_Loss:0.411 || e_Loss:-1.373 || Aad_Loss:-37.784 || 耗时：13.25s\n"}
,{"stream_name":"stdout","time":15677.195514265,"data":"任务: (B3)N15_M07_F04→(B2)N15_M07_F10; mix批次:····0; 批次:··940/·1880;  总正确率: 58.43%\n"}
,{"stream_name":"stdout","time":15677.195553993,"data":"类型1 正确率： 100.00% -\u003e 1  100.00%, 2    0.00%, 3    0.00%\n"}
,{"stream_name":"stdout","time":15677.195565371,"data":"类型2 正确率：  75.00% -\u003e 1    0.05%, 2   75.30%, 3   24.65%\n"}
,{"stream_name":"stdout","time":15677.195571425,"data":"类型3 正确率：   0.00% -\u003e 1    0.00%, 2  100.00%, 3    0.00%\n"}
,{"stream_name":"stdout","time":15677.195577011,"data":"\n"}
,{"stream_name":"stdout","time":15677.195582145,"data":"\n"}
,{"stream_name":"stdout","time":15677.240294571,"data":"样本变换：reverse\n"}
,{"stream_name":"stdout","time":15680.544157089,"data":"样本变换：mask\n"}
,{"stream_name":"stdout","time":15683.885139339,"data":"样本变换：shift\n"}
,{"stream_name":"stdout","time":15687.191153949,"data":"样本变换：none\n"}
,{"stream_name":"stderr","time":15692.592867798,"data":"/kaggle/working/k10/S09/sdalr_PU_final_checkpoint/tools.py:413: RuntimeWarning: invalid value encountered in divide\n"}
,{"stream_name":"stderr","time":15692.592930058,"data":"  per_class_acc = conf_matrix.diagonal() / conf_matrix.sum(axis=1) * 100\n"}
,{"stream_name":"stdout","time":15692.593072258,"data":"未过滤\t未用伪标签：58.43% -\u003e 使用伪标签：48.48%\n"}
,{"stream_name":"stdout","time":15692.593119344,"data":"已过滤\t未用伪标签：58.15% -\u003e 使用伪标签：48.83%\n"}
,{"stream_name":"stdout","time":15692.59312552,"data":"排除样本：43|6000\t剩余：2000, 2909, 1048\n"}
,{"stream_name":"stdout","time":15692.593130746,"data":"增添样本：3219\t\t细则：909, 0, 2310\t正确率估算：79.97%\n"}
,{"stream_name":"stdout","time":15692.5931354,"data":"类型1 正确率： 100.00% -\u003e 1  100.00%, 2    0.00%, 3    0.00%\n"}
,{"stream_name":"stdout","time":15692.593155824,"data":"类型2 正确率：  46.00% -\u003e 1    0.00%, 2   46.45%, 3   53.55%\n"}
,{"stream_name":"stdout","time":15692.59315974,"data":"类型3 正确率：   0.00% -\u003e 1    0.00%, 2  100.00%, 3    0.00%\n"}
,{"stream_name":"stdout","time":15692.593163275,"data":"\n"}
,{"stream_name":"stdout","time":15692.593166957,"data":"被排除样本 正确率：97.67%\n"}
,{"stream_name":"stdout","time":15692.5931704,"data":"类型1 没有样本或未被分类。\n"}
,{"stream_name":"stdout","time":15692.59317412,"data":"类型2 正确率：  98.00% -\u003e 1    2.33%, 2   97.67%\n"}
,{"stream_name":"stdout","time":15692.593177873,"data":"\n"}
,{"stream_name":"stdout","time":15692.593181157,"data":"\n"}
,{"stream_name":"stdout","time":15705.587849931,"data":"轮次:·11/·20 || c_Loss:0.389 || e_Loss:-1.427 || Aad_Loss:-35.101 || 耗时：34.48s\n"}
,{"stream_name":"stdout","time":15718.640102487,"data":"轮次:·12/·20 || c_Loss:0.386 || e_Loss:-1.556 || Aad_Loss:-30.996 || 耗时：13.05s\n"}
,{"stream_name":"stdout","time":15731.712958016,"data":"轮次:·13/·20 || c_Loss:0.351 || e_Loss:-1.481 || Aad_Loss:-30.974 || 耗时：13.07s\n"}
,{"stream_name":"stdout","time":15744.776382985,"data":"轮次:·14/·20 || c_Loss:0.342 || e_Loss:-1.548 || Aad_Loss:-32.062 || 耗时：13.06s\n"}
,{"stream_name":"stdout","time":15757.857255855,"data":"轮次:·15/·20 || c_Loss:0.439 || e_Loss:-1.562 || Aad_Loss:-33.080 || 耗时：13.08s\n"}
,{"stream_name":"stdout","time":15763.848797905,"data":"任务: (B3)N15_M07_F04→(B2)N15_M07_F10; mix批次:····0; 批次:·1410/·1880;  总正确率: 51.28%\n"}
,{"stream_name":"stdout","time":15763.848831996,"data":"类型1 正确率： 100.00% -\u003e 1  100.00%, 2    0.00%, 3    0.00%\n"}
,{"stream_name":"stdout","time":15763.848838839,"data":"类型2 正确率：  54.00% -\u003e 1    0.10%, 2   53.85%, 3   46.05%\n"}
,{"stream_name":"stdout","time":15763.848844347,"data":"类型3 正确率：   0.00% -\u003e 1    0.00%, 2  100.00%, 3    0.00%\n"}
,{"stream_name":"stdout","time":15763.848849659,"data":"\n"}
,{"stream_name":"stdout","time":15763.848854362,"data":"\n"}
,{"stream_name":"stdout","time":15763.892951492,"data":"样本变换：reverse\n"}
,{"stream_name":"stdout","time":15767.157163561,"data":"样本变换：mask\n"}
,{"stream_name":"stdout","time":15770.440428766,"data":"样本变换：shift\n"}
,{"stream_name":"stdout","time":15773.731163712,"data":"样本变换：none\n"}
,{"stream_name":"stderr","time":15779.101807642,"data":"/kaggle/working/k10/S09/sdalr_PU_final_checkpoint/tools.py:413: RuntimeWarning: invalid value encountered in divide\n"}
,{"stream_name":"stderr","time":15779.101850028,"data":"  per_class_acc = conf_matrix.diagonal() / conf_matrix.sum(axis=1) * 100\n"}
,{"stream_name":"stdout","time":15779.101914087,"data":"未过滤\t未用伪标签：51.28% -\u003e 使用伪标签：51.82%\n"}
,{"stream_name":"stdout","time":15779.101937692,"data":"已过滤\t未用伪标签：51.47% -\u003e 使用伪标签：52.12%\n"}
,{"stream_name":"stdout","time":15779.101942985,"data":"排除样本：35|6000\t剩余：2000, 3109, 856\n"}
,{"stream_name":"stdout","time":15779.101947378,"data":"增添样本：3583\t\t细则：1109, 0, 2474\t正确率估算：100.00%\n"}
,{"stream_name":"stdout","time":15779.101951868,"data":"类型1 正确率： 100.00% -\u003e 1  100.00%, 2    0.00%, 3    0.00%\n"}
,{"stream_name":"stdout","time":15779.101956,"data":"类型2 正确率：  56.00% -\u003e 1    0.00%, 2   56.44%, 3   43.56%\n"}
,{"stream_name":"stdout","time":15779.101960215,"data":"类型3 正确率：   0.00% -\u003e 1    0.00%, 2  100.00%, 3    0.00%\n"}
,{"stream_name":"stdout","time":15779.101964552,"data":"\n"}
,{"stream_name":"stdout","time":15779.101982855,"data":"被排除样本 正确率：20.00%\n"}
,{"stream_name":"stdout","time":15779.101986068,"data":"类型1 没有样本或未被分类。\n"}
,{"stream_name":"stdout","time":15779.101989556,"data":"类型2 正确率：  20.00% -\u003e 1    5.71%, 2   20.00%, 3   74.29%\n"}
,{"stream_name":"stdout","time":15779.101992713,"data":"类型3 没有样本或未被分类。\n"}
,{"stream_name":"stdout","time":15779.101995613,"data":"\n"}
,{"stream_name":"stdout","time":15779.101999102,"data":"\n"}
,{"stream_name":"stdout","time":15792.082635276,"data":"轮次:·16/·20 || c_Loss:0.343 || e_Loss:-1.567 || Aad_Loss:-32.870 || 耗时：34.23s\n"}
,{"stream_name":"stdout","time":15805.187179717,"data":"轮次:·17/·20 || c_Loss:0.340 || e_Loss:-1.393 || Aad_Loss:-34.995 || 耗时：13.10s\n"}
,{"stream_name":"stdout","time":15818.32035797,"data":"轮次:·18/·20 || c_Loss:0.367 || e_Loss:-1.625 || Aad_Loss:-35.524 || 耗时：13.13s\n"}
,{"stream_name":"stdout","time":15831.552757979,"data":"轮次:·19/·20 || c_Loss:0.331 || e_Loss:-0.809 || Aad_Loss:-35.557 || 耗时：13.23s\n"}
,{"stream_name":"stdout","time":15844.821718029,"data":"轮次:·20/·20 || c_Loss:0.341 || e_Loss:-1.540 || Aad_Loss:-34.046 || 耗时：13.27s\n"}
,{"stream_name":"stdout","time":15850.89484245,"data":"任务: (B3)N15_M07_F04→(B2)N15_M07_F10; mix批次:····0; 批次:·1880/·1880;  总正确率: 53.60%\n"}
,{"stream_name":"stdout","time":15850.894883632,"data":"类型1 正确率： 100.00% -\u003e 1  100.00%, 2    0.00%, 3    0.00%\n"}
,{"stream_name":"stdout","time":15850.894889345,"data":"类型2 正确率：  61.00% -\u003e 1    0.05%, 2   60.80%, 3   39.15%\n"}
,{"stream_name":"stdout","time":15850.894911363,"data":"类型3 正确率：   0.00% -\u003e 1    0.00%, 2  100.00%, 3    0.00%\n"}
,{"stream_name":"stdout","time":15850.894916867,"data":"\n"}
,{"stream_name":"stdout","time":15850.894921757,"data":"\n"}
,{"stream_name":"stdout","time":15856.944985341,"data":"测试集任务: (B3)N15_M07_F04→(B2)N15_M07_F10; 总正确率 = 53.60%\n"}
,{"stream_name":"stdout","time":15856.945028888,"data":"类型1 正确率： 100.00% -\u003e 1  100.00%, 2    0.00%, 3    0.00%\n"}
,{"stream_name":"stdout","time":15856.945035181,"data":"类型2 正确率：  61.00% -\u003e 1    0.05%, 2   60.80%, 3   39.15%\n"}
,{"stream_name":"stdout","time":15856.945045585,"data":"类型3 正确率：   0.00% -\u003e 1    0.00%, 2  100.00%, 3    0.00%\n"}
,{"stream_name":"stdout","time":15856.945049252,"data":"\n"}
,{"stream_name":"stdout","time":15856.945052188,"data":"\n"}
,{"stream_name":"stdout","time":15856.970386378,"data":"[tar_adaptation_RES_PU.py --folder_root /kaggle/working/k10/S09/sdalr_PU_final_checkpoint/DATA_foldS09c --seed 2024 --class_num 3 --data_name PU_M1_L3 --output /kaggle/working/k10/S09/weight_PU_M1_final_checkpoint_FS09toS09c_gatepcv_s2024 --s 2 --t 1 --lr 0.0005 --threshold 0.4 --K 0.6] 365s\n"}
,{"stream_name":"stdout","time":15856.998727531,"data":"{\n"}
,{"stream_name":"stdout","time":15856.998755142,"data":"  \"dataset\": \"PU_M1\",\n"}
,{"stream_name":"stdout","time":15856.998760734,"data":"  \"variant\": \"final_checkpoint\",\n"}
,{"stream_name":"stdout","time":15856.998765472,"data":"  \"seed\": 2024,\n"}
,{"stream_name":"stdout","time":15856.998769876,"data":"  \"smoke\": false,\n"}
,{"stream_name":"stdout","time":15856.99877926,"data":"  \"src_fold\": \"S09\",\n"}
,{"stream_name":"stdout","time":15856.998782705,"data":"  \"tgt_fold\": \"S09c\",\n"}
,{"stream_name":"stdout","time":15856.998785881,"data":"  \"leaky\": false,\n"}
,{"stream_name":"stdout","time":15856.998788827,"data":"  \"hyperparameters\": {\n"}
,{"stream_name":"stdout","time":15856.998799374,"data":"    \"lr\": \"0.0005\",\n"}
,{"stream_name":"stdout","time":15856.998801911,"data":"    \"threshold\": \"0.4\",\n"}
,{"stream_name":"stdout","time":15856.998804273,"data":"    \"K\": \"0.6\"\n"}
,{"stream_name":"stdout","time":15856.998806518,"data":"  },\n"}
,{"stream_name":"stdout","time":15856.998808669,"data":"  \"adapters\": [\n"}
,{"stream_name":"stdout","time":15856.998810955,"data":"    \"npz_io\",\n"}
,{"stream_name":"stdout","time":15856.998813228,"data":"    \"tsne_stub\",\n"}
,{"stream_name":"stdout","time":15856.998815429,"data":"    \"final_checkpoint_patch\"\n"}
,{"stream_name":"stdout","time":15856.998817684,"data":"  ],\n"}
,{"stream_name":"stdout","time":15856.998819831,"data":"  \"source_only\": {},\n"}
,{"stream_name":"stdout","time":15856.99882242,"data":"  \"adapted\": {\n"}
,{"stream_name":"stdout","time":15856.998824658,"data":"    \"A1-\u003eA3\": 71.87,\n"}
,{"stream_name":"stdout","time":15856.998827298,"data":"    \"A1-\u003eA2\": 61.33,\n"}
,{"stream_name":"stdout","time":15856.998829541,"data":"    \"A3-\u003eA1\": 71.73,\n"}
,{"stream_name":"stdout","time":15856.998831804,"data":"    \"A3-\u003eA2\": 61.35,\n"}
,{"stream_name":"stdout","time":15856.998834014,"data":"    \"A2-\u003eA1\": 66.33,\n"}
,{"stream_name":"stdout","time":15856.998836221,"data":"    \"A2-\u003eA3\": 53.6\n"}
,{"stream_name":"stdout","time":15856.998838452,"data":"  },\n"}
,{"stream_name":"stdout","time":15856.998840643,"data":"  \"seconds\": {\n"}
,{"stream_name":"stdout","time":15856.998842819,"data":"    \"A1-\u003eA3\": 363,\n"}
,{"stream_name":"stdout","time":15856.998845009,"data":"    \"A1-\u003eA2\": 362,\n"}
,{"stream_name":"stdout","time":15856.998847229,"data":"    \"A3-\u003eA1\": 363,\n"}
,{"stream_name":"stdout","time":15856.998849464,"data":"    \"A3-\u003eA2\": 366,\n"}
,{"stream_name":"stdout","time":15856.998851681,"data":"    \"A2-\u003eA1\": 367,\n"}
,{"stream_name":"stdout","time":15856.998853876,"data":"    \"A2-\u003eA3\": 365\n"}
,{"stream_name":"stdout","time":15856.998856093,"data":"  },\n"}
,{"stream_name":"stdout","time":15856.998858213,"data":"  \"gate_log\": {\n"}
,{"stream_name":"stdout","time":15856.9988604,"data":"    \"A1-\u003eA3\": [\n"}
,{"stream_name":"stdout","time":15856.998862614,"data":"      {\n"}
,{"stream_name":"stdout","time":15856.998864861,"data":"        \"sdalr_rejected\": 43,\n"}
,{"stream_name":"stdout","time":15856.998867172,"data":"        \"hook_rejected\": 519,\n"}
,{"stream_name":"stdout","time":15856.998869456,"data":"        \"precision_before\": 0.6298472385428907,\n"}
,{"stream_name":"stdout","time":15856.998871789,"data":"        \"precision_after\": 0.6899595439499816,\n"}
,{"stream_name":"stdout","time":15856.998874052,"data":"        \"n\": 6000\n"}
,{"stream_name":"stdout","time":15856.998876254,"data":"      },\n"}
,{"stream_name":"stdout","time":15856.998878431,"data":"      {\n"}
,{"stream_name":"stdout","time":15856.998880578,"data":"        \"sdalr_rejected\": 32,\n"}
,{"stream_name":"stdout","time":15856.998882797,"data":"        \"hook_rejected\": 242,\n"}
,{"stream_name":"stdout","time":15856.998885013,"data":"        \"precision_before\": 0.6813002680965148,\n"}
,{"stream_name":"stdout","time":15856.998887273,"data":"        \"precision_after\": 0.7100943066713238,\n"}
,{"stream_name":"stdout","time":15856.998889496,"data":"        \"n\": 6000\n"}
,{"stream_name":"stdout","time":15856.998891691,"data":"      },\n"}
,{"stream_name":"stdout","time":15856.998893812,"data":"      {\n"}
,{"stream_name":"stdout","time":15856.998895954,"data":"        \"sdalr_rejected\": 9,\n"}
,{"stream_name":"stdout","time":15856.998900868,"data":"        \"hook_rejected\": 88,\n"}
,{"stream_name":"stdout","time":15856.998903214,"data":"        \"precision_before\": 0.7082290101819396,\n"}
,{"stream_name":"stdout","time":15856.998905486,"data":"        \"precision_after\": 0.7187870574284262,\n"}
,{"stream_name":"stdout","time":15856.998908671,"data":"        \"n\": 6000\n"}
,{"stream_name":"stdout","time":15856.998911976,"data":"      },\n"}
,{"stream_name":"stdout","time":15856.998915069,"data":"      {\n"}
,{"stream_name":"stdout","time":15856.998917248,"data":"        \"sdalr_rejected\": 3,\n"}
,{"stream_name":"stdout","time":15856.998919455,"data":"        \"hook_rejected\": 42,\n"}
,{"stream_name":"stdout","time":15856.998921628,"data":"        \"precision_before\": 0.7161914290478573,\n"}
,{"stream_name":"stdout","time":15856.998923883,"data":"        \"precision_after\": 0.7212426532325776,\n"}
,{"stream_name":"stdout","time":15856.998926091,"data":"        \"n\": 6000\n"}
,{"stream_name":"stdout","time":15856.998928263,"data":"      }\n"}
,{"stream_name":"stdout","time":15856.998930376,"data":"    ],\n"}
,{"stream_name":"stdout","time":15856.998932511,"data":"    \"A1-\u003eA2\": [\n"}
,{"stream_name":"stdout","time":15856.998934711,"data":"      {\n"}
,{"stream_name":"stdout","time":15856.998936863,"data":"        \"sdalr_rejected\": 28,\n"}
,{"stream_name":"stdout","time":15856.998939074,"data":"        \"hook_rejected\": 189,\n"}
,{"stream_name":"stdout","time":15856.998941331,"data":"        \"precision_before\": 0.6244139316811789,\n"}
,{"stream_name":"stdout","time":15856.998943549,"data":"        \"precision_after\": 0.6448210271485388,\n"}
,{"stream_name":"stdout","time":15856.998945783,"data":"        \"n\": 6000\n"}
,{"stream_name":"stdout","time":15856.998947964,"data":"      },\n"}
,{"stream_name":"stdout","time":15856.998950192,"data":"      {\n"}
,{"stream_name":"stdout","time":15856.998952308,"data":"        \"sdalr_rejected\": 2,\n"}
,{"stream_name":"stdout","time":15856.998954608,"data":"        \"hook_rejected\": 215,\n"}
,{"stream_name":"stdout","time":15856.998956829,"data":"        \"precision_before\": 0.6135378459486496,\n"}
,{"stream_name":"stdout","time":15856.998959149,"data":"        \"precision_after\": 0.6363479163064154,\n"}
,{"stream_name":"stdout","time":15856.998961372,"data":"        \"n\": 6000\n"}
,{"stream_name":"stdout","time":15856.998963543,"data":"      },\n"}
,{"stream_name":"stdout","time":15856.99896568,"data":"      {\n"}
,{"stream_name":"stdout","time":15856.998967799,"data":"        \"sdalr_rejected\": 1,\n"}
,{"stream_name":"stdout","time":15856.998969996,"data":"        \"hook_rejected\": 215,\n"}
,{"stream_name":"stdout","time":15856.998972215,"data":"        \"precision_before\": 0.6134355725954326,\n"}
,{"stream_name":"stdout","time":15856.998974438,"data":"        \"precision_after\": 0.636237897648686,\n"}
,{"stream_name":"stdout","time":15856.998976709,"data":"        \"n\": 6000\n"}
,{"stream_name":"stdout","time":15856.998978958,"data":"      },\n"}
,{"stream_name":"stdout","time":15856.998981089,"data":"      {\n"}
,{"stream_name":"stdout","time":15856.998983221,"data":"        \"sdalr_rejected\": 1,\n"}
,{"stream_name":"stdout","time":15856.998986576,"data":"        \"hook_rejected\": 215,\n"}
,{"stream_name":"stdout","time":15856.998988926,"data":"        \"precision_before\": 0.6134355725954326,\n"}
,{"stream_name":"stdout","time":15856.998991162,"data":"        \"precision_after\": 0.636237897648686,\n"}
,{"stream_name":"stdout","time":15856.998993376,"data":"        \"n\": 6000\n"}
,{"stream_name":"stdout","time":15856.998995648,"data":"      }\n"}
,{"stream_name":"stdout","time":15856.999000013,"data":"    ],\n"}
,{"stream_name":"stdout","time":15856.999002314,"data":"    \"A3-\u003eA1\": [\n"}
,{"stream_name":"stdout","time":15856.999004514,"data":"      {\n"}
,{"stream_name":"stdout","time":15856.999006701,"data":"        \"sdalr_rejected\": 22,\n"}
,{"stream_name":"stdout","time":15856.999008892,"data":"        \"hook_rejected\": 655,\n"}
,{"stream_name":"stdout","time":15856.999011089,"data":"        \"precision_before\": 0.6080628972900636,\n"}
,{"stream_name":"stdout","time":15856.999013329,"data":"        \"precision_after\": 0.6828855908322374,\n"}
,{"stream_name":"stdout","time":15856.999015628,"data":"        \"n\": 6000\n"}
,{"stream_name":"stdout","time":15856.999017811,"data":"      },\n"}
,{"stream_name":"stdout","time":15856.999019941,"data":"      {\n"}
,{"stream_name":"stdout","time":15856.999022066,"data":"        \"sdalr_rejected\": 27,\n"}
,{"stream_name":"stdout","time":15856.999024264,"data":"        \"hook_rejected\": 564,\n"}
,{"stream_name":"stdout","time":15856.999026478,"data":"        \"precision_before\": 0.6276577934036498,\n"}
,{"stream_name":"stdout","time":15856.999028703,"data":"        \"precision_after\": 0.6931040857829543,\n"}
,{"stream_name":"stdout","time":15856.999030921,"data":"        \"n\": 6000\n"}
,{"stream_name":"stdout","time":15856.999033549,"data":"      },\n"}
,{"stream_name":"stdout","time":15856.999035687,"data":"      {\n"}
,{"stream_name":"stdout","time":15856.999037901,"data":"        \"sdalr_rejected\": 13,\n"}
,{"stream_name":"stdout","time":15856.999040115,"data":"        \"hook_rejected\": 216,\n"}
,{"stream_name":"stdout","time":15856.999042318,"data":"        \"precision_before\": 0.6866544179054619,\n"}
,{"stream_name":"stdout","time":15856.999044641,"data":"        \"precision_after\": 0.7123548778374632,\n"}
,{"stream_name":"stdout","time":15856.999046926,"data":"        \"n\": 6000\n"}
,{"stream_name":"stdout","time":15856.999049118,"data":"      },\n"}
,{"stream_name":"stdout","time":15856.999051291,"data":"      {\n"}
,{"stream_name":"stdout","time":15856.999053484,"data":"        \"sdalr_rejected\": 9,\n"}
,{"stream_name":"stdout","time":15856.999055709,"data":"        \"hook_rejected\": 52,\n"}
,{"stream_name":"stdout","time":15856.999057943,"data":"        \"precision_before\": 0.71423802370222,\n"}
,{"stream_name":"stdout","time":15856.999060211,"data":"        \"precision_after\": 0.7204916652635124,\n"}
,{"stream_name":"stdout","time":15856.999062504,"data":"        \"n\": 6000\n"}
,{"stream_name":"stdout","time":15856.999064713,"data":"      }\n"}
,{"stream_name":"stdout","time":15856.999066848,"data":"    ],\n"}
,{"stream_name":"stdout","time":15856.999069006,"data":"    \"A3-\u003eA2\": [\n"}
,{"stream_name":"stdout","time":15856.999071203,"data":"      {\n"}
,{"stream_name":"stdout","time":15856.999103869,"data":"        \"sdalr_rejected\": 35,\n"}
,{"stream_name":"stdout","time":15856.999111401,"data":"        \"hook_rejected\": 207,\n"}
,{"stream_name":"stdout","time":15856.999114871,"data":"        \"precision_before\": 0.6172673931265716,\n"}
,{"stream_name":"stdout","time":15856.999123399,"data":"        \"precision_after\": 0.6394581451893019,\n"}
,{"stream_name":"stdout","time":15856.999126379,"data":"        \"n\": 6000\n"}
,{"stream_name":"stdout","time":15856.999128588,"data":"      },\n"}
,{"stream_name":"stdout","time":15856.999130771,"data":"      {\n"}
,{"stream_name":"stdout","time":15856.999132899,"data":"        \"sdalr_rejected\": 6,\n"}
,{"stream_name":"stdout","time":15856.999135089,"data":"        \"hook_rejected\": 214,\n"}
,{"stream_name":"stdout","time":15856.999140564,"data":"        \"precision_before\": 0.6139472806139473,\n"}
,{"stream_name":"stdout","time":15856.999142909,"data":"        \"precision_after\": 0.6366782006920415,\n"}
,{"stream_name":"stdout","time":15856.999145133,"data":"        \"n\": 6000\n"}
,{"stream_name":"stdout","time":15856.999147305,"data":"      },\n"}
,{"stream_name":"stdout","time":15856.999149487,"data":"      {\n"}
,{"stream_name":"stdout","time":15856.999151631,"data":"        \"sdalr_rejected\": 3,\n"}
,{"stream_name":"stdout","time":15856.999153821,"data":"        \"hook_rejected\": 214,\n"}
,{"stream_name":"stdout","time":15856.999156043,"data":"        \"precision_before\": 0.6136401534100383,\n"}
,{"stream_name":"stdout","time":15856.999158329,"data":"        \"precision_after\": 0.6363479163064154,\n"}
,{"stream_name":"stdout","time":15856.999160642,"data":"        \"n\": 6000\n"}
,{"stream_name":"stdout","time":15856.999162855,"data":"      },\n"}
,{"stream_name":"stdout","time":15856.999164976,"data":"      {\n"}
,{"stream_name":"stdout","time":15856.999167174,"data":"        \"sdalr_rejected\": 2,\n"}
,{"stream_name":"stdout","time":15856.99916943,"data":"        \"hook_rejected\": 215,\n"}
,{"stream_name":"stdout","time":15856.999171663,"data":"        \"precision_before\": 0.6135378459486496,\n"}
,{"stream_name":"stdout","time":15856.999173908,"data":"        \"precision_after\": 0.6363479163064154,\n"}
,{"stream_name":"stdout","time":15856.999176214,"data":"        \"n\": 6000\n"}
,{"stream_name":"stdout","time":15856.999178423,"data":"      }\n"}
,{"stream_name":"stdout","time":15856.999180548,"data":"    ],\n"}
,{"stream_name":"stdout","time":15856.999182681,"data":"    \"A2-\u003eA1\": [\n"}
,{"stream_name":"stdout","time":15856.999184934,"data":"      {\n"}
,{"stream_name":"stdout","time":15856.999187097,"data":"        \"sdalr_rejected\": 84,\n"}
,{"stream_name":"stdout","time":15856.999189304,"data":"        \"hook_rejected\": 501,\n"}
,{"stream_name":"stdout","time":15856.999191542,"data":"        \"precision_before\": 0.5529073698444895,\n"}
,{"stream_name":"stdout","time":15856.999193809,"data":"        \"precision_after\": 0.6040627885503231,\n"}
,{"stream_name":"stdout","time":15856.99919603,"data":"        \"n\": 6000\n"}
,{"stream_name":"stdout","time":15856.99919822,"data":"      },\n"}
,{"stream_name":"stdout","time":15856.999200353,"data":"      {\n"}
,{"stream_name":"stdout","time":15856.999202473,"data":"        \"sdalr_rejected\": 18,\n"}
,{"stream_name":"stdout","time":15856.999204764,"data":"        \"hook_rejected\": 480,\n"}
,{"stream_name":"stdout","time":15856.999207005,"data":"        \"precision_before\": 0.5854229354730859,\n"}
,{"stream_name":"stdout","time":15856.999209719,"data":"        \"precision_after\": 0.6364958197019266,\n"}
,{"stream_name":"stdout","time":15856.999212039,"data":"        \"n\": 6000\n"}
,{"stream_name":"stdout","time":15856.999214244,"data":"      },\n"}
,{"stream_name":"stdout","time":15856.999216387,"data":"      {\n"}
,{"stream_name":"stdout","time":15856.99921853,"data":"        \"sdalr_rejected\": 23,\n"}
,{"stream_name":"stdout","time":15856.999220741,"data":"        \"hook_rejected\": 169,\n"}
,{"stream_name":"stdout","time":15856.999223006,"data":"        \"precision_before\": 0.637108917517149,\n"}
,{"stream_name":"stdout","time":15856.999225248,"data":"        \"precision_after\": 0.6556473829201102,\n"}
,{"stream_name":"stdout","time":15856.999227494,"data":"        \"n\": 6000\n"}
,{"stream_name":"stdout","time":15856.999229696,"data":"      },\n"}
,{"stream_name":"stdout","time":15856.99923182,"data":"      {\n"}
,{"stream_name":"stdout","time":15856.999236482,"data":"        \"sdalr_rejected\": 19,\n"}
,{"stream_name":"stdout","time":15856.999238804,"data":"        \"hook_rejected\": 65,\n"}
,{"stream_name":"stdout","time":15856.999241026,"data":"        \"precision_before\": 0.6547400100317673,\n"}
,{"stream_name":"stdout","time":15856.999243295,"data":"        \"precision_after\": 0.6619337390128465,\n"}
,{"stream_name":"stdout","time":15856.999245522,"data":"        \"n\": 6000\n"}
,{"stream_name":"stdout","time":15856.999247705,"data":"      }\n"}
,{"stream_name":"stdout","time":15856.99924984,"data":"    ],\n"}
,{"stream_name":"stdout","time":15856.999251979,"data":"    \"A2-\u003eA3\": [\n"}
,{"stream_name":"stdout","time":15856.999254174,"data":"      {\n"}
,{"stream_name":"stdout","time":15856.999256309,"data":"        \"sdalr_rejected\": 104,\n"}
,{"stream_name":"stdout","time":15856.999258517,"data":"        \"hook_rejected\": 422,\n"}
,{"stream_name":"stdout","time":15856.999260747,"data":"        \"precision_before\": 0.558853459972863,\n"}
,{"stream_name":"stdout","time":15856.999263009,"data":"        \"precision_after\": 0.6019364267446109,\n"}
,{"stream_name":"stdout","time":15856.999265252,"data":"        \"n\": 6000\n"}
,{"stream_name":"stdout","time":15856.99926745,"data":"      },\n"}
,{"stream_name":"stdout","time":15856.999269573,"data":"      {\n"}
,{"stream_name":"stdout","time":15856.999271697,"data":"        \"sdalr_rejected\": 91,\n"}
,{"stream_name":"stdout","time":15856.999273901,"data":"        \"hook_rejected\": 518,\n"}
,{"stream_name":"stdout","time":15856.999276144,"data":"        \"precision_before\": 0.5185310543239127,\n"}
,{"stream_name":"stdout","time":15856.999280534,"data":"        \"precision_after\": 0.5683546651827119,\n"}
,{"stream_name":"stdout","time":15856.999282811,"data":"        \"n\": 6000\n"}
,{"stream_name":"stdout","time":15856.999285055,"data":"      },\n"}
,{"stream_name":"stdout","time":15856.999287178,"data":"      {\n"}
,{"stream_name":"stdout","time":15856.999289385,"data":"        \"sdalr_rejected\": 43,\n"}
,{"stream_name":"stdout","time":15856.999291585,"data":"        \"hook_rejected\": 449,\n"}
,{"stream_name":"stdout","time":15856.999293895,"data":"        \"precision_before\": 0.4883330535504449,\n"}
,{"stream_name":"stdout","time":15856.999296125,"data":"        \"precision_after\": 0.5281408859840232,\n"}
,{"stream_name":"stdout","time":15856.999298487,"data":"        \"n\": 6000\n"}
,{"stream_name":"stdout","time":15856.99930066,"data":"      },\n"}
,{"stream_name":"stdout","time":15856.999302845,"data":"      {\n"}
,{"stream_name":"stdout","time":15856.999304969,"data":"        \"sdalr_rejected\": 35,\n"}
,{"stream_name":"stdout","time":15856.999307155,"data":"        \"hook_rejected\": 221,\n"}
,{"stream_name":"stdout","time":15856.999309355,"data":"        \"precision_before\": 0.5212070410729254,\n"}
,{"stream_name":"stdout","time":15856.999311574,"data":"        \"precision_after\": 0.5412604456824512,\n"}
,{"stream_name":"stdout","time":15856.999313808,"data":"        \"n\": 6000\n"}
,{"stream_name":"stdout","time":15856.999316087,"data":"      }\n"}
,{"stream_name":"stdout","time":15856.999318225,"data":"    ]\n"}
,{"stream_name":"stdout","time":15856.999320369,"data":"  },\n"}
,{"stream_name":"stdout","time":15856.999322512,"data":"  \"gate\": \"pcv\"\n"}
,{"stream_name":"stdout","time":15856.999324755,"data":"}\n"}
,{"stream_name":"stdout","time":15858.265113528,"data":"RUN /usr/bin/python3 -u /kaggle/input/datasets/rafiurrahman01/physgate-m0-code/sdalr_runner.py --sdalr /kaggle/input/datasets/rafiurrahman01/physgate-m0-code --m0 /kaggle/input/physgate-k10-g4 --dataset PU_M1 --src-fold S09 --tgt-fold S09c --variant final_checkpoint --work /kaggle/working/k10/S09 --seed 2024 --gate oracle --gate-verdicts /kaggle/input/datasets/rafiurrahman01/physgate-m0-code/gate_verdicts.json --skip-pretrain\n"}
,{"stream_name":"stdout","time":15863.871151108,"data":"读取源域路径：/kaggle/working/k10/S09/weight_PU_M1_final_checkpoint_FS09toS09c_gateoracle_s2024/NEW_PU/Source-源域/log\u0026pt/(B1)N15_M01_F10\n"}
,{"stream_name":"stdout","time":15863.87119152,"data":"excel输出位置：/kaggle/working/k10/S09/weight_PU_M1_final_checkpoint_FS09toS09c_gateoracle_s2024/NEW_PU/Target-目标域\n"}
,{"stream_name":"stdout","time":15863.871656632,"data":"特征图片输出位置：/kaggle/working/k10/S09/weight_PU_M1_final_checkpoint_FS09toS09c_gateoracle_s2024/NEW_PU/Picture-特征图/2026年09月19日12时39分/(B1)N15_M01_F10\n"}
,{"stream_name":"stderr","time":15864.20139225,"data":"/usr/local/lib/python3.12/dist-packages/torch/nn/utils/weight_norm.py:144: FutureWarning: `torch.nn.utils.weight_norm` is deprecated in favor of `torch.nn.utils.parametrizations.weight_norm`.\n"}
,{"stream_name":"stderr","time":15864.201433663,"data":"  WeightNorm.apply(module, name, dim)\n"}
,{"stream_name":"stdout","time":15864.247369422,"data":"现在选取:(B1)N15_M01_F10 进行训练的源模型\n"}
,{"stream_name":"stdout","time":15864.247401899,"data":"现在进行：(B1)N15_M01_F10→(B2)N15_M07_F10 的迁移任务\n"}
,{"stream_name":"stdout","time":15864.247410944,"data":"log\u0026pt输出位置：/kaggle/working/k10/S09/weight_PU_M1_final_checkpoint_FS09toS09c_gateoracle_s2024/NEW_PU/Target-目标域/log\u0026pt/(B1)N15_M01_F10→(B2)N15_M07_F10\n"}
,{"stream_name":"stderr","time":15864.248741131,"data":"sh: 1: Syntax error: word unexpected (expecting \")\")\n"}
,{"stream_name":"stdout","time":15875.576243249,"data":"任务: (B1)N15_M01_F10→(B2)N15_M07_F10; 批次:····0/·1880;  总正确率: 64.48%\n"}
,{"stream_name":"stdout","time":15875.576286214,"data":"类型1 正确率： 100.00% -\u003e 1   99.85%, 2    0.15%, 3    0.00%\n"}
,{"stream_name":"stdout","time":15875.576305626,"data":"类型2 正确率：  90.00% -\u003e 1    0.05%, 2   90.50%, 3    9.45%\n"}
,{"stream_name":"stdout","time":15875.576311279,"data":"类型3 正确率：   3.00% -\u003e 1    0.00%, 2   96.90%, 3    3.10%\n"}
,{"stream_name":"stdout","time":15875.576316531,"data":"\n"}
,{"stream_name":"stdout","time":15875.576321497,"data":"\n"}
,{"stream_name":"stdout","time":15875.576823926,"data":"样本变换：reverse\n"}
,{"stream_name":"stdout","time":15878.901147145,"data":"样本变换：mask\n"}
,{"stream_name":"stdout","time":15882.231605875,"data":"样本变换：shift\n"}
,{"stream_name":"stdout","time":15885.548166043,"data":"样本变换：none\n"}
,{"stream_name":"stdout","time":15891.115535318,"data":"未过滤\t未用伪标签：64.48% -\u003e 使用伪标签：62.53%\n"}
,{"stream_name":"stdout","time":15891.115566608,"data":"已过滤\t未用伪标签：64.31% -\u003e 使用伪标签：62.98%\n"}
,{"stream_name":"stdout","time":15891.115572168,"data":"排除样本：43|6000\t剩余：1995, 1817, 2145\n"}
,{"stream_name":"stdout","time":15891.11557689,"data":"增添样本：2233\t\t细则：0, 1207, 1026\t正确率估算：48.15%\n"}
,{"stream_name":"stdout","time":15891.115581666,"data":"类型1 正确率： 100.00% -\u003e 1   99.85%, 2    0.15%, 3    0.00%\n"}
,{"stream_name":"stdout","time":15891.115586518,"data":"类型2 正确率：  40.00% -\u003e 1    0.00%, 2   40.12%, 3   59.88%\n"}
,{"stream_name":"stdout","time":15891.115591722,"data":"类型3 正确率：  49.00% -\u003e 1    0.00%, 2   51.43%, 3   48.57%\n"}
,{"stream_name":"stdout","time":15891.115596386,"data":"\n"}
,{"stream_name":"stdout","time":15891.115600856,"data":"被排除样本 正确率：88.37%\n"}
,{"stream_name":"stdout","time":15891.115616394,"data":"类型1 正确率： 100.00% -\u003e 1  100.00%, 2    0.00%, 3    0.00%\n"}
,{"stream_name":"stdout","time":15891.115620651,"data":"类型2 正确率： 100.00% -\u003e 1    0.00%, 2  100.00%, 3    0.00%\n"}
,{"stream_name":"stdout","time":15891.115624714,"data":"类型3 正确率：   0.00% -\u003e 1    0.00%, 2  100.00%, 3    0.00%\n"}
,{"stream_name":"stdout","time":15891.115629592,"data":"\n"}
,{"stream_name":"stdout","time":15891.115633247,"data":"\n"}
,{"stream_name":"stdout","time":15904.675794252,"data":"轮次:··1/·20 || c_Loss:0.515 || e_Loss:-1.065 || Aad_Loss:-21.604 || 耗时：35.32s\n"}
,{"stream_name":"stdout","time":15917.93783007,"data":"轮次:··2/·20 || c_Loss:0.399 || e_Loss:-1.325 || Aad_Loss:-21.355 || 耗时：13.26s\n"}
,{"stream_name":"stdout","time":15931.119212481,"data":"轮次:··3/·20 || c_Loss:0.324 || e_Loss:-1.439 || Aad_Loss:-22.350 || 耗时：13.18s\n"}
,{"stream_name":"stdout","time":15944.007127672,"data":"轮次:··4/·20 || c_Loss:0.406 || e_Loss:-1.561 || Aad_Loss:-18.926 || 耗时：12.89s\n"}
,{"stream_name":"stdout","time":15956.951650949,"data":"轮次:··5/·20 || c_Loss:0.341 || e_Loss:-1.696 || Aad_Loss:-21.287 || 耗时：12.94s\n"}
,{"stream_name":"stdout","time":15962.963949606,"data":"任务: (B1)N15_M01_F10→(B2)N15_M07_F10; mix批次:····0; 批次:··470/·1880;  总正确率: 70.90%\n"}
,{"stream_name":"stdout","time":15962.96400622,"data":"类型1 正确率： 100.00% -\u003e 1  100.00%, 2    0.00%, 3    0.00%\n"}
,{"stream_name":"stdout","time":15962.964012716,"data":"类型2 正确率：  63.00% -\u003e 1    2.05%, 2   62.70%, 3   35.25%\n"}
,{"stream_name":"stdout","time":15962.964020842,"data":"类型3 正确率：  50.00% -\u003e 1    0.00%, 2   50.00%, 3   50.00%\n"}
,{"stream_name":"stdout","time":15962.964024337,"data":"\n"}
,{"stream_name":"stdout","time":15962.964027584,"data":"\n"}
,{"stream_name":"stdout","time":15962.998523158,"data":"样本变换：reverse\n"}
,{"stream_name":"stdout","time":15966.278139555,"data":"样本变换：mask\n"}
,{"stream_name":"stdout","time":15969.570332706,"data":"样本变换：shift\n"}
,{"stream_name":"stdout","time":15972.880227886,"data":"样本变换：none\n"}
,{"stream_name":"stderr","time":15978.383253589,"data":"/kaggle/working/k10/S09/sdalr_PU_final_checkpoint/tools.py:413: RuntimeWarning: invalid value encountered in divide\n"}
,{"stream_name":"stderr","time":15978.383295698,"data":"  per_class_acc = conf_matrix.diagonal() / conf_matrix.sum(axis=1) * 100\n"}
,{"stream_name":"stdout","time":15978.383431808,"data":"未过滤\t未用伪标签：70.90% -\u003e 使用伪标签：71.13%\n"}
,{"stream_name":"stdout","time":15978.383444544,"data":"已过滤\t未用伪标签：71.14% -\u003e 使用伪标签：71.45%\n"}
,{"stream_name":"stdout","time":15978.38344981,"data":"排除样本：27|6000\t剩余：2041, 2268, 1664\n"}
,{"stream_name":"stdout","time":15978.383454524,"data":"增添样本：1732\t\t细则：0, 732, 1000\t正确率估算：96.82%\n"}
,{"stream_name":"stdout","time":15978.383459361,"data":"类型1 正确率： 100.00% -\u003e 1  100.00%, 2    0.00%, 3    0.00%\n"}
,{"stream_name":"stdout","time":15978.383464463,"data":"类型2 正确率：  64.00% -\u003e 1    2.08%, 2   64.27%, 3   33.65%\n"}
,{"stream_name":"stdout","time":15978.383474011,"data":"类型3 正确率：  50.00% -\u003e 1    0.00%, 2   50.00%, 3   50.00%\n"}
,{"stream_name":"stdout","time":15978.383477906,"data":"\n"}
,{"stream_name":"stdout","time":15978.383495333,"data":"被排除样本 正确率：18.52%\n"}
,{"stream_name":"stdout","time":15978.383500823,"data":"类型1 没有样本或未被分类。\n"}
,{"stream_name":"stdout","time":15978.383519405,"data":"类型2 正确率：  19.00% -\u003e 1   22.22%, 2   18.52%, 3   59.26%\n"}
,{"stream_name":"stdout","time":15978.383524116,"data":"类型3 没有样本或未被分类。\n"}
,{"stream_name":"stdout","time":15978.383527656,"data":"\n"}
,{"stream_name":"stdout","time":15978.383530926,"data":"\n"}
,{"stream_name":"stdout","time":15991.552959079,"data":"轮次:··6/·20 || c_Loss:0.378 || e_Loss:-1.564 || Aad_Loss:-24.588 || 耗时：34.60s\n"}
,{"stream_name":"stdout","time":16004.863642094,"data":"轮次:··7/·20 || c_Loss:0.416 || e_Loss:-1.585 || Aad_Loss:-23.917 || 耗时：13.31s\n"}
,{"stream_name":"stdout","time":16018.151729198,"data":"轮次:··8/·20 || c_Loss:0.392 || e_Loss:-1.591 || Aad_Loss:-22.509 || 耗时：13.29s\n"}
,{"stream_name":"stdout","time":16031.316977633,"data":"轮次:··9/·20 || c_Loss:0.392 || e_Loss:-1.696 || Aad_Loss:-23.010 || 耗时：13.17s\n"}
,{"stream_name":"stdout","time":16044.457527534,"data":"轮次:·10/·20 || c_Loss:0.422 || e_Loss:-1.584 || Aad_Loss:-21.244 || 耗时：13.14s\n"}
,{"stream_name":"stdout","time":16050.498154626,"data":"任务: (B1)N15_M01_F10→(B2)N15_M07_F10; mix批次:····0; 批次:··940/·1880;  总正确率: 80.17%\n"}
,{"stream_name":"stdout","time":16050.49820246,"data":"类型1 正确率： 100.00% -\u003e 1  100.00%, 2    0.00%, 3    0.00%\n"}
,{"stream_name":"stdout","time":16050.498210304,"data":"类型2 正确率：  90.00% -\u003e 1    0.25%, 2   90.50%, 3    9.25%\n"}
,{"stream_name":"stdout","time":16050.498215123,"data":"类型3 正确率：  50.00% -\u003e 1    0.00%, 2   50.00%, 3   50.00%\n"}
,{"stream_name":"stdout","time":16050.498219987,"data":"\n"}
,{"stream_name":"stdout","time":16050.498224241,"data":"\n"}
,{"stream_name":"stdout","time":16050.539763807,"data":"样本变换：reverse\n"}
,{"stream_name":"stdout","time":16053.811157754,"data":"样本变换：mask\n"}
,{"stream_name":"stdout","time":16057.109110455,"data":"样本变换：shift\n"}
,{"stream_name":"stdout","time":16060.395179354,"data":"样本变换：none\n"}
,{"stream_name":"stderr","time":16065.546485991,"data":"/kaggle/working/k10/S09/sdalr_PU_final_checkpoint/tools.py:413: RuntimeWarning: invalid value encountered in divide\n"}
,{"stream_name":"stderr","time":16065.546529624,"data":"  per_class_acc = conf_matrix.diagonal() / conf_matrix.sum(axis=1) * 100\n"}
,{"stream_name":"stdout","time":16065.546637433,"data":"未过滤\t未用伪标签：80.17% -\u003e 使用伪标签：80.05%\n"}
,{"stream_name":"stdout","time":16065.546656183,"data":"已过滤\t未用伪标签：80.23% -\u003e 使用伪标签：80.38%\n"}
,{"stream_name":"stdout","time":16065.546681812,"data":"排除样本：25|6000\t剩余：2000, 2803, 1172\n"}
,{"stream_name":"stdout","time":16065.546702051,"data":"增添样本：1197\t\t细则：0, 197, 1000\t正确率估算：99.58%\n"}
,{"stream_name":"stdout","time":16065.546708187,"data":"类型1 正确率： 100.00% -\u003e 1  100.00%, 2    0.00%, 3    0.00%\n"}
,{"stream_name":"stdout","time":16065.546713992,"data":"类型2 正确率：  91.00% -\u003e 1    0.00%, 2   91.29%, 3    8.71%\n"}
,{"stream_name":"stdout","time":16065.546718917,"data":"类型3 正确率：  50.00% -\u003e 1    0.00%, 2   50.00%, 3   50.00%\n"}
,{"stream_name":"stdout","time":16065.546724398,"data":"\n"}
,{"stream_name":"stdout","time":16065.546729476,"data":"被排除样本 正确率：64.00%\n"}
,{"stream_name":"stdout","time":16065.546734222,"data":"类型1 没有样本或未被分类。\n"}
,{"stream_name":"stdout","time":16065.546738908,"data":"类型2 正确率：  64.00% -\u003e 1    4.00%, 2   64.00%, 3   32.00%\n"}
,{"stream_name":"stdout","time":16065.546766505,"data":"类型3 没有样本或未被分类。\n"}
,{"stream_name":"stdout","time":16065.546769799,"data":"\n"}
,{"stream_name":"stdout","time":16065.546772085,"data":"\n"}
,{"stream_name":"stdout","time":16078.559886604,"data":"轮次:·11/·20 || c_Loss:0.412 || e_Loss:-1.558 || Aad_Loss:-26.646 || 耗时：34.10s\n"}
,{"stream_name":"stdout","time":16091.700906657,"data":"轮次:·12/·20 || c_Loss:0.385 || e_Loss:-1.636 || Aad_Loss:-25.736 || 耗时：13.14s\n"}
,{"stream_name":"stdout","time":16104.886513055,"data":"轮次:·13/·20 || c_Loss:0.375 || e_Loss:-1.646 || Aad_Loss:-26.478 || 耗时：13.19s\n"}
,{"stream_name":"stdout","time":16118.048704652,"data":"轮次:·14/·20 || c_Loss:0.420 || e_Loss:-1.658 || Aad_Loss:-24.920 || 耗时：13.16s\n"}
,{"stream_name":"stdout","time":16131.191341617,"data":"轮次:·15/·20 || c_Loss:0.382 || e_Loss:-1.623 || Aad_Loss:-27.861 || 耗时：13.14s\n"}
,{"stream_name":"stdout","time":16137.225153974,"data":"任务: (B1)N15_M01_F10→(B2)N15_M07_F10; mix批次:····0; 批次:·1410/·1880;  总正确率: 83.20%\n"}
,{"stream_name":"stdout","time":16137.225195798,"data":"类型1 正确率： 100.00% -\u003e 1  100.00%, 2    0.00%, 3    0.00%\n"}
,{"stream_name":"stdout","time":16137.225209661,"data":"类型2 正确率： 100.00% -\u003e 1    0.15%, 2   99.60%, 3    0.25%\n"}
,{"stream_name":"stdout","time":16137.225215343,"data":"类型3 正确率：  50.00% -\u003e 1    0.10%, 2   49.90%, 3   50.00%\n"}
,{"stream_name":"stdout","time":16137.225220635,"data":"\n"}
,{"stream_name":"stdout","time":16137.225225374,"data":"\n"}
,{"stream_name":"stdout","time":16137.267289937,"data":"样本变换：reverse\n"}
,{"stream_name":"stdout","time":16140.523200259,"data":"样本变换：mask\n"}
,{"stream_name":"stdout","time":16143.807200763,"data":"样本变换：shift\n"}
,{"stream_name":"stdout","time":16147.0841159,"data":"样本变换：none\n"}
,{"stream_name":"stderr","time":16152.221424134,"data":"/usr/local/lib/python3.12/dist-packages/numpy/_core/fromnumeric.py:3596: RuntimeWarning: Mean of empty slice.\n"}
,{"stream_name":"stderr","time":16152.221467575,"data":"  return _methods._mean(a, axis=axis, dtype=dtype,\n"}
,{"stream_name":"stderr","time":16152.22147367,"data":"/usr/local/lib/python3.12/dist-packages/numpy/_core/_methods.py:138: RuntimeWarning: invalid value encountered in scalar divide\n"}
,{"stream_name":"stderr","time":16152.22147851,"data":"  ret = ret.dtype.type(ret / rcount)\n"}
,{"stream_name":"stderr","time":16152.222176447,"data":"/kaggle/working/k10/S09/sdalr_PU_final_checkpoint/tools.py:414: RuntimeWarning: Mean of empty slice.\n"}
,{"stream_name":"stderr","time":16152.222200947,"data":"  overall_acc = round(per_class_acc.mean(), 2)\n"}
,{"stream_name":"stderr","time":16152.22221728,"data":"/usr/local/lib/python3.12/dist-packages/numpy/_core/_methods.py:138: RuntimeWarning: invalid value encountered in scalar divide\n"}
,{"stream_name":"stderr","time":16152.222222969,"data":"  ret = ret.dtype.type(ret / rcount)\n"}
,{"stream_name":"stdout","time":16152.222402318,"data":"未过滤\t未用伪标签：83.20% -\u003e 使用伪标签：83.32%\n"}
,{"stream_name":"stdout","time":16152.222417701,"data":"已过滤\t未用伪标签：83.20% -\u003e 使用伪标签：83.32%\n"}
,{"stream_name":"stdout","time":16152.222422885,"data":"排除样本：2000|6000\t剩余：2999, 1001\n"}
,{"stream_name":"stdout","time":16152.222427555,"data":"增添样本：1001\t\t细则：0, 1, 1000\t正确率估算：100.00%\n"}
,{"stream_name":"stdout","time":16152.222432412,"data":"类型1 正确率： 100.00% -\u003e 1  100.00%, 2    0.00%, 3    0.00%\n"}
,{"stream_name":"stdout","time":16152.222437336,"data":"类型2 正确率： 100.00% -\u003e 1    0.00%, 2   99.95%, 3    0.05%\n"}
,{"stream_name":"stdout","time":16152.2224589,"data":"类型3 正确率：  50.00% -\u003e 1    0.00%, 2   50.00%, 3   50.00%\n"}
,{"stream_name":"stdout","time":16152.222462542,"data":"\n"}
,{"stream_name":"stdout","time":16152.222465705,"data":"被排除样本 正确率：nan%\n"}
,{"stream_name":"stdout","time":16152.222469114,"data":"\n"}
,{"stream_name":"stdout","time":16152.222472294,"data":"\n"}
,{"stream_name":"stdout","time":16165.230253953,"data":"轮次:·16/·20 || c_Loss:0.369 || e_Loss:-1.611 || Aad_Loss:-28.579 || 耗时：34.04s\n"}
,{"stream_name":"stdout","time":16178.25807328,"data":"轮次:·17/·20 || c_Loss:0.446 || e_Loss:-1.637 || Aad_Loss:-27.984 || 耗时：13.03s\n"}
,{"stream_name":"stdout","time":16191.297006736,"data":"轮次:·18/·20 || c_Loss:0.441 || e_Loss:-1.656 || Aad_Loss:-27.556 || 耗时：13.04s\n"}
,{"stream_name":"stdout","time":16204.351912971,"data":"轮次:·19/·20 || c_Loss:0.428 || e_Loss:-1.664 || Aad_Loss:-28.019 || 耗时：13.05s\n"}
,{"stream_name":"stdout","time":16217.446608535,"data":"轮次:·20/·20 || c_Loss:0.495 || e_Loss:-1.644 || Aad_Loss:-22.379 || 耗时：13.09s\n"}
,{"stream_name":"stdout","time":16223.493270054,"data":"任务: (B1)N15_M01_F10→(B2)N15_M07_F10; mix批次:····0; 批次:·1880/·1880;  总正确率: 83.23%\n"}
,{"stream_name":"stdout","time":16223.493335825,"data":"类型1 正确率： 100.00% -\u003e 1  100.00%, 2    0.00%, 3    0.00%\n"}
,{"stream_name":"stdout","time":16223.493344251,"data":"类型2 正确率： 100.00% -\u003e 1    0.20%, 2   99.70%, 3    0.10%\n"}
,{"stream_name":"stdout","time":16223.493349802,"data":"类型3 正确率：  50.00% -\u003e 1    0.10%, 2   49.90%, 3   50.00%\n"}
,{"stream_name":"stdout","time":16223.493355269,"data":"\n"}
,{"stream_name":"stdout","time":16223.493360136,"data":"\n"}
,{"stream_name":"stdout","time":16229.481933635,"data":"测试集任务: (B1)N15_M01_F10→(B2)N15_M07_F10; 总正确率 = 83.23%\n"}
,{"stream_name":"stdout","time":16229.481971951,"data":"类型1 正确率： 100.00% -\u003e 1  100.00%, 2    0.00%, 3    0.00%\n"}
,{"stream_name":"stdout","time":16229.481978446,"data":"类型2 正确率： 100.00% -\u003e 1    0.20%, 2   99.70%, 3    0.10%\n"}
,{"stream_name":"stdout","time":16229.481983713,"data":"类型3 正确率：  50.00% -\u003e 1    0.10%, 2   49.90%, 3   50.00%\n"}
,{"stream_name":"stdout","time":16229.481989361,"data":"\n"}
,{"stream_name":"stdout","time":16229.481994165,"data":"\n"}
,{"stream_name":"stdout","time":16229.504200353,"data":"[tar_adaptation_RES_PU.py --folder_root /kaggle/working/k10/S09/sdalr_PU_final_checkpoint/DATA_foldS09c --seed 2024 --class_num 3 --data_name PU_M1_L3 --output /kaggle/working/k10/S09/weight_PU_M1_final_checkpoint_FS09toS09c_gateoracle_s2024 --s 0 --t 1 --lr 0.0005 --threshold 0.4 --K 0.6] 366s\n"}
,{"stream_name":"stdout","time":16229.542954554,"data":"读取源域路径：/kaggle/working/k10/S09/weight_PU_M1_final_checkpoint_FS09toS09c_gateoracle_s2024/NEW_PU/Source-源域/log\u0026pt/(B1)N15_M01_F10\n"}
,{"stream_name":"stdout","time":16229.542979661,"data":"excel输出位置：/kaggle/working/k10/S09/weight_PU_M1_final_checkpoint_FS09toS09c_gateoracle_s2024/NEW_PU/Target-目标域\n"}
,{"stream_name":"stdout","time":16229.542986719,"data":"特征图片输出位置：/kaggle/working/k10/S09/weight_PU_M1_final_checkpoint_FS09toS09c_gateoracle_s2024/NEW_PU/Picture-特征图/2026年09月19日12时45分/(B1)N15_M01_F10\n"}
,{"stream_name":"stderr","time":16229.578247836,"data":"/usr/local/lib/python3.12/dist-packages/torch/nn/utils/weight_norm.py:144: FutureWarning: `torch.nn.utils.weight_norm` is deprecated in favor of `torch.nn.utils.parametrizations.weight_norm`.\n"}
,{"stream_name":"stderr","time":16229.578298633,"data":"  WeightNorm.apply(module, name, dim)\n"}
,{"stream_name":"stdout","time":16229.617255955,"data":"现在选取:(B1)N15_M01_F10 进行训练的源模型\n"}
,{"stream_name":"stdout","time":16229.617280732,"data":"现在进行：(B1)N15_M01_F10→(B3)N15_M07_F04 的迁移任务\n"}
,{"stream_name":"stdout","time":16229.617286385,"data":"log\u0026pt输出位置：/kaggle/working/k10/S09/weight_PU_M1_final_checkpoint_FS09toS09c_gateoracle_s2024/NEW_PU/Target-目标域/log\u0026pt/(B1)N15_M01_F10→(B3)N15_M07_F04\n"}
,{"stream_name":"stderr","time":16229.618713641,"data":"sh: 1: Syntax error: word unexpected (expecting \")\")\n"}
,{"stream_name":"stdout","time":16240.667043927,"data":"任务: (B1)N15_M01_F10→(B3)N15_M07_F04; 批次:····0/·1880;  总正确率: 63.45%\n"}
,{"stream_name":"stdout","time":16240.66710238,"data":"类型1 正确率： 100.00% -\u003e 1  100.00%, 2    0.00%, 3    0.00%\n"}
,{"stream_name":"stdout","time":16240.667111472,"data":"类型2 正确率：  54.00% -\u003e 1    0.00%, 2   53.55%, 3   46.45%\n"}
,{"stream_name":"stdout","time":16240.667117537,"data":"类型3 正确率：  37.00% -\u003e 1    3.10%, 2   60.10%, 3   36.80%\n"}
,{"stream_name":"stdout","time":16240.667123423,"data":"\n"}
,{"stream_name":"stdout","time":16240.667127898,"data":"\n"}
,{"stream_name":"stdout","time":16240.667614456,"data":"样本变换：reverse\n"}
,{"stream_name":"stdout","time":16243.914243572,"data":"样本变换：mask\n"}
,{"stream_name":"stdout","time":16247.206150378,"data":"样本变换：shift\n"}
,{"stream_name":"stdout","time":16250.49615485,"data":"样本变换：none\n"}
,{"stream_name":"stdout","time":16255.934623211,"data":"未过滤\t未用伪标签：63.45% -\u003e 使用伪标签：62.15%\n"}
,{"stream_name":"stdout","time":16255.934666939,"data":"已过滤\t未用伪标签：63.40% -\u003e 使用伪标签：62.44%\n"}
,{"stream_name":"stdout","time":16255.934678923,"data":"排除样本：28|6000\t剩余：2011, 1712, 2249\n"}
,{"stream_name":"stdout","time":16255.934682941,"data":"增添样本：2265\t\t细则：0, 1267, 998\t正确率估算：85.19%\n"}
,{"stream_name":"stdout","time":16255.934686603,"data":"类型1 正确率： 100.00% -\u003e 1   99.95%, 2    0.05%, 3    0.00%\n"}
,{"stream_name":"stdout","time":16255.934690119,"data":"类型2 正确率：  37.00% -\u003e 1    0.00%, 2   36.92%, 3   63.08%\n"}
,{"stream_name":"stdout","time":16255.934693495,"data":"类型3 正确率：  50.00% -\u003e 1    0.65%, 2   49.17%, 3   50.18%\n"}
,{"stream_name":"stdout","time":16255.934696734,"data":"\n"}
,{"stream_name":"stdout","time":16255.934699875,"data":"被排除样本 正确率：75.00%\n"}
,{"stream_name":"stdout","time":16255.934703035,"data":"类型1 正确率： 100.00% -\u003e 1  100.00%, 2    0.00%, 3    0.00%\n"}
,{"stream_name":"stdout","time":16255.934706231,"data":"类型2 正确率： 100.00% -\u003e 1    0.00%, 2  100.00%, 3    0.00%\n"}
,{"stream_name":"stdout","time":16255.934709421,"data":"类型3 正确率：   0.00% -\u003e 1  100.00%, 2    0.00%, 3    0.00%\n"}
,{"stream_name":"stdout","time":16255.934712804,"data":"\n"}
,{"stream_name":"stdout","time":16255.934715891,"data":"\n"}
,{"stream_name":"stdout","time":16269.145176373,"data":"轮次:··1/·20 || c_Loss:0.527 || e_Loss:-1.271 || Aad_Loss:-20.324 || 耗时：34.39s\n"}
,{"stream_name":"stdout","time":16282.427685716,"data":"轮次:··2/·20 || c_Loss:0.403 || e_Loss:-1.304 || Aad_Loss:-23.045 || 耗时：13.28s\n"}
,{"stream_name":"stdout","time":16295.617679544,"data":"轮次:··3/·20 || c_Loss:0.338 || e_Loss:-1.347 || Aad_Loss:-24.107 || 耗时：13.19s\n"}
,{"stream_name":"stdout","time":16308.737431444,"data":"轮次:··4/·20 || c_Loss:0.322 || e_Loss:-1.519 || Aad_Loss:-19.636 || 耗时：13.12s\n"}
,{"stream_name":"stdout","time":16321.88884932,"data":"轮次:··5/·20 || c_Loss:0.327 || e_Loss:-1.526 || Aad_Loss:-22.268 || 耗时：13.15s\n"}
,{"stream_name":"stdout","time":16327.95745512,"data":"任务: (B1)N15_M01_F10→(B3)N15_M07_F04; mix批次:····0; 批次:··470/·1880;  总正确率: 67.18%\n"}
,{"stream_name":"stdout","time":16327.957490342,"data":"类型1 正确率： 100.00% -\u003e 1  100.00%, 2    0.00%, 3    0.00%\n"}
,{"stream_name":"stdout","time":16327.95749721,"data":"类型2 正确率：  52.00% -\u003e 1    0.00%, 2   51.55%, 3   48.45%\n"}
,{"stream_name":"stdout","time":16327.957502603,"data":"类型3 正确率：  50.00% -\u003e 1    4.25%, 2   45.75%, 3   50.00%\n"}
,{"stream_name":"stdout","time":16327.957508259,"data":"\n"}
,{"stream_name":"stdout","time":16327.957513437,"data":"\n"}
,{"stream_name":"stdout","time":16327.990323413,"data":"样本变换：reverse\n"}
,{"stream_name":"stdout","time":16331.316250313,"data":"样本变换：mask\n"}
,{"stream_name":"stdout","time":16334.657167709,"data":"样本变换：shift\n"}
,{"stream_name":"stdout","time":16337.984538451,"data":"样本变换：none\n"}
,{"stream_name":"stderr","time":16343.642017291,"data":"/kaggle/working/k10/S09/sdalr_PU_final_checkpoint/tools.py:413: RuntimeWarning: invalid value encountered in divide\n"}
,{"stream_name":"stderr","time":16343.64209579,"data":"  per_class_acc = conf_matrix.diagonal() / conf_matrix.sum(axis=1) * 100\n"}
,{"stream_name":"stdout","time":16343.642149639,"data":"未过滤\t未用伪标签：67.18% -\u003e 使用伪标签：66.47%\n"}
,{"stream_name":"stdout","time":16343.642163163,"data":"已过滤\t未用伪标签：67.59% -\u003e 使用伪标签：67.14%\n"}
,{"stream_name":"stdout","time":16343.642166892,"data":"排除样本：60|6000\t剩余：2251, 1894, 1795\n"}
,{"stream_name":"stdout","time":16343.642170466,"data":"增添样本：2012\t\t细则：0, 1012, 1000\t正确率估算：97.54%\n"}
,{"stream_name":"stdout","time":16343.642174031,"data":"类型1 正确率： 100.00% -\u003e 1  100.00%, 2    0.00%, 3    0.00%\n"}
,{"stream_name":"stdout","time":16343.642177397,"data":"类型2 正确率：  51.00% -\u003e 1    8.66%, 2   50.61%, 3   40.73%\n"}
,{"stream_name":"stdout","time":16343.642180625,"data":"类型3 正确率：  50.00% -\u003e 1    4.12%, 2   45.57%, 3   50.30%\n"}
,{"stream_name":"stdout","time":16343.642183812,"data":"\n"}
,{"stream_name":"stdout","time":16343.642186832,"data":"被排除样本 正确率：26.67%\n"}
,{"stream_name":"stdout","time":16343.642190728,"data":"类型1 没有样本或未被分类。\n"}
,{"stream_name":"stdout","time":16343.642194019,"data":"类型2 正确率：  33.00% -\u003e 1    0.00%, 2   33.33%, 3   66.67%\n"}
,{"stream_name":"stdout","time":16343.642197213,"data":"类型3 正确率：   0.00% -\u003e 1   66.67%, 2   33.33%, 3    0.00%\n"}
,{"stream_name":"stdout","time":16343.642200451,"data":"\n"}
,{"stream_name":"stdout","time":16343.64220343,"data":"\n"}
,{"stream_name":"stdout","time":16356.741657128,"data":"轮次:··6/·20 || c_Loss:0.333 || e_Loss:-1.585 || Aad_Loss:-22.563 || 耗时：34.85s\n"}
,{"stream_name":"stdout","time":16369.963742415,"data":"轮次:··7/·20 || c_Loss:0.328 || e_Loss:-1.443 || Aad_Loss:-24.010 || 耗时：13.22s\n"}
,{"stream_name":"stdout","time":16383.205877235,"data":"轮次:··8/·20 || c_Loss:0.363 || e_Loss:-1.594 || Aad_Loss:-23.010 || 耗时：13.24s\n"}
,{"stream_name":"stdout","time":16396.473262136,"data":"轮次:··9/·20 || c_Loss:0.363 || e_Loss:-1.508 || Aad_Loss:-23.227 || 耗时：13.27s\n"}
,{"stream_name":"stdout","time":16409.758952893,"data":"轮次:·10/·20 || c_Loss:0.351 || e_Loss:-1.556 || Aad_Loss:-24.066 || 耗时：13.29s\n"}
,{"stream_name":"stdout","time":16415.864307468,"data":"任务: (B1)N15_M01_F10→(B3)N15_M07_F04; mix批次:····0; 批次:··940/·1880;  总正确率: 77.12%\n"}
,{"stream_name":"stdout","time":16415.86435038,"data":"类型1 正确率： 100.00% -\u003e 1  100.00%, 2    0.00%, 3    0.00%\n"}
,{"stream_name":"stdout","time":16415.864357655,"data":"类型2 正确率：  81.00% -\u003e 1    0.40%, 2   81.35%, 3   18.25%\n"}
,{"stream_name":"stdout","time":16415.864367305,"data":"类型3 正确率：  50.00% -\u003e 1    4.70%, 2   45.30%, 3   50.00%\n"}
,{"stream_name":"stdout","time":16415.8643731,"data":"\n"}
,{"stream_name":"stdout","time":16415.864380605,"data":"\n"}
,{"stream_name":"stdout","time":16415.912379092,"data":"样本变换：reverse\n"}
,{"stream_name":"stdout","time":16419.214173477,"data":"样本变换：mask\n"}
,{"stream_name":"stdout","time":16422.550414136,"data":"样本变换：shift\n"}
,{"stream_name":"stdout","time":16425.868218832,"data":"样本变换：none\n"}
,{"stream_name":"stderr","time":16431.223301223,"data":"/kaggle/working/k10/S09/sdalr_PU_final_checkpoint/tools.py:413: RuntimeWarning: invalid value encountered in divide\n"}
,{"stream_name":"stderr","time":16431.223341474,"data":"  per_class_acc = conf_matrix.diagonal() / conf_matrix.sum(axis=1) * 100\n"}
,{"stream_name":"stdout","time":16431.223458763,"data":"未过滤\t未用伪标签：77.12% -\u003e 使用伪标签：75.83%\n"}
,{"stream_name":"stdout","time":16431.223471867,"data":"已过滤\t未用伪标签：77.26% -\u003e 使用伪标签：76.42%\n"}
,{"stream_name":"stdout","time":16431.22348308,"data":"排除样本：46|6000\t剩余：2079, 2458, 1417\n"}
,{"stream_name":"stdout","time":16431.223486771,"data":"增添样本：1450\t\t细则：0, 450, 1000\t正确率估算：98.76%\n"}
,{"stream_name":"stdout","time":16431.223490323,"data":"类型1 正确率： 100.00% -\u003e 1  100.00%, 2    0.00%, 3    0.00%\n"}
,{"stream_name":"stdout","time":16431.223493569,"data":"类型2 正确率：  79.00% -\u003e 1    0.05%, 2   78.76%, 3   21.19%\n"}
,{"stream_name":"stdout","time":16431.22349662,"data":"类型3 正确率：  50.00% -\u003e 1    3.93%, 2   45.72%, 3   50.35%\n"}
,{"stream_name":"stdout","time":16431.223500061,"data":"\n"}
,{"stream_name":"stdout","time":16431.223503322,"data":"被排除样本 正确率：58.70%\n"}
,{"stream_name":"stdout","time":16431.223521457,"data":"类型1 没有样本或未被分类。\n"}
,{"stream_name":"stdout","time":16431.223527006,"data":"类型2 正确率：  84.00% -\u003e 1    0.00%, 2   84.38%, 3   15.62%\n"}
,{"stream_name":"stdout","time":16431.22353231,"data":"类型3 正确率：   0.00% -\u003e 1   78.57%, 2   21.43%, 3    0.00%\n"}
,{"stream_name":"stdout","time":16431.223537742,"data":"\n"}
,{"stream_name":"stdout","time":16431.223542498,"data":"\n"}
,{"stream_name":"stdout","time":16444.243992068,"data":"轮次:·11/·20 || c_Loss:0.426 || e_Loss:-1.439 || Aad_Loss:-23.977 || 耗时：34.48s\n"}
,{"stream_name":"stdout","time":16457.29653812,"data":"轮次:·12/·20 || c_Loss:0.472 || e_Loss:-1.576 || Aad_Loss:-24.395 || 耗时：13.05s\n"}
,{"stream_name":"stdout","time":16470.339672108,"data":"轮次:·13/·20 || c_Loss:0.383 || e_Loss:-1.633 || Aad_Loss:-23.914 || 耗时：13.04s\n"}
,{"stream_name":"stdout","time":16483.422314578,"data":"轮次:·14/·20 || c_Loss:0.370 || e_Loss:-1.600 || Aad_Loss:-24.094 || 耗时：13.08s\n"}
,{"stream_name":"stdout","time":16496.503071279,"data":"轮次:·15/·20 || c_Loss:0.401 || e_Loss:-1.666 || Aad_Loss:-24.573 || 耗时：13.08s\n"}
,{"stream_name":"stdout","time":16502.537925589,"data":"任务: (B1)N15_M01_F10→(B3)N15_M07_F04; mix批次:····0; 批次:·1410/·1880;  总正确率: 82.10%\n"}
,{"stream_name":"stdout","time":16502.53800894,"data":"类型1 正确率： 100.00% -\u003e 1  100.00%, 2    0.00%, 3    0.00%\n"}
,{"stream_name":"stdout","time":16502.538015437,"data":"类型2 正确率：  96.00% -\u003e 1    0.00%, 2   96.30%, 3    3.70%\n"}
,{"stream_name":"stdout","time":16502.538019179,"data":"类型3 正确率：  50.00% -\u003e 1    6.80%, 2   43.20%, 3   50.00%\n"}
,{"stream_name":"stdout","time":16502.538026375,"data":"\n"}
,{"stream_name":"stdout","time":16502.538029319,"data":"\n"}
,{"stream_name":"stdout","time":16502.582867242,"data":"样本变换：reverse\n"}
,{"stream_name":"stdout","time":16505.836157075,"data":"样本变换：mask\n"}
,{"stream_name":"stdout","time":16509.113139705,"data":"样本变换：shift\n"}
,{"stream_name":"stdout","time":16512.392114151,"data":"样本变换：none\n"}
,{"stream_name":"stderr","time":16517.443537227,"data":"/kaggle/working/k10/S09/sdalr_PU_final_checkpoint/tools.py:413: RuntimeWarning: invalid value encountered in divide\n"}
,{"stream_name":"stderr","time":16517.4435891,"data":"  per_class_acc = conf_matrix.diagonal() / conf_matrix.sum(axis=1) * 100\n"}
,{"stream_name":"stdout","time":16517.443618933,"data":"未过滤\t未用伪标签：82.10% -\u003e 使用伪标签：82.97%\n"}
,{"stream_name":"stdout","time":16517.443625848,"data":"已过滤\t未用伪标签：82.35% -\u003e 使用伪标签：83.22%\n"}
,{"stream_name":"stdout","time":16517.443630677,"data":"排除样本：18|6000\t剩余：2094, 2872, 1016\n"}
,{"stream_name":"stdout","time":16517.44363515,"data":"增添样本：1022\t\t细则：0, 22, 1000\t正确率估算：99.90%\n"}
,{"stream_name":"stdout","time":16517.443640237,"data":"类型1 正确率： 100.00% -\u003e 1  100.00%, 2    0.00%, 3    0.00%\n"}
,{"stream_name":"stdout","time":16517.443644949,"data":"类型2 正确率：  99.00% -\u003e 1    0.00%, 2   99.20%, 3    0.80%\n"}
,{"stream_name":"stdout","time":16517.443649675,"data":"类型3 正确率：  50.00% -\u003e 1    4.73%, 2   44.97%, 3   50.30%\n"}
,{"stream_name":"stdout","time":16517.443654346,"data":"\n"}
,{"stream_name":"stdout","time":16517.443658864,"data":"被排除样本 正确率：0.00%\n"}
,{"stream_name":"stdout","time":16517.44366402,"data":"类型1 没有样本或未被分类。\n"}
,{"stream_name":"stdout","time":16517.443668711,"data":"类型2 正确率：   0.00% -\u003e 1    0.00%, 2    0.00%, 3  100.00%\n"}
,{"stream_name":"stdout","time":16517.443673336,"data":"类型3 正确率：   0.00% -\u003e 1   91.67%, 2    8.33%, 3    0.00%\n"}
,{"stream_name":"stdout","time":16517.443678237,"data":"\n"}
,{"stream_name":"stdout","time":16517.443683177,"data":"\n"}
,{"stream_name":"stdout","time":16530.479279279,"data":"轮次:·16/·20 || c_Loss:0.503 || e_Loss:-1.536 || Aad_Loss:-25.557 || 耗时：33.98s\n"}
,{"stream_name":"stdout","time":16543.62158176,"data":"轮次:·17/·20 || c_Loss:0.425 || e_Loss:-1.624 || Aad_Loss:-24.063 || 耗时：13.14s\n"}
,{"stream_name":"stdout","time":16556.782531541,"data":"轮次:·18/·20 || c_Loss:0.374 || e_Loss:-1.669 || Aad_Loss:-24.490 || 耗时：13.16s\n"}
,{"stream_name":"stdout","time":16569.937192256,"data":"轮次:·19/·20 || c_Loss:0.410 || e_Loss:-1.622 || Aad_Loss:-25.917 || 耗时：13.15s\n"}
,{"stream_name":"stdout","time":16583.128758759,"data":"轮次:·20/·20 || c_Loss:0.367 || e_Loss:-1.713 || Aad_Loss:-27.710 || 耗时：13.19s\n"}
,{"stream_name":"stdout","time":16589.170060226,"data":"任务: (B1)N15_M01_F10→(B3)N15_M07_F04; mix批次:····0; 批次:·1880/·1880;  总正确率: 83.30%\n"}
,{"stream_name":"stdout","time":16589.170124624,"data":"类型1 正确率： 100.00% -\u003e 1  100.00%, 2    0.00%, 3    0.00%\n"}
,{"stream_name":"stdout","time":16589.170143972,"data":"类型2 正确率： 100.00% -\u003e 1    0.00%, 2   99.85%, 3    0.15%\n"}
,{"stream_name":"stdout","time":16589.170148022,"data":"类型3 正确率：  50.00% -\u003e 1    6.30%, 2   43.65%, 3   50.05%\n"}
,{"stream_name":"stdout","time":16589.170153174,"data":"\n"}
,{"stream_name":"stdout","time":16589.170160618,"data":"\n"}
,{"stream_name":"stdout","time":16595.18558465,"data":"测试集任务: (B1)N15_M01_F10→(B3)N15_M07_F04; 总正确率 = 83.30%\n"}
,{"stream_name":"stdout","time":16595.185623163,"data":"类型1 正确率： 100.00% -\u003e 1  100.00%, 2    0.00%, 3    0.00%\n"}
,{"stream_name":"stdout","time":16595.185629822,"data":"类型2 正确率： 100.00% -\u003e 1    0.00%, 2   99.85%, 3    0.15%\n"}
,{"stream_name":"stdout","time":16595.185635391,"data":"类型3 正确率：  50.00% -\u003e 1    6.30%, 2   43.65%, 3   50.05%\n"}
,{"stream_name":"stdout","time":16595.185640553,"data":"\n"}
,{"stream_name":"stdout","time":16595.185645205,"data":"\n"}
,{"stream_name":"stdout","time":16595.211575084,"data":"[tar_adaptation_RES_PU.py --folder_root /kaggle/working/k10/S09/sdalr_PU_final_checkpoint/DATA_foldS09c --seed 2024 --class_num 3 --data_name PU_M1_L3 --output /kaggle/working/k10/S09/weight_PU_M1_final_checkpoint_FS09toS09c_gateoracle_s2024 --s 0 --t 2 --lr 0.0005 --threshold 0.4 --K 0.6] 366s\n"}
,{"stream_name":"stdout","time":16595.250377958,"data":"读取源域路径：/kaggle/working/k10/S09/weight_PU_M1_final_checkpoint_FS09toS09c_gateoracle_s2024/NEW_PU/Source-源域/log\u0026pt/(B2)N15_M07_F10\n"}
,{"stream_name":"stdout","time":16595.250404728,"data":"excel输出位置：/kaggle/working/k10/S09/weight_PU_M1_final_checkpoint_FS09toS09c_gateoracle_s2024/NEW_PU/Target-目标域\n"}
,{"stream_name":"stdout","time":16595.250432043,"data":"特征图片输出位置：/kaggle/working/k10/S09/weight_PU_M1_final_checkpoint_FS09toS09c_gateoracle_s2024/NEW_PU/Picture-特征图/2026年09月19日12时51分/(B2)N15_M07_F10\n"}
,{"stream_name":"stderr","time":16595.286167363,"data":"/usr/local/lib/python3.12/dist-packages/torch/nn/utils/weight_norm.py:144: FutureWarning: `torch.nn.utils.weight_norm` is deprecated in favor of `torch.nn.utils.parametrizations.weight_norm`.\n"}
,{"stream_name":"stderr","time":16595.286197624,"data":"  WeightNorm.apply(module, name, dim)\n"}
,{"stream_name":"stdout","time":16595.324799164,"data":"现在选取:(B2)N15_M07_F10 进行训练的源模型\n"}
,{"stream_name":"stdout","time":16595.324829797,"data":"现在进行：(B2)N15_M07_F10→(B1)N15_M01_F10 的迁移任务\n"}
,{"stream_name":"stdout","time":16595.324836185,"data":"log\u0026pt输出位置：/kaggle/working/k10/S09/weight_PU_M1_final_checkpoint_FS09toS09c_gateoracle_s2024/NEW_PU/Target-目标域/log\u0026pt/(B2)N15_M07_F10→(B1)N15_M01_F10\n"}
,{"stream_name":"stderr","time":16595.326418316,"data":"sh: 1: Syntax error: word unexpected (expecting \")\")\n"}
,{"stream_name":"stdout","time":16606.366323183,"data":"任务: (B2)N15_M07_F10→(B1)N15_M01_F10; 批次:····0/·1880;  总正确率: 60.43%\n"}
,{"stream_name":"stdout","time":16606.366364971,"data":"类型1 正确率： 100.00% -\u003e 1  100.00%, 2    0.00%, 3    0.00%\n"}
,{"stream_name":"stdout","time":16606.366374761,"data":"类型2 正确率：  66.00% -\u003e 1    0.10%, 2   65.95%, 3   33.95%\n"}
,{"stream_name":"stdout","time":16606.366378297,"data":"类型3 正确率：  15.00% -\u003e 1    0.00%, 2   84.65%, 3   15.35%\n"}
,{"stream_name":"stdout","time":16606.366381547,"data":"\n"}
,{"stream_name":"stdout","time":16606.366384661,"data":"\n"}
,{"stream_name":"stdout","time":16606.366931356,"data":"样本变换：reverse\n"}
,{"stream_name":"stdout","time":16609.598202758,"data":"样本变换：mask\n"}
,{"stream_name":"stdout","time":16612.871002295,"data":"样本变换：shift\n"}
,{"stream_name":"stdout","time":16616.16119256,"data":"样本变换：none\n"}
,{"stream_name":"stdout","time":16621.582303781,"data":"未过滤\t未用伪标签：60.43% -\u003e 使用伪标签：60.58%\n"}
,{"stream_name":"stdout","time":16621.582345104,"data":"已过滤\t未用伪标签：60.57% -\u003e 使用伪标签：60.81%\n"}
,{"stream_name":"stdout","time":16621.5823542,"data":"排除样本：22|6000\t剩余：1996, 1712, 2270\n"}
,{"stream_name":"stdout","time":16621.582357668,"data":"增添样本：2353\t\t细则：0, 1312, 1041\t正确率估算：60.59%\n"}
,{"stream_name":"stdout","time":16621.582361256,"data":"类型1 正确率： 100.00% -\u003e 1  100.00%, 2    0.00%, 3    0.00%\n"}
,{"stream_name":"stdout","time":16621.582364508,"data":"类型2 正确率：  34.00% -\u003e 1    0.00%, 2   34.22%, 3   65.78%\n"}
,{"stream_name":"stdout","time":16621.582367584,"data":"类型3 正确率：  48.00% -\u003e 1    0.00%, 2   51.84%, 3   48.16%\n"}
,{"stream_name":"stdout","time":16621.582370609,"data":"\n"}
,{"stream_name":"stdout","time":16621.582373569,"data":"被排除样本 正确率：22.73%\n"}
,{"stream_name":"stdout","time":16621.58237653,"data":"类型1 正确率： 100.00% -\u003e 1  100.00%, 2    0.00%, 3    0.00%\n"}
,{"stream_name":"stdout","time":16621.582379571,"data":"类型2 正确率： 100.00% -\u003e 1    0.00%, 2  100.00%, 3    0.00%\n"}
,{"stream_name":"stdout","time":16621.582382554,"data":"类型3 正确率：   0.00% -\u003e 1    0.00%, 2  100.00%, 3    0.00%\n"}
,{"stream_name":"stdout","time":16621.582385675,"data":"\n"}
,{"stream_name":"stdout","time":16621.582388506,"data":"\n"}
,{"stream_name":"stdout","time":16634.801002555,"data":"轮次:··1/·20 || c_Loss:0.508 || e_Loss:-1.230 || Aad_Loss:-23.259 || 耗时：34.38s\n"}
,{"stream_name":"stdout","time":16648.052215197,"data":"轮次:··2/·20 || c_Loss:0.411 || e_Loss:-1.350 || Aad_Loss:-25.227 || 耗时：13.25s\n"}
,{"stream_name":"stdout","time":16661.214391319,"data":"轮次:··3/·20 || c_Loss:0.354 || e_Loss:-1.228 || Aad_Loss:-21.394 || 耗时：13.16s\n"}
,{"stream_name":"stdout","time":16674.33192426,"data":"轮次:··4/·20 || c_Loss:0.333 || e_Loss:-1.601 || Aad_Loss:-20.914 || 耗时：13.12s\n"}
,{"stream_name":"stdout","time":16687.511971255,"data":"轮次:··5/·20 || c_Loss:0.315 || e_Loss:-1.346 || Aad_Loss:-23.861 || 耗时：13.18s\n"}
,{"stream_name":"stdout","time":16693.572128161,"data":"任务: (B2)N15_M07_F10→(B1)N15_M01_F10; mix批次:····0; 批次:··470/·1880;  总正确率: 64.93%\n"}
,{"stream_name":"stdout","time":16693.572182874,"data":"类型1 正确率： 100.00% -\u003e 1  100.00%, 2    0.00%, 3    0.00%\n"}
,{"stream_name":"stdout","time":16693.572189607,"data":"类型2 正确率：  45.00% -\u003e 1    3.75%, 2   44.80%, 3   51.45%\n"}
,{"stream_name":"stdout","time":16693.572200575,"data":"类型3 正确率：  50.00% -\u003e 1    0.00%, 2   50.00%, 3   50.00%\n"}
,{"stream_name":"stdout","time":16693.572205417,"data":"\n"}
,{"stream_name":"stdout","time":16693.572210359,"data":"\n"}
,{"stream_name":"stdout","time":16693.605482093,"data":"样本变换：reverse\n"}
,{"stream_name":"stdout","time":16696.910161192,"data":"样本变换：mask\n"}
,{"stream_name":"stdout","time":16700.232176001,"data":"样本变换：shift\n"}
,{"stream_name":"stdout","time":16703.549174615,"data":"样本变换：none\n"}
,{"stream_name":"stderr","time":16709.028776594,"data":"/kaggle/working/k10/S09/sdalr_PU_final_checkpoint/tools.py:413: RuntimeWarning: invalid value encountered in divide\n"}
,{"stream_name":"stderr","time":16709.028856767,"data":"  per_class_acc = conf_matrix.diagonal() / conf_matrix.sum(axis=1) * 100\n"}
,{"stream_name":"stdout","time":16709.028928333,"data":"未过滤\t未用伪标签：64.93% -\u003e 使用伪标签：64.08%\n"}
,{"stream_name":"stdout","time":16709.028939481,"data":"已过滤\t未用伪标签：65.55% -\u003e 使用伪标签：64.84%\n"}
,{"stream_name":"stdout","time":16709.028944542,"data":"排除样本：70|6000\t剩余：2286, 1845, 1799\n"}
,{"stream_name":"stdout","time":16709.028948566,"data":"增添样本：2155\t\t细则：0, 1155, 1000\t正确率估算：99.30%\n"}
,{"stream_name":"stdout","time":16709.028977671,"data":"类型1 正确率： 100.00% -\u003e 1  100.00%, 2    0.00%, 3    0.00%\n"}
,{"stream_name":"stdout","time":16709.028983093,"data":"类型2 正确率：  44.00% -\u003e 1   14.82%, 2   43.78%, 3   41.40%\n"}
,{"stream_name":"stdout","time":16709.028986891,"data":"类型3 正确率：  50.00% -\u003e 1    0.00%, 2   50.00%, 3   50.00%\n"}
,{"stream_name":"stdout","time":16709.028994458,"data":"\n"}
,{"stream_name":"stdout","time":16709.028999765,"data":"被排除样本 正确率：12.86%\n"}
,{"stream_name":"stdout","time":16709.029006732,"data":"类型1 正确率：  13.00% -\u003e 1   12.86%, 2   87.14%\n"}
,{"stream_name":"stdout","time":16709.029009769,"data":"类型2 没有样本或未被分类。\n"}
,{"stream_name":"stdout","time":16709.029012249,"data":"\n"}
,{"stream_name":"stdout","time":16709.029015718,"data":"\n"}
,{"stream_name":"stdout","time":16722.046411602,"data":"轮次:··6/·20 || c_Loss:0.337 || e_Loss:-1.618 || Aad_Loss:-23.546 || 耗时：34.53s\n"}
,{"stream_name":"stdout","time":16735.223551733,"data":"轮次:··7/·20 || c_Loss:0.327 || e_Loss:-1.547 || Aad_Loss:-28.634 || 耗时：13.18s\n"}
,{"stream_name":"stdout","time":16748.472764091,"data":"轮次:··8/·20 || c_Loss:0.405 || e_Loss:-1.561 || Aad_Loss:-23.322 || 耗时：13.25s\n"}
,{"stream_name":"stdout","time":16761.741980496,"data":"轮次:··9/·20 || c_Loss:0.354 || e_Loss:-1.518 || Aad_Loss:-22.788 || 耗时：13.27s\n"}
,{"stream_name":"stdout","time":16775.06340867,"data":"轮次:·10/·20 || c_Loss:0.364 || e_Loss:-1.516 || Aad_Loss:-21.216 || 耗时：13.32s\n"}
,{"stream_name":"stdout","time":16781.182280594,"data":"任务: (B2)N15_M07_F10→(B1)N15_M01_F10; mix批次:····0; 批次:··940/·1880;  总正确率: 72.87%\n"}
,{"stream_name":"stdout","time":16781.182314292,"data":"类型1 正确率： 100.00% -\u003e 1  100.00%, 2    0.00%, 3    0.00%\n"}
,{"stream_name":"stdout","time":16781.182319734,"data":"类型2 正确率：  69.00% -\u003e 1    2.50%, 2   68.60%, 3   28.90%\n"}
,{"stream_name":"stdout","time":16781.182323401,"data":"类型3 正确率：  50.00% -\u003e 1    0.00%, 2   50.00%, 3   50.00%\n"}
,{"stream_name":"stdout","time":16781.182326711,"data":"\n"}
,{"stream_name":"stdout","time":16781.182329807,"data":"\n"}
,{"stream_name":"stdout","time":16781.228944451,"data":"样本变换：reverse\n"}
,{"stream_name":"stdout","time":16784.544116354,"data":"样本变换：mask\n"}
,{"stream_name":"stdout","time":16787.880153687,"data":"样本变换：shift\n"}
,{"stream_name":"stdout","time":16791.228127641,"data":"样本变换：none\n"}
,{"stream_name":"stderr","time":16796.667014093,"data":"/kaggle/working/k10/S09/sdalr_PU_final_checkpoint/tools.py:413: RuntimeWarning: invalid value encountered in divide\n"}
,{"stream_name":"stderr","time":16796.667057831,"data":"  per_class_acc = conf_matrix.diagonal() / conf_matrix.sum(axis=1) * 100\n"}
,{"stream_name":"stdout","time":16796.667056895,"data":"未过滤\t未用伪标签：72.87% -\u003e 使用伪标签：72.45%\n"}
,{"stream_name":"stdout","time":16796.667072885,"data":"已过滤\t未用伪标签：72.93% -\u003e 使用伪标签：72.68%\n"}
,{"stream_name":"stdout","time":16796.667124961,"data":"排除样本：19|6000\t剩余：2016, 2347, 1618\n"}
,{"stream_name":"stdout","time":16796.667130732,"data":"增添样本：1653\t\t细则：0, 653, 1000\t正确率估算：97.28%\n"}
,{"stream_name":"stdout","time":16796.667136485,"data":"类型1 正确率： 100.00% -\u003e 1  100.00%, 2    0.00%, 3    0.00%\n"}
,{"stream_name":"stdout","time":16796.667145484,"data":"类型2 正确率：  68.00% -\u003e 1    0.81%, 2   68.00%, 3   31.20%\n"}
,{"stream_name":"stdout","time":16796.667148109,"data":"类型3 正确率：  50.00% -\u003e 1    0.00%, 2   50.00%, 3   50.00%\n"}
,{"stream_name":"stdout","time":16796.667150493,"data":"\n"}
,{"stream_name":"stdout","time":16796.667152643,"data":"被排除样本 正确率：52.63%\n"}
,{"stream_name":"stdout","time":16796.667155116,"data":"类型1 没有样本或未被分类。\n"}
,{"stream_name":"stdout","time":16796.667157419,"data":"类型2 正确率：  53.00% -\u003e 1   10.53%, 2   52.63%, 3   36.84%\n"}
,{"stream_name":"stdout","time":16796.667159731,"data":"类型3 没有样本或未被分类。\n"}
,{"stream_name":"stdout","time":16796.667162023,"data":"\n"}
,{"stream_name":"stdout","time":16796.668229458,"data":"\n"}
,{"stream_name":"stdout","time":16809.799542906,"data":"轮次:·11/·20 || c_Loss:0.378 || e_Loss:-1.645 || Aad_Loss:-25.605 || 耗时：34.74s\n"}
,{"stream_name":"stdout","time":16822.998520995,"data":"轮次:·12/·20 || c_Loss:0.412 || e_Loss:-1.534 || Aad_Loss:-24.912 || 耗时：13.20s\n"}
,{"stream_name":"stdout","time":16836.175918269,"data":"轮次:·13/·20 || c_Loss:0.392 || e_Loss:-1.649 || Aad_Loss:-23.588 || 耗时：13.18s\n"}
,{"stream_name":"stdout","time":16849.368167762,"data":"轮次:·14/·20 || c_Loss:0.362 || e_Loss:-1.606 || Aad_Loss:-26.336 || 耗时：13.19s\n"}
,{"stream_name":"stdout","time":16862.607987962,"data":"轮次:·15/·20 || c_Loss:0.409 || e_Loss:-1.651 || Aad_Loss:-22.179 || 耗时：13.24s\n"}
,{"stream_name":"stdout","time":16868.683614639,"data":"任务: (B2)N15_M07_F10→(B1)N15_M01_F10; mix批次:····0; 批次:·1410/·1880;  总正确率: 78.88%\n"}
,{"stream_name":"stdout","time":16868.683673988,"data":"类型1 正确率： 100.00% -\u003e 1  100.00%, 2    0.00%, 3    0.00%\n"}
,{"stream_name":"stdout","time":16868.683682602,"data":"类型2 正确率：  87.00% -\u003e 1    0.05%, 2   86.65%, 3   13.30%\n"}
,{"stream_name":"stdout","time":16868.683688091,"data":"类型3 正确率：  50.00% -\u003e 1    0.00%, 2   50.00%, 3   50.00%\n"}
,{"stream_name":"stdout","time":16868.683693777,"data":"\n"}
,{"stream_name":"stdout","time":16868.683698221,"data":"\n"}
,{"stream_name":"stdout","time":16868.72923679,"data":"样本变换：reverse\n"}
,{"stream_name":"stdout","time":16872.040136209,"data":"样本变换：mask\n"}
,{"stream_name":"stdout","time":16875.385144514,"data":"样本变换：shift\n"}
,{"stream_name":"stdout","time":16878.711151777,"data":"样本变换：none\n"}
,{"stream_name":"stdout","time":16884.215980278,"data":"未过滤\t未用伪标签：78.88% -\u003e 使用伪标签：78.78%\n"}
,{"stream_name":"stdout","time":16884.216025261,"data":"已过滤\t未用伪标签：78.96% -\u003e 使用伪标签：79.01%\n"}
,{"stream_name":"stdout","time":16884.216030049,"data":"排除样本：17|6000\t剩余：2000, 2727, 1256\n"}
,{"stream_name":"stdout","time":16884.216034502,"data":"增添样本：1273\t\t细则：0, 273, 1000\t正确率估算：99.69%\n"}
,{"stream_name":"stderr","time":16884.21604115,"data":"/kaggle/working/k10/S09/sdalr_PU_final_checkpoint/tools.py:413: RuntimeWarning: invalid value encountered in divide\n"}
,{"stream_name":"stderr","time":16884.216119766,"data":"  per_class_acc = conf_matrix.diagonal() / conf_matrix.sum(axis=1) * 100\n"}
,{"stream_name":"stdout","time":16884.216051954,"data":"类型1 正确率： 100.00% -\u003e 1  100.00%, 2    0.00%, 3    0.00%\n"}
,{"stream_name":"stdout","time":16884.216150748,"data":"类型2 正确率：  87.00% -\u003e 1    0.00%, 2   87.09%, 3   12.91%\n"}
,{"stream_name":"stdout","time":16884.216158823,"data":"类型3 正确率：  50.00% -\u003e 1    0.00%, 2   50.00%, 3   50.00%\n"}
,{"stream_name":"stdout","time":16884.216162512,"data":"\n"}
,{"stream_name":"stdout","time":16884.216166009,"data":"被排除样本 正确率：52.94%\n"}
,{"stream_name":"stdout","time":16884.216174294,"data":"类型1 正确率：  53.00% -\u003e 1   52.94%, 2   47.06%\n"}
,{"stream_name":"stdout","time":16884.216177506,"data":"类型2 没有样本或未被分类。\n"}
,{"stream_name":"stdout","time":16884.216179875,"data":"\n"}
,{"stream_name":"stdout","time":16884.216182068,"data":"\n"}
,{"stream_name":"stdout","time":16897.356724725,"data":"轮次:·16/·20 || c_Loss:0.415 || e_Loss:-1.657 || Aad_Loss:-22.822 || 耗时：34.75s\n"}
,{"stream_name":"stdout","time":16910.622610408,"data":"轮次:·17/·20 || c_Loss:0.393 || e_Loss:-1.645 || Aad_Loss:-24.473 || 耗时：13.27s\n"}
,{"stream_name":"stdout","time":16923.897440734,"data":"轮次:·18/·20 || c_Loss:0.395 || e_Loss:-1.587 || Aad_Loss:-28.014 || 耗时：13.27s\n"}
,{"stream_name":"stdout","time":16937.136210933,"data":"轮次:·19/·20 || c_Loss:0.379 || e_Loss:-1.683 || Aad_Loss:-24.900 || 耗时：13.24s\n"}
,{"stream_name":"stdout","time":16950.379200136,"data":"轮次:·20/·20 || c_Loss:0.444 || e_Loss:-1.657 || Aad_Loss:-23.924 || 耗时：13.24s\n"}
,{"stream_name":"stdout","time":16956.485864159,"data":"任务: (B2)N15_M07_F10→(B1)N15_M01_F10; mix批次:····0; 批次:·1880/·1880;  总正确率: 82.72%\n"}
,{"stream_name":"stdout","time":16956.485906455,"data":"类型1 正确率： 100.00% -\u003e 1  100.00%, 2    0.00%, 3    0.00%\n"}
,{"stream_name":"stdout","time":16956.485912571,"data":"类型2 正确率：  98.00% -\u003e 1    0.25%, 2   98.15%, 3    1.60%\n"}
,{"stream_name":"stdout","time":16956.485917139,"data":"类型3 正确率：  50.00% -\u003e 1    0.10%, 2   49.90%, 3   50.00%\n"}
,{"stream_name":"stdout","time":16956.485922033,"data":"\n"}
,{"stream_name":"stdout","time":16956.485929746,"data":"\n"}
,{"stream_name":"stdout","time":16962.556711225,"data":"测试集任务: (B2)N15_M07_F10→(B1)N15_M01_F10; 总正确率 = 82.72%\n"}
,{"stream_name":"stdout","time":16962.556753583,"data":"类型1 正确率： 100.00% -\u003e 1  100.00%, 2    0.00%, 3    0.00%\n"}
,{"stream_name":"stdout","time":16962.556758911,"data":"类型2 正确率：  98.00% -\u003e 1    0.25%, 2   98.15%, 3    1.60%\n"}
,{"stream_name":"stdout","time":16962.556762121,"data":"类型3 正确率：  50.00% -\u003e 1    0.10%, 2   49.90%, 3   50.00%\n"}
,{"stream_name":"stdout","time":16962.556765323,"data":"\n"}
,{"stream_name":"stdout","time":16962.556768487,"data":"\n"}
,{"stream_name":"stdout","time":16962.582059908,"data":"[tar_adaptation_RES_PU.py --folder_root /kaggle/working/k10/S09/sdalr_PU_final_checkpoint/DATA_foldS09c --seed 2024 --class_num 3 --data_name PU_M1_L3 --output /kaggle/working/k10/S09/weight_PU_M1_final_checkpoint_FS09toS09c_gateoracle_s2024 --s 1 --t 0 --lr 0.0005 --threshold 0.4 --K 0.6] 367s\n"}
,{"stream_name":"stdout","time":16962.618492296,"data":"读取源域路径：/kaggle/working/k10/S09/weight_PU_M1_final_checkpoint_FS09toS09c_gateoracle_s2024/NEW_PU/Source-源域/log\u0026pt/(B2)N15_M07_F10\n"}
,{"stream_name":"stdout","time":16962.618538597,"data":"excel输出位置：/kaggle/working/k10/S09/weight_PU_M1_final_checkpoint_FS09toS09c_gateoracle_s2024/NEW_PU/Target-目标域\n"}
,{"stream_name":"stdout","time":16962.618562539,"data":"特征图片输出位置：/kaggle/working/k10/S09/weight_PU_M1_final_checkpoint_FS09toS09c_gateoracle_s2024/NEW_PU/Picture-特征图/2026年09月19日12时57分/(B2)N15_M07_F10\n"}
,{"stream_name":"stderr","time":16962.652833153,"data":"/usr/local/lib/python3.12/dist-packages/torch/nn/utils/weight_norm.py:144: FutureWarning: `torch.nn.utils.weight_norm` is deprecated in favor of `torch.nn.utils.parametrizations.weight_norm`.\n"}
,{"stream_name":"stderr","time":16962.652867763,"data":"  WeightNorm.apply(module, name, dim)\n"}
,{"stream_name":"stdout","time":16962.69346397,"data":"现在选取:(B2)N15_M07_F10 进行训练的源模型\n"}
,{"stream_name":"stdout","time":16962.693502925,"data":"现在进行：(B2)N15_M07_F10→(B3)N15_M07_F04 的迁移任务\n"}
,{"stream_name":"stdout","time":16962.693508873,"data":"log\u0026pt输出位置：/kaggle/working/k10/S09/weight_PU_M1_final_checkpoint_FS09toS09c_gateoracle_s2024/NEW_PU/Target-目标域/log\u0026pt/(B2)N15_M07_F10→(B3)N15_M07_F04\n"}
,{"stream_name":"stderr","time":16962.694888799,"data":"sh: 1: Syntax error: word unexpected (expecting \")\")\n"}
,{"stream_name":"stdout","time":16973.742268301,"data":"任务: (B2)N15_M07_F10→(B3)N15_M07_F04; 批次:····0/·1880;  总正确率: 65.13%\n"}
,{"stream_name":"stdout","time":16973.742312647,"data":"类型1 正确率： 100.00% -\u003e 1  100.00%, 2    0.00%, 3    0.00%\n"}
,{"stream_name":"stdout","time":16973.742320074,"data":"类型2 正确率：  47.00% -\u003e 1    0.05%, 2   47.20%, 3   52.75%\n"}
,{"stream_name":"stdout","time":16973.742324884,"data":"类型3 正确率：  48.00% -\u003e 1    6.30%, 2   45.50%, 3   48.20%\n"}
,{"stream_name":"stdout","time":16973.742330612,"data":"\n"}
,{"stream_name":"stdout","time":16973.74235118,"data":"\n"}
,{"stream_name":"stdout","time":16973.742934991,"data":"样本变换：reverse\n"}
,{"stream_name":"stdout","time":16977.005348418,"data":"样本变换：mask\n"}
,{"stream_name":"stdout","time":16980.324563675,"data":"样本变换：shift\n"}
,{"stream_name":"stdout","time":16983.655147451,"data":"样本变换：none\n"}
,{"stream_name":"stdout","time":16989.13307609,"data":"未过滤\t未用伪标签：65.13% -\u003e 使用伪标签：61.37%\n"}
,{"stream_name":"stdout","time":16989.133131501,"data":"已过滤\t未用伪标签：65.45% -\u003e 使用伪标签：61.73%\n"}
,{"stream_name":"stdout","time":16989.133137164,"data":"排除样本：35|6000\t剩余：2025, 1626, 2314\n"}
,{"stream_name":"stdout","time":16989.133140813,"data":"增添样本：2315\t\t细则：0, 1316, 999\t正确率估算：97.62%\n"}
,{"stream_name":"stdout","time":16989.133144236,"data":"类型1 正确率： 100.00% -\u003e 1  100.00%, 2    0.00%, 3    0.00%\n"}
,{"stream_name":"stdout","time":16989.133147345,"data":"类型2 正确率：  34.00% -\u003e 1    0.00%, 2   34.20%, 3   65.80%\n"}
,{"stream_name":"stdout","time":16989.133150329,"data":"类型3 正确率：  51.00% -\u003e 1    1.32%, 2   47.89%, 3   50.79%\n"}
,{"stream_name":"stdout","time":16989.133153406,"data":"\n"}
,{"stream_name":"stdout","time":16989.133156262,"data":"被排除样本 正确率：11.43%\n"}
,{"stream_name":"stdout","time":16989.133159192,"data":"类型1 正确率： 100.00% -\u003e 1  100.00%, 2    0.00%, 3    0.00%\n"}
,{"stream_name":"stdout","time":16989.133162195,"data":"类型2 正确率： 100.00% -\u003e 1    0.00%, 2  100.00%, 3    0.00%\n"}
,{"stream_name":"stdout","time":16989.133165353,"data":"类型3 正确率：   0.00% -\u003e 1   93.55%, 2    6.45%, 3    0.00%\n"}
,{"stream_name":"stdout","time":16989.133168342,"data":"\n"}
,{"stream_name":"stdout","time":16989.133185095,"data":"\n"}
,{"stream_name":"stdout","time":17002.360468954,"data":"轮次:··1/·20 || c_Loss:0.514 || e_Loss:-1.254 || Aad_Loss:-18.292 || 耗时：34.57s\n"}
,{"stream_name":"stdout","time":17015.567002833,"data":"轮次:··2/·20 || c_Loss:0.412 || e_Loss:-1.177 || Aad_Loss:-25.792 || 耗时：13.21s\n"}
,{"stream_name":"stdout","time":17028.70839647,"data":"轮次:··3/·20 || c_Loss:0.361 || e_Loss:-1.308 || Aad_Loss:-20.231 || 耗时：13.14s\n"}
,{"stream_name":"stdout","time":17041.756177367,"data":"轮次:··4/·20 || c_Loss:0.328 || e_Loss:-1.227 || Aad_Loss:-22.128 || 耗时：13.05s\n"}
,{"stream_name":"stdout","time":17054.892139359,"data":"轮次:··5/·20 || c_Loss:0.315 || e_Loss:-1.283 || Aad_Loss:-26.431 || 耗时：13.14s\n"}
,{"stream_name":"stdout","time":17060.925032166,"data":"任务: (B2)N15_M07_F10→(B3)N15_M07_F04; mix批次:····0; 批次:··470/·1880;  总正确率: 64.90%\n"}
,{"stream_name":"stdout","time":17060.925067009,"data":"类型1 正确率： 100.00% -\u003e 1  100.00%, 2    0.00%, 3    0.00%\n"}
,{"stream_name":"stdout","time":17060.925073011,"data":"类型2 正确率：  45.00% -\u003e 1    0.00%, 2   44.70%, 3   55.30%\n"}
,{"stream_name":"stdout","time":17060.925093124,"data":"类型3 正确率：  50.00% -\u003e 1    3.75%, 2   46.25%, 3   50.00%\n"}
,{"stream_name":"stdout","time":17060.925098211,"data":"\n"}
,{"stream_name":"stdout","time":17060.925102598,"data":"\n"}
,{"stream_name":"stdout","time":17060.957562661,"data":"样本变换：reverse\n"}
,{"stream_name":"stdout","time":17064.243182925,"data":"样本变换：mask\n"}
,{"stream_name":"stdout","time":17067.558256692,"data":"样本变换：shift\n"}
,{"stream_name":"stdout","time":17070.854517994,"data":"样本变换：none\n"}
,{"stream_name":"stderr","time":17076.291540964,"data":"/kaggle/working/k10/S09/sdalr_PU_final_checkpoint/tools.py:413: RuntimeWarning: invalid value encountered in divide\n"}
,{"stream_name":"stderr","time":17076.291586394,"data":"  per_class_acc = conf_matrix.diagonal() / conf_matrix.sum(axis=1) * 100\n"}
,{"stream_name":"stdout","time":17076.291816833,"data":"未过滤\t未用伪标签：64.90% -\u003e 使用伪标签：61.50%\n"}
,{"stream_name":"stdout","time":17076.291829359,"data":"已过滤\t未用伪标签：65.14% -\u003e 使用伪标签：61.87%\n"}
,{"stream_name":"stdout","time":17076.291835615,"data":"排除样本：36|6000\t剩余：2092, 1576, 2296\n"}
,{"stream_name":"stdout","time":17076.291841324,"data":"增添样本：2310\t\t细则：0, 1310, 1000\t正确率估算：99.88%\n"}
,{"stream_name":"stdout","time":17076.291846904,"data":"类型1 正确率： 100.00% -\u003e 1  100.00%, 2    0.00%, 3    0.00%\n"}
,{"stream_name":"stdout","time":17076.291852296,"data":"类型2 正确率：  35.00% -\u003e 1    0.20%, 2   34.67%, 3   65.13%\n"}
,{"stream_name":"stdout","time":17076.291856856,"data":"类型3 正确率：  51.00% -\u003e 1    4.46%, 2   44.88%, 3   50.66%\n"}
,{"stream_name":"stdout","time":17076.291861338,"data":"\n"}
,{"stream_name":"stdout","time":17076.291865561,"data":"被排除样本 正确率：25.00%\n"}
,{"stream_name":"stdout","time":17076.291869846,"data":"类型1 没有样本或未被分类。\n"}
,{"stream_name":"stdout","time":17076.291874279,"data":"类型2 正确率：  90.00% -\u003e 1    0.00%, 2   90.00%, 3   10.00%\n"}
,{"stream_name":"stdout","time":17076.291878637,"data":"类型3 正确率：   0.00% -\u003e 1    7.69%, 2   92.31%, 3    0.00%\n"}
,{"stream_name":"stdout","time":17076.291883037,"data":"\n"}
,{"stream_name":"stdout","time":17076.291887057,"data":"\n"}
,{"stream_name":"stdout","time":17089.306254577,"data":"轮次:··6/·20 || c_Loss:0.344 || e_Loss:-1.463 || Aad_Loss:-18.733 || 耗时：34.41s\n"}
,{"stream_name":"stdout","time":17102.468545684,"data":"轮次:··7/·20 || c_Loss:0.317 || e_Loss:-1.439 || Aad_Loss:-22.114 || 耗时：13.16s\n"}
,{"stream_name":"stdout","time":17115.676167254,"data":"轮次:··8/·20 || c_Loss:0.370 || e_Loss:-1.531 || Aad_Loss:-19.579 || 耗时：13.21s\n"}
,{"stream_name":"stdout","time":17128.891343348,"data":"轮次:··9/·20 || c_Loss:0.315 || e_Loss:-1.619 || Aad_Loss:-22.739 || 耗时：13.22s\n"}
,{"stream_name":"stdout","time":17142.184749817,"data":"轮次:·10/·20 || c_Loss:0.322 || e_Loss:-1.557 || Aad_Loss:-23.320 || 耗时：13.29s\n"}
,{"stream_name":"stdout","time":17148.285970313,"data":"任务: (B2)N15_M07_F10→(B3)N15_M07_F04; mix批次:····0; 批次:··940/·1880;  总正确率: 66.43%\n"}
,{"stream_name":"stdout","time":17148.286013433,"data":"类型1 正确率： 100.00% -\u003e 1  100.00%, 2    0.00%, 3    0.00%\n"}
,{"stream_name":"stdout","time":17148.286020093,"data":"类型2 正确率：  49.00% -\u003e 1    0.30%, 2   49.30%, 3   50.40%\n"}
,{"stream_name":"stdout","time":17148.286024054,"data":"类型3 正确率：  50.00% -\u003e 1    4.10%, 2   45.90%, 3   50.00%\n"}
,{"stream_name":"stdout","time":17148.286027767,"data":"\n"}
,{"stream_name":"stdout","time":17148.286031126,"data":"\n"}
,{"stream_name":"stdout","time":17148.337219048,"data":"样本变换：reverse\n"}
,{"stream_name":"stdout","time":17151.633190492,"data":"样本变换：mask\n"}
,{"stream_name":"stdout","time":17154.957151862,"data":"样本变换：shift\n"}
,{"stream_name":"stdout","time":17158.262223971,"data":"样本变换：none\n"}
,{"stream_name":"stderr","time":17163.765922272,"data":"/kaggle/working/k10/S09/sdalr_PU_final_checkpoint/tools.py:413: RuntimeWarning: invalid value encountered in divide\n"}
,{"stream_name":"stderr","time":17163.765964465,"data":"  per_class_acc = conf_matrix.diagonal() / conf_matrix.sum(axis=1) * 100\n"}
,{"stream_name":"stdout","time":17163.766027148,"data":"未过滤\t未用伪标签：66.43% -\u003e 使用伪标签：63.40%\n"}
,{"stream_name":"stdout","time":17163.766051421,"data":"已过滤\t未用伪标签：67.04% -\u003e 使用伪标签：64.14%\n"}
,{"stream_name":"stdout","time":17163.766057391,"data":"排除样本：69|6000\t剩余：2111, 1692, 2128\n"}
,{"stream_name":"stdout","time":17163.766062154,"data":"增添样本：2196\t\t细则：0, 1196, 1000\t正确率估算：99.28%\n"}
,{"stream_name":"stdout","time":17163.766093199,"data":"类型1 正确率： 100.00% -\u003e 1  100.00%, 2    0.00%, 3    0.00%\n"}
,{"stream_name":"stdout","time":17163.766101327,"data":"类型2 正确率：  41.00% -\u003e 1    1.38%, 2   41.04%, 3   57.58%\n"}
,{"stream_name":"stdout","time":17163.766106762,"data":"类型3 正确率：  51.00% -\u003e 1    4.26%, 2   45.03%, 3   50.71%\n"}
,{"stream_name":"stdout","time":17163.766111824,"data":"\n"}
,{"stream_name":"stdout","time":17163.766116695,"data":"被排除样本 正确率：14.49%\n"}
,{"stream_name":"stdout","time":17163.766122149,"data":"类型1 没有样本或未被分类。\n"}
,{"stream_name":"stdout","time":17163.766126886,"data":"类型2 正确率：  24.00% -\u003e 1    4.88%, 2   24.39%, 3   70.73%\n"}
,{"stream_name":"stdout","time":17163.766131738,"data":"类型3 正确率：   0.00% -\u003e 1   39.29%, 2   60.71%, 3    0.00%\n"}
,{"stream_name":"stdout","time":17163.76613619,"data":"\n"}
,{"stream_name":"stdout","time":17163.766140287,"data":"\n"}
,{"stream_name":"stdout","time":17176.846835078,"data":"轮次:·11/·20 || c_Loss:0.319 || e_Loss:-1.621 || Aad_Loss:-23.198 || 耗时：34.66s\n"}
,{"stream_name":"stdout","time":17190.032459876,"data":"轮次:·12/·20 || c_Loss:0.340 || e_Loss:-1.638 || Aad_Loss:-21.769 || 耗时：13.19s\n"}
,{"stream_name":"stdout","time":17203.231148375,"data":"轮次:·13/·20 || c_Loss:0.344 || e_Loss:-1.650 || Aad_Loss:-21.242 || 耗时：13.20s\n"}
,{"stream_name":"stdout","time":17216.399673727,"data":"轮次:·14/·20 || c_Loss:0.381 || e_Loss:-1.642 || Aad_Loss:-19.014 || 耗时：13.17s\n"}
,{"stream_name":"stdout","time":17229.623381345,"data":"轮次:·15/·20 || c_Loss:0.387 || e_Loss:-1.577 || Aad_Loss:-19.262 || 耗时：13.22s\n"}
,{"stream_name":"stdout","time":17235.683020298,"data":"任务: (B2)N15_M07_F10→(B3)N15_M07_F04; mix批次:····0; 批次:·1410/·1880;  总正确率: 76.18%\n"}
,{"stream_name":"stdout","time":17235.683071656,"data":"类型1 正确率： 100.00% -\u003e 1  100.00%, 2    0.00%, 3    0.00%\n"}
,{"stream_name":"stdout","time":17235.68309463,"data":"类型2 正确率：  79.00% -\u003e 1    0.60%, 2   78.55%, 3   20.85%\n"}
,{"stream_name":"stdout","time":17235.683100099,"data":"类型3 正确率：  50.00% -\u003e 1    5.35%, 2   44.65%, 3   50.00%\n"}
,{"stream_name":"stdout","time":17235.683106328,"data":"\n"}
,{"stream_name":"stdout","time":17235.683111246,"data":"\n"}
,{"stream_name":"stdout","time":17235.726112895,"data":"样本变换：reverse\n"}
,{"stream_name":"stdout","time":17239.00215101,"data":"样本变换：mask\n"}
,{"stream_name":"stdout","time":17242.337362249,"data":"样本变换：shift\n"}
,{"stream_name":"stdout","time":17245.638138703,"data":"样本变换：none\n"}
,{"stream_name":"stdout","time":17251.150165295,"data":"未过滤\t未用伪标签：76.18% -\u003e 使用伪标签：73.33%\n"}
,{"stream_name":"stdout","time":17251.150197517,"data":"已过滤\t未用伪标签：76.55% -\u003e 使用伪标签：74.12%\n"}
,{"stream_name":"stdout","time":17251.150204711,"data":"排除样本：64|6000\t剩余：2096, 2275, 1565\n"}
,{"stream_name":"stdout","time":17251.150209647,"data":"增添样本：1600\t\t细则：0, 600, 1000\t正确率估算：99.06%\n"}
,{"stream_name":"stdout","time":17251.150214532,"data":"类型1 正确率： 100.00% -\u003e 1  100.00%, 2    0.00%, 3    0.00%\n"}
,{"stream_name":"stdout","time":17251.150219123,"data":"类型2 正确率：  71.00% -\u003e 1    0.00%, 2   71.25%, 3   28.75%\n"}
,{"stream_name":"stdout","time":17251.150223594,"data":"类型3 正确率：  51.00% -\u003e 1    4.87%, 2   44.39%, 3   50.74%\n"}
,{"stream_name":"stdout","time":17251.15022834,"data":"\n"}
,{"stream_name":"stdout","time":17251.150232475,"data":"被排除样本 正确率：42.19%\n"}
,{"stream_name":"stdout","time":17251.150236852,"data":"类型1 没有样本或未被分类。\n"}
,{"stream_name":"stdout","time":17251.150241151,"data":"类型2 正确率：  77.00% -\u003e 1   11.43%, 2   77.14%, 3   11.43%\n"}
,{"stream_name":"stdout","time":17251.15024566,"data":"类型3 正确率：   0.00% -\u003e 1   58.62%, 2   41.38%, 3    0.00%\n"}
,{"stream_name":"stdout","time":17251.150250079,"data":"\n"}
,{"stream_name":"stdout","time":17251.150254204,"data":"\n"}
,{"stream_name":"stderr","time":17251.150176747,"data":"/kaggle/working/k10/S09/sdalr_PU_final_checkpoint/tools.py:413: RuntimeWarning: invalid value encountered in divide\n"}
,{"stream_name":"stderr","time":17251.150266974,"data":"  per_class_acc = conf_matrix.diagonal() / conf_matrix.sum(axis=1) * 100\n"}
,{"stream_name":"stdout","time":17264.224109577,"data":"轮次:·16/·20 || c_Loss:0.340 || e_Loss:-1.585 || Aad_Loss:-23.824 || 耗时：34.60s\n"}
,{"stream_name":"stdout","time":17277.391834879,"data":"轮次:·17/·20 || c_Loss:0.351 || e_Loss:-1.628 || Aad_Loss:-23.947 || 耗时：13.17s\n"}
,{"stream_name":"stdout","time":17290.619211245,"data":"轮次:·18/·20 || c_Loss:0.373 || e_Loss:-1.609 || Aad_Loss:-23.881 || 耗时：13.23s\n"}
,{"stream_name":"stdout","time":17303.86316781,"data":"轮次:·19/·20 || c_Loss:0.348 || e_Loss:-1.640 || Aad_Loss:-24.889 || 耗时：13.24s\n"}
,{"stream_name":"stdout","time":17317.116786419,"data":"轮次:·20/·20 || c_Loss:0.390 || e_Loss:-1.619 || Aad_Loss:-21.953 || 耗时：13.25s\n"}
,{"stream_name":"stdout","time":17323.17709505,"data":"任务: (B2)N15_M07_F10→(B3)N15_M07_F04; mix批次:····0; 批次:·1880/·1880;  总正确率: 81.47%\n"}
,{"stream_name":"stdout","time":17323.177152374,"data":"类型1 正确率： 100.00% -\u003e 1  100.00%, 2    0.00%, 3    0.00%\n"}
,{"stream_name":"stdout","time":17323.1771652,"data":"类型2 正确率：  94.00% -\u003e 1    0.00%, 2   94.40%, 3    5.60%\n"}
,{"stream_name":"stdout","time":17323.177170857,"data":"类型3 正确率：  50.00% -\u003e 1    6.30%, 2   43.70%, 3   50.00%\n"}
,{"stream_name":"stdout","time":17323.177175823,"data":"\n"}
,{"stream_name":"stdout","time":17323.177180624,"data":"\n"}
,{"stream_name":"stdout","time":17329.216019385,"data":"测试集任务: (B2)N15_M07_F10→(B3)N15_M07_F04; 总正确率 = 81.47%\n"}
,{"stream_name":"stdout","time":17329.216053723,"data":"类型1 正确率： 100.00% -\u003e 1  100.00%, 2    0.00%, 3    0.00%\n"}
,{"stream_name":"stdout","time":17329.216060118,"data":"类型2 正确率：  94.00% -\u003e 1    0.00%, 2   94.40%, 3    5.60%\n"}
,{"stream_name":"stdout","time":17329.216064928,"data":"类型3 正确率：  50.00% -\u003e 1    6.30%, 2   43.70%, 3   50.00%\n"}
,{"stream_name":"stdout","time":17329.216069611,"data":"\n"}
,{"stream_name":"stdout","time":17329.216073902,"data":"\n"}
,{"stream_name":"stdout","time":17329.26284052,"data":"[tar_adaptation_RES_PU.py --folder_root /kaggle/working/k10/S09/sdalr_PU_final_checkpoint/DATA_foldS09c --seed 2024 --class_num 3 --data_name PU_M1_L3 --output /kaggle/working/k10/S09/weight_PU_M1_final_checkpoint_FS09toS09c_gateoracle_s2024 --s 1 --t 2 --lr 0.0005 --threshold 0.4 --K 0.6] 367s\n"}
,{"stream_name":"stdout","time":17329.299731593,"data":"读取源域路径：/kaggle/working/k10/S09/weight_PU_M1_final_checkpoint_FS09toS09c_gateoracle_s2024/NEW_PU/Source-源域/log\u0026pt/(B3)N15_M07_F04\n"}
,{"stream_name":"stdout","time":17329.299764086,"data":"excel输出位置：/kaggle/working/k10/S09/weight_PU_M1_final_checkpoint_FS09toS09c_gateoracle_s2024/NEW_PU/Target-目标域\n"}
,{"stream_name":"stdout","time":17329.299878844,"data":"特征图片输出位置：/kaggle/working/k10/S09/weight_PU_M1_final_checkpoint_FS09toS09c_gateoracle_s2024/NEW_PU/Picture-特征图/2026年09月19日13时03分/(B3)N15_M07_F04\n"}
,{"stream_name":"stderr","time":17329.33468069,"data":"/usr/local/lib/python3.12/dist-packages/torch/nn/utils/weight_norm.py:144: FutureWarning: `torch.nn.utils.weight_norm` is deprecated in favor of `torch.nn.utils.parametrizations.weight_norm`.\n"}
,{"stream_name":"stderr","time":17329.33472351,"data":"  WeightNorm.apply(module, name, dim)\n"}
,{"stream_name":"stdout","time":17329.373787994,"data":"现在选取:(B3)N15_M07_F04 进行训练的源模型\n"}
,{"stream_name":"stdout","time":17329.373819604,"data":"现在进行：(B3)N15_M07_F04→(B1)N15_M01_F10 的迁移任务\n"}
,{"stream_name":"stdout","time":17329.373826412,"data":"log\u0026pt输出位置：/kaggle/working/k10/S09/weight_PU_M1_final_checkpoint_FS09toS09c_gateoracle_s2024/NEW_PU/Target-目标域/log\u0026pt/(B3)N15_M07_F04→(B1)N15_M01_F10\n"}
,{"stream_name":"stderr","time":17329.375106221,"data":"sh: 1: Syntax error: word unexpected (expecting \")\")\n"}
,{"stream_name":"stdout","time":17340.448165231,"data":"任务: (B3)N15_M07_F04→(B1)N15_M01_F10; 批次:····0/·1880;  总正确率: 62.67%\n"}
,{"stream_name":"stdout","time":17340.448201171,"data":"类型1 正确率：  99.00% -\u003e 1   98.95%, 2    1.05%, 3    0.00%\n"}
,{"stream_name":"stdout","time":17340.448232901,"data":"类型2 正确率：  89.00% -\u003e 1    0.00%, 2   89.05%, 3   10.95%\n"}
,{"stream_name":"stdout","time":17340.448237545,"data":"类型3 正确率：   0.00% -\u003e 1    0.00%, 2  100.00%, 3    0.00%\n"}
,{"stream_name":"stdout","time":17340.448241713,"data":"\n"}
,{"stream_name":"stdout","time":17340.448245608,"data":"\n"}
,{"stream_name":"stdout","time":17340.448747596,"data":"样本变换：reverse\n"}
,{"stream_name":"stdout","time":17343.740158713,"data":"样本变换：mask\n"}
,{"stream_name":"stdout","time":17347.068209817,"data":"样本变换：shift\n"}
,{"stream_name":"stdout","time":17350.379150316,"data":"样本变换：none\n"}
,{"stream_name":"stderr","time":17355.339895947,"data":"/usr/local/lib/python3.12/dist-packages/sklearn/metrics/_classification.py:407: UserWarning: A single label was found in 'y_true' and 'y_pred'. For the confusion matrix to have the correct shape, use the 'labels' parameter to pass all known labels.\n"}
,{"stream_name":"stderr","time":17355.339945432,"data":"  warnings.warn(\n"}
,{"stream_name":"stdout","time":17355.340179893,"data":"未过滤\t未用伪标签：62.67% -\u003e 使用伪标签：54.52%\n"}
,{"stream_name":"stdout","time":17355.340195132,"data":"已过滤\t未用伪标签：62.14% -\u003e 使用伪标签：55.29%\n"}
,{"stream_name":"stdout","time":17355.340201594,"data":"排除样本：84|6000\t剩余：1998, 3275, 643\n"}
,{"stream_name":"stdout","time":17355.340207449,"data":"增添样本：725\t\t细则：0, 725\t正确率估算：100.00%\n"}
,{"stream_name":"stdout","time":17355.340212646,"data":"类型1 正确率： 100.00% -\u003e 1   99.90%, 2    0.10%, 3    0.00%\n"}
,{"stream_name":"stdout","time":17355.340217582,"data":"类型2 正确率：  66.00% -\u003e 1    0.00%, 2   66.44%, 3   33.56%\n"}
,{"stream_name":"stdout","time":17355.340235785,"data":"类型3 正确率：   0.00% -\u003e 1    0.00%, 2  100.00%, 3    0.00%\n"}
,{"stream_name":"stdout","time":17355.340240287,"data":"\n"}
,{"stream_name":"stdout","time":17355.340244408,"data":"被排除样本 正确率：100.00%\n"}
,{"stream_name":"stdout","time":17355.340248842,"data":"类型1 正确率： 100.00% -\u003e 1  100.00%\n"}
,{"stream_name":"stdout","time":17355.340257691,"data":"\n"}
,{"stream_name":"stdout","time":17355.340260854,"data":"\n"}
,{"stream_name":"stdout","time":17368.564504686,"data":"轮次:··1/·20 || c_Loss:0.458 || e_Loss:-1.201 || Aad_Loss:-25.725 || 耗时：34.07s\n"}
,{"stream_name":"stdout","time":17381.772621991,"data":"轮次:··2/·20 || c_Loss:0.448 || e_Loss:-1.346 || Aad_Loss:-28.009 || 耗时：13.21s\n"}
,{"stream_name":"stdout","time":17394.873308406,"data":"轮次:··3/·20 || c_Loss:0.467 || e_Loss:-1.405 || Aad_Loss:-26.768 || 耗时：13.10s\n"}
,{"stream_name":"stdout","time":17407.83733212,"data":"轮次:··4/·20 || c_Loss:0.476 || e_Loss:-1.354 || Aad_Loss:-26.531 || 耗时：12.96s\n"}
,{"stream_name":"stdout","time":17420.791744042,"data":"轮次:··5/·20 || c_Loss:0.401 || e_Loss:-1.387 || Aad_Loss:-26.349 || 耗时：12.95s\n"}
,{"stream_name":"stdout","time":17426.821227393,"data":"任务: (B3)N15_M07_F04→(B1)N15_M01_F10; mix批次:····0; 批次:··470/·1880;  总正确率: 63.82%\n"}
,{"stream_name":"stdout","time":17426.821269227,"data":"类型1 正确率： 100.00% -\u003e 1  100.00%, 2    0.00%, 3    0.00%\n"}
,{"stream_name":"stdout","time":17426.821287788,"data":"类型2 正确率：  91.00% -\u003e 1    0.00%, 2   90.95%, 3    9.05%\n"}
,{"stream_name":"stdout","time":17426.821293566,"data":"类型3 正确率：   0.00% -\u003e 1   10.65%, 2   88.85%, 3    0.50%\n"}
,{"stream_name":"stdout","time":17426.821317297,"data":"\n"}
,{"stream_name":"stdout","time":17426.821320817,"data":"\n"}
,{"stream_name":"stdout","time":17426.855521625,"data":"样本变换：reverse\n"}
,{"stream_name":"stdout","time":17430.133225866,"data":"样本变换：mask\n"}
,{"stream_name":"stdout","time":17433.460242384,"data":"样本变换：shift\n"}
,{"stream_name":"stdout","time":17436.768159401,"data":"样本变换：none\n"}
,{"stream_name":"stderr","time":17441.866358974,"data":"/kaggle/working/k10/S09/sdalr_PU_final_checkpoint/tools.py:413: RuntimeWarning: invalid value encountered in divide\n"}
,{"stream_name":"stderr","time":17441.866390912,"data":"  per_class_acc = conf_matrix.diagonal() / conf_matrix.sum(axis=1) * 100\n"}
,{"stream_name":"stdout","time":17441.866418541,"data":"未过滤\t未用伪标签：63.82% -\u003e 使用伪标签：81.17%\n"}
,{"stream_name":"stdout","time":17441.866425549,"data":"已过滤\t未用伪标签：64.10% -\u003e 使用伪标签：81.62%\n"}
,{"stream_name":"stdout","time":17441.86643021,"data":"排除样本：33|6000\t剩余：2034, 3059, 874\n"}
,{"stream_name":"stdout","time":17441.866435326,"data":"增添样本：1130\t\t细则：0, 4, 1126\t正确率估算：1.48%\n"}
,{"stream_name":"stdout","time":17441.866439785,"data":"类型1 正确率： 100.00% -\u003e 1  100.00%, 2    0.00%, 3    0.00%\n"}
,{"stream_name":"stdout","time":17441.866444394,"data":"类型2 正确率： 100.00% -\u003e 1    0.00%, 2  100.00%, 3    0.00%\n"}
,{"stream_name":"stdout","time":17441.866448969,"data":"类型3 正确率：  44.00% -\u003e 1    1.73%, 2   53.93%, 3   44.34%\n"}
,{"stream_name":"stdout","time":17441.866453182,"data":"\n"}
,{"stream_name":"stdout","time":17441.866457446,"data":"被排除样本 正确率：12.12%\n"}
,{"stream_name":"stdout","time":17441.866461738,"data":"类型1 没有样本或未被分类。\n"}
,{"stream_name":"stdout","time":17441.866466279,"data":"类型2 正确率： 100.00% -\u003e 1    0.00%, 2  100.00%, 3    0.00%\n"}
,{"stream_name":"stdout","time":17441.866471095,"data":"类型3 正确率：   0.00% -\u003e 1   58.62%, 2   41.38%, 3    0.00%\n"}
,{"stream_name":"stdout","time":17441.866475565,"data":"\n"}
,{"stream_name":"stdout","time":17441.866480134,"data":"\n"}
,{"stream_name":"stdout","time":17454.993860083,"data":"轮次:··6/·20 || c_Loss:0.669 || e_Loss:-1.358 || Aad_Loss:-22.230 || 耗时：34.20s\n"}
,{"stream_name":"stdout","time":17468.187560277,"data":"轮次:··7/·20 || c_Loss:0.633 || e_Loss:-1.349 || Aad_Loss:-22.393 || 耗时：13.19s\n"}
,{"stream_name":"stdout","time":17481.3233071,"data":"轮次:··8/·20 || c_Loss:0.652 || e_Loss:-1.308 || Aad_Loss:-18.445 || 耗时：13.14s\n"}
,{"stream_name":"stdout","time":17494.505825968,"data":"轮次:··9/·20 || c_Loss:0.607 || e_Loss:-1.368 || Aad_Loss:-20.837 || 耗时：13.18s\n"}
,{"stream_name":"stdout","time":17507.603911766,"data":"轮次:·10/·20 || c_Loss:0.475 || e_Loss:-1.367 || Aad_Loss:-27.001 || 耗时：13.10s\n"}
,{"stream_name":"stdout","time":17513.65923318,"data":"任务: (B3)N15_M07_F04→(B1)N15_M01_F10; mix批次:····0; 批次:··940/·1880;  总正确率: 76.20%\n"}
,{"stream_name":"stdout","time":17513.65926523,"data":"类型1 正确率： 100.00% -\u003e 1  100.00%, 2    0.00%, 3    0.00%\n"}
,{"stream_name":"stdout","time":17513.659272356,"data":"类型2 正确率：  76.00% -\u003e 1    0.00%, 2   76.25%, 3   23.75%\n"}
,{"stream_name":"stdout","time":17513.659277745,"data":"类型3 正确率：  52.00% -\u003e 1    0.00%, 2   47.65%, 3   52.35%\n"}
,{"stream_name":"stdout","time":17513.659283069,"data":"\n"}
,{"stream_name":"stdout","time":17513.659287839,"data":"\n"}
,{"stream_name":"stdout","time":17513.703999827,"data":"样本变换：reverse\n"}
,{"stream_name":"stdout","time":17516.981308399,"data":"样本变换：mask\n"}
,{"stream_name":"stdout","time":17520.291736905,"data":"样本变换：shift\n"}
,{"stream_name":"stdout","time":17523.598184267,"data":"样本变换：none\n"}
,{"stream_name":"stdout","time":17528.764164094,"data":"未过滤\t未用伪标签：76.20% -\u003e 使用伪标签：79.52%\n"}
,{"stream_name":"stdout","time":17528.764212408,"data":"已过滤\t未用伪标签：76.74% -\u003e 使用伪标签：80.13%\n"}
,{"stream_name":"stdout","time":17528.764219202,"data":"排除样本：46|6000\t剩余：2000, 2734, 1220\n"}
,{"stream_name":"stdout","time":17528.764224179,"data":"增添样本：1229\t\t细则：0, 246, 983\t正确率估算：97.23%\n"}
,{"stream_name":"stdout","time":17528.764228621,"data":"类型1 正确率： 100.00% -\u003e 1  100.00%, 2    0.00%, 3    0.00%\n"}
,{"stream_name":"stdout","time":17528.764232336,"data":"类型2 正确率：  90.00% -\u003e 1    0.00%, 2   89.63%, 3   10.37%\n"}
,{"stream_name":"stdout","time":17528.764235872,"data":"类型3 正确率：  51.00% -\u003e 1    0.00%, 2   49.07%, 3   50.93%\n"}
,{"stream_name":"stdout","time":17528.764239346,"data":"\n"}
,{"stream_name":"stdout","time":17528.764242594,"data":"被排除样本 正确率：6.52%\n"}
,{"stream_name":"stdout","time":17528.764246008,"data":"类型1 正确率：   0.00% -\u003e 1    0.00%, 2  100.00%\n"}
,{"stream_name":"stdout","time":17528.764249688,"data":"类型2 正确率： 100.00% -\u003e 1    0.00%, 2  100.00%\n"}
,{"stream_name":"stdout","time":17528.764258227,"data":"\n"}
,{"stream_name":"stdout","time":17528.764261092,"data":"\n"}
,{"stream_name":"stdout","time":17541.784514839,"data":"轮次:·11/·20 || c_Loss:0.489 || e_Loss:-1.466 || Aad_Loss:-21.448 || 耗时：34.18s\n"}
,{"stream_name":"stdout","time":17554.930317341,"data":"轮次:·12/·20 || c_Loss:0.467 || e_Loss:-1.429 || Aad_Loss:-25.627 || 耗时：13.15s\n"}
,{"stream_name":"stdout","time":17568.069145417,"data":"轮次:·13/·20 || c_Loss:0.423 || e_Loss:-1.504 || Aad_Loss:-20.499 || 耗时：13.14s\n"}
,{"stream_name":"stdout","time":17581.252400224,"data":"轮次:·14/·20 || c_Loss:0.411 || e_Loss:-1.365 || Aad_Loss:-23.771 || 耗时：13.18s\n"}
,{"stream_name":"stdout","time":17594.423864652,"data":"轮次:·15/·20 || c_Loss:0.393 || e_Loss:-1.526 || Aad_Loss:-22.695 || 耗时：13.17s\n"}
,{"stream_name":"stdout","time":17600.444017763,"data":"任务: (B3)N15_M07_F04→(B1)N15_M01_F10; mix批次:····0; 批次:·1410/·1880;  总正确率: 75.58%\n"}
,{"stream_name":"stdout","time":17600.444051367,"data":"类型1 正确率： 100.00% -\u003e 1  100.00%, 2    0.00%, 3    0.00%\n"}
,{"stream_name":"stdout","time":17600.444057747,"data":"类型2 正确率：  72.00% -\u003e 1    0.00%, 2   72.35%, 3   27.65%\n"}
,{"stream_name":"stdout","time":17600.444063417,"data":"类型3 正确率：  54.00% -\u003e 1    0.00%, 2   45.60%, 3   54.40%\n"}
,{"stream_name":"stdout","time":17600.444068841,"data":"\n"}
,{"stream_name":"stdout","time":17600.444073614,"data":"\n"}
,{"stream_name":"stdout","time":17600.485840056,"data":"样本变换：reverse\n"}
,{"stream_name":"stdout","time":17603.763208025,"data":"样本变换：mask\n"}
,{"stream_name":"stdout","time":17607.050309688,"data":"样本变换：shift\n"}
,{"stream_name":"stdout","time":17610.344578629,"data":"样本变换：none\n"}
,{"stream_name":"stdout","time":17615.463254781,"data":"未过滤\t未用伪标签：75.58% -\u003e 使用伪标签：81.70%\n"}
,{"stream_name":"stdout","time":17615.463302114,"data":"已过滤\t未用伪标签：75.79% -\u003e 使用伪标签：81.95%\n"}
,{"stream_name":"stdout","time":17615.463321048,"data":"排除样本：18|6000\t剩余：2000, 2883, 1099\n"}
,{"stream_name":"stdout","time":17615.463324463,"data":"增添样本：1098\t\t细则：0, 107, 991\t正确率估算：97.18%\n"}
,{"stream_name":"stdout","time":17615.463327893,"data":"类型1 正确率： 100.00% -\u003e 1  100.00%, 2    0.00%, 3    0.00%\n"}
,{"stream_name":"stdout","time":17615.463330849,"data":"类型2 正确率：  95.00% -\u003e 1    0.00%, 2   95.46%, 3    4.54%\n"}
,{"stream_name":"stdout","time":17615.46333356,"data":"类型3 正确率：  50.00% -\u003e 1    0.00%, 2   49.52%, 3   50.48%\n"}
,{"stream_name":"stdout","time":17615.463336428,"data":"\n"}
,{"stream_name":"stdout","time":17615.463339074,"data":"被排除样本 正确率：5.56%\n"}
,{"stream_name":"stdout","time":17615.463341692,"data":"类型1 正确率：   0.00% -\u003e 1    0.00%, 2  100.00%\n"}
,{"stream_name":"stdout","time":17615.463344472,"data":"类型2 正确率： 100.00% -\u003e 1    0.00%, 2  100.00%\n"}
,{"stream_name":"stdout","time":17615.463347215,"data":"\n"}
,{"stream_name":"stdout","time":17615.463349714,"data":"\n"}
,{"stream_name":"stdout","time":17628.531803241,"data":"轮次:·16/·20 || c_Loss:0.433 || e_Loss:-1.467 || Aad_Loss:-28.987 || 耗时：34.11s\n"}
,{"stream_name":"stdout","time":17641.698581985,"data":"轮次:·17/·20 || c_Loss:0.394 || e_Loss:-1.490 || Aad_Loss:-24.767 || 耗时：13.17s\n"}
,{"stream_name":"stdout","time":17654.922661725,"data":"轮次:·18/·20 || c_Loss:0.388 || e_Loss:-1.586 || Aad_Loss:-27.986 || 耗时：13.22s\n"}
,{"stream_name":"stdout","time":17668.098743552,"data":"轮次:·19/·20 || c_Loss:0.381 || e_Loss:-1.620 || Aad_Loss:-27.624 || 耗时：13.18s\n"}
,{"stream_name":"stdout","time":17681.270037253,"data":"轮次:·20/·20 || c_Loss:0.423 || e_Loss:-1.640 || Aad_Loss:-24.001 || 耗时：13.17s\n"}
,{"stream_name":"stdout","time":17687.310988105,"data":"任务: (B3)N15_M07_F04→(B1)N15_M01_F10; mix批次:····0; 批次:·1880/·1880;  总正确率: 80.12%\n"}
,{"stream_name":"stdout","time":17687.311054093,"data":"类型1 正确率： 100.00% -\u003e 1  100.00%, 2    0.00%, 3    0.00%\n"}
,{"stream_name":"stdout","time":17687.311062186,"data":"类型2 正确率：  85.00% -\u003e 1    0.05%, 2   84.75%, 3   15.20%\n"}
,{"stream_name":"stdout","time":17687.311066907,"data":"类型3 正确率：  56.00% -\u003e 1    0.05%, 2   44.35%, 3   55.60%\n"}
,{"stream_name":"stdout","time":17687.311071837,"data":"\n"}
,{"stream_name":"stdout","time":17687.311088454,"data":"\n"}
,{"stream_name":"stdout","time":17693.341298879,"data":"测试集任务: (B3)N15_M07_F04→(B1)N15_M01_F10; 总正确率 = 80.12%\n"}
,{"stream_name":"stdout","time":17693.341345666,"data":"类型1 正确率： 100.00% -\u003e 1  100.00%, 2    0.00%, 3    0.00%\n"}
,{"stream_name":"stdout","time":17693.341352697,"data":"类型2 正确率：  85.00% -\u003e 1    0.05%, 2   84.75%, 3   15.20%\n"}
,{"stream_name":"stdout","time":17693.34135807,"data":"类型3 正确率：  56.00% -\u003e 1    0.05%, 2   44.35%, 3   55.60%\n"}
,{"stream_name":"stdout","time":17693.342285791,"data":"\n"}
,{"stream_name":"stdout","time":17693.342301129,"data":"\n"}
,{"stream_name":"stdout","time":17693.370569558,"data":"[tar_adaptation_RES_PU.py --folder_root /kaggle/working/k10/S09/sdalr_PU_final_checkpoint/DATA_foldS09c --seed 2024 --class_num 3 --data_name PU_M1_L3 --output /kaggle/working/k10/S09/weight_PU_M1_final_checkpoint_FS09toS09c_gateoracle_s2024 --s 2 --t 0 --lr 0.0005 --threshold 0.4 --K 0.6] 364s\n"}
,{"stream_name":"stdout","time":17693.409136273,"data":"读取源域路径：/kaggle/working/k10/S09/weight_PU_M1_final_checkpoint_FS09toS09c_gateoracle_s2024/NEW_PU/Source-源域/log\u0026pt/(B3)N15_M07_F04\n"}
,{"stream_name":"stdout","time":17693.409178664,"data":"excel输出位置：/kaggle/working/k10/S09/weight_PU_M1_final_checkpoint_FS09toS09c_gateoracle_s2024/NEW_PU/Target-目标域\n"}
,{"stream_name":"stdout","time":17693.410193044,"data":"特征图片输出位置：/kaggle/working/k10/S09/weight_PU_M1_final_checkpoint_FS09toS09c_gateoracle_s2024/NEW_PU/Picture-特征图/2026年09月19日13时09分/(B3)N15_M07_F04\n"}
,{"stream_name":"stderr","time":17693.445831797,"data":"/usr/local/lib/python3.12/dist-packages/torch/nn/utils/weight_norm.py:144: FutureWarning: `torch.nn.utils.weight_norm` is deprecated in favor of `torch.nn.utils.parametrizations.weight_norm`.\n"}
,{"stream_name":"stderr","time":17693.445863425,"data":"  WeightNorm.apply(module, name, dim)\n"}
,{"stream_name":"stdout","time":17693.485435834,"data":"现在选取:(B3)N15_M07_F04 进行训练的源模型\n"}
,{"stream_name":"stdout","time":17693.485473711,"data":"现在进行：(B3)N15_M07_F04→(B2)N15_M07_F10 的迁移任务\n"}
,{"stream_name":"stdout","time":17693.485478184,"data":"log\u0026pt输出位置：/kaggle/working/k10/S09/weight_PU_M1_final_checkpoint_FS09toS09c_gateoracle_s2024/NEW_PU/Target-目标域/log\u0026pt/(B3)N15_M07_F04→(B2)N15_M07_F10\n"}
,{"stream_name":"stderr","time":17693.486773778,"data":"sh: 1: Syntax error: word unexpected (expecting \")\")\n"}
,{"stream_name":"stdout","time":17704.487388589,"data":"任务: (B3)N15_M07_F04→(B2)N15_M07_F10; 批次:····0/·1880;  总正确率: 64.23%\n"}
,{"stream_name":"stdout","time":17704.487428224,"data":"类型1 正确率：  97.00% -\u003e 1   97.30%, 2    2.70%, 3    0.00%\n"}
,{"stream_name":"stdout","time":17704.487433849,"data":"类型2 正确率：  95.00% -\u003e 1    0.10%, 2   95.40%, 3    4.50%\n"}
,{"stream_name":"stdout","time":17704.487437125,"data":"类型3 正确率：   0.00% -\u003e 1    0.00%, 2  100.00%, 3    0.00%\n"}
,{"stream_name":"stdout","time":17704.487439669,"data":"\n"}
,{"stream_name":"stdout","time":17704.487441848,"data":"\n"}
,{"stream_name":"stdout","time":17704.488102838,"data":"样本变换：reverse\n"}
,{"stream_name":"stdout","time":17707.780150565,"data":"样本变换：mask\n"}
,{"stream_name":"stdout","time":17711.087929948,"data":"样本变换：shift\n"}
,{"stream_name":"stdout","time":17714.391124334,"data":"样本变换：none\n"}
,{"stream_name":"stdout","time":17719.339552331,"data":"未过滤\t未用伪标签：64.23% -\u003e 使用伪标签：54.92%\n"}
,{"stream_name":"stdout","time":17719.339593414,"data":"已过滤\t未用伪标签：63.65% -\u003e 使用伪标签：55.89%\n"}
,{"stream_name":"stdout","time":17719.339598324,"data":"排除样本：104|6000\t剩余：1995, 3309, 592\n"}
,{"stream_name":"stdout","time":17719.339601895,"data":"增添样本：689\t\t细则：0, 689\t正确率估算：100.00%\n"}
,{"stream_name":"stdout","time":17719.339605453,"data":"类型1 正确率： 100.00% -\u003e 1   99.70%, 2    0.30%, 3    0.00%\n"}
,{"stream_name":"stdout","time":17719.339608619,"data":"类型2 正确率：  69.00% -\u003e 1    0.16%, 2   68.65%, 3   31.19%\n"}
,{"stream_name":"stdout","time":17719.339611716,"data":"类型3 正确率：   0.00% -\u003e 1    0.00%, 2  100.00%, 3    0.00%\n"}
,{"stream_name":"stdout","time":17719.339614736,"data":"\n"}
,{"stream_name":"stdout","time":17719.339617559,"data":"被排除样本 正确率：97.12%\n"}
,{"stream_name":"stdout","time":17719.339620606,"data":"类型1 正确率：   0.00% -\u003e 1    0.00%, 2  100.00%\n"}
,{"stream_name":"stdout","time":17719.339623649,"data":"类型2 正确率：  99.00% -\u003e 1    0.98%, 2   99.02%\n"}
,{"stream_name":"stdout","time":17719.339626749,"data":"\n"}
,{"stream_name":"stdout","time":17719.339629633,"data":"\n"}
,{"stream_name":"stdout","time":17732.560429346,"data":"轮次:··1/·20 || c_Loss:0.432 || e_Loss:-1.283 || Aad_Loss:-24.037 || 耗时：34.01s\n"}
,{"stream_name":"stdout","time":17745.845097289,"data":"轮次:··2/·20 || c_Loss:0.449 || e_Loss:-1.349 || Aad_Loss:-26.533 || 耗时：13.28s\n"}
,{"stream_name":"stdout","time":17759.111547551,"data":"轮次:··3/·20 || c_Loss:0.471 || e_Loss:-1.409 || Aad_Loss:-25.781 || 耗时：13.27s\n"}
,{"stream_name":"stdout","time":17772.302961475,"data":"轮次:··4/·20 || c_Loss:0.422 || e_Loss:-1.405 || Aad_Loss:-27.676 || 耗时：13.19s\n"}
,{"stream_name":"stdout","time":17785.393471674,"data":"轮次:··5/·20 || c_Loss:0.415 || e_Loss:-1.357 || Aad_Loss:-26.340 || 耗时：13.09s\n"}
,{"stream_name":"stdout","time":17791.434502621,"data":"任务: (B3)N15_M07_F04→(B2)N15_M07_F10; mix批次:····0; 批次:··470/·1880;  总正确率: 66.10%\n"}
,{"stream_name":"stdout","time":17791.434561111,"data":"类型1 正确率： 100.00% -\u003e 1  100.00%, 2    0.00%, 3    0.00%\n"}
,{"stream_name":"stdout","time":17791.434569326,"data":"类型2 正确率：  97.00% -\u003e 1    0.05%, 2   97.45%, 3    2.50%\n"}
,{"stream_name":"stdout","time":17791.434574975,"data":"类型3 正确率：   1.00% -\u003e 1    0.85%, 2   98.30%, 3    0.85%\n"}
,{"stream_name":"stdout","time":17791.434580543,"data":"\n"}
,{"stream_name":"stdout","time":17791.434584964,"data":"\n"}
,{"stream_name":"stdout","time":17791.466789709,"data":"样本变换：reverse\n"}
,{"stream_name":"stdout","time":17794.751166288,"data":"样本变换：mask\n"}
,{"stream_name":"stdout","time":17798.077592401,"data":"样本变换：shift\n"}
,{"stream_name":"stdout","time":17801.374232853,"data":"样本变换：none\n"}
,{"stream_name":"stderr","time":17806.422462698,"data":"/kaggle/working/k10/S09/sdalr_PU_final_checkpoint/tools.py:413: RuntimeWarning: invalid value encountered in divide\n"}
,{"stream_name":"stderr","time":17806.422503596,"data":"  per_class_acc = conf_matrix.diagonal() / conf_matrix.sum(axis=1) * 100\n"}
,{"stream_name":"stdout","time":17806.422784259,"data":"未过滤\t未用伪标签：66.10% -\u003e 使用伪标签：82.33%\n"}
,{"stream_name":"stdout","time":17806.422795373,"data":"已过滤\t未用伪标签：66.14% -\u003e 使用伪标签：82.51%\n"}
,{"stream_name":"stdout","time":17806.422800191,"data":"排除样本：13|6000\t剩余：2002, 3032, 953\n"}
,{"stream_name":"stdout","time":17806.422804829,"data":"增添样本：1060\t\t细则：0, 10, 1050\t正确率估算：3.33%\n"}
,{"stream_name":"stdout","time":17806.422809574,"data":"类型1 正确率： 100.00% -\u003e 1  100.00%, 2    0.00%, 3    0.00%\n"}
,{"stream_name":"stdout","time":17806.422814537,"data":"类型2 正确率： 100.00% -\u003e 1    0.05%, 2   99.80%, 3    0.15%\n"}
,{"stream_name":"stdout","time":17806.42281921,"data":"类型3 正确率：  48.00% -\u003e 1    0.05%, 2   52.28%, 3   47.67%\n"}
,{"stream_name":"stdout","time":17806.422828825,"data":"\n"}
,{"stream_name":"stdout","time":17806.42283204,"data":"被排除样本 正确率：46.15%\n"}
,{"stream_name":"stdout","time":17806.422835196,"data":"类型1 没有样本或未被分类。\n"}
,{"stream_name":"stdout","time":17806.422838241,"data":"类型2 正确率： 100.00% -\u003e 1    0.00%, 2  100.00%, 3    0.00%\n"}
,{"stream_name":"stdout","time":17806.422842172,"data":"类型3 正确率：   0.00% -\u003e 1   14.29%, 2   85.71%, 3    0.00%\n"}
,{"stream_name":"stdout","time":17806.422859544,"data":"\n"}
,{"stream_name":"stdout","time":17806.422864306,"data":"\n"}
,{"stream_name":"stdout","time":17819.474430908,"data":"轮次:··6/·20 || c_Loss:0.610 || e_Loss:-1.402 || Aad_Loss:-25.608 || 耗时：34.08s\n"}
,{"stream_name":"stdout","time":17832.699701897,"data":"轮次:··7/·20 || c_Loss:0.521 || e_Loss:-1.400 || Aad_Loss:-24.393 || 耗时：13.23s\n"}
,{"stream_name":"stdout","time":17845.968672533,"data":"轮次:··8/·20 || c_Loss:0.551 || e_Loss:-1.458 || Aad_Loss:-23.809 || 耗时：13.27s\n"}
,{"stream_name":"stdout","time":17859.256001862,"data":"轮次:··9/·20 || c_Loss:0.389 || e_Loss:-1.414 || Aad_Loss:-29.434 || 耗时：13.29s\n"}
,{"stream_name":"stdout","time":17872.539029386,"data":"轮次:·10/·20 || c_Loss:0.428 || e_Loss:-1.487 || Aad_Loss:-27.350 || 耗时：13.28s\n"}
,{"stream_name":"stdout","time":17878.628182952,"data":"任务: (B3)N15_M07_F04→(B2)N15_M07_F10; mix批次:····0; 批次:··940/·1880;  总正确率: 76.93%\n"}
,{"stream_name":"stdout","time":17878.628223852,"data":"类型1 正确率： 100.00% -\u003e 1  100.00%, 2    0.00%, 3    0.00%\n"}
,{"stream_name":"stdout","time":17878.628232772,"data":"类型2 正确率：  80.00% -\u003e 1    0.30%, 2   80.25%, 3   19.45%\n"}
,{"stream_name":"stdout","time":17878.628238791,"data":"类型3 正确率：  51.00% -\u003e 1    0.00%, 2   49.45%, 3   50.55%\n"}
,{"stream_name":"stdout","time":17878.628245217,"data":"\n"}
,{"stream_name":"stdout","time":17878.628259367,"data":"\n"}
,{"stream_name":"stdout","time":17878.676032889,"data":"样本变换：reverse\n"}
,{"stream_name":"stdout","time":17882.001167637,"data":"样本变换：mask\n"}
,{"stream_name":"stdout","time":17885.3344975,"data":"样本变换：shift\n"}
,{"stream_name":"stdout","time":17888.677188093,"data":"样本变换：none\n"}
,{"stream_name":"stderr","time":17893.826628431,"data":"/kaggle/working/k10/S09/sdalr_PU_final_checkpoint/tools.py:413: RuntimeWarning: invalid value encountered in divide\n"}
,{"stream_name":"stderr","time":17893.826690107,"data":"  per_class_acc = conf_matrix.diagonal() / conf_matrix.sum(axis=1) * 100\n"}
,{"stream_name":"stdout","time":17893.826803259,"data":"未过滤\t未用伪标签：76.93% -\u003e 使用伪标签：82.45%\n"}
,{"stream_name":"stdout","time":17893.826841201,"data":"已过滤\t未用伪标签：77.10% -\u003e 使用伪标签：82.64%\n"}
,{"stream_name":"stdout","time":17893.826847574,"data":"排除样本：14|6000\t剩余：2001, 2944, 1041\n"}
,{"stream_name":"stdout","time":17893.826852939,"data":"增添样本：1053\t\t细则：0, 54, 999\t正确率估算：99.05%\n"}
,{"stream_name":"stdout","time":17893.826857794,"data":"类型1 正确率： 100.00% -\u003e 1  100.00%, 2    0.00%, 3    0.00%\n"}
,{"stream_name":"stdout","time":17893.826862467,"data":"类型2 正确率：  98.00% -\u003e 1    0.05%, 2   97.94%, 3    2.01%\n"}
,{"stream_name":"stdout","time":17893.826867536,"data":"类型3 正确率：  50.00% -\u003e 1    0.00%, 2   49.92%, 3   50.08%\n"}
,{"stream_name":"stdout","time":17893.826872886,"data":"\n"}
,{"stream_name":"stdout","time":17893.82687779,"data":"被排除样本 正确率：7.14%\n"}
,{"stream_name":"stdout","time":17893.826883141,"data":"类型1 没有样本或未被分类。\n"}
,{"stream_name":"stdout","time":17893.826887665,"data":"类型2 正确率：   0.00% -\u003e 1    7.69%, 2    0.00%, 3   92.31%\n"}
,{"stream_name":"stdout","time":17893.826892113,"data":"类型3 正确率： 100.00% -\u003e 1    0.00%, 2    0.00%, 3  100.00%\n"}
,{"stream_name":"stdout","time":17893.826896678,"data":"\n"}
,{"stream_name":"stdout","time":17893.826900928,"data":"\n"}
,{"stream_name":"stdout","time":17906.991781691,"data":"轮次:·11/·20 || c_Loss:0.413 || e_Loss:-1.624 || Aad_Loss:-25.566 || 耗时：34.45s\n"}
,{"stream_name":"stdout","time":17920.139234219,"data":"轮次:·12/·20 || c_Loss:0.485 || e_Loss:-1.595 || Aad_Loss:-23.060 || 耗时：13.15s\n"}
,{"stream_name":"stdout","time":17933.18429368,"data":"轮次:·13/·20 || c_Loss:0.390 || e_Loss:-1.630 || Aad_Loss:-27.433 || 耗时：13.04s\n"}
,{"stream_name":"stdout","time":17946.250143973,"data":"轮次:·14/·20 || c_Loss:0.382 || e_Loss:-1.655 || Aad_Loss:-24.995 || 耗时：13.07s\n"}
,{"stream_name":"stdout","time":17959.313449641,"data":"轮次:·15/·20 || c_Loss:0.411 || e_Loss:-1.755 || Aad_Loss:-24.861 || 耗时：13.06s\n"}
,{"stream_name":"stdout","time":17965.365866945,"data":"任务: (B3)N15_M07_F04→(B2)N15_M07_F10; mix批次:····0; 批次:·1410/·1880;  总正确率: 82.67%\n"}
,{"stream_name":"stdout","time":17965.365919562,"data":"类型1 正确率： 100.00% -\u003e 1  100.00%, 2    0.00%, 3    0.00%\n"}
,{"stream_name":"stdout","time":17965.365932525,"data":"类型2 正确率：  97.00% -\u003e 1    0.50%, 2   97.35%, 3    2.15%\n"}
,{"stream_name":"stdout","time":17965.365937716,"data":"类型3 正确率：  51.00% -\u003e 1    1.05%, 2   48.30%, 3   50.65%\n"}
,{"stream_name":"stdout","time":17965.365943319,"data":"\n"}
,{"stream_name":"stdout","time":17965.365948384,"data":"\n"}
,{"stream_name":"stdout","time":17965.411240909,"data":"样本变换：reverse\n"}
,{"stream_name":"stdout","time":17968.723168435,"data":"样本变换：mask\n"}
,{"stream_name":"stdout","time":17972.061161323,"data":"样本变换：shift\n"}
,{"stream_name":"stdout","time":17975.376181042,"data":"样本变换：none\n"}
,{"stream_name":"stderr","time":17980.471151061,"data":"/kaggle/working/k10/S09/sdalr_PU_final_checkpoint/tools.py:413: RuntimeWarning: invalid value encountered in divide\n"}
,{"stream_name":"stderr","time":17980.471196515,"data":"  per_class_acc = conf_matrix.diagonal() / conf_matrix.sum(axis=1) * 100\n"}
,{"stream_name":"stdout","time":17980.472265062,"data":"未过滤\t未用伪标签：82.67% -\u003e 使用伪标签：83.33%\n"}
,{"stream_name":"stdout","time":17980.472291278,"data":"已过滤\t未用伪标签：82.68% -\u003e 使用伪标签：83.35%\n"}
,{"stream_name":"stdout","time":17980.472298891,"data":"排除样本：1|6000\t剩余：2000, 2998, 1001\n"}
,{"stream_name":"stdout","time":17980.472305677,"data":"增添样本：1000\t\t细则：0, 1, 999\t正确率估算：100.00%\n"}
,{"stream_name":"stdout","time":17980.472312526,"data":"类型1 正确率： 100.00% -\u003e 1  100.00%, 2    0.00%, 3    0.00%\n"}
,{"stream_name":"stdout","time":17980.472319158,"data":"类型2 正确率： 100.00% -\u003e 1    0.00%, 2  100.00%, 3    0.00%\n"}
,{"stream_name":"stdout","time":17980.472325747,"data":"类型3 正确率：  50.00% -\u003e 1    0.00%, 2   49.95%, 3   50.05%\n"}
,{"stream_name":"stdout","time":17980.472332226,"data":"\n"}
,{"stream_name":"stdout","time":17980.472338139,"data":"被排除样本 正确率：0.00%\n"}
,{"stream_name":"stdout","time":17980.472344503,"data":"类型1 没有样本或未被分类。\n"}
,{"stream_name":"stdout","time":17980.472350774,"data":"类型2 正确率：   0.00% -\u003e 1  100.00%, 2    0.00%\n"}
,{"stream_name":"stdout","time":17980.472357424,"data":"\n"}
,{"stream_name":"stdout","time":17980.472363505,"data":"\n"}
,{"stream_name":"stdout","time":17993.560138939,"data":"轮次:·16/·20 || c_Loss:0.374 || e_Loss:-1.496 || Aad_Loss:-29.017 || 耗时：34.25s\n"}
,{"stream_name":"stdout","time":18006.75857382,"data":"轮次:·17/·20 || c_Loss:0.452 || e_Loss:-1.747 || Aad_Loss:-28.305 || 耗时：13.20s\n"}
,{"stream_name":"stdout","time":18019.911763042,"data":"轮次:·18/·20 || c_Loss:0.411 || e_Loss:-1.743 || Aad_Loss:-26.400 || 耗时：13.15s\n"}
,{"stream_name":"stdout","time":18033.035278049,"data":"轮次:·19/·20 || c_Loss:0.429 || e_Loss:-1.793 || Aad_Loss:-26.733 || 耗时：13.12s\n"}
,{"stream_name":"stdout","time":18046.207259694,"data":"轮次:·20/·20 || c_Loss:0.403 || e_Loss:-1.744 || Aad_Loss:-26.358 || 耗时：13.17s\n"}
,{"stream_name":"stdout","time":18052.28120563,"data":"任务: (B3)N15_M07_F04→(B2)N15_M07_F10; mix批次:····0; 批次:·1880/·1880;  总正确率: 83.93%\n"}
,{"stream_name":"stdout","time":18052.281247673,"data":"类型1 正确率： 100.00% -\u003e 1  100.00%, 2    0.00%, 3    0.00%\n"}
,{"stream_name":"stdout","time":18052.281261055,"data":"类型2 正确率：  99.00% -\u003e 1    0.15%, 2   98.60%, 3    1.25%\n"}
,{"stream_name":"stdout","time":18052.281266625,"data":"类型3 正确率：  53.00% -\u003e 1    0.55%, 2   46.25%, 3   53.20%\n"}
,{"stream_name":"stdout","time":18052.281272078,"data":"\n"}
,{"stream_name":"stdout","time":18052.281276971,"data":"\n"}
,{"stream_name":"stdout","time":18058.362447053,"data":"测试集任务: (B3)N15_M07_F04→(B2)N15_M07_F10; 总正确率 = 83.93%\n"}
,{"stream_name":"stdout","time":18058.362597976,"data":"类型1 正确率： 100.00% -\u003e 1  100.00%, 2    0.00%, 3    0.00%\n"}
,{"stream_name":"stdout","time":18058.363344463,"data":"类型2 正确率：  99.00% -\u003e 1    0.15%, 2   98.60%, 3    1.25%\n"}
,{"stream_name":"stdout","time":18058.363360789,"data":"类型3 正确率：  53.00% -\u003e 1    0.55%, 2   46.25%, 3   53.20%\n"}
,{"stream_name":"stdout","time":18058.363366331,"data":"\n"}
,{"stream_name":"stdout","time":18058.363371142,"data":"\n"}
,{"stream_name":"stdout","time":18058.392872673,"data":"[tar_adaptation_RES_PU.py --folder_root /kaggle/working/k10/S09/sdalr_PU_final_checkpoint/DATA_foldS09c --seed 2024 --class_num 3 --data_name PU_M1_L3 --output /kaggle/working/k10/S09/weight_PU_M1_final_checkpoint_FS09toS09c_gateoracle_s2024 --s 2 --t 1 --lr 0.0005 --threshold 0.4 --K 0.6] 365s\n"}
,{"stream_name":"stdout","time":18058.424773804,"data":"{\n"}
,{"stream_name":"stdout","time":18058.42481152,"data":"  \"dataset\": \"PU_M1\",\n"}
,{"stream_name":"stdout","time":18058.424817,"data":"  \"variant\": \"final_checkpoint\",\n"}
,{"stream_name":"stdout","time":18058.424821152,"data":"  \"seed\": 2024,\n"}
,{"stream_name":"stdout","time":18058.424825135,"data":"  \"smoke\": false,\n"}
,{"stream_name":"stdout","time":18058.424829309,"data":"  \"src_fold\": \"S09\",\n"}
,{"stream_name":"stdout","time":18058.424833573,"data":"  \"tgt_fold\": \"S09c\",\n"}
,{"stream_name":"stdout","time":18058.424837442,"data":"  \"leaky\": false,\n"}
,{"stream_name":"stdout","time":18058.4248412,"data":"  \"hyperparameters\": {\n"}
,{"stream_name":"stdout","time":18058.424844997,"data":"    \"lr\": \"0.0005\",\n"}
,{"stream_name":"stdout","time":18058.424848777,"data":"    \"threshold\": \"0.4\",\n"}
,{"stream_name":"stdout","time":18058.424852584,"data":"    \"K\": \"0.6\"\n"}
,{"stream_name":"stdout","time":18058.42485644,"data":"  },\n"}
,{"stream_name":"stdout","time":18058.424860089,"data":"  \"adapters\": [\n"}
,{"stream_name":"stdout","time":18058.424863848,"data":"    \"npz_io\",\n"}
,{"stream_name":"stdout","time":18058.424867572,"data":"    \"tsne_stub\",\n"}
,{"stream_name":"stdout","time":18058.424871322,"data":"    \"final_checkpoint_patch\"\n"}
,{"stream_name":"stdout","time":18058.424875083,"data":"  ],\n"}
,{"stream_name":"stdout","time":18058.424878676,"data":"  \"source_only\": {},\n"}
,{"stream_name":"stdout","time":18058.424882448,"data":"  \"adapted\": {\n"}
,{"stream_name":"stdout","time":18058.424886148,"data":"    \"A1-\u003eA3\": 83.23,\n"}
,{"stream_name":"stdout","time":18058.424890658,"data":"    \"A1-\u003eA2\": 83.3,\n"}
,{"stream_name":"stdout","time":18058.424894416,"data":"    \"A3-\u003eA1\": 82.72,\n"}
,{"stream_name":"stdout","time":18058.424898153,"data":"    \"A3-\u003eA2\": 81.47,\n"}
,{"stream_name":"stdout","time":18058.424920016,"data":"    \"A2-\u003eA1\": 80.12,\n"}
,{"stream_name":"stdout","time":18058.4249234,"data":"    \"A2-\u003eA3\": 83.93\n"}
,{"stream_name":"stdout","time":18058.424926296,"data":"  },\n"}
,{"stream_name":"stdout","time":18058.424929004,"data":"  \"seconds\": {\n"}
,{"stream_name":"stdout","time":18058.424931834,"data":"    \"A1-\u003eA3\": 366,\n"}
,{"stream_name":"stdout","time":18058.424934682,"data":"    \"A1-\u003eA2\": 366,\n"}
,{"stream_name":"stdout","time":18058.424937536,"data":"    \"A3-\u003eA1\": 367,\n"}
,{"stream_name":"stdout","time":18058.424940323,"data":"    \"A3-\u003eA2\": 367,\n"}
,{"stream_name":"stdout","time":18058.424943098,"data":"    \"A2-\u003eA1\": 364,\n"}
,{"stream_name":"stdout","time":18058.424945873,"data":"    \"A2-\u003eA3\": 365\n"}
,{"stream_name":"stdout","time":18058.424948681,"data":"  },\n"}
,{"stream_name":"stdout","time":18058.42495138,"data":"  \"gate_log\": {\n"}
,{"stream_name":"stdout","time":18058.424954207,"data":"    \"A1-\u003eA3\": [\n"}
,{"stream_name":"stdout","time":18058.424957037,"data":"      {\n"}
,{"stream_name":"stdout","time":18058.424959821,"data":"        \"sdalr_rejected\": 43,\n"}
,{"stream_name":"stdout","time":18058.424962721,"data":"        \"hook_rejected\": 2205,\n"}
,{"stream_name":"stdout","time":18058.4249656,"data":"        \"precision_before\": 0.6298472385428907,\n"}
,{"stream_name":"stdout","time":18058.424968594,"data":"        \"precision_after\": 1.0,\n"}
,{"stream_name":"stdout","time":18058.424971432,"data":"        \"n\": 6000\n"}
,{"stream_name":"stdout","time":18058.424974205,"data":"      },\n"}
,{"stream_name":"stdout","time":18058.42497697,"data":"      {\n"}
,{"stream_name":"stdout","time":18058.42497967,"data":"        \"sdalr_rejected\": 27,\n"}
,{"stream_name":"stdout","time":18058.4249826,"data":"        \"hook_rejected\": 1705,\n"}
,{"stream_name":"stdout","time":18058.424985409,"data":"        \"precision_before\": 0.714548802946593,\n"}
,{"stream_name":"stdout","time":18058.424988282,"data":"        \"precision_after\": 1.0,\n"}
,{"stream_name":"stdout","time":18058.4249911,"data":"        \"n\": 6000\n"}
,{"stream_name":"stdout","time":18058.424993965,"data":"      },\n"}
,{"stream_name":"stdout","time":18058.424996698,"data":"      {\n"}
,{"stream_name":"stdout","time":18058.424999395,"data":"        \"sdalr_rejected\": 25,\n"}
,{"stream_name":"stdout","time":18058.425002181,"data":"        \"hook_rejected\": 1172,\n"}
,{"stream_name":"stdout","time":18058.425005123,"data":"        \"precision_before\": 0.8038493723849373,\n"}
,{"stream_name":"stdout","time":18058.425008008,"data":"        \"precision_after\": 1.0,\n"}
,{"stream_name":"stdout","time":18058.425010792,"data":"        \"n\": 6000\n"}
,{"stream_name":"stdout","time":18058.425013556,"data":"      },\n"}
,{"stream_name":"stdout","time":18058.425016372,"data":"      {\n"}
,{"stream_name":"stdout","time":18058.425037095,"data":"        \"sdalr_rejected\": 0,\n"}
,{"stream_name":"stdout","time":18058.425040393,"data":"        \"hook_rejected\": 1001,\n"}
,{"stream_name":"stdout","time":18058.425043373,"data":"        \"precision_before\": 0.8331666666666667,\n"}
,{"stream_name":"stdout","time":18058.4250465,"data":"        \"precision_after\": 1.0,\n"}
,{"stream_name":"stdout","time":18058.425049405,"data":"        \"n\": 6000\n"}
,{"stream_name":"stdout","time":18058.425052289,"data":"      }\n"}
,{"stream_name":"stdout","time":18058.425055094,"data":"    ],\n"}
,{"stream_name":"stdout","time":18058.42505793,"data":"    \"A1-\u003eA2\": [\n"}
,{"stream_name":"stdout","time":18058.425063824,"data":"      {\n"}
,{"stream_name":"stdout","time":18058.42506685,"data":"        \"sdalr_rejected\": 28,\n"}
,{"stream_name":"stdout","time":18058.425069857,"data":"        \"hook_rejected\": 2243,\n"}
,{"stream_name":"stdout","time":18058.425073242,"data":"        \"precision_before\": 0.6244139316811789,\n"}
,{"stream_name":"stdout","time":18058.425077046,"data":"        \"precision_after\": 1.0,\n"}
,{"stream_name":"stdout","time":18058.425121175,"data":"        \"n\": 6000\n"}
,{"stream_name":"stdout","time":18058.425127595,"data":"      },\n"}
,{"stream_name":"stdout","time":18058.425134156,"data":"      {\n"}
,{"stream_name":"stdout","time":18058.425141735,"data":"        \"sdalr_rejected\": 60,\n"}
,{"stream_name":"stdout","time":18058.425144804,"data":"        \"hook_rejected\": 1952,\n"}
,{"stream_name":"stdout","time":18058.425147771,"data":"        \"precision_before\": 0.6713804713804714,\n"}
,{"stream_name":"stdout","time":18058.425150887,"data":"        \"precision_after\": 1.0,\n"}
,{"stream_name":"stdout","time":18058.425153801,"data":"        \"n\": 6000\n"}
,{"stream_name":"stdout","time":18058.425156784,"data":"      },\n"}
,{"stream_name":"stdout","time":18058.425159612,"data":"      {\n"}
,{"stream_name":"stdout","time":18058.425162463,"data":"        \"sdalr_rejected\": 46,\n"}
,{"stream_name":"stdout","time":18058.425165374,"data":"        \"hook_rejected\": 1404,\n"}
,{"stream_name":"stdout","time":18058.425168405,"data":"        \"precision_before\": 0.7641921397379913,\n"}
,{"stream_name":"stdout","time":18058.42517136,"data":"        \"precision_after\": 1.0,\n"}
,{"stream_name":"stdout","time":18058.425174315,"data":"        \"n\": 6000\n"}
,{"stream_name":"stdout","time":18058.425177207,"data":"      },\n"}
,{"stream_name":"stdout","time":18058.425180088,"data":"      {\n"}
,{"stream_name":"stdout","time":18058.425182918,"data":"        \"sdalr_rejected\": 18,\n"}
,{"stream_name":"stdout","time":18058.425185841,"data":"        \"hook_rejected\": 1004,\n"}
,{"stream_name":"stdout","time":18058.425188795,"data":"        \"precision_before\": 0.8321631561350719,\n"}
,{"stream_name":"stdout","time":18058.425193795,"data":"        \"precision_after\": 1.0,\n"}
,{"stream_name":"stdout","time":18058.425196863,"data":"        \"n\": 6000\n"}
,{"stream_name":"stdout","time":18058.425199791,"data":"      }\n"}
,{"stream_name":"stdout","time":18058.425202699,"data":"    ],\n"}
,{"stream_name":"stdout","time":18058.42520556,"data":"    \"A3-\u003eA1\": [\n"}
,{"stream_name":"stdout","time":18058.425208506,"data":"      {\n"}
,{"stream_name":"stdout","time":18058.425211384,"data":"        \"sdalr_rejected\": 22,\n"}
,{"stream_name":"stdout","time":18058.425214329,"data":"        \"hook_rejected\": 2343,\n"}
,{"stream_name":"stdout","time":18058.425217232,"data":"        \"precision_before\": 0.6080628972900636,\n"}
,{"stream_name":"stdout","time":18058.425220171,"data":"        \"precision_after\": 1.0,\n"}
,{"stream_name":"stdout","time":18058.425223167,"data":"        \"n\": 6000\n"}
,{"stream_name":"stdout","time":18058.425226054,"data":"      },\n"}
,{"stream_name":"stdout","time":18058.42522887,"data":"      {\n"}
,{"stream_name":"stdout","time":18058.425231674,"data":"        \"sdalr_rejected\": 70,\n"}
,{"stream_name":"stdout","time":18058.425234585,"data":"        \"hook_rejected\": 2085,\n"}
,{"stream_name":"stdout","time":18058.425237494,"data":"        \"precision_before\": 0.648397976391231,\n"}
,{"stream_name":"stdout","time":18058.42524047,"data":"        \"precision_after\": 1.0,\n"}
,{"stream_name":"stdout","time":18058.425247407,"data":"        \"n\": 6000\n"}
,{"stream_name":"stdout","time":18058.425250489,"data":"      },\n"}
,{"stream_name":"stdout","time":18058.425253322,"data":"      {\n"}
,{"stream_name":"stdout","time":18058.425256125,"data":"        \"sdalr_rejected\": 19,\n"}
,{"stream_name":"stdout","time":18058.425259056,"data":"        \"hook_rejected\": 1634,\n"}
,{"stream_name":"stdout","time":18058.425261998,"data":"        \"precision_before\": 0.7268015382043137,\n"}
,{"stream_name":"stdout","time":18058.425264961,"data":"        \"precision_after\": 1.0,\n"}
,{"stream_name":"stdout","time":18058.425267861,"data":"        \"n\": 6000\n"}
,{"stream_name":"stdout","time":18058.425270741,"data":"      },\n"}
,{"stream_name":"stdout","time":18058.425273561,"data":"      {\n"}
,{"stream_name":"stdout","time":18058.425276367,"data":"        \"sdalr_rejected\": 17,\n"}
,{"stream_name":"stdout","time":18058.425279267,"data":"        \"hook_rejected\": 1256,\n"}
,{"stream_name":"stdout","time":18058.425282232,"data":"        \"precision_before\": 0.790071870299181,\n"}
,{"stream_name":"stdout","time":18058.425285212,"data":"        \"precision_after\": 1.0,\n"}
,{"stream_name":"stdout","time":18058.425288136,"data":"        \"n\": 6000\n"}
,{"stream_name":"stdout","time":18058.42529102,"data":"      }\n"}
,{"stream_name":"stdout","time":18058.425293837,"data":"    ],\n"}
,{"stream_name":"stdout","time":18058.425296683,"data":"    \"A3-\u003eA2\": [\n"}
,{"stream_name":"stdout","time":18058.425299595,"data":"      {\n"}
,{"stream_name":"stdout","time":18058.425302432,"data":"        \"sdalr_rejected\": 35,\n"}
,{"stream_name":"stdout","time":18058.425305529,"data":"        \"hook_rejected\": 2283,\n"}
,{"stream_name":"stdout","time":18058.425308518,"data":"        \"precision_before\": 0.6172673931265716,\n"}
,{"stream_name":"stdout","time":18058.425311491,"data":"        \"precision_after\": 1.0,\n"}
,{"stream_name":"stdout","time":18058.425314511,"data":"        \"n\": 6000\n"}
,{"stream_name":"stdout","time":18058.425317395,"data":"      },\n"}
,{"stream_name":"stdout","time":18058.425320269,"data":"      {\n"}
,{"stream_name":"stdout","time":18058.425323066,"data":"        \"sdalr_rejected\": 36,\n"}
,{"stream_name":"stdout","time":18058.425326071,"data":"        \"hook_rejected\": 2274,\n"}
,{"stream_name":"stdout","time":18058.425329027,"data":"        \"precision_before\": 0.6187122736418511,\n"}
,{"stream_name":"stdout","time":18058.42533199,"data":"        \"precision_after\": 1.0,\n"}
,{"stream_name":"stdout","time":18058.425334925,"data":"        \"n\": 6000\n"}
,{"stream_name":"stdout","time":18058.425337815,"data":"      },\n"}
,{"stream_name":"stdout","time":18058.425340625,"data":"      {\n"}
,{"stream_name":"stdout","time":18058.425343523,"data":"        \"sdalr_rejected\": 69,\n"}
,{"stream_name":"stdout","time":18058.425346451,"data":"        \"hook_rejected\": 2127,\n"}
,{"stream_name":"stdout","time":18058.425349405,"data":"        \"precision_before\": 0.6413758219524532,\n"}
,{"stream_name":"stdout","time":18058.425352366,"data":"        \"precision_after\": 1.0,\n"}
,{"stream_name":"stdout","time":18058.425355373,"data":"        \"n\": 6000\n"}
,{"stream_name":"stdout","time":18058.425358241,"data":"      },\n"}
,{"stream_name":"stdout","time":18058.425361045,"data":"      {\n"}
,{"stream_name":"stdout","time":18058.42536385,"data":"        \"sdalr_rejected\": 64,\n"}
,{"stream_name":"stdout","time":18058.425366804,"data":"        \"hook_rejected\": 1536,\n"}
,{"stream_name":"stdout","time":18058.425369761,"data":"        \"precision_before\": 0.7412398921832885,\n"}
,{"stream_name":"stdout","time":18058.425375455,"data":"        \"precision_after\": 1.0,\n"}
,{"stream_name":"stdout","time":18058.425378488,"data":"        \"n\": 6000\n"}
,{"stream_name":"stdout","time":18058.425381387,"data":"      }\n"}
,{"stream_name":"stdout","time":18058.425384202,"data":"    ],\n"}
,{"stream_name":"stdout","time":18058.425387017,"data":"    \"A2-\u003eA1\": [\n"}
,{"stream_name":"stdout","time":18058.425389936,"data":"      {\n"}
,{"stream_name":"stdout","time":18058.42539277,"data":"        \"sdalr_rejected\": 84,\n"}
,{"stream_name":"stdout","time":18058.425395723,"data":"        \"hook_rejected\": 2645,\n"}
,{"stream_name":"stdout","time":18058.425398658,"data":"        \"precision_before\": 0.5529073698444895,\n"}
,{"stream_name":"stdout","time":18058.425401715,"data":"        \"precision_after\": 1.0,\n"}
,{"stream_name":"stdout","time":18058.425404645,"data":"        \"n\": 6000\n"}
,{"stream_name":"stdout","time":18058.425407545,"data":"      },\n"}
,{"stream_name":"stdout","time":18058.425410351,"data":"      {\n"}
,{"stream_name":"stdout","time":18058.42541316,"data":"        \"sdalr_rejected\": 33,\n"}
,{"stream_name":"stdout","time":18058.425416155,"data":"        \"hook_rejected\": 1097,\n"}
,{"stream_name":"stdout","time":18058.42541912,"data":"        \"precision_before\": 0.816155522037875,\n"}
,{"stream_name":"stdout","time":18058.425422087,"data":"        \"precision_after\": 1.0,\n"}
,{"stream_name":"stdout","time":18058.425425021,"data":"        \"n\": 6000\n"}
,{"stream_name":"stdout","time":18058.425427915,"data":"      },\n"}
,{"stream_name":"stdout","time":18058.425430716,"data":"      {\n"}
,{"stream_name":"stdout","time":18058.425433531,"data":"        \"sdalr_rejected\": 46,\n"}
,{"stream_name":"stdout","time":18058.425436455,"data":"        \"hook_rejected\": 1183,\n"}
,{"stream_name":"stdout","time":18058.425439414,"data":"        \"precision_before\": 0.8013100436681223,\n"}
,{"stream_name":"stdout","time":18058.425442386,"data":"        \"precision_after\": 1.0,\n"}
,{"stream_name":"stdout","time":18058.42544532,"data":"        \"n\": 6000\n"}
,{"stream_name":"stdout","time":18058.425448232,"data":"      },\n"}
,{"stream_name":"stdout","time":18058.425451074,"data":"      {\n"}
,{"stream_name":"stdout","time":18058.425454546,"data":"        \"sdalr_rejected\": 18,\n"}
,{"stream_name":"stdout","time":18058.425457613,"data":"        \"hook_rejected\": 1080,\n"}
,{"stream_name":"stdout","time":18058.42546057,"data":"        \"precision_before\": 0.8194583751253761,\n"}
,{"stream_name":"stdout","time":18058.425463577,"data":"        \"precision_after\": 1.0,\n"}
,{"stream_name":"stdout","time":18058.42546651,"data":"        \"n\": 6000\n"}
,{"stream_name":"stdout","time":18058.425469392,"data":"      }\n"}
,{"stream_name":"stdout","time":18058.42547225,"data":"    ],\n"}
,{"stream_name":"stdout","time":18058.425478214,"data":"    \"A2-\u003eA3\": [\n"}
,{"stream_name":"stdout","time":18058.425481178,"data":"      {\n"}
,{"stream_name":"stdout","time":18058.425484003,"data":"        \"sdalr_rejected\": 104,\n"}
,{"stream_name":"stdout","time":18058.42548695,"data":"        \"hook_rejected\": 2601,\n"}
,{"stream_name":"stdout","time":18058.425489905,"data":"        \"precision_before\": 0.558853459972863,\n"}
,{"stream_name":"stdout","time":18058.425492876,"data":"        \"precision_after\": 1.0,\n"}
,{"stream_name":"stdout","time":18058.42549579,"data":"        \"n\": 6000\n"}
,{"stream_name":"stdout","time":18058.425498665,"data":"      },\n"}
,{"stream_name":"stdout","time":18058.42550152,"data":"      {\n"}
,{"stream_name":"stdout","time":18058.425504341,"data":"        \"sdalr_rejected\": 13,\n"}
,{"stream_name":"stdout","time":18058.425510006,"data":"        \"hook_rejected\": 1047,\n"}
,{"stream_name":"stdout","time":18058.425513059,"data":"        \"precision_before\": 0.8251210957073659,\n"}
,{"stream_name":"stdout","time":18058.425516106,"data":"        \"precision_after\": 1.0,\n"}
,{"stream_name":"stdout","time":18058.425519047,"data":"        \"n\": 6000\n"}
,{"stream_name":"stdout","time":18058.425521923,"data":"      },\n"}
,{"stream_name":"stdout","time":18058.425524745,"data":"      {\n"}
,{"stream_name":"stdout","time":18058.425527543,"data":"        \"sdalr_rejected\": 14,\n"}
,{"stream_name":"stdout","time":18058.425530471,"data":"        \"hook_rejected\": 1039,\n"}
,{"stream_name":"stdout","time":18058.425533424,"data":"        \"precision_before\": 0.8264283327764784,\n"}
,{"stream_name":"stdout","time":18058.425536422,"data":"        \"precision_after\": 1.0,\n"}
,{"stream_name":"stdout","time":18058.425539393,"data":"        \"n\": 6000\n"}
,{"stream_name":"stdout","time":18058.425542285,"data":"      },\n"}
,{"stream_name":"stdout","time":18058.425545111,"data":"      {\n"}
,{"stream_name":"stdout","time":18058.42554793,"data":"        \"sdalr_rejected\": 1,\n"}
,{"stream_name":"stdout","time":18058.425550868,"data":"        \"hook_rejected\": 999,\n"}
,{"stream_name":"stdout","time":18058.425553805,"data":"        \"precision_before\": 0.833472245374229,\n"}
,{"stream_name":"stdout","time":18058.425556784,"data":"        \"precision_after\": 1.0,\n"}
,{"stream_name":"stdout","time":18058.425559741,"data":"        \"n\": 6000\n"}
,{"stream_name":"stdout","time":18058.42556267,"data":"      }\n"}
,{"stream_name":"stdout","time":18058.425565477,"data":"    ]\n"}
,{"stream_name":"stdout","time":18058.425568322,"data":"  },\n"}
,{"stream_name":"stdout","time":18058.42557118,"data":"  \"gate\": \"oracle\"\n"}
,{"stream_name":"stdout","time":18058.425574235,"data":"}\n"}
,{"stream_name":"stdout","time":18059.957925688,"data":"done [{\"split\": \"S08\", \"tgt\": \"S08\", \"gate\": \"none\", \"rc\": 0, \"seconds\": 2458}, {\"split\": \"S08\", \"tgt\": \"S08c\", \"gate\": \"none\", \"rc\": 0, \"seconds\": 2168}, {\"split\": \"S08\", \"tgt\": \"S08c\", \"gate\": \"pcv\", \"rc\": 0, \"seconds\": 2170}, {\"split\": \"S08\", \"tgt\": \"S08c\", \"gate\": \"oracle\", \"rc\": 0, \"seconds\": 2170}, {\"split\": \"S09\", \"tgt\": \"S09\", \"gate\": \"none\", \"rc\": 0, \"seconds\": 2488}, {\"split\": \"S09\", \"tgt\": \"S09c\", \"gate\": \"none\", \"rc\": 0, \"seconds\": 2204}, {\"split\": \"S09\", \"tgt\": \"S09c\", \"gate\": \"pcv\", \"rc\": 0, \"seconds\": 2193}, {\"split\": \"S09\", \"tgt\": \"S09c\", \"gate\": \"oracle\", \"rc\": 0, \"seconds\": 2202}]\n"}
,{"stream_name":"stderr","time":18062.561392307,"data":"/usr/local/lib/python3.12/dist-packages/mistune.py:435: SyntaxWarning: invalid escape sequence '\\|'\n"}
,{"stream_name":"stderr","time":18062.561422931,"data":"  cells[i][c] = re.sub('\\\\\\\\\\|', '|', cell)\n"}
,{"stream_name":"stderr","time":18062.787775797,"data":"/usr/local/lib/python3.12/dist-packages/nbconvert/filters/filter_links.py:36: SyntaxWarning: invalid escape sequence '\\_'\n"}
,{"stream_name":"stderr","time":18062.787805628,"data":"  text = re.sub(r'_', '\\_', text) # Escape underscores in display text\n"}
,{"stream_name":"stderr","time":18063.427489713,"data":"[NbConvertApp] Converting notebook __script__.ipynb to html\n"}
,{"stream_name":"stderr","time":18064.270059938,"data":"[NbConvertApp] Writing 285058 bytes to __results__.html\n"}
]