run_id,runner_id,kaggle_account,git_sha,config_hash,task,method,rung,seed,split_type,label_space,track,window_samples,n_records,acc,macro_f1,ece,nll,oracle_gap_closure,expected_false_accepts,wall_clock_s,gpu_hours,kernel_url,artifact_path,notes
s1-hello-t4-v1,rafiurrahman01,rafiurrahman01,e8a15e5,bc70c3a9d037,infra,hello_t4,,,,,infra,,,,,,,,,36,0.01,https://www.kaggle.com/code/rafiurrahman01/physgate-hello-t4,results/artifacts/physgate-hello-t4/,"device=Tesla T4 cap=[7, 5] torch=2.10.0+cu128 cuda=12.8 py=3.12.13 matmul_ok=True"
m4b-cwru-comb-v1,rafiurrahman01,local-cpu,205ea13,05feccc09335,M4b_CWRU_stratification,comb_gate_C30,cepstrum,n/a,"n/a (gate, no training)",L4,A,5.000 s,64,0.2833,,,,,,37,0,,results/m4b/,"PRE-REGISTERED C29 via C31, SECOND RUN (M4 invalid). spearman=0.565 p_one=1.29e-06 SUPPORTED=True Y1=0.89 N1=0.00 normals_faulty=0/4; exploratory: 0 cross-family confusions"
m0-jnu-as_released-B1->B2,rafiurrahman01,rafiurrahman01,7a3b9b9,,M0_JNU_B1->B2,SDALR_as_released,,2024,"condition-wise (LEAKY, published protocol)",JNU 4-class,R,2048,,99.86,,,,,,448,0.124,https://www.kaggle.com/code/rafiurrahman01/physgate-m0-jnu,results/artifacts/physgate-m0-jnu/m0/,paper=99.98 diff=-0.12pp; source_only=99.93
m0-jnu-as_released-B1->B3,rafiurrahman01,rafiurrahman01,7a3b9b9,,M0_JNU_B1->B3,SDALR_as_released,,2024,"condition-wise (LEAKY, published protocol)",JNU 4-class,R,2048,,100.0,,,,,,448,0.124,https://www.kaggle.com/code/rafiurrahman01/physgate-m0-jnu,results/artifacts/physgate-m0-jnu/m0/,paper=100.0 diff=+0.00pp; source_only=96.42
m0-jnu-as_released-B2->B1,rafiurrahman01,rafiurrahman01,7a3b9b9,,M0_JNU_B2->B1,SDALR_as_released,,2024,"condition-wise (LEAKY, published protocol)",JNU 4-class,R,2048,,95.26,,,,,,451,0.125,https://www.kaggle.com/code/rafiurrahman01/physgate-m0-jnu,results/artifacts/physgate-m0-jnu/m0/,paper=96.41 diff=-1.15pp; source_only=92.65
m0-jnu-as_released-B2->B3,rafiurrahman01,rafiurrahman01,7a3b9b9,,M0_JNU_B2->B3,SDALR_as_released,,2024,"condition-wise (LEAKY, published protocol)",JNU 4-class,R,2048,,100.0,,,,,,448,0.124,https://www.kaggle.com/code/rafiurrahman01/physgate-m0-jnu,results/artifacts/physgate-m0-jnu/m0/,paper=100.0 diff=+0.00pp; source_only=99.02
m0-jnu-as_released-B3->B1,rafiurrahman01,rafiurrahman01,7a3b9b9,,M0_JNU_B3->B1,SDALR_as_released,,2024,"condition-wise (LEAKY, published protocol)",JNU 4-class,R,2048,,93.19,,,,,,451,0.125,https://www.kaggle.com/code/rafiurrahman01/physgate-m0-jnu,results/artifacts/physgate-m0-jnu/m0/,paper=94.71 diff=-1.52pp; source_only=73.41
m0-jnu-as_released-B3->B2,rafiurrahman01,rafiurrahman01,7a3b9b9,,M0_JNU_B3->B2,SDALR_as_released,,2024,"condition-wise (LEAKY, published protocol)",JNU 4-class,R,2048,,99.89,,,,,,447,0.124,https://www.kaggle.com/code/rafiurrahman01/physgate-m0-jnu,results/artifacts/physgate-m0-jnu/m0/,paper=99.92 diff=-0.03pp; source_only=91.86
m0-jnu-final_checkpoint-B1->B2,rafiurrahman01,rafiurrahman01,7a3b9b9,,M0_JNU_B1->B2,SDALR_final_checkpoint,,2024,"condition-wise (LEAKY, published protocol)",JNU 4-class,R,2048,,99.86,,,,,,449,0.125,https://www.kaggle.com/code/rafiurrahman01/physgate-m0-jnu,results/artifacts/physgate-m0-jnu/m0/,paper=99.98 diff=-0.12pp; source_only=99.93
m0-jnu-final_checkpoint-B1->B3,rafiurrahman01,rafiurrahman01,7a3b9b9,,M0_JNU_B1->B3,SDALR_final_checkpoint,,2024,"condition-wise (LEAKY, published protocol)",JNU 4-class,R,2048,,100.0,,,,,,448,0.124,https://www.kaggle.com/code/rafiurrahman01/physgate-m0-jnu,results/artifacts/physgate-m0-jnu/m0/,paper=100.0 diff=+0.00pp; source_only=96.42
m0-jnu-final_checkpoint-B2->B1,rafiurrahman01,rafiurrahman01,7a3b9b9,,M0_JNU_B2->B1,SDALR_final_checkpoint,,2024,"condition-wise (LEAKY, published protocol)",JNU 4-class,R,2048,,95.26,,,,,,450,0.125,https://www.kaggle.com/code/rafiurrahman01/physgate-m0-jnu,results/artifacts/physgate-m0-jnu/m0/,paper=96.41 diff=-1.15pp; source_only=92.65
m0-jnu-final_checkpoint-B2->B3,rafiurrahman01,rafiurrahman01,7a3b9b9,,M0_JNU_B2->B3,SDALR_final_checkpoint,,2024,"condition-wise (LEAKY, published protocol)",JNU 4-class,R,2048,,100.0,,,,,,446,0.124,https://www.kaggle.com/code/rafiurrahman01/physgate-m0-jnu,results/artifacts/physgate-m0-jnu/m0/,paper=100.0 diff=+0.00pp; source_only=99.02
m0-jnu-final_checkpoint-B3->B1,rafiurrahman01,rafiurrahman01,7a3b9b9,,M0_JNU_B3->B1,SDALR_final_checkpoint,,2024,"condition-wise (LEAKY, published protocol)",JNU 4-class,R,2048,,93.19,,,,,,450,0.125,https://www.kaggle.com/code/rafiurrahman01/physgate-m0-jnu,results/artifacts/physgate-m0-jnu/m0/,paper=94.71 diff=-1.52pp; source_only=73.41
m0-jnu-final_checkpoint-B3->B2,rafiurrahman01,rafiurrahman01,7a3b9b9,,M0_JNU_B3->B2,SDALR_final_checkpoint,,2024,"condition-wise (LEAKY, published protocol)",JNU 4-class,R,2048,,99.89,,,,,,446,0.124,https://www.kaggle.com/code/rafiurrahman01/physgate-m0-jnu,results/artifacts/physgate-m0-jnu/m0/,paper=99.92 diff=-0.03pp; source_only=91.86
h6-none,rafiurrahman01,local-cpu,3e3f5f4,,H6_PU_6203_lock,comb_gate_C30,none,,n/a (gate),L3,A,249600,2319,,,,,,,909,0,,results/h6/,PRE-REG C28/C31/C33/C34. H6_supported=False. outer_prec=0.690 prev=0.414; healthy FA=18/480=0.037
h6-cepstrum,rafiurrahman01,local-cpu,3e3f5f4,,H6_PU_6203_lock,comb_gate_C30,cepstrum,,n/a (gate),L3,A,249600,2319,,,,,,,909,0,,results/h6/,PRE-REG C28/C31/C33/C34. H6_supported=False. outer_prec=0.955 prev=0.414; healthy FA=15/480=0.031
m0-pu-as_released-A1toA3-s2024,rafiurrahman01,rafiurrahman01,b34e2af,,PU A1->A3,SDALR as_released,,2024,"condition-wise (leaky, as published)",PU 8-class bearing-ID,R,2048,,99.93,,,,,,928,0.258,https://www.kaggle.com/code/rafiurrahman01/physgate-m0-pu,results/artifacts/physgate-m0-pu/m0\result_PU_as_released_s2024.json,paper 99.95; diff -0.02
m0-pu-as_released-A1toA2-s2024,rafiurrahman01,rafiurrahman01,b34e2af,,PU A1->A2,SDALR as_released,,2024,"condition-wise (leaky, as published)",PU 8-class bearing-ID,R,2048,,89.82,,,,,,939,0.261,https://www.kaggle.com/code/rafiurrahman01/physgate-m0-pu,results/artifacts/physgate-m0-pu/m0\result_PU_as_released_s2024.json,paper 87.03; diff +2.79
m0-pu-as_released-A3toA1-s2024,rafiurrahman01,rafiurrahman01,b34e2af,,PU A3->A1,SDALR as_released,,2024,"condition-wise (leaky, as published)",PU 8-class bearing-ID,R,2048,,99.97,,,,,,927,0.258,https://www.kaggle.com/code/rafiurrahman01/physgate-m0-pu,results/artifacts/physgate-m0-pu/m0\result_PU_as_released_s2024.json,paper 99.96; diff +0.01
m0-pu-as_released-A3toA2-s2024,rafiurrahman01,rafiurrahman01,b34e2af,,PU A3->A2,SDALR as_released,,2024,"condition-wise (leaky, as published)",PU 8-class bearing-ID,R,2048,,88.06,,,,,,941,0.261,https://www.kaggle.com/code/rafiurrahman01/physgate-m0-pu,results/artifacts/physgate-m0-pu/m0\result_PU_as_released_s2024.json,paper 97.84; diff -9.78
m0-pu-as_released-A2toA1-s2024,rafiurrahman01,rafiurrahman01,b34e2af,,PU A2->A1,SDALR as_released,,2024,"condition-wise (leaky, as published)",PU 8-class bearing-ID,R,2048,,99.62,,,,,,933,0.259,https://www.kaggle.com/code/rafiurrahman01/physgate-m0-pu,results/artifacts/physgate-m0-pu/m0\result_PU_as_released_s2024.json,paper 96.19; diff +3.43
m0-pu-as_released-A2toA3-s2024,rafiurrahman01,rafiurrahman01,b34e2af,,PU A2->A3,SDALR as_released,,2024,"condition-wise (leaky, as published)",PU 8-class bearing-ID,R,2048,,99.78,,,,,,931,0.259,https://www.kaggle.com/code/rafiurrahman01/physgate-m0-pu,results/artifacts/physgate-m0-pu/m0\result_PU_as_released_s2024.json,paper 99.73; diff +0.05
m0-pu-final_checkpoint-A1toA3-s2024,rafiurrahman01,rafiurrahman01,b34e2af,,PU A1->A3,SDALR final_checkpoint,,2024,"condition-wise (leaky, as published)",PU 8-class bearing-ID,R,2048,,99.92,,,,,,929,0.258,https://www.kaggle.com/code/rafiurrahman01/physgate-m0-pu,results/artifacts/physgate-m0-pu/m0\result_PU_final_checkpoint_s2024.json,paper 99.95; diff -0.03
m0-pu-final_checkpoint-A1toA2-s2024,rafiurrahman01,rafiurrahman01,b34e2af,,PU A1->A2,SDALR final_checkpoint,,2024,"condition-wise (leaky, as published)",PU 8-class bearing-ID,R,2048,,87.56,,,,,,941,0.261,https://www.kaggle.com/code/rafiurrahman01/physgate-m0-pu,results/artifacts/physgate-m0-pu/m0\result_PU_final_checkpoint_s2024.json,paper 87.03; diff +0.53
m0-pu-final_checkpoint-A3toA1-s2024,rafiurrahman01,rafiurrahman01,b34e2af,,PU A3->A1,SDALR final_checkpoint,,2024,"condition-wise (leaky, as published)",PU 8-class bearing-ID,R,2048,,99.96,,,,,,928,0.258,https://www.kaggle.com/code/rafiurrahman01/physgate-m0-pu,results/artifacts/physgate-m0-pu/m0\result_PU_final_checkpoint_s2024.json,paper 99.96; diff +0.00
m0-pu-final_checkpoint-A3toA2-s2024,rafiurrahman01,rafiurrahman01,b34e2af,,PU A3->A2,SDALR final_checkpoint,,2024,"condition-wise (leaky, as published)",PU 8-class bearing-ID,R,2048,,87.41,,,,,,942,0.262,https://www.kaggle.com/code/rafiurrahman01/physgate-m0-pu,results/artifacts/physgate-m0-pu/m0\result_PU_final_checkpoint_s2024.json,paper 97.84; diff -10.43
m0-pu-final_checkpoint-A2toA1-s2024,rafiurrahman01,rafiurrahman01,b34e2af,,PU A2->A1,SDALR final_checkpoint,,2024,"condition-wise (leaky, as published)",PU 8-class bearing-ID,R,2048,,99.62,,,,,,934,0.259,https://www.kaggle.com/code/rafiurrahman01/physgate-m0-pu,results/artifacts/physgate-m0-pu/m0\result_PU_final_checkpoint_s2024.json,paper 96.19; diff +3.43
m0-pu-final_checkpoint-A2toA3-s2024,rafiurrahman01,rafiurrahman01,b34e2af,,PU A2->A3,SDALR final_checkpoint,,2024,"condition-wise (leaky, as published)",PU 8-class bearing-ID,R,2048,,99.78,,,,,,932,0.259,https://www.kaggle.com/code/rafiurrahman01/physgate-m0-pu,results/artifacts/physgate-m0-pu/m0\result_PU_final_checkpoint_s2024.json,paper 99.73; diff +0.05
m1-as_released-FAtoA-A1toA3-s2024,rafiurrahman01,rafiurrahman01,e798716,,PU_M1 A1->A3 FA->FA,SDALR as_released,,2024,leaky (same bearings),L3,R,2048,,99.88,,,,,,326,,https://www.kaggle.com/code/rafiurrahman01/physgate-m1-fa,results/artifacts\physgate-m1-fa\m1\result_PU_M1_as_released_FAtoA_s2024.json,
m1-as_released-FAtoA-A1toA2-s2024,rafiurrahman01,rafiurrahman01,e798716,,PU_M1 A1->A2 FA->FA,SDALR as_released,,2024,leaky (same bearings),L3,R,2048,,80.38,,,,,,327,,https://www.kaggle.com/code/rafiurrahman01/physgate-m1-fa,results/artifacts\physgate-m1-fa\m1\result_PU_M1_as_released_FAtoA_s2024.json,
m1-as_released-FAtoA-A3toA1-s2024,rafiurrahman01,rafiurrahman01,e798716,,PU_M1 A3->A1 FA->FA,SDALR as_released,,2024,leaky (same bearings),L3,R,2048,,99.98,,,,,,325,,https://www.kaggle.com/code/rafiurrahman01/physgate-m1-fa,results/artifacts\physgate-m1-fa\m1\result_PU_M1_as_released_FAtoA_s2024.json,
m1-as_released-FAtoA-A3toA2-s2024,rafiurrahman01,rafiurrahman01,e798716,,PU_M1 A3->A2 FA->FA,SDALR as_released,,2024,leaky (same bearings),L3,R,2048,,86.62,,,,,,327,,https://www.kaggle.com/code/rafiurrahman01/physgate-m1-fa,results/artifacts\physgate-m1-fa\m1\result_PU_M1_as_released_FAtoA_s2024.json,
m1-as_released-FAtoA-A2toA1-s2024,rafiurrahman01,rafiurrahman01,e798716,,PU_M1 A2->A1 FA->FA,SDALR as_released,,2024,leaky (same bearings),L3,R,2048,,84.5,,,,,,326,,https://www.kaggle.com/code/rafiurrahman01/physgate-m1-fa,results/artifacts\physgate-m1-fa\m1\result_PU_M1_as_released_FAtoA_s2024.json,
m1-as_released-FAtoA-A2toA3-s2024,rafiurrahman01,rafiurrahman01,e798716,,PU_M1 A2->A3 FA->FA,SDALR as_released,,2024,leaky (same bearings),L3,R,2048,,85.55,,,,,,326,,https://www.kaggle.com/code/rafiurrahman01/physgate-m1-fa,results/artifacts\physgate-m1-fa\m1\result_PU_M1_as_released_FAtoA_s2024.json,
m1-as_released-FAtoB-A1toA3-s2024,rafiurrahman01,rafiurrahman01,e798716,,PU_M1 A1->A3 FA->FB,SDALR as_released,,2024,bearing-wise,L3,R,2048,,76.63,,,,,,331,,https://www.kaggle.com/code/rafiurrahman01/physgate-m1-fa,results/artifacts\physgate-m1-fa\m1\result_PU_M1_as_released_FAtoB_s2024.json,
m1-as_released-FAtoB-A1toA2-s2024,rafiurrahman01,rafiurrahman01,e798716,,PU_M1 A1->A2 FA->FB,SDALR as_released,,2024,bearing-wise,L3,R,2048,,77.08,,,,,,327,,https://www.kaggle.com/code/rafiurrahman01/physgate-m1-fa,results/artifacts\physgate-m1-fa\m1\result_PU_M1_as_released_FAtoB_s2024.json,
m1-as_released-FAtoB-A3toA1-s2024,rafiurrahman01,rafiurrahman01,e798716,,PU_M1 A3->A1 FA->FB,SDALR as_released,,2024,bearing-wise,L3,R,2048,,66.6,,,,,,325,,https://www.kaggle.com/code/rafiurrahman01/physgate-m1-fa,results/artifacts\physgate-m1-fa\m1\result_PU_M1_as_released_FAtoB_s2024.json,
m1-as_released-FAtoB-A3toA2-s2024,rafiurrahman01,rafiurrahman01,e798716,,PU_M1 A3->A2 FA->FB,SDALR as_released,,2024,bearing-wise,L3,R,2048,,73.53,,,,,,327,,https://www.kaggle.com/code/rafiurrahman01/physgate-m1-fa,results/artifacts\physgate-m1-fa\m1\result_PU_M1_as_released_FAtoB_s2024.json,
m1-as_released-FAtoB-A2toA1-s2024,rafiurrahman01,rafiurrahman01,e798716,,PU_M1 A2->A1 FA->FB,SDALR as_released,,2024,bearing-wise,L3,R,2048,,34.03,,,,,,327,,https://www.kaggle.com/code/rafiurrahman01/physgate-m1-fa,results/artifacts\physgate-m1-fa\m1\result_PU_M1_as_released_FAtoB_s2024.json,
m1-as_released-FAtoB-A2toA3-s2024,rafiurrahman01,rafiurrahman01,e798716,,PU_M1 A2->A3 FA->FB,SDALR as_released,,2024,bearing-wise,L3,R,2048,,34.37,,,,,,327,,https://www.kaggle.com/code/rafiurrahman01/physgate-m1-fa,results/artifacts\physgate-m1-fa\m1\result_PU_M1_as_released_FAtoB_s2024.json,
m1-final_checkpoint-FAtoA-A1toA3-s2024,rafiurrahman01,rafiurrahman01,e798716,,PU_M1 A1->A3 FA->FA,SDALR final_checkpoint,,2024,leaky (same bearings),L3,R,2048,,99.88,,,,,,327,,https://www.kaggle.com/code/rafiurrahman01/physgate-m1-fa,results/artifacts\physgate-m1-fa\m1\result_PU_M1_final_checkpoint_FAtoA_s2024.json,
m1-final_checkpoint-FAtoA-A1toA2-s2024,rafiurrahman01,rafiurrahman01,e798716,,PU_M1 A1->A2 FA->FA,SDALR final_checkpoint,,2024,leaky (same bearings),L3,R,2048,,78.42,,,,,,327,,https://www.kaggle.com/code/rafiurrahman01/physgate-m1-fa,results/artifacts\physgate-m1-fa\m1\result_PU_M1_final_checkpoint_FAtoA_s2024.json,
m1-final_checkpoint-FAtoA-A3toA1-s2024,rafiurrahman01,rafiurrahman01,e798716,,PU_M1 A3->A1 FA->FA,SDALR final_checkpoint,,2024,leaky (same bearings),L3,R,2048,,99.97,,,,,,325,,https://www.kaggle.com/code/rafiurrahman01/physgate-m1-fa,results/artifacts\physgate-m1-fa\m1\result_PU_M1_final_checkpoint_FAtoA_s2024.json,
m1-final_checkpoint-FAtoA-A3toA2-s2024,rafiurrahman01,rafiurrahman01,e798716,,PU_M1 A3->A2 FA->FA,SDALR final_checkpoint,,2024,leaky (same bearings),L3,R,2048,,85.78,,,,,,327,,https://www.kaggle.com/code/rafiurrahman01/physgate-m1-fa,results/artifacts\physgate-m1-fa\m1\result_PU_M1_final_checkpoint_FAtoA_s2024.json,
m1-final_checkpoint-FAtoA-A2toA1-s2024,rafiurrahman01,rafiurrahman01,e798716,,PU_M1 A2->A1 FA->FA,SDALR final_checkpoint,,2024,leaky (same bearings),L3,R,2048,,83.02,,,,,,326,,https://www.kaggle.com/code/rafiurrahman01/physgate-m1-fa,results/artifacts\physgate-m1-fa\m1\result_PU_M1_final_checkpoint_FAtoA_s2024.json,
m1-final_checkpoint-FAtoA-A2toA3-s2024,rafiurrahman01,rafiurrahman01,e798716,,PU_M1 A2->A3 FA->FA,SDALR final_checkpoint,,2024,leaky (same bearings),L3,R,2048,,82.92,,,,,,326,,https://www.kaggle.com/code/rafiurrahman01/physgate-m1-fa,results/artifacts\physgate-m1-fa\m1\result_PU_M1_final_checkpoint_FAtoA_s2024.json,
m1-final_checkpoint-FAtoB-A1toA3-s2024,rafiurrahman01,rafiurrahman01,e798716,,PU_M1 A1->A3 FA->FB,SDALR final_checkpoint,,2024,bearing-wise,L3,R,2048,,76.3,,,,,,331,,https://www.kaggle.com/code/rafiurrahman01/physgate-m1-fa,results/artifacts\physgate-m1-fa\m1\result_PU_M1_final_checkpoint_FAtoB_s2024.json,
m1-final_checkpoint-FAtoB-A1toA2-s2024,rafiurrahman01,rafiurrahman01,e798716,,PU_M1 A1->A2 FA->FB,SDALR final_checkpoint,,2024,bearing-wise,L3,R,2048,,77.08,,,,,,328,,https://www.kaggle.com/code/rafiurrahman01/physgate-m1-fa,results/artifacts\physgate-m1-fa\m1\result_PU_M1_final_checkpoint_FAtoB_s2024.json,
m1-final_checkpoint-FAtoB-A3toA1-s2024,rafiurrahman01,rafiurrahman01,e798716,,PU_M1 A3->A1 FA->FB,SDALR final_checkpoint,,2024,bearing-wise,L3,R,2048,,66.6,,,,,,326,,https://www.kaggle.com/code/rafiurrahman01/physgate-m1-fa,results/artifacts\physgate-m1-fa\m1\result_PU_M1_final_checkpoint_FAtoB_s2024.json,
m1-final_checkpoint-FAtoB-A3toA2-s2024,rafiurrahman01,rafiurrahman01,e798716,,PU_M1 A3->A2 FA->FB,SDALR final_checkpoint,,2024,bearing-wise,L3,R,2048,,69.48,,,,,,327,,https://www.kaggle.com/code/rafiurrahman01/physgate-m1-fa,results/artifacts\physgate-m1-fa\m1\result_PU_M1_final_checkpoint_FAtoB_s2024.json,
m1-final_checkpoint-FAtoB-A2toA1-s2024,rafiurrahman01,rafiurrahman01,e798716,,PU_M1 A2->A1 FA->FB,SDALR final_checkpoint,,2024,bearing-wise,L3,R,2048,,30.2,,,,,,327,,https://www.kaggle.com/code/rafiurrahman01/physgate-m1-fa,results/artifacts\physgate-m1-fa\m1\result_PU_M1_final_checkpoint_FAtoB_s2024.json,
m1-final_checkpoint-FAtoB-A2toA3-s2024,rafiurrahman01,rafiurrahman01,e798716,,PU_M1 A2->A3 FA->FB,SDALR final_checkpoint,,2024,bearing-wise,L3,R,2048,,30.52,,,,,,327,,https://www.kaggle.com/code/rafiurrahman01/physgate-m1-fa,results/artifacts\physgate-m1-fa\m1\result_PU_M1_final_checkpoint_FAtoB_s2024.json,
m1-as_released-FBtoA-A1toA3-s2024,rafiurrahman01,rafiurrahman01,e798716,,PU_M1 A1->A3 FB->FA,SDALR as_released,,2024,bearing-wise,L3,R,2048,,55.33,,,,,,344,,https://www.kaggle.com/code/rafiurrahman01/physgate-m1-fb,results/artifacts\physgate-m1-fb\m1\result_PU_M1_as_released_FBtoA_s2024.json,
m1-as_released-FBtoA-A1toA2-s2024,rafiurrahman01,rafiurrahman01,e798716,,PU_M1 A1->A2 FB->FA,SDALR as_released,,2024,bearing-wise,L3,R,2048,,55.27,,,,,,344,,https://www.kaggle.com/code/rafiurrahman01/physgate-m1-fb,results/artifacts\physgate-m1-fb\m1\result_PU_M1_as_released_FBtoA_s2024.json,
m1-as_released-FBtoA-A3toA1-s2024,rafiurrahman01,rafiurrahman01,e798716,,PU_M1 A3->A1 FB->FA,SDALR as_released,,2024,bearing-wise,L3,R,2048,,55.33,,,,,,345,,https://www.kaggle.com/code/rafiurrahman01/physgate-m1-fb,results/artifacts\physgate-m1-fb\m1\result_PU_M1_as_released_FBtoA_s2024.json,
m1-as_released-FBtoA-A3toA2-s2024,rafiurrahman01,rafiurrahman01,e798716,,PU_M1 A3->A2 FB->FA,SDALR as_released,,2024,bearing-wise,L3,R,2048,,55.28,,,,,,344,,https://www.kaggle.com/code/rafiurrahman01/physgate-m1-fb,results/artifacts\physgate-m1-fb\m1\result_PU_M1_as_released_FBtoA_s2024.json,
m1-as_released-FBtoA-A2toA1-s2024,rafiurrahman01,rafiurrahman01,e798716,,PU_M1 A2->A1 FB->FA,SDALR as_released,,2024,bearing-wise,L3,R,2048,,55.33,,,,,,340,,https://www.kaggle.com/code/rafiurrahman01/physgate-m1-fb,results/artifacts\physgate-m1-fb\m1\result_PU_M1_as_released_FBtoA_s2024.json,
m1-as_released-FBtoA-A2toA3-s2024,rafiurrahman01,rafiurrahman01,e798716,,PU_M1 A2->A3 FB->FA,SDALR as_released,,2024,bearing-wise,L3,R,2048,,55.33,,,,,,340,,https://www.kaggle.com/code/rafiurrahman01/physgate-m1-fb,results/artifacts\physgate-m1-fb\m1\result_PU_M1_as_released_FBtoA_s2024.json,
m1-as_released-FBtoB-A1toA3-s2024,rafiurrahman01,rafiurrahman01,e798716,,PU_M1 A1->A3 FB->FB,SDALR as_released,,2024,leaky (same bearings),L3,R,2048,,99.98,,,,,,341,,https://www.kaggle.com/code/rafiurrahman01/physgate-m1-fb,results/artifacts\physgate-m1-fb\m1\result_PU_M1_as_released_FBtoB_s2024.json,
m1-as_released-FBtoB-A1toA2-s2024,rafiurrahman01,rafiurrahman01,e798716,,PU_M1 A1->A2 FB->FB,SDALR as_released,,2024,leaky (same bearings),L3,R,2048,,99.88,,,,,,339,,https://www.kaggle.com/code/rafiurrahman01/physgate-m1-fb,results/artifacts\physgate-m1-fb\m1\result_PU_M1_as_released_FBtoB_s2024.json,
m1-as_released-FBtoB-A3toA1-s2024,rafiurrahman01,rafiurrahman01,e798716,,PU_M1 A3->A1 FB->FB,SDALR as_released,,2024,leaky (same bearings),L3,R,2048,,100.0,,,,,,340,,https://www.kaggle.com/code/rafiurrahman01/physgate-m1-fb,results/artifacts\physgate-m1-fb\m1\result_PU_M1_as_released_FBtoB_s2024.json,
m1-as_released-FBtoB-A3toA2-s2024,rafiurrahman01,rafiurrahman01,e798716,,PU_M1 A3->A2 FB->FB,SDALR as_released,,2024,leaky (same bearings),L3,R,2048,,99.78,,,,,,340,,https://www.kaggle.com/code/rafiurrahman01/physgate-m1-fb,results/artifacts\physgate-m1-fb\m1\result_PU_M1_as_released_FBtoB_s2024.json,
m1-as_released-FBtoB-A2toA1-s2024,rafiurrahman01,rafiurrahman01,e798716,,PU_M1 A2->A1 FB->FB,SDALR as_released,,2024,leaky (same bearings),L3,R,2048,,100.0,,,,,,340,,https://www.kaggle.com/code/rafiurrahman01/physgate-m1-fb,results/artifacts\physgate-m1-fb\m1\result_PU_M1_as_released_FBtoB_s2024.json,
m1-as_released-FBtoB-A2toA3-s2024,rafiurrahman01,rafiurrahman01,e798716,,PU_M1 A2->A3 FB->FB,SDALR as_released,,2024,leaky (same bearings),L3,R,2048,,100.0,,,,,,339,,https://www.kaggle.com/code/rafiurrahman01/physgate-m1-fb,results/artifacts\physgate-m1-fb\m1\result_PU_M1_as_released_FBtoB_s2024.json,
m1-final_checkpoint-FBtoA-A1toA3-s2024,rafiurrahman01,rafiurrahman01,e798716,,PU_M1 A1->A3 FB->FA,SDALR final_checkpoint,,2024,bearing-wise,L3,R,2048,,55.33,,,,,,344,,https://www.kaggle.com/code/rafiurrahman01/physgate-m1-fb,results/artifacts\physgate-m1-fb\m1\result_PU_M1_final_checkpoint_FBtoA_s2024.json,
m1-final_checkpoint-FBtoA-A1toA2-s2024,rafiurrahman01,rafiurrahman01,e798716,,PU_M1 A1->A2 FB->FA,SDALR final_checkpoint,,2024,bearing-wise,L3,R,2048,,55.27,,,,,,344,,https://www.kaggle.com/code/rafiurrahman01/physgate-m1-fb,results/artifacts\physgate-m1-fb\m1\result_PU_M1_final_checkpoint_FBtoA_s2024.json,
m1-final_checkpoint-FBtoA-A3toA1-s2024,rafiurrahman01,rafiurrahman01,e798716,,PU_M1 A3->A1 FB->FA,SDALR final_checkpoint,,2024,bearing-wise,L3,R,2048,,55.33,,,,,,344,,https://www.kaggle.com/code/rafiurrahman01/physgate-m1-fb,results/artifacts\physgate-m1-fb\m1\result_PU_M1_final_checkpoint_FBtoA_s2024.json,
m1-final_checkpoint-FBtoA-A3toA2-s2024,rafiurrahman01,rafiurrahman01,e798716,,PU_M1 A3->A2 FB->FA,SDALR final_checkpoint,,2024,bearing-wise,L3,R,2048,,55.28,,,,,,344,,https://www.kaggle.com/code/rafiurrahman01/physgate-m1-fb,results/artifacts\physgate-m1-fb\m1\result_PU_M1_final_checkpoint_FBtoA_s2024.json,
m1-final_checkpoint-FBtoA-A2toA1-s2024,rafiurrahman01,rafiurrahman01,e798716,,PU_M1 A2->A1 FB->FA,SDALR final_checkpoint,,2024,bearing-wise,L3,R,2048,,55.33,,,,,,341,,https://www.kaggle.com/code/rafiurrahman01/physgate-m1-fb,results/artifacts\physgate-m1-fb\m1\result_PU_M1_final_checkpoint_FBtoA_s2024.json,
m1-final_checkpoint-FBtoA-A2toA3-s2024,rafiurrahman01,rafiurrahman01,e798716,,PU_M1 A2->A3 FB->FA,SDALR final_checkpoint,,2024,bearing-wise,L3,R,2048,,55.33,,,,,,340,,https://www.kaggle.com/code/rafiurrahman01/physgate-m1-fb,results/artifacts\physgate-m1-fb\m1\result_PU_M1_final_checkpoint_FBtoA_s2024.json,
m1-final_checkpoint-FBtoB-A1toA3-s2024,rafiurrahman01,rafiurrahman01,e798716,,PU_M1 A1->A3 FB->FB,SDALR final_checkpoint,,2024,leaky (same bearings),L3,R,2048,,99.98,,,,,,342,,https://www.kaggle.com/code/rafiurrahman01/physgate-m1-fb,results/artifacts\physgate-m1-fb\m1\result_PU_M1_final_checkpoint_FBtoB_s2024.json,
m1-final_checkpoint-FBtoB-A1toA2-s2024,rafiurrahman01,rafiurrahman01,e798716,,PU_M1 A1->A2 FB->FB,SDALR final_checkpoint,,2024,leaky (same bearings),L3,R,2048,,99.73,,,,,,340,,https://www.kaggle.com/code/rafiurrahman01/physgate-m1-fb,results/artifacts\physgate-m1-fb\m1\result_PU_M1_final_checkpoint_FBtoB_s2024.json,
m1-final_checkpoint-FBtoB-A3toA1-s2024,rafiurrahman01,rafiurrahman01,e798716,,PU_M1 A3->A1 FB->FB,SDALR final_checkpoint,,2024,leaky (same bearings),L3,R,2048,,99.98,,,,,,340,,https://www.kaggle.com/code/rafiurrahman01/physgate-m1-fb,results/artifacts\physgate-m1-fb\m1\result_PU_M1_final_checkpoint_FBtoB_s2024.json,
m1-final_checkpoint-FBtoB-A3toA2-s2024,rafiurrahman01,rafiurrahman01,e798716,,PU_M1 A3->A2 FB->FB,SDALR final_checkpoint,,2024,leaky (same bearings),L3,R,2048,,99.78,,,,,,339,,https://www.kaggle.com/code/rafiurrahman01/physgate-m1-fb,results/artifacts\physgate-m1-fb\m1\result_PU_M1_final_checkpoint_FBtoB_s2024.json,
m1-final_checkpoint-FBtoB-A2toA1-s2024,rafiurrahman01,rafiurrahman01,e798716,,PU_M1 A2->A1 FB->FB,SDALR final_checkpoint,,2024,leaky (same bearings),L3,R,2048,,100.0,,,,,,340,,https://www.kaggle.com/code/rafiurrahman01/physgate-m1-fb,results/artifacts\physgate-m1-fb\m1\result_PU_M1_final_checkpoint_FBtoB_s2024.json,
m1-final_checkpoint-FBtoB-A2toA3-s2024,rafiurrahman01,rafiurrahman01,e798716,,PU_M1 A2->A3 FB->FB,SDALR final_checkpoint,,2024,leaky (same bearings),L3,R,2048,,100.0,,,,,,340,,https://www.kaggle.com/code/rafiurrahman01/physgate-m1-fb,results/artifacts\physgate-m1-fb\m1\result_PU_M1_final_checkpoint_FBtoB_s2024.json,
m0-pu-diag-thr0.4-A3toA2-s0,rafiurrahman01,rafiurrahman01,0276773,,PU A3->A2,SDALR as_released,,0,"condition-wise (leaky, as published)",PU 8-class bearing-ID,R,2048,,97.62,,,,,,933,,https://www.kaggle.com/code/rafiurrahman01/physgate-m0-pu-diag,results/artifacts/physgate-m0-pu-diag/m0diag\result_PU_as_released_s0.json,threshold 0.4
m0-pu-diag-thr0.4-A1toA2-s0,rafiurrahman01,rafiurrahman01,0276773,,PU A1->A2,SDALR as_released,,0,"condition-wise (leaky, as published)",PU 8-class bearing-ID,R,2048,,84.75,,,,,,951,,https://www.kaggle.com/code/rafiurrahman01/physgate-m0-pu-diag,results/artifacts/physgate-m0-pu-diag/m0diag\result_PU_as_released_s0.json,threshold 0.4
m0-pu-diag-thr0.4-A3toA2-s1,rafiurrahman01,rafiurrahman01,0276773,,PU A3->A2,SDALR as_released,,1,"condition-wise (leaky, as published)",PU 8-class bearing-ID,R,2048,,92.1,,,,,,942,,https://www.kaggle.com/code/rafiurrahman01/physgate-m0-pu-diag,results/artifacts/physgate-m0-pu-diag/m0diag\result_PU_as_released_s1.json,threshold 0.4
m0-pu-diag-thr0.4-A1toA2-s1,rafiurrahman01,rafiurrahman01,0276773,,PU A1->A2,SDALR as_released,,1,"condition-wise (leaky, as published)",PU 8-class bearing-ID,R,2048,,96.66,,,,,,934,,https://www.kaggle.com/code/rafiurrahman01/physgate-m0-pu-diag,results/artifacts/physgate-m0-pu-diag/m0diag\result_PU_as_released_s1.json,threshold 0.4
m0-pu-diag-thr0.4-A3toA2-s2,rafiurrahman01,rafiurrahman01,0276773,,PU A3->A2,SDALR as_released,,2,"condition-wise (leaky, as published)",PU 8-class bearing-ID,R,2048,,97.82,,,,,,932,,https://www.kaggle.com/code/rafiurrahman01/physgate-m0-pu-diag,results/artifacts/physgate-m0-pu-diag/m0diag\result_PU_as_released_s2.json,threshold 0.4
m0-pu-diag-thr0.4-A1toA2-s2,rafiurrahman01,rafiurrahman01,0276773,,PU A1->A2,SDALR as_released,,2,"condition-wise (leaky, as published)",PU 8-class bearing-ID,R,2048,,90.14,,,,,,940,,https://www.kaggle.com/code/rafiurrahman01/physgate-m0-pu-diag,results/artifacts/physgate-m0-pu-diag/m0diag\result_PU_as_released_s2.json,threshold 0.4
m0-pu-diag-thr0.6-A3toA2-s0,rafiurrahman01,rafiurrahman01,0276773,,PU A3->A2,SDALR as_released,,0,"condition-wise (leaky, as published)",PU 8-class bearing-ID,R,2048,,97.62,,,,,,933,,https://www.kaggle.com/code/rafiurrahman01/physgate-m0-pu-diag,results/artifacts/physgate-m0-pu-diag/m0diag\result_PU_as_released_thr0.6_s0.json,threshold 0.6
m0-pu-diag-thr0.6-A1toA2-s0,rafiurrahman01,rafiurrahman01,0276773,,PU A1->A2,SDALR as_released,,0,"condition-wise (leaky, as published)",PU 8-class bearing-ID,R,2048,,84.75,,,,,,952,,https://www.kaggle.com/code/rafiurrahman01/physgate-m0-pu-diag,results/artifacts/physgate-m0-pu-diag/m0diag\result_PU_as_released_thr0.6_s0.json,threshold 0.6
m0-pu-diag-thr0.6-A3toA2-s1,rafiurrahman01,rafiurrahman01,0276773,,PU A3->A2,SDALR as_released,,1,"condition-wise (leaky, as published)",PU 8-class bearing-ID,R,2048,,92.1,,,,,,943,,https://www.kaggle.com/code/rafiurrahman01/physgate-m0-pu-diag,results/artifacts/physgate-m0-pu-diag/m0diag\result_PU_as_released_thr0.6_s1.json,threshold 0.6
m0-pu-diag-thr0.6-A1toA2-s1,rafiurrahman01,rafiurrahman01,0276773,,PU A1->A2,SDALR as_released,,1,"condition-wise (leaky, as published)",PU 8-class bearing-ID,R,2048,,96.66,,,,,,935,,https://www.kaggle.com/code/rafiurrahman01/physgate-m0-pu-diag,results/artifacts/physgate-m0-pu-diag/m0diag\result_PU_as_released_thr0.6_s1.json,threshold 0.6
m0-pu-diag-thr0.6-A3toA2-s2,rafiurrahman01,rafiurrahman01,0276773,,PU A3->A2,SDALR as_released,,2,"condition-wise (leaky, as published)",PU 8-class bearing-ID,R,2048,,97.82,,,,,,934,,https://www.kaggle.com/code/rafiurrahman01/physgate-m0-pu-diag,results/artifacts/physgate-m0-pu-diag/m0diag\result_PU_as_released_thr0.6_s2.json,threshold 0.6
m0-pu-diag-thr0.6-A1toA2-s2,rafiurrahman01,rafiurrahman01,0276773,,PU A1->A2,SDALR as_released,,2,"condition-wise (leaky, as published)",PU 8-class bearing-ID,R,2048,,90.14,,,,,,941,,https://www.kaggle.com/code/rafiurrahman01/physgate-m0-pu-diag,results/artifacts/physgate-m0-pu-diag/m0diag\result_PU_as_released_thr0.6_s2.json,threshold 0.6
m2-c30-FAtoB-A1toA3-s2024,rafiurrahman01,rafiurrahman01,ce49c0d,,PU_M1 A1->A3 FA->FB,SDALR final_checkpoint gate=c30,,2024,bearing-wise,L3,R,2048,,83.33,,,,,,366,,https://www.kaggle.com/code/rafiurrahman01/physgate-m2-fa,results/artifacts\physgate-m2-fa\m2\result_PU_M1_final_checkpoint_FAtoB_gatec30_s2024.json,single run (C82 repeats pending)
m2-c30-FAtoB-A1toA2-s2024,rafiurrahman01,rafiurrahman01,ce49c0d,,PU_M1 A1->A2 FA->FB,SDALR final_checkpoint gate=c30,,2024,bearing-wise,L3,R,2048,,76.93,,,,,,364,,https://www.kaggle.com/code/rafiurrahman01/physgate-m2-fa,results/artifacts\physgate-m2-fa\m2\result_PU_M1_final_checkpoint_FAtoB_gatec30_s2024.json,single run (C82 repeats pending)
m2-c30-FAtoB-A3toA1-s2024,rafiurrahman01,rafiurrahman01,ce49c0d,,PU_M1 A3->A1 FA->FB,SDALR final_checkpoint gate=c30,,2024,bearing-wise,L3,R,2048,,68.15,,,,,,361,,https://www.kaggle.com/code/rafiurrahman01/physgate-m2-fa,results/artifacts\physgate-m2-fa\m2\result_PU_M1_final_checkpoint_FAtoB_gatec30_s2024.json,single run (C82 repeats pending)
m2-c30-FAtoB-A3toA2-s2024,rafiurrahman01,rafiurrahman01,ce49c0d,,PU_M1 A3->A2 FA->FB,SDALR final_checkpoint gate=c30,,2024,bearing-wise,L3,R,2048,,57.33,,,,,,365,,https://www.kaggle.com/code/rafiurrahman01/physgate-m2-fa,results/artifacts\physgate-m2-fa\m2\result_PU_M1_final_checkpoint_FAtoB_gatec30_s2024.json,single run (C82 repeats pending)
m2-c30-FAtoB-A2toA1-s2024,rafiurrahman01,rafiurrahman01,ce49c0d,,PU_M1 A2->A1 FA->FB,SDALR final_checkpoint gate=c30,,2024,bearing-wise,L3,R,2048,,38.7,,,,,,365,,https://www.kaggle.com/code/rafiurrahman01/physgate-m2-fa,results/artifacts\physgate-m2-fa\m2\result_PU_M1_final_checkpoint_FAtoB_gatec30_s2024.json,single run (C82 repeats pending)
m2-c30-FAtoB-A2toA3-s2024,rafiurrahman01,rafiurrahman01,ce49c0d,,PU_M1 A2->A3 FA->FB,SDALR final_checkpoint gate=c30,,2024,bearing-wise,L3,R,2048,,45.53,,,,,,367,,https://www.kaggle.com/code/rafiurrahman01/physgate-m2-fa,results/artifacts\physgate-m2-fa\m2\result_PU_M1_final_checkpoint_FAtoB_gatec30_s2024.json,single run (C82 repeats pending)
m2-eagle-FAtoB-A1toA3-s2024,rafiurrahman01,rafiurrahman01,ce49c0d,,PU_M1 A1->A3 FA->FB,SDALR final_checkpoint gate=eagle,,2024,bearing-wise,L3,R,2048,,82.38,,,,,,367,,https://www.kaggle.com/code/rafiurrahman01/physgate-m2-fa,results/artifacts\physgate-m2-fa\m2\result_PU_M1_final_checkpoint_FAtoB_gateeagle_s2024.json,single run (C82 repeats pending)
m2-eagle-FAtoB-A1toA2-s2024,rafiurrahman01,rafiurrahman01,ce49c0d,,PU_M1 A1->A2 FA->FB,SDALR final_checkpoint gate=eagle,,2024,bearing-wise,L3,R,2048,,81.27,,,,,,367,,https://www.kaggle.com/code/rafiurrahman01/physgate-m2-fa,results/artifacts\physgate-m2-fa\m2\result_PU_M1_final_checkpoint_FAtoB_gateeagle_s2024.json,single run (C82 repeats pending)
m2-eagle-FAtoB-A3toA1-s2024,rafiurrahman01,rafiurrahman01,ce49c0d,,PU_M1 A3->A1 FA->FB,SDALR final_checkpoint gate=eagle,,2024,bearing-wise,L3,R,2048,,67.75,,,,,,363,,https://www.kaggle.com/code/rafiurrahman01/physgate-m2-fa,results/artifacts\physgate-m2-fa\m2\result_PU_M1_final_checkpoint_FAtoB_gateeagle_s2024.json,single run (C82 repeats pending)
m2-eagle-FAtoB-A3toA2-s2024,rafiurrahman01,rafiurrahman01,ce49c0d,,PU_M1 A3->A2 FA->FB,SDALR final_checkpoint gate=eagle,,2024,bearing-wise,L3,R,2048,,60.07,,,,,,366,,https://www.kaggle.com/code/rafiurrahman01/physgate-m2-fa,results/artifacts\physgate-m2-fa\m2\result_PU_M1_final_checkpoint_FAtoB_gateeagle_s2024.json,single run (C82 repeats pending)
m2-eagle-FAtoB-A2toA1-s2024,rafiurrahman01,rafiurrahman01,ce49c0d,,PU_M1 A2->A1 FA->FB,SDALR final_checkpoint gate=eagle,,2024,bearing-wise,L3,R,2048,,40.12,,,,,,365,,https://www.kaggle.com/code/rafiurrahman01/physgate-m2-fa,results/artifacts\physgate-m2-fa\m2\result_PU_M1_final_checkpoint_FAtoB_gateeagle_s2024.json,single run (C82 repeats pending)
m2-eagle-FAtoB-A2toA3-s2024,rafiurrahman01,rafiurrahman01,ce49c0d,,PU_M1 A2->A3 FA->FB,SDALR final_checkpoint gate=eagle,,2024,bearing-wise,L3,R,2048,,41.08,,,,,,367,,https://www.kaggle.com/code/rafiurrahman01/physgate-m2-fa,results/artifacts\physgate-m2-fa\m2\result_PU_M1_final_checkpoint_FAtoB_gateeagle_s2024.json,single run (C82 repeats pending)
m2-oracle-FAtoB-A1toA3-s2024,rafiurrahman01,rafiurrahman01,ce49c0d,,PU_M1 A1->A3 FA->FB,SDALR final_checkpoint gate=oracle,,2024,bearing-wise,L3,R,2048,,86.27,,,,,,364,,https://www.kaggle.com/code/rafiurrahman01/physgate-m2-fa,results/artifacts\physgate-m2-fa\m2\result_PU_M1_final_checkpoint_FAtoB_gateoracle_s2024.json,single run (C82 repeats pending)
m2-oracle-FAtoB-A1toA2-s2024,rafiurrahman01,rafiurrahman01,ce49c0d,,PU_M1 A1->A2 FA->FB,SDALR final_checkpoint gate=oracle,,2024,bearing-wise,L3,R,2048,,84.2,,,,,,363,,https://www.kaggle.com/code/rafiurrahman01/physgate-m2-fa,results/artifacts\physgate-m2-fa\m2\result_PU_M1_final_checkpoint_FAtoB_gateoracle_s2024.json,single run (C82 repeats pending)
m2-oracle-FAtoB-A3toA1-s2024,rafiurrahman01,rafiurrahman01,ce49c0d,,PU_M1 A3->A1 FA->FB,SDALR final_checkpoint gate=oracle,,2024,bearing-wise,L3,R,2048,,86.65,,,,,,364,,https://www.kaggle.com/code/rafiurrahman01/physgate-m2-fa,results/artifacts\physgate-m2-fa\m2\result_PU_M1_final_checkpoint_FAtoB_gateoracle_s2024.json,single run (C82 repeats pending)
m2-oracle-FAtoB-A3toA2-s2024,rafiurrahman01,rafiurrahman01,ce49c0d,,PU_M1 A3->A2 FA->FB,SDALR final_checkpoint gate=oracle,,2024,bearing-wise,L3,R,2048,,86.22,,,,,,364,,https://www.kaggle.com/code/rafiurrahman01/physgate-m2-fa,results/artifacts\physgate-m2-fa\m2\result_PU_M1_final_checkpoint_FAtoB_gateoracle_s2024.json,single run (C82 repeats pending)
m2-oracle-FAtoB-A2toA1-s2024,rafiurrahman01,rafiurrahman01,ce49c0d,,PU_M1 A2->A1 FA->FB,SDALR final_checkpoint gate=oracle,,2024,bearing-wise,L3,R,2048,,87.9,,,,,,364,,https://www.kaggle.com/code/rafiurrahman01/physgate-m2-fa,results/artifacts\physgate-m2-fa\m2\result_PU_M1_final_checkpoint_FAtoB_gateoracle_s2024.json,single run (C82 repeats pending)
m2-oracle-FAtoB-A2toA3-s2024,rafiurrahman01,rafiurrahman01,ce49c0d,,PU_M1 A2->A3 FA->FB,SDALR final_checkpoint gate=oracle,,2024,bearing-wise,L3,R,2048,,99.98,,,,,,363,,https://www.kaggle.com/code/rafiurrahman01/physgate-m2-fa,results/artifacts\physgate-m2-fa\m2\result_PU_M1_final_checkpoint_FAtoB_gateoracle_s2024.json,single run (C82 repeats pending)
m2-pcv-FAtoB-A1toA3-s2024,rafiurrahman01,rafiurrahman01,ce49c0d,,PU_M1 A1->A3 FA->FB,SDALR final_checkpoint gate=pcv,,2024,bearing-wise,L3,R,2048,,83.33,,,,,,366,,https://www.kaggle.com/code/rafiurrahman01/physgate-m2-fa,results/artifacts\physgate-m2-fa\m2\result_PU_M1_final_checkpoint_FAtoB_gatepcv_s2024.json,single run (C82 repeats pending)
m2-pcv-FAtoB-A1toA2-s2024,rafiurrahman01,rafiurrahman01,ce49c0d,,PU_M1 A1->A2 FA->FB,SDALR final_checkpoint gate=pcv,,2024,bearing-wise,L3,R,2048,,78.72,,,,,,364,,https://www.kaggle.com/code/rafiurrahman01/physgate-m2-fa,results/artifacts\physgate-m2-fa\m2\result_PU_M1_final_checkpoint_FAtoB_gatepcv_s2024.json,single run (C82 repeats pending)
m2-pcv-FAtoB-A3toA1-s2024,rafiurrahman01,rafiurrahman01,ce49c0d,,PU_M1 A3->A1 FA->FB,SDALR final_checkpoint gate=pcv,,2024,bearing-wise,L3,R,2048,,68.88,,,,,,362,,https://www.kaggle.com/code/rafiurrahman01/physgate-m2-fa,results/artifacts\physgate-m2-fa\m2\result_PU_M1_final_checkpoint_FAtoB_gatepcv_s2024.json,single run (C82 repeats pending)
m2-pcv-FAtoB-A3toA2-s2024,rafiurrahman01,rafiurrahman01,ce49c0d,,PU_M1 A3->A2 FA->FB,SDALR final_checkpoint gate=pcv,,2024,bearing-wise,L3,R,2048,,58.73,,,,,,366,,https://www.kaggle.com/code/rafiurrahman01/physgate-m2-fa,results/artifacts\physgate-m2-fa\m2\result_PU_M1_final_checkpoint_FAtoB_gatepcv_s2024.json,single run (C82 repeats pending)
m2-pcv-FAtoB-A2toA1-s2024,rafiurrahman01,rafiurrahman01,ce49c0d,,PU_M1 A2->A1 FA->FB,SDALR final_checkpoint gate=pcv,,2024,bearing-wise,L3,R,2048,,38.68,,,,,,365,,https://www.kaggle.com/code/rafiurrahman01/physgate-m2-fa,results/artifacts\physgate-m2-fa\m2\result_PU_M1_final_checkpoint_FAtoB_gatepcv_s2024.json,single run (C82 repeats pending)
m2-pcv-FAtoB-A2toA3-s2024,rafiurrahman01,rafiurrahman01,ce49c0d,,PU_M1 A2->A3 FA->FB,SDALR final_checkpoint gate=pcv,,2024,bearing-wise,L3,R,2048,,38.7,,,,,,365,,https://www.kaggle.com/code/rafiurrahman01/physgate-m2-fa,results/artifacts\physgate-m2-fa\m2\result_PU_M1_final_checkpoint_FAtoB_gatepcv_s2024.json,single run (C82 repeats pending)
m2-v2-FAtoB-A1toA3-s2024,rafiurrahman01,rafiurrahman01,ce49c0d,,PU_M1 A1->A3 FA->FB,SDALR final_checkpoint gate=v2,,2024,bearing-wise,L3,R,2048,,83.33,,,,,,366,,https://www.kaggle.com/code/rafiurrahman01/physgate-m2-fa,results/artifacts\physgate-m2-fa\m2\result_PU_M1_final_checkpoint_FAtoB_gatev2_s2024.json,single run (C82 repeats pending)
m2-v2-FAtoB-A1toA2-s2024,rafiurrahman01,rafiurrahman01,ce49c0d,,PU_M1 A1->A2 FA->FB,SDALR final_checkpoint gate=v2,,2024,bearing-wise,L3,R,2048,,76.98,,,,,,363,,https://www.kaggle.com/code/rafiurrahman01/physgate-m2-fa,results/artifacts\physgate-m2-fa\m2\result_PU_M1_final_checkpoint_FAtoB_gatev2_s2024.json,single run (C82 repeats pending)
m2-v2-FAtoB-A3toA1-s2024,rafiurrahman01,rafiurrahman01,ce49c0d,,PU_M1 A3->A1 FA->FB,SDALR final_checkpoint gate=v2,,2024,bearing-wise,L3,R,2048,,68.88,,,,,,363,,https://www.kaggle.com/code/rafiurrahman01/physgate-m2-fa,results/artifacts\physgate-m2-fa\m2\result_PU_M1_final_checkpoint_FAtoB_gatev2_s2024.json,single run (C82 repeats pending)
m2-v2-FAtoB-A3toA2-s2024,rafiurrahman01,rafiurrahman01,ce49c0d,,PU_M1 A3->A2 FA->FB,SDALR final_checkpoint gate=v2,,2024,bearing-wise,L3,R,2048,,57.72,,,,,,365,,https://www.kaggle.com/code/rafiurrahman01/physgate-m2-fa,results/artifacts\physgate-m2-fa\m2\result_PU_M1_final_checkpoint_FAtoB_gatev2_s2024.json,single run (C82 repeats pending)
m2-v2-FAtoB-A2toA1-s2024,rafiurrahman01,rafiurrahman01,ce49c0d,,PU_M1 A2->A1 FA->FB,SDALR final_checkpoint gate=v2,,2024,bearing-wise,L3,R,2048,,38.68,,,,,,364,,https://www.kaggle.com/code/rafiurrahman01/physgate-m2-fa,results/artifacts\physgate-m2-fa\m2\result_PU_M1_final_checkpoint_FAtoB_gatev2_s2024.json,single run (C82 repeats pending)
m2-v2-FAtoB-A2toA3-s2024,rafiurrahman01,rafiurrahman01,ce49c0d,,PU_M1 A2->A3 FA->FB,SDALR final_checkpoint gate=v2,,2024,bearing-wise,L3,R,2048,,38.68,,,,,,365,,https://www.kaggle.com/code/rafiurrahman01/physgate-m2-fa,results/artifacts\physgate-m2-fa\m2\result_PU_M1_final_checkpoint_FAtoB_gatev2_s2024.json,single run (C82 repeats pending)
m2-none-FAtoB-A1toA3-s2024,rafiurrahman01,rafiurrahman01,ce49c0d,,PU_M1 A1->A3 FA->FB,SDALR final_checkpoint gate=none,,2024,bearing-wise,L3,R,2048,,76.13,,,,,,366,,https://www.kaggle.com/code/rafiurrahman01/physgate-m2-fa,results/artifacts\physgate-m2-fa\m2\result_PU_M1_final_checkpoint_FAtoB_s2024.json,single run (C82 repeats pending)
m2-none-FAtoB-A1toA2-s2024,rafiurrahman01,rafiurrahman01,ce49c0d,,PU_M1 A1->A2 FA->FB,SDALR final_checkpoint gate=none,,2024,bearing-wise,L3,R,2048,,76.98,,,,,,363,,https://www.kaggle.com/code/rafiurrahman01/physgate-m2-fa,results/artifacts\physgate-m2-fa\m2\result_PU_M1_final_checkpoint_FAtoB_s2024.json,single run (C82 repeats pending)
m2-none-FAtoB-A3toA1-s2024,rafiurrahman01,rafiurrahman01,ce49c0d,,PU_M1 A3->A1 FA->FB,SDALR final_checkpoint gate=none,,2024,bearing-wise,L3,R,2048,,61.12,,,,,,363,,https://www.kaggle.com/code/rafiurrahman01/physgate-m2-fa,results/artifacts\physgate-m2-fa\m2\result_PU_M1_final_checkpoint_FAtoB_s2024.json,single run (C82 repeats pending)
m2-none-FAtoB-A3toA2-s2024,rafiurrahman01,rafiurrahman01,ce49c0d,,PU_M1 A3->A2 FA->FB,SDALR final_checkpoint gate=none,,2024,bearing-wise,L3,R,2048,,57.72,,,,,,364,,https://www.kaggle.com/code/rafiurrahman01/physgate-m2-fa,results/artifacts\physgate-m2-fa\m2\result_PU_M1_final_checkpoint_FAtoB_s2024.json,single run (C82 repeats pending)
m2-none-FAtoB-A2toA1-s2024,rafiurrahman01,rafiurrahman01,ce49c0d,,PU_M1 A2->A1 FA->FB,SDALR final_checkpoint gate=none,,2024,bearing-wise,L3,R,2048,,34.07,,,,,,364,,https://www.kaggle.com/code/rafiurrahman01/physgate-m2-fa,results/artifacts\physgate-m2-fa\m2\result_PU_M1_final_checkpoint_FAtoB_s2024.json,single run (C82 repeats pending)
m2-none-FAtoB-A2toA3-s2024,rafiurrahman01,rafiurrahman01,ce49c0d,,PU_M1 A2->A3 FA->FB,SDALR final_checkpoint gate=none,,2024,bearing-wise,L3,R,2048,,34.55,,,,,,364,,https://www.kaggle.com/code/rafiurrahman01/physgate-m2-fa,results/artifacts\physgate-m2-fa\m2\result_PU_M1_final_checkpoint_FAtoB_s2024.json,single run (C82 repeats pending)
m2-c30-FBtoA-A1toA3-s2024,rafiurrahman01,rafiurrahman01,ce49c0d,,PU_M1 A1->A3 FB->FA,SDALR final_checkpoint gate=c30,,2024,bearing-wise,L3,R,2048,,58.38,,,,,,348,,https://www.kaggle.com/code/rafiurrahman01/physgate-m2-fb,results/artifacts\physgate-m2-fb\m2\result_PU_M1_final_checkpoint_FBtoA_gatec30_s2024.json,single run (C82 repeats pending)
m2-c30-FBtoA-A1toA2-s2024,rafiurrahman01,rafiurrahman01,ce49c0d,,PU_M1 A1->A2 FB->FA,SDALR final_checkpoint gate=c30,,2024,bearing-wise,L3,R,2048,,55.23,,,,,,347,,https://www.kaggle.com/code/rafiurrahman01/physgate-m2-fb,results/artifacts\physgate-m2-fb\m2\result_PU_M1_final_checkpoint_FBtoA_gatec30_s2024.json,single run (C82 repeats pending)
m2-c30-FBtoA-A3toA1-s2024,rafiurrahman01,rafiurrahman01,ce49c0d,,PU_M1 A3->A1 FB->FA,SDALR final_checkpoint gate=c30,,2024,bearing-wise,L3,R,2048,,60.07,,,,,,346,,https://www.kaggle.com/code/rafiurrahman01/physgate-m2-fb,results/artifacts\physgate-m2-fb\m2\result_PU_M1_final_checkpoint_FBtoA_gatec30_s2024.json,single run (C82 repeats pending)
m2-c30-FBtoA-A3toA2-s2024,rafiurrahman01,rafiurrahman01,ce49c0d,,PU_M1 A3->A2 FB->FA,SDALR final_checkpoint gate=c30,,2024,bearing-wise,L3,R,2048,,55.23,,,,,,346,,https://www.kaggle.com/code/rafiurrahman01/physgate-m2-fb,results/artifacts\physgate-m2-fb\m2\result_PU_M1_final_checkpoint_FBtoA_gatec30_s2024.json,single run (C82 repeats pending)
m2-c30-FBtoA-A2toA1-s2024,rafiurrahman01,rafiurrahman01,ce49c0d,,PU_M1 A2->A1 FB->FA,SDALR final_checkpoint gate=c30,,2024,bearing-wise,L3,R,2048,,62.62,,,,,,346,,https://www.kaggle.com/code/rafiurrahman01/physgate-m2-fb,results/artifacts\physgate-m2-fb\m2\result_PU_M1_final_checkpoint_FBtoA_gatec30_s2024.json,single run (C82 repeats pending)
m2-c30-FBtoA-A2toA3-s2024,rafiurrahman01,rafiurrahman01,ce49c0d,,PU_M1 A2->A3 FB->FA,SDALR final_checkpoint gate=c30,,2024,bearing-wise,L3,R,2048,,58.12,,,,,,347,,https://www.kaggle.com/code/rafiurrahman01/physgate-m2-fb,results/artifacts\physgate-m2-fb\m2\result_PU_M1_final_checkpoint_FBtoA_gatec30_s2024.json,single run (C82 repeats pending)
m2-eagle-FBtoA-A1toA3-s2024,rafiurrahman01,rafiurrahman01,ce49c0d,,PU_M1 A1->A3 FB->FA,SDALR final_checkpoint gate=eagle,,2024,bearing-wise,L3,R,2048,,38.23,,,,,,345,,https://www.kaggle.com/code/rafiurrahman01/physgate-m2-fb,results/artifacts\physgate-m2-fb\m2\result_PU_M1_final_checkpoint_FBtoA_gateeagle_s2024.json,single run (C82 repeats pending)
m2-eagle-FBtoA-A1toA2-s2024,rafiurrahman01,rafiurrahman01,ce49c0d,,PU_M1 A1->A2 FB->FA,SDALR final_checkpoint gate=eagle,,2024,bearing-wise,L3,R,2048,,44.87,,,,,,345,,https://www.kaggle.com/code/rafiurrahman01/physgate-m2-fb,results/artifacts\physgate-m2-fb\m2\result_PU_M1_final_checkpoint_FBtoA_gateeagle_s2024.json,single run (C82 repeats pending)
m2-eagle-FBtoA-A3toA1-s2024,rafiurrahman01,rafiurrahman01,ce49c0d,,PU_M1 A3->A1 FB->FA,SDALR final_checkpoint gate=eagle,,2024,bearing-wise,L3,R,2048,,44.7,,,,,,344,,https://www.kaggle.com/code/rafiurrahman01/physgate-m2-fb,results/artifacts\physgate-m2-fb\m2\result_PU_M1_final_checkpoint_FBtoA_gateeagle_s2024.json,single run (C82 repeats pending)
m2-eagle-FBtoA-A3toA2-s2024,rafiurrahman01,rafiurrahman01,ce49c0d,,PU_M1 A3->A2 FB->FA,SDALR final_checkpoint gate=eagle,,2024,bearing-wise,L3,R,2048,,44.77,,,,,,344,,https://www.kaggle.com/code/rafiurrahman01/physgate-m2-fb,results/artifacts\physgate-m2-fb\m2\result_PU_M1_final_checkpoint_FBtoA_gateeagle_s2024.json,single run (C82 repeats pending)
m2-eagle-FBtoA-A2toA1-s2024,rafiurrahman01,rafiurrahman01,ce49c0d,,PU_M1 A2->A1 FB->FA,SDALR final_checkpoint gate=eagle,,2024,bearing-wise,L3,R,2048,,35.32,,,,,,344,,https://www.kaggle.com/code/rafiurrahman01/physgate-m2-fb,results/artifacts\physgate-m2-fb\m2\result_PU_M1_final_checkpoint_FBtoA_gateeagle_s2024.json,single run (C82 repeats pending)
m2-eagle-FBtoA-A2toA3-s2024,rafiurrahman01,rafiurrahman01,ce49c0d,,PU_M1 A2->A3 FB->FA,SDALR final_checkpoint gate=eagle,,2024,bearing-wise,L3,R,2048,,44.7,,,,,,344,,https://www.kaggle.com/code/rafiurrahman01/physgate-m2-fb,results/artifacts\physgate-m2-fb\m2\result_PU_M1_final_checkpoint_FBtoA_gateeagle_s2024.json,single run (C82 repeats pending)
m2-oracle-FBtoA-A1toA3-s2024,rafiurrahman01,rafiurrahman01,ce49c0d,,PU_M1 A1->A3 FB->FA,SDALR final_checkpoint gate=oracle,,2024,bearing-wise,L3,R,2048,,75.7,,,,,,346,,https://www.kaggle.com/code/rafiurrahman01/physgate-m2-fb,results/artifacts\physgate-m2-fb\m2\result_PU_M1_final_checkpoint_FBtoA_gateoracle_s2024.json,single run (C82 repeats pending)
m2-oracle-FBtoA-A1toA2-s2024,rafiurrahman01,rafiurrahman01,ce49c0d,,PU_M1 A1->A2 FB->FA,SDALR final_checkpoint gate=oracle,,2024,bearing-wise,L3,R,2048,,81.22,,,,,,346,,https://www.kaggle.com/code/rafiurrahman01/physgate-m2-fb,results/artifacts\physgate-m2-fb\m2\result_PU_M1_final_checkpoint_FBtoA_gateoracle_s2024.json,single run (C82 repeats pending)
m2-oracle-FBtoA-A3toA1-s2024,rafiurrahman01,rafiurrahman01,ce49c0d,,PU_M1 A3->A1 FB->FA,SDALR final_checkpoint gate=oracle,,2024,bearing-wise,L3,R,2048,,75.18,,,,,,345,,https://www.kaggle.com/code/rafiurrahman01/physgate-m2-fb,results/artifacts\physgate-m2-fb\m2\result_PU_M1_final_checkpoint_FBtoA_gateoracle_s2024.json,single run (C82 repeats pending)
m2-oracle-FBtoA-A3toA2-s2024,rafiurrahman01,rafiurrahman01,ce49c0d,,PU_M1 A3->A2 FB->FA,SDALR final_checkpoint gate=oracle,,2024,bearing-wise,L3,R,2048,,81.73,,,,,,345,,https://www.kaggle.com/code/rafiurrahman01/physgate-m2-fb,results/artifacts\physgate-m2-fb\m2\result_PU_M1_final_checkpoint_FBtoA_gateoracle_s2024.json,single run (C82 repeats pending)
m2-oracle-FBtoA-A2toA1-s2024,rafiurrahman01,rafiurrahman01,ce49c0d,,PU_M1 A2->A1 FB->FA,SDALR final_checkpoint gate=oracle,,2024,bearing-wise,L3,R,2048,,74.12,,,,,,345,,https://www.kaggle.com/code/rafiurrahman01/physgate-m2-fb,results/artifacts\physgate-m2-fb\m2\result_PU_M1_final_checkpoint_FBtoA_gateoracle_s2024.json,single run (C82 repeats pending)
m2-oracle-FBtoA-A2toA3-s2024,rafiurrahman01,rafiurrahman01,ce49c0d,,PU_M1 A2->A3 FB->FA,SDALR final_checkpoint gate=oracle,,2024,bearing-wise,L3,R,2048,,72.9,,,,,,345,,https://www.kaggle.com/code/rafiurrahman01/physgate-m2-fb,results/artifacts\physgate-m2-fb\m2\result_PU_M1_final_checkpoint_FBtoA_gateoracle_s2024.json,single run (C82 repeats pending)
m2-pcv-FBtoA-A1toA3-s2024,rafiurrahman01,rafiurrahman01,ce49c0d,,PU_M1 A1->A3 FB->FA,SDALR final_checkpoint gate=pcv,,2024,bearing-wise,L3,R,2048,,69.85,,,,,,347,,https://www.kaggle.com/code/rafiurrahman01/physgate-m2-fb,results/artifacts\physgate-m2-fb\m2\result_PU_M1_final_checkpoint_FBtoA_gatepcv_s2024.json,single run (C82 repeats pending)
m2-pcv-FBtoA-A1toA2-s2024,rafiurrahman01,rafiurrahman01,ce49c0d,,PU_M1 A1->A2 FB->FA,SDALR final_checkpoint gate=pcv,,2024,bearing-wise,L3,R,2048,,55.22,,,,,,347,,https://www.kaggle.com/code/rafiurrahman01/physgate-m2-fb,results/artifacts\physgate-m2-fb\m2\result_PU_M1_final_checkpoint_FBtoA_gatepcv_s2024.json,single run (C82 repeats pending)
m2-pcv-FBtoA-A3toA1-s2024,rafiurrahman01,rafiurrahman01,ce49c0d,,PU_M1 A3->A1 FB->FA,SDALR final_checkpoint gate=pcv,,2024,bearing-wise,L3,R,2048,,61.9,,,,,,347,,https://www.kaggle.com/code/rafiurrahman01/physgate-m2-fb,results/artifacts\physgate-m2-fb\m2\result_PU_M1_final_checkpoint_FBtoA_gatepcv_s2024.json,single run (C82 repeats pending)
m2-pcv-FBtoA-A3toA2-s2024,rafiurrahman01,rafiurrahman01,ce49c0d,,PU_M1 A3->A2 FB->FA,SDALR final_checkpoint gate=pcv,,2024,bearing-wise,L3,R,2048,,55.28,,,,,,347,,https://www.kaggle.com/code/rafiurrahman01/physgate-m2-fb,results/artifacts\physgate-m2-fb\m2\result_PU_M1_final_checkpoint_FBtoA_gatepcv_s2024.json,single run (C82 repeats pending)
m2-pcv-FBtoA-A2toA1-s2024,rafiurrahman01,rafiurrahman01,ce49c0d,,PU_M1 A2->A1 FB->FA,SDALR final_checkpoint gate=pcv,,2024,bearing-wise,L3,R,2048,,63.38,,,,,,347,,https://www.kaggle.com/code/rafiurrahman01/physgate-m2-fb,results/artifacts\physgate-m2-fb\m2\result_PU_M1_final_checkpoint_FBtoA_gatepcv_s2024.json,single run (C82 repeats pending)
m2-pcv-FBtoA-A2toA3-s2024,rafiurrahman01,rafiurrahman01,ce49c0d,,PU_M1 A2->A3 FB->FA,SDALR final_checkpoint gate=pcv,,2024,bearing-wise,L3,R,2048,,68.18,,,,,,347,,https://www.kaggle.com/code/rafiurrahman01/physgate-m2-fb,results/artifacts\physgate-m2-fb\m2\result_PU_M1_final_checkpoint_FBtoA_gatepcv_s2024.json,single run (C82 repeats pending)
m2-v2-FBtoA-A1toA3-s2024,rafiurrahman01,rafiurrahman01,ce49c0d,,PU_M1 A1->A3 FB->FA,SDALR final_checkpoint gate=v2,,2024,bearing-wise,L3,R,2048,,58.53,,,,,,349,,https://www.kaggle.com/code/rafiurrahman01/physgate-m2-fb,results/artifacts\physgate-m2-fb\m2\result_PU_M1_final_checkpoint_FBtoA_gatev2_s2024.json,single run (C82 repeats pending)
m2-v2-FBtoA-A1toA2-s2024,rafiurrahman01,rafiurrahman01,ce49c0d,,PU_M1 A1->A2 FB->FA,SDALR final_checkpoint gate=v2,,2024,bearing-wise,L3,R,2048,,55.23,,,,,,347,,https://www.kaggle.com/code/rafiurrahman01/physgate-m2-fb,results/artifacts\physgate-m2-fb\m2\result_PU_M1_final_checkpoint_FBtoA_gatev2_s2024.json,single run (C82 repeats pending)
m2-v2-FBtoA-A3toA1-s2024,rafiurrahman01,rafiurrahman01,ce49c0d,,PU_M1 A3->A1 FB->FA,SDALR final_checkpoint gate=v2,,2024,bearing-wise,L3,R,2048,,63.4,,,,,,347,,https://www.kaggle.com/code/rafiurrahman01/physgate-m2-fb,results/artifacts\physgate-m2-fb\m2\result_PU_M1_final_checkpoint_FBtoA_gatev2_s2024.json,single run (C82 repeats pending)
m2-v2-FBtoA-A3toA2-s2024,rafiurrahman01,rafiurrahman01,ce49c0d,,PU_M1 A3->A2 FB->FA,SDALR final_checkpoint gate=v2,,2024,bearing-wise,L3,R,2048,,55.23,,,,,,346,,https://www.kaggle.com/code/rafiurrahman01/physgate-m2-fb,results/artifacts\physgate-m2-fb\m2\result_PU_M1_final_checkpoint_FBtoA_gatev2_s2024.json,single run (C82 repeats pending)
m2-v2-FBtoA-A2toA1-s2024,rafiurrahman01,rafiurrahman01,ce49c0d,,PU_M1 A2->A1 FB->FA,SDALR final_checkpoint gate=v2,,2024,bearing-wise,L3,R,2048,,62.15,,,,,,346,,https://www.kaggle.com/code/rafiurrahman01/physgate-m2-fb,results/artifacts\physgate-m2-fb\m2\result_PU_M1_final_checkpoint_FBtoA_gatev2_s2024.json,single run (C82 repeats pending)
m2-v2-FBtoA-A2toA3-s2024,rafiurrahman01,rafiurrahman01,ce49c0d,,PU_M1 A2->A3 FB->FA,SDALR final_checkpoint gate=v2,,2024,bearing-wise,L3,R,2048,,58.43,,,,,,347,,https://www.kaggle.com/code/rafiurrahman01/physgate-m2-fb,results/artifacts\physgate-m2-fb\m2\result_PU_M1_final_checkpoint_FBtoA_gatev2_s2024.json,single run (C82 repeats pending)
m2-none-FBtoA-A1toA3-s2024,rafiurrahman01,rafiurrahman01,ce49c0d,,PU_M1 A1->A3 FB->FA,SDALR final_checkpoint gate=none,,2024,bearing-wise,L3,R,2048,,55.33,,,,,,347,,https://www.kaggle.com/code/rafiurrahman01/physgate-m2-fb,results/artifacts\physgate-m2-fb\m2\result_PU_M1_final_checkpoint_FBtoA_s2024.json,single run (C82 repeats pending)
m2-none-FBtoA-A1toA2-s2024,rafiurrahman01,rafiurrahman01,ce49c0d,,PU_M1 A1->A2 FB->FA,SDALR final_checkpoint gate=none,,2024,bearing-wise,L3,R,2048,,55.27,,,,,,347,,https://www.kaggle.com/code/rafiurrahman01/physgate-m2-fb,results/artifacts\physgate-m2-fb\m2\result_PU_M1_final_checkpoint_FBtoA_s2024.json,single run (C82 repeats pending)
m2-none-FBtoA-A3toA1-s2024,rafiurrahman01,rafiurrahman01,ce49c0d,,PU_M1 A3->A1 FB->FA,SDALR final_checkpoint gate=none,,2024,bearing-wise,L3,R,2048,,55.33,,,,,,347,,https://www.kaggle.com/code/rafiurrahman01/physgate-m2-fb,results/artifacts\physgate-m2-fb\m2\result_PU_M1_final_checkpoint_FBtoA_s2024.json,single run (C82 repeats pending)
m2-none-FBtoA-A3toA2-s2024,rafiurrahman01,rafiurrahman01,ce49c0d,,PU_M1 A3->A2 FB->FA,SDALR final_checkpoint gate=none,,2024,bearing-wise,L3,R,2048,,55.28,,,,,,346,,https://www.kaggle.com/code/rafiurrahman01/physgate-m2-fb,results/artifacts\physgate-m2-fb\m2\result_PU_M1_final_checkpoint_FBtoA_s2024.json,single run (C82 repeats pending)
m2-none-FBtoA-A2toA1-s2024,rafiurrahman01,rafiurrahman01,ce49c0d,,PU_M1 A2->A1 FB->FA,SDALR final_checkpoint gate=none,,2024,bearing-wise,L3,R,2048,,55.33,,,,,,346,,https://www.kaggle.com/code/rafiurrahman01/physgate-m2-fb,results/artifacts\physgate-m2-fb\m2\result_PU_M1_final_checkpoint_FBtoA_s2024.json,single run (C82 repeats pending)
m2-none-FBtoA-A2toA3-s2024,rafiurrahman01,rafiurrahman01,ce49c0d,,PU_M1 A2->A3 FB->FA,SDALR final_checkpoint gate=none,,2024,bearing-wise,L3,R,2048,,55.33,,,,,,347,,https://www.kaggle.com/code/rafiurrahman01/physgate-m2-fb,results/artifacts\physgate-m2-fb\m2\result_PU_M1_final_checkpoint_FBtoA_s2024.json,single run (C82 repeats pending)
physgate-m0-jnu-as_released-NonetoNone-none-B1toB2-s2024,rafiurrahman01,rafiurrahman01,206a32b,,JNU B1->B2 None->None,SDALR as_released gate=none,,2024,leaky,L3,R,2048,,99.86,,,,,,448,,https://www.kaggle.com/code/rafiurrahman01/physgate-m0-jnu,results/artifacts/physgate-m0-jnu/m0/result_JNU_as_released_s2024.json,
physgate-m0-jnu-as_released-NonetoNone-none-B1toB3-s2024,rafiurrahman01,rafiurrahman01,206a32b,,JNU B1->B3 None->None,SDALR as_released gate=none,,2024,leaky,L3,R,2048,,100.0,,,,,,448,,https://www.kaggle.com/code/rafiurrahman01/physgate-m0-jnu,results/artifacts/physgate-m0-jnu/m0/result_JNU_as_released_s2024.json,
physgate-m0-jnu-as_released-NonetoNone-none-B2toB1-s2024,rafiurrahman01,rafiurrahman01,206a32b,,JNU B2->B1 None->None,SDALR as_released gate=none,,2024,leaky,L3,R,2048,,95.26,,,,,,451,,https://www.kaggle.com/code/rafiurrahman01/physgate-m0-jnu,results/artifacts/physgate-m0-jnu/m0/result_JNU_as_released_s2024.json,
physgate-m0-jnu-as_released-NonetoNone-none-B2toB3-s2024,rafiurrahman01,rafiurrahman01,206a32b,,JNU B2->B3 None->None,SDALR as_released gate=none,,2024,leaky,L3,R,2048,,100.0,,,,,,448,,https://www.kaggle.com/code/rafiurrahman01/physgate-m0-jnu,results/artifacts/physgate-m0-jnu/m0/result_JNU_as_released_s2024.json,
physgate-m0-jnu-as_released-NonetoNone-none-B3toB1-s2024,rafiurrahman01,rafiurrahman01,206a32b,,JNU B3->B1 None->None,SDALR as_released gate=none,,2024,leaky,L3,R,2048,,93.19,,,,,,451,,https://www.kaggle.com/code/rafiurrahman01/physgate-m0-jnu,results/artifacts/physgate-m0-jnu/m0/result_JNU_as_released_s2024.json,
physgate-m0-jnu-as_released-NonetoNone-none-B3toB2-s2024,rafiurrahman01,rafiurrahman01,206a32b,,JNU B3->B2 None->None,SDALR as_released gate=none,,2024,leaky,L3,R,2048,,99.89,,,,,,447,,https://www.kaggle.com/code/rafiurrahman01/physgate-m0-jnu,results/artifacts/physgate-m0-jnu/m0/result_JNU_as_released_s2024.json,
physgate-m0-jnu-final_checkpoint-NonetoNone-none-B1toB2-s2024,rafiurrahman01,rafiurrahman01,206a32b,,JNU B1->B2 None->None,SDALR final_checkpoint gate=none,,2024,leaky,L3,R,2048,,99.86,,,,,,449,,https://www.kaggle.com/code/rafiurrahman01/physgate-m0-jnu,results/artifacts/physgate-m0-jnu/m0/result_JNU_final_checkpoint_s2024.json,
physgate-m0-jnu-final_checkpoint-NonetoNone-none-B1toB3-s2024,rafiurrahman01,rafiurrahman01,206a32b,,JNU B1->B3 None->None,SDALR final_checkpoint gate=none,,2024,leaky,L3,R,2048,,100.0,,,,,,448,,https://www.kaggle.com/code/rafiurrahman01/physgate-m0-jnu,results/artifacts/physgate-m0-jnu/m0/result_JNU_final_checkpoint_s2024.json,
physgate-m0-jnu-final_checkpoint-NonetoNone-none-B2toB1-s2024,rafiurrahman01,rafiurrahman01,206a32b,,JNU B2->B1 None->None,SDALR final_checkpoint gate=none,,2024,leaky,L3,R,2048,,95.26,,,,,,450,,https://www.kaggle.com/code/rafiurrahman01/physgate-m0-jnu,results/artifacts/physgate-m0-jnu/m0/result_JNU_final_checkpoint_s2024.json,
physgate-m0-jnu-final_checkpoint-NonetoNone-none-B2toB3-s2024,rafiurrahman01,rafiurrahman01,206a32b,,JNU B2->B3 None->None,SDALR final_checkpoint gate=none,,2024,leaky,L3,R,2048,,100.0,,,,,,446,,https://www.kaggle.com/code/rafiurrahman01/physgate-m0-jnu,results/artifacts/physgate-m0-jnu/m0/result_JNU_final_checkpoint_s2024.json,
physgate-m0-jnu-final_checkpoint-NonetoNone-none-B3toB1-s2024,rafiurrahman01,rafiurrahman01,206a32b,,JNU B3->B1 None->None,SDALR final_checkpoint gate=none,,2024,leaky,L3,R,2048,,93.19,,,,,,450,,https://www.kaggle.com/code/rafiurrahman01/physgate-m0-jnu,results/artifacts/physgate-m0-jnu/m0/result_JNU_final_checkpoint_s2024.json,
physgate-m0-jnu-final_checkpoint-NonetoNone-none-B3toB2-s2024,rafiurrahman01,rafiurrahman01,206a32b,,JNU B3->B2 None->None,SDALR final_checkpoint gate=none,,2024,leaky,L3,R,2048,,99.89,,,,,,446,,https://www.kaggle.com/code/rafiurrahman01/physgate-m0-jnu,results/artifacts/physgate-m0-jnu/m0/result_JNU_final_checkpoint_s2024.json,
physgate-m0-pu-as_released-NonetoNone-none-A1toA3-s2024,rafiurrahman01,rafiurrahman01,206a32b,,PU A1->A3 None->None,SDALR as_released gate=none,,2024,leaky,L3,R,2048,,99.93,,,,,,928,,https://www.kaggle.com/code/rafiurrahman01/physgate-m0-pu,results/artifacts/physgate-m0-pu/m0/result_PU_as_released_s2024.json,
physgate-m0-pu-as_released-NonetoNone-none-A1toA2-s2024,rafiurrahman01,rafiurrahman01,206a32b,,PU A1->A2 None->None,SDALR as_released gate=none,,2024,leaky,L3,R,2048,,89.82,,,,,,939,,https://www.kaggle.com/code/rafiurrahman01/physgate-m0-pu,results/artifacts/physgate-m0-pu/m0/result_PU_as_released_s2024.json,
physgate-m0-pu-as_released-NonetoNone-none-A3toA1-s2024,rafiurrahman01,rafiurrahman01,206a32b,,PU A3->A1 None->None,SDALR as_released gate=none,,2024,leaky,L3,R,2048,,99.97,,,,,,927,,https://www.kaggle.com/code/rafiurrahman01/physgate-m0-pu,results/artifacts/physgate-m0-pu/m0/result_PU_as_released_s2024.json,
physgate-m0-pu-as_released-NonetoNone-none-A3toA2-s2024,rafiurrahman01,rafiurrahman01,206a32b,,PU A3->A2 None->None,SDALR as_released gate=none,,2024,leaky,L3,R,2048,,88.06,,,,,,941,,https://www.kaggle.com/code/rafiurrahman01/physgate-m0-pu,results/artifacts/physgate-m0-pu/m0/result_PU_as_released_s2024.json,
physgate-m0-pu-as_released-NonetoNone-none-A2toA1-s2024,rafiurrahman01,rafiurrahman01,206a32b,,PU A2->A1 None->None,SDALR as_released gate=none,,2024,leaky,L3,R,2048,,99.62,,,,,,933,,https://www.kaggle.com/code/rafiurrahman01/physgate-m0-pu,results/artifacts/physgate-m0-pu/m0/result_PU_as_released_s2024.json,
physgate-m0-pu-as_released-NonetoNone-none-A2toA3-s2024,rafiurrahman01,rafiurrahman01,206a32b,,PU A2->A3 None->None,SDALR as_released gate=none,,2024,leaky,L3,R,2048,,99.78,,,,,,931,,https://www.kaggle.com/code/rafiurrahman01/physgate-m0-pu,results/artifacts/physgate-m0-pu/m0/result_PU_as_released_s2024.json,
physgate-m0-pu-final_checkpoint-NonetoNone-none-A1toA3-s2024,rafiurrahman01,rafiurrahman01,206a32b,,PU A1->A3 None->None,SDALR final_checkpoint gate=none,,2024,leaky,L3,R,2048,,99.92,,,,,,929,,https://www.kaggle.com/code/rafiurrahman01/physgate-m0-pu,results/artifacts/physgate-m0-pu/m0/result_PU_final_checkpoint_s2024.json,
physgate-m0-pu-final_checkpoint-NonetoNone-none-A1toA2-s2024,rafiurrahman01,rafiurrahman01,206a32b,,PU A1->A2 None->None,SDALR final_checkpoint gate=none,,2024,leaky,L3,R,2048,,87.56,,,,,,941,,https://www.kaggle.com/code/rafiurrahman01/physgate-m0-pu,results/artifacts/physgate-m0-pu/m0/result_PU_final_checkpoint_s2024.json,
physgate-m0-pu-final_checkpoint-NonetoNone-none-A3toA1-s2024,rafiurrahman01,rafiurrahman01,206a32b,,PU A3->A1 None->None,SDALR final_checkpoint gate=none,,2024,leaky,L3,R,2048,,99.96,,,,,,928,,https://www.kaggle.com/code/rafiurrahman01/physgate-m0-pu,results/artifacts/physgate-m0-pu/m0/result_PU_final_checkpoint_s2024.json,
physgate-m0-pu-final_checkpoint-NonetoNone-none-A3toA2-s2024,rafiurrahman01,rafiurrahman01,206a32b,,PU A3->A2 None->None,SDALR final_checkpoint gate=none,,2024,leaky,L3,R,2048,,87.41,,,,,,942,,https://www.kaggle.com/code/rafiurrahman01/physgate-m0-pu,results/artifacts/physgate-m0-pu/m0/result_PU_final_checkpoint_s2024.json,
physgate-m0-pu-final_checkpoint-NonetoNone-none-A2toA1-s2024,rafiurrahman01,rafiurrahman01,206a32b,,PU A2->A1 None->None,SDALR final_checkpoint gate=none,,2024,leaky,L3,R,2048,,99.62,,,,,,934,,https://www.kaggle.com/code/rafiurrahman01/physgate-m0-pu,results/artifacts/physgate-m0-pu/m0/result_PU_final_checkpoint_s2024.json,
physgate-m0-pu-final_checkpoint-NonetoNone-none-A2toA3-s2024,rafiurrahman01,rafiurrahman01,206a32b,,PU A2->A3 None->None,SDALR final_checkpoint gate=none,,2024,leaky,L3,R,2048,,99.78,,,,,,932,,https://www.kaggle.com/code/rafiurrahman01/physgate-m0-pu,results/artifacts/physgate-m0-pu/m0/result_PU_final_checkpoint_s2024.json,
physgate-m0-pu-diag-as_released-NonetoNone-none-A3toA2-s0,rafiurrahman01,rafiurrahman01,206a32b,,PU A3->A2 None->None,SDALR as_released gate=none,,0,leaky,L3,R,2048,,97.62,,,,,,933,,https://www.kaggle.com/code/rafiurrahman01/physgate-m0-pu-diag,results/artifacts/physgate-m0-pu-diag/m0diag/result_PU_as_released_s0.json,
physgate-m0-pu-diag-as_released-NonetoNone-none-A1toA2-s0,rafiurrahman01,rafiurrahman01,206a32b,,PU A1->A2 None->None,SDALR as_released gate=none,,0,leaky,L3,R,2048,,84.75,,,,,,951,,https://www.kaggle.com/code/rafiurrahman01/physgate-m0-pu-diag,results/artifacts/physgate-m0-pu-diag/m0diag/result_PU_as_released_s0.json,
physgate-m0-pu-diag-as_released-NonetoNone-none-A3toA2-s1,rafiurrahman01,rafiurrahman01,206a32b,,PU A3->A2 None->None,SDALR as_released gate=none,,1,leaky,L3,R,2048,,92.1,,,,,,942,,https://www.kaggle.com/code/rafiurrahman01/physgate-m0-pu-diag,results/artifacts/physgate-m0-pu-diag/m0diag/result_PU_as_released_s1.json,
physgate-m0-pu-diag-as_released-NonetoNone-none-A1toA2-s1,rafiurrahman01,rafiurrahman01,206a32b,,PU A1->A2 None->None,SDALR as_released gate=none,,1,leaky,L3,R,2048,,96.66,,,,,,934,,https://www.kaggle.com/code/rafiurrahman01/physgate-m0-pu-diag,results/artifacts/physgate-m0-pu-diag/m0diag/result_PU_as_released_s1.json,
physgate-m0-pu-diag-as_released-NonetoNone-none-A3toA2-s2,rafiurrahman01,rafiurrahman01,206a32b,,PU A3->A2 None->None,SDALR as_released gate=none,,2,leaky,L3,R,2048,,97.82,,,,,,932,,https://www.kaggle.com/code/rafiurrahman01/physgate-m0-pu-diag,results/artifacts/physgate-m0-pu-diag/m0diag/result_PU_as_released_s2.json,
physgate-m0-pu-diag-as_released-NonetoNone-none-A1toA2-s2,rafiurrahman01,rafiurrahman01,206a32b,,PU A1->A2 None->None,SDALR as_released gate=none,,2,leaky,L3,R,2048,,90.14,,,,,,940,,https://www.kaggle.com/code/rafiurrahman01/physgate-m0-pu-diag,results/artifacts/physgate-m0-pu-diag/m0diag/result_PU_as_released_s2.json,
physgate-m0-pu-diag-as_released-NonetoNone-none-A3toA2-s0,rafiurrahman01,rafiurrahman01,206a32b,,PU A3->A2 None->None,SDALR as_released gate=none,,0,leaky,L3,R,2048,,97.62,,,,,,933,,https://www.kaggle.com/code/rafiurrahman01/physgate-m0-pu-diag,results/artifacts/physgate-m0-pu-diag/m0diag/result_PU_as_released_thr0.6_s0.json,
physgate-m0-pu-diag-as_released-NonetoNone-none-A1toA2-s0,rafiurrahman01,rafiurrahman01,206a32b,,PU A1->A2 None->None,SDALR as_released gate=none,,0,leaky,L3,R,2048,,84.75,,,,,,952,,https://www.kaggle.com/code/rafiurrahman01/physgate-m0-pu-diag,results/artifacts/physgate-m0-pu-diag/m0diag/result_PU_as_released_thr0.6_s0.json,
physgate-m0-pu-diag-as_released-NonetoNone-none-A3toA2-s1,rafiurrahman01,rafiurrahman01,206a32b,,PU A3->A2 None->None,SDALR as_released gate=none,,1,leaky,L3,R,2048,,92.1,,,,,,943,,https://www.kaggle.com/code/rafiurrahman01/physgate-m0-pu-diag,results/artifacts/physgate-m0-pu-diag/m0diag/result_PU_as_released_thr0.6_s1.json,
physgate-m0-pu-diag-as_released-NonetoNone-none-A1toA2-s1,rafiurrahman01,rafiurrahman01,206a32b,,PU A1->A2 None->None,SDALR as_released gate=none,,1,leaky,L3,R,2048,,96.66,,,,,,935,,https://www.kaggle.com/code/rafiurrahman01/physgate-m0-pu-diag,results/artifacts/physgate-m0-pu-diag/m0diag/result_PU_as_released_thr0.6_s1.json,
physgate-m0-pu-diag-as_released-NonetoNone-none-A3toA2-s2,rafiurrahman01,rafiurrahman01,206a32b,,PU A3->A2 None->None,SDALR as_released gate=none,,2,leaky,L3,R,2048,,97.82,,,,,,934,,https://www.kaggle.com/code/rafiurrahman01/physgate-m0-pu-diag,results/artifacts/physgate-m0-pu-diag/m0diag/result_PU_as_released_thr0.6_s2.json,
physgate-m0-pu-diag-as_released-NonetoNone-none-A1toA2-s2,rafiurrahman01,rafiurrahman01,206a32b,,PU A1->A2 None->None,SDALR as_released gate=none,,2,leaky,L3,R,2048,,90.14,,,,,,941,,https://www.kaggle.com/code/rafiurrahman01/physgate-m0-pu-diag,results/artifacts/physgate-m0-pu-diag/m0diag/result_PU_as_released_thr0.6_s2.json,
physgate-m1-fa-as_released-AtoA-none-A1toA3-s2024,rafiurrahman01,rafiurrahman01,206a32b,,PU_M1 A1->A3 A->A,SDALR as_released gate=none,,2024,leaky,L3,R,2048,,99.88,,,,,,326,,https://www.kaggle.com/code/rafiurrahman01/physgate-m1-fa,results/artifacts/physgate-m1-fa/m1/result_PU_M1_as_released_FAtoA_s2024.json,
physgate-m1-fa-as_released-AtoA-none-A1toA2-s2024,rafiurrahman01,rafiurrahman01,206a32b,,PU_M1 A1->A2 A->A,SDALR as_released gate=none,,2024,leaky,L3,R,2048,,80.38,,,,,,327,,https://www.kaggle.com/code/rafiurrahman01/physgate-m1-fa,results/artifacts/physgate-m1-fa/m1/result_PU_M1_as_released_FAtoA_s2024.json,
physgate-m1-fa-as_released-AtoA-none-A3toA1-s2024,rafiurrahman01,rafiurrahman01,206a32b,,PU_M1 A3->A1 A->A,SDALR as_released gate=none,,2024,leaky,L3,R,2048,,99.98,,,,,,325,,https://www.kaggle.com/code/rafiurrahman01/physgate-m1-fa,results/artifacts/physgate-m1-fa/m1/result_PU_M1_as_released_FAtoA_s2024.json,
physgate-m1-fa-as_released-AtoA-none-A3toA2-s2024,rafiurrahman01,rafiurrahman01,206a32b,,PU_M1 A3->A2 A->A,SDALR as_released gate=none,,2024,leaky,L3,R,2048,,86.62,,,,,,327,,https://www.kaggle.com/code/rafiurrahman01/physgate-m1-fa,results/artifacts/physgate-m1-fa/m1/result_PU_M1_as_released_FAtoA_s2024.json,
physgate-m1-fa-as_released-AtoA-none-A2toA1-s2024,rafiurrahman01,rafiurrahman01,206a32b,,PU_M1 A2->A1 A->A,SDALR as_released gate=none,,2024,leaky,L3,R,2048,,84.5,,,,,,326,,https://www.kaggle.com/code/rafiurrahman01/physgate-m1-fa,results/artifacts/physgate-m1-fa/m1/result_PU_M1_as_released_FAtoA_s2024.json,
physgate-m1-fa-as_released-AtoA-none-A2toA3-s2024,rafiurrahman01,rafiurrahman01,206a32b,,PU_M1 A2->A3 A->A,SDALR as_released gate=none,,2024,leaky,L3,R,2048,,85.55,,,,,,326,,https://www.kaggle.com/code/rafiurrahman01/physgate-m1-fa,results/artifacts/physgate-m1-fa/m1/result_PU_M1_as_released_FAtoA_s2024.json,
physgate-m1-fa-as_released-AtoB-none-A1toA3-s2024,rafiurrahman01,rafiurrahman01,206a32b,,PU_M1 A1->A3 A->B,SDALR as_released gate=none,,2024,bearing-wise,L3,R,2048,,76.63,,,,,,331,,https://www.kaggle.com/code/rafiurrahman01/physgate-m1-fa,results/artifacts/physgate-m1-fa/m1/result_PU_M1_as_released_FAtoB_s2024.json,
physgate-m1-fa-as_released-AtoB-none-A1toA2-s2024,rafiurrahman01,rafiurrahman01,206a32b,,PU_M1 A1->A2 A->B,SDALR as_released gate=none,,2024,bearing-wise,L3,R,2048,,77.08,,,,,,327,,https://www.kaggle.com/code/rafiurrahman01/physgate-m1-fa,results/artifacts/physgate-m1-fa/m1/result_PU_M1_as_released_FAtoB_s2024.json,
physgate-m1-fa-as_released-AtoB-none-A3toA1-s2024,rafiurrahman01,rafiurrahman01,206a32b,,PU_M1 A3->A1 A->B,SDALR as_released gate=none,,2024,bearing-wise,L3,R,2048,,66.6,,,,,,325,,https://www.kaggle.com/code/rafiurrahman01/physgate-m1-fa,results/artifacts/physgate-m1-fa/m1/result_PU_M1_as_released_FAtoB_s2024.json,
physgate-m1-fa-as_released-AtoB-none-A3toA2-s2024,rafiurrahman01,rafiurrahman01,206a32b,,PU_M1 A3->A2 A->B,SDALR as_released gate=none,,2024,bearing-wise,L3,R,2048,,73.53,,,,,,327,,https://www.kaggle.com/code/rafiurrahman01/physgate-m1-fa,results/artifacts/physgate-m1-fa/m1/result_PU_M1_as_released_FAtoB_s2024.json,
physgate-m1-fa-as_released-AtoB-none-A2toA1-s2024,rafiurrahman01,rafiurrahman01,206a32b,,PU_M1 A2->A1 A->B,SDALR as_released gate=none,,2024,bearing-wise,L3,R,2048,,34.03,,,,,,327,,https://www.kaggle.com/code/rafiurrahman01/physgate-m1-fa,results/artifacts/physgate-m1-fa/m1/result_PU_M1_as_released_FAtoB_s2024.json,
physgate-m1-fa-as_released-AtoB-none-A2toA3-s2024,rafiurrahman01,rafiurrahman01,206a32b,,PU_M1 A2->A3 A->B,SDALR as_released gate=none,,2024,bearing-wise,L3,R,2048,,34.37,,,,,,327,,https://www.kaggle.com/code/rafiurrahman01/physgate-m1-fa,results/artifacts/physgate-m1-fa/m1/result_PU_M1_as_released_FAtoB_s2024.json,
physgate-m1-fa-final_checkpoint-AtoA-none-A1toA3-s2024,rafiurrahman01,rafiurrahman01,206a32b,,PU_M1 A1->A3 A->A,SDALR final_checkpoint gate=none,,2024,leaky,L3,R,2048,,99.88,,,,,,327,,https://www.kaggle.com/code/rafiurrahman01/physgate-m1-fa,results/artifacts/physgate-m1-fa/m1/result_PU_M1_final_checkpoint_FAtoA_s2024.json,
physgate-m1-fa-final_checkpoint-AtoA-none-A1toA2-s2024,rafiurrahman01,rafiurrahman01,206a32b,,PU_M1 A1->A2 A->A,SDALR final_checkpoint gate=none,,2024,leaky,L3,R,2048,,78.42,,,,,,327,,https://www.kaggle.com/code/rafiurrahman01/physgate-m1-fa,results/artifacts/physgate-m1-fa/m1/result_PU_M1_final_checkpoint_FAtoA_s2024.json,
physgate-m1-fa-final_checkpoint-AtoA-none-A3toA1-s2024,rafiurrahman01,rafiurrahman01,206a32b,,PU_M1 A3->A1 A->A,SDALR final_checkpoint gate=none,,2024,leaky,L3,R,2048,,99.97,,,,,,325,,https://www.kaggle.com/code/rafiurrahman01/physgate-m1-fa,results/artifacts/physgate-m1-fa/m1/result_PU_M1_final_checkpoint_FAtoA_s2024.json,
physgate-m1-fa-final_checkpoint-AtoA-none-A3toA2-s2024,rafiurrahman01,rafiurrahman01,206a32b,,PU_M1 A3->A2 A->A,SDALR final_checkpoint gate=none,,2024,leaky,L3,R,2048,,85.78,,,,,,327,,https://www.kaggle.com/code/rafiurrahman01/physgate-m1-fa,results/artifacts/physgate-m1-fa/m1/result_PU_M1_final_checkpoint_FAtoA_s2024.json,
physgate-m1-fa-final_checkpoint-AtoA-none-A2toA1-s2024,rafiurrahman01,rafiurrahman01,206a32b,,PU_M1 A2->A1 A->A,SDALR final_checkpoint gate=none,,2024,leaky,L3,R,2048,,83.02,,,,,,326,,https://www.kaggle.com/code/rafiurrahman01/physgate-m1-fa,results/artifacts/physgate-m1-fa/m1/result_PU_M1_final_checkpoint_FAtoA_s2024.json,
physgate-m1-fa-final_checkpoint-AtoA-none-A2toA3-s2024,rafiurrahman01,rafiurrahman01,206a32b,,PU_M1 A2->A3 A->A,SDALR final_checkpoint gate=none,,2024,leaky,L3,R,2048,,82.92,,,,,,326,,https://www.kaggle.com/code/rafiurrahman01/physgate-m1-fa,results/artifacts/physgate-m1-fa/m1/result_PU_M1_final_checkpoint_FAtoA_s2024.json,
physgate-m1-fa-final_checkpoint-AtoB-none-A1toA3-s2024,rafiurrahman01,rafiurrahman01,206a32b,,PU_M1 A1->A3 A->B,SDALR final_checkpoint gate=none,,2024,bearing-wise,L3,R,2048,,76.3,,,,,,331,,https://www.kaggle.com/code/rafiurrahman01/physgate-m1-fa,results/artifacts/physgate-m1-fa/m1/result_PU_M1_final_checkpoint_FAtoB_s2024.json,
physgate-m1-fa-final_checkpoint-AtoB-none-A1toA2-s2024,rafiurrahman01,rafiurrahman01,206a32b,,PU_M1 A1->A2 A->B,SDALR final_checkpoint gate=none,,2024,bearing-wise,L3,R,2048,,77.08,,,,,,328,,https://www.kaggle.com/code/rafiurrahman01/physgate-m1-fa,results/artifacts/physgate-m1-fa/m1/result_PU_M1_final_checkpoint_FAtoB_s2024.json,
physgate-m1-fa-final_checkpoint-AtoB-none-A3toA1-s2024,rafiurrahman01,rafiurrahman01,206a32b,,PU_M1 A3->A1 A->B,SDALR final_checkpoint gate=none,,2024,bearing-wise,L3,R,2048,,66.6,,,,,,326,,https://www.kaggle.com/code/rafiurrahman01/physgate-m1-fa,results/artifacts/physgate-m1-fa/m1/result_PU_M1_final_checkpoint_FAtoB_s2024.json,
physgate-m1-fa-final_checkpoint-AtoB-none-A3toA2-s2024,rafiurrahman01,rafiurrahman01,206a32b,,PU_M1 A3->A2 A->B,SDALR final_checkpoint gate=none,,2024,bearing-wise,L3,R,2048,,69.48,,,,,,327,,https://www.kaggle.com/code/rafiurrahman01/physgate-m1-fa,results/artifacts/physgate-m1-fa/m1/result_PU_M1_final_checkpoint_FAtoB_s2024.json,
physgate-m1-fa-final_checkpoint-AtoB-none-A2toA1-s2024,rafiurrahman01,rafiurrahman01,206a32b,,PU_M1 A2->A1 A->B,SDALR final_checkpoint gate=none,,2024,bearing-wise,L3,R,2048,,30.2,,,,,,327,,https://www.kaggle.com/code/rafiurrahman01/physgate-m1-fa,results/artifacts/physgate-m1-fa/m1/result_PU_M1_final_checkpoint_FAtoB_s2024.json,
physgate-m1-fa-final_checkpoint-AtoB-none-A2toA3-s2024,rafiurrahman01,rafiurrahman01,206a32b,,PU_M1 A2->A3 A->B,SDALR final_checkpoint gate=none,,2024,bearing-wise,L3,R,2048,,30.52,,,,,,327,,https://www.kaggle.com/code/rafiurrahman01/physgate-m1-fa,results/artifacts/physgate-m1-fa/m1/result_PU_M1_final_checkpoint_FAtoB_s2024.json,
physgate-m1-fb-as_released-BtoA-none-A1toA3-s2024,rafiurrahman01,rafiurrahman01,206a32b,,PU_M1 A1->A3 B->A,SDALR as_released gate=none,,2024,bearing-wise,L3,R,2048,,55.33,,,,,,344,,https://www.kaggle.com/code/rafiurrahman01/physgate-m1-fb,results/artifacts/physgate-m1-fb/m1/result_PU_M1_as_released_FBtoA_s2024.json,
physgate-m1-fb-as_released-BtoA-none-A1toA2-s2024,rafiurrahman01,rafiurrahman01,206a32b,,PU_M1 A1->A2 B->A,SDALR as_released gate=none,,2024,bearing-wise,L3,R,2048,,55.27,,,,,,344,,https://www.kaggle.com/code/rafiurrahman01/physgate-m1-fb,results/artifacts/physgate-m1-fb/m1/result_PU_M1_as_released_FBtoA_s2024.json,
physgate-m1-fb-as_released-BtoA-none-A3toA1-s2024,rafiurrahman01,rafiurrahman01,206a32b,,PU_M1 A3->A1 B->A,SDALR as_released gate=none,,2024,bearing-wise,L3,R,2048,,55.33,,,,,,345,,https://www.kaggle.com/code/rafiurrahman01/physgate-m1-fb,results/artifacts/physgate-m1-fb/m1/result_PU_M1_as_released_FBtoA_s2024.json,
physgate-m1-fb-as_released-BtoA-none-A3toA2-s2024,rafiurrahman01,rafiurrahman01,206a32b,,PU_M1 A3->A2 B->A,SDALR as_released gate=none,,2024,bearing-wise,L3,R,2048,,55.28,,,,,,344,,https://www.kaggle.com/code/rafiurrahman01/physgate-m1-fb,results/artifacts/physgate-m1-fb/m1/result_PU_M1_as_released_FBtoA_s2024.json,
physgate-m1-fb-as_released-BtoA-none-A2toA1-s2024,rafiurrahman01,rafiurrahman01,206a32b,,PU_M1 A2->A1 B->A,SDALR as_released gate=none,,2024,bearing-wise,L3,R,2048,,55.33,,,,,,340,,https://www.kaggle.com/code/rafiurrahman01/physgate-m1-fb,results/artifacts/physgate-m1-fb/m1/result_PU_M1_as_released_FBtoA_s2024.json,
physgate-m1-fb-as_released-BtoA-none-A2toA3-s2024,rafiurrahman01,rafiurrahman01,206a32b,,PU_M1 A2->A3 B->A,SDALR as_released gate=none,,2024,bearing-wise,L3,R,2048,,55.33,,,,,,340,,https://www.kaggle.com/code/rafiurrahman01/physgate-m1-fb,results/artifacts/physgate-m1-fb/m1/result_PU_M1_as_released_FBtoA_s2024.json,
physgate-m1-fb-as_released-BtoB-none-A1toA3-s2024,rafiurrahman01,rafiurrahman01,206a32b,,PU_M1 A1->A3 B->B,SDALR as_released gate=none,,2024,leaky,L3,R,2048,,99.98,,,,,,341,,https://www.kaggle.com/code/rafiurrahman01/physgate-m1-fb,results/artifacts/physgate-m1-fb/m1/result_PU_M1_as_released_FBtoB_s2024.json,
physgate-m1-fb-as_released-BtoB-none-A1toA2-s2024,rafiurrahman01,rafiurrahman01,206a32b,,PU_M1 A1->A2 B->B,SDALR as_released gate=none,,2024,leaky,L3,R,2048,,99.88,,,,,,339,,https://www.kaggle.com/code/rafiurrahman01/physgate-m1-fb,results/artifacts/physgate-m1-fb/m1/result_PU_M1_as_released_FBtoB_s2024.json,
physgate-m1-fb-as_released-BtoB-none-A3toA1-s2024,rafiurrahman01,rafiurrahman01,206a32b,,PU_M1 A3->A1 B->B,SDALR as_released gate=none,,2024,leaky,L3,R,2048,,100.0,,,,,,340,,https://www.kaggle.com/code/rafiurrahman01/physgate-m1-fb,results/artifacts/physgate-m1-fb/m1/result_PU_M1_as_released_FBtoB_s2024.json,
physgate-m1-fb-as_released-BtoB-none-A3toA2-s2024,rafiurrahman01,rafiurrahman01,206a32b,,PU_M1 A3->A2 B->B,SDALR as_released gate=none,,2024,leaky,L3,R,2048,,99.78,,,,,,340,,https://www.kaggle.com/code/rafiurrahman01/physgate-m1-fb,results/artifacts/physgate-m1-fb/m1/result_PU_M1_as_released_FBtoB_s2024.json,
physgate-m1-fb-as_released-BtoB-none-A2toA1-s2024,rafiurrahman01,rafiurrahman01,206a32b,,PU_M1 A2->A1 B->B,SDALR as_released gate=none,,2024,leaky,L3,R,2048,,100.0,,,,,,340,,https://www.kaggle.com/code/rafiurrahman01/physgate-m1-fb,results/artifacts/physgate-m1-fb/m1/result_PU_M1_as_released_FBtoB_s2024.json,
physgate-m1-fb-as_released-BtoB-none-A2toA3-s2024,rafiurrahman01,rafiurrahman01,206a32b,,PU_M1 A2->A3 B->B,SDALR as_released gate=none,,2024,leaky,L3,R,2048,,100.0,,,,,,339,,https://www.kaggle.com/code/rafiurrahman01/physgate-m1-fb,results/artifacts/physgate-m1-fb/m1/result_PU_M1_as_released_FBtoB_s2024.json,
physgate-m1-fb-final_checkpoint-BtoA-none-A1toA3-s2024,rafiurrahman01,rafiurrahman01,206a32b,,PU_M1 A1->A3 B->A,SDALR final_checkpoint gate=none,,2024,bearing-wise,L3,R,2048,,55.33,,,,,,344,,https://www.kaggle.com/code/rafiurrahman01/physgate-m1-fb,results/artifacts/physgate-m1-fb/m1/result_PU_M1_final_checkpoint_FBtoA_s2024.json,
physgate-m1-fb-final_checkpoint-BtoA-none-A1toA2-s2024,rafiurrahman01,rafiurrahman01,206a32b,,PU_M1 A1->A2 B->A,SDALR final_checkpoint gate=none,,2024,bearing-wise,L3,R,2048,,55.27,,,,,,344,,https://www.kaggle.com/code/rafiurrahman01/physgate-m1-fb,results/artifacts/physgate-m1-fb/m1/result_PU_M1_final_checkpoint_FBtoA_s2024.json,
physgate-m1-fb-final_checkpoint-BtoA-none-A3toA1-s2024,rafiurrahman01,rafiurrahman01,206a32b,,PU_M1 A3->A1 B->A,SDALR final_checkpoint gate=none,,2024,bearing-wise,L3,R,2048,,55.33,,,,,,344,,https://www.kaggle.com/code/rafiurrahman01/physgate-m1-fb,results/artifacts/physgate-m1-fb/m1/result_PU_M1_final_checkpoint_FBtoA_s2024.json,
physgate-m1-fb-final_checkpoint-BtoA-none-A3toA2-s2024,rafiurrahman01,rafiurrahman01,206a32b,,PU_M1 A3->A2 B->A,SDALR final_checkpoint gate=none,,2024,bearing-wise,L3,R,2048,,55.28,,,,,,344,,https://www.kaggle.com/code/rafiurrahman01/physgate-m1-fb,results/artifacts/physgate-m1-fb/m1/result_PU_M1_final_checkpoint_FBtoA_s2024.json,
physgate-m1-fb-final_checkpoint-BtoA-none-A2toA1-s2024,rafiurrahman01,rafiurrahman01,206a32b,,PU_M1 A2->A1 B->A,SDALR final_checkpoint gate=none,,2024,bearing-wise,L3,R,2048,,55.33,,,,,,341,,https://www.kaggle.com/code/rafiurrahman01/physgate-m1-fb,results/artifacts/physgate-m1-fb/m1/result_PU_M1_final_checkpoint_FBtoA_s2024.json,
physgate-m1-fb-final_checkpoint-BtoA-none-A2toA3-s2024,rafiurrahman01,rafiurrahman01,206a32b,,PU_M1 A2->A3 B->A,SDALR final_checkpoint gate=none,,2024,bearing-wise,L3,R,2048,,55.33,,,,,,340,,https://www.kaggle.com/code/rafiurrahman01/physgate-m1-fb,results/artifacts/physgate-m1-fb/m1/result_PU_M1_final_checkpoint_FBtoA_s2024.json,
physgate-m1-fb-final_checkpoint-BtoB-none-A1toA3-s2024,rafiurrahman01,rafiurrahman01,206a32b,,PU_M1 A1->A3 B->B,SDALR final_checkpoint gate=none,,2024,leaky,L3,R,2048,,99.98,,,,,,342,,https://www.kaggle.com/code/rafiurrahman01/physgate-m1-fb,results/artifacts/physgate-m1-fb/m1/result_PU_M1_final_checkpoint_FBtoB_s2024.json,
physgate-m1-fb-final_checkpoint-BtoB-none-A1toA2-s2024,rafiurrahman01,rafiurrahman01,206a32b,,PU_M1 A1->A2 B->B,SDALR final_checkpoint gate=none,,2024,leaky,L3,R,2048,,99.73,,,,,,340,,https://www.kaggle.com/code/rafiurrahman01/physgate-m1-fb,results/artifacts/physgate-m1-fb/m1/result_PU_M1_final_checkpoint_FBtoB_s2024.json,
physgate-m1-fb-final_checkpoint-BtoB-none-A3toA1-s2024,rafiurrahman01,rafiurrahman01,206a32b,,PU_M1 A3->A1 B->B,SDALR final_checkpoint gate=none,,2024,leaky,L3,R,2048,,99.98,,,,,,340,,https://www.kaggle.com/code/rafiurrahman01/physgate-m1-fb,results/artifacts/physgate-m1-fb/m1/result_PU_M1_final_checkpoint_FBtoB_s2024.json,
physgate-m1-fb-final_checkpoint-BtoB-none-A3toA2-s2024,rafiurrahman01,rafiurrahman01,206a32b,,PU_M1 A3->A2 B->B,SDALR final_checkpoint gate=none,,2024,leaky,L3,R,2048,,99.78,,,,,,339,,https://www.kaggle.com/code/rafiurrahman01/physgate-m1-fb,results/artifacts/physgate-m1-fb/m1/result_PU_M1_final_checkpoint_FBtoB_s2024.json,
physgate-m1-fb-final_checkpoint-BtoB-none-A2toA1-s2024,rafiurrahman01,rafiurrahman01,206a32b,,PU_M1 A2->A1 B->B,SDALR final_checkpoint gate=none,,2024,leaky,L3,R,2048,,100.0,,,,,,340,,https://www.kaggle.com/code/rafiurrahman01/physgate-m1-fb,results/artifacts/physgate-m1-fb/m1/result_PU_M1_final_checkpoint_FBtoB_s2024.json,
physgate-m1-fb-final_checkpoint-BtoB-none-A2toA3-s2024,rafiurrahman01,rafiurrahman01,206a32b,,PU_M1 A2->A3 B->B,SDALR final_checkpoint gate=none,,2024,leaky,L3,R,2048,,100.0,,,,,,340,,https://www.kaggle.com/code/rafiurrahman01/physgate-m1-fb,results/artifacts/physgate-m1-fb/m1/result_PU_M1_final_checkpoint_FBtoB_s2024.json,
physgate-m2-fa-final_checkpoint-AtoB-c30-A1toA3-s2024,rafiurrahman01,rafiurrahman01,206a32b,,PU_M1 A1->A3 A->B,SDALR final_checkpoint gate=c30,,2024,bearing-wise,L3,R,2048,,83.33,,,,,,366,,https://www.kaggle.com/code/rafiurrahman01/physgate-m2-fa,results/artifacts/physgate-m2-fa/m2/result_PU_M1_final_checkpoint_FAtoB_gatec30_s2024.json,
physgate-m2-fa-final_checkpoint-AtoB-c30-A1toA2-s2024,rafiurrahman01,rafiurrahman01,206a32b,,PU_M1 A1->A2 A->B,SDALR final_checkpoint gate=c30,,2024,bearing-wise,L3,R,2048,,76.93,,,,,,364,,https://www.kaggle.com/code/rafiurrahman01/physgate-m2-fa,results/artifacts/physgate-m2-fa/m2/result_PU_M1_final_checkpoint_FAtoB_gatec30_s2024.json,
physgate-m2-fa-final_checkpoint-AtoB-c30-A3toA1-s2024,rafiurrahman01,rafiurrahman01,206a32b,,PU_M1 A3->A1 A->B,SDALR final_checkpoint gate=c30,,2024,bearing-wise,L3,R,2048,,68.15,,,,,,361,,https://www.kaggle.com/code/rafiurrahman01/physgate-m2-fa,results/artifacts/physgate-m2-fa/m2/result_PU_M1_final_checkpoint_FAtoB_gatec30_s2024.json,
physgate-m2-fa-final_checkpoint-AtoB-c30-A3toA2-s2024,rafiurrahman01,rafiurrahman01,206a32b,,PU_M1 A3->A2 A->B,SDALR final_checkpoint gate=c30,,2024,bearing-wise,L3,R,2048,,57.33,,,,,,365,,https://www.kaggle.com/code/rafiurrahman01/physgate-m2-fa,results/artifacts/physgate-m2-fa/m2/result_PU_M1_final_checkpoint_FAtoB_gatec30_s2024.json,
physgate-m2-fa-final_checkpoint-AtoB-c30-A2toA1-s2024,rafiurrahman01,rafiurrahman01,206a32b,,PU_M1 A2->A1 A->B,SDALR final_checkpoint gate=c30,,2024,bearing-wise,L3,R,2048,,38.7,,,,,,365,,https://www.kaggle.com/code/rafiurrahman01/physgate-m2-fa,results/artifacts/physgate-m2-fa/m2/result_PU_M1_final_checkpoint_FAtoB_gatec30_s2024.json,
physgate-m2-fa-final_checkpoint-AtoB-c30-A2toA3-s2024,rafiurrahman01,rafiurrahman01,206a32b,,PU_M1 A2->A3 A->B,SDALR final_checkpoint gate=c30,,2024,bearing-wise,L3,R,2048,,45.53,,,,,,367,,https://www.kaggle.com/code/rafiurrahman01/physgate-m2-fa,results/artifacts/physgate-m2-fa/m2/result_PU_M1_final_checkpoint_FAtoB_gatec30_s2024.json,
physgate-m2-fa-final_checkpoint-AtoB-eagle-A1toA3-s2024,rafiurrahman01,rafiurrahman01,206a32b,,PU_M1 A1->A3 A->B,SDALR final_checkpoint gate=eagle,,2024,bearing-wise,L3,R,2048,,82.38,,,,,,367,,https://www.kaggle.com/code/rafiurrahman01/physgate-m2-fa,results/artifacts/physgate-m2-fa/m2/result_PU_M1_final_checkpoint_FAtoB_gateeagle_s2024.json,
physgate-m2-fa-final_checkpoint-AtoB-eagle-A1toA2-s2024,rafiurrahman01,rafiurrahman01,206a32b,,PU_M1 A1->A2 A->B,SDALR final_checkpoint gate=eagle,,2024,bearing-wise,L3,R,2048,,81.27,,,,,,367,,https://www.kaggle.com/code/rafiurrahman01/physgate-m2-fa,results/artifacts/physgate-m2-fa/m2/result_PU_M1_final_checkpoint_FAtoB_gateeagle_s2024.json,
physgate-m2-fa-final_checkpoint-AtoB-eagle-A3toA1-s2024,rafiurrahman01,rafiurrahman01,206a32b,,PU_M1 A3->A1 A->B,SDALR final_checkpoint gate=eagle,,2024,bearing-wise,L3,R,2048,,67.75,,,,,,363,,https://www.kaggle.com/code/rafiurrahman01/physgate-m2-fa,results/artifacts/physgate-m2-fa/m2/result_PU_M1_final_checkpoint_FAtoB_gateeagle_s2024.json,
physgate-m2-fa-final_checkpoint-AtoB-eagle-A3toA2-s2024,rafiurrahman01,rafiurrahman01,206a32b,,PU_M1 A3->A2 A->B,SDALR final_checkpoint gate=eagle,,2024,bearing-wise,L3,R,2048,,60.07,,,,,,366,,https://www.kaggle.com/code/rafiurrahman01/physgate-m2-fa,results/artifacts/physgate-m2-fa/m2/result_PU_M1_final_checkpoint_FAtoB_gateeagle_s2024.json,
physgate-m2-fa-final_checkpoint-AtoB-eagle-A2toA1-s2024,rafiurrahman01,rafiurrahman01,206a32b,,PU_M1 A2->A1 A->B,SDALR final_checkpoint gate=eagle,,2024,bearing-wise,L3,R,2048,,40.12,,,,,,365,,https://www.kaggle.com/code/rafiurrahman01/physgate-m2-fa,results/artifacts/physgate-m2-fa/m2/result_PU_M1_final_checkpoint_FAtoB_gateeagle_s2024.json,
physgate-m2-fa-final_checkpoint-AtoB-eagle-A2toA3-s2024,rafiurrahman01,rafiurrahman01,206a32b,,PU_M1 A2->A3 A->B,SDALR final_checkpoint gate=eagle,,2024,bearing-wise,L3,R,2048,,41.08,,,,,,367,,https://www.kaggle.com/code/rafiurrahman01/physgate-m2-fa,results/artifacts/physgate-m2-fa/m2/result_PU_M1_final_checkpoint_FAtoB_gateeagle_s2024.json,
physgate-m2-fa-final_checkpoint-AtoB-oracle-A1toA3-s2024,rafiurrahman01,rafiurrahman01,206a32b,,PU_M1 A1->A3 A->B,SDALR final_checkpoint gate=oracle,,2024,bearing-wise,L3,R,2048,,86.27,,,,,,364,,https://www.kaggle.com/code/rafiurrahman01/physgate-m2-fa,results/artifacts/physgate-m2-fa/m2/result_PU_M1_final_checkpoint_FAtoB_gateoracle_s2024.json,
physgate-m2-fa-final_checkpoint-AtoB-oracle-A1toA2-s2024,rafiurrahman01,rafiurrahman01,206a32b,,PU_M1 A1->A2 A->B,SDALR final_checkpoint gate=oracle,,2024,bearing-wise,L3,R,2048,,84.2,,,,,,363,,https://www.kaggle.com/code/rafiurrahman01/physgate-m2-fa,results/artifacts/physgate-m2-fa/m2/result_PU_M1_final_checkpoint_FAtoB_gateoracle_s2024.json,
physgate-m2-fa-final_checkpoint-AtoB-oracle-A3toA1-s2024,rafiurrahman01,rafiurrahman01,206a32b,,PU_M1 A3->A1 A->B,SDALR final_checkpoint gate=oracle,,2024,bearing-wise,L3,R,2048,,86.65,,,,,,364,,https://www.kaggle.com/code/rafiurrahman01/physgate-m2-fa,results/artifacts/physgate-m2-fa/m2/result_PU_M1_final_checkpoint_FAtoB_gateoracle_s2024.json,
physgate-m2-fa-final_checkpoint-AtoB-oracle-A3toA2-s2024,rafiurrahman01,rafiurrahman01,206a32b,,PU_M1 A3->A2 A->B,SDALR final_checkpoint gate=oracle,,2024,bearing-wise,L3,R,2048,,86.22,,,,,,364,,https://www.kaggle.com/code/rafiurrahman01/physgate-m2-fa,results/artifacts/physgate-m2-fa/m2/result_PU_M1_final_checkpoint_FAtoB_gateoracle_s2024.json,
physgate-m2-fa-final_checkpoint-AtoB-oracle-A2toA1-s2024,rafiurrahman01,rafiurrahman01,206a32b,,PU_M1 A2->A1 A->B,SDALR final_checkpoint gate=oracle,,2024,bearing-wise,L3,R,2048,,87.9,,,,,,364,,https://www.kaggle.com/code/rafiurrahman01/physgate-m2-fa,results/artifacts/physgate-m2-fa/m2/result_PU_M1_final_checkpoint_FAtoB_gateoracle_s2024.json,
physgate-m2-fa-final_checkpoint-AtoB-oracle-A2toA3-s2024,rafiurrahman01,rafiurrahman01,206a32b,,PU_M1 A2->A3 A->B,SDALR final_checkpoint gate=oracle,,2024,bearing-wise,L3,R,2048,,99.98,,,,,,363,,https://www.kaggle.com/code/rafiurrahman01/physgate-m2-fa,results/artifacts/physgate-m2-fa/m2/result_PU_M1_final_checkpoint_FAtoB_gateoracle_s2024.json,
physgate-m2-fa-final_checkpoint-AtoB-pcv-A1toA3-s2024,rafiurrahman01,rafiurrahman01,206a32b,,PU_M1 A1->A3 A->B,SDALR final_checkpoint gate=pcv,,2024,bearing-wise,L3,R,2048,,83.33,,,,,,366,,https://www.kaggle.com/code/rafiurrahman01/physgate-m2-fa,results/artifacts/physgate-m2-fa/m2/result_PU_M1_final_checkpoint_FAtoB_gatepcv_s2024.json,
physgate-m2-fa-final_checkpoint-AtoB-pcv-A1toA2-s2024,rafiurrahman01,rafiurrahman01,206a32b,,PU_M1 A1->A2 A->B,SDALR final_checkpoint gate=pcv,,2024,bearing-wise,L3,R,2048,,78.72,,,,,,364,,https://www.kaggle.com/code/rafiurrahman01/physgate-m2-fa,results/artifacts/physgate-m2-fa/m2/result_PU_M1_final_checkpoint_FAtoB_gatepcv_s2024.json,
physgate-m2-fa-final_checkpoint-AtoB-pcv-A3toA1-s2024,rafiurrahman01,rafiurrahman01,206a32b,,PU_M1 A3->A1 A->B,SDALR final_checkpoint gate=pcv,,2024,bearing-wise,L3,R,2048,,68.88,,,,,,362,,https://www.kaggle.com/code/rafiurrahman01/physgate-m2-fa,results/artifacts/physgate-m2-fa/m2/result_PU_M1_final_checkpoint_FAtoB_gatepcv_s2024.json,
physgate-m2-fa-final_checkpoint-AtoB-pcv-A3toA2-s2024,rafiurrahman01,rafiurrahman01,206a32b,,PU_M1 A3->A2 A->B,SDALR final_checkpoint gate=pcv,,2024,bearing-wise,L3,R,2048,,58.73,,,,,,366,,https://www.kaggle.com/code/rafiurrahman01/physgate-m2-fa,results/artifacts/physgate-m2-fa/m2/result_PU_M1_final_checkpoint_FAtoB_gatepcv_s2024.json,
physgate-m2-fa-final_checkpoint-AtoB-pcv-A2toA1-s2024,rafiurrahman01,rafiurrahman01,206a32b,,PU_M1 A2->A1 A->B,SDALR final_checkpoint gate=pcv,,2024,bearing-wise,L3,R,2048,,38.68,,,,,,365,,https://www.kaggle.com/code/rafiurrahman01/physgate-m2-fa,results/artifacts/physgate-m2-fa/m2/result_PU_M1_final_checkpoint_FAtoB_gatepcv_s2024.json,
physgate-m2-fa-final_checkpoint-AtoB-pcv-A2toA3-s2024,rafiurrahman01,rafiurrahman01,206a32b,,PU_M1 A2->A3 A->B,SDALR final_checkpoint gate=pcv,,2024,bearing-wise,L3,R,2048,,38.7,,,,,,365,,https://www.kaggle.com/code/rafiurrahman01/physgate-m2-fa,results/artifacts/physgate-m2-fa/m2/result_PU_M1_final_checkpoint_FAtoB_gatepcv_s2024.json,
physgate-m2-fa-final_checkpoint-AtoB-v2-A1toA3-s2024,rafiurrahman01,rafiurrahman01,206a32b,,PU_M1 A1->A3 A->B,SDALR final_checkpoint gate=v2,,2024,bearing-wise,L3,R,2048,,83.33,,,,,,366,,https://www.kaggle.com/code/rafiurrahman01/physgate-m2-fa,results/artifacts/physgate-m2-fa/m2/result_PU_M1_final_checkpoint_FAtoB_gatev2_s2024.json,
physgate-m2-fa-final_checkpoint-AtoB-v2-A1toA2-s2024,rafiurrahman01,rafiurrahman01,206a32b,,PU_M1 A1->A2 A->B,SDALR final_checkpoint gate=v2,,2024,bearing-wise,L3,R,2048,,76.98,,,,,,363,,https://www.kaggle.com/code/rafiurrahman01/physgate-m2-fa,results/artifacts/physgate-m2-fa/m2/result_PU_M1_final_checkpoint_FAtoB_gatev2_s2024.json,
physgate-m2-fa-final_checkpoint-AtoB-v2-A3toA1-s2024,rafiurrahman01,rafiurrahman01,206a32b,,PU_M1 A3->A1 A->B,SDALR final_checkpoint gate=v2,,2024,bearing-wise,L3,R,2048,,68.88,,,,,,363,,https://www.kaggle.com/code/rafiurrahman01/physgate-m2-fa,results/artifacts/physgate-m2-fa/m2/result_PU_M1_final_checkpoint_FAtoB_gatev2_s2024.json,
physgate-m2-fa-final_checkpoint-AtoB-v2-A3toA2-s2024,rafiurrahman01,rafiurrahman01,206a32b,,PU_M1 A3->A2 A->B,SDALR final_checkpoint gate=v2,,2024,bearing-wise,L3,R,2048,,57.72,,,,,,365,,https://www.kaggle.com/code/rafiurrahman01/physgate-m2-fa,results/artifacts/physgate-m2-fa/m2/result_PU_M1_final_checkpoint_FAtoB_gatev2_s2024.json,
physgate-m2-fa-final_checkpoint-AtoB-v2-A2toA1-s2024,rafiurrahman01,rafiurrahman01,206a32b,,PU_M1 A2->A1 A->B,SDALR final_checkpoint gate=v2,,2024,bearing-wise,L3,R,2048,,38.68,,,,,,364,,https://www.kaggle.com/code/rafiurrahman01/physgate-m2-fa,results/artifacts/physgate-m2-fa/m2/result_PU_M1_final_checkpoint_FAtoB_gatev2_s2024.json,
physgate-m2-fa-final_checkpoint-AtoB-v2-A2toA3-s2024,rafiurrahman01,rafiurrahman01,206a32b,,PU_M1 A2->A3 A->B,SDALR final_checkpoint gate=v2,,2024,bearing-wise,L3,R,2048,,38.68,,,,,,365,,https://www.kaggle.com/code/rafiurrahman01/physgate-m2-fa,results/artifacts/physgate-m2-fa/m2/result_PU_M1_final_checkpoint_FAtoB_gatev2_s2024.json,
physgate-m2-fa-final_checkpoint-AtoB-none-A1toA3-s2024,rafiurrahman01,rafiurrahman01,206a32b,,PU_M1 A1->A3 A->B,SDALR final_checkpoint gate=none,,2024,bearing-wise,L3,R,2048,,76.13,,,,,,366,,https://www.kaggle.com/code/rafiurrahman01/physgate-m2-fa,results/artifacts/physgate-m2-fa/m2/result_PU_M1_final_checkpoint_FAtoB_s2024.json,
physgate-m2-fa-final_checkpoint-AtoB-none-A1toA2-s2024,rafiurrahman01,rafiurrahman01,206a32b,,PU_M1 A1->A2 A->B,SDALR final_checkpoint gate=none,,2024,bearing-wise,L3,R,2048,,76.98,,,,,,363,,https://www.kaggle.com/code/rafiurrahman01/physgate-m2-fa,results/artifacts/physgate-m2-fa/m2/result_PU_M1_final_checkpoint_FAtoB_s2024.json,
physgate-m2-fa-final_checkpoint-AtoB-none-A3toA1-s2024,rafiurrahman01,rafiurrahman01,206a32b,,PU_M1 A3->A1 A->B,SDALR final_checkpoint gate=none,,2024,bearing-wise,L3,R,2048,,61.12,,,,,,363,,https://www.kaggle.com/code/rafiurrahman01/physgate-m2-fa,results/artifacts/physgate-m2-fa/m2/result_PU_M1_final_checkpoint_FAtoB_s2024.json,
physgate-m2-fa-final_checkpoint-AtoB-none-A3toA2-s2024,rafiurrahman01,rafiurrahman01,206a32b,,PU_M1 A3->A2 A->B,SDALR final_checkpoint gate=none,,2024,bearing-wise,L3,R,2048,,57.72,,,,,,364,,https://www.kaggle.com/code/rafiurrahman01/physgate-m2-fa,results/artifacts/physgate-m2-fa/m2/result_PU_M1_final_checkpoint_FAtoB_s2024.json,
physgate-m2-fa-final_checkpoint-AtoB-none-A2toA1-s2024,rafiurrahman01,rafiurrahman01,206a32b,,PU_M1 A2->A1 A->B,SDALR final_checkpoint gate=none,,2024,bearing-wise,L3,R,2048,,34.07,,,,,,364,,https://www.kaggle.com/code/rafiurrahman01/physgate-m2-fa,results/artifacts/physgate-m2-fa/m2/result_PU_M1_final_checkpoint_FAtoB_s2024.json,
physgate-m2-fa-final_checkpoint-AtoB-none-A2toA3-s2024,rafiurrahman01,rafiurrahman01,206a32b,,PU_M1 A2->A3 A->B,SDALR final_checkpoint gate=none,,2024,bearing-wise,L3,R,2048,,34.55,,,,,,364,,https://www.kaggle.com/code/rafiurrahman01/physgate-m2-fa,results/artifacts/physgate-m2-fa/m2/result_PU_M1_final_checkpoint_FAtoB_s2024.json,
physgate-m2-fb-final_checkpoint-BtoA-c30-A1toA3-s2024,rafiurrahman01,rafiurrahman01,206a32b,,PU_M1 A1->A3 B->A,SDALR final_checkpoint gate=c30,,2024,bearing-wise,L3,R,2048,,58.38,,,,,,348,,https://www.kaggle.com/code/rafiurrahman01/physgate-m2-fb,results/artifacts/physgate-m2-fb/m2/result_PU_M1_final_checkpoint_FBtoA_gatec30_s2024.json,
physgate-m2-fb-final_checkpoint-BtoA-c30-A1toA2-s2024,rafiurrahman01,rafiurrahman01,206a32b,,PU_M1 A1->A2 B->A,SDALR final_checkpoint gate=c30,,2024,bearing-wise,L3,R,2048,,55.23,,,,,,347,,https://www.kaggle.com/code/rafiurrahman01/physgate-m2-fb,results/artifacts/physgate-m2-fb/m2/result_PU_M1_final_checkpoint_FBtoA_gatec30_s2024.json,
physgate-m2-fb-final_checkpoint-BtoA-c30-A3toA1-s2024,rafiurrahman01,rafiurrahman01,206a32b,,PU_M1 A3->A1 B->A,SDALR final_checkpoint gate=c30,,2024,bearing-wise,L3,R,2048,,60.07,,,,,,346,,https://www.kaggle.com/code/rafiurrahman01/physgate-m2-fb,results/artifacts/physgate-m2-fb/m2/result_PU_M1_final_checkpoint_FBtoA_gatec30_s2024.json,
physgate-m2-fb-final_checkpoint-BtoA-c30-A3toA2-s2024,rafiurrahman01,rafiurrahman01,206a32b,,PU_M1 A3->A2 B->A,SDALR final_checkpoint gate=c30,,2024,bearing-wise,L3,R,2048,,55.23,,,,,,346,,https://www.kaggle.com/code/rafiurrahman01/physgate-m2-fb,results/artifacts/physgate-m2-fb/m2/result_PU_M1_final_checkpoint_FBtoA_gatec30_s2024.json,
physgate-m2-fb-final_checkpoint-BtoA-c30-A2toA1-s2024,rafiurrahman01,rafiurrahman01,206a32b,,PU_M1 A2->A1 B->A,SDALR final_checkpoint gate=c30,,2024,bearing-wise,L3,R,2048,,62.62,,,,,,346,,https://www.kaggle.com/code/rafiurrahman01/physgate-m2-fb,results/artifacts/physgate-m2-fb/m2/result_PU_M1_final_checkpoint_FBtoA_gatec30_s2024.json,
physgate-m2-fb-final_checkpoint-BtoA-c30-A2toA3-s2024,rafiurrahman01,rafiurrahman01,206a32b,,PU_M1 A2->A3 B->A,SDALR final_checkpoint gate=c30,,2024,bearing-wise,L3,R,2048,,58.12,,,,,,347,,https://www.kaggle.com/code/rafiurrahman01/physgate-m2-fb,results/artifacts/physgate-m2-fb/m2/result_PU_M1_final_checkpoint_FBtoA_gatec30_s2024.json,
physgate-m2-fb-final_checkpoint-BtoA-eagle-A1toA3-s2024,rafiurrahman01,rafiurrahman01,206a32b,,PU_M1 A1->A3 B->A,SDALR final_checkpoint gate=eagle,,2024,bearing-wise,L3,R,2048,,38.23,,,,,,345,,https://www.kaggle.com/code/rafiurrahman01/physgate-m2-fb,results/artifacts/physgate-m2-fb/m2/result_PU_M1_final_checkpoint_FBtoA_gateeagle_s2024.json,
physgate-m2-fb-final_checkpoint-BtoA-eagle-A1toA2-s2024,rafiurrahman01,rafiurrahman01,206a32b,,PU_M1 A1->A2 B->A,SDALR final_checkpoint gate=eagle,,2024,bearing-wise,L3,R,2048,,44.87,,,,,,345,,https://www.kaggle.com/code/rafiurrahman01/physgate-m2-fb,results/artifacts/physgate-m2-fb/m2/result_PU_M1_final_checkpoint_FBtoA_gateeagle_s2024.json,
physgate-m2-fb-final_checkpoint-BtoA-eagle-A3toA1-s2024,rafiurrahman01,rafiurrahman01,206a32b,,PU_M1 A3->A1 B->A,SDALR final_checkpoint gate=eagle,,2024,bearing-wise,L3,R,2048,,44.7,,,,,,344,,https://www.kaggle.com/code/rafiurrahman01/physgate-m2-fb,results/artifacts/physgate-m2-fb/m2/result_PU_M1_final_checkpoint_FBtoA_gateeagle_s2024.json,
physgate-m2-fb-final_checkpoint-BtoA-eagle-A3toA2-s2024,rafiurrahman01,rafiurrahman01,206a32b,,PU_M1 A3->A2 B->A,SDALR final_checkpoint gate=eagle,,2024,bearing-wise,L3,R,2048,,44.77,,,,,,344,,https://www.kaggle.com/code/rafiurrahman01/physgate-m2-fb,results/artifacts/physgate-m2-fb/m2/result_PU_M1_final_checkpoint_FBtoA_gateeagle_s2024.json,
physgate-m2-fb-final_checkpoint-BtoA-eagle-A2toA1-s2024,rafiurrahman01,rafiurrahman01,206a32b,,PU_M1 A2->A1 B->A,SDALR final_checkpoint gate=eagle,,2024,bearing-wise,L3,R,2048,,35.32,,,,,,344,,https://www.kaggle.com/code/rafiurrahman01/physgate-m2-fb,results/artifacts/physgate-m2-fb/m2/result_PU_M1_final_checkpoint_FBtoA_gateeagle_s2024.json,
physgate-m2-fb-final_checkpoint-BtoA-eagle-A2toA3-s2024,rafiurrahman01,rafiurrahman01,206a32b,,PU_M1 A2->A3 B->A,SDALR final_checkpoint gate=eagle,,2024,bearing-wise,L3,R,2048,,44.7,,,,,,344,,https://www.kaggle.com/code/rafiurrahman01/physgate-m2-fb,results/artifacts/physgate-m2-fb/m2/result_PU_M1_final_checkpoint_FBtoA_gateeagle_s2024.json,
physgate-m2-fb-final_checkpoint-BtoA-oracle-A1toA3-s2024,rafiurrahman01,rafiurrahman01,206a32b,,PU_M1 A1->A3 B->A,SDALR final_checkpoint gate=oracle,,2024,bearing-wise,L3,R,2048,,75.7,,,,,,346,,https://www.kaggle.com/code/rafiurrahman01/physgate-m2-fb,results/artifacts/physgate-m2-fb/m2/result_PU_M1_final_checkpoint_FBtoA_gateoracle_s2024.json,
physgate-m2-fb-final_checkpoint-BtoA-oracle-A1toA2-s2024,rafiurrahman01,rafiurrahman01,206a32b,,PU_M1 A1->A2 B->A,SDALR final_checkpoint gate=oracle,,2024,bearing-wise,L3,R,2048,,81.22,,,,,,346,,https://www.kaggle.com/code/rafiurrahman01/physgate-m2-fb,results/artifacts/physgate-m2-fb/m2/result_PU_M1_final_checkpoint_FBtoA_gateoracle_s2024.json,
physgate-m2-fb-final_checkpoint-BtoA-oracle-A3toA1-s2024,rafiurrahman01,rafiurrahman01,206a32b,,PU_M1 A3->A1 B->A,SDALR final_checkpoint gate=oracle,,2024,bearing-wise,L3,R,2048,,75.18,,,,,,345,,https://www.kaggle.com/code/rafiurrahman01/physgate-m2-fb,results/artifacts/physgate-m2-fb/m2/result_PU_M1_final_checkpoint_FBtoA_gateoracle_s2024.json,
physgate-m2-fb-final_checkpoint-BtoA-oracle-A3toA2-s2024,rafiurrahman01,rafiurrahman01,206a32b,,PU_M1 A3->A2 B->A,SDALR final_checkpoint gate=oracle,,2024,bearing-wise,L3,R,2048,,81.73,,,,,,345,,https://www.kaggle.com/code/rafiurrahman01/physgate-m2-fb,results/artifacts/physgate-m2-fb/m2/result_PU_M1_final_checkpoint_FBtoA_gateoracle_s2024.json,
physgate-m2-fb-final_checkpoint-BtoA-oracle-A2toA1-s2024,rafiurrahman01,rafiurrahman01,206a32b,,PU_M1 A2->A1 B->A,SDALR final_checkpoint gate=oracle,,2024,bearing-wise,L3,R,2048,,74.12,,,,,,345,,https://www.kaggle.com/code/rafiurrahman01/physgate-m2-fb,results/artifacts/physgate-m2-fb/m2/result_PU_M1_final_checkpoint_FBtoA_gateoracle_s2024.json,
physgate-m2-fb-final_checkpoint-BtoA-oracle-A2toA3-s2024,rafiurrahman01,rafiurrahman01,206a32b,,PU_M1 A2->A3 B->A,SDALR final_checkpoint gate=oracle,,2024,bearing-wise,L3,R,2048,,72.9,,,,,,345,,https://www.kaggle.com/code/rafiurrahman01/physgate-m2-fb,results/artifacts/physgate-m2-fb/m2/result_PU_M1_final_checkpoint_FBtoA_gateoracle_s2024.json,
physgate-m2-fb-final_checkpoint-BtoA-pcv-A1toA3-s2024,rafiurrahman01,rafiurrahman01,206a32b,,PU_M1 A1->A3 B->A,SDALR final_checkpoint gate=pcv,,2024,bearing-wise,L3,R,2048,,69.85,,,,,,347,,https://www.kaggle.com/code/rafiurrahman01/physgate-m2-fb,results/artifacts/physgate-m2-fb/m2/result_PU_M1_final_checkpoint_FBtoA_gatepcv_s2024.json,
physgate-m2-fb-final_checkpoint-BtoA-pcv-A1toA2-s2024,rafiurrahman01,rafiurrahman01,206a32b,,PU_M1 A1->A2 B->A,SDALR final_checkpoint gate=pcv,,2024,bearing-wise,L3,R,2048,,55.22,,,,,,347,,https://www.kaggle.com/code/rafiurrahman01/physgate-m2-fb,results/artifacts/physgate-m2-fb/m2/result_PU_M1_final_checkpoint_FBtoA_gatepcv_s2024.json,
physgate-m2-fb-final_checkpoint-BtoA-pcv-A3toA1-s2024,rafiurrahman01,rafiurrahman01,206a32b,,PU_M1 A3->A1 B->A,SDALR final_checkpoint gate=pcv,,2024,bearing-wise,L3,R,2048,,61.9,,,,,,347,,https://www.kaggle.com/code/rafiurrahman01/physgate-m2-fb,results/artifacts/physgate-m2-fb/m2/result_PU_M1_final_checkpoint_FBtoA_gatepcv_s2024.json,
physgate-m2-fb-final_checkpoint-BtoA-pcv-A3toA2-s2024,rafiurrahman01,rafiurrahman01,206a32b,,PU_M1 A3->A2 B->A,SDALR final_checkpoint gate=pcv,,2024,bearing-wise,L3,R,2048,,55.28,,,,,,347,,https://www.kaggle.com/code/rafiurrahman01/physgate-m2-fb,results/artifacts/physgate-m2-fb/m2/result_PU_M1_final_checkpoint_FBtoA_gatepcv_s2024.json,
physgate-m2-fb-final_checkpoint-BtoA-pcv-A2toA1-s2024,rafiurrahman01,rafiurrahman01,206a32b,,PU_M1 A2->A1 B->A,SDALR final_checkpoint gate=pcv,,2024,bearing-wise,L3,R,2048,,63.38,,,,,,347,,https://www.kaggle.com/code/rafiurrahman01/physgate-m2-fb,results/artifacts/physgate-m2-fb/m2/result_PU_M1_final_checkpoint_FBtoA_gatepcv_s2024.json,
physgate-m2-fb-final_checkpoint-BtoA-pcv-A2toA3-s2024,rafiurrahman01,rafiurrahman01,206a32b,,PU_M1 A2->A3 B->A,SDALR final_checkpoint gate=pcv,,2024,bearing-wise,L3,R,2048,,68.18,,,,,,347,,https://www.kaggle.com/code/rafiurrahman01/physgate-m2-fb,results/artifacts/physgate-m2-fb/m2/result_PU_M1_final_checkpoint_FBtoA_gatepcv_s2024.json,
physgate-m2-fb-final_checkpoint-BtoA-v2-A1toA3-s2024,rafiurrahman01,rafiurrahman01,206a32b,,PU_M1 A1->A3 B->A,SDALR final_checkpoint gate=v2,,2024,bearing-wise,L3,R,2048,,58.53,,,,,,349,,https://www.kaggle.com/code/rafiurrahman01/physgate-m2-fb,results/artifacts/physgate-m2-fb/m2/result_PU_M1_final_checkpoint_FBtoA_gatev2_s2024.json,
physgate-m2-fb-final_checkpoint-BtoA-v2-A1toA2-s2024,rafiurrahman01,rafiurrahman01,206a32b,,PU_M1 A1->A2 B->A,SDALR final_checkpoint gate=v2,,2024,bearing-wise,L3,R,2048,,55.23,,,,,,347,,https://www.kaggle.com/code/rafiurrahman01/physgate-m2-fb,results/artifacts/physgate-m2-fb/m2/result_PU_M1_final_checkpoint_FBtoA_gatev2_s2024.json,
physgate-m2-fb-final_checkpoint-BtoA-v2-A3toA1-s2024,rafiurrahman01,rafiurrahman01,206a32b,,PU_M1 A3->A1 B->A,SDALR final_checkpoint gate=v2,,2024,bearing-wise,L3,R,2048,,63.4,,,,,,347,,https://www.kaggle.com/code/rafiurrahman01/physgate-m2-fb,results/artifacts/physgate-m2-fb/m2/result_PU_M1_final_checkpoint_FBtoA_gatev2_s2024.json,
physgate-m2-fb-final_checkpoint-BtoA-v2-A3toA2-s2024,rafiurrahman01,rafiurrahman01,206a32b,,PU_M1 A3->A2 B->A,SDALR final_checkpoint gate=v2,,2024,bearing-wise,L3,R,2048,,55.23,,,,,,346,,https://www.kaggle.com/code/rafiurrahman01/physgate-m2-fb,results/artifacts/physgate-m2-fb/m2/result_PU_M1_final_checkpoint_FBtoA_gatev2_s2024.json,
physgate-m2-fb-final_checkpoint-BtoA-v2-A2toA1-s2024,rafiurrahman01,rafiurrahman01,206a32b,,PU_M1 A2->A1 B->A,SDALR final_checkpoint gate=v2,,2024,bearing-wise,L3,R,2048,,62.15,,,,,,346,,https://www.kaggle.com/code/rafiurrahman01/physgate-m2-fb,results/artifacts/physgate-m2-fb/m2/result_PU_M1_final_checkpoint_FBtoA_gatev2_s2024.json,
physgate-m2-fb-final_checkpoint-BtoA-v2-A2toA3-s2024,rafiurrahman01,rafiurrahman01,206a32b,,PU_M1 A2->A3 B->A,SDALR final_checkpoint gate=v2,,2024,bearing-wise,L3,R,2048,,58.43,,,,,,347,,https://www.kaggle.com/code/rafiurrahman01/physgate-m2-fb,results/artifacts/physgate-m2-fb/m2/result_PU_M1_final_checkpoint_FBtoA_gatev2_s2024.json,
physgate-m2-fb-final_checkpoint-BtoA-none-A1toA3-s2024,rafiurrahman01,rafiurrahman01,206a32b,,PU_M1 A1->A3 B->A,SDALR final_checkpoint gate=none,,2024,bearing-wise,L3,R,2048,,55.33,,,,,,347,,https://www.kaggle.com/code/rafiurrahman01/physgate-m2-fb,results/artifacts/physgate-m2-fb/m2/result_PU_M1_final_checkpoint_FBtoA_s2024.json,
physgate-m2-fb-final_checkpoint-BtoA-none-A1toA2-s2024,rafiurrahman01,rafiurrahman01,206a32b,,PU_M1 A1->A2 B->A,SDALR final_checkpoint gate=none,,2024,bearing-wise,L3,R,2048,,55.27,,,,,,347,,https://www.kaggle.com/code/rafiurrahman01/physgate-m2-fb,results/artifacts/physgate-m2-fb/m2/result_PU_M1_final_checkpoint_FBtoA_s2024.json,
physgate-m2-fb-final_checkpoint-BtoA-none-A3toA1-s2024,rafiurrahman01,rafiurrahman01,206a32b,,PU_M1 A3->A1 B->A,SDALR final_checkpoint gate=none,,2024,bearing-wise,L3,R,2048,,55.33,,,,,,347,,https://www.kaggle.com/code/rafiurrahman01/physgate-m2-fb,results/artifacts/physgate-m2-fb/m2/result_PU_M1_final_checkpoint_FBtoA_s2024.json,
physgate-m2-fb-final_checkpoint-BtoA-none-A3toA2-s2024,rafiurrahman01,rafiurrahman01,206a32b,,PU_M1 A3->A2 B->A,SDALR final_checkpoint gate=none,,2024,bearing-wise,L3,R,2048,,55.28,,,,,,346,,https://www.kaggle.com/code/rafiurrahman01/physgate-m2-fb,results/artifacts/physgate-m2-fb/m2/result_PU_M1_final_checkpoint_FBtoA_s2024.json,
physgate-m2-fb-final_checkpoint-BtoA-none-A2toA1-s2024,rafiurrahman01,rafiurrahman01,206a32b,,PU_M1 A2->A1 B->A,SDALR final_checkpoint gate=none,,2024,bearing-wise,L3,R,2048,,55.33,,,,,,346,,https://www.kaggle.com/code/rafiurrahman01/physgate-m2-fb,results/artifacts/physgate-m2-fb/m2/result_PU_M1_final_checkpoint_FBtoA_s2024.json,
physgate-m2-fb-final_checkpoint-BtoA-none-A2toA3-s2024,rafiurrahman01,rafiurrahman01,206a32b,,PU_M1 A2->A3 B->A,SDALR final_checkpoint gate=none,,2024,bearing-wise,L3,R,2048,,55.33,,,,,,347,,https://www.kaggle.com/code/rafiurrahman01/physgate-m2-fb,results/artifacts/physgate-m2-fb/m2/result_PU_M1_final_checkpoint_FBtoA_s2024.json,
physgate-m2rep-fa-r1-final_checkpoint-AtoB-pcv-A1toA3-s2024,rafiurrahman01,rafiurrahman01,206a32b,,PU_M1 A1->A3 A->B,SDALR final_checkpoint gate=pcv,,2024,bearing-wise,L3,R,2048,,83.33,,,,,,361,,https://www.kaggle.com/code/rafiurrahman01/physgate-m2rep-fa-r1,results/artifacts/physgate-m2rep-fa-r1/m2rep/rep1/result_PU_M1_final_checkpoint_FAtoB_gatepcv_s2024.json,
physgate-m2rep-fa-r1-final_checkpoint-AtoB-pcv-A1toA2-s2024,rafiurrahman01,rafiurrahman01,206a32b,,PU_M1 A1->A2 A->B,SDALR final_checkpoint gate=pcv,,2024,bearing-wise,L3,R,2048,,78.72,,,,,,358,,https://www.kaggle.com/code/rafiurrahman01/physgate-m2rep-fa-r1,results/artifacts/physgate-m2rep-fa-r1/m2rep/rep1/result_PU_M1_final_checkpoint_FAtoB_gatepcv_s2024.json,
physgate-m2rep-fa-r1-final_checkpoint-AtoB-pcv-A3toA1-s2024,rafiurrahman01,rafiurrahman01,206a32b,,PU_M1 A3->A1 A->B,SDALR final_checkpoint gate=pcv,,2024,bearing-wise,L3,R,2048,,68.88,,,,,,357,,https://www.kaggle.com/code/rafiurrahman01/physgate-m2rep-fa-r1,results/artifacts/physgate-m2rep-fa-r1/m2rep/rep1/result_PU_M1_final_checkpoint_FAtoB_gatepcv_s2024.json,
physgate-m2rep-fa-r1-final_checkpoint-AtoB-pcv-A3toA2-s2024,rafiurrahman01,rafiurrahman01,206a32b,,PU_M1 A3->A2 A->B,SDALR final_checkpoint gate=pcv,,2024,bearing-wise,L3,R,2048,,58.73,,,,,,359,,https://www.kaggle.com/code/rafiurrahman01/physgate-m2rep-fa-r1,results/artifacts/physgate-m2rep-fa-r1/m2rep/rep1/result_PU_M1_final_checkpoint_FAtoB_gatepcv_s2024.json,
physgate-m2rep-fa-r1-final_checkpoint-AtoB-pcv-A2toA1-s2024,rafiurrahman01,rafiurrahman01,206a32b,,PU_M1 A2->A1 A->B,SDALR final_checkpoint gate=pcv,,2024,bearing-wise,L3,R,2048,,38.68,,,,,,359,,https://www.kaggle.com/code/rafiurrahman01/physgate-m2rep-fa-r1,results/artifacts/physgate-m2rep-fa-r1/m2rep/rep1/result_PU_M1_final_checkpoint_FAtoB_gatepcv_s2024.json,
physgate-m2rep-fa-r1-final_checkpoint-AtoB-pcv-A2toA3-s2024,rafiurrahman01,rafiurrahman01,206a32b,,PU_M1 A2->A3 A->B,SDALR final_checkpoint gate=pcv,,2024,bearing-wise,L3,R,2048,,38.7,,,,,,357,,https://www.kaggle.com/code/rafiurrahman01/physgate-m2rep-fa-r1,results/artifacts/physgate-m2rep-fa-r1/m2rep/rep1/result_PU_M1_final_checkpoint_FAtoB_gatepcv_s2024.json,
physgate-m2rep-fa-r1-final_checkpoint-AtoB-v2-A1toA3-s2024,rafiurrahman01,rafiurrahman01,206a32b,,PU_M1 A1->A3 A->B,SDALR final_checkpoint gate=v2,,2024,bearing-wise,L3,R,2048,,83.33,,,,,,361,,https://www.kaggle.com/code/rafiurrahman01/physgate-m2rep-fa-r1,results/artifacts/physgate-m2rep-fa-r1/m2rep/rep1/result_PU_M1_final_checkpoint_FAtoB_gatev2_s2024.json,
physgate-m2rep-fa-r1-final_checkpoint-AtoB-v2-A1toA2-s2024,rafiurrahman01,rafiurrahman01,206a32b,,PU_M1 A1->A2 A->B,SDALR final_checkpoint gate=v2,,2024,bearing-wise,L3,R,2048,,76.98,,,,,,356,,https://www.kaggle.com/code/rafiurrahman01/physgate-m2rep-fa-r1,results/artifacts/physgate-m2rep-fa-r1/m2rep/rep1/result_PU_M1_final_checkpoint_FAtoB_gatev2_s2024.json,
physgate-m2rep-fa-r1-final_checkpoint-AtoB-v2-A3toA1-s2024,rafiurrahman01,rafiurrahman01,206a32b,,PU_M1 A3->A1 A->B,SDALR final_checkpoint gate=v2,,2024,bearing-wise,L3,R,2048,,68.88,,,,,,355,,https://www.kaggle.com/code/rafiurrahman01/physgate-m2rep-fa-r1,results/artifacts/physgate-m2rep-fa-r1/m2rep/rep1/result_PU_M1_final_checkpoint_FAtoB_gatev2_s2024.json,
physgate-m2rep-fa-r1-final_checkpoint-AtoB-v2-A3toA2-s2024,rafiurrahman01,rafiurrahman01,206a32b,,PU_M1 A3->A2 A->B,SDALR final_checkpoint gate=v2,,2024,bearing-wise,L3,R,2048,,57.72,,,,,,358,,https://www.kaggle.com/code/rafiurrahman01/physgate-m2rep-fa-r1,results/artifacts/physgate-m2rep-fa-r1/m2rep/rep1/result_PU_M1_final_checkpoint_FAtoB_gatev2_s2024.json,
physgate-m2rep-fa-r1-final_checkpoint-AtoB-v2-A2toA1-s2024,rafiurrahman01,rafiurrahman01,206a32b,,PU_M1 A2->A1 A->B,SDALR final_checkpoint gate=v2,,2024,bearing-wise,L3,R,2048,,38.68,,,,,,358,,https://www.kaggle.com/code/rafiurrahman01/physgate-m2rep-fa-r1,results/artifacts/physgate-m2rep-fa-r1/m2rep/rep1/result_PU_M1_final_checkpoint_FAtoB_gatev2_s2024.json,
physgate-m2rep-fa-r1-final_checkpoint-AtoB-v2-A2toA3-s2024,rafiurrahman01,rafiurrahman01,206a32b,,PU_M1 A2->A3 A->B,SDALR final_checkpoint gate=v2,,2024,bearing-wise,L3,R,2048,,38.68,,,,,,359,,https://www.kaggle.com/code/rafiurrahman01/physgate-m2rep-fa-r1,results/artifacts/physgate-m2rep-fa-r1/m2rep/rep1/result_PU_M1_final_checkpoint_FAtoB_gatev2_s2024.json,
physgate-m2rep-fa-r1-final_checkpoint-AtoB-none-A1toA3-s2024,rafiurrahman01,rafiurrahman01,206a32b,,PU_M1 A1->A3 A->B,SDALR final_checkpoint gate=none,,2024,bearing-wise,L3,R,2048,,76.13,,,,,,359,,https://www.kaggle.com/code/rafiurrahman01/physgate-m2rep-fa-r1,results/artifacts/physgate-m2rep-fa-r1/m2rep/rep1/result_PU_M1_final_checkpoint_FAtoB_s2024.json,
physgate-m2rep-fa-r1-final_checkpoint-AtoB-none-A1toA2-s2024,rafiurrahman01,rafiurrahman01,206a32b,,PU_M1 A1->A2 A->B,SDALR final_checkpoint gate=none,,2024,bearing-wise,L3,R,2048,,76.98,,,,,,357,,https://www.kaggle.com/code/rafiurrahman01/physgate-m2rep-fa-r1,results/artifacts/physgate-m2rep-fa-r1/m2rep/rep1/result_PU_M1_final_checkpoint_FAtoB_s2024.json,
physgate-m2rep-fa-r1-final_checkpoint-AtoB-none-A3toA1-s2024,rafiurrahman01,rafiurrahman01,206a32b,,PU_M1 A3->A1 A->B,SDALR final_checkpoint gate=none,,2024,bearing-wise,L3,R,2048,,61.12,,,,,,357,,https://www.kaggle.com/code/rafiurrahman01/physgate-m2rep-fa-r1,results/artifacts/physgate-m2rep-fa-r1/m2rep/rep1/result_PU_M1_final_checkpoint_FAtoB_s2024.json,
physgate-m2rep-fa-r1-final_checkpoint-AtoB-none-A3toA2-s2024,rafiurrahman01,rafiurrahman01,206a32b,,PU_M1 A3->A2 A->B,SDALR final_checkpoint gate=none,,2024,bearing-wise,L3,R,2048,,57.72,,,,,,359,,https://www.kaggle.com/code/rafiurrahman01/physgate-m2rep-fa-r1,results/artifacts/physgate-m2rep-fa-r1/m2rep/rep1/result_PU_M1_final_checkpoint_FAtoB_s2024.json,
physgate-m2rep-fa-r1-final_checkpoint-AtoB-none-A2toA1-s2024,rafiurrahman01,rafiurrahman01,206a32b,,PU_M1 A2->A1 A->B,SDALR final_checkpoint gate=none,,2024,bearing-wise,L3,R,2048,,34.07,,,,,,358,,https://www.kaggle.com/code/rafiurrahman01/physgate-m2rep-fa-r1,results/artifacts/physgate-m2rep-fa-r1/m2rep/rep1/result_PU_M1_final_checkpoint_FAtoB_s2024.json,
physgate-m2rep-fa-r1-final_checkpoint-AtoB-none-A2toA3-s2024,rafiurrahman01,rafiurrahman01,206a32b,,PU_M1 A2->A3 A->B,SDALR final_checkpoint gate=none,,2024,bearing-wise,L3,R,2048,,34.55,,,,,,358,,https://www.kaggle.com/code/rafiurrahman01/physgate-m2rep-fa-r1,results/artifacts/physgate-m2rep-fa-r1/m2rep/rep1/result_PU_M1_final_checkpoint_FAtoB_s2024.json,
physgate-m2rep-fa-r2-final_checkpoint-AtoB-pcv-A1toA3-s2024,rafiurrahman01,rafiurrahman01,206a32b,,PU_M1 A1->A3 A->B,SDALR final_checkpoint gate=pcv,,2024,bearing-wise,L3,R,2048,,83.33,,,,,,355,,https://www.kaggle.com/code/rafiurrahman01/physgate-m2rep-fa-r2,results/artifacts/physgate-m2rep-fa-r2/m2rep/rep2/result_PU_M1_final_checkpoint_FAtoB_gatepcv_s2024.json,
physgate-m2rep-fa-r2-final_checkpoint-AtoB-pcv-A1toA2-s2024,rafiurrahman01,rafiurrahman01,206a32b,,PU_M1 A1->A2 A->B,SDALR final_checkpoint gate=pcv,,2024,bearing-wise,L3,R,2048,,78.72,,,,,,348,,https://www.kaggle.com/code/rafiurrahman01/physgate-m2rep-fa-r2,results/artifacts/physgate-m2rep-fa-r2/m2rep/rep2/result_PU_M1_final_checkpoint_FAtoB_gatepcv_s2024.json,
physgate-m2rep-fa-r2-final_checkpoint-AtoB-pcv-A3toA1-s2024,rafiurrahman01,rafiurrahman01,206a32b,,PU_M1 A3->A1 A->B,SDALR final_checkpoint gate=pcv,,2024,bearing-wise,L3,R,2048,,68.88,,,,,,344,,https://www.kaggle.com/code/rafiurrahman01/physgate-m2rep-fa-r2,results/artifacts/physgate-m2rep-fa-r2/m2rep/rep2/result_PU_M1_final_checkpoint_FAtoB_gatepcv_s2024.json,
physgate-m2rep-fa-r2-final_checkpoint-AtoB-pcv-A3toA2-s2024,rafiurrahman01,rafiurrahman01,206a32b,,PU_M1 A3->A2 A->B,SDALR final_checkpoint gate=pcv,,2024,bearing-wise,L3,R,2048,,58.73,,,,,,347,,https://www.kaggle.com/code/rafiurrahman01/physgate-m2rep-fa-r2,results/artifacts/physgate-m2rep-fa-r2/m2rep/rep2/result_PU_M1_final_checkpoint_FAtoB_gatepcv_s2024.json,
physgate-m2rep-fa-r2-final_checkpoint-AtoB-pcv-A2toA1-s2024,rafiurrahman01,rafiurrahman01,206a32b,,PU_M1 A2->A1 A->B,SDALR final_checkpoint gate=pcv,,2024,bearing-wise,L3,R,2048,,38.68,,,,,,346,,https://www.kaggle.com/code/rafiurrahman01/physgate-m2rep-fa-r2,results/artifacts/physgate-m2rep-fa-r2/m2rep/rep2/result_PU_M1_final_checkpoint_FAtoB_gatepcv_s2024.json,
physgate-m2rep-fa-r2-final_checkpoint-AtoB-pcv-A2toA3-s2024,rafiurrahman01,rafiurrahman01,206a32b,,PU_M1 A2->A3 A->B,SDALR final_checkpoint gate=pcv,,2024,bearing-wise,L3,R,2048,,38.7,,,,,,346,,https://www.kaggle.com/code/rafiurrahman01/physgate-m2rep-fa-r2,results/artifacts/physgate-m2rep-fa-r2/m2rep/rep2/result_PU_M1_final_checkpoint_FAtoB_gatepcv_s2024.json,
physgate-m2rep-fa-r2-final_checkpoint-AtoB-v2-A1toA3-s2024,rafiurrahman01,rafiurrahman01,206a32b,,PU_M1 A1->A3 A->B,SDALR final_checkpoint gate=v2,,2024,bearing-wise,L3,R,2048,,83.33,,,,,,347,,https://www.kaggle.com/code/rafiurrahman01/physgate-m2rep-fa-r2,results/artifacts/physgate-m2rep-fa-r2/m2rep/rep2/result_PU_M1_final_checkpoint_FAtoB_gatev2_s2024.json,
physgate-m2rep-fa-r2-final_checkpoint-AtoB-v2-A1toA2-s2024,rafiurrahman01,rafiurrahman01,206a32b,,PU_M1 A1->A2 A->B,SDALR final_checkpoint gate=v2,,2024,bearing-wise,L3,R,2048,,76.98,,,,,,345,,https://www.kaggle.com/code/rafiurrahman01/physgate-m2rep-fa-r2,results/artifacts/physgate-m2rep-fa-r2/m2rep/rep2/result_PU_M1_final_checkpoint_FAtoB_gatev2_s2024.json,
physgate-m2rep-fa-r2-final_checkpoint-AtoB-v2-A3toA1-s2024,rafiurrahman01,rafiurrahman01,206a32b,,PU_M1 A3->A1 A->B,SDALR final_checkpoint gate=v2,,2024,bearing-wise,L3,R,2048,,68.88,,,,,,346,,https://www.kaggle.com/code/rafiurrahman01/physgate-m2rep-fa-r2,results/artifacts/physgate-m2rep-fa-r2/m2rep/rep2/result_PU_M1_final_checkpoint_FAtoB_gatev2_s2024.json,
physgate-m2rep-fa-r2-final_checkpoint-AtoB-v2-A3toA2-s2024,rafiurrahman01,rafiurrahman01,206a32b,,PU_M1 A3->A2 A->B,SDALR final_checkpoint gate=v2,,2024,bearing-wise,L3,R,2048,,57.72,,,,,,353,,https://www.kaggle.com/code/rafiurrahman01/physgate-m2rep-fa-r2,results/artifacts/physgate-m2rep-fa-r2/m2rep/rep2/result_PU_M1_final_checkpoint_FAtoB_gatev2_s2024.json,
physgate-m2rep-fa-r2-final_checkpoint-AtoB-v2-A2toA1-s2024,rafiurrahman01,rafiurrahman01,206a32b,,PU_M1 A2->A1 A->B,SDALR final_checkpoint gate=v2,,2024,bearing-wise,L3,R,2048,,38.68,,,,,,352,,https://www.kaggle.com/code/rafiurrahman01/physgate-m2rep-fa-r2,results/artifacts/physgate-m2rep-fa-r2/m2rep/rep2/result_PU_M1_final_checkpoint_FAtoB_gatev2_s2024.json,
physgate-m2rep-fa-r2-final_checkpoint-AtoB-v2-A2toA3-s2024,rafiurrahman01,rafiurrahman01,206a32b,,PU_M1 A2->A3 A->B,SDALR final_checkpoint gate=v2,,2024,bearing-wise,L3,R,2048,,38.68,,,,,,352,,https://www.kaggle.com/code/rafiurrahman01/physgate-m2rep-fa-r2,results/artifacts/physgate-m2rep-fa-r2/m2rep/rep2/result_PU_M1_final_checkpoint_FAtoB_gatev2_s2024.json,
physgate-m2rep-fa-r2-final_checkpoint-AtoB-none-A1toA3-s2024,rafiurrahman01,rafiurrahman01,206a32b,,PU_M1 A1->A3 A->B,SDALR final_checkpoint gate=none,,2024,bearing-wise,L3,R,2048,,76.13,,,,,,354,,https://www.kaggle.com/code/rafiurrahman01/physgate-m2rep-fa-r2,results/artifacts/physgate-m2rep-fa-r2/m2rep/rep2/result_PU_M1_final_checkpoint_FAtoB_s2024.json,
physgate-m2rep-fa-r2-final_checkpoint-AtoB-none-A1toA2-s2024,rafiurrahman01,rafiurrahman01,206a32b,,PU_M1 A1->A2 A->B,SDALR final_checkpoint gate=none,,2024,bearing-wise,L3,R,2048,,76.98,,,,,,351,,https://www.kaggle.com/code/rafiurrahman01/physgate-m2rep-fa-r2,results/artifacts/physgate-m2rep-fa-r2/m2rep/rep2/result_PU_M1_final_checkpoint_FAtoB_s2024.json,
physgate-m2rep-fa-r2-final_checkpoint-AtoB-none-A3toA1-s2024,rafiurrahman01,rafiurrahman01,206a32b,,PU_M1 A3->A1 A->B,SDALR final_checkpoint gate=none,,2024,bearing-wise,L3,R,2048,,61.12,,,,,,351,,https://www.kaggle.com/code/rafiurrahman01/physgate-m2rep-fa-r2,results/artifacts/physgate-m2rep-fa-r2/m2rep/rep2/result_PU_M1_final_checkpoint_FAtoB_s2024.json,
physgate-m2rep-fa-r2-final_checkpoint-AtoB-none-A3toA2-s2024,rafiurrahman01,rafiurrahman01,206a32b,,PU_M1 A3->A2 A->B,SDALR final_checkpoint gate=none,,2024,bearing-wise,L3,R,2048,,57.72,,,,,,347,,https://www.kaggle.com/code/rafiurrahman01/physgate-m2rep-fa-r2,results/artifacts/physgate-m2rep-fa-r2/m2rep/rep2/result_PU_M1_final_checkpoint_FAtoB_s2024.json,
physgate-m2rep-fa-r2-final_checkpoint-AtoB-none-A2toA1-s2024,rafiurrahman01,rafiurrahman01,206a32b,,PU_M1 A2->A1 A->B,SDALR final_checkpoint gate=none,,2024,bearing-wise,L3,R,2048,,34.07,,,,,,346,,https://www.kaggle.com/code/rafiurrahman01/physgate-m2rep-fa-r2,results/artifacts/physgate-m2rep-fa-r2/m2rep/rep2/result_PU_M1_final_checkpoint_FAtoB_s2024.json,
physgate-m2rep-fa-r2-final_checkpoint-AtoB-none-A2toA3-s2024,rafiurrahman01,rafiurrahman01,206a32b,,PU_M1 A2->A3 A->B,SDALR final_checkpoint gate=none,,2024,bearing-wise,L3,R,2048,,34.55,,,,,,346,,https://www.kaggle.com/code/rafiurrahman01/physgate-m2rep-fa-r2,results/artifacts/physgate-m2rep-fa-r2/m2rep/rep2/result_PU_M1_final_checkpoint_FAtoB_s2024.json,
physgate-m2rep-fb-r1-final_checkpoint-BtoA-pcv-A1toA3-s2024,rafiurrahman01,rafiurrahman01,206a32b,,PU_M1 A1->A3 B->A,SDALR final_checkpoint gate=pcv,,2024,bearing-wise,L3,R,2048,,69.85,,,,,,355,,https://www.kaggle.com/code/rafiurrahman01/physgate-m2rep-fb-r1,results/artifacts/physgate-m2rep-fb-r1/m2rep/rep1/result_PU_M1_final_checkpoint_FBtoA_gatepcv_s2024.json,
physgate-m2rep-fb-r1-final_checkpoint-BtoA-pcv-A1toA2-s2024,rafiurrahman01,rafiurrahman01,206a32b,,PU_M1 A1->A2 B->A,SDALR final_checkpoint gate=pcv,,2024,bearing-wise,L3,R,2048,,55.22,,,,,,354,,https://www.kaggle.com/code/rafiurrahman01/physgate-m2rep-fb-r1,results/artifacts/physgate-m2rep-fb-r1/m2rep/rep1/result_PU_M1_final_checkpoint_FBtoA_gatepcv_s2024.json,
physgate-m2rep-fb-r1-final_checkpoint-BtoA-pcv-A3toA1-s2024,rafiurrahman01,rafiurrahman01,206a32b,,PU_M1 A3->A1 B->A,SDALR final_checkpoint gate=pcv,,2024,bearing-wise,L3,R,2048,,61.9,,,,,,354,,https://www.kaggle.com/code/rafiurrahman01/physgate-m2rep-fb-r1,results/artifacts/physgate-m2rep-fb-r1/m2rep/rep1/result_PU_M1_final_checkpoint_FBtoA_gatepcv_s2024.json,
physgate-m2rep-fb-r1-final_checkpoint-BtoA-pcv-A3toA2-s2024,rafiurrahman01,rafiurrahman01,206a32b,,PU_M1 A3->A2 B->A,SDALR final_checkpoint gate=pcv,,2024,bearing-wise,L3,R,2048,,55.28,,,,,,354,,https://www.kaggle.com/code/rafiurrahman01/physgate-m2rep-fb-r1,results/artifacts/physgate-m2rep-fb-r1/m2rep/rep1/result_PU_M1_final_checkpoint_FBtoA_gatepcv_s2024.json,
physgate-m2rep-fb-r1-final_checkpoint-BtoA-pcv-A2toA1-s2024,rafiurrahman01,rafiurrahman01,206a32b,,PU_M1 A2->A1 B->A,SDALR final_checkpoint gate=pcv,,2024,bearing-wise,L3,R,2048,,63.38,,,,,,353,,https://www.kaggle.com/code/rafiurrahman01/physgate-m2rep-fb-r1,results/artifacts/physgate-m2rep-fb-r1/m2rep/rep1/result_PU_M1_final_checkpoint_FBtoA_gatepcv_s2024.json,
physgate-m2rep-fb-r1-final_checkpoint-BtoA-pcv-A2toA3-s2024,rafiurrahman01,rafiurrahman01,206a32b,,PU_M1 A2->A3 B->A,SDALR final_checkpoint gate=pcv,,2024,bearing-wise,L3,R,2048,,68.18,,,,,,354,,https://www.kaggle.com/code/rafiurrahman01/physgate-m2rep-fb-r1,results/artifacts/physgate-m2rep-fb-r1/m2rep/rep1/result_PU_M1_final_checkpoint_FBtoA_gatepcv_s2024.json,
physgate-m2rep-fb-r1-final_checkpoint-BtoA-v2-A1toA3-s2024,rafiurrahman01,rafiurrahman01,206a32b,,PU_M1 A1->A3 B->A,SDALR final_checkpoint gate=v2,,2024,bearing-wise,L3,R,2048,,58.53,,,,,,356,,https://www.kaggle.com/code/rafiurrahman01/physgate-m2rep-fb-r1,results/artifacts/physgate-m2rep-fb-r1/m2rep/rep1/result_PU_M1_final_checkpoint_FBtoA_gatev2_s2024.json,
physgate-m2rep-fb-r1-final_checkpoint-BtoA-v2-A1toA2-s2024,rafiurrahman01,rafiurrahman01,206a32b,,PU_M1 A1->A2 B->A,SDALR final_checkpoint gate=v2,,2024,bearing-wise,L3,R,2048,,55.23,,,,,,353,,https://www.kaggle.com/code/rafiurrahman01/physgate-m2rep-fb-r1,results/artifacts/physgate-m2rep-fb-r1/m2rep/rep1/result_PU_M1_final_checkpoint_FBtoA_gatev2_s2024.json,
physgate-m2rep-fb-r1-final_checkpoint-BtoA-v2-A3toA1-s2024,rafiurrahman01,rafiurrahman01,206a32b,,PU_M1 A3->A1 B->A,SDALR final_checkpoint gate=v2,,2024,bearing-wise,L3,R,2048,,63.4,,,,,,353,,https://www.kaggle.com/code/rafiurrahman01/physgate-m2rep-fb-r1,results/artifacts/physgate-m2rep-fb-r1/m2rep/rep1/result_PU_M1_final_checkpoint_FBtoA_gatev2_s2024.json,
physgate-m2rep-fb-r1-final_checkpoint-BtoA-v2-A3toA2-s2024,rafiurrahman01,rafiurrahman01,206a32b,,PU_M1 A3->A2 B->A,SDALR final_checkpoint gate=v2,,2024,bearing-wise,L3,R,2048,,55.23,,,,,,352,,https://www.kaggle.com/code/rafiurrahman01/physgate-m2rep-fb-r1,results/artifacts/physgate-m2rep-fb-r1/m2rep/rep1/result_PU_M1_final_checkpoint_FBtoA_gatev2_s2024.json,
physgate-m2rep-fb-r1-final_checkpoint-BtoA-v2-A2toA1-s2024,rafiurrahman01,rafiurrahman01,206a32b,,PU_M1 A2->A1 B->A,SDALR final_checkpoint gate=v2,,2024,bearing-wise,L3,R,2048,,62.15,,,,,,354,,https://www.kaggle.com/code/rafiurrahman01/physgate-m2rep-fb-r1,results/artifacts/physgate-m2rep-fb-r1/m2rep/rep1/result_PU_M1_final_checkpoint_FBtoA_gatev2_s2024.json,
physgate-m2rep-fb-r1-final_checkpoint-BtoA-v2-A2toA3-s2024,rafiurrahman01,rafiurrahman01,206a32b,,PU_M1 A2->A3 B->A,SDALR final_checkpoint gate=v2,,2024,bearing-wise,L3,R,2048,,58.43,,,,,,355,,https://www.kaggle.com/code/rafiurrahman01/physgate-m2rep-fb-r1,results/artifacts/physgate-m2rep-fb-r1/m2rep/rep1/result_PU_M1_final_checkpoint_FBtoA_gatev2_s2024.json,
physgate-m2rep-fb-r1-final_checkpoint-BtoA-none-A1toA3-s2024,rafiurrahman01,rafiurrahman01,206a32b,,PU_M1 A1->A3 B->A,SDALR final_checkpoint gate=none,,2024,bearing-wise,L3,R,2048,,55.33,,,,,,352,,https://www.kaggle.com/code/rafiurrahman01/physgate-m2rep-fb-r1,results/artifacts/physgate-m2rep-fb-r1/m2rep/rep1/result_PU_M1_final_checkpoint_FBtoA_s2024.json,
physgate-m2rep-fb-r1-final_checkpoint-BtoA-none-A1toA2-s2024,rafiurrahman01,rafiurrahman01,206a32b,,PU_M1 A1->A2 B->A,SDALR final_checkpoint gate=none,,2024,bearing-wise,L3,R,2048,,55.27,,,,,,352,,https://www.kaggle.com/code/rafiurrahman01/physgate-m2rep-fb-r1,results/artifacts/physgate-m2rep-fb-r1/m2rep/rep1/result_PU_M1_final_checkpoint_FBtoA_s2024.json,
physgate-m2rep-fb-r1-final_checkpoint-BtoA-none-A3toA1-s2024,rafiurrahman01,rafiurrahman01,206a32b,,PU_M1 A3->A1 B->A,SDALR final_checkpoint gate=none,,2024,bearing-wise,L3,R,2048,,55.33,,,,,,354,,https://www.kaggle.com/code/rafiurrahman01/physgate-m2rep-fb-r1,results/artifacts/physgate-m2rep-fb-r1/m2rep/rep1/result_PU_M1_final_checkpoint_FBtoA_s2024.json,
physgate-m2rep-fb-r1-final_checkpoint-BtoA-none-A3toA2-s2024,rafiurrahman01,rafiurrahman01,206a32b,,PU_M1 A3->A2 B->A,SDALR final_checkpoint gate=none,,2024,bearing-wise,L3,R,2048,,55.28,,,,,,352,,https://www.kaggle.com/code/rafiurrahman01/physgate-m2rep-fb-r1,results/artifacts/physgate-m2rep-fb-r1/m2rep/rep1/result_PU_M1_final_checkpoint_FBtoA_s2024.json,
physgate-m2rep-fb-r1-final_checkpoint-BtoA-none-A2toA1-s2024,rafiurrahman01,rafiurrahman01,206a32b,,PU_M1 A2->A1 B->A,SDALR final_checkpoint gate=none,,2024,bearing-wise,L3,R,2048,,55.33,,,,,,352,,https://www.kaggle.com/code/rafiurrahman01/physgate-m2rep-fb-r1,results/artifacts/physgate-m2rep-fb-r1/m2rep/rep1/result_PU_M1_final_checkpoint_FBtoA_s2024.json,
physgate-m2rep-fb-r1-final_checkpoint-BtoA-none-A2toA3-s2024,rafiurrahman01,rafiurrahman01,206a32b,,PU_M1 A2->A3 B->A,SDALR final_checkpoint gate=none,,2024,bearing-wise,L3,R,2048,,55.33,,,,,,353,,https://www.kaggle.com/code/rafiurrahman01/physgate-m2rep-fb-r1,results/artifacts/physgate-m2rep-fb-r1/m2rep/rep1/result_PU_M1_final_checkpoint_FBtoA_s2024.json,
physgate-m2seed-fa-s0-final_checkpoint-AtoB-pcv-A1toA3-s0,rafiurrahman01,rafiurrahman01,206a32b,,PU_M1 A1->A3 A->B,SDALR final_checkpoint gate=pcv,,0,bearing-wise,L3,R,2048,,83.33,,,,,,357,,https://www.kaggle.com/code/rafiurrahman01/physgate-m2seed-fa-s0,results/artifacts/physgate-m2seed-fa-s0/m2rep/reps0/result_PU_M1_final_checkpoint_FAtoB_gatepcv_s0.json,
physgate-m2seed-fa-s0-final_checkpoint-AtoB-pcv-A1toA2-s0,rafiurrahman01,rafiurrahman01,206a32b,,PU_M1 A1->A2 A->B,SDALR final_checkpoint gate=pcv,,0,bearing-wise,L3,R,2048,,78.85,,,,,,356,,https://www.kaggle.com/code/rafiurrahman01/physgate-m2seed-fa-s0,results/artifacts/physgate-m2seed-fa-s0/m2rep/reps0/result_PU_M1_final_checkpoint_FAtoB_gatepcv_s0.json,
physgate-m2seed-fa-s0-final_checkpoint-AtoB-pcv-A3toA1-s0,rafiurrahman01,rafiurrahman01,206a32b,,PU_M1 A3->A1 A->B,SDALR final_checkpoint gate=pcv,,0,bearing-wise,L3,R,2048,,80.23,,,,,,354,,https://www.kaggle.com/code/rafiurrahman01/physgate-m2seed-fa-s0,results/artifacts/physgate-m2seed-fa-s0/m2rep/reps0/result_PU_M1_final_checkpoint_FAtoB_gatepcv_s0.json,
physgate-m2seed-fa-s0-final_checkpoint-AtoB-pcv-A3toA2-s0,rafiurrahman01,rafiurrahman01,206a32b,,PU_M1 A3->A2 A->B,SDALR final_checkpoint gate=pcv,,0,bearing-wise,L3,R,2048,,70.25,,,,,,354,,https://www.kaggle.com/code/rafiurrahman01/physgate-m2seed-fa-s0,results/artifacts/physgate-m2seed-fa-s0/m2rep/reps0/result_PU_M1_final_checkpoint_FAtoB_gatepcv_s0.json,
physgate-m2seed-fa-s0-final_checkpoint-AtoB-pcv-A2toA1-s0,rafiurrahman01,rafiurrahman01,206a32b,,PU_M1 A2->A1 A->B,SDALR final_checkpoint gate=pcv,,0,bearing-wise,L3,R,2048,,38.67,,,,,,356,,https://www.kaggle.com/code/rafiurrahman01/physgate-m2seed-fa-s0,results/artifacts/physgate-m2seed-fa-s0/m2rep/reps0/result_PU_M1_final_checkpoint_FAtoB_gatepcv_s0.json,
physgate-m2seed-fa-s0-final_checkpoint-AtoB-pcv-A2toA3-s0,rafiurrahman01,rafiurrahman01,206a32b,,PU_M1 A2->A3 A->B,SDALR final_checkpoint gate=pcv,,0,bearing-wise,L3,R,2048,,38.68,,,,,,355,,https://www.kaggle.com/code/rafiurrahman01/physgate-m2seed-fa-s0,results/artifacts/physgate-m2seed-fa-s0/m2rep/reps0/result_PU_M1_final_checkpoint_FAtoB_gatepcv_s0.json,
physgate-m2seed-fa-s0-final_checkpoint-AtoB-v2-A1toA3-s0,rafiurrahman01,rafiurrahman01,206a32b,,PU_M1 A1->A3 A->B,SDALR final_checkpoint gate=v2,,0,bearing-wise,L3,R,2048,,83.33,,,,,,358,,https://www.kaggle.com/code/rafiurrahman01/physgate-m2seed-fa-s0,results/artifacts/physgate-m2seed-fa-s0/m2rep/reps0/result_PU_M1_final_checkpoint_FAtoB_gatev2_s0.json,
physgate-m2seed-fa-s0-final_checkpoint-AtoB-v2-A1toA2-s0,rafiurrahman01,rafiurrahman01,206a32b,,PU_M1 A1->A2 A->B,SDALR final_checkpoint gate=v2,,0,bearing-wise,L3,R,2048,,77.27,,,,,,355,,https://www.kaggle.com/code/rafiurrahman01/physgate-m2seed-fa-s0,results/artifacts/physgate-m2seed-fa-s0/m2rep/reps0/result_PU_M1_final_checkpoint_FAtoB_gatev2_s0.json,
physgate-m2seed-fa-s0-final_checkpoint-AtoB-v2-A3toA1-s0,rafiurrahman01,rafiurrahman01,206a32b,,PU_M1 A3->A1 A->B,SDALR final_checkpoint gate=v2,,0,bearing-wise,L3,R,2048,,80.23,,,,,,356,,https://www.kaggle.com/code/rafiurrahman01/physgate-m2seed-fa-s0,results/artifacts/physgate-m2seed-fa-s0/m2rep/reps0/result_PU_M1_final_checkpoint_FAtoB_gatev2_s0.json,
physgate-m2seed-fa-s0-final_checkpoint-AtoB-v2-A3toA2-s0,rafiurrahman01,rafiurrahman01,206a32b,,PU_M1 A3->A2 A->B,SDALR final_checkpoint gate=v2,,0,bearing-wise,L3,R,2048,,68.72,,,,,,352,,https://www.kaggle.com/code/rafiurrahman01/physgate-m2seed-fa-s0,results/artifacts/physgate-m2seed-fa-s0/m2rep/reps0/result_PU_M1_final_checkpoint_FAtoB_gatev2_s0.json,
physgate-m2seed-fa-s0-final_checkpoint-AtoB-v2-A2toA1-s0,rafiurrahman01,rafiurrahman01,206a32b,,PU_M1 A2->A1 A->B,SDALR final_checkpoint gate=v2,,0,bearing-wise,L3,R,2048,,38.67,,,,,,354,,https://www.kaggle.com/code/rafiurrahman01/physgate-m2seed-fa-s0,results/artifacts/physgate-m2seed-fa-s0/m2rep/reps0/result_PU_M1_final_checkpoint_FAtoB_gatev2_s0.json,
physgate-m2seed-fa-s0-final_checkpoint-AtoB-v2-A2toA3-s0,rafiurrahman01,rafiurrahman01,206a32b,,PU_M1 A2->A3 A->B,SDALR final_checkpoint gate=v2,,0,bearing-wise,L3,R,2048,,38.68,,,,,,356,,https://www.kaggle.com/code/rafiurrahman01/physgate-m2seed-fa-s0,results/artifacts/physgate-m2seed-fa-s0/m2rep/reps0/result_PU_M1_final_checkpoint_FAtoB_gatev2_s0.json,
physgate-m2seed-fa-s0-final_checkpoint-AtoB-none-A1toA3-s0,rafiurrahman01,rafiurrahman01,206a32b,,PU_M1 A1->A3 A->B,SDALR final_checkpoint gate=none,,0,bearing-wise,L3,R,2048,,83.33,,,,,,354,,https://www.kaggle.com/code/rafiurrahman01/physgate-m2seed-fa-s0,results/artifacts/physgate-m2seed-fa-s0/m2rep/reps0/result_PU_M1_final_checkpoint_FAtoB_s0.json,
physgate-m2seed-fa-s0-final_checkpoint-AtoB-none-A1toA2-s0,rafiurrahman01,rafiurrahman01,206a32b,,PU_M1 A1->A2 A->B,SDALR final_checkpoint gate=none,,0,bearing-wise,L3,R,2048,,77.27,,,,,,351,,https://www.kaggle.com/code/rafiurrahman01/physgate-m2seed-fa-s0,results/artifacts/physgate-m2seed-fa-s0/m2rep/reps0/result_PU_M1_final_checkpoint_FAtoB_s0.json,
physgate-m2seed-fa-s0-final_checkpoint-AtoB-none-A3toA1-s0,rafiurrahman01,rafiurrahman01,206a32b,,PU_M1 A3->A1 A->B,SDALR final_checkpoint gate=none,,0,bearing-wise,L3,R,2048,,73.48,,,,,,352,,https://www.kaggle.com/code/rafiurrahman01/physgate-m2seed-fa-s0,results/artifacts/physgate-m2seed-fa-s0/m2rep/reps0/result_PU_M1_final_checkpoint_FAtoB_s0.json,
physgate-m2seed-fa-s0-final_checkpoint-AtoB-none-A3toA2-s0,rafiurrahman01,rafiurrahman01,206a32b,,PU_M1 A3->A2 A->B,SDALR final_checkpoint gate=none,,0,bearing-wise,L3,R,2048,,68.72,,,,,,350,,https://www.kaggle.com/code/rafiurrahman01/physgate-m2seed-fa-s0,results/artifacts/physgate-m2seed-fa-s0/m2rep/reps0/result_PU_M1_final_checkpoint_FAtoB_s0.json,
physgate-m2seed-fa-s0-final_checkpoint-AtoB-none-A2toA1-s0,rafiurrahman01,rafiurrahman01,206a32b,,PU_M1 A2->A1 A->B,SDALR final_checkpoint gate=none,,0,bearing-wise,L3,R,2048,,27.67,,,,,,352,,https://www.kaggle.com/code/rafiurrahman01/physgate-m2seed-fa-s0,results/artifacts/physgate-m2seed-fa-s0/m2rep/reps0/result_PU_M1_final_checkpoint_FAtoB_s0.json,
physgate-m2seed-fa-s0-final_checkpoint-AtoB-none-A2toA3-s0,rafiurrahman01,rafiurrahman01,206a32b,,PU_M1 A2->A3 A->B,SDALR final_checkpoint gate=none,,0,bearing-wise,L3,R,2048,,27.67,,,,,,355,,https://www.kaggle.com/code/rafiurrahman01/physgate-m2seed-fa-s0,results/artifacts/physgate-m2seed-fa-s0/m2rep/reps0/result_PU_M1_final_checkpoint_FAtoB_s0.json,
physgate-m2seed-fb-s0-final_checkpoint-BtoA-pcv-A1toA3-s0,rafiurrahman01,rafiurrahman01,206a32b,,PU_M1 A1->A3 B->A,SDALR final_checkpoint gate=pcv,,0,bearing-wise,L3,R,2048,,71.75,,,,,,363,,https://www.kaggle.com/code/rafiurrahman01/physgate-m2seed-fb-s0,results/artifacts/physgate-m2seed-fb-s0/m2rep/reps0/result_PU_M1_final_checkpoint_FBtoA_gatepcv_s0.json,
physgate-m2seed-fb-s0-final_checkpoint-BtoA-pcv-A1toA2-s0,rafiurrahman01,rafiurrahman01,206a32b,,PU_M1 A1->A2 B->A,SDALR final_checkpoint gate=pcv,,0,bearing-wise,L3,R,2048,,55.27,,,,,,363,,https://www.kaggle.com/code/rafiurrahman01/physgate-m2seed-fb-s0,results/artifacts/physgate-m2seed-fb-s0/m2rep/reps0/result_PU_M1_final_checkpoint_FBtoA_gatepcv_s0.json,
physgate-m2seed-fb-s0-final_checkpoint-BtoA-pcv-A3toA1-s0,rafiurrahman01,rafiurrahman01,206a32b,,PU_M1 A3->A1 B->A,SDALR final_checkpoint gate=pcv,,0,bearing-wise,L3,R,2048,,52.7,,,,,,361,,https://www.kaggle.com/code/rafiurrahman01/physgate-m2seed-fb-s0,results/artifacts/physgate-m2seed-fb-s0/m2rep/reps0/result_PU_M1_final_checkpoint_FBtoA_gatepcv_s0.json,
physgate-m2seed-fb-s0-final_checkpoint-BtoA-pcv-A3toA2-s0,rafiurrahman01,rafiurrahman01,206a32b,,PU_M1 A3->A2 B->A,SDALR final_checkpoint gate=pcv,,0,bearing-wise,L3,R,2048,,55.27,,,,,,362,,https://www.kaggle.com/code/rafiurrahman01/physgate-m2seed-fb-s0,results/artifacts/physgate-m2seed-fb-s0/m2rep/reps0/result_PU_M1_final_checkpoint_FBtoA_gatepcv_s0.json,
physgate-m2seed-fb-s0-final_checkpoint-BtoA-pcv-A2toA1-s0,rafiurrahman01,rafiurrahman01,206a32b,,PU_M1 A2->A1 B->A,SDALR final_checkpoint gate=pcv,,0,bearing-wise,L3,R,2048,,69.88,,,,,,359,,https://www.kaggle.com/code/rafiurrahman01/physgate-m2seed-fb-s0,results/artifacts/physgate-m2seed-fb-s0/m2rep/reps0/result_PU_M1_final_checkpoint_FBtoA_gatepcv_s0.json,
physgate-m2seed-fb-s0-final_checkpoint-BtoA-pcv-A2toA3-s0,rafiurrahman01,rafiurrahman01,206a32b,,PU_M1 A2->A3 B->A,SDALR final_checkpoint gate=pcv,,0,bearing-wise,L3,R,2048,,73.35,,,,,,359,,https://www.kaggle.com/code/rafiurrahman01/physgate-m2seed-fb-s0,results/artifacts/physgate-m2seed-fb-s0/m2rep/reps0/result_PU_M1_final_checkpoint_FBtoA_gatepcv_s0.json,
physgate-m2seed-fb-s0-final_checkpoint-BtoA-v2-A1toA3-s0,rafiurrahman01,rafiurrahman01,206a32b,,PU_M1 A1->A3 B->A,SDALR final_checkpoint gate=v2,,0,bearing-wise,L3,R,2048,,58.7,,,,,,363,,https://www.kaggle.com/code/rafiurrahman01/physgate-m2seed-fb-s0,results/artifacts/physgate-m2seed-fb-s0/m2rep/reps0/result_PU_M1_final_checkpoint_FBtoA_gatev2_s0.json,
physgate-m2seed-fb-s0-final_checkpoint-BtoA-v2-A1toA2-s0,rafiurrahman01,rafiurrahman01,206a32b,,PU_M1 A1->A2 B->A,SDALR final_checkpoint gate=v2,,0,bearing-wise,L3,R,2048,,55.2,,,,,,363,,https://www.kaggle.com/code/rafiurrahman01/physgate-m2seed-fb-s0,results/artifacts/physgate-m2seed-fb-s0/m2rep/reps0/result_PU_M1_final_checkpoint_FBtoA_gatev2_s0.json,
physgate-m2seed-fb-s0-final_checkpoint-BtoA-v2-A3toA1-s0,rafiurrahman01,rafiurrahman01,206a32b,,PU_M1 A3->A1 B->A,SDALR final_checkpoint gate=v2,,0,bearing-wise,L3,R,2048,,49.05,,,,,,362,,https://www.kaggle.com/code/rafiurrahman01/physgate-m2seed-fb-s0,results/artifacts/physgate-m2seed-fb-s0/m2rep/reps0/result_PU_M1_final_checkpoint_FBtoA_gatev2_s0.json,
physgate-m2seed-fb-s0-final_checkpoint-BtoA-v2-A3toA2-s0,rafiurrahman01,rafiurrahman01,206a32b,,PU_M1 A3->A2 B->A,SDALR final_checkpoint gate=v2,,0,bearing-wise,L3,R,2048,,55.27,,,,,,363,,https://www.kaggle.com/code/rafiurrahman01/physgate-m2seed-fb-s0,results/artifacts/physgate-m2seed-fb-s0/m2rep/reps0/result_PU_M1_final_checkpoint_FBtoA_gatev2_s0.json,
physgate-m2seed-fb-s0-final_checkpoint-BtoA-v2-A2toA1-s0,rafiurrahman01,rafiurrahman01,206a32b,,PU_M1 A2->A1 B->A,SDALR final_checkpoint gate=v2,,0,bearing-wise,L3,R,2048,,60.67,,,,,,361,,https://www.kaggle.com/code/rafiurrahman01/physgate-m2seed-fb-s0,results/artifacts/physgate-m2seed-fb-s0/m2rep/reps0/result_PU_M1_final_checkpoint_FBtoA_gatev2_s0.json,
physgate-m2seed-fb-s0-final_checkpoint-BtoA-v2-A2toA3-s0,rafiurrahman01,rafiurrahman01,206a32b,,PU_M1 A2->A3 B->A,SDALR final_checkpoint gate=v2,,0,bearing-wise,L3,R,2048,,58.62,,,,,,362,,https://www.kaggle.com/code/rafiurrahman01/physgate-m2seed-fb-s0,results/artifacts/physgate-m2seed-fb-s0/m2rep/reps0/result_PU_M1_final_checkpoint_FBtoA_gatev2_s0.json,
physgate-m2seed-fb-s0-final_checkpoint-BtoA-none-A1toA3-s0,rafiurrahman01,rafiurrahman01,206a32b,,PU_M1 A1->A3 B->A,SDALR final_checkpoint gate=none,,0,bearing-wise,L3,R,2048,,55.33,,,,,,362,,https://www.kaggle.com/code/rafiurrahman01/physgate-m2seed-fb-s0,results/artifacts/physgate-m2seed-fb-s0/m2rep/reps0/result_PU_M1_final_checkpoint_FBtoA_s0.json,
physgate-m2seed-fb-s0-final_checkpoint-BtoA-none-A1toA2-s0,rafiurrahman01,rafiurrahman01,206a32b,,PU_M1 A1->A2 B->A,SDALR final_checkpoint gate=none,,0,bearing-wise,L3,R,2048,,55.28,,,,,,363,,https://www.kaggle.com/code/rafiurrahman01/physgate-m2seed-fb-s0,results/artifacts/physgate-m2seed-fb-s0/m2rep/reps0/result_PU_M1_final_checkpoint_FBtoA_s0.json,
physgate-m2seed-fb-s0-final_checkpoint-BtoA-none-A3toA1-s0,rafiurrahman01,rafiurrahman01,206a32b,,PU_M1 A3->A1 B->A,SDALR final_checkpoint gate=none,,0,bearing-wise,L3,R,2048,,44.32,,,,,,360,,https://www.kaggle.com/code/rafiurrahman01/physgate-m2seed-fb-s0,results/artifacts/physgate-m2seed-fb-s0/m2rep/reps0/result_PU_M1_final_checkpoint_FBtoA_s0.json,
physgate-m2seed-fb-s0-final_checkpoint-BtoA-none-A3toA2-s0,rafiurrahman01,rafiurrahman01,206a32b,,PU_M1 A3->A2 B->A,SDALR final_checkpoint gate=none,,0,bearing-wise,L3,R,2048,,55.27,,,,,,363,,https://www.kaggle.com/code/rafiurrahman01/physgate-m2seed-fb-s0,results/artifacts/physgate-m2seed-fb-s0/m2rep/reps0/result_PU_M1_final_checkpoint_FBtoA_s0.json,
physgate-m2seed-fb-s0-final_checkpoint-BtoA-none-A2toA1-s0,rafiurrahman01,rafiurrahman01,206a32b,,PU_M1 A2->A1 B->A,SDALR final_checkpoint gate=none,,0,bearing-wise,L3,R,2048,,55.25,,,,,,360,,https://www.kaggle.com/code/rafiurrahman01/physgate-m2seed-fb-s0,results/artifacts/physgate-m2seed-fb-s0/m2rep/reps0/result_PU_M1_final_checkpoint_FBtoA_s0.json,
physgate-m2seed-fb-s0-final_checkpoint-BtoA-none-A2toA3-s0,rafiurrahman01,rafiurrahman01,206a32b,,PU_M1 A2->A3 B->A,SDALR final_checkpoint gate=none,,0,bearing-wise,L3,R,2048,,55.33,,,,,,359,,https://www.kaggle.com/code/rafiurrahman01/physgate-m2seed-fb-s0,results/artifacts/physgate-m2seed-fb-s0/m2rep/reps0/result_PU_M1_final_checkpoint_FBtoA_s0.json,
physgate-run-k10-g4-final_checkpoint-S08toS08c-oracle-A1toA3-s2024,rafiurrahman01,rafiurrahman01,206a32b,,PU_M1 A1->A3 S08->S08c,SDALR final_checkpoint gate=oracle,,2024,bearing-wise,L3,R,2048,,99.85,,,,,,360,,https://www.kaggle.com/code/rafiurrahman01/physgate-run-k10-g4,results/artifacts/physgate-run-k10-g4/k10/S08/result_PU_M1_final_checkpoint_FS08toS08c_gateoracle_s2024.json,
physgate-run-k10-g4-final_checkpoint-S08toS08c-oracle-A1toA2-s2024,rafiurrahman01,rafiurrahman01,206a32b,,PU_M1 A1->A2 S08->S08c,SDALR final_checkpoint gate=oracle,,2024,bearing-wise,L3,R,2048,,89.73,,,,,,360,,https://www.kaggle.com/code/rafiurrahman01/physgate-run-k10-g4,results/artifacts/physgate-run-k10-g4/k10/S08/result_PU_M1_final_checkpoint_FS08toS08c_gateoracle_s2024.json,
physgate-run-k10-g4-final_checkpoint-S08toS08c-oracle-A3toA1-s2024,rafiurrahman01,rafiurrahman01,206a32b,,PU_M1 A3->A1 S08->S08c,SDALR final_checkpoint gate=oracle,,2024,bearing-wise,L3,R,2048,,65.37,,,,,,360,,https://www.kaggle.com/code/rafiurrahman01/physgate-run-k10-g4,results/artifacts/physgate-run-k10-g4/k10/S08/result_PU_M1_final_checkpoint_FS08toS08c_gateoracle_s2024.json,
physgate-run-k10-g4-final_checkpoint-S08toS08c-oracle-A3toA2-s2024,rafiurrahman01,rafiurrahman01,206a32b,,PU_M1 A3->A2 S08->S08c,SDALR final_checkpoint gate=oracle,,2024,bearing-wise,L3,R,2048,,92.12,,,,,,360,,https://www.kaggle.com/code/rafiurrahman01/physgate-run-k10-g4,results/artifacts/physgate-run-k10-g4/k10/S08/result_PU_M1_final_checkpoint_FS08toS08c_gateoracle_s2024.json,
physgate-run-k10-g4-final_checkpoint-S08toS08c-oracle-A2toA1-s2024,rafiurrahman01,rafiurrahman01,206a32b,,PU_M1 A2->A1 S08->S08c,SDALR final_checkpoint gate=oracle,,2024,bearing-wise,L3,R,2048,,99.45,,,,,,361,,https://www.kaggle.com/code/rafiurrahman01/physgate-run-k10-g4,results/artifacts/physgate-run-k10-g4/k10/S08/result_PU_M1_final_checkpoint_FS08toS08c_gateoracle_s2024.json,
physgate-run-k10-g4-final_checkpoint-S08toS08c-oracle-A2toA3-s2024,rafiurrahman01,rafiurrahman01,206a32b,,PU_M1 A2->A3 S08->S08c,SDALR final_checkpoint gate=oracle,,2024,bearing-wise,L3,R,2048,,99.98,,,,,,363,,https://www.kaggle.com/code/rafiurrahman01/physgate-run-k10-g4,results/artifacts/physgate-run-k10-g4/k10/S08/result_PU_M1_final_checkpoint_FS08toS08c_gateoracle_s2024.json,
physgate-run-k10-g4-final_checkpoint-S08toS08c-pcv-A1toA3-s2024,rafiurrahman01,rafiurrahman01,206a32b,,PU_M1 A1->A3 S08->S08c,SDALR final_checkpoint gate=pcv,,2024,bearing-wise,L3,R,2048,,67.38,,,,,,361,,https://www.kaggle.com/code/rafiurrahman01/physgate-run-k10-g4,results/artifacts/physgate-run-k10-g4/k10/S08/result_PU_M1_final_checkpoint_FS08toS08c_gatepcv_s2024.json,
physgate-run-k10-g4-final_checkpoint-S08toS08c-pcv-A1toA2-s2024,rafiurrahman01,rafiurrahman01,206a32b,,PU_M1 A1->A2 S08->S08c,SDALR final_checkpoint gate=pcv,,2024,bearing-wise,L3,R,2048,,38.85,,,,,,360,,https://www.kaggle.com/code/rafiurrahman01/physgate-run-k10-g4,results/artifacts/physgate-run-k10-g4/k10/S08/result_PU_M1_final_checkpoint_FS08toS08c_gatepcv_s2024.json,
physgate-run-k10-g4-final_checkpoint-S08toS08c-pcv-A3toA1-s2024,rafiurrahman01,rafiurrahman01,206a32b,,PU_M1 A3->A1 S08->S08c,SDALR final_checkpoint gate=pcv,,2024,bearing-wise,L3,R,2048,,72.47,,,,,,360,,https://www.kaggle.com/code/rafiurrahman01/physgate-run-k10-g4,results/artifacts/physgate-run-k10-g4/k10/S08/result_PU_M1_final_checkpoint_FS08toS08c_gatepcv_s2024.json,
physgate-run-k10-g4-final_checkpoint-S08toS08c-pcv-A3toA2-s2024,rafiurrahman01,rafiurrahman01,206a32b,,PU_M1 A3->A2 S08->S08c,SDALR final_checkpoint gate=pcv,,2024,bearing-wise,L3,R,2048,,38.82,,,,,,360,,https://www.kaggle.com/code/rafiurrahman01/physgate-run-k10-g4,results/artifacts/physgate-run-k10-g4/k10/S08/result_PU_M1_final_checkpoint_FS08toS08c_gatepcv_s2024.json,
physgate-run-k10-g4-final_checkpoint-S08toS08c-pcv-A2toA1-s2024,rafiurrahman01,rafiurrahman01,206a32b,,PU_M1 A2->A1 S08->S08c,SDALR final_checkpoint gate=pcv,,2024,bearing-wise,L3,R,2048,,72.25,,,,,,361,,https://www.kaggle.com/code/rafiurrahman01/physgate-run-k10-g4,results/artifacts/physgate-run-k10-g4/k10/S08/result_PU_M1_final_checkpoint_FS08toS08c_gatepcv_s2024.json,
physgate-run-k10-g4-final_checkpoint-S08toS08c-pcv-A2toA3-s2024,rafiurrahman01,rafiurrahman01,206a32b,,PU_M1 A2->A3 S08->S08c,SDALR final_checkpoint gate=pcv,,2024,bearing-wise,L3,R,2048,,70.05,,,,,,361,,https://www.kaggle.com/code/rafiurrahman01/physgate-run-k10-g4,results/artifacts/physgate-run-k10-g4/k10/S08/result_PU_M1_final_checkpoint_FS08toS08c_gatepcv_s2024.json,
physgate-run-k10-g4-final_checkpoint-S08toS08c-none-A1toA3-s2024,rafiurrahman01,rafiurrahman01,206a32b,,PU_M1 A1->A3 S08->S08c,SDALR final_checkpoint gate=none,,2024,bearing-wise,L3,R,2048,,33.33,,,,,,359,,https://www.kaggle.com/code/rafiurrahman01/physgate-run-k10-g4,results/artifacts/physgate-run-k10-g4/k10/S08/result_PU_M1_final_checkpoint_FS08toS08c_s2024.json,
physgate-run-k10-g4-final_checkpoint-S08toS08c-none-A1toA2-s2024,rafiurrahman01,rafiurrahman01,206a32b,,PU_M1 A1->A2 S08->S08c,SDALR final_checkpoint gate=none,,2024,bearing-wise,L3,R,2048,,37.88,,,,,,360,,https://www.kaggle.com/code/rafiurrahman01/physgate-run-k10-g4,results/artifacts/physgate-run-k10-g4/k10/S08/result_PU_M1_final_checkpoint_FS08toS08c_s2024.json,
physgate-run-k10-g4-final_checkpoint-S08toS08c-none-A3toA1-s2024,rafiurrahman01,rafiurrahman01,206a32b,,PU_M1 A3->A1 S08->S08c,SDALR final_checkpoint gate=none,,2024,bearing-wise,L3,R,2048,,40.98,,,,,,361,,https://www.kaggle.com/code/rafiurrahman01/physgate-run-k10-g4,results/artifacts/physgate-run-k10-g4/k10/S08/result_PU_M1_final_checkpoint_FS08toS08c_s2024.json,
physgate-run-k10-g4-final_checkpoint-S08toS08c-none-A3toA2-s2024,rafiurrahman01,rafiurrahman01,206a32b,,PU_M1 A3->A2 S08->S08c,SDALR final_checkpoint gate=none,,2024,bearing-wise,L3,R,2048,,38.47,,,,,,359,,https://www.kaggle.com/code/rafiurrahman01/physgate-run-k10-g4,results/artifacts/physgate-run-k10-g4/k10/S08/result_PU_M1_final_checkpoint_FS08toS08c_s2024.json,
physgate-run-k10-g4-final_checkpoint-S08toS08c-none-A2toA1-s2024,rafiurrahman01,rafiurrahman01,206a32b,,PU_M1 A2->A1 S08->S08c,SDALR final_checkpoint gate=none,,2024,bearing-wise,L3,R,2048,,41.73,,,,,,362,,https://www.kaggle.com/code/rafiurrahman01/physgate-run-k10-g4,results/artifacts/physgate-run-k10-g4/k10/S08/result_PU_M1_final_checkpoint_FS08toS08c_s2024.json,
physgate-run-k10-g4-final_checkpoint-S08toS08c-none-A2toA3-s2024,rafiurrahman01,rafiurrahman01,206a32b,,PU_M1 A2->A3 S08->S08c,SDALR final_checkpoint gate=none,,2024,bearing-wise,L3,R,2048,,33.47,,,,,,360,,https://www.kaggle.com/code/rafiurrahman01/physgate-run-k10-g4,results/artifacts/physgate-run-k10-g4/k10/S08/result_PU_M1_final_checkpoint_FS08toS08c_s2024.json,
physgate-run-k10-g4-final_checkpoint-S08toS08-none-A1toA3-s2024,rafiurrahman01,rafiurrahman01,206a32b,,PU_M1 A1->A3 S08->S08,SDALR final_checkpoint gate=none,,2024,leaky,L3,R,2048,,99.95,,,,,,359,,https://www.kaggle.com/code/rafiurrahman01/physgate-run-k10-g4,results/artifacts/physgate-run-k10-g4/k10/S08/result_PU_M1_final_checkpoint_FS08toS08_s2024.json,
physgate-run-k10-g4-final_checkpoint-S08toS08-none-A1toA2-s2024,rafiurrahman01,rafiurrahman01,206a32b,,PU_M1 A1->A2 S08->S08,SDALR final_checkpoint gate=none,,2024,leaky,L3,R,2048,,92.33,,,,,,360,,https://www.kaggle.com/code/rafiurrahman01/physgate-run-k10-g4,results/artifacts/physgate-run-k10-g4/k10/S08/result_PU_M1_final_checkpoint_FS08toS08_s2024.json,
physgate-run-k10-g4-final_checkpoint-S08toS08-none-A3toA1-s2024,rafiurrahman01,rafiurrahman01,206a32b,,PU_M1 A3->A1 S08->S08,SDALR final_checkpoint gate=none,,2024,leaky,L3,R,2048,,95.25,,,,,,361,,https://www.kaggle.com/code/rafiurrahman01/physgate-run-k10-g4,results/artifacts/physgate-run-k10-g4/k10/S08/result_PU_M1_final_checkpoint_FS08toS08_s2024.json,
physgate-run-k10-g4-final_checkpoint-S08toS08-none-A3toA2-s2024,rafiurrahman01,rafiurrahman01,206a32b,,PU_M1 A3->A2 S08->S08,SDALR final_checkpoint gate=none,,2024,leaky,L3,R,2048,,97.68,,,,,,358,,https://www.kaggle.com/code/rafiurrahman01/physgate-run-k10-g4,results/artifacts/physgate-run-k10-g4/k10/S08/result_PU_M1_final_checkpoint_FS08toS08_s2024.json,
physgate-run-k10-g4-final_checkpoint-S08toS08-none-A2toA1-s2024,rafiurrahman01,rafiurrahman01,206a32b,,PU_M1 A2->A1 S08->S08,SDALR final_checkpoint gate=none,,2024,leaky,L3,R,2048,,97.23,,,,,,360,,https://www.kaggle.com/code/rafiurrahman01/physgate-run-k10-g4,results/artifacts/physgate-run-k10-g4/k10/S08/result_PU_M1_final_checkpoint_FS08toS08_s2024.json,
physgate-run-k10-g4-final_checkpoint-S08toS08-none-A2toA3-s2024,rafiurrahman01,rafiurrahman01,206a32b,,PU_M1 A2->A3 S08->S08,SDALR final_checkpoint gate=none,,2024,leaky,L3,R,2048,,99.97,,,,,,358,,https://www.kaggle.com/code/rafiurrahman01/physgate-run-k10-g4,results/artifacts/physgate-run-k10-g4/k10/S08/result_PU_M1_final_checkpoint_FS08toS08_s2024.json,
physgate-run-k10-g4-final_checkpoint-S09toS09c-oracle-A1toA3-s2024,rafiurrahman01,rafiurrahman01,206a32b,,PU_M1 A1->A3 S09->S09c,SDALR final_checkpoint gate=oracle,,2024,bearing-wise,L3,R,2048,,83.23,,,,,,366,,https://www.kaggle.com/code/rafiurrahman01/physgate-run-k10-g4,results/artifacts/physgate-run-k10-g4/k10/S09/result_PU_M1_final_checkpoint_FS09toS09c_gateoracle_s2024.json,
physgate-run-k10-g4-final_checkpoint-S09toS09c-oracle-A1toA2-s2024,rafiurrahman01,rafiurrahman01,206a32b,,PU_M1 A1->A2 S09->S09c,SDALR final_checkpoint gate=oracle,,2024,bearing-wise,L3,R,2048,,83.3,,,,,,366,,https://www.kaggle.com/code/rafiurrahman01/physgate-run-k10-g4,results/artifacts/physgate-run-k10-g4/k10/S09/result_PU_M1_final_checkpoint_FS09toS09c_gateoracle_s2024.json,
physgate-run-k10-g4-final_checkpoint-S09toS09c-oracle-A3toA1-s2024,rafiurrahman01,rafiurrahman01,206a32b,,PU_M1 A3->A1 S09->S09c,SDALR final_checkpoint gate=oracle,,2024,bearing-wise,L3,R,2048,,82.72,,,,,,367,,https://www.kaggle.com/code/rafiurrahman01/physgate-run-k10-g4,results/artifacts/physgate-run-k10-g4/k10/S09/result_PU_M1_final_checkpoint_FS09toS09c_gateoracle_s2024.json,
physgate-run-k10-g4-final_checkpoint-S09toS09c-oracle-A3toA2-s2024,rafiurrahman01,rafiurrahman01,206a32b,,PU_M1 A3->A2 S09->S09c,SDALR final_checkpoint gate=oracle,,2024,bearing-wise,L3,R,2048,,81.47,,,,,,367,,https://www.kaggle.com/code/rafiurrahman01/physgate-run-k10-g4,results/artifacts/physgate-run-k10-g4/k10/S09/result_PU_M1_final_checkpoint_FS09toS09c_gateoracle_s2024.json,
physgate-run-k10-g4-final_checkpoint-S09toS09c-oracle-A2toA1-s2024,rafiurrahman01,rafiurrahman01,206a32b,,PU_M1 A2->A1 S09->S09c,SDALR final_checkpoint gate=oracle,,2024,bearing-wise,L3,R,2048,,80.12,,,,,,364,,https://www.kaggle.com/code/rafiurrahman01/physgate-run-k10-g4,results/artifacts/physgate-run-k10-g4/k10/S09/result_PU_M1_final_checkpoint_FS09toS09c_gateoracle_s2024.json,
physgate-run-k10-g4-final_checkpoint-S09toS09c-oracle-A2toA3-s2024,rafiurrahman01,rafiurrahman01,206a32b,,PU_M1 A2->A3 S09->S09c,SDALR final_checkpoint gate=oracle,,2024,bearing-wise,L3,R,2048,,83.93,,,,,,365,,https://www.kaggle.com/code/rafiurrahman01/physgate-run-k10-g4,results/artifacts/physgate-run-k10-g4/k10/S09/result_PU_M1_final_checkpoint_FS09toS09c_gateoracle_s2024.json,
physgate-run-k10-g4-final_checkpoint-S09toS09c-pcv-A1toA3-s2024,rafiurrahman01,rafiurrahman01,206a32b,,PU_M1 A1->A3 S09->S09c,SDALR final_checkpoint gate=pcv,,2024,bearing-wise,L3,R,2048,,71.87,,,,,,363,,https://www.kaggle.com/code/rafiurrahman01/physgate-run-k10-g4,results/artifacts/physgate-run-k10-g4/k10/S09/result_PU_M1_final_checkpoint_FS09toS09c_gatepcv_s2024.json,
physgate-run-k10-g4-final_checkpoint-S09toS09c-pcv-A1toA2-s2024,rafiurrahman01,rafiurrahman01,206a32b,,PU_M1 A1->A2 S09->S09c,SDALR final_checkpoint gate=pcv,,2024,bearing-wise,L3,R,2048,,61.33,,,,,,362,,https://www.kaggle.com/code/rafiurrahman01/physgate-run-k10-g4,results/artifacts/physgate-run-k10-g4/k10/S09/result_PU_M1_final_checkpoint_FS09toS09c_gatepcv_s2024.json,
physgate-run-k10-g4-final_checkpoint-S09toS09c-pcv-A3toA1-s2024,rafiurrahman01,rafiurrahman01,206a32b,,PU_M1 A3->A1 S09->S09c,SDALR final_checkpoint gate=pcv,,2024,bearing-wise,L3,R,2048,,71.73,,,,,,363,,https://www.kaggle.com/code/rafiurrahman01/physgate-run-k10-g4,results/artifacts/physgate-run-k10-g4/k10/S09/result_PU_M1_final_checkpoint_FS09toS09c_gatepcv_s2024.json,
physgate-run-k10-g4-final_checkpoint-S09toS09c-pcv-A3toA2-s2024,rafiurrahman01,rafiurrahman01,206a32b,,PU_M1 A3->A2 S09->S09c,SDALR final_checkpoint gate=pcv,,2024,bearing-wise,L3,R,2048,,61.35,,,,,,366,,https://www.kaggle.com/code/rafiurrahman01/physgate-run-k10-g4,results/artifacts/physgate-run-k10-g4/k10/S09/result_PU_M1_final_checkpoint_FS09toS09c_gatepcv_s2024.json,
physgate-run-k10-g4-final_checkpoint-S09toS09c-pcv-A2toA1-s2024,rafiurrahman01,rafiurrahman01,206a32b,,PU_M1 A2->A1 S09->S09c,SDALR final_checkpoint gate=pcv,,2024,bearing-wise,L3,R,2048,,66.33,,,,,,367,,https://www.kaggle.com/code/rafiurrahman01/physgate-run-k10-g4,results/artifacts/physgate-run-k10-g4/k10/S09/result_PU_M1_final_checkpoint_FS09toS09c_gatepcv_s2024.json,
physgate-run-k10-g4-final_checkpoint-S09toS09c-pcv-A2toA3-s2024,rafiurrahman01,rafiurrahman01,206a32b,,PU_M1 A2->A3 S09->S09c,SDALR final_checkpoint gate=pcv,,2024,bearing-wise,L3,R,2048,,53.6,,,,,,365,,https://www.kaggle.com/code/rafiurrahman01/physgate-run-k10-g4,results/artifacts/physgate-run-k10-g4/k10/S09/result_PU_M1_final_checkpoint_FS09toS09c_gatepcv_s2024.json,
physgate-run-k10-g4-final_checkpoint-S09toS09c-none-A1toA3-s2024,rafiurrahman01,rafiurrahman01,206a32b,,PU_M1 A1->A3 S09->S09c,SDALR final_checkpoint gate=none,,2024,bearing-wise,L3,R,2048,,61.33,,,,,,365,,https://www.kaggle.com/code/rafiurrahman01/physgate-run-k10-g4,results/artifacts/physgate-run-k10-g4/k10/S09/result_PU_M1_final_checkpoint_FS09toS09c_s2024.json,
physgate-run-k10-g4-final_checkpoint-S09toS09c-none-A1toA2-s2024,rafiurrahman01,rafiurrahman01,206a32b,,PU_M1 A1->A2 S09->S09c,SDALR final_checkpoint gate=none,,2024,bearing-wise,L3,R,2048,,61.33,,,,,,365,,https://www.kaggle.com/code/rafiurrahman01/physgate-run-k10-g4,results/artifacts/physgate-run-k10-g4/k10/S09/result_PU_M1_final_checkpoint_FS09toS09c_s2024.json,
physgate-run-k10-g4-final_checkpoint-S09toS09c-none-A3toA1-s2024,rafiurrahman01,rafiurrahman01,206a32b,,PU_M1 A3->A1 S09->S09c,SDALR final_checkpoint gate=none,,2024,bearing-wise,L3,R,2048,,61.33,,,,,,366,,https://www.kaggle.com/code/rafiurrahman01/physgate-run-k10-g4,results/artifacts/physgate-run-k10-g4/k10/S09/result_PU_M1_final_checkpoint_FS09toS09c_s2024.json,
physgate-run-k10-g4-final_checkpoint-S09toS09c-none-A3toA2-s2024,rafiurrahman01,rafiurrahman01,206a32b,,PU_M1 A3->A2 S09->S09c,SDALR final_checkpoint gate=none,,2024,bearing-wise,L3,R,2048,,61.33,,,,,,366,,https://www.kaggle.com/code/rafiurrahman01/physgate-run-k10-g4,results/artifacts/physgate-run-k10-g4/k10/S09/result_PU_M1_final_checkpoint_FS09toS09c_s2024.json,
physgate-run-k10-g4-final_checkpoint-S09toS09c-none-A2toA1-s2024,rafiurrahman01,rafiurrahman01,206a32b,,PU_M1 A2->A1 S09->S09c,SDALR final_checkpoint gate=none,,2024,bearing-wise,L3,R,2048,,57.35,,,,,,366,,https://www.kaggle.com/code/rafiurrahman01/physgate-run-k10-g4,results/artifacts/physgate-run-k10-g4/k10/S09/result_PU_M1_final_checkpoint_FS09toS09c_s2024.json,
physgate-run-k10-g4-final_checkpoint-S09toS09c-none-A2toA3-s2024,rafiurrahman01,rafiurrahman01,206a32b,,PU_M1 A2->A3 S09->S09c,SDALR final_checkpoint gate=none,,2024,bearing-wise,L3,R,2048,,57.83,,,,,,366,,https://www.kaggle.com/code/rafiurrahman01/physgate-run-k10-g4,results/artifacts/physgate-run-k10-g4/k10/S09/result_PU_M1_final_checkpoint_FS09toS09c_s2024.json,
physgate-run-k10-g4-final_checkpoint-S09toS09-none-A1toA3-s2024,rafiurrahman01,rafiurrahman01,206a32b,,PU_M1 A1->A3 S09->S09,SDALR final_checkpoint gate=none,,2024,leaky,L3,R,2048,,99.93,,,,,,363,,https://www.kaggle.com/code/rafiurrahman01/physgate-run-k10-g4,results/artifacts/physgate-run-k10-g4/k10/S09/result_PU_M1_final_checkpoint_FS09toS09_s2024.json,
physgate-run-k10-g4-final_checkpoint-S09toS09-none-A1toA2-s2024,rafiurrahman01,rafiurrahman01,206a32b,,PU_M1 A1->A2 S09->S09,SDALR final_checkpoint gate=none,,2024,leaky,L3,R,2048,,85.23,,,,,,363,,https://www.kaggle.com/code/rafiurrahman01/physgate-run-k10-g4,results/artifacts/physgate-run-k10-g4/k10/S09/result_PU_M1_final_checkpoint_FS09toS09_s2024.json,
physgate-run-k10-g4-final_checkpoint-S09toS09-none-A3toA1-s2024,rafiurrahman01,rafiurrahman01,206a32b,,PU_M1 A3->A1 S09->S09,SDALR final_checkpoint gate=none,,2024,leaky,L3,R,2048,,99.98,,,,,,364,,https://www.kaggle.com/code/rafiurrahman01/physgate-run-k10-g4,results/artifacts/physgate-run-k10-g4/k10/S09/result_PU_M1_final_checkpoint_FS09toS09_s2024.json,
physgate-run-k10-g4-final_checkpoint-S09toS09-none-A3toA2-s2024,rafiurrahman01,rafiurrahman01,206a32b,,PU_M1 A3->A2 S09->S09,SDALR final_checkpoint gate=none,,2024,leaky,L3,R,2048,,85.27,,,,,,366,,https://www.kaggle.com/code/rafiurrahman01/physgate-run-k10-g4,results/artifacts/physgate-run-k10-g4/k10/S09/result_PU_M1_final_checkpoint_FS09toS09_s2024.json,
physgate-run-k10-g4-final_checkpoint-S09toS09-none-A2toA1-s2024,rafiurrahman01,rafiurrahman01,206a32b,,PU_M1 A2->A1 S09->S09,SDALR final_checkpoint gate=none,,2024,leaky,L3,R,2048,,89.0,,,,,,366,,https://www.kaggle.com/code/rafiurrahman01/physgate-run-k10-g4,results/artifacts/physgate-run-k10-g4/k10/S09/result_PU_M1_final_checkpoint_FS09toS09_s2024.json,
physgate-run-k10-g4-final_checkpoint-S09toS09-none-A2toA3-s2024,rafiurrahman01,rafiurrahman01,206a32b,,PU_M1 A2->A3 S09->S09,SDALR final_checkpoint gate=none,,2024,leaky,L3,R,2048,,77.68,,,,,,366,,https://www.kaggle.com/code/rafiurrahman01/physgate-run-k10-g4,results/artifacts/physgate-run-k10-g4/k10/S09/result_PU_M1_final_checkpoint_FS09toS09_s2024.json,
physgate-shot-k10-g2-shot-S03toS03c-none-A1toA3-s2024,rafiurrahman01,rafiurrahman01,ff44784,,PU_M1 A1->A3 S03->S03c,SHOT,,2024,bearing-wise,L3,R,2048,,64.57,,,,,,342,,https://www.kaggle.com/code/rafiurrahman01/physgate-shot-k10-g2,results/artifacts/physgate-shot-k10-g2/shot_k10/S03/result_PU_M1_shot_FS03toS03c_s2024.json,
physgate-shot-k10-g2-shot-S03toS03c-none-A1toA2-s2024,rafiurrahman01,rafiurrahman01,ff44784,,PU_M1 A1->A2 S03->S03c,SHOT,,2024,bearing-wise,L3,R,2048,,61.5,,,,,,341,,https://www.kaggle.com/code/rafiurrahman01/physgate-shot-k10-g2,results/artifacts/physgate-shot-k10-g2/shot_k10/S03/result_PU_M1_shot_FS03toS03c_s2024.json,
physgate-shot-k10-g2-shot-S03toS03c-none-A3toA1-s2024,rafiurrahman01,rafiurrahman01,ff44784,,PU_M1 A3->A1 S03->S03c,SHOT,,2024,bearing-wise,L3,R,2048,,65.48,,,,,,341,,https://www.kaggle.com/code/rafiurrahman01/physgate-shot-k10-g2,results/artifacts/physgate-shot-k10-g2/shot_k10/S03/result_PU_M1_shot_FS03toS03c_s2024.json,
physgate-shot-k10-g2-shot-S03toS03c-none-A3toA2-s2024,rafiurrahman01,rafiurrahman01,ff44784,,PU_M1 A3->A2 S03->S03c,SHOT,,2024,bearing-wise,L3,R,2048,,61.82,,,,,,340,,https://www.kaggle.com/code/rafiurrahman01/physgate-shot-k10-g2,results/artifacts/physgate-shot-k10-g2/shot_k10/S03/result_PU_M1_shot_FS03toS03c_s2024.json,
physgate-shot-k10-g2-shot-S03toS03c-none-A2toA1-s2024,rafiurrahman01,rafiurrahman01,ff44784,,PU_M1 A2->A1 S03->S03c,SHOT,,2024,bearing-wise,L3,R,2048,,70.8,,,,,,340,,https://www.kaggle.com/code/rafiurrahman01/physgate-shot-k10-g2,results/artifacts/physgate-shot-k10-g2/shot_k10/S03/result_PU_M1_shot_FS03toS03c_s2024.json,
physgate-shot-k10-g2-shot-S03toS03c-none-A2toA3-s2024,rafiurrahman01,rafiurrahman01,ff44784,,PU_M1 A2->A3 S03->S03c,SHOT,,2024,bearing-wise,L3,R,2048,,70.77,,,,,,340,,https://www.kaggle.com/code/rafiurrahman01/physgate-shot-k10-g2,results/artifacts/physgate-shot-k10-g2/shot_k10/S03/result_PU_M1_shot_FS03toS03c_s2024.json,
physgate-shot-k10-g2-shot-S03toS03-none-A1toA3-s2024,rafiurrahman01,rafiurrahman01,ff44784,,PU_M1 A1->A3 S03->S03,SHOT,,2024,leaky,L3,R,2048,,54.57,,,,,,339,,https://www.kaggle.com/code/rafiurrahman01/physgate-shot-k10-g2,results/artifacts/physgate-shot-k10-g2/shot_k10/S03/result_PU_M1_shot_FS03toS03_s2024.json,
physgate-shot-k10-g2-shot-S03toS03-none-A1toA2-s2024,rafiurrahman01,rafiurrahman01,ff44784,,PU_M1 A1->A2 S03->S03,SHOT,,2024,leaky,L3,R,2048,,69.83,,,,,,339,,https://www.kaggle.com/code/rafiurrahman01/physgate-shot-k10-g2,results/artifacts/physgate-shot-k10-g2/shot_k10/S03/result_PU_M1_shot_FS03toS03_s2024.json,
physgate-shot-k10-g2-shot-S03toS03-none-A3toA1-s2024,rafiurrahman01,rafiurrahman01,ff44784,,PU_M1 A3->A1 S03->S03,SHOT,,2024,leaky,L3,R,2048,,99.25,,,,,,339,,https://www.kaggle.com/code/rafiurrahman01/physgate-shot-k10-g2,results/artifacts/physgate-shot-k10-g2/shot_k10/S03/result_PU_M1_shot_FS03toS03_s2024.json,
physgate-shot-k10-g2-shot-S03toS03-none-A3toA2-s2024,rafiurrahman01,rafiurrahman01,ff44784,,PU_M1 A3->A2 S03->S03,SHOT,,2024,leaky,L3,R,2048,,71.12,,,,,,339,,https://www.kaggle.com/code/rafiurrahman01/physgate-shot-k10-g2,results/artifacts/physgate-shot-k10-g2/shot_k10/S03/result_PU_M1_shot_FS03toS03_s2024.json,
physgate-shot-k10-g2-shot-S03toS03-none-A2toA1-s2024,rafiurrahman01,rafiurrahman01,ff44784,,PU_M1 A2->A1 S03->S03,SHOT,,2024,leaky,L3,R,2048,,95.85,,,,,,339,,https://www.kaggle.com/code/rafiurrahman01/physgate-shot-k10-g2,results/artifacts/physgate-shot-k10-g2/shot_k10/S03/result_PU_M1_shot_FS03toS03_s2024.json,
physgate-shot-k10-g2-shot-S03toS03-none-A2toA3-s2024,rafiurrahman01,rafiurrahman01,ff44784,,PU_M1 A2->A3 S03->S03,SHOT,,2024,leaky,L3,R,2048,,96.42,,,,,,339,,https://www.kaggle.com/code/rafiurrahman01/physgate-shot-k10-g2,results/artifacts/physgate-shot-k10-g2/shot_k10/S03/result_PU_M1_shot_FS03toS03_s2024.json,
physgate-shot-k10-g2-shot-S04toS04c-none-A1toA3-s2024,rafiurrahman01,rafiurrahman01,ff44784,,PU_M1 A1->A3 S04->S04c,SHOT,,2024,bearing-wise,L3,R,2048,,85.18,,,,,,341,,https://www.kaggle.com/code/rafiurrahman01/physgate-shot-k10-g2,results/artifacts/physgate-shot-k10-g2/shot_k10/S04/result_PU_M1_shot_FS04toS04c_s2024.json,
physgate-shot-k10-g2-shot-S04toS04c-none-A1toA2-s2024,rafiurrahman01,rafiurrahman01,ff44784,,PU_M1 A1->A2 S04->S04c,SHOT,,2024,bearing-wise,L3,R,2048,,53.55,,,,,,340,,https://www.kaggle.com/code/rafiurrahman01/physgate-shot-k10-g2,results/artifacts/physgate-shot-k10-g2/shot_k10/S04/result_PU_M1_shot_FS04toS04c_s2024.json,
physgate-shot-k10-g2-shot-S04toS04c-none-A3toA1-s2024,rafiurrahman01,rafiurrahman01,ff44784,,PU_M1 A3->A1 S04->S04c,SHOT,,2024,bearing-wise,L3,R,2048,,64.38,,,,,,340,,https://www.kaggle.com/code/rafiurrahman01/physgate-shot-k10-g2,results/artifacts/physgate-shot-k10-g2/shot_k10/S04/result_PU_M1_shot_FS04toS04c_s2024.json,
physgate-shot-k10-g2-shot-S04toS04c-none-A3toA2-s2024,rafiurrahman01,rafiurrahman01,ff44784,,PU_M1 A3->A2 S04->S04c,SHOT,,2024,bearing-wise,L3,R,2048,,67.72,,,,,,340,,https://www.kaggle.com/code/rafiurrahman01/physgate-shot-k10-g2,results/artifacts/physgate-shot-k10-g2/shot_k10/S04/result_PU_M1_shot_FS04toS04c_s2024.json,
physgate-shot-k10-g2-shot-S04toS04c-none-A2toA1-s2024,rafiurrahman01,rafiurrahman01,ff44784,,PU_M1 A2->A1 S04->S04c,SHOT,,2024,bearing-wise,L3,R,2048,,53.82,,,,,,339,,https://www.kaggle.com/code/rafiurrahman01/physgate-shot-k10-g2,results/artifacts/physgate-shot-k10-g2/shot_k10/S04/result_PU_M1_shot_FS04toS04c_s2024.json,
physgate-shot-k10-g2-shot-S04toS04c-none-A2toA3-s2024,rafiurrahman01,rafiurrahman01,ff44784,,PU_M1 A2->A3 S04->S04c,SHOT,,2024,bearing-wise,L3,R,2048,,57.1,,,,,,339,,https://www.kaggle.com/code/rafiurrahman01/physgate-shot-k10-g2,results/artifacts/physgate-shot-k10-g2/shot_k10/S04/result_PU_M1_shot_FS04toS04c_s2024.json,
physgate-shot-k10-g2-shot-S04toS04-none-A1toA3-s2024,rafiurrahman01,rafiurrahman01,ff44784,,PU_M1 A1->A3 S04->S04,SHOT,,2024,leaky,L3,R,2048,,97.05,,,,,,340,,https://www.kaggle.com/code/rafiurrahman01/physgate-shot-k10-g2,results/artifacts/physgate-shot-k10-g2/shot_k10/S04/result_PU_M1_shot_FS04toS04_s2024.json,
physgate-shot-k10-g2-shot-S04toS04-none-A1toA2-s2024,rafiurrahman01,rafiurrahman01,ff44784,,PU_M1 A1->A2 S04->S04,SHOT,,2024,leaky,L3,R,2048,,72.37,,,,,,339,,https://www.kaggle.com/code/rafiurrahman01/physgate-shot-k10-g2,results/artifacts/physgate-shot-k10-g2/shot_k10/S04/result_PU_M1_shot_FS04toS04_s2024.json,
physgate-shot-k10-g2-shot-S04toS04-none-A3toA1-s2024,rafiurrahman01,rafiurrahman01,ff44784,,PU_M1 A3->A1 S04->S04,SHOT,,2024,leaky,L3,R,2048,,90.98,,,,,,339,,https://www.kaggle.com/code/rafiurrahman01/physgate-shot-k10-g2,results/artifacts/physgate-shot-k10-g2/shot_k10/S04/result_PU_M1_shot_FS04toS04_s2024.json,
physgate-shot-k10-g2-shot-S04toS04-none-A3toA2-s2024,rafiurrahman01,rafiurrahman01,ff44784,,PU_M1 A3->A2 S04->S04,SHOT,,2024,leaky,L3,R,2048,,78.08,,,,,,339,,https://www.kaggle.com/code/rafiurrahman01/physgate-shot-k10-g2,results/artifacts/physgate-shot-k10-g2/shot_k10/S04/result_PU_M1_shot_FS04toS04_s2024.json,
physgate-shot-k10-g2-shot-S04toS04-none-A2toA1-s2024,rafiurrahman01,rafiurrahman01,ff44784,,PU_M1 A2->A1 S04->S04,SHOT,,2024,leaky,L3,R,2048,,70.4,,,,,,339,,https://www.kaggle.com/code/rafiurrahman01/physgate-shot-k10-g2,results/artifacts/physgate-shot-k10-g2/shot_k10/S04/result_PU_M1_shot_FS04toS04_s2024.json,
physgate-shot-k10-g2-shot-S04toS04-none-A2toA3-s2024,rafiurrahman01,rafiurrahman01,ff44784,,PU_M1 A2->A3 S04->S04,SHOT,,2024,leaky,L3,R,2048,,72.25,,,,,,339,,https://www.kaggle.com/code/rafiurrahman01/physgate-shot-k10-g2,results/artifacts/physgate-shot-k10-g2/shot_k10/S04/result_PU_M1_shot_FS04toS04_s2024.json,
physgate-shot-k10-g2-shot-S05toS05c-none-A1toA3-s2024,rafiurrahman01,rafiurrahman01,ff44784,,PU_M1 A1->A3 S05->S05c,SHOT,,2024,bearing-wise,L3,R,2048,,12.07,,,,,,341,,https://www.kaggle.com/code/rafiurrahman01/physgate-shot-k10-g2,results/artifacts/physgate-shot-k10-g2/shot_k10/S05/result_PU_M1_shot_FS05toS05c_s2024.json,
physgate-shot-k10-g2-shot-S05toS05c-none-A1toA2-s2024,rafiurrahman01,rafiurrahman01,ff44784,,PU_M1 A1->A2 S05->S05c,SHOT,,2024,bearing-wise,L3,R,2048,,48.32,,,,,,339,,https://www.kaggle.com/code/rafiurrahman01/physgate-shot-k10-g2,results/artifacts/physgate-shot-k10-g2/shot_k10/S05/result_PU_M1_shot_FS05toS05c_s2024.json,
physgate-shot-k10-g2-shot-S05toS05c-none-A3toA1-s2024,rafiurrahman01,rafiurrahman01,ff44784,,PU_M1 A3->A1 S05->S05c,SHOT,,2024,bearing-wise,L3,R,2048,,34.6,,,,,,339,,https://www.kaggle.com/code/rafiurrahman01/physgate-shot-k10-g2,results/artifacts/physgate-shot-k10-g2/shot_k10/S05/result_PU_M1_shot_FS05toS05c_s2024.json,
physgate-shot-k10-g2-shot-S05toS05c-none-A3toA2-s2024,rafiurrahman01,rafiurrahman01,ff44784,,PU_M1 A3->A2 S05->S05c,SHOT,,2024,bearing-wise,L3,R,2048,,41.77,,,,,,339,,https://www.kaggle.com/code/rafiurrahman01/physgate-shot-k10-g2,results/artifacts/physgate-shot-k10-g2/shot_k10/S05/result_PU_M1_shot_FS05toS05c_s2024.json,
physgate-shot-k10-g2-shot-S05toS05c-none-A2toA1-s2024,rafiurrahman01,rafiurrahman01,ff44784,,PU_M1 A2->A1 S05->S05c,SHOT,,2024,bearing-wise,L3,R,2048,,51.03,,,,,,339,,https://www.kaggle.com/code/rafiurrahman01/physgate-shot-k10-g2,results/artifacts/physgate-shot-k10-g2/shot_k10/S05/result_PU_M1_shot_FS05toS05c_s2024.json,
physgate-shot-k10-g2-shot-S05toS05c-none-A2toA3-s2024,rafiurrahman01,rafiurrahman01,ff44784,,PU_M1 A2->A3 S05->S05c,SHOT,,2024,bearing-wise,L3,R,2048,,30.12,,,,,,339,,https://www.kaggle.com/code/rafiurrahman01/physgate-shot-k10-g2,results/artifacts/physgate-shot-k10-g2/shot_k10/S05/result_PU_M1_shot_FS05toS05c_s2024.json,
physgate-shot-k10-g2-shot-S05toS05-none-A1toA3-s2024,rafiurrahman01,rafiurrahman01,ff44784,,PU_M1 A1->A3 S05->S05,SHOT,,2024,leaky,L3,R,2048,,95.02,,,,,,339,,https://www.kaggle.com/code/rafiurrahman01/physgate-shot-k10-g2,results/artifacts/physgate-shot-k10-g2/shot_k10/S05/result_PU_M1_shot_FS05toS05_s2024.json,
physgate-shot-k10-g2-shot-S05toS05-none-A1toA2-s2024,rafiurrahman01,rafiurrahman01,ff44784,,PU_M1 A1->A2 S05->S05,SHOT,,2024,leaky,L3,R,2048,,76.07,,,,,,339,,https://www.kaggle.com/code/rafiurrahman01/physgate-shot-k10-g2,results/artifacts/physgate-shot-k10-g2/shot_k10/S05/result_PU_M1_shot_FS05toS05_s2024.json,
physgate-shot-k10-g2-shot-S05toS05-none-A3toA1-s2024,rafiurrahman01,rafiurrahman01,ff44784,,PU_M1 A3->A1 S05->S05,SHOT,,2024,leaky,L3,R,2048,,96.7,,,,,,339,,https://www.kaggle.com/code/rafiurrahman01/physgate-shot-k10-g2,results/artifacts/physgate-shot-k10-g2/shot_k10/S05/result_PU_M1_shot_FS05toS05_s2024.json,
physgate-shot-k10-g2-shot-S05toS05-none-A3toA2-s2024,rafiurrahman01,rafiurrahman01,ff44784,,PU_M1 A3->A2 S05->S05,SHOT,,2024,leaky,L3,R,2048,,57.73,,,,,,339,,https://www.kaggle.com/code/rafiurrahman01/physgate-shot-k10-g2,results/artifacts/physgate-shot-k10-g2/shot_k10/S05/result_PU_M1_shot_FS05toS05_s2024.json,
physgate-shot-k10-g2-shot-S05toS05-none-A2toA1-s2024,rafiurrahman01,rafiurrahman01,ff44784,,PU_M1 A2->A1 S05->S05,SHOT,,2024,leaky,L3,R,2048,,95.87,,,,,,339,,https://www.kaggle.com/code/rafiurrahman01/physgate-shot-k10-g2,results/artifacts/physgate-shot-k10-g2/shot_k10/S05/result_PU_M1_shot_FS05toS05_s2024.json,
physgate-shot-k10-g2-shot-S05toS05-none-A2toA3-s2024,rafiurrahman01,rafiurrahman01,ff44784,,PU_M1 A2->A3 S05->S05,SHOT,,2024,leaky,L3,R,2048,,87.4,,,,,,339,,https://www.kaggle.com/code/rafiurrahman01/physgate-shot-k10-g2,results/artifacts/physgate-shot-k10-g2/shot_k10/S05/result_PU_M1_shot_FS05toS05_s2024.json,
physgate-shot-k10-g4-shot-S08toS08c-none-A1toA3-s2024,rafiurrahman01,rafiurrahman01,ff44784,,PU_M1 A1->A3 S08->S08c,SHOT,,2024,bearing-wise,L3,R,2048,,92.7,,,,,,341,,https://www.kaggle.com/code/rafiurrahman01/physgate-shot-k10-g4,results/artifacts/physgate-shot-k10-g4/shot_k10/S08/result_PU_M1_shot_FS08toS08c_s2024.json,
physgate-shot-k10-g4-shot-S08toS08c-none-A1toA2-s2024,rafiurrahman01,rafiurrahman01,ff44784,,PU_M1 A1->A2 S08->S08c,SHOT,,2024,bearing-wise,L3,R,2048,,45.7,,,,,,340,,https://www.kaggle.com/code/rafiurrahman01/physgate-shot-k10-g4,results/artifacts/physgate-shot-k10-g4/shot_k10/S08/result_PU_M1_shot_FS08toS08c_s2024.json,
physgate-shot-k10-g4-shot-S08toS08c-none-A3toA1-s2024,rafiurrahman01,rafiurrahman01,ff44784,,PU_M1 A3->A1 S08->S08c,SHOT,,2024,bearing-wise,L3,R,2048,,54.07,,,,,,340,,https://www.kaggle.com/code/rafiurrahman01/physgate-shot-k10-g4,results/artifacts/physgate-shot-k10-g4/shot_k10/S08/result_PU_M1_shot_FS08toS08c_s2024.json,
physgate-shot-k10-g4-shot-S08toS08c-none-A3toA2-s2024,rafiurrahman01,rafiurrahman01,ff44784,,PU_M1 A3->A2 S08->S08c,SHOT,,2024,bearing-wise,L3,R,2048,,49.85,,,,,,340,,https://www.kaggle.com/code/rafiurrahman01/physgate-shot-k10-g4,results/artifacts/physgate-shot-k10-g4/shot_k10/S08/result_PU_M1_shot_FS08toS08c_s2024.json,
physgate-shot-k10-g4-shot-S08toS08c-none-A2toA1-s2024,rafiurrahman01,rafiurrahman01,ff44784,,PU_M1 A2->A1 S08->S08c,SHOT,,2024,bearing-wise,L3,R,2048,,69.9,,,,,,340,,https://www.kaggle.com/code/rafiurrahman01/physgate-shot-k10-g4,results/artifacts/physgate-shot-k10-g4/shot_k10/S08/result_PU_M1_shot_FS08toS08c_s2024.json,
physgate-shot-k10-g4-shot-S08toS08c-none-A2toA3-s2024,rafiurrahman01,rafiurrahman01,ff44784,,PU_M1 A2->A3 S08->S08c,SHOT,,2024,bearing-wise,L3,R,2048,,69.27,,,,,,339,,https://www.kaggle.com/code/rafiurrahman01/physgate-shot-k10-g4,results/artifacts/physgate-shot-k10-g4/shot_k10/S08/result_PU_M1_shot_FS08toS08c_s2024.json,
physgate-shot-k10-g4-shot-S08toS08-none-A1toA3-s2024,rafiurrahman01,rafiurrahman01,ff44784,,PU_M1 A1->A3 S08->S08,SHOT,,2024,leaky,L3,R,2048,,93.32,,,,,,340,,https://www.kaggle.com/code/rafiurrahman01/physgate-shot-k10-g4,results/artifacts/physgate-shot-k10-g4/shot_k10/S08/result_PU_M1_shot_FS08toS08_s2024.json,
physgate-shot-k10-g4-shot-S08toS08-none-A1toA2-s2024,rafiurrahman01,rafiurrahman01,ff44784,,PU_M1 A1->A2 S08->S08,SHOT,,2024,leaky,L3,R,2048,,85.23,,,,,,340,,https://www.kaggle.com/code/rafiurrahman01/physgate-shot-k10-g4,results/artifacts/physgate-shot-k10-g4/shot_k10/S08/result_PU_M1_shot_FS08toS08_s2024.json,
physgate-shot-k10-g4-shot-S08toS08-none-A3toA1-s2024,rafiurrahman01,rafiurrahman01,ff44784,,PU_M1 A3->A1 S08->S08,SHOT,,2024,leaky,L3,R,2048,,94.62,,,,,,340,,https://www.kaggle.com/code/rafiurrahman01/physgate-shot-k10-g4,results/artifacts/physgate-shot-k10-g4/shot_k10/S08/result_PU_M1_shot_FS08toS08_s2024.json,
physgate-shot-k10-g4-shot-S08toS08-none-A3toA2-s2024,rafiurrahman01,rafiurrahman01,ff44784,,PU_M1 A3->A2 S08->S08,SHOT,,2024,leaky,L3,R,2048,,59.35,,,,,,339,,https://www.kaggle.com/code/rafiurrahman01/physgate-shot-k10-g4,results/artifacts/physgate-shot-k10-g4/shot_k10/S08/result_PU_M1_shot_FS08toS08_s2024.json,
physgate-shot-k10-g4-shot-S08toS08-none-A2toA1-s2024,rafiurrahman01,rafiurrahman01,ff44784,,PU_M1 A2->A1 S08->S08,SHOT,,2024,leaky,L3,R,2048,,52.83,,,,,,339,,https://www.kaggle.com/code/rafiurrahman01/physgate-shot-k10-g4,results/artifacts/physgate-shot-k10-g4/shot_k10/S08/result_PU_M1_shot_FS08toS08_s2024.json,
physgate-shot-k10-g4-shot-S08toS08-none-A2toA3-s2024,rafiurrahman01,rafiurrahman01,ff44784,,PU_M1 A2->A3 S08->S08,SHOT,,2024,leaky,L3,R,2048,,52.88,,,,,,339,,https://www.kaggle.com/code/rafiurrahman01/physgate-shot-k10-g4,results/artifacts/physgate-shot-k10-g4/shot_k10/S08/result_PU_M1_shot_FS08toS08_s2024.json,
physgate-shot-k10-g4-shot-S09toS09c-none-A1toA3-s2024,rafiurrahman01,rafiurrahman01,ff44784,,PU_M1 A1->A3 S09->S09c,SHOT,,2024,bearing-wise,L3,R,2048,,65.77,,,,,,340,,https://www.kaggle.com/code/rafiurrahman01/physgate-shot-k10-g4,results/artifacts/physgate-shot-k10-g4/shot_k10/S09/result_PU_M1_shot_FS09toS09c_s2024.json,
physgate-shot-k10-g4-shot-S09toS09c-none-A1toA2-s2024,rafiurrahman01,rafiurrahman01,ff44784,,PU_M1 A1->A2 S09->S09c,SHOT,,2024,bearing-wise,L3,R,2048,,67.37,,,,,,339,,https://www.kaggle.com/code/rafiurrahman01/physgate-shot-k10-g4,results/artifacts/physgate-shot-k10-g4/shot_k10/S09/result_PU_M1_shot_FS09toS09c_s2024.json,
physgate-shot-k10-g4-shot-S09toS09c-none-A3toA1-s2024,rafiurrahman01,rafiurrahman01,ff44784,,PU_M1 A3->A1 S09->S09c,SHOT,,2024,bearing-wise,L3,R,2048,,64.5,,,,,,339,,https://www.kaggle.com/code/rafiurrahman01/physgate-shot-k10-g4,results/artifacts/physgate-shot-k10-g4/shot_k10/S09/result_PU_M1_shot_FS09toS09c_s2024.json,
physgate-shot-k10-g4-shot-S09toS09c-none-A3toA2-s2024,rafiurrahman01,rafiurrahman01,ff44784,,PU_M1 A3->A2 S09->S09c,SHOT,,2024,bearing-wise,L3,R,2048,,65.4,,,,,,339,,https://www.kaggle.com/code/rafiurrahman01/physgate-shot-k10-g4,results/artifacts/physgate-shot-k10-g4/shot_k10/S09/result_PU_M1_shot_FS09toS09c_s2024.json,
physgate-shot-k10-g4-shot-S09toS09c-none-A2toA1-s2024,rafiurrahman01,rafiurrahman01,ff44784,,PU_M1 A2->A1 S09->S09c,SHOT,,2024,bearing-wise,L3,R,2048,,35.72,,,,,,339,,https://www.kaggle.com/code/rafiurrahman01/physgate-shot-k10-g4,results/artifacts/physgate-shot-k10-g4/shot_k10/S09/result_PU_M1_shot_FS09toS09c_s2024.json,
physgate-shot-k10-g4-shot-S09toS09c-none-A2toA3-s2024,rafiurrahman01,rafiurrahman01,ff44784,,PU_M1 A2->A3 S09->S09c,SHOT,,2024,bearing-wise,L3,R,2048,,34.35,,,,,,339,,https://www.kaggle.com/code/rafiurrahman01/physgate-shot-k10-g4,results/artifacts/physgate-shot-k10-g4/shot_k10/S09/result_PU_M1_shot_FS09toS09c_s2024.json,
physgate-shot-k10-g4-shot-S09toS09-none-A1toA3-s2024,rafiurrahman01,rafiurrahman01,ff44784,,PU_M1 A1->A3 S09->S09,SHOT,,2024,leaky,L3,R,2048,,95.63,,,,,,339,,https://www.kaggle.com/code/rafiurrahman01/physgate-shot-k10-g4,results/artifacts/physgate-shot-k10-g4/shot_k10/S09/result_PU_M1_shot_FS09toS09_s2024.json,
physgate-shot-k10-g4-shot-S09toS09-none-A1toA2-s2024,rafiurrahman01,rafiurrahman01,ff44784,,PU_M1 A1->A2 S09->S09,SHOT,,2024,leaky,L3,R,2048,,79.12,,,,,,339,,https://www.kaggle.com/code/rafiurrahman01/physgate-shot-k10-g4,results/artifacts/physgate-shot-k10-g4/shot_k10/S09/result_PU_M1_shot_FS09toS09_s2024.json,
physgate-shot-k10-g4-shot-S09toS09-none-A3toA1-s2024,rafiurrahman01,rafiurrahman01,ff44784,,PU_M1 A3->A1 S09->S09,SHOT,,2024,leaky,L3,R,2048,,99.07,,,,,,339,,https://www.kaggle.com/code/rafiurrahman01/physgate-shot-k10-g4,results/artifacts/physgate-shot-k10-g4/shot_k10/S09/result_PU_M1_shot_FS09toS09_s2024.json,
physgate-shot-k10-g4-shot-S09toS09-none-A3toA2-s2024,rafiurrahman01,rafiurrahman01,ff44784,,PU_M1 A3->A2 S09->S09,SHOT,,2024,leaky,L3,R,2048,,73.12,,,,,,340,,https://www.kaggle.com/code/rafiurrahman01/physgate-shot-k10-g4,results/artifacts/physgate-shot-k10-g4/shot_k10/S09/result_PU_M1_shot_FS09toS09_s2024.json,
physgate-shot-k10-g4-shot-S09toS09-none-A2toA1-s2024,rafiurrahman01,rafiurrahman01,ff44784,,PU_M1 A2->A1 S09->S09,SHOT,,2024,leaky,L3,R,2048,,73.25,,,,,,340,,https://www.kaggle.com/code/rafiurrahman01/physgate-shot-k10-g4,results/artifacts/physgate-shot-k10-g4/shot_k10/S09/result_PU_M1_shot_FS09toS09_s2024.json,
physgate-shot-k10-g4-shot-S09toS09-none-A2toA3-s2024,rafiurrahman01,rafiurrahman01,ff44784,,PU_M1 A2->A3 S09->S09,SHOT,,2024,leaky,L3,R,2048,,74.05,,,,,,340,,https://www.kaggle.com/code/rafiurrahman01/physgate-shot-k10-g4,results/artifacts/physgate-shot-k10-g4/shot_k10/S09/result_PU_M1_shot_FS09toS09_s2024.json,
physgate-c103-pretrain-state-final_checkpoint-AtoB-none-A1toA3-s2024-pretrain_in_process,rafiurrahman01,rafiurrahman01,ff44784,,PU_M1 A1->A3 A->B,SDALR final_checkpoint gate=none,,2024,bearing-wise,L3,R,2048,,76.13,,,,,,344,,https://www.kaggle.com/code/rafiurrahman01/physgate-c103-pretrain-state,results/artifacts/physgate-c103-pretrain-state/c103/result_pretrain_in_process.json,"C103 arm pretrain_in_process; nested pretrain_in_process/result_*.json is arm 2's overwrite, not ledgered"
physgate-c103-pretrain-state-final_checkpoint-AtoB-none-A1toA2-s2024-pretrain_in_process,rafiurrahman01,rafiurrahman01,ff44784,,PU_M1 A1->A2 A->B,SDALR final_checkpoint gate=none,,2024,bearing-wise,L3,R,2048,,76.98,,,,,,341,,https://www.kaggle.com/code/rafiurrahman01/physgate-c103-pretrain-state,results/artifacts/physgate-c103-pretrain-state/c103/result_pretrain_in_process.json,"C103 arm pretrain_in_process; nested pretrain_in_process/result_*.json is arm 2's overwrite, not ledgered"
physgate-c103-pretrain-state-final_checkpoint-AtoB-none-A3toA1-s2024-pretrain_in_process,rafiurrahman01,rafiurrahman01,ff44784,,PU_M1 A3->A1 A->B,SDALR final_checkpoint gate=none,,2024,bearing-wise,L3,R,2048,,61.12,,,,,,341,,https://www.kaggle.com/code/rafiurrahman01/physgate-c103-pretrain-state,results/artifacts/physgate-c103-pretrain-state/c103/result_pretrain_in_process.json,"C103 arm pretrain_in_process; nested pretrain_in_process/result_*.json is arm 2's overwrite, not ledgered"
physgate-c103-pretrain-state-final_checkpoint-AtoB-none-A3toA2-s2024-pretrain_in_process,rafiurrahman01,rafiurrahman01,ff44784,,PU_M1 A3->A2 A->B,SDALR final_checkpoint gate=none,,2024,bearing-wise,L3,R,2048,,57.72,,,,,,342,,https://www.kaggle.com/code/rafiurrahman01/physgate-c103-pretrain-state,results/artifacts/physgate-c103-pretrain-state/c103/result_pretrain_in_process.json,"C103 arm pretrain_in_process; nested pretrain_in_process/result_*.json is arm 2's overwrite, not ledgered"
physgate-c103-pretrain-state-final_checkpoint-AtoB-none-A2toA1-s2024-pretrain_in_process,rafiurrahman01,rafiurrahman01,ff44784,,PU_M1 A2->A1 A->B,SDALR final_checkpoint gate=none,,2024,bearing-wise,L3,R,2048,,34.07,,,,,,340,,https://www.kaggle.com/code/rafiurrahman01/physgate-c103-pretrain-state,results/artifacts/physgate-c103-pretrain-state/c103/result_pretrain_in_process.json,"C103 arm pretrain_in_process; nested pretrain_in_process/result_*.json is arm 2's overwrite, not ledgered"
physgate-c103-pretrain-state-final_checkpoint-AtoB-none-A2toA3-s2024-pretrain_in_process,rafiurrahman01,rafiurrahman01,ff44784,,PU_M1 A2->A3 A->B,SDALR final_checkpoint gate=none,,2024,bearing-wise,L3,R,2048,,34.55,,,,,,340,,https://www.kaggle.com/code/rafiurrahman01/physgate-c103-pretrain-state,results/artifacts/physgate-c103-pretrain-state/c103/result_pretrain_in_process.json,"C103 arm pretrain_in_process; nested pretrain_in_process/result_*.json is arm 2's overwrite, not ledgered"
physgate-c103-pretrain-state-final_checkpoint-AtoB-none-A1toA3-s2024-skip_pretrain,rafiurrahman01,rafiurrahman01,ff44784,,PU_M1 A1->A3 A->B,SDALR final_checkpoint gate=none,,2024,bearing-wise,L3,R,2048,,76.13,,,,,,345,,https://www.kaggle.com/code/rafiurrahman01/physgate-c103-pretrain-state,results/artifacts/physgate-c103-pretrain-state/c103/result_skip_pretrain.json,"C103 arm skip_pretrain; nested pretrain_in_process/result_*.json is arm 2's overwrite, not ledgered"
physgate-c103-pretrain-state-final_checkpoint-AtoB-none-A1toA2-s2024-skip_pretrain,rafiurrahman01,rafiurrahman01,ff44784,,PU_M1 A1->A2 A->B,SDALR final_checkpoint gate=none,,2024,bearing-wise,L3,R,2048,,76.98,,,,,,341,,https://www.kaggle.com/code/rafiurrahman01/physgate-c103-pretrain-state,results/artifacts/physgate-c103-pretrain-state/c103/result_skip_pretrain.json,"C103 arm skip_pretrain; nested pretrain_in_process/result_*.json is arm 2's overwrite, not ledgered"
physgate-c103-pretrain-state-final_checkpoint-AtoB-none-A3toA1-s2024-skip_pretrain,rafiurrahman01,rafiurrahman01,ff44784,,PU_M1 A3->A1 A->B,SDALR final_checkpoint gate=none,,2024,bearing-wise,L3,R,2048,,61.12,,,,,,341,,https://www.kaggle.com/code/rafiurrahman01/physgate-c103-pretrain-state,results/artifacts/physgate-c103-pretrain-state/c103/result_skip_pretrain.json,"C103 arm skip_pretrain; nested pretrain_in_process/result_*.json is arm 2's overwrite, not ledgered"
physgate-c103-pretrain-state-final_checkpoint-AtoB-none-A3toA2-s2024-skip_pretrain,rafiurrahman01,rafiurrahman01,ff44784,,PU_M1 A3->A2 A->B,SDALR final_checkpoint gate=none,,2024,bearing-wise,L3,R,2048,,57.72,,,,,,342,,https://www.kaggle.com/code/rafiurrahman01/physgate-c103-pretrain-state,results/artifacts/physgate-c103-pretrain-state/c103/result_skip_pretrain.json,"C103 arm skip_pretrain; nested pretrain_in_process/result_*.json is arm 2's overwrite, not ledgered"
physgate-c103-pretrain-state-final_checkpoint-AtoB-none-A2toA1-s2024-skip_pretrain,rafiurrahman01,rafiurrahman01,ff44784,,PU_M1 A2->A1 A->B,SDALR final_checkpoint gate=none,,2024,bearing-wise,L3,R,2048,,34.07,,,,,,341,,https://www.kaggle.com/code/rafiurrahman01/physgate-c103-pretrain-state,results/artifacts/physgate-c103-pretrain-state/c103/result_skip_pretrain.json,"C103 arm skip_pretrain; nested pretrain_in_process/result_*.json is arm 2's overwrite, not ledgered"
physgate-c103-pretrain-state-final_checkpoint-AtoB-none-A2toA3-s2024-skip_pretrain,rafiurrahman01,rafiurrahman01,ff44784,,PU_M1 A2->A3 A->B,SDALR final_checkpoint gate=none,,2024,bearing-wise,L3,R,2048,,34.55,,,,,,341,,https://www.kaggle.com/code/rafiurrahman01/physgate-c103-pretrain-state,results/artifacts/physgate-c103-pretrain-state/c103/result_skip_pretrain.json,"C103 arm skip_pretrain; nested pretrain_in_process/result_*.json is arm 2's overwrite, not ledgered"
physgate-c91-shallow-cpu-rfT-AtoA-A1toA3,rafiurrahman01,rafiurrahman01,ff44784,,PU_M1 A1->A3 A->A,"random forest (10 time statistics), no adaptation",,,leaky,L3,R,2048,,93.7667,,,,,,,0 (CPU kernel),https://www.kaggle.com/code/rafiurrahman01/physgate-c91-shallow-cpu,results/artifacts/physgate-c91-shallow-cpu/c91/c91_result.json,C91 random-forest baseline
physgate-c91-shallow-cpu-rfT-AtoB-A1toA3,rafiurrahman01,rafiurrahman01,ff44784,,PU_M1 A1->A3 A->B,"random forest (10 time statistics), no adaptation",,,bearing-wise,L3,R,2048,,81.3667,,,,,,,0 (CPU kernel),https://www.kaggle.com/code/rafiurrahman01/physgate-c91-shallow-cpu,results/artifacts/physgate-c91-shallow-cpu/c91/c91_result.json,C91 random-forest baseline
physgate-c91-shallow-cpu-rfT-AtoA-A1toA2,rafiurrahman01,rafiurrahman01,ff44784,,PU_M1 A1->A2 A->A,"random forest (10 time statistics), no adaptation",,,leaky,L3,R,2048,,67.65,,,,,,,0 (CPU kernel),https://www.kaggle.com/code/rafiurrahman01/physgate-c91-shallow-cpu,results/artifacts/physgate-c91-shallow-cpu/c91/c91_result.json,C91 random-forest baseline
physgate-c91-shallow-cpu-rfT-AtoB-A1toA2,rafiurrahman01,rafiurrahman01,ff44784,,PU_M1 A1->A2 A->B,"random forest (10 time statistics), no adaptation",,,bearing-wise,L3,R,2048,,81.75,,,,,,,0 (CPU kernel),https://www.kaggle.com/code/rafiurrahman01/physgate-c91-shallow-cpu,results/artifacts/physgate-c91-shallow-cpu/c91/c91_result.json,C91 random-forest baseline
physgate-c91-shallow-cpu-rfT-AtoA-A3toA1,rafiurrahman01,rafiurrahman01,ff44784,,PU_M1 A3->A1 A->A,"random forest (10 time statistics), no adaptation",,,leaky,L3,R,2048,,96.35,,,,,,,0 (CPU kernel),https://www.kaggle.com/code/rafiurrahman01/physgate-c91-shallow-cpu,results/artifacts/physgate-c91-shallow-cpu/c91/c91_result.json,C91 random-forest baseline
physgate-c91-shallow-cpu-rfT-AtoB-A3toA1,rafiurrahman01,rafiurrahman01,ff44784,,PU_M1 A3->A1 A->B,"random forest (10 time statistics), no adaptation",,,bearing-wise,L3,R,2048,,76.7667,,,,,,,0 (CPU kernel),https://www.kaggle.com/code/rafiurrahman01/physgate-c91-shallow-cpu,results/artifacts/physgate-c91-shallow-cpu/c91/c91_result.json,C91 random-forest baseline
physgate-c91-shallow-cpu-rfT-AtoA-A3toA2,rafiurrahman01,rafiurrahman01,ff44784,,PU_M1 A3->A2 A->A,"random forest (10 time statistics), no adaptation",,,leaky,L3,R,2048,,76.7833,,,,,,,0 (CPU kernel),https://www.kaggle.com/code/rafiurrahman01/physgate-c91-shallow-cpu,results/artifacts/physgate-c91-shallow-cpu/c91/c91_result.json,C91 random-forest baseline
physgate-c91-shallow-cpu-rfT-AtoB-A3toA2,rafiurrahman01,rafiurrahman01,ff44784,,PU_M1 A3->A2 A->B,"random forest (10 time statistics), no adaptation",,,bearing-wise,L3,R,2048,,81.7333,,,,,,,0 (CPU kernel),https://www.kaggle.com/code/rafiurrahman01/physgate-c91-shallow-cpu,results/artifacts/physgate-c91-shallow-cpu/c91/c91_result.json,C91 random-forest baseline
physgate-c91-shallow-cpu-rfT-AtoA-A2toA1,rafiurrahman01,rafiurrahman01,ff44784,,PU_M1 A2->A1 A->A,"random forest (10 time statistics), no adaptation",,,leaky,L3,R,2048,,71.2,,,,,,,0 (CPU kernel),https://www.kaggle.com/code/rafiurrahman01/physgate-c91-shallow-cpu,results/artifacts/physgate-c91-shallow-cpu/c91/c91_result.json,C91 random-forest baseline
physgate-c91-shallow-cpu-rfT-AtoB-A2toA1,rafiurrahman01,rafiurrahman01,ff44784,,PU_M1 A2->A1 A->B,"random forest (10 time statistics), no adaptation",,,bearing-wise,L3,R,2048,,55.85,,,,,,,0 (CPU kernel),https://www.kaggle.com/code/rafiurrahman01/physgate-c91-shallow-cpu,results/artifacts/physgate-c91-shallow-cpu/c91/c91_result.json,C91 random-forest baseline
physgate-c91-shallow-cpu-rfT-AtoA-A2toA3,rafiurrahman01,rafiurrahman01,ff44784,,PU_M1 A2->A3 A->A,"random forest (10 time statistics), no adaptation",,,leaky,L3,R,2048,,76.15,,,,,,,0 (CPU kernel),https://www.kaggle.com/code/rafiurrahman01/physgate-c91-shallow-cpu,results/artifacts/physgate-c91-shallow-cpu/c91/c91_result.json,C91 random-forest baseline
physgate-c91-shallow-cpu-rfT-AtoB-A2toA3,rafiurrahman01,rafiurrahman01,ff44784,,PU_M1 A2->A3 A->B,"random forest (10 time statistics), no adaptation",,,bearing-wise,L3,R,2048,,57.0,,,,,,,0 (CPU kernel),https://www.kaggle.com/code/rafiurrahman01/physgate-c91-shallow-cpu,results/artifacts/physgate-c91-shallow-cpu/c91/c91_result.json,C91 random-forest baseline
physgate-c91-shallow-cpu-rfT-BtoB-A1toA3,rafiurrahman01,rafiurrahman01,ff44784,,PU_M1 A1->A3 B->B,"random forest (10 time statistics), no adaptation",,,leaky,L3,R,2048,,99.8833,,,,,,,0 (CPU kernel),https://www.kaggle.com/code/rafiurrahman01/physgate-c91-shallow-cpu,results/artifacts/physgate-c91-shallow-cpu/c91/c91_result.json,C91 random-forest baseline
physgate-c91-shallow-cpu-rfT-BtoA-A1toA3,rafiurrahman01,rafiurrahman01,ff44784,,PU_M1 A1->A3 B->A,"random forest (10 time statistics), no adaptation",,,bearing-wise,L3,R,2048,,59.3167,,,,,,,0 (CPU kernel),https://www.kaggle.com/code/rafiurrahman01/physgate-c91-shallow-cpu,results/artifacts/physgate-c91-shallow-cpu/c91/c91_result.json,C91 random-forest baseline
physgate-c91-shallow-cpu-rfT-BtoB-A1toA2,rafiurrahman01,rafiurrahman01,ff44784,,PU_M1 A1->A2 B->B,"random forest (10 time statistics), no adaptation",,,leaky,L3,R,2048,,96.3,,,,,,,0 (CPU kernel),https://www.kaggle.com/code/rafiurrahman01/physgate-c91-shallow-cpu,results/artifacts/physgate-c91-shallow-cpu/c91/c91_result.json,C91 random-forest baseline
physgate-c91-shallow-cpu-rfT-BtoA-A1toA2,rafiurrahman01,rafiurrahman01,ff44784,,PU_M1 A1->A2 B->A,"random forest (10 time statistics), no adaptation",,,bearing-wise,L3,R,2048,,46.9667,,,,,,,0 (CPU kernel),https://www.kaggle.com/code/rafiurrahman01/physgate-c91-shallow-cpu,results/artifacts/physgate-c91-shallow-cpu/c91/c91_result.json,C91 random-forest baseline
physgate-c91-shallow-cpu-rfT-BtoB-A3toA1,rafiurrahman01,rafiurrahman01,ff44784,,PU_M1 A3->A1 B->B,"random forest (10 time statistics), no adaptation",,,leaky,L3,R,2048,,99.8833,,,,,,,0 (CPU kernel),https://www.kaggle.com/code/rafiurrahman01/physgate-c91-shallow-cpu,results/artifacts/physgate-c91-shallow-cpu/c91/c91_result.json,C91 random-forest baseline
physgate-c91-shallow-cpu-rfT-BtoA-A3toA1,rafiurrahman01,rafiurrahman01,ff44784,,PU_M1 A3->A1 B->A,"random forest (10 time statistics), no adaptation",,,bearing-wise,L3,R,2048,,60.9667,,,,,,,0 (CPU kernel),https://www.kaggle.com/code/rafiurrahman01/physgate-c91-shallow-cpu,results/artifacts/physgate-c91-shallow-cpu/c91/c91_result.json,C91 random-forest baseline
physgate-c91-shallow-cpu-rfT-BtoB-A3toA2,rafiurrahman01,rafiurrahman01,ff44784,,PU_M1 A3->A2 B->B,"random forest (10 time statistics), no adaptation",,,leaky,L3,R,2048,,96.1333,,,,,,,0 (CPU kernel),https://www.kaggle.com/code/rafiurrahman01/physgate-c91-shallow-cpu,results/artifacts/physgate-c91-shallow-cpu/c91/c91_result.json,C91 random-forest baseline
physgate-c91-shallow-cpu-rfT-BtoA-A3toA2,rafiurrahman01,rafiurrahman01,ff44784,,PU_M1 A3->A2 B->A,"random forest (10 time statistics), no adaptation",,,bearing-wise,L3,R,2048,,47.3667,,,,,,,0 (CPU kernel),https://www.kaggle.com/code/rafiurrahman01/physgate-c91-shallow-cpu,results/artifacts/physgate-c91-shallow-cpu/c91/c91_result.json,C91 random-forest baseline
physgate-c91-shallow-cpu-rfT-BtoB-A2toA1,rafiurrahman01,rafiurrahman01,ff44784,,PU_M1 A2->A1 B->B,"random forest (10 time statistics), no adaptation",,,leaky,L3,R,2048,,95.1667,,,,,,,0 (CPU kernel),https://www.kaggle.com/code/rafiurrahman01/physgate-c91-shallow-cpu,results/artifacts/physgate-c91-shallow-cpu/c91/c91_result.json,C91 random-forest baseline
physgate-c91-shallow-cpu-rfT-BtoA-A2toA1,rafiurrahman01,rafiurrahman01,ff44784,,PU_M1 A2->A1 B->A,"random forest (10 time statistics), no adaptation",,,bearing-wise,L3,R,2048,,56.65,,,,,,,0 (CPU kernel),https://www.kaggle.com/code/rafiurrahman01/physgate-c91-shallow-cpu,results/artifacts/physgate-c91-shallow-cpu/c91/c91_result.json,C91 random-forest baseline
physgate-c91-shallow-cpu-rfT-BtoB-A2toA3,rafiurrahman01,rafiurrahman01,ff44784,,PU_M1 A2->A3 B->B,"random forest (10 time statistics), no adaptation",,,leaky,L3,R,2048,,96.2833,,,,,,,0 (CPU kernel),https://www.kaggle.com/code/rafiurrahman01/physgate-c91-shallow-cpu,results/artifacts/physgate-c91-shallow-cpu/c91/c91_result.json,C91 random-forest baseline
physgate-c91-shallow-cpu-rfT-BtoA-A2toA3,rafiurrahman01,rafiurrahman01,ff44784,,PU_M1 A2->A3 B->A,"random forest (10 time statistics), no adaptation",,,bearing-wise,L3,R,2048,,57.2333,,,,,,,0 (CPU kernel),https://www.kaggle.com/code/rafiurrahman01/physgate-c91-shallow-cpu,results/artifacts/physgate-c91-shallow-cpu/c91/c91_result.json,C91 random-forest baseline
physgate-c91-shallow-cpu-rfF-AtoA-A1toA3,rafiurrahman01,rafiurrahman01,ff44784,,PU_M1 A1->A3 A->A,"random forest (64 spectral bands), no adaptation",,,leaky,L3,R,2048,,99.0333,,,,,,,0 (CPU kernel),https://www.kaggle.com/code/rafiurrahman01/physgate-c91-shallow-cpu,results/artifacts/physgate-c91-shallow-cpu/c91/c91_result.json,C91 random-forest baseline
physgate-c91-shallow-cpu-rfF-AtoB-A1toA3,rafiurrahman01,rafiurrahman01,ff44784,,PU_M1 A1->A3 A->B,"random forest (64 spectral bands), no adaptation",,,bearing-wise,L3,R,2048,,47.2,,,,,,,0 (CPU kernel),https://www.kaggle.com/code/rafiurrahman01/physgate-c91-shallow-cpu,results/artifacts/physgate-c91-shallow-cpu/c91/c91_result.json,C91 random-forest baseline
physgate-c91-shallow-cpu-rfF-AtoA-A1toA2,rafiurrahman01,rafiurrahman01,ff44784,,PU_M1 A1->A2 A->A,"random forest (64 spectral bands), no adaptation",,,leaky,L3,R,2048,,77.0167,,,,,,,0 (CPU kernel),https://www.kaggle.com/code/rafiurrahman01/physgate-c91-shallow-cpu,results/artifacts/physgate-c91-shallow-cpu/c91/c91_result.json,C91 random-forest baseline
physgate-c91-shallow-cpu-rfF-AtoB-A1toA2,rafiurrahman01,rafiurrahman01,ff44784,,PU_M1 A1->A2 A->B,"random forest (64 spectral bands), no adaptation",,,bearing-wise,L3,R,2048,,56.4667,,,,,,,0 (CPU kernel),https://www.kaggle.com/code/rafiurrahman01/physgate-c91-shallow-cpu,results/artifacts/physgate-c91-shallow-cpu/c91/c91_result.json,C91 random-forest baseline
physgate-c91-shallow-cpu-rfF-AtoA-A3toA1,rafiurrahman01,rafiurrahman01,ff44784,,PU_M1 A3->A1 A->A,"random forest (64 spectral bands), no adaptation",,,leaky,L3,R,2048,,99.9333,,,,,,,0 (CPU kernel),https://www.kaggle.com/code/rafiurrahman01/physgate-c91-shallow-cpu,results/artifacts/physgate-c91-shallow-cpu/c91/c91_result.json,C91 random-forest baseline
physgate-c91-shallow-cpu-rfF-AtoB-A3toA1,rafiurrahman01,rafiurrahman01,ff44784,,PU_M1 A3->A1 A->B,"random forest (64 spectral bands), no adaptation",,,bearing-wise,L3,R,2048,,52.0333,,,,,,,0 (CPU kernel),https://www.kaggle.com/code/rafiurrahman01/physgate-c91-shallow-cpu,results/artifacts/physgate-c91-shallow-cpu/c91/c91_result.json,C91 random-forest baseline
physgate-c91-shallow-cpu-rfF-AtoA-A3toA2,rafiurrahman01,rafiurrahman01,ff44784,,PU_M1 A3->A2 A->A,"random forest (64 spectral bands), no adaptation",,,leaky,L3,R,2048,,92.1,,,,,,,0 (CPU kernel),https://www.kaggle.com/code/rafiurrahman01/physgate-c91-shallow-cpu,results/artifacts/physgate-c91-shallow-cpu/c91/c91_result.json,C91 random-forest baseline
physgate-c91-shallow-cpu-rfF-AtoB-A3toA2,rafiurrahman01,rafiurrahman01,ff44784,,PU_M1 A3->A2 A->B,"random forest (64 spectral bands), no adaptation",,,bearing-wise,L3,R,2048,,55.65,,,,,,,0 (CPU kernel),https://www.kaggle.com/code/rafiurrahman01/physgate-c91-shallow-cpu,results/artifacts/physgate-c91-shallow-cpu/c91/c91_result.json,C91 random-forest baseline
physgate-c91-shallow-cpu-rfF-AtoA-A2toA1,rafiurrahman01,rafiurrahman01,ff44784,,PU_M1 A2->A1 A->A,"random forest (64 spectral bands), no adaptation",,,leaky,L3,R,2048,,88.9333,,,,,,,0 (CPU kernel),https://www.kaggle.com/code/rafiurrahman01/physgate-c91-shallow-cpu,results/artifacts/physgate-c91-shallow-cpu/c91/c91_result.json,C91 random-forest baseline
physgate-c91-shallow-cpu-rfF-AtoB-A2toA1,rafiurrahman01,rafiurrahman01,ff44784,,PU_M1 A2->A1 A->B,"random forest (64 spectral bands), no adaptation",,,bearing-wise,L3,R,2048,,63.9833,,,,,,,0 (CPU kernel),https://www.kaggle.com/code/rafiurrahman01/physgate-c91-shallow-cpu,results/artifacts/physgate-c91-shallow-cpu/c91/c91_result.json,C91 random-forest baseline
physgate-c91-shallow-cpu-rfF-AtoA-A2toA3,rafiurrahman01,rafiurrahman01,ff44784,,PU_M1 A2->A3 A->A,"random forest (64 spectral bands), no adaptation",,,leaky,L3,R,2048,,87.45,,,,,,,0 (CPU kernel),https://www.kaggle.com/code/rafiurrahman01/physgate-c91-shallow-cpu,results/artifacts/physgate-c91-shallow-cpu/c91/c91_result.json,C91 random-forest baseline
physgate-c91-shallow-cpu-rfF-AtoB-A2toA3,rafiurrahman01,rafiurrahman01,ff44784,,PU_M1 A2->A3 A->B,"random forest (64 spectral bands), no adaptation",,,bearing-wise,L3,R,2048,,63.6,,,,,,,0 (CPU kernel),https://www.kaggle.com/code/rafiurrahman01/physgate-c91-shallow-cpu,results/artifacts/physgate-c91-shallow-cpu/c91/c91_result.json,C91 random-forest baseline
physgate-c91-shallow-cpu-rfF-BtoB-A1toA3,rafiurrahman01,rafiurrahman01,ff44784,,PU_M1 A1->A3 B->B,"random forest (64 spectral bands), no adaptation",,,leaky,L3,R,2048,,99.8667,,,,,,,0 (CPU kernel),https://www.kaggle.com/code/rafiurrahman01/physgate-c91-shallow-cpu,results/artifacts/physgate-c91-shallow-cpu/c91/c91_result.json,C91 random-forest baseline
physgate-c91-shallow-cpu-rfF-BtoA-A1toA3,rafiurrahman01,rafiurrahman01,ff44784,,PU_M1 A1->A3 B->A,"random forest (64 spectral bands), no adaptation",,,bearing-wise,L3,R,2048,,48.3333,,,,,,,0 (CPU kernel),https://www.kaggle.com/code/rafiurrahman01/physgate-c91-shallow-cpu,results/artifacts/physgate-c91-shallow-cpu/c91/c91_result.json,C91 random-forest baseline
physgate-c91-shallow-cpu-rfF-BtoB-A1toA2,rafiurrahman01,rafiurrahman01,ff44784,,PU_M1 A1->A2 B->B,"random forest (64 spectral bands), no adaptation",,,leaky,L3,R,2048,,95.9167,,,,,,,0 (CPU kernel),https://www.kaggle.com/code/rafiurrahman01/physgate-c91-shallow-cpu,results/artifacts/physgate-c91-shallow-cpu/c91/c91_result.json,C91 random-forest baseline
physgate-c91-shallow-cpu-rfF-BtoA-A1toA2,rafiurrahman01,rafiurrahman01,ff44784,,PU_M1 A1->A2 B->A,"random forest (64 spectral bands), no adaptation",,,bearing-wise,L3,R,2048,,43.5333,,,,,,,0 (CPU kernel),https://www.kaggle.com/code/rafiurrahman01/physgate-c91-shallow-cpu,results/artifacts/physgate-c91-shallow-cpu/c91/c91_result.json,C91 random-forest baseline
physgate-c91-shallow-cpu-rfF-BtoB-A3toA1,rafiurrahman01,rafiurrahman01,ff44784,,PU_M1 A3->A1 B->B,"random forest (64 spectral bands), no adaptation",,,leaky,L3,R,2048,,99.6833,,,,,,,0 (CPU kernel),https://www.kaggle.com/code/rafiurrahman01/physgate-c91-shallow-cpu,results/artifacts/physgate-c91-shallow-cpu/c91/c91_result.json,C91 random-forest baseline
physgate-c91-shallow-cpu-rfF-BtoA-A3toA1,rafiurrahman01,rafiurrahman01,ff44784,,PU_M1 A3->A1 B->A,"random forest (64 spectral bands), no adaptation",,,bearing-wise,L3,R,2048,,49.35,,,,,,,0 (CPU kernel),https://www.kaggle.com/code/rafiurrahman01/physgate-c91-shallow-cpu,results/artifacts/physgate-c91-shallow-cpu/c91/c91_result.json,C91 random-forest baseline
physgate-c91-shallow-cpu-rfF-BtoB-A3toA2,rafiurrahman01,rafiurrahman01,ff44784,,PU_M1 A3->A2 B->B,"random forest (64 spectral bands), no adaptation",,,leaky,L3,R,2048,,94.4167,,,,,,,0 (CPU kernel),https://www.kaggle.com/code/rafiurrahman01/physgate-c91-shallow-cpu,results/artifacts/physgate-c91-shallow-cpu/c91/c91_result.json,C91 random-forest baseline
physgate-c91-shallow-cpu-rfF-BtoA-A3toA2,rafiurrahman01,rafiurrahman01,ff44784,,PU_M1 A3->A2 B->A,"random forest (64 spectral bands), no adaptation",,,bearing-wise,L3,R,2048,,44.0,,,,,,,0 (CPU kernel),https://www.kaggle.com/code/rafiurrahman01/physgate-c91-shallow-cpu,results/artifacts/physgate-c91-shallow-cpu/c91/c91_result.json,C91 random-forest baseline
physgate-c91-shallow-cpu-rfF-BtoB-A2toA1,rafiurrahman01,rafiurrahman01,ff44784,,PU_M1 A2->A1 B->B,"random forest (64 spectral bands), no adaptation",,,leaky,L3,R,2048,,92.8333,,,,,,,0 (CPU kernel),https://www.kaggle.com/code/rafiurrahman01/physgate-c91-shallow-cpu,results/artifacts/physgate-c91-shallow-cpu/c91/c91_result.json,C91 random-forest baseline
physgate-c91-shallow-cpu-rfF-BtoA-A2toA1,rafiurrahman01,rafiurrahman01,ff44784,,PU_M1 A2->A1 B->A,"random forest (64 spectral bands), no adaptation",,,bearing-wise,L3,R,2048,,54.05,,,,,,,0 (CPU kernel),https://www.kaggle.com/code/rafiurrahman01/physgate-c91-shallow-cpu,results/artifacts/physgate-c91-shallow-cpu/c91/c91_result.json,C91 random-forest baseline
physgate-c91-shallow-cpu-rfF-BtoB-A2toA3,rafiurrahman01,rafiurrahman01,ff44784,,PU_M1 A2->A3 B->B,"random forest (64 spectral bands), no adaptation",,,leaky,L3,R,2048,,91.5667,,,,,,,0 (CPU kernel),https://www.kaggle.com/code/rafiurrahman01/physgate-c91-shallow-cpu,results/artifacts/physgate-c91-shallow-cpu/c91/c91_result.json,C91 random-forest baseline
physgate-c91-shallow-cpu-rfF-BtoA-A2toA3,rafiurrahman01,rafiurrahman01,ff44784,,PU_M1 A2->A3 B->A,"random forest (64 spectral bands), no adaptation",,,bearing-wise,L3,R,2048,,52.75,,,,,,,0 (CPU kernel),https://www.kaggle.com/code/rafiurrahman01/physgate-c91-shallow-cpu,results/artifacts/physgate-c91-shallow-cpu/c91/c91_result.json,C91 random-forest baseline
physgate-c91-shallow-cpu-rfE-AtoA-A1toA3,rafiurrahman01,rafiurrahman01,ff44784,,PU_M1 A1->A3 A->A,"random forest (envelope spectrum), no adaptation",,,leaky,L3,R,2048,,86.2,,,,,,,0 (CPU kernel),https://www.kaggle.com/code/rafiurrahman01/physgate-c91-shallow-cpu,results/artifacts/physgate-c91-shallow-cpu/c91/c91_result.json,C91 random-forest baseline
physgate-c91-shallow-cpu-rfE-AtoB-A1toA3,rafiurrahman01,rafiurrahman01,ff44784,,PU_M1 A1->A3 A->B,"random forest (envelope spectrum), no adaptation",,,bearing-wise,L3,R,2048,,52.0667,,,,,,,0 (CPU kernel),https://www.kaggle.com/code/rafiurrahman01/physgate-c91-shallow-cpu,results/artifacts/physgate-c91-shallow-cpu/c91/c91_result.json,C91 random-forest baseline
physgate-c91-shallow-cpu-rfE-AtoA-A1toA2,rafiurrahman01,rafiurrahman01,ff44784,,PU_M1 A1->A2 A->A,"random forest (envelope spectrum), no adaptation",,,leaky,L3,R,2048,,53.8667,,,,,,,0 (CPU kernel),https://www.kaggle.com/code/rafiurrahman01/physgate-c91-shallow-cpu,results/artifacts/physgate-c91-shallow-cpu/c91/c91_result.json,C91 random-forest baseline
physgate-c91-shallow-cpu-rfE-AtoB-A1toA2,rafiurrahman01,rafiurrahman01,ff44784,,PU_M1 A1->A2 A->B,"random forest (envelope spectrum), no adaptation",,,bearing-wise,L3,R,2048,,52.6333,,,,,,,0 (CPU kernel),https://www.kaggle.com/code/rafiurrahman01/physgate-c91-shallow-cpu,results/artifacts/physgate-c91-shallow-cpu/c91/c91_result.json,C91 random-forest baseline
physgate-c91-shallow-cpu-rfE-AtoA-A3toA1,rafiurrahman01,rafiurrahman01,ff44784,,PU_M1 A3->A1 A->A,"random forest (envelope spectrum), no adaptation",,,leaky,L3,R,2048,,86.6667,,,,,,,0 (CPU kernel),https://www.kaggle.com/code/rafiurrahman01/physgate-c91-shallow-cpu,results/artifacts/physgate-c91-shallow-cpu/c91/c91_result.json,C91 random-forest baseline
physgate-c91-shallow-cpu-rfE-AtoB-A3toA1,rafiurrahman01,rafiurrahman01,ff44784,,PU_M1 A3->A1 A->B,"random forest (envelope spectrum), no adaptation",,,bearing-wise,L3,R,2048,,49.6333,,,,,,,0 (CPU kernel),https://www.kaggle.com/code/rafiurrahman01/physgate-c91-shallow-cpu,results/artifacts/physgate-c91-shallow-cpu/c91/c91_result.json,C91 random-forest baseline
physgate-c91-shallow-cpu-rfE-AtoA-A3toA2,rafiurrahman01,rafiurrahman01,ff44784,,PU_M1 A3->A2 A->A,"random forest (envelope spectrum), no adaptation",,,leaky,L3,R,2048,,65.4167,,,,,,,0 (CPU kernel),https://www.kaggle.com/code/rafiurrahman01/physgate-c91-shallow-cpu,results/artifacts/physgate-c91-shallow-cpu/c91/c91_result.json,C91 random-forest baseline
physgate-c91-shallow-cpu-rfE-AtoB-A3toA2,rafiurrahman01,rafiurrahman01,ff44784,,PU_M1 A3->A2 A->B,"random forest (envelope spectrum), no adaptation",,,bearing-wise,L3,R,2048,,54.1667,,,,,,,0 (CPU kernel),https://www.kaggle.com/code/rafiurrahman01/physgate-c91-shallow-cpu,results/artifacts/physgate-c91-shallow-cpu/c91/c91_result.json,C91 random-forest baseline
physgate-c91-shallow-cpu-rfE-AtoA-A2toA1,rafiurrahman01,rafiurrahman01,ff44784,,PU_M1 A2->A1 A->A,"random forest (envelope spectrum), no adaptation",,,leaky,L3,R,2048,,67.1667,,,,,,,0 (CPU kernel),https://www.kaggle.com/code/rafiurrahman01/physgate-c91-shallow-cpu,results/artifacts/physgate-c91-shallow-cpu/c91/c91_result.json,C91 random-forest baseline
physgate-c91-shallow-cpu-rfE-AtoB-A2toA1,rafiurrahman01,rafiurrahman01,ff44784,,PU_M1 A2->A1 A->B,"random forest (envelope spectrum), no adaptation",,,bearing-wise,L3,R,2048,,37.2167,,,,,,,0 (CPU kernel),https://www.kaggle.com/code/rafiurrahman01/physgate-c91-shallow-cpu,results/artifacts/physgate-c91-shallow-cpu/c91/c91_result.json,C91 random-forest baseline
physgate-c91-shallow-cpu-rfE-AtoA-A2toA3,rafiurrahman01,rafiurrahman01,ff44784,,PU_M1 A2->A3 A->A,"random forest (envelope spectrum), no adaptation",,,leaky,L3,R,2048,,71.9,,,,,,,0 (CPU kernel),https://www.kaggle.com/code/rafiurrahman01/physgate-c91-shallow-cpu,results/artifacts/physgate-c91-shallow-cpu/c91/c91_result.json,C91 random-forest baseline
physgate-c91-shallow-cpu-rfE-AtoB-A2toA3,rafiurrahman01,rafiurrahman01,ff44784,,PU_M1 A2->A3 A->B,"random forest (envelope spectrum), no adaptation",,,bearing-wise,L3,R,2048,,37.6667,,,,,,,0 (CPU kernel),https://www.kaggle.com/code/rafiurrahman01/physgate-c91-shallow-cpu,results/artifacts/physgate-c91-shallow-cpu/c91/c91_result.json,C91 random-forest baseline
physgate-c91-shallow-cpu-rfE-BtoB-A1toA3,rafiurrahman01,rafiurrahman01,ff44784,,PU_M1 A1->A3 B->B,"random forest (envelope spectrum), no adaptation",,,leaky,L3,R,2048,,87.25,,,,,,,0 (CPU kernel),https://www.kaggle.com/code/rafiurrahman01/physgate-c91-shallow-cpu,results/artifacts/physgate-c91-shallow-cpu/c91/c91_result.json,C91 random-forest baseline
physgate-c91-shallow-cpu-rfE-BtoA-A1toA3,rafiurrahman01,rafiurrahman01,ff44784,,PU_M1 A1->A3 B->A,"random forest (envelope spectrum), no adaptation",,,bearing-wise,L3,R,2048,,34.3833,,,,,,,0 (CPU kernel),https://www.kaggle.com/code/rafiurrahman01/physgate-c91-shallow-cpu,results/artifacts/physgate-c91-shallow-cpu/c91/c91_result.json,C91 random-forest baseline
physgate-c91-shallow-cpu-rfE-BtoB-A1toA2,rafiurrahman01,rafiurrahman01,ff44784,,PU_M1 A1->A2 B->B,"random forest (envelope spectrum), no adaptation",,,leaky,L3,R,2048,,75.3167,,,,,,,0 (CPU kernel),https://www.kaggle.com/code/rafiurrahman01/physgate-c91-shallow-cpu,results/artifacts/physgate-c91-shallow-cpu/c91/c91_result.json,C91 random-forest baseline
physgate-c91-shallow-cpu-rfE-BtoA-A1toA2,rafiurrahman01,rafiurrahman01,ff44784,,PU_M1 A1->A2 B->A,"random forest (envelope spectrum), no adaptation",,,bearing-wise,L3,R,2048,,37.1,,,,,,,0 (CPU kernel),https://www.kaggle.com/code/rafiurrahman01/physgate-c91-shallow-cpu,results/artifacts/physgate-c91-shallow-cpu/c91/c91_result.json,C91 random-forest baseline
physgate-c91-shallow-cpu-rfE-BtoB-A3toA1,rafiurrahman01,rafiurrahman01,ff44784,,PU_M1 A3->A1 B->B,"random forest (envelope spectrum), no adaptation",,,leaky,L3,R,2048,,86.8,,,,,,,0 (CPU kernel),https://www.kaggle.com/code/rafiurrahman01/physgate-c91-shallow-cpu,results/artifacts/physgate-c91-shallow-cpu/c91/c91_result.json,C91 random-forest baseline
physgate-c91-shallow-cpu-rfE-BtoA-A3toA1,rafiurrahman01,rafiurrahman01,ff44784,,PU_M1 A3->A1 B->A,"random forest (envelope spectrum), no adaptation",,,bearing-wise,L3,R,2048,,37.9,,,,,,,0 (CPU kernel),https://www.kaggle.com/code/rafiurrahman01/physgate-c91-shallow-cpu,results/artifacts/physgate-c91-shallow-cpu/c91/c91_result.json,C91 random-forest baseline
physgate-c91-shallow-cpu-rfE-BtoB-A3toA2,rafiurrahman01,rafiurrahman01,ff44784,,PU_M1 A3->A2 B->B,"random forest (envelope spectrum), no adaptation",,,leaky,L3,R,2048,,79.1333,,,,,,,0 (CPU kernel),https://www.kaggle.com/code/rafiurrahman01/physgate-c91-shallow-cpu,results/artifacts/physgate-c91-shallow-cpu/c91/c91_result.json,C91 random-forest baseline
physgate-c91-shallow-cpu-rfE-BtoA-A3toA2,rafiurrahman01,rafiurrahman01,ff44784,,PU_M1 A3->A2 B->A,"random forest (envelope spectrum), no adaptation",,,bearing-wise,L3,R,2048,,41.9,,,,,,,0 (CPU kernel),https://www.kaggle.com/code/rafiurrahman01/physgate-c91-shallow-cpu,results/artifacts/physgate-c91-shallow-cpu/c91/c91_result.json,C91 random-forest baseline
physgate-c91-shallow-cpu-rfE-BtoB-A2toA1,rafiurrahman01,rafiurrahman01,ff44784,,PU_M1 A2->A1 B->B,"random forest (envelope spectrum), no adaptation",,,leaky,L3,R,2048,,78.3,,,,,,,0 (CPU kernel),https://www.kaggle.com/code/rafiurrahman01/physgate-c91-shallow-cpu,results/artifacts/physgate-c91-shallow-cpu/c91/c91_result.json,C91 random-forest baseline
physgate-c91-shallow-cpu-rfE-BtoA-A2toA1,rafiurrahman01,rafiurrahman01,ff44784,,PU_M1 A2->A1 B->A,"random forest (envelope spectrum), no adaptation",,,bearing-wise,L3,R,2048,,39.9667,,,,,,,0 (CPU kernel),https://www.kaggle.com/code/rafiurrahman01/physgate-c91-shallow-cpu,results/artifacts/physgate-c91-shallow-cpu/c91/c91_result.json,C91 random-forest baseline
physgate-c91-shallow-cpu-rfE-BtoB-A2toA3,rafiurrahman01,rafiurrahman01,ff44784,,PU_M1 A2->A3 B->B,"random forest (envelope spectrum), no adaptation",,,leaky,L3,R,2048,,81.8333,,,,,,,0 (CPU kernel),https://www.kaggle.com/code/rafiurrahman01/physgate-c91-shallow-cpu,results/artifacts/physgate-c91-shallow-cpu/c91/c91_result.json,C91 random-forest baseline
physgate-c91-shallow-cpu-rfE-BtoA-A2toA3,rafiurrahman01,rafiurrahman01,ff44784,,PU_M1 A2->A3 B->A,"random forest (envelope spectrum), no adaptation",,,bearing-wise,L3,R,2048,,43.0333,,,,,,,0 (CPU kernel),https://www.kaggle.com/code/rafiurrahman01/physgate-c91-shallow-cpu,results/artifacts/physgate-c91-shallow-cpu/c91/c91_result.json,C91 random-forest baseline
physgate-c91-shallow-cpu-rfTFE-AtoA-A1toA3,rafiurrahman01,rafiurrahman01,ff44784,,PU_M1 A1->A3 A->A,"random forest (all three feature sets), no adaptation",,,leaky,L3,R,2048,,98.1,,,,,,,0 (CPU kernel),https://www.kaggle.com/code/rafiurrahman01/physgate-c91-shallow-cpu,results/artifacts/physgate-c91-shallow-cpu/c91/c91_result.json,C91 random-forest baseline
physgate-c91-shallow-cpu-rfTFE-AtoB-A1toA3,rafiurrahman01,rafiurrahman01,ff44784,,PU_M1 A1->A3 A->B,"random forest (all three feature sets), no adaptation",,,bearing-wise,L3,R,2048,,66.3833,,,,,,,0 (CPU kernel),https://www.kaggle.com/code/rafiurrahman01/physgate-c91-shallow-cpu,results/artifacts/physgate-c91-shallow-cpu/c91/c91_result.json,C91 random-forest baseline
physgate-c91-shallow-cpu-rfTFE-AtoA-A1toA2,rafiurrahman01,rafiurrahman01,ff44784,,PU_M1 A1->A2 A->A,"random forest (all three feature sets), no adaptation",,,leaky,L3,R,2048,,79.2167,,,,,,,0 (CPU kernel),https://www.kaggle.com/code/rafiurrahman01/physgate-c91-shallow-cpu,results/artifacts/physgate-c91-shallow-cpu/c91/c91_result.json,C91 random-forest baseline
physgate-c91-shallow-cpu-rfTFE-AtoB-A1toA2,rafiurrahman01,rafiurrahman01,ff44784,,PU_M1 A1->A2 A->B,"random forest (all three feature sets), no adaptation",,,bearing-wise,L3,R,2048,,66.9167,,,,,,,0 (CPU kernel),https://www.kaggle.com/code/rafiurrahman01/physgate-c91-shallow-cpu,results/artifacts/physgate-c91-shallow-cpu/c91/c91_result.json,C91 random-forest baseline
physgate-c91-shallow-cpu-rfTFE-AtoA-A3toA1,rafiurrahman01,rafiurrahman01,ff44784,,PU_M1 A3->A1 A->A,"random forest (all three feature sets), no adaptation",,,leaky,L3,R,2048,,99.85,,,,,,,0 (CPU kernel),https://www.kaggle.com/code/rafiurrahman01/physgate-c91-shallow-cpu,results/artifacts/physgate-c91-shallow-cpu/c91/c91_result.json,C91 random-forest baseline
physgate-c91-shallow-cpu-rfTFE-AtoB-A3toA1,rafiurrahman01,rafiurrahman01,ff44784,,PU_M1 A3->A1 A->B,"random forest (all three feature sets), no adaptation",,,bearing-wise,L3,R,2048,,64.5333,,,,,,,0 (CPU kernel),https://www.kaggle.com/code/rafiurrahman01/physgate-c91-shallow-cpu,results/artifacts/physgate-c91-shallow-cpu/c91/c91_result.json,C91 random-forest baseline
physgate-c91-shallow-cpu-rfTFE-AtoA-A3toA2,rafiurrahman01,rafiurrahman01,ff44784,,PU_M1 A3->A2 A->A,"random forest (all three feature sets), no adaptation",,,leaky,L3,R,2048,,88.9167,,,,,,,0 (CPU kernel),https://www.kaggle.com/code/rafiurrahman01/physgate-c91-shallow-cpu,results/artifacts/physgate-c91-shallow-cpu/c91/c91_result.json,C91 random-forest baseline
physgate-c91-shallow-cpu-rfTFE-AtoB-A3toA2,rafiurrahman01,rafiurrahman01,ff44784,,PU_M1 A3->A2 A->B,"random forest (all three feature sets), no adaptation",,,bearing-wise,L3,R,2048,,68.2167,,,,,,,0 (CPU kernel),https://www.kaggle.com/code/rafiurrahman01/physgate-c91-shallow-cpu,results/artifacts/physgate-c91-shallow-cpu/c91/c91_result.json,C91 random-forest baseline
physgate-c91-shallow-cpu-rfTFE-AtoA-A2toA1,rafiurrahman01,rafiurrahman01,ff44784,,PU_M1 A2->A1 A->A,"random forest (all three feature sets), no adaptation",,,leaky,L3,R,2048,,94.3167,,,,,,,0 (CPU kernel),https://www.kaggle.com/code/rafiurrahman01/physgate-c91-shallow-cpu,results/artifacts/physgate-c91-shallow-cpu/c91/c91_result.json,C91 random-forest baseline
physgate-c91-shallow-cpu-rfTFE-AtoB-A2toA1,rafiurrahman01,rafiurrahman01,ff44784,,PU_M1 A2->A1 A->B,"random forest (all three feature sets), no adaptation",,,bearing-wise,L3,R,2048,,63.3167,,,,,,,0 (CPU kernel),https://www.kaggle.com/code/rafiurrahman01/physgate-c91-shallow-cpu,results/artifacts/physgate-c91-shallow-cpu/c91/c91_result.json,C91 random-forest baseline
physgate-c91-shallow-cpu-rfTFE-AtoA-A2toA3,rafiurrahman01,rafiurrahman01,ff44784,,PU_M1 A2->A3 A->A,"random forest (all three feature sets), no adaptation",,,leaky,L3,R,2048,,96.0,,,,,,,0 (CPU kernel),https://www.kaggle.com/code/rafiurrahman01/physgate-c91-shallow-cpu,results/artifacts/physgate-c91-shallow-cpu/c91/c91_result.json,C91 random-forest baseline
physgate-c91-shallow-cpu-rfTFE-AtoB-A2toA3,rafiurrahman01,rafiurrahman01,ff44784,,PU_M1 A2->A3 A->B,"random forest (all three feature sets), no adaptation",,,bearing-wise,L3,R,2048,,63.7333,,,,,,,0 (CPU kernel),https://www.kaggle.com/code/rafiurrahman01/physgate-c91-shallow-cpu,results/artifacts/physgate-c91-shallow-cpu/c91/c91_result.json,C91 random-forest baseline
physgate-c91-shallow-cpu-rfTFE-BtoB-A1toA3,rafiurrahman01,rafiurrahman01,ff44784,,PU_M1 A1->A3 B->B,"random forest (all three feature sets), no adaptation",,,leaky,L3,R,2048,,99.9167,,,,,,,0 (CPU kernel),https://www.kaggle.com/code/rafiurrahman01/physgate-c91-shallow-cpu,results/artifacts/physgate-c91-shallow-cpu/c91/c91_result.json,C91 random-forest baseline
physgate-c91-shallow-cpu-rfTFE-BtoA-A1toA3,rafiurrahman01,rafiurrahman01,ff44784,,PU_M1 A1->A3 B->A,"random forest (all three feature sets), no adaptation",,,bearing-wise,L3,R,2048,,60.2167,,,,,,,0 (CPU kernel),https://www.kaggle.com/code/rafiurrahman01/physgate-c91-shallow-cpu,results/artifacts/physgate-c91-shallow-cpu/c91/c91_result.json,C91 random-forest baseline
physgate-c91-shallow-cpu-rfTFE-BtoB-A1toA2,rafiurrahman01,rafiurrahman01,ff44784,,PU_M1 A1->A2 B->B,"random forest (all three feature sets), no adaptation",,,leaky,L3,R,2048,,95.6167,,,,,,,0 (CPU kernel),https://www.kaggle.com/code/rafiurrahman01/physgate-c91-shallow-cpu,results/artifacts/physgate-c91-shallow-cpu/c91/c91_result.json,C91 random-forest baseline
physgate-c91-shallow-cpu-rfTFE-BtoA-A1toA2,rafiurrahman01,rafiurrahman01,ff44784,,PU_M1 A1->A2 B->A,"random forest (all three feature sets), no adaptation",,,bearing-wise,L3,R,2048,,46.6,,,,,,,0 (CPU kernel),https://www.kaggle.com/code/rafiurrahman01/physgate-c91-shallow-cpu,results/artifacts/physgate-c91-shallow-cpu/c91/c91_result.json,C91 random-forest baseline
physgate-c91-shallow-cpu-rfTFE-BtoB-A3toA1,rafiurrahman01,rafiurrahman01,ff44784,,PU_M1 A3->A1 B->B,"random forest (all three feature sets), no adaptation",,,leaky,L3,R,2048,,99.9667,,,,,,,0 (CPU kernel),https://www.kaggle.com/code/rafiurrahman01/physgate-c91-shallow-cpu,results/artifacts/physgate-c91-shallow-cpu/c91/c91_result.json,C91 random-forest baseline
physgate-c91-shallow-cpu-rfTFE-BtoA-A3toA1,rafiurrahman01,rafiurrahman01,ff44784,,PU_M1 A3->A1 B->A,"random forest (all three feature sets), no adaptation",,,bearing-wise,L3,R,2048,,61.3333,,,,,,,0 (CPU kernel),https://www.kaggle.com/code/rafiurrahman01/physgate-c91-shallow-cpu,results/artifacts/physgate-c91-shallow-cpu/c91/c91_result.json,C91 random-forest baseline
physgate-c91-shallow-cpu-rfTFE-BtoB-A3toA2,rafiurrahman01,rafiurrahman01,ff44784,,PU_M1 A3->A2 B->B,"random forest (all three feature sets), no adaptation",,,leaky,L3,R,2048,,96.3333,,,,,,,0 (CPU kernel),https://www.kaggle.com/code/rafiurrahman01/physgate-c91-shallow-cpu,results/artifacts/physgate-c91-shallow-cpu/c91/c91_result.json,C91 random-forest baseline
physgate-c91-shallow-cpu-rfTFE-BtoA-A3toA2,rafiurrahman01,rafiurrahman01,ff44784,,PU_M1 A3->A2 B->A,"random forest (all three feature sets), no adaptation",,,bearing-wise,L3,R,2048,,47.0167,,,,,,,0 (CPU kernel),https://www.kaggle.com/code/rafiurrahman01/physgate-c91-shallow-cpu,results/artifacts/physgate-c91-shallow-cpu/c91/c91_result.json,C91 random-forest baseline
physgate-c91-shallow-cpu-rfTFE-BtoB-A2toA1,rafiurrahman01,rafiurrahman01,ff44784,,PU_M1 A2->A1 B->B,"random forest (all three feature sets), no adaptation",,,leaky,L3,R,2048,,98.0667,,,,,,,0 (CPU kernel),https://www.kaggle.com/code/rafiurrahman01/physgate-c91-shallow-cpu,results/artifacts/physgate-c91-shallow-cpu/c91/c91_result.json,C91 random-forest baseline
physgate-c91-shallow-cpu-rfTFE-BtoA-A2toA1,rafiurrahman01,rafiurrahman01,ff44784,,PU_M1 A2->A1 B->A,"random forest (all three feature sets), no adaptation",,,bearing-wise,L3,R,2048,,57.6667,,,,,,,0 (CPU kernel),https://www.kaggle.com/code/rafiurrahman01/physgate-c91-shallow-cpu,results/artifacts/physgate-c91-shallow-cpu/c91/c91_result.json,C91 random-forest baseline
physgate-c91-shallow-cpu-rfTFE-BtoB-A2toA3,rafiurrahman01,rafiurrahman01,ff44784,,PU_M1 A2->A3 B->B,"random forest (all three feature sets), no adaptation",,,leaky,L3,R,2048,,98.7,,,,,,,0 (CPU kernel),https://www.kaggle.com/code/rafiurrahman01/physgate-c91-shallow-cpu,results/artifacts/physgate-c91-shallow-cpu/c91/c91_result.json,C91 random-forest baseline
physgate-c91-shallow-cpu-rfTFE-BtoA-A2toA3,rafiurrahman01,rafiurrahman01,ff44784,,PU_M1 A2->A3 B->A,"random forest (all three feature sets), no adaptation",,,bearing-wise,L3,R,2048,,57.8,,,,,,,0 (CPU kernel),https://www.kaggle.com/code/rafiurrahman01/physgate-c91-shallow-cpu,results/artifacts/physgate-c91-shallow-cpu/c91/c91_result.json,C91 random-forest baseline
physgate-run-c92-rf-g4-rfT-S08toS08-A1toA3,rafiurrahman01,rafiurrahman01,ff44784,,PU_M1 A1->A3 S08->S08,"random forest (10 time statistics), no adaptation",,,leaky,L3,R,2048,,90.4333,,,,,,,0 (CPU kernel),https://www.kaggle.com/code/rafiurrahman01/physgate-run-c92-rf-g4,results/artifacts/physgate-run-c92-rf-g4/c92/c92_result.json,C92 random-forest baseline
physgate-run-c92-rf-g4-rfT-S08toS08c-A1toA3,rafiurrahman01,rafiurrahman01,ff44784,,PU_M1 A1->A3 S08->S08c,"random forest (10 time statistics), no adaptation",,,bearing-wise,L3,R,2048,,55.3333,,,,,,,0 (CPU kernel),https://www.kaggle.com/code/rafiurrahman01/physgate-run-c92-rf-g4,results/artifacts/physgate-run-c92-rf-g4/c92/c92_result.json,C92 random-forest baseline
physgate-run-c92-rf-g4-rfT-S08toS08-A1toA2,rafiurrahman01,rafiurrahman01,ff44784,,PU_M1 A1->A2 S08->S08,"random forest (10 time statistics), no adaptation",,,leaky,L3,R,2048,,83.9167,,,,,,,0 (CPU kernel),https://www.kaggle.com/code/rafiurrahman01/physgate-run-c92-rf-g4,results/artifacts/physgate-run-c92-rf-g4/c92/c92_result.json,C92 random-forest baseline
physgate-run-c92-rf-g4-rfT-S08toS08c-A1toA2,rafiurrahman01,rafiurrahman01,ff44784,,PU_M1 A1->A2 S08->S08c,"random forest (10 time statistics), no adaptation",,,bearing-wise,L3,R,2048,,48.4667,,,,,,,0 (CPU kernel),https://www.kaggle.com/code/rafiurrahman01/physgate-run-c92-rf-g4,results/artifacts/physgate-run-c92-rf-g4/c92/c92_result.json,C92 random-forest baseline
physgate-run-c92-rf-g4-rfT-S08toS08-A3toA1,rafiurrahman01,rafiurrahman01,ff44784,,PU_M1 A3->A1 S08->S08,"random forest (10 time statistics), no adaptation",,,leaky,L3,R,2048,,91.85,,,,,,,0 (CPU kernel),https://www.kaggle.com/code/rafiurrahman01/physgate-run-c92-rf-g4,results/artifacts/physgate-run-c92-rf-g4/c92/c92_result.json,C92 random-forest baseline
physgate-run-c92-rf-g4-rfT-S08toS08c-A3toA1,rafiurrahman01,rafiurrahman01,ff44784,,PU_M1 A3->A1 S08->S08c,"random forest (10 time statistics), no adaptation",,,bearing-wise,L3,R,2048,,55.7833,,,,,,,0 (CPU kernel),https://www.kaggle.com/code/rafiurrahman01/physgate-run-c92-rf-g4,results/artifacts/physgate-run-c92-rf-g4/c92/c92_result.json,C92 random-forest baseline
physgate-run-c92-rf-g4-rfT-S08toS08-A3toA2,rafiurrahman01,rafiurrahman01,ff44784,,PU_M1 A3->A2 S08->S08,"random forest (10 time statistics), no adaptation",,,leaky,L3,R,2048,,83.4333,,,,,,,0 (CPU kernel),https://www.kaggle.com/code/rafiurrahman01/physgate-run-c92-rf-g4,results/artifacts/physgate-run-c92-rf-g4/c92/c92_result.json,C92 random-forest baseline
physgate-run-c92-rf-g4-rfT-S08toS08c-A3toA2,rafiurrahman01,rafiurrahman01,ff44784,,PU_M1 A3->A2 S08->S08c,"random forest (10 time statistics), no adaptation",,,bearing-wise,L3,R,2048,,49.7833,,,,,,,0 (CPU kernel),https://www.kaggle.com/code/rafiurrahman01/physgate-run-c92-rf-g4,results/artifacts/physgate-run-c92-rf-g4/c92/c92_result.json,C92 random-forest baseline
physgate-run-c92-rf-g4-rfT-S08toS08-A2toA1,rafiurrahman01,rafiurrahman01,ff44784,,PU_M1 A2->A1 S08->S08,"random forest (10 time statistics), no adaptation",,,leaky,L3,R,2048,,93.45,,,,,,,0 (CPU kernel),https://www.kaggle.com/code/rafiurrahman01/physgate-run-c92-rf-g4,results/artifacts/physgate-run-c92-rf-g4/c92/c92_result.json,C92 random-forest baseline
physgate-run-c92-rf-g4-rfT-S08toS08c-A2toA1,rafiurrahman01,rafiurrahman01,ff44784,,PU_M1 A2->A1 S08->S08c,"random forest (10 time statistics), no adaptation",,,bearing-wise,L3,R,2048,,54.0167,,,,,,,0 (CPU kernel),https://www.kaggle.com/code/rafiurrahman01/physgate-run-c92-rf-g4,results/artifacts/physgate-run-c92-rf-g4/c92/c92_result.json,C92 random-forest baseline
physgate-run-c92-rf-g4-rfT-S08toS08-A2toA3,rafiurrahman01,rafiurrahman01,ff44784,,PU_M1 A2->A3 S08->S08,"random forest (10 time statistics), no adaptation",,,leaky,L3,R,2048,,90.8667,,,,,,,0 (CPU kernel),https://www.kaggle.com/code/rafiurrahman01/physgate-run-c92-rf-g4,results/artifacts/physgate-run-c92-rf-g4/c92/c92_result.json,C92 random-forest baseline
physgate-run-c92-rf-g4-rfT-S08toS08c-A2toA3,rafiurrahman01,rafiurrahman01,ff44784,,PU_M1 A2->A3 S08->S08c,"random forest (10 time statistics), no adaptation",,,bearing-wise,L3,R,2048,,55.1667,,,,,,,0 (CPU kernel),https://www.kaggle.com/code/rafiurrahman01/physgate-run-c92-rf-g4,results/artifacts/physgate-run-c92-rf-g4/c92/c92_result.json,C92 random-forest baseline
physgate-run-c92-rf-g4-rfTFE-S08toS08-A1toA3,rafiurrahman01,rafiurrahman01,ff44784,,PU_M1 A1->A3 S08->S08,"random forest (all three feature sets), no adaptation",,,leaky,L3,R,2048,,98.9333,,,,,,,0 (CPU kernel),https://www.kaggle.com/code/rafiurrahman01/physgate-run-c92-rf-g4,results/artifacts/physgate-run-c92-rf-g4/c92/c92_result.json,C92 random-forest baseline
physgate-run-c92-rf-g4-rfTFE-S08toS08c-A1toA3,rafiurrahman01,rafiurrahman01,ff44784,,PU_M1 A1->A3 S08->S08c,"random forest (all three feature sets), no adaptation",,,bearing-wise,L3,R,2048,,29.9167,,,,,,,0 (CPU kernel),https://www.kaggle.com/code/rafiurrahman01/physgate-run-c92-rf-g4,results/artifacts/physgate-run-c92-rf-g4/c92/c92_result.json,C92 random-forest baseline
physgate-run-c92-rf-g4-rfTFE-S08toS08-A1toA2,rafiurrahman01,rafiurrahman01,ff44784,,PU_M1 A1->A2 S08->S08,"random forest (all three feature sets), no adaptation",,,leaky,L3,R,2048,,94.9667,,,,,,,0 (CPU kernel),https://www.kaggle.com/code/rafiurrahman01/physgate-run-c92-rf-g4,results/artifacts/physgate-run-c92-rf-g4/c92/c92_result.json,C92 random-forest baseline
physgate-run-c92-rf-g4-rfTFE-S08toS08c-A1toA2,rafiurrahman01,rafiurrahman01,ff44784,,PU_M1 A1->A2 S08->S08c,"random forest (all three feature sets), no adaptation",,,bearing-wise,L3,R,2048,,30.6667,,,,,,,0 (CPU kernel),https://www.kaggle.com/code/rafiurrahman01/physgate-run-c92-rf-g4,results/artifacts/physgate-run-c92-rf-g4/c92/c92_result.json,C92 random-forest baseline
physgate-run-c92-rf-g4-rfTFE-S08toS08-A3toA1,rafiurrahman01,rafiurrahman01,ff44784,,PU_M1 A3->A1 S08->S08,"random forest (all three feature sets), no adaptation",,,leaky,L3,R,2048,,98.4833,,,,,,,0 (CPU kernel),https://www.kaggle.com/code/rafiurrahman01/physgate-run-c92-rf-g4,results/artifacts/physgate-run-c92-rf-g4/c92/c92_result.json,C92 random-forest baseline
physgate-run-c92-rf-g4-rfTFE-S08toS08c-A3toA1,rafiurrahman01,rafiurrahman01,ff44784,,PU_M1 A3->A1 S08->S08c,"random forest (all three feature sets), no adaptation",,,bearing-wise,L3,R,2048,,32.0667,,,,,,,0 (CPU kernel),https://www.kaggle.com/code/rafiurrahman01/physgate-run-c92-rf-g4,results/artifacts/physgate-run-c92-rf-g4/c92/c92_result.json,C92 random-forest baseline
physgate-run-c92-rf-g4-rfTFE-S08toS08-A3toA2,rafiurrahman01,rafiurrahman01,ff44784,,PU_M1 A3->A2 S08->S08,"random forest (all three feature sets), no adaptation",,,leaky,L3,R,2048,,93.5167,,,,,,,0 (CPU kernel),https://www.kaggle.com/code/rafiurrahman01/physgate-run-c92-rf-g4,results/artifacts/physgate-run-c92-rf-g4/c92/c92_result.json,C92 random-forest baseline
physgate-run-c92-rf-g4-rfTFE-S08toS08c-A3toA2,rafiurrahman01,rafiurrahman01,ff44784,,PU_M1 A3->A2 S08->S08c,"random forest (all three feature sets), no adaptation",,,bearing-wise,L3,R,2048,,33.25,,,,,,,0 (CPU kernel),https://www.kaggle.com/code/rafiurrahman01/physgate-run-c92-rf-g4,results/artifacts/physgate-run-c92-rf-g4/c92/c92_result.json,C92 random-forest baseline
physgate-run-c92-rf-g4-rfTFE-S08toS08-A2toA1,rafiurrahman01,rafiurrahman01,ff44784,,PU_M1 A2->A1 S08->S08,"random forest (all three feature sets), no adaptation",,,leaky,L3,R,2048,,97.3333,,,,,,,0 (CPU kernel),https://www.kaggle.com/code/rafiurrahman01/physgate-run-c92-rf-g4,results/artifacts/physgate-run-c92-rf-g4/c92/c92_result.json,C92 random-forest baseline
physgate-run-c92-rf-g4-rfTFE-S08toS08c-A2toA1,rafiurrahman01,rafiurrahman01,ff44784,,PU_M1 A2->A1 S08->S08c,"random forest (all three feature sets), no adaptation",,,bearing-wise,L3,R,2048,,33.9833,,,,,,,0 (CPU kernel),https://www.kaggle.com/code/rafiurrahman01/physgate-run-c92-rf-g4,results/artifacts/physgate-run-c92-rf-g4/c92/c92_result.json,C92 random-forest baseline
physgate-run-c92-rf-g4-rfTFE-S08toS08-A2toA3,rafiurrahman01,rafiurrahman01,ff44784,,PU_M1 A2->A3 S08->S08,"random forest (all three feature sets), no adaptation",,,leaky,L3,R,2048,,96.3833,,,,,,,0 (CPU kernel),https://www.kaggle.com/code/rafiurrahman01/physgate-run-c92-rf-g4,results/artifacts/physgate-run-c92-rf-g4/c92/c92_result.json,C92 random-forest baseline
physgate-run-c92-rf-g4-rfTFE-S08toS08c-A2toA3,rafiurrahman01,rafiurrahman01,ff44784,,PU_M1 A2->A3 S08->S08c,"random forest (all three feature sets), no adaptation",,,bearing-wise,L3,R,2048,,33.7833,,,,,,,0 (CPU kernel),https://www.kaggle.com/code/rafiurrahman01/physgate-run-c92-rf-g4,results/artifacts/physgate-run-c92-rf-g4/c92/c92_result.json,C92 random-forest baseline
physgate-run-c92-rf-g4-rfT-S09toS09-A1toA3,rafiurrahman01,rafiurrahman01,ff44784,,PU_M1 A1->A3 S09->S09,"random forest (10 time statistics), no adaptation",,,leaky,L3,R,2048,,96.05,,,,,,,0 (CPU kernel),https://www.kaggle.com/code/rafiurrahman01/physgate-run-c92-rf-g4,results/artifacts/physgate-run-c92-rf-g4/c92/c92_result.json,C92 random-forest baseline
physgate-run-c92-rf-g4-rfT-S09toS09c-A1toA3,rafiurrahman01,rafiurrahman01,ff44784,,PU_M1 A1->A3 S09->S09c,"random forest (10 time statistics), no adaptation",,,bearing-wise,L3,R,2048,,63.95,,,,,,,0 (CPU kernel),https://www.kaggle.com/code/rafiurrahman01/physgate-run-c92-rf-g4,results/artifacts/physgate-run-c92-rf-g4/c92/c92_result.json,C92 random-forest baseline
physgate-run-c92-rf-g4-rfT-S09toS09-A1toA2,rafiurrahman01,rafiurrahman01,ff44784,,PU_M1 A1->A2 S09->S09,"random forest (10 time statistics), no adaptation",,,leaky,L3,R,2048,,74.3833,,,,,,,0 (CPU kernel),https://www.kaggle.com/code/rafiurrahman01/physgate-run-c92-rf-g4,results/artifacts/physgate-run-c92-rf-g4/c92/c92_result.json,C92 random-forest baseline
physgate-run-c92-rf-g4-rfT-S09toS09c-A1toA2,rafiurrahman01,rafiurrahman01,ff44784,,PU_M1 A1->A2 S09->S09c,"random forest (10 time statistics), no adaptation",,,bearing-wise,L3,R,2048,,62.05,,,,,,,0 (CPU kernel),https://www.kaggle.com/code/rafiurrahman01/physgate-run-c92-rf-g4,results/artifacts/physgate-run-c92-rf-g4/c92/c92_result.json,C92 random-forest baseline
physgate-run-c92-rf-g4-rfT-S09toS09-A3toA1,rafiurrahman01,rafiurrahman01,ff44784,,PU_M1 A3->A1 S09->S09,"random forest (10 time statistics), no adaptation",,,leaky,L3,R,2048,,98.6,,,,,,,0 (CPU kernel),https://www.kaggle.com/code/rafiurrahman01/physgate-run-c92-rf-g4,results/artifacts/physgate-run-c92-rf-g4/c92/c92_result.json,C92 random-forest baseline
physgate-run-c92-rf-g4-rfT-S09toS09c-A3toA1,rafiurrahman01,rafiurrahman01,ff44784,,PU_M1 A3->A1 S09->S09c,"random forest (10 time statistics), no adaptation",,,bearing-wise,L3,R,2048,,61.5167,,,,,,,0 (CPU kernel),https://www.kaggle.com/code/rafiurrahman01/physgate-run-c92-rf-g4,results/artifacts/physgate-run-c92-rf-g4/c92/c92_result.json,C92 random-forest baseline
physgate-run-c92-rf-g4-rfT-S09toS09-A3toA2,rafiurrahman01,rafiurrahman01,ff44784,,PU_M1 A3->A2 S09->S09,"random forest (10 time statistics), no adaptation",,,leaky,L3,R,2048,,82.45,,,,,,,0 (CPU kernel),https://www.kaggle.com/code/rafiurrahman01/physgate-run-c92-rf-g4,results/artifacts/physgate-run-c92-rf-g4/c92/c92_result.json,C92 random-forest baseline
physgate-run-c92-rf-g4-rfT-S09toS09c-A3toA2,rafiurrahman01,rafiurrahman01,ff44784,,PU_M1 A3->A2 S09->S09c,"random forest (10 time statistics), no adaptation",,,bearing-wise,L3,R,2048,,62.05,,,,,,,0 (CPU kernel),https://www.kaggle.com/code/rafiurrahman01/physgate-run-c92-rf-g4,results/artifacts/physgate-run-c92-rf-g4/c92/c92_result.json,C92 random-forest baseline
physgate-run-c92-rf-g4-rfT-S09toS09-A2toA1,rafiurrahman01,rafiurrahman01,ff44784,,PU_M1 A2->A1 S09->S09,"random forest (10 time statistics), no adaptation",,,leaky,L3,R,2048,,75.75,,,,,,,0 (CPU kernel),https://www.kaggle.com/code/rafiurrahman01/physgate-run-c92-rf-g4,results/artifacts/physgate-run-c92-rf-g4/c92/c92_result.json,C92 random-forest baseline
physgate-run-c92-rf-g4-rfT-S09toS09c-A2toA1,rafiurrahman01,rafiurrahman01,ff44784,,PU_M1 A2->A1 S09->S09c,"random forest (10 time statistics), no adaptation",,,bearing-wise,L3,R,2048,,48.6667,,,,,,,0 (CPU kernel),https://www.kaggle.com/code/rafiurrahman01/physgate-run-c92-rf-g4,results/artifacts/physgate-run-c92-rf-g4/c92/c92_result.json,C92 random-forest baseline
physgate-run-c92-rf-g4-rfT-S09toS09-A2toA3,rafiurrahman01,rafiurrahman01,ff44784,,PU_M1 A2->A3 S09->S09,"random forest (10 time statistics), no adaptation",,,leaky,L3,R,2048,,81.25,,,,,,,0 (CPU kernel),https://www.kaggle.com/code/rafiurrahman01/physgate-run-c92-rf-g4,results/artifacts/physgate-run-c92-rf-g4/c92/c92_result.json,C92 random-forest baseline
physgate-run-c92-rf-g4-rfT-S09toS09c-A2toA3,rafiurrahman01,rafiurrahman01,ff44784,,PU_M1 A2->A3 S09->S09c,"random forest (10 time statistics), no adaptation",,,bearing-wise,L3,R,2048,,50.15,,,,,,,0 (CPU kernel),https://www.kaggle.com/code/rafiurrahman01/physgate-run-c92-rf-g4,results/artifacts/physgate-run-c92-rf-g4/c92/c92_result.json,C92 random-forest baseline
physgate-run-c92-rf-g4-rfTFE-S09toS09-A1toA3,rafiurrahman01,rafiurrahman01,ff44784,,PU_M1 A1->A3 S09->S09,"random forest (all three feature sets), no adaptation",,,leaky,L3,R,2048,,97.8833,,,,,,,0 (CPU kernel),https://www.kaggle.com/code/rafiurrahman01/physgate-run-c92-rf-g4,results/artifacts/physgate-run-c92-rf-g4/c92/c92_result.json,C92 random-forest baseline
physgate-run-c92-rf-g4-rfTFE-S09toS09c-A1toA3,rafiurrahman01,rafiurrahman01,ff44784,,PU_M1 A1->A3 S09->S09c,"random forest (all three feature sets), no adaptation",,,bearing-wise,L3,R,2048,,68.2167,,,,,,,0 (CPU kernel),https://www.kaggle.com/code/rafiurrahman01/physgate-run-c92-rf-g4,results/artifacts/physgate-run-c92-rf-g4/c92/c92_result.json,C92 random-forest baseline
physgate-run-c92-rf-g4-rfTFE-S09toS09-A1toA2,rafiurrahman01,rafiurrahman01,ff44784,,PU_M1 A1->A2 S09->S09,"random forest (all three feature sets), no adaptation",,,leaky,L3,R,2048,,71.4167,,,,,,,0 (CPU kernel),https://www.kaggle.com/code/rafiurrahman01/physgate-run-c92-rf-g4,results/artifacts/physgate-run-c92-rf-g4/c92/c92_result.json,C92 random-forest baseline
physgate-run-c92-rf-g4-rfTFE-S09toS09c-A1toA2,rafiurrahman01,rafiurrahman01,ff44784,,PU_M1 A1->A2 S09->S09c,"random forest (all three feature sets), no adaptation",,,bearing-wise,L3,R,2048,,64.8333,,,,,,,0 (CPU kernel),https://www.kaggle.com/code/rafiurrahman01/physgate-run-c92-rf-g4,results/artifacts/physgate-run-c92-rf-g4/c92/c92_result.json,C92 random-forest baseline
physgate-run-c92-rf-g4-rfTFE-S09toS09-A3toA1,rafiurrahman01,rafiurrahman01,ff44784,,PU_M1 A3->A1 S09->S09,"random forest (all three feature sets), no adaptation",,,leaky,L3,R,2048,,99.8167,,,,,,,0 (CPU kernel),https://www.kaggle.com/code/rafiurrahman01/physgate-run-c92-rf-g4,results/artifacts/physgate-run-c92-rf-g4/c92/c92_result.json,C92 random-forest baseline
physgate-run-c92-rf-g4-rfTFE-S09toS09c-A3toA1,rafiurrahman01,rafiurrahman01,ff44784,,PU_M1 A3->A1 S09->S09c,"random forest (all three feature sets), no adaptation",,,bearing-wise,L3,R,2048,,68.7667,,,,,,,0 (CPU kernel),https://www.kaggle.com/code/rafiurrahman01/physgate-run-c92-rf-g4,results/artifacts/physgate-run-c92-rf-g4/c92/c92_result.json,C92 random-forest baseline
physgate-run-c92-rf-g4-rfTFE-S09toS09-A3toA2,rafiurrahman01,rafiurrahman01,ff44784,,PU_M1 A3->A2 S09->S09,"random forest (all three feature sets), no adaptation",,,leaky,L3,R,2048,,80.3333,,,,,,,0 (CPU kernel),https://www.kaggle.com/code/rafiurrahman01/physgate-run-c92-rf-g4,results/artifacts/physgate-run-c92-rf-g4/c92/c92_result.json,C92 random-forest baseline
physgate-run-c92-rf-g4-rfTFE-S09toS09c-A3toA2,rafiurrahman01,rafiurrahman01,ff44784,,PU_M1 A3->A2 S09->S09c,"random forest (all three feature sets), no adaptation",,,bearing-wise,L3,R,2048,,66.0167,,,,,,,0 (CPU kernel),https://www.kaggle.com/code/rafiurrahman01/physgate-run-c92-rf-g4,results/artifacts/physgate-run-c92-rf-g4/c92/c92_result.json,C92 random-forest baseline
physgate-run-c92-rf-g4-rfTFE-S09toS09-A2toA1,rafiurrahman01,rafiurrahman01,ff44784,,PU_M1 A2->A1 S09->S09,"random forest (all three feature sets), no adaptation",,,leaky,L3,R,2048,,84.7667,,,,,,,0 (CPU kernel),https://www.kaggle.com/code/rafiurrahman01/physgate-run-c92-rf-g4,results/artifacts/physgate-run-c92-rf-g4/c92/c92_result.json,C92 random-forest baseline
physgate-run-c92-rf-g4-rfTFE-S09toS09c-A2toA1,rafiurrahman01,rafiurrahman01,ff44784,,PU_M1 A2->A1 S09->S09c,"random forest (all three feature sets), no adaptation",,,bearing-wise,L3,R,2048,,57.25,,,,,,,0 (CPU kernel),https://www.kaggle.com/code/rafiurrahman01/physgate-run-c92-rf-g4,results/artifacts/physgate-run-c92-rf-g4/c92/c92_result.json,C92 random-forest baseline
physgate-run-c92-rf-g4-rfTFE-S09toS09-A2toA3,rafiurrahman01,rafiurrahman01,ff44784,,PU_M1 A2->A3 S09->S09,"random forest (all three feature sets), no adaptation",,,leaky,L3,R,2048,,86.2,,,,,,,0 (CPU kernel),https://www.kaggle.com/code/rafiurrahman01/physgate-run-c92-rf-g4,results/artifacts/physgate-run-c92-rf-g4/c92/c92_result.json,C92 random-forest baseline
physgate-run-c92-rf-g4-rfTFE-S09toS09c-A2toA3,rafiurrahman01,rafiurrahman01,ff44784,,PU_M1 A2->A3 S09->S09c,"random forest (all three feature sets), no adaptation",,,bearing-wise,L3,R,2048,,56.75,,,,,,,0 (CPU kernel),https://www.kaggle.com/code/rafiurrahman01/physgate-run-c92-rf-g4,results/artifacts/physgate-run-c92-rf-g4/c92/c92_result.json,C92 random-forest baseline
physgate-c110-diversity-cpu,rafiurrahman01,rafiurrahman01,6c160c9,,"PU_M1 same-condition, 30 test triples x n=1..4","random forest (10 time statistics), source-diversity curve",,,bearing-wise,L3,R,2048,,74.65,,,,,,971,0 (CPU kernel),https://www.kaggle.com/code/rafiurrahman01/physgate-c110-diversity-cpu,results/artifacts/physgate-c110-diversity-cpu/c110/c110_result.json,C110 clean BA median at n=4; n=1 45.86
local-c112-kinematic-rf,rafiurrahman01,local,6c160c9,,"PU_M1 ten splits + folds, records","random forest (13 kinematic SES features), no adaptation",,,bearing-wise,L3,R,249600,1020,56.15,,,,,,,0 (local CPU),,results/c112/c112_result.json,C112 median clean; median delta 8.44
