[{"stream_name":"stdout","time":5.844841732,"data":"{'device': 'Tesla T4', 'capability': [7, 5], 'group': 'g2'}\n"}
,{"stream_name":"stdout","time":5.84490968,"data":"RUN /usr/bin/python3 -u /kaggle/input/datasets/rafiurrahman01/physgate-m0-code/sdalr_runner.py --sdalr /kaggle/input/datasets/rafiurrahman01/physgate-m0-code --m0 /kaggle/input/datasets/rafiurrahman01/physgate-k10-g2 --dataset PU_M1 --src-fold S03 --tgt-fold S03 --variant shot --work /kaggle/working/shot_k10/S03 --seed 2024\n"}
,{"stream_name":"stdout","time":19.209887861,"data":"\n"}
,{"stream_name":"stdout","time":19.209921992,"data":"\n"}
,{"stream_name":"stdout","time":19.209927767,"data":"现在开始拿源域训练集：(B1)N15_M01_F10 进行训练\n"}
,{"stream_name":"stdout","time":19.209933813,"data":"源域读取路径：/kaggle/working/shot_k10/S03/sdalr_PU_shot/DATA_foldS03/PU_M1_L3/N15_M01_F10_label.txt\n"}
,{"stream_name":"stdout","time":19.209939233,"data":"excel输出位置：/kaggle/working/shot_k10/S03/weight_src_PU_M1_FS03_s2024/NEW_PU/Source-源域\n"}
,{"stream_name":"stdout","time":19.209944518,"data":"log\u0026pt输出位置：/kaggle/working/shot_k10/S03/weight_src_PU_M1_FS03_s2024/NEW_PU/Source-源域/log\u0026pt/(B1)N15_M01_F10\n"}
,{"stream_name":"stdout","time":19.210288684,"data":"特征图片输出位置：/kaggle/working/shot_k10/S03/weight_src_PU_M1_FS03_s2024/NEW_PU/Picture-特征图/2026年09月21日23时31分/(B1)N15_M01_F10\n"}
,{"stream_name":"stderr","time":19.21172979,"data":"sh: 1: Syntax error: word unexpected (expecting \")\")\n"}
,{"stream_name":"stdout","time":19.2122504,"data":"源域训练开始\n"}
,{"stream_name":"stderr","time":21.34060928,"data":"/usr/local/lib/python3.12/dist-packages/torch/nn/utils/weight_norm.py:144: FutureWarning: `torch.nn.utils.weight_norm` is deprecated in favor of `torch.nn.utils.parametrizations.weight_norm`.\n"}
,{"stream_name":"stderr","time":21.34064705,"data":"  WeightNorm.apply(module, name, dim)\n"}
,{"stream_name":"stdout","time":30.012303512,"data":"轮次:··1/·10 || loss:0.002 || 耗时：8.62s\n"}
,{"stream_name":"stdout","time":37.743638896,"data":"轮次:··2/·10 || loss:0.010 || 耗时：7.68s\n"}
,{"stream_name":"stdout","time":45.570508784,"data":"轮次:··3/·10 || loss:0.007 || 耗时：7.77s\n"}
,{"stream_name":"stdout","time":53.532580822,"data":"轮次:··4/·10 || loss:0.005 || 耗时：7.90s\n"}
,{"stream_name":"stdout","time":61.549652009,"data":"轮次:··5/·10 || loss:0.003 || 耗时：7.96s\n"}
,{"stream_name":"stdout","time":62.146337021,"data":"任务: (B1)N15_M01_F10; mix批次:····0; 批次:··330/··660; 总正确率 = 100.00%\n"}
,{"stream_name":"stdout","time":62.146380556,"data":"类型1 正确率： 100.00% -\u003e 1  100.00%, 2    0.00%, 3    0.00%\n"}
,{"stream_name":"stdout","time":62.146389078,"data":"类型2 正确率： 100.00% -\u003e 1    0.00%, 2  100.00%, 3    0.00%\n"}
,{"stream_name":"stdout","time":62.146394914,"data":"类型3 正确率： 100.00% -\u003e 1    0.00%, 2    0.00%, 3  100.00%\n"}
,{"stream_name":"stdout","time":62.146400954,"data":"\n"}
,{"stream_name":"stdout","time":62.146406549,"data":"\n"}
,{"stream_name":"stdout","time":70.208759508,"data":"轮次:··6/·10 || loss:0.001 || 耗时：7.97s\n"}
,{"stream_name":"stdout","time":78.389342588,"data":"轮次:··7/·10 || loss:0.018 || 耗时：8.12s\n"}
,{"stream_name":"stdout","time":86.700727263,"data":"轮次:··8/·10 || loss:0.006 || 耗时：8.25s\n"}
,{"stream_name":"stdout","time":95.111984108,"data":"轮次:··9/·10 || loss:0.000 || 耗时：8.35s\n"}
,{"stream_name":"stdout","time":103.650714402,"data":"轮次:·10/·10 || loss:0.000 || 耗时：8.48s\n"}
,{"stream_name":"stdout","time":104.231090064,"data":"任务: (B1)N15_M01_F10; mix批次:····0; 批次:··660/··660; 总正确率 = 100.00%\n"}
,{"stream_name":"stdout","time":104.231134284,"data":"类型1 正确率： 100.00% -\u003e 1  100.00%, 2    0.00%, 3    0.00%\n"}
,{"stream_name":"stdout","time":104.23114033,"data":"类型2 正确率： 100.00% -\u003e 1    0.00%, 2  100.00%, 3    0.00%\n"}
,{"stream_name":"stdout","time":104.23114487,"data":"类型3 正确率： 100.00% -\u003e 1    0.00%, 2    0.00%, 3  100.00%\n"}
,{"stream_name":"stdout","time":104.23114917,"data":"\n"}
,{"stream_name":"stdout","time":104.231153128,"data":"\n"}
,{"stream_name":"stdout","time":105.460446155,"data":"测试集任务: (B1)N15_M01_F10; 总正确率 = 100.00%\n"}
,{"stream_name":"stdout","time":105.460478415,"data":"类型1 正确率： 100.00% -\u003e 1  100.00%, 2    0.00%, 3    0.00%\n"}
,{"stream_name":"stdout","time":105.460484209,"data":"类型2 正确率： 100.00% -\u003e 1    0.00%, 2  100.00%, 3    0.00%\n"}
,{"stream_name":"stdout","time":105.460488805,"data":"类型3 正确率： 100.00% -\u003e 1    0.00%, 2    0.00%, 3  100.00%\n"}
,{"stream_name":"stdout","time":105.460493294,"data":"\n"}
,{"stream_name":"stdout","time":105.460498018,"data":"\n"}
,{"stream_name":"stdout","time":105.47551023,"data":"源域训练结束\n"}
,{"stream_name":"stdout","time":105.475538415,"data":"\n"}
,{"stream_name":"stdout","time":105.475565427,"data":"训练好之后，测试目标域\n"}
,{"stream_name":"stdout","time":105.475571436,"data":"目标域路径：/kaggle/working/shot_k10/S03/sdalr_PU_shot/DATA_foldS03/PU_M1_L3/N15_M07_F10_label.txt\n"}
,{"stream_name":"stderr","time":105.859502507,"data":"/usr/local/lib/python3.12/dist-packages/torch/nn/utils/weight_norm.py:144: FutureWarning: `torch.nn.utils.weight_norm` is deprecated in favor of `torch.nn.utils.parametrizations.weight_norm`.\n"}
,{"stream_name":"stderr","time":105.859540488,"data":"  WeightNorm.apply(module, name, dim)\n"}
,{"stream_name":"stdout","time":107.053473246,"data":"测试目标数据集结果如下：\n"}
,{"stream_name":"stdout","time":107.053504825,"data":"任务: (B1)N15_M01_F10→(B2)N15_M07_F10, 正确率 = 99.92%\n"}
,{"stream_name":"stdout","time":107.053510263,"data":"类型1 正确率： 100.00% -\u003e 1  100.00%, 2    0.00%, 3    0.00%\n"}
,{"stream_name":"stdout","time":107.053515359,"data":"类型2 正确率： 100.00% -\u003e 1    0.00%, 2  100.00%, 3    0.00%\n"}
,{"stream_name":"stdout","time":107.053520264,"data":"类型3 正确率： 100.00% -\u003e 1    0.00%, 2    0.24%, 3   99.76%\n"}
,{"stream_name":"stdout","time":107.053524197,"data":"\n"}
,{"stream_name":"stdout","time":107.053955846,"data":"目标域路径：/kaggle/working/shot_k10/S03/sdalr_PU_shot/DATA_foldS03/PU_M1_L3/N15_M07_F04_label.txt\n"}
,{"stream_name":"stderr","time":107.445743602,"data":"/usr/local/lib/python3.12/dist-packages/torch/nn/utils/weight_norm.py:144: FutureWarning: `torch.nn.utils.weight_norm` is deprecated in favor of `torch.nn.utils.parametrizations.weight_norm`.\n"}
,{"stream_name":"stderr","time":107.44580543,"data":"  WeightNorm.apply(module, name, dim)\n"}
,{"stream_name":"stdout","time":108.624909897,"data":"测试目标数据集结果如下：\n"}
,{"stream_name":"stdout","time":108.624941429,"data":"任务: (B1)N15_M01_F10→(B3)N15_M07_F04, 正确率 = 75.49%\n"}
,{"stream_name":"stdout","time":108.624946589,"data":"类型1 正确率： 100.00% -\u003e 1  100.00%, 2    0.00%, 3    0.00%\n"}
,{"stream_name":"stdout","time":108.624951386,"data":"类型2 正确率：  99.00% -\u003e 1    0.00%, 2   98.52%, 3    1.48%\n"}
,{"stream_name":"stdout","time":108.624955691,"data":"类型3 正确率：  28.00% -\u003e 1    0.00%, 2   72.06%, 3   27.94%\n"}
,{"stream_name":"stdout","time":108.624979537,"data":"\n"}
,{"stream_name":"stdout","time":108.625428427,"data":"\n"}
,{"stream_name":"stdout","time":108.625442075,"data":"\n"}
,{"stream_name":"stdout","time":108.625446189,"data":"现在开始拿源域训练集：(B2)N15_M07_F10 进行训练\n"}
,{"stream_name":"stdout","time":108.625451309,"data":"源域读取路径：/kaggle/working/shot_k10/S03/sdalr_PU_shot/DATA_foldS03/PU_M1_L3/N15_M07_F10_label.txt\n"}
,{"stream_name":"stdout","time":108.625455602,"data":"excel输出位置：/kaggle/working/shot_k10/S03/weight_src_PU_M1_FS03_s2024/NEW_PU/Source-源域\n"}
,{"stream_name":"stdout","time":108.625469144,"data":"log\u0026pt输出位置：/kaggle/working/shot_k10/S03/weight_src_PU_M1_FS03_s2024/NEW_PU/Source-源域/log\u0026pt/(B2)N15_M07_F10\n"}
,{"stream_name":"stdout","time":108.62574547,"data":"特征图片输出位置：/kaggle/working/shot_k10/S03/weight_src_PU_M1_FS03_s2024/NEW_PU/Picture-特征图/2026年09月21日23时31分/(B2)N15_M07_F10\n"}
,{"stream_name":"stderr","time":108.627465677,"data":"sh: 1: Syntax error: word unexpected (expecting \")\")\n"}
,{"stream_name":"stdout","time":108.628032258,"data":"源域训练开始\n"}
,{"stream_name":"stderr","time":110.413181596,"data":"/usr/local/lib/python3.12/dist-packages/torch/nn/utils/weight_norm.py:144: FutureWarning: `torch.nn.utils.weight_norm` is deprecated in favor of `torch.nn.utils.parametrizations.weight_norm`.\n"}
,{"stream_name":"stderr","time":110.413246785,"data":"  WeightNorm.apply(module, name, dim)\n"}
,{"stream_name":"stdout","time":119.201582896,"data":"轮次:··1/·10 || loss:0.008 || 耗时：8.72s\n"}
,{"stream_name":"stdout","time":128.092635822,"data":"轮次:··2/·10 || loss:0.002 || 耗时：8.82s\n"}
,{"stream_name":"stdout","time":137.214957176,"data":"轮次:··3/·10 || loss:0.003 || 耗时：9.06s\n"}
,{"stream_name":"stdout","time":146.550612798,"data":"轮次:··4/·10 || loss:0.002 || 耗时：9.27s\n"}
,{"stream_name":"stdout","time":155.840638824,"data":"轮次:··5/·10 || loss:0.002 || 耗时：9.22s\n"}
,{"stream_name":"stdout","time":156.453619773,"data":"任务: (B2)N15_M07_F10; mix批次:····0; 批次:··330/··660; 总正确率 = 100.00%\n"}
,{"stream_name":"stdout","time":156.453653551,"data":"类型1 正确率： 100.00% -\u003e 1  100.00%, 2    0.00%, 3    0.00%\n"}
,{"stream_name":"stdout","time":156.453658848,"data":"类型2 正确率： 100.00% -\u003e 1    0.00%, 2  100.00%, 3    0.00%\n"}
,{"stream_name":"stdout","time":156.453663203,"data":"类型3 正确率： 100.00% -\u003e 1    0.00%, 2    0.00%, 3  100.00%\n"}
,{"stream_name":"stdout","time":156.453667597,"data":"\n"}
,{"stream_name":"stdout","time":156.453671593,"data":"\n"}
,{"stream_name":"stdout","time":165.424747635,"data":"轮次:··6/·10 || loss:0.011 || 耗时：8.87s\n"}
,{"stream_name":"stdout","time":174.244947156,"data":"轮次:··7/·10 || loss:0.000 || 耗时：8.76s\n"}
,{"stream_name":"stdout","time":183.021268163,"data":"轮次:··8/·10 || loss:0.000 || 耗时：8.71s\n"}
,{"stream_name":"stdout","time":191.813282136,"data":"轮次:··9/·10 || loss:0.001 || 耗时：8.73s\n"}
,{"stream_name":"stdout","time":200.667278145,"data":"轮次:·10/·10 || loss:0.000 || 耗时：8.79s\n"}
,{"stream_name":"stdout","time":201.268347289,"data":"任务: (B2)N15_M07_F10; mix批次:····0; 批次:··660/··660; 总正确率 = 100.00%\n"}
,{"stream_name":"stdout","time":201.26838293,"data":"类型1 正确率： 100.00% -\u003e 1  100.00%, 2    0.00%, 3    0.00%\n"}
,{"stream_name":"stdout","time":201.268387901,"data":"类型2 正确率： 100.00% -\u003e 1    0.00%, 2  100.00%, 3    0.00%\n"}
,{"stream_name":"stdout","time":201.268404213,"data":"类型3 正确率： 100.00% -\u003e 1    0.00%, 2    0.00%, 3  100.00%\n"}
,{"stream_name":"stdout","time":201.268418354,"data":"\n"}
,{"stream_name":"stdout","time":201.268420711,"data":"\n"}
,{"stream_name":"stdout","time":202.546251178,"data":"测试集任务: (B2)N15_M07_F10; 总正确率 = 100.00%\n"}
,{"stream_name":"stdout","time":202.546280796,"data":"类型1 正确率： 100.00% -\u003e 1  100.00%, 2    0.00%, 3    0.00%\n"}
,{"stream_name":"stdout","time":202.546285338,"data":"类型2 正确率： 100.00% -\u003e 1    0.00%, 2  100.00%, 3    0.00%\n"}
,{"stream_name":"stdout","time":202.546289009,"data":"类型3 正确率： 100.00% -\u003e 1    0.00%, 2    0.00%, 3  100.00%\n"}
,{"stream_name":"stdout","time":202.546292542,"data":"\n"}
,{"stream_name":"stdout","time":202.546295851,"data":"\n"}
,{"stream_name":"stdout","time":202.55478413,"data":"源域训练结束\n"}
,{"stream_name":"stdout","time":202.554808613,"data":"\n"}
,{"stream_name":"stdout","time":202.554822824,"data":"训练好之后，测试目标域\n"}
,{"stream_name":"stdout","time":202.554827607,"data":"目标域路径：/kaggle/working/shot_k10/S03/sdalr_PU_shot/DATA_foldS03/PU_M1_L3/N15_M01_F10_label.txt\n"}
,{"stream_name":"stderr","time":202.974483542,"data":"/usr/local/lib/python3.12/dist-packages/torch/nn/utils/weight_norm.py:144: FutureWarning: `torch.nn.utils.weight_norm` is deprecated in favor of `torch.nn.utils.parametrizations.weight_norm`.\n"}
,{"stream_name":"stderr","time":202.97453803,"data":"  WeightNorm.apply(module, name, dim)\n"}
,{"stream_name":"stdout","time":204.203840897,"data":"测试目标数据集结果如下：\n"}
,{"stream_name":"stdout","time":204.203871244,"data":"任务: (B2)N15_M07_F10→(B1)N15_M01_F10, 正确率 = 99.26%\n"}
,{"stream_name":"stdout","time":204.20387535,"data":"类型1 正确率： 100.00% -\u003e 1  100.00%, 2    0.00%, 3    0.00%\n"}
,{"stream_name":"stdout","time":204.20387944,"data":"类型2 正确率：  98.00% -\u003e 1    0.00%, 2   97.77%, 3    2.23%\n"}
,{"stream_name":"stdout","time":204.203882913,"data":"类型3 正确率： 100.00% -\u003e 1    0.00%, 2    0.00%, 3  100.00%\n"}
,{"stream_name":"stdout","time":204.203886503,"data":"\n"}
,{"stream_name":"stdout","time":204.204316535,"data":"目标域路径：/kaggle/working/shot_k10/S03/sdalr_PU_shot/DATA_foldS03/PU_M1_L3/N15_M07_F04_label.txt\n"}
,{"stream_name":"stderr","time":204.613912217,"data":"/usr/local/lib/python3.12/dist-packages/torch/nn/utils/weight_norm.py:144: FutureWarning: `torch.nn.utils.weight_norm` is deprecated in favor of `torch.nn.utils.parametrizations.weight_norm`.\n"}
,{"stream_name":"stderr","time":204.613952605,"data":"  WeightNorm.apply(module, name, dim)\n"}
,{"stream_name":"stdout","time":205.857148076,"data":"测试目标数据集结果如下：\n"}
,{"stream_name":"stdout","time":205.857315107,"data":"任务: (B2)N15_M07_F10→(B3)N15_M07_F04, 正确率 = 85.86%\n"}
,{"stream_name":"stdout","time":205.857322231,"data":"类型1 正确率： 100.00% -\u003e 1  100.00%, 2    0.00%, 3    0.00%\n"}
,{"stream_name":"stdout","time":205.857326736,"data":"类型2 正确率：  97.00% -\u003e 1    0.00%, 2   96.93%, 3    3.07%\n"}
,{"stream_name":"stdout","time":205.85733049,"data":"类型3 正确率：  61.00% -\u003e 1    0.00%, 2   39.36%, 3   60.64%\n"}
,{"stream_name":"stdout","time":205.857334116,"data":"\n"}
,{"stream_name":"stdout","time":205.857648991,"data":"\n"}
,{"stream_name":"stdout","time":205.858114352,"data":"\n"}
,{"stream_name":"stdout","time":205.858125483,"data":"现在开始拿源域训练集：(B3)N15_M07_F04 进行训练\n"}
,{"stream_name":"stdout","time":205.858146892,"data":"源域读取路径：/kaggle/working/shot_k10/S03/sdalr_PU_shot/DATA_foldS03/PU_M1_L3/N15_M07_F04_label.txt\n"}
,{"stream_name":"stdout","time":205.858150678,"data":"excel输出位置：/kaggle/working/shot_k10/S03/weight_src_PU_M1_FS03_s2024/NEW_PU/Source-源域\n"}
,{"stream_name":"stdout","time":205.858154,"data":"log\u0026pt输出位置：/kaggle/working/shot_k10/S03/weight_src_PU_M1_FS03_s2024/NEW_PU/Source-源域/log\u0026pt/(B3)N15_M07_F04\n"}
,{"stream_name":"stdout","time":205.858157872,"data":"特征图片输出位置：/kaggle/working/shot_k10/S03/weight_src_PU_M1_FS03_s2024/NEW_PU/Picture-特征图/2026年09月21日23时31分/(B3)N15_M07_F04\n"}
,{"stream_name":"stderr","time":205.859895659,"data":"sh: 1: Syntax error: word unexpected (expecting \")\")\n"}
,{"stream_name":"stdout","time":205.860624615,"data":"源域训练开始\n"}
,{"stream_name":"stderr","time":207.748853273,"data":"/usr/local/lib/python3.12/dist-packages/torch/nn/utils/weight_norm.py:144: FutureWarning: `torch.nn.utils.weight_norm` is deprecated in favor of `torch.nn.utils.parametrizations.weight_norm`.\n"}
,{"stream_name":"stderr","time":207.748900268,"data":"  WeightNorm.apply(module, name, dim)\n"}
,{"stream_name":"stdout","time":216.872183232,"data":"轮次:··1/·10 || loss:0.015 || 耗时：9.06s\n"}
,{"stream_name":"stdout","time":226.049858028,"data":"轮次:··2/·10 || loss:0.004 || 耗时：9.11s\n"}
,{"stream_name":"stdout","time":235.185956898,"data":"轮次:··3/·10 || loss:0.057 || 耗时：9.07s\n"}
,{"stream_name":"stdout","time":244.158754768,"data":"轮次:··4/·10 || loss:0.003 || 耗时：8.91s\n"}
,{"stream_name":"stdout","time":253.047888164,"data":"轮次:··5/·10 || loss:0.003 || 耗时：8.82s\n"}
,{"stream_name":"stdout","time":253.641722406,"data":"任务: (B3)N15_M07_F04; mix批次:····0; 批次:··330/··660; 总正确率 = 100.00%\n"}
,{"stream_name":"stdout","time":253.641758805,"data":"类型1 正确率： 100.00% -\u003e 1  100.00%, 2    0.00%, 3    0.00%\n"}
,{"stream_name":"stdout","time":253.641765702,"data":"类型2 正确率： 100.00% -\u003e 1    0.00%, 2  100.00%, 3    0.00%\n"}
,{"stream_name":"stdout","time":253.641771229,"data":"类型3 正确率： 100.00% -\u003e 1    0.00%, 2    0.00%, 3  100.00%\n"}
,{"stream_name":"stdout","time":253.641776875,"data":"\n"}
,{"stream_name":"stdout","time":253.641781868,"data":"\n"}
,{"stream_name":"stdout","time":262.550821284,"data":"轮次:··6/·10 || loss:0.003 || 耗时：8.81s\n"}
,{"stream_name":"stdout","time":271.421930485,"data":"轮次:··7/·10 || loss:0.001 || 耗时：8.81s\n"}
,{"stream_name":"stdout","time":280.340181818,"data":"轮次:··8/·10 || loss:0.048 || 耗时：8.85s\n"}
,{"stream_name":"stdout","time":289.31009811,"data":"轮次:··9/·10 || loss:0.001 || 耗时：8.91s\n"}
,{"stream_name":"stdout","time":298.321159281,"data":"轮次:·10/·10 || loss:0.002 || 耗时：8.94s\n"}
,{"stream_name":"stdout","time":298.92268053,"data":"任务: (B3)N15_M07_F04; mix批次:····0; 批次:··660/··660; 总正确率 = 100.00%\n"}
,{"stream_name":"stdout","time":298.922714229,"data":"类型1 正确率： 100.00% -\u003e 1  100.00%, 2    0.00%, 3    0.00%\n"}
,{"stream_name":"stdout","time":298.922721414,"data":"类型2 正确率： 100.00% -\u003e 1    0.00%, 2  100.00%, 3    0.00%\n"}
,{"stream_name":"stdout","time":298.922727312,"data":"类型3 正确率： 100.00% -\u003e 1    0.00%, 2    0.00%, 3  100.00%\n"}
,{"stream_name":"stdout","time":298.922733059,"data":"\n"}
,{"stream_name":"stdout","time":298.922738201,"data":"\n"}
,{"stream_name":"stdout","time":300.194072552,"data":"测试集任务: (B3)N15_M07_F04; 总正确率 = 99.92%\n"}
,{"stream_name":"stdout","time":300.194119522,"data":"类型1 正确率： 100.00% -\u003e 1  100.00%, 2    0.00%, 3    0.00%\n"}
,{"stream_name":"stdout","time":300.194124059,"data":"类型2 正确率： 100.00% -\u003e 1    0.00%, 2  100.00%, 3    0.00%\n"}
,{"stream_name":"stdout","time":300.194127202,"data":"类型3 正确率： 100.00% -\u003e 1    0.00%, 2    0.23%, 3   99.77%\n"}
,{"stream_name":"stdout","time":300.194147214,"data":"\n"}
,{"stream_name":"stdout","time":300.194150255,"data":"\n"}
,{"stream_name":"stdout","time":300.202743979,"data":"源域训练结束\n"}
,{"stream_name":"stdout","time":300.20275727,"data":"\n"}
,{"stream_name":"stdout","time":300.202760984,"data":"训练好之后，测试目标域\n"}
,{"stream_name":"stdout","time":300.202853138,"data":"目标域路径：/kaggle/working/shot_k10/S03/sdalr_PU_shot/DATA_foldS03/PU_M1_L3/N15_M01_F10_label.txt\n"}
,{"stream_name":"stderr","time":300.588807812,"data":"/usr/local/lib/python3.12/dist-packages/torch/nn/utils/weight_norm.py:144: FutureWarning: `torch.nn.utils.weight_norm` is deprecated in favor of `torch.nn.utils.parametrizations.weight_norm`.\n"}
,{"stream_name":"stderr","time":300.588845664,"data":"  WeightNorm.apply(module, name, dim)\n"}
,{"stream_name":"stdout","time":301.827632304,"data":"测试目标数据集结果如下：\n"}
,{"stream_name":"stdout","time":301.827664296,"data":"任务: (B3)N15_M07_F04→(B1)N15_M01_F10, 正确率 = 90.33%\n"}
,{"stream_name":"stdout","time":301.827669647,"data":"类型1 正确率： 100.00% -\u003e 1  100.00%, 2    0.00%, 3    0.00%\n"}
,{"stream_name":"stdout","time":301.827674259,"data":"类型2 正确率：  99.00% -\u003e 1    0.00%, 2   98.94%, 3    1.06%\n"}
,{"stream_name":"stdout","time":301.827678307,"data":"类型3 正确率：  72.00% -\u003e 1    0.00%, 2   27.96%, 3   72.04%\n"}
,{"stream_name":"stdout","time":301.827682667,"data":"\n"}
,{"stream_name":"stdout","time":301.828119316,"data":"目标域路径：/kaggle/working/shot_k10/S03/sdalr_PU_shot/DATA_foldS03/PU_M1_L3/N15_M07_F10_label.txt\n"}
,{"stream_name":"stderr","time":302.210600256,"data":"/usr/local/lib/python3.12/dist-packages/torch/nn/utils/weight_norm.py:144: FutureWarning: `torch.nn.utils.weight_norm` is deprecated in favor of `torch.nn.utils.parametrizations.weight_norm`.\n"}
,{"stream_name":"stderr","time":302.21063998,"data":"  WeightNorm.apply(module, name, dim)\n"}
,{"stream_name":"stdout","time":303.439964917,"data":"测试目标数据集结果如下：\n"}
,{"stream_name":"stdout","time":303.440000099,"data":"任务: (B3)N15_M07_F04→(B2)N15_M07_F10, 正确率 = 95.00%\n"}
,{"stream_name":"stdout","time":303.440004176,"data":"类型1 正确率： 100.00% -\u003e 1  100.00%, 2    0.00%, 3    0.00%\n"}
,{"stream_name":"stdout","time":303.440037859,"data":"类型2 正确率： 100.00% -\u003e 1    0.00%, 2  100.00%, 3    0.00%\n"}
,{"stream_name":"stdout","time":303.440041344,"data":"类型3 正确率：  85.00% -\u003e 1    0.00%, 2   15.01%, 3   84.99%\n"}
,{"stream_name":"stdout","time":303.440047282,"data":"\n"}
,{"stream_name":"stdout","time":303.448663959,"data":"[src_pretrain_RES_PU.py --folder_root /kaggle/working/shot_k10/S03/sdalr_PU_shot/DATA_foldS03 --seed 2024 --class_num 3 --data_name PU_M1_L3 --output /kaggle/working/shot_k10/S03/weight_src_PU_M1_FS03_s2024] 284s\n"}
,{"stream_name":"stdout","time":303.491525965,"data":"读取源域路径：/kaggle/working/shot_k10/S03/weight_PU_M1_shot_FS03toS03_s2024/NEW_PU/Source-源域/log\u0026pt/(B1)N15_M01_F10\n"}
,{"stream_name":"stdout","time":303.491573539,"data":"excel输出位置：/kaggle/working/shot_k10/S03/weight_PU_M1_shot_FS03toS03_s2024/NEW_PU/Target-目标域\n"}
,{"stream_name":"stdout","time":303.491596236,"data":"特征图片输出位置：/kaggle/working/shot_k10/S03/weight_PU_M1_shot_FS03toS03_s2024/NEW_PU/Picture-特征图/2026年09月21日23时36分/(B1)N15_M01_F10\n"}
,{"stream_name":"stderr","time":303.52664649,"data":"/usr/local/lib/python3.12/dist-packages/torch/nn/utils/weight_norm.py:144: FutureWarning: `torch.nn.utils.weight_norm` is deprecated in favor of `torch.nn.utils.parametrizations.weight_norm`.\n"}
,{"stream_name":"stderr","time":303.526675045,"data":"  WeightNorm.apply(module, name, dim)\n"}
,{"stream_name":"stdout","time":303.563723707,"data":"现在选取:(B1)N15_M01_F10 进行训练的源模型\n"}
,{"stream_name":"stdout","time":303.563755037,"data":"现在进行：(B1)N15_M01_F10→(B2)N15_M07_F10 的迁移任务\n"}
,{"stream_name":"stdout","time":303.563760215,"data":"log\u0026pt输出位置：/kaggle/working/shot_k10/S03/weight_PU_M1_shot_FS03toS03_s2024/NEW_PU/Target-目标域/log\u0026pt/(B1)N15_M01_F10→(B2)N15_M07_F10\n"}
,{"stream_name":"stderr","time":303.565155137,"data":"sh: 1: Syntax error: word unexpected (expecting \")\")\n"}
,{"stream_name":"stdout","time":314.642485643,"data":"任务: (B1)N15_M01_F10→(B2)N15_M07_F10; 批次:····0/·1880;  总正确率: 99.87%\n"}
,{"stream_name":"stdout","time":314.642530005,"data":"类型1 正确率： 100.00% -\u003e 1  100.00%, 2    0.00%, 3    0.00%\n"}
,{"stream_name":"stdout","time":314.642535833,"data":"类型2 正确率： 100.00% -\u003e 1    0.00%, 2  100.00%, 3    0.00%\n"}
,{"stream_name":"stdout","time":314.64253913699997,"data":"类型3 正确率： 100.00% -\u003e 1    0.00%, 2    0.40%, 3   99.60%\n"}
,{"stream_name":"stdout","time":314.642542449,"data":"\n"}
,{"stream_name":"stdout","time":314.642545363,"data":"\n"}
,{"stream_name":"stdout","time":317.926617045,"data":"SHOT pseudo-labels: model 99.87% -\u003e centroid 99.88%\n"}
,{"stream_name":"stderr","time":330.862678803,"data":"/kaggle/working/shot_k10/S03/sdalr_PU_shot/tar_adaptation_RES_PU.py:114: UserWarning: Converting a tensor with requires_grad=True to a scalar may lead to unexpected behavior.\n"}
,{"stream_name":"stderr","time":330.862746772,"data":"Consider using tensor.detach() first. (Triggered internally at /pytorch/torch/csrc/autograd/generated/python_variable_methods.cpp:836.)\n"}
,{"stream_name":"stderr","time":330.862756557,"data":"  iter_num // epoch_len, args.max_epoch, float(classifier_loss), float(im_loss), time.time() - start))\n"}
,{"stream_name":"stdout","time":330.862728083,"data":"轮次:··1/·20 || cls:1.183 || im:-0.909 || 耗时：22.16s\n"}
,{"stream_name":"stdout","time":334.241644458,"data":"SHOT pseudo-labels: model 91.18% -\u003e centroid 96.20%\n"}
,{"stream_name":"stdout","time":347.236887777,"data":"轮次:··2/·20 || cls:1.191 || im:-0.691 || 耗时：16.37s\n"}
,{"stream_name":"stdout","time":350.544677838,"data":"SHOT pseudo-labels: model 73.67% -\u003e centroid 85.12%\n"}
,{"stream_name":"stdout","time":363.25761608,"data":"轮次:··3/·20 || cls:0.968 || im:-0.750 || 耗时：16.02s\n"}
,{"stream_name":"stdout","time":366.547594969,"data":"SHOT pseudo-labels: model 64.63% -\u003e centroid 61.47%\n"}
,{"stream_name":"stdout","time":379.233625412,"data":"轮次:··4/·20 || cls:0.835 || im:-0.682 || 耗时：15.98s\n"}
,{"stream_name":"stdout","time":382.516637986,"data":"SHOT pseudo-labels: model 60.55% -\u003e centroid 53.80%\n"}
,{"stream_name":"stdout","time":395.279735954,"data":"轮次:··5/·20 || cls:0.742 || im:-0.728 || 耗时：16.05s\n"}
,{"stream_name":"stdout","time":398.57365016,"data":"SHOT pseudo-labels: model 59.22% -\u003e centroid 44.65%\n"}
,{"stream_name":"stdout","time":411.38144868,"data":"轮次:··6/·20 || cls:0.531 || im:-0.599 || 耗时：16.10s\n"}
,{"stream_name":"stdout","time":414.684651805,"data":"SHOT pseudo-labels: model 59.62% -\u003e centroid 48.00%\n"}
,{"stream_name":"stdout","time":427.503062116,"data":"轮次:··7/·20 || cls:0.792 || im:-0.645 || 耗时：16.12s\n"}
,{"stream_name":"stdout","time":430.80459193,"data":"SHOT pseudo-labels: model 58.50% -\u003e centroid 52.05%\n"}
,{"stream_name":"stdout","time":443.641184448,"data":"轮次:··8/·20 || cls:0.720 || im:-0.666 || 耗时：16.14s\n"}
,{"stream_name":"stdout","time":446.928646893,"data":"SHOT pseudo-labels: model 56.75% -\u003e centroid 55.50%\n"}
,{"stream_name":"stdout","time":459.745113538,"data":"轮次:··9/·20 || cls:0.778 || im:-0.660 || 耗时：16.10s\n"}
,{"stream_name":"stdout","time":463.050712443,"data":"SHOT pseudo-labels: model 56.15% -\u003e centroid 56.22%\n"}
,{"stream_name":"stdout","time":475.82655595,"data":"轮次:·10/·20 || cls:0.609 || im:-0.595 || 耗时：16.08s\n"}
,{"stream_name":"stdout","time":479.108615314,"data":"SHOT pseudo-labels: model 55.28% -\u003e centroid 52.38%\n"}
,{"stream_name":"stdout","time":491.852064884,"data":"轮次:·11/·20 || cls:0.713 || im:-0.735 || 耗时：16.03s\n"}
,{"stream_name":"stdout","time":495.135681995,"data":"SHOT pseudo-labels: model 55.42% -\u003e centroid 49.38%\n"}
,{"stream_name":"stdout","time":507.866680214,"data":"轮次:·12/·20 || cls:0.795 || im:-0.730 || 耗时：16.01s\n"}
,{"stream_name":"stdout","time":511.155733228,"data":"SHOT pseudo-labels: model 55.47% -\u003e centroid 48.13%\n"}
,{"stream_name":"stdout","time":523.899729467,"data":"轮次:·13/·20 || cls:0.761 || im:-0.647 || 耗时：16.03s\n"}
,{"stream_name":"stdout","time":527.178646667,"data":"SHOT pseudo-labels: model 55.48% -\u003e centroid 51.15%\n"}
,{"stream_name":"stdout","time":539.927751192,"data":"轮次:·14/·20 || cls:0.813 || im:-0.611 || 耗时：16.03s\n"}
,{"stream_name":"stdout","time":543.220881696,"data":"SHOT pseudo-labels: model 55.07% -\u003e centroid 48.45%\n"}
,{"stream_name":"stdout","time":555.953501676,"data":"轮次:·15/·20 || cls:0.819 || im:-0.722 || 耗时：16.03s\n"}
,{"stream_name":"stdout","time":559.210669651,"data":"SHOT pseudo-labels: model 54.58% -\u003e centroid 51.12%\n"}
,{"stream_name":"stdout","time":571.961615186,"data":"轮次:·16/·20 || cls:0.852 || im:-0.730 || 耗时：16.01s\n"}
,{"stream_name":"stdout","time":575.245950236,"data":"SHOT pseudo-labels: model 54.32% -\u003e centroid 51.47%\n"}
,{"stream_name":"stdout","time":587.994885669,"data":"轮次:·17/·20 || cls:0.858 || im:-0.685 || 耗时：16.03s\n"}
,{"stream_name":"stdout","time":591.286319756,"data":"SHOT pseudo-labels: model 54.57% -\u003e centroid 50.72%\n"}
,{"stream_name":"stdout","time":604.051388782,"data":"轮次:·18/·20 || cls:0.704 || im:-0.663 || 耗时：16.06s\n"}
,{"stream_name":"stdout","time":607.334595248,"data":"SHOT pseudo-labels: model 54.75% -\u003e centroid 51.45%\n"}
,{"stream_name":"stdout","time":620.126673291,"data":"轮次:·19/·20 || cls:0.657 || im:-0.635 || 耗时：16.08s\n"}
,{"stream_name":"stdout","time":623.430989321,"data":"SHOT pseudo-labels: model 54.90% -\u003e centroid 51.30%\n"}
,{"stream_name":"stdout","time":636.21975044,"data":"轮次:·20/·20 || cls:0.615 || im:-0.793 || 耗时：16.09s\n"}
,{"stream_name":"stdout","time":642.199327525,"data":"测试集任务: (B1)N15_M01_F10→(B2)N15_M07_F10; 总正确率 = 54.57%\n"}
,{"stream_name":"stdout","time":642.199379976,"data":"类型1 正确率：  67.00% -\u003e 1   66.60%, 2   32.95%, 3    0.45%\n"}
,{"stream_name":"stdout","time":642.19938555,"data":"类型2 正确率：  33.00% -\u003e 1   32.70%, 2   32.80%, 3   34.50%\n"}
,{"stream_name":"stdout","time":642.199416743,"data":"类型3 正确率：  64.00% -\u003e 1    0.20%, 2   35.50%, 3   64.30%\n"}
,{"stream_name":"stdout","time":642.199421931,"data":"\n"}
,{"stream_name":"stdout","time":642.199426052,"data":"\n"}
,{"stream_name":"stdout","time":642.214972438,"data":"[tar_adaptation_RES_PU.py --folder_root /kaggle/working/shot_k10/S03/sdalr_PU_shot/DATA_foldS03 --seed 2024 --class_num 3 --data_name PU_M1_L3 --output /kaggle/working/shot_k10/S03/weight_PU_M1_shot_FS03toS03_s2024 --s 0 --t 1 --lr 0.0005 --threshold 0.4 --K 0.6] 339s\n"}
,{"stream_name":"stdout","time":642.246290538,"data":"读取源域路径：/kaggle/working/shot_k10/S03/weight_PU_M1_shot_FS03toS03_s2024/NEW_PU/Source-源域/log\u0026pt/(B1)N15_M01_F10\n"}
,{"stream_name":"stdout","time":642.246312915,"data":"excel输出位置：/kaggle/working/shot_k10/S03/weight_PU_M1_shot_FS03toS03_s2024/NEW_PU/Target-目标域\n"}
,{"stream_name":"stdout","time":642.246333626,"data":"特征图片输出位置：/kaggle/working/shot_k10/S03/weight_PU_M1_shot_FS03toS03_s2024/NEW_PU/Picture-特征图/2026年09月21日23时41分/(B1)N15_M01_F10\n"}
,{"stream_name":"stderr","time":642.279684878,"data":"/usr/local/lib/python3.12/dist-packages/torch/nn/utils/weight_norm.py:144: FutureWarning: `torch.nn.utils.weight_norm` is deprecated in favor of `torch.nn.utils.parametrizations.weight_norm`.\n"}
,{"stream_name":"stderr","time":642.279711962,"data":"  WeightNorm.apply(module, name, dim)\n"}
,{"stream_name":"stdout","time":642.316627821,"data":"现在选取:(B1)N15_M01_F10 进行训练的源模型\n"}
,{"stream_name":"stdout","time":642.316656349,"data":"现在进行：(B1)N15_M01_F10→(B3)N15_M07_F04 的迁移任务\n"}
,{"stream_name":"stdout","time":642.316661297,"data":"log\u0026pt输出位置：/kaggle/working/shot_k10/S03/weight_PU_M1_shot_FS03toS03_s2024/NEW_PU/Target-目标域/log\u0026pt/(B1)N15_M01_F10→(B3)N15_M07_F04\n"}
,{"stream_name":"stderr","time":642.318076093,"data":"sh: 1: Syntax error: word unexpected (expecting \")\")\n"}
,{"stream_name":"stdout","time":653.378713635,"data":"任务: (B1)N15_M01_F10→(B3)N15_M07_F04; 批次:····0/·1880;  总正确率: 75.20%\n"}
,{"stream_name":"stdout","time":653.378754821,"data":"类型1 正确率： 100.00% -\u003e 1  100.00%, 2    0.00%, 3    0.00%\n"}
,{"stream_name":"stdout","time":653.378766492,"data":"类型2 正确率：  98.00% -\u003e 1    0.00%, 2   98.25%, 3    1.75%\n"}
,{"stream_name":"stdout","time":653.378770337,"data":"类型3 正确率：  27.00% -\u003e 1    0.00%, 2   72.65%, 3   27.35%\n"}
,{"stream_name":"stdout","time":653.378773447,"data":"\n"}
,{"stream_name":"stdout","time":653.378776397,"data":"\n"}
,{"stream_name":"stdout","time":656.65568285,"data":"SHOT pseudo-labels: model 75.20% -\u003e centroid 77.30%\n"}
,{"stream_name":"stdout","time":669.625360046,"data":"轮次:··1/·20 || cls:1.168 || im:-0.821 || 耗时：22.15s\n"}
,{"stream_name":"stdout","time":673.034637846,"data":"SHOT pseudo-labels: model 76.18% -\u003e centroid 70.67%\n"}
,{"stream_name":"stdout","time":686.169089651,"data":"轮次:··2/·20 || cls:1.265 || im:-0.777 || 耗时：16.54s\n"}
,{"stream_name":"stdout","time":689.452626969,"data":"SHOT pseudo-labels: model 62.57% -\u003e centroid 65.78%\n"}
,{"stream_name":"stdout","time":702.110198952,"data":"轮次:··3/·20 || cls:1.121 || im:-0.711 || 耗时：15.94s\n"}
,{"stream_name":"stdout","time":705.367599602,"data":"SHOT pseudo-labels: model 60.22% -\u003e centroid 65.73%\n"}
,{"stream_name":"stdout","time":717.969416314,"data":"轮次:··4/·20 || cls:0.804 || im:-0.676 || 耗时：15.86s\n"}
,{"stream_name":"stdout","time":721.271710621,"data":"SHOT pseudo-labels: model 59.40% -\u003e centroid 64.87%\n"}
,{"stream_name":"stdout","time":734.028512719,"data":"轮次:··5/·20 || cls:0.837 || im:-0.762 || 耗时：16.06s\n"}
,{"stream_name":"stdout","time":737.332643518,"data":"SHOT pseudo-labels: model 61.13% -\u003e centroid 63.30%\n"}
,{"stream_name":"stdout","time":750.201475261,"data":"轮次:··6/·20 || cls:0.606 || im:-0.655 || 耗时：16.17s\n"}
,{"stream_name":"stdout","time":753.513712714,"data":"SHOT pseudo-labels: model 59.38% -\u003e centroid 61.55%\n"}
,{"stream_name":"stdout","time":766.319771717,"data":"轮次:··7/·20 || cls:0.937 || im:-0.677 || 耗时：16.12s\n"}
,{"stream_name":"stdout","time":769.588623489,"data":"SHOT pseudo-labels: model 60.85% -\u003e centroid 60.72%\n"}
,{"stream_name":"stdout","time":782.328319225,"data":"轮次:··8/·20 || cls:0.783 || im:-0.622 || 耗时：16.01s\n"}
,{"stream_name":"stdout","time":785.593647673,"data":"SHOT pseudo-labels: model 60.85% -\u003e centroid 60.23%\n"}
,{"stream_name":"stdout","time":798.308844886,"data":"轮次:··9/·20 || cls:0.730 || im:-0.623 || 耗时：15.98s\n"}
,{"stream_name":"stdout","time":801.603679664,"data":"SHOT pseudo-labels: model 61.35% -\u003e centroid 59.63%\n"}
,{"stream_name":"stdout","time":814.366789553,"data":"轮次:·10/·20 || cls:0.608 || im:-0.612 || 耗时：16.06s\n"}
,{"stream_name":"stdout","time":817.644624645,"data":"SHOT pseudo-labels: model 62.42% -\u003e centroid 59.47%\n"}
,{"stream_name":"stdout","time":830.454954985,"data":"轮次:·11/·20 || cls:0.622 || im:-0.688 || 耗时：16.09s\n"}
,{"stream_name":"stdout","time":833.7866162,"data":"SHOT pseudo-labels: model 62.92% -\u003e centroid 59.37%\n"}
,{"stream_name":"stdout","time":846.616624361,"data":"轮次:·12/·20 || cls:0.759 || im:-0.646 || 耗时：16.16s\n"}
,{"stream_name":"stdout","time":849.90362231,"data":"SHOT pseudo-labels: model 64.80% -\u003e centroid 60.00%\n"}
,{"stream_name":"stdout","time":862.681919117,"data":"轮次:·13/·20 || cls:0.607 || im:-0.683 || 耗时：16.07s\n"}
,{"stream_name":"stdout","time":865.964768586,"data":"SHOT pseudo-labels: model 70.28% -\u003e centroid 59.47%\n"}
,{"stream_name":"stdout","time":878.716695585,"data":"轮次:·14/·20 || cls:0.800 || im:-0.675 || 耗时：16.03s\n"}
,{"stream_name":"stdout","time":881.995735213,"data":"SHOT pseudo-labels: model 70.58% -\u003e centroid 58.83%\n"}
,{"stream_name":"stdout","time":894.703640814,"data":"轮次:·15/·20 || cls:0.752 || im:-0.755 || 耗时：15.99s\n"}
,{"stream_name":"stdout","time":897.977827638,"data":"SHOT pseudo-labels: model 70.60% -\u003e centroid 58.80%\n"}
,{"stream_name":"stdout","time":910.712485942,"data":"轮次:·16/·20 || cls:0.856 || im:-0.784 || 耗时：16.01s\n"}
,{"stream_name":"stdout","time":913.999083572,"data":"SHOT pseudo-labels: model 70.08% -\u003e centroid 58.35%\n"}
,{"stream_name":"stdout","time":926.765672166,"data":"轮次:·17/·20 || cls:0.916 || im:-0.767 || 耗时：16.05s\n"}
,{"stream_name":"stdout","time":930.044658347,"data":"SHOT pseudo-labels: model 70.17% -\u003e centroid 58.03%\n"}
,{"stream_name":"stdout","time":942.829906289,"data":"轮次:·18/·20 || cls:0.766 || im:-0.764 || 耗时：16.06s\n"}
,{"stream_name":"stdout","time":946.117700693,"data":"SHOT pseudo-labels: model 70.22% -\u003e centroid 58.93%\n"}
,{"stream_name":"stdout","time":958.889518394,"data":"轮次:·19/·20 || cls:0.837 || im:-0.725 || 耗时：16.06s\n"}
,{"stream_name":"stdout","time":962.192648561,"data":"SHOT pseudo-labels: model 70.17% -\u003e centroid 58.07%\n"}
,{"stream_name":"stdout","time":974.965675808,"data":"轮次:·20/·20 || cls:0.616 || im:-0.707 || 耗时：16.08s\n"}
,{"stream_name":"stdout","time":980.937751617,"data":"测试集任务: (B1)N15_M01_F10→(B3)N15_M07_F04; 总正确率 = 69.83%\n"}
,{"stream_name":"stdout","time":980.937816362,"data":"类型1 正确率： 100.00% -\u003e 1   99.95%, 2    0.00%, 3    0.05%\n"}
,{"stream_name":"stdout","time":980.937821883,"data":"类型2 正确率：  56.00% -\u003e 1    0.00%, 2   55.75%, 3   44.25%\n"}
,{"stream_name":"stdout","time":980.937824792,"data":"类型3 正确率：  54.00% -\u003e 1    0.00%, 2   46.20%, 3   53.80%\n"}
,{"stream_name":"stdout","time":980.937827829,"data":"\n"}
,{"stream_name":"stdout","time":980.937830334,"data":"\n"}
,{"stream_name":"stdout","time":980.956814335,"data":"[tar_adaptation_RES_PU.py --folder_root /kaggle/working/shot_k10/S03/sdalr_PU_shot/DATA_foldS03 --seed 2024 --class_num 3 --data_name PU_M1_L3 --output /kaggle/working/shot_k10/S03/weight_PU_M1_shot_FS03toS03_s2024 --s 0 --t 2 --lr 0.0005 --threshold 0.4 --K 0.6] 339s\n"}
,{"stream_name":"stdout","time":980.985217304,"data":"读取源域路径：/kaggle/working/shot_k10/S03/weight_PU_M1_shot_FS03toS03_s2024/NEW_PU/Source-源域/log\u0026pt/(B2)N15_M07_F10\n"}
,{"stream_name":"stdout","time":980.985256096,"data":"excel输出位置：/kaggle/working/shot_k10/S03/weight_PU_M1_shot_FS03toS03_s2024/NEW_PU/Target-目标域\n"}
,{"stream_name":"stdout","time":980.985296331,"data":"特征图片输出位置：/kaggle/working/shot_k10/S03/weight_PU_M1_shot_FS03toS03_s2024/NEW_PU/Picture-特征图/2026年09月21日23时47分/(B2)N15_M07_F10\n"}
,{"stream_name":"stderr","time":981.019937855,"data":"/usr/local/lib/python3.12/dist-packages/torch/nn/utils/weight_norm.py:144: FutureWarning: `torch.nn.utils.weight_norm` is deprecated in favor of `torch.nn.utils.parametrizations.weight_norm`.\n"}
,{"stream_name":"stderr","time":981.019975512,"data":"  WeightNorm.apply(module, name, dim)\n"}
,{"stream_name":"stdout","time":981.057968888,"data":"现在选取:(B2)N15_M07_F10 进行训练的源模型\n"}
,{"stream_name":"stdout","time":981.058010648,"data":"现在进行：(B2)N15_M07_F10→(B1)N15_M01_F10 的迁移任务\n"}
,{"stream_name":"stdout","time":981.058015965,"data":"log\u0026pt输出位置：/kaggle/working/shot_k10/S03/weight_PU_M1_shot_FS03toS03_s2024/NEW_PU/Target-目标域/log\u0026pt/(B2)N15_M07_F10→(B1)N15_M01_F10\n"}
,{"stream_name":"stderr","time":981.059320814,"data":"sh: 1: Syntax error: word unexpected (expecting \")\")\n"}
,{"stream_name":"stdout","time":992.171529978,"data":"任务: (B2)N15_M07_F10→(B1)N15_M01_F10; 批次:····0/·1880;  总正确率: 99.40%\n"}
,{"stream_name":"stdout","time":992.171582871,"data":"类型1 正确率： 100.00% -\u003e 1  100.00%, 2    0.00%, 3    0.00%\n"}
,{"stream_name":"stdout","time":992.171592741,"data":"类型2 正确率：  98.00% -\u003e 1    0.00%, 2   98.30%, 3    1.70%\n"}
,{"stream_name":"stdout","time":992.171598269,"data":"类型3 正确率： 100.00% -\u003e 1    0.00%, 2    0.10%, 3   99.90%\n"}
,{"stream_name":"stdout","time":992.171604413,"data":"\n"}
,{"stream_name":"stdout","time":992.171609911,"data":"\n"}
,{"stream_name":"stdout","time":995.432679318,"data":"SHOT pseudo-labels: model 99.40% -\u003e centroid 99.48%\n"}
,{"stream_name":"stdout","time":1008.35119726,"data":"轮次:··1/·20 || cls:1.346 || im:-0.899 || 耗时：22.10s\n"}
,{"stream_name":"stdout","time":1011.721712355,"data":"SHOT pseudo-labels: model 94.58% -\u003e centroid 98.03%\n"}
,{"stream_name":"stdout","time":1024.817767781,"data":"轮次:··2/·20 || cls:1.589 || im:-0.806 || 耗时：16.47s\n"}
,{"stream_name":"stdout","time":1028.109675943,"data":"SHOT pseudo-labels: model 88.32% -\u003e centroid 98.88%\n"}
,{"stream_name":"stdout","time":1040.78543614,"data":"轮次:··3/·20 || cls:1.038 || im:-0.670 || 耗时：15.97s\n"}
,{"stream_name":"stdout","time":1044.044645936,"data":"SHOT pseudo-labels: model 78.80% -\u003e centroid 66.87%\n"}
,{"stream_name":"stdout","time":1056.69199602,"data":"轮次:··4/·20 || cls:0.841 || im:-0.756 || 耗时：15.91s\n"}
,{"stream_name":"stdout","time":1059.965699484,"data":"SHOT pseudo-labels: model 79.13% -\u003e centroid 65.15%\n"}
,{"stream_name":"stdout","time":1072.710436527,"data":"轮次:··5/·20 || cls:0.712 || im:-0.685 || 耗时：16.02s\n"}
,{"stream_name":"stdout","time":1076.0047232,"data":"SHOT pseudo-labels: model 82.42% -\u003e centroid 65.07%\n"}
,{"stream_name":"stdout","time":1088.875461659,"data":"轮次:··6/·20 || cls:0.619 || im:-0.614 || 耗时：16.17s\n"}
,{"stream_name":"stdout","time":1092.191900632,"data":"SHOT pseudo-labels: model 84.60% -\u003e centroid 59.38%\n"}
,{"stream_name":"stdout","time":1104.988589966,"data":"轮次:··7/·20 || cls:0.612 || im:-0.644 || 耗时：16.11s\n"}
,{"stream_name":"stdout","time":1108.266669395,"data":"SHOT pseudo-labels: model 88.22% -\u003e centroid 85.37%\n"}
,{"stream_name":"stdout","time":1121.006980884,"data":"轮次:··8/·20 || cls:0.762 || im:-0.678 || 耗时：16.02s\n"}
,{"stream_name":"stdout","time":1124.304655089,"data":"SHOT pseudo-labels: model 92.80% -\u003e centroid 84.82%\n"}
,{"stream_name":"stdout","time":1137.012431824,"data":"轮次:··9/·20 || cls:0.685 || im:-0.824 || 耗时：16.01s\n"}
,{"stream_name":"stdout","time":1140.306674976,"data":"SHOT pseudo-labels: model 94.38% -\u003e centroid 84.33%\n"}
,{"stream_name":"stdout","time":1153.035618332,"data":"轮次:·10/·20 || cls:0.608 || im:-0.661 || 耗时：16.02s\n"}
,{"stream_name":"stdout","time":1156.31225969,"data":"SHOT pseudo-labels: model 95.52% -\u003e centroid 84.17%\n"}
,{"stream_name":"stdout","time":1169.060457756,"data":"轮次:·11/·20 || cls:0.760 || im:-0.681 || 耗时：16.02s\n"}
,{"stream_name":"stdout","time":1172.333623765,"data":"SHOT pseudo-labels: model 96.33% -\u003e centroid 83.53%\n"}
,{"stream_name":"stdout","time":1185.09883325,"data":"轮次:·12/·20 || cls:0.778 || im:-0.769 || 耗时：16.04s\n"}
,{"stream_name":"stdout","time":1188.377634804,"data":"SHOT pseudo-labels: model 96.95% -\u003e centroid 83.15%\n"}
,{"stream_name":"stdout","time":1201.161330181,"data":"轮次:·13/·20 || cls:0.623 || im:-0.749 || 耗时：16.06s\n"}
,{"stream_name":"stdout","time":1204.462632149,"data":"SHOT pseudo-labels: model 98.02% -\u003e centroid 83.88%\n"}
,{"stream_name":"stdout","time":1217.242506512,"data":"轮次:·14/·20 || cls:0.744 || im:-0.673 || 耗时：16.08s\n"}
,{"stream_name":"stdout","time":1220.521650225,"data":"SHOT pseudo-labels: model 98.32% -\u003e centroid 84.47%\n"}
,{"stream_name":"stdout","time":1233.269826328,"data":"轮次:·15/·20 || cls:0.710 || im:-0.764 || 耗时：16.03s\n"}
,{"stream_name":"stdout","time":1236.556658275,"data":"SHOT pseudo-labels: model 98.58% -\u003e centroid 83.67%\n"}
,{"stream_name":"stdout","time":1249.311705444,"data":"轮次:·16/·20 || cls:0.673 || im:-0.756 || 耗时：16.04s\n"}
,{"stream_name":"stdout","time":1252.596612513,"data":"SHOT pseudo-labels: model 98.93% -\u003e centroid 83.95%\n"}
,{"stream_name":"stdout","time":1265.350932205,"data":"轮次:·17/·20 || cls:0.746 || im:-0.714 || 耗时：16.04s\n"}
,{"stream_name":"stdout","time":1268.622637997,"data":"SHOT pseudo-labels: model 98.92% -\u003e centroid 83.52%\n"}
,{"stream_name":"stdout","time":1281.387419708,"data":"轮次:·18/·20 || cls:0.887 || im:-0.749 || 耗时：16.04s\n"}
,{"stream_name":"stdout","time":1284.679653281,"data":"SHOT pseudo-labels: model 99.08% -\u003e centroid 83.27%\n"}
,{"stream_name":"stdout","time":1297.459660341,"data":"轮次:·19/·20 || cls:0.874 || im:-0.768 || 耗时：16.07s\n"}
,{"stream_name":"stdout","time":1300.744659359,"data":"SHOT pseudo-labels: model 99.08% -\u003e centroid 84.17%\n"}
,{"stream_name":"stdout","time":1313.532088266,"data":"轮次:·20/·20 || cls:0.613 || im:-0.796 || 耗时：16.07s\n"}
,{"stream_name":"stdout","time":1319.50030527,"data":"测试集任务: (B2)N15_M07_F10→(B1)N15_M01_F10; 总正确率 = 99.25%\n"}
,{"stream_name":"stdout","time":1319.500352322,"data":"类型1 正确率： 100.00% -\u003e 1  100.00%, 2    0.00%, 3    0.00%\n"}
,{"stream_name":"stdout","time":1319.50035771,"data":"类型2 正确率：  99.00% -\u003e 1    0.00%, 2   99.30%, 3    0.70%\n"}
,{"stream_name":"stdout","time":1319.500361095,"data":"类型3 正确率：  98.00% -\u003e 1    0.00%, 2    1.55%, 3   98.45%\n"}
,{"stream_name":"stdout","time":1319.500364178,"data":"\n"}
,{"stream_name":"stdout","time":1319.500367045,"data":"\n"}
,{"stream_name":"stdout","time":1319.520936389,"data":"[tar_adaptation_RES_PU.py --folder_root /kaggle/working/shot_k10/S03/sdalr_PU_shot/DATA_foldS03 --seed 2024 --class_num 3 --data_name PU_M1_L3 --output /kaggle/working/shot_k10/S03/weight_PU_M1_shot_FS03toS03_s2024 --s 1 --t 0 --lr 0.0005 --threshold 0.4 --K 0.6] 339s\n"}
,{"stream_name":"stdout","time":1319.561813374,"data":"读取源域路径：/kaggle/working/shot_k10/S03/weight_PU_M1_shot_FS03toS03_s2024/NEW_PU/Source-源域/log\u0026pt/(B2)N15_M07_F10\n"}
,{"stream_name":"stdout","time":1319.561839446,"data":"excel输出位置：/kaggle/working/shot_k10/S03/weight_PU_M1_shot_FS03toS03_s2024/NEW_PU/Target-目标域\n"}
,{"stream_name":"stdout","time":1319.561953105,"data":"特征图片输出位置：/kaggle/working/shot_k10/S03/weight_PU_M1_shot_FS03toS03_s2024/NEW_PU/Picture-特征图/2026年09月21日23时53分/(B2)N15_M07_F10\n"}
,{"stream_name":"stderr","time":1319.595960458,"data":"/usr/local/lib/python3.12/dist-packages/torch/nn/utils/weight_norm.py:144: FutureWarning: `torch.nn.utils.weight_norm` is deprecated in favor of `torch.nn.utils.parametrizations.weight_norm`.\n"}
,{"stream_name":"stderr","time":1319.596004028,"data":"  WeightNorm.apply(module, name, dim)\n"}
,{"stream_name":"stdout","time":1319.633662564,"data":"现在选取:(B2)N15_M07_F10 进行训练的源模型\n"}
,{"stream_name":"stdout","time":1319.633785151,"data":"现在进行：(B2)N15_M07_F10→(B3)N15_M07_F04 的迁移任务\n"}
,{"stream_name":"stdout","time":1319.633840454,"data":"log\u0026pt输出位置：/kaggle/working/shot_k10/S03/weight_PU_M1_shot_FS03toS03_s2024/NEW_PU/Target-目标域/log\u0026pt/(B2)N15_M07_F10→(B3)N15_M07_F04\n"}
,{"stream_name":"stderr","time":1319.635281464,"data":"sh: 1: Syntax error: word unexpected (expecting \")\")\n"}
,{"stream_name":"stdout","time":1330.771251107,"data":"任务: (B2)N15_M07_F10→(B3)N15_M07_F04; 批次:····0/·1880;  总正确率: 87.03%\n"}
,{"stream_name":"stdout","time":1330.771298769,"data":"类型1 正确率： 100.00% -\u003e 1  100.00%, 2    0.00%, 3    0.00%\n"}
,{"stream_name":"stdout","time":1330.771303975,"data":"类型2 正确率：  97.00% -\u003e 1    0.00%, 2   97.10%, 3    2.90%\n"}
,{"stream_name":"stdout","time":1330.771307617,"data":"类型3 正确率：  64.00% -\u003e 1    0.00%, 2   36.00%, 3   64.00%\n"}
,{"stream_name":"stdout","time":1330.771310972,"data":"\n"}
,{"stream_name":"stdout","time":1330.771314305,"data":"\n"}
,{"stream_name":"stdout","time":1334.075843491,"data":"SHOT pseudo-labels: model 87.03% -\u003e centroid 88.30%\n"}
,{"stream_name":"stdout","time":1347.104107566,"data":"轮次:··1/·20 || cls:1.269 || im:-0.859 || 耗时：22.26s\n"}
,{"stream_name":"stdout","time":1350.513648523,"data":"SHOT pseudo-labels: model 84.92% -\u003e centroid 86.07%\n"}
,{"stream_name":"stdout","time":1363.602918169,"data":"轮次:··2/·20 || cls:1.449 || im:-0.813 || 耗时：16.50s\n"}
,{"stream_name":"stdout","time":1366.915006788,"data":"SHOT pseudo-labels: model 76.38% -\u003e centroid 67.72%\n"}
,{"stream_name":"stdout","time":1379.597935623,"data":"轮次:··3/·20 || cls:1.091 || im:-0.654 || 耗时：15.99s\n"}
,{"stream_name":"stdout","time":1382.900634198,"data":"SHOT pseudo-labels: model 74.80% -\u003e centroid 70.23%\n"}
,{"stream_name":"stdout","time":1395.563686937,"data":"轮次:··4/·20 || cls:0.768 || im:-0.658 || 耗时：15.97s\n"}
,{"stream_name":"stdout","time":1398.840655864,"data":"SHOT pseudo-labels: model 74.50% -\u003e centroid 65.42%\n"}
,{"stream_name":"stdout","time":1411.601164987,"data":"轮次:··5/·20 || cls:0.788 || im:-0.782 || 耗时：16.04s\n"}
,{"stream_name":"stdout","time":1414.898665296,"data":"SHOT pseudo-labels: model 75.88% -\u003e centroid 62.68%\n"}
,{"stream_name":"stdout","time":1427.765087212,"data":"轮次:··6/·20 || cls:0.615 || im:-0.740 || 耗时：16.16s\n"}
,{"stream_name":"stdout","time":1431.077661384,"data":"SHOT pseudo-labels: model 73.12% -\u003e centroid 60.95%\n"}
,{"stream_name":"stdout","time":1443.88238744,"data":"轮次:··7/·20 || cls:0.878 || im:-0.767 || 耗时：16.12s\n"}
,{"stream_name":"stdout","time":1447.180694302,"data":"SHOT pseudo-labels: model 73.42% -\u003e centroid 59.10%\n"}
,{"stream_name":"stdout","time":1459.908866843,"data":"轮次:··8/·20 || cls:0.734 || im:-0.662 || 耗时：16.03s\n"}
,{"stream_name":"stdout","time":1463.22267555,"data":"SHOT pseudo-labels: model 72.73% -\u003e centroid 58.57%\n"}
,{"stream_name":"stdout","time":1475.93492362,"data":"轮次:··9/·20 || cls:0.835 || im:-0.747 || 耗时：16.03s\n"}
,{"stream_name":"stdout","time":1479.201650627,"data":"SHOT pseudo-labels: model 72.53% -\u003e centroid 57.27%\n"}
,{"stream_name":"stdout","time":1491.949233593,"data":"轮次:·10/·20 || cls:0.628 || im:-0.649 || 耗时：16.01s\n"}
,{"stream_name":"stdout","time":1495.2416628,"data":"SHOT pseudo-labels: model 72.05% -\u003e centroid 56.60%\n"}
,{"stream_name":"stdout","time":1507.996142897,"data":"轮次:·11/·20 || cls:0.554 || im:-0.665 || 耗时：16.05s\n"}
,{"stream_name":"stdout","time":1511.268673145,"data":"SHOT pseudo-labels: model 72.15% -\u003e centroid 56.45%\n"}
,{"stream_name":"stdout","time":1524.038277656,"data":"轮次:·12/·20 || cls:0.812 || im:-0.697 || 耗时：16.04s\n"}
,{"stream_name":"stdout","time":1527.322629757,"data":"SHOT pseudo-labels: model 72.10% -\u003e centroid 56.40%\n"}
,{"stream_name":"stdout","time":1540.079690831,"data":"轮次:·13/·20 || cls:0.570 || im:-0.695 || 耗时：16.04s\n"}
,{"stream_name":"stdout","time":1543.382647883,"data":"SHOT pseudo-labels: model 71.83% -\u003e centroid 56.58%\n"}
,{"stream_name":"stdout","time":1556.117213159,"data":"轮次:·14/·20 || cls:0.765 || im:-0.709 || 耗时：16.04s\n"}
,{"stream_name":"stdout","time":1559.388592864,"data":"SHOT pseudo-labels: model 71.55% -\u003e centroid 56.03%\n"}
,{"stream_name":"stdout","time":1572.119450517,"data":"轮次:·15/·20 || cls:0.710 || im:-0.728 || 耗时：16.00s\n"}
,{"stream_name":"stdout","time":1575.409679116,"data":"SHOT pseudo-labels: model 71.40% -\u003e centroid 56.05%\n"}
,{"stream_name":"stdout","time":1588.154194853,"data":"轮次:·16/·20 || cls:0.733 || im:-0.684 || 耗时：16.03s\n"}
,{"stream_name":"stdout","time":1591.452603036,"data":"SHOT pseudo-labels: model 71.03% -\u003e centroid 56.10%\n"}
,{"stream_name":"stdout","time":1604.207734147,"data":"轮次:·17/·20 || cls:0.818 || im:-0.727 || 耗时：16.05s\n"}
,{"stream_name":"stdout","time":1607.495622237,"data":"SHOT pseudo-labels: model 71.17% -\u003e centroid 55.85%\n"}
,{"stream_name":"stdout","time":1620.283907852,"data":"轮次:·18/·20 || cls:0.783 || im:-0.772 || 耗时：16.08s\n"}
,{"stream_name":"stdout","time":1623.596651792,"data":"SHOT pseudo-labels: model 71.30% -\u003e centroid 56.17%\n"}
,{"stream_name":"stdout","time":1636.342667872,"data":"轮次:·19/·20 || cls:0.760 || im:-0.673 || 耗时：16.06s\n"}
,{"stream_name":"stdout","time":1639.610665931,"data":"SHOT pseudo-labels: model 71.28% -\u003e centroid 56.52%\n"}
,{"stream_name":"stdout","time":1652.367797818,"data":"轮次:·20/·20 || cls:0.606 || im:-0.673 || 耗时：16.03s\n"}
,{"stream_name":"stdout","time":1658.309893978,"data":"测试集任务: (B2)N15_M07_F10→(B3)N15_M07_F04; 总正确率 = 71.12%\n"}
,{"stream_name":"stdout","time":1658.309936925,"data":"类型1 正确率： 100.00% -\u003e 1   99.95%, 2    0.00%, 3    0.05%\n"}
,{"stream_name":"stdout","time":1658.309950073,"data":"类型2 正确率：  54.00% -\u003e 1    0.00%, 2   54.35%, 3   45.65%\n"}
,{"stream_name":"stdout","time":1658.309956627,"data":"类型3 正确率：  59.00% -\u003e 1    0.00%, 2   40.95%, 3   59.05%\n"}
,{"stream_name":"stdout","time":1658.30996251,"data":"\n"}
,{"stream_name":"stdout","time":1658.309967906,"data":"\n"}
,{"stream_name":"stdout","time":1658.330310367,"data":"[tar_adaptation_RES_PU.py --folder_root /kaggle/working/shot_k10/S03/sdalr_PU_shot/DATA_foldS03 --seed 2024 --class_num 3 --data_name PU_M1_L3 --output /kaggle/working/shot_k10/S03/weight_PU_M1_shot_FS03toS03_s2024 --s 1 --t 2 --lr 0.0005 --threshold 0.4 --K 0.6] 339s\n"}
,{"stream_name":"stdout","time":1658.358597718,"data":"读取源域路径：/kaggle/working/shot_k10/S03/weight_PU_M1_shot_FS03toS03_s2024/NEW_PU/Source-源域/log\u0026pt/(B3)N15_M07_F04\n"}
,{"stream_name":"stdout","time":1658.358622897,"data":"excel输出位置：/kaggle/working/shot_k10/S03/weight_PU_M1_shot_FS03toS03_s2024/NEW_PU/Target-目标域\n"}
,{"stream_name":"stdout","time":1658.358629014,"data":"特征图片输出位置：/kaggle/working/shot_k10/S03/weight_PU_M1_shot_FS03toS03_s2024/NEW_PU/Picture-特征图/2026年09月21日23时58分/(B3)N15_M07_F04\n"}
,{"stream_name":"stderr","time":1658.392587323,"data":"/usr/local/lib/python3.12/dist-packages/torch/nn/utils/weight_norm.py:144: FutureWarning: `torch.nn.utils.weight_norm` is deprecated in favor of `torch.nn.utils.parametrizations.weight_norm`.\n"}
,{"stream_name":"stderr","time":1658.392616215,"data":"  WeightNorm.apply(module, name, dim)\n"}
,{"stream_name":"stdout","time":1658.43062815,"data":"现在选取:(B3)N15_M07_F04 进行训练的源模型\n"}
,{"stream_name":"stdout","time":1658.430667579,"data":"现在进行：(B3)N15_M07_F04→(B1)N15_M01_F10 的迁移任务\n"}
,{"stream_name":"stdout","time":1658.430680166,"data":"log\u0026pt输出位置：/kaggle/working/shot_k10/S03/weight_PU_M1_shot_FS03toS03_s2024/NEW_PU/Target-目标域/log\u0026pt/(B3)N15_M07_F04→(B1)N15_M01_F10\n"}
,{"stream_name":"stderr","time":1658.432027379,"data":"sh: 1: Syntax error: word unexpected (expecting \")\")\n"}
,{"stream_name":"stdout","time":1669.639399607,"data":"任务: (B3)N15_M07_F04→(B1)N15_M01_F10; 批次:····0/·1880;  总正确率: 90.40%\n"}
,{"stream_name":"stdout","time":1669.639445367,"data":"类型1 正确率： 100.00% -\u003e 1  100.00%, 2    0.00%, 3    0.00%\n"}
,{"stream_name":"stdout","time":1669.639451209,"data":"类型2 正确率：  99.00% -\u003e 1    0.00%, 2   99.45%, 3    0.55%\n"}
,{"stream_name":"stdout","time":1669.639454676,"data":"类型3 正确率：  72.00% -\u003e 1    0.00%, 2   28.25%, 3   71.75%\n"}
,{"stream_name":"stdout","time":1669.639458131,"data":"\n"}
,{"stream_name":"stdout","time":1669.639461221,"data":"\n"}
,{"stream_name":"stdout","time":1672.932642721,"data":"SHOT pseudo-labels: model 90.40% -\u003e centroid 90.50%\n"}
,{"stream_name":"stdout","time":1685.897622577,"data":"轮次:··1/·20 || cls:1.325 || im:-0.942 || 耗时：22.15s\n"}
,{"stream_name":"stdout","time":1689.271650006,"data":"SHOT pseudo-labels: model 93.10% -\u003e centroid 94.97%\n"}
,{"stream_name":"stdout","time":1702.38374001,"data":"轮次:··2/·20 || cls:1.430 || im:-0.832 || 耗时：16.49s\n"}
,{"stream_name":"stdout","time":1705.664643043,"data":"SHOT pseudo-labels: model 88.83% -\u003e centroid 89.15%\n"}
,{"stream_name":"stdout","time":1718.314869851,"data":"轮次:··3/·20 || cls:1.205 || im:-0.751 || 耗时：15.93s\n"}
,{"stream_name":"stdout","time":1721.580573351,"data":"SHOT pseudo-labels: model 90.12% -\u003e centroid 84.88%\n"}
,{"stream_name":"stdout","time":1734.200844044,"data":"轮次:··4/·20 || cls:0.775 || im:-0.785 || 耗时：15.89s\n"}
,{"stream_name":"stdout","time":1737.460700257,"data":"SHOT pseudo-labels: model 88.88% -\u003e centroid 85.92%\n"}
,{"stream_name":"stdout","time":1750.208233664,"data":"轮次:··5/·20 || cls:0.703 || im:-0.756 || 耗时：16.01s\n"}
,{"stream_name":"stdout","time":1753.514888325,"data":"SHOT pseudo-labels: model 88.73% -\u003e centroid 86.45%\n"}
,{"stream_name":"stdout","time":1766.401117297,"data":"轮次:··6/·20 || cls:0.642 || im:-0.738 || 耗时：16.19s\n"}
,{"stream_name":"stdout","time":1769.698692862,"data":"SHOT pseudo-labels: model 89.73% -\u003e centroid 84.75%\n"}
,{"stream_name":"stdout","time":1782.52077302,"data":"轮次:··7/·20 || cls:0.768 || im:-0.767 || 耗时：16.12s\n"}
,{"stream_name":"stdout","time":1785.798678589,"data":"SHOT pseudo-labels: model 90.63% -\u003e centroid 84.92%\n"}
,{"stream_name":"stdout","time":1798.527168469,"data":"轮次:··8/·20 || cls:0.773 || im:-0.813 || 耗时：16.01s\n"}
,{"stream_name":"stdout","time":1801.798475027,"data":"SHOT pseudo-labels: model 91.15% -\u003e centroid 84.47%\n"}
,{"stream_name":"stdout","time":1814.513796719,"data":"轮次:··9/·20 || cls:0.650 || im:-0.767 || 耗时：15.99s\n"}
,{"stream_name":"stdout","time":1817.800673661,"data":"SHOT pseudo-labels: model 92.02% -\u003e centroid 84.42%\n"}
,{"stream_name":"stdout","time":1830.554844615,"data":"轮次:·10/·20 || cls:0.624 || im:-0.752 || 耗时：16.04s\n"}
,{"stream_name":"stdout","time":1833.823616904,"data":"SHOT pseudo-labels: model 92.60% -\u003e centroid 84.52%\n"}
,{"stream_name":"stdout","time":1846.591010731,"data":"轮次:·11/·20 || cls:0.798 || im:-0.704 || 耗时：16.04s\n"}
,{"stream_name":"stdout","time":1849.873656973,"data":"SHOT pseudo-labels: model 92.83% -\u003e centroid 84.38%\n"}
,{"stream_name":"stdout","time":1862.657198213,"data":"轮次:·12/·20 || cls:0.734 || im:-0.722 || 耗时：16.07s\n"}
,{"stream_name":"stdout","time":1865.95166607,"data":"SHOT pseudo-labels: model 93.27% -\u003e centroid 84.47%\n"}
,{"stream_name":"stdout","time":1878.719997988,"data":"轮次:·13/·20 || cls:0.664 || im:-0.777 || 耗时：16.06s\n"}
,{"stream_name":"stdout","time":1882.000651471,"data":"SHOT pseudo-labels: model 94.33% -\u003e centroid 84.22%\n"}
,{"stream_name":"stdout","time":1894.762983667,"data":"轮次:·14/·20 || cls:0.778 || im:-0.748 || 耗时：16.04s\n"}
,{"stream_name":"stdout","time":1898.039648758,"data":"SHOT pseudo-labels: model 95.13% -\u003e centroid 84.82%\n"}
,{"stream_name":"stdout","time":1910.808445822,"data":"轮次:·15/·20 || cls:0.648 || im:-0.761 || 耗时：16.05s\n"}
,{"stream_name":"stdout","time":1914.080645495,"data":"SHOT pseudo-labels: model 95.03% -\u003e centroid 84.45%\n"}
,{"stream_name":"stdout","time":1926.845940241,"data":"轮次:·16/·20 || cls:0.699 || im:-0.802 || 耗时：16.04s\n"}
,{"stream_name":"stdout","time":1930.110695656,"data":"SHOT pseudo-labels: model 95.22% -\u003e centroid 84.37%\n"}
,{"stream_name":"stdout","time":1942.906715278,"data":"轮次:·17/·20 || cls:0.713 || im:-0.713 || 耗时：16.06s\n"}
,{"stream_name":"stdout","time":1946.178614307,"data":"SHOT pseudo-labels: model 95.35% -\u003e centroid 84.42%\n"}
,{"stream_name":"stdout","time":1958.989549927,"data":"轮次:·18/·20 || cls:0.765 || im:-0.718 || 耗时：16.08s\n"}
,{"stream_name":"stdout","time":1962.30467648,"data":"SHOT pseudo-labels: model 95.52% -\u003e centroid 84.38%\n"}
,{"stream_name":"stdout","time":1975.092344985,"data":"轮次:·19/·20 || cls:0.950 || im:-0.769 || 耗时：16.10s\n"}
,{"stream_name":"stdout","time":1978.388629164,"data":"SHOT pseudo-labels: model 95.70% -\u003e centroid 84.62%\n"}
,{"stream_name":"stdout","time":1991.145075552,"data":"轮次:·20/·20 || cls:0.565 || im:-0.734 || 耗时：16.05s\n"}
,{"stream_name":"stdout","time":1997.098415649,"data":"测试集任务: (B3)N15_M07_F04→(B1)N15_M01_F10; 总正确率 = 95.85%\n"}
,{"stream_name":"stdout","time":1997.098484614,"data":"类型1 正确率： 100.00% -\u003e 1  100.00%, 2    0.00%, 3    0.00%\n"}
,{"stream_name":"stdout","time":1997.098498407,"data":"类型2 正确率：  95.00% -\u003e 1    0.00%, 2   95.05%, 3    4.95%\n"}
,{"stream_name":"stdout","time":1997.09850407,"data":"类型3 正确率：  92.00% -\u003e 1    0.00%, 2    7.50%, 3   92.50%\n"}
,{"stream_name":"stdout","time":1997.098509082,"data":"\n"}
,{"stream_name":"stdout","time":1997.098515577,"data":"\n"}
,{"stream_name":"stdout","time":1997.11929334,"data":"[tar_adaptation_RES_PU.py --folder_root /kaggle/working/shot_k10/S03/sdalr_PU_shot/DATA_foldS03 --seed 2024 --class_num 3 --data_name PU_M1_L3 --output /kaggle/working/shot_k10/S03/weight_PU_M1_shot_FS03toS03_s2024 --s 2 --t 0 --lr 0.0005 --threshold 0.4 --K 0.6] 339s\n"}
,{"stream_name":"stdout","time":1997.155681596,"data":"读取源域路径：/kaggle/working/shot_k10/S03/weight_PU_M1_shot_FS03toS03_s2024/NEW_PU/Source-源域/log\u0026pt/(B3)N15_M07_F04\n"}
,{"stream_name":"stdout","time":1997.155705262,"data":"excel输出位置：/kaggle/working/shot_k10/S03/weight_PU_M1_shot_FS03toS03_s2024/NEW_PU/Target-目标域\n"}
,{"stream_name":"stdout","time":1997.155721824,"data":"特征图片输出位置：/kaggle/working/shot_k10/S03/weight_PU_M1_shot_FS03toS03_s2024/NEW_PU/Picture-特征图/2026年09月22日00时04分/(B3)N15_M07_F04\n"}
,{"stream_name":"stderr","time":1997.190213956,"data":"/usr/local/lib/python3.12/dist-packages/torch/nn/utils/weight_norm.py:144: FutureWarning: `torch.nn.utils.weight_norm` is deprecated in favor of `torch.nn.utils.parametrizations.weight_norm`.\n"}
,{"stream_name":"stderr","time":1997.190240506,"data":"  WeightNorm.apply(module, name, dim)\n"}
,{"stream_name":"stdout","time":1997.228263383,"data":"现在选取:(B3)N15_M07_F04 进行训练的源模型\n"}
,{"stream_name":"stdout","time":1997.228313915,"data":"现在进行：(B3)N15_M07_F04→(B2)N15_M07_F10 的迁移任务\n"}
,{"stream_name":"stdout","time":1997.228320777,"data":"log\u0026pt输出位置：/kaggle/working/shot_k10/S03/weight_PU_M1_shot_FS03toS03_s2024/NEW_PU/Target-目标域/log\u0026pt/(B3)N15_M07_F04→(B2)N15_M07_F10\n"}
,{"stream_name":"stderr","time":1997.229792486,"data":"sh: 1: Syntax error: word unexpected (expecting \")\")\n"}
,{"stream_name":"stdout","time":2008.297970417,"data":"任务: (B3)N15_M07_F04→(B2)N15_M07_F10; 批次:····0/·1880;  总正确率: 94.70%\n"}
,{"stream_name":"stdout","time":2008.298012845,"data":"类型1 正确率： 100.00% -\u003e 1  100.00%, 2    0.00%, 3    0.00%\n"}
,{"stream_name":"stdout","time":2008.298022607,"data":"类型2 正确率： 100.00% -\u003e 1    0.00%, 2  100.00%, 3    0.00%\n"}
,{"stream_name":"stdout","time":2008.298042823,"data":"类型3 正确率：  84.00% -\u003e 1    0.00%, 2   15.90%, 3   84.10%\n"}
,{"stream_name":"stdout","time":2008.298045894,"data":"\n"}
,{"stream_name":"stdout","time":2008.298048247,"data":"\n"}
,{"stream_name":"stdout","time":2011.576628631,"data":"SHOT pseudo-labels: model 94.70% -\u003e centroid 95.40%\n"}
,{"stream_name":"stdout","time":2024.480589785,"data":"轮次:··1/·20 || cls:1.292 || im:-0.912 || 耗时：22.09s\n"}
,{"stream_name":"stdout","time":2027.843648057,"data":"SHOT pseudo-labels: model 90.73% -\u003e centroid 93.65%\n"}
,{"stream_name":"stdout","time":2040.910734822,"data":"轮次:··2/·20 || cls:1.443 || im:-0.837 || 耗时：16.43s\n"}
,{"stream_name":"stdout","time":2044.221590855,"data":"SHOT pseudo-labels: model 88.78% -\u003e centroid 91.37%\n"}
,{"stream_name":"stdout","time":2056.884659823,"data":"轮次:··3/·20 || cls:1.090 || im:-0.811 || 耗时：15.97s\n"}
,{"stream_name":"stdout","time":2060.138638494,"data":"SHOT pseudo-labels: model 89.90% -\u003e centroid 84.38%\n"}
,{"stream_name":"stdout","time":2072.758098712,"data":"轮次:··4/·20 || cls:0.874 || im:-0.871 || 耗时：15.87s\n"}
,{"stream_name":"stdout","time":2076.008630479,"data":"SHOT pseudo-labels: model 89.92% -\u003e centroid 85.90%\n"}
,{"stream_name":"stdout","time":2088.721089888,"data":"轮次:··5/·20 || cls:0.773 || im:-0.788 || 耗时：15.96s\n"}
,{"stream_name":"stdout","time":2092.025623014,"data":"SHOT pseudo-labels: model 91.30% -\u003e centroid 87.00%\n"}
,{"stream_name":"stdout","time":2104.876370361,"data":"轮次:··6/·20 || cls:0.707 || im:-0.731 || 耗时：16.16s\n"}
,{"stream_name":"stdout","time":2108.173704836,"data":"SHOT pseudo-labels: model 90.77% -\u003e centroid 85.80%\n"}
,{"stream_name":"stdout","time":2120.979181523,"data":"轮次:··7/·20 || cls:0.801 || im:-0.815 || 耗时：16.10s\n"}
,{"stream_name":"stdout","time":2124.264633153,"data":"SHOT pseudo-labels: model 91.30% -\u003e centroid 86.25%\n"}
,{"stream_name":"stdout","time":2136.992508082,"data":"轮次:··8/·20 || cls:0.884 || im:-0.786 || 耗时：16.01s\n"}
,{"stream_name":"stdout","time":2140.27362089,"data":"SHOT pseudo-labels: model 91.73% -\u003e centroid 86.23%\n"}
,{"stream_name":"stdout","time":2152.982912388,"data":"轮次:··9/·20 || cls:0.648 || im:-0.720 || 耗时：15.99s\n"}
,{"stream_name":"stdout","time":2156.247759367,"data":"SHOT pseudo-labels: model 92.93% -\u003e centroid 86.33%\n"}
,{"stream_name":"stdout","time":2168.9875164,"data":"轮次:·10/·20 || cls:0.731 || im:-0.756 || 耗时：16.00s\n"}
,{"stream_name":"stdout","time":2172.296851476,"data":"SHOT pseudo-labels: model 93.05% -\u003e centroid 86.25%\n"}
,{"stream_name":"stdout","time":2185.087589164,"data":"轮次:·11/·20 || cls:0.690 || im:-0.630 || 耗时：16.10s\n"}
,{"stream_name":"stdout","time":2188.387643172,"data":"SHOT pseudo-labels: model 93.37% -\u003e centroid 86.03%\n"}
,{"stream_name":"stdout","time":2201.221689239,"data":"轮次:·12/·20 || cls:0.695 || im:-0.707 || 耗时：16.13s\n"}
,{"stream_name":"stdout","time":2204.57166223,"data":"SHOT pseudo-labels: model 93.72% -\u003e centroid 85.40%\n"}
,{"stream_name":"stdout","time":2217.33700403,"data":"轮次:·13/·20 || cls:0.576 || im:-0.691 || 耗时：16.12s\n"}
,{"stream_name":"stdout","time":2220.669649556,"data":"SHOT pseudo-labels: model 94.40% -\u003e centroid 86.25%\n"}
,{"stream_name":"stdout","time":2233.416714579,"data":"轮次:·14/·20 || cls:0.744 || im:-0.728 || 耗时：16.08s\n"}
,{"stream_name":"stdout","time":2236.739599811,"data":"SHOT pseudo-labels: model 95.15% -\u003e centroid 86.48%\n"}
,{"stream_name":"stdout","time":2249.480004791,"data":"轮次:·15/·20 || cls:0.700 || im:-0.700 || 耗时：16.06s\n"}
,{"stream_name":"stdout","time":2252.814658172,"data":"SHOT pseudo-labels: model 95.33% -\u003e centroid 85.90%\n"}
,{"stream_name":"stdout","time":2265.579783587,"data":"轮次:·16/·20 || cls:0.666 || im:-0.806 || 耗时：16.10s\n"}
,{"stream_name":"stdout","time":2268.88668182,"data":"SHOT pseudo-labels: model 95.35% -\u003e centroid 86.20%\n"}
,{"stream_name":"stdout","time":2281.666468454,"data":"轮次:·17/·20 || cls:0.828 || im:-0.740 || 耗时：16.09s\n"}
,{"stream_name":"stdout","time":2284.95941601,"data":"SHOT pseudo-labels: model 95.63% -\u003e centroid 86.22%\n"}
,{"stream_name":"stdout","time":2297.740433761,"data":"轮次:·18/·20 || cls:0.731 || im:-0.690 || 耗时：16.07s\n"}
,{"stream_name":"stdout","time":2301.022651842,"data":"SHOT pseudo-labels: model 95.83% -\u003e centroid 85.88%\n"}
,{"stream_name":"stdout","time":2313.771499072,"data":"轮次:·19/·20 || cls:0.870 || im:-0.711 || 耗时：16.03s\n"}
,{"stream_name":"stdout","time":2317.083651868,"data":"SHOT pseudo-labels: model 96.10% -\u003e centroid 86.75%\n"}
,{"stream_name":"stdout","time":2329.827956643,"data":"轮次:·20/·20 || cls:0.538 || im:-0.694 || 耗时：16.06s\n"}
,{"stream_name":"stdout","time":2335.802260678,"data":"测试集任务: (B3)N15_M07_F04→(B2)N15_M07_F10; 总正确率 = 96.42%\n"}
,{"stream_name":"stdout","time":2335.802301533,"data":"类型1 正确率： 100.00% -\u003e 1  100.00%, 2    0.00%, 3    0.00%\n"}
,{"stream_name":"stdout","time":2335.802309353,"data":"类型2 正确率：  96.00% -\u003e 1    0.00%, 2   96.40%, 3    3.60%\n"}
,{"stream_name":"stdout","time":2335.802315841,"data":"类型3 正确率：  93.00% -\u003e 1    0.10%, 2    7.05%, 3   92.85%\n"}
,{"stream_name":"stdout","time":2335.802322109,"data":"\n"}
,{"stream_name":"stdout","time":2335.802327736,"data":"\n"}
,{"stream_name":"stdout","time":2335.823850035,"data":"[tar_adaptation_RES_PU.py --folder_root /kaggle/working/shot_k10/S03/sdalr_PU_shot/DATA_foldS03 --seed 2024 --class_num 3 --data_name PU_M1_L3 --output /kaggle/working/shot_k10/S03/weight_PU_M1_shot_FS03toS03_s2024 --s 2 --t 1 --lr 0.0005 --threshold 0.4 --K 0.6] 339s\n"}
,{"stream_name":"stdout","time":2335.84260861,"data":"{\n"}
,{"stream_name":"stdout","time":2335.842628505,"data":"  \"dataset\": \"PU_M1\",\n"}
,{"stream_name":"stdout","time":2335.842633662,"data":"  \"variant\": \"shot\",\n"}
,{"stream_name":"stdout","time":2335.842638517,"data":"  \"seed\": 2024,\n"}
,{"stream_name":"stdout","time":2335.842642807,"data":"  \"smoke\": false,\n"}
,{"stream_name":"stdout","time":2335.842647499,"data":"  \"src_fold\": \"S03\",\n"}
,{"stream_name":"stdout","time":2335.842651825,"data":"  \"tgt_fold\": \"S03\",\n"}
,{"stream_name":"stdout","time":2335.842655765,"data":"  \"leaky\": true,\n"}
,{"stream_name":"stdout","time":2335.842660232,"data":"  \"hyperparameters\": {\n"}
,{"stream_name":"stdout","time":2335.842664264,"data":"    \"lr\": \"0.0005\",\n"}
,{"stream_name":"stdout","time":2335.842668807,"data":"    \"threshold\": \"0.4\",\n"}
,{"stream_name":"stdout","time":2335.842673197,"data":"    \"K\": \"0.6\"\n"}
,{"stream_name":"stdout","time":2335.842677527,"data":"  },\n"}
,{"stream_name":"stdout","time":2335.842681619,"data":"  \"adapters\": [\n"}
,{"stream_name":"stdout","time":2335.842686574,"data":"    \"npz_io\",\n"}
,{"stream_name":"stdout","time":2335.842690966,"data":"    \"tsne_stub\",\n"}
,{"stream_name":"stdout","time":2335.842695559,"data":"    \"shot_patch\"\n"}
,{"stream_name":"stdout","time":2335.842700122,"data":"  ],\n"}
,{"stream_name":"stdout","time":2335.842704471,"data":"  \"source_only\": {\n"}
,{"stream_name":"stdout","time":2335.842719332,"data":"    \"A1-\u003eA3\": 99.92,\n"}
,{"stream_name":"stdout","time":2335.842723209,"data":"    \"A1-\u003eA2\": 75.49,\n"}
,{"stream_name":"stdout","time":2335.842726696,"data":"    \"A3-\u003eA1\": 99.26,\n"}
,{"stream_name":"stdout","time":2335.84273007,"data":"    \"A3-\u003eA2\": 85.86,\n"}
,{"stream_name":"stdout","time":2335.842735129,"data":"    \"A2-\u003eA1\": 90.33,\n"}
,{"stream_name":"stdout","time":2335.842738449,"data":"    \"A2-\u003eA3\": 95.0\n"}
,{"stream_name":"stdout","time":2335.84274165,"data":"  },\n"}
,{"stream_name":"stdout","time":2335.842744833,"data":"  \"adapted\": {\n"}
,{"stream_name":"stdout","time":2335.842748388,"data":"    \"A1-\u003eA3\": 54.57,\n"}
,{"stream_name":"stdout","time":2335.842751793,"data":"    \"A1-\u003eA2\": 69.83,\n"}
,{"stream_name":"stdout","time":2335.842755253,"data":"    \"A3-\u003eA1\": 99.25,\n"}
,{"stream_name":"stdout","time":2335.842758463,"data":"    \"A3-\u003eA2\": 71.12,\n"}
,{"stream_name":"stdout","time":2335.84276195,"data":"    \"A2-\u003eA1\": 95.85,\n"}
,{"stream_name":"stdout","time":2335.842765158,"data":"    \"A2-\u003eA3\": 96.42\n"}
,{"stream_name":"stdout","time":2335.842768588,"data":"  },\n"}
,{"stream_name":"stdout","time":2335.842771789,"data":"  \"seconds\": {\n"}
,{"stream_name":"stdout","time":2335.842775599,"data":"    \"pretrain\": 284,\n"}
,{"stream_name":"stdout","time":2335.842779168,"data":"    \"A1-\u003eA3\": 339,\n"}
,{"stream_name":"stdout","time":2335.842782811,"data":"    \"A1-\u003eA2\": 339,\n"}
,{"stream_name":"stdout","time":2335.842786039,"data":"    \"A3-\u003eA1\": 339,\n"}
,{"stream_name":"stdout","time":2335.842789494,"data":"    \"A3-\u003eA2\": 339,\n"}
,{"stream_name":"stdout","time":2335.842792563,"data":"    \"A2-\u003eA1\": 339,\n"}
,{"stream_name":"stdout","time":2335.84279595,"data":"    \"A2-\u003eA3\": 339\n"}
,{"stream_name":"stdout","time":2335.84279937,"data":"  },\n"}
,{"stream_name":"stdout","time":2335.842802567,"data":"  \"gate_log\": {\n"}
,{"stream_name":"stdout","time":2335.842806003,"data":"    \"A1-\u003eA3\": [],\n"}
,{"stream_name":"stdout","time":2335.842809254,"data":"    \"A1-\u003eA2\": [],\n"}
,{"stream_name":"stdout","time":2335.842812747,"data":"    \"A3-\u003eA1\": [],\n"}
,{"stream_name":"stdout","time":2335.842815955,"data":"    \"A3-\u003eA2\": [],\n"}
,{"stream_name":"stdout","time":2335.842819514,"data":"    \"A2-\u003eA1\": [],\n"}
,{"stream_name":"stdout","time":2335.842823355,"data":"    \"A2-\u003eA3\": []\n"}
,{"stream_name":"stdout","time":2335.842827162,"data":"  },\n"}
,{"stream_name":"stdout","time":2335.842830582,"data":"  \"gate\": \"none\"\n"}
,{"stream_name":"stdout","time":2335.842833967,"data":"}\n"}
,{"stream_name":"stdout","time":2338.389088771,"data":"RUN /usr/bin/python3 -u /kaggle/input/datasets/rafiurrahman01/physgate-m0-code/sdalr_runner.py --sdalr /kaggle/input/datasets/rafiurrahman01/physgate-m0-code --m0 /kaggle/input/datasets/rafiurrahman01/physgate-k10-g2 --dataset PU_M1 --src-fold S03 --tgt-fold S03c --variant shot --work /kaggle/working/shot_k10/S03 --seed 2024 --skip-pretrain\n"}
,{"stream_name":"stdout","time":2344.996169884,"data":"读取源域路径：/kaggle/working/shot_k10/S03/weight_PU_M1_shot_FS03toS03c_s2024/NEW_PU/Source-源域/log\u0026pt/(B1)N15_M01_F10\n"}
,{"stream_name":"stdout","time":2344.996228914,"data":"excel输出位置：/kaggle/working/shot_k10/S03/weight_PU_M1_shot_FS03toS03c_s2024/NEW_PU/Target-目标域\n"}
,{"stream_name":"stdout","time":2344.99674767,"data":"特征图片输出位置：/kaggle/working/shot_k10/S03/weight_PU_M1_shot_FS03toS03c_s2024/NEW_PU/Picture-特征图/2026年09月22日00时10分/(B1)N15_M01_F10\n"}
,{"stream_name":"stderr","time":2345.366357203,"data":"/usr/local/lib/python3.12/dist-packages/torch/nn/utils/weight_norm.py:144: FutureWarning: `torch.nn.utils.weight_norm` is deprecated in favor of `torch.nn.utils.parametrizations.weight_norm`.\n"}
,{"stream_name":"stderr","time":2345.366411956,"data":"  WeightNorm.apply(module, name, dim)\n"}
,{"stream_name":"stdout","time":2345.416864519,"data":"现在选取:(B1)N15_M01_F10 进行训练的源模型\n"}
,{"stream_name":"stdout","time":2345.416907759,"data":"现在进行：(B1)N15_M01_F10→(B2)N15_M07_F10 的迁移任务\n"}
,{"stream_name":"stdout","time":2345.41691928,"data":"log\u0026pt输出位置：/kaggle/working/shot_k10/S03/weight_PU_M1_shot_FS03toS03c_s2024/NEW_PU/Target-目标域/log\u0026pt/(B1)N15_M01_F10→(B2)N15_M07_F10\n"}
,{"stream_name":"stderr","time":2345.418362591,"data":"sh: 1: Syntax error: word unexpected (expecting \")\")\n"}
,{"stream_name":"stdout","time":2356.961899123,"data":"任务: (B1)N15_M01_F10→(B2)N15_M07_F10; 批次:····0/·1880;  总正确率: 63.87%\n"}
,{"stream_name":"stdout","time":2356.961943607,"data":"类型1 正确率：  99.00% -\u003e 1   98.70%, 2    1.30%, 3    0.00%\n"}
,{"stream_name":"stdout","time":2356.961951871,"data":"类型2 正确率：  93.00% -\u003e 1    0.40%, 2   92.90%, 3    6.70%\n"}
,{"stream_name":"stdout","time":2356.961958288,"data":"类型3 正确率：   0.00% -\u003e 1    0.05%, 2   99.95%, 3    0.00%\n"}
,{"stream_name":"stdout","time":2356.96196469,"data":"\n"}
,{"stream_name":"stdout","time":2356.961971048,"data":"\n"}
,{"stream_name":"stdout","time":2360.297654788,"data":"SHOT pseudo-labels: model 63.87% -\u003e centroid 57.65%\n"}
,{"stream_name":"stdout","time":2373.430248203,"data":"轮次:··1/·20 || cls:1.322 || im:-0.761 || 耗时：22.63s\n"}
,{"stream_name":"stderr","time":2373.430293181,"data":"/kaggle/working/shot_k10/S03/sdalr_PU_shot/tar_adaptation_RES_PU.py:114: UserWarning: Converting a tensor with requires_grad=True to a scalar may lead to unexpected behavior.\n"}
,{"stream_name":"stderr","time":2373.430325716,"data":"Consider using tensor.detach() first. (Triggered internally at /pytorch/torch/csrc/autograd/generated/python_variable_methods.cpp:836.)\n"}
,{"stream_name":"stderr","time":2373.430330846,"data":"  iter_num // epoch_len, args.max_epoch, float(classifier_loss), float(im_loss), time.time() - start))\n"}
,{"stream_name":"stdout","time":2376.850689641,"data":"SHOT pseudo-labels: model 62.35% -\u003e centroid 65.97%\n"}
,{"stream_name":"stdout","time":2390.276174795,"data":"轮次:··2/·20 || cls:1.529 || im:-0.763 || 耗时：16.85s\n"}
,{"stream_name":"stdout","time":2393.735634367,"data":"SHOT pseudo-labels: model 63.32% -\u003e centroid 59.62%\n"}
,{"stream_name":"stdout","time":2406.546337532,"data":"轮次:··3/·20 || cls:1.086 || im:-0.796 || 耗时：16.27s\n"}
,{"stream_name":"stdout","time":2409.850718419,"data":"SHOT pseudo-labels: model 63.92% -\u003e centroid 49.82%\n"}
,{"stream_name":"stdout","time":2422.394606135,"data":"轮次:··4/·20 || cls:0.866 || im:-0.712 || 耗时：15.85s\n"}
,{"stream_name":"stdout","time":2425.658846801,"data":"SHOT pseudo-labels: model 64.37% -\u003e centroid 49.10%\n"}
,{"stream_name":"stdout","time":2438.286638762,"data":"轮次:··5/·20 || cls:0.748 || im:-0.674 || 耗时：15.89s\n"}
,{"stream_name":"stdout","time":2441.634622505,"data":"SHOT pseudo-labels: model 64.73% -\u003e centroid 48.63%\n"}
,{"stream_name":"stdout","time":2454.655423596,"data":"轮次:··6/·20 || cls:0.823 || im:-0.669 || 耗时：16.37s\n"}
,{"stream_name":"stdout","time":2458.031655354,"data":"SHOT pseudo-labels: model 64.70% -\u003e centroid 49.23%\n"}
,{"stream_name":"stdout","time":2470.990181196,"data":"轮次:··7/·20 || cls:0.731 || im:-0.613 || 耗时：16.33s\n"}
,{"stream_name":"stdout","time":2474.326697373,"data":"SHOT pseudo-labels: model 65.73% -\u003e centroid 49.37%\n"}
,{"stream_name":"stdout","time":2487.046290966,"data":"轮次:··8/·20 || cls:0.750 || im:-0.651 || 耗时：16.06s\n"}
,{"stream_name":"stdout","time":2490.35162976,"data":"SHOT pseudo-labels: model 65.77% -\u003e centroid 49.32%\n"}
,{"stream_name":"stdout","time":2503.048994431,"data":"轮次:··9/·20 || cls:0.673 || im:-0.653 || 耗时：16.00s\n"}
,{"stream_name":"stdout","time":2506.366637119,"data":"SHOT pseudo-labels: model 66.10% -\u003e centroid 49.50%\n"}
,{"stream_name":"stdout","time":2519.193437803,"data":"轮次:·10/·20 || cls:0.611 || im:-0.670 || 耗时：16.14s\n"}
,{"stream_name":"stdout","time":2522.569636442,"data":"SHOT pseudo-labels: model 66.50% -\u003e centroid 49.52%\n"}
,{"stream_name":"stdout","time":2535.481198137,"data":"轮次:·11/·20 || cls:0.655 || im:-0.683 || 耗时：16.29s\n"}
,{"stream_name":"stdout","time":2538.797930004,"data":"SHOT pseudo-labels: model 66.20% -\u003e centroid 49.77%\n"}
,{"stream_name":"stdout","time":2551.621486515,"data":"轮次:·12/·20 || cls:0.756 || im:-0.709 || 耗时：16.14s\n"}
,{"stream_name":"stdout","time":2554.973495425,"data":"SHOT pseudo-labels: model 66.08% -\u003e centroid 49.87%\n"}
,{"stream_name":"stdout","time":2567.726289076,"data":"轮次:·13/·20 || cls:0.674 || im:-0.653 || 耗时：16.10s\n"}
,{"stream_name":"stdout","time":2571.042636226,"data":"SHOT pseudo-labels: model 66.45% -\u003e centroid 49.67%\n"}
,{"stream_name":"stdout","time":2583.790475482,"data":"轮次:·14/·20 || cls:0.675 || im:-0.676 || 耗时：16.06s\n"}
,{"stream_name":"stdout","time":2587.128715556,"data":"SHOT pseudo-labels: model 65.65% -\u003e centroid 49.72%\n"}
,{"stream_name":"stdout","time":2599.903594256,"data":"轮次:·15/·20 || cls:0.784 || im:-0.733 || 耗时：16.11s\n"}
,{"stream_name":"stdout","time":2603.227657948,"data":"SHOT pseudo-labels: model 65.60% -\u003e centroid 49.63%\n"}
,{"stream_name":"stdout","time":2616.022481243,"data":"轮次:·16/·20 || cls:0.805 || im:-0.708 || 耗时：16.12s\n"}
,{"stream_name":"stdout","time":2619.353735226,"data":"SHOT pseudo-labels: model 65.87% -\u003e centroid 49.73%\n"}
,{"stream_name":"stdout","time":2632.198029443,"data":"轮次:·17/·20 || cls:0.680 || im:-0.703 || 耗时：16.18s\n"}
,{"stream_name":"stdout","time":2635.548662482,"data":"SHOT pseudo-labels: model 65.32% -\u003e centroid 49.78%\n"}
,{"stream_name":"stdout","time":2648.398901347,"data":"轮次:·18/·20 || cls:0.768 || im:-0.730 || 耗时：16.20s\n"}
,{"stream_name":"stdout","time":2651.754657701,"data":"SHOT pseudo-labels: model 65.02% -\u003e centroid 49.62%\n"}
,{"stream_name":"stdout","time":2664.581048066,"data":"轮次:·19/·20 || cls:0.791 || im:-0.675 || 耗时：16.18s\n"}
,{"stream_name":"stdout","time":2667.914645261,"data":"SHOT pseudo-labels: model 65.30% -\u003e centroid 49.67%\n"}
,{"stream_name":"stdout","time":2680.687216618,"data":"轮次:·20/·20 || cls:0.585 || im:-0.700 || 耗时：16.11s\n"}
,{"stream_name":"stdout","time":2686.672213989,"data":"测试集任务: (B1)N15_M01_F10→(B2)N15_M07_F10; 总正确率 = 64.57%\n"}
,{"stream_name":"stdout","time":2686.672253419,"data":"类型1 正确率：  99.00% -\u003e 1   99.35%, 2    0.10%, 3    0.55%\n"}
,{"stream_name":"stdout","time":2686.672261522,"data":"类型2 正确率：  44.00% -\u003e 1    0.55%, 2   43.85%, 3   55.60%\n"}
,{"stream_name":"stdout","time":2686.672268026,"data":"类型3 正确率：  50.00% -\u003e 1    0.15%, 2   49.35%, 3   50.50%\n"}
,{"stream_name":"stdout","time":2686.672274672,"data":"\n"}
,{"stream_name":"stdout","time":2686.672298671,"data":"\n"}
,{"stream_name":"stdout","time":2686.690893423,"data":"[tar_adaptation_RES_PU.py --folder_root /kaggle/working/shot_k10/S03/sdalr_PU_shot/DATA_foldS03c --seed 2024 --class_num 3 --data_name PU_M1_L3 --output /kaggle/working/shot_k10/S03/weight_PU_M1_shot_FS03toS03c_s2024 --s 0 --t 1 --lr 0.0005 --threshold 0.4 --K 0.6] 342s\n"}
,{"stream_name":"stdout","time":2686.732280836,"data":"读取源域路径：/kaggle/working/shot_k10/S03/weight_PU_M1_shot_FS03toS03c_s2024/NEW_PU/Source-源域/log\u0026pt/(B1)N15_M01_F10\n"}
,{"stream_name":"stdout","time":2686.732329218,"data":"excel输出位置：/kaggle/working/shot_k10/S03/weight_PU_M1_shot_FS03toS03c_s2024/NEW_PU/Target-目标域\n"}
,{"stream_name":"stdout","time":2686.732335055,"data":"特征图片输出位置：/kaggle/working/shot_k10/S03/weight_PU_M1_shot_FS03toS03c_s2024/NEW_PU/Picture-特征图/2026年09月22日00时15分/(B1)N15_M01_F10\n"}
,{"stream_name":"stderr","time":2686.768793751,"data":"/usr/local/lib/python3.12/dist-packages/torch/nn/utils/weight_norm.py:144: FutureWarning: `torch.nn.utils.weight_norm` is deprecated in favor of `torch.nn.utils.parametrizations.weight_norm`.\n"}
,{"stream_name":"stderr","time":2686.768840617,"data":"  WeightNorm.apply(module, name, dim)\n"}
,{"stream_name":"stdout","time":2686.80994663,"data":"现在选取:(B1)N15_M01_F10 进行训练的源模型\n"}
,{"stream_name":"stdout","time":2686.809979555,"data":"现在进行：(B1)N15_M01_F10→(B3)N15_M07_F04 的迁移任务\n"}
,{"stream_name":"stdout","time":2686.809985489,"data":"log\u0026pt输出位置：/kaggle/working/shot_k10/S03/weight_PU_M1_shot_FS03toS03c_s2024/NEW_PU/Target-目标域/log\u0026pt/(B1)N15_M01_F10→(B3)N15_M07_F04\n"}
,{"stream_name":"stderr","time":2686.81141498,"data":"sh: 1: Syntax error: word unexpected (expecting \")\")\n"}
,{"stream_name":"stdout","time":2698.323906636,"data":"任务: (B1)N15_M01_F10→(B3)N15_M07_F04; 批次:····0/·1880;  总正确率: 63.12%\n"}
,{"stream_name":"stdout","time":2698.323948339,"data":"类型1 正确率：  96.00% -\u003e 1   95.95%, 2    4.05%, 3    0.00%\n"}
,{"stream_name":"stdout","time":2698.323956047,"data":"类型2 正确率：  93.00% -\u003e 1    0.00%, 2   93.10%, 3    6.90%\n"}
,{"stream_name":"stdout","time":2698.323962798,"data":"类型3 正确率：   0.00% -\u003e 1    7.55%, 2   92.15%, 3    0.30%\n"}
,{"stream_name":"stdout","time":2698.323968897,"data":"\n"}
,{"stream_name":"stdout","time":2698.323974532,"data":"\n"}
,{"stream_name":"stdout","time":2701.622751092,"data":"SHOT pseudo-labels: model 63.12% -\u003e centroid 54.40%\n"}
,{"stream_name":"stdout","time":2714.594684993,"data":"轮次:··1/·20 || cls:1.513 || im:-0.833 || 耗时：22.23s\n"}
,{"stream_name":"stdout","time":2718.025613754,"data":"SHOT pseudo-labels: model 52.58% -\u003e centroid 54.38%\n"}
,{"stream_name":"stdout","time":2731.240852935,"data":"轮次:··2/·20 || cls:1.244 || im:-0.763 || 耗时：16.65s\n"}
,{"stream_name":"stdout","time":2734.58165874,"data":"SHOT pseudo-labels: model 50.33% -\u003e centroid 47.90%\n"}
,{"stream_name":"stdout","time":2747.296703841,"data":"轮次:··3/·20 || cls:0.912 || im:-0.720 || 耗时：16.06s\n"}
,{"stream_name":"stdout","time":2750.583644438,"data":"SHOT pseudo-labels: model 50.77% -\u003e centroid 47.72%\n"}
,{"stream_name":"stdout","time":2763.22645363,"data":"轮次:··4/·20 || cls:0.732 || im:-0.633 || 耗时：15.93s\n"}
,{"stream_name":"stdout","time":2766.531622936,"data":"SHOT pseudo-labels: model 54.57% -\u003e centroid 47.90%\n"}
,{"stream_name":"stdout","time":2779.274264668,"data":"轮次:··5/·20 || cls:0.792 || im:-0.713 || 耗时：16.05s\n"}
,{"stream_name":"stdout","time":2782.628638354,"data":"SHOT pseudo-labels: model 56.77% -\u003e centroid 47.93%\n"}
,{"stream_name":"stdout","time":2795.581491445,"data":"轮次:··6/·20 || cls:0.651 || im:-0.635 || 耗时：16.31s\n"}
,{"stream_name":"stdout","time":2798.944669619,"data":"SHOT pseudo-labels: model 56.87% -\u003e centroid 48.75%\n"}
,{"stream_name":"stdout","time":2811.841802818,"data":"轮次:··7/·20 || cls:0.959 || im:-0.690 || 耗时：16.26s\n"}
,{"stream_name":"stdout","time":2815.166636301,"data":"SHOT pseudo-labels: model 59.10% -\u003e centroid 49.43%\n"}
,{"stream_name":"stdout","time":2827.929020173,"data":"轮次:··8/·20 || cls:0.773 || im:-0.649 || 耗时：16.09s\n"}
,{"stream_name":"stdout","time":2831.271622222,"data":"SHOT pseudo-labels: model 59.47% -\u003e centroid 49.50%\n"}
,{"stream_name":"stdout","time":2844.031142831,"data":"轮次:··9/·20 || cls:0.698 || im:-0.626 || 耗时：16.10s\n"}
,{"stream_name":"stdout","time":2847.337585924,"data":"SHOT pseudo-labels: model 59.97% -\u003e centroid 49.78%\n"}
,{"stream_name":"stdout","time":2860.194006371,"data":"轮次:·10/·20 || cls:0.673 || im:-0.688 || 耗时：16.16s\n"}
,{"stream_name":"stdout","time":2863.551130511,"data":"SHOT pseudo-labels: model 60.67% -\u003e centroid 49.95%\n"}
,{"stream_name":"stdout","time":2876.450769934,"data":"轮次:·11/·20 || cls:0.612 || im:-0.674 || 耗时：16.26s\n"}
,{"stream_name":"stdout","time":2879.795623725,"data":"SHOT pseudo-labels: model 61.18% -\u003e centroid 50.02%\n"}
,{"stream_name":"stdout","time":2892.653639369,"data":"轮次:·12/·20 || cls:0.782 || im:-0.744 || 耗时：16.20s\n"}
,{"stream_name":"stdout","time":2896.002713397,"data":"SHOT pseudo-labels: model 61.07% -\u003e centroid 50.22%\n"}
,{"stream_name":"stdout","time":2908.813189678,"data":"轮次:·13/·20 || cls:0.780 || im:-0.648 || 耗时：16.16s\n"}
,{"stream_name":"stdout","time":2912.174646669,"data":"SHOT pseudo-labels: model 61.63% -\u003e centroid 50.02%\n"}
,{"stream_name":"stdout","time":2924.949491821,"data":"轮次:·14/·20 || cls:0.761 || im:-0.747 || 耗时：16.14s\n"}
,{"stream_name":"stdout","time":2928.279661542,"data":"SHOT pseudo-labels: model 61.50% -\u003e centroid 50.12%\n"}
,{"stream_name":"stdout","time":2941.03911745,"data":"轮次:·15/·20 || cls:0.843 || im:-0.678 || 耗时：16.09s\n"}
,{"stream_name":"stdout","time":2944.385137133,"data":"SHOT pseudo-labels: model 61.50% -\u003e centroid 50.08%\n"}
,{"stream_name":"stdout","time":2957.168922547,"data":"轮次:·16/·20 || cls:0.958 || im:-0.783 || 耗时：16.13s\n"}
,{"stream_name":"stdout","time":2960.529755811,"data":"SHOT pseudo-labels: model 61.58% -\u003e centroid 50.05%\n"}
,{"stream_name":"stdout","time":2973.35492512,"data":"轮次:·17/·20 || cls:0.735 || im:-0.742 || 耗时：16.19s\n"}
,{"stream_name":"stdout","time":2976.708699329,"data":"SHOT pseudo-labels: model 61.58% -\u003e centroid 50.10%\n"}
,{"stream_name":"stdout","time":2989.535979892,"data":"轮次:·18/·20 || cls:0.762 || im:-0.727 || 耗时：16.18s\n"}
,{"stream_name":"stdout","time":2992.919684465,"data":"SHOT pseudo-labels: model 61.57% -\u003e centroid 50.10%\n"}
,{"stream_name":"stdout","time":3005.7743911,"data":"轮次:·19/·20 || cls:0.888 || im:-0.680 || 耗时：16.24s\n"}
,{"stream_name":"stdout","time":3009.127631848,"data":"SHOT pseudo-labels: model 61.52% -\u003e centroid 50.05%\n"}
,{"stream_name":"stdout","time":3021.977053722,"data":"轮次:·20/·20 || cls:0.635 || im:-0.718 || 耗时：16.20s\n"}
,{"stream_name":"stdout","time":3028.023814577,"data":"测试集任务: (B1)N15_M01_F10→(B3)N15_M07_F04; 总正确率 = 61.50%\n"}
,{"stream_name":"stdout","time":3028.023872291,"data":"类型1 正确率： 100.00% -\u003e 1   99.85%, 2    0.05%, 3    0.10%\n"}
,{"stream_name":"stdout","time":3028.023891551,"data":"类型2 正确率：  34.00% -\u003e 1    0.05%, 2   34.40%, 3   65.55%\n"}
,{"stream_name":"stdout","time":3028.023894934,"data":"类型3 正确率：  50.00% -\u003e 1    0.25%, 2   49.50%, 3   50.25%\n"}
,{"stream_name":"stdout","time":3028.023898167,"data":"\n"}
,{"stream_name":"stdout","time":3028.023900756,"data":"\n"}
,{"stream_name":"stdout","time":3028.045787726,"data":"[tar_adaptation_RES_PU.py --folder_root /kaggle/working/shot_k10/S03/sdalr_PU_shot/DATA_foldS03c --seed 2024 --class_num 3 --data_name PU_M1_L3 --output /kaggle/working/shot_k10/S03/weight_PU_M1_shot_FS03toS03c_s2024 --s 0 --t 2 --lr 0.0005 --threshold 0.4 --K 0.6] 341s\n"}
,{"stream_name":"stdout","time":3028.074584618,"data":"读取源域路径：/kaggle/working/shot_k10/S03/weight_PU_M1_shot_FS03toS03c_s2024/NEW_PU/Source-源域/log\u0026pt/(B2)N15_M07_F10\n"}
,{"stream_name":"stdout","time":3028.074615013,"data":"excel输出位置：/kaggle/working/shot_k10/S03/weight_PU_M1_shot_FS03toS03c_s2024/NEW_PU/Target-目标域\n"}
,{"stream_name":"stdout","time":3028.07462882,"data":"特征图片输出位置：/kaggle/working/shot_k10/S03/weight_PU_M1_shot_FS03toS03c_s2024/NEW_PU/Picture-特征图/2026年09月22日00时21分/(B2)N15_M07_F10\n"}
,{"stream_name":"stderr","time":3028.11210501,"data":"/usr/local/lib/python3.12/dist-packages/torch/nn/utils/weight_norm.py:144: FutureWarning: `torch.nn.utils.weight_norm` is deprecated in favor of `torch.nn.utils.parametrizations.weight_norm`.\n"}
,{"stream_name":"stderr","time":3028.112168912,"data":"  WeightNorm.apply(module, name, dim)\n"}
,{"stream_name":"stdout","time":3028.15400069,"data":"现在选取:(B2)N15_M07_F10 进行训练的源模型\n"}
,{"stream_name":"stdout","time":3028.1540299,"data":"现在进行：(B2)N15_M07_F10→(B1)N15_M01_F10 的迁移任务\n"}
,{"stream_name":"stdout","time":3028.154035834,"data":"log\u0026pt输出位置：/kaggle/working/shot_k10/S03/weight_PU_M1_shot_FS03toS03c_s2024/NEW_PU/Target-目标域/log\u0026pt/(B2)N15_M07_F10→(B1)N15_M01_F10\n"}
,{"stream_name":"stderr","time":3028.15551481,"data":"sh: 1: Syntax error: word unexpected (expecting \")\")\n"}
,{"stream_name":"stdout","time":3039.663157253,"data":"任务: (B2)N15_M07_F10→(B1)N15_M01_F10; 批次:····0/·1880;  总正确率: 63.12%\n"}
,{"stream_name":"stdout","time":3039.66320776,"data":"类型1 正确率： 100.00% -\u003e 1   99.85%, 2    0.15%, 3    0.00%\n"}
,{"stream_name":"stdout","time":3039.663215472,"data":"类型2 正确率：  90.00% -\u003e 1    0.75%, 2   89.50%, 3    9.75%\n"}
,{"stream_name":"stdout","time":3039.663221775,"data":"类型3 正确率：   0.00% -\u003e 1    0.00%, 2  100.00%, 3    0.00%\n"}
,{"stream_name":"stdout","time":3039.663228334,"data":"\n"}
,{"stream_name":"stdout","time":3039.66323404,"data":"\n"}
,{"stream_name":"stdout","time":3043.042752009,"data":"SHOT pseudo-labels: model 63.12% -\u003e centroid 53.75%\n"}
,{"stream_name":"stdout","time":3056.028183808,"data":"轮次:··1/·20 || cls:1.395 || im:-0.872 || 耗时：22.38s\n"}
,{"stream_name":"stdout","time":3059.462749517,"data":"SHOT pseudo-labels: model 58.63% -\u003e centroid 60.82%\n"}
,{"stream_name":"stdout","time":3072.565008634,"data":"轮次:··2/·20 || cls:1.408 || im:-0.744 || 耗时：16.54s\n"}
,{"stream_name":"stdout","time":3075.915603867,"data":"SHOT pseudo-labels: model 60.03% -\u003e centroid 58.12%\n"}
,{"stream_name":"stdout","time":3088.628632905,"data":"轮次:··3/·20 || cls:0.923 || im:-0.768 || 耗时：16.06s\n"}
,{"stream_name":"stdout","time":3091.946565937,"data":"SHOT pseudo-labels: model 63.02% -\u003e centroid 48.08%\n"}
,{"stream_name":"stdout","time":3104.608352644,"data":"轮次:··4/·20 || cls:1.078 || im:-0.790 || 耗时：15.98s\n"}
,{"stream_name":"stdout","time":3107.897646243,"data":"SHOT pseudo-labels: model 64.97% -\u003e centroid 47.08%\n"}
,{"stream_name":"stdout","time":3120.653752266,"data":"轮次:··5/·20 || cls:0.826 || im:-0.704 || 耗时：16.05s\n"}
,{"stream_name":"stdout","time":3123.98966373,"data":"SHOT pseudo-labels: model 66.50% -\u003e centroid 47.20%\n"}
,{"stream_name":"stdout","time":3136.90078121,"data":"轮次:··6/·20 || cls:0.828 || im:-0.733 || 耗时：16.25s\n"}
,{"stream_name":"stdout","time":3140.259613176,"data":"SHOT pseudo-labels: model 66.58% -\u003e centroid 48.58%\n"}
,{"stream_name":"stdout","time":3153.074163413,"data":"轮次:··7/·20 || cls:0.660 || im:-0.637 || 耗时：16.17s\n"}
,{"stream_name":"stdout","time":3156.395636655,"data":"SHOT pseudo-labels: model 67.15% -\u003e centroid 48.68%\n"}
,{"stream_name":"stdout","time":3169.177771158,"data":"轮次:··8/·20 || cls:0.864 || im:-0.657 || 耗时：16.10s\n"}
,{"stream_name":"stdout","time":3172.502693331,"data":"SHOT pseudo-labels: model 67.78% -\u003e centroid 49.05%\n"}
,{"stream_name":"stdout","time":3185.247418748,"data":"轮次:··9/·20 || cls:0.601 || im:-0.692 || 耗时：16.07s\n"}
,{"stream_name":"stdout","time":3188.56162692,"data":"SHOT pseudo-labels: model 67.47% -\u003e centroid 49.23%\n"}
,{"stream_name":"stdout","time":3201.324892527,"data":"轮次:·10/·20 || cls:0.641 || im:-0.629 || 耗时：16.08s\n"}
,{"stream_name":"stdout","time":3204.662626414,"data":"SHOT pseudo-labels: model 67.33% -\u003e centroid 49.23%\n"}
,{"stream_name":"stdout","time":3217.449547475,"data":"轮次:·11/·20 || cls:0.657 || im:-0.712 || 耗时：16.12s\n"}
,{"stream_name":"stdout","time":3220.772615292,"data":"SHOT pseudo-labels: model 67.40% -\u003e centroid 49.70%\n"}
,{"stream_name":"stdout","time":3233.571587992,"data":"轮次:·12/·20 || cls:0.715 || im:-0.657 || 耗时：16.12s\n"}
,{"stream_name":"stdout","time":3236.901663252,"data":"SHOT pseudo-labels: model 66.70% -\u003e centroid 49.85%\n"}
,{"stream_name":"stdout","time":3249.717973091,"data":"轮次:·13/·20 || cls:0.872 || im:-0.750 || 耗时：16.15s\n"}
,{"stream_name":"stdout","time":3253.050643498,"data":"SHOT pseudo-labels: model 66.93% -\u003e centroid 49.53%\n"}
,{"stream_name":"stdout","time":3265.875219391,"data":"轮次:·14/·20 || cls:0.642 || im:-0.671 || 耗时：16.16s\n"}
,{"stream_name":"stdout","time":3269.186665127,"data":"SHOT pseudo-labels: model 65.80% -\u003e centroid 49.73%\n"}
,{"stream_name":"stdout","time":3282.027186555,"data":"轮次:·15/·20 || cls:0.731 || im:-0.651 || 耗时：16.15s\n"}
,{"stream_name":"stdout","time":3285.355631966,"data":"SHOT pseudo-labels: model 66.70% -\u003e centroid 49.72%\n"}
,{"stream_name":"stdout","time":3298.17480808,"data":"轮次:·16/·20 || cls:0.748 || im:-0.621 || 耗时：16.15s\n"}
,{"stream_name":"stdout","time":3301.520624688,"data":"SHOT pseudo-labels: model 66.43% -\u003e centroid 49.87%\n"}
,{"stream_name":"stdout","time":3314.350088856,"data":"轮次:·17/·20 || cls:0.681 || im:-0.732 || 耗时：16.18s\n"}
,{"stream_name":"stdout","time":3317.669662956,"data":"SHOT pseudo-labels: model 66.17% -\u003e centroid 49.90%\n"}
,{"stream_name":"stdout","time":3330.508366525,"data":"轮次:·18/·20 || cls:0.718 || im:-0.705 || 耗时：16.16s\n"}
,{"stream_name":"stdout","time":3333.830643028,"data":"SHOT pseudo-labels: model 65.90% -\u003e centroid 49.78%\n"}
,{"stream_name":"stdout","time":3346.683128614,"data":"轮次:·19/·20 || cls:0.785 || im:-0.625 || 耗时：16.17s\n"}
,{"stream_name":"stdout","time":3350.02565348,"data":"SHOT pseudo-labels: model 66.22% -\u003e centroid 49.87%\n"}
,{"stream_name":"stdout","time":3362.863625914,"data":"轮次:·20/·20 || cls:0.514 || im:-0.738 || 耗时：16.18s\n"}
,{"stream_name":"stdout","time":3368.877915045,"data":"测试集任务: (B2)N15_M07_F10→(B1)N15_M01_F10; 总正确率 = 65.48%\n"}
,{"stream_name":"stdout","time":3368.877962276,"data":"类型1 正确率：  98.00% -\u003e 1   98.50%, 2    0.05%, 3    1.45%\n"}
,{"stream_name":"stdout","time":3368.87796785,"data":"类型2 正确率：  46.00% -\u003e 1    0.05%, 2   46.50%, 3   53.45%\n"}
,{"stream_name":"stdout","time":3368.877971771,"data":"类型3 正确率：  51.00% -\u003e 1    0.00%, 2   48.55%, 3   51.45%\n"}
,{"stream_name":"stdout","time":3368.877975192,"data":"\n"}
,{"stream_name":"stdout","time":3368.877978274,"data":"\n"}
,{"stream_name":"stdout","time":3368.901416508,"data":"[tar_adaptation_RES_PU.py --folder_root /kaggle/working/shot_k10/S03/sdalr_PU_shot/DATA_foldS03c --seed 2024 --class_num 3 --data_name PU_M1_L3 --output /kaggle/working/shot_k10/S03/weight_PU_M1_shot_FS03toS03c_s2024 --s 1 --t 0 --lr 0.0005 --threshold 0.4 --K 0.6] 341s\n"}
,{"stream_name":"stdout","time":3368.930282717,"data":"读取源域路径：/kaggle/working/shot_k10/S03/weight_PU_M1_shot_FS03toS03c_s2024/NEW_PU/Source-源域/log\u0026pt/(B2)N15_M07_F10\n"}
,{"stream_name":"stdout","time":3368.930313624,"data":"excel输出位置：/kaggle/working/shot_k10/S03/weight_PU_M1_shot_FS03toS03c_s2024/NEW_PU/Target-目标域\n"}
,{"stream_name":"stdout","time":3368.930326785,"data":"特征图片输出位置：/kaggle/working/shot_k10/S03/weight_PU_M1_shot_FS03toS03c_s2024/NEW_PU/Picture-特征图/2026年09月22日00时27分/(B2)N15_M07_F10\n"}
,{"stream_name":"stderr","time":3368.967943449,"data":"/usr/local/lib/python3.12/dist-packages/torch/nn/utils/weight_norm.py:144: FutureWarning: `torch.nn.utils.weight_norm` is deprecated in favor of `torch.nn.utils.parametrizations.weight_norm`.\n"}
,{"stream_name":"stderr","time":3368.967985885,"data":"  WeightNorm.apply(module, name, dim)\n"}
,{"stream_name":"stdout","time":3369.013882145,"data":"现在选取:(B2)N15_M07_F10 进行训练的源模型\n"}
,{"stream_name":"stdout","time":3369.013922065,"data":"现在进行：(B2)N15_M07_F10→(B3)N15_M07_F04 的迁移任务\n"}
,{"stream_name":"stdout","time":3369.013927319,"data":"log\u0026pt输出位置：/kaggle/working/shot_k10/S03/weight_PU_M1_shot_FS03toS03c_s2024/NEW_PU/Target-目标域/log\u0026pt/(B2)N15_M07_F10→(B3)N15_M07_F04\n"}
,{"stream_name":"stderr","time":3369.015331177,"data":"sh: 1: Syntax error: word unexpected (expecting \")\")\n"}
,{"stream_name":"stdout","time":3380.326112774,"data":"任务: (B2)N15_M07_F10→(B3)N15_M07_F04; 批次:····0/·1880;  总正确率: 63.23%\n"}
,{"stream_name":"stdout","time":3380.32616248,"data":"类型1 正确率： 100.00% -\u003e 1   99.95%, 2    0.05%, 3    0.00%\n"}
,{"stream_name":"stdout","time":3380.326169787,"data":"类型2 正确率：  90.00% -\u003e 1    0.35%, 2   89.75%, 3    9.90%\n"}
,{"stream_name":"stdout","time":3380.326175569,"data":"类型3 正确率：   0.00% -\u003e 1    8.60%, 2   91.40%, 3    0.00%\n"}
,{"stream_name":"stdout","time":3380.326181252,"data":"\n"}
,{"stream_name":"stdout","time":3380.326186593,"data":"\n"}
,{"stream_name":"stdout","time":3383.634620178,"data":"SHOT pseudo-labels: model 63.23% -\u003e centroid 50.30%\n"}
,{"stream_name":"stdout","time":3396.545648238,"data":"轮次:··1/·20 || cls:1.710 || im:-0.855 || 耗时：22.14s\n"}
,{"stream_name":"stdout","time":3399.943643322,"data":"SHOT pseudo-labels: model 53.00% -\u003e centroid 59.17%\n"}
,{"stream_name":"stdout","time":3413.129048359,"data":"轮次:··2/·20 || cls:1.462 || im:-0.792 || 耗时：16.58s\n"}
,{"stream_name":"stdout","time":3416.437611478,"data":"SHOT pseudo-labels: model 50.52% -\u003e centroid 58.28%\n"}
,{"stream_name":"stdout","time":3429.138359533,"data":"轮次:··3/·20 || cls:1.069 || im:-0.734 || 耗时：16.01s\n"}
,{"stream_name":"stdout","time":3432.431597327,"data":"SHOT pseudo-labels: model 51.58% -\u003e centroid 49.78%\n"}
,{"stream_name":"stdout","time":3445.085013756,"data":"轮次:··4/·20 || cls:0.779 || im:-0.708 || 耗时：15.95s\n"}
,{"stream_name":"stdout","time":3448.377685686,"data":"SHOT pseudo-labels: model 56.52% -\u003e centroid 49.55%\n"}
,{"stream_name":"stdout","time":3461.096589587,"data":"轮次:··5/·20 || cls:0.779 || im:-0.700 || 耗时：16.01s\n"}
,{"stream_name":"stdout","time":3464.417678786,"data":"SHOT pseudo-labels: model 58.30% -\u003e centroid 49.45%\n"}
,{"stream_name":"stdout","time":3477.294214141,"data":"轮次:··6/·20 || cls:0.709 || im:-0.654 || 耗时：16.20s\n"}
,{"stream_name":"stdout","time":3480.601641285,"data":"SHOT pseudo-labels: model 58.63% -\u003e centroid 49.95%\n"}
,{"stream_name":"stdout","time":3493.459331516,"data":"轮次:··7/·20 || cls:0.746 || im:-0.665 || 耗时：16.17s\n"}
,{"stream_name":"stdout","time":3496.771721804,"data":"SHOT pseudo-labels: model 59.68% -\u003e centroid 50.15%\n"}
,{"stream_name":"stdout","time":3509.522657088,"data":"轮次:··8/·20 || cls:0.847 || im:-0.654 || 耗时：16.06s\n"}
,{"stream_name":"stdout","time":3512.872628642,"data":"SHOT pseudo-labels: model 60.35% -\u003e centroid 50.10%\n"}
,{"stream_name":"stdout","time":3525.609796099,"data":"轮次:··9/·20 || cls:0.705 || im:-0.706 || 耗时：16.09s\n"}
,{"stream_name":"stdout","time":3528.944634984,"data":"SHOT pseudo-labels: model 60.95% -\u003e centroid 50.22%\n"}
,{"stream_name":"stdout","time":3541.756147121,"data":"轮次:·10/·20 || cls:0.681 || im:-0.642 || 耗时：16.15s\n"}
,{"stream_name":"stdout","time":3545.080699443,"data":"SHOT pseudo-labels: model 60.90% -\u003e centroid 50.17%\n"}
,{"stream_name":"stdout","time":3557.942301871,"data":"轮次:·11/·20 || cls:0.662 || im:-0.672 || 耗时：16.19s\n"}
,{"stream_name":"stdout","time":3561.28472814,"data":"SHOT pseudo-labels: model 61.37% -\u003e centroid 50.23%\n"}
,{"stream_name":"stdout","time":3574.126426188,"data":"轮次:·12/·20 || cls:0.632 || im:-0.717 || 耗时：16.18s\n"}
,{"stream_name":"stdout","time":3577.447648028,"data":"SHOT pseudo-labels: model 61.72% -\u003e centroid 50.25%\n"}
,{"stream_name":"stdout","time":3590.240100351,"data":"轮次:·13/·20 || cls:0.837 || im:-0.714 || 耗时：16.11s\n"}
,{"stream_name":"stdout","time":3593.572653397,"data":"SHOT pseudo-labels: model 61.97% -\u003e centroid 50.18%\n"}
,{"stream_name":"stdout","time":3606.292950157,"data":"轮次:·14/·20 || cls:0.714 || im:-0.683 || 耗时：16.05s\n"}
,{"stream_name":"stdout","time":3609.598612168,"data":"SHOT pseudo-labels: model 62.05% -\u003e centroid 50.25%\n"}
,{"stream_name":"stdout","time":3622.347838879,"data":"轮次:·15/·20 || cls:0.808 || im:-0.721 || 耗时：16.05s\n"}
,{"stream_name":"stdout","time":3625.663593632,"data":"SHOT pseudo-labels: model 61.98% -\u003e centroid 50.23%\n"}
,{"stream_name":"stdout","time":3638.438431003,"data":"轮次:·16/·20 || cls:0.868 || im:-0.730 || 耗时：16.09s\n"}
,{"stream_name":"stdout","time":3641.752649434,"data":"SHOT pseudo-labels: model 62.03% -\u003e centroid 50.25%\n"}
,{"stream_name":"stdout","time":3654.572896309,"data":"轮次:·17/·20 || cls:0.728 || im:-0.768 || 耗时：16.13s\n"}
,{"stream_name":"stdout","time":3657.880678657,"data":"SHOT pseudo-labels: model 61.88% -\u003e centroid 50.25%\n"}
,{"stream_name":"stdout","time":3670.715208427,"data":"轮次:·18/·20 || cls:0.809 || im:-0.733 || 耗时：16.14s\n"}
,{"stream_name":"stdout","time":3674.068654446,"data":"SHOT pseudo-labels: model 61.97% -\u003e centroid 50.25%\n"}
,{"stream_name":"stdout","time":3686.901193207,"data":"轮次:·19/·20 || cls:0.856 || im:-0.635 || 耗时：16.19s\n"}
,{"stream_name":"stdout","time":3690.205800273,"data":"SHOT pseudo-labels: model 61.87% -\u003e centroid 50.22%\n"}
,{"stream_name":"stdout","time":3702.992851441,"data":"轮次:·20/·20 || cls:0.534 || im:-0.774 || 耗时：16.09s\n"}
,{"stream_name":"stdout","time":3708.967780042,"data":"测试集任务: (B2)N15_M07_F10→(B3)N15_M07_F04; 总正确率 = 61.82%\n"}
,{"stream_name":"stdout","time":3708.967832147,"data":"类型1 正确率： 100.00% -\u003e 1  100.00%, 2    0.00%, 3    0.00%\n"}
,{"stream_name":"stdout","time":3708.967842089,"data":"类型2 正确率：  34.00% -\u003e 1    0.00%, 2   34.10%, 3   65.90%\n"}
,{"stream_name":"stdout","time":3708.967850616,"data":"类型3 正确率：  51.00% -\u003e 1    0.50%, 2   48.15%, 3   51.35%\n"}
,{"stream_name":"stdout","time":3708.967854094,"data":"\n"}
,{"stream_name":"stdout","time":3708.967857217,"data":"\n"}
,{"stream_name":"stdout","time":3708.989056542,"data":"[tar_adaptation_RES_PU.py --folder_root /kaggle/working/shot_k10/S03/sdalr_PU_shot/DATA_foldS03c --seed 2024 --class_num 3 --data_name PU_M1_L3 --output /kaggle/working/shot_k10/S03/weight_PU_M1_shot_FS03toS03c_s2024 --s 1 --t 2 --lr 0.0005 --threshold 0.4 --K 0.6] 340s\n"}
,{"stream_name":"stdout","time":3709.018490514,"data":"读取源域路径：/kaggle/working/shot_k10/S03/weight_PU_M1_shot_FS03toS03c_s2024/NEW_PU/Source-源域/log\u0026pt/(B3)N15_M07_F04\n"}
,{"stream_name":"stdout","time":3709.018533626,"data":"excel输出位置：/kaggle/working/shot_k10/S03/weight_PU_M1_shot_FS03toS03c_s2024/NEW_PU/Target-目标域\n"}
,{"stream_name":"stdout","time":3709.018538595,"data":"特征图片输出位置：/kaggle/working/shot_k10/S03/weight_PU_M1_shot_FS03toS03c_s2024/NEW_PU/Picture-特征图/2026年09月22日00时32分/(B3)N15_M07_F04\n"}
,{"stream_name":"stderr","time":3709.05660119,"data":"/usr/local/lib/python3.12/dist-packages/torch/nn/utils/weight_norm.py:144: FutureWarning: `torch.nn.utils.weight_norm` is deprecated in favor of `torch.nn.utils.parametrizations.weight_norm`.\n"}
,{"stream_name":"stderr","time":3709.05664216,"data":"  WeightNorm.apply(module, name, dim)\n"}
,{"stream_name":"stdout","time":3709.09981055,"data":"现在选取:(B3)N15_M07_F04 进行训练的源模型\n"}
,{"stream_name":"stdout","time":3709.099834695,"data":"现在进行：(B3)N15_M07_F04→(B1)N15_M01_F10 的迁移任务\n"}
,{"stream_name":"stdout","time":3709.099839117,"data":"log\u0026pt输出位置：/kaggle/working/shot_k10/S03/weight_PU_M1_shot_FS03toS03c_s2024/NEW_PU/Target-目标域/log\u0026pt/(B3)N15_M07_F04→(B1)N15_M01_F10\n"}
,{"stream_name":"stderr","time":3709.101250234,"data":"sh: 1: Syntax error: word unexpected (expecting \")\")\n"}
,{"stream_name":"stdout","time":3720.430296412,"data":"任务: (B3)N15_M07_F04→(B1)N15_M01_F10; 批次:····0/·1880;  总正确率: 57.78%\n"}
,{"stream_name":"stdout","time":3720.430336901,"data":"类型1 正确率：  78.00% -\u003e 1   78.25%, 2   21.70%, 3    0.05%\n"}
,{"stream_name":"stdout","time":3720.430343575,"data":"类型2 正确率：  93.00% -\u003e 1    0.00%, 2   93.15%, 3    6.85%\n"}
,{"stream_name":"stdout","time":3720.430349063,"data":"类型3 正确率：   2.00% -\u003e 1    0.00%, 2   98.05%, 3    1.95%\n"}
,{"stream_name":"stdout","time":3720.430354477,"data":"\n"}
,{"stream_name":"stdout","time":3720.430359345,"data":"\n"}
,{"stream_name":"stdout","time":3723.748691265,"data":"SHOT pseudo-labels: model 57.78% -\u003e centroid 60.20%\n"}
,{"stream_name":"stdout","time":3736.753184282,"data":"轮次:··1/·20 || cls:1.476 || im:-0.904 || 耗时：22.25s\n"}
,{"stream_name":"stdout","time":3740.149676746,"data":"SHOT pseudo-labels: model 65.45% -\u003e centroid 67.62%\n"}
,{"stream_name":"stdout","time":3753.286074088,"data":"轮次:··2/·20 || cls:1.303 || im:-0.844 || 耗时：16.53s\n"}
,{"stream_name":"stdout","time":3756.574668333,"data":"SHOT pseudo-labels: model 67.48% -\u003e centroid 65.65%\n"}
,{"stream_name":"stdout","time":3769.259071868,"data":"轮次:··3/·20 || cls:0.883 || im:-0.794 || 耗时：15.97s\n"}
,{"stream_name":"stdout","time":3772.576774254,"data":"SHOT pseudo-labels: model 68.10% -\u003e centroid 54.27%\n"}
,{"stream_name":"stdout","time":3785.209835873,"data":"轮次:··4/·20 || cls:0.985 || im:-0.776 || 耗时：15.95s\n"}
,{"stream_name":"stdout","time":3788.479670621,"data":"SHOT pseudo-labels: model 69.52% -\u003e centroid 53.52%\n"}
,{"stream_name":"stdout","time":3801.215424668,"data":"轮次:··5/·20 || cls:0.853 || im:-0.701 || 耗时：16.01s\n"}
,{"stream_name":"stdout","time":3804.529650272,"data":"SHOT pseudo-labels: model 69.70% -\u003e centroid 53.25%\n"}
,{"stream_name":"stdout","time":3817.417287344,"data":"轮次:··6/·20 || cls:0.734 || im:-0.694 || 耗时：16.20s\n"}
,{"stream_name":"stdout","time":3820.726649462,"data":"SHOT pseudo-labels: model 69.70% -\u003e centroid 50.85%\n"}
,{"stream_name":"stdout","time":3833.540452708,"data":"轮次:··7/·20 || cls:0.637 || im:-0.622 || 耗时：16.12s\n"}
,{"stream_name":"stdout","time":3836.840673252,"data":"SHOT pseudo-labels: model 70.82% -\u003e centroid 49.92%\n"}
,{"stream_name":"stdout","time":3849.628270971,"data":"轮次:··8/·20 || cls:0.947 || im:-0.647 || 耗时：16.09s\n"}
,{"stream_name":"stdout","time":3852.940646993,"data":"SHOT pseudo-labels: model 69.88% -\u003e centroid 50.00%\n"}
,{"stream_name":"stdout","time":3865.689651723,"data":"轮次:··9/·20 || cls:0.563 || im:-0.636 || 耗时：16.06s\n"}
,{"stream_name":"stdout","time":3868.997627123,"data":"SHOT pseudo-labels: model 70.18% -\u003e centroid 49.70%\n"}
,{"stream_name":"stdout","time":3881.764886913,"data":"轮次:·10/·20 || cls:0.691 || im:-0.639 || 耗时：16.08s\n"}
,{"stream_name":"stdout","time":3885.068585762,"data":"SHOT pseudo-labels: model 70.42% -\u003e centroid 49.65%\n"}
,{"stream_name":"stdout","time":3897.824033516,"data":"轮次:·11/·20 || cls:0.699 || im:-0.645 || 耗时：16.06s\n"}
,{"stream_name":"stdout","time":3901.130646551,"data":"SHOT pseudo-labels: model 70.03% -\u003e centroid 50.05%\n"}
,{"stream_name":"stdout","time":3913.887701701,"data":"轮次:·12/·20 || cls:0.795 || im:-0.687 || 耗时：16.06s\n"}
,{"stream_name":"stdout","time":3917.196694812,"data":"SHOT pseudo-labels: model 69.95% -\u003e centroid 50.33%\n"}
,{"stream_name":"stdout","time":3929.915732744,"data":"轮次:·13/·20 || cls:0.840 || im:-0.716 || 耗时：16.03s\n"}
,{"stream_name":"stdout","time":3933.233680477,"data":"SHOT pseudo-labels: model 71.20% -\u003e centroid 49.62%\n"}
,{"stream_name":"stdout","time":3946.003950421,"data":"轮次:·14/·20 || cls:0.519 || im:-0.628 || 耗时：16.09s\n"}
,{"stream_name":"stdout","time":3949.318664218,"data":"SHOT pseudo-labels: model 69.80% -\u003e centroid 49.80%\n"}
,{"stream_name":"stdout","time":3962.095495672,"data":"轮次:·15/·20 || cls:0.914 || im:-0.743 || 耗时：16.09s\n"}
,{"stream_name":"stdout","time":3965.389656408,"data":"SHOT pseudo-labels: model 70.50% -\u003e centroid 49.68%\n"}
,{"stream_name":"stdout","time":3978.21545414,"data":"轮次:·16/·20 || cls:0.728 || im:-0.648 || 耗时：16.12s\n"}
,{"stream_name":"stdout","time":3981.540659212,"data":"SHOT pseudo-labels: model 70.63% -\u003e centroid 49.73%\n"}
,{"stream_name":"stdout","time":3994.385566729,"data":"轮次:·17/·20 || cls:0.716 || im:-0.665 || 耗时：16.17s\n"}
,{"stream_name":"stdout","time":3997.696704875,"data":"SHOT pseudo-labels: model 70.97% -\u003e centroid 50.22%\n"}
,{"stream_name":"stdout","time":4010.530993348,"data":"轮次:·18/·20 || cls:0.676 || im:-0.667 || 耗时：16.15s\n"}
,{"stream_name":"stdout","time":4013.843662626,"data":"SHOT pseudo-labels: model 70.68% -\u003e centroid 49.88%\n"}
,{"stream_name":"stdout","time":4026.623170262,"data":"轮次:·19/·20 || cls:0.757 || im:-0.567 || 耗时：16.09s\n"}
,{"stream_name":"stdout","time":4029.938645516,"data":"SHOT pseudo-labels: model 71.00% -\u003e centroid 49.87%\n"}
,{"stream_name":"stdout","time":4042.683609295,"data":"轮次:·20/·20 || cls:0.543 || im:-0.615 || 耗时：16.06s\n"}
,{"stream_name":"stdout","time":4048.629299198,"data":"测试集任务: (B3)N15_M07_F04→(B1)N15_M01_F10; 总正确率 = 70.80%\n"}
,{"stream_name":"stdout","time":4048.629351421,"data":"类型1 正确率：  97.00% -\u003e 1   96.90%, 2    0.90%, 3    2.20%\n"}
,{"stream_name":"stdout","time":4048.629358954,"data":"类型2 正确率：  60.00% -\u003e 1    0.05%, 2   59.95%, 3   40.00%\n"}
,{"stream_name":"stdout","time":4048.629363974,"data":"类型3 正确率：  56.00% -\u003e 1    0.05%, 2   44.40%, 3   55.55%\n"}
,{"stream_name":"stdout","time":4048.629368923,"data":"\n"}
,{"stream_name":"stdout","time":4048.629373096,"data":"\n"}
,{"stream_name":"stdout","time":4048.6510761,"data":"[tar_adaptation_RES_PU.py --folder_root /kaggle/working/shot_k10/S03/sdalr_PU_shot/DATA_foldS03c --seed 2024 --class_num 3 --data_name PU_M1_L3 --output /kaggle/working/shot_k10/S03/weight_PU_M1_shot_FS03toS03c_s2024 --s 2 --t 0 --lr 0.0005 --threshold 0.4 --K 0.6] 340s\n"}
,{"stream_name":"stdout","time":4048.68013896,"data":"读取源域路径：/kaggle/working/shot_k10/S03/weight_PU_M1_shot_FS03toS03c_s2024/NEW_PU/Source-源域/log\u0026pt/(B3)N15_M07_F04\n"}
,{"stream_name":"stdout","time":4048.680167729,"data":"excel输出位置：/kaggle/working/shot_k10/S03/weight_PU_M1_shot_FS03toS03c_s2024/NEW_PU/Target-目标域\n"}
,{"stream_name":"stdout","time":4048.680226766,"data":"特征图片输出位置：/kaggle/working/shot_k10/S03/weight_PU_M1_shot_FS03toS03c_s2024/NEW_PU/Picture-特征图/2026年09月22日00时38分/(B3)N15_M07_F04\n"}
,{"stream_name":"stderr","time":4048.719982233,"data":"/usr/local/lib/python3.12/dist-packages/torch/nn/utils/weight_norm.py:144: FutureWarning: `torch.nn.utils.weight_norm` is deprecated in favor of `torch.nn.utils.parametrizations.weight_norm`.\n"}
,{"stream_name":"stderr","time":4048.720019859,"data":"  WeightNorm.apply(module, name, dim)\n"}
,{"stream_name":"stdout","time":4048.764478391,"data":"现在选取:(B3)N15_M07_F04 进行训练的源模型\n"}
,{"stream_name":"stdout","time":4048.764517583,"data":"现在进行：(B3)N15_M07_F04→(B2)N15_M07_F10 的迁移任务\n"}
,{"stream_name":"stdout","time":4048.764522792,"data":"log\u0026pt输出位置：/kaggle/working/shot_k10/S03/weight_PU_M1_shot_FS03toS03c_s2024/NEW_PU/Target-目标域/log\u0026pt/(B3)N15_M07_F04→(B2)N15_M07_F10\n"}
,{"stream_name":"stderr","time":4048.765848189,"data":"sh: 1: Syntax error: word unexpected (expecting \")\")\n"}
,{"stream_name":"stdout","time":4060.007903909,"data":"任务: (B3)N15_M07_F04→(B2)N15_M07_F10; 批次:····0/·1880;  总正确率: 59.93%\n"}
,{"stream_name":"stdout","time":4060.00795968,"data":"类型1 正确率：  83.00% -\u003e 1   83.00%, 2   17.00%, 3    0.00%\n"}
,{"stream_name":"stdout","time":4060.007968117,"data":"类型2 正确率：  93.00% -\u003e 1    0.50%, 2   92.95%, 3    6.55%\n"}
,{"stream_name":"stdout","time":4060.007974341,"data":"类型3 正确率：   4.00% -\u003e 1    0.00%, 2   96.15%, 3    3.85%\n"}
,{"stream_name":"stdout","time":4060.00799773,"data":"\n"}
,{"stream_name":"stdout","time":4060.008001413,"data":"\n"}
,{"stream_name":"stdout","time":4063.310678398,"data":"SHOT pseudo-labels: model 59.93% -\u003e centroid 66.03%\n"}
,{"stream_name":"stdout","time":4076.267378176,"data":"轮次:··1/·20 || cls:1.509 || im:-0.901 || 耗时：22.19s\n"}
,{"stream_name":"stdout","time":4079.671657852,"data":"SHOT pseudo-labels: model 68.33% -\u003e centroid 67.40%\n"}
,{"stream_name":"stdout","time":4092.787013187,"data":"轮次:··2/·20 || cls:1.424 || im:-0.834 || 耗时：16.52s\n"}
,{"stream_name":"stdout","time":4096.086647804,"data":"SHOT pseudo-labels: model 71.58% -\u003e centroid 65.52%\n"}
,{"stream_name":"stdout","time":4108.757522186,"data":"轮次:··3/·20 || cls:0.928 || im:-0.776 || 耗时：15.97s\n"}
,{"stream_name":"stdout","time":4112.0276341,"data":"SHOT pseudo-labels: model 72.78% -\u003e centroid 53.85%\n"}
,{"stream_name":"stdout","time":4124.646584593,"data":"轮次:··4/·20 || cls:0.852 || im:-0.759 || 耗时：15.89s\n"}
,{"stream_name":"stdout","time":4127.929646716,"data":"SHOT pseudo-labels: model 73.65% -\u003e centroid 52.33%\n"}
,{"stream_name":"stdout","time":4140.644608846,"data":"轮次:··5/·20 || cls:0.654 || im:-0.743 || 耗时：16.00s\n"}
,{"stream_name":"stdout","time":4143.978621254,"data":"SHOT pseudo-labels: model 73.67% -\u003e centroid 51.92%\n"}
,{"stream_name":"stdout","time":4156.854271116,"data":"轮次:··6/·20 || cls:0.854 || im:-0.700 || 耗时：16.21s\n"}
,{"stream_name":"stdout","time":4160.182646468,"data":"SHOT pseudo-labels: model 72.20% -\u003e centroid 49.35%\n"}
,{"stream_name":"stdout","time":4173.02365451,"data":"轮次:··7/·20 || cls:0.664 || im:-0.666 || 耗时：16.17s\n"}
,{"stream_name":"stdout","time":4176.328495108,"data":"SHOT pseudo-labels: model 72.73% -\u003e centroid 48.55%\n"}
,{"stream_name":"stdout","time":4189.098742133,"data":"轮次:··8/·20 || cls:0.814 || im:-0.704 || 耗时：16.07s\n"}
,{"stream_name":"stdout","time":4192.441663942,"data":"SHOT pseudo-labels: model 72.38% -\u003e centroid 48.88%\n"}
,{"stream_name":"stdout","time":4205.183303528,"data":"轮次:··9/·20 || cls:0.709 || im:-0.720 || 耗时：16.08s\n"}
,{"stream_name":"stdout","time":4208.500619905,"data":"SHOT pseudo-labels: model 72.88% -\u003e centroid 48.93%\n"}
,{"stream_name":"stdout","time":4221.258223498,"data":"轮次:·10/·20 || cls:0.665 || im:-0.614 || 耗时：16.07s\n"}
,{"stream_name":"stdout","time":4224.615868566,"data":"SHOT pseudo-labels: model 72.20% -\u003e centroid 48.92%\n"}
,{"stream_name":"stdout","time":4237.410613327,"data":"轮次:·11/·20 || cls:0.673 || im:-0.637 || 耗时：16.15s\n"}
,{"stream_name":"stdout","time":4240.72958232,"data":"SHOT pseudo-labels: model 72.30% -\u003e centroid 49.17%\n"}
,{"stream_name":"stdout","time":4253.53048118,"data":"轮次:·12/·20 || cls:0.619 || im:-0.690 || 耗时：16.12s\n"}
,{"stream_name":"stdout","time":4256.833571917,"data":"SHOT pseudo-labels: model 72.12% -\u003e centroid 49.62%\n"}
,{"stream_name":"stdout","time":4269.60087422,"data":"轮次:·13/·20 || cls:0.739 || im:-0.679 || 耗时：16.07s\n"}
,{"stream_name":"stdout","time":4272.995648579,"data":"SHOT pseudo-labels: model 72.38% -\u003e centroid 49.08%\n"}
,{"stream_name":"stdout","time":4285.765966603,"data":"轮次:·14/·20 || cls:0.643 || im:-0.611 || 耗时：16.16s\n"}
,{"stream_name":"stdout","time":4289.097744109,"data":"SHOT pseudo-labels: model 71.58% -\u003e centroid 49.25%\n"}
,{"stream_name":"stdout","time":4301.875582568,"data":"轮次:·15/·20 || cls:0.833 || im:-0.699 || 耗时：16.11s\n"}
,{"stream_name":"stdout","time":4305.207643493,"data":"SHOT pseudo-labels: model 72.10% -\u003e centroid 49.33%\n"}
,{"stream_name":"stdout","time":4317.981832905,"data":"轮次:·16/·20 || cls:0.754 || im:-0.651 || 耗时：16.11s\n"}
,{"stream_name":"stdout","time":4321.361622476,"data":"SHOT pseudo-labels: model 72.30% -\u003e centroid 49.18%\n"}
,{"stream_name":"stdout","time":4334.17845641,"data":"轮次:·17/·20 || cls:0.687 || im:-0.689 || 耗时：16.20s\n"}
,{"stream_name":"stdout","time":4337.52594758,"data":"SHOT pseudo-labels: model 71.38% -\u003e centroid 49.27%\n"}
,{"stream_name":"stdout","time":4350.329704551,"data":"轮次:·18/·20 || cls:0.671 || im:-0.695 || 耗时：16.15s\n"}
,{"stream_name":"stdout","time":4353.650666596,"data":"SHOT pseudo-labels: model 70.90% -\u003e centroid 49.40%\n"}
,{"stream_name":"stdout","time":4366.428904882,"data":"轮次:·19/·20 || cls:0.795 || im:-0.630 || 耗时：16.10s\n"}
,{"stream_name":"stdout","time":4369.78765105,"data":"SHOT pseudo-labels: model 71.70% -\u003e centroid 49.07%\n"}
,{"stream_name":"stdout","time":4382.578464676,"data":"轮次:·20/·20 || cls:0.575 || im:-0.658 || 耗时：16.15s\n"}
,{"stream_name":"stdout","time":4388.544189959,"data":"测试集任务: (B3)N15_M07_F04→(B2)N15_M07_F10; 总正确率 = 70.77%\n"}
,{"stream_name":"stdout","time":4388.544239921,"data":"类型1 正确率：  97.00% -\u003e 1   96.55%, 2    0.25%, 3    3.20%\n"}
,{"stream_name":"stdout","time":4388.544249178,"data":"类型2 正确率：  56.00% -\u003e 1    0.35%, 2   56.00%, 3   43.65%\n"}
,{"stream_name":"stdout","time":4388.544255999,"data":"类型3 正确率：  60.00% -\u003e 1    0.00%, 2   40.25%, 3   59.75%\n"}
,{"stream_name":"stdout","time":4388.544261451,"data":"\n"}
,{"stream_name":"stdout","time":4388.544266412,"data":"\n"}
,{"stream_name":"stdout","time":4388.565312034,"data":"[tar_adaptation_RES_PU.py --folder_root /kaggle/working/shot_k10/S03/sdalr_PU_shot/DATA_foldS03c --seed 2024 --class_num 3 --data_name PU_M1_L3 --output /kaggle/working/shot_k10/S03/weight_PU_M1_shot_FS03toS03c_s2024 --s 2 --t 1 --lr 0.0005 --threshold 0.4 --K 0.6] 340s\n"}
,{"stream_name":"stdout","time":4388.583834861,"data":"{\n"}
,{"stream_name":"stdout","time":4388.583861325,"data":"  \"dataset\": \"PU_M1\",\n"}
,{"stream_name":"stdout","time":4388.583867934,"data":"  \"variant\": \"shot\",\n"}
,{"stream_name":"stdout","time":4388.583872223,"data":"  \"seed\": 2024,\n"}
,{"stream_name":"stdout","time":4388.58387618,"data":"  \"smoke\": false,\n"}
,{"stream_name":"stdout","time":4388.583879907,"data":"  \"src_fold\": \"S03\",\n"}
,{"stream_name":"stdout","time":4388.583883417,"data":"  \"tgt_fold\": \"S03c\",\n"}
,{"stream_name":"stdout","time":4388.58388701,"data":"  \"leaky\": false,\n"}
,{"stream_name":"stdout","time":4388.583908152,"data":"  \"hyperparameters\": {\n"}
,{"stream_name":"stdout","time":4388.583914606,"data":"    \"lr\": \"0.0005\",\n"}
,{"stream_name":"stdout","time":4388.583920672,"data":"    \"threshold\": \"0.4\",\n"}
,{"stream_name":"stdout","time":4388.583926744,"data":"    \"K\": \"0.6\"\n"}
,{"stream_name":"stdout","time":4388.583932054,"data":"  },\n"}
,{"stream_name":"stdout","time":4388.583936833,"data":"  \"adapters\": [\n"}
,{"stream_name":"stdout","time":4388.583943582,"data":"    \"npz_io\",\n"}
,{"stream_name":"stdout","time":4388.583951668,"data":"    \"tsne_stub\",\n"}
,{"stream_name":"stdout","time":4388.583955228,"data":"    \"shot_patch\"\n"}
,{"stream_name":"stdout","time":4388.583958606,"data":"  ],\n"}
,{"stream_name":"stdout","time":4388.583962002,"data":"  \"source_only\": {},\n"}
,{"stream_name":"stdout","time":4388.583965393,"data":"  \"adapted\": {\n"}
,{"stream_name":"stdout","time":4388.583968811,"data":"    \"A1-\u003eA3\": 64.57,\n"}
,{"stream_name":"stdout","time":4388.583983269,"data":"    \"A1-\u003eA2\": 61.5,\n"}
,{"stream_name":"stdout","time":4388.583986249,"data":"    \"A3-\u003eA1\": 65.48,\n"}
,{"stream_name":"stdout","time":4388.583988878,"data":"    \"A3-\u003eA2\": 61.82,\n"}
,{"stream_name":"stdout","time":4388.583992005,"data":"    \"A2-\u003eA1\": 70.8,\n"}
,{"stream_name":"stdout","time":4388.584009228,"data":"    \"A2-\u003eA3\": 70.77\n"}
,{"stream_name":"stdout","time":4388.584014121,"data":"  },\n"}
,{"stream_name":"stdout","time":4388.584018533,"data":"  \"seconds\": {\n"}
,{"stream_name":"stdout","time":4388.584022851,"data":"    \"A1-\u003eA3\": 342,\n"}
,{"stream_name":"stdout","time":4388.584027499,"data":"    \"A1-\u003eA2\": 341,\n"}
,{"stream_name":"stdout","time":4388.584031505,"data":"    \"A3-\u003eA1\": 341,\n"}
,{"stream_name":"stdout","time":4388.584035396,"data":"    \"A3-\u003eA2\": 340,\n"}
,{"stream_name":"stdout","time":4388.584039256,"data":"    \"A2-\u003eA1\": 340,\n"}
,{"stream_name":"stdout","time":4388.584043191,"data":"    \"A2-\u003eA3\": 340\n"}
,{"stream_name":"stdout","time":4388.584047154,"data":"  },\n"}
,{"stream_name":"stdout","time":4388.584050989,"data":"  \"gate_log\": {\n"}
,{"stream_name":"stdout","time":4388.584072249,"data":"    \"A1-\u003eA3\": [],\n"}
,{"stream_name":"stdout","time":4388.584074988,"data":"    \"A1-\u003eA2\": [],\n"}
,{"stream_name":"stdout","time":4388.584077382,"data":"    \"A3-\u003eA1\": [],\n"}
,{"stream_name":"stdout","time":4388.584079763,"data":"    \"A3-\u003eA2\": [],\n"}
,{"stream_name":"stdout","time":4388.584082172,"data":"    \"A2-\u003eA1\": [],\n"}
,{"stream_name":"stdout","time":4388.584084587,"data":"    \"A2-\u003eA3\": []\n"}
,{"stream_name":"stdout","time":4388.584087062,"data":"  },\n"}
,{"stream_name":"stdout","time":4388.58408941,"data":"  \"gate\": \"none\"\n"}
,{"stream_name":"stdout","time":4388.584092068,"data":"}\n"}
,{"stream_name":"stdout","time":4389.942631949,"data":"RUN /usr/bin/python3 -u /kaggle/input/datasets/rafiurrahman01/physgate-m0-code/sdalr_runner.py --sdalr /kaggle/input/datasets/rafiurrahman01/physgate-m0-code --m0 /kaggle/input/datasets/rafiurrahman01/physgate-k10-g2 --dataset PU_M1 --src-fold S04 --tgt-fold S04 --variant shot --work /kaggle/working/shot_k10/S04 --seed 2024\n"}
,{"stream_name":"stdout","time":4396.403354553,"data":"\n"}
,{"stream_name":"stdout","time":4396.403394251,"data":"\n"}
,{"stream_name":"stdout","time":4396.403400885,"data":"现在开始拿源域训练集：(B1)N15_M01_F10 进行训练\n"}
,{"stream_name":"stdout","time":4396.403407693,"data":"源域读取路径：/kaggle/working/shot_k10/S04/sdalr_PU_shot/DATA_foldS04/PU_M1_L3/N15_M01_F10_label.txt\n"}
,{"stream_name":"stdout","time":4396.403413332,"data":"excel输出位置：/kaggle/working/shot_k10/S04/weight_src_PU_M1_FS04_s2024/NEW_PU/Source-源域\n"}
,{"stream_name":"stdout","time":4396.40341875,"data":"log\u0026pt输出位置：/kaggle/working/shot_k10/S04/weight_src_PU_M1_FS04_s2024/NEW_PU/Source-源域/log\u0026pt/(B1)N15_M01_F10\n"}
,{"stream_name":"stdout","time":4396.403969558,"data":"特征图片输出位置：/kaggle/working/shot_k10/S04/weight_src_PU_M1_FS04_s2024/NEW_PU/Picture-特征图/2026年09月22日00时44分/(B1)N15_M01_F10\n"}
,{"stream_name":"stderr","time":4396.405465594,"data":"sh: 1: Syntax error: word unexpected (expecting \")\")\n"}
,{"stream_name":"stdout","time":4396.405996161,"data":"源域训练开始\n"}
,{"stream_name":"stderr","time":4398.553979733,"data":"/usr/local/lib/python3.12/dist-packages/torch/nn/utils/weight_norm.py:144: FutureWarning: `torch.nn.utils.weight_norm` is deprecated in favor of `torch.nn.utils.parametrizations.weight_norm`.\n"}
,{"stream_name":"stderr","time":4398.554052469,"data":"  WeightNorm.apply(module, name, dim)\n"}
,{"stream_name":"stdout","time":4407.780632159,"data":"轮次:··1/·10 || loss:0.133 || 耗时：9.18s\n"}
,{"stream_name":"stdout","time":4416.732069951,"data":"轮次:··2/·10 || loss:0.108 || 耗时：8.89s\n"}
,{"stream_name":"stdout","time":4426.018159038,"data":"轮次:··3/·10 || loss:0.097 || 耗时：9.22s\n"}
,{"stream_name":"stdout","time":4435.47112218,"data":"轮次:··4/·10 || loss:0.053 || 耗时：9.39s\n"}
,{"stream_name":"stdout","time":4444.684788406,"data":"轮次:··5/·10 || loss:0.039 || 耗时：9.15s\n"}
,{"stream_name":"stdout","time":4445.307336748,"data":"任务: (B1)N15_M01_F10; mix批次:····0; 批次:··330/··660; 总正确率 = 96.63%\n"}
,{"stream_name":"stdout","time":4445.307371406,"data":"类型1 正确率： 100.00% -\u003e 1  100.00%, 2    0.00%, 3    0.00%\n"}
,{"stream_name":"stdout","time":4445.307397084,"data":"类型2 正确率：  95.00% -\u003e 1    0.00%, 2   94.68%, 3    5.32%\n"}
,{"stream_name":"stdout","time":4445.307402028,"data":"类型3 正确率：  95.00% -\u003e 1    0.00%, 2    4.78%, 3   95.22%\n"}
,{"stream_name":"stdout","time":4445.30740658,"data":"\n"}
,{"stream_name":"stdout","time":4445.307411155,"data":"\n"}
,{"stream_name":"stdout","time":4454.241287277,"data":"轮次:··6/·10 || loss:0.009 || 耗时：8.83s\n"}
,{"stream_name":"stdout","time":4463.015899086,"data":"轮次:··7/·10 || loss:0.029 || 耗时：8.71s\n"}
,{"stream_name":"stdout","time":4471.764517683,"data":"轮次:··8/·10 || loss:0.011 || 耗时：8.69s\n"}
,{"stream_name":"stdout","time":4480.546822338,"data":"轮次:··9/·10 || loss:0.001 || 耗时：8.72s\n"}
,{"stream_name":"stdout","time":4489.447531934,"data":"轮次:·10/·10 || loss:0.032 || 耗时：8.84s\n"}
,{"stream_name":"stdout","time":4490.050974741,"data":"任务: (B1)N15_M01_F10; mix批次:····0; 批次:··660/··660; 总正确率 = 94.86%\n"}
,{"stream_name":"stdout","time":4490.051009199,"data":"类型1 正确率： 100.00% -\u003e 1  100.00%, 2    0.00%, 3    0.00%\n"}
,{"stream_name":"stdout","time":4490.051016176,"data":"类型2 正确率：  85.00% -\u003e 1    0.00%, 2   84.57%, 3   15.43%\n"}
,{"stream_name":"stdout","time":4490.051021811,"data":"类型3 正确率： 100.00% -\u003e 1    0.00%, 2    0.00%, 3  100.00%\n"}
,{"stream_name":"stdout","time":4490.0510271,"data":"\n"}
,{"stream_name":"stdout","time":4490.051032043,"data":"\n"}
,{"stream_name":"stdout","time":4491.303644354,"data":"测试集任务: (B1)N15_M01_F10; 总正确率 = 96.71%\n"}
,{"stream_name":"stdout","time":4491.303704863,"data":"类型1 正确率： 100.00% -\u003e 1  100.00%, 2    0.00%, 3    0.00%\n"}
,{"stream_name":"stdout","time":4491.303713125,"data":"类型2 正确率：  98.00% -\u003e 1    0.00%, 2   98.08%, 3    1.92%\n"}
,{"stream_name":"stdout","time":4491.303719631,"data":"类型3 正确率：  92.00% -\u003e 1    0.00%, 2    7.95%, 3   92.05%\n"}
,{"stream_name":"stdout","time":4491.303726136,"data":"\n"}
,{"stream_name":"stdout","time":4491.303732377,"data":"\n"}
,{"stream_name":"stdout","time":4491.315004612,"data":"源域训练结束\n"}
,{"stream_name":"stdout","time":4491.315029116,"data":"\n"}
,{"stream_name":"stdout","time":4491.31503435,"data":"训练好之后，测试目标域\n"}
,{"stream_name":"stdout","time":4491.315734028,"data":"目标域路径：/kaggle/working/shot_k10/S04/sdalr_PU_shot/DATA_foldS04/PU_M1_L3/N15_M07_F10_label.txt\n"}
,{"stream_name":"stderr","time":4491.723653412,"data":"/usr/local/lib/python3.12/dist-packages/torch/nn/utils/weight_norm.py:144: FutureWarning: `torch.nn.utils.weight_norm` is deprecated in favor of `torch.nn.utils.parametrizations.weight_norm`.\n"}
,{"stream_name":"stderr","time":4491.723720187,"data":"  WeightNorm.apply(module, name, dim)\n"}
,{"stream_name":"stdout","time":4492.965216183,"data":"测试目标数据集结果如下：\n"}
,{"stream_name":"stdout","time":4492.965250677,"data":"任务: (B1)N15_M01_F10→(B2)N15_M07_F10, 正确率 = 93.93%\n"}
,{"stream_name":"stdout","time":4492.965256542,"data":"类型1 正确率： 100.00% -\u003e 1   99.75%, 2    0.25%, 3    0.00%\n"}
,{"stream_name":"stdout","time":4492.965261793,"data":"类型2 正确率： 100.00% -\u003e 1    0.00%, 2  100.00%, 3    0.00%\n"}
,{"stream_name":"stdout","time":4492.965266488,"data":"类型3 正确率：  82.00% -\u003e 1    0.00%, 2   17.96%, 3   82.04%\n"}
,{"stream_name":"stdout","time":4492.965271047,"data":"\n"}
,{"stream_name":"stdout","time":4492.96584957,"data":"目标域路径：/kaggle/working/shot_k10/S04/sdalr_PU_shot/DATA_foldS04/PU_M1_L3/N15_M07_F04_label.txt\n"}
,{"stream_name":"stderr","time":4493.368428662,"data":"/usr/local/lib/python3.12/dist-packages/torch/nn/utils/weight_norm.py:144: FutureWarning: `torch.nn.utils.weight_norm` is deprecated in favor of `torch.nn.utils.parametrizations.weight_norm`.\n"}
,{"stream_name":"stderr","time":4493.368494793,"data":"  WeightNorm.apply(module, name, dim)\n"}
,{"stream_name":"stdout","time":4494.616519468,"data":"测试目标数据集结果如下：\n"}
,{"stream_name":"stdout","time":4494.616707038,"data":"任务: (B1)N15_M01_F10→(B3)N15_M07_F04, 正确率 = 71.72%\n"}
,{"stream_name":"stdout","time":4494.617564389,"data":"类型1 正确率： 100.00% -\u003e 1  100.00%, 2    0.00%, 3    0.00%\n"}
,{"stream_name":"stdout","time":4494.617581245,"data":"类型2 正确率： 100.00% -\u003e 1    0.00%, 2   99.51%, 3    0.49%\n"}
,{"stream_name":"stdout","time":4494.61758531,"data":"类型3 正确率：  16.00% -\u003e 1    0.26%, 2   84.07%, 3   15.67%\n"}
,{"stream_name":"stdout","time":4494.617589008,"data":"\n"}
,{"stream_name":"stdout","time":4494.617598068,"data":"\n"}
,{"stream_name":"stdout","time":4494.617626275,"data":"\n"}
,{"stream_name":"stdout","time":4494.617630373,"data":"现在开始拿源域训练集：(B2)N15_M07_F10 进行训练\n"}
,{"stream_name":"stdout","time":4494.617634163,"data":"源域读取路径：/kaggle/working/shot_k10/S04/sdalr_PU_shot/DATA_foldS04/PU_M1_L3/N15_M07_F10_label.txt\n"}
,{"stream_name":"stdout","time":4494.617638001,"data":"excel输出位置：/kaggle/working/shot_k10/S04/weight_src_PU_M1_FS04_s2024/NEW_PU/Source-源域\n"}
,{"stream_name":"stdout","time":4494.61764188,"data":"log\u0026pt输出位置：/kaggle/working/shot_k10/S04/weight_src_PU_M1_FS04_s2024/NEW_PU/Source-源域/log\u0026pt/(B2)N15_M07_F10\n"}
,{"stream_name":"stdout","time":4494.617645795,"data":"特征图片输出位置：/kaggle/working/shot_k10/S04/weight_src_PU_M1_FS04_s2024/NEW_PU/Picture-特征图/2026年09月22日00时44分/(B2)N15_M07_F10\n"}
,{"stream_name":"stderr","time":4494.619291034,"data":"sh: 1: Syntax error: word unexpected (expecting \")\")\n"}
,{"stream_name":"stdout","time":4494.619906825,"data":"源域训练开始\n"}
,{"stream_name":"stderr","time":4496.494178661,"data":"/usr/local/lib/python3.12/dist-packages/torch/nn/utils/weight_norm.py:144: FutureWarning: `torch.nn.utils.weight_norm` is deprecated in favor of `torch.nn.utils.parametrizations.weight_norm`.\n"}
,{"stream_name":"stderr","time":4496.494307561,"data":"  WeightNorm.apply(module, name, dim)\n"}
,{"stream_name":"stdout","time":4505.733702668,"data":"轮次:··1/·10 || loss:0.070 || 耗时：9.17s\n"}
,{"stream_name":"stdout","time":4514.867513964,"data":"轮次:··2/·10 || loss:0.150 || 耗时：9.07s\n"}
,{"stream_name":"stdout","time":4523.862855101,"data":"轮次:··3/·10 || loss:0.027 || 耗时：8.93s\n"}
,{"stream_name":"stdout","time":4532.757781281,"data":"轮次:··4/·10 || loss:0.007 || 耗时：8.83s\n"}
,{"stream_name":"stdout","time":4541.629978626,"data":"轮次:··5/·10 || loss:0.028 || 耗时：8.81s\n"}
,{"stream_name":"stdout","time":4542.224999472,"data":"任务: (B2)N15_M07_F10; mix批次:····0; 批次:··330/··660; 总正确率 = 98.05%\n"}
,{"stream_name":"stdout","time":4542.225030387,"data":"类型1 正确率： 100.00% -\u003e 1  100.00%, 2    0.00%, 3    0.00%\n"}
,{"stream_name":"stdout","time":4542.225037517,"data":"类型2 正确率：  95.00% -\u003e 1    0.00%, 2   94.62%, 3    5.38%\n"}
,{"stream_name":"stdout","time":4542.225043193,"data":"类型3 正确率： 100.00% -\u003e 1    0.00%, 2    0.49%, 3   99.51%\n"}
,{"stream_name":"stdout","time":4542.225048756,"data":"\n"}
,{"stream_name":"stdout","time":4542.225054361,"data":"\n"}
,{"stream_name":"stdout","time":4551.12843744,"data":"轮次:··6/·10 || loss:0.002 || 耗时：8.81s\n"}
,{"stream_name":"stdout","time":4560.016042344,"data":"轮次:··7/·10 || loss:0.010 || 耗时：8.82s\n"}
,{"stream_name":"stdout","time":4568.958570519,"data":"轮次:··8/·10 || loss:0.006 || 耗时：8.88s\n"}
,{"stream_name":"stdout","time":4577.936213878,"data":"轮次:··9/·10 || loss:0.017 || 耗时：8.91s\n"}
,{"stream_name":"stdout","time":4586.93875707,"data":"轮次:·10/·10 || loss:0.001 || 耗时：8.94s\n"}
,{"stream_name":"stdout","time":4587.540645265,"data":"任务: (B2)N15_M07_F10; mix批次:····0; 批次:··660/··660; 总正确率 = 99.12%\n"}
,{"stream_name":"stdout","time":4587.540678175,"data":"类型1 正确率： 100.00% -\u003e 1  100.00%, 2    0.00%, 3    0.00%\n"}
,{"stream_name":"stdout","time":4587.540685617,"data":"类型2 正确率：  98.00% -\u003e 1    0.00%, 2   97.85%, 3    2.15%\n"}
,{"stream_name":"stdout","time":4587.540691318,"data":"类型3 正确率： 100.00% -\u003e 1    0.00%, 2    0.49%, 3   99.51%\n"}
,{"stream_name":"stdout","time":4587.54069717,"data":"\n"}
,{"stream_name":"stdout","time":4587.540702231,"data":"\n"}
,{"stream_name":"stdout","time":4588.826993462,"data":"测试集任务: (B2)N15_M07_F10; 总正确率 = 99.51%\n"}
,{"stream_name":"stdout","time":4588.827028047,"data":"类型1 正确率： 100.00% -\u003e 1  100.00%, 2    0.00%, 3    0.00%\n"}
,{"stream_name":"stdout","time":4588.827033497,"data":"类型2 正确率：  99.00% -\u003e 1    0.00%, 2   99.26%, 3    0.74%\n"}
,{"stream_name":"stdout","time":4588.827037902,"data":"类型3 正确率：  99.00% -\u003e 1    0.00%, 2    0.72%, 3   99.28%\n"}
,{"stream_name":"stdout","time":4588.827042324,"data":"\n"}
,{"stream_name":"stdout","time":4588.827046657,"data":"\n"}
,{"stream_name":"stdout","time":4588.839180334,"data":"源域训练结束\n"}
,{"stream_name":"stdout","time":4588.839200061,"data":"\n"}
,{"stream_name":"stdout","time":4588.839204932,"data":"训练好之后，测试目标域\n"}
,{"stream_name":"stdout","time":4588.839209384,"data":"目标域路径：/kaggle/working/shot_k10/S04/sdalr_PU_shot/DATA_foldS04/PU_M1_L3/N15_M01_F10_label.txt\n"}
,{"stream_name":"stderr","time":4589.25570104,"data":"/usr/local/lib/python3.12/dist-packages/torch/nn/utils/weight_norm.py:144: FutureWarning: `torch.nn.utils.weight_norm` is deprecated in favor of `torch.nn.utils.parametrizations.weight_norm`.\n"}
,{"stream_name":"stderr","time":4589.255736956,"data":"  WeightNorm.apply(module, name, dim)\n"}
,{"stream_name":"stdout","time":4590.495900317,"data":"测试目标数据集结果如下：\n"}
,{"stream_name":"stdout","time":4590.495933256,"data":"任务: (B2)N15_M07_F10→(B1)N15_M01_F10, 正确率 = 92.14%\n"}
,{"stream_name":"stdout","time":4590.495957253,"data":"类型1 正确率： 100.00% -\u003e 1  100.00%, 2    0.00%, 3    0.00%\n"}
,{"stream_name":"stdout","time":4590.495961457,"data":"类型2 正确率：  77.00% -\u003e 1    0.74%, 2   76.67%, 3   22.58%\n"}
,{"stream_name":"stdout","time":4590.495964921,"data":"类型3 正确率： 100.00% -\u003e 1    0.00%, 2    0.25%, 3   99.75%\n"}
,{"stream_name":"stdout","time":4590.495968293,"data":"\n"}
,{"stream_name":"stdout","time":4590.49640021,"data":"目标域路径：/kaggle/working/shot_k10/S04/sdalr_PU_shot/DATA_foldS04/PU_M1_L3/N15_M07_F04_label.txt\n"}
,{"stream_name":"stderr","time":4590.874352447,"data":"/usr/local/lib/python3.12/dist-packages/torch/nn/utils/weight_norm.py:144: FutureWarning: `torch.nn.utils.weight_norm` is deprecated in favor of `torch.nn.utils.parametrizations.weight_norm`.\n"}
,{"stream_name":"stderr","time":4590.874394354,"data":"  WeightNorm.apply(module, name, dim)\n"}
,{"stream_name":"stdout","time":4592.11264039,"data":"测试目标数据集结果如下：\n"}
,{"stream_name":"stdout","time":4592.112700214,"data":"任务: (B2)N15_M07_F10→(B3)N15_M07_F04, 正确率 = 80.21%\n"}
,{"stream_name":"stdout","time":4592.112707241,"data":"类型1 正确率： 100.00% -\u003e 1  100.00%, 2    0.00%, 3    0.00%\n"}
,{"stream_name":"stdout","time":4592.112712794,"data":"类型2 正确率：  90.00% -\u003e 1    0.00%, 2   89.83%, 3   10.17%\n"}
,{"stream_name":"stdout","time":4592.112717566,"data":"类型3 正确率：  51.00% -\u003e 1    2.39%, 2   46.81%, 3   50.80%\n"}
,{"stream_name":"stdout","time":4592.112722121,"data":"\n"}
,{"stream_name":"stdout","time":4592.113183403,"data":"\n"}
,{"stream_name":"stdout","time":4592.113191677,"data":"\n"}
,{"stream_name":"stdout","time":4592.113237103,"data":"现在开始拿源域训练集：(B3)N15_M07_F04 进行训练\n"}
,{"stream_name":"stdout","time":4592.113925916,"data":"源域读取路径：/kaggle/working/shot_k10/S04/sdalr_PU_shot/DATA_foldS04/PU_M1_L3/N15_M07_F04_label.txt\n"}
,{"stream_name":"stdout","time":4592.113963703,"data":"excel输出位置：/kaggle/working/shot_k10/S04/weight_src_PU_M1_FS04_s2024/NEW_PU/Source-源域\n"}
,{"stream_name":"stdout","time":4592.113970635,"data":"log\u0026pt输出位置：/kaggle/working/shot_k10/S04/weight_src_PU_M1_FS04_s2024/NEW_PU/Source-源域/log\u0026pt/(B3)N15_M07_F04\n"}
,{"stream_name":"stdout","time":4592.113977511,"data":"特征图片输出位置：/kaggle/working/shot_k10/S04/weight_src_PU_M1_FS04_s2024/NEW_PU/Picture-特征图/2026年09月22日00时44分/(B3)N15_M07_F04\n"}
,{"stream_name":"stderr","time":4592.115797911,"data":"sh: 1: Syntax error: word unexpected (expecting \")\")\n"}
,{"stream_name":"stdout","time":4592.116337219,"data":"源域训练开始\n"}
,{"stream_name":"stderr","time":4593.96077379,"data":"/usr/local/lib/python3.12/dist-packages/torch/nn/utils/weight_norm.py:144: FutureWarning: `torch.nn.utils.weight_norm` is deprecated in favor of `torch.nn.utils.parametrizations.weight_norm`.\n"}
,{"stream_name":"stderr","time":4593.960821628,"data":"  WeightNorm.apply(module, name, dim)\n"}
,{"stream_name":"stdout","time":4602.886609806,"data":"轮次:··1/·10 || loss:0.171 || 耗时：8.86s\n"}
,{"stream_name":"stdout","time":4611.821975986,"data":"轮次:··2/·10 || loss:0.011 || 耗时：8.87s\n"}
,{"stream_name":"stdout","time":4620.782807819,"data":"轮次:··3/·10 || loss:0.008 || 耗时：8.89s\n"}
,{"stream_name":"stdout","time":4629.749928649,"data":"轮次:··4/·10 || loss:0.006 || 耗时：8.90s\n"}
,{"stream_name":"stdout","time":4638.733146536,"data":"轮次:··5/·10 || loss:0.005 || 耗时：8.92s\n"}
,{"stream_name":"stdout","time":4639.338706434,"data":"任务: (B3)N15_M07_F04; mix批次:····0; 批次:··330/··660; 总正确率 = 98.45%\n"}
,{"stream_name":"stdout","time":4639.338739157,"data":"类型1 正确率： 100.00% -\u003e 1  100.00%, 2    0.00%, 3    0.00%\n"}
,{"stream_name":"stdout","time":4639.338744431,"data":"类型2 正确率： 100.00% -\u003e 1    0.00%, 2  100.00%, 3    0.00%\n"}
,{"stream_name":"stdout","time":4639.338748549,"data":"类型3 正确率：  95.00% -\u003e 1    0.00%, 2    4.66%, 3   95.34%\n"}
,{"stream_name":"stdout","time":4639.338752528,"data":"\n"}
,{"stream_name":"stdout","time":4639.338755925,"data":"\n"}
,{"stream_name":"stdout","time":4648.364981636,"data":"轮次:··6/·10 || loss:0.007 || 耗时：8.92s\n"}
,{"stream_name":"stdout","time":4657.341137449,"data":"轮次:··7/·10 || loss:0.004 || 耗时：8.91s\n"}
,{"stream_name":"stdout","time":4666.291397584,"data":"轮次:··8/·10 || loss:0.012 || 耗时：8.89s\n"}
,{"stream_name":"stdout","time":4675.237963985,"data":"轮次:··9/·10 || loss:0.007 || 耗时：8.88s\n"}
,{"stream_name":"stdout","time":4684.175038929,"data":"轮次:·10/·10 || loss:0.001 || 耗时：8.87s\n"}
,{"stream_name":"stdout","time":4684.777160872,"data":"任务: (B3)N15_M07_F04; mix批次:····0; 批次:··660/··660; 总正确率 = 99.14%\n"}
,{"stream_name":"stdout","time":4684.777195145,"data":"类型1 正确率： 100.00% -\u003e 1  100.00%, 2    0.00%, 3    0.00%\n"}
,{"stream_name":"stdout","time":4684.777200966,"data":"类型2 正确率： 100.00% -\u003e 1    0.00%, 2  100.00%, 3    0.00%\n"}
,{"stream_name":"stdout","time":4684.777205501,"data":"类型3 正确率：  97.00% -\u003e 1    0.00%, 2    2.59%, 3   97.41%\n"}
,{"stream_name":"stdout","time":4684.77720979,"data":"\n"}
,{"stream_name":"stdout","time":4684.777213665,"data":"\n"}
,{"stream_name":"stdout","time":4686.052027355,"data":"测试集任务: (B3)N15_M07_F04; 总正确率 = 99.43%\n"}
,{"stream_name":"stdout","time":4686.052061457,"data":"类型1 正确率： 100.00% -\u003e 1  100.00%, 2    0.00%, 3    0.00%\n"}
,{"stream_name":"stdout","time":4686.052069528,"data":"类型2 正确率：  99.00% -\u003e 1    0.00%, 2   99.46%, 3    0.54%\n"}
,{"stream_name":"stdout","time":4686.052076103,"data":"类型3 正确率：  99.00% -\u003e 1    0.00%, 2    1.16%, 3   98.84%\n"}
,{"stream_name":"stdout","time":4686.05208245,"data":"\n"}
,{"stream_name":"stdout","time":4686.052088132,"data":"\n"}
,{"stream_name":"stdout","time":4686.061063753,"data":"源域训练结束\n"}
,{"stream_name":"stdout","time":4686.061087347,"data":"\n"}
,{"stream_name":"stdout","time":4686.061116787,"data":"训练好之后，测试目标域\n"}
,{"stream_name":"stdout","time":4686.061122899,"data":"目标域路径：/kaggle/working/shot_k10/S04/sdalr_PU_shot/DATA_foldS04/PU_M1_L3/N15_M01_F10_label.txt\n"}
,{"stream_name":"stderr","time":4686.44998985,"data":"/usr/local/lib/python3.12/dist-packages/torch/nn/utils/weight_norm.py:144: FutureWarning: `torch.nn.utils.weight_norm` is deprecated in favor of `torch.nn.utils.parametrizations.weight_norm`.\n"}
,{"stream_name":"stderr","time":4686.450032393,"data":"  WeightNorm.apply(module, name, dim)\n"}
,{"stream_name":"stdout","time":4687.674361331,"data":"测试目标数据集结果如下：\n"}
,{"stream_name":"stdout","time":4687.674395697,"data":"任务: (B3)N15_M07_F04→(B1)N15_M01_F10, 正确率 = 62.60%\n"}
,{"stream_name":"stdout","time":4687.674401351,"data":"类型1 正确率： 100.00% -\u003e 1  100.00%, 2    0.00%, 3    0.00%\n"}
,{"stream_name":"stdout","time":4687.674406015,"data":"类型2 正确率：  36.00% -\u003e 1    0.00%, 2   36.15%, 3   63.85%\n"}
,{"stream_name":"stdout","time":4687.674428545,"data":"类型3 正确率：  52.00% -\u003e 1    0.00%, 2   48.34%, 3   51.66%\n"}
,{"stream_name":"stdout","time":4687.674432115,"data":"\n"}
,{"stream_name":"stdout","time":4687.674909898,"data":"目标域路径：/kaggle/working/shot_k10/S04/sdalr_PU_shot/DATA_foldS04/PU_M1_L3/N15_M07_F10_label.txt\n"}
,{"stream_name":"stderr","time":4688.064130076,"data":"/usr/local/lib/python3.12/dist-packages/torch/nn/utils/weight_norm.py:144: FutureWarning: `torch.nn.utils.weight_norm` is deprecated in favor of `torch.nn.utils.parametrizations.weight_norm`.\n"}
,{"stream_name":"stderr","time":4688.064218249,"data":"  WeightNorm.apply(module, name, dim)\n"}
,{"stream_name":"stdout","time":4689.284116062,"data":"测试目标数据集结果如下：\n"}
,{"stream_name":"stdout","time":4689.284149641,"data":"任务: (B3)N15_M07_F04→(B2)N15_M07_F10, 正确率 = 67.99%\n"}
,{"stream_name":"stdout","time":4689.284154687,"data":"类型1 正确率： 100.00% -\u003e 1   99.75%, 2    0.00%, 3    0.25%\n"}
,{"stream_name":"stdout","time":4689.284159605,"data":"类型2 正确率：  44.00% -\u003e 1    0.00%, 2   43.70%, 3   56.30%\n"}
,{"stream_name":"stdout","time":4689.28416367,"data":"类型3 正确率：  61.00% -\u003e 1    0.00%, 2   39.47%, 3   60.53%\n"}
,{"stream_name":"stdout","time":4689.284722025,"data":"\n"}
,{"stream_name":"stdout","time":4689.293687319,"data":"[src_pretrain_RES_PU.py --folder_root /kaggle/working/shot_k10/S04/sdalr_PU_shot/DATA_foldS04 --seed 2024 --class_num 3 --data_name PU_M1_L3 --output /kaggle/working/shot_k10/S04/weight_src_PU_M1_FS04_s2024] 293s\n"}
,{"stream_name":"stdout","time":4689.338047974,"data":"读取源域路径：/kaggle/working/shot_k10/S04/weight_PU_M1_shot_FS04toS04_s2024/NEW_PU/Source-源域/log\u0026pt/(B1)N15_M01_F10\n"}
,{"stream_name":"stdout","time":4689.338075402,"data":"excel输出位置：/kaggle/working/shot_k10/S04/weight_PU_M1_shot_FS04toS04_s2024/NEW_PU/Target-目标域\n"}
,{"stream_name":"stdout","time":4689.338118038,"data":"特征图片输出位置：/kaggle/working/shot_k10/S04/weight_PU_M1_shot_FS04toS04_s2024/NEW_PU/Picture-特征图/2026年09月22日00时49分/(B1)N15_M01_F10\n"}
,{"stream_name":"stderr","time":4689.373897378,"data":"/usr/local/lib/python3.12/dist-packages/torch/nn/utils/weight_norm.py:144: FutureWarning: `torch.nn.utils.weight_norm` is deprecated in favor of `torch.nn.utils.parametrizations.weight_norm`.\n"}
,{"stream_name":"stderr","time":4689.373941155,"data":"  WeightNorm.apply(module, name, dim)\n"}
,{"stream_name":"stdout","time":4689.411296799,"data":"现在选取:(B1)N15_M01_F10 进行训练的源模型\n"}
,{"stream_name":"stdout","time":4689.41132602,"data":"现在进行：(B1)N15_M01_F10→(B2)N15_M07_F10 的迁移任务\n"}
,{"stream_name":"stdout","time":4689.411332634,"data":"log\u0026pt输出位置：/kaggle/working/shot_k10/S04/weight_PU_M1_shot_FS04toS04_s2024/NEW_PU/Target-目标域/log\u0026pt/(B1)N15_M01_F10→(B2)N15_M07_F10\n"}
,{"stream_name":"stderr","time":4689.412815044,"data":"sh: 1: Syntax error: word unexpected (expecting \")\")\n"}
,{"stream_name":"stdout","time":4700.758058411,"data":"任务: (B1)N15_M01_F10→(B2)N15_M07_F10; 批次:····0/·1880;  总正确率: 94.32%\n"}
,{"stream_name":"stdout","time":4700.758110725,"data":"类型1 正确率： 100.00% -\u003e 1   99.95%, 2    0.05%, 3    0.00%\n"}
,{"stream_name":"stdout","time":4700.758117091,"data":"类型2 正确率： 100.00% -\u003e 1    0.00%, 2   99.90%, 3    0.10%\n"}
,{"stream_name":"stdout","time":4700.758120551,"data":"类型3 正确率：  83.00% -\u003e 1    0.00%, 2   16.90%, 3   83.10%\n"}
,{"stream_name":"stdout","time":4700.758123919,"data":"\n"}
,{"stream_name":"stdout","time":4700.758127042,"data":"\n"}
,{"stream_name":"stdout","time":4704.060690772,"data":"SHOT pseudo-labels: model 94.32% -\u003e centroid 97.65%\n"}
,{"stream_name":"stderr","time":4717.140604902,"data":"/kaggle/working/shot_k10/S04/sdalr_PU_shot/tar_adaptation_RES_PU.py:114: UserWarning: Converting a tensor with requires_grad=True to a scalar may lead to unexpected behavior.\n"}
,{"stream_name":"stderr","time":4717.140656081,"data":"Consider using tensor.detach() first. (Triggered internally at /pytorch/torch/csrc/autograd/generated/python_variable_methods.cpp:836.)\n"}
,{"stream_name":"stdout","time":4717.140655348,"data":"轮次:··1/·20 || cls:1.231 || im:-0.907 || 耗时：22.30s\n"}
,{"stream_name":"stderr","time":4717.140663112,"data":"  iter_num // epoch_len, args.max_epoch, float(classifier_loss), float(im_loss), time.time() - start))\n"}
,{"stream_name":"stdout","time":4720.589638976,"data":"SHOT pseudo-labels: model 93.78% -\u003e centroid 95.30%\n"}
,{"stream_name":"stdout","time":4733.730327461,"data":"轮次:··2/·20 || cls:1.134 || im:-0.845 || 耗时：16.59s\n"}
,{"stream_name":"stdout","time":4737.048650072,"data":"SHOT pseudo-labels: model 92.13% -\u003e centroid 82.47%\n"}
,{"stream_name":"stdout","time":4749.731054757,"data":"轮次:··3/·20 || cls:1.150 || im:-0.709 || 耗时：16.00s\n"}
,{"stream_name":"stdout","time":4753.027598382,"data":"SHOT pseudo-labels: model 89.92% -\u003e centroid 75.80%\n"}
,{"stream_name":"stdout","time":4765.643214484,"data":"轮次:··4/·20 || cls:0.728 || im:-0.703 || 耗时：15.91s\n"}
,{"stream_name":"stdout","time":4768.942695294,"data":"SHOT pseudo-labels: model 90.63% -\u003e centroid 74.30%\n"}
,{"stream_name":"stdout","time":4781.695542462,"data":"轮次:··5/·20 || cls:0.813 || im:-0.722 || 耗时：16.05s\n"}
,{"stream_name":"stdout","time":4785.032618644,"data":"SHOT pseudo-labels: model 90.75% -\u003e centroid 72.80%\n"}
,{"stream_name":"stdout","time":4797.96097628,"data":"轮次:··6/·20 || cls:0.789 || im:-0.711 || 耗时：16.27s\n"}
,{"stream_name":"stdout","time":4801.314626041,"data":"SHOT pseudo-labels: model 93.70% -\u003e centroid 78.18%\n"}
,{"stream_name":"stdout","time":4814.136120573,"data":"轮次:··7/·20 || cls:0.699 || im:-0.676 || 耗时：16.18s\n"}
,{"stream_name":"stdout","time":4817.440622427,"data":"SHOT pseudo-labels: model 94.65% -\u003e centroid 81.82%\n"}
,{"stream_name":"stdout","time":4830.159800062,"data":"轮次:··8/·20 || cls:0.801 || im:-0.658 || 耗时：16.02s\n"}
,{"stream_name":"stdout","time":4833.466873382,"data":"SHOT pseudo-labels: model 94.70% -\u003e centroid 84.28%\n"}
,{"stream_name":"stdout","time":4846.208478097,"data":"轮次:··9/·20 || cls:0.680 || im:-0.719 || 耗时：16.05s\n"}
,{"stream_name":"stdout","time":4849.531628788,"data":"SHOT pseudo-labels: model 94.65% -\u003e centroid 83.83%\n"}
,{"stream_name":"stdout","time":4862.372142265,"data":"轮次:·10/·20 || cls:0.714 || im:-0.745 || 耗时：16.16s\n"}
,{"stream_name":"stdout","time":4865.714672844,"data":"SHOT pseudo-labels: model 94.35% -\u003e centroid 91.72%\n"}
,{"stream_name":"stdout","time":4878.577928813,"data":"轮次:·11/·20 || cls:0.717 || im:-0.677 || 耗时：16.21s\n"}
,{"stream_name":"stdout","time":4881.904997029,"data":"SHOT pseudo-labels: model 95.62% -\u003e centroid 93.43%\n"}
,{"stream_name":"stdout","time":4894.703652709,"data":"轮次:·12/·20 || cls:0.966 || im:-0.746 || 耗时：16.13s\n"}
,{"stream_name":"stdout","time":4898.002651568,"data":"SHOT pseudo-labels: model 95.18% -\u003e centroid 96.70%\n"}
,{"stream_name":"stdout","time":4910.715125429,"data":"轮次:·13/·20 || cls:0.703 || im:-0.732 || 耗时：16.01s\n"}
,{"stream_name":"stdout","time":4914.030644266,"data":"SHOT pseudo-labels: model 96.10% -\u003e centroid 96.82%\n"}
,{"stream_name":"stdout","time":4926.76306703,"data":"轮次:·14/·20 || cls:0.652 || im:-0.625 || 耗时：16.05s\n"}
,{"stream_name":"stdout","time":4930.047700105,"data":"SHOT pseudo-labels: model 96.08% -\u003e centroid 97.45%\n"}
,{"stream_name":"stdout","time":4942.81108808,"data":"轮次:·15/·20 || cls:0.686 || im:-0.727 || 耗时：16.05s\n"}
,{"stream_name":"stdout","time":4946.10566324,"data":"SHOT pseudo-labels: model 96.48% -\u003e centroid 96.95%\n"}
,{"stream_name":"stdout","time":4958.897480482,"data":"轮次:·16/·20 || cls:0.694 || im:-0.773 || 耗时：16.09s\n"}
,{"stream_name":"stdout","time":4962.217672349,"data":"SHOT pseudo-labels: model 97.15% -\u003e centroid 94.03%\n"}
,{"stream_name":"stdout","time":4974.998570197,"data":"轮次:·17/·20 || cls:0.870 || im:-0.694 || 耗时：16.10s\n"}
,{"stream_name":"stdout","time":4978.310685296,"data":"SHOT pseudo-labels: model 97.27% -\u003e centroid 94.10%\n"}
,{"stream_name":"stdout","time":4991.117280732,"data":"轮次:·18/·20 || cls:0.822 || im:-0.710 || 耗时：16.12s\n"}
,{"stream_name":"stdout","time":4994.440658726,"data":"SHOT pseudo-labels: model 96.57% -\u003e centroid 95.87%\n"}
,{"stream_name":"stdout","time":5007.244912594,"data":"轮次:·19/·20 || cls:0.873 || im:-0.686 || 耗时：16.13s\n"}
,{"stream_name":"stdout","time":5010.561624475,"data":"SHOT pseudo-labels: model 96.63% -\u003e centroid 94.68%\n"}
,{"stream_name":"stdout","time":5023.385226593,"data":"轮次:·20/·20 || cls:0.574 || im:-0.749 || 耗时：16.14s\n"}
,{"stream_name":"stdout","time":5029.366213802,"data":"测试集任务: (B1)N15_M01_F10→(B2)N15_M07_F10; 总正确率 = 97.05%\n"}
,{"stream_name":"stdout","time":5029.366305363,"data":"类型1 正确率： 100.00% -\u003e 1   99.95%, 2    0.05%, 3    0.00%\n"}
,{"stream_name":"stdout","time":5029.366314271,"data":"类型2 正确率：  95.00% -\u003e 1    0.30%, 2   95.20%, 3    4.50%\n"}
,{"stream_name":"stdout","time":5029.36632521,"data":"类型3 正确率：  96.00% -\u003e 1    0.05%, 2    3.95%, 3   96.00%\n"}
,{"stream_name":"stdout","time":5029.366329227,"data":"\n"}
,{"stream_name":"stdout","time":5029.366332442,"data":"\n"}
,{"stream_name":"stdout","time":5029.382762563,"data":"[tar_adaptation_RES_PU.py --folder_root /kaggle/working/shot_k10/S04/sdalr_PU_shot/DATA_foldS04 --seed 2024 --class_num 3 --data_name PU_M1_L3 --output /kaggle/working/shot_k10/S04/weight_PU_M1_shot_FS04toS04_s2024 --s 0 --t 1 --lr 0.0005 --threshold 0.4 --K 0.6] 340s\n"}
,{"stream_name":"stdout","time":5029.411084182,"data":"读取源域路径：/kaggle/working/shot_k10/S04/weight_PU_M1_shot_FS04toS04_s2024/NEW_PU/Source-源域/log\u0026pt/(B1)N15_M01_F10\n"}
,{"stream_name":"stdout","time":5029.411133092,"data":"excel输出位置：/kaggle/working/shot_k10/S04/weight_PU_M1_shot_FS04toS04_s2024/NEW_PU/Target-目标域\n"}
,{"stream_name":"stdout","time":5029.411243909,"data":"特征图片输出位置：/kaggle/working/shot_k10/S04/weight_PU_M1_shot_FS04toS04_s2024/NEW_PU/Picture-特征图/2026年09月22日00时54分/(B1)N15_M01_F10\n"}
,{"stream_name":"stderr","time":5029.453364453,"data":"/usr/local/lib/python3.12/dist-packages/torch/nn/utils/weight_norm.py:144: FutureWarning: `torch.nn.utils.weight_norm` is deprecated in favor of `torch.nn.utils.parametrizations.weight_norm`.\n"}
,{"stream_name":"stderr","time":5029.453410878,"data":"  WeightNorm.apply(module, name, dim)\n"}
,{"stream_name":"stdout","time":5029.491960184,"data":"现在选取:(B1)N15_M01_F10 进行训练的源模型\n"}
,{"stream_name":"stdout","time":5029.491993342,"data":"现在进行：(B1)N15_M01_F10→(B3)N15_M07_F04 的迁移任务\n"}
,{"stream_name":"stdout","time":5029.492000254,"data":"log\u0026pt输出位置：/kaggle/working/shot_k10/S04/weight_PU_M1_shot_FS04toS04_s2024/NEW_PU/Target-目标域/log\u0026pt/(B1)N15_M01_F10→(B3)N15_M07_F04\n"}
,{"stream_name":"stderr","time":5029.493565066,"data":"sh: 1: Syntax error: word unexpected (expecting \")\")\n"}
,{"stream_name":"stdout","time":5040.746142943,"data":"任务: (B1)N15_M01_F10→(B3)N15_M07_F04; 批次:····0/·1880;  总正确率: 71.40%\n"}
,{"stream_name":"stdout","time":5040.746189414,"data":"类型1 正确率： 100.00% -\u003e 1  100.00%, 2    0.00%, 3    0.00%\n"}
,{"stream_name":"stdout","time":5040.746196143,"data":"类型2 正确率： 100.00% -\u003e 1    0.00%, 2   99.80%, 3    0.20%\n"}
,{"stream_name":"stdout","time":5040.746200056,"data":"类型3 正确率：  14.00% -\u003e 1    0.65%, 2   84.95%, 3   14.40%\n"}
,{"stream_name":"stdout","time":5040.746203686,"data":"\n"}
,{"stream_name":"stdout","time":5040.746207014,"data":"\n"}
,{"stream_name":"stdout","time":5044.064621069,"data":"SHOT pseudo-labels: model 71.40% -\u003e centroid 75.37%\n"}
,{"stream_name":"stdout","time":5057.036691474,"data":"轮次:··1/·20 || cls:1.310 || im:-0.906 || 耗时：22.24s\n"}
,{"stream_name":"stdout","time":5060.430623179,"data":"SHOT pseudo-labels: model 68.72% -\u003e centroid 65.13%\n"}
,{"stream_name":"stdout","time":5073.496961885,"data":"轮次:··2/·20 || cls:0.996 || im:-0.731 || 耗时：16.46s\n"}
,{"stream_name":"stdout","time":5076.814696969,"data":"SHOT pseudo-labels: model 70.90% -\u003e centroid 75.03%\n"}
,{"stream_name":"stdout","time":5089.499519107,"data":"轮次:··3/·20 || cls:0.753 || im:-0.667 || 耗时：16.00s\n"}
,{"stream_name":"stdout","time":5092.779632556,"data":"SHOT pseudo-labels: model 73.90% -\u003e centroid 78.60%\n"}
,{"stream_name":"stdout","time":5105.417377927,"data":"轮次:··4/·20 || cls:0.680 || im:-0.641 || 耗时：15.92s\n"}
,{"stream_name":"stdout","time":5108.688687758,"data":"SHOT pseudo-labels: model 72.17% -\u003e centroid 65.47%\n"}
,{"stream_name":"stdout","time":5121.439285293,"data":"轮次:··5/·20 || cls:0.666 || im:-0.671 || 耗时：16.02s\n"}
,{"stream_name":"stdout","time":5124.741706933,"data":"SHOT pseudo-labels: model 71.80% -\u003e centroid 63.82%\n"}
,{"stream_name":"stdout","time":5137.586205176,"data":"轮次:··6/·20 || cls:0.682 || im:-0.723 || 耗时：16.15s\n"}
,{"stream_name":"stdout","time":5140.89265402,"data":"SHOT pseudo-labels: model 74.35% -\u003e centroid 77.05%\n"}
,{"stream_name":"stdout","time":5153.729513933,"data":"轮次:··7/·20 || cls:0.836 || im:-0.657 || 耗时：16.14s\n"}
,{"stream_name":"stdout","time":5157.021625972,"data":"SHOT pseudo-labels: model 74.07% -\u003e centroid 73.95%\n"}
,{"stream_name":"stdout","time":5169.751295231,"data":"轮次:··8/·20 || cls:0.844 || im:-0.649 || 耗时：16.02s\n"}
,{"stream_name":"stdout","time":5173.028633934,"data":"SHOT pseudo-labels: model 73.33% -\u003e centroid 64.80%\n"}
,{"stream_name":"stdout","time":5185.754149164,"data":"轮次:··9/·20 || cls:0.633 || im:-0.661 || 耗时：16.00s\n"}
,{"stream_name":"stdout","time":5189.048665532,"data":"SHOT pseudo-labels: model 73.93% -\u003e centroid 65.80%\n"}
,{"stream_name":"stdout","time":5201.845712232,"data":"轮次:·10/·20 || cls:0.674 || im:-0.652 || 耗时：16.09s\n"}
,{"stream_name":"stdout","time":5205.146674479,"data":"SHOT pseudo-labels: model 72.95% -\u003e centroid 63.52%\n"}
,{"stream_name":"stdout","time":5217.987274131,"data":"轮次:·11/·20 || cls:0.872 || im:-0.712 || 耗时：16.14s\n"}
,{"stream_name":"stdout","time":5221.294632485,"data":"SHOT pseudo-labels: model 74.98% -\u003e centroid 75.95%\n"}
,{"stream_name":"stdout","time":5234.122965462,"data":"轮次:·12/·20 || cls:0.802 || im:-0.637 || 耗时：16.14s\n"}
,{"stream_name":"stdout","time":5237.429720374,"data":"SHOT pseudo-labels: model 72.48% -\u003e centroid 64.60%\n"}
,{"stream_name":"stdout","time":5250.172312891,"data":"轮次:·13/·20 || cls:0.821 || im:-0.648 || 耗时：16.05s\n"}
,{"stream_name":"stdout","time":5253.446609807,"data":"SHOT pseudo-labels: model 73.18% -\u003e centroid 63.45%\n"}
,{"stream_name":"stdout","time":5266.167330986,"data":"轮次:·14/·20 || cls:0.633 || im:-0.679 || 耗时：16.00s\n"}
,{"stream_name":"stdout","time":5269.422136897,"data":"SHOT pseudo-labels: model 71.82% -\u003e centroid 64.10%\n"}
,{"stream_name":"stdout","time":5282.201563257,"data":"轮次:·15/·20 || cls:0.729 || im:-0.605 || 耗时：16.03s\n"}
,{"stream_name":"stdout","time":5285.494772568,"data":"SHOT pseudo-labels: model 73.55% -\u003e centroid 63.92%\n"}
,{"stream_name":"stdout","time":5298.336068535,"data":"轮次:·16/·20 || cls:0.774 || im:-0.665 || 耗时：16.13s\n"}
,{"stream_name":"stdout","time":5301.650636671,"data":"SHOT pseudo-labels: model 73.57% -\u003e centroid 63.30%\n"}
,{"stream_name":"stdout","time":5314.483182071,"data":"轮次:·17/·20 || cls:0.811 || im:-0.634 || 耗时：16.15s\n"}
,{"stream_name":"stdout","time":5317.762633061,"data":"SHOT pseudo-labels: model 73.15% -\u003e centroid 64.42%\n"}
,{"stream_name":"stdout","time":5330.545958816,"data":"轮次:·18/·20 || cls:0.814 || im:-0.686 || 耗时：16.06s\n"}
,{"stream_name":"stdout","time":5333.820874483,"data":"SHOT pseudo-labels: model 72.22% -\u003e centroid 63.65%\n"}
,{"stream_name":"stdout","time":5346.549443088,"data":"轮次:·19/·20 || cls:0.766 || im:-0.623 || 耗时：16.00s\n"}
,{"stream_name":"stdout","time":5349.812710797,"data":"SHOT pseudo-labels: model 72.10% -\u003e centroid 63.37%\n"}
,{"stream_name":"stdout","time":5362.59093302,"data":"轮次:·20/·20 || cls:0.627 || im:-0.699 || 耗时：16.04s\n"}
,{"stream_name":"stdout","time":5368.551132039,"data":"测试集任务: (B1)N15_M01_F10→(B3)N15_M07_F04; 总正确率 = 72.37%\n"}
,{"stream_name":"stdout","time":5368.551182342,"data":"类型1 正确率： 100.00% -\u003e 1  100.00%, 2    0.00%, 3    0.00%\n"}
,{"stream_name":"stdout","time":5368.551189999,"data":"类型2 正确率：  57.00% -\u003e 1    0.05%, 2   56.70%, 3   43.25%\n"}
,{"stream_name":"stdout","time":5368.551195383,"data":"类型3 正确率：  60.00% -\u003e 1    0.20%, 2   39.40%, 3   60.40%\n"}
,{"stream_name":"stdout","time":5368.551200703,"data":"\n"}
,{"stream_name":"stdout","time":5368.551205655,"data":"\n"}
,{"stream_name":"stdout","time":5368.570636993,"data":"[tar_adaptation_RES_PU.py --folder_root /kaggle/working/shot_k10/S04/sdalr_PU_shot/DATA_foldS04 --seed 2024 --class_num 3 --data_name PU_M1_L3 --output /kaggle/working/shot_k10/S04/weight_PU_M1_shot_FS04toS04_s2024 --s 0 --t 2 --lr 0.0005 --threshold 0.4 --K 0.6] 339s\n"}
,{"stream_name":"stdout","time":5368.602581889,"data":"读取源域路径：/kaggle/working/shot_k10/S04/weight_PU_M1_shot_FS04toS04_s2024/NEW_PU/Source-源域/log\u0026pt/(B2)N15_M07_F10\n"}
,{"stream_name":"stdout","time":5368.602608748,"data":"excel输出位置：/kaggle/working/shot_k10/S04/weight_PU_M1_shot_FS04toS04_s2024/NEW_PU/Target-目标域\n"}
,{"stream_name":"stdout","time":5368.602626502,"data":"特征图片输出位置：/kaggle/working/shot_k10/S04/weight_PU_M1_shot_FS04toS04_s2024/NEW_PU/Picture-特征图/2026年09月22日01时00分/(B2)N15_M07_F10\n"}
,{"stream_name":"stderr","time":5368.636518818,"data":"/usr/local/lib/python3.12/dist-packages/torch/nn/utils/weight_norm.py:144: FutureWarning: `torch.nn.utils.weight_norm` is deprecated in favor of `torch.nn.utils.parametrizations.weight_norm`.\n"}
,{"stream_name":"stderr","time":5368.636551242,"data":"  WeightNorm.apply(module, name, dim)\n"}
,{"stream_name":"stdout","time":5368.673996176,"data":"现在选取:(B2)N15_M07_F10 进行训练的源模型\n"}
,{"stream_name":"stdout","time":5368.674031228,"data":"现在进行：(B2)N15_M07_F10→(B1)N15_M01_F10 的迁移任务\n"}
,{"stream_name":"stdout","time":5368.674035515,"data":"log\u0026pt输出位置：/kaggle/working/shot_k10/S04/weight_PU_M1_shot_FS04toS04_s2024/NEW_PU/Target-目标域/log\u0026pt/(B2)N15_M07_F10→(B1)N15_M01_F10\n"}
,{"stream_name":"stderr","time":5368.675433206,"data":"sh: 1: Syntax error: word unexpected (expecting \")\")\n"}
,{"stream_name":"stdout","time":5379.823283768,"data":"任务: (B2)N15_M07_F10→(B1)N15_M01_F10; 批次:····0/·1880;  总正确率: 92.03%\n"}
,{"stream_name":"stdout","time":5379.823331991,"data":"类型1 正确率： 100.00% -\u003e 1  100.00%, 2    0.00%, 3    0.00%\n"}
,{"stream_name":"stdout","time":5379.823337885,"data":"类型2 正确率：  77.00% -\u003e 1    0.70%, 2   77.30%, 3   22.00%\n"}
,{"stream_name":"stdout","time":5379.823341461,"data":"类型3 正确率：  99.00% -\u003e 1    0.10%, 2    1.10%, 3   98.80%\n"}
,{"stream_name":"stdout","time":5379.823344946,"data":"\n"}
,{"stream_name":"stdout","time":5379.82334839,"data":"\n"}
,{"stream_name":"stdout","time":5383.094689274,"data":"SHOT pseudo-labels: model 92.03% -\u003e centroid 92.10%\n"}
,{"stream_name":"stdout","time":5396.145477762,"data":"轮次:··1/·20 || cls:0.968 || im:-0.867 || 耗时：22.27s\n"}
,{"stream_name":"stdout","time":5399.505661673,"data":"SHOT pseudo-labels: model 88.32% -\u003e centroid 90.22%\n"}
,{"stream_name":"stdout","time":5412.594417632,"data":"轮次:··2/·20 || cls:1.224 || im:-0.762 || 耗时：16.45s\n"}
,{"stream_name":"stdout","time":5415.863629652,"data":"SHOT pseudo-labels: model 74.45% -\u003e centroid 65.97%\n"}
,{"stream_name":"stdout","time":5428.5373492,"data":"轮次:··3/·20 || cls:0.801 || im:-0.596 || 耗时：15.94s\n"}
,{"stream_name":"stdout","time":5431.800626848,"data":"SHOT pseudo-labels: model 72.75% -\u003e centroid 63.95%\n"}
,{"stream_name":"stdout","time":5444.438995683,"data":"轮次:··4/·20 || cls:0.751 || im:-0.559 || 耗时：15.90s\n"}
,{"stream_name":"stdout","time":5447.700645831,"data":"SHOT pseudo-labels: model 78.10% -\u003e centroid 73.47%\n"}
,{"stream_name":"stdout","time":5460.4331618,"data":"轮次:··5/·20 || cls:0.688 || im:-0.698 || 耗时：15.99s\n"}
,{"stream_name":"stdout","time":5463.733650933,"data":"SHOT pseudo-labels: model 82.05% -\u003e centroid 75.30%\n"}
,{"stream_name":"stdout","time":5476.604109209,"data":"轮次:··6/·20 || cls:0.523 || im:-0.648 || 耗时：16.17s\n"}
,{"stream_name":"stdout","time":5479.898649681,"data":"SHOT pseudo-labels: model 86.48% -\u003e centroid 90.27%\n"}
,{"stream_name":"stdout","time":5492.708272098,"data":"轮次:··7/·20 || cls:0.742 || im:-0.604 || 耗时：16.10s\n"}
,{"stream_name":"stdout","time":5495.997717931,"data":"SHOT pseudo-labels: model 85.18% -\u003e centroid 75.57%\n"}
,{"stream_name":"stdout","time":5508.770929548,"data":"轮次:··8/·20 || cls:0.740 || im:-0.616 || 耗时：16.06s\n"}
,{"stream_name":"stdout","time":5512.067058897,"data":"SHOT pseudo-labels: model 86.82% -\u003e centroid 78.40%\n"}
,{"stream_name":"stdout","time":5524.785206925,"data":"轮次:··9/·20 || cls:0.809 || im:-0.724 || 耗时：16.01s\n"}
,{"stream_name":"stdout","time":5528.062662467,"data":"SHOT pseudo-labels: model 87.55% -\u003e centroid 86.32%\n"}
,{"stream_name":"stdout","time":5540.820754545,"data":"轮次:·10/·20 || cls:0.595 || im:-0.692 || 耗时：16.04s\n"}
,{"stream_name":"stdout","time":5544.105077953,"data":"SHOT pseudo-labels: model 86.98% -\u003e centroid 72.52%\n"}
,{"stream_name":"stdout","time":5556.88974874,"data":"轮次:·11/·20 || cls:0.635 || im:-0.629 || 耗时：16.07s\n"}
,{"stream_name":"stdout","time":5560.158678736,"data":"SHOT pseudo-labels: model 88.57% -\u003e centroid 84.35%\n"}
,{"stream_name":"stdout","time":5572.943217783,"data":"轮次:·12/·20 || cls:0.840 || im:-0.724 || 耗时：16.05s\n"}
,{"stream_name":"stdout","time":5576.220653837,"data":"SHOT pseudo-labels: model 89.05% -\u003e centroid 87.22%\n"}
,{"stream_name":"stdout","time":5588.988288468,"data":"轮次:·13/·20 || cls:0.689 || im:-0.660 || 耗时：16.04s\n"}
,{"stream_name":"stdout","time":5592.263628147,"data":"SHOT pseudo-labels: model 89.08% -\u003e centroid 90.23%\n"}
,{"stream_name":"stdout","time":5605.02884808,"data":"轮次:·14/·20 || cls:0.669 || im:-0.624 || 耗时：16.04s\n"}
,{"stream_name":"stdout","time":5608.311642591,"data":"SHOT pseudo-labels: model 89.82% -\u003e centroid 84.22%\n"}
,{"stream_name":"stdout","time":5621.065932169,"data":"轮次:·15/·20 || cls:0.724 || im:-0.693 || 耗时：16.04s\n"}
,{"stream_name":"stdout","time":5624.374616556,"data":"SHOT pseudo-labels: model 90.00% -\u003e centroid 86.67%\n"}
,{"stream_name":"stdout","time":5637.141555312,"data":"轮次:·16/·20 || cls:0.688 || im:-0.726 || 耗时：16.08s\n"}
,{"stream_name":"stdout","time":5640.455630585,"data":"SHOT pseudo-labels: model 89.52% -\u003e centroid 80.53%\n"}
,{"stream_name":"stdout","time":5653.244403588,"data":"轮次:·17/·20 || cls:0.784 || im:-0.696 || 耗时：16.10s\n"}
,{"stream_name":"stdout","time":5656.53465501,"data":"SHOT pseudo-labels: model 90.50% -\u003e centroid 89.57%\n"}
,{"stream_name":"stdout","time":5669.338294169,"data":"轮次:·18/·20 || cls:0.825 || im:-0.717 || 耗时：16.09s\n"}
,{"stream_name":"stdout","time":5672.6486716,"data":"SHOT pseudo-labels: model 90.20% -\u003e centroid 89.20%\n"}
,{"stream_name":"stdout","time":5685.444870651,"data":"轮次:·19/·20 || cls:0.803 || im:-0.598 || 耗时：16.11s\n"}
,{"stream_name":"stdout","time":5688.751582745,"data":"SHOT pseudo-labels: model 90.33% -\u003e centroid 91.42%\n"}
,{"stream_name":"stdout","time":5701.548751889,"data":"轮次:·20/·20 || cls:0.522 || im:-0.688 || 耗时：16.10s\n"}
,{"stream_name":"stdout","time":5707.521400342,"data":"测试集任务: (B2)N15_M07_F10→(B1)N15_M01_F10; 总正确率 = 90.98%\n"}
,{"stream_name":"stdout","time":5707.52145595,"data":"类型1 正确率： 100.00% -\u003e 1   99.75%, 2    0.10%, 3    0.15%\n"}
,{"stream_name":"stdout","time":5707.521464875,"data":"类型2 正确率：  88.00% -\u003e 1    0.65%, 2   87.65%, 3   11.70%\n"}
,{"stream_name":"stdout","time":5707.521471437,"data":"类型3 正确率：  86.00% -\u003e 1    0.20%, 2   14.25%, 3   85.55%\n"}
,{"stream_name":"stdout","time":5707.521476928,"data":"\n"}
,{"stream_name":"stdout","time":5707.521481923,"data":"\n"}
,{"stream_name":"stdout","time":5707.541540831,"data":"[tar_adaptation_RES_PU.py --folder_root /kaggle/working/shot_k10/S04/sdalr_PU_shot/DATA_foldS04 --seed 2024 --class_num 3 --data_name PU_M1_L3 --output /kaggle/working/shot_k10/S04/weight_PU_M1_shot_FS04toS04_s2024 --s 1 --t 0 --lr 0.0005 --threshold 0.4 --K 0.6] 339s\n"}
,{"stream_name":"stdout","time":5707.569246597,"data":"读取源域路径：/kaggle/working/shot_k10/S04/weight_PU_M1_shot_FS04toS04_s2024/NEW_PU/Source-源域/log\u0026pt/(B2)N15_M07_F10\n"}
,{"stream_name":"stdout","time":5707.569286601,"data":"excel输出位置：/kaggle/working/shot_k10/S04/weight_PU_M1_shot_FS04toS04_s2024/NEW_PU/Target-目标域\n"}
,{"stream_name":"stdout","time":5707.569336705,"data":"特征图片输出位置：/kaggle/working/shot_k10/S04/weight_PU_M1_shot_FS04toS04_s2024/NEW_PU/Picture-特征图/2026年09月22日01时06分/(B2)N15_M07_F10\n"}
,{"stream_name":"stderr","time":5707.602957357,"data":"/usr/local/lib/python3.12/dist-packages/torch/nn/utils/weight_norm.py:144: FutureWarning: `torch.nn.utils.weight_norm` is deprecated in favor of `torch.nn.utils.parametrizations.weight_norm`.\n"}
,{"stream_name":"stderr","time":5707.603005482,"data":"  WeightNorm.apply(module, name, dim)\n"}
,{"stream_name":"stdout","time":5707.641749194,"data":"现在选取:(B2)N15_M07_F10 进行训练的源模型\n"}
,{"stream_name":"stdout","time":5707.641790112,"data":"现在进行：(B2)N15_M07_F10→(B3)N15_M07_F04 的迁移任务\n"}
,{"stream_name":"stdout","time":5707.641798364,"data":"log\u0026pt输出位置：/kaggle/working/shot_k10/S04/weight_PU_M1_shot_FS04toS04_s2024/NEW_PU/Target-目标域/log\u0026pt/(B2)N15_M07_F10→(B3)N15_M07_F04\n"}
,{"stream_name":"stderr","time":5707.643293794,"data":"sh: 1: Syntax error: word unexpected (expecting \")\")\n"}
,{"stream_name":"stdout","time":5718.851490118,"data":"任务: (B2)N15_M07_F10→(B3)N15_M07_F04; 批次:····0/·1880;  总正确率: 80.52%\n"}
,{"stream_name":"stdout","time":5718.851533771,"data":"类型1 正确率： 100.00% -\u003e 1  100.00%, 2    0.00%, 3    0.00%\n"}
,{"stream_name":"stdout","time":5718.851539357,"data":"类型2 正确率：  91.00% -\u003e 1    0.00%, 2   90.95%, 3    9.05%\n"}
,{"stream_name":"stdout","time":5718.851542719,"data":"类型3 正确率：  51.00% -\u003e 1    1.75%, 2   47.65%, 3   50.60%\n"}
,{"stream_name":"stdout","time":5718.85157484,"data":"\n"}
,{"stream_name":"stdout","time":5718.851582151,"data":"\n"}
,{"stream_name":"stdout","time":5722.146611866,"data":"SHOT pseudo-labels: model 80.52% -\u003e centroid 81.55%\n"}
,{"stream_name":"stdout","time":5735.098411449,"data":"轮次:··1/·20 || cls:1.400 || im:-0.885 || 耗时：22.20s\n"}
,{"stream_name":"stdout","time":5738.474662338,"data":"SHOT pseudo-labels: model 73.47% -\u003e centroid 76.60%\n"}
,{"stream_name":"stdout","time":5751.607294705,"data":"轮次:··2/·20 || cls:0.979 || im:-0.739 || 耗时：16.51s\n"}
,{"stream_name":"stdout","time":5754.891732904,"data":"SHOT pseudo-labels: model 66.78% -\u003e centroid 70.07%\n"}
,{"stream_name":"stdout","time":5767.587667744,"data":"轮次:··3/·20 || cls:0.552 || im:-0.541 || 耗时：15.98s\n"}
,{"stream_name":"stdout","time":5770.847657645,"data":"SHOT pseudo-labels: model 69.43% -\u003e centroid 79.50%\n"}
,{"stream_name":"stdout","time":5783.486030467,"data":"轮次:··4/·20 || cls:0.866 || im:-0.680 || 耗时：15.90s\n"}
,{"stream_name":"stdout","time":5786.759679706,"data":"SHOT pseudo-labels: model 71.17% -\u003e centroid 69.13%\n"}
,{"stream_name":"stdout","time":5799.493780406,"data":"轮次:··5/·20 || cls:0.549 || im:-0.621 || 耗时：16.01s\n"}
,{"stream_name":"stdout","time":5802.810737931,"data":"SHOT pseudo-labels: model 69.22% -\u003e centroid 65.82%\n"}
,{"stream_name":"stdout","time":5815.676986751,"data":"轮次:··6/·20 || cls:0.435 || im:-0.579 || 耗时：16.18s\n"}
,{"stream_name":"stdout","time":5818.989686741,"data":"SHOT pseudo-labels: model 73.72% -\u003e centroid 78.85%\n"}
,{"stream_name":"stdout","time":5831.863369199,"data":"轮次:··7/·20 || cls:0.561 || im:-0.556 || 耗时：16.19s\n"}
,{"stream_name":"stdout","time":5835.159488009,"data":"SHOT pseudo-labels: model 70.23% -\u003e centroid 66.30%\n"}
,{"stream_name":"stdout","time":5847.884506675,"data":"轮次:··8/·20 || cls:0.839 || im:-0.651 || 耗时：16.02s\n"}
,{"stream_name":"stdout","time":5851.161266268,"data":"SHOT pseudo-labels: model 73.30% -\u003e centroid 72.47%\n"}
,{"stream_name":"stdout","time":5863.888624551,"data":"轮次:··9/·20 || cls:0.618 || im:-0.685 || 耗时：16.00s\n"}
,{"stream_name":"stdout","time":5867.171676486,"data":"SHOT pseudo-labels: model 73.20% -\u003e centroid 76.10%\n"}
,{"stream_name":"stdout","time":5879.941380954,"data":"轮次:·10/·20 || cls:0.750 || im:-0.716 || 耗时：16.05s\n"}
,{"stream_name":"stdout","time":5883.240679201,"data":"SHOT pseudo-labels: model 73.88% -\u003e centroid 76.78%\n"}
,{"stream_name":"stdout","time":5896.055542921,"data":"轮次:·11/·20 || cls:0.595 || im:-0.533 || 耗时：16.11s\n"}
,{"stream_name":"stdout","time":5899.360634991,"data":"SHOT pseudo-labels: model 75.38% -\u003e centroid 77.87%\n"}
,{"stream_name":"stdout","time":5912.187312658,"data":"轮次:·12/·20 || cls:0.675 || im:-0.558 || 耗时：16.13s\n"}
,{"stream_name":"stdout","time":5915.478779783,"data":"SHOT pseudo-labels: model 75.75% -\u003e centroid 77.27%\n"}
,{"stream_name":"stdout","time":5928.286639863,"data":"轮次:·13/·20 || cls:0.667 || im:-0.625 || 耗时：16.10s\n"}
,{"stream_name":"stdout","time":5931.591674471,"data":"SHOT pseudo-labels: model 77.22% -\u003e centroid 75.88%\n"}
,{"stream_name":"stdout","time":5944.388661636,"data":"轮次:·14/·20 || cls:0.755 || im:-0.607 || 耗时：16.10s\n"}
,{"stream_name":"stdout","time":5947.698635878,"data":"SHOT pseudo-labels: model 77.48% -\u003e centroid 75.80%\n"}
,{"stream_name":"stdout","time":5960.480633558,"data":"轮次:·15/·20 || cls:0.801 || im:-0.649 || 耗时：16.09s\n"}
,{"stream_name":"stdout","time":5963.75170579,"data":"SHOT pseudo-labels: model 78.03% -\u003e centroid 76.22%\n"}
,{"stream_name":"stdout","time":5976.546398827,"data":"轮次:·16/·20 || cls:0.667 || im:-0.679 || 耗时：16.07s\n"}
,{"stream_name":"stdout","time":5979.828650775,"data":"SHOT pseudo-labels: model 77.55% -\u003e centroid 75.78%\n"}
,{"stream_name":"stdout","time":5992.599987657,"data":"轮次:·17/·20 || cls:0.665 || im:-0.639 || 耗时：16.05s\n"}
,{"stream_name":"stdout","time":5995.851630024,"data":"SHOT pseudo-labels: model 77.85% -\u003e centroid 75.60%\n"}
,{"stream_name":"stdout","time":6008.640346023,"data":"轮次:·18/·20 || cls:0.895 || im:-0.744 || 耗时：16.04s\n"}
,{"stream_name":"stdout","time":6011.924645087,"data":"SHOT pseudo-labels: model 77.75% -\u003e centroid 75.77%\n"}
,{"stream_name":"stdout","time":6024.697211362,"data":"轮次:·19/·20 || cls:0.898 || im:-0.631 || 耗时：16.06s\n"}
,{"stream_name":"stdout","time":6027.967641013,"data":"SHOT pseudo-labels: model 78.20% -\u003e centroid 75.22%\n"}
,{"stream_name":"stdout","time":6040.771469586,"data":"轮次:·20/·20 || cls:0.601 || im:-0.625 || 耗时：16.07s\n"}
,{"stream_name":"stdout","time":6046.748935271,"data":"测试集任务: (B2)N15_M07_F10→(B3)N15_M07_F04; 总正确率 = 78.08%\n"}
,{"stream_name":"stdout","time":6046.748974114,"data":"类型1 正确率：  99.00% -\u003e 1   98.95%, 2    0.05%, 3    1.00%\n"}
,{"stream_name":"stdout","time":6046.748981863,"data":"类型2 正确率：  70.00% -\u003e 1    0.35%, 2   70.05%, 3   29.60%\n"}
,{"stream_name":"stdout","time":6046.748988048,"data":"类型3 正确率：  65.00% -\u003e 1    0.65%, 2   34.10%, 3   65.25%\n"}
,{"stream_name":"stdout","time":6046.748993926,"data":"\n"}
,{"stream_name":"stdout","time":6046.74899912,"data":"\n"}
,{"stream_name":"stdout","time":6046.767197359,"data":"[tar_adaptation_RES_PU.py --folder_root /kaggle/working/shot_k10/S04/sdalr_PU_shot/DATA_foldS04 --seed 2024 --class_num 3 --data_name PU_M1_L3 --output /kaggle/working/shot_k10/S04/weight_PU_M1_shot_FS04toS04_s2024 --s 1 --t 2 --lr 0.0005 --threshold 0.4 --K 0.6] 339s\n"}
,{"stream_name":"stdout","time":6046.793644134,"data":"读取源域路径：/kaggle/working/shot_k10/S04/weight_PU_M1_shot_FS04toS04_s2024/NEW_PU/Source-源域/log\u0026pt/(B3)N15_M07_F04\n"}
,{"stream_name":"stdout","time":6046.79366978,"data":"excel输出位置：/kaggle/working/shot_k10/S04/weight_PU_M1_shot_FS04toS04_s2024/NEW_PU/Target-目标域\n"}
,{"stream_name":"stdout","time":6046.793708992,"data":"特征图片输出位置：/kaggle/working/shot_k10/S04/weight_PU_M1_shot_FS04toS04_s2024/NEW_PU/Picture-特征图/2026年09月22日01时11分/(B3)N15_M07_F04\n"}
,{"stream_name":"stderr","time":6046.828408478,"data":"/usr/local/lib/python3.12/dist-packages/torch/nn/utils/weight_norm.py:144: FutureWarning: `torch.nn.utils.weight_norm` is deprecated in favor of `torch.nn.utils.parametrizations.weight_norm`.\n"}
,{"stream_name":"stderr","time":6046.828434771,"data":"  WeightNorm.apply(module, name, dim)\n"}
,{"stream_name":"stdout","time":6046.865777461,"data":"现在选取:(B3)N15_M07_F04 进行训练的源模型\n"}
,{"stream_name":"stdout","time":6046.865802145,"data":"现在进行：(B3)N15_M07_F04→(B1)N15_M01_F10 的迁移任务\n"}
,{"stream_name":"stdout","time":6046.865808212,"data":"log\u0026pt输出位置：/kaggle/working/shot_k10/S04/weight_PU_M1_shot_FS04toS04_s2024/NEW_PU/Target-目标域/log\u0026pt/(B3)N15_M07_F04→(B1)N15_M01_F10\n"}
,{"stream_name":"stderr","time":6046.867097682,"data":"sh: 1: Syntax error: word unexpected (expecting \")\")\n"}
,{"stream_name":"stdout","time":6057.989312277,"data":"任务: (B3)N15_M07_F04→(B1)N15_M01_F10; 批次:····0/·1880;  总正确率: 63.37%\n"}
,{"stream_name":"stdout","time":6057.989351818,"data":"类型1 正确率： 100.00% -\u003e 1   99.65%, 2    0.00%, 3    0.35%\n"}
,{"stream_name":"stdout","time":6057.989358611,"data":"类型2 正确率：  36.00% -\u003e 1    0.00%, 2   36.45%, 3   63.55%\n"}
,{"stream_name":"stdout","time":6057.989364044,"data":"类型3 正确率：  54.00% -\u003e 1    0.00%, 2   46.00%, 3   54.00%\n"}
,{"stream_name":"stdout","time":6057.989369302,"data":"\n"}
,{"stream_name":"stdout","time":6057.989374177,"data":"\n"}
,{"stream_name":"stdout","time":6061.270615287,"data":"SHOT pseudo-labels: model 63.37% -\u003e centroid 65.25%\n"}
,{"stream_name":"stdout","time":6074.218810675,"data":"轮次:··1/·20 || cls:1.347 || im:-0.824 || 耗时：22.15s\n"}
,{"stream_name":"stdout","time":6077.574587167,"data":"SHOT pseudo-labels: model 68.13% -\u003e centroid 68.70%\n"}
,{"stream_name":"stdout","time":6090.670004236,"data":"轮次:··2/·20 || cls:1.076 || im:-0.812 || 耗时：16.45s\n"}
,{"stream_name":"stdout","time":6093.969640424,"data":"SHOT pseudo-labels: model 65.70% -\u003e centroid 71.07%\n"}
,{"stream_name":"stdout","time":6106.682566877,"data":"轮次:··3/·20 || cls:0.764 || im:-0.676 || 耗时：16.01s\n"}
,{"stream_name":"stdout","time":6109.918651271,"data":"SHOT pseudo-labels: model 66.48% -\u003e centroid 65.22%\n"}
,{"stream_name":"stdout","time":6122.605661107,"data":"轮次:··4/·20 || cls:0.866 || im:-0.669 || 耗时：15.92s\n"}
,{"stream_name":"stdout","time":6125.867610074,"data":"SHOT pseudo-labels: model 67.62% -\u003e centroid 67.22%\n"}
,{"stream_name":"stdout","time":6138.616489661,"data":"轮次:··5/·20 || cls:0.581 || im:-0.574 || 耗时：16.01s\n"}
,{"stream_name":"stdout","time":6141.904960397,"data":"SHOT pseudo-labels: model 69.47% -\u003e centroid 66.67%\n"}
,{"stream_name":"stdout","time":6154.745854201,"data":"轮次:··6/·20 || cls:0.831 || im:-0.665 || 耗时：16.13s\n"}
,{"stream_name":"stdout","time":6158.02991471,"data":"SHOT pseudo-labels: model 69.13% -\u003e centroid 70.12%\n"}
,{"stream_name":"stdout","time":6170.885620803,"data":"轮次:··7/·20 || cls:0.787 || im:-0.660 || 耗时：16.14s\n"}
,{"stream_name":"stdout","time":6174.178625312,"data":"SHOT pseudo-labels: model 70.65% -\u003e centroid 71.45%\n"}
,{"stream_name":"stdout","time":6186.977420891,"data":"轮次:··8/·20 || cls:0.794 || im:-0.678 || 耗时：16.09s\n"}
,{"stream_name":"stdout","time":6190.252752516,"data":"SHOT pseudo-labels: model 71.10% -\u003e centroid 70.97%\n"}
,{"stream_name":"stdout","time":6203.034110638,"data":"轮次:··9/·20 || cls:0.606 || im:-0.691 || 耗时：16.06s\n"}
,{"stream_name":"stdout","time":6206.316777523,"data":"SHOT pseudo-labels: model 72.03% -\u003e centroid 70.12%\n"}
,{"stream_name":"stdout","time":6219.080968596,"data":"轮次:·10/·20 || cls:0.671 || im:-0.735 || 耗时：16.05s\n"}
,{"stream_name":"stdout","time":6222.379678308,"data":"SHOT pseudo-labels: model 72.37% -\u003e centroid 71.12%\n"}
,{"stream_name":"stdout","time":6235.137498418,"data":"轮次:·11/·20 || cls:0.619 || im:-0.588 || 耗时：16.06s\n"}
,{"stream_name":"stdout","time":6238.413585734,"data":"SHOT pseudo-labels: model 72.08% -\u003e centroid 70.30%\n"}
,{"stream_name":"stdout","time":6251.152197154,"data":"轮次:·12/·20 || cls:0.868 || im:-0.705 || 耗时：16.01s\n"}
,{"stream_name":"stdout","time":6254.43965276,"data":"SHOT pseudo-labels: model 71.20% -\u003e centroid 69.68%\n"}
,{"stream_name":"stdout","time":6267.195742507,"data":"轮次:·13/·20 || cls:0.767 || im:-0.695 || 耗时：16.04s\n"}
,{"stream_name":"stdout","time":6270.487643657,"data":"SHOT pseudo-labels: model 71.93% -\u003e centroid 70.28%\n"}
,{"stream_name":"stdout","time":6283.246593497,"data":"轮次:·14/·20 || cls:0.782 || im:-0.681 || 耗时：16.05s\n"}
,{"stream_name":"stdout","time":6286.531014908,"data":"SHOT pseudo-labels: model 71.68% -\u003e centroid 69.17%\n"}
,{"stream_name":"stdout","time":6299.328790906,"data":"轮次:·15/·20 || cls:0.644 || im:-0.681 || 耗时：16.08s\n"}
,{"stream_name":"stdout","time":6302.623631679,"data":"SHOT pseudo-labels: model 71.38% -\u003e centroid 69.10%\n"}
,{"stream_name":"stdout","time":6315.439090033,"data":"轮次:·16/·20 || cls:0.614 || im:-0.595 || 耗时：16.11s\n"}
,{"stream_name":"stdout","time":6318.742631085,"data":"SHOT pseudo-labels: model 71.38% -\u003e centroid 69.38%\n"}
,{"stream_name":"stdout","time":6331.576875944,"data":"轮次:·17/·20 || cls:1.096 || im:-0.776 || 耗时：16.14s\n"}
,{"stream_name":"stdout","time":6334.868664192,"data":"SHOT pseudo-labels: model 71.43% -\u003e centroid 69.55%\n"}
,{"stream_name":"stdout","time":6347.691774353,"data":"轮次:·18/·20 || cls:0.661 || im:-0.620 || 耗时：16.11s\n"}
,{"stream_name":"stdout","time":6350.971628539,"data":"SHOT pseudo-labels: model 72.08% -\u003e centroid 69.92%\n"}
,{"stream_name":"stdout","time":6363.794633329,"data":"轮次:·19/·20 || cls:0.824 || im:-0.632 || 耗时：16.10s\n"}
,{"stream_name":"stdout","time":6367.083280893,"data":"SHOT pseudo-labels: model 71.80% -\u003e centroid 70.23%\n"}
,{"stream_name":"stdout","time":6379.898512021,"data":"轮次:·20/·20 || cls:0.540 || im:-0.620 || 耗时：16.10s\n"}
,{"stream_name":"stdout","time":6385.882771932,"data":"测试集任务: (B3)N15_M07_F04→(B1)N15_M01_F10; 总正确率 = 70.40%\n"}
,{"stream_name":"stdout","time":6385.882810997,"data":"类型1 正确率：  99.00% -\u003e 1   98.65%, 2    0.30%, 3    1.05%\n"}
,{"stream_name":"stdout","time":6385.882819655,"data":"类型2 正确率：  56.00% -\u003e 1    0.30%, 2   56.50%, 3   43.20%\n"}
,{"stream_name":"stdout","time":6385.882827289,"data":"类型3 正确率：  56.00% -\u003e 1    0.30%, 2   43.65%, 3   56.05%\n"}
,{"stream_name":"stdout","time":6385.88283054,"data":"\n"}
,{"stream_name":"stdout","time":6385.882833472,"data":"\n"}
,{"stream_name":"stdout","time":6385.904192437,"data":"[tar_adaptation_RES_PU.py --folder_root /kaggle/working/shot_k10/S04/sdalr_PU_shot/DATA_foldS04 --seed 2024 --class_num 3 --data_name PU_M1_L3 --output /kaggle/working/shot_k10/S04/weight_PU_M1_shot_FS04toS04_s2024 --s 2 --t 0 --lr 0.0005 --threshold 0.4 --K 0.6] 339s\n"}
,{"stream_name":"stdout","time":6385.932302335,"data":"读取源域路径：/kaggle/working/shot_k10/S04/weight_PU_M1_shot_FS04toS04_s2024/NEW_PU/Source-源域/log\u0026pt/(B3)N15_M07_F04\n"}
,{"stream_name":"stdout","time":6385.932325551,"data":"excel输出位置：/kaggle/working/shot_k10/S04/weight_PU_M1_shot_FS04toS04_s2024/NEW_PU/Target-目标域\n"}
,{"stream_name":"stdout","time":6385.932330789,"data":"特征图片输出位置：/kaggle/working/shot_k10/S04/weight_PU_M1_shot_FS04toS04_s2024/NEW_PU/Picture-特征图/2026年09月22日01时17分/(B3)N15_M07_F04\n"}
,{"stream_name":"stderr","time":6385.96639501,"data":"/usr/local/lib/python3.12/dist-packages/torch/nn/utils/weight_norm.py:144: FutureWarning: `torch.nn.utils.weight_norm` is deprecated in favor of `torch.nn.utils.parametrizations.weight_norm`.\n"}
,{"stream_name":"stderr","time":6385.966424037,"data":"  WeightNorm.apply(module, name, dim)\n"}
,{"stream_name":"stdout","time":6386.004169705,"data":"现在选取:(B3)N15_M07_F04 进行训练的源模型\n"}
,{"stream_name":"stdout","time":6386.00419969,"data":"现在进行：(B3)N15_M07_F04→(B2)N15_M07_F10 的迁移任务\n"}
,{"stream_name":"stdout","time":6386.004205561,"data":"log\u0026pt输出位置：/kaggle/working/shot_k10/S04/weight_PU_M1_shot_FS04toS04_s2024/NEW_PU/Target-目标域/log\u0026pt/(B3)N15_M07_F04→(B2)N15_M07_F10\n"}
,{"stream_name":"stderr","time":6386.005610572,"data":"sh: 1: Syntax error: word unexpected (expecting \")\")\n"}
,{"stream_name":"stdout","time":6397.090236652,"data":"任务: (B3)N15_M07_F04→(B2)N15_M07_F10; 批次:····0/·1880;  总正确率: 66.17%\n"}
,{"stream_name":"stdout","time":6397.090282199,"data":"类型1 正确率：  99.00% -\u003e 1   99.00%, 2    0.00%, 3    1.00%\n"}
,{"stream_name":"stdout","time":6397.090302925,"data":"类型2 正确率：  42.00% -\u003e 1    0.00%, 2   41.80%, 3   58.20%\n"}
,{"stream_name":"stdout","time":6397.09030901,"data":"类型3 正确率：  58.00% -\u003e 1    0.00%, 2   42.30%, 3   57.70%\n"}
,{"stream_name":"stdout","time":6397.09031477,"data":"\n"}
,{"stream_name":"stdout","time":6397.090319914,"data":"\n"}
,{"stream_name":"stdout","time":6400.358645687,"data":"SHOT pseudo-labels: model 66.17% -\u003e centroid 68.55%\n"}
,{"stream_name":"stdout","time":6413.290276991,"data":"轮次:··1/·20 || cls:1.334 || im:-0.877 || 耗时：22.13s\n"}
,{"stream_name":"stdout","time":6416.63463177,"data":"SHOT pseudo-labels: model 67.35% -\u003e centroid 69.42%\n"}
,{"stream_name":"stdout","time":6429.670101493,"data":"轮次:··2/·20 || cls:1.231 || im:-0.855 || 耗时：16.38s\n"}
,{"stream_name":"stdout","time":6432.97468116,"data":"SHOT pseudo-labels: model 66.25% -\u003e centroid 70.02%\n"}
,{"stream_name":"stdout","time":6445.670817819,"data":"轮次:··3/·20 || cls:0.868 || im:-0.687 || 耗时：16.00s\n"}
,{"stream_name":"stdout","time":6448.937637118,"data":"SHOT pseudo-labels: model 67.88% -\u003e centroid 71.98%\n"}
,{"stream_name":"stdout","time":6461.613205825,"data":"轮次:··4/·20 || cls:0.868 || im:-0.675 || 耗时：15.94s\n"}
,{"stream_name":"stdout","time":6464.899632985,"data":"SHOT pseudo-labels: model 67.82% -\u003e centroid 71.05%\n"}
,{"stream_name":"stdout","time":6477.681239729,"data":"轮次:··5/·20 || cls:0.684 || im:-0.746 || 耗时：16.07s\n"}
,{"stream_name":"stdout","time":6480.989629486,"data":"SHOT pseudo-labels: model 68.70% -\u003e centroid 70.27%\n"}
,{"stream_name":"stdout","time":6493.876739752,"data":"轮次:··6/·20 || cls:0.882 || im:-0.672 || 耗时：16.20s\n"}
,{"stream_name":"stdout","time":6497.192577734,"data":"SHOT pseudo-labels: model 69.60% -\u003e centroid 71.83%\n"}
,{"stream_name":"stdout","time":6510.001989794,"data":"轮次:··7/·20 || cls:0.796 || im:-0.689 || 耗时：16.13s\n"}
,{"stream_name":"stdout","time":6513.307063537,"data":"SHOT pseudo-labels: model 69.50% -\u003e centroid 70.93%\n"}
,{"stream_name":"stdout","time":6526.066341427,"data":"轮次:··8/·20 || cls:0.799 || im:-0.676 || 耗时：16.06s\n"}
,{"stream_name":"stdout","time":6529.333635904,"data":"SHOT pseudo-labels: model 70.63% -\u003e centroid 70.77%\n"}
,{"stream_name":"stdout","time":6542.07344932,"data":"轮次:··9/·20 || cls:0.532 || im:-0.591 || 耗时：16.01s\n"}
,{"stream_name":"stdout","time":6545.338599903,"data":"SHOT pseudo-labels: model 70.85% -\u003e centroid 69.37%\n"}
,{"stream_name":"stdout","time":6558.13253464,"data":"轮次:·10/·20 || cls:0.593 || im:-0.712 || 耗时：16.06s\n"}
,{"stream_name":"stdout","time":6561.447616277,"data":"SHOT pseudo-labels: model 71.58% -\u003e centroid 68.63%\n"}
,{"stream_name":"stdout","time":6574.262947888,"data":"轮次:·11/·20 || cls:0.756 || im:-0.633 || 耗时：16.13s\n"}
,{"stream_name":"stdout","time":6577.555749021,"data":"SHOT pseudo-labels: model 71.42% -\u003e centroid 67.85%\n"}
,{"stream_name":"stdout","time":6590.400480697,"data":"轮次:·12/·20 || cls:0.854 || im:-0.665 || 耗时：16.14s\n"}
,{"stream_name":"stdout","time":6593.704657912,"data":"SHOT pseudo-labels: model 71.70% -\u003e centroid 67.27%\n"}
,{"stream_name":"stdout","time":6606.546123822,"data":"轮次:·13/·20 || cls:0.709 || im:-0.560 || 耗时：16.15s\n"}
,{"stream_name":"stdout","time":6609.830581446,"data":"SHOT pseudo-labels: model 71.18% -\u003e centroid 66.17%\n"}
,{"stream_name":"stdout","time":6622.64602837,"data":"轮次:·14/·20 || cls:0.676 || im:-0.649 || 耗时：16.10s\n"}
,{"stream_name":"stdout","time":6625.938647814,"data":"SHOT pseudo-labels: model 71.27% -\u003e centroid 65.93%\n"}
,{"stream_name":"stdout","time":6638.755285946,"data":"轮次:·15/·20 || cls:0.791 || im:-0.722 || 耗时：16.11s\n"}
,{"stream_name":"stdout","time":6642.0577364,"data":"SHOT pseudo-labels: model 71.40% -\u003e centroid 65.88%\n"}
,{"stream_name":"stdout","time":6654.854832304,"data":"轮次:·16/·20 || cls:0.760 || im:-0.644 || 耗时：16.10s\n"}
,{"stream_name":"stdout","time":6658.13861642,"data":"SHOT pseudo-labels: model 71.78% -\u003e centroid 66.17%\n"}
,{"stream_name":"stdout","time":6670.925412134,"data":"轮次:·17/·20 || cls:0.901 || im:-0.757 || 耗时：16.07s\n"}
,{"stream_name":"stdout","time":6674.225703748,"data":"SHOT pseudo-labels: model 72.05% -\u003e centroid 65.80%\n"}
,{"stream_name":"stdout","time":6686.988748149,"data":"轮次:·18/·20 || cls:0.786 || im:-0.643 || 耗时：16.06s\n"}
,{"stream_name":"stdout","time":6690.253654458,"data":"SHOT pseudo-labels: model 72.65% -\u003e centroid 65.83%\n"}
,{"stream_name":"stdout","time":6703.028831536,"data":"轮次:·19/·20 || cls:0.850 || im:-0.610 || 耗时：16.04s\n"}
,{"stream_name":"stdout","time":6706.319593978,"data":"SHOT pseudo-labels: model 72.35% -\u003e centroid 65.45%\n"}
,{"stream_name":"stdout","time":6719.076903833,"data":"轮次:·20/·20 || cls:0.648 || im:-0.620 || 耗时：16.05s\n"}
,{"stream_name":"stdout","time":6725.061528935,"data":"测试集任务: (B3)N15_M07_F04→(B2)N15_M07_F10; 总正确率 = 72.25%\n"}
,{"stream_name":"stdout","time":6725.06159363,"data":"类型1 正确率：  99.00% -\u003e 1   99.35%, 2    0.15%, 3    0.50%\n"}
,{"stream_name":"stdout","time":6725.061602368,"data":"类型2 正确率：  57.00% -\u003e 1    0.25%, 2   57.45%, 3   42.30%\n"}
,{"stream_name":"stdout","time":6725.061607573,"data":"类型3 正确率：  60.00% -\u003e 1    1.15%, 2   38.90%, 3   59.95%\n"}
,{"stream_name":"stdout","time":6725.06162317,"data":"\n"}
,{"stream_name":"stdout","time":6725.061627063,"data":"\n"}
,{"stream_name":"stdout","time":6725.083041676,"data":"[tar_adaptation_RES_PU.py --folder_root /kaggle/working/shot_k10/S04/sdalr_PU_shot/DATA_foldS04 --seed 2024 --class_num 3 --data_name PU_M1_L3 --output /kaggle/working/shot_k10/S04/weight_PU_M1_shot_FS04toS04_s2024 --s 2 --t 1 --lr 0.0005 --threshold 0.4 --K 0.6] 339s\n"}
,{"stream_name":"stdout","time":6725.102109828,"data":"{\n"}
,{"stream_name":"stdout","time":6725.102127879,"data":"  \"dataset\": \"PU_M1\",\n"}
,{"stream_name":"stdout","time":6725.102133187,"data":"  \"variant\": \"shot\",\n"}
,{"stream_name":"stdout","time":6725.102137542,"data":"  \"seed\": 2024,\n"}
,{"stream_name":"stdout","time":6725.102141475,"data":"  \"smoke\": false,\n"}
,{"stream_name":"stdout","time":6725.10214561,"data":"  \"src_fold\": \"S04\",\n"}
,{"stream_name":"stdout","time":6725.102149491,"data":"  \"tgt_fold\": \"S04\",\n"}
,{"stream_name":"stdout","time":6725.102153026,"data":"  \"leaky\": true,\n"}
,{"stream_name":"stdout","time":6725.102156426,"data":"  \"hyperparameters\": {\n"}
,{"stream_name":"stdout","time":6725.102159948,"data":"    \"lr\": \"0.0005\",\n"}
,{"stream_name":"stdout","time":6725.102165085,"data":"    \"threshold\": \"0.4\",\n"}
,{"stream_name":"stdout","time":6725.102171815,"data":"    \"K\": \"0.6\"\n"}
,{"stream_name":"stdout","time":6725.102174412,"data":"  },\n"}
,{"stream_name":"stdout","time":6725.102176774,"data":"  \"adapters\": [\n"}
,{"stream_name":"stdout","time":6725.102179091,"data":"    \"npz_io\",\n"}
,{"stream_name":"stdout","time":6725.102181347,"data":"    \"tsne_stub\",\n"}
,{"stream_name":"stdout","time":6725.102183663,"data":"    \"shot_patch\"\n"}
,{"stream_name":"stdout","time":6725.10218597,"data":"  ],\n"}
,{"stream_name":"stdout","time":6725.102188191,"data":"  \"source_only\": {\n"}
,{"stream_name":"stdout","time":6725.102190468,"data":"    \"A1-\u003eA3\": 93.93,\n"}
,{"stream_name":"stdout","time":6725.102193093,"data":"    \"A1-\u003eA2\": 71.72,\n"}
,{"stream_name":"stdout","time":6725.102195442,"data":"    \"A3-\u003eA1\": 92.14,\n"}
,{"stream_name":"stdout","time":6725.102197694,"data":"    \"A3-\u003eA2\": 80.21,\n"}
,{"stream_name":"stdout","time":6725.102200006,"data":"    \"A2-\u003eA1\": 62.6,\n"}
,{"stream_name":"stdout","time":6725.102202256,"data":"    \"A2-\u003eA3\": 67.99\n"}
,{"stream_name":"stdout","time":6725.102204509,"data":"  },\n"}
,{"stream_name":"stdout","time":6725.102206689,"data":"  \"adapted\": {\n"}
,{"stream_name":"stdout","time":6725.102209009,"data":"    \"A1-\u003eA3\": 97.05,\n"}
,{"stream_name":"stdout","time":6725.10221125,"data":"    \"A1-\u003eA2\": 72.37,\n"}
,{"stream_name":"stdout","time":6725.102213497,"data":"    \"A3-\u003eA1\": 90.98,\n"}
,{"stream_name":"stdout","time":6725.102215752,"data":"    \"A3-\u003eA2\": 78.08,\n"}
,{"stream_name":"stdout","time":6725.102217998,"data":"    \"A2-\u003eA1\": 70.4,\n"}
,{"stream_name":"stdout","time":6725.102220234,"data":"    \"A2-\u003eA3\": 72.25\n"}
,{"stream_name":"stdout","time":6725.102222479,"data":"  },\n"}
,{"stream_name":"stdout","time":6725.102224644,"data":"  \"seconds\": {\n"}
,{"stream_name":"stdout","time":6725.102226852,"data":"    \"pretrain\": 293,\n"}
,{"stream_name":"stdout","time":6725.102229131,"data":"    \"A1-\u003eA3\": 340,\n"}
,{"stream_name":"stdout","time":6725.102231388,"data":"    \"A1-\u003eA2\": 339,\n"}
,{"stream_name":"stdout","time":6725.102233636,"data":"    \"A3-\u003eA1\": 339,\n"}
,{"stream_name":"stdout","time":6725.102235853,"data":"    \"A3-\u003eA2\": 339,\n"}
,{"stream_name":"stdout","time":6725.102246083,"data":"    \"A2-\u003eA1\": 339,\n"}
,{"stream_name":"stdout","time":6725.102248564,"data":"    \"A2-\u003eA3\": 339\n"}
,{"stream_name":"stdout","time":6725.102251063,"data":"  },\n"}
,{"stream_name":"stdout","time":6725.102253352,"data":"  \"gate_log\": {\n"}
,{"stream_name":"stdout","time":6725.102255602,"data":"    \"A1-\u003eA3\": [],\n"}
,{"stream_name":"stdout","time":6725.102257952,"data":"    \"A1-\u003eA2\": [],\n"}
,{"stream_name":"stdout","time":6725.102260181,"data":"    \"A3-\u003eA1\": [],\n"}
,{"stream_name":"stdout","time":6725.102262427,"data":"    \"A3-\u003eA2\": [],\n"}
,{"stream_name":"stdout","time":6725.10226466,"data":"    \"A2-\u003eA1\": [],\n"}
,{"stream_name":"stdout","time":6725.102266979,"data":"    \"A2-\u003eA3\": []\n"}
,{"stream_name":"stdout","time":6725.102269287,"data":"  },\n"}
,{"stream_name":"stdout","time":6725.102271506,"data":"  \"gate\": \"none\"\n"}
,{"stream_name":"stdout","time":6725.102273896,"data":"}\n"}
,{"stream_name":"stdout","time":6726.298131064,"data":"RUN /usr/bin/python3 -u /kaggle/input/datasets/rafiurrahman01/physgate-m0-code/sdalr_runner.py --sdalr /kaggle/input/datasets/rafiurrahman01/physgate-m0-code --m0 /kaggle/input/datasets/rafiurrahman01/physgate-k10-g2 --dataset PU_M1 --src-fold S04 --tgt-fold S04c --variant shot --work /kaggle/working/shot_k10/S04 --seed 2024 --skip-pretrain\n"}
,{"stream_name":"stdout","time":6732.95721048,"data":"读取源域路径：/kaggle/working/shot_k10/S04/weight_PU_M1_shot_FS04toS04c_s2024/NEW_PU/Source-源域/log\u0026pt/(B1)N15_M01_F10\n"}
,{"stream_name":"stdout","time":6732.957246443,"data":"excel输出位置：/kaggle/working/shot_k10/S04/weight_PU_M1_shot_FS04toS04c_s2024/NEW_PU/Target-目标域\n"}
,{"stream_name":"stdout","time":6732.957582872,"data":"特征图片输出位置：/kaggle/working/shot_k10/S04/weight_PU_M1_shot_FS04toS04c_s2024/NEW_PU/Picture-特征图/2026年09月22日01时23分/(B1)N15_M01_F10\n"}
,{"stream_name":"stderr","time":6733.312836312,"data":"/usr/local/lib/python3.12/dist-packages/torch/nn/utils/weight_norm.py:144: FutureWarning: `torch.nn.utils.weight_norm` is deprecated in favor of `torch.nn.utils.parametrizations.weight_norm`.\n"}
,{"stream_name":"stderr","time":6733.312906126,"data":"  WeightNorm.apply(module, name, dim)\n"}
,{"stream_name":"stdout","time":6733.354994729,"data":"现在选取:(B1)N15_M01_F10 进行训练的源模型\n"}
,{"stream_name":"stdout","time":6733.355027903,"data":"现在进行：(B1)N15_M01_F10→(B2)N15_M07_F10 的迁移任务\n"}
,{"stream_name":"stdout","time":6733.355032381,"data":"log\u0026pt输出位置：/kaggle/working/shot_k10/S04/weight_PU_M1_shot_FS04toS04c_s2024/NEW_PU/Target-目标域/log\u0026pt/(B1)N15_M01_F10→(B2)N15_M07_F10\n"}
,{"stream_name":"stderr","time":6733.356412711,"data":"sh: 1: Syntax error: word unexpected (expecting \")\")\n"}
,{"stream_name":"stdout","time":6744.775856443,"data":"任务: (B1)N15_M01_F10→(B2)N15_M07_F10; 批次:····0/·1880;  总正确率: 90.00%\n"}
,{"stream_name":"stdout","time":6744.775913017,"data":"类型1 正确率：  97.00% -\u003e 1   97.10%, 2    2.85%, 3    0.05%\n"}
,{"stream_name":"stdout","time":6744.775920266,"data":"类型2 正确率：  82.00% -\u003e 1    0.00%, 2   82.00%, 3   18.00%\n"}
,{"stream_name":"stdout","time":6744.775924263,"data":"类型3 正确率：  91.00% -\u003e 1    0.00%, 2    9.10%, 3   90.90%\n"}
,{"stream_name":"stdout","time":6744.775928392,"data":"\n"}
,{"stream_name":"stdout","time":6744.77593175,"data":"\n"}
,{"stream_name":"stdout","time":6748.082701218,"data":"SHOT pseudo-labels: model 90.00% -\u003e centroid 86.23%\n"}
,{"stream_name":"stderr","time":6761.260747844,"data":"/kaggle/working/shot_k10/S04/sdalr_PU_shot/tar_adaptation_RES_PU.py:114: UserWarning: Converting a tensor with requires_grad=True to a scalar may lead to unexpected behavior.\n"}
,{"stream_name":"stderr","time":6761.260798681,"data":"Consider using tensor.detach() first. (Triggered internally at /pytorch/torch/csrc/autograd/generated/python_variable_methods.cpp:836.)\n"}
,{"stream_name":"stderr","time":6761.260804981,"data":"  iter_num // epoch_len, args.max_epoch, float(classifier_loss), float(im_loss), time.time() - start))\n"}
,{"stream_name":"stdout","time":6761.260781399,"data":"轮次:··1/·20 || cls:1.178 || im:-0.767 || 耗时：22.69s\n"}
,{"stream_name":"stdout","time":6764.693732984,"data":"SHOT pseudo-labels: model 82.22% -\u003e centroid 76.98%\n"}
,{"stream_name":"stdout","time":6778.167082778,"data":"轮次:··2/·20 || cls:1.513 || im:-0.786 || 耗时：16.91s\n"}
,{"stream_name":"stdout","time":6781.54764658,"data":"SHOT pseudo-labels: model 77.75% -\u003e centroid 63.85%\n"}
,{"stream_name":"stdout","time":6794.300851748,"data":"轮次:··3/·20 || cls:0.813 || im:-0.629 || 耗时：16.13s\n"}
,{"stream_name":"stdout","time":6797.538651654,"data":"SHOT pseudo-labels: model 76.20% -\u003e centroid 70.95%\n"}
,{"stream_name":"stdout","time":6810.041897896,"data":"轮次:··4/·20 || cls:0.716 || im:-0.670 || 耗时：15.74s\n"}
,{"stream_name":"stdout","time":6813.302418108,"data":"SHOT pseudo-labels: model 74.72% -\u003e centroid 74.12%\n"}
,{"stream_name":"stdout","time":6825.904468418,"data":"轮次:··5/·20 || cls:0.678 || im:-0.624 || 耗时：15.86s\n"}
,{"stream_name":"stdout","time":6829.201677049,"data":"SHOT pseudo-labels: model 73.85% -\u003e centroid 64.03%\n"}
,{"stream_name":"stdout","time":6842.35664593,"data":"轮次:··6/·20 || cls:0.701 || im:-0.660 || 耗时：16.45s\n"}
,{"stream_name":"stdout","time":6845.730634597,"data":"SHOT pseudo-labels: model 73.55% -\u003e centroid 71.83%\n"}
,{"stream_name":"stdout","time":6858.695363501,"data":"轮次:··7/·20 || cls:0.632 || im:-0.553 || 耗时：16.34s\n"}
,{"stream_name":"stdout","time":6862.001651545,"data":"SHOT pseudo-labels: model 75.98% -\u003e centroid 59.98%\n"}
,{"stream_name":"stdout","time":6874.666160927,"data":"轮次:··8/·20 || cls:0.853 || im:-0.660 || 耗时：15.97s\n"}
,{"stream_name":"stdout","time":6877.931743234,"data":"SHOT pseudo-labels: model 78.23% -\u003e centroid 75.05%\n"}
,{"stream_name":"stdout","time":6890.604985042,"data":"轮次:··9/·20 || cls:0.543 || im:-0.564 || 耗时：15.94s\n"}
,{"stream_name":"stdout","time":6893.895689648,"data":"SHOT pseudo-labels: model 80.42% -\u003e centroid 75.35%\n"}
,{"stream_name":"stdout","time":6906.703669875,"data":"轮次:·10/·20 || cls:0.657 || im:-0.702 || 耗时：16.10s\n"}
,{"stream_name":"stdout","time":6910.023670795,"data":"SHOT pseudo-labels: model 82.07% -\u003e centroid 75.75%\n"}
,{"stream_name":"stdout","time":6922.975491464,"data":"轮次:·11/·20 || cls:0.662 || im:-0.528 || 耗时：16.27s\n"}
,{"stream_name":"stdout","time":6926.298645745,"data":"SHOT pseudo-labels: model 83.73% -\u003e centroid 77.32%\n"}
,{"stream_name":"stdout","time":6939.117286507,"data":"轮次:·12/·20 || cls:0.686 || im:-0.664 || 耗时：16.14s\n"}
,{"stream_name":"stdout","time":6942.440655442,"data":"SHOT pseudo-labels: model 83.63% -\u003e centroid 77.30%\n"}
,{"stream_name":"stdout","time":6955.127420916,"data":"轮次:·13/·20 || cls:0.646 || im:-0.703 || 耗时：16.01s\n"}
,{"stream_name":"stdout","time":6958.418633072,"data":"SHOT pseudo-labels: model 84.23% -\u003e centroid 76.42%\n"}
,{"stream_name":"stdout","time":6971.150027033,"data":"轮次:·14/·20 || cls:0.764 || im:-0.599 || 耗时：16.02s\n"}
,{"stream_name":"stdout","time":6974.444661608,"data":"SHOT pseudo-labels: model 83.87% -\u003e centroid 77.02%\n"}
,{"stream_name":"stdout","time":6987.261125857,"data":"轮次:·15/·20 || cls:0.723 || im:-0.713 || 耗时：16.11s\n"}
,{"stream_name":"stdout","time":6990.559641891,"data":"SHOT pseudo-labels: model 85.28% -\u003e centroid 77.67%\n"}
,{"stream_name":"stdout","time":7003.405248691,"data":"轮次:·16/·20 || cls:0.766 || im:-0.731 || 耗时：16.14s\n"}
,{"stream_name":"stdout","time":7006.73263627,"data":"SHOT pseudo-labels: model 85.10% -\u003e centroid 76.93%\n"}
,{"stream_name":"stdout","time":7019.5587697,"data":"轮次:·17/·20 || cls:0.916 || im:-0.721 || 耗时：16.15s\n"}
,{"stream_name":"stdout","time":7022.863656558,"data":"SHOT pseudo-labels: model 84.62% -\u003e centroid 76.50%\n"}
,{"stream_name":"stdout","time":7035.624046484,"data":"轮次:·18/·20 || cls:0.845 || im:-0.750 || 耗时：16.07s\n"}
,{"stream_name":"stdout","time":7038.88769879,"data":"SHOT pseudo-labels: model 85.65% -\u003e centroid 76.67%\n"}
,{"stream_name":"stdout","time":7051.628245439,"data":"轮次:·19/·20 || cls:0.840 || im:-0.615 || 耗时：16.00s\n"}
,{"stream_name":"stdout","time":7054.930713102,"data":"SHOT pseudo-labels: model 85.18% -\u003e centroid 76.72%\n"}
,{"stream_name":"stdout","time":7067.696621075,"data":"轮次:·20/·20 || cls:0.667 || im:-0.748 || 耗时：16.07s\n"}
,{"stream_name":"stdout","time":7073.674169467,"data":"测试集任务: (B1)N15_M01_F10→(B2)N15_M07_F10; 总正确率 = 85.18%\n"}
,{"stream_name":"stdout","time":7073.674211425,"data":"类型1 正确率：  99.00% -\u003e 1   99.20%, 2    0.05%, 3    0.75%\n"}
,{"stream_name":"stdout","time":7073.674218621,"data":"类型2 正确率：  76.00% -\u003e 1    0.00%, 2   76.05%, 3   23.95%\n"}
,{"stream_name":"stdout","time":7073.67422364,"data":"类型3 正确率：  80.00% -\u003e 1    0.00%, 2   19.70%, 3   80.30%\n"}
,{"stream_name":"stdout","time":7073.674228541,"data":"\n"}
,{"stream_name":"stdout","time":7073.674234844,"data":"\n"}
,{"stream_name":"stdout","time":7073.691786098,"data":"[tar_adaptation_RES_PU.py --folder_root /kaggle/working/shot_k10/S04/sdalr_PU_shot/DATA_foldS04c --seed 2024 --class_num 3 --data_name PU_M1_L3 --output /kaggle/working/shot_k10/S04/weight_PU_M1_shot_FS04toS04c_s2024 --s 0 --t 1 --lr 0.0005 --threshold 0.4 --K 0.6] 341s\n"}
,{"stream_name":"stdout","time":7073.723033494,"data":"读取源域路径：/kaggle/working/shot_k10/S04/weight_PU_M1_shot_FS04toS04c_s2024/NEW_PU/Source-源域/log\u0026pt/(B1)N15_M01_F10\n"}
,{"stream_name":"stdout","time":7073.723055836,"data":"excel输出位置：/kaggle/working/shot_k10/S04/weight_PU_M1_shot_FS04toS04c_s2024/NEW_PU/Target-目标域\n"}
,{"stream_name":"stdout","time":7073.723061862,"data":"特征图片输出位置：/kaggle/working/shot_k10/S04/weight_PU_M1_shot_FS04toS04c_s2024/NEW_PU/Picture-特征图/2026年09月22日01时28分/(B1)N15_M01_F10\n"}
,{"stream_name":"stderr","time":7073.757375378,"data":"/usr/local/lib/python3.12/dist-packages/torch/nn/utils/weight_norm.py:144: FutureWarning: `torch.nn.utils.weight_norm` is deprecated in favor of `torch.nn.utils.parametrizations.weight_norm`.\n"}
,{"stream_name":"stderr","time":7073.757411833,"data":"  WeightNorm.apply(module, name, dim)\n"}
,{"stream_name":"stdout","time":7073.797524461,"data":"现在选取:(B1)N15_M01_F10 进行训练的源模型\n"}
,{"stream_name":"stdout","time":7073.797579778,"data":"现在进行：(B1)N15_M01_F10→(B3)N15_M07_F04 的迁移任务\n"}
,{"stream_name":"stdout","time":7073.797592588,"data":"log\u0026pt输出位置：/kaggle/working/shot_k10/S04/weight_PU_M1_shot_FS04toS04c_s2024/NEW_PU/Target-目标域/log\u0026pt/(B1)N15_M01_F10→(B3)N15_M07_F04\n"}
,{"stream_name":"stderr","time":7073.798889507,"data":"sh: 1: Syntax error: word unexpected (expecting \")\")\n"}
,{"stream_name":"stdout","time":7084.90902821,"data":"任务: (B1)N15_M01_F10→(B3)N15_M07_F04; 批次:····0/·1880;  总正确率: 78.67%\n"}
,{"stream_name":"stdout","time":7084.909066472,"data":"类型1 正确率：  97.00% -\u003e 1   96.60%, 2    3.40%, 3    0.00%\n"}
,{"stream_name":"stdout","time":7084.909072892,"data":"类型2 正确率：  88.00% -\u003e 1    0.00%, 2   87.50%, 3   12.50%\n"}
,{"stream_name":"stdout","time":7084.909078281,"data":"类型3 正确率：  52.00% -\u003e 1    0.00%, 2   48.10%, 3   51.90%\n"}
,{"stream_name":"stdout","time":7084.909083759,"data":"\n"}
,{"stream_name":"stdout","time":7084.909088638,"data":"\n"}
,{"stream_name":"stdout","time":7088.191633179,"data":"SHOT pseudo-labels: model 78.67% -\u003e centroid 79.50%\n"}
,{"stream_name":"stdout","time":7101.179995236,"data":"轮次:··1/·20 || cls:1.081 || im:-0.779 || 耗时：22.21s\n"}
,{"stream_name":"stdout","time":7104.57563195,"data":"SHOT pseudo-labels: model 68.63% -\u003e centroid 74.35%\n"}
,{"stream_name":"stdout","time":7117.663802814,"data":"轮次:··2/·20 || cls:1.302 || im:-0.755 || 耗时：16.48s\n"}
,{"stream_name":"stdout","time":7120.972674763,"data":"SHOT pseudo-labels: model 60.52% -\u003e centroid 66.67%\n"}
,{"stream_name":"stdout","time":7133.650009904,"data":"轮次:··3/·20 || cls:0.852 || im:-0.609 || 耗时：15.99s\n"}
,{"stream_name":"stdout","time":7136.919644454,"data":"SHOT pseudo-labels: model 57.03% -\u003e centroid 57.72%\n"}
,{"stream_name":"stdout","time":7149.5564643,"data":"轮次:··4/·20 || cls:0.734 || im:-0.668 || 耗时：15.91s\n"}
,{"stream_name":"stdout","time":7152.823668999,"data":"SHOT pseudo-labels: model 54.15% -\u003e centroid 48.08%\n"}
,{"stream_name":"stdout","time":7165.56195911,"data":"轮次:··5/·20 || cls:0.736 || im:-0.586 || 耗时：16.01s\n"}
,{"stream_name":"stdout","time":7168.869643596,"data":"SHOT pseudo-labels: model 53.48% -\u003e centroid 49.03%\n"}
,{"stream_name":"stdout","time":7181.761606106,"data":"轮次:··6/·20 || cls:0.824 || im:-0.707 || 耗时：16.20s\n"}
,{"stream_name":"stdout","time":7185.080634475,"data":"SHOT pseudo-labels: model 53.28% -\u003e centroid 51.12%\n"}
,{"stream_name":"stdout","time":7197.917537429,"data":"轮次:··7/·20 || cls:0.552 || im:-0.544 || 耗时：16.16s\n"}
,{"stream_name":"stdout","time":7201.227033122,"data":"SHOT pseudo-labels: model 53.83% -\u003e centroid 52.73%\n"}
,{"stream_name":"stdout","time":7213.960893625,"data":"轮次:··8/·20 || cls:0.747 || im:-0.682 || 耗时：16.04s\n"}
,{"stream_name":"stdout","time":7217.257687816,"data":"SHOT pseudo-labels: model 53.27% -\u003e centroid 51.47%\n"}
,{"stream_name":"stdout","time":7229.981134823,"data":"轮次:··9/·20 || cls:0.551 || im:-0.646 || 耗时：16.02s\n"}
,{"stream_name":"stdout","time":7233.286678074,"data":"SHOT pseudo-labels: model 52.97% -\u003e centroid 49.53%\n"}
,{"stream_name":"stdout","time":7246.054597144,"data":"轮次:·10/·20 || cls:0.727 || im:-0.655 || 耗时：16.07s\n"}
,{"stream_name":"stdout","time":7249.375646609,"data":"SHOT pseudo-labels: model 54.13% -\u003e centroid 65.77%\n"}
,{"stream_name":"stdout","time":7262.237817519,"data":"轮次:·11/·20 || cls:0.694 || im:-0.549 || 耗时：16.18s\n"}
,{"stream_name":"stdout","time":7265.560684683,"data":"SHOT pseudo-labels: model 54.37% -\u003e centroid 62.35%\n"}
,{"stream_name":"stdout","time":7278.417232452,"data":"轮次:·12/·20 || cls:0.706 || im:-0.656 || 耗时：16.18s\n"}
,{"stream_name":"stdout","time":7281.739501036,"data":"SHOT pseudo-labels: model 54.70% -\u003e centroid 58.25%\n"}
,{"stream_name":"stdout","time":7294.561910001,"data":"轮次:·13/·20 || cls:0.658 || im:-0.620 || 耗时：16.14s\n"}
,{"stream_name":"stdout","time":7297.895655276,"data":"SHOT pseudo-labels: model 54.25% -\u003e centroid 66.15%\n"}
,{"stream_name":"stdout","time":7310.647051408,"data":"轮次:·14/·20 || cls:0.670 || im:-0.529 || 耗时：16.09s\n"}
,{"stream_name":"stdout","time":7313.983636701,"data":"SHOT pseudo-labels: model 54.27% -\u003e centroid 66.75%\n"}
,{"stream_name":"stdout","time":7326.750765211,"data":"轮次:·15/·20 || cls:0.760 || im:-0.670 || 耗时：16.10s\n"}
,{"stream_name":"stdout","time":7330.056692058,"data":"SHOT pseudo-labels: model 54.58% -\u003e centroid 66.82%\n"}
,{"stream_name":"stdout","time":7342.857255774,"data":"轮次:·16/·20 || cls:0.895 || im:-0.612 || 耗时：16.11s\n"}
,{"stream_name":"stdout","time":7346.169663571,"data":"SHOT pseudo-labels: model 54.72% -\u003e centroid 67.05%\n"}
,{"stream_name":"stdout","time":7358.993574027,"data":"轮次:·17/·20 || cls:0.794 || im:-0.693 || 耗时：16.14s\n"}
,{"stream_name":"stdout","time":7362.309640141,"data":"SHOT pseudo-labels: model 54.25% -\u003e centroid 58.70%\n"}
,{"stream_name":"stdout","time":7375.152056179,"data":"轮次:·18/·20 || cls:0.829 || im:-0.663 || 耗时：16.16s\n"}
,{"stream_name":"stdout","time":7378.468646723,"data":"SHOT pseudo-labels: model 53.53% -\u003e centroid 62.27%\n"}
,{"stream_name":"stdout","time":7391.302141588,"data":"轮次:·19/·20 || cls:0.739 || im:-0.643 || 耗时：16.15s\n"}
,{"stream_name":"stdout","time":7394.630686224,"data":"SHOT pseudo-labels: model 52.67% -\u003e centroid 51.38%\n"}
,{"stream_name":"stdout","time":7407.436926589,"data":"轮次:·20/·20 || cls:0.659 || im:-0.630 || 耗时：16.13s\n"}
,{"stream_name":"stdout","time":7413.446780834,"data":"测试集任务: (B1)N15_M01_F10→(B3)N15_M07_F04; 总正确率 = 53.55%\n"}
,{"stream_name":"stdout","time":7413.446825033,"data":"类型1 正确率：  68.00% -\u003e 1   68.20%, 2    0.95%, 3   30.85%\n"}
,{"stream_name":"stdout","time":7413.446832315,"data":"类型2 正确率：  70.00% -\u003e 1    0.35%, 2   70.15%, 3   29.50%\n"}
,{"stream_name":"stdout","time":7413.44683857,"data":"类型3 正确率：  22.00% -\u003e 1   48.20%, 2   29.50%, 3   22.30%\n"}
,{"stream_name":"stdout","time":7413.446844531,"data":"\n"}
,{"stream_name":"stdout","time":7413.446849694,"data":"\n"}
,{"stream_name":"stdout","time":7413.466859571,"data":"[tar_adaptation_RES_PU.py --folder_root /kaggle/working/shot_k10/S04/sdalr_PU_shot/DATA_foldS04c --seed 2024 --class_num 3 --data_name PU_M1_L3 --output /kaggle/working/shot_k10/S04/weight_PU_M1_shot_FS04toS04c_s2024 --s 0 --t 2 --lr 0.0005 --threshold 0.4 --K 0.6] 340s\n"}
,{"stream_name":"stdout","time":7413.495065953,"data":"读取源域路径：/kaggle/working/shot_k10/S04/weight_PU_M1_shot_FS04toS04c_s2024/NEW_PU/Source-源域/log\u0026pt/(B2)N15_M07_F10\n"}
,{"stream_name":"stdout","time":7413.495107219,"data":"excel输出位置：/kaggle/working/shot_k10/S04/weight_PU_M1_shot_FS04toS04c_s2024/NEW_PU/Target-目标域\n"}
,{"stream_name":"stdout","time":7413.495114317,"data":"特征图片输出位置：/kaggle/working/shot_k10/S04/weight_PU_M1_shot_FS04toS04c_s2024/NEW_PU/Picture-特征图/2026年09月22日01时34分/(B2)N15_M07_F10\n"}
,{"stream_name":"stderr","time":7413.531423046,"data":"/usr/local/lib/python3.12/dist-packages/torch/nn/utils/weight_norm.py:144: FutureWarning: `torch.nn.utils.weight_norm` is deprecated in favor of `torch.nn.utils.parametrizations.weight_norm`.\n"}
,{"stream_name":"stderr","time":7413.531450441,"data":"  WeightNorm.apply(module, name, dim)\n"}
,{"stream_name":"stdout","time":7413.5693835,"data":"现在选取:(B2)N15_M07_F10 进行训练的源模型\n"}
,{"stream_name":"stdout","time":7413.569416921,"data":"现在进行：(B2)N15_M07_F10→(B1)N15_M01_F10 的迁移任务\n"}
,{"stream_name":"stdout","time":7413.569435689,"data":"log\u0026pt输出位置：/kaggle/working/shot_k10/S04/weight_PU_M1_shot_FS04toS04c_s2024/NEW_PU/Target-目标域/log\u0026pt/(B2)N15_M07_F10→(B1)N15_M01_F10\n"}
,{"stream_name":"stderr","time":7413.570923026,"data":"sh: 1: Syntax error: word unexpected (expecting \")\")\n"}
,{"stream_name":"stdout","time":7424.821251613,"data":"任务: (B2)N15_M07_F10→(B1)N15_M01_F10; 批次:····0/·1880;  总正确率: 80.42%\n"}
,{"stream_name":"stdout","time":7424.821293694,"data":"类型1 正确率： 100.00% -\u003e 1   99.85%, 2    0.15%, 3    0.00%\n"}
,{"stream_name":"stdout","time":7424.821300977,"data":"类型2 正确率：  44.00% -\u003e 1    0.00%, 2   44.45%, 3   55.55%\n"}
,{"stream_name":"stdout","time":7424.821305642,"data":"类型3 正确率：  97.00% -\u003e 1    0.00%, 2    3.05%, 3   96.95%\n"}
,{"stream_name":"stdout","time":7424.821309936,"data":"\n"}
,{"stream_name":"stdout","time":7424.821313827,"data":"\n"}
,{"stream_name":"stdout","time":7428.131582175,"data":"SHOT pseudo-labels: model 80.42% -\u003e centroid 81.18%\n"}
,{"stream_name":"stdout","time":7441.096262353,"data":"轮次:··1/·20 || cls:1.212 || im:-0.823 || 耗时：22.23s\n"}
,{"stream_name":"stdout","time":7444.519662217,"data":"SHOT pseudo-labels: model 79.38% -\u003e centroid 72.32%\n"}
,{"stream_name":"stdout","time":7457.65820934,"data":"轮次:··2/·20 || cls:1.508 || im:-0.664 || 耗时：16.56s\n"}
,{"stream_name":"stdout","time":7460.97063161,"data":"SHOT pseudo-labels: model 69.85% -\u003e centroid 71.35%\n"}
,{"stream_name":"stdout","time":7473.657213561,"data":"轮次:··3/·20 || cls:1.209 || im:-0.748 || 耗时：16.00s\n"}
,{"stream_name":"stdout","time":7476.923722261,"data":"SHOT pseudo-labels: model 61.37% -\u003e centroid 67.82%\n"}
,{"stream_name":"stdout","time":7489.569288418,"data":"轮次:··4/·20 || cls:0.847 || im:-0.667 || 耗时：15.91s\n"}
,{"stream_name":"stdout","time":7492.867640307,"data":"SHOT pseudo-labels: model 57.07% -\u003e centroid 64.48%\n"}
,{"stream_name":"stdout","time":7505.570929886,"data":"轮次:··5/·20 || cls:0.764 || im:-0.632 || 耗时：16.00s\n"}
,{"stream_name":"stdout","time":7508.87232009,"data":"SHOT pseudo-labels: model 55.85% -\u003e centroid 57.87%\n"}
,{"stream_name":"stdout","time":7521.749514831,"data":"轮次:··6/·20 || cls:0.655 || im:-0.510 || 耗时：16.18s\n"}
,{"stream_name":"stdout","time":7525.073187352,"data":"SHOT pseudo-labels: model 54.63% -\u003e centroid 57.98%\n"}
,{"stream_name":"stdout","time":7537.911237153,"data":"轮次:··7/·20 || cls:0.825 || im:-0.630 || 耗时：16.16s\n"}
,{"stream_name":"stdout","time":7541.219788899,"data":"SHOT pseudo-labels: model 55.57% -\u003e centroid 57.78%\n"}
,{"stream_name":"stdout","time":7554.046879122,"data":"轮次:··8/·20 || cls:0.640 || im:-0.625 || 耗时：16.14s\n"}
,{"stream_name":"stdout","time":7557.349643492,"data":"SHOT pseudo-labels: model 58.77% -\u003e centroid 58.78%\n"}
,{"stream_name":"stdout","time":7570.131905785,"data":"轮次:··9/·20 || cls:0.695 || im:-0.640 || 耗时：16.08s\n"}
,{"stream_name":"stdout","time":7573.430633348,"data":"SHOT pseudo-labels: model 58.52% -\u003e centroid 57.53%\n"}
,{"stream_name":"stdout","time":7586.191154774,"data":"轮次:·10/·20 || cls:0.574 || im:-0.613 || 耗时：16.06s\n"}
,{"stream_name":"stdout","time":7589.486696654,"data":"SHOT pseudo-labels: model 61.18% -\u003e centroid 57.85%\n"}
,{"stream_name":"stdout","time":7602.224950522,"data":"轮次:·11/·20 || cls:0.890 || im:-0.616 || 耗时：16.03s\n"}
,{"stream_name":"stdout","time":7605.52475835,"data":"SHOT pseudo-labels: model 60.23% -\u003e centroid 60.02%\n"}
,{"stream_name":"stdout","time":7618.268096229,"data":"轮次:·12/·20 || cls:0.608 || im:-0.544 || 耗时：16.04s\n"}
,{"stream_name":"stdout","time":7621.567952022,"data":"SHOT pseudo-labels: model 60.22% -\u003e centroid 60.83%\n"}
,{"stream_name":"stdout","time":7634.319271972,"data":"轮次:·13/·20 || cls:0.589 || im:-0.589 || 耗时：16.05s\n"}
,{"stream_name":"stdout","time":7637.613730102,"data":"SHOT pseudo-labels: model 62.05% -\u003e centroid 67.75%\n"}
,{"stream_name":"stdout","time":7650.370709101,"data":"轮次:·14/·20 || cls:0.638 || im:-0.533 || 耗时：16.05s\n"}
,{"stream_name":"stdout","time":7653.673656591,"data":"SHOT pseudo-labels: model 62.45% -\u003e centroid 71.75%\n"}
,{"stream_name":"stdout","time":7666.501909883,"data":"轮次:·15/·20 || cls:0.673 || im:-0.607 || 耗时：16.13s\n"}
,{"stream_name":"stdout","time":7669.802622648,"data":"SHOT pseudo-labels: model 61.92% -\u003e centroid 72.83%\n"}
,{"stream_name":"stdout","time":7682.654429297,"data":"轮次:·16/·20 || cls:0.734 || im:-0.568 || 耗时：16.15s\n"}
,{"stream_name":"stdout","time":7685.95468855,"data":"SHOT pseudo-labels: model 61.83% -\u003e centroid 74.58%\n"}
,{"stream_name":"stdout","time":7698.784133872,"data":"轮次:·17/·20 || cls:0.825 || im:-0.602 || 耗时：16.13s\n"}
,{"stream_name":"stdout","time":7702.127652694,"data":"SHOT pseudo-labels: model 63.08% -\u003e centroid 74.33%\n"}
,{"stream_name":"stdout","time":7714.913751139,"data":"轮次:·18/·20 || cls:0.709 || im:-0.647 || 耗时：16.13s\n"}
,{"stream_name":"stdout","time":7718.225720017,"data":"SHOT pseudo-labels: model 63.78% -\u003e centroid 75.07%\n"}
,{"stream_name":"stdout","time":7730.992298495,"data":"轮次:·19/·20 || cls:0.907 || im:-0.710 || 耗时：16.08s\n"}
,{"stream_name":"stdout","time":7734.297577903,"data":"SHOT pseudo-labels: model 63.47% -\u003e centroid 75.03%\n"}
,{"stream_name":"stdout","time":7747.040869007,"data":"轮次:·20/·20 || cls:0.527 || im:-0.656 || 耗时：16.05s\n"}
,{"stream_name":"stdout","time":7753.03257429,"data":"测试集任务: (B2)N15_M07_F10→(B1)N15_M01_F10; 总正确率 = 64.38%\n"}
,{"stream_name":"stdout","time":7753.032618226,"data":"类型1 正确率：  89.00% -\u003e 1   89.45%, 2    1.25%, 3    9.30%\n"}
,{"stream_name":"stdout","time":7753.032623382,"data":"类型2 正确率：  49.00% -\u003e 1   27.00%, 2   48.85%, 3   24.15%\n"}
,{"stream_name":"stdout","time":7753.032626996,"data":"类型3 正确率：  55.00% -\u003e 1    0.40%, 2   44.75%, 3   54.85%\n"}
,{"stream_name":"stdout","time":7753.032630319,"data":"\n"}
,{"stream_name":"stdout","time":7753.032633461,"data":"\n"}
,{"stream_name":"stdout","time":7753.052472406,"data":"[tar_adaptation_RES_PU.py --folder_root /kaggle/working/shot_k10/S04/sdalr_PU_shot/DATA_foldS04c --seed 2024 --class_num 3 --data_name PU_M1_L3 --output /kaggle/working/shot_k10/S04/weight_PU_M1_shot_FS04toS04c_s2024 --s 1 --t 0 --lr 0.0005 --threshold 0.4 --K 0.6] 340s\n"}
,{"stream_name":"stdout","time":7753.081818287,"data":"读取源域路径：/kaggle/working/shot_k10/S04/weight_PU_M1_shot_FS04toS04c_s2024/NEW_PU/Source-源域/log\u0026pt/(B2)N15_M07_F10\n"}
,{"stream_name":"stdout","time":7753.081852497,"data":"excel输出位置：/kaggle/working/shot_k10/S04/weight_PU_M1_shot_FS04toS04c_s2024/NEW_PU/Target-目标域\n"}
,{"stream_name":"stdout","time":7753.081858968,"data":"特征图片输出位置：/kaggle/working/shot_k10/S04/weight_PU_M1_shot_FS04toS04c_s2024/NEW_PU/Picture-特征图/2026年09月22日01时40分/(B2)N15_M07_F10\n"}
,{"stream_name":"stderr","time":7753.120951014,"data":"/usr/local/lib/python3.12/dist-packages/torch/nn/utils/weight_norm.py:144: FutureWarning: `torch.nn.utils.weight_norm` is deprecated in favor of `torch.nn.utils.parametrizations.weight_norm`.\n"}
,{"stream_name":"stderr","time":7753.121010419,"data":"  WeightNorm.apply(module, name, dim)\n"}
,{"stream_name":"stdout","time":7753.163402851,"data":"现在选取:(B2)N15_M07_F10 进行训练的源模型\n"}
,{"stream_name":"stdout","time":7753.163442515,"data":"现在进行：(B2)N15_M07_F10→(B3)N15_M07_F04 的迁移任务\n"}
,{"stream_name":"stdout","time":7753.163449839,"data":"log\u0026pt输出位置：/kaggle/working/shot_k10/S04/weight_PU_M1_shot_FS04toS04c_s2024/NEW_PU/Target-目标域/log\u0026pt/(B2)N15_M07_F10→(B3)N15_M07_F04\n"}
,{"stream_name":"stderr","time":7753.164970896,"data":"sh: 1: Syntax error: word unexpected (expecting \")\")\n"}
,{"stream_name":"stdout","time":7764.424615818,"data":"任务: (B2)N15_M07_F10→(B3)N15_M07_F04; 批次:····0/·1880;  总正确率: 81.50%\n"}
,{"stream_name":"stdout","time":7764.424659927,"data":"类型1 正确率：  99.00% -\u003e 1   98.65%, 2    1.35%, 3    0.00%\n"}
,{"stream_name":"stdout","time":7764.424681211,"data":"类型2 正确率：  53.00% -\u003e 1    0.00%, 2   52.75%, 3   47.25%\n"}
,{"stream_name":"stdout","time":7764.424686518,"data":"类型3 正确率：  93.00% -\u003e 1    0.00%, 2    6.90%, 3   93.10%\n"}
,{"stream_name":"stdout","time":7764.424691506,"data":"\n"}
,{"stream_name":"stdout","time":7764.424696361,"data":"\n"}
,{"stream_name":"stdout","time":7767.743673123,"data":"SHOT pseudo-labels: model 81.50% -\u003e centroid 79.63%\n"}
,{"stream_name":"stdout","time":7780.756640413,"data":"轮次:··1/·20 || cls:1.567 || im:-0.802 || 耗时：22.30s\n"}
,{"stream_name":"stdout","time":7784.172891851,"data":"SHOT pseudo-labels: model 73.87% -\u003e centroid 73.33%\n"}
,{"stream_name":"stdout","time":7797.358692693,"data":"轮次:··2/·20 || cls:1.556 || im:-0.786 || 耗时：16.60s\n"}
,{"stream_name":"stdout","time":7800.680598449,"data":"SHOT pseudo-labels: model 69.17% -\u003e centroid 72.17%\n"}
,{"stream_name":"stdout","time":7813.378514709,"data":"轮次:··3/·20 || cls:1.131 || im:-0.734 || 耗时：16.02s\n"}
,{"stream_name":"stdout","time":7816.647677167,"data":"SHOT pseudo-labels: model 66.73% -\u003e centroid 71.30%\n"}
,{"stream_name":"stdout","time":7829.268349354,"data":"轮次:··4/·20 || cls:0.775 || im:-0.679 || 耗时：15.89s\n"}
,{"stream_name":"stdout","time":7832.539779245,"data":"SHOT pseudo-labels: model 57.87% -\u003e centroid 64.47%\n"}
,{"stream_name":"stdout","time":7845.285127985,"data":"轮次:··5/·20 || cls:0.727 || im:-0.586 || 耗时：16.02s\n"}
,{"stream_name":"stdout","time":7848.607711423,"data":"SHOT pseudo-labels: model 57.35% -\u003e centroid 65.42%\n"}
,{"stream_name":"stdout","time":7861.527335956,"data":"轮次:··6/·20 || cls:0.722 || im:-0.678 || 耗时：16.24s\n"}
,{"stream_name":"stdout","time":7864.907588008,"data":"SHOT pseudo-labels: model 56.00% -\u003e centroid 65.15%\n"}
,{"stream_name":"stdout","time":7877.810407969,"data":"轮次:··7/·20 || cls:0.787 || im:-0.613 || 耗时：16.28s\n"}
,{"stream_name":"stdout","time":7881.15774374,"data":"SHOT pseudo-labels: model 58.15% -\u003e centroid 68.37%\n"}
,{"stream_name":"stdout","time":7893.911869258,"data":"轮次:··8/·20 || cls:0.780 || im:-0.572 || 耗时：16.10s\n"}
,{"stream_name":"stdout","time":7897.217659793,"data":"SHOT pseudo-labels: model 61.57% -\u003e centroid 68.00%\n"}
,{"stream_name":"stdout","time":7909.959779554,"data":"轮次:··9/·20 || cls:0.665 || im:-0.676 || 耗时：16.05s\n"}
,{"stream_name":"stdout","time":7913.295681044,"data":"SHOT pseudo-labels: model 59.70% -\u003e centroid 70.08%\n"}
,{"stream_name":"stdout","time":7926.108261777,"data":"轮次:·10/·20 || cls:0.559 || im:-0.545 || 耗时：16.15s\n"}
,{"stream_name":"stdout","time":7929.428712672,"data":"SHOT pseudo-labels: model 60.73% -\u003e centroid 70.93%\n"}
,{"stream_name":"stdout","time":7942.305359496,"data":"轮次:·11/·20 || cls:0.820 || im:-0.606 || 耗时：16.20s\n"}
,{"stream_name":"stdout","time":7945.601646977,"data":"SHOT pseudo-labels: model 61.83% -\u003e centroid 73.10%\n"}
,{"stream_name":"stdout","time":7958.468415974,"data":"轮次:·12/·20 || cls:0.757 || im:-0.624 || 耗时：16.16s\n"}
,{"stream_name":"stdout","time":7961.768632309,"data":"SHOT pseudo-labels: model 64.08% -\u003e centroid 74.52%\n"}
,{"stream_name":"stdout","time":7974.55720825,"data":"轮次:·13/·20 || cls:0.667 || im:-0.667 || 耗时：16.09s\n"}
,{"stream_name":"stdout","time":7977.875642479,"data":"SHOT pseudo-labels: model 63.15% -\u003e centroid 72.65%\n"}
,{"stream_name":"stdout","time":7990.644859942,"data":"轮次:·14/·20 || cls:0.678 || im:-0.632 || 耗时：16.09s\n"}
,{"stream_name":"stdout","time":7993.951627088,"data":"SHOT pseudo-labels: model 65.53% -\u003e centroid 74.40%\n"}
,{"stream_name":"stdout","time":8006.688057877,"data":"轮次:·15/·20 || cls:0.593 || im:-0.614 || 耗时：16.04s\n"}
,{"stream_name":"stdout","time":8009.965640202,"data":"SHOT pseudo-labels: model 64.90% -\u003e centroid 74.52%\n"}
,{"stream_name":"stdout","time":8022.709587354,"data":"轮次:·16/·20 || cls:0.771 || im:-0.641 || 耗时：16.02s\n"}
,{"stream_name":"stdout","time":8026.018707407,"data":"SHOT pseudo-labels: model 65.88% -\u003e centroid 74.50%\n"}
,{"stream_name":"stdout","time":8038.785094493,"data":"轮次:·17/·20 || cls:0.663 || im:-0.667 || 耗时：16.08s\n"}
,{"stream_name":"stdout","time":8042.081646385,"data":"SHOT pseudo-labels: model 66.28% -\u003e centroid 73.97%\n"}
,{"stream_name":"stdout","time":8054.85630706,"data":"轮次:·18/·20 || cls:0.749 || im:-0.614 || 耗时：16.07s\n"}
,{"stream_name":"stdout","time":8058.154656276,"data":"SHOT pseudo-labels: model 66.42% -\u003e centroid 73.98%\n"}
,{"stream_name":"stdout","time":8070.912432952,"data":"轮次:·19/·20 || cls:0.813 || im:-0.674 || 耗时：16.06s\n"}
,{"stream_name":"stdout","time":8074.232723464,"data":"SHOT pseudo-labels: model 66.23% -\u003e centroid 73.40%\n"}
,{"stream_name":"stdout","time":8087.021118786,"data":"轮次:·20/·20 || cls:0.419 || im:-0.610 || 耗时：16.11s\n"}
,{"stream_name":"stdout","time":8092.986753537,"data":"测试集任务: (B2)N15_M07_F10→(B3)N15_M07_F04; 总正确率 = 67.72%\n"}
,{"stream_name":"stdout","time":8092.986794014,"data":"类型1 正确率：  90.00% -\u003e 1   89.55%, 2    8.00%, 3    2.45%\n"}
,{"stream_name":"stdout","time":8092.986799904,"data":"类型2 正确率：  51.00% -\u003e 1   21.85%, 2   51.10%, 3   27.05%\n"}
,{"stream_name":"stdout","time":8092.986803352,"data":"类型3 正确率：  62.00% -\u003e 1    0.00%, 2   37.50%, 3   62.50%\n"}
,{"stream_name":"stdout","time":8092.986806592,"data":"\n"}
,{"stream_name":"stdout","time":8092.986809637,"data":"\n"}
,{"stream_name":"stdout","time":8093.00523259,"data":"[tar_adaptation_RES_PU.py --folder_root /kaggle/working/shot_k10/S04/sdalr_PU_shot/DATA_foldS04c --seed 2024 --class_num 3 --data_name PU_M1_L3 --output /kaggle/working/shot_k10/S04/weight_PU_M1_shot_FS04toS04c_s2024 --s 1 --t 2 --lr 0.0005 --threshold 0.4 --K 0.6] 340s\n"}
,{"stream_name":"stdout","time":8093.036923549,"data":"读取源域路径：/kaggle/working/shot_k10/S04/weight_PU_M1_shot_FS04toS04c_s2024/NEW_PU/Source-源域/log\u0026pt/(B3)N15_M07_F04\n"}
,{"stream_name":"stdout","time":8093.036946785,"data":"excel输出位置：/kaggle/working/shot_k10/S04/weight_PU_M1_shot_FS04toS04c_s2024/NEW_PU/Target-目标域\n"}
,{"stream_name":"stdout","time":8093.036981452,"data":"特征图片输出位置：/kaggle/working/shot_k10/S04/weight_PU_M1_shot_FS04toS04c_s2024/NEW_PU/Picture-特征图/2026年09月22日01时45分/(B3)N15_M07_F04\n"}
,{"stream_name":"stderr","time":8093.072861275,"data":"/usr/local/lib/python3.12/dist-packages/torch/nn/utils/weight_norm.py:144: FutureWarning: `torch.nn.utils.weight_norm` is deprecated in favor of `torch.nn.utils.parametrizations.weight_norm`.\n"}
,{"stream_name":"stderr","time":8093.072888142,"data":"  WeightNorm.apply(module, name, dim)\n"}
,{"stream_name":"stdout","time":8093.110557386,"data":"现在选取:(B3)N15_M07_F04 进行训练的源模型\n"}
,{"stream_name":"stdout","time":8093.110646025,"data":"现在进行：(B3)N15_M07_F04→(B1)N15_M01_F10 的迁移任务\n"}
,{"stream_name":"stdout","time":8093.110653693,"data":"log\u0026pt输出位置：/kaggle/working/shot_k10/S04/weight_PU_M1_shot_FS04toS04c_s2024/NEW_PU/Target-目标域/log\u0026pt/(B3)N15_M07_F04→(B1)N15_M01_F10\n"}
,{"stream_name":"stderr","time":8093.112018224,"data":"sh: 1: Syntax error: word unexpected (expecting \")\")\n"}
,{"stream_name":"stdout","time":8104.228542149,"data":"任务: (B3)N15_M07_F04→(B1)N15_M01_F10; 批次:····0/·1880;  总正确率: 61.33%\n"}
,{"stream_name":"stdout","time":8104.228592531,"data":"类型1 正确率：  98.00% -\u003e 1   98.35%, 2    0.55%, 3    1.10%\n"}
,{"stream_name":"stdout","time":8104.228604355,"data":"类型2 正确率：   4.00% -\u003e 1    0.00%, 2    3.90%, 3   96.10%\n"}
,{"stream_name":"stdout","time":8104.228608053,"data":"类型3 正确率：  82.00% -\u003e 1    0.60%, 2   17.65%, 3   81.75%\n"}
,{"stream_name":"stdout","time":8104.22861131,"data":"\n"}
,{"stream_name":"stdout","time":8104.228614308,"data":"\n"}
,{"stream_name":"stdout","time":8107.498706929,"data":"SHOT pseudo-labels: model 61.33% -\u003e centroid 60.32%\n"}
,{"stream_name":"stdout","time":8120.481768161,"data":"轮次:··1/·20 || cls:1.294 || im:-0.853 || 耗时：22.21s\n"}
,{"stream_name":"stdout","time":8123.878637661,"data":"SHOT pseudo-labels: model 57.23% -\u003e centroid 63.77%\n"}
,{"stream_name":"stdout","time":8137.065507662,"data":"轮次:··2/·20 || cls:1.669 || im:-0.866 || 耗时：16.58s\n"}
,{"stream_name":"stdout","time":8140.357655307,"data":"SHOT pseudo-labels: model 57.60% -\u003e centroid 58.62%\n"}
,{"stream_name":"stdout","time":8153.044921681,"data":"轮次:··3/·20 || cls:1.031 || im:-0.729 || 耗时：15.98s\n"}
,{"stream_name":"stdout","time":8156.297655729,"data":"SHOT pseudo-labels: model 54.95% -\u003e centroid 66.35%\n"}
,{"stream_name":"stdout","time":8168.932103194,"data":"轮次:··4/·20 || cls:0.822 || im:-0.684 || 耗时：15.89s\n"}
,{"stream_name":"stdout","time":8172.234841156,"data":"SHOT pseudo-labels: model 51.87% -\u003e centroid 49.63%\n"}
,{"stream_name":"stdout","time":8185.001854001,"data":"轮次:··5/·20 || cls:0.762 || im:-0.675 || 耗时：16.07s\n"}
,{"stream_name":"stdout","time":8188.314674026,"data":"SHOT pseudo-labels: model 46.82% -\u003e centroid 33.33%\n"}
,{"stream_name":"stdout","time":8201.237004963,"data":"轮次:··6/·20 || cls:0.800 || im:-0.675 || 耗时：16.24s\n"}
,{"stream_name":"stdout","time":8204.591666026,"data":"SHOT pseudo-labels: model 50.72% -\u003e centroid 45.30%\n"}
,{"stream_name":"stdout","time":8217.467736565,"data":"轮次:··7/·20 || cls:0.920 || im:-0.606 || 耗时：16.23s\n"}
,{"stream_name":"stdout","time":8220.806643076,"data":"SHOT pseudo-labels: model 46.28% -\u003e centroid 37.57%\n"}
,{"stream_name":"stdout","time":8233.614454862,"data":"轮次:··8/·20 || cls:0.687 || im:-0.613 || 耗时：16.15s\n"}
,{"stream_name":"stdout","time":8236.902731209,"data":"SHOT pseudo-labels: model 49.62% -\u003e centroid 47.57%\n"}
,{"stream_name":"stdout","time":8249.649500951,"data":"轮次:··9/·20 || cls:0.760 || im:-0.662 || 耗时：16.03s\n"}
,{"stream_name":"stdout","time":8252.93978917,"data":"SHOT pseudo-labels: model 46.42% -\u003e centroid 34.23%\n"}
,{"stream_name":"stdout","time":8265.690643635,"data":"轮次:·10/·20 || cls:0.711 || im:-0.641 || 耗时：16.04s\n"}
,{"stream_name":"stdout","time":8268.970633219,"data":"SHOT pseudo-labels: model 50.97% -\u003e centroid 44.03%\n"}
,{"stream_name":"stdout","time":8281.742087526,"data":"轮次:·11/·20 || cls:0.869 || im:-0.574 || 耗时：16.05s\n"}
,{"stream_name":"stdout","time":8285.022623969,"data":"SHOT pseudo-labels: model 45.27% -\u003e centroid 38.23%\n"}
,{"stream_name":"stdout","time":8297.798669516,"data":"轮次:·12/·20 || cls:0.568 || im:-0.540 || 耗时：16.06s\n"}
,{"stream_name":"stdout","time":8301.105596864,"data":"SHOT pseudo-labels: model 50.60% -\u003e centroid 50.22%\n"}
,{"stream_name":"stdout","time":8313.870903555,"data":"轮次:·13/·20 || cls:0.662 || im:-0.566 || 耗时：16.07s\n"}
,{"stream_name":"stdout","time":8317.168731424,"data":"SHOT pseudo-labels: model 52.37% -\u003e centroid 50.42%\n"}
,{"stream_name":"stdout","time":8329.92212589,"data":"轮次:·14/·20 || cls:0.633 || im:-0.468 || 耗时：16.05s\n"}
,{"stream_name":"stdout","time":8333.212632339,"data":"SHOT pseudo-labels: model 52.90% -\u003e centroid 53.23%\n"}
,{"stream_name":"stdout","time":8346.016855829,"data":"轮次:·15/·20 || cls:0.695 || im:-0.647 || 耗时：16.09s\n"}
,{"stream_name":"stdout","time":8349.326619968,"data":"SHOT pseudo-labels: model 52.13% -\u003e centroid 50.67%\n"}
,{"stream_name":"stdout","time":8362.136307503,"data":"轮次:·16/·20 || cls:0.751 || im:-0.665 || 耗时：16.12s\n"}
,{"stream_name":"stdout","time":8365.425631718,"data":"SHOT pseudo-labels: model 51.30% -\u003e centroid 48.90%\n"}
,{"stream_name":"stdout","time":8378.281436955,"data":"轮次:·17/·20 || cls:0.693 || im:-0.689 || 耗时：16.15s\n"}
,{"stream_name":"stdout","time":8381.602509927,"data":"SHOT pseudo-labels: model 50.82% -\u003e centroid 50.63%\n"}
,{"stream_name":"stdout","time":8394.388946759,"data":"轮次:·18/·20 || cls:0.601 || im:-0.585 || 耗时：16.11s\n"}
,{"stream_name":"stdout","time":8397.669659718,"data":"SHOT pseudo-labels: model 52.15% -\u003e centroid 51.00%\n"}
,{"stream_name":"stdout","time":8410.446159874,"data":"轮次:·19/·20 || cls:0.779 || im:-0.630 || 耗时：16.06s\n"}
,{"stream_name":"stdout","time":8413.75063068,"data":"SHOT pseudo-labels: model 54.33% -\u003e centroid 52.58%\n"}
,{"stream_name":"stdout","time":8426.482426899,"data":"轮次:·20/·20 || cls:0.583 || im:-0.570 || 耗时：16.04s\n"}
,{"stream_name":"stdout","time":8432.449106572,"data":"测试集任务: (B3)N15_M07_F04→(B1)N15_M01_F10; 总正确率 = 53.82%\n"}
,{"stream_name":"stdout","time":8432.449142816,"data":"类型1 正确率：  70.00% -\u003e 1   69.70%, 2    5.65%, 3   24.65%\n"}
,{"stream_name":"stdout","time":8432.44915007,"data":"类型2 正确率：  55.00% -\u003e 1    0.20%, 2   55.45%, 3   44.35%\n"}
,{"stream_name":"stdout","time":8432.449155926,"data":"类型3 正确率：  36.00% -\u003e 1   39.50%, 2   24.20%, 3   36.30%\n"}
,{"stream_name":"stdout","time":8432.449161569,"data":"\n"}
,{"stream_name":"stdout","time":8432.449166797,"data":"\n"}
,{"stream_name":"stdout","time":8432.471763096,"data":"[tar_adaptation_RES_PU.py --folder_root /kaggle/working/shot_k10/S04/sdalr_PU_shot/DATA_foldS04c --seed 2024 --class_num 3 --data_name PU_M1_L3 --output /kaggle/working/shot_k10/S04/weight_PU_M1_shot_FS04toS04c_s2024 --s 2 --t 0 --lr 0.0005 --threshold 0.4 --K 0.6] 339s\n"}
,{"stream_name":"stdout","time":8432.50497182,"data":"读取源域路径：/kaggle/working/shot_k10/S04/weight_PU_M1_shot_FS04toS04c_s2024/NEW_PU/Source-源域/log\u0026pt/(B3)N15_M07_F04\n"}
,{"stream_name":"stdout","time":8432.505012475,"data":"excel输出位置：/kaggle/working/shot_k10/S04/weight_PU_M1_shot_FS04toS04c_s2024/NEW_PU/Target-目标域\n"}
,{"stream_name":"stdout","time":8432.505018266,"data":"特征图片输出位置：/kaggle/working/shot_k10/S04/weight_PU_M1_shot_FS04toS04c_s2024/NEW_PU/Picture-特征图/2026年09月22日01时51分/(B3)N15_M07_F04\n"}
,{"stream_name":"stderr","time":8432.541637315,"data":"/usr/local/lib/python3.12/dist-packages/torch/nn/utils/weight_norm.py:144: FutureWarning: `torch.nn.utils.weight_norm` is deprecated in favor of `torch.nn.utils.parametrizations.weight_norm`.\n"}
,{"stream_name":"stderr","time":8432.541663353,"data":"  WeightNorm.apply(module, name, dim)\n"}
,{"stream_name":"stdout","time":8432.580102646,"data":"现在选取:(B3)N15_M07_F04 进行训练的源模型\n"}
,{"stream_name":"stdout","time":8432.580133263,"data":"现在进行：(B3)N15_M07_F04→(B2)N15_M07_F10 的迁移任务\n"}
,{"stream_name":"stdout","time":8432.58013892,"data":"log\u0026pt输出位置：/kaggle/working/shot_k10/S04/weight_PU_M1_shot_FS04toS04c_s2024/NEW_PU/Target-目标域/log\u0026pt/(B3)N15_M07_F04→(B2)N15_M07_F10\n"}
,{"stream_name":"stderr","time":8432.581534446,"data":"sh: 1: Syntax error: word unexpected (expecting \")\")\n"}
,{"stream_name":"stdout","time":8443.723726994,"data":"任务: (B3)N15_M07_F04→(B2)N15_M07_F10; 批次:····0/·1880;  总正确率: 63.63%\n"}
,{"stream_name":"stdout","time":8443.723779286,"data":"类型1 正确率：  98.00% -\u003e 1   98.10%, 2    0.00%, 3    1.90%\n"}
,{"stream_name":"stdout","time":8443.72378701,"data":"类型2 正确率：   3.00% -\u003e 1    0.00%, 2    3.40%, 3   96.60%\n"}
,{"stream_name":"stdout","time":8443.723791966,"data":"类型3 正确率：  89.00% -\u003e 1    0.10%, 2   10.50%, 3   89.40%\n"}
,{"stream_name":"stdout","time":8443.723796561,"data":"\n"}
,{"stream_name":"stdout","time":8443.723800803,"data":"\n"}
,{"stream_name":"stdout","time":8446.978631854,"data":"SHOT pseudo-labels: model 63.63% -\u003e centroid 61.38%\n"}
,{"stream_name":"stdout","time":8459.939309116,"data":"轮次:··1/·20 || cls:1.369 || im:-0.835 || 耗时：22.19s\n"}
,{"stream_name":"stdout","time":8463.329654143,"data":"SHOT pseudo-labels: model 62.10% -\u003e centroid 67.55%\n"}
,{"stream_name":"stdout","time":8476.406728707,"data":"轮次:··2/·20 || cls:1.816 || im:-0.817 || 耗时：16.47s\n"}
,{"stream_name":"stdout","time":8479.707645379,"data":"SHOT pseudo-labels: model 60.57% -\u003e centroid 64.88%\n"}
,{"stream_name":"stdout","time":8492.405371643,"data":"轮次:··3/·20 || cls:1.092 || im:-0.724 || 耗时：16.00s\n"}
,{"stream_name":"stdout","time":8495.680675236,"data":"SHOT pseudo-labels: model 57.58% -\u003e centroid 66.22%\n"}
,{"stream_name":"stdout","time":8508.325698282,"data":"轮次:··4/·20 || cls:0.876 || im:-0.703 || 耗时：15.92s\n"}
,{"stream_name":"stdout","time":8511.625807204,"data":"SHOT pseudo-labels: model 58.12% -\u003e centroid 64.53%\n"}
,{"stream_name":"stdout","time":8524.383990938,"data":"轮次:··5/·20 || cls:0.708 || im:-0.617 || 耗时：16.06s\n"}
,{"stream_name":"stdout","time":8527.672645624,"data":"SHOT pseudo-labels: model 55.00% -\u003e centroid 67.35%\n"}
,{"stream_name":"stdout","time":8540.57191523,"data":"轮次:··6/·20 || cls:0.677 || im:-0.617 || 耗时：16.19s\n"}
,{"stream_name":"stdout","time":8543.892633772,"data":"SHOT pseudo-labels: model 55.57% -\u003e centroid 63.98%\n"}
,{"stream_name":"stdout","time":8556.73018649,"data":"轮次:··7/·20 || cls:0.672 || im:-0.575 || 耗时：16.16s\n"}
,{"stream_name":"stdout","time":8560.018670407,"data":"SHOT pseudo-labels: model 56.63% -\u003e centroid 64.82%\n"}
,{"stream_name":"stdout","time":8572.779190586,"data":"轮次:··8/·20 || cls:0.593 || im:-0.602 || 耗时：16.05s\n"}
,{"stream_name":"stdout","time":8576.059672415,"data":"SHOT pseudo-labels: model 58.40% -\u003e centroid 66.10%\n"}
,{"stream_name":"stdout","time":8588.789939411,"data":"轮次:··9/·20 || cls:0.660 || im:-0.585 || 耗时：16.01s\n"}
,{"stream_name":"stdout","time":8592.106677504,"data":"SHOT pseudo-labels: model 58.32% -\u003e centroid 63.15%\n"}
,{"stream_name":"stdout","time":8604.908789585,"data":"轮次:·10/·20 || cls:0.642 || im:-0.639 || 耗时：16.12s\n"}
,{"stream_name":"stdout","time":8608.201868936,"data":"SHOT pseudo-labels: model 58.72% -\u003e centroid 62.77%\n"}
,{"stream_name":"stdout","time":8621.050637717,"data":"轮次:·11/·20 || cls:0.735 || im:-0.543 || 耗时：16.14s\n"}
,{"stream_name":"stdout","time":8624.363578851,"data":"SHOT pseudo-labels: model 55.87% -\u003e centroid 60.45%\n"}
,{"stream_name":"stdout","time":8637.194738189,"data":"轮次:·12/·20 || cls:0.779 || im:-0.636 || 耗时：16.14s\n"}
,{"stream_name":"stdout","time":8640.504692987,"data":"SHOT pseudo-labels: model 57.10% -\u003e centroid 63.43%\n"}
,{"stream_name":"stdout","time":8653.265053303,"data":"轮次:·13/·20 || cls:0.628 || im:-0.629 || 耗时：16.07s\n"}
,{"stream_name":"stdout","time":8656.550651621,"data":"SHOT pseudo-labels: model 60.53% -\u003e centroid 59.23%\n"}
,{"stream_name":"stdout","time":8669.302023153,"data":"轮次:·14/·20 || cls:0.761 || im:-0.549 || 耗时：16.04s\n"}
,{"stream_name":"stdout","time":8672.597667639,"data":"SHOT pseudo-labels: model 58.55% -\u003e centroid 60.60%\n"}
,{"stream_name":"stdout","time":8685.35741888,"data":"轮次:·15/·20 || cls:0.914 || im:-0.634 || 耗时：16.06s\n"}
,{"stream_name":"stdout","time":8688.657761421,"data":"SHOT pseudo-labels: model 57.33% -\u003e centroid 58.57%\n"}
,{"stream_name":"stdout","time":8701.43133637,"data":"轮次:·16/·20 || cls:0.705 || im:-0.606 || 耗时：16.07s\n"}
,{"stream_name":"stdout","time":8704.731639873,"data":"SHOT pseudo-labels: model 57.87% -\u003e centroid 59.07%\n"}
,{"stream_name":"stdout","time":8717.500973638,"data":"轮次:·17/·20 || cls:0.761 || im:-0.680 || 耗时：16.07s\n"}
,{"stream_name":"stdout","time":8720.777658848,"data":"SHOT pseudo-labels: model 58.60% -\u003e centroid 59.97%\n"}
,{"stream_name":"stdout","time":8733.585781394,"data":"轮次:·18/·20 || cls:0.807 || im:-0.608 || 耗时：16.08s\n"}
,{"stream_name":"stdout","time":8736.953666306,"data":"SHOT pseudo-labels: model 56.02% -\u003e centroid 58.58%\n"}
,{"stream_name":"stdout","time":8749.753541602,"data":"轮次:·19/·20 || cls:0.701 || im:-0.674 || 耗时：16.17s\n"}
,{"stream_name":"stdout","time":8753.138693333,"data":"SHOT pseudo-labels: model 57.53% -\u003e centroid 59.33%\n"}
,{"stream_name":"stdout","time":8765.933254623,"data":"轮次:·20/·20 || cls:0.558 || im:-0.596 || 耗时：16.18s\n"}
,{"stream_name":"stdout","time":8771.907437483,"data":"测试集任务: (B3)N15_M07_F04→(B2)N15_M07_F10; 总正确率 = 57.10%\n"}
,{"stream_name":"stdout","time":8771.907486917,"data":"类型1 正确率：  97.00% -\u003e 1   96.95%, 2    0.35%, 3    2.70%\n"}
,{"stream_name":"stdout","time":8771.907494522,"data":"类型2 正确率：  37.00% -\u003e 1    0.10%, 2   36.70%, 3   63.20%\n"}
,{"stream_name":"stdout","time":8771.907500282,"data":"类型3 正确率：  38.00% -\u003e 1    0.50%, 2   61.85%, 3   37.65%\n"}
,{"stream_name":"stdout","time":8771.907505031,"data":"\n"}
,{"stream_name":"stdout","time":8771.907509227,"data":"\n"}
,{"stream_name":"stdout","time":8771.92850961,"data":"[tar_adaptation_RES_PU.py --folder_root /kaggle/working/shot_k10/S04/sdalr_PU_shot/DATA_foldS04c --seed 2024 --class_num 3 --data_name PU_M1_L3 --output /kaggle/working/shot_k10/S04/weight_PU_M1_shot_FS04toS04c_s2024 --s 2 --t 1 --lr 0.0005 --threshold 0.4 --K 0.6] 339s\n"}
,{"stream_name":"stdout","time":8771.946210364,"data":"{\n"}
,{"stream_name":"stdout","time":8771.946232134,"data":"  \"dataset\": \"PU_M1\",\n"}
,{"stream_name":"stdout","time":8771.946237519,"data":"  \"variant\": \"shot\",\n"}
,{"stream_name":"stdout","time":8771.94624176,"data":"  \"seed\": 2024,\n"}
,{"stream_name":"stdout","time":8771.946245334,"data":"  \"smoke\": false,\n"}
,{"stream_name":"stdout","time":8771.94624942,"data":"  \"src_fold\": \"S04\",\n"}
,{"stream_name":"stdout","time":8771.946253037,"data":"  \"tgt_fold\": \"S04c\",\n"}
,{"stream_name":"stdout","time":8771.946256547,"data":"  \"leaky\": false,\n"}
,{"stream_name":"stdout","time":8771.946259996,"data":"  \"hyperparameters\": {\n"}
,{"stream_name":"stdout","time":8771.94626353,"data":"    \"lr\": \"0.0005\",\n"}
,{"stream_name":"stdout","time":8771.946267079,"data":"    \"threshold\": \"0.4\",\n"}
,{"stream_name":"stdout","time":8771.946270437,"data":"    \"K\": \"0.6\"\n"}
,{"stream_name":"stdout","time":8771.946274635,"data":"  },\n"}
,{"stream_name":"stdout","time":8771.946278791,"data":"  \"adapters\": [\n"}
,{"stream_name":"stdout","time":8771.946282947,"data":"    \"npz_io\",\n"}
,{"stream_name":"stdout","time":8771.946286948,"data":"    \"tsne_stub\",\n"}
,{"stream_name":"stdout","time":8771.946290905,"data":"    \"shot_patch\"\n"}
,{"stream_name":"stdout","time":8771.946294284,"data":"  ],\n"}
,{"stream_name":"stdout","time":8771.946297649,"data":"  \"source_only\": {},\n"}
,{"stream_name":"stdout","time":8771.946301034,"data":"  \"adapted\": {\n"}
,{"stream_name":"stdout","time":8771.946304485,"data":"    \"A1-\u003eA3\": 85.18,\n"}
,{"stream_name":"stdout","time":8771.946308219,"data":"    \"A1-\u003eA2\": 53.55,\n"}
,{"stream_name":"stdout","time":8771.946311707,"data":"    \"A3-\u003eA1\": 64.38,\n"}
,{"stream_name":"stdout","time":8771.946317008,"data":"    \"A3-\u003eA2\": 67.72,\n"}
,{"stream_name":"stdout","time":8771.946324267,"data":"    \"A2-\u003eA1\": 53.82,\n"}
,{"stream_name":"stdout","time":8771.94632662,"data":"    \"A2-\u003eA3\": 57.1\n"}
,{"stream_name":"stdout","time":8771.946329021,"data":"  },\n"}
,{"stream_name":"stdout","time":8771.946331205,"data":"  \"seconds\": {\n"}
,{"stream_name":"stdout","time":8771.946333454,"data":"    \"A1-\u003eA3\": 341,\n"}
,{"stream_name":"stdout","time":8771.946335829,"data":"    \"A1-\u003eA2\": 340,\n"}
,{"stream_name":"stdout","time":8771.946338147,"data":"    \"A3-\u003eA1\": 340,\n"}
,{"stream_name":"stdout","time":8771.946340408,"data":"    \"A3-\u003eA2\": 340,\n"}
,{"stream_name":"stdout","time":8771.946342725,"data":"    \"A2-\u003eA1\": 339,\n"}
,{"stream_name":"stdout","time":8771.946344961,"data":"    \"A2-\u003eA3\": 339\n"}
,{"stream_name":"stdout","time":8771.946347242,"data":"  },\n"}
,{"stream_name":"stdout","time":8771.946349401,"data":"  \"gate_log\": {\n"}
,{"stream_name":"stdout","time":8771.94635174,"data":"    \"A1-\u003eA3\": [],\n"}
,{"stream_name":"stdout","time":8771.946353985,"data":"    \"A1-\u003eA2\": [],\n"}
,{"stream_name":"stdout","time":8771.946357141,"data":"    \"A3-\u003eA1\": [],\n"}
,{"stream_name":"stdout","time":8771.946374274,"data":"    \"A3-\u003eA2\": [],\n"}
,{"stream_name":"stdout","time":8771.94637847,"data":"    \"A2-\u003eA1\": [],\n"}
,{"stream_name":"stdout","time":8771.946382699,"data":"    \"A2-\u003eA3\": []\n"}
,{"stream_name":"stdout","time":8771.946396418,"data":"  },\n"}
,{"stream_name":"stdout","time":8771.946399964,"data":"  \"gate\": \"none\"\n"}
,{"stream_name":"stdout","time":8771.946403508,"data":"}\n"}
,{"stream_name":"stdout","time":8773.189393003,"data":"RUN /usr/bin/python3 -u /kaggle/input/datasets/rafiurrahman01/physgate-m0-code/sdalr_runner.py --sdalr /kaggle/input/datasets/rafiurrahman01/physgate-m0-code --m0 /kaggle/input/datasets/rafiurrahman01/physgate-k10-g2 --dataset PU_M1 --src-fold S05 --tgt-fold S05 --variant shot --work /kaggle/working/shot_k10/S05 --seed 2024\n"}
,{"stream_name":"stdout","time":8779.397080085,"data":"\n"}
,{"stream_name":"stdout","time":8779.397134933,"data":"\n"}
,{"stream_name":"stdout","time":8779.397142122,"data":"现在开始拿源域训练集：(B1)N15_M01_F10 进行训练\n"}
,{"stream_name":"stdout","time":8779.397147862,"data":"源域读取路径：/kaggle/working/shot_k10/S05/sdalr_PU_shot/DATA_foldS05/PU_M1_L3/N15_M01_F10_label.txt\n"}
,{"stream_name":"stdout","time":8779.397152633,"data":"excel输出位置：/kaggle/working/shot_k10/S05/weight_src_PU_M1_FS05_s2024/NEW_PU/Source-源域\n"}
,{"stream_name":"stdout","time":8779.397162814,"data":"log\u0026pt输出位置：/kaggle/working/shot_k10/S05/weight_src_PU_M1_FS05_s2024/NEW_PU/Source-源域/log\u0026pt/(B1)N15_M01_F10\n"}
,{"stream_name":"stdout","time":8779.397514013,"data":"特征图片输出位置：/kaggle/working/shot_k10/S05/weight_src_PU_M1_FS05_s2024/NEW_PU/Picture-特征图/2026年09月22日01时57分/(B1)N15_M01_F10\n"}
,{"stream_name":"stderr","time":8779.398962185,"data":"sh: 1: Syntax error: word unexpected (expecting \")\")\n"}
,{"stream_name":"stdout","time":8779.399466791,"data":"源域训练开始\n"}
,{"stream_name":"stderr","time":8781.53136886,"data":"/usr/local/lib/python3.12/dist-packages/torch/nn/utils/weight_norm.py:144: FutureWarning: `torch.nn.utils.weight_norm` is deprecated in favor of `torch.nn.utils.parametrizations.weight_norm`.\n"}
,{"stream_name":"stderr","time":8781.531406547,"data":"  WeightNorm.apply(module, name, dim)\n"}
,{"stream_name":"stdout","time":8790.700267572,"data":"轮次:··1/·10 || loss:0.082 || 耗时：9.12s\n"}
,{"stream_name":"stdout","time":8799.646229554,"data":"轮次:··2/·10 || loss:0.007 || 耗时：8.88s\n"}
,{"stream_name":"stdout","time":8808.937445649,"data":"轮次:··3/·10 || loss:0.019 || 耗时：9.22s\n"}
,{"stream_name":"stdout","time":8818.37276109,"data":"轮次:··4/·10 || loss:0.018 || 耗时：9.36s\n"}
,{"stream_name":"stdout","time":8827.569363885,"data":"轮次:··5/·10 || loss:0.028 || 耗时：9.13s\n"}
,{"stream_name":"stdout","time":8828.184280801,"data":"任务: (B1)N15_M01_F10; mix批次:····0; 批次:··330/··660; 总正确率 = 98.51%\n"}
,{"stream_name":"stdout","time":8828.184312506,"data":"类型1 正确率： 100.00% -\u003e 1  100.00%, 2    0.00%, 3    0.00%\n"}
,{"stream_name":"stdout","time":8828.184319084,"data":"类型2 正确率：  98.00% -\u003e 1    0.00%, 2   98.40%, 3    1.60%\n"}
,{"stream_name":"stdout","time":8828.184325187,"data":"类型3 正确率：  97.00% -\u003e 1    0.00%, 2    2.87%, 3   97.13%\n"}
,{"stream_name":"stdout","time":8828.184331031,"data":"\n"}
,{"stream_name":"stdout","time":8828.184336399,"data":"\n"}
,{"stream_name":"stdout","time":8837.133991915,"data":"轮次:··6/·10 || loss:0.011 || 耗时：8.84s\n"}
,{"stream_name":"stdout","time":8845.911304976,"data":"轮次:··7/·10 || loss:0.011 || 耗时：8.71s\n"}
,{"stream_name":"stdout","time":8854.663733258,"data":"轮次:··8/·10 || loss:0.004 || 耗时：8.69s\n"}
,{"stream_name":"stdout","time":8863.443862262,"data":"轮次:··9/·10 || loss:0.001 || 耗时：8.72s\n"}
,{"stream_name":"stdout","time":8872.322224119,"data":"轮次:·10/·10 || loss:0.003 || 耗时：8.81s\n"}
,{"stream_name":"stdout","time":8872.922636732,"data":"任务: (B1)N15_M01_F10; mix批次:····0; 批次:··660/··660; 总正确率 = 99.17%\n"}
,{"stream_name":"stdout","time":8872.922668414,"data":"类型1 正确率： 100.00% -\u003e 1  100.00%, 2    0.00%, 3    0.00%\n"}
,{"stream_name":"stdout","time":8872.922675534,"data":"类型2 正确率：  99.00% -\u003e 1    0.00%, 2   98.94%, 3    1.06%\n"}
,{"stream_name":"stdout","time":8872.92268121,"data":"类型3 正确率：  99.00% -\u003e 1    0.00%, 2    1.44%, 3   98.56%\n"}
,{"stream_name":"stdout","time":8872.922686906,"data":"\n"}
,{"stream_name":"stdout","time":8872.922691899,"data":"\n"}
,{"stream_name":"stdout","time":8874.193042255,"data":"测试集任务: (B1)N15_M01_F10; 总正确率 = 99.28%\n"}
,{"stream_name":"stdout","time":8874.1930743,"data":"类型1 正确率： 100.00% -\u003e 1  100.00%, 2    0.00%, 3    0.00%\n"}
,{"stream_name":"stdout","time":8874.193081529,"data":"类型2 正确率：  99.00% -\u003e 1    0.00%, 2   98.80%, 3    1.20%\n"}
,{"stream_name":"stdout","time":8874.193087495,"data":"类型3 正确率：  99.00% -\u003e 1    0.00%, 2    0.96%, 3   99.04%\n"}
,{"stream_name":"stdout","time":8874.193102003,"data":"\n"}
,{"stream_name":"stdout","time":8874.193108024,"data":"\n"}
,{"stream_name":"stdout","time":8874.202983456,"data":"源域训练结束\n"}
,{"stream_name":"stdout","time":8874.203010523,"data":"\n"}
,{"stream_name":"stdout","time":8874.203017348,"data":"训练好之后，测试目标域\n"}
,{"stream_name":"stdout","time":8874.203100044,"data":"目标域路径：/kaggle/working/shot_k10/S05/sdalr_PU_shot/DATA_foldS05/PU_M1_L3/N15_M07_F10_label.txt\n"}
,{"stream_name":"stderr","time":8874.592332735,"data":"/usr/local/lib/python3.12/dist-packages/torch/nn/utils/weight_norm.py:144: FutureWarning: `torch.nn.utils.weight_norm` is deprecated in favor of `torch.nn.utils.parametrizations.weight_norm`.\n"}
,{"stream_name":"stderr","time":8874.592375506,"data":"  WeightNorm.apply(module, name, dim)\n"}
,{"stream_name":"stdout","time":8875.826109336,"data":"测试目标数据集结果如下：\n"}
,{"stream_name":"stdout","time":8875.826153246,"data":"任务: (B1)N15_M01_F10→(B2)N15_M07_F10, 正确率 = 99.27%\n"}
,{"stream_name":"stdout","time":8875.826158492,"data":"类型1 正确率： 100.00% -\u003e 1  100.00%, 2    0.00%, 3    0.00%\n"}
,{"stream_name":"stdout","time":8875.826162659,"data":"类型2 正确率： 100.00% -\u003e 1    0.00%, 2  100.00%, 3    0.00%\n"}
,{"stream_name":"stdout","time":8875.826166254,"data":"类型3 正确率：  98.00% -\u003e 1    0.00%, 2    2.18%, 3   97.82%\n"}
,{"stream_name":"stdout","time":8875.82616971,"data":"\n"}
,{"stream_name":"stdout","time":8875.826394048,"data":"目标域路径：/kaggle/working/shot_k10/S05/sdalr_PU_shot/DATA_foldS05/PU_M1_L3/N15_M07_F04_label.txt\n"}
,{"stream_name":"stderr","time":8876.200611844,"data":"/usr/local/lib/python3.12/dist-packages/torch/nn/utils/weight_norm.py:144: FutureWarning: `torch.nn.utils.weight_norm` is deprecated in favor of `torch.nn.utils.parametrizations.weight_norm`.\n"}
,{"stream_name":"stderr","time":8876.200652719,"data":"  WeightNorm.apply(module, name, dim)\n"}
,{"stream_name":"stdout","time":8877.430482956,"data":"测试目标数据集结果如下：\n"}
,{"stream_name":"stdout","time":8877.430520633,"data":"任务: (B1)N15_M01_F10→(B3)N15_M07_F04, 正确率 = 94.95%\n"}
,{"stream_name":"stdout","time":8877.430527105,"data":"类型1 正确率：  96.00% -\u003e 1   96.11%, 2    0.00%, 3    3.89%\n"}
,{"stream_name":"stdout","time":8877.430540562,"data":"类型2 正确率：  92.00% -\u003e 1    0.00%, 2   91.63%, 3    8.37%\n"}
,{"stream_name":"stdout","time":8877.430578769,"data":"类型3 正确率：  97.00% -\u003e 1    0.00%, 2    2.87%, 3   97.13%\n"}
,{"stream_name":"stdout","time":8877.430584072,"data":"\n"}
,{"stream_name":"stdout","time":8877.431001685,"data":"\n"}
,{"stream_name":"stdout","time":8877.431015226,"data":"\n"}
,{"stream_name":"stdout","time":8877.431019893,"data":"现在开始拿源域训练集：(B2)N15_M07_F10 进行训练\n"}
,{"stream_name":"stdout","time":8877.431024365,"data":"源域读取路径：/kaggle/working/shot_k10/S05/sdalr_PU_shot/DATA_foldS05/PU_M1_L3/N15_M07_F10_label.txt\n"}
,{"stream_name":"stdout","time":8877.431028601,"data":"excel输出位置：/kaggle/working/shot_k10/S05/weight_src_PU_M1_FS05_s2024/NEW_PU/Source-源域\n"}
,{"stream_name":"stdout","time":8877.431032847,"data":"log\u0026pt输出位置：/kaggle/working/shot_k10/S05/weight_src_PU_M1_FS05_s2024/NEW_PU/Source-源域/log\u0026pt/(B2)N15_M07_F10\n"}
,{"stream_name":"stdout","time":8877.431305273,"data":"特征图片输出位置：/kaggle/working/shot_k10/S05/weight_src_PU_M1_FS05_s2024/NEW_PU/Picture-特征图/2026年09月22日01时57分/(B2)N15_M07_F10\n"}
,{"stream_name":"stderr","time":8877.433086552,"data":"sh: 1: Syntax error: word unexpected (expecting \")\")\n"}
,{"stream_name":"stdout","time":8877.433609979,"data":"源域训练开始\n"}
,{"stream_name":"stderr","time":8879.197273419,"data":"/usr/local/lib/python3.12/dist-packages/torch/nn/utils/weight_norm.py:144: FutureWarning: `torch.nn.utils.weight_norm` is deprecated in favor of `torch.nn.utils.parametrizations.weight_norm`.\n"}
,{"stream_name":"stderr","time":8879.197325069,"data":"  WeightNorm.apply(module, name, dim)\n"}
,{"stream_name":"stdout","time":8888.223771414,"data":"轮次:··1/·10 || loss:0.036 || 耗时：8.96s\n"}
,{"stream_name":"stdout","time":8897.407978503,"data":"轮次:··2/·10 || loss:0.041 || 耗时：9.12s\n"}
,{"stream_name":"stdout","time":8906.560349952,"data":"轮次:··3/·10 || loss:0.002 || 耗时：9.09s\n"}
,{"stream_name":"stdout","time":8915.509136688,"data":"轮次:··4/·10 || loss:0.002 || 耗时：8.88s\n"}
,{"stream_name":"stdout","time":8924.382337209,"data":"轮次:··5/·10 || loss:0.002 || 耗时：8.81s\n"}
,{"stream_name":"stdout","time":8924.973003584,"data":"任务: (B2)N15_M07_F10; mix批次:····0; 批次:··330/··660; 总正确率 = 99.68%\n"}
,{"stream_name":"stdout","time":8924.97305065,"data":"类型1 正确率： 100.00% -\u003e 1  100.00%, 2    0.00%, 3    0.00%\n"}
,{"stream_name":"stdout","time":8924.973057854,"data":"类型2 正确率： 100.00% -\u003e 1    0.00%, 2  100.00%, 3    0.00%\n"}
,{"stream_name":"stdout","time":8924.973093909,"data":"类型3 正确率：  99.00% -\u003e 1    0.00%, 2    0.97%, 3   99.03%\n"}
,{"stream_name":"stdout","time":8924.973100904,"data":"\n"}
,{"stream_name":"stdout","time":8924.973106301,"data":"\n"}
,{"stream_name":"stdout","time":8933.841971557,"data":"轮次:··6/·10 || loss:0.001 || 耗时：8.77s\n"}
,{"stream_name":"stdout","time":8942.697878634,"data":"轮次:··7/·10 || loss:0.001 || 耗时：8.79s\n"}
,{"stream_name":"stdout","time":8951.586791999,"data":"轮次:··8/·10 || loss:0.000 || 耗时：8.82s\n"}
,{"stream_name":"stdout","time":8960.536177143,"data":"轮次:··9/·10 || loss:0.001 || 耗时：8.88s\n"}
,{"stream_name":"stdout","time":8969.53697455,"data":"轮次:·10/·10 || loss:0.000 || 耗时：8.93s\n"}
,{"stream_name":"stdout","time":8970.136479529,"data":"任务: (B2)N15_M07_F10; mix批次:····0; 批次:··660/··660; 总正确率 = 99.84%\n"}
,{"stream_name":"stdout","time":8970.136513928,"data":"类型1 正确率： 100.00% -\u003e 1  100.00%, 2    0.00%, 3    0.00%\n"}
,{"stream_name":"stdout","time":8970.136536226,"data":"类型2 正确率： 100.00% -\u003e 1    0.00%, 2  100.00%, 3    0.00%\n"}
,{"stream_name":"stdout","time":8970.136540031,"data":"类型3 正确率： 100.00% -\u003e 1    0.00%, 2    0.49%, 3   99.51%\n"}
,{"stream_name":"stdout","time":8970.136543532,"data":"\n"}
,{"stream_name":"stdout","time":8970.136559598,"data":"\n"}
,{"stream_name":"stdout","time":8971.425440012,"data":"测试集任务: (B2)N15_M07_F10; 总正确率 = 99.92%\n"}
,{"stream_name":"stdout","time":8971.425507011,"data":"类型1 正确率： 100.00% -\u003e 1  100.00%, 2    0.00%, 3    0.00%\n"}
,{"stream_name":"stdout","time":8971.425514958,"data":"类型2 正确率： 100.00% -\u003e 1    0.00%, 2   99.75%, 3    0.25%\n"}
,{"stream_name":"stdout","time":8971.425519778,"data":"类型3 正确率： 100.00% -\u003e 1    0.00%, 2    0.00%, 3  100.00%\n"}
,{"stream_name":"stdout","time":8971.425524444,"data":"\n"}
,{"stream_name":"stdout","time":8971.425528512,"data":"\n"}
,{"stream_name":"stdout","time":8971.433174159,"data":"源域训练结束\n"}
,{"stream_name":"stdout","time":8971.433194603,"data":"\n"}
,{"stream_name":"stdout","time":8971.433199232,"data":"训练好之后，测试目标域\n"}
,{"stream_name":"stdout","time":8971.433203209,"data":"目标域路径：/kaggle/working/shot_k10/S05/sdalr_PU_shot/DATA_foldS05/PU_M1_L3/N15_M01_F10_label.txt\n"}
,{"stream_name":"stderr","time":8971.805028818,"data":"/usr/local/lib/python3.12/dist-packages/torch/nn/utils/weight_norm.py:144: FutureWarning: `torch.nn.utils.weight_norm` is deprecated in favor of `torch.nn.utils.parametrizations.weight_norm`.\n"}
,{"stream_name":"stderr","time":8971.805071577,"data":"  WeightNorm.apply(module, name, dim)\n"}
,{"stream_name":"stdout","time":8973.032037124,"data":"测试目标数据集结果如下：\n"}
,{"stream_name":"stdout","time":8973.032077359,"data":"任务: (B2)N15_M07_F10→(B1)N15_M01_F10, 正确率 = 95.36%\n"}
,{"stream_name":"stdout","time":8973.032083727,"data":"类型1 正确率： 100.00% -\u003e 1  100.00%, 2    0.00%, 3    0.00%\n"}
,{"stream_name":"stdout","time":8973.032089093,"data":"类型2 正确率：  87.00% -\u003e 1    0.50%, 2   87.10%, 3   12.41%\n"}
,{"stream_name":"stdout","time":8973.03209412,"data":"类型3 正确率：  99.00% -\u003e 1    0.00%, 2    1.01%, 3   98.99%\n"}
,{"stream_name":"stdout","time":8973.032099809,"data":"\n"}
,{"stream_name":"stdout","time":8973.032472738,"data":"目标域路径：/kaggle/working/shot_k10/S05/sdalr_PU_shot/DATA_foldS05/PU_M1_L3/N15_M07_F04_label.txt\n"}
,{"stream_name":"stderr","time":8973.403079201,"data":"/usr/local/lib/python3.12/dist-packages/torch/nn/utils/weight_norm.py:144: FutureWarning: `torch.nn.utils.weight_norm` is deprecated in favor of `torch.nn.utils.parametrizations.weight_norm`.\n"}
,{"stream_name":"stderr","time":8973.403156787,"data":"  WeightNorm.apply(module, name, dim)\n"}
,{"stream_name":"stdout","time":8974.631440656,"data":"测试目标数据集结果如下：\n"}
,{"stream_name":"stdout","time":8974.631483161,"data":"任务: (B2)N15_M07_F10→(B3)N15_M07_F04, 正确率 = 97.64%\n"}
,{"stream_name":"stdout","time":8974.63150301,"data":"类型1 正确率： 100.00% -\u003e 1  100.00%, 2    0.00%, 3    0.00%\n"}
,{"stream_name":"stdout","time":8974.631509253,"data":"类型2 正确率：  97.00% -\u003e 1    0.00%, 2   97.16%, 3    2.84%\n"}
,{"stream_name":"stdout","time":8974.631515101,"data":"类型3 正确率：  96.00% -\u003e 1    1.06%, 2    3.19%, 3   95.74%\n"}
,{"stream_name":"stdout","time":8974.631520167,"data":"\n"}
,{"stream_name":"stdout","time":8974.63196253,"data":"\n"}
,{"stream_name":"stdout","time":8974.631994507,"data":"\n"}
,{"stream_name":"stdout","time":8974.63199863,"data":"现在开始拿源域训练集：(B3)N15_M07_F04 进行训练\n"}
,{"stream_name":"stdout","time":8974.632003058,"data":"源域读取路径：/kaggle/working/shot_k10/S05/sdalr_PU_shot/DATA_foldS05/PU_M1_L3/N15_M07_F04_label.txt\n"}
,{"stream_name":"stdout","time":8974.632007071,"data":"excel输出位置：/kaggle/working/shot_k10/S05/weight_src_PU_M1_FS05_s2024/NEW_PU/Source-源域\n"}
,{"stream_name":"stdout","time":8974.632011436,"data":"log\u0026pt输出位置：/kaggle/working/shot_k10/S05/weight_src_PU_M1_FS05_s2024/NEW_PU/Source-源域/log\u0026pt/(B3)N15_M07_F04\n"}
,{"stream_name":"stdout","time":8974.632259223,"data":"特征图片输出位置：/kaggle/working/shot_k10/S05/weight_src_PU_M1_FS05_s2024/NEW_PU/Picture-特征图/2026年09月22日01时57分/(B3)N15_M07_F04\n"}
,{"stream_name":"stderr","time":8974.634142056,"data":"sh: 1: Syntax error: word unexpected (expecting \")\")\n"}
,{"stream_name":"stdout","time":8974.63471899,"data":"源域训练开始\n"}
,{"stream_name":"stderr","time":8976.420373427,"data":"/usr/local/lib/python3.12/dist-packages/torch/nn/utils/weight_norm.py:144: FutureWarning: `torch.nn.utils.weight_norm` is deprecated in favor of `torch.nn.utils.parametrizations.weight_norm`.\n"}
,{"stream_name":"stderr","time":8976.420409912,"data":"  WeightNorm.apply(module, name, dim)\n"}
,{"stream_name":"stdout","time":8985.379109346,"data":"轮次:··1/·10 || loss:0.094 || 耗时：8.89s\n"}
,{"stream_name":"stdout","time":8994.305460045,"data":"轮次:··2/·10 || loss:0.060 || 耗时：8.86s\n"}
,{"stream_name":"stdout","time":9003.228633392,"data":"轮次:··3/·10 || loss:0.020 || 耗时：8.86s\n"}
,{"stream_name":"stdout","time":9012.148381083,"data":"轮次:··4/·10 || loss:0.005 || 耗时：8.85s\n"}
,{"stream_name":"stdout","time":9021.071441373,"data":"轮次:··5/·10 || loss:0.007 || 耗时：8.86s\n"}
,{"stream_name":"stdout","time":9021.670406806,"data":"任务: (B3)N15_M07_F04; mix批次:····0; 批次:··330/··660; 总正确率 = 99.14%\n"}
,{"stream_name":"stdout","time":9021.670455159,"data":"类型1 正确率： 100.00% -\u003e 1  100.00%, 2    0.00%, 3    0.00%\n"}
,{"stream_name":"stdout","time":9021.670462932,"data":"类型2 正确率： 100.00% -\u003e 1    0.00%, 2   99.51%, 3    0.49%\n"}
,{"stream_name":"stdout","time":9021.670468798,"data":"类型3 正确率：  98.00% -\u003e 1    0.00%, 2    2.07%, 3   97.93%\n"}
,{"stream_name":"stdout","time":9021.670474461,"data":"\n"}
,{"stream_name":"stdout","time":9021.670479749,"data":"\n"}
,{"stream_name":"stdout","time":9030.635327227,"data":"轮次:··6/·10 || loss:0.025 || 耗时：8.86s\n"}
,{"stream_name":"stdout","time":9039.590202778,"data":"轮次:··7/·10 || loss:0.003 || 耗时：8.89s\n"}
,{"stream_name":"stdout","time":9048.55802805,"data":"轮次:··8/·10 || loss:0.012 || 耗时：8.90s\n"}
,{"stream_name":"stdout","time":9057.514947759,"data":"轮次:··9/·10 || loss:0.009 || 耗时：8.89s\n"}
,{"stream_name":"stdout","time":9066.485986829,"data":"轮次:·10/·10 || loss:0.005 || 耗时：8.90s\n"}
,{"stream_name":"stdout","time":9067.089051613,"data":"任务: (B3)N15_M07_F04; mix批次:····0; 批次:··660/··660; 总正确率 = 99.33%\n"}
,{"stream_name":"stdout","time":9067.0891003,"data":"类型1 正确率： 100.00% -\u003e 1  100.00%, 2    0.00%, 3    0.00%\n"}
,{"stream_name":"stdout","time":9067.089106897,"data":"类型2 正确率：  99.00% -\u003e 1    0.00%, 2   98.52%, 3    1.48%\n"}
,{"stream_name":"stdout","time":9067.089111163,"data":"类型3 正确率：  99.00% -\u003e 1    0.00%, 2    0.52%, 3   99.48%\n"}
,{"stream_name":"stdout","time":9067.089130421,"data":"\n"}
,{"stream_name":"stdout","time":9067.089154785,"data":"\n"}
,{"stream_name":"stdout","time":9068.367941054,"data":"测试集任务: (B3)N15_M07_F04; 总正确率 = 99.25%\n"}
,{"stream_name":"stdout","time":9068.367976053,"data":"类型1 正确率： 100.00% -\u003e 1  100.00%, 2    0.00%, 3    0.00%\n"}
,{"stream_name":"stdout","time":9068.367982691,"data":"类型2 正确率：  99.00% -\u003e 1    0.00%, 2   98.92%, 3    1.08%\n"}
,{"stream_name":"stdout","time":9068.367988135,"data":"类型3 正确率：  99.00% -\u003e 1    0.00%, 2    1.16%, 3   98.84%\n"}
,{"stream_name":"stdout","time":9068.367993435,"data":"\n"}
,{"stream_name":"stdout","time":9068.367998301,"data":"\n"}
,{"stream_name":"stdout","time":9068.375887168,"data":"源域训练结束\n"}
,{"stream_name":"stdout","time":9068.375908724,"data":"\n"}
,{"stream_name":"stdout","time":9068.375914233,"data":"训练好之后，测试目标域\n"}
,{"stream_name":"stdout","time":9068.37593447,"data":"目标域路径：/kaggle/working/shot_k10/S05/sdalr_PU_shot/DATA_foldS05/PU_M1_L3/N15_M01_F10_label.txt\n"}
,{"stream_name":"stderr","time":9068.770800904,"data":"/usr/local/lib/python3.12/dist-packages/torch/nn/utils/weight_norm.py:144: FutureWarning: `torch.nn.utils.weight_norm` is deprecated in favor of `torch.nn.utils.parametrizations.weight_norm`.\n"}
,{"stream_name":"stderr","time":9068.770840853,"data":"  WeightNorm.apply(module, name, dim)\n"}
,{"stream_name":"stdout","time":9069.998430024,"data":"测试目标数据集结果如下：\n"}
,{"stream_name":"stdout","time":9069.998461984,"data":"任务: (B3)N15_M07_F04→(B1)N15_M01_F10, 正确率 = 92.54%\n"}
,{"stream_name":"stdout","time":9069.99846704,"data":"类型1 正确率： 100.00% -\u003e 1   99.75%, 2    0.00%, 3    0.25%\n"}
,{"stream_name":"stdout","time":9069.998471804,"data":"类型2 正确率：  78.00% -\u003e 1    0.00%, 2   78.10%, 3   21.90%\n"}
,{"stream_name":"stdout","time":9069.998476343,"data":"类型3 正确率： 100.00% -\u003e 1    0.00%, 2    0.24%, 3   99.76%\n"}
,{"stream_name":"stdout","time":9069.998480714,"data":"\n"}
,{"stream_name":"stdout","time":9069.998976195,"data":"目标域路径：/kaggle/working/shot_k10/S05/sdalr_PU_shot/DATA_foldS05/PU_M1_L3/N15_M07_F10_label.txt\n"}
,{"stream_name":"stderr","time":9070.384634165,"data":"/usr/local/lib/python3.12/dist-packages/torch/nn/utils/weight_norm.py:144: FutureWarning: `torch.nn.utils.weight_norm` is deprecated in favor of `torch.nn.utils.parametrizations.weight_norm`.\n"}
,{"stream_name":"stderr","time":9070.384679774,"data":"  WeightNorm.apply(module, name, dim)\n"}
,{"stream_name":"stdout","time":9071.610802343,"data":"测试目标数据集结果如下：\n"}
,{"stream_name":"stdout","time":9071.61084191,"data":"任务: (B3)N15_M07_F04→(B2)N15_M07_F10, 正确率 = 97.86%\n"}
,{"stream_name":"stdout","time":9071.610855356,"data":"类型1 正确率： 100.00% -\u003e 1  100.00%, 2    0.00%, 3    0.00%\n"}
,{"stream_name":"stdout","time":9071.61086276,"data":"类型2 正确率：  94.00% -\u003e 1    0.00%, 2   93.83%, 3    6.17%\n"}
,{"stream_name":"stdout","time":9071.610869144,"data":"类型3 正确率： 100.00% -\u003e 1    0.00%, 2    0.24%, 3   99.76%\n"}
,{"stream_name":"stdout","time":9071.610875613,"data":"\n"}
,{"stream_name":"stdout","time":9071.62012904,"data":"[src_pretrain_RES_PU.py --folder_root /kaggle/working/shot_k10/S05/sdalr_PU_shot/DATA_foldS05 --seed 2024 --class_num 3 --data_name PU_M1_L3 --output /kaggle/working/shot_k10/S05/weight_src_PU_M1_FS05_s2024] 292s\n"}
,{"stream_name":"stdout","time":9071.661605654,"data":"读取源域路径：/kaggle/working/shot_k10/S05/weight_PU_M1_shot_FS05toS05_s2024/NEW_PU/Source-源域/log\u0026pt/(B1)N15_M01_F10\n"}
,{"stream_name":"stdout","time":9071.661642847,"data":"excel输出位置：/kaggle/working/shot_k10/S05/weight_PU_M1_shot_FS05toS05_s2024/NEW_PU/Target-目标域\n"}
,{"stream_name":"stdout","time":9071.661648073,"data":"特征图片输出位置：/kaggle/working/shot_k10/S05/weight_PU_M1_shot_FS05toS05_s2024/NEW_PU/Picture-特征图/2026年09月22日02时02分/(B1)N15_M01_F10\n"}
,{"stream_name":"stderr","time":9071.696299696,"data":"/usr/local/lib/python3.12/dist-packages/torch/nn/utils/weight_norm.py:144: FutureWarning: `torch.nn.utils.weight_norm` is deprecated in favor of `torch.nn.utils.parametrizations.weight_norm`.\n"}
,{"stream_name":"stderr","time":9071.696336597,"data":"  WeightNorm.apply(module, name, dim)\n"}
,{"stream_name":"stdout","time":9071.735228569,"data":"现在选取:(B1)N15_M01_F10 进行训练的源模型\n"}
,{"stream_name":"stdout","time":9071.735253636,"data":"现在进行：(B1)N15_M01_F10→(B2)N15_M07_F10 的迁移任务\n"}
,{"stream_name":"stdout","time":9071.735257482,"data":"log\u0026pt输出位置：/kaggle/working/shot_k10/S05/weight_PU_M1_shot_FS05toS05_s2024/NEW_PU/Target-目标域/log\u0026pt/(B1)N15_M01_F10→(B2)N15_M07_F10\n"}
,{"stream_name":"stderr","time":9071.736647356,"data":"sh: 1: Syntax error: word unexpected (expecting \")\")\n"}
,{"stream_name":"stdout","time":9083.005661034,"data":"任务: (B1)N15_M01_F10→(B2)N15_M07_F10; 批次:····0/·1880;  总正确率: 99.22%\n"}
,{"stream_name":"stdout","time":9083.005723176,"data":"类型1 正确率： 100.00% -\u003e 1   99.95%, 2    0.00%, 3    0.05%\n"}
,{"stream_name":"stdout","time":9083.005731476,"data":"类型2 正确率： 100.00% -\u003e 1    0.00%, 2   99.80%, 3    0.20%\n"}
,{"stream_name":"stdout","time":9083.005737515,"data":"类型3 正确率：  98.00% -\u003e 1    0.00%, 2    2.10%, 3   97.90%\n"}
,{"stream_name":"stdout","time":9083.00574309,"data":"\n"}
,{"stream_name":"stdout","time":9083.005747495,"data":"\n"}
,{"stream_name":"stdout","time":9086.298683239,"data":"SHOT pseudo-labels: model 99.22% -\u003e centroid 99.47%\n"}
,{"stream_name":"stdout","time":9099.35885031,"data":"轮次:··1/·20 || cls:1.045 || im:-0.823 || 耗时：22.31s\n"}
,{"stream_name":"stderr","time":9099.358876969,"data":"/kaggle/working/shot_k10/S05/sdalr_PU_shot/tar_adaptation_RES_PU.py:114: UserWarning: Converting a tensor with requires_grad=True to a scalar may lead to unexpected behavior.\n"}
,{"stream_name":"stderr","time":9099.35891674,"data":"Consider using tensor.detach() first. (Triggered internally at /pytorch/torch/csrc/autograd/generated/python_variable_methods.cpp:836.)\n"}
,{"stream_name":"stderr","time":9099.358923551,"data":"  iter_num // epoch_len, args.max_epoch, float(classifier_loss), float(im_loss), time.time() - start))\n"}
,{"stream_name":"stdout","time":9102.771692854,"data":"SHOT pseudo-labels: model 77.88% -\u003e centroid 88.92%\n"}
,{"stream_name":"stdout","time":9115.876585425,"data":"轮次:··2/·20 || cls:1.147 || im:-0.737 || 耗时：16.52s\n"}
,{"stream_name":"stdout","time":9119.161671319,"data":"SHOT pseudo-labels: model 81.32% -\u003e centroid 88.87%\n"}
,{"stream_name":"stdout","time":9131.824484601,"data":"轮次:··3/·20 || cls:0.866 || im:-0.690 || 耗时：15.95s\n"}
,{"stream_name":"stdout","time":9135.075906335,"data":"SHOT pseudo-labels: model 81.05% -\u003e centroid 88.63%\n"}
,{"stream_name":"stdout","time":9147.690291738,"data":"轮次:··4/·20 || cls:0.603 || im:-0.660 || 耗时：15.87s\n"}
,{"stream_name":"stdout","time":9150.954758299,"data":"SHOT pseudo-labels: model 81.98% -\u003e centroid 88.60%\n"}
,{"stream_name":"stdout","time":9163.694077246,"data":"轮次:··5/·20 || cls:0.668 || im:-0.637 || 耗时：16.00s\n"}
,{"stream_name":"stdout","time":9167.006621891,"data":"SHOT pseudo-labels: model 81.20% -\u003e centroid 88.45%\n"}
,{"stream_name":"stdout","time":9179.882431435,"data":"轮次:··6/·20 || cls:0.664 || im:-0.638 || 耗时：16.19s\n"}
,{"stream_name":"stdout","time":9183.198411439,"data":"SHOT pseudo-labels: model 82.08% -\u003e centroid 88.38%\n"}
,{"stream_name":"stdout","time":9196.028710314,"data":"轮次:··7/·20 || cls:0.767 || im:-0.642 || 耗时：16.15s\n"}
,{"stream_name":"stdout","time":9199.320458709,"data":"SHOT pseudo-labels: model 82.50% -\u003e centroid 88.33%\n"}
,{"stream_name":"stdout","time":9212.104284513,"data":"轮次:··8/·20 || cls:0.728 || im:-0.610 || 耗时：16.08s\n"}
,{"stream_name":"stdout","time":9215.390658676,"data":"SHOT pseudo-labels: model 83.02% -\u003e centroid 88.57%\n"}
,{"stream_name":"stdout","time":9228.128991192,"data":"轮次:··9/·20 || cls:0.595 || im:-0.562 || 耗时：16.02s\n"}
,{"stream_name":"stdout","time":9231.441644539,"data":"SHOT pseudo-labels: model 85.90% -\u003e centroid 88.47%\n"}
,{"stream_name":"stdout","time":9244.230696605,"data":"轮次:·10/·20 || cls:0.457 || im:-0.630 || 耗时：16.10s\n"}
,{"stream_name":"stdout","time":9247.529660271,"data":"SHOT pseudo-labels: model 86.83% -\u003e centroid 88.58%\n"}
,{"stream_name":"stdout","time":9260.367487897,"data":"轮次:·11/·20 || cls:0.734 || im:-0.620 || 耗时：16.14s\n"}
,{"stream_name":"stdout","time":9263.688593751,"data":"SHOT pseudo-labels: model 87.33% -\u003e centroid 88.53%\n"}
,{"stream_name":"stdout","time":9276.53283561,"data":"轮次:·12/·20 || cls:0.814 || im:-0.712 || 耗时：16.17s\n"}
,{"stream_name":"stdout","time":9279.823287939,"data":"SHOT pseudo-labels: model 88.33% -\u003e centroid 88.53%\n"}
,{"stream_name":"stdout","time":9292.566788402,"data":"轮次:·13/·20 || cls:0.689 || im:-0.658 || 耗时：16.03s\n"}
,{"stream_name":"stdout","time":9295.838651464,"data":"SHOT pseudo-labels: model 89.87% -\u003e centroid 88.38%\n"}
,{"stream_name":"stdout","time":9308.583302353,"data":"轮次:·14/·20 || cls:0.732 || im:-0.638 || 耗时：16.02s\n"}
,{"stream_name":"stdout","time":9311.876651304,"data":"SHOT pseudo-labels: model 91.30% -\u003e centroid 88.50%\n"}
,{"stream_name":"stdout","time":9324.627930358,"data":"轮次:·15/·20 || cls:0.712 || im:-0.712 || 耗时：16.04s\n"}
,{"stream_name":"stdout","time":9327.922719834,"data":"SHOT pseudo-labels: model 92.20% -\u003e centroid 88.37%\n"}
,{"stream_name":"stdout","time":9340.701542576,"data":"轮次:·16/·20 || cls:0.672 || im:-0.748 || 耗时：16.07s\n"}
,{"stream_name":"stdout","time":9343.979627053,"data":"SHOT pseudo-labels: model 93.25% -\u003e centroid 88.37%\n"}
,{"stream_name":"stdout","time":9356.758800941,"data":"轮次:·17/·20 || cls:0.830 || im:-0.640 || 耗时：16.06s\n"}
,{"stream_name":"stdout","time":9360.060688237,"data":"SHOT pseudo-labels: model 93.10% -\u003e centroid 88.43%\n"}
,{"stream_name":"stdout","time":9372.857632921,"data":"轮次:·18/·20 || cls:0.738 || im:-0.669 || 耗时：16.10s\n"}
,{"stream_name":"stdout","time":9376.174618364,"data":"SHOT pseudo-labels: model 93.73% -\u003e centroid 88.53%\n"}
,{"stream_name":"stdout","time":9388.967689701,"data":"轮次:·19/·20 || cls:0.830 || im:-0.662 || 耗时：16.11s\n"}
,{"stream_name":"stdout","time":9392.269687818,"data":"SHOT pseudo-labels: model 93.65% -\u003e centroid 88.53%\n"}
,{"stream_name":"stdout","time":9405.042592443,"data":"轮次:·20/·20 || cls:0.597 || im:-0.795 || 耗时：16.07s\n"}
,{"stream_name":"stdout","time":9411.037643535,"data":"测试集任务: (B1)N15_M01_F10→(B2)N15_M07_F10; 总正确率 = 95.02%\n"}
,{"stream_name":"stdout","time":9411.037682875,"data":"类型1 正确率： 100.00% -\u003e 1  100.00%, 2    0.00%, 3    0.00%\n"}
,{"stream_name":"stdout","time":9411.037719545,"data":"类型2 正确率：  93.00% -\u003e 1    3.60%, 2   93.40%, 3    3.00%\n"}
,{"stream_name":"stdout","time":9411.037724904,"data":"类型3 正确率：  92.00% -\u003e 1    0.05%, 2    8.30%, 3   91.65%\n"}
,{"stream_name":"stdout","time":9411.037728977,"data":"\n"}
,{"stream_name":"stdout","time":9411.037732505,"data":"\n"}
,{"stream_name":"stdout","time":9411.055122741,"data":"[tar_adaptation_RES_PU.py --folder_root /kaggle/working/shot_k10/S05/sdalr_PU_shot/DATA_foldS05 --seed 2024 --class_num 3 --data_name PU_M1_L3 --output /kaggle/working/shot_k10/S05/weight_PU_M1_shot_FS05toS05_s2024 --s 0 --t 1 --lr 0.0005 --threshold 0.4 --K 0.6] 339s\n"}
,{"stream_name":"stdout","time":9411.08600971,"data":"读取源域路径：/kaggle/working/shot_k10/S05/weight_PU_M1_shot_FS05toS05_s2024/NEW_PU/Source-源域/log\u0026pt/(B1)N15_M01_F10\n"}
,{"stream_name":"stdout","time":9411.086031039,"data":"excel输出位置：/kaggle/working/shot_k10/S05/weight_PU_M1_shot_FS05toS05_s2024/NEW_PU/Target-目标域\n"}
,{"stream_name":"stdout","time":9411.086104664,"data":"特征图片输出位置：/kaggle/working/shot_k10/S05/weight_PU_M1_shot_FS05toS05_s2024/NEW_PU/Picture-特征图/2026年09月22日02时07分/(B1)N15_M01_F10\n"}
,{"stream_name":"stderr","time":9411.126460749,"data":"/usr/local/lib/python3.12/dist-packages/torch/nn/utils/weight_norm.py:144: FutureWarning: `torch.nn.utils.weight_norm` is deprecated in favor of `torch.nn.utils.parametrizations.weight_norm`.\n"}
,{"stream_name":"stderr","time":9411.126483831,"data":"  WeightNorm.apply(module, name, dim)\n"}
,{"stream_name":"stdout","time":9411.168345399,"data":"现在选取:(B1)N15_M01_F10 进行训练的源模型\n"}
,{"stream_name":"stdout","time":9411.168390064,"data":"现在进行：(B1)N15_M01_F10→(B3)N15_M07_F04 的迁移任务\n"}
,{"stream_name":"stdout","time":9411.16839626,"data":"log\u0026pt输出位置：/kaggle/working/shot_k10/S05/weight_PU_M1_shot_FS05toS05_s2024/NEW_PU/Target-目标域/log\u0026pt/(B1)N15_M01_F10→(B3)N15_M07_F04\n"}
,{"stream_name":"stderr","time":9411.170122288,"data":"sh: 1: Syntax error: word unexpected (expecting \")\")\n"}
,{"stream_name":"stdout","time":9422.558853037,"data":"任务: (B1)N15_M01_F10→(B3)N15_M07_F04; 批次:····0/·1880;  总正确率: 95.13%\n"}
,{"stream_name":"stdout","time":9422.558892215,"data":"类型1 正确率：  96.00% -\u003e 1   96.45%, 2    0.00%, 3    3.55%\n"}
,{"stream_name":"stdout","time":9422.558899752,"data":"类型2 正确率：  93.00% -\u003e 1    0.00%, 2   92.55%, 3    7.45%\n"}
,{"stream_name":"stdout","time":9422.558905684,"data":"类型3 正确率：  96.00% -\u003e 1    0.55%, 2    3.05%, 3   96.40%\n"}
,{"stream_name":"stdout","time":9422.558911437,"data":"\n"}
,{"stream_name":"stdout","time":9422.558916783,"data":"\n"}
,{"stream_name":"stdout","time":9425.84865709,"data":"SHOT pseudo-labels: model 95.13% -\u003e centroid 96.32%\n"}
,{"stream_name":"stdout","time":9438.81044821,"data":"轮次:··1/·20 || cls:1.317 || im:-0.888 || 耗时：22.20s\n"}
,{"stream_name":"stdout","time":9442.212599108,"data":"SHOT pseudo-labels: model 67.80% -\u003e centroid 81.38%\n"}
,{"stream_name":"stdout","time":9455.233292558,"data":"轮次:··2/·20 || cls:1.304 || im:-0.769 || 耗时：16.42s\n"}
,{"stream_name":"stdout","time":9458.531641614,"data":"SHOT pseudo-labels: model 64.08% -\u003e centroid 67.73%\n"}
,{"stream_name":"stdout","time":9471.194662657,"data":"轮次:··3/·20 || cls:0.930 || im:-0.818 || 耗时：15.96s\n"}
,{"stream_name":"stdout","time":9474.440731407,"data":"SHOT pseudo-labels: model 61.80% -\u003e centroid 52.13%\n"}
,{"stream_name":"stdout","time":9487.101126465,"data":"轮次:··4/·20 || cls:0.969 || im:-0.699 || 耗时：15.91s\n"}
,{"stream_name":"stdout","time":9490.374641011,"data":"SHOT pseudo-labels: model 66.78% -\u003e centroid 57.45%\n"}
,{"stream_name":"stdout","time":9503.126230224,"data":"轮次:··5/·20 || cls:0.751 || im:-0.633 || 耗时：16.03s\n"}
,{"stream_name":"stdout","time":9506.410660737,"data":"SHOT pseudo-labels: model 68.75% -\u003e centroid 68.73%\n"}
,{"stream_name":"stdout","time":9519.246881944,"data":"轮次:··6/·20 || cls:0.614 || im:-0.643 || 耗时：16.12s\n"}
,{"stream_name":"stdout","time":9522.565720864,"data":"SHOT pseudo-labels: model 72.87% -\u003e centroid 78.27%\n"}
,{"stream_name":"stdout","time":9535.384035994,"data":"轮次:··7/·20 || cls:0.700 || im:-0.677 || 耗时：16.14s\n"}
,{"stream_name":"stdout","time":9538.684678547,"data":"SHOT pseudo-labels: model 76.00% -\u003e centroid 92.92%\n"}
,{"stream_name":"stdout","time":9551.476282334,"data":"轮次:··8/·20 || cls:0.803 || im:-0.637 || 耗时：16.09s\n"}
,{"stream_name":"stdout","time":9554.768648835,"data":"SHOT pseudo-labels: model 75.75% -\u003e centroid 92.28%\n"}
,{"stream_name":"stdout","time":9567.513740601,"data":"轮次:··9/·20 || cls:0.529 || im:-0.608 || 耗时：16.04s\n"}
,{"stream_name":"stdout","time":9570.803680722,"data":"SHOT pseudo-labels: model 75.85% -\u003e centroid 91.68%\n"}
,{"stream_name":"stdout","time":9583.532131092,"data":"轮次:·10/·20 || cls:0.486 || im:-0.624 || 耗时：16.02s\n"}
,{"stream_name":"stdout","time":9586.823665089,"data":"SHOT pseudo-labels: model 75.77% -\u003e centroid 91.87%\n"}
,{"stream_name":"stdout","time":9599.553679178,"data":"轮次:·11/·20 || cls:0.737 || im:-0.670 || 耗时：16.02s\n"}
,{"stream_name":"stdout","time":9602.861654142,"data":"SHOT pseudo-labels: model 75.32% -\u003e centroid 91.85%\n"}
,{"stream_name":"stdout","time":9615.619257428,"data":"轮次:·12/·20 || cls:0.629 || im:-0.578 || 耗时：16.07s\n"}
,{"stream_name":"stdout","time":9618.9046638,"data":"SHOT pseudo-labels: model 75.50% -\u003e centroid 91.40%\n"}
,{"stream_name":"stdout","time":9631.702196603,"data":"轮次:·13/·20 || cls:0.686 || im:-0.661 || 耗时：16.08s\n"}
,{"stream_name":"stdout","time":9634.972633695,"data":"SHOT pseudo-labels: model 75.68% -\u003e centroid 92.02%\n"}
,{"stream_name":"stdout","time":9647.777486594,"data":"轮次:·14/·20 || cls:0.724 || im:-0.649 || 耗时：16.08s\n"}
,{"stream_name":"stdout","time":9651.085684134,"data":"SHOT pseudo-labels: model 76.02% -\u003e centroid 91.95%\n"}
,{"stream_name":"stdout","time":9663.910365769,"data":"轮次:·15/·20 || cls:0.704 || im:-0.658 || 耗时：16.13s\n"}
,{"stream_name":"stdout","time":9667.200624741,"data":"SHOT pseudo-labels: model 76.02% -\u003e centroid 91.83%\n"}
,{"stream_name":"stdout","time":9680.01114027,"data":"轮次:·16/·20 || cls:0.810 || im:-0.693 || 耗时：16.10s\n"}
,{"stream_name":"stdout","time":9683.330663885,"data":"SHOT pseudo-labels: model 75.82% -\u003e centroid 92.60%\n"}
,{"stream_name":"stdout","time":9696.162763879,"data":"轮次:·17/·20 || cls:0.886 || im:-0.722 || 耗时：16.15s\n"}
,{"stream_name":"stdout","time":9699.45667042,"data":"SHOT pseudo-labels: model 75.37% -\u003e centroid 86.27%\n"}
,{"stream_name":"stdout","time":9712.270458068,"data":"轮次:·18/·20 || cls:0.762 || im:-0.710 || 耗时：16.11s\n"}
,{"stream_name":"stdout","time":9715.575440151,"data":"SHOT pseudo-labels: model 75.60% -\u003e centroid 91.33%\n"}
,{"stream_name":"stdout","time":9728.385323661,"data":"轮次:·19/·20 || cls:0.819 || im:-0.685 || 耗时：16.11s\n"}
,{"stream_name":"stdout","time":9731.689104394,"data":"SHOT pseudo-labels: model 75.78% -\u003e centroid 91.08%\n"}
,{"stream_name":"stdout","time":9744.469594795,"data":"轮次:·20/·20 || cls:0.615 || im:-0.732 || 耗时：16.08s\n"}
,{"stream_name":"stdout","time":9750.437425288,"data":"测试集任务: (B1)N15_M01_F10→(B3)N15_M07_F04; 总正确率 = 76.07%\n"}
,{"stream_name":"stdout","time":9750.437468415,"data":"类型1 正确率： 100.00% -\u003e 1  100.00%, 2    0.00%, 3    0.00%\n"}
,{"stream_name":"stdout","time":9750.437476196,"data":"类型2 正确率：  65.00% -\u003e 1    0.30%, 2   64.70%, 3   35.00%\n"}
,{"stream_name":"stdout","time":9750.437480997,"data":"类型3 正确率：  64.00% -\u003e 1    1.55%, 2   34.95%, 3   63.50%\n"}
,{"stream_name":"stdout","time":9750.437485747,"data":"\n"}
,{"stream_name":"stdout","time":9750.437489941,"data":"\n"}
,{"stream_name":"stdout","time":9750.457913846,"data":"[tar_adaptation_RES_PU.py --folder_root /kaggle/working/shot_k10/S05/sdalr_PU_shot/DATA_foldS05 --seed 2024 --class_num 3 --data_name PU_M1_L3 --output /kaggle/working/shot_k10/S05/weight_PU_M1_shot_FS05toS05_s2024 --s 0 --t 2 --lr 0.0005 --threshold 0.4 --K 0.6] 339s\n"}
,{"stream_name":"stdout","time":9750.485519751,"data":"读取源域路径：/kaggle/working/shot_k10/S05/weight_PU_M1_shot_FS05toS05_s2024/NEW_PU/Source-源域/log\u0026pt/(B2)N15_M07_F10\n"}
,{"stream_name":"stdout","time":9750.48553965,"data":"excel输出位置：/kaggle/working/shot_k10/S05/weight_PU_M1_shot_FS05toS05_s2024/NEW_PU/Target-目标域\n"}
,{"stream_name":"stdout","time":9750.485566359,"data":"特征图片输出位置：/kaggle/working/shot_k10/S05/weight_PU_M1_shot_FS05toS05_s2024/NEW_PU/Picture-特征图/2026年09月22日02时13分/(B2)N15_M07_F10\n"}
,{"stream_name":"stderr","time":9750.519858082,"data":"/usr/local/lib/python3.12/dist-packages/torch/nn/utils/weight_norm.py:144: FutureWarning: `torch.nn.utils.weight_norm` is deprecated in favor of `torch.nn.utils.parametrizations.weight_norm`.\n"}
,{"stream_name":"stderr","time":9750.519882572,"data":"  WeightNorm.apply(module, name, dim)\n"}
,{"stream_name":"stdout","time":9750.558263102,"data":"现在选取:(B2)N15_M07_F10 进行训练的源模型\n"}
,{"stream_name":"stdout","time":9750.558291221,"data":"现在进行：(B2)N15_M07_F10→(B1)N15_M01_F10 的迁移任务\n"}
,{"stream_name":"stdout","time":9750.558297383,"data":"log\u0026pt输出位置：/kaggle/working/shot_k10/S05/weight_PU_M1_shot_FS05toS05_s2024/NEW_PU/Target-目标域/log\u0026pt/(B2)N15_M07_F10→(B1)N15_M01_F10\n"}
,{"stream_name":"stderr","time":9750.559563575,"data":"sh: 1: Syntax error: word unexpected (expecting \")\")\n"}
,{"stream_name":"stdout","time":9761.760076833,"data":"任务: (B2)N15_M07_F10→(B1)N15_M01_F10; 批次:····0/·1880;  总正确率: 96.17%\n"}
,{"stream_name":"stdout","time":9761.760123087,"data":"类型1 正确率： 100.00% -\u003e 1  100.00%, 2    0.00%, 3    0.00%\n"}
,{"stream_name":"stdout","time":9761.760142385,"data":"类型2 正确率：  89.00% -\u003e 1    0.50%, 2   88.90%, 3   10.60%\n"}
,{"stream_name":"stdout","time":9761.76014845,"data":"类型3 正确率： 100.00% -\u003e 1    0.00%, 2    0.40%, 3   99.60%\n"}
,{"stream_name":"stdout","time":9761.760153875,"data":"\n"}
,{"stream_name":"stdout","time":9761.760158993,"data":"\n"}
,{"stream_name":"stdout","time":9765.007655911,"data":"SHOT pseudo-labels: model 96.17% -\u003e centroid 96.93%\n"}
,{"stream_name":"stdout","time":9777.898714151,"data":"轮次:··1/·20 || cls:1.416 || im:-0.972 || 耗时：22.08s\n"}
,{"stream_name":"stdout","time":9781.262437101,"data":"SHOT pseudo-labels: model 80.00% -\u003e centroid 89.02%\n"}
,{"stream_name":"stdout","time":9794.435333035,"data":"轮次:··2/·20 || cls:1.533 || im:-0.825 || 耗时：16.54s\n"}
,{"stream_name":"stdout","time":9797.708652247,"data":"SHOT pseudo-labels: model 77.77% -\u003e centroid 87.53%\n"}
,{"stream_name":"stdout","time":9810.364271205,"data":"轮次:··3/·20 || cls:1.132 || im:-0.684 || 耗时：15.93s\n"}
,{"stream_name":"stdout","time":9813.632619207,"data":"SHOT pseudo-labels: model 73.80% -\u003e centroid 86.18%\n"}
,{"stream_name":"stdout","time":9826.249838509,"data":"轮次:··4/·20 || cls:1.028 || im:-0.692 || 耗时：15.89s\n"}
,{"stream_name":"stdout","time":9829.517641393,"data":"SHOT pseudo-labels: model 75.77% -\u003e centroid 86.80%\n"}
,{"stream_name":"stdout","time":9842.236246722,"data":"轮次:··5/·20 || cls:0.662 || im:-0.677 || 耗时：15.99s\n"}
,{"stream_name":"stdout","time":9845.539667414,"data":"SHOT pseudo-labels: model 75.70% -\u003e centroid 85.55%\n"}
,{"stream_name":"stdout","time":9858.408216372,"data":"轮次:··6/·20 || cls:0.651 || im:-0.588 || 耗时：16.17s\n"}
,{"stream_name":"stdout","time":9861.727626496,"data":"SHOT pseudo-labels: model 80.10% -\u003e centroid 81.27%\n"}
,{"stream_name":"stdout","time":9874.557350625,"data":"轮次:··7/·20 || cls:0.782 || im:-0.605 || 耗时：16.15s\n"}
,{"stream_name":"stdout","time":9877.851660161,"data":"SHOT pseudo-labels: model 83.72% -\u003e centroid 78.78%\n"}
,{"stream_name":"stdout","time":9890.596473926,"data":"轮次:··8/·20 || cls:0.848 || im:-0.616 || 耗时：16.04s\n"}
,{"stream_name":"stdout","time":9893.867017933,"data":"SHOT pseudo-labels: model 87.40% -\u003e centroid 77.40%\n"}
,{"stream_name":"stdout","time":9906.582704724,"data":"轮次:··9/·20 || cls:0.783 || im:-0.771 || 耗时：15.99s\n"}
,{"stream_name":"stdout","time":9909.857658035,"data":"SHOT pseudo-labels: model 88.97% -\u003e centroid 76.93%\n"}
,{"stream_name":"stdout","time":9922.642092601,"data":"轮次:·10/·20 || cls:0.582 || im:-0.628 || 耗时：16.06s\n"}
,{"stream_name":"stdout","time":9925.92565624,"data":"SHOT pseudo-labels: model 89.63% -\u003e centroid 77.07%\n"}
,{"stream_name":"stdout","time":9938.756309826,"data":"轮次:·11/·20 || cls:0.709 || im:-0.654 || 耗时：16.11s\n"}
,{"stream_name":"stdout","time":9942.056655155,"data":"SHOT pseudo-labels: model 92.97% -\u003e centroid 76.52%\n"}
,{"stream_name":"stdout","time":9954.889454211,"data":"轮次:·12/·20 || cls:0.739 || im:-0.691 || 耗时：16.13s\n"}
,{"stream_name":"stdout","time":9958.18264593,"data":"SHOT pseudo-labels: model 94.00% -\u003e centroid 77.10%\n"}
,{"stream_name":"stdout","time":9970.953585465,"data":"轮次:·13/·20 || cls:0.830 || im:-0.755 || 耗时：16.06s\n"}
,{"stream_name":"stdout","time":9974.235685265,"data":"SHOT pseudo-labels: model 94.88% -\u003e centroid 76.60%\n"}
,{"stream_name":"stdout","time":9986.98560832,"data":"轮次:·14/·20 || cls:0.633 || im:-0.620 || 耗时：16.03s\n"}
,{"stream_name":"stdout","time":9990.256724828,"data":"SHOT pseudo-labels: model 95.65% -\u003e centroid 76.78%\n"}
,{"stream_name":"stdout","time":10002.988924199,"data":"轮次:·15/·20 || cls:0.859 || im:-0.731 || 耗时：16.00s\n"}
,{"stream_name":"stdout","time":10006.266654075,"data":"SHOT pseudo-labels: model 96.27% -\u003e centroid 76.22%\n"}
,{"stream_name":"stdout","time":10019.014137198,"data":"轮次:·16/·20 || cls:0.818 || im:-0.752 || 耗时：16.03s\n"}
,{"stream_name":"stdout","time":10022.317069664,"data":"SHOT pseudo-labels: model 96.25% -\u003e centroid 76.60%\n"}
,{"stream_name":"stdout","time":10035.07468385,"data":"轮次:·17/·20 || cls:0.828 || im:-0.700 || 耗时：16.06s\n"}
,{"stream_name":"stdout","time":10038.374677694,"data":"SHOT pseudo-labels: model 96.25% -\u003e centroid 76.43%\n"}
,{"stream_name":"stdout","time":10051.161034519,"data":"轮次:·18/·20 || cls:0.788 || im:-0.728 || 耗时：16.09s\n"}
,{"stream_name":"stdout","time":10054.459669924,"data":"SHOT pseudo-labels: model 96.57% -\u003e centroid 76.73%\n"}
,{"stream_name":"stdout","time":10067.240699923,"data":"轮次:·19/·20 || cls:0.788 || im:-0.686 || 耗时：16.08s\n"}
,{"stream_name":"stdout","time":10070.509643119,"data":"SHOT pseudo-labels: model 96.27% -\u003e centroid 76.53%\n"}
,{"stream_name":"stdout","time":10083.30728481,"data":"轮次:·20/·20 || cls:0.602 || im:-0.703 || 耗时：16.07s\n"}
,{"stream_name":"stdout","time":10089.294469311,"data":"测试集任务: (B2)N15_M07_F10→(B1)N15_M01_F10; 总正确率 = 96.70%\n"}
,{"stream_name":"stdout","time":10089.294508037,"data":"类型1 正确率： 100.00% -\u003e 1   99.90%, 2    0.00%, 3    0.10%\n"}
,{"stream_name":"stdout","time":10089.294515644,"data":"类型2 正确率：  94.00% -\u003e 1    0.90%, 2   94.20%, 3    4.90%\n"}
,{"stream_name":"stdout","time":10089.294521561,"data":"类型3 正确率：  96.00% -\u003e 1    0.00%, 2    4.00%, 3   96.00%\n"}
,{"stream_name":"stdout","time":10089.294527088,"data":"\n"}
,{"stream_name":"stdout","time":10089.294532615,"data":"\n"}
,{"stream_name":"stdout","time":10089.314642754,"data":"[tar_adaptation_RES_PU.py --folder_root /kaggle/working/shot_k10/S05/sdalr_PU_shot/DATA_foldS05 --seed 2024 --class_num 3 --data_name PU_M1_L3 --output /kaggle/working/shot_k10/S05/weight_PU_M1_shot_FS05toS05_s2024 --s 1 --t 0 --lr 0.0005 --threshold 0.4 --K 0.6] 339s\n"}
,{"stream_name":"stdout","time":10089.348438388,"data":"读取源域路径：/kaggle/working/shot_k10/S05/weight_PU_M1_shot_FS05toS05_s2024/NEW_PU/Source-源域/log\u0026pt/(B2)N15_M07_F10\n"}
,{"stream_name":"stdout","time":10089.348464901,"data":"excel输出位置：/kaggle/working/shot_k10/S05/weight_PU_M1_shot_FS05toS05_s2024/NEW_PU/Target-目标域\n"}
,{"stream_name":"stdout","time":10089.348470829,"data":"特征图片输出位置：/kaggle/working/shot_k10/S05/weight_PU_M1_shot_FS05toS05_s2024/NEW_PU/Picture-特征图/2026年09月22日02时19分/(B2)N15_M07_F10\n"}
,{"stream_name":"stderr","time":10089.382849391,"data":"/usr/local/lib/python3.12/dist-packages/torch/nn/utils/weight_norm.py:144: FutureWarning: `torch.nn.utils.weight_norm` is deprecated in favor of `torch.nn.utils.parametrizations.weight_norm`.\n"}
,{"stream_name":"stderr","time":10089.382885874,"data":"  WeightNorm.apply(module, name, dim)\n"}
,{"stream_name":"stdout","time":10089.420249393,"data":"现在选取:(B2)N15_M07_F10 进行训练的源模型\n"}
,{"stream_name":"stdout","time":10089.420282285,"data":"现在进行：(B2)N15_M07_F10→(B3)N15_M07_F04 的迁移任务\n"}
,{"stream_name":"stdout","time":10089.420286823,"data":"log\u0026pt输出位置：/kaggle/working/shot_k10/S05/weight_PU_M1_shot_FS05toS05_s2024/NEW_PU/Target-目标域/log\u0026pt/(B2)N15_M07_F10→(B3)N15_M07_F04\n"}
,{"stream_name":"stderr","time":10089.421518993,"data":"sh: 1: Syntax error: word unexpected (expecting \")\")\n"}
,{"stream_name":"stdout","time":10100.653663118,"data":"任务: (B2)N15_M07_F10→(B3)N15_M07_F04; 批次:····0/·1880;  总正确率: 97.50%\n"}
,{"stream_name":"stdout","time":10100.653704146,"data":"类型1 正确率： 100.00% -\u003e 1   99.95%, 2    0.00%, 3    0.05%\n"}
,{"stream_name":"stdout","time":10100.653712447,"data":"类型2 正确率：  98.00% -\u003e 1    0.00%, 2   97.65%, 3    2.35%\n"}
,{"stream_name":"stdout","time":10100.653720216,"data":"类型3 正确率：  95.00% -\u003e 1    1.40%, 2    3.70%, 3   94.90%\n"}
,{"stream_name":"stdout","time":10100.653723677,"data":"\n"}
,{"stream_name":"stdout","time":10100.653726896,"data":"\n"}
,{"stream_name":"stdout","time":10103.913858085,"data":"SHOT pseudo-labels: model 97.50% -\u003e centroid 96.97%\n"}
,{"stream_name":"stdout","time":10116.855475219,"data":"轮次:··1/·20 || cls:1.266 || im:-0.924 || 耗时：22.16s\n"}
,{"stream_name":"stdout","time":10120.197658824,"data":"SHOT pseudo-labels: model 75.18% -\u003e centroid 94.82%\n"}
,{"stream_name":"stdout","time":10133.235997565,"data":"轮次:··2/·20 || cls:1.600 || im:-0.808 || 耗时：16.38s\n"}
,{"stream_name":"stdout","time":10136.524674964,"data":"SHOT pseudo-labels: model 64.28% -\u003e centroid 74.90%\n"}
,{"stream_name":"stdout","time":10149.182870769,"data":"轮次:··3/·20 || cls:1.354 || im:-0.807 || 耗时：15.95s\n"}
,{"stream_name":"stdout","time":10152.434658465,"data":"SHOT pseudo-labels: model 56.83% -\u003e centroid 44.00%\n"}
,{"stream_name":"stdout","time":10165.081059101,"data":"轮次:··4/·20 || cls:1.031 || im:-0.701 || 耗时：15.90s\n"}
,{"stream_name":"stdout","time":10168.345613365,"data":"SHOT pseudo-labels: model 58.32% -\u003e centroid 41.35%\n"}
,{"stream_name":"stdout","time":10181.09598239,"data":"轮次:··5/·20 || cls:0.763 || im:-0.664 || 耗时：16.01s\n"}
,{"stream_name":"stdout","time":10184.400893427,"data":"SHOT pseudo-labels: model 58.38% -\u003e centroid 40.08%\n"}
,{"stream_name":"stdout","time":10197.274401332,"data":"轮次:··6/·20 || cls:0.782 || im:-0.690 || 耗时：16.18s\n"}
,{"stream_name":"stdout","time":10200.559788608,"data":"SHOT pseudo-labels: model 60.67% -\u003e centroid 40.53%\n"}
,{"stream_name":"stdout","time":10213.372985143,"data":"轮次:··7/·20 || cls:0.763 || im:-0.691 || 耗时：16.10s\n"}
,{"stream_name":"stdout","time":10216.633783107,"data":"SHOT pseudo-labels: model 62.93% -\u003e centroid 41.17%\n"}
,{"stream_name":"stdout","time":10229.363052719,"data":"轮次:··8/·20 || cls:0.617 || im:-0.628 || 耗时：15.99s\n"}
,{"stream_name":"stdout","time":10232.626636324,"data":"SHOT pseudo-labels: model 60.90% -\u003e centroid 39.55%\n"}
,{"stream_name":"stdout","time":10245.345516199,"data":"轮次:··9/·20 || cls:0.842 || im:-0.753 || 耗时：15.98s\n"}
,{"stream_name":"stdout","time":10248.621646292,"data":"SHOT pseudo-labels: model 61.37% -\u003e centroid 39.00%\n"}
,{"stream_name":"stdout","time":10261.398240378,"data":"轮次:·10/·20 || cls:0.731 || im:-0.609 || 耗时：16.05s\n"}
,{"stream_name":"stdout","time":10264.661640263,"data":"SHOT pseudo-labels: model 61.00% -\u003e centroid 38.72%\n"}
,{"stream_name":"stdout","time":10277.484891719,"data":"轮次:·11/·20 || cls:0.923 || im:-0.667 || 耗时：16.09s\n"}
,{"stream_name":"stdout","time":10280.759660019,"data":"SHOT pseudo-labels: model 63.40% -\u003e centroid 38.62%\n"}
,{"stream_name":"stdout","time":10293.589380574,"data":"轮次:·12/·20 || cls:0.737 || im:-0.610 || 耗时：16.10s\n"}
,{"stream_name":"stdout","time":10296.878631092,"data":"SHOT pseudo-labels: model 63.48% -\u003e centroid 38.35%\n"}
,{"stream_name":"stdout","time":10309.656640377,"data":"轮次:·13/·20 || cls:0.718 || im:-0.621 || 耗时：16.07s\n"}
,{"stream_name":"stdout","time":10312.942593681,"data":"SHOT pseudo-labels: model 62.20% -\u003e centroid 38.32%\n"}
,{"stream_name":"stdout","time":10325.712019061,"data":"轮次:·14/·20 || cls:0.641 || im:-0.676 || 耗时：16.06s\n"}
,{"stream_name":"stdout","time":10328.968613899,"data":"SHOT pseudo-labels: model 61.83% -\u003e centroid 37.85%\n"}
,{"stream_name":"stdout","time":10341.708149399,"data":"轮次:·15/·20 || cls:0.742 || im:-0.638 || 耗时：16.00s\n"}
,{"stream_name":"stdout","time":10344.973646716,"data":"SHOT pseudo-labels: model 60.73% -\u003e centroid 38.20%\n"}
,{"stream_name":"stdout","time":10357.717357471,"data":"轮次:·16/·20 || cls:0.789 || im:-0.628 || 耗时：16.01s\n"}
,{"stream_name":"stdout","time":10360.981663219,"data":"SHOT pseudo-labels: model 60.27% -\u003e centroid 38.03%\n"}
,{"stream_name":"stdout","time":10373.735360504,"data":"轮次:·17/·20 || cls:0.645 || im:-0.598 || 耗时：16.02s\n"}
,{"stream_name":"stdout","time":10377.001692539,"data":"SHOT pseudo-labels: model 59.88% -\u003e centroid 37.68%\n"}
,{"stream_name":"stdout","time":10389.786602866,"data":"轮次:·18/·20 || cls:0.636 || im:-0.622 || 耗时：16.05s\n"}
,{"stream_name":"stdout","time":10393.078664041,"data":"SHOT pseudo-labels: model 59.33% -\u003e centroid 37.18%\n"}
,{"stream_name":"stdout","time":10405.873873291,"data":"轮次:·19/·20 || cls:0.804 || im:-0.616 || 耗时：16.09s\n"}
,{"stream_name":"stdout","time":10409.14817127,"data":"SHOT pseudo-labels: model 58.57% -\u003e centroid 37.68%\n"}
,{"stream_name":"stdout","time":10421.953878262,"data":"轮次:·20/·20 || cls:0.597 || im:-0.671 || 耗时：16.08s\n"}
,{"stream_name":"stdout","time":10427.932069231,"data":"测试集任务: (B2)N15_M07_F10→(B3)N15_M07_F04; 总正确率 = 57.73%\n"}
,{"stream_name":"stdout","time":10427.932105969,"data":"类型1 正确率：  82.00% -\u003e 1   81.50%, 2    0.05%, 3   18.45%\n"}
,{"stream_name":"stdout","time":10427.932112977,"data":"类型2 正确率：  36.00% -\u003e 1   29.30%, 2   36.35%, 3   34.35%\n"}
,{"stream_name":"stdout","time":10427.9321184,"data":"类型3 正确率：  55.00% -\u003e 1    1.05%, 2   43.60%, 3   55.35%\n"}
,{"stream_name":"stdout","time":10427.932123704,"data":"\n"}
,{"stream_name":"stdout","time":10427.932128753,"data":"\n"}
,{"stream_name":"stdout","time":10427.952646332,"data":"[tar_adaptation_RES_PU.py --folder_root /kaggle/working/shot_k10/S05/sdalr_PU_shot/DATA_foldS05 --seed 2024 --class_num 3 --data_name PU_M1_L3 --output /kaggle/working/shot_k10/S05/weight_PU_M1_shot_FS05toS05_s2024 --s 1 --t 2 --lr 0.0005 --threshold 0.4 --K 0.6] 339s\n"}
,{"stream_name":"stdout","time":10427.996115036,"data":"读取源域路径：/kaggle/working/shot_k10/S05/weight_PU_M1_shot_FS05toS05_s2024/NEW_PU/Source-源域/log\u0026pt/(B3)N15_M07_F04\n"}
,{"stream_name":"stdout","time":10427.996137611,"data":"excel输出位置：/kaggle/working/shot_k10/S05/weight_PU_M1_shot_FS05toS05_s2024/NEW_PU/Target-目标域\n"}
,{"stream_name":"stdout","time":10427.99614352,"data":"特征图片输出位置：/kaggle/working/shot_k10/S05/weight_PU_M1_shot_FS05toS05_s2024/NEW_PU/Picture-特征图/2026年09月22日02时24分/(B3)N15_M07_F04\n"}
,{"stream_name":"stderr","time":10428.031372778,"data":"/usr/local/lib/python3.12/dist-packages/torch/nn/utils/weight_norm.py:144: FutureWarning: `torch.nn.utils.weight_norm` is deprecated in favor of `torch.nn.utils.parametrizations.weight_norm`.\n"}
,{"stream_name":"stderr","time":10428.031398019,"data":"  WeightNorm.apply(module, name, dim)\n"}
,{"stream_name":"stdout","time":10428.067956888,"data":"现在选取:(B3)N15_M07_F04 进行训练的源模型\n"}
,{"stream_name":"stdout","time":10428.067985621,"data":"现在进行：(B3)N15_M07_F04→(B1)N15_M01_F10 的迁移任务\n"}
,{"stream_name":"stdout","time":10428.067990013,"data":"log\u0026pt输出位置：/kaggle/working/shot_k10/S05/weight_PU_M1_shot_FS05toS05_s2024/NEW_PU/Target-目标域/log\u0026pt/(B3)N15_M07_F04→(B1)N15_M01_F10\n"}
,{"stream_name":"stderr","time":10428.0693054,"data":"sh: 1: Syntax error: word unexpected (expecting \")\")\n"}
,{"stream_name":"stdout","time":10439.286819463,"data":"任务: (B3)N15_M07_F04→(B1)N15_M01_F10; 批次:····0/·1880;  总正确率: 91.20%\n"}
,{"stream_name":"stdout","time":10439.286881879,"data":"类型1 正确率：  99.00% -\u003e 1   99.45%, 2    0.00%, 3    0.55%\n"}
,{"stream_name":"stdout","time":10439.286889508,"data":"类型2 正确率：  74.00% -\u003e 1    0.00%, 2   74.30%, 3   25.70%\n"}
,{"stream_name":"stdout","time":10439.286895547,"data":"类型3 正确率： 100.00% -\u003e 1    0.00%, 2    0.15%, 3   99.85%\n"}
,{"stream_name":"stdout","time":10439.286901039,"data":"\n"}
,{"stream_name":"stdout","time":10439.286929802,"data":"\n"}
,{"stream_name":"stdout","time":10442.551668043,"data":"SHOT pseudo-labels: model 91.20% -\u003e centroid 93.85%\n"}
,{"stream_name":"stdout","time":10455.573200823,"data":"轮次:··1/·20 || cls:1.571 || im:-0.950 || 耗时：22.23s\n"}
,{"stream_name":"stdout","time":10458.933646875,"data":"SHOT pseudo-labels: model 86.12% -\u003e centroid 95.65%\n"}
,{"stream_name":"stdout","time":10471.986239731,"data":"轮次:··2/·20 || cls:1.447 || im:-0.862 || 耗时：16.41s\n"}
,{"stream_name":"stdout","time":10475.265689026,"data":"SHOT pseudo-labels: model 83.73% -\u003e centroid 91.85%\n"}
,{"stream_name":"stdout","time":10487.915522572,"data":"轮次:··3/·20 || cls:0.822 || im:-0.730 || 耗时：15.93s\n"}
,{"stream_name":"stdout","time":10491.176024102,"data":"SHOT pseudo-labels: model 81.67% -\u003e centroid 88.78%\n"}
,{"stream_name":"stdout","time":10503.81776222,"data":"轮次:··4/·20 || cls:0.794 || im:-0.672 || 耗时：15.90s\n"}
,{"stream_name":"stdout","time":10507.073881718,"data":"SHOT pseudo-labels: model 83.17% -\u003e centroid 79.23%\n"}
,{"stream_name":"stdout","time":10519.833660796,"data":"轮次:··5/·20 || cls:0.704 || im:-0.687 || 耗时：16.02s\n"}
,{"stream_name":"stdout","time":10523.118634043,"data":"SHOT pseudo-labels: model 84.58% -\u003e centroid 77.17%\n"}
,{"stream_name":"stdout","time":10536.010596195,"data":"轮次:··6/·20 || cls:0.723 || im:-0.678 || 耗时：16.18s\n"}
,{"stream_name":"stdout","time":10539.299692633,"data":"SHOT pseudo-labels: model 86.80% -\u003e centroid 76.85%\n"}
,{"stream_name":"stdout","time":10552.105323956,"data":"轮次:··7/·20 || cls:0.868 || im:-0.619 || 耗时：16.09s\n"}
,{"stream_name":"stdout","time":10555.370635342,"data":"SHOT pseudo-labels: model 89.13% -\u003e centroid 76.72%\n"}
,{"stream_name":"stdout","time":10568.120480539,"data":"轮次:··8/·20 || cls:0.840 || im:-0.590 || 耗时：16.02s\n"}
,{"stream_name":"stdout","time":10571.382697854,"data":"SHOT pseudo-labels: model 91.53% -\u003e centroid 77.47%\n"}
,{"stream_name":"stdout","time":10584.095661231,"data":"轮次:··9/·20 || cls:0.656 || im:-0.721 || 耗时：15.98s\n"}
,{"stream_name":"stdout","time":10587.350712608,"data":"SHOT pseudo-labels: model 92.65% -\u003e centroid 77.23%\n"}
,{"stream_name":"stdout","time":10600.109001931,"data":"轮次:·10/·20 || cls:0.694 || im:-0.687 || 耗时：16.01s\n"}
,{"stream_name":"stdout","time":10603.410676487,"data":"SHOT pseudo-labels: model 92.75% -\u003e centroid 77.32%\n"}
,{"stream_name":"stdout","time":10616.211427349,"data":"轮次:·11/·20 || cls:0.685 || im:-0.694 || 耗时：16.10s\n"}
,{"stream_name":"stdout","time":10619.488799212,"data":"SHOT pseudo-labels: model 94.18% -\u003e centroid 77.50%\n"}
,{"stream_name":"stdout","time":10632.314164979,"data":"轮次:·12/·20 || cls:0.639 || im:-0.673 || 耗时：16.10s\n"}
,{"stream_name":"stdout","time":10635.57567171,"data":"SHOT pseudo-labels: model 93.73% -\u003e centroid 77.37%\n"}
,{"stream_name":"stdout","time":10648.391859086,"data":"轮次:·13/·20 || cls:0.629 || im:-0.628 || 耗时：16.08s\n"}
,{"stream_name":"stdout","time":10651.679637797,"data":"SHOT pseudo-labels: model 94.50% -\u003e centroid 77.17%\n"}
,{"stream_name":"stdout","time":10664.482956293,"data":"轮次:·14/·20 || cls:0.748 || im:-0.635 || 耗时：16.09s\n"}
,{"stream_name":"stdout","time":10667.755027576,"data":"SHOT pseudo-labels: model 94.52% -\u003e centroid 77.05%\n"}
,{"stream_name":"stdout","time":10680.58300032,"data":"轮次:·15/·20 || cls:0.834 || im:-0.750 || 耗时：16.10s\n"}
,{"stream_name":"stdout","time":10683.864269292,"data":"SHOT pseudo-labels: model 95.07% -\u003e centroid 77.05%\n"}
,{"stream_name":"stdout","time":10696.637213481,"data":"轮次:·16/·20 || cls:0.735 || im:-0.687 || 耗时：16.05s\n"}
,{"stream_name":"stdout","time":10699.901648787,"data":"SHOT pseudo-labels: model 95.18% -\u003e centroid 77.27%\n"}
,{"stream_name":"stdout","time":10712.700347433,"data":"轮次:·17/·20 || cls:0.750 || im:-0.664 || 耗时：16.06s\n"}
,{"stream_name":"stdout","time":10715.994301466,"data":"SHOT pseudo-labels: model 95.28% -\u003e centroid 77.03%\n"}
,{"stream_name":"stdout","time":10728.791992521,"data":"轮次:·18/·20 || cls:0.747 || im:-0.645 || 耗时：16.09s\n"}
,{"stream_name":"stdout","time":10732.078231667,"data":"SHOT pseudo-labels: model 95.40% -\u003e centroid 77.15%\n"}
,{"stream_name":"stdout","time":10744.882985155,"data":"轮次:·19/·20 || cls:0.744 || im:-0.620 || 耗时：16.09s\n"}
,{"stream_name":"stdout","time":10748.153672281,"data":"SHOT pseudo-labels: model 95.37% -\u003e centroid 77.25%\n"}
,{"stream_name":"stdout","time":10760.920374342,"data":"轮次:·20/·20 || cls:0.517 || im:-0.632 || 耗时：16.04s\n"}
,{"stream_name":"stdout","time":10766.895204411,"data":"测试集任务: (B3)N15_M07_F04→(B1)N15_M01_F10; 总正确率 = 95.87%\n"}
,{"stream_name":"stdout","time":10766.895257496,"data":"类型1 正确率：  99.00% -\u003e 1   98.95%, 2    0.00%, 3    1.05%\n"}
,{"stream_name":"stdout","time":10766.895265317,"data":"类型2 正确率：  94.00% -\u003e 1    0.90%, 2   93.50%, 3    5.60%\n"}
,{"stream_name":"stdout","time":10766.895270619,"data":"类型3 正确率：  95.00% -\u003e 1    0.05%, 2    4.80%, 3   95.15%\n"}
,{"stream_name":"stdout","time":10766.895275324,"data":"\n"}
,{"stream_name":"stdout","time":10766.895279494,"data":"\n"}
,{"stream_name":"stdout","time":10766.915617863,"data":"[tar_adaptation_RES_PU.py --folder_root /kaggle/working/shot_k10/S05/sdalr_PU_shot/DATA_foldS05 --seed 2024 --class_num 3 --data_name PU_M1_L3 --output /kaggle/working/shot_k10/S05/weight_PU_M1_shot_FS05toS05_s2024 --s 2 --t 0 --lr 0.0005 --threshold 0.4 --K 0.6] 339s\n"}
,{"stream_name":"stdout","time":10766.950797145,"data":"读取源域路径：/kaggle/working/shot_k10/S05/weight_PU_M1_shot_FS05toS05_s2024/NEW_PU/Source-源域/log\u0026pt/(B3)N15_M07_F04\n"}
,{"stream_name":"stdout","time":10766.95082358,"data":"excel输出位置：/kaggle/working/shot_k10/S05/weight_PU_M1_shot_FS05toS05_s2024/NEW_PU/Target-目标域\n"}
,{"stream_name":"stdout","time":10766.950851533,"data":"特征图片输出位置：/kaggle/working/shot_k10/S05/weight_PU_M1_shot_FS05toS05_s2024/NEW_PU/Picture-特征图/2026年09月22日02时30分/(B3)N15_M07_F04\n"}
,{"stream_name":"stderr","time":10766.984218478,"data":"/usr/local/lib/python3.12/dist-packages/torch/nn/utils/weight_norm.py:144: FutureWarning: `torch.nn.utils.weight_norm` is deprecated in favor of `torch.nn.utils.parametrizations.weight_norm`.\n"}
,{"stream_name":"stderr","time":10766.984246653,"data":"  WeightNorm.apply(module, name, dim)\n"}
,{"stream_name":"stdout","time":10767.024059908,"data":"现在选取:(B3)N15_M07_F04 进行训练的源模型\n"}
,{"stream_name":"stdout","time":10767.024091281,"data":"现在进行：(B3)N15_M07_F04→(B2)N15_M07_F10 的迁移任务\n"}
,{"stream_name":"stdout","time":10767.024097131,"data":"log\u0026pt输出位置：/kaggle/working/shot_k10/S05/weight_PU_M1_shot_FS05toS05_s2024/NEW_PU/Target-目标域/log\u0026pt/(B3)N15_M07_F04→(B2)N15_M07_F10\n"}
,{"stream_name":"stderr","time":10767.025492953,"data":"sh: 1: Syntax error: word unexpected (expecting \")\")\n"}
,{"stream_name":"stdout","time":10778.19997724,"data":"任务: (B3)N15_M07_F04→(B2)N15_M07_F10; 批次:····0/·1880;  总正确率: 98.20%\n"}
,{"stream_name":"stdout","time":10778.200017296,"data":"类型1 正确率： 100.00% -\u003e 1   99.80%, 2    0.00%, 3    0.20%\n"}
,{"stream_name":"stdout","time":10778.200040541,"data":"类型2 正确率：  95.00% -\u003e 1    0.05%, 2   94.95%, 3    5.00%\n"}
,{"stream_name":"stdout","time":10778.20004529,"data":"类型3 正确率： 100.00% -\u003e 1    0.00%, 2    0.15%, 3   99.85%\n"}
,{"stream_name":"stdout","time":10778.200063117,"data":"\n"}
,{"stream_name":"stdout","time":10778.200066893,"data":"\n"}
,{"stream_name":"stdout","time":10781.464638105,"data":"SHOT pseudo-labels: model 98.20% -\u003e centroid 99.33%\n"}
,{"stream_name":"stdout","time":10794.422480377,"data":"轮次:··1/·20 || cls:1.509 || im:-0.948 || 耗时：22.17s\n"}
,{"stream_name":"stdout","time":10797.78262698,"data":"SHOT pseudo-labels: model 83.00% -\u003e centroid 95.63%\n"}
,{"stream_name":"stdout","time":10810.889508533,"data":"轮次:··2/·20 || cls:1.558 || im:-0.912 || 耗时：16.47s\n"}
,{"stream_name":"stdout","time":10814.184625343,"data":"SHOT pseudo-labels: model 82.37% -\u003e centroid 94.05%\n"}
,{"stream_name":"stdout","time":10826.868615789,"data":"轮次:··3/·20 || cls:0.934 || im:-0.739 || 耗时：15.98s\n"}
,{"stream_name":"stdout","time":10830.090652228,"data":"SHOT pseudo-labels: model 76.90% -\u003e centroid 80.53%\n"}
,{"stream_name":"stdout","time":10842.712003888,"data":"轮次:··4/·20 || cls:0.848 || im:-0.654 || 耗时：15.84s\n"}
,{"stream_name":"stdout","time":10845.953656084,"data":"SHOT pseudo-labels: model 74.10% -\u003e centroid 81.57%\n"}
,{"stream_name":"stdout","time":10858.67463097,"data":"轮次:··5/·20 || cls:0.770 || im:-0.648 || 耗时：15.96s\n"}
,{"stream_name":"stdout","time":10861.983656716,"data":"SHOT pseudo-labels: model 73.33% -\u003e centroid 80.38%\n"}
,{"stream_name":"stdout","time":10874.86668851,"data":"轮次:··6/·20 || cls:0.802 || im:-0.654 || 耗时：16.19s\n"}
,{"stream_name":"stdout","time":10878.158667295,"data":"SHOT pseudo-labels: model 72.65% -\u003e centroid 87.70%\n"}
,{"stream_name":"stdout","time":10890.965981151,"data":"轮次:··7/·20 || cls:0.766 || im:-0.580 || 耗时：16.10s\n"}
,{"stream_name":"stdout","time":10894.248729222,"data":"SHOT pseudo-labels: model 73.73% -\u003e centroid 84.73%\n"}
,{"stream_name":"stdout","time":10907.035357042,"data":"轮次:··8/·20 || cls:0.687 || im:-0.632 || 耗时：16.07s\n"}
,{"stream_name":"stdout","time":10910.287653552,"data":"SHOT pseudo-labels: model 75.97% -\u003e centroid 80.60%\n"}
,{"stream_name":"stdout","time":10923.008701922,"data":"轮次:··9/·20 || cls:0.556 || im:-0.585 || 耗时：15.97s\n"}
,{"stream_name":"stdout","time":10926.260676239,"data":"SHOT pseudo-labels: model 77.42% -\u003e centroid 80.37%\n"}
,{"stream_name":"stdout","time":10939.001294315,"data":"轮次:·10/·20 || cls:0.640 || im:-0.552 || 耗时：15.99s\n"}
,{"stream_name":"stdout","time":10942.285637565,"data":"SHOT pseudo-labels: model 79.35% -\u003e centroid 79.27%\n"}
,{"stream_name":"stdout","time":10955.089747917,"data":"轮次:·11/·20 || cls:0.594 || im:-0.578 || 耗时：16.09s\n"}
,{"stream_name":"stdout","time":10958.38771695,"data":"SHOT pseudo-labels: model 79.73% -\u003e centroid 80.45%\n"}
,{"stream_name":"stdout","time":10971.227783112,"data":"轮次:·12/·20 || cls:0.705 || im:-0.662 || 耗时：16.14s\n"}
,{"stream_name":"stdout","time":10974.50262219,"data":"SHOT pseudo-labels: model 79.28% -\u003e centroid 82.55%\n"}
,{"stream_name":"stdout","time":10987.315391627,"data":"轮次:·13/·20 || cls:0.664 || im:-0.605 || 耗时：16.09s\n"}
,{"stream_name":"stdout","time":10990.586630913,"data":"SHOT pseudo-labels: model 81.27% -\u003e centroid 79.35%\n"}
,{"stream_name":"stdout","time":11003.363946613,"data":"轮次:·14/·20 || cls:0.674 || im:-0.584 || 耗时：16.05s\n"}
,{"stream_name":"stdout","time":11006.638649572,"data":"SHOT pseudo-labels: model 82.70% -\u003e centroid 79.92%\n"}
,{"stream_name":"stdout","time":11019.424003255,"data":"轮次:·15/·20 || cls:0.654 || im:-0.640 || 耗时：16.06s\n"}
,{"stream_name":"stdout","time":11022.709818307,"data":"SHOT pseudo-labels: model 84.45% -\u003e centroid 77.92%\n"}
,{"stream_name":"stdout","time":11035.476801486,"data":"轮次:·16/·20 || cls:0.684 || im:-0.660 || 耗时：16.05s\n"}
,{"stream_name":"stdout","time":11038.733625694,"data":"SHOT pseudo-labels: model 85.80% -\u003e centroid 78.57%\n"}
,{"stream_name":"stdout","time":11051.493138145,"data":"轮次:·17/·20 || cls:0.695 || im:-0.669 || 耗时：16.02s\n"}
,{"stream_name":"stdout","time":11054.767964499,"data":"SHOT pseudo-labels: model 85.18% -\u003e centroid 80.37%\n"}
,{"stream_name":"stdout","time":11067.558815472,"data":"轮次:·18/·20 || cls:0.771 || im:-0.655 || 耗时：16.07s\n"}
,{"stream_name":"stdout","time":11070.836668921,"data":"SHOT pseudo-labels: model 86.12% -\u003e centroid 80.70%\n"}
,{"stream_name":"stdout","time":11083.608342076,"data":"轮次:·19/·20 || cls:0.816 || im:-0.655 || 耗时：16.05s\n"}
,{"stream_name":"stdout","time":11086.878720062,"data":"SHOT pseudo-labels: model 86.37% -\u003e centroid 78.98%\n"}
,{"stream_name":"stdout","time":11099.642525953,"data":"轮次:·20/·20 || cls:0.542 || im:-0.655 || 耗时：16.03s\n"}
,{"stream_name":"stdout","time":11105.609124818,"data":"测试集任务: (B3)N15_M07_F04→(B2)N15_M07_F10; 总正确率 = 87.40%\n"}
,{"stream_name":"stdout","time":11105.609167031,"data":"类型1 正确率：  99.00% -\u003e 1   99.05%, 2    0.05%, 3    0.90%\n"}
,{"stream_name":"stdout","time":11105.609172533,"data":"类型2 正确率：  78.00% -\u003e 1    2.15%, 2   78.00%, 3   19.85%\n"}
,{"stream_name":"stdout","time":11105.609175875,"data":"类型3 正确率：  85.00% -\u003e 1    0.20%, 2   14.65%, 3   85.15%\n"}
,{"stream_name":"stdout","time":11105.609179119,"data":"\n"}
,{"stream_name":"stdout","time":11105.609182046,"data":"\n"}
,{"stream_name":"stdout","time":11105.629545737,"data":"[tar_adaptation_RES_PU.py --folder_root /kaggle/working/shot_k10/S05/sdalr_PU_shot/DATA_foldS05 --seed 2024 --class_num 3 --data_name PU_M1_L3 --output /kaggle/working/shot_k10/S05/weight_PU_M1_shot_FS05toS05_s2024 --s 2 --t 1 --lr 0.0005 --threshold 0.4 --K 0.6] 339s\n"}
,{"stream_name":"stdout","time":11105.647016418,"data":"{\n"}
,{"stream_name":"stdout","time":11105.647034343,"data":"  \"dataset\": \"PU_M1\",\n"}
,{"stream_name":"stdout","time":11105.647039552,"data":"  \"variant\": \"shot\",\n"}
,{"stream_name":"stdout","time":11105.647044185,"data":"  \"seed\": 2024,\n"}
,{"stream_name":"stdout","time":11105.647048691,"data":"  \"smoke\": false,\n"}
,{"stream_name":"stdout","time":11105.647053496,"data":"  \"src_fold\": \"S05\",\n"}
,{"stream_name":"stdout","time":11105.647067367,"data":"  \"tgt_fold\": \"S05\",\n"}
,{"stream_name":"stdout","time":11105.647072288,"data":"  \"leaky\": true,\n"}
,{"stream_name":"stdout","time":11105.647076739,"data":"  \"hyperparameters\": {\n"}
,{"stream_name":"stdout","time":11105.647081307,"data":"    \"lr\": \"0.0005\",\n"}
,{"stream_name":"stdout","time":11105.647085902,"data":"    \"threshold\": \"0.4\",\n"}
,{"stream_name":"stdout","time":11105.647090462,"data":"    \"K\": \"0.6\"\n"}
,{"stream_name":"stdout","time":11105.64709514,"data":"  },\n"}
,{"stream_name":"stdout","time":11105.647099475,"data":"  \"adapters\": [\n"}
,{"stream_name":"stdout","time":11105.647104013,"data":"    \"npz_io\",\n"}
,{"stream_name":"stdout","time":11105.647108462,"data":"    \"tsne_stub\",\n"}
,{"stream_name":"stdout","time":11105.647113299,"data":"    \"shot_patch\"\n"}
,{"stream_name":"stdout","time":11105.647127292,"data":"  ],\n"}
,{"stream_name":"stdout","time":11105.647130692,"data":"  \"source_only\": {\n"}
,{"stream_name":"stdout","time":11105.647135324,"data":"    \"A1-\u003eA3\": 99.27,\n"}
,{"stream_name":"stdout","time":11105.647139242,"data":"    \"A1-\u003eA2\": 94.95,\n"}
,{"stream_name":"stdout","time":11105.647142956,"data":"    \"A3-\u003eA1\": 95.36,\n"}
,{"stream_name":"stdout","time":11105.64714631,"data":"    \"A3-\u003eA2\": 97.64,\n"}
,{"stream_name":"stdout","time":11105.64715158,"data":"    \"A2-\u003eA1\": 92.54,\n"}
,{"stream_name":"stdout","time":11105.647154885,"data":"    \"A2-\u003eA3\": 97.86\n"}
,{"stream_name":"stdout","time":11105.647158925,"data":"  },\n"}
,{"stream_name":"stdout","time":11105.647162461,"data":"  \"adapted\": {\n"}
,{"stream_name":"stdout","time":11105.647165892,"data":"    \"A1-\u003eA3\": 95.02,\n"}
,{"stream_name":"stdout","time":11105.647169178,"data":"    \"A1-\u003eA2\": 76.07,\n"}
,{"stream_name":"stdout","time":11105.647172417,"data":"    \"A3-\u003eA1\": 96.7,\n"}
,{"stream_name":"stdout","time":11105.647176088,"data":"    \"A3-\u003eA2\": 57.73,\n"}
,{"stream_name":"stdout","time":11105.647179519,"data":"    \"A2-\u003eA1\": 95.87,\n"}
,{"stream_name":"stdout","time":11105.647182636,"data":"    \"A2-\u003eA3\": 87.4\n"}
,{"stream_name":"stdout","time":11105.647186296,"data":"  },\n"}
,{"stream_name":"stdout","time":11105.647190508,"data":"  \"seconds\": {\n"}
,{"stream_name":"stdout","time":11105.647193689,"data":"    \"pretrain\": 292,\n"}
,{"stream_name":"stdout","time":11105.64719699,"data":"    \"A1-\u003eA3\": 339,\n"}
,{"stream_name":"stdout","time":11105.647200394,"data":"    \"A1-\u003eA2\": 339,\n"}
,{"stream_name":"stdout","time":11105.647203598,"data":"    \"A3-\u003eA1\": 339,\n"}
,{"stream_name":"stdout","time":11105.647206914,"data":"    \"A3-\u003eA2\": 339,\n"}
,{"stream_name":"stdout","time":11105.647210414,"data":"    \"A2-\u003eA1\": 339,\n"}
,{"stream_name":"stdout","time":11105.64721383,"data":"    \"A2-\u003eA3\": 339\n"}
,{"stream_name":"stdout","time":11105.647217023,"data":"  },\n"}
,{"stream_name":"stdout","time":11105.647220396,"data":"  \"gate_log\": {\n"}
,{"stream_name":"stdout","time":11105.64722397,"data":"    \"A1-\u003eA3\": [],\n"}
,{"stream_name":"stdout","time":11105.647227689,"data":"    \"A1-\u003eA2\": [],\n"}
,{"stream_name":"stdout","time":11105.647231354,"data":"    \"A3-\u003eA1\": [],\n"}
,{"stream_name":"stdout","time":11105.647234693,"data":"    \"A3-\u003eA2\": [],\n"}
,{"stream_name":"stdout","time":11105.647238181,"data":"    \"A2-\u003eA1\": [],\n"}
,{"stream_name":"stdout","time":11105.647241885,"data":"    \"A2-\u003eA3\": []\n"}
,{"stream_name":"stdout","time":11105.647245001,"data":"  },\n"}
,{"stream_name":"stdout","time":11105.647248251,"data":"  \"gate\": \"none\"\n"}
,{"stream_name":"stdout","time":11105.647251832,"data":"}\n"}
,{"stream_name":"stdout","time":11106.817074938,"data":"RUN /usr/bin/python3 -u /kaggle/input/datasets/rafiurrahman01/physgate-m0-code/sdalr_runner.py --sdalr /kaggle/input/datasets/rafiurrahman01/physgate-m0-code --m0 /kaggle/input/datasets/rafiurrahman01/physgate-k10-g2 --dataset PU_M1 --src-fold S05 --tgt-fold S05c --variant shot --work /kaggle/working/shot_k10/S05 --seed 2024 --skip-pretrain\n"}
,{"stream_name":"stdout","time":11113.361521807,"data":"读取源域路径：/kaggle/working/shot_k10/S05/weight_PU_M1_shot_FS05toS05c_s2024/NEW_PU/Source-源域/log\u0026pt/(B1)N15_M01_F10\n"}
,{"stream_name":"stdout","time":11113.361577847,"data":"excel输出位置：/kaggle/working/shot_k10/S05/weight_PU_M1_shot_FS05toS05c_s2024/NEW_PU/Target-目标域\n"}
,{"stream_name":"stdout","time":11113.362091313,"data":"特征图片输出位置：/kaggle/working/shot_k10/S05/weight_PU_M1_shot_FS05toS05c_s2024/NEW_PU/Picture-特征图/2026年09月22日02时36分/(B1)N15_M01_F10\n"}
,{"stream_name":"stderr","time":11113.712971629,"data":"/usr/local/lib/python3.12/dist-packages/torch/nn/utils/weight_norm.py:144: FutureWarning: `torch.nn.utils.weight_norm` is deprecated in favor of `torch.nn.utils.parametrizations.weight_norm`.\n"}
,{"stream_name":"stderr","time":11113.7130068,"data":"  WeightNorm.apply(module, name, dim)\n"}
,{"stream_name":"stdout","time":11113.759661568,"data":"现在选取:(B1)N15_M01_F10 进行训练的源模型\n"}
,{"stream_name":"stdout","time":11113.759692311,"data":"现在进行：(B1)N15_M01_F10→(B2)N15_M07_F10 的迁移任务\n"}
,{"stream_name":"stdout","time":11113.759697251,"data":"log\u0026pt输出位置：/kaggle/working/shot_k10/S05/weight_PU_M1_shot_FS05toS05c_s2024/NEW_PU/Target-目标域/log\u0026pt/(B1)N15_M01_F10→(B2)N15_M07_F10\n"}
,{"stream_name":"stderr","time":11113.761078551,"data":"sh: 1: Syntax error: word unexpected (expecting \")\")\n"}
,{"stream_name":"stdout","time":11125.125398193,"data":"任务: (B1)N15_M01_F10→(B2)N15_M07_F10; 批次:····0/·1880;  总正确率: 25.92%\n"}
,{"stream_name":"stdout","time":11125.125436904,"data":"类型1 正确率：  49.00% -\u003e 1   48.95%, 2   17.75%, 3   33.30%\n"}
,{"stream_name":"stdout","time":11125.125444276,"data":"类型2 正确率：  24.00% -\u003e 1    0.00%, 2   24.20%, 3   75.80%\n"}
,{"stream_name":"stdout","time":11125.125450033,"data":"类型3 正确率：   5.00% -\u003e 1    0.00%, 2   95.40%, 3    4.60%\n"}
,{"stream_name":"stdout","time":11125.125456225,"data":"\n"}
,{"stream_name":"stdout","time":11125.125461229,"data":"\n"}
,{"stream_name":"stdout","time":11128.440690159,"data":"SHOT pseudo-labels: model 25.92% -\u003e centroid 25.65%\n"}
,{"stream_name":"stdout","time":11141.574769532,"data":"轮次:··1/·20 || cls:1.622 || im:-0.786 || 耗时：22.62s\n"}
,{"stream_name":"stderr","time":11141.574775853,"data":"/kaggle/working/shot_k10/S05/sdalr_PU_shot/tar_adaptation_RES_PU.py:114: UserWarning: Converting a tensor with requires_grad=True to a scalar may lead to unexpected behavior.\n"}
,{"stream_name":"stderr","time":11141.574848357,"data":"Consider using tensor.detach() first. (Triggered internally at /pytorch/torch/csrc/autograd/generated/python_variable_methods.cpp:836.)\n"}
,{"stream_name":"stderr","time":11141.574855882,"data":"  iter_num // epoch_len, args.max_epoch, float(classifier_loss), float(im_loss), time.time() - start))\n"}
,{"stream_name":"stdout","time":11144.972147182,"data":"SHOT pseudo-labels: model 56.33% -\u003e centroid 65.52%\n"}
,{"stream_name":"stdout","time":11158.320608804,"data":"轮次:··2/·20 || cls:1.451 || im:-0.717 || 耗时：16.75s\n"}
,{"stream_name":"stdout","time":11161.675627083,"data":"SHOT pseudo-labels: model 59.12% -\u003e centroid 71.60%\n"}
,{"stream_name":"stdout","time":11174.437224472,"data":"轮次:··3/·20 || cls:0.821 || im:-0.562 || 耗时：16.12s\n"}
,{"stream_name":"stdout","time":11177.659697833,"data":"SHOT pseudo-labels: model 53.25% -\u003e centroid 55.38%\n"}
,{"stream_name":"stdout","time":11190.182431827,"data":"轮次:··4/·20 || cls:1.071 || im:-0.631 || 耗时：15.75s\n"}
,{"stream_name":"stdout","time":11193.420629853,"data":"SHOT pseudo-labels: model 47.45% -\u003e centroid 46.75%\n"}
,{"stream_name":"stdout","time":11206.023837996,"data":"轮次:··5/·20 || cls:0.531 || im:-0.631 || 耗时：15.84s\n"}
,{"stream_name":"stdout","time":11209.322626741,"data":"SHOT pseudo-labels: model 40.68% -\u003e centroid 42.15%\n"}
,{"stream_name":"stdout","time":11222.448412906,"data":"轮次:··6/·20 || cls:0.751 || im:-0.606 || 耗时：16.42s\n"}
,{"stream_name":"stdout","time":11225.832685601,"data":"SHOT pseudo-labels: model 32.95% -\u003e centroid 38.27%\n"}
,{"stream_name":"stdout","time":11238.795577091,"data":"轮次:··7/·20 || cls:0.796 || im:-0.575 || 耗时：16.35s\n"}
,{"stream_name":"stdout","time":11242.119629761,"data":"SHOT pseudo-labels: model 30.73% -\u003e centroid 37.32%\n"}
,{"stream_name":"stdout","time":11254.799241277,"data":"轮次:··8/·20 || cls:0.737 || im:-0.593 || 耗时：16.00s\n"}
,{"stream_name":"stdout","time":11258.070844066,"data":"SHOT pseudo-labels: model 26.18% -\u003e centroid 31.95%\n"}
,{"stream_name":"stdout","time":11270.739053873,"data":"轮次:··9/·20 || cls:0.655 || im:-0.623 || 耗时：15.94s\n"}
,{"stream_name":"stdout","time":11274.043651708,"data":"SHOT pseudo-labels: model 22.53% -\u003e centroid 29.42%\n"}
,{"stream_name":"stdout","time":11286.861884027,"data":"轮次:·10/·20 || cls:0.616 || im:-0.601 || 耗时：16.12s\n"}
,{"stream_name":"stdout","time":11290.183641875,"data":"SHOT pseudo-labels: model 20.03% -\u003e centroid 27.50%\n"}
,{"stream_name":"stdout","time":11303.122416482,"data":"轮次:·11/·20 || cls:0.788 || im:-0.626 || 耗时：16.26s\n"}
,{"stream_name":"stdout","time":11306.439693321,"data":"SHOT pseudo-labels: model 19.13% -\u003e centroid 28.22%\n"}
,{"stream_name":"stdout","time":11319.270536662,"data":"轮次:·12/·20 || cls:0.688 || im:-0.552 || 耗时：16.15s\n"}
,{"stream_name":"stdout","time":11322.58570358,"data":"SHOT pseudo-labels: model 16.55% -\u003e centroid 26.25%\n"}
,{"stream_name":"stdout","time":11335.318483578,"data":"轮次:·13/·20 || cls:0.790 || im:-0.667 || 耗时：16.05s\n"}
,{"stream_name":"stdout","time":11338.6086044,"data":"SHOT pseudo-labels: model 16.33% -\u003e centroid 25.42%\n"}
,{"stream_name":"stdout","time":11351.382735292,"data":"轮次:·14/·20 || cls:0.589 || im:-0.544 || 耗时：16.06s\n"}
,{"stream_name":"stdout","time":11354.687632698,"data":"SHOT pseudo-labels: model 15.53% -\u003e centroid 25.02%\n"}
,{"stream_name":"stdout","time":11367.489834511,"data":"轮次:·15/·20 || cls:0.726 || im:-0.678 || 耗时：16.11s\n"}
,{"stream_name":"stdout","time":11370.811650028,"data":"SHOT pseudo-labels: model 14.63% -\u003e centroid 24.45%\n"}
,{"stream_name":"stdout","time":11383.644845027,"data":"轮次:·16/·20 || cls:0.608 || im:-0.663 || 耗时：16.15s\n"}
,{"stream_name":"stdout","time":11386.949648634,"data":"SHOT pseudo-labels: model 13.03% -\u003e centroid 24.78%\n"}
,{"stream_name":"stdout","time":11399.806923949,"data":"轮次:·17/·20 || cls:0.676 || im:-0.676 || 耗时：16.16s\n"}
,{"stream_name":"stdout","time":11403.13961365,"data":"SHOT pseudo-labels: model 13.68% -\u003e centroid 23.48%\n"}
,{"stream_name":"stdout","time":11415.988299964,"data":"轮次:·18/·20 || cls:0.760 || im:-0.612 || 耗时：16.18s\n"}
,{"stream_name":"stdout","time":11419.290638336,"data":"SHOT pseudo-labels: model 13.02% -\u003e centroid 23.38%\n"}
,{"stream_name":"stdout","time":11432.111048202,"data":"轮次:·19/·20 || cls:0.757 || im:-0.686 || 耗时：16.12s\n"}
,{"stream_name":"stdout","time":11435.395732299,"data":"SHOT pseudo-labels: model 13.27% -\u003e centroid 23.03%\n"}
,{"stream_name":"stdout","time":11448.199445326,"data":"轮次:·20/·20 || cls:0.693 || im:-0.677 || 耗时：16.09s\n"}
,{"stream_name":"stdout","time":11454.182525599,"data":"测试集任务: (B1)N15_M01_F10→(B2)N15_M07_F10; 总正确率 = 12.07%\n"}
,{"stream_name":"stdout","time":11454.182578029,"data":"类型1 正确率：   0.00% -\u003e 1    0.30%, 2   64.35%, 3   35.35%\n"}
,{"stream_name":"stdout","time":11454.182586565,"data":"类型2 正确率：  25.00% -\u003e 1   25.35%, 2   25.20%, 3   49.45%\n"}
,{"stream_name":"stdout","time":11454.182605596,"data":"类型3 正确率：  11.00% -\u003e 1   88.10%, 2    1.20%, 3   10.70%\n"}
,{"stream_name":"stdout","time":11454.182612646,"data":"\n"}
,{"stream_name":"stdout","time":11454.182615114,"data":"\n"}
,{"stream_name":"stdout","time":11454.200428651,"data":"[tar_adaptation_RES_PU.py --folder_root /kaggle/working/shot_k10/S05/sdalr_PU_shot/DATA_foldS05c --seed 2024 --class_num 3 --data_name PU_M1_L3 --output /kaggle/working/shot_k10/S05/weight_PU_M1_shot_FS05toS05c_s2024 --s 0 --t 1 --lr 0.0005 --threshold 0.4 --K 0.6] 341s\n"}
,{"stream_name":"stdout","time":11454.234478996,"data":"读取源域路径：/kaggle/working/shot_k10/S05/weight_PU_M1_shot_FS05toS05c_s2024/NEW_PU/Source-源域/log\u0026pt/(B1)N15_M01_F10\n"}
,{"stream_name":"stdout","time":11454.234513892,"data":"excel输出位置：/kaggle/working/shot_k10/S05/weight_PU_M1_shot_FS05toS05c_s2024/NEW_PU/Target-目标域\n"}
,{"stream_name":"stdout","time":11454.23452944,"data":"特征图片输出位置：/kaggle/working/shot_k10/S05/weight_PU_M1_shot_FS05toS05c_s2024/NEW_PU/Picture-特征图/2026年09月22日02时41分/(B1)N15_M01_F10\n"}
,{"stream_name":"stderr","time":11454.268270063,"data":"/usr/local/lib/python3.12/dist-packages/torch/nn/utils/weight_norm.py:144: FutureWarning: `torch.nn.utils.weight_norm` is deprecated in favor of `torch.nn.utils.parametrizations.weight_norm`.\n"}
,{"stream_name":"stderr","time":11454.268309319,"data":"  WeightNorm.apply(module, name, dim)\n"}
,{"stream_name":"stdout","time":11454.3094388,"data":"现在选取:(B1)N15_M01_F10 进行训练的源模型\n"}
,{"stream_name":"stdout","time":11454.309475407,"data":"现在进行：(B1)N15_M01_F10→(B3)N15_M07_F04 的迁移任务\n"}
,{"stream_name":"stdout","time":11454.309479277,"data":"log\u0026pt输出位置：/kaggle/working/shot_k10/S05/weight_PU_M1_shot_FS05toS05c_s2024/NEW_PU/Target-目标域/log\u0026pt/(B1)N15_M01_F10→(B3)N15_M07_F04\n"}
,{"stream_name":"stderr","time":11454.310879028,"data":"sh: 1: Syntax error: word unexpected (expecting \")\")\n"}
,{"stream_name":"stdout","time":11465.377463469,"data":"任务: (B1)N15_M01_F10→(B3)N15_M07_F04; 批次:····0/·1880;  总正确率: 37.17%\n"}
,{"stream_name":"stdout","time":11465.377533706,"data":"类型1 正确率：  61.00% -\u003e 1   60.75%, 2   10.55%, 3   28.70%\n"}
,{"stream_name":"stdout","time":11465.377540843,"data":"类型2 正确率：   0.00% -\u003e 1    0.00%, 2    0.00%, 3  100.00%\n"}
,{"stream_name":"stdout","time":11465.377563299,"data":"类型3 正确率：  51.00% -\u003e 1    0.00%, 2   49.25%, 3   50.75%\n"}
,{"stream_name":"stdout","time":11465.377571756,"data":"\n"}
,{"stream_name":"stdout","time":11465.377576544,"data":"\n"}
,{"stream_name":"stdout","time":11468.635644187,"data":"SHOT pseudo-labels: model 37.17% -\u003e centroid 37.18%\n"}
,{"stream_name":"stdout","time":11481.556478142,"data":"轮次:··1/·20 || cls:1.480 || im:-0.836 || 耗时：22.11s\n"}
,{"stream_name":"stdout","time":11484.918647639,"data":"SHOT pseudo-labels: model 46.65% -\u003e centroid 46.35%\n"}
,{"stream_name":"stdout","time":11497.997715181,"data":"轮次:··2/·20 || cls:1.022 || im:-0.727 || 耗时：16.44s\n"}
,{"stream_name":"stdout","time":11501.295673642,"data":"SHOT pseudo-labels: model 40.93% -\u003e centroid 40.42%\n"}
,{"stream_name":"stdout","time":11514.001245187,"data":"轮次:··3/·20 || cls:0.873 || im:-0.687 || 耗时：16.00s\n"}
,{"stream_name":"stdout","time":11517.265641968,"data":"SHOT pseudo-labels: model 39.25% -\u003e centroid 48.93%\n"}
,{"stream_name":"stdout","time":11529.961798322,"data":"轮次:··4/·20 || cls:0.681 || im:-0.640 || 耗时：15.96s\n"}
,{"stream_name":"stdout","time":11533.245776686,"data":"SHOT pseudo-labels: model 36.67% -\u003e centroid 51.27%\n"}
,{"stream_name":"stdout","time":11546.019993314,"data":"轮次:··5/·20 || cls:0.774 || im:-0.629 || 耗时：16.06s\n"}
,{"stream_name":"stdout","time":11549.317645213,"data":"SHOT pseudo-labels: model 38.60% -\u003e centroid 50.40%\n"}
,{"stream_name":"stdout","time":11562.199642298,"data":"轮次:··6/·20 || cls:0.771 || im:-0.585 || 耗时：16.18s\n"}
,{"stream_name":"stdout","time":11565.499632538,"data":"SHOT pseudo-labels: model 38.03% -\u003e centroid 50.00%\n"}
,{"stream_name":"stdout","time":11578.334219711,"data":"轮次:··7/·20 || cls:0.660 || im:-0.666 || 耗时：16.13s\n"}
,{"stream_name":"stdout","time":11581.631145205,"data":"SHOT pseudo-labels: model 44.67% -\u003e centroid 51.43%\n"}
,{"stream_name":"stdout","time":11594.427366264,"data":"轮次:··8/·20 || cls:0.801 || im:-0.652 || 耗时：16.09s\n"}
,{"stream_name":"stdout","time":11597.744221879,"data":"SHOT pseudo-labels: model 44.70% -\u003e centroid 51.02%\n"}
,{"stream_name":"stdout","time":11610.51478771,"data":"轮次:··9/·20 || cls:0.714 || im:-0.606 || 耗时：16.09s\n"}
,{"stream_name":"stdout","time":11613.818719474,"data":"SHOT pseudo-labels: model 46.03% -\u003e centroid 50.97%\n"}
,{"stream_name":"stdout","time":11626.571111078,"data":"轮次:·10/·20 || cls:0.656 || im:-0.535 || 耗时：16.06s\n"}
,{"stream_name":"stdout","time":11629.848659434,"data":"SHOT pseudo-labels: model 47.25% -\u003e centroid 51.22%\n"}
,{"stream_name":"stdout","time":11642.581407355,"data":"轮次:·11/·20 || cls:0.768 || im:-0.608 || 耗时：16.01s\n"}
,{"stream_name":"stdout","time":11645.859647427,"data":"SHOT pseudo-labels: model 47.17% -\u003e centroid 51.37%\n"}
,{"stream_name":"stdout","time":11658.675163509,"data":"轮次:·12/·20 || cls:0.587 || im:-0.590 || 耗时：16.09s\n"}
,{"stream_name":"stdout","time":11661.988655517,"data":"SHOT pseudo-labels: model 46.50% -\u003e centroid 51.27%\n"}
,{"stream_name":"stdout","time":11674.83956051,"data":"轮次:·13/·20 || cls:0.650 || im:-0.614 || 耗时：16.16s\n"}
,{"stream_name":"stdout","time":11678.122648194,"data":"SHOT pseudo-labels: model 48.33% -\u003e centroid 51.10%\n"}
,{"stream_name":"stdout","time":11690.964502127,"data":"轮次:·14/·20 || cls:0.768 || im:-0.618 || 耗时：16.12s\n"}
,{"stream_name":"stdout","time":11694.2536449,"data":"SHOT pseudo-labels: model 47.67% -\u003e centroid 51.15%\n"}
,{"stream_name":"stdout","time":11707.050268731,"data":"轮次:·15/·20 || cls:0.621 || im:-0.683 || 耗时：16.09s\n"}
,{"stream_name":"stdout","time":11710.317636765,"data":"SHOT pseudo-labels: model 47.33% -\u003e centroid 51.33%\n"}
,{"stream_name":"stdout","time":11723.081994224,"data":"轮次:·16/·20 || cls:0.780 || im:-0.693 || 耗时：16.03s\n"}
,{"stream_name":"stdout","time":11726.38064242,"data":"SHOT pseudo-labels: model 48.12% -\u003e centroid 52.22%\n"}
,{"stream_name":"stdout","time":11739.114107279,"data":"轮次:·17/·20 || cls:0.810 || im:-0.641 || 耗时：16.03s\n"}
,{"stream_name":"stdout","time":11742.420662085,"data":"SHOT pseudo-labels: model 49.55% -\u003e centroid 51.50%\n"}
,{"stream_name":"stdout","time":11755.16627465,"data":"轮次:·18/·20 || cls:0.716 || im:-0.684 || 耗时：16.05s\n"}
,{"stream_name":"stdout","time":11758.468640395,"data":"SHOT pseudo-labels: model 49.60% -\u003e centroid 51.47%\n"}
,{"stream_name":"stdout","time":11771.282739165,"data":"轮次:·19/·20 || cls:0.783 || im:-0.613 || 耗时：16.12s\n"}
,{"stream_name":"stdout","time":11774.584655639,"data":"SHOT pseudo-labels: model 48.95% -\u003e centroid 51.15%\n"}
,{"stream_name":"stdout","time":11787.416374693,"data":"轮次:·20/·20 || cls:0.714 || im:-0.676 || 耗时：16.13s\n"}
,{"stream_name":"stdout","time":11793.431472356,"data":"测试集任务: (B1)N15_M01_F10→(B3)N15_M07_F04; 总正确率 = 48.32%\n"}
,{"stream_name":"stdout","time":11793.431525971,"data":"类型1 正确率：  54.00% -\u003e 1   53.85%, 2   45.70%, 3    0.45%\n"}
,{"stream_name":"stdout","time":11793.431531157,"data":"类型2 正确率：  42.00% -\u003e 1    1.70%, 2   42.40%, 3   55.90%\n"}
,{"stream_name":"stdout","time":11793.431535191,"data":"类型3 正确率：  49.00% -\u003e 1   49.90%, 2    1.40%, 3   48.70%\n"}
,{"stream_name":"stdout","time":11793.431539471,"data":"\n"}
,{"stream_name":"stdout","time":11793.431543021,"data":"\n"}
,{"stream_name":"stdout","time":11793.450875873,"data":"[tar_adaptation_RES_PU.py --folder_root /kaggle/working/shot_k10/S05/sdalr_PU_shot/DATA_foldS05c --seed 2024 --class_num 3 --data_name PU_M1_L3 --output /kaggle/working/shot_k10/S05/weight_PU_M1_shot_FS05toS05c_s2024 --s 0 --t 2 --lr 0.0005 --threshold 0.4 --K 0.6] 339s\n"}
,{"stream_name":"stdout","time":11793.503568356,"data":"读取源域路径：/kaggle/working/shot_k10/S05/weight_PU_M1_shot_FS05toS05c_s2024/NEW_PU/Source-源域/log\u0026pt/(B2)N15_M07_F10\n"}
,{"stream_name":"stdout","time":11793.503594066,"data":"excel输出位置：/kaggle/working/shot_k10/S05/weight_PU_M1_shot_FS05toS05c_s2024/NEW_PU/Target-目标域\n"}
,{"stream_name":"stdout","time":11793.50359918,"data":"特征图片输出位置：/kaggle/working/shot_k10/S05/weight_PU_M1_shot_FS05toS05c_s2024/NEW_PU/Picture-特征图/2026年09月22日02时47分/(B2)N15_M07_F10\n"}
,{"stream_name":"stderr","time":11793.544189944,"data":"/usr/local/lib/python3.12/dist-packages/torch/nn/utils/weight_norm.py:144: FutureWarning: `torch.nn.utils.weight_norm` is deprecated in favor of `torch.nn.utils.parametrizations.weight_norm`.\n"}
,{"stream_name":"stderr","time":11793.544222694,"data":"  WeightNorm.apply(module, name, dim)\n"}
,{"stream_name":"stdout","time":11793.58401507,"data":"现在选取:(B2)N15_M07_F10 进行训练的源模型\n"}
,{"stream_name":"stdout","time":11793.584043709,"data":"现在进行：(B2)N15_M07_F10→(B1)N15_M01_F10 的迁移任务\n"}
,{"stream_name":"stdout","time":11793.58404956,"data":"log\u0026pt输出位置：/kaggle/working/shot_k10/S05/weight_PU_M1_shot_FS05toS05c_s2024/NEW_PU/Target-目标域/log\u0026pt/(B2)N15_M07_F10→(B1)N15_M01_F10\n"}
,{"stream_name":"stderr","time":11793.585440787,"data":"sh: 1: Syntax error: word unexpected (expecting \")\")\n"}
,{"stream_name":"stdout","time":11804.753517758,"data":"任务: (B2)N15_M07_F10→(B1)N15_M01_F10; 批次:····0/·1880;  总正确率: 37.00%\n"}
,{"stream_name":"stdout","time":11804.753562974,"data":"类型1 正确率：  84.00% -\u003e 1   84.05%, 2    5.00%, 3   10.95%\n"}
,{"stream_name":"stdout","time":11804.75357006,"data":"类型2 正确率：  26.00% -\u003e 1    0.00%, 2   26.25%, 3   73.75%\n"}
,{"stream_name":"stdout","time":11804.753623748,"data":"类型3 正确率：   1.00% -\u003e 1    0.00%, 2   99.30%, 3    0.70%\n"}
,{"stream_name":"stdout","time":11804.75363197,"data":"\n"}
,{"stream_name":"stdout","time":11804.753636536,"data":"\n"}
,{"stream_name":"stdout","time":11808.032679373,"data":"SHOT pseudo-labels: model 37.00% -\u003e centroid 38.77%\n"}
,{"stream_name":"stdout","time":11820.894528416,"data":"轮次:··1/·20 || cls:1.599 || im:-0.832 || 耗时：22.10s\n"}
,{"stream_name":"stdout","time":11824.249730502,"data":"SHOT pseudo-labels: model 53.85% -\u003e centroid 54.08%\n"}
,{"stream_name":"stdout","time":11837.25785515,"data":"轮次:··2/·20 || cls:1.239 || im:-0.793 || 耗时：16.36s\n"}
,{"stream_name":"stdout","time":11840.524658444,"data":"SHOT pseudo-labels: model 55.68% -\u003e centroid 59.90%\n"}
,{"stream_name":"stdout","time":11853.271758814,"data":"轮次:··3/·20 || cls:0.788 || im:-0.723 || 耗时：16.01s\n"}
,{"stream_name":"stdout","time":11856.566875541,"data":"SHOT pseudo-labels: model 47.23% -\u003e centroid 47.13%\n"}
,{"stream_name":"stdout","time":11869.294570591,"data":"轮次:··4/·20 || cls:0.993 || im:-0.715 || 耗时：16.02s\n"}
,{"stream_name":"stdout","time":11872.610697323,"data":"SHOT pseudo-labels: model 48.28% -\u003e centroid 49.20%\n"}
,{"stream_name":"stdout","time":11885.418734039,"data":"轮次:··5/·20 || cls:0.626 || im:-0.733 || 耗时：16.12s\n"}
,{"stream_name":"stdout","time":11888.721679695,"data":"SHOT pseudo-labels: model 45.05% -\u003e centroid 45.33%\n"}
,{"stream_name":"stdout","time":11901.56704066,"data":"轮次:··6/·20 || cls:0.857 || im:-0.577 || 耗时：16.15s\n"}
,{"stream_name":"stdout","time":11904.881655375,"data":"SHOT pseudo-labels: model 41.12% -\u003e centroid 41.82%\n"}
,{"stream_name":"stdout","time":11917.722843205,"data":"轮次:··7/·20 || cls:0.733 || im:-0.633 || 耗时：16.16s\n"}
,{"stream_name":"stdout","time":11921.024660536,"data":"SHOT pseudo-labels: model 40.92% -\u003e centroid 43.05%\n"}
,{"stream_name":"stdout","time":11933.863765288,"data":"轮次:··8/·20 || cls:0.693 || im:-0.577 || 耗时：16.14s\n"}
,{"stream_name":"stdout","time":11937.165637572,"data":"SHOT pseudo-labels: model 41.22% -\u003e centroid 42.17%\n"}
,{"stream_name":"stdout","time":11949.980969875,"data":"轮次:··9/·20 || cls:0.670 || im:-0.562 || 耗时：16.12s\n"}
,{"stream_name":"stdout","time":11953.28869882,"data":"SHOT pseudo-labels: model 41.38% -\u003e centroid 41.90%\n"}
,{"stream_name":"stdout","time":11966.085289481,"data":"轮次:·10/·20 || cls:0.645 || im:-0.606 || 耗时：16.10s\n"}
,{"stream_name":"stdout","time":11969.383894518,"data":"SHOT pseudo-labels: model 42.00% -\u003e centroid 52.05%\n"}
,{"stream_name":"stdout","time":11982.162685152,"data":"轮次:·11/·20 || cls:0.893 || im:-0.632 || 耗时：16.08s\n"}
,{"stream_name":"stdout","time":11985.460642951,"data":"SHOT pseudo-labels: model 39.15% -\u003e centroid 43.07%\n"}
,{"stream_name":"stdout","time":11998.221445154,"data":"轮次:·12/·20 || cls:0.615 || im:-0.545 || 耗时：16.06s\n"}
,{"stream_name":"stdout","time":12001.537635475,"data":"SHOT pseudo-labels: model 37.38% -\u003e centroid 38.38%\n"}
,{"stream_name":"stdout","time":12014.29341927,"data":"轮次:·13/·20 || cls:0.558 || im:-0.547 || 耗时：16.07s\n"}
,{"stream_name":"stdout","time":12017.575671169,"data":"SHOT pseudo-labels: model 40.30% -\u003e centroid 56.00%\n"}
,{"stream_name":"stdout","time":12030.309936208,"data":"轮次:·14/·20 || cls:0.745 || im:-0.608 || 耗时：16.02s\n"}
,{"stream_name":"stdout","time":12033.592639047,"data":"SHOT pseudo-labels: model 42.05% -\u003e centroid 52.67%\n"}
,{"stream_name":"stdout","time":12046.361446671,"data":"轮次:·15/·20 || cls:0.732 || im:-0.573 || 耗时：16.05s\n"}
,{"stream_name":"stdout","time":12049.633652094,"data":"SHOT pseudo-labels: model 40.02% -\u003e centroid 57.37%\n"}
,{"stream_name":"stdout","time":12062.436459207,"data":"轮次:·16/·20 || cls:0.628 || im:-0.574 || 耗时：16.07s\n"}
,{"stream_name":"stdout","time":12065.729712511,"data":"SHOT pseudo-labels: model 37.98% -\u003e centroid 43.52%\n"}
,{"stream_name":"stdout","time":12078.560015844,"data":"轮次:·17/·20 || cls:0.657 || im:-0.574 || 耗时：16.12s\n"}
,{"stream_name":"stdout","time":12081.89070407,"data":"SHOT pseudo-labels: model 37.07% -\u003e centroid 51.42%\n"}
,{"stream_name":"stdout","time":12094.737812623,"data":"轮次:·18/·20 || cls:0.737 || im:-0.620 || 耗时：16.18s\n"}
,{"stream_name":"stdout","time":12098.029638652,"data":"SHOT pseudo-labels: model 36.55% -\u003e centroid 43.57%\n"}
,{"stream_name":"stdout","time":12110.826319455,"data":"轮次:·19/·20 || cls:0.812 || im:-0.660 || 耗时：16.09s\n"}
,{"stream_name":"stdout","time":12114.124663198,"data":"SHOT pseudo-labels: model 36.07% -\u003e centroid 50.92%\n"}
,{"stream_name":"stdout","time":12126.874674905,"data":"轮次:·20/·20 || cls:0.680 || im:-0.590 || 耗时：16.05s\n"}
,{"stream_name":"stdout","time":12132.826979922,"data":"测试集任务: (B2)N15_M07_F10→(B1)N15_M01_F10; 总正确率 = 34.60%\n"}
,{"stream_name":"stdout","time":12132.827016224,"data":"类型1 正确率：  28.00% -\u003e 1   27.65%, 2   68.10%, 3    4.25%\n"}
,{"stream_name":"stdout","time":12132.827036359,"data":"类型2 正确率：  34.00% -\u003e 1   24.05%, 2   34.15%, 3   41.80%\n"}
,{"stream_name":"stdout","time":12132.827042261,"data":"类型3 正确率：  42.00% -\u003e 1   55.75%, 2    2.25%, 3   42.00%\n"}
,{"stream_name":"stdout","time":12132.827047686,"data":"\n"}
,{"stream_name":"stdout","time":12132.827053013,"data":"\n"}
,{"stream_name":"stdout","time":12132.848130924,"data":"[tar_adaptation_RES_PU.py --folder_root /kaggle/working/shot_k10/S05/sdalr_PU_shot/DATA_foldS05c --seed 2024 --class_num 3 --data_name PU_M1_L3 --output /kaggle/working/shot_k10/S05/weight_PU_M1_shot_FS05toS05c_s2024 --s 1 --t 0 --lr 0.0005 --threshold 0.4 --K 0.6] 339s\n"}
,{"stream_name":"stdout","time":12132.883295163,"data":"读取源域路径：/kaggle/working/shot_k10/S05/weight_PU_M1_shot_FS05toS05c_s2024/NEW_PU/Source-源域/log\u0026pt/(B2)N15_M07_F10\n"}
,{"stream_name":"stdout","time":12132.883319478,"data":"excel输出位置：/kaggle/working/shot_k10/S05/weight_PU_M1_shot_FS05toS05c_s2024/NEW_PU/Target-目标域\n"}
,{"stream_name":"stdout","time":12132.883325661,"data":"特征图片输出位置：/kaggle/working/shot_k10/S05/weight_PU_M1_shot_FS05toS05c_s2024/NEW_PU/Picture-特征图/2026年09月22日02时53分/(B2)N15_M07_F10\n"}
,{"stream_name":"stderr","time":12132.917711242,"data":"/usr/local/lib/python3.12/dist-packages/torch/nn/utils/weight_norm.py:144: FutureWarning: `torch.nn.utils.weight_norm` is deprecated in favor of `torch.nn.utils.parametrizations.weight_norm`.\n"}
,{"stream_name":"stderr","time":12132.917734624,"data":"  WeightNorm.apply(module, name, dim)\n"}
,{"stream_name":"stdout","time":12132.956013869,"data":"现在选取:(B2)N15_M07_F10 进行训练的源模型\n"}
,{"stream_name":"stdout","time":12132.956040252,"data":"现在进行：(B2)N15_M07_F10→(B3)N15_M07_F04 的迁移任务\n"}
,{"stream_name":"stdout","time":12132.956046469,"data":"log\u0026pt输出位置：/kaggle/working/shot_k10/S05/weight_PU_M1_shot_FS05toS05c_s2024/NEW_PU/Target-目标域/log\u0026pt/(B2)N15_M07_F10→(B3)N15_M07_F04\n"}
,{"stream_name":"stderr","time":12132.957490899,"data":"sh: 1: Syntax error: word unexpected (expecting \")\")\n"}
,{"stream_name":"stdout","time":12144.013441084,"data":"任务: (B2)N15_M07_F10→(B3)N15_M07_F04; 批次:····0/·1880;  总正确率: 47.33%\n"}
,{"stream_name":"stdout","time":12144.013505797,"data":"类型1 正确率：  90.00% -\u003e 1   90.40%, 2    3.00%, 3    6.60%\n"}
,{"stream_name":"stdout","time":12144.013514354,"data":"类型2 正确率：   5.00% -\u003e 1    0.00%, 2    5.35%, 3   94.65%\n"}
,{"stream_name":"stdout","time":12144.013519704,"data":"类型3 正确率：  46.00% -\u003e 1    0.00%, 2   53.75%, 3   46.25%\n"}
,{"stream_name":"stdout","time":12144.01352501,"data":"\n"}
,{"stream_name":"stdout","time":12144.013529618,"data":"\n"}
,{"stream_name":"stdout","time":12147.267710587,"data":"SHOT pseudo-labels: model 47.33% -\u003e centroid 46.45%\n"}
,{"stream_name":"stdout","time":12160.170003303,"data":"轮次:··1/·20 || cls:1.750 || im:-0.851 || 耗时：22.07s\n"}
,{"stream_name":"stdout","time":12163.516998856,"data":"SHOT pseudo-labels: model 51.60% -\u003e centroid 43.90%\n"}
,{"stream_name":"stdout","time":12176.683529702,"data":"轮次:··2/·20 || cls:1.356 || im:-0.816 || 耗时：16.51s\n"}
,{"stream_name":"stdout","time":12179.969620818,"data":"SHOT pseudo-labels: model 45.80% -\u003e centroid 46.07%\n"}
,{"stream_name":"stdout","time":12192.707722541,"data":"轮次:··3/·20 || cls:1.012 || im:-0.749 || 耗时：16.02s\n"}
,{"stream_name":"stdout","time":12195.960693438,"data":"SHOT pseudo-labels: model 39.67% -\u003e centroid 38.42%\n"}
,{"stream_name":"stdout","time":12208.605094676,"data":"轮次:··4/·20 || cls:1.080 || im:-0.725 || 耗时：15.90s\n"}
,{"stream_name":"stdout","time":12211.866662786,"data":"SHOT pseudo-labels: model 38.08% -\u003e centroid 38.70%\n"}
,{"stream_name":"stdout","time":12224.570327925,"data":"轮次:··5/·20 || cls:0.734 || im:-0.637 || 耗时：15.97s\n"}
,{"stream_name":"stdout","time":12227.879681722,"data":"SHOT pseudo-labels: model 40.23% -\u003e centroid 40.70%\n"}
,{"stream_name":"stdout","time":12240.739161658,"data":"轮次:··6/·20 || cls:0.736 || im:-0.635 || 耗时：16.17s\n"}
,{"stream_name":"stdout","time":12244.066664429,"data":"SHOT pseudo-labels: model 36.95% -\u003e centroid 38.93%\n"}
,{"stream_name":"stdout","time":12256.912091954,"data":"轮次:··7/·20 || cls:0.612 || im:-0.602 || 耗时：16.17s\n"}
,{"stream_name":"stdout","time":12260.189622967,"data":"SHOT pseudo-labels: model 39.12% -\u003e centroid 44.08%\n"}
,{"stream_name":"stdout","time":12272.940925546,"data":"轮次:··8/·20 || cls:0.790 || im:-0.602 || 耗时：16.03s\n"}
,{"stream_name":"stdout","time":12276.216314792,"data":"SHOT pseudo-labels: model 38.60% -\u003e centroid 43.93%\n"}
,{"stream_name":"stdout","time":12288.957267067,"data":"轮次:··9/·20 || cls:0.654 || im:-0.585 || 耗时：16.02s\n"}
,{"stream_name":"stdout","time":12292.248706623,"data":"SHOT pseudo-labels: model 39.22% -\u003e centroid 46.07%\n"}
,{"stream_name":"stdout","time":12305.047190791,"data":"轮次:·10/·20 || cls:0.558 || im:-0.533 || 耗时：16.09s\n"}
,{"stream_name":"stdout","time":12308.331653867,"data":"SHOT pseudo-labels: model 38.53% -\u003e centroid 46.83%\n"}
,{"stream_name":"stdout","time":12321.166106587,"data":"轮次:·11/·20 || cls:0.618 || im:-0.513 || 耗时：16.12s\n"}
,{"stream_name":"stdout","time":12324.466707941,"data":"SHOT pseudo-labels: model 39.55% -\u003e centroid 47.88%\n"}
,{"stream_name":"stdout","time":12337.313681753,"data":"轮次:·12/·20 || cls:0.580 || im:-0.578 || 耗时：16.15s\n"}
,{"stream_name":"stdout","time":12340.609653905,"data":"SHOT pseudo-labels: model 37.90% -\u003e centroid 47.20%\n"}
,{"stream_name":"stdout","time":12353.43325459,"data":"轮次:·13/·20 || cls:0.684 || im:-0.571 || 耗时：16.12s\n"}
,{"stream_name":"stdout","time":12356.736673561,"data":"SHOT pseudo-labels: model 42.32% -\u003e centroid 49.35%\n"}
,{"stream_name":"stdout","time":12369.517404223,"data":"轮次:·14/·20 || cls:0.739 || im:-0.557 || 耗时：16.08s\n"}
,{"stream_name":"stdout","time":12372.817625577,"data":"SHOT pseudo-labels: model 42.07% -\u003e centroid 49.52%\n"}
,{"stream_name":"stdout","time":12385.595186451,"data":"轮次:·15/·20 || cls:0.610 || im:-0.660 || 耗时：16.08s\n"}
,{"stream_name":"stdout","time":12388.877672361,"data":"SHOT pseudo-labels: model 40.75% -\u003e centroid 49.55%\n"}
,{"stream_name":"stdout","time":12401.622233437,"data":"轮次:·16/·20 || cls:0.733 || im:-0.579 || 耗时：16.03s\n"}
,{"stream_name":"stdout","time":12404.912661565,"data":"SHOT pseudo-labels: model 40.38% -\u003e centroid 49.70%\n"}
,{"stream_name":"stdout","time":12417.666379839,"data":"轮次:·17/·20 || cls:0.814 || im:-0.620 || 耗时：16.04s\n"}
,{"stream_name":"stdout","time":12420.971729184,"data":"SHOT pseudo-labels: model 42.07% -\u003e centroid 49.63%\n"}
,{"stream_name":"stdout","time":12433.720302637,"data":"轮次:·18/·20 || cls:0.674 || im:-0.603 || 耗时：16.05s\n"}
,{"stream_name":"stdout","time":12437.001691037,"data":"SHOT pseudo-labels: model 43.33% -\u003e centroid 49.70%\n"}
,{"stream_name":"stdout","time":12449.756318034,"data":"轮次:·19/·20 || cls:0.708 || im:-0.584 || 耗时：16.04s\n"}
,{"stream_name":"stdout","time":12453.054650365,"data":"SHOT pseudo-labels: model 40.60% -\u003e centroid 48.92%\n"}
,{"stream_name":"stdout","time":12465.83169737,"data":"轮次:·20/·20 || cls:0.643 || im:-0.600 || 耗时：16.08s\n"}
,{"stream_name":"stdout","time":12471.793120261,"data":"测试集任务: (B2)N15_M07_F10→(B3)N15_M07_F04; 总正确率 = 41.77%\n"}
,{"stream_name":"stdout","time":12471.793176604,"data":"类型1 正确率：  57.00% -\u003e 1   56.60%, 2   31.00%, 3   12.40%\n"}
,{"stream_name":"stdout","time":12471.793184539,"data":"类型2 正确率：  41.00% -\u003e 1    9.55%, 2   40.75%, 3   49.70%\n"}
,{"stream_name":"stdout","time":12471.793190118,"data":"类型3 正确率：  28.00% -\u003e 1   48.00%, 2   24.05%, 3   27.95%\n"}
,{"stream_name":"stdout","time":12471.79319536,"data":"\n"}
,{"stream_name":"stdout","time":12471.793199554,"data":"\n"}
,{"stream_name":"stdout","time":12471.816189237,"data":"[tar_adaptation_RES_PU.py --folder_root /kaggle/working/shot_k10/S05/sdalr_PU_shot/DATA_foldS05c --seed 2024 --class_num 3 --data_name PU_M1_L3 --output /kaggle/working/shot_k10/S05/weight_PU_M1_shot_FS05toS05c_s2024 --s 1 --t 2 --lr 0.0005 --threshold 0.4 --K 0.6] 339s\n"}
,{"stream_name":"stdout","time":12471.844711233,"data":"读取源域路径：/kaggle/working/shot_k10/S05/weight_PU_M1_shot_FS05toS05c_s2024/NEW_PU/Source-源域/log\u0026pt/(B3)N15_M07_F04\n"}
,{"stream_name":"stdout","time":12471.844740075,"data":"excel输出位置：/kaggle/working/shot_k10/S05/weight_PU_M1_shot_FS05toS05c_s2024/NEW_PU/Target-目标域\n"}
,{"stream_name":"stdout","time":12471.844746539,"data":"特征图片输出位置：/kaggle/working/shot_k10/S05/weight_PU_M1_shot_FS05toS05c_s2024/NEW_PU/Picture-特征图/2026年09月22日02时58分/(B3)N15_M07_F04\n"}
,{"stream_name":"stderr","time":12471.879299303,"data":"/usr/local/lib/python3.12/dist-packages/torch/nn/utils/weight_norm.py:144: FutureWarning: `torch.nn.utils.weight_norm` is deprecated in favor of `torch.nn.utils.parametrizations.weight_norm`.\n"}
,{"stream_name":"stderr","time":12471.879354291,"data":"  WeightNorm.apply(module, name, dim)\n"}
,{"stream_name":"stdout","time":12471.92325281,"data":"现在选取:(B3)N15_M07_F04 进行训练的源模型\n"}
,{"stream_name":"stdout","time":12471.923289814,"data":"现在进行：(B3)N15_M07_F04→(B1)N15_M01_F10 的迁移任务\n"}
,{"stream_name":"stdout","time":12471.923294327,"data":"log\u0026pt输出位置：/kaggle/working/shot_k10/S05/weight_PU_M1_shot_FS05toS05c_s2024/NEW_PU/Target-目标域/log\u0026pt/(B3)N15_M07_F04→(B1)N15_M01_F10\n"}
,{"stream_name":"stderr","time":12471.924514181,"data":"sh: 1: Syntax error: word unexpected (expecting \")\")\n"}
,{"stream_name":"stdout","time":12483.076958354,"data":"任务: (B3)N15_M07_F04→(B1)N15_M01_F10; 批次:····0/·1880;  总正确率: 24.02%\n"}
,{"stream_name":"stdout","time":12483.077010752,"data":"类型1 正确率：  43.00% -\u003e 1   43.20%, 2   12.00%, 3   44.80%\n"}
,{"stream_name":"stdout","time":12483.077017857,"data":"类型2 正确率：  27.00% -\u003e 1    0.00%, 2   26.75%, 3   73.25%\n"}
,{"stream_name":"stdout","time":12483.077023564,"data":"类型3 正确率：   2.00% -\u003e 1    0.00%, 2   97.90%, 3    2.10%\n"}
,{"stream_name":"stdout","time":12483.077029049,"data":"\n"}
,{"stream_name":"stdout","time":12483.077033986,"data":"\n"}
,{"stream_name":"stdout","time":12486.342641838,"data":"SHOT pseudo-labels: model 24.02% -\u003e centroid 27.72%\n"}
,{"stream_name":"stdout","time":12499.353458266,"data":"轮次:··1/·20 || cls:1.456 || im:-0.824 || 耗时：22.24s\n"}
,{"stream_name":"stdout","time":12502.74768866,"data":"SHOT pseudo-labels: model 49.18% -\u003e centroid 37.78%\n"}
,{"stream_name":"stdout","time":12515.888674327,"data":"轮次:··2/·20 || cls:1.425 || im:-0.719 || 耗时：16.54s\n"}
,{"stream_name":"stdout","time":12519.185639381,"data":"SHOT pseudo-labels: model 46.73% -\u003e centroid 34.23%\n"}
,{"stream_name":"stdout","time":12531.85918265,"data":"轮次:··3/·20 || cls:0.707 || im:-0.706 || 耗时：15.97s\n"}
,{"stream_name":"stdout","time":12535.105685451,"data":"SHOT pseudo-labels: model 41.82% -\u003e centroid 50.47%\n"}
,{"stream_name":"stdout","time":12547.729841548,"data":"轮次:··4/·20 || cls:0.771 || im:-0.626 || 耗时：15.87s\n"}
,{"stream_name":"stdout","time":12550.994638396,"data":"SHOT pseudo-labels: model 41.65% -\u003e centroid 59.57%\n"}
,{"stream_name":"stdout","time":12563.746042161,"data":"轮次:··5/·20 || cls:0.657 || im:-0.561 || 耗时：16.02s\n"}
,{"stream_name":"stdout","time":12567.053593205,"data":"SHOT pseudo-labels: model 44.65% -\u003e centroid 61.13%\n"}
,{"stream_name":"stdout","time":12579.908361042,"data":"轮次:··6/·20 || cls:0.576 || im:-0.549 || 耗时：16.16s\n"}
,{"stream_name":"stdout","time":12583.236644636,"data":"SHOT pseudo-labels: model 42.03% -\u003e centroid 57.25%\n"}
,{"stream_name":"stdout","time":12596.055364552,"data":"轮次:··7/·20 || cls:0.666 || im:-0.615 || 耗时：16.15s\n"}
,{"stream_name":"stdout","time":12599.365652603,"data":"SHOT pseudo-labels: model 43.33% -\u003e centroid 54.42%\n"}
,{"stream_name":"stdout","time":12612.143627683,"data":"轮次:··8/·20 || cls:0.546 || im:-0.571 || 耗时：16.09s\n"}
,{"stream_name":"stdout","time":12615.432727292,"data":"SHOT pseudo-labels: model 46.40% -\u003e centroid 53.93%\n"}
,{"stream_name":"stdout","time":12628.191945909,"data":"轮次:··9/·20 || cls:0.601 || im:-0.507 || 耗时：16.05s\n"}
,{"stream_name":"stdout","time":12631.483717462,"data":"SHOT pseudo-labels: model 50.27% -\u003e centroid 53.22%\n"}
,{"stream_name":"stdout","time":12644.232870701,"data":"轮次:·10/·20 || cls:0.721 || im:-0.620 || 耗时：16.04s\n"}
,{"stream_name":"stdout","time":12647.518697948,"data":"SHOT pseudo-labels: model 51.15% -\u003e centroid 52.33%\n"}
,{"stream_name":"stdout","time":12660.272741094,"data":"轮次:·11/·20 || cls:0.752 || im:-0.578 || 耗时：16.04s\n"}
,{"stream_name":"stdout","time":12663.58163408,"data":"SHOT pseudo-labels: model 47.38% -\u003e centroid 50.55%\n"}
,{"stream_name":"stdout","time":12676.322334804,"data":"轮次:·12/·20 || cls:0.700 || im:-0.550 || 耗时：16.05s\n"}
,{"stream_name":"stdout","time":12679.609695184,"data":"SHOT pseudo-labels: model 47.32% -\u003e centroid 50.98%\n"}
,{"stream_name":"stdout","time":12692.361974542,"data":"轮次:·13/·20 || cls:0.627 || im:-0.662 || 耗时：16.04s\n"}
,{"stream_name":"stdout","time":12695.646727688,"data":"SHOT pseudo-labels: model 50.63% -\u003e centroid 50.18%\n"}
,{"stream_name":"stdout","time":12708.372804383,"data":"轮次:·14/·20 || cls:0.707 || im:-0.545 || 耗时：16.01s\n"}
,{"stream_name":"stdout","time":12711.666664802,"data":"SHOT pseudo-labels: model 49.85% -\u003e centroid 49.98%\n"}
,{"stream_name":"stdout","time":12724.41086949,"data":"轮次:·15/·20 || cls:0.697 || im:-0.578 || 耗时：16.04s\n"}
,{"stream_name":"stdout","time":12727.702643898,"data":"SHOT pseudo-labels: model 50.20% -\u003e centroid 48.38%\n"}
,{"stream_name":"stdout","time":12740.478928958,"data":"轮次:·16/·20 || cls:0.506 || im:-0.543 || 耗时：16.07s\n"}
,{"stream_name":"stdout","time":12743.753635331,"data":"SHOT pseudo-labels: model 49.75% -\u003e centroid 48.92%\n"}
,{"stream_name":"stdout","time":12756.536135789,"data":"轮次:·17/·20 || cls:0.687 || im:-0.565 || 耗时：16.06s\n"}
,{"stream_name":"stdout","time":12759.806717769,"data":"SHOT pseudo-labels: model 50.30% -\u003e centroid 47.32%\n"}
,{"stream_name":"stdout","time":12772.613066202,"data":"轮次:·18/·20 || cls:0.854 || im:-0.644 || 耗时：16.08s\n"}
,{"stream_name":"stdout","time":12775.891678995,"data":"SHOT pseudo-labels: model 51.82% -\u003e centroid 48.18%\n"}
,{"stream_name":"stdout","time":12788.65638624,"data":"轮次:·19/·20 || cls:0.698 || im:-0.636 || 耗时：16.04s\n"}
,{"stream_name":"stdout","time":12791.935646899,"data":"SHOT pseudo-labels: model 51.92% -\u003e centroid 48.00%\n"}
,{"stream_name":"stdout","time":12804.718783823,"data":"轮次:·20/·20 || cls:0.489 || im:-0.592 || 耗时：16.06s\n"}
,{"stream_name":"stdout","time":12810.695975434,"data":"测试集任务: (B3)N15_M07_F04→(B1)N15_M01_F10; 总正确率 = 51.03%\n"}
,{"stream_name":"stdout","time":12810.69601195,"data":"类型1 正确率：  32.00% -\u003e 1   32.45%, 2   59.75%, 3    7.80%\n"}
,{"stream_name":"stdout","time":12810.696018758,"data":"类型2 正确率：  38.00% -\u003e 1   51.15%, 2   38.10%, 3   10.75%\n"}
,{"stream_name":"stdout","time":12810.696024202,"data":"类型3 正确率：  83.00% -\u003e 1   13.80%, 2    3.65%, 3   82.55%\n"}
,{"stream_name":"stdout","time":12810.696029715,"data":"\n"}
,{"stream_name":"stdout","time":12810.696034578,"data":"\n"}
,{"stream_name":"stdout","time":12810.716515534,"data":"[tar_adaptation_RES_PU.py --folder_root /kaggle/working/shot_k10/S05/sdalr_PU_shot/DATA_foldS05c --seed 2024 --class_num 3 --data_name PU_M1_L3 --output /kaggle/working/shot_k10/S05/weight_PU_M1_shot_FS05toS05c_s2024 --s 2 --t 0 --lr 0.0005 --threshold 0.4 --K 0.6] 339s\n"}
,{"stream_name":"stdout","time":12810.746595457,"data":"读取源域路径：/kaggle/working/shot_k10/S05/weight_PU_M1_shot_FS05toS05c_s2024/NEW_PU/Source-源域/log\u0026pt/(B3)N15_M07_F04\n"}
,{"stream_name":"stdout","time":12810.746620985,"data":"excel输出位置：/kaggle/working/shot_k10/S05/weight_PU_M1_shot_FS05toS05c_s2024/NEW_PU/Target-目标域\n"}
,{"stream_name":"stdout","time":12810.746640509,"data":"特征图片输出位置：/kaggle/working/shot_k10/S05/weight_PU_M1_shot_FS05toS05c_s2024/NEW_PU/Picture-特征图/2026年09月22日03时04分/(B3)N15_M07_F04\n"}
,{"stream_name":"stderr","time":12810.780860702,"data":"/usr/local/lib/python3.12/dist-packages/torch/nn/utils/weight_norm.py:144: FutureWarning: `torch.nn.utils.weight_norm` is deprecated in favor of `torch.nn.utils.parametrizations.weight_norm`.\n"}
,{"stream_name":"stderr","time":12810.780897028,"data":"  WeightNorm.apply(module, name, dim)\n"}
,{"stream_name":"stdout","time":12810.822947564,"data":"现在选取:(B3)N15_M07_F04 进行训练的源模型\n"}
,{"stream_name":"stdout","time":12810.822983063,"data":"现在进行：(B3)N15_M07_F04→(B2)N15_M07_F10 的迁移任务\n"}
,{"stream_name":"stdout","time":12810.823017258,"data":"log\u0026pt输出位置：/kaggle/working/shot_k10/S05/weight_PU_M1_shot_FS05toS05c_s2024/NEW_PU/Target-目标域/log\u0026pt/(B3)N15_M07_F04→(B2)N15_M07_F10\n"}
,{"stream_name":"stderr","time":12810.824267724,"data":"sh: 1: Syntax error: word unexpected (expecting \")\")\n"}
,{"stream_name":"stdout","time":12821.969763429,"data":"任务: (B3)N15_M07_F04→(B2)N15_M07_F10; 批次:····0/·1880;  总正确率: 20.15%\n"}
,{"stream_name":"stdout","time":12821.969808263,"data":"类型1 正确率：  40.00% -\u003e 1   39.80%, 2   21.15%, 3   39.05%\n"}
,{"stream_name":"stdout","time":12821.969814016,"data":"类型2 正确率：  19.00% -\u003e 1    0.00%, 2   18.90%, 3   81.10%\n"}
,{"stream_name":"stdout","time":12821.969835156,"data":"类型3 正确率：   2.00% -\u003e 1    0.00%, 2   98.25%, 3    1.75%\n"}
,{"stream_name":"stdout","time":12821.969839314,"data":"\n"}
,{"stream_name":"stdout","time":12821.96984221,"data":"\n"}
,{"stream_name":"stdout","time":12825.25365439,"data":"SHOT pseudo-labels: model 20.15% -\u003e centroid 23.38%\n"}
,{"stream_name":"stdout","time":12838.239679918,"data":"轮次:··1/·20 || cls:1.456 || im:-0.754 || 耗时：22.22s\n"}
,{"stream_name":"stdout","time":12841.641688485,"data":"SHOT pseudo-labels: model 45.93% -\u003e centroid 37.88%\n"}
,{"stream_name":"stdout","time":12854.73542826,"data":"轮次:··2/·20 || cls:1.163 || im:-0.770 || 耗时：16.50s\n"}
,{"stream_name":"stdout","time":12858.034702687,"data":"SHOT pseudo-labels: model 46.10% -\u003e centroid 44.70%\n"}
,{"stream_name":"stdout","time":12870.732652838,"data":"轮次:··3/·20 || cls:0.777 || im:-0.555 || 耗时：16.00s\n"}
,{"stream_name":"stdout","time":12874.01060315,"data":"SHOT pseudo-labels: model 44.67% -\u003e centroid 49.60%\n"}
,{"stream_name":"stdout","time":12886.657812945,"data":"轮次:··4/·20 || cls:0.842 || im:-0.611 || 耗时：15.93s\n"}
,{"stream_name":"stdout","time":12889.931746979,"data":"SHOT pseudo-labels: model 41.22% -\u003e centroid 53.12%\n"}
,{"stream_name":"stdout","time":12902.654994139,"data":"轮次:··5/·20 || cls:0.698 || im:-0.597 || 耗时：16.00s\n"}
,{"stream_name":"stdout","time":12905.937640098,"data":"SHOT pseudo-labels: model 39.37% -\u003e centroid 42.28%\n"}
,{"stream_name":"stdout","time":12918.787669131,"data":"轮次:··6/·20 || cls:0.643 || im:-0.551 || 耗时：16.13s\n"}
,{"stream_name":"stdout","time":12922.114667943,"data":"SHOT pseudo-labels: model 39.47% -\u003e centroid 40.97%\n"}
,{"stream_name":"stdout","time":12934.950631362,"data":"轮次:··7/·20 || cls:0.659 || im:-0.506 || 耗时：16.16s\n"}
,{"stream_name":"stdout","time":12938.256716345,"data":"SHOT pseudo-labels: model 38.47% -\u003e centroid 41.63%\n"}
,{"stream_name":"stdout","time":12951.037159578,"data":"轮次:··8/·20 || cls:0.728 || im:-0.620 || 耗时：16.09s\n"}
,{"stream_name":"stdout","time":12954.340601931,"data":"SHOT pseudo-labels: model 39.43% -\u003e centroid 47.40%\n"}
,{"stream_name":"stdout","time":12967.10160985,"data":"轮次:··9/·20 || cls:0.507 || im:-0.532 || 耗时：16.06s\n"}
,{"stream_name":"stdout","time":12970.383683951,"data":"SHOT pseudo-labels: model 38.93% -\u003e centroid 45.12%\n"}
,{"stream_name":"stdout","time":12983.136416659,"data":"轮次:·10/·20 || cls:0.655 || im:-0.569 || 耗时：16.03s\n"}
,{"stream_name":"stdout","time":12986.428584374,"data":"SHOT pseudo-labels: model 34.42% -\u003e centroid 38.63%\n"}
,{"stream_name":"stdout","time":12999.203704679,"data":"轮次:·11/·20 || cls:0.648 || im:-0.519 || 耗时：16.07s\n"}
,{"stream_name":"stdout","time":13002.504610719,"data":"SHOT pseudo-labels: model 33.83% -\u003e centroid 36.85%\n"}
,{"stream_name":"stdout","time":13015.275413125,"data":"轮次:·12/·20 || cls:0.506 || im:-0.524 || 耗时：16.07s\n"}
,{"stream_name":"stdout","time":13018.572676642,"data":"SHOT pseudo-labels: model 35.85% -\u003e centroid 42.02%\n"}
,{"stream_name":"stdout","time":13031.330552402,"data":"轮次:·13/·20 || cls:0.656 || im:-0.570 || 耗时：16.06s\n"}
,{"stream_name":"stdout","time":13034.620661531,"data":"SHOT pseudo-labels: model 38.35% -\u003e centroid 47.20%\n"}
,{"stream_name":"stdout","time":13047.38608079,"data":"轮次:·14/·20 || cls:0.588 || im:-0.472 || 耗时：16.06s\n"}
,{"stream_name":"stdout","time":13050.679122475,"data":"SHOT pseudo-labels: model 37.03% -\u003e centroid 44.85%\n"}
,{"stream_name":"stdout","time":13063.448157006,"data":"轮次:·15/·20 || cls:0.640 || im:-0.600 || 耗时：16.06s\n"}
,{"stream_name":"stdout","time":13066.752643021,"data":"SHOT pseudo-labels: model 35.80% -\u003e centroid 44.13%\n"}
,{"stream_name":"stdout","time":13079.52435352,"data":"轮次:·16/·20 || cls:0.641 || im:-0.589 || 耗时：16.08s\n"}
,{"stream_name":"stdout","time":13082.834705098,"data":"SHOT pseudo-labels: model 33.67% -\u003e centroid 41.33%\n"}
,{"stream_name":"stdout","time":13095.631783817,"data":"轮次:·17/·20 || cls:0.668 || im:-0.571 || 耗时：16.11s\n"}
,{"stream_name":"stdout","time":13098.920655256,"data":"SHOT pseudo-labels: model 34.22% -\u003e centroid 41.80%\n"}
,{"stream_name":"stdout","time":13111.723835008,"data":"轮次:·18/·20 || cls:0.672 || im:-0.487 || 耗时：16.09s\n"}
,{"stream_name":"stdout","time":13115.032672676,"data":"SHOT pseudo-labels: model 32.90% -\u003e centroid 42.80%\n"}
,{"stream_name":"stdout","time":13127.826120637,"data":"轮次:·19/·20 || cls:0.635 || im:-0.530 || 耗时：16.10s\n"}
,{"stream_name":"stdout","time":13131.132630495,"data":"SHOT pseudo-labels: model 32.20% -\u003e centroid 43.65%\n"}
,{"stream_name":"stdout","time":13143.90173583,"data":"轮次:·20/·20 || cls:0.697 || im:-0.575 || 耗时：16.08s\n"}
,{"stream_name":"stdout","time":13149.875599529,"data":"测试集任务: (B3)N15_M07_F04→(B2)N15_M07_F10; 总正确率 = 30.12%\n"}
,{"stream_name":"stdout","time":13149.875640807,"data":"类型1 正确率：  16.00% -\u003e 1   15.80%, 2   68.35%, 3   15.85%\n"}
,{"stream_name":"stdout","time":13149.875646111,"data":"类型2 正确率：  24.00% -\u003e 1   36.15%, 2   24.40%, 3   39.45%\n"}
,{"stream_name":"stdout","time":13149.875649808,"data":"类型3 正确率：  50.00% -\u003e 1   47.00%, 2    2.85%, 3   50.15%\n"}
,{"stream_name":"stdout","time":13149.875653188,"data":"\n"}
,{"stream_name":"stdout","time":13149.875656225,"data":"\n"}
,{"stream_name":"stdout","time":13149.897705326,"data":"[tar_adaptation_RES_PU.py --folder_root /kaggle/working/shot_k10/S05/sdalr_PU_shot/DATA_foldS05c --seed 2024 --class_num 3 --data_name PU_M1_L3 --output /kaggle/working/shot_k10/S05/weight_PU_M1_shot_FS05toS05c_s2024 --s 2 --t 1 --lr 0.0005 --threshold 0.4 --K 0.6] 339s\n"}
,{"stream_name":"stdout","time":13149.915034509,"data":"{\n"}
,{"stream_name":"stdout","time":13149.915053658,"data":"  \"dataset\": \"PU_M1\",\n"}
,{"stream_name":"stdout","time":13149.915059483,"data":"  \"variant\": \"shot\",\n"}
,{"stream_name":"stdout","time":13149.915064654,"data":"  \"seed\": 2024,\n"}
,{"stream_name":"stdout","time":13149.915070081,"data":"  \"smoke\": false,\n"}
,{"stream_name":"stdout","time":13149.915075043,"data":"  \"src_fold\": \"S05\",\n"}
,{"stream_name":"stdout","time":13149.915080219,"data":"  \"tgt_fold\": \"S05c\",\n"}
,{"stream_name":"stdout","time":13149.915085179,"data":"  \"leaky\": false,\n"}
,{"stream_name":"stdout","time":13149.915090217,"data":"  \"hyperparameters\": {\n"}
,{"stream_name":"stdout","time":13149.915111953,"data":"    \"lr\": \"0.0005\",\n"}
,{"stream_name":"stdout","time":13149.915116762,"data":"    \"threshold\": \"0.4\",\n"}
,{"stream_name":"stdout","time":13149.91512529,"data":"    \"K\": \"0.6\"\n"}
,{"stream_name":"stdout","time":13149.915129137,"data":"  },\n"}
,{"stream_name":"stdout","time":13149.915132241,"data":"  \"adapters\": [\n"}
,{"stream_name":"stdout","time":13149.91513558,"data":"    \"npz_io\",\n"}
,{"stream_name":"stdout","time":13149.915138751,"data":"    \"tsne_stub\",\n"}
,{"stream_name":"stdout","time":13149.915142543,"data":"    \"shot_patch\"\n"}
,{"stream_name":"stdout","time":13149.915145804,"data":"  ],\n"}
,{"stream_name":"stdout","time":13149.915148926,"data":"  \"source_only\": {},\n"}
,{"stream_name":"stdout","time":13149.915160302,"data":"  \"adapted\": {\n"}
,{"stream_name":"stdout","time":13149.915163003,"data":"    \"A1-\u003eA3\": 12.07,\n"}
,{"stream_name":"stdout","time":13149.91516578,"data":"    \"A1-\u003eA2\": 48.32,\n"}
,{"stream_name":"stdout","time":13149.915168251,"data":"    \"A3-\u003eA1\": 34.6,\n"}
,{"stream_name":"stdout","time":13149.915170823,"data":"    \"A3-\u003eA2\": 41.77,\n"}
,{"stream_name":"stdout","time":13149.915173313,"data":"    \"A2-\u003eA1\": 51.03,\n"}
,{"stream_name":"stdout","time":13149.91517571,"data":"    \"A2-\u003eA3\": 30.12\n"}
,{"stream_name":"stdout","time":13149.915178137,"data":"  },\n"}
,{"stream_name":"stdout","time":13149.915180497,"data":"  \"seconds\": {\n"}
,{"stream_name":"stdout","time":13149.915182867,"data":"    \"A1-\u003eA3\": 341,\n"}
,{"stream_name":"stdout","time":13149.915185272,"data":"    \"A1-\u003eA2\": 339,\n"}
,{"stream_name":"stdout","time":13149.915187721,"data":"    \"A3-\u003eA1\": 339,\n"}
,{"stream_name":"stdout","time":13149.915190127,"data":"    \"A3-\u003eA2\": 339,\n"}
,{"stream_name":"stdout","time":13149.915192502,"data":"    \"A2-\u003eA1\": 339,\n"}
,{"stream_name":"stdout","time":13149.915194951,"data":"    \"A2-\u003eA3\": 339\n"}
,{"stream_name":"stdout","time":13149.91519739,"data":"  },\n"}
,{"stream_name":"stdout","time":13149.915199685,"data":"  \"gate_log\": {\n"}
,{"stream_name":"stdout","time":13149.915202055,"data":"    \"A1-\u003eA3\": [],\n"}
,{"stream_name":"stdout","time":13149.915204422,"data":"    \"A1-\u003eA2\": [],\n"}
,{"stream_name":"stdout","time":13149.915206785,"data":"    \"A3-\u003eA1\": [],\n"}
,{"stream_name":"stdout","time":13149.915209202,"data":"    \"A3-\u003eA2\": [],\n"}
,{"stream_name":"stdout","time":13149.915211579,"data":"    \"A2-\u003eA1\": [],\n"}
,{"stream_name":"stdout","time":13149.915213984,"data":"    \"A2-\u003eA3\": []\n"}
,{"stream_name":"stdout","time":13149.915216453,"data":"  },\n"}
,{"stream_name":"stdout","time":13149.915218821,"data":"  \"gate\": \"none\"\n"}
,{"stream_name":"stdout","time":13149.915221328,"data":"}\n"}
,{"stream_name":"stdout","time":13151.177682246,"data":"done [{\"split\": \"S03\", \"tgt\": \"S03\", \"rc\": 0, \"seconds\": 2333}, {\"split\": \"S03\", \"tgt\": \"S03c\", \"rc\": 0, \"seconds\": 2052}, {\"split\": \"S04\", \"tgt\": \"S04\", \"rc\": 0, \"seconds\": 2336}, {\"split\": \"S04\", \"tgt\": \"S04c\", \"rc\": 0, \"seconds\": 2047}, {\"split\": \"S05\", \"tgt\": \"S05\", \"rc\": 0, \"seconds\": 2334}, {\"split\": \"S05\", \"tgt\": \"S05c\", \"rc\": 0, \"seconds\": 2044}]\n"}
,{"stream_name":"stderr","time":13153.69164015,"data":"/usr/local/lib/python3.12/dist-packages/mistune.py:435: SyntaxWarning: invalid escape sequence '\\|'\n"}
,{"stream_name":"stderr","time":13153.691666126,"data":"  cells[i][c] = re.sub('\\\\\\\\\\|', '|', cell)\n"}
,{"stream_name":"stderr","time":13153.919220274,"data":"/usr/local/lib/python3.12/dist-packages/nbconvert/filters/filter_links.py:36: SyntaxWarning: invalid escape sequence '\\_'\n"}
,{"stream_name":"stderr","time":13153.919247443,"data":"  text = re.sub(r'_', '\\_', text) # Escape underscores in display text\n"}
,{"stream_name":"stderr","time":13154.555169381,"data":"[NbConvertApp] Converting notebook __script__.ipynb to html\n"}
,{"stream_name":"stderr","time":13155.354390111,"data":"[NbConvertApp] Writing 283794 bytes to __results__.html\n"}
]