[{"stream_name":"stdout","time":5.37375481,"data":"{'device': 'Tesla T4', 'capability': [7, 5], 'group': 'g1'}\n"}
,{"stream_name":"stdout","time":5.373850956,"data":"RUN /usr/bin/python3 -u /kaggle/input/datasets/rhrhrhrhrh/physgate-m0-code/sdalr_runner.py --sdalr /kaggle/input/datasets/rhrhrhrhrh/physgate-m0-code --m0 /kaggle/input/datasets/rhrhrhrhrh/physgate-k10-g1 --dataset PU_M1 --src-fold S00 --tgt-fold S00 --variant shot --work /kaggle/working/shot_k10/S00 --seed 2024\n"}
,{"stream_name":"stdout","time":18.934547254,"data":"\n"}
,{"stream_name":"stdout","time":18.934582076,"data":"\n"}
,{"stream_name":"stdout","time":18.934592845,"data":"现在开始拿源域训练集：(B1)N15_M01_F10 进行训练\n"}
,{"stream_name":"stdout","time":18.934596988,"data":"源域读取路径：/kaggle/working/shot_k10/S00/sdalr_PU_shot/DATA_foldS00/PU_M1_L3/N15_M01_F10_label.txt\n"}
,{"stream_name":"stdout","time":18.934600498000002,"data":"excel输出位置：/kaggle/working/shot_k10/S00/weight_src_PU_M1_FS00_s2024/NEW_PU/Source-源域\n"}
,{"stream_name":"stdout","time":18.934603792,"data":"log\u0026pt输出位置：/kaggle/working/shot_k10/S00/weight_src_PU_M1_FS00_s2024/NEW_PU/Source-源域/log\u0026pt/(B1)N15_M01_F10\n"}
,{"stream_name":"stdout","time":18.935101544,"data":"特征图片输出位置：/kaggle/working/shot_k10/S00/weight_src_PU_M1_FS00_s2024/NEW_PU/Picture-特征图/2026年09月21日20时06分/(B1)N15_M01_F10\n"}
,{"stream_name":"stderr","time":18.936475443,"data":"sh: 1: Syntax error: word unexpected (expecting \")\")\n"}
,{"stream_name":"stdout","time":18.937022987,"data":"源域训练开始\n"}
,{"stream_name":"stderr","time":20.993017978,"data":"/usr/local/lib/python3.12/dist-packages/torch/nn/utils/weight_norm.py:144: FutureWarning: `torch.nn.utils.weight_norm` is deprecated in favor of `torch.nn.utils.parametrizations.weight_norm`.\n"}
,{"stream_name":"stderr","time":20.993058262,"data":"  WeightNorm.apply(module, name, dim)\n"}
,{"stream_name":"stdout","time":29.835857006,"data":"轮次:··1/·10 || loss:0.156 || 耗时：8.79s\n"}
,{"stream_name":"stdout","time":37.820107464,"data":"轮次:··2/·10 || loss:0.024 || 耗时：7.93s\n"}
,{"stream_name":"stdout","time":45.84860572,"data":"轮次:··3/·10 || loss:0.019 || 耗时：7.97s\n"}
,{"stream_name":"stdout","time":53.995067436,"data":"轮次:··4/·10 || loss:0.015 || 耗时：8.09s\n"}
,{"stream_name":"stdout","time":62.30074429,"data":"轮次:··5/·10 || loss:0.017 || 耗时：8.25s\n"}
,{"stream_name":"stdout","time":62.907714032,"data":"任务: (B1)N15_M01_F10; mix批次:····0; 批次:··330/··660; 总正确率 = 99.11%\n"}
,{"stream_name":"stdout","time":62.907745159,"data":"类型1 正确率： 100.00% -\u003e 1  100.00%, 2    0.00%, 3    0.00%\n"}
,{"stream_name":"stdout","time":62.90775217,"data":"类型2 正确率：  97.00% -\u003e 1    0.00%, 2   97.34%, 3    2.66%\n"}
,{"stream_name":"stdout","time":62.907757075,"data":"类型3 正确率： 100.00% -\u003e 1    0.00%, 2    0.00%, 3  100.00%\n"}
,{"stream_name":"stdout","time":62.907762117,"data":"\n"}
,{"stream_name":"stdout","time":62.907766643,"data":"\n"}
,{"stream_name":"stdout","time":71.357959617,"data":"轮次:··6/·10 || loss:0.012 || 耗时：8.35s\n"}
,{"stream_name":"stdout","time":79.943414201,"data":"轮次:··7/·10 || loss:0.026 || 耗时：8.52s\n"}
,{"stream_name":"stdout","time":88.66531629,"data":"轮次:··8/·10 || loss:0.004 || 耗时：8.66s\n"}
,{"stream_name":"stdout","time":97.539712598,"data":"轮次:··9/·10 || loss:0.001 || 耗时：8.81s\n"}
,{"stream_name":"stdout","time":106.559281588,"data":"轮次:·10/·10 || loss:0.001 || 耗时：8.95s\n"}
,{"stream_name":"stdout","time":107.168740688,"data":"任务: (B1)N15_M01_F10; mix批次:····0; 批次:··660/··660; 总正确率 = 98.40%\n"}
,{"stream_name":"stdout","time":107.168795093,"data":"类型1 正确率： 100.00% -\u003e 1  100.00%, 2    0.00%, 3    0.00%\n"}
,{"stream_name":"stdout","time":107.168799772,"data":"类型2 正确率：  95.00% -\u003e 1    0.00%, 2   95.21%, 3    4.79%\n"}
,{"stream_name":"stdout","time":107.168802999,"data":"类型3 正确率： 100.00% -\u003e 1    0.00%, 2    0.00%, 3  100.00%\n"}
,{"stream_name":"stdout","time":107.168806196,"data":"\n"}
,{"stream_name":"stdout","time":107.168809141,"data":"\n"}
,{"stream_name":"stdout","time":108.42093831,"data":"测试集任务: (B1)N15_M01_F10; 总正确率 = 98.64%\n"}
,{"stream_name":"stdout","time":108.420970351,"data":"类型1 正确率： 100.00% -\u003e 1  100.00%, 2    0.00%, 3    0.00%\n"}
,{"stream_name":"stdout","time":108.420974968,"data":"类型2 正确率：  97.00% -\u003e 1    0.00%, 2   96.88%, 3    3.12%\n"}
,{"stream_name":"stdout","time":108.420978385,"data":"类型3 正确率：  99.00% -\u003e 1    0.00%, 2    0.96%, 3   99.04%\n"}
,{"stream_name":"stdout","time":108.420981551,"data":"\n"}
,{"stream_name":"stdout","time":108.420984466,"data":"\n"}
,{"stream_name":"stdout","time":108.435248762,"data":"源域训练结束\n"}
,{"stream_name":"stdout","time":108.435270509,"data":"\n"}
,{"stream_name":"stdout","time":108.435275192,"data":"训练好之后，测试目标域\n"}
,{"stream_name":"stdout","time":108.435283156,"data":"目标域路径：/kaggle/working/shot_k10/S00/sdalr_PU_shot/DATA_foldS00/PU_M1_L3/N15_M07_F10_label.txt\n"}
,{"stream_name":"stderr","time":108.806342011,"data":"/usr/local/lib/python3.12/dist-packages/torch/nn/utils/weight_norm.py:144: FutureWarning: `torch.nn.utils.weight_norm` is deprecated in favor of `torch.nn.utils.parametrizations.weight_norm`.\n"}
,{"stream_name":"stderr","time":108.806396756,"data":"  WeightNorm.apply(module, name, dim)\n"}
,{"stream_name":"stdout","time":110.050050574,"data":"测试目标数据集结果如下：\n"}
,{"stream_name":"stdout","time":110.05009974,"data":"任务: (B1)N15_M01_F10→(B2)N15_M07_F10, 正确率 = 99.10%\n"}
,{"stream_name":"stdout","time":110.050108039,"data":"类型1 正确率： 100.00% -\u003e 1  100.00%, 2    0.00%, 3    0.00%\n"}
,{"stream_name":"stdout","time":110.050112357,"data":"类型2 正确率：  99.00% -\u003e 1    0.26%, 2   99.49%, 3    0.26%\n"}
,{"stream_name":"stdout","time":110.050116057,"data":"类型3 正确率：  98.00% -\u003e 1    0.00%, 2    2.18%, 3   97.82%\n"}
,{"stream_name":"stdout","time":110.050120087,"data":"\n"}
,{"stream_name":"stdout","time":110.050336812,"data":"目标域路径：/kaggle/working/shot_k10/S00/sdalr_PU_shot/DATA_foldS00/PU_M1_L3/N15_M07_F04_label.txt\n"}
,{"stream_name":"stderr","time":110.404660014,"data":"/usr/local/lib/python3.12/dist-packages/torch/nn/utils/weight_norm.py:144: FutureWarning: `torch.nn.utils.weight_norm` is deprecated in favor of `torch.nn.utils.parametrizations.weight_norm`.\n"}
,{"stream_name":"stderr","time":110.404698824,"data":"  WeightNorm.apply(module, name, dim)\n"}
,{"stream_name":"stdout","time":111.651671671,"data":"测试目标数据集结果如下：\n"}
,{"stream_name":"stdout","time":111.651704226,"data":"任务: (B1)N15_M01_F10→(B3)N15_M07_F04, 正确率 = 92.93%\n"}
,{"stream_name":"stdout","time":111.651708829,"data":"类型1 正确率： 100.00% -\u003e 1  100.00%, 2    0.00%, 3    0.00%\n"}
,{"stream_name":"stdout","time":111.65171284,"data":"类型2 正确率：  97.00% -\u003e 1    0.00%, 2   96.80%, 3    3.20%\n"}
,{"stream_name":"stdout","time":111.651716433,"data":"类型3 正确率：  82.00% -\u003e 1    3.92%, 2   14.10%, 3   81.98%\n"}
,{"stream_name":"stdout","time":111.651732968,"data":"\n"}
,{"stream_name":"stdout","time":111.652151784,"data":"\n"}
,{"stream_name":"stdout","time":111.6529389,"data":"\n"}
,{"stream_name":"stdout","time":111.652949085,"data":"现在开始拿源域训练集：(B2)N15_M07_F10 进行训练\n"}
,{"stream_name":"stdout","time":111.652954481,"data":"源域读取路径：/kaggle/working/shot_k10/S00/sdalr_PU_shot/DATA_foldS00/PU_M1_L3/N15_M07_F10_label.txt\n"}
,{"stream_name":"stdout","time":111.653060979,"data":"excel输出位置：/kaggle/working/shot_k10/S00/weight_src_PU_M1_FS00_s2024/NEW_PU/Source-源域\n"}
,{"stream_name":"stdout","time":111.653087845,"data":"log\u0026pt输出位置：/kaggle/working/shot_k10/S00/weight_src_PU_M1_FS00_s2024/NEW_PU/Source-源域/log\u0026pt/(B2)N15_M07_F10\n"}
,{"stream_name":"stdout","time":111.653097313,"data":"特征图片输出位置：/kaggle/working/shot_k10/S00/weight_src_PU_M1_FS00_s2024/NEW_PU/Picture-特征图/2026年09月21日20时06分/(B2)N15_M07_F10\n"}
,{"stream_name":"stderr","time":111.654102352,"data":"sh: 1: Syntax error: word unexpected (expecting \")\")\n"}
,{"stream_name":"stdout","time":111.654649027,"data":"源域训练开始\n"}
,{"stream_name":"stderr","time":113.420092011,"data":"/usr/local/lib/python3.12/dist-packages/torch/nn/utils/weight_norm.py:144: FutureWarning: `torch.nn.utils.weight_norm` is deprecated in favor of `torch.nn.utils.parametrizations.weight_norm`.\n"}
,{"stream_name":"stderr","time":113.420159969,"data":"  WeightNorm.apply(module, name, dim)\n"}
,{"stream_name":"stdout","time":122.518094427,"data":"轮次:··1/·10 || loss:0.027 || 耗时：9.03s\n"}
,{"stream_name":"stdout","time":131.436831866,"data":"轮次:··2/·10 || loss:0.012 || 耗时：8.85s\n"}
,{"stream_name":"stdout","time":140.252748137,"data":"轮次:··3/·10 || loss:0.033 || 耗时：8.75s\n"}
,{"stream_name":"stdout","time":149.00693069,"data":"轮次:··4/·10 || loss:0.001 || 耗时：8.69s\n"}
,{"stream_name":"stdout","time":157.721916219,"data":"轮次:··5/·10 || loss:0.008 || 耗时：8.65s\n"}
,{"stream_name":"stdout","time":158.300037047,"data":"任务: (B2)N15_M07_F10; mix批次:····0; 批次:··330/··660; 总正确率 = 98.87%\n"}
,{"stream_name":"stdout","time":158.300103042,"data":"类型1 正确率： 100.00% -\u003e 1  100.00%, 2    0.00%, 3    0.00%\n"}
,{"stream_name":"stdout","time":158.300113422,"data":"类型2 正确率： 100.00% -\u003e 1    0.00%, 2  100.00%, 3    0.00%\n"}
,{"stream_name":"stdout","time":158.300119093,"data":"类型3 正确率：  97.00% -\u003e 1    0.00%, 2    3.40%, 3   96.60%\n"}
,{"stream_name":"stdout","time":158.300129985,"data":"\n"}
,{"stream_name":"stdout","time":158.300134573,"data":"\n"}
,{"stream_name":"stdout","time":167.093151843,"data":"轮次:··6/·10 || loss:0.002 || 耗时：8.70s\n"}
,{"stream_name":"stdout","time":175.918009729,"data":"轮次:··7/·10 || loss:0.002 || 耗时：8.76s\n"}
,{"stream_name":"stdout","time":184.806681579,"data":"轮次:··8/·10 || loss:0.001 || 耗时：8.82s\n"}
,{"stream_name":"stdout","time":193.730887708,"data":"轮次:··9/·10 || loss:0.002 || 耗时：8.86s\n"}
,{"stream_name":"stdout","time":202.662861041,"data":"轮次:·10/·10 || loss:0.003 || 耗时：8.87s\n"}
,{"stream_name":"stdout","time":203.255191182,"data":"任务: (B2)N15_M07_F10; mix批次:····0; 批次:··660/··660; 总正确率 = 99.84%\n"}
,{"stream_name":"stdout","time":203.255238517,"data":"类型1 正确率： 100.00% -\u003e 1  100.00%, 2    0.00%, 3    0.00%\n"}
,{"stream_name":"stdout","time":203.25524311,"data":"类型2 正确率： 100.00% -\u003e 1    0.00%, 2  100.00%, 3    0.00%\n"}
,{"stream_name":"stdout","time":203.255278607,"data":"类型3 正确率： 100.00% -\u003e 1    0.00%, 2    0.49%, 3   99.51%\n"}
,{"stream_name":"stdout","time":203.255283872,"data":"\n"}
,{"stream_name":"stdout","time":203.255287562,"data":"\n"}
,{"stream_name":"stdout","time":204.516161549,"data":"测试集任务: (B2)N15_M07_F10; 总正确率 = 99.75%\n"}
,{"stream_name":"stdout","time":204.516199207,"data":"类型1 正确率： 100.00% -\u003e 1  100.00%, 2    0.00%, 3    0.00%\n"}
,{"stream_name":"stdout","time":204.516203601,"data":"类型2 正确率：  99.00% -\u003e 1    0.74%, 2   99.26%, 3    0.00%\n"}
,{"stream_name":"stdout","time":204.516206938,"data":"类型3 正确率： 100.00% -\u003e 1    0.00%, 2    0.00%, 3  100.00%\n"}
,{"stream_name":"stdout","time":204.516222822,"data":"\n"}
,{"stream_name":"stdout","time":204.516226699,"data":"\n"}
,{"stream_name":"stdout","time":204.524355323,"data":"源域训练结束\n"}
,{"stream_name":"stdout","time":204.524371984,"data":"\n"}
,{"stream_name":"stdout","time":204.52437564,"data":"训练好之后，测试目标域\n"}
,{"stream_name":"stdout","time":204.524378833,"data":"目标域路径：/kaggle/working/shot_k10/S00/sdalr_PU_shot/DATA_foldS00/PU_M1_L3/N15_M01_F10_label.txt\n"}
,{"stream_name":"stderr","time":204.879996154,"data":"/usr/local/lib/python3.12/dist-packages/torch/nn/utils/weight_norm.py:144: FutureWarning: `torch.nn.utils.weight_norm` is deprecated in favor of `torch.nn.utils.parametrizations.weight_norm`.\n"}
,{"stream_name":"stderr","time":204.880035366,"data":"  WeightNorm.apply(module, name, dim)\n"}
,{"stream_name":"stdout","time":206.098576115,"data":"测试目标数据集结果如下：\n"}
,{"stream_name":"stdout","time":206.098602816,"data":"任务: (B2)N15_M07_F10→(B1)N15_M01_F10, 正确率 = 90.24%\n"}
,{"stream_name":"stdout","time":206.098606851,"data":"类型1 正确率： 100.00% -\u003e 1  100.00%, 2    0.00%, 3    0.00%\n"}
,{"stream_name":"stdout","time":206.098610704,"data":"类型2 正确率：  71.00% -\u003e 1    0.00%, 2   70.72%, 3   29.28%\n"}
,{"stream_name":"stdout","time":206.098613916,"data":"类型3 正确率： 100.00% -\u003e 1    0.00%, 2    0.00%, 3  100.00%\n"}
,{"stream_name":"stdout","time":206.098633705,"data":"\n"}
,{"stream_name":"stdout","time":206.098962142,"data":"目标域路径：/kaggle/working/shot_k10/S00/sdalr_PU_shot/DATA_foldS00/PU_M1_L3/N15_M07_F04_label.txt\n"}
,{"stream_name":"stderr","time":206.454405926,"data":"/usr/local/lib/python3.12/dist-packages/torch/nn/utils/weight_norm.py:144: FutureWarning: `torch.nn.utils.weight_norm` is deprecated in favor of `torch.nn.utils.parametrizations.weight_norm`.\n"}
,{"stream_name":"stderr","time":206.454472239,"data":"  WeightNorm.apply(module, name, dim)\n"}
,{"stream_name":"stdout","time":207.668739353,"data":"测试目标数据集结果如下：\n"}
,{"stream_name":"stdout","time":207.668898641,"data":"任务: (B2)N15_M07_F10→(B3)N15_M07_F04, 正确率 = 94.86%\n"}
,{"stream_name":"stdout","time":207.66890513,"data":"类型1 正确率： 100.00% -\u003e 1  100.00%, 2    0.00%, 3    0.00%\n"}
,{"stream_name":"stdout","time":207.668908757,"data":"类型2 正确率：  98.00% -\u003e 1    0.00%, 2   97.87%, 3    2.13%\n"}
,{"stream_name":"stdout","time":207.66891205,"data":"类型3 正确率：  87.00% -\u003e 1    2.93%, 2   10.37%, 3   86.70%\n"}
,{"stream_name":"stdout","time":207.668915282,"data":"\n"}
,{"stream_name":"stdout","time":207.669271231,"data":"\n"}
,{"stream_name":"stdout","time":207.669863972,"data":"\n"}
,{"stream_name":"stdout","time":207.669875971,"data":"现在开始拿源域训练集：(B3)N15_M07_F04 进行训练\n"}
,{"stream_name":"stdout","time":207.669891261,"data":"源域读取路径：/kaggle/working/shot_k10/S00/sdalr_PU_shot/DATA_foldS00/PU_M1_L3/N15_M07_F04_label.txt\n"}
,{"stream_name":"stdout","time":207.669896379,"data":"excel输出位置：/kaggle/working/shot_k10/S00/weight_src_PU_M1_FS00_s2024/NEW_PU/Source-源域\n"}
,{"stream_name":"stdout","time":207.669907026,"data":"log\u0026pt输出位置：/kaggle/working/shot_k10/S00/weight_src_PU_M1_FS00_s2024/NEW_PU/Source-源域/log\u0026pt/(B3)N15_M07_F04\n"}
,{"stream_name":"stdout","time":207.669912128,"data":"特征图片输出位置：/kaggle/working/shot_k10/S00/weight_src_PU_M1_FS00_s2024/NEW_PU/Picture-特征图/2026年09月21日20时06分/(B3)N15_M07_F04\n"}
,{"stream_name":"stderr","time":207.671120069,"data":"sh: 1: Syntax error: word unexpected (expecting \")\")\n"}
,{"stream_name":"stdout","time":207.671626816,"data":"源域训练开始\n"}
,{"stream_name":"stderr","time":209.414303625,"data":"/usr/local/lib/python3.12/dist-packages/torch/nn/utils/weight_norm.py:144: FutureWarning: `torch.nn.utils.weight_norm` is deprecated in favor of `torch.nn.utils.parametrizations.weight_norm`.\n"}
,{"stream_name":"stderr","time":209.414349157,"data":"  WeightNorm.apply(module, name, dim)\n"}
,{"stream_name":"stdout","time":218.259107787,"data":"轮次:··1/·10 || loss:0.063 || 耗时：8.78s\n"}
,{"stream_name":"stdout","time":227.091011682,"data":"轮次:··2/·10 || loss:0.015 || 耗时：8.77s\n"}
,{"stream_name":"stdout","time":235.897788073,"data":"轮次:··3/·10 || loss:0.027 || 耗时：8.74s\n"}
,{"stream_name":"stdout","time":244.715264326,"data":"轮次:··4/·10 || loss:0.003 || 耗时：8.75s\n"}
,{"stream_name":"stdout","time":253.545005804,"data":"轮次:··5/·10 || loss:0.010 || 耗时：8.76s\n"}
,{"stream_name":"stdout","time":254.129002127,"data":"任务: (B3)N15_M07_F04; mix批次:····0; 批次:··330/··660; 总正确率 = 99.65%\n"}
,{"stream_name":"stdout","time":254.129033254,"data":"类型1 正确率： 100.00% -\u003e 1  100.00%, 2    0.00%, 3    0.00%\n"}
,{"stream_name":"stdout","time":254.129038474,"data":"类型2 正确率： 100.00% -\u003e 1    0.00%, 2  100.00%, 3    0.00%\n"}
,{"stream_name":"stdout","time":254.129042907,"data":"类型3 正确率：  99.00% -\u003e 1    0.00%, 2    1.04%, 3   98.96%\n"}
,{"stream_name":"stdout","time":254.129047402,"data":"\n"}
,{"stream_name":"stdout","time":254.129051991,"data":"\n"}
,{"stream_name":"stdout","time":263.01987067,"data":"轮次:··6/·10 || loss:0.008 || 耗时：8.80s\n"}
,{"stream_name":"stdout","time":271.878223408,"data":"轮次:··7/·10 || loss:0.004 || 耗时：8.79s\n"}
,{"stream_name":"stdout","time":280.72264453,"data":"轮次:··8/·10 || loss:0.118 || 耗时：8.78s\n"}
,{"stream_name":"stdout","time":289.570378497,"data":"轮次:··9/·10 || loss:0.013 || 耗时：8.78s\n"}
,{"stream_name":"stdout","time":298.422654303,"data":"轮次:·10/·10 || loss:0.005 || 耗时：8.79s\n"}
,{"stream_name":"stdout","time":299.00737766,"data":"任务: (B3)N15_M07_F04; mix批次:····0; 批次:··660/··660; 总正确率 = 99.83%\n"}
,{"stream_name":"stdout","time":299.007411036,"data":"类型1 正确率： 100.00% -\u003e 1  100.00%, 2    0.00%, 3    0.00%\n"}
,{"stream_name":"stdout","time":299.007417754,"data":"类型2 正确率： 100.00% -\u003e 1    0.00%, 2  100.00%, 3    0.00%\n"}
,{"stream_name":"stdout","time":299.00742338,"data":"类型3 正确率：  99.00% -\u003e 1    0.00%, 2    0.52%, 3   99.48%\n"}
,{"stream_name":"stdout","time":299.007429137,"data":"\n"}
,{"stream_name":"stdout","time":299.0074337,"data":"\n"}
,{"stream_name":"stdout","time":300.252225685,"data":"测试集任务: (B3)N15_M07_F04; 总正确率 = 99.23%\n"}
,{"stream_name":"stdout","time":300.252279568,"data":"类型1 正确率： 100.00% -\u003e 1  100.00%, 2    0.00%, 3    0.00%\n"}
,{"stream_name":"stdout","time":300.252285953,"data":"类型2 正确率：  98.00% -\u003e 1    0.00%, 2   98.37%, 3    1.63%\n"}
,{"stream_name":"stdout","time":300.252290509,"data":"类型3 正确率：  99.00% -\u003e 1    0.00%, 2    0.69%, 3   99.31%\n"}
,{"stream_name":"stdout","time":300.252294819,"data":"\n"}
,{"stream_name":"stdout","time":300.252298713,"data":"\n"}
,{"stream_name":"stdout","time":300.260249175,"data":"源域训练结束\n"}
,{"stream_name":"stdout","time":300.260269709,"data":"\n"}
,{"stream_name":"stdout","time":300.260274718,"data":"训练好之后，测试目标域\n"}
,{"stream_name":"stdout","time":300.260278993,"data":"目标域路径：/kaggle/working/shot_k10/S00/sdalr_PU_shot/DATA_foldS00/PU_M1_L3/N15_M01_F10_label.txt\n"}
,{"stream_name":"stderr","time":300.634336281,"data":"/usr/local/lib/python3.12/dist-packages/torch/nn/utils/weight_norm.py:144: FutureWarning: `torch.nn.utils.weight_norm` is deprecated in favor of `torch.nn.utils.parametrizations.weight_norm`.\n"}
,{"stream_name":"stderr","time":300.634384334,"data":"  WeightNorm.apply(module, name, dim)\n"}
,{"stream_name":"stdout","time":301.828880857,"data":"测试目标数据集结果如下：\n"}
,{"stream_name":"stdout","time":301.828907967,"data":"任务: (B3)N15_M07_F04→(B1)N15_M01_F10, 正确率 = 77.18%\n"}
,{"stream_name":"stdout","time":301.828912516,"data":"类型1 正确率： 100.00% -\u003e 1  100.00%, 2    0.00%, 3    0.00%\n"}
,{"stream_name":"stdout","time":301.828916512,"data":"类型2 正确率：  68.00% -\u003e 1    0.00%, 2   67.81%, 3   32.19%\n"}
,{"stream_name":"stdout","time":301.828919959,"data":"类型3 正确率：  64.00% -\u003e 1    0.00%, 2   36.26%, 3   63.74%\n"}
,{"stream_name":"stdout","time":301.828923772,"data":"\n"}
,{"stream_name":"stdout","time":301.829325524,"data":"目标域路径：/kaggle/working/shot_k10/S00/sdalr_PU_shot/DATA_foldS00/PU_M1_L3/N15_M07_F10_label.txt\n"}
,{"stream_name":"stderr","time":302.20238983,"data":"/usr/local/lib/python3.12/dist-packages/torch/nn/utils/weight_norm.py:144: FutureWarning: `torch.nn.utils.weight_norm` is deprecated in favor of `torch.nn.utils.parametrizations.weight_norm`.\n"}
,{"stream_name":"stderr","time":302.202453303,"data":"  WeightNorm.apply(module, name, dim)\n"}
,{"stream_name":"stdout","time":303.396458088,"data":"测试目标数据集结果如下：\n"}
,{"stream_name":"stdout","time":303.39648724,"data":"任务: (B3)N15_M07_F04→(B2)N15_M07_F10, 正确率 = 88.47%\n"}
,{"stream_name":"stdout","time":303.396491188,"data":"类型1 正确率：  99.00% -\u003e 1   99.25%, 2    0.00%, 3    0.75%\n"}
,{"stream_name":"stdout","time":303.396494863,"data":"类型2 正确率：  97.00% -\u003e 1    0.00%, 2   96.92%, 3    3.08%\n"}
,{"stream_name":"stdout","time":303.396498265,"data":"类型3 正确率：  69.00% -\u003e 1    0.24%, 2   30.51%, 3   69.25%\n"}
,{"stream_name":"stdout","time":303.396587644,"data":"\n"}
,{"stream_name":"stdout","time":303.403781851,"data":"[src_pretrain_RES_PU.py --folder_root /kaggle/working/shot_k10/S00/sdalr_PU_shot/DATA_foldS00 --seed 2024 --class_num 3 --data_name PU_M1_L3 --output /kaggle/working/shot_k10/S00/weight_src_PU_M1_FS00_s2024] 284s\n"}
,{"stream_name":"stdout","time":303.447214819,"data":"读取源域路径：/kaggle/working/shot_k10/S00/weight_PU_M1_shot_FS00toS00_s2024/NEW_PU/Source-源域/log\u0026pt/(B1)N15_M01_F10\n"}
,{"stream_name":"stdout","time":303.44725011,"data":"excel输出位置：/kaggle/working/shot_k10/S00/weight_PU_M1_shot_FS00toS00_s2024/NEW_PU/Target-目标域\n"}
,{"stream_name":"stdout","time":303.447266961,"data":"特征图片输出位置：/kaggle/working/shot_k10/S00/weight_PU_M1_shot_FS00toS00_s2024/NEW_PU/Picture-特征图/2026年09月21日20时11分/(B1)N15_M01_F10\n"}
,{"stream_name":"stderr","time":303.481078747,"data":"/usr/local/lib/python3.12/dist-packages/torch/nn/utils/weight_norm.py:144: FutureWarning: `torch.nn.utils.weight_norm` is deprecated in favor of `torch.nn.utils.parametrizations.weight_norm`.\n"}
,{"stream_name":"stderr","time":303.481132275,"data":"  WeightNorm.apply(module, name, dim)\n"}
,{"stream_name":"stdout","time":303.517638909,"data":"现在选取:(B1)N15_M01_F10 进行训练的源模型\n"}
,{"stream_name":"stdout","time":303.517665681,"data":"现在进行：(B1)N15_M01_F10→(B2)N15_M07_F10 的迁移任务\n"}
,{"stream_name":"stdout","time":303.517672456,"data":"log\u0026pt输出位置：/kaggle/working/shot_k10/S00/weight_PU_M1_shot_FS00toS00_s2024/NEW_PU/Target-目标域/log\u0026pt/(B1)N15_M01_F10→(B2)N15_M07_F10\n"}
,{"stream_name":"stderr","time":303.519032937,"data":"sh: 1: Syntax error: word unexpected (expecting \")\")\n"}
,{"stream_name":"stdout","time":314.405173486,"data":"任务: (B1)N15_M01_F10→(B2)N15_M07_F10; 批次:····0/·1880;  总正确率: 99.32%\n"}
,{"stream_name":"stdout","time":314.405212569,"data":"类型1 正确率： 100.00% -\u003e 1  100.00%, 2    0.00%, 3    0.00%\n"}
,{"stream_name":"stdout","time":314.405219439,"data":"类型2 正确率： 100.00% -\u003e 1    0.20%, 2   99.70%, 3    0.10%\n"}
,{"stream_name":"stdout","time":314.405224737,"data":"类型3 正确率：  98.00% -\u003e 1    0.00%, 2    1.75%, 3   98.25%\n"}
,{"stream_name":"stdout","time":314.405229765,"data":"\n"}
,{"stream_name":"stdout","time":314.40523427,"data":"\n"}
,{"stream_name":"stdout","time":317.618198259,"data":"SHOT pseudo-labels: model 99.32% -\u003e centroid 99.33%\n"}
,{"stream_name":"stderr","time":330.433047792,"data":"/kaggle/working/shot_k10/S00/sdalr_PU_shot/tar_adaptation_RES_PU.py:114: UserWarning: Converting a tensor with requires_grad=True to a scalar may lead to unexpected behavior.\n"}
,{"stream_name":"stderr","time":330.43311075,"data":"Consider using tensor.detach() first. (Triggered internally at /pytorch/torch/csrc/autograd/generated/python_variable_methods.cpp:836.)\n"}
,{"stream_name":"stderr","time":330.433119199,"data":"  iter_num // epoch_len, args.max_epoch, float(classifier_loss), float(im_loss), time.time() - start))\n"}
,{"stream_name":"stdout","time":330.433139653,"data":"轮次:··1/·20 || cls:0.979 || im:-0.830 || 耗时：21.84s\n"}
,{"stream_name":"stdout","time":333.714203654,"data":"SHOT pseudo-labels: model 92.35% -\u003e centroid 96.43%\n"}
,{"stream_name":"stdout","time":346.704984211,"data":"轮次:··2/·20 || cls:1.310 || im:-0.797 || 耗时：16.27s\n"}
,{"stream_name":"stdout","time":349.923200201,"data":"SHOT pseudo-labels: model 88.45% -\u003e centroid 86.43%\n"}
,{"stream_name":"stdout","time":362.52193392,"data":"轮次:··3/·20 || cls:0.883 || im:-0.750 || 耗时：15.82s\n"}
,{"stream_name":"stdout","time":365.725180203,"data":"SHOT pseudo-labels: model 83.93% -\u003e centroid 75.10%\n"}
,{"stream_name":"stdout","time":378.213668466,"data":"轮次:··4/·20 || cls:0.812 || im:-0.728 || 耗时：15.69s\n"}
,{"stream_name":"stdout","time":381.41215935,"data":"SHOT pseudo-labels: model 81.20% -\u003e centroid 68.00%\n"}
,{"stream_name":"stdout","time":393.962097821,"data":"轮次:··5/·20 || cls:0.736 || im:-0.642 || 耗时：15.75s\n"}
,{"stream_name":"stdout","time":397.183172152,"data":"SHOT pseudo-labels: model 83.58% -\u003e centroid 70.12%\n"}
,{"stream_name":"stdout","time":409.875473587,"data":"轮次:··6/·20 || cls:0.738 || im:-0.687 || 耗时：15.91s\n"}
,{"stream_name":"stdout","time":413.125162636,"data":"SHOT pseudo-labels: model 84.37% -\u003e centroid 70.52%\n"}
,{"stream_name":"stdout","time":425.87289069,"data":"轮次:··7/·20 || cls:0.797 || im:-0.644 || 耗时：16.00s\n"}
,{"stream_name":"stdout","time":429.098201134,"data":"SHOT pseudo-labels: model 84.22% -\u003e centroid 70.17%\n"}
,{"stream_name":"stdout","time":441.791259173,"data":"轮次:··8/·20 || cls:0.815 || im:-0.721 || 耗时：15.92s\n"}
,{"stream_name":"stdout","time":445.020285346,"data":"SHOT pseudo-labels: model 85.37% -\u003e centroid 76.07%\n"}
,{"stream_name":"stdout","time":457.609496492,"data":"轮次:··9/·20 || cls:0.687 || im:-0.631 || 耗时：15.82s\n"}
,{"stream_name":"stdout","time":460.825203622,"data":"SHOT pseudo-labels: model 85.78% -\u003e centroid 71.60%\n"}
,{"stream_name":"stdout","time":473.420792698,"data":"轮次:·10/·20 || cls:0.613 || im:-0.674 || 耗时：15.81s\n"}
,{"stream_name":"stdout","time":476.606459479,"data":"SHOT pseudo-labels: model 85.58% -\u003e centroid 69.97%\n"}
,{"stream_name":"stdout","time":489.289868774,"data":"轮次:·11/·20 || cls:0.681 || im:-0.656 || 耗时：15.87s\n"}
,{"stream_name":"stdout","time":492.520140311,"data":"SHOT pseudo-labels: model 85.93% -\u003e centroid 79.42%\n"}
,{"stream_name":"stdout","time":505.213873817,"data":"轮次:·12/·20 || cls:0.760 || im:-0.677 || 耗时：15.92s\n"}
,{"stream_name":"stdout","time":508.439161534,"data":"SHOT pseudo-labels: model 86.07% -\u003e centroid 81.33%\n"}
,{"stream_name":"stdout","time":521.123174118,"data":"轮次:·13/·20 || cls:0.684 || im:-0.709 || 耗时：15.91s\n"}
,{"stream_name":"stdout","time":524.390148034,"data":"SHOT pseudo-labels: model 86.68% -\u003e centroid 81.85%\n"}
,{"stream_name":"stdout","time":537.075133992,"data":"轮次:·14/·20 || cls:0.736 || im:-0.645 || 耗时：15.95s\n"}
,{"stream_name":"stdout","time":540.300210182,"data":"SHOT pseudo-labels: model 87.57% -\u003e centroid 81.42%\n"}
,{"stream_name":"stdout","time":552.943168988,"data":"轮次:·15/·20 || cls:0.756 || im:-0.687 || 耗时：15.87s\n"}
,{"stream_name":"stdout","time":556.143172312,"data":"SHOT pseudo-labels: model 87.95% -\u003e centroid 81.70%\n"}
,{"stream_name":"stdout","time":568.795002805,"data":"轮次:·16/·20 || cls:0.859 || im:-0.782 || 耗时：15.85s\n"}
,{"stream_name":"stdout","time":572.010153836,"data":"SHOT pseudo-labels: model 88.10% -\u003e centroid 72.50%\n"}
,{"stream_name":"stdout","time":584.657020533,"data":"轮次:·17/·20 || cls:0.794 || im:-0.640 || 耗时：15.86s\n"}
,{"stream_name":"stdout","time":587.868200986,"data":"SHOT pseudo-labels: model 88.38% -\u003e centroid 81.15%\n"}
,{"stream_name":"stdout","time":600.522905081,"data":"轮次:·18/·20 || cls:0.694 || im:-0.697 || 耗时：15.87s\n"}
,{"stream_name":"stdout","time":603.768283473,"data":"SHOT pseudo-labels: model 87.90% -\u003e centroid 78.50%\n"}
,{"stream_name":"stdout","time":616.432122175,"data":"轮次:·19/·20 || cls:0.869 || im:-0.697 || 耗时：15.91s\n"}
,{"stream_name":"stdout","time":619.643146025,"data":"SHOT pseudo-labels: model 89.30% -\u003e centroid 80.73%\n"}
,{"stream_name":"stdout","time":632.291062056,"data":"轮次:·20/·20 || cls:0.607 || im:-0.731 || 耗时：15.86s\n"}
,{"stream_name":"stdout","time":638.157266574,"data":"测试集任务: (B1)N15_M01_F10→(B2)N15_M07_F10; 总正确率 = 90.45%\n"}
,{"stream_name":"stdout","time":638.157324697,"data":"类型1 正确率： 100.00% -\u003e 1   99.70%, 2    0.00%, 3    0.30%\n"}
,{"stream_name":"stdout","time":638.157345529,"data":"类型2 正确率：  87.00% -\u003e 1    0.70%, 2   86.70%, 3   12.60%\n"}
,{"stream_name":"stdout","time":638.157350915,"data":"类型3 正确率：  85.00% -\u003e 1    0.00%, 2   15.05%, 3   84.95%\n"}
,{"stream_name":"stdout","time":638.157368303,"data":"\n"}
,{"stream_name":"stdout","time":638.157372052,"data":"\n"}
,{"stream_name":"stdout","time":638.172245434,"data":"[tar_adaptation_RES_PU.py --folder_root /kaggle/working/shot_k10/S00/sdalr_PU_shot/DATA_foldS00 --seed 2024 --class_num 3 --data_name PU_M1_L3 --output /kaggle/working/shot_k10/S00/weight_PU_M1_shot_FS00toS00_s2024 --s 0 --t 1 --lr 0.0005 --threshold 0.4 --K 0.6] 335s\n"}
,{"stream_name":"stdout","time":638.200368886,"data":"读取源域路径：/kaggle/working/shot_k10/S00/weight_PU_M1_shot_FS00toS00_s2024/NEW_PU/Source-源域/log\u0026pt/(B1)N15_M01_F10\n"}
,{"stream_name":"stdout","time":638.200392501,"data":"excel输出位置：/kaggle/working/shot_k10/S00/weight_PU_M1_shot_FS00toS00_s2024/NEW_PU/Target-目标域\n"}
,{"stream_name":"stdout","time":638.200410588,"data":"特征图片输出位置：/kaggle/working/shot_k10/S00/weight_PU_M1_shot_FS00toS00_s2024/NEW_PU/Picture-特征图/2026年09月21日20时17分/(B1)N15_M01_F10\n"}
,{"stream_name":"stderr","time":638.238507997,"data":"/usr/local/lib/python3.12/dist-packages/torch/nn/utils/weight_norm.py:144: FutureWarning: `torch.nn.utils.weight_norm` is deprecated in favor of `torch.nn.utils.parametrizations.weight_norm`.\n"}
,{"stream_name":"stderr","time":638.238528115,"data":"  WeightNorm.apply(module, name, dim)\n"}
,{"stream_name":"stdout","time":638.274876117,"data":"现在选取:(B1)N15_M01_F10 进行训练的源模型\n"}
,{"stream_name":"stdout","time":638.274904759,"data":"现在进行：(B1)N15_M01_F10→(B3)N15_M07_F04 的迁移任务\n"}
,{"stream_name":"stdout","time":638.274909131,"data":"log\u0026pt输出位置：/kaggle/working/shot_k10/S00/weight_PU_M1_shot_FS00toS00_s2024/NEW_PU/Target-目标域/log\u0026pt/(B1)N15_M01_F10→(B3)N15_M07_F04\n"}
,{"stream_name":"stderr","time":638.276362102,"data":"sh: 1: Syntax error: word unexpected (expecting \")\")\n"}
,{"stream_name":"stdout","time":649.231165156,"data":"任务: (B1)N15_M01_F10→(B3)N15_M07_F04; 批次:····0/·1880;  总正确率: 92.05%\n"}
,{"stream_name":"stdout","time":649.231219102,"data":"类型1 正确率： 100.00% -\u003e 1  100.00%, 2    0.00%, 3    0.00%\n"}
,{"stream_name":"stdout","time":649.231227609,"data":"类型2 正确率：  96.00% -\u003e 1    0.05%, 2   96.50%, 3    3.45%\n"}
,{"stream_name":"stdout","time":649.231233542,"data":"类型3 正确率：  80.00% -\u003e 1    5.05%, 2   15.30%, 3   79.65%\n"}
,{"stream_name":"stdout","time":649.231238239,"data":"\n"}
,{"stream_name":"stdout","time":649.231242453,"data":"\n"}
,{"stream_name":"stdout","time":652.454221791,"data":"SHOT pseudo-labels: model 92.05% -\u003e centroid 92.80%\n"}
,{"stream_name":"stdout","time":665.160039131,"data":"轮次:··1/·20 || cls:1.061 || im:-0.757 || 耗时：21.78s\n"}
,{"stream_name":"stdout","time":668.414155883,"data":"SHOT pseudo-labels: model 83.85% -\u003e centroid 86.95%\n"}
,{"stream_name":"stdout","time":681.357002227,"data":"轮次:··2/·20 || cls:1.162 || im:-0.803 || 耗时：16.20s\n"}
,{"stream_name":"stdout","time":684.612168843,"data":"SHOT pseudo-labels: model 82.30% -\u003e centroid 85.35%\n"}
,{"stream_name":"stdout","time":697.254381732,"data":"轮次:··3/·20 || cls:0.661 || im:-0.678 || 耗时：15.90s\n"}
,{"stream_name":"stdout","time":700.465170588,"data":"SHOT pseudo-labels: model 76.82% -\u003e centroid 72.77%\n"}
,{"stream_name":"stdout","time":713.007007806,"data":"轮次:··4/·20 || cls:0.809 || im:-0.688 || 耗时：15.75s\n"}
,{"stream_name":"stdout","time":716.208150257,"data":"SHOT pseudo-labels: model 76.22% -\u003e centroid 71.65%\n"}
,{"stream_name":"stdout","time":728.761794169,"data":"轮次:··5/·20 || cls:0.743 || im:-0.694 || 耗时：15.75s\n"}
,{"stream_name":"stdout","time":731.979131018,"data":"SHOT pseudo-labels: model 77.20% -\u003e centroid 72.60%\n"}
,{"stream_name":"stdout","time":744.601752512,"data":"轮次:··6/·20 || cls:0.709 || im:-0.583 || 耗时：15.84s\n"}
,{"stream_name":"stdout","time":747.824170863,"data":"SHOT pseudo-labels: model 79.23% -\u003e centroid 73.37%\n"}
,{"stream_name":"stdout","time":760.563871002,"data":"轮次:··7/·20 || cls:0.739 || im:-0.577 || 耗时：15.96s\n"}
,{"stream_name":"stdout","time":763.793238,"data":"SHOT pseudo-labels: model 76.90% -\u003e centroid 69.15%\n"}
,{"stream_name":"stdout","time":776.54597934,"data":"轮次:··8/·20 || cls:0.809 || im:-0.665 || 耗时：15.98s\n"}
,{"stream_name":"stdout","time":779.749170431,"data":"SHOT pseudo-labels: model 77.55% -\u003e centroid 68.55%\n"}
,{"stream_name":"stdout","time":792.417943715,"data":"轮次:··9/·20 || cls:0.541 || im:-0.646 || 耗时：15.87s\n"}
,{"stream_name":"stdout","time":795.671159959,"data":"SHOT pseudo-labels: model 77.27% -\u003e centroid 67.70%\n"}
,{"stream_name":"stdout","time":808.285218159,"data":"轮次:·10/·20 || cls:0.846 || im:-0.730 || 耗时：15.87s\n"}
,{"stream_name":"stdout","time":811.497198046,"data":"SHOT pseudo-labels: model 78.53% -\u003e centroid 72.92%\n"}
,{"stream_name":"stdout","time":824.129430191,"data":"轮次:·11/·20 || cls:0.727 || im:-0.630 || 耗时：15.84s\n"}
,{"stream_name":"stdout","time":827.321145359,"data":"SHOT pseudo-labels: model 79.28% -\u003e centroid 73.07%\n"}
,{"stream_name":"stdout","time":839.995757948,"data":"轮次:·12/·20 || cls:0.827 || im:-0.724 || 耗时：15.87s\n"}
,{"stream_name":"stdout","time":843.217172162,"data":"SHOT pseudo-labels: model 79.18% -\u003e centroid 74.38%\n"}
,{"stream_name":"stdout","time":855.944039456,"data":"轮次:·13/·20 || cls:0.723 || im:-0.705 || 耗时：15.95s\n"}
,{"stream_name":"stdout","time":859.184192806,"data":"SHOT pseudo-labels: model 81.22% -\u003e centroid 74.15%\n"}
,{"stream_name":"stdout","time":871.870849863,"data":"轮次:·14/·20 || cls:0.810 || im:-0.682 || 耗时：15.93s\n"}
,{"stream_name":"stdout","time":875.090556057,"data":"SHOT pseudo-labels: model 80.30% -\u003e centroid 75.15%\n"}
,{"stream_name":"stdout","time":887.773220795,"data":"轮次:·15/·20 || cls:0.775 || im:-0.672 || 耗时：15.90s\n"}
,{"stream_name":"stdout","time":890.988164616,"data":"SHOT pseudo-labels: model 81.82% -\u003e centroid 74.83%\n"}
,{"stream_name":"stdout","time":903.653756927,"data":"轮次:·16/·20 || cls:0.743 || im:-0.677 || 耗时：15.88s\n"}
,{"stream_name":"stdout","time":906.904570718,"data":"SHOT pseudo-labels: model 81.55% -\u003e centroid 74.73%\n"}
,{"stream_name":"stdout","time":919.58014717,"data":"轮次:·17/·20 || cls:0.808 || im:-0.666 || 耗时：15.93s\n"}
,{"stream_name":"stdout","time":922.816178532,"data":"SHOT pseudo-labels: model 81.68% -\u003e centroid 73.57%\n"}
,{"stream_name":"stdout","time":935.488028067,"data":"轮次:·18/·20 || cls:0.684 || im:-0.672 || 耗时：15.91s\n"}
,{"stream_name":"stdout","time":938.718148637,"data":"SHOT pseudo-labels: model 81.35% -\u003e centroid 74.25%\n"}
,{"stream_name":"stdout","time":951.383875265,"data":"轮次:·19/·20 || cls:0.849 || im:-0.733 || 耗时：15.90s\n"}
,{"stream_name":"stdout","time":954.630135819,"data":"SHOT pseudo-labels: model 81.92% -\u003e centroid 74.28%\n"}
,{"stream_name":"stdout","time":967.285642915,"data":"轮次:·20/·20 || cls:0.701 || im:-0.723 || 耗时：15.90s\n"}
,{"stream_name":"stdout","time":973.149595028,"data":"测试集任务: (B1)N15_M01_F10→(B3)N15_M07_F04; 总正确率 = 82.43%\n"}
,{"stream_name":"stdout","time":973.149673238,"data":"类型1 正确率：  99.00% -\u003e 1   99.25%, 2    0.00%, 3    0.75%\n"}
,{"stream_name":"stdout","time":973.149679739,"data":"类型2 正确率：  72.00% -\u003e 1    0.05%, 2   72.00%, 3   27.95%\n"}
,{"stream_name":"stdout","time":973.149688691,"data":"类型3 正确率：  76.00% -\u003e 1    1.60%, 2   22.35%, 3   76.05%\n"}
,{"stream_name":"stdout","time":973.149695848,"data":"\n"}
,{"stream_name":"stdout","time":973.149698102,"data":"\n"}
,{"stream_name":"stdout","time":973.16942338,"data":"[tar_adaptation_RES_PU.py --folder_root /kaggle/working/shot_k10/S00/sdalr_PU_shot/DATA_foldS00 --seed 2024 --class_num 3 --data_name PU_M1_L3 --output /kaggle/working/shot_k10/S00/weight_PU_M1_shot_FS00toS00_s2024 --s 0 --t 2 --lr 0.0005 --threshold 0.4 --K 0.6] 335s\n"}
,{"stream_name":"stdout","time":973.200656515,"data":"读取源域路径：/kaggle/working/shot_k10/S00/weight_PU_M1_shot_FS00toS00_s2024/NEW_PU/Source-源域/log\u0026pt/(B2)N15_M07_F10\n"}
,{"stream_name":"stdout","time":973.20070889,"data":"excel输出位置：/kaggle/working/shot_k10/S00/weight_PU_M1_shot_FS00toS00_s2024/NEW_PU/Target-目标域\n"}
,{"stream_name":"stdout","time":973.200726713,"data":"特征图片输出位置：/kaggle/working/shot_k10/S00/weight_PU_M1_shot_FS00toS00_s2024/NEW_PU/Picture-特征图/2026年09月21日20时22分/(B2)N15_M07_F10\n"}
,{"stream_name":"stderr","time":973.233708526,"data":"/usr/local/lib/python3.12/dist-packages/torch/nn/utils/weight_norm.py:144: FutureWarning: `torch.nn.utils.weight_norm` is deprecated in favor of `torch.nn.utils.parametrizations.weight_norm`.\n"}
,{"stream_name":"stderr","time":973.233750623,"data":"  WeightNorm.apply(module, name, dim)\n"}
,{"stream_name":"stdout","time":973.270658997,"data":"现在选取:(B2)N15_M07_F10 进行训练的源模型\n"}
,{"stream_name":"stdout","time":973.270688064,"data":"现在进行：(B2)N15_M07_F10→(B1)N15_M01_F10 的迁移任务\n"}
,{"stream_name":"stdout","time":973.270692915,"data":"log\u0026pt输出位置：/kaggle/working/shot_k10/S00/weight_PU_M1_shot_FS00toS00_s2024/NEW_PU/Target-目标域/log\u0026pt/(B2)N15_M07_F10→(B1)N15_M01_F10\n"}
,{"stream_name":"stderr","time":973.272019965,"data":"sh: 1: Syntax error: word unexpected (expecting \")\")\n"}
,{"stream_name":"stdout","time":984.255294998,"data":"任务: (B2)N15_M07_F10→(B1)N15_M01_F10; 批次:····0/·1880;  总正确率: 89.28%\n"}
,{"stream_name":"stdout","time":984.25533386,"data":"类型1 正确率： 100.00% -\u003e 1  100.00%, 2    0.00%, 3    0.00%\n"}
,{"stream_name":"stdout","time":984.255341517,"data":"类型2 正确率：  68.00% -\u003e 1    0.00%, 2   67.85%, 3   32.15%\n"}
,{"stream_name":"stdout","time":984.255347342,"data":"类型3 正确率： 100.00% -\u003e 1    0.00%, 2    0.00%, 3  100.00%\n"}
,{"stream_name":"stdout","time":984.25535312,"data":"\n"}
,{"stream_name":"stdout","time":984.255358446,"data":"\n"}
,{"stream_name":"stdout","time":987.468221823,"data":"SHOT pseudo-labels: model 89.28% -\u003e centroid 91.53%\n"}
,{"stream_name":"stdout","time":1000.199639211,"data":"轮次:··1/·20 || cls:1.746 || im:-0.991 || 耗时：21.81s\n"}
,{"stream_name":"stdout","time":1003.493181531,"data":"SHOT pseudo-labels: model 90.62% -\u003e centroid 94.75%\n"}
,{"stream_name":"stdout","time":1016.415885696,"data":"轮次:··2/·20 || cls:1.400 || im:-0.852 || 耗时：16.22s\n"}
,{"stream_name":"stdout","time":1019.65110796,"data":"SHOT pseudo-labels: model 90.23% -\u003e centroid 95.65%\n"}
,{"stream_name":"stdout","time":1032.256800629,"data":"轮次:··3/·20 || cls:0.760 || im:-0.664 || 耗时：15.84s\n"}
,{"stream_name":"stdout","time":1035.470105363,"data":"SHOT pseudo-labels: model 88.27% -\u003e centroid 95.80%\n"}
,{"stream_name":"stdout","time":1047.984253958,"data":"轮次:··4/·20 || cls:0.785 || im:-0.762 || 耗时：15.73s\n"}
,{"stream_name":"stdout","time":1051.197188649,"data":"SHOT pseudo-labels: model 88.40% -\u003e centroid 95.00%\n"}
,{"stream_name":"stdout","time":1063.729797302,"data":"轮次:··5/·20 || cls:0.695 || im:-0.738 || 耗时：15.75s\n"}
,{"stream_name":"stdout","time":1066.962162399,"data":"SHOT pseudo-labels: model 89.23% -\u003e centroid 95.20%\n"}
,{"stream_name":"stdout","time":1079.612035273,"data":"轮次:··6/·20 || cls:0.698 || im:-0.733 || 耗时：15.88s\n"}
,{"stream_name":"stdout","time":1082.859170073,"data":"SHOT pseudo-labels: model 91.15% -\u003e centroid 96.63%\n"}
,{"stream_name":"stdout","time":1095.609280383,"data":"轮次:··7/·20 || cls:0.973 || im:-0.750 || 耗时：16.00s\n"}
,{"stream_name":"stdout","time":1098.866222043,"data":"SHOT pseudo-labels: model 91.50% -\u003e centroid 96.67%\n"}
,{"stream_name":"stdout","time":1111.603050108,"data":"轮次:··8/·20 || cls:0.963 || im:-0.727 || 耗时：15.99s\n"}
,{"stream_name":"stdout","time":1114.828176045,"data":"SHOT pseudo-labels: model 93.55% -\u003e centroid 96.87%\n"}
,{"stream_name":"stdout","time":1127.444055099,"data":"轮次:··9/·20 || cls:0.790 || im:-0.793 || 耗时：15.84s\n"}
,{"stream_name":"stdout","time":1130.657214881,"data":"SHOT pseudo-labels: model 94.17% -\u003e centroid 96.93%\n"}
,{"stream_name":"stdout","time":1143.2361234,"data":"轮次:·10/·20 || cls:0.757 || im:-0.774 || 耗时：15.79s\n"}
,{"stream_name":"stdout","time":1146.456139674,"data":"SHOT pseudo-labels: model 94.95% -\u003e centroid 97.12%\n"}
,{"stream_name":"stdout","time":1159.079373623,"data":"轮次:·11/·20 || cls:0.882 || im:-0.693 || 耗时：15.84s\n"}
,{"stream_name":"stdout","time":1162.327120048,"data":"SHOT pseudo-labels: model 95.27% -\u003e centroid 97.18%\n"}
,{"stream_name":"stdout","time":1175.037883332,"data":"轮次:·12/·20 || cls:0.849 || im:-0.776 || 耗时：15.96s\n"}
,{"stream_name":"stdout","time":1178.248151335,"data":"SHOT pseudo-labels: model 95.47% -\u003e centroid 97.03%\n"}
,{"stream_name":"stdout","time":1190.9312175,"data":"轮次:·13/·20 || cls:0.707 || im:-0.689 || 耗时：15.89s\n"}
,{"stream_name":"stdout","time":1194.179184714,"data":"SHOT pseudo-labels: model 95.92% -\u003e centroid 96.77%\n"}
,{"stream_name":"stdout","time":1206.833232915,"data":"轮次:·14/·20 || cls:0.679 || im:-0.674 || 耗时：15.90s\n"}
,{"stream_name":"stdout","time":1210.04487563,"data":"SHOT pseudo-labels: model 96.05% -\u003e centroid 96.78%\n"}
,{"stream_name":"stdout","time":1222.678436916,"data":"轮次:·15/·20 || cls:0.723 || im:-0.774 || 耗时：15.85s\n"}
,{"stream_name":"stdout","time":1225.884492481,"data":"SHOT pseudo-labels: model 96.30% -\u003e centroid 96.40%\n"}
,{"stream_name":"stdout","time":1238.497897573,"data":"轮次:·16/·20 || cls:0.680 || im:-0.762 || 耗时：15.82s\n"}
,{"stream_name":"stdout","time":1241.723172524,"data":"SHOT pseudo-labels: model 96.13% -\u003e centroid 96.02%\n"}
,{"stream_name":"stdout","time":1254.353150472,"data":"轮次:·17/·20 || cls:0.805 || im:-0.709 || 耗时：15.86s\n"}
,{"stream_name":"stdout","time":1257.553208253,"data":"SHOT pseudo-labels: model 96.32% -\u003e centroid 94.17%\n"}
,{"stream_name":"stdout","time":1270.193685761,"data":"轮次:·18/·20 || cls:0.934 || im:-0.825 || 耗时：15.84s\n"}
,{"stream_name":"stdout","time":1273.418230322,"data":"SHOT pseudo-labels: model 96.10% -\u003e centroid 95.45%\n"}
,{"stream_name":"stdout","time":1286.038099274,"data":"轮次:·19/·20 || cls:0.943 || im:-0.733 || 耗时：15.84s\n"}
,{"stream_name":"stdout","time":1289.249686496,"data":"SHOT pseudo-labels: model 96.30% -\u003e centroid 91.22%\n"}
,{"stream_name":"stdout","time":1301.88526359,"data":"轮次:·20/·20 || cls:0.671 || im:-0.711 || 耗时：15.85s\n"}
,{"stream_name":"stdout","time":1307.700434794,"data":"测试集任务: (B2)N15_M07_F10→(B1)N15_M01_F10; 总正确率 = 96.38%\n"}
,{"stream_name":"stdout","time":1307.700472391,"data":"类型1 正确率： 100.00% -\u003e 1   99.90%, 2    0.10%, 3    0.00%\n"}
,{"stream_name":"stdout","time":1307.700484228,"data":"类型2 正确率：  94.00% -\u003e 1    0.30%, 2   93.80%, 3    5.90%\n"}
,{"stream_name":"stdout","time":1307.700487822,"data":"类型3 正确率：  95.00% -\u003e 1    0.10%, 2    4.45%, 3   95.45%\n"}
,{"stream_name":"stdout","time":1307.700491064,"data":"\n"}
,{"stream_name":"stdout","time":1307.700493927,"data":"\n"}
,{"stream_name":"stdout","time":1307.71848943,"data":"[tar_adaptation_RES_PU.py --folder_root /kaggle/working/shot_k10/S00/sdalr_PU_shot/DATA_foldS00 --seed 2024 --class_num 3 --data_name PU_M1_L3 --output /kaggle/working/shot_k10/S00/weight_PU_M1_shot_FS00toS00_s2024 --s 1 --t 0 --lr 0.0005 --threshold 0.4 --K 0.6] 335s\n"}
,{"stream_name":"stdout","time":1307.745526853,"data":"读取源域路径：/kaggle/working/shot_k10/S00/weight_PU_M1_shot_FS00toS00_s2024/NEW_PU/Source-源域/log\u0026pt/(B2)N15_M07_F10\n"}
,{"stream_name":"stdout","time":1307.745549513,"data":"excel输出位置：/kaggle/working/shot_k10/S00/weight_PU_M1_shot_FS00toS00_s2024/NEW_PU/Target-目标域\n"}
,{"stream_name":"stdout","time":1307.74559475,"data":"特征图片输出位置：/kaggle/working/shot_k10/S00/weight_PU_M1_shot_FS00toS00_s2024/NEW_PU/Picture-特征图/2026年09月21日20时28分/(B2)N15_M07_F10\n"}
,{"stream_name":"stderr","time":1307.778641867,"data":"/usr/local/lib/python3.12/dist-packages/torch/nn/utils/weight_norm.py:144: FutureWarning: `torch.nn.utils.weight_norm` is deprecated in favor of `torch.nn.utils.parametrizations.weight_norm`.\n"}
,{"stream_name":"stderr","time":1307.778667227,"data":"  WeightNorm.apply(module, name, dim)\n"}
,{"stream_name":"stdout","time":1307.817760166,"data":"现在选取:(B2)N15_M07_F10 进行训练的源模型\n"}
,{"stream_name":"stdout","time":1307.817812107,"data":"现在进行：(B2)N15_M07_F10→(B3)N15_M07_F04 的迁移任务\n"}
,{"stream_name":"stdout","time":1307.817821336,"data":"log\u0026pt输出位置：/kaggle/working/shot_k10/S00/weight_PU_M1_shot_FS00toS00_s2024/NEW_PU/Target-目标域/log\u0026pt/(B2)N15_M07_F10→(B3)N15_M07_F04\n"}
,{"stream_name":"stderr","time":1307.819301899,"data":"sh: 1: Syntax error: word unexpected (expecting \")\")\n"}
,{"stream_name":"stdout","time":1318.863379305,"data":"任务: (B2)N15_M07_F10→(B3)N15_M07_F04; 批次:····0/·1880;  总正确率: 95.53%\n"}
,{"stream_name":"stdout","time":1318.863432713,"data":"类型1 正确率： 100.00% -\u003e 1  100.00%, 2    0.00%, 3    0.00%\n"}
,{"stream_name":"stdout","time":1318.863440277,"data":"类型2 正确率：  98.00% -\u003e 1    0.00%, 2   97.95%, 3    2.05%\n"}
,{"stream_name":"stdout","time":1318.863444976,"data":"类型3 正确率：  89.00% -\u003e 1    3.60%, 2    7.75%, 3   88.65%\n"}
,{"stream_name":"stdout","time":1318.8634496,"data":"\n"}
,{"stream_name":"stdout","time":1318.863456163,"data":"\n"}
,{"stream_name":"stdout","time":1322.07919689,"data":"SHOT pseudo-labels: model 95.53% -\u003e centroid 95.60%\n"}
,{"stream_name":"stdout","time":1334.825083847,"data":"轮次:··1/·20 || cls:1.438 || im:-0.938 || 耗时：21.81s\n"}
,{"stream_name":"stdout","time":1338.122157292,"data":"SHOT pseudo-labels: model 92.42% -\u003e centroid 91.40%\n"}
,{"stream_name":"stdout","time":1351.037807896,"data":"轮次:··2/·20 || cls:1.681 || im:-0.887 || 耗时：16.21s\n"}
,{"stream_name":"stdout","time":1354.293146059,"data":"SHOT pseudo-labels: model 89.03% -\u003e centroid 88.75%\n"}
,{"stream_name":"stdout","time":1366.927932359,"data":"轮次:··3/·20 || cls:1.022 || im:-0.788 || 耗时：15.89s\n"}
,{"stream_name":"stdout","time":1370.129177962,"data":"SHOT pseudo-labels: model 88.88% -\u003e centroid 89.33%\n"}
,{"stream_name":"stdout","time":1382.652590697,"data":"轮次:··4/·20 || cls:1.088 || im:-0.793 || 耗时：15.72s\n"}
,{"stream_name":"stdout","time":1385.835464641,"data":"SHOT pseudo-labels: model 88.18% -\u003e centroid 88.18%\n"}
,{"stream_name":"stdout","time":1398.395483731,"data":"轮次:··5/·20 || cls:0.880 || im:-0.829 || 耗时：15.74s\n"}
,{"stream_name":"stdout","time":1401.594208847,"data":"SHOT pseudo-labels: model 86.62% -\u003e centroid 84.48%\n"}
,{"stream_name":"stdout","time":1414.244514208,"data":"轮次:··6/·20 || cls:0.909 || im:-0.770 || 耗时：15.85s\n"}
,{"stream_name":"stdout","time":1417.486096545,"data":"SHOT pseudo-labels: model 85.22% -\u003e centroid 81.95%\n"}
,{"stream_name":"stdout","time":1430.20280116,"data":"轮次:··7/·20 || cls:0.866 || im:-0.762 || 耗时：15.96s\n"}
,{"stream_name":"stdout","time":1433.440112377,"data":"SHOT pseudo-labels: model 84.65% -\u003e centroid 81.48%\n"}
,{"stream_name":"stdout","time":1446.146406215,"data":"轮次:··8/·20 || cls:0.859 || im:-0.735 || 耗时：15.94s\n"}
,{"stream_name":"stdout","time":1449.359888481,"data":"SHOT pseudo-labels: model 84.47% -\u003e centroid 74.07%\n"}
,{"stream_name":"stdout","time":1462.011305536,"data":"轮次:··9/·20 || cls:0.857 || im:-0.775 || 耗时：15.86s\n"}
,{"stream_name":"stdout","time":1465.222187758,"data":"SHOT pseudo-labels: model 84.15% -\u003e centroid 79.32%\n"}
,{"stream_name":"stdout","time":1477.812284739,"data":"轮次:·10/·20 || cls:0.649 || im:-0.666 || 耗时：15.80s\n"}
,{"stream_name":"stdout","time":1481.020184089,"data":"SHOT pseudo-labels: model 84.02% -\u003e centroid 80.77%\n"}
,{"stream_name":"stdout","time":1493.644543206,"data":"轮次:·11/·20 || cls:0.800 || im:-0.750 || 耗时：15.83s\n"}
,{"stream_name":"stdout","time":1496.833956377,"data":"SHOT pseudo-labels: model 84.05% -\u003e centroid 80.57%\n"}
,{"stream_name":"stdout","time":1509.495290818,"data":"轮次:·12/·20 || cls:0.811 || im:-0.660 || 耗时：15.85s\n"}
,{"stream_name":"stdout","time":1512.719517729,"data":"SHOT pseudo-labels: model 84.07% -\u003e centroid 81.05%\n"}
,{"stream_name":"stdout","time":1525.422126637,"data":"轮次:·13/·20 || cls:0.765 || im:-0.829 || 耗时：15.93s\n"}
,{"stream_name":"stdout","time":1528.636188552,"data":"SHOT pseudo-labels: model 82.53% -\u003e centroid 79.55%\n"}
,{"stream_name":"stdout","time":1541.294241996,"data":"轮次:·14/·20 || cls:0.778 || im:-0.702 || 耗时：15.87s\n"}
,{"stream_name":"stdout","time":1544.51814233,"data":"SHOT pseudo-labels: model 83.27% -\u003e centroid 80.65%\n"}
,{"stream_name":"stdout","time":1557.150136574,"data":"轮次:·15/·20 || cls:0.673 || im:-0.687 || 耗时：15.86s\n"}
,{"stream_name":"stdout","time":1560.357153614,"data":"SHOT pseudo-labels: model 82.13% -\u003e centroid 79.40%\n"}
,{"stream_name":"stdout","time":1572.97007407,"data":"轮次:·16/·20 || cls:0.721 || im:-0.667 || 耗时：15.82s\n"}
,{"stream_name":"stdout","time":1576.187137605,"data":"SHOT pseudo-labels: model 82.15% -\u003e centroid 78.83%\n"}
,{"stream_name":"stdout","time":1588.8254229,"data":"轮次:·17/·20 || cls:0.823 || im:-0.744 || 耗时：15.86s\n"}
,{"stream_name":"stdout","time":1592.066029361,"data":"SHOT pseudo-labels: model 82.12% -\u003e centroid 77.05%\n"}
,{"stream_name":"stdout","time":1604.726415258,"data":"轮次:·18/·20 || cls:0.873 || im:-0.782 || 耗时：15.90s\n"}
,{"stream_name":"stdout","time":1607.942168369,"data":"SHOT pseudo-labels: model 82.07% -\u003e centroid 79.30%\n"}
,{"stream_name":"stdout","time":1620.610088345,"data":"轮次:·19/·20 || cls:0.890 || im:-0.630 || 耗时：15.88s\n"}
,{"stream_name":"stdout","time":1623.832508517,"data":"SHOT pseudo-labels: model 82.05% -\u003e centroid 79.32%\n"}
,{"stream_name":"stdout","time":1636.504537338,"data":"轮次:·20/·20 || cls:0.656 || im:-0.734 || 耗时：15.89s\n"}
,{"stream_name":"stdout","time":1642.367248317,"data":"测试集任务: (B2)N15_M07_F10→(B3)N15_M07_F04; 总正确率 = 82.02%\n"}
,{"stream_name":"stdout","time":1642.367301765,"data":"类型1 正确率： 100.00% -\u003e 1  100.00%, 2    0.00%, 3    0.00%\n"}
,{"stream_name":"stdout","time":1642.367309572,"data":"类型2 正确率：  74.00% -\u003e 1    0.10%, 2   74.10%, 3   25.80%\n"}
,{"stream_name":"stdout","time":1642.367314498,"data":"类型3 正确率：  72.00% -\u003e 1    0.45%, 2   27.60%, 3   71.95%\n"}
,{"stream_name":"stdout","time":1642.367319419,"data":"\n"}
,{"stream_name":"stdout","time":1642.367324211,"data":"\n"}
,{"stream_name":"stdout","time":1642.386473304,"data":"[tar_adaptation_RES_PU.py --folder_root /kaggle/working/shot_k10/S00/sdalr_PU_shot/DATA_foldS00 --seed 2024 --class_num 3 --data_name PU_M1_L3 --output /kaggle/working/shot_k10/S00/weight_PU_M1_shot_FS00toS00_s2024 --s 1 --t 2 --lr 0.0005 --threshold 0.4 --K 0.6] 335s\n"}
,{"stream_name":"stdout","time":1642.437579666,"data":"读取源域路径：/kaggle/working/shot_k10/S00/weight_PU_M1_shot_FS00toS00_s2024/NEW_PU/Source-源域/log\u0026pt/(B3)N15_M07_F04\n"}
,{"stream_name":"stdout","time":1642.437614523,"data":"excel输出位置：/kaggle/working/shot_k10/S00/weight_PU_M1_shot_FS00toS00_s2024/NEW_PU/Target-目标域\n"}
,{"stream_name":"stdout","time":1642.437620579,"data":"特征图片输出位置：/kaggle/working/shot_k10/S00/weight_PU_M1_shot_FS00toS00_s2024/NEW_PU/Picture-特征图/2026年09月21日20时33分/(B3)N15_M07_F04\n"}
,{"stream_name":"stderr","time":1642.470813384,"data":"/usr/local/lib/python3.12/dist-packages/torch/nn/utils/weight_norm.py:144: FutureWarning: `torch.nn.utils.weight_norm` is deprecated in favor of `torch.nn.utils.parametrizations.weight_norm`.\n"}
,{"stream_name":"stderr","time":1642.470845649,"data":"  WeightNorm.apply(module, name, dim)\n"}
,{"stream_name":"stdout","time":1642.508128945,"data":"现在选取:(B3)N15_M07_F04 进行训练的源模型\n"}
,{"stream_name":"stdout","time":1642.508159149,"data":"现在进行：(B3)N15_M07_F04→(B1)N15_M01_F10 的迁移任务\n"}
,{"stream_name":"stdout","time":1642.508163257,"data":"log\u0026pt输出位置：/kaggle/working/shot_k10/S00/weight_PU_M1_shot_FS00toS00_s2024/NEW_PU/Target-目标域/log\u0026pt/(B3)N15_M07_F04→(B1)N15_M01_F10\n"}
,{"stream_name":"stderr","time":1642.509646744,"data":"sh: 1: Syntax error: word unexpected (expecting \")\")\n"}
,{"stream_name":"stdout","time":1653.394604723,"data":"任务: (B3)N15_M07_F04→(B1)N15_M01_F10; 批次:····0/·1880;  总正确率: 78.10%\n"}
,{"stream_name":"stdout","time":1653.394646051,"data":"类型1 正确率： 100.00% -\u003e 1   99.95%, 2    0.00%, 3    0.05%\n"}
,{"stream_name":"stdout","time":1653.394651128,"data":"类型2 正确率：  68.00% -\u003e 1    0.00%, 2   68.35%, 3   31.65%\n"}
,{"stream_name":"stdout","time":1653.39465513,"data":"类型3 正确率：  66.00% -\u003e 1    0.00%, 2   34.00%, 3   66.00%\n"}
,{"stream_name":"stdout","time":1653.394674041,"data":"\n"}
,{"stream_name":"stdout","time":1653.394679605,"data":"\n"}
,{"stream_name":"stdout","time":1656.589147285,"data":"SHOT pseudo-labels: model 78.10% -\u003e centroid 78.18%\n"}
,{"stream_name":"stdout","time":1669.317792666,"data":"轮次:··1/·20 || cls:1.575 || im:-0.921 || 耗时：21.78s\n"}
,{"stream_name":"stdout","time":1672.568548984,"data":"SHOT pseudo-labels: model 88.38% -\u003e centroid 90.43%\n"}
,{"stream_name":"stdout","time":1685.40983158,"data":"轮次:··2/·20 || cls:1.198 || im:-0.790 || 耗时：16.09s\n"}
,{"stream_name":"stdout","time":1688.636144916,"data":"SHOT pseudo-labels: model 78.15% -\u003e centroid 73.73%\n"}
,{"stream_name":"stdout","time":1701.2748304,"data":"轮次:··3/·20 || cls:1.120 || im:-0.679 || 耗时：15.86s\n"}
,{"stream_name":"stdout","time":1704.494315519,"data":"SHOT pseudo-labels: model 72.45% -\u003e centroid 69.38%\n"}
,{"stream_name":"stdout","time":1717.053041682,"data":"轮次:··4/·20 || cls:0.868 || im:-0.680 || 耗时：15.78s\n"}
,{"stream_name":"stdout","time":1720.24317126,"data":"SHOT pseudo-labels: model 72.15% -\u003e centroid 69.90%\n"}
,{"stream_name":"stdout","time":1732.822697828,"data":"轮次:··5/·20 || cls:0.686 || im:-0.665 || 耗时：15.77s\n"}
,{"stream_name":"stdout","time":1736.041159755,"data":"SHOT pseudo-labels: model 73.80% -\u003e centroid 71.65%\n"}
,{"stream_name":"stdout","time":1748.69837576,"data":"轮次:··6/·20 || cls:0.761 || im:-0.638 || 耗时：15.88s\n"}
,{"stream_name":"stdout","time":1751.926210662,"data":"SHOT pseudo-labels: model 73.70% -\u003e centroid 71.37%\n"}
,{"stream_name":"stdout","time":1764.637438044,"data":"轮次:··7/·20 || cls:0.818 || im:-0.650 || 耗时：15.94s\n"}
,{"stream_name":"stdout","time":1767.867975314,"data":"SHOT pseudo-labels: model 73.47% -\u003e centroid 72.35%\n"}
,{"stream_name":"stdout","time":1780.551397271,"data":"轮次:··8/·20 || cls:0.648 || im:-0.633 || 耗时：15.91s\n"}
,{"stream_name":"stdout","time":1783.790213466,"data":"SHOT pseudo-labels: model 76.05% -\u003e centroid 72.32%\n"}
,{"stream_name":"stdout","time":1796.437340371,"data":"轮次:··9/·20 || cls:0.649 || im:-0.630 || 耗时：15.89s\n"}
,{"stream_name":"stdout","time":1799.660159422,"data":"SHOT pseudo-labels: model 76.40% -\u003e centroid 72.28%\n"}
,{"stream_name":"stdout","time":1812.261572843,"data":"轮次:·10/·20 || cls:0.634 || im:-0.727 || 耗时：15.82s\n"}
,{"stream_name":"stdout","time":1815.479174961,"data":"SHOT pseudo-labels: model 77.72% -\u003e centroid 72.72%\n"}
,{"stream_name":"stdout","time":1828.099599214,"data":"轮次:·11/·20 || cls:0.739 || im:-0.661 || 耗时：15.84s\n"}
,{"stream_name":"stdout","time":1831.343171227,"data":"SHOT pseudo-labels: model 77.70% -\u003e centroid 73.75%\n"}
,{"stream_name":"stdout","time":1844.000259084,"data":"轮次:·12/·20 || cls:0.699 || im:-0.571 || 耗时：15.90s\n"}
,{"stream_name":"stdout","time":1847.224148501,"data":"SHOT pseudo-labels: model 77.65% -\u003e centroid 75.00%\n"}
,{"stream_name":"stdout","time":1859.903005545,"data":"轮次:·13/·20 || cls:0.649 || im:-0.690 || 耗时：15.90s\n"}
,{"stream_name":"stdout","time":1863.149227418,"data":"SHOT pseudo-labels: model 80.08% -\u003e centroid 72.78%\n"}
,{"stream_name":"stdout","time":1875.847508735,"data":"轮次:·14/·20 || cls:0.590 || im:-0.587 || 耗时：15.94s\n"}
,{"stream_name":"stdout","time":1879.067116371,"data":"SHOT pseudo-labels: model 80.38% -\u003e centroid 78.58%\n"}
,{"stream_name":"stdout","time":1891.733638986,"data":"轮次:·15/·20 || cls:0.806 || im:-0.700 || 耗时：15.89s\n"}
,{"stream_name":"stdout","time":1894.962224128,"data":"SHOT pseudo-labels: model 81.85% -\u003e centroid 78.35%\n"}
,{"stream_name":"stdout","time":1907.600039303,"data":"轮次:·16/·20 || cls:0.703 || im:-0.652 || 耗时：15.87s\n"}
,{"stream_name":"stdout","time":1910.820175419,"data":"SHOT pseudo-labels: model 83.37% -\u003e centroid 75.63%\n"}
,{"stream_name":"stdout","time":1923.458514669,"data":"轮次:·17/·20 || cls:0.867 || im:-0.712 || 耗时：15.86s\n"}
,{"stream_name":"stdout","time":1926.687198517,"data":"SHOT pseudo-labels: model 82.97% -\u003e centroid 75.85%\n"}
,{"stream_name":"stdout","time":1939.329517008,"data":"轮次:·18/·20 || cls:0.695 || im:-0.607 || 耗时：15.87s\n"}
,{"stream_name":"stdout","time":1942.550962926,"data":"SHOT pseudo-labels: model 83.27% -\u003e centroid 73.35%\n"}
,{"stream_name":"stdout","time":1955.195588064,"data":"轮次:·19/·20 || cls:0.717 || im:-0.732 || 耗时：15.87s\n"}
,{"stream_name":"stdout","time":1958.388139845,"data":"SHOT pseudo-labels: model 82.77% -\u003e centroid 72.15%\n"}
,{"stream_name":"stdout","time":1971.002682503,"data":"轮次:·20/·20 || cls:0.688 || im:-0.590 || 耗时：15.81s\n"}
,{"stream_name":"stdout","time":1976.863961066,"data":"测试集任务: (B3)N15_M07_F04→(B1)N15_M01_F10; 总正确率 = 82.93%\n"}
,{"stream_name":"stdout","time":1976.864003416,"data":"类型1 正确率：  99.00% -\u003e 1   99.15%, 2    0.25%, 3    0.60%\n"}
,{"stream_name":"stdout","time":1976.864008996,"data":"类型2 正确率：  77.00% -\u003e 1    0.05%, 2   76.55%, 3   23.40%\n"}
,{"stream_name":"stdout","time":1976.864012696,"data":"类型3 正确率：  73.00% -\u003e 1    0.65%, 2   26.25%, 3   73.10%\n"}
,{"stream_name":"stdout","time":1976.864016174,"data":"\n"}
,{"stream_name":"stdout","time":1976.864019219,"data":"\n"}
,{"stream_name":"stdout","time":1976.883478381,"data":"[tar_adaptation_RES_PU.py --folder_root /kaggle/working/shot_k10/S00/sdalr_PU_shot/DATA_foldS00 --seed 2024 --class_num 3 --data_name PU_M1_L3 --output /kaggle/working/shot_k10/S00/weight_PU_M1_shot_FS00toS00_s2024 --s 2 --t 0 --lr 0.0005 --threshold 0.4 --K 0.6] 334s\n"}
,{"stream_name":"stdout","time":1976.914813698,"data":"读取源域路径：/kaggle/working/shot_k10/S00/weight_PU_M1_shot_FS00toS00_s2024/NEW_PU/Source-源域/log\u0026pt/(B3)N15_M07_F04\n"}
,{"stream_name":"stdout","time":1976.91484645,"data":"excel输出位置：/kaggle/working/shot_k10/S00/weight_PU_M1_shot_FS00toS00_s2024/NEW_PU/Target-目标域\n"}
,{"stream_name":"stdout","time":1976.914852074,"data":"特征图片输出位置：/kaggle/working/shot_k10/S00/weight_PU_M1_shot_FS00toS00_s2024/NEW_PU/Picture-特征图/2026年09月21日20时39分/(B3)N15_M07_F04\n"}
,{"stream_name":"stderr","time":1976.951120656,"data":"/usr/local/lib/python3.12/dist-packages/torch/nn/utils/weight_norm.py:144: FutureWarning: `torch.nn.utils.weight_norm` is deprecated in favor of `torch.nn.utils.parametrizations.weight_norm`.\n"}
,{"stream_name":"stderr","time":1976.951167084,"data":"  WeightNorm.apply(module, name, dim)\n"}
,{"stream_name":"stdout","time":1976.989234687,"data":"现在选取:(B3)N15_M07_F04 进行训练的源模型\n"}
,{"stream_name":"stdout","time":1976.989271963,"data":"现在进行：(B3)N15_M07_F04→(B2)N15_M07_F10 的迁移任务\n"}
,{"stream_name":"stdout","time":1976.989276573,"data":"log\u0026pt输出位置：/kaggle/working/shot_k10/S00/weight_PU_M1_shot_FS00toS00_s2024/NEW_PU/Target-目标域/log\u0026pt/(B3)N15_M07_F04→(B2)N15_M07_F10\n"}
,{"stream_name":"stderr","time":1976.990751686,"data":"sh: 1: Syntax error: word unexpected (expecting \")\")\n"}
,{"stream_name":"stdout","time":1987.886683277,"data":"任务: (B3)N15_M07_F04→(B2)N15_M07_F10; 批次:····0/·1880;  总正确率: 87.48%\n"}
,{"stream_name":"stdout","time":1987.886715229,"data":"类型1 正确率： 100.00% -\u003e 1   99.75%, 2    0.00%, 3    0.25%\n"}
,{"stream_name":"stdout","time":1987.886734164,"data":"类型2 正确率：  97.00% -\u003e 1    0.05%, 2   96.70%, 3    3.25%\n"}
,{"stream_name":"stdout","time":1987.886739956,"data":"类型3 正确率：  66.00% -\u003e 1    0.05%, 2   33.95%, 3   66.00%\n"}
,{"stream_name":"stdout","time":1987.886755231,"data":"\n"}
,{"stream_name":"stdout","time":1987.886759266,"data":"\n"}
,{"stream_name":"stdout","time":1991.085157061,"data":"SHOT pseudo-labels: model 87.48% -\u003e centroid 88.07%\n"}
,{"stream_name":"stdout","time":2003.810683851,"data":"轮次:··1/·20 || cls:1.647 || im:-0.960 || 耗时：21.76s\n"}
,{"stream_name":"stdout","time":2007.073161841,"data":"SHOT pseudo-labels: model 85.12% -\u003e centroid 89.45%\n"}
,{"stream_name":"stdout","time":2020.008534295,"data":"轮次:··2/·20 || cls:1.428 || im:-0.972 || 耗时：16.20s\n"}
,{"stream_name":"stdout","time":2023.255240113,"data":"SHOT pseudo-labels: model 81.67% -\u003e centroid 85.82%\n"}
,{"stream_name":"stdout","time":2035.883697654,"data":"轮次:··3/·20 || cls:1.074 || im:-0.757 || 耗时：15.88s\n"}
,{"stream_name":"stdout","time":2039.097214622,"data":"SHOT pseudo-labels: model 78.90% -\u003e centroid 84.97%\n"}
,{"stream_name":"stdout","time":2051.626653157,"data":"轮次:··4/·20 || cls:1.219 || im:-0.723 || 耗时：15.74s\n"}
,{"stream_name":"stdout","time":2054.818706406,"data":"SHOT pseudo-labels: model 80.47% -\u003e centroid 81.52%\n"}
,{"stream_name":"stdout","time":2067.387295986,"data":"轮次:··5/·20 || cls:0.740 || im:-0.739 || 耗时：15.76s\n"}
,{"stream_name":"stdout","time":2070.615174388,"data":"SHOT pseudo-labels: model 81.07% -\u003e centroid 80.17%\n"}
,{"stream_name":"stdout","time":2083.267621089,"data":"轮次:··6/·20 || cls:0.761 || im:-0.735 || 耗时：15.88s\n"}
,{"stream_name":"stdout","time":2086.497158511,"data":"SHOT pseudo-labels: model 81.30% -\u003e centroid 77.63%\n"}
,{"stream_name":"stdout","time":2099.207569714,"data":"轮次:··7/·20 || cls:0.904 || im:-0.699 || 耗时：15.94s\n"}
,{"stream_name":"stdout","time":2102.445822035,"data":"SHOT pseudo-labels: model 80.38% -\u003e centroid 78.72%\n"}
,{"stream_name":"stdout","time":2115.122994431,"data":"轮次:··8/·20 || cls:0.852 || im:-0.749 || 耗时：15.92s\n"}
,{"stream_name":"stdout","time":2118.343138586,"data":"SHOT pseudo-labels: model 82.08% -\u003e centroid 77.33%\n"}
,{"stream_name":"stdout","time":2130.966158724,"data":"轮次:··9/·20 || cls:0.658 || im:-0.712 || 耗时：15.84s\n"}
,{"stream_name":"stdout","time":2134.171418675,"data":"SHOT pseudo-labels: model 81.70% -\u003e centroid 77.83%\n"}
,{"stream_name":"stdout","time":2146.761374327,"data":"轮次:·10/·20 || cls:0.562 || im:-0.610 || 耗时：15.80s\n"}
,{"stream_name":"stdout","time":2149.954210171,"data":"SHOT pseudo-labels: model 81.87% -\u003e centroid 80.27%\n"}
,{"stream_name":"stdout","time":2162.562921822,"data":"轮次:·11/·20 || cls:0.787 || im:-0.748 || 耗时：15.80s\n"}
,{"stream_name":"stdout","time":2165.772168473,"data":"SHOT pseudo-labels: model 82.38% -\u003e centroid 78.77%\n"}
,{"stream_name":"stdout","time":2178.435611522,"data":"轮次:·12/·20 || cls:0.851 || im:-0.703 || 耗时：15.87s\n"}
,{"stream_name":"stdout","time":2181.674102481,"data":"SHOT pseudo-labels: model 81.80% -\u003e centroid 79.82%\n"}
,{"stream_name":"stdout","time":2194.385122742,"data":"轮次:·13/·20 || cls:0.794 || im:-0.742 || 耗时：15.95s\n"}
,{"stream_name":"stdout","time":2197.593173821,"data":"SHOT pseudo-labels: model 81.45% -\u003e centroid 77.55%\n"}
,{"stream_name":"stdout","time":2210.267904774,"data":"轮次:·14/·20 || cls:0.720 || im:-0.737 || 耗时：15.88s\n"}
,{"stream_name":"stdout","time":2213.50215474,"data":"SHOT pseudo-labels: model 82.03% -\u003e centroid 81.27%\n"}
,{"stream_name":"stdout","time":2226.095277853,"data":"轮次:·15/·20 || cls:0.683 || im:-0.697 || 耗时：15.83s\n"}
,{"stream_name":"stdout","time":2229.294344428,"data":"SHOT pseudo-labels: model 82.00% -\u003e centroid 79.22%\n"}
,{"stream_name":"stdout","time":2241.893767064,"data":"轮次:·16/·20 || cls:0.758 || im:-0.693 || 耗时：15.80s\n"}
,{"stream_name":"stdout","time":2245.118091633,"data":"SHOT pseudo-labels: model 82.53% -\u003e centroid 79.55%\n"}
,{"stream_name":"stdout","time":2257.747711566,"data":"轮次:·17/·20 || cls:0.790 || im:-0.653 || 耗时：15.85s\n"}
,{"stream_name":"stdout","time":2260.961103059,"data":"SHOT pseudo-labels: model 82.22% -\u003e centroid 79.42%\n"}
,{"stream_name":"stdout","time":2273.576354539,"data":"轮次:·18/·20 || cls:0.728 || im:-0.707 || 耗时：15.83s\n"}
,{"stream_name":"stdout","time":2276.78324626,"data":"SHOT pseudo-labels: model 82.00% -\u003e centroid 79.40%\n"}
,{"stream_name":"stdout","time":2289.415722081,"data":"轮次:·19/·20 || cls:0.709 || im:-0.696 || 耗时：15.84s\n"}
,{"stream_name":"stdout","time":2292.616597702,"data":"SHOT pseudo-labels: model 82.42% -\u003e centroid 80.22%\n"}
,{"stream_name":"stdout","time":2305.225541264,"data":"轮次:·20/·20 || cls:0.686 || im:-0.709 || 耗时：15.81s\n"}
,{"stream_name":"stdout","time":2311.074220453,"data":"测试集任务: (B3)N15_M07_F04→(B2)N15_M07_F10; 总正确率 = 82.45%\n"}
,{"stream_name":"stdout","time":2311.074253603,"data":"类型1 正确率： 100.00% -\u003e 1   99.60%, 2    0.00%, 3    0.40%\n"}
,{"stream_name":"stdout","time":2311.074258224,"data":"类型2 正确率：  77.00% -\u003e 1    0.00%, 2   76.95%, 3   23.05%\n"}
,{"stream_name":"stdout","time":2311.07426191,"data":"类型3 正确率：  71.00% -\u003e 1    1.05%, 2   28.15%, 3   70.80%\n"}
,{"stream_name":"stdout","time":2311.074265648,"data":"\n"}
,{"stream_name":"stdout","time":2311.074268583,"data":"\n"}
,{"stream_name":"stdout","time":2311.093624702,"data":"[tar_adaptation_RES_PU.py --folder_root /kaggle/working/shot_k10/S00/sdalr_PU_shot/DATA_foldS00 --seed 2024 --class_num 3 --data_name PU_M1_L3 --output /kaggle/working/shot_k10/S00/weight_PU_M1_shot_FS00toS00_s2024 --s 2 --t 1 --lr 0.0005 --threshold 0.4 --K 0.6] 334s\n"}
,{"stream_name":"stdout","time":2311.110457608,"data":"{\n"}
,{"stream_name":"stdout","time":2311.110474136,"data":"  \"dataset\": \"PU_M1\",\n"}
,{"stream_name":"stdout","time":2311.110479466,"data":"  \"variant\": \"shot\",\n"}
,{"stream_name":"stdout","time":2311.110484519,"data":"  \"seed\": 2024,\n"}
,{"stream_name":"stdout","time":2311.110489156,"data":"  \"smoke\": false,\n"}
,{"stream_name":"stdout","time":2311.110493561,"data":"  \"src_fold\": \"S00\",\n"}
,{"stream_name":"stdout","time":2311.110498481,"data":"  \"tgt_fold\": \"S00\",\n"}
,{"stream_name":"stdout","time":2311.110502653,"data":"  \"leaky\": true,\n"}
,{"stream_name":"stdout","time":2311.110506834,"data":"  \"hyperparameters\": {\n"}
,{"stream_name":"stdout","time":2311.110511334,"data":"    \"lr\": \"0.0005\",\n"}
,{"stream_name":"stdout","time":2311.110515747,"data":"    \"threshold\": \"0.4\",\n"}
,{"stream_name":"stdout","time":2311.110520482,"data":"    \"K\": \"0.6\"\n"}
,{"stream_name":"stdout","time":2311.11052524,"data":"  },\n"}
,{"stream_name":"stdout","time":2311.110529801,"data":"  \"adapters\": [\n"}
,{"stream_name":"stdout","time":2311.110534458,"data":"    \"npz_io\",\n"}
,{"stream_name":"stdout","time":2311.110538838,"data":"    \"tsne_stub\",\n"}
,{"stream_name":"stdout","time":2311.110543612,"data":"    \"shot_patch\"\n"}
,{"stream_name":"stdout","time":2311.110547948,"data":"  ],\n"}
,{"stream_name":"stdout","time":2311.110553089,"data":"  \"source_only\": {\n"}
,{"stream_name":"stdout","time":2311.110566896,"data":"    \"A1-\u003eA3\": 99.1,\n"}
,{"stream_name":"stdout","time":2311.110570688,"data":"    \"A1-\u003eA2\": 92.93,\n"}
,{"stream_name":"stdout","time":2311.110574328,"data":"    \"A3-\u003eA1\": 90.24,\n"}
,{"stream_name":"stdout","time":2311.110577924,"data":"    \"A3-\u003eA2\": 94.86,\n"}
,{"stream_name":"stdout","time":2311.110581388,"data":"    \"A2-\u003eA1\": 77.18,\n"}
,{"stream_name":"stdout","time":2311.110585119,"data":"    \"A2-\u003eA3\": 88.47\n"}
,{"stream_name":"stdout","time":2311.110588653,"data":"  },\n"}
,{"stream_name":"stdout","time":2311.110592135,"data":"  \"adapted\": {\n"}
,{"stream_name":"stdout","time":2311.110595768,"data":"    \"A1-\u003eA3\": 90.45,\n"}
,{"stream_name":"stdout","time":2311.110599191,"data":"    \"A1-\u003eA2\": 82.43,\n"}
,{"stream_name":"stdout","time":2311.110602787,"data":"    \"A3-\u003eA1\": 96.38,\n"}
,{"stream_name":"stdout","time":2311.110606152,"data":"    \"A3-\u003eA2\": 82.02,\n"}
,{"stream_name":"stdout","time":2311.110609625,"data":"    \"A2-\u003eA1\": 82.93,\n"}
,{"stream_name":"stdout","time":2311.110613383,"data":"    \"A2-\u003eA3\": 82.45\n"}
,{"stream_name":"stdout","time":2311.110616357,"data":"  },\n"}
,{"stream_name":"stdout","time":2311.110619359,"data":"  \"seconds\": {\n"}
,{"stream_name":"stdout","time":2311.110622608,"data":"    \"pretrain\": 284,\n"}
,{"stream_name":"stdout","time":2311.110625807,"data":"    \"A1-\u003eA3\": 335,\n"}
,{"stream_name":"stdout","time":2311.110628911,"data":"    \"A1-\u003eA2\": 335,\n"}
,{"stream_name":"stdout","time":2311.110632464,"data":"    \"A3-\u003eA1\": 335,\n"}
,{"stream_name":"stdout","time":2311.110636082,"data":"    \"A3-\u003eA2\": 335,\n"}
,{"stream_name":"stdout","time":2311.110639221,"data":"    \"A2-\u003eA1\": 334,\n"}
,{"stream_name":"stdout","time":2311.110642376,"data":"    \"A2-\u003eA3\": 334\n"}
,{"stream_name":"stdout","time":2311.110645604,"data":"  },\n"}
,{"stream_name":"stdout","time":2311.11064887,"data":"  \"gate_log\": {\n"}
,{"stream_name":"stdout","time":2311.110652372,"data":"    \"A1-\u003eA3\": [],\n"}
,{"stream_name":"stdout","time":2311.110655524,"data":"    \"A1-\u003eA2\": [],\n"}
,{"stream_name":"stdout","time":2311.110658747,"data":"    \"A3-\u003eA1\": [],\n"}
,{"stream_name":"stdout","time":2311.110662314,"data":"    \"A3-\u003eA2\": [],\n"}
,{"stream_name":"stdout","time":2311.110665616,"data":"    \"A2-\u003eA1\": [],\n"}
,{"stream_name":"stdout","time":2311.110668726,"data":"    \"A2-\u003eA3\": []\n"}
,{"stream_name":"stdout","time":2311.110671964,"data":"  },\n"}
,{"stream_name":"stdout","time":2311.110675208,"data":"  \"gate\": \"none\"\n"}
,{"stream_name":"stdout","time":2311.110678673,"data":"}\n"}
,{"stream_name":"stdout","time":2313.325654287,"data":"RUN /usr/bin/python3 -u /kaggle/input/datasets/rhrhrhrhrh/physgate-m0-code/sdalr_runner.py --sdalr /kaggle/input/datasets/rhrhrhrhrh/physgate-m0-code --m0 /kaggle/input/datasets/rhrhrhrhrh/physgate-k10-g1 --dataset PU_M1 --src-fold S00 --tgt-fold S00c --variant shot --work /kaggle/working/shot_k10/S00 --seed 2024 --skip-pretrain\n"}
,{"stream_name":"stdout","time":2319.84015019,"data":"读取源域路径：/kaggle/working/shot_k10/S00/weight_PU_M1_shot_FS00toS00c_s2024/NEW_PU/Source-源域/log\u0026pt/(B1)N15_M01_F10\n"}
,{"stream_name":"stdout","time":2319.840179064,"data":"excel输出位置：/kaggle/working/shot_k10/S00/weight_PU_M1_shot_FS00toS00c_s2024/NEW_PU/Target-目标域\n"}
,{"stream_name":"stdout","time":2319.840597806,"data":"特征图片输出位置：/kaggle/working/shot_k10/S00/weight_PU_M1_shot_FS00toS00c_s2024/NEW_PU/Picture-特征图/2026年09月21日20时45分/(B1)N15_M01_F10\n"}
,{"stream_name":"stderr","time":2320.186763807,"data":"/usr/local/lib/python3.12/dist-packages/torch/nn/utils/weight_norm.py:144: FutureWarning: `torch.nn.utils.weight_norm` is deprecated in favor of `torch.nn.utils.parametrizations.weight_norm`.\n"}
,{"stream_name":"stderr","time":2320.186801572,"data":"  WeightNorm.apply(module, name, dim)\n"}
,{"stream_name":"stdout","time":2320.232040194,"data":"现在选取:(B1)N15_M01_F10 进行训练的源模型\n"}
,{"stream_name":"stdout","time":2320.232086898,"data":"现在进行：(B1)N15_M01_F10→(B2)N15_M07_F10 的迁移任务\n"}
,{"stream_name":"stdout","time":2320.232096531,"data":"log\u0026pt输出位置：/kaggle/working/shot_k10/S00/weight_PU_M1_shot_FS00toS00c_s2024/NEW_PU/Target-目标域/log\u0026pt/(B1)N15_M01_F10→(B2)N15_M07_F10\n"}
,{"stream_name":"stderr","time":2320.233160162,"data":"sh: 1: Syntax error: word unexpected (expecting \")\")\n"}
,{"stream_name":"stdout","time":2331.294567772,"data":"任务: (B1)N15_M01_F10→(B2)N15_M07_F10; 批次:····0/·1880;  总正确率: 56.17%\n"}
,{"stream_name":"stdout","time":2331.294605174,"data":"类型1 正确率：  41.00% -\u003e 1   41.35%, 2    5.95%, 3   52.70%\n"}
,{"stream_name":"stdout","time":2331.294609487,"data":"类型2 正确率：  79.00% -\u003e 1    0.00%, 2   79.40%, 3   20.60%\n"}
,{"stream_name":"stdout","time":2331.29461259,"data":"类型3 正确率：  48.00% -\u003e 1    0.00%, 2   52.25%, 3   47.75%\n"}
,{"stream_name":"stdout","time":2331.294615116,"data":"\n"}
,{"stream_name":"stdout","time":2331.294617351,"data":"\n"}
,{"stream_name":"stdout","time":2334.559831696,"data":"SHOT pseudo-labels: model 56.17% -\u003e centroid 58.62%\n"}
,{"stream_name":"stderr","time":2347.416496567,"data":"/kaggle/working/shot_k10/S00/sdalr_PU_shot/tar_adaptation_RES_PU.py:114: UserWarning: Converting a tensor with requires_grad=True to a scalar may lead to unexpected behavior.\n"}
,{"stream_name":"stderr","time":2347.416535468,"data":"Consider using tensor.detach() first. (Triggered internally at /pytorch/torch/csrc/autograd/generated/python_variable_methods.cpp:836.)\n"}
,{"stream_name":"stdout","time":2347.41653711,"data":"轮次:··1/·20 || cls:1.167 || im:-0.773 || 耗时：22.19s\n"}
,{"stream_name":"stderr","time":2347.416542086,"data":"  iter_num // epoch_len, args.max_epoch, float(classifier_loss), float(im_loss), time.time() - start))\n"}
,{"stream_name":"stdout","time":2350.737155039,"data":"SHOT pseudo-labels: model 61.32% -\u003e centroid 62.15%\n"}
,{"stream_name":"stdout","time":2363.986726628,"data":"轮次:··2/·20 || cls:0.943 || im:-0.625 || 耗时：16.57s\n"}
,{"stream_name":"stdout","time":2367.336544776,"data":"SHOT pseudo-labels: model 55.82% -\u003e centroid 57.25%\n"}
,{"stream_name":"stdout","time":2380.147728739,"data":"轮次:··3/·20 || cls:0.765 || im:-0.638 || 耗时：16.16s\n"}
,{"stream_name":"stdout","time":2383.362922305,"data":"SHOT pseudo-labels: model 58.20% -\u003e centroid 55.92%\n"}
,{"stream_name":"stdout","time":2395.818286146,"data":"轮次:··4/·20 || cls:0.659 || im:-0.552 || 耗时：15.67s\n"}
,{"stream_name":"stdout","time":2399.02210301,"data":"SHOT pseudo-labels: model 57.93% -\u003e centroid 68.75%\n"}
,{"stream_name":"stdout","time":2411.454166239,"data":"轮次:··5/·20 || cls:0.717 || im:-0.612 || 耗时：15.64s\n"}
,{"stream_name":"stdout","time":2414.683167406,"data":"SHOT pseudo-labels: model 63.08% -\u003e centroid 73.78%\n"}
,{"stream_name":"stdout","time":2427.337388609,"data":"轮次:··6/·20 || cls:0.737 || im:-0.657 || 耗时：15.88s\n"}
,{"stream_name":"stdout","time":2430.602143489,"data":"SHOT pseudo-labels: model 62.30% -\u003e centroid 74.22%\n"}
,{"stream_name":"stdout","time":2443.532176238,"data":"轮次:··7/·20 || cls:0.692 || im:-0.547 || 耗时：16.19s\n"}
,{"stream_name":"stdout","time":2446.790190656,"data":"SHOT pseudo-labels: model 60.30% -\u003e centroid 50.55%\n"}
,{"stream_name":"stdout","time":2459.474956299,"data":"轮次:··8/·20 || cls:0.730 || im:-0.621 || 耗时：15.94s\n"}
,{"stream_name":"stdout","time":2462.697174811,"data":"SHOT pseudo-labels: model 61.00% -\u003e centroid 74.18%\n"}
,{"stream_name":"stdout","time":2475.274374113,"data":"轮次:··9/·20 || cls:0.672 || im:-0.527 || 耗时：15.80s\n"}
,{"stream_name":"stdout","time":2478.470247327,"data":"SHOT pseudo-labels: model 61.78% -\u003e centroid 73.95%\n"}
,{"stream_name":"stdout","time":2491.037679059,"data":"轮次:·10/·20 || cls:0.471 || im:-0.579 || 耗时：15.76s\n"}
,{"stream_name":"stdout","time":2494.278476346,"data":"SHOT pseudo-labels: model 63.40% -\u003e centroid 77.10%\n"}
,{"stream_name":"stdout","time":2506.92589435,"data":"轮次:·11/·20 || cls:0.741 || im:-0.627 || 耗时：15.89s\n"}
,{"stream_name":"stdout","time":2510.188209353,"data":"SHOT pseudo-labels: model 62.35% -\u003e centroid 75.30%\n"}
,{"stream_name":"stdout","time":2522.911452767,"data":"轮次:·12/·20 || cls:0.833 || im:-0.714 || 耗时：15.99s\n"}
,{"stream_name":"stdout","time":2526.158162212,"data":"SHOT pseudo-labels: model 61.30% -\u003e centroid 74.43%\n"}
,{"stream_name":"stdout","time":2538.864636256,"data":"轮次:·13/·20 || cls:0.704 || im:-0.643 || 耗时：15.95s\n"}
,{"stream_name":"stdout","time":2542.090162978,"data":"SHOT pseudo-labels: model 62.85% -\u003e centroid 74.78%\n"}
,{"stream_name":"stdout","time":2554.758976741,"data":"轮次:·14/·20 || cls:0.740 || im:-0.711 || 耗时：15.89s\n"}
,{"stream_name":"stdout","time":2557.981167771,"data":"SHOT pseudo-labels: model 62.43% -\u003e centroid 75.35%\n"}
,{"stream_name":"stdout","time":2570.628879477,"data":"轮次:·15/·20 || cls:0.609 || im:-0.580 || 耗时：15.87s\n"}
,{"stream_name":"stdout","time":2573.87316318,"data":"SHOT pseudo-labels: model 61.08% -\u003e centroid 73.78%\n"}
,{"stream_name":"stdout","time":2586.515580521,"data":"轮次:·16/·20 || cls:0.739 || im:-0.684 || 耗时：15.89s\n"}
,{"stream_name":"stdout","time":2589.708416334,"data":"SHOT pseudo-labels: model 62.20% -\u003e centroid 74.60%\n"}
,{"stream_name":"stdout","time":2602.340507348,"data":"轮次:·17/·20 || cls:0.753 || im:-0.635 || 耗时：15.82s\n"}
,{"stream_name":"stdout","time":2605.578200557,"data":"SHOT pseudo-labels: model 62.60% -\u003e centroid 76.28%\n"}
,{"stream_name":"stdout","time":2618.226919608,"data":"轮次:·18/·20 || cls:0.647 || im:-0.603 || 耗时：15.89s\n"}
,{"stream_name":"stdout","time":2621.435170932,"data":"SHOT pseudo-labels: model 61.57% -\u003e centroid 76.17%\n"}
,{"stream_name":"stdout","time":2634.097715422,"data":"轮次:·19/·20 || cls:0.692 || im:-0.645 || 耗时：15.87s\n"}
,{"stream_name":"stdout","time":2637.323150792,"data":"SHOT pseudo-labels: model 62.17% -\u003e centroid 76.62%\n"}
,{"stream_name":"stdout","time":2650.003366724,"data":"轮次:·20/·20 || cls:0.655 || im:-0.713 || 耗时：15.91s\n"}
,{"stream_name":"stdout","time":2655.884995829,"data":"测试集任务: (B1)N15_M01_F10→(B2)N15_M07_F10; 总正确率 = 61.75%\n"}
,{"stream_name":"stdout","time":2655.885036119,"data":"类型1 正确率：  98.00% -\u003e 1   97.70%, 2    0.20%, 3    2.10%\n"}
,{"stream_name":"stdout","time":2655.885041874,"data":"类型2 正确率：  46.00% -\u003e 1    0.10%, 2   46.25%, 3   53.65%\n"}
,{"stream_name":"stdout","time":2655.885062656,"data":"类型3 正确率：  41.00% -\u003e 1    0.05%, 2   58.65%, 3   41.30%\n"}
,{"stream_name":"stdout","time":2655.885067618,"data":"\n"}
,{"stream_name":"stdout","time":2655.885100817,"data":"\n"}
,{"stream_name":"stdout","time":2655.90263914,"data":"[tar_adaptation_RES_PU.py --folder_root /kaggle/working/shot_k10/S00/sdalr_PU_shot/DATA_foldS00c --seed 2024 --class_num 3 --data_name PU_M1_L3 --output /kaggle/working/shot_k10/S00/weight_PU_M1_shot_FS00toS00c_s2024 --s 0 --t 1 --lr 0.0005 --threshold 0.4 --K 0.6] 336s\n"}
,{"stream_name":"stdout","time":2655.929647454,"data":"读取源域路径：/kaggle/working/shot_k10/S00/weight_PU_M1_shot_FS00toS00c_s2024/NEW_PU/Source-源域/log\u0026pt/(B1)N15_M01_F10\n"}
,{"stream_name":"stdout","time":2655.929669962,"data":"excel输出位置：/kaggle/working/shot_k10/S00/weight_PU_M1_shot_FS00toS00c_s2024/NEW_PU/Target-目标域\n"}
,{"stream_name":"stdout","time":2655.929679702,"data":"特征图片输出位置：/kaggle/working/shot_k10/S00/weight_PU_M1_shot_FS00toS00c_s2024/NEW_PU/Picture-特征图/2026年09月21日20时50分/(B1)N15_M01_F10\n"}
,{"stream_name":"stderr","time":2655.969528236,"data":"/usr/local/lib/python3.12/dist-packages/torch/nn/utils/weight_norm.py:144: FutureWarning: `torch.nn.utils.weight_norm` is deprecated in favor of `torch.nn.utils.parametrizations.weight_norm`.\n"}
,{"stream_name":"stderr","time":2655.969567051,"data":"  WeightNorm.apply(module, name, dim)\n"}
,{"stream_name":"stdout","time":2656.008347215,"data":"现在选取:(B1)N15_M01_F10 进行训练的源模型\n"}
,{"stream_name":"stdout","time":2656.008374438,"data":"现在进行：(B1)N15_M01_F10→(B3)N15_M07_F04 的迁移任务\n"}
,{"stream_name":"stdout","time":2656.008379246,"data":"log\u0026pt输出位置：/kaggle/working/shot_k10/S00/weight_PU_M1_shot_FS00toS00c_s2024/NEW_PU/Target-目标域/log\u0026pt/(B1)N15_M01_F10→(B3)N15_M07_F04\n"}
,{"stream_name":"stderr","time":2656.00977267,"data":"sh: 1: Syntax error: word unexpected (expecting \")\")\n"}
,{"stream_name":"stdout","time":2666.835925433,"data":"任务: (B1)N15_M01_F10→(B3)N15_M07_F04; 批次:····0/·1880;  总正确率: 64.05%\n"}
,{"stream_name":"stdout","time":2666.835960853,"data":"类型1 正确率：  65.00% -\u003e 1   64.75%, 2    5.35%, 3   29.90%\n"}
,{"stream_name":"stdout","time":2666.835967252,"data":"类型2 正确率：  78.00% -\u003e 1    0.00%, 2   78.45%, 3   21.55%\n"}
,{"stream_name":"stdout","time":2666.835972482,"data":"类型3 正确率：  49.00% -\u003e 1    0.00%, 2   51.05%, 3   48.95%\n"}
,{"stream_name":"stdout","time":2666.835977414,"data":"\n"}
,{"stream_name":"stdout","time":2666.835981872,"data":"\n"}
,{"stream_name":"stdout","time":2670.035964288,"data":"SHOT pseudo-labels: model 64.05% -\u003e centroid 70.20%\n"}
,{"stream_name":"stdout","time":2682.762806379,"data":"轮次:··1/·20 || cls:1.599 || im:-0.745 || 耗时：21.78s\n"}
,{"stream_name":"stdout","time":2686.055177621,"data":"SHOT pseudo-labels: model 69.62% -\u003e centroid 79.15%\n"}
,{"stream_name":"stdout","time":2698.9686272,"data":"轮次:··2/·20 || cls:1.026 || im:-0.673 || 耗时：16.21s\n"}
,{"stream_name":"stdout","time":2702.173147572,"data":"SHOT pseudo-labels: model 57.68% -\u003e centroid 56.57%\n"}
,{"stream_name":"stdout","time":2714.845537415,"data":"轮次:··3/·20 || cls:0.805 || im:-0.707 || 耗时：15.88s\n"}
,{"stream_name":"stdout","time":2718.052236182,"data":"SHOT pseudo-labels: model 55.28% -\u003e centroid 55.07%\n"}
,{"stream_name":"stdout","time":2730.616395193,"data":"轮次:··4/·20 || cls:0.666 || im:-0.641 || 耗时：15.77s\n"}
,{"stream_name":"stdout","time":2733.83314745,"data":"SHOT pseudo-labels: model 52.07% -\u003e centroid 47.77%\n"}
,{"stream_name":"stdout","time":2746.427322296,"data":"轮次:··5/·20 || cls:0.747 || im:-0.632 || 耗时：15.81s\n"}
,{"stream_name":"stdout","time":2749.628152095,"data":"SHOT pseudo-labels: model 47.82% -\u003e centroid 35.02%\n"}
,{"stream_name":"stdout","time":2762.254182536,"data":"轮次:··6/·20 || cls:0.756 || im:-0.617 || 耗时：15.83s\n"}
,{"stream_name":"stdout","time":2765.489152823,"data":"SHOT pseudo-labels: model 49.25% -\u003e centroid 36.23%\n"}
,{"stream_name":"stdout","time":2778.211483763,"data":"轮次:··7/·20 || cls:0.713 || im:-0.557 || 耗时：15.96s\n"}
,{"stream_name":"stdout","time":2781.447189426,"data":"SHOT pseudo-labels: model 50.03% -\u003e centroid 35.73%\n"}
,{"stream_name":"stdout","time":2794.163725984,"data":"轮次:··8/·20 || cls:0.648 || im:-0.554 || 耗时：15.95s\n"}
,{"stream_name":"stdout","time":2797.411114571,"data":"SHOT pseudo-labels: model 48.95% -\u003e centroid 34.48%\n"}
,{"stream_name":"stdout","time":2810.046253825,"data":"轮次:··9/·20 || cls:0.646 || im:-0.569 || 耗时：15.88s\n"}
,{"stream_name":"stdout","time":2813.263270936,"data":"SHOT pseudo-labels: model 47.67% -\u003e centroid 33.95%\n"}
,{"stream_name":"stdout","time":2825.881103044,"data":"轮次:·10/·20 || cls:0.709 || im:-0.594 || 耗时：15.83s\n"}
,{"stream_name":"stdout","time":2829.109217365,"data":"SHOT pseudo-labels: model 46.32% -\u003e centroid 30.88%\n"}
,{"stream_name":"stdout","time":2841.755844737,"data":"轮次:·11/·20 || cls:0.774 || im:-0.578 || 耗时：15.87s\n"}
,{"stream_name":"stdout","time":2844.996166934,"data":"SHOT pseudo-labels: model 45.65% -\u003e centroid 29.57%\n"}
,{"stream_name":"stdout","time":2857.681678224,"data":"轮次:·12/·20 || cls:0.577 || im:-0.633 || 耗时：15.93s\n"}
,{"stream_name":"stdout","time":2860.926196516,"data":"SHOT pseudo-labels: model 45.98% -\u003e centroid 28.08%\n"}
,{"stream_name":"stdout","time":2873.676775369,"data":"轮次:·13/·20 || cls:0.671 || im:-0.565 || 耗时：15.99s\n"}
,{"stream_name":"stdout","time":2876.911186302,"data":"SHOT pseudo-labels: model 44.30% -\u003e centroid 24.77%\n"}
,{"stream_name":"stdout","time":2889.59588695,"data":"轮次:·14/·20 || cls:0.634 || im:-0.548 || 耗时：15.92s\n"}
,{"stream_name":"stdout","time":2892.820129128,"data":"SHOT pseudo-labels: model 44.85% -\u003e centroid 25.22%\n"}
,{"stream_name":"stdout","time":2905.468505281,"data":"轮次:·15/·20 || cls:0.751 || im:-0.568 || 耗时：15.87s\n"}
,{"stream_name":"stdout","time":2908.679163899,"data":"SHOT pseudo-labels: model 43.47% -\u003e centroid 21.70%\n"}
,{"stream_name":"stdout","time":2921.289753499,"data":"轮次:·16/·20 || cls:0.651 || im:-0.601 || 耗时：15.82s\n"}
,{"stream_name":"stdout","time":2924.519605116,"data":"SHOT pseudo-labels: model 44.07% -\u003e centroid 22.08%\n"}
,{"stream_name":"stdout","time":2937.145217161,"data":"轮次:·17/·20 || cls:0.666 || im:-0.531 || 耗时：15.86s\n"}
,{"stream_name":"stdout","time":2940.347395306,"data":"SHOT pseudo-labels: model 45.92% -\u003e centroid 24.05%\n"}
,{"stream_name":"stdout","time":2953.026395505,"data":"轮次:·18/·20 || cls:0.726 || im:-0.580 || 耗时：15.88s\n"}
,{"stream_name":"stdout","time":2956.234177699,"data":"SHOT pseudo-labels: model 46.10% -\u003e centroid 24.58%\n"}
,{"stream_name":"stdout","time":2968.892319422,"data":"轮次:·19/·20 || cls:0.617 || im:-0.560 || 耗时：15.87s\n"}
,{"stream_name":"stdout","time":2972.12019663,"data":"SHOT pseudo-labels: model 46.17% -\u003e centroid 23.75%\n"}
,{"stream_name":"stdout","time":2984.801922482,"data":"轮次:·20/·20 || cls:0.573 || im:-0.601 || 耗时：15.91s\n"}
,{"stream_name":"stdout","time":2990.686420395,"data":"测试集任务: (B1)N15_M01_F10→(B3)N15_M07_F04; 总正确率 = 45.93%\n"}
,{"stream_name":"stdout","time":2990.686457282,"data":"类型1 正确率：  47.00% -\u003e 1   47.35%, 2   29.90%, 3   22.75%\n"}
,{"stream_name":"stdout","time":2990.68647613,"data":"类型2 正确率：  41.00% -\u003e 1   32.30%, 2   40.60%, 3   27.10%\n"}
,{"stream_name":"stdout","time":2990.686480703,"data":"类型3 正确率：  50.00% -\u003e 1   12.25%, 2   37.90%, 3   49.85%\n"}
,{"stream_name":"stdout","time":2990.686484242,"data":"\n"}
,{"stream_name":"stdout","time":2990.686487827,"data":"\n"}
,{"stream_name":"stdout","time":2990.705455068,"data":"[tar_adaptation_RES_PU.py --folder_root /kaggle/working/shot_k10/S00/sdalr_PU_shot/DATA_foldS00c --seed 2024 --class_num 3 --data_name PU_M1_L3 --output /kaggle/working/shot_k10/S00/weight_PU_M1_shot_FS00toS00c_s2024 --s 0 --t 2 --lr 0.0005 --threshold 0.4 --K 0.6] 335s\n"}
,{"stream_name":"stdout","time":2990.731554962,"data":"读取源域路径：/kaggle/working/shot_k10/S00/weight_PU_M1_shot_FS00toS00c_s2024/NEW_PU/Source-源域/log\u0026pt/(B2)N15_M07_F10\n"}
,{"stream_name":"stdout","time":2990.731573779,"data":"excel输出位置：/kaggle/working/shot_k10/S00/weight_PU_M1_shot_FS00toS00c_s2024/NEW_PU/Target-目标域\n"}
,{"stream_name":"stdout","time":2990.731663592,"data":"特征图片输出位置：/kaggle/working/shot_k10/S00/weight_PU_M1_shot_FS00toS00c_s2024/NEW_PU/Picture-特征图/2026年09月21日20时56分/(B2)N15_M07_F10\n"}
,{"stream_name":"stderr","time":2990.764981509,"data":"/usr/local/lib/python3.12/dist-packages/torch/nn/utils/weight_norm.py:144: FutureWarning: `torch.nn.utils.weight_norm` is deprecated in favor of `torch.nn.utils.parametrizations.weight_norm`.\n"}
,{"stream_name":"stderr","time":2990.765003738,"data":"  WeightNorm.apply(module, name, dim)\n"}
,{"stream_name":"stdout","time":2990.802800349,"data":"现在选取:(B2)N15_M07_F10 进行训练的源模型\n"}
,{"stream_name":"stdout","time":2990.802825616,"data":"现在进行：(B2)N15_M07_F10→(B1)N15_M01_F10 的迁移任务\n"}
,{"stream_name":"stdout","time":2990.802830799,"data":"log\u0026pt输出位置：/kaggle/working/shot_k10/S00/weight_PU_M1_shot_FS00toS00c_s2024/NEW_PU/Target-目标域/log\u0026pt/(B2)N15_M07_F10→(B1)N15_M01_F10\n"}
,{"stream_name":"stderr","time":2990.8041677,"data":"sh: 1: Syntax error: word unexpected (expecting \")\")\n"}
,{"stream_name":"stdout","time":3001.696844553,"data":"任务: (B2)N15_M07_F10→(B1)N15_M01_F10; 批次:····0/·1880;  总正确率: 53.40%\n"}
,{"stream_name":"stdout","time":3001.69687814,"data":"类型1 正确率：  38.00% -\u003e 1   38.35%, 2    0.55%, 3   61.10%\n"}
,{"stream_name":"stdout","time":3001.696885025,"data":"类型2 正确率：  66.00% -\u003e 1    0.00%, 2   66.40%, 3   33.60%\n"}
,{"stream_name":"stdout","time":3001.69689028,"data":"类型3 正确率：  55.00% -\u003e 1    0.05%, 2   44.50%, 3   55.45%\n"}
,{"stream_name":"stdout","time":3001.696895236,"data":"\n"}
,{"stream_name":"stdout","time":3001.696900371,"data":"\n"}
,{"stream_name":"stdout","time":3004.93108155,"data":"SHOT pseudo-labels: model 53.40% -\u003e centroid 52.00%\n"}
,{"stream_name":"stdout","time":3017.697633812,"data":"轮次:··1/·20 || cls:1.673 || im:-0.904 || 耗时：21.86s\n"}
,{"stream_name":"stdout","time":3020.962139918,"data":"SHOT pseudo-labels: model 70.42% -\u003e centroid 72.15%\n"}
,{"stream_name":"stdout","time":3033.84638991,"data":"轮次:··2/·20 || cls:1.132 || im:-0.744 || 耗时：16.15s\n"}
,{"stream_name":"stdout","time":3037.084143234,"data":"SHOT pseudo-labels: model 57.12% -\u003e centroid 62.27%\n"}
,{"stream_name":"stdout","time":3049.708826777,"data":"轮次:··3/·20 || cls:1.015 || im:-0.657 || 耗时：15.86s\n"}
,{"stream_name":"stdout","time":3052.929164734,"data":"SHOT pseudo-labels: model 41.15% -\u003e centroid 47.60%\n"}
,{"stream_name":"stdout","time":3065.493144501,"data":"轮次:··4/·20 || cls:0.912 || im:-0.603 || 耗时：15.78s\n"}
,{"stream_name":"stdout","time":3068.706184139,"data":"SHOT pseudo-labels: model 37.70% -\u003e centroid 48.87%\n"}
,{"stream_name":"stdout","time":3081.270728366,"data":"轮次:··5/·20 || cls:0.781 || im:-0.596 || 耗时：15.78s\n"}
,{"stream_name":"stdout","time":3084.473105997,"data":"SHOT pseudo-labels: model 30.62% -\u003e centroid 46.67%\n"}
,{"stream_name":"stdout","time":3097.132008686,"data":"轮次:··6/·20 || cls:0.726 || im:-0.520 || 耗时：15.86s\n"}
,{"stream_name":"stdout","time":3100.363353038,"data":"SHOT pseudo-labels: model 30.47% -\u003e centroid 44.88%\n"}
,{"stream_name":"stdout","time":3113.074771567,"data":"轮次:··7/·20 || cls:0.770 || im:-0.600 || 耗时：15.94s\n"}
,{"stream_name":"stdout","time":3116.305191974,"data":"SHOT pseudo-labels: model 26.07% -\u003e centroid 44.70%\n"}
,{"stream_name":"stdout","time":3128.985550987,"data":"轮次:··8/·20 || cls:0.776 || im:-0.713 || 耗时：15.91s\n"}
,{"stream_name":"stdout","time":3132.191137505,"data":"SHOT pseudo-labels: model 25.70% -\u003e centroid 42.78%\n"}
,{"stream_name":"stdout","time":3144.786157818,"data":"轮次:··9/·20 || cls:0.741 || im:-0.580 || 耗时：15.80s\n"}
,{"stream_name":"stdout","time":3147.9892164,"data":"SHOT pseudo-labels: model 24.33% -\u003e centroid 39.52%\n"}
,{"stream_name":"stdout","time":3160.609177039,"data":"轮次:·10/·20 || cls:0.620 || im:-0.589 || 耗时：15.82s\n"}
,{"stream_name":"stdout","time":3163.833148966,"data":"SHOT pseudo-labels: model 23.75% -\u003e centroid 38.48%\n"}
,{"stream_name":"stdout","time":3176.496033632,"data":"轮次:·11/·20 || cls:0.723 || im:-0.630 || 耗时：15.89s\n"}
,{"stream_name":"stdout","time":3179.716173097,"data":"SHOT pseudo-labels: model 23.67% -\u003e centroid 35.22%\n"}
,{"stream_name":"stdout","time":3192.415732558,"data":"轮次:·12/·20 || cls:0.525 || im:-0.617 || 耗时：15.92s\n"}
,{"stream_name":"stdout","time":3195.641139124,"data":"SHOT pseudo-labels: model 21.90% -\u003e centroid 34.85%\n"}
,{"stream_name":"stdout","time":3208.351280028,"data":"轮次:·13/·20 || cls:0.634 || im:-0.543 || 耗时：15.94s\n"}
,{"stream_name":"stdout","time":3211.577146242,"data":"SHOT pseudo-labels: model 21.77% -\u003e centroid 31.78%\n"}
,{"stream_name":"stdout","time":3224.264817617,"data":"轮次:·14/·20 || cls:0.756 || im:-0.531 || 耗时：15.91s\n"}
,{"stream_name":"stdout","time":3227.493152601,"data":"SHOT pseudo-labels: model 20.15% -\u003e centroid 34.95%\n"}
,{"stream_name":"stdout","time":3240.176285484,"data":"轮次:·15/·20 || cls:0.664 || im:-0.609 || 耗时：15.91s\n"}
,{"stream_name":"stdout","time":3243.41515541,"data":"SHOT pseudo-labels: model 21.48% -\u003e centroid 37.52%\n"}
,{"stream_name":"stdout","time":3256.081547699,"data":"轮次:·16/·20 || cls:0.695 || im:-0.621 || 耗时：15.91s\n"}
,{"stream_name":"stdout","time":3259.284253101,"data":"SHOT pseudo-labels: model 20.70% -\u003e centroid 32.22%\n"}
,{"stream_name":"stdout","time":3271.986839586,"data":"轮次:·17/·20 || cls:0.626 || im:-0.613 || 耗时：15.91s\n"}
,{"stream_name":"stdout","time":3275.222160347,"data":"SHOT pseudo-labels: model 20.18% -\u003e centroid 30.70%\n"}
,{"stream_name":"stdout","time":3287.902777836,"data":"轮次:·18/·20 || cls:0.642 || im:-0.549 || 耗时：15.92s\n"}
,{"stream_name":"stdout","time":3291.109661708,"data":"SHOT pseudo-labels: model 19.82% -\u003e centroid 25.23%\n"}
,{"stream_name":"stdout","time":3303.81776834,"data":"轮次:·19/·20 || cls:0.695 || im:-0.551 || 耗时：15.91s\n"}
,{"stream_name":"stdout","time":3307.044147511,"data":"SHOT pseudo-labels: model 19.48% -\u003e centroid 24.82%\n"}
,{"stream_name":"stdout","time":3319.708113518,"data":"轮次:·20/·20 || cls:0.627 || im:-0.626 || 耗时：15.89s\n"}
,{"stream_name":"stdout","time":3325.555864722,"data":"测试集任务: (B2)N15_M07_F10→(B1)N15_M01_F10; 总正确率 = 19.70%\n"}
,{"stream_name":"stdout","time":3325.555909895,"data":"类型1 正确率：   4.00% -\u003e 1    3.70%, 2   67.50%, 3   28.80%\n"}
,{"stream_name":"stdout","time":3325.5559163,"data":"类型2 正确率：  22.00% -\u003e 1   32.10%, 2   22.40%, 3   45.50%\n"}
,{"stream_name":"stdout","time":3325.555937,"data":"类型3 正确率：  33.00% -\u003e 1   51.05%, 2   15.95%, 3   33.00%\n"}
,{"stream_name":"stdout","time":3325.555943768,"data":"\n"}
,{"stream_name":"stdout","time":3325.555949316,"data":"\n"}
,{"stream_name":"stdout","time":3325.575999838,"data":"[tar_adaptation_RES_PU.py --folder_root /kaggle/working/shot_k10/S00/sdalr_PU_shot/DATA_foldS00c --seed 2024 --class_num 3 --data_name PU_M1_L3 --output /kaggle/working/shot_k10/S00/weight_PU_M1_shot_FS00toS00c_s2024 --s 1 --t 0 --lr 0.0005 --threshold 0.4 --K 0.6] 335s\n"}
,{"stream_name":"stdout","time":3325.607963862,"data":"读取源域路径：/kaggle/working/shot_k10/S00/weight_PU_M1_shot_FS00toS00c_s2024/NEW_PU/Source-源域/log\u0026pt/(B2)N15_M07_F10\n"}
,{"stream_name":"stdout","time":3325.607989917,"data":"excel输出位置：/kaggle/working/shot_k10/S00/weight_PU_M1_shot_FS00toS00c_s2024/NEW_PU/Target-目标域\n"}
,{"stream_name":"stdout","time":3325.608122825,"data":"特征图片输出位置：/kaggle/working/shot_k10/S00/weight_PU_M1_shot_FS00toS00c_s2024/NEW_PU/Picture-特征图/2026年09月21日21时01分/(B2)N15_M07_F10\n"}
,{"stream_name":"stderr","time":3325.641002101,"data":"/usr/local/lib/python3.12/dist-packages/torch/nn/utils/weight_norm.py:144: FutureWarning: `torch.nn.utils.weight_norm` is deprecated in favor of `torch.nn.utils.parametrizations.weight_norm`.\n"}
,{"stream_name":"stderr","time":3325.641026441,"data":"  WeightNorm.apply(module, name, dim)\n"}
,{"stream_name":"stdout","time":3325.678785008,"data":"现在选取:(B2)N15_M07_F10 进行训练的源模型\n"}
,{"stream_name":"stdout","time":3325.678802463,"data":"现在进行：(B2)N15_M07_F10→(B3)N15_M07_F04 的迁移任务\n"}
,{"stream_name":"stdout","time":3325.678806146,"data":"log\u0026pt输出位置：/kaggle/working/shot_k10/S00/weight_PU_M1_shot_FS00toS00c_s2024/NEW_PU/Target-目标域/log\u0026pt/(B2)N15_M07_F10→(B3)N15_M07_F04\n"}
,{"stream_name":"stderr","time":3325.680292889,"data":"sh: 1: Syntax error: word unexpected (expecting \")\")\n"}
,{"stream_name":"stdout","time":3336.461985228,"data":"任务: (B2)N15_M07_F10→(B3)N15_M07_F04; 批次:····0/·1880;  总正确率: 58.22%\n"}
,{"stream_name":"stdout","time":3336.462030242,"data":"类型1 正确率：  57.00% -\u003e 1   56.85%, 2    4.85%, 3   38.30%\n"}
,{"stream_name":"stdout","time":3336.462035748,"data":"类型2 正确率：  70.00% -\u003e 1    0.00%, 2   70.10%, 3   29.90%\n"}
,{"stream_name":"stdout","time":3336.462039124,"data":"类型3 正确率：  48.00% -\u003e 1    0.00%, 2   52.30%, 3   47.70%\n"}
,{"stream_name":"stdout","time":3336.462042541,"data":"\n"}
,{"stream_name":"stdout","time":3336.462045475,"data":"\n"}
,{"stream_name":"stdout","time":3339.650138024,"data":"SHOT pseudo-labels: model 58.22% -\u003e centroid 69.58%\n"}
,{"stream_name":"stdout","time":3352.386542382,"data":"轮次:··1/·20 || cls:1.894 || im:-0.900 || 耗时：21.77s\n"}
,{"stream_name":"stdout","time":3355.681153083,"data":"SHOT pseudo-labels: model 64.07% -\u003e centroid 73.60%\n"}
,{"stream_name":"stdout","time":3368.590254387,"data":"轮次:··2/·20 || cls:1.076 || im:-0.636 || 耗时：16.20s\n"}
,{"stream_name":"stdout","time":3371.817151541,"data":"SHOT pseudo-labels: model 59.73% -\u003e centroid 71.90%\n"}
,{"stream_name":"stdout","time":3384.484400743,"data":"轮次:··3/·20 || cls:0.828 || im:-0.683 || 耗时：15.89s\n"}
,{"stream_name":"stdout","time":3387.673171845,"data":"SHOT pseudo-labels: model 43.48% -\u003e centroid 45.13%\n"}
,{"stream_name":"stdout","time":3400.233254395,"data":"轮次:··4/·20 || cls:0.882 || im:-0.705 || 耗时：15.75s\n"}
,{"stream_name":"stdout","time":3403.445171347,"data":"SHOT pseudo-labels: model 37.87% -\u003e centroid 37.67%\n"}
,{"stream_name":"stdout","time":3415.99847144,"data":"轮次:··5/·20 || cls:0.784 || im:-0.587 || 耗时：15.77s\n"}
,{"stream_name":"stdout","time":3419.212897514,"data":"SHOT pseudo-labels: model 39.48% -\u003e centroid 37.63%\n"}
,{"stream_name":"stdout","time":3431.898142855,"data":"轮次:··6/·20 || cls:0.549 || im:-0.656 || 耗时：15.90s\n"}
,{"stream_name":"stdout","time":3435.160184362,"data":"SHOT pseudo-labels: model 40.80% -\u003e centroid 37.45%\n"}
,{"stream_name":"stdout","time":3447.895152874,"data":"轮次:··7/·20 || cls:0.761 || im:-0.617 || 耗时：16.00s\n"}
,{"stream_name":"stdout","time":3451.14614262,"data":"SHOT pseudo-labels: model 42.68% -\u003e centroid 39.73%\n"}
,{"stream_name":"stdout","time":3463.831466497,"data":"轮次:··8/·20 || cls:0.906 || im:-0.634 || 耗时：15.94s\n"}
,{"stream_name":"stdout","time":3467.055187343,"data":"SHOT pseudo-labels: model 42.50% -\u003e centroid 40.82%\n"}
,{"stream_name":"stdout","time":3479.662975806,"data":"轮次:··9/·20 || cls:0.743 || im:-0.643 || 耗时：15.83s\n"}
,{"stream_name":"stdout","time":3482.899167221,"data":"SHOT pseudo-labels: model 42.75% -\u003e centroid 41.82%\n"}
,{"stream_name":"stdout","time":3495.525509904,"data":"轮次:·10/·20 || cls:0.725 || im:-0.525 || 耗时：15.86s\n"}
,{"stream_name":"stdout","time":3498.730190356,"data":"SHOT pseudo-labels: model 43.78% -\u003e centroid 42.97%\n"}
,{"stream_name":"stdout","time":3511.382340238,"data":"轮次:·11/·20 || cls:0.932 || im:-0.636 || 耗时：15.86s\n"}
,{"stream_name":"stdout","time":3514.627664974,"data":"SHOT pseudo-labels: model 44.87% -\u003e centroid 44.03%\n"}
,{"stream_name":"stdout","time":3527.303476144,"data":"轮次:·12/·20 || cls:0.804 || im:-0.606 || 耗时：15.92s\n"}
,{"stream_name":"stdout","time":3530.547284473,"data":"SHOT pseudo-labels: model 48.20% -\u003e centroid 44.88%\n"}
,{"stream_name":"stdout","time":3543.246258413,"data":"轮次:·13/·20 || cls:0.672 || im:-0.573 || 耗时：15.94s\n"}
,{"stream_name":"stdout","time":3546.483184057,"data":"SHOT pseudo-labels: model 46.35% -\u003e centroid 45.43%\n"}
,{"stream_name":"stdout","time":3559.170821808,"data":"轮次:·14/·20 || cls:0.763 || im:-0.633 || 耗时：15.92s\n"}
,{"stream_name":"stdout","time":3562.38733109,"data":"SHOT pseudo-labels: model 49.10% -\u003e centroid 48.35%\n"}
,{"stream_name":"stdout","time":3575.074647746,"data":"轮次:·15/·20 || cls:0.569 || im:-0.474 || 耗时：15.90s\n"}
,{"stream_name":"stdout","time":3578.28316503,"data":"SHOT pseudo-labels: model 46.48% -\u003e centroid 45.50%\n"}
,{"stream_name":"stdout","time":3590.996015596,"data":"轮次:·16/·20 || cls:0.690 || im:-0.569 || 耗时：15.92s\n"}
,{"stream_name":"stdout","time":3594.246540981,"data":"SHOT pseudo-labels: model 48.38% -\u003e centroid 45.87%\n"}
,{"stream_name":"stdout","time":3606.936190529,"data":"轮次:·17/·20 || cls:0.664 || im:-0.529 || 耗时：15.94s\n"}
,{"stream_name":"stdout","time":3610.160144638,"data":"SHOT pseudo-labels: model 50.03% -\u003e centroid 49.60%\n"}
,{"stream_name":"stdout","time":3622.836931895,"data":"轮次:·18/·20 || cls:0.712 || im:-0.569 || 耗时：15.90s\n"}
,{"stream_name":"stdout","time":3626.050151501,"data":"SHOT pseudo-labels: model 50.67% -\u003e centroid 50.47%\n"}
,{"stream_name":"stdout","time":3638.715441116,"data":"轮次:·19/·20 || cls:0.835 || im:-0.572 || 耗时：15.88s\n"}
,{"stream_name":"stdout","time":3641.928173646,"data":"SHOT pseudo-labels: model 52.38% -\u003e centroid 51.72%\n"}
,{"stream_name":"stdout","time":3654.589236772,"data":"轮次:·20/·20 || cls:0.654 || im:-0.610 || 耗时：15.87s\n"}
,{"stream_name":"stdout","time":3660.458162015,"data":"测试集任务: (B2)N15_M07_F10→(B3)N15_M07_F04; 总正确率 = 53.17%\n"}
,{"stream_name":"stdout","time":3660.45820246,"data":"类型1 正确率：  73.00% -\u003e 1   73.45%, 2   13.05%, 3   13.50%\n"}
,{"stream_name":"stdout","time":3660.458208989,"data":"类型2 正确率：  30.00% -\u003e 1   29.40%, 2   30.20%, 3   40.40%\n"}
,{"stream_name":"stdout","time":3660.458213886,"data":"类型3 正确率：  56.00% -\u003e 1    4.20%, 2   39.95%, 3   55.85%\n"}
,{"stream_name":"stdout","time":3660.458218435,"data":"\n"}
,{"stream_name":"stdout","time":3660.458222765,"data":"\n"}
,{"stream_name":"stdout","time":3660.476230056,"data":"[tar_adaptation_RES_PU.py --folder_root /kaggle/working/shot_k10/S00/sdalr_PU_shot/DATA_foldS00c --seed 2024 --class_num 3 --data_name PU_M1_L3 --output /kaggle/working/shot_k10/S00/weight_PU_M1_shot_FS00toS00c_s2024 --s 1 --t 2 --lr 0.0005 --threshold 0.4 --K 0.6] 335s\n"}
,{"stream_name":"stdout","time":3660.50930852,"data":"读取源域路径：/kaggle/working/shot_k10/S00/weight_PU_M1_shot_FS00toS00c_s2024/NEW_PU/Source-源域/log\u0026pt/(B3)N15_M07_F04\n"}
,{"stream_name":"stdout","time":3660.50933285,"data":"excel输出位置：/kaggle/working/shot_k10/S00/weight_PU_M1_shot_FS00toS00c_s2024/NEW_PU/Target-目标域\n"}
,{"stream_name":"stdout","time":3660.509419095,"data":"特征图片输出位置：/kaggle/working/shot_k10/S00/weight_PU_M1_shot_FS00toS00c_s2024/NEW_PU/Picture-特征图/2026年09月21日21时07分/(B3)N15_M07_F04\n"}
,{"stream_name":"stderr","time":3660.542194375,"data":"/usr/local/lib/python3.12/dist-packages/torch/nn/utils/weight_norm.py:144: FutureWarning: `torch.nn.utils.weight_norm` is deprecated in favor of `torch.nn.utils.parametrizations.weight_norm`.\n"}
,{"stream_name":"stderr","time":3660.542214497,"data":"  WeightNorm.apply(module, name, dim)\n"}
,{"stream_name":"stdout","time":3660.581519861,"data":"现在选取:(B3)N15_M07_F04 进行训练的源模型\n"}
,{"stream_name":"stdout","time":3660.581540363,"data":"现在进行：(B3)N15_M07_F04→(B1)N15_M01_F10 的迁移任务\n"}
,{"stream_name":"stdout","time":3660.581551595,"data":"log\u0026pt输出位置：/kaggle/working/shot_k10/S00/weight_PU_M1_shot_FS00toS00c_s2024/NEW_PU/Target-目标域/log\u0026pt/(B3)N15_M07_F04→(B1)N15_M01_F10\n"}
,{"stream_name":"stderr","time":3660.582930509,"data":"sh: 1: Syntax error: word unexpected (expecting \")\")\n"}
,{"stream_name":"stdout","time":3671.377682956,"data":"任务: (B3)N15_M07_F04→(B1)N15_M01_F10; 批次:····0/·1880;  总正确率: 52.15%\n"}
,{"stream_name":"stdout","time":3671.377722045,"data":"类型1 正确率：  68.00% -\u003e 1   67.65%, 2    0.45%, 3   31.90%\n"}
,{"stream_name":"stdout","time":3671.37772691,"data":"类型2 正确率：  56.00% -\u003e 1    0.00%, 2   55.85%, 3   44.15%\n"}
,{"stream_name":"stdout","time":3671.377730339,"data":"类型3 正确率：  33.00% -\u003e 1    0.00%, 2   67.05%, 3   32.95%\n"}
,{"stream_name":"stdout","time":3671.377733656,"data":"\n"}
,{"stream_name":"stdout","time":3671.377736568,"data":"\n"}
,{"stream_name":"stdout","time":3674.606153786,"data":"SHOT pseudo-labels: model 52.15% -\u003e centroid 63.78%\n"}
,{"stream_name":"stdout","time":3687.352582013,"data":"轮次:··1/·20 || cls:1.744 || im:-0.903 || 耗时：21.79s\n"}
,{"stream_name":"stdout","time":3690.628525698,"data":"SHOT pseudo-labels: model 58.30% -\u003e centroid 58.65%\n"}
,{"stream_name":"stdout","time":3703.46354946,"data":"轮次:··2/·20 || cls:1.242 || im:-0.816 || 耗时：16.11s\n"}
,{"stream_name":"stdout","time":3706.713107645,"data":"SHOT pseudo-labels: model 56.73% -\u003e centroid 59.07%\n"}
,{"stream_name":"stdout","time":3719.364488397,"data":"轮次:··3/·20 || cls:0.919 || im:-0.690 || 耗时：15.90s\n"}
,{"stream_name":"stdout","time":3722.590112688,"data":"SHOT pseudo-labels: model 59.75% -\u003e centroid 57.33%\n"}
,{"stream_name":"stdout","time":3735.173034529,"data":"轮次:··4/·20 || cls:0.931 || im:-0.670 || 耗时：15.81s\n"}
,{"stream_name":"stdout","time":3738.395166043,"data":"SHOT pseudo-labels: model 61.80% -\u003e centroid 59.33%\n"}
,{"stream_name":"stdout","time":3751.016691802,"data":"轮次:··5/·20 || cls:0.719 || im:-0.596 || 耗时：15.84s\n"}
,{"stream_name":"stdout","time":3754.268291422,"data":"SHOT pseudo-labels: model 65.43% -\u003e centroid 62.52%\n"}
,{"stream_name":"stdout","time":3766.932225876,"data":"轮次:··6/·20 || cls:0.664 || im:-0.711 || 耗时：15.92s\n"}
,{"stream_name":"stdout","time":3770.151183292,"data":"SHOT pseudo-labels: model 65.42% -\u003e centroid 59.62%\n"}
,{"stream_name":"stdout","time":3782.755999474,"data":"轮次:··7/·20 || cls:0.680 || im:-0.627 || 耗时：15.82s\n"}
,{"stream_name":"stdout","time":3785.948137126,"data":"SHOT pseudo-labels: model 65.48% -\u003e centroid 61.63%\n"}
,{"stream_name":"stdout","time":3798.587975257,"data":"轮次:··8/·20 || cls:0.714 || im:-0.550 || 耗时：15.83s\n"}
,{"stream_name":"stdout","time":3801.80412897,"data":"SHOT pseudo-labels: model 66.05% -\u003e centroid 53.92%\n"}
,{"stream_name":"stdout","time":3814.481098225,"data":"轮次:··9/·20 || cls:0.607 || im:-0.649 || 耗时：15.89s\n"}
,{"stream_name":"stdout","time":3817.711163006,"data":"SHOT pseudo-labels: model 67.72% -\u003e centroid 54.17%\n"}
,{"stream_name":"stdout","time":3830.421066627,"data":"轮次:·10/·20 || cls:0.512 || im:-0.669 || 耗时：15.94s\n"}
,{"stream_name":"stdout","time":3833.663185254,"data":"SHOT pseudo-labels: model 67.42% -\u003e centroid 53.80%\n"}
,{"stream_name":"stdout","time":3846.342312932,"data":"轮次:·11/·20 || cls:0.785 || im:-0.613 || 耗时：15.92s\n"}
,{"stream_name":"stdout","time":3849.578178521,"data":"SHOT pseudo-labels: model 67.45% -\u003e centroid 53.02%\n"}
,{"stream_name":"stdout","time":3862.209636791,"data":"轮次:·12/·20 || cls:0.790 || im:-0.700 || 耗时：15.87s\n"}
,{"stream_name":"stdout","time":3865.441462548,"data":"SHOT pseudo-labels: model 68.78% -\u003e centroid 52.45%\n"}
,{"stream_name":"stdout","time":3878.074039963,"data":"轮次:·13/·20 || cls:0.698 || im:-0.630 || 耗时：15.86s\n"}
,{"stream_name":"stdout","time":3881.291503035,"data":"SHOT pseudo-labels: model 68.95% -\u003e centroid 52.18%\n"}
,{"stream_name":"stdout","time":3893.945323569,"data":"轮次:·14/·20 || cls:0.653 || im:-0.586 || 耗时：15.87s\n"}
,{"stream_name":"stdout","time":3897.159683892,"data":"SHOT pseudo-labels: model 69.85% -\u003e centroid 52.40%\n"}
,{"stream_name":"stdout","time":3909.8820542,"data":"轮次:·15/·20 || cls:0.720 || im:-0.662 || 耗时：15.94s\n"}
,{"stream_name":"stdout","time":3913.126188567,"data":"SHOT pseudo-labels: model 69.48% -\u003e centroid 54.47%\n"}
,{"stream_name":"stdout","time":3925.811917563,"data":"轮次:·16/·20 || cls:0.650 || im:-0.673 || 耗时：15.93s\n"}
,{"stream_name":"stdout","time":3929.034137687,"data":"SHOT pseudo-labels: model 69.83% -\u003e centroid 52.43%\n"}
,{"stream_name":"stdout","time":3941.663143469,"data":"轮次:·17/·20 || cls:0.710 || im:-0.624 || 耗时：15.85s\n"}
,{"stream_name":"stdout","time":3944.884110902,"data":"SHOT pseudo-labels: model 71.63% -\u003e centroid 53.47%\n"}
,{"stream_name":"stdout","time":3957.485956983,"data":"轮次:·18/·20 || cls:0.625 || im:-0.673 || 耗时：15.82s\n"}
,{"stream_name":"stdout","time":3960.697154743,"data":"SHOT pseudo-labels: model 71.53% -\u003e centroid 54.20%\n"}
,{"stream_name":"stdout","time":3973.358483012,"data":"轮次:·19/·20 || cls:0.819 || im:-0.628 || 耗时：15.87s\n"}
,{"stream_name":"stdout","time":3976.585153501,"data":"SHOT pseudo-labels: model 72.27% -\u003e centroid 53.75%\n"}
,{"stream_name":"stdout","time":3989.296570991,"data":"轮次:·20/·20 || cls:0.620 || im:-0.686 || 耗时：15.94s\n"}
,{"stream_name":"stdout","time":3995.162861751,"data":"测试集任务: (B3)N15_M07_F04→(B1)N15_M01_F10; 总正确率 = 72.82%\n"}
,{"stream_name":"stdout","time":3995.162909161,"data":"类型1 正确率：  96.00% -\u003e 1   96.15%, 2    1.20%, 3    2.65%\n"}
,{"stream_name":"stdout","time":3995.162914675,"data":"类型2 正确率：  60.00% -\u003e 1    0.00%, 2   59.95%, 3   40.05%\n"}
,{"stream_name":"stdout","time":3995.162928963,"data":"类型3 正确率：  62.00% -\u003e 1    0.10%, 2   37.55%, 3   62.35%\n"}
,{"stream_name":"stdout","time":3995.162941056,"data":"\n"}
,{"stream_name":"stdout","time":3995.162946855,"data":"\n"}
,{"stream_name":"stdout","time":3995.183649259,"data":"[tar_adaptation_RES_PU.py --folder_root /kaggle/working/shot_k10/S00/sdalr_PU_shot/DATA_foldS00c --seed 2024 --class_num 3 --data_name PU_M1_L3 --output /kaggle/working/shot_k10/S00/weight_PU_M1_shot_FS00toS00c_s2024 --s 2 --t 0 --lr 0.0005 --threshold 0.4 --K 0.6] 335s\n"}
,{"stream_name":"stdout","time":3995.211361287,"data":"读取源域路径：/kaggle/working/shot_k10/S00/weight_PU_M1_shot_FS00toS00c_s2024/NEW_PU/Source-源域/log\u0026pt/(B3)N15_M07_F04\n"}
,{"stream_name":"stdout","time":3995.211385218,"data":"excel输出位置：/kaggle/working/shot_k10/S00/weight_PU_M1_shot_FS00toS00c_s2024/NEW_PU/Target-目标域\n"}
,{"stream_name":"stdout","time":3995.211411976,"data":"特征图片输出位置：/kaggle/working/shot_k10/S00/weight_PU_M1_shot_FS00toS00c_s2024/NEW_PU/Picture-特征图/2026年09月21日21时13分/(B3)N15_M07_F04\n"}
,{"stream_name":"stderr","time":3995.246948775,"data":"/usr/local/lib/python3.12/dist-packages/torch/nn/utils/weight_norm.py:144: FutureWarning: `torch.nn.utils.weight_norm` is deprecated in favor of `torch.nn.utils.parametrizations.weight_norm`.\n"}
,{"stream_name":"stderr","time":3995.246973068,"data":"  WeightNorm.apply(module, name, dim)\n"}
,{"stream_name":"stdout","time":3995.288678649,"data":"现在选取:(B3)N15_M07_F04 进行训练的源模型\n"}
,{"stream_name":"stdout","time":3995.288708621,"data":"现在进行：(B3)N15_M07_F04→(B2)N15_M07_F10 的迁移任务\n"}
,{"stream_name":"stdout","time":3995.288715974,"data":"log\u0026pt输出位置：/kaggle/working/shot_k10/S00/weight_PU_M1_shot_FS00toS00c_s2024/NEW_PU/Target-目标域/log\u0026pt/(B3)N15_M07_F04→(B2)N15_M07_F10\n"}
,{"stream_name":"stderr","time":3995.290110201,"data":"sh: 1: Syntax error: word unexpected (expecting \")\")\n"}
,{"stream_name":"stdout","time":4006.153436521,"data":"任务: (B3)N15_M07_F04→(B2)N15_M07_F10; 批次:····0/·1880;  总正确率: 48.95%\n"}
,{"stream_name":"stdout","time":4006.153475534,"data":"类型1 正确率：  72.00% -\u003e 1   72.20%, 2    0.00%, 3   27.80%\n"}
,{"stream_name":"stdout","time":4006.153483672,"data":"类型2 正确率：  57.00% -\u003e 1    0.00%, 2   57.40%, 3   42.60%\n"}
,{"stream_name":"stdout","time":4006.153489534,"data":"类型3 正确率：  17.00% -\u003e 1    0.00%, 2   82.75%, 3   17.25%\n"}
,{"stream_name":"stdout","time":4006.153495046,"data":"\n"}
,{"stream_name":"stdout","time":4006.153511942,"data":"\n"}
,{"stream_name":"stdout","time":4009.362159335,"data":"SHOT pseudo-labels: model 48.95% -\u003e centroid 59.13%\n"}
,{"stream_name":"stdout","time":4022.136320558,"data":"轮次:··1/·20 || cls:1.617 || im:-0.917 || 耗时：21.86s\n"}
,{"stream_name":"stdout","time":4025.411206754,"data":"SHOT pseudo-labels: model 58.48% -\u003e centroid 56.67%\n"}
,{"stream_name":"stdout","time":4038.294617846,"data":"轮次:··2/·20 || cls:1.578 || im:-0.828 || 耗时：16.16s\n"}
,{"stream_name":"stdout","time":4041.497131742,"data":"SHOT pseudo-labels: model 58.50% -\u003e centroid 57.77%\n"}
,{"stream_name":"stdout","time":4054.1317657,"data":"轮次:··3/·20 || cls:1.043 || im:-0.768 || 耗时：15.84s\n"}
,{"stream_name":"stdout","time":4057.317153381,"data":"SHOT pseudo-labels: model 57.37% -\u003e centroid 55.45%\n"}
,{"stream_name":"stdout","time":4069.890434252,"data":"轮次:··4/·20 || cls:1.008 || im:-0.711 || 耗时：15.76s\n"}
,{"stream_name":"stdout","time":4073.119130268,"data":"SHOT pseudo-labels: model 58.68% -\u003e centroid 58.43%\n"}
,{"stream_name":"stdout","time":4085.680502372,"data":"轮次:··5/·20 || cls:0.664 || im:-0.685 || 耗时：15.79s\n"}
,{"stream_name":"stdout","time":4088.906115229,"data":"SHOT pseudo-labels: model 60.53% -\u003e centroid 55.25%\n"}
,{"stream_name":"stdout","time":4101.573715922,"data":"轮次:··6/·20 || cls:0.783 || im:-0.696 || 耗时：15.89s\n"}
,{"stream_name":"stdout","time":4104.793255136,"data":"SHOT pseudo-labels: model 60.48% -\u003e centroid 56.90%\n"}
,{"stream_name":"stdout","time":4117.50858614,"data":"轮次:··7/·20 || cls:0.750 || im:-0.696 || 耗时：15.93s\n"}
,{"stream_name":"stdout","time":4120.725291837,"data":"SHOT pseudo-labels: model 60.68% -\u003e centroid 58.03%\n"}
,{"stream_name":"stdout","time":4133.440980597,"data":"轮次:··8/·20 || cls:0.806 || im:-0.696 || 耗时：15.93s\n"}
,{"stream_name":"stdout","time":4136.63617631,"data":"SHOT pseudo-labels: model 62.38% -\u003e centroid 59.27%\n"}
,{"stream_name":"stdout","time":4149.27887418,"data":"轮次:··9/·20 || cls:0.551 || im:-0.621 || 耗时：15.84s\n"}
,{"stream_name":"stdout","time":4152.512693593,"data":"SHOT pseudo-labels: model 62.50% -\u003e centroid 52.97%\n"}
,{"stream_name":"stdout","time":4165.086518966,"data":"轮次:·10/·20 || cls:0.598 || im:-0.657 || 耗时：15.81s\n"}
,{"stream_name":"stdout","time":4168.307249141,"data":"SHOT pseudo-labels: model 62.37% -\u003e centroid 51.52%\n"}
,{"stream_name":"stdout","time":4180.95877647,"data":"轮次:·11/·20 || cls:0.780 || im:-0.612 || 耗时：15.87s\n"}
,{"stream_name":"stdout","time":4184.198161871,"data":"SHOT pseudo-labels: model 61.48% -\u003e centroid 51.82%\n"}
,{"stream_name":"stdout","time":4196.908116832,"data":"轮次:·12/·20 || cls:0.787 || im:-0.699 || 耗时：15.95s\n"}
,{"stream_name":"stdout","time":4200.147209639,"data":"SHOT pseudo-labels: model 62.23% -\u003e centroid 50.42%\n"}
,{"stream_name":"stdout","time":4212.82694587,"data":"轮次:·13/·20 || cls:0.748 || im:-0.636 || 耗时：15.92s\n"}
,{"stream_name":"stdout","time":4216.0491393,"data":"SHOT pseudo-labels: model 62.32% -\u003e centroid 50.38%\n"}
,{"stream_name":"stdout","time":4228.733139952,"data":"轮次:·14/·20 || cls:0.641 || im:-0.561 || 耗时：15.91s\n"}
,{"stream_name":"stdout","time":4231.94217876,"data":"SHOT pseudo-labels: model 62.68% -\u003e centroid 50.65%\n"}
,{"stream_name":"stdout","time":4244.597029685,"data":"轮次:·15/·20 || cls:0.823 || im:-0.689 || 耗时：15.86s\n"}
,{"stream_name":"stdout","time":4247.80416385,"data":"SHOT pseudo-labels: model 60.33% -\u003e centroid 49.60%\n"}
,{"stream_name":"stdout","time":4260.445603927,"data":"轮次:·16/·20 || cls:0.650 || im:-0.689 || 耗时：15.85s\n"}
,{"stream_name":"stdout","time":4263.659161421,"data":"SHOT pseudo-labels: model 61.68% -\u003e centroid 49.82%\n"}
,{"stream_name":"stdout","time":4276.310184375,"data":"轮次:·17/·20 || cls:0.783 || im:-0.676 || 耗时：15.86s\n"}
,{"stream_name":"stdout","time":4279.515111981,"data":"SHOT pseudo-labels: model 63.22% -\u003e centroid 48.93%\n"}
,{"stream_name":"stdout","time":4292.165452467,"data":"轮次:·18/·20 || cls:0.755 || im:-0.647 || 耗时：15.86s\n"}
,{"stream_name":"stdout","time":4295.378172742,"data":"SHOT pseudo-labels: model 62.55% -\u003e centroid 49.07%\n"}
,{"stream_name":"stdout","time":4308.033228112,"data":"轮次:·19/·20 || cls:0.777 || im:-0.615 || 耗时：15.87s\n"}
,{"stream_name":"stdout","time":4311.25622403,"data":"SHOT pseudo-labels: model 63.83% -\u003e centroid 50.43%\n"}
,{"stream_name":"stdout","time":4323.898385066,"data":"轮次:·20/·20 || cls:0.611 || im:-0.670 || 耗时：15.87s\n"}
,{"stream_name":"stdout","time":4329.722639921,"data":"测试集任务: (B3)N15_M07_F04→(B2)N15_M07_F10; 总正确率 = 62.82%\n"}
,{"stream_name":"stdout","time":4329.722682271,"data":"类型1 正确率：  98.00% -\u003e 1   97.90%, 2    0.05%, 3    2.05%\n"}
,{"stream_name":"stdout","time":4329.722700503,"data":"类型2 正确率：  45.00% -\u003e 1    0.05%, 2   44.70%, 3   55.25%\n"}
,{"stream_name":"stdout","time":4329.722706333,"data":"类型3 正确率：  46.00% -\u003e 1    0.00%, 2   54.15%, 3   45.85%\n"}
,{"stream_name":"stdout","time":4329.722711629,"data":"\n"}
,{"stream_name":"stdout","time":4329.722716461,"data":"\n"}
,{"stream_name":"stdout","time":4329.743472012,"data":"[tar_adaptation_RES_PU.py --folder_root /kaggle/working/shot_k10/S00/sdalr_PU_shot/DATA_foldS00c --seed 2024 --class_num 3 --data_name PU_M1_L3 --output /kaggle/working/shot_k10/S00/weight_PU_M1_shot_FS00toS00c_s2024 --s 2 --t 1 --lr 0.0005 --threshold 0.4 --K 0.6] 335s\n"}
,{"stream_name":"stdout","time":4329.760157127,"data":"{\n"}
,{"stream_name":"stdout","time":4329.760171477,"data":"  \"dataset\": \"PU_M1\",\n"}
,{"stream_name":"stdout","time":4329.76017553,"data":"  \"variant\": \"shot\",\n"}
,{"stream_name":"stdout","time":4329.76017867,"data":"  \"seed\": 2024,\n"}
,{"stream_name":"stdout","time":4329.760181663,"data":"  \"smoke\": false,\n"}
,{"stream_name":"stdout","time":4329.760184629,"data":"  \"src_fold\": \"S00\",\n"}
,{"stream_name":"stdout","time":4329.76018792,"data":"  \"tgt_fold\": \"S00c\",\n"}
,{"stream_name":"stdout","time":4329.760190955,"data":"  \"leaky\": false,\n"}
,{"stream_name":"stdout","time":4329.760193813,"data":"  \"hyperparameters\": {\n"}
,{"stream_name":"stdout","time":4329.760196771,"data":"    \"lr\": \"0.0005\",\n"}
,{"stream_name":"stdout","time":4329.760199873,"data":"    \"threshold\": \"0.4\",\n"}
,{"stream_name":"stdout","time":4329.760202877,"data":"    \"K\": \"0.6\"\n"}
,{"stream_name":"stdout","time":4329.760205942,"data":"  },\n"}
,{"stream_name":"stdout","time":4329.760228145,"data":"  \"adapters\": [\n"}
,{"stream_name":"stdout","time":4329.760233554,"data":"    \"npz_io\",\n"}
,{"stream_name":"stdout","time":4329.760238637,"data":"    \"tsne_stub\",\n"}
,{"stream_name":"stdout","time":4329.760243602,"data":"    \"shot_patch\"\n"}
,{"stream_name":"stdout","time":4329.760248566,"data":"  ],\n"}
,{"stream_name":"stdout","time":4329.760252659,"data":"  \"source_only\": {},\n"}
,{"stream_name":"stdout","time":4329.760256897,"data":"  \"adapted\": {\n"}
,{"stream_name":"stdout","time":4329.760262817,"data":"    \"A1-\u003eA3\": 61.75,\n"}
,{"stream_name":"stdout","time":4329.760278338,"data":"    \"A1-\u003eA2\": 45.93,\n"}
,{"stream_name":"stdout","time":4329.760281032,"data":"    \"A3-\u003eA1\": 19.7,\n"}
,{"stream_name":"stdout","time":4329.760283284,"data":"    \"A3-\u003eA2\": 53.17,\n"}
,{"stream_name":"stdout","time":4329.760285579,"data":"    \"A2-\u003eA1\": 72.82,\n"}
,{"stream_name":"stdout","time":4329.76028778,"data":"    \"A2-\u003eA3\": 62.82\n"}
,{"stream_name":"stdout","time":4329.76028999,"data":"  },\n"}
,{"stream_name":"stdout","time":4329.760292114,"data":"  \"seconds\": {\n"}
,{"stream_name":"stdout","time":4329.760294365,"data":"    \"A1-\u003eA3\": 336,\n"}
,{"stream_name":"stdout","time":4329.760296573,"data":"    \"A1-\u003eA2\": 335,\n"}
,{"stream_name":"stdout","time":4329.760298792,"data":"    \"A3-\u003eA1\": 335,\n"}
,{"stream_name":"stdout","time":4329.760300975,"data":"    \"A3-\u003eA2\": 335,\n"}
,{"stream_name":"stdout","time":4329.760303234,"data":"    \"A2-\u003eA1\": 335,\n"}
,{"stream_name":"stdout","time":4329.760305419,"data":"    \"A2-\u003eA3\": 335\n"}
,{"stream_name":"stdout","time":4329.760307631,"data":"  },\n"}
,{"stream_name":"stdout","time":4329.760309756,"data":"  \"gate_log\": {\n"}
,{"stream_name":"stdout","time":4329.760312417,"data":"    \"A1-\u003eA3\": [],\n"}
,{"stream_name":"stdout","time":4329.760326573,"data":"    \"A1-\u003eA2\": [],\n"}
,{"stream_name":"stdout","time":4329.760330499,"data":"    \"A3-\u003eA1\": [],\n"}
,{"stream_name":"stdout","time":4329.76033437,"data":"    \"A3-\u003eA2\": [],\n"}
,{"stream_name":"stdout","time":4329.760338095,"data":"    \"A2-\u003eA1\": [],\n"}
,{"stream_name":"stdout","time":4329.760342239,"data":"    \"A2-\u003eA3\": []\n"}
,{"stream_name":"stdout","time":4329.760345731,"data":"  },\n"}
,{"stream_name":"stdout","time":4329.760348979,"data":"  \"gate\": \"none\"\n"}
,{"stream_name":"stdout","time":4329.760352312,"data":"}\n"}
,{"stream_name":"stdout","time":4330.945207951,"data":"RUN /usr/bin/python3 -u /kaggle/input/datasets/rhrhrhrhrh/physgate-m0-code/sdalr_runner.py --sdalr /kaggle/input/datasets/rhrhrhrhrh/physgate-m0-code --m0 /kaggle/input/datasets/rhrhrhrhrh/physgate-k10-g1 --dataset PU_M1 --src-fold S01 --tgt-fold S01 --variant shot --work /kaggle/working/shot_k10/S01 --seed 2024\n"}
,{"stream_name":"stdout","time":4337.202450395,"data":"\n"}
,{"stream_name":"stdout","time":4337.202486592,"data":"\n"}
,{"stream_name":"stdout","time":4337.202492122,"data":"现在开始拿源域训练集：(B1)N15_M01_F10 进行训练\n"}
,{"stream_name":"stdout","time":4337.202497679,"data":"源域读取路径：/kaggle/working/shot_k10/S01/sdalr_PU_shot/DATA_foldS01/PU_M1_L3/N15_M01_F10_label.txt\n"}
,{"stream_name":"stdout","time":4337.202502588,"data":"excel输出位置：/kaggle/working/shot_k10/S01/weight_src_PU_M1_FS01_s2024/NEW_PU/Source-源域\n"}
,{"stream_name":"stdout","time":4337.20250758,"data":"log\u0026pt输出位置：/kaggle/working/shot_k10/S01/weight_src_PU_M1_FS01_s2024/NEW_PU/Source-源域/log\u0026pt/(B1)N15_M01_F10\n"}
,{"stream_name":"stdout","time":4337.203143702,"data":"特征图片输出位置：/kaggle/working/shot_k10/S01/weight_src_PU_M1_FS01_s2024/NEW_PU/Picture-特征图/2026年09月21日21时18分/(B1)N15_M01_F10\n"}
,{"stream_name":"stderr","time":4337.204439537,"data":"sh: 1: Syntax error: word unexpected (expecting \")\")\n"}
,{"stream_name":"stdout","time":4337.204869168,"data":"源域训练开始\n"}
,{"stream_name":"stderr","time":4339.195417131,"data":"/usr/local/lib/python3.12/dist-packages/torch/nn/utils/weight_norm.py:144: FutureWarning: `torch.nn.utils.weight_norm` is deprecated in favor of `torch.nn.utils.parametrizations.weight_norm`.\n"}
,{"stream_name":"stderr","time":4339.195470294,"data":"  WeightNorm.apply(module, name, dim)\n"}
,{"stream_name":"stdout","time":4348.310030936,"data":"轮次:··1/·10 || loss:0.088 || 耗时：9.07s\n"}
,{"stream_name":"stdout","time":4357.162730729,"data":"轮次:··2/·10 || loss:0.014 || 耗时：8.79s\n"}
,{"stream_name":"stdout","time":4366.194744808,"data":"轮次:··3/·10 || loss:0.027 || 耗时：8.96s\n"}
,{"stream_name":"stdout","time":4375.413250913,"data":"轮次:··4/·10 || loss:0.086 || 耗时：9.15s\n"}
,{"stream_name":"stdout","time":4384.532460816,"data":"轮次:··5/·10 || loss:0.069 || 耗时：9.05s\n"}
,{"stream_name":"stdout","time":4385.14120022,"data":"任务: (B1)N15_M01_F10; mix批次:····0; 批次:··330/··660; 总正确率 = 97.13%\n"}
,{"stream_name":"stdout","time":4385.141232881,"data":"类型1 正确率： 100.00% -\u003e 1  100.00%, 2    0.00%, 3    0.00%\n"}
,{"stream_name":"stdout","time":4385.141240045,"data":"类型2 正确率： 100.00% -\u003e 1    0.00%, 2  100.00%, 3    0.00%\n"}
,{"stream_name":"stdout","time":4385.141245349,"data":"类型3 正确率：  91.00% -\u003e 1    0.00%, 2    8.61%, 3   91.39%\n"}
,{"stream_name":"stdout","time":4385.141250741,"data":"\n"}
,{"stream_name":"stdout","time":4385.141255507,"data":"\n"}
,{"stream_name":"stdout","time":4394.047838117,"data":"轮次:··6/·10 || loss:0.014 || 耗时：8.80s\n"}
,{"stream_name":"stdout","time":4402.816537447,"data":"轮次:··7/·10 || loss:0.020 || 耗时：8.70s\n"}
,{"stream_name":"stdout","time":4411.517868176,"data":"轮次:··8/·10 || loss:0.004 || 耗时：8.64s\n"}
,{"stream_name":"stdout","time":4420.233314129,"data":"轮次:··9/·10 || loss:0.005 || 耗时：8.65s\n"}
,{"stream_name":"stdout","time":4428.967389088,"data":"轮次:·10/·10 || loss:0.002 || 耗时：8.67s\n"}
,{"stream_name":"stdout","time":4429.553507963,"data":"任务: (B1)N15_M01_F10; mix批次:····0; 批次:··660/··660; 总正确率 = 98.23%\n"}
,{"stream_name":"stdout","time":4429.553545543,"data":"类型1 正确率： 100.00% -\u003e 1  100.00%, 2    0.00%, 3    0.00%\n"}
,{"stream_name":"stdout","time":4429.553550171,"data":"类型2 正确率：  95.00% -\u003e 1    0.00%, 2   94.68%, 3    5.32%\n"}
,{"stream_name":"stdout","time":4429.553553608,"data":"类型3 正确率： 100.00% -\u003e 1    0.00%, 2    0.00%, 3  100.00%\n"}
,{"stream_name":"stdout","time":4429.553556803,"data":"\n"}
,{"stream_name":"stdout","time":4429.553560429,"data":"\n"}
,{"stream_name":"stdout","time":4430.79168729,"data":"测试集任务: (B1)N15_M01_F10; 总正确率 = 97.43%\n"}
,{"stream_name":"stdout","time":4430.791723512,"data":"类型1 正确率： 100.00% -\u003e 1  100.00%, 2    0.00%, 3    0.00%\n"}
,{"stream_name":"stdout","time":4430.791733239,"data":"类型2 正确率：  94.00% -\u003e 1    0.00%, 2   93.51%, 3    6.49%\n"}
,{"stream_name":"stdout","time":4430.7917367,"data":"类型3 正确率：  99.00% -\u003e 1    0.00%, 2    1.20%, 3   98.80%\n"}
,{"stream_name":"stdout","time":4430.791739965,"data":"\n"}
,{"stream_name":"stdout","time":4430.791742863,"data":"\n"}
,{"stream_name":"stdout","time":4430.801054991,"data":"源域训练结束\n"}
,{"stream_name":"stdout","time":4430.801098882,"data":"\n"}
,{"stream_name":"stdout","time":4430.801111506,"data":"训练好之后，测试目标域\n"}
,{"stream_name":"stdout","time":4430.802198172,"data":"目标域路径：/kaggle/working/shot_k10/S01/sdalr_PU_shot/DATA_foldS01/PU_M1_L3/N15_M07_F10_label.txt\n"}
,{"stream_name":"stderr","time":4431.152950119,"data":"/usr/local/lib/python3.12/dist-packages/torch/nn/utils/weight_norm.py:144: FutureWarning: `torch.nn.utils.weight_norm` is deprecated in favor of `torch.nn.utils.parametrizations.weight_norm`.\n"}
,{"stream_name":"stderr","time":4431.153042756,"data":"  WeightNorm.apply(module, name, dim)\n"}
,{"stream_name":"stdout","time":4432.351147617,"data":"测试目标数据集结果如下：\n"}
,{"stream_name":"stdout","time":4432.351175967,"data":"任务: (B1)N15_M01_F10→(B2)N15_M07_F10, 正确率 = 98.98%\n"}
,{"stream_name":"stdout","time":4432.351181697,"data":"类型1 正确率： 100.00% -\u003e 1  100.00%, 2    0.00%, 3    0.00%\n"}
,{"stream_name":"stdout","time":4432.35118675,"data":"类型2 正确率：  97.00% -\u003e 1    0.26%, 2   97.44%, 3    2.31%\n"}
,{"stream_name":"stdout","time":4432.351191397,"data":"类型3 正确率： 100.00% -\u003e 1    0.00%, 2    0.49%, 3   99.51%\n"}
,{"stream_name":"stdout","time":4432.351196068,"data":"\n"}
,{"stream_name":"stdout","time":4432.35162517,"data":"目标域路径：/kaggle/working/shot_k10/S01/sdalr_PU_shot/DATA_foldS01/PU_M1_L3/N15_M07_F04_label.txt\n"}
,{"stream_name":"stderr","time":4432.750852794,"data":"/usr/local/lib/python3.12/dist-packages/torch/nn/utils/weight_norm.py:144: FutureWarning: `torch.nn.utils.weight_norm` is deprecated in favor of `torch.nn.utils.parametrizations.weight_norm`.\n"}
,{"stream_name":"stderr","time":4432.75089371,"data":"  WeightNorm.apply(module, name, dim)\n"}
,{"stream_name":"stdout","time":4433.952218492,"data":"测试目标数据集结果如下：\n"}
,{"stream_name":"stdout","time":4433.952248095,"data":"任务: (B1)N15_M01_F10→(B3)N15_M07_F04, 正确率 = 88.96%\n"}
,{"stream_name":"stdout","time":4433.952254406,"data":"类型1 正确率： 100.00% -\u003e 1  100.00%, 2    0.00%, 3    0.00%\n"}
,{"stream_name":"stdout","time":4433.95226022,"data":"类型2 正确率：  69.00% -\u003e 1    0.74%, 2   68.97%, 3   30.30%\n"}
,{"stream_name":"stdout","time":4433.952264963,"data":"类型3 正确率：  98.00% -\u003e 1    1.04%, 2    1.04%, 3   97.91%\n"}
,{"stream_name":"stdout","time":4433.952269904,"data":"\n"}
,{"stream_name":"stdout","time":4433.952626826,"data":"\n"}
,{"stream_name":"stdout","time":4433.952661363,"data":"\n"}
,{"stream_name":"stdout","time":4433.952666327,"data":"现在开始拿源域训练集：(B2)N15_M07_F10 进行训练\n"}
,{"stream_name":"stdout","time":4433.952671033,"data":"源域读取路径：/kaggle/working/shot_k10/S01/sdalr_PU_shot/DATA_foldS01/PU_M1_L3/N15_M07_F10_label.txt\n"}
,{"stream_name":"stdout","time":4433.952675353,"data":"excel输出位置：/kaggle/working/shot_k10/S01/weight_src_PU_M1_FS01_s2024/NEW_PU/Source-源域\n"}
,{"stream_name":"stdout","time":4433.952687002,"data":"log\u0026pt输出位置：/kaggle/working/shot_k10/S01/weight_src_PU_M1_FS01_s2024/NEW_PU/Source-源域/log\u0026pt/(B2)N15_M07_F10\n"}
,{"stream_name":"stdout","time":4433.952935344,"data":"特征图片输出位置：/kaggle/working/shot_k10/S01/weight_src_PU_M1_FS01_s2024/NEW_PU/Picture-特征图/2026年09月21日21时18分/(B2)N15_M07_F10\n"}
,{"stream_name":"stderr","time":4433.954506797,"data":"sh: 1: Syntax error: word unexpected (expecting \")\")\n"}
,{"stream_name":"stdout","time":4433.955057855,"data":"源域训练开始\n"}
,{"stream_name":"stderr","time":4435.632222928,"data":"/usr/local/lib/python3.12/dist-packages/torch/nn/utils/weight_norm.py:144: FutureWarning: `torch.nn.utils.weight_norm` is deprecated in favor of `torch.nn.utils.parametrizations.weight_norm`.\n"}
,{"stream_name":"stderr","time":4435.632269556,"data":"  WeightNorm.apply(module, name, dim)\n"}
,{"stream_name":"stdout","time":4444.426035829,"data":"轮次:··1/·10 || loss:0.097 || 耗时：8.73s\n"}
,{"stream_name":"stdout","time":4453.349642993,"data":"轮次:··2/·10 || loss:0.017 || 耗时：8.86s\n"}
,{"stream_name":"stdout","time":4462.383571144,"data":"轮次:··3/·10 || loss:0.014 || 耗时：8.97s\n"}
,{"stream_name":"stdout","time":4471.377275624,"data":"轮次:··4/·10 || loss:0.004 || 耗时：8.93s\n"}
,{"stream_name":"stdout","time":4480.272015643,"data":"轮次:··5/·10 || loss:0.010 || 耗时：8.83s\n"}
,{"stream_name":"stdout","time":4480.859529977,"data":"任务: (B2)N15_M07_F10; mix批次:····0; 批次:··330/··660; 总正确率 = 93.20%\n"}
,{"stream_name":"stdout","time":4480.859564327,"data":"类型1 正确率： 100.00% -\u003e 1  100.00%, 2    0.00%, 3    0.00%\n"}
,{"stream_name":"stdout","time":4480.859576471,"data":"类型2 正确率： 100.00% -\u003e 1    0.00%, 2  100.00%, 3    0.00%\n"}
,{"stream_name":"stdout","time":4480.859580215,"data":"类型3 正确率：  80.00% -\u003e 1    0.49%, 2   19.90%, 3   79.61%\n"}
,{"stream_name":"stdout","time":4480.859583605,"data":"\n"}
,{"stream_name":"stdout","time":4480.859586923,"data":"\n"}
,{"stream_name":"stdout","time":4489.710255478,"data":"轮次:··6/·10 || loss:0.006 || 耗时：8.75s\n"}
,{"stream_name":"stdout","time":4498.496587626,"data":"轮次:··7/·10 || loss:0.002 || 耗时：8.72s\n"}
,{"stream_name":"stdout","time":4507.273139114,"data":"轮次:··8/·10 || loss:0.003 || 耗时：8.71s\n"}
,{"stream_name":"stdout","time":4516.057093467,"data":"轮次:··9/·10 || loss:0.004 || 耗时：8.72s\n"}
,{"stream_name":"stdout","time":4524.891800228,"data":"轮次:·10/·10 || loss:0.000 || 耗时：8.77s\n"}
,{"stream_name":"stdout","time":4525.478648784,"data":"任务: (B2)N15_M07_F10; mix批次:····0; 批次:··660/··660; 总正确率 = 99.48%\n"}
,{"stream_name":"stdout","time":4525.478686169,"data":"类型1 正确率： 100.00% -\u003e 1  100.00%, 2    0.00%, 3    0.00%\n"}
,{"stream_name":"stdout","time":4525.478694217,"data":"类型2 正确率：  99.00% -\u003e 1    0.00%, 2   98.92%, 3    1.08%\n"}
,{"stream_name":"stdout","time":4525.478700632,"data":"类型3 正确率： 100.00% -\u003e 1    0.00%, 2    0.49%, 3   99.51%\n"}
,{"stream_name":"stdout","time":4525.478707311,"data":"\n"}
,{"stream_name":"stdout","time":4525.478713261,"data":"\n"}
,{"stream_name":"stdout","time":4526.720039977,"data":"测试集任务: (B2)N15_M07_F10; 总正确率 = 99.34%\n"}
,{"stream_name":"stdout","time":4526.720084609,"data":"类型1 正确率： 100.00% -\u003e 1  100.00%, 2    0.00%, 3    0.00%\n"}
,{"stream_name":"stdout","time":4526.720091966,"data":"类型2 正确率：  98.00% -\u003e 1    0.50%, 2   98.01%, 3    1.49%\n"}
,{"stream_name":"stdout","time":4526.720097783,"data":"类型3 正确率： 100.00% -\u003e 1    0.00%, 2    0.00%, 3  100.00%\n"}
,{"stream_name":"stdout","time":4526.720105339,"data":"\n"}
,{"stream_name":"stdout","time":4526.720110602,"data":"\n"}
,{"stream_name":"stdout","time":4526.728694317,"data":"源域训练结束\n"}
,{"stream_name":"stdout","time":4526.728722146,"data":"\n"}
,{"stream_name":"stdout","time":4526.728727112,"data":"训练好之后，测试目标域\n"}
,{"stream_name":"stdout","time":4526.728731522,"data":"目标域路径：/kaggle/working/shot_k10/S01/sdalr_PU_shot/DATA_foldS01/PU_M1_L3/N15_M01_F10_label.txt\n"}
,{"stream_name":"stderr","time":4527.083367187,"data":"/usr/local/lib/python3.12/dist-packages/torch/nn/utils/weight_norm.py:144: FutureWarning: `torch.nn.utils.weight_norm` is deprecated in favor of `torch.nn.utils.parametrizations.weight_norm`.\n"}
,{"stream_name":"stderr","time":4527.083410478,"data":"  WeightNorm.apply(module, name, dim)\n"}
,{"stream_name":"stdout","time":4528.278420124,"data":"测试目标数据集结果如下：\n"}
,{"stream_name":"stdout","time":4528.278452317,"data":"任务: (B2)N15_M07_F10→(B1)N15_M01_F10, 正确率 = 95.20%\n"}
,{"stream_name":"stdout","time":4528.278473215,"data":"类型1 正确率： 100.00% -\u003e 1  100.00%, 2    0.00%, 3    0.00%\n"}
,{"stream_name":"stdout","time":4528.278477886,"data":"类型2 正确率：  86.00% -\u003e 1    0.50%, 2   86.10%, 3   13.40%\n"}
,{"stream_name":"stdout","time":4528.278481724,"data":"类型3 正确率：  99.00% -\u003e 1    0.00%, 2    0.50%, 3   99.50%\n"}
,{"stream_name":"stdout","time":4528.278485399,"data":"\n"}
,{"stream_name":"stdout","time":4528.278895841,"data":"目标域路径：/kaggle/working/shot_k10/S01/sdalr_PU_shot/DATA_foldS01/PU_M1_L3/N15_M07_F04_label.txt\n"}
,{"stream_name":"stderr","time":4528.634143651,"data":"/usr/local/lib/python3.12/dist-packages/torch/nn/utils/weight_norm.py:144: FutureWarning: `torch.nn.utils.weight_norm` is deprecated in favor of `torch.nn.utils.parametrizations.weight_norm`.\n"}
,{"stream_name":"stderr","time":4528.634175553,"data":"  WeightNorm.apply(module, name, dim)\n"}
,{"stream_name":"stdout","time":4529.834445737,"data":"测试目标数据集结果如下：\n"}
,{"stream_name":"stdout","time":4529.834472949,"data":"任务: (B2)N15_M07_F10→(B3)N15_M07_F04, 正确率 = 88.85%\n"}
,{"stream_name":"stdout","time":4529.834478446,"data":"类型1 正确率： 100.00% -\u003e 1  100.00%, 2    0.00%, 3    0.00%\n"}
,{"stream_name":"stdout","time":4529.834483249,"data":"类型2 正确率：  70.00% -\u003e 1    0.00%, 2   69.74%, 3   30.26%\n"}
,{"stream_name":"stdout","time":4529.834487402,"data":"类型3 正确率：  97.00% -\u003e 1    2.13%, 2    1.06%, 3   96.81%\n"}
,{"stream_name":"stdout","time":4529.834491728,"data":"\n"}
,{"stream_name":"stdout","time":4529.834920222,"data":"\n"}
,{"stream_name":"stdout","time":4529.834932235,"data":"\n"}
,{"stream_name":"stdout","time":4529.835166929,"data":"现在开始拿源域训练集：(B3)N15_M07_F04 进行训练\n"}
,{"stream_name":"stdout","time":4529.835184229,"data":"源域读取路径：/kaggle/working/shot_k10/S01/sdalr_PU_shot/DATA_foldS01/PU_M1_L3/N15_M07_F04_label.txt\n"}
,{"stream_name":"stdout","time":4529.835189092,"data":"excel输出位置：/kaggle/working/shot_k10/S01/weight_src_PU_M1_FS01_s2024/NEW_PU/Source-源域\n"}
,{"stream_name":"stdout","time":4529.835193463,"data":"log\u0026pt输出位置：/kaggle/working/shot_k10/S01/weight_src_PU_M1_FS01_s2024/NEW_PU/Source-源域/log\u0026pt/(B3)N15_M07_F04\n"}
,{"stream_name":"stdout","time":4529.835264056,"data":"特征图片输出位置：/kaggle/working/shot_k10/S01/weight_src_PU_M1_FS01_s2024/NEW_PU/Picture-特征图/2026年09月21日21时18分/(B3)N15_M07_F04\n"}
,{"stream_name":"stderr","time":4529.836749695,"data":"sh: 1: Syntax error: word unexpected (expecting \")\")\n"}
,{"stream_name":"stdout","time":4529.837317812,"data":"源域训练开始\n"}
,{"stream_name":"stderr","time":4531.544413295,"data":"/usr/local/lib/python3.12/dist-packages/torch/nn/utils/weight_norm.py:144: FutureWarning: `torch.nn.utils.weight_norm` is deprecated in favor of `torch.nn.utils.parametrizations.weight_norm`.\n"}
,{"stream_name":"stderr","time":4531.544452458,"data":"  WeightNorm.apply(module, name, dim)\n"}
,{"stream_name":"stdout","time":4540.393782011,"data":"轮次:··1/·10 || loss:0.049 || 耗时：8.78s\n"}
,{"stream_name":"stdout","time":4549.291387279,"data":"轮次:··2/·10 || loss:0.016 || 耗时：8.83s\n"}
,{"stream_name":"stdout","time":4558.209228741,"data":"轮次:··3/·10 || loss:0.017 || 耗时：8.85s\n"}
,{"stream_name":"stdout","time":4567.098100571,"data":"轮次:··4/·10 || loss:0.002 || 耗时：8.82s\n"}
,{"stream_name":"stdout","time":4575.965849143,"data":"轮次:··5/·10 || loss:0.013 || 耗时：8.80s\n"}
,{"stream_name":"stdout","time":4576.55553248,"data":"任务: (B3)N15_M07_F04; mix批次:····0; 批次:··330/··660; 总正确率 = 99.66%\n"}
,{"stream_name":"stdout","time":4576.555602244,"data":"类型1 正确率： 100.00% -\u003e 1  100.00%, 2    0.00%, 3    0.00%\n"}
,{"stream_name":"stdout","time":4576.555609182,"data":"类型2 正确率： 100.00% -\u003e 1    0.00%, 2   99.51%, 3    0.49%\n"}
,{"stream_name":"stdout","time":4576.555613594,"data":"类型3 正确率：  99.00% -\u003e 1    0.00%, 2    0.52%, 3   99.48%\n"}
,{"stream_name":"stdout","time":4576.555617667,"data":"\n"}
,{"stream_name":"stdout","time":4576.555620894,"data":"\n"}
,{"stream_name":"stdout","time":4585.454166488,"data":"轮次:··6/·10 || loss:0.008 || 耗时：8.80s\n"}
,{"stream_name":"stdout","time":4594.281852074,"data":"轮次:··7/·10 || loss:0.003 || 耗时：8.76s\n"}
,{"stream_name":"stdout","time":4603.099341541,"data":"轮次:··8/·10 || loss:0.032 || 耗时：8.75s\n"}
,{"stream_name":"stdout","time":4611.929112727,"data":"轮次:··9/·10 || loss:0.006 || 耗时：8.76s\n"}
,{"stream_name":"stdout","time":4620.766638824,"data":"轮次:·10/·10 || loss:0.003 || 耗时：8.77s\n"}
,{"stream_name":"stdout","time":4621.352652832,"data":"任务: (B3)N15_M07_F04; mix批次:····0; 批次:··660/··660; 总正确率 = 99.83%\n"}
,{"stream_name":"stdout","time":4621.352689843,"data":"类型1 正确率： 100.00% -\u003e 1  100.00%, 2    0.00%, 3    0.00%\n"}
,{"stream_name":"stdout","time":4621.352694995,"data":"类型2 正确率： 100.00% -\u003e 1    0.00%, 2  100.00%, 3    0.00%\n"}
,{"stream_name":"stdout","time":4621.352698375,"data":"类型3 正确率：  99.00% -\u003e 1    0.00%, 2    0.52%, 3   99.48%\n"}
,{"stream_name":"stdout","time":4621.352701726,"data":"\n"}
,{"stream_name":"stdout","time":4621.352704597,"data":"\n"}
,{"stream_name":"stdout","time":4622.604599079,"data":"测试集任务: (B3)N15_M07_F04; 总正确率 = 99.19%\n"}
,{"stream_name":"stdout","time":4622.60463712,"data":"类型1 正确率： 100.00% -\u003e 1  100.00%, 2    0.00%, 3    0.00%\n"}
,{"stream_name":"stdout","time":4622.604645186,"data":"类型2 正确率：  98.00% -\u003e 1    0.00%, 2   97.56%, 3    2.44%\n"}
,{"stream_name":"stdout","time":4622.604652228,"data":"类型3 正确率： 100.00% -\u003e 1    0.00%, 2    0.00%, 3  100.00%\n"}
,{"stream_name":"stdout","time":4622.604658627,"data":"\n"}
,{"stream_name":"stdout","time":4622.604664454,"data":"\n"}
,{"stream_name":"stdout","time":4622.612013971,"data":"源域训练结束\n"}
,{"stream_name":"stdout","time":4622.612035248,"data":"\n"}
,{"stream_name":"stdout","time":4622.61204051,"data":"训练好之后，测试目标域\n"}
,{"stream_name":"stdout","time":4622.612044953,"data":"目标域路径：/kaggle/working/shot_k10/S01/sdalr_PU_shot/DATA_foldS01/PU_M1_L3/N15_M01_F10_label.txt\n"}
,{"stream_name":"stderr","time":4622.967173931,"data":"/usr/local/lib/python3.12/dist-packages/torch/nn/utils/weight_norm.py:144: FutureWarning: `torch.nn.utils.weight_norm` is deprecated in favor of `torch.nn.utils.parametrizations.weight_norm`.\n"}
,{"stream_name":"stderr","time":4622.967214255,"data":"  WeightNorm.apply(module, name, dim)\n"}
,{"stream_name":"stdout","time":4624.171059767,"data":"测试目标数据集结果如下：\n"}
,{"stream_name":"stdout","time":4624.171106265,"data":"任务: (B3)N15_M07_F04→(B1)N15_M01_F10, 正确率 = 93.81%\n"}
,{"stream_name":"stdout","time":4624.171113924,"data":"类型1 正确率：  99.00% -\u003e 1   99.00%, 2    0.25%, 3    0.75%\n"}
,{"stream_name":"stdout","time":4624.171119639,"data":"类型2 正确率：  88.00% -\u003e 1    0.00%, 2   88.13%, 3   11.87%\n"}
,{"stream_name":"stdout","time":4624.171124613,"data":"类型3 正确率：  94.00% -\u003e 1    0.00%, 2    5.69%, 3   94.31%\n"}
,{"stream_name":"stdout","time":4624.17114873,"data":"\n"}
,{"stream_name":"stdout","time":4624.171513631,"data":"目标域路径：/kaggle/working/shot_k10/S01/sdalr_PU_shot/DATA_foldS01/PU_M1_L3/N15_M07_F10_label.txt\n"}
,{"stream_name":"stderr","time":4624.537643171,"data":"/usr/local/lib/python3.12/dist-packages/torch/nn/utils/weight_norm.py:144: FutureWarning: `torch.nn.utils.weight_norm` is deprecated in favor of `torch.nn.utils.parametrizations.weight_norm`.\n"}
,{"stream_name":"stderr","time":4624.537708079,"data":"  WeightNorm.apply(module, name, dim)\n"}
,{"stream_name":"stdout","time":4625.731177197,"data":"测试目标数据集结果如下：\n"}
,{"stream_name":"stdout","time":4625.731206581,"data":"任务: (B3)N15_M07_F04→(B2)N15_M07_F10, 正确率 = 97.87%\n"}
,{"stream_name":"stdout","time":4625.731210504,"data":"类型1 正确率：  98.00% -\u003e 1   97.99%, 2    0.50%, 3    1.51%\n"}
,{"stream_name":"stdout","time":4625.731214034,"data":"类型2 正确率：  99.00% -\u003e 1    0.00%, 2   99.49%, 3    0.51%\n"}
,{"stream_name":"stdout","time":4625.731217289,"data":"类型3 正确率：  96.00% -\u003e 1    0.00%, 2    3.87%, 3   96.13%\n"}
,{"stream_name":"stdout","time":4625.73122905,"data":"\n"}
,{"stream_name":"stdout","time":4625.73914819,"data":"[src_pretrain_RES_PU.py --folder_root /kaggle/working/shot_k10/S01/sdalr_PU_shot/DATA_foldS01 --seed 2024 --class_num 3 --data_name PU_M1_L3 --output /kaggle/working/shot_k10/S01/weight_src_PU_M1_FS01_s2024] 289s\n"}
,{"stream_name":"stdout","time":4625.7792134,"data":"读取源域路径：/kaggle/working/shot_k10/S01/weight_PU_M1_shot_FS01toS01_s2024/NEW_PU/Source-源域/log\u0026pt/(B1)N15_M01_F10\n"}
,{"stream_name":"stdout","time":4625.779246114,"data":"excel输出位置：/kaggle/working/shot_k10/S01/weight_PU_M1_shot_FS01toS01_s2024/NEW_PU/Target-目标域\n"}
,{"stream_name":"stdout","time":4625.779255953,"data":"特征图片输出位置：/kaggle/working/shot_k10/S01/weight_PU_M1_shot_FS01toS01_s2024/NEW_PU/Picture-特征图/2026年09月21日21时23分/(B1)N15_M01_F10\n"}
,{"stream_name":"stderr","time":4625.813905375,"data":"/usr/local/lib/python3.12/dist-packages/torch/nn/utils/weight_norm.py:144: FutureWarning: `torch.nn.utils.weight_norm` is deprecated in favor of `torch.nn.utils.parametrizations.weight_norm`.\n"}
,{"stream_name":"stderr","time":4625.813944311,"data":"  WeightNorm.apply(module, name, dim)\n"}
,{"stream_name":"stdout","time":4625.850333889,"data":"现在选取:(B1)N15_M01_F10 进行训练的源模型\n"}
,{"stream_name":"stdout","time":4625.850360312,"data":"现在进行：(B1)N15_M01_F10→(B2)N15_M07_F10 的迁移任务\n"}
,{"stream_name":"stdout","time":4625.850365762,"data":"log\u0026pt输出位置：/kaggle/working/shot_k10/S01/weight_PU_M1_shot_FS01toS01_s2024/NEW_PU/Target-目标域/log\u0026pt/(B1)N15_M01_F10→(B2)N15_M07_F10\n"}
,{"stream_name":"stderr","time":4625.851680421,"data":"sh: 1: Syntax error: word unexpected (expecting \")\")\n"}
,{"stream_name":"stdout","time":4636.717178496,"data":"任务: (B1)N15_M01_F10→(B2)N15_M07_F10; 批次:····0/·1880;  总正确率: 98.97%\n"}
,{"stream_name":"stdout","time":4636.717219563,"data":"类型1 正确率： 100.00% -\u003e 1  100.00%, 2    0.00%, 3    0.00%\n"}
,{"stream_name":"stdout","time":4636.717226506,"data":"类型2 正确率：  98.00% -\u003e 1    0.10%, 2   97.70%, 3    2.20%\n"}
,{"stream_name":"stdout","time":4636.717232514,"data":"类型3 正确率：  99.00% -\u003e 1    0.00%, 2    0.80%, 3   99.20%\n"}
,{"stream_name":"stdout","time":4636.717237959,"data":"\n"}
,{"stream_name":"stdout","time":4636.717242834,"data":"\n"}
,{"stream_name":"stdout","time":4639.910209812,"data":"SHOT pseudo-labels: model 98.97% -\u003e centroid 98.85%\n"}
,{"stream_name":"stderr","time":4652.727579542,"data":"/kaggle/working/shot_k10/S01/sdalr_PU_shot/tar_adaptation_RES_PU.py:114: UserWarning: Converting a tensor with requires_grad=True to a scalar may lead to unexpected behavior.\n"}
,{"stream_name":"stdout","time":4652.727616501,"data":"轮次:··1/·20 || cls:0.841 || im:-0.787 || 耗时：21.88s\n"}
,{"stream_name":"stderr","time":4652.727624019,"data":"Consider using tensor.detach() first. (Triggered internally at /pytorch/torch/csrc/autograd/generated/python_variable_methods.cpp:836.)\n"}
,{"stream_name":"stderr","time":4652.727636561,"data":"  iter_num // epoch_len, args.max_epoch, float(classifier_loss), float(im_loss), time.time() - start))\n"}
,{"stream_name":"stdout","time":4656.046820699,"data":"SHOT pseudo-labels: model 73.63% -\u003e centroid 84.55%\n"}
,{"stream_name":"stdout","time":4668.991059785,"data":"轮次:··2/·20 || cls:0.883 || im:-0.697 || 耗时：16.26s\n"}
,{"stream_name":"stdout","time":4672.219020573,"data":"SHOT pseudo-labels: model 53.67% -\u003e centroid 35.43%\n"}
,{"stream_name":"stdout","time":4684.829900799,"data":"轮次:··3/·20 || cls:0.933 || im:-0.634 || 耗时：15.84s\n"}
,{"stream_name":"stdout","time":4688.030219173,"data":"SHOT pseudo-labels: model 53.37% -\u003e centroid 32.90%\n"}
,{"stream_name":"stdout","time":4700.533660014,"data":"轮次:··4/·20 || cls:0.713 || im:-0.601 || 耗时：15.70s\n"}
,{"stream_name":"stdout","time":4703.744792281,"data":"SHOT pseudo-labels: model 51.40% -\u003e centroid 39.07%\n"}
,{"stream_name":"stdout","time":4716.289362043,"data":"轮次:··5/·20 || cls:0.935 || im:-0.583 || 耗时：15.76s\n"}
,{"stream_name":"stdout","time":4719.508657264,"data":"SHOT pseudo-labels: model 52.48% -\u003e centroid 36.80%\n"}
,{"stream_name":"stdout","time":4732.171724343,"data":"轮次:··6/·20 || cls:0.769 || im:-0.613 || 耗时：15.88s\n"}
,{"stream_name":"stdout","time":4735.407144419,"data":"SHOT pseudo-labels: model 53.62% -\u003e centroid 42.47%\n"}
,{"stream_name":"stdout","time":4748.107912284,"data":"轮次:··7/·20 || cls:0.726 || im:-0.632 || 耗时：15.94s\n"}
,{"stream_name":"stdout","time":4751.345146012,"data":"SHOT pseudo-labels: model 52.97% -\u003e centroid 37.97%\n"}
,{"stream_name":"stdout","time":4764.018406515,"data":"轮次:··8/·20 || cls:0.768 || im:-0.639 || 耗时：15.91s\n"}
,{"stream_name":"stdout","time":4767.235143206,"data":"SHOT pseudo-labels: model 53.02% -\u003e centroid 26.83%\n"}
,{"stream_name":"stdout","time":4779.849337502,"data":"轮次:··9/·20 || cls:0.779 || im:-0.585 || 耗时：15.83s\n"}
,{"stream_name":"stdout","time":4783.104421502,"data":"SHOT pseudo-labels: model 54.53% -\u003e centroid 36.20%\n"}
,{"stream_name":"stdout","time":4795.709784904,"data":"轮次:·10/·20 || cls:0.735 || im:-0.536 || 耗时：15.86s\n"}
,{"stream_name":"stdout","time":4798.920169741,"data":"SHOT pseudo-labels: model 56.97% -\u003e centroid 42.82%\n"}
,{"stream_name":"stdout","time":4811.484164424,"data":"轮次:·11/·20 || cls:0.551 || im:-0.687 || 耗时：15.77s\n"}
,{"stream_name":"stdout","time":4814.691260098,"data":"SHOT pseudo-labels: model 56.22% -\u003e centroid 28.53%\n"}
,{"stream_name":"stdout","time":4827.35441003,"data":"轮次:·12/·20 || cls:0.746 || im:-0.636 || 耗时：15.87s\n"}
,{"stream_name":"stdout","time":4830.585103172,"data":"SHOT pseudo-labels: model 55.92% -\u003e centroid 26.28%\n"}
,{"stream_name":"stdout","time":4843.291634685,"data":"轮次:·13/·20 || cls:0.804 || im:-0.653 || 耗时：15.94s\n"}
,{"stream_name":"stdout","time":4846.553113488,"data":"SHOT pseudo-labels: model 57.05% -\u003e centroid 31.20%\n"}
,{"stream_name":"stdout","time":4859.216370302,"data":"轮次:·14/·20 || cls:0.652 || im:-0.590 || 耗时：15.92s\n"}
,{"stream_name":"stdout","time":4862.452104823,"data":"SHOT pseudo-labels: model 56.92% -\u003e centroid 25.90%\n"}
,{"stream_name":"stdout","time":4875.080177056,"data":"轮次:·15/·20 || cls:0.826 || im:-0.650 || 耗时：15.86s\n"}
,{"stream_name":"stdout","time":4878.279144063,"data":"SHOT pseudo-labels: model 56.35% -\u003e centroid 23.60%\n"}
,{"stream_name":"stdout","time":4890.882841276,"data":"轮次:·16/·20 || cls:0.827 || im:-0.629 || 耗时：15.80s\n"}
,{"stream_name":"stdout","time":4894.091145627,"data":"SHOT pseudo-labels: model 56.70% -\u003e centroid 16.58%\n"}
,{"stream_name":"stdout","time":4906.760439341,"data":"轮次:·17/·20 || cls:0.482 || im:-0.514 || 耗时：15.88s\n"}
,{"stream_name":"stdout","time":4909.994170593,"data":"SHOT pseudo-labels: model 57.38% -\u003e centroid 23.90%\n"}
,{"stream_name":"stdout","time":4922.700003873,"data":"轮次:·18/·20 || cls:0.598 || im:-0.599 || 耗时：15.94s\n"}
,{"stream_name":"stdout","time":4925.940216653,"data":"SHOT pseudo-labels: model 57.42% -\u003e centroid 31.95%\n"}
,{"stream_name":"stdout","time":4938.597042373,"data":"轮次:·19/·20 || cls:0.665 || im:-0.607 || 耗时：15.90s\n"}
,{"stream_name":"stdout","time":4941.806885162,"data":"SHOT pseudo-labels: model 57.17% -\u003e centroid 30.47%\n"}
,{"stream_name":"stdout","time":4954.436217765,"data":"轮次:·20/·20 || cls:0.656 || im:-0.643 || 耗时：15.84s\n"}
,{"stream_name":"stdout","time":4960.284467512,"data":"测试集任务: (B1)N15_M01_F10→(B2)N15_M07_F10; 总正确率 = 57.68%\n"}
,{"stream_name":"stdout","time":4960.284513133,"data":"类型1 正确率：  64.00% -\u003e 1   64.40%, 2   35.10%, 3    0.50%\n"}
,{"stream_name":"stdout","time":4960.284518466,"data":"类型2 正确率：  39.00% -\u003e 1   39.70%, 2   38.95%, 3   21.35%\n"}
,{"stream_name":"stdout","time":4960.284521895,"data":"类型3 正确率：  70.00% -\u003e 1    0.30%, 2   30.00%, 3   69.70%\n"}
,{"stream_name":"stdout","time":4960.284525431,"data":"\n"}
,{"stream_name":"stdout","time":4960.284528486,"data":"\n"}
,{"stream_name":"stdout","time":4960.298786145,"data":"[tar_adaptation_RES_PU.py --folder_root /kaggle/working/shot_k10/S01/sdalr_PU_shot/DATA_foldS01 --seed 2024 --class_num 3 --data_name PU_M1_L3 --output /kaggle/working/shot_k10/S01/weight_PU_M1_shot_FS01toS01_s2024 --s 0 --t 1 --lr 0.0005 --threshold 0.4 --K 0.6] 335s\n"}
,{"stream_name":"stdout","time":4960.34520211,"data":"读取源域路径：/kaggle/working/shot_k10/S01/weight_PU_M1_shot_FS01toS01_s2024/NEW_PU/Source-源域/log\u0026pt/(B1)N15_M01_F10\n"}
,{"stream_name":"stdout","time":4960.346207369,"data":"excel输出位置：/kaggle/working/shot_k10/S01/weight_PU_M1_shot_FS01toS01_s2024/NEW_PU/Target-目标域\n"}
,{"stream_name":"stdout","time":4960.346223745,"data":"特征图片输出位置：/kaggle/working/shot_k10/S01/weight_PU_M1_shot_FS01toS01_s2024/NEW_PU/Picture-特征图/2026年09月21日21时29分/(B1)N15_M01_F10\n"}
,{"stream_name":"stderr","time":4960.378497803,"data":"/usr/local/lib/python3.12/dist-packages/torch/nn/utils/weight_norm.py:144: FutureWarning: `torch.nn.utils.weight_norm` is deprecated in favor of `torch.nn.utils.parametrizations.weight_norm`.\n"}
,{"stream_name":"stderr","time":4960.378522009,"data":"  WeightNorm.apply(module, name, dim)\n"}
,{"stream_name":"stdout","time":4960.416749833,"data":"现在选取:(B1)N15_M01_F10 进行训练的源模型\n"}
,{"stream_name":"stdout","time":4960.416767955,"data":"现在进行：(B1)N15_M01_F10→(B3)N15_M07_F04 的迁移任务\n"}
,{"stream_name":"stdout","time":4960.416771707,"data":"log\u0026pt输出位置：/kaggle/working/shot_k10/S01/weight_PU_M1_shot_FS01toS01_s2024/NEW_PU/Target-目标域/log\u0026pt/(B1)N15_M01_F10→(B3)N15_M07_F04\n"}
,{"stream_name":"stderr","time":4960.418453147,"data":"sh: 1: Syntax error: word unexpected (expecting \")\")\n"}
,{"stream_name":"stdout","time":4971.264098842,"data":"任务: (B1)N15_M01_F10→(B3)N15_M07_F04; 批次:····0/·1880;  总正确率: 88.87%\n"}
,{"stream_name":"stdout","time":4971.264137715,"data":"类型1 正确率： 100.00% -\u003e 1  100.00%, 2    0.00%, 3    0.00%\n"}
,{"stream_name":"stdout","time":4971.264142749,"data":"类型2 正确率：  70.00% -\u003e 1    0.65%, 2   69.80%, 3   29.55%\n"}
,{"stream_name":"stdout","time":4971.264146232,"data":"类型3 正确率：  97.00% -\u003e 1    1.70%, 2    1.50%, 3   96.80%\n"}
,{"stream_name":"stdout","time":4971.264149441,"data":"\n"}
,{"stream_name":"stdout","time":4971.264152394,"data":"\n"}
,{"stream_name":"stdout","time":4974.480522901,"data":"SHOT pseudo-labels: model 88.87% -\u003e centroid 89.38%\n"}
,{"stream_name":"stdout","time":4987.229151277,"data":"轮次:··1/·20 || cls:1.215 || im:-0.875 || 耗时：21.79s\n"}
,{"stream_name":"stdout","time":4990.501122702,"data":"SHOT pseudo-labels: model 81.48% -\u003e centroid 84.18%\n"}
,{"stream_name":"stdout","time":5003.411534851,"data":"轮次:··2/·20 || cls:0.800 || im:-0.671 || 耗时：16.18s\n"}
,{"stream_name":"stdout","time":5006.659161586,"data":"SHOT pseudo-labels: model 68.22% -\u003e centroid 66.33%\n"}
,{"stream_name":"stdout","time":5019.277253369,"data":"轮次:··3/·20 || cls:0.764 || im:-0.687 || 耗时：15.87s\n"}
,{"stream_name":"stdout","time":5022.503052365,"data":"SHOT pseudo-labels: model 66.73% -\u003e centroid 63.07%\n"}
,{"stream_name":"stdout","time":5035.041233325,"data":"轮次:··4/·20 || cls:0.701 || im:-0.599 || 耗时：15.76s\n"}
,{"stream_name":"stdout","time":5038.240187564,"data":"SHOT pseudo-labels: model 67.13% -\u003e centroid 58.82%\n"}
,{"stream_name":"stdout","time":5050.791629134,"data":"轮次:··5/·20 || cls:0.726 || im:-0.667 || 耗时：15.75s\n"}
,{"stream_name":"stdout","time":5054.033167932,"data":"SHOT pseudo-labels: model 66.10% -\u003e centroid 34.10%\n"}
,{"stream_name":"stdout","time":5066.691491611,"data":"轮次:··6/·20 || cls:0.796 || im:-0.620 || 耗时：15.90s\n"}
,{"stream_name":"stdout","time":5069.929179375,"data":"SHOT pseudo-labels: model 66.80% -\u003e centroid 40.08%\n"}
,{"stream_name":"stdout","time":5082.644045386,"data":"轮次:··7/·20 || cls:0.745 || im:-0.526 || 耗时：15.95s\n"}
,{"stream_name":"stdout","time":5085.897215636,"data":"SHOT pseudo-labels: model 66.58% -\u003e centroid 43.98%\n"}
,{"stream_name":"stdout","time":5098.566568571,"data":"轮次:··8/·20 || cls:0.818 || im:-0.659 || 耗时：15.92s\n"}
,{"stream_name":"stdout","time":5101.819151232,"data":"SHOT pseudo-labels: model 66.12% -\u003e centroid 39.55%\n"}
,{"stream_name":"stdout","time":5114.439755862,"data":"轮次:··9/·20 || cls:0.710 || im:-0.616 || 耗时：15.87s\n"}
,{"stream_name":"stdout","time":5117.693174957,"data":"SHOT pseudo-labels: model 67.53% -\u003e centroid 42.48%\n"}
,{"stream_name":"stdout","time":5130.308693398,"data":"轮次:·10/·20 || cls:0.748 || im:-0.695 || 耗时：15.87s\n"}
,{"stream_name":"stdout","time":5133.540106164,"data":"SHOT pseudo-labels: model 69.00% -\u003e centroid 40.03%\n"}
,{"stream_name":"stdout","time":5146.203648967,"data":"轮次:·11/·20 || cls:0.774 || im:-0.646 || 耗时：15.89s\n"}
,{"stream_name":"stdout","time":5149.430161994,"data":"SHOT pseudo-labels: model 68.90% -\u003e centroid 44.38%\n"}
,{"stream_name":"stdout","time":5162.068483479,"data":"轮次:·12/·20 || cls:0.675 || im:-0.640 || 耗时：15.86s\n"}
,{"stream_name":"stdout","time":5165.301163677,"data":"SHOT pseudo-labels: model 69.07% -\u003e centroid 50.48%\n"}
,{"stream_name":"stdout","time":5177.933194223,"data":"轮次:·13/·20 || cls:0.679 || im:-0.607 || 耗时：15.86s\n"}
,{"stream_name":"stdout","time":5181.161146052,"data":"SHOT pseudo-labels: model 68.47% -\u003e centroid 44.40%\n"}
,{"stream_name":"stdout","time":5193.797241235,"data":"轮次:·14/·20 || cls:0.685 || im:-0.651 || 耗时：15.86s\n"}
,{"stream_name":"stdout","time":5197.00819029,"data":"SHOT pseudo-labels: model 68.45% -\u003e centroid 46.68%\n"}
,{"stream_name":"stdout","time":5209.67272796,"data":"轮次:·15/·20 || cls:0.656 || im:-0.596 || 耗时：15.88s\n"}
,{"stream_name":"stdout","time":5212.898320364,"data":"SHOT pseudo-labels: model 68.57% -\u003e centroid 45.65%\n"}
,{"stream_name":"stdout","time":5225.560204416,"data":"轮次:·16/·20 || cls:0.702 || im:-0.600 || 耗时：15.89s\n"}
,{"stream_name":"stdout","time":5228.786131425,"data":"SHOT pseudo-labels: model 69.22% -\u003e centroid 45.90%\n"}
,{"stream_name":"stdout","time":5241.431875965,"data":"轮次:·17/·20 || cls:0.671 || im:-0.696 || 耗时：15.87s\n"}
,{"stream_name":"stdout","time":5244.670084117,"data":"SHOT pseudo-labels: model 69.28% -\u003e centroid 48.88%\n"}
,{"stream_name":"stdout","time":5257.319344049,"data":"轮次:·18/·20 || cls:0.774 || im:-0.744 || 耗时：15.89s\n"}
,{"stream_name":"stdout","time":5260.539143661,"data":"SHOT pseudo-labels: model 69.33% -\u003e centroid 54.82%\n"}
,{"stream_name":"stdout","time":5273.172964761,"data":"轮次:·19/·20 || cls:0.841 || im:-0.671 || 耗时：15.85s\n"}
,{"stream_name":"stdout","time":5276.423843178,"data":"SHOT pseudo-labels: model 69.18% -\u003e centroid 46.90%\n"}
,{"stream_name":"stdout","time":5289.082161122,"data":"轮次:·20/·20 || cls:0.515 || im:-0.667 || 耗时：15.91s\n"}
,{"stream_name":"stdout","time":5294.945085959,"data":"测试集任务: (B1)N15_M01_F10→(B3)N15_M07_F04; 总正确率 = 69.02%\n"}
,{"stream_name":"stdout","time":5294.945136914,"data":"类型1 正确率：  66.00% -\u003e 1   66.40%, 2   33.60%, 3    0.00%\n"}
,{"stream_name":"stdout","time":5294.945144371,"data":"类型2 正确率：  62.00% -\u003e 1    9.95%, 2   62.25%, 3   27.80%\n"}
,{"stream_name":"stdout","time":5294.945149649,"data":"类型3 正确率：  78.00% -\u003e 1    2.75%, 2   18.85%, 3   78.40%\n"}
,{"stream_name":"stdout","time":5294.945154764,"data":"\n"}
,{"stream_name":"stdout","time":5294.945159638,"data":"\n"}
,{"stream_name":"stdout","time":5294.963751089,"data":"[tar_adaptation_RES_PU.py --folder_root /kaggle/working/shot_k10/S01/sdalr_PU_shot/DATA_foldS01 --seed 2024 --class_num 3 --data_name PU_M1_L3 --output /kaggle/working/shot_k10/S01/weight_PU_M1_shot_FS01toS01_s2024 --s 0 --t 2 --lr 0.0005 --threshold 0.4 --K 0.6] 335s\n"}
,{"stream_name":"stdout","time":5295.0027332,"data":"读取源域路径：/kaggle/working/shot_k10/S01/weight_PU_M1_shot_FS01toS01_s2024/NEW_PU/Source-源域/log\u0026pt/(B2)N15_M07_F10\n"}
,{"stream_name":"stdout","time":5295.002756694,"data":"excel输出位置：/kaggle/working/shot_k10/S01/weight_PU_M1_shot_FS01toS01_s2024/NEW_PU/Target-目标域\n"}
,{"stream_name":"stdout","time":5295.002772473,"data":"特征图片输出位置：/kaggle/working/shot_k10/S01/weight_PU_M1_shot_FS01toS01_s2024/NEW_PU/Picture-特征图/2026年09月21日21时34分/(B2)N15_M07_F10\n"}
,{"stream_name":"stderr","time":5295.036382521,"data":"/usr/local/lib/python3.12/dist-packages/torch/nn/utils/weight_norm.py:144: FutureWarning: `torch.nn.utils.weight_norm` is deprecated in favor of `torch.nn.utils.parametrizations.weight_norm`.\n"}
,{"stream_name":"stderr","time":5295.036406332,"data":"  WeightNorm.apply(module, name, dim)\n"}
,{"stream_name":"stdout","time":5295.073087829,"data":"现在选取:(B2)N15_M07_F10 进行训练的源模型\n"}
,{"stream_name":"stdout","time":5295.073149301,"data":"现在进行：(B2)N15_M07_F10→(B1)N15_M01_F10 的迁移任务\n"}
,{"stream_name":"stdout","time":5295.073160205,"data":"log\u0026pt输出位置：/kaggle/working/shot_k10/S01/weight_PU_M1_shot_FS01toS01_s2024/NEW_PU/Target-目标域/log\u0026pt/(B2)N15_M07_F10→(B1)N15_M01_F10\n"}
,{"stream_name":"stderr","time":5295.074454249,"data":"sh: 1: Syntax error: word unexpected (expecting \")\")\n"}
,{"stream_name":"stdout","time":5306.064683926,"data":"任务: (B2)N15_M07_F10→(B1)N15_M01_F10; 批次:····0/·1880;  总正确率: 95.62%\n"}
,{"stream_name":"stdout","time":5306.064727203,"data":"类型1 正确率： 100.00% -\u003e 1  100.00%, 2    0.00%, 3    0.00%\n"}
,{"stream_name":"stdout","time":5306.064733874,"data":"类型2 正确率：  87.00% -\u003e 1    0.20%, 2   87.00%, 3   12.80%\n"}
,{"stream_name":"stdout","time":5306.06476312,"data":"类型3 正确率： 100.00% -\u003e 1    0.00%, 2    0.15%, 3   99.85%\n"}
,{"stream_name":"stdout","time":5306.064768931,"data":"\n"}
,{"stream_name":"stdout","time":5306.064773626,"data":"\n"}
,{"stream_name":"stdout","time":5309.271169322,"data":"SHOT pseudo-labels: model 95.62% -\u003e centroid 96.20%\n"}
,{"stream_name":"stdout","time":5322.015552758,"data":"轮次:··1/·20 || cls:1.451 || im:-0.993 || 耗时：21.82s\n"}
,{"stream_name":"stdout","time":5325.320341831,"data":"SHOT pseudo-labels: model 93.35% -\u003e centroid 94.62%\n"}
,{"stream_name":"stdout","time":5338.242912049,"data":"轮次:··2/·20 || cls:1.567 || im:-0.783 || 耗时：16.23s\n"}
,{"stream_name":"stdout","time":5341.475179339,"data":"SHOT pseudo-labels: model 87.63% -\u003e centroid 92.53%\n"}
,{"stream_name":"stdout","time":5354.125662977,"data":"轮次:··3/·20 || cls:0.750 || im:-0.686 || 耗时：15.88s\n"}
,{"stream_name":"stdout","time":5357.346167363,"data":"SHOT pseudo-labels: model 79.17% -\u003e centroid 88.80%\n"}
,{"stream_name":"stdout","time":5369.916159604,"data":"轮次:··4/·20 || cls:0.891 || im:-0.658 || 耗时：15.79s\n"}
,{"stream_name":"stdout","time":5373.128205458,"data":"SHOT pseudo-labels: model 81.60% -\u003e centroid 89.97%\n"}
,{"stream_name":"stdout","time":5385.746635023,"data":"轮次:··5/·20 || cls:0.578 || im:-0.744 || 耗时：15.83s\n"}
,{"stream_name":"stdout","time":5388.965230527,"data":"SHOT pseudo-labels: model 83.72% -\u003e centroid 88.13%\n"}
,{"stream_name":"stdout","time":5401.630224395,"data":"轮次:··6/·20 || cls:0.542 || im:-0.644 || 耗时：15.88s\n"}
,{"stream_name":"stdout","time":5404.869142049,"data":"SHOT pseudo-labels: model 83.02% -\u003e centroid 86.10%\n"}
,{"stream_name":"stdout","time":5417.557117136,"data":"轮次:··7/·20 || cls:0.727 || im:-0.614 || 耗时：15.93s\n"}
,{"stream_name":"stdout","time":5420.775182237,"data":"SHOT pseudo-labels: model 84.68% -\u003e centroid 85.13%\n"}
,{"stream_name":"stdout","time":5433.453954679,"data":"轮次:··8/·20 || cls:0.802 || im:-0.663 || 耗时：15.90s\n"}
,{"stream_name":"stdout","time":5436.691188621,"data":"SHOT pseudo-labels: model 86.88% -\u003e centroid 83.87%\n"}
,{"stream_name":"stdout","time":5449.343704177,"data":"轮次:··9/·20 || cls:0.788 || im:-0.708 || 耗时：15.89s\n"}
,{"stream_name":"stdout","time":5452.579188904,"data":"SHOT pseudo-labels: model 87.53% -\u003e centroid 83.18%\n"}
,{"stream_name":"stdout","time":5465.222195728,"data":"轮次:·10/·20 || cls:0.540 || im:-0.656 || 耗时：15.88s\n"}
,{"stream_name":"stdout","time":5468.430192389,"data":"SHOT pseudo-labels: model 88.62% -\u003e centroid 83.63%\n"}
,{"stream_name":"stdout","time":5481.056009574,"data":"轮次:·11/·20 || cls:0.689 || im:-0.592 || 耗时：15.83s\n"}
,{"stream_name":"stdout","time":5484.283197088,"data":"SHOT pseudo-labels: model 89.60% -\u003e centroid 83.38%\n"}
,{"stream_name":"stdout","time":5496.903123278,"data":"轮次:·12/·20 || cls:0.764 || im:-0.676 || 耗时：15.85s\n"}
,{"stream_name":"stdout","time":5500.103190159,"data":"SHOT pseudo-labels: model 89.77% -\u003e centroid 83.43%\n"}
,{"stream_name":"stdout","time":5512.738899222,"data":"轮次:·13/·20 || cls:0.648 || im:-0.714 || 耗时：15.84s\n"}
,{"stream_name":"stdout","time":5515.942185543,"data":"SHOT pseudo-labels: model 89.95% -\u003e centroid 82.30%\n"}
,{"stream_name":"stdout","time":5528.537752808,"data":"轮次:·14/·20 || cls:0.693 || im:-0.658 || 耗时：15.80s\n"}
,{"stream_name":"stdout","time":5531.755162591,"data":"SHOT pseudo-labels: model 90.37% -\u003e centroid 82.50%\n"}
,{"stream_name":"stdout","time":5544.365832376,"data":"轮次:·15/·20 || cls:0.775 || im:-0.644 || 耗时：15.83s\n"}
,{"stream_name":"stdout","time":5547.59114396,"data":"SHOT pseudo-labels: model 90.75% -\u003e centroid 81.87%\n"}
,{"stream_name":"stdout","time":5560.210848682,"data":"轮次:·16/·20 || cls:0.660 || im:-0.656 || 耗时：15.84s\n"}
,{"stream_name":"stdout","time":5563.431184208,"data":"SHOT pseudo-labels: model 90.77% -\u003e centroid 81.75%\n"}
,{"stream_name":"stdout","time":5576.050562832,"data":"轮次:·17/·20 || cls:0.777 || im:-0.584 || 耗时：15.84s\n"}
,{"stream_name":"stdout","time":5579.274149315,"data":"SHOT pseudo-labels: model 90.77% -\u003e centroid 81.42%\n"}
,{"stream_name":"stdout","time":5591.87375054,"data":"轮次:·18/·20 || cls:0.698 || im:-0.690 || 耗时：15.82s\n"}
,{"stream_name":"stdout","time":5595.099003958,"data":"SHOT pseudo-labels: model 91.32% -\u003e centroid 83.78%\n"}
,{"stream_name":"stdout","time":5607.725489247,"data":"轮次:·19/·20 || cls:0.838 || im:-0.690 || 耗时：15.85s\n"}
,{"stream_name":"stdout","time":5610.933130866,"data":"SHOT pseudo-labels: model 91.67% -\u003e centroid 83.12%\n"}
,{"stream_name":"stdout","time":5623.498520997,"data":"轮次:·20/·20 || cls:0.526 || im:-0.665 || 耗时：15.77s\n"}
,{"stream_name":"stdout","time":5629.322501868,"data":"测试集任务: (B2)N15_M07_F10→(B1)N15_M01_F10; 总正确率 = 91.95%\n"}
,{"stream_name":"stdout","time":5629.322538774,"data":"类型1 正确率：  99.00% -\u003e 1   98.65%, 2    0.90%, 3    0.45%\n"}
,{"stream_name":"stdout","time":5629.322544118,"data":"类型2 正确率：  90.00% -\u003e 1    5.10%, 2   89.50%, 3    5.40%\n"}
,{"stream_name":"stdout","time":5629.322547484,"data":"类型3 正确率：  88.00% -\u003e 1    0.25%, 2   12.05%, 3   87.70%\n"}
,{"stream_name":"stdout","time":5629.322550811,"data":"\n"}
,{"stream_name":"stdout","time":5629.322553985,"data":"\n"}
,{"stream_name":"stdout","time":5629.339716454,"data":"[tar_adaptation_RES_PU.py --folder_root /kaggle/working/shot_k10/S01/sdalr_PU_shot/DATA_foldS01 --seed 2024 --class_num 3 --data_name PU_M1_L3 --output /kaggle/working/shot_k10/S01/weight_PU_M1_shot_FS01toS01_s2024 --s 1 --t 0 --lr 0.0005 --threshold 0.4 --K 0.6] 334s\n"}
,{"stream_name":"stdout","time":5629.383836827,"data":"读取源域路径：/kaggle/working/shot_k10/S01/weight_PU_M1_shot_FS01toS01_s2024/NEW_PU/Source-源域/log\u0026pt/(B2)N15_M07_F10\n"}
,{"stream_name":"stdout","time":5629.383857349,"data":"excel输出位置：/kaggle/working/shot_k10/S01/weight_PU_M1_shot_FS01toS01_s2024/NEW_PU/Target-目标域\n"}
,{"stream_name":"stdout","time":5629.383930001,"data":"特征图片输出位置：/kaggle/working/shot_k10/S01/weight_PU_M1_shot_FS01toS01_s2024/NEW_PU/Picture-特征图/2026年09月21日21时40分/(B2)N15_M07_F10\n"}
,{"stream_name":"stderr","time":5629.416626316,"data":"/usr/local/lib/python3.12/dist-packages/torch/nn/utils/weight_norm.py:144: FutureWarning: `torch.nn.utils.weight_norm` is deprecated in favor of `torch.nn.utils.parametrizations.weight_norm`.\n"}
,{"stream_name":"stderr","time":5629.416658758,"data":"  WeightNorm.apply(module, name, dim)\n"}
,{"stream_name":"stdout","time":5629.455095647,"data":"现在选取:(B2)N15_M07_F10 进行训练的源模型\n"}
,{"stream_name":"stdout","time":5629.45511827,"data":"现在进行：(B2)N15_M07_F10→(B3)N15_M07_F04 的迁移任务\n"}
,{"stream_name":"stdout","time":5629.455123497,"data":"log\u0026pt输出位置：/kaggle/working/shot_k10/S01/weight_PU_M1_shot_FS01toS01_s2024/NEW_PU/Target-目标域/log\u0026pt/(B2)N15_M07_F10→(B3)N15_M07_F04\n"}
,{"stream_name":"stderr","time":5629.456439869,"data":"sh: 1: Syntax error: word unexpected (expecting \")\")\n"}
,{"stream_name":"stdout","time":5640.340580154,"data":"任务: (B2)N15_M07_F10→(B3)N15_M07_F04; 批次:····0/·1880;  总正确率: 89.33%\n"}
,{"stream_name":"stdout","time":5640.340620036,"data":"类型1 正确率： 100.00% -\u003e 1  100.00%, 2    0.00%, 3    0.00%\n"}
,{"stream_name":"stdout","time":5640.340631719,"data":"类型2 正确率：  71.00% -\u003e 1    0.35%, 2   70.90%, 3   28.75%\n"}
,{"stream_name":"stdout","time":5640.340635054,"data":"类型3 正确率：  97.00% -\u003e 1    1.90%, 2    1.00%, 3   97.10%\n"}
,{"stream_name":"stdout","time":5640.340638379,"data":"\n"}
,{"stream_name":"stdout","time":5640.340641461,"data":"\n"}
,{"stream_name":"stdout","time":5643.562178171,"data":"SHOT pseudo-labels: model 89.33% -\u003e centroid 89.93%\n"}
,{"stream_name":"stdout","time":5656.353147184,"data":"轮次:··1/·20 || cls:1.449 || im:-0.897 || 耗时：21.83s\n"}
,{"stream_name":"stdout","time":5659.655158705,"data":"SHOT pseudo-labels: model 92.52% -\u003e centroid 93.23%\n"}
,{"stream_name":"stdout","time":5672.64251484,"data":"轮次:··2/·20 || cls:1.450 || im:-0.869 || 耗时：16.29s\n"}
,{"stream_name":"stdout","time":5675.878176913,"data":"SHOT pseudo-labels: model 89.98% -\u003e centroid 93.50%\n"}
,{"stream_name":"stdout","time":5688.525654493,"data":"轮次:··3/·20 || cls:1.108 || im:-0.796 || 耗时：15.88s\n"}
,{"stream_name":"stdout","time":5691.693476598,"data":"SHOT pseudo-labels: model 90.78% -\u003e centroid 92.63%\n"}
,{"stream_name":"stdout","time":5704.18259261,"data":"轮次:··4/·20 || cls:0.914 || im:-0.771 || 耗时：15.66s\n"}
,{"stream_name":"stdout","time":5707.377146306,"data":"SHOT pseudo-labels: model 91.03% -\u003e centroid 93.30%\n"}
,{"stream_name":"stdout","time":5719.895831677,"data":"轮次:··5/·20 || cls:0.701 || im:-0.793 || 耗时：15.71s\n"}
,{"stream_name":"stdout","time":5723.127599307,"data":"SHOT pseudo-labels: model 92.57% -\u003e centroid 87.43%\n"}
,{"stream_name":"stdout","time":5735.816671872,"data":"轮次:··6/·20 || cls:0.537 || im:-0.772 || 耗时：15.92s\n"}
,{"stream_name":"stdout","time":5739.049143025,"data":"SHOT pseudo-labels: model 91.77% -\u003e centroid 84.72%\n"}
,{"stream_name":"stdout","time":5751.822306947,"data":"轮次:··7/·20 || cls:0.650 || im:-0.681 || 耗时：16.01s\n"}
,{"stream_name":"stdout","time":5755.112222786,"data":"SHOT pseudo-labels: model 91.92% -\u003e centroid 85.45%\n"}
,{"stream_name":"stdout","time":5767.824160433,"data":"轮次:··8/·20 || cls:0.807 || im:-0.751 || 耗时：16.00s\n"}
,{"stream_name":"stdout","time":5771.020181091,"data":"SHOT pseudo-labels: model 91.68% -\u003e centroid 80.67%\n"}
,{"stream_name":"stdout","time":5783.635380673,"data":"轮次:··9/·20 || cls:0.699 || im:-0.756 || 耗时：15.81s\n"}
,{"stream_name":"stdout","time":5786.824166857,"data":"SHOT pseudo-labels: model 91.90% -\u003e centroid 78.97%\n"}
,{"stream_name":"stdout","time":5799.373150061,"data":"轮次:·10/·20 || cls:0.682 || im:-0.712 || 耗时：15.74s\n"}
,{"stream_name":"stdout","time":5802.584128425,"data":"SHOT pseudo-labels: model 91.68% -\u003e centroid 78.45%\n"}
,{"stream_name":"stdout","time":5815.200945232,"data":"轮次:·11/·20 || cls:0.791 || im:-0.661 || 耗时：15.83s\n"}
,{"stream_name":"stdout","time":5818.394186524,"data":"SHOT pseudo-labels: model 92.33% -\u003e centroid 78.55%\n"}
,{"stream_name":"stdout","time":5831.102178802,"data":"轮次:·12/·20 || cls:0.698 || im:-0.654 || 耗时：15.90s\n"}
,{"stream_name":"stdout","time":5834.334120799,"data":"SHOT pseudo-labels: model 92.23% -\u003e centroid 79.13%\n"}
,{"stream_name":"stdout","time":5847.022185665,"data":"轮次:·13/·20 || cls:0.749 || im:-0.742 || 耗时：15.92s\n"}
,{"stream_name":"stdout","time":5850.218135457,"data":"SHOT pseudo-labels: model 92.22% -\u003e centroid 77.85%\n"}
,{"stream_name":"stdout","time":5862.866657421,"data":"轮次:·14/·20 || cls:0.714 || im:-0.658 || 耗时：15.84s\n"}
,{"stream_name":"stdout","time":5866.056168451,"data":"SHOT pseudo-labels: model 92.77% -\u003e centroid 78.15%\n"}
,{"stream_name":"stdout","time":5878.639702055,"data":"轮次:·15/·20 || cls:0.753 || im:-0.667 || 耗时：15.77s\n"}
,{"stream_name":"stdout","time":5881.817191293,"data":"SHOT pseudo-labels: model 92.50% -\u003e centroid 76.50%\n"}
,{"stream_name":"stdout","time":5894.442938409,"data":"轮次:·16/·20 || cls:0.732 || im:-0.662 || 耗时：15.80s\n"}
,{"stream_name":"stdout","time":5897.64720813,"data":"SHOT pseudo-labels: model 92.73% -\u003e centroid 76.27%\n"}
,{"stream_name":"stdout","time":5910.327155054,"data":"轮次:·17/·20 || cls:0.648 || im:-0.644 || 耗时：15.88s\n"}
,{"stream_name":"stdout","time":5913.53516657,"data":"SHOT pseudo-labels: model 92.48% -\u003e centroid 77.63%\n"}
,{"stream_name":"stdout","time":5926.221654827,"data":"轮次:·18/·20 || cls:0.724 || im:-0.724 || 耗时：15.89s\n"}
,{"stream_name":"stdout","time":5929.426155096,"data":"SHOT pseudo-labels: model 92.60% -\u003e centroid 77.50%\n"}
,{"stream_name":"stdout","time":5942.079430941,"data":"轮次:·19/·20 || cls:0.893 || im:-0.744 || 耗时：15.86s\n"}
,{"stream_name":"stdout","time":5945.272145772,"data":"SHOT pseudo-labels: model 92.80% -\u003e centroid 75.30%\n"}
,{"stream_name":"stdout","time":5957.931286385,"data":"轮次:·20/·20 || cls:0.654 || im:-0.800 || 耗时：15.85s\n"}
,{"stream_name":"stdout","time":5963.760561539,"data":"测试集任务: (B2)N15_M07_F10→(B3)N15_M07_F04; 总正确率 = 92.75%\n"}
,{"stream_name":"stdout","time":5963.760607786,"data":"类型1 正确率： 100.00% -\u003e 1   99.70%, 2    0.30%, 3    0.00%\n"}
,{"stream_name":"stdout","time":5963.760615022,"data":"类型2 正确率：  90.00% -\u003e 1    0.80%, 2   89.85%, 3    9.35%\n"}
,{"stream_name":"stdout","time":5963.760620497,"data":"类型3 正确率：  89.00% -\u003e 1    0.05%, 2   11.25%, 3   88.70%\n"}
,{"stream_name":"stdout","time":5963.760626196,"data":"\n"}
,{"stream_name":"stdout","time":5963.760631037,"data":"\n"}
,{"stream_name":"stdout","time":5963.778881358,"data":"[tar_adaptation_RES_PU.py --folder_root /kaggle/working/shot_k10/S01/sdalr_PU_shot/DATA_foldS01 --seed 2024 --class_num 3 --data_name PU_M1_L3 --output /kaggle/working/shot_k10/S01/weight_PU_M1_shot_FS01toS01_s2024 --s 1 --t 2 --lr 0.0005 --threshold 0.4 --K 0.6] 334s\n"}
,{"stream_name":"stdout","time":5963.809489473,"data":"读取源域路径：/kaggle/working/shot_k10/S01/weight_PU_M1_shot_FS01toS01_s2024/NEW_PU/Source-源域/log\u0026pt/(B3)N15_M07_F04\n"}
,{"stream_name":"stdout","time":5963.809508529,"data":"excel输出位置：/kaggle/working/shot_k10/S01/weight_PU_M1_shot_FS01toS01_s2024/NEW_PU/Target-目标域\n"}
,{"stream_name":"stdout","time":5963.810199806,"data":"特征图片输出位置：/kaggle/working/shot_k10/S01/weight_PU_M1_shot_FS01toS01_s2024/NEW_PU/Picture-特征图/2026年09月21日21时45分/(B3)N15_M07_F04\n"}
,{"stream_name":"stderr","time":5963.841729987,"data":"/usr/local/lib/python3.12/dist-packages/torch/nn/utils/weight_norm.py:144: FutureWarning: `torch.nn.utils.weight_norm` is deprecated in favor of `torch.nn.utils.parametrizations.weight_norm`.\n"}
,{"stream_name":"stderr","time":5963.841746822,"data":"  WeightNorm.apply(module, name, dim)\n"}
,{"stream_name":"stdout","time":5963.877326175,"data":"现在选取:(B3)N15_M07_F04 进行训练的源模型\n"}
,{"stream_name":"stdout","time":5963.877349953,"data":"现在进行：(B3)N15_M07_F04→(B1)N15_M01_F10 的迁移任务\n"}
,{"stream_name":"stdout","time":5963.877368439,"data":"log\u0026pt输出位置：/kaggle/working/shot_k10/S01/weight_PU_M1_shot_FS01toS01_s2024/NEW_PU/Target-目标域/log\u0026pt/(B3)N15_M07_F04→(B1)N15_M01_F10\n"}
,{"stream_name":"stderr","time":5963.87871349,"data":"sh: 1: Syntax error: word unexpected (expecting \")\")\n"}
,{"stream_name":"stdout","time":5974.670885232,"data":"任务: (B3)N15_M07_F04→(B1)N15_M01_F10; 批次:····0/·1880;  总正确率: 93.12%\n"}
,{"stream_name":"stdout","time":5974.670937588,"data":"类型1 正确率：  99.00% -\u003e 1   98.75%, 2    0.25%, 3    1.00%\n"}
,{"stream_name":"stdout","time":5974.670942652,"data":"类型2 正确率：  86.00% -\u003e 1    0.00%, 2   86.30%, 3   13.70%\n"}
,{"stream_name":"stdout","time":5974.670945858,"data":"类型3 正确率：  94.00% -\u003e 1    0.00%, 2    5.70%, 3   94.30%\n"}
,{"stream_name":"stdout","time":5974.670949152,"data":"\n"}
,{"stream_name":"stdout","time":5974.670952192,"data":"\n"}
,{"stream_name":"stdout","time":5977.85320463,"data":"SHOT pseudo-labels: model 93.12% -\u003e centroid 94.48%\n"}
,{"stream_name":"stdout","time":5990.577637245,"data":"轮次:··1/·20 || cls:1.366 || im:-0.851 || 耗时：21.74s\n"}
,{"stream_name":"stdout","time":5993.838150186,"data":"SHOT pseudo-labels: model 83.53% -\u003e centroid 89.62%\n"}
,{"stream_name":"stdout","time":6006.680854501,"data":"轮次:··2/·20 || cls:1.238 || im:-0.667 || 耗时：16.10s\n"}
,{"stream_name":"stdout","time":6009.875172276,"data":"SHOT pseudo-labels: model 70.33% -\u003e centroid 87.47%\n"}
,{"stream_name":"stdout","time":6022.50776509,"data":"轮次:··3/·20 || cls:0.811 || im:-0.609 || 耗时：15.83s\n"}
,{"stream_name":"stdout","time":6025.70116334,"data":"SHOT pseudo-labels: model 61.32% -\u003e centroid 75.92%\n"}
,{"stream_name":"stdout","time":6038.266093329,"data":"轮次:··4/·20 || cls:0.677 || im:-0.619 || 耗时：15.76s\n"}
,{"stream_name":"stdout","time":6041.456153721,"data":"SHOT pseudo-labels: model 61.27% -\u003e centroid 72.33%\n"}
,{"stream_name":"stdout","time":6054.047948487,"data":"轮次:··5/·20 || cls:0.721 || im:-0.590 || 耗时：15.78s\n"}
,{"stream_name":"stdout","time":6057.251187434,"data":"SHOT pseudo-labels: model 62.17% -\u003e centroid 46.13%\n"}
,{"stream_name":"stdout","time":6069.928274225,"data":"轮次:··6/·20 || cls:0.549 || im:-0.584 || 耗时：15.88s\n"}
,{"stream_name":"stdout","time":6073.159142693,"data":"SHOT pseudo-labels: model 60.42% -\u003e centroid 34.65%\n"}
,{"stream_name":"stdout","time":6085.849378609,"data":"轮次:··7/·20 || cls:0.754 || im:-0.612 || 耗时：15.92s\n"}
,{"stream_name":"stdout","time":6089.05911011,"data":"SHOT pseudo-labels: model 60.02% -\u003e centroid 27.57%\n"}
,{"stream_name":"stdout","time":6101.734729149,"data":"轮次:··8/·20 || cls:0.691 || im:-0.617 || 耗时：15.89s\n"}
,{"stream_name":"stdout","time":6104.945166491,"data":"SHOT pseudo-labels: model 59.13% -\u003e centroid 23.15%\n"}
,{"stream_name":"stdout","time":6117.609857532,"data":"轮次:··9/·20 || cls:0.732 || im:-0.619 || 耗时：15.88s\n"}
,{"stream_name":"stdout","time":6120.833133392,"data":"SHOT pseudo-labels: model 60.32% -\u003e centroid 25.82%\n"}
,{"stream_name":"stdout","time":6133.507489237,"data":"轮次:·10/·20 || cls:0.629 || im:-0.639 || 耗时：15.90s\n"}
,{"stream_name":"stdout","time":6136.702150115,"data":"SHOT pseudo-labels: model 59.47% -\u003e centroid 20.58%\n"}
,{"stream_name":"stdout","time":6149.348906245,"data":"轮次:·11/·20 || cls:0.793 || im:-0.581 || 耗时：15.84s\n"}
,{"stream_name":"stdout","time":6152.562318784,"data":"SHOT pseudo-labels: model 61.55% -\u003e centroid 26.40%\n"}
,{"stream_name":"stdout","time":6165.214348241,"data":"轮次:·12/·20 || cls:0.690 || im:-0.646 || 耗时：15.87s\n"}
,{"stream_name":"stdout","time":6168.416297473,"data":"SHOT pseudo-labels: model 61.80% -\u003e centroid 27.07%\n"}
,{"stream_name":"stdout","time":6181.040672955,"data":"轮次:·13/·20 || cls:0.547 || im:-0.581 || 耗时：15.83s\n"}
,{"stream_name":"stdout","time":6184.263179638,"data":"SHOT pseudo-labels: model 64.80% -\u003e centroid 36.78%\n"}
,{"stream_name":"stdout","time":6196.907606094,"data":"轮次:·14/·20 || cls:0.792 || im:-0.611 || 耗时：15.87s\n"}
,{"stream_name":"stdout","time":6200.118162658,"data":"SHOT pseudo-labels: model 65.05% -\u003e centroid 38.97%\n"}
,{"stream_name":"stdout","time":6212.779463112,"data":"轮次:·15/·20 || cls:0.723 || im:-0.681 || 耗时：15.87s\n"}
,{"stream_name":"stdout","time":6215.965182882,"data":"SHOT pseudo-labels: model 65.60% -\u003e centroid 37.85%\n"}
,{"stream_name":"stdout","time":6228.57522212,"data":"轮次:·16/·20 || cls:0.760 || im:-0.574 || 耗时：15.80s\n"}
,{"stream_name":"stdout","time":6231.783147313,"data":"SHOT pseudo-labels: model 66.07% -\u003e centroid 38.33%\n"}
,{"stream_name":"stdout","time":6244.403550299,"data":"轮次:·17/·20 || cls:0.637 || im:-0.643 || 耗时：15.83s\n"}
,{"stream_name":"stdout","time":6247.599148792,"data":"SHOT pseudo-labels: model 65.67% -\u003e centroid 31.73%\n"}
,{"stream_name":"stdout","time":6260.225603937,"data":"轮次:·18/·20 || cls:0.590 || im:-0.599 || 耗时：15.82s\n"}
,{"stream_name":"stdout","time":6263.461186208,"data":"SHOT pseudo-labels: model 64.75% -\u003e centroid 31.77%\n"}
,{"stream_name":"stdout","time":6276.071468471,"data":"轮次:·19/·20 || cls:0.802 || im:-0.667 || 耗时：15.85s\n"}
,{"stream_name":"stdout","time":6279.280302247,"data":"SHOT pseudo-labels: model 65.73% -\u003e centroid 37.03%\n"}
,{"stream_name":"stdout","time":6291.935727885,"data":"轮次:·20/·20 || cls:0.462 || im:-0.622 || 耗时：15.86s\n"}
,{"stream_name":"stdout","time":6297.785787277,"data":"测试集任务: (B3)N15_M07_F04→(B1)N15_M01_F10; 总正确率 = 65.43%\n"}
,{"stream_name":"stdout","time":6297.785820763,"data":"类型1 正确率：  66.00% -\u003e 1   65.60%, 2   34.00%, 3    0.40%\n"}
,{"stream_name":"stdout","time":6297.785825576,"data":"类型2 正确率：  49.00% -\u003e 1   13.65%, 2   48.75%, 3   37.60%\n"}
,{"stream_name":"stdout","time":6297.785829092,"data":"类型3 正确率：  82.00% -\u003e 1    1.85%, 2   16.20%, 3   81.95%\n"}
,{"stream_name":"stdout","time":6297.785832397,"data":"\n"}
,{"stream_name":"stdout","time":6297.78583591,"data":"\n"}
,{"stream_name":"stdout","time":6297.805553108,"data":"[tar_adaptation_RES_PU.py --folder_root /kaggle/working/shot_k10/S01/sdalr_PU_shot/DATA_foldS01 --seed 2024 --class_num 3 --data_name PU_M1_L3 --output /kaggle/working/shot_k10/S01/weight_PU_M1_shot_FS01toS01_s2024 --s 2 --t 0 --lr 0.0005 --threshold 0.4 --K 0.6] 334s\n"}
,{"stream_name":"stdout","time":6297.833037299,"data":"读取源域路径：/kaggle/working/shot_k10/S01/weight_PU_M1_shot_FS01toS01_s2024/NEW_PU/Source-源域/log\u0026pt/(B3)N15_M07_F04\n"}
,{"stream_name":"stdout","time":6297.833074728,"data":"excel输出位置：/kaggle/working/shot_k10/S01/weight_PU_M1_shot_FS01toS01_s2024/NEW_PU/Target-目标域\n"}
,{"stream_name":"stdout","time":6297.833151049,"data":"特征图片输出位置：/kaggle/working/shot_k10/S01/weight_PU_M1_shot_FS01toS01_s2024/NEW_PU/Picture-特征图/2026年09月21日21时51分/(B3)N15_M07_F04\n"}
,{"stream_name":"stderr","time":6297.866841744,"data":"/usr/local/lib/python3.12/dist-packages/torch/nn/utils/weight_norm.py:144: FutureWarning: `torch.nn.utils.weight_norm` is deprecated in favor of `torch.nn.utils.parametrizations.weight_norm`.\n"}
,{"stream_name":"stderr","time":6297.866858818,"data":"  WeightNorm.apply(module, name, dim)\n"}
,{"stream_name":"stdout","time":6297.90652597,"data":"现在选取:(B3)N15_M07_F04 进行训练的源模型\n"}
,{"stream_name":"stdout","time":6297.906550502,"data":"现在进行：(B3)N15_M07_F04→(B2)N15_M07_F10 的迁移任务\n"}
,{"stream_name":"stdout","time":6297.906555545,"data":"log\u0026pt输出位置：/kaggle/working/shot_k10/S01/weight_PU_M1_shot_FS01toS01_s2024/NEW_PU/Target-目标域/log\u0026pt/(B3)N15_M07_F04→(B2)N15_M07_F10\n"}
,{"stream_name":"stderr","time":6297.907873851,"data":"sh: 1: Syntax error: word unexpected (expecting \")\")\n"}
,{"stream_name":"stdout","time":6309.04780889,"data":"任务: (B3)N15_M07_F04→(B2)N15_M07_F10; 批次:····0/·1880;  总正确率: 97.57%\n"}
,{"stream_name":"stdout","time":6309.047842212,"data":"类型1 正确率：  98.00% -\u003e 1   98.40%, 2    0.65%, 3    0.95%\n"}
,{"stream_name":"stdout","time":6309.04784796,"data":"类型2 正确率：  99.00% -\u003e 1    0.00%, 2   99.15%, 3    0.85%\n"}
,{"stream_name":"stdout","time":6309.047852271,"data":"类型3 正确率：  95.00% -\u003e 1    0.00%, 2    4.85%, 3   95.15%\n"}
,{"stream_name":"stdout","time":6309.047856462,"data":"\n"}
,{"stream_name":"stdout","time":6309.047860125,"data":"\n"}
,{"stream_name":"stdout","time":6312.290142233,"data":"SHOT pseudo-labels: model 97.57% -\u003e centroid 98.90%\n"}
,{"stream_name":"stdout","time":6325.053242797,"data":"轮次:··1/·20 || cls:1.168 || im:-0.874 || 耗时：21.89s\n"}
,{"stream_name":"stdout","time":6328.316291487,"data":"SHOT pseudo-labels: model 83.87% -\u003e centroid 87.73%\n"}
,{"stream_name":"stdout","time":6341.194511717,"data":"轮次:··2/·20 || cls:1.318 || im:-0.830 || 耗时：16.14s\n"}
,{"stream_name":"stdout","time":6344.439402415,"data":"SHOT pseudo-labels: model 66.20% -\u003e centroid 76.28%\n"}
,{"stream_name":"stdout","time":6357.078808785,"data":"轮次:··3/·20 || cls:0.788 || im:-0.771 || 耗时：15.88s\n"}
,{"stream_name":"stdout","time":6360.304186659,"data":"SHOT pseudo-labels: model 59.53% -\u003e centroid 37.95%\n"}
,{"stream_name":"stdout","time":6372.846024879,"data":"轮次:··4/·20 || cls:0.884 || im:-0.673 || 耗时：15.77s\n"}
,{"stream_name":"stdout","time":6376.078146647,"data":"SHOT pseudo-labels: model 59.52% -\u003e centroid 36.03%\n"}
,{"stream_name":"stdout","time":6388.678096121,"data":"轮次:··5/·20 || cls:0.705 || im:-0.667 || 耗时：15.83s\n"}
,{"stream_name":"stdout","time":6391.906201939,"data":"SHOT pseudo-labels: model 55.37% -\u003e centroid 23.17%\n"}
,{"stream_name":"stdout","time":6404.56125871,"data":"轮次:··6/·20 || cls:0.589 || im:-0.608 || 耗时：15.88s\n"}
,{"stream_name":"stdout","time":6407.774153619,"data":"SHOT pseudo-labels: model 54.58% -\u003e centroid 19.35%\n"}
,{"stream_name":"stdout","time":6420.458223877,"data":"轮次:··7/·20 || cls:0.740 || im:-0.609 || 耗时：15.90s\n"}
,{"stream_name":"stdout","time":6423.705171179,"data":"SHOT pseudo-labels: model 55.93% -\u003e centroid 20.55%\n"}
,{"stream_name":"stdout","time":6436.397006702,"data":"轮次:··8/·20 || cls:0.678 || im:-0.647 || 耗时：15.94s\n"}
,{"stream_name":"stdout","time":6439.615193252,"data":"SHOT pseudo-labels: model 53.93% -\u003e centroid 17.27%\n"}
,{"stream_name":"stdout","time":6452.254728255,"data":"轮次:··9/·20 || cls:0.622 || im:-0.641 || 耗时：15.86s\n"}
,{"stream_name":"stdout","time":6455.464164388,"data":"SHOT pseudo-labels: model 54.17% -\u003e centroid 16.55%\n"}
,{"stream_name":"stdout","time":6468.09044669,"data":"轮次:·10/·20 || cls:0.715 || im:-0.589 || 耗时：15.84s\n"}
,{"stream_name":"stdout","time":6471.303137658,"data":"SHOT pseudo-labels: model 53.97% -\u003e centroid 15.17%\n"}
,{"stream_name":"stdout","time":6483.898467308,"data":"轮次:·11/·20 || cls:0.797 || im:-0.639 || 耗时：15.81s\n"}
,{"stream_name":"stdout","time":6487.10215254,"data":"SHOT pseudo-labels: model 56.98% -\u003e centroid 18.08%\n"}
,{"stream_name":"stdout","time":6499.727133181,"data":"轮次:·12/·20 || cls:0.738 || im:-0.636 || 耗时：15.83s\n"}
,{"stream_name":"stdout","time":6502.94815036,"data":"SHOT pseudo-labels: model 57.90% -\u003e centroid 19.58%\n"}
,{"stream_name":"stdout","time":6515.560712603,"data":"轮次:·13/·20 || cls:0.678 || im:-0.631 || 耗时：15.83s\n"}
,{"stream_name":"stdout","time":6518.783151308,"data":"SHOT pseudo-labels: model 58.52% -\u003e centroid 23.13%\n"}
,{"stream_name":"stdout","time":6531.41410603,"data":"轮次:·14/·20 || cls:0.908 || im:-0.722 || 耗时：15.85s\n"}
,{"stream_name":"stdout","time":6534.625161275,"data":"SHOT pseudo-labels: model 58.82% -\u003e centroid 26.33%\n"}
,{"stream_name":"stdout","time":6547.251155619,"data":"轮次:·15/·20 || cls:0.701 || im:-0.661 || 耗时：15.84s\n"}
,{"stream_name":"stdout","time":6550.450132848,"data":"SHOT pseudo-labels: model 58.88% -\u003e centroid 24.40%\n"}
,{"stream_name":"stdout","time":6563.071568395,"data":"轮次:·16/·20 || cls:0.732 || im:-0.622 || 耗时：15.82s\n"}
,{"stream_name":"stdout","time":6566.270619722,"data":"SHOT pseudo-labels: model 59.07% -\u003e centroid 34.25%\n"}
,{"stream_name":"stdout","time":6578.93250787,"data":"轮次:·17/·20 || cls:0.633 || im:-0.635 || 耗时：15.86s\n"}
,{"stream_name":"stdout","time":6582.114187087,"data":"SHOT pseudo-labels: model 60.40% -\u003e centroid 31.03%\n"}
,{"stream_name":"stdout","time":6594.745499782,"data":"轮次:·18/·20 || cls:0.619 || im:-0.586 || 耗时：15.81s\n"}
,{"stream_name":"stdout","time":6597.959227447,"data":"SHOT pseudo-labels: model 59.32% -\u003e centroid 31.07%\n"}
,{"stream_name":"stdout","time":6610.584871261,"data":"轮次:·19/·20 || cls:0.789 || im:-0.622 || 耗时：15.84s\n"}
,{"stream_name":"stdout","time":6613.806192328,"data":"SHOT pseudo-labels: model 59.30% -\u003e centroid 35.27%\n"}
,{"stream_name":"stdout","time":6626.435555446,"data":"轮次:·20/·20 || cls:0.549 || im:-0.652 || 耗时：15.85s\n"}
,{"stream_name":"stdout","time":6632.282968247,"data":"测试集任务: (B3)N15_M07_F04→(B2)N15_M07_F10; 总正确率 = 59.80%\n"}
,{"stream_name":"stdout","time":6632.283003541,"data":"类型1 正确率：  67.00% -\u003e 1   66.75%, 2   33.25%, 3    0.00%\n"}
,{"stream_name":"stdout","time":6632.283010665,"data":"类型2 正确率：  39.00% -\u003e 1   14.25%, 2   39.05%, 3   46.70%\n"}
,{"stream_name":"stdout","time":6632.283016377,"data":"类型3 正确率：  74.00% -\u003e 1    2.35%, 2   24.05%, 3   73.60%\n"}
,{"stream_name":"stdout","time":6632.283021875,"data":"\n"}
,{"stream_name":"stdout","time":6632.283038455,"data":"\n"}
,{"stream_name":"stdout","time":6632.304893604,"data":"[tar_adaptation_RES_PU.py --folder_root /kaggle/working/shot_k10/S01/sdalr_PU_shot/DATA_foldS01 --seed 2024 --class_num 3 --data_name PU_M1_L3 --output /kaggle/working/shot_k10/S01/weight_PU_M1_shot_FS01toS01_s2024 --s 2 --t 1 --lr 0.0005 --threshold 0.4 --K 0.6] 334s\n"}
,{"stream_name":"stdout","time":6632.321408547,"data":"{\n"}
,{"stream_name":"stdout","time":6632.321426796,"data":"  \"dataset\": \"PU_M1\",\n"}
,{"stream_name":"stdout","time":6632.321432069,"data":"  \"variant\": \"shot\",\n"}
,{"stream_name":"stdout","time":6632.321435988,"data":"  \"seed\": 2024,\n"}
,{"stream_name":"stdout","time":6632.321439994,"data":"  \"smoke\": false,\n"}
,{"stream_name":"stdout","time":6632.321443534,"data":"  \"src_fold\": \"S01\",\n"}
,{"stream_name":"stdout","time":6632.321447244,"data":"  \"tgt_fold\": \"S01\",\n"}
,{"stream_name":"stdout","time":6632.321451043,"data":"  \"leaky\": true,\n"}
,{"stream_name":"stdout","time":6632.321455034,"data":"  \"hyperparameters\": {\n"}
,{"stream_name":"stdout","time":6632.321458992,"data":"    \"lr\": \"0.0005\",\n"}
,{"stream_name":"stdout","time":6632.32146279,"data":"    \"threshold\": \"0.4\",\n"}
,{"stream_name":"stdout","time":6632.321466899,"data":"    \"K\": \"0.6\"\n"}
,{"stream_name":"stdout","time":6632.321470312,"data":"  },\n"}
,{"stream_name":"stdout","time":6632.321473537,"data":"  \"adapters\": [\n"}
,{"stream_name":"stdout","time":6632.321476839,"data":"    \"npz_io\",\n"}
,{"stream_name":"stdout","time":6632.321480309,"data":"    \"tsne_stub\",\n"}
,{"stream_name":"stdout","time":6632.321488794,"data":"    \"shot_patch\"\n"}
,{"stream_name":"stdout","time":6632.321492006,"data":"  ],\n"}
,{"stream_name":"stdout","time":6632.321494274,"data":"  \"source_only\": {\n"}
,{"stream_name":"stdout","time":6632.321496519,"data":"    \"A1-\u003eA3\": 98.98,\n"}
,{"stream_name":"stdout","time":6632.321499014,"data":"    \"A1-\u003eA2\": 88.96,\n"}
,{"stream_name":"stdout","time":6632.321501336,"data":"    \"A3-\u003eA1\": 95.2,\n"}
,{"stream_name":"stdout","time":6632.321503544,"data":"    \"A3-\u003eA2\": 88.85,\n"}
,{"stream_name":"stdout","time":6632.321505772,"data":"    \"A2-\u003eA1\": 93.81,\n"}
,{"stream_name":"stdout","time":6632.321507975,"data":"    \"A2-\u003eA3\": 97.87\n"}
,{"stream_name":"stdout","time":6632.321510257,"data":"  },\n"}
,{"stream_name":"stdout","time":6632.321512416,"data":"  \"adapted\": {\n"}
,{"stream_name":"stdout","time":6632.321514629,"data":"    \"A1-\u003eA3\": 57.68,\n"}
,{"stream_name":"stdout","time":6632.321516846,"data":"    \"A1-\u003eA2\": 69.02,\n"}
,{"stream_name":"stdout","time":6632.32151911,"data":"    \"A3-\u003eA1\": 91.95,\n"}
,{"stream_name":"stdout","time":6632.321521317,"data":"    \"A3-\u003eA2\": 92.75,\n"}
,{"stream_name":"stdout","time":6632.321523499,"data":"    \"A2-\u003eA1\": 65.43,\n"}
,{"stream_name":"stdout","time":6632.3215257,"data":"    \"A2-\u003eA3\": 59.8\n"}
,{"stream_name":"stdout","time":6632.321527999,"data":"  },\n"}
,{"stream_name":"stdout","time":6632.321530133,"data":"  \"seconds\": {\n"}
,{"stream_name":"stdout","time":6632.321532322,"data":"    \"pretrain\": 289,\n"}
,{"stream_name":"stdout","time":6632.321534563,"data":"    \"A1-\u003eA3\": 335,\n"}
,{"stream_name":"stdout","time":6632.321536755,"data":"    \"A1-\u003eA2\": 335,\n"}
,{"stream_name":"stdout","time":6632.321538937,"data":"    \"A3-\u003eA1\": 334,\n"}
,{"stream_name":"stdout","time":6632.321541128,"data":"    \"A3-\u003eA2\": 334,\n"}
,{"stream_name":"stdout","time":6632.321543317,"data":"    \"A2-\u003eA1\": 334,\n"}
,{"stream_name":"stdout","time":6632.321554114,"data":"    \"A2-\u003eA3\": 334\n"}
,{"stream_name":"stdout","time":6632.321556544,"data":"  },\n"}
,{"stream_name":"stdout","time":6632.321558681,"data":"  \"gate_log\": {\n"}
,{"stream_name":"stdout","time":6632.3215609,"data":"    \"A1-\u003eA3\": [],\n"}
,{"stream_name":"stdout","time":6632.321563115,"data":"    \"A1-\u003eA2\": [],\n"}
,{"stream_name":"stdout","time":6632.321565298,"data":"    \"A3-\u003eA1\": [],\n"}
,{"stream_name":"stdout","time":6632.321567484,"data":"    \"A3-\u003eA2\": [],\n"}
,{"stream_name":"stdout","time":6632.321569663,"data":"    \"A2-\u003eA1\": [],\n"}
,{"stream_name":"stdout","time":6632.321571854,"data":"    \"A2-\u003eA3\": []\n"}
,{"stream_name":"stdout","time":6632.32157413,"data":"  },\n"}
,{"stream_name":"stdout","time":6632.321576281,"data":"  \"gate\": \"none\"\n"}
,{"stream_name":"stdout","time":6632.321578567,"data":"}\n"}
,{"stream_name":"stdout","time":6633.353140789,"data":"RUN /usr/bin/python3 -u /kaggle/input/datasets/rhrhrhrhrh/physgate-m0-code/sdalr_runner.py --sdalr /kaggle/input/datasets/rhrhrhrhrh/physgate-m0-code --m0 /kaggle/input/datasets/rhrhrhrhrh/physgate-k10-g1 --dataset PU_M1 --src-fold S01 --tgt-fold S01c --variant shot --work /kaggle/working/shot_k10/S01 --seed 2024 --skip-pretrain\n"}
,{"stream_name":"stdout","time":6639.295428223,"data":"读取源域路径：/kaggle/working/shot_k10/S01/weight_PU_M1_shot_FS01toS01c_s2024/NEW_PU/Source-源域/log\u0026pt/(B1)N15_M01_F10\n"}
,{"stream_name":"stdout","time":6639.295460748,"data":"excel输出位置：/kaggle/working/shot_k10/S01/weight_PU_M1_shot_FS01toS01c_s2024/NEW_PU/Target-目标域\n"}
,{"stream_name":"stdout","time":6639.295919414,"data":"特征图片输出位置：/kaggle/working/shot_k10/S01/weight_PU_M1_shot_FS01toS01c_s2024/NEW_PU/Picture-特征图/2026年09月21日21时57分/(B1)N15_M01_F10\n"}
,{"stream_name":"stderr","time":6639.641240271,"data":"/usr/local/lib/python3.12/dist-packages/torch/nn/utils/weight_norm.py:144: FutureWarning: `torch.nn.utils.weight_norm` is deprecated in favor of `torch.nn.utils.parametrizations.weight_norm`.\n"}
,{"stream_name":"stderr","time":6639.641273633,"data":"  WeightNorm.apply(module, name, dim)\n"}
,{"stream_name":"stdout","time":6639.685458643,"data":"现在选取:(B1)N15_M01_F10 进行训练的源模型\n"}
,{"stream_name":"stdout","time":6639.685485036,"data":"现在进行：(B1)N15_M01_F10→(B2)N15_M07_F10 的迁移任务\n"}
,{"stream_name":"stdout","time":6639.685490411,"data":"log\u0026pt输出位置：/kaggle/working/shot_k10/S01/weight_PU_M1_shot_FS01toS01c_s2024/NEW_PU/Target-目标域/log\u0026pt/(B1)N15_M01_F10→(B2)N15_M07_F10\n"}
,{"stream_name":"stderr","time":6639.686737004,"data":"sh: 1: Syntax error: word unexpected (expecting \")\")\n"}
,{"stream_name":"stdout","time":6650.856810511,"data":"任务: (B1)N15_M01_F10→(B2)N15_M07_F10; 批次:····0/·1880;  总正确率: 37.72%\n"}
,{"stream_name":"stdout","time":6650.856871536,"data":"类型1 正确率： 100.00% -\u003e 1  100.00%, 2    0.00%, 3    0.00%\n"}
,{"stream_name":"stdout","time":6650.856879959,"data":"类型2 正确率：  13.00% -\u003e 1    0.10%, 2   13.15%, 3   86.75%\n"}
,{"stream_name":"stdout","time":6650.856884787,"data":"类型3 正确率：   0.00% -\u003e 1    0.00%, 2  100.00%, 3    0.00%\n"}
,{"stream_name":"stdout","time":6650.856889468,"data":"\n"}
,{"stream_name":"stdout","time":6650.85689368,"data":"\n"}
,{"stream_name":"stdout","time":6654.126139366,"data":"SHOT pseudo-labels: model 37.72% -\u003e centroid 37.87%\n"}
,{"stream_name":"stderr","time":6667.037675706,"data":"/kaggle/working/shot_k10/S01/sdalr_PU_shot/tar_adaptation_RES_PU.py:114: UserWarning: Converting a tensor with requires_grad=True to a scalar may lead to unexpected behavior.\n"}
,{"stream_name":"stderr","time":6667.03774049,"data":"Consider using tensor.detach() first. (Triggered internally at /pytorch/torch/csrc/autograd/generated/python_variable_methods.cpp:836.)\n"}
,{"stream_name":"stderr","time":6667.03774693,"data":"  iter_num // epoch_len, args.max_epoch, float(classifier_loss), float(im_loss), time.time() - start))\n"}
,{"stream_name":"stdout","time":6667.037680972,"data":"轮次:··1/·20 || cls:0.843 || im:-0.741 || 耗时：22.27s\n"}
,{"stream_name":"stdout","time":6670.321151628,"data":"SHOT pseudo-labels: model 56.38% -\u003e centroid 66.68%\n"}
,{"stream_name":"stdout","time":6683.568740754,"data":"轮次:··2/·20 || cls:0.928 || im:-0.626 || 耗时：16.53s\n"}
,{"stream_name":"stdout","time":6686.862140801,"data":"SHOT pseudo-labels: model 61.97% -\u003e centroid 87.42%\n"}
,{"stream_name":"stdout","time":6699.588314884,"data":"轮次:··3/·20 || cls:0.578 || im:-0.592 || 耗时：16.02s\n"}
,{"stream_name":"stdout","time":6702.770200887,"data":"SHOT pseudo-labels: model 72.23% -\u003e centroid 87.82%\n"}
,{"stream_name":"stdout","time":6715.189466699,"data":"轮次:··4/·20 || cls:0.614 || im:-0.570 || 耗时：15.60s\n"}
,{"stream_name":"stdout","time":6718.34417536,"data":"SHOT pseudo-labels: model 77.82% -\u003e centroid 88.23%\n"}
,{"stream_name":"stdout","time":6730.754515782,"data":"轮次:··5/·20 || cls:0.648 || im:-0.674 || 耗时：15.57s\n"}
,{"stream_name":"stdout","time":6733.941168356,"data":"SHOT pseudo-labels: model 81.22% -\u003e centroid 92.07%\n"}
,{"stream_name":"stdout","time":6746.583972362,"data":"轮次:··6/·20 || cls:0.643 || im:-0.704 || 耗时：15.83s\n"}
,{"stream_name":"stdout","time":6749.836192765,"data":"SHOT pseudo-labels: model 84.23% -\u003e centroid 97.55%\n"}
,{"stream_name":"stdout","time":6762.671750724,"data":"轮次:··7/·20 || cls:0.772 || im:-0.670 || 耗时：16.09s\n"}
,{"stream_name":"stdout","time":6765.930166648,"data":"SHOT pseudo-labels: model 86.12% -\u003e centroid 97.80%\n"}
,{"stream_name":"stdout","time":6778.629485596,"data":"轮次:··8/·20 || cls:0.800 || im:-0.750 || 耗时：15.96s\n"}
,{"stream_name":"stdout","time":6781.827164322,"data":"SHOT pseudo-labels: model 88.08% -\u003e centroid 98.57%\n"}
,{"stream_name":"stdout","time":6794.408380848,"data":"轮次:··9/·20 || cls:0.700 || im:-0.724 || 耗时：15.78s\n"}
,{"stream_name":"stdout","time":6797.600161531,"data":"SHOT pseudo-labels: model 88.13% -\u003e centroid 98.37%\n"}
,{"stream_name":"stdout","time":6810.155725403,"data":"轮次:·10/·20 || cls:0.718 || im:-0.731 || 耗时：15.75s\n"}
,{"stream_name":"stdout","time":6813.345133443,"data":"SHOT pseudo-labels: model 90.00% -\u003e centroid 98.33%\n"}
,{"stream_name":"stdout","time":6825.955901299,"data":"轮次:·11/·20 || cls:0.676 || im:-0.675 || 耗时：15.80s\n"}
,{"stream_name":"stdout","time":6829.162165835,"data":"SHOT pseudo-labels: model 89.87% -\u003e centroid 98.55%\n"}
,{"stream_name":"stdout","time":6841.799259177,"data":"轮次:·12/·20 || cls:0.869 || im:-0.714 || 耗时：15.84s\n"}
,{"stream_name":"stdout","time":6845.021170475,"data":"SHOT pseudo-labels: model 89.75% -\u003e centroid 98.03%\n"}
,{"stream_name":"stdout","time":6857.711054266,"data":"轮次:·13/·20 || cls:0.640 || im:-0.696 || 耗时：15.91s\n"}
,{"stream_name":"stdout","time":6860.926321311,"data":"SHOT pseudo-labels: model 90.65% -\u003e centroid 98.68%\n"}
,{"stream_name":"stdout","time":6873.586988241,"data":"轮次:·14/·20 || cls:0.768 || im:-0.678 || 耗时：15.88s\n"}
,{"stream_name":"stdout","time":6876.810131086,"data":"SHOT pseudo-labels: model 91.57% -\u003e centroid 98.70%\n"}
,{"stream_name":"stdout","time":6889.443271775,"data":"轮次:·15/·20 || cls:0.716 || im:-0.688 || 耗时：15.86s\n"}
,{"stream_name":"stdout","time":6892.649173678,"data":"SHOT pseudo-labels: model 92.67% -\u003e centroid 98.73%\n"}
,{"stream_name":"stdout","time":6905.264729935,"data":"轮次:·16/·20 || cls:0.745 || im:-0.706 || 耗时：15.82s\n"}
,{"stream_name":"stdout","time":6908.466154364,"data":"SHOT pseudo-labels: model 92.27% -\u003e centroid 98.67%\n"}
,{"stream_name":"stdout","time":6921.060790657,"data":"轮次:·17/·20 || cls:0.852 || im:-0.720 || 耗时：15.80s\n"}
,{"stream_name":"stdout","time":6924.261126044,"data":"SHOT pseudo-labels: model 92.55% -\u003e centroid 98.38%\n"}
,{"stream_name":"stdout","time":6936.823020654,"data":"轮次:·18/·20 || cls:0.855 || im:-0.730 || 耗时：15.76s\n"}
,{"stream_name":"stdout","time":6940.050156863,"data":"SHOT pseudo-labels: model 93.40% -\u003e centroid 98.68%\n"}
,{"stream_name":"stdout","time":6952.657487524,"data":"轮次:·19/·20 || cls:0.915 || im:-0.736 || 耗时：15.83s\n"}
,{"stream_name":"stdout","time":6955.859132618,"data":"SHOT pseudo-labels: model 93.57% -\u003e centroid 99.08%\n"}
,{"stream_name":"stdout","time":6968.547392543,"data":"轮次:·20/·20 || cls:0.647 || im:-0.699 || 耗时：15.89s\n"}
,{"stream_name":"stdout","time":6974.447201075,"data":"测试集任务: (B1)N15_M01_F10→(B2)N15_M07_F10; 总正确率 = 93.32%\n"}
,{"stream_name":"stdout","time":6974.44723314,"data":"类型1 正确率： 100.00% -\u003e 1  100.00%, 2    0.00%, 3    0.00%\n"}
,{"stream_name":"stdout","time":6974.447242349,"data":"类型2 正确率：  92.00% -\u003e 1    0.05%, 2   91.75%, 3    8.20%\n"}
,{"stream_name":"stdout","time":6974.447245755,"data":"类型3 正确率：  88.00% -\u003e 1    0.30%, 2   11.50%, 3   88.20%\n"}
,{"stream_name":"stdout","time":6974.447249192,"data":"\n"}
,{"stream_name":"stdout","time":6974.447252849,"data":"\n"}
,{"stream_name":"stdout","time":6974.463200795,"data":"[tar_adaptation_RES_PU.py --folder_root /kaggle/working/shot_k10/S01/sdalr_PU_shot/DATA_foldS01c --seed 2024 --class_num 3 --data_name PU_M1_L3 --output /kaggle/working/shot_k10/S01/weight_PU_M1_shot_FS01toS01c_s2024 --s 0 --t 1 --lr 0.0005 --threshold 0.4 --K 0.6] 335s\n"}
,{"stream_name":"stdout","time":6974.489724139,"data":"读取源域路径：/kaggle/working/shot_k10/S01/weight_PU_M1_shot_FS01toS01c_s2024/NEW_PU/Source-源域/log\u0026pt/(B1)N15_M01_F10\n"}
,{"stream_name":"stdout","time":6974.489744558,"data":"excel输出位置：/kaggle/working/shot_k10/S01/weight_PU_M1_shot_FS01toS01c_s2024/NEW_PU/Target-目标域\n"}
,{"stream_name":"stdout","time":6974.489898369,"data":"特征图片输出位置：/kaggle/working/shot_k10/S01/weight_PU_M1_shot_FS01toS01c_s2024/NEW_PU/Picture-特征图/2026年09月21日22时02分/(B1)N15_M01_F10\n"}
,{"stream_name":"stderr","time":6974.529199975,"data":"/usr/local/lib/python3.12/dist-packages/torch/nn/utils/weight_norm.py:144: FutureWarning: `torch.nn.utils.weight_norm` is deprecated in favor of `torch.nn.utils.parametrizations.weight_norm`.\n"}
,{"stream_name":"stderr","time":6974.52921979,"data":"  WeightNorm.apply(module, name, dim)\n"}
,{"stream_name":"stdout","time":6974.567283056,"data":"现在选取:(B1)N15_M01_F10 进行训练的源模型\n"}
,{"stream_name":"stdout","time":6974.567301098,"data":"现在进行：(B1)N15_M01_F10→(B3)N15_M07_F04 的迁移任务\n"}
,{"stream_name":"stdout","time":6974.567306409,"data":"log\u0026pt输出位置：/kaggle/working/shot_k10/S01/weight_PU_M1_shot_FS01toS01c_s2024/NEW_PU/Target-目标域/log\u0026pt/(B1)N15_M01_F10→(B3)N15_M07_F04\n"}
,{"stream_name":"stderr","time":6974.56860612,"data":"sh: 1: Syntax error: word unexpected (expecting \")\")\n"}
,{"stream_name":"stdout","time":6985.428856051,"data":"任务: (B1)N15_M01_F10→(B3)N15_M07_F04; 批次:····0/·1880;  总正确率: 42.58%\n"}
,{"stream_name":"stdout","time":6985.428900797,"data":"类型1 正确率： 100.00% -\u003e 1  100.00%, 2    0.00%, 3    0.00%\n"}
,{"stream_name":"stdout","time":6985.428906921,"data":"类型2 正确率：  22.00% -\u003e 1    5.10%, 2   21.60%, 3   73.30%\n"}
,{"stream_name":"stdout","time":6985.428911658,"data":"类型3 正确率：   6.00% -\u003e 1    5.60%, 2   88.25%, 3    6.15%\n"}
,{"stream_name":"stdout","time":6985.428915386,"data":"\n"}
,{"stream_name":"stdout","time":6985.428918755,"data":"\n"}
,{"stream_name":"stdout","time":6988.63423318,"data":"SHOT pseudo-labels: model 42.58% -\u003e centroid 43.30%\n"}
,{"stream_name":"stdout","time":7001.305767462,"data":"轮次:··1/·20 || cls:0.894 || im:-0.722 || 耗时：21.75s\n"}
,{"stream_name":"stdout","time":7004.578099221,"data":"SHOT pseudo-labels: model 56.00% -\u003e centroid 41.78%\n"}
,{"stream_name":"stdout","time":7017.341835645,"data":"轮次:··2/·20 || cls:0.864 || im:-0.622 || 耗时：16.04s\n"}
,{"stream_name":"stdout","time":7020.56016303,"data":"SHOT pseudo-labels: model 52.67% -\u003e centroid 41.88%\n"}
,{"stream_name":"stdout","time":7033.191326513,"data":"轮次:··3/·20 || cls:0.711 || im:-0.606 || 耗时：15.85s\n"}
,{"stream_name":"stdout","time":7036.381175016,"data":"SHOT pseudo-labels: model 53.22% -\u003e centroid 41.65%\n"}
,{"stream_name":"stdout","time":7048.948204828,"data":"轮次:··4/·20 || cls:0.987 || im:-0.693 || 耗时：15.76s\n"}
,{"stream_name":"stdout","time":7052.13817737,"data":"SHOT pseudo-labels: model 54.13% -\u003e centroid 41.68%\n"}
,{"stream_name":"stdout","time":7064.755064774,"data":"轮次:··5/·20 || cls:0.589 || im:-0.587 || 耗时：15.81s\n"}
,{"stream_name":"stdout","time":7067.939143847,"data":"SHOT pseudo-labels: model 55.68% -\u003e centroid 41.43%\n"}
,{"stream_name":"stdout","time":7080.543824764,"data":"轮次:··6/·20 || cls:0.652 || im:-0.655 || 耗时：15.79s\n"}
,{"stream_name":"stdout","time":7083.74917226,"data":"SHOT pseudo-labels: model 54.23% -\u003e centroid 41.67%\n"}
,{"stream_name":"stdout","time":7096.383184398,"data":"轮次:··7/·20 || cls:0.725 || im:-0.660 || 耗时：15.84s\n"}
,{"stream_name":"stdout","time":7099.607177412,"data":"SHOT pseudo-labels: model 54.28% -\u003e centroid 41.73%\n"}
,{"stream_name":"stdout","time":7112.247484249,"data":"轮次:··8/·20 || cls:0.679 || im:-0.639 || 耗时：15.86s\n"}
,{"stream_name":"stdout","time":7115.458434284,"data":"SHOT pseudo-labels: model 50.78% -\u003e centroid 41.95%\n"}
,{"stream_name":"stdout","time":7128.131533366,"data":"轮次:··9/·20 || cls:0.566 || im:-0.678 || 耗时：15.88s\n"}
,{"stream_name":"stdout","time":7131.340365955,"data":"SHOT pseudo-labels: model 50.63% -\u003e centroid 42.12%\n"}
,{"stream_name":"stdout","time":7144.011235259,"data":"轮次:·10/·20 || cls:0.571 || im:-0.674 || 耗时：15.88s\n"}
,{"stream_name":"stdout","time":7147.210147919,"data":"SHOT pseudo-labels: model 50.67% -\u003e centroid 42.00%\n"}
,{"stream_name":"stdout","time":7159.86911851,"data":"轮次:·11/·20 || cls:0.622 || im:-0.615 || 耗时：15.86s\n"}
,{"stream_name":"stdout","time":7163.080633264,"data":"SHOT pseudo-labels: model 50.67% -\u003e centroid 41.97%\n"}
,{"stream_name":"stdout","time":7175.763119686,"data":"轮次:·12/·20 || cls:0.761 || im:-0.641 || 耗时：15.89s\n"}
,{"stream_name":"stdout","time":7178.96024719,"data":"SHOT pseudo-labels: model 49.97% -\u003e centroid 41.83%\n"}
,{"stream_name":"stdout","time":7191.625237683,"data":"轮次:·13/·20 || cls:0.583 || im:-0.675 || 耗时：15.86s\n"}
,{"stream_name":"stdout","time":7194.847146483,"data":"SHOT pseudo-labels: model 50.32% -\u003e centroid 41.90%\n"}
,{"stream_name":"stdout","time":7207.498934419,"data":"轮次:·14/·20 || cls:0.725 || im:-0.661 || 耗时：15.87s\n"}
,{"stream_name":"stdout","time":7210.698184028,"data":"SHOT pseudo-labels: model 50.38% -\u003e centroid 41.97%\n"}
,{"stream_name":"stdout","time":7223.319677695,"data":"轮次:·15/·20 || cls:0.656 || im:-0.660 || 耗时：15.82s\n"}
,{"stream_name":"stdout","time":7226.507149198,"data":"SHOT pseudo-labels: model 49.30% -\u003e centroid 41.98%\n"}
,{"stream_name":"stdout","time":7239.113848767,"data":"轮次:·16/·20 || cls:0.808 || im:-0.751 || 耗时：15.79s\n"}
,{"stream_name":"stdout","time":7242.31565926,"data":"SHOT pseudo-labels: model 49.08% -\u003e centroid 41.90%\n"}
,{"stream_name":"stdout","time":7254.944329236,"data":"轮次:·17/·20 || cls:0.776 || im:-0.655 || 耗时：15.83s\n"}
,{"stream_name":"stdout","time":7258.147154803,"data":"SHOT pseudo-labels: model 50.07% -\u003e centroid 41.87%\n"}
,{"stream_name":"stdout","time":7270.791650168,"data":"轮次:·18/·20 || cls:0.788 || im:-0.756 || 耗时：15.85s\n"}
,{"stream_name":"stdout","time":7273.991177438,"data":"SHOT pseudo-labels: model 49.27% -\u003e centroid 41.80%\n"}
,{"stream_name":"stdout","time":7286.591390299,"data":"轮次:·19/·20 || cls:0.794 || im:-0.711 || 耗时：15.80s\n"}
,{"stream_name":"stdout","time":7289.762270946,"data":"SHOT pseudo-labels: model 48.62% -\u003e centroid 41.80%\n"}
,{"stream_name":"stdout","time":7302.380125515,"data":"轮次:·20/·20 || cls:0.563 || im:-0.753 || 耗时：15.79s\n"}
,{"stream_name":"stdout","time":7308.206744289,"data":"测试集任务: (B1)N15_M01_F10→(B3)N15_M07_F04; 总正确率 = 49.12%\n"}
,{"stream_name":"stdout","time":7308.206776636,"data":"类型1 正确率： 100.00% -\u003e 1   99.85%, 2    0.15%, 3    0.00%\n"}
,{"stream_name":"stdout","time":7308.206783817,"data":"类型2 正确率：  23.00% -\u003e 1    3.40%, 2   23.00%, 3   73.60%\n"}
,{"stream_name":"stdout","time":7308.206788739,"data":"类型3 正确率：  24.00% -\u003e 1    0.00%, 2   75.50%, 3   24.50%\n"}
,{"stream_name":"stdout","time":7308.206799455,"data":"\n"}
,{"stream_name":"stdout","time":7308.206802859,"data":"\n"}
,{"stream_name":"stdout","time":7308.223973811,"data":"[tar_adaptation_RES_PU.py --folder_root /kaggle/working/shot_k10/S01/sdalr_PU_shot/DATA_foldS01c --seed 2024 --class_num 3 --data_name PU_M1_L3 --output /kaggle/working/shot_k10/S01/weight_PU_M1_shot_FS01toS01c_s2024 --s 0 --t 2 --lr 0.0005 --threshold 0.4 --K 0.6] 334s\n"}
,{"stream_name":"stdout","time":7308.250694022,"data":"读取源域路径：/kaggle/working/shot_k10/S01/weight_PU_M1_shot_FS01toS01c_s2024/NEW_PU/Source-源域/log\u0026pt/(B2)N15_M07_F10\n"}
,{"stream_name":"stdout","time":7308.250712792,"data":"excel输出位置：/kaggle/working/shot_k10/S01/weight_PU_M1_shot_FS01toS01c_s2024/NEW_PU/Target-目标域\n"}
,{"stream_name":"stdout","time":7308.250788133,"data":"特征图片输出位置：/kaggle/working/shot_k10/S01/weight_PU_M1_shot_FS01toS01c_s2024/NEW_PU/Picture-特征图/2026年09月21日22时08分/(B2)N15_M07_F10\n"}
,{"stream_name":"stderr","time":7308.283851211,"data":"/usr/local/lib/python3.12/dist-packages/torch/nn/utils/weight_norm.py:144: FutureWarning: `torch.nn.utils.weight_norm` is deprecated in favor of `torch.nn.utils.parametrizations.weight_norm`.\n"}
,{"stream_name":"stderr","time":7308.283869655,"data":"  WeightNorm.apply(module, name, dim)\n"}
,{"stream_name":"stdout","time":7308.319941937,"data":"现在选取:(B2)N15_M07_F10 进行训练的源模型\n"}
,{"stream_name":"stdout","time":7308.319959212,"data":"现在进行：(B2)N15_M07_F10→(B1)N15_M01_F10 的迁移任务\n"}
,{"stream_name":"stdout","time":7308.319975248,"data":"log\u0026pt输出位置：/kaggle/working/shot_k10/S01/weight_PU_M1_shot_FS01toS01c_s2024/NEW_PU/Target-目标域/log\u0026pt/(B2)N15_M07_F10→(B1)N15_M01_F10\n"}
,{"stream_name":"stderr","time":7308.32137346,"data":"sh: 1: Syntax error: word unexpected (expecting \")\")\n"}
,{"stream_name":"stdout","time":7319.149275576,"data":"任务: (B2)N15_M07_F10→(B1)N15_M01_F10; 批次:····0/·1880;  总正确率: 42.35%\n"}
,{"stream_name":"stdout","time":7319.149308389,"data":"类型1 正确率： 100.00% -\u003e 1  100.00%, 2    0.00%, 3    0.00%\n"}
,{"stream_name":"stdout","time":7319.149314891,"data":"类型2 正确率：  27.00% -\u003e 1    5.05%, 2   27.05%, 3   67.90%\n"}
,{"stream_name":"stdout","time":7319.149349909,"data":"类型3 正确率：   0.00% -\u003e 1    0.00%, 2  100.00%, 3    0.00%\n"}
,{"stream_name":"stdout","time":7319.149355227,"data":"\n"}
,{"stream_name":"stdout","time":7319.149359645,"data":"\n"}
,{"stream_name":"stdout","time":7322.339137,"data":"SHOT pseudo-labels: model 42.35% -\u003e centroid 44.25%\n"}
,{"stream_name":"stdout","time":7335.090004825,"data":"轮次:··1/·20 || cls:1.077 || im:-0.891 || 耗时：21.75s\n"}
,{"stream_name":"stdout","time":7338.334154308,"data":"SHOT pseudo-labels: model 60.33% -\u003e centroid 38.40%\n"}
,{"stream_name":"stdout","time":7351.248603123,"data":"轮次:··2/·20 || cls:0.836 || im:-0.627 || 耗时：16.16s\n"}
,{"stream_name":"stdout","time":7354.47009386,"data":"SHOT pseudo-labels: model 57.00% -\u003e centroid 37.95%\n"}
,{"stream_name":"stdout","time":7367.088956044,"data":"轮次:··3/·20 || cls:0.602 || im:-0.657 || 耗时：15.84s\n"}
,{"stream_name":"stdout","time":7370.279168262,"data":"SHOT pseudo-labels: model 56.70% -\u003e centroid 36.25%\n"}
,{"stream_name":"stdout","time":7382.829549864,"data":"轮次:··4/·20 || cls:0.551 || im:-0.587 || 耗时：15.74s\n"}
,{"stream_name":"stdout","time":7386.010417626,"data":"SHOT pseudo-labels: model 58.87% -\u003e centroid 36.18%\n"}
,{"stream_name":"stdout","time":7398.543618172,"data":"轮次:··5/·20 || cls:0.646 || im:-0.603 || 耗时：15.71s\n"}
,{"stream_name":"stdout","time":7401.746111324,"data":"SHOT pseudo-labels: model 57.52% -\u003e centroid 36.12%\n"}
,{"stream_name":"stdout","time":7414.382074598,"data":"轮次:··6/·20 || cls:0.580 || im:-0.630 || 耗时：15.84s\n"}
,{"stream_name":"stdout","time":7417.593173756,"data":"SHOT pseudo-labels: model 56.50% -\u003e centroid 36.47%\n"}
,{"stream_name":"stdout","time":7430.264979107,"data":"轮次:··7/·20 || cls:0.630 || im:-0.606 || 耗时：15.88s\n"}
,{"stream_name":"stdout","time":7433.486594584,"data":"SHOT pseudo-labels: model 56.63% -\u003e centroid 36.77%\n"}
,{"stream_name":"stdout","time":7446.147967695,"data":"轮次:··8/·20 || cls:0.787 || im:-0.661 || 耗时：15.88s\n"}
,{"stream_name":"stdout","time":7449.337385549,"data":"SHOT pseudo-labels: model 57.48% -\u003e centroid 36.28%\n"}
,{"stream_name":"stdout","time":7461.986406334,"data":"轮次:··9/·20 || cls:0.654 || im:-0.702 || 耗时：15.84s\n"}
,{"stream_name":"stdout","time":7465.196149647,"data":"SHOT pseudo-labels: model 57.23% -\u003e centroid 36.40%\n"}
,{"stream_name":"stdout","time":7477.826459967,"data":"轮次:·10/·20 || cls:0.559 || im:-0.584 || 耗时：15.84s\n"}
,{"stream_name":"stdout","time":7481.020162786,"data":"SHOT pseudo-labels: model 55.95% -\u003e centroid 36.83%\n"}
,{"stream_name":"stdout","time":7493.639623825,"data":"轮次:·11/·20 || cls:0.578 || im:-0.522 || 耗时：15.81s\n"}
,{"stream_name":"stdout","time":7496.828160919,"data":"SHOT pseudo-labels: model 55.85% -\u003e centroid 36.73%\n"}
,{"stream_name":"stdout","time":7509.4438074,"data":"轮次:·12/·20 || cls:0.781 || im:-0.716 || 耗时：15.80s\n"}
,{"stream_name":"stdout","time":7512.64117381,"data":"SHOT pseudo-labels: model 54.95% -\u003e centroid 37.07%\n"}
,{"stream_name":"stdout","time":7525.227793185,"data":"轮次:·13/·20 || cls:0.663 || im:-0.663 || 耗时：15.78s\n"}
,{"stream_name":"stdout","time":7528.419182793,"data":"SHOT pseudo-labels: model 55.97% -\u003e centroid 36.60%\n"}
,{"stream_name":"stdout","time":7541.020812646,"data":"轮次:·14/·20 || cls:0.736 || im:-0.698 || 耗时：15.79s\n"}
,{"stream_name":"stdout","time":7544.217332675,"data":"SHOT pseudo-labels: model 53.53% -\u003e centroid 37.02%\n"}
,{"stream_name":"stdout","time":7556.827062881,"data":"轮次:·15/·20 || cls:0.641 || im:-0.662 || 耗时：15.81s\n"}
,{"stream_name":"stdout","time":7560.043138152,"data":"SHOT pseudo-labels: model 53.17% -\u003e centroid 36.98%\n"}
,{"stream_name":"stdout","time":7572.655244282,"data":"轮次:·16/·20 || cls:0.835 || im:-0.692 || 耗时：15.83s\n"}
,{"stream_name":"stdout","time":7575.85118848,"data":"SHOT pseudo-labels: model 52.72% -\u003e centroid 36.87%\n"}
,{"stream_name":"stdout","time":7588.484617757,"data":"轮次:·17/·20 || cls:0.773 || im:-0.636 || 耗时：15.83s\n"}
,{"stream_name":"stdout","time":7591.668132861,"data":"SHOT pseudo-labels: model 53.05% -\u003e centroid 37.38%\n"}
,{"stream_name":"stdout","time":7604.277566766,"data":"轮次:·18/·20 || cls:0.662 || im:-0.688 || 耗时：15.79s\n"}
,{"stream_name":"stdout","time":7607.463162769,"data":"SHOT pseudo-labels: model 53.00% -\u003e centroid 36.75%\n"}
,{"stream_name":"stdout","time":7620.062613103,"data":"轮次:·19/·20 || cls:0.837 || im:-0.682 || 耗时：15.79s\n"}
,{"stream_name":"stdout","time":7623.289595029,"data":"SHOT pseudo-labels: model 52.52% -\u003e centroid 36.65%\n"}
,{"stream_name":"stdout","time":7635.902375615,"data":"轮次:·20/·20 || cls:0.622 || im:-0.709 || 耗时：15.84s\n"}
,{"stream_name":"stdout","time":7641.713161967,"data":"测试集任务: (B2)N15_M07_F10→(B1)N15_M01_F10; 总正确率 = 52.38%\n"}
,{"stream_name":"stdout","time":7641.713197706,"data":"类型1 正确率： 100.00% -\u003e 1  100.00%, 2    0.00%, 3    0.00%\n"}
,{"stream_name":"stdout","time":7641.713202696,"data":"类型2 正确率：  29.00% -\u003e 1    0.00%, 2   28.75%, 3   71.25%\n"}
,{"stream_name":"stdout","time":7641.713222809,"data":"类型3 正确率：  28.00% -\u003e 1    0.00%, 2   71.60%, 3   28.40%\n"}
,{"stream_name":"stdout","time":7641.713228031,"data":"\n"}
,{"stream_name":"stdout","time":7641.713233464,"data":"\n"}
,{"stream_name":"stdout","time":7641.730088227,"data":"[tar_adaptation_RES_PU.py --folder_root /kaggle/working/shot_k10/S01/sdalr_PU_shot/DATA_foldS01c --seed 2024 --class_num 3 --data_name PU_M1_L3 --output /kaggle/working/shot_k10/S01/weight_PU_M1_shot_FS01toS01c_s2024 --s 1 --t 0 --lr 0.0005 --threshold 0.4 --K 0.6] 333s\n"}
,{"stream_name":"stdout","time":7641.76511003,"data":"读取源域路径：/kaggle/working/shot_k10/S01/weight_PU_M1_shot_FS01toS01c_s2024/NEW_PU/Source-源域/log\u0026pt/(B2)N15_M07_F10\n"}
,{"stream_name":"stdout","time":7641.765130711,"data":"excel输出位置：/kaggle/working/shot_k10/S01/weight_PU_M1_shot_FS01toS01c_s2024/NEW_PU/Target-目标域\n"}
,{"stream_name":"stdout","time":7641.76537307,"data":"特征图片输出位置：/kaggle/working/shot_k10/S01/weight_PU_M1_shot_FS01toS01c_s2024/NEW_PU/Picture-特征图/2026年09月21日22时13分/(B2)N15_M07_F10\n"}
,{"stream_name":"stderr","time":7641.797554248,"data":"/usr/local/lib/python3.12/dist-packages/torch/nn/utils/weight_norm.py:144: FutureWarning: `torch.nn.utils.weight_norm` is deprecated in favor of `torch.nn.utils.parametrizations.weight_norm`.\n"}
,{"stream_name":"stderr","time":7641.797584447,"data":"  WeightNorm.apply(module, name, dim)\n"}
,{"stream_name":"stdout","time":7641.834856071,"data":"现在选取:(B2)N15_M07_F10 进行训练的源模型\n"}
,{"stream_name":"stdout","time":7641.83487714,"data":"现在进行：(B2)N15_M07_F10→(B3)N15_M07_F04 的迁移任务\n"}
,{"stream_name":"stdout","time":7641.834883163,"data":"log\u0026pt输出位置：/kaggle/working/shot_k10/S01/weight_PU_M1_shot_FS01toS01c_s2024/NEW_PU/Target-目标域/log\u0026pt/(B2)N15_M07_F10→(B3)N15_M07_F04\n"}
,{"stream_name":"stderr","time":7641.836103481,"data":"sh: 1: Syntax error: word unexpected (expecting \")\")\n"}
,{"stream_name":"stdout","time":7652.625885177,"data":"任务: (B2)N15_M07_F10→(B3)N15_M07_F04; 批次:····0/·1880;  总正确率: 42.57%\n"}
,{"stream_name":"stdout","time":7652.625913712,"data":"类型1 正确率： 100.00% -\u003e 1  100.00%, 2    0.00%, 3    0.00%\n"}
,{"stream_name":"stdout","time":7652.625920293,"data":"类型2 正确率：  27.00% -\u003e 1    1.90%, 2   27.05%, 3   71.05%\n"}
,{"stream_name":"stdout","time":7652.625925081,"data":"类型3 正确率：   1.00% -\u003e 1    0.00%, 2   99.35%, 3    0.65%\n"}
,{"stream_name":"stdout","time":7652.625929658,"data":"\n"}
,{"stream_name":"stdout","time":7652.625934013,"data":"\n"}
,{"stream_name":"stdout","time":7655.78411968,"data":"SHOT pseudo-labels: model 42.57% -\u003e centroid 43.28%\n"}
,{"stream_name":"stdout","time":7668.46747817,"data":"轮次:··1/·20 || cls:1.316 || im:-0.854 || 耗时：21.65s\n"}
,{"stream_name":"stdout","time":7671.731133835,"data":"SHOT pseudo-labels: model 55.85% -\u003e centroid 42.35%\n"}
,{"stream_name":"stdout","time":7684.651639397,"data":"轮次:··2/·20 || cls:0.848 || im:-0.652 || 耗时：16.18s\n"}
,{"stream_name":"stdout","time":7687.878155453,"data":"SHOT pseudo-labels: model 51.88% -\u003e centroid 41.83%\n"}
,{"stream_name":"stdout","time":7700.514628355,"data":"轮次:··3/·20 || cls:0.738 || im:-0.640 || 耗时：15.86s\n"}
,{"stream_name":"stdout","time":7703.710141949,"data":"SHOT pseudo-labels: model 51.30% -\u003e centroid 39.05%\n"}
,{"stream_name":"stdout","time":7716.235942358,"data":"轮次:··4/·20 || cls:0.695 || im:-0.683 || 耗时：15.72s\n"}
,{"stream_name":"stdout","time":7719.405167997,"data":"SHOT pseudo-labels: model 52.28% -\u003e centroid 38.57%\n"}
,{"stream_name":"stdout","time":7731.925211506,"data":"轮次:··5/·20 || cls:0.640 || im:-0.626 || 耗时：15.69s\n"}
,{"stream_name":"stdout","time":7735.124144881,"data":"SHOT pseudo-labels: model 53.95% -\u003e centroid 40.30%\n"}
,{"stream_name":"stdout","time":7747.736616917,"data":"轮次:··6/·20 || cls:0.631 || im:-0.684 || 耗时：15.81s\n"}
,{"stream_name":"stdout","time":7750.935146961,"data":"SHOT pseudo-labels: model 53.25% -\u003e centroid 41.28%\n"}
,{"stream_name":"stdout","time":7763.618553754,"data":"轮次:··7/·20 || cls:0.767 || im:-0.675 || 耗时：15.88s\n"}
,{"stream_name":"stdout","time":7766.816165857,"data":"SHOT pseudo-labels: model 54.53% -\u003e centroid 41.47%\n"}
,{"stream_name":"stdout","time":7779.49944787,"data":"轮次:··8/·20 || cls:0.710 || im:-0.632 || 耗时：15.88s\n"}
,{"stream_name":"stdout","time":7782.717106151,"data":"SHOT pseudo-labels: model 52.88% -\u003e centroid 41.45%\n"}
,{"stream_name":"stdout","time":7795.362122108,"data":"轮次:··9/·20 || cls:0.703 || im:-0.668 || 耗时：15.86s\n"}
,{"stream_name":"stdout","time":7798.578307125,"data":"SHOT pseudo-labels: model 52.25% -\u003e centroid 41.45%\n"}
,{"stream_name":"stdout","time":7811.222293276,"data":"轮次:·10/·20 || cls:0.603 || im:-0.730 || 耗时：15.86s\n"}
,{"stream_name":"stdout","time":7814.431183154,"data":"SHOT pseudo-labels: model 52.60% -\u003e centroid 41.00%\n"}
,{"stream_name":"stdout","time":7827.053779378,"data":"轮次:·11/·20 || cls:0.648 || im:-0.568 || 耗时：15.83s\n"}
,{"stream_name":"stdout","time":7830.290196145,"data":"SHOT pseudo-labels: model 53.22% -\u003e centroid 41.60%\n"}
,{"stream_name":"stdout","time":7842.898907776,"data":"轮次:·12/·20 || cls:0.785 || im:-0.652 || 耗时：15.85s\n"}
,{"stream_name":"stdout","time":7846.112180426,"data":"SHOT pseudo-labels: model 53.58% -\u003e centroid 41.73%\n"}
,{"stream_name":"stdout","time":7858.73534452,"data":"轮次:·13/·20 || cls:0.665 || im:-0.732 || 耗时：15.84s\n"}
,{"stream_name":"stdout","time":7861.917176998,"data":"SHOT pseudo-labels: model 53.38% -\u003e centroid 41.53%\n"}
,{"stream_name":"stdout","time":7874.558275213,"data":"轮次:·14/·20 || cls:0.717 || im:-0.625 || 耗时：15.82s\n"}
,{"stream_name":"stdout","time":7877.774228963,"data":"SHOT pseudo-labels: model 54.08% -\u003e centroid 41.78%\n"}
,{"stream_name":"stdout","time":7890.416121228,"data":"轮次:·15/·20 || cls:0.604 || im:-0.626 || 耗时：15.86s\n"}
,{"stream_name":"stdout","time":7893.629262143,"data":"SHOT pseudo-labels: model 52.82% -\u003e centroid 41.82%\n"}
,{"stream_name":"stdout","time":7906.244376192,"data":"轮次:·16/·20 || cls:0.716 || im:-0.643 || 耗时：15.83s\n"}
,{"stream_name":"stdout","time":7909.452391017,"data":"SHOT pseudo-labels: model 52.47% -\u003e centroid 41.70%\n"}
,{"stream_name":"stdout","time":7922.056130677,"data":"轮次:·17/·20 || cls:0.822 || im:-0.707 || 耗时：15.81s\n"}
,{"stream_name":"stdout","time":7925.264644376,"data":"SHOT pseudo-labels: model 53.35% -\u003e centroid 41.78%\n"}
,{"stream_name":"stdout","time":7937.868018456,"data":"轮次:·18/·20 || cls:0.732 || im:-0.761 || 耗时：15.81s\n"}
,{"stream_name":"stdout","time":7941.085156259,"data":"SHOT pseudo-labels: model 52.98% -\u003e centroid 41.58%\n"}
,{"stream_name":"stdout","time":7953.710034582,"data":"轮次:·19/·20 || cls:0.822 || im:-0.653 || 耗时：15.84s\n"}
,{"stream_name":"stdout","time":7956.912132156,"data":"SHOT pseudo-labels: model 51.60% -\u003e centroid 41.45%\n"}
,{"stream_name":"stdout","time":7969.564231287,"data":"轮次:·20/·20 || cls:0.542 || im:-0.737 || 耗时：15.85s\n"}
,{"stream_name":"stdout","time":7975.402986403,"data":"测试集任务: (B2)N15_M07_F10→(B3)N15_M07_F04; 总正确率 = 52.60%\n"}
,{"stream_name":"stdout","time":7975.40301604,"data":"类型1 正确率： 100.00% -\u003e 1   99.95%, 2    0.00%, 3    0.05%\n"}
,{"stream_name":"stdout","time":7975.403023853,"data":"类型2 正确率：  29.00% -\u003e 1    0.10%, 2   28.85%, 3   71.05%\n"}
,{"stream_name":"stdout","time":7975.403028673,"data":"类型3 正确率：  29.00% -\u003e 1    0.00%, 2   71.00%, 3   29.00%\n"}
,{"stream_name":"stdout","time":7975.403035213,"data":"\n"}
,{"stream_name":"stdout","time":7975.403039992,"data":"\n"}
,{"stream_name":"stdout","time":7975.42052601,"data":"[tar_adaptation_RES_PU.py --folder_root /kaggle/working/shot_k10/S01/sdalr_PU_shot/DATA_foldS01c --seed 2024 --class_num 3 --data_name PU_M1_L3 --output /kaggle/working/shot_k10/S01/weight_PU_M1_shot_FS01toS01c_s2024 --s 1 --t 2 --lr 0.0005 --threshold 0.4 --K 0.6] 334s\n"}
,{"stream_name":"stdout","time":7975.450146144,"data":"读取源域路径：/kaggle/working/shot_k10/S01/weight_PU_M1_shot_FS01toS01c_s2024/NEW_PU/Source-源域/log\u0026pt/(B3)N15_M07_F04\n"}
,{"stream_name":"stdout","time":7975.45016616,"data":"excel输出位置：/kaggle/working/shot_k10/S01/weight_PU_M1_shot_FS01toS01c_s2024/NEW_PU/Target-目标域\n"}
,{"stream_name":"stdout","time":7975.450172849,"data":"特征图片输出位置：/kaggle/working/shot_k10/S01/weight_PU_M1_shot_FS01toS01c_s2024/NEW_PU/Picture-特征图/2026年09月21日22时19分/(B3)N15_M07_F04\n"}
,{"stream_name":"stderr","time":7975.484388383,"data":"/usr/local/lib/python3.12/dist-packages/torch/nn/utils/weight_norm.py:144: FutureWarning: `torch.nn.utils.weight_norm` is deprecated in favor of `torch.nn.utils.parametrizations.weight_norm`.\n"}
,{"stream_name":"stderr","time":7975.484410777,"data":"  WeightNorm.apply(module, name, dim)\n"}
,{"stream_name":"stdout","time":7975.523007708,"data":"现在选取:(B3)N15_M07_F04 进行训练的源模型\n"}
,{"stream_name":"stdout","time":7975.523027312,"data":"现在进行：(B3)N15_M07_F04→(B1)N15_M01_F10 的迁移任务\n"}
,{"stream_name":"stdout","time":7975.523032451,"data":"log\u0026pt输出位置：/kaggle/working/shot_k10/S01/weight_PU_M1_shot_FS01toS01c_s2024/NEW_PU/Target-目标域/log\u0026pt/(B3)N15_M07_F04→(B1)N15_M01_F10\n"}
,{"stream_name":"stderr","time":7975.524304259,"data":"sh: 1: Syntax error: word unexpected (expecting \")\")\n"}
,{"stream_name":"stdout","time":7986.275119081,"data":"任务: (B3)N15_M07_F04→(B1)N15_M01_F10; 批次:····0/·1880;  总正确率: 49.40%\n"}
,{"stream_name":"stdout","time":7986.275156908,"data":"类型1 正确率： 100.00% -\u003e 1  100.00%, 2    0.00%, 3    0.00%\n"}
,{"stream_name":"stdout","time":7986.275161893,"data":"类型2 正确率：  48.00% -\u003e 1    2.85%, 2   48.20%, 3   48.95%\n"}
,{"stream_name":"stdout","time":7986.27516509,"data":"类型3 正确率：   0.00% -\u003e 1    0.00%, 2  100.00%, 3    0.00%\n"}
,{"stream_name":"stdout","time":7986.275168146,"data":"\n"}
,{"stream_name":"stdout","time":7986.275170985,"data":"\n"}
,{"stream_name":"stdout","time":7989.459146805,"data":"SHOT pseudo-labels: model 49.40% -\u003e centroid 50.05%\n"}
,{"stream_name":"stdout","time":8002.185796186,"data":"轮次:··1/·20 || cls:0.745 || im:-0.711 || 耗时：21.74s\n"}
,{"stream_name":"stdout","time":8005.43211141,"data":"SHOT pseudo-labels: model 59.30% -\u003e centroid 54.60%\n"}
,{"stream_name":"stdout","time":8018.277352014,"data":"轮次:··2/·20 || cls:0.909 || im:-0.768 || 耗时：16.09s\n"}
,{"stream_name":"stdout","time":8021.487213555,"data":"SHOT pseudo-labels: model 52.33% -\u003e centroid 83.15%\n"}
,{"stream_name":"stdout","time":8034.110652611,"data":"轮次:··3/·20 || cls:0.680 || im:-0.631 || 耗时：15.83s\n"}
,{"stream_name":"stdout","time":8037.302234983,"data":"SHOT pseudo-labels: model 48.87% -\u003e centroid 61.08%\n"}
,{"stream_name":"stdout","time":8049.850247195,"data":"轮次:··4/·20 || cls:0.727 || im:-0.577 || 耗时：15.74s\n"}
,{"stream_name":"stdout","time":8053.043240224,"data":"SHOT pseudo-labels: model 48.42% -\u003e centroid 34.37%\n"}
,{"stream_name":"stdout","time":8065.630446088,"data":"轮次:··5/·20 || cls:0.711 || im:-0.647 || 耗时：15.78s\n"}
,{"stream_name":"stdout","time":8068.82613669,"data":"SHOT pseudo-labels: model 45.22% -\u003e centroid 25.93%\n"}
,{"stream_name":"stdout","time":8081.475894224,"data":"轮次:··6/·20 || cls:0.721 || im:-0.637 || 耗时：15.85s\n"}
,{"stream_name":"stdout","time":8084.695596905,"data":"SHOT pseudo-labels: model 45.15% -\u003e centroid 24.57%\n"}
,{"stream_name":"stdout","time":8097.410859993,"data":"轮次:··7/·20 || cls:0.618 || im:-0.555 || 耗时：15.93s\n"}
,{"stream_name":"stdout","time":8100.610149685,"data":"SHOT pseudo-labels: model 44.70% -\u003e centroid 23.67%\n"}
,{"stream_name":"stdout","time":8113.269918961,"data":"轮次:··8/·20 || cls:0.583 || im:-0.561 || 耗时：15.86s\n"}
,{"stream_name":"stdout","time":8116.438196014,"data":"SHOT pseudo-labels: model 46.27% -\u003e centroid 24.70%\n"}
,{"stream_name":"stdout","time":8129.032818531,"data":"轮次:··9/·20 || cls:0.768 || im:-0.600 || 耗时：15.76s\n"}
,{"stream_name":"stdout","time":8132.227186464,"data":"SHOT pseudo-labels: model 44.77% -\u003e centroid 24.32%\n"}
,{"stream_name":"stdout","time":8144.805816105,"data":"轮次:·10/·20 || cls:0.759 || im:-0.561 || 耗时：15.77s\n"}
,{"stream_name":"stdout","time":8147.977133735,"data":"SHOT pseudo-labels: model 45.55% -\u003e centroid 24.62%\n"}
,{"stream_name":"stdout","time":8160.614946531,"data":"轮次:·11/·20 || cls:0.711 || im:-0.588 || 耗时：15.81s\n"}
,{"stream_name":"stdout","time":8163.837165828,"data":"SHOT pseudo-labels: model 44.10% -\u003e centroid 23.53%\n"}
,{"stream_name":"stdout","time":8176.490129128,"data":"轮次:·12/·20 || cls:0.712 || im:-0.616 || 耗时：15.88s\n"}
,{"stream_name":"stdout","time":8179.701172136,"data":"SHOT pseudo-labels: model 44.87% -\u003e centroid 22.98%\n"}
,{"stream_name":"stdout","time":8192.367467232,"data":"轮次:·13/·20 || cls:0.696 || im:-0.607 || 耗时：15.88s\n"}
,{"stream_name":"stdout","time":8195.588165123,"data":"SHOT pseudo-labels: model 45.93% -\u003e centroid 25.07%\n"}
,{"stream_name":"stdout","time":8208.255371647,"data":"轮次:·14/·20 || cls:0.582 || im:-0.556 || 耗时：15.89s\n"}
,{"stream_name":"stdout","time":8211.466134548,"data":"SHOT pseudo-labels: model 45.10% -\u003e centroid 23.68%\n"}
,{"stream_name":"stdout","time":8224.115678331,"data":"轮次:·15/·20 || cls:0.688 || im:-0.626 || 耗时：15.86s\n"}
,{"stream_name":"stdout","time":8227.316207125,"data":"SHOT pseudo-labels: model 45.07% -\u003e centroid 23.55%\n"}
,{"stream_name":"stdout","time":8239.972289078,"data":"轮次:·16/·20 || cls:0.623 || im:-0.582 || 耗时：15.86s\n"}
,{"stream_name":"stdout","time":8243.172219159,"data":"SHOT pseudo-labels: model 45.05% -\u003e centroid 24.10%\n"}
,{"stream_name":"stdout","time":8255.816703423,"data":"轮次:·17/·20 || cls:0.697 || im:-0.590 || 耗时：15.84s\n"}
,{"stream_name":"stdout","time":8259.013181578,"data":"SHOT pseudo-labels: model 44.72% -\u003e centroid 22.83%\n"}
,{"stream_name":"stdout","time":8271.610512957,"data":"轮次:·18/·20 || cls:0.632 || im:-0.560 || 耗时：15.79s\n"}
,{"stream_name":"stdout","time":8274.811231711,"data":"SHOT pseudo-labels: model 44.70% -\u003e centroid 24.22%\n"}
,{"stream_name":"stdout","time":8287.441307034,"data":"轮次:·19/·20 || cls:0.611 || im:-0.596 || 耗时：15.83s\n"}
,{"stream_name":"stdout","time":8290.616158038,"data":"SHOT pseudo-labels: model 44.98% -\u003e centroid 24.85%\n"}
,{"stream_name":"stdout","time":8303.235427204,"data":"轮次:·20/·20 || cls:0.619 || im:-0.663 || 耗时：15.79s\n"}
,{"stream_name":"stdout","time":8309.059452284,"data":"测试集任务: (B3)N15_M07_F04→(B1)N15_M01_F10; 总正确率 = 44.58%\n"}
,{"stream_name":"stdout","time":8309.059508552,"data":"类型1 正确率：  34.00% -\u003e 1   33.70%, 2   33.60%, 3   32.70%\n"}
,{"stream_name":"stdout","time":8309.059516684,"data":"类型2 正确率：  62.00% -\u003e 1    4.15%, 2   61.50%, 3   34.35%\n"}
,{"stream_name":"stdout","time":8309.05952238,"data":"类型3 正确率：  39.00% -\u003e 1   54.15%, 2    7.30%, 3   38.55%\n"}
,{"stream_name":"stdout","time":8309.059527602,"data":"\n"}
,{"stream_name":"stdout","time":8309.059532454,"data":"\n"}
,{"stream_name":"stdout","time":8309.079469534,"data":"[tar_adaptation_RES_PU.py --folder_root /kaggle/working/shot_k10/S01/sdalr_PU_shot/DATA_foldS01c --seed 2024 --class_num 3 --data_name PU_M1_L3 --output /kaggle/working/shot_k10/S01/weight_PU_M1_shot_FS01toS01c_s2024 --s 2 --t 0 --lr 0.0005 --threshold 0.4 --K 0.6] 334s\n"}
,{"stream_name":"stdout","time":8309.104284816,"data":"读取源域路径：/kaggle/working/shot_k10/S01/weight_PU_M1_shot_FS01toS01c_s2024/NEW_PU/Source-源域/log\u0026pt/(B3)N15_M07_F04\n"}
,{"stream_name":"stdout","time":8309.104318533,"data":"excel输出位置：/kaggle/working/shot_k10/S01/weight_PU_M1_shot_FS01toS01c_s2024/NEW_PU/Target-目标域\n"}
,{"stream_name":"stdout","time":8309.104403636,"data":"特征图片输出位置：/kaggle/working/shot_k10/S01/weight_PU_M1_shot_FS01toS01c_s2024/NEW_PU/Picture-特征图/2026年09月21日22时25分/(B3)N15_M07_F04\n"}
,{"stream_name":"stderr","time":8309.140347042,"data":"/usr/local/lib/python3.12/dist-packages/torch/nn/utils/weight_norm.py:144: FutureWarning: `torch.nn.utils.weight_norm` is deprecated in favor of `torch.nn.utils.parametrizations.weight_norm`.\n"}
,{"stream_name":"stderr","time":8309.140381813,"data":"  WeightNorm.apply(module, name, dim)\n"}
,{"stream_name":"stdout","time":8309.181831607,"data":"现在选取:(B3)N15_M07_F04 进行训练的源模型\n"}
,{"stream_name":"stdout","time":8309.181854947,"data":"现在进行：(B3)N15_M07_F04→(B2)N15_M07_F10 的迁移任务\n"}
,{"stream_name":"stdout","time":8309.181865645,"data":"log\u0026pt输出位置：/kaggle/working/shot_k10/S01/weight_PU_M1_shot_FS01toS01c_s2024/NEW_PU/Target-目标域/log\u0026pt/(B3)N15_M07_F04→(B2)N15_M07_F10\n"}
,{"stream_name":"stderr","time":8309.183108666,"data":"sh: 1: Syntax error: word unexpected (expecting \")\")\n"}
,{"stream_name":"stdout","time":8319.948641742,"data":"任务: (B3)N15_M07_F04→(B2)N15_M07_F10; 批次:····0/·1880;  总正确率: 45.25%\n"}
,{"stream_name":"stdout","time":8319.94867155,"data":"类型1 正确率： 100.00% -\u003e 1  100.00%, 2    0.00%, 3    0.00%\n"}
,{"stream_name":"stdout","time":8319.948678383,"data":"类型2 正确率：  36.00% -\u003e 1    0.60%, 2   35.75%, 3   63.65%\n"}
,{"stream_name":"stdout","time":8319.948683648,"data":"类型3 正确率：   0.00% -\u003e 1    0.00%, 2  100.00%, 3    0.00%\n"}
,{"stream_name":"stdout","time":8319.948688426,"data":"\n"}
,{"stream_name":"stdout","time":8319.948693025,"data":"\n"}
,{"stream_name":"stdout","time":8323.141427454,"data":"SHOT pseudo-labels: model 45.25% -\u003e centroid 43.98%\n"}
,{"stream_name":"stdout","time":8335.847032243,"data":"轮次:··1/·20 || cls:0.972 || im:-0.770 || 耗时：21.70s\n"}
,{"stream_name":"stdout","time":8339.109280395,"data":"SHOT pseudo-labels: model 58.95% -\u003e centroid 92.05%\n"}
,{"stream_name":"stdout","time":8352.06009825,"data":"轮次:··2/·20 || cls:0.908 || im:-0.718 || 耗时：16.21s\n"}
,{"stream_name":"stdout","time":8355.275140914,"data":"SHOT pseudo-labels: model 57.98% -\u003e centroid 95.25%\n"}
,{"stream_name":"stdout","time":8367.905921435,"data":"轮次:··3/·20 || cls:0.655 || im:-0.581 || 耗时：15.85s\n"}
,{"stream_name":"stdout","time":8371.08003507,"data":"SHOT pseudo-labels: model 54.40% -\u003e centroid 91.00%\n"}
,{"stream_name":"stdout","time":8383.584374791,"data":"轮次:··4/·20 || cls:0.749 || im:-0.590 || 耗时：15.68s\n"}
,{"stream_name":"stdout","time":8386.767166322,"data":"SHOT pseudo-labels: model 59.05% -\u003e centroid 96.78%\n"}
,{"stream_name":"stdout","time":8399.279376951,"data":"轮次:··5/·20 || cls:0.775 || im:-0.575 || 耗时：15.69s\n"}
,{"stream_name":"stdout","time":8402.484210128,"data":"SHOT pseudo-labels: model 58.57% -\u003e centroid 97.23%\n"}
,{"stream_name":"stdout","time":8415.11238421,"data":"轮次:··6/·20 || cls:0.713 || im:-0.678 || 耗时：15.83s\n"}
,{"stream_name":"stdout","time":8418.337172794,"data":"SHOT pseudo-labels: model 60.37% -\u003e centroid 96.62%\n"}
,{"stream_name":"stdout","time":8431.046438215,"data":"轮次:··7/·20 || cls:0.773 || im:-0.573 || 耗时：15.93s\n"}
,{"stream_name":"stdout","time":8434.284152166,"data":"SHOT pseudo-labels: model 64.57% -\u003e centroid 96.60%\n"}
,{"stream_name":"stdout","time":8447.004165177,"data":"轮次:··8/·20 || cls:0.709 || im:-0.640 || 耗时：15.96s\n"}
,{"stream_name":"stdout","time":8450.226999964,"data":"SHOT pseudo-labels: model 69.52% -\u003e centroid 96.93%\n"}
,{"stream_name":"stdout","time":8462.860598936,"data":"轮次:··9/·20 || cls:0.567 || im:-0.599 || 耗时：15.86s\n"}
,{"stream_name":"stdout","time":8466.065208323,"data":"SHOT pseudo-labels: model 71.55% -\u003e centroid 96.92%\n"}
,{"stream_name":"stdout","time":8478.65583053,"data":"轮次:·10/·20 || cls:0.613 || im:-0.625 || 耗时：15.80s\n"}
,{"stream_name":"stdout","time":8481.870128665,"data":"SHOT pseudo-labels: model 74.70% -\u003e centroid 96.77%\n"}
,{"stream_name":"stdout","time":8494.522712173,"data":"轮次:·11/·20 || cls:0.603 || im:-0.531 || 耗时：15.87s\n"}
,{"stream_name":"stdout","time":8497.743174017,"data":"SHOT pseudo-labels: model 74.58% -\u003e centroid 96.62%\n"}
,{"stream_name":"stdout","time":8510.417227814,"data":"轮次:·12/·20 || cls:0.781 || im:-0.691 || 耗时：15.89s\n"}
,{"stream_name":"stdout","time":8513.627149955,"data":"SHOT pseudo-labels: model 73.83% -\u003e centroid 96.03%\n"}
,{"stream_name":"stdout","time":8526.303465391,"data":"轮次:·13/·20 || cls:0.581 || im:-0.611 || 耗时：15.89s\n"}
,{"stream_name":"stdout","time":8529.498101799,"data":"SHOT pseudo-labels: model 77.58% -\u003e centroid 96.58%\n"}
,{"stream_name":"stdout","time":8542.122865543,"data":"轮次:·14/·20 || cls:0.719 || im:-0.653 || 耗时：15.82s\n"}
,{"stream_name":"stdout","time":8545.335192851,"data":"SHOT pseudo-labels: model 78.17% -\u003e centroid 96.88%\n"}
,{"stream_name":"stdout","time":8557.969144321,"data":"轮次:·15/·20 || cls:0.709 || im:-0.674 || 耗时：15.85s\n"}
,{"stream_name":"stdout","time":8561.153246914,"data":"SHOT pseudo-labels: model 80.53% -\u003e centroid 96.73%\n"}
,{"stream_name":"stdout","time":8573.775947742,"data":"轮次:·16/·20 || cls:0.777 || im:-0.750 || 耗时：15.81s\n"}
,{"stream_name":"stdout","time":8576.974149421,"data":"SHOT pseudo-labels: model 78.17% -\u003e centroid 96.85%\n"}
,{"stream_name":"stdout","time":8589.605964809,"data":"轮次:·17/·20 || cls:0.937 || im:-0.790 || 耗时：15.83s\n"}
,{"stream_name":"stdout","time":8592.810135387,"data":"SHOT pseudo-labels: model 78.30% -\u003e centroid 96.37%\n"}
,{"stream_name":"stdout","time":8605.421196767,"data":"轮次:·18/·20 || cls:0.720 || im:-0.649 || 耗时：15.82s\n"}
,{"stream_name":"stdout","time":8608.617138067,"data":"SHOT pseudo-labels: model 79.80% -\u003e centroid 96.80%\n"}
,{"stream_name":"stdout","time":8621.217588938,"data":"轮次:·19/·20 || cls:0.796 || im:-0.616 || 耗时：15.80s\n"}
,{"stream_name":"stdout","time":8624.438182896,"data":"SHOT pseudo-labels: model 80.90% -\u003e centroid 97.25%\n"}
,{"stream_name":"stdout","time":8637.048342943,"data":"轮次:·20/·20 || cls:0.532 || im:-0.623 || 耗时：15.83s\n"}
,{"stream_name":"stdout","time":8642.894528673,"data":"测试集任务: (B3)N15_M07_F04→(B2)N15_M07_F10; 总正确率 = 79.52%\n"}
,{"stream_name":"stdout","time":8642.894583922,"data":"类型1 正确率： 100.00% -\u003e 1  100.00%, 2    0.00%, 3    0.00%\n"}
,{"stream_name":"stdout","time":8642.894596943,"data":"类型2 正确率：  68.00% -\u003e 1    0.00%, 2   68.35%, 3   31.65%\n"}
,{"stream_name":"stdout","time":8642.894603248,"data":"类型3 正确率：  70.00% -\u003e 1    0.10%, 2   29.70%, 3   70.20%\n"}
,{"stream_name":"stdout","time":8642.894608585,"data":"\n"}
,{"stream_name":"stdout","time":8642.894613095,"data":"\n"}
,{"stream_name":"stdout","time":8642.91366226,"data":"[tar_adaptation_RES_PU.py --folder_root /kaggle/working/shot_k10/S01/sdalr_PU_shot/DATA_foldS01c --seed 2024 --class_num 3 --data_name PU_M1_L3 --output /kaggle/working/shot_k10/S01/weight_PU_M1_shot_FS01toS01c_s2024 --s 2 --t 1 --lr 0.0005 --threshold 0.4 --K 0.6] 334s\n"}
,{"stream_name":"stdout","time":8642.930216482,"data":"{\n"}
,{"stream_name":"stdout","time":8642.930249332,"data":"  \"dataset\": \"PU_M1\",\n"}
,{"stream_name":"stdout","time":8642.930254774,"data":"  \"variant\": \"shot\",\n"}
,{"stream_name":"stdout","time":8642.930259215,"data":"  \"seed\": 2024,\n"}
,{"stream_name":"stdout","time":8642.930263124,"data":"  \"smoke\": false,\n"}
,{"stream_name":"stdout","time":8642.930266612,"data":"  \"src_fold\": \"S01\",\n"}
,{"stream_name":"stdout","time":8642.930270208,"data":"  \"tgt_fold\": \"S01c\",\n"}
,{"stream_name":"stdout","time":8642.930274277,"data":"  \"leaky\": false,\n"}
,{"stream_name":"stdout","time":8642.930278347,"data":"  \"hyperparameters\": {\n"}
,{"stream_name":"stdout","time":8642.930282384,"data":"    \"lr\": \"0.0005\",\n"}
,{"stream_name":"stdout","time":8642.930286612,"data":"    \"threshold\": \"0.4\",\n"}
,{"stream_name":"stdout","time":8642.930290774,"data":"    \"K\": \"0.6\"\n"}
,{"stream_name":"stdout","time":8642.930294319,"data":"  },\n"}
,{"stream_name":"stdout","time":8642.930297615,"data":"  \"adapters\": [\n"}
,{"stream_name":"stdout","time":8642.930300948,"data":"    \"npz_io\",\n"}
,{"stream_name":"stdout","time":8642.930306145,"data":"    \"tsne_stub\",\n"}
,{"stream_name":"stdout","time":8642.930312574,"data":"    \"shot_patch\"\n"}
,{"stream_name":"stdout","time":8642.930315076,"data":"  ],\n"}
,{"stream_name":"stdout","time":8642.930317219,"data":"  \"source_only\": {},\n"}
,{"stream_name":"stdout","time":8642.930319519,"data":"  \"adapted\": {\n"}
,{"stream_name":"stdout","time":8642.930321832,"data":"    \"A1-\u003eA3\": 93.32,\n"}
,{"stream_name":"stdout","time":8642.930324469,"data":"    \"A1-\u003eA2\": 49.12,\n"}
,{"stream_name":"stdout","time":8642.93032671,"data":"    \"A3-\u003eA1\": 52.38,\n"}
,{"stream_name":"stdout","time":8642.930328962,"data":"    \"A3-\u003eA2\": 52.6,\n"}
,{"stream_name":"stdout","time":8642.930331266,"data":"    \"A2-\u003eA1\": 44.58,\n"}
,{"stream_name":"stdout","time":8642.93033359,"data":"    \"A2-\u003eA3\": 79.52\n"}
,{"stream_name":"stdout","time":8642.930335906,"data":"  },\n"}
,{"stream_name":"stdout","time":8642.930338057,"data":"  \"seconds\": {\n"}
,{"stream_name":"stdout","time":8642.930340299,"data":"    \"A1-\u003eA3\": 335,\n"}
,{"stream_name":"stdout","time":8642.930342736,"data":"    \"A1-\u003eA2\": 334,\n"}
,{"stream_name":"stdout","time":8642.930344925,"data":"    \"A3-\u003eA1\": 334,\n"}
,{"stream_name":"stdout","time":8642.930347114,"data":"    \"A3-\u003eA2\": 334,\n"}
,{"stream_name":"stdout","time":8642.930349294,"data":"    \"A2-\u003eA1\": 334,\n"}
,{"stream_name":"stdout","time":8642.930351484,"data":"    \"A2-\u003eA3\": 334\n"}
,{"stream_name":"stdout","time":8642.930353699,"data":"  },\n"}
,{"stream_name":"stdout","time":8642.930356813,"data":"  \"gate_log\": {\n"}
,{"stream_name":"stdout","time":8642.930372169,"data":"    \"A1-\u003eA3\": [],\n"}
,{"stream_name":"stdout","time":8642.930376166,"data":"    \"A1-\u003eA2\": [],\n"}
,{"stream_name":"stdout","time":8642.930380547,"data":"    \"A3-\u003eA1\": [],\n"}
,{"stream_name":"stdout","time":8642.930384863,"data":"    \"A3-\u003eA2\": [],\n"}
,{"stream_name":"stdout","time":8642.930388672,"data":"    \"A2-\u003eA1\": [],\n"}
,{"stream_name":"stdout","time":8642.930391999,"data":"    \"A2-\u003eA3\": []\n"}
,{"stream_name":"stdout","time":8642.930404549,"data":"  },\n"}
,{"stream_name":"stdout","time":8642.930407861,"data":"  \"gate\": \"none\"\n"}
,{"stream_name":"stdout","time":8642.930413054,"data":"}\n"}
,{"stream_name":"stdout","time":8644.033127821,"data":"RUN /usr/bin/python3 -u /kaggle/input/datasets/rhrhrhrhrh/physgate-m0-code/sdalr_runner.py --sdalr /kaggle/input/datasets/rhrhrhrhrh/physgate-m0-code --m0 /kaggle/input/datasets/rhrhrhrhrh/physgate-k10-g1 --dataset PU_M1 --src-fold S02 --tgt-fold S02 --variant shot --work /kaggle/working/shot_k10/S02 --seed 2024\n"}
,{"stream_name":"stdout","time":8650.606958175,"data":"\n"}
,{"stream_name":"stdout","time":8650.606999606,"data":"\n"}
,{"stream_name":"stdout","time":8650.60700432,"data":"现在开始拿源域训练集：(B1)N15_M01_F10 进行训练\n"}
,{"stream_name":"stdout","time":8650.607008624,"data":"源域读取路径：/kaggle/working/shot_k10/S02/sdalr_PU_shot/DATA_foldS02/PU_M1_L3/N15_M01_F10_label.txt\n"}
,{"stream_name":"stdout","time":8650.607012292,"data":"excel输出位置：/kaggle/working/shot_k10/S02/weight_src_PU_M1_FS02_s2024/NEW_PU/Source-源域\n"}
,{"stream_name":"stdout","time":8650.607016292,"data":"log\u0026pt输出位置：/kaggle/working/shot_k10/S02/weight_src_PU_M1_FS02_s2024/NEW_PU/Source-源域/log\u0026pt/(B1)N15_M01_F10\n"}
,{"stream_name":"stdout","time":8650.607422719,"data":"特征图片输出位置：/kaggle/working/shot_k10/S02/weight_src_PU_M1_FS02_s2024/NEW_PU/Picture-特征图/2026年09月21日22时30分/(B1)N15_M01_F10\n"}
,{"stream_name":"stderr","time":8650.608954859,"data":"sh: 1: Syntax error: word unexpected (expecting \")\")\n"}
,{"stream_name":"stdout","time":8650.609474736,"data":"源域训练开始\n"}
,{"stream_name":"stderr","time":8652.639268993,"data":"/usr/local/lib/python3.12/dist-packages/torch/nn/utils/weight_norm.py:144: FutureWarning: `torch.nn.utils.weight_norm` is deprecated in favor of `torch.nn.utils.parametrizations.weight_norm`.\n"}
,{"stream_name":"stderr","time":8652.639307166,"data":"  WeightNorm.apply(module, name, dim)\n"}
,{"stream_name":"stdout","time":8661.797832835,"data":"轮次:··1/·10 || loss:0.206 || 耗时：9.11s\n"}
,{"stream_name":"stdout","time":8670.620266315,"data":"轮次:··2/·10 || loss:0.012 || 耗时：8.76s\n"}
,{"stream_name":"stdout","time":8679.651953491,"data":"轮次:··3/·10 || loss:0.017 || 耗时：8.96s\n"}
,{"stream_name":"stdout","time":8688.889439748,"data":"轮次:··4/·10 || loss:0.195 || 耗时：9.17s\n"}
,{"stream_name":"stdout","time":8698.083296103,"data":"轮次:··5/·10 || loss:0.007 || 耗时：9.13s\n"}
,{"stream_name":"stdout","time":8698.691651402,"data":"任务: (B1)N15_M01_F10; mix批次:····0; 批次:··330/··660; 总正确率 = 100.00%\n"}
,{"stream_name":"stdout","time":8698.69168143,"data":"类型1 正确率： 100.00% -\u003e 1  100.00%, 2    0.00%, 3    0.00%\n"}
,{"stream_name":"stdout","time":8698.691686415,"data":"类型2 正确率： 100.00% -\u003e 1    0.00%, 2  100.00%, 3    0.00%\n"}
,{"stream_name":"stdout","time":8698.691690655,"data":"类型3 正确率： 100.00% -\u003e 1    0.00%, 2    0.00%, 3  100.00%\n"}
,{"stream_name":"stdout","time":8698.691694921,"data":"\n"}
,{"stream_name":"stdout","time":8698.691698695,"data":"\n"}
,{"stream_name":"stdout","time":8707.609751026,"data":"轮次:··6/·10 || loss:0.008 || 耗时：8.81s\n"}
,{"stream_name":"stdout","time":8716.346548009,"data":"轮次:··7/·10 || loss:0.067 || 耗时：8.67s\n"}
,{"stream_name":"stdout","time":8725.025288403,"data":"轮次:··8/·10 || loss:0.033 || 耗时：8.61s\n"}
,{"stream_name":"stdout","time":8733.686151165,"data":"轮次:··9/·10 || loss:0.001 || 耗时：8.60s\n"}
,{"stream_name":"stdout","time":8742.384097116,"data":"轮次:·10/·10 || loss:0.038 || 耗时：8.63s\n"}
,{"stream_name":"stdout","time":8742.964072878,"data":"任务: (B1)N15_M01_F10; mix批次:····0; 批次:··660/··660; 总正确率 = 100.00%\n"}
,{"stream_name":"stdout","time":8742.964114597,"data":"类型1 正确率： 100.00% -\u003e 1  100.00%, 2    0.00%, 3    0.00%\n"}
,{"stream_name":"stdout","time":8742.964119241,"data":"类型2 正确率： 100.00% -\u003e 1    0.00%, 2  100.00%, 3    0.00%\n"}
,{"stream_name":"stdout","time":8742.964122301,"data":"类型3 正确率： 100.00% -\u003e 1    0.00%, 2    0.00%, 3  100.00%\n"}
,{"stream_name":"stdout","time":8742.964124821,"data":"\n"}
,{"stream_name":"stdout","time":8742.964127101,"data":"\n"}
,{"stream_name":"stdout","time":8744.195604962,"data":"测试集任务: (B1)N15_M01_F10; 总正确率 = 99.84%\n"}
,{"stream_name":"stdout","time":8744.195635004,"data":"类型1 正确率： 100.00% -\u003e 1  100.00%, 2    0.00%, 3    0.00%\n"}
,{"stream_name":"stdout","time":8744.195640151,"data":"类型2 正确率： 100.00% -\u003e 1    0.00%, 2   99.52%, 3    0.48%\n"}
,{"stream_name":"stdout","time":8744.19566092,"data":"类型3 正确率： 100.00% -\u003e 1    0.00%, 2    0.00%, 3  100.00%\n"}
,{"stream_name":"stdout","time":8744.195665283,"data":"\n"}
,{"stream_name":"stdout","time":8744.195668779,"data":"\n"}
,{"stream_name":"stdout","time":8744.204164623,"data":"源域训练结束\n"}
,{"stream_name":"stdout","time":8744.204184077,"data":"\n"}
,{"stream_name":"stdout","time":8744.20418871,"data":"训练好之后，测试目标域\n"}
,{"stream_name":"stdout","time":8744.20520339,"data":"目标域路径：/kaggle/working/shot_k10/S02/sdalr_PU_shot/DATA_foldS02/PU_M1_L3/N15_M07_F10_label.txt\n"}
,{"stream_name":"stderr","time":8744.561268495,"data":"/usr/local/lib/python3.12/dist-packages/torch/nn/utils/weight_norm.py:144: FutureWarning: `torch.nn.utils.weight_norm` is deprecated in favor of `torch.nn.utils.parametrizations.weight_norm`.\n"}
,{"stream_name":"stderr","time":8744.561312814,"data":"  WeightNorm.apply(module, name, dim)\n"}
,{"stream_name":"stdout","time":8745.740698675,"data":"测试目标数据集结果如下：\n"}
,{"stream_name":"stdout","time":8745.74073892,"data":"任务: (B1)N15_M01_F10→(B2)N15_M07_F10, 正确率 = 99.43%\n"}
,{"stream_name":"stdout","time":8745.740744838,"data":"类型1 正确率： 100.00% -\u003e 1  100.00%, 2    0.00%, 3    0.00%\n"}
,{"stream_name":"stdout","time":8745.740749795,"data":"类型2 正确率： 100.00% -\u003e 1    0.00%, 2  100.00%, 3    0.00%\n"}
,{"stream_name":"stdout","time":8745.740754258,"data":"类型3 正确率：  98.00% -\u003e 1    0.00%, 2    1.70%, 3   98.30%\n"}
,{"stream_name":"stdout","time":8745.740758746,"data":"\n"}
,{"stream_name":"stdout","time":8745.741112801,"data":"目标域路径：/kaggle/working/shot_k10/S02/sdalr_PU_shot/DATA_foldS02/PU_M1_L3/N15_M07_F04_label.txt\n"}
,{"stream_name":"stderr","time":8746.098706424,"data":"/usr/local/lib/python3.12/dist-packages/torch/nn/utils/weight_norm.py:144: FutureWarning: `torch.nn.utils.weight_norm` is deprecated in favor of `torch.nn.utils.parametrizations.weight_norm`.\n"}
,{"stream_name":"stderr","time":8746.098756158,"data":"  WeightNorm.apply(module, name, dim)\n"}
,{"stream_name":"stdout","time":8747.281854446,"data":"测试目标数据集结果如下：\n"}
,{"stream_name":"stdout","time":8747.281882931,"data":"任务: (B1)N15_M01_F10→(B3)N15_M07_F04, 正确率 = 84.99%\n"}
,{"stream_name":"stdout","time":8747.281888178,"data":"类型1 正确率： 100.00% -\u003e 1  100.00%, 2    0.00%, 3    0.00%\n"}
,{"stream_name":"stdout","time":8747.281892619,"data":"类型2 正确率：  98.00% -\u003e 1    0.00%, 2   97.78%, 3    2.22%\n"}
,{"stream_name":"stdout","time":8747.281927193,"data":"类型3 正确率：  57.00% -\u003e 1    0.00%, 2   42.82%, 3   57.18%\n"}
,{"stream_name":"stdout","time":8747.281930763,"data":"\n"}
,{"stream_name":"stdout","time":8747.282268783,"data":"\n"}
,{"stream_name":"stdout","time":8747.282278259,"data":"\n"}
,{"stream_name":"stdout","time":8747.282281654,"data":"现在开始拿源域训练集：(B2)N15_M07_F10 进行训练\n"}
,{"stream_name":"stdout","time":8747.282284828,"data":"源域读取路径：/kaggle/working/shot_k10/S02/sdalr_PU_shot/DATA_foldS02/PU_M1_L3/N15_M07_F10_label.txt\n"}
,{"stream_name":"stdout","time":8747.282343574,"data":"excel输出位置：/kaggle/working/shot_k10/S02/weight_src_PU_M1_FS02_s2024/NEW_PU/Source-源域\n"}
,{"stream_name":"stdout","time":8747.282348458,"data":"log\u0026pt输出位置：/kaggle/working/shot_k10/S02/weight_src_PU_M1_FS02_s2024/NEW_PU/Source-源域/log\u0026pt/(B2)N15_M07_F10\n"}
,{"stream_name":"stdout","time":8747.282699767,"data":"特征图片输出位置：/kaggle/working/shot_k10/S02/weight_src_PU_M1_FS02_s2024/NEW_PU/Picture-特征图/2026年09月21日22时30分/(B2)N15_M07_F10\n"}
,{"stream_name":"stderr","time":8747.284384585,"data":"sh: 1: Syntax error: word unexpected (expecting \")\")\n"}
,{"stream_name":"stdout","time":8747.28493816,"data":"源域训练开始\n"}
,{"stream_name":"stderr","time":8748.986979836,"data":"/usr/local/lib/python3.12/dist-packages/torch/nn/utils/weight_norm.py:144: FutureWarning: `torch.nn.utils.weight_norm` is deprecated in favor of `torch.nn.utils.parametrizations.weight_norm`.\n"}
,{"stream_name":"stderr","time":8748.987022701,"data":"  WeightNorm.apply(module, name, dim)\n"}
,{"stream_name":"stdout","time":8757.7735758,"data":"轮次:··1/·10 || loss:0.023 || 耗时：8.72s\n"}
,{"stream_name":"stdout","time":8766.707333989,"data":"轮次:··2/·10 || loss:0.053 || 耗时：8.87s\n"}
,{"stream_name":"stdout","time":8775.772838446,"data":"轮次:··3/·10 || loss:0.005 || 耗时：9.00s\n"}
,{"stream_name":"stdout","time":8784.7785337,"data":"轮次:··4/·10 || loss:0.054 || 耗时：8.94s\n"}
,{"stream_name":"stdout","time":8793.670570399,"data":"轮次:··5/·10 || loss:0.010 || 耗时：8.83s\n"}
,{"stream_name":"stdout","time":8794.252495879,"data":"任务: (B2)N15_M07_F10; mix批次:····0; 批次:··330/··660; 总正确率 = 98.71%\n"}
,{"stream_name":"stdout","time":8794.252523914,"data":"类型1 正确率： 100.00% -\u003e 1  100.00%, 2    0.00%, 3    0.00%\n"}
,{"stream_name":"stdout","time":8794.252528924,"data":"类型2 正确率： 100.00% -\u003e 1    0.00%, 2  100.00%, 3    0.00%\n"}
,{"stream_name":"stdout","time":8794.252533259,"data":"类型3 正确率：  96.00% -\u003e 1    0.00%, 2    3.88%, 3   96.12%\n"}
,{"stream_name":"stdout","time":8794.252537305,"data":"\n"}
,{"stream_name":"stdout","time":8794.252540952,"data":"\n"}
,{"stream_name":"stdout","time":8803.094380867,"data":"轮次:··6/·10 || loss:0.007 || 耗时：8.75s\n"}
,{"stream_name":"stdout","time":8811.852120273,"data":"轮次:··7/·10 || loss:0.001 || 耗时：8.69s\n"}
,{"stream_name":"stdout","time":8820.59867822,"data":"轮次:··8/·10 || loss:0.001 || 耗时：8.68s\n"}
,{"stream_name":"stdout","time":8829.347983287,"data":"轮次:··9/·10 || loss:0.008 || 耗时：8.68s\n"}
,{"stream_name":"stdout","time":8838.126837562,"data":"轮次:·10/·10 || loss:0.001 || 耗时：8.71s\n"}
,{"stream_name":"stdout","time":8838.710763961,"data":"任务: (B2)N15_M07_F10; mix批次:····0; 批次:··660/··660; 总正确率 = 100.00%\n"}
,{"stream_name":"stdout","time":8838.710802941,"data":"类型1 正确率： 100.00% -\u003e 1  100.00%, 2    0.00%, 3    0.00%\n"}
,{"stream_name":"stdout","time":8838.710808111,"data":"类型2 正确率： 100.00% -\u003e 1    0.00%, 2  100.00%, 3    0.00%\n"}
,{"stream_name":"stdout","time":8838.710838621,"data":"类型3 正确率： 100.00% -\u003e 1    0.00%, 2    0.00%, 3  100.00%\n"}
,{"stream_name":"stdout","time":8838.710844047,"data":"\n"}
,{"stream_name":"stdout","time":8838.71084788,"data":"\n"}
,{"stream_name":"stdout","time":8839.954307883,"data":"测试集任务: (B2)N15_M07_F10; 总正确率 = 100.00%\n"}
,{"stream_name":"stdout","time":8839.95433464,"data":"类型1 正确率： 100.00% -\u003e 1  100.00%, 2    0.00%, 3    0.00%\n"}
,{"stream_name":"stdout","time":8839.9543398,"data":"类型2 正确率： 100.00% -\u003e 1    0.00%, 2  100.00%, 3    0.00%\n"}
,{"stream_name":"stdout","time":8839.954343898,"data":"类型3 正确率： 100.00% -\u003e 1    0.00%, 2    0.00%, 3  100.00%\n"}
,{"stream_name":"stdout","time":8839.95434752,"data":"\n"}
,{"stream_name":"stdout","time":8839.954350898,"data":"\n"}
,{"stream_name":"stdout","time":8839.962183635,"data":"源域训练结束\n"}
,{"stream_name":"stdout","time":8839.962203374,"data":"\n"}
,{"stream_name":"stdout","time":8839.962207607,"data":"训练好之后，测试目标域\n"}
,{"stream_name":"stdout","time":8839.962211183,"data":"目标域路径：/kaggle/working/shot_k10/S02/sdalr_PU_shot/DATA_foldS02/PU_M1_L3/N15_M01_F10_label.txt\n"}
,{"stream_name":"stderr","time":8840.313840774,"data":"/usr/local/lib/python3.12/dist-packages/torch/nn/utils/weight_norm.py:144: FutureWarning: `torch.nn.utils.weight_norm` is deprecated in favor of `torch.nn.utils.parametrizations.weight_norm`.\n"}
,{"stream_name":"stderr","time":8840.313881399,"data":"  WeightNorm.apply(module, name, dim)\n"}
,{"stream_name":"stdout","time":8841.513849738,"data":"测试目标数据集结果如下：\n"}
,{"stream_name":"stdout","time":8841.513878606,"data":"任务: (B2)N15_M07_F10→(B1)N15_M01_F10, 正确率 = 99.92%\n"}
,{"stream_name":"stdout","time":8841.513884204,"data":"类型1 正确率： 100.00% -\u003e 1  100.00%, 2    0.00%, 3    0.00%\n"}
,{"stream_name":"stdout","time":8841.51388924,"data":"类型2 正确率： 100.00% -\u003e 1    0.00%, 2   99.75%, 3    0.25%\n"}
,{"stream_name":"stdout","time":8841.513893785,"data":"类型3 正确率： 100.00% -\u003e 1    0.00%, 2    0.00%, 3  100.00%\n"}
,{"stream_name":"stdout","time":8841.513898366,"data":"\n"}
,{"stream_name":"stdout","time":8841.514302859,"data":"目标域路径：/kaggle/working/shot_k10/S02/sdalr_PU_shot/DATA_foldS02/PU_M1_L3/N15_M07_F04_label.txt\n"}
,{"stream_name":"stderr","time":8841.865772316,"data":"/usr/local/lib/python3.12/dist-packages/torch/nn/utils/weight_norm.py:144: FutureWarning: `torch.nn.utils.weight_norm` is deprecated in favor of `torch.nn.utils.parametrizations.weight_norm`.\n"}
,{"stream_name":"stderr","time":8841.865803007,"data":"  WeightNorm.apply(module, name, dim)\n"}
,{"stream_name":"stdout","time":8843.067456917,"data":"测试目标数据集结果如下：\n"}
,{"stream_name":"stdout","time":8843.067493976,"data":"任务: (B2)N15_M07_F10→(B3)N15_M07_F04, 正确率 = 93.40%\n"}
,{"stream_name":"stdout","time":8843.067498969,"data":"类型1 正确率： 100.00% -\u003e 1  100.00%, 2    0.00%, 3    0.00%\n"}
,{"stream_name":"stdout","time":8843.067503348,"data":"类型2 正确率：  97.00% -\u003e 1    0.00%, 2   96.69%, 3    3.31%\n"}
,{"stream_name":"stdout","time":8843.067507496,"data":"类型3 正确率：  84.00% -\u003e 1    0.80%, 2   15.69%, 3   83.51%\n"}
,{"stream_name":"stdout","time":8843.067511454,"data":"\n"}
,{"stream_name":"stdout","time":8843.067862265,"data":"\n"}
,{"stream_name":"stdout","time":8843.067884426,"data":"\n"}
,{"stream_name":"stdout","time":8843.067926558,"data":"现在开始拿源域训练集：(B3)N15_M07_F04 进行训练\n"}
,{"stream_name":"stdout","time":8843.06794827,"data":"源域读取路径：/kaggle/working/shot_k10/S02/sdalr_PU_shot/DATA_foldS02/PU_M1_L3/N15_M07_F04_label.txt\n"}
,{"stream_name":"stdout","time":8843.068002731,"data":"excel输出位置：/kaggle/working/shot_k10/S02/weight_src_PU_M1_FS02_s2024/NEW_PU/Source-源域\n"}
,{"stream_name":"stdout","time":8843.06800795,"data":"log\u0026pt输出位置：/kaggle/working/shot_k10/S02/weight_src_PU_M1_FS02_s2024/NEW_PU/Source-源域/log\u0026pt/(B3)N15_M07_F04\n"}
,{"stream_name":"stdout","time":8843.068121866,"data":"特征图片输出位置：/kaggle/working/shot_k10/S02/weight_src_PU_M1_FS02_s2024/NEW_PU/Picture-特征图/2026年09月21日22时30分/(B3)N15_M07_F04\n"}
,{"stream_name":"stderr","time":8843.069554093,"data":"sh: 1: Syntax error: word unexpected (expecting \")\")\n"}
,{"stream_name":"stdout","time":8843.070112692,"data":"源域训练开始\n"}
,{"stream_name":"stderr","time":8844.762493129,"data":"/usr/local/lib/python3.12/dist-packages/torch/nn/utils/weight_norm.py:144: FutureWarning: `torch.nn.utils.weight_norm` is deprecated in favor of `torch.nn.utils.parametrizations.weight_norm`.\n"}
,{"stream_name":"stderr","time":8844.762532891,"data":"  WeightNorm.apply(module, name, dim)\n"}
,{"stream_name":"stdout","time":8853.673411337,"data":"轮次:··1/·10 || loss:0.036 || 耗时：8.84s\n"}
,{"stream_name":"stdout","time":8862.609468056,"data":"轮次:··2/·10 || loss:0.001 || 耗时：8.87s\n"}
,{"stream_name":"stdout","time":8871.584101198,"data":"轮次:··3/·10 || loss:0.082 || 耗时：8.91s\n"}
,{"stream_name":"stdout","time":8880.523280647,"data":"轮次:··4/·10 || loss:0.001 || 耗时：8.87s\n"}
,{"stream_name":"stdout","time":8889.385258756,"data":"轮次:··5/·10 || loss:0.003 || 耗时：8.80s\n"}
,{"stream_name":"stdout","time":8889.969423578,"data":"任务: (B3)N15_M07_F04; mix批次:····0; 批次:··330/··660; 总正确率 = 99.49%\n"}
,{"stream_name":"stdout","time":8889.969463868,"data":"类型1 正确率： 100.00% -\u003e 1  100.00%, 2    0.00%, 3    0.00%\n"}
,{"stream_name":"stdout","time":8889.969469679,"data":"类型2 正确率： 100.00% -\u003e 1    0.00%, 2   99.51%, 3    0.49%\n"}
,{"stream_name":"stdout","time":8889.969473343,"data":"类型3 正确率：  99.00% -\u003e 1    0.00%, 2    1.04%, 3   98.96%\n"}
,{"stream_name":"stdout","time":8889.96947676,"data":"\n"}
,{"stream_name":"stdout","time":8889.969480385,"data":"\n"}
,{"stream_name":"stdout","time":8898.815582299,"data":"轮次:··6/·10 || loss:0.002 || 耗时：8.75s\n"}
,{"stream_name":"stdout","time":8907.589485504,"data":"轮次:··7/·10 || loss:0.002 || 耗时：8.71s\n"}
,{"stream_name":"stdout","time":8916.388917063,"data":"轮次:··8/·10 || loss:0.007 || 耗时：8.73s\n"}
,{"stream_name":"stdout","time":8925.222893545,"data":"轮次:··9/·10 || loss:0.013 || 耗时：8.77s\n"}
,{"stream_name":"stdout","time":8934.094551904,"data":"轮次:·10/·10 || loss:0.012 || 耗时：8.81s\n"}
,{"stream_name":"stdout","time":8934.683379208,"data":"任务: (B3)N15_M07_F04; mix批次:····0; 批次:··660/··660; 总正确率 = 99.66%\n"}
,{"stream_name":"stdout","time":8934.683413455,"data":"类型1 正确率： 100.00% -\u003e 1  100.00%, 2    0.00%, 3    0.00%\n"}
,{"stream_name":"stdout","time":8934.68342078,"data":"类型2 正确率： 100.00% -\u003e 1    0.00%, 2   99.51%, 3    0.49%\n"}
,{"stream_name":"stdout","time":8934.683426579,"data":"类型3 正确率：  99.00% -\u003e 1    0.00%, 2    0.52%, 3   99.48%\n"}
,{"stream_name":"stdout","time":8934.683432345,"data":"\n"}
,{"stream_name":"stdout","time":8934.68343764,"data":"\n"}
,{"stream_name":"stdout","time":8935.93500301,"data":"测试集任务: (B3)N15_M07_F04; 总正确率 = 99.82%\n"}
,{"stream_name":"stdout","time":8935.935033906,"data":"类型1 正确率： 100.00% -\u003e 1  100.00%, 2    0.00%, 3    0.00%\n"}
,{"stream_name":"stdout","time":8935.935038131,"data":"类型2 正确率：  99.00% -\u003e 1    0.00%, 2   99.46%, 3    0.54%\n"}
,{"stream_name":"stdout","time":8935.935041463,"data":"类型3 正确率： 100.00% -\u003e 1    0.00%, 2    0.00%, 3  100.00%\n"}
,{"stream_name":"stdout","time":8935.935044538,"data":"\n"}
,{"stream_name":"stdout","time":8935.935047388,"data":"\n"}
,{"stream_name":"stdout","time":8935.942135763,"data":"源域训练结束\n"}
,{"stream_name":"stdout","time":8935.942148953,"data":"\n"}
,{"stream_name":"stdout","time":8935.942159368,"data":"训练好之后，测试目标域\n"}
,{"stream_name":"stdout","time":8935.942173339,"data":"目标域路径：/kaggle/working/shot_k10/S02/sdalr_PU_shot/DATA_foldS02/PU_M1_L3/N15_M01_F10_label.txt\n"}
,{"stream_name":"stderr","time":8936.306703959,"data":"/usr/local/lib/python3.12/dist-packages/torch/nn/utils/weight_norm.py:144: FutureWarning: `torch.nn.utils.weight_norm` is deprecated in favor of `torch.nn.utils.parametrizations.weight_norm`.\n"}
,{"stream_name":"stderr","time":8936.306744683,"data":"  WeightNorm.apply(module, name, dim)\n"}
,{"stream_name":"stdout","time":8937.513143049,"data":"测试目标数据集结果如下：\n"}
,{"stream_name":"stdout","time":8937.51318269,"data":"任务: (B3)N15_M07_F04→(B1)N15_M01_F10, 正确率 = 74.56%\n"}
,{"stream_name":"stdout","time":8937.513188828,"data":"类型1 正确率： 100.00% -\u003e 1  100.00%, 2    0.00%, 3    0.00%\n"}
,{"stream_name":"stdout","time":8937.51319412,"data":"类型2 正确率： 100.00% -\u003e 1    0.00%, 2   99.74%, 3    0.26%\n"}
,{"stream_name":"stdout","time":8937.513199107,"data":"类型3 正确率：  24.00% -\u003e 1    0.47%, 2   75.59%, 3   23.93%\n"}
,{"stream_name":"stdout","time":8937.51320395,"data":"\n"}
,{"stream_name":"stdout","time":8937.513534713,"data":"目标域路径：/kaggle/working/shot_k10/S02/sdalr_PU_shot/DATA_foldS02/PU_M1_L3/N15_M07_F10_label.txt\n"}
,{"stream_name":"stderr","time":8937.90655594,"data":"/usr/local/lib/python3.12/dist-packages/torch/nn/utils/weight_norm.py:144: FutureWarning: `torch.nn.utils.weight_norm` is deprecated in favor of `torch.nn.utils.parametrizations.weight_norm`.\n"}
,{"stream_name":"stderr","time":8937.906615296,"data":"  WeightNorm.apply(module, name, dim)\n"}
,{"stream_name":"stdout","time":8939.113693887,"data":"测试目标数据集结果如下：\n"}
,{"stream_name":"stdout","time":8939.113727316,"data":"任务: (B3)N15_M07_F04→(B2)N15_M07_F10, 正确率 = 77.07%\n"}
,{"stream_name":"stdout","time":8939.113760077,"data":"类型1 正确率： 100.00% -\u003e 1  100.00%, 2    0.00%, 3    0.00%\n"}
,{"stream_name":"stdout","time":8939.113765899,"data":"类型2 正确率： 100.00% -\u003e 1    0.00%, 2   99.74%, 3    0.26%\n"}
,{"stream_name":"stdout","time":8939.113771098,"data":"类型3 正确率：  31.00% -\u003e 1    0.00%, 2   68.52%, 3   31.48%\n"}
,{"stream_name":"stdout","time":8939.114190035,"data":"\n"}
,{"stream_name":"stdout","time":8939.121815147,"data":"[src_pretrain_RES_PU.py --folder_root /kaggle/working/shot_k10/S02/sdalr_PU_shot/DATA_foldS02 --seed 2024 --class_num 3 --data_name PU_M1_L3 --output /kaggle/working/shot_k10/S02/weight_src_PU_M1_FS02_s2024] 289s\n"}
,{"stream_name":"stdout","time":8939.16458918,"data":"读取源域路径：/kaggle/working/shot_k10/S02/weight_PU_M1_shot_FS02toS02_s2024/NEW_PU/Source-源域/log\u0026pt/(B1)N15_M01_F10\n"}
,{"stream_name":"stdout","time":8939.164608642,"data":"excel输出位置：/kaggle/working/shot_k10/S02/weight_PU_M1_shot_FS02toS02_s2024/NEW_PU/Target-目标域\n"}
,{"stream_name":"stdout","time":8939.164634084,"data":"特征图片输出位置：/kaggle/working/shot_k10/S02/weight_PU_M1_shot_FS02toS02_s2024/NEW_PU/Picture-特征图/2026年09月21日22时35分/(B1)N15_M01_F10\n"}
,{"stream_name":"stderr","time":8939.197965841,"data":"/usr/local/lib/python3.12/dist-packages/torch/nn/utils/weight_norm.py:144: FutureWarning: `torch.nn.utils.weight_norm` is deprecated in favor of `torch.nn.utils.parametrizations.weight_norm`.\n"}
,{"stream_name":"stderr","time":8939.197991786,"data":"  WeightNorm.apply(module, name, dim)\n"}
,{"stream_name":"stdout","time":8939.235548546,"data":"现在选取:(B1)N15_M01_F10 进行训练的源模型\n"}
,{"stream_name":"stdout","time":8939.235566953,"data":"现在进行：(B1)N15_M01_F10→(B2)N15_M07_F10 的迁移任务\n"}
,{"stream_name":"stdout","time":8939.235572101,"data":"log\u0026pt输出位置：/kaggle/working/shot_k10/S02/weight_PU_M1_shot_FS02toS02_s2024/NEW_PU/Target-目标域/log\u0026pt/(B1)N15_M01_F10→(B2)N15_M07_F10\n"}
,{"stream_name":"stderr","time":8939.236973994,"data":"sh: 1: Syntax error: word unexpected (expecting \")\")\n"}
,{"stream_name":"stdout","time":8950.445593937,"data":"任务: (B1)N15_M01_F10→(B2)N15_M07_F10; 批次:····0/·1880;  总正确率: 99.53%\n"}
,{"stream_name":"stdout","time":8950.445655263,"data":"类型1 正确率： 100.00% -\u003e 1  100.00%, 2    0.00%, 3    0.00%\n"}
,{"stream_name":"stdout","time":8950.445661025,"data":"类型2 正确率： 100.00% -\u003e 1    0.00%, 2  100.00%, 3    0.00%\n"}
,{"stream_name":"stdout","time":8950.445664602,"data":"类型3 正确率：  99.00% -\u003e 1    0.00%, 2    1.40%, 3   98.60%\n"}
,{"stream_name":"stdout","time":8950.445667727,"data":"\n"}
,{"stream_name":"stdout","time":8950.44567073,"data":"\n"}
,{"stream_name":"stdout","time":8953.673168139,"data":"SHOT pseudo-labels: model 99.53% -\u003e centroid 99.25%\n"}
,{"stream_name":"stderr","time":8966.467757646,"data":"/kaggle/working/shot_k10/S02/sdalr_PU_shot/tar_adaptation_RES_PU.py:114: UserWarning: Converting a tensor with requires_grad=True to a scalar may lead to unexpected behavior.\n"}
,{"stream_name":"stderr","time":8966.4678067,"data":"Consider using tensor.detach() first. (Triggered internally at /pytorch/torch/csrc/autograd/generated/python_variable_methods.cpp:836.)\n"}
,{"stream_name":"stderr","time":8966.467814517,"data":"  iter_num // epoch_len, args.max_epoch, float(classifier_loss), float(im_loss), time.time() - start))\n"}
,{"stream_name":"stdout","time":8966.467789632,"data":"轮次:··1/·20 || cls:1.468 || im:-1.024 || 耗时：21.86s\n"}
,{"stream_name":"stdout","time":8969.7302094,"data":"SHOT pseudo-labels: model 99.57% -\u003e centroid 99.33%\n"}
,{"stream_name":"stdout","time":8982.579322884,"data":"轮次:··2/·20 || cls:1.667 || im:-0.921 || 耗时：16.11s\n"}
,{"stream_name":"stdout","time":8985.812201027,"data":"SHOT pseudo-labels: model 95.38% -\u003e centroid 94.80%\n"}
,{"stream_name":"stdout","time":8998.44520808,"data":"轮次:··3/·20 || cls:0.974 || im:-0.746 || 耗时：15.87s\n"}
,{"stream_name":"stdout","time":9001.642181049,"data":"SHOT pseudo-labels: model 87.52% -\u003e centroid 73.42%\n"}
,{"stream_name":"stdout","time":9014.228320191,"data":"轮次:··4/·20 || cls:0.781 || im:-0.692 || 耗时：15.78s\n"}
,{"stream_name":"stdout","time":9017.421154815,"data":"SHOT pseudo-labels: model 85.05% -\u003e centroid 71.22%\n"}
,{"stream_name":"stdout","time":9030.034366619,"data":"轮次:··5/·20 || cls:0.789 || im:-0.723 || 耗时：15.81s\n"}
,{"stream_name":"stdout","time":9033.245210948,"data":"SHOT pseudo-labels: model 83.15% -\u003e centroid 70.17%\n"}
,{"stream_name":"stdout","time":9045.905700351,"data":"轮次:··6/·20 || cls:0.685 || im:-0.701 || 耗时：15.87s\n"}
,{"stream_name":"stdout","time":9049.114610089,"data":"SHOT pseudo-labels: model 86.65% -\u003e centroid 73.00%\n"}
,{"stream_name":"stdout","time":9061.816301025,"data":"轮次:··7/·20 || cls:0.679 || im:-0.650 || 耗时：15.91s\n"}
,{"stream_name":"stdout","time":9065.040692476,"data":"SHOT pseudo-labels: model 85.53% -\u003e centroid 70.95%\n"}
,{"stream_name":"stdout","time":9077.681675202,"data":"轮次:··8/·20 || cls:0.630 || im:-0.564 || 耗时：15.87s\n"}
,{"stream_name":"stdout","time":9080.858210152,"data":"SHOT pseudo-labels: model 88.45% -\u003e centroid 72.88%\n"}
,{"stream_name":"stdout","time":9093.475410945,"data":"轮次:··9/·20 || cls:0.621 || im:-0.691 || 耗时：15.79s\n"}
,{"stream_name":"stdout","time":9096.650172399,"data":"SHOT pseudo-labels: model 89.18% -\u003e centroid 73.87%\n"}
,{"stream_name":"stdout","time":9109.247145533,"data":"轮次:·10/·20 || cls:0.598 || im:-0.755 || 耗时：15.77s\n"}
,{"stream_name":"stdout","time":9112.452243801,"data":"SHOT pseudo-labels: model 89.33% -\u003e centroid 73.85%\n"}
,{"stream_name":"stdout","time":9125.051903022,"data":"轮次:·11/·20 || cls:0.587 || im:-0.667 || 耗时：15.80s\n"}
,{"stream_name":"stdout","time":9128.231173015,"data":"SHOT pseudo-labels: model 92.08% -\u003e centroid 77.80%\n"}
,{"stream_name":"stdout","time":9140.899276233,"data":"轮次:·12/·20 || cls:0.996 || im:-0.806 || 耗时：15.85s\n"}
,{"stream_name":"stdout","time":9144.098175013,"data":"SHOT pseudo-labels: model 91.85% -\u003e centroid 77.38%\n"}
,{"stream_name":"stdout","time":9156.764930638,"data":"轮次:·13/·20 || cls:0.574 || im:-0.615 || 耗时：15.87s\n"}
,{"stream_name":"stdout","time":9159.98219438,"data":"SHOT pseudo-labels: model 92.88% -\u003e centroid 77.58%\n"}
,{"stream_name":"stdout","time":9172.665661604,"data":"轮次:·14/·20 || cls:0.669 || im:-0.604 || 耗时：15.90s\n"}
,{"stream_name":"stdout","time":9175.876286114,"data":"SHOT pseudo-labels: model 92.28% -\u003e centroid 77.48%\n"}
,{"stream_name":"stdout","time":9188.5762713,"data":"轮次:·15/·20 || cls:0.812 || im:-0.798 || 耗时：15.91s\n"}
,{"stream_name":"stdout","time":9191.796132087,"data":"SHOT pseudo-labels: model 93.63% -\u003e centroid 79.40%\n"}
,{"stream_name":"stdout","time":9204.479620973,"data":"轮次:·16/·20 || cls:0.709 || im:-0.769 || 耗时：15.90s\n"}
,{"stream_name":"stdout","time":9207.708101189,"data":"SHOT pseudo-labels: model 94.67% -\u003e centroid 80.68%\n"}
,{"stream_name":"stdout","time":9220.37514476,"data":"轮次:·17/·20 || cls:0.918 || im:-0.735 || 耗时：15.90s\n"}
,{"stream_name":"stdout","time":9223.602310424,"data":"SHOT pseudo-labels: model 94.85% -\u003e centroid 80.58%\n"}
,{"stream_name":"stdout","time":9236.286127408,"data":"轮次:·18/·20 || cls:0.784 || im:-0.713 || 耗时：15.91s\n"}
,{"stream_name":"stdout","time":9239.546174355,"data":"SHOT pseudo-labels: model 93.67% -\u003e centroid 79.80%\n"}
,{"stream_name":"stdout","time":9252.205472563,"data":"轮次:·19/·20 || cls:0.812 || im:-0.704 || 耗时：15.92s\n"}
,{"stream_name":"stdout","time":9255.441794679,"data":"SHOT pseudo-labels: model 93.70% -\u003e centroid 79.50%\n"}
,{"stream_name":"stdout","time":9268.078057664,"data":"轮次:·20/·20 || cls:0.583 || im:-0.695 || 耗时：15.87s\n"}
,{"stream_name":"stdout","time":9273.929212907,"data":"测试集任务: (B1)N15_M01_F10→(B2)N15_M07_F10; 总正确率 = 94.30%\n"}
,{"stream_name":"stdout","time":9273.929264577,"data":"类型1 正确率： 100.00% -\u003e 1  100.00%, 2    0.00%, 3    0.00%\n"}
,{"stream_name":"stdout","time":9273.929272483,"data":"类型2 正确率：  93.00% -\u003e 1    0.00%, 2   92.70%, 3    7.30%\n"}
,{"stream_name":"stdout","time":9273.929290091,"data":"类型3 正确率：  90.00% -\u003e 1    0.00%, 2    9.80%, 3   90.20%\n"}
,{"stream_name":"stdout","time":9273.929294509,"data":"\n"}
,{"stream_name":"stdout","time":9273.929298337,"data":"\n"}
,{"stream_name":"stdout","time":9273.944055216,"data":"[tar_adaptation_RES_PU.py --folder_root /kaggle/working/shot_k10/S02/sdalr_PU_shot/DATA_foldS02 --seed 2024 --class_num 3 --data_name PU_M1_L3 --output /kaggle/working/shot_k10/S02/weight_PU_M1_shot_FS02toS02_s2024 --s 0 --t 1 --lr 0.0005 --threshold 0.4 --K 0.6] 335s\n"}
,{"stream_name":"stdout","time":9273.974576064,"data":"读取源域路径：/kaggle/working/shot_k10/S02/weight_PU_M1_shot_FS02toS02_s2024/NEW_PU/Source-源域/log\u0026pt/(B1)N15_M01_F10\n"}
,{"stream_name":"stdout","time":9273.974601435,"data":"excel输出位置：/kaggle/working/shot_k10/S02/weight_PU_M1_shot_FS02toS02_s2024/NEW_PU/Target-目标域\n"}
,{"stream_name":"stdout","time":9273.974651561,"data":"特征图片输出位置：/kaggle/working/shot_k10/S02/weight_PU_M1_shot_FS02toS02_s2024/NEW_PU/Picture-特征图/2026年09月21日22时41分/(B1)N15_M01_F10\n"}
,{"stream_name":"stderr","time":9274.007690549,"data":"/usr/local/lib/python3.12/dist-packages/torch/nn/utils/weight_norm.py:144: FutureWarning: `torch.nn.utils.weight_norm` is deprecated in favor of `torch.nn.utils.parametrizations.weight_norm`.\n"}
,{"stream_name":"stderr","time":9274.007719205,"data":"  WeightNorm.apply(module, name, dim)\n"}
,{"stream_name":"stdout","time":9274.044312691,"data":"现在选取:(B1)N15_M01_F10 进行训练的源模型\n"}
,{"stream_name":"stdout","time":9274.044341773,"data":"现在进行：(B1)N15_M01_F10→(B3)N15_M07_F04 的迁移任务\n"}
,{"stream_name":"stdout","time":9274.044346448,"data":"log\u0026pt输出位置：/kaggle/working/shot_k10/S02/weight_PU_M1_shot_FS02toS02_s2024/NEW_PU/Target-目标域/log\u0026pt/(B1)N15_M01_F10→(B3)N15_M07_F04\n"}
,{"stream_name":"stderr","time":9274.045691708,"data":"sh: 1: Syntax error: word unexpected (expecting \")\")\n"}
,{"stream_name":"stdout","time":9284.975615222,"data":"任务: (B1)N15_M01_F10→(B3)N15_M07_F04; 批次:····0/·1880;  总正确率: 85.98%\n"}
,{"stream_name":"stdout","time":9284.975657543,"data":"类型1 正确率： 100.00% -\u003e 1  100.00%, 2    0.00%, 3    0.00%\n"}
,{"stream_name":"stdout","time":9284.97566428,"data":"类型2 正确率：  98.00% -\u003e 1    0.00%, 2   97.85%, 3    2.15%\n"}
,{"stream_name":"stdout","time":9284.975670998,"data":"类型3 正确率：  60.00% -\u003e 1    0.00%, 2   39.90%, 3   60.10%\n"}
,{"stream_name":"stdout","time":9284.975677523,"data":"\n"}
,{"stream_name":"stdout","time":9284.975682416,"data":"\n"}
,{"stream_name":"stdout","time":9288.20415356,"data":"SHOT pseudo-labels: model 85.98% -\u003e centroid 83.47%\n"}
,{"stream_name":"stdout","time":9300.948159108,"data":"轮次:··1/·20 || cls:1.902 || im:-0.938 || 耗时：21.85s\n"}
,{"stream_name":"stdout","time":9304.240205933,"data":"SHOT pseudo-labels: model 85.87% -\u003e centroid 82.02%\n"}
,{"stream_name":"stdout","time":9317.093524386,"data":"轮次:··2/·20 || cls:1.511 || im:-0.889 || 耗时：16.15s\n"}
,{"stream_name":"stdout","time":9320.360149482,"data":"SHOT pseudo-labels: model 82.03% -\u003e centroid 77.83%\n"}
,{"stream_name":"stdout","time":9333.064319279,"data":"轮次:··3/·20 || cls:1.104 || im:-0.837 || 耗时：15.97s\n"}
,{"stream_name":"stdout","time":9336.261146515,"data":"SHOT pseudo-labels: model 78.42% -\u003e centroid 70.65%\n"}
,{"stream_name":"stdout","time":9348.799795033,"data":"轮次:··4/·20 || cls:0.996 || im:-0.801 || 耗时：15.74s\n"}
,{"stream_name":"stdout","time":9351.984264931,"data":"SHOT pseudo-labels: model 77.38% -\u003e centroid 69.32%\n"}
,{"stream_name":"stdout","time":9364.558397021,"data":"轮次:··5/·20 || cls:1.007 || im:-0.735 || 耗时：15.76s\n"}
,{"stream_name":"stdout","time":9367.742275504,"data":"SHOT pseudo-labels: model 76.97% -\u003e centroid 68.52%\n"}
,{"stream_name":"stdout","time":9380.405729757,"data":"轮次:··6/·20 || cls:0.723 || im:-0.734 || 耗时：15.85s\n"}
,{"stream_name":"stdout","time":9383.629151389,"data":"SHOT pseudo-labels: model 77.50% -\u003e centroid 68.63%\n"}
,{"stream_name":"stdout","time":9396.325872928,"data":"轮次:··7/·20 || cls:0.845 || im:-0.751 || 耗时：15.92s\n"}
,{"stream_name":"stdout","time":9399.57918806,"data":"SHOT pseudo-labels: model 76.07% -\u003e centroid 66.60%\n"}
,{"stream_name":"stdout","time":9412.24798305,"data":"轮次:··8/·20 || cls:0.846 || im:-0.689 || 耗时：15.92s\n"}
,{"stream_name":"stdout","time":9415.453340991,"data":"SHOT pseudo-labels: model 78.45% -\u003e centroid 68.33%\n"}
,{"stream_name":"stdout","time":9428.064651736,"data":"轮次:··9/·20 || cls:0.653 || im:-0.681 || 耗时：15.82s\n"}
,{"stream_name":"stdout","time":9431.275136525,"data":"SHOT pseudo-labels: model 80.03% -\u003e centroid 69.63%\n"}
,{"stream_name":"stdout","time":9443.846827699,"data":"轮次:·10/·20 || cls:0.656 || im:-0.711 || 耗时：15.78s\n"}
,{"stream_name":"stdout","time":9447.088182115,"data":"SHOT pseudo-labels: model 79.30% -\u003e centroid 67.93%\n"}
,{"stream_name":"stdout","time":9459.698395204,"data":"轮次:·11/·20 || cls:0.769 || im:-0.642 || 耗时：15.85s\n"}
,{"stream_name":"stdout","time":9462.904244621,"data":"SHOT pseudo-labels: model 82.27% -\u003e centroid 70.85%\n"}
,{"stream_name":"stdout","time":9475.544388218,"data":"轮次:·12/·20 || cls:0.735 || im:-0.650 || 耗时：15.85s\n"}
,{"stream_name":"stdout","time":9478.742167041,"data":"SHOT pseudo-labels: model 82.42% -\u003e centroid 69.90%\n"}
,{"stream_name":"stdout","time":9491.37776774,"data":"轮次:·13/·20 || cls:0.604 || im:-0.709 || 耗时：15.83s\n"}
,{"stream_name":"stdout","time":9494.564149967,"data":"SHOT pseudo-labels: model 83.27% -\u003e centroid 73.73%\n"}
,{"stream_name":"stdout","time":9507.16809713,"data":"轮次:·14/·20 || cls:0.801 || im:-0.696 || 耗时：15.79s\n"}
,{"stream_name":"stdout","time":9510.379167449,"data":"SHOT pseudo-labels: model 83.77% -\u003e centroid 72.13%\n"}
,{"stream_name":"stdout","time":9522.997334412,"data":"轮次:·15/·20 || cls:0.705 || im:-0.715 || 耗时：15.83s\n"}
,{"stream_name":"stdout","time":9526.198206234,"data":"SHOT pseudo-labels: model 84.80% -\u003e centroid 78.87%\n"}
,{"stream_name":"stdout","time":9538.863365089,"data":"轮次:·16/·20 || cls:0.814 || im:-0.666 || 耗时：15.87s\n"}
,{"stream_name":"stdout","time":9542.095129932,"data":"SHOT pseudo-labels: model 84.77% -\u003e centroid 76.48%\n"}
,{"stream_name":"stdout","time":9554.782582863,"data":"轮次:·17/·20 || cls:0.799 || im:-0.782 || 耗时：15.92s\n"}
,{"stream_name":"stdout","time":9557.9901613,"data":"SHOT pseudo-labels: model 85.02% -\u003e centroid 74.93%\n"}
,{"stream_name":"stdout","time":9570.635405593,"data":"轮次:·18/·20 || cls:0.646 || im:-0.711 || 耗时：15.85s\n"}
,{"stream_name":"stdout","time":9573.829171405,"data":"SHOT pseudo-labels: model 84.55% -\u003e centroid 75.18%\n"}
,{"stream_name":"stdout","time":9586.381288833,"data":"轮次:·19/·20 || cls:0.861 || im:-0.723 || 耗时：15.75s\n"}
,{"stream_name":"stdout","time":9589.556134666,"data":"SHOT pseudo-labels: model 84.87% -\u003e centroid 75.65%\n"}
,{"stream_name":"stdout","time":9602.173928298,"data":"轮次:·20/·20 || cls:0.596 || im:-0.688 || 耗时：15.79s\n"}
,{"stream_name":"stdout","time":9608.00524932,"data":"测试集任务: (B1)N15_M01_F10→(B3)N15_M07_F04; 总正确率 = 86.13%\n"}
,{"stream_name":"stdout","time":9608.005278469,"data":"类型1 正确率： 100.00% -\u003e 1  100.00%, 2    0.00%, 3    0.00%\n"}
,{"stream_name":"stdout","time":9608.005284718,"data":"类型2 正确率：  77.00% -\u003e 1    0.05%, 2   77.10%, 3   22.85%\n"}
,{"stream_name":"stdout","time":9608.00528968,"data":"类型3 正确率：  81.00% -\u003e 1    0.35%, 2   18.35%, 3   81.30%\n"}
,{"stream_name":"stdout","time":9608.005294484,"data":"\n"}
,{"stream_name":"stdout","time":9608.005299497,"data":"\n"}
,{"stream_name":"stdout","time":9608.022829575,"data":"[tar_adaptation_RES_PU.py --folder_root /kaggle/working/shot_k10/S02/sdalr_PU_shot/DATA_foldS02 --seed 2024 --class_num 3 --data_name PU_M1_L3 --output /kaggle/working/shot_k10/S02/weight_PU_M1_shot_FS02toS02_s2024 --s 0 --t 2 --lr 0.0005 --threshold 0.4 --K 0.6] 334s\n"}
,{"stream_name":"stdout","time":9608.060862654,"data":"读取源域路径：/kaggle/working/shot_k10/S02/weight_PU_M1_shot_FS02toS02_s2024/NEW_PU/Source-源域/log\u0026pt/(B2)N15_M07_F10\n"}
,{"stream_name":"stdout","time":9608.06088375,"data":"excel输出位置：/kaggle/working/shot_k10/S02/weight_PU_M1_shot_FS02toS02_s2024/NEW_PU/Target-目标域\n"}
,{"stream_name":"stdout","time":9608.060889526,"data":"特征图片输出位置：/kaggle/working/shot_k10/S02/weight_PU_M1_shot_FS02toS02_s2024/NEW_PU/Picture-特征图/2026年09月21日22时46分/(B2)N15_M07_F10\n"}
,{"stream_name":"stderr","time":9608.094203368,"data":"/usr/local/lib/python3.12/dist-packages/torch/nn/utils/weight_norm.py:144: FutureWarning: `torch.nn.utils.weight_norm` is deprecated in favor of `torch.nn.utils.parametrizations.weight_norm`.\n"}
,{"stream_name":"stderr","time":9608.094228328,"data":"  WeightNorm.apply(module, name, dim)\n"}
,{"stream_name":"stdout","time":9608.131155696,"data":"现在选取:(B2)N15_M07_F10 进行训练的源模型\n"}
,{"stream_name":"stdout","time":9608.131175282,"data":"现在进行：(B2)N15_M07_F10→(B1)N15_M01_F10 的迁移任务\n"}
,{"stream_name":"stdout","time":9608.131181217,"data":"log\u0026pt输出位置：/kaggle/working/shot_k10/S02/weight_PU_M1_shot_FS02toS02_s2024/NEW_PU/Target-目标域/log\u0026pt/(B2)N15_M07_F10→(B1)N15_M01_F10\n"}
,{"stream_name":"stderr","time":9608.132503271,"data":"sh: 1: Syntax error: word unexpected (expecting \")\")\n"}
,{"stream_name":"stdout","time":9619.017569602,"data":"任务: (B2)N15_M07_F10→(B1)N15_M01_F10; 批次:····0/·1880;  总正确率: 99.82%\n"}
,{"stream_name":"stdout","time":9619.017599244,"data":"类型1 正确率： 100.00% -\u003e 1  100.00%, 2    0.00%, 3    0.00%\n"}
,{"stream_name":"stdout","time":9619.017605724,"data":"类型2 正确率：  99.00% -\u003e 1    0.00%, 2   99.45%, 3    0.55%\n"}
,{"stream_name":"stdout","time":9619.017610962,"data":"类型3 正确率： 100.00% -\u003e 1    0.00%, 2    0.00%, 3  100.00%\n"}
,{"stream_name":"stdout","time":9619.017616441,"data":"\n"}
,{"stream_name":"stdout","time":9619.017621606,"data":"\n"}
,{"stream_name":"stdout","time":9622.206271908,"data":"SHOT pseudo-labels: model 99.82% -\u003e centroid 99.90%\n"}
,{"stream_name":"stdout","time":9635.010359013,"data":"轮次:··1/·20 || cls:1.386 || im:-0.987 || 耗时：21.88s\n"}
,{"stream_name":"stdout","time":9638.274146864,"data":"SHOT pseudo-labels: model 99.80% -\u003e centroid 99.85%\n"}
,{"stream_name":"stdout","time":9651.084544278,"data":"轮次:··2/·20 || cls:1.462 || im:-0.911 || 耗时：16.07s\n"}
,{"stream_name":"stdout","time":9654.309153592,"data":"SHOT pseudo-labels: model 99.37% -\u003e centroid 99.78%\n"}
,{"stream_name":"stdout","time":9666.866219343,"data":"轮次:··3/·20 || cls:1.188 || im:-0.832 || 耗时：15.78s\n"}
,{"stream_name":"stdout","time":9670.067176871,"data":"SHOT pseudo-labels: model 98.70% -\u003e centroid 99.73%\n"}
,{"stream_name":"stdout","time":9682.608263138,"data":"轮次:··4/·20 || cls:1.249 || im:-0.778 || 耗时：15.74s\n"}
,{"stream_name":"stdout","time":9685.811163614,"data":"SHOT pseudo-labels: model 98.05% -\u003e centroid 99.53%\n"}
,{"stream_name":"stdout","time":9698.416450259,"data":"轮次:··5/·20 || cls:0.913 || im:-0.757 || 耗时：15.81s\n"}
,{"stream_name":"stdout","time":9701.625181226,"data":"SHOT pseudo-labels: model 97.65% -\u003e centroid 99.35%\n"}
,{"stream_name":"stdout","time":9714.296150544,"data":"轮次:··6/·20 || cls:0.714 || im:-0.785 || 耗时：15.88s\n"}
,{"stream_name":"stdout","time":9717.518128132,"data":"SHOT pseudo-labels: model 98.57% -\u003e centroid 99.70%\n"}
,{"stream_name":"stdout","time":9730.220750843,"data":"轮次:··7/·20 || cls:0.883 || im:-0.741 || 耗时：15.92s\n"}
,{"stream_name":"stdout","time":9733.447296562,"data":"SHOT pseudo-labels: model 98.17% -\u003e centroid 99.67%\n"}
,{"stream_name":"stdout","time":9746.102716665,"data":"轮次:··8/·20 || cls:0.952 || im:-0.717 || 耗时：15.88s\n"}
,{"stream_name":"stdout","time":9749.292159478,"data":"SHOT pseudo-labels: model 98.27% -\u003e centroid 99.70%\n"}
,{"stream_name":"stdout","time":9761.928138856,"data":"轮次:··9/·20 || cls:0.903 || im:-0.765 || 耗时：15.83s\n"}
,{"stream_name":"stdout","time":9765.144177973,"data":"SHOT pseudo-labels: model 98.28% -\u003e centroid 99.80%\n"}
,{"stream_name":"stdout","time":9777.752735384,"data":"轮次:·10/·20 || cls:0.743 || im:-0.786 || 耗时：15.82s\n"}
,{"stream_name":"stdout","time":9780.938211961,"data":"SHOT pseudo-labels: model 97.80% -\u003e centroid 99.83%\n"}
,{"stream_name":"stdout","time":9793.523116128,"data":"轮次:·11/·20 || cls:0.721 || im:-0.723 || 耗时：15.77s\n"}
,{"stream_name":"stdout","time":9796.707195878,"data":"SHOT pseudo-labels: model 98.62% -\u003e centroid 99.82%\n"}
,{"stream_name":"stdout","time":9809.333287173,"data":"轮次:·12/·20 || cls:0.997 || im:-0.837 || 耗时：15.81s\n"}
,{"stream_name":"stdout","time":9812.526124776,"data":"SHOT pseudo-labels: model 98.53% -\u003e centroid 99.70%\n"}
,{"stream_name":"stdout","time":9825.178387985,"data":"轮次:·13/·20 || cls:0.711 || im:-0.782 || 耗时：15.85s\n"}
,{"stream_name":"stdout","time":9828.398196447,"data":"SHOT pseudo-labels: model 98.67% -\u003e centroid 99.58%\n"}
,{"stream_name":"stdout","time":9841.108818924,"data":"轮次:·14/·20 || cls:0.629 || im:-0.628 || 耗时：15.93s\n"}
,{"stream_name":"stdout","time":9844.32536083,"data":"SHOT pseudo-labels: model 98.15% -\u003e centroid 99.67%\n"}
,{"stream_name":"stdout","time":9856.960749803,"data":"轮次:·15/·20 || cls:0.754 || im:-0.788 || 耗时：15.85s\n"}
,{"stream_name":"stdout","time":9860.148218049,"data":"SHOT pseudo-labels: model 99.07% -\u003e centroid 99.52%\n"}
,{"stream_name":"stdout","time":9872.73513856,"data":"轮次:·16/·20 || cls:0.746 || im:-0.842 || 耗时：15.77s\n"}
,{"stream_name":"stdout","time":9875.928201408,"data":"SHOT pseudo-labels: model 99.05% -\u003e centroid 99.25%\n"}
,{"stream_name":"stdout","time":9888.510848849,"data":"轮次:·17/·20 || cls:0.859 || im:-0.726 || 耗时：15.78s\n"}
,{"stream_name":"stdout","time":9891.700186154,"data":"SHOT pseudo-labels: model 99.10% -\u003e centroid 98.97%\n"}
,{"stream_name":"stdout","time":9904.315744493,"data":"轮次:·18/·20 || cls:0.795 || im:-0.757 || 耗时：15.80s\n"}
,{"stream_name":"stdout","time":9907.512160331,"data":"SHOT pseudo-labels: model 98.97% -\u003e centroid 98.87%\n"}
,{"stream_name":"stdout","time":9920.12515035,"data":"轮次:·19/·20 || cls:0.791 || im:-0.698 || 耗时：15.81s\n"}
,{"stream_name":"stdout","time":9923.336688356,"data":"SHOT pseudo-labels: model 98.97% -\u003e centroid 98.83%\n"}
,{"stream_name":"stdout","time":9935.933510619,"data":"轮次:·20/·20 || cls:0.688 || im:-0.773 || 耗时：15.81s\n"}
,{"stream_name":"stdout","time":9941.775114497,"data":"测试集任务: (B2)N15_M07_F10→(B1)N15_M01_F10; 总正确率 = 98.93%\n"}
,{"stream_name":"stdout","time":9941.775146954,"data":"类型1 正确率： 100.00% -\u003e 1   99.95%, 2    0.00%, 3    0.05%\n"}
,{"stream_name":"stdout","time":9941.775153177,"data":"类型2 正确率：  98.00% -\u003e 1    0.00%, 2   97.50%, 3    2.50%\n"}
,{"stream_name":"stdout","time":9941.775158119,"data":"类型3 正确率：  99.00% -\u003e 1    0.00%, 2    0.65%, 3   99.35%\n"}
,{"stream_name":"stdout","time":9941.77516315,"data":"\n"}
,{"stream_name":"stdout","time":9941.775167602,"data":"\n"}
,{"stream_name":"stdout","time":9941.79319991,"data":"[tar_adaptation_RES_PU.py --folder_root /kaggle/working/shot_k10/S02/sdalr_PU_shot/DATA_foldS02 --seed 2024 --class_num 3 --data_name PU_M1_L3 --output /kaggle/working/shot_k10/S02/weight_PU_M1_shot_FS02toS02_s2024 --s 1 --t 0 --lr 0.0005 --threshold 0.4 --K 0.6] 334s\n"}
,{"stream_name":"stdout","time":9941.820423177,"data":"读取源域路径：/kaggle/working/shot_k10/S02/weight_PU_M1_shot_FS02toS02_s2024/NEW_PU/Source-源域/log\u0026pt/(B2)N15_M07_F10\n"}
,{"stream_name":"stdout","time":9941.820443704,"data":"excel输出位置：/kaggle/working/shot_k10/S02/weight_PU_M1_shot_FS02toS02_s2024/NEW_PU/Target-目标域\n"}
,{"stream_name":"stdout","time":9941.82046871,"data":"特征图片输出位置：/kaggle/working/shot_k10/S02/weight_PU_M1_shot_FS02toS02_s2024/NEW_PU/Picture-特征图/2026年09月21日22时52分/(B2)N15_M07_F10\n"}
,{"stream_name":"stderr","time":9941.859352504,"data":"/usr/local/lib/python3.12/dist-packages/torch/nn/utils/weight_norm.py:144: FutureWarning: `torch.nn.utils.weight_norm` is deprecated in favor of `torch.nn.utils.parametrizations.weight_norm`.\n"}
,{"stream_name":"stderr","time":9941.859376838,"data":"  WeightNorm.apply(module, name, dim)\n"}
,{"stream_name":"stdout","time":9941.901765866,"data":"现在选取:(B2)N15_M07_F10 进行训练的源模型\n"}
,{"stream_name":"stdout","time":9941.901790441,"data":"现在进行：(B2)N15_M07_F10→(B3)N15_M07_F04 的迁移任务\n"}
,{"stream_name":"stdout","time":9941.90181214,"data":"log\u0026pt输出位置：/kaggle/working/shot_k10/S02/weight_PU_M1_shot_FS02toS02_s2024/NEW_PU/Target-目标域/log\u0026pt/(B2)N15_M07_F10→(B3)N15_M07_F04\n"}
,{"stream_name":"stderr","time":9941.903102551,"data":"sh: 1: Syntax error: word unexpected (expecting \")\")\n"}
,{"stream_name":"stdout","time":9952.818827619,"data":"任务: (B2)N15_M07_F10→(B3)N15_M07_F04; 批次:····0/·1880;  总正确率: 93.02%\n"}
,{"stream_name":"stdout","time":9952.818859901,"data":"类型1 正确率： 100.00% -\u003e 1  100.00%, 2    0.00%, 3    0.00%\n"}
,{"stream_name":"stdout","time":9952.818866979,"data":"类型2 正确率：  96.00% -\u003e 1    0.00%, 2   96.35%, 3    3.65%\n"}
,{"stream_name":"stdout","time":9952.818872443,"data":"类型3 正确率：  83.00% -\u003e 1    0.60%, 2   16.70%, 3   82.70%\n"}
,{"stream_name":"stdout","time":9952.818877884,"data":"\n"}
,{"stream_name":"stdout","time":9952.818882658,"data":"\n"}
,{"stream_name":"stdout","time":9956.003142942,"data":"SHOT pseudo-labels: model 93.02% -\u003e centroid 89.28%\n"}
,{"stream_name":"stdout","time":9968.708467421,"data":"轮次:··1/·20 || cls:1.739 || im:-0.905 || 耗时：21.73s\n"}
,{"stream_name":"stdout","time":9971.970167582,"data":"SHOT pseudo-labels: model 87.38% -\u003e centroid 86.25%\n"}
,{"stream_name":"stdout","time":9984.885864537,"data":"轮次:··2/·20 || cls:1.449 || im:-0.911 || 耗时：16.18s\n"}
,{"stream_name":"stdout","time":9988.091154724,"data":"SHOT pseudo-labels: model 83.18% -\u003e centroid 78.47%\n"}
,{"stream_name":"stdout","time":10000.700003462,"data":"轮次:··3/·20 || cls:0.887 || im:-0.822 || 耗时：15.81s\n"}
,{"stream_name":"stdout","time":10003.895151317,"data":"SHOT pseudo-labels: model 76.80% -\u003e centroid 65.03%\n"}
,{"stream_name":"stdout","time":10016.404123523,"data":"轮次:··4/·20 || cls:0.846 || im:-0.750 || 耗时：15.70s\n"}
,{"stream_name":"stdout","time":10019.571208833,"data":"SHOT pseudo-labels: model 74.47% -\u003e centroid 62.60%\n"}
,{"stream_name":"stdout","time":10032.102507984,"data":"轮次:··5/·20 || cls:0.808 || im:-0.772 || 耗时：15.70s\n"}
,{"stream_name":"stdout","time":10035.317127801,"data":"SHOT pseudo-labels: model 73.07% -\u003e centroid 61.15%\n"}
,{"stream_name":"stdout","time":10047.96850078,"data":"轮次:··6/·20 || cls:0.573 || im:-0.642 || 耗时：15.87s\n"}
,{"stream_name":"stdout","time":10051.182133588,"data":"SHOT pseudo-labels: model 75.33% -\u003e centroid 62.60%\n"}
,{"stream_name":"stdout","time":10063.898288476,"data":"轮次:··7/·20 || cls:0.809 || im:-0.780 || 耗时：15.93s\n"}
,{"stream_name":"stdout","time":10067.114138309,"data":"SHOT pseudo-labels: model 73.50% -\u003e centroid 60.87%\n"}
,{"stream_name":"stdout","time":10079.805189756,"data":"轮次:··8/·20 || cls:0.867 || im:-0.721 || 耗时：15.91s\n"}
,{"stream_name":"stdout","time":10083.007813407,"data":"SHOT pseudo-labels: model 75.35% -\u003e centroid 62.15%\n"}
,{"stream_name":"stdout","time":10095.634114836,"data":"轮次:··9/·20 || cls:0.741 || im:-0.719 || 耗时：15.83s\n"}
,{"stream_name":"stdout","time":10098.811283213,"data":"SHOT pseudo-labels: model 75.77% -\u003e centroid 62.72%\n"}
,{"stream_name":"stdout","time":10111.396154667,"data":"轮次:·10/·20 || cls:0.663 || im:-0.644 || 耗时：15.76s\n"}
,{"stream_name":"stdout","time":10114.591158681,"data":"SHOT pseudo-labels: model 74.65% -\u003e centroid 60.98%\n"}
,{"stream_name":"stdout","time":10127.210506846,"data":"轮次:·11/·20 || cls:0.826 || im:-0.694 || 耗时：15.81s\n"}
,{"stream_name":"stdout","time":10130.388149496,"data":"SHOT pseudo-labels: model 75.75% -\u003e centroid 61.87%\n"}
,{"stream_name":"stdout","time":10143.042915096,"data":"轮次:·12/·20 || cls:0.748 || im:-0.697 || 耗时：15.83s\n"}
,{"stream_name":"stdout","time":10146.258498105,"data":"SHOT pseudo-labels: model 74.23% -\u003e centroid 60.95%\n"}
,{"stream_name":"stdout","time":10158.967118384,"data":"轮次:·13/·20 || cls:0.679 || im:-0.681 || 耗时：15.92s\n"}
,{"stream_name":"stdout","time":10162.15717502,"data":"SHOT pseudo-labels: model 76.45% -\u003e centroid 62.22%\n"}
,{"stream_name":"stdout","time":10174.81238381,"data":"轮次:·14/·20 || cls:0.935 || im:-0.699 || 耗时：15.85s\n"}
,{"stream_name":"stdout","time":10177.992095444,"data":"SHOT pseudo-labels: model 74.97% -\u003e centroid 61.00%\n"}
,{"stream_name":"stdout","time":10190.614973785,"data":"轮次:·15/·20 || cls:0.666 || im:-0.661 || 耗时：15.80s\n"}
,{"stream_name":"stdout","time":10193.801168035,"data":"SHOT pseudo-labels: model 76.72% -\u003e centroid 62.55%\n"}
,{"stream_name":"stdout","time":10206.380494369,"data":"轮次:·16/·20 || cls:0.831 || im:-0.740 || 耗时：15.77s\n"}
,{"stream_name":"stdout","time":10209.56917283,"data":"SHOT pseudo-labels: model 78.08% -\u003e centroid 62.98%\n"}
,{"stream_name":"stdout","time":10222.212112348,"data":"轮次:·17/·20 || cls:0.676 || im:-0.680 || 耗时：15.83s\n"}
,{"stream_name":"stdout","time":10225.408171292,"data":"SHOT pseudo-labels: model 78.03% -\u003e centroid 63.18%\n"}
,{"stream_name":"stdout","time":10238.044859924,"data":"轮次:·18/·20 || cls:0.620 || im:-0.675 || 耗时：15.83s\n"}
,{"stream_name":"stdout","time":10241.249150332,"data":"SHOT pseudo-labels: model 78.23% -\u003e centroid 63.43%\n"}
,{"stream_name":"stdout","time":10253.882110688,"data":"轮次:·19/·20 || cls:0.859 || im:-0.710 || 耗时：15.84s\n"}
,{"stream_name":"stdout","time":10257.087159865,"data":"SHOT pseudo-labels: model 78.15% -\u003e centroid 63.27%\n"}
,{"stream_name":"stdout","time":10269.727576516,"data":"轮次:·20/·20 || cls:0.568 || im:-0.661 || 耗时：15.85s\n"}
,{"stream_name":"stdout","time":10275.573908548,"data":"测试集任务: (B2)N15_M07_F10→(B3)N15_M07_F04; 总正确率 = 78.03%\n"}
,{"stream_name":"stdout","time":10275.5739572,"data":"类型1 正确率： 100.00% -\u003e 1   99.95%, 2    0.00%, 3    0.05%\n"}
,{"stream_name":"stdout","time":10275.573965004,"data":"类型2 正确率：  65.00% -\u003e 1    0.00%, 2   65.25%, 3   34.75%\n"}
,{"stream_name":"stdout","time":10275.573970646,"data":"类型3 正确率：  69.00% -\u003e 1    1.75%, 2   29.35%, 3   68.90%\n"}
,{"stream_name":"stdout","time":10275.573984335,"data":"\n"}
,{"stream_name":"stdout","time":10275.573989415,"data":"\n"}
,{"stream_name":"stdout","time":10275.591314409,"data":"[tar_adaptation_RES_PU.py --folder_root /kaggle/working/shot_k10/S02/sdalr_PU_shot/DATA_foldS02 --seed 2024 --class_num 3 --data_name PU_M1_L3 --output /kaggle/working/shot_k10/S02/weight_PU_M1_shot_FS02toS02_s2024 --s 1 --t 2 --lr 0.0005 --threshold 0.4 --K 0.6] 334s\n"}
,{"stream_name":"stdout","time":10275.622717745,"data":"读取源域路径：/kaggle/working/shot_k10/S02/weight_PU_M1_shot_FS02toS02_s2024/NEW_PU/Source-源域/log\u0026pt/(B3)N15_M07_F04\n"}
,{"stream_name":"stdout","time":10275.622736658,"data":"excel输出位置：/kaggle/working/shot_k10/S02/weight_PU_M1_shot_FS02toS02_s2024/NEW_PU/Target-目标域\n"}
,{"stream_name":"stdout","time":10275.622742672,"data":"特征图片输出位置：/kaggle/working/shot_k10/S02/weight_PU_M1_shot_FS02toS02_s2024/NEW_PU/Picture-特征图/2026年09月21日22时57分/(B3)N15_M07_F04\n"}
,{"stream_name":"stderr","time":10275.655003036,"data":"/usr/local/lib/python3.12/dist-packages/torch/nn/utils/weight_norm.py:144: FutureWarning: `torch.nn.utils.weight_norm` is deprecated in favor of `torch.nn.utils.parametrizations.weight_norm`.\n"}
,{"stream_name":"stderr","time":10275.655020543,"data":"  WeightNorm.apply(module, name, dim)\n"}
,{"stream_name":"stdout","time":10275.69164553,"data":"现在选取:(B3)N15_M07_F04 进行训练的源模型\n"}
,{"stream_name":"stdout","time":10275.691667761,"data":"现在进行：(B3)N15_M07_F04→(B1)N15_M01_F10 的迁移任务\n"}
,{"stream_name":"stdout","time":10275.691675311,"data":"log\u0026pt输出位置：/kaggle/working/shot_k10/S02/weight_PU_M1_shot_FS02toS02_s2024/NEW_PU/Target-目标域/log\u0026pt/(B3)N15_M07_F04→(B1)N15_M01_F10\n"}
,{"stream_name":"stderr","time":10275.693120891,"data":"sh: 1: Syntax error: word unexpected (expecting \")\")\n"}
,{"stream_name":"stdout","time":10286.52991794,"data":"任务: (B3)N15_M07_F04→(B1)N15_M01_F10; 批次:····0/·1880;  总正确率: 75.72%\n"}
,{"stream_name":"stdout","time":10286.529946208,"data":"类型1 正确率： 100.00% -\u003e 1  100.00%, 2    0.00%, 3    0.00%\n"}
,{"stream_name":"stdout","time":10286.52995255,"data":"类型2 正确率： 100.00% -\u003e 1    0.00%, 2   99.80%, 3    0.20%\n"}
,{"stream_name":"stdout","time":10286.529957593,"data":"类型3 正确率：  27.00% -\u003e 1    0.30%, 2   72.35%, 3   27.35%\n"}
,{"stream_name":"stdout","time":10286.529962415,"data":"\n"}
,{"stream_name":"stdout","time":10286.529966794,"data":"\n"}
,{"stream_name":"stdout","time":10289.711179742,"data":"SHOT pseudo-labels: model 75.72% -\u003e centroid 78.23%\n"}
,{"stream_name":"stdout","time":10302.478413213,"data":"轮次:··1/·20 || cls:1.319 || im:-0.926 || 耗时：21.78s\n"}
,{"stream_name":"stdout","time":10305.73814001,"data":"SHOT pseudo-labels: model 79.38% -\u003e centroid 75.42%\n"}
,{"stream_name":"stdout","time":10318.62653976,"data":"轮次:··2/·20 || cls:1.300 || im:-0.816 || 耗时：16.15s\n"}
,{"stream_name":"stdout","time":10321.826157389,"data":"SHOT pseudo-labels: model 77.65% -\u003e centroid 73.52%\n"}
,{"stream_name":"stdout","time":10334.44595669,"data":"轮次:··3/·20 || cls:1.007 || im:-0.809 || 耗时：15.82s\n"}
,{"stream_name":"stdout","time":10337.620148978,"data":"SHOT pseudo-labels: model 79.18% -\u003e centroid 72.05%\n"}
,{"stream_name":"stdout","time":10350.129719568,"data":"轮次:··4/·20 || cls:0.850 || im:-0.747 || 耗时：15.68s\n"}
,{"stream_name":"stdout","time":10353.319191919,"data":"SHOT pseudo-labels: model 78.93% -\u003e centroid 70.60%\n"}
,{"stream_name":"stdout","time":10365.864206254,"data":"轮次:··5/·20 || cls:0.612 || im:-0.664 || 耗时：15.73s\n"}
,{"stream_name":"stdout","time":10369.060119296,"data":"SHOT pseudo-labels: model 79.12% -\u003e centroid 69.90%\n"}
,{"stream_name":"stdout","time":10381.715526572,"data":"轮次:··6/·20 || cls:0.707 || im:-0.697 || 耗时：15.85s\n"}
,{"stream_name":"stdout","time":10384.938206329,"data":"SHOT pseudo-labels: model 82.75% -\u003e centroid 71.80%\n"}
,{"stream_name":"stdout","time":10397.659491677,"data":"轮次:··7/·20 || cls:0.809 || im:-0.759 || 耗时：15.94s\n"}
,{"stream_name":"stdout","time":10400.872183099,"data":"SHOT pseudo-labels: model 80.00% -\u003e centroid 69.27%\n"}
,{"stream_name":"stdout","time":10413.540699624,"data":"轮次:··8/·20 || cls:0.598 || im:-0.616 || 耗时：15.88s\n"}
,{"stream_name":"stdout","time":10416.741161902,"data":"SHOT pseudo-labels: model 80.22% -\u003e centroid 69.00%\n"}
,{"stream_name":"stdout","time":10429.348702096,"data":"轮次:··9/·20 || cls:0.649 || im:-0.671 || 耗时：15.81s\n"}
,{"stream_name":"stdout","time":10432.52675141,"data":"SHOT pseudo-labels: model 79.58% -\u003e centroid 68.70%\n"}
,{"stream_name":"stdout","time":10445.110351015,"data":"轮次:·10/·20 || cls:0.679 || im:-0.670 || 耗时：15.76s\n"}
,{"stream_name":"stdout","time":10448.281359634,"data":"SHOT pseudo-labels: model 78.48% -\u003e centroid 68.32%\n"}
,{"stream_name":"stdout","time":10460.886875516,"data":"轮次:·11/·20 || cls:0.777 || im:-0.697 || 耗时：15.78s\n"}
,{"stream_name":"stdout","time":10464.079719834,"data":"SHOT pseudo-labels: model 81.88% -\u003e centroid 69.53%\n"}
,{"stream_name":"stdout","time":10476.722108042,"data":"轮次:·12/·20 || cls:0.824 || im:-0.733 || 耗时：15.84s\n"}
,{"stream_name":"stdout","time":10479.90617037,"data":"SHOT pseudo-labels: model 81.02% -\u003e centroid 69.32%\n"}
,{"stream_name":"stdout","time":10492.553905906,"data":"轮次:·13/·20 || cls:0.577 || im:-0.712 || 耗时：15.83s\n"}
,{"stream_name":"stdout","time":10495.743154539,"data":"SHOT pseudo-labels: model 79.83% -\u003e centroid 68.77%\n"}
,{"stream_name":"stdout","time":10508.400116728,"data":"轮次:·14/·20 || cls:0.755 || im:-0.671 || 耗时：15.85s\n"}
,{"stream_name":"stdout","time":10511.614142976,"data":"SHOT pseudo-labels: model 78.15% -\u003e centroid 68.10%\n"}
,{"stream_name":"stdout","time":10524.283839864,"data":"轮次:·15/·20 || cls:0.660 || im:-0.737 || 耗时：15.88s\n"}
,{"stream_name":"stdout","time":10527.469154104,"data":"SHOT pseudo-labels: model 79.58% -\u003e centroid 68.72%\n"}
,{"stream_name":"stdout","time":10540.1227944,"data":"轮次:·16/·20 || cls:0.880 || im:-0.756 || 耗时：15.84s\n"}
,{"stream_name":"stdout","time":10543.310357937,"data":"SHOT pseudo-labels: model 79.75% -\u003e centroid 68.87%\n"}
,{"stream_name":"stdout","time":10555.982091373,"data":"轮次:·17/·20 || cls:0.871 || im:-0.756 || 耗时：15.86s\n"}
,{"stream_name":"stdout","time":10559.16736928,"data":"SHOT pseudo-labels: model 79.48% -\u003e centroid 68.70%\n"}
,{"stream_name":"stdout","time":10571.869299528,"data":"轮次:·18/·20 || cls:0.752 || im:-0.723 || 耗时：15.89s\n"}
,{"stream_name":"stdout","time":10575.08921444,"data":"SHOT pseudo-labels: model 78.75% -\u003e centroid 68.43%\n"}
,{"stream_name":"stdout","time":10587.752200136,"data":"轮次:·19/·20 || cls:0.762 || im:-0.707 || 耗时：15.88s\n"}
,{"stream_name":"stdout","time":10590.967171809,"data":"SHOT pseudo-labels: model 77.40% -\u003e centroid 68.07%\n"}
,{"stream_name":"stdout","time":10603.637370632,"data":"轮次:·20/·20 || cls:0.592 || im:-0.676 || 耗时：15.89s\n"}
,{"stream_name":"stdout","time":10609.480045741,"data":"测试集任务: (B3)N15_M07_F04→(B1)N15_M01_F10; 总正确率 = 78.15%\n"}
,{"stream_name":"stdout","time":10609.480109073,"data":"类型1 正确率： 100.00% -\u003e 1  100.00%, 2    0.00%, 3    0.00%\n"}
,{"stream_name":"stdout","time":10609.480126819,"data":"类型2 正确率：  65.00% -\u003e 1    0.00%, 2   65.35%, 3   34.65%\n"}
,{"stream_name":"stdout","time":10609.480130774,"data":"类型3 正确率：  69.00% -\u003e 1    0.15%, 2   30.75%, 3   69.10%\n"}
,{"stream_name":"stdout","time":10609.480134393,"data":"\n"}
,{"stream_name":"stdout","time":10609.480137473,"data":"\n"}
,{"stream_name":"stdout","time":10609.499474386,"data":"[tar_adaptation_RES_PU.py --folder_root /kaggle/working/shot_k10/S02/sdalr_PU_shot/DATA_foldS02 --seed 2024 --class_num 3 --data_name PU_M1_L3 --output /kaggle/working/shot_k10/S02/weight_PU_M1_shot_FS02toS02_s2024 --s 2 --t 0 --lr 0.0005 --threshold 0.4 --K 0.6] 334s\n"}
,{"stream_name":"stdout","time":10609.526411413,"data":"读取源域路径：/kaggle/working/shot_k10/S02/weight_PU_M1_shot_FS02toS02_s2024/NEW_PU/Source-源域/log\u0026pt/(B3)N15_M07_F04\n"}
,{"stream_name":"stdout","time":10609.526434353,"data":"excel输出位置：/kaggle/working/shot_k10/S02/weight_PU_M1_shot_FS02toS02_s2024/NEW_PU/Target-目标域\n"}
,{"stream_name":"stdout","time":10609.526552263,"data":"特征图片输出位置：/kaggle/working/shot_k10/S02/weight_PU_M1_shot_FS02toS02_s2024/NEW_PU/Picture-特征图/2026年09月21日23时03分/(B3)N15_M07_F04\n"}
,{"stream_name":"stderr","time":10609.559382044,"data":"/usr/local/lib/python3.12/dist-packages/torch/nn/utils/weight_norm.py:144: FutureWarning: `torch.nn.utils.weight_norm` is deprecated in favor of `torch.nn.utils.parametrizations.weight_norm`.\n"}
,{"stream_name":"stderr","time":10609.55940533,"data":"  WeightNorm.apply(module, name, dim)\n"}
,{"stream_name":"stdout","time":10609.59611178,"data":"现在选取:(B3)N15_M07_F04 进行训练的源模型\n"}
,{"stream_name":"stdout","time":10609.596133882,"data":"现在进行：(B3)N15_M07_F04→(B2)N15_M07_F10 的迁移任务\n"}
,{"stream_name":"stdout","time":10609.596143144,"data":"log\u0026pt输出位置：/kaggle/working/shot_k10/S02/weight_PU_M1_shot_FS02toS02_s2024/NEW_PU/Target-目标域/log\u0026pt/(B3)N15_M07_F04→(B2)N15_M07_F10\n"}
,{"stream_name":"stderr","time":10609.597378945,"data":"sh: 1: Syntax error: word unexpected (expecting \")\")\n"}
,{"stream_name":"stdout","time":10620.426900327,"data":"任务: (B3)N15_M07_F04→(B2)N15_M07_F10; 批次:····0/·1880;  总正确率: 77.12%\n"}
,{"stream_name":"stdout","time":10620.426950045,"data":"类型1 正确率： 100.00% -\u003e 1   99.95%, 2    0.00%, 3    0.05%\n"}
,{"stream_name":"stdout","time":10620.426957629,"data":"类型2 正确率： 100.00% -\u003e 1    0.00%, 2   99.85%, 3    0.15%\n"}
,{"stream_name":"stdout","time":10620.426977011,"data":"类型3 正确率：  32.00% -\u003e 1    0.15%, 2   68.30%, 3   31.55%\n"}
,{"stream_name":"stdout","time":10620.426981464,"data":"\n"}
,{"stream_name":"stdout","time":10620.426984708,"data":"\n"}
,{"stream_name":"stdout","time":10623.596162368,"data":"SHOT pseudo-labels: model 77.12% -\u003e centroid 77.70%\n"}
,{"stream_name":"stdout","time":10636.325804941,"data":"轮次:··1/·20 || cls:1.332 || im:-0.969 || 耗时：21.73s\n"}
,{"stream_name":"stdout","time":10639.569164012,"data":"SHOT pseudo-labels: model 78.25% -\u003e centroid 76.67%\n"}
,{"stream_name":"stdout","time":10652.458679562,"data":"轮次:··2/·20 || cls:1.271 || im:-0.853 || 耗时：16.13s\n"}
,{"stream_name":"stdout","time":10655.656176148,"data":"SHOT pseudo-labels: model 76.78% -\u003e centroid 75.75%\n"}
,{"stream_name":"stdout","time":10668.273420295,"data":"轮次:··3/·20 || cls:0.979 || im:-0.796 || 耗时：15.81s\n"}
,{"stream_name":"stdout","time":10671.457105907,"data":"SHOT pseudo-labels: model 79.07% -\u003e centroid 73.20%\n"}
,{"stream_name":"stdout","time":10683.993281982,"data":"轮次:··4/·20 || cls:0.834 || im:-0.786 || 耗时：15.72s\n"}
,{"stream_name":"stdout","time":10687.154136627,"data":"SHOT pseudo-labels: model 78.08% -\u003e centroid 71.83%\n"}
,{"stream_name":"stdout","time":10699.706482151,"data":"轮次:··5/·20 || cls:0.733 || im:-0.732 || 耗时：15.71s\n"}
,{"stream_name":"stdout","time":10702.896165986,"data":"SHOT pseudo-labels: model 79.78% -\u003e centroid 71.63%\n"}
,{"stream_name":"stdout","time":10715.558865182,"data":"轮次:··6/·20 || cls:0.773 || im:-0.774 || 耗时：15.85s\n"}
,{"stream_name":"stdout","time":10718.750990399,"data":"SHOT pseudo-labels: model 83.10% -\u003e centroid 74.47%\n"}
,{"stream_name":"stdout","time":10731.463118604,"data":"轮次:··7/·20 || cls:0.727 || im:-0.702 || 耗时：15.90s\n"}
,{"stream_name":"stdout","time":10734.662187205,"data":"SHOT pseudo-labels: model 80.72% -\u003e centroid 70.93%\n"}
,{"stream_name":"stdout","time":10747.341893198,"data":"轮次:··8/·20 || cls:0.683 || im:-0.651 || 耗时：15.88s\n"}
,{"stream_name":"stdout","time":10750.519214477,"data":"SHOT pseudo-labels: model 82.00% -\u003e centroid 71.02%\n"}
,{"stream_name":"stdout","time":10763.186742575,"data":"轮次:··9/·20 || cls:0.589 || im:-0.731 || 耗时：15.84s\n"}
,{"stream_name":"stdout","time":10766.39216004,"data":"SHOT pseudo-labels: model 79.83% -\u003e centroid 69.80%\n"}
,{"stream_name":"stdout","time":10779.022478117,"data":"轮次:·10/·20 || cls:0.539 || im:-0.723 || 耗时：15.84s\n"}
,{"stream_name":"stdout","time":10782.200157569,"data":"SHOT pseudo-labels: model 80.50% -\u003e centroid 69.72%\n"}
,{"stream_name":"stdout","time":10794.79772424,"data":"轮次:·11/·20 || cls:0.715 || im:-0.742 || 耗时：15.78s\n"}
,{"stream_name":"stdout","time":10797.982095199,"data":"SHOT pseudo-labels: model 81.92% -\u003e centroid 70.85%\n"}
,{"stream_name":"stdout","time":10810.586043777,"data":"轮次:·12/·20 || cls:0.862 || im:-0.773 || 耗时：15.79s\n"}
,{"stream_name":"stdout","time":10813.780191952,"data":"SHOT pseudo-labels: model 82.72% -\u003e centroid 70.92%\n"}
,{"stream_name":"stdout","time":10826.41530577,"data":"轮次:·13/·20 || cls:0.580 || im:-0.710 || 耗时：15.83s\n"}
,{"stream_name":"stdout","time":10829.592105658,"data":"SHOT pseudo-labels: model 80.30% -\u003e centroid 69.55%\n"}
,{"stream_name":"stdout","time":10842.235497027,"data":"轮次:·14/·20 || cls:0.703 || im:-0.652 || 耗时：15.82s\n"}
,{"stream_name":"stdout","time":10845.435164925,"data":"SHOT pseudo-labels: model 80.17% -\u003e centroid 69.13%\n"}
,{"stream_name":"stdout","time":10858.074822801,"data":"轮次:·15/·20 || cls:0.840 || im:-0.795 || 耗时：15.84s\n"}
,{"stream_name":"stdout","time":10861.281254357,"data":"SHOT pseudo-labels: model 81.10% -\u003e centroid 69.68%\n"}
,{"stream_name":"stdout","time":10873.922693649,"data":"轮次:·16/·20 || cls:0.777 || im:-0.771 || 耗时：15.85s\n"}
,{"stream_name":"stdout","time":10877.125204206,"data":"SHOT pseudo-labels: model 81.10% -\u003e centroid 69.97%\n"}
,{"stream_name":"stdout","time":10889.801597579,"data":"轮次:·17/·20 || cls:0.954 || im:-0.790 || 耗时：15.88s\n"}
,{"stream_name":"stdout","time":10893.020186152,"data":"SHOT pseudo-labels: model 81.57% -\u003e centroid 69.67%\n"}
,{"stream_name":"stdout","time":10905.680191962,"data":"轮次:·18/·20 || cls:0.790 || im:-0.702 || 耗时：15.88s\n"}
,{"stream_name":"stdout","time":10908.873152668,"data":"SHOT pseudo-labels: model 80.50% -\u003e centroid 69.47%\n"}
,{"stream_name":"stdout","time":10921.545702971,"data":"轮次:·19/·20 || cls:0.726 || im:-0.681 || 耗时：15.87s\n"}
,{"stream_name":"stdout","time":10924.765193515,"data":"SHOT pseudo-labels: model 79.25% -\u003e centroid 69.03%\n"}
,{"stream_name":"stdout","time":10937.448263986,"data":"轮次:·20/·20 || cls:0.673 || im:-0.758 || 耗时：15.90s\n"}
,{"stream_name":"stdout","time":10943.307608401,"data":"测试集任务: (B3)N15_M07_F04→(B2)N15_M07_F10; 总正确率 = 80.10%\n"}
,{"stream_name":"stdout","time":10943.307670897,"data":"类型1 正确率： 100.00% -\u003e 1  100.00%, 2    0.00%, 3    0.00%\n"}
,{"stream_name":"stdout","time":10943.307678374,"data":"类型2 正确率：  70.00% -\u003e 1    0.00%, 2   69.60%, 3   30.40%\n"}
,{"stream_name":"stdout","time":10943.307683604,"data":"类型3 正确率：  71.00% -\u003e 1    0.15%, 2   29.15%, 3   70.70%\n"}
,{"stream_name":"stdout","time":10943.307688468,"data":"\n"}
,{"stream_name":"stdout","time":10943.307693151,"data":"\n"}
,{"stream_name":"stdout","time":10943.326051772,"data":"[tar_adaptation_RES_PU.py --folder_root /kaggle/working/shot_k10/S02/sdalr_PU_shot/DATA_foldS02 --seed 2024 --class_num 3 --data_name PU_M1_L3 --output /kaggle/working/shot_k10/S02/weight_PU_M1_shot_FS02toS02_s2024 --s 2 --t 1 --lr 0.0005 --threshold 0.4 --K 0.6] 334s\n"}
,{"stream_name":"stdout","time":10943.342958767,"data":"{\n"}
,{"stream_name":"stdout","time":10943.342980202,"data":"  \"dataset\": \"PU_M1\",\n"}
,{"stream_name":"stdout","time":10943.342985481,"data":"  \"variant\": \"shot\",\n"}
,{"stream_name":"stdout","time":10943.342990207,"data":"  \"seed\": 2024,\n"}
,{"stream_name":"stdout","time":10943.342995607,"data":"  \"smoke\": false,\n"}
,{"stream_name":"stdout","time":10943.342999979,"data":"  \"src_fold\": \"S02\",\n"}
,{"stream_name":"stdout","time":10943.343004611,"data":"  \"tgt_fold\": \"S02\",\n"}
,{"stream_name":"stdout","time":10943.343009746,"data":"  \"leaky\": true,\n"}
,{"stream_name":"stdout","time":10943.343014216,"data":"  \"hyperparameters\": {\n"}
,{"stream_name":"stdout","time":10943.34301888,"data":"    \"lr\": \"0.0005\",\n"}
,{"stream_name":"stdout","time":10943.343023433,"data":"    \"threshold\": \"0.4\",\n"}
,{"stream_name":"stdout","time":10943.343027979,"data":"    \"K\": \"0.6\"\n"}
,{"stream_name":"stdout","time":10943.34303252,"data":"  },\n"}
,{"stream_name":"stdout","time":10943.343036774,"data":"  \"adapters\": [\n"}
,{"stream_name":"stdout","time":10943.343041389,"data":"    \"npz_io\",\n"}
,{"stream_name":"stdout","time":10943.343045842,"data":"    \"tsne_stub\",\n"}
,{"stream_name":"stdout","time":10943.3430503,"data":"    \"shot_patch\"\n"}
,{"stream_name":"stdout","time":10943.343054557,"data":"  ],\n"}
,{"stream_name":"stdout","time":10943.343085772,"data":"  \"source_only\": {\n"}
,{"stream_name":"stdout","time":10943.34309172,"data":"    \"A1-\u003eA3\": 99.43,\n"}
,{"stream_name":"stdout","time":10943.34309589,"data":"    \"A1-\u003eA2\": 84.99,\n"}
,{"stream_name":"stdout","time":10943.343099472,"data":"    \"A3-\u003eA1\": 99.92,\n"}
,{"stream_name":"stdout","time":10943.343102518,"data":"    \"A3-\u003eA2\": 93.4,\n"}
,{"stream_name":"stdout","time":10943.343106104,"data":"    \"A2-\u003eA1\": 74.56,\n"}
,{"stream_name":"stdout","time":10943.34310935,"data":"    \"A2-\u003eA3\": 77.07\n"}
,{"stream_name":"stdout","time":10943.343112529,"data":"  },\n"}
,{"stream_name":"stdout","time":10943.343115934,"data":"  \"adapted\": {\n"}
,{"stream_name":"stdout","time":10943.343119115,"data":"    \"A1-\u003eA3\": 94.3,\n"}
,{"stream_name":"stdout","time":10943.343122384,"data":"    \"A1-\u003eA2\": 86.13,\n"}
,{"stream_name":"stdout","time":10943.343125713,"data":"    \"A3-\u003eA1\": 98.93,\n"}
,{"stream_name":"stdout","time":10943.343129485,"data":"    \"A3-\u003eA2\": 78.03,\n"}
,{"stream_name":"stdout","time":10943.343132495,"data":"    \"A2-\u003eA1\": 78.15,\n"}
,{"stream_name":"stdout","time":10943.34313585,"data":"    \"A2-\u003eA3\": 80.1\n"}
,{"stream_name":"stdout","time":10943.343138987,"data":"  },\n"}
,{"stream_name":"stdout","time":10943.343141939,"data":"  \"seconds\": {\n"}
,{"stream_name":"stdout","time":10943.3431451,"data":"    \"pretrain\": 289,\n"}
,{"stream_name":"stdout","time":10943.343148251,"data":"    \"A1-\u003eA3\": 335,\n"}
,{"stream_name":"stdout","time":10943.343151479,"data":"    \"A1-\u003eA2\": 334,\n"}
,{"stream_name":"stdout","time":10943.343154766,"data":"    \"A3-\u003eA1\": 334,\n"}
,{"stream_name":"stdout","time":10943.34315785,"data":"    \"A3-\u003eA2\": 334,\n"}
,{"stream_name":"stdout","time":10943.343161137,"data":"    \"A2-\u003eA1\": 334,\n"}
,{"stream_name":"stdout","time":10943.343164225,"data":"    \"A2-\u003eA3\": 334\n"}
,{"stream_name":"stdout","time":10943.343167362,"data":"  },\n"}
,{"stream_name":"stdout","time":10943.343170602,"data":"  \"gate_log\": {\n"}
,{"stream_name":"stdout","time":10943.343173923,"data":"    \"A1-\u003eA3\": [],\n"}
,{"stream_name":"stdout","time":10943.343177305,"data":"    \"A1-\u003eA2\": [],\n"}
,{"stream_name":"stdout","time":10943.343180539,"data":"    \"A3-\u003eA1\": [],\n"}
,{"stream_name":"stdout","time":10943.343184087,"data":"    \"A3-\u003eA2\": [],\n"}
,{"stream_name":"stdout","time":10943.343187364,"data":"    \"A2-\u003eA1\": [],\n"}
,{"stream_name":"stdout","time":10943.343190571,"data":"    \"A2-\u003eA3\": []\n"}
,{"stream_name":"stdout","time":10943.343194334,"data":"  },\n"}
,{"stream_name":"stdout","time":10943.343197552,"data":"  \"gate\": \"none\"\n"}
,{"stream_name":"stdout","time":10943.343201536,"data":"}\n"}
,{"stream_name":"stdout","time":10944.396171877,"data":"RUN /usr/bin/python3 -u /kaggle/input/datasets/rhrhrhrhrh/physgate-m0-code/sdalr_runner.py --sdalr /kaggle/input/datasets/rhrhrhrhrh/physgate-m0-code --m0 /kaggle/input/datasets/rhrhrhrhrh/physgate-k10-g1 --dataset PU_M1 --src-fold S02 --tgt-fold S02c --variant shot --work /kaggle/working/shot_k10/S02 --seed 2024 --skip-pretrain\n"}
,{"stream_name":"stdout","time":10950.901562928,"data":"读取源域路径：/kaggle/working/shot_k10/S02/weight_PU_M1_shot_FS02toS02c_s2024/NEW_PU/Source-源域/log\u0026pt/(B1)N15_M01_F10\n"}
,{"stream_name":"stdout","time":10950.90159798,"data":"excel输出位置：/kaggle/working/shot_k10/S02/weight_PU_M1_shot_FS02toS02c_s2024/NEW_PU/Target-目标域\n"}
,{"stream_name":"stdout","time":10950.902113329,"data":"特征图片输出位置：/kaggle/working/shot_k10/S02/weight_PU_M1_shot_FS02toS02c_s2024/NEW_PU/Picture-特征图/2026年09月21日23时09分/(B1)N15_M01_F10\n"}
,{"stream_name":"stderr","time":10951.24925145,"data":"/usr/local/lib/python3.12/dist-packages/torch/nn/utils/weight_norm.py:144: FutureWarning: `torch.nn.utils.weight_norm` is deprecated in favor of `torch.nn.utils.parametrizations.weight_norm`.\n"}
,{"stream_name":"stderr","time":10951.249290992,"data":"  WeightNorm.apply(module, name, dim)\n"}
,{"stream_name":"stdout","time":10951.294204789,"data":"现在选取:(B1)N15_M01_F10 进行训练的源模型\n"}
,{"stream_name":"stdout","time":10951.29423256,"data":"现在进行：(B1)N15_M01_F10→(B2)N15_M07_F10 的迁移任务\n"}
,{"stream_name":"stdout","time":10951.294237162,"data":"log\u0026pt输出位置：/kaggle/working/shot_k10/S02/weight_PU_M1_shot_FS02toS02c_s2024/NEW_PU/Target-目标域/log\u0026pt/(B1)N15_M01_F10→(B2)N15_M07_F10\n"}
,{"stream_name":"stderr","time":10951.295443829,"data":"sh: 1: Syntax error: word unexpected (expecting \")\")\n"}
,{"stream_name":"stdout","time":10962.396644974,"data":"任务: (B1)N15_M01_F10→(B2)N15_M07_F10; 批次:····0/·1880;  总正确率: 42.33%\n"}
,{"stream_name":"stdout","time":10962.396676646,"data":"类型1 正确率：  90.00% -\u003e 1   89.65%, 2    0.00%, 3   10.35%\n"}
,{"stream_name":"stdout","time":10962.396683906,"data":"类型2 正确率：  27.00% -\u003e 1    0.00%, 2   27.40%, 3   72.60%\n"}
,{"stream_name":"stdout","time":10962.396689409,"data":"类型3 正确率：  10.00% -\u003e 1    0.00%, 2   90.05%, 3    9.95%\n"}
,{"stream_name":"stdout","time":10962.396694831,"data":"\n"}
,{"stream_name":"stdout","time":10962.396699738,"data":"\n"}
,{"stream_name":"stdout","time":10965.619260129,"data":"SHOT pseudo-labels: model 42.33% -\u003e centroid 50.03%\n"}
,{"stream_name":"stderr","time":10978.441108736,"data":"/kaggle/working/shot_k10/S02/sdalr_PU_shot/tar_adaptation_RES_PU.py:114: UserWarning: Converting a tensor with requires_grad=True to a scalar may lead to unexpected behavior.\n"}
,{"stream_name":"stderr","time":10978.441157827,"data":"Consider using tensor.detach() first. (Triggered internally at /pytorch/torch/csrc/autograd/generated/python_variable_methods.cpp:836.)\n"}
,{"stream_name":"stderr","time":10978.441165515,"data":"  iter_num // epoch_len, args.max_epoch, float(classifier_loss), float(im_loss), time.time() - start))\n"}
,{"stream_name":"stdout","time":10978.441132905,"data":"轮次:··1/·20 || cls:1.432 || im:-0.929 || 耗时：22.13s\n"}
,{"stream_name":"stdout","time":10981.705181867,"data":"SHOT pseudo-labels: model 52.28% -\u003e centroid 52.37%\n"}
,{"stream_name":"stdout","time":10994.850008175,"data":"轮次:··2/·20 || cls:1.431 || im:-0.772 || 耗时：16.41s\n"}
,{"stream_name":"stdout","time":10998.150161294,"data":"SHOT pseudo-labels: model 54.18% -\u003e centroid 60.17%\n"}
,{"stream_name":"stdout","time":11011.053203753,"data":"轮次:··3/·20 || cls:1.076 || im:-0.723 || 耗时：16.20s\n"}
,{"stream_name":"stdout","time":11014.281152388,"data":"SHOT pseudo-labels: model 51.42% -\u003e centroid 64.02%\n"}
,{"stream_name":"stdout","time":11026.762468532,"data":"轮次:··4/·20 || cls:1.068 || im:-0.771 || 耗时：15.71s\n"}
,{"stream_name":"stdout","time":11029.918153176,"data":"SHOT pseudo-labels: model 51.45% -\u003e centroid 62.07%\n"}
,{"stream_name":"stdout","time":11042.316289572,"data":"轮次:··5/·20 || cls:0.750 || im:-0.659 || 耗时：15.55s\n"}
,{"stream_name":"stdout","time":11045.464169191,"data":"SHOT pseudo-labels: model 52.90% -\u003e centroid 64.23%\n"}
,{"stream_name":"stdout","time":11058.014049052,"data":"轮次:··6/·20 || cls:0.765 || im:-0.651 || 耗时：15.70s\n"}
,{"stream_name":"stdout","time":11061.21710047,"data":"SHOT pseudo-labels: model 52.53% -\u003e centroid 64.77%\n"}
,{"stream_name":"stdout","time":11073.938249917,"data":"轮次:··7/·20 || cls:0.964 || im:-0.760 || 耗时：15.92s\n"}
,{"stream_name":"stdout","time":11077.177181965,"data":"SHOT pseudo-labels: model 54.28% -\u003e centroid 64.82%\n"}
,{"stream_name":"stdout","time":11089.964650962,"data":"轮次:··8/·20 || cls:0.841 || im:-0.750 || 耗时：16.03s\n"}
,{"stream_name":"stdout","time":11093.190137708,"data":"SHOT pseudo-labels: model 53.32% -\u003e centroid 65.15%\n"}
,{"stream_name":"stdout","time":11105.844169711,"data":"轮次:··9/·20 || cls:0.668 || im:-0.656 || 耗时：15.88s\n"}
,{"stream_name":"stdout","time":11109.018160356,"data":"SHOT pseudo-labels: model 53.97% -\u003e centroid 64.52%\n"}
,{"stream_name":"stdout","time":11121.593315278,"data":"轮次:·10/·20 || cls:0.670 || im:-0.746 || 耗时：15.75s\n"}
,{"stream_name":"stdout","time":11124.821108636,"data":"SHOT pseudo-labels: model 53.72% -\u003e centroid 64.68%\n"}
,{"stream_name":"stdout","time":11137.411648578,"data":"轮次:·11/·20 || cls:0.730 || im:-0.731 || 耗时：15.82s\n"}
,{"stream_name":"stdout","time":11140.620126365,"data":"SHOT pseudo-labels: model 53.72% -\u003e centroid 64.40%\n"}
,{"stream_name":"stdout","time":11153.257282527,"data":"轮次:·12/·20 || cls:0.847 || im:-0.671 || 耗时：15.85s\n"}
,{"stream_name":"stdout","time":11156.457132284,"data":"SHOT pseudo-labels: model 52.77% -\u003e centroid 63.92%\n"}
,{"stream_name":"stdout","time":11169.125156135,"data":"轮次:·13/·20 || cls:0.863 || im:-0.776 || 耗时：15.87s\n"}
,{"stream_name":"stdout","time":11172.340136109,"data":"SHOT pseudo-labels: model 52.80% -\u003e centroid 63.93%\n"}
,{"stream_name":"stdout","time":11185.016572843,"data":"轮次:·14/·20 || cls:0.677 || im:-0.631 || 耗时：15.89s\n"}
,{"stream_name":"stdout","time":11188.231220095,"data":"SHOT pseudo-labels: model 52.12% -\u003e centroid 63.72%\n"}
,{"stream_name":"stdout","time":11200.854065685,"data":"轮次:·15/·20 || cls:0.872 || im:-0.740 || 耗时：15.84s\n"}
,{"stream_name":"stdout","time":11204.075111175,"data":"SHOT pseudo-labels: model 52.65% -\u003e centroid 63.82%\n"}
,{"stream_name":"stdout","time":11216.677319741,"data":"轮次:·16/·20 || cls:0.888 || im:-0.731 || 耗时：15.82s\n"}
,{"stream_name":"stdout","time":11219.902213335,"data":"SHOT pseudo-labels: model 52.17% -\u003e centroid 63.68%\n"}
,{"stream_name":"stdout","time":11232.501274081,"data":"轮次:·17/·20 || cls:0.878 || im:-0.704 || 耗时：15.82s\n"}
,{"stream_name":"stdout","time":11235.691142172,"data":"SHOT pseudo-labels: model 51.27% -\u003e centroid 63.45%\n"}
,{"stream_name":"stdout","time":11248.280546797,"data":"轮次:·18/·20 || cls:0.819 || im:-0.753 || 耗时：15.78s\n"}
,{"stream_name":"stdout","time":11251.488171681,"data":"SHOT pseudo-labels: model 51.72% -\u003e centroid 63.52%\n"}
,{"stream_name":"stdout","time":11264.067119808,"data":"轮次:·19/·20 || cls:0.802 || im:-0.623 || 耗时：15.79s\n"}
,{"stream_name":"stdout","time":11267.275142576,"data":"SHOT pseudo-labels: model 50.63% -\u003e centroid 61.97%\n"}
,{"stream_name":"stdout","time":11279.866139025,"data":"轮次:·20/·20 || cls:0.636 || im:-0.738 || 耗时：15.80s\n"}
,{"stream_name":"stdout","time":11285.697646108,"data":"测试集任务: (B1)N15_M01_F10→(B2)N15_M07_F10; 总正确率 = 50.87%\n"}
,{"stream_name":"stdout","time":11285.697680493,"data":"类型1 正确率： 100.00% -\u003e 1   99.95%, 2    0.00%, 3    0.05%\n"}
,{"stream_name":"stdout","time":11285.697687113,"data":"类型2 正确率：  23.00% -\u003e 1    0.05%, 2   22.65%, 3   77.30%\n"}
,{"stream_name":"stdout","time":11285.697693473,"data":"类型3 正确率：  30.00% -\u003e 1    0.00%, 2   70.00%, 3   30.00%\n"}
,{"stream_name":"stdout","time":11285.697709708,"data":"\n"}
,{"stream_name":"stdout","time":11285.697712192,"data":"\n"}
,{"stream_name":"stdout","time":11285.712908046,"data":"[tar_adaptation_RES_PU.py --folder_root /kaggle/working/shot_k10/S02/sdalr_PU_shot/DATA_foldS02c --seed 2024 --class_num 3 --data_name PU_M1_L3 --output /kaggle/working/shot_k10/S02/weight_PU_M1_shot_FS02toS02c_s2024 --s 0 --t 1 --lr 0.0005 --threshold 0.4 --K 0.6] 335s\n"}
,{"stream_name":"stdout","time":11285.740568972,"data":"读取源域路径：/kaggle/working/shot_k10/S02/weight_PU_M1_shot_FS02toS02c_s2024/NEW_PU/Source-源域/log\u0026pt/(B1)N15_M01_F10\n"}
,{"stream_name":"stdout","time":11285.740588344,"data":"excel输出位置：/kaggle/working/shot_k10/S02/weight_PU_M1_shot_FS02toS02c_s2024/NEW_PU/Target-目标域\n"}
,{"stream_name":"stdout","time":11285.740667398,"data":"特征图片输出位置：/kaggle/working/shot_k10/S02/weight_PU_M1_shot_FS02toS02c_s2024/NEW_PU/Picture-特征图/2026年09月21日23时14分/(B1)N15_M01_F10\n"}
,{"stream_name":"stderr","time":11285.779714215,"data":"/usr/local/lib/python3.12/dist-packages/torch/nn/utils/weight_norm.py:144: FutureWarning: `torch.nn.utils.weight_norm` is deprecated in favor of `torch.nn.utils.parametrizations.weight_norm`.\n"}
,{"stream_name":"stderr","time":11285.77974922,"data":"  WeightNorm.apply(module, name, dim)\n"}
,{"stream_name":"stdout","time":11285.817236101,"data":"现在选取:(B1)N15_M01_F10 进行训练的源模型\n"}
,{"stream_name":"stdout","time":11285.817256675,"data":"现在进行：(B1)N15_M01_F10→(B3)N15_M07_F04 的迁移任务\n"}
,{"stream_name":"stdout","time":11285.817262089,"data":"log\u0026pt输出位置：/kaggle/working/shot_k10/S02/weight_PU_M1_shot_FS02toS02c_s2024/NEW_PU/Target-目标域/log\u0026pt/(B1)N15_M01_F10→(B3)N15_M07_F04\n"}
,{"stream_name":"stderr","time":11285.818565559,"data":"sh: 1: Syntax error: word unexpected (expecting \")\")\n"}
,{"stream_name":"stdout","time":11296.719672103,"data":"任务: (B1)N15_M01_F10→(B3)N15_M07_F04; 批次:····0/·1880;  总正确率: 56.52%\n"}
,{"stream_name":"stdout","time":11296.719726378,"data":"类型1 正确率：  98.00% -\u003e 1   98.45%, 2    0.00%, 3    1.55%\n"}
,{"stream_name":"stdout","time":11296.719734398,"data":"类型2 正确率：  12.00% -\u003e 1    0.10%, 2   12.40%, 3   87.50%\n"}
,{"stream_name":"stdout","time":11296.719740222,"data":"类型3 正确率：  59.00% -\u003e 1    0.00%, 2   41.30%, 3   58.70%\n"}
,{"stream_name":"stdout","time":11296.719745566,"data":"\n"}
,{"stream_name":"stdout","time":11296.719749777,"data":"\n"}
,{"stream_name":"stdout","time":11299.897221912,"data":"SHOT pseudo-labels: model 56.52% -\u003e centroid 57.65%\n"}
,{"stream_name":"stdout","time":11312.627312116,"data":"轮次:··1/·20 || cls:1.264 || im:-0.960 || 耗时：21.75s\n"}
,{"stream_name":"stdout","time":11315.869466652,"data":"SHOT pseudo-labels: model 56.18% -\u003e centroid 56.52%\n"}
,{"stream_name":"stdout","time":11328.694709182,"data":"轮次:··2/·20 || cls:1.380 || im:-0.877 || 耗时：16.07s\n"}
,{"stream_name":"stdout","time":11331.920169085,"data":"SHOT pseudo-labels: model 56.42% -\u003e centroid 60.48%\n"}
,{"stream_name":"stdout","time":11344.528856931,"data":"轮次:··3/·20 || cls:1.208 || im:-0.750 || 耗时：15.83s\n"}
,{"stream_name":"stdout","time":11347.698101418,"data":"SHOT pseudo-labels: model 54.28% -\u003e centroid 66.70%\n"}
,{"stream_name":"stdout","time":11360.248807684,"data":"轮次:··4/·20 || cls:1.155 || im:-0.785 || 耗时：15.72s\n"}
,{"stream_name":"stdout","time":11363.409172572,"data":"SHOT pseudo-labels: model 53.57% -\u003e centroid 66.27%\n"}
,{"stream_name":"stdout","time":11375.965018395,"data":"轮次:··5/·20 || cls:0.687 || im:-0.699 || 耗时：15.72s\n"}
,{"stream_name":"stdout","time":11379.137163349,"data":"SHOT pseudo-labels: model 52.97% -\u003e centroid 65.07%\n"}
,{"stream_name":"stdout","time":11391.797361664,"data":"轮次:··6/·20 || cls:0.733 || im:-0.657 || 耗时：15.83s\n"}
,{"stream_name":"stdout","time":11395.000147483,"data":"SHOT pseudo-labels: model 52.03% -\u003e centroid 64.53%\n"}
,{"stream_name":"stdout","time":11407.688541065,"data":"轮次:··7/·20 || cls:0.919 || im:-0.731 || 耗时：15.89s\n"}
,{"stream_name":"stdout","time":11410.865160332,"data":"SHOT pseudo-labels: model 51.63% -\u003e centroid 64.40%\n"}
,{"stream_name":"stdout","time":11423.534101277,"data":"轮次:··8/·20 || cls:0.898 || im:-0.771 || 耗时：15.85s\n"}
,{"stream_name":"stdout","time":11426.741165894,"data":"SHOT pseudo-labels: model 51.23% -\u003e centroid 64.30%\n"}
,{"stream_name":"stdout","time":11439.363638025,"data":"轮次:··9/·20 || cls:0.696 || im:-0.668 || 耗时：15.83s\n"}
,{"stream_name":"stdout","time":11442.569909261,"data":"SHOT pseudo-labels: model 51.60% -\u003e centroid 66.50%\n"}
,{"stream_name":"stdout","time":11455.161152066,"data":"轮次:·10/·20 || cls:0.677 || im:-0.800 || 耗时：15.80s\n"}
,{"stream_name":"stdout","time":11458.359161176,"data":"SHOT pseudo-labels: model 51.13% -\u003e centroid 67.23%\n"}
,{"stream_name":"stdout","time":11470.936007707,"data":"轮次:·11/·20 || cls:0.732 || im:-0.610 || 耗时：15.77s\n"}
,{"stream_name":"stdout","time":11474.135188353,"data":"SHOT pseudo-labels: model 50.35% -\u003e centroid 64.87%\n"}
,{"stream_name":"stdout","time":11486.740343505,"data":"轮次:·12/·20 || cls:0.763 || im:-0.657 || 耗时：15.80s\n"}
,{"stream_name":"stdout","time":11489.938087628,"data":"SHOT pseudo-labels: model 48.85% -\u003e centroid 64.32%\n"}
,{"stream_name":"stdout","time":11502.548343164,"data":"轮次:·13/·20 || cls:0.736 || im:-0.763 || 耗时：15.81s\n"}
,{"stream_name":"stdout","time":11505.735152059,"data":"SHOT pseudo-labels: model 50.05% -\u003e centroid 66.57%\n"}
,{"stream_name":"stdout","time":11518.336012637,"data":"轮次:·14/·20 || cls:0.749 || im:-0.609 || 耗时：15.79s\n"}
,{"stream_name":"stdout","time":11521.520162307,"data":"SHOT pseudo-labels: model 49.67% -\u003e centroid 65.93%\n"}
,{"stream_name":"stdout","time":11534.120932761,"data":"轮次:·15/·20 || cls:0.923 || im:-0.740 || 耗时：15.78s\n"}
,{"stream_name":"stdout","time":11537.318221402,"data":"SHOT pseudo-labels: model 49.58% -\u003e centroid 66.15%\n"}
,{"stream_name":"stdout","time":11549.911905393,"data":"轮次:·16/·20 || cls:0.873 || im:-0.724 || 耗时：15.79s\n"}
,{"stream_name":"stdout","time":11553.115335534,"data":"SHOT pseudo-labels: model 48.68% -\u003e centroid 65.07%\n"}
,{"stream_name":"stdout","time":11565.732008938,"data":"轮次:·17/·20 || cls:0.890 || im:-0.628 || 耗时：15.82s\n"}
,{"stream_name":"stdout","time":11568.923167976,"data":"SHOT pseudo-labels: model 47.35% -\u003e centroid 63.72%\n"}
,{"stream_name":"stdout","time":11581.519598094,"data":"轮次:·18/·20 || cls:0.926 || im:-0.761 || 耗时：15.79s\n"}
,{"stream_name":"stdout","time":11584.760165992,"data":"SHOT pseudo-labels: model 47.72% -\u003e centroid 64.55%\n"}
,{"stream_name":"stdout","time":11597.357944954,"data":"轮次:·19/·20 || cls:0.869 || im:-0.666 || 耗时：15.84s\n"}
,{"stream_name":"stdout","time":11600.566176183,"data":"SHOT pseudo-labels: model 47.60% -\u003e centroid 64.75%\n"}
,{"stream_name":"stdout","time":11613.170767442,"data":"轮次:·20/·20 || cls:0.604 || im:-0.676 || 耗时：15.81s\n"}
,{"stream_name":"stdout","time":11619.01346616,"data":"测试集任务: (B1)N15_M01_F10→(B3)N15_M07_F04; 总正确率 = 47.55%\n"}
,{"stream_name":"stdout","time":11619.013525429,"data":"类型1 正确率： 100.00% -\u003e 1   99.95%, 2    0.05%, 3    0.00%\n"}
,{"stream_name":"stdout","time":11619.013548408,"data":"类型2 正确率：  18.00% -\u003e 1    0.00%, 2   17.80%, 3   82.20%\n"}
,{"stream_name":"stdout","time":11619.013552816,"data":"类型3 正确率：  25.00% -\u003e 1    0.00%, 2   75.10%, 3   24.90%\n"}
,{"stream_name":"stdout","time":11619.013556904,"data":"\n"}
,{"stream_name":"stdout","time":11619.013560679,"data":"\n"}
,{"stream_name":"stdout","time":11619.033801099,"data":"[tar_adaptation_RES_PU.py --folder_root /kaggle/working/shot_k10/S02/sdalr_PU_shot/DATA_foldS02c --seed 2024 --class_num 3 --data_name PU_M1_L3 --output /kaggle/working/shot_k10/S02/weight_PU_M1_shot_FS02toS02c_s2024 --s 0 --t 2 --lr 0.0005 --threshold 0.4 --K 0.6] 333s\n"}
,{"stream_name":"stdout","time":11619.073388149,"data":"读取源域路径：/kaggle/working/shot_k10/S02/weight_PU_M1_shot_FS02toS02c_s2024/NEW_PU/Source-源域/log\u0026pt/(B2)N15_M07_F10\n"}
,{"stream_name":"stdout","time":11619.073408767,"data":"excel输出位置：/kaggle/working/shot_k10/S02/weight_PU_M1_shot_FS02toS02c_s2024/NEW_PU/Target-目标域\n"}
,{"stream_name":"stdout","time":11619.073530708,"data":"特征图片输出位置：/kaggle/working/shot_k10/S02/weight_PU_M1_shot_FS02toS02c_s2024/NEW_PU/Picture-特征图/2026年09月21日23时20分/(B2)N15_M07_F10\n"}
,{"stream_name":"stderr","time":11619.107369145,"data":"/usr/local/lib/python3.12/dist-packages/torch/nn/utils/weight_norm.py:144: FutureWarning: `torch.nn.utils.weight_norm` is deprecated in favor of `torch.nn.utils.parametrizations.weight_norm`.\n"}
,{"stream_name":"stderr","time":11619.107388245,"data":"  WeightNorm.apply(module, name, dim)\n"}
,{"stream_name":"stdout","time":11619.146348128,"data":"现在选取:(B2)N15_M07_F10 进行训练的源模型\n"}
,{"stream_name":"stdout","time":11619.146373457,"data":"现在进行：(B2)N15_M07_F10→(B1)N15_M01_F10 的迁移任务\n"}
,{"stream_name":"stdout","time":11619.146378492,"data":"log\u0026pt输出位置：/kaggle/working/shot_k10/S02/weight_PU_M1_shot_FS02toS02c_s2024/NEW_PU/Target-目标域/log\u0026pt/(B2)N15_M07_F10→(B1)N15_M01_F10\n"}
,{"stream_name":"stderr","time":11619.147725996,"data":"sh: 1: Syntax error: word unexpected (expecting \")\")\n"}
,{"stream_name":"stdout","time":11630.008776583,"data":"任务: (B2)N15_M07_F10→(B1)N15_M01_F10; 批次:····0/·1880;  总正确率: 49.62%\n"}
,{"stream_name":"stdout","time":11630.008812435,"data":"类型1 正确率： 100.00% -\u003e 1  100.00%, 2    0.00%, 3    0.00%\n"}
,{"stream_name":"stdout","time":11630.008816369,"data":"类型2 正确率：   5.00% -\u003e 1    1.25%, 2    4.95%, 3   93.80%\n"}
,{"stream_name":"stdout","time":11630.008818966,"data":"类型3 正确率：  44.00% -\u003e 1    0.20%, 2   55.90%, 3   43.90%\n"}
,{"stream_name":"stdout","time":11630.00882176,"data":"\n"}
,{"stream_name":"stdout","time":11630.008823952,"data":"\n"}
,{"stream_name":"stdout","time":11633.183203028,"data":"SHOT pseudo-labels: model 49.62% -\u003e centroid 49.35%\n"}
,{"stream_name":"stdout","time":11645.887824416,"data":"轮次:··1/·20 || cls:1.555 || im:-0.941 || 耗时：21.71s\n"}
,{"stream_name":"stdout","time":11649.144174715,"data":"SHOT pseudo-labels: model 58.12% -\u003e centroid 56.40%\n"}
,{"stream_name":"stdout","time":11661.972635534,"data":"轮次:··2/·20 || cls:1.246 || im:-0.779 || 耗时：16.08s\n"}
,{"stream_name":"stdout","time":11665.20312905,"data":"SHOT pseudo-labels: model 62.80% -\u003e centroid 60.45%\n"}
,{"stream_name":"stdout","time":11677.852842328,"data":"轮次:··3/·20 || cls:0.949 || im:-0.716 || 耗时：15.88s\n"}
,{"stream_name":"stdout","time":11681.042180832,"data":"SHOT pseudo-labels: model 64.30% -\u003e centroid 66.53%\n"}
,{"stream_name":"stdout","time":11693.601767966,"data":"轮次:··4/·20 || cls:0.838 || im:-0.790 || 耗时：15.75s\n"}
,{"stream_name":"stdout","time":11696.800156762,"data":"SHOT pseudo-labels: model 67.52% -\u003e centroid 68.42%\n"}
,{"stream_name":"stdout","time":11709.381115889,"data":"轮次:··5/·20 || cls:0.972 || im:-0.748 || 耗时：15.78s\n"}
,{"stream_name":"stdout","time":11712.584147467,"data":"SHOT pseudo-labels: model 70.13% -\u003e centroid 67.42%\n"}
,{"stream_name":"stdout","time":11725.209508388,"data":"轮次:··6/·20 || cls:0.978 || im:-0.761 || 耗时：15.83s\n"}
,{"stream_name":"stdout","time":11728.410192089,"data":"SHOT pseudo-labels: model 72.50% -\u003e centroid 67.03%\n"}
,{"stream_name":"stdout","time":11741.086134134,"data":"轮次:··7/·20 || cls:0.757 || im:-0.661 || 耗时：15.88s\n"}
,{"stream_name":"stdout","time":11744.328210736,"data":"SHOT pseudo-labels: model 71.88% -\u003e centroid 68.08%\n"}
,{"stream_name":"stdout","time":11756.988681385,"data":"轮次:··8/·20 || cls:0.905 || im:-0.741 || 耗时：15.90s\n"}
,{"stream_name":"stdout","time":11760.183208167,"data":"SHOT pseudo-labels: model 73.30% -\u003e centroid 65.37%\n"}
,{"stream_name":"stdout","time":11772.813569534,"data":"轮次:··9/·20 || cls:0.792 || im:-0.755 || 耗时：15.82s\n"}
,{"stream_name":"stdout","time":11776.027204893,"data":"SHOT pseudo-labels: model 73.43% -\u003e centroid 64.65%\n"}
,{"stream_name":"stdout","time":11788.638108926,"data":"轮次:·10/·20 || cls:0.591 || im:-0.750 || 耗时：15.82s\n"}
,{"stream_name":"stdout","time":11791.86415,"data":"SHOT pseudo-labels: model 73.73% -\u003e centroid 64.85%\n"}
,{"stream_name":"stdout","time":11804.510979674,"data":"轮次:·11/·20 || cls:0.631 || im:-0.626 || 耗时：15.87s\n"}
,{"stream_name":"stdout","time":11807.749200352,"data":"SHOT pseudo-labels: model 73.90% -\u003e centroid 66.23%\n"}
,{"stream_name":"stdout","time":11820.362011847,"data":"轮次:·12/·20 || cls:0.770 || im:-0.770 || 耗时：15.85s\n"}
,{"stream_name":"stdout","time":11823.6398118,"data":"SHOT pseudo-labels: model 73.63% -\u003e centroid 65.23%\n"}
,{"stream_name":"stdout","time":11836.272557172,"data":"轮次:·13/·20 || cls:0.702 || im:-0.758 || 耗时：15.91s\n"}
,{"stream_name":"stdout","time":11839.565120966,"data":"SHOT pseudo-labels: model 73.57% -\u003e centroid 64.83%\n"}
,{"stream_name":"stdout","time":11852.223681747,"data":"轮次:·14/·20 || cls:0.666 || im:-0.661 || 耗时：15.95s\n"}
,{"stream_name":"stdout","time":11855.498110367,"data":"SHOT pseudo-labels: model 73.42% -\u003e centroid 64.90%\n"}
,{"stream_name":"stdout","time":11868.173514266,"data":"轮次:·15/·20 || cls:0.854 || im:-0.668 || 耗时：15.95s\n"}
,{"stream_name":"stdout","time":11871.458171026,"data":"SHOT pseudo-labels: model 73.68% -\u003e centroid 65.18%\n"}
,{"stream_name":"stdout","time":11884.141770096,"data":"轮次:·16/·20 || cls:0.822 || im:-0.741 || 耗时：15.97s\n"}
,{"stream_name":"stdout","time":11887.404160223,"data":"SHOT pseudo-labels: model 73.23% -\u003e centroid 63.90%\n"}
,{"stream_name":"stdout","time":11900.067667859,"data":"轮次:·17/·20 || cls:0.944 || im:-0.729 || 耗时：15.93s\n"}
,{"stream_name":"stdout","time":11903.349523537,"data":"SHOT pseudo-labels: model 73.10% -\u003e centroid 62.97%\n"}
,{"stream_name":"stdout","time":11916.021183802,"data":"轮次:·18/·20 || cls:0.864 || im:-0.748 || 耗时：15.95s\n"}
,{"stream_name":"stdout","time":11919.228150827,"data":"SHOT pseudo-labels: model 73.13% -\u003e centroid 63.57%\n"}
,{"stream_name":"stdout","time":11931.901440091,"data":"轮次:·19/·20 || cls:0.893 || im:-0.759 || 耗时：15.88s\n"}
,{"stream_name":"stdout","time":11935.129180304,"data":"SHOT pseudo-labels: model 73.27% -\u003e centroid 62.55%\n"}
,{"stream_name":"stdout","time":11947.792314279,"data":"轮次:·20/·20 || cls:0.642 || im:-0.765 || 耗时：15.89s\n"}
,{"stream_name":"stdout","time":11953.667043613,"data":"测试集任务: (B2)N15_M07_F10→(B1)N15_M01_F10; 总正确率 = 73.07%\n"}
,{"stream_name":"stdout","time":11953.66709248,"data":"类型1 正确率： 100.00% -\u003e 1   99.95%, 2    0.05%, 3    0.00%\n"}
,{"stream_name":"stdout","time":11953.667100778,"data":"类型2 正确率：  52.00% -\u003e 1    0.10%, 2   52.40%, 3   47.50%\n"}
,{"stream_name":"stdout","time":11953.667106405,"data":"类型3 正确率：  67.00% -\u003e 1    0.00%, 2   33.15%, 3   66.85%\n"}
,{"stream_name":"stdout","time":11953.667111496,"data":"\n"}
,{"stream_name":"stdout","time":11953.667115806,"data":"\n"}
,{"stream_name":"stdout","time":11953.686195636,"data":"[tar_adaptation_RES_PU.py --folder_root /kaggle/working/shot_k10/S02/sdalr_PU_shot/DATA_foldS02c --seed 2024 --class_num 3 --data_name PU_M1_L3 --output /kaggle/working/shot_k10/S02/weight_PU_M1_shot_FS02toS02c_s2024 --s 1 --t 0 --lr 0.0005 --threshold 0.4 --K 0.6] 335s\n"}
,{"stream_name":"stdout","time":11953.713914889,"data":"读取源域路径：/kaggle/working/shot_k10/S02/weight_PU_M1_shot_FS02toS02c_s2024/NEW_PU/Source-源域/log\u0026pt/(B2)N15_M07_F10\n"}
,{"stream_name":"stdout","time":11953.713939658,"data":"excel输出位置：/kaggle/working/shot_k10/S02/weight_PU_M1_shot_FS02toS02c_s2024/NEW_PU/Target-目标域\n"}
,{"stream_name":"stdout","time":11953.713945667,"data":"特征图片输出位置：/kaggle/working/shot_k10/S02/weight_PU_M1_shot_FS02toS02c_s2024/NEW_PU/Picture-特征图/2026年09月21日23时25分/(B2)N15_M07_F10\n"}
,{"stream_name":"stderr","time":11953.74713615,"data":"/usr/local/lib/python3.12/dist-packages/torch/nn/utils/weight_norm.py:144: FutureWarning: `torch.nn.utils.weight_norm` is deprecated in favor of `torch.nn.utils.parametrizations.weight_norm`.\n"}
,{"stream_name":"stderr","time":11953.747163067,"data":"  WeightNorm.apply(module, name, dim)\n"}
,{"stream_name":"stdout","time":11953.788683695,"data":"现在选取:(B2)N15_M07_F10 进行训练的源模型\n"}
,{"stream_name":"stdout","time":11953.788714016,"data":"现在进行：(B2)N15_M07_F10→(B3)N15_M07_F04 的迁移任务\n"}
,{"stream_name":"stdout","time":11953.788719988,"data":"log\u0026pt输出位置：/kaggle/working/shot_k10/S02/weight_PU_M1_shot_FS02toS02c_s2024/NEW_PU/Target-目标域/log\u0026pt/(B2)N15_M07_F10→(B3)N15_M07_F04\n"}
,{"stream_name":"stderr","time":11953.789996691,"data":"sh: 1: Syntax error: word unexpected (expecting \")\")\n"}
,{"stream_name":"stdout","time":11964.578795298,"data":"任务: (B2)N15_M07_F10→(B3)N15_M07_F04; 批次:····0/·1880;  总正确率: 63.78%\n"}
,{"stream_name":"stdout","time":11964.578837153,"data":"类型1 正确率： 100.00% -\u003e 1  100.00%, 2    0.00%, 3    0.00%\n"}
,{"stream_name":"stdout","time":11964.578844585,"data":"类型2 正确率：   5.00% -\u003e 1    0.10%, 2    4.90%, 3   95.00%\n"}
,{"stream_name":"stdout","time":11964.578850697,"data":"类型3 正确率：  86.00% -\u003e 1    0.00%, 2   13.55%, 3   86.45%\n"}
,{"stream_name":"stdout","time":11964.578855586,"data":"\n"}
,{"stream_name":"stdout","time":11964.578859805,"data":"\n"}
,{"stream_name":"stdout","time":11967.79013499,"data":"SHOT pseudo-labels: model 63.78% -\u003e centroid 53.33%\n"}
,{"stream_name":"stdout","time":11980.541302645,"data":"轮次:··1/·20 || cls:1.303 || im:-0.943 || 耗时：21.80s\n"}
,{"stream_name":"stdout","time":11983.809176986,"data":"SHOT pseudo-labels: model 62.32% -\u003e centroid 61.27%\n"}
,{"stream_name":"stdout","time":11996.615492401,"data":"轮次:··2/·20 || cls:1.656 || im:-0.898 || 耗时：16.07s\n"}
,{"stream_name":"stdout","time":11999.850170131,"data":"SHOT pseudo-labels: model 62.27% -\u003e centroid 63.62%\n"}
,{"stream_name":"stdout","time":12012.498533774,"data":"轮次:··3/·20 || cls:1.288 || im:-0.804 || 耗时：15.88s\n"}
,{"stream_name":"stdout","time":12015.686301815,"data":"SHOT pseudo-labels: model 60.43% -\u003e centroid 62.82%\n"}
,{"stream_name":"stdout","time":12028.260400454,"data":"轮次:··4/·20 || cls:0.900 || im:-0.740 || 耗时：15.76s\n"}
,{"stream_name":"stdout","time":12031.441139042,"data":"SHOT pseudo-labels: model 60.90% -\u003e centroid 62.17%\n"}
,{"stream_name":"stdout","time":12044.038105419,"data":"轮次:··5/·20 || cls:0.995 || im:-0.745 || 耗时：15.78s\n"}
,{"stream_name":"stdout","time":12047.22821309,"data":"SHOT pseudo-labels: model 63.80% -\u003e centroid 68.07%\n"}
,{"stream_name":"stdout","time":12059.890060035,"data":"轮次:··6/·20 || cls:0.971 || im:-0.833 || 耗时：15.85s\n"}
,{"stream_name":"stdout","time":12063.109105388,"data":"SHOT pseudo-labels: model 66.77% -\u003e centroid 69.72%\n"}
,{"stream_name":"stdout","time":12075.780177203,"data":"轮次:··7/·20 || cls:0.756 || im:-0.753 || 耗时：15.89s\n"}
,{"stream_name":"stdout","time":12078.983201608,"data":"SHOT pseudo-labels: model 66.30% -\u003e centroid 70.23%\n"}
,{"stream_name":"stdout","time":12091.623455019,"data":"轮次:··8/·20 || cls:0.949 || im:-0.729 || 耗时：15.84s\n"}
,{"stream_name":"stdout","time":12094.838184328,"data":"SHOT pseudo-labels: model 69.15% -\u003e centroid 69.13%\n"}
,{"stream_name":"stdout","time":12107.455738471,"data":"轮次:··9/·20 || cls:0.723 || im:-0.769 || 耗时：15.83s\n"}
,{"stream_name":"stdout","time":12110.64615545,"data":"SHOT pseudo-labels: model 69.48% -\u003e centroid 68.78%\n"}
,{"stream_name":"stdout","time":12123.195019582,"data":"轮次:·10/·20 || cls:0.588 || im:-0.683 || 耗时：15.74s\n"}
,{"stream_name":"stdout","time":12126.362144735,"data":"SHOT pseudo-labels: model 69.95% -\u003e centroid 68.38%\n"}
,{"stream_name":"stdout","time":12138.947184637,"data":"轮次:·11/·20 || cls:0.725 || im:-0.663 || 耗时：15.75s\n"}
,{"stream_name":"stdout","time":12142.142131141,"data":"SHOT pseudo-labels: model 70.40% -\u003e centroid 69.47%\n"}
,{"stream_name":"stdout","time":12154.820313318,"data":"轮次:·12/·20 || cls:0.792 || im:-0.814 || 耗时：15.87s\n"}
,{"stream_name":"stdout","time":12158.039146686,"data":"SHOT pseudo-labels: model 71.33% -\u003e centroid 68.60%\n"}
,{"stream_name":"stdout","time":12170.735161123,"data":"轮次:·13/·20 || cls:0.825 || im:-0.742 || 耗时：15.91s\n"}
,{"stream_name":"stdout","time":12173.948163109,"data":"SHOT pseudo-labels: model 70.92% -\u003e centroid 68.23%\n"}
,{"stream_name":"stdout","time":12186.575918892,"data":"轮次:·14/·20 || cls:0.666 || im:-0.669 || 耗时：15.84s\n"}
,{"stream_name":"stdout","time":12189.754163821,"data":"SHOT pseudo-labels: model 71.48% -\u003e centroid 68.33%\n"}
,{"stream_name":"stdout","time":12202.302267721,"data":"轮次:·15/·20 || cls:0.764 || im:-0.780 || 耗时：15.73s\n"}
,{"stream_name":"stdout","time":12205.490165683,"data":"SHOT pseudo-labels: model 71.35% -\u003e centroid 68.67%\n"}
,{"stream_name":"stdout","time":12218.096549007,"data":"轮次:·16/·20 || cls:0.799 || im:-0.692 || 耗时：15.79s\n"}
,{"stream_name":"stdout","time":12221.328162207,"data":"SHOT pseudo-labels: model 71.47% -\u003e centroid 68.02%\n"}
,{"stream_name":"stdout","time":12233.982489956,"data":"轮次:·17/·20 || cls:0.866 || im:-0.744 || 耗时：15.89s\n"}
,{"stream_name":"stdout","time":12237.191289667,"data":"SHOT pseudo-labels: model 72.15% -\u003e centroid 66.73%\n"}
,{"stream_name":"stdout","time":12249.86164849,"data":"轮次:·18/·20 || cls:0.765 || im:-0.691 || 耗时：15.88s\n"}
,{"stream_name":"stdout","time":12253.074145867,"data":"SHOT pseudo-labels: model 71.97% -\u003e centroid 67.10%\n"}
,{"stream_name":"stdout","time":12265.716121352,"data":"轮次:·19/·20 || cls:0.842 || im:-0.758 || 耗时：15.85s\n"}
,{"stream_name":"stdout","time":12268.917161891,"data":"SHOT pseudo-labels: model 71.97% -\u003e centroid 66.68%\n"}
,{"stream_name":"stdout","time":12281.538177753,"data":"轮次:·20/·20 || cls:0.616 || im:-0.740 || 耗时：15.82s\n"}
,{"stream_name":"stdout","time":12287.379766411,"data":"测试集任务: (B2)N15_M07_F10→(B3)N15_M07_F04; 总正确率 = 72.42%\n"}
,{"stream_name":"stdout","time":12287.379811094,"data":"类型1 正确率： 100.00% -\u003e 1   99.95%, 2    0.05%, 3    0.00%\n"}
,{"stream_name":"stdout","time":12287.379818589,"data":"类型2 正确率：  51.00% -\u003e 1    0.00%, 2   50.85%, 3   49.15%\n"}
,{"stream_name":"stdout","time":12287.37982393,"data":"类型3 正确率：  66.00% -\u003e 1    0.00%, 2   33.55%, 3   66.45%\n"}
,{"stream_name":"stdout","time":12287.379829358,"data":"\n"}
,{"stream_name":"stdout","time":12287.379834332,"data":"\n"}
,{"stream_name":"stdout","time":12287.39774749,"data":"[tar_adaptation_RES_PU.py --folder_root /kaggle/working/shot_k10/S02/sdalr_PU_shot/DATA_foldS02c --seed 2024 --class_num 3 --data_name PU_M1_L3 --output /kaggle/working/shot_k10/S02/weight_PU_M1_shot_FS02toS02c_s2024 --s 1 --t 2 --lr 0.0005 --threshold 0.4 --K 0.6] 334s\n"}
,{"stream_name":"stdout","time":12287.425578007,"data":"读取源域路径：/kaggle/working/shot_k10/S02/weight_PU_M1_shot_FS02toS02c_s2024/NEW_PU/Source-源域/log\u0026pt/(B3)N15_M07_F04\n"}
,{"stream_name":"stdout","time":12287.42559753,"data":"excel输出位置：/kaggle/working/shot_k10/S02/weight_PU_M1_shot_FS02toS02c_s2024/NEW_PU/Target-目标域\n"}
,{"stream_name":"stdout","time":12287.425644003,"data":"特征图片输出位置：/kaggle/working/shot_k10/S02/weight_PU_M1_shot_FS02toS02c_s2024/NEW_PU/Picture-特征图/2026年09月21日23时31分/(B3)N15_M07_F04\n"}
,{"stream_name":"stderr","time":12287.457957008,"data":"/usr/local/lib/python3.12/dist-packages/torch/nn/utils/weight_norm.py:144: FutureWarning: `torch.nn.utils.weight_norm` is deprecated in favor of `torch.nn.utils.parametrizations.weight_norm`.\n"}
,{"stream_name":"stderr","time":12287.4579842,"data":"  WeightNorm.apply(module, name, dim)\n"}
,{"stream_name":"stdout","time":12287.495946983,"data":"现在选取:(B3)N15_M07_F04 进行训练的源模型\n"}
,{"stream_name":"stdout","time":12287.495970136,"data":"现在进行：(B3)N15_M07_F04→(B1)N15_M01_F10 的迁移任务\n"}
,{"stream_name":"stdout","time":12287.495976009,"data":"log\u0026pt输出位置：/kaggle/working/shot_k10/S02/weight_PU_M1_shot_FS02toS02c_s2024/NEW_PU/Target-目标域/log\u0026pt/(B3)N15_M07_F04→(B1)N15_M01_F10\n"}
,{"stream_name":"stderr","time":12287.497387411,"data":"sh: 1: Syntax error: word unexpected (expecting \")\")\n"}
,{"stream_name":"stdout","time":12298.355941077,"data":"任务: (B3)N15_M07_F04→(B1)N15_M01_F10; 批次:····0/·1880;  总正确率: 52.90%\n"}
,{"stream_name":"stdout","time":12298.355981578,"data":"类型1 正确率： 100.00% -\u003e 1   99.75%, 2    0.00%, 3    0.25%\n"}
,{"stream_name":"stdout","time":12298.355989031,"data":"类型2 正确率：  59.00% -\u003e 1    0.40%, 2   58.95%, 3   40.65%\n"}
,{"stream_name":"stdout","time":12298.355996354,"data":"类型3 正确率：   0.00% -\u003e 1    0.05%, 2   99.95%, 3    0.00%\n"}
,{"stream_name":"stdout","time":12298.356004456,"data":"\n"}
,{"stream_name":"stdout","time":12298.356008005,"data":"\n"}
,{"stream_name":"stdout","time":12301.543196151,"data":"SHOT pseudo-labels: model 52.90% -\u003e centroid 48.82%\n"}
,{"stream_name":"stdout","time":12314.249883069,"data":"轮次:··1/·20 || cls:1.273 || im:-0.932 || 耗时：21.71s\n"}
,{"stream_name":"stdout","time":12317.508655838,"data":"SHOT pseudo-labels: model 36.68% -\u003e centroid 38.67%\n"}
,{"stream_name":"stdout","time":12330.414605462,"data":"轮次:··2/·20 || cls:1.320 || im:-0.871 || 耗时：16.16s\n"}
,{"stream_name":"stdout","time":12333.654677561,"data":"SHOT pseudo-labels: model 43.18% -\u003e centroid 55.33%\n"}
,{"stream_name":"stdout","time":12346.296687689,"data":"轮次:··3/·20 || cls:0.928 || im:-0.743 || 耗时：15.88s\n"}
,{"stream_name":"stdout","time":12349.489194556,"data":"SHOT pseudo-labels: model 46.08% -\u003e centroid 61.97%\n"}
,{"stream_name":"stdout","time":12362.034210374,"data":"轮次:··4/·20 || cls:0.885 || im:-0.785 || 耗时：15.74s\n"}
,{"stream_name":"stdout","time":12365.244934833,"data":"SHOT pseudo-labels: model 47.80% -\u003e centroid 64.72%\n"}
,{"stream_name":"stdout","time":12377.809421668,"data":"轮次:··5/·20 || cls:0.684 || im:-0.738 || 耗时：15.78s\n"}
,{"stream_name":"stdout","time":12381.015152667,"data":"SHOT pseudo-labels: model 47.90% -\u003e centroid 65.88%\n"}
,{"stream_name":"stdout","time":12393.709296533,"data":"轮次:··6/·20 || cls:0.713 || im:-0.762 || 耗时：15.90s\n"}
,{"stream_name":"stdout","time":12396.939167183,"data":"SHOT pseudo-labels: model 48.58% -\u003e centroid 66.40%\n"}
,{"stream_name":"stdout","time":12409.648916723,"data":"轮次:··7/·20 || cls:0.953 || im:-0.759 || 耗时：15.94s\n"}
,{"stream_name":"stdout","time":12412.863350881,"data":"SHOT pseudo-labels: model 49.00% -\u003e centroid 65.23%\n"}
,{"stream_name":"stdout","time":12425.494124542,"data":"轮次:··8/·20 || cls:0.898 || im:-0.739 || 耗时：15.85s\n"}
,{"stream_name":"stdout","time":12428.697143445,"data":"SHOT pseudo-labels: model 48.77% -\u003e centroid 66.68%\n"}
,{"stream_name":"stdout","time":12441.286820116,"data":"轮次:··9/·20 || cls:0.573 || im:-0.713 || 耗时：15.79s\n"}
,{"stream_name":"stdout","time":12444.521035554,"data":"SHOT pseudo-labels: model 48.92% -\u003e centroid 67.78%\n"}
,{"stream_name":"stdout","time":12457.154056661,"data":"轮次:·10/·20 || cls:0.679 || im:-0.711 || 耗时：15.87s\n"}
,{"stream_name":"stdout","time":12460.354147827,"data":"SHOT pseudo-labels: model 49.25% -\u003e centroid 67.10%\n"}
,{"stream_name":"stdout","time":12473.007693448,"data":"轮次:·11/·20 || cls:0.957 || im:-0.795 || 耗时：15.85s\n"}
,{"stream_name":"stdout","time":12476.228724164,"data":"SHOT pseudo-labels: model 48.08% -\u003e centroid 66.05%\n"}
,{"stream_name":"stdout","time":12488.902476765,"data":"轮次:·12/·20 || cls:0.845 || im:-0.716 || 耗时：15.89s\n"}
,{"stream_name":"stdout","time":12492.087156651,"data":"SHOT pseudo-labels: model 47.88% -\u003e centroid 66.62%\n"}
,{"stream_name":"stdout","time":12504.773122802,"data":"轮次:·13/·20 || cls:0.870 || im:-0.809 || 耗时：15.87s\n"}
,{"stream_name":"stdout","time":12507.964145122,"data":"SHOT pseudo-labels: model 48.20% -\u003e centroid 66.78%\n"}
,{"stream_name":"stdout","time":12520.619450871,"data":"轮次:·14/·20 || cls:0.772 || im:-0.720 || 耗时：15.85s\n"}
,{"stream_name":"stdout","time":12523.842178527,"data":"SHOT pseudo-labels: model 48.08% -\u003e centroid 66.82%\n"}
,{"stream_name":"stdout","time":12536.464397483,"data":"轮次:·15/·20 || cls:0.828 || im:-0.778 || 耗时：15.84s\n"}
,{"stream_name":"stdout","time":12539.650228372,"data":"SHOT pseudo-labels: model 48.15% -\u003e centroid 66.08%\n"}
,{"stream_name":"stdout","time":12552.27020407,"data":"轮次:·16/·20 || cls:0.804 || im:-0.671 || 耗时：15.81s\n"}
,{"stream_name":"stdout","time":12555.454165851,"data":"SHOT pseudo-labels: model 48.03% -\u003e centroid 67.15%\n"}
,{"stream_name":"stdout","time":12568.055570643,"data":"轮次:·17/·20 || cls:0.758 || im:-0.692 || 耗时：15.79s\n"}
,{"stream_name":"stdout","time":12571.248141943,"data":"SHOT pseudo-labels: model 47.28% -\u003e centroid 67.72%\n"}
,{"stream_name":"stdout","time":12583.883290477,"data":"轮次:·18/·20 || cls:0.776 || im:-0.713 || 耗时：15.83s\n"}
,{"stream_name":"stdout","time":12587.071149761,"data":"SHOT pseudo-labels: model 46.98% -\u003e centroid 66.67%\n"}
,{"stream_name":"stdout","time":12599.741423561,"data":"轮次:·19/·20 || cls:0.807 || im:-0.655 || 耗时：15.86s\n"}
,{"stream_name":"stdout","time":12602.962174443,"data":"SHOT pseudo-labels: model 46.72% -\u003e centroid 67.25%\n"}
,{"stream_name":"stdout","time":12615.634872992,"data":"轮次:·20/·20 || cls:0.672 || im:-0.718 || 耗时：15.89s\n"}
,{"stream_name":"stdout","time":12621.457130681,"data":"测试集任务: (B3)N15_M07_F04→(B1)N15_M01_F10; 总正确率 = 46.68%\n"}
,{"stream_name":"stdout","time":12621.457160942,"data":"类型1 正确率： 100.00% -\u003e 1   99.95%, 2    0.05%, 3    0.00%\n"}
,{"stream_name":"stdout","time":12621.457167558,"data":"类型2 正确率：  14.00% -\u003e 1    0.05%, 2   13.75%, 3   86.20%\n"}
,{"stream_name":"stdout","time":12621.457172524,"data":"类型3 正确率：  26.00% -\u003e 1    0.00%, 2   73.65%, 3   26.35%\n"}
,{"stream_name":"stdout","time":12621.457177666,"data":"\n"}
,{"stream_name":"stdout","time":12621.45718209,"data":"\n"}
,{"stream_name":"stdout","time":12621.475264592,"data":"[tar_adaptation_RES_PU.py --folder_root /kaggle/working/shot_k10/S02/sdalr_PU_shot/DATA_foldS02c --seed 2024 --class_num 3 --data_name PU_M1_L3 --output /kaggle/working/shot_k10/S02/weight_PU_M1_shot_FS02toS02c_s2024 --s 2 --t 0 --lr 0.0005 --threshold 0.4 --K 0.6] 334s\n"}
,{"stream_name":"stdout","time":12621.502637495,"data":"读取源域路径：/kaggle/working/shot_k10/S02/weight_PU_M1_shot_FS02toS02c_s2024/NEW_PU/Source-源域/log\u0026pt/(B3)N15_M07_F04\n"}
,{"stream_name":"stdout","time":12621.502658405,"data":"excel输出位置：/kaggle/working/shot_k10/S02/weight_PU_M1_shot_FS02toS02c_s2024/NEW_PU/Target-目标域\n"}
,{"stream_name":"stdout","time":12621.502675019,"data":"特征图片输出位置：/kaggle/working/shot_k10/S02/weight_PU_M1_shot_FS02toS02c_s2024/NEW_PU/Picture-特征图/2026年09月21日23时36分/(B3)N15_M07_F04\n"}
,{"stream_name":"stderr","time":12621.53512971,"data":"/usr/local/lib/python3.12/dist-packages/torch/nn/utils/weight_norm.py:144: FutureWarning: `torch.nn.utils.weight_norm` is deprecated in favor of `torch.nn.utils.parametrizations.weight_norm`.\n"}
,{"stream_name":"stderr","time":12621.535150849,"data":"  WeightNorm.apply(module, name, dim)\n"}
,{"stream_name":"stdout","time":12621.572965522,"data":"现在选取:(B3)N15_M07_F04 进行训练的源模型\n"}
,{"stream_name":"stdout","time":12621.572986397,"data":"现在进行：(B3)N15_M07_F04→(B2)N15_M07_F10 的迁移任务\n"}
,{"stream_name":"stdout","time":12621.572992548,"data":"log\u0026pt输出位置：/kaggle/working/shot_k10/S02/weight_PU_M1_shot_FS02toS02c_s2024/NEW_PU/Target-目标域/log\u0026pt/(B3)N15_M07_F04→(B2)N15_M07_F10\n"}
,{"stream_name":"stderr","time":12621.57431711,"data":"sh: 1: Syntax error: word unexpected (expecting \")\")\n"}
,{"stream_name":"stdout","time":12632.389512208,"data":"任务: (B3)N15_M07_F04→(B2)N15_M07_F10; 批次:····0/·1880;  总正确率: 53.55%\n"}
,{"stream_name":"stdout","time":12632.389542102,"data":"类型1 正确率：  99.00% -\u003e 1   98.55%, 2    0.00%, 3    1.45%\n"}
,{"stream_name":"stdout","time":12632.389548567,"data":"类型2 正确率：  62.00% -\u003e 1    0.05%, 2   62.10%, 3   37.85%\n"}
,{"stream_name":"stdout","time":12632.389558265,"data":"类型3 正确率：   0.00% -\u003e 1    0.00%, 2  100.00%, 3    0.00%\n"}
,{"stream_name":"stdout","time":12632.38956919,"data":"\n"}
,{"stream_name":"stdout","time":12632.389572358,"data":"\n"}
,{"stream_name":"stdout","time":12635.584165415,"data":"SHOT pseudo-labels: model 53.55% -\u003e centroid 53.25%\n"}
,{"stream_name":"stdout","time":12648.349887852,"data":"轮次:··1/·20 || cls:1.608 || im:-0.959 || 耗时：21.81s\n"}
,{"stream_name":"stdout","time":12651.611263205,"data":"SHOT pseudo-labels: model 35.05% -\u003e centroid 36.02%\n"}
,{"stream_name":"stdout","time":12664.474420932,"data":"轮次:··2/·20 || cls:1.499 || im:-0.864 || 耗时：16.12s\n"}
,{"stream_name":"stdout","time":12667.675168065,"data":"SHOT pseudo-labels: model 43.33% -\u003e centroid 54.18%\n"}
,{"stream_name":"stdout","time":12680.266564572,"data":"轮次:··3/·20 || cls:0.888 || im:-0.775 || 耗时：15.79s\n"}
,{"stream_name":"stdout","time":12683.461169057,"data":"SHOT pseudo-labels: model 46.12% -\u003e centroid 59.92%\n"}
,{"stream_name":"stdout","time":12695.963832463,"data":"轮次:··4/·20 || cls:1.016 || im:-0.806 || 耗时：15.70s\n"}
,{"stream_name":"stdout","time":12699.146117175,"data":"SHOT pseudo-labels: model 48.00% -\u003e centroid 62.25%\n"}
,{"stream_name":"stdout","time":12711.705210481,"data":"轮次:··5/·20 || cls:0.694 || im:-0.740 || 耗时：15.74s\n"}
,{"stream_name":"stdout","time":12714.903198273,"data":"SHOT pseudo-labels: model 49.28% -\u003e centroid 63.53%\n"}
,{"stream_name":"stdout","time":12727.607866163,"data":"轮次:··6/·20 || cls:0.727 || im:-0.701 || 耗时：15.90s\n"}
,{"stream_name":"stdout","time":12730.816137026,"data":"SHOT pseudo-labels: model 49.48% -\u003e centroid 64.47%\n"}
,{"stream_name":"stdout","time":12743.490632188,"data":"轮次:··7/·20 || cls:0.963 || im:-0.806 || 耗时：15.88s\n"}
,{"stream_name":"stdout","time":12746.708162805,"data":"SHOT pseudo-labels: model 49.83% -\u003e centroid 63.62%\n"}
,{"stream_name":"stdout","time":12759.338100439,"data":"轮次:··8/·20 || cls:0.855 || im:-0.756 || 耗时：15.85s\n"}
,{"stream_name":"stdout","time":12762.549129708,"data":"SHOT pseudo-labels: model 50.17% -\u003e centroid 64.92%\n"}
,{"stream_name":"stdout","time":12775.111008628,"data":"轮次:··9/·20 || cls:0.656 || im:-0.737 || 耗时：15.77s\n"}
,{"stream_name":"stdout","time":12778.301154472,"data":"SHOT pseudo-labels: model 51.15% -\u003e centroid 65.33%\n"}
,{"stream_name":"stdout","time":12790.892523975,"data":"轮次:·10/·20 || cls:0.625 || im:-0.707 || 耗时：15.78s\n"}
,{"stream_name":"stdout","time":12794.096129146,"data":"SHOT pseudo-labels: model 51.35% -\u003e centroid 65.15%\n"}
,{"stream_name":"stdout","time":12806.737306773,"data":"轮次:·11/·20 || cls:0.767 || im:-0.746 || 耗时：15.84s\n"}
,{"stream_name":"stdout","time":12809.928175656,"data":"SHOT pseudo-labels: model 51.05% -\u003e centroid 64.47%\n"}
,{"stream_name":"stdout","time":12822.588492302,"data":"轮次:·12/·20 || cls:0.740 || im:-0.702 || 耗时：15.85s\n"}
,{"stream_name":"stdout","time":12825.792151932,"data":"SHOT pseudo-labels: model 50.15% -\u003e centroid 64.77%\n"}
,{"stream_name":"stdout","time":12838.450143633,"data":"轮次:·13/·20 || cls:0.757 || im:-0.786 || 耗时：15.86s\n"}
,{"stream_name":"stdout","time":12841.65117578,"data":"SHOT pseudo-labels: model 50.45% -\u003e centroid 64.88%\n"}
,{"stream_name":"stdout","time":12854.326598864,"data":"轮次:·14/·20 || cls:0.753 || im:-0.698 || 耗时：15.88s\n"}
,{"stream_name":"stdout","time":12857.551151188,"data":"SHOT pseudo-labels: model 50.22% -\u003e centroid 64.93%\n"}
,{"stream_name":"stdout","time":12870.21459985,"data":"轮次:·15/·20 || cls:0.932 || im:-0.800 || 耗时：15.89s\n"}
,{"stream_name":"stdout","time":12873.424987491,"data":"SHOT pseudo-labels: model 50.05% -\u003e centroid 64.32%\n"}
,{"stream_name":"stdout","time":12886.088373628,"data":"轮次:·16/·20 || cls:0.722 || im:-0.654 || 耗时：15.87s\n"}
,{"stream_name":"stdout","time":12889.273184488,"data":"SHOT pseudo-labels: model 49.88% -\u003e centroid 64.88%\n"}
,{"stream_name":"stdout","time":12901.932018264,"data":"轮次:·17/·20 || cls:0.813 || im:-0.668 || 耗时：15.84s\n"}
,{"stream_name":"stdout","time":12905.136131636,"data":"SHOT pseudo-labels: model 49.17% -\u003e centroid 65.62%\n"}
,{"stream_name":"stdout","time":12917.789484452,"data":"轮次:·18/·20 || cls:0.708 || im:-0.703 || 耗时：15.86s\n"}
,{"stream_name":"stdout","time":12920.98414772,"data":"SHOT pseudo-labels: model 49.30% -\u003e centroid 64.75%\n"}
,{"stream_name":"stdout","time":12933.625223151,"data":"轮次:·19/·20 || cls:0.798 || im:-0.659 || 耗时：15.84s\n"}
,{"stream_name":"stdout","time":12936.833206943,"data":"SHOT pseudo-labels: model 48.83% -\u003e centroid 65.15%\n"}
,{"stream_name":"stdout","time":12949.486949047,"data":"轮次:·20/·20 || cls:0.557 || im:-0.730 || 耗时：15.86s\n"}
,{"stream_name":"stdout","time":12955.306277906,"data":"测试集任务: (B3)N15_M07_F04→(B2)N15_M07_F10; 总正确率 = 48.55%\n"}
,{"stream_name":"stdout","time":12955.306316204,"data":"类型1 正确率： 100.00% -\u003e 1   99.90%, 2    0.10%, 3    0.00%\n"}
,{"stream_name":"stdout","time":12955.306323979,"data":"类型2 正确率：  18.00% -\u003e 1    0.20%, 2   18.40%, 3   81.40%\n"}
,{"stream_name":"stdout","time":12955.30632956,"data":"类型3 正确率：  27.00% -\u003e 1    0.00%, 2   72.65%, 3   27.35%\n"}
,{"stream_name":"stdout","time":12955.306338917,"data":"\n"}
,{"stream_name":"stdout","time":12955.306343384,"data":"\n"}
,{"stream_name":"stdout","time":12955.327284068,"data":"[tar_adaptation_RES_PU.py --folder_root /kaggle/working/shot_k10/S02/sdalr_PU_shot/DATA_foldS02c --seed 2024 --class_num 3 --data_name PU_M1_L3 --output /kaggle/working/shot_k10/S02/weight_PU_M1_shot_FS02toS02c_s2024 --s 2 --t 1 --lr 0.0005 --threshold 0.4 --K 0.6] 334s\n"}
,{"stream_name":"stdout","time":12955.343980199,"data":"{\n"}
,{"stream_name":"stdout","time":12955.343998726,"data":"  \"dataset\": \"PU_M1\",\n"}
,{"stream_name":"stdout","time":12955.344005319,"data":"  \"variant\": \"shot\",\n"}
,{"stream_name":"stdout","time":12955.344011149,"data":"  \"seed\": 2024,\n"}
,{"stream_name":"stdout","time":12955.344016282,"data":"  \"smoke\": false,\n"}
,{"stream_name":"stdout","time":12955.34402079,"data":"  \"src_fold\": \"S02\",\n"}
,{"stream_name":"stdout","time":12955.344025207,"data":"  \"tgt_fold\": \"S02c\",\n"}
,{"stream_name":"stdout","time":12955.344029877,"data":"  \"leaky\": false,\n"}
,{"stream_name":"stdout","time":12955.344038882,"data":"  \"hyperparameters\": {\n"}
,{"stream_name":"stdout","time":12955.344042711,"data":"    \"lr\": \"0.0005\",\n"}
,{"stream_name":"stdout","time":12955.344045815,"data":"    \"threshold\": \"0.4\",\n"}
,{"stream_name":"stdout","time":12955.34404897,"data":"    \"K\": \"0.6\"\n"}
,{"stream_name":"stdout","time":12955.344052262,"data":"  },\n"}
,{"stream_name":"stdout","time":12955.344055246,"data":"  \"adapters\": [\n"}
,{"stream_name":"stdout","time":12955.344058249,"data":"    \"npz_io\",\n"}
,{"stream_name":"stdout","time":12955.344061333,"data":"    \"tsne_stub\",\n"}
,{"stream_name":"stdout","time":12955.344064202,"data":"    \"shot_patch\"\n"}
,{"stream_name":"stdout","time":12955.344067181,"data":"  ],\n"}
,{"stream_name":"stdout","time":12955.344108249,"data":"  \"source_only\": {},\n"}
,{"stream_name":"stdout","time":12955.34411628,"data":"  \"adapted\": {\n"}
,{"stream_name":"stdout","time":12955.344131765,"data":"    \"A1-\u003eA3\": 50.87,\n"}
,{"stream_name":"stdout","time":12955.344137324,"data":"    \"A1-\u003eA2\": 47.55,\n"}
,{"stream_name":"stdout","time":12955.344144375,"data":"    \"A3-\u003eA1\": 73.07,\n"}
,{"stream_name":"stdout","time":12955.34414704,"data":"    \"A3-\u003eA2\": 72.42,\n"}
,{"stream_name":"stdout","time":12955.344149251,"data":"    \"A2-\u003eA1\": 46.68,\n"}
,{"stream_name":"stdout","time":12955.344151465,"data":"    \"A2-\u003eA3\": 48.55\n"}
,{"stream_name":"stdout","time":12955.344153702,"data":"  },\n"}
,{"stream_name":"stdout","time":12955.34415593,"data":"  \"seconds\": {\n"}
,{"stream_name":"stdout","time":12955.34415811,"data":"    \"A1-\u003eA3\": 335,\n"}
,{"stream_name":"stdout","time":12955.34416033,"data":"    \"A1-\u003eA2\": 333,\n"}
,{"stream_name":"stdout","time":12955.344162516,"data":"    \"A3-\u003eA1\": 335,\n"}
,{"stream_name":"stdout","time":12955.344164788,"data":"    \"A3-\u003eA2\": 334,\n"}
,{"stream_name":"stdout","time":12955.344166999,"data":"    \"A2-\u003eA1\": 334,\n"}
,{"stream_name":"stdout","time":12955.344169181,"data":"    \"A2-\u003eA3\": 334\n"}
,{"stream_name":"stdout","time":12955.344171397,"data":"  },\n"}
,{"stream_name":"stdout","time":12955.3441736,"data":"  \"gate_log\": {\n"}
,{"stream_name":"stdout","time":12955.344175805,"data":"    \"A1-\u003eA3\": [],\n"}
,{"stream_name":"stdout","time":12955.344178009,"data":"    \"A1-\u003eA2\": [],\n"}
,{"stream_name":"stdout","time":12955.344180194,"data":"    \"A3-\u003eA1\": [],\n"}
,{"stream_name":"stdout","time":12955.344182474,"data":"    \"A3-\u003eA2\": [],\n"}
,{"stream_name":"stdout","time":12955.344184671,"data":"    \"A2-\u003eA1\": [],\n"}
,{"stream_name":"stdout","time":12955.344186873,"data":"    \"A2-\u003eA3\": []\n"}
,{"stream_name":"stdout","time":12955.344189129,"data":"  },\n"}
,{"stream_name":"stdout","time":12955.34419127,"data":"  \"gate\": \"none\"\n"}
,{"stream_name":"stdout","time":12955.344193517,"data":"}\n"}
,{"stream_name":"stdout","time":12956.469850687,"data":"done [{\"split\": \"S00\", \"tgt\": \"S00\", \"rc\": 0, \"seconds\": 2308}, {\"split\": \"S00\", \"tgt\": \"S00c\", \"rc\": 0, \"seconds\": 2018}, {\"split\": \"S01\", \"tgt\": \"S01\", \"rc\": 0, \"seconds\": 2302}, {\"split\": \"S01\", \"tgt\": \"S01c\", \"rc\": 0, \"seconds\": 2011}, {\"split\": \"S02\", \"tgt\": \"S02\", \"rc\": 0, \"seconds\": 2300}, {\"split\": \"S02\", \"tgt\": \"S02c\", \"rc\": 0, \"seconds\": 2012}]\n"}
,{"stream_name":"stderr","time":12958.710854196,"data":"/usr/local/lib/python3.12/dist-packages/mistune.py:435: SyntaxWarning: invalid escape sequence '\\|'\n"}
,{"stream_name":"stderr","time":12958.710884439,"data":"  cells[i][c] = re.sub('\\\\\\\\\\|', '|', cell)\n"}
,{"stream_name":"stderr","time":12958.909372249,"data":"/usr/local/lib/python3.12/dist-packages/nbconvert/filters/filter_links.py:36: SyntaxWarning: invalid escape sequence '\\_'\n"}
,{"stream_name":"stderr","time":12958.909390474,"data":"  text = re.sub(r'_', '\\_', text) # Escape underscores in display text\n"}
,{"stream_name":"stderr","time":12959.509025563,"data":"[NbConvertApp] Converting notebook __script__.ipynb to html\n"}
,{"stream_name":"stderr","time":12960.251863486,"data":"[NbConvertApp] Writing 283794 bytes to __results__.html\n"}
]