[{"stream_name":"stdout","time":24.871553519,"data":"\n"}
,{"stream_name":"stdout","time":24.871607876,"data":"\n"}
,{"stream_name":"stdout","time":24.871613946,"data":"现在开始拿源域训练集：(B1)N15_M01_F10 进行训练\n"}
,{"stream_name":"stdout","time":24.87161978,"data":"源域读取路径：/kaggle/working/m2rep/reps1/sdalr_PU_final_checkpoint/DATA_foldA/PU_M1_L3/N15_M01_F10_label.txt\n"}
,{"stream_name":"stdout","time":24.871624616,"data":"excel输出位置：/kaggle/working/m2rep/reps1/weight_src_PU_M1_FA_s1/NEW_PU/Source-源域\n"}
,{"stream_name":"stdout","time":24.871629455,"data":"log\u0026pt输出位置：/kaggle/working/m2rep/reps1/weight_src_PU_M1_FA_s1/NEW_PU/Source-源域/log\u0026pt/(B1)N15_M01_F10\n"}
,{"stream_name":"stdout","time":24.872178567,"data":"特征图片输出位置：/kaggle/working/m2rep/reps1/weight_src_PU_M1_FA_s1/NEW_PU/Picture-特征图/2026年09月15日15时16分/(B1)N15_M01_F10\n"}
,{"stream_name":"stderr","time":24.873540329,"data":"sh: 1: Syntax error: word unexpected (expecting \")\")\n"}
,{"stream_name":"stdout","time":24.87414896,"data":"源域训练开始\n"}
,{"stream_name":"stderr","time":27.16805049,"data":"/usr/local/lib/python3.12/dist-packages/torch/nn/utils/weight_norm.py:144: FutureWarning: `torch.nn.utils.weight_norm` is deprecated in favor of `torch.nn.utils.parametrizations.weight_norm`.\n"}
,{"stream_name":"stderr","time":27.168080084,"data":"  WeightNorm.apply(module, name, dim)\n"}
,{"stream_name":"stdout","time":36.221290541,"data":"轮次:··1/·10 || loss:0.061 || 耗时：9.00s\n"}
,{"stream_name":"stdout","time":44.18863098,"data":"轮次:··2/·10 || loss:0.036 || 耗时：7.91s\n"}
,{"stream_name":"stdout","time":52.197733354,"data":"轮次:··3/·10 || loss:0.042 || 耗时：7.95s\n"}
,{"stream_name":"stdout","time":60.271980837,"data":"轮次:··4/·10 || loss:0.029 || 耗时：8.01s\n"}
,{"stream_name":"stdout","time":68.583067855,"data":"轮次:··5/·10 || loss:0.006 || 耗时：8.25s\n"}
,{"stream_name":"stdout","time":69.205622403,"data":"任务: (B1)N15_M01_F10; mix批次:····0; 批次:··330/··660; 总正确率 = 99.82%\n"}
,{"stream_name":"stdout","time":69.205670962,"data":"类型1 正确率： 100.00% -\u003e 1  100.00%, 2    0.00%, 3    0.00%\n"}
,{"stream_name":"stdout","time":69.205676985,"data":"类型2 正确率：  99.00% -\u003e 1    0.00%, 2   99.47%, 3    0.53%\n"}
,{"stream_name":"stdout","time":69.205680982,"data":"类型3 正确率： 100.00% -\u003e 1    0.00%, 2    0.00%, 3  100.00%\n"}
,{"stream_name":"stdout","time":69.205684703,"data":"\n"}
,{"stream_name":"stdout","time":69.205688031,"data":"\n"}
,{"stream_name":"stdout","time":77.68272471,"data":"轮次:··6/·10 || loss:0.002 || 耗时：8.38s\n"}
,{"stream_name":"stdout","time":86.269743908,"data":"轮次:··7/·10 || loss:0.106 || 耗时：8.53s\n"}
,{"stream_name":"stdout","time":94.97283787,"data":"轮次:··8/·10 || loss:0.004 || 耗时：8.64s\n"}
,{"stream_name":"stdout","time":103.839865049,"data":"轮次:··9/·10 || loss:0.068 || 耗时：8.80s\n"}
,{"stream_name":"stdout","time":112.856804527,"data":"轮次:·10/·10 || loss:0.006 || 耗时：8.95s\n"}
,{"stream_name":"stdout","time":113.470367588,"data":"任务: (B1)N15_M01_F10; mix批次:····0; 批次:··660/··660; 总正确率 = 99.82%\n"}
,{"stream_name":"stdout","time":113.470407518,"data":"类型1 正确率： 100.00% -\u003e 1  100.00%, 2    0.00%, 3    0.00%\n"}
,{"stream_name":"stdout","time":113.470414215,"data":"类型2 正确率：  99.00% -\u003e 1    0.00%, 2   99.47%, 3    0.53%\n"}
,{"stream_name":"stdout","time":113.470418172,"data":"类型3 正确率： 100.00% -\u003e 1    0.00%, 2    0.00%, 3  100.00%\n"}
,{"stream_name":"stdout","time":113.470458301,"data":"\n"}
,{"stream_name":"stdout","time":113.470464314,"data":"\n"}
,{"stream_name":"stdout","time":114.784449798,"data":"测试集任务: (B1)N15_M01_F10; 总正确率 = 99.76%\n"}
,{"stream_name":"stdout","time":114.784483074,"data":"类型1 正确率： 100.00% -\u003e 1  100.00%, 2    0.00%, 3    0.00%\n"}
,{"stream_name":"stdout","time":114.784489887,"data":"类型2 正确率：  99.00% -\u003e 1    0.00%, 2   99.27%, 3    0.73%\n"}
,{"stream_name":"stdout","time":114.78449519,"data":"类型3 正确率： 100.00% -\u003e 1    0.00%, 2    0.00%, 3  100.00%\n"}
,{"stream_name":"stdout","time":114.784500395,"data":"\n"}
,{"stream_name":"stdout","time":114.784504942,"data":"\n"}
,{"stream_name":"stdout","time":114.799924655,"data":"源域训练结束\n"}
,{"stream_name":"stdout","time":114.799951512,"data":"\n"}
,{"stream_name":"stdout","time":114.799957673,"data":"训练好之后，测试目标域\n"}
,{"stream_name":"stdout","time":114.799971504,"data":"目标域路径：/kaggle/working/m2rep/reps1/sdalr_PU_final_checkpoint/DATA_foldA/PU_M1_L3/N15_M07_F10_label.txt\n"}
,{"stream_name":"stderr","time":115.204794001,"data":"/usr/local/lib/python3.12/dist-packages/torch/nn/utils/weight_norm.py:144: FutureWarning: `torch.nn.utils.weight_norm` is deprecated in favor of `torch.nn.utils.parametrizations.weight_norm`.\n"}
,{"stream_name":"stderr","time":115.204837202,"data":"  WeightNorm.apply(module, name, dim)\n"}
,{"stream_name":"stdout","time":116.46448586,"data":"测试目标数据集结果如下：\n"}
,{"stream_name":"stdout","time":116.464517483,"data":"任务: (B1)N15_M01_F10→(B2)N15_M07_F10, 正确率 = 99.07%\n"}
,{"stream_name":"stdout","time":116.464523254,"data":"类型1 正确率： 100.00% -\u003e 1  100.00%, 2    0.00%, 3    0.00%\n"}
,{"stream_name":"stdout","time":116.464528973,"data":"类型2 正确率：  99.00% -\u003e 1    0.24%, 2   99.03%, 3    0.72%\n"}
,{"stream_name":"stdout","time":116.464534114,"data":"类型3 正确率：  98.00% -\u003e 1    0.00%, 2    1.81%, 3   98.19%\n"}
,{"stream_name":"stdout","time":116.464538523,"data":"\n"}
,{"stream_name":"stdout","time":116.465013045,"data":"目标域路径：/kaggle/working/m2rep/reps1/sdalr_PU_final_checkpoint/DATA_foldA/PU_M1_L3/N15_M07_F04_label.txt\n"}
,{"stream_name":"stderr","time":116.861359832,"data":"/usr/local/lib/python3.12/dist-packages/torch/nn/utils/weight_norm.py:144: FutureWarning: `torch.nn.utils.weight_norm` is deprecated in favor of `torch.nn.utils.parametrizations.weight_norm`.\n"}
,{"stream_name":"stderr","time":116.861414399,"data":"  WeightNorm.apply(module, name, dim)\n"}
,{"stream_name":"stdout","time":118.127300888,"data":"测试目标数据集结果如下：\n"}
,{"stream_name":"stdout","time":118.12733662,"data":"任务: (B1)N15_M01_F10→(B3)N15_M07_F04, 正确率 = 80.45%\n"}
,{"stream_name":"stdout","time":118.127342185,"data":"类型1 正确率： 100.00% -\u003e 1  100.00%, 2    0.00%, 3    0.00%\n"}
,{"stream_name":"stdout","time":118.127346991,"data":"类型2 正确率：  93.00% -\u003e 1    0.00%, 2   92.68%, 3    7.32%\n"}
,{"stream_name":"stdout","time":118.127350793,"data":"类型3 正确率：  49.00% -\u003e 1    0.00%, 2   51.32%, 3   48.68%\n"}
,{"stream_name":"stdout","time":118.127354687,"data":"\n"}
,{"stream_name":"stdout","time":118.127847128,"data":"\n"}
,{"stream_name":"stdout","time":118.128837178,"data":"\n"}
,{"stream_name":"stdout","time":118.128848947,"data":"现在开始拿源域训练集：(B2)N15_M07_F10 进行训练\n"}
,{"stream_name":"stdout","time":118.128853872,"data":"源域读取路径：/kaggle/working/m2rep/reps1/sdalr_PU_final_checkpoint/DATA_foldA/PU_M1_L3/N15_M07_F10_label.txt\n"}
,{"stream_name":"stdout","time":118.128865787,"data":"excel输出位置：/kaggle/working/m2rep/reps1/weight_src_PU_M1_FA_s1/NEW_PU/Source-源域\n"}
,{"stream_name":"stdout","time":118.128869805,"data":"log\u0026pt输出位置：/kaggle/working/m2rep/reps1/weight_src_PU_M1_FA_s1/NEW_PU/Source-源域/log\u0026pt/(B2)N15_M07_F10\n"}
,{"stream_name":"stdout","time":118.128878573,"data":"特征图片输出位置：/kaggle/working/m2rep/reps1/weight_src_PU_M1_FA_s1/NEW_PU/Picture-特征图/2026年09月15日15时16分/(B2)N15_M07_F10\n"}
,{"stream_name":"stderr","time":118.130016553,"data":"sh: 1: Syntax error: word unexpected (expecting \")\")\n"}
,{"stream_name":"stdout","time":118.130906196,"data":"源域训练开始\n"}
,{"stream_name":"stderr","time":119.989349045,"data":"/usr/local/lib/python3.12/dist-packages/torch/nn/utils/weight_norm.py:144: FutureWarning: `torch.nn.utils.weight_norm` is deprecated in favor of `torch.nn.utils.parametrizations.weight_norm`.\n"}
,{"stream_name":"stderr","time":119.989405769,"data":"  WeightNorm.apply(module, name, dim)\n"}
,{"stream_name":"stdout","time":128.987244685,"data":"轮次:··1/·10 || loss:0.132 || 耗时：8.93s\n"}
,{"stream_name":"stdout","time":137.869047853,"data":"轮次:··2/·10 || loss:0.059 || 耗时：8.82s\n"}
,{"stream_name":"stdout","time":146.688600159,"data":"轮次:··3/·10 || loss:0.061 || 耗时：8.76s\n"}
,{"stream_name":"stdout","time":155.450721198,"data":"轮次:··4/·10 || loss:0.016 || 耗时：8.70s\n"}
,{"stream_name":"stdout","time":164.176046113,"data":"轮次:··5/·10 || loss:0.020 || 耗时：8.66s\n"}
,{"stream_name":"stdout","time":164.763104002,"data":"任务: (B2)N15_M07_F10; mix批次:····0; 批次:··330/··660; 总正确率 = 99.35%\n"}
,{"stream_name":"stdout","time":164.763135173,"data":"类型1 正确率： 100.00% -\u003e 1  100.00%, 2    0.00%, 3    0.00%\n"}
,{"stream_name":"stdout","time":164.763142752,"data":"类型2 正确率：  99.00% -\u003e 1    0.00%, 2   99.49%, 3    0.51%\n"}
,{"stream_name":"stdout","time":164.763149301,"data":"类型3 正确率：  99.00% -\u003e 1    0.00%, 2    1.43%, 3   98.57%\n"}
,{"stream_name":"stdout","time":164.763155474,"data":"\n"}
,{"stream_name":"stdout","time":164.763161403,"data":"\n"}
,{"stream_name":"stdout","time":173.521347903,"data":"轮次:··6/·10 || loss:0.035 || 耗时：8.66s\n"}
,{"stream_name":"stdout","time":182.273527533,"data":"轮次:··7/·10 || loss:0.004 || 耗时：8.69s\n"}
,{"stream_name":"stdout","time":191.067795129,"data":"轮次:··8/·10 || loss:0.014 || 耗时：8.74s\n"}
,{"stream_name":"stdout","time":199.901514447,"data":"轮次:··9/·10 || loss:0.000 || 耗时：8.77s\n"}
,{"stream_name":"stdout","time":208.751050535,"data":"轮次:·10/·10 || loss:0.033 || 耗时：8.79s\n"}
,{"stream_name":"stdout","time":209.346140554,"data":"任务: (B2)N15_M07_F10; mix批次:····0; 批次:··660/··660; 总正确率 = 99.66%\n"}
,{"stream_name":"stdout","time":209.346168297,"data":"类型1 正确率： 100.00% -\u003e 1  100.00%, 2    0.00%, 3    0.00%\n"}
,{"stream_name":"stdout","time":209.346174187,"data":"类型2 正确率：  99.00% -\u003e 1    0.00%, 2   98.97%, 3    1.03%\n"}
,{"stream_name":"stdout","time":209.346178945,"data":"类型3 正确率： 100.00% -\u003e 1    0.00%, 2    0.00%, 3  100.00%\n"}
,{"stream_name":"stdout","time":209.346183539,"data":"\n"}
,{"stream_name":"stdout","time":209.346187836,"data":"\n"}
,{"stream_name":"stdout","time":210.612902516,"data":"测试集任务: (B2)N15_M07_F10; 总正确率 = 99.76%\n"}
,{"stream_name":"stdout","time":210.612932496,"data":"类型1 正确率： 100.00% -\u003e 1  100.00%, 2    0.00%, 3    0.00%\n"}
,{"stream_name":"stdout","time":210.612953312,"data":"类型2 正确率： 100.00% -\u003e 1    0.00%, 2   99.53%, 3    0.47%\n"}
,{"stream_name":"stdout","time":210.612957383,"data":"类型3 正确率： 100.00% -\u003e 1    0.00%, 2    0.26%, 3   99.74%\n"}
,{"stream_name":"stdout","time":210.612960924,"data":"\n"}
,{"stream_name":"stdout","time":210.612964104,"data":"\n"}
,{"stream_name":"stdout","time":210.62314963,"data":"源域训练结束\n"}
,{"stream_name":"stdout","time":210.623174791,"data":"\n"}
,{"stream_name":"stdout","time":210.6231807,"data":"训练好之后，测试目标域\n"}
,{"stream_name":"stdout","time":210.623185652,"data":"目标域路径：/kaggle/working/m2rep/reps1/sdalr_PU_final_checkpoint/DATA_foldA/PU_M1_L3/N15_M01_F10_label.txt\n"}
,{"stream_name":"stderr","time":211.03940881,"data":"/usr/local/lib/python3.12/dist-packages/torch/nn/utils/weight_norm.py:144: FutureWarning: `torch.nn.utils.weight_norm` is deprecated in favor of `torch.nn.utils.parametrizations.weight_norm`.\n"}
,{"stream_name":"stderr","time":211.039436606,"data":"  WeightNorm.apply(module, name, dim)\n"}
,{"stream_name":"stdout","time":212.267322106,"data":"测试目标数据集结果如下：\n"}
,{"stream_name":"stdout","time":212.267357577,"data":"任务: (B2)N15_M07_F10→(B1)N15_M01_F10, 正确率 = 99.83%\n"}
,{"stream_name":"stdout","time":212.267361749,"data":"类型1 正确率： 100.00% -\u003e 1  100.00%, 2    0.00%, 3    0.00%\n"}
,{"stream_name":"stdout","time":212.267365261,"data":"类型2 正确率： 100.00% -\u003e 1    0.00%, 2   99.75%, 3    0.25%\n"}
,{"stream_name":"stdout","time":212.267367984,"data":"类型3 正确率： 100.00% -\u003e 1    0.00%, 2    0.25%, 3   99.75%\n"}
,{"stream_name":"stdout","time":212.267370664,"data":"\n"}
,{"stream_name":"stdout","time":212.267594697,"data":"目标域路径：/kaggle/working/m2rep/reps1/sdalr_PU_final_checkpoint/DATA_foldA/PU_M1_L3/N15_M07_F04_label.txt\n"}
,{"stream_name":"stderr","time":212.679113195,"data":"/usr/local/lib/python3.12/dist-packages/torch/nn/utils/weight_norm.py:144: FutureWarning: `torch.nn.utils.weight_norm` is deprecated in favor of `torch.nn.utils.parametrizations.weight_norm`.\n"}
,{"stream_name":"stderr","time":212.679150252,"data":"  WeightNorm.apply(module, name, dim)\n"}
,{"stream_name":"stdout","time":213.893277768,"data":"测试目标数据集结果如下：\n"}
,{"stream_name":"stdout","time":213.893693958,"data":"任务: (B2)N15_M07_F10→(B3)N15_M07_F04, 正确率 = 85.69%\n"}
,{"stream_name":"stdout","time":213.893707019,"data":"类型1 正确率： 100.00% -\u003e 1  100.00%, 2    0.00%, 3    0.00%\n"}
,{"stream_name":"stdout","time":213.893778502,"data":"类型2 正确率：  98.00% -\u003e 1    0.00%, 2   98.23%, 3    1.77%\n"}
,{"stream_name":"stdout","time":213.894992692,"data":"类型3 正确率：  59.00% -\u003e 1    0.00%, 2   41.16%, 3   58.84%\n"}
,{"stream_name":"stdout","time":213.895007377,"data":"\n"}
,{"stream_name":"stdout","time":213.895033887,"data":"\n"}
,{"stream_name":"stdout","time":213.895040495,"data":"\n"}
,{"stream_name":"stdout","time":213.895045451,"data":"现在开始拿源域训练集：(B3)N15_M07_F04 进行训练\n"}
,{"stream_name":"stdout","time":213.895050624,"data":"源域读取路径：/kaggle/working/m2rep/reps1/sdalr_PU_final_checkpoint/DATA_foldA/PU_M1_L3/N15_M07_F04_label.txt\n"}
,{"stream_name":"stdout","time":213.895056026,"data":"excel输出位置：/kaggle/working/m2rep/reps1/weight_src_PU_M1_FA_s1/NEW_PU/Source-源域\n"}
,{"stream_name":"stdout","time":213.895060957,"data":"log\u0026pt输出位置：/kaggle/working/m2rep/reps1/weight_src_PU_M1_FA_s1/NEW_PU/Source-源域/log\u0026pt/(B3)N15_M07_F04\n"}
,{"stream_name":"stdout","time":213.895075708,"data":"特征图片输出位置：/kaggle/working/m2rep/reps1/weight_src_PU_M1_FA_s1/NEW_PU/Picture-特征图/2026年09月15日15时16分/(B3)N15_M07_F04\n"}
,{"stream_name":"stderr","time":213.896402193,"data":"sh: 1: Syntax error: word unexpected (expecting \")\")\n"}
,{"stream_name":"stdout","time":213.89702472,"data":"源域训练开始\n"}
,{"stream_name":"stderr","time":215.771933219,"data":"/usr/local/lib/python3.12/dist-packages/torch/nn/utils/weight_norm.py:144: FutureWarning: `torch.nn.utils.weight_norm` is deprecated in favor of `torch.nn.utils.parametrizations.weight_norm`.\n"}
,{"stream_name":"stderr","time":215.771978932,"data":"  WeightNorm.apply(module, name, dim)\n"}
,{"stream_name":"stdout","time":224.634111697,"data":"轮次:··1/·10 || loss:0.185 || 耗时：8.79s\n"}
,{"stream_name":"stdout","time":233.445690283,"data":"轮次:··2/·10 || loss:0.010 || 耗时：8.75s\n"}
,{"stream_name":"stdout","time":242.286110122,"data":"轮次:··3/·10 || loss:0.101 || 耗时：8.77s\n"}
,{"stream_name":"stdout","time":251.136469489,"data":"轮次:··4/·10 || loss:0.024 || 耗时：8.79s\n"}
,{"stream_name":"stdout","time":259.976097556,"data":"轮次:··5/·10 || loss:0.003 || 耗时：8.77s\n"}
,{"stream_name":"stdout","time":260.567058603,"data":"任务: (B3)N15_M07_F04; mix批次:····0; 批次:··330/··660; 总正确率 = 99.50%\n"}
,{"stream_name":"stdout","time":260.567087326,"data":"类型1 正确率： 100.00% -\u003e 1  100.00%, 2    0.00%, 3    0.00%\n"}
,{"stream_name":"stdout","time":260.567095205,"data":"类型2 正确率： 100.00% -\u003e 1    0.00%, 2   99.51%, 3    0.49%\n"}
,{"stream_name":"stdout","time":260.567101263,"data":"类型3 正确率：  99.00% -\u003e 1    0.00%, 2    1.01%, 3   98.99%\n"}
,{"stream_name":"stdout","time":260.567107413,"data":"\n"}
,{"stream_name":"stdout","time":260.567112764,"data":"\n"}
,{"stream_name":"stdout","time":269.403121298,"data":"轮次:··6/·10 || loss:0.005 || 耗时：8.74s\n"}
,{"stream_name":"stdout","time":278.199370798,"data":"轮次:··7/·10 || loss:0.001 || 耗时：8.73s\n"}
,{"stream_name":"stdout","time":286.99159124,"data":"轮次:··8/·10 || loss:0.001 || 耗时：8.73s\n"}
,{"stream_name":"stdout","time":295.779220114,"data":"轮次:··9/·10 || loss:0.001 || 耗时：8.73s\n"}
,{"stream_name":"stdout","time":304.554770012,"data":"轮次:·10/·10 || loss:0.001 || 耗时：8.71s\n"}
,{"stream_name":"stdout","time":305.147931543,"data":"任务: (B3)N15_M07_F04; mix批次:····0; 批次:··660/··660; 总正确率 = 99.67%\n"}
,{"stream_name":"stdout","time":305.147971502,"data":"类型1 正确率： 100.00% -\u003e 1  100.00%, 2    0.00%, 3    0.00%\n"}
,{"stream_name":"stdout","time":305.14799135,"data":"类型2 正确率： 100.00% -\u003e 1    0.00%, 2   99.51%, 3    0.49%\n"}
,{"stream_name":"stdout","time":305.14799745,"data":"类型3 正确率：  99.00% -\u003e 1    0.00%, 2    0.50%, 3   99.50%\n"}
,{"stream_name":"stdout","time":305.148003469,"data":"\n"}
,{"stream_name":"stdout","time":305.148008167,"data":"\n"}
,{"stream_name":"stdout","time":306.39222377,"data":"测试集任务: (B3)N15_M07_F04; 总正确率 = 99.83%\n"}
,{"stream_name":"stdout","time":306.392255254,"data":"类型1 正确率： 100.00% -\u003e 1  100.00%, 2    0.00%, 3    0.00%\n"}
,{"stream_name":"stdout","time":306.392262329,"data":"类型2 正确率：  99.00% -\u003e 1    0.00%, 2   99.49%, 3    0.51%\n"}
,{"stream_name":"stdout","time":306.392268446,"data":"类型3 正确率： 100.00% -\u003e 1    0.00%, 2    0.00%, 3  100.00%\n"}
,{"stream_name":"stdout","time":306.392274133,"data":"\n"}
,{"stream_name":"stdout","time":306.3922984,"data":"\n"}
,{"stream_name":"stdout","time":306.400738997,"data":"源域训练结束\n"}
,{"stream_name":"stdout","time":306.400794374,"data":"\n"}
,{"stream_name":"stdout","time":306.400801153,"data":"训练好之后，测试目标域\n"}
,{"stream_name":"stdout","time":306.400806583,"data":"目标域路径：/kaggle/working/m2rep/reps1/sdalr_PU_final_checkpoint/DATA_foldA/PU_M1_L3/N15_M01_F10_label.txt\n"}
,{"stream_name":"stderr","time":306.806965706,"data":"/usr/local/lib/python3.12/dist-packages/torch/nn/utils/weight_norm.py:144: FutureWarning: `torch.nn.utils.weight_norm` is deprecated in favor of `torch.nn.utils.parametrizations.weight_norm`.\n"}
,{"stream_name":"stderr","time":306.807010249,"data":"  WeightNorm.apply(module, name, dim)\n"}
,{"stream_name":"stdout","time":308.024528464,"data":"测试目标数据集结果如下：\n"}
,{"stream_name":"stdout","time":308.024569056,"data":"任务: (B3)N15_M07_F04→(B1)N15_M01_F10, 正确率 = 87.93%\n"}
,{"stream_name":"stdout","time":308.024575321,"data":"类型1 正确率： 100.00% -\u003e 1   99.75%, 2    0.00%, 3    0.25%\n"}
,{"stream_name":"stdout","time":308.024579506,"data":"类型2 正确率：  90.00% -\u003e 1    0.00%, 2   90.33%, 3    9.67%\n"}
,{"stream_name":"stdout","time":308.024583439,"data":"类型3 正确率：  74.00% -\u003e 1    0.00%, 2   26.28%, 3   73.72%\n"}
,{"stream_name":"stdout","time":308.024603561,"data":"\n"}
,{"stream_name":"stdout","time":308.024847679,"data":"目标域路径：/kaggle/working/m2rep/reps1/sdalr_PU_final_checkpoint/DATA_foldA/PU_M1_L3/N15_M07_F10_label.txt\n"}
,{"stream_name":"stderr","time":308.410845262,"data":"/usr/local/lib/python3.12/dist-packages/torch/nn/utils/weight_norm.py:144: FutureWarning: `torch.nn.utils.weight_norm` is deprecated in favor of `torch.nn.utils.parametrizations.weight_norm`.\n"}
,{"stream_name":"stderr","time":308.410901005,"data":"  WeightNorm.apply(module, name, dim)\n"}
,{"stream_name":"stdout","time":309.620141564,"data":"测试目标数据集结果如下：\n"}
,{"stream_name":"stdout","time":309.620176079,"data":"任务: (B3)N15_M07_F04→(B2)N15_M07_F10, 正确率 = 88.23%\n"}
,{"stream_name":"stdout","time":309.62018789,"data":"类型1 正确率： 100.00% -\u003e 1   99.74%, 2    0.26%, 3    0.00%\n"}
,{"stream_name":"stdout","time":309.620194262,"data":"类型2 正确率：  91.00% -\u003e 1    0.00%, 2   90.62%, 3    9.38%\n"}
,{"stream_name":"stdout","time":309.620200249,"data":"类型3 正确率：  74.00% -\u003e 1    0.00%, 2   25.67%, 3   74.33%\n"}
,{"stream_name":"stdout","time":309.620206092,"data":"\n"}
,{"stream_name":"stdout","time":309.629351337,"data":"[src_pretrain_RES_PU.py --folder_root /kaggle/working/m2rep/reps1/sdalr_PU_final_checkpoint/DATA_foldA --seed 1 --class_num 3 --data_name PU_M1_L3 --output /kaggle/working/m2rep/reps1/weight_src_PU_M1_FA_s1] 285s\n"}
,{"stream_name":"stdout","time":309.679010097,"data":"读取源域路径：/kaggle/working/m2rep/reps1/weight_PU_M1_final_checkpoint_FAtoB_s1/NEW_PU/Source-源域/log\u0026pt/(B1)N15_M01_F10\n"}
,{"stream_name":"stdout","time":309.67903418,"data":"excel输出位置：/kaggle/working/m2rep/reps1/weight_PU_M1_final_checkpoint_FAtoB_s1/NEW_PU/Target-目标域\n"}
,{"stream_name":"stdout","time":309.67905332,"data":"特征图片输出位置：/kaggle/working/m2rep/reps1/weight_PU_M1_final_checkpoint_FAtoB_s1/NEW_PU/Picture-特征图/2026年09月15日15时21分/(B1)N15_M01_F10\n"}
,{"stream_name":"stderr","time":309.715340811,"data":"/usr/local/lib/python3.12/dist-packages/torch/nn/utils/weight_norm.py:144: FutureWarning: `torch.nn.utils.weight_norm` is deprecated in favor of `torch.nn.utils.parametrizations.weight_norm`.\n"}
,{"stream_name":"stderr","time":309.715374621,"data":"  WeightNorm.apply(module, name, dim)\n"}
,{"stream_name":"stdout","time":309.75266987,"data":"现在选取:(B1)N15_M01_F10 进行训练的源模型\n"}
,{"stream_name":"stdout","time":309.752692066,"data":"现在进行：(B1)N15_M01_F10→(B2)N15_M07_F10 的迁移任务\n"}
,{"stream_name":"stdout","time":309.752703327,"data":"log\u0026pt输出位置：/kaggle/working/m2rep/reps1/weight_PU_M1_final_checkpoint_FAtoB_s1/NEW_PU/Target-目标域/log\u0026pt/(B1)N15_M01_F10→(B2)N15_M07_F10\n"}
,{"stream_name":"stderr","time":309.754057896,"data":"sh: 1: Syntax error: word unexpected (expecting \")\")\n"}
,{"stream_name":"stdout","time":321.065454655,"data":"任务: (B1)N15_M01_F10→(B2)N15_M07_F10; 批次:····0/·1880;  总正确率: 62.93%\n"}
,{"stream_name":"stdout","time":321.065486352,"data":"类型1 正确率：  55.00% -\u003e 1   54.95%, 2   41.15%, 3    3.90%\n"}
,{"stream_name":"stdout","time":321.065498396,"data":"类型2 正确率：  84.00% -\u003e 1    0.00%, 2   84.05%, 3   15.95%\n"}
,{"stream_name":"stdout","time":321.065502122,"data":"类型3 正确率：  50.00% -\u003e 1    0.00%, 2   50.20%, 3   49.80%\n"}
,{"stream_name":"stdout","time":321.065505604,"data":"\n"}
,{"stream_name":"stdout","time":321.065508835,"data":"\n"}
,{"stream_name":"stdout","time":321.066112474,"data":"样本变换：reverse\n"}
,{"stream_name":"stdout","time":324.37680309899997,"data":"样本变换：mask\n"}
,{"stream_name":"stdout","time":327.666849948,"data":"样本变换：shift\n"}
,{"stream_name":"stdout","time":330.951466976,"data":"样本变换：none\n"}
,{"stream_name":"stderr","time":336.986171594,"data":"/kaggle/working/m2rep/reps1/sdalr_PU_final_checkpoint/tools.py:413: RuntimeWarning: invalid value encountered in divide\n"}
,{"stream_name":"stderr","time":336.986236429,"data":"  per_class_acc = conf_matrix.diagonal() / conf_matrix.sum(axis=1) * 100\n"}
,{"stream_name":"stdout","time":336.986394972,"data":"未过滤\t未用伪标签：62.93% -\u003e 使用伪标签：74.60%\n"}
,{"stream_name":"stdout","time":336.986408849,"data":"已过滤\t未用伪标签：63.71% -\u003e 使用伪标签：75.94%\n"}
,{"stream_name":"stdout","time":336.986420951,"data":"排除样本：106|6000\t剩余：1793, 2836, 1265\n"}
,{"stream_name":"stdout","time":336.986427158,"data":"增添样本：2614\t\t细则：1043, 0, 1571\t正确率估算：81.50%\n"}
,{"stream_name":"stdout","time":336.986434372,"data":"类型1 正确率：  92.00% -\u003e 1   92.14%, 2    7.86%, 3    0.00%\n"}
,{"stream_name":"stdout","time":336.986440934,"data":"类型2 正确率：  86.00% -\u003e 1    0.00%, 2   86.40%, 3   13.60%\n"}
,{"stream_name":"stdout","time":336.986446633,"data":"类型3 正确率：  50.00% -\u003e 1    0.00%, 2   50.00%, 3   50.00%\n"}
,{"stream_name":"stdout","time":336.986452842,"data":"\n"}
,{"stream_name":"stdout","time":336.986458092,"data":"被排除样本 正确率：19.81%\n"}
,{"stream_name":"stdout","time":336.986463343,"data":"类型1 正确率：   0.00% -\u003e 1    0.00%, 2  100.00%, 3    0.00%\n"}
,{"stream_name":"stdout","time":336.986468598,"data":"类型2 正确率：  40.00% -\u003e 1    0.00%, 2   40.38%, 3   59.62%\n"}
,{"stream_name":"stdout","time":336.986473935,"data":"类型3 没有样本或未被分类。\n"}
,{"stream_name":"stdout","time":336.986479284,"data":"\n"}
,{"stream_name":"stdout","time":336.986484222,"data":"\n"}
,{"stream_name":"stdout","time":350.419017949,"data":"轮次:··1/·20 || c_Loss:0.659 || e_Loss:-1.295 || Aad_Loss:-24.819 || 耗时：35.17s\n"}
,{"stream_name":"stdout","time":363.402534215,"data":"轮次:··2/·20 || c_Loss:0.477 || e_Loss:-1.689 || Aad_Loss:-28.009 || 耗时：12.98s\n"}
,{"stream_name":"stdout","time":376.263408637,"data":"轮次:··3/·20 || c_Loss:0.423 || e_Loss:-1.782 || Aad_Loss:-25.901 || 耗时：12.86s\n"}
,{"stream_name":"stdout","time":389.061540313,"data":"轮次:··4/·20 || c_Loss:0.420 || e_Loss:-0.870 || Aad_Loss:-27.617 || 耗时：12.80s\n"}
,{"stream_name":"stdout","time":401.812818038,"data":"轮次:··5/·20 || c_Loss:0.420 || e_Loss:-0.887 || Aad_Loss:-27.245 || 耗时：12.75s\n"}
,{"stream_name":"stdout","time":407.781713296,"data":"任务: (B1)N15_M01_F10→(B2)N15_M07_F10; mix批次:····0; 批次:··470/·1880;  总正确率: 77.28%\n"}
,{"stream_name":"stdout","time":407.781786546,"data":"类型1 正确率：  98.00% -\u003e 1   98.20%, 2    1.80%, 3    0.00%\n"}
,{"stream_name":"stdout","time":407.781801342,"data":"类型2 正确率：  84.00% -\u003e 1    0.00%, 2   83.65%, 3   16.35%\n"}
,{"stream_name":"stdout","time":407.781806906,"data":"类型3 正确率：  50.00% -\u003e 1    0.00%, 2   50.00%, 3   50.00%\n"}
,{"stream_name":"stdout","time":407.781817558,"data":"\n"}
,{"stream_name":"stdout","time":407.781821282,"data":"\n"}
,{"stream_name":"stdout","time":407.816098615,"data":"样本变换：reverse\n"}
,{"stream_name":"stdout","time":411.079823561,"data":"样本变换：mask\n"}
,{"stream_name":"stdout","time":414.347488228,"data":"样本变换：shift\n"}
,{"stream_name":"stdout","time":417.630821956,"data":"样本变换：none\n"}
,{"stream_name":"stderr","time":423.358379664,"data":"/kaggle/working/m2rep/reps1/sdalr_PU_final_checkpoint/tools.py:413: RuntimeWarning: invalid value encountered in divide\n"}
,{"stream_name":"stderr","time":423.358437593,"data":"  per_class_acc = conf_matrix.diagonal() / conf_matrix.sum(axis=1) * 100\n"}
,{"stream_name":"stdout","time":423.358493312,"data":"未过滤\t未用伪标签：77.28% -\u003e 使用伪标签：77.37%\n"}
,{"stream_name":"stdout","time":423.358516526,"data":"已过滤\t未用伪标签：77.26% -\u003e 使用伪标签：77.68%\n"}
,{"stream_name":"stdout","time":423.358522993,"data":"排除样本：24|6000\t剩余：1999, 2644, 1333\n"}
,{"stream_name":"stdout","time":423.358528163,"data":"增添样本：1956\t\t细则：645, 0, 1311\t正确率估算：98.93%\n"}
,{"stream_name":"stdout","time":423.358533434,"data":"类型1 正确率： 100.00% -\u003e 1   99.95%, 2    0.05%, 3    0.00%\n"}
,{"stream_name":"stdout","time":423.358538499,"data":"类型2 正确率：  83.00% -\u003e 1    0.00%, 2   83.15%, 3   16.85%\n"}
,{"stream_name":"stdout","time":423.358543637,"data":"类型3 正确率：  50.00% -\u003e 1    0.00%, 2   50.00%, 3   50.00%\n"}
,{"stream_name":"stdout","time":423.358548397,"data":"\n"}
,{"stream_name":"stdout","time":423.358553287,"data":"被排除样本 正确率：83.33%\n"}
,{"stream_name":"stdout","time":423.358558356,"data":"类型1 正确率：  83.00% -\u003e 1   83.33%, 2   16.67%\n"}
,{"stream_name":"stdout","time":423.35856368,"data":"类型2 没有样本或未被分类。\n"}
,{"stream_name":"stdout","time":423.358568689,"data":"\n"}
,{"stream_name":"stdout","time":423.358573275,"data":"\n"}
,{"stream_name":"stdout","time":436.110207551,"data":"轮次:··6/·20 || c_Loss:0.415 || e_Loss:-0.965 || Aad_Loss:-29.471 || 耗时：34.30s\n"}
,{"stream_name":"stdout","time":448.917169128,"data":"轮次:··7/·20 || c_Loss:0.368 || e_Loss:-0.962 || Aad_Loss:-28.892 || 耗时：12.81s\n"}
,{"stream_name":"stdout","time":461.747581047,"data":"轮次:··8/·20 || c_Loss:0.368 || e_Loss:-0.972 || Aad_Loss:-29.531 || 耗时：12.83s\n"}
,{"stream_name":"stdout","time":474.54433767,"data":"轮次:··9/·20 || c_Loss:0.370 || e_Loss:-0.982 || Aad_Loss:-31.170 || 耗时：12.80s\n"}
,{"stream_name":"stdout","time":487.367037141,"data":"轮次:·10/·20 || c_Loss:0.384 || e_Loss:-0.930 || Aad_Loss:-28.790 || 耗时：12.82s\n"}
,{"stream_name":"stdout","time":493.337659979,"data":"任务: (B1)N15_M01_F10→(B2)N15_M07_F10; mix批次:····0; 批次:··940/·1880;  总正确率: 76.73%\n"}
,{"stream_name":"stdout","time":493.337693401,"data":"类型1 正确率： 100.00% -\u003e 1   99.95%, 2    0.05%, 3    0.00%\n"}
,{"stream_name":"stdout","time":493.337699134,"data":"类型2 正确率：  80.00% -\u003e 1    0.00%, 2   80.25%, 3   19.75%\n"}
,{"stream_name":"stdout","time":493.337703145,"data":"类型3 正确率：  50.00% -\u003e 1    0.00%, 2   50.00%, 3   50.00%\n"}
,{"stream_name":"stdout","time":493.337724828,"data":"\n"}
,{"stream_name":"stdout","time":493.3377307,"data":"\n"}
,{"stream_name":"stdout","time":493.383888389,"data":"样本变换：reverse\n"}
,{"stream_name":"stdout","time":496.648450929,"data":"样本变换：mask\n"}
,{"stream_name":"stdout","time":499.908855852,"data":"样本变换：shift\n"}
,{"stream_name":"stdout","time":503.180846974,"data":"样本变换：none\n"}
,{"stream_name":"stderr","time":508.778023519,"data":"/kaggle/working/m2rep/reps1/sdalr_PU_final_checkpoint/tools.py:413: RuntimeWarning: invalid value encountered in divide\n"}
,{"stream_name":"stderr","time":508.77806523,"data":"  per_class_acc = conf_matrix.diagonal() / conf_matrix.sum(axis=1) * 100\n"}
,{"stream_name":"stdout","time":508.778190127,"data":"未过滤\t未用伪标签：76.73% -\u003e 使用伪标签：76.43%\n"}
,{"stream_name":"stdout","time":508.778203823,"data":"已过滤\t未用伪标签：76.73% -\u003e 使用伪标签：76.62%\n"}
,{"stream_name":"stdout","time":508.778215747,"data":"排除样本：15|6000\t剩余：2000, 2586, 1399\n"}
,{"stream_name":"stdout","time":508.778220076,"data":"增添样本：1773\t\t细则：586, 0, 1187\t正确率估算：99.55%\n"}
,{"stream_name":"stdout","time":508.778224029,"data":"类型1 正确率： 100.00% -\u003e 1  100.00%, 2    0.00%, 3    0.00%\n"}
,{"stream_name":"stdout","time":508.77822791,"data":"类型2 正确率：  80.00% -\u003e 1    0.00%, 2   79.90%, 3   20.10%\n"}
,{"stream_name":"stdout","time":508.778231724,"data":"类型3 正确率：  50.00% -\u003e 1    0.00%, 2   50.00%, 3   50.00%\n"}
,{"stream_name":"stdout","time":508.778236577,"data":"\n"}
,{"stream_name":"stdout","time":508.778256804,"data":"被排除样本 正确率：80.00%\n"}
,{"stream_name":"stdout","time":508.778263325,"data":"类型1 正确率：  80.00% -\u003e 1   80.00%, 2   20.00%\n"}
,{"stream_name":"stdout","time":508.778269724,"data":"类型2 没有样本或未被分类。\n"}
,{"stream_name":"stdout","time":508.77827613,"data":"\n"}
,{"stream_name":"stdout","time":508.778281672,"data":"\n"}
,{"stream_name":"stdout","time":521.45396138,"data":"轮次:·11/·20 || c_Loss:0.406 || e_Loss:-0.901 || Aad_Loss:-30.196 || 耗时：34.09s\n"}
,{"stream_name":"stdout","time":534.243390246,"data":"轮次:·12/·20 || c_Loss:0.413 || e_Loss:-0.953 || Aad_Loss:-29.154 || 耗时：12.79s\n"}
,{"stream_name":"stdout","time":547.053651881,"data":"轮次:·13/·20 || c_Loss:0.379 || e_Loss:-1.002 || Aad_Loss:-29.904 || 耗时：12.81s\n"}
,{"stream_name":"stdout","time":559.884699066,"data":"轮次:·14/·20 || c_Loss:0.500 || e_Loss:-0.916 || Aad_Loss:-27.895 || 耗时：12.83s\n"}
,{"stream_name":"stdout","time":572.765892163,"data":"轮次:·15/·20 || c_Loss:0.383 || e_Loss:-0.930 || Aad_Loss:-31.616 || 耗时：12.88s\n"}
,{"stream_name":"stdout","time":578.760923002,"data":"任务: (B1)N15_M01_F10→(B2)N15_M07_F10; mix批次:····0; 批次:·1410/·1880;  总正确率: 76.15%\n"}
,{"stream_name":"stdout","time":578.76099192,"data":"类型1 正确率： 100.00% -\u003e 1   99.95%, 2    0.05%, 3    0.00%\n"}
,{"stream_name":"stdout","time":578.76099863,"data":"类型2 正确率：  78.00% -\u003e 1    0.00%, 2   78.50%, 3   21.50%\n"}
,{"stream_name":"stdout","time":578.761002877,"data":"类型3 正确率：  50.00% -\u003e 1    0.00%, 2   50.00%, 3   50.00%\n"}
,{"stream_name":"stdout","time":578.761007418,"data":"\n"}
,{"stream_name":"stdout","time":578.76101129,"data":"\n"}
,{"stream_name":"stdout","time":578.804429202,"data":"样本变换：reverse\n"}
,{"stream_name":"stdout","time":582.092856554,"data":"样本变换：mask\n"}
,{"stream_name":"stdout","time":585.405873332,"data":"样本变换：shift\n"}
,{"stream_name":"stdout","time":588.71480116,"data":"样本变换：none\n"}
,{"stream_name":"stderr","time":594.211799427,"data":"/kaggle/working/m2rep/reps1/sdalr_PU_final_checkpoint/tools.py:413: RuntimeWarning: invalid value encountered in divide\n"}
,{"stream_name":"stderr","time":594.211846422,"data":"  per_class_acc = conf_matrix.diagonal() / conf_matrix.sum(axis=1) * 100\n"}
,{"stream_name":"stdout","time":594.211977671,"data":"未过滤\t未用伪标签：76.15% -\u003e 使用伪标签：75.92%\n"}
,{"stream_name":"stdout","time":594.211994387,"data":"已过滤\t未用伪标签：76.17% -\u003e 使用伪标签：76.06%\n"}
,{"stream_name":"stdout","time":594.211998502,"data":"排除样本：11|6000\t剩余：2000, 2555, 1434\n"}
,{"stream_name":"stdout","time":594.212001952,"data":"增添样本：1676\t\t细则：555, 0, 1121\t正确率估算：99.70%\n"}
,{"stream_name":"stdout","time":594.212005558,"data":"类型1 正确率： 100.00% -\u003e 1  100.00%, 2    0.00%, 3    0.00%\n"}
,{"stream_name":"stdout","time":594.212009018,"data":"类型2 正确率：  78.00% -\u003e 1    0.00%, 2   78.18%, 3   21.82%\n"}
,{"stream_name":"stdout","time":594.212012717,"data":"类型3 正确率：  50.00% -\u003e 1    0.00%, 2   50.00%, 3   50.00%\n"}
,{"stream_name":"stdout","time":594.212016065,"data":"\n"}
,{"stream_name":"stdout","time":594.212019287,"data":"被排除样本 正确率：63.64%\n"}
,{"stream_name":"stdout","time":594.212022538,"data":"类型1 正确率：  64.00% -\u003e 1   63.64%, 2   36.36%\n"}
,{"stream_name":"stdout","time":594.212025865,"data":"类型2 没有样本或未被分类。\n"}
,{"stream_name":"stdout","time":594.212029226,"data":"\n"}
,{"stream_name":"stdout","time":594.212032331,"data":"\n"}
,{"stream_name":"stdout","time":606.904088263,"data":"轮次:·16/·20 || c_Loss:0.388 || e_Loss:-0.943 || Aad_Loss:-31.774 || 耗时：34.14s\n"}
,{"stream_name":"stdout","time":619.711629449,"data":"轮次:·17/·20 || c_Loss:0.381 || e_Loss:-0.988 || Aad_Loss:-31.507 || 耗时：12.81s\n"}
,{"stream_name":"stdout","time":632.517959105,"data":"轮次:·18/·20 || c_Loss:0.380 || e_Loss:-0.981 || Aad_Loss:-29.794 || 耗时：12.81s\n"}
,{"stream_name":"stdout","time":645.315447954,"data":"轮次:·19/·20 || c_Loss:0.377 || e_Loss:-1.003 || Aad_Loss:-31.448 || 耗时：12.80s\n"}
,{"stream_name":"stdout","time":658.100193534,"data":"轮次:·20/·20 || c_Loss:0.391 || e_Loss:-0.920 || Aad_Loss:-30.731 || 耗时：12.78s\n"}
,{"stream_name":"stdout","time":664.081225157,"data":"任务: (B1)N15_M01_F10→(B2)N15_M07_F10; mix批次:····0; 批次:·1880/·1880;  总正确率: 75.77%\n"}
,{"stream_name":"stdout","time":664.08127425,"data":"类型1 正确率： 100.00% -\u003e 1  100.00%, 2    0.00%, 3    0.00%\n"}
,{"stream_name":"stdout","time":664.08128278,"data":"类型2 正确率：  77.00% -\u003e 1    0.00%, 2   77.30%, 3   22.70%\n"}
,{"stream_name":"stdout","time":664.081300114,"data":"类型3 正确率：  50.00% -\u003e 1    0.00%, 2   50.00%, 3   50.00%\n"}
,{"stream_name":"stdout","time":664.08130418,"data":"\n"}
,{"stream_name":"stdout","time":664.081307452,"data":"\n"}
,{"stream_name":"stdout","time":670.031333668,"data":"测试集任务: (B1)N15_M01_F10→(B2)N15_M07_F10; 总正确率 = 75.77%\n"}
,{"stream_name":"stdout","time":670.031368861,"data":"类型1 正确率： 100.00% -\u003e 1  100.00%, 2    0.00%, 3    0.00%\n"}
,{"stream_name":"stdout","time":670.031376289,"data":"类型2 正确率：  77.00% -\u003e 1    0.00%, 2   77.30%, 3   22.70%\n"}
,{"stream_name":"stdout","time":670.031381765,"data":"类型3 正确率：  50.00% -\u003e 1    0.00%, 2   50.00%, 3   50.00%\n"}
,{"stream_name":"stdout","time":670.03138739,"data":"\n"}
,{"stream_name":"stdout","time":670.031392378,"data":"\n"}
,{"stream_name":"stdout","time":670.055826204,"data":"[tar_adaptation_RES_PU.py --folder_root /kaggle/working/m2rep/reps1/sdalr_PU_final_checkpoint/DATA_foldB --seed 1 --class_num 3 --data_name PU_M1_L3 --output /kaggle/working/m2rep/reps1/weight_PU_M1_final_checkpoint_FAtoB_s1 --s 0 --t 1 --lr 0.0005 --threshold 0.4 --K 0.6] 360s\n"}
,{"stream_name":"stdout","time":670.083039945,"data":"读取源域路径：/kaggle/working/m2rep/reps1/weight_PU_M1_final_checkpoint_FAtoB_s1/NEW_PU/Source-源域/log\u0026pt/(B1)N15_M01_F10\n"}
,{"stream_name":"stdout","time":670.083063893,"data":"excel输出位置：/kaggle/working/m2rep/reps1/weight_PU_M1_final_checkpoint_FAtoB_s1/NEW_PU/Target-目标域\n"}
,{"stream_name":"stdout","time":670.0830708,"data":"特征图片输出位置：/kaggle/working/m2rep/reps1/weight_PU_M1_final_checkpoint_FAtoB_s1/NEW_PU/Picture-特征图/2026年09月15日15时27分/(B1)N15_M01_F10\n"}
,{"stream_name":"stderr","time":670.122677434,"data":"/usr/local/lib/python3.12/dist-packages/torch/nn/utils/weight_norm.py:144: FutureWarning: `torch.nn.utils.weight_norm` is deprecated in favor of `torch.nn.utils.parametrizations.weight_norm`.\n"}
,{"stream_name":"stderr","time":670.122699779,"data":"  WeightNorm.apply(module, name, dim)\n"}
,{"stream_name":"stdout","time":670.161646035,"data":"现在选取:(B1)N15_M01_F10 进行训练的源模型\n"}
,{"stream_name":"stdout","time":670.161689774,"data":"现在进行：(B1)N15_M01_F10→(B3)N15_M07_F04 的迁移任务\n"}
,{"stream_name":"stdout","time":670.161698386,"data":"log\u0026pt输出位置：/kaggle/working/m2rep/reps1/weight_PU_M1_final_checkpoint_FAtoB_s1/NEW_PU/Target-目标域/log\u0026pt/(B1)N15_M01_F10→(B3)N15_M07_F04\n"}
,{"stream_name":"stderr","time":670.163186259,"data":"sh: 1: Syntax error: word unexpected (expecting \")\")\n"}
,{"stream_name":"stdout","time":681.495540962,"data":"任务: (B1)N15_M01_F10→(B3)N15_M07_F04; 批次:····0/·1880;  总正确率: 67.95%\n"}
,{"stream_name":"stdout","time":681.495586904,"data":"类型1 正确率：  65.00% -\u003e 1   64.75%, 2   29.90%, 3    5.35%\n"}
,{"stream_name":"stdout","time":681.495593101,"data":"类型2 正确率：  80.00% -\u003e 1    0.00%, 2   79.90%, 3   20.10%\n"}
,{"stream_name":"stdout","time":681.495596839,"data":"类型3 正确率：  59.00% -\u003e 1    0.30%, 2   40.50%, 3   59.20%\n"}
,{"stream_name":"stdout","time":681.49560056,"data":"\n"}
,{"stream_name":"stdout","time":681.49560384,"data":"\n"}
,{"stream_name":"stdout","time":681.496277298,"data":"样本变换：reverse\n"}
,{"stream_name":"stdout","time":684.732394732,"data":"样本变换：mask\n"}
,{"stream_name":"stdout","time":688.026779833,"data":"样本变换：shift\n"}
,{"stream_name":"stdout","time":691.30484901,"data":"样本变换：none\n"}
,{"stream_name":"stdout","time":696.606010191,"data":"未过滤\t未用伪标签：67.95% -\u003e 使用伪标签：77.60%\n"}
,{"stream_name":"stdout","time":696.606050357,"data":"已过滤\t未用伪标签：67.84% -\u003e 使用伪标签：79.56%\n"}
,{"stream_name":"stdout","time":696.606058144,"data":"排除样本：148|6000\t剩余：1986, 2357, 1509\n"}
,{"stream_name":"stdout","time":696.606064359,"data":"增添样本：1219\t\t细则：371, 0, 848\t正确率估算：86.96%\n"}
,{"stream_name":"stdout","time":696.606070889,"data":"类型1 正确率： 100.00% -\u003e 1   99.85%, 2    0.05%, 3    0.10%\n"}
,{"stream_name":"stdout","time":696.606077573,"data":"类型2 正确率：  80.00% -\u003e 1    0.00%, 2   79.72%, 3   20.28%\n"}
,{"stream_name":"stdout","time":696.606083638,"data":"类型3 正确率：  58.00% -\u003e 1    0.05%, 2   41.71%, 3   58.24%\n"}
,{"stream_name":"stdout","time":696.606089782,"data":"\n"}
,{"stream_name":"stdout","time":696.606095439,"data":"被排除样本 正确率：72.30%\n"}
,{"stream_name":"stdout","time":696.606101236,"data":"类型1 正确率：   0.00% -\u003e 1    0.00%, 2   33.33%, 3   66.67%\n"}
,{"stream_name":"stdout","time":696.606107163,"data":"类型2 正确率：  60.00% -\u003e 1    0.00%, 2   59.52%, 3   40.48%\n"}
,{"stream_name":"stdout","time":696.606113142,"data":"类型3 正确率：  87.00% -\u003e 1    6.38%, 2    6.38%, 3   87.23%\n"}
,{"stream_name":"stdout","time":696.606119132,"data":"\n"}
,{"stream_name":"stdout","time":696.606124894,"data":"\n"}
,{"stream_name":"stdout","time":709.795079743,"data":"轮次:··1/·20 || c_Loss:0.567 || e_Loss:-1.580 || Aad_Loss:-26.588 || 耗时：34.12s\n"}
,{"stream_name":"stdout","time":722.819293502,"data":"轮次:··2/·20 || c_Loss:0.426 || e_Loss:-1.508 || Aad_Loss:-25.721 || 耗时：13.02s\n"}
,{"stream_name":"stdout","time":735.713615137,"data":"轮次:··3/·20 || c_Loss:0.457 || e_Loss:-1.808 || Aad_Loss:-22.809 || 耗时：12.89s\n"}
,{"stream_name":"stdout","time":748.503524214,"data":"轮次:··4/·20 || c_Loss:0.354 || e_Loss:-1.446 || Aad_Loss:-26.593 || 耗时：12.79s\n"}
,{"stream_name":"stdout","time":761.255590862,"data":"轮次:··5/·20 || c_Loss:0.357 || e_Loss:-1.500 || Aad_Loss:-29.744 || 耗时：12.75s\n"}
,{"stream_name":"stdout","time":767.201908359,"data":"任务: (B1)N15_M01_F10→(B3)N15_M07_F04; mix批次:····0; 批次:··470/·1880;  总正确率: 80.08%\n"}
,{"stream_name":"stdout","time":767.201960363,"data":"类型1 正确率： 100.00% -\u003e 1  100.00%, 2    0.00%, 3    0.00%\n"}
,{"stream_name":"stdout","time":767.201969114,"data":"类型2 正确率：  82.00% -\u003e 1    0.00%, 2   81.90%, 3   18.10%\n"}
,{"stream_name":"stdout","time":767.20197577,"data":"类型3 正确率：  58.00% -\u003e 1    0.00%, 2   41.65%, 3   58.35%\n"}
,{"stream_name":"stdout","time":767.201982839,"data":"\n"}
,{"stream_name":"stdout","time":767.20198883,"data":"\n"}
,{"stream_name":"stdout","time":767.236793317,"data":"样本变换：reverse\n"}
,{"stream_name":"stdout","time":770.488819279,"data":"样本变换：mask\n"}
,{"stream_name":"stdout","time":773.79484084,"data":"样本变换：shift\n"}
,{"stream_name":"stdout","time":777.07394157,"data":"样本变换：none\n"}
,{"stream_name":"stdout","time":782.564849941,"data":"未过滤\t未用伪标签：80.08% -\u003e 使用伪标签：79.88%\n"}
,{"stream_name":"stdout","time":782.564889992,"data":"已过滤\t未用伪标签：80.25% -\u003e 使用伪标签：80.35%\n"}
,{"stream_name":"stdout","time":782.564902334,"data":"排除样本：35|6000\t剩余：2000, 2493, 1472\n"}
,{"stream_name":"stdout","time":782.564919517,"data":"增添样本：1514\t\t细则：493, 0, 1021\t正确率估算：99.93%\n"}
,{"stream_name":"stdout","time":782.564922591,"data":"类型1 正确率： 100.00% -\u003e 1  100.00%, 2    0.00%, 3    0.00%\n"}
,{"stream_name":"stdout","time":782.564925205,"data":"类型2 正确率：  83.00% -\u003e 1    0.00%, 2   83.34%, 3   16.66%\n"}
,{"stream_name":"stdout","time":782.56492773,"data":"类型3 正确率：  58.00% -\u003e 1    0.00%, 2   42.44%, 3   57.56%\n"}
,{"stream_name":"stdout","time":782.564930306,"data":"\n"}
,{"stream_name":"stdout","time":782.564932742,"data":"被排除样本 正确率：51.43%\n"}
,{"stream_name":"stdout","time":782.564935177,"data":"类型1 正确率：  21.00% -\u003e 1   21.05%, 2   78.95%\n"}
,{"stream_name":"stdout","time":782.564937751,"data":"类型2 正确率：  88.00% -\u003e 1   12.50%, 2   87.50%\n"}
,{"stream_name":"stdout","time":782.564940368,"data":"\n"}
,{"stream_name":"stdout","time":782.564942656,"data":"\n"}
,{"stream_name":"stdout","time":795.280924893,"data":"轮次:··6/·20 || c_Loss:0.393 || e_Loss:-0.882 || Aad_Loss:-31.218 || 耗时：34.03s\n"}
,{"stream_name":"stdout","time":808.078823359,"data":"轮次:··7/·20 || c_Loss:0.393 || e_Loss:-1.517 || Aad_Loss:-27.602 || 耗时：12.80s\n"}
,{"stream_name":"stdout","time":820.903969223,"data":"轮次:··8/·20 || c_Loss:0.356 || e_Loss:-0.975 || Aad_Loss:-29.301 || 耗时：12.82s\n"}
,{"stream_name":"stdout","time":833.756892057,"data":"轮次:··9/·20 || c_Loss:0.403 || e_Loss:-1.601 || Aad_Loss:-28.212 || 耗时：12.85s\n"}
,{"stream_name":"stdout","time":846.665741287,"data":"轮次:·10/·20 || c_Loss:0.392 || e_Loss:-0.910 || Aad_Loss:-32.270 || 耗时：12.91s\n"}
,{"stream_name":"stdout","time":852.679448085,"data":"任务: (B1)N15_M01_F10→(B3)N15_M07_F04; mix批次:····0; 批次:··940/·1880;  总正确率: 80.10%\n"}
,{"stream_name":"stdout","time":852.67949539,"data":"类型1 正确率： 100.00% -\u003e 1  100.00%, 2    0.00%, 3    0.00%\n"}
,{"stream_name":"stdout","time":852.679501378,"data":"类型2 正确率：  82.00% -\u003e 1    0.00%, 2   81.75%, 3   18.25%\n"}
,{"stream_name":"stdout","time":852.679505699,"data":"类型3 正确率：  59.00% -\u003e 1    0.00%, 2   41.45%, 3   58.55%\n"}
,{"stream_name":"stdout","time":852.679509362,"data":"\n"}
,{"stream_name":"stdout","time":852.6795127,"data":"\n"}
,{"stream_name":"stdout","time":852.724882201,"data":"样本变换：reverse\n"}
,{"stream_name":"stdout","time":855.983815644,"data":"样本变换：mask\n"}
,{"stream_name":"stdout","time":859.257470224,"data":"样本变换：shift\n"}
,{"stream_name":"stdout","time":862.530829344,"data":"样本变换：none\n"}
,{"stream_name":"stdout","time":867.920575338,"data":"未过滤\t未用伪标签：80.10% -\u003e 使用伪标签：80.05%\n"}
,{"stream_name":"stdout","time":867.92061924,"data":"已过滤\t未用伪标签：80.25% -\u003e 使用伪标签：80.40%\n"}
,{"stream_name":"stdout","time":867.920624959,"data":"排除样本：26|6000\t剩余：2000, 2484, 1490\n"}
,{"stream_name":"stdout","time":867.920628473,"data":"增添样本：1478\t\t细则：484, 0, 994\t正确率估算：99.93%\n"}
,{"stream_name":"stdout","time":867.920632049,"data":"类型1 正确率： 100.00% -\u003e 1  100.00%, 2    0.00%, 3    0.00%\n"}
,{"stream_name":"stdout","time":867.920635437,"data":"类型2 正确率：  83.00% -\u003e 1    0.00%, 2   83.14%, 3   16.86%\n"}
,{"stream_name":"stdout","time":867.920638648,"data":"类型3 正确率：  58.00% -\u003e 1    0.00%, 2   42.00%, 3   58.00%\n"}
,{"stream_name":"stdout","time":867.92064172,"data":"\n"}
,{"stream_name":"stdout","time":867.920656821,"data":"被排除样本 正确率：46.15%\n"}
,{"stream_name":"stdout","time":867.920659592,"data":"类型1 正确率：  37.00% -\u003e 1   36.84%, 2   63.16%\n"}
,{"stream_name":"stdout","time":867.920661979,"data":"类型2 正确率：  71.00% -\u003e 1   28.57%, 2   71.43%\n"}
,{"stream_name":"stdout","time":867.920664353,"data":"\n"}
,{"stream_name":"stdout","time":867.920666492,"data":"\n"}
,{"stream_name":"stdout","time":880.634939975,"data":"轮次:·11/·20 || c_Loss:0.379 || e_Loss:-0.957 || Aad_Loss:-29.340 || 耗时：33.97s\n"}
,{"stream_name":"stdout","time":893.409352261,"data":"轮次:·12/·20 || c_Loss:0.418 || e_Loss:-0.923 || Aad_Loss:-28.983 || 耗时：12.77s\n"}
,{"stream_name":"stdout","time":906.205894716,"data":"轮次:·13/·20 || c_Loss:0.383 || e_Loss:-0.960 || Aad_Loss:-28.998 || 耗时：12.80s\n"}
,{"stream_name":"stdout","time":919.007191508,"data":"轮次:·14/·20 || c_Loss:0.388 || e_Loss:-0.933 || Aad_Loss:-28.597 || 耗时：12.80s\n"}
,{"stream_name":"stdout","time":931.804514576,"data":"轮次:·15/·20 || c_Loss:0.438 || e_Loss:-0.934 || Aad_Loss:-27.255 || 耗时：12.80s\n"}
,{"stream_name":"stdout","time":937.778552277,"data":"任务: (B1)N15_M01_F10→(B3)N15_M07_F04; mix批次:····0; 批次:·1410/·1880;  总正确率: 80.65%\n"}
,{"stream_name":"stdout","time":937.778618499,"data":"类型1 正确率： 100.00% -\u003e 1  100.00%, 2    0.00%, 3    0.00%\n"}
,{"stream_name":"stdout","time":937.778625249,"data":"类型2 正确率：  83.00% -\u003e 1    0.00%, 2   83.15%, 3   16.85%\n"}
,{"stream_name":"stdout","time":937.778628661,"data":"类型3 正确率：  59.00% -\u003e 1    0.00%, 2   41.20%, 3   58.80%\n"}
,{"stream_name":"stdout","time":937.778632022,"data":"\n"}
,{"stream_name":"stdout","time":937.778652769,"data":"\n"}
,{"stream_name":"stdout","time":937.823029184,"data":"样本变换：reverse\n"}
,{"stream_name":"stdout","time":941.067823495,"data":"样本变换：mask\n"}
,{"stream_name":"stdout","time":944.369936515,"data":"样本变换：shift\n"}
,{"stream_name":"stdout","time":947.661834245,"data":"样本变换：none\n"}
,{"stream_name":"stdout","time":953.041986252,"data":"未过滤\t未用伪标签：80.65% -\u003e 使用伪标签：80.43%\n"}
,{"stream_name":"stdout","time":953.04203273,"data":"已过滤\t未用伪标签：80.78% -\u003e 使用伪标签：80.74%\n"}
,{"stream_name":"stdout","time":953.042038919,"data":"排除样本：23|6000\t剩余：2000, 2473, 1504\n"}
,{"stream_name":"stdout","time":953.042043265,"data":"增添样本：1442\t\t细则：473, 0, 969\t正确率估算：99.79%\n"}
,{"stream_name":"stdout","time":953.042047363,"data":"类型1 正确率： 100.00% -\u003e 1  100.00%, 2    0.00%, 3    0.00%\n"}
,{"stream_name":"stdout","time":953.042051206,"data":"类型2 正确率：  83.00% -\u003e 1    0.00%, 2   83.25%, 3   16.75%\n"}
,{"stream_name":"stdout","time":953.042054881,"data":"类型3 正确率：  59.00% -\u003e 1    0.00%, 2   41.13%, 3   58.87%\n"}
,{"stream_name":"stdout","time":953.042058513,"data":"\n"}
,{"stream_name":"stdout","time":953.042061978,"data":"被排除样本 正确率：47.83%\n"}
,{"stream_name":"stdout","time":953.042065672,"data":"类型1 正确率：  67.00% -\u003e 1   66.67%, 2   33.33%\n"}
,{"stream_name":"stdout","time":953.042069326,"data":"类型2 正确率：  27.00% -\u003e 1   72.73%, 2   27.27%\n"}
,{"stream_name":"stdout","time":953.042072948,"data":"\n"}
,{"stream_name":"stdout","time":953.042076366,"data":"\n"}
,{"stream_name":"stdout","time":965.729798377,"data":"轮次:·16/·20 || c_Loss:0.415 || e_Loss:-0.982 || Aad_Loss:-29.505 || 耗时：33.93s\n"}
,{"stream_name":"stdout","time":978.503470267,"data":"轮次:·17/·20 || c_Loss:0.406 || e_Loss:-0.925 || Aad_Loss:-29.786 || 耗时：12.77s\n"}
,{"stream_name":"stdout","time":991.264976085,"data":"轮次:·18/·20 || c_Loss:0.377 || e_Loss:-0.973 || Aad_Loss:-29.273 || 耗时：12.76s\n"}
,{"stream_name":"stdout","time":1004.081304753,"data":"轮次:·19/·20 || c_Loss:0.387 || e_Loss:-0.961 || Aad_Loss:-29.351 || 耗时：12.82s\n"}
,{"stream_name":"stdout","time":1016.872383288,"data":"轮次:·20/·20 || c_Loss:0.450 || e_Loss:-0.985 || Aad_Loss:-30.539 || 耗时：12.79s\n"}
,{"stream_name":"stdout","time":1022.884825117,"data":"任务: (B1)N15_M01_F10→(B3)N15_M07_F04; mix批次:····0; 批次:·1880/·1880;  总正确率: 80.72%\n"}
,{"stream_name":"stdout","time":1022.885819099,"data":"类型1 正确率： 100.00% -\u003e 1  100.00%, 2    0.00%, 3    0.00%\n"}
,{"stream_name":"stdout","time":1022.885835467,"data":"类型2 正确率：  82.00% -\u003e 1    0.00%, 2   82.20%, 3   17.80%\n"}
,{"stream_name":"stdout","time":1022.885842694,"data":"类型3 正确率：  60.00% -\u003e 1    0.00%, 2   40.05%, 3   59.95%\n"}
,{"stream_name":"stdout","time":1022.885848672,"data":"\n"}
,{"stream_name":"stdout","time":1022.885854109,"data":"\n"}
,{"stream_name":"stdout","time":1028.866412855,"data":"测试集任务: (B1)N15_M01_F10→(B3)N15_M07_F04; 总正确率 = 80.72%\n"}
,{"stream_name":"stdout","time":1028.866544895,"data":"类型1 正确率： 100.00% -\u003e 1  100.00%, 2    0.00%, 3    0.00%\n"}
,{"stream_name":"stdout","time":1028.867472081,"data":"类型2 正确率：  82.00% -\u003e 1    0.00%, 2   82.20%, 3   17.80%\n"}
,{"stream_name":"stdout","time":1028.867531772,"data":"类型3 正确率：  60.00% -\u003e 1    0.00%, 2   40.05%, 3   59.95%\n"}
,{"stream_name":"stdout","time":1028.867537999,"data":"\n"}
,{"stream_name":"stdout","time":1028.86754327,"data":"\n"}
,{"stream_name":"stdout","time":1028.900302321,"data":"[tar_adaptation_RES_PU.py --folder_root /kaggle/working/m2rep/reps1/sdalr_PU_final_checkpoint/DATA_foldB --seed 1 --class_num 3 --data_name PU_M1_L3 --output /kaggle/working/m2rep/reps1/weight_PU_M1_final_checkpoint_FAtoB_s1 --s 0 --t 2 --lr 0.0005 --threshold 0.4 --K 0.6] 359s\n"}
,{"stream_name":"stdout","time":1028.929419572,"data":"读取源域路径：/kaggle/working/m2rep/reps1/weight_PU_M1_final_checkpoint_FAtoB_s1/NEW_PU/Source-源域/log\u0026pt/(B2)N15_M07_F10\n"}
,{"stream_name":"stdout","time":1028.929443514,"data":"excel输出位置：/kaggle/working/m2rep/reps1/weight_PU_M1_final_checkpoint_FAtoB_s1/NEW_PU/Target-目标域\n"}
,{"stream_name":"stdout","time":1028.929450449,"data":"特征图片输出位置：/kaggle/working/m2rep/reps1/weight_PU_M1_final_checkpoint_FAtoB_s1/NEW_PU/Picture-特征图/2026年09月15日15时33分/(B2)N15_M07_F10\n"}
,{"stream_name":"stderr","time":1028.964408002,"data":"/usr/local/lib/python3.12/dist-packages/torch/nn/utils/weight_norm.py:144: FutureWarning: `torch.nn.utils.weight_norm` is deprecated in favor of `torch.nn.utils.parametrizations.weight_norm`.\n"}
,{"stream_name":"stderr","time":1028.964434202,"data":"  WeightNorm.apply(module, name, dim)\n"}
,{"stream_name":"stdout","time":1029.00316602,"data":"现在选取:(B2)N15_M07_F10 进行训练的源模型\n"}
,{"stream_name":"stdout","time":1029.003191526,"data":"现在进行：(B2)N15_M07_F10→(B1)N15_M01_F10 的迁移任务\n"}
,{"stream_name":"stdout","time":1029.00319987,"data":"log\u0026pt输出位置：/kaggle/working/m2rep/reps1/weight_PU_M1_final_checkpoint_FAtoB_s1/NEW_PU/Target-目标域/log\u0026pt/(B2)N15_M07_F10→(B1)N15_M01_F10\n"}
,{"stream_name":"stderr","time":1029.004625643,"data":"sh: 1: Syntax error: word unexpected (expecting \")\")\n"}
,{"stream_name":"stdout","time":1040.515108819,"data":"任务: (B2)N15_M07_F10→(B1)N15_M01_F10; 批次:····0/·1880;  总正确率: 55.33%\n"}
,{"stream_name":"stdout","time":1040.515153158,"data":"类型1 正确率：  69.00% -\u003e 1   69.30%, 2   30.70%, 3    0.00%\n"}
,{"stream_name":"stdout","time":1040.515160027,"data":"类型2 正确率：  47.00% -\u003e 1    0.00%, 2   46.70%, 3   53.30%\n"}
,{"stream_name":"stdout","time":1040.515163833,"data":"类型3 正确率：  50.00% -\u003e 1    0.00%, 2   50.00%, 3   50.00%\n"}
,{"stream_name":"stdout","time":1040.515167334,"data":"\n"}
,{"stream_name":"stdout","time":1040.51526048,"data":"\n"}
,{"stream_name":"stdout","time":1040.515904309,"data":"样本变换：reverse\n"}
,{"stream_name":"stdout","time":1043.757823589,"data":"样本变换：mask\n"}
,{"stream_name":"stdout","time":1047.040832538,"data":"样本变换：shift\n"}
,{"stream_name":"stdout","time":1050.303870242,"data":"样本变换：none\n"}
,{"stream_name":"stderr","time":1055.703676799,"data":"/kaggle/working/m2rep/reps1/sdalr_PU_final_checkpoint/tools.py:413: RuntimeWarning: invalid value encountered in divide\n"}
,{"stream_name":"stderr","time":1055.703740055,"data":"  per_class_acc = conf_matrix.diagonal() / conf_matrix.sum(axis=1) * 100\n"}
,{"stream_name":"stdout","time":1055.703795669,"data":"未过滤\t未用伪标签：55.33% -\u003e 使用伪标签：55.77%\n"}
,{"stream_name":"stdout","time":1055.703824873,"data":"已过滤\t未用伪标签：54.92% -\u003e 使用伪标签：57.27%\n"}
,{"stream_name":"stdout","time":1055.703832457,"data":"排除样本：157|6000\t剩余：1877, 1555, 2411\n"}
,{"stream_name":"stdout","time":1055.703838243,"data":"增添样本：1390\t\t细则：534, 856, 0\t正确率估算：90.22%\n"}
,{"stream_name":"stdout","time":1055.703843549,"data":"类型1 正确率：  96.00% -\u003e 1   95.62%, 2    4.38%, 3    0.00%\n"}
,{"stream_name":"stdout","time":1055.703850834,"data":"类型2 正确率：  25.00% -\u003e 1    0.00%, 2   24.95%, 3   75.05%\n"}
,{"stream_name":"stdout","time":1055.703856906,"data":"类型3 正确率：  50.00% -\u003e 1    0.00%, 2   50.00%, 3   50.00%\n"}
,{"stream_name":"stdout","time":1055.703861895,"data":"\n"}
,{"stream_name":"stdout","time":1055.703867169,"data":"被排除样本 正确率：70.70%\n"}
,{"stream_name":"stdout","time":1055.703872196,"data":"类型1 正确率：   0.00% -\u003e 1    0.00%, 2  100.00%, 3    0.00%\n"}
,{"stream_name":"stdout","time":1055.703877491,"data":"类型2 正确率：  92.00% -\u003e 1    0.00%, 2   92.50%, 3    7.50%\n"}
,{"stream_name":"stdout","time":1055.703882691,"data":"类型3 没有样本或未被分类。\n"}
,{"stream_name":"stdout","time":1055.70388782,"data":"\n"}
,{"stream_name":"stdout","time":1055.703894743,"data":"\n"}
,{"stream_name":"stdout","time":1068.732791624,"data":"轮次:··1/·20 || c_Loss:0.614 || e_Loss:-0.956 || Aad_Loss:-23.576 || 耗时：34.08s\n"}
,{"stream_name":"stdout","time":1081.64831197,"data":"轮次:··2/·20 || c_Loss:0.434 || e_Loss:-0.913 || Aad_Loss:-27.529 || 耗时：12.92s\n"}
,{"stream_name":"stdout","time":1094.451678805,"data":"轮次:··3/·20 || c_Loss:0.400 || e_Loss:-1.646 || Aad_Loss:-26.387 || 耗时：12.80s\n"}
,{"stream_name":"stdout","time":1107.195808492,"data":"轮次:··4/·20 || c_Loss:0.374 || e_Loss:-0.881 || Aad_Loss:-27.317 || 耗时：12.74s\n"}
,{"stream_name":"stdout","time":1119.911287187,"data":"轮次:··5/·20 || c_Loss:0.422 || e_Loss:-0.837 || Aad_Loss:-24.607 || 耗时：12.72s\n"}
,{"stream_name":"stdout","time":1125.899628539,"data":"任务: (B2)N15_M07_F10→(B1)N15_M01_F10; mix批次:····0; 批次:··470/·1880;  总正确率: 58.75%\n"}
,{"stream_name":"stdout","time":1125.899709556,"data":"类型1 正确率： 100.00% -\u003e 1   99.55%, 2    0.45%, 3    0.00%\n"}
,{"stream_name":"stdout","time":1125.89973332,"data":"类型2 正确率：  27.00% -\u003e 1    0.00%, 2   26.70%, 3   73.30%\n"}
,{"stream_name":"stdout","time":1125.899739939,"data":"类型3 正确率：  50.00% -\u003e 1    0.00%, 2   50.00%, 3   50.00%\n"}
,{"stream_name":"stdout","time":1125.899786291,"data":"\n"}
,{"stream_name":"stdout","time":1125.899802604,"data":"\n"}
,{"stream_name":"stdout","time":1125.93413779,"data":"样本变换：reverse\n"}
,{"stream_name":"stdout","time":1129.172825937,"data":"样本变换：mask\n"}
,{"stream_name":"stdout","time":1132.444562047,"data":"样本变换：shift\n"}
,{"stream_name":"stdout","time":1135.748844353,"data":"样本变换：none\n"}
,{"stream_name":"stderr","time":1141.313112295,"data":"/kaggle/working/m2rep/reps1/sdalr_PU_final_checkpoint/tools.py:413: RuntimeWarning: invalid value encountered in divide\n"}
,{"stream_name":"stderr","time":1141.313173801,"data":"  per_class_acc = conf_matrix.diagonal() / conf_matrix.sum(axis=1) * 100\n"}
,{"stream_name":"stdout","time":1141.31329553,"data":"未过滤\t未用伪标签：58.75% -\u003e 使用伪标签：55.97%\n"}
,{"stream_name":"stdout","time":1141.313320451,"data":"已过滤\t未用伪标签：58.43% -\u003e 使用伪标签：56.42%\n"}
,{"stream_name":"stdout","time":1141.313328014,"data":"排除样本：48|6000\t剩余：2000, 1358, 2594\n"}
,{"stream_name":"stdout","time":1141.313334183,"data":"增添样本：1830\t\t细则：594, 1236, 0\t正确率估算：99.67%\n"}
,{"stream_name":"stdout","time":1141.313340071,"data":"类型1 正确率： 100.00% -\u003e 1  100.00%, 2    0.00%, 3    0.00%\n"}
,{"stream_name":"stdout","time":1141.313345716,"data":"类型2 正确率：  18.00% -\u003e 1    0.00%, 2   18.34%, 3   81.66%\n"}
,{"stream_name":"stdout","time":1141.313351215,"data":"类型3 正确率：  50.00% -\u003e 1    0.00%, 2   50.00%, 3   50.00%\n"}
,{"stream_name":"stdout","time":1141.313357004,"data":"\n"}
,{"stream_name":"stdout","time":1141.31336202,"data":"被排除样本 正确率：97.92%\n"}
,{"stream_name":"stdout","time":1141.313367819,"data":"类型1 正确率：  98.00% -\u003e 1   97.92%, 2    2.08%\n"}
,{"stream_name":"stdout","time":1141.313373226,"data":"类型2 没有样本或未被分类。\n"}
,{"stream_name":"stdout","time":1141.313378968,"data":"\n"}
,{"stream_name":"stdout","time":1141.313383863,"data":"\n"}
,{"stream_name":"stdout","time":1154.06172701,"data":"轮次:··6/·20 || c_Loss:0.375 || e_Loss:-1.700 || Aad_Loss:-28.441 || 耗时：34.15s\n"}
,{"stream_name":"stdout","time":1166.891555523,"data":"轮次:··7/·20 || c_Loss:0.424 || e_Loss:-0.914 || Aad_Loss:-28.013 || 耗时：12.83s\n"}
,{"stream_name":"stdout","time":1179.707667427,"data":"轮次:··8/·20 || c_Loss:0.403 || e_Loss:-0.867 || Aad_Loss:-30.970 || 耗时：12.82s\n"}
,{"stream_name":"stdout","time":1192.547921313,"data":"轮次:··9/·20 || c_Loss:0.402 || e_Loss:-1.730 || Aad_Loss:-27.811 || 耗时：12.84s\n"}
,{"stream_name":"stdout","time":1205.444106843,"data":"轮次:·10/·20 || c_Loss:0.400 || e_Loss:-1.394 || Aad_Loss:-28.145 || 耗时：12.90s\n"}
,{"stream_name":"stdout","time":1211.459987507,"data":"任务: (B2)N15_M07_F10→(B1)N15_M01_F10; mix批次:····0; 批次:··940/·1880;  总正确率: 57.48%\n"}
,{"stream_name":"stdout","time":1211.460035487,"data":"类型1 正确率： 100.00% -\u003e 1  100.00%, 2    0.00%, 3    0.00%\n"}
,{"stream_name":"stdout","time":1211.460041483,"data":"类型2 正确率：  22.00% -\u003e 1    0.00%, 2   22.45%, 3   77.55%\n"}
,{"stream_name":"stdout","time":1211.460046145,"data":"类型3 正确率：  50.00% -\u003e 1    0.00%, 2   50.00%, 3   50.00%\n"}
,{"stream_name":"stdout","time":1211.460062963,"data":"\n"}
,{"stream_name":"stdout","time":1211.460065802,"data":"\n"}
,{"stream_name":"stdout","time":1211.505233923,"data":"样本变换：reverse\n"}
,{"stream_name":"stdout","time":1214.754891029,"data":"样本变换：mask\n"}
,{"stream_name":"stdout","time":1218.077193248,"data":"样本变换：shift\n"}
,{"stream_name":"stdout","time":1221.395795653,"data":"样本变换：none\n"}
,{"stream_name":"stderr","time":1227.135242721,"data":"/kaggle/working/m2rep/reps1/sdalr_PU_final_checkpoint/tools.py:413: RuntimeWarning: invalid value encountered in divide\n"}
,{"stream_name":"stderr","time":1227.135284889,"data":"  per_class_acc = conf_matrix.diagonal() / conf_matrix.sum(axis=1) * 100\n"}
,{"stream_name":"stdout","time":1227.135438235,"data":"未过滤\t未用伪标签：57.48% -\u003e 使用伪标签：56.18%\n"}
,{"stream_name":"stdout","time":1227.135455008,"data":"已过滤\t未用伪标签：57.25% -\u003e 使用伪标签：56.67%\n"}
,{"stream_name":"stdout","time":1227.135462415,"data":"排除样本：52|6000\t剩余：2000, 1371, 2577\n"}
,{"stream_name":"stdout","time":1227.135468655,"data":"增添样本：1783\t\t细则：577, 1206, 0\t正确率估算：99.94%\n"}
,{"stream_name":"stdout","time":1227.135475404,"data":"类型1 正确率： 100.00% -\u003e 1  100.00%, 2    0.00%, 3    0.00%\n"}
,{"stream_name":"stdout","time":1227.135481549,"data":"类型2 正确率：  19.00% -\u003e 1    0.00%, 2   19.05%, 3   80.95%\n"}
,{"stream_name":"stdout","time":1227.135486902,"data":"类型3 正确率：  50.00% -\u003e 1    0.00%, 2   50.00%, 3   50.00%\n"}
,{"stream_name":"stdout","time":1227.135492637,"data":"\n"}
,{"stream_name":"stdout","time":1227.135497682,"data":"被排除样本 正确率：84.62%\n"}
,{"stream_name":"stdout","time":1227.13550478,"data":"类型1 正确率：  85.00% -\u003e 1   84.62%, 2   15.38%\n"}
,{"stream_name":"stdout","time":1227.135514151,"data":"类型2 没有样本或未被分类。\n"}
,{"stream_name":"stdout","time":1227.135517861,"data":"\n"}
,{"stream_name":"stdout","time":1227.135521284,"data":"\n"}
,{"stream_name":"stdout","time":1239.925617031,"data":"轮次:·11/·20 || c_Loss:0.422 || e_Loss:-0.876 || Aad_Loss:-26.312 || 耗时：34.48s\n"}
,{"stream_name":"stdout","time":1252.819612467,"data":"轮次:·12/·20 || c_Loss:0.395 || e_Loss:-1.577 || Aad_Loss:-27.795 || 耗时：12.89s\n"}
,{"stream_name":"stdout","time":1265.685648629,"data":"轮次:·13/·20 || c_Loss:0.377 || e_Loss:-1.696 || Aad_Loss:-30.689 || 耗时：12.87s\n"}
,{"stream_name":"stdout","time":1278.520435719,"data":"轮次:·14/·20 || c_Loss:0.392 || e_Loss:-0.855 || Aad_Loss:-27.366 || 耗时：12.83s\n"}
,{"stream_name":"stdout","time":1291.418181018,"data":"轮次:·15/·20 || c_Loss:0.394 || e_Loss:-0.929 || Aad_Loss:-30.090 || 耗时：12.90s\n"}
,{"stream_name":"stdout","time":1297.432535622,"data":"任务: (B2)N15_M07_F10→(B1)N15_M01_F10; mix批次:····0; 批次:·1410/·1880;  总正确率: 58.32%\n"}
,{"stream_name":"stdout","time":1297.432576042,"data":"类型1 正确率： 100.00% -\u003e 1  100.00%, 2    0.00%, 3    0.00%\n"}
,{"stream_name":"stdout","time":1297.432584512,"data":"类型2 正确率：  25.00% -\u003e 1    0.00%, 2   24.95%, 3   75.05%\n"}
,{"stream_name":"stdout","time":1297.432590985,"data":"类型3 正确率：  50.00% -\u003e 1    0.00%, 2   50.00%, 3   50.00%\n"}
,{"stream_name":"stdout","time":1297.432597566,"data":"\n"}
,{"stream_name":"stdout","time":1297.432603429,"data":"\n"}
,{"stream_name":"stdout","time":1297.478057572,"data":"样本变换：reverse\n"}
,{"stream_name":"stdout","time":1300.747860649,"data":"样本变换：mask\n"}
,{"stream_name":"stdout","time":1304.07785188,"data":"样本变换：shift\n"}
,{"stream_name":"stdout","time":1307.382832314,"data":"样本变换：none\n"}
,{"stream_name":"stderr","time":1312.873584773,"data":"/kaggle/working/m2rep/reps1/sdalr_PU_final_checkpoint/tools.py:413: RuntimeWarning: invalid value encountered in divide\n"}
,{"stream_name":"stderr","time":1312.873634917,"data":"  per_class_acc = conf_matrix.diagonal() / conf_matrix.sum(axis=1) * 100\n"}
,{"stream_name":"stdout","time":1312.873826579,"data":"未过滤\t未用伪标签：58.32% -\u003e 使用伪标签：57.87%\n"}
,{"stream_name":"stdout","time":1312.873852738,"data":"已过滤\t未用伪标签：58.47% -\u003e 使用伪标签：58.38%\n"}
,{"stream_name":"stdout","time":1312.873860013,"data":"排除样本：53|6000\t剩余：2000, 1472, 2475\n"}
,{"stream_name":"stdout","time":1312.87386588,"data":"增添样本：1478\t\t细则：475, 1003, 0\t正确率估算：99.66%\n"}
,{"stream_name":"stdout","time":1312.873871703,"data":"类型1 正确率： 100.00% -\u003e 1  100.00%, 2    0.00%, 3    0.00%\n"}
,{"stream_name":"stdout","time":1312.873877642,"data":"类型2 正确率：  24.00% -\u003e 1    0.00%, 2   24.24%, 3   75.76%\n"}
,{"stream_name":"stdout","time":1312.873883415,"data":"类型3 正确率：  50.00% -\u003e 1    0.00%, 2   50.00%, 3   50.00%\n"}
,{"stream_name":"stdout","time":1312.873889094,"data":"\n"}
,{"stream_name":"stdout","time":1312.873894405,"data":"被排除样本 正确率：41.51%\n"}
,{"stream_name":"stdout","time":1312.8738998,"data":"类型1 正确率：  42.00% -\u003e 1   41.51%, 2   58.49%\n"}
,{"stream_name":"stdout","time":1312.873905183,"data":"类型2 没有样本或未被分类。\n"}
,{"stream_name":"stdout","time":1312.873910806,"data":"\n"}
,{"stream_name":"stdout","time":1312.87391638,"data":"\n"}
,{"stream_name":"stdout","time":1325.634709944,"data":"轮次:·16/·20 || c_Loss:0.387 || e_Loss:-1.766 || Aad_Loss:-28.555 || 耗时：34.22s\n"}
,{"stream_name":"stdout","time":1338.507322479,"data":"轮次:·17/·20 || c_Loss:0.399 || e_Loss:-1.727 || Aad_Loss:-28.131 || 耗时：12.87s\n"}
,{"stream_name":"stdout","time":1351.429658012,"data":"轮次:·18/·20 || c_Loss:0.389 || e_Loss:-0.934 || Aad_Loss:-28.349 || 耗时：12.92s\n"}
,{"stream_name":"stdout","time":1364.366627679,"data":"轮次:·19/·20 || c_Loss:0.390 || e_Loss:-0.900 || Aad_Loss:-28.272 || 耗时：12.94s\n"}
,{"stream_name":"stdout","time":1377.306216411,"data":"轮次:·20/·20 || c_Loss:0.381 || e_Loss:-0.903 || Aad_Loss:-27.982 || 耗时：12.94s\n"}
,{"stream_name":"stdout","time":1383.3731933,"data":"任务: (B2)N15_M07_F10→(B1)N15_M01_F10; mix批次:····0; 批次:·1880/·1880;  总正确率: 59.20%\n"}
,{"stream_name":"stdout","time":1383.373241938,"data":"类型1 正确率： 100.00% -\u003e 1  100.00%, 2    0.00%, 3    0.00%\n"}
,{"stream_name":"stdout","time":1383.373247968,"data":"类型2 正确率：  28.00% -\u003e 1    0.00%, 2   27.60%, 3   72.40%\n"}
,{"stream_name":"stdout","time":1383.373252162,"data":"类型3 正确率：  50.00% -\u003e 1    0.00%, 2   50.00%, 3   50.00%\n"}
,{"stream_name":"stdout","time":1383.373256023,"data":"\n"}
,{"stream_name":"stdout","time":1383.373259854,"data":"\n"}
,{"stream_name":"stdout","time":1389.391104462,"data":"测试集任务: (B2)N15_M07_F10→(B1)N15_M01_F10; 总正确率 = 59.20%\n"}
,{"stream_name":"stdout","time":1389.391145069,"data":"类型1 正确率： 100.00% -\u003e 1  100.00%, 2    0.00%, 3    0.00%\n"}
,{"stream_name":"stdout","time":1389.39115842,"data":"类型2 正确率：  28.00% -\u003e 1    0.00%, 2   27.60%, 3   72.40%\n"}
,{"stream_name":"stdout","time":1389.391175991,"data":"类型3 正确率：  50.00% -\u003e 1    0.00%, 2   50.00%, 3   50.00%\n"}
,{"stream_name":"stdout","time":1389.391179088,"data":"\n"}
,{"stream_name":"stdout","time":1389.391181624,"data":"\n"}
,{"stream_name":"stdout","time":1389.417959577,"data":"[tar_adaptation_RES_PU.py --folder_root /kaggle/working/m2rep/reps1/sdalr_PU_final_checkpoint/DATA_foldB --seed 1 --class_num 3 --data_name PU_M1_L3 --output /kaggle/working/m2rep/reps1/weight_PU_M1_final_checkpoint_FAtoB_s1 --s 1 --t 0 --lr 0.0005 --threshold 0.4 --K 0.6] 360s\n"}
,{"stream_name":"stdout","time":1389.446416907,"data":"读取源域路径：/kaggle/working/m2rep/reps1/weight_PU_M1_final_checkpoint_FAtoB_s1/NEW_PU/Source-源域/log\u0026pt/(B2)N15_M07_F10\n"}
,{"stream_name":"stdout","time":1389.446446036,"data":"excel输出位置：/kaggle/working/m2rep/reps1/weight_PU_M1_final_checkpoint_FAtoB_s1/NEW_PU/Target-目标域\n"}
,{"stream_name":"stdout","time":1389.446458016,"data":"特征图片输出位置：/kaggle/working/m2rep/reps1/weight_PU_M1_final_checkpoint_FAtoB_s1/NEW_PU/Picture-特征图/2026年09月15日15时39分/(B2)N15_M07_F10\n"}
,{"stream_name":"stderr","time":1389.484482139,"data":"/usr/local/lib/python3.12/dist-packages/torch/nn/utils/weight_norm.py:144: FutureWarning: `torch.nn.utils.weight_norm` is deprecated in favor of `torch.nn.utils.parametrizations.weight_norm`.\n"}
,{"stream_name":"stderr","time":1389.484517765,"data":"  WeightNorm.apply(module, name, dim)\n"}
,{"stream_name":"stdout","time":1389.526835386,"data":"现在选取:(B2)N15_M07_F10 进行训练的源模型\n"}
,{"stream_name":"stdout","time":1389.526866393,"data":"现在进行：(B2)N15_M07_F10→(B3)N15_M07_F04 的迁移任务\n"}
,{"stream_name":"stdout","time":1389.526872283,"data":"log\u0026pt输出位置：/kaggle/working/m2rep/reps1/weight_PU_M1_final_checkpoint_FAtoB_s1/NEW_PU/Target-目标域/log\u0026pt/(B2)N15_M07_F10→(B3)N15_M07_F04\n"}
,{"stream_name":"stderr","time":1389.528445115,"data":"sh: 1: Syntax error: word unexpected (expecting \")\")\n"}
,{"stream_name":"stdout","time":1401.169565861,"data":"任务: (B2)N15_M07_F10→(B3)N15_M07_F04; 批次:····0/·1880;  总正确率: 63.88%\n"}
,{"stream_name":"stdout","time":1401.169618173,"data":"类型1 正确率：  78.00% -\u003e 1   78.10%, 2   21.90%, 3    0.00%\n"}
,{"stream_name":"stdout","time":1401.169630845,"data":"类型2 正确率：  64.00% -\u003e 1    0.00%, 2   63.85%, 3   36.15%\n"}
,{"stream_name":"stdout","time":1401.169634959,"data":"类型3 正确率：  50.00% -\u003e 1    7.90%, 2   42.40%, 3   49.70%\n"}
,{"stream_name":"stdout","time":1401.169638579,"data":"\n"}
,{"stream_name":"stdout","time":1401.169642244,"data":"\n"}
,{"stream_name":"stdout","time":1401.170437221,"data":"样本变换：reverse\n"}
,{"stream_name":"stdout","time":1404.476883179,"data":"样本变换：mask\n"}
,{"stream_name":"stdout","time":1407.823919926,"data":"样本变换：shift\n"}
,{"stream_name":"stdout","time":1411.187887964,"data":"样本变换：none\n"}
,{"stream_name":"stdout","time":1416.464600482,"data":"未过滤\t未用伪标签：63.88% -\u003e 使用伪标签：60.28%\n"}
,{"stream_name":"stdout","time":1416.464640354,"data":"已过滤\t未用伪标签：63.55% -\u003e 使用伪标签：61.87%\n"}
,{"stream_name":"stdout","time":1416.464646645,"data":"排除样本：154|6000\t剩余：2163, 1449, 2234\n"}
,{"stream_name":"stdout","time":1416.464651417,"data":"增添样本：856\t\t细则：71, 785, 0\t正确率估算：96.50%\n"}
,{"stream_name":"stdout","time":1416.464680274,"data":"类型1 正确率： 100.00% -\u003e 1   99.85%, 2    0.15%, 3    0.00%\n"}
,{"stream_name":"stdout","time":1416.464701827,"data":"类型2 正确率：  34.00% -\u003e 1    0.00%, 2   33.76%, 3   66.24%\n"}
,{"stream_name":"stdout","time":1416.464706017,"data":"类型3 正确率：  50.00% -\u003e 1    8.79%, 2   41.01%, 3   50.20%\n"}
,{"stream_name":"stdout","time":1416.464709787,"data":"\n"}
,{"stream_name":"stdout","time":1416.464715231,"data":"被排除样本 正确率：76.62%\n"}
,{"stream_name":"stdout","time":1416.464722299,"data":"类型1 正确率：   0.00% -\u003e 1    0.00%, 2  100.00%, 3    0.00%\n"}
,{"stream_name":"stdout","time":1416.464724869,"data":"类型2 正确率：  86.00% -\u003e 1    0.00%, 2   86.13%, 3   13.87%\n"}
,{"stream_name":"stdout","time":1416.464727377,"data":"类型3 正确率：   0.00% -\u003e 1    0.00%, 2  100.00%, 3    0.00%\n"}
,{"stream_name":"stdout","time":1416.464729911,"data":"\n"}
,{"stream_name":"stdout","time":1416.464732256,"data":"\n"}
,{"stream_name":"stdout","time":1429.644524572,"data":"轮次:··1/·20 || c_Loss:0.631 || e_Loss:-1.250 || Aad_Loss:-24.346 || 耗时：34.38s\n"}
,{"stream_name":"stdout","time":1442.564544747,"data":"轮次:··2/·20 || c_Loss:0.451 || e_Loss:-1.572 || Aad_Loss:-23.731 || 耗时：12.92s\n"}
,{"stream_name":"stdout","time":1455.380721898,"data":"轮次:··3/·20 || c_Loss:0.439 || e_Loss:-1.489 || Aad_Loss:-25.096 || 耗时：12.82s\n"}
,{"stream_name":"stdout","time":1468.101375903,"data":"轮次:··4/·20 || c_Loss:0.404 || e_Loss:-1.580 || Aad_Loss:-24.243 || 耗时：12.72s\n"}
,{"stream_name":"stdout","time":1480.807273337,"data":"轮次:··5/·20 || c_Loss:0.412 || e_Loss:-0.775 || Aad_Loss:-24.942 || 耗时：12.71s\n"}
,{"stream_name":"stdout","time":1486.77885724,"data":"任务: (B2)N15_M07_F10→(B3)N15_M07_F04; mix批次:····0; 批次:··470/·1880;  总正确率: 61.57%\n"}
,{"stream_name":"stdout","time":1486.778891602,"data":"类型1 正确率： 100.00% -\u003e 1  100.00%, 2    0.00%, 3    0.00%\n"}
,{"stream_name":"stdout","time":1486.77889962,"data":"类型2 正确率：  35.00% -\u003e 1    0.00%, 2   34.70%, 3   65.30%\n"}
,{"stream_name":"stdout","time":1486.778906428,"data":"类型3 正确率：  50.00% -\u003e 1    7.00%, 2   43.00%, 3   50.00%\n"}
,{"stream_name":"stdout","time":1486.778912483,"data":"\n"}
,{"stream_name":"stdout","time":1486.778918257,"data":"\n"}
,{"stream_name":"stdout","time":1486.81351656,"data":"样本变换：reverse\n"}
,{"stream_name":"stdout","time":1490.099783493,"data":"样本变换：mask\n"}
,{"stream_name":"stdout","time":1493.406841124,"data":"样本变换：shift\n"}
,{"stream_name":"stdout","time":1496.722921946,"data":"样本变换：none\n"}
,{"stream_name":"stdout","time":1502.100951434,"data":"未过滤\t未用伪标签：61.57% -\u003e 使用伪标签：59.20%\n"}
,{"stream_name":"stdout","time":1502.101010266,"data":"已过滤\t未用伪标签：61.43% -\u003e 使用伪标签：59.91%\n"}
,{"stream_name":"stdout","time":1502.101015734,"data":"排除样本：71|6000\t剩余：2181, 1361, 2387\n"}
,{"stream_name":"stdout","time":1502.101019473,"data":"增添样本：1232\t\t细则：206, 1026, 0\t正确率估算：99.35%\n"}
,{"stream_name":"stdout","time":1502.101023077,"data":"类型1 正确率： 100.00% -\u003e 1  100.00%, 2    0.00%, 3    0.00%\n"}
,{"stream_name":"stdout","time":1502.101026559,"data":"类型2 正确率：  28.00% -\u003e 1    0.00%, 2   28.47%, 3   71.53%\n"}
,{"stream_name":"stdout","time":1502.10102993,"data":"类型3 正确率：  50.00% -\u003e 1    9.10%, 2   40.65%, 3   50.25%\n"}
,{"stream_name":"stdout","time":1502.101033234,"data":"\n"}
,{"stream_name":"stdout","time":1502.101036505,"data":"被排除样本 正确率：73.24%\n"}
,{"stream_name":"stdout","time":1502.101052042,"data":"类型1 正确率：  85.00% -\u003e 1   85.25%, 2   14.75%\n"}
,{"stream_name":"stdout","time":1502.101054838,"data":"类型2 正确率：   0.00% -\u003e 1  100.00%, 2    0.00%\n"}
,{"stream_name":"stdout","time":1502.101057399,"data":"\n"}
,{"stream_name":"stdout","time":1502.101059664,"data":"\n"}
,{"stream_name":"stdout","time":1514.901251684,"data":"轮次:··6/·20 || c_Loss:0.420 || e_Loss:-1.582 || Aad_Loss:-25.684 || 耗时：34.09s\n"}
,{"stream_name":"stdout","time":1527.847674954,"data":"轮次:··7/·20 || c_Loss:0.401 || e_Loss:-0.867 || Aad_Loss:-27.347 || 耗时：12.95s\n"}
,{"stream_name":"stdout","time":1540.76449038,"data":"轮次:··8/·20 || c_Loss:0.405 || e_Loss:-1.506 || Aad_Loss:-27.373 || 耗时：12.92s\n"}
,{"stream_name":"stdout","time":1553.670829545,"data":"轮次:··9/·20 || c_Loss:0.410 || e_Loss:-0.828 || Aad_Loss:-25.069 || 耗时：12.91s\n"}
,{"stream_name":"stdout","time":1566.561179074,"data":"轮次:·10/·20 || c_Loss:0.383 || e_Loss:-1.663 || Aad_Loss:-27.595 || 耗时：12.89s\n"}
,{"stream_name":"stdout","time":1572.565493662,"data":"任务: (B2)N15_M07_F10→(B3)N15_M07_F04; mix批次:····0; 批次:··940/·1880;  总正确率: 60.70%\n"}
,{"stream_name":"stdout","time":1572.565560836,"data":"类型1 正确率： 100.00% -\u003e 1  100.00%, 2    0.00%, 3    0.00%\n"}
,{"stream_name":"stdout","time":1572.565569363,"data":"类型2 正确率：  32.00% -\u003e 1    0.00%, 2   32.10%, 3   67.90%\n"}
,{"stream_name":"stdout","time":1572.565575095,"data":"类型3 正确率：  50.00% -\u003e 1    7.90%, 2   42.10%, 3   50.00%\n"}
,{"stream_name":"stdout","time":1572.565580074,"data":"\n"}
,{"stream_name":"stdout","time":1572.565584395,"data":"\n"}
,{"stream_name":"stdout","time":1572.613802492,"data":"样本变换：reverse\n"}
,{"stream_name":"stdout","time":1575.898788184,"data":"样本变换：mask\n"}
,{"stream_name":"stdout","time":1579.233762765,"data":"样本变换：shift\n"}
,{"stream_name":"stdout","time":1582.598862066,"data":"样本变换：none\n"}
,{"stream_name":"stdout","time":1587.965839468,"data":"未过滤\t未用伪标签：60.70% -\u003e 使用伪标签：60.90%\n"}
,{"stream_name":"stdout","time":1587.965881148,"data":"已过滤\t未用伪标签：61.04% -\u003e 使用伪标签：61.41%\n"}
,{"stream_name":"stdout","time":1587.965895735,"data":"排除样本：50|6000\t剩余：2195, 1451, 2304\n"}
,{"stream_name":"stdout","time":1587.965901007,"data":"增添样本：962\t\t细则：109, 853, 0\t正确率估算：97.71%\n"}
,{"stream_name":"stdout","time":1587.965905051,"data":"类型1 正确率： 100.00% -\u003e 1  100.00%, 2    0.00%, 3    0.00%\n"}
,{"stream_name":"stdout","time":1587.965908841,"data":"类型2 正确率：  33.00% -\u003e 1    0.00%, 2   33.40%, 3   66.60%\n"}
,{"stream_name":"stdout","time":1587.965912578,"data":"类型3 正确率：  50.00% -\u003e 1    9.79%, 2   40.01%, 3   50.20%\n"}
,{"stream_name":"stdout","time":1587.965916418,"data":"\n"}
,{"stream_name":"stdout","time":1587.965919866,"data":"被排除样本 正确率：20.00%\n"}
,{"stream_name":"stdout","time":1587.965923488,"data":"类型1 正确率：  24.00% -\u003e 1   23.81%, 2   76.19%\n"}
,{"stream_name":"stdout","time":1587.965927266,"data":"类型2 正确率：   0.00% -\u003e 1  100.00%, 2    0.00%\n"}
,{"stream_name":"stdout","time":1587.965931029,"data":"\n"}
,{"stream_name":"stdout","time":1587.965934438,"data":"\n"}
,{"stream_name":"stdout","time":1600.744864026,"data":"轮次:·11/·20 || c_Loss:0.404 || e_Loss:-0.873 || Aad_Loss:-27.317 || 耗时：34.18s\n"}
,{"stream_name":"stdout","time":1613.651662332,"data":"轮次:·12/·20 || c_Loss:0.395 || e_Loss:-1.327 || Aad_Loss:-29.450 || 耗时：12.91s\n"}
,{"stream_name":"stdout","time":1626.55673536,"data":"轮次:·13/·20 || c_Loss:0.385 || e_Loss:-0.897 || Aad_Loss:-28.108 || 耗时：12.90s\n"}
,{"stream_name":"stdout","time":1639.458194108,"data":"轮次:·14/·20 || c_Loss:0.396 || e_Loss:-0.882 || Aad_Loss:-28.535 || 耗时：12.90s\n"}
,{"stream_name":"stdout","time":1652.386175882,"data":"轮次:·15/·20 || c_Loss:0.445 || e_Loss:-0.804 || Aad_Loss:-27.467 || 耗时：12.93s\n"}
,{"stream_name":"stdout","time":1658.412731756,"data":"任务: (B2)N15_M07_F10→(B3)N15_M07_F04; mix批次:····0; 批次:·1410/·1880;  总正确率: 61.70%\n"}
,{"stream_name":"stdout","time":1658.412794409,"data":"类型1 正确率： 100.00% -\u003e 1  100.00%, 2    0.00%, 3    0.00%\n"}
,{"stream_name":"stdout","time":1658.412802014,"data":"类型2 正确率：  35.00% -\u003e 1    0.00%, 2   35.10%, 3   64.90%\n"}
,{"stream_name":"stdout","time":1658.412805943,"data":"类型3 正确率：  50.00% -\u003e 1    9.30%, 2   40.70%, 3   50.00%\n"}
,{"stream_name":"stdout","time":1658.412809669,"data":"\n"}
,{"stream_name":"stdout","time":1658.412813088,"data":"\n"}
,{"stream_name":"stdout","time":1658.459344881,"data":"样本变换：reverse\n"}
,{"stream_name":"stdout","time":1661.768796774,"data":"样本变换：mask\n"}
,{"stream_name":"stdout","time":1665.053841931,"data":"样本变换：shift\n"}
,{"stream_name":"stdout","time":1668.347374051,"data":"样本变换：none\n"}
,{"stream_name":"stdout","time":1673.446427013,"data":"未过滤\t未用伪标签：61.70% -\u003e 使用伪标签：62.10%\n"}
,{"stream_name":"stdout","time":1673.446466553,"data":"已过滤\t未用伪标签：62.09% -\u003e 使用伪标签：62.61%\n"}
,{"stream_name":"stdout","time":1673.44647196,"data":"排除样本：49|6000\t剩余：2215, 1509, 2227\n"}
,{"stream_name":"stdout","time":1673.446475736,"data":"增添样本：730\t\t细则：12, 718, 0\t正确率估算：98.08%\n"}
,{"stream_name":"stdout","time":1673.44647947,"data":"类型1 正确率： 100.00% -\u003e 1  100.00%, 2    0.00%, 3    0.00%\n"}
,{"stream_name":"stdout","time":1673.44648306,"data":"类型2 正确率：  37.00% -\u003e 1    0.00%, 2   37.17%, 3   62.83%\n"}
,{"stream_name":"stdout","time":1673.446486343,"data":"类型3 正确率：  50.00% -\u003e 1   10.76%, 2   39.19%, 3   50.05%\n"}
,{"stream_name":"stdout","time":1673.446489602,"data":"\n"}
,{"stream_name":"stdout","time":1673.446492677,"data":"被排除样本 正确率：14.29%\n"}
,{"stream_name":"stdout","time":1673.446495991,"data":"类型1 正确率：  15.00% -\u003e 1   14.89%, 2   85.11%\n"}
,{"stream_name":"stdout","time":1673.446499466,"data":"类型2 正确率：   0.00% -\u003e 1  100.00%, 2    0.00%\n"}
,{"stream_name":"stdout","time":1673.446502876,"data":"\n"}
,{"stream_name":"stdout","time":1673.446505983,"data":"\n"}
,{"stream_name":"stdout","time":1686.22592464,"data":"轮次:·16/·20 || c_Loss:0.388 || e_Loss:-0.946 || Aad_Loss:-28.917 || 耗时：33.84s\n"}
,{"stream_name":"stdout","time":1699.029915012,"data":"轮次:·17/·20 || c_Loss:0.387 || e_Loss:-1.737 || Aad_Loss:-27.923 || 耗时：12.80s\n"}
,{"stream_name":"stdout","time":1711.847415363,"data":"轮次:·18/·20 || c_Loss:0.430 || e_Loss:-0.860 || Aad_Loss:-27.720 || 耗时：12.82s\n"}
,{"stream_name":"stdout","time":1724.667425232,"data":"轮次:·19/·20 || c_Loss:0.526 || e_Loss:-0.860 || Aad_Loss:-28.079 || 耗时：12.82s\n"}
,{"stream_name":"stdout","time":1737.482134435,"data":"轮次:·20/·20 || c_Loss:0.392 || e_Loss:-0.898 || Aad_Loss:-30.282 || 耗时：12.81s\n"}
,{"stream_name":"stdout","time":1743.521294532,"data":"任务: (B2)N15_M07_F10→(B3)N15_M07_F04; mix批次:····0; 批次:·1880/·1880;  总正确率: 64.03%\n"}
,{"stream_name":"stdout","time":1743.521356664,"data":"类型1 正确率： 100.00% -\u003e 1  100.00%, 2    0.00%, 3    0.00%\n"}
,{"stream_name":"stdout","time":1743.521362319,"data":"类型2 正确率：  42.00% -\u003e 1    0.00%, 2   42.10%, 3   57.90%\n"}
,{"stream_name":"stdout","time":1743.52136564,"data":"类型3 正确率：  50.00% -\u003e 1    9.90%, 2   40.10%, 3   50.00%\n"}
,{"stream_name":"stdout","time":1743.521368457,"data":"\n"}
,{"stream_name":"stdout","time":1743.521371105,"data":"\n"}
,{"stream_name":"stdout","time":1749.528491981,"data":"测试集任务: (B2)N15_M07_F10→(B3)N15_M07_F04; 总正确率 = 64.03%\n"}
,{"stream_name":"stdout","time":1749.528561602,"data":"类型1 正确率： 100.00% -\u003e 1  100.00%, 2    0.00%, 3    0.00%\n"}
,{"stream_name":"stdout","time":1749.528576928,"data":"类型2 正确率：  42.00% -\u003e 1    0.00%, 2   42.10%, 3   57.90%\n"}
,{"stream_name":"stdout","time":1749.528582634,"data":"类型3 正确率：  50.00% -\u003e 1    9.90%, 2   40.10%, 3   50.00%\n"}
,{"stream_name":"stdout","time":1749.528617386,"data":"\n"}
,{"stream_name":"stdout","time":1749.528626258,"data":"\n"}
,{"stream_name":"stdout","time":1749.560165739,"data":"[tar_adaptation_RES_PU.py --folder_root /kaggle/working/m2rep/reps1/sdalr_PU_final_checkpoint/DATA_foldB --seed 1 --class_num 3 --data_name PU_M1_L3 --output /kaggle/working/m2rep/reps1/weight_PU_M1_final_checkpoint_FAtoB_s1 --s 1 --t 2 --lr 0.0005 --threshold 0.4 --K 0.6] 360s\n"}
,{"stream_name":"stdout","time":1749.587894462,"data":"读取源域路径：/kaggle/working/m2rep/reps1/weight_PU_M1_final_checkpoint_FAtoB_s1/NEW_PU/Source-源域/log\u0026pt/(B3)N15_M07_F04\n"}
,{"stream_name":"stdout","time":1749.587925703,"data":"excel输出位置：/kaggle/working/m2rep/reps1/weight_PU_M1_final_checkpoint_FAtoB_s1/NEW_PU/Target-目标域\n"}
,{"stream_name":"stdout","time":1749.588024691,"data":"特征图片输出位置：/kaggle/working/m2rep/reps1/weight_PU_M1_final_checkpoint_FAtoB_s1/NEW_PU/Picture-特征图/2026年09月15日15时45分/(B3)N15_M07_F04\n"}
,{"stream_name":"stderr","time":1749.627865735,"data":"/usr/local/lib/python3.12/dist-packages/torch/nn/utils/weight_norm.py:144: FutureWarning: `torch.nn.utils.weight_norm` is deprecated in favor of `torch.nn.utils.parametrizations.weight_norm`.\n"}
,{"stream_name":"stderr","time":1749.627897681,"data":"  WeightNorm.apply(module, name, dim)\n"}
,{"stream_name":"stdout","time":1749.667256725,"data":"现在选取:(B3)N15_M07_F04 进行训练的源模型\n"}
,{"stream_name":"stdout","time":1749.667287647,"data":"现在进行：(B3)N15_M07_F04→(B1)N15_M01_F10 的迁移任务\n"}
,{"stream_name":"stdout","time":1749.667294963,"data":"log\u0026pt输出位置：/kaggle/working/m2rep/reps1/weight_PU_M1_final_checkpoint_FAtoB_s1/NEW_PU/Target-目标域/log\u0026pt/(B3)N15_M07_F04→(B1)N15_M01_F10\n"}
,{"stream_name":"stderr","time":1749.669034401,"data":"sh: 1: Syntax error: word unexpected (expecting \")\")\n"}
,{"stream_name":"stdout","time":1761.350062414,"data":"任务: (B3)N15_M07_F04→(B1)N15_M01_F10; 批次:····0/·1880;  总正确率: 49.57%\n"}
,{"stream_name":"stdout","time":1761.350109274,"data":"类型1 正确率：  44.00% -\u003e 1   44.25%, 2   55.25%, 3    0.50%\n"}
,{"stream_name":"stdout","time":1761.350121716,"data":"类型2 正确率：  57.00% -\u003e 1    0.00%, 2   56.95%, 3   43.05%\n"}
,{"stream_name":"stdout","time":1761.350126275,"data":"类型3 正确率：  48.00% -\u003e 1    0.00%, 2   52.50%, 3   47.50%\n"}
,{"stream_name":"stdout","time":1761.350130688,"data":"\n"}
,{"stream_name":"stdout","time":1761.350134524,"data":"\n"}
,{"stream_name":"stdout","time":1761.35110218,"data":"样本变换：reverse\n"}
,{"stream_name":"stdout","time":1764.622840864,"data":"样本变换：mask\n"}
,{"stream_name":"stdout","time":1767.938831435,"data":"样本变换：shift\n"}
,{"stream_name":"stdout","time":1771.274827509,"data":"样本变换：none\n"}
,{"stream_name":"stdout","time":1777.028948398,"data":"未过滤\t未用伪标签：49.57% -\u003e 使用伪标签：42.32%\n"}
,{"stream_name":"stdout","time":1777.02899303,"data":"已过滤\t未用伪标签：48.44% -\u003e 使用伪标签：43.74%\n"}
,{"stream_name":"stdout","time":1777.028999413,"data":"排除样本：195|6000\t剩余：775, 3000, 2030\n"}
,{"stream_name":"stdout","time":1777.029003581,"data":"增添样本：3195\t\t细则：2225, 0, 970\t正确率估算：92.49%\n"}
,{"stream_name":"stdout","time":1777.029007912,"data":"类型1 正确率：  39.00% -\u003e 1   39.15%, 2   60.85%, 3    0.00%\n"}
,{"stream_name":"stdout","time":1777.029011893,"data":"类型2 正确率：  43.00% -\u003e 1    0.32%, 2   42.81%, 3   56.86%\n"}
,{"stream_name":"stdout","time":1777.029015585,"data":"类型3 正确率：  49.00% -\u003e 1    0.00%, 2   50.88%, 3   49.12%\n"}
,{"stream_name":"stdout","time":1777.029019936,"data":"\n"}
,{"stream_name":"stdout","time":1777.02902351,"data":"被排除样本 正确率：83.08%\n"}
,{"stream_name":"stdout","time":1777.029027211,"data":"类型1 正确率：  89.00% -\u003e 1   88.89%, 2   11.11%, 3    0.00%\n"}
,{"stream_name":"stdout","time":1777.029030884,"data":"类型2 正确率：  87.00% -\u003e 1    0.00%, 2   86.67%, 3   13.33%\n"}
,{"stream_name":"stdout","time":1777.029034547,"data":"类型3 正确率：   0.00% -\u003e 1    0.00%, 2  100.00%, 3    0.00%\n"}
,{"stream_name":"stdout","time":1777.029038324,"data":"\n"}
,{"stream_name":"stdout","time":1777.029041733,"data":"\n"}
,{"stream_name":"stdout","time":1790.120914905,"data":"轮次:··1/·20 || c_Loss:0.636 || e_Loss:-1.542 || Aad_Loss:-18.830 || 耗时：34.69s\n"}
,{"stream_name":"stdout","time":1803.153467172,"data":"轮次:··2/·20 || c_Loss:0.553 || e_Loss:-1.419 || Aad_Loss:-22.834 || 耗时：13.03s\n"}
,{"stream_name":"stdout","time":1816.077799932,"data":"轮次:··3/·20 || c_Loss:0.409 || e_Loss:-0.734 || Aad_Loss:-25.652 || 耗时：12.92s\n"}
,{"stream_name":"stdout","time":1828.960608619,"data":"轮次:··4/·20 || c_Loss:0.402 || e_Loss:-1.481 || Aad_Loss:-24.993 || 耗时：12.88s\n"}
,{"stream_name":"stdout","time":1841.83226397,"data":"轮次:··5/·20 || c_Loss:0.422 || e_Loss:-1.610 || Aad_Loss:-25.606 || 耗时：12.87s\n"}
,{"stream_name":"stdout","time":1847.818548824,"data":"任务: (B3)N15_M07_F04→(B1)N15_M01_F10; mix批次:····0; 批次:··470/·1880;  总正确率: 44.92%\n"}
,{"stream_name":"stdout","time":1847.818591105,"data":"类型1 正确率：  36.00% -\u003e 1   36.25%, 2   63.75%, 3    0.00%\n"}
,{"stream_name":"stdout","time":1847.81859745,"data":"类型2 正确率：  49.00% -\u003e 1    0.00%, 2   48.65%, 3   51.35%\n"}
,{"stream_name":"stdout","time":1847.818601317,"data":"类型3 正确率：  50.00% -\u003e 1    0.00%, 2   50.15%, 3   49.85%\n"}
,{"stream_name":"stdout","time":1847.818604956,"data":"\n"}
,{"stream_name":"stdout","time":1847.818608367,"data":"\n"}
,{"stream_name":"stdout","time":1847.855442036,"data":"样本变换：reverse\n"}
,{"stream_name":"stdout","time":1851.171840502,"data":"样本变换：mask\n"}
,{"stream_name":"stdout","time":1854.499827193,"data":"样本变换：shift\n"}
,{"stream_name":"stdout","time":1857.793895793,"data":"样本变换：none\n"}
,{"stream_name":"stderr","time":1863.141165717,"data":"/kaggle/working/m2rep/reps1/sdalr_PU_final_checkpoint/tools.py:413: RuntimeWarning: invalid value encountered in divide\n"}
,{"stream_name":"stderr","time":1863.141223317,"data":"  per_class_acc = conf_matrix.diagonal() / conf_matrix.sum(axis=1) * 100\n"}
,{"stream_name":"stdout","time":1863.141399434,"data":"未过滤\t未用伪标签：44.92% -\u003e 使用伪标签：37.90%\n"}
,{"stream_name":"stdout","time":1863.141410024,"data":"已过滤\t未用伪标签：44.22% -\u003e 使用伪标签：38.41%\n"}
,{"stream_name":"stdout","time":1863.141414583,"data":"排除样本：79|6000\t剩余：691, 2886, 2344\n"}
,{"stream_name":"stdout","time":1863.141418429,"data":"增添样本：2737\t\t细则：2195, 0, 542\t正确率估算：94.08%\n"}
,{"stream_name":"stdout","time":1863.141422659,"data":"类型1 正确率：  35.00% -\u003e 1   34.65%, 2   65.35%, 3    0.00%\n"}
,{"stream_name":"stdout","time":1863.141426452,"data":"类型2 正确率：  30.00% -\u003e 1    0.00%, 2   30.25%, 3   69.75%\n"}
,{"stream_name":"stdout","time":1863.141431148,"data":"类型3 正确率：  50.00% -\u003e 1    0.00%, 2   50.00%, 3   50.00%\n"}
,{"stream_name":"stdout","time":1863.141435955,"data":"\n"}
,{"stream_name":"stdout","time":1863.141440454,"data":"被排除样本 正确率：97.47%\n"}
,{"stream_name":"stdout","time":1863.141446109,"data":"类型1 正确率：  83.00% -\u003e 1   83.33%, 2   16.67%, 3    0.00%\n"}
,{"stream_name":"stdout","time":1863.141451185,"data":"类型2 正确率：  99.00% -\u003e 1    0.00%, 2   98.63%, 3    1.37%\n"}
,{"stream_name":"stdout","time":1863.141456011,"data":"类型3 没有样本或未被分类。\n"}
,{"stream_name":"stdout","time":1863.141459989,"data":"\n"}
,{"stream_name":"stdout","time":1863.141463607,"data":"\n"}
,{"stream_name":"stdout","time":1875.898502113,"data":"轮次:··6/·20 || c_Loss:0.410 || e_Loss:-1.647 || Aad_Loss:-30.632 || 耗时：34.07s\n"}
,{"stream_name":"stdout","time":1888.803098262,"data":"轮次:··7/·20 || c_Loss:0.402 || e_Loss:-0.818 || Aad_Loss:-28.455 || 耗时：12.90s\n"}
,{"stream_name":"stdout","time":1901.740059786,"data":"轮次:··8/·20 || c_Loss:0.420 || e_Loss:-1.803 || Aad_Loss:-27.294 || 耗时：12.94s\n"}
,{"stream_name":"stdout","time":1914.671514987,"data":"轮次:··9/·20 || c_Loss:0.410 || e_Loss:-1.429 || Aad_Loss:-28.836 || 耗时：12.93s\n"}
,{"stream_name":"stdout","time":1927.59050099,"data":"轮次:·10/·20 || c_Loss:0.390 || e_Loss:-1.465 || Aad_Loss:-28.738 || 耗时：12.92s\n"}
,{"stream_name":"stdout","time":1933.593742101,"data":"任务: (B3)N15_M07_F04→(B1)N15_M01_F10; mix批次:····0; 批次:··940/·1880;  总正确率: 37.95%\n"}
,{"stream_name":"stdout","time":1933.59379941,"data":"类型1 正确率：  33.00% -\u003e 1   33.00%, 2   67.00%, 3    0.00%\n"}
,{"stream_name":"stdout","time":1933.593807766,"data":"类型2 正确率：  31.00% -\u003e 1    0.00%, 2   30.85%, 3   69.15%\n"}
,{"stream_name":"stdout","time":1933.593813462,"data":"类型3 正确率：  50.00% -\u003e 1    0.00%, 2   50.00%, 3   50.00%\n"}
,{"stream_name":"stdout","time":1933.593821305,"data":"\n"}
,{"stream_name":"stdout","time":1933.593829904,"data":"\n"}
,{"stream_name":"stdout","time":1933.642366902,"data":"样本变换：reverse\n"}
,{"stream_name":"stdout","time":1936.901859593,"data":"样本变换：mask\n"}
,{"stream_name":"stdout","time":1940.189816646,"data":"样本变换：shift\n"}
,{"stream_name":"stdout","time":1943.48637406,"data":"样本变换：none\n"}
,{"stream_name":"stderr","time":1948.564684078,"data":"/kaggle/working/m2rep/reps1/sdalr_PU_final_checkpoint/tools.py:413: RuntimeWarning: invalid value encountered in divide\n"}
,{"stream_name":"stderr","time":1948.564724927,"data":"  per_class_acc = conf_matrix.diagonal() / conf_matrix.sum(axis=1) * 100\n"}
,{"stream_name":"stdout","time":1948.564737051,"data":"未过滤\t未用伪标签：37.95% -\u003e 使用伪标签：33.87%\n"}
,{"stream_name":"stdout","time":1948.564770931,"data":"已过滤\t未用伪标签：37.08% -\u003e 使用伪标签：34.35%\n"}
,{"stream_name":"stdout","time":1948.564776673,"data":"排除样本：85|6000\t剩余：660, 2712, 2543\n"}
,{"stream_name":"stdout","time":1948.564786086,"data":"增添样本：2221\t\t细则：2052, 0, 169\t正确率估算：98.91%\n"}
,{"stream_name":"stdout","time":1948.564791293,"data":"类型1 正确率：  33.00% -\u003e 1   33.00%, 2   67.00%, 3    0.00%\n"}
,{"stream_name":"stdout","time":1948.564795966,"data":"类型2 正确率：  19.00% -\u003e 1    0.00%, 2   19.43%, 3   80.57%\n"}
,{"stream_name":"stdout","time":1948.564799918,"data":"类型3 正确率：  50.00% -\u003e 1    0.00%, 2   50.00%, 3   50.00%\n"}
,{"stream_name":"stdout","time":1948.564805803,"data":"\n"}
,{"stream_name":"stdout","time":1948.564813661,"data":"被排除样本 正确率：98.82%\n"}
,{"stream_name":"stdout","time":1948.564816596,"data":"类型1 正确率：  99.00% -\u003e 1   98.82%, 2    1.18%\n"}
,{"stream_name":"stdout","time":1948.564819279,"data":"类型2 没有样本或未被分类。\n"}
,{"stream_name":"stdout","time":1948.564822013,"data":"\n"}
,{"stream_name":"stdout","time":1948.564824542,"data":"\n"}
,{"stream_name":"stdout","time":1961.310516805,"data":"轮次:·11/·20 || c_Loss:0.374 || e_Loss:-0.886 || Aad_Loss:-30.352 || 耗时：33.72s\n"}
,{"stream_name":"stdout","time":1974.160111609,"data":"轮次:·12/·20 || c_Loss:0.382 || e_Loss:-0.895 || Aad_Loss:-29.363 || 耗时：12.85s\n"}
,{"stream_name":"stdout","time":1986.99511305,"data":"轮次:·13/·20 || c_Loss:0.371 || e_Loss:-1.801 || Aad_Loss:-28.501 || 耗时：12.83s\n"}
,{"stream_name":"stdout","time":1999.864073366,"data":"轮次:·14/·20 || c_Loss:0.439 || e_Loss:-0.833 || Aad_Loss:-27.295 || 耗时：12.87s\n"}
,{"stream_name":"stdout","time":2012.726909772,"data":"轮次:·15/·20 || c_Loss:0.368 || e_Loss:-1.510 || Aad_Loss:-28.638 || 耗时：12.86s\n"}
,{"stream_name":"stdout","time":2018.731347053,"data":"任务: (B3)N15_M07_F04→(B1)N15_M01_F10; mix批次:····0; 批次:·1410/·1880;  总正确率: 32.57%\n"}
,{"stream_name":"stdout","time":2018.73138054,"data":"类型1 正确率：  33.00% -\u003e 1   33.00%, 2   67.00%, 3    0.00%\n"}
,{"stream_name":"stdout","time":2018.731390093,"data":"类型2 正确率：  15.00% -\u003e 1    0.00%, 2   14.70%, 3   85.30%\n"}
,{"stream_name":"stdout","time":2018.731399079,"data":"类型3 正确率：  50.00% -\u003e 1    0.00%, 2   50.00%, 3   50.00%\n"}
,{"stream_name":"stdout","time":2018.731403123,"data":"\n"}
,{"stream_name":"stdout","time":2018.731407039,"data":"\n"}
,{"stream_name":"stdout","time":2018.776692831,"data":"样本变换：reverse\n"}
,{"stream_name":"stdout","time":2022.043896861,"data":"样本变换：mask\n"}
,{"stream_name":"stdout","time":2025.338624556,"data":"样本变换：shift\n"}
,{"stream_name":"stdout","time":2028.630879831,"data":"样本变换：none\n"}
,{"stream_name":"stderr","time":2033.866036336,"data":"/usr/local/lib/python3.12/dist-packages/sklearn/metrics/_classification.py:407: UserWarning: A single label was found in 'y_true' and 'y_pred'. For the confusion matrix to have the correct shape, use the 'labels' parameter to pass all known labels.\n"}
,{"stream_name":"stderr","time":2033.866096433,"data":"  warnings.warn(\n"}
,{"stream_name":"stdout","time":2033.866272794,"data":"未过滤\t未用伪标签：32.57% -\u003e 使用伪标签：29.50%\n"}
,{"stream_name":"stdout","time":2033.866286144,"data":"已过滤\t未用伪标签：32.07% -\u003e 使用伪标签：29.72%\n"}
,{"stream_name":"stdout","time":2033.866304762,"data":"排除样本：44|6000\t剩余：660, 2450, 2846\n"}
,{"stream_name":"stdout","time":2033.866308891,"data":"增添样本：2582\t\t细则：2186, 396, 0\t正确率估算：100.00%\n"}
,{"stream_name":"stdout","time":2033.866312919,"data":"类型1 正确率：  33.00% -\u003e 1   33.00%, 2   67.00%, 3    0.00%\n"}
,{"stream_name":"stdout","time":2033.86631671,"data":"类型2 正确率：   6.00% -\u003e 1    0.00%, 2    5.62%, 3   94.38%\n"}
,{"stream_name":"stdout","time":2033.866320381,"data":"类型3 正确率：  50.00% -\u003e 1    0.00%, 2   50.00%, 3   50.00%\n"}
,{"stream_name":"stdout","time":2033.86632404,"data":"\n"}
,{"stream_name":"stdout","time":2033.866327664,"data":"被排除样本 正确率：100.00%\n"}
,{"stream_name":"stdout","time":2033.866333206,"data":"类型1 正确率： 100.00% -\u003e 1  100.00%\n"}
,{"stream_name":"stdout","time":2033.866340756,"data":"\n"}
,{"stream_name":"stdout","time":2033.866343182,"data":"\n"}
,{"stream_name":"stdout","time":2046.611861879,"data":"轮次:·16/·20 || c_Loss:0.358 || e_Loss:-0.871 || Aad_Loss:-34.773 || 耗时：33.88s\n"}
,{"stream_name":"stdout","time":2059.382083825,"data":"轮次:·17/·20 || c_Loss:0.379 || e_Loss:-0.872 || Aad_Loss:-32.194 || 耗时：12.77s\n"}
,{"stream_name":"stdout","time":2072.146630338,"data":"轮次:·18/·20 || c_Loss:0.374 || e_Loss:-0.868 || Aad_Loss:-33.714 || 耗时：12.76s\n"}
,{"stream_name":"stdout","time":2084.903388074,"data":"轮次:·19/·20 || c_Loss:0.391 || e_Loss:-1.711 || Aad_Loss:-29.734 || 耗时：12.76s\n"}
,{"stream_name":"stdout","time":2097.67569505,"data":"轮次:·20/·20 || c_Loss:0.356 || e_Loss:-0.897 || Aad_Loss:-35.161 || 耗时：12.77s\n"}
,{"stream_name":"stdout","time":2103.662842501,"data":"任务: (B3)N15_M07_F04→(B1)N15_M01_F10; mix批次:····0; 批次:·1880/·1880;  总正确率: 28.30%\n"}
,{"stream_name":"stdout","time":2103.662925664,"data":"类型1 正确率：  33.00% -\u003e 1   33.00%, 2   67.00%, 3    0.00%\n"}
,{"stream_name":"stdout","time":2103.662935704,"data":"类型2 正确率：   2.00% -\u003e 1    0.00%, 2    1.90%, 3   98.10%\n"}
,{"stream_name":"stdout","time":2103.662941902,"data":"类型3 正确率：  50.00% -\u003e 1    0.00%, 2   50.00%, 3   50.00%\n"}
,{"stream_name":"stdout","time":2103.662947804,"data":"\n"}
,{"stream_name":"stdout","time":2103.662952945,"data":"\n"}
,{"stream_name":"stdout","time":2109.620911932,"data":"测试集任务: (B3)N15_M07_F04→(B1)N15_M01_F10; 总正确率 = 28.30%\n"}
,{"stream_name":"stdout","time":2109.620963668,"data":"类型1 正确率：  33.00% -\u003e 1   33.00%, 2   67.00%, 3    0.00%\n"}
,{"stream_name":"stdout","time":2109.620969308,"data":"类型2 正确率：   2.00% -\u003e 1    0.00%, 2    1.90%, 3   98.10%\n"}
,{"stream_name":"stdout","time":2109.620972823,"data":"类型3 正确率：  50.00% -\u003e 1    0.00%, 2   50.00%, 3   50.00%\n"}
,{"stream_name":"stdout","time":2109.620976326,"data":"\n"}
,{"stream_name":"stdout","time":2109.620979389,"data":"\n"}
,{"stream_name":"stdout","time":2109.648531962,"data":"[tar_adaptation_RES_PU.py --folder_root /kaggle/working/m2rep/reps1/sdalr_PU_final_checkpoint/DATA_foldB --seed 1 --class_num 3 --data_name PU_M1_L3 --output /kaggle/working/m2rep/reps1/weight_PU_M1_final_checkpoint_FAtoB_s1 --s 2 --t 0 --lr 0.0005 --threshold 0.4 --K 0.6] 360s\n"}
,{"stream_name":"stdout","time":2109.677527533,"data":"读取源域路径：/kaggle/working/m2rep/reps1/weight_PU_M1_final_checkpoint_FAtoB_s1/NEW_PU/Source-源域/log\u0026pt/(B3)N15_M07_F04\n"}
,{"stream_name":"stdout","time":2109.677564176,"data":"excel输出位置：/kaggle/working/m2rep/reps1/weight_PU_M1_final_checkpoint_FAtoB_s1/NEW_PU/Target-目标域\n"}
,{"stream_name":"stdout","time":2109.677594239,"data":"特征图片输出位置：/kaggle/working/m2rep/reps1/weight_PU_M1_final_checkpoint_FAtoB_s1/NEW_PU/Picture-特征图/2026年09月15日15时51分/(B3)N15_M07_F04\n"}
,{"stream_name":"stderr","time":2109.717813192,"data":"/usr/local/lib/python3.12/dist-packages/torch/nn/utils/weight_norm.py:144: FutureWarning: `torch.nn.utils.weight_norm` is deprecated in favor of `torch.nn.utils.parametrizations.weight_norm`.\n"}
,{"stream_name":"stderr","time":2109.717841609,"data":"  WeightNorm.apply(module, name, dim)\n"}
,{"stream_name":"stdout","time":2109.758212774,"data":"现在选取:(B3)N15_M07_F04 进行训练的源模型\n"}
,{"stream_name":"stdout","time":2109.758240155,"data":"现在进行：(B3)N15_M07_F04→(B2)N15_M07_F10 的迁移任务\n"}
,{"stream_name":"stdout","time":2109.758246084,"data":"log\u0026pt输出位置：/kaggle/working/m2rep/reps1/weight_PU_M1_final_checkpoint_FAtoB_s1/NEW_PU/Target-目标域/log\u0026pt/(B3)N15_M07_F04→(B2)N15_M07_F10\n"}
,{"stream_name":"stderr","time":2109.759652645,"data":"sh: 1: Syntax error: word unexpected (expecting \")\")\n"}
,{"stream_name":"stdout","time":2121.21716906,"data":"任务: (B3)N15_M07_F04→(B2)N15_M07_F10; 批次:····0/·1880;  总正确率: 48.17%\n"}
,{"stream_name":"stdout","time":2121.217228722,"data":"类型1 正确率：  41.00% -\u003e 1   41.05%, 2   58.45%, 3    0.50%\n"}
,{"stream_name":"stdout","time":2121.217237991,"data":"类型2 正确率：  54.00% -\u003e 1    0.00%, 2   54.30%, 3   45.70%\n"}
,{"stream_name":"stdout","time":2121.217244237,"data":"类型3 正确率：  49.00% -\u003e 1    0.00%, 2   50.85%, 3   49.15%\n"}
,{"stream_name":"stdout","time":2121.217249643,"data":"\n"}
,{"stream_name":"stdout","time":2121.217254597,"data":"\n"}
,{"stream_name":"stdout","time":2121.217854811,"data":"样本变换：reverse\n"}
,{"stream_name":"stdout","time":2124.462831785,"data":"样本变换：mask\n"}
,{"stream_name":"stdout","time":2127.764826699,"data":"样本变换：shift\n"}
,{"stream_name":"stdout","time":2131.067326387,"data":"样本变换：none\n"}
,{"stream_name":"stdout","time":2136.694525476,"data":"未过滤\t未用伪标签：48.17% -\u003e 使用伪标签：40.25%\n"}
,{"stream_name":"stdout","time":2136.694575889,"data":"已过滤\t未用伪标签：47.47% -\u003e 使用伪标签：41.15%\n"}
,{"stream_name":"stdout","time":2136.694584569,"data":"排除样本：131|6000\t剩余：662, 3089, 2118\n"}
,{"stream_name":"stdout","time":2136.694590733,"data":"增添样本：3398\t\t细则：2427, 0, 971\t正确率估算：92.35%\n"}
,{"stream_name":"stdout","time":2136.694596799,"data":"类型1 正确率：  33.00% -\u003e 1   33.30%, 2   66.70%, 3    0.00%\n"}
,{"stream_name":"stdout","time":2136.694603013,"data":"类型2 正确率：  40.00% -\u003e 1    0.00%, 2   40.35%, 3   59.65%\n"}
,{"stream_name":"stdout","time":2136.694608896,"data":"类型3 正确率：  50.00% -\u003e 1    0.00%, 2   50.25%, 3   49.75%\n"}
,{"stream_name":"stdout","time":2136.694614153,"data":"\n"}
,{"stream_name":"stdout","time":2136.694619069,"data":"被排除样本 正确率：79.39%\n"}
,{"stream_name":"stdout","time":2136.694624124,"data":"类型1 正确率：  83.00% -\u003e 1   83.33%, 2   16.67%, 3    0.00%\n"}
,{"stream_name":"stdout","time":2136.694629192,"data":"类型2 正确率：  83.00% -\u003e 1    0.00%, 2   83.49%, 3   16.51%\n"}
,{"stream_name":"stdout","time":2136.694636292,"data":"类型3 正确率：  30.00% -\u003e 1    0.00%, 2   70.00%, 3   30.00%\n"}
,{"stream_name":"stdout","time":2136.694644354,"data":"\n"}
,{"stream_name":"stdout","time":2136.694660386,"data":"\n"}
,{"stream_name":"stdout","time":2149.834977813,"data":"轮次:··1/·20 || c_Loss:0.534 || e_Loss:-0.824 || Aad_Loss:-23.612 || 耗时：34.47s\n"}
,{"stream_name":"stdout","time":2162.7696651,"data":"轮次:··2/·20 || c_Loss:0.396 || e_Loss:-1.588 || Aad_Loss:-28.083 || 耗时：12.93s\n"}
,{"stream_name":"stdout","time":2175.578295308,"data":"轮次:··3/·20 || c_Loss:0.393 || e_Loss:-1.678 || Aad_Loss:-28.953 || 耗时：12.81s\n"}
,{"stream_name":"stdout","time":2188.304421153,"data":"轮次:··4/·20 || c_Loss:0.370 || e_Loss:-0.797 || Aad_Loss:-29.158 || 耗时：12.73s\n"}
,{"stream_name":"stdout","time":2201.112489631,"data":"轮次:··5/·20 || c_Loss:0.374 || e_Loss:-0.778 || Aad_Loss:-28.572 || 耗时：12.81s\n"}
,{"stream_name":"stdout","time":2207.06620221,"data":"任务: (B3)N15_M07_F04→(B2)N15_M07_F10; mix批次:····0; 批次:··470/·1880;  总正确率: 38.27%\n"}
,{"stream_name":"stdout","time":2207.066257222,"data":"类型1 正确率：  33.00% -\u003e 1   33.00%, 2   67.00%, 3    0.00%\n"}
,{"stream_name":"stdout","time":2207.066266613,"data":"类型2 正确率：  32.00% -\u003e 1    0.00%, 2   31.95%, 3   68.05%\n"}
,{"stream_name":"stdout","time":2207.066290142,"data":"类型3 正确率：  50.00% -\u003e 1    0.00%, 2   50.15%, 3   49.85%\n"}
,{"stream_name":"stdout","time":2207.06629663,"data":"\n"}
,{"stream_name":"stdout","time":2207.066319447,"data":"\n"}
,{"stream_name":"stdout","time":2207.10339592,"data":"样本变换：reverse\n"}
,{"stream_name":"stdout","time":2210.361823065,"data":"样本变换：mask\n"}
,{"stream_name":"stdout","time":2213.667694981,"data":"样本变换：shift\n"}
,{"stream_name":"stdout","time":2216.954798668,"data":"样本变换：none\n"}
,{"stream_name":"stderr","time":2222.165043014,"data":"/kaggle/working/m2rep/reps1/sdalr_PU_final_checkpoint/tools.py:413: RuntimeWarning: invalid value encountered in divide\n"}
,{"stream_name":"stderr","time":2222.165077573,"data":"  per_class_acc = conf_matrix.diagonal() / conf_matrix.sum(axis=1) * 100\n"}
,{"stream_name":"stdout","time":2222.165103634,"data":"未过滤\t未用伪标签：38.27% -\u003e 使用伪标签：34.17%\n"}
,{"stream_name":"stdout","time":2222.165112681,"data":"已过滤\t未用伪标签：37.41% -\u003e 使用伪标签：34.65%\n"}
,{"stream_name":"stdout","time":2222.165119535,"data":"排除样本：84|6000\t剩余：660, 2730, 2526\n"}
,{"stream_name":"stdout","time":2222.165126934,"data":"增添样本：2274\t\t细则：2070, 0, 204\t正确率估算：99.19%\n"}
,{"stream_name":"stdout","time":2222.165133877,"data":"类型1 正确率：  33.00% -\u003e 1   33.00%, 2   67.00%, 3    0.00%\n"}
,{"stream_name":"stdout","time":2222.165140226,"data":"类型2 正确率：  20.00% -\u003e 1    0.00%, 2   20.35%, 3   79.65%\n"}
,{"stream_name":"stdout","time":2222.165148151,"data":"类型3 正确率：  50.00% -\u003e 1    0.00%, 2   50.00%, 3   50.00%\n"}
,{"stream_name":"stdout","time":2222.165154234,"data":"\n"}
,{"stream_name":"stdout","time":2222.16515984,"data":"被排除样本 正确率：98.81%\n"}
,{"stream_name":"stdout","time":2222.165165433,"data":"类型1 正确率：  99.00% -\u003e 1   98.81%, 2    1.19%\n"}
,{"stream_name":"stdout","time":2222.165171256,"data":"类型2 没有样本或未被分类。\n"}
,{"stream_name":"stdout","time":2222.165177211,"data":"\n"}
,{"stream_name":"stdout","time":2222.165194008,"data":"\n"}
,{"stream_name":"stdout","time":2234.91751728,"data":"轮次:··6/·20 || c_Loss:0.373 || e_Loss:-1.680 || Aad_Loss:-33.958 || 耗时：33.80s\n"}
,{"stream_name":"stdout","time":2247.719556232,"data":"轮次:··7/·20 || c_Loss:0.385 || e_Loss:-1.700 || Aad_Loss:-31.993 || 耗时：12.80s\n"}
,{"stream_name":"stdout","time":2260.560312066,"data":"轮次:··8/·20 || c_Loss:0.385 || e_Loss:-1.186 || Aad_Loss:-27.626 || 耗时：12.84s\n"}
,{"stream_name":"stdout","time":2273.355530679,"data":"轮次:··9/·20 || c_Loss:0.425 || e_Loss:-1.667 || Aad_Loss:-28.702 || 耗时：12.79s\n"}
,{"stream_name":"stdout","time":2286.13184223,"data":"轮次:·10/·20 || c_Loss:0.384 || e_Loss:-1.806 || Aad_Loss:-30.014 || 耗时：12.78s\n"}
,{"stream_name":"stdout","time":2292.104945196,"data":"任务: (B3)N15_M07_F04→(B2)N15_M07_F10; mix批次:····0; 批次:··940/·1880;  总正确率: 35.83%\n"}
,{"stream_name":"stdout","time":2292.104992878,"data":"类型1 正确率：  33.00% -\u003e 1   33.00%, 2   67.00%, 3    0.00%\n"}
,{"stream_name":"stdout","time":2292.105005026,"data":"类型2 正确率：  24.00% -\u003e 1    0.00%, 2   24.50%, 3   75.50%\n"}
,{"stream_name":"stdout","time":2292.105010672,"data":"类型3 正确率：  50.00% -\u003e 1    0.00%, 2   50.00%, 3   50.00%\n"}
,{"stream_name":"stdout","time":2292.105016918,"data":"\n"}
,{"stream_name":"stdout","time":2292.105021782,"data":"\n"}
,{"stream_name":"stdout","time":2292.150611268,"data":"样本变换：reverse\n"}
,{"stream_name":"stdout","time":2295.395848175,"data":"样本变换：mask\n"}
,{"stream_name":"stdout","time":2298.653815468,"data":"样本变换：shift\n"}
,{"stream_name":"stdout","time":2301.911824299,"data":"样本变换：none\n"}
,{"stream_name":"stderr","time":2306.930456485,"data":"/kaggle/working/m2rep/reps1/sdalr_PU_final_checkpoint/tools.py:413: RuntimeWarning: invalid value encountered in divide\n"}
,{"stream_name":"stderr","time":2306.930496247,"data":"  per_class_acc = conf_matrix.diagonal() / conf_matrix.sum(axis=1) * 100\n"}
,{"stream_name":"stdout","time":2306.93055091,"data":"未过滤\t未用伪标签：35.83% -\u003e 使用伪标签：33.07%\n"}
,{"stream_name":"stdout","time":2306.930578038,"data":"已过滤\t未用伪标签：35.21% -\u003e 使用伪标签：33.40%\n"}
,{"stream_name":"stdout","time":2306.930585964,"data":"排除样本：59|6000\t剩余：660, 2664, 2617\n"}
,{"stream_name":"stdout","time":2306.930591879,"data":"增添样本：2051\t\t细则：2004, 0, 47\t正确率估算：99.29%\n"}
,{"stream_name":"stdout","time":2306.930598328,"data":"类型1 正确率：  33.00% -\u003e 1   33.00%, 2   67.00%, 3    0.00%\n"}
,{"stream_name":"stdout","time":2306.930604479,"data":"类型2 正确率：  17.00% -\u003e 1    0.00%, 2   16.69%, 3   83.31%\n"}
,{"stream_name":"stdout","time":2306.930610383,"data":"类型3 正确率：  50.00% -\u003e 1    0.00%, 2   50.00%, 3   50.00%\n"}
,{"stream_name":"stdout","time":2306.930615915,"data":"\n"}
,{"stream_name":"stdout","time":2306.930621009,"data":"被排除样本 正确率：98.31%\n"}
,{"stream_name":"stdout","time":2306.930626292,"data":"类型1 正确率：  98.00% -\u003e 1   98.31%, 2    1.69%\n"}
,{"stream_name":"stdout","time":2306.930631327,"data":"类型2 没有样本或未被分类。\n"}
,{"stream_name":"stdout","time":2306.930636375,"data":"\n"}
,{"stream_name":"stdout","time":2306.930643549,"data":"\n"}
,{"stream_name":"stdout","time":2319.59646018,"data":"轮次:·11/·20 || c_Loss:0.382 || e_Loss:-0.872 || Aad_Loss:-31.940 || 耗时：33.46s\n"}
,{"stream_name":"stdout","time":2332.389575821,"data":"轮次:·12/·20 || c_Loss:0.376 || e_Loss:-1.819 || Aad_Loss:-32.540 || 耗时：12.79s\n"}
,{"stream_name":"stdout","time":2345.246397479,"data":"轮次:·13/·20 || c_Loss:0.398 || e_Loss:-1.814 || Aad_Loss:-29.088 || 耗时：12.86s\n"}
,{"stream_name":"stdout","time":2358.106892909,"data":"轮次:·14/·20 || c_Loss:0.398 || e_Loss:-1.335 || Aad_Loss:-29.094 || 耗时：12.86s\n"}
,{"stream_name":"stdout","time":2370.987919576,"data":"轮次:·15/·20 || c_Loss:0.404 || e_Loss:-0.856 || Aad_Loss:-30.140 || 耗时：12.88s\n"}
,{"stream_name":"stdout","time":2376.978818153,"data":"任务: (B3)N15_M07_F04→(B2)N15_M07_F10; mix批次:····0; 批次:·1410/·1880;  总正确率: 33.07%\n"}
,{"stream_name":"stdout","time":2376.978853942,"data":"类型1 正确率：  33.00% -\u003e 1   33.00%, 2   67.00%, 3    0.00%\n"}
,{"stream_name":"stdout","time":2376.978859982,"data":"类型2 正确率：  16.00% -\u003e 1    0.00%, 2   16.20%, 3   83.80%\n"}
,{"stream_name":"stdout","time":2376.978865089,"data":"类型3 正确率：  50.00% -\u003e 1    0.00%, 2   50.00%, 3   50.00%\n"}
,{"stream_name":"stdout","time":2376.978869855,"data":"\n"}
,{"stream_name":"stdout","time":2376.978874047,"data":"\n"}
,{"stream_name":"stdout","time":2377.026459549,"data":"样本变换：reverse\n"}
,{"stream_name":"stdout","time":2380.295898025,"data":"样本变换：mask\n"}
,{"stream_name":"stdout","time":2383.58996496,"data":"样本变换：shift\n"}
,{"stream_name":"stdout","time":2386.867836097,"data":"样本变换：none\n"}
,{"stream_name":"stderr","time":2391.987537883,"data":"/usr/local/lib/python3.12/dist-packages/sklearn/metrics/_classification.py:407: UserWarning: A single label was found in 'y_true' and 'y_pred'. For the confusion matrix to have the correct shape, use the 'labels' parameter to pass all known labels.\n"}
,{"stream_name":"stderr","time":2391.987593296,"data":"  warnings.warn(\n"}
,{"stream_name":"stdout","time":2391.987683624,"data":"未过滤\t未用伪标签：33.07% -\u003e 使用伪标签：31.18%\n"}
,{"stream_name":"stdout","time":2391.987706131,"data":"已过滤\t未用伪标签：32.42% -\u003e 使用伪标签：31.48%\n"}
,{"stream_name":"stdout","time":2391.987712128,"data":"排除样本：57|6000\t剩余：660, 2551, 2732\n"}
,{"stream_name":"stdout","time":2391.98771683,"data":"增添样本：2253\t\t细则：2072, 181, 0\t正确率估算：100.00%\n"}
,{"stream_name":"stdout","time":2391.987721896,"data":"类型1 正确率：  33.00% -\u003e 1   33.00%, 2   67.00%, 3    0.00%\n"}
,{"stream_name":"stdout","time":2391.987726552,"data":"类型2 正确率：  11.00% -\u003e 1    0.00%, 2   10.86%, 3   89.14%\n"}
,{"stream_name":"stdout","time":2391.987731261,"data":"类型3 正确率：  50.00% -\u003e 1    0.00%, 2   50.00%, 3   50.00%\n"}
,{"stream_name":"stdout","time":2391.987735783,"data":"\n"}
,{"stream_name":"stdout","time":2391.987740306,"data":"被排除样本 正确率：100.00%\n"}
,{"stream_name":"stdout","time":2391.987744701,"data":"类型1 正确率： 100.00% -\u003e 1  100.00%\n"}
,{"stream_name":"stdout","time":2391.987769416,"data":"\n"}
,{"stream_name":"stdout","time":2391.98777878,"data":"\n"}
,{"stream_name":"stdout","time":2404.704318572,"data":"轮次:·16/·20 || c_Loss:0.369 || e_Loss:-0.914 || Aad_Loss:-31.113 || 耗时：33.72s\n"}
,{"stream_name":"stdout","time":2417.502556141,"data":"轮次:·17/·20 || c_Loss:0.423 || e_Loss:-0.855 || Aad_Loss:-29.854 || 耗时：12.80s\n"}
,{"stream_name":"stdout","time":2430.282466456,"data":"轮次:·18/·20 || c_Loss:0.382 || e_Loss:-1.488 || Aad_Loss:-30.016 || 耗时：12.78s\n"}
,{"stream_name":"stdout","time":2443.057469309,"data":"轮次:·19/·20 || c_Loss:0.385 || e_Loss:-0.872 || Aad_Loss:-31.996 || 耗时：12.77s\n"}
,{"stream_name":"stdout","time":2455.835636696,"data":"轮次:·20/·20 || c_Loss:0.392 || e_Loss:-1.673 || Aad_Loss:-30.323 || 耗时：12.78s\n"}
,{"stream_name":"stdout","time":2461.768529579,"data":"任务: (B3)N15_M07_F04→(B2)N15_M07_F10; mix批次:····0; 批次:·1880/·1880;  总正确率: 30.82%\n"}
,{"stream_name":"stdout","time":2461.768589474,"data":"类型1 正确率：  33.00% -\u003e 1   33.00%, 2   67.00%, 3    0.00%\n"}
,{"stream_name":"stdout","time":2461.768596597,"data":"类型2 正确率：   9.00% -\u003e 1    0.00%, 2    9.45%, 3   90.55%\n"}
,{"stream_name":"stdout","time":2461.768601601,"data":"类型3 正确率：  50.00% -\u003e 1    0.00%, 2   50.00%, 3   50.00%\n"}
,{"stream_name":"stdout","time":2461.768606868,"data":"\n"}
,{"stream_name":"stdout","time":2461.768611174,"data":"\n"}
,{"stream_name":"stdout","time":2467.687900583,"data":"测试集任务: (B3)N15_M07_F04→(B2)N15_M07_F10; 总正确率 = 30.82%\n"}
,{"stream_name":"stdout","time":2467.687931365,"data":"类型1 正确率：  33.00% -\u003e 1   33.00%, 2   67.00%, 3    0.00%\n"}
,{"stream_name":"stdout","time":2467.687936898,"data":"类型2 正确率：   9.00% -\u003e 1    0.00%, 2    9.45%, 3   90.55%\n"}
,{"stream_name":"stdout","time":2467.687941602,"data":"类型3 正确率：  50.00% -\u003e 1    0.00%, 2   50.00%, 3   50.00%\n"}
,{"stream_name":"stdout","time":2467.68794619,"data":"\n"}
,{"stream_name":"stdout","time":2467.687950426,"data":"\n"}
,{"stream_name":"stdout","time":2467.71870313,"data":"[tar_adaptation_RES_PU.py --folder_root /kaggle/working/m2rep/reps1/sdalr_PU_final_checkpoint/DATA_foldB --seed 1 --class_num 3 --data_name PU_M1_L3 --output /kaggle/working/m2rep/reps1/weight_PU_M1_final_checkpoint_FAtoB_s1 --s 2 --t 1 --lr 0.0005 --threshold 0.4 --K 0.6] 358s\n"}
,{"stream_name":"stdout","time":2467.736783858,"data":"{\n"}
,{"stream_name":"stdout","time":2467.736801723,"data":"  \"dataset\": \"PU_M1\",\n"}
,{"stream_name":"stdout","time":2467.736807059,"data":"  \"variant\": \"final_checkpoint\",\n"}
,{"stream_name":"stdout","time":2467.736815572,"data":"  \"seed\": 1,\n"}
,{"stream_name":"stdout","time":2467.736819277,"data":"  \"smoke\": false,\n"}
,{"stream_name":"stdout","time":2467.736822308,"data":"  \"src_fold\": \"A\",\n"}
,{"stream_name":"stdout","time":2467.736825151,"data":"  \"tgt_fold\": \"B\",\n"}
,{"stream_name":"stdout","time":2467.736827814,"data":"  \"leaky\": false,\n"}
,{"stream_name":"stdout","time":2467.736830529,"data":"  \"hyperparameters\": {\n"}
,{"stream_name":"stdout","time":2467.736833232,"data":"    \"lr\": \"0.0005\",\n"}
,{"stream_name":"stdout","time":2467.736835964,"data":"    \"threshold\": \"0.4\",\n"}
,{"stream_name":"stdout","time":2467.736838738,"data":"    \"K\": \"0.6\"\n"}
,{"stream_name":"stdout","time":2467.736841501,"data":"  },\n"}
,{"stream_name":"stdout","time":2467.736844106,"data":"  \"adapters\": [\n"}
,{"stream_name":"stdout","time":2467.736846813,"data":"    \"npz_io\",\n"}
,{"stream_name":"stdout","time":2467.736849427,"data":"    \"tsne_stub\",\n"}
,{"stream_name":"stdout","time":2467.736852115,"data":"    \"final_checkpoint_patch\"\n"}
,{"stream_name":"stdout","time":2467.736854882,"data":"  ],\n"}
,{"stream_name":"stdout","time":2467.736857442,"data":"  \"source_only\": {\n"}
,{"stream_name":"stdout","time":2467.736860069,"data":"    \"A1-\u003eA3\": 99.07,\n"}
,{"stream_name":"stdout","time":2467.736863158,"data":"    \"A1-\u003eA2\": 80.45,\n"}
,{"stream_name":"stdout","time":2467.736865838,"data":"    \"A3-\u003eA1\": 99.83,\n"}
,{"stream_name":"stdout","time":2467.736868621,"data":"    \"A3-\u003eA2\": 85.69,\n"}
,{"stream_name":"stdout","time":2467.736871284,"data":"    \"A2-\u003eA1\": 87.93,\n"}
,{"stream_name":"stdout","time":2467.7368739,"data":"    \"A2-\u003eA3\": 88.23\n"}
,{"stream_name":"stdout","time":2467.736876569,"data":"  },\n"}
,{"stream_name":"stdout","time":2467.736879131,"data":"  \"adapted\": {\n"}
,{"stream_name":"stdout","time":2467.736890206,"data":"    \"A1-\u003eA3\": 75.77,\n"}
,{"stream_name":"stdout","time":2467.736893059,"data":"    \"A1-\u003eA2\": 80.72,\n"}
,{"stream_name":"stdout","time":2467.736895838,"data":"    \"A3-\u003eA1\": 59.2,\n"}
,{"stream_name":"stdout","time":2467.736898487,"data":"    \"A3-\u003eA2\": 64.03,\n"}
,{"stream_name":"stdout","time":2467.736901125,"data":"    \"A2-\u003eA1\": 28.3,\n"}
,{"stream_name":"stdout","time":2467.73690378,"data":"    \"A2-\u003eA3\": 30.82\n"}
,{"stream_name":"stdout","time":2467.736906445,"data":"  },\n"}
,{"stream_name":"stdout","time":2467.736908997,"data":"  \"seconds\": {\n"}
,{"stream_name":"stdout","time":2467.736911594,"data":"    \"pretrain\": 285,\n"}
,{"stream_name":"stdout","time":2467.736914297,"data":"    \"A1-\u003eA3\": 360,\n"}
,{"stream_name":"stdout","time":2467.736916963,"data":"    \"A1-\u003eA2\": 359,\n"}
,{"stream_name":"stdout","time":2467.736919591,"data":"    \"A3-\u003eA1\": 361,\n"}
,{"stream_name":"stdout","time":2467.736922208,"data":"    \"A3-\u003eA2\": 360,\n"}
,{"stream_name":"stdout","time":2467.736924817,"data":"    \"A2-\u003eA1\": 360,\n"}
,{"stream_name":"stdout","time":2467.736927422,"data":"    \"A2-\u003eA3\": 358\n"}
,{"stream_name":"stdout","time":2467.736930055,"data":"  },\n"}
,{"stream_name":"stdout","time":2467.736932631,"data":"  \"gate_log\": {\n"}
,{"stream_name":"stdout","time":2467.736935287,"data":"    \"A1-\u003eA3\": [],\n"}
,{"stream_name":"stdout","time":2467.73693796,"data":"    \"A1-\u003eA2\": [],\n"}
,{"stream_name":"stdout","time":2467.736940586,"data":"    \"A3-\u003eA1\": [],\n"}
,{"stream_name":"stdout","time":2467.736943206,"data":"    \"A3-\u003eA2\": [],\n"}
,{"stream_name":"stdout","time":2467.736945832,"data":"    \"A2-\u003eA1\": [],\n"}
,{"stream_name":"stdout","time":2467.736948477,"data":"    \"A2-\u003eA3\": []\n"}
,{"stream_name":"stdout","time":2467.736951189,"data":"  },\n"}
,{"stream_name":"stdout","time":2467.736953826,"data":"  \"gate\": \"none\"\n"}
,{"stream_name":"stdout","time":2467.736956602,"data":"}\n"}
,{"stream_name":"stdout","time":2470.955301055,"data":"{'gate': 'none', 'rc': 0, 'seconds': 2463}\n"}
,{"stream_name":"stdout","time":2476.895590024,"data":"读取源域路径：/kaggle/working/m2rep/reps1/weight_PU_M1_final_checkpoint_FAtoB_gatev2_s1/NEW_PU/Source-源域/log\u0026pt/(B1)N15_M01_F10\n"}
,{"stream_name":"stdout","time":2476.895624336,"data":"excel输出位置：/kaggle/working/m2rep/reps1/weight_PU_M1_final_checkpoint_FAtoB_gatev2_s1/NEW_PU/Target-目标域\n"}
,{"stream_name":"stdout","time":2476.896125172,"data":"特征图片输出位置：/kaggle/working/m2rep/reps1/weight_PU_M1_final_checkpoint_FAtoB_gatev2_s1/NEW_PU/Picture-特征图/2026年09月15日15时57分/(B1)N15_M01_F10\n"}
,{"stream_name":"stderr","time":2477.256031927,"data":"/usr/local/lib/python3.12/dist-packages/torch/nn/utils/weight_norm.py:144: FutureWarning: `torch.nn.utils.weight_norm` is deprecated in favor of `torch.nn.utils.parametrizations.weight_norm`.\n"}
,{"stream_name":"stderr","time":2477.256089926,"data":"  WeightNorm.apply(module, name, dim)\n"}
,{"stream_name":"stdout","time":2477.30218399,"data":"现在选取:(B1)N15_M01_F10 进行训练的源模型\n"}
,{"stream_name":"stdout","time":2477.302227508,"data":"现在进行：(B1)N15_M01_F10→(B2)N15_M07_F10 的迁移任务\n"}
,{"stream_name":"stdout","time":2477.302234356,"data":"log\u0026pt输出位置：/kaggle/working/m2rep/reps1/weight_PU_M1_final_checkpoint_FAtoB_gatev2_s1/NEW_PU/Target-目标域/log\u0026pt/(B1)N15_M01_F10→(B2)N15_M07_F10\n"}
,{"stream_name":"stderr","time":2477.303672458,"data":"sh: 1: Syntax error: word unexpected (expecting \")\")\n"}
,{"stream_name":"stdout","time":2488.900431428,"data":"任务: (B1)N15_M01_F10→(B2)N15_M07_F10; 批次:····0/·1880;  总正确率: 62.93%\n"}
,{"stream_name":"stdout","time":2488.90046754,"data":"类型1 正确率：  55.00% -\u003e 1   54.95%, 2   41.15%, 3    3.90%\n"}
,{"stream_name":"stdout","time":2488.900474507,"data":"类型2 正确率：  84.00% -\u003e 1    0.00%, 2   84.05%, 3   15.95%\n"}
,{"stream_name":"stdout","time":2488.900479548,"data":"类型3 正确率：  50.00% -\u003e 1    0.00%, 2   50.20%, 3   49.80%\n"}
,{"stream_name":"stdout","time":2488.900491123,"data":"\n"}
,{"stream_name":"stdout","time":2488.90049476,"data":"\n"}
,{"stream_name":"stdout","time":2488.901141702,"data":"样本变换：reverse\n"}
,{"stream_name":"stdout","time":2492.194867678,"data":"样本变换：mask\n"}
,{"stream_name":"stdout","time":2495.467901942,"data":"样本变换：shift\n"}
,{"stream_name":"stdout","time":2498.725044329,"data":"样本变换：none\n"}
,{"stream_name":"stderr","time":2504.482470956,"data":"/kaggle/working/m2rep/reps1/sdalr_PU_final_checkpoint/tools.py:413: RuntimeWarning: invalid value encountered in divide\n"}
,{"stream_name":"stderr","time":2504.482522511,"data":"  per_class_acc = conf_matrix.diagonal() / conf_matrix.sum(axis=1) * 100\n"}
,{"stream_name":"stdout","time":2504.48264221,"data":"未过滤\t未用伪标签：62.93% -\u003e 使用伪标签：74.60%\n"}
,{"stream_name":"stdout","time":2504.482658491,"data":"已过滤\t未用伪标签：63.71% -\u003e 使用伪标签：75.94%\n"}
,{"stream_name":"stdout","time":2504.482664124,"data":"排除样本：106|6000\t剩余：1793, 2836, 1265\n"}
,{"stream_name":"stdout","time":2504.482677168,"data":"增添样本：2854\t\t细则：1043, 0, 1811\t正确率估算：79.79%\n"}
,{"stream_name":"stdout","time":2504.482695868,"data":"类型1 正确率：  92.00% -\u003e 1   92.14%, 2    7.86%, 3    0.00%\n"}
,{"stream_name":"stdout","time":2504.482701802,"data":"类型2 正确率：  86.00% -\u003e 1    0.00%, 2   86.40%, 3   13.60%\n"}
,{"stream_name":"stdout","time":2504.482706908,"data":"类型3 正确率：  50.00% -\u003e 1    0.00%, 2   50.00%, 3   50.00%\n"}
,{"stream_name":"stdout","time":2504.482729815,"data":"\n"}
,{"stream_name":"stdout","time":2504.482735643,"data":"被排除样本 正确率：19.81%\n"}
,{"stream_name":"stdout","time":2504.48274144,"data":"类型1 正确率：   0.00% -\u003e 1    0.00%, 2  100.00%, 3    0.00%\n"}
,{"stream_name":"stdout","time":2504.482746614,"data":"类型2 正确率：  40.00% -\u003e 1    0.00%, 2   40.38%, 3   59.62%\n"}
,{"stream_name":"stdout","time":2504.482752702,"data":"类型3 没有样本或未被分类。\n"}
,{"stream_name":"stdout","time":2504.482772442,"data":"\n"}
,{"stream_name":"stdout","time":2504.482777408,"data":"\n"}
,{"stream_name":"stdout","time":2517.96937141,"data":"轮次:··1/·20 || c_Loss:0.583 || e_Loss:-1.449 || Aad_Loss:-24.829 || 耗时：35.16s\n"}
,{"stream_name":"stdout","time":2531.246833959,"data":"轮次:··2/·20 || c_Loss:0.375 || e_Loss:-1.814 || Aad_Loss:-26.987 || 耗时：13.28s\n"}
,{"stream_name":"stdout","time":2544.142955976,"data":"轮次:··3/·20 || c_Loss:0.405 || e_Loss:-1.611 || Aad_Loss:-31.698 || 耗时：12.90s\n"}
,{"stream_name":"stdout","time":2556.905242191,"data":"轮次:··4/·20 || c_Loss:0.408 || e_Loss:-1.724 || Aad_Loss:-26.994 || 耗时：12.76s\n"}
,{"stream_name":"stdout","time":2569.482811563,"data":"轮次:··5/·20 || c_Loss:0.357 || e_Loss:-1.734 || Aad_Loss:-30.300 || 耗时：12.58s\n"}
,{"stream_name":"stdout","time":2575.376562896,"data":"任务: (B1)N15_M01_F10→(B2)N15_M07_F10; mix批次:····0; 批次:··470/·1880;  总正确率: 81.15%\n"}
,{"stream_name":"stdout","time":2575.376620969,"data":"类型1 正确率：  98.00% -\u003e 1   98.40%, 2    1.60%, 3    0.00%\n"}
,{"stream_name":"stdout","time":2575.376626466,"data":"类型2 正确率：  95.00% -\u003e 1    0.30%, 2   95.05%, 3    4.65%\n"}
,{"stream_name":"stdout","time":2575.376629411,"data":"类型3 正确率：  50.00% -\u003e 1    0.00%, 2   50.00%, 3   50.00%\n"}
,{"stream_name":"stdout","time":2575.376632078,"data":"\n"}
,{"stream_name":"stdout","time":2575.376634461,"data":"\n"}
,{"stream_name":"stdout","time":2575.407594384,"data":"样本变换：reverse\n"}
,{"stream_name":"stdout","time":2578.638811969,"data":"样本变换：mask\n"}
,{"stream_name":"stdout","time":2581.905813684,"data":"样本变换：shift\n"}
,{"stream_name":"stdout","time":2585.153779767,"data":"样本变换：none\n"}
,{"stream_name":"stderr","time":2590.843436366,"data":"/usr/local/lib/python3.12/dist-packages/numpy/_core/fromnumeric.py:3596: RuntimeWarning: Mean of empty slice.\n"}
,{"stream_name":"stderr","time":2590.843479319,"data":"  return _methods._mean(a, axis=axis, dtype=dtype,\n"}
,{"stream_name":"stderr","time":2590.845710547,"data":"/usr/local/lib/python3.12/dist-packages/numpy/_core/_methods.py:138: RuntimeWarning: invalid value encountered in scalar divide\n"}
,{"stream_name":"stderr","time":2590.845726435,"data":"  ret = ret.dtype.type(ret / rcount)\n"}
,{"stream_name":"stderr","time":2590.846648628,"data":"/kaggle/working/m2rep/reps1/sdalr_PU_final_checkpoint/tools.py:414: RuntimeWarning: Mean of empty slice.\n"}
,{"stream_name":"stderr","time":2590.846660767,"data":"  overall_acc = round(per_class_acc.mean(), 2)\n"}
,{"stream_name":"stderr","time":2590.846665357,"data":"/usr/local/lib/python3.12/dist-packages/numpy/_core/_methods.py:138: RuntimeWarning: invalid value encountered in scalar divide\n"}
,{"stream_name":"stderr","time":2590.846670283,"data":"  ret = ret.dtype.type(ret / rcount)\n"}
,{"stream_name":"stdout","time":2590.846960114,"data":"未过滤\t未用伪标签：81.15% -\u003e 使用伪标签：83.28%\n"}
,{"stream_name":"stdout","time":2590.846984434,"data":"已过滤\t未用伪标签：81.15% -\u003e 使用伪标签：83.28%\n"}
,{"stream_name":"stdout","time":2590.84699084,"data":"排除样本：1997|6000\t剩余：3003, 1000\n"}
,{"stream_name":"stdout","time":2590.846995538,"data":"增添样本：3009\t\t细则：1006, 0, 2003\t正确率估算：99.30%\n"}
,{"stream_name":"stdout","time":2590.847000214,"data":"类型1 正确率： 100.00% -\u003e 1   99.85%, 2    0.15%, 3    0.00%\n"}
,{"stream_name":"stdout","time":2590.847004653,"data":"类型2 正确率： 100.00% -\u003e 1    0.00%, 2  100.00%, 3    0.00%\n"}
,{"stream_name":"stdout","time":2590.847008469,"data":"类型3 正确率：  50.00% -\u003e 1    0.00%, 2   50.00%, 3   50.00%\n"}
,{"stream_name":"stdout","time":2590.847012288,"data":"\n"}
,{"stream_name":"stdout","time":2590.847015804,"data":"被排除样本 正确率：nan%\n"}
,{"stream_name":"stdout","time":2590.84703647,"data":"\n"}
,{"stream_name":"stdout","time":2590.847040192,"data":"\n"}
,{"stream_name":"stdout","time":2603.570564718,"data":"轮次:··6/·20 || c_Loss:0.374 || e_Loss:-0.998 || Aad_Loss:-30.444 || 耗时：34.09s\n"}
,{"stream_name":"stdout","time":2616.404178807,"data":"轮次:··7/·20 || c_Loss:0.385 || e_Loss:-0.982 || Aad_Loss:-30.779 || 耗时：12.83s\n"}
,{"stream_name":"stdout","time":2629.227131339,"data":"轮次:··8/·20 || c_Loss:0.377 || e_Loss:-1.008 || Aad_Loss:-31.020 || 耗时：12.82s\n"}
,{"stream_name":"stdout","time":2642.090366127,"data":"轮次:··9/·20 || c_Loss:0.384 || e_Loss:-0.988 || Aad_Loss:-32.206 || 耗时：12.86s\n"}
,{"stream_name":"stdout","time":2654.802064375,"data":"轮次:·10/·20 || c_Loss:0.384 || e_Loss:-0.984 || Aad_Loss:-31.572 || 耗时：12.71s\n"}
,{"stream_name":"stdout","time":2660.76224614,"data":"任务: (B1)N15_M01_F10→(B2)N15_M07_F10; mix批次:····0; 批次:··940/·1880;  总正确率: 83.33%\n"}
,{"stream_name":"stdout","time":2660.762282306,"data":"类型1 正确率： 100.00% -\u003e 1  100.00%, 2    0.00%, 3    0.00%\n"}
,{"stream_name":"stdout","time":2660.762288992,"data":"类型2 正确率： 100.00% -\u003e 1    0.00%, 2  100.00%, 3    0.00%\n"}
,{"stream_name":"stdout","time":2660.762293589,"data":"类型3 正确率：  50.00% -\u003e 1    0.00%, 2   50.00%, 3   50.00%\n"}
,{"stream_name":"stdout","time":2660.762298222,"data":"\n"}
,{"stream_name":"stdout","time":2660.762304724,"data":"\n"}
,{"stream_name":"stdout","time":2660.807899981,"data":"样本变换：reverse\n"}
,{"stream_name":"stdout","time":2664.056305541,"data":"样本变换：mask\n"}
,{"stream_name":"stdout","time":2667.35879511,"data":"样本变换：shift\n"}
,{"stream_name":"stdout","time":2670.616089367,"data":"样本变换：none\n"}
,{"stream_name":"stderr","time":2676.293576042,"data":"/usr/local/lib/python3.12/dist-packages/numpy/_core/fromnumeric.py:3596: RuntimeWarning: Mean of empty slice.\n"}
,{"stream_name":"stderr","time":2676.293620046,"data":"  return _methods._mean(a, axis=axis, dtype=dtype,\n"}
,{"stream_name":"stderr","time":2676.293632808,"data":"/usr/local/lib/python3.12/dist-packages/numpy/_core/_methods.py:138: RuntimeWarning: invalid value encountered in scalar divide\n"}
,{"stream_name":"stderr","time":2676.293636458,"data":"  ret = ret.dtype.type(ret / rcount)\n"}
,{"stream_name":"stderr","time":2676.294415471,"data":"/kaggle/working/m2rep/reps1/sdalr_PU_final_checkpoint/tools.py:414: RuntimeWarning: Mean of empty slice.\n"}
,{"stream_name":"stderr","time":2676.294441628,"data":"  overall_acc = round(per_class_acc.mean(), 2)\n"}
,{"stream_name":"stderr","time":2676.294445694,"data":"/usr/local/lib/python3.12/dist-packages/numpy/_core/_methods.py:138: RuntimeWarning: invalid value encountered in scalar divide\n"}
,{"stream_name":"stderr","time":2676.294450008,"data":"  ret = ret.dtype.type(ret / rcount)\n"}
,{"stream_name":"stdout","time":2676.294635102,"data":"未过滤\t未用伪标签：83.33% -\u003e 使用伪标签：83.33%\n"}
,{"stream_name":"stdout","time":2676.294646702,"data":"已过滤\t未用伪标签：83.33% -\u003e 使用伪标签：83.33%\n"}
,{"stream_name":"stdout","time":2676.294652085,"data":"排除样本：2000|6000\t剩余：3000, 1000\n"}
,{"stream_name":"stdout","time":2676.294657041,"data":"增添样本：3000\t\t细则：1000, 0, 2000\t正确率估算：100.00%\n"}
,{"stream_name":"stdout","time":2676.294662161,"data":"类型1 正确率： 100.00% -\u003e 1  100.00%, 2    0.00%, 3    0.00%\n"}
,{"stream_name":"stdout","time":2676.294667156,"data":"类型2 正确率： 100.00% -\u003e 1    0.00%, 2  100.00%, 3    0.00%\n"}
,{"stream_name":"stdout","time":2676.294672345,"data":"类型3 正确率：  50.00% -\u003e 1    0.00%, 2   50.00%, 3   50.00%\n"}
,{"stream_name":"stdout","time":2676.294678001,"data":"\n"}
,{"stream_name":"stdout","time":2676.294683126,"data":"被排除样本 正确率：nan%\n"}
,{"stream_name":"stdout","time":2676.29468896,"data":"\n"}
,{"stream_name":"stdout","time":2676.294694319,"data":"\n"}
,{"stream_name":"stdout","time":2688.941744031,"data":"轮次:·11/·20 || c_Loss:0.382 || e_Loss:-1.002 || Aad_Loss:-30.789 || 耗时：34.14s\n"}
,{"stream_name":"stdout","time":2701.779359577,"data":"轮次:·12/·20 || c_Loss:0.381 || e_Loss:-0.964 || Aad_Loss:-34.231 || 耗时：12.84s\n"}
,{"stream_name":"stdout","time":2714.664172729,"data":"轮次:·13/·20 || c_Loss:0.386 || e_Loss:-0.967 || Aad_Loss:-31.259 || 耗时：12.88s\n"}
,{"stream_name":"stdout","time":2727.555329554,"data":"轮次:·14/·20 || c_Loss:0.382 || e_Loss:-0.996 || Aad_Loss:-31.283 || 耗时：12.89s\n"}
,{"stream_name":"stdout","time":2740.424215782,"data":"轮次:·15/·20 || c_Loss:0.380 || e_Loss:-0.995 || Aad_Loss:-32.369 || 耗时：12.87s\n"}
,{"stream_name":"stdout","time":2746.422510032,"data":"任务: (B1)N15_M01_F10→(B2)N15_M07_F10; mix批次:····0; 批次:·1410/·1880;  总正确率: 83.33%\n"}
,{"stream_name":"stdout","time":2746.422554534,"data":"类型1 正确率： 100.00% -\u003e 1  100.00%, 2    0.00%, 3    0.00%\n"}
,{"stream_name":"stdout","time":2746.422560533,"data":"类型2 正确率： 100.00% -\u003e 1    0.00%, 2  100.00%, 3    0.00%\n"}
,{"stream_name":"stdout","time":2746.422564627,"data":"类型3 正确率：  50.00% -\u003e 1    0.00%, 2   50.00%, 3   50.00%\n"}
,{"stream_name":"stdout","time":2746.422568443,"data":"\n"}
,{"stream_name":"stdout","time":2746.42257194,"data":"\n"}
,{"stream_name":"stdout","time":2746.469599158,"data":"样本变换：reverse\n"}
,{"stream_name":"stdout","time":2749.714916133,"data":"样本变换：mask\n"}
,{"stream_name":"stdout","time":2753.020461467,"data":"样本变换：shift\n"}
,{"stream_name":"stdout","time":2756.291837325,"data":"样本变换：none\n"}
,{"stream_name":"stderr","time":2762.002721607,"data":"/usr/local/lib/python3.12/dist-packages/numpy/_core/fromnumeric.py:3596: RuntimeWarning: Mean of empty slice.\n"}
,{"stream_name":"stderr","time":2762.002793915,"data":"  return _methods._mean(a, axis=axis, dtype=dtype,\n"}
,{"stream_name":"stderr","time":2762.002805811,"data":"/usr/local/lib/python3.12/dist-packages/numpy/_core/_methods.py:138: RuntimeWarning: invalid value encountered in scalar divide\n"}
,{"stream_name":"stderr","time":2762.002812729,"data":"  ret = ret.dtype.type(ret / rcount)\n"}
,{"stream_name":"stderr","time":2762.003528605,"data":"/kaggle/working/m2rep/reps1/sdalr_PU_final_checkpoint/tools.py:414: RuntimeWarning: Mean of empty slice.\n"}
,{"stream_name":"stderr","time":2762.003552909,"data":"  overall_acc = round(per_class_acc.mean(), 2)\n"}
,{"stream_name":"stderr","time":2762.003561443,"data":"/usr/local/lib/python3.12/dist-packages/numpy/_core/_methods.py:138: RuntimeWarning: invalid value encountered in scalar divide\n"}
,{"stream_name":"stderr","time":2762.003568454,"data":"  ret = ret.dtype.type(ret / rcount)\n"}
,{"stream_name":"stdout","time":2762.003723404,"data":"未过滤\t未用伪标签：83.33% -\u003e 使用伪标签：83.33%\n"}
,{"stream_name":"stdout","time":2762.003770912,"data":"已过滤\t未用伪标签：83.33% -\u003e 使用伪标签：83.33%\n"}
,{"stream_name":"stdout","time":2762.003780251,"data":"排除样本：2000|6000\t剩余：3000, 1000\n"}
,{"stream_name":"stdout","time":2762.003785665,"data":"增添样本：3000\t\t细则：1000, 0, 2000\t正确率估算：100.00%\n"}
,{"stream_name":"stdout","time":2762.003792255,"data":"类型1 正确率： 100.00% -\u003e 1  100.00%, 2    0.00%, 3    0.00%\n"}
,{"stream_name":"stdout","time":2762.003797709,"data":"类型2 正确率： 100.00% -\u003e 1    0.00%, 2  100.00%, 3    0.00%\n"}
,{"stream_name":"stdout","time":2762.003802628,"data":"类型3 正确率：  50.00% -\u003e 1    0.00%, 2   50.00%, 3   50.00%\n"}
,{"stream_name":"stdout","time":2762.003807589,"data":"\n"}
,{"stream_name":"stdout","time":2762.003812077,"data":"被排除样本 正确率：nan%\n"}
,{"stream_name":"stdout","time":2762.003816821,"data":"\n"}
,{"stream_name":"stdout","time":2762.003842494,"data":"\n"}
,{"stream_name":"stdout","time":2774.726915596,"data":"轮次:·16/·20 || c_Loss:0.381 || e_Loss:-1.002 || Aad_Loss:-31.048 || 耗时：34.30s\n"}
,{"stream_name":"stdout","time":2787.566271448,"data":"轮次:·17/·20 || c_Loss:0.380 || e_Loss:-0.965 || Aad_Loss:-34.449 || 耗时：12.84s\n"}
,{"stream_name":"stdout","time":2800.406827652,"data":"轮次:·18/·20 || c_Loss:0.385 || e_Loss:-0.969 || Aad_Loss:-31.430 || 耗时：12.84s\n"}
,{"stream_name":"stdout","time":2813.252480808,"data":"轮次:·19/·20 || c_Loss:0.381 || e_Loss:-0.997 || Aad_Loss:-31.479 || 耗时：12.85s\n"}
,{"stream_name":"stdout","time":2826.107344466,"data":"轮次:·20/·20 || c_Loss:0.379 || e_Loss:-0.996 || Aad_Loss:-32.497 || 耗时：12.85s\n"}
,{"stream_name":"stdout","time":2832.102364492,"data":"任务: (B1)N15_M01_F10→(B2)N15_M07_F10; mix批次:····0; 批次:·1880/·1880;  总正确率: 83.33%\n"}
,{"stream_name":"stdout","time":2832.102398294,"data":"类型1 正确率： 100.00% -\u003e 1  100.00%, 2    0.00%, 3    0.00%\n"}
,{"stream_name":"stdout","time":2832.102405597,"data":"类型2 正确率： 100.00% -\u003e 1    0.00%, 2  100.00%, 3    0.00%\n"}
,{"stream_name":"stdout","time":2832.102411423,"data":"类型3 正确率：  50.00% -\u003e 1    0.00%, 2   50.00%, 3   50.00%\n"}
,{"stream_name":"stdout","time":2832.102417181,"data":"\n"}
,{"stream_name":"stdout","time":2832.102422509,"data":"\n"}
,{"stream_name":"stdout","time":2838.072521754,"data":"测试集任务: (B1)N15_M01_F10→(B2)N15_M07_F10; 总正确率 = 83.33%\n"}
,{"stream_name":"stdout","time":2838.072556617,"data":"类型1 正确率： 100.00% -\u003e 1  100.00%, 2    0.00%, 3    0.00%\n"}
,{"stream_name":"stdout","time":2838.072564935,"data":"类型2 正确率： 100.00% -\u003e 1    0.00%, 2  100.00%, 3    0.00%\n"}
,{"stream_name":"stdout","time":2838.07257145,"data":"类型3 正确率：  50.00% -\u003e 1    0.00%, 2   50.00%, 3   50.00%\n"}
,{"stream_name":"stdout","time":2838.07257762,"data":"\n"}
,{"stream_name":"stdout","time":2838.072584285,"data":"\n"}
,{"stream_name":"stdout","time":2838.097949296,"data":"[tar_adaptation_RES_PU.py --folder_root /kaggle/working/m2rep/reps1/sdalr_PU_final_checkpoint/DATA_foldB --seed 1 --class_num 3 --data_name PU_M1_L3 --output /kaggle/working/m2rep/reps1/weight_PU_M1_final_checkpoint_FAtoB_gatev2_s1 --s 0 --t 1 --lr 0.0005 --threshold 0.4 --K 0.6] 361s\n"}
,{"stream_name":"stdout","time":2838.144031151,"data":"读取源域路径：/kaggle/working/m2rep/reps1/weight_PU_M1_final_checkpoint_FAtoB_gatev2_s1/NEW_PU/Source-源域/log\u0026pt/(B1)N15_M01_F10\n"}
,{"stream_name":"stdout","time":2838.144056233,"data":"excel输出位置：/kaggle/working/m2rep/reps1/weight_PU_M1_final_checkpoint_FAtoB_gatev2_s1/NEW_PU/Target-目标域\n"}
,{"stream_name":"stdout","time":2838.144073145,"data":"特征图片输出位置：/kaggle/working/m2rep/reps1/weight_PU_M1_final_checkpoint_FAtoB_gatev2_s1/NEW_PU/Picture-特征图/2026年09月15日16时03分/(B1)N15_M01_F10\n"}
,{"stream_name":"stderr","time":2838.17954977,"data":"/usr/local/lib/python3.12/dist-packages/torch/nn/utils/weight_norm.py:144: FutureWarning: `torch.nn.utils.weight_norm` is deprecated in favor of `torch.nn.utils.parametrizations.weight_norm`.\n"}
,{"stream_name":"stderr","time":2838.179582989,"data":"  WeightNorm.apply(module, name, dim)\n"}
,{"stream_name":"stdout","time":2838.218902248,"data":"现在选取:(B1)N15_M01_F10 进行训练的源模型\n"}
,{"stream_name":"stdout","time":2838.218937043,"data":"现在进行：(B1)N15_M01_F10→(B3)N15_M07_F04 的迁移任务\n"}
,{"stream_name":"stdout","time":2838.218944296,"data":"log\u0026pt输出位置：/kaggle/working/m2rep/reps1/weight_PU_M1_final_checkpoint_FAtoB_gatev2_s1/NEW_PU/Target-目标域/log\u0026pt/(B1)N15_M01_F10→(B3)N15_M07_F04\n"}
,{"stream_name":"stderr","time":2838.220273153,"data":"sh: 1: Syntax error: word unexpected (expecting \")\")\n"}
,{"stream_name":"stdout","time":2849.569485058,"data":"任务: (B1)N15_M01_F10→(B3)N15_M07_F04; 批次:····0/·1880;  总正确率: 67.95%\n"}
,{"stream_name":"stdout","time":2849.569521229,"data":"类型1 正确率：  65.00% -\u003e 1   64.75%, 2   29.90%, 3    5.35%\n"}
,{"stream_name":"stdout","time":2849.569527938,"data":"类型2 正确率：  80.00% -\u003e 1    0.00%, 2   79.90%, 3   20.10%\n"}
,{"stream_name":"stdout","time":2849.569533184,"data":"类型3 正确率：  59.00% -\u003e 1    0.30%, 2   40.50%, 3   59.20%\n"}
,{"stream_name":"stdout","time":2849.569538305,"data":"\n"}
,{"stream_name":"stdout","time":2849.569542895,"data":"\n"}
,{"stream_name":"stdout","time":2849.570224928,"data":"样本变换：reverse\n"}
,{"stream_name":"stdout","time":2852.811829483,"data":"样本变换：mask\n"}
,{"stream_name":"stdout","time":2856.092634623,"data":"样本变换：shift\n"}
,{"stream_name":"stdout","time":2859.414853348,"data":"样本变换：none\n"}
,{"stream_name":"stdout","time":2864.845796017,"data":"未过滤\t未用伪标签：67.95% -\u003e 使用伪标签：77.60%\n"}
,{"stream_name":"stdout","time":2864.845842264,"data":"已过滤\t未用伪标签：67.84% -\u003e 使用伪标签：79.56%\n"}
,{"stream_name":"stdout","time":2864.845848365,"data":"排除样本：148|6000\t剩余：1986, 2357, 1509\n"}
,{"stream_name":"stdout","time":2864.845852589,"data":"增添样本：1219\t\t细则：371, 0, 848\t正确率估算：86.96%\n"}
,{"stream_name":"stdout","time":2864.845856599,"data":"类型1 正确率： 100.00% -\u003e 1   99.85%, 2    0.05%, 3    0.10%\n"}
,{"stream_name":"stdout","time":2864.845861398,"data":"类型2 正确率：  80.00% -\u003e 1    0.00%, 2   79.72%, 3   20.28%\n"}
,{"stream_name":"stdout","time":2864.845881505,"data":"类型3 正确率：  58.00% -\u003e 1    0.05%, 2   41.71%, 3   58.24%\n"}
,{"stream_name":"stdout","time":2864.845887796,"data":"\n"}
,{"stream_name":"stdout","time":2864.845893924,"data":"被排除样本 正确率：72.30%\n"}
,{"stream_name":"stdout","time":2864.845900182,"data":"类型1 正确率：   0.00% -\u003e 1    0.00%, 2   33.33%, 3   66.67%\n"}
,{"stream_name":"stdout","time":2864.84590636,"data":"类型2 正确率：  60.00% -\u003e 1    0.00%, 2   59.52%, 3   40.48%\n"}
,{"stream_name":"stdout","time":2864.84591182,"data":"类型3 正确率：  87.00% -\u003e 1    6.38%, 2    6.38%, 3   87.23%\n"}
,{"stream_name":"stdout","time":2864.845917224,"data":"\n"}
,{"stream_name":"stdout","time":2864.845922143,"data":"\n"}
,{"stream_name":"stdout","time":2877.899519232,"data":"轮次:··1/·20 || c_Loss:0.567 || e_Loss:-1.580 || Aad_Loss:-26.588 || 耗时：34.19s\n"}
,{"stream_name":"stdout","time":2890.851927653,"data":"轮次:··2/·20 || c_Loss:0.426 || e_Loss:-1.508 || Aad_Loss:-25.721 || 耗时：12.95s\n"}
,{"stream_name":"stdout","time":2903.713501933,"data":"轮次:··3/·20 || c_Loss:0.457 || e_Loss:-1.808 || Aad_Loss:-22.809 || 耗时：12.86s\n"}
,{"stream_name":"stdout","time":2916.522369433,"data":"轮次:··4/·20 || c_Loss:0.354 || e_Loss:-1.446 || Aad_Loss:-26.593 || 耗时：12.81s\n"}
,{"stream_name":"stdout","time":2929.326853561,"data":"轮次:··5/·20 || c_Loss:0.357 || e_Loss:-1.500 || Aad_Loss:-29.744 || 耗时：12.80s\n"}
,{"stream_name":"stdout","time":2935.270459214,"data":"任务: (B1)N15_M01_F10→(B3)N15_M07_F04; mix批次:····0; 批次:··470/·1880;  总正确率: 80.08%\n"}
,{"stream_name":"stdout","time":2935.270507945,"data":"类型1 正确率： 100.00% -\u003e 1  100.00%, 2    0.00%, 3    0.00%\n"}
,{"stream_name":"stdout","time":2935.270540731,"data":"类型2 正确率：  82.00% -\u003e 1    0.00%, 2   81.90%, 3   18.10%\n"}
,{"stream_name":"stdout","time":2935.270543926,"data":"类型3 正确率：  58.00% -\u003e 1    0.00%, 2   41.65%, 3   58.35%\n"}
,{"stream_name":"stdout","time":2935.270546598,"data":"\n"}
,{"stream_name":"stdout","time":2935.270549009,"data":"\n"}
,{"stream_name":"stdout","time":2935.306481315,"data":"样本变换：reverse\n"}
,{"stream_name":"stdout","time":2938.555904546,"data":"样本变换：mask\n"}
,{"stream_name":"stdout","time":2941.879909596,"data":"样本变换：shift\n"}
,{"stream_name":"stdout","time":2945.184848907,"data":"样本变换：none\n"}
,{"stream_name":"stdout","time":2950.687175162,"data":"未过滤\t未用伪标签：80.08% -\u003e 使用伪标签：79.88%\n"}
,{"stream_name":"stdout","time":2950.687230725,"data":"已过滤\t未用伪标签：80.25% -\u003e 使用伪标签：80.35%\n"}
,{"stream_name":"stdout","time":2950.687239787,"data":"排除样本：35|6000\t剩余：2000, 2493, 1472\n"}
,{"stream_name":"stdout","time":2950.687246257,"data":"增添样本：1514\t\t细则：493, 0, 1021\t正确率估算：99.93%\n"}
,{"stream_name":"stdout","time":2950.687252411,"data":"类型1 正确率： 100.00% -\u003e 1  100.00%, 2    0.00%, 3    0.00%\n"}
,{"stream_name":"stdout","time":2950.687257847,"data":"类型2 正确率：  83.00% -\u003e 1    0.00%, 2   83.34%, 3   16.66%\n"}
,{"stream_name":"stdout","time":2950.687263395,"data":"类型3 正确率：  58.00% -\u003e 1    0.00%, 2   42.44%, 3   57.56%\n"}
,{"stream_name":"stdout","time":2950.687268649,"data":"\n"}
,{"stream_name":"stdout","time":2950.68727548,"data":"被排除样本 正确率：51.43%\n"}
,{"stream_name":"stdout","time":2950.687284087,"data":"类型1 正确率：  21.00% -\u003e 1   21.05%, 2   78.95%\n"}
,{"stream_name":"stdout","time":2950.687287795,"data":"类型2 正确率：  88.00% -\u003e 1   12.50%, 2   87.50%\n"}
,{"stream_name":"stdout","time":2950.687291377,"data":"\n"}
,{"stream_name":"stdout","time":2950.687294665,"data":"\n"}
,{"stream_name":"stdout","time":2963.416005917,"data":"轮次:··6/·20 || c_Loss:0.393 || e_Loss:-0.882 || Aad_Loss:-31.218 || 耗时：34.09s\n"}
,{"stream_name":"stdout","time":2976.233347475,"data":"轮次:··7/·20 || c_Loss:0.393 || e_Loss:-1.517 || Aad_Loss:-27.602 || 耗时：12.82s\n"}
,{"stream_name":"stdout","time":2989.08209938,"data":"轮次:··8/·20 || c_Loss:0.356 || e_Loss:-0.975 || Aad_Loss:-29.301 || 耗时：12.85s\n"}
,{"stream_name":"stdout","time":3001.926408153,"data":"轮次:··9/·20 || c_Loss:0.403 || e_Loss:-1.601 || Aad_Loss:-28.212 || 耗时：12.84s\n"}
,{"stream_name":"stdout","time":3014.815468461,"data":"轮次:·10/·20 || c_Loss:0.392 || e_Loss:-0.910 || Aad_Loss:-32.270 || 耗时：12.89s\n"}
,{"stream_name":"stdout","time":3020.819560776,"data":"任务: (B1)N15_M01_F10→(B3)N15_M07_F04; mix批次:····0; 批次:··940/·1880;  总正确率: 80.10%\n"}
,{"stream_name":"stdout","time":3020.819598717,"data":"类型1 正确率： 100.00% -\u003e 1  100.00%, 2    0.00%, 3    0.00%\n"}
,{"stream_name":"stdout","time":3020.819606547,"data":"类型2 正确率：  82.00% -\u003e 1    0.00%, 2   81.75%, 3   18.25%\n"}
,{"stream_name":"stdout","time":3020.819616598,"data":"类型3 正确率：  59.00% -\u003e 1    0.00%, 2   41.45%, 3   58.55%\n"}
,{"stream_name":"stdout","time":3020.81962061,"data":"\n"}
,{"stream_name":"stdout","time":3020.819623962,"data":"\n"}
,{"stream_name":"stdout","time":3020.865092185,"data":"样本变换：reverse\n"}
,{"stream_name":"stdout","time":3024.150133393,"data":"样本变换：mask\n"}
,{"stream_name":"stdout","time":3027.468787327,"data":"样本变换：shift\n"}
,{"stream_name":"stdout","time":3030.765823917,"data":"样本变换：none\n"}
,{"stream_name":"stdout","time":3036.298851678,"data":"未过滤\t未用伪标签：80.10% -\u003e 使用伪标签：80.05%\n"}
,{"stream_name":"stdout","time":3036.298921132,"data":"已过滤\t未用伪标签：80.25% -\u003e 使用伪标签：80.40%\n"}
,{"stream_name":"stdout","time":3036.298928525,"data":"排除样本：26|6000\t剩余：2000, 2484, 1490\n"}
,{"stream_name":"stdout","time":3036.298933691,"data":"增添样本：1478\t\t细则：484, 0, 994\t正确率估算：99.93%\n"}
,{"stream_name":"stdout","time":3036.298938833,"data":"类型1 正确率： 100.00% -\u003e 1  100.00%, 2    0.00%, 3    0.00%\n"}
,{"stream_name":"stdout","time":3036.298943857,"data":"类型2 正确率：  83.00% -\u003e 1    0.00%, 2   83.14%, 3   16.86%\n"}
,{"stream_name":"stdout","time":3036.298952584,"data":"类型3 正确率：  58.00% -\u003e 1    0.00%, 2   42.00%, 3   58.00%\n"}
,{"stream_name":"stdout","time":3036.298956311,"data":"\n"}
,{"stream_name":"stdout","time":3036.298959536,"data":"被排除样本 正确率：46.15%\n"}
,{"stream_name":"stdout","time":3036.298963016,"data":"类型1 正确率：  37.00% -\u003e 1   36.84%, 2   63.16%\n"}
,{"stream_name":"stdout","time":3036.298966461,"data":"类型2 正确率：  71.00% -\u003e 1   28.57%, 2   71.43%\n"}
,{"stream_name":"stdout","time":3036.298969825,"data":"\n"}
,{"stream_name":"stdout","time":3036.298972925,"data":"\n"}
,{"stream_name":"stdout","time":3049.004383415,"data":"轮次:·11/·20 || c_Loss:0.379 || e_Loss:-0.957 || Aad_Loss:-29.340 || 耗时：34.19s\n"}
,{"stream_name":"stdout","time":3061.819699825,"data":"轮次:·12/·20 || c_Loss:0.418 || e_Loss:-0.923 || Aad_Loss:-28.983 || 耗时：12.82s\n"}
,{"stream_name":"stdout","time":3074.629469348,"data":"轮次:·13/·20 || c_Loss:0.383 || e_Loss:-0.960 || Aad_Loss:-28.998 || 耗时：12.81s\n"}
,{"stream_name":"stdout","time":3087.444724935,"data":"轮次:·14/·20 || c_Loss:0.388 || e_Loss:-0.933 || Aad_Loss:-28.597 || 耗时：12.82s\n"}
,{"stream_name":"stdout","time":3100.265649653,"data":"轮次:·15/·20 || c_Loss:0.438 || e_Loss:-0.934 || Aad_Loss:-27.255 || 耗时：12.82s\n"}
,{"stream_name":"stdout","time":3106.249336541,"data":"任务: (B1)N15_M01_F10→(B3)N15_M07_F04; mix批次:····0; 批次:·1410/·1880;  总正确率: 80.65%\n"}
,{"stream_name":"stdout","time":3106.2493767,"data":"类型1 正确率： 100.00% -\u003e 1  100.00%, 2    0.00%, 3    0.00%\n"}
,{"stream_name":"stdout","time":3106.249384927,"data":"类型2 正确率：  83.00% -\u003e 1    0.00%, 2   83.15%, 3   16.85%\n"}
,{"stream_name":"stdout","time":3106.249411923,"data":"类型3 正确率：  59.00% -\u003e 1    0.00%, 2   41.20%, 3   58.80%\n"}
,{"stream_name":"stdout","time":3106.24941896,"data":"\n"}
,{"stream_name":"stdout","time":3106.249424909,"data":"\n"}
,{"stream_name":"stdout","time":3106.292836649,"data":"样本变换：reverse\n"}
,{"stream_name":"stdout","time":3109.545905334,"data":"样本变换：mask\n"}
,{"stream_name":"stdout","time":3112.848858126,"data":"样本变换：shift\n"}
,{"stream_name":"stdout","time":3116.126031411,"data":"样本变换：none\n"}
,{"stream_name":"stdout","time":3121.550342225,"data":"未过滤\t未用伪标签：80.65% -\u003e 使用伪标签：80.43%\n"}
,{"stream_name":"stdout","time":3121.550396306,"data":"已过滤\t未用伪标签：80.78% -\u003e 使用伪标签：80.74%\n"}
,{"stream_name":"stdout","time":3121.550402734,"data":"排除样本：23|6000\t剩余：2000, 2473, 1504\n"}
,{"stream_name":"stdout","time":3121.550420685,"data":"增添样本：1442\t\t细则：473, 0, 969\t正确率估算：99.79%\n"}
,{"stream_name":"stdout","time":3121.550423969,"data":"类型1 正确率： 100.00% -\u003e 1  100.00%, 2    0.00%, 3    0.00%\n"}
,{"stream_name":"stdout","time":3121.550426761,"data":"类型2 正确率：  83.00% -\u003e 1    0.00%, 2   83.25%, 3   16.75%\n"}
,{"stream_name":"stdout","time":3121.550429232,"data":"类型3 正确率：  59.00% -\u003e 1    0.00%, 2   41.13%, 3   58.87%\n"}
,{"stream_name":"stdout","time":3121.550432095,"data":"\n"}
,{"stream_name":"stdout","time":3121.550434531,"data":"被排除样本 正确率：47.83%\n"}
,{"stream_name":"stdout","time":3121.550437241,"data":"类型1 正确率：  67.00% -\u003e 1   66.67%, 2   33.33%\n"}
,{"stream_name":"stdout","time":3121.550439839,"data":"类型2 正确率：  27.00% -\u003e 1   72.73%, 2   27.27%\n"}
,{"stream_name":"stdout","time":3121.550442327,"data":"\n"}
,{"stream_name":"stdout","time":3121.550444609,"data":"\n"}
,{"stream_name":"stdout","time":3134.24855627,"data":"轮次:·16/·20 || c_Loss:0.415 || e_Loss:-0.982 || Aad_Loss:-29.505 || 耗时：33.98s\n"}
,{"stream_name":"stdout","time":3147.033238312,"data":"轮次:·17/·20 || c_Loss:0.406 || e_Loss:-0.925 || Aad_Loss:-29.786 || 耗时：12.78s\n"}
,{"stream_name":"stdout","time":3159.830898644,"data":"轮次:·18/·20 || c_Loss:0.377 || e_Loss:-0.973 || Aad_Loss:-29.273 || 耗时：12.80s\n"}
,{"stream_name":"stdout","time":3172.663375298,"data":"轮次:·19/·20 || c_Loss:0.387 || e_Loss:-0.961 || Aad_Loss:-29.351 || 耗时：12.83s\n"}
,{"stream_name":"stdout","time":3185.459616681,"data":"轮次:·20/·20 || c_Loss:0.450 || e_Loss:-0.985 || Aad_Loss:-30.539 || 耗时：12.80s\n"}
,{"stream_name":"stdout","time":3191.463237272,"data":"任务: (B1)N15_M01_F10→(B3)N15_M07_F04; mix批次:····0; 批次:·1880/·1880;  总正确率: 80.72%\n"}
,{"stream_name":"stdout","time":3191.463279122,"data":"类型1 正确率： 100.00% -\u003e 1  100.00%, 2    0.00%, 3    0.00%\n"}
,{"stream_name":"stdout","time":3191.463286814,"data":"类型2 正确率：  82.00% -\u003e 1    0.00%, 2   82.20%, 3   17.80%\n"}
,{"stream_name":"stdout","time":3191.463292686,"data":"类型3 正确率：  60.00% -\u003e 1    0.00%, 2   40.05%, 3   59.95%\n"}
,{"stream_name":"stdout","time":3191.463302251,"data":"\n"}
,{"stream_name":"stdout","time":3191.463306167,"data":"\n"}
,{"stream_name":"stdout","time":3197.441510894,"data":"测试集任务: (B1)N15_M01_F10→(B3)N15_M07_F04; 总正确率 = 80.72%\n"}
,{"stream_name":"stdout","time":3197.441561719,"data":"类型1 正确率： 100.00% -\u003e 1  100.00%, 2    0.00%, 3    0.00%\n"}
,{"stream_name":"stdout","time":3197.441569828,"data":"类型2 正确率：  82.00% -\u003e 1    0.00%, 2   82.20%, 3   17.80%\n"}
,{"stream_name":"stdout","time":3197.44157591,"data":"类型3 正确率：  60.00% -\u003e 1    0.00%, 2   40.05%, 3   59.95%\n"}
,{"stream_name":"stdout","time":3197.441581023,"data":"\n"}
,{"stream_name":"stdout","time":3197.441585577,"data":"\n"}
,{"stream_name":"stdout","time":3197.470771971,"data":"[tar_adaptation_RES_PU.py --folder_root /kaggle/working/m2rep/reps1/sdalr_PU_final_checkpoint/DATA_foldB --seed 1 --class_num 3 --data_name PU_M1_L3 --output /kaggle/working/m2rep/reps1/weight_PU_M1_final_checkpoint_FAtoB_gatev2_s1 --s 0 --t 2 --lr 0.0005 --threshold 0.4 --K 0.6] 359s\n"}
,{"stream_name":"stdout","time":3197.510481432,"data":"读取源域路径：/kaggle/working/m2rep/reps1/weight_PU_M1_final_checkpoint_FAtoB_gatev2_s1/NEW_PU/Source-源域/log\u0026pt/(B2)N15_M07_F10\n"}
,{"stream_name":"stdout","time":3197.510509395,"data":"excel输出位置：/kaggle/working/m2rep/reps1/weight_PU_M1_final_checkpoint_FAtoB_gatev2_s1/NEW_PU/Target-目标域\n"}
,{"stream_name":"stdout","time":3197.510552599,"data":"特征图片输出位置：/kaggle/working/m2rep/reps1/weight_PU_M1_final_checkpoint_FAtoB_gatev2_s1/NEW_PU/Picture-特征图/2026年09月15日16时09分/(B2)N15_M07_F10\n"}
,{"stream_name":"stderr","time":3197.546486368,"data":"/usr/local/lib/python3.12/dist-packages/torch/nn/utils/weight_norm.py:144: FutureWarning: `torch.nn.utils.weight_norm` is deprecated in favor of `torch.nn.utils.parametrizations.weight_norm`.\n"}
,{"stream_name":"stderr","time":3197.546510062,"data":"  WeightNorm.apply(module, name, dim)\n"}
,{"stream_name":"stdout","time":3197.589720717,"data":"现在选取:(B2)N15_M07_F10 进行训练的源模型\n"}
,{"stream_name":"stdout","time":3197.589746943,"data":"现在进行：(B2)N15_M07_F10→(B1)N15_M01_F10 的迁移任务\n"}
,{"stream_name":"stdout","time":3197.589753038,"data":"log\u0026pt输出位置：/kaggle/working/m2rep/reps1/weight_PU_M1_final_checkpoint_FAtoB_gatev2_s1/NEW_PU/Target-目标域/log\u0026pt/(B2)N15_M07_F10→(B1)N15_M01_F10\n"}
,{"stream_name":"stderr","time":3197.591229077,"data":"sh: 1: Syntax error: word unexpected (expecting \")\")\n"}
,{"stream_name":"stdout","time":3208.966866098,"data":"任务: (B2)N15_M07_F10→(B1)N15_M01_F10; 批次:····0/·1880;  总正确率: 55.33%\n"}
,{"stream_name":"stdout","time":3208.966907606,"data":"类型1 正确率：  69.00% -\u003e 1   69.30%, 2   30.70%, 3    0.00%\n"}
,{"stream_name":"stdout","time":3208.966915656,"data":"类型2 正确率：  47.00% -\u003e 1    0.00%, 2   46.70%, 3   53.30%\n"}
,{"stream_name":"stdout","time":3208.966921886,"data":"类型3 正确率：  50.00% -\u003e 1    0.00%, 2   50.00%, 3   50.00%\n"}
,{"stream_name":"stdout","time":3208.966928145,"data":"\n"}
,{"stream_name":"stdout","time":3208.966933836,"data":"\n"}
,{"stream_name":"stdout","time":3208.967594601,"data":"样本变换：reverse\n"}
,{"stream_name":"stdout","time":3212.204890195,"data":"样本变换：mask\n"}
,{"stream_name":"stdout","time":3215.481863136,"data":"样本变换：shift\n"}
,{"stream_name":"stdout","time":3218.763818005,"data":"样本变换：none\n"}
,{"stream_name":"stderr","time":3223.74292059,"data":"/kaggle/working/m2rep/reps1/sdalr_PU_final_checkpoint/tools.py:413: RuntimeWarning: invalid value encountered in divide\n"}
,{"stream_name":"stderr","time":3223.742967777,"data":"  per_class_acc = conf_matrix.diagonal() / conf_matrix.sum(axis=1) * 100\n"}
,{"stream_name":"stdout","time":3223.743259286,"data":"未过滤\t未用伪标签：55.33% -\u003e 使用伪标签：55.77%\n"}
,{"stream_name":"stdout","time":3223.743283939,"data":"已过滤\t未用伪标签：54.92% -\u003e 使用伪标签：57.27%\n"}
,{"stream_name":"stdout","time":3223.743291162,"data":"排除样本：157|6000\t剩余：1877, 1555, 2411\n"}
,{"stream_name":"stdout","time":3223.743296868,"data":"增添样本：420\t\t细则：49, 371, 0\t正确率估算：97.14%\n"}
,{"stream_name":"stdout","time":3223.743303999,"data":"类型1 正确率：  96.00% -\u003e 1   95.62%, 2    4.38%, 3    0.00%\n"}
,{"stream_name":"stdout","time":3223.743312063,"data":"类型2 正确率：  25.00% -\u003e 1    0.00%, 2   24.95%, 3   75.05%\n"}
,{"stream_name":"stdout","time":3223.74331809,"data":"类型3 正确率：  50.00% -\u003e 1    0.00%, 2   50.00%, 3   50.00%\n"}
,{"stream_name":"stdout","time":3223.743323693,"data":"\n"}
,{"stream_name":"stdout","time":3223.743328903,"data":"被排除样本 正确率：70.70%\n"}
,{"stream_name":"stdout","time":3223.743334588,"data":"类型1 正确率：   0.00% -\u003e 1    0.00%, 2  100.00%, 3    0.00%\n"}
,{"stream_name":"stdout","time":3223.743340912,"data":"类型2 正确率：  92.00% -\u003e 1    0.00%, 2   92.50%, 3    7.50%\n"}
,{"stream_name":"stdout","time":3223.743363792,"data":"类型3 没有样本或未被分类。\n"}
,{"stream_name":"stdout","time":3223.743368842,"data":"\n"}
,{"stream_name":"stdout","time":3223.74337313,"data":"\n"}
,{"stream_name":"stdout","time":3236.881965047,"data":"轮次:··1/·20 || c_Loss:0.654 || e_Loss:-1.758 || Aad_Loss:-24.008 || 耗时：33.77s\n"}
,{"stream_name":"stdout","time":3249.772427902,"data":"轮次:··2/·20 || c_Loss:0.411 || e_Loss:-1.626 || Aad_Loss:-24.879 || 耗时：12.89s\n"}
,{"stream_name":"stdout","time":3262.573851814,"data":"轮次:··3/·20 || c_Loss:0.362 || e_Loss:-1.720 || Aad_Loss:-24.075 || 耗时：12.80s\n"}
,{"stream_name":"stdout","time":3275.324775104,"data":"轮次:··4/·20 || c_Loss:0.442 || e_Loss:-1.746 || Aad_Loss:-24.262 || 耗时：12.75s\n"}
,{"stream_name":"stdout","time":3288.061480631,"data":"轮次:··5/·20 || c_Loss:0.364 || e_Loss:-1.906 || Aad_Loss:-28.344 || 耗时：12.74s\n"}
,{"stream_name":"stdout","time":3294.041310899,"data":"任务: (B2)N15_M07_F10→(B1)N15_M01_F10; mix批次:····0; 批次:··470/·1880;  总正确率: 62.25%\n"}
,{"stream_name":"stdout","time":3294.041382046,"data":"类型1 正确率：  99.00% -\u003e 1   99.10%, 2    0.90%, 3    0.00%\n"}
,{"stream_name":"stdout","time":3294.04139077,"data":"类型2 正确率：  38.00% -\u003e 1    5.00%, 2   37.65%, 3   57.35%\n"}
,{"stream_name":"stdout","time":3294.041396484,"data":"类型3 正确率：  50.00% -\u003e 1    0.00%, 2   50.00%, 3   50.00%\n"}
,{"stream_name":"stdout","time":3294.041402122,"data":"\n"}
,{"stream_name":"stdout","time":3294.041407204,"data":"\n"}
,{"stream_name":"stdout","time":3294.077369495,"data":"样本变换：reverse\n"}
,{"stream_name":"stdout","time":3297.385850217,"data":"样本变换：mask\n"}
,{"stream_name":"stdout","time":3300.763082905,"data":"样本变换：shift\n"}
,{"stream_name":"stdout","time":3304.085879266,"data":"样本变换：none\n"}
,{"stream_name":"stdout","time":3309.072600808,"data":"未过滤\t未用伪标签：62.25% -\u003e 使用伪标签：61.47%\n"}
,{"stream_name":"stdout","time":3309.072638384,"data":"已过滤\t未用伪标签：62.32% -\u003e 使用伪标签：62.27%\n"}
,{"stream_name":"stdout","time":3309.072646272,"data":"排除样本：77|6000\t剩余：1999, 1690, 2234\n"}
,{"stream_name":"stdout","time":3309.072652187,"data":"增添样本：501\t\t细则：96, 405, 0\t正确率估算：95.21%\n"}
,{"stream_name":"stdout","time":3309.072658242,"data":"类型1 正确率： 100.00% -\u003e 1   99.95%, 2    0.05%, 3    0.00%\n"}
,{"stream_name":"stdout","time":3309.072664495,"data":"类型2 正确率：  36.00% -\u003e 1    0.00%, 2   35.83%, 3   64.17%\n"}
,{"stream_name":"stdout","time":3309.072670006,"data":"类型3 正确率：  50.00% -\u003e 1    0.00%, 2   50.00%, 3   50.00%\n"}
,{"stream_name":"stdout","time":3309.072675262,"data":"\n"}
,{"stream_name":"stdout","time":3309.072680593,"data":"被排除样本 正确率：57.14%\n"}
,{"stream_name":"stdout","time":3309.072686179,"data":"类型1 没有样本或未被分类。\n"}
,{"stream_name":"stdout","time":3309.072692202,"data":"类型2 正确率：  57.00% -\u003e 1   16.88%, 2   57.14%, 3   25.97%\n"}
,{"stream_name":"stdout","time":3309.072697806,"data":"类型3 没有样本或未被分类。\n"}
,{"stream_name":"stdout","time":3309.072703579,"data":"\n"}
,{"stream_name":"stdout","time":3309.072708863,"data":"\n"}
,{"stream_name":"stderr","time":3309.072610947,"data":"/kaggle/working/m2rep/reps1/sdalr_PU_final_checkpoint/tools.py:413: RuntimeWarning: invalid value encountered in divide\n"}
,{"stream_name":"stderr","time":3309.072741567,"data":"  per_class_acc = conf_matrix.diagonal() / conf_matrix.sum(axis=1) * 100\n"}
,{"stream_name":"stdout","time":3321.844536495,"data":"轮次:··6/·20 || c_Loss:0.359 || e_Loss:-1.818 || Aad_Loss:-28.550 || 耗时：33.78s\n"}
,{"stream_name":"stdout","time":3334.756754941,"data":"轮次:··7/·20 || c_Loss:0.346 || e_Loss:-1.822 || Aad_Loss:-27.663 || 耗时：12.91s\n"}
,{"stream_name":"stdout","time":3347.656265091,"data":"轮次:··8/·20 || c_Loss:0.367 || e_Loss:-1.792 || Aad_Loss:-26.627 || 耗时：12.90s\n"}
,{"stream_name":"stdout","time":3360.522820632,"data":"轮次:··9/·20 || c_Loss:0.368 || e_Loss:-1.852 || Aad_Loss:-27.490 || 耗时：12.87s\n"}
,{"stream_name":"stdout","time":3373.391136191,"data":"轮次:·10/·20 || c_Loss:0.382 || e_Loss:-0.837 || Aad_Loss:-28.777 || 耗时：12.87s\n"}
,{"stream_name":"stdout","time":3379.399228492,"data":"任务: (B2)N15_M07_F10→(B1)N15_M01_F10; mix批次:····0; 批次:··940/·1880;  总正确率: 61.20%\n"}
,{"stream_name":"stdout","time":3379.399274202,"data":"类型1 正确率： 100.00% -\u003e 1  100.00%, 2    0.00%, 3    0.00%\n"}
,{"stream_name":"stdout","time":3379.399280225,"data":"类型2 正确率：  34.00% -\u003e 1    0.50%, 2   33.60%, 3   65.90%\n"}
,{"stream_name":"stdout","time":3379.39928393,"data":"类型3 正确率：  50.00% -\u003e 1    0.00%, 2   50.00%, 3   50.00%\n"}
,{"stream_name":"stdout","time":3379.399287478,"data":"\n"}
,{"stream_name":"stdout","time":3379.399290678,"data":"\n"}
,{"stream_name":"stdout","time":3379.444660659,"data":"样本变换：reverse\n"}
,{"stream_name":"stdout","time":3382.731242718,"data":"样本变换：mask\n"}
,{"stream_name":"stdout","time":3386.013799881,"data":"样本变换：shift\n"}
,{"stream_name":"stdout","time":3389.286789359,"data":"样本变换：none\n"}
,{"stream_name":"stderr","time":3394.412876639,"data":"/kaggle/working/m2rep/reps1/sdalr_PU_final_checkpoint/tools.py:413: RuntimeWarning: invalid value encountered in divide\n"}
,{"stream_name":"stderr","time":3394.412932922,"data":"  per_class_acc = conf_matrix.diagonal() / conf_matrix.sum(axis=1) * 100\n"}
,{"stream_name":"stdout","time":3394.413009867,"data":"未过滤\t未用伪标签：61.20% -\u003e 使用伪标签：61.47%\n"}
,{"stream_name":"stdout","time":3394.413039926,"data":"已过滤\t未用伪标签：61.19% -\u003e 使用伪标签：61.66%\n"}
,{"stream_name":"stdout","time":3394.413046534,"data":"排除样本：19|6000\t剩余：2000, 1688, 2293\n"}
,{"stream_name":"stdout","time":3394.413051491,"data":"增添样本：866\t\t细则：277, 589, 0\t正确率估算：97.23%\n"}
,{"stream_name":"stdout","time":3394.413056382,"data":"类型1 正确率： 100.00% -\u003e 1  100.00%, 2    0.00%, 3    0.00%\n"}
,{"stream_name":"stdout","time":3394.413068968,"data":"类型2 正确率：  35.00% -\u003e 1    0.00%, 2   34.73%, 3   65.27%\n"}
,{"stream_name":"stdout","time":3394.413072759,"data":"类型3 正确率：  50.00% -\u003e 1    0.00%, 2   50.00%, 3   50.00%\n"}
,{"stream_name":"stdout","time":3394.413075853,"data":"\n"}
,{"stream_name":"stdout","time":3394.413078806,"data":"被排除样本 正确率：63.16%\n"}
,{"stream_name":"stdout","time":3394.413081804,"data":"类型1 正确率：  63.00% -\u003e 1   63.16%, 2   36.84%\n"}
,{"stream_name":"stdout","time":3394.413084963,"data":"类型2 没有样本或未被分类。\n"}
,{"stream_name":"stdout","time":3394.413088173,"data":"\n"}
,{"stream_name":"stdout","time":3394.413091134,"data":"\n"}
,{"stream_name":"stdout","time":3407.139107536,"data":"轮次:·11/·20 || c_Loss:0.348 || e_Loss:-0.932 || Aad_Loss:-30.018 || 耗时：33.75s\n"}
,{"stream_name":"stdout","time":3419.904618223,"data":"轮次:·12/·20 || c_Loss:0.408 || e_Loss:-0.853 || Aad_Loss:-32.272 || 耗时：12.77s\n"}
,{"stream_name":"stdout","time":3432.679127437,"data":"轮次:·13/·20 || c_Loss:0.359 || e_Loss:-0.944 || Aad_Loss:-29.624 || 耗时：12.77s\n"}
,{"stream_name":"stdout","time":3445.454340996,"data":"轮次:·14/·20 || c_Loss:0.363 || e_Loss:-0.927 || Aad_Loss:-29.570 || 耗时：12.78s\n"}
,{"stream_name":"stdout","time":3458.226596387,"data":"轮次:·15/·20 || c_Loss:0.360 || e_Loss:-0.906 || Aad_Loss:-30.508 || 耗时：12.77s\n"}
,{"stream_name":"stdout","time":3464.223238464,"data":"任务: (B2)N15_M07_F10→(B1)N15_M01_F10; mix批次:····0; 批次:·1410/·1880;  总正确率: 61.05%\n"}
,{"stream_name":"stdout","time":3464.223287159,"data":"类型1 正确率： 100.00% -\u003e 1  100.00%, 2    0.00%, 3    0.00%\n"}
,{"stream_name":"stdout","time":3464.22329567,"data":"类型2 正确率：  33.00% -\u003e 1    0.00%, 2   33.15%, 3   66.85%\n"}
,{"stream_name":"stdout","time":3464.223301859,"data":"类型3 正确率：  50.00% -\u003e 1    0.00%, 2   50.00%, 3   50.00%\n"}
,{"stream_name":"stdout","time":3464.223307023,"data":"\n"}
,{"stream_name":"stdout","time":3464.223311595,"data":"\n"}
,{"stream_name":"stdout","time":3464.270075772,"data":"样本变换：reverse\n"}
,{"stream_name":"stdout","time":3467.538553854,"data":"样本变换：mask\n"}
,{"stream_name":"stdout","time":3470.840082048,"data":"样本变换：shift\n"}
,{"stream_name":"stdout","time":3474.123853801,"data":"样本变换：none\n"}
,{"stream_name":"stderr","time":3479.540360357,"data":"/kaggle/working/m2rep/reps1/sdalr_PU_final_checkpoint/tools.py:413: RuntimeWarning: invalid value encountered in divide\n"}
,{"stream_name":"stderr","time":3479.54042102,"data":"  per_class_acc = conf_matrix.diagonal() / conf_matrix.sum(axis=1) * 100\n"}
,{"stream_name":"stdout","time":3479.540509285,"data":"未过滤\t未用伪标签：61.05% -\u003e 使用伪标签：61.00%\n"}
,{"stream_name":"stdout","time":3479.540524147,"data":"已过滤\t未用伪标签：61.06% -\u003e 使用伪标签：61.01%\n"}
,{"stream_name":"stdout","time":3479.540530131,"data":"排除样本：1|6000\t剩余：2000, 1660, 2339\n"}
,{"stream_name":"stdout","time":3479.540535103,"data":"增添样本：1018\t\t细则：339, 679, 0\t正确率估算：99.80%\n"}
,{"stream_name":"stdout","time":3479.540546124,"data":"类型1 正确率： 100.00% -\u003e 1  100.00%, 2    0.00%, 3    0.00%\n"}
,{"stream_name":"stdout","time":3479.540550039,"data":"类型2 正确率：  33.00% -\u003e 1    0.00%, 2   33.02%, 3   66.98%\n"}
,{"stream_name":"stdout","time":3479.540553427,"data":"类型3 正确率：  50.00% -\u003e 1    0.00%, 2   50.00%, 3   50.00%\n"}
,{"stream_name":"stdout","time":3479.540556688,"data":"\n"}
,{"stream_name":"stdout","time":3479.540559856,"data":"被排除样本 正确率：0.00%\n"}
,{"stream_name":"stdout","time":3479.540563105,"data":"类型1 正确率：   0.00% -\u003e 1    0.00%, 2  100.00%\n"}
,{"stream_name":"stdout","time":3479.540566403,"data":"类型2 没有样本或未被分类。\n"}
,{"stream_name":"stdout","time":3479.540569647,"data":"\n"}
,{"stream_name":"stdout","time":3479.540572721,"data":"\n"}
,{"stream_name":"stdout","time":3492.28223194,"data":"轮次:·16/·20 || c_Loss:0.369 || e_Loss:-0.985 || Aad_Loss:-31.305 || 耗时：34.06s\n"}
,{"stream_name":"stdout","time":3505.12368179,"data":"轮次:·17/·20 || c_Loss:0.389 || e_Loss:-0.930 || Aad_Loss:-30.145 || 耗时：12.84s\n"}
,{"stream_name":"stdout","time":3517.985471475,"data":"轮次:·18/·20 || c_Loss:0.378 || e_Loss:-1.016 || Aad_Loss:-30.975 || 耗时：12.86s\n"}
,{"stream_name":"stdout","time":3530.843814202,"data":"轮次:·19/·20 || c_Loss:0.383 || e_Loss:-1.011 || Aad_Loss:-31.430 || 耗时：12.86s\n"}
,{"stream_name":"stdout","time":3543.69238945,"data":"轮次:·20/·20 || c_Loss:0.379 || e_Loss:-1.013 || Aad_Loss:-30.803 || 耗时：12.85s\n"}
,{"stream_name":"stdout","time":3549.694422282,"data":"任务: (B2)N15_M07_F10→(B1)N15_M01_F10; mix批次:····0; 批次:·1880/·1880;  总正确率: 60.98%\n"}
,{"stream_name":"stdout","time":3549.69563223,"data":"类型1 正确率： 100.00% -\u003e 1  100.00%, 2    0.00%, 3    0.00%\n"}
,{"stream_name":"stdout","time":3549.69564897,"data":"类型2 正确率：  33.00% -\u003e 1    0.00%, 2   32.95%, 3   67.05%\n"}
,{"stream_name":"stdout","time":3549.69565521,"data":"类型3 正确率：  50.00% -\u003e 1    0.00%, 2   50.00%, 3   50.00%\n"}
,{"stream_name":"stdout","time":3549.695660757,"data":"\n"}
,{"stream_name":"stdout","time":3549.695684757,"data":"\n"}
,{"stream_name":"stdout","time":3555.684283703,"data":"测试集任务: (B2)N15_M07_F10→(B1)N15_M01_F10; 总正确率 = 60.98%\n"}
,{"stream_name":"stdout","time":3555.684320749,"data":"类型1 正确率： 100.00% -\u003e 1  100.00%, 2    0.00%, 3    0.00%\n"}
,{"stream_name":"stdout","time":3555.684331217,"data":"类型2 正确率：  33.00% -\u003e 1    0.00%, 2   32.95%, 3   67.05%\n"}
,{"stream_name":"stdout","time":3555.684337011,"data":"类型3 正确率：  50.00% -\u003e 1    0.00%, 2   50.00%, 3   50.00%\n"}
,{"stream_name":"stdout","time":3555.68434257,"data":"\n"}
,{"stream_name":"stdout","time":3555.684347678,"data":"\n"}
,{"stream_name":"stdout","time":3555.713231869,"data":"[tar_adaptation_RES_PU.py --folder_root /kaggle/working/m2rep/reps1/sdalr_PU_final_checkpoint/DATA_foldB --seed 1 --class_num 3 --data_name PU_M1_L3 --output /kaggle/working/m2rep/reps1/weight_PU_M1_final_checkpoint_FAtoB_gatev2_s1 --s 1 --t 0 --lr 0.0005 --threshold 0.4 --K 0.6] 358s\n"}
,{"stream_name":"stdout","time":3555.766365532,"data":"读取源域路径：/kaggle/working/m2rep/reps1/weight_PU_M1_final_checkpoint_FAtoB_gatev2_s1/NEW_PU/Source-源域/log\u0026pt/(B2)N15_M07_F10\n"}
,{"stream_name":"stdout","time":3555.766393567,"data":"excel输出位置：/kaggle/working/m2rep/reps1/weight_PU_M1_final_checkpoint_FAtoB_gatev2_s1/NEW_PU/Target-目标域\n"}
,{"stream_name":"stdout","time":3555.766490075,"data":"特征图片输出位置：/kaggle/working/m2rep/reps1/weight_PU_M1_final_checkpoint_FAtoB_gatev2_s1/NEW_PU/Picture-特征图/2026年09月15日16时15分/(B2)N15_M07_F10\n"}
,{"stream_name":"stderr","time":3555.802650261,"data":"/usr/local/lib/python3.12/dist-packages/torch/nn/utils/weight_norm.py:144: FutureWarning: `torch.nn.utils.weight_norm` is deprecated in favor of `torch.nn.utils.parametrizations.weight_norm`.\n"}
,{"stream_name":"stderr","time":3555.802676507,"data":"  WeightNorm.apply(module, name, dim)\n"}
,{"stream_name":"stdout","time":3555.843252658,"data":"现在选取:(B2)N15_M07_F10 进行训练的源模型\n"}
,{"stream_name":"stdout","time":3555.84327754,"data":"现在进行：(B2)N15_M07_F10→(B3)N15_M07_F04 的迁移任务\n"}
,{"stream_name":"stdout","time":3555.843284581,"data":"log\u0026pt输出位置：/kaggle/working/m2rep/reps1/weight_PU_M1_final_checkpoint_FAtoB_gatev2_s1/NEW_PU/Target-目标域/log\u0026pt/(B2)N15_M07_F10→(B3)N15_M07_F04\n"}
,{"stream_name":"stderr","time":3555.844588648,"data":"sh: 1: Syntax error: word unexpected (expecting \")\")\n"}
,{"stream_name":"stdout","time":3567.19394687,"data":"任务: (B2)N15_M07_F10→(B3)N15_M07_F04; 批次:····0/·1880;  总正确率: 63.88%\n"}
,{"stream_name":"stdout","time":3567.193986639,"data":"类型1 正确率：  78.00% -\u003e 1   78.10%, 2   21.90%, 3    0.00%\n"}
,{"stream_name":"stdout","time":3567.193993948,"data":"类型2 正确率：  64.00% -\u003e 1    0.00%, 2   63.85%, 3   36.15%\n"}
,{"stream_name":"stdout","time":3567.194014027,"data":"类型3 正确率：  50.00% -\u003e 1    7.90%, 2   42.40%, 3   49.70%\n"}
,{"stream_name":"stdout","time":3567.194018944,"data":"\n"}
,{"stream_name":"stdout","time":3567.194023006,"data":"\n"}
,{"stream_name":"stdout","time":3567.194786795,"data":"样本变换：reverse\n"}
,{"stream_name":"stdout","time":3570.441692742,"data":"样本变换：mask\n"}
,{"stream_name":"stdout","time":3573.735762528,"data":"样本变换：shift\n"}
,{"stream_name":"stdout","time":3577.040352867,"data":"样本变换：none\n"}
,{"stream_name":"stdout","time":3582.247603103,"data":"未过滤\t未用伪标签：63.88% -\u003e 使用伪标签：60.28%\n"}
,{"stream_name":"stdout","time":3582.247637019,"data":"已过滤\t未用伪标签：63.55% -\u003e 使用伪标签：61.87%\n"}
,{"stream_name":"stdout","time":3582.247642965,"data":"排除样本：154|6000\t剩余：2163, 1449, 2234\n"}
,{"stream_name":"stdout","time":3582.247647772,"data":"增添样本：856\t\t细则：71, 785, 0\t正确率估算：96.50%\n"}
,{"stream_name":"stdout","time":3582.247652564,"data":"类型1 正确率： 100.00% -\u003e 1   99.85%, 2    0.15%, 3    0.00%\n"}
,{"stream_name":"stdout","time":3582.247657054,"data":"类型2 正确率：  34.00% -\u003e 1    0.00%, 2   33.76%, 3   66.24%\n"}
,{"stream_name":"stdout","time":3582.247661647,"data":"类型3 正确率：  50.00% -\u003e 1    8.79%, 2   41.01%, 3   50.20%\n"}
,{"stream_name":"stdout","time":3582.247665984,"data":"\n"}
,{"stream_name":"stdout","time":3582.247688257,"data":"被排除样本 正确率：76.62%\n"}
,{"stream_name":"stdout","time":3582.247692615,"data":"类型1 正确率：   0.00% -\u003e 1    0.00%, 2  100.00%, 3    0.00%\n"}
,{"stream_name":"stdout","time":3582.247697487,"data":"类型2 正确率：  86.00% -\u003e 1    0.00%, 2   86.13%, 3   13.87%\n"}
,{"stream_name":"stdout","time":3582.247702133,"data":"类型3 正确率：   0.00% -\u003e 1    0.00%, 2  100.00%, 3    0.00%\n"}
,{"stream_name":"stdout","time":3582.247707023,"data":"\n"}
,{"stream_name":"stdout","time":3582.247711315,"data":"\n"}
,{"stream_name":"stdout","time":3595.24284261,"data":"轮次:··1/·20 || c_Loss:0.631 || e_Loss:-1.250 || Aad_Loss:-24.346 || 耗时：33.91s\n"}
,{"stream_name":"stdout","time":3608.093329459,"data":"轮次:··2/·20 || c_Loss:0.451 || e_Loss:-1.572 || Aad_Loss:-23.731 || 耗时：12.85s\n"}
,{"stream_name":"stdout","time":3620.8674457,"data":"轮次:··3/·20 || c_Loss:0.439 || e_Loss:-1.489 || Aad_Loss:-25.096 || 耗时：12.77s\n"}
,{"stream_name":"stdout","time":3633.574905044,"data":"轮次:··4/·20 || c_Loss:0.404 || e_Loss:-1.580 || Aad_Loss:-24.243 || 耗时：12.71s\n"}
,{"stream_name":"stdout","time":3646.263926626,"data":"轮次:··5/·20 || c_Loss:0.412 || e_Loss:-0.775 || Aad_Loss:-24.942 || 耗时：12.69s\n"}
,{"stream_name":"stdout","time":3652.24035045,"data":"任务: (B2)N15_M07_F10→(B3)N15_M07_F04; mix批次:····0; 批次:··470/·1880;  总正确率: 61.57%\n"}
,{"stream_name":"stdout","time":3652.240385533,"data":"类型1 正确率： 100.00% -\u003e 1  100.00%, 2    0.00%, 3    0.00%\n"}
,{"stream_name":"stdout","time":3652.240393272,"data":"类型2 正确率：  35.00% -\u003e 1    0.00%, 2   34.70%, 3   65.30%\n"}
,{"stream_name":"stdout","time":3652.240399216,"data":"类型3 正确率：  50.00% -\u003e 1    7.00%, 2   43.00%, 3   50.00%\n"}
,{"stream_name":"stdout","time":3652.240405141,"data":"\n"}
,{"stream_name":"stdout","time":3652.240410721,"data":"\n"}
,{"stream_name":"stdout","time":3652.274587255,"data":"样本变换：reverse\n"}
,{"stream_name":"stdout","time":3655.511827986,"data":"样本变换：mask\n"}
,{"stream_name":"stdout","time":3658.788882509,"data":"样本变换：shift\n"}
,{"stream_name":"stdout","time":3662.081769981,"data":"样本变换：none\n"}
,{"stream_name":"stdout","time":3667.415847394,"data":"未过滤\t未用伪标签：61.57% -\u003e 使用伪标签：59.20%\n"}
,{"stream_name":"stdout","time":3667.415888895,"data":"已过滤\t未用伪标签：61.43% -\u003e 使用伪标签：59.91%\n"}
,{"stream_name":"stdout","time":3667.41589366,"data":"排除样本：71|6000\t剩余：2181, 1361, 2387\n"}
,{"stream_name":"stdout","time":3667.415896742,"data":"增添样本：1232\t\t细则：206, 1026, 0\t正确率估算：99.35%\n"}
,{"stream_name":"stdout","time":3667.415899664,"data":"类型1 正确率： 100.00% -\u003e 1  100.00%, 2    0.00%, 3    0.00%\n"}
,{"stream_name":"stdout","time":3667.415902535,"data":"类型2 正确率：  28.00% -\u003e 1    0.00%, 2   28.47%, 3   71.53%\n"}
,{"stream_name":"stdout","time":3667.415905146,"data":"类型3 正确率：  50.00% -\u003e 1    9.10%, 2   40.65%, 3   50.25%\n"}
,{"stream_name":"stdout","time":3667.415907747,"data":"\n"}
,{"stream_name":"stdout","time":3667.415910074,"data":"被排除样本 正确率：73.24%\n"}
,{"stream_name":"stdout","time":3667.415912628,"data":"类型1 正确率：  85.00% -\u003e 1   85.25%, 2   14.75%\n"}
,{"stream_name":"stdout","time":3667.415915218,"data":"类型2 正确率：   0.00% -\u003e 1  100.00%, 2    0.00%\n"}
,{"stream_name":"stdout","time":3667.4159177,"data":"\n"}
,{"stream_name":"stdout","time":3667.41592005,"data":"\n"}
,{"stream_name":"stdout","time":3680.176804597,"data":"轮次:··6/·20 || c_Loss:0.420 || e_Loss:-1.582 || Aad_Loss:-25.684 || 耗时：33.91s\n"}
,{"stream_name":"stdout","time":3693.053380926,"data":"轮次:··7/·20 || c_Loss:0.401 || e_Loss:-0.867 || Aad_Loss:-27.347 || 耗时：12.88s\n"}
,{"stream_name":"stdout","time":3705.972590462,"data":"轮次:··8/·20 || c_Loss:0.405 || e_Loss:-1.506 || Aad_Loss:-27.373 || 耗时：12.92s\n"}
,{"stream_name":"stdout","time":3718.86909517,"data":"轮次:··9/·20 || c_Loss:0.410 || e_Loss:-0.828 || Aad_Loss:-25.069 || 耗时：12.90s\n"}
,{"stream_name":"stdout","time":3731.749220476,"data":"轮次:·10/·20 || c_Loss:0.383 || e_Loss:-1.663 || Aad_Loss:-27.595 || 耗时：12.88s\n"}
,{"stream_name":"stdout","time":3737.746831677,"data":"任务: (B2)N15_M07_F10→(B3)N15_M07_F04; mix批次:····0; 批次:··940/·1880;  总正确率: 60.70%\n"}
,{"stream_name":"stdout","time":3737.746876129,"data":"类型1 正确率： 100.00% -\u003e 1  100.00%, 2    0.00%, 3    0.00%\n"}
,{"stream_name":"stdout","time":3737.746904894,"data":"类型2 正确率：  32.00% -\u003e 1    0.00%, 2   32.10%, 3   67.90%\n"}
,{"stream_name":"stdout","time":3737.746912269,"data":"类型3 正确率：  50.00% -\u003e 1    7.90%, 2   42.10%, 3   50.00%\n"}
,{"stream_name":"stdout","time":3737.746918586,"data":"\n"}
,{"stream_name":"stdout","time":3737.746924141,"data":"\n"}
,{"stream_name":"stdout","time":3737.791925969,"data":"样本变换：reverse\n"}
,{"stream_name":"stdout","time":3741.070950097,"data":"样本变换：mask\n"}
,{"stream_name":"stdout","time":3744.353824012,"data":"样本变换：shift\n"}
,{"stream_name":"stdout","time":3747.63022052,"data":"样本变换：none\n"}
,{"stream_name":"stdout","time":3752.824005307,"data":"未过滤\t未用伪标签：60.70% -\u003e 使用伪标签：60.90%\n"}
,{"stream_name":"stdout","time":3752.824047751,"data":"已过滤\t未用伪标签：61.04% -\u003e 使用伪标签：61.41%\n"}
,{"stream_name":"stdout","time":3752.824053075,"data":"排除样本：50|6000\t剩余：2195, 1451, 2304\n"}
,{"stream_name":"stdout","time":3752.824070111,"data":"增添样本：962\t\t细则：109, 853, 0\t正确率估算：97.71%\n"}
,{"stream_name":"stdout","time":3752.824073164,"data":"类型1 正确率： 100.00% -\u003e 1  100.00%, 2    0.00%, 3    0.00%\n"}
,{"stream_name":"stdout","time":3752.82407581,"data":"类型2 正确率：  33.00% -\u003e 1    0.00%, 2   33.40%, 3   66.60%\n"}
,{"stream_name":"stdout","time":3752.824078366,"data":"类型3 正确率：  50.00% -\u003e 1    9.79%, 2   40.01%, 3   50.20%\n"}
,{"stream_name":"stdout","time":3752.824080889,"data":"\n"}
,{"stream_name":"stdout","time":3752.82408342,"data":"被排除样本 正确率：20.00%\n"}
,{"stream_name":"stdout","time":3752.82408586,"data":"类型1 正确率：  24.00% -\u003e 1   23.81%, 2   76.19%\n"}
,{"stream_name":"stdout","time":3752.824088432,"data":"类型2 正确率：   0.00% -\u003e 1  100.00%, 2    0.00%\n"}
,{"stream_name":"stdout","time":3752.824090899,"data":"\n"}
,{"stream_name":"stdout","time":3752.824093193,"data":"\n"}
,{"stream_name":"stdout","time":3765.556561356,"data":"轮次:·11/·20 || c_Loss:0.404 || e_Loss:-0.873 || Aad_Loss:-27.317 || 耗时：33.81s\n"}
,{"stream_name":"stdout","time":3778.361505957,"data":"轮次:·12/·20 || c_Loss:0.395 || e_Loss:-1.327 || Aad_Loss:-29.450 || 耗时：12.80s\n"}
,{"stream_name":"stdout","time":3791.189668538,"data":"轮次:·13/·20 || c_Loss:0.385 || e_Loss:-0.897 || Aad_Loss:-28.108 || 耗时：12.83s\n"}
,{"stream_name":"stdout","time":3804.012846293,"data":"轮次:·14/·20 || c_Loss:0.396 || e_Loss:-0.882 || Aad_Loss:-28.535 || 耗时：12.82s\n"}
,{"stream_name":"stdout","time":3816.853475249,"data":"轮次:·15/·20 || c_Loss:0.445 || e_Loss:-0.804 || Aad_Loss:-27.467 || 耗时：12.84s\n"}
,{"stream_name":"stdout","time":3822.853898752,"data":"任务: (B2)N15_M07_F10→(B3)N15_M07_F04; mix批次:····0; 批次:·1410/·1880;  总正确率: 61.70%\n"}
,{"stream_name":"stdout","time":3822.853975738,"data":"类型1 正确率： 100.00% -\u003e 1  100.00%, 2    0.00%, 3    0.00%\n"}
,{"stream_name":"stdout","time":3822.853984297,"data":"类型2 正确率：  35.00% -\u003e 1    0.00%, 2   35.10%, 3   64.90%\n"}
,{"stream_name":"stdout","time":3822.853989846,"data":"类型3 正确率：  50.00% -\u003e 1    9.30%, 2   40.70%, 3   50.00%\n"}
,{"stream_name":"stdout","time":3822.853994987,"data":"\n"}
,{"stream_name":"stdout","time":3822.853999815,"data":"\n"}
,{"stream_name":"stdout","time":3822.901015327,"data":"样本变换：reverse\n"}
,{"stream_name":"stdout","time":3826.181148402,"data":"样本变换：mask\n"}
,{"stream_name":"stdout","time":3829.456349898,"data":"样本变换：shift\n"}
,{"stream_name":"stdout","time":3832.750388879,"data":"样本变换：none\n"}
,{"stream_name":"stdout","time":3837.810424407,"data":"未过滤\t未用伪标签：61.70% -\u003e 使用伪标签：62.10%\n"}
,{"stream_name":"stdout","time":3837.810462815,"data":"已过滤\t未用伪标签：62.09% -\u003e 使用伪标签：62.61%\n"}
,{"stream_name":"stdout","time":3837.810469538,"data":"排除样本：49|6000\t剩余：2215, 1509, 2227\n"}
,{"stream_name":"stdout","time":3837.810478737,"data":"增添样本：730\t\t细则：12, 718, 0\t正确率估算：98.08%\n"}
,{"stream_name":"stdout","time":3837.810482867,"data":"类型1 正确率： 100.00% -\u003e 1  100.00%, 2    0.00%, 3    0.00%\n"}
,{"stream_name":"stdout","time":3837.810486428,"data":"类型2 正确率：  37.00% -\u003e 1    0.00%, 2   37.17%, 3   62.83%\n"}
,{"stream_name":"stdout","time":3837.810489895,"data":"类型3 正确率：  50.00% -\u003e 1   10.76%, 2   39.19%, 3   50.05%\n"}
,{"stream_name":"stdout","time":3837.810504825,"data":"\n"}
,{"stream_name":"stdout","time":3837.810507833,"data":"被排除样本 正确率：14.29%\n"}
,{"stream_name":"stdout","time":3837.810510377,"data":"类型1 正确率：  15.00% -\u003e 1   14.89%, 2   85.11%\n"}
,{"stream_name":"stdout","time":3837.810512918,"data":"类型2 正确率：   0.00% -\u003e 1  100.00%, 2    0.00%\n"}
,{"stream_name":"stdout","time":3837.810515378,"data":"\n"}
,{"stream_name":"stdout","time":3837.810517735,"data":"\n"}
,{"stream_name":"stdout","time":3850.553147387,"data":"轮次:·16/·20 || c_Loss:0.388 || e_Loss:-0.946 || Aad_Loss:-28.917 || 耗时：33.70s\n"}
,{"stream_name":"stdout","time":3863.31059451,"data":"轮次:·17/·20 || c_Loss:0.387 || e_Loss:-1.737 || Aad_Loss:-27.923 || 耗时：12.76s\n"}
,{"stream_name":"stdout","time":3876.073290492,"data":"轮次:·18/·20 || c_Loss:0.430 || e_Loss:-0.860 || Aad_Loss:-27.720 || 耗时：12.76s\n"}
,{"stream_name":"stdout","time":3888.843510346,"data":"轮次:·19/·20 || c_Loss:0.526 || e_Loss:-0.860 || Aad_Loss:-28.079 || 耗时：12.77s\n"}
,{"stream_name":"stdout","time":3901.624843194,"data":"轮次:·20/·20 || c_Loss:0.392 || e_Loss:-0.898 || Aad_Loss:-30.282 || 耗时：12.78s\n"}
,{"stream_name":"stdout","time":3907.638585989,"data":"任务: (B2)N15_M07_F10→(B3)N15_M07_F04; mix批次:····0; 批次:·1880/·1880;  总正确率: 64.03%\n"}
,{"stream_name":"stdout","time":3907.638623383,"data":"类型1 正确率： 100.00% -\u003e 1  100.00%, 2    0.00%, 3    0.00%\n"}
,{"stream_name":"stdout","time":3907.638630717,"data":"类型2 正确率：  42.00% -\u003e 1    0.00%, 2   42.10%, 3   57.90%\n"}
,{"stream_name":"stdout","time":3907.638636698,"data":"类型3 正确率：  50.00% -\u003e 1    9.90%, 2   40.10%, 3   50.00%\n"}
,{"stream_name":"stdout","time":3907.638642465,"data":"\n"}
,{"stream_name":"stdout","time":3907.638647904,"data":"\n"}
,{"stream_name":"stdout","time":3913.618224843,"data":"测试集任务: (B2)N15_M07_F10→(B3)N15_M07_F04; 总正确率 = 64.03%\n"}
,{"stream_name":"stdout","time":3913.618277718,"data":"类型1 正确率： 100.00% -\u003e 1  100.00%, 2    0.00%, 3    0.00%\n"}
,{"stream_name":"stdout","time":3913.618285618,"data":"类型2 正确率：  42.00% -\u003e 1    0.00%, 2   42.10%, 3   57.90%\n"}
,{"stream_name":"stdout","time":3913.618291429,"data":"类型3 正确率：  50.00% -\u003e 1    9.90%, 2   40.10%, 3   50.00%\n"}
,{"stream_name":"stdout","time":3913.618296458,"data":"\n"}
,{"stream_name":"stdout","time":3913.618300931,"data":"\n"}
,{"stream_name":"stdout","time":3913.648139188,"data":"[tar_adaptation_RES_PU.py --folder_root /kaggle/working/m2rep/reps1/sdalr_PU_final_checkpoint/DATA_foldB --seed 1 --class_num 3 --data_name PU_M1_L3 --output /kaggle/working/m2rep/reps1/weight_PU_M1_final_checkpoint_FAtoB_gatev2_s1 --s 1 --t 2 --lr 0.0005 --threshold 0.4 --K 0.6] 358s\n"}
,{"stream_name":"stdout","time":3913.687415013,"data":"读取源域路径：/kaggle/working/m2rep/reps1/weight_PU_M1_final_checkpoint_FAtoB_gatev2_s1/NEW_PU/Source-源域/log\u0026pt/(B3)N15_M07_F04\n"}
,{"stream_name":"stdout","time":3913.687442692,"data":"excel输出位置：/kaggle/working/m2rep/reps1/weight_PU_M1_final_checkpoint_FAtoB_gatev2_s1/NEW_PU/Target-目标域\n"}
,{"stream_name":"stdout","time":3913.687593342,"data":"特征图片输出位置：/kaggle/working/m2rep/reps1/weight_PU_M1_final_checkpoint_FAtoB_gatev2_s1/NEW_PU/Picture-特征图/2026年09月15日16时21分/(B3)N15_M07_F04\n"}
,{"stream_name":"stderr","time":3913.723481578,"data":"/usr/local/lib/python3.12/dist-packages/torch/nn/utils/weight_norm.py:144: FutureWarning: `torch.nn.utils.weight_norm` is deprecated in favor of `torch.nn.utils.parametrizations.weight_norm`.\n"}
,{"stream_name":"stderr","time":3913.723513873,"data":"  WeightNorm.apply(module, name, dim)\n"}
,{"stream_name":"stdout","time":3913.7630926,"data":"现在选取:(B3)N15_M07_F04 进行训练的源模型\n"}
,{"stream_name":"stdout","time":3913.763121073,"data":"现在进行：(B3)N15_M07_F04→(B1)N15_M01_F10 的迁移任务\n"}
,{"stream_name":"stdout","time":3913.76312838,"data":"log\u0026pt输出位置：/kaggle/working/m2rep/reps1/weight_PU_M1_final_checkpoint_FAtoB_gatev2_s1/NEW_PU/Target-目标域/log\u0026pt/(B3)N15_M07_F04→(B1)N15_M01_F10\n"}
,{"stream_name":"stderr","time":3913.764477024,"data":"sh: 1: Syntax error: word unexpected (expecting \")\")\n"}
,{"stream_name":"stdout","time":3925.125506825,"data":"任务: (B3)N15_M07_F04→(B1)N15_M01_F10; 批次:····0/·1880;  总正确率: 49.57%\n"}
,{"stream_name":"stdout","time":3925.12554522,"data":"类型1 正确率：  44.00% -\u003e 1   44.25%, 2   55.25%, 3    0.50%\n"}
,{"stream_name":"stdout","time":3925.125552443,"data":"类型2 正确率：  57.00% -\u003e 1    0.00%, 2   56.95%, 3   43.05%\n"}
,{"stream_name":"stdout","time":3925.125558204,"data":"类型3 正确率：  48.00% -\u003e 1    0.00%, 2   52.50%, 3   47.50%\n"}
,{"stream_name":"stdout","time":3925.125563552,"data":"\n"}
,{"stream_name":"stdout","time":3925.125568494,"data":"\n"}
,{"stream_name":"stdout","time":3925.12615564,"data":"样本变换：reverse\n"}
,{"stream_name":"stdout","time":3928.36384263,"data":"样本变换：mask\n"}
,{"stream_name":"stdout","time":3931.658860421,"data":"样本变换：shift\n"}
,{"stream_name":"stdout","time":3934.908849087,"data":"样本变换：none\n"}
,{"stream_name":"stdout","time":3940.728814158,"data":"未过滤\t未用伪标签：49.57% -\u003e 使用伪标签：42.32%\n"}
,{"stream_name":"stdout","time":3940.728847568,"data":"已过滤\t未用伪标签：48.44% -\u003e 使用伪标签：43.74%\n"}
,{"stream_name":"stdout","time":3940.728855222,"data":"排除样本：195|6000\t剩余：775, 3000, 2030\n"}
,{"stream_name":"stdout","time":3940.728861159,"data":"增添样本：3669\t\t细则：2231, 0, 1438\t正确率估算：90.03%\n"}
,{"stream_name":"stdout","time":3940.728867145,"data":"类型1 正确率：  39.00% -\u003e 1   39.15%, 2   60.85%, 3    0.00%\n"}
,{"stream_name":"stdout","time":3940.72887354,"data":"类型2 正确率：  43.00% -\u003e 1    0.32%, 2   42.81%, 3   56.86%\n"}
,{"stream_name":"stdout","time":3940.728880711,"data":"类型3 正确率：  49.00% -\u003e 1    0.00%, 2   50.88%, 3   49.12%\n"}
,{"stream_name":"stdout","time":3940.72888809,"data":"\n"}
,{"stream_name":"stdout","time":3940.728893317,"data":"被排除样本 正确率：83.08%\n"}
,{"stream_name":"stdout","time":3940.728898828,"data":"类型1 正确率：  89.00% -\u003e 1   88.89%, 2   11.11%, 3    0.00%\n"}
,{"stream_name":"stdout","time":3940.728904589,"data":"类型2 正确率：  87.00% -\u003e 1    0.00%, 2   86.67%, 3   13.33%\n"}
,{"stream_name":"stdout","time":3940.728910369,"data":"类型3 正确率：   0.00% -\u003e 1    0.00%, 2  100.00%, 3    0.00%\n"}
,{"stream_name":"stdout","time":3940.728916326,"data":"\n"}
,{"stream_name":"stdout","time":3940.728922134,"data":"\n"}
,{"stream_name":"stdout","time":3953.798210476,"data":"轮次:··1/·20 || c_Loss:0.520 || e_Loss:-1.615 || Aad_Loss:-17.300 || 耗时：34.55s\n"}
,{"stream_name":"stdout","time":3966.657645849,"data":"轮次:··2/·20 || c_Loss:0.417 || e_Loss:-1.630 || Aad_Loss:-24.508 || 耗时：12.86s\n"}
,{"stream_name":"stdout","time":3979.414255452,"data":"轮次:··3/·20 || c_Loss:0.407 || e_Loss:-1.550 || Aad_Loss:-25.338 || 耗时：12.76s\n"}
,{"stream_name":"stdout","time":3992.180231369,"data":"轮次:··4/·20 || c_Loss:0.449 || e_Loss:-1.642 || Aad_Loss:-24.116 || 耗时：12.77s\n"}
,{"stream_name":"stdout","time":4004.856643691,"data":"轮次:··5/·20 || c_Loss:0.477 || e_Loss:-1.502 || Aad_Loss:-24.034 || 耗时：12.68s\n"}
,{"stream_name":"stdout","time":4010.822780282,"data":"任务: (B3)N15_M07_F04→(B1)N15_M01_F10; mix批次:····0; 批次:··470/·1880;  总正确率: 47.05%\n"}
,{"stream_name":"stdout","time":4010.822855114,"data":"类型1 正确率：  34.00% -\u003e 1   33.85%, 2   66.15%, 3    0.00%\n"}
,{"stream_name":"stdout","time":4010.822864002,"data":"类型2 正确率：  57.00% -\u003e 1    3.50%, 2   57.35%, 3   39.15%\n"}
,{"stream_name":"stdout","time":4010.822869882,"data":"类型3 正确率：  50.00% -\u003e 1    0.00%, 2   50.05%, 3   49.95%\n"}
,{"stream_name":"stdout","time":4010.822875861,"data":"\n"}
,{"stream_name":"stdout","time":4010.822881237,"data":"\n"}
,{"stream_name":"stdout","time":4010.856950239,"data":"样本变换：reverse\n"}
,{"stream_name":"stdout","time":4014.070890585,"data":"样本变换：mask\n"}
,{"stream_name":"stdout","time":4017.324727388,"data":"样本变换：shift\n"}
,{"stream_name":"stdout","time":4020.606822823,"data":"样本变换：none\n"}
,{"stream_name":"stderr","time":4026.209360731,"data":"/kaggle/working/m2rep/reps1/sdalr_PU_final_checkpoint/tools.py:413: RuntimeWarning: invalid value encountered in divide\n"}
,{"stream_name":"stderr","time":4026.209410292,"data":"  per_class_acc = conf_matrix.diagonal() / conf_matrix.sum(axis=1) * 100\n"}
,{"stream_name":"stdout","time":4026.209696819,"data":"未过滤\t未用伪标签：47.05% -\u003e 使用伪标签：41.38%\n"}
,{"stream_name":"stdout","time":4026.209707276,"data":"已过滤\t未用伪标签：46.58% -\u003e 使用伪标签：42.23%\n"}
,{"stream_name":"stdout","time":4026.20971118,"data":"排除样本：120|6000\t剩余：730, 3158, 1992\n"}
,{"stream_name":"stdout","time":4026.20971548,"data":"增添样本：3706\t\t细则：2496, 0, 1210\t正确率估算：92.36%\n"}
,{"stream_name":"stdout","time":4026.209719401,"data":"类型1 正确率：  33.00% -\u003e 1   33.12%, 2   66.88%, 3    0.00%\n"}
,{"stream_name":"stdout","time":4026.209722993,"data":"类型2 正确率：  44.00% -\u003e 1    3.62%, 2   43.65%, 3   52.74%\n"}
,{"stream_name":"stdout","time":4026.209726315,"data":"类型3 正确率：  50.00% -\u003e 1    0.00%, 2   50.00%, 3   50.00%\n"}
,{"stream_name":"stdout","time":4026.209729669,"data":"\n"}
,{"stream_name":"stdout","time":4026.209732779,"data":"被排除样本 正确率：70.00%\n"}
,{"stream_name":"stdout","time":4026.209735992,"data":"类型1 正确率： 100.00% -\u003e 1  100.00%, 2    0.00%, 3    0.00%\n"}
,{"stream_name":"stdout","time":4026.209739294,"data":"类型2 正确率：  70.00% -\u003e 1   10.08%, 2   69.75%, 3   20.17%\n"}
,{"stream_name":"stdout","time":4026.209742553,"data":"类型3 没有样本或未被分类。\n"}
,{"stream_name":"stdout","time":4026.209745834,"data":"\n"}
,{"stream_name":"stdout","time":4026.209781454,"data":"\n"}
,{"stream_name":"stdout","time":4038.920836215,"data":"轮次:··6/·20 || c_Loss:0.394 || e_Loss:-1.719 || Aad_Loss:-25.945 || 耗时：34.06s\n"}
,{"stream_name":"stdout","time":4051.776333858,"data":"轮次:··7/·20 || c_Loss:0.376 || e_Loss:-1.504 || Aad_Loss:-32.113 || 耗时：12.86s\n"}
,{"stream_name":"stdout","time":4064.663578196,"data":"轮次:··8/·20 || c_Loss:0.403 || e_Loss:-1.697 || Aad_Loss:-32.284 || 耗时：12.89s\n"}
,{"stream_name":"stdout","time":4077.599980234,"data":"轮次:··9/·20 || c_Loss:0.400 || e_Loss:-1.572 || Aad_Loss:-30.204 || 耗时：12.94s\n"}
,{"stream_name":"stdout","time":4090.506398692,"data":"轮次:·10/·20 || c_Loss:0.354 || e_Loss:-1.708 || Aad_Loss:-29.212 || 耗时：12.91s\n"}
,{"stream_name":"stdout","time":4096.524533924,"data":"任务: (B3)N15_M07_F04→(B1)N15_M01_F10; mix批次:····0; 批次:··940/·1880;  总正确率: 42.33%\n"}
,{"stream_name":"stdout","time":4096.524570851,"data":"类型1 正确率：  33.00% -\u003e 1   33.00%, 2   67.00%, 3    0.00%\n"}
,{"stream_name":"stdout","time":4096.524578495,"data":"类型2 正确率：  44.00% -\u003e 1    0.05%, 2   44.00%, 3   55.95%\n"}
,{"stream_name":"stdout","time":4096.524585072,"data":"类型3 正确率：  50.00% -\u003e 1    0.00%, 2   50.00%, 3   50.00%\n"}
,{"stream_name":"stdout","time":4096.524590963,"data":"\n"}
,{"stream_name":"stdout","time":4096.524596233,"data":"\n"}
,{"stream_name":"stdout","time":4096.570123846,"data":"样本变换：reverse\n"}
,{"stream_name":"stdout","time":4099.821890159,"data":"样本变换：mask\n"}
,{"stream_name":"stdout","time":4103.127853042,"data":"样本变换：shift\n"}
,{"stream_name":"stdout","time":4106.431867509,"data":"样本变换：none\n"}
,{"stream_name":"stderr","time":4111.946974261,"data":"/kaggle/working/m2rep/reps1/sdalr_PU_final_checkpoint/tools.py:413: RuntimeWarning: invalid value encountered in divide\n"}
,{"stream_name":"stdout","time":4111.947008107,"data":"未过滤\t未用伪标签：42.33% -\u003e 使用伪标签：40.18%\n"}
,{"stream_name":"stderr","time":4111.947014107,"data":"  per_class_acc = conf_matrix.diagonal() / conf_matrix.sum(axis=1) * 100\n"}
,{"stream_name":"stdout","time":4111.947022426,"data":"已过滤\t未用伪标签：41.95% -\u003e 使用伪标签：40.46%\n"}
,{"stream_name":"stdout","time":4111.947032347,"data":"排除样本：41|6000\t剩余：660, 3091, 2208\n"}
,{"stream_name":"stdout","time":4111.94703804,"data":"增添样本：3316\t\t细则：2431, 0, 885\t正确率估算：98.45%\n"}
,{"stream_name":"stdout","time":4111.947043985,"data":"类型1 正确率：  33.00% -\u003e 1   33.00%, 2   67.00%, 3    0.00%\n"}
,{"stream_name":"stdout","time":4111.947051126,"data":"类型2 正确率：  38.00% -\u003e 1    0.00%, 2   38.34%, 3   61.66%\n"}
,{"stream_name":"stdout","time":4111.947060081,"data":"类型3 正确率：  50.00% -\u003e 1    0.00%, 2   50.00%, 3   50.00%\n"}
,{"stream_name":"stdout","time":4111.947063799,"data":"\n"}
,{"stream_name":"stdout","time":4111.947066957,"data":"被排除样本 正确率：97.56%\n"}
,{"stream_name":"stdout","time":4111.947070301,"data":"类型1 正确率：  98.00% -\u003e 1   97.56%, 2    2.44%\n"}
,{"stream_name":"stdout","time":4111.947073703,"data":"类型2 没有样本或未被分类。\n"}
,{"stream_name":"stdout","time":4111.947077077,"data":"\n"}
,{"stream_name":"stdout","time":4111.947081508,"data":"\n"}
,{"stream_name":"stdout","time":4124.695950168,"data":"轮次:·11/·20 || c_Loss:0.382 || e_Loss:-0.658 || Aad_Loss:-37.685 || 耗时：34.19s\n"}
,{"stream_name":"stdout","time":4137.526366056,"data":"轮次:·12/·20 || c_Loss:0.359 || e_Loss:-1.725 || Aad_Loss:-32.882 || 耗时：12.83s\n"}
,{"stream_name":"stdout","time":4150.347034056,"data":"轮次:·13/·20 || c_Loss:0.390 || e_Loss:-0.856 || Aad_Loss:-30.543 || 耗时：12.82s\n"}
,{"stream_name":"stdout","time":4163.165037529,"data":"轮次:·14/·20 || c_Loss:0.367 || e_Loss:-1.744 || Aad_Loss:-36.867 || 耗时：12.82s\n"}
,{"stream_name":"stdout","time":4175.999561898,"data":"轮次:·15/·20 || c_Loss:0.381 || e_Loss:-1.622 || Aad_Loss:-29.914 || 耗时：12.83s\n"}
,{"stream_name":"stdout","time":4181.989377307,"data":"任务: (B3)N15_M07_F04→(B1)N15_M01_F10; mix批次:····0; 批次:·1410/·1880;  总正确率: 39.03%\n"}
,{"stream_name":"stdout","time":4181.989444657,"data":"类型1 正确率：  33.00% -\u003e 1   33.00%, 2   67.00%, 3    0.00%\n"}
,{"stream_name":"stdout","time":4181.989453013,"data":"类型2 正确率：  34.00% -\u003e 1    0.00%, 2   34.10%, 3   65.90%\n"}
,{"stream_name":"stdout","time":4181.989458295,"data":"类型3 正确率：  50.00% -\u003e 1    0.00%, 2   50.00%, 3   50.00%\n"}
,{"stream_name":"stdout","time":4181.989463454,"data":"\n"}
,{"stream_name":"stdout","time":4181.989467708,"data":"\n"}
,{"stream_name":"stdout","time":4182.033539073,"data":"样本变换：reverse\n"}
,{"stream_name":"stdout","time":4185.314185907,"data":"样本变换：mask\n"}
,{"stream_name":"stdout","time":4188.620832326,"data":"样本变换：shift\n"}
,{"stream_name":"stdout","time":4191.928843956,"data":"样本变换：none\n"}
,{"stream_name":"stderr","time":4197.33128938,"data":"/usr/local/lib/python3.12/dist-packages/sklearn/metrics/_classification.py:407: UserWarning: A single label was found in 'y_true' and 'y_pred'. For the confusion matrix to have the correct shape, use the 'labels' parameter to pass all known labels.\n"}
,{"stream_name":"stderr","time":4197.331335178,"data":"  warnings.warn(\n"}
,{"stream_name":"stdout","time":4197.33138663,"data":"未过滤\t未用伪标签：39.03% -\u003e 使用伪标签：38.72%\n"}
,{"stream_name":"stdout","time":4197.331411613,"data":"已过滤\t未用伪标签：38.99% -\u003e 使用伪标签：38.74%\n"}
,{"stream_name":"stdout","time":4197.33141939,"data":"排除样本：4|6000\t剩余：660, 3003, 2333\n"}
,{"stream_name":"stdout","time":4197.331425565,"data":"增添样本：3013\t\t细则：2343, 0, 670\t正确率估算：99.85%\n"}
,{"stream_name":"stdout","time":4197.331431381,"data":"类型1 正确率：  33.00% -\u003e 1   33.00%, 2   67.00%, 3    0.00%\n"}
,{"stream_name":"stdout","time":4197.331437147,"data":"类型2 正确率：  33.00% -\u003e 1    0.00%, 2   33.22%, 3   66.78%\n"}
,{"stream_name":"stdout","time":4197.33144235,"data":"类型3 正确率：  50.00% -\u003e 1    0.00%, 2   50.00%, 3   50.00%\n"}
,{"stream_name":"stdout","time":4197.331447556,"data":"\n"}
,{"stream_name":"stdout","time":4197.331452897,"data":"被排除样本 正确率：100.00%\n"}
,{"stream_name":"stdout","time":4197.331458226,"data":"类型1 正确率： 100.00% -\u003e 1  100.00%\n"}
,{"stream_name":"stdout","time":4197.331463825,"data":"\n"}
,{"stream_name":"stdout","time":4197.331469154,"data":"\n"}
,{"stream_name":"stdout","time":4210.042429772,"data":"轮次:·16/·20 || c_Loss:0.365 || e_Loss:-0.841 || Aad_Loss:-38.204 || 耗时：34.04s\n"}
,{"stream_name":"stdout","time":4222.842319742,"data":"轮次:·17/·20 || c_Loss:0.387 || e_Loss:-0.815 || Aad_Loss:-38.056 || 耗时：12.80s\n"}
,{"stream_name":"stdout","time":4235.653846638,"data":"轮次:·18/·20 || c_Loss:0.378 || e_Loss:-0.932 || Aad_Loss:-33.232 || 耗时：12.81s\n"}
,{"stream_name":"stdout","time":4248.470639256,"data":"轮次:·19/·20 || c_Loss:0.379 || e_Loss:-0.962 || Aad_Loss:-33.355 || 耗时：12.82s\n"}
,{"stream_name":"stdout","time":4261.299713963,"data":"轮次:·20/·20 || c_Loss:0.384 || e_Loss:-1.399 || Aad_Loss:-35.311 || 耗时：12.83s\n"}
,{"stream_name":"stdout","time":4267.304915363,"data":"任务: (B3)N15_M07_F04→(B1)N15_M01_F10; mix批次:····0; 批次:·1880/·1880;  总正确率: 38.67%\n"}
,{"stream_name":"stdout","time":4267.304955185,"data":"类型1 正确率：  33.00% -\u003e 1   33.00%, 2   67.00%, 3    0.00%\n"}
,{"stream_name":"stdout","time":4267.304968567,"data":"类型2 正确率：  33.00% -\u003e 1    0.00%, 2   33.00%, 3   67.00%\n"}
,{"stream_name":"stdout","time":4267.304972728,"data":"类型3 正确率：  50.00% -\u003e 1    0.00%, 2   50.00%, 3   50.00%\n"}
,{"stream_name":"stdout","time":4267.304988429,"data":"\n"}
,{"stream_name":"stdout","time":4267.304991312,"data":"\n"}
,{"stream_name":"stdout","time":4273.2919617,"data":"测试集任务: (B3)N15_M07_F04→(B1)N15_M01_F10; 总正确率 = 38.67%\n"}
,{"stream_name":"stdout","time":4273.291998596,"data":"类型1 正确率：  33.00% -\u003e 1   33.00%, 2   67.00%, 3    0.00%\n"}
,{"stream_name":"stdout","time":4273.292012133,"data":"类型2 正确率：  33.00% -\u003e 1    0.00%, 2   33.00%, 3   67.00%\n"}
,{"stream_name":"stdout","time":4273.292016444,"data":"类型3 正确率：  50.00% -\u003e 1    0.00%, 2   50.00%, 3   50.00%\n"}
,{"stream_name":"stdout","time":4273.292019921,"data":"\n"}
,{"stream_name":"stdout","time":4273.292023157,"data":"\n"}
,{"stream_name":"stdout","time":4273.321280723,"data":"[tar_adaptation_RES_PU.py --folder_root /kaggle/working/m2rep/reps1/sdalr_PU_final_checkpoint/DATA_foldB --seed 1 --class_num 3 --data_name PU_M1_L3 --output /kaggle/working/m2rep/reps1/weight_PU_M1_final_checkpoint_FAtoB_gatev2_s1 --s 2 --t 0 --lr 0.0005 --threshold 0.4 --K 0.6] 360s\n"}
,{"stream_name":"stdout","time":4273.360044636,"data":"读取源域路径：/kaggle/working/m2rep/reps1/weight_PU_M1_final_checkpoint_FAtoB_gatev2_s1/NEW_PU/Source-源域/log\u0026pt/(B3)N15_M07_F04\n"}
,{"stream_name":"stdout","time":4273.360069098,"data":"excel输出位置：/kaggle/working/m2rep/reps1/weight_PU_M1_final_checkpoint_FAtoB_gatev2_s1/NEW_PU/Target-目标域\n"}
,{"stream_name":"stdout","time":4273.360080348,"data":"特征图片输出位置：/kaggle/working/m2rep/reps1/weight_PU_M1_final_checkpoint_FAtoB_gatev2_s1/NEW_PU/Picture-特征图/2026年09月15日16时27分/(B3)N15_M07_F04\n"}
,{"stream_name":"stderr","time":4273.396212794,"data":"/usr/local/lib/python3.12/dist-packages/torch/nn/utils/weight_norm.py:144: FutureWarning: `torch.nn.utils.weight_norm` is deprecated in favor of `torch.nn.utils.parametrizations.weight_norm`.\n"}
,{"stream_name":"stderr","time":4273.396242198,"data":"  WeightNorm.apply(module, name, dim)\n"}
,{"stream_name":"stdout","time":4273.437251772,"data":"现在选取:(B3)N15_M07_F04 进行训练的源模型\n"}
,{"stream_name":"stdout","time":4273.43728046,"data":"现在进行：(B3)N15_M07_F04→(B2)N15_M07_F10 的迁移任务\n"}
,{"stream_name":"stdout","time":4273.437287451,"data":"log\u0026pt输出位置：/kaggle/working/m2rep/reps1/weight_PU_M1_final_checkpoint_FAtoB_gatev2_s1/NEW_PU/Target-目标域/log\u0026pt/(B3)N15_M07_F04→(B2)N15_M07_F10\n"}
,{"stream_name":"stderr","time":4273.438843078,"data":"sh: 1: Syntax error: word unexpected (expecting \")\")\n"}
,{"stream_name":"stdout","time":4284.790317611,"data":"任务: (B3)N15_M07_F04→(B2)N15_M07_F10; 批次:····0/·1880;  总正确率: 48.17%\n"}
,{"stream_name":"stdout","time":4284.790358084,"data":"类型1 正确率：  41.00% -\u003e 1   41.05%, 2   58.45%, 3    0.50%\n"}
,{"stream_name":"stdout","time":4284.790366396,"data":"类型2 正确率：  54.00% -\u003e 1    0.00%, 2   54.30%, 3   45.70%\n"}
,{"stream_name":"stdout","time":4284.790373178,"data":"类型3 正确率：  49.00% -\u003e 1    0.00%, 2   50.85%, 3   49.15%\n"}
,{"stream_name":"stdout","time":4284.790379277,"data":"\n"}
,{"stream_name":"stdout","time":4284.790384952,"data":"\n"}
,{"stream_name":"stdout","time":4284.791072005,"data":"样本变换：reverse\n"}
,{"stream_name":"stdout","time":4288.060849644,"data":"样本变换：mask\n"}
,{"stream_name":"stdout","time":4291.367802013,"data":"样本变换：shift\n"}
,{"stream_name":"stdout","time":4294.631837978,"data":"样本变换：none\n"}
,{"stream_name":"stdout","time":4300.396932683,"data":"未过滤\t未用伪标签：48.17% -\u003e 使用伪标签：40.25%\n"}
,{"stream_name":"stdout","time":4300.396989939,"data":"已过滤\t未用伪标签：47.47% -\u003e 使用伪标签：41.15%\n"}
,{"stream_name":"stdout","time":4300.396994951,"data":"排除样本：131|6000\t剩余：662, 3089, 2118\n"}
,{"stream_name":"stdout","time":4300.396997743,"data":"增添样本：3843\t\t细则：2427, 0, 1416\t正确率估算：89.89%\n"}
,{"stream_name":"stdout","time":4300.397000498,"data":"类型1 正确率：  33.00% -\u003e 1   33.30%, 2   66.70%, 3    0.00%\n"}
,{"stream_name":"stdout","time":4300.397003279,"data":"类型2 正确率：  40.00% -\u003e 1    0.00%, 2   40.35%, 3   59.65%\n"}
,{"stream_name":"stdout","time":4300.397005766,"data":"类型3 正确率：  50.00% -\u003e 1    0.00%, 2   50.25%, 3   49.75%\n"}
,{"stream_name":"stdout","time":4300.397008247,"data":"\n"}
,{"stream_name":"stdout","time":4300.397010602,"data":"被排除样本 正确率：79.39%\n"}
,{"stream_name":"stdout","time":4300.397013113,"data":"类型1 正确率：  83.00% -\u003e 1   83.33%, 2   16.67%, 3    0.00%\n"}
,{"stream_name":"stdout","time":4300.397015647,"data":"类型2 正确率：  83.00% -\u003e 1    0.00%, 2   83.49%, 3   16.51%\n"}
,{"stream_name":"stdout","time":4300.397018118,"data":"类型3 正确率：  30.00% -\u003e 1    0.00%, 2   70.00%, 3   30.00%\n"}
,{"stream_name":"stdout","time":4300.397020583,"data":"\n"}
,{"stream_name":"stdout","time":4300.397022949,"data":"\n"}
,{"stream_name":"stdout","time":4313.339517844,"data":"轮次:··1/·20 || c_Loss:0.595 || e_Loss:-1.617 || Aad_Loss:-22.093 || 耗时：34.39s\n"}
,{"stream_name":"stdout","time":4326.259516965,"data":"轮次:··2/·20 || c_Loss:0.451 || e_Loss:-1.665 || Aad_Loss:-23.675 || 耗时：12.92s\n"}
,{"stream_name":"stdout","time":4339.05922497,"data":"轮次:··3/·20 || c_Loss:0.445 || e_Loss:-1.636 || Aad_Loss:-25.344 || 耗时：12.80s\n"}
,{"stream_name":"stdout","time":4351.93715521,"data":"轮次:··4/·20 || c_Loss:0.376 || e_Loss:-1.462 || Aad_Loss:-29.423 || 耗时：12.88s\n"}
,{"stream_name":"stdout","time":4364.66046481,"data":"轮次:··5/·20 || c_Loss:0.413 || e_Loss:-1.511 || Aad_Loss:-25.322 || 耗时：12.72s\n"}
,{"stream_name":"stdout","time":4370.621853345,"data":"任务: (B3)N15_M07_F04→(B2)N15_M07_F10; mix批次:····0; 批次:··470/·1880;  总正确率: 43.22%\n"}
,{"stream_name":"stdout","time":4370.621909622,"data":"类型1 正确率：  33.00% -\u003e 1   33.00%, 2   67.00%, 3    0.00%\n"}
,{"stream_name":"stdout","time":4370.621918748,"data":"类型2 正确率：  47.00% -\u003e 1    0.60%, 2   46.80%, 3   52.60%\n"}
,{"stream_name":"stdout","time":4370.621924569,"data":"类型3 正确率：  50.00% -\u003e 1    0.00%, 2   50.15%, 3   49.85%\n"}
,{"stream_name":"stdout","time":4370.621930162,"data":"\n"}
,{"stream_name":"stdout","time":4370.621938726,"data":"\n"}
,{"stream_name":"stdout","time":4370.657002381,"data":"样本变换：reverse\n"}
,{"stream_name":"stdout","time":4373.90590421,"data":"样本变换：mask\n"}
,{"stream_name":"stdout","time":4377.205831077,"data":"样本变换：shift\n"}
,{"stream_name":"stdout","time":4380.47984039,"data":"样本变换：none\n"}
,{"stream_name":"stderr","time":4386.176179584,"data":"/kaggle/working/m2rep/reps1/sdalr_PU_final_checkpoint/tools.py:413: RuntimeWarning: invalid value encountered in divide\n"}
,{"stream_name":"stderr","time":4386.176220601,"data":"  per_class_acc = conf_matrix.diagonal() / conf_matrix.sum(axis=1) * 100\n"}
,{"stream_name":"stdout","time":4386.176357286,"data":"未过滤\t未用伪标签：43.22% -\u003e 使用伪标签：41.62%\n"}
,{"stream_name":"stdout","time":4386.176370892,"data":"已过滤\t未用伪标签：42.93% -\u003e 使用伪标签：42.32%\n"}
,{"stream_name":"stdout","time":4386.176390637,"data":"排除样本：100|6000\t剩余：664, 3181, 2055\n"}
,{"stream_name":"stdout","time":4386.176397078,"data":"增添样本：3798\t\t细则：2521, 0, 1277\t正确率估算：98.81%\n"}
,{"stream_name":"stdout","time":4386.176401462,"data":"类型1 正确率：  33.00% -\u003e 1   33.00%, 2   67.00%, 3    0.00%\n"}
,{"stream_name":"stdout","time":4386.176407471,"data":"类型2 正确率：  44.00% -\u003e 1    0.21%, 2   44.16%, 3   55.63%\n"}
,{"stream_name":"stdout","time":4386.176411471,"data":"类型3 正确率：  50.00% -\u003e 1    0.00%, 2   50.10%, 3   49.90%\n"}
,{"stream_name":"stdout","time":4386.176415964,"data":"\n"}
,{"stream_name":"stdout","time":4386.176420214,"data":"被排除样本 正确率：60.00%\n"}
,{"stream_name":"stdout","time":4386.17642489,"data":"类型1 没有样本或未被分类。\n"}
,{"stream_name":"stdout","time":4386.176429557,"data":"类型2 正确率：  60.00% -\u003e 1    2.00%, 2   60.00%, 3   38.00%\n"}
,{"stream_name":"stdout","time":4386.176433936,"data":"类型3 没有样本或未被分类。\n"}
,{"stream_name":"stdout","time":4386.176438473,"data":"\n"}
,{"stream_name":"stdout","time":4386.176442153,"data":"\n"}
,{"stream_name":"stdout","time":4398.909350575,"data":"轮次:··6/·20 || c_Loss:0.364 || e_Loss:-1.742 || Aad_Loss:-29.825 || 耗时：34.25s\n"}
,{"stream_name":"stdout","time":4411.750195165,"data":"轮次:··7/·20 || c_Loss:0.385 || e_Loss:-1.548 || Aad_Loss:-28.850 || 耗时：12.84s\n"}
,{"stream_name":"stdout","time":4424.622481958,"data":"轮次:··8/·20 || c_Loss:0.347 || e_Loss:-1.761 || Aad_Loss:-29.280 || 耗时：12.87s\n"}
,{"stream_name":"stdout","time":4437.498487558,"data":"轮次:··9/·20 || c_Loss:0.353 || e_Loss:-1.695 || Aad_Loss:-33.098 || 耗时：12.88s\n"}
,{"stream_name":"stdout","time":4450.392518532,"data":"轮次:·10/·20 || c_Loss:0.357 || e_Loss:-1.670 || Aad_Loss:-29.180 || 耗时：12.89s\n"}
,{"stream_name":"stdout","time":4456.40865645,"data":"任务: (B3)N15_M07_F04→(B2)N15_M07_F10; mix批次:····0; 批次:··940/·1880;  总正确率: 47.37%\n"}
,{"stream_name":"stdout","time":4456.408707332,"data":"类型1 正确率：  33.00% -\u003e 1   33.00%, 2   67.00%, 3    0.00%\n"}
,{"stream_name":"stdout","time":4456.408716121,"data":"类型2 正确率：  59.00% -\u003e 1    0.00%, 2   59.25%, 3   40.75%\n"}
,{"stream_name":"stdout","time":4456.408721655,"data":"类型3 正确率：  50.00% -\u003e 1    0.00%, 2   50.15%, 3   49.85%\n"}
,{"stream_name":"stdout","time":4456.408727877,"data":"\n"}
,{"stream_name":"stdout","time":4456.408732869,"data":"\n"}
,{"stream_name":"stdout","time":4456.456094075,"data":"样本变换：reverse\n"}
,{"stream_name":"stdout","time":4459.726869216,"data":"样本变换：mask\n"}
,{"stream_name":"stdout","time":4463.035799528,"data":"样本变换：shift\n"}
,{"stream_name":"stdout","time":4466.31470708,"data":"样本变换：none\n"}
,{"stream_name":"stderr","time":4472.185389312,"data":"/kaggle/working/m2rep/reps1/sdalr_PU_final_checkpoint/tools.py:413: RuntimeWarning: invalid value encountered in divide\n"}
,{"stream_name":"stderr","time":4472.185428877,"data":"  per_class_acc = conf_matrix.diagonal() / conf_matrix.sum(axis=1) * 100\n"}
,{"stream_name":"stdout","time":4472.185676685,"data":"未过滤\t未用伪标签：47.37% -\u003e 使用伪标签：46.98%\n"}
,{"stream_name":"stdout","time":4472.185693977,"data":"已过滤\t未用伪标签：47.41% -\u003e 使用伪标签：47.43%\n"}
,{"stream_name":"stdout","time":4472.185698211,"data":"排除样本：56|6000\t剩余：660, 3503, 1781\n"}
,{"stream_name":"stdout","time":4472.185713877,"data":"增添样本：4568\t\t细则：2843, 0, 1725\t正确率估算：98.95%\n"}
,{"stream_name":"stdout","time":4472.185716921,"data":"类型1 正确率：  33.00% -\u003e 1   33.00%, 2   67.00%, 3    0.00%\n"}
,{"stream_name":"stdout","time":4472.185719506,"data":"类型2 正确率：  60.00% -\u003e 1    0.00%, 2   59.72%, 3   40.28%\n"}
,{"stream_name":"stdout","time":4472.185722712,"data":"类型3 正确率：  50.00% -\u003e 1    0.00%, 2   50.10%, 3   49.90%\n"}
,{"stream_name":"stdout","time":4472.185740302,"data":"\n"}
,{"stream_name":"stdout","time":4472.185744459,"data":"被排除样本 正确率：42.86%\n"}
,{"stream_name":"stdout","time":4472.185766203,"data":"类型1 正确率：  43.00% -\u003e 1   42.86%, 2   57.14%\n"}
,{"stream_name":"stdout","time":4472.185773319,"data":"类型2 没有样本或未被分类。\n"}
,{"stream_name":"stdout","time":4472.185777711,"data":"\n"}
,{"stream_name":"stdout","time":4472.185781091,"data":"\n"}
,{"stream_name":"stdout","time":4484.919367717,"data":"轮次:·11/·20 || c_Loss:0.362 || e_Loss:-0.837 || Aad_Loss:-32.015 || 耗时：34.53s\n"}
,{"stream_name":"stdout","time":4497.742945232,"data":"轮次:·12/·20 || c_Loss:0.360 || e_Loss:-1.784 || Aad_Loss:-33.481 || 耗时：12.82s\n"}
,{"stream_name":"stdout","time":4510.578955933,"data":"轮次:·13/·20 || c_Loss:0.376 || e_Loss:-0.827 || Aad_Loss:-33.710 || 耗时：12.84s\n"}
,{"stream_name":"stdout","time":4523.41560257,"data":"轮次:·14/·20 || c_Loss:0.411 || e_Loss:-0.702 || Aad_Loss:-35.738 || 耗时：12.84s\n"}
,{"stream_name":"stdout","time":4536.239877093,"data":"轮次:·15/·20 || c_Loss:0.389 || e_Loss:-1.677 || Aad_Loss:-33.248 || 耗时：12.82s\n"}
,{"stream_name":"stdout","time":4542.210480788,"data":"任务: (B3)N15_M07_F04→(B2)N15_M07_F10; mix批次:····0; 批次:·1410/·1880;  总正确率: 47.03%\n"}
,{"stream_name":"stdout","time":4542.21051534,"data":"类型1 正确率：  33.00% -\u003e 1   33.00%, 2   67.00%, 3    0.00%\n"}
,{"stream_name":"stdout","time":4542.210522025,"data":"类型2 正确率：  58.00% -\u003e 1    0.00%, 2   58.20%, 3   41.80%\n"}
,{"stream_name":"stdout","time":4542.210527585,"data":"类型3 正确率：  50.00% -\u003e 1    0.00%, 2   50.10%, 3   49.90%\n"}
,{"stream_name":"stdout","time":4542.210533037,"data":"\n"}
,{"stream_name":"stdout","time":4542.210538352,"data":"\n"}
,{"stream_name":"stdout","time":4542.253390331,"data":"样本变换：reverse\n"}
,{"stream_name":"stdout","time":4545.526844345,"data":"样本变换：mask\n"}
,{"stream_name":"stdout","time":4548.826786774,"data":"样本变换：shift\n"}
,{"stream_name":"stdout","time":4552.103831418,"data":"样本变换：none\n"}
,{"stream_name":"stderr","time":4557.945830622,"data":"/kaggle/working/m2rep/reps1/sdalr_PU_final_checkpoint/tools.py:413: RuntimeWarning: invalid value encountered in divide\n"}
,{"stream_name":"stderr","time":4557.945872886,"data":"  per_class_acc = conf_matrix.diagonal() / conf_matrix.sum(axis=1) * 100\n"}
,{"stream_name":"stdout","time":4557.946021699,"data":"未过滤\t未用伪标签：47.03% -\u003e 使用伪标签：46.10%\n"}
,{"stream_name":"stdout","time":4557.946034517,"data":"已过滤\t未用伪标签：46.76% -\u003e 使用伪标签：46.51%\n"}
,{"stream_name":"stdout","time":4557.946040002,"data":"排除样本：53|6000\t剩余：660, 3450, 1837\n"}
,{"stream_name":"stdout","time":4557.946048199,"data":"增添样本：4405\t\t细则：2790, 0, 1615\t正确率估算：99.21%\n"}
,{"stream_name":"stdout","time":4557.946051958,"data":"类型1 正确率：  33.00% -\u003e 1   33.00%, 2   67.00%, 3    0.00%\n"}
,{"stream_name":"stdout","time":4557.946055436,"data":"类型2 正确率：  57.00% -\u003e 1    0.00%, 2   56.91%, 3   43.09%\n"}
,{"stream_name":"stdout","time":4557.946070033,"data":"类型3 正确率：  50.00% -\u003e 1    0.00%, 2   50.10%, 3   49.90%\n"}
,{"stream_name":"stdout","time":4557.946072984,"data":"\n"}
,{"stream_name":"stdout","time":4557.946075445,"data":"被排除样本 正确率：77.36%\n"}
,{"stream_name":"stdout","time":4557.946077975,"data":"类型1 正确率：  77.00% -\u003e 1   77.36%, 2   22.64%\n"}
,{"stream_name":"stdout","time":4557.94608149,"data":"类型2 没有样本或未被分类。\n"}
,{"stream_name":"stdout","time":4557.946096556,"data":"\n"}
,{"stream_name":"stdout","time":4557.946100501,"data":"\n"}
,{"stream_name":"stdout","time":4570.677730071,"data":"轮次:·16/·20 || c_Loss:0.388 || e_Loss:-0.859 || Aad_Loss:-31.188 || 耗时：34.44s\n"}
,{"stream_name":"stdout","time":4583.445506962,"data":"轮次:·17/·20 || c_Loss:0.397 || e_Loss:-0.767 || Aad_Loss:-34.833 || 耗时：12.77s\n"}
,{"stream_name":"stdout","time":4596.213849277,"data":"轮次:·18/·20 || c_Loss:0.380 || e_Loss:-0.855 || Aad_Loss:-34.492 || 耗时：12.77s\n"}
,{"stream_name":"stdout","time":4609.096388292,"data":"轮次:·19/·20 || c_Loss:0.466 || e_Loss:-0.789 || Aad_Loss:-29.993 || 耗时：12.88s\n"}
,{"stream_name":"stdout","time":4621.914201552,"data":"轮次:·20/·20 || c_Loss:0.392 || e_Loss:-1.846 || Aad_Loss:-34.480 || 耗时：12.82s\n"}
,{"stream_name":"stdout","time":4627.92266739,"data":"任务: (B3)N15_M07_F04→(B2)N15_M07_F10; mix批次:····0; 批次:·1880/·1880;  总正确率: 46.27%\n"}
,{"stream_name":"stdout","time":4627.922721604,"data":"类型1 正确率：  33.00% -\u003e 1   33.00%, 2   67.00%, 3    0.00%\n"}
,{"stream_name":"stdout","time":4627.922727523,"data":"类型2 正确率：  56.00% -\u003e 1    0.00%, 2   55.90%, 3   44.10%\n"}
,{"stream_name":"stdout","time":4627.922731196,"data":"类型3 正确率：  50.00% -\u003e 1    0.00%, 2   50.10%, 3   49.90%\n"}
,{"stream_name":"stdout","time":4627.922783331,"data":"\n"}
,{"stream_name":"stdout","time":4627.922792498,"data":"\n"}
,{"stream_name":"stdout","time":4633.913392083,"data":"测试集任务: (B3)N15_M07_F04→(B2)N15_M07_F10; 总正确率 = 46.27%\n"}
,{"stream_name":"stdout","time":4633.913444461,"data":"类型1 正确率：  33.00% -\u003e 1   33.00%, 2   67.00%, 3    0.00%\n"}
,{"stream_name":"stdout","time":4633.91345111,"data":"类型2 正确率：  56.00% -\u003e 1    0.00%, 2   55.90%, 3   44.10%\n"}
,{"stream_name":"stdout","time":4633.913454799,"data":"类型3 正确率：  50.00% -\u003e 1    0.00%, 2   50.10%, 3   49.90%\n"}
,{"stream_name":"stdout","time":4633.913458271,"data":"\n"}
,{"stream_name":"stdout","time":4633.913461338,"data":"\n"}
,{"stream_name":"stdout","time":4633.945536031,"data":"[tar_adaptation_RES_PU.py --folder_root /kaggle/working/m2rep/reps1/sdalr_PU_final_checkpoint/DATA_foldB --seed 1 --class_num 3 --data_name PU_M1_L3 --output /kaggle/working/m2rep/reps1/weight_PU_M1_final_checkpoint_FAtoB_gatev2_s1 --s 2 --t 1 --lr 0.0005 --threshold 0.4 --K 0.6] 361s\n"}
,{"stream_name":"stdout","time":4633.979700819,"data":"{\n"}
,{"stream_name":"stdout","time":4633.97971885,"data":"  \"dataset\": \"PU_M1\",\n"}
,{"stream_name":"stdout","time":4633.979725103,"data":"  \"variant\": \"final_checkpoint\",\n"}
,{"stream_name":"stdout","time":4633.979730196,"data":"  \"seed\": 1,\n"}
,{"stream_name":"stdout","time":4633.979740169,"data":"  \"smoke\": false,\n"}
,{"stream_name":"stdout","time":4633.979743679,"data":"  \"src_fold\": \"A\",\n"}
,{"stream_name":"stdout","time":4633.979780634,"data":"  \"tgt_fold\": \"B\",\n"}
,{"stream_name":"stdout","time":4633.979789942,"data":"  \"leaky\": false,\n"}
,{"stream_name":"stdout","time":4633.97980373,"data":"  \"hyperparameters\": {\n"}
,{"stream_name":"stdout","time":4633.979807652,"data":"    \"lr\": \"0.0005\",\n"}
,{"stream_name":"stdout","time":4633.979811192,"data":"    \"threshold\": \"0.4\",\n"}
,{"stream_name":"stdout","time":4633.979814912,"data":"    \"K\": \"0.6\"\n"}
,{"stream_name":"stdout","time":4633.979818604,"data":"  },\n"}
,{"stream_name":"stdout","time":4633.97982689,"data":"  \"adapters\": [\n"}
,{"stream_name":"stdout","time":4633.979829996,"data":"    \"npz_io\",\n"}
,{"stream_name":"stdout","time":4633.979832453,"data":"    \"tsne_stub\",\n"}
,{"stream_name":"stdout","time":4633.97983486,"data":"    \"final_checkpoint_patch\"\n"}
,{"stream_name":"stdout","time":4633.97983732,"data":"  ],\n"}
,{"stream_name":"stdout","time":4633.979839596,"data":"  \"source_only\": {},\n"}
,{"stream_name":"stdout","time":4633.979842015,"data":"  \"adapted\": {\n"}
,{"stream_name":"stdout","time":4633.979844459,"data":"    \"A1-\u003eA3\": 83.33,\n"}
,{"stream_name":"stdout","time":4633.979847251,"data":"    \"A1-\u003eA2\": 80.72,\n"}
,{"stream_name":"stdout","time":4633.97984962,"data":"    \"A3-\u003eA1\": 60.98,\n"}
,{"stream_name":"stdout","time":4633.979852003,"data":"    \"A3-\u003eA2\": 64.03,\n"}
,{"stream_name":"stdout","time":4633.979854367,"data":"    \"A2-\u003eA1\": 38.67,\n"}
,{"stream_name":"stdout","time":4633.979856797,"data":"    \"A2-\u003eA3\": 46.27\n"}
,{"stream_name":"stdout","time":4633.97985919,"data":"  },\n"}
,{"stream_name":"stdout","time":4633.979861488,"data":"  \"seconds\": {\n"}
,{"stream_name":"stdout","time":4633.97986425,"data":"    \"A1-\u003eA3\": 361,\n"}
,{"stream_name":"stdout","time":4633.979866697,"data":"    \"A1-\u003eA2\": 359,\n"}
,{"stream_name":"stdout","time":4633.979869062,"data":"    \"A3-\u003eA1\": 358,\n"}
,{"stream_name":"stdout","time":4633.979871428,"data":"    \"A3-\u003eA2\": 358,\n"}
,{"stream_name":"stdout","time":4633.979873784,"data":"    \"A2-\u003eA1\": 360,\n"}
,{"stream_name":"stdout","time":4633.9798762,"data":"    \"A2-\u003eA3\": 361\n"}
,{"stream_name":"stdout","time":4633.979878568,"data":"  },\n"}
,{"stream_name":"stdout","time":4633.97988085,"data":"  \"gate_log\": {\n"}
,{"stream_name":"stdout","time":4633.979883232,"data":"    \"A1-\u003eA3\": [\n"}
,{"stream_name":"stdout","time":4633.979885737,"data":"      {\n"}
,{"stream_name":"stdout","time":4633.979888048,"data":"        \"sdalr_rejected\": 106,\n"}
,{"stream_name":"stdout","time":4633.979890576,"data":"        \"hook_rejected\": 240,\n"}
,{"stream_name":"stdout","time":4633.97989296,"data":"        \"precision_before\": 0.7594163556158806,\n"}
,{"stream_name":"stdout","time":4633.979895433,"data":"        \"precision_after\": 0.7916519278386983,\n"}
,{"stream_name":"stdout","time":4633.979897835,"data":"        \"n\": 6000\n"}
,{"stream_name":"stdout","time":4633.979900199,"data":"      },\n"}
,{"stream_name":"stdout","time":4633.979902501,"data":"      {\n"}
,{"stream_name":"stdout","time":4633.979904786,"data":"        \"sdalr_rejected\": 0,\n"}
,{"stream_name":"stdout","time":4633.979907202,"data":"        \"hook_rejected\": 0,\n"}
,{"stream_name":"stdout","time":4633.979909601,"data":"        \"precision_before\": 0.8328333333333333,\n"}
,{"stream_name":"stdout","time":4633.979912023,"data":"        \"precision_after\": 0.8328333333333333,\n"}
,{"stream_name":"stdout","time":4633.979914383,"data":"        \"n\": 6000\n"}
,{"stream_name":"stdout","time":4633.97991672,"data":"      },\n"}
,{"stream_name":"stdout","time":4633.97991901,"data":"      {\n"}
,{"stream_name":"stdout","time":4633.979924364,"data":"        \"sdalr_rejected\": 0,\n"}
,{"stream_name":"stdout","time":4633.979926887,"data":"        \"hook_rejected\": 0,\n"}
,{"stream_name":"stdout","time":4633.979929312,"data":"        \"precision_before\": 0.8333333333333334,\n"}
,{"stream_name":"stdout","time":4633.979931728,"data":"        \"precision_after\": 0.8333333333333334,\n"}
,{"stream_name":"stdout","time":4633.979934128,"data":"        \"n\": 6000\n"}
,{"stream_name":"stdout","time":4633.979936471,"data":"      },\n"}
,{"stream_name":"stdout","time":4633.979938753,"data":"      {\n"}
,{"stream_name":"stdout","time":4633.979941026,"data":"        \"sdalr_rejected\": 0,\n"}
,{"stream_name":"stdout","time":4633.979943384,"data":"        \"hook_rejected\": 0,\n"}
,{"stream_name":"stdout","time":4633.979945776,"data":"        \"precision_before\": 0.8333333333333334,\n"}
,{"stream_name":"stdout","time":4633.979948196,"data":"        \"precision_after\": 0.8333333333333334,\n"}
,{"stream_name":"stdout","time":4633.979950628,"data":"        \"n\": 6000\n"}
,{"stream_name":"stdout","time":4633.979952984,"data":"      }\n"}
,{"stream_name":"stdout","time":4633.979955266,"data":"    ],\n"}
,{"stream_name":"stdout","time":4633.979957554,"data":"    \"A1-\u003eA2\": [\n"}
,{"stream_name":"stdout","time":4633.979959916,"data":"      {\n"}
,{"stream_name":"stdout","time":4633.979962206,"data":"        \"sdalr_rejected\": 148,\n"}
,{"stream_name":"stdout","time":4633.979964586,"data":"        \"hook_rejected\": 0,\n"}
,{"stream_name":"stdout","time":4633.979966966,"data":"        \"precision_before\": 0.7956254272043746,\n"}
,{"stream_name":"stdout","time":4633.9799694,"data":"        \"precision_after\": 0.7956254272043746,\n"}
,{"stream_name":"stdout","time":4633.97997179,"data":"        \"n\": 6000\n"}
,{"stream_name":"stdout","time":4633.97997415,"data":"      },\n"}
,{"stream_name":"stdout","time":4633.979976424,"data":"      {\n"}
,{"stream_name":"stdout","time":4633.979978694,"data":"        \"sdalr_rejected\": 35,\n"}
,{"stream_name":"stdout","time":4633.97998107,"data":"        \"hook_rejected\": 0,\n"}
,{"stream_name":"stdout","time":4633.979983532,"data":"        \"precision_before\": 0.803520536462699,\n"}
,{"stream_name":"stdout","time":4633.979985961,"data":"        \"precision_after\": 0.803520536462699,\n"}
,{"stream_name":"stdout","time":4633.979988461,"data":"        \"n\": 6000\n"}
,{"stream_name":"stdout","time":4633.979990866,"data":"      },\n"}
,{"stream_name":"stdout","time":4633.979993494,"data":"      {\n"}
,{"stream_name":"stdout","time":4633.979995774,"data":"        \"sdalr_rejected\": 26,\n"}
,{"stream_name":"stdout","time":4633.979998156,"data":"        \"hook_rejected\": 0,\n"}
,{"stream_name":"stdout","time":4633.98000055,"data":"        \"precision_before\": 0.8039839303649147,\n"}
,{"stream_name":"stdout","time":4633.980003035,"data":"        \"precision_after\": 0.8039839303649147,\n"}
,{"stream_name":"stdout","time":4633.980005436,"data":"        \"n\": 6000\n"}
,{"stream_name":"stdout","time":4633.980007819,"data":"      },\n"}
,{"stream_name":"stdout","time":4633.980010102,"data":"      {\n"}
,{"stream_name":"stdout","time":4633.980012448,"data":"        \"sdalr_rejected\": 23,\n"}
,{"stream_name":"stdout","time":4633.980014867,"data":"        \"hook_rejected\": 0,\n"}
,{"stream_name":"stdout","time":4633.98001829,"data":"        \"precision_before\": 0.807428475823992,\n"}
,{"stream_name":"stdout","time":4633.98002081,"data":"        \"precision_after\": 0.807428475823992,\n"}
,{"stream_name":"stdout","time":4633.980025353,"data":"        \"n\": 6000\n"}
,{"stream_name":"stdout","time":4633.980027799,"data":"      }\n"}
,{"stream_name":"stdout","time":4633.980030109,"data":"    ],\n"}
,{"stream_name":"stdout","time":4633.980032394,"data":"    \"A3-\u003eA1\": [\n"}
,{"stream_name":"stdout","time":4633.980034827,"data":"      {\n"}
,{"stream_name":"stdout","time":4633.980037097,"data":"        \"sdalr_rejected\": 157,\n"}
,{"stream_name":"stdout","time":4633.98003948,"data":"        \"hook_rejected\": 485,\n"}
,{"stream_name":"stdout","time":4633.980041886,"data":"        \"precision_before\": 0.5726510354270067,\n"}
,{"stream_name":"stdout","time":4633.980044285,"data":"        \"precision_after\": 0.6244867487868607,\n"}
,{"stream_name":"stdout","time":4633.980046714,"data":"        \"n\": 6000\n"}
,{"stream_name":"stdout","time":4633.980049097,"data":"      },\n"}
,{"stream_name":"stdout","time":4633.980051367,"data":"      {\n"}
,{"stream_name":"stdout","time":4633.980053632,"data":"        \"sdalr_rejected\": 77,\n"}
,{"stream_name":"stdout","time":4633.980056008,"data":"        \"hook_rejected\": 139,\n"}
,{"stream_name":"stdout","time":4633.980058412,"data":"        \"precision_before\": 0.6226574371095729,\n"}
,{"stream_name":"stdout","time":4633.980060834,"data":"        \"precision_after\": 0.6376210235131397,\n"}
,{"stream_name":"stdout","time":4633.980063234,"data":"        \"n\": 6000\n"}
,{"stream_name":"stdout","time":4633.980065583,"data":"      },\n"}
,{"stream_name":"stdout","time":4633.980067881,"data":"      {\n"}
,{"stream_name":"stdout","time":4633.980070138,"data":"        \"sdalr_rejected\": 19,\n"}
,{"stream_name":"stdout","time":4633.980072505,"data":"        \"hook_rejected\": 16,\n"}
,{"stream_name":"stdout","time":4633.980074926,"data":"        \"precision_before\": 0.6166192944323692,\n"}
,{"stream_name":"stdout","time":4633.98007733,"data":"        \"precision_after\": 0.6182732606873428,\n"}
,{"stream_name":"stdout","time":4633.980079823,"data":"        \"n\": 6000\n"}
,{"stream_name":"stdout","time":4633.98008218,"data":"      },\n"}
,{"stream_name":"stdout","time":4633.980084465,"data":"      {\n"}
,{"stream_name":"stdout","time":4633.980086863,"data":"        \"sdalr_rejected\": 1,\n"}
,{"stream_name":"stdout","time":4633.98008925,"data":"        \"hook_rejected\": 0,\n"}
,{"stream_name":"stdout","time":4633.980091636,"data":"        \"precision_before\": 0.6101016836139357,\n"}
,{"stream_name":"stdout","time":4633.980094061,"data":"        \"precision_after\": 0.6101016836139357,\n"}
,{"stream_name":"stdout","time":4633.980096438,"data":"        \"n\": 6000\n"}
,{"stream_name":"stdout","time":4633.980098785,"data":"      }\n"}
,{"stream_name":"stdout","time":4633.980101082,"data":"    ],\n"}
,{"stream_name":"stdout","time":4633.98010337,"data":"    \"A3-\u003eA2\": [\n"}
,{"stream_name":"stdout","time":4633.98010575,"data":"      {\n"}
,{"stream_name":"stdout","time":4633.980108029,"data":"        \"sdalr_rejected\": 154,\n"}
,{"stream_name":"stdout","time":4633.980110422,"data":"        \"hook_rejected\": 0,\n"}
,{"stream_name":"stdout","time":4633.980112813,"data":"        \"precision_before\": 0.61871365035922,\n"}
,{"stream_name":"stdout","time":4633.98011525,"data":"        \"precision_after\": 0.61871365035922,\n"}
,{"stream_name":"stdout","time":4633.980117666,"data":"        \"n\": 6000\n"}
,{"stream_name":"stdout","time":4633.980120022,"data":"      },\n"}
,{"stream_name":"stdout","time":4633.980122295,"data":"      {\n"}
,{"stream_name":"stdout","time":4633.980124602,"data":"        \"sdalr_rejected\": 71,\n"}
,{"stream_name":"stdout","time":4633.98013034,"data":"        \"hook_rejected\": 0,\n"}
,{"stream_name":"stdout","time":4633.980132924,"data":"        \"precision_before\": 0.5990892224658458,\n"}
,{"stream_name":"stdout","time":4633.980135357,"data":"        \"precision_after\": 0.5990892224658458,\n"}
,{"stream_name":"stdout","time":4633.980137774,"data":"        \"n\": 6000\n"}
,{"stream_name":"stdout","time":4633.980140128,"data":"      },\n"}
,{"stream_name":"stdout","time":4633.98014241,"data":"      {\n"}
,{"stream_name":"stdout","time":4633.980144697,"data":"        \"sdalr_rejected\": 50,\n"}
,{"stream_name":"stdout","time":4633.980147106,"data":"        \"hook_rejected\": 0,\n"}
,{"stream_name":"stdout","time":4633.980149548,"data":"        \"precision_before\": 0.6141176470588235,\n"}
,{"stream_name":"stdout","time":4633.980151945,"data":"        \"precision_after\": 0.6141176470588235,\n"}
,{"stream_name":"stdout","time":4633.980154351,"data":"        \"n\": 6000\n"}
,{"stream_name":"stdout","time":4633.980156732,"data":"      },\n"}
,{"stream_name":"stdout","time":4633.980159016,"data":"      {\n"}
,{"stream_name":"stdout","time":4633.980161298,"data":"        \"sdalr_rejected\": 49,\n"}
,{"stream_name":"stdout","time":4633.98016368,"data":"        \"hook_rejected\": 0,\n"}
,{"stream_name":"stdout","time":4633.980166108,"data":"        \"precision_before\": 0.62611325827592,\n"}
,{"stream_name":"stdout","time":4633.980168555,"data":"        \"precision_after\": 0.62611325827592,\n"}
,{"stream_name":"stdout","time":4633.980170994,"data":"        \"n\": 6000\n"}
,{"stream_name":"stdout","time":4633.980173355,"data":"      }\n"}
,{"stream_name":"stdout","time":4633.980175662,"data":"    ],\n"}
,{"stream_name":"stdout","time":4633.980177954,"data":"    \"A2-\u003eA1\": [\n"}
,{"stream_name":"stdout","time":4633.980180347,"data":"      {\n"}
,{"stream_name":"stdout","time":4633.980182643,"data":"        \"sdalr_rejected\": 195,\n"}
,{"stream_name":"stdout","time":4633.980185155,"data":"        \"hook_rejected\": 474,\n"}
,{"stream_name":"stdout","time":4633.980187592,"data":"        \"precision_before\": 0.4373815676141258,\n"}
,{"stream_name":"stdout","time":4633.980190024,"data":"        \"precision_after\": 0.4762708685049709,\n"}
,{"stream_name":"stdout","time":4633.980192442,"data":"        \"n\": 6000\n"}
,{"stream_name":"stdout","time":4633.980194815,"data":"      },\n"}
,{"stream_name":"stdout","time":4633.980197124,"data":"      {\n"}
,{"stream_name":"stdout","time":4633.980199389,"data":"        \"sdalr_rejected\": 120,\n"}
,{"stream_name":"stdout","time":4633.980219282,"data":"        \"hook_rejected\": 112,\n"}
,{"stream_name":"stdout","time":4633.98022201,"data":"        \"precision_before\": 0.4222789115646258,\n"}
,{"stream_name":"stdout","time":4633.980224664,"data":"        \"precision_after\": 0.4304785020804438,\n"}
,{"stream_name":"stdout","time":4633.980227603,"data":"        \"n\": 6000\n"}
,{"stream_name":"stdout","time":4633.980230135,"data":"      },\n"}
,{"stream_name":"stdout","time":4633.980232601,"data":"      {\n"}
,{"stream_name":"stdout","time":4633.980235053,"data":"        \"sdalr_rejected\": 41,\n"}
,{"stream_name":"stdout","time":4633.980237602,"data":"        \"hook_rejected\": 2,\n"}
,{"stream_name":"stdout","time":4633.980240176,"data":"        \"precision_before\": 0.4045980869273368,\n"}
,{"stream_name":"stdout","time":4633.980242801,"data":"        \"precision_after\": 0.4047339264730569,\n"}
,{"stream_name":"stdout","time":4633.980245367,"data":"        \"n\": 6000\n"}
,{"stream_name":"stdout","time":4633.980247883,"data":"      },\n"}
,{"stream_name":"stdout","time":4633.980252818,"data":"      {\n"}
,{"stream_name":"stdout","time":4633.98025541,"data":"        \"sdalr_rejected\": 4,\n"}
,{"stream_name":"stdout","time":4633.980257997,"data":"        \"hook_rejected\": 0,\n"}
,{"stream_name":"stdout","time":4633.980260605,"data":"        \"precision_before\": 0.38742494996664445,\n"}
,{"stream_name":"stdout","time":4633.980263282,"data":"        \"precision_after\": 0.38742494996664445,\n"}
,{"stream_name":"stdout","time":4633.980265926,"data":"        \"n\": 6000\n"}
,{"stream_name":"stdout","time":4633.980268474,"data":"      }\n"}
,{"stream_name":"stdout","time":4633.98027092,"data":"    ],\n"}
,{"stream_name":"stdout","time":4633.980273377,"data":"    \"A2-\u003eA3\": [\n"}
,{"stream_name":"stdout","time":4633.980275912,"data":"      {\n"}
,{"stream_name":"stdout","time":4633.980278348,"data":"        \"sdalr_rejected\": 131,\n"}
,{"stream_name":"stdout","time":4633.980280894,"data":"        \"hook_rejected\": 445,\n"}
,{"stream_name":"stdout","time":4633.980283451,"data":"        \"precision_before\": 0.4114840688362583,\n"}
,{"stream_name":"stdout","time":4633.98028616,"data":"        \"precision_after\": 0.4452433628318584,\n"}
,{"stream_name":"stdout","time":4633.980288759,"data":"        \"n\": 6000\n"}
,{"stream_name":"stdout","time":4633.980291333,"data":"      },\n"}
,{"stream_name":"stdout","time":4633.980293773,"data":"      {\n"}
,{"stream_name":"stdout","time":4633.980296202,"data":"        \"sdalr_rejected\": 100,\n"}
,{"stream_name":"stdout","time":4633.980298745,"data":"        \"hook_rejected\": 155,\n"}
,{"stream_name":"stdout","time":4633.980301307,"data":"        \"precision_before\": 0.42322033898305084,\n"}
,{"stream_name":"stdout","time":4633.980303901,"data":"        \"precision_after\": 0.434638816362054,\n"}
,{"stream_name":"stdout","time":4633.980306571,"data":"        \"n\": 6000\n"}
,{"stream_name":"stdout","time":4633.980309078,"data":"      },\n"}
,{"stream_name":"stdout","time":4633.980311514,"data":"      {\n"}
,{"stream_name":"stdout","time":4633.980313954,"data":"        \"sdalr_rejected\": 56,\n"}
,{"stream_name":"stdout","time":4633.980316497,"data":"        \"hook_rejected\": 3,\n"}
,{"stream_name":"stdout","time":4633.980319041,"data":"        \"precision_before\": 0.4742597577388964,\n"}
,{"stream_name":"stdout","time":4633.980321629,"data":"        \"precision_after\": 0.47449924255175896,\n"}
,{"stream_name":"stdout","time":4633.980324206,"data":"        \"n\": 6000\n"}
,{"stream_name":"stdout","time":4633.980326744,"data":"      },\n"}
,{"stream_name":"stdout","time":4633.980329225,"data":"      {\n"}
,{"stream_name":"stdout","time":4633.980333759,"data":"        \"sdalr_rejected\": 53,\n"}
,{"stream_name":"stdout","time":4633.980336399,"data":"        \"hook_rejected\": 2,\n"}
,{"stream_name":"stdout","time":4633.980339033,"data":"        \"precision_before\": 0.46510845804607365,\n"}
,{"stream_name":"stdout","time":4633.980341634,"data":"        \"precision_after\": 0.4652649285113541,\n"}
,{"stream_name":"stdout","time":4633.980344293,"data":"        \"n\": 6000\n"}
,{"stream_name":"stdout","time":4633.980346822,"data":"      }\n"}
,{"stream_name":"stdout","time":4633.980349383,"data":"    ]\n"}
,{"stream_name":"stdout","time":4633.980351937,"data":"  },\n"}
,{"stream_name":"stdout","time":4633.980354419,"data":"  \"gate\": \"v2\"\n"}
,{"stream_name":"stdout","time":4633.98035703,"data":"}\n"}
,{"stream_name":"stdout","time":4635.246249076,"data":"{'gate': 'v2', 'rc': 0, 'seconds': 2164}\n"}
,{"stream_name":"stdout","time":4641.0794887,"data":"读取源域路径：/kaggle/working/m2rep/reps1/weight_PU_M1_final_checkpoint_FAtoB_gatepcv_s1/NEW_PU/Source-源域/log\u0026pt/(B1)N15_M01_F10\n"}
,{"stream_name":"stdout","time":4641.07951785,"data":"excel输出位置：/kaggle/working/m2rep/reps1/weight_PU_M1_final_checkpoint_FAtoB_gatepcv_s1/NEW_PU/Target-目标域\n"}
,{"stream_name":"stdout","time":4641.080061352,"data":"特征图片输出位置：/kaggle/working/m2rep/reps1/weight_PU_M1_final_checkpoint_FAtoB_gatepcv_s1/NEW_PU/Picture-特征图/2026年09月15日16时33分/(B1)N15_M01_F10\n"}
,{"stream_name":"stderr","time":4641.452461615,"data":"/usr/local/lib/python3.12/dist-packages/torch/nn/utils/weight_norm.py:144: FutureWarning: `torch.nn.utils.weight_norm` is deprecated in favor of `torch.nn.utils.parametrizations.weight_norm`.\n"}
,{"stream_name":"stderr","time":4641.452500589,"data":"  WeightNorm.apply(module, name, dim)\n"}
,{"stream_name":"stdout","time":4641.500500031,"data":"现在选取:(B1)N15_M01_F10 进行训练的源模型\n"}
,{"stream_name":"stdout","time":4641.500529548,"data":"现在进行：(B1)N15_M01_F10→(B2)N15_M07_F10 的迁移任务\n"}
,{"stream_name":"stdout","time":4641.50053722,"data":"log\u0026pt输出位置：/kaggle/working/m2rep/reps1/weight_PU_M1_final_checkpoint_FAtoB_gatepcv_s1/NEW_PU/Target-目标域/log\u0026pt/(B1)N15_M01_F10→(B2)N15_M07_F10\n"}
,{"stream_name":"stderr","time":4641.501886016,"data":"sh: 1: Syntax error: word unexpected (expecting \")\")\n"}
,{"stream_name":"stdout","time":4653.186998353,"data":"任务: (B1)N15_M01_F10→(B2)N15_M07_F10; 批次:····0/·1880;  总正确率: 62.93%\n"}
,{"stream_name":"stdout","time":4653.187038846,"data":"类型1 正确率：  55.00% -\u003e 1   54.95%, 2   41.15%, 3    3.90%\n"}
,{"stream_name":"stdout","time":4653.187048005,"data":"类型2 正确率：  84.00% -\u003e 1    0.00%, 2   84.05%, 3   15.95%\n"}
,{"stream_name":"stdout","time":4653.187056661,"data":"类型3 正确率：  50.00% -\u003e 1    0.00%, 2   50.20%, 3   49.80%\n"}
,{"stream_name":"stdout","time":4653.187060836,"data":"\n"}
,{"stream_name":"stdout","time":4653.187064132,"data":"\n"}
,{"stream_name":"stdout","time":4653.187701012,"data":"样本变换：reverse\n"}
,{"stream_name":"stdout","time":4656.494794249,"data":"样本变换：mask\n"}
,{"stream_name":"stdout","time":4659.784823836,"data":"样本变换：shift\n"}
,{"stream_name":"stdout","time":4663.093870274,"data":"样本变换：none\n"}
,{"stream_name":"stderr","time":4668.89979089,"data":"/kaggle/working/m2rep/reps1/sdalr_PU_final_checkpoint/tools.py:413: RuntimeWarning: invalid value encountered in divide\n"}
,{"stream_name":"stderr","time":4668.899836105,"data":"  per_class_acc = conf_matrix.diagonal() / conf_matrix.sum(axis=1) * 100\n"}
,{"stream_name":"stdout","time":4668.899947116,"data":"未过滤\t未用伪标签：62.93% -\u003e 使用伪标签：74.60%\n"}
,{"stream_name":"stdout","time":4668.899961258,"data":"已过滤\t未用伪标签：63.71% -\u003e 使用伪标签：75.94%\n"}
,{"stream_name":"stdout","time":4668.899967444,"data":"排除样本：106|6000\t剩余：1793, 2836, 1265\n"}
,{"stream_name":"stdout","time":4668.899973583,"data":"增添样本：2854\t\t细则：1043, 0, 1811\t正确率估算：79.79%\n"}
,{"stream_name":"stdout","time":4668.8999795,"data":"类型1 正确率：  92.00% -\u003e 1   92.14%, 2    7.86%, 3    0.00%\n"}
,{"stream_name":"stdout","time":4668.899985237,"data":"类型2 正确率：  86.00% -\u003e 1    0.00%, 2   86.40%, 3   13.60%\n"}
,{"stream_name":"stdout","time":4668.899990188,"data":"类型3 正确率：  50.00% -\u003e 1    0.00%, 2   50.00%, 3   50.00%\n"}
,{"stream_name":"stdout","time":4668.899995128,"data":"\n"}
,{"stream_name":"stdout","time":4668.90001772,"data":"被排除样本 正确率：19.81%\n"}
,{"stream_name":"stdout","time":4668.900020794,"data":"类型1 正确率：   0.00% -\u003e 1    0.00%, 2  100.00%, 3    0.00%\n"}
,{"stream_name":"stdout","time":4668.900023306,"data":"类型2 正确率：  40.00% -\u003e 1    0.00%, 2   40.38%, 3   59.62%\n"}
,{"stream_name":"stdout","time":4668.900025798,"data":"类型3 没有样本或未被分类。\n"}
,{"stream_name":"stdout","time":4668.90002829,"data":"\n"}
,{"stream_name":"stdout","time":4668.900030638,"data":"\n"}
,{"stream_name":"stdout","time":4682.403834098,"data":"轮次:··1/·20 || c_Loss:0.583 || e_Loss:-1.449 || Aad_Loss:-24.829 || 耗时：35.35s\n"}
,{"stream_name":"stdout","time":4695.667078195,"data":"轮次:··2/·20 || c_Loss:0.375 || e_Loss:-1.814 || Aad_Loss:-26.987 || 耗时：13.26s\n"}
,{"stream_name":"stdout","time":4708.511342912,"data":"轮次:··3/·20 || c_Loss:0.405 || e_Loss:-1.611 || Aad_Loss:-31.698 || 耗时：12.84s\n"}
,{"stream_name":"stdout","time":4721.270537851,"data":"轮次:··4/·20 || c_Loss:0.408 || e_Loss:-1.724 || Aad_Loss:-26.994 || 耗时：12.76s\n"}
,{"stream_name":"stdout","time":4733.854283895,"data":"轮次:··5/·20 || c_Loss:0.357 || e_Loss:-1.734 || Aad_Loss:-30.300 || 耗时：12.58s\n"}
,{"stream_name":"stdout","time":4739.750501443,"data":"任务: (B1)N15_M01_F10→(B2)N15_M07_F10; mix批次:····0; 批次:··470/·1880;  总正确率: 81.15%\n"}
,{"stream_name":"stdout","time":4739.750539485,"data":"类型1 正确率：  98.00% -\u003e 1   98.40%, 2    1.60%, 3    0.00%\n"}
,{"stream_name":"stdout","time":4739.750546583,"data":"类型2 正确率：  95.00% -\u003e 1    0.30%, 2   95.05%, 3    4.65%\n"}
,{"stream_name":"stdout","time":4739.750552227,"data":"类型3 正确率：  50.00% -\u003e 1    0.00%, 2   50.00%, 3   50.00%\n"}
,{"stream_name":"stdout","time":4739.75055774,"data":"\n"}
,{"stream_name":"stdout","time":4739.75056274,"data":"\n"}
,{"stream_name":"stdout","time":4739.785768537,"data":"样本变换：reverse\n"}
,{"stream_name":"stdout","time":4743.041836721,"data":"样本变换：mask\n"}
,{"stream_name":"stdout","time":4746.325884274,"data":"样本变换：shift\n"}
,{"stream_name":"stdout","time":4749.609851829,"data":"样本变换：none\n"}
,{"stream_name":"stderr","time":4755.316418682,"data":"/usr/local/lib/python3.12/dist-packages/numpy/_core/fromnumeric.py:3596: RuntimeWarning: Mean of empty slice.\n"}
,{"stream_name":"stderr","time":4755.316475497,"data":"  return _methods._mean(a, axis=axis, dtype=dtype,\n"}
,{"stream_name":"stderr","time":4755.316603582,"data":"/usr/local/lib/python3.12/dist-packages/numpy/_core/_methods.py:138: RuntimeWarning: invalid value encountered in scalar divide\n"}
,{"stream_name":"stderr","time":4755.316613531,"data":"  ret = ret.dtype.type(ret / rcount)\n"}
,{"stream_name":"stderr","time":4755.317545672,"data":"/kaggle/working/m2rep/reps1/sdalr_PU_final_checkpoint/tools.py:414: RuntimeWarning: Mean of empty slice.\n"}
,{"stream_name":"stderr","time":4755.317556688,"data":"  overall_acc = round(per_class_acc.mean(), 2)\n"}
,{"stream_name":"stderr","time":4755.317560287,"data":"/usr/local/lib/python3.12/dist-packages/numpy/_core/_methods.py:138: RuntimeWarning: invalid value encountered in scalar divide\n"}
,{"stream_name":"stderr","time":4755.317563802,"data":"  ret = ret.dtype.type(ret / rcount)\n"}
,{"stream_name":"stdout","time":4755.317802125,"data":"未过滤\t未用伪标签：81.15% -\u003e 使用伪标签：83.28%\n"}
,{"stream_name":"stdout","time":4755.317816054,"data":"已过滤\t未用伪标签：81.15% -\u003e 使用伪标签：83.28%\n"}
,{"stream_name":"stdout","time":4755.317821411,"data":"排除样本：1997|6000\t剩余：3003, 1000\n"}
,{"stream_name":"stdout","time":4755.317842821,"data":"增添样本：3009\t\t细则：1006, 0, 2003\t正确率估算：99.30%\n"}
,{"stream_name":"stdout","time":4755.317847168,"data":"类型1 正确率： 100.00% -\u003e 1   99.85%, 2    0.15%, 3    0.00%\n"}
,{"stream_name":"stdout","time":4755.317852857,"data":"类型2 正确率： 100.00% -\u003e 1    0.00%, 2  100.00%, 3    0.00%\n"}
,{"stream_name":"stdout","time":4755.317857401,"data":"类型3 正确率：  50.00% -\u003e 1    0.00%, 2   50.00%, 3   50.00%\n"}
,{"stream_name":"stdout","time":4755.317861732,"data":"\n"}
,{"stream_name":"stdout","time":4755.317866334,"data":"被排除样本 正确率：nan%\n"}
,{"stream_name":"stdout","time":4755.317870597,"data":"\n"}
,{"stream_name":"stdout","time":4755.317874644,"data":"\n"}
,{"stream_name":"stdout","time":4768.055312558,"data":"轮次:··6/·20 || c_Loss:0.374 || e_Loss:-0.998 || Aad_Loss:-30.444 || 耗时：34.20s\n"}
,{"stream_name":"stdout","time":4780.861673204,"data":"轮次:··7/·20 || c_Loss:0.385 || e_Loss:-0.982 || Aad_Loss:-30.779 || 耗时：12.81s\n"}
,{"stream_name":"stdout","time":4793.653564026,"data":"轮次:··8/·20 || c_Loss:0.377 || e_Loss:-1.008 || Aad_Loss:-31.020 || 耗时：12.79s\n"}
,{"stream_name":"stdout","time":4806.518929427,"data":"轮次:··9/·20 || c_Loss:0.384 || e_Loss:-0.988 || Aad_Loss:-32.206 || 耗时：12.87s\n"}
,{"stream_name":"stdout","time":4819.207828295,"data":"轮次:·10/·20 || c_Loss:0.384 || e_Loss:-0.984 || Aad_Loss:-31.572 || 耗时：12.69s\n"}
,{"stream_name":"stdout","time":4825.15163216,"data":"任务: (B1)N15_M01_F10→(B2)N15_M07_F10; mix批次:····0; 批次:··940/·1880;  总正确率: 83.33%\n"}
,{"stream_name":"stdout","time":4825.151668887,"data":"类型1 正确率： 100.00% -\u003e 1  100.00%, 2    0.00%, 3    0.00%\n"}
,{"stream_name":"stdout","time":4825.15167499,"data":"类型2 正确率： 100.00% -\u003e 1    0.00%, 2  100.00%, 3    0.00%\n"}
,{"stream_name":"stdout","time":4825.15167878,"data":"类型3 正确率：  50.00% -\u003e 1    0.00%, 2   50.00%, 3   50.00%\n"}
,{"stream_name":"stdout","time":4825.151682527,"data":"\n"}
,{"stream_name":"stdout","time":4825.151697804,"data":"\n"}
,{"stream_name":"stdout","time":4825.194418976,"data":"样本变换：reverse\n"}
,{"stream_name":"stdout","time":4828.410836222,"data":"样本变换：mask\n"}
,{"stream_name":"stdout","time":4831.680846982,"data":"样本变换：shift\n"}
,{"stream_name":"stdout","time":4834.928825501,"data":"样本变换：none\n"}
,{"stream_name":"stderr","time":4840.59008376,"data":"/usr/local/lib/python3.12/dist-packages/numpy/_core/fromnumeric.py:3596: RuntimeWarning: Mean of empty slice.\n"}
,{"stream_name":"stderr","time":4840.590135534,"data":"  return _methods._mean(a, axis=axis, dtype=dtype,\n"}
,{"stream_name":"stderr","time":4840.590141495,"data":"/usr/local/lib/python3.12/dist-packages/numpy/_core/_methods.py:138: RuntimeWarning: invalid value encountered in scalar divide\n"}
,{"stream_name":"stderr","time":4840.590145451,"data":"  ret = ret.dtype.type(ret / rcount)\n"}
,{"stream_name":"stderr","time":4840.591054994,"data":"/kaggle/working/m2rep/reps1/sdalr_PU_final_checkpoint/tools.py:414: RuntimeWarning: Mean of empty slice.\n"}
,{"stream_name":"stderr","time":4840.591084191,"data":"  overall_acc = round(per_class_acc.mean(), 2)\n"}
,{"stream_name":"stderr","time":4840.59109067,"data":"/usr/local/lib/python3.12/dist-packages/numpy/_core/_methods.py:138: RuntimeWarning: invalid value encountered in scalar divide\n"}
,{"stream_name":"stderr","time":4840.59109624,"data":"  ret = ret.dtype.type(ret / rcount)\n"}
,{"stream_name":"stdout","time":4840.591217076,"data":"未过滤\t未用伪标签：83.33% -\u003e 使用伪标签：83.33%\n"}
,{"stream_name":"stdout","time":4840.591226954,"data":"已过滤\t未用伪标签：83.33% -\u003e 使用伪标签：83.33%\n"}
,{"stream_name":"stdout","time":4840.591231544,"data":"排除样本：2000|6000\t剩余：3000, 1000\n"}
,{"stream_name":"stdout","time":4840.591235639,"data":"增添样本：3000\t\t细则：1000, 0, 2000\t正确率估算：100.00%\n"}
,{"stream_name":"stdout","time":4840.591239866,"data":"类型1 正确率： 100.00% -\u003e 1  100.00%, 2    0.00%, 3    0.00%\n"}
,{"stream_name":"stdout","time":4840.591244043,"data":"类型2 正确率： 100.00% -\u003e 1    0.00%, 2  100.00%, 3    0.00%\n"}
,{"stream_name":"stdout","time":4840.591248192,"data":"类型3 正确率：  50.00% -\u003e 1    0.00%, 2   50.00%, 3   50.00%\n"}
,{"stream_name":"stdout","time":4840.59125225,"data":"\n"}
,{"stream_name":"stdout","time":4840.591255849,"data":"被排除样本 正确率：nan%\n"}
,{"stream_name":"stdout","time":4840.591259627,"data":"\n"}
,{"stream_name":"stdout","time":4840.591263117,"data":"\n"}
,{"stream_name":"stdout","time":4853.27364781,"data":"轮次:·11/·20 || c_Loss:0.382 || e_Loss:-1.002 || Aad_Loss:-30.789 || 耗时：34.07s\n"}
,{"stream_name":"stdout","time":4866.131016847,"data":"轮次:·12/·20 || c_Loss:0.381 || e_Loss:-0.964 || Aad_Loss:-34.231 || 耗时：12.86s\n"}
,{"stream_name":"stdout","time":4879.015989401,"data":"轮次:·13/·20 || c_Loss:0.386 || e_Loss:-0.967 || Aad_Loss:-31.259 || 耗时：12.88s\n"}
,{"stream_name":"stdout","time":4891.898576654,"data":"轮次:·14/·20 || c_Loss:0.382 || e_Loss:-0.996 || Aad_Loss:-31.283 || 耗时：12.88s\n"}
,{"stream_name":"stdout","time":4904.726700644,"data":"轮次:·15/·20 || c_Loss:0.380 || e_Loss:-0.995 || Aad_Loss:-32.369 || 耗时：12.83s\n"}
,{"stream_name":"stdout","time":4910.684422192,"data":"任务: (B1)N15_M01_F10→(B2)N15_M07_F10; mix批次:····0; 批次:·1410/·1880;  总正确率: 83.33%\n"}
,{"stream_name":"stdout","time":4910.684479631,"data":"类型1 正确率： 100.00% -\u003e 1  100.00%, 2    0.00%, 3    0.00%\n"}
,{"stream_name":"stdout","time":4910.684485827,"data":"类型2 正确率： 100.00% -\u003e 1    0.00%, 2  100.00%, 3    0.00%\n"}
,{"stream_name":"stdout","time":4910.684509633,"data":"类型3 正确率：  50.00% -\u003e 1    0.00%, 2   50.00%, 3   50.00%\n"}
,{"stream_name":"stdout","time":4910.684540012,"data":"\n"}
,{"stream_name":"stdout","time":4910.684546214,"data":"\n"}
,{"stream_name":"stdout","time":4910.734669055,"data":"样本变换：reverse\n"}
,{"stream_name":"stdout","time":4913.982866567,"data":"样本变换：mask\n"}
,{"stream_name":"stdout","time":4917.236811994,"data":"样本变换：shift\n"}
,{"stream_name":"stdout","time":4920.493856307,"data":"样本变换：none\n"}
,{"stream_name":"stderr","time":4926.173238414,"data":"/usr/local/lib/python3.12/dist-packages/numpy/_core/fromnumeric.py:3596: RuntimeWarning: Mean of empty slice.\n"}
,{"stream_name":"stderr","time":4926.17331973,"data":"  return _methods._mean(a, axis=axis, dtype=dtype,\n"}
,{"stream_name":"stderr","time":4926.173328557,"data":"/usr/local/lib/python3.12/dist-packages/numpy/_core/_methods.py:138: RuntimeWarning: invalid value encountered in scalar divide\n"}
,{"stream_name":"stderr","time":4926.173335325,"data":"  ret = ret.dtype.type(ret / rcount)\n"}
,{"stream_name":"stderr","time":4926.174124518,"data":"/kaggle/working/m2rep/reps1/sdalr_PU_final_checkpoint/tools.py:414: RuntimeWarning: Mean of empty slice.\n"}
,{"stream_name":"stderr","time":4926.174138752,"data":"  overall_acc = round(per_class_acc.mean(), 2)\n"}
,{"stream_name":"stderr","time":4926.174168872,"data":"/usr/local/lib/python3.12/dist-packages/numpy/_core/_methods.py:138: RuntimeWarning: invalid value encountered in scalar divide\n"}
,{"stream_name":"stderr","time":4926.174172314,"data":"  ret = ret.dtype.type(ret / rcount)\n"}
,{"stream_name":"stdout","time":4926.174314849,"data":"未过滤\t未用伪标签：83.33% -\u003e 使用伪标签：83.33%\n"}
,{"stream_name":"stdout","time":4926.174325766,"data":"已过滤\t未用伪标签：83.33% -\u003e 使用伪标签：83.33%\n"}
,{"stream_name":"stdout","time":4926.174330418,"data":"排除样本：2000|6000\t剩余：3000, 1000\n"}
,{"stream_name":"stdout","time":4926.174334283,"data":"增添样本：3000\t\t细则：1000, 0, 2000\t正确率估算：100.00%\n"}
,{"stream_name":"stdout","time":4926.1743383,"data":"类型1 正确率： 100.00% -\u003e 1  100.00%, 2    0.00%, 3    0.00%\n"}
,{"stream_name":"stdout","time":4926.174342176,"data":"类型2 正确率： 100.00% -\u003e 1    0.00%, 2  100.00%, 3    0.00%\n"}
,{"stream_name":"stdout","time":4926.174345949,"data":"类型3 正确率：  50.00% -\u003e 1    0.00%, 2   50.00%, 3   50.00%\n"}
,{"stream_name":"stdout","time":4926.174349924,"data":"\n"}
,{"stream_name":"stdout","time":4926.174355216,"data":"被排除样本 正确率：nan%\n"}
,{"stream_name":"stdout","time":4926.174362304,"data":"\n"}
,{"stream_name":"stdout","time":4926.174364836,"data":"\n"}
,{"stream_name":"stdout","time":4938.828227857,"data":"轮次:·16/·20 || c_Loss:0.381 || e_Loss:-1.002 || Aad_Loss:-31.048 || 耗时：34.10s\n"}
,{"stream_name":"stdout","time":4951.658496068,"data":"轮次:·17/·20 || c_Loss:0.380 || e_Loss:-0.965 || Aad_Loss:-34.449 || 耗时：12.83s\n"}
,{"stream_name":"stdout","time":4964.521012333,"data":"轮次:·18/·20 || c_Loss:0.385 || e_Loss:-0.969 || Aad_Loss:-31.430 || 耗时：12.86s\n"}
,{"stream_name":"stdout","time":4977.412802784,"data":"轮次:·19/·20 || c_Loss:0.381 || e_Loss:-0.997 || Aad_Loss:-31.479 || 耗时：12.89s\n"}
,{"stream_name":"stdout","time":4990.272353688,"data":"轮次:·20/·20 || c_Loss:0.379 || e_Loss:-0.996 || Aad_Loss:-32.497 || 耗时：12.86s\n"}
,{"stream_name":"stdout","time":4996.2613822,"data":"任务: (B1)N15_M01_F10→(B2)N15_M07_F10; mix批次:····0; 批次:·1880/·1880;  总正确率: 83.33%\n"}
,{"stream_name":"stdout","time":4996.261427399,"data":"类型1 正确率： 100.00% -\u003e 1  100.00%, 2    0.00%, 3    0.00%\n"}
,{"stream_name":"stdout","time":4996.261432871,"data":"类型2 正确率： 100.00% -\u003e 1    0.00%, 2  100.00%, 3    0.00%\n"}
,{"stream_name":"stdout","time":4996.261436925,"data":"类型3 正确率：  50.00% -\u003e 1    0.00%, 2   50.00%, 3   50.00%\n"}
,{"stream_name":"stdout","time":4996.261448332,"data":"\n"}
,{"stream_name":"stdout","time":4996.261453143,"data":"\n"}
,{"stream_name":"stdout","time":5002.243158538,"data":"测试集任务: (B1)N15_M01_F10→(B2)N15_M07_F10; 总正确率 = 83.33%\n"}
,{"stream_name":"stdout","time":5002.24319755,"data":"类型1 正确率： 100.00% -\u003e 1  100.00%, 2    0.00%, 3    0.00%\n"}
,{"stream_name":"stdout","time":5002.243211798,"data":"类型2 正确率： 100.00% -\u003e 1    0.00%, 2  100.00%, 3    0.00%\n"}
,{"stream_name":"stdout","time":5002.243216207,"data":"类型3 正确率：  50.00% -\u003e 1    0.00%, 2   50.00%, 3   50.00%\n"}
,{"stream_name":"stdout","time":5002.243220611,"data":"\n"}
,{"stream_name":"stdout","time":5002.243224093,"data":"\n"}
,{"stream_name":"stdout","time":5002.276320419,"data":"[tar_adaptation_RES_PU.py --folder_root /kaggle/working/m2rep/reps1/sdalr_PU_final_checkpoint/DATA_foldB --seed 1 --class_num 3 --data_name PU_M1_L3 --output /kaggle/working/m2rep/reps1/weight_PU_M1_final_checkpoint_FAtoB_gatepcv_s1 --s 0 --t 1 --lr 0.0005 --threshold 0.4 --K 0.6] 361s\n"}
,{"stream_name":"stdout","time":5002.317554671,"data":"读取源域路径：/kaggle/working/m2rep/reps1/weight_PU_M1_final_checkpoint_FAtoB_gatepcv_s1/NEW_PU/Source-源域/log\u0026pt/(B1)N15_M01_F10\n"}
,{"stream_name":"stdout","time":5002.317581884,"data":"excel输出位置：/kaggle/working/m2rep/reps1/weight_PU_M1_final_checkpoint_FAtoB_gatepcv_s1/NEW_PU/Target-目标域\n"}
,{"stream_name":"stdout","time":5002.317682223,"data":"特征图片输出位置：/kaggle/working/m2rep/reps1/weight_PU_M1_final_checkpoint_FAtoB_gatepcv_s1/NEW_PU/Picture-特征图/2026年09月15日16时39分/(B1)N15_M01_F10\n"}
,{"stream_name":"stderr","time":5002.355842654,"data":"/usr/local/lib/python3.12/dist-packages/torch/nn/utils/weight_norm.py:144: FutureWarning: `torch.nn.utils.weight_norm` is deprecated in favor of `torch.nn.utils.parametrizations.weight_norm`.\n"}
,{"stream_name":"stderr","time":5002.355871166,"data":"  WeightNorm.apply(module, name, dim)\n"}
,{"stream_name":"stdout","time":5002.398148535,"data":"现在选取:(B1)N15_M01_F10 进行训练的源模型\n"}
,{"stream_name":"stdout","time":5002.398180039,"data":"现在进行：(B1)N15_M01_F10→(B3)N15_M07_F04 的迁移任务\n"}
,{"stream_name":"stdout","time":5002.398185918,"data":"log\u0026pt输出位置：/kaggle/working/m2rep/reps1/weight_PU_M1_final_checkpoint_FAtoB_gatepcv_s1/NEW_PU/Target-目标域/log\u0026pt/(B1)N15_M01_F10→(B3)N15_M07_F04\n"}
,{"stream_name":"stderr","time":5002.399714665,"data":"sh: 1: Syntax error: word unexpected (expecting \")\")\n"}
,{"stream_name":"stdout","time":5013.709603621,"data":"任务: (B1)N15_M01_F10→(B3)N15_M07_F04; 批次:····0/·1880;  总正确率: 67.95%\n"}
,{"stream_name":"stdout","time":5013.709647853,"data":"类型1 正确率：  65.00% -\u003e 1   64.75%, 2   29.90%, 3    5.35%\n"}
,{"stream_name":"stdout","time":5013.709667283,"data":"类型2 正确率：  80.00% -\u003e 1    0.00%, 2   79.90%, 3   20.10%\n"}
,{"stream_name":"stdout","time":5013.709671798,"data":"类型3 正确率：  59.00% -\u003e 1    0.30%, 2   40.50%, 3   59.20%\n"}
,{"stream_name":"stdout","time":5013.709675599,"data":"\n"}
,{"stream_name":"stdout","time":5013.709679042,"data":"\n"}
,{"stream_name":"stdout","time":5013.710299102,"data":"样本变换：reverse\n"}
,{"stream_name":"stdout","time":5016.969846954,"data":"样本变换：mask\n"}
,{"stream_name":"stdout","time":5020.229842807,"data":"样本变换：shift\n"}
,{"stream_name":"stdout","time":5023.529828104,"data":"样本变换：none\n"}
,{"stream_name":"stdout","time":5028.94628821,"data":"未过滤\t未用伪标签：67.95% -\u003e 使用伪标签：77.60%\n"}
,{"stream_name":"stdout","time":5028.94632812,"data":"已过滤\t未用伪标签：67.84% -\u003e 使用伪标签：79.56%\n"}
,{"stream_name":"stdout","time":5028.946333611,"data":"排除样本：148|6000\t剩余：1986, 2357, 1509\n"}
,{"stream_name":"stdout","time":5028.94633749,"data":"增添样本：1269\t\t细则：358, 0, 911\t正确率估算：87.08%\n"}
,{"stream_name":"stdout","time":5028.946341378,"data":"类型1 正确率： 100.00% -\u003e 1   99.85%, 2    0.05%, 3    0.10%\n"}
,{"stream_name":"stdout","time":5028.946345152,"data":"类型2 正确率：  80.00% -\u003e 1    0.00%, 2   79.72%, 3   20.28%\n"}
,{"stream_name":"stdout","time":5028.946348874,"data":"类型3 正确率：  58.00% -\u003e 1    0.05%, 2   41.71%, 3   58.24%\n"}
,{"stream_name":"stdout","time":5028.946356039,"data":"\n"}
,{"stream_name":"stdout","time":5028.946359423,"data":"被排除样本 正确率：72.30%\n"}
,{"stream_name":"stdout","time":5028.946362972,"data":"类型1 正确率：   0.00% -\u003e 1    0.00%, 2   33.33%, 3   66.67%\n"}
,{"stream_name":"stdout","time":5028.946380813,"data":"类型2 正确率：  60.00% -\u003e 1    0.00%, 2   59.52%, 3   40.48%\n"}
,{"stream_name":"stdout","time":5028.946383839,"data":"类型3 正确率：  87.00% -\u003e 1    6.38%, 2    6.38%, 3   87.23%\n"}
,{"stream_name":"stdout","time":5028.946386506,"data":"\n"}
,{"stream_name":"stdout","time":5028.946389,"data":"\n"}
,{"stream_name":"stdout","time":5041.895522553,"data":"轮次:··1/·20 || c_Loss:0.646 || e_Loss:-1.804 || Aad_Loss:-28.043 || 耗时：34.01s\n"}
,{"stream_name":"stdout","time":5054.861248345,"data":"轮次:··2/·20 || c_Loss:0.453 || e_Loss:-0.926 || Aad_Loss:-25.242 || 耗时：12.97s\n"}
,{"stream_name":"stdout","time":5067.775336596,"data":"轮次:··3/·20 || c_Loss:0.384 || e_Loss:-0.829 || Aad_Loss:-27.944 || 耗时：12.91s\n"}
,{"stream_name":"stdout","time":5080.583177944,"data":"轮次:··4/·20 || c_Loss:0.363 || e_Loss:-1.709 || Aad_Loss:-27.830 || 耗时：12.81s\n"}
,{"stream_name":"stdout","time":5093.350214415,"data":"轮次:··5/·20 || c_Loss:0.452 || e_Loss:-1.690 || Aad_Loss:-23.305 || 耗时：12.77s\n"}
,{"stream_name":"stdout","time":5099.291810315,"data":"任务: (B1)N15_M01_F10→(B3)N15_M07_F04; mix批次:····0; 批次:··470/·1880;  总正确率: 80.62%\n"}
,{"stream_name":"stdout","time":5099.291844358,"data":"类型1 正确率： 100.00% -\u003e 1  100.00%, 2    0.00%, 3    0.00%\n"}
,{"stream_name":"stdout","time":5099.291851805,"data":"类型2 正确率：  85.00% -\u003e 1    0.00%, 2   84.75%, 3   15.25%\n"}
,{"stream_name":"stdout","time":5099.291857144,"data":"类型3 正确率：  57.00% -\u003e 1    0.00%, 2   42.90%, 3   57.10%\n"}
,{"stream_name":"stdout","time":5099.291862471,"data":"\n"}
,{"stream_name":"stdout","time":5099.291866894,"data":"\n"}
,{"stream_name":"stdout","time":5099.32599059,"data":"样本变换：reverse\n"}
,{"stream_name":"stdout","time":5102.618850217,"data":"样本变换：mask\n"}
,{"stream_name":"stdout","time":5105.915888146,"data":"样本变换：shift\n"}
,{"stream_name":"stdout","time":5109.178895812,"data":"样本变换：none\n"}
,{"stream_name":"stdout","time":5114.733863311,"data":"未过滤\t未用伪标签：80.62% -\u003e 使用伪标签：80.15%\n"}
,{"stream_name":"stdout","time":5114.733898824,"data":"已过滤\t未用伪标签：80.76% -\u003e 使用伪标签：80.67%\n"}
,{"stream_name":"stdout","time":5114.733905929,"data":"排除样本：39|6000\t剩余：2000, 2530, 1431\n"}
,{"stream_name":"stdout","time":5114.733912087,"data":"增添样本：1646\t\t细则：504, 0, 1142\t正确率估算：99.21%\n"}
,{"stream_name":"stdout","time":5114.73391801,"data":"类型1 正确率： 100.00% -\u003e 1  100.00%, 2    0.00%, 3    0.00%\n"}
,{"stream_name":"stdout","time":5114.733923678,"data":"类型2 正确率：  85.00% -\u003e 1    0.00%, 2   84.80%, 3   15.20%\n"}
,{"stream_name":"stdout","time":5114.733929746,"data":"类型3 正确率：  57.00% -\u003e 1    0.00%, 2   42.96%, 3   57.04%\n"}
,{"stream_name":"stdout","time":5114.733935472,"data":"\n"}
,{"stream_name":"stdout","time":5114.733940582,"data":"被排除样本 正确率：58.97%\n"}
,{"stream_name":"stdout","time":5114.7339462,"data":"类型1 正确率：  70.00% -\u003e 1   70.00%, 2   30.00%\n"}
,{"stream_name":"stdout","time":5114.733951947,"data":"类型2 正确率：  47.00% -\u003e 1   52.63%, 2   47.37%\n"}
,{"stream_name":"stdout","time":5114.733957907,"data":"\n"}
,{"stream_name":"stdout","time":5114.733963599,"data":"\n"}
,{"stream_name":"stdout","time":5127.470559116,"data":"轮次:··6/·20 || c_Loss:0.353 || e_Loss:-1.583 || Aad_Loss:-27.143 || 耗时：34.12s\n"}
,{"stream_name":"stdout","time":5140.301055442,"data":"轮次:··7/·20 || c_Loss:0.373 || e_Loss:-0.839 || Aad_Loss:-28.089 || 耗时：12.83s\n"}
,{"stream_name":"stdout","time":5153.156689356,"data":"轮次:··8/·20 || c_Loss:0.404 || e_Loss:-1.674 || Aad_Loss:-26.765 || 耗时：12.86s\n"}
,{"stream_name":"stdout","time":5165.987036798,"data":"轮次:··9/·20 || c_Loss:0.357 || e_Loss:-0.843 || Aad_Loss:-28.990 || 耗时：12.83s\n"}
,{"stream_name":"stdout","time":5178.867683364,"data":"轮次:·10/·20 || c_Loss:0.339 || e_Loss:-1.768 || Aad_Loss:-28.739 || 耗时：12.88s\n"}
,{"stream_name":"stdout","time":5184.859292057,"data":"任务: (B1)N15_M01_F10→(B3)N15_M07_F04; mix批次:····0; 批次:··940/·1880;  总正确率: 81.42%\n"}
,{"stream_name":"stdout","time":5184.859341297,"data":"类型1 正确率： 100.00% -\u003e 1  100.00%, 2    0.00%, 3    0.00%\n"}
,{"stream_name":"stdout","time":5184.859349233,"data":"类型2 正确率：  86.00% -\u003e 1    0.00%, 2   86.40%, 3   13.60%\n"}
,{"stream_name":"stdout","time":5184.859360563,"data":"类型3 正确率：  58.00% -\u003e 1    0.00%, 2   42.15%, 3   57.85%\n"}
,{"stream_name":"stdout","time":5184.859388406,"data":"\n"}
,{"stream_name":"stdout","time":5184.859394963,"data":"\n"}
,{"stream_name":"stdout","time":5184.911822432,"data":"样本变换：reverse\n"}
,{"stream_name":"stdout","time":5188.165855324,"data":"样本变换：mask\n"}
,{"stream_name":"stdout","time":5191.456782034,"data":"样本变换：shift\n"}
,{"stream_name":"stdout","time":5194.728884389,"data":"样本变换：none\n"}
,{"stream_name":"stdout","time":5200.230834389,"data":"未过滤\t未用伪标签：81.42% -\u003e 使用伪标签：80.88%\n"}
,{"stream_name":"stdout","time":5200.230872958,"data":"已过滤\t未用伪标签：81.51% -\u003e 使用伪标签：81.19%\n"}
,{"stream_name":"stdout","time":5200.23087779,"data":"排除样本：23|6000\t剩余：2000, 2531, 1446\n"}
,{"stream_name":"stdout","time":5200.230882406,"data":"增添样本：1643\t\t细则：510, 0, 1133\t正确率估算：98.97%\n"}
,{"stream_name":"stdout","time":5200.230900756,"data":"类型1 正确率： 100.00% -\u003e 1  100.00%, 2    0.00%, 3    0.00%\n"}
,{"stream_name":"stdout","time":5200.230906741,"data":"类型2 正确率：  85.00% -\u003e 1    0.00%, 2   85.44%, 3   14.56%\n"}
,{"stream_name":"stdout","time":5200.23091196,"data":"类型3 正确率：  58.00% -\u003e 1    0.00%, 2   41.92%, 3   58.08%\n"}
,{"stream_name":"stdout","time":5200.230917794,"data":"\n"}
,{"stream_name":"stdout","time":5200.230922544,"data":"被排除样本 正确率：56.52%\n"}
,{"stream_name":"stdout","time":5200.230927854,"data":"类型1 正确率：  73.00% -\u003e 1   73.33%, 2   26.67%\n"}
,{"stream_name":"stdout","time":5200.230932658,"data":"类型2 正确率：  25.00% -\u003e 1   75.00%, 2   25.00%\n"}
,{"stream_name":"stdout","time":5200.230937414,"data":"\n"}
,{"stream_name":"stdout","time":5200.230941907,"data":"\n"}
,{"stream_name":"stdout","time":5212.940295656,"data":"轮次:·11/·20 || c_Loss:0.335 || e_Loss:-1.130 || Aad_Loss:-31.360 || 耗时：34.07s\n"}
,{"stream_name":"stdout","time":5225.719370655,"data":"轮次:·12/·20 || c_Loss:0.378 || e_Loss:-0.864 || Aad_Loss:-29.064 || 耗时：12.78s\n"}
,{"stream_name":"stdout","time":5238.500786891,"data":"轮次:·13/·20 || c_Loss:0.352 || e_Loss:-1.742 || Aad_Loss:-28.804 || 耗时：12.78s\n"}
,{"stream_name":"stdout","time":5251.286489854,"data":"轮次:·14/·20 || c_Loss:0.365 || e_Loss:-1.568 || Aad_Loss:-31.442 || 耗时：12.79s\n"}
,{"stream_name":"stdout","time":5264.13086351,"data":"轮次:·15/·20 || c_Loss:0.360 || e_Loss:-0.785 || Aad_Loss:-33.041 || 耗时：12.84s\n"}
,{"stream_name":"stdout","time":5270.117799541,"data":"任务: (B1)N15_M01_F10→(B3)N15_M07_F04; mix批次:····0; 批次:·1410/·1880;  总正确率: 81.75%\n"}
,{"stream_name":"stdout","time":5270.117834772,"data":"类型1 正确率： 100.00% -\u003e 1  100.00%, 2    0.00%, 3    0.00%\n"}
,{"stream_name":"stdout","time":5270.117842347,"data":"类型2 正确率：  87.00% -\u003e 1    0.00%, 2   87.10%, 3   12.90%\n"}
,{"stream_name":"stdout","time":5270.117848301,"data":"类型3 正确率：  58.00% -\u003e 1    0.00%, 2   41.85%, 3   58.15%\n"}
,{"stream_name":"stdout","time":5270.11785847,"data":"\n"}
,{"stream_name":"stdout","time":5270.117864237,"data":"\n"}
,{"stream_name":"stdout","time":5270.162332087,"data":"样本变换：reverse\n"}
,{"stream_name":"stdout","time":5273.409844501,"data":"样本变换：mask\n"}
,{"stream_name":"stdout","time":5276.69486851,"data":"样本变换：shift\n"}
,{"stream_name":"stdout","time":5279.949837177,"data":"样本变换：none\n"}
,{"stream_name":"stdout","time":5285.452413497,"data":"未过滤\t未用伪标签：81.75% -\u003e 使用伪标签：81.18%\n"}
,{"stream_name":"stdout","time":5285.452471599,"data":"已过滤\t未用伪标签：81.79% -\u003e 使用伪标签：81.47%\n"}
,{"stream_name":"stdout","time":5285.452479956,"data":"排除样本：21|6000\t剩余：2000, 2531, 1448\n"}
,{"stream_name":"stdout","time":5285.452486728,"data":"增添样本：1643\t\t细则：512, 0, 1131\t正确率估算：98.84%\n"}
,{"stream_name":"stdout","time":5285.452493479,"data":"类型1 正确率： 100.00% -\u003e 1  100.00%, 2    0.00%, 3    0.00%\n"}
,{"stream_name":"stdout","time":5285.45249961,"data":"类型2 正确率：  86.00% -\u003e 1    0.00%, 2   85.81%, 3   14.19%\n"}
,{"stream_name":"stdout","time":5285.452504991,"data":"类型3 正确率：  59.00% -\u003e 1    0.00%, 2   41.47%, 3   58.53%\n"}
,{"stream_name":"stdout","time":5285.452510467,"data":"\n"}
,{"stream_name":"stdout","time":5285.452515499,"data":"被排除样本 正确率：71.43%\n"}
,{"stream_name":"stdout","time":5285.452520659,"data":"类型1 正确率： 100.00% -\u003e 1  100.00%, 2    0.00%\n"}
,{"stream_name":"stdout","time":5285.452530038,"data":"类型2 正确率：  25.00% -\u003e 1   75.00%, 2   25.00%\n"}
,{"stream_name":"stdout","time":5285.452533873,"data":"\n"}
,{"stream_name":"stdout","time":5285.452537934,"data":"\n"}
,{"stream_name":"stdout","time":5298.161500267,"data":"轮次:·16/·20 || c_Loss:0.336 || e_Loss:-0.874 || Aad_Loss:-31.865 || 耗时：34.03s\n"}
,{"stream_name":"stdout","time":5310.945261641,"data":"轮次:·17/·20 || c_Loss:0.368 || e_Loss:-0.869 || Aad_Loss:-29.508 || 耗时：12.78s\n"}
,{"stream_name":"stdout","time":5323.730098931,"data":"轮次:·18/·20 || c_Loss:0.345 || e_Loss:-1.683 || Aad_Loss:-29.321 || 耗时：12.78s\n"}
,{"stream_name":"stdout","time":5336.536389124,"data":"轮次:·19/·20 || c_Loss:0.370 || e_Loss:-0.817 || Aad_Loss:-31.711 || 耗时：12.81s\n"}
,{"stream_name":"stdout","time":5349.391585028,"data":"轮次:·20/·20 || c_Loss:0.359 || e_Loss:-0.780 || Aad_Loss:-33.485 || 耗时：12.86s\n"}
,{"stream_name":"stdout","time":5355.395835597,"data":"任务: (B1)N15_M01_F10→(B3)N15_M07_F04; mix批次:····0; 批次:·1880/·1880;  总正确率: 82.02%\n"}
,{"stream_name":"stdout","time":5355.395910842,"data":"类型1 正确率： 100.00% -\u003e 1  100.00%, 2    0.00%, 3    0.00%\n"}
,{"stream_name":"stdout","time":5355.395920159,"data":"类型2 正确率：  88.00% -\u003e 1    0.00%, 2   87.50%, 3   12.50%\n"}
,{"stream_name":"stdout","time":5355.395926651,"data":"类型3 正确率：  59.00% -\u003e 1    0.00%, 2   41.45%, 3   58.55%\n"}
,{"stream_name":"stdout","time":5355.395951935,"data":"\n"}
,{"stream_name":"stdout","time":5355.395955999,"data":"\n"}
,{"stream_name":"stdout","time":5361.366122613,"data":"测试集任务: (B1)N15_M01_F10→(B3)N15_M07_F04; 总正确率 = 82.02%\n"}
,{"stream_name":"stdout","time":5361.366153821,"data":"类型1 正确率： 100.00% -\u003e 1  100.00%, 2    0.00%, 3    0.00%\n"}
,{"stream_name":"stdout","time":5361.366159051,"data":"类型2 正确率：  88.00% -\u003e 1    0.00%, 2   87.50%, 3   12.50%\n"}
,{"stream_name":"stdout","time":5361.366162936,"data":"类型3 正确率：  59.00% -\u003e 1    0.00%, 2   41.45%, 3   58.55%\n"}
,{"stream_name":"stdout","time":5361.366166763,"data":"\n"}
,{"stream_name":"stdout","time":5361.366175315,"data":"\n"}
,{"stream_name":"stdout","time":5361.393688783,"data":"[tar_adaptation_RES_PU.py --folder_root /kaggle/working/m2rep/reps1/sdalr_PU_final_checkpoint/DATA_foldB --seed 1 --class_num 3 --data_name PU_M1_L3 --output /kaggle/working/m2rep/reps1/weight_PU_M1_final_checkpoint_FAtoB_gatepcv_s1 --s 0 --t 2 --lr 0.0005 --threshold 0.4 --K 0.6] 359s\n"}
,{"stream_name":"stdout","time":5361.43149309,"data":"读取源域路径：/kaggle/working/m2rep/reps1/weight_PU_M1_final_checkpoint_FAtoB_gatepcv_s1/NEW_PU/Source-源域/log\u0026pt/(B2)N15_M07_F10\n"}
,{"stream_name":"stdout","time":5361.431513026,"data":"excel输出位置：/kaggle/working/m2rep/reps1/weight_PU_M1_final_checkpoint_FAtoB_gatepcv_s1/NEW_PU/Target-目标域\n"}
,{"stream_name":"stdout","time":5361.432952344,"data":"特征图片输出位置：/kaggle/working/m2rep/reps1/weight_PU_M1_final_checkpoint_FAtoB_gatepcv_s1/NEW_PU/Picture-特征图/2026年09月15日16时45分/(B2)N15_M07_F10\n"}
,{"stream_name":"stderr","time":5361.467626163,"data":"/usr/local/lib/python3.12/dist-packages/torch/nn/utils/weight_norm.py:144: FutureWarning: `torch.nn.utils.weight_norm` is deprecated in favor of `torch.nn.utils.parametrizations.weight_norm`.\n"}
,{"stream_name":"stderr","time":5361.467652815,"data":"  WeightNorm.apply(module, name, dim)\n"}
,{"stream_name":"stdout","time":5361.505251183,"data":"现在选取:(B2)N15_M07_F10 进行训练的源模型\n"}
,{"stream_name":"stdout","time":5361.505272181,"data":"现在进行：(B2)N15_M07_F10→(B1)N15_M01_F10 的迁移任务\n"}
,{"stream_name":"stdout","time":5361.505276455,"data":"log\u0026pt输出位置：/kaggle/working/m2rep/reps1/weight_PU_M1_final_checkpoint_FAtoB_gatepcv_s1/NEW_PU/Target-目标域/log\u0026pt/(B2)N15_M07_F10→(B1)N15_M01_F10\n"}
,{"stream_name":"stderr","time":5361.506706496,"data":"sh: 1: Syntax error: word unexpected (expecting \")\")\n"}
,{"stream_name":"stdout","time":5372.839166804,"data":"任务: (B2)N15_M07_F10→(B1)N15_M01_F10; 批次:····0/·1880;  总正确率: 55.33%\n"}
,{"stream_name":"stdout","time":5372.839201296,"data":"类型1 正确率：  69.00% -\u003e 1   69.30%, 2   30.70%, 3    0.00%\n"}
,{"stream_name":"stdout","time":5372.839211258,"data":"类型2 正确率：  47.00% -\u003e 1    0.00%, 2   46.70%, 3   53.30%\n"}
,{"stream_name":"stdout","time":5372.839214674,"data":"类型3 正确率：  50.00% -\u003e 1    0.00%, 2   50.00%, 3   50.00%\n"}
,{"stream_name":"stdout","time":5372.839217601,"data":"\n"}
,{"stream_name":"stdout","time":5372.839220086,"data":"\n"}
,{"stream_name":"stdout","time":5372.839905991,"data":"样本变换：reverse\n"}
,{"stream_name":"stdout","time":5376.094821405,"data":"样本变换：mask\n"}
,{"stream_name":"stdout","time":5379.364841493,"data":"样本变换：shift\n"}
,{"stream_name":"stdout","time":5382.663815537,"data":"样本变换：none\n"}
,{"stream_name":"stderr","time":5387.546692575,"data":"/kaggle/working/m2rep/reps1/sdalr_PU_final_checkpoint/tools.py:413: RuntimeWarning: invalid value encountered in divide\n"}
,{"stream_name":"stderr","time":5387.546769456,"data":"  per_class_acc = conf_matrix.diagonal() / conf_matrix.sum(axis=1) * 100\n"}
,{"stream_name":"stdout","time":5387.547079467,"data":"未过滤\t未用伪标签：55.33% -\u003e 使用伪标签：55.77%\n"}
,{"stream_name":"stdout","time":5387.54709969,"data":"已过滤\t未用伪标签：54.92% -\u003e 使用伪标签：57.27%\n"}
,{"stream_name":"stdout","time":5387.547104569,"data":"排除样本：157|6000\t剩余：1877, 1555, 2411\n"}
,{"stream_name":"stdout","time":5387.547108958,"data":"增添样本：420\t\t细则：49, 371, 0\t正确率估算：97.14%\n"}
,{"stream_name":"stdout","time":5387.547113436,"data":"类型1 正确率：  96.00% -\u003e 1   95.62%, 2    4.38%, 3    0.00%\n"}
,{"stream_name":"stdout","time":5387.547117376,"data":"类型2 正确率：  25.00% -\u003e 1    0.00%, 2   24.95%, 3   75.05%\n"}
,{"stream_name":"stdout","time":5387.547121182,"data":"类型3 正确率：  50.00% -\u003e 1    0.00%, 2   50.00%, 3   50.00%\n"}
,{"stream_name":"stdout","time":5387.547125335,"data":"\n"}
,{"stream_name":"stdout","time":5387.54712902,"data":"被排除样本 正确率：70.70%\n"}
,{"stream_name":"stdout","time":5387.547133763,"data":"类型1 正确率：   0.00% -\u003e 1    0.00%, 2  100.00%, 3    0.00%\n"}
,{"stream_name":"stdout","time":5387.547138645,"data":"类型2 正确率：  92.00% -\u003e 1    0.00%, 2   92.50%, 3    7.50%\n"}
,{"stream_name":"stdout","time":5387.547143176,"data":"类型3 没有样本或未被分类。\n"}
,{"stream_name":"stdout","time":5387.547147122,"data":"\n"}
,{"stream_name":"stdout","time":5387.547150679,"data":"\n"}
,{"stream_name":"stdout","time":5400.50964599,"data":"轮次:··1/·20 || c_Loss:0.654 || e_Loss:-1.758 || Aad_Loss:-24.008 || 耗时：33.52s\n"}
,{"stream_name":"stdout","time":5413.433736306,"data":"轮次:··2/·20 || c_Loss:0.411 || e_Loss:-1.626 || Aad_Loss:-24.879 || 耗时：12.92s\n"}
,{"stream_name":"stdout","time":5426.257909968,"data":"轮次:··3/·20 || c_Loss:0.362 || e_Loss:-1.720 || Aad_Loss:-24.075 || 耗时：12.82s\n"}
,{"stream_name":"stdout","time":5439.012386136,"data":"轮次:··4/·20 || c_Loss:0.442 || e_Loss:-1.746 || Aad_Loss:-24.262 || 耗时：12.75s\n"}
,{"stream_name":"stdout","time":5451.712465262,"data":"轮次:··5/·20 || c_Loss:0.364 || e_Loss:-1.906 || Aad_Loss:-28.344 || 耗时：12.70s\n"}
,{"stream_name":"stdout","time":5457.647158668,"data":"任务: (B2)N15_M07_F10→(B1)N15_M01_F10; mix批次:····0; 批次:··470/·1880;  总正确率: 62.25%\n"}
,{"stream_name":"stdout","time":5457.647213361,"data":"类型1 正确率：  99.00% -\u003e 1   99.10%, 2    0.90%, 3    0.00%\n"}
,{"stream_name":"stdout","time":5457.647222697,"data":"类型2 正确率：  38.00% -\u003e 1    5.00%, 2   37.65%, 3   57.35%\n"}
,{"stream_name":"stdout","time":5457.647227961,"data":"类型3 正确率：  50.00% -\u003e 1    0.00%, 2   50.00%, 3   50.00%\n"}
,{"stream_name":"stdout","time":5457.647233477,"data":"\n"}
,{"stream_name":"stdout","time":5457.647238595,"data":"\n"}
,{"stream_name":"stdout","time":5457.681651878,"data":"样本变换：reverse\n"}
,{"stream_name":"stdout","time":5460.905851938,"data":"样本变换：mask\n"}
,{"stream_name":"stdout","time":5464.194837231,"data":"样本变换：shift\n"}
,{"stream_name":"stdout","time":5467.481968424,"data":"样本变换：none\n"}
,{"stream_name":"stderr","time":5472.424021912,"data":"/kaggle/working/m2rep/reps1/sdalr_PU_final_checkpoint/tools.py:413: RuntimeWarning: invalid value encountered in divide\n"}
,{"stream_name":"stderr","time":5472.424065516,"data":"  per_class_acc = conf_matrix.diagonal() / conf_matrix.sum(axis=1) * 100\n"}
,{"stream_name":"stdout","time":5472.424260649,"data":"未过滤\t未用伪标签：62.25% -\u003e 使用伪标签：61.47%\n"}
,{"stream_name":"stdout","time":5472.424280454,"data":"已过滤\t未用伪标签：62.32% -\u003e 使用伪标签：62.27%\n"}
,{"stream_name":"stdout","time":5472.424286039,"data":"排除样本：77|6000\t剩余：1999, 1690, 2234\n"}
,{"stream_name":"stdout","time":5472.424290761,"data":"增添样本：501\t\t细则：96, 405, 0\t正确率估算：95.21%\n"}
,{"stream_name":"stdout","time":5472.424299306,"data":"类型1 正确率： 100.00% -\u003e 1   99.95%, 2    0.05%, 3    0.00%\n"}
,{"stream_name":"stdout","time":5472.424303246,"data":"类型2 正确率：  36.00% -\u003e 1    0.00%, 2   35.83%, 3   64.17%\n"}
,{"stream_name":"stdout","time":5472.424307179,"data":"类型3 正确率：  50.00% -\u003e 1    0.00%, 2   50.00%, 3   50.00%\n"}
,{"stream_name":"stdout","time":5472.424311154,"data":"\n"}
,{"stream_name":"stdout","time":5472.424314792,"data":"被排除样本 正确率：57.14%\n"}
,{"stream_name":"stdout","time":5472.424319051,"data":"类型1 没有样本或未被分类。\n"}
,{"stream_name":"stdout","time":5472.424323071,"data":"类型2 正确率：  57.00% -\u003e 1   16.88%, 2   57.14%, 3   25.97%\n"}
,{"stream_name":"stdout","time":5472.424327215,"data":"类型3 没有样本或未被分类。\n"}
,{"stream_name":"stdout","time":5472.424331501,"data":"\n"}
,{"stream_name":"stdout","time":5472.424335224,"data":"\n"}
,{"stream_name":"stdout","time":5485.141424895,"data":"轮次:··6/·20 || c_Loss:0.359 || e_Loss:-1.818 || Aad_Loss:-28.550 || 耗时：33.43s\n"}
,{"stream_name":"stdout","time":5497.96287647,"data":"轮次:··7/·20 || c_Loss:0.346 || e_Loss:-1.822 || Aad_Loss:-27.663 || 耗时：12.82s\n"}
,{"stream_name":"stdout","time":5510.84765241,"data":"轮次:··8/·20 || c_Loss:0.367 || e_Loss:-1.792 || Aad_Loss:-26.627 || 耗时：12.88s\n"}
,{"stream_name":"stdout","time":5523.709730371,"data":"轮次:··9/·20 || c_Loss:0.368 || e_Loss:-1.852 || Aad_Loss:-27.490 || 耗时：12.86s\n"}
,{"stream_name":"stdout","time":5536.584198004,"data":"轮次:·10/·20 || c_Loss:0.382 || e_Loss:-0.837 || Aad_Loss:-28.777 || 耗时：12.87s\n"}
,{"stream_name":"stdout","time":5542.584519082,"data":"任务: (B2)N15_M07_F10→(B1)N15_M01_F10; mix批次:····0; 批次:··940/·1880;  总正确率: 61.20%\n"}
,{"stream_name":"stdout","time":5542.584549801,"data":"类型1 正确率： 100.00% -\u003e 1  100.00%, 2    0.00%, 3    0.00%\n"}
,{"stream_name":"stdout","time":5542.584556484,"data":"类型2 正确率：  34.00% -\u003e 1    0.50%, 2   33.60%, 3   65.90%\n"}
,{"stream_name":"stdout","time":5542.584562087,"data":"类型3 正确率：  50.00% -\u003e 1    0.00%, 2   50.00%, 3   50.00%\n"}
,{"stream_name":"stdout","time":5542.584567584,"data":"\n"}
,{"stream_name":"stdout","time":5542.584572622,"data":"\n"}
,{"stream_name":"stdout","time":5542.6313403,"data":"样本变换：reverse\n"}
,{"stream_name":"stdout","time":5545.888932018,"data":"样本变换：mask\n"}
,{"stream_name":"stdout","time":5549.162883165,"data":"样本变换：shift\n"}
,{"stream_name":"stdout","time":5552.444827988,"data":"样本变换：none\n"}
,{"stream_name":"stderr","time":5557.519270194,"data":"/kaggle/working/m2rep/reps1/sdalr_PU_final_checkpoint/tools.py:413: RuntimeWarning: invalid value encountered in divide\n"}
,{"stream_name":"stderr","time":5557.519313436,"data":"  per_class_acc = conf_matrix.diagonal() / conf_matrix.sum(axis=1) * 100\n"}
,{"stream_name":"stdout","time":5557.519299688,"data":"未过滤\t未用伪标签：61.20% -\u003e 使用伪标签：61.47%\n"}
,{"stream_name":"stdout","time":5557.51933031,"data":"已过滤\t未用伪标签：61.19% -\u003e 使用伪标签：61.66%\n"}
,{"stream_name":"stdout","time":5557.519351641,"data":"排除样本：19|6000\t剩余：2000, 1688, 2293\n"}
,{"stream_name":"stdout","time":5557.519360439,"data":"增添样本：866\t\t细则：277, 589, 0\t正确率估算：97.23%\n"}
,{"stream_name":"stdout","time":5557.519363403,"data":"类型1 正确率： 100.00% -\u003e 1  100.00%, 2    0.00%, 3    0.00%\n"}
,{"stream_name":"stdout","time":5557.519366426,"data":"类型2 正确率：  35.00% -\u003e 1    0.00%, 2   34.73%, 3   65.27%\n"}
,{"stream_name":"stdout","time":5557.519369128,"data":"类型3 正确率：  50.00% -\u003e 1    0.00%, 2   50.00%, 3   50.00%\n"}
,{"stream_name":"stdout","time":5557.519371655,"data":"\n"}
,{"stream_name":"stdout","time":5557.519374143,"data":"被排除样本 正确率：63.16%\n"}
,{"stream_name":"stdout","time":5557.519376665,"data":"类型1 正确率：  63.00% -\u003e 1   63.16%, 2   36.84%\n"}
,{"stream_name":"stdout","time":5557.519379193,"data":"类型2 没有样本或未被分类。\n"}
,{"stream_name":"stdout","time":5557.519381699,"data":"\n"}
,{"stream_name":"stdout","time":5557.519384095,"data":"\n"}
,{"stream_name":"stdout","time":5570.181247372,"data":"轮次:·11/·20 || c_Loss:0.348 || e_Loss:-0.932 || Aad_Loss:-30.018 || 耗时：33.60s\n"}
,{"stream_name":"stdout","time":5582.913692907,"data":"轮次:·12/·20 || c_Loss:0.408 || e_Loss:-0.853 || Aad_Loss:-32.272 || 耗时：12.73s\n"}
,{"stream_name":"stdout","time":5595.647283813,"data":"轮次:·13/·20 || c_Loss:0.359 || e_Loss:-0.944 || Aad_Loss:-29.624 || 耗时：12.73s\n"}
,{"stream_name":"stdout","time":5608.395627426,"data":"轮次:·14/·20 || c_Loss:0.363 || e_Loss:-0.927 || Aad_Loss:-29.570 || 耗时：12.75s\n"}
,{"stream_name":"stdout","time":5621.167450734,"data":"轮次:·15/·20 || c_Loss:0.360 || e_Loss:-0.906 || Aad_Loss:-30.508 || 耗时：12.77s\n"}
,{"stream_name":"stdout","time":5627.14641748,"data":"任务: (B2)N15_M07_F10→(B1)N15_M01_F10; mix批次:····0; 批次:·1410/·1880;  总正确率: 61.05%\n"}
,{"stream_name":"stdout","time":5627.146461186,"data":"类型1 正确率： 100.00% -\u003e 1  100.00%, 2    0.00%, 3    0.00%\n"}
,{"stream_name":"stdout","time":5627.146482498,"data":"类型2 正确率：  33.00% -\u003e 1    0.00%, 2   33.15%, 3   66.85%\n"}
,{"stream_name":"stdout","time":5627.146489096,"data":"类型3 正确率：  50.00% -\u003e 1    0.00%, 2   50.00%, 3   50.00%\n"}
,{"stream_name":"stdout","time":5627.146495023,"data":"\n"}
,{"stream_name":"stdout","time":5627.146500701,"data":"\n"}
,{"stream_name":"stdout","time":5627.189873128,"data":"样本变换：reverse\n"}
,{"stream_name":"stdout","time":5630.438835176,"data":"样本变换：mask\n"}
,{"stream_name":"stdout","time":5633.752718323,"data":"样本变换：shift\n"}
,{"stream_name":"stdout","time":5637.035839677,"data":"样本变换：none\n"}
,{"stream_name":"stderr","time":5642.47877502,"data":"/kaggle/working/m2rep/reps1/sdalr_PU_final_checkpoint/tools.py:413: RuntimeWarning: invalid value encountered in divide\n"}
,{"stream_name":"stderr","time":5642.478811523,"data":"  per_class_acc = conf_matrix.diagonal() / conf_matrix.sum(axis=1) * 100\n"}
,{"stream_name":"stdout","time":5642.478822781,"data":"未过滤\t未用伪标签：61.05% -\u003e 使用伪标签：61.00%\n"}
,{"stream_name":"stdout","time":5642.478855999,"data":"已过滤\t未用伪标签：61.06% -\u003e 使用伪标签：61.01%\n"}
,{"stream_name":"stdout","time":5642.478863265,"data":"排除样本：1|6000\t剩余：2000, 1660, 2339\n"}
,{"stream_name":"stdout","time":5642.478869005,"data":"增添样本：1018\t\t细则：339, 679, 0\t正确率估算：99.80%\n"}
,{"stream_name":"stdout","time":5642.47889623,"data":"类型1 正确率： 100.00% -\u003e 1  100.00%, 2    0.00%, 3    0.00%\n"}
,{"stream_name":"stdout","time":5642.47889982,"data":"类型2 正确率：  33.00% -\u003e 1    0.00%, 2   33.02%, 3   66.98%\n"}
,{"stream_name":"stdout","time":5642.478902549,"data":"类型3 正确率：  50.00% -\u003e 1    0.00%, 2   50.00%, 3   50.00%\n"}
,{"stream_name":"stdout","time":5642.478905297,"data":"\n"}
,{"stream_name":"stdout","time":5642.478907775,"data":"被排除样本 正确率：0.00%\n"}
,{"stream_name":"stdout","time":5642.478911131,"data":"类型1 正确率：   0.00% -\u003e 1    0.00%, 2  100.00%\n"}
,{"stream_name":"stdout","time":5642.47893233,"data":"类型2 没有样本或未被分类。\n"}
,{"stream_name":"stdout","time":5642.478937024,"data":"\n"}
,{"stream_name":"stdout","time":5642.478941343,"data":"\n"}
,{"stream_name":"stdout","time":5655.201611896,"data":"轮次:·16/·20 || c_Loss:0.369 || e_Loss:-0.985 || Aad_Loss:-31.305 || 耗时：34.03s\n"}
,{"stream_name":"stdout","time":5668.001513173,"data":"轮次:·17/·20 || c_Loss:0.389 || e_Loss:-0.930 || Aad_Loss:-30.145 || 耗时：12.80s\n"}
,{"stream_name":"stdout","time":5680.785361725,"data":"轮次:·18/·20 || c_Loss:0.378 || e_Loss:-1.016 || Aad_Loss:-30.975 || 耗时：12.78s\n"}
,{"stream_name":"stdout","time":5693.593964658,"data":"轮次:·19/·20 || c_Loss:0.383 || e_Loss:-1.011 || Aad_Loss:-31.430 || 耗时：12.81s\n"}
,{"stream_name":"stdout","time":5706.40749307,"data":"轮次:·20/·20 || c_Loss:0.379 || e_Loss:-1.013 || Aad_Loss:-30.803 || 耗时：12.81s\n"}
,{"stream_name":"stdout","time":5712.390332803,"data":"任务: (B2)N15_M07_F10→(B1)N15_M01_F10; mix批次:····0; 批次:·1880/·1880;  总正确率: 60.98%\n"}
,{"stream_name":"stdout","time":5712.390366704,"data":"类型1 正确率： 100.00% -\u003e 1  100.00%, 2    0.00%, 3    0.00%\n"}
,{"stream_name":"stdout","time":5712.390374564,"data":"类型2 正确率：  33.00% -\u003e 1    0.00%, 2   32.95%, 3   67.05%\n"}
,{"stream_name":"stdout","time":5712.390380658,"data":"类型3 正确率：  50.00% -\u003e 1    0.00%, 2   50.00%, 3   50.00%\n"}
,{"stream_name":"stdout","time":5712.390386575,"data":"\n"}
,{"stream_name":"stdout","time":5712.390392043,"data":"\n"}
,{"stream_name":"stdout","time":5718.363557895,"data":"测试集任务: (B2)N15_M07_F10→(B1)N15_M01_F10; 总正确率 = 60.98%\n"}
,{"stream_name":"stdout","time":5718.363589989,"data":"类型1 正确率： 100.00% -\u003e 1  100.00%, 2    0.00%, 3    0.00%\n"}
,{"stream_name":"stdout","time":5718.363597796,"data":"类型2 正确率：  33.00% -\u003e 1    0.00%, 2   32.95%, 3   67.05%\n"}
,{"stream_name":"stdout","time":5718.363603996,"data":"类型3 正确率：  50.00% -\u003e 1    0.00%, 2   50.00%, 3   50.00%\n"}
,{"stream_name":"stdout","time":5718.36360985,"data":"\n"}
,{"stream_name":"stdout","time":5718.36361515,"data":"\n"}
,{"stream_name":"stdout","time":5718.386854688,"data":"[tar_adaptation_RES_PU.py --folder_root /kaggle/working/m2rep/reps1/sdalr_PU_final_checkpoint/DATA_foldB --seed 1 --class_num 3 --data_name PU_M1_L3 --output /kaggle/working/m2rep/reps1/weight_PU_M1_final_checkpoint_FAtoB_gatepcv_s1 --s 1 --t 0 --lr 0.0005 --threshold 0.4 --K 0.6] 357s\n"}
,{"stream_name":"stdout","time":5718.424604028,"data":"读取源域路径：/kaggle/working/m2rep/reps1/weight_PU_M1_final_checkpoint_FAtoB_gatepcv_s1/NEW_PU/Source-源域/log\u0026pt/(B2)N15_M07_F10\n"}
,{"stream_name":"stdout","time":5718.424628114,"data":"excel输出位置：/kaggle/working/m2rep/reps1/weight_PU_M1_final_checkpoint_FAtoB_gatepcv_s1/NEW_PU/Target-目标域\n"}
,{"stream_name":"stdout","time":5718.424645508,"data":"特征图片输出位置：/kaggle/working/m2rep/reps1/weight_PU_M1_final_checkpoint_FAtoB_gatepcv_s1/NEW_PU/Picture-特征图/2026年09月15日16时51分/(B2)N15_M07_F10\n"}
,{"stream_name":"stderr","time":5718.460116994,"data":"/usr/local/lib/python3.12/dist-packages/torch/nn/utils/weight_norm.py:144: FutureWarning: `torch.nn.utils.weight_norm` is deprecated in favor of `torch.nn.utils.parametrizations.weight_norm`.\n"}
,{"stream_name":"stderr","time":5718.460144953,"data":"  WeightNorm.apply(module, name, dim)\n"}
,{"stream_name":"stdout","time":5718.499020335,"data":"现在选取:(B2)N15_M07_F10 进行训练的源模型\n"}
,{"stream_name":"stdout","time":5718.499044082,"data":"现在进行：(B2)N15_M07_F10→(B3)N15_M07_F04 的迁移任务\n"}
,{"stream_name":"stdout","time":5718.499049829,"data":"log\u0026pt输出位置：/kaggle/working/m2rep/reps1/weight_PU_M1_final_checkpoint_FAtoB_gatepcv_s1/NEW_PU/Target-目标域/log\u0026pt/(B2)N15_M07_F10→(B3)N15_M07_F04\n"}
,{"stream_name":"stderr","time":5718.500357232,"data":"sh: 1: Syntax error: word unexpected (expecting \")\")\n"}
,{"stream_name":"stdout","time":5729.780618583,"data":"任务: (B2)N15_M07_F10→(B3)N15_M07_F04; 批次:····0/·1880;  总正确率: 63.88%\n"}
,{"stream_name":"stdout","time":5729.780652526,"data":"类型1 正确率：  78.00% -\u003e 1   78.10%, 2   21.90%, 3    0.00%\n"}
,{"stream_name":"stdout","time":5729.780668459,"data":"类型2 正确率：  64.00% -\u003e 1    0.00%, 2   63.85%, 3   36.15%\n"}
,{"stream_name":"stdout","time":5729.780674036,"data":"类型3 正确率：  50.00% -\u003e 1    7.90%, 2   42.40%, 3   49.70%\n"}
,{"stream_name":"stdout","time":5729.780678607,"data":"\n"}
,{"stream_name":"stdout","time":5729.780682933,"data":"\n"}
,{"stream_name":"stdout","time":5729.781309894,"data":"样本变换：reverse\n"}
,{"stream_name":"stdout","time":5733.014807261,"data":"样本变换：mask\n"}
,{"stream_name":"stdout","time":5736.2799178,"data":"样本变换：shift\n"}
,{"stream_name":"stdout","time":5739.542873674,"data":"样本变换：none\n"}
,{"stream_name":"stdout","time":5744.627682324,"data":"未过滤\t未用伪标签：63.88% -\u003e 使用伪标签：60.28%\n"}
,{"stream_name":"stdout","time":5744.627725301,"data":"已过滤\t未用伪标签：63.55% -\u003e 使用伪标签：61.87%\n"}
,{"stream_name":"stdout","time":5744.627732312,"data":"排除样本：154|6000\t剩余：2163, 1449, 2234\n"}
,{"stream_name":"stdout","time":5744.627740982,"data":"增添样本：776\t\t细则：36, 740, 0\t正确率估算：96.65%\n"}
,{"stream_name":"stdout","time":5744.627744775,"data":"类型1 正确率： 100.00% -\u003e 1   99.85%, 2    0.15%, 3    0.00%\n"}
,{"stream_name":"stdout","time":5744.627798576,"data":"类型2 正确率：  34.00% -\u003e 1    0.00%, 2   33.76%, 3   66.24%\n"}
,{"stream_name":"stdout","time":5744.627804806,"data":"类型3 正确率：  50.00% -\u003e 1    8.79%, 2   41.01%, 3   50.20%\n"}
,{"stream_name":"stdout","time":5744.627816537,"data":"\n"}
,{"stream_name":"stdout","time":5744.627820056,"data":"被排除样本 正确率：76.62%\n"}
,{"stream_name":"stdout","time":5744.627823316,"data":"类型1 正确率：   0.00% -\u003e 1    0.00%, 2  100.00%, 3    0.00%\n"}
,{"stream_name":"stdout","time":5744.62782663,"data":"类型2 正确率：  86.00% -\u003e 1    0.00%, 2   86.13%, 3   13.87%\n"}
,{"stream_name":"stdout","time":5744.62783008,"data":"类型3 正确率：   0.00% -\u003e 1    0.00%, 2  100.00%, 3    0.00%\n"}
,{"stream_name":"stdout","time":5744.627833758,"data":"\n"}
,{"stream_name":"stdout","time":5744.627836834,"data":"\n"}
,{"stream_name":"stdout","time":5757.652851481,"data":"轮次:··1/·20 || c_Loss:0.552 || e_Loss:-1.023 || Aad_Loss:-27.527 || 耗时：33.72s\n"}
,{"stream_name":"stdout","time":5770.606456228,"data":"轮次:··2/·20 || c_Loss:0.427 || e_Loss:-1.614 || Aad_Loss:-24.639 || 耗时：12.95s\n"}
,{"stream_name":"stdout","time":5783.49353527,"data":"轮次:··3/·20 || c_Loss:0.389 || e_Loss:-1.539 || Aad_Loss:-22.587 || 耗时：12.89s\n"}
,{"stream_name":"stdout","time":5796.291969741,"data":"轮次:··4/·20 || c_Loss:0.429 || e_Loss:-1.637 || Aad_Loss:-22.664 || 耗时：12.80s\n"}
,{"stream_name":"stdout","time":5809.070388287,"data":"轮次:··5/·20 || c_Loss:0.414 || e_Loss:-1.391 || Aad_Loss:-23.051 || 耗时：12.78s\n"}
,{"stream_name":"stdout","time":5815.014052061,"data":"任务: (B2)N15_M07_F10→(B3)N15_M07_F04; mix批次:····0; 批次:··470/·1880;  总正确率: 63.53%\n"}
,{"stream_name":"stdout","time":5815.014090379,"data":"类型1 正确率： 100.00% -\u003e 1  100.00%, 2    0.00%, 3    0.00%\n"}
,{"stream_name":"stdout","time":5815.014097689,"data":"类型2 正确率：  41.00% -\u003e 1    0.00%, 2   40.60%, 3   59.40%\n"}
,{"stream_name":"stdout","time":5815.014127672,"data":"类型3 正确率：  50.00% -\u003e 1    7.45%, 2   42.55%, 3   50.00%\n"}
,{"stream_name":"stdout","time":5815.01413189,"data":"\n"}
,{"stream_name":"stdout","time":5815.014135347,"data":"\n"}
,{"stream_name":"stdout","time":5815.049028437,"data":"样本变换：reverse\n"}
,{"stream_name":"stdout","time":5818.298841426,"data":"样本变换：mask\n"}
,{"stream_name":"stdout","time":5821.576304856,"data":"样本变换：shift\n"}
,{"stream_name":"stdout","time":5824.845902594,"data":"样本变换：none\n"}
,{"stream_name":"stdout","time":5829.994658125,"data":"未过滤\t未用伪标签：63.53% -\u003e 使用伪标签：60.23%\n"}
,{"stream_name":"stdout","time":5829.994692152,"data":"已过滤\t未用伪标签：63.31% -\u003e 使用伪标签：61.05%\n"}
,{"stream_name":"stdout","time":5829.994709318,"data":"排除样本：80|6000\t剩余：2186, 1417, 2317\n"}
,{"stream_name":"stdout","time":5829.994715584,"data":"增添样本：953\t\t细则：100, 853, 0\t正确率估算：99.37%\n"}
,{"stream_name":"stdout","time":5829.994721494,"data":"类型1 正确率： 100.00% -\u003e 1  100.00%, 2    0.00%, 3    0.00%\n"}
,{"stream_name":"stdout","time":5829.994727375,"data":"类型2 正确率：  32.00% -\u003e 1    0.00%, 2   31.80%, 3   68.20%\n"}
,{"stream_name":"stdout","time":5829.994733172,"data":"类型3 正确率：  50.00% -\u003e 1    9.35%, 2   40.37%, 3   50.28%\n"}
,{"stream_name":"stdout","time":5829.994739094,"data":"\n"}
,{"stream_name":"stdout","time":5829.994744397,"data":"被排除样本 正确率：80.00%\n"}
,{"stream_name":"stdout","time":5829.994772574,"data":"类型1 正确率：  93.00% -\u003e 1   92.75%, 2    7.25%\n"}
,{"stream_name":"stdout","time":5829.994780776,"data":"类型2 正确率：   0.00% -\u003e 1  100.00%, 2    0.00%\n"}
,{"stream_name":"stdout","time":5829.994787085,"data":"\n"}
,{"stream_name":"stdout","time":5829.994792332,"data":"\n"}
,{"stream_name":"stdout","time":5842.689299693,"data":"轮次:··6/·20 || c_Loss:0.367 || e_Loss:-1.639 || Aad_Loss:-28.280 || 耗时：33.62s\n"}
,{"stream_name":"stdout","time":5855.500406855,"data":"轮次:··7/·20 || c_Loss:0.382 || e_Loss:-1.631 || Aad_Loss:-25.609 || 耗时：12.81s\n"}
,{"stream_name":"stdout","time":5868.36589597,"data":"轮次:··8/·20 || c_Loss:0.362 || e_Loss:-0.817 || Aad_Loss:-27.791 || 耗时：12.87s\n"}
,{"stream_name":"stdout","time":5881.266868239,"data":"轮次:··9/·20 || c_Loss:0.362 || e_Loss:-1.486 || Aad_Loss:-28.030 || 耗时：12.90s\n"}
,{"stream_name":"stdout","time":5894.114793299,"data":"轮次:·10/·20 || c_Loss:0.369 || e_Loss:-1.559 || Aad_Loss:-27.493 || 耗时：12.85s\n"}
,{"stream_name":"stdout","time":5900.106636508,"data":"任务: (B2)N15_M07_F10→(B3)N15_M07_F04; mix批次:····0; 批次:··940/·1880;  总正确率: 61.45%\n"}
,{"stream_name":"stdout","time":5900.106681723,"data":"类型1 正确率： 100.00% -\u003e 1  100.00%, 2    0.00%, 3    0.00%\n"}
,{"stream_name":"stdout","time":5900.106704006,"data":"类型2 正确率：  34.00% -\u003e 1    0.00%, 2   34.35%, 3   65.65%\n"}
,{"stream_name":"stdout","time":5900.106710689,"data":"类型3 正确率：  50.00% -\u003e 1    8.70%, 2   41.30%, 3   50.00%\n"}
,{"stream_name":"stdout","time":5900.106717025,"data":"\n"}
,{"stream_name":"stdout","time":5900.10672279,"data":"\n"}
,{"stream_name":"stdout","time":5900.15152414,"data":"样本变换：reverse\n"}
,{"stream_name":"stdout","time":5903.422867871,"data":"样本变换：mask\n"}
,{"stream_name":"stdout","time":5906.705855494,"data":"样本变换：shift\n"}
,{"stream_name":"stdout","time":5909.962821675,"data":"样本变换：none\n"}
,{"stream_name":"stdout","time":5915.142806282,"data":"未过滤\t未用伪标签：61.45% -\u003e 使用伪标签：60.45%\n"}
,{"stream_name":"stdout","time":5915.142844579,"data":"已过滤\t未用伪标签：61.40% -\u003e 使用伪标签：61.05%\n"}
,{"stream_name":"stdout","time":5915.142849992,"data":"排除样本：59|6000\t剩余：2212, 1411, 2318\n"}
,{"stream_name":"stdout","time":5915.142854407,"data":"增添样本：961\t\t细则：92, 869, 0\t正确率估算：99.17%\n"}
,{"stream_name":"stdout","time":5915.142858357,"data":"类型1 正确率： 100.00% -\u003e 1  100.00%, 2    0.00%, 3    0.00%\n"}
,{"stream_name":"stdout","time":5915.142863327,"data":"类型2 正确率：  32.00% -\u003e 1    0.00%, 2   32.24%, 3   67.76%\n"}
,{"stream_name":"stdout","time":5915.142883512,"data":"类型3 正确率：  50.00% -\u003e 1   10.62%, 2   39.28%, 3   50.10%\n"}
,{"stream_name":"stdout","time":5915.142889593,"data":"\n"}
,{"stream_name":"stdout","time":5915.142895274,"data":"被排除样本 正确率：66.10%\n"}
,{"stream_name":"stdout","time":5915.142901075,"data":"类型1 正确率：  71.00% -\u003e 1   70.91%, 2   29.09%\n"}
,{"stream_name":"stdout","time":5915.142906572,"data":"类型2 正确率：   0.00% -\u003e 1  100.00%, 2    0.00%\n"}
,{"stream_name":"stdout","time":5915.142911745,"data":"\n"}
,{"stream_name":"stdout","time":5915.142916577,"data":"\n"}
,{"stream_name":"stdout","time":5927.832220263,"data":"轮次:·11/·20 || c_Loss:0.389 || e_Loss:-0.810 || Aad_Loss:-29.546 || 耗时：33.72s\n"}
,{"stream_name":"stdout","time":5940.622434539,"data":"轮次:·12/·20 || c_Loss:0.339 || e_Loss:-1.128 || Aad_Loss:-27.186 || 耗时：12.79s\n"}
,{"stream_name":"stdout","time":5953.444049374,"data":"轮次:·13/·20 || c_Loss:0.359 || e_Loss:-1.577 || Aad_Loss:-27.283 || 耗时：12.82s\n"}
,{"stream_name":"stdout","time":5966.263843852,"data":"轮次:·14/·20 || c_Loss:0.359 || e_Loss:-1.578 || Aad_Loss:-28.130 || 耗时：12.82s\n"}
,{"stream_name":"stdout","time":5979.104514595,"data":"轮次:·15/·20 || c_Loss:0.366 || e_Loss:-1.674 || Aad_Loss:-27.390 || 耗时：12.84s\n"}
,{"stream_name":"stdout","time":5985.121787584,"data":"任务: (B2)N15_M07_F10→(B3)N15_M07_F04; mix批次:····0; 批次:·1410/·1880;  总正确率: 62.43%\n"}
,{"stream_name":"stdout","time":5985.121835516,"data":"类型1 正确率： 100.00% -\u003e 1  100.00%, 2    0.00%, 3    0.00%\n"}
,{"stream_name":"stdout","time":5985.121842394,"data":"类型2 正确率：  37.00% -\u003e 1    0.00%, 2   37.30%, 3   62.70%\n"}
,{"stream_name":"stdout","time":5985.12184642,"data":"类型3 正确率：  50.00% -\u003e 1    8.20%, 2   41.80%, 3   50.00%\n"}
,{"stream_name":"stdout","time":5985.121864281,"data":"\n"}
,{"stream_name":"stdout","time":5985.121867199,"data":"\n"}
,{"stream_name":"stdout","time":5985.163624145,"data":"样本变换：reverse\n"}
,{"stream_name":"stdout","time":5988.429849995,"data":"样本变换：mask\n"}
,{"stream_name":"stdout","time":5991.739603112,"data":"样本变换：shift\n"}
,{"stream_name":"stdout","time":5995.032807712,"data":"样本变换：none\n"}
,{"stream_name":"stdout","time":6000.119512765,"data":"未过滤\t未用伪标签：62.43% -\u003e 使用伪标签：61.35%\n"}
,{"stream_name":"stdout","time":6000.119562457,"data":"已过滤\t未用伪标签：62.46% -\u003e 使用伪标签：61.89%\n"}
,{"stream_name":"stdout","time":6000.119570694,"data":"排除样本：52|6000\t剩余：2202, 1472, 2274\n"}
,{"stream_name":"stdout","time":6000.119575825,"data":"增添样本：823\t\t细则：57, 766, 0\t正确率估算：99.64%\n"}
,{"stream_name":"stdout","time":6000.119580642,"data":"类型1 正确率： 100.00% -\u003e 1  100.00%, 2    0.00%, 3    0.00%\n"}
,{"stream_name":"stdout","time":6000.119585354,"data":"类型2 正确率：  35.00% -\u003e 1    0.00%, 2   34.83%, 3   65.17%\n"}
,{"stream_name":"stdout","time":6000.119590203,"data":"类型3 正确率：  50.00% -\u003e 1   10.14%, 2   39.69%, 3   50.18%\n"}
,{"stream_name":"stdout","time":6000.11959641,"data":"\n"}
,{"stream_name":"stdout","time":6000.119604487,"data":"被排除样本 正确率：59.62%\n"}
,{"stream_name":"stdout","time":6000.119607679,"data":"类型1 正确率：  69.00% -\u003e 1   68.89%, 2   31.11%\n"}
,{"stream_name":"stdout","time":6000.119610769,"data":"类型2 正确率：   0.00% -\u003e 1  100.00%, 2    0.00%\n"}
,{"stream_name":"stdout","time":6000.119613824,"data":"\n"}
,{"stream_name":"stdout","time":6000.119616757,"data":"\n"}
,{"stream_name":"stdout","time":6012.851126471,"data":"轮次:·16/·20 || c_Loss:0.352 || e_Loss:-1.576 || Aad_Loss:-29.825 || 耗时：33.75s\n"}
,{"stream_name":"stdout","time":6025.643919763,"data":"轮次:·17/·20 || c_Loss:0.356 || e_Loss:-0.854 || Aad_Loss:-30.541 || 耗时：12.79s\n"}
,{"stream_name":"stdout","time":6038.409085889,"data":"轮次:·18/·20 || c_Loss:0.360 || e_Loss:-1.642 || Aad_Loss:-27.153 || 耗时：12.77s\n"}
,{"stream_name":"stdout","time":6051.186706235,"data":"轮次:·19/·20 || c_Loss:0.354 || e_Loss:-1.638 || Aad_Loss:-27.798 || 耗时：12.78s\n"}
,{"stream_name":"stdout","time":6063.990475047,"data":"轮次:·20/·20 || c_Loss:0.342 || e_Loss:-0.855 || Aad_Loss:-28.766 || 耗时：12.80s\n"}
,{"stream_name":"stdout","time":6069.954396162,"data":"任务: (B2)N15_M07_F10→(B3)N15_M07_F04; mix批次:····0; 批次:·1880/·1880;  总正确率: 63.33%\n"}
,{"stream_name":"stdout","time":6069.954427649,"data":"类型1 正确率： 100.00% -\u003e 1  100.00%, 2    0.00%, 3    0.00%\n"}
,{"stream_name":"stdout","time":6069.954434545,"data":"类型2 正确率：  40.00% -\u003e 1    0.00%, 2   40.00%, 3   60.00%\n"}
,{"stream_name":"stdout","time":6069.954440047,"data":"类型3 正确率：  50.00% -\u003e 1    9.00%, 2   41.00%, 3   50.00%\n"}
,{"stream_name":"stdout","time":6069.954445624,"data":"\n"}
,{"stream_name":"stdout","time":6069.95445058,"data":"\n"}
,{"stream_name":"stdout","time":6075.909667823,"data":"测试集任务: (B2)N15_M07_F10→(B3)N15_M07_F04; 总正确率 = 63.33%\n"}
,{"stream_name":"stdout","time":6075.909696356,"data":"类型1 正确率： 100.00% -\u003e 1  100.00%, 2    0.00%, 3    0.00%\n"}
,{"stream_name":"stdout","time":6075.90970126,"data":"类型2 正确率：  40.00% -\u003e 1    0.00%, 2   40.00%, 3   60.00%\n"}
,{"stream_name":"stdout","time":6075.90971614,"data":"类型3 正确率：  50.00% -\u003e 1    9.00%, 2   41.00%, 3   50.00%\n"}
,{"stream_name":"stdout","time":6075.909719166,"data":"\n"}
,{"stream_name":"stdout","time":6075.909721554,"data":"\n"}
,{"stream_name":"stdout","time":6075.940616944,"data":"[tar_adaptation_RES_PU.py --folder_root /kaggle/working/m2rep/reps1/sdalr_PU_final_checkpoint/DATA_foldB --seed 1 --class_num 3 --data_name PU_M1_L3 --output /kaggle/working/m2rep/reps1/weight_PU_M1_final_checkpoint_FAtoB_gatepcv_s1 --s 1 --t 2 --lr 0.0005 --threshold 0.4 --K 0.6] 358s\n"}
,{"stream_name":"stdout","time":6075.978138977,"data":"读取源域路径：/kaggle/working/m2rep/reps1/weight_PU_M1_final_checkpoint_FAtoB_gatepcv_s1/NEW_PU/Source-源域/log\u0026pt/(B3)N15_M07_F04\n"}
,{"stream_name":"stdout","time":6075.978160515,"data":"excel输出位置：/kaggle/working/m2rep/reps1/weight_PU_M1_final_checkpoint_FAtoB_gatepcv_s1/NEW_PU/Target-目标域\n"}
,{"stream_name":"stdout","time":6075.978166597,"data":"特征图片输出位置：/kaggle/working/m2rep/reps1/weight_PU_M1_final_checkpoint_FAtoB_gatepcv_s1/NEW_PU/Picture-特征图/2026年09月15日16时57分/(B3)N15_M07_F04\n"}
,{"stream_name":"stderr","time":6076.013734472,"data":"/usr/local/lib/python3.12/dist-packages/torch/nn/utils/weight_norm.py:144: FutureWarning: `torch.nn.utils.weight_norm` is deprecated in favor of `torch.nn.utils.parametrizations.weight_norm`.\n"}
,{"stream_name":"stderr","time":6076.013767327,"data":"  WeightNorm.apply(module, name, dim)\n"}
,{"stream_name":"stdout","time":6076.051471006,"data":"现在选取:(B3)N15_M07_F04 进行训练的源模型\n"}
,{"stream_name":"stdout","time":6076.051487696,"data":"现在进行：(B3)N15_M07_F04→(B1)N15_M01_F10 的迁移任务\n"}
,{"stream_name":"stdout","time":6076.051510678,"data":"log\u0026pt输出位置：/kaggle/working/m2rep/reps1/weight_PU_M1_final_checkpoint_FAtoB_gatepcv_s1/NEW_PU/Target-目标域/log\u0026pt/(B3)N15_M07_F04→(B1)N15_M01_F10\n"}
,{"stream_name":"stderr","time":6076.052845691,"data":"sh: 1: Syntax error: word unexpected (expecting \")\")\n"}
,{"stream_name":"stdout","time":6087.375845864,"data":"任务: (B3)N15_M07_F04→(B1)N15_M01_F10; 批次:····0/·1880;  总正确率: 49.57%\n"}
,{"stream_name":"stdout","time":6087.375886018,"data":"类型1 正确率：  44.00% -\u003e 1   44.25%, 2   55.25%, 3    0.50%\n"}
,{"stream_name":"stdout","time":6087.375893028,"data":"类型2 正确率：  57.00% -\u003e 1    0.00%, 2   56.95%, 3   43.05%\n"}
,{"stream_name":"stdout","time":6087.375900002,"data":"类型3 正确率：  48.00% -\u003e 1    0.00%, 2   52.50%, 3   47.50%\n"}
,{"stream_name":"stdout","time":6087.375908074,"data":"\n"}
,{"stream_name":"stdout","time":6087.375911331,"data":"\n"}
,{"stream_name":"stdout","time":6087.376526598,"data":"样本变换：reverse\n"}
,{"stream_name":"stdout","time":6090.603818396,"data":"样本变换：mask\n"}
,{"stream_name":"stdout","time":6093.891859054,"data":"样本变换：shift\n"}
,{"stream_name":"stdout","time":6097.174781645,"data":"样本变换：none\n"}
,{"stream_name":"stdout","time":6103.024646124,"data":"未过滤\t未用伪标签：49.57% -\u003e 使用伪标签：42.32%\n"}
,{"stream_name":"stdout","time":6103.024687313,"data":"已过滤\t未用伪标签：48.44% -\u003e 使用伪标签：43.74%\n"}
,{"stream_name":"stdout","time":6103.024692678,"data":"排除样本：195|6000\t剩余：775, 3000, 2030\n"}
,{"stream_name":"stdout","time":6103.024696164,"data":"增添样本：3669\t\t细则：2231, 0, 1438\t正确率估算：90.03%\n"}
,{"stream_name":"stdout","time":6103.024710616,"data":"类型1 正确率：  39.00% -\u003e 1   39.15%, 2   60.85%, 3    0.00%\n"}
,{"stream_name":"stdout","time":6103.02473044,"data":"类型2 正确率：  43.00% -\u003e 1    0.32%, 2   42.81%, 3   56.86%\n"}
,{"stream_name":"stdout","time":6103.024734857,"data":"类型3 正确率：  49.00% -\u003e 1    0.00%, 2   50.88%, 3   49.12%\n"}
,{"stream_name":"stdout","time":6103.024738422,"data":"\n"}
,{"stream_name":"stdout","time":6103.024741643,"data":"被排除样本 正确率：83.08%\n"}
,{"stream_name":"stdout","time":6103.024745059,"data":"类型1 正确率：  89.00% -\u003e 1   88.89%, 2   11.11%, 3    0.00%\n"}
,{"stream_name":"stdout","time":6103.024748609,"data":"类型2 正确率：  87.00% -\u003e 1    0.00%, 2   86.67%, 3   13.33%\n"}
,{"stream_name":"stdout","time":6103.024752509,"data":"类型3 正确率：   0.00% -\u003e 1    0.00%, 2  100.00%, 3    0.00%\n"}
,{"stream_name":"stdout","time":6103.024774393,"data":"\n"}
,{"stream_name":"stdout","time":6103.024780446,"data":"\n"}
,{"stream_name":"stdout","time":6116.000546431,"data":"轮次:··1/·20 || c_Loss:0.520 || e_Loss:-1.615 || Aad_Loss:-17.300 || 耗时：34.48s\n"}
,{"stream_name":"stdout","time":6128.891154101,"data":"轮次:··2/·20 || c_Loss:0.417 || e_Loss:-1.630 || Aad_Loss:-24.508 || 耗时：12.89s\n"}
,{"stream_name":"stdout","time":6141.653662967,"data":"轮次:··3/·20 || c_Loss:0.407 || e_Loss:-1.550 || Aad_Loss:-25.338 || 耗时：12.76s\n"}
,{"stream_name":"stdout","time":6154.459995453,"data":"轮次:··4/·20 || c_Loss:0.449 || e_Loss:-1.642 || Aad_Loss:-24.116 || 耗时：12.81s\n"}
,{"stream_name":"stdout","time":6167.166390596,"data":"轮次:··5/·20 || c_Loss:0.477 || e_Loss:-1.502 || Aad_Loss:-24.034 || 耗时：12.71s\n"}
,{"stream_name":"stdout","time":6173.111824809,"data":"任务: (B3)N15_M07_F04→(B1)N15_M01_F10; mix批次:····0; 批次:··470/·1880;  总正确率: 47.05%\n"}
,{"stream_name":"stdout","time":6173.111858946,"data":"类型1 正确率：  34.00% -\u003e 1   33.85%, 2   66.15%, 3    0.00%\n"}
,{"stream_name":"stdout","time":6173.111867288,"data":"类型2 正确率：  57.00% -\u003e 1    3.50%, 2   57.35%, 3   39.15%\n"}
,{"stream_name":"stdout","time":6173.111874125,"data":"类型3 正确率：  50.00% -\u003e 1    0.00%, 2   50.05%, 3   49.95%\n"}
,{"stream_name":"stdout","time":6173.111881408,"data":"\n"}
,{"stream_name":"stdout","time":6173.111887219,"data":"\n"}
,{"stream_name":"stdout","time":6173.145170363,"data":"样本变换：reverse\n"}
,{"stream_name":"stdout","time":6176.384817257,"data":"样本变换：mask\n"}
,{"stream_name":"stdout","time":6179.655836495,"data":"样本变换：shift\n"}
,{"stream_name":"stdout","time":6182.955816652,"data":"样本变换：none\n"}
,{"stream_name":"stderr","time":6188.569593238,"data":"/kaggle/working/m2rep/reps1/sdalr_PU_final_checkpoint/tools.py:413: RuntimeWarning: invalid value encountered in divide\n"}
,{"stream_name":"stderr","time":6188.56964103,"data":"  per_class_acc = conf_matrix.diagonal() / conf_matrix.sum(axis=1) * 100\n"}
,{"stream_name":"stdout","time":6188.569923891,"data":"未过滤\t未用伪标签：47.05% -\u003e 使用伪标签：41.38%\n"}
,{"stream_name":"stdout","time":6188.569938769,"data":"已过滤\t未用伪标签：46.58% -\u003e 使用伪标签：42.23%\n"}
,{"stream_name":"stdout","time":6188.56994404,"data":"排除样本：120|6000\t剩余：730, 3158, 1992\n"}
,{"stream_name":"stdout","time":6188.569948979,"data":"增添样本：3706\t\t细则：2496, 0, 1210\t正确率估算：92.36%\n"}
,{"stream_name":"stdout","time":6188.569954371,"data":"类型1 正确率：  33.00% -\u003e 1   33.12%, 2   66.88%, 3    0.00%\n"}
,{"stream_name":"stdout","time":6188.569959427,"data":"类型2 正确率：  44.00% -\u003e 1    3.62%, 2   43.65%, 3   52.74%\n"}
,{"stream_name":"stdout","time":6188.569984058,"data":"类型3 正确率：  50.00% -\u003e 1    0.00%, 2   50.00%, 3   50.00%\n"}
,{"stream_name":"stdout","time":6188.570002361,"data":"\n"}
,{"stream_name":"stdout","time":6188.570006535,"data":"被排除样本 正确率：70.00%\n"}
,{"stream_name":"stdout","time":6188.570010823,"data":"类型1 正确率： 100.00% -\u003e 1  100.00%, 2    0.00%, 3    0.00%\n"}
,{"stream_name":"stdout","time":6188.570015353,"data":"类型2 正确率：  70.00% -\u003e 1   10.08%, 2   69.75%, 3   20.17%\n"}
,{"stream_name":"stdout","time":6188.570019587,"data":"类型3 没有样本或未被分类。\n"}
,{"stream_name":"stdout","time":6188.570023275,"data":"\n"}
,{"stream_name":"stdout","time":6188.570026703,"data":"\n"}
,{"stream_name":"stdout","time":6201.329619358,"data":"轮次:··6/·20 || c_Loss:0.394 || e_Loss:-1.719 || Aad_Loss:-25.945 || 耗时：34.16s\n"}
,{"stream_name":"stdout","time":6214.196670815,"data":"轮次:··7/·20 || c_Loss:0.376 || e_Loss:-1.504 || Aad_Loss:-32.113 || 耗时：12.87s\n"}
,{"stream_name":"stdout","time":6227.104032766,"data":"轮次:··8/·20 || c_Loss:0.403 || e_Loss:-1.697 || Aad_Loss:-32.284 || 耗时：12.91s\n"}
,{"stream_name":"stdout","time":6240.015433619,"data":"轮次:··9/·20 || c_Loss:0.400 || e_Loss:-1.572 || Aad_Loss:-30.204 || 耗时：12.91s\n"}
,{"stream_name":"stdout","time":6252.865643152,"data":"轮次:·10/·20 || c_Loss:0.354 || e_Loss:-1.708 || Aad_Loss:-29.212 || 耗时：12.85s\n"}
,{"stream_name":"stdout","time":6258.816028693,"data":"任务: (B3)N15_M07_F04→(B1)N15_M01_F10; mix批次:····0; 批次:··940/·1880;  总正确率: 42.33%\n"}
,{"stream_name":"stdout","time":6258.816072375,"data":"类型1 正确率：  33.00% -\u003e 1   33.00%, 2   67.00%, 3    0.00%\n"}
,{"stream_name":"stdout","time":6258.816080616,"data":"类型2 正确率：  44.00% -\u003e 1    0.05%, 2   44.00%, 3   55.95%\n"}
,{"stream_name":"stdout","time":6258.816087203,"data":"类型3 正确率：  50.00% -\u003e 1    0.00%, 2   50.00%, 3   50.00%\n"}
,{"stream_name":"stdout","time":6258.816106387,"data":"\n"}
,{"stream_name":"stdout","time":6258.816112036,"data":"\n"}
,{"stream_name":"stdout","time":6258.8628237,"data":"样本变换：reverse\n"}
,{"stream_name":"stdout","time":6262.133827275,"data":"样本变换：mask\n"}
,{"stream_name":"stdout","time":6265.405861017,"data":"样本变换：shift\n"}
,{"stream_name":"stdout","time":6268.668740835,"data":"样本变换：none\n"}
,{"stream_name":"stderr","time":6274.098002632,"data":"/kaggle/working/m2rep/reps1/sdalr_PU_final_checkpoint/tools.py:413: RuntimeWarning: invalid value encountered in divide\n"}
,{"stream_name":"stderr","time":6274.098046737,"data":"  per_class_acc = conf_matrix.diagonal() / conf_matrix.sum(axis=1) * 100\n"}
,{"stream_name":"stdout","time":6274.098163755,"data":"未过滤\t未用伪标签：42.33% -\u003e 使用伪标签：40.18%\n"}
,{"stream_name":"stdout","time":6274.098176633,"data":"已过滤\t未用伪标签：41.95% -\u003e 使用伪标签：40.46%\n"}
,{"stream_name":"stdout","time":6274.098182554,"data":"排除样本：41|6000\t剩余：660, 3091, 2208\n"}
,{"stream_name":"stdout","time":6274.098190487,"data":"增添样本：3316\t\t细则：2431, 0, 885\t正确率估算：98.45%\n"}
,{"stream_name":"stdout","time":6274.098199046,"data":"类型1 正确率：  33.00% -\u003e 1   33.00%, 2   67.00%, 3    0.00%\n"}
,{"stream_name":"stdout","time":6274.098203026,"data":"类型2 正确率：  38.00% -\u003e 1    0.00%, 2   38.34%, 3   61.66%\n"}
,{"stream_name":"stdout","time":6274.098206781,"data":"类型3 正确率：  50.00% -\u003e 1    0.00%, 2   50.00%, 3   50.00%\n"}
,{"stream_name":"stdout","time":6274.098239069,"data":"\n"}
,{"stream_name":"stdout","time":6274.098244219,"data":"被排除样本 正确率：97.56%\n"}
,{"stream_name":"stdout","time":6274.098248999,"data":"类型1 正确率：  98.00% -\u003e 1   97.56%, 2    2.44%\n"}
,{"stream_name":"stdout","time":6274.098253776,"data":"类型2 没有样本或未被分类。\n"}
,{"stream_name":"stdout","time":6274.098258922,"data":"\n"}
,{"stream_name":"stdout","time":6274.09826341,"data":"\n"}
,{"stream_name":"stdout","time":6286.727174758,"data":"轮次:·11/·20 || c_Loss:0.382 || e_Loss:-0.658 || Aad_Loss:-37.685 || 耗时：33.86s\n"}
,{"stream_name":"stdout","time":6299.519303948,"data":"轮次:·12/·20 || c_Loss:0.359 || e_Loss:-1.725 || Aad_Loss:-32.882 || 耗时：12.79s\n"}
,{"stream_name":"stdout","time":6312.38251796,"data":"轮次:·13/·20 || c_Loss:0.390 || e_Loss:-0.856 || Aad_Loss:-30.543 || 耗时：12.86s\n"}
,{"stream_name":"stdout","time":6325.212589457,"data":"轮次:·14/·20 || c_Loss:0.367 || e_Loss:-1.744 || Aad_Loss:-36.867 || 耗时：12.83s\n"}
,{"stream_name":"stdout","time":6338.107717059,"data":"轮次:·15/·20 || c_Loss:0.381 || e_Loss:-1.622 || Aad_Loss:-29.914 || 耗时：12.90s\n"}
,{"stream_name":"stdout","time":6344.136426238,"data":"任务: (B3)N15_M07_F04→(B1)N15_M01_F10; mix批次:····0; 批次:·1410/·1880;  总正确率: 39.03%\n"}
,{"stream_name":"stdout","time":6344.136456445,"data":"类型1 正确率：  33.00% -\u003e 1   33.00%, 2   67.00%, 3    0.00%\n"}
,{"stream_name":"stdout","time":6344.136463972,"data":"类型2 正确率：  34.00% -\u003e 1    0.00%, 2   34.10%, 3   65.90%\n"}
,{"stream_name":"stdout","time":6344.13647037,"data":"类型3 正确率：  50.00% -\u003e 1    0.00%, 2   50.00%, 3   50.00%\n"}
,{"stream_name":"stdout","time":6344.136476623,"data":"\n"}
,{"stream_name":"stdout","time":6344.136481679,"data":"\n"}
,{"stream_name":"stdout","time":6344.184412027,"data":"样本变换：reverse\n"}
,{"stream_name":"stdout","time":6347.456840917,"data":"样本变换：mask\n"}
,{"stream_name":"stdout","time":6350.749818689,"data":"样本变换：shift\n"}
,{"stream_name":"stdout","time":6354.027911341,"data":"样本变换：none\n"}
,{"stream_name":"stderr","time":6359.360586027,"data":"/usr/local/lib/python3.12/dist-packages/sklearn/metrics/_classification.py:407: UserWarning: A single label was found in 'y_true' and 'y_pred'. For the confusion matrix to have the correct shape, use the 'labels' parameter to pass all known labels.\n"}
,{"stream_name":"stderr","time":6359.360629029,"data":"  warnings.warn(\n"}
,{"stream_name":"stdout","time":6359.360632185,"data":"未过滤\t未用伪标签：39.03% -\u003e 使用伪标签：38.72%\n"}
,{"stream_name":"stdout","time":6359.360645296,"data":"已过滤\t未用伪标签：38.99% -\u003e 使用伪标签：38.74%\n"}
,{"stream_name":"stdout","time":6359.360651406,"data":"排除样本：4|6000\t剩余：660, 3003, 2333\n"}
,{"stream_name":"stdout","time":6359.360657093,"data":"增添样本：3013\t\t细则：2343, 0, 670\t正确率估算：99.85%\n"}
,{"stream_name":"stdout","time":6359.360662697,"data":"类型1 正确率：  33.00% -\u003e 1   33.00%, 2   67.00%, 3    0.00%\n"}
,{"stream_name":"stdout","time":6359.360667883,"data":"类型2 正确率：  33.00% -\u003e 1    0.00%, 2   33.22%, 3   66.78%\n"}
,{"stream_name":"stdout","time":6359.360673562,"data":"类型3 正确率：  50.00% -\u003e 1    0.00%, 2   50.00%, 3   50.00%\n"}
,{"stream_name":"stdout","time":6359.360678526,"data":"\n"}
,{"stream_name":"stdout","time":6359.360684662,"data":"被排除样本 正确率：100.00%\n"}
,{"stream_name":"stdout","time":6359.360693769,"data":"类型1 正确率： 100.00% -\u003e 1  100.00%\n"}
,{"stream_name":"stdout","time":6359.360715293,"data":"\n"}
,{"stream_name":"stdout","time":6359.360718021,"data":"\n"}
,{"stream_name":"stdout","time":6372.032099179,"data":"轮次:·16/·20 || c_Loss:0.365 || e_Loss:-0.841 || Aad_Loss:-38.204 || 耗时：33.92s\n"}
,{"stream_name":"stdout","time":6384.75246166,"data":"轮次:·17/·20 || c_Loss:0.387 || e_Loss:-0.815 || Aad_Loss:-38.056 || 耗时：12.72s\n"}
,{"stream_name":"stdout","time":6397.466339409,"data":"轮次:·18/·20 || c_Loss:0.378 || e_Loss:-0.932 || Aad_Loss:-33.232 || 耗时：12.71s\n"}
,{"stream_name":"stdout","time":6410.229181554,"data":"轮次:·19/·20 || c_Loss:0.379 || e_Loss:-0.962 || Aad_Loss:-33.355 || 耗时：12.76s\n"}
,{"stream_name":"stdout","time":6423.050634538,"data":"轮次:·20/·20 || c_Loss:0.384 || e_Loss:-1.399 || Aad_Loss:-35.311 || 耗时：12.82s\n"}
,{"stream_name":"stdout","time":6429.05202268,"data":"任务: (B3)N15_M07_F04→(B1)N15_M01_F10; mix批次:····0; 批次:·1880/·1880;  总正确率: 38.67%\n"}
,{"stream_name":"stdout","time":6429.052087739,"data":"类型1 正确率：  33.00% -\u003e 1   33.00%, 2   67.00%, 3    0.00%\n"}
,{"stream_name":"stdout","time":6429.052096615,"data":"类型2 正确率：  33.00% -\u003e 1    0.00%, 2   33.00%, 3   67.00%\n"}
,{"stream_name":"stdout","time":6429.052102813,"data":"类型3 正确率：  50.00% -\u003e 1    0.00%, 2   50.00%, 3   50.00%\n"}
,{"stream_name":"stdout","time":6429.052108563,"data":"\n"}
,{"stream_name":"stdout","time":6429.052113896,"data":"\n"}
,{"stream_name":"stdout","time":6435.030285561,"data":"测试集任务: (B3)N15_M07_F04→(B1)N15_M01_F10; 总正确率 = 38.67%\n"}
,{"stream_name":"stdout","time":6435.030323314,"data":"类型1 正确率：  33.00% -\u003e 1   33.00%, 2   67.00%, 3    0.00%\n"}
,{"stream_name":"stdout","time":6435.030332076,"data":"类型2 正确率：  33.00% -\u003e 1    0.00%, 2   33.00%, 3   67.00%\n"}
,{"stream_name":"stdout","time":6435.030337897,"data":"类型3 正确率：  50.00% -\u003e 1    0.00%, 2   50.00%, 3   50.00%\n"}
,{"stream_name":"stdout","time":6435.030343741,"data":"\n"}
,{"stream_name":"stdout","time":6435.030350812,"data":"\n"}
,{"stream_name":"stdout","time":6435.061122345,"data":"[tar_adaptation_RES_PU.py --folder_root /kaggle/working/m2rep/reps1/sdalr_PU_final_checkpoint/DATA_foldB --seed 1 --class_num 3 --data_name PU_M1_L3 --output /kaggle/working/m2rep/reps1/weight_PU_M1_final_checkpoint_FAtoB_gatepcv_s1 --s 2 --t 0 --lr 0.0005 --threshold 0.4 --K 0.6] 359s\n"}
,{"stream_name":"stdout","time":6435.100923695,"data":"读取源域路径：/kaggle/working/m2rep/reps1/weight_PU_M1_final_checkpoint_FAtoB_gatepcv_s1/NEW_PU/Source-源域/log\u0026pt/(B3)N15_M07_F04\n"}
,{"stream_name":"stdout","time":6435.100949417,"data":"excel输出位置：/kaggle/working/m2rep/reps1/weight_PU_M1_final_checkpoint_FAtoB_gatepcv_s1/NEW_PU/Target-目标域\n"}
,{"stream_name":"stdout","time":6435.101903184,"data":"特征图片输出位置：/kaggle/working/m2rep/reps1/weight_PU_M1_final_checkpoint_FAtoB_gatepcv_s1/NEW_PU/Picture-特征图/2026年09月15日17时03分/(B3)N15_M07_F04\n"}
,{"stream_name":"stderr","time":6435.142465529,"data":"/usr/local/lib/python3.12/dist-packages/torch/nn/utils/weight_norm.py:144: FutureWarning: `torch.nn.utils.weight_norm` is deprecated in favor of `torch.nn.utils.parametrizations.weight_norm`.\n"}
,{"stream_name":"stderr","time":6435.142496295,"data":"  WeightNorm.apply(module, name, dim)\n"}
,{"stream_name":"stdout","time":6435.185794436,"data":"现在选取:(B3)N15_M07_F04 进行训练的源模型\n"}
,{"stream_name":"stdout","time":6435.185818941,"data":"现在进行：(B3)N15_M07_F04→(B2)N15_M07_F10 的迁移任务\n"}
,{"stream_name":"stdout","time":6435.185826276,"data":"log\u0026pt输出位置：/kaggle/working/m2rep/reps1/weight_PU_M1_final_checkpoint_FAtoB_gatepcv_s1/NEW_PU/Target-目标域/log\u0026pt/(B3)N15_M07_F04→(B2)N15_M07_F10\n"}
,{"stream_name":"stderr","time":6435.187309234,"data":"sh: 1: Syntax error: word unexpected (expecting \")\")\n"}
,{"stream_name":"stdout","time":6446.498246763,"data":"任务: (B3)N15_M07_F04→(B2)N15_M07_F10; 批次:····0/·1880;  总正确率: 48.17%\n"}
,{"stream_name":"stdout","time":6446.498292323,"data":"类型1 正确率：  41.00% -\u003e 1   41.05%, 2   58.45%, 3    0.50%\n"}
,{"stream_name":"stdout","time":6446.498300892,"data":"类型2 正确率：  54.00% -\u003e 1    0.00%, 2   54.30%, 3   45.70%\n"}
,{"stream_name":"stdout","time":6446.498306901,"data":"类型3 正确率：  49.00% -\u003e 1    0.00%, 2   50.85%, 3   49.15%\n"}
,{"stream_name":"stdout","time":6446.498313392,"data":"\n"}
,{"stream_name":"stdout","time":6446.498317977,"data":"\n"}
,{"stream_name":"stdout","time":6446.498956811,"data":"样本变换：reverse\n"}
,{"stream_name":"stdout","time":6449.753827323,"data":"样本变换：mask\n"}
,{"stream_name":"stdout","time":6453.063634159,"data":"样本变换：shift\n"}
,{"stream_name":"stdout","time":6456.354823565,"data":"样本变换：none\n"}
,{"stream_name":"stdout","time":6462.159285592,"data":"未过滤\t未用伪标签：48.17% -\u003e 使用伪标签：40.25%\n"}
,{"stream_name":"stdout","time":6462.159338842,"data":"已过滤\t未用伪标签：47.47% -\u003e 使用伪标签：41.15%\n"}
,{"stream_name":"stdout","time":6462.159346729,"data":"排除样本：131|6000\t剩余：662, 3089, 2118\n"}
,{"stream_name":"stdout","time":6462.159352062,"data":"增添样本：3843\t\t细则：2427, 0, 1416\t正确率估算：89.89%\n"}
,{"stream_name":"stdout","time":6462.159357241,"data":"类型1 正确率：  33.00% -\u003e 1   33.30%, 2   66.70%, 3    0.00%\n"}
,{"stream_name":"stdout","time":6462.159362339,"data":"类型2 正确率：  40.00% -\u003e 1    0.00%, 2   40.35%, 3   59.65%\n"}
,{"stream_name":"stdout","time":6462.159370208,"data":"类型3 正确率：  50.00% -\u003e 1    0.00%, 2   50.25%, 3   49.75%\n"}
,{"stream_name":"stdout","time":6462.159373696,"data":"\n"}
,{"stream_name":"stdout","time":6462.159377018,"data":"被排除样本 正确率：79.39%\n"}
,{"stream_name":"stdout","time":6462.159380793,"data":"类型1 正确率：  83.00% -\u003e 1   83.33%, 2   16.67%, 3    0.00%\n"}
,{"stream_name":"stdout","time":6462.159384307,"data":"类型2 正确率：  83.00% -\u003e 1    0.00%, 2   83.49%, 3   16.51%\n"}
,{"stream_name":"stdout","time":6462.159387566,"data":"类型3 正确率：  30.00% -\u003e 1    0.00%, 2   70.00%, 3   30.00%\n"}
,{"stream_name":"stdout","time":6462.159390896,"data":"\n"}
,{"stream_name":"stdout","time":6462.159393958,"data":"\n"}
,{"stream_name":"stdout","time":6475.082731828,"data":"轮次:··1/·20 || c_Loss:0.595 || e_Loss:-1.617 || Aad_Loss:-22.093 || 耗时：34.45s\n"}
,{"stream_name":"stdout","time":6487.920959086,"data":"轮次:··2/·20 || c_Loss:0.451 || e_Loss:-1.665 || Aad_Loss:-23.675 || 耗时：12.84s\n"}
,{"stream_name":"stdout","time":6500.666995427,"data":"轮次:··3/·20 || c_Loss:0.445 || e_Loss:-1.636 || Aad_Loss:-25.344 || 耗时：12.75s\n"}
,{"stream_name":"stdout","time":6513.478168867,"data":"轮次:··4/·20 || c_Loss:0.376 || e_Loss:-1.462 || Aad_Loss:-29.423 || 耗时：12.81s\n"}
,{"stream_name":"stdout","time":6526.188728629,"data":"轮次:··5/·20 || c_Loss:0.413 || e_Loss:-1.511 || Aad_Loss:-25.322 || 耗时：12.71s\n"}
,{"stream_name":"stdout","time":6532.148524512,"data":"任务: (B3)N15_M07_F04→(B2)N15_M07_F10; mix批次:····0; 批次:··470/·1880;  总正确率: 43.22%\n"}
,{"stream_name":"stdout","time":6532.148581454,"data":"类型1 正确率：  33.00% -\u003e 1   33.00%, 2   67.00%, 3    0.00%\n"}
,{"stream_name":"stdout","time":6532.148586915,"data":"类型2 正确率：  47.00% -\u003e 1    0.60%, 2   46.80%, 3   52.60%\n"}
,{"stream_name":"stdout","time":6532.148589942,"data":"类型3 正确率：  50.00% -\u003e 1    0.00%, 2   50.15%, 3   49.85%\n"}
,{"stream_name":"stdout","time":6532.148592722,"data":"\n"}
,{"stream_name":"stdout","time":6532.148595337,"data":"\n"}
,{"stream_name":"stdout","time":6532.182617973,"data":"样本变换：reverse\n"}
,{"stream_name":"stdout","time":6535.448853838,"data":"样本变换：mask\n"}
,{"stream_name":"stdout","time":6538.719839574,"data":"样本变换：shift\n"}
,{"stream_name":"stdout","time":6541.987799911,"data":"样本变换：none\n"}
,{"stream_name":"stderr","time":6547.627526546,"data":"/kaggle/working/m2rep/reps1/sdalr_PU_final_checkpoint/tools.py:413: RuntimeWarning: invalid value encountered in divide\n"}
,{"stream_name":"stderr","time":6547.627585228,"data":"  per_class_acc = conf_matrix.diagonal() / conf_matrix.sum(axis=1) * 100\n"}
,{"stream_name":"stdout","time":6547.627680414,"data":"未过滤\t未用伪标签：43.22% -\u003e 使用伪标签：41.62%\n"}
,{"stream_name":"stdout","time":6547.627704608,"data":"已过滤\t未用伪标签：42.93% -\u003e 使用伪标签：42.32%\n"}
,{"stream_name":"stdout","time":6547.627711231,"data":"排除样本：100|6000\t剩余：664, 3181, 2055\n"}
,{"stream_name":"stdout","time":6547.627716832,"data":"增添样本：3798\t\t细则：2521, 0, 1277\t正确率估算：98.81%\n"}
,{"stream_name":"stdout","time":6547.627729768,"data":"类型1 正确率：  33.00% -\u003e 1   33.00%, 2   67.00%, 3    0.00%\n"}
,{"stream_name":"stdout","time":6547.627736042,"data":"类型2 正确率：  44.00% -\u003e 1    0.21%, 2   44.16%, 3   55.63%\n"}
,{"stream_name":"stdout","time":6547.627741601,"data":"类型3 正确率：  50.00% -\u003e 1    0.00%, 2   50.10%, 3   49.90%\n"}
,{"stream_name":"stdout","time":6547.62776807,"data":"\n"}
,{"stream_name":"stdout","time":6547.62777642,"data":"被排除样本 正确率：60.00%\n"}
,{"stream_name":"stdout","time":6547.627782536,"data":"类型1 没有样本或未被分类。\n"}
,{"stream_name":"stdout","time":6547.627788419,"data":"类型2 正确率：  60.00% -\u003e 1    2.00%, 2   60.00%, 3   38.00%\n"}
,{"stream_name":"stdout","time":6547.627794383,"data":"类型3 没有样本或未被分类。\n"}
,{"stream_name":"stdout","time":6547.627800218,"data":"\n"}
,{"stream_name":"stdout","time":6547.627808791,"data":"\n"}
,{"stream_name":"stdout","time":6560.358506873,"data":"轮次:··6/·20 || c_Loss:0.364 || e_Loss:-1.742 || Aad_Loss:-29.825 || 耗时：34.17s\n"}
,{"stream_name":"stdout","time":6573.185708325,"data":"轮次:··7/·20 || c_Loss:0.385 || e_Loss:-1.548 || Aad_Loss:-28.850 || 耗时：12.83s\n"}
,{"stream_name":"stdout","time":6586.003440508,"data":"轮次:··8/·20 || c_Loss:0.347 || e_Loss:-1.761 || Aad_Loss:-29.280 || 耗时：12.82s\n"}
,{"stream_name":"stdout","time":6598.855790608,"data":"轮次:··9/·20 || c_Loss:0.353 || e_Loss:-1.695 || Aad_Loss:-33.098 || 耗时：12.85s\n"}
,{"stream_name":"stdout","time":6611.738308794,"data":"轮次:·10/·20 || c_Loss:0.357 || e_Loss:-1.670 || Aad_Loss:-29.180 || 耗时：12.88s\n"}
,{"stream_name":"stdout","time":6617.754445747,"data":"任务: (B3)N15_M07_F04→(B2)N15_M07_F10; mix批次:····0; 批次:··940/·1880;  总正确率: 47.37%\n"}
,{"stream_name":"stdout","time":6617.754504486,"data":"类型1 正确率：  33.00% -\u003e 1   33.00%, 2   67.00%, 3    0.00%\n"}
,{"stream_name":"stdout","time":6617.754523126,"data":"类型2 正确率：  59.00% -\u003e 1    0.00%, 2   59.25%, 3   40.75%\n"}
,{"stream_name":"stdout","time":6617.754528139,"data":"类型3 正确率：  50.00% -\u003e 1    0.00%, 2   50.15%, 3   49.85%\n"}
,{"stream_name":"stdout","time":6617.754532827,"data":"\n"}
,{"stream_name":"stdout","time":6617.754536903,"data":"\n"}
,{"stream_name":"stdout","time":6617.800126829,"data":"样本变换：reverse\n"}
,{"stream_name":"stdout","time":6621.07582833,"data":"样本变换：mask\n"}
,{"stream_name":"stdout","time":6624.373424049,"data":"样本变换：shift\n"}
,{"stream_name":"stdout","time":6627.651813488,"data":"样本变换：none\n"}
,{"stream_name":"stderr","time":6633.604874055,"data":"/kaggle/working/m2rep/reps1/sdalr_PU_final_checkpoint/tools.py:413: RuntimeWarning: invalid value encountered in divide\n"}
,{"stream_name":"stderr","time":6633.604924413,"data":"  per_class_acc = conf_matrix.diagonal() / conf_matrix.sum(axis=1) * 100\n"}
,{"stream_name":"stdout","time":6633.605089169,"data":"未过滤\t未用伪标签：47.37% -\u003e 使用伪标签：46.98%\n"}
,{"stream_name":"stdout","time":6633.6051014,"data":"已过滤\t未用伪标签：47.41% -\u003e 使用伪标签：47.43%\n"}
,{"stream_name":"stdout","time":6633.605107437,"data":"排除样本：56|6000\t剩余：660, 3503, 1781\n"}
,{"stream_name":"stdout","time":6633.605113008,"data":"增添样本：4568\t\t细则：2843, 0, 1725\t正确率估算：98.95%\n"}
,{"stream_name":"stdout","time":6633.60511872,"data":"类型1 正确率：  33.00% -\u003e 1   33.00%, 2   67.00%, 3    0.00%\n"}
,{"stream_name":"stdout","time":6633.605124723,"data":"类型2 正确率：  60.00% -\u003e 1    0.00%, 2   59.72%, 3   40.28%\n"}
,{"stream_name":"stdout","time":6633.605130935,"data":"类型3 正确率：  50.00% -\u003e 1    0.00%, 2   50.10%, 3   49.90%\n"}
,{"stream_name":"stdout","time":6633.605137808,"data":"\n"}
,{"stream_name":"stdout","time":6633.60514384,"data":"被排除样本 正确率：42.86%\n"}
,{"stream_name":"stdout","time":6633.605149404,"data":"类型1 正确率：  43.00% -\u003e 1   42.86%, 2   57.14%\n"}
,{"stream_name":"stdout","time":6633.605155492,"data":"类型2 没有样本或未被分类。\n"}
,{"stream_name":"stdout","time":6633.605160855,"data":"\n"}
,{"stream_name":"stdout","time":6633.605166084,"data":"\n"}
,{"stream_name":"stdout","time":6646.342194259,"data":"轮次:·11/·20 || c_Loss:0.362 || e_Loss:-0.837 || Aad_Loss:-32.015 || 耗时：34.60s\n"}
,{"stream_name":"stdout","time":6659.186075305,"data":"轮次:·12/·20 || c_Loss:0.360 || e_Loss:-1.784 || Aad_Loss:-33.481 || 耗时：12.84s\n"}
,{"stream_name":"stdout","time":6671.996031829,"data":"轮次:·13/·20 || c_Loss:0.376 || e_Loss:-0.827 || Aad_Loss:-33.710 || 耗时：12.81s\n"}
,{"stream_name":"stdout","time":6684.837574981,"data":"轮次:·14/·20 || c_Loss:0.411 || e_Loss:-0.702 || Aad_Loss:-35.738 || 耗时：12.84s\n"}
,{"stream_name":"stdout","time":6697.748071497,"data":"轮次:·15/·20 || c_Loss:0.389 || e_Loss:-1.677 || Aad_Loss:-33.248 || 耗时：12.91s\n"}
,{"stream_name":"stdout","time":6703.793426916,"data":"任务: (B3)N15_M07_F04→(B2)N15_M07_F10; mix批次:····0; 批次:·1410/·1880;  总正确率: 47.03%\n"}
,{"stream_name":"stdout","time":6703.793612521,"data":"类型1 正确率：  33.00% -\u003e 1   33.00%, 2   67.00%, 3    0.00%\n"}
,{"stream_name":"stdout","time":6703.794464266,"data":"类型2 正确率：  58.00% -\u003e 1    0.00%, 2   58.20%, 3   41.80%\n"}
,{"stream_name":"stdout","time":6703.794484405,"data":"类型3 正确率：  50.00% -\u003e 1    0.00%, 2   50.10%, 3   49.90%\n"}
,{"stream_name":"stdout","time":6703.794488823,"data":"\n"}
,{"stream_name":"stdout","time":6703.794501293,"data":"\n"}
,{"stream_name":"stdout","time":6703.839609599,"data":"样本变换：reverse\n"}
,{"stream_name":"stdout","time":6707.100784049,"data":"样本变换：mask\n"}
,{"stream_name":"stdout","time":6710.434855379,"data":"样本变换：shift\n"}
,{"stream_name":"stdout","time":6713.751794219,"data":"样本变换：none\n"}
,{"stream_name":"stderr","time":6719.715111096,"data":"/kaggle/working/m2rep/reps1/sdalr_PU_final_checkpoint/tools.py:413: RuntimeWarning: invalid value encountered in divide\n"}
,{"stream_name":"stderr","time":6719.715170478,"data":"  per_class_acc = conf_matrix.diagonal() / conf_matrix.sum(axis=1) * 100\n"}
,{"stream_name":"stdout","time":6719.715170518,"data":"未过滤\t未用伪标签：47.03% -\u003e 使用伪标签：46.10%\n"}
,{"stream_name":"stdout","time":6719.715187896,"data":"已过滤\t未用伪标签：46.76% -\u003e 使用伪标签：46.51%\n"}
,{"stream_name":"stdout","time":6719.715194744,"data":"排除样本：53|6000\t剩余：660, 3450, 1837\n"}
,{"stream_name":"stdout","time":6719.715200334,"data":"增添样本：4405\t\t细则：2790, 0, 1615\t正确率估算：99.21%\n"}
,{"stream_name":"stdout","time":6719.715212321,"data":"类型1 正确率：  33.00% -\u003e 1   33.00%, 2   67.00%, 3    0.00%\n"}
,{"stream_name":"stdout","time":6719.715216455,"data":"类型2 正确率：  57.00% -\u003e 1    0.00%, 2   56.91%, 3   43.09%\n"}
,{"stream_name":"stdout","time":6719.715220294,"data":"类型3 正确率：  50.00% -\u003e 1    0.00%, 2   50.10%, 3   49.90%\n"}
,{"stream_name":"stdout","time":6719.715224218,"data":"\n"}
,{"stream_name":"stdout","time":6719.715227682,"data":"被排除样本 正确率：77.36%\n"}
,{"stream_name":"stdout","time":6719.715231225,"data":"类型1 正确率：  77.00% -\u003e 1   77.36%, 2   22.64%\n"}
,{"stream_name":"stdout","time":6719.715234817,"data":"类型2 没有样本或未被分类。\n"}
,{"stream_name":"stdout","time":6719.715238654,"data":"\n"}
,{"stream_name":"stdout","time":6719.715241983,"data":"\n"}
,{"stream_name":"stdout","time":6732.498338071,"data":"轮次:·16/·20 || c_Loss:0.388 || e_Loss:-0.859 || Aad_Loss:-31.188 || 耗时：34.75s\n"}
,{"stream_name":"stdout","time":6745.276010123,"data":"轮次:·17/·20 || c_Loss:0.397 || e_Loss:-0.767 || Aad_Loss:-34.833 || 耗时：12.78s\n"}
,{"stream_name":"stdout","time":6758.003798102,"data":"轮次:·18/·20 || c_Loss:0.380 || e_Loss:-0.855 || Aad_Loss:-34.492 || 耗时：12.73s\n"}
,{"stream_name":"stdout","time":6770.814615254,"data":"轮次:·19/·20 || c_Loss:0.466 || e_Loss:-0.789 || Aad_Loss:-29.993 || 耗时：12.81s\n"}
,{"stream_name":"stdout","time":6783.514926127,"data":"轮次:·20/·20 || c_Loss:0.392 || e_Loss:-1.846 || Aad_Loss:-34.480 || 耗时：12.70s\n"}
,{"stream_name":"stdout","time":6789.469153011,"data":"任务: (B3)N15_M07_F04→(B2)N15_M07_F10; mix批次:····0; 批次:·1880/·1880;  总正确率: 46.27%\n"}
,{"stream_name":"stdout","time":6789.469194992,"data":"类型1 正确率：  33.00% -\u003e 1   33.00%, 2   67.00%, 3    0.00%\n"}
,{"stream_name":"stdout","time":6789.469202992,"data":"类型2 正确率：  56.00% -\u003e 1    0.00%, 2   55.90%, 3   44.10%\n"}
,{"stream_name":"stdout","time":6789.469214264,"data":"类型3 正确率：  50.00% -\u003e 1    0.00%, 2   50.10%, 3   49.90%\n"}
,{"stream_name":"stdout","time":6789.46921836,"data":"\n"}
,{"stream_name":"stdout","time":6789.469222099,"data":"\n"}
,{"stream_name":"stdout","time":6795.399488836,"data":"测试集任务: (B3)N15_M07_F04→(B2)N15_M07_F10; 总正确率 = 46.27%\n"}
,{"stream_name":"stdout","time":6795.399534973,"data":"类型1 正确率：  33.00% -\u003e 1   33.00%, 2   67.00%, 3    0.00%\n"}
,{"stream_name":"stdout","time":6795.399556292,"data":"类型2 正确率：  56.00% -\u003e 1    0.00%, 2   55.90%, 3   44.10%\n"}
,{"stream_name":"stdout","time":6795.399561731,"data":"类型3 正确率：  50.00% -\u003e 1    0.00%, 2   50.10%, 3   49.90%\n"}
,{"stream_name":"stdout","time":6795.399566934,"data":"\n"}
,{"stream_name":"stdout","time":6795.399570833,"data":"\n"}
,{"stream_name":"stdout","time":6795.430223668,"data":"[tar_adaptation_RES_PU.py --folder_root /kaggle/working/m2rep/reps1/sdalr_PU_final_checkpoint/DATA_foldB --seed 1 --class_num 3 --data_name PU_M1_L3 --output /kaggle/working/m2rep/reps1/weight_PU_M1_final_checkpoint_FAtoB_gatepcv_s1 --s 2 --t 1 --lr 0.0005 --threshold 0.4 --K 0.6] 360s\n"}
,{"stream_name":"stdout","time":6795.46169019,"data":"{\n"}
,{"stream_name":"stdout","time":6795.461704794,"data":"  \"dataset\": \"PU_M1\",\n"}
,{"stream_name":"stdout","time":6795.461708646,"data":"  \"variant\": \"final_checkpoint\",\n"}
,{"stream_name":"stdout","time":6795.461711752,"data":"  \"seed\": 1,\n"}
,{"stream_name":"stdout","time":6795.461714491,"data":"  \"smoke\": false,\n"}
,{"stream_name":"stdout","time":6795.4617172,"data":"  \"src_fold\": \"A\",\n"}
,{"stream_name":"stdout","time":6795.461720867,"data":"  \"tgt_fold\": \"B\",\n"}
,{"stream_name":"stdout","time":6795.461746302,"data":"  \"leaky\": false,\n"}
,{"stream_name":"stdout","time":6795.461751437,"data":"  \"hyperparameters\": {\n"}
,{"stream_name":"stdout","time":6795.461755972,"data":"    \"lr\": \"0.0005\",\n"}
,{"stream_name":"stdout","time":6795.461760833,"data":"    \"threshold\": \"0.4\",\n"}
,{"stream_name":"stdout","time":6795.4617832,"data":"    \"K\": \"0.6\"\n"}
,{"stream_name":"stdout","time":6795.461790903,"data":"  },\n"}
,{"stream_name":"stdout","time":6795.461794909,"data":"  \"adapters\": [\n"}
,{"stream_name":"stdout","time":6795.461798952,"data":"    \"npz_io\",\n"}
,{"stream_name":"stdout","time":6795.46180508,"data":"    \"tsne_stub\",\n"}
,{"stream_name":"stdout","time":6795.461812706,"data":"    \"final_checkpoint_patch\"\n"}
,{"stream_name":"stdout","time":6795.461815593,"data":"  ],\n"}
,{"stream_name":"stdout","time":6795.461818518,"data":"  \"source_only\": {},\n"}
,{"stream_name":"stdout","time":6795.461821231,"data":"  \"adapted\": {\n"}
,{"stream_name":"stdout","time":6795.461823866,"data":"    \"A1-\u003eA3\": 83.33,\n"}
,{"stream_name":"stdout","time":6795.461826803,"data":"    \"A1-\u003eA2\": 82.02,\n"}
,{"stream_name":"stdout","time":6795.461829534,"data":"    \"A3-\u003eA1\": 60.98,\n"}
,{"stream_name":"stdout","time":6795.461832568,"data":"    \"A3-\u003eA2\": 63.33,\n"}
,{"stream_name":"stdout","time":6795.461835282,"data":"    \"A2-\u003eA1\": 38.67,\n"}
,{"stream_name":"stdout","time":6795.461837913,"data":"    \"A2-\u003eA3\": 46.27\n"}
,{"stream_name":"stdout","time":6795.4618415,"data":"  },\n"}
,{"stream_name":"stdout","time":6795.461858948,"data":"  \"seconds\": {\n"}
,{"stream_name":"stdout","time":6795.4618643,"data":"    \"A1-\u003eA3\": 361,\n"}
,{"stream_name":"stdout","time":6795.461868856,"data":"    \"A1-\u003eA2\": 359,\n"}
,{"stream_name":"stdout","time":6795.46187362,"data":"    \"A3-\u003eA1\": 357,\n"}
,{"stream_name":"stdout","time":6795.461878392,"data":"    \"A3-\u003eA2\": 358,\n"}
,{"stream_name":"stdout","time":6795.461882928,"data":"    \"A2-\u003eA1\": 359,\n"}
,{"stream_name":"stdout","time":6795.461886932,"data":"    \"A2-\u003eA3\": 360\n"}
,{"stream_name":"stdout","time":6795.461890902,"data":"  },\n"}
,{"stream_name":"stdout","time":6795.461894646,"data":"  \"gate_log\": {\n"}
,{"stream_name":"stdout","time":6795.461906336,"data":"    \"A1-\u003eA3\": [\n"}
,{"stream_name":"stdout","time":6795.461910407,"data":"      {\n"}
,{"stream_name":"stdout","time":6795.461914114,"data":"        \"sdalr_rejected\": 106,\n"}
,{"stream_name":"stdout","time":6795.461918101,"data":"        \"hook_rejected\": 240,\n"}
,{"stream_name":"stdout","time":6795.461922143,"data":"        \"precision_before\": 0.7594163556158806,\n"}
,{"stream_name":"stdout","time":6795.461928318,"data":"        \"precision_after\": 0.7916519278386983,\n"}
,{"stream_name":"stdout","time":6795.461936021,"data":"        \"n\": 6000\n"}
,{"stream_name":"stdout","time":6795.461938778,"data":"      },\n"}
,{"stream_name":"stdout","time":6795.461941486,"data":"      {\n"}
,{"stream_name":"stdout","time":6795.461957508,"data":"        \"sdalr_rejected\": 0,\n"}
,{"stream_name":"stdout","time":6795.461962332,"data":"        \"hook_rejected\": 0,\n"}
,{"stream_name":"stdout","time":6795.461967172,"data":"        \"precision_before\": 0.8328333333333333,\n"}
,{"stream_name":"stdout","time":6795.461971638,"data":"        \"precision_after\": 0.8328333333333333,\n"}
,{"stream_name":"stdout","time":6795.461976562,"data":"        \"n\": 6000\n"}
,{"stream_name":"stdout","time":6795.461980878,"data":"      },\n"}
,{"stream_name":"stdout","time":6795.461984663,"data":"      {\n"}
,{"stream_name":"stdout","time":6795.461988456,"data":"        \"sdalr_rejected\": 0,\n"}
,{"stream_name":"stdout","time":6795.461992354,"data":"        \"hook_rejected\": 0,\n"}
,{"stream_name":"stdout","time":6795.46199625,"data":"        \"precision_before\": 0.8333333333333334,\n"}
,{"stream_name":"stdout","time":6795.462000246,"data":"        \"precision_after\": 0.8333333333333334,\n"}
,{"stream_name":"stdout","time":6795.462004282,"data":"        \"n\": 6000\n"}
,{"stream_name":"stdout","time":6795.462008183,"data":"      },\n"}
,{"stream_name":"stdout","time":6795.462011976,"data":"      {\n"}
,{"stream_name":"stdout","time":6795.462015692,"data":"        \"sdalr_rejected\": 0,\n"}
,{"stream_name":"stdout","time":6795.462019569,"data":"        \"hook_rejected\": 0,\n"}
,{"stream_name":"stdout","time":6795.462023547,"data":"        \"precision_before\": 0.8333333333333334,\n"}
,{"stream_name":"stdout","time":6795.462027581,"data":"        \"precision_after\": 0.8333333333333334,\n"}
,{"stream_name":"stdout","time":6795.462031736,"data":"        \"n\": 6000\n"}
,{"stream_name":"stdout","time":6795.462041028,"data":"      }\n"}
,{"stream_name":"stdout","time":6795.462057561,"data":"    ],\n"}
,{"stream_name":"stdout","time":6795.462062121,"data":"    \"A1-\u003eA2\": [\n"}
,{"stream_name":"stdout","time":6795.462066888,"data":"      {\n"}
,{"stream_name":"stdout","time":6795.462071143,"data":"        \"sdalr_rejected\": 148,\n"}
,{"stream_name":"stdout","time":6795.462075986,"data":"        \"hook_rejected\": 89,\n"}
,{"stream_name":"stdout","time":6795.462080375,"data":"        \"precision_before\": 0.7956254272043746,\n"}
,{"stream_name":"stdout","time":6795.462084578,"data":"        \"precision_after\": 0.8079125455491931,\n"}
,{"stream_name":"stdout","time":6795.462088616,"data":"        \"n\": 6000\n"}
,{"stream_name":"stdout","time":6795.462092523,"data":"      },\n"}
,{"stream_name":"stdout","time":6795.462096333,"data":"      {\n"}
,{"stream_name":"stdout","time":6795.462100184,"data":"        \"sdalr_rejected\": 39,\n"}
,{"stream_name":"stdout","time":6795.462104383,"data":"        \"hook_rejected\": 95,\n"}
,{"stream_name":"stdout","time":6795.462108383,"data":"        \"precision_before\": 0.8067438349270256,\n"}
,{"stream_name":"stdout","time":6795.462116747,"data":"        \"precision_after\": 0.8198090692124105,\n"}
,{"stream_name":"stdout","time":6795.462120861,"data":"        \"n\": 6000\n"}
,{"stream_name":"stdout","time":6795.462124754,"data":"      },\n"}
,{"stream_name":"stdout","time":6795.462128538,"data":"      {\n"}
,{"stream_name":"stdout","time":6795.462134538,"data":"        \"sdalr_rejected\": 23,\n"}
,{"stream_name":"stdout","time":6795.46214236,"data":"        \"hook_rejected\": 90,\n"}
,{"stream_name":"stdout","time":6795.462159518,"data":"        \"precision_before\": 0.8119457922034465,\n"}
,{"stream_name":"stdout","time":6795.462164861,"data":"        \"precision_after\": 0.8243587565823,\n"}
,{"stream_name":"stdout","time":6795.462169472,"data":"        \"n\": 6000\n"}
,{"stream_name":"stdout","time":6795.462174442,"data":"      },\n"}
,{"stream_name":"stdout","time":6795.462178992,"data":"      {\n"}
,{"stream_name":"stdout","time":6795.462182761,"data":"        \"sdalr_rejected\": 21,\n"}
,{"stream_name":"stdout","time":6795.462188194,"data":"        \"hook_rejected\": 86,\n"}
,{"stream_name":"stdout","time":6795.462192188,"data":"        \"precision_before\": 0.8146847298879412,\n"}
,{"stream_name":"stdout","time":6795.462196179,"data":"        \"precision_after\": 0.8265739012387578,\n"}
,{"stream_name":"stdout","time":6795.462200106,"data":"        \"n\": 6000\n"}
,{"stream_name":"stdout","time":6795.462203986,"data":"      }\n"}
,{"stream_name":"stdout","time":6795.462207708,"data":"    ],\n"}
,{"stream_name":"stdout","time":6795.462211518,"data":"    \"A3-\u003eA1\": [\n"}
,{"stream_name":"stdout","time":6795.462215438,"data":"      {\n"}
,{"stream_name":"stdout","time":6795.462219156,"data":"        \"sdalr_rejected\": 157,\n"}
,{"stream_name":"stdout","time":6795.462223086,"data":"        \"hook_rejected\": 485,\n"}
,{"stream_name":"stdout","time":6795.462227066,"data":"        \"precision_before\": 0.5726510354270067,\n"}
,{"stream_name":"stdout","time":6795.462231161,"data":"        \"precision_after\": 0.6244867487868607,\n"}
,{"stream_name":"stdout","time":6795.462241363,"data":"        \"n\": 6000\n"}
,{"stream_name":"stdout","time":6795.462262432,"data":"      },\n"}
,{"stream_name":"stdout","time":6795.462267026,"data":"      {\n"}
,{"stream_name":"stdout","time":6795.462271478,"data":"        \"sdalr_rejected\": 77,\n"}
,{"stream_name":"stdout","time":6795.462276059,"data":"        \"hook_rejected\": 139,\n"}
,{"stream_name":"stdout","time":6795.462280896,"data":"        \"precision_before\": 0.6226574371095729,\n"}
,{"stream_name":"stdout","time":6795.462285445,"data":"        \"precision_after\": 0.6376210235131397,\n"}
,{"stream_name":"stdout","time":6795.462301302,"data":"        \"n\": 6000\n"}
,{"stream_name":"stdout","time":6795.462304826,"data":"      },\n"}
,{"stream_name":"stdout","time":6795.462308267,"data":"      {\n"}
,{"stream_name":"stdout","time":6795.46231161,"data":"        \"sdalr_rejected\": 19,\n"}
,{"stream_name":"stdout","time":6795.462315115,"data":"        \"hook_rejected\": 16,\n"}
,{"stream_name":"stdout","time":6795.462318657,"data":"        \"precision_before\": 0.6166192944323692,\n"}
,{"stream_name":"stdout","time":6795.462322224,"data":"        \"precision_after\": 0.6182732606873428,\n"}
,{"stream_name":"stdout","time":6795.462325838,"data":"        \"n\": 6000\n"}
,{"stream_name":"stdout","time":6795.462329349,"data":"      },\n"}
,{"stream_name":"stdout","time":6795.462332745,"data":"      {\n"}
,{"stream_name":"stdout","time":6795.462336273,"data":"        \"sdalr_rejected\": 1,\n"}
,{"stream_name":"stdout","time":6795.462348868,"data":"        \"hook_rejected\": 0,\n"}
,{"stream_name":"stdout","time":6795.462363959,"data":"        \"precision_before\": 0.6101016836139357,\n"}
,{"stream_name":"stdout","time":6795.462368271,"data":"        \"precision_after\": 0.6101016836139357,\n"}
,{"stream_name":"stdout","time":6795.46237244,"data":"        \"n\": 6000\n"}
,{"stream_name":"stdout","time":6795.462376768,"data":"      }\n"}
,{"stream_name":"stdout","time":6795.462380601,"data":"    ],\n"}
,{"stream_name":"stdout","time":6795.462384042,"data":"    \"A3-\u003eA2\": [\n"}
,{"stream_name":"stdout","time":6795.462387716,"data":"      {\n"}
,{"stream_name":"stdout","time":6795.462391159,"data":"        \"sdalr_rejected\": 154,\n"}
,{"stream_name":"stdout","time":6795.462394689,"data":"        \"hook_rejected\": 115,\n"}
,{"stream_name":"stdout","time":6795.462398295,"data":"        \"precision_before\": 0.61871365035922,\n"}
,{"stream_name":"stdout","time":6795.462401848,"data":"        \"precision_after\": 0.6311289478276042,\n"}
,{"stream_name":"stdout","time":6795.462405472,"data":"        \"n\": 6000\n"}
,{"stream_name":"stdout","time":6795.462408953,"data":"      },\n"}
,{"stream_name":"stdout","time":6795.462412317,"data":"      {\n"}
,{"stream_name":"stdout","time":6795.462415728,"data":"        \"sdalr_rejected\": 80,\n"}
,{"stream_name":"stdout","time":6795.462419357,"data":"        \"hook_rejected\": 111,\n"}
,{"stream_name":"stdout","time":6795.462422914,"data":"        \"precision_before\": 0.610472972972973,\n"}
,{"stream_name":"stdout","time":6795.462426528,"data":"        \"precision_after\": 0.6221380616285075,\n"}
,{"stream_name":"stdout","time":6795.462430316,"data":"        \"n\": 6000\n"}
,{"stream_name":"stdout","time":6795.462435625,"data":"      },\n"}
,{"stream_name":"stdout","time":6795.462442296,"data":"      {\n"}
,{"stream_name":"stdout","time":6795.462445474,"data":"        \"sdalr_rejected\": 59,\n"}
,{"stream_name":"stdout","time":6795.462470982,"data":"        \"hook_rejected\": 101,\n"}
,{"stream_name":"stdout","time":6795.462484894,"data":"        \"precision_before\": 0.6105032822757112,\n"}
,{"stream_name":"stdout","time":6795.46248891,"data":"        \"precision_after\": 0.6210616438356165,\n"}
,{"stream_name":"stdout","time":6795.462492334,"data":"        \"n\": 6000\n"}
,{"stream_name":"stdout","time":6795.462495599,"data":"      },\n"}
,{"stream_name":"stdout","time":6795.462498749,"data":"      {\n"}
,{"stream_name":"stdout","time":6795.46250188,"data":"        \"sdalr_rejected\": 52,\n"}
,{"stream_name":"stdout","time":6795.462505218,"data":"        \"hook_rejected\": 99,\n"}
,{"stream_name":"stdout","time":6795.462508589,"data":"        \"precision_before\": 0.6188634835238735,\n"}
,{"stream_name":"stdout","time":6795.46251195,"data":"        \"precision_after\": 0.62933834843563,\n"}
,{"stream_name":"stdout","time":6795.462515307,"data":"        \"n\": 6000\n"}
,{"stream_name":"stdout","time":6795.462518628,"data":"      }\n"}
,{"stream_name":"stdout","time":6795.462521783,"data":"    ],\n"}
,{"stream_name":"stdout","time":6795.462524941,"data":"    \"A2-\u003eA1\": [\n"}
,{"stream_name":"stdout","time":6795.462528217,"data":"      {\n"}
,{"stream_name":"stdout","time":6795.462531394,"data":"        \"sdalr_rejected\": 195,\n"}
,{"stream_name":"stdout","time":6795.46253475,"data":"        \"hook_rejected\": 474,\n"}
,{"stream_name":"stdout","time":6795.462538233,"data":"        \"precision_before\": 0.4373815676141258,\n"}
,{"stream_name":"stdout","time":6795.462546861,"data":"        \"precision_after\": 0.4762708685049709,\n"}
,{"stream_name":"stdout","time":6795.462564668,"data":"        \"n\": 6000\n"}
,{"stream_name":"stdout","time":6795.462569237,"data":"      },\n"}
,{"stream_name":"stdout","time":6795.462572949,"data":"      {\n"}
,{"stream_name":"stdout","time":6795.462576834,"data":"        \"sdalr_rejected\": 120,\n"}
,{"stream_name":"stdout","time":6795.462580823,"data":"        \"hook_rejected\": 112,\n"}
,{"stream_name":"stdout","time":6795.46258427,"data":"        \"precision_before\": 0.4222789115646258,\n"}
,{"stream_name":"stdout","time":6795.462588361,"data":"        \"precision_after\": 0.4304785020804438,\n"}
,{"stream_name":"stdout","time":6795.462591779,"data":"        \"n\": 6000\n"}
,{"stream_name":"stdout","time":6795.462595035,"data":"      },\n"}
,{"stream_name":"stdout","time":6795.462598225,"data":"      {\n"}
,{"stream_name":"stdout","time":6795.462601396,"data":"        \"sdalr_rejected\": 41,\n"}
,{"stream_name":"stdout","time":6795.462604679,"data":"        \"hook_rejected\": 2,\n"}
,{"stream_name":"stdout","time":6795.462607979,"data":"        \"precision_before\": 0.4045980869273368,\n"}
,{"stream_name":"stdout","time":6795.462611396,"data":"        \"precision_after\": 0.4047339264730569,\n"}
,{"stream_name":"stdout","time":6795.462614841,"data":"        \"n\": 6000\n"}
,{"stream_name":"stdout","time":6795.462618126,"data":"      },\n"}
,{"stream_name":"stdout","time":6795.462621323,"data":"      {\n"}
,{"stream_name":"stdout","time":6795.462624462,"data":"        \"sdalr_rejected\": 4,\n"}
,{"stream_name":"stdout","time":6795.462644629,"data":"        \"hook_rejected\": 0,\n"}
,{"stream_name":"stdout","time":6795.462648804,"data":"        \"precision_before\": 0.38742494996664445,\n"}
,{"stream_name":"stdout","time":6795.462653654,"data":"        \"precision_after\": 0.38742494996664445,\n"}
,{"stream_name":"stdout","time":6795.462657999,"data":"        \"n\": 6000\n"}
,{"stream_name":"stdout","time":6795.462662522,"data":"      }\n"}
,{"stream_name":"stdout","time":6795.462665965,"data":"    ],\n"}
,{"stream_name":"stdout","time":6795.46266933,"data":"    \"A2-\u003eA3\": [\n"}
,{"stream_name":"stdout","time":6795.462672813,"data":"      {\n"}
,{"stream_name":"stdout","time":6795.462676178,"data":"        \"sdalr_rejected\": 131,\n"}
,{"stream_name":"stdout","time":6795.462679737,"data":"        \"hook_rejected\": 445,\n"}
,{"stream_name":"stdout","time":6795.462683329,"data":"        \"precision_before\": 0.4114840688362583,\n"}
,{"stream_name":"stdout","time":6795.462686985,"data":"        \"precision_after\": 0.4452433628318584,\n"}
,{"stream_name":"stdout","time":6795.462690619,"data":"        \"n\": 6000\n"}
,{"stream_name":"stdout","time":6795.46269416,"data":"      },\n"}
,{"stream_name":"stdout","time":6795.462697496,"data":"      {\n"}
,{"stream_name":"stdout","time":6795.462700864,"data":"        \"sdalr_rejected\": 100,\n"}
,{"stream_name":"stdout","time":6795.462704355,"data":"        \"hook_rejected\": 155,\n"}
,{"stream_name":"stdout","time":6795.462707954,"data":"        \"precision_before\": 0.42322033898305084,\n"}
,{"stream_name":"stdout","time":6795.462711585,"data":"        \"precision_after\": 0.434638816362054,\n"}
,{"stream_name":"stdout","time":6795.462715294,"data":"        \"n\": 6000\n"}
,{"stream_name":"stdout","time":6795.462723719,"data":"      },\n"}
,{"stream_name":"stdout","time":6795.462727274,"data":"      {\n"}
,{"stream_name":"stdout","time":6795.462730811,"data":"        \"sdalr_rejected\": 56,\n"}
,{"stream_name":"stdout","time":6795.462746007,"data":"        \"hook_rejected\": 3,\n"}
,{"stream_name":"stdout","time":6795.462768372,"data":"        \"precision_before\": 0.4742597577388964,\n"}
,{"stream_name":"stdout","time":6795.462773263,"data":"        \"precision_after\": 0.47449924255175896,\n"}
,{"stream_name":"stdout","time":6795.46278018,"data":"        \"n\": 6000\n"}
,{"stream_name":"stdout","time":6795.462784575,"data":"      },\n"}
,{"stream_name":"stdout","time":6795.462788119,"data":"      {\n"}
,{"stream_name":"stdout","time":6795.462791511,"data":"        \"sdalr_rejected\": 53,\n"}
,{"stream_name":"stdout","time":6795.462795057,"data":"        \"hook_rejected\": 2,\n"}
,{"stream_name":"stdout","time":6795.462798608,"data":"        \"precision_before\": 0.46510845804607365,\n"}
,{"stream_name":"stdout","time":6795.462802263,"data":"        \"precision_after\": 0.4652649285113541,\n"}
,{"stream_name":"stdout","time":6795.46280583,"data":"        \"n\": 6000\n"}
,{"stream_name":"stdout","time":6795.46280941,"data":"      }\n"}
,{"stream_name":"stdout","time":6795.462812965,"data":"    ]\n"}
,{"stream_name":"stdout","time":6795.462816455,"data":"  },\n"}
,{"stream_name":"stdout","time":6795.462819901,"data":"  \"gate\": \"pcv\"\n"}
,{"stream_name":"stdout","time":6795.462823527,"data":"}\n"}
,{"stream_name":"stdout","time":6796.653917553,"data":"{'gate': 'pcv', 'rc': 0, 'seconds': 2161}\n"}
,{"stream_name":"stderr","time":6799.542038329,"data":"/usr/local/lib/python3.12/dist-packages/mistune.py:435: SyntaxWarning: invalid escape sequence '\\|'\n"}
,{"stream_name":"stderr","time":6799.542084097,"data":"  cells[i][c] = re.sub('\\\\\\\\\\|', '|', cell)\n"}
,{"stream_name":"stderr","time":6799.822702831,"data":"/usr/local/lib/python3.12/dist-packages/nbconvert/filters/filter_links.py:36: SyntaxWarning: invalid escape sequence '\\_'\n"}
,{"stream_name":"stderr","time":6799.82274483,"data":"  text = re.sub(r'_', '\\_', text) # Escape underscores in display text\n"}
,{"stream_name":"stderr","time":6800.571809661,"data":"[NbConvertApp] Converting notebook __script__.ipynb to html\n"}
,{"stream_name":"stderr","time":6801.457471928,"data":"[NbConvertApp] Writing 282679 bytes to __results__.html\n"}
]